rank	gene	n_regions	regions	modules	best_module_q	max_enrichment	mean_enrichment	n_regions_binding	n_regions_pheno_module	n_regions_go_invisible	n_regions_switch_active	module_roles	best_pheno_fdr	max_abs_switch_r	best_region	best_module	best_module_go	best_module_or	best_module_or_ci_low	best_module_or_ci_high	best_module_enrichment	best_module_hyper_q	best_module_q_glm	adjusted_or_ok	adjusted_ci_excludes_null	anchor_traits	anchor_kinds	anchor_max_clpp	anchor_verdict	anchor_class	anchor_splicing_led	has_anchor	eligible	gene_name
1	ENSG00000182197	2	cerebellum,putamen_basal_ganglia	M001,M006	0.028552559634254	1.2263038548752834	1.1510021510031379	2	1	0	1	abundance_only,discordant	0.036462400112186065	0.5781768520848921	putamen_basal_ganglia	M001	cellular component organization, cellular component organization or biogenesis	1.414284993562781	1.208940889201689	1.654507727286557	1.0757004471309923	0.03759213786488001	0.0020285305358717217	True	True						False	False	True	EXT1
2	ENSG00000164944	2	cerebellum,putamen_basal_ganglia	M001,M006	0.028552559634254	1.2263038548752834	1.1510021510031379	2	1	0	1	abundance_only,coupled	0.036462400112186065	0.5512402602079881	putamen_basal_ganglia	M001	cellular component organization, cellular component organization or biogenesis	1.414284993562781	1.208940889201689	1.654507727286557	1.0757004471309923	0.03759213786488001	0.0020285305358717217	True	True						False	False	True	VIRMA
3	ENSG00000119720	2	cerebellum,putamen_basal_ganglia	M001,M006	0.028552559634254	1.2263038548752834	1.1510021510031379	2	1	0	2	coupled,discordant	0.036462400112186065	0.4437889628657478	putamen_basal_ganglia	M001	cellular component organization, cellular component organization or biogenesis	1.414284993562781	1.208940889201689	1.654507727286557	1.0757004471309923	0.03759213786488001	0.0020285305358717217	True	True						False	False	True	NRDE2
4	ENSG00000135074	2	cerebellum,putamen_basal_ganglia	M001,M006	0.028552559634254	1.2263038548752834	1.1510021510031379	2	1	0	1	abundance_only,coupled	0.036462400112186065	0.3767035000504954	putamen_basal_ganglia	M001	cellular component organization, cellular component organization or biogenesis	1.414284993562781	1.208940889201689	1.654507727286557	1.0757004471309923	0.03759213786488001	0.0020285305358717217	True	True						False	False	True	ADAM19
5	ENSG00000231824	1	cerebellum	M006	0.028552559634254	1.2263038548752834	1.2263038548752834	1	1	0	1	discordant	0.036462400112186065	0.6711572355649957	cerebellum	M006	regulation of syncytium formation by plasma membrane fusion, negative regulation of myoblast fusion, negative regulation of syncytium formation by plasma membrane fusion	1.2196354512222078	0.9204792581112918	1.6160175482174188	1.2263038548752834	0.028552559634254	0.5389713671881379	True	False						False	False	True	AKAIN1
6	ENSG00000168118	1	cerebellum	M006	0.028552559634254	1.2263038548752834	1.2263038548752834	1	1	0	1	discordant	0.036462400112186065	0.6358809742072028	cerebellum	M006	regulation of syncytium formation by plasma membrane fusion, negative regulation of myoblast fusion, negative regulation of syncytium formation by plasma membrane fusion	1.2196354512222078	0.9204792581112918	1.6160175482174188	1.2263038548752834	0.028552559634254	0.5389713671881379	True	False						False	False	True	RAB4A
7	ENSG00000177700	1	cerebellum	M006	0.028552559634254	1.2263038548752834	1.2263038548752834	1	1	0	1	switch_only	0.036462400112186065	0.6277402580445363	cerebellum	M006	regulation of syncytium formation by plasma membrane fusion, negative regulation of myoblast fusion, negative regulation of syncytium formation by plasma membrane fusion	1.2196354512222078	0.9204792581112918	1.6160175482174188	1.2263038548752834	0.028552559634254	0.5389713671881379	True	False						False	False	True	POLR2L
8	ENSG00000170296	1	cerebellum	M006	0.028552559634254	1.2263038548752834	1.2263038548752834	1	1	0	1	discordant	0.036462400112186065	0.6257809576071701	cerebellum	M006	regulation of syncytium formation by plasma membrane fusion, negative regulation of myoblast fusion, negative regulation of syncytium formation by plasma membrane fusion	1.2196354512222078	0.9204792581112918	1.6160175482174188	1.2263038548752834	0.028552559634254	0.5389713671881379	True	False						False	False	True	GABARAP
9	ENSG00000129636	1	cerebellum	M006	0.028552559634254	1.2263038548752834	1.2263038548752834	1	1	0	1	discordant	0.036462400112186065	0.6163860462320797	cerebellum	M006	regulation of syncytium formation by plasma membrane fusion, negative regulation of myoblast fusion, negative regulation of syncytium formation by plasma membrane fusion	1.2196354512222078	0.9204792581112918	1.6160175482174188	1.2263038548752834	0.028552559634254	0.5389713671881379	True	False						False	False	True	ITFG1
10	ENSG00000182095	1	cerebellum	M006	0.028552559634254	1.2263038548752834	1.2263038548752834	1	1	0	1	discordant	0.036462400112186065	0.6129307775429494	cerebellum	M006	regulation of syncytium formation by plasma membrane fusion, negative regulation of myoblast fusion, negative regulation of syncytium formation by plasma membrane fusion	1.2196354512222078	0.9204792581112918	1.6160175482174188	1.2263038548752834	0.028552559634254	0.5389713671881379	True	False						False	False	True	TNRC18
11	ENSG00000130638	1	cerebellum	M006	0.028552559634254	1.2263038548752834	1.2263038548752834	1	1	0	1	discordant	0.036462400112186065	0.6128956941391855	cerebellum	M006	regulation of syncytium formation by plasma membrane fusion, negative regulation of myoblast fusion, negative regulation of syncytium formation by plasma membrane fusion	1.2196354512222078	0.9204792581112918	1.6160175482174188	1.2263038548752834	0.028552559634254	0.5389713671881379	True	False						False	False	True	ATXN10
12	ENSG00000166855	1	cerebellum	M006	0.028552559634254	1.2263038548752834	1.2263038548752834	1	1	0	1	discordant	0.036462400112186065	0.6004401621035084	cerebellum	M006	regulation of syncytium formation by plasma membrane fusion, negative regulation of myoblast fusion, negative regulation of syncytium formation by plasma membrane fusion	1.2196354512222078	0.9204792581112918	1.6160175482174188	1.2263038548752834	0.028552559634254	0.5389713671881379	True	False						False	False	True	CLPX
13	ENSG00000117592	1	cerebellum	M006	0.028552559634254	1.2263038548752834	1.2263038548752834	1	1	0	1	switch_only	0.036462400112186065	0.5961568601973809	cerebellum	M006	regulation of syncytium formation by plasma membrane fusion, negative regulation of myoblast fusion, negative regulation of syncytium formation by plasma membrane fusion	1.2196354512222078	0.9204792581112918	1.6160175482174188	1.2263038548752834	0.028552559634254	0.5389713671881379	True	False						False	False	True	PRDX6
14	ENSG00000197756	1	cerebellum	M006	0.028552559634254	1.2263038548752834	1.2263038548752834	1	1	0	1	switch_only	0.036462400112186065	0.5887608757627389	cerebellum	M006	regulation of syncytium formation by plasma membrane fusion, negative regulation of myoblast fusion, negative regulation of syncytium formation by plasma membrane fusion	1.2196354512222078	0.9204792581112918	1.6160175482174188	1.2263038548752834	0.028552559634254	0.5389713671881379	True	False						False	False	True	RPL37A
15	ENSG00000160961	1	cerebellum	M006	0.028552559634254	1.2263038548752834	1.2263038548752834	1	1	0	1	discordant	0.036462400112186065	0.5791774652099826	cerebellum	M006	regulation of syncytium formation by plasma membrane fusion, negative regulation of myoblast fusion, negative regulation of syncytium formation by plasma membrane fusion	1.2196354512222078	0.9204792581112918	1.6160175482174188	1.2263038548752834	0.028552559634254	0.5389713671881379	True	False						False	False	True	ZNF333
16	ENSG00000172809	1	cerebellum	M006	0.028552559634254	1.2263038548752834	1.2263038548752834	1	1	0	1	switch_only	0.036462400112186065	0.5728064632474401	cerebellum	M006	regulation of syncytium formation by plasma membrane fusion, negative regulation of myoblast fusion, negative regulation of syncytium formation by plasma membrane fusion	1.2196354512222078	0.9204792581112918	1.6160175482174188	1.2263038548752834	0.028552559634254	0.5389713671881379	True	False						False	False	True	RPL38
17	ENSG00000204272	1	cerebellum	M006	0.028552559634254	1.2263038548752834	1.2263038548752834	1	1	0	1	coupled	0.036462400112186065	0.561792856121591	cerebellum	M006	regulation of syncytium formation by plasma membrane fusion, negative regulation of myoblast fusion, negative regulation of syncytium formation by plasma membrane fusion	1.2196354512222078	0.9204792581112918	1.6160175482174188	1.2263038548752834	0.028552559634254	0.5389713671881379	True	False						False	False	True	NBDY
18	ENSG00000152977	1	cerebellum	M006	0.028552559634254	1.2263038548752834	1.2263038548752834	1	1	0	1	discordant	0.036462400112186065	0.5489628465495802	cerebellum	M006	regulation of syncytium formation by plasma membrane fusion, negative regulation of myoblast fusion, negative regulation of syncytium formation by plasma membrane fusion	1.2196354512222078	0.9204792581112918	1.6160175482174188	1.2263038548752834	0.028552559634254	0.5389713671881379	True	False						False	False	True	ZIC1
19	ENSG00000127540	1	cerebellum	M006	0.028552559634254	1.2263038548752834	1.2263038548752834	1	1	0	1	discordant	0.036462400112186065	0.5433518704570328	cerebellum	M006	regulation of syncytium formation by plasma membrane fusion, negative regulation of myoblast fusion, negative regulation of syncytium formation by plasma membrane fusion	1.2196354512222078	0.9204792581112918	1.6160175482174188	1.2263038548752834	0.028552559634254	0.5389713671881379	True	False						False	False	True	UQCR11
20	ENSG00000104723	1	cerebellum	M006	0.028552559634254	1.2263038548752834	1.2263038548752834	1	1	0	1	discordant	0.036462400112186065	0.5424735442729814	cerebellum	M006	regulation of syncytium formation by plasma membrane fusion, negative regulation of myoblast fusion, negative regulation of syncytium formation by plasma membrane fusion	1.2196354512222078	0.9204792581112918	1.6160175482174188	1.2263038548752834	0.028552559634254	0.5389713671881379	True	False						False	False	True	TUSC3
21	ENSG00000183291	1	cerebellum	M006	0.028552559634254	1.2263038548752834	1.2263038548752834	1	1	0	1	discordant	0.036462400112186065	0.5362860508168594	cerebellum	M006	regulation of syncytium formation by plasma membrane fusion, negative regulation of myoblast fusion, negative regulation of syncytium formation by plasma membrane fusion	1.2196354512222078	0.9204792581112918	1.6160175482174188	1.2263038548752834	0.028552559634254	0.5389713671881379	True	False						False	False	True	SELENOF
22	ENSG00000114446	1	cerebellum	M006	0.028552559634254	1.2263038548752834	1.2263038548752834	1	1	0	1	discordant	0.036462400112186065	0.5355952426912336	cerebellum	M006	regulation of syncytium formation by plasma membrane fusion, negative regulation of myoblast fusion, negative regulation of syncytium formation by plasma membrane fusion	1.2196354512222078	0.9204792581112918	1.6160175482174188	1.2263038548752834	0.028552559634254	0.5389713671881379	True	False						False	False	True	IFT57
23	ENSG00000113387	1	cerebellum	M006	0.028552559634254	1.2263038548752834	1.2263038548752834	1	1	0	1	coupled	0.036462400112186065	0.5314855737499622	cerebellum	M006	regulation of syncytium formation by plasma membrane fusion, negative regulation of myoblast fusion, negative regulation of syncytium formation by plasma membrane fusion	1.2196354512222078	0.9204792581112918	1.6160175482174188	1.2263038548752834	0.028552559634254	0.5389713671881379	True	False						False	False	True	SUB1
24	ENSG00000122873	1	cerebellum	M006	0.028552559634254	1.2263038548752834	1.2263038548752834	1	1	0	1	discordant	0.036462400112186065	0.5198674536463791	cerebellum	M006	regulation of syncytium formation by plasma membrane fusion, negative regulation of myoblast fusion, negative regulation of syncytium formation by plasma membrane fusion	1.2196354512222078	0.9204792581112918	1.6160175482174188	1.2263038548752834	0.028552559634254	0.5389713671881379	True	False						False	False	True	CISD1
25	ENSG00000132963	1	cerebellum	M006	0.028552559634254	1.2263038548752834	1.2263038548752834	1	1	0	1	discordant	0.036462400112186065	0.5091025544663308	cerebellum	M006	regulation of syncytium formation by plasma membrane fusion, negative regulation of myoblast fusion, negative regulation of syncytium formation by plasma membrane fusion	1.2196354512222078	0.9204792581112918	1.6160175482174188	1.2263038548752834	0.028552559634254	0.5389713671881379	True	False						False	False	True	POMP
26	ENSG00000255529	1	cerebellum	M006	0.028552559634254	1.2263038548752834	1.2263038548752834	1	1	0	1	discordant	0.036462400112186065	0.5072887393612678	cerebellum	M006	regulation of syncytium formation by plasma membrane fusion, negative regulation of myoblast fusion, negative regulation of syncytium formation by plasma membrane fusion	1.2196354512222078	0.9204792581112918	1.6160175482174188	1.2263038548752834	0.028552559634254	0.5389713671881379	True	False						False	False	True	POLR2M
27	ENSG00000109919	1	cerebellum	M006	0.028552559634254	1.2263038548752834	1.2263038548752834	1	1	0	1	discordant	0.036462400112186065	0.4870397787497474	cerebellum	M006	regulation of syncytium formation by plasma membrane fusion, negative regulation of myoblast fusion, negative regulation of syncytium formation by plasma membrane fusion	1.2196354512222078	0.9204792581112918	1.6160175482174188	1.2263038548752834	0.028552559634254	0.5389713671881379	True	False						False	False	True	MTCH2
28	ENSG00000104964	1	cerebellum	M006	0.028552559634254	1.2263038548752834	1.2263038548752834	1	1	0	1	discordant	0.036462400112186065	0.48082823612550907	cerebellum	M006	regulation of syncytium formation by plasma membrane fusion, negative regulation of myoblast fusion, negative regulation of syncytium formation by plasma membrane fusion	1.2196354512222078	0.9204792581112918	1.6160175482174188	1.2263038548752834	0.028552559634254	0.5389713671881379	True	False						False	False	True	TLE5
29	ENSG00000080371	1	cerebellum	M006	0.028552559634254	1.2263038548752834	1.2263038548752834	1	1	0	1	discordant	0.036462400112186065	0.48079715954789654	cerebellum	M006	regulation of syncytium formation by plasma membrane fusion, negative regulation of myoblast fusion, negative regulation of syncytium formation by plasma membrane fusion	1.2196354512222078	0.9204792581112918	1.6160175482174188	1.2263038548752834	0.028552559634254	0.5389713671881379	True	False						False	False	True	RAB21
30	ENSG00000244045	1	cerebellum	M006	0.028552559634254	1.2263038548752834	1.2263038548752834	1	1	0	1	discordant	0.036462400112186065	0.4739820916743353	cerebellum	M006	regulation of syncytium formation by plasma membrane fusion, negative regulation of myoblast fusion, negative regulation of syncytium formation by plasma membrane fusion	1.2196354512222078	0.9204792581112918	1.6160175482174188	1.2263038548752834	0.028552559634254	0.5389713671881379	True	False						False	False	True	TMEM199
31	ENSG00000109445	1	cerebellum	M006	0.028552559634254	1.2263038548752834	1.2263038548752834	1	1	0	1	discordant	0.036462400112186065	0.4733924954755492	cerebellum	M006	regulation of syncytium formation by plasma membrane fusion, negative regulation of myoblast fusion, negative regulation of syncytium formation by plasma membrane fusion	1.2196354512222078	0.9204792581112918	1.6160175482174188	1.2263038548752834	0.028552559634254	0.5389713671881379	True	False						False	False	True	ZNF330
32	ENSG00000150991	1	cerebellum	M006	0.028552559634254	1.2263038548752834	1.2263038548752834	1	1	0	1	discordant	0.036462400112186065	0.47099507966086096	cerebellum	M006	regulation of syncytium formation by plasma membrane fusion, negative regulation of myoblast fusion, negative regulation of syncytium formation by plasma membrane fusion	1.2196354512222078	0.9204792581112918	1.6160175482174188	1.2263038548752834	0.028552559634254	0.5389713671881379	True	False						False	False	True	UBC
33	ENSG00000189043	1	cerebellum	M006	0.028552559634254	1.2263038548752834	1.2263038548752834	1	1	0	1	discordant	0.036462400112186065	0.465313440604208	cerebellum	M006	regulation of syncytium formation by plasma membrane fusion, negative regulation of myoblast fusion, negative regulation of syncytium formation by plasma membrane fusion	1.2196354512222078	0.9204792581112918	1.6160175482174188	1.2263038548752834	0.028552559634254	0.5389713671881379	True	False						False	False	True	NDUFA4
34	ENSG00000104131	1	cerebellum	M006	0.028552559634254	1.2263038548752834	1.2263038548752834	1	1	0	1	discordant	0.036462400112186065	0.4635877771595488	cerebellum	M006	regulation of syncytium formation by plasma membrane fusion, negative regulation of myoblast fusion, negative regulation of syncytium formation by plasma membrane fusion	1.2196354512222078	0.9204792581112918	1.6160175482174188	1.2263038548752834	0.028552559634254	0.5389713671881379	True	False						False	False	True	EIF3J
35	ENSG00000155975	1	cerebellum	M006	0.028552559634254	1.2263038548752834	1.2263038548752834	1	1	0	1	discordant	0.036462400112186065	0.4615258779181887	cerebellum	M006	regulation of syncytium formation by plasma membrane fusion, negative regulation of myoblast fusion, negative regulation of syncytium formation by plasma membrane fusion	1.2196354512222078	0.9204792581112918	1.6160175482174188	1.2263038548752834	0.028552559634254	0.5389713671881379	True	False						False	False	True	VPS37A
36	ENSG00000132383	1	cerebellum	M006	0.028552559634254	1.2263038548752834	1.2263038548752834	1	1	0	1	discordant	0.036462400112186065	0.45718271673130995	cerebellum	M006	regulation of syncytium formation by plasma membrane fusion, negative regulation of myoblast fusion, negative regulation of syncytium formation by plasma membrane fusion	1.2196354512222078	0.9204792581112918	1.6160175482174188	1.2263038548752834	0.028552559634254	0.5389713671881379	True	False						False	False	True	RPA1
37	ENSG00000110013	1	cerebellum	M006	0.028552559634254	1.2263038548752834	1.2263038548752834	1	1	0	1	discordant	0.036462400112186065	0.4548647085994003	cerebellum	M006	regulation of syncytium formation by plasma membrane fusion, negative regulation of myoblast fusion, negative regulation of syncytium formation by plasma membrane fusion	1.2196354512222078	0.9204792581112918	1.6160175482174188	1.2263038548752834	0.028552559634254	0.5389713671881379	True	False						False	False	True	SIAE
38	ENSG00000174446	1	cerebellum	M006	0.028552559634254	1.2263038548752834	1.2263038548752834	1	1	0	1	discordant	0.036462400112186065	0.44796721544297463	cerebellum	M006	regulation of syncytium formation by plasma membrane fusion, negative regulation of myoblast fusion, negative regulation of syncytium formation by plasma membrane fusion	1.2196354512222078	0.9204792581112918	1.6160175482174188	1.2263038548752834	0.028552559634254	0.5389713671881379	True	False						False	False	True	SNAPC5
39	ENSG00000213742	1	cerebellum	M006	0.028552559634254	1.2263038548752834	1.2263038548752834	1	1	0	1	discordant	0.036462400112186065	0.44067330387892023	cerebellum	M006	regulation of syncytium formation by plasma membrane fusion, negative regulation of myoblast fusion, negative regulation of syncytium formation by plasma membrane fusion	1.2196354512222078	0.9204792581112918	1.6160175482174188	1.2263038548752834	0.028552559634254	0.5389713671881379	True	False						False	False	True	ZNF337-AS1
40	ENSG00000165443	1	cerebellum	M006	0.028552559634254	1.2263038548752834	1.2263038548752834	1	1	0	1	discordant	0.036462400112186065	0.4401860277499686	cerebellum	M006	regulation of syncytium formation by plasma membrane fusion, negative regulation of myoblast fusion, negative regulation of syncytium formation by plasma membrane fusion	1.2196354512222078	0.9204792581112918	1.6160175482174188	1.2263038548752834	0.028552559634254	0.5389713671881379	True	False						False	False	True	PHYHIPL
41	ENSG00000141741	1	cerebellum	M006	0.028552559634254	1.2263038548752834	1.2263038548752834	1	1	0	1	switch_only	0.036462400112186065	0.4261770575120913	cerebellum	M006	regulation of syncytium formation by plasma membrane fusion, negative regulation of myoblast fusion, negative regulation of syncytium formation by plasma membrane fusion	1.2196354512222078	0.9204792581112918	1.6160175482174188	1.2263038548752834	0.028552559634254	0.5389713671881379	True	False						False	False	True	MIEN1
42	ENSG00000169299	1	cerebellum	M006	0.028552559634254	1.2263038548752834	1.2263038548752834	1	1	0	1	discordant	0.036462400112186065	0.41368650225580544	cerebellum	M006	regulation of syncytium formation by plasma membrane fusion, negative regulation of myoblast fusion, negative regulation of syncytium formation by plasma membrane fusion	1.2196354512222078	0.9204792581112918	1.6160175482174188	1.2263038548752834	0.028552559634254	0.5389713671881379	True	False						False	False	True	PGM2
43	ENSG00000125304	1	cerebellum	M006	0.028552559634254	1.2263038548752834	1.2263038548752834	1	1	0	1	discordant	0.036462400112186065	0.412811201648308	cerebellum	M006	regulation of syncytium formation by plasma membrane fusion, negative regulation of myoblast fusion, negative regulation of syncytium formation by plasma membrane fusion	1.2196354512222078	0.9204792581112918	1.6160175482174188	1.2263038548752834	0.028552559634254	0.5389713671881379	True	False						False	False	True	TM9SF2
44	ENSG00000120327	1	cerebellum	M006	0.028552559634254	1.2263038548752834	1.2263038548752834	1	1	0	1	discordant	0.036462400112186065	0.40772287369748667	cerebellum	M006	regulation of syncytium formation by plasma membrane fusion, negative regulation of myoblast fusion, negative regulation of syncytium formation by plasma membrane fusion	1.2196354512222078	0.9204792581112918	1.6160175482174188	1.2263038548752834	0.028552559634254	0.5389713671881379	True	False						False	False	True	PCDHB14
45	ENSG00000189077	1	cerebellum	M006	0.028552559634254	1.2263038548752834	1.2263038548752834	1	1	0	1	switch_only	0.036462400112186065	0.4072430312319891	cerebellum	M006	regulation of syncytium formation by plasma membrane fusion, negative regulation of myoblast fusion, negative regulation of syncytium formation by plasma membrane fusion	1.2196354512222078	0.9204792581112918	1.6160175482174188	1.2263038548752834	0.028552559634254	0.5389713671881379	True	False						False	False	True	TMEM120A
46	ENSG00000185104	1	cerebellum	M006	0.028552559634254	1.2263038548752834	1.2263038548752834	1	1	0	1	coupled	0.036462400112186065	0.40669721842547557	cerebellum	M006	regulation of syncytium formation by plasma membrane fusion, negative regulation of myoblast fusion, negative regulation of syncytium formation by plasma membrane fusion	1.2196354512222078	0.9204792581112918	1.6160175482174188	1.2263038548752834	0.028552559634254	0.5389713671881379	True	False						False	False	True	FAF1
47	ENSG00000114686	1	cerebellum	M006	0.028552559634254	1.2263038548752834	1.2263038548752834	1	1	0	1	discordant	0.036462400112186065	0.39661558240356826	cerebellum	M006	regulation of syncytium formation by plasma membrane fusion, negative regulation of myoblast fusion, negative regulation of syncytium formation by plasma membrane fusion	1.2196354512222078	0.9204792581112918	1.6160175482174188	1.2263038548752834	0.028552559634254	0.5389713671881379	True	False						False	False	True	MRPL3
48	ENSG00000164405	1	cerebellum	M006	0.028552559634254	1.2263038548752834	1.2263038548752834	1	1	0	1	discordant	0.036462400112186065	0.39422970145480835	cerebellum	M006	regulation of syncytium formation by plasma membrane fusion, negative regulation of myoblast fusion, negative regulation of syncytium formation by plasma membrane fusion	1.2196354512222078	0.9204792581112918	1.6160175482174188	1.2263038548752834	0.028552559634254	0.5389713671881379	True	False						False	False	True	UQCRQ
49	ENSG00000130305	1	cerebellum	M006	0.028552559634254	1.2263038548752834	1.2263038548752834	1	1	0	1	discordant	0.036462400112186065	0.3904008575643684	cerebellum	M006	regulation of syncytium formation by plasma membrane fusion, negative regulation of myoblast fusion, negative regulation of syncytium formation by plasma membrane fusion	1.2196354512222078	0.9204792581112918	1.6160175482174188	1.2263038548752834	0.028552559634254	0.5389713671881379	True	False						False	False	True	NSUN5
50	ENSG00000146802	1	cerebellum	M006	0.028552559634254	1.2263038548752834	1.2263038548752834	1	1	0	1	discordant	0.036462400112186065	0.39011625078158507	cerebellum	M006	regulation of syncytium formation by plasma membrane fusion, negative regulation of myoblast fusion, negative regulation of syncytium formation by plasma membrane fusion	1.2196354512222078	0.9204792581112918	1.6160175482174188	1.2263038548752834	0.028552559634254	0.5389713671881379	True	False						False	False	True	TMEM168
51	ENSG00000179403	1	cerebellum	M006	0.028552559634254	1.2263038548752834	1.2263038548752834	1	1	0	1	discordant	0.036462400112186065	0.3875680243622096	cerebellum	M006	regulation of syncytium formation by plasma membrane fusion, negative regulation of myoblast fusion, negative regulation of syncytium formation by plasma membrane fusion	1.2196354512222078	0.9204792581112918	1.6160175482174188	1.2263038548752834	0.028552559634254	0.5389713671881379	True	False						False	False	True	VWA1
52	ENSG00000148842	1	cerebellum	M006	0.028552559634254	1.2263038548752834	1.2263038548752834	1	1	0	1	discordant	0.036462400112186065	0.3760112979225967	cerebellum	M006	regulation of syncytium formation by plasma membrane fusion, negative regulation of myoblast fusion, negative regulation of syncytium formation by plasma membrane fusion	1.2196354512222078	0.9204792581112918	1.6160175482174188	1.2263038548752834	0.028552559634254	0.5389713671881379	True	False	SCZ	eQTL	0.0170022813746424	expression-led (eQTL gene-level)	expression-led	False	True	True	CNNM2
53	ENSG00000187257	1	cerebellum	M006	0.028552559634254	1.2263038548752834	1.2263038548752834	1	1	0	1	discordant	0.036462400112186065	0.37121343498309833	cerebellum	M006	regulation of syncytium formation by plasma membrane fusion, negative regulation of myoblast fusion, negative regulation of syncytium formation by plasma membrane fusion	1.2196354512222078	0.9204792581112918	1.6160175482174188	1.2263038548752834	0.028552559634254	0.5389713671881379	True	False						False	False	True	RSBN1L
54	ENSG00000125870	1	cerebellum	M006	0.028552559634254	1.2263038548752834	1.2263038548752834	1	1	0	1	discordant	0.036462400112186065	0.3630214219387565	cerebellum	M006	regulation of syncytium formation by plasma membrane fusion, negative regulation of myoblast fusion, negative regulation of syncytium formation by plasma membrane fusion	1.2196354512222078	0.9204792581112918	1.6160175482174188	1.2263038548752834	0.028552559634254	0.5389713671881379	True	False						False	False	True	SNRPB2
55	ENSG00000185088	1	cerebellum	M006	0.028552559634254	1.2263038548752834	1.2263038548752834	1	1	0	1	switch_only	0.036462400112186065	0.35505264715467116	cerebellum	M006	regulation of syncytium formation by plasma membrane fusion, negative regulation of myoblast fusion, negative regulation of syncytium formation by plasma membrane fusion	1.2196354512222078	0.9204792581112918	1.6160175482174188	1.2263038548752834	0.028552559634254	0.5389713671881379	True	False						False	False	True	RPS27L
56	ENSG00000119041	1	cerebellum	M006	0.028552559634254	1.2263038548752834	1.2263038548752834	1	1	0	1	coupled	0.036462400112186065	0.3520963546917477	cerebellum	M006	regulation of syncytium formation by plasma membrane fusion, negative regulation of myoblast fusion, negative regulation of syncytium formation by plasma membrane fusion	1.2196354512222078	0.9204792581112918	1.6160175482174188	1.2263038548752834	0.028552559634254	0.5389713671881379	True	False						False	False	True	GTF3C3
57	ENSG00000167088	1	cerebellum	M006	0.028552559634254	1.2263038548752834	1.2263038548752834	1	1	0	1	coupled	0.036462400112186065	0.3513843914192329	cerebellum	M006	regulation of syncytium formation by plasma membrane fusion, negative regulation of myoblast fusion, negative regulation of syncytium formation by plasma membrane fusion	1.2196354512222078	0.9204792581112918	1.6160175482174188	1.2263038548752834	0.028552559634254	0.5389713671881379	True	False						False	False	True	SNRPD1
58	ENSG00000114541	1	cerebellum	M006	0.028552559634254	1.2263038548752834	1.2263038548752834	1	1	0	1	switch_only	0.036462400112186065	0.35009241112321826	cerebellum	M006	regulation of syncytium formation by plasma membrane fusion, negative regulation of myoblast fusion, negative regulation of syncytium formation by plasma membrane fusion	1.2196354512222078	0.9204792581112918	1.6160175482174188	1.2263038548752834	0.028552559634254	0.5389713671881379	True	False						False	False	True	FRMD4B
59	ENSG00000166275	1	cerebellum	M006	0.028552559634254	1.2263038548752834	1.2263038548752834	1	1	0	1	discordant	0.036462400112186065	0.3488982098807545	cerebellum	M006	regulation of syncytium formation by plasma membrane fusion, negative regulation of myoblast fusion, negative regulation of syncytium formation by plasma membrane fusion	1.2196354512222078	0.9204792581112918	1.6160175482174188	1.2263038548752834	0.028552559634254	0.5389713671881379	True	False						False	False	True	BORCS7
60	ENSG00000133112	1	cerebellum	M006	0.028552559634254	1.2263038548752834	1.2263038548752834	1	1	0	1	discordant	0.036462400112186065	0.3483951913428499	cerebellum	M006	regulation of syncytium formation by plasma membrane fusion, negative regulation of myoblast fusion, negative regulation of syncytium formation by plasma membrane fusion	1.2196354512222078	0.9204792581112918	1.6160175482174188	1.2263038548752834	0.028552559634254	0.5389713671881379	True	False						False	False	True	TPT1
61	ENSG00000173744	1	cerebellum	M006	0.028552559634254	1.2263038548752834	1.2263038548752834	1	1	0	1	coupled	0.036462400112186065	0.3457305670448588	cerebellum	M006	regulation of syncytium formation by plasma membrane fusion, negative regulation of myoblast fusion, negative regulation of syncytium formation by plasma membrane fusion	1.2196354512222078	0.9204792581112918	1.6160175482174188	1.2263038548752834	0.028552559634254	0.5389713671881379	True	False						False	False	True	AGFG1
62	ENSG00000161860	1	cerebellum	M006	0.028552559634254	1.2263038548752834	1.2263038548752834	1	1	0	1	switch_only	0.036462400112186065	0.3425319108027853	cerebellum	M006	regulation of syncytium formation by plasma membrane fusion, negative regulation of myoblast fusion, negative regulation of syncytium formation by plasma membrane fusion	1.2196354512222078	0.9204792581112918	1.6160175482174188	1.2263038548752834	0.028552559634254	0.5389713671881379	True	False						False	False	True	SYCE2
63	ENSG00000255561	1	cerebellum	M006	0.028552559634254	1.2263038548752834	1.2263038548752834	1	1	0	1	discordant	0.036462400112186065	0.33762380665322234	cerebellum	M006	regulation of syncytium formation by plasma membrane fusion, negative regulation of myoblast fusion, negative regulation of syncytium formation by plasma membrane fusion	1.2196354512222078	0.9204792581112918	1.6160175482174188	1.2263038548752834	0.028552559634254	0.5389713671881379	True	False						False	False	True	FDXACB1
64	ENSG00000145217	1	cerebellum	M006	0.028552559634254	1.2263038548752834	1.2263038548752834	1	1	0	1	discordant	0.036462400112186065	0.3363470913325469	cerebellum	M006	regulation of syncytium formation by plasma membrane fusion, negative regulation of myoblast fusion, negative regulation of syncytium formation by plasma membrane fusion	1.2196354512222078	0.9204792581112918	1.6160175482174188	1.2263038548752834	0.028552559634254	0.5389713671881379	True	False						False	False	True	SLC26A1
65	ENSG00000023191	1	cerebellum	M006	0.028552559634254	1.2263038548752834	1.2263038548752834	1	1	0	1	discordant	0.036462400112186065	0.3307680712475629	cerebellum	M006	regulation of syncytium formation by plasma membrane fusion, negative regulation of myoblast fusion, negative regulation of syncytium formation by plasma membrane fusion	1.2196354512222078	0.9204792581112918	1.6160175482174188	1.2263038548752834	0.028552559634254	0.5389713671881379	True	False	SCZ	sQTL	0.0242047991354466	splicing (sQTL not resolved to switch pair)	splicing-unresolved	False	True	True	RNH1
66	ENSG00000104979	1	cerebellum	M006	0.028552559634254	1.2263038548752834	1.2263038548752834	1	1	0	1	discordant	0.036462400112186065	0.32545253505561067	cerebellum	M006	regulation of syncytium formation by plasma membrane fusion, negative regulation of myoblast fusion, negative regulation of syncytium formation by plasma membrane fusion	1.2196354512222078	0.9204792581112918	1.6160175482174188	1.2263038548752834	0.028552559634254	0.5389713671881379	True	False						False	False	True	C19orf53
67	ENSG00000130311	1	cerebellum	M006	0.028552559634254	1.2263038548752834	1.2263038548752834	1	1	0	1	discordant	0.036462400112186065	0.31844855588990206	cerebellum	M006	regulation of syncytium formation by plasma membrane fusion, negative regulation of myoblast fusion, negative regulation of syncytium formation by plasma membrane fusion	1.2196354512222078	0.9204792581112918	1.6160175482174188	1.2263038548752834	0.028552559634254	0.5389713671881379	True	False						False	False	True	DDA1
68	ENSG00000183889	1	cerebellum	M006	0.028552559634254	1.2263038548752834	1.2263038548752834	1	1	0	1	discordant	0.036462400112186065	0.31546797227478507	cerebellum	M006	regulation of syncytium formation by plasma membrane fusion, negative regulation of myoblast fusion, negative regulation of syncytium formation by plasma membrane fusion	1.2196354512222078	0.9204792581112918	1.6160175482174188	1.2263038548752834	0.028552559634254	0.5389713671881379	True	False						False	False	True	NPIPA6
69	ENSG00000187134	1	cerebellum	M006	0.028552559634254	1.2263038548752834	1.2263038548752834	1	1	0	1	switch_only	0.036462400112186065	0.31516808688308984	cerebellum	M006	regulation of syncytium formation by plasma membrane fusion, negative regulation of myoblast fusion, negative regulation of syncytium formation by plasma membrane fusion	1.2196354512222078	0.9204792581112918	1.6160175482174188	1.2263038548752834	0.028552559634254	0.5389713671881379	True	False						False	False	True	AKR1C1
70	ENSG00000139180	1	cerebellum	M006	0.028552559634254	1.2263038548752834	1.2263038548752834	1	1	0	1	coupled	0.036462400112186065	0.306025383521091	cerebellum	M006	regulation of syncytium formation by plasma membrane fusion, negative regulation of myoblast fusion, negative regulation of syncytium formation by plasma membrane fusion	1.2196354512222078	0.9204792581112918	1.6160175482174188	1.2263038548752834	0.028552559634254	0.5389713671881379	True	False						False	False	True	NDUFA9
71	ENSG00000113140	1	cerebellum	M006	0.028552559634254	1.2263038548752834	1.2263038548752834	1	1	0	1	switch_only	0.036462400112186065	0.3035600484910404	cerebellum	M006	regulation of syncytium formation by plasma membrane fusion, negative regulation of myoblast fusion, negative regulation of syncytium formation by plasma membrane fusion	1.2196354512222078	0.9204792581112918	1.6160175482174188	1.2263038548752834	0.028552559634254	0.5389713671881379	True	False						False	False	True	SPARC
72	ENSG00000109680	1	cerebellum	M006	0.028552559634254	1.2263038548752834	1.2263038548752834	1	1	0	1	discordant	0.036462400112186065	0.3009931477661476	cerebellum	M006	regulation of syncytium formation by plasma membrane fusion, negative regulation of myoblast fusion, negative regulation of syncytium formation by plasma membrane fusion	1.2196354512222078	0.9204792581112918	1.6160175482174188	1.2263038548752834	0.028552559634254	0.5389713671881379	True	False						False	False	True	TBC1D19
73	ENSG00000118655	1	cerebellum	M006	0.028552559634254	1.2263038548752834	1.2263038548752834	1	1	0	1	discordant	0.036462400112186065	0.3004373090758554	cerebellum	M006	regulation of syncytium formation by plasma membrane fusion, negative regulation of myoblast fusion, negative regulation of syncytium formation by plasma membrane fusion	1.2196354512222078	0.9204792581112918	1.6160175482174188	1.2263038548752834	0.028552559634254	0.5389713671881379	True	False						False	False	True	DCLRE1B
74	ENSG00000181873	1	cerebellum	M006	0.028552559634254	1.2263038548752834	1.2263038548752834	1	1	0	1	discordant	0.036462400112186065	0.2997599559163907	cerebellum	M006	regulation of syncytium formation by plasma membrane fusion, negative regulation of myoblast fusion, negative regulation of syncytium formation by plasma membrane fusion	1.2196354512222078	0.9204792581112918	1.6160175482174188	1.2263038548752834	0.028552559634254	0.5389713671881379	True	False						False	False	True	IBA57
75	ENSG00000102898	1	cerebellum	M006	0.028552559634254	1.2263038548752834	1.2263038548752834	1	1	0	1	discordant	0.036462400112186065	0.2953830770843286	cerebellum	M006	regulation of syncytium formation by plasma membrane fusion, negative regulation of myoblast fusion, negative regulation of syncytium formation by plasma membrane fusion	1.2196354512222078	0.9204792581112918	1.6160175482174188	1.2263038548752834	0.028552559634254	0.5389713671881379	True	False						False	False	True	NUTF2
76	ENSG00000184924	1	cerebellum	M006	0.028552559634254	1.2263038548752834	1.2263038548752834	1	1	0	1	switch_only	0.036462400112186065	0.2952089394821931	cerebellum	M006	regulation of syncytium formation by plasma membrane fusion, negative regulation of myoblast fusion, negative regulation of syncytium formation by plasma membrane fusion	1.2196354512222078	0.9204792581112918	1.6160175482174188	1.2263038548752834	0.028552559634254	0.5389713671881379	True	False						False	False	True	PTRHD1
77	ENSG00000151474	1	cerebellum	M006	0.028552559634254	1.2263038548752834	1.2263038548752834	1	1	0	1	discordant	0.036462400112186065	0.2870952696316544	cerebellum	M006	regulation of syncytium formation by plasma membrane fusion, negative regulation of myoblast fusion, negative regulation of syncytium formation by plasma membrane fusion	1.2196354512222078	0.9204792581112918	1.6160175482174188	1.2263038548752834	0.028552559634254	0.5389713671881379	True	False						False	False	True	FRMD4A
78	ENSG00000173436	1	cerebellum	M006	0.028552559634254	1.2263038548752834	1.2263038548752834	1	1	0	1	discordant	0.036462400112186065	0.2813183946606506	cerebellum	M006	regulation of syncytium formation by plasma membrane fusion, negative regulation of myoblast fusion, negative regulation of syncytium formation by plasma membrane fusion	1.2196354512222078	0.9204792581112918	1.6160175482174188	1.2263038548752834	0.028552559634254	0.5389713671881379	True	False						False	False	True	MICOS10
79	ENSG00000203778	1	cerebellum	M006	0.028552559634254	1.2263038548752834	1.2263038548752834	1	1	0	1	coupled	0.036462400112186065	0.27606090950945605	cerebellum	M006	regulation of syncytium formation by plasma membrane fusion, negative regulation of myoblast fusion, negative regulation of syncytium formation by plasma membrane fusion	1.2196354512222078	0.9204792581112918	1.6160175482174188	1.2263038548752834	0.028552559634254	0.5389713671881379	True	False						False	False	True	FAM229B
80	ENSG00000170310	1	cerebellum	M006	0.028552559634254	1.2263038548752834	1.2263038548752834	1	1	0	1	discordant	0.036462400112186065	0.2745407609523282	cerebellum	M006	regulation of syncytium formation by plasma membrane fusion, negative regulation of myoblast fusion, negative regulation of syncytium formation by plasma membrane fusion	1.2196354512222078	0.9204792581112918	1.6160175482174188	1.2263038548752834	0.028552559634254	0.5389713671881379	True	False						False	False	True	STX8
81	ENSG00000136045	1	cerebellum	M006	0.028552559634254	1.2263038548752834	1.2263038548752834	1	1	0	1	discordant	0.036462400112186065	0.27284928810772757	cerebellum	M006	regulation of syncytium formation by plasma membrane fusion, negative regulation of myoblast fusion, negative regulation of syncytium formation by plasma membrane fusion	1.2196354512222078	0.9204792581112918	1.6160175482174188	1.2263038548752834	0.028552559634254	0.5389713671881379	True	False						False	False	True	PWP1
82	ENSG00000120149	1	cerebellum	M006	0.028552559634254	1.2263038548752834	1.2263038548752834	1	1	0	1	switch_only	0.036462400112186065	0.268521703078083	cerebellum	M006	regulation of syncytium formation by plasma membrane fusion, negative regulation of myoblast fusion, negative regulation of syncytium formation by plasma membrane fusion	1.2196354512222078	0.9204792581112918	1.6160175482174188	1.2263038548752834	0.028552559634254	0.5389713671881379	True	False						False	False	True	MSX2
83	ENSG00000145592	1	cerebellum	M006	0.028552559634254	1.2263038548752834	1.2263038548752834	1	1	0	1	coupled	0.036462400112186065	0.24467278975880252	cerebellum	M006	regulation of syncytium formation by plasma membrane fusion, negative regulation of myoblast fusion, negative regulation of syncytium formation by plasma membrane fusion	1.2196354512222078	0.9204792581112918	1.6160175482174188	1.2263038548752834	0.028552559634254	0.5389713671881379	True	False						False	False	True	RPL37
84	ENSG00000020426	1	cerebellum	M006	0.028552559634254	1.2263038548752834	1.2263038548752834	1	1	0	1	discordant	0.036462400112186065	0.24260405798828028	cerebellum	M006	regulation of syncytium formation by plasma membrane fusion, negative regulation of myoblast fusion, negative regulation of syncytium formation by plasma membrane fusion	1.2196354512222078	0.9204792581112918	1.6160175482174188	1.2263038548752834	0.028552559634254	0.5389713671881379	True	False						False	False	True	MNAT1
85	ENSG00000166562	1	cerebellum	M006	0.028552559634254	1.2263038548752834	1.2263038548752834	1	1	0	1	discordant	0.036462400112186065	0.24095688968264845	cerebellum	M006	regulation of syncytium formation by plasma membrane fusion, negative regulation of myoblast fusion, negative regulation of syncytium formation by plasma membrane fusion	1.2196354512222078	0.9204792581112918	1.6160175482174188	1.2263038548752834	0.028552559634254	0.5389713671881379	True	False						False	False	True	SEC11C
86	ENSG00000145388	1	cerebellum	M006	0.028552559634254	1.2263038548752834	1.2263038548752834	1	1	0	1	coupled	0.036462400112186065	0.23920512421389176	cerebellum	M006	regulation of syncytium formation by plasma membrane fusion, negative regulation of myoblast fusion, negative regulation of syncytium formation by plasma membrane fusion	1.2196354512222078	0.9204792581112918	1.6160175482174188	1.2263038548752834	0.028552559634254	0.5389713671881379	True	False						False	False	True	METTL14
87	ENSG00000236682	1	cerebellum	M006	0.028552559634254	1.2263038548752834	1.2263038548752834	1	1	0	1	switch_only	0.036462400112186065	0.2197669836642893	cerebellum	M006	regulation of syncytium formation by plasma membrane fusion, negative regulation of myoblast fusion, negative regulation of syncytium formation by plasma membrane fusion	1.2196354512222078	0.9204792581112918	1.6160175482174188	1.2263038548752834	0.028552559634254	0.5389713671881379	True	False						False	False	True	MAP3K2-DT
88	ENSG00000109158	1	cerebellum	M006	0.028552559634254	1.2263038548752834	1.2263038548752834	1	1	0	1	discordant	0.036462400112186065	0.2113004709921328	cerebellum	M006	regulation of syncytium formation by plasma membrane fusion, negative regulation of myoblast fusion, negative regulation of syncytium formation by plasma membrane fusion	1.2196354512222078	0.9204792581112918	1.6160175482174188	1.2263038548752834	0.028552559634254	0.5389713671881379	True	False						False	False	True	GABRA4
89	ENSG00000198612	1	cerebellum	M006	0.028552559634254	1.2263038548752834	1.2263038548752834	1	1	0	1	discordant	0.036462400112186065	0.20867827822439713	cerebellum	M006	regulation of syncytium formation by plasma membrane fusion, negative regulation of myoblast fusion, negative regulation of syncytium formation by plasma membrane fusion	1.2196354512222078	0.9204792581112918	1.6160175482174188	1.2263038548752834	0.028552559634254	0.5389713671881379	True	False						False	False	True	COPS8
90	ENSG00000149557	1	cerebellum	M006	0.028552559634254	1.2263038548752834	1.2263038548752834	1	1	0	0	abundance_only	0.036462400112186065	0.19764855948322177	cerebellum	M006	regulation of syncytium formation by plasma membrane fusion, negative regulation of myoblast fusion, negative regulation of syncytium formation by plasma membrane fusion	1.2196354512222078	0.9204792581112918	1.6160175482174188	1.2263038548752834	0.028552559634254	0.5389713671881379	True	False						False	False	True	FEZ1
91	ENSG00000182899	1	cerebellum	M006	0.028552559634254	1.2263038548752834	1.2263038548752834	1	1	0	0	abundance_only	0.036462400112186065	0.19731163416284161	cerebellum	M006	regulation of syncytium formation by plasma membrane fusion, negative regulation of myoblast fusion, negative regulation of syncytium formation by plasma membrane fusion	1.2196354512222078	0.9204792581112918	1.6160175482174188	1.2263038548752834	0.028552559634254	0.5389713671881379	True	False						False	False	True	RPL35A
92	ENSG00000300114	1	cerebellum	M006	0.028552559634254	1.2263038548752834	1.2263038548752834	1	1	0	0	abundance_only	0.036462400112186065	0.18967727221930977	cerebellum	M006	regulation of syncytium formation by plasma membrane fusion, negative regulation of myoblast fusion, negative regulation of syncytium formation by plasma membrane fusion	1.2196354512222078	0.9204792581112918	1.6160175482174188	1.2263038548752834	0.028552559634254	0.5389713671881379	True	False						False	False	True	ENSG00000300114
93	ENSG00000259370	1	cerebellum	M006	0.028552559634254	1.2263038548752834	1.2263038548752834	1	1	0	0	inactive	0.036462400112186065	0.18484215845256682	cerebellum	M006	regulation of syncytium formation by plasma membrane fusion, negative regulation of myoblast fusion, negative regulation of syncytium formation by plasma membrane fusion	1.2196354512222078	0.9204792581112918	1.6160175482174188	1.2263038548752834	0.028552559634254	0.5389713671881379	True	False						False	False	True	ENSG00000259370
94	ENSG00000183474	1	cerebellum	M006	0.028552559634254	1.2263038548752834	1.2263038548752834	1	1	0	0	abundance_only	0.036462400112186065	0.18286601571420827	cerebellum	M006	regulation of syncytium formation by plasma membrane fusion, negative regulation of myoblast fusion, negative regulation of syncytium formation by plasma membrane fusion	1.2196354512222078	0.9204792581112918	1.6160175482174188	1.2263038548752834	0.028552559634254	0.5389713671881379	True	False						False	False	True	GTF2H2C
95	ENSG00000106351	1	cerebellum	M006	0.028552559634254	1.2263038548752834	1.2263038548752834	1	1	0	0	abundance_only	0.036462400112186065	0.17725697776760765	cerebellum	M006	regulation of syncytium formation by plasma membrane fusion, negative regulation of myoblast fusion, negative regulation of syncytium formation by plasma membrane fusion	1.2196354512222078	0.9204792581112918	1.6160175482174188	1.2263038548752834	0.028552559634254	0.5389713671881379	True	False						False	False	True	AGFG2
96	ENSG00000099817	1	cerebellum	M006	0.028552559634254	1.2263038548752834	1.2263038548752834	1	1	0	0	abundance_only	0.036462400112186065	0.17154938196993272	cerebellum	M006	regulation of syncytium formation by plasma membrane fusion, negative regulation of myoblast fusion, negative regulation of syncytium formation by plasma membrane fusion	1.2196354512222078	0.9204792581112918	1.6160175482174188	1.2263038548752834	0.028552559634254	0.5389713671881379	True	False						False	False	True	POLR2E
97	ENSG00000197013	1	cerebellum	M006	0.028552559634254	1.2263038548752834	1.2263038548752834	1	1	0	0	abundance_only	0.036462400112186065	0.16914712847698374	cerebellum	M006	regulation of syncytium formation by plasma membrane fusion, negative regulation of myoblast fusion, negative regulation of syncytium formation by plasma membrane fusion	1.2196354512222078	0.9204792581112918	1.6160175482174188	1.2263038548752834	0.028552559634254	0.5389713671881379	True	False						False	False	True	ZNF429
98	ENSG00000197324	1	cerebellum	M006	0.028552559634254	1.2263038548752834	1.2263038548752834	1	1	0	0	abundance_only	0.036462400112186065	0.16723947110121073	cerebellum	M006	regulation of syncytium formation by plasma membrane fusion, negative regulation of myoblast fusion, negative regulation of syncytium formation by plasma membrane fusion	1.2196354512222078	0.9204792581112918	1.6160175482174188	1.2263038548752834	0.028552559634254	0.5389713671881379	True	False						False	False	True	LRP10
99	ENSG00000167315	1	cerebellum	M006	0.028552559634254	1.2263038548752834	1.2263038548752834	1	1	0	0	abundance_only	0.036462400112186065	0.16586944135377601	cerebellum	M006	regulation of syncytium formation by plasma membrane fusion, negative regulation of myoblast fusion, negative regulation of syncytium formation by plasma membrane fusion	1.2196354512222078	0.9204792581112918	1.6160175482174188	1.2263038548752834	0.028552559634254	0.5389713671881379	True	False						False	False	True	ACAA2
100	ENSG00000288759	1	cerebellum	M006	0.028552559634254	1.2263038548752834	1.2263038548752834	1	1	0	0	abundance_only	0.036462400112186065	0.15647433225406174	cerebellum	M006	regulation of syncytium formation by plasma membrane fusion, negative regulation of myoblast fusion, negative regulation of syncytium formation by plasma membrane fusion	1.2196354512222078	0.9204792581112918	1.6160175482174188	1.2263038548752834	0.028552559634254	0.5389713671881379	True	False						False	False	True	ENSG00000288759
101	ENSG00000153446	1	cerebellum	M006	0.028552559634254	1.2263038548752834	1.2263038548752834	1	1	0	0	inactive	0.036462400112186065	0.15523940600429384	cerebellum	M006	regulation of syncytium formation by plasma membrane fusion, negative regulation of myoblast fusion, negative regulation of syncytium formation by plasma membrane fusion	1.2196354512222078	0.9204792581112918	1.6160175482174188	1.2263038548752834	0.028552559634254	0.5389713671881379	True	False						False	False	True	C16orf89
102	ENSG00000151320	1	cerebellum	M006	0.028552559634254	1.2263038548752834	1.2263038548752834	1	1	0	0	abundance_only	0.036462400112186065	0.15025650350806385	cerebellum	M006	regulation of syncytium formation by plasma membrane fusion, negative regulation of myoblast fusion, negative regulation of syncytium formation by plasma membrane fusion	1.2196354512222078	0.9204792581112918	1.6160175482174188	1.2263038548752834	0.028552559634254	0.5389713671881379	True	False						False	False	True	AKAP6
103	ENSG00000253230	1	cerebellum	M006	0.028552559634254	1.2263038548752834	1.2263038548752834	1	1	0	0	abundance_only	0.036462400112186065	0.14757885374114585	cerebellum	M006	regulation of syncytium formation by plasma membrane fusion, negative regulation of myoblast fusion, negative regulation of syncytium formation by plasma membrane fusion	1.2196354512222078	0.9204792581112918	1.6160175482174188	1.2263038548752834	0.028552559634254	0.5389713671881379	True	False						False	False	True	MIR124-1HG
104	ENSG00000167674	1	cerebellum	M006	0.028552559634254	1.2263038548752834	1.2263038548752834	1	1	0	0	abundance_only	0.036462400112186065	0.14154442016054325	cerebellum	M006	regulation of syncytium formation by plasma membrane fusion, negative regulation of myoblast fusion, negative regulation of syncytium formation by plasma membrane fusion	1.2196354512222078	0.9204792581112918	1.6160175482174188	1.2263038548752834	0.028552559634254	0.5389713671881379	True	False						False	False	True	HDGFL2
105	ENSG00000177879	1	cerebellum	M006	0.028552559634254	1.2263038548752834	1.2263038548752834	1	1	0	0	abundance_only	0.036462400112186065	0.13261386221959867	cerebellum	M006	regulation of syncytium formation by plasma membrane fusion, negative regulation of myoblast fusion, negative regulation of syncytium formation by plasma membrane fusion	1.2196354512222078	0.9204792581112918	1.6160175482174188	1.2263038548752834	0.028552559634254	0.5389713671881379	True	False						False	False	True	AP3S1
106	ENSG00000240093	1	cerebellum	M006	0.028552559634254	1.2263038548752834	1.2263038548752834	1	1	0	0	inactive	0.036462400112186065	0.12640145082822715	cerebellum	M006	regulation of syncytium formation by plasma membrane fusion, negative regulation of myoblast fusion, negative regulation of syncytium formation by plasma membrane fusion	1.2196354512222078	0.9204792581112918	1.6160175482174188	1.2263038548752834	0.028552559634254	0.5389713671881379	True	False						False	False	True	ENSG00000240093
107	ENSG00000164406	1	cerebellum	M006	0.028552559634254	1.2263038548752834	1.2263038548752834	1	1	0	0	abundance_only	0.036462400112186065	0.12545181087619262	cerebellum	M006	regulation of syncytium formation by plasma membrane fusion, negative regulation of myoblast fusion, negative regulation of syncytium formation by plasma membrane fusion	1.2196354512222078	0.9204792581112918	1.6160175482174188	1.2263038548752834	0.028552559634254	0.5389713671881379	True	False						False	False	True	LEAP2
108	ENSG00000139182	1	cerebellum	M006	0.028552559634254	1.2263038548752834	1.2263038548752834	1	1	0	0	abundance_only	0.036462400112186065	0.12136807987368957	cerebellum	M006	regulation of syncytium formation by plasma membrane fusion, negative regulation of myoblast fusion, negative regulation of syncytium formation by plasma membrane fusion	1.2196354512222078	0.9204792581112918	1.6160175482174188	1.2263038548752834	0.028552559634254	0.5389713671881379	True	False						False	False	True	CLSTN3
109	ENSG00000071082	1	cerebellum	M006	0.028552559634254	1.2263038548752834	1.2263038548752834	1	1	0	0	abundance_only	0.036462400112186065	0.12027488712422942	cerebellum	M006	regulation of syncytium formation by plasma membrane fusion, negative regulation of myoblast fusion, negative regulation of syncytium formation by plasma membrane fusion	1.2196354512222078	0.9204792581112918	1.6160175482174188	1.2263038548752834	0.028552559634254	0.5389713671881379	True	False						False	False	True	RPL31
110	ENSG00000156467	1	cerebellum	M006	0.028552559634254	1.2263038548752834	1.2263038548752834	1	1	0	0	abundance_only	0.036462400112186065	0.11741398784668951	cerebellum	M006	regulation of syncytium formation by plasma membrane fusion, negative regulation of myoblast fusion, negative regulation of syncytium formation by plasma membrane fusion	1.2196354512222078	0.9204792581112918	1.6160175482174188	1.2263038548752834	0.028552559634254	0.5389713671881379	True	False						False	False	True	UQCRB
111	ENSG00000006715	1	cerebellum	M006	0.028552559634254	1.2263038548752834	1.2263038548752834	1	1	0	0	abundance_only	0.036462400112186065	0.11616838573925606	cerebellum	M006	regulation of syncytium formation by plasma membrane fusion, negative regulation of myoblast fusion, negative regulation of syncytium formation by plasma membrane fusion	1.2196354512222078	0.9204792581112918	1.6160175482174188	1.2263038548752834	0.028552559634254	0.5389713671881379	True	False						False	False	True	VPS41
112	ENSG00000137574	1	cerebellum	M006	0.028552559634254	1.2263038548752834	1.2263038548752834	1	1	0	0	abundance_only	0.036462400112186065	0.11616184398103178	cerebellum	M006	regulation of syncytium formation by plasma membrane fusion, negative regulation of myoblast fusion, negative regulation of syncytium formation by plasma membrane fusion	1.2196354512222078	0.9204792581112918	1.6160175482174188	1.2263038548752834	0.028552559634254	0.5389713671881379	True	False						False	False	True	TGS1
113	ENSG00000169715	1	cerebellum	M006	0.028552559634254	1.2263038548752834	1.2263038548752834	1	1	0	0	abundance_only	0.036462400112186065	0.10492564698590985	cerebellum	M006	regulation of syncytium formation by plasma membrane fusion, negative regulation of myoblast fusion, negative regulation of syncytium formation by plasma membrane fusion	1.2196354512222078	0.9204792581112918	1.6160175482174188	1.2263038548752834	0.028552559634254	0.5389713671881379	True	False						False	False	True	MT1E
114	ENSG00000091986	1	cerebellum	M006	0.028552559634254	1.2263038548752834	1.2263038548752834	1	1	0	0	inactive	0.036462400112186065	0.10235933571830858	cerebellum	M006	regulation of syncytium formation by plasma membrane fusion, negative regulation of myoblast fusion, negative regulation of syncytium formation by plasma membrane fusion	1.2196354512222078	0.9204792581112918	1.6160175482174188	1.2263038548752834	0.028552559634254	0.5389713671881379	True	False						False	False	True	CCDC80
115	ENSG00000101882	1	cerebellum	M006	0.028552559634254	1.2263038548752834	1.2263038548752834	1	1	0	0	abundance_only	0.036462400112186065	0.10158138700612075	cerebellum	M006	regulation of syncytium formation by plasma membrane fusion, negative regulation of myoblast fusion, negative regulation of syncytium formation by plasma membrane fusion	1.2196354512222078	0.9204792581112918	1.6160175482174188	1.2263038548752834	0.028552559634254	0.5389713671881379	True	False						False	False	True	NKAP
116	ENSG00000186468	1	cerebellum	M006	0.028552559634254	1.2263038548752834	1.2263038548752834	1	1	0	0	abundance_only	0.036462400112186065	0.09941797188342236	cerebellum	M006	regulation of syncytium formation by plasma membrane fusion, negative regulation of myoblast fusion, negative regulation of syncytium formation by plasma membrane fusion	1.2196354512222078	0.9204792581112918	1.6160175482174188	1.2263038548752834	0.028552559634254	0.5389713671881379	True	False						False	False	True	RPS23
117	ENSG00000181409	1	cerebellum	M006	0.028552559634254	1.2263038548752834	1.2263038548752834	1	1	0	0	abundance_only	0.036462400112186065	0.09099222846337426	cerebellum	M006	regulation of syncytium formation by plasma membrane fusion, negative regulation of myoblast fusion, negative regulation of syncytium formation by plasma membrane fusion	1.2196354512222078	0.9204792581112918	1.6160175482174188	1.2263038548752834	0.028552559634254	0.5389713671881379	True	False						False	False	True	AATK
118	ENSG00000132478	1	cerebellum	M006	0.028552559634254	1.2263038548752834	1.2263038548752834	1	1	0	0	abundance_only	0.036462400112186065	0.08371204341767614	cerebellum	M006	regulation of syncytium formation by plasma membrane fusion, negative regulation of myoblast fusion, negative regulation of syncytium formation by plasma membrane fusion	1.2196354512222078	0.9204792581112918	1.6160175482174188	1.2263038548752834	0.028552559634254	0.5389713671881379	True	False						False	False	True	UNK
119	ENSG00000134072	1	cerebellum	M006	0.028552559634254	1.2263038548752834	1.2263038548752834	1	1	0	0	abundance_only	0.036462400112186065	0.08362943287130642	cerebellum	M006	regulation of syncytium formation by plasma membrane fusion, negative regulation of myoblast fusion, negative regulation of syncytium formation by plasma membrane fusion	1.2196354512222078	0.9204792581112918	1.6160175482174188	1.2263038548752834	0.028552559634254	0.5389713671881379	True	False	SCZ	sQTL	0.0127297729504984	splicing (sQTL not resolved to switch pair)	splicing-unresolved	False	True	True	CAMK1
120	ENSG00000161921	1	cerebellum	M006	0.028552559634254	1.2263038548752834	1.2263038548752834	1	1	0	0	abundance_only	0.036462400112186065	0.07339179234923109	cerebellum	M006	regulation of syncytium formation by plasma membrane fusion, negative regulation of myoblast fusion, negative regulation of syncytium formation by plasma membrane fusion	1.2196354512222078	0.9204792581112918	1.6160175482174188	1.2263038548752834	0.028552559634254	0.5389713671881379	True	False						False	False	True	CXCL16
121	ENSG00000242553	1	cerebellum	M006	0.028552559634254	1.2263038548752834	1.2263038548752834	1	1	0	0	abundance_only	0.036462400112186065	0.06402820890434481	cerebellum	M006	regulation of syncytium formation by plasma membrane fusion, negative regulation of myoblast fusion, negative regulation of syncytium formation by plasma membrane fusion	1.2196354512222078	0.9204792581112918	1.6160175482174188	1.2263038548752834	0.028552559634254	0.5389713671881379	True	False						False	False	True	ENSG00000242553
122	ENSG00000088448	1	cerebellum	M006	0.028552559634254	1.2263038548752834	1.2263038548752834	1	1	0	0	abundance_only	0.036462400112186065	0.05884771363644041	cerebellum	M006	regulation of syncytium formation by plasma membrane fusion, negative regulation of myoblast fusion, negative regulation of syncytium formation by plasma membrane fusion	1.2196354512222078	0.9204792581112918	1.6160175482174188	1.2263038548752834	0.028552559634254	0.5389713671881379	True	False						False	False	True	ANKRD10
123	ENSG00000157654	1	cerebellum	M006	0.028552559634254	1.2263038548752834	1.2263038548752834	1	1	0	0	inactive	0.036462400112186065	0.05342365037882788	cerebellum	M006	regulation of syncytium formation by plasma membrane fusion, negative regulation of myoblast fusion, negative regulation of syncytium formation by plasma membrane fusion	1.2196354512222078	0.9204792581112918	1.6160175482174188	1.2263038548752834	0.028552559634254	0.5389713671881379	True	False						False	False	True	PALM2AKAP2
124	ENSG00000182873	1	cerebellum	M006	0.028552559634254	1.2263038548752834	1.2263038548752834	1	1	0	0	abundance_only	0.036462400112186065	0.05211183467519401	cerebellum	M006	regulation of syncytium formation by plasma membrane fusion, negative regulation of myoblast fusion, negative regulation of syncytium formation by plasma membrane fusion	1.2196354512222078	0.9204792581112918	1.6160175482174188	1.2263038548752834	0.028552559634254	0.5389713671881379	True	False						False	False	True	PRKCZ-AS1
125	ENSG00000100997	1	cerebellum	M006	0.028552559634254	1.2263038548752834	1.2263038548752834	1	1	0	0	abundance_only	0.036462400112186065	0.04895639528995156	cerebellum	M006	regulation of syncytium formation by plasma membrane fusion, negative regulation of myoblast fusion, negative regulation of syncytium formation by plasma membrane fusion	1.2196354512222078	0.9204792581112918	1.6160175482174188	1.2263038548752834	0.028552559634254	0.5389713671881379	True	False						False	False	True	ABHD12
126	ENSG00000109790	1	cerebellum	M006	0.028552559634254	1.2263038548752834	1.2263038548752834	1	1	0	0	inactive	0.036462400112186065	0.036716200031878955	cerebellum	M006	regulation of syncytium formation by plasma membrane fusion, negative regulation of myoblast fusion, negative regulation of syncytium formation by plasma membrane fusion	1.2196354512222078	0.9204792581112918	1.6160175482174188	1.2263038548752834	0.028552559634254	0.5389713671881379	True	False						False	False	True	KLHL5
127	ENSG00000087076	1	cerebellum	M006	0.028552559634254	1.2263038548752834	1.2263038548752834	1	1	0	0	inactive	0.036462400112186065	0.03653360825960122	cerebellum	M006	regulation of syncytium formation by plasma membrane fusion, negative regulation of myoblast fusion, negative regulation of syncytium formation by plasma membrane fusion	1.2196354512222078	0.9204792581112918	1.6160175482174188	1.2263038548752834	0.028552559634254	0.5389713671881379	True	False						False	False	True	HSD17B14
128	ENSG00000149294	1	cerebellum	M006	0.028552559634254	1.2263038548752834	1.2263038548752834	1	1	0	0	abundance_only	0.036462400112186065	0.028982529373715822	cerebellum	M006	regulation of syncytium formation by plasma membrane fusion, negative regulation of myoblast fusion, negative regulation of syncytium formation by plasma membrane fusion	1.2196354512222078	0.9204792581112918	1.6160175482174188	1.2263038548752834	0.028552559634254	0.5389713671881379	True	False						False	False	True	NCAM1
129	ENSG00000133028	1	cerebellum	M006	0.028552559634254	1.2263038548752834	1.2263038548752834	1	1	0	0	abundance_only	0.036462400112186065	0.025367315197648718	cerebellum	M006	regulation of syncytium formation by plasma membrane fusion, negative regulation of myoblast fusion, negative regulation of syncytium formation by plasma membrane fusion	1.2196354512222078	0.9204792581112918	1.6160175482174188	1.2263038548752834	0.028552559634254	0.5389713671881379	True	False						False	False	True	SCO1
130	ENSG00000235314	1	cerebellum	M006	0.028552559634254	1.2263038548752834	1.2263038548752834	1	1	0	0	abundance_only	0.036462400112186065	0.007537460398988227	cerebellum	M006	regulation of syncytium formation by plasma membrane fusion, negative regulation of myoblast fusion, negative regulation of syncytium formation by plasma membrane fusion	1.2196354512222078	0.9204792581112918	1.6160175482174188	1.2263038548752834	0.028552559634254	0.5389713671881379	True	False						False	False	True	LINC00957
131	ENSG00000083857	1	putamen_basal_ganglia	M001	0.03759213786488001	1.0757004471309923	1.0757004471309923	1	0	0	1	coupled	0.621535394693187	0.8992285274032222	putamen_basal_ganglia	M001	cellular component organization, cellular component organization or biogenesis	1.414284993562781	1.208940889201689	1.654507727286557	1.0757004471309923	0.03759213786488001	0.0020285305358717217	True	True						False	False	False	FAT1
132	ENSG00000116016	1	putamen_basal_ganglia	M001	0.03759213786488001	1.0757004471309923	1.0757004471309923	1	0	0	1	switch_only	0.621535394693187	0.896877755180214	putamen_basal_ganglia	M001	cellular component organization, cellular component organization or biogenesis	1.414284993562781	1.208940889201689	1.654507727286557	1.0757004471309923	0.03759213786488001	0.0020285305358717217	True	True						False	False	False	EPAS1
133	ENSG00000092201	1	putamen_basal_ganglia	M001	0.03759213786488001	1.0757004471309923	1.0757004471309923	1	0	0	1	coupled	0.621535394693187	0.8939803506936328	putamen_basal_ganglia	M001	cellular component organization, cellular component organization or biogenesis	1.414284993562781	1.208940889201689	1.654507727286557	1.0757004471309923	0.03759213786488001	0.0020285305358717217	True	True						False	False	False	SUPT16H
134	ENSG00000125107	1	putamen_basal_ganglia	M001	0.03759213786488001	1.0757004471309923	1.0757004471309923	1	0	0	1	coupled	0.621535394693187	0.8937729208701161	putamen_basal_ganglia	M001	cellular component organization, cellular component organization or biogenesis	1.414284993562781	1.208940889201689	1.654507727286557	1.0757004471309923	0.03759213786488001	0.0020285305358717217	True	True						False	False	False	CNOT1
135	ENSG00000153395	1	putamen_basal_ganglia	M001	0.03759213786488001	1.0757004471309923	1.0757004471309923	1	0	0	1	coupled	0.621535394693187	0.8933723982135771	putamen_basal_ganglia	M001	cellular component organization, cellular component organization or biogenesis	1.414284993562781	1.208940889201689	1.654507727286557	1.0757004471309923	0.03759213786488001	0.0020285305358717217	True	True						False	False	False	LPCAT1
136	ENSG00000144028	1	putamen_basal_ganglia	M001	0.03759213786488001	1.0757004471309923	1.0757004471309923	1	0	0	1	coupled	0.621535394693187	0.8839785344408964	putamen_basal_ganglia	M001	cellular component organization, cellular component organization or biogenesis	1.414284993562781	1.208940889201689	1.654507727286557	1.0757004471309923	0.03759213786488001	0.0020285305358717217	True	True						False	False	False	SNRNP200
137	ENSG00000036054	1	putamen_basal_ganglia	M001	0.03759213786488001	1.0757004471309923	1.0757004471309923	1	0	0	1	coupled	0.621535394693187	0.8821174507541749	putamen_basal_ganglia	M001	cellular component organization, cellular component organization or biogenesis	1.414284993562781	1.208940889201689	1.654507727286557	1.0757004471309923	0.03759213786488001	0.0020285305358717217	True	True						False	False	False	TBC1D23
138	ENSG00000164961	1	putamen_basal_ganglia	M001	0.03759213786488001	1.0757004471309923	1.0757004471309923	1	0	0	1	coupled	0.621535394693187	0.8813420561735559	putamen_basal_ganglia	M001	cellular component organization, cellular component organization or biogenesis	1.414284993562781	1.208940889201689	1.654507727286557	1.0757004471309923	0.03759213786488001	0.0020285305358717217	True	True						False	False	False	WASHC5
139	ENSG00000018625	1	putamen_basal_ganglia	M001	0.03759213786488001	1.0757004471309923	1.0757004471309923	1	0	0	1	coupled	0.621535394693187	0.8746322600157197	putamen_basal_ganglia	M001	cellular component organization, cellular component organization or biogenesis	1.414284993562781	1.208940889201689	1.654507727286557	1.0757004471309923	0.03759213786488001	0.0020285305358717217	True	True						False	False	False	ATP1A2
140	ENSG00000124422	1	putamen_basal_ganglia	M001	0.03759213786488001	1.0757004471309923	1.0757004471309923	1	0	0	1	coupled	0.621535394693187	0.8740702647319502	putamen_basal_ganglia	M001	cellular component organization, cellular component organization or biogenesis	1.414284993562781	1.208940889201689	1.654507727286557	1.0757004471309923	0.03759213786488001	0.0020285305358717217	True	True						False	False	False	USP22
141	ENSG00000134569	1	putamen_basal_ganglia	M001	0.03759213786488001	1.0757004471309923	1.0757004471309923	1	0	0	1	coupled	0.621535394693187	0.8726567931603046	putamen_basal_ganglia	M001	cellular component organization, cellular component organization or biogenesis	1.414284993562781	1.208940889201689	1.654507727286557	1.0757004471309923	0.03759213786488001	0.0020285305358717217	True	True						False	False	False	LRP4
142	ENSG00000163110	1	putamen_basal_ganglia	M001	0.03759213786488001	1.0757004471309923	1.0757004471309923	1	0	0	1	coupled	0.621535394693187	0.8711236924357227	putamen_basal_ganglia	M001	cellular component organization, cellular component organization or biogenesis	1.414284993562781	1.208940889201689	1.654507727286557	1.0757004471309923	0.03759213786488001	0.0020285305358717217	True	True						False	False	False	PDLIM5
143	ENSG00000136485	1	putamen_basal_ganglia	M001	0.03759213786488001	1.0757004471309923	1.0757004471309923	1	0	0	1	coupled	0.621535394693187	0.8659990203030883	putamen_basal_ganglia	M001	cellular component organization, cellular component organization or biogenesis	1.414284993562781	1.208940889201689	1.654507727286557	1.0757004471309923	0.03759213786488001	0.0020285305358717217	True	True						False	False	False	DCAF7
144	ENSG00000101782	1	putamen_basal_ganglia	M001	0.03759213786488001	1.0757004471309923	1.0757004471309923	1	0	0	1	coupled	0.621535394693187	0.8640541221064968	putamen_basal_ganglia	M001	cellular component organization, cellular component organization or biogenesis	1.414284993562781	1.208940889201689	1.654507727286557	1.0757004471309923	0.03759213786488001	0.0020285305358717217	True	True						False	False	False	RIOK3
145	ENSG00000146463	1	putamen_basal_ganglia	M001	0.03759213786488001	1.0757004471309923	1.0757004471309923	1	0	0	1	coupled	0.621535394693187	0.8629740305349916	putamen_basal_ganglia	M001	cellular component organization, cellular component organization or biogenesis	1.414284993562781	1.208940889201689	1.654507727286557	1.0757004471309923	0.03759213786488001	0.0020285305358717217	True	True						False	False	False	ZMYM4
146	ENSG00000174231	1	putamen_basal_ganglia	M001	0.03759213786488001	1.0757004471309923	1.0757004471309923	1	0	0	1	coupled	0.621535394693187	0.8604855650568306	putamen_basal_ganglia	M001	cellular component organization, cellular component organization or biogenesis	1.414284993562781	1.208940889201689	1.654507727286557	1.0757004471309923	0.03759213786488001	0.0020285305358717217	True	True						False	False	False	PRPF8
147	ENSG00000175662	1	putamen_basal_ganglia	M001	0.03759213786488001	1.0757004471309923	1.0757004471309923	1	0	0	1	coupled	0.621535394693187	0.8597831566143515	putamen_basal_ganglia	M001	cellular component organization, cellular component organization or biogenesis	1.414284993562781	1.208940889201689	1.654507727286557	1.0757004471309923	0.03759213786488001	0.0020285305358717217	True	True						False	False	False	TOM1L2
148	ENSG00000075945	1	putamen_basal_ganglia	M001	0.03759213786488001	1.0757004471309923	1.0757004471309923	1	0	0	1	coupled	0.621535394693187	0.8591225037714657	putamen_basal_ganglia	M001	cellular component organization, cellular component organization or biogenesis	1.414284993562781	1.208940889201689	1.654507727286557	1.0757004471309923	0.03759213786488001	0.0020285305358717217	True	True						False	False	False	KIFAP3
149	ENSG00000183530	1	putamen_basal_ganglia	M001	0.03759213786488001	1.0757004471309923	1.0757004471309923	1	0	0	1	coupled	0.621535394693187	0.853145478075617	putamen_basal_ganglia	M001	cellular component organization, cellular component organization or biogenesis	1.414284993562781	1.208940889201689	1.654507727286557	1.0757004471309923	0.03759213786488001	0.0020285305358717217	True	True						False	False	False	PRR14L
150	ENSG00000135766	1	putamen_basal_ganglia	M001	0.03759213786488001	1.0757004471309923	1.0757004471309923	1	0	0	1	coupled	0.621535394693187	0.8526506350797451	putamen_basal_ganglia	M001	cellular component organization, cellular component organization or biogenesis	1.414284993562781	1.208940889201689	1.654507727286557	1.0757004471309923	0.03759213786488001	0.0020285305358717217	True	True						False	False	False	EGLN1
151	ENSG00000100167	1	putamen_basal_ganglia	M001	0.03759213786488001	1.0757004471309923	1.0757004471309923	1	0	0	1	coupled	0.621535394693187	0.8458869308451571	putamen_basal_ganglia	M001	cellular component organization, cellular component organization or biogenesis	1.414284993562781	1.208940889201689	1.654507727286557	1.0757004471309923	0.03759213786488001	0.0020285305358717217	True	True						False	False	False	SEPTIN3
152	ENSG00000169926	1	putamen_basal_ganglia	M001	0.03759213786488001	1.0757004471309923	1.0757004471309923	1	0	0	1	coupled	0.621535394693187	0.8450890569690998	putamen_basal_ganglia	M001	cellular component organization, cellular component organization or biogenesis	1.414284993562781	1.208940889201689	1.654507727286557	1.0757004471309923	0.03759213786488001	0.0020285305358717217	True	True						False	False	False	KLF13
153	ENSG00000144749	1	putamen_basal_ganglia	M001	0.03759213786488001	1.0757004471309923	1.0757004471309923	1	0	0	1	coupled	0.621535394693187	0.8435012606645189	putamen_basal_ganglia	M001	cellular component organization, cellular component organization or biogenesis	1.414284993562781	1.208940889201689	1.654507727286557	1.0757004471309923	0.03759213786488001	0.0020285305358717217	True	True						False	False	False	LRIG1
154	ENSG00000116106	1	putamen_basal_ganglia	M001	0.03759213786488001	1.0757004471309923	1.0757004471309923	1	0	0	1	coupled	0.621535394693187	0.8429975306208701	putamen_basal_ganglia	M001	cellular component organization, cellular component organization or biogenesis	1.414284993562781	1.208940889201689	1.654507727286557	1.0757004471309923	0.03759213786488001	0.0020285305358717217	True	True						False	False	False	EPHA4
155	ENSG00000110436	1	putamen_basal_ganglia	M001	0.03759213786488001	1.0757004471309923	1.0757004471309923	1	0	0	1	switch_only	0.621535394693187	0.8429458688893645	putamen_basal_ganglia	M001	cellular component organization, cellular component organization or biogenesis	1.414284993562781	1.208940889201689	1.654507727286557	1.0757004471309923	0.03759213786488001	0.0020285305358717217	True	True						False	False	False	SLC1A2
156	ENSG00000163558	1	putamen_basal_ganglia	M001	0.03759213786488001	1.0757004471309923	1.0757004471309923	1	0	0	1	coupled	0.621535394693187	0.8422600396497159	putamen_basal_ganglia	M001	cellular component organization, cellular component organization or biogenesis	1.414284993562781	1.208940889201689	1.654507727286557	1.0757004471309923	0.03759213786488001	0.0020285305358717217	True	True						False	False	False	PRKCI
157	ENSG00000120029	1	putamen_basal_ganglia	M001	0.03759213786488001	1.0757004471309923	1.0757004471309923	1	0	0	1	coupled	0.621535394693187	0.8418941306250172	putamen_basal_ganglia	M001	cellular component organization, cellular component organization or biogenesis	1.414284993562781	1.208940889201689	1.654507727286557	1.0757004471309923	0.03759213786488001	0.0020285305358717217	True	True						False	False	False	ARMH3
158	ENSG00000143126	1	putamen_basal_ganglia	M001	0.03759213786488001	1.0757004471309923	1.0757004471309923	1	0	0	1	coupled	0.621535394693187	0.839980222045914	putamen_basal_ganglia	M001	cellular component organization, cellular component organization or biogenesis	1.414284993562781	1.208940889201689	1.654507727286557	1.0757004471309923	0.03759213786488001	0.0020285305358717217	True	True						False	False	False	CELSR2
159	ENSG00000144224	1	putamen_basal_ganglia	M001	0.03759213786488001	1.0757004471309923	1.0757004471309923	1	0	0	1	coupled	0.621535394693187	0.8390100956071191	putamen_basal_ganglia	M001	cellular component organization, cellular component organization or biogenesis	1.414284993562781	1.208940889201689	1.654507727286557	1.0757004471309923	0.03759213786488001	0.0020285305358717217	True	True						False	False	False	UBXN4
160	ENSG00000122642	1	putamen_basal_ganglia	M001	0.03759213786488001	1.0757004471309923	1.0757004471309923	1	0	0	1	coupled	0.621535394693187	0.8352600575278112	putamen_basal_ganglia	M001	cellular component organization, cellular component organization or biogenesis	1.414284993562781	1.208940889201689	1.654507727286557	1.0757004471309923	0.03759213786488001	0.0020285305358717217	True	True						False	False	False	FKBP9
161	ENSG00000164190	1	putamen_basal_ganglia	M001	0.03759213786488001	1.0757004471309923	1.0757004471309923	1	0	0	1	coupled	0.621535394693187	0.8307581949985262	putamen_basal_ganglia	M001	cellular component organization, cellular component organization or biogenesis	1.414284993562781	1.208940889201689	1.654507727286557	1.0757004471309923	0.03759213786488001	0.0020285305358717217	True	True						False	False	False	NIPBL
162	ENSG00000188419	1	putamen_basal_ganglia	M001	0.03759213786488001	1.0757004471309923	1.0757004471309923	1	0	0	1	coupled	0.621535394693187	0.8242363625311426	putamen_basal_ganglia	M001	cellular component organization, cellular component organization or biogenesis	1.414284993562781	1.208940889201689	1.654507727286557	1.0757004471309923	0.03759213786488001	0.0020285305358717217	True	True						False	False	False	CHM
163	ENSG00000142798	1	putamen_basal_ganglia	M001	0.03759213786488001	1.0757004471309923	1.0757004471309923	1	0	0	1	coupled	0.621535394693187	0.8235587971544245	putamen_basal_ganglia	M001	cellular component organization, cellular component organization or biogenesis	1.414284993562781	1.208940889201689	1.654507727286557	1.0757004471309923	0.03759213786488001	0.0020285305358717217	True	True						False	False	False	HSPG2
164	ENSG00000223768	1	putamen_basal_ganglia	M001	0.03759213786488001	1.0757004471309923	1.0757004471309923	1	0	0	1	coupled	0.621535394693187	0.8228971199057966	putamen_basal_ganglia	M001	cellular component organization, cellular component organization or biogenesis	1.414284993562781	1.208940889201689	1.654507727286557	1.0757004471309923	0.03759213786488001	0.0020285305358717217	True	True						False	False	False	LINC00205
165	ENSG00000130702	1	putamen_basal_ganglia	M001	0.03759213786488001	1.0757004471309923	1.0757004471309923	1	0	0	1	coupled	0.621535394693187	0.8213808657463947	putamen_basal_ganglia	M001	cellular component organization, cellular component organization or biogenesis	1.414284993562781	1.208940889201689	1.654507727286557	1.0757004471309923	0.03759213786488001	0.0020285305358717217	True	True						False	False	False	LAMA5
166	ENSG00000198837	1	putamen_basal_ganglia	M001	0.03759213786488001	1.0757004471309923	1.0757004471309923	1	0	0	1	coupled	0.621535394693187	0.8193618482130127	putamen_basal_ganglia	M001	cellular component organization, cellular component organization or biogenesis	1.414284993562781	1.208940889201689	1.654507727286557	1.0757004471309923	0.03759213786488001	0.0020285305358717217	True	True						False	False	False	DENND4B
167	ENSG00000197780	1	putamen_basal_ganglia	M001	0.03759213786488001	1.0757004471309923	1.0757004471309923	1	0	0	1	discordant	0.621535394693187	0.8189366351001809	putamen_basal_ganglia	M001	cellular component organization, cellular component organization or biogenesis	1.414284993562781	1.208940889201689	1.654507727286557	1.0757004471309923	0.03759213786488001	0.0020285305358717217	True	True						False	False	False	TAF13
168	ENSG00000162819	1	putamen_basal_ganglia	M001	0.03759213786488001	1.0757004471309923	1.0757004471309923	1	0	0	1	coupled	0.621535394693187	0.8187808841772964	putamen_basal_ganglia	M001	cellular component organization, cellular component organization or biogenesis	1.414284993562781	1.208940889201689	1.654507727286557	1.0757004471309923	0.03759213786488001	0.0020285305358717217	True	True						False	False	False	BROX
169	ENSG00000133401	1	putamen_basal_ganglia	M001	0.03759213786488001	1.0757004471309923	1.0757004471309923	1	0	0	1	coupled	0.621535394693187	0.8185851519614128	putamen_basal_ganglia	M001	cellular component organization, cellular component organization or biogenesis	1.414284993562781	1.208940889201689	1.654507727286557	1.0757004471309923	0.03759213786488001	0.0020285305358717217	True	True						False	False	False	PDZD2
170	ENSG00000162704	1	putamen_basal_ganglia	M001	0.03759213786488001	1.0757004471309923	1.0757004471309923	1	0	0	1	coupled	0.621535394693187	0.8168782108760911	putamen_basal_ganglia	M001	cellular component organization, cellular component organization or biogenesis	1.414284993562781	1.208940889201689	1.654507727286557	1.0757004471309923	0.03759213786488001	0.0020285305358717217	True	True						False	False	False	ARPC5
171	ENSG00000163625	1	putamen_basal_ganglia	M001	0.03759213786488001	1.0757004471309923	1.0757004471309923	1	0	0	1	coupled	0.621535394693187	0.8116702089713312	putamen_basal_ganglia	M001	cellular component organization, cellular component organization or biogenesis	1.414284993562781	1.208940889201689	1.654507727286557	1.0757004471309923	0.03759213786488001	0.0020285305358717217	True	True						False	False	False	WDFY3
172	ENSG00000167202	1	putamen_basal_ganglia	M001	0.03759213786488001	1.0757004471309923	1.0757004471309923	1	0	0	1	coupled	0.621535394693187	0.8116233010771442	putamen_basal_ganglia	M001	cellular component organization, cellular component organization or biogenesis	1.414284993562781	1.208940889201689	1.654507727286557	1.0757004471309923	0.03759213786488001	0.0020285305358717217	True	True						False	False	False	TBC1D2B
173	ENSG00000128731	1	putamen_basal_ganglia	M001	0.03759213786488001	1.0757004471309923	1.0757004471309923	1	0	0	1	coupled	0.621535394693187	0.8108354826086547	putamen_basal_ganglia	M001	cellular component organization, cellular component organization or biogenesis	1.414284993562781	1.208940889201689	1.654507727286557	1.0757004471309923	0.03759213786488001	0.0020285305358717217	True	True						False	False	False	HERC2
174	ENSG00000113328	1	putamen_basal_ganglia	M001	0.03759213786488001	1.0757004471309923	1.0757004471309923	1	0	0	1	coupled	0.621535394693187	0.808635020603901	putamen_basal_ganglia	M001	cellular component organization, cellular component organization or biogenesis	1.414284993562781	1.208940889201689	1.654507727286557	1.0757004471309923	0.03759213786488001	0.0020285305358717217	True	True						False	False	False	CCNG1
175	ENSG00000067141	1	putamen_basal_ganglia	M001	0.03759213786488001	1.0757004471309923	1.0757004471309923	1	0	0	1	coupled	0.621535394693187	0.8061567383717309	putamen_basal_ganglia	M001	cellular component organization, cellular component organization or biogenesis	1.414284993562781	1.208940889201689	1.654507727286557	1.0757004471309923	0.03759213786488001	0.0020285305358717217	True	True						False	False	False	NEO1
176	ENSG00000087274	1	putamen_basal_ganglia	M001	0.03759213786488001	1.0757004471309923	1.0757004471309923	1	0	0	1	coupled	0.621535394693187	0.8059086211605582	putamen_basal_ganglia	M001	cellular component organization, cellular component organization or biogenesis	1.414284993562781	1.208940889201689	1.654507727286557	1.0757004471309923	0.03759213786488001	0.0020285305358717217	True	True						False	False	False	ADD1
177	ENSG00000110395	1	putamen_basal_ganglia	M001	0.03759213786488001	1.0757004471309923	1.0757004471309923	1	0	0	1	coupled	0.621535394693187	0.8038964929594029	putamen_basal_ganglia	M001	cellular component organization, cellular component organization or biogenesis	1.414284993562781	1.208940889201689	1.654507727286557	1.0757004471309923	0.03759213786488001	0.0020285305358717217	True	True						False	False	False	CBL
178	ENSG00000135093	1	putamen_basal_ganglia	M001	0.03759213786488001	1.0757004471309923	1.0757004471309923	1	0	0	1	coupled	0.621535394693187	0.8030147653616827	putamen_basal_ganglia	M001	cellular component organization, cellular component organization or biogenesis	1.414284993562781	1.208940889201689	1.654507727286557	1.0757004471309923	0.03759213786488001	0.0020285305358717217	True	True						False	False	False	USP30
179	ENSG00000124126	1	putamen_basal_ganglia	M001	0.03759213786488001	1.0757004471309923	1.0757004471309923	1	0	0	1	coupled	0.621535394693187	0.8029678676545149	putamen_basal_ganglia	M001	cellular component organization, cellular component organization or biogenesis	1.414284993562781	1.208940889201689	1.654507727286557	1.0757004471309923	0.03759213786488001	0.0020285305358717217	True	True						False	False	False	PREX1
180	ENSG00000101654	1	putamen_basal_ganglia	M001	0.03759213786488001	1.0757004471309923	1.0757004471309923	1	0	0	1	coupled	0.621535394693187	0.8001210866483233	putamen_basal_ganglia	M001	cellular component organization, cellular component organization or biogenesis	1.414284993562781	1.208940889201689	1.654507727286557	1.0757004471309923	0.03759213786488001	0.0020285305358717217	True	True						False	False	False	RNMT
181	ENSG00000143924	1	putamen_basal_ganglia	M001	0.03759213786488001	1.0757004471309923	1.0757004471309923	1	0	0	1	coupled	0.621535394693187	0.7990303683528288	putamen_basal_ganglia	M001	cellular component organization, cellular component organization or biogenesis	1.414284993562781	1.208940889201689	1.654507727286557	1.0757004471309923	0.03759213786488001	0.0020285305358717217	True	True						False	False	False	EML4
182	ENSG00000197157	1	putamen_basal_ganglia	M001	0.03759213786488001	1.0757004471309923	1.0757004471309923	1	0	0	1	coupled	0.621535394693187	0.7989140906613057	putamen_basal_ganglia	M001	cellular component organization, cellular component organization or biogenesis	1.414284993562781	1.208940889201689	1.654507727286557	1.0757004471309923	0.03759213786488001	0.0020285305358717217	True	True						False	False	False	SND1
183	ENSG00000130749	1	putamen_basal_ganglia	M001	0.03759213786488001	1.0757004471309923	1.0757004471309923	1	0	0	1	coupled	0.621535394693187	0.79742694068818	putamen_basal_ganglia	M001	cellular component organization, cellular component organization or biogenesis	1.414284993562781	1.208940889201689	1.654507727286557	1.0757004471309923	0.03759213786488001	0.0020285305358717217	True	True						False	False	False	ZC3H4
184	ENSG00000142156	1	putamen_basal_ganglia	M001	0.03759213786488001	1.0757004471309923	1.0757004471309923	1	0	0	1	coupled	0.621535394693187	0.7962337138424602	putamen_basal_ganglia	M001	cellular component organization, cellular component organization or biogenesis	1.414284993562781	1.208940889201689	1.654507727286557	1.0757004471309923	0.03759213786488001	0.0020285305358717217	True	True						False	False	False	COL6A1
185	ENSG00000183255	1	putamen_basal_ganglia	M001	0.03759213786488001	1.0757004471309923	1.0757004471309923	1	0	0	1	coupled	0.621535394693187	0.7915510297959487	putamen_basal_ganglia	M001	cellular component organization, cellular component organization or biogenesis	1.414284993562781	1.208940889201689	1.654507727286557	1.0757004471309923	0.03759213786488001	0.0020285305358717217	True	True						False	False	False	PTTG1IP
186	ENSG00000125868	1	putamen_basal_ganglia	M001	0.03759213786488001	1.0757004471309923	1.0757004471309923	1	0	0	1	coupled	0.621535394693187	0.7913738552054188	putamen_basal_ganglia	M001	cellular component organization, cellular component organization or biogenesis	1.414284993562781	1.208940889201689	1.654507727286557	1.0757004471309923	0.03759213786488001	0.0020285305358717217	True	True						False	False	False	DSTN
187	ENSG00000138688	1	putamen_basal_ganglia	M001	0.03759213786488001	1.0757004471309923	1.0757004471309923	1	0	0	1	coupled	0.621535394693187	0.7907320185359245	putamen_basal_ganglia	M001	cellular component organization, cellular component organization or biogenesis	1.414284993562781	1.208940889201689	1.654507727286557	1.0757004471309923	0.03759213786488001	0.0020285305358717217	True	True						False	False	False	BLTP1
188	ENSG00000189091	1	putamen_basal_ganglia	M001	0.03759213786488001	1.0757004471309923	1.0757004471309923	1	0	0	1	coupled	0.621535394693187	0.7891882899124196	putamen_basal_ganglia	M001	cellular component organization, cellular component organization or biogenesis	1.414284993562781	1.208940889201689	1.654507727286557	1.0757004471309923	0.03759213786488001	0.0020285305358717217	True	True						False	False	False	SF3B3
189	ENSG00000181904	1	putamen_basal_ganglia	M001	0.03759213786488001	1.0757004471309923	1.0757004471309923	1	0	0	1	discordant	0.621535394693187	0.786604836955894	putamen_basal_ganglia	M001	cellular component organization, cellular component organization or biogenesis	1.414284993562781	1.208940889201689	1.654507727286557	1.0757004471309923	0.03759213786488001	0.0020285305358717217	True	True						False	False	False	C5orf24
190	ENSG00000165661	1	putamen_basal_ganglia	M001	0.03759213786488001	1.0757004471309923	1.0757004471309923	1	0	0	1	coupled	0.621535394693187	0.7849099376070159	putamen_basal_ganglia	M001	cellular component organization, cellular component organization or biogenesis	1.414284993562781	1.208940889201689	1.654507727286557	1.0757004471309923	0.03759213786488001	0.0020285305358717217	True	True						False	False	False	QSOX2
191	ENSG00000079950	1	putamen_basal_ganglia	M001	0.03759213786488001	1.0757004471309923	1.0757004471309923	1	0	0	1	coupled	0.621535394693187	0.7836317370188689	putamen_basal_ganglia	M001	cellular component organization, cellular component organization or biogenesis	1.414284993562781	1.208940889201689	1.654507727286557	1.0757004471309923	0.03759213786488001	0.0020285305358717217	True	True						False	False	False	STX7
192	ENSG00000135048	1	putamen_basal_ganglia	M001	0.03759213786488001	1.0757004471309923	1.0757004471309923	1	0	0	1	coupled	0.621535394693187	0.7829553230827653	putamen_basal_ganglia	M001	cellular component organization, cellular component organization or biogenesis	1.414284993562781	1.208940889201689	1.654507727286557	1.0757004471309923	0.03759213786488001	0.0020285305358717217	True	True						False	False	False	CEMIP2
193	ENSG00000135677	1	putamen_basal_ganglia	M001	0.03759213786488001	1.0757004471309923	1.0757004471309923	1	0	0	1	coupled	0.621535394693187	0.7776478929115421	putamen_basal_ganglia	M001	cellular component organization, cellular component organization or biogenesis	1.414284993562781	1.208940889201689	1.654507727286557	1.0757004471309923	0.03759213786488001	0.0020285305358717217	True	True						False	False	False	GNS
194	ENSG00000273033	1	putamen_basal_ganglia	M001	0.03759213786488001	1.0757004471309923	1.0757004471309923	1	0	0	1	coupled	0.621535394693187	0.7751368045750211	putamen_basal_ganglia	M001	cellular component organization, cellular component organization or biogenesis	1.414284993562781	1.208940889201689	1.654507727286557	1.0757004471309923	0.03759213786488001	0.0020285305358717217	True	True						False	False	False	LINC02035
195	ENSG00000239306	1	putamen_basal_ganglia	M001	0.03759213786488001	1.0757004471309923	1.0757004471309923	1	0	0	1	coupled	0.621535394693187	0.7725543736059205	putamen_basal_ganglia	M001	cellular component organization, cellular component organization or biogenesis	1.414284993562781	1.208940889201689	1.654507727286557	1.0757004471309923	0.03759213786488001	0.0020285305358717217	True	True						False	False	False	RBM14
196	ENSG00000103160	1	putamen_basal_ganglia	M001	0.03759213786488001	1.0757004471309923	1.0757004471309923	1	0	0	1	coupled	0.621535394693187	0.7690150967627556	putamen_basal_ganglia	M001	cellular component organization, cellular component organization or biogenesis	1.414284993562781	1.208940889201689	1.654507727286557	1.0757004471309923	0.03759213786488001	0.0020285305358717217	True	True						False	False	False	HSDL1
197	ENSG00000112992	1	putamen_basal_ganglia	M001	0.03759213786488001	1.0757004471309923	1.0757004471309923	1	0	0	1	coupled	0.621535394693187	0.7684906986286859	putamen_basal_ganglia	M001	cellular component organization, cellular component organization or biogenesis	1.414284993562781	1.208940889201689	1.654507727286557	1.0757004471309923	0.03759213786488001	0.0020285305358717217	True	True						False	False	False	NNT
198	ENSG00000104549	1	putamen_basal_ganglia	M001	0.03759213786488001	1.0757004471309923	1.0757004471309923	1	0	0	1	coupled	0.621535394693187	0.7654669417896078	putamen_basal_ganglia	M001	cellular component organization, cellular component organization or biogenesis	1.414284993562781	1.208940889201689	1.654507727286557	1.0757004471309923	0.03759213786488001	0.0020285305358717217	True	True						False	False	False	SQLE
199	ENSG00000134243	1	putamen_basal_ganglia	M001	0.03759213786488001	1.0757004471309923	1.0757004471309923	1	0	0	1	coupled	0.621535394693187	0.764863371775619	putamen_basal_ganglia	M001	cellular component organization, cellular component organization or biogenesis	1.414284993562781	1.208940889201689	1.654507727286557	1.0757004471309923	0.03759213786488001	0.0020285305358717217	True	True						False	False	False	SORT1
200	ENSG00000164880	1	putamen_basal_ganglia	M001	0.03759213786488001	1.0757004471309923	1.0757004471309923	1	0	0	1	coupled	0.621535394693187	0.7599866050756534	putamen_basal_ganglia	M001	cellular component organization, cellular component organization or biogenesis	1.414284993562781	1.208940889201689	1.654507727286557	1.0757004471309923	0.03759213786488001	0.0020285305358717217	True	True						False	False	False	INTS1
201	ENSG00000198961	1	putamen_basal_ganglia	M001	0.03759213786488001	1.0757004471309923	1.0757004471309923	1	0	0	1	discordant	0.621535394693187	0.75782437519544	putamen_basal_ganglia	M001	cellular component organization, cellular component organization or biogenesis	1.414284993562781	1.208940889201689	1.654507727286557	1.0757004471309923	0.03759213786488001	0.0020285305358717217	True	True						False	False	False	PJA2
202	ENSG00000169184	1	putamen_basal_ganglia	M001	0.03759213786488001	1.0757004471309923	1.0757004471309923	1	0	0	1	discordant	0.621535394693187	0.7568525323473312	putamen_basal_ganglia	M001	cellular component organization, cellular component organization or biogenesis	1.414284993562781	1.208940889201689	1.654507727286557	1.0757004471309923	0.03759213786488001	0.0020285305358717217	True	True						False	False	False	MN1
203	ENSG00000125912	1	putamen_basal_ganglia	M001	0.03759213786488001	1.0757004471309923	1.0757004471309923	1	0	0	1	coupled	0.621535394693187	0.7525882167696784	putamen_basal_ganglia	M001	cellular component organization, cellular component organization or biogenesis	1.414284993562781	1.208940889201689	1.654507727286557	1.0757004471309923	0.03759213786488001	0.0020285305358717217	True	True						False	False	False	NCLN
204	ENSG00000070413	1	putamen_basal_ganglia	M001	0.03759213786488001	1.0757004471309923	1.0757004471309923	1	0	0	1	coupled	0.621535394693187	0.7509101793093674	putamen_basal_ganglia	M001	cellular component organization, cellular component organization or biogenesis	1.414284993562781	1.208940889201689	1.654507727286557	1.0757004471309923	0.03759213786488001	0.0020285305358717217	True	True						False	False	False	DGCR2
205	ENSG00000044115	1	putamen_basal_ganglia	M001	0.03759213786488001	1.0757004471309923	1.0757004471309923	1	0	0	1	coupled	0.621535394693187	0.7500824245002835	putamen_basal_ganglia	M001	cellular component organization, cellular component organization or biogenesis	1.414284993562781	1.208940889201689	1.654507727286557	1.0757004471309923	0.03759213786488001	0.0020285305358717217	True	True						False	False	False	CTNNA1
206	ENSG00000062485	1	putamen_basal_ganglia	M001	0.03759213786488001	1.0757004471309923	1.0757004471309923	1	0	0	1	coupled	0.621535394693187	0.7473033137847379	putamen_basal_ganglia	M001	cellular component organization, cellular component organization or biogenesis	1.414284993562781	1.208940889201689	1.654507727286557	1.0757004471309923	0.03759213786488001	0.0020285305358717217	True	True						False	False	False	CS
207	ENSG00000112282	1	putamen_basal_ganglia	M001	0.03759213786488001	1.0757004471309923	1.0757004471309923	1	0	0	1	coupled	0.621535394693187	0.7467690756065296	putamen_basal_ganglia	M001	cellular component organization, cellular component organization or biogenesis	1.414284993562781	1.208940889201689	1.654507727286557	1.0757004471309923	0.03759213786488001	0.0020285305358717217	True	True						False	False	False	MED23
208	ENSG00000241973	1	putamen_basal_ganglia	M001	0.03759213786488001	1.0757004471309923	1.0757004471309923	1	0	0	1	coupled	0.621535394693187	0.7450912250173083	putamen_basal_ganglia	M001	cellular component organization, cellular component organization or biogenesis	1.414284993562781	1.208940889201689	1.654507727286557	1.0757004471309923	0.03759213786488001	0.0020285305358717217	True	True						False	False	False	PI4KA
209	ENSG00000066455	1	putamen_basal_ganglia	M001	0.03759213786488001	1.0757004471309923	1.0757004471309923	1	0	0	1	coupled	0.621535394693187	0.7447728466819336	putamen_basal_ganglia	M001	cellular component organization, cellular component organization or biogenesis	1.414284993562781	1.208940889201689	1.654507727286557	1.0757004471309923	0.03759213786488001	0.0020285305358717217	True	True						False	False	False	GOLGA5
210	ENSG00000123728	1	putamen_basal_ganglia	M001	0.03759213786488001	1.0757004471309923	1.0757004471309923	1	0	0	1	discordant	0.621535394693187	0.7430323440929681	putamen_basal_ganglia	M001	cellular component organization, cellular component organization or biogenesis	1.414284993562781	1.208940889201689	1.654507727286557	1.0757004471309923	0.03759213786488001	0.0020285305358717217	True	True						False	False	False	RAP2C
211	ENSG00000124571	1	putamen_basal_ganglia	M001	0.03759213786488001	1.0757004471309923	1.0757004471309923	1	0	0	1	coupled	0.621535394693187	0.7398974459722777	putamen_basal_ganglia	M001	cellular component organization, cellular component organization or biogenesis	1.414284993562781	1.208940889201689	1.654507727286557	1.0757004471309923	0.03759213786488001	0.0020285305358717217	True	True						False	False	False	XPO5
212	ENSG00000080493	1	putamen_basal_ganglia	M001	0.03759213786488001	1.0757004471309923	1.0757004471309923	1	0	0	1	coupled	0.621535394693187	0.7388421928572118	putamen_basal_ganglia	M001	cellular component organization, cellular component organization or biogenesis	1.414284993562781	1.208940889201689	1.654507727286557	1.0757004471309923	0.03759213786488001	0.0020285305358717217	True	True						False	False	False	SLC4A4
213	ENSG00000025796	1	putamen_basal_ganglia	M001	0.03759213786488001	1.0757004471309923	1.0757004471309923	1	0	0	1	discordant	0.621535394693187	0.7380431669926487	putamen_basal_ganglia	M001	cellular component organization, cellular component organization or biogenesis	1.414284993562781	1.208940889201689	1.654507727286557	1.0757004471309923	0.03759213786488001	0.0020285305358717217	True	True						False	False	False	SEC63
214	ENSG00000033170	1	putamen_basal_ganglia	M001	0.03759213786488001	1.0757004471309923	1.0757004471309923	1	0	0	1	coupled	0.621535394693187	0.7357939297115003	putamen_basal_ganglia	M001	cellular component organization, cellular component organization or biogenesis	1.414284993562781	1.208940889201689	1.654507727286557	1.0757004471309923	0.03759213786488001	0.0020285305358717217	True	True						False	False	False	FUT8
215	ENSG00000135372	1	putamen_basal_ganglia	M001	0.03759213786488001	1.0757004471309923	1.0757004471309923	1	0	0	1	coupled	0.621535394693187	0.7344647045050112	putamen_basal_ganglia	M001	cellular component organization, cellular component organization or biogenesis	1.414284993562781	1.208940889201689	1.654507727286557	1.0757004471309923	0.03759213786488001	0.0020285305358717217	True	True						False	False	False	NAT10
216	ENSG00000136636	1	putamen_basal_ganglia	M001	0.03759213786488001	1.0757004471309923	1.0757004471309923	1	0	0	1	coupled	0.621535394693187	0.7342771699570692	putamen_basal_ganglia	M001	cellular component organization, cellular component organization or biogenesis	1.414284993562781	1.208940889201689	1.654507727286557	1.0757004471309923	0.03759213786488001	0.0020285305358717217	True	True						False	False	False	KCTD3
217	ENSG00000204084	1	putamen_basal_ganglia	M001	0.03759213786488001	1.0757004471309923	1.0757004471309923	1	0	0	1	coupled	0.621535394693187	0.7320628750007964	putamen_basal_ganglia	M001	cellular component organization, cellular component organization or biogenesis	1.414284993562781	1.208940889201689	1.654507727286557	1.0757004471309923	0.03759213786488001	0.0020285305358717217	True	True						False	False	False	INPP5B
218	ENSG00000180354	1	putamen_basal_ganglia	M001	0.03759213786488001	1.0757004471309923	1.0757004471309923	1	0	0	1	discordant	0.621535394693187	0.7308047513795636	putamen_basal_ganglia	M001	cellular component organization, cellular component organization or biogenesis	1.414284993562781	1.208940889201689	1.654507727286557	1.0757004471309923	0.03759213786488001	0.0020285305358717217	True	True						False	False	False	MTURN
219	ENSG00000108651	1	putamen_basal_ganglia	M001	0.03759213786488001	1.0757004471309923	1.0757004471309923	1	0	0	1	coupled	0.621535394693187	0.7308029075234115	putamen_basal_ganglia	M001	cellular component organization, cellular component organization or biogenesis	1.414284993562781	1.208940889201689	1.654507727286557	1.0757004471309923	0.03759213786488001	0.0020285305358717217	True	True						False	False	False	UTP6
220	ENSG00000243232	1	putamen_basal_ganglia	M001	0.03759213786488001	1.0757004471309923	1.0757004471309923	1	0	0	1	coupled	0.621535394693187	0.7276146086164341	putamen_basal_ganglia	M001	cellular component organization, cellular component organization or biogenesis	1.414284993562781	1.208940889201689	1.654507727286557	1.0757004471309923	0.03759213786488001	0.0020285305358717217	True	True						False	False	False	PCDHAC2
221	ENSG00000170854	1	putamen_basal_ganglia	M001	0.03759213786488001	1.0757004471309923	1.0757004471309923	1	0	0	1	discordant	0.621535394693187	0.7269543914630056	putamen_basal_ganglia	M001	cellular component organization, cellular component organization or biogenesis	1.414284993562781	1.208940889201689	1.654507727286557	1.0757004471309923	0.03759213786488001	0.0020285305358717217	True	True						False	False	False	RIOX2
222	ENSG00000085998	1	putamen_basal_ganglia	M001	0.03759213786488001	1.0757004471309923	1.0757004471309923	1	0	0	1	coupled	0.621535394693187	0.7254880327573536	putamen_basal_ganglia	M001	cellular component organization, cellular component organization or biogenesis	1.414284993562781	1.208940889201689	1.654507727286557	1.0757004471309923	0.03759213786488001	0.0020285305358717217	True	True						False	False	False	POMGNT1
223	ENSG00000244879	1	putamen_basal_ganglia	M001	0.03759213786488001	1.0757004471309923	1.0757004471309923	1	0	0	1	coupled	0.621535394693187	0.7251591794951009	putamen_basal_ganglia	M001	cellular component organization, cellular component organization or biogenesis	1.414284993562781	1.208940889201689	1.654507727286557	1.0757004471309923	0.03759213786488001	0.0020285305358717217	True	True						False	False	False	GABPB1-AS1
224	ENSG00000127980	1	putamen_basal_ganglia	M001	0.03759213786488001	1.0757004471309923	1.0757004471309923	1	0	0	1	coupled	0.621535394693187	0.7249517282715122	putamen_basal_ganglia	M001	cellular component organization, cellular component organization or biogenesis	1.414284993562781	1.208940889201689	1.654507727286557	1.0757004471309923	0.03759213786488001	0.0020285305358717217	True	True						False	False	False	PEX1
225	ENSG00000120733	1	putamen_basal_ganglia	M001	0.03759213786488001	1.0757004471309923	1.0757004471309923	1	0	0	1	coupled	0.621535394693187	0.7207010744266168	putamen_basal_ganglia	M001	cellular component organization, cellular component organization or biogenesis	1.414284993562781	1.208940889201689	1.654507727286557	1.0757004471309923	0.03759213786488001	0.0020285305358717217	True	True						False	False	False	KDM3B
226	ENSG00000178921	1	putamen_basal_ganglia	M001	0.03759213786488001	1.0757004471309923	1.0757004471309923	1	0	0	1	coupled	0.621535394693187	0.7205326265103291	putamen_basal_ganglia	M001	cellular component organization, cellular component organization or biogenesis	1.414284993562781	1.208940889201689	1.654507727286557	1.0757004471309923	0.03759213786488001	0.0020285305358717217	True	True						False	False	False	PFAS
227	ENSG00000075618	1	putamen_basal_ganglia	M001	0.03759213786488001	1.0757004471309923	1.0757004471309923	1	0	0	1	coupled	0.621535394693187	0.7203197700521511	putamen_basal_ganglia	M001	cellular component organization, cellular component organization or biogenesis	1.414284993562781	1.208940889201689	1.654507727286557	1.0757004471309923	0.03759213786488001	0.0020285305358717217	True	True						False	False	False	FSCN1
228	ENSG00000118997	1	putamen_basal_ganglia	M001	0.03759213786488001	1.0757004471309923	1.0757004471309923	1	0	0	1	coupled	0.621535394693187	0.719000618860091	putamen_basal_ganglia	M001	cellular component organization, cellular component organization or biogenesis	1.414284993562781	1.208940889201689	1.654507727286557	1.0757004471309923	0.03759213786488001	0.0020285305358717217	True	True						False	False	False	DNAH7
229	ENSG00000151779	1	putamen_basal_ganglia	M001	0.03759213786488001	1.0757004471309923	1.0757004471309923	1	0	0	1	coupled	0.621535394693187	0.7189095066355163	putamen_basal_ganglia	M001	cellular component organization, cellular component organization or biogenesis	1.414284993562781	1.208940889201689	1.654507727286557	1.0757004471309923	0.03759213786488001	0.0020285305358717217	True	True						False	False	False	NBAS
230	ENSG00000103326	1	putamen_basal_ganglia	M001	0.03759213786488001	1.0757004471309923	1.0757004471309923	1	0	0	1	coupled	0.621535394693187	0.7161287475480219	putamen_basal_ganglia	M001	cellular component organization, cellular component organization or biogenesis	1.414284993562781	1.208940889201689	1.654507727286557	1.0757004471309923	0.03759213786488001	0.0020285305358717217	True	True						False	False	False	CAPN15
231	ENSG00000138814	1	putamen_basal_ganglia	M001	0.03759213786488001	1.0757004471309923	1.0757004471309923	1	0	0	1	coupled	0.621535394693187	0.71023117114715	putamen_basal_ganglia	M001	cellular component organization, cellular component organization or biogenesis	1.414284993562781	1.208940889201689	1.654507727286557	1.0757004471309923	0.03759213786488001	0.0020285305358717217	True	True						False	False	False	PPP3CA
232	ENSG00000144283	1	putamen_basal_ganglia	M001	0.03759213786488001	1.0757004471309923	1.0757004471309923	1	0	0	1	coupled	0.621535394693187	0.7095674210846686	putamen_basal_ganglia	M001	cellular component organization, cellular component organization or biogenesis	1.414284993562781	1.208940889201689	1.654507727286557	1.0757004471309923	0.03759213786488001	0.0020285305358717217	True	True						False	False	False	PKP4
233	ENSG00000054965	1	putamen_basal_ganglia	M001	0.03759213786488001	1.0757004471309923	1.0757004471309923	1	0	0	1	coupled	0.621535394693187	0.7081017642576334	putamen_basal_ganglia	M001	cellular component organization, cellular component organization or biogenesis	1.414284993562781	1.208940889201689	1.654507727286557	1.0757004471309923	0.03759213786488001	0.0020285305358717217	True	True						False	False	False	FAM168A
234	ENSG00000042445	1	putamen_basal_ganglia	M001	0.03759213786488001	1.0757004471309923	1.0757004471309923	1	0	0	1	coupled	0.621535394693187	0.7062192473642512	putamen_basal_ganglia	M001	cellular component organization, cellular component organization or biogenesis	1.414284993562781	1.208940889201689	1.654507727286557	1.0757004471309923	0.03759213786488001	0.0020285305358717217	True	True						False	False	False	RETSAT
235	ENSG00000181744	1	putamen_basal_ganglia	M001	0.03759213786488001	1.0757004471309923	1.0757004471309923	1	0	0	1	coupled	0.621535394693187	0.7055773117687528	putamen_basal_ganglia	M001	cellular component organization, cellular component organization or biogenesis	1.414284993562781	1.208940889201689	1.654507727286557	1.0757004471309923	0.03759213786488001	0.0020285305358717217	True	True						False	False	False	DIPK2A
236	ENSG00000115109	1	putamen_basal_ganglia	M001	0.03759213786488001	1.0757004471309923	1.0757004471309923	1	0	0	1	coupled	0.621535394693187	0.7029025734266766	putamen_basal_ganglia	M001	cellular component organization, cellular component organization or biogenesis	1.414284993562781	1.208940889201689	1.654507727286557	1.0757004471309923	0.03759213786488001	0.0020285305358717217	True	True						False	False	False	EPB41L5
237	ENSG00000081791	1	putamen_basal_ganglia	M001	0.03759213786488001	1.0757004471309923	1.0757004471309923	1	0	0	1	coupled	0.621535394693187	0.7026897572046319	putamen_basal_ganglia	M001	cellular component organization, cellular component organization or biogenesis	1.414284993562781	1.208940889201689	1.654507727286557	1.0757004471309923	0.03759213786488001	0.0020285305358717217	True	True						False	False	False	DELE1
238	ENSG00000103512	1	putamen_basal_ganglia	M001	0.03759213786488001	1.0757004471309923	1.0757004471309923	1	0	0	1	coupled	0.621535394693187	0.7010338032152769	putamen_basal_ganglia	M001	cellular component organization, cellular component organization or biogenesis	1.414284993562781	1.208940889201689	1.654507727286557	1.0757004471309923	0.03759213786488001	0.0020285305358717217	True	True						False	False	False	NOMO1
239	ENSG00000155561	1	putamen_basal_ganglia	M001	0.03759213786488001	1.0757004471309923	1.0757004471309923	1	0	0	1	coupled	0.621535394693187	0.7006557440473038	putamen_basal_ganglia	M001	cellular component organization, cellular component organization or biogenesis	1.414284993562781	1.208940889201689	1.654507727286557	1.0757004471309923	0.03759213786488001	0.0020285305358717217	True	True						False	False	False	NUP205
240	ENSG00000115816	1	putamen_basal_ganglia	M001	0.03759213786488001	1.0757004471309923	1.0757004471309923	1	0	0	1	coupled	0.621535394693187	0.7005004281235853	putamen_basal_ganglia	M001	cellular component organization, cellular component organization or biogenesis	1.414284993562781	1.208940889201689	1.654507727286557	1.0757004471309923	0.03759213786488001	0.0020285305358717217	True	True						False	False	False	CEBPZ
241	ENSG00000169180	1	putamen_basal_ganglia	M001	0.03759213786488001	1.0757004471309923	1.0757004471309923	1	0	0	1	coupled	0.621535394693187	0.6997980595774037	putamen_basal_ganglia	M001	cellular component organization, cellular component organization or biogenesis	1.414284993562781	1.208940889201689	1.654507727286557	1.0757004471309923	0.03759213786488001	0.0020285305358717217	True	True						False	False	False	XPO6
242	ENSG00000177225	1	putamen_basal_ganglia	M001	0.03759213786488001	1.0757004471309923	1.0757004471309923	1	0	0	1	coupled	0.621535394693187	0.6985852583429696	putamen_basal_ganglia	M001	cellular component organization, cellular component organization or biogenesis	1.414284993562781	1.208940889201689	1.654507727286557	1.0757004471309923	0.03759213786488001	0.0020285305358717217	True	True						False	False	False	GATD1
243	ENSG00000163930	1	putamen_basal_ganglia	M001	0.03759213786488001	1.0757004471309923	1.0757004471309923	1	0	0	1	coupled	0.621535394693187	0.6982339923775099	putamen_basal_ganglia	M001	cellular component organization, cellular component organization or biogenesis	1.414284993562781	1.208940889201689	1.654507727286557	1.0757004471309923	0.03759213786488001	0.0020285305358717217	True	True						False	False	False	BAP1
244	ENSG00000134030	1	putamen_basal_ganglia	M001	0.03759213786488001	1.0757004471309923	1.0757004471309923	1	0	0	1	coupled	0.621535394693187	0.6969957803818454	putamen_basal_ganglia	M001	cellular component organization, cellular component organization or biogenesis	1.414284993562781	1.208940889201689	1.654507727286557	1.0757004471309923	0.03759213786488001	0.0020285305358717217	True	True						False	False	False	CTIF
245	ENSG00000086015	1	putamen_basal_ganglia	M001	0.03759213786488001	1.0757004471309923	1.0757004471309923	1	0	0	1	coupled	0.621535394693187	0.6969718155307787	putamen_basal_ganglia	M001	cellular component organization, cellular component organization or biogenesis	1.414284993562781	1.208940889201689	1.654507727286557	1.0757004471309923	0.03759213786488001	0.0020285305358717217	True	True						False	False	False	MAST2
246	ENSG00000183018	1	putamen_basal_ganglia	M001	0.03759213786488001	1.0757004471309923	1.0757004471309923	1	0	0	1	coupled	0.621535394693187	0.6969160726775817	putamen_basal_ganglia	M001	cellular component organization, cellular component organization or biogenesis	1.414284993562781	1.208940889201689	1.654507727286557	1.0757004471309923	0.03759213786488001	0.0020285305358717217	True	True						False	False	False	SPNS2
247	ENSG00000101079	1	putamen_basal_ganglia	M001	0.03759213786488001	1.0757004471309923	1.0757004471309923	1	0	0	1	coupled	0.621535394693187	0.6944310135306409	putamen_basal_ganglia	M001	cellular component organization, cellular component organization or biogenesis	1.414284993562781	1.208940889201689	1.654507727286557	1.0757004471309923	0.03759213786488001	0.0020285305358717217	True	True						False	False	False	NDRG3
248	ENSG00000185721	1	putamen_basal_ganglia	M001	0.03759213786488001	1.0757004471309923	1.0757004471309923	1	0	0	1	coupled	0.621535394693187	0.6931857235349895	putamen_basal_ganglia	M001	cellular component organization, cellular component organization or biogenesis	1.414284993562781	1.208940889201689	1.654507727286557	1.0757004471309923	0.03759213786488001	0.0020285305358717217	True	True						False	False	False	DRG1
249	ENSG00000100726	1	putamen_basal_ganglia	M001	0.03759213786488001	1.0757004471309923	1.0757004471309923	1	0	0	1	coupled	0.621535394693187	0.6930496380139637	putamen_basal_ganglia	M001	cellular component organization, cellular component organization or biogenesis	1.414284993562781	1.208940889201689	1.654507727286557	1.0757004471309923	0.03759213786488001	0.0020285305358717217	True	True						False	False	False	TELO2
250	ENSG00000164244	1	putamen_basal_ganglia	M001	0.03759213786488001	1.0757004471309923	1.0757004471309923	1	0	0	1	coupled	0.621535394693187	0.6923294978044193	putamen_basal_ganglia	M001	cellular component organization, cellular component organization or biogenesis	1.414284993562781	1.208940889201689	1.654507727286557	1.0757004471309923	0.03759213786488001	0.0020285305358717217	True	True						False	False	False	PRRC1
251	ENSG00000173193	1	putamen_basal_ganglia	M001	0.03759213786488001	1.0757004471309923	1.0757004471309923	1	0	0	1	discordant	0.621535394693187	0.6921735194951504	putamen_basal_ganglia	M001	cellular component organization, cellular component organization or biogenesis	1.414284993562781	1.208940889201689	1.654507727286557	1.0757004471309923	0.03759213786488001	0.0020285305358717217	True	True						False	False	False	PARP14
252	ENSG00000087365	1	putamen_basal_ganglia	M001	0.03759213786488001	1.0757004471309923	1.0757004471309923	1	0	0	1	coupled	0.621535394693187	0.6906201382107714	putamen_basal_ganglia	M001	cellular component organization, cellular component organization or biogenesis	1.414284993562781	1.208940889201689	1.654507727286557	1.0757004471309923	0.03759213786488001	0.0020285305358717217	True	True						False	False	False	SF3B2
253	ENSG00000101445	1	putamen_basal_ganglia	M001	0.03759213786488001	1.0757004471309923	1.0757004471309923	1	0	0	1	coupled	0.621535394693187	0.6904827784642062	putamen_basal_ganglia	M001	cellular component organization, cellular component organization or biogenesis	1.414284993562781	1.208940889201689	1.654507727286557	1.0757004471309923	0.03759213786488001	0.0020285305358717217	True	True						False	False	False	PPP1R16B
254	ENSG00000027075	1	putamen_basal_ganglia	M001	0.03759213786488001	1.0757004471309923	1.0757004471309923	1	0	0	1	coupled	0.621535394693187	0.6882561475944895	putamen_basal_ganglia	M001	cellular component organization, cellular component organization or biogenesis	1.414284993562781	1.208940889201689	1.654507727286557	1.0757004471309923	0.03759213786488001	0.0020285305358717217	True	True						False	False	False	PRKCH
255	ENSG00000177706	1	putamen_basal_ganglia	M001	0.03759213786488001	1.0757004471309923	1.0757004471309923	1	0	0	1	coupled	0.621535394693187	0.6881100360496785	putamen_basal_ganglia	M001	cellular component organization, cellular component organization or biogenesis	1.414284993562781	1.208940889201689	1.654507727286557	1.0757004471309923	0.03759213786488001	0.0020285305358717217	True	True						False	False	False	FAM20C
256	ENSG00000136193	1	putamen_basal_ganglia	M001	0.03759213786488001	1.0757004471309923	1.0757004471309923	1	0	0	1	coupled	0.621535394693187	0.6868218148067983	putamen_basal_ganglia	M001	cellular component organization, cellular component organization or biogenesis	1.414284993562781	1.208940889201689	1.654507727286557	1.0757004471309923	0.03759213786488001	0.0020285305358717217	True	True						False	False	False	SCRN1
257	ENSG00000082153	1	putamen_basal_ganglia	M001	0.03759213786488001	1.0757004471309923	1.0757004471309923	1	0	0	1	coupled	0.621535394693187	0.6865668113235209	putamen_basal_ganglia	M001	cellular component organization, cellular component organization or biogenesis	1.414284993562781	1.208940889201689	1.654507727286557	1.0757004471309923	0.03759213786488001	0.0020285305358717217	True	True						False	False	False	BZW1
258	ENSG00000168300	1	putamen_basal_ganglia	M001	0.03759213786488001	1.0757004471309923	1.0757004471309923	1	0	0	1	coupled	0.621535394693187	0.6862384738458774	putamen_basal_ganglia	M001	cellular component organization, cellular component organization or biogenesis	1.414284993562781	1.208940889201689	1.654507727286557	1.0757004471309923	0.03759213786488001	0.0020285305358717217	True	True						False	False	False	PCMTD1
259	ENSG00000176095	1	putamen_basal_ganglia	M001	0.03759213786488001	1.0757004471309923	1.0757004471309923	1	0	0	1	coupled	0.621535394693187	0.6856992221555288	putamen_basal_ganglia	M001	cellular component organization, cellular component organization or biogenesis	1.414284993562781	1.208940889201689	1.654507727286557	1.0757004471309923	0.03759213786488001	0.0020285305358717217	True	True						False	False	False	IP6K1
260	ENSG00000135679	1	putamen_basal_ganglia	M001	0.03759213786488001	1.0757004471309923	1.0757004471309923	1	0	0	1	coupled	0.621535394693187	0.6815916591464627	putamen_basal_ganglia	M001	cellular component organization, cellular component organization or biogenesis	1.414284993562781	1.208940889201689	1.654507727286557	1.0757004471309923	0.03759213786488001	0.0020285305358717217	True	True						False	False	False	MDM2
261	ENSG00000106397	1	putamen_basal_ganglia	M001	0.03759213786488001	1.0757004471309923	1.0757004471309923	1	0	0	1	coupled	0.621535394693187	0.6811253122754677	putamen_basal_ganglia	M001	cellular component organization, cellular component organization or biogenesis	1.414284993562781	1.208940889201689	1.654507727286557	1.0757004471309923	0.03759213786488001	0.0020285305358717217	True	True						False	False	False	PLOD3
262	ENSG00000182985	1	putamen_basal_ganglia	M001	0.03759213786488001	1.0757004471309923	1.0757004471309923	1	0	0	1	coupled	0.621535394693187	0.6790721348425134	putamen_basal_ganglia	M001	cellular component organization, cellular component organization or biogenesis	1.414284993562781	1.208940889201689	1.654507727286557	1.0757004471309923	0.03759213786488001	0.0020285305358717217	True	True						False	False	False	CADM1
263	ENSG00000214517	1	putamen_basal_ganglia	M001	0.03759213786488001	1.0757004471309923	1.0757004471309923	1	0	0	1	coupled	0.621535394693187	0.6790291478679497	putamen_basal_ganglia	M001	cellular component organization, cellular component organization or biogenesis	1.414284993562781	1.208940889201689	1.654507727286557	1.0757004471309923	0.03759213786488001	0.0020285305358717217	True	True						False	False	False	PPME1
264	ENSG00000198408	1	putamen_basal_ganglia	M001	0.03759213786488001	1.0757004471309923	1.0757004471309923	1	0	0	1	discordant	0.621535394693187	0.6782730363203876	putamen_basal_ganglia	M001	cellular component organization, cellular component organization or biogenesis	1.414284993562781	1.208940889201689	1.654507727286557	1.0757004471309923	0.03759213786488001	0.0020285305358717217	True	True						False	False	False	OGA
265	ENSG00000110046	1	putamen_basal_ganglia	M001	0.03759213786488001	1.0757004471309923	1.0757004471309923	1	0	0	1	coupled	0.621535394693187	0.6782477699652546	putamen_basal_ganglia	M001	cellular component organization, cellular component organization or biogenesis	1.414284993562781	1.208940889201689	1.654507727286557	1.0757004471309923	0.03759213786488001	0.0020285305358717217	True	True						False	False	False	ATG2A
266	ENSG00000154359	1	putamen_basal_ganglia	M001	0.03759213786488001	1.0757004471309923	1.0757004471309923	1	0	0	1	coupled	0.621535394693187	0.6779577479133505	putamen_basal_ganglia	M001	cellular component organization, cellular component organization or biogenesis	1.414284993562781	1.208940889201689	1.654507727286557	1.0757004471309923	0.03759213786488001	0.0020285305358717217	True	True						False	False	False	LONRF1
267	ENSG00000156502	1	putamen_basal_ganglia	M001	0.03759213786488001	1.0757004471309923	1.0757004471309923	1	0	0	1	coupled	0.621535394693187	0.6777497587064406	putamen_basal_ganglia	M001	cellular component organization, cellular component organization or biogenesis	1.414284993562781	1.208940889201689	1.654507727286557	1.0757004471309923	0.03759213786488001	0.0020285305358717217	True	True						False	False	False	SUPV3L1
268	ENSG00000137337	1	putamen_basal_ganglia	M001	0.03759213786488001	1.0757004471309923	1.0757004471309923	1	0	0	1	coupled	0.621535394693187	0.6766796822374054	putamen_basal_ganglia	M001	cellular component organization, cellular component organization or biogenesis	1.414284993562781	1.208940889201689	1.654507727286557	1.0757004471309923	0.03759213786488001	0.0020285305358717217	True	True						False	False	False	MDC1
269	ENSG00000110330	1	putamen_basal_ganglia	M001	0.03759213786488001	1.0757004471309923	1.0757004471309923	1	0	0	1	coupled	0.621535394693187	0.6764392239669339	putamen_basal_ganglia	M001	cellular component organization, cellular component organization or biogenesis	1.414284993562781	1.208940889201689	1.654507727286557	1.0757004471309923	0.03759213786488001	0.0020285305358717217	True	True						False	False	False	BIRC2
270	ENSG00000100603	1	putamen_basal_ganglia	M001	0.03759213786488001	1.0757004471309923	1.0757004471309923	1	0	0	1	coupled	0.621535394693187	0.6752916416001525	putamen_basal_ganglia	M001	cellular component organization, cellular component organization or biogenesis	1.414284993562781	1.208940889201689	1.654507727286557	1.0757004471309923	0.03759213786488001	0.0020285305358717217	True	True						False	False	False	SNW1
271	ENSG00000167615	1	putamen_basal_ganglia	M001	0.03759213786488001	1.0757004471309923	1.0757004471309923	1	0	0	1	coupled	0.621535394693187	0.6752088356101431	putamen_basal_ganglia	M001	cellular component organization, cellular component organization or biogenesis	1.414284993562781	1.208940889201689	1.654507727286557	1.0757004471309923	0.03759213786488001	0.0020285305358717217	True	True						False	False	False	LENG8
272	ENSG00000099821	1	putamen_basal_ganglia	M001	0.03759213786488001	1.0757004471309923	1.0757004471309923	1	0	0	1	coupled	0.621535394693187	0.6722903526954331	putamen_basal_ganglia	M001	cellular component organization, cellular component organization or biogenesis	1.414284993562781	1.208940889201689	1.654507727286557	1.0757004471309923	0.03759213786488001	0.0020285305358717217	True	True						False	False	False	POLRMT
273	ENSG00000184110	1	putamen_basal_ganglia	M001	0.03759213786488001	1.0757004471309923	1.0757004471309923	1	0	0	1	coupled	0.621535394693187	0.6711653046298371	putamen_basal_ganglia	M001	cellular component organization, cellular component organization or biogenesis	1.414284993562781	1.208940889201689	1.654507727286557	1.0757004471309923	0.03759213786488001	0.0020285305358717217	True	True						False	False	False	EIF3C
274	ENSG00000171843	1	putamen_basal_ganglia	M001	0.03759213786488001	1.0757004471309923	1.0757004471309923	1	0	0	1	coupled	0.621535394693187	0.6709692828348499	putamen_basal_ganglia	M001	cellular component organization, cellular component organization or biogenesis	1.414284993562781	1.208940889201689	1.654507727286557	1.0757004471309923	0.03759213786488001	0.0020285305358717217	True	True						False	False	False	MLLT3
275	ENSG00000165006	1	putamen_basal_ganglia	M001	0.03759213786488001	1.0757004471309923	1.0757004471309923	1	0	0	1	coupled	0.621535394693187	0.6692352239373142	putamen_basal_ganglia	M001	cellular component organization, cellular component organization or biogenesis	1.414284993562781	1.208940889201689	1.654507727286557	1.0757004471309923	0.03759213786488001	0.0020285305358717217	True	True						False	False	False	UBAP1
276	ENSG00000215421	1	putamen_basal_ganglia	M001	0.03759213786488001	1.0757004471309923	1.0757004471309923	1	0	0	1	coupled	0.621535394693187	0.6677571378998176	putamen_basal_ganglia	M001	cellular component organization, cellular component organization or biogenesis	1.414284993562781	1.208940889201689	1.654507727286557	1.0757004471309923	0.03759213786488001	0.0020285305358717217	True	True						False	False	False	ZNF407
277	ENSG00000091490	1	putamen_basal_ganglia	M001	0.03759213786488001	1.0757004471309923	1.0757004471309923	1	0	0	1	coupled	0.621535394693187	0.6666139238773617	putamen_basal_ganglia	M001	cellular component organization, cellular component organization or biogenesis	1.414284993562781	1.208940889201689	1.654507727286557	1.0757004471309923	0.03759213786488001	0.0020285305358717217	True	True						False	False	False	SEL1L3
278	ENSG00000144040	1	putamen_basal_ganglia	M001	0.03759213786488001	1.0757004471309923	1.0757004471309923	1	0	0	1	switch_only	0.621535394693187	0.6656248952871667	putamen_basal_ganglia	M001	cellular component organization, cellular component organization or biogenesis	1.414284993562781	1.208940889201689	1.654507727286557	1.0757004471309923	0.03759213786488001	0.0020285305358717217	True	True						False	False	False	SFXN5
279	ENSG00000106415	1	putamen_basal_ganglia	M001	0.03759213786488001	1.0757004471309923	1.0757004471309923	1	0	0	1	coupled	0.621535394693187	0.6651089888697937	putamen_basal_ganglia	M001	cellular component organization, cellular component organization or biogenesis	1.414284993562781	1.208940889201689	1.654507727286557	1.0757004471309923	0.03759213786488001	0.0020285305358717217	True	True						False	False	False	GLCCI1
280	ENSG00000165525	1	putamen_basal_ganglia	M001	0.03759213786488001	1.0757004471309923	1.0757004471309923	1	0	0	1	coupled	0.621535394693187	0.6637348937683375	putamen_basal_ganglia	M001	cellular component organization, cellular component organization or biogenesis	1.414284993562781	1.208940889201689	1.654507727286557	1.0757004471309923	0.03759213786488001	0.0020285305358717217	True	True						False	False	False	NEMF
281	ENSG00000105429	1	putamen_basal_ganglia	M001	0.03759213786488001	1.0757004471309923	1.0757004471309923	1	0	0	1	discordant	0.621535394693187	0.6617700892776412	putamen_basal_ganglia	M001	cellular component organization, cellular component organization or biogenesis	1.414284993562781	1.208940889201689	1.654507727286557	1.0757004471309923	0.03759213786488001	0.0020285305358717217	True	True						False	False	False	MEGF8
282	ENSG00000113575	1	putamen_basal_ganglia	M001	0.03759213786488001	1.0757004471309923	1.0757004471309923	1	0	0	1	coupled	0.621535394693187	0.6607565979874016	putamen_basal_ganglia	M001	cellular component organization, cellular component organization or biogenesis	1.414284993562781	1.208940889201689	1.654507727286557	1.0757004471309923	0.03759213786488001	0.0020285305358717217	True	True						False	False	False	PPP2CA
283	ENSG00000166004	1	putamen_basal_ganglia	M001	0.03759213786488001	1.0757004471309923	1.0757004471309923	1	0	0	1	discordant	0.621535394693187	0.6587277756719121	putamen_basal_ganglia	M001	cellular component organization, cellular component organization or biogenesis	1.414284993562781	1.208940889201689	1.654507727286557	1.0757004471309923	0.03759213786488001	0.0020285305358717217	True	True						False	False	False	CEP295
284	ENSG00000090020	1	putamen_basal_ganglia	M001	0.03759213786488001	1.0757004471309923	1.0757004471309923	1	0	0	1	coupled	0.621535394693187	0.6581797969519716	putamen_basal_ganglia	M001	cellular component organization, cellular component organization or biogenesis	1.414284993562781	1.208940889201689	1.654507727286557	1.0757004471309923	0.03759213786488001	0.0020285305358717217	True	True						False	False	False	SLC9A1
285	ENSG00000161204	1	putamen_basal_ganglia	M001	0.03759213786488001	1.0757004471309923	1.0757004471309923	1	0	0	1	coupled	0.621535394693187	0.6575392430471917	putamen_basal_ganglia	M001	cellular component organization, cellular component organization or biogenesis	1.414284993562781	1.208940889201689	1.654507727286557	1.0757004471309923	0.03759213786488001	0.0020285305358717217	True	True						False	False	False	ABCF3
286	ENSG00000074356	1	putamen_basal_ganglia	M001	0.03759213786488001	1.0757004471309923	1.0757004471309923	1	0	0	1	coupled	0.621535394693187	0.6570148133312439	putamen_basal_ganglia	M001	cellular component organization, cellular component organization or biogenesis	1.414284993562781	1.208940889201689	1.654507727286557	1.0757004471309923	0.03759213786488001	0.0020285305358717217	True	True						False	False	False	NCBP3
287	ENSG00000290890	1	putamen_basal_ganglia	M001	0.03759213786488001	1.0757004471309923	1.0757004471309923	1	0	0	1	coupled	0.621535394693187	0.6558357793068482	putamen_basal_ganglia	M001	cellular component organization, cellular component organization or biogenesis	1.414284993562781	1.208940889201689	1.654507727286557	1.0757004471309923	0.03759213786488001	0.0020285305358717217	True	True						False	False	False	PDPR2P
288	ENSG00000100304	1	putamen_basal_ganglia	M001	0.03759213786488001	1.0757004471309923	1.0757004471309923	1	0	0	1	coupled	0.621535394693187	0.6553644228505661	putamen_basal_ganglia	M001	cellular component organization, cellular component organization or biogenesis	1.414284993562781	1.208940889201689	1.654507727286557	1.0757004471309923	0.03759213786488001	0.0020285305358717217	True	True						False	False	False	TTLL12
289	ENSG00000107282	1	putamen_basal_ganglia	M001	0.03759213786488001	1.0757004471309923	1.0757004471309923	1	0	0	1	coupled	0.621535394693187	0.6532302035481855	putamen_basal_ganglia	M001	cellular component organization, cellular component organization or biogenesis	1.414284993562781	1.208940889201689	1.654507727286557	1.0757004471309923	0.03759213786488001	0.0020285305358717217	True	True						False	False	False	APBA1
290	ENSG00000072786	1	putamen_basal_ganglia	M001	0.03759213786488001	1.0757004471309923	1.0757004471309923	1	0	0	1	coupled	0.621535394693187	0.652524963028634	putamen_basal_ganglia	M001	cellular component organization, cellular component organization or biogenesis	1.414284993562781	1.208940889201689	1.654507727286557	1.0757004471309923	0.03759213786488001	0.0020285305358717217	True	True						False	False	False	STK10
291	ENSG00000142599	1	putamen_basal_ganglia	M001	0.03759213786488001	1.0757004471309923	1.0757004471309923	1	0	0	1	coupled	0.621535394693187	0.6517820430358875	putamen_basal_ganglia	M001	cellular component organization, cellular component organization or biogenesis	1.414284993562781	1.208940889201689	1.654507727286557	1.0757004471309923	0.03759213786488001	0.0020285305358717217	True	True	SCZ	eQTL	0.0228557014753811	expression-led (eQTL gene-level)	expression-led	False	True	False	RERE
292	ENSG00000175970	1	putamen_basal_ganglia	M001	0.03759213786488001	1.0757004471309923	1.0757004471309923	1	0	0	1	coupled	0.621535394693187	0.6509628866594468	putamen_basal_ganglia	M001	cellular component organization, cellular component organization or biogenesis	1.414284993562781	1.208940889201689	1.654507727286557	1.0757004471309923	0.03759213786488001	0.0020285305358717217	True	True						False	False	False	UNC119B
293	ENSG00000112893	1	putamen_basal_ganglia	M001	0.03759213786488001	1.0757004471309923	1.0757004471309923	1	0	0	1	discordant	0.621535394693187	0.6508355564757852	putamen_basal_ganglia	M001	cellular component organization, cellular component organization or biogenesis	1.414284993562781	1.208940889201689	1.654507727286557	1.0757004471309923	0.03759213786488001	0.0020285305358717217	True	True						False	False	False	MAN2A1
294	ENSG00000135837	1	putamen_basal_ganglia	M001	0.03759213786488001	1.0757004471309923	1.0757004471309923	1	0	0	1	coupled	0.621535394693187	0.6503417123457215	putamen_basal_ganglia	M001	cellular component organization, cellular component organization or biogenesis	1.414284993562781	1.208940889201689	1.654507727286557	1.0757004471309923	0.03759213786488001	0.0020285305358717217	True	True						False	False	False	CEP350
295	ENSG00000219626	1	putamen_basal_ganglia	M001	0.03759213786488001	1.0757004471309923	1.0757004471309923	1	0	0	1	coupled	0.621535394693187	0.6483621463372292	putamen_basal_ganglia	M001	cellular component organization, cellular component organization or biogenesis	1.414284993562781	1.208940889201689	1.654507727286557	1.0757004471309923	0.03759213786488001	0.0020285305358717217	True	True						False	False	False	FAM228B
296	ENSG00000188352	1	putamen_basal_ganglia	M001	0.03759213786488001	1.0757004471309923	1.0757004471309923	1	0	0	1	coupled	0.621535394693187	0.6478294033231611	putamen_basal_ganglia	M001	cellular component organization, cellular component organization or biogenesis	1.414284993562781	1.208940889201689	1.654507727286557	1.0757004471309923	0.03759213786488001	0.0020285305358717217	True	True						False	False	False	FOCAD
297	ENSG00000103591	1	putamen_basal_ganglia	M001	0.03759213786488001	1.0757004471309923	1.0757004471309923	1	0	0	1	coupled	0.621535394693187	0.6442187222031975	putamen_basal_ganglia	M001	cellular component organization, cellular component organization or biogenesis	1.414284993562781	1.208940889201689	1.654507727286557	1.0757004471309923	0.03759213786488001	0.0020285305358717217	True	True						False	False	False	AAGAB
298	ENSG00000153208	1	putamen_basal_ganglia	M001	0.03759213786488001	1.0757004471309923	1.0757004471309923	1	0	0	1	coupled	0.621535394693187	0.6385464468183089	putamen_basal_ganglia	M001	cellular component organization, cellular component organization or biogenesis	1.414284993562781	1.208940889201689	1.654507727286557	1.0757004471309923	0.03759213786488001	0.0020285305358717217	True	True						False	False	False	MERTK
299	ENSG00000145715	1	putamen_basal_ganglia	M001	0.03759213786488001	1.0757004471309923	1.0757004471309923	1	0	0	1	coupled	0.621535394693187	0.6384106776105144	putamen_basal_ganglia	M001	cellular component organization, cellular component organization or biogenesis	1.414284993562781	1.208940889201689	1.654507727286557	1.0757004471309923	0.03759213786488001	0.0020285305358717217	True	True						False	False	False	RASA1
300	ENSG00000224078	1	putamen_basal_ganglia	M001	0.03759213786488001	1.0757004471309923	1.0757004471309923	1	0	0	1	discordant	0.621535394693187	0.6380595069110334	putamen_basal_ganglia	M001	cellular component organization, cellular component organization or biogenesis	1.414284993562781	1.208940889201689	1.654507727286557	1.0757004471309923	0.03759213786488001	0.0020285305358717217	True	True						False	False	False	SNHG14
301	ENSG00000152234	1	putamen_basal_ganglia	M001	0.03759213786488001	1.0757004471309923	1.0757004471309923	1	0	0	1	coupled	0.621535394693187	0.6380586613404933	putamen_basal_ganglia	M001	cellular component organization, cellular component organization or biogenesis	1.414284993562781	1.208940889201689	1.654507727286557	1.0757004471309923	0.03759213786488001	0.0020285305358717217	True	True						False	False	False	ATP5F1A
302	ENSG00000130309	1	putamen_basal_ganglia	M001	0.03759213786488001	1.0757004471309923	1.0757004471309923	1	0	0	1	coupled	0.621535394693187	0.6374747503734143	putamen_basal_ganglia	M001	cellular component organization, cellular component organization or biogenesis	1.414284993562781	1.208940889201689	1.654507727286557	1.0757004471309923	0.03759213786488001	0.0020285305358717217	True	True						False	False	False	COLGALT1
303	ENSG00000244687	1	putamen_basal_ganglia	M001	0.03759213786488001	1.0757004471309923	1.0757004471309923	1	0	0	1	coupled	0.621535394693187	0.6370795786163616	putamen_basal_ganglia	M001	cellular component organization, cellular component organization or biogenesis	1.414284993562781	1.208940889201689	1.654507727286557	1.0757004471309923	0.03759213786488001	0.0020285305358717217	True	True						False	False	False	UBE2V1
304	ENSG00000064102	1	putamen_basal_ganglia	M001	0.03759213786488001	1.0757004471309923	1.0757004471309923	1	0	0	1	coupled	0.621535394693187	0.6366671134182021	putamen_basal_ganglia	M001	cellular component organization, cellular component organization or biogenesis	1.414284993562781	1.208940889201689	1.654507727286557	1.0757004471309923	0.03759213786488001	0.0020285305358717217	True	True						False	False	False	INTS13
305	ENSG00000225470	1	putamen_basal_ganglia	M001	0.03759213786488001	1.0757004471309923	1.0757004471309923	1	0	0	1	coupled	0.621535394693187	0.6359012595212157	putamen_basal_ganglia	M001	cellular component organization, cellular component organization or biogenesis	1.414284993562781	1.208940889201689	1.654507727286557	1.0757004471309923	0.03759213786488001	0.0020285305358717217	True	True						False	False	False	JPX
306	ENSG00000136628	1	putamen_basal_ganglia	M001	0.03759213786488001	1.0757004471309923	1.0757004471309923	1	0	0	1	coupled	0.621535394693187	0.6355826519182661	putamen_basal_ganglia	M001	cellular component organization, cellular component organization or biogenesis	1.414284993562781	1.208940889201689	1.654507727286557	1.0757004471309923	0.03759213786488001	0.0020285305358717217	True	True						False	False	False	EPRS1
307	ENSG00000127914	1	putamen_basal_ganglia	M001	0.03759213786488001	1.0757004471309923	1.0757004471309923	1	0	0	1	coupled	0.621535394693187	0.6343799066987922	putamen_basal_ganglia	M001	cellular component organization, cellular component organization or biogenesis	1.414284993562781	1.208940889201689	1.654507727286557	1.0757004471309923	0.03759213786488001	0.0020285305358717217	True	True						False	False	False	AKAP9
308	ENSG00000166432	1	putamen_basal_ganglia	M001	0.03759213786488001	1.0757004471309923	1.0757004471309923	1	0	0	1	coupled	0.621535394693187	0.6320782043298079	putamen_basal_ganglia	M001	cellular component organization, cellular component organization or biogenesis	1.414284993562781	1.208940889201689	1.654507727286557	1.0757004471309923	0.03759213786488001	0.0020285305358717217	True	True						False	False	False	ZMAT1
309	ENSG00000089876	1	putamen_basal_ganglia	M001	0.03759213786488001	1.0757004471309923	1.0757004471309923	1	0	0	1	coupled	0.621535394693187	0.630798626780137	putamen_basal_ganglia	M001	cellular component organization, cellular component organization or biogenesis	1.414284993562781	1.208940889201689	1.654507727286557	1.0757004471309923	0.03759213786488001	0.0020285305358717217	True	True						False	False	False	DHX32
310	ENSG00000111058	1	putamen_basal_ganglia	M001	0.03759213786488001	1.0757004471309923	1.0757004471309923	1	0	0	1	switch_only	0.621535394693187	0.6288690362152936	putamen_basal_ganglia	M001	cellular component organization, cellular component organization or biogenesis	1.414284993562781	1.208940889201689	1.654507727286557	1.0757004471309923	0.03759213786488001	0.0020285305358717217	True	True						False	False	False	ACSS3
311	ENSG00000163872	1	putamen_basal_ganglia	M001	0.03759213786488001	1.0757004471309923	1.0757004471309923	1	0	0	1	discordant	0.621535394693187	0.6264177421968026	putamen_basal_ganglia	M001	cellular component organization, cellular component organization or biogenesis	1.414284993562781	1.208940889201689	1.654507727286557	1.0757004471309923	0.03759213786488001	0.0020285305358717217	True	True						False	False	False	YEATS2
312	ENSG00000068976	1	putamen_basal_ganglia	M001	0.03759213786488001	1.0757004471309923	1.0757004471309923	1	0	0	1	switch_only	0.621535394693187	0.6255394457150324	putamen_basal_ganglia	M001	cellular component organization, cellular component organization or biogenesis	1.414284993562781	1.208940889201689	1.654507727286557	1.0757004471309923	0.03759213786488001	0.0020285305358717217	True	True						False	False	False	PYGM
313	ENSG00000054267	1	putamen_basal_ganglia	M001	0.03759213786488001	1.0757004471309923	1.0757004471309923	1	0	0	1	discordant	0.621535394693187	0.6248846353230112	putamen_basal_ganglia	M001	cellular component organization, cellular component organization or biogenesis	1.414284993562781	1.208940889201689	1.654507727286557	1.0757004471309923	0.03759213786488001	0.0020285305358717217	True	True						False	False	False	ARID4B
314	ENSG00000104412	1	putamen_basal_ganglia	M001	0.03759213786488001	1.0757004471309923	1.0757004471309923	1	0	0	1	coupled	0.621535394693187	0.6221036724137889	putamen_basal_ganglia	M001	cellular component organization, cellular component organization or biogenesis	1.414284993562781	1.208940889201689	1.654507727286557	1.0757004471309923	0.03759213786488001	0.0020285305358717217	True	True						False	False	False	EMC2
315	ENSG00000182272	1	putamen_basal_ganglia	M001	0.03759213786488001	1.0757004471309923	1.0757004471309923	1	0	0	1	coupled	0.621535394693187	0.6216183865357437	putamen_basal_ganglia	M001	cellular component organization, cellular component organization or biogenesis	1.414284993562781	1.208940889201689	1.654507727286557	1.0757004471309923	0.03759213786488001	0.0020285305358717217	True	True						False	False	False	B4GALNT4
316	ENSG00000115524	1	putamen_basal_ganglia	M001	0.03759213786488001	1.0757004471309923	1.0757004471309923	1	0	0	1	coupled	0.621535394693187	0.6201586972471352	putamen_basal_ganglia	M001	cellular component organization, cellular component organization or biogenesis	1.414284993562781	1.208940889201689	1.654507727286557	1.0757004471309923	0.03759213786488001	0.0020285305358717217	True	True	SCZ	eQTL	0.0165597541518398	expression-led (eQTL gene-level)	expression-led	False	True	False	SF3B1
317	ENSG00000152219	1	putamen_basal_ganglia	M001	0.03759213786488001	1.0757004471309923	1.0757004471309923	1	0	0	1	discordant	0.621535394693187	0.6192590379294916	putamen_basal_ganglia	M001	cellular component organization, cellular component organization or biogenesis	1.414284993562781	1.208940889201689	1.654507727286557	1.0757004471309923	0.03759213786488001	0.0020285305358717217	True	True	SCZ	eQTL	0.0277857676693219	expression-led (eQTL gene-level)	expression-led	False	True	False	ARL14EP
318	ENSG00000162073	1	putamen_basal_ganglia	M001	0.03759213786488001	1.0757004471309923	1.0757004471309923	1	0	0	1	coupled	0.621535394693187	0.6189789305420205	putamen_basal_ganglia	M001	cellular component organization, cellular component organization or biogenesis	1.414284993562781	1.208940889201689	1.654507727286557	1.0757004471309923	0.03759213786488001	0.0020285305358717217	True	True						False	False	False	PAQR4
319	ENSG00000100714	1	putamen_basal_ganglia	M001	0.03759213786488001	1.0757004471309923	1.0757004471309923	1	0	0	1	coupled	0.621535394693187	0.6177313540877266	putamen_basal_ganglia	M001	cellular component organization, cellular component organization or biogenesis	1.414284993562781	1.208940889201689	1.654507727286557	1.0757004471309923	0.03759213786488001	0.0020285305358717217	True	True						False	False	False	MTHFD1
320	ENSG00000101337	1	putamen_basal_ganglia	M001	0.03759213786488001	1.0757004471309923	1.0757004471309923	1	0	0	1	coupled	0.621535394693187	0.6156019600774402	putamen_basal_ganglia	M001	cellular component organization, cellular component organization or biogenesis	1.414284993562781	1.208940889201689	1.654507727286557	1.0757004471309923	0.03759213786488001	0.0020285305358717217	True	True						False	False	False	TM9SF4
321	ENSG00000133056	1	putamen_basal_ganglia	M001	0.03759213786488001	1.0757004471309923	1.0757004471309923	1	0	0	1	coupled	0.621535394693187	0.6151449871624636	putamen_basal_ganglia	M001	cellular component organization, cellular component organization or biogenesis	1.414284993562781	1.208940889201689	1.654507727286557	1.0757004471309923	0.03759213786488001	0.0020285305358717217	True	True						False	False	False	PIK3C2B
322	ENSG00000075429	1	putamen_basal_ganglia	M001	0.03759213786488001	1.0757004471309923	1.0757004471309923	1	0	0	1	coupled	0.621535394693187	0.6124731567815259	putamen_basal_ganglia	M001	cellular component organization, cellular component organization or biogenesis	1.414284993562781	1.208940889201689	1.654507727286557	1.0757004471309923	0.03759213786488001	0.0020285305358717217	True	True						False	False	False	CACNG5
323	ENSG00000177301	1	putamen_basal_ganglia	M001	0.03759213786488001	1.0757004471309923	1.0757004471309923	1	0	0	1	coupled	0.621535394693187	0.6108961671366983	putamen_basal_ganglia	M001	cellular component organization, cellular component organization or biogenesis	1.414284993562781	1.208940889201689	1.654507727286557	1.0757004471309923	0.03759213786488001	0.0020285305358717217	True	True						False	False	False	KCNA2
324	ENSG00000137145	1	putamen_basal_ganglia	M001	0.03759213786488001	1.0757004471309923	1.0757004471309923	1	0	0	1	discordant	0.621535394693187	0.6099230799275487	putamen_basal_ganglia	M001	cellular component organization, cellular component organization or biogenesis	1.414284993562781	1.208940889201689	1.654507727286557	1.0757004471309923	0.03759213786488001	0.0020285305358717217	True	True						False	False	False	DENND4C
325	ENSG00000092108	1	putamen_basal_ganglia	M001	0.03759213786488001	1.0757004471309923	1.0757004471309923	1	0	0	1	coupled	0.621535394693187	0.6065367849901265	putamen_basal_ganglia	M001	cellular component organization, cellular component organization or biogenesis	1.414284993562781	1.208940889201689	1.654507727286557	1.0757004471309923	0.03759213786488001	0.0020285305358717217	True	True	ALS	eQTL	0.0190914563701706	expression-led (eQTL gene-level)	expression-led	False	True	False	SCFD1
326	ENSG00000123096	1	putamen_basal_ganglia	M001	0.03759213786488001	1.0757004471309923	1.0757004471309923	1	0	0	1	coupled	0.621535394693187	0.6040893116428778	putamen_basal_ganglia	M001	cellular component organization, cellular component organization or biogenesis	1.414284993562781	1.208940889201689	1.654507727286557	1.0757004471309923	0.03759213786488001	0.0020285305358717217	True	True						False	False	False	SSPN
327	ENSG00000107745	1	putamen_basal_ganglia	M001	0.03759213786488001	1.0757004471309923	1.0757004471309923	1	0	0	1	coupled	0.621535394693187	0.6039935699248109	putamen_basal_ganglia	M001	cellular component organization, cellular component organization or biogenesis	1.414284993562781	1.208940889201689	1.654507727286557	1.0757004471309923	0.03759213786488001	0.0020285305358717217	True	True						False	False	False	MICU1
328	ENSG00000164050	1	putamen_basal_ganglia	M001	0.03759213786488001	1.0757004471309923	1.0757004471309923	1	0	0	1	coupled	0.621535394693187	0.6035362553506938	putamen_basal_ganglia	M001	cellular component organization, cellular component organization or biogenesis	1.414284993562781	1.208940889201689	1.654507727286557	1.0757004471309923	0.03759213786488001	0.0020285305358717217	True	True						False	False	False	PLXNB1
329	ENSG00000101493	1	putamen_basal_ganglia	M001	0.03759213786488001	1.0757004471309923	1.0757004471309923	1	0	0	1	coupled	0.621535394693187	0.6026775205715327	putamen_basal_ganglia	M001	cellular component organization, cellular component organization or biogenesis	1.414284993562781	1.208940889201689	1.654507727286557	1.0757004471309923	0.03759213786488001	0.0020285305358717217	True	True						False	False	False	ZNF516
330	ENSG00000171160	1	putamen_basal_ganglia	M001	0.03759213786488001	1.0757004471309923	1.0757004471309923	1	0	0	1	coupled	0.621535394693187	0.5998703707302366	putamen_basal_ganglia	M001	cellular component organization, cellular component organization or biogenesis	1.414284993562781	1.208940889201689	1.654507727286557	1.0757004471309923	0.03759213786488001	0.0020285305358717217	True	True						False	False	False	MORN4
331	ENSG00000166912	1	putamen_basal_ganglia	M001	0.03759213786488001	1.0757004471309923	1.0757004471309923	1	0	0	1	coupled	0.621535394693187	0.5998474353828915	putamen_basal_ganglia	M001	cellular component organization, cellular component organization or biogenesis	1.414284993562781	1.208940889201689	1.654507727286557	1.0757004471309923	0.03759213786488001	0.0020285305358717217	True	True						False	False	False	MTMR10
332	ENSG00000141447	1	putamen_basal_ganglia	M001	0.03759213786488001	1.0757004471309923	1.0757004471309923	1	0	0	1	discordant	0.621535394693187	0.5996095985858209	putamen_basal_ganglia	M001	cellular component organization, cellular component organization or biogenesis	1.414284993562781	1.208940889201689	1.654507727286557	1.0757004471309923	0.03759213786488001	0.0020285305358717217	True	True						False	False	False	OSBPL1A
333	ENSG00000124155	1	putamen_basal_ganglia	M001	0.03759213786488001	1.0757004471309923	1.0757004471309923	1	0	0	1	coupled	0.621535394693187	0.5963994326484725	putamen_basal_ganglia	M001	cellular component organization, cellular component organization or biogenesis	1.414284993562781	1.208940889201689	1.654507727286557	1.0757004471309923	0.03759213786488001	0.0020285305358717217	True	True						False	False	False	PIGT
334	ENSG00000173482	1	putamen_basal_ganglia	M001	0.03759213786488001	1.0757004471309923	1.0757004471309923	1	0	0	1	discordant	0.621535394693187	0.5940620344379698	putamen_basal_ganglia	M001	cellular component organization, cellular component organization or biogenesis	1.414284993562781	1.208940889201689	1.654507727286557	1.0757004471309923	0.03759213786488001	0.0020285305358717217	True	True						False	False	False	PTPRM
335	ENSG00000083290	1	putamen_basal_ganglia	M001	0.03759213786488001	1.0757004471309923	1.0757004471309923	1	0	0	1	discordant	0.621535394693187	0.5931518315336356	putamen_basal_ganglia	M001	cellular component organization, cellular component organization or biogenesis	1.414284993562781	1.208940889201689	1.654507727286557	1.0757004471309923	0.03759213786488001	0.0020285305358717217	True	True						False	False	False	ULK2
336	ENSG00000124225	1	putamen_basal_ganglia	M001	0.03759213786488001	1.0757004471309923	1.0757004471309923	1	0	0	1	discordant	0.621535394693187	0.5923933739979519	putamen_basal_ganglia	M001	cellular component organization, cellular component organization or biogenesis	1.414284993562781	1.208940889201689	1.654507727286557	1.0757004471309923	0.03759213786488001	0.0020285305358717217	True	True						False	False	False	PMEPA1
337	ENSG00000167193	1	putamen_basal_ganglia	M001	0.03759213786488001	1.0757004471309923	1.0757004471309923	1	0	0	1	coupled	0.621535394693187	0.5921206203995374	putamen_basal_ganglia	M001	cellular component organization, cellular component organization or biogenesis	1.414284993562781	1.208940889201689	1.654507727286557	1.0757004471309923	0.03759213786488001	0.0020285305358717217	True	True						False	False	False	CRK
338	ENSG00000124299	1	putamen_basal_ganglia	M001	0.03759213786488001	1.0757004471309923	1.0757004471309923	1	0	0	1	coupled	0.621535394693187	0.5919269064588334	putamen_basal_ganglia	M001	cellular component organization, cellular component organization or biogenesis	1.414284993562781	1.208940889201689	1.654507727286557	1.0757004471309923	0.03759213786488001	0.0020285305358717217	True	True						False	False	False	PEPD
339	ENSG00000103194	1	putamen_basal_ganglia	M001	0.03759213786488001	1.0757004471309923	1.0757004471309923	1	0	0	1	coupled	0.621535394693187	0.5913255231195609	putamen_basal_ganglia	M001	cellular component organization, cellular component organization or biogenesis	1.414284993562781	1.208940889201689	1.654507727286557	1.0757004471309923	0.03759213786488001	0.0020285305358717217	True	True						False	False	False	USP10
340	ENSG00000099290	1	putamen_basal_ganglia	M001	0.03759213786488001	1.0757004471309923	1.0757004471309923	1	0	0	1	coupled	0.621535394693187	0.5910673002203898	putamen_basal_ganglia	M001	cellular component organization, cellular component organization or biogenesis	1.414284993562781	1.208940889201689	1.654507727286557	1.0757004471309923	0.03759213786488001	0.0020285305358717217	True	True						False	False	False	WASHC2A
341	ENSG00000028839	1	putamen_basal_ganglia	M001	0.03759213786488001	1.0757004471309923	1.0757004471309923	1	0	0	1	coupled	0.621535394693187	0.5901996310122419	putamen_basal_ganglia	M001	cellular component organization, cellular component organization or biogenesis	1.414284993562781	1.208940889201689	1.654507727286557	1.0757004471309923	0.03759213786488001	0.0020285305358717217	True	True						False	False	False	TBPL1
342	ENSG00000163399	1	putamen_basal_ganglia	M001	0.03759213786488001	1.0757004471309923	1.0757004471309923	1	0	0	1	coupled	0.621535394693187	0.5898838121280381	putamen_basal_ganglia	M001	cellular component organization, cellular component organization or biogenesis	1.414284993562781	1.208940889201689	1.654507727286557	1.0757004471309923	0.03759213786488001	0.0020285305358717217	True	True						False	False	False	ATP1A1
343	ENSG00000049656	1	putamen_basal_ganglia	M001	0.03759213786488001	1.0757004471309923	1.0757004471309923	1	0	0	1	coupled	0.621535394693187	0.5893553596855955	putamen_basal_ganglia	M001	cellular component organization, cellular component organization or biogenesis	1.414284993562781	1.208940889201689	1.654507727286557	1.0757004471309923	0.03759213786488001	0.0020285305358717217	True	True						False	False	False	CLPTM1L
344	ENSG00000083750	1	putamen_basal_ganglia	M001	0.03759213786488001	1.0757004471309923	1.0757004471309923	1	0	0	1	coupled	0.621535394693187	0.5891893724657521	putamen_basal_ganglia	M001	cellular component organization, cellular component organization or biogenesis	1.414284993562781	1.208940889201689	1.654507727286557	1.0757004471309923	0.03759213786488001	0.0020285305358717217	True	True						False	False	False	RRAGB
345	ENSG00000005156	1	putamen_basal_ganglia	M001	0.03759213786488001	1.0757004471309923	1.0757004471309923	1	0	0	1	coupled	0.621535394693187	0.5879244176543335	putamen_basal_ganglia	M001	cellular component organization, cellular component organization or biogenesis	1.414284993562781	1.208940889201689	1.654507727286557	1.0757004471309923	0.03759213786488001	0.0020285305358717217	True	True						False	False	False	LIG3
346	ENSG00000183354	1	putamen_basal_ganglia	M001	0.03759213786488001	1.0757004471309923	1.0757004471309923	1	0	0	1	coupled	0.621535394693187	0.5875563051794999	putamen_basal_ganglia	M001	cellular component organization, cellular component organization or biogenesis	1.414284993562781	1.208940889201689	1.654507727286557	1.0757004471309923	0.03759213786488001	0.0020285305358717217	True	True						False	False	False	BRD10
347	ENSG00000163755	1	putamen_basal_ganglia	M001	0.03759213786488001	1.0757004471309923	1.0757004471309923	1	0	0	1	coupled	0.621535394693187	0.5869677417363232	putamen_basal_ganglia	M001	cellular component organization, cellular component organization or biogenesis	1.414284993562781	1.208940889201689	1.654507727286557	1.0757004471309923	0.03759213786488001	0.0020285305358717217	True	True						False	False	False	HPS3
348	ENSG00000000971	1	putamen_basal_ganglia	M001	0.03759213786488001	1.0757004471309923	1.0757004471309923	1	0	0	1	switch_only	0.621535394693187	0.585968576708288	putamen_basal_ganglia	M001	cellular component organization, cellular component organization or biogenesis	1.414284993562781	1.208940889201689	1.654507727286557	1.0757004471309923	0.03759213786488001	0.0020285305358717217	True	True						False	False	False	CFH
349	ENSG00000133243	1	putamen_basal_ganglia	M001	0.03759213786488001	1.0757004471309923	1.0757004471309923	1	0	0	1	coupled	0.621535394693187	0.5856661431815396	putamen_basal_ganglia	M001	cellular component organization, cellular component organization or biogenesis	1.414284993562781	1.208940889201689	1.654507727286557	1.0757004471309923	0.03759213786488001	0.0020285305358717217	True	True						False	False	False	BTBD2
350	ENSG00000074201	1	putamen_basal_ganglia	M001	0.03759213786488001	1.0757004471309923	1.0757004471309923	1	0	0	1	coupled	0.621535394693187	0.5851485016312961	putamen_basal_ganglia	M001	cellular component organization, cellular component organization or biogenesis	1.414284993562781	1.208940889201689	1.654507727286557	1.0757004471309923	0.03759213786488001	0.0020285305358717217	True	True						False	False	False	CLNS1A
351	ENSG00000134121	1	putamen_basal_ganglia	M001	0.03759213786488001	1.0757004471309923	1.0757004471309923	1	0	0	1	coupled	0.621535394693187	0.584659308374246	putamen_basal_ganglia	M001	cellular component organization, cellular component organization or biogenesis	1.414284993562781	1.208940889201689	1.654507727286557	1.0757004471309923	0.03759213786488001	0.0020285305358717217	True	True						False	False	False	CHL1
352	ENSG00000103089	1	putamen_basal_ganglia	M001	0.03759213786488001	1.0757004471309923	1.0757004471309923	1	0	0	1	coupled	0.621535394693187	0.5832040264257666	putamen_basal_ganglia	M001	cellular component organization, cellular component organization or biogenesis	1.414284993562781	1.208940889201689	1.654507727286557	1.0757004471309923	0.03759213786488001	0.0020285305358717217	True	True						False	False	False	FA2H
353	ENSG00000189184	1	putamen_basal_ganglia	M001	0.03759213786488001	1.0757004471309923	1.0757004471309923	1	0	0	1	switch_only	0.621535394693187	0.5830538336539649	putamen_basal_ganglia	M001	cellular component organization, cellular component organization or biogenesis	1.414284993562781	1.208940889201689	1.654507727286557	1.0757004471309923	0.03759213786488001	0.0020285305358717217	True	True						False	False	False	PCDH18
354	ENSG00000100784	1	putamen_basal_ganglia	M001	0.03759213786488001	1.0757004471309923	1.0757004471309923	1	0	0	1	discordant	0.621535394693187	0.5806230375656762	putamen_basal_ganglia	M001	cellular component organization, cellular component organization or biogenesis	1.414284993562781	1.208940889201689	1.654507727286557	1.0757004471309923	0.03759213786488001	0.0020285305358717217	True	True						False	False	False	RPS6KA5
355	ENSG00000111640	1	putamen_basal_ganglia	M001	0.03759213786488001	1.0757004471309923	1.0757004471309923	1	0	0	1	coupled	0.621535394693187	0.5795571111050293	putamen_basal_ganglia	M001	cellular component organization, cellular component organization or biogenesis	1.414284993562781	1.208940889201689	1.654507727286557	1.0757004471309923	0.03759213786488001	0.0020285305358717217	True	True						False	False	False	GAPDH
356	ENSG00000118276	1	putamen_basal_ganglia	M001	0.03759213786488001	1.0757004471309923	1.0757004471309923	1	0	0	1	discordant	0.621535394693187	0.5795219077833366	putamen_basal_ganglia	M001	cellular component organization, cellular component organization or biogenesis	1.414284993562781	1.208940889201689	1.654507727286557	1.0757004471309923	0.03759213786488001	0.0020285305358717217	True	True						False	False	False	B4GALT6
357	ENSG00000198752	1	putamen_basal_ganglia	M001	0.03759213786488001	1.0757004471309923	1.0757004471309923	1	0	0	1	coupled	0.621535394693187	0.5793798881193127	putamen_basal_ganglia	M001	cellular component organization, cellular component organization or biogenesis	1.414284993562781	1.208940889201689	1.654507727286557	1.0757004471309923	0.03759213786488001	0.0020285305358717217	True	True						False	False	False	CDC42BPB
358	ENSG00000137968	1	putamen_basal_ganglia	M001	0.03759213786488001	1.0757004471309923	1.0757004471309923	1	0	0	1	coupled	0.621535394693187	0.5778287964248078	putamen_basal_ganglia	M001	cellular component organization, cellular component organization or biogenesis	1.414284993562781	1.208940889201689	1.654507727286557	1.0757004471309923	0.03759213786488001	0.0020285305358717217	True	True						False	False	False	SLC44A5
359	ENSG00000153721	1	putamen_basal_ganglia	M001	0.03759213786488001	1.0757004471309923	1.0757004471309923	1	0	0	1	coupled	0.621535394693187	0.5763568280738861	putamen_basal_ganglia	M001	cellular component organization, cellular component organization or biogenesis	1.414284993562781	1.208940889201689	1.654507727286557	1.0757004471309923	0.03759213786488001	0.0020285305358717217	True	True						False	False	False	CNKSR3
360	ENSG00000205213	1	putamen_basal_ganglia	M001	0.03759213786488001	1.0757004471309923	1.0757004471309923	1	0	0	1	coupled	0.621535394693187	0.5733091341011013	putamen_basal_ganglia	M001	cellular component organization, cellular component organization or biogenesis	1.414284993562781	1.208940889201689	1.654507727286557	1.0757004471309923	0.03759213786488001	0.0020285305358717217	True	True						False	False	False	LGR4
361	ENSG00000135144	1	putamen_basal_ganglia	M001	0.03759213786488001	1.0757004471309923	1.0757004471309923	1	0	0	1	coupled	0.621535394693187	0.5705156053121266	putamen_basal_ganglia	M001	cellular component organization, cellular component organization or biogenesis	1.414284993562781	1.208940889201689	1.654507727286557	1.0757004471309923	0.03759213786488001	0.0020285305358717217	True	True						False	False	False	DTX1
362	ENSG00000242265	1	putamen_basal_ganglia	M001	0.03759213786488001	1.0757004471309923	1.0757004471309923	1	0	0	1	coupled	0.621535394693187	0.569954137980548	putamen_basal_ganglia	M001	cellular component organization, cellular component organization or biogenesis	1.414284993562781	1.208940889201689	1.654507727286557	1.0757004471309923	0.03759213786488001	0.0020285305358717217	True	True						False	False	False	PEG10
363	ENSG00000067606	1	putamen_basal_ganglia	M001	0.03759213786488001	1.0757004471309923	1.0757004471309923	1	0	0	1	coupled	0.621535394693187	0.5694528267598071	putamen_basal_ganglia	M001	cellular component organization, cellular component organization or biogenesis	1.414284993562781	1.208940889201689	1.654507727286557	1.0757004471309923	0.03759213786488001	0.0020285305358717217	True	True						False	False	False	PRKCZ
364	ENSG00000166734	1	putamen_basal_ganglia	M001	0.03759213786488001	1.0757004471309923	1.0757004471309923	1	0	0	1	coupled	0.621535394693187	0.568273117293159	putamen_basal_ganglia	M001	cellular component organization, cellular component organization or biogenesis	1.414284993562781	1.208940889201689	1.654507727286557	1.0757004471309923	0.03759213786488001	0.0020285305358717217	True	True						False	False	False	GOLM2
365	ENSG00000082258	1	putamen_basal_ganglia	M001	0.03759213786488001	1.0757004471309923	1.0757004471309923	1	0	0	1	coupled	0.621535394693187	0.5680442591960005	putamen_basal_ganglia	M001	cellular component organization, cellular component organization or biogenesis	1.414284993562781	1.208940889201689	1.654507727286557	1.0757004471309923	0.03759213786488001	0.0020285305358717217	True	True						False	False	False	CCNT2
366	ENSG00000171103	1	putamen_basal_ganglia	M001	0.03759213786488001	1.0757004471309923	1.0757004471309923	1	0	0	1	coupled	0.621535394693187	0.5674161814630526	putamen_basal_ganglia	M001	cellular component organization, cellular component organization or biogenesis	1.414284993562781	1.208940889201689	1.654507727286557	1.0757004471309923	0.03759213786488001	0.0020285305358717217	True	True						False	False	False	TRMT61B
367	ENSG00000165338	1	putamen_basal_ganglia	M001	0.03759213786488001	1.0757004471309923	1.0757004471309923	1	0	0	1	coupled	0.621535394693187	0.5670709062232422	putamen_basal_ganglia	M001	cellular component organization, cellular component organization or biogenesis	1.414284993562781	1.208940889201689	1.654507727286557	1.0757004471309923	0.03759213786488001	0.0020285305358717217	True	True						False	False	False	HECTD2
368	ENSG00000196678	1	putamen_basal_ganglia	M001	0.03759213786488001	1.0757004471309923	1.0757004471309923	1	0	0	1	coupled	0.621535394693187	0.5664377218423056	putamen_basal_ganglia	M001	cellular component organization, cellular component organization or biogenesis	1.414284993562781	1.208940889201689	1.654507727286557	1.0757004471309923	0.03759213786488001	0.0020285305358717217	True	True						False	False	False	ERI2
369	ENSG00000138363	1	putamen_basal_ganglia	M001	0.03759213786488001	1.0757004471309923	1.0757004471309923	1	0	0	1	coupled	0.621535394693187	0.5648621355284563	putamen_basal_ganglia	M001	cellular component organization, cellular component organization or biogenesis	1.414284993562781	1.208940889201689	1.654507727286557	1.0757004471309923	0.03759213786488001	0.0020285305358717217	True	True						False	False	False	ATIC
370	ENSG00000137766	1	putamen_basal_ganglia	M001	0.03759213786488001	1.0757004471309923	1.0757004471309923	1	0	0	1	coupled	0.621535394693187	0.5620069750736898	putamen_basal_ganglia	M001	cellular component organization, cellular component organization or biogenesis	1.414284993562781	1.208940889201689	1.654507727286557	1.0757004471309923	0.03759213786488001	0.0020285305358717217	True	True						False	False	False	UNC13C
371	ENSG00000140323	1	putamen_basal_ganglia	M001	0.03759213786488001	1.0757004471309923	1.0757004471309923	1	0	0	1	coupled	0.621535394693187	0.5617751578480996	putamen_basal_ganglia	M001	cellular component organization, cellular component organization or biogenesis	1.414284993562781	1.208940889201689	1.654507727286557	1.0757004471309923	0.03759213786488001	0.0020285305358717217	True	True						False	False	False	DISP2
372	ENSG00000186591	1	putamen_basal_ganglia	M001	0.03759213786488001	1.0757004471309923	1.0757004471309923	1	0	0	1	coupled	0.621535394693187	0.560828249453145	putamen_basal_ganglia	M001	cellular component organization, cellular component organization or biogenesis	1.414284993562781	1.208940889201689	1.654507727286557	1.0757004471309923	0.03759213786488001	0.0020285305358717217	True	True						False	False	False	UBE2H
373	ENSG00000105538	1	putamen_basal_ganglia	M001	0.03759213786488001	1.0757004471309923	1.0757004471309923	1	0	0	1	switch_only	0.621535394693187	0.5598663679855975	putamen_basal_ganglia	M001	cellular component organization, cellular component organization or biogenesis	1.414284993562781	1.208940889201689	1.654507727286557	1.0757004471309923	0.03759213786488001	0.0020285305358717217	True	True						False	False	False	RASIP1
374	ENSG00000108395	1	putamen_basal_ganglia	M001	0.03759213786488001	1.0757004471309923	1.0757004471309923	1	0	0	1	coupled	0.621535394693187	0.5575825460595929	putamen_basal_ganglia	M001	cellular component organization, cellular component organization or biogenesis	1.414284993562781	1.208940889201689	1.654507727286557	1.0757004471309923	0.03759213786488001	0.0020285305358717217	True	True						False	False	False	TRIM37
375	ENSG00000048828	1	putamen_basal_ganglia	M001	0.03759213786488001	1.0757004471309923	1.0757004471309923	1	0	0	1	coupled	0.621535394693187	0.5573825779902596	putamen_basal_ganglia	M001	cellular component organization, cellular component organization or biogenesis	1.414284993562781	1.208940889201689	1.654507727286557	1.0757004471309923	0.03759213786488001	0.0020285305358717217	True	True						False	False	False	FAM120A
376	ENSG00000178952	1	putamen_basal_ganglia	M001	0.03759213786488001	1.0757004471309923	1.0757004471309923	1	0	0	1	discordant	0.621535394693187	0.5555251613267151	putamen_basal_ganglia	M001	cellular component organization, cellular component organization or biogenesis	1.414284993562781	1.208940889201689	1.654507727286557	1.0757004471309923	0.03759213786488001	0.0020285305358717217	True	True						False	False	False	TUFM
377	ENSG00000065457	1	putamen_basal_ganglia	M001	0.03759213786488001	1.0757004471309923	1.0757004471309923	1	0	0	1	coupled	0.621535394693187	0.5554291009892673	putamen_basal_ganglia	M001	cellular component organization, cellular component organization or biogenesis	1.414284993562781	1.208940889201689	1.654507727286557	1.0757004471309923	0.03759213786488001	0.0020285305358717217	True	True						False	False	False	ADAT1
378	ENSG00000122550	1	putamen_basal_ganglia	M001	0.03759213786488001	1.0757004471309923	1.0757004471309923	1	0	0	1	discordant	0.621535394693187	0.5547969925481098	putamen_basal_ganglia	M001	cellular component organization, cellular component organization or biogenesis	1.414284993562781	1.208940889201689	1.654507727286557	1.0757004471309923	0.03759213786488001	0.0020285305358717217	True	True						False	False	False	KLHL7
379	ENSG00000070269	1	putamen_basal_ganglia	M001	0.03759213786488001	1.0757004471309923	1.0757004471309923	1	0	0	1	coupled	0.621535394693187	0.5546575568952626	putamen_basal_ganglia	M001	cellular component organization, cellular component organization or biogenesis	1.414284993562781	1.208940889201689	1.654507727286557	1.0757004471309923	0.03759213786488001	0.0020285305358717217	True	True						False	False	False	TMEM260
380	ENSG00000215305	1	putamen_basal_ganglia	M001	0.03759213786488001	1.0757004471309923	1.0757004471309923	1	0	0	1	coupled	0.621535394693187	0.5538233442837187	putamen_basal_ganglia	M001	cellular component organization, cellular component organization or biogenesis	1.414284993562781	1.208940889201689	1.654507727286557	1.0757004471309923	0.03759213786488001	0.0020285305358717217	True	True						False	False	False	VPS16
381	ENSG00000119862	1	putamen_basal_ganglia	M001	0.03759213786488001	1.0757004471309923	1.0757004471309923	1	0	0	1	coupled	0.621535394693187	0.5530543754681175	putamen_basal_ganglia	M001	cellular component organization, cellular component organization or biogenesis	1.414284993562781	1.208940889201689	1.654507727286557	1.0757004471309923	0.03759213786488001	0.0020285305358717217	True	True						False	False	False	LGALSL
382	ENSG00000077063	1	putamen_basal_ganglia	M001	0.03759213786488001	1.0757004471309923	1.0757004471309923	1	0	0	1	coupled	0.621535394693187	0.5528890703115195	putamen_basal_ganglia	M001	cellular component organization, cellular component organization or biogenesis	1.414284993562781	1.208940889201689	1.654507727286557	1.0757004471309923	0.03759213786488001	0.0020285305358717217	True	True						False	False	False	CTTNBP2
383	ENSG00000164114	1	putamen_basal_ganglia	M001	0.03759213786488001	1.0757004471309923	1.0757004471309923	1	0	0	1	coupled	0.621535394693187	0.552431420835684	putamen_basal_ganglia	M001	cellular component organization, cellular component organization or biogenesis	1.414284993562781	1.208940889201689	1.654507727286557	1.0757004471309923	0.03759213786488001	0.0020285305358717217	True	True						False	False	False	MAP9
384	ENSG00000094975	1	putamen_basal_ganglia	M001	0.03759213786488001	1.0757004471309923	1.0757004471309923	1	0	0	1	discordant	0.621535394693187	0.5524198812790081	putamen_basal_ganglia	M001	cellular component organization, cellular component organization or biogenesis	1.414284993562781	1.208940889201689	1.654507727286557	1.0757004471309923	0.03759213786488001	0.0020285305358717217	True	True						False	False	False	SUCO
385	ENSG00000174953	1	putamen_basal_ganglia	M001	0.03759213786488001	1.0757004471309923	1.0757004471309923	1	0	0	1	coupled	0.621535394693187	0.5513541761130474	putamen_basal_ganglia	M001	cellular component organization, cellular component organization or biogenesis	1.414284993562781	1.208940889201689	1.654507727286557	1.0757004471309923	0.03759213786488001	0.0020285305358717217	True	True						False	False	False	DHX36
386	ENSG00000102098	1	putamen_basal_ganglia	M001	0.03759213786488001	1.0757004471309923	1.0757004471309923	1	0	0	1	coupled	0.621535394693187	0.5497877435086975	putamen_basal_ganglia	M001	cellular component organization, cellular component organization or biogenesis	1.414284993562781	1.208940889201689	1.654507727286557	1.0757004471309923	0.03759213786488001	0.0020285305358717217	True	True						False	False	False	SCML2
387	ENSG00000166704	1	putamen_basal_ganglia	M001	0.03759213786488001	1.0757004471309923	1.0757004471309923	1	0	0	1	coupled	0.621535394693187	0.5495322776949834	putamen_basal_ganglia	M001	cellular component organization, cellular component organization or biogenesis	1.414284993562781	1.208940889201689	1.654507727286557	1.0757004471309923	0.03759213786488001	0.0020285305358717217	True	True						False	False	False	ZNF606
388	ENSG00000091140	1	putamen_basal_ganglia	M001	0.03759213786488001	1.0757004471309923	1.0757004471309923	1	0	0	1	coupled	0.621535394693187	0.5488966139578411	putamen_basal_ganglia	M001	cellular component organization, cellular component organization or biogenesis	1.414284993562781	1.208940889201689	1.654507727286557	1.0757004471309923	0.03759213786488001	0.0020285305358717217	True	True						False	False	False	DLD
389	ENSG00000136878	1	putamen_basal_ganglia	M001	0.03759213786488001	1.0757004471309923	1.0757004471309923	1	0	0	1	coupled	0.621535394693187	0.5458804457234749	putamen_basal_ganglia	M001	cellular component organization, cellular component organization or biogenesis	1.414284993562781	1.208940889201689	1.654507727286557	1.0757004471309923	0.03759213786488001	0.0020285305358717217	True	True						False	False	False	USP20
390	ENSG00000101391	1	putamen_basal_ganglia	M001	0.03759213786488001	1.0757004471309923	1.0757004471309923	1	0	0	1	coupled	0.621535394693187	0.5458252396740411	putamen_basal_ganglia	M001	cellular component organization, cellular component organization or biogenesis	1.414284993562781	1.208940889201689	1.654507727286557	1.0757004471309923	0.03759213786488001	0.0020285305358717217	True	True						False	False	False	CDK5RAP1
391	ENSG00000166813	1	putamen_basal_ganglia	M001	0.03759213786488001	1.0757004471309923	1.0757004471309923	1	0	0	1	coupled	0.621535394693187	0.5454806413834377	putamen_basal_ganglia	M001	cellular component organization, cellular component organization or biogenesis	1.414284993562781	1.208940889201689	1.654507727286557	1.0757004471309923	0.03759213786488001	0.0020285305358717217	True	True						False	False	False	KIF7
392	ENSG00000137656	1	putamen_basal_ganglia	M001	0.03759213786488001	1.0757004471309923	1.0757004471309923	1	0	0	1	coupled	0.621535394693187	0.5444877271654769	putamen_basal_ganglia	M001	cellular component organization, cellular component organization or biogenesis	1.414284993562781	1.208940889201689	1.654507727286557	1.0757004471309923	0.03759213786488001	0.0020285305358717217	True	True						False	False	False	BUD13
393	ENSG00000205133	1	putamen_basal_ganglia	M001	0.03759213786488001	1.0757004471309923	1.0757004471309923	1	0	0	1	coupled	0.621535394693187	0.5442326993776087	putamen_basal_ganglia	M001	cellular component organization, cellular component organization or biogenesis	1.414284993562781	1.208940889201689	1.654507727286557	1.0757004471309923	0.03759213786488001	0.0020285305358717217	True	True						False	False	False	TRIQK
394	ENSG00000171885	1	putamen_basal_ganglia	M001	0.03759213786488001	1.0757004471309923	1.0757004471309923	1	0	0	1	coupled	0.621535394693187	0.5439814192826122	putamen_basal_ganglia	M001	cellular component organization, cellular component organization or biogenesis	1.414284993562781	1.208940889201689	1.654507727286557	1.0757004471309923	0.03759213786488001	0.0020285305358717217	True	True						False	False	False	AQP4
395	ENSG00000141858	1	putamen_basal_ganglia	M001	0.03759213786488001	1.0757004471309923	1.0757004471309923	1	0	0	1	discordant	0.621535394693187	0.5438040539407101	putamen_basal_ganglia	M001	cellular component organization, cellular component organization or biogenesis	1.414284993562781	1.208940889201689	1.654507727286557	1.0757004471309923	0.03759213786488001	0.0020285305358717217	True	True						False	False	False	SAMD1
396	ENSG00000244462	1	putamen_basal_ganglia	M001	0.03759213786488001	1.0757004471309923	1.0757004471309923	1	0	0	1	coupled	0.621535394693187	0.5425120457164133	putamen_basal_ganglia	M001	cellular component organization, cellular component organization or biogenesis	1.414284993562781	1.208940889201689	1.654507727286557	1.0757004471309923	0.03759213786488001	0.0020285305358717217	True	True						False	False	False	RBM12
397	ENSG00000166881	1	putamen_basal_ganglia	M001	0.03759213786488001	1.0757004471309923	1.0757004471309923	1	0	0	1	coupled	0.621535394693187	0.5419963516249502	putamen_basal_ganglia	M001	cellular component organization, cellular component organization or biogenesis	1.414284993562781	1.208940889201689	1.654507727286557	1.0757004471309923	0.03759213786488001	0.0020285305358717217	True	True						False	False	False	NEMP1
398	ENSG00000178685	1	putamen_basal_ganglia	M001	0.03759213786488001	1.0757004471309923	1.0757004471309923	1	0	0	1	discordant	0.621535394693187	0.5414383120693652	putamen_basal_ganglia	M001	cellular component organization, cellular component organization or biogenesis	1.414284993562781	1.208940889201689	1.654507727286557	1.0757004471309923	0.03759213786488001	0.0020285305358717217	True	True						False	False	False	PARP10
399	ENSG00000105983	1	putamen_basal_ganglia	M001	0.03759213786488001	1.0757004471309923	1.0757004471309923	1	0	0	1	coupled	0.621535394693187	0.5408506501839415	putamen_basal_ganglia	M001	cellular component organization, cellular component organization or biogenesis	1.414284993562781	1.208940889201689	1.654507727286557	1.0757004471309923	0.03759213786488001	0.0020285305358717217	True	True						False	False	False	LMBR1
400	ENSG00000135249	1	putamen_basal_ganglia	M001	0.03759213786488001	1.0757004471309923	1.0757004471309923	1	0	0	1	coupled	0.621535394693187	0.5405834108467338	putamen_basal_ganglia	M001	cellular component organization, cellular component organization or biogenesis	1.414284993562781	1.208940889201689	1.654507727286557	1.0757004471309923	0.03759213786488001	0.0020285305358717217	True	True						False	False	False	RINT1
401	ENSG00000119318	1	putamen_basal_ganglia	M001	0.03759213786488001	1.0757004471309923	1.0757004471309923	1	0	0	1	coupled	0.621535394693187	0.5395244152209169	putamen_basal_ganglia	M001	cellular component organization, cellular component organization or biogenesis	1.414284993562781	1.208940889201689	1.654507727286557	1.0757004471309923	0.03759213786488001	0.0020285305358717217	True	True						False	False	False	RAD23B
402	ENSG00000105556	1	putamen_basal_ganglia	M001	0.03759213786488001	1.0757004471309923	1.0757004471309923	1	0	0	1	coupled	0.621535394693187	0.538961967979061	putamen_basal_ganglia	M001	cellular component organization, cellular component organization or biogenesis	1.414284993562781	1.208940889201689	1.654507727286557	1.0757004471309923	0.03759213786488001	0.0020285305358717217	True	True						False	False	False	MIER2
403	ENSG00000205937	1	putamen_basal_ganglia	M001	0.03759213786488001	1.0757004471309923	1.0757004471309923	1	0	0	1	coupled	0.621535394693187	0.5388080552759771	putamen_basal_ganglia	M001	cellular component organization, cellular component organization or biogenesis	1.414284993562781	1.208940889201689	1.654507727286557	1.0757004471309923	0.03759213786488001	0.0020285305358717217	True	True						False	False	False	RNPS1
404	ENSG00000205476	1	putamen_basal_ganglia	M001	0.03759213786488001	1.0757004471309923	1.0757004471309923	1	0	0	1	discordant	0.621535394693187	0.5383030728532805	putamen_basal_ganglia	M001	cellular component organization, cellular component organization or biogenesis	1.414284993562781	1.208940889201689	1.654507727286557	1.0757004471309923	0.03759213786488001	0.0020285305358717217	True	True						False	False	False	CCDC85C
405	ENSG00000068438	1	putamen_basal_ganglia	M001	0.03759213786488001	1.0757004471309923	1.0757004471309923	1	0	0	1	discordant	0.621535394693187	0.537703112043372	putamen_basal_ganglia	M001	cellular component organization, cellular component organization or biogenesis	1.414284993562781	1.208940889201689	1.654507727286557	1.0757004471309923	0.03759213786488001	0.0020285305358717217	True	True						False	False	False	FTSJ1
406	ENSG00000149273	1	putamen_basal_ganglia	M001	0.03759213786488001	1.0757004471309923	1.0757004471309923	1	0	0	1	discordant	0.621535394693187	0.5367676287162079	putamen_basal_ganglia	M001	cellular component organization, cellular component organization or biogenesis	1.414284993562781	1.208940889201689	1.654507727286557	1.0757004471309923	0.03759213786488001	0.0020285305358717217	True	True						False	False	False	RPS3
407	ENSG00000196072	1	putamen_basal_ganglia	M001	0.03759213786488001	1.0757004471309923	1.0757004471309923	1	0	0	1	discordant	0.621535394693187	0.5352481422166195	putamen_basal_ganglia	M001	cellular component organization, cellular component organization or biogenesis	1.414284993562781	1.208940889201689	1.654507727286557	1.0757004471309923	0.03759213786488001	0.0020285305358717217	True	True						False	False	False	BLOC1S2
408	ENSG00000146350	1	putamen_basal_ganglia	M001	0.03759213786488001	1.0757004471309923	1.0757004471309923	1	0	0	1	coupled	0.621535394693187	0.5333710567780061	putamen_basal_ganglia	M001	cellular component organization, cellular component organization or biogenesis	1.414284993562781	1.208940889201689	1.654507727286557	1.0757004471309923	0.03759213786488001	0.0020285305358717217	True	True						False	False	False	TBC1D32
409	ENSG00000151748	1	putamen_basal_ganglia	M001	0.03759213786488001	1.0757004471309923	1.0757004471309923	1	0	0	1	discordant	0.621535394693187	0.5328228081131691	putamen_basal_ganglia	M001	cellular component organization, cellular component organization or biogenesis	1.414284993562781	1.208940889201689	1.654507727286557	1.0757004471309923	0.03759213786488001	0.0020285305358717217	True	True						False	False	False	SAV1
410	ENSG00000136830	1	putamen_basal_ganglia	M001	0.03759213786488001	1.0757004471309923	1.0757004471309923	1	0	0	1	switch_only	0.621535394693187	0.5326638275401959	putamen_basal_ganglia	M001	cellular component organization, cellular component organization or biogenesis	1.414284993562781	1.208940889201689	1.654507727286557	1.0757004471309923	0.03759213786488001	0.0020285305358717217	True	True						False	False	False	NIBAN2
411	ENSG00000187091	1	putamen_basal_ganglia	M001	0.03759213786488001	1.0757004471309923	1.0757004471309923	1	0	0	1	discordant	0.621535394693187	0.5324322280871591	putamen_basal_ganglia	M001	cellular component organization, cellular component organization or biogenesis	1.414284993562781	1.208940889201689	1.654507727286557	1.0757004471309923	0.03759213786488001	0.0020285305358717217	True	True						False	False	False	PLCD1
412	ENSG00000136167	1	putamen_basal_ganglia	M001	0.03759213786488001	1.0757004471309923	1.0757004471309923	1	0	0	1	coupled	0.621535394693187	0.5313233355937987	putamen_basal_ganglia	M001	cellular component organization, cellular component organization or biogenesis	1.414284993562781	1.208940889201689	1.654507727286557	1.0757004471309923	0.03759213786488001	0.0020285305358717217	True	True						False	False	False	LCP1
413	ENSG00000041357	1	putamen_basal_ganglia	M001	0.03759213786488001	1.0757004471309923	1.0757004471309923	1	0	0	1	discordant	0.621535394693187	0.5309221738488882	putamen_basal_ganglia	M001	cellular component organization, cellular component organization or biogenesis	1.414284993562781	1.208940889201689	1.654507727286557	1.0757004471309923	0.03759213786488001	0.0020285305358717217	True	True						False	False	False	PSMA4
414	ENSG00000100353	1	putamen_basal_ganglia	M001	0.03759213786488001	1.0757004471309923	1.0757004471309923	1	0	0	1	coupled	0.621535394693187	0.5301858698595147	putamen_basal_ganglia	M001	cellular component organization, cellular component organization or biogenesis	1.414284993562781	1.208940889201689	1.654507727286557	1.0757004471309923	0.03759213786488001	0.0020285305358717217	True	True						False	False	False	EIF3D
415	ENSG00000172159	1	putamen_basal_ganglia	M001	0.03759213786488001	1.0757004471309923	1.0757004471309923	1	0	0	1	switch_only	0.621535394693187	0.5298062505966971	putamen_basal_ganglia	M001	cellular component organization, cellular component organization or biogenesis	1.414284993562781	1.208940889201689	1.654507727286557	1.0757004471309923	0.03759213786488001	0.0020285305358717217	True	True						False	False	False	FRMD3
416	ENSG00000185591	1	putamen_basal_ganglia	M001	0.03759213786488001	1.0757004471309923	1.0757004471309923	1	0	0	1	coupled	0.621535394693187	0.5296257925577922	putamen_basal_ganglia	M001	cellular component organization, cellular component organization or biogenesis	1.414284993562781	1.208940889201689	1.654507727286557	1.0757004471309923	0.03759213786488001	0.0020285305358717217	True	True						False	False	False	SP1
417	ENSG00000133597	1	putamen_basal_ganglia	M001	0.03759213786488001	1.0757004471309923	1.0757004471309923	1	0	0	1	coupled	0.621535394693187	0.5291378536734335	putamen_basal_ganglia	M001	cellular component organization, cellular component organization or biogenesis	1.414284993562781	1.208940889201689	1.654507727286557	1.0757004471309923	0.03759213786488001	0.0020285305358717217	True	True						False	False	False	ADCK2
418	ENSG00000152256	1	putamen_basal_ganglia	M001	0.03759213786488001	1.0757004471309923	1.0757004471309923	1	0	0	1	discordant	0.621535394693187	0.5271103984435037	putamen_basal_ganglia	M001	cellular component organization, cellular component organization or biogenesis	1.414284993562781	1.208940889201689	1.654507727286557	1.0757004471309923	0.03759213786488001	0.0020285305358717217	True	True						False	False	False	PDK1
419	ENSG00000069122	1	putamen_basal_ganglia	M001	0.03759213786488001	1.0757004471309923	1.0757004471309923	1	0	0	1	switch_only	0.621535394693187	0.526861409712259	putamen_basal_ganglia	M001	cellular component organization, cellular component organization or biogenesis	1.414284993562781	1.208940889201689	1.654507727286557	1.0757004471309923	0.03759213786488001	0.0020285305358717217	True	True						False	False	False	ADGRF5
420	ENSG00000134533	1	putamen_basal_ganglia	M001	0.03759213786488001	1.0757004471309923	1.0757004471309923	1	0	0	1	coupled	0.621535394693187	0.5259048880228296	putamen_basal_ganglia	M001	cellular component organization, cellular component organization or biogenesis	1.414284993562781	1.208940889201689	1.654507727286557	1.0757004471309923	0.03759213786488001	0.0020285305358717217	True	True						False	False	False	RERG
421	ENSG00000159256	1	putamen_basal_ganglia	M001	0.03759213786488001	1.0757004471309923	1.0757004471309923	1	0	0	1	coupled	0.621535394693187	0.5242797421102531	putamen_basal_ganglia	M001	cellular component organization, cellular component organization or biogenesis	1.414284993562781	1.208940889201689	1.654507727286557	1.0757004471309923	0.03759213786488001	0.0020285305358717217	True	True						False	False	False	MORC3
422	ENSG00000153250	1	putamen_basal_ganglia	M001	0.03759213786488001	1.0757004471309923	1.0757004471309923	1	0	0	1	coupled	0.621535394693187	0.5242143276555313	putamen_basal_ganglia	M001	cellular component organization, cellular component organization or biogenesis	1.414284993562781	1.208940889201689	1.654507727286557	1.0757004471309923	0.03759213786488001	0.0020285305358717217	True	True						False	False	False	RBMS1
423	ENSG00000069431	1	putamen_basal_ganglia	M001	0.03759213786488001	1.0757004471309923	1.0757004471309923	1	0	0	1	switch_only	0.621535394693187	0.5234370353542769	putamen_basal_ganglia	M001	cellular component organization, cellular component organization or biogenesis	1.414284993562781	1.208940889201689	1.654507727286557	1.0757004471309923	0.03759213786488001	0.0020285305358717217	True	True						False	False	False	ABCC9
424	ENSG00000066855	1	putamen_basal_ganglia	M001	0.03759213786488001	1.0757004471309923	1.0757004471309923	1	0	0	1	coupled	0.621535394693187	0.5233578162960714	putamen_basal_ganglia	M001	cellular component organization, cellular component organization or biogenesis	1.414284993562781	1.208940889201689	1.654507727286557	1.0757004471309923	0.03759213786488001	0.0020285305358717217	True	True						False	False	False	MTFR1
425	ENSG00000105176	1	putamen_basal_ganglia	M001	0.03759213786488001	1.0757004471309923	1.0757004471309923	1	0	0	1	coupled	0.621535394693187	0.5224834306776548	putamen_basal_ganglia	M001	cellular component organization, cellular component organization or biogenesis	1.414284993562781	1.208940889201689	1.654507727286557	1.0757004471309923	0.03759213786488001	0.0020285305358717217	True	True						False	False	False	URI1
426	ENSG00000163686	1	putamen_basal_ganglia	M001	0.03759213786488001	1.0757004471309923	1.0757004471309923	1	0	0	1	coupled	0.621535394693187	0.5219705298860288	putamen_basal_ganglia	M001	cellular component organization, cellular component organization or biogenesis	1.414284993562781	1.208940889201689	1.654507727286557	1.0757004471309923	0.03759213786488001	0.0020285305358717217	True	True						False	False	False	ABHD6
427	ENSG00000143436	1	putamen_basal_ganglia	M001	0.03759213786488001	1.0757004471309923	1.0757004471309923	1	0	0	1	coupled	0.621535394693187	0.5211798957362803	putamen_basal_ganglia	M001	cellular component organization, cellular component organization or biogenesis	1.414284993562781	1.208940889201689	1.654507727286557	1.0757004471309923	0.03759213786488001	0.0020285305358717217	True	True						False	False	False	MRPL9
428	ENSG00000182957	1	putamen_basal_ganglia	M001	0.03759213786488001	1.0757004471309923	1.0757004471309923	1	0	0	1	coupled	0.621535394693187	0.5191704622413281	putamen_basal_ganglia	M001	cellular component organization, cellular component organization or biogenesis	1.414284993562781	1.208940889201689	1.654507727286557	1.0757004471309923	0.03759213786488001	0.0020285305358717217	True	True						False	False	False	SPATA13
429	ENSG00000117697	1	putamen_basal_ganglia	M001	0.03759213786488001	1.0757004471309923	1.0757004471309923	1	0	0	1	coupled	0.621535394693187	0.5191603292344017	putamen_basal_ganglia	M001	cellular component organization, cellular component organization or biogenesis	1.414284993562781	1.208940889201689	1.654507727286557	1.0757004471309923	0.03759213786488001	0.0020285305358717217	True	True						False	False	False	NSL1
430	ENSG00000076650	1	putamen_basal_ganglia	M001	0.03759213786488001	1.0757004471309923	1.0757004471309923	1	0	0	1	discordant	0.621535394693187	0.5188376655523109	putamen_basal_ganglia	M001	cellular component organization, cellular component organization or biogenesis	1.414284993562781	1.208940889201689	1.654507727286557	1.0757004471309923	0.03759213786488001	0.0020285305358717217	True	True						False	False	False	GPATCH1
431	ENSG00000139613	1	putamen_basal_ganglia	M001	0.03759213786488001	1.0757004471309923	1.0757004471309923	1	0	0	1	coupled	0.621535394693187	0.517934916280304	putamen_basal_ganglia	M001	cellular component organization, cellular component organization or biogenesis	1.414284993562781	1.208940889201689	1.654507727286557	1.0757004471309923	0.03759213786488001	0.0020285305358717217	True	True						False	False	False	SMARCC2
432	ENSG00000143641	1	putamen_basal_ganglia	M001	0.03759213786488001	1.0757004471309923	1.0757004471309923	1	0	0	1	coupled	0.621535394693187	0.5173671705271429	putamen_basal_ganglia	M001	cellular component organization, cellular component organization or biogenesis	1.414284993562781	1.208940889201689	1.654507727286557	1.0757004471309923	0.03759213786488001	0.0020285305358717217	True	True						False	False	False	GALNT2
433	ENSG00000086589	1	putamen_basal_ganglia	M001	0.03759213786488001	1.0757004471309923	1.0757004471309923	1	0	0	1	coupled	0.621535394693187	0.5165271893588138	putamen_basal_ganglia	M001	cellular component organization, cellular component organization or biogenesis	1.414284993562781	1.208940889201689	1.654507727286557	1.0757004471309923	0.03759213786488001	0.0020285305358717217	True	True						False	False	False	RBM22
434	ENSG00000172493	1	putamen_basal_ganglia	M001	0.03759213786488001	1.0757004471309923	1.0757004471309923	1	0	0	1	coupled	0.621535394693187	0.5158762911603141	putamen_basal_ganglia	M001	cellular component organization, cellular component organization or biogenesis	1.414284993562781	1.208940889201689	1.654507727286557	1.0757004471309923	0.03759213786488001	0.0020285305358717217	True	True						False	False	False	AFF1
435	ENSG00000119335	1	putamen_basal_ganglia	M001	0.03759213786488001	1.0757004471309923	1.0757004471309923	1	0	0	1	discordant	0.621535394693187	0.512881848500764	putamen_basal_ganglia	M001	cellular component organization, cellular component organization or biogenesis	1.414284993562781	1.208940889201689	1.654507727286557	1.0757004471309923	0.03759213786488001	0.0020285305358717217	True	True						False	False	False	SET
436	ENSG00000185634	1	putamen_basal_ganglia	M001	0.03759213786488001	1.0757004471309923	1.0757004471309923	1	0	0	1	coupled	0.621535394693187	0.5122999705023015	putamen_basal_ganglia	M001	cellular component organization, cellular component organization or biogenesis	1.414284993562781	1.208940889201689	1.654507727286557	1.0757004471309923	0.03759213786488001	0.0020285305358717217	True	True						False	False	False	SHC4
437	ENSG00000175467	1	putamen_basal_ganglia	M001	0.03759213786488001	1.0757004471309923	1.0757004471309923	1	0	0	1	coupled	0.621535394693187	0.5101138049021132	putamen_basal_ganglia	M001	cellular component organization, cellular component organization or biogenesis	1.414284993562781	1.208940889201689	1.654507727286557	1.0757004471309923	0.03759213786488001	0.0020285305358717217	True	True						False	False	False	SART1
438	ENSG00000107140	1	putamen_basal_ganglia	M001	0.03759213786488001	1.0757004471309923	1.0757004471309923	1	0	0	1	coupled	0.621535394693187	0.5096348007663769	putamen_basal_ganglia	M001	cellular component organization, cellular component organization or biogenesis	1.414284993562781	1.208940889201689	1.654507727286557	1.0757004471309923	0.03759213786488001	0.0020285305358717217	True	True						False	False	False	TESK1
439	ENSG00000115970	1	putamen_basal_ganglia	M001	0.03759213786488001	1.0757004471309923	1.0757004471309923	1	0	0	1	coupled	0.621535394693187	0.5088469698341753	putamen_basal_ganglia	M001	cellular component organization, cellular component organization or biogenesis	1.414284993562781	1.208940889201689	1.654507727286557	1.0757004471309923	0.03759213786488001	0.0020285305358717217	True	True						False	False	False	THADA
440	ENSG00000075240	1	putamen_basal_ganglia	M001	0.03759213786488001	1.0757004471309923	1.0757004471309923	1	0	0	1	coupled	0.621535394693187	0.5079349821118652	putamen_basal_ganglia	M001	cellular component organization, cellular component organization or biogenesis	1.414284993562781	1.208940889201689	1.654507727286557	1.0757004471309923	0.03759213786488001	0.0020285305358717217	True	True						False	False	False	GRAMD4
441	ENSG00000119707	1	putamen_basal_ganglia	M001	0.03759213786488001	1.0757004471309923	1.0757004471309923	1	0	0	1	coupled	0.621535394693187	0.5071590746986081	putamen_basal_ganglia	M001	cellular component organization, cellular component organization or biogenesis	1.414284993562781	1.208940889201689	1.654507727286557	1.0757004471309923	0.03759213786488001	0.0020285305358717217	True	True						False	False	False	RBM25
442	ENSG00000293188	1	putamen_basal_ganglia	M001	0.03759213786488001	1.0757004471309923	1.0757004471309923	1	0	0	1	discordant	0.621535394693187	0.506857506947691	putamen_basal_ganglia	M001	cellular component organization, cellular component organization or biogenesis	1.414284993562781	1.208940889201689	1.654507727286557	1.0757004471309923	0.03759213786488001	0.0020285305358717217	True	True						False	False	False	ENSG00000293188
443	ENSG00000164329	1	putamen_basal_ganglia	M001	0.03759213786488001	1.0757004471309923	1.0757004471309923	1	0	0	1	discordant	0.621535394693187	0.5061308835902703	putamen_basal_ganglia	M001	cellular component organization, cellular component organization or biogenesis	1.414284993562781	1.208940889201689	1.654507727286557	1.0757004471309923	0.03759213786488001	0.0020285305358717217	True	True						False	False	False	TENT2
444	ENSG00000133393	1	putamen_basal_ganglia	M001	0.03759213786488001	1.0757004471309923	1.0757004471309923	1	0	0	1	discordant	0.621535394693187	0.5048615166705783	putamen_basal_ganglia	M001	cellular component organization, cellular component organization or biogenesis	1.414284993562781	1.208940889201689	1.654507727286557	1.0757004471309923	0.03759213786488001	0.0020285305358717217	True	True						False	False	False	CEP20
445	ENSG00000031823	1	putamen_basal_ganglia	M001	0.03759213786488001	1.0757004471309923	1.0757004471309923	1	0	0	1	coupled	0.621535394693187	0.5048410217110607	putamen_basal_ganglia	M001	cellular component organization, cellular component organization or biogenesis	1.414284993562781	1.208940889201689	1.654507727286557	1.0757004471309923	0.03759213786488001	0.0020285305358717217	True	True						False	False	False	RANBP3
446	ENSG00000136279	1	putamen_basal_ganglia	M001	0.03759213786488001	1.0757004471309923	1.0757004471309923	1	0	0	1	coupled	0.621535394693187	0.5041102713986507	putamen_basal_ganglia	M001	cellular component organization, cellular component organization or biogenesis	1.414284993562781	1.208940889201689	1.654507727286557	1.0757004471309923	0.03759213786488001	0.0020285305358717217	True	True						False	False	False	DBNL
447	ENSG00000136935	1	putamen_basal_ganglia	M001	0.03759213786488001	1.0757004471309923	1.0757004471309923	1	0	0	1	coupled	0.621535394693187	0.5034965908113307	putamen_basal_ganglia	M001	cellular component organization, cellular component organization or biogenesis	1.414284993562781	1.208940889201689	1.654507727286557	1.0757004471309923	0.03759213786488001	0.0020285305358717217	True	True						False	False	False	GOLGA1
448	ENSG00000184009	1	putamen_basal_ganglia	M001	0.03759213786488001	1.0757004471309923	1.0757004471309923	1	0	0	1	discordant	0.621535394693187	0.5026949612327953	putamen_basal_ganglia	M001	cellular component organization, cellular component organization or biogenesis	1.414284993562781	1.208940889201689	1.654507727286557	1.0757004471309923	0.03759213786488001	0.0020285305358717217	True	True						False	False	False	ACTG1
449	ENSG00000172845	1	putamen_basal_ganglia	M001	0.03759213786488001	1.0757004471309923	1.0757004471309923	1	0	0	1	coupled	0.621535394693187	0.5026508940471585	putamen_basal_ganglia	M001	cellular component organization, cellular component organization or biogenesis	1.414284993562781	1.208940889201689	1.654507727286557	1.0757004471309923	0.03759213786488001	0.0020285305358717217	True	True						False	False	False	SP3
450	ENSG00000157625	1	putamen_basal_ganglia	M001	0.03759213786488001	1.0757004471309923	1.0757004471309923	1	0	0	1	discordant	0.621535394693187	0.502619154827536	putamen_basal_ganglia	M001	cellular component organization, cellular component organization or biogenesis	1.414284993562781	1.208940889201689	1.654507727286557	1.0757004471309923	0.03759213786488001	0.0020285305358717217	True	True						False	False	False	TAB3
451	ENSG00000065526	1	putamen_basal_ganglia	M001	0.03759213786488001	1.0757004471309923	1.0757004471309923	1	0	0	1	coupled	0.621535394693187	0.5014454769991421	putamen_basal_ganglia	M001	cellular component organization, cellular component organization or biogenesis	1.414284993562781	1.208940889201689	1.654507727286557	1.0757004471309923	0.03759213786488001	0.0020285305358717217	True	True						False	False	False	SPEN
452	ENSG00000091622	1	putamen_basal_ganglia	M001	0.03759213786488001	1.0757004471309923	1.0757004471309923	1	0	0	1	coupled	0.621535394693187	0.5000889758341606	putamen_basal_ganglia	M001	cellular component organization, cellular component organization or biogenesis	1.414284993562781	1.208940889201689	1.654507727286557	1.0757004471309923	0.03759213786488001	0.0020285305358717217	True	True						False	False	False	PITPNM3
453	ENSG00000121741	1	putamen_basal_ganglia	M001	0.03759213786488001	1.0757004471309923	1.0757004471309923	1	0	0	1	coupled	0.621535394693187	0.49965666065479425	putamen_basal_ganglia	M001	cellular component organization, cellular component organization or biogenesis	1.414284993562781	1.208940889201689	1.654507727286557	1.0757004471309923	0.03759213786488001	0.0020285305358717217	True	True						False	False	False	ZMYM2
454	ENSG00000189056	1	putamen_basal_ganglia	M001	0.03759213786488001	1.0757004471309923	1.0757004471309923	1	0	0	1	discordant	0.621535394693187	0.4996321480037551	putamen_basal_ganglia	M001	cellular component organization, cellular component organization or biogenesis	1.414284993562781	1.208940889201689	1.654507727286557	1.0757004471309923	0.03759213786488001	0.0020285305358717217	True	True						False	False	False	RELN
455	ENSG00000140471	1	putamen_basal_ganglia	M001	0.03759213786488001	1.0757004471309923	1.0757004471309923	1	0	0	1	discordant	0.621535394693187	0.4967200153680099	putamen_basal_ganglia	M001	cellular component organization, cellular component organization or biogenesis	1.414284993562781	1.208940889201689	1.654507727286557	1.0757004471309923	0.03759213786488001	0.0020285305358717217	True	True						False	False	False	LINS1
456	ENSG00000168785	1	putamen_basal_ganglia	M001	0.03759213786488001	1.0757004471309923	1.0757004471309923	1	0	0	1	discordant	0.621535394693187	0.49567860505777744	putamen_basal_ganglia	M001	cellular component organization, cellular component organization or biogenesis	1.414284993562781	1.208940889201689	1.654507727286557	1.0757004471309923	0.03759213786488001	0.0020285305358717217	True	True						False	False	False	TSPAN5
457	ENSG00000131375	1	putamen_basal_ganglia	M001	0.03759213786488001	1.0757004471309923	1.0757004471309923	1	0	0	1	discordant	0.621535394693187	0.49512708371502345	putamen_basal_ganglia	M001	cellular component organization, cellular component organization or biogenesis	1.414284993562781	1.208940889201689	1.654507727286557	1.0757004471309923	0.03759213786488001	0.0020285305358717217	True	True						False	False	False	CAPN7
458	ENSG00000137871	1	putamen_basal_ganglia	M001	0.03759213786488001	1.0757004471309923	1.0757004471309923	1	0	0	1	discordant	0.621535394693187	0.4948519100233958	putamen_basal_ganglia	M001	cellular component organization, cellular component organization or biogenesis	1.414284993562781	1.208940889201689	1.654507727286557	1.0757004471309923	0.03759213786488001	0.0020285305358717217	True	True						False	False	False	ZNF280D
459	ENSG00000175093	1	putamen_basal_ganglia	M001	0.03759213786488001	1.0757004471309923	1.0757004471309923	1	0	0	1	coupled	0.621535394693187	0.49456576084107323	putamen_basal_ganglia	M001	cellular component organization, cellular component organization or biogenesis	1.414284993562781	1.208940889201689	1.654507727286557	1.0757004471309923	0.03759213786488001	0.0020285305358717217	True	True						False	False	False	SPSB4
460	ENSG00000153815	1	putamen_basal_ganglia	M001	0.03759213786488001	1.0757004471309923	1.0757004471309923	1	0	0	1	coupled	0.621535394693187	0.49048812392955937	putamen_basal_ganglia	M001	cellular component organization, cellular component organization or biogenesis	1.414284993562781	1.208940889201689	1.654507727286557	1.0757004471309923	0.03759213786488001	0.0020285305358717217	True	True						False	False	False	CMIP
461	ENSG00000155755	1	putamen_basal_ganglia	M001	0.03759213786488001	1.0757004471309923	1.0757004471309923	1	0	0	1	coupled	0.621535394693187	0.4888480135032422	putamen_basal_ganglia	M001	cellular component organization, cellular component organization or biogenesis	1.414284993562781	1.208940889201689	1.654507727286557	1.0757004471309923	0.03759213786488001	0.0020285305358717217	True	True						False	False	False	TMEM237
462	ENSG00000085719	1	putamen_basal_ganglia	M001	0.03759213786488001	1.0757004471309923	1.0757004471309923	1	0	0	1	discordant	0.621535394693187	0.488119442867285	putamen_basal_ganglia	M001	cellular component organization, cellular component organization or biogenesis	1.414284993562781	1.208940889201689	1.654507727286557	1.0757004471309923	0.03759213786488001	0.0020285305358717217	True	True						False	False	False	CPNE3
463	ENSG00000105088	1	putamen_basal_ganglia	M001	0.03759213786488001	1.0757004471309923	1.0757004471309923	1	0	0	1	switch_only	0.621535394693187	0.4867339091157714	putamen_basal_ganglia	M001	cellular component organization, cellular component organization or biogenesis	1.414284993562781	1.208940889201689	1.654507727286557	1.0757004471309923	0.03759213786488001	0.0020285305358717217	True	True						False	False	False	OLFM2
464	ENSG00000134452	1	putamen_basal_ganglia	M001	0.03759213786488001	1.0757004471309923	1.0757004471309923	1	0	0	1	coupled	0.621535394693187	0.4866052267562693	putamen_basal_ganglia	M001	cellular component organization, cellular component organization or biogenesis	1.414284993562781	1.208940889201689	1.654507727286557	1.0757004471309923	0.03759213786488001	0.0020285305358717217	True	True						False	False	False	FBH1
465	ENSG00000107036	1	putamen_basal_ganglia	M001	0.03759213786488001	1.0757004471309923	1.0757004471309923	1	0	0	1	coupled	0.621535394693187	0.4863226183397506	putamen_basal_ganglia	M001	cellular component organization, cellular component organization or biogenesis	1.414284993562781	1.208940889201689	1.654507727286557	1.0757004471309923	0.03759213786488001	0.0020285305358717217	True	True						False	False	False	RIC1
466	ENSG00000120885	1	putamen_basal_ganglia	M001	0.03759213786488001	1.0757004471309923	1.0757004471309923	1	0	0	1	switch_only	0.621535394693187	0.4826085315271623	putamen_basal_ganglia	M001	cellular component organization, cellular component organization or biogenesis	1.414284993562781	1.208940889201689	1.654507727286557	1.0757004471309923	0.03759213786488001	0.0020285305358717217	True	True						False	False	False	CLU
467	ENSG00000139146	1	putamen_basal_ganglia	M001	0.03759213786488001	1.0757004471309923	1.0757004471309923	1	0	0	1	coupled	0.621535394693187	0.4812354750907604	putamen_basal_ganglia	M001	cellular component organization, cellular component organization or biogenesis	1.414284993562781	1.208940889201689	1.654507727286557	1.0757004471309923	0.03759213786488001	0.0020285305358717217	True	True						False	False	False	SINHCAF
468	ENSG00000183891	1	putamen_basal_ganglia	M001	0.03759213786488001	1.0757004471309923	1.0757004471309923	1	0	0	1	discordant	0.621535394693187	0.4794125949248754	putamen_basal_ganglia	M001	cellular component organization, cellular component organization or biogenesis	1.414284993562781	1.208940889201689	1.654507727286557	1.0757004471309923	0.03759213786488001	0.0020285305358717217	True	True						False	False	False	TTC32
469	ENSG00000165895	1	putamen_basal_ganglia	M001	0.03759213786488001	1.0757004471309923	1.0757004471309923	1	0	0	1	switch_only	0.621535394693187	0.4776748184687599	putamen_basal_ganglia	M001	cellular component organization, cellular component organization or biogenesis	1.414284993562781	1.208940889201689	1.654507727286557	1.0757004471309923	0.03759213786488001	0.0020285305358717217	True	True						False	False	False	ARHGAP42
470	ENSG00000124228	1	putamen_basal_ganglia	M001	0.03759213786488001	1.0757004471309923	1.0757004471309923	1	0	0	1	coupled	0.621535394693187	0.4759822990038918	putamen_basal_ganglia	M001	cellular component organization, cellular component organization or biogenesis	1.414284993562781	1.208940889201689	1.654507727286557	1.0757004471309923	0.03759213786488001	0.0020285305358717217	True	True						False	False	False	DDX27
471	ENSG00000111667	1	putamen_basal_ganglia	M001	0.03759213786488001	1.0757004471309923	1.0757004471309923	1	0	0	1	discordant	0.621535394693187	0.47577303247820457	putamen_basal_ganglia	M001	cellular component organization, cellular component organization or biogenesis	1.414284993562781	1.208940889201689	1.654507727286557	1.0757004471309923	0.03759213786488001	0.0020285305358717217	True	True						False	False	False	USP5
472	ENSG00000153207	1	putamen_basal_ganglia	M001	0.03759213786488001	1.0757004471309923	1.0757004471309923	1	0	0	1	coupled	0.621535394693187	0.474698021424774	putamen_basal_ganglia	M001	cellular component organization, cellular component organization or biogenesis	1.414284993562781	1.208940889201689	1.654507727286557	1.0757004471309923	0.03759213786488001	0.0020285305358717217	True	True						False	False	False	AHCTF1
473	ENSG00000153975	1	putamen_basal_ganglia	M001	0.03759213786488001	1.0757004471309923	1.0757004471309923	1	0	0	1	coupled	0.621535394693187	0.4744750745821106	putamen_basal_ganglia	M001	cellular component organization, cellular component organization or biogenesis	1.414284993562781	1.208940889201689	1.654507727286557	1.0757004471309923	0.03759213786488001	0.0020285305358717217	True	True						False	False	False	ZUP1
474	ENSG00000197619	1	putamen_basal_ganglia	M001	0.03759213786488001	1.0757004471309923	1.0757004471309923	1	0	0	1	coupled	0.621535394693187	0.47374782295032297	putamen_basal_ganglia	M001	cellular component organization, cellular component organization or biogenesis	1.414284993562781	1.208940889201689	1.654507727286557	1.0757004471309923	0.03759213786488001	0.0020285305358717217	True	True						False	False	False	ZNF615
475	ENSG00000003989	1	putamen_basal_ganglia	M001	0.03759213786488001	1.0757004471309923	1.0757004471309923	1	0	0	1	coupled	0.621535394693187	0.4735575014482811	putamen_basal_ganglia	M001	cellular component organization, cellular component organization or biogenesis	1.414284993562781	1.208940889201689	1.654507727286557	1.0757004471309923	0.03759213786488001	0.0020285305358717217	True	True						False	False	False	SLC7A2
476	ENSG00000090487	1	putamen_basal_ganglia	M001	0.03759213786488001	1.0757004471309923	1.0757004471309923	1	0	0	1	coupled	0.621535394693187	0.47330230675760054	putamen_basal_ganglia	M001	cellular component organization, cellular component organization or biogenesis	1.414284993562781	1.208940889201689	1.654507727286557	1.0757004471309923	0.03759213786488001	0.0020285305358717217	True	True						False	False	False	SPG21
477	ENSG00000150347	1	putamen_basal_ganglia	M001	0.03759213786488001	1.0757004471309923	1.0757004471309923	1	0	0	1	coupled	0.621535394693187	0.47262741977930117	putamen_basal_ganglia	M001	cellular component organization, cellular component organization or biogenesis	1.414284993562781	1.208940889201689	1.654507727286557	1.0757004471309923	0.03759213786488001	0.0020285305358717217	True	True						False	False	False	ARID5B
478	ENSG00000115866	1	putamen_basal_ganglia	M001	0.03759213786488001	1.0757004471309923	1.0757004471309923	1	0	0	1	discordant	0.621535394693187	0.47246791705384106	putamen_basal_ganglia	M001	cellular component organization, cellular component organization or biogenesis	1.414284993562781	1.208940889201689	1.654507727286557	1.0757004471309923	0.03759213786488001	0.0020285305358717217	True	True						False	False	False	DARS1
479	ENSG00000145147	1	putamen_basal_ganglia	M001	0.03759213786488001	1.0757004471309923	1.0757004471309923	1	0	0	1	discordant	0.621535394693187	0.4723185148874166	putamen_basal_ganglia	M001	cellular component organization, cellular component organization or biogenesis	1.414284993562781	1.208940889201689	1.654507727286557	1.0757004471309923	0.03759213786488001	0.0020285305358717217	True	True						False	False	False	SLIT2
480	ENSG00000112081	1	putamen_basal_ganglia	M001	0.03759213786488001	1.0757004471309923	1.0757004471309923	1	0	0	1	discordant	0.621535394693187	0.4721910845103673	putamen_basal_ganglia	M001	cellular component organization, cellular component organization or biogenesis	1.414284993562781	1.208940889201689	1.654507727286557	1.0757004471309923	0.03759213786488001	0.0020285305358717217	True	True						False	False	False	SRSF3
481	ENSG00000163378	1	putamen_basal_ganglia	M001	0.03759213786488001	1.0757004471309923	1.0757004471309923	1	0	0	1	discordant	0.621535394693187	0.47056336598163623	putamen_basal_ganglia	M001	cellular component organization, cellular component organization or biogenesis	1.414284993562781	1.208940889201689	1.654507727286557	1.0757004471309923	0.03759213786488001	0.0020285305358717217	True	True						False	False	False	EOGT
482	ENSG00000286833	1	putamen_basal_ganglia	M001	0.03759213786488001	1.0757004471309923	1.0757004471309923	1	0	0	1	discordant	0.621535394693187	0.4698590364113484	putamen_basal_ganglia	M001	cellular component organization, cellular component organization or biogenesis	1.414284993562781	1.208940889201689	1.654507727286557	1.0757004471309923	0.03759213786488001	0.0020285305358717217	True	True						False	False	False	ENSG00000286833
483	ENSG00000154917	1	putamen_basal_ganglia	M001	0.03759213786488001	1.0757004471309923	1.0757004471309923	1	0	0	1	discordant	0.621535394693187	0.46893304455661	putamen_basal_ganglia	M001	cellular component organization, cellular component organization or biogenesis	1.414284993562781	1.208940889201689	1.654507727286557	1.0757004471309923	0.03759213786488001	0.0020285305358717217	True	True						False	False	False	RAB6B
484	ENSG00000072071	1	putamen_basal_ganglia	M001	0.03759213786488001	1.0757004471309923	1.0757004471309923	1	0	0	1	discordant	0.621535394693187	0.4668848452008767	putamen_basal_ganglia	M001	cellular component organization, cellular component organization or biogenesis	1.414284993562781	1.208940889201689	1.654507727286557	1.0757004471309923	0.03759213786488001	0.0020285305358717217	True	True						False	False	False	ADGRL1
485	ENSG00000100592	1	putamen_basal_ganglia	M001	0.03759213786488001	1.0757004471309923	1.0757004471309923	1	0	0	1	coupled	0.621535394693187	0.46657325423237267	putamen_basal_ganglia	M001	cellular component organization, cellular component organization or biogenesis	1.414284993562781	1.208940889201689	1.654507727286557	1.0757004471309923	0.03759213786488001	0.0020285305358717217	True	True						False	False	False	DAAM1
486	ENSG00000110442	1	putamen_basal_ganglia	M001	0.03759213786488001	1.0757004471309923	1.0757004471309923	1	0	0	1	coupled	0.621535394693187	0.4661275269672433	putamen_basal_ganglia	M001	cellular component organization, cellular component organization or biogenesis	1.414284993562781	1.208940889201689	1.654507727286557	1.0757004471309923	0.03759213786488001	0.0020285305358717217	True	True						False	False	False	COMMD9
487	ENSG00000198718	1	putamen_basal_ganglia	M001	0.03759213786488001	1.0757004471309923	1.0757004471309923	1	0	0	1	discordant	0.621535394693187	0.4651172612306555	putamen_basal_ganglia	M001	cellular component organization, cellular component organization or biogenesis	1.414284993562781	1.208940889201689	1.654507727286557	1.0757004471309923	0.03759213786488001	0.0020285305358717217	True	True						False	False	False	TOGARAM1
488	ENSG00000163788	1	putamen_basal_ganglia	M001	0.03759213786488001	1.0757004471309923	1.0757004471309923	1	0	0	1	coupled	0.621535394693187	0.4648422336624831	putamen_basal_ganglia	M001	cellular component organization, cellular component organization or biogenesis	1.414284993562781	1.208940889201689	1.654507727286557	1.0757004471309923	0.03759213786488001	0.0020285305358717217	True	True						False	False	False	SNRK
489	ENSG00000243335	1	putamen_basal_ganglia	M001	0.03759213786488001	1.0757004471309923	1.0757004471309923	1	0	0	1	coupled	0.621535394693187	0.4648175751643555	putamen_basal_ganglia	M001	cellular component organization, cellular component organization or biogenesis	1.414284993562781	1.208940889201689	1.654507727286557	1.0757004471309923	0.03759213786488001	0.0020285305358717217	True	True						False	False	False	KCTD7
490	ENSG00000128829	1	putamen_basal_ganglia	M001	0.03759213786488001	1.0757004471309923	1.0757004471309923	1	0	0	1	coupled	0.621535394693187	0.4626469855289861	putamen_basal_ganglia	M001	cellular component organization, cellular component organization or biogenesis	1.414284993562781	1.208940889201689	1.654507727286557	1.0757004471309923	0.03759213786488001	0.0020285305358717217	True	True						False	False	False	EIF2AK4
491	ENSG00000131127	1	putamen_basal_ganglia	M001	0.03759213786488001	1.0757004471309923	1.0757004471309923	1	0	0	1	discordant	0.621535394693187	0.4611593683546168	putamen_basal_ganglia	M001	cellular component organization, cellular component organization or biogenesis	1.414284993562781	1.208940889201689	1.654507727286557	1.0757004471309923	0.03759213786488001	0.0020285305358717217	True	True						False	False	False	ZNF141
492	ENSG00000198556	1	putamen_basal_ganglia	M001	0.03759213786488001	1.0757004471309923	1.0757004471309923	1	0	0	1	discordant	0.621535394693187	0.4596610341058111	putamen_basal_ganglia	M001	cellular component organization, cellular component organization or biogenesis	1.414284993562781	1.208940889201689	1.654507727286557	1.0757004471309923	0.03759213786488001	0.0020285305358717217	True	True						False	False	False	ZNF789
493	ENSG00000144579	1	putamen_basal_ganglia	M001	0.03759213786488001	1.0757004471309923	1.0757004471309923	1	0	0	1	switch_only	0.621535394693187	0.45822574526550414	putamen_basal_ganglia	M001	cellular component organization, cellular component organization or biogenesis	1.414284993562781	1.208940889201689	1.654507727286557	1.0757004471309923	0.03759213786488001	0.0020285305358717217	True	True						False	False	False	CTDSP1
494	ENSG00000116649	1	putamen_basal_ganglia	M001	0.03759213786488001	1.0757004471309923	1.0757004471309923	1	0	0	1	coupled	0.621535394693187	0.4578542206199844	putamen_basal_ganglia	M001	cellular component organization, cellular component organization or biogenesis	1.414284993562781	1.208940889201689	1.654507727286557	1.0757004471309923	0.03759213786488001	0.0020285305358717217	True	True						False	False	False	SRM
495	ENSG00000152620	1	putamen_basal_ganglia	M001	0.03759213786488001	1.0757004471309923	1.0757004471309923	1	0	0	1	coupled	0.621535394693187	0.45632141079972355	putamen_basal_ganglia	M001	cellular component organization, cellular component organization or biogenesis	1.414284993562781	1.208940889201689	1.654507727286557	1.0757004471309923	0.03759213786488001	0.0020285305358717217	True	True						False	False	False	NADK2
496	ENSG00000154305	1	putamen_basal_ganglia	M001	0.03759213786488001	1.0757004471309923	1.0757004471309923	1	0	0	1	coupled	0.621535394693187	0.45581155535631057	putamen_basal_ganglia	M001	cellular component organization, cellular component organization or biogenesis	1.414284993562781	1.208940889201689	1.654507727286557	1.0757004471309923	0.03759213786488001	0.0020285305358717217	True	True						False	False	False	MIA3
497	ENSG00000115415	1	putamen_basal_ganglia	M001	0.03759213786488001	1.0757004471309923	1.0757004471309923	1	0	0	1	discordant	0.621535394693187	0.45448205684555004	putamen_basal_ganglia	M001	cellular component organization, cellular component organization or biogenesis	1.414284993562781	1.208940889201689	1.654507727286557	1.0757004471309923	0.03759213786488001	0.0020285305358717217	True	True						False	False	False	STAT1
498	ENSG00000110756	1	putamen_basal_ganglia	M001	0.03759213786488001	1.0757004471309923	1.0757004471309923	1	0	0	1	coupled	0.621535394693187	0.4544402086572506	putamen_basal_ganglia	M001	cellular component organization, cellular component organization or biogenesis	1.414284993562781	1.208940889201689	1.654507727286557	1.0757004471309923	0.03759213786488001	0.0020285305358717217	True	True						False	False	False	HPS5
499	ENSG00000100504	1	putamen_basal_ganglia	M001	0.03759213786488001	1.0757004471309923	1.0757004471309923	1	0	0	1	coupled	0.621535394693187	0.4540729390783746	putamen_basal_ganglia	M001	cellular component organization, cellular component organization or biogenesis	1.414284993562781	1.208940889201689	1.654507727286557	1.0757004471309923	0.03759213786488001	0.0020285305358717217	True	True						False	False	False	PYGL
500	ENSG00000167693	1	putamen_basal_ganglia	M001	0.03759213786488001	1.0757004471309923	1.0757004471309923	1	0	0	1	coupled	0.621535394693187	0.45329786524918614	putamen_basal_ganglia	M001	cellular component organization, cellular component organization or biogenesis	1.414284993562781	1.208940889201689	1.654507727286557	1.0757004471309923	0.03759213786488001	0.0020285305358717217	True	True						False	False	False	NXN
501	ENSG00000198182	1	putamen_basal_ganglia	M001	0.03759213786488001	1.0757004471309923	1.0757004471309923	1	0	0	1	coupled	0.621535394693187	0.45294637329143156	putamen_basal_ganglia	M001	cellular component organization, cellular component organization or biogenesis	1.414284993562781	1.208940889201689	1.654507727286557	1.0757004471309923	0.03759213786488001	0.0020285305358717217	True	True						False	False	False	ZNF607
502	ENSG00000139117	1	putamen_basal_ganglia	M001	0.03759213786488001	1.0757004471309923	1.0757004471309923	1	0	0	1	discordant	0.621535394693187	0.45217384380863657	putamen_basal_ganglia	M001	cellular component organization, cellular component organization or biogenesis	1.414284993562781	1.208940889201689	1.654507727286557	1.0757004471309923	0.03759213786488001	0.0020285305358717217	True	True						False	False	False	CPNE8
503	ENSG00000173276	1	putamen_basal_ganglia	M001	0.03759213786488001	1.0757004471309923	1.0757004471309923	1	0	0	1	discordant	0.621535394693187	0.45168069306594	putamen_basal_ganglia	M001	cellular component organization, cellular component organization or biogenesis	1.414284993562781	1.208940889201689	1.654507727286557	1.0757004471309923	0.03759213786488001	0.0020285305358717217	True	True						False	False	False	ZBTB21
504	ENSG00000072952	1	putamen_basal_ganglia	M001	0.03759213786488001	1.0757004471309923	1.0757004471309923	1	0	0	1	switch_only	0.621535394693187	0.45064001141873794	putamen_basal_ganglia	M001	cellular component organization, cellular component organization or biogenesis	1.414284993562781	1.208940889201689	1.654507727286557	1.0757004471309923	0.03759213786488001	0.0020285305358717217	True	True						False	False	False	IRAG1
505	ENSG00000155666	1	putamen_basal_ganglia	M001	0.03759213786488001	1.0757004471309923	1.0757004471309923	1	0	0	1	coupled	0.621535394693187	0.45036484661965526	putamen_basal_ganglia	M001	cellular component organization, cellular component organization or biogenesis	1.414284993562781	1.208940889201689	1.654507727286557	1.0757004471309923	0.03759213786488001	0.0020285305358717217	True	True						False	False	False	KDM8
506	ENSG00000153253	1	putamen_basal_ganglia	M001	0.03759213786488001	1.0757004471309923	1.0757004471309923	1	0	0	1	coupled	0.621535394693187	0.44675026288195263	putamen_basal_ganglia	M001	cellular component organization, cellular component organization or biogenesis	1.414284993562781	1.208940889201689	1.654507727286557	1.0757004471309923	0.03759213786488001	0.0020285305358717217	True	True						False	False	False	SCN3A
507	ENSG00000266074	1	putamen_basal_ganglia	M001	0.03759213786488001	1.0757004471309923	1.0757004471309923	1	0	0	1	coupled	0.621535394693187	0.44643683724559646	putamen_basal_ganglia	M001	cellular component organization, cellular component organization or biogenesis	1.414284993562781	1.208940889201689	1.654507727286557	1.0757004471309923	0.03759213786488001	0.0020285305358717217	True	True						False	False	False	BAHCC1
508	ENSG00000138190	1	putamen_basal_ganglia	M001	0.03759213786488001	1.0757004471309923	1.0757004471309923	1	0	0	1	discordant	0.621535394693187	0.4462351550478147	putamen_basal_ganglia	M001	cellular component organization, cellular component organization or biogenesis	1.414284993562781	1.208940889201689	1.654507727286557	1.0757004471309923	0.03759213786488001	0.0020285305358717217	True	True						False	False	False	EXOC6
509	ENSG00000101407	1	putamen_basal_ganglia	M001	0.03759213786488001	1.0757004471309923	1.0757004471309923	1	0	0	1	coupled	0.621535394693187	0.4459214037855396	putamen_basal_ganglia	M001	cellular component organization, cellular component organization or biogenesis	1.414284993562781	1.208940889201689	1.654507727286557	1.0757004471309923	0.03759213786488001	0.0020285305358717217	True	True						False	False	False	TTI1
510	ENSG00000167257	1	putamen_basal_ganglia	M001	0.03759213786488001	1.0757004471309923	1.0757004471309923	1	0	0	1	coupled	0.621535394693187	0.44494668202077287	putamen_basal_ganglia	M001	cellular component organization, cellular component organization or biogenesis	1.414284993562781	1.208940889201689	1.654507727286557	1.0757004471309923	0.03759213786488001	0.0020285305358717217	True	True						False	False	False	RNF214
511	ENSG00000131503	1	putamen_basal_ganglia	M001	0.03759213786488001	1.0757004471309923	1.0757004471309923	1	0	0	1	coupled	0.621535394693187	0.4442460764555062	putamen_basal_ganglia	M001	cellular component organization, cellular component organization or biogenesis	1.414284993562781	1.208940889201689	1.654507727286557	1.0757004471309923	0.03759213786488001	0.0020285305358717217	True	True						False	False	False	ANKHD1
512	ENSG00000106689	1	putamen_basal_ganglia	M001	0.03759213786488001	1.0757004471309923	1.0757004471309923	1	0	0	1	switch_only	0.621535394693187	0.4406062087812984	putamen_basal_ganglia	M001	cellular component organization, cellular component organization or biogenesis	1.414284993562781	1.208940889201689	1.654507727286557	1.0757004471309923	0.03759213786488001	0.0020285305358717217	True	True						False	False	False	LHX2
513	ENSG00000103021	1	putamen_basal_ganglia	M001	0.03759213786488001	1.0757004471309923	1.0757004471309923	1	0	0	1	coupled	0.621535394693187	0.4404852245860391	putamen_basal_ganglia	M001	cellular component organization, cellular component organization or biogenesis	1.414284993562781	1.208940889201689	1.654507727286557	1.0757004471309923	0.03759213786488001	0.0020285305358717217	True	True						False	False	False	CFAP263
514	ENSG00000050393	1	putamen_basal_ganglia	M001	0.03759213786488001	1.0757004471309923	1.0757004471309923	1	0	0	1	discordant	0.621535394693187	0.43577769641946873	putamen_basal_ganglia	M001	cellular component organization, cellular component organization or biogenesis	1.414284993562781	1.208940889201689	1.654507727286557	1.0757004471309923	0.03759213786488001	0.0020285305358717217	True	True						False	False	False	MCUR1
515	ENSG00000145685	1	putamen_basal_ganglia	M001	0.03759213786488001	1.0757004471309923	1.0757004471309923	1	0	0	1	discordant	0.621535394693187	0.43242020391547387	putamen_basal_ganglia	M001	cellular component organization, cellular component organization or biogenesis	1.414284993562781	1.208940889201689	1.654507727286557	1.0757004471309923	0.03759213786488001	0.0020285305358717217	True	True						False	False	False	LHFPL2
516	ENSG00000163960	1	putamen_basal_ganglia	M001	0.03759213786488001	1.0757004471309923	1.0757004471309923	1	0	0	1	discordant	0.621535394693187	0.43175032886835385	putamen_basal_ganglia	M001	cellular component organization, cellular component organization or biogenesis	1.414284993562781	1.208940889201689	1.654507727286557	1.0757004471309923	0.03759213786488001	0.0020285305358717217	True	True						False	False	False	UBXN7
517	ENSG00000081014	1	putamen_basal_ganglia	M001	0.03759213786488001	1.0757004471309923	1.0757004471309923	1	0	0	1	coupled	0.621535394693187	0.42474144608116415	putamen_basal_ganglia	M001	cellular component organization, cellular component organization or biogenesis	1.414284993562781	1.208940889201689	1.654507727286557	1.0757004471309923	0.03759213786488001	0.0020285305358717217	True	True						False	False	False	AP4E1
518	ENSG00000182054	1	putamen_basal_ganglia	M001	0.03759213786488001	1.0757004471309923	1.0757004471309923	1	0	0	1	coupled	0.621535394693187	0.4230019460449783	putamen_basal_ganglia	M001	cellular component organization, cellular component organization or biogenesis	1.414284993562781	1.208940889201689	1.654507727286557	1.0757004471309923	0.03759213786488001	0.0020285305358717217	True	True						False	False	False	IDH2
519	ENSG00000198682	1	putamen_basal_ganglia	M001	0.03759213786488001	1.0757004471309923	1.0757004471309923	1	0	0	1	switch_only	0.621535394693187	0.4215478279642689	putamen_basal_ganglia	M001	cellular component organization, cellular component organization or biogenesis	1.414284993562781	1.208940889201689	1.654507727286557	1.0757004471309923	0.03759213786488001	0.0020285305358717217	True	True						False	False	False	PAPSS2
520	ENSG00000075426	1	putamen_basal_ganglia	M001	0.03759213786488001	1.0757004471309923	1.0757004471309923	1	0	0	1	coupled	0.621535394693187	0.41811416926801137	putamen_basal_ganglia	M001	cellular component organization, cellular component organization or biogenesis	1.414284993562781	1.208940889201689	1.654507727286557	1.0757004471309923	0.03759213786488001	0.0020285305358717217	True	True						False	False	False	FOSL2
521	ENSG00000063854	1	putamen_basal_ganglia	M001	0.03759213786488001	1.0757004471309923	1.0757004471309923	1	0	0	1	discordant	0.621535394693187	0.4179013511243273	putamen_basal_ganglia	M001	cellular component organization, cellular component organization or biogenesis	1.414284993562781	1.208940889201689	1.654507727286557	1.0757004471309923	0.03759213786488001	0.0020285305358717217	True	True						False	False	False	HAGH
522	ENSG00000188785	1	putamen_basal_ganglia	M001	0.03759213786488001	1.0757004471309923	1.0757004471309923	1	0	0	1	coupled	0.621535394693187	0.41633070130323585	putamen_basal_ganglia	M001	cellular component organization, cellular component organization or biogenesis	1.414284993562781	1.208940889201689	1.654507727286557	1.0757004471309923	0.03759213786488001	0.0020285305358717217	True	True						False	False	False	ZNF548
523	ENSG00000036672	1	putamen_basal_ganglia	M001	0.03759213786488001	1.0757004471309923	1.0757004471309923	1	0	0	1	discordant	0.621535394693187	0.41593935782501207	putamen_basal_ganglia	M001	cellular component organization, cellular component organization or biogenesis	1.414284993562781	1.208940889201689	1.654507727286557	1.0757004471309923	0.03759213786488001	0.0020285305358717217	True	True						False	False	False	USP2
524	ENSG00000151690	1	putamen_basal_ganglia	M001	0.03759213786488001	1.0757004471309923	1.0757004471309923	1	0	0	1	discordant	0.621535394693187	0.4135727359861795	putamen_basal_ganglia	M001	cellular component organization, cellular component organization or biogenesis	1.414284993562781	1.208940889201689	1.654507727286557	1.0757004471309923	0.03759213786488001	0.0020285305358717217	True	True						False	False	False	MFSD6
525	ENSG00000113643	1	putamen_basal_ganglia	M001	0.03759213786488001	1.0757004471309923	1.0757004471309923	1	0	0	1	discordant	0.621535394693187	0.4134939909693258	putamen_basal_ganglia	M001	cellular component organization, cellular component organization or biogenesis	1.414284993562781	1.208940889201689	1.654507727286557	1.0757004471309923	0.03759213786488001	0.0020285305358717217	True	True						False	False	False	RARS1
526	ENSG00000114200	1	putamen_basal_ganglia	M001	0.03759213786488001	1.0757004471309923	1.0757004471309923	1	0	0	1	coupled	0.621535394693187	0.41231811523777034	putamen_basal_ganglia	M001	cellular component organization, cellular component organization or biogenesis	1.414284993562781	1.208940889201689	1.654507727286557	1.0757004471309923	0.03759213786488001	0.0020285305358717217	True	True						False	False	False	BCHE
527	ENSG00000104133	1	putamen_basal_ganglia	M001	0.03759213786488001	1.0757004471309923	1.0757004471309923	1	0	0	1	coupled	0.621535394693187	0.4123123225967326	putamen_basal_ganglia	M001	cellular component organization, cellular component organization or biogenesis	1.414284993562781	1.208940889201689	1.654507727286557	1.0757004471309923	0.03759213786488001	0.0020285305358717217	True	True						False	False	False	SPG11
528	ENSG00000125812	1	putamen_basal_ganglia	M001	0.03759213786488001	1.0757004471309923	1.0757004471309923	1	0	0	1	discordant	0.621535394693187	0.4121177695948529	putamen_basal_ganglia	M001	cellular component organization, cellular component organization or biogenesis	1.414284993562781	1.208940889201689	1.654507727286557	1.0757004471309923	0.03759213786488001	0.0020285305358717217	True	True						False	False	False	GZF1
529	ENSG00000184305	1	putamen_basal_ganglia	M001	0.03759213786488001	1.0757004471309923	1.0757004471309923	1	0	0	1	discordant	0.621535394693187	0.40932316030773536	putamen_basal_ganglia	M001	cellular component organization, cellular component organization or biogenesis	1.414284993562781	1.208940889201689	1.654507727286557	1.0757004471309923	0.03759213786488001	0.0020285305358717217	True	True						False	False	False	CCSER1
530	ENSG00000078142	1	putamen_basal_ganglia	M001	0.03759213786488001	1.0757004471309923	1.0757004471309923	1	0	0	1	discordant	0.621535394693187	0.40667774238519516	putamen_basal_ganglia	M001	cellular component organization, cellular component organization or biogenesis	1.414284993562781	1.208940889201689	1.654507727286557	1.0757004471309923	0.03759213786488001	0.0020285305358717217	True	True						False	False	False	PIK3C3
531	ENSG00000100138	1	putamen_basal_ganglia	M001	0.03759213786488001	1.0757004471309923	1.0757004471309923	1	0	0	1	coupled	0.621535394693187	0.4065596952415848	putamen_basal_ganglia	M001	cellular component organization, cellular component organization or biogenesis	1.414284993562781	1.208940889201689	1.654507727286557	1.0757004471309923	0.03759213786488001	0.0020285305358717217	True	True						False	False	False	SNU13
532	ENSG00000162607	1	putamen_basal_ganglia	M001	0.03759213786488001	1.0757004471309923	1.0757004471309923	1	0	0	1	discordant	0.621535394693187	0.4059448118510695	putamen_basal_ganglia	M001	cellular component organization, cellular component organization or biogenesis	1.414284993562781	1.208940889201689	1.654507727286557	1.0757004471309923	0.03759213786488001	0.0020285305358717217	True	True						False	False	False	USP1
533	ENSG00000082781	1	putamen_basal_ganglia	M001	0.03759213786488001	1.0757004471309923	1.0757004471309923	1	0	0	1	switch_only	0.621535394693187	0.40575400048980736	putamen_basal_ganglia	M001	cellular component organization, cellular component organization or biogenesis	1.414284993562781	1.208940889201689	1.654507727286557	1.0757004471309923	0.03759213786488001	0.0020285305358717217	True	True						False	False	False	ITGB5
534	ENSG00000196814	1	putamen_basal_ganglia	M001	0.03759213786488001	1.0757004471309923	1.0757004471309923	1	0	0	1	discordant	0.621535394693187	0.40463418992460504	putamen_basal_ganglia	M001	cellular component organization, cellular component organization or biogenesis	1.414284993562781	1.208940889201689	1.654507727286557	1.0757004471309923	0.03759213786488001	0.0020285305358717217	True	True						False	False	False	MVB12B
535	ENSG00000149182	1	putamen_basal_ganglia	M001	0.03759213786488001	1.0757004471309923	1.0757004471309923	1	0	0	1	coupled	0.621535394693187	0.4042373802109303	putamen_basal_ganglia	M001	cellular component organization, cellular component organization or biogenesis	1.414284993562781	1.208940889201689	1.654507727286557	1.0757004471309923	0.03759213786488001	0.0020285305358717217	True	True						False	False	False	ARFGAP2
536	ENSG00000164692	1	putamen_basal_ganglia	M001	0.03759213786488001	1.0757004471309923	1.0757004471309923	1	0	0	1	switch_only	0.621535394693187	0.39474164474853823	putamen_basal_ganglia	M001	cellular component organization, cellular component organization or biogenesis	1.414284993562781	1.208940889201689	1.654507727286557	1.0757004471309923	0.03759213786488001	0.0020285305358717217	True	True						False	False	False	COL1A2
537	ENSG00000108854	1	putamen_basal_ganglia	M001	0.03759213786488001	1.0757004471309923	1.0757004471309923	1	0	0	1	coupled	0.621535394693187	0.3945167159829573	putamen_basal_ganglia	M001	cellular component organization, cellular component organization or biogenesis	1.414284993562781	1.208940889201689	1.654507727286557	1.0757004471309923	0.03759213786488001	0.0020285305358717217	True	True						False	False	False	SMURF2
538	ENSG00000067596	1	putamen_basal_ganglia	M001	0.03759213786488001	1.0757004471309923	1.0757004471309923	1	0	0	1	discordant	0.621535394693187	0.39395502883236455	putamen_basal_ganglia	M001	cellular component organization, cellular component organization or biogenesis	1.414284993562781	1.208940889201689	1.654507727286557	1.0757004471309923	0.03759213786488001	0.0020285305358717217	True	True						False	False	False	DHX8
539	ENSG00000139370	1	putamen_basal_ganglia	M001	0.03759213786488001	1.0757004471309923	1.0757004471309923	1	0	0	1	discordant	0.621535394693187	0.3934017604653973	putamen_basal_ganglia	M001	cellular component organization, cellular component organization or biogenesis	1.414284993562781	1.208940889201689	1.654507727286557	1.0757004471309923	0.03759213786488001	0.0020285305358717217	True	True						False	False	False	SLC15A4
540	ENSG00000143514	1	putamen_basal_ganglia	M001	0.03759213786488001	1.0757004471309923	1.0757004471309923	1	0	0	1	coupled	0.621535394693187	0.3933113614380017	putamen_basal_ganglia	M001	cellular component organization, cellular component organization or biogenesis	1.414284993562781	1.208940889201689	1.654507727286557	1.0757004471309923	0.03759213786488001	0.0020285305358717217	True	True						False	False	False	TP53BP2
541	ENSG00000244038	1	putamen_basal_ganglia	M001	0.03759213786488001	1.0757004471309923	1.0757004471309923	1	0	0	1	coupled	0.621535394693187	0.39085542603498136	putamen_basal_ganglia	M001	cellular component organization, cellular component organization or biogenesis	1.414284993562781	1.208940889201689	1.654507727286557	1.0757004471309923	0.03759213786488001	0.0020285305358717217	True	True						False	False	False	DDOST
542	ENSG00000078269	1	putamen_basal_ganglia	M001	0.03759213786488001	1.0757004471309923	1.0757004471309923	1	0	0	1	discordant	0.621535394693187	0.3905925406038982	putamen_basal_ganglia	M001	cellular component organization, cellular component organization or biogenesis	1.414284993562781	1.208940889201689	1.654507727286557	1.0757004471309923	0.03759213786488001	0.0020285305358717217	True	True						False	False	False	SYNJ2
543	ENSG00000142867	1	putamen_basal_ganglia	M001	0.03759213786488001	1.0757004471309923	1.0757004471309923	1	0	0	1	coupled	0.621535394693187	0.3874545329576771	putamen_basal_ganglia	M001	cellular component organization, cellular component organization or biogenesis	1.414284993562781	1.208940889201689	1.654507727286557	1.0757004471309923	0.03759213786488001	0.0020285305358717217	True	True						False	False	False	BCL10
544	ENSG00000124151	1	putamen_basal_ganglia	M001	0.03759213786488001	1.0757004471309923	1.0757004471309923	1	0	0	1	coupled	0.621535394693187	0.3844543506304439	putamen_basal_ganglia	M001	cellular component organization, cellular component organization or biogenesis	1.414284993562781	1.208940889201689	1.654507727286557	1.0757004471309923	0.03759213786488001	0.0020285305358717217	True	True						False	False	False	NCOA3
545	ENSG00000107679	1	putamen_basal_ganglia	M001	0.03759213786488001	1.0757004471309923	1.0757004471309923	1	0	0	1	discordant	0.621535394693187	0.3839263174285155	putamen_basal_ganglia	M001	cellular component organization, cellular component organization or biogenesis	1.414284993562781	1.208940889201689	1.654507727286557	1.0757004471309923	0.03759213786488001	0.0020285305358717217	True	True	AD	eQTL	0.0273832435406099	expression-led (eQTL gene-level)	expression-led	False	True	False	PLEKHA1
546	ENSG00000058056	1	putamen_basal_ganglia	M001	0.03759213786488001	1.0757004471309923	1.0757004471309923	1	0	0	1	discordant	0.621535394693187	0.37979508541857804	putamen_basal_ganglia	M001	cellular component organization, cellular component organization or biogenesis	1.414284993562781	1.208940889201689	1.654507727286557	1.0757004471309923	0.03759213786488001	0.0020285305358717217	True	True						False	False	False	USP13
547	ENSG00000198522	1	putamen_basal_ganglia	M001	0.03759213786488001	1.0757004471309923	1.0757004471309923	1	0	0	1	coupled	0.621535394693187	0.37830696869640196	putamen_basal_ganglia	M001	cellular component organization, cellular component organization or biogenesis	1.414284993562781	1.208940889201689	1.654507727286557	1.0757004471309923	0.03759213786488001	0.0020285305358717217	True	True						False	False	False	GPN1
548	ENSG00000137414	1	putamen_basal_ganglia	M001	0.03759213786488001	1.0757004471309923	1.0757004471309923	1	0	0	1	discordant	0.621535394693187	0.37633137827439095	putamen_basal_ganglia	M001	cellular component organization, cellular component organization or biogenesis	1.414284993562781	1.208940889201689	1.654507727286557	1.0757004471309923	0.03759213786488001	0.0020285305358717217	True	True						False	False	False	FAM8A1
549	ENSG00000115825	1	putamen_basal_ganglia	M001	0.03759213786488001	1.0757004471309923	1.0757004471309923	1	0	0	1	coupled	0.621535394693187	0.37630414853079297	putamen_basal_ganglia	M001	cellular component organization, cellular component organization or biogenesis	1.414284993562781	1.208940889201689	1.654507727286557	1.0757004471309923	0.03759213786488001	0.0020285305358717217	True	True						False	False	False	PRKD3
550	ENSG00000155111	1	putamen_basal_ganglia	M001	0.03759213786488001	1.0757004471309923	1.0757004471309923	1	0	0	1	coupled	0.621535394693187	0.37441892909033647	putamen_basal_ganglia	M001	cellular component organization, cellular component organization or biogenesis	1.414284993562781	1.208940889201689	1.654507727286557	1.0757004471309923	0.03759213786488001	0.0020285305358717217	True	True						False	False	False	CDK19
551	ENSG00000147224	1	putamen_basal_ganglia	M001	0.03759213786488001	1.0757004471309923	1.0757004471309923	1	0	0	1	coupled	0.621535394693187	0.37332479720762024	putamen_basal_ganglia	M001	cellular component organization, cellular component organization or biogenesis	1.414284993562781	1.208940889201689	1.654507727286557	1.0757004471309923	0.03759213786488001	0.0020285305358717217	True	True						False	False	False	PRPS1
552	ENSG00000188559	1	putamen_basal_ganglia	M001	0.03759213786488001	1.0757004471309923	1.0757004471309923	1	0	0	1	coupled	0.621535394693187	0.3729025316843027	putamen_basal_ganglia	M001	cellular component organization, cellular component organization or biogenesis	1.414284993562781	1.208940889201689	1.654507727286557	1.0757004471309923	0.03759213786488001	0.0020285305358717217	True	True						False	False	False	RALGAPA2
553	ENSG00000108684	1	putamen_basal_ganglia	M001	0.03759213786488001	1.0757004471309923	1.0757004471309923	1	0	0	1	discordant	0.621535394693187	0.3720235757316896	putamen_basal_ganglia	M001	cellular component organization, cellular component organization or biogenesis	1.414284993562781	1.208940889201689	1.654507727286557	1.0757004471309923	0.03759213786488001	0.0020285305358717217	True	True						False	False	False	ASIC2
554	ENSG00000184967	1	putamen_basal_ganglia	M001	0.03759213786488001	1.0757004471309923	1.0757004471309923	1	0	0	1	coupled	0.621535394693187	0.3703536677068689	putamen_basal_ganglia	M001	cellular component organization, cellular component organization or biogenesis	1.414284993562781	1.208940889201689	1.654507727286557	1.0757004471309923	0.03759213786488001	0.0020285305358717217	True	True						False	False	False	NOC4L
555	ENSG00000082196	1	putamen_basal_ganglia	M001	0.03759213786488001	1.0757004471309923	1.0757004471309923	1	0	0	1	coupled	0.621535394693187	0.3683244920803222	putamen_basal_ganglia	M001	cellular component organization, cellular component organization or biogenesis	1.414284993562781	1.208940889201689	1.654507727286557	1.0757004471309923	0.03759213786488001	0.0020285305358717217	True	True						False	False	False	C1QTNF3
556	ENSG00000126247	1	putamen_basal_ganglia	M001	0.03759213786488001	1.0757004471309923	1.0757004471309923	1	0	0	1	discordant	0.621535394693187	0.3671445718784537	putamen_basal_ganglia	M001	cellular component organization, cellular component organization or biogenesis	1.414284993562781	1.208940889201689	1.654507727286557	1.0757004471309923	0.03759213786488001	0.0020285305358717217	True	True						False	False	False	CAPNS1
557	ENSG00000178412	1	putamen_basal_ganglia	M001	0.03759213786488001	1.0757004471309923	1.0757004471309923	1	0	0	1	discordant	0.621535394693187	0.36708980828152	putamen_basal_ganglia	M001	cellular component organization, cellular component organization or biogenesis	1.414284993562781	1.208940889201689	1.654507727286557	1.0757004471309923	0.03759213786488001	0.0020285305358717217	True	True						False	False	False	CTDP1-DT
558	ENSG00000011566	1	putamen_basal_ganglia	M001	0.03759213786488001	1.0757004471309923	1.0757004471309923	1	0	0	1	discordant	0.621535394693187	0.36148997802911076	putamen_basal_ganglia	M001	cellular component organization, cellular component organization or biogenesis	1.414284993562781	1.208940889201689	1.654507727286557	1.0757004471309923	0.03759213786488001	0.0020285305358717217	True	True						False	False	False	MAP4K3
559	ENSG00000291094	1	putamen_basal_ganglia	M001	0.03759213786488001	1.0757004471309923	1.0757004471309923	1	0	0	1	discordant	0.621535394693187	0.36030621469754287	putamen_basal_ganglia	M001	cellular component organization, cellular component organization or biogenesis	1.414284993562781	1.208940889201689	1.654507727286557	1.0757004471309923	0.03759213786488001	0.0020285305358717217	True	True						False	False	False	ENSG00000291094
560	ENSG00000166260	1	putamen_basal_ganglia	M001	0.03759213786488001	1.0757004471309923	1.0757004471309923	1	0	0	1	discordant	0.621535394693187	0.35747433747781243	putamen_basal_ganglia	M001	cellular component organization, cellular component organization or biogenesis	1.414284993562781	1.208940889201689	1.654507727286557	1.0757004471309923	0.03759213786488001	0.0020285305358717217	True	True						False	False	False	COX11
561	ENSG00000140839	1	putamen_basal_ganglia	M001	0.03759213786488001	1.0757004471309923	1.0757004471309923	1	0	0	1	discordant	0.621535394693187	0.357348381316048	putamen_basal_ganglia	M001	cellular component organization, cellular component organization or biogenesis	1.414284993562781	1.208940889201689	1.654507727286557	1.0757004471309923	0.03759213786488001	0.0020285305358717217	True	True						False	False	False	CLEC18B
562	ENSG00000211454	1	putamen_basal_ganglia	M001	0.03759213786488001	1.0757004471309923	1.0757004471309923	1	0	0	1	discordant	0.621535394693187	0.3573301264659559	putamen_basal_ganglia	M001	cellular component organization, cellular component organization or biogenesis	1.414284993562781	1.208940889201689	1.654507727286557	1.0757004471309923	0.03759213786488001	0.0020285305358717217	True	True						False	False	False	AKR7L
563	ENSG00000143842	1	putamen_basal_ganglia	M001	0.03759213786488001	1.0757004471309923	1.0757004471309923	1	0	0	1	coupled	0.621535394693187	0.35701688359823563	putamen_basal_ganglia	M001	cellular component organization, cellular component organization or biogenesis	1.414284993562781	1.208940889201689	1.654507727286557	1.0757004471309923	0.03759213786488001	0.0020285305358717217	True	True						False	False	False	SOX13
564	ENSG00000130810	1	putamen_basal_ganglia	M001	0.03759213786488001	1.0757004471309923	1.0757004471309923	1	0	0	1	discordant	0.621535394693187	0.3545429506971993	putamen_basal_ganglia	M001	cellular component organization, cellular component organization or biogenesis	1.414284993562781	1.208940889201689	1.654507727286557	1.0757004471309923	0.03759213786488001	0.0020285305358717217	True	True						False	False	False	PPAN
565	ENSG00000136271	1	putamen_basal_ganglia	M001	0.03759213786488001	1.0757004471309923	1.0757004471309923	1	0	0	1	coupled	0.621535394693187	0.3526140900195904	putamen_basal_ganglia	M001	cellular component organization, cellular component organization or biogenesis	1.414284993562781	1.208940889201689	1.654507727286557	1.0757004471309923	0.03759213786488001	0.0020285305358717217	True	True	SCZ	eQTL	0.0174121888411399	expression-led (eQTL gene-level)	expression-led	False	True	False	DDX56
566	ENSG00000152642	1	putamen_basal_ganglia	M001	0.03759213786488001	1.0757004471309923	1.0757004471309923	1	0	0	1	discordant	0.621535394693187	0.35122345462163496	putamen_basal_ganglia	M001	cellular component organization, cellular component organization or biogenesis	1.414284993562781	1.208940889201689	1.654507727286557	1.0757004471309923	0.03759213786488001	0.0020285305358717217	True	True						False	False	False	GPD1L
567	ENSG00000170264	1	putamen_basal_ganglia	M001	0.03759213786488001	1.0757004471309923	1.0757004471309923	1	0	0	1	discordant	0.621535394693187	0.35090455532083087	putamen_basal_ganglia	M001	cellular component organization, cellular component organization or biogenesis	1.414284993562781	1.208940889201689	1.654507727286557	1.0757004471309923	0.03759213786488001	0.0020285305358717217	True	True						False	False	False	FAM161A
568	ENSG00000120729	1	putamen_basal_ganglia	M001	0.03759213786488001	1.0757004471309923	1.0757004471309923	1	0	0	1	switch_only	0.621535394693187	0.3489163835282665	putamen_basal_ganglia	M001	cellular component organization, cellular component organization or biogenesis	1.414284993562781	1.208940889201689	1.654507727286557	1.0757004471309923	0.03759213786488001	0.0020285305358717217	True	True						False	False	False	MYOT
569	ENSG00000131381	1	putamen_basal_ganglia	M001	0.03759213786488001	1.0757004471309923	1.0757004471309923	1	0	0	1	discordant	0.621535394693187	0.34874033521960573	putamen_basal_ganglia	M001	cellular component organization, cellular component organization or biogenesis	1.414284993562781	1.208940889201689	1.654507727286557	1.0757004471309923	0.03759213786488001	0.0020285305358717217	True	True						False	False	False	RBSN
570	ENSG00000103018	1	putamen_basal_ganglia	M001	0.03759213786488001	1.0757004471309923	1.0757004471309923	1	0	0	1	discordant	0.621535394693187	0.3418239389695255	putamen_basal_ganglia	M001	cellular component organization, cellular component organization or biogenesis	1.414284993562781	1.208940889201689	1.654507727286557	1.0757004471309923	0.03759213786488001	0.0020285305358717217	True	True						False	False	False	CYB5B
571	ENSG00000261455	1	putamen_basal_ganglia	M001	0.03759213786488001	1.0757004471309923	1.0757004471309923	1	0	0	1	discordant	0.621535394693187	0.341367841006812	putamen_basal_ganglia	M001	cellular component organization, cellular component organization or biogenesis	1.414284993562781	1.208940889201689	1.654507727286557	1.0757004471309923	0.03759213786488001	0.0020285305358717217	True	True						False	False	False	LINC01003
572	ENSG00000187994	1	putamen_basal_ganglia	M001	0.03759213786488001	1.0757004471309923	1.0757004471309923	1	0	0	1	discordant	0.621535394693187	0.3395046805351602	putamen_basal_ganglia	M001	cellular component organization, cellular component organization or biogenesis	1.414284993562781	1.208940889201689	1.654507727286557	1.0757004471309923	0.03759213786488001	0.0020285305358717217	True	True						False	False	False	RINL
573	ENSG00000013275	1	putamen_basal_ganglia	M001	0.03759213786488001	1.0757004471309923	1.0757004471309923	1	0	0	1	discordant	0.621535394693187	0.33947121129419355	putamen_basal_ganglia	M001	cellular component organization, cellular component organization or biogenesis	1.414284993562781	1.208940889201689	1.654507727286557	1.0757004471309923	0.03759213786488001	0.0020285305358717217	True	True						False	False	False	PSMC4
574	ENSG00000148481	1	putamen_basal_ganglia	M001	0.03759213786488001	1.0757004471309923	1.0757004471309923	1	0	0	1	discordant	0.621535394693187	0.33792853501043746	putamen_basal_ganglia	M001	cellular component organization, cellular component organization or biogenesis	1.414284993562781	1.208940889201689	1.654507727286557	1.0757004471309923	0.03759213786488001	0.0020285305358717217	True	True						False	False	False	MINDY3
575	ENSG00000077254	1	putamen_basal_ganglia	M001	0.03759213786488001	1.0757004471309923	1.0757004471309923	1	0	0	1	discordant	0.621535394693187	0.3368757081171793	putamen_basal_ganglia	M001	cellular component organization, cellular component organization or biogenesis	1.414284993562781	1.208940889201689	1.654507727286557	1.0757004471309923	0.03759213786488001	0.0020285305358717217	True	True						False	False	False	USP33
576	ENSG00000279954	1	putamen_basal_ganglia	M001	0.03759213786488001	1.0757004471309923	1.0757004471309923	1	0	0	1	discordant	0.621535394693187	0.3362288248020891	putamen_basal_ganglia	M001	cellular component organization, cellular component organization or biogenesis	1.414284993562781	1.208940889201689	1.654507727286557	1.0757004471309923	0.03759213786488001	0.0020285305358717217	True	True						False	False	False	ENSG00000279954
577	ENSG00000154845	1	putamen_basal_ganglia	M001	0.03759213786488001	1.0757004471309923	1.0757004471309923	1	0	0	1	coupled	0.621535394693187	0.33579312826458113	putamen_basal_ganglia	M001	cellular component organization, cellular component organization or biogenesis	1.414284993562781	1.208940889201689	1.654507727286557	1.0757004471309923	0.03759213786488001	0.0020285305358717217	True	True						False	False	False	PPP4R1
578	ENSG00000144554	1	putamen_basal_ganglia	M001	0.03759213786488001	1.0757004471309923	1.0757004471309923	1	0	0	1	coupled	0.621535394693187	0.33550512061107657	putamen_basal_ganglia	M001	cellular component organization, cellular component organization or biogenesis	1.414284993562781	1.208940889201689	1.654507727286557	1.0757004471309923	0.03759213786488001	0.0020285305358717217	True	True						False	False	False	FANCD2
579	ENSG00000004700	1	putamen_basal_ganglia	M001	0.03759213786488001	1.0757004471309923	1.0757004471309923	1	0	0	1	discordant	0.621535394693187	0.33353393468973047	putamen_basal_ganglia	M001	cellular component organization, cellular component organization or biogenesis	1.414284993562781	1.208940889201689	1.654507727286557	1.0757004471309923	0.03759213786488001	0.0020285305358717217	True	True						False	False	False	RECQL
580	ENSG00000002919	1	putamen_basal_ganglia	M001	0.03759213786488001	1.0757004471309923	1.0757004471309923	1	0	0	1	discordant	0.621535394693187	0.33305856825531577	putamen_basal_ganglia	M001	cellular component organization, cellular component organization or biogenesis	1.414284993562781	1.208940889201689	1.654507727286557	1.0757004471309923	0.03759213786488001	0.0020285305358717217	True	True						False	False	False	SNX11
581	ENSG00000181220	1	putamen_basal_ganglia	M001	0.03759213786488001	1.0757004471309923	1.0757004471309923	1	0	0	1	coupled	0.621535394693187	0.33240987090539026	putamen_basal_ganglia	M001	cellular component organization, cellular component organization or biogenesis	1.414284993562781	1.208940889201689	1.654507727286557	1.0757004471309923	0.03759213786488001	0.0020285305358717217	True	True						False	False	False	ZNF746
582	ENSG00000152926	1	putamen_basal_ganglia	M001	0.03759213786488001	1.0757004471309923	1.0757004471309923	1	0	0	1	coupled	0.621535394693187	0.3323675061831472	putamen_basal_ganglia	M001	cellular component organization, cellular component organization or biogenesis	1.414284993562781	1.208940889201689	1.654507727286557	1.0757004471309923	0.03759213786488001	0.0020285305358717217	True	True						False	False	False	ZNF117
583	ENSG00000258727	1	putamen_basal_ganglia	M001	0.03759213786488001	1.0757004471309923	1.0757004471309923	1	0	0	1	discordant	0.621535394693187	0.33221007702722555	putamen_basal_ganglia	M001	cellular component organization, cellular component organization or biogenesis	1.414284993562781	1.208940889201689	1.654507727286557	1.0757004471309923	0.03759213786488001	0.0020285305358717217	True	True						False	False	False	AP1G2-AS1
584	ENSG00000176485	1	putamen_basal_ganglia	M001	0.03759213786488001	1.0757004471309923	1.0757004471309923	1	0	0	1	discordant	0.621535394693187	0.3300021313021648	putamen_basal_ganglia	M001	cellular component organization, cellular component organization or biogenesis	1.414284993562781	1.208940889201689	1.654507727286557	1.0757004471309923	0.03759213786488001	0.0020285305358717217	True	True						False	False	False	PLAAT3
585	ENSG00000214226	1	putamen_basal_ganglia	M001	0.03759213786488001	1.0757004471309923	1.0757004471309923	1	0	0	1	discordant	0.621535394693187	0.32681668500220284	putamen_basal_ganglia	M001	cellular component organization, cellular component organization or biogenesis	1.414284993562781	1.208940889201689	1.654507727286557	1.0757004471309923	0.03759213786488001	0.0020285305358717217	True	True						False	False	False	C17orf67
586	ENSG00000129083	1	putamen_basal_ganglia	M001	0.03759213786488001	1.0757004471309923	1.0757004471309923	1	0	0	1	discordant	0.621535394693187	0.3252127556380408	putamen_basal_ganglia	M001	cellular component organization, cellular component organization or biogenesis	1.414284993562781	1.208940889201689	1.654507727286557	1.0757004471309923	0.03759213786488001	0.0020285305358717217	True	True						False	False	False	COPB1
587	ENSG00000092148	1	putamen_basal_ganglia	M001	0.03759213786488001	1.0757004471309923	1.0757004471309923	1	0	0	1	discordant	0.621535394693187	0.32481927544803013	putamen_basal_ganglia	M001	cellular component organization, cellular component organization or biogenesis	1.414284993562781	1.208940889201689	1.654507727286557	1.0757004471309923	0.03759213786488001	0.0020285305358717217	True	True						False	False	False	HECTD1
588	ENSG00000140564	1	putamen_basal_ganglia	M001	0.03759213786488001	1.0757004471309923	1.0757004471309923	1	0	0	1	discordant	0.621535394693187	0.323188692515141	putamen_basal_ganglia	M001	cellular component organization, cellular component organization or biogenesis	1.414284993562781	1.208940889201689	1.654507727286557	1.0757004471309923	0.03759213786488001	0.0020285305358717217	True	True						False	False	False	FURIN
589	ENSG00000206562	1	putamen_basal_ganglia	M001	0.03759213786488001	1.0757004471309923	1.0757004471309923	1	0	0	1	discordant	0.621535394693187	0.3209264603823574	putamen_basal_ganglia	M001	cellular component organization, cellular component organization or biogenesis	1.414284993562781	1.208940889201689	1.654507727286557	1.0757004471309923	0.03759213786488001	0.0020285305358717217	True	True						False	False	False	METTL6
590	ENSG00000122257	1	putamen_basal_ganglia	M001	0.03759213786488001	1.0757004471309923	1.0757004471309923	1	0	0	1	coupled	0.621535394693187	0.31943323315424554	putamen_basal_ganglia	M001	cellular component organization, cellular component organization or biogenesis	1.414284993562781	1.208940889201689	1.654507727286557	1.0757004471309923	0.03759213786488001	0.0020285305358717217	True	True						False	False	False	RBBP6
591	ENSG00000115137	1	putamen_basal_ganglia	M001	0.03759213786488001	1.0757004471309923	1.0757004471309923	1	0	0	1	discordant	0.621535394693187	0.3144834295809246	putamen_basal_ganglia	M001	cellular component organization, cellular component organization or biogenesis	1.414284993562781	1.208940889201689	1.654507727286557	1.0757004471309923	0.03759213786488001	0.0020285305358717217	True	True						False	False	False	DNAJC27
592	ENSG00000189337	1	putamen_basal_ganglia	M001	0.03759213786488001	1.0757004471309923	1.0757004471309923	1	0	0	1	discordant	0.621535394693187	0.31186532640413006	putamen_basal_ganglia	M001	cellular component organization, cellular component organization or biogenesis	1.414284993562781	1.208940889201689	1.654507727286557	1.0757004471309923	0.03759213786488001	0.0020285305358717217	True	True						False	False	False	KAZN
593	ENSG00000100578	1	putamen_basal_ganglia	M001	0.03759213786488001	1.0757004471309923	1.0757004471309923	1	0	0	1	discordant	0.621535394693187	0.3109425691307297	putamen_basal_ganglia	M001	cellular component organization, cellular component organization or biogenesis	1.414284993562781	1.208940889201689	1.654507727286557	1.0757004471309923	0.03759213786488001	0.0020285305358717217	True	True						False	False	False	KIAA0586
594	ENSG00000171720	1	putamen_basal_ganglia	M001	0.03759213786488001	1.0757004471309923	1.0757004471309923	1	0	0	1	coupled	0.621535394693187	0.3039378760109827	putamen_basal_ganglia	M001	cellular component organization, cellular component organization or biogenesis	1.414284993562781	1.208940889201689	1.654507727286557	1.0757004471309923	0.03759213786488001	0.0020285305358717217	True	True						False	False	False	HDAC3
595	ENSG00000156469	1	putamen_basal_ganglia	M001	0.03759213786488001	1.0757004471309923	1.0757004471309923	1	0	0	1	discordant	0.621535394693187	0.3030009834546284	putamen_basal_ganglia	M001	cellular component organization, cellular component organization or biogenesis	1.414284993562781	1.208940889201689	1.654507727286557	1.0757004471309923	0.03759213786488001	0.0020285305358717217	True	True						False	False	False	MTERF3
596	ENSG00000197275	1	putamen_basal_ganglia	M001	0.03759213786488001	1.0757004471309923	1.0757004471309923	1	0	0	1	discordant	0.621535394693187	0.30293825172704225	putamen_basal_ganglia	M001	cellular component organization, cellular component organization or biogenesis	1.414284993562781	1.208940889201689	1.654507727286557	1.0757004471309923	0.03759213786488001	0.0020285305358717217	True	True						False	False	False	RAD54B
597	ENSG00000138772	1	putamen_basal_ganglia	M001	0.03759213786488001	1.0757004471309923	1.0757004471309923	1	0	0	1	switch_only	0.621535394693187	0.301679433456196	putamen_basal_ganglia	M001	cellular component organization, cellular component organization or biogenesis	1.414284993562781	1.208940889201689	1.654507727286557	1.0757004471309923	0.03759213786488001	0.0020285305358717217	True	True						False	False	False	ANXA3
598	ENSG00000155849	1	putamen_basal_ganglia	M001	0.03759213786488001	1.0757004471309923	1.0757004471309923	1	0	0	1	discordant	0.621535394693187	0.29771340909792915	putamen_basal_ganglia	M001	cellular component organization, cellular component organization or biogenesis	1.414284993562781	1.208940889201689	1.654507727286557	1.0757004471309923	0.03759213786488001	0.0020285305358717217	True	True						False	False	False	ELMO1
599	ENSG00000145414	1	putamen_basal_ganglia	M001	0.03759213786488001	1.0757004471309923	1.0757004471309923	1	0	0	1	discordant	0.621535394693187	0.29528313555572383	putamen_basal_ganglia	M001	cellular component organization, cellular component organization or biogenesis	1.414284993562781	1.208940889201689	1.654507727286557	1.0757004471309923	0.03759213786488001	0.0020285305358717217	True	True						False	False	False	NAF1
600	ENSG00000120526	1	putamen_basal_ganglia	M001	0.03759213786488001	1.0757004471309923	1.0757004471309923	1	0	0	1	discordant	0.621535394693187	0.2930711580221123	putamen_basal_ganglia	M001	cellular component organization, cellular component organization or biogenesis	1.414284993562781	1.208940889201689	1.654507727286557	1.0757004471309923	0.03759213786488001	0.0020285305358717217	True	True						False	False	False	NUDCD1
601	ENSG00000133114	1	putamen_basal_ganglia	M001	0.03759213786488001	1.0757004471309923	1.0757004471309923	1	0	0	1	discordant	0.621535394693187	0.2921401361878468	putamen_basal_ganglia	M001	cellular component organization, cellular component organization or biogenesis	1.414284993562781	1.208940889201689	1.654507727286557	1.0757004471309923	0.03759213786488001	0.0020285305358717217	True	True						False	False	False	GPALPP1
602	ENSG00000006634	1	putamen_basal_ganglia	M001	0.03759213786488001	1.0757004471309923	1.0757004471309923	1	0	0	1	discordant	0.621535394693187	0.289260693049546	putamen_basal_ganglia	M001	cellular component organization, cellular component organization or biogenesis	1.414284993562781	1.208940889201689	1.654507727286557	1.0757004471309923	0.03759213786488001	0.0020285305358717217	True	True						False	False	False	DBF4
603	ENSG00000268119	1	putamen_basal_ganglia	M001	0.03759213786488001	1.0757004471309923	1.0757004471309923	1	0	0	1	discordant	0.621535394693187	0.28594569805863884	putamen_basal_ganglia	M001	cellular component organization, cellular component organization or biogenesis	1.414284993562781	1.208940889201689	1.654507727286557	1.0757004471309923	0.03759213786488001	0.0020285305358717217	True	True						False	False	False	ENSG00000268119
604	ENSG00000104290	1	putamen_basal_ganglia	M001	0.03759213786488001	1.0757004471309923	1.0757004471309923	1	0	0	1	coupled	0.621535394693187	0.2842265125443604	putamen_basal_ganglia	M001	cellular component organization, cellular component organization or biogenesis	1.414284993562781	1.208940889201689	1.654507727286557	1.0757004471309923	0.03759213786488001	0.0020285305358717217	True	True						False	False	False	FZD3
605	ENSG00000172671	1	putamen_basal_ganglia	M001	0.03759213786488001	1.0757004471309923	1.0757004471309923	1	0	0	1	discordant	0.621535394693187	0.2836944417325339	putamen_basal_ganglia	M001	cellular component organization, cellular component organization or biogenesis	1.414284993562781	1.208940889201689	1.654507727286557	1.0757004471309923	0.03759213786488001	0.0020285305358717217	True	True						False	False	False	ZFAND4
606	ENSG00000261971	1	putamen_basal_ganglia	M001	0.03759213786488001	1.0757004471309923	1.0757004471309923	1	0	0	1	discordant	0.621535394693187	0.28169142716717344	putamen_basal_ganglia	M001	cellular component organization, cellular component organization or biogenesis	1.414284993562781	1.208940889201689	1.654507727286557	1.0757004471309923	0.03759213786488001	0.0020285305358717217	True	True						False	False	False	MMP25-AS1
607	ENSG00000078237	1	putamen_basal_ganglia	M001	0.03759213786488001	1.0757004471309923	1.0757004471309923	1	0	0	1	discordant	0.621535394693187	0.27877641431178507	putamen_basal_ganglia	M001	cellular component organization, cellular component organization or biogenesis	1.414284993562781	1.208940889201689	1.654507727286557	1.0757004471309923	0.03759213786488001	0.0020285305358717217	True	True						False	False	False	TIGAR
608	ENSG00000055208	1	putamen_basal_ganglia	M001	0.03759213786488001	1.0757004471309923	1.0757004471309923	1	0	0	1	discordant	0.621535394693187	0.2768415741244161	putamen_basal_ganglia	M001	cellular component organization, cellular component organization or biogenesis	1.414284993562781	1.208940889201689	1.654507727286557	1.0757004471309923	0.03759213786488001	0.0020285305358717217	True	True						False	False	False	TAB2
609	ENSG00000140382	1	putamen_basal_ganglia	M001	0.03759213786488001	1.0757004471309923	1.0757004471309923	1	0	0	1	coupled	0.621535394693187	0.27201092036772884	putamen_basal_ganglia	M001	cellular component organization, cellular component organization or biogenesis	1.414284993562781	1.208940889201689	1.654507727286557	1.0757004471309923	0.03759213786488001	0.0020285305358717217	True	True						False	False	False	HMG20A
610	ENSG00000164659	1	putamen_basal_ganglia	M001	0.03759213786488001	1.0757004471309923	1.0757004471309923	1	0	0	1	discordant	0.621535394693187	0.27007589534650717	putamen_basal_ganglia	M001	cellular component organization, cellular component organization or biogenesis	1.414284993562781	1.208940889201689	1.654507727286557	1.0757004471309923	0.03759213786488001	0.0020285305358717217	True	True						False	False	False	ELAPOR2
611	ENSG00000288886	1	putamen_basal_ganglia	M001	0.03759213786488001	1.0757004471309923	1.0757004471309923	1	0	0	1	discordant	0.621535394693187	0.26712702613274175	putamen_basal_ganglia	M001	cellular component organization, cellular component organization or biogenesis	1.414284993562781	1.208940889201689	1.654507727286557	1.0757004471309923	0.03759213786488001	0.0020285305358717217	True	True						False	False	False	ENSG00000288886
612	ENSG00000109881	1	putamen_basal_ganglia	M001	0.03759213786488001	1.0757004471309923	1.0757004471309923	1	0	0	1	discordant	0.621535394693187	0.2593105126828999	putamen_basal_ganglia	M001	cellular component organization, cellular component organization or biogenesis	1.414284993562781	1.208940889201689	1.654507727286557	1.0757004471309923	0.03759213786488001	0.0020285305358717217	True	True						False	False	False	CCDC34
613	ENSG00000166685	1	putamen_basal_ganglia	M001	0.03759213786488001	1.0757004471309923	1.0757004471309923	1	0	0	1	discordant	0.621535394693187	0.2571580497095629	putamen_basal_ganglia	M001	cellular component organization, cellular component organization or biogenesis	1.414284993562781	1.208940889201689	1.654507727286557	1.0757004471309923	0.03759213786488001	0.0020285305358717217	True	True						False	False	False	COG1
614	ENSG00000100528	1	putamen_basal_ganglia	M001	0.03759213786488001	1.0757004471309923	1.0757004471309923	1	0	0	1	discordant	0.621535394693187	0.25566924466375973	putamen_basal_ganglia	M001	cellular component organization, cellular component organization or biogenesis	1.414284993562781	1.208940889201689	1.654507727286557	1.0757004471309923	0.03759213786488001	0.0020285305358717217	True	True						False	False	False	CNIH1
615	ENSG00000068305	1	putamen_basal_ganglia	M001	0.03759213786488001	1.0757004471309923	1.0757004471309923	1	0	0	1	discordant	0.621535394693187	0.25184553073416216	putamen_basal_ganglia	M001	cellular component organization, cellular component organization or biogenesis	1.414284993562781	1.208940889201689	1.654507727286557	1.0757004471309923	0.03759213786488001	0.0020285305358717217	True	True						False	False	False	MEF2A
616	ENSG00000085788	1	putamen_basal_ganglia	M001	0.03759213786488001	1.0757004471309923	1.0757004471309923	1	0	0	1	discordant	0.621535394693187	0.2481573083166022	putamen_basal_ganglia	M001	cellular component organization, cellular component organization or biogenesis	1.414284993562781	1.208940889201689	1.654507727286557	1.0757004471309923	0.03759213786488001	0.0020285305358717217	True	True						False	False	False	DDHD2
617	ENSG00000129187	1	putamen_basal_ganglia	M001	0.03759213786488001	1.0757004471309923	1.0757004471309923	1	0	0	1	discordant	0.621535394693187	0.24749934092681075	putamen_basal_ganglia	M001	cellular component organization, cellular component organization or biogenesis	1.414284993562781	1.208940889201689	1.654507727286557	1.0757004471309923	0.03759213786488001	0.0020285305358717217	True	True						False	False	False	DCTD
618	ENSG00000277987	1	putamen_basal_ganglia	M001	0.03759213786488001	1.0757004471309923	1.0757004471309923	1	0	0	1	discordant	0.621535394693187	0.2466015309245709	putamen_basal_ganglia	M001	cellular component organization, cellular component organization or biogenesis	1.414284993562781	1.208940889201689	1.654507727286557	1.0757004471309923	0.03759213786488001	0.0020285305358717217	True	True						False	False	False	LINC02351
619	ENSG00000115827	1	putamen_basal_ganglia	M001	0.03759213786488001	1.0757004471309923	1.0757004471309923	1	0	0	1	discordant	0.621535394693187	0.24615522580737778	putamen_basal_ganglia	M001	cellular component organization, cellular component organization or biogenesis	1.414284993562781	1.208940889201689	1.654507727286557	1.0757004471309923	0.03759213786488001	0.0020285305358717217	True	True						False	False	False	DCAF17
620	ENSG00000184465	1	putamen_basal_ganglia	M001	0.03759213786488001	1.0757004471309923	1.0757004471309923	1	0	0	1	discordant	0.621535394693187	0.24595594865473475	putamen_basal_ganglia	M001	cellular component organization, cellular component organization or biogenesis	1.414284993562781	1.208940889201689	1.654507727286557	1.0757004471309923	0.03759213786488001	0.0020285305358717217	True	True						False	False	False	WDR27
621	ENSG00000175826	1	putamen_basal_ganglia	M001	0.03759213786488001	1.0757004471309923	1.0757004471309923	1	0	0	1	discordant	0.621535394693187	0.2441587112007914	putamen_basal_ganglia	M001	cellular component organization, cellular component organization or biogenesis	1.414284993562781	1.208940889201689	1.654507727286557	1.0757004471309923	0.03759213786488001	0.0020285305358717217	True	True						False	False	False	CTDNEP1
622	ENSG00000172534	1	putamen_basal_ganglia	M001	0.03759213786488001	1.0757004471309923	1.0757004471309923	1	0	0	1	discordant	0.621535394693187	0.24292771035104765	putamen_basal_ganglia	M001	cellular component organization, cellular component organization or biogenesis	1.414284993562781	1.208940889201689	1.654507727286557	1.0757004471309923	0.03759213786488001	0.0020285305358717217	True	True						False	False	False	HCFC1
623	ENSG00000013561	1	putamen_basal_ganglia	M001	0.03759213786488001	1.0757004471309923	1.0757004471309923	1	0	0	1	discordant	0.621535394693187	0.23924834749911994	putamen_basal_ganglia	M001	cellular component organization, cellular component organization or biogenesis	1.414284993562781	1.208940889201689	1.654507727286557	1.0757004471309923	0.03759213786488001	0.0020285305358717217	True	True						False	False	False	RNF14
624	ENSG00000152359	1	putamen_basal_ganglia	M001	0.03759213786488001	1.0757004471309923	1.0757004471309923	1	0	0	1	discordant	0.621535394693187	0.2368683169157189	putamen_basal_ganglia	M001	cellular component organization, cellular component organization or biogenesis	1.414284993562781	1.208940889201689	1.654507727286557	1.0757004471309923	0.03759213786488001	0.0020285305358717217	True	True						False	False	False	POC5
625	ENSG00000206560	1	putamen_basal_ganglia	M001	0.03759213786488001	1.0757004471309923	1.0757004471309923	1	0	0	1	discordant	0.621535394693187	0.23587837987411844	putamen_basal_ganglia	M001	cellular component organization, cellular component organization or biogenesis	1.414284993562781	1.208940889201689	1.654507727286557	1.0757004471309923	0.03759213786488001	0.0020285305358717217	True	True						False	False	False	ANKRD28
626	ENSG00000160293	1	putamen_basal_ganglia	M001	0.03759213786488001	1.0757004471309923	1.0757004471309923	1	0	0	1	discordant	0.621535394693187	0.23394628372276519	putamen_basal_ganglia	M001	cellular component organization, cellular component organization or biogenesis	1.414284993562781	1.208940889201689	1.654507727286557	1.0757004471309923	0.03759213786488001	0.0020285305358717217	True	True						False	False	False	VAV2
627	ENSG00000274349	1	putamen_basal_ganglia	M001	0.03759213786488001	1.0757004471309923	1.0757004471309923	1	0	0	1	discordant	0.621535394693187	0.227510961096915	putamen_basal_ganglia	M001	cellular component organization, cellular component organization or biogenesis	1.414284993562781	1.208940889201689	1.654507727286557	1.0757004471309923	0.03759213786488001	0.0020285305358717217	True	True						False	False	False	ZNF658
628	ENSG00000255471	1	putamen_basal_ganglia	M001	0.03759213786488001	1.0757004471309923	1.0757004471309923	1	0	0	1	switch_only	0.621535394693187	0.21621020253180318	putamen_basal_ganglia	M001	cellular component organization, cellular component organization or biogenesis	1.414284993562781	1.208940889201689	1.654507727286557	1.0757004471309923	0.03759213786488001	0.0020285305358717217	True	True						False	False	False	PRSS23-AS1
629	ENSG00000113621	1	putamen_basal_ganglia	M001	0.03759213786488001	1.0757004471309923	1.0757004471309923	1	0	0	1	discordant	0.621535394693187	0.2161231644680582	putamen_basal_ganglia	M001	cellular component organization, cellular component organization or biogenesis	1.414284993562781	1.208940889201689	1.654507727286557	1.0757004471309923	0.03759213786488001	0.0020285305358717217	True	True	ALS	sQTL	0.0328158869438603	splicing (sQTL not resolved to switch pair)	splicing-unresolved	False	True	False	TXNDC15
630	ENSG00000006016	1	putamen_basal_ganglia	M001	0.03759213786488001	1.0757004471309923	1.0757004471309923	1	0	0	1	discordant	0.621535394693187	0.21385071327976068	putamen_basal_ganglia	M001	cellular component organization, cellular component organization or biogenesis	1.414284993562781	1.208940889201689	1.654507727286557	1.0757004471309923	0.03759213786488001	0.0020285305358717217	True	True						False	False	False	CRLF1
631	ENSG00000169282	1	putamen_basal_ganglia	M001	0.03759213786488001	1.0757004471309923	1.0757004471309923	1	0	0	1	discordant	0.621535394693187	0.21232746630699997	putamen_basal_ganglia	M001	cellular component organization, cellular component organization or biogenesis	1.414284993562781	1.208940889201689	1.654507727286557	1.0757004471309923	0.03759213786488001	0.0020285305358717217	True	True						False	False	False	KCNAB1
632	ENSG00000151136	1	putamen_basal_ganglia	M001	0.03759213786488001	1.0757004471309923	1.0757004471309923	1	0	0	1	discordant	0.621535394693187	0.21040880382250024	putamen_basal_ganglia	M001	cellular component organization, cellular component organization or biogenesis	1.414284993562781	1.208940889201689	1.654507727286557	1.0757004471309923	0.03759213786488001	0.0020285305358717217	True	True						False	False	False	ABTB3
633	ENSG00000187688	1	putamen_basal_ganglia	M001	0.03759213786488001	1.0757004471309923	1.0757004471309923	1	0	0	1	discordant	0.621535394693187	0.20753423459704146	putamen_basal_ganglia	M001	cellular component organization, cellular component organization or biogenesis	1.414284993562781	1.208940889201689	1.654507727286557	1.0757004471309923	0.03759213786488001	0.0020285305358717217	True	True						False	False	False	TRPV2
634	ENSG00000143494	1	putamen_basal_ganglia	M001	0.03759213786488001	1.0757004471309923	1.0757004471309923	1	0	0	1	discordant	0.621535394693187	0.20752422183801114	putamen_basal_ganglia	M001	cellular component organization, cellular component organization or biogenesis	1.414284993562781	1.208940889201689	1.654507727286557	1.0757004471309923	0.03759213786488001	0.0020285305358717217	True	True						False	False	False	VASH2
635	ENSG00000180488	1	putamen_basal_ganglia	M001	0.03759213786488001	1.0757004471309923	1.0757004471309923	1	0	0	1	discordant	0.621535394693187	0.20667692471390567	putamen_basal_ganglia	M001	cellular component organization, cellular component organization or biogenesis	1.414284993562781	1.208940889201689	1.654507727286557	1.0757004471309923	0.03759213786488001	0.0020285305358717217	True	True						False	False	False	MIGA1
636	ENSG00000013441	1	putamen_basal_ganglia	M001	0.03759213786488001	1.0757004471309923	1.0757004471309923	1	0	0	1	discordant	0.621535394693187	0.20552528166258932	putamen_basal_ganglia	M001	cellular component organization, cellular component organization or biogenesis	1.414284993562781	1.208940889201689	1.654507727286557	1.0757004471309923	0.03759213786488001	0.0020285305358717217	True	True						False	False	False	CLK1
637	ENSG00000100987	1	putamen_basal_ganglia	M001	0.03759213786488001	1.0757004471309923	1.0757004471309923	1	0	0	1	discordant	0.621535394693187	0.2014779663811956	putamen_basal_ganglia	M001	cellular component organization, cellular component organization or biogenesis	1.414284993562781	1.208940889201689	1.654507727286557	1.0757004471309923	0.03759213786488001	0.0020285305358717217	True	True						False	False	False	VSX1
638	ENSG00000175318	1	putamen_basal_ganglia	M001	0.03759213786488001	1.0757004471309923	1.0757004471309923	1	0	0	0	abundance_only	0.621535394693187	0.190773136217709	putamen_basal_ganglia	M001	cellular component organization, cellular component organization or biogenesis	1.414284993562781	1.208940889201689	1.654507727286557	1.0757004471309923	0.03759213786488001	0.0020285305358717217	True	True						False	False	False	GRAMD2A
639	ENSG00000032742	1	putamen_basal_ganglia	M001	0.03759213786488001	1.0757004471309923	1.0757004471309923	1	0	0	0	abundance_only	0.621535394693187	0.1850255656942322	putamen_basal_ganglia	M001	cellular component organization, cellular component organization or biogenesis	1.414284993562781	1.208940889201689	1.654507727286557	1.0757004471309923	0.03759213786488001	0.0020285305358717217	True	True						False	False	False	IFT88
640	ENSG00000130935	1	putamen_basal_ganglia	M001	0.03759213786488001	1.0757004471309923	1.0757004471309923	1	0	0	0	abundance_only	0.621535394693187	0.17965881711568987	putamen_basal_ganglia	M001	cellular component organization, cellular component organization or biogenesis	1.414284993562781	1.208940889201689	1.654507727286557	1.0757004471309923	0.03759213786488001	0.0020285305358717217	True	True						False	False	False	NOL11
641	ENSG00000103995	1	putamen_basal_ganglia	M001	0.03759213786488001	1.0757004471309923	1.0757004471309923	1	0	0	0	abundance_only	0.621535394693187	0.16975606076009372	putamen_basal_ganglia	M001	cellular component organization, cellular component organization or biogenesis	1.414284993562781	1.208940889201689	1.654507727286557	1.0757004471309923	0.03759213786488001	0.0020285305358717217	True	True						False	False	False	CEP152
642	ENSG00000148426	1	putamen_basal_ganglia	M001	0.03759213786488001	1.0757004471309923	1.0757004471309923	1	0	0	0	abundance_only	0.621535394693187	0.16820956802967724	putamen_basal_ganglia	M001	cellular component organization, cellular component organization or biogenesis	1.414284993562781	1.208940889201689	1.654507727286557	1.0757004471309923	0.03759213786488001	0.0020285305358717217	True	True						False	False	False	PROSER2
643	ENSG00000162949	1	putamen_basal_ganglia	M001	0.03759213786488001	1.0757004471309923	1.0757004471309923	1	0	0	0	abundance_only	0.621535394693187	0.1654248211015777	putamen_basal_ganglia	M001	cellular component organization, cellular component organization or biogenesis	1.414284993562781	1.208940889201689	1.654507727286557	1.0757004471309923	0.03759213786488001	0.0020285305358717217	True	True						False	False	False	CAPN13
644	ENSG00000011105	1	putamen_basal_ganglia	M001	0.03759213786488001	1.0757004471309923	1.0757004471309923	1	0	0	0	abundance_only	0.621535394693187	0.1653474779624827	putamen_basal_ganglia	M001	cellular component organization, cellular component organization or biogenesis	1.414284993562781	1.208940889201689	1.654507727286557	1.0757004471309923	0.03759213786488001	0.0020285305358717217	True	True						False	False	False	TSPAN9
645	ENSG00000174851	1	putamen_basal_ganglia	M001	0.03759213786488001	1.0757004471309923	1.0757004471309923	1	0	0	0	abundance_only	0.621535394693187	0.1650599660455817	putamen_basal_ganglia	M001	cellular component organization, cellular component organization or biogenesis	1.414284993562781	1.208940889201689	1.654507727286557	1.0757004471309923	0.03759213786488001	0.0020285305358717217	True	True						False	False	False	YIF1A
646	ENSG00000267432	1	putamen_basal_ganglia	M001	0.03759213786488001	1.0757004471309923	1.0757004471309923	1	0	0	0	abundance_only	0.621535394693187	0.1647552067406802	putamen_basal_ganglia	M001	cellular component organization, cellular component organization or biogenesis	1.414284993562781	1.208940889201689	1.654507727286557	1.0757004471309923	0.03759213786488001	0.0020285305358717217	True	True						False	False	False	DNAH17-AS1
647	ENSG00000286366	1	putamen_basal_ganglia	M001	0.03759213786488001	1.0757004471309923	1.0757004471309923	1	0	0	0	abundance_only	0.621535394693187	0.16437614065548806	putamen_basal_ganglia	M001	cellular component organization, cellular component organization or biogenesis	1.414284993562781	1.208940889201689	1.654507727286557	1.0757004471309923	0.03759213786488001	0.0020285305358717217	True	True						False	False	False	ENSG00000286366
648	ENSG00000189367	1	putamen_basal_ganglia	M001	0.03759213786488001	1.0757004471309923	1.0757004471309923	1	0	0	0	abundance_only	0.621535394693187	0.16384421138783234	putamen_basal_ganglia	M001	cellular component organization, cellular component organization or biogenesis	1.414284993562781	1.208940889201689	1.654507727286557	1.0757004471309923	0.03759213786488001	0.0020285305358717217	True	True						False	False	False	KIAA0408
649	ENSG00000087245	1	putamen_basal_ganglia	M001	0.03759213786488001	1.0757004471309923	1.0757004471309923	1	0	0	0	abundance_only	0.621535394693187	0.16382141715730844	putamen_basal_ganglia	M001	cellular component organization, cellular component organization or biogenesis	1.414284993562781	1.208940889201689	1.654507727286557	1.0757004471309923	0.03759213786488001	0.0020285305358717217	True	True						False	False	False	MMP2
650	ENSG00000178163	1	putamen_basal_ganglia	M001	0.03759213786488001	1.0757004471309923	1.0757004471309923	1	0	0	0	abundance_only	0.621535394693187	0.16325461547192358	putamen_basal_ganglia	M001	cellular component organization, cellular component organization or biogenesis	1.414284993562781	1.208940889201689	1.654507727286557	1.0757004471309923	0.03759213786488001	0.0020285305358717217	True	True						False	False	False	ZNF518B
651	ENSG00000051596	1	putamen_basal_ganglia	M001	0.03759213786488001	1.0757004471309923	1.0757004471309923	1	0	0	0	abundance_only	0.621535394693187	0.15356606095320693	putamen_basal_ganglia	M001	cellular component organization, cellular component organization or biogenesis	1.414284993562781	1.208940889201689	1.654507727286557	1.0757004471309923	0.03759213786488001	0.0020285305358717217	True	True						False	False	False	THOC3
652	ENSG00000127990	1	putamen_basal_ganglia	M001	0.03759213786488001	1.0757004471309923	1.0757004471309923	1	0	0	0	abundance_only	0.621535394693187	0.15331540537802332	putamen_basal_ganglia	M001	cellular component organization, cellular component organization or biogenesis	1.414284993562781	1.208940889201689	1.654507727286557	1.0757004471309923	0.03759213786488001	0.0020285305358717217	True	True						False	False	False	SGCE
653	ENSG00000173692	1	putamen_basal_ganglia	M001	0.03759213786488001	1.0757004471309923	1.0757004471309923	1	0	0	0	abundance_only	0.621535394693187	0.15139479581659335	putamen_basal_ganglia	M001	cellular component organization, cellular component organization or biogenesis	1.414284993562781	1.208940889201689	1.654507727286557	1.0757004471309923	0.03759213786488001	0.0020285305358717217	True	True						False	False	False	PSMD1
654	ENSG00000231607	1	putamen_basal_ganglia	M001	0.03759213786488001	1.0757004471309923	1.0757004471309923	1	0	0	0	abundance_only	0.621535394693187	0.1509758901029131	putamen_basal_ganglia	M001	cellular component organization, cellular component organization or biogenesis	1.414284993562781	1.208940889201689	1.654507727286557	1.0757004471309923	0.03759213786488001	0.0020285305358717217	True	True						False	False	False	DLEU2
655	ENSG00000273329	1	putamen_basal_ganglia	M001	0.03759213786488001	1.0757004471309923	1.0757004471309923	1	0	0	0	abundance_only	0.621535394693187	0.1451637499990852	putamen_basal_ganglia	M001	cellular component organization, cellular component organization or biogenesis	1.414284993562781	1.208940889201689	1.654507727286557	1.0757004471309923	0.03759213786488001	0.0020285305358717217	True	True						False	False	False	ENSG00000273329
656	ENSG00000167992	1	putamen_basal_ganglia	M001	0.03759213786488001	1.0757004471309923	1.0757004471309923	1	0	0	0	abundance_only	0.621535394693187	0.1432418664852793	putamen_basal_ganglia	M001	cellular component organization, cellular component organization or biogenesis	1.414284993562781	1.208940889201689	1.654507727286557	1.0757004471309923	0.03759213786488001	0.0020285305358717217	True	True						False	False	False	VWCE
657	ENSG00000177628	1	putamen_basal_ganglia	M001	0.03759213786488001	1.0757004471309923	1.0757004471309923	1	0	0	0	abundance_only	0.621535394693187	0.13543831597678038	putamen_basal_ganglia	M001	cellular component organization, cellular component organization or biogenesis	1.414284993562781	1.208940889201689	1.654507727286557	1.0757004471309923	0.03759213786488001	0.0020285305358717217	True	True						False	False	False	GBA1
658	ENSG00000091136	1	putamen_basal_ganglia	M001	0.03759213786488001	1.0757004471309923	1.0757004471309923	1	0	0	0	abundance_only	0.621535394693187	0.1305561208671365	putamen_basal_ganglia	M001	cellular component organization, cellular component organization or biogenesis	1.414284993562781	1.208940889201689	1.654507727286557	1.0757004471309923	0.03759213786488001	0.0020285305358717217	True	True						False	False	False	LAMB1
659	ENSG00000146453	1	putamen_basal_ganglia	M001	0.03759213786488001	1.0757004471309923	1.0757004471309923	1	0	0	0	abundance_only	0.621535394693187	0.12904700948400463	putamen_basal_ganglia	M001	cellular component organization, cellular component organization or biogenesis	1.414284993562781	1.208940889201689	1.654507727286557	1.0757004471309923	0.03759213786488001	0.0020285305358717217	True	True						False	False	False	PNLDC1
660	ENSG00000159871	1	putamen_basal_ganglia	M001	0.03759213786488001	1.0757004471309923	1.0757004471309923	1	0	0	0	abundance_only	0.621535394693187	0.12607732579687062	putamen_basal_ganglia	M001	cellular component organization, cellular component organization or biogenesis	1.414284993562781	1.208940889201689	1.654507727286557	1.0757004471309923	0.03759213786488001	0.0020285305358717217	True	True						False	False	False	LYPD5
661	ENSG00000039650	1	putamen_basal_ganglia	M001	0.03759213786488001	1.0757004471309923	1.0757004471309923	1	0	0	0	abundance_only	0.621535394693187	0.12571531521065324	putamen_basal_ganglia	M001	cellular component organization, cellular component organization or biogenesis	1.414284993562781	1.208940889201689	1.654507727286557	1.0757004471309923	0.03759213786488001	0.0020285305358717217	True	True						False	False	False	PNKP
662	ENSG00000115677	1	putamen_basal_ganglia	M001	0.03759213786488001	1.0757004471309923	1.0757004471309923	1	0	0	0	abundance_only	0.621535394693187	0.1250631290024069	putamen_basal_ganglia	M001	cellular component organization, cellular component organization or biogenesis	1.414284993562781	1.208940889201689	1.654507727286557	1.0757004471309923	0.03759213786488001	0.0020285305358717217	True	True						False	False	False	HDLBP
663	ENSG00000183166	1	putamen_basal_ganglia	M001	0.03759213786488001	1.0757004471309923	1.0757004471309923	1	0	0	0	abundance_only	0.621535394693187	0.11935912682050925	putamen_basal_ganglia	M001	cellular component organization, cellular component organization or biogenesis	1.414284993562781	1.208940889201689	1.654507727286557	1.0757004471309923	0.03759213786488001	0.0020285305358717217	True	True						False	False	False	CALN1
664	ENSG00000065600	1	putamen_basal_ganglia	M001	0.03759213786488001	1.0757004471309923	1.0757004471309923	1	0	0	0	abundance_only	0.621535394693187	0.1169769151644804	putamen_basal_ganglia	M001	cellular component organization, cellular component organization or biogenesis	1.414284993562781	1.208940889201689	1.654507727286557	1.0757004471309923	0.03759213786488001	0.0020285305358717217	True	True						False	False	False	PACC1
665	ENSG00000186174	1	putamen_basal_ganglia	M001	0.03759213786488001	1.0757004471309923	1.0757004471309923	1	0	0	0	abundance_only	0.621535394693187	0.11458657114197433	putamen_basal_ganglia	M001	cellular component organization, cellular component organization or biogenesis	1.414284993562781	1.208940889201689	1.654507727286557	1.0757004471309923	0.03759213786488001	0.0020285305358717217	True	True						False	False	False	BCL9L
666	ENSG00000166501	1	putamen_basal_ganglia	M001	0.03759213786488001	1.0757004471309923	1.0757004471309923	1	0	0	0	abundance_only	0.621535394693187	0.11195152888180644	putamen_basal_ganglia	M001	cellular component organization, cellular component organization or biogenesis	1.414284993562781	1.208940889201689	1.654507727286557	1.0757004471309923	0.03759213786488001	0.0020285305358717217	True	True						False	False	False	PRKCB
667	ENSG00000242808	1	putamen_basal_ganglia	M001	0.03759213786488001	1.0757004471309923	1.0757004471309923	1	0	0	0	abundance_only	0.621535394693187	0.0957310780906707	putamen_basal_ganglia	M001	cellular component organization, cellular component organization or biogenesis	1.414284993562781	1.208940889201689	1.654507727286557	1.0757004471309923	0.03759213786488001	0.0020285305358717217	True	True						False	False	False	SOX2-OT
668	ENSG00000164953	1	putamen_basal_ganglia	M001	0.03759213786488001	1.0757004471309923	1.0757004471309923	1	0	0	0	abundance_only	0.621535394693187	0.09095546469049216	putamen_basal_ganglia	M001	cellular component organization, cellular component organization or biogenesis	1.414284993562781	1.208940889201689	1.654507727286557	1.0757004471309923	0.03759213786488001	0.0020285305358717217	True	True						False	False	False	TMEM67
669	ENSG00000237943	1	putamen_basal_ganglia	M001	0.03759213786488001	1.0757004471309923	1.0757004471309923	1	0	0	0	abundance_only	0.621535394693187	0.08978758192719694	putamen_basal_ganglia	M001	cellular component organization, cellular component organization or biogenesis	1.414284993562781	1.208940889201689	1.654507727286557	1.0757004471309923	0.03759213786488001	0.0020285305358717217	True	True						False	False	False	PRKCQ-AS1
670	ENSG00000083097	1	putamen_basal_ganglia	M001	0.03759213786488001	1.0757004471309923	1.0757004471309923	1	0	0	0	abundance_only	0.621535394693187	0.08736059302633059	putamen_basal_ganglia	M001	cellular component organization, cellular component organization or biogenesis	1.414284993562781	1.208940889201689	1.654507727286557	1.0757004471309923	0.03759213786488001	0.0020285305358717217	True	True						False	False	False	DOP1A
671	ENSG00000291032	1	putamen_basal_ganglia	M001	0.03759213786488001	1.0757004471309923	1.0757004471309923	1	0	0	0	abundance_only	0.621535394693187	0.08443753840626737	putamen_basal_ganglia	M001	cellular component organization, cellular component organization or biogenesis	1.414284993562781	1.208940889201689	1.654507727286557	1.0757004471309923	0.03759213786488001	0.0020285305358717217	True	True						False	False	False	ENSG00000291032
672	ENSG00000155974	1	putamen_basal_ganglia	M001	0.03759213786488001	1.0757004471309923	1.0757004471309923	1	0	0	0	abundance_only	0.621535394693187	0.08418394810818867	putamen_basal_ganglia	M001	cellular component organization, cellular component organization or biogenesis	1.414284993562781	1.208940889201689	1.654507727286557	1.0757004471309923	0.03759213786488001	0.0020285305358717217	True	True						False	False	False	GRIP1
673	ENSG00000054277	1	putamen_basal_ganglia	M001	0.03759213786488001	1.0757004471309923	1.0757004471309923	1	0	0	0	abundance_only	0.621535394693187	0.08276908982507934	putamen_basal_ganglia	M001	cellular component organization, cellular component organization or biogenesis	1.414284993562781	1.208940889201689	1.654507727286557	1.0757004471309923	0.03759213786488001	0.0020285305358717217	True	True						False	False	False	OPN3
674	ENSG00000157343	1	putamen_basal_ganglia	M001	0.03759213786488001	1.0757004471309923	1.0757004471309923	1	0	0	0	abundance_only	0.621535394693187	0.08146986552788058	putamen_basal_ganglia	M001	cellular component organization, cellular component organization or biogenesis	1.414284993562781	1.208940889201689	1.654507727286557	1.0757004471309923	0.03759213786488001	0.0020285305358717217	True	True						False	False	False	ARMC12
675	ENSG00000125814	1	putamen_basal_ganglia	M001	0.03759213786488001	1.0757004471309923	1.0757004471309923	1	0	0	0	abundance_only	0.621535394693187	0.07503015431110148	putamen_basal_ganglia	M001	cellular component organization, cellular component organization or biogenesis	1.414284993562781	1.208940889201689	1.654507727286557	1.0757004471309923	0.03759213786488001	0.0020285305358717217	True	True						False	False	False	NAPB
676	ENSG00000165269	1	putamen_basal_ganglia	M001	0.03759213786488001	1.0757004471309923	1.0757004471309923	1	0	0	0	abundance_only	0.621535394693187	0.07181875507269901	putamen_basal_ganglia	M001	cellular component organization, cellular component organization or biogenesis	1.414284993562781	1.208940889201689	1.654507727286557	1.0757004471309923	0.03759213786488001	0.0020285305358717217	True	True						False	False	False	AQP7
677	ENSG00000124104	1	putamen_basal_ganglia	M001	0.03759213786488001	1.0757004471309923	1.0757004471309923	1	0	0	0	abundance_only	0.621535394693187	0.07100282289135221	putamen_basal_ganglia	M001	cellular component organization, cellular component organization or biogenesis	1.414284993562781	1.208940889201689	1.654507727286557	1.0757004471309923	0.03759213786488001	0.0020285305358717217	True	True						False	False	False	SNX21
678	ENSG00000136295	1	putamen_basal_ganglia	M001	0.03759213786488001	1.0757004471309923	1.0757004471309923	1	0	0	0	abundance_only	0.621535394693187	0.06604741604703998	putamen_basal_ganglia	M001	cellular component organization, cellular component organization or biogenesis	1.414284993562781	1.208940889201689	1.654507727286557	1.0757004471309923	0.03759213786488001	0.0020285305358717217	True	True						False	False	False	TTYH3
679	ENSG00000179133	1	putamen_basal_ganglia	M001	0.03759213786488001	1.0757004471309923	1.0757004471309923	1	0	0	0	abundance_only	0.621535394693187	0.06500969741054469	putamen_basal_ganglia	M001	cellular component organization, cellular component organization or biogenesis	1.414284993562781	1.208940889201689	1.654507727286557	1.0757004471309923	0.03759213786488001	0.0020285305358717217	True	True						False	False	False	C10orf67
680	ENSG00000236144	1	putamen_basal_ganglia	M001	0.03759213786488001	1.0757004471309923	1.0757004471309923	1	0	0	0	abundance_only	0.621535394693187	0.06425318193239456	putamen_basal_ganglia	M001	cellular component organization, cellular component organization or biogenesis	1.414284993562781	1.208940889201689	1.654507727286557	1.0757004471309923	0.03759213786488001	0.0020285305358717217	True	True						False	False	False	TMEM147-AS1
681	ENSG00000250634	1	putamen_basal_ganglia	M001	0.03759213786488001	1.0757004471309923	1.0757004471309923	1	0	0	0	abundance_only	0.621535394693187	0.06380261229153185	putamen_basal_ganglia	M001	cellular component organization, cellular component organization or biogenesis	1.414284993562781	1.208940889201689	1.654507727286557	1.0757004471309923	0.03759213786488001	0.0020285305358717217	True	True						False	False	False	LINC01182
682	ENSG00000196890	1	putamen_basal_ganglia	M001	0.03759213786488001	1.0757004471309923	1.0757004471309923	1	0	0	0	abundance_only	0.621535394693187	0.0625920734404591	putamen_basal_ganglia	M001	cellular component organization, cellular component organization or biogenesis	1.414284993562781	1.208940889201689	1.654507727286557	1.0757004471309923	0.03759213786488001	0.0020285305358717217	True	True						False	False	False	H2BC26
683	ENSG00000127530	1	putamen_basal_ganglia	M001	0.03759213786488001	1.0757004471309923	1.0757004471309923	1	0	0	0	inactive	0.621535394693187	0.061334193864091315	putamen_basal_ganglia	M001	cellular component organization, cellular component organization or biogenesis	1.414284993562781	1.208940889201689	1.654507727286557	1.0757004471309923	0.03759213786488001	0.0020285305358717217	True	True						False	False	False	OR7C1
684	ENSG00000107960	1	putamen_basal_ganglia	M001	0.03759213786488001	1.0757004471309923	1.0757004471309923	1	0	0	0	abundance_only	0.621535394693187	0.0565179321363204	putamen_basal_ganglia	M001	cellular component organization, cellular component organization or biogenesis	1.414284993562781	1.208940889201689	1.654507727286557	1.0757004471309923	0.03759213786488001	0.0020285305358717217	True	True						False	False	False	STN1
685	ENSG00000293310	1	putamen_basal_ganglia	M001	0.03759213786488001	1.0757004471309923	1.0757004471309923	1	0	0	0	abundance_only	0.621535394693187	0.05054758304002821	putamen_basal_ganglia	M001	cellular component organization, cellular component organization or biogenesis	1.414284993562781	1.208940889201689	1.654507727286557	1.0757004471309923	0.03759213786488001	0.0020285305358717217	True	True						False	False	False	ENSG00000293310
686	ENSG00000156113	1	putamen_basal_ganglia	M001	0.03759213786488001	1.0757004471309923	1.0757004471309923	1	0	0	0	abundance_only	0.621535394693187	0.045372631794767665	putamen_basal_ganglia	M001	cellular component organization, cellular component organization or biogenesis	1.414284993562781	1.208940889201689	1.654507727286557	1.0757004471309923	0.03759213786488001	0.0020285305358717217	True	True						False	False	False	KCNMA1
687	ENSG00000163631	1	putamen_basal_ganglia	M001	0.03759213786488001	1.0757004471309923	1.0757004471309923	1	0	0	0	abundance_only	0.621535394693187	0.04052876106062388	putamen_basal_ganglia	M001	cellular component organization, cellular component organization or biogenesis	1.414284993562781	1.208940889201689	1.654507727286557	1.0757004471309923	0.03759213786488001	0.0020285305358717217	True	True						False	False	False	ALB
688	ENSG00000130940	1	putamen_basal_ganglia	M001	0.03759213786488001	1.0757004471309923	1.0757004471309923	1	0	0	0	abundance_only	0.621535394693187	0.03934853040103261	putamen_basal_ganglia	M001	cellular component organization, cellular component organization or biogenesis	1.414284993562781	1.208940889201689	1.654507727286557	1.0757004471309923	0.03759213786488001	0.0020285305358717217	True	True						False	False	False	CASZ1
689	ENSG00000141968	1	putamen_basal_ganglia	M001	0.03759213786488001	1.0757004471309923	1.0757004471309923	1	0	0	0	abundance_only	0.621535394693187	0.036543780772521364	putamen_basal_ganglia	M001	cellular component organization, cellular component organization or biogenesis	1.414284993562781	1.208940889201689	1.654507727286557	1.0757004471309923	0.03759213786488001	0.0020285305358717217	True	True						False	False	False	VAV1
690	ENSG00000137959	1	putamen_basal_ganglia	M001	0.03759213786488001	1.0757004471309923	1.0757004471309923	1	0	0	0	inactive	0.621535394693187	0.035080987506953536	putamen_basal_ganglia	M001	cellular component organization, cellular component organization or biogenesis	1.414284993562781	1.208940889201689	1.654507727286557	1.0757004471309923	0.03759213786488001	0.0020285305358717217	True	True						False	False	False	IFI44L
691	ENSG00000106648	1	putamen_basal_ganglia	M001	0.03759213786488001	1.0757004471309923	1.0757004471309923	1	0	0	0	abundance_only	0.621535394693187	0.03334229008014655	putamen_basal_ganglia	M001	cellular component organization, cellular component organization or biogenesis	1.414284993562781	1.208940889201689	1.654507727286557	1.0757004471309923	0.03759213786488001	0.0020285305358717217	True	True						False	False	False	GALNTL5
692	ENSG00000203650	1	putamen_basal_ganglia	M001	0.03759213786488001	1.0757004471309923	1.0757004471309923	1	0	0	0	abundance_only	0.621535394693187	0.023653693534966307	putamen_basal_ganglia	M001	cellular component organization, cellular component organization or biogenesis	1.414284993562781	1.208940889201689	1.654507727286557	1.0757004471309923	0.03759213786488001	0.0020285305358717217	True	True						False	False	False	LINC01285
693	ENSG00000272274	1	putamen_basal_ganglia	M001	0.03759213786488001	1.0757004471309923	1.0757004471309923	1	0	0	0	abundance_only	0.621535394693187	0.010994562692118116	putamen_basal_ganglia	M001	cellular component organization, cellular component organization or biogenesis	1.414284993562781	1.208940889201689	1.654507727286557	1.0757004471309923	0.03759213786488001	0.0020285305358717217	True	True						False	False	False	ARGLU1-DT
694	ENSG00000205220	1	putamen_basal_ganglia	M001	0.03759213786488001	1.0757004471309923	1.0757004471309923	1	0	0	0	abundance_only	0.621535394693187	0.007779140511902024	putamen_basal_ganglia	M001	cellular component organization, cellular component organization or biogenesis	1.414284993562781	1.208940889201689	1.654507727286557	1.0757004471309923	0.03759213786488001	0.0020285305358717217	True	True						False	False	False	PSMB10
695	ENSG00000198677	1	putamen_basal_ganglia	M001	0.03759213786488001	1.0757004471309923	1.0757004471309923	1	0	0	0	abundance_only	0.621535394693187	0.007230643870327975	putamen_basal_ganglia	M001	cellular component organization, cellular component organization or biogenesis	1.414284993562781	1.208940889201689	1.654507727286557	1.0757004471309923	0.03759213786488001	0.0020285305358717217	True	True						False	False	False	SKIC3
696	ENSG00000291151	1	putamen_basal_ganglia	M001	0.03759213786488001	1.0757004471309923	1.0757004471309923	1	0	0	0	abundance_only	0.621535394693187	0.002000418888595574	putamen_basal_ganglia	M001	cellular component organization, cellular component organization or biogenesis	1.414284993562781	1.208940889201689	1.654507727286557	1.0757004471309923	0.03759213786488001	0.0020285305358717217	True	True						False	False	False	NSUN5P1
697	ENSG00000046889	1	putamen_basal_ganglia	M001	0.03759213786488001	1.0757004471309923	1.0757004471309923	1	0	0	0	abundance_only	0.621535394693187		putamen_basal_ganglia	M001	cellular component organization, cellular component organization or biogenesis	1.414284993562781	1.208940889201689	1.654507727286557	1.0757004471309923	0.03759213786488001	0.0020285305358717217	True	True						False	False	False	PREX2
698	ENSG00000066322	1	putamen_basal_ganglia	M001	0.03759213786488001	1.0757004471309923	1.0757004471309923	1	0	0	0	abundance_only	0.621535394693187		putamen_basal_ganglia	M001	cellular component organization, cellular component organization or biogenesis	1.414284993562781	1.208940889201689	1.654507727286557	1.0757004471309923	0.03759213786488001	0.0020285305358717217	True	True						False	False	False	ELOVL1
699	ENSG00000100220	1	putamen_basal_ganglia	M001	0.03759213786488001	1.0757004471309923	1.0757004471309923	1	0	0	0	abundance_only	0.621535394693187		putamen_basal_ganglia	M001	cellular component organization, cellular component organization or biogenesis	1.414284993562781	1.208940889201689	1.654507727286557	1.0757004471309923	0.03759213786488001	0.0020285305358717217	True	True						False	False	False	RTCB
700	ENSG00000127946	1	putamen_basal_ganglia	M001	0.03759213786488001	1.0757004471309923	1.0757004471309923	1	0	0	0	abundance_only	0.621535394693187		putamen_basal_ganglia	M001	cellular component organization, cellular component organization or biogenesis	1.414284993562781	1.208940889201689	1.654507727286557	1.0757004471309923	0.03759213786488001	0.0020285305358717217	True	True						False	False	False	HIP1
701	ENSG00000134250	1	putamen_basal_ganglia	M001	0.03759213786488001	1.0757004471309923	1.0757004471309923	1	0	0	0	abundance_only	0.621535394693187		putamen_basal_ganglia	M001	cellular component organization, cellular component organization or biogenesis	1.414284993562781	1.208940889201689	1.654507727286557	1.0757004471309923	0.03759213786488001	0.0020285305358717217	True	True						False	False	False	NOTCH2
702	ENSG00000146005	1	putamen_basal_ganglia	M001	0.03759213786488001	1.0757004471309923	1.0757004471309923	1	0	0	0	inactive	0.621535394693187		putamen_basal_ganglia	M001	cellular component organization, cellular component organization or biogenesis	1.414284993562781	1.208940889201689	1.654507727286557	1.0757004471309923	0.03759213786488001	0.0020285305358717217	True	True						False	False	False	PSD2
703	ENSG00000154945	1	putamen_basal_ganglia	M001	0.03759213786488001	1.0757004471309923	1.0757004471309923	1	0	0	0	inactive	0.621535394693187		putamen_basal_ganglia	M001	cellular component organization, cellular component organization or biogenesis	1.414284993562781	1.208940889201689	1.654507727286557	1.0757004471309923	0.03759213786488001	0.0020285305358717217	True	True						False	False	False	ANKRD40
704	ENSG00000170759	1	putamen_basal_ganglia	M001	0.03759213786488001	1.0757004471309923	1.0757004471309923	1	0	0	0	inactive	0.621535394693187		putamen_basal_ganglia	M001	cellular component organization, cellular component organization or biogenesis	1.414284993562781	1.208940889201689	1.654507727286557	1.0757004471309923	0.03759213786488001	0.0020285305358717217	True	True						False	False	False	KIF5B
705	ENSG00000185885	1	putamen_basal_ganglia	M001	0.03759213786488001	1.0757004471309923	1.0757004471309923	1	0	0	0	inactive	0.621535394693187		putamen_basal_ganglia	M001	cellular component organization, cellular component organization or biogenesis	1.414284993562781	1.208940889201689	1.654507727286557	1.0757004471309923	0.03759213786488001	0.0020285305358717217	True	True						False	False	False	IFITM1
