gtex__amygdala__M000	23072	204	23028	10368	8913	55750	9912	57787	4145	8938	6853	23221	5081	51085	8193	30845	112611	57586	9369	2554	57210	11215	51022	10953	286	535	321	9168	9172	27067	3631	7038	7504	4134	55885	23518	5733	54477	5798	114800	57504	5218	5923	816	493	55359	10076	55711	9340	9892	7089	25791	782	5590	6857	89795	57595	2182	8514	5217	6710	440	1258	815	490	87	7224	2011	29953	4905	23332	5522	6620	9671	3785	8672	7163	1781	88	4133	9063	54715	7419	22999	1136	4208	55322	23136	1741	4986	4779	5026	84273	22996	55054	29887	5475	56970	2775	10059	2036	23348	1795	22895	29965	8425	29888	8646	4897	3912	1738	23335	51168	84502	5064	1399	9701	6305	4627	57446	1917	5173	140679	56853	1478	6855	9016	2010	2245	65009	1428	23420	51760	8120	23312	171177	79752	3646	4741	1760	6511	8775	478	64327	10049	2887	6804	8976	7036	54927	51422	26468	64420	57582	8395	20	64077	28964	40	79132	1949	23158	8821	55291	9379	10645	51699	23329	56994	9847	4988	221692	10486	84498	10279	10307	2566	84100	55081	1981	7781	29959	5136	23301	8604	2043	26038	57535	4985	271	9887	127700	3964	10000	57576	23215	56181	4033	6785	1268	84251	80212	4702	57706	54812	53335	30819	2170	57179	83637	11113	5585	51209	29993	9208	6253	63908	10893	3831	5582	55288	146330	57168	25775	1123	2571	8854	3746	2258	6861	1804	547	170463	10439	445	139728	23229	7187	3748	83636	1742	9633	6860	10810	57511	55859	9215	116988	9645	23508	10752	284252	1837	22873	6733	2045	27165	23416	85021	10505	80003	3775	85397	50649	5100	79621	4008	1607	83605	2058	2572	6812	9568	63027	54843	5607	440279	23005	56924	10152	84162	55752	80144	85352	196500	54509	7168	8128	1012	1213	2774	50488	396	494470	773	59283	5567	5792	3756	9859	3899	11249	8502	57282	51454	57574	114884	115286	57552	285150	2044	6622	817	287	6715	5066	2561	23138	90523	26230	113130	30011	55869	9203	55638	340419	114789	818	9118	8525	79096	5058	9177	26007	83723	8448	22866	1740	3708	10873	2059	143187	55521	56978	2911	115827	5801	51571	25827	5789	163175	7070	8470	56934	55361	2890	134353	6503	116442	83873	3778	27020	137970	3815	9478	114793	64897	26100	2039	54461	55108	54020	1141	9684	51149	60680	1857	22941	2785	1996	127002	79762	51127	347730	3754	3760	23122	8618	64419	51304	94032	55764	8314	4241	84448	133308	79012	2912	132332	2898	348980	63974	7534	25879	79698	145567	3747	11245	55530	654429	2562	55800	222865	5579	9640	3359	89927	6866	222950	23582	64400	146713	112476	784	10653	90522	10501	286133	3761	4336	11259	9677	3354	7386	5865	10636	114787	25942	9079	7360	84894	1501	7532	166614	91752	5209	3777	283455	8941	59350	598	22883	57449	10243	85442	10605	10125	55871	26960	541471	10777	78988	111	79625	57674	6712	57495	253959	170261	26047	442117	158038	582	6138	9610	51319	155185	170506	22843	5122	64770	126792	339344	163126	84277	284424	2902	6197	266812	79751	79605	387856	9659	3350	57184	399668	220202	401097	400120	85453	64388	23760	1129	5912	2567	8905	4692	9312	345557	6000	9112	6546	64478	5877	388121	128989	645974	4753	138046	5413	752	6092	56899	255275	266722	10336	54014	399947	56479	257240	146760	255022	345079	340529	2558	4674	54331	27445	23040	4137	23270	375612	26059	29978	345630	344838	375567	5649	131034	55190	51466	399687	165679	8912	57591	961	343990	6334	100129858	644596	140688	104	10533	955	163059	1675	26052	4155	9228	124930	221002	57692	221424	340543	26095	728215	440145	414918	10921	220164	339263	10962	100996307	134111	283514	285780	112597	729467	400765	386597	107985820	643837	642345	100996635	100506679	100132948	378805	400238	121853075	101928537	84968	1159	400958	105373390	101927609	399829	101929238	56134	101929066	654790	101929237	283140	101929176	85358	552889	55845	101929473	399959	105370015	729911	101927751	103344931	106456574	100507050	100287616	148189	100505576	284395	100287932	101927151	400622	56936	375196	283483	100130705	26220	2904	100170841	110806277	102724488	283267	401442	105374338	112694756	55056	105376121	101929748	122319436	106660612	84820	100289656	441666	728554	554236	493754	64940	440934	650655
gtex__amygdala__M001	2729	3980	2115	3475	27072	9043	5310	22955	1185	10463	9782	27032	57476	4719	355	2530	4052	57492	6307	55745	51742	58508	23369	5378	3843	1606	1496	7813	5315	10060	10681	10640	8440	6196	51095	23291	10335	10979	1207	55205	27332	83992	2782	117	9452	51619	7145	8556	8671	6595	57092	8555	56113	7514	57531	2060	79796	8898	118	5990	23368	27131	84678	2734	3655	23231	55632	79956	4670	4809	1983	79882	9252	57680	23347	4281	2332	22862	5257	80777	79719	10391	8925	23205	1512	2184	55284	51366	284352	5802	1954	30000	8887	2617	5803	54664	5599	91452	9211	64854	8649	7466	23321	2743	7358	6506	10944	8496	79611	8078	7164	135112	7101	10767	7957	9444	3157	10902	23530	10087	9685	900	80006	23286	9555	57222	10051	7375	8087	6787	55683	25801	2202	6772	8869	55818	23683	1615	5334	1386	4139	55870	85440	59349	58155	4297	79109	9870	4329	10936	3437	80218	7750	64786	576	51193	55975	23389	8082	11059	540	57486	466	2181	10564	6780	10485	284800	10236	154796	23499	1892	8910	9732	4698	5682	51105	6874	23345	54882	64087	23167	3691	23037	91298	81846	51669	9811	4212	55119	129607	2012	7174	577	4076	9053	2799	2752	9857	55681	9445	28988	6426	9314	7099	152006	55667	116113	93643	5962	102	403	310	29789	10144	22872	658	81624	145407	376267	81614	9990	2108	1009	9611	54828	55197	114876	57521	126969	5451	23126	7159	8751	94097	23190	10299	153830	81545	57451	57583	5723	8573	90060	27316	6867	51110	29967	4915	221074	6935	2746	120	4684	23284	2823	1456	55691	152485	80014	2555	2674	133686	10160	51351	6328	50807	154043	80790	3773	124540	25890	55740	55529	55326	55027	23367	23522	6529	7804	4643	445815	26053	137964	6651	23515	9813	5701	5824	148362	204851	55249	64343	7871	27152	80335	79884	167153	23305	55074	501	55342	9147	509	9318	1200	7184	144100	84064	6786	55788	3800	6774	255743	23099	6383	9839	10477	55890	4534	3752	84275	2186	151827	2628	4300	83660	51030	54205	9338	3054	5970	5797	27333	124152	201626	1488	63893	1351	9699	80205	347862	5339	285343	9378	23513	25994	10193	79673	2131	3985	6304	23236	221178	23705	158358	23194	5504	83943	26985	4675	53373	9863	5359	340277	6925	4763	85379	1778	5094	10438	23556	54898	444	51062	10920	10479	6263	51714	830	55777	7916	286144	84986	23053	388815	5520	101927621	105378763	414243	105378909	101929302	100506421	92249	339400	339789	645434	23089	10137	645323	255167	285441	100874047	100506649	51750	388685	57223	31	107985177	6648
gtex__amygdala__M002	8379	5577	55904	5164	60528	54902	9066	823	23386	51177	9774	84957	23200	5188	1001	3735	55633	55593	27238	10294	6949	55117	6720	8907	8726	6717	4140	9733	2260	83737	3991	2222	57226	3842	3030	966	3732	4313	55239	2778	23256	54822	988	10521	1727	4174	8897	79734	5905	5641	6430	394	1457	128866	9097	5358	5230	84061	8428	23361	5595	10204	83752	7329	3163	25963	5327	23484	7991	427	1891	3191	1209	51231	10775	2821	9253	51343	374882	64748	3780	5296	4232	5425	727	23189	54926	3257	55149	4591	9570	1655	9343	5573	7531	57620	4013	54414	975	2965	9761	65117	5985	8914	11052	51020	9896	59084	55914	6678	55819	10915	80315	93973	55186	7029	23150	523	64689	80255	9784	51130	55120	22930	9167	10745	6513	9588	23184	6794	1385	81573	26234	9330	4601	1191	10174	1314	11335	55234	8239	7913	84899	6238	23263	22890	8021	3188	51309	5322	79939	7277	10776	9526	83448	9070	58986	9667	51429	51250	83861	7776	4037	64432	9467	23180	8500	10948	79781	26057	3021	4147	2319	54496	9201	10717	57614	57231	967	116986	26122	11137	9882	6434	64844	96764	4750	8634	9581	10128	51008	55032	23162	347902	1848	7786	7009	64062	4857	49855	57707	8533	55275	54808	51070	23038	4170	2029	51097	805	7013	6129	92170	6188	4863	51524	84623	84866	22948	7068	9472	2132	7073	5213	22878	116150	518	10670	92370	145483	491	6854	55799	8450	4681	84134	4047	54784	8878	113026	1973	5928	8880	64123	6944	7048	78987	23350	54585	113444	7086	10393	55255	1508	26130	7415	7417	23172	57447	26012	83700	84936	124491	6809	51704	4218	6730	7266	8754	27065	200894	93380	5093	64118	1107	57148	5272	55144	5356	11346	115196	83452	1072	65059	10534	51134	128439	55055	11041	81490	10025	9776	56675	10458	55254	9240	64110	125170	3766	54681	79415	7284	23302	22928	221687	53637	64928	100287171	81532	10159	55256	161	2842	80789	387263	8558	23621	613	7874	94107	51463	51114	25920	23036	9516	83862	1604	100289635	51434	199704	309	5718	84435	56882	28512	128	9019	140885	27300	7405	11321	9055	64423	7936	79600	7247	3672	55384	1654	84561	728190	721	100506714	441094	23600	347689	7268	10443	497258	100508120	100130155	26065	29890	339290	728841	11165	359809	100506207
gtex__amygdala__M003	3075	5893	843	6833	80853	9091	9235	10747	933	9961	9716	5583	65980	2324	89801	10319	23105	3909	23224	57475	9696	51564	10347	8621	27107	56850	57560	51175	9605	23016	4162	10714	862	10411	23152	1785	91746	81929	2017	55624	4799	51433	84196	27327	83394	9209	1153	25813	114088	65057	79726	26048	23062	653390	79848	157697	5143	56006	858	22841	8729	23185	51195	5414	642	26118	26151	22897	79829	5554	80018	283383	1108	2784	26054	57666	5924	1809	80146	4999	6814	64766	10625	23046	57035	55758	6446	845	64225	6950	800	57580	51604	23163	22826	5199	3425	23352	63922	23030	10651	54832	23022	23383	84705	4705	10585	6535	1736	7317	5894	23225	55037	5791	54739	51308	3508	55748	196441	79022	6210	29889	4005	54806	3300	11173	64855	3590	4926	3032	51626	8884	80204	9746	5373	93649	9905	9520	6904	3339	27005	128061	79573	9580	6323	8893	285440	23092	9879	64599	4841	80005	4715	90678	80013	118611	3098	1974	776	388591	115992	11189	57519	1487	23181	23387	84449	5635	81629	129880	23429	23001	54861	79753	55314	138050	220972	8559	23203	153579	79789	2200	6764	5347	4088	21	23524	55209	359948	200845	197259	11273	65110	7881	126669	285596	9720	2018	6773	9788	91749	10209	205717	10425	3725	6415	285908	10194	79813	4869	338707	55666	164091	2621	9284	155435	9146	4582	26013	55922	116985	1282	51547	7373	643338	79844	339287	283970	57473	399909	23061	8831	6584	3064	26037	440295	85028	54870	7052	2664	55251	4855	80863	4439	11138	653316	5150	57139	57194	400954	353149	440270	51025	378881	101927300	100507540	440823	284618	107984921	101927084	91316	100506274	105376736	101927289	100507261	100272228	154790	100506866	100507034	101927056	100131434	727956	644192	101927233	441369	5820	101929709	100507377	157627	493900	283710	147429	339192	103689912	105372321	115290	80039	390660	285463	116828	84726	283755	100132341	162632	400322	388165	91695	440248	728448	339483	2630	347918	100132057
gtex__amygdala__M004	55471	10181	56928	5689	728642	8635	6301	10858	259282	54884	8481	116984	55761	51663	7185	6433	79763	6882	7629	2065	79990	29121	8518	10290	57719	27091	25930	27244	51668	363	7205	6452	55608	7051	10013	1725	3189	4242	150274	5706	3420	79868	64428	400506	4125	4066	1628	8985	10467	7016	5730	83937	23560	22794	9094	4790	3083	7704	9828	29099	1119	26235	3280	84759	8576	54856	64175	8289	65982	29994	5269	57510	4502	79902	56261	55321	7389	79654	3276	22863	51691	94101	8924	6303	85441	10844	1786	9584	116983	4148	55556	2874	8536	79587	9988	3178	1593	55755	8737	29081	9785	2588	4864	11322	105372481	115704	148932	11221	52	79169	54465	284992	401262	7552	210	56904	92715	196294	27315	871	90952	89910	667	81615	117143	64319	11079	26119	8822	4720	124995	117145	55721	29101	131076	23076	5116	54987	115361	10109	57018	2921	5437	5364	133619	203238	3636	23588	116225	64745	79101	113174	4141	51148	51755	10449	4597	57701	53916	89849	4054	283234	132158	23192	5480	131616	80305	8841	79029	93426	150678	118487	148203	51162	55191	254102	1106	84733	400986	148014	79683	22877	9832	286262	23141	200958	2314	196403	375759	5187	11336	389084	4600	84206	8302	131096	9968	10519	402573	338657	148254	5757	51393	57697	285093	389541	57801	401541	134637	124602	9725	9883	160	171392	142678	6709	6687	65992	339541	3151	51490	387066	134701	5089	6499	339453	401089	55779	50840	51239	55739	728537	401251	101929147	100129060	90673	645676	751580	5863	9884	23779	25764	632	340526	57553	3588	101929402	121233923	100874204	100507487	441046	100133315	100499484	10597	23246	8517	79893	155060	389033	641977
gtex__amygdala__M005	10180	10943	23077	55735	29116	51603	3097	51099	23187	25960	2273	51071	84245	57120	57602	29927	4659	54432	65125	1431	9950	27248	5597	9948	7037	6605	6507	131544	56910	54469	94005	57655	55760	2802	16	9878	1312	51322	23523	23759	51199	9786	89932	26051	81617	26512	10664	79650	55697	7249	9093	5934	54332	2997	6449	81857	7297	835	54662	9562	8453	55163	4927	5376	7323	5602	2549	1982	4048	57122	4739	6908	2246	79770	5917	1452	57088	64895	2677	2956	81563	57568	10765	4179	2152	60526	9414	55127	5110	80209	10808	7181	92	5395	84668	51251	4337	83732	83786	10131	64430	23065	813	3712	91860	3609	112487	25814	375775	10401	3337	4628	22800	4221	8650	1965	9415	55858	3703	51347	60561	11311	80031	26509	81556	51191	79807	91445	144402	663	9960	221184	3454	473	7170	2590	55814	10146	6567	23245	26091	118924	472	64067	60592	388650	9510	51582	6566	79831	7102	1376	1859	56990	6464	103	6159	84447	3716	7412	824	129450	55139	79885	23114	2982	80817	84059	84135	7098	23514	63901	399665	7171	1499	378	84879	203190	153241	8706	6091	55031	5621	79612	1717	6777	163049	5936	57659	51574	4023	84747	7525	11145	55884	196527	253461	7334	54762	147991	116135	8575	11022	9798	22906	7267	114781	23258	9276	201501	54622	7026	10933	284434	83931	57573	54413	2547	55532	51321	645811	613037	6643	10866	11116	26140	283089	100506930	10552	729013	100507602	147166
gtex__amygdala__M006	85477	6401	695	5329	55	6556	960	7133	4481	3371	1535	6916	8531	1117	10797	27071	10272	10170	6813	3566	5788	2533	2932	7462	3383	5742	29760	1390	5008	27128	80832	4689	366	8797	3783	951	259307	10859	6510	10135	5294	22797	79974	54504	944	81704	1440	64231	51338	5777	5992	8875	10475	942	9595	9173	8807	8942	8609	6696	64236	64333	1026	54436	3659	3553	22918	30817	3976	57705	79651	54897	241	4608	10894	4064	3601	1794	90853	3569	7097	11309	23213	5330	9023	55647	8477	7453	3394	1453	6398	4542	89790	6518	2212	64332	51316	55016	79930	23082	6001	6768	83706	64407	93589	27287	115761	285313	118932	2078	57822	861	29	3689	1234	3101	1520	79626	6280	6283	3577	54502	64866	1230	1536	84689	29785	3903	51129	147138	1524	3635	3965	5724	6039	116844	5031	115727	64581	10855	712	4973	8793	26996	7096	2810	10301	115207	7056	3059	23526	3579	53829	1436	54988	9021	55911	163702	146722	388512	284759	51284	5265	219972	5336	1438	84433	2214	3111	3108	7940	4277	57126	4489	10437	1052	102724297	101927070	100505566	284757	643529	3120	101929335	8771	79168	105369147	100233209	100505994	4671	101926904	641700	401134	107986412	339874	127138868	105375743	102724265	23601	105371423	23380	101927931	284021	101929497	102724646	401577	2210
gtex__amygdala__M007	51364	9940	4593	79645	8538	1829	1356	60529	9620	9576	139212	64147	26074	24137	3568	53904	114327	93233	8701	1842	23086	5450	4117	7276	79747	56171	80129	164781	128602	26150	222256	2302	7137	341883	59352	161003	4922	301	948	26298	84073	401551	83894	7225	85016	319089	122481	80125	91807	90506	85452	114827	6097	10788	60494	79925	133690	200132	153643	339145	123872	136332	130540	200162	161502	150082	91544	199221	375307	55567	127731	84229	286207	149499	126820	132671	152110	151651	348807	154865	26266	136288	91147	286464	79841	146845	352909	200403	123355	79740	150248	3856	341019	55561	64446	54777	83450	220136	201625	146177	196996	56673	80122	440836	286187	220388	144809	146802	225689	255101	160777	10345	387885	389118	550631	389799	144535	257177	1364	401124	341676	255119	9182	400757	138255	441054	56245	389161	25790	1396	730112	100287898	128266846	728763	101927441	100506885	389333	91548	150142	149465	80086	255130	643911	100505875	221409	145694	246176	124906280	339829	440905	101929006	349152	728798
gtex__amygdala__M008	54972	79090	1774	1355	7204	9498	57458	57095	11054	51660	23041	119391	5423	29090	8871	5241	8655	8079	283638	23170	11020	9978	51292	80331	64743	5931	11040	58189	4946	6223	54981	8721	320	1855	79991	5889	58515	23276	22848	252839	56943	2971	5930	5105	8409	56302	79706	6627	51540	3679	29109	10228	5279	81873	84300	4060	6636	8996	4152	5211	757	5694	5686	1952	83872	3329	6993	79742	6134	286257	9919	85450	51501	221143	10950	2551	9791	115416	90993	84221	622	29115	10092	10602	54859	80318	155368	220296	11092	138311	196951	1528	90701	26995	51117	388753	84289	521	283899	4493	123591	7064	84153	7388	378708	27257	4482	664	161198	8541	389072	8225	400410	284459	23336	51807	149563	140597	267002	51186	353322	728661	3146	147686	9260	147906	27233	22834	10215	440944	101060200	285095	221786	53822	388789	60674	100507557	101929595	100507401	100505894	374887	692247	117134596
gtex__amygdala__M009	5965	1634	51306	10787	3029	8625	4638	5141	10565	79364	83642	58476	9933	23033	27292	9509	4214	10490	11151	56061	6422	219699	4126	23130	23074	79632	55856	5515	150465	56252	57862	440073	9559	29078	79586	221443	7270	11034	84060	1032	10452	25873	126299	64145	5901	5738	11095	8728	6610	9654	79074	6194	84811	9360	4704	122953	23174	6135	57645	3707	8497	85403	154214	91782	196383	6868	9910	130074	522	65062	222068	9753	4796	79656	55225	51385	27089	7559	26173	158158	4130	10999	79064	157638	53353	25849	201931	10491	29071	2845	2804	257364	488	6124	26470	253982	1139	157695	169200	122553	23265	4303	9899	23299	125704	6613	85012	93377	5253	27347	286411	101928000	158	57026	283131	286189	101929480	149013	100129550
gtex__amygdala__M010	1195	51528	7155	5527	28962	594	10558	11069	55862	23774	3091	23394	9100	6788	22900	196	1665	83891	26610	83480	26973	4928	56890	8899	10923	4691	10190	151393	4780	5906	10286	9295	1429	34	1266	5955	9331	64747	23435	55791	8678	2770	81533	23111	7178	51520	79577	1910	4711	6386	5495	121536	91833	6938	23421	92906	84620	79634	9353	58478	23635	79780	54545	1737	24138	3621	51633	64092	57650	9447	5783	25898	27236	134510	3190	84457	123016	23300	56947	3187	23204	90338	9637	2857	55222	3267	345757	79666	116068	283417	117608	23512	28970	54880	114792	3638	55660	3066	150472	10210	51170	23116	11179	26128	259230	55219	6992	729852	221710	100874058	57665	9236	727758
gtex__amygdala__M011	26073	51360	2042	770	50509	2512	55954	5611	51142	7464	9148	10493	1337	11149	51639	90231	9783	9480	84918	29103	1621	116138	5623	24141	25824	4142	3727	57470	80762	92154	10220	8916	9107	6647	83442	8804	5202	10769	167410	10814	114569	53358	6327	144110	83643	9531	129684	115509	375323	10163	124044	1849	23379	55109	2173	3251	115708	5092	51435	149603	10791	114900	156	6623	81876	200407	54494	1132	84439	57118	80258	3768	6991	643155	4520	55534	6583	55924	4541	4513	4519	4536	4540	4512	4537	4538	4535	4508	4514	390980	3133	57469	113219467	4539	375035	388559	163033	4509	91368	5032	23741	100288846	100507421	9554	8330	100862671	92806
gtex__amygdala__M012	578	57554	51606	65056	2037	7093	171568	25939	9688	51172	90459	55011	5518	6742	5532	23125	54940	65981	3241	23463	23266	9643	9349	9491	64753	81	1327	26750	113220	56965	306	8499	10150	481	9686	9711	25816	255426	26260	55630	57325	288	5800	56955	23643	81552	118813	8867	516	56894	121457	322	26253	26580	84632	53917	195814	4299	283985	254122	79703	627	25970	55344	150209	283643	9742	345222	90835	60312	4644	1639	27040	102723817	441869	728978	105369329	106660606
gtex__amygdala__M013	51330	23166	972	50619	10863	3309	22904	26986	55843	5996	51816	3594	28231	3055	3718	57817	165	1075	51296	1154	1441	80127	7045	57413	7852	3071	718	27180	15	84034	29923	834	3687	10205	9050	3017	714	5900	25903	27306	6850	929	2357	3603	713	4261	23764	11006	644815	340719	12	6693	114769	199	63940	107985194	285758	101927532	3109	720	103752584	83593	100506516	140	100506012
gtex__amygdala__M014	1890	27122	1739	1471	65990	79006	27113	10430	573	5216	10675	8704	2733	2868	30833	117166	4357	1854	50632	54958	84330	84991	162494	165257	90113	136853	123803	5745	11282	6427	55897	57348	94274	2495	51282	8722	56888	80324	57104	9377	51333	126003	168544	50801	29944	90135	10509	5034	8733	727800	1454	100505771	401115	100507588	79148
gtex__amygdala__M015	9862	114879	3757	23504	93664	25977	57794	11033	1759	8567	41	9381	2274	1788	2891	57468	5589	4294	6616	9238	10579	114783	56950	1745	56623	774	220064	5805	925	5521	84446	283130	54587	145581	2705	9229	253314	127254	84536	23762	5138	145873	284338	80737	728730	100506411	101752400	1556	114814
gtex__amygdala__M016	10233	10296	55815	828	29062	79696	84125	84332	80705	26206	5547	161253	56964	51281	83853	93190	54768	158787	93099	220004	127795	128153	83659	199223	83657	143162	90288	162333	127003	399949	83656	285600	440585	400891	401944	387712	165186	399948	100499483	79583	402160	283152	161582	105371267
gtex__amygdala__M017	5705	2280	22861	51310	1690	51166	55572	27339	10067	533	57134	5524	51119	80206	1838	10516	6455	7108	23648	81544	57732	80228	55260	55798	1398	6902	23261	339122	148808	3177	2885	64409	6815	79154	107985115	100505687	201283
gtex__amygdala__M018	7077	9319	3595	8840	84830	150572	3872	9840	1813	83661	150365	1816	6588	8788	22953	388743	613212	150538	101927891	283731	729305	102724934	284276	389332	28755	107985953	102724680	113157
gtex__amygdala__M019	27440	65993	7760	23351	1522	6901	5127	9355	6484	1647	3397	10365	376497	7322	1875	123920	6187	10899	195827	4000	467	284004	84331	124842	7390	4828	127687	51157	439994	102577424	105373289
gtex__amygdala__M020	56603	63967	5816	79784	1135	84063	10053	151242	6999	25859	23569	4868	65991	367	554202	5142	375790	105374235	101927406	105369302	101929544	104310351	101929082	101927245
gtex__amygdala__M021	54890	9692	2077	4969	54868	135152	6675	92014	6631	8572	4695	27097	4211	221935	84262	6285	5569	388341	51335	283149	199777	5770	149345	196051	6234	55766	54460	284106
gtex__amygdala__M022	3459	9650	113278	24146	2022	9110	3312	2335	4678	1368	23452	64116	10026	84735	2313	54463	54726	5271	114785	8493	7572	5501	55340	51703	26058	10379	80022	400550	57212
gtex__amygdala__M023	3074	10147	6389	10914	4150	5157	25953	51690	55201	84929	84326	54606	58487	112483	114804	80746	10361	84267	9382	374875	27247	6919	84319	391356	400451	64978	100507057	388021
gtex__amygdala__M024	2978	108	57455	55604	51171	9013	84152	5111	80896	6258	54511	2697	84532	150946	57804	9884	8528	55851	652968	112817
gtex__amygdala__M025	2975	1936	166	55269	514	1350	1349	2958	6233	6835	6881	10632	6137	11337	4696	23625	25915	91689	51024	539
gtex__amygdala__M026	8284	8653	7544	27328	8287	8242	6192	9087	22829	83869	7404	9086	7503	286554	246126	352887	5616
gtex__anterior_cingulate_cortex_ba24__M000	90529	3980	26224	10926	3475	5048	3720	9043	6482	5310	22955	1185	54799	54476	1634	1195	10463	9782	27032	22902	57476	4719	23633	51306	2530	5981	26009	1462	9765	79567	54908	9440	57120	10659	4052	57492	10198	1112	55745	51742	23095	23201	58508	23369	11178	10188	8776	2817	3029	3843	7158	89795	23250	221395	54916	10640	79364	8440	6196	54556	26528	29894	51109	27330	64398	2011	23291	10129	1207	59277	55205	27332	9462	285527	2975	23032	2260	5108	83737	8569	7145	29843	23152	3835	1785	6595	8555	9812	2932	11342	57226	3842	81550	966	79796	94005	339175	8570	57062	2802	8761	27327	23231	11198	57556	51430	4214	79956	23031	4670	2872	29801	23384	23759	10521	1727	1983	79882	9252	10735	3750	2332	5257	10204	83752	80777	7249	26048	10391	8925	7227	51366	6625	22898	7297	5802	1954	83743	30000	9512	79872	8887	54664	2218	23189	11196	59338	219699	8729	91452	64750	26118	64854	2483	1182	7468	7358	26610	8882	65117	80018	5869	1108	8078	55188	9750	26054	4090	10051	25852	7375	64689	4820	2820	85461	51130	6711	55704	10314	2335	55818	23683	80067	390	23341	85440	9927	23046	51440	59349	55758	79947	1385	55259	23120	23307	79109	91754	9870	64225	57480	317	23435	83690	80218	22865	989	55975	84668	800	8034	540	57486	79809	29994	51604	10564	23326	8239	84899	23163	6238	11190	27245	5908	23352	6597	10776	54832	58533	84816	6874	6535	84905	23199	64145	54882	57343	10489	23167	55037	4147	10208	90627	10250	23037	23075	57578	6272	10390	8933	9698	25941	747	9575	324	51317	4076	8763	2799	2752	9857	57695	9445	1102	9805	6426	7716	11143	84317	152006	55667	54843	23213	440279	102	22891	79800	10144	55435	84162	84915	81614	9990	2108	79068	1009	9611	84916	2774	55197	57521	54877	90378	23476	473	5451	5298	23126	1130	9859	9580	51057	9039	8994	10299	153830	10146	57502	7403	5631	6867	51110	29967	90678	6935	2746	23284	85458	152485	4306	130074	133686	10160	5352	25909	5937	6328	50807	154043	1105	25890	55740	728577	9989	55326	23367	65062	3798	145483	6832	25921	60685	23522	137970	261729	54778	1859	25966	257397	26053	23382	56946	137964	9753	6651	23515	9813	222236	284361	3716	10092	148362	55083	200373	56916	64343	151987	23001	57406	64419	54861	79884	54726	7098	54329	7559	1508	114788	501	55342	538	143279	9147	7417	7248	143872	154810	9702	8945	1200	23306	79837	51704	3516	359948	3800	53353	134218	367	23099	25942	200894	196074	2194	163590	1107	10491	84437	3752	22883	51523	2186	55729	4300	5728	83660	3054	22992	111	54625	2804	5797	10594	389524	10260	90806	124152	201626	51319	170506	1488	56674	79666	9807	9699	205717	197322	196527	80205	3737	114798	2066	160335	23241	91663	284023	122809	8334	169200	23513	25994	10193	23336	23705	158358	5101	162239	155435	3714	752	26985	89782	23299	54103	4675	7328	100101467	2650	338645	7874	84247	339287	9516	23450	54510	284697	90321	9901	222553	2104	7582	199704	163227	1778	84301	79027	26037	163059	5253	23230	57209	7620	83699	285989	987	10920	27347	9060	22834	51714	9853	830	4215	9937	9755	9848	124900275	1616	6015	55777	7916	2794	286144	5150	23243	26140	1654	388815	100505641	122539212	414777	101929302	284900	23089	9907	347689	10137	645323	55000	440138	51750	23380	57597	149013	100101267	100129550	30837	57223	31	6905	286042	6648	124906262	57212
gtex__anterior_cingulate_cortex_ba24__M001	3075	8837	6542	9256	3683	51330	85477	7005	6401	9235	23166	695	5329	7305	9961	9052	7454	55349	6556	477	972	9716	50619	2730	1890	355	960	57514	4481	3371	822	10863	54875	1356	1535	55540	6916	8531	65056	1117	1994	6688	2263	2235	7132	2261	7049	8218	79901	6720	10335	10979	23151	6813	4791	3566	7107	2192	6507	5788	56113	2533	8895	7462	5990	9843	3383	3655	26227	7430	5742	29760	54209	8829	4616	8174	27128	23331	80832	4689	23209	63874	5360	655	3055	10627	4281	5251	9688	54985	23205	1512	1666	951	259307	10859	64926	10148	6510	945	10135	5294	5445	22797	3955	54504	3315	5803	2737	169792	1440	9267	51225	64231	51338	10114	6506	79611	2735	283383	5777	23328	8875	9749	55603	9450	23286	1809	942	8850	26084	92999	9595	2202	7850	3554	9173	117583	4688	2152	6696	84886	6418	84263	4329	10936	3437	57678	64236	10804	54440	9469	8082	64333	3071	1017	79934	6615	1026	54436	3659	3553	80207	284800	22918	154796	22826	84239	30817	9002	7538	3976	25870	23022	968	79651	57572	55422	54897	2670	261734	64087	79781	5176	3691	241	4608	201266	10894	79845	4853	3601	91768	1794	4038	9415	84868	50640	57224	55619	64114	3936	3569	7099	132864	7097	11309	27314	7274	10413	834	953	580	83666	84888	658	22915	64098	114795	55647	85439	7453	9785	3394	54828	6563	94015	6398	2064	60681	4542	6518	3339	126969	963	223	2212	83872	7159	6279	27173	3707	94097	3329	64332	114885	51316	4651	9180	25816	2768	83604	79742	55790	11160	137872	4915	2040	221074	5995	120	83706	2209	64407	3606	23657	93589	55691	26353	2697	118932	166647	112616	3773	124540	23043	147495	65983	9056	118788	11326	10163	653361	212	8407	56833	2207	6781	714	64699	3689	3101	2905	8613	7805	10611	79626	10602	6282	6280	2565	6565	81788	56999	8833	54502	1230	151636	56898	64850	202151	22836	133584	23305	57462	6850	286464	1536	220963	219736	57447	122618	6764	26253	58475	124460	125058	10449	558	3903	57348	729359	51129	11314	147138	114990	1524	11031	6774	3965	1285	6373	6039	3576	6383	5028	3684	9283	2018	55890	929	1901	116844	10782	5031	115727	719	3669	55304	4299	4615	713	712	4973	8793	64859	27284	27333	7096	10333	196996	126364	23529	8061	2810	84617	3766	5339	7056	93621	2262	23580	3059	23526	79813	53829	25825	3985	1436	302	222487	83733	221178	164684	338773	754	84133	23194	149563	9021	57121	55911	10581	25840	163702	4582	727910	10320	257106	347240	53373	11006	5465	9863	387763	5359	348645	388336	100507206	124602	284759	284443	51284	100	837	5265	26020	6584	728	54798	6693	81031	54898	54863	1438	6263	2214	3111	3108	3122	199	7940	780	4489	57139	6453	63940	1192	120376	10437	1052	80830	721	100507533	100506885	196047	154449	105378909	3113	102723854	644139	101928228	101929372	339789	105373158	645434	11027	101929335	112817	3109	105369147	100233209	100505994	101926904	641700	285441	100874047	100192378	105375743	9865	23642	9668	23601	147429	10418	101927931	101927314	107985177	102724646	401577	8418
gtex__anterior_cingulate_cortex_ba24__M002	23028	51573	10368	5081	30845	112611	11215	25901	10953	7260	9168	23274	23026	3937	55187	55040	91522	84321	23105	140689	5923	816	55359	55633	6710	7224	29953	9671	4140	7419	2037	4208	4986	2036	23676	23594	1725	29911	10580	28978	4744	5816	3172	11237	140679	1478	50855	1428	51760	171177	793	11140	7472	57582	7306	79132	1949	10874	56994	84830	4988	81491	5961	50512	57501	29959	6869	150572	23463	4985	79814	55700	127700	84618	23266	9890	7139	6785	60370	1394	84078	1135	2170	22987	51744	64168	51209	5393	27304	10617	6903	9208	7737	8195	10893	3661	1446	51764	57168	25775	2847	3872	139728	6754	55859	377	9363	1837	26578	112609	8291	3775	160428	55270	10716	2572	5547	23005	55589	80144	54509	6751	4857	91807	94160	29919	59283	148753	151449	129804	11249	57574	817	287	8001	170690	23138	27242	55634	25792	114789	818	150	2893	53354	651	25859	5789	80309	163175	2849	27123	55361	27201	116442	23426	6750	55799	57369	7062	3275	126526	9684	5701	2785	5563	126755	127733	105378803	22854	3765	79762	64216	3754	152110	23114	285368	51725	4241	8492	132332	167838	348980	63974	89890	5579	83661	2021	4645	1642	6520	3761	84684	2675	3354	114787	8988	1816	143162	91752	26145	3777	11076	283455	8941	51162	79102	57495	170261	442117	9435	132112	5122	379	55254	339344	84277	284424	29928	387856	389812	1662	3350	54913	7284	220202	118672	400120	85453	151963	64388	23760	64928	90355	25834	2567	9312	345557	50614	166752	5877	150209	283871	645974	1812	266722	10336	399947	127602	146760	255022	84859	345079	340529	4674	139599	23270	378884	28986	375790	5575	345630	375567	2917	55190	961	3914	644596	8270	135398	344787	340578	286319	81706	57692	1756	221424	340543	728215	116437	1639	644096	101928906	10921	503637	131965	28638	134111	283514	285780	100131390	118460	105374235	285878	284930	105373377	101927406	150538	144920	100192379	100131208	124902439	105374322	105369302	101926971	100505664	107986618	100507562	101929596	104355152	150786	339260	400238	390616	84968	101927891	105373390	101927609	440132	343171	399829	257068	101928376	728084	101929423	400456	654790	342184	285626	729305	100507341	107986898	107986980	54551	101929473	102723895	729911	101927751	401720	106456574	100507050	645355	6182	100505576	100996660	101927943	400622	56936	152217	389332	283483	26220	123624	100170841	389856	100287808	110806277	100130148	283267	401442	729732	112694756	55056	124903183	105376121	105369588	124902301	124900989	105377727	124902606	101929748	2831	122319436	100131998	103091866	121676924	729375	503639	121456
gtex__anterior_cingulate_cortex_ba24__M003	55610	56928	2115	64285	7095	3097	55703	25960	2273	51071	55591	9497	168850	9498	10806	57602	10758	29927	4659	54432	1431	22998	23013	23216	9650	5255	5597	4925	10420	9948	7037	11176	5289	9984	8556	131544	8671	5663	7514	56910	7760	2060	55230	9962	55614	10961	55760	16	11069	4436	51322	25	11018	5836	9786	10484	23613	23394	23509	26051	81617	26512	10664	79650	5934	9810	80381	25963	6788	4125	29062	11112	657	64081	4927	5573	54868	5376	7323	2549	7466	3312	51111	1982	41	8099	57122	4739	60682	8899	10902	23530	2246	79770	5917	57222	604	57088	51277	9736	23451	84812	3069	9167	1386	7840	4548	9588	22926	9331	64747	9414	7010	6950	84068	80209	11335	57169	4337	56731	84266	56261	64412	83786	64430	23065	54487	813	3712	3609	55274	3949	85441	57693	4772	22903	23111	8471	84125	83857	1875	22800	80017	1965	55140	79577	85004	3703	29968	51347	60561	54583	1910	57129	9314	2800	90865	5962	5519	10097	51196	81556	51191	79807	144402	58516	51279	5830	7090	9960	585	123920	80816	4089	3454	22823	9869	55793	2590	23190	10318	54901	6567	23245	118924	54788	710	472	10525	54545	64067	1909	121256	253635	57724	23171	24138	85445	1601	60592	388650	9510	81552	119392	93594	1376	64849	84919	10020	6285	6464	4000	84939	6132	622	51005	6159	27185	129450	3428	2992	26043	63891	308	79993	84059	84135	81034	3636	23300	114780	57494	7184	124491	6809	4088	57171	162963	90990	1499	4054	29063	4144	6091	2720	7314	90338	84522	361	10201	257019	28998	79694	1657	55731	27129	5707	6777	163049	114897	3981	256356	4023	84747	116068	7525	25915	54762	147991	116135	285331	404201	284406	7485	9798	56963	23265	55256	22906	114781	23258	9276	23768	54622	79184	5501	3638	23275	284434	10772	219348	50859	57573	54413	55660	3066	6925	55532	51321	51703	11060	23127	4976	9909	7150	6721	7052	642574	1290	90233	83538	55366	22828	730005	23053	221710	554203	100506409	344	100506994	100129917	119746555	5175	80022	108783654	388685	7703	7772	100134869	253039
gtex__anterior_cingulate_cortex_ba24__M004	5965	163	55750	57157	9254	9091	2534	23177	57658	9369	79645	1008	5431	9734	23327	493	1608	4084	5128	51768	7089	6602	4649	5315	2182	57560	490	5566	51095	6480	55973	22920	4133	117	1005	3595	55322	905	3776	23085	9706	22894	546	9522	23259	8898	55239	84678	23193	29888	2734	3912	55072	5442	5064	51386	80020	51199	23002	5875	8715	8780	9949	3356	79719	8669	22870	11100	5143	93436	154661	10049	113263	9678	55664	57584	7343	1655	5602	23321	8496	1911	135112	6428	56940	3156	10087	9685	5515	9555	10915	3836	523	51555	1981	55683	81562	10096	8869	80267	55870	9181	7799	51086	81849	6675	57576	5511	4297	4033	27145	3416	284058	55068	51780	7750	576	51426	11113	6780	8675	55577	10396	23019	8242	55795	2002	92521	4430	8854	51105	8881	1804	4046	5538	64432	9779	47	5914	79572	3612	57498	29841	7174	11095	577	55226	10956	28988	9373	27229	80745	26035	5530	282809	5925	123041	10363	8844	22901	1213	6875	114876	9980	55244	64326	5546	55061	7170	65123	116841	375	8497	27436	64969	9353	1016	9140	57583	9589	11011	8473	54904	9166	92211	738	53942	143098	1740	9910	4154	9453	51351	84910	1010	23461	29761	6503	9791	7804	121665	64897	64760	57805	54461	60313	1487	284348	6294	1996	5824	23122	166336	7871	59343	10424	80335	3360	57763	168667	27012	63876	509	55088	283310	2200	8539	9318	3419	65084	9665	10999	1398	26263	7644	114823	7775	199223	4992	125488	55806	27065	6335	1501	7480	220988	222008	57148	4862	11214	79145	9788	26115	203859	23261	2845	49854	11163	54872	488	26047	400986	148808	6731	79772	2902	347862	7182	79718	25945	2731	55175	139065	374986	84698	1129	9625	2131	439921	7327	9823	2972	9899	3840	79659	145853	2272	3376	55684	388566	57708	5178	10724	29883	84243	11138	1454	441204	84461	5520	285954	101927621	284798	8629	101927832	56138	5591	29798	2630	349152	79986	80862
gtex__anterior_cingulate_cortex_ba24__M005	57679	843	10181	204	25998	6833	9855	10747	5725	4331	9821	5583	8439	54884	54477	23224	8975	51564	10347	8621	4756	57704	25956	9733	5891	65985	57579	91746	55624	4799	22895	5172	51168	4627	55007	7443	55738	653390	79848	56006	858	6804	26151	3263	22897	79829	2784	81688	2030	10279	10057	7781	80146	6432	7072	64766	23207	57035	114883	5325	1	5930	860	54520	2892	55930	23383	79057	10585	1786	3996	23225	54739	54496	84250	55748	81846	5977	2113	10492	2583	54806	6553	55627	3590	51754	4750	51626	8884	283358	89941	9905	10966	6904	773	10498	4931	8893	9879	26230	64599	26267	130340	4343	55027	419	776	388591	115992	2035	131076	23181	84449	93099	84765	343450	6314	55764	5364	2898	158326	91147	8559	23203	112937	51117	8085	23524	55209	11273	126669	169044	23119	5293	57449	91749	112	158038	582	81490	5771	64770	283377	254531	5426	441951	10425	5198	80169	285908	201164	10194	374860	5571	283989	338707	55666	3838	164091	64478	131675794	9968	139285	23762	26013	51547	399827	728661	11122	29068	4122	57473	100129858	23061	1305	197342	6687	9652	286411	653316	57194	8292	100996307	55384	400954	353149	440270	53822	378881	729467	101927300	440823	389634	284757	643837	100506274	729178	101927289	60674	101929247	415056	100506866	100131434	727956	161497	338817	101929544	5820	91948	441046	157627	254559	196475	3145	102723670	791114	339290	101927151	105372321	107986100	80039	390660	101928087	80179	102724859	101241892	100846978	105372079	283755	100132341	728262	400322	388165	440248	3139	728554	645784	728448	554236	347918	100132057	503638	644050
gtex__anterior_cingulate_cortex_ba24__M006	55904	3675	6853	23221	54902	9066	51177	9774	4134	55718	5188	55588	54929	3735	55593	27238	10294	3785	7587	84273	3030	56605	4313	2778	8315	988	51586	6305	8897	5905	283578	394	10139	9751	10483	5332	128866	5358	5931	5230	84061	2245	23361	408050	3163	23484	4741	1891	2821	9253	3780	5296	23242	8976	4232	54927	54926	7763	3257	55149	57620	54414	2965	9761	10645	8437	22818	4839	55003	59084	55819	80315	93973	55186	7433	3241	6513	3925	6794	6543	81573	9330	57706	64207	51004	53335	26507	4601	84918	11193	1191	10174	29960	11059	10102	81578	7913	10485	22890	8021	3188	51309	5322	7277	10651	9526	83448	9667	51429	83861	170463	7776	4037	10948	83636	26057	9826	9201	57511	55643	51669	57614	84991	57231	967	85021	80003	11137	5100	10241	6434	1025	7172	96764	10964	10669	9581	10128	403	10152	196500	7009	81542	376267	49855	55466	8533	54808	23038	29922	4170	2029	51097	5814	55262	51631	92170	4863	9472	2132	7073	79596	5213	22878	116150	10670	92370	26100	84134	1636	4047	1857	8682	51127	54585	113444	7086	79012	2912	26269	79698	26130	7415	51084	23172	26012	83700	8509	7084	567	2923	4218	6730	7266	57215	23255	8754	10636	5747	93380	83640	64118	84894	51617	55031	55144	5356	11346	65059	57674	23333	6712	55055	400073	11041	9610	56675	10458	9920	9240	64110	125170	23283	7710	221687	5912	4692	55794	2842	613	94107	10507	116224	29978	51463	56624	23708	400745	51434	399687	8912	309	5718	84435	55753	140885	27300	221002	7936	440944	55449	84561	728190	378805	100303755	100132891	23600	7268	100289274	26065	29890	103344931	140735	100287932	284276	728841	11165	84740	102723582	359809	84820	107985911	138649
gtex__anterior_cingulate_cortex_ba24__M007	58525	7869	4057	7204	8481	2824	55749	57143	8625	11218	4904	7030	26986	83642	29090	54518	23033	8697	3189	26517	8220	150379	25813	10490	9894	26133	10732	10398	51340	25939	79863	79576	51260	8312	6650	6422	9694	3191	10994	4969	22841	9033	23560	219771	51003	10014	5957	4126	23788	51020	55856	135152	55914	3313	3274	5768	10745	8643	56252	57862	3433	89866	54537	127495	8805	90203	64284	399512	7270	5469	4435	3397	5471	1032	25938	25873	55695	81	26152	126299	7376	5901	23480	23164	84626	5738	3939	9704	8728	53630	9882	26750	7111	90871	6176	51332	54810	1558	9360	57575	80119	51651	126374	6135	25912	9391	9389	9711	154214	91782	220869	6251	29982	11023	6868	291	83734	200132	4900	201163	65258	133383	7567	8365	7484	203260	27151	5152	23076	84221	4796	2256	4116	2215	129285	80232	56203	7048	84818	51385	25886	54468	55335	220296	221154	7753	196951	119032	119504	26585	4130	92162	3921	80723	79663	201255	79724	55038	29071	566	26472	257364	26996	9024	253982	5708	340359	79898	7694	284358	6232	134553	28955	100506504	51118	441061	29796	401145	4887	84197	338657	51082	84937	147645	957	125704	137392	1364	5770	284739	23660	113835	85236	339541	2710	149345	619208	114769	790955	339453	388135	7866	100505696	107985228	401251	768097	101928000	154790	100507398	105378828	439949	9884	101928085	57026	632	79168	283131	55766	100506668	401172	101927503	101928069	283624	100507588	100128881	100505797	401612	440896	102724488	283876
gtex__anterior_cingulate_cortex_ba24__M008	9108	4293	6792	53616	57709	4190	57586	3631	5874	7504	5601	10079	26999	57095	2983	6416	5165	65055	10947	84708	1183	4905	9891	26034	119	29089	5063	1741	3797	22911	51701	57542	1114	25977	157	11154	57446	79133	57144	8731	412	10857	5634	259232	2259	11075	83988	23080	27075	6456	26033	5532	4591	1845	3131	23158	25758	55531	57460	23074	55907	10486	202559	8936	5924	1004	2257	8745	57142	2744	55041	10056	9917	9783	5999	25927	2805	4952	23349	170685	65244	2806	63908	56255	5126	117154	59353	7533	5420	6638	23025	25830	157922	529	51132	11127	8799	23108	6860	51761	2835	8900	84707	10313	78986	23508	51361	9764	10154	6326	23710	55206	6252	83851	81577	10939	127703	55827	5899	57282	285175	6769	84553	134829	526	114569	9118	5058	6327	57512	112936	144423	2911	115827	221895	26289	7345	51560	5799	285172	134353	2334	3788	9530	23057	6854	145773	203197	114928	1780	9715	808	51728	65260	79699	284611	113802	163882	7447	92703	10466	22853	107	54769	84302	283209	3251	259217	64112	55530	81565	10904	7529	6447	84926	10098	25849	9185	9758	7532	164832	5581	4884	8507	2596	257194	10231	283985	56977	286205	9804	246330	22843	219749	200407	163126	8851	10409	284716	3738	266812	401474	63917	80034	55030	401097	64219	6472	7325	122553	83698	2903	4978	57528	256714	140597	5071	80333	84871	11261	54914	344838	149297	7259	55966	10447	23507	81553	801	22876	9737	158931	53344	84912	389136	10962	125113	534	51400	55714	6844	5534	91584	1159	100507171	729993	10687	5297	7335	23732	147670	2904	4747
gtex__anterior_cingulate_cortex_ba24__M009	5689	259282	140876	79763	7629	7075	55623	8518	55658	23503	55679	10290	8974	37	51009	80216	25930	7597	6598	11020	89932	4776	10528	3420	79868	65057	64428	8140	79006	56917	8985	10467	24146	5730	20	83937	80279	9094	3083	1075	7704	6539	55776	26235	7942	5754	23113	1746	127544	2166	30819	55268	65982	23363	60437	5269	57510	55317	3276	23309	10452	25980	84152	10401	55556	55425	406	54522	57639	10228	1593	22801	3032	64116	23162	2588	9520	90507	10650	11322	91039	57140	105372481	10256	81609	8751	148327	128061	54465	93109	7873	79930	54801	210	2313	51061	140890	118611	54768	2176	4720	29980	57519	117145	51249	326	2232	5635	54987	56997	55139	55689	51705	133619	79778	138050	203522	169714	116225	153579	90701	144100	4141	4597	84879	154007	129303	5480	153241	151258	2873	131616	4648	152518	6773	80305	55657	8841	118487	80194	254102	84733	9973	148014	79683	22877	286262	2290	375189	54503	5074	196403	5187	91050	7318	84206	4707	131096	71	340371	7026	402573	285093	165186	9725	23654	100287569	100499483	613037	65992	23054	92565	4855	6499	100128946	50840	51239	8904	728130	651302	106478958	440498	91316	728537	100129060	90673	645676	751580	25764	51537	340526	1650	101929524	728888	100499484	105370526	105370525	23246	100294362	105371735	100507218	29964	641977
gtex__anterior_cingulate_cortex_ba24__M010	2729	889	7812	10138	1272	3298	84256	10787	5378	10203	27107	10565	10060	23161	8301	51175	83992	7155	5527	9452	4983	57092	4200	57531	26575	55632	1390	1399	5494	55671	9837	23347	7329	7082	79752	4683	55284	5862	23554	23081	8036	9211	27309	2743	26273	221662	10767	7957	9444	56133	900	80006	51421	11235	8087	2632	6787	4691	25801	79745	55120	51652	1615	4780	58155	8289	55717	10672	92344	8405	64786	79712	57489	11130	23389	466	57826	10054	5782	4698	9467	10656	10989	64208	91298	4613	6733	25821	9053	55681	64844	51133	9411	6744	347902	7385	351	9898	6323	84892	90102	54532	51390	27316	7013	2823	1977	2059	80014	2555	114908	7402	80790	26256	4685	55529	51633	388272	6529	11269	55179	89970	7109	6427	51727	64123	51072	4760	153733	167153	23366	55074	94134	79608	23339	64400	84064	55788	9839	7798	10477	5272	2628	51030	54205	7690	9338	284131	57628	253461	4291	55432	8905	6304	5504	10933	222194	340277	132660	1604	307	5094	10438	55251	6643	5500	101927027	101060691	257415	6414	100508120	400046	284565	338758	389741	654466
gtex__anterior_cingulate_cortex_ba24__M011	4706	1175	27122	51660	64951	60509	8655	51650	4708	5714	4713	5434	4809	27349	5203	1471	10005	6907	65990	26017	27113	29086	573	5216	29099	51258	7167	51596	1347	5201	11334	10675	7341	51253	10969	8704	2309	4709	4702	81892	514	4201	4694	6633	6629	83658	1340	1350	10975	4357	9296	64792	4738	51250	25804	93974	1349	4695	55119	1329	7295	5695	81873	11258	84993	79035	2958	4716	10907	5694	4259	65005	2987	165257	4726	55651	153527	4191	54539	5440	4715	22921	5805	29087	518	522	9556	7381	123803	84262	516	84303	553115	112942	10109	80145	91942	4724	27089	1345	27018	55897	10632	2879	29123	10476	2495	5871	149603	4725	3094	27247	219738	55352	10248	2783	78988	84833	126328	125988	1212	10589	401505	80324	4729	84987	9377	27335	84667	51649	64963	51329	50801	51335	84316	91689	55967	6612	10509	51079	389541	6613	4697	51155	5478	140465	59286	51451	131118	280636	727800	401093	3281	100505771	90120	4830	51373	9551	539	55861	55845	2969	112812	9326
gtex__anterior_cingulate_cortex_ba24__M012	221981	728464	770	22844	5351	2512	55954	27344	5611	23359	57030	7464	51655	10493	506	23316	10019	1337	5067	51639	9801	90231	80306	159686	29103	1621	116138	57699	5623	24141	25824	7732	79094	4142	25814	57470	92154	79363	653689	60560	27345	23148	25934	4704	283373	30811	83442	8804	5202	5872	1944	10769	167410	84249	53358	114134	83643	9531	389	9508	2134	124044	55450	57863	23379	2173	25841	5092	1381	1938	9796	10791	57684	4761	114900	116535	156	6623	1464	81876	2788	55272	9495	54494	389197	57118	80258	8508	3768	54328	340542	51286	6991	80757	374920	401190	388228	643155	55534	55924	4541	4513	28514	4519	63906	4536	4540	4512	4537	4538	4535	4508	9722	4514	390980	3133	284402	285636	113219467	4539	388559	54492	387804	729515	163033	107075310	440829	91368	107075141	326278	5032	106478943	23741	100507421	107075172	9554	8330	100862671	114841035	92806
gtex__anterior_cingulate_cortex_ba24__M013	381	8193	51507	8498	90326	5982	23596	84957	2009	483	6605	93664	8668	6175	29965	8646	4637	1153	27037	24144	9701	6767	10598	26164	1917	81602	3299	5595	80152	79791	6923	23062	166	79187	374882	23373	79036	1174	10367	8402	7531	8821	9379	975	10944	9896	6500	8992	2976	10494	23443	56181	23314	3787	80025	9491	5300	79939	58513	1854	547	9885	23277	51520	10001	891	10717	79022	23143	10006	10730	80031	3795	22872	57619	1848	7786	55716	8125	5428	3801	55275	55909	6129	10284	7070	114907	491	2114	8450	130617	4681	9191	55108	51160	51149	113026	1973	93185	91461	6944	51304	79870	145567	55323	79803	7702	9640	6137	90522	80700	10980	56947	10960	58485	4696	83452	54971	1072	10534	2787	10025	9776	1479	7156	4351	84232	81532	161	64061	23621	84981	170622	23029	9045	10533	64423	440894	54458	100506731	9946	403313	79729	642852	158	10093	100499177	9939	80755
gtex__anterior_cingulate_cortex_ba24__M014	54443	933	5010	9846	999	57475	57458	28996	8537	83641	22933	23446	9448	5151	5337	8871	58476	3991	56650	6579	2346	7018	825	10110	79152	9738	79784	4099	64077	9644	443	5414	23150	11155	5354	400961	4835	745	1059	2123	83543	9514	58504	10749	6035	5158	57471	5168	11226	122060	5046	10351	8502	23500	9705	84504	5305	283635	25780	63895	91369	85414	55314	64399	23176	222223	55503	4176	51148	5653	4336	79628	2705	3799	2861	4815	57571	348938	1267	220416	9134	158135	10301	11145	128218	144811	222166	53637	118442	29119	390928	6900	4303	8632	3908	93377	4155	3792	1902	283999	4340	643965	642394	123464509	286827	401022	387486	729658	284835	100287225	100128675	100507336	8847	100873947	101927641	285286	101929595	100507377	101927459	286186	101101773	124903732	107986266	101927009	101928738	100130370	400617	100129195	105369201	285796	101928583
gtex__anterior_cingulate_cortex_ba24__M015	7546	1495	57545	10838	4638	9138	114880	55604	2195	55968	7078	171568	22919	6594	6102	51231	26093	158471	203	320	59	79991	9144	6649	55291	4192	79676	2054	7164	56987	1716	80255	79954	22848	5396	6385	11166	6662	4821	8910	9732	64753	348	57631	9518	10277	84240	23175	56267	121227	10150	85416	122953	54939	2653	5792	6016	55224	22874	113419	115286	6872	90060	80728	6837	85450	2308	775	132321	678	6728	64221	26207	6921	2551	51735	83858	8997	54587	3625	133015	25976	57107	117289	3174	11092	79841	322	79001	116236	375704	23620	5209	2110	3400	91683	201232	6657	220382	2130	4703	390637	1435	84441	353274	283643	285382	91404	4604	9260	9356	444	919	79958	10379	400123	63920	9842	107984948	388789	100506144	386627	100507401	729654	128077	84726	155060
gtex__anterior_cingulate_cortex_ba24__M016	6915	5080	2139	5837	23139	51171	6452	1312	79890	958	4935	2267	2217	10226	727	114971	217	84727	2570	7101	8576	1486	1509	80148	152007	10647	583	57153	64097	7137	164395	10742	23378	6117	5111	55544	4221	4907	10220	183	80896	10588	839	85478	79774	57161	1583	92579	284111	148932	8444	2052	3547	8601	50808	414328	9712	146556	27295	84532	114	51001	347734	150946	57326	1293	80817	6522	138716	4712	282974	221120	80975	56905	1877	3622	161823	4330	79029	5916	7423	6573	92369	23625	84922	284273	8302	201501	79842	84631	51741	57048	100190938	128	8528	196051	55851	9289	101927117	493812	9278	100506215	101927248	652968	100505676	100533182	120766145	100287559	54460	79148	284106
gtex__anterior_cingulate_cortex_ba24__M017	3052	5976	159	55173	60488	55854	5217	8891	998	3093	79876	5019	8648	51510	51382	51527	84312	9218	56271	8766	26258	66036	7991	665	10927	10884	5810	23548	7337	57415	11222	10289	5000	51377	92400	51646	29094	5110	51247	400	55847	26994	57213	29078	56897	9521	11034	7905	10155	80762	7322	55860	2926	23608	3845	55207	8774	10971	4677	91408	55312	29979	81689	51719	8027	51187	5861	29789	51138	8562	122830	5686	261726	25874	52	805	51143	285855	84280	60496	196394	5529	9868	56990	22950	23173	10085	94081	7534	11168	6990	84881	142940	9221	119710	50810	54386	11051	7336	51126	5870	345778	7334	51263	157567	90668	154807	28512	9747	9867	7416	137886	100506421	6880
gtex__anterior_cingulate_cortex_ba24__M018	56603	928	11171	5318	55726	744	594	10175	3091	427	1158	22900	196	8649	83891	26973	4633	56890	10923	5334	6342	1429	34	5955	64282	29066	343099	2181	79586	4552	55026	10236	171017	83744	2770	81533	7178	2012	6610	9648	58487	6386	5495	4060	5636	127018	245973	92906	84620	83939	81545	26091	79780	64417	51582	64092	84108	114803	10380	84542	285203	57650	5783	201895	25898	134510	8323	221656	84267	3190	3848	90693	7881	10678	10972	81831	93134	93550	3849	345757	83983	254251	340152	54880	114792	11118	3861	284521	4646	91120	10210	4624	4151	51170	259230	90333	152098	100302692	6234	100874058	442524
gtex__anterior_cingulate_cortex_ba24__M019	84254	9912	51533	823	286	114800	124925	1496	1258	3781	23047	54675	8425	23544	129138	22981	4923	23420	26468	8395	40	5002	9600	90249	57669	58512	7755	64919	64921	2258	445	7187	3748	1131	66035	56907	85397	10244	9873	5607	80021	283385	50488	432	23179	51454	9686	80852	84276	2561	10667	121551	56934	10069	159090	9372	9162	9478	5763	54020	10712	347730	3760	2199	8314	402381	717	89797	222950	7008	10501	9677	9915	283450	285704	1002	407738	5142	100379224	54331	1121	5649	23254	165679	140688	8831	9228	777	414918	55779	101929428	100506679	56134	85358	56110	56109	105377294
gtex__anterior_cingulate_cortex_ba24__M020	8379	4784	11313	23386	65078	6857	1739	1795	4897	7738	79734	9371	9468	10273	7976	57515	57221	23527	149371	51307	3208	6310	84172	3831	8500	23208	517	1012	90874	285533	3708	3742	7342	8470	80746	286097	23362	116987	9334	317649	8618	57611	5865	90441	9537	140775	10472	197407	18	146754	152579	56478	56899	257240	2844	144404	139735	1995	79693	128486	50618	158586	57154	9055	91750	729399	10809	100996342	8577
gtex__anterior_cingulate_cortex_ba24__M021	7982	4145	9099	5141	79990	23332	22978	1310	4216	421	9681	4173	85865	64420	9110	84100	23007	8503	57558	57539	5357	6861	4301	23345	10810	27255	9771	80727	2058	338699	83478	11001	3756	5746	114884	285150	357	8573	3358	56776	5261	3815	139221	11102	64769	133308	114801	84717	23192	56980	166614	3790	256130	242	3852	728621	55182	4763	27044	171392	10497	4758	386597	100129620	107985040	101927278	441666	728798
gtex__anterior_cingulate_cortex_ba24__M022	23593	5476	119391	8611	2046	81929	9692	80331	11040	64130	4946	3978	5518	54981	7016	8721	3157	84223	252839	25949	39	55509	64344	8409	6183	51690	6627	23135	60484	8536	26056	9290	6636	1952	7552	26260	6134	117532	81615	115416	554226	138311	26995	10263	388753	521	98	54777	115196	80011	254122	7388	10209	254359	8225	284459	11066	51186	345222	9819	85012	147906	56882	27233	84324	101060200	440400	221786	51406	107986046	64968	374887	90024	493900	117134596	150776
gtex__anterior_cingulate_cortex_ba24__M023	2556	5798	782	9399	492	4943	5526	537	51412	22924	9762	112755	9145	57452	6547	6855	25999	478	5864	25789	2931	8506	84867	56341	2026	78997	23096	80023	9143	64101	3746	84900	23017	9568	53826	9746	10300	494470	55768	23552	375323	9577	3745	9900	23400	9114	1141	23623	8927	65268	222865	129049	10653	85300	55611	64137	26470	63893	148252	79605	66004	284656	64409	6585	388662	50861	192683	3897	2664	80863	221545	57469	25851	84258	114044	115557
gtex__anterior_cingulate_cortex_ba24__M024	6405	8635	22904	10797	8692	10272	55843	116154	5996	5706	5684	28231	116092	11024	57664	57817	3249	54757	51411	10988	1154	1441	54937	8835	10987	718	27180	10095	8572	57533	1824	29923	4005	4609	3687	10026	51365	285440	10205	9050	3017	861	1520	245812	200845	54360	126014	90161	2357	3603	10978	147912	64787	56975	79415	4261	100129075	339451	12	55340	91664	101927532	720	401134	127138868	103752584	100289255	284021
gtex__anterior_cingulate_cortex_ba24__M025	6224	6141	6160	6193	51194	6128	23523	6122	6217	6223	6142	6158	6143	6164	6207	6206	6152	6209	6146	6230	6144	6125	5204	6204	9349	6155	6210	11224	6194	6229	6205	23521	6202	6233	6161	6189	6167	6130	6188	2197	6156	6154	6157	6203	6201	6169	126792	120103	6218	6165	4666	6168	6191	4736	6170	6222	6173	1937	6139
gtex__anterior_cingulate_cortex_ba24__M026	79641	65993	23351	55969	1522	8260	3783	9355	2022	6484	887	54516	10342	26038	1647	5533	79269	55653	23157	30833	10365	79412	1284	22873	6187	115024	90580	10899	55502	220965	196743	122416	467	27199	118881	1152	147015	374875	84331	8722	126003	124842	758	7390	642968	4828	127687	51157	284184	102577424	101927288	150244
gtex__anterior_cingulate_cortex_ba24__M027	26993	9519	8907	10573	26074	139596	1457	5173	2010	29997	6382	23024	60386	1984	84332	25917	54839	84364	26007	1737	80178	55255	220979	28511	283899	140461	9500	54014	5833	10623	387978	26010	54870	79583	112597	107985190	100506392	100132948	441094	493754	64940	5380	57234
gtex__anterior_cingulate_cortex_ba24__M028	56052	9172	4162	9063	8487	4150	8775	22949	28964	51699	26268	5129	9270	116988	3178	79621	63027	8634	409	396	30011	80313	10873	79668	56978	5116	148423	5437	25879	23582	54949	7386	338692	79673	100289635	26095	100189589	101929066	100507534	284408	100505761
gtex__anterior_cingulate_cortex_ba24__M029	9410	4034	10013	56241	114088	1936	5153	9584	55858	2317	51176	8720	84033	10898	84911	114548	83787	2314	162993	645426	100506302	105370670	4671	162972	283177	201477	101243555	127239154	730102
gtex__anterior_cingulate_cortex_ba24__M030	55471	64847	84649	38	10278	2742	835	3614	81619	56655	3155	7852	85363	272	6926	55362	84224	84696	9328	740	84735	9653	57685	51246	382	7439	27115	7368	114932	8241	100132169
gtex__anterior_cingulate_cortex_ba24__M031	89801	57595	22839	56970	9727	84502	54620	283638	55964	23492	140730	5127	23413	9148	23125	84687	29993	54776	1742	116986	85352	11000	9922	57338	84446	150726	441151	23466	102724768
gtex__anterior_cingulate_cortex_ba24__M032	54972	54475	57644	5935	10240	51101	10227	7979	54925	8476	774	29115	114625	23462	51700	6197	3615	11156	3665	4673	79366	100506930	103352539	283596	260294	220729	352954
gtex__anterior_cingulate_cortex_ba24__M033	9627	6717	54498	54108	2997	80273	51053	1266	6185	84329	79039	5335	14	4595	1116	7157	8991	51281	6890	1717	201625	6525	150383	81890	401562	339400	593
gtex__anterior_cingulate_cortex_ba24__M034	29116	25900	1653	9463	80339	56986	54332	8622	4139	51119	65997	7428	79731	54536	93627	10482	132204	10982	3267	253827	55884	9628	6917	92070	221785	55153	387066	6892
gtex__anterior_cingulate_cortex_ba24__M035	79858	85019	54874	2044	1404	9412	23387	84516	7360	5053	57184	7267	220107	10242	55705	283673	401398	339529	10443	102724623	105378083
gtex__anterior_cingulate_cortex_ba24__M036	23187	2065	118	6614	23539	10406	57149	93643	118663	23671	139818	23590	667	873	23308	159195	79759	200933	56945	4808	80345	9745	643008	8353	221442
gtex__anterior_cingulate_cortex_ba24__M037	51619	8428	208	50632	84330	113230	90113	5745	11282	94274	253314	56888	284207	57104	51333	90135	122622	2316	6827	29803	6150	109286553	57291	2738
gtex__anterior_cingulate_cortex_ba24__M038	1357	5225	5967	1208	10136	1360	1358	124220	6707	6439	1504	440387	2813	3851	4589	3860	5617	5406	8513	5644	3853	2688	5645
gtex__anterior_cingulate_cortex_ba24__M039	10076	10235	5522	1738	3705	4522	55081	83468	79096	221336	2890	29	8986	80128	9854	2558	160	4644	102723817	84278	105373383
gtex__anterior_cingulate_cortex_ba24__M040	10147	11266	373	515	123811	29889	6637	254427	23648	29896	79101	6881	26156	22885	6124	200150	51326	23116	51024
gtex__anterior_cingulate_cortex_ba24__M041	6515	22996	23295	4363	5985	24139	6775	78991	54842	79750	55521	57465	5099	92949	5587	285696	150568
gtex__caudate_basal_ganglia__M000	8813	2729	889	57679	843	7748	7543	3920	2115	57157	8842	5080	9043	7812	10747	54799	54476	54443	1634	933	11183	10463	9782	27032	1272	57476	4719	3298	355	5583	55334	51306	2530	25897	26009	1008	9440	54165	4254	57492	10198	6307	51742	23224	57475	26999	58508	23369	57458	8975	493	55650	51564	10787	10188	5424	51768	5378	10203	3843	83641	27107	23250	57560	221395	10060	54916	10640	4335	8440	23161	6196	26528	26469	51095	23291	10335	6605	10979	6480	1207	55421	55205	51175	27332	9462	285527	5337	55973	4162	83992	23032	2260	55331	2782	117	9452	5108	83737	8569	10411	4983	57092	8555	4036	65985	2533	9689	2932	22894	79891	91746	790	546	2122	9522	57531	2017	4799	10075	79796	8898	8570	51433	84678	23193	2802	84196	27327	23231	23256	57556	9209	4436	79956	4670	5902	29801	200312	23384	25813	55007	6767	8814	3705	5494	1983	23405	79882	9252	394	4792	10110	4773	9770	23347	79868	10735	2332	22862	8874	5257	10204	10725	83752	79726	408050	9738	10391	8925	7082	4683	7227	51366	9441	25865	5802	1954	30000	5143	56006	79872	858	3955	23554	8887	5803	55131	54664	55744	165	23081	11196	8729	23185	117246	51747	26118	64854	1998	27309	1182	51809	23321	152503	2743	7358	54414	22897	6506	84680	10944	8496	83892	65117	79611	6539	80018	4939	5985	55832	1108	8078	79632	135112	9750	9439	81688	10767	7957	9444	26054	3910	3157	23530	3313	10087	8622	9685	900	10111	80006	4090	10051	51421	7375	56987	2632	23150	51555	6787	55683	4691	7535	2820	90	10213	25801	79745	55704	10314	6772	10190	55818	23683	1615	4780	7840	6342	5906	55870	54856	85440	9295	23046	10000	59349	2152	58155	23443	55758	5511	4297	23120	6696	23307	6418	51552	79109	91754	4329	1788	64225	3416	3437	51780	23435	83690	8405	64282	80218	7750	64786	576	29899	55975	84668	800	8034	11130	23389	8082	11059	540	57486	466	79809	9926	5208	2181	10564	57169	6780	8675	23326	64344	89845	23163	284800	6238	631	128637	10236	154796	10054	22890	3188	83744	5908	5787	50809	23030	6049	5782	64921	54487	92521	5420	4698	54982	54832	51105	58533	6397	23383	83861	6874	6535	7317	23345	84905	23199	10487	9779	64145	54882	23225	23167	79781	5791	2926	26057	3691	9406	54739	4147	54453	3508	64900	29958	55748	91298	79572	3612	23075	272	3295	5977	79768	10390	79022	129607	2012	25941	9415	54841	7174	50640	25821	4076	10677	9053	57224	2799	2752	10228	9857	9648	26122	55681	9882	9445	1102	9805	28988	53346	6426	11143	55627	153090	9373	55667	9656	129685	51439	27314	5962	79811	102	9411	8884	953	51196	310	79800	6744	10144	55435	22872	658	57619	58516	53919	347902	121441	11226	64062	85439	81614	9990	6938	7090	2108	1009	9611	10140	9905	54828	55197	114876	57521	5366	91039	10498	5686	5451	57530	23126	7159	65123	1130	9859	52	6726	3707	9580	22874	23190	9686	29926	8994	64332	285282	9353	8893	54532	56034	10299	9140	81555	23092	153830	79930	57583	56996	64599	11011	7403	4841	5631	27316	6867	51110	7013	29967	4715	4915	6935	2746	120	5058	10525	23284	2823	1737	9223	55691	2059	57700	79691	152485	1909	1646	54842	80014	2674	667	10618	114908	4154	133686	10160	7402	51351	166647	1070	154043	80790	9320	140890	25890	23461	23043	118611	728577	4685	147495	63895	55529	51633	23097	55326	4343	55027	23367	65062	91748	145483	60685	23522	7862	6529	7804	4643	1859	2078	257397	121665	55179	26053	124245	56946	137964	115992	51735	6651	65264	23515	9813	1487	23181	84449	222236	5701	113026	91010	51727	3716	8880	8682	5824	23385	148362	92291	56916	285203	64343	100507246	57577	23001	6314	166336	57018	54861	10424	256471	80335	79884	54726	153733	167153	57763	23176	23366	55074	5277	538	220963	9147	8559	23203	7248	55088	143872	154810	255394	55323	9318	1200	6764	7184	144100	23306	84689	64400	51704	26263	84064	64174	64772	7171	8085	114823	199223	55209	3516	55788	359948	3800	3660	11273	157638	10251	23099	23214	8706	6383	151258	9839	7798	6091	163590	4648	10477	9720	10491	4798	10972	2018	5272	11214	22883	51523	2628	4300	5728	83660	51030	7764	54205	4615	5970	22992	2804	56834	49854	254102	5797	79834	23333	27333	23269	389524	6124	582	124152	6731	201626	1488	9134	56674	80227	122046	79666	63893	9807	205717	80205	3737	253461	10425	3766	254251	5339	2066	124989	5198	80169	23241	285908	91663	9378	374986	8334	25994	79813	51649	414196	338707	55666	7267	221178	23705	754	158358	23194	5504	8398	7327	155435	26985	9146	4582	26013	169611	6667	89782	4675	342035	114826	53373	222194	51547	7874	8632	7373	643338	5359	1121	340277	339287	23450	284697	132660	4122	23654	1612	85301	100	307	51108	163227	1778	5094	23061	79027	6584	54798	26037	197342	8733	3792	7405	7620	285989	10920	27347	10479	22834	4976	9853	100129792	830	79065	1756	9848	55251	124900275	55777	7916	5150	25851	57139	1375	8110	642394	6453	100128788	57194	23243	440944	84986	5500	26140	401397	440503	84461	1654	388815	729852	5520	101927027	101410535	387486	101927300	100505641	101927084	284757	266917	100507336	257203	8847	6892	101928231	101929302	101927289	117751736	8629	101929467	100507261	100272228	284900	154092	339789	6997	727956	629	10137	101929595	645323	644873	101929402	100507401	101927233	339874	6414	100499177	101929709	100507377	91948	55000	493900	100499484	51750	64150	6038	90799	107985879	147429	105371423	101927009	283887	9939	23380	57597	103689912	148145	400818	100101267	57223	31	102724859	285463	724102	6905	283755	162632	400322	388165	440248	102724316	339483	347918	101926918	283693	80862
gtex__caudate_basal_ganglia__M001	81887	4074	56603	10943	5048	55735	29116	9862	7095	3097	1185	51099	55703	23357	8540	2273	51071	22884	57120	168850	51528	55745	10806	29927	4659	54432	65125	1431	10838	22998	9950	5255	2261	27248	4734	5597	79658	8243	8463	23151	23609	9138	7155	57103	8871	9984	8556	1653	8671	56650	28962	4200	7514	56910	8895	2060	55230	51194	29887	54469	6452	51290	10961	57655	10558	51324	16	9878	51322	3096	51199	5836	9786	23002	3091	5700	5687	23613	23394	80183	81617	26512	10664	29070	9100	5934	9810	80381	55284	54332	2267	2997	11024	22900	23242	835	2022	57589	6387	5599	54780	657	91452	7511	8453	55163	4927	51003	4355	4790	7323	2549	11275	7466	51166	83891	3312	55291	26973	1982	4891	10988	56890	57122	4739	896	6908	55603	2690	2246	23398	79770	5917	1452	604	5947	57088	30818	2335	64895	84173	2677	23451	3069	151393	5334	5000	390	1386	2956	4139	7143	115353	34	4179	10560	7292	9588	57134	79947	9331	64747	60526	9414	26094	58517	25940	92344	80209	9227	55791	92	94233	5395	51251	79269	80760	79072	5269	4337	83732	84266	64412	4149	83786	51119	6776	64430	23065	2770	813	91860	3609	112487	81533	55274	376497	25814	57693	4772	85363	51540	64208	4678	25778	23111	7178	123811	1875	22800	8650	7428	89978	79577	55143	80206	29015	3703	2113	51347	6926	60561	1783	55654	1910	83852	57129	10006	9314	2800	54840	9856	132864	6386	5519	5495	471	79675	9101	81556	51191	27068	79807	10427	64116	91445	121536	6601	54934	112840	663	9960	55070	5045	5073	55114	1291	10026	7286	57592	9869	8751	2590	94097	79634	81608	93627	57721	55814	81545	10318	4478	6567	23245	118924	10480	710	79780	472	84159	219854	54545	120379	5305	64067	2555	121256	29970	253635	57724	24138	153562	1601	10018	9653	55364	55740	388650	9510	81552	51582	65983	6566	3098	10813	1376	127262	64849	92822	56990	10020	6285	6464	103	84124	84447	7398	284695	7412	10380	100288142	824	27185	10602	118429	113510	5783	201895	114625	51705	80817	90826	79993	84059	836	134510	84135	7098	29896	168667	23514	23353	221656	84267	3190	94134	123016	259217	54838	159195	6809	10982	6240	137695	23524	1499	10098	85476	153241	3187	254778	90693	7059	1677	7555	2720	8493	79188	90338	9637	4534	84522	5621	361	10201	257019	79694	93550	6670	1657	55731	54625	6777	163049	253827	57659	3981	266743	55196	51574	256356	84747	116068	7525	55346	100128398	55884	54503	153129	196527	7334	54762	143888	2859	23512	147991	90411	169200	404201	124842	64864	9798	56963	6472	23336	6304	22906	54880	493753	114781	23258	9276	54622	84924	51741	114792	55693	5501	3638	23275	1282	6917	284434	282973	54510	57573	54413	79754	2547	55660	3066	6925	55532	7442	7582	147686	221785	51703	9060	23116	11179	339448	26128	259230	84455	1290	6311	55366	10866	11116	22828	6150	339210	51024	23053	221710	440465	400619	7726	10552	100874002	100506365	56112	149013	7772	57212
gtex__caudate_basal_ganglia__M002	23072	381	7982	5577	55750	57787	9254	5310	80199	26993	8193	57146	23386	4331	9369	51507	2554	55655	9921	55778	9099	27430	23274	23517	79567	27067	55885	23196	23518	23327	9564	23095	114800	5318	5218	6515	23504	11178	7089	6602	2009	782	5315	7216	89795	2182	483	87	2011	8301	4905	7163	5915	2975	4133	3835	9812	905	4779	23085	8668	23259	55054	10573	2775	10059	23348	1795	27131	2521	29965	2734	4897	1738	23031	421	27037	9701	4627	79734	10598	6430	57820	26051	8715	9949	4168	7355	9468	80777	79791	23062	79719	23312	2138	4741	284352	166	22870	92609	79187	333	11100	79784	54531	79036	6324	154661	64327	10049	2887	2617	1174	9678	158471	1759	10367	79991	10539	9211	28964	7343	8402	9343	65981	10094	23329	56994	9847	1911	7164	221692	221662	117247	10846	84498	2762	9555	10915	84100	55081	11222	81562	23301	51652	22930	8604	57535	9887	3964	51440	57576	533	8503	9890	56181	79630	84251	118427	7347	57539	9615	9870	56243	79903	83637	1959	11113	5585	80025	9491	171017	3895	55288	5300	23352	146330	93986	1123	5682	1804	4301	10298	9885	7776	23229	7187	64432	9467	1984	1742	10810	4628	23037	9215	116988	891	10752	56907	57498	284252	85004	51765	22873	3351	10956	29109	80210	50649	79621	2058	440279	6775	1213	6875	409	396	351	5567	5792	5546	3756	9898	149111	55224	27436	3899	6323	57282	151126	64708	152330	91775	285150	1016	5295	1404	5066	908	30011	55634	3358	55909	54904	6129	55638	9166	2934	92211	4684	22866	1740	22948	3708	7068	143187	9453	6328	25827	5789	7070	84897	1010	7345	80746	285172	9844	23426	3798	3778	10694	6103	137970	5261	23355	491	9069	3815	445815	64897	26100	55108	5116	23387	6294	1141	10712	51160	9684	6427	22854	7447	80128	5274	23122	7871	200844	64419	51304	64769	5437	50650	133308	10395	509	145567	783	9702	9640	23339	23582	6786	112476	90522	4992	1501	166614	4862	5209	9788	9655	59350	1826	23261	9854	26960	338692	111	10534	91646	253959	26047	51319	170506	4023	79772	57628	2902	347862	7156	7182	79751	4291	4729	242	284071	8905	23236	9112	161	23466	64061	254887	5142	9074	5413	56478	3297	55015	5071	9899	4733	5833	257240	220107	10623	27445	375612	26059	729956	84570	642938	23036	26280	51466	165679	4311	55966	55684	4763	3914	23365	104	55753	6709	5178	50618	987	10497	84243	55219	26095	440894	286144	613212	100506731	414918	9946	10921	100128714	348801	131965	64506	79716	102724224	100507171	100506392	100506930	150568	10093	101929066	283104	100131067	100507043	102524628	5591	148189	100287932	80755	728752	338758	359809	29798	100289656	100132288	441666	201283	79986
gtex__caudate_basal_ganglia__M003	51364	9244	85477	1770	9940	10233	4593	79645	1767	8538	1829	60529	1112	639	91526	7813	7158	5774	10610	9620	2355	9576	7161	139212	5788	5990	26074	24137	3568	23594	27285	114327	55815	4948	79848	6674	93233	828	8701	79989	1842	218	10891	79864	2348	5450	345895	4117	135138	168090	53405	28965	1809	84223	3769	79083	116444	57821	3664	1063	7276	55259	79747	5493	159686	80129	27019	3164	164781	128602	81578	7053	5858	26150	222256	2302	7137	158046	4298	59285	164395	341883	26166	161003	4922	84125	84332	948	26298	80705	84073	401551	26206	83894	7225	85016	23650	55329	22915	2201	85478	3695	283385	319089	122481	80125	56964	91807	90506	55036	114827	163479	56956	6097	7483	4867	1261	51281	1295	6423	83853	10788	51473	90523	60494	4143	374618	26353	56659	55521	285313	79925	133690	200132	79819	651	160492	4929	153643	339145	3773	1054	123872	124739	130540	200162	118491	161502	159091	93190	54768	150082	92749	91544	199221	158787	375307	55567	127731	54102	149483	84229	89765	54058	286207	149499	8741	22941	127733	254173	126820	284525	467	128153	150483	132671	200373	152110	9447	151651	79442	7802	348807	166929	8492	729830	133923	493869	167838	154865	84624	136288	114788	91147	286464	1365	219681	144455	79841	146562	115811	146845	80095	352909	83659	220001	83657	200403	123355	79740	4920	55130	150248	169044	145957	143162	341019	55561	64446	54777	83450	220136	221421	257236	79625	339778	162333	26996	128344	220416	169166	685	201625	146177	196996	56673	221060	80122	7050	648987	440836	129852	286187	220388	256815	79730	144809	127003	347088	146802	84698	225689	347736	255101	2567	100652824	8513	160777	399949	89876	100288072	401145	150147	5627	646851	496	123264	66002	728621	10345	158798	4051	387885	642987	440585	138428	389118	374407	400891	401944	387712	375298	389799	144535	257177	6284	399948	3117	128312	401124	341676	64078	1288	196385	80217	100499483	255119	54830	9182	642574	345930	400757	100507244	138255	83538	647309	56245	402160	389161	55779	25790	1396	153684	730112	100287898	128266846	92340	100507540	105375448	150538	728763	102725191	100312801	101927441	100506885	389333	100287718	91548	107986809	643596	105378916	100130881	414245	150142	100048912	391123	149465	100131176	80086	255130	643911	101929524	642924	283152	100505875	221409	57604	100507487	101927565	100288001	196475	643037	283948	101101773	145694	83481	101927288	400612	246176	100133941	154313	105377540	110806277	105371267	124903525	124906280	112590798	101929355	440905	107984270	124909384	101929006	349152	100132057	646168
gtex__caudate_basal_ganglia__M004	4267	204	60528	8798	2534	54902	9066	51022	9774	7414	81037	5601	23223	84957	5188	3735	55633	55593	10294	440	55117	51109	6720	9671	4140	9733	54518	9063	3991	2222	4208	3842	84273	3030	966	3732	4313	55239	2778	23368	9843	8761	54822	139596	1153	51386	1727	4174	8897	5905	5203	1457	10483	128866	5358	5931	9016	5230	84061	5595	1186	7329	3163	23205	25963	79752	3646	23484	427	1891	1209	2821	9253	374882	5518	5296	4232	727	23189	54926	3257	55149	9570	5573	7531	5602	57620	26610	975	2965	9761	8914	9896	59084	6678	55819	57222	80315	93973	55186	8087	64689	9784	51130	55120	8869	6432	9167	7072	7341	9829	6513	114883	6794	1385	81573	9330	2733	56252	51004	4601	60370	64374	400	51019	1191	10174	3764	1314	11335	29960	1271	8239	7913	583	84172	8021	51309	64768	5322	79939	6597	1854	9526	83448	9070	9667	51429	51250	4037	2670	83636	10989	5901	57511	5158	83857	1965	10717	3572	4677	84991	91768	1514	10492	57231	967	85021	10505	80003	11137	6434	64844	10730	7099	116113	96764	4750	54839	10964	8634	9581	80204	10128	1838	1848	7786	7009	65082	4857	145407	49855	7385	3801	8533	55275	54808	51070	23038	27005	2029	817	55016	78991	10667	29777	51390	9203	6251	8525	92105	4863	26007	84866	9472	2132	79596	498	5213	9412	3192	22878	389	10670	92370	116442	8450	4681	84134	29	8997	4047	51149	1973	81570	64123	2135	151354	115677	6944	152559	78987	23350	54585	113444	7086	26269	55314	55255	1508	5828	501	7534	79870	55656	26130	7415	7417	23172	64745	57447	5702	83700	84936	3419	7702	89927	2923	10653	6730	5871	7266	8754	25942	93380	64118	2873	9283	55890	55144	5356	11346	83452	1072	65059	51134	57674	128439	55055	9776	56675	64770	10458	9240	64110	125170	9332	54681	79415	7284	23302	7710	53637	404093	7485	81532	10159	55256	2842	51118	56941	387893	79135	8558	6948	10933	23621	613	148398	94107	51463	51114	9516	90321	1604	51434	399687	199704	80055	5718	10533	28512	9019	85028	140885	26275	27300	64423	7936	79600	6643	403313	131118	7247	339263	441518	100996307	3672	29092	84561	728190	118460	414777	378805	60674	100507642	23600	347689	7268	10443	552889	54984	3145	26065	339290	84740	7703	5691	80179	100506710	728554	5380	57234
gtex__caudate_basal_ganglia__M005	56928	55049	5689	728642	65220	5980	11188	54903	5536	637	259282	140876	9820	3700	6433	23041	57143	5476	7629	2065	7075	6550	79091	79990	7030	1459	10290	7037	57719	25930	57644	54437	55696	8655	53827	10296	825	117584	23430	4650	6598	56241	1565	11020	9978	9894	89932	8106	4776	10528	3420	6901	5935	81602	10240	65057	23417	7249	64428	65990	9028	3551	1936	10994	54922	8985	10467	7016	83937	9562	9126	9110	6945	9094	3083	7704	51111	1119	26235	23113	54760	84759	1746	6814	3749	6738	64175	2166	5826	9913	84795	7010	6950	80314	6909	55268	84293	23091	23363	6431	57510	23019	79902	7389	55795	3276	54850	23309	10142	51691	8924	6303	57572	51690	27237	1160	10401	8471	114904	406	196441	8536	54522	9413	5025	3679	3300	1593	55316	55755	8818	7507	55227	8737	84300	79739	26160	3795	83666	283537	10363	9785	2588	8844	10650	11322	26502	91978	105372481	128061	9391	23020	284992	129563	210	6837	56904	27315	871	117532	84304	9344	23457	196383	81615	117143	85445	200014	51244	51001	11079	114822	83850	57519	51673	55721	8566	84911	5635	160622	10629	54987	127002	151636	153396	138050	116225	57608	90809	145376	153579	27343	9221	1353	4141	124997	1642	7439	89849	283234	200845	203190	1285	8233	284004	136	57148	6773	98	284076	55657	163255	25988	118487	253725	55191	7388	84733	83759	148014	79683	4087	7351	6199	22877	169841	286262	3291	2314	196403	2907	727957	9282	64582	94039	91050	84206	256281	9968	7469	114659	267002	3665	10336	55615	339327	285093	57801	401541	121642	124602	9725	440348	125	160	399909	203102	142678	645811	613037	51490	2664	54923	4855	80863	643008	6499	4439	339453	338799	1427	51239	3073	4207	4636	9842	2074	101927117	104355426	55009	728537	401251	6171	101927895	105371450	55853	2876	100129060	90673	100129250	645676	5863	105377986	57002	5297	25764	632	55052	340526	3588	1650	100129917	56109	728888	10597	102723670	124900372	100507373	100289341	8517	124904535	4302	79873	79893	105372432	155060	283922	352954	641977	130872
gtex__caudate_basal_ganglia__M006	23028	51573	10368	4145	5081	10867	3670	321	4134	23105	57504	55359	29953	5522	27092	5289	1136	22839	4986	1725	53904	23551	5173	1478	340547	50855	4363	23420	56704	23217	23373	4967	54927	168391	8395	1855	40	2054	4988	3617	5618	7348	29959	7475	8808	81849	57035	57488	22865	8805	79039	23096	826	84063	117154	25775	135	2847	6295	1571	2161	9633	1131	9201	57578	23416	9764	9290	1607	83990	570	63027	81796	23005	29766	80144	144402	7168	79258	10500	805	6769	221806	94122	84294	80728	159963	1813	84623	8448	27250	775	81792	1814	84539	5352	2890	419	9162	9478	9542	3362	124995	138162	60680	4868	79762	133015	79698	83550	51084	26012	5579	374864	125336	3761	23255	50834	84894	170850	10605	8708	3642	256130	81033	442117	158038	155185	125144	219749	379	9832	284001	1662	404217	54913	388394	389362	23109	54112	401036	3739	50801	64478	646658	1812	7490	8788	54014	5453	56479	2558	164656	342865	389421	2917	5456	961	171392	6120	222662	9228	134548	390205	131405	2086	646951	100128264	64641	100874055	401398	400765	107985190	102723341	339529	101928555	124902439	642345	112268276	100131244	121853075	728192	105372840	101927554	105373507	100996342	401491	100131213	285550	440132	101927832	23761	102546299	101929238	103695433	101929468	100505894	728081	100996385	654790	283731	441369	285626	25907	283140	152742	100144602	100287592	347051	107986898	101929415	101929473	100526771	254559	100287944	105370648	101927751	106456574	100507050	100287616	105371735	283483	26220	112441426	123624	641467	64881	101928311	80078	101929748	100131998	645784	440934
gtex__caudate_basal_ganglia__M007	1080	5893	115703	55904	6833	9855	5725	823	57210	8439	2324	8481	54477	5798	84649	10347	8621	10235	25956	10003	5891	55624	8438	43	22895	51168	55072	1592	8911	114088	7443	5875	55578	80152	55756	7297	2931	57582	22794	1819	26151	9379	3263	79829	2784	2030	11235	53632	80146	23178	10494	64766	51463	2185	60386	2892	53834	63922	8910	10651	55930	79057	170463	10585	1736	6533	8500	54496	84250	81846	57614	2583	54806	6553	3590	283358	9746	123041	89941	10966	6904	773	79932	9970	5778	2177	9879	79648	90678	83723	130340	125476	776	388591	1636	93099	246	51127	23248	151056	55764	7015	2898	221154	112937	2200	25837	9881	388753	146212	9677	23119	285596	57449	1503	64137	3265	81490	25914	283377	5426	9772	57184	646023	2580	201164	10194	374860	643015	146754	23742	55599	653149	55922	4137	29068	283970	57473	100129858	8831	6687	4914	4326	9652	6263	3897	286411	653316	645426	8292	283673	2532	8906	400954	285830	353149	101927905	440270	378881	729467	440823	26082	101927621	389634	100506714	107986806	100507308	100505566	91316	100506274	400604	101926971	105370670	728730	339260	105371574	339400	415056	100506866	387521	101927056	140290	161497	57553	729678	338817	102467147	100508120	441046	157627	283177	400046	100506551	283710	791114	284395	339192	100996660	100507433	400622	107986100	80039	100131997	390660	100419515	101241892	100846978	100507173	105374338	105372079	729732	339829	106660612	107985911	100132341	728262	286042	729375	3139	728448	554236	138649	283777
gtex__caudate_basal_ganglia__M008	90293	84254	9912	6792	3423	57586	10858	5874	7504	340533	5662	10076	2983	84679	57595	492	3632	10681	815	27330	84708	26034	3785	119	51412	5063	1641	54715	3776	3797	9762	1114	84502	28978	112755	610	29799	4744	9145	57446	140730	1917	57144	140679	6855	1821	2259	160851	55512	54550	23359	11075	5864	25789	2051	27075	23413	6456	26033	9148	114815	10900	25758	55531	56341	23316	10486	8936	2566	2257	8745	9801	58512	117178	163404	6543	6785	4072	26507	22987	644150	23349	51209	130399	78997	29993	5126	10893	9143	57464	23025	25830	6860	51761	23281	2835	84707	28992	78986	23508	51361	27165	116986	23017	85397	6326	2572	9568	347252	56924	10669	5530	85352	6252	83851	376267	1039	2774	59283	402665	127703	55061	1944	285175	57574	93109	9515	285533	8001	2561	10814	114569	9118	6327	64405	57512	144423	6014	2977	9456	814	115827	2849	5799	23362	22986	3788	375323	23057	6854	55799	3745	1780	9900	808	2785	50651	8707	163882	347730	3754	150726	85443	4043	8927	9348	27012	1020	282974	55530	2562	55800	222865	85300	146664	57524	956	27065	146395	7881	9185	9758	51617	57484	164832	26115	90161	5581	81831	3777	283455	8941	65989	8507	57687	7857	257194	10231	254263	89792	5122	80059	8851	6330	284716	8541	266812	51046	401474	79605	205147	80034	399668	9495	9951	6000	57118	150084	4978	57528	3786	256714	3751	51286	1850	57419	266722	399947	80333	4674	23040	2563	5575	345630	344838	375567	149297	7259	400745	11122	6334	644596	50861	777	347731	192683	22876	57692	440145	220164	84258	10962	125113	594855	134111	5534	91584	1159	107985040	390616	257068	57026	100507341	105376541	54551	23732	83482	100506713	284615	2904	101928991	4747	101929059	100129223	122319436
gtex__caudate_basal_ganglia__M009	8522	23221	25900	11215	10953	7260	3918	4649	490	29894	1739	7419	2037	2036	8646	29911	23523	22981	26164	56853	83692	2245	54457	8428	171177	793	6511	22949	27077	79132	1949	26273	57150	81491	2043	271	9270	57706	79696	54812	53335	56126	83468	943	3208	127495	57213	6903	7471	7737	6253	55317	3661	57168	3741	84705	139728	3748	23108	1644	79921	55859	80759	112609	8291	80727	7172	85462	51103	29081	10152	55752	9061	6843	22822	9815	59274	54499	6016	132299	8573	7592	6770	114789	6749	226	5796	84033	8470	286097	114793	130617	2039	7062	10417	8878	1857	115399	80178	130367	4241	3360	1879	54704	654429	89797	63928	79001	7083	84684	3354	84632	10636	53917	114787	2194	22871	7532	56980	91752	26145	2850	883	4807	9915	10777	220359	6712	170261	11041	9610	344758	9435	339344	163126	84277	203111	387856	3352	400126	220202	118672	85453	64388	23760	5912	90355	4692	9312	340146	55794	2130	9241	645974	81931	140597	389257	255275	146760	340529	139599	23270	378884	29978	23708	50859	55190	8912	343990	11152	85379	57799	642489	340578	51062	221002	9293	221424	340543	2550	1639	101928906	10379	729399	100131390	347549	285878	105373377	386597	285084	100303755	150786	100507557	400242	84968	400958	343171	642797	157376	399959	105369329	343702	644242	101926896	100505576	140735	375196	152217	157285	28755	102724488	100132249	401442	100421372	112694756	55056	645485	105373429	105376121	105378355	147947	442524	105373383	93164
gtex__caudate_basal_ganglia__M010	3075	8837	3683	6401	9235	80342	695	9961	55	7454	6556	23187	972	3082	9716	960	4481	3371	822	10863	6916	1117	10797	8832	602	80216	55843	4791	3566	3383	30835	5742	29760	1390	5008	27128	80832	4689	113278	3055	4281	80208	23516	951	259307	10859	6510	4818	5294	22797	81704	8714	64231	51338	3587	10114	942	9595	9173	8942	6446	1441	80231	9469	64333	3071	1017	6745	54436	3659	3553	22918	30817	3976	79651	54897	5176	241	4608	1794	90853	3569	313	4609	7097	23213	834	5330	9023	84888	81624	55647	8477	7453	3394	6563	9123	6398	3487	7409	4542	89790	6518	2212	6279	7170	27173	51316	3486	6768	83706	64407	93589	9231	118932	50807	162282	51560	6503	57822	861	1234	3101	2215	79961	79626	6280	6283	3577	81788	56999	1230	133584	1536	374868	26253	57494	29785	3903	51129	147138	114990	624	6774	3575	6373	5724	6039	3684	8460	126014	116844	5031	541471	10855	8793	64859	6578	8061	10301	84002	7056	3059	23526	3579	302	9021	55911	7127	10320	387763	5104	348645	284759	837	29950	5265	6693	7004	1438	7052	1378	2214	9935	3122	11138	57126	4489	283314	10437	1052	80830	112597	102724297	3115	101060691	101927532	154449	105378909	643529	101929335	79168	105369147	100233209	100505994	101926904	401134	105375743	23642	23601	100505967	101927931	102724646	401577	6648	8418
gtex__caudate_basal_ganglia__M011	5965	6863	80853	1951	1407	5286	23649	1355	9846	3029	28996	8625	51167	79364	9448	83642	1005	56113	55892	8550	55760	51430	4214	56952	10732	340554	56062	51260	6422	8662	4969	219699	64115	9644	7468	1004	150465	10096	3676	2888	10745	3399	23215	29937	23271	57862	440073	2354	80023	11034	5199	84060	56984	1032	25796	126299	85013	10208	9704	11095	51317	79074	274	90871	64776	57575	90378	128346	57645	23179	8497	9711	91782	123	51503	85458	6868	130074	522	84532	91369	115416	221481	84262	8365	9753	85414	3460	23076	283237	4116	9903	79677	56203	9897	55335	10495	53981	7753	4130	10999	7644	54899	79064	79663	25849	7336	79724	222008	79145	29071	2186	2845	171024	142684	29942	26472	257364	5029	114798	157695	10193	100996455	439921	51335	2621	286826	4303	4919	23299	388567	125704	199777	6613	1364	401994	222553	5770	7088	5253	85236	7169	619208	730051	80742	790955	79086	100130894	285954	107985820	101928000	9884	401172	27239	105375624	283624	118827811	100288122	110806280	100129550	284106
gtex__caudate_basal_ganglia__M012	57414	54879	3631	1495	57545	10659	3757	8454	9474	119391	6620	27098	114880	5744	2280	8079	22861	54620	9463	51292	25939	64743	51172	4150	51231	23646	3978	8896	2889	54462	23125	54940	57562	51699	3736	10641	9381	22848	4209	23266	11155	343099	57468	10396	9521	63908	83541	25953	9732	64753	2571	57631	4294	261734	23164	57180	148281	285148	9698	6302	84284	28969	150472	79969	11309	57569	10150	10516	3607	641649	481	55827	8476	64969	115286	139818	54886	25792	774	818	84280	5800	8853	341880	26207	7273	83873	10600	8867	126526	84446	554226	375295	213	79443	120114	120939	11092	9382	51693	10501	5653	26580	2786	753	2705	55031	9229	195814	554202	7064	253782	55871	79703	283933	6197	284485	51341	50863	18	53820	10293	10317	7625	283643	54093	5138	4673	284338	444	100130311	79958	2592	100506697	105373390	8742	101928085	101928174	79178	106660606	100885848	105373780	124902128
gtex__caudate_basal_ganglia__M013	26073	57514	5954	770	50509	2512	55954	8411	5611	366	5516	7464	9827	10493	506	10019	1337	6206	51294	51639	6697	90231	9783	9480	84272	63931	29103	116138	5623	24141	25824	6237	83483	55278	57470	92154	79363	377	63982	25934	83442	8804	5202	10769	167410	84249	53358	114134	9531	148534	9508	10163	124044	2982	23379	55109	54769	84302	158405	5092	283248	84926	51435	149603	9796	10791	219738	2596	114900	203523	81876	246184	2788	8408	124274	54494	84439	5121	80258	3768	340542	6991	80757	401190	10383	55534	6281	55924	415116	4541	4513	4519	63906	4536	4540	4512	4537	4538	4535	4508	4514	390980	3133	57469	285636	113219467	4539	400798	388559	163033	4509	51372	91368	7844	5032	593	106480796	100507421	100287042	9554	8330	8857	100862671	114841035	92806
gtex__caudate_basal_ganglia__M014	4706	11345	1175	64951	139341	51650	4708	4713	5434	4809	10273	6923	4946	29086	4717	25906	51596	1347	5201	8992	9616	11334	11315	4709	4702	81892	514	4201	4694	6633	6629	83658	1340	10245	1350	10975	9296	6638	4738	25804	93974	1327	1349	4695	10542	1329	4711	5695	11258	79035	256586	2958	4716	115024	25874	79590	6637	4726	55651	54539	29087	80097	518	9556	7381	516	29101	553115	112942	388962	80145	91942	4724	27089	154791	1345	4712	4714	27018	10632	2879	10476	10980	347735	4725	84913	3094	4696	55352	10248	84833	10302	126328	125988	1212	10589	54998	401505	1351	147912	55272	84987	84316	91689	116541	4707	29796	55967	4700	51079	4697	51155	5478	140465	8270	59286	51451	280636	51025	440400	51275	9551	539	55845	112812	4701	9326
gtex__caudate_basal_ganglia__M015	5238	27175	57095	51660	2046	22859	29090	81929	283638	9692	80331	79133	11040	64788	9141	54981	8721	5730	23130	4728	10120	25949	57580	6183	22907	23480	6636	122786	55520	4152	93343	1292	5694	23421	1952	6715	6993	55869	26260	22921	132321	23228	117145	60313	84221	622	10092	1849	10910	220296	138311	116159	119032	26995	51117	23192	4144	521	65110	126669	4493	115196	6169	6573	10209	664	389072	8225	64963	150209	11066	10519	51186	283149	64170	375033	353116	345222	728661	11194	25959	147906	56882	27233	10471	5089	255758	53822	388789	441869	497258	374887	27246	284408	100506012
gtex__caudate_basal_ganglia__M016	10180	23077	22902	4234	55184	29888	51726	2717	23322	81857	93436	2901	7036	3614	54662	8787	1655	29118	27339	7167	55188	5467	29102	64960	5524	29126	10199	79143	10131	286336	1635	9513	5589	51337	10422	7700	5914	10693	23558	93611	902	54606	3184	55132	23710	6895	22980	27043	114804	6455	11159	85403	6167	153527	57325	51524	153478	118813	29761	7102	84255	79623	4817	8703	57805	118424	10785	4061	80228	51005	10482	55249	130026	399665	257160	79058	118812	26156	598	55222	23051	378708	2885	7378	84529	9583	6721	414189	90233	55670	92335	107985892	260294	2630
gtex__caudate_basal_ganglia__M017	54972	7869	84256	29121	51161	55632	3189	8829	2872	10139	1203	64130	51010	1787	56647	10227	23360	4928	11052	1716	7841	25972	127396	7320	56943	65982	5290	55831	79144	8409	22863	5605	7979	79706	8930	84326	9584	9557	55556	10250	55858	9743	9988	10561	51626	54925	126374	25912	113419	11023	55835	9337	5900	29115	114548	11164	91252	84191	80723	84140	83787	2110	6919	122704	126074	85007	57804	3615	22827	51333	128553	131096	9863	10772	284739	85012	374900	7917	100128946	1241	100506302	146542	121832810	25864	255403	100133315	124903732	100506070	8190	92002	80022	105377663	84773
gtex__caudate_basal_ganglia__M018	6405	8379	10181	51330	50619	1356	1535	8531	81671	22904	4287	8692	10272	8974	2213	5743	363	116154	5829	5996	28231	9388	57664	3718	57817	10135	1440	54757	1075	5777	1154	7045	9034	54210	718	5880	27180	10095	8572	4148	84106	3601	29923	10068	3687	10146	85450	6001	10205	2209	3606	9050	64092	56063	3689	1520	91156	6850	4176	4837	197259	3576	94031	2357	713	440556	3770	4600	23764	8651	11006	6274	12	9612	283420	84433	114769	199	7940	780	721	60489	720	127138868	103752584	3240	101752399	6348	100506516
gtex__caudate_basal_ganglia__M019	8938	3309	9627	368	25805	79629	64799	95681	28959	969	79858	2202	8013	23093	7852	343578	3397	2123	301	4005	5547	22801	56267	4547	161253	51093	5298	1029	89944	132851	91409	79705	9056	136332	23648	144406	254050	3017	220004	55220	130162	51313	117289	4982	55342	929	202051	3603	90288	202309	54344	5187	4261	84536	83656	100130771	285600	254956	116985	64800	342979	728780	165186	400931	115948	2153	92565	440689	400710	401236	3113	79940	100506421	101928403	9278	387723	112817	642819	100507423	388963	105376860
gtex__caudate_basal_ganglia__M020	440193	1890	27122	55623	1471	79006	208	27113	573	5216	27086	10969	8704	2309	64756	2868	92675	55321	117166	4357	50632	54958	80758	2874	84330	81873	9775	3068	2987	165257	79034	122416	123803	5745	11282	51375	10109	11168	19	4004	55897	29123	57348	94274	2495	5867	79095	51282	53342	23015	56888	80324	57104	9377	126003	168544	283989	389084	29944	8508	90135	10509	122622	5034	100130958	727800	113179	401264	100505771	90120	55861	102577424	100507588	202020	79148
gtex__caudate_basal_ganglia__M021	55727	1195	55726	4638	79641	60	5527	594	102157402	55862	9639	7639	196	54868	8649	55110	10923	28972	515	1429	5955	57489	112849	55312	9550	58487	4060	5636	92906	84620	58478	7552	51125	220869	5995	26091	64417	60592	132	57650	25898	145581	6439	56947	1876	196074	23204	151827	256643	3267	345757	25915	286499	131675794	643155	4646	150472	10438	10210	255919	678655	102682016	6234	100874058	100506826	23741	730183	404672	727758	100505687
gtex__caudate_basal_ganglia__M022	4057	23584	7204	51606	23033	57613	60509	1312	10044	7093	79609	7165	10406	55125	11151	10014	283383	202559	10307	3274	79954	90025	317	5153	90203	55653	80207	81	10514	27183	6272	51280	577	22891	8499	83872	51365	25816	79742	84504	23082	65258	153769	3084	3678	91624	126823	23498	9255	10466	83860	121457	125058	488	2523	441951	6450	84871	60312	9260	4644	83849	100506100	101929407	107985194	152206	100128233	283487	100507534	100505797	101243555
gtex__caudate_basal_ganglia__M023	6224	6141	7353	6160	6193	6128	6217	6223	6142	6158	6143	708	6164	6207	6152	50512	1933	6209	6146	6230	1475	6144	6125	5204	6204	9349	25873	6155	1729	6210	7024	11224	6176	403	6229	6205	23521	6135	6202	6233	6161	6189	8667	6188	2197	6156	6132	6154	6159	6208	6157	6137	6227	6201	2783	6138	1479	6181	6218	6165	348013	9045	4666	54543	6168	6191	6147	6170	6235	7311	6173	6139
gtex__caudate_basal_ganglia__M024	5976	5606	27440	65993	7760	23351	1522	5127	56061	3191	9355	83871	6484	54516	10675	1647	55700	10171	1211	79586	30833	10365	53947	10452	10439	7322	79412	60484	1284	26056	54583	3142	9360	79631	123920	6187	90580	93100	220965	196743	256364	140578	133383	195827	26086	4000	5654	1152	147015	84331	440574	8722	2290	56975	71	64714	200728	7390	503542	100316904	51157	283	284184	439994	441094	79154	5387
gtex__caudate_basal_ganglia__M025	4190	5291	6416	5217	3093	55322	1540	22911	25977	2287	51382	51527	56271	54602	5862	136319	8976	22841	5532	56521	4591	55907	55754	5515	23548	57415	523	57142	55041	51377	51646	2805	5110	55847	7533	7905	529	80762	8799	85465	10097	29789	60496	221895	9868	528	9530	203197	114928	4338	6990	3251	64112	54386	7529	51362	5604	286205	9804	5870	55030	122553	54557	801	29883	9867	53344	7416	10687
gtex__caudate_basal_ganglia__M026	4040	23016	22978	273	26133	79863	3750	55313	56913	219771	217	7101	8548	79591	114034	694	4907	84811	57161	497190	54511	50814	6835	152137	4900	114	150946	138716	123228	90701	81605	10449	3622	5881	7564	203245	5734	7423	23625	83733	374395	105	84197	388335	148198	196051	80737	55851	9289	105378753	121952	54460	105377633
gtex__caudate_basal_ganglia__M027	2263	1785	5663	118	51090	79152	4099	64077	8437	11340	5338	6035	84701	93643	6941	347744	118663	7222	154214	221960	84296	7547	51700	51148	4815	1267	200933	4808	128218	118442	390928	90333	152098	286827	100130357	202299	55766	105371115	101928738	285796	101928583	255812	389033
gtex__caudate_basal_ganglia__M028	6853	23154	4205	6710	23332	1741	4522	2597	1627	127700	54836	2170	9208	4987	24139	6487	445	10313	66035	7482	5100	10579	79661	51454	84892	154197	10873	6002	574407	285613	3747	26470	284424	157807	170622	26052	124930	151484	102724019	105370423	100506411	83593	84278
gtex__caudate_basal_ganglia__M029	3675	11313	23200	55711	8672	22999	83394	6305	688	653390	2026	90249	6508	57179	9771	153020	50488	6622	56896	201176	5763	54020	8888	285368	11245	222950	7008	255189	170394	140733	148808	127254	22864	51428	4753	752	140688	100505996	84973	85358	100505761
gtex__caudate_basal_ganglia__M030	9948	10490	10226	81619	114971	8683	8835	79934	8678	51234	55544	10894	183	5607	55177	10219	1583	7041	83608	284111	7157	8601	10280	221074	64699	2199	9861	57406	51246	115908	382	3592	2172	55092	116135	7026	79892	1903	64288	64968
gtex__caudate_basal_ganglia__M031	8913	286	23596	5923	5141	6857	1310	478	1837	152831	9840	9873	83478	129804	11249	357	79750	2893	5801	8618	2912	348980	4745	3359	126129	5865	7360	326624	3350	345557	5877	6092	131034	283514	503538
gtex__caudate_basal_ganglia__M032	6301	116984	10319	4034	29992	57060	3912	2254	84182	10536	63827	51303	79070	1101	25844	8543	7873	3758	201163	8822	4882	161436	375607	400986	23141	340390	339541	444882	154790	29964
gtex__caudate_basal_ganglia__M033	90529	22996	51422	64420	5889	55715	9645	10451	54874	114884	8314	28511	367	785	23636	441204	102724691	729178	56134	101928053	101927151	105372321	105375519	100506207	105373289
gtex__caudate_basal_ganglia__M034	54814	3074	4913	10914	64149	4048	79033	8702	117177	25847	55201	84152	6627	129831	5710	222229	476	283899	7580	6888	284459	65265	1397	400451
gtex__caudate_basal_ganglia__M035	81551	57101	51225	94101	9473	85313	121260	79169	114790	401262	51128	4720	132160	83886	150678	375189	575	253190	286256	122455337	440498	100506606	23246
gtex__caudate_basal_ganglia__M036	330	5332	54985	10775	64598	8036	64792	10656	1022	83605	26750	84681	23478	58488	1382	84131	140459	120425	1877	254122	109286553	101929372	280
gtex__caudate_basal_ganglia__M037	3382	1001	5026	8425	116369	8502	57451	122402	123591	56624	144404	284798	100132948	100189589	84820	64940	399815
gtex__caudate_basal_ganglia__M038	7005	57506	10278	54433	55776	54558	5111	5998	60681	1513	7162	50808	5331	55002	11269	347734	84706	83473	202374	2731	23580	144717
gtex__caudate_basal_ganglia__M039	8284	8653	7544	27328	8287	8242	6192	9087	22829	83869	7404	9086	7503	286554	246126	352887	5616
gtex__caudate_basal_ganglia__M040	9256	27328	29078	8970	23639	57053	5738	90865	1476	27094	93426	389075	79943	11325	55384	344595	124901151
gtex__caudate_basal_ganglia__M041	9410	8518	23140	6790	25839	24146	79073	10902	10755	6117	4864	252969	58526	1107	253982	5095	219527	1616	2738	100887750
gtex__cerebellar_hemisphere__M000	2729	1387	7543	163	2115	57157	9855	9043	4784	5310	6224	7812	10867	51099	5536	23177	8491	2137	823	1355	64132	1272	23154	23034	55334	9135	8504	54888	22884	64848	10659	57492	23327	1112	23095	23201	51602	58508	5218	6515	7771	28996	10147	10203	91526	23536	55854	83641	51208	27107	1316	7158	492	9759	57560	221395	4734	4040	8518	10640	79364	57704	490	22905	5522	54878	55205	26034	57719	11176	25930	113235	83992	79960	4133	10529	5527	8028	117	5108	57690	83737	862	4983	22999	8671	4208	440515	9812	55100	9689	2932	23085	79728	23033	7994	22894	546	9522	81929	4216	2196	8898	9489	10059	8886	23348	55285	8812	29888	2802	27327	114882	1738	83394	26523	9117	4214	79956	23759	11078	55964	6305	54471	9978	51199	9786	23002	9517	3705	1983	23405	55671	394	57680	80344	10484	1457	79863	23347	8731	8715	8780	4281	2742	10735	2332	84061	9767	259232	8874	9688	10725	83752	79726	83693	1186	7783	51283	23420	6422	55284	3574	208	9253	30000	56006	23080	10135	55131	54664	2218	23189	57582	8939	57584	10900	7343	22794	3837	23125	64149	64750	9343	64854	1182	23321	55294	7468	9693	7704	7007	22897	23086	8496	80824	81539	55832	5869	5564	9847	26127	79632	221692	22858	9439	9841	10846	56940	11120	11044	3157	23530	10087	5515	57222	80315	51185	3836	7337	1294	51555	150465	57669	25801	79745	6711	55704	10314	55818	7701	79954	8604	63892	7840	49856	80267	54856	10000	10765	9129	50999	9588	23443	4297	23271	22926	1268	23469	26234	84071	25782	57539	9330	51552	4329	10936	64225	3416	284058	2891	6950	29880	51780	7181	317	8702	576	114784	79712	11328	9559	11113	80760	2181	6780	79072	10396	23326	9208	23019	128637	7067	64430	5908	144453	50809	79939	6597	5189	4698	84074	1804	6874	7776	9590	10487	64432	9779	11127	47	5894	23480	2926	26057	9406	5786	10955	23164	84246	91298	79572	3845	272	9645	196441	10752	8774	57498	3572	4677	9698	25941	747	3703	23670	8728	79616	50640	577	51317	3679	64780	2799	9857	9771	7716	6326	26750	90871	55667	51439	27314	57569	9411	26160	9581	80204	79800	4664	9360	57520	9728	10144	84162	8654	950	79807	5925	54509	122786	8816	9990	6938	6652	146050	10363	55180	8826	10261	8720	8844	81577	9905	54828	114876	27043	4864	54877	207	11132	84224	1952	5451	405	9898	2590	1130	8497	23020	113419	3899	9686	285282	116931	9711	84276	9353	2044	285440	10299	5295	64924	23092	2561	54540	6872	8473	27316	91782	54212	6867	54904	4915	58499	92211	22984	8525	5058	472	10525	9651	84159	23284	116966	1740	85458	9871	288	1456	636	667	9910	26040	57724	127933	6695	284309	4154	133686	23171	85445	55351	50807	22878	25827	7342	80790	9320	1054	8526	375056	5799	23097	2334	3798	23362	91748	157657	25921	60685	23522	142891	115416	6529	261729	132949	1859	257397	9478	121665	116987	56946	2035	8867	94104	117145	267	9813	4882	55108	23181	103	55129	23218	222236	57465	7627	81570	51727	4116	3716	5928	8880	148362	133015	152559	8545	285203	8320	23122	5584	151987	57018	7871	166929	256471	1849	54726	91137	134147	23305	134957	54329	10569	168667	222223	5885	54919	55074	538	84720	64324	5979	55701	55088	85459	83700	8539	159195	9640	9665	10845	23339	4130	10999	7644	51755	8085	283987	199223	125488	3800	6774	8313	753	54910	79867	10098	22847	85476	56884	7336	7881	9197	200894	9839	7798	1501	163590	51621	9758	201931	4086	4862	9788	84437	26115	5569	541468	55729	5728	221037	10869	253558	93624	156	283450	22992	65059	54625	91749	2804	8658	49854	6599	1106	57674	23333	23269	10594	389524	488	26047	10260	400986	148808	124152	6731	545	10025	5870	340481	79666	284001	25914	84901	140775	196527	3737	79718	9659	85460	2066	4094	285343	66004	9282	387640	55432	169200	160298	84698	23513	219902	205428	414196	785	122553	55666	23265	79598	23236	51335	6734	221178	9802	54880	253143	128989	56941	4978	6900	5504	9735	5627	1850	84189	9923	25840	80233	9899	169611	51479	84197	23299	157567	23396	55922	23131	7328	53373	56123	57186	375743	120892	339977	54510	284697	145853	728661	440519	6261	84458	284443	647135	222553	2104	9612	55660	23654	23660	4763	128312	170384	388566	9583	104	4644	284371	5253	92283	23334	54963	5178	83699	285989	1500	7919	6262	22909	4976	9909	7150	79065	1756	3633	26146	65979	57683	730051	90233	56143	56144	286144	6643	25851	3105	22908	338799	81856	151230	2595	84461	440270	55449	1654	388815	96459	100128264	5520	101929407	100505641	29994	100505561	386597	643837	100420502	414777	728730	100419436	643699	8629	58486	654841	5863	280	128977	154881	100505648	100507602	100885776	162972	157627	55000	440138	11232	1523	283624	105370888	400657	56957	57597	80022	23619	102724105	100421415	101060226	26220	100129550	6871	31	388524	114819	286101	100134368	80862
gtex__cerebellar_hemisphere__M001	2519	889	23072	29916	3382	55471	381	3980	57414	60528	57787	9254	9546	51096	23395	57146	11183	5704	10463	637	9782	23386	9369	51507	3298	8635	7414	27430	23517	79567	27067	5685	55775	1495	51606	56204	2006	5601	9564	5291	84321	55761	55745	3757	8454	26999	23118	816	1001	81671	56848	8776	2817	51768	5476	11218	9351	3735	55633	7089	6602	4802	5315	57595	63897	55593	27238	56850	25885	10235	10294	8514	483	10681	7353	5423	55062	54556	26528	51109	87	6793	10644	9175	8301	7251	9733	7155	1781	7419	9139	51150	9817	1005	23136	84273	334	51729	22924	55624	10573	55239	2778	8570	23368	9762	22803	55857	8550	29965	57062	57060	84572	8761	2734	4897	25831	54822	4637	139596	988	8317	1153	4670	9524	2872	421	27037	10291	9701	1727	4174	25828	8664	6767	55687	5684	10598	22938	6430	79038	4792	5875	9837	8480	24148	26164	55738	1917	5932	5230	2254	11151	5257	65009	9013	26048	408050	79791	10273	7329	23062	4150	6810	79752	23484	4741	1891	4793	6625	23370	79735	166	22870	2821	11100	51343	29997	478	1628	22983	23373	93436	79036	10049	8887	2617	1174	5425	3984	23081	1993	11196	56652	6158	5414	8402	51747	7531	9368	54940	27309	1363	57620	2743	7358	79864	54414	10938	975	10944	5715	65117	8914	1108	1911	57515	6428	81688	84498	56133	6678	3550	9685	4001	8992	1627	51421	26355	5096	55081	80325	11222	27086	4691	10096	2976	23301	8869	5510	10494	4953	1615	9167	7341	9181	10459	9829	23266	84966	533	10327	2166	3290	56181	5511	1509	9789	81573	5325	7347	4709	91754	58517	51646	92344	51247	51019	1191	10174	23435	8405	130916	1314	27241	55975	1271	11319	79039	11059	1017	514	5335	8239	9375	51081	284800	9491	92675	6629	7389	3661	3276	22890	8021	8273	821	64768	14	8910	85378	23780	1123	1854	10776	9070	51429	84816	55201	170463	10439	25814	64793	9885	84660	1786	1327	1349	9467	10197	79228	10948	64087	54862	10489	51763	10514	1984	1742	3508	55643	116988	694	3612	55119	2949	10390	10717	377	10440	84991	284252	25821	2045	967	3178	9053	85021	10574	8291	2752	55654	26122	23143	4836	6426	84317	10730	1025	51759	55755	79139	9373	26206	10211	129685	29088	5876	8634	80745	51374	23317	51008	29789	90525	8482	22872	5910	57619	7786	60314	4857	81542	91833	81614	2958	6727	8125	49855	5428	7385	5636	10140	55275	25800	4152	90378	23038	126969	85369	25874	5546	6097	3756	55061	25912	375	6233	6637	129804	3329	79137	9125	275	1016	153527	57038	51390	26230	4191	51631	6129	55638	9166	414328	25792	54788	55004	26007	738	8448	22948	1977	5213	9412	152789	10283	3192	140890	7070	64210	55027	92370	57466	1915	9246	27020	7862	491	3084	3361	84465	64897	26100	26053	9334	4681	8703	79053	54461	56683	29980	1827	873	5692	89970	1487	9114	808	7109	6294	51160	8878	6132	284361	1973	6154	55225	148423	3765	93185	8682	5824	51072	7447	56916	6944	64343	201595	100507246	78987	64769	91869	64789	51368	5828	7534	79870	364	7415	9147	509	7417	29763	145567	9702	112937	6692	55323	9318	79608	7702	50810	222950	64400	2923	129049	201191	125058	112476	2879	2819	84717	10501	55611	7775	6730	25837	26580	10980	359948	123099	27065	2873	7360	84894	7532	10477	116840	9283	5036	79145	84864	2941	9655	4884	51013	22883	51523	4300	51030	83452	54205	10605	7690	1798	2783	9854	54971	30008	338692	79877	2745	10534	90441	29903	5936	105370792	128439	10302	55167	6138	5174	1488	22843	9537	56674	55844	55508	10301	55254	64787	80324	7156	441951	7182	79751	3725	79605	440836	55929	7284	23212	84232	221687	79642	404093	92815	10193	79673	64785	81532	26233	439921	100506380	2621	91689	150209	283298	387893	152579	64061	116447	10801	9146	5034	5719	4733	339983	527	10623	340529	4675	613	23270	5757	54932	2563	10507	29978	6613	84247	51114	23029	130612	9045	23036	4697	51155	26010	90321	100289635	51434	7695	23365	199704	51108	284390	10533	56882	163059	79892	6191	54708	777	444	11321	10920	919	830	57692	84243	177	1797	6392	55777	7917	90317	10399	642475	3150	9946	23636	534	8904	55384	7866	441204	285696	64601	8718	2189	728190	728558	378805	64288	400242	400958	10432	10093	348110	84450	283856	283596	984	552889	5591	91056	23642	26065	90589	106660606	140735	9939	80755	101927151	728841	11165	80039	8926	3975	389856	388685	26149	93474	100506710	359809	105374338	113691	105376020	107985953	29798	102724316	728448	5380	641977	124221	375690	101928079	79986
gtex__cerebellar_hemisphere__M002	90529	5965	26022	6833	10127	55692	53616	51533	9066	9821	51306	5981	10858	9765	65078	57646	23518	29945	51564	6873	6558	8621	6857	89795	5774	54916	224	2011	54475	8726	9671	8672	9462	1739	22978	5609	54431	55331	114880	56681	65985	51668	4200	55322	79670	790	118	57544	57192	3912	55012	54930	55072	9044	27154	23786	9681	1120	23543	23112	8814	4522	9252	51292	22981	55969	7165	4168	6855	9468	55578	23295	65057	653390	8925	123263	8120	80208	79848	7976	4683	56917	1954	154661	9512	4967	64327	8662	84132	1787	11101	59338	64072	8729	23185	10531	8453	5889	9487	6603	26118	90410	51091	84680	65981	80018	55188	9896	10902	3156	10915	4090	7375	868	22937	10057	1981	55683	81562	51277	55120	6772	80067	6146	5906	6421	9927	9887	23207	4179	51107	51611	55758	25936	84251	440730	11064	79109	55719	57678	84318	11340	2322	64333	64375	29994	57510	6310	23163	60386	80023	54429	53834	10142	9732	25913	1315	51105	55320	64097	51337	147965	547	84705	23211	6535	4037	9584	9557	55037	54496	7818	22889	93611	9201	66035	81846	3295	8536	51535	55250	1837	7174	5025	6733	22881	10492	57231	55226	51455	28969	84073	6434	64844	51133	9649	153090	84253	55833	54843	4750	54839	102	8412	54874	8884	10128	3685	57337	27068	55605	282809	121260	2098	65082	64403	376267	89941	54849	84916	22901	1213	114799	10966	494470	4782	7226	79932	9970	81609	3608	65123	9859	4931	51057	94097	57282	2803	54532	6715	81555	57583	11011	79648	9705	114789	9919	120	51144	84364	79869	128853	128497	4253	9223	51562	143187	6868	221336	130340	498	5163	2893	5352	5903	1105	781	8470	27201	23367	166968	137492	29104	10069	6832	11030	776	114991	84262	84255	91544	55607	92822	388284	89765	4047	112724	54784	81629	199990	148867	128308	23248	131474	57577	11073	51304	55764	84448	133308	5364	80167	2912	55255	134549	1536	5277	26130	717	1200	6764	222865	54495	7084	80975	5245	51117	4054	55209	132158	55806	53353	53407	255738	148823	123591	57099	57148	5429	24149	6902	10243	5394	10201	80765	1600	253959	9543	170506	63893	4642	284424	9632	4524	285267	30832	3615	55152	57184	399668	80169	9500	285908	255252	91050	65265	146723	64478	29110	89876	220	5142	752	2972	56899	11124	3297	5892	123283	89782	57711	23040	957	79659	9863	6917	7621	1201	144404	5649	23450	126231	6477	4122	283970	29966	57181	1778	6584	79674	23729	55753	955	6687	23230	389170	55035	54870	50618	7576	9652	57154	4215	101928673	387066	100652748	780	1639	1874	5150	100128946	283314	100128788	400954	340267	11331	105374235	729467	284577	101927621	389634	100133545	101927084	440600	105374845	124902439	285965	100506274	101926971	104169671	101929302	101926943	400238	101927289	101927661	284900	401491	100506428	101927983	100506866	727956	140290	101929066	645323	644873	100505894	285512	101927233	102467147	101927592	153163	100499177	85358	619434	100133315	254559	120766144	379025	101927292	145438	90799	729911	101929408	102216268	339290	284395	729950	102724684	100507433	26974	100506374	440335	56936	400818	100996569	101930085	105377023	105378083	101752399	11276	57636	114791	11056	100289211	101241892	100507173	6905	100134869	388165	286042	107984974	440248	200810	728411	134466	554236	647121	347918	100132057	79963	650655	644050	440104
gtex__cerebellar_hemisphere__M003	23028	57019	3674	55049	9918	25900	54902	58525	54814	4190	63932	100533107	11285	7204	54896	1008	51474	26099	3700	2769	65056	8943	1606	60487	5590	23332	79023	7587	10714	273	5289	9984	8569	5891	22839	57579	10325	79175	2521	55900	7066	11069	9552	51310	1384	55280	3189	5434	5902	10478	56948	80821	51527	22985	2937	26133	25939	9097	5355	6901	5935	56271	50855	55565	56942	51101	92960	2068	10775	5438	828	57794	9678	158471	8777	51010	83937	6387	64081	55813	6442	23360	9379	9049	1119	79676	2784	345895	2178	55776	51715	26235	7915	7922	55374	57396	9555	2257	10120	550	64766	127700	3964	57035	1385	7320	80212	26190	5537	81892	51004	9419	79886	63931	56943	6883	65982	5290	11019	64224	10124	51622	79934	55661	84693	88745	84899	79144	6253	83658	5690	435	22863	7979	64921	64753	8930	3746	84268	23639	83448	4738	25873	65975	4705	10298	23404	84326	7700	26061	314	54991	6627	55860	55556	80895	85013	8546	5158	10001	25917	89978	1643	1912	55858	1840	375616	4005	2583	54806	80705	10253	150472	2995	7295	11258	55362	8836	87178	51626	29081	83478	6636	9818	79035	79748	54925	9980	126374	55244	1939	57657	8476	51601	84236	55840	1060	890	285533	54826	23262	9140	51256	401262	1142	7013	84294	83940	55630	92715	774	23082	51503	134145	5805	196383	93081	55835	7073	10557	284312	9987	7545	9481	125476	200014	522	80746	137682	55093	54953	22976	11269	11079	222068	51735	516	51094	11189	112950	79140	118424	131076	5152	10841	5116	5701	622	29115	6427	124093	80150	84447	164045	23385	84661	130162	10109	25898	131601	55193	23272	54965	6059	81789	1345	138050	203286	4712	51585	11164	138311	56672	5347	26585	81605	146705	7571	51693	283248	144097	2786	378	23255	79064	161823	1876	65110	23117	123207	201254	83787	195814	1056	54811	6919	8841	83695	6227	5859	79694	122704	203523	5797	162466	84833	169166	25855	83638	221060	339487	79369	9884	2902	1537	84922	51333	90843	163183	284459	285429	50801	9112	131096	23258	374659	56478	728118	114659	3563	51263	440345	54093	93273	148254	8784	51547	201181	340602	10445	10772	7730	51136	84163	3376	29068	7699	11152	5094	3652	84154	6168	26275	4194	80184	4736	92241	55170	169981	8859	6499	57540	79600	100130958	55851	4676	144363	100131094	125113	9080	387804	63920	221786	81669	199800	100144595	148413	105375304	101928527	401251	51372	201229	727993	389023	441869	100507261	154790	751580	101927577	91368	652968	649024	161497	101926983	64968	402778	284080	102723885	3145	643246	79178	26589	100507588	124903619	9236	115830329	54460	100996660	105371745	8148	100418814	118568815	101929243	105370169	29964	285905	100132341	7608	652276	100129534	130872
gtex__cerebellar_hemisphere__M004	3075	952	27072	85477	8842	6401	2328	4257	9235	928	695	54443	7305	933	9052	6556	477	3082	355	960	5583	57514	1462	10863	153	80243	116984	1356	55885	4254	112885	6916	8531	11178	2065	2263	2261	29121	79901	28513	6720	10335	10979	6480	2736	10512	27091	2239	2192	8871	108	6507	7145	3991	2037	5241	2195	5990	5829	3383	7018	151887	57556	1299	7042	5742	1390	27128	6663	7078	80832	4689	23209	89932	5360	128414	6640	10406	284217	54941	1478	91851	8406	55757	51090	79152	83716	64131	51760	1512	23312	8767	7227	951	10859	27181	5802	57664	4099	5445	3696	5764	5803	2737	165	1842	9644	1440	79132	1075	27087	64231	51338	9828	10114	6506	51411	79611	283383	5992	7164	10475	9444	4124	23286	1809	942	23150	26084	6242	29842	33	2202	2335	3554	9173	5396	4688	79971	6675	2633	5129	23120	6696	56171	1441	7045	8795	10804	23244	57413	7852	57179	11155	84668	9469	5354	130399	6385	64344	2162	1026	745	10257	6662	10485	3553	22918	154796	2123	84239	30817	3976	57705	23022	10749	9459	79649	341	85441	9473	2670	8500	3691	4147	241	59352	4629	83876	4853	23175	1794	2012	6660	4038	26136	5077	5270	3569	11173	57471	5168	90865	63027	58487	5547	7274	23213	10413	834	10561	204962	51196	580	2247	658	11107	2028	11226	55647	123041	6563	50488	11322	2064	4542	115704	6518	3339	963	2212	83872	7159	3782	55224	22874	54756	51365	152404	56034	9180	90523	6581	1956	3486	83604	79742	55086	26091	83938	85450	26011	10205	341640	7068	64067	55691	2555	26353	678	130271	2697	7402	5937	154043	3773	162282	26207	5578	83648	55740	118611	64092	2890	118788	7079	145773	4643	57822	64849	54933	56833	2207	57685	6781	714	80274	3689	7410	8741	8613	7805	127733	72	10611	2565	56999	2919	1230	151636	51313	133121	133584	285761	9263	501	57462	6850	120114	57447	25841	8642	283659	4837	63901	5346	84516	3903	57348	5653	51129	114990	255743	116236	23620	6039	3576	169044	2705	84168	5028	214	5209	79192	153572	2861	11214	1901	2357	4163	84275	5053	361	57834	3400	55304	55970	53342	348938	541471	344558	60495	713	712	4973	8793	27284	27333	7096	6578	8061	23399	9832	11145	387758	9332	92949	7056	128218	2624	223075	3059	23526	6657	220382	56963	23336	2567	55137	10082	338773	29119	4600	23194	9021	57537	2157	6948	266722	5453	146722	387763	8632	7373	7477	348645	1806	3556	12	5456	2316	85379	5265	100190938	641	6840	728	9356	54898	65124	1438	9060	64093	6263	9760	6096	4855	7940	4340	643965	9289	4489	100190940	120376	1052	387486	100506474	105378763	100288428	100287225	101927532	106614088	100507336	414243	105371450	644139	100996590	339789	100507516	101927248	80301	347689	497258	643911	105369147	285505	101928176	100505875	101926904	124901076	102467074	101929709	26025	101927459	9865	101101773	23601	100996492	4360	147429	2969	2662	284021	105369201	124902532	84726
gtex__cerebellar_hemisphere__M005	55610	56928	115098	8798	3097	11313	51071	51177	6642	10908	79142	57120	79810	9498	23223	23105	51742	10079	4659	10838	22998	2182	4925	23016	7374	2260	9063	5050	131544	23431	10450	8895	2060	55230	51194	57017	10961	10580	3096	6545	51382	5687	5753	9770	5332	9218	54602	10204	10664	80777	5934	25963	1666	55353	4125	6671	23242	55744	10927	54662	5599	657	55149	5573	27346	7323	1410	26610	4928	2965	8099	11329	55754	23107	55299	2246	55171	8087	523	57088	23451	84812	1386	22848	607	4139	7143	79906	10560	79947	6794	9331	9994	55127	8013	55717	64374	2170	92	4952	57486	79809	55026	56927	64412	826	83786	3895	55112	59269	1350	5322	79689	813	56984	55274	51250	1729	57343	51164	57511	1965	1022	7428	60561	7024	8763	4193	9654	83605	7111	10868	2800	84811	2542	5962	5607	51187	10964	3795	55589	5530	144402	9815	10150	221184	8533	55197	3454	54499	81611	57198	7170	4651	54901	908	4478	6567	92399	28989	254427	9712	6188	3688	54545	60558	134359	1601	60592	1070	7345	51560	84532	9601	159090	9941	54768	2140	55179	84919	84449	284695	25871	5783	26043	10412	65268	118881	2562	23300	8800	7266	134218	53917	27166	23251	145957	373509	55031	2720	7314	883	81603	2186	1072	1657	163049	284613	3177	256356	84747	7525	55346	9699	54762	284241	147991	5781	7710	122809	374986	53637	120103	284406	79701	90355	64864	7485	55256	9831	155435	4908	10933	84924	84529	120227	4673	339327	79840	2963	9516	9729	6925	1612	89853	6120	987	23054	22887	170958	84455	64901	65986	55366	131118	2592	79716	29092	729224	221710	554203	100287722	8505	401093	100507557	4830	6173	8420	398	7268	54984	283335	100130855	119746555	7767	57594	105369154	106660612	147947	399761	64940	101928303
gtex__cerebellar_hemisphere__M006	84254	996	6936	55904	26224	55971	10926	8522	6482	54799	5286	57210	26009	10198	23369	1608	4084	3029	50937	23250	7037	23291	4905	27332	23032	29843	8417	55218	22869	93664	9706	3842	81550	10075	339175	1795	23335	9352	23231	26575	11198	51430	23384	23544	4809	6942	2033	6729	57446	9751	6839	8237	9738	10391	51366	4173	79872	113263	7046	219699	9806	54462	22849	54894	4591	8567	55531	4891	4848	387119	10051	2820	51130	2043	55870	10625	6738	4811	117178	8503	387338	57706	56252	9870	1788	80218	22865	84248	11228	8202	89845	54520	11034	80818	2002	23352	904	84932	8881	79088	7317	64145	8864	23108	9826	9205	6272	56907	54407	9704	23014	55681	55213	1102	80727	2058	440279	27229	54816	10097	10152	55032	26035	901	64784	84656	23174	64762	6904	9064	5567	23179	80222	2029	23126	84451	3707	27436	83607	152330	57552	9515	285855	154214	80728	4781	203228	6935	4684	60496	1793	57512	152485	4306	54842	130074	9425	6328	2551	9989	285172	65062	9069	9162	23382	23515	6002	23076	57731	23387	205	23528	10092	55083	23114	8618	23001	323	54861	8314	79884	253260	23353	9897	154810	8945	9221	162681	23306	23099	126917	1107	9720	10491	4798	79071	9229	83660	80032	8462	4299	79612	22885	6712	90806	200197	79772	205717	2524	80205	347862	25970	114798	55175	80010	645212	25994	29072	55228	84629	18	83698	339039	23466	10766	4303	3714	26985	6667	121006	84859	3840	27445	80829	4137	23390	26059	1121	149297	84503	55629	9901	9883	60312	399687	79027	4217	26037	23315	9019	57209	84775	7620	10479	9578	5365	22876	57713	9937	9848	340527	11138	2550	3104	8110	353512	84258	375190	101060691	23089	353511	56112	51750	10780	23380	283683	57223	80725	6648	124906262	253039
gtex__cerebellar_hemisphere__M007	51364	5164	9031	23649	11284	5982	89801	54477	23063	57143	57418	3796	139341	55658	440	2046	6929	56666	6620	6717	51171	55968	6175	1312	29911	55506	26517	8045	51386	56993	10490	4776	10732	10483	10398	7125	1203	55815	4832	54550	4833	64788	26015	51231	374882	2077	23474	768	10488	27077	10014	26511	1665	28960	55846	8683	135152	51053	9749	59084	55819	6500	28972	6432	1647	10745	10969	23215	25949	3925	57558	81847	57862	4488	56122	10237	1211	5204	6631	51000	3834	56731	57187	5126	3663	26297	10452	139728	85313	7322	51805	6388	51526	7178	79921	23037	57180	3939	746	5279	79621	10588	2356	2766	51103	6176	51163	84925	839	84298	9107	122953	10169	6187	10650	112483	60681	113230	29985	90580	57333	6135	57645	4170	64969	6323	29114	23500	84310	221960	55909	93100	6838	140459	286257	84623	5531	132321	291	387923	147339	146556	518	388272	114	84295	9372	130617	65018	5763	755	6285	26097	151903	9592	4061	4796	51728	149428	7884	79714	4338	27089	116842	11092	282974	25911	219539	1613	129303	93380	201255	64118	79724	58485	55038	93622	29071	84287	51545	80198	84153	283951	125144	54968	375757	7694	112869	284358	4808	84987	811	5886	255043	4869	100287171	64963	23641	100506504	2842	51118	29796	54954	10078	402573	84631	84937	23621	23048	125704	64170	339451	137392	284338	440603	8464	5770	64771	10210	85028	5557	642574	619208	92565	50854	7918	790955	388135	317762	51157	414919	4722	27040	10195	387104	100125288	3115	101927420	105374250	102723566	57291	100507057	107984875	58496	115557	24142	100137049	152206	100289274	106478943	401172	729991	103752584	100128881	340393	284408	401612	54883	389741	105374727	124902641	220729
gtex__cerebellar_hemisphere__M008	57185	5689	83930	6050	58528	9774	55596	28990	8481	9150	10076	55726	6550	79990	6949	64398	8974	4140	10998	966	54675	23409	51605	8079	51650	8216	9463	25793	50	26090	5203	54976	84557	84264	64130	284352	4946	53635	28974	6795	1155	10430	3614	2146	64983	54981	2648	3083	55805	51522	6206	3313	29102	7072	10286	64236	55269	9479	6560	55809	4201	9521	25824	6237	8409	54850	25870	84337	57631	11047	83549	27243	7326	10207	84923	902	55332	2317	10006	84904	57176	51138	1453	91978	29097	79169	5664	84696	818	6749	83706	10284	83643	29087	57407	925	123872	54819	1974	26119	51249	2224	2905	219931	127002	388962	84818	4043	26266	58526	203522	10910	91252	3429	1353	119504	5579	81565	146713	762	284349	54949	11273	80723	521	5604	123606	53343	80196	64080	54777	9986	253982	155185	131408	22845	6199	285489	126792	114926	29952	977	158056	6232	388886	4291	6415	114932	11336	283989	8558	115560	57335	3006	7259	7582	644596	541578	400931	219927	645811	255119	8227	115948	25829	353	64978	5460	8292	3073	339210	100188893	4636	25858	100303728	100129845	9842	440078	643988	100506421	101928000	51236	150291	285550	57002	539	632	728769	390595	221409	90024	2342	91612	100507118	10929	55957	79917	123706513	100130890	260294	352954	2630
gtex__cerebellar_hemisphere__M009	57679	54476	55778	25897	23644	9709	6307	23224	8975	51660	54887	7030	23161	27330	55972	6604	91746	5243	4799	22895	393	55066	10013	114327	113177	29801	55007	80331	80152	1936	54793	7728	3718	8985	7091	20	1855	83892	5554	58515	5361	2744	8034	23389	29993	135	79709	51690	55558	54882	23378	29841	10238	64855	8737	9908	196500	6996	7168	3394	56270	51506	57530	287	26249	79930	10957	56996	93953	1979	3992	3619	79750	80097	9453	79888	7508	54778	124565	388591	57519	55139	23429	64399	2173	119032	114785	124923	55890	9963	81831	171023	90288	6169	10209	582	201626	56945	283377	646023	22864	9378	10194	79813	9625	158358	257240	51079	7874	643338	441239	140612	84188	222662	1675	10793	148741	113402	134701	6891	80741	196913	105378065	284618	100131193	100127907	100131526	257203	90625	100272228	124900193	100873193	105376541	644169	105371049	283887	100507218	100507423	283755	54441	400322	154761
gtex__cerebellar_hemisphere__M010	4267	10368	8913	6329	7021	2556	30845	27032	2824	55711	3843	25791	22844	815	6196	5566	7224	489	55973	1136	2775	4744	5816	140679	5358	25839	793	10945	2906	3780	6324	2887	10842	55665	51422	57003	4355	5602	8821	79829	84867	23316	81491	64689	57142	6382	271	103910	845	54836	2103	53335	22987	203447	5582	51764	2571	4628	9215	23608	23075	10451	79022	10971	23418	80206	9743	85397	3936	53346	2572	7020	25844	10660	6775	10021	7222	85352	161357	145226	10516	8128	94160	2774	30811	59283	11249	80731	57574	91775	1404	2746	57626	3708	121551	2895	5796	4685	129684	9844	3778	22986	137970	3815	137964	8997	22941	126755	59343	7098	6469	51271	63876	9152	4745	3747	3419	339302	51704	2675	5865	202018	147	255631	23261	10125	10855	442117	9435	57758	4023	146712	3766	404203	63973	767	27319	2131	9951	6546	5121	3786	7327	6092	57419	5592	80333	54331	1187	83715	375612	729967	51321	9755	285141	389058	283514	100271193	400955	103352539	400456	654790	399959	101927957	148189	388630	28755	105376244	101928092
gtex__cerebellar_hemisphere__M011	79007	5976	54972	64285	57095	65993	3781	7760	2280	23539	23351	5127	8717	56061	5862	3191	268	27113	1326	708	4055	54516	10342	10675	2591	56655	55700	29855	79269	9643	23363	55653	2868	30833	54776	631	6487	3831	65999	10365	65997	10155	84152	3021	60484	22873	51280	26056	51131	51754	123920	10899	79998	114790	91653	54438	50808	80142	339105	81552	56911	1376	3455	10712	4000	9684	285368	5654	1152	25820	6137	147015	284339	90990	29901	84331	6051	284346	126003	51329	5463	642968	8733	144717	118472	503542	100316904	100144603	284184	100131814	84973	387882	101928098	90120	55861	729013	79148	79154	150244
gtex__cerebellar_hemisphere__M012	1634	168850	29887	55862	3091	79576	54868	8649	83891	55291	26973	10635	56890	10923	9736	6342	34	58155	5955	118427	29066	55297	57826	83744	164395	1024	23111	4613	79577	85004	51765	79070	6885	1910	79969	5495	84620	83939	81545	220869	54886	220965	79780	2059	80014	64417	5801	3621	51633	6103	171586	114803	57650	8323	157378	3190	9188	6632	90693	22871	10678	23204	55006	257019	93550	55871	345757	151188	254251	10472	6304	3665	340277	9819	150472	51062	26049	100302692	100132215	220930	105379057	100507303	284565	654466
gtex__cerebellar_hemisphere__M013	4706	4145	26993	114879	1890	116254	124925	9892	4756	5134	83642	6605	1471	3299	65990	79006	25789	573	27338	5216	9600	57666	9731	8704	2309	27230	64756	23096	56897	3425	83855	50632	54958	2874	84707	55859	84330	5695	81873	83606	2653	8751	90113	11212	114908	123803	149076	8566	9401	10603	113026	11168	23588	6881	27018	29123	94274	374875	5867	284004	126789	8722	23015	9377	84667	388323	27439	5413	90135	10509	285755	2248	7390	284739	124900275	727800	109286553	401264	100505771	57026	202020
gtex__cerebellar_hemisphere__M014	5893	7869	1175	2271	23594	3420	50804	8721	10227	11315	6429	5269	9296	94101	51332	92979	4716	5694	10050	170954	54539	117143	150696	26086	5635	51035	6259	402381	116225	89797	388753	3094	4696	118487	10524	7388	148014	1212	664	400410	203074	440295	90987	65992	140606	10471	7923	50840	100506302	101928470	25764	340526	100499484	100129128	105371414	200298	101243555	100506516	91695
gtex__cerebellar_hemisphere__M015	56603	55750	54165	10787	6557	51175	9452	55632	55125	7991	92609	22900	26273	51699	6489	10486	7957	26054	900	80006	2632	6787	54812	64786	84293	466	85015	4552	7913	5782	54982	4076	5570	26586	9445	7539	6744	92906	55869	2823	57700	23461	55529	55326	4760	151613	153733	167153	11051	55788	55602	5272	1000	2628	140733	9338	55196	57628	1479	253461	134553	8905	163081	163227	9867	5500	401397	101927027	100874058	6414	338758	105371814
gtex__cerebellar_hemisphere__M016	29116	10771	9846	55117	56650	55437	27292	8646	4436	2687	29906	5595	55192	2901	10156	54906	51111	10162	2566	79770	5334	9295	83479	5887	27434	23091	10616	55906	10739	9873	8499	54934	114783	5192	56990	27236	221656	29063	6383	375484	118812	253725	169270	197322	54952	2650	375341	728568	84342	56134	146429	284106	100093631
gtex__cerebellar_hemisphere__M017	2067	27095	6433	8907	3320	3301	51510	4345	22931	283638	5532	8787	5917	662	39	10808	10426	10228	51093	7569	117532	775	5800	7617	220002	2071	26050	26995	121268	3396	90594	254122	200933	51078	90637	4081	79692	3838	51186	79184	3858	54413	28977	55958	26095	3672	339231	51406	440567	57461	7335	105373780	107984345
gtex__cerebellar_hemisphere__M018	9020	9410	4205	5442	9141	23064	3257	51003	6309	41	27030	79085	55795	10436	84190	6397	10844	891	54583	6457	4259	128061	64777	710	1857	54987	112942	129880	84270	322	4176	201161	143425	85007	27257	100128398	5426	8225	127254	200205	80213	25880	147906	142678	26052	84324	1375	51239	6235	101059938	100506100	101927612	79873	554206
gtex__cerebellar_hemisphere__M019	6542	84062	10402	5076	6452	5996	26227	4242	9388	5973	80183	23475	23205	3955	83871	217	4502	348	27293	54558	79781	5738	10993	84915	3801	284111	1382	153328	137872	219670	27295	65258	79623	7484	4041	55220	349565	11341	216	780776	4330	7423	80258	6525	2707	165186	2153	100271715	3112	720	196475	84798
gtex__cerebellar_hemisphere__M020	8379	63935	869	29844	27339	7167	79033	9480	57727	116138	84286	83442	10550	84249	9531	7102	65008	283455	4761	81876	54328	51286	6991	55534	4541	4513	4519	63906	4536	4540	4512	4537	4538	4535	4508	4514	390980	255374	51373	23741	100505573	100287042	100862671	92806
gtex__cerebellar_hemisphere__M021	65220	10758	26469	1725	10467	6945	7466	23195	374291	6185	55268	22927	51303	4008	9550	2100	90507	23421	2987	4715	83723	81615	1636	2992	84315	162515	286262	2147	286128	64410	101059918	345222	100287569	10438	89848	80863	6150	6234	283663	100507373	105370705
gtex__cerebellar_hemisphere__M022	51629	2017	26277	64743	8260	2217	23646	56961	5518	8896	79004	50813	515	51538	117177	58513	83861	445	94030	90956	29889	3300	26502	11221	64319	5710	84446	22950	64745	5702	80700	6124	64770	2894	55684	309	55210	4539	55559	4509	2738	124902718	388021	109729181
gtex__cerebellar_hemisphere__M023	3675	114881	7756	22955	84067	2665	10539	55856	5338	10208	23318	84300	79068	114804	10217	79034	5331	10309	22925	252969	118813	55823	115209	57326	132014	27069	784	26156	56834	92482	100129917	352962
gtex__cerebellar_hemisphere__M024	6160	6193	6128	6217	6143	6164	6152	6209	6230	6144	6125	6204	9349	6155	6210	23392	6194	6229	6205	23521	6202	6161	6189	6130	2197	6156	6157	6201	6218	6165	4666	1937	6139
gtex__cerebellar_hemisphere__M025	51667	4719	8440	11279	55116	65244	57509	4354	123811	55140	7090	6836	56623	25946	5650	1503	9798	57596	54039	8663	5833	5575	10921	1454	55739	145783
gtex__cerebellar_hemisphere__M026	29927	10464	51161	51816	79133	79918	9217	23149	145389	9869	90678	89910	10160	79705	23648	150275	84135	25915	121504	55219	100130357	606495	6817
gtex__cerebellar_hemisphere__M027	3309	3315	28964	1843	1958	1959	2354	3337	9911	283629	80349	23671	871	4929	3726	3310	389072	1960	29950	3304	3303	8339
gtex__cerebellar_hemisphere__M028	7038	5317	1158	7138	4633	4620	23650	49860	7273	6707	213	3848	3851	3860	2243	3849	3852	3861	4604	4624	4151	3853	3240
gtex__cerebellar_hemisphere__M029	8284	8653	7544	8287	8242	6192	9087	22829	83869	7404	9086	101928906	7503	105377224	121676924	286554	246126	5616
gtex__cerebellum__M000	4267	23072	57679	2115	57157	2534	9782	23386	1272	55334	25897	1495	64848	57492	23095	26099	26999	58508	2817	50937	3843	6857	483	10640	55062	490	54556	55117	5566	6793	23291	6605	5522	7251	4133	6595	28962	23136	23033	22894	2196	8898	2775	55239	10059	8886	8812	57060	83719	29888	2802	2734	27327	79968	9117	4214	1153	1983	80344	9837	57446	1457	5332	23347	6855	2332	8874	2254	6422	55284	23484	7991	4125	166	56917	1628	23373	79036	10049	1174	113263	9678	5425	23081	5599	57584	708	9368	64854	23321	10938	975	10944	5715	4848	221692	10767	56940	11044	23530	6678	10087	5515	9555	57222	604	2257	523	10314	23301	2956	9829	10745	10765	6513	9588	4297	23271	9789	26234	118427	56252	4601	2891	6950	51780	7181	1191	11319	51081	5126	11034	128637	10054	3895	64768	59269	6597	26297	9070	1804	23211	55558	9590	9584	23378	9406	5786	23164	91298	55119	51535	10440	4677	9698	79616	9988	4076	2752	80727	10241	4711	84253	670	29088	5962	440279	79811	9411	26160	29789	22872	9908	57619	8499	90634	7786	10150	8816	6727	8125	1213	54828	4152	351	23179	9898	1130	6726	3707	3899	2803	817	287	10299	2561	153527	54540	27316	11212	9166	10480	4684	3619	22866	23284	22948	288	79750	667	85445	140890	7508	84532	3798	57466	25921	3361	1859	9478	57728	121665	26100	9753	6651	5692	1487	9114	103	79957	151903	54865	4760	7447	152559	64343	23122	51368	55074	7534	94134	51585	145567	8539	7702	50810	567	9640	10999	23524	359948	3800	7336	1501	220988	4086	166614	5036	23204	9788	5569	2110	22883	2186	5728	54205	93624	22992	2804	1106	26047	10260	90806	1488	56945	79772	6330	22864	374986	9625	55228	2131	8905	23265	18	9802	10766	5504	64061	3714	9899	84197	23299	23040	80829	5757	7874	57186	9045	23450	647135	146540	4217	5253	79892	2870	5178	444	10920	10479	9909	9867	55777	730051	653316	56144	6643	3150	8110	401562	400954	84461	1654	100128264	100272228	5863	23089	26065	283624	9939	80755	3975	11276	79893	359809	105374338	643253	155370	6648
gtex__cerebellum__M001	10943	57414	5164	57787	9254	9546	9066	57146	10463	51507	64429	4719	79567	2006	9564	84321	8454	816	1608	5476	10147	5378	7089	6602	4802	5315	7216	89795	27238	56850	57704	440	51109	87	8301	4905	55205	57719	9671	8672	8786	2975	1005	9812	6604	55100	94005	9489	1795	23368	29965	57062	84572	8761	23256	54822	4670	421	29801	23786	23759	11078	9681	6305	6767	6430	24148	26164	55738	23253	8780	10735	80152	65009	25839	1186	79791	51366	4741	6625	22870	11100	1954	30000	93436	6324	56006	11033	64327	51422	57582	8729	7343	23125	8402	4355	9343	54940	5602	7468	55572	55832	1911	79632	84498	3550	4001	10915	7375	55683	4691	55704	8869	10494	9167	22848	9181	23207	10000	84966	4179	533	8503	51552	79109	57706	91754	58517	3416	51019	23435	1314	9559	11113	6780	2914	583	9491	3276	64430	8021	14	163131	3609	547	64793	6874	23229	54882	5894	6117	51308	55643	116988	9645	57498	284252	577	10574	9857	6426	11143	6326	51759	9373	4926	56965	79800	8482	9746	60314	9990	6938	7168	7385	9611	8533	54877	23038	5451	5546	405	55061	23020	9125	1016	4191	56996	7403	54212	6129	2746	79780	51524	79869	738	22878	25827	7070	55326	55027	23367	9844	7102	23522	84255	56946	137964	9191	9813	4047	51160	222236	1996	8880	8682	6944	134	57018	7871	133308	327	5828	79870	509	55701	55088	783	6692	9318	7644	125058	6786	784	7775	6730	64223	26580	6774	27065	84894	10477	55890	5429	9637	4884	51523	5394	10892	2783	26960	22885	54872	51574	6731	170506	200197	55844	80324	347862	3737	7182	84232	8575	404093	23513	219902	6546	158358	387893	9276	10801	7327	2972	11124	80233	79581	23396	116985	53373	23390	137392	26155	6261	6829	284443	100131755	2104	60312	399687	23654	4763	23365	388566	163227	80055	10533	84188	23315	6191	7919	22909	9755	387066	84243	642475	84501	25851	1454	2595	55384	440270	2189	285958	8629	60674	280	10093	157627	148189	339290	23380	29057	728841	100887750	440248
gtex__cerebellum__M002	3075	952	23028	85477	6401	2328	4257	9235	1634	4057	9961	9052	6556	8685	3082	355	960	5583	10863	1356	6916	8531	22904	4638	7132	29121	10272	4140	2192	5241	55054	56265	5829	3383	1390	27128	80832	4689	55687	23002	284217	27286	84935	83716	8840	951	10859	6510	57664	10135	858	79974	3257	5532	28964	1277	1410	1075	64231	10114	55188	10475	730	5917	29842	2335	3554	9173	79083	6696	7045	10804	57413	2331	1017	1757	6385	5740	64344	2162	1026	10257	3553	718	284800	22918	10426	10142	3976	1264	9473	2670	241	4629	10894	1794	2012	301	3569	9023	51196	2028	55647	123041	10516	80349	93649	6563	6518	3339	2212	2590	51365	51316	9180	23262	25816	79742	123	6876	3698	23704	387700	25859	26207	118788	11030	56833	4720	6781	714	80274	3689	3699	54587	7412	25903	2487	72	2071	6282	1293	2199	56999	2919	26508	55764	133584	1278	26266	4837	3903	51129	114990	54899	1281	255743	23620	7881	3576	2357	84978	3669	6363	541471	54796	713	712	79625	4973	8793	27284	3267	6578	8061	84617	51078	7056	223075	3059	716	338773	4600	9021	23764	8519	349136	387763	7373	389792	348645	12	5265	728	5350	64093	4489	389136	3672	1052	100505696	154449	105371450	105378909	378805	101928399	101929335	11185	7335	105369147	101929423	100505875	101926904	641700	124901076	102467074	9236	2702	80022	284021	154761
gtex__cerebellum__M003	6833	53616	81671	25885	2011	1739	7155	7419	22924	790	118	27131	3912	2872	9701	6901	55578	1203	5257	65057	8925	8120	79848	1936	64130	53635	9512	84132	1787	9211	1440	65981	65117	6421	25936	27030	57678	11340	8795	23091	79809	29994	23019	10485	23780	1786	4037	9467	9557	1742	2319	9826	93611	9201	81846	55250	7174	57231	23143	54839	10128	90525	1453	7226	5567	9970	128061	114790	57583	9705	9919	871	283208	10205	93081	1105	93594	776	8407	89765	1857	5928	127002	467	55139	51304	84448	134549	9702	112937	322	51117	762	53407	153241	1107	57148	6773	55669	9655	24149	6902	11346	10125	9986	5707	389524	63917	11336	64785	146723	26013	10623	3376	7699	29966	128312	644596	26037	955	1675	28512	9814	9652	7052	1874	3073	1192	728190	105374235	729467	389634	101927084	440600	124902439	100506274	101929302	101926943	100507261	100506866	441369	619434	101927292	145438	5175	284395	100506374	101752399	26220	100130890	6905	105376020	2630	100132057	100129534
gtex__cerebellum__M004	55471	23077	3683	25900	58525	4190	27032	100533107	159	1008	54884	51474	54432	6433	65056	9627	8943	5423	54847	8726	4292	9984	8569	4200	7066	55012	55072	1384	3189	22931	114088	4522	10528	5355	5935	56271	51101	4858	6878	57589	51010	9267	26118	9379	9049	79676	2784	7922	57396	10120	2976	6772	271	64175	5826	9419	64236	59342	5290	83637	800	55661	10617	171017	51657	64753	8930	10298	84326	7700	26061	5160	55860	55037	54496	50717	375616	55226	2583	54806	64844	51133	2542	122953	5073	55114	89941	409	51093	1939	25912	8476	113419	9039	2631	114987	56623	92715	774	7073	147339	9481	125476	80746	55005	7804	222068	29115	84447	57190	1953	23385	23350	55193	256471	836	203286	56672	55209	23255	79064	161823	521	201254	83787	6919	1503	221037	1798	203523	169166	131408	2902	147912	55929	4081	29035	9112	56478	3297	9146	10772	1778	6168	80184	919	286411	6499	100128788	339263	5500	63920	100188953	386597	643837	91368	161497	100505678	285512	2738	51750	23732	57597	100130705	102724859	283755	100132341	130872
gtex__cerebellum__M005	1301	10402	22905	22999	26517	26133	10732	10398	51172	8175	93145	10488	8721	59	80351	2557	55819	3280	51639	1647	56122	84947	64794	25824	84286	2671	83460	1032	3727	10882	7322	51526	694	10253	4750	51332	84925	901	84298	92979	84915	9107	23174	6135	266675	148932	4170	6993	7569	347517	7552	286257	291	117143	150946	81035	11267	23076	26086	4796	284069	132014	81789	202333	138311	57447	389941	4130	26995	169044	83987	79724	118487	200933	283951	25855	402682	4808	10949	114932	285908	100287171	84890	100506504	29796	8971	402573	23621	125704	10383	3014	165186	9883	5770	10210	4541	4537	619208	7923	7932	55851	388135	4539	3931	2086	113179	91664	255374	23467	388759	8705	58496	57665	632	340526	550112	10929	54460	401612	92806
gtex__cerebellum__M006	3674	114881	22955	9603	57475	51660	4904	57595	10294	54431	2195	8079	26277	4637	9978	64743	4833	23420	3191	8896	8939	10539	10900	1982	217	1822	51020	55754	11120	8992	515	51538	514	79144	7277	7979	135	1854	5338	9513	51690	1349	29889	23318	80003	3300	84317	23392	1838	2958	4916	4716	114804	5298	4931	6637	54539	414328	25792	23590	10160	252969	518	5710	2232	220963	29763	6157	89927	80700	123099	8706	9196	123606	2720	26156	23133	56834	6124	1196	23625	7284	400410	283870	2130	91689	221491	3767	6613	23036	4697	5478	309	55958	23054	149345	84455	5089	131118	8904	221786	57291	4509	441459	105376752	100129917	100130855	109729181	100996660	8148	105372432	375690	79986
gtex__cerebellum__M007	5577	5080	29116	10157	7444	51742	10060	5527	3091	5203	427	27077	5573	8649	83891	26973	56890	9685	4139	6342	80267	34	1266	2152	58155	5955	8082	4337	10236	83744	5189	81533	79572	3295	79577	51765	60561	6885	5570	55681	1910	57129	6386	79739	5495	6744	79807	122786	663	10026	11221	64332	51390	51125	55638	220869	51562	2059	29970	6328	51571	5799	6103	1974	23515	57650	5274	25898	1879	29896	3190	23300	137695	1499	5604	3185	10678	93550	345757	116068	157807	253461	64219	6304	340277	9819	150472	374900	51062	285989	2710	55219	55366	92482	388815	728723	23741	284565	84740
gtex__cerebellum__M008	6936	65220	26993	1890	23327	116254	124925	9892	83642	22911	43	9762	8550	6598	1471	84557	3299	65990	4150	25789	573	219699	5216	9600	57666	9731	8704	6794	2309	27230	64756	5335	23096	29993	92675	631	55321	3425	83855	54958	84991	1025	81873	376267	91978	29956	90113	3486	7108	57512	130074	122416	123803	3455	149076	5745	113026	4116	11168	23588	1152	29123	57348	94274	374875	25837	5867	53342	8722	23015	440836	9377	84667	92815	26233	388323	27439	5413	389816	90135	10509	285513	5034	2248	7390	284739	142678	8733	2812	780	727800	441204	109286553	387521	57026	202020	80725	114819
gtex__cerebellum__M009	8913	7021	2556	30845	1462	25791	2009	815	7224	489	1136	4744	5816	140679	9388	5358	793	6511	2906	10842	26033	8821	81491	6382	54836	2103	53335	22987	203447	5582	51764	1123	2571	84962	9215	85397	3936	53346	2572	7020	10021	7222	145226	8128	94160	30811	59283	8001	1404	57626	3708	121551	5796	129684	65983	3778	22986	137970	3815	2035	8997	1973	22941	126755	6469	4745	79827	23339	2675	5865	9758	147	2897	442117	9435	767	27319	57419	80333	54331	83715	375612	201181	404037	643236	729967	164284	652991	283514	154790	654790	101928136	399959	388630	28755	105376244
gtex__cerebellum__M010	79007	5976	54972	4145	51629	55778	27122	3757	57095	3029	5134	65993	6620	2260	7161	3781	7760	2280	5064	23351	1522	8260	5127	56061	268	27113	29997	57130	5414	54516	10342	55700	79269	2868	6487	3831	10365	65997	4301	2874	60484	1024	22873	1961	26056	54583	79621	5925	6187	481	3068	10899	79137	55840	256364	341880	1915	10712	4000	9684	11282	160622	5654	7171	6137	147015	284339	10501	90990	8493	55657	84331	6670	84153	284346	2885	126003	283989	8651	55684	642968	118472	64978	6311	51157	84973	90120	55861	79154	150244	100093631
gtex__cerebellum__M011	55735	3097	10771	51071	9498	4659	493	84678	51322	57144	26051	5595	4946	3978	23189	20	9126	54433	51111	4739	26268	56655	25843	5510	9295	80209	3712	57511	55748	23608	22800	51303	53	22881	7024	28988	4089	114783	81611	6622	908	6567	54886	10284	2313	10020	6159	824	80232	90826	4338	7248	57494	55769	26005	7266	1677	7555	339122	55167	977	79077	6472	170622	400931	128387	57232	399697	58486	220930	441094	283131	984	100289230	283335
gtex__cerebellum__M012	11171	168850	51663	7374	7163	54715	2782	2060	29887	51726	79956	56853	9057	79719	2901	1124	7458	40	7323	55294	50813	135112	2566	79770	1452	1386	56912	5887	2770	91860	57509	4628	23111	7428	57614	7111	23452	84904	79731	58516	54934	122060	221184	6875	5066	81545	23245	143098	134359	51560	56896	148362	132204	134510	168667	23514	81034	2562	3419	129049	7314	115196	10231	6777	7334	7485	11022	10159	22906	138046	10933	120227	27347	11116	96459	221710	7726
gtex__cerebellum__M013	3631	2824	10203	6196	6720	10335	10979	2239	1781	108	3693	5990	26227	8406	23205	7227	6506	1809	26084	2202	3290	23120	4329	57179	6662	154796	23022	8500	3691	4147	91768	1837	64114	658	94097	90523	64067	55691	2697	3773	5578	83648	4685	873	2565	501	4088	51704	5209	79192	1901	361	27333	387758	3766	92949	220382	2567	150209	7477	5456	6263	1756	9289	100190940	100996590	339789	101927248	11037	643911	9865	147429
gtex__cerebellum__M014	2729	889	56603	55750	3298	23161	9452	9522	55632	4683	92609	22900	8887	55291	26273	9847	7957	900	80006	2632	11222	6787	25801	1615	4780	7750	64786	84293	23389	4552	7913	5782	8910	4698	3612	26586	9445	5636	92906	2823	64417	55529	6529	84465	5701	151613	153733	167153	54919	255394	64400	55788	157638	85476	9839	5272	1000	2628	51030	7690	84901	151188	439921	54039	55922	163081	55251	101927027	100874058	107985953
gtex__cerebellum__M015	23140	4162	9138	91746	9889	50855	478	6119	3083	23527	6508	5690	79414	83861	5983	57161	2100	7220	84630	64434	54801	10618	284312	925	114	90701	7008	3054	7423	11145	205717	23641	131096	140707	267002	283643	148254	284338	1121	6477	64771	90987	147949	9853	9722	5150	100128946	1147	55449	64601	101928527	401251	389023	25764	101927124	643246	10780	6880
gtex__cerebellum__M016	6894	23503	11158	57544	8570	54675	4436	8216	1120	29906	55192	284352	54981	7072	989	10755	6629	112487	84705	55556	10207	11097	9873	29926	170954	7013	23412	253635	5213	388284	5116	622	7184	80723	51621	79145	883	1657	9699	158056	388886	9282	64582	5833	29068	283970	8227	728568	100506881	645323	379025	352954
gtex__cerebellum__M017	57185	115703	22933	55624	283638	4776	84264	3614	6603	8087	6432	80212	39	92	55274	79587	2317	84300	26035	54956	9815	5211	79932	80222	4715	117532	196383	5903	7071	8822	219931	284695	100288142	10251	123591	85442	162515	6199	768206	285965	284798	101927577	140290	100137047	100507373	107984345	201283	651337
gtex__cerebellum__M018	5689	54476	26015	1687	221927	6206	10286	55269	54487	9667	2588	29097	127833	10217	51351	26175	51249	4061	84818	84059	79778	116225	10194	8241	84206	25880	51186	6667	653820	340719	7259	51239	100188893	390595	100507118
gtex__cerebellum__M019	29927	51433	80020	208	22983	117166	23277	10208	196441	8536	3032	6252	84656	81786	79096	23310	22925	84134	2905	10482	146713	114823	203190	148014	3725	57104	23241	51333	57596	26276	51547	140885	134701	163033	9277
gtex__cerebellum__M020	55692	9921	8439	9440	9130	23609	8897	80821	994	9097	56942	7704	1027	8675	25983	10585	10169	9520	126374	64777	8473	84295	79053	10092	4043	84270	118490	64118	440295	23334	2550	534	727993	79917
gtex__cerebellum__M021	933	7077	2065	10512	7018	79152	4099	23150	5129	5354	745	2123	57471	5168	11226	5653	2705	348938	1267	128218	4340	643965	729658	100287225	100507336	101927459	101101773	105369201
gtex__cerebellum__M022	58528	55591	79364	55900	10013	23384	29062	7091	8777	64750	550	2744	57035	22863	85013	3178	5058	9651	51503	55835	7074	4882	2941	5356	10425	23258	4673	375743	5094	169981	7917	641977
gtex__cerebellum__M023	9474	10290	25996	7763	60682	26094	64282	8678	64432	9053	9314	58478	84310	123872	84267	382	56947	5621	51319	7025	55884	643155	3066	26128	101927612	152195	172
gtex__cerebellum__M024	1185	9604	2554	27430	5597	8440	4779	7514	79796	54332	5518	657	2185	51250	4354	55140	10956	2800	338699	6843	92105	118424	374868	163049	5708	9798	51321	29092
gtex__cerebellum__M025	1195	54477	949	56970	55011	374882	57794	3181	27165	3590	55177	55070	26260	6188	5805	79885	79683	5441	1198	340371	5575	339453	11344	9757
gtex__cerebellum__M026	9020	10464	51161	57506	23541	91289	26090	11083	54662	41	576	6238	6397	1514	121536	91039	207	84958	90678	29087	30827	9941	23203	4176	161	6293
gtex__cerebellum__M027	8284	8653	7544	8287	8242	6192	9087	22829	83869	7404	9086	101928906	246119	7503	105377224	121676924	286554	246126	5616
gtex__cerebellum__M028	477	6507	8671	151887	2091	5803	10988	4853	5270	10413	83604	2555	2890	57685	8613	10611	120114	4163	55970	85379	54898	100507524
gtex__cerebellum__M029	1158	7138	4619	4633	4620	7140	388698	49860	27295	7135	6707	3848	3851	3866	3860	3849	3852	4604	4624	4151	3853
gtex__cerebellum__M030	6515	2077	3315	58515	1958	1959	2354	3337	10957	3726	27289	3310	10209	389072	1960	3304	3303
gtex__cortex__M000	5689	3720	1407	51533	54814	7869	5010	23187	51177	11284	3309	64848	9603	10721	57475	4058	2065	2263	5837	83642	55421	55160	29090	285527	51412	54518	131544	56113	51668	200081	4799	118	51605	55760	10914	5996	825	4214	25805	284422	7593	26517	9978	9889	10490	57452	10278	26133	994	10857	8874	2254	79152	22879	56942	55313	4948	8767	6422	54108	83743	8701	5764	4969	8721	5730	22841	219699	64115	80351	64077	23560	51003	26511	10227	3083	23130	28960	22897	8437	84727	5777	26127	26235	55856	135152	7942	59084	5924	10007	3274	3280	1181	10153	1746	28956	10745	8643	387338	1810	81932	56252	57862	84795	4488	7045	57413	2181	57580	60437	6631	1948	11166	64794	718	11034	25824	64921	9514	3872	51234	94101	58504	1032	25983	10882	2161	4695	341883	27183	5111	79363	8471	653689	3939	91768	57231	10220	79074	10457	7111	8818	4609	93643	4926	81796	6176	55177	51332	79739	57159	118663	953	310	84925	51279	84915	9107	81624	57161	54925	9520	51651	94015	126374	4170	128061	23671	8893	10957	9202	347517	26267	6835	92715	11023	283212	149951	89910	291	667	130074	81615	117143	25859	154043	3773	4900	200014	129831	9797	3361	3017	9753	4720	7484	57519	51249	55721	23076	84221	11182	4796	54784	199746	4868	2256	220004	54987	57190	7048	23429	138716	138050	4712	220296	55172	219287	116225	389941	11245	119504	23300	197257	26585	2923	94235	4218	55762	3622	79064	79089	5480	79628	83987	4493	79724	131616	136	84522	93134	198437	142684	54971	348938	118487	729092	80011	7423	257364	7388	200933	283951	148014	201625	7352	80227	286262	402682	28232	11145	284358	23625	29952	100049716	51046	4808	10949	389812	114798	127254	114932	54344	399664	64582	84890	23336	51335	100506504	29119	23194	441061	64410	407738	148641	131096	29796	9735	8971	26985	5453	84631	338657	148254	7626	3858	147645	3006	339451	285093	7477	3014	340719	728661	9725	9883	222553	5770	55660	85012	162993	80345	147906	54798	5253	222662	127687	90987	65992	7620	9745	22834	196051	6920	7923	5089	643008	7932	339453	55851	4496	388135	10215	4539	2532	51239	91664	8904	100188893	134121	4636	100125288	23467	388759	343263	107985190	101928527	400619	100287225	100506725	4509	401251	105376736	6234	100996590	100874238	645676	387723	53938	112817	25764	632	340526	401115	386627	55766	148898	401172	101929176	388610	56108	56109	23642	10597	283624	102724814	109729181	26589	102723670	100506070	101928738	10929	9641	105371735	54460	80022	107985305	100130522	100073347	100507423	284021	100129550	123706513	79873	284106	29964	100506516	101928583	114841035	124907726	112267986	101928737	84773
gtex__cortex__M001	3075	51330	85477	6401	695	5329	9961	6556	9716	960	2324	4481	10863	1356	6916	8531	1117	10797	10335	11176	6813	3566	2192	8530	2932	91746	3383	5742	10044	1390	5008	27128	80832	4689	22919	2564	9688	8840	10397	951	10859	6510	10135	22797	54504	2889	5532	1410	64231	51338	10114	113246	7164	8875	10475	2762	1809	942	1154	3554	9173	7456	4209	23215	8609	6446	6696	9469	1017	64344	1026	54436	3659	6662	3553	9322	2354	22918	53834	30817	9002	8910	3976	57153	4301	54897	23345	3691	23164	4608	79845	90853	3569	834	85416	55647	7453	3394	6563	5211	641649	6518	5792	2212	7170	9039	55814	79742	133	6503	6781	714	29	3689	30815	3101	3678	54587	2215	79626	6282	6280	81788	56999	1230	151636	26508	133584	6850	55273	26253	89797	10449	3903	25818	51129	54899	3965	6039	143162	5209	116844	5031	7690	713	8793	1464	5091	7096	196996	8061	2810	284119	5339	7056	3059	23526	220382	84441	9021	387763	348645	284759	9260	837	29950	5265	1438	1756	1378	2214	3111	7940	11138	4489	57139	3672	8718	1052	80830	105378909	100272228	101929335	8771	79168	100507053	105369147	100507401	100233209	100505994	100289230	101926904	121232372	101927931	101927314	102724646	283755	401577	442523
gtex__cortex__M002	5048	29116	3097	1195	55703	6683	2273	11171	2896	2530	57120	57602	5318	4659	1431	5378	4638	9488	27440	6929	6557	60	23609	5527	28962	102157402	2060	29887	55741	2280	25977	10558	10296	11069	4436	51322	23774	5641	3091	2332	79650	9100	5934	427	3191	22900	95681	4927	1655	5573	8649	7323	2549	26973	10988	56890	6908	79770	1452	57222	4691	10190	151393	1386	2956	4139	6342	9295	34	57134	5955	10171	6950	80209	64282	51251	152007	51141	51119	8678	2770	65997	468	57509	81533	23404	10742	54862	51540	23111	7178	7174	6885	10677	53346	6386	5876	5495	55132	663	5636	6875	92906	64969	84620	79634	81545	51473	220869	54886	23245	143098	54545	120379	127933	23171	60592	3621	54463	81552	51633	2114	56896	51005	84447	8880	84542	285203	57650	79885	5783	441024	25898	64789	134510	23462	23514	6522	8323	3190	123016	10982	6632	137695	1499	3187	90693	9839	7555	10678	23204	79188	9637	151827	5621	93550	345757	3981	256356	7025	116068	55884	2885	140461	4291	8575	11022	11248	22906	9802	54880	5501	84981	8464	4646	3066	150472	309	11194	54870	338811	339448	26128	64978	613212	255919	1654	388815	114821	100506930	57461	154881	255167	108783654	105369154	57212
gtex__cortex__M003	10368	5081	11313	2556	7504	55633	1258	7224	2037	2778	6305	4744	23551	79038	128866	2245	1428	171177	54927	1949	8567	3241	4985	6785	4702	2170	51209	27304	6204	6903	10893	51764	57622	57168	2847	139728	6754	55859	23508	377	112609	9840	11250	10152	10021	85352	6751	29919	59283	402665	148753	57574	9515	287	27242	9118	5789	55361	134353	10670	116442	26100	3362	9684	1857	2785	127733	3765	79762	64216	128308	347730	3754	51725	5437	348980	1613	3761	1128	3354	114787	123591	7532	91752	3777	8941	10777	57495	170261	11041	9435	132112	379	339344	163126	29928	64110	266812	387856	3350	54913	22928	400120	151963	64388	54112	4692	9312	9112	5877	2903	645974	1812	266722	399947	146760	255022	340529	4674	28986	94107	345630	55190	644596	340578	81706	134548	221424	340543	1639	10962	134111	283514	285878	105373377	285154	390616	84968	158	654790	54551	343702	83482	6182	56936	100170841	389856	157285	100287808	110806277	100130148	401442	112694756	124902301	101929748	2831	122319436	100131998	121456
gtex__cortex__M004	4267	3675	51507	8498	26999	51660	483	490	6605	2222	8417	9812	22894	2195	3732	8570	84678	8315	8812	29888	84572	4637	1153	27037	1727	6430	5230	5595	6923	55111	166	9141	92609	11100	374882	79036	85865	23242	8729	708	54940	25906	975	10944	65117	56940	8992	10494	515	81849	533	23443	81573	4601	51780	514	9491	6597	8924	341	25814	4037	1349	47	6117	51520	92259	51535	9415	10956	85021	2752	92856	9373	29789	57619	4704	2958	8125	25989	5073	3801	6637	55909	6129	2746	57700	9320	518	147495	84532	57466	7804	1487	151903	6154	6159	151354	6944	476	51304	501	7417	7248	145567	567	6786	10980	440957	25942	4862	4696	81831	26156	55729	2845	2783	6169	5936	124152	1479	80324	2731	27335	9625	2131	91689	64061	3714	10336	4675	5757	170622	6613	23029	9045	4697	104	56882	10920	64423	54458	9946	131118	2013	221786	642852	10432	115557	984	56138	101927963	26065	9939	80755	105378083	100101267	79893
gtex__cortex__M005	2729	889	56603	55750	5080	7812	1634	10463	10138	9782	4719	23517	54165	51742	10787	10060	10640	23161	51109	83992	1781	9452	57092	55239	55632	6767	5494	394	57144	23347	8715	7329	7082	4683	55284	8887	55664	23081	8453	27309	23321	2743	7704	51699	221662	7957	9685	900	6500	5515	10915	8087	2632	6787	25801	55120	1615	4780	5906	58155	5511	1385	55717	23435	7750	64786	57489	55975	23389	466	10236	171017	5782	4698	1123	9467	10656	64208	57511	91298	79572	3612	3295	4613	79577	57614	25821	9053	55681	9445	64844	84317	10144	347902	5925	49855	7385	10140	9905	22901	114876	1130	6622	54532	26230	9166	3619	2823	7068	55768	2059	22878	4685	55529	55027	23367	6529	57728	55179	1973	153733	167153	23305	55074	255394	64400	55788	359948	85476	10477	2628	51030	54205	9338	6731	79666	253461	25945	66004	374986	25994	10159	439921	6304	5504	340277	132660	5094	444	55251	55777	11116	101927027	100129917	6414	338758	100505687
gtex__cortex__M006	535	3937	4134	140689	8537	6710	5522	4140	58476	4779	23348	26074	513	23002	79758	50855	408050	10273	653390	2906	3780	10874	26273	3617	55719	1135	3061	1959	5585	10617	25775	55930	2258	1571	1131	55748	66035	85397	5547	80031	55752	10150	8128	5451	9970	51454	114884	1404	1392	121551	2849	3815	873	3275	317649	23114	4241	4336	22871	146	79625	389524	442117	4878	9537	80169	8334	8905	64478	3297	3852	55182	10507	22953	375567	5649	100507206	2917	3908	4155	9228	728215	55779	100505783	105374235	284930	124902439	643837	105369302	441452	100506679	100505664	104355152	339260	400238	105376314	100131434	56134	104310351	729305	441046	107986980	102724301	101929473	254559	102723895	2904	101928087	124903183	105376121	105369588	93164
gtex__cortex__M007	1080	54443	933	9846	83641	22933	6196	55331	4036	6579	1307	10110	4355	30850	5450	23150	1889	23120	11155	5354	400961	1059	2864	5158	3300	8549	11226	8502	153328	90933	9705	25780	118611	55314	23176	3516	23214	2705	2861	4815	220416	9134	10301	666	118442	390928	105	8632	1755	124602	3792	57165	4340	643965	642394	123464509	387486	729658	100505774	124902280	100128675	100507336	8847	101929302	117751736	100271702	441869	101101772	101929467	101927641	358	285286	347689	255187	100507377	101927459	286186	101101773	400617	401612	105369201	285796	389033
gtex__cortex__M008	55732	5976	9091	168850	22905	65993	6620	25996	27098	7760	43	51726	7042	1384	23351	55969	1522	8260	5127	6618	9355	2022	83871	27087	6484	54516	9749	55754	10675	1647	5887	1211	79269	79586	23363	30833	84266	10365	23199	7322	3337	3021	84330	1284	22873	26056	55654	51131	9314	9856	123920	6187	90580	10899	93100	220965	256364	84735	124739	122416	11030	149076	10712	4000	160622	26168	80232	64769	118881	1152	147015	374875	4054	55657	84331	6573	8722	92369	2290	440556	126003	283989	100506380	71	7390	2707	642968	123096	91966	4828	8733	144717	51157	284184	100507057	414777	387521	402778	55861	102577424	101928058	101927288	79154	150244
gtex__cortex__M009	381	57414	57157	637	8635	9564	10188	4802	5315	51095	55973	79876	4216	56970	9489	5714	5064	51199	5684	3705	1478	7249	284352	22870	93436	10049	9678	1759	9343	5602	4928	8496	135112	26268	9555	55081	7781	8869	9181	3964	51440	57539	79109	1314	6780	23019	10616	128637	58513	1635	1804	79022	577	28988	91875	274	3795	153020	9746	123041	5546	55061	90678	80313	738	23284	9453	7070	1859	121665	64897	56946	137964	8703	55108	51160	284361	1996	5824	55249	166336	1508	509	64745	80700	6520	27065	7336	84894	7480	9758	4884	170506	79772	23241	727957	7327	9899	4733	375612	2710	9755	1454	5520	102723817	8629	493754
gtex__cortex__M010	5577	4843	9254	29781	55885	114800	493	79364	23210	10129	22978	4133	23085	81929	10059	4670	9949	3356	6810	23420	3646	7297	1954	30000	2887	51422	158471	57584	40	8078	523	2677	23046	59349	22865	4952	89845	92521	9732	23229	10810	4628	9811	8536	10752	57498	747	11095	6733	9805	1607	9873	26160	494470	23179	27436	57583	9589	1740	54842	387923	2890	5116	23122	7871	80335	79884	134957	65268	63876	55323	23582	4130	10999	7775	23524	25849	1501	166614	57148	11214	79145	10231	64802	26047	90806	3737	23760	55228	5463	23299	54331	1121	3376	9612	23365	171392	26037	5178	27347	100507534	7703
gtex__cortex__M011	55049	57514	27175	770	2512	3183	55954	57030	10488	10493	9761	506	10019	6206	51639	5496	90231	3399	9480	159686	2805	57670	1621	116138	2832	5623	24141	7263	4142	26152	92154	80759	25934	83442	8804	84249	83643	9531	26175	2134	124044	65018	7791	55450	23379	64112	5092	283248	123099	4761	55970	81876	340359	57118	3768	340542	51286	6991	80757	10383	55534	55924	4541	4513	4519	63906	4536	4540	4512	4537	4538	4535	4508	9722	4514	3133	57469	113219467	255374	221092	163033	91368	5032	23741	100507421	9554	4747	100862671	92806
gtex__cortex__M012	5965	1890	23327	27122	3029	5134	2260	22911	55072	80020	1471	10166	65990	79006	208	27113	10430	25789	573	5216	3384	9600	6513	8704	2309	25927	9956	90203	5335	2868	92675	6238	55321	117166	4357	83855	3727	50632	54958	80758	4076	81873	376267	64129	165257	79137	140459	123803	5745	10603	11282	51375	23588	5654	6881	81832	55897	7171	29123	57348	284339	2495	5867	284004	126789	51282	53342	11007	56888	2902	57104	9377	51333	388323	50801	27439	90135	10509	122622	5034	219348	23660	92070	142678	780	100289678	727800	109286553	84973	90120	57026	390595	85358	100507588	115804232	202020	103689912	115290	79148	57636	119545628
gtex__cortex__M013	57679	204	6833	23105	58508	8975	1001	1496	55624	22895	84196	7443	79829	84830	2030	55186	150572	1	51337	23149	8500	3996	54496	10492	11258	80144	79930	64599	776	2898	169044	23333	57184	5198	9146	55599	441239	23061	339541	117157	116437	5150	400954	728190	729467	101927300	400765	144920	100506274	101926941	101929596	729178	100506866	105378580	283731	5820	152742	91948	107986100	80039	26220	102724859	100132341	554236	644050
gtex__cortex__M014	8938	6853	23221	9066	84957	25956	79960	3991	5891	3842	3030	29911	4627	5905	84061	10391	9253	6878	10367	57620	84498	55819	3925	56181	9330	11059	5582	821	83448	79057	9667	170463	83636	9201	80003	11137	96764	23005	1848	7786	8533	6904	54808	23038	10500	275	90113	92211	92170	9472	84134	54461	4047	8682	23001	79870	26130	83700	2915	11346	1072	10534	56675	64770	10458	63893	283377	7156	79605	54681	2842	339039	5575	23036	100289635	51434	399687	84435	140885	221002	286411	440894	7268	84450	55845	390660	359809	84820
gtex__cortex__M015	51528	2261	9948	949	10179	8556	8671	6595	56650	54498	55862	23541	79890	89932	4792	79576	2997	4946	27077	5376	7466	217	3945	5992	51053	2246	662	1266	64747	3181	84329	4337	583	10155	55544	8650	85004	1828	51347	1910	10006	1950	81611	94097	285440	50808	84504	23310	2313	146556	55740	65258	388272	6566	824	2982	84059	220963	4176	144100	51704	3185	51574	253982	84747	5441	54762	116135	28970	6900	7026	64170	93377	4976	6263	55366	81890	102723775	6892	440567	100287482	283131	115409980
gtex__cortex__M016	4190	64429	211	119391	27248	5743	2782	8898	16	23256	9878	1690	80344	81617	23322	54332	81857	6324	2931	4233	54662	23360	27339	10612	57562	5917	9784	9927	5524	576	92	79903	5395	10199	4149	83786	10131	9513	3609	5589	55201	10422	23558	406	196441	1838	54536	3184	121536	481	116841	526	79705	3098	5710	118424	84446	103	783	2801	203190	79740	7059	8706	27247	2720	118812	598	56834	54872	28976	2130	114781	11006	10445	221785	11060	51024	8148
gtex__cortex__M017	8837	355	4052	6515	81671	10272	80216	4162	2533	5829	23759	28231	1137	11151	51760	898	57664	57817	3315	1440	271	84251	8835	7852	3164	27180	445	23208	3601	1837	29923	6279	11249	285150	23082	85450	10205	861	5900	8986	1953	467	2921	63974	57494	56905	3576	2357	51162	64787	399668	302	12	29068	55532	961	7052	100127888	6997	1325	720	100507341	103752584	92659	101927943	101752399	6648
gtex__cortex__M018	8685	3645	60529	2296	56265	3053	27286	6528	79974	1277	6442	653	9595	79083	845	800	6590	4629	116496	10010	64220	93649	55244	3339	6581	83938	3698	387700	654	25890	127731	27151	3699	2487	72	1293	26266	1281	255743	7881	55304	6363	54796	2303	221091	10082	6525	7373	5549	2316	1305	9356	7169	5350	57126	93035	389136	339535	11185	100131176	100505875	145820
gtex__cortex__M019	2534	55778	3757	51768	55593	5151	9733	10598	26164	3299	1186	6603	7531	8821	9379	10279	51421	50512	27086	53335	7181	64756	29993	1854	9070	64432	6744	6770	6868	29970	3798	8878	113026	134	50810	10653	25837	5747	58485	9024	9776	2558	57799	55384	654434	103091866	57234
gtex__cortex__M020	54972	10747	51474	1785	113177	2872	64130	5438	9487	57122	1716	3155	4179	7320	65982	23155	60386	23309	8930	6533	9988	22881	64434	7073	10898	29115	9147	6773	83787	2110	203523	85007	646023	79415	5187	51329	29035	285600	2968	63920	105371574	7844	105374254
gtex__cortex__M021	9256	3674	114881	23644	3074	8907	57613	8079	283638	64743	5518	1822	55188	7265	28972	79033	10327	2733	55154	56926	84286	5338	261734	285148	29889	11143	84300	91445	23710	112483	114804	10217	23623	80178	9382	89927	53343	4135	339122	5916	10209	6124	26071	7916	1375	4722	100505573	107984813
gtex__cortex__M022	8193	9921	54432	2975	9984	51637	8761	22931	64788	54938	10469	56917	24146	1108	14	547	55860	6812	9550	22872	5045	4867	57325	5213	92822	10482	90826	259217	89849	1107	125144	11253	144347	4869	10801	5833	23275	1778	26058	6311	100131801
gtex__cortex__M023	7204	54477	65056	23033	3750	7991	84182	4126	6794	7139	118427	8239	57187	51429	5901	8546	26750	55627	51626	9711	51316	7162	196383	284312	93099	433	91147	255101	90835	100128946	643529	161497	284080	100507118	201477	388963
gtex__cortex__M024	81551	9774	3918	57418	23428	55118	10732	65057	4858	26054	90249	27429	27101	3433	83460	9924	92979	1609	54058	9592	27018	55311	90843	100287171	29944	100101467	165679	100874198	100506668	145783
gtex__cortex__M025	4904	3422	369	10398	3420	7472	22949	57669	1063	6183	317662	6135	9919	132321	169714	521	29071	114900	83759	27257	7694	653440	5813	125704	619208	678655	100506302	101927554	6038	730101
gtex__cortex__M026	57554	9138	5358	6594	4363	6804	8777	55291	2054	9208	2791	81	84900	56924	10579	55827	25816	2551	8833	21	171024	9832	644538	4582	6281	51451	91695
gtex__cortex__M027	7095	11158	8668	57605	10043	26051	7167	26094	5110	54939	4152	6455	54438	79623	8883	7398	151613	6778	399665	23051	10540	6472	10933	6293	285954	348262	100505894
gtex__cortex__M028	26993	6175	1917	79187	22983	8402	2971	5300	10844	94030	116988	1025	54874	22980	50488	143187	56978	23218	10501	2675	9854	111	254263	84232
gtex__cortex__M029	23077	5915	7514	29965	7355	79791	4033	79939	25917	10717	57410	27005	80852	81608	1016	91461	114823	6730	199223	1798	84153	158038	161	54103	163227
gtex__cortex__M030	2235	29906	6901	5935	55805	80267	57035	55268	6385	7979	9584	55556	57575	3707	127002	55806	6199	23302	9378	116985	57801	3073	9842	255403	64150
gtex__cortex__M031	23095	2036	610	9371	140679	221692	79814	23093	23138	3742	23362	22941	9915	23109	18	56899	257240	139735	57692	84258	103344931	140735
gtex__cortex__M032	4784	3835	57579	1310	790	4522	6625	1981	55683	23030	55902	130340	283310	2200	148808	79659	4604	148741	10497	57154	440270	53822	101241892
gtex__cortex__M033	114971	51715	56122	80148	112487	1802	58487	3491	7108	114	132	64343	9861	382	93622	5886	84206	23258	643155	101927117	728730	102577426	100130155
gtex__cortex__M034	84254	2137	440	84273	4741	11140	26507	2892	891	5100	10669	196500	8844	2039	808	3760	79012	54704	10636	5413	51466	50618	414918	100507043
gtex__cortex__M035	8284	8653	7544	27328	8287	8242	6192	9087	22829	83869	7404	9086	7503	105377224	121676924	286554	246126	352887	5616
gtex__cortex__M036	23177	10402	54475	57568	54853	64753	10298	10588	54509	8476	113419	153478	11092	80975	51693	5368	254122	131408	6197	128989	4673	284798
gtex__frontal_cortex_ba9__M000	7105	4267	55365	6542	5166	51226	2115	414	5080	64285	7005	3720	6856	10157	4257	3077	51099	5286	60481	23376	10771	55349	1272	477	51071	7431	23279	22807	57514	822	7546	2824	80243	56474	23593	954	26099	112885	55540	2139	2773	5586	2263	4756	23471	5255	6093	865	2261	9741	5837	10060	4129	7049	4734	4925	11099	79901	6720	2121	10335	10979	2736	3998	55020	23151	7374	32	55796	7107	2192	10529	7289	6507	8556	10411	4983	55604	8671	9262	8555	56113	23239	3693	7994	5978	3030	8895	7205	4504	6452	28971	5990	55616	54498	9843	54918	3655	79776	8773	26227	7430	7042	1312	55151	23430	23411	25	51100	56952	5625	11078	23331	7078	706	23209	63874	89932	4776	5360	655	51012	128414	22919	6640	9658	28316	9663	284217	6907	4935	4281	55916	91851	286410	84061	6102	143	1203	9780	6299	23205	1512	64927	2184	7082	23678	2138	10404	1666	6788	7227	90459	9639	2217	85360	10226	5445	3696	3955	5803	28959	2737	7046	23189	169792	5730	64115	54894	64750	9368	5376	83871	1363	6649	26610	1374	6506	11234	79611	57097	217	8909	5992	7164	23328	51053	7101	9444	55914	3977	23286	4090	8992	8850	57088	7867	26084	4820	55233	57669	1796	2202	5013	23683	4780	117583	3065	85440	79971	11240	1889	50999	1266	2152	5825	9588	84085	9414	84886	26147	10783	84263	10577	4329	23433	10936	54454	64225	57678	10672	80129	1997	27230	10174	2053	9227	85320	847	10804	29899	7852	51426	1271	9469	35	84329	11228	8082	3709	29994	6560	57580	6385	64344	5269	4337	6239	79026	11166	6662	56731	92667	154796	57381	84239	5908	53834	7263	6608	8520	57045	84952	54629	23022	8424	5338	482	57153	25938	112399	7011	9459	54857	23677	348	376497	65975	56301	4772	8500	85415	3958	6538	10267	57533	3691	10247	84105	54453	5509	79710	83876	4853	3572	23418	91768	80763	4038	1573	84950	9415	9071	9413	29968	4440	4907	3679	57224	23493	183	2752	80896	9654	64114	55198	23325	1910	10241	86	51133	56262	7099	90865	7094	63971	347733	7274	10413	8412	3032	6496	953	3685	84888	2247	658	83606	121512	53919	9169	121441	7009	115825	85416	79774	81542	85439	145482	663	9960	1583	10066	23478	85407	2653	6760	3613	6563	284111	7157	2064	60681	63976	126969	223	26092	81611	55793	8991	7159	5872	3782	3707	3930	2052	9580	94097	65065	84236	57007	58190	729085	54756	26018	91653	10840	114885	4026	115265	4651	167410	84466	84249	167681	116843	154091	2768	1956	83604	7403	11160	8601	137872	4915	2040	286204	4851	138151	221074	56288	5995	2746	120	1979	25891	85463	6094	256364	5331	3688	1489	26524	1793	341640	2308	23657	5756	64067	55691	114908	2697	166647	3140	10461	146556	3773	23576	1105	162282	124540	26207	23043	83648	55740	27295	2551	147495	84532	65983	389	1622	286148	571	135228	60685	11030	54953	1376	55707	150946	10163	23382	2005	57685	1465	8659	9813	5681	64699	116238	2905	51	8741	2256	80150	8613	205	55225	4774	4921	57216	3625	56916	10611	2565	57326	6565	116064	11167	5783	25976	56992	79443	28999	56898	5364	64850	202151	84059	133619	22836	256987	7098	23305	55568	4982	5260	501	94241	57462	19	158405	5277	220963	220296	7570	219736	57447	55701	143872	5654	84706	10818	1200	80975	144100	124491	54893	81628	80221	125058	10449	558	57348	729359	51435	79725	8309	11170	4735	11031	10768	84913	10791	80723	23620	113189	6383	25932	84168	51181	5028	81844	9283	7314	10972	2018	55890	136	11016	3344	85315	90338	1901	4534	55636	4163	23566	361	57834	7764	3913	6641	3400	8801	55970	7572	4299	30008	84750	9420	285268	1605	27333	2787	253827	10106	254295	7525	414149	63951	344148	387758	147912	440556	57513	57085	3766	54762	143888	5339	788	22882	26873	147991	112574	2262	23580	51268	5062	221687	404201	55526	6657	84282	285195	220382	64764	83733	221178	754	84133	23194	54954	220323	1435	84441	5454	25923	286256	84614	25840	374395	6667	677	286183	5465	129080	285382	7003	5333	9863	344905	6917	388335	140576	375743	388336	196528	4128	8644	2760	374354	57522	26020	54798	81031	92689	79892	342926	54898	51135	27233	65124	6815	7745	11177	9060	10455	6263	1756	8528	780	65986	55366	9289	57139	375035	2946	84986	286467	54741	23564	30851	120376	100130894	440503	414152	400123	100287366	100188953	123706550	100505641	100507533	101927441	196047	414243	105378909	102723854	100874222	400618	100507612	339789	645434	101927248	652968	5098	9936	80301	100507524	100862662	100507053	55766	285441	100506827	100874047	56100	100192378	56105	56099	56112	493900	9865	27164	26065	107985879	10418	2969	202020	388677	10628	5348	729654	25832	79148	128077	101927314	56101	105376244	100996763	105369363	105376387
gtex__frontal_cortex_ba9__M001	29916	57679	843	10181	5965	25998	26224	80853	57157	9855	9043	6482	5310	10747	22955	1185	10463	9782	27032	4719	55334	51306	55236	25897	5981	9765	9440	5256	64848	57120	57492	81037	10198	1112	51742	23095	23201	58508	54542	8975	5128	51564	11178	10188	23041	1001	10513	6873	3843	23216	30836	89795	23250	57560	54916	10640	9993	79364	26986	6196	64398	51095	23291	6605	6480	1207	55421	59277	55205	27332	55973	4292	23032	5108	83737	7145	23152	260425	1286	9812	55100	23085	57226	9706	3842	22894	81550	91746	200081	546	9522	5243	4799	10075	79796	51593	94005	9489	84678	55285	8812	29888	1738	23231	25831	9117	4214	3983	79956	4670	29801	23384	9978	22938	3705	5494	57452	1983	79882	22990	9252	8106	51550	8780	79868	10735	3750	2332	55757	3839	10204	83752	80777	79726	7249	10391	8925	4683	6422	51366	7297	5802	1954	30000	56006	79872	4967	4233	8887	55131	54664	8939	23586	11101	219699	8729	22852	91452	4355	26118	64854	1182	23321	55294	7468	9693	8882	22897	8496	83892	8825	54682	80018	5869	55188	135112	9750	10767	26054	10087	8622	9685	900	1004	56951	57222	10051	3836	7375	8087	10057	150465	4691	2820	25801	55704	10314	55818	80067	23341	55870	54856	7799	6513	9670	55758	4297	22926	23120	9994	5325	56252	91754	55719	3416	3437	51780	23435	83690	80218	7750	84248	5930	57489	55975	800	23389	540	80760	5208	8202	6431	10564	6780	8675	23326	8239	81578	9972	23019	80818	11190	8242	10054	55288	5787	50809	6597	84060	10606	4289	54832	23383	6874	1786	6535	10277	10487	9779	64145	54882	3996	23225	23167	55037	79781	8864	6117	85013	26057	9406	29958	10208	23037	55119	57498	129607	9698	25941	7174	324	23287	577	51317	4076	8763	2799	9857	55681	1102	9805	6426	55627	84253	152006	55667	9656	51439	23213	5519	440279	79811	80021	102	204962	10128	51196	79800	26035	55435	84162	950	64116	81614	9990	6652	49855	55180	91807	9785	1009	9611	22901	54828	55197	114876	4089	90378	10498	5451	80222	5298	23126	8751	25912	1130	84451	9859	6726	10299	81555	153830	57583	9589	9202	56996	11011	8473	29934	84443	27316	6867	54904	115426	9919	6935	10658	57626	23284	1740	85458	55293	90488	288	152485	4306	54842	2674	130074	4249	5163	127933	4154	133686	9453	51351	6328	50807	80790	23461	728577	9989	221264	55326	23367	65062	91748	6832	25921	23522	6529	23049	7804	54778	1859	257397	445815	56946	137964	9753	6651	23515	60313	1487	4047	7410	23181	222236	8986	51727	57190	3716	23528	10092	5824	148362	55083	80232	64343	151987	57406	23350	11073	54861	55193	10424	80335	79884	54726	134147	57763	54329	619279	5828	54919	81034	138050	94134	64324	55088	56339	283310	85459	154810	2200	79827	119032	124359	9665	162681	23306	51117	10999	84064	7171	8085	114823	23524	199223	55209	3516	3800	11273	79064	8754	53353	85476	1285	367	25849	23099	25942	1501	220988	55031	10015	10491	4862	6773	79145	9788	84437	5569	3752	171023	5356	203859	5053	4300	5728	3054	6670	79877	22992	111	91749	2804	49854	5797	79834	11163	6777	5936	165324	23269	54872	90806	124152	9975	6731	201626	10897	51319	79666	55346	9699	205717	200958	80205	347862	3737	10425	79718	9849	92949	114798	2066	23302	23241	285908	54813	284023	7710	10194	8575	374986	84698	23513	25994	1129	9625	205428	414196	2131	23336	55666	7267	9802	158358	5587	26039	7327	155435	26985	169611	89782	23299	57496	3840	114826	100101467	338645	4077	57186	84247	339287	120892	23450	29068	222553	2104	6925	7582	1612	23365	163227	1778	79027	26037	284370	5253	197342	4641	54708	65251	57209	23334	5178	10724	285989	987	10920	27347	9652	22909	4976	9937	9755	9848	55251	124900275	26146	55777	7917	7916	730051	11138	286144	5150	6643	23243	400954	440270	1654	5520	53822	100505996	101927621	414777	101929302	643699	100506930	100129434	8629	8577	100131434	727956	642819	10137	10443	255167	55000	101927288	23380	100507218	9757	100101267	80039	100129550	57223	11276	7703	31	100506516	6905	389906	283755	400322	388165	440248	339483	493754	654466	101926918	6648	124906262
gtex__frontal_cortex_ba9__M002	4800	57185	1080	54467	10165	30812	3920	26022	79602	8522	8798	928	54443	672	933	7869	11183	5010	22802	63932	23187	58473	7444	6642	9846	26064	55841	1298	9341	57475	57458	65125	55749	22998	28996	6558	8537	10362	2065	23013	55248	5588	83641	57609	64834	9650	23446	10420	9448	28513	54820	3993	5151	285527	5337	88455	9618	58476	3991	131544	5663	1371	56650	4036	11342	6579	3732	2346	7018	57556	825	1299	117584	55357	25861	6319	23555	27443	23523	85377	6663	25793	6655	9517	23405	10278	10110	9770	54941	56062	51090	79152	56942	9738	25963	10397	54108	5438	4099	1021	23242	51104	3988	6468	23232	22794	443	5414	9144	30850	2549	152503	51088	1410	50862	5450	23371	11149	7942	4124	2246	56987	23150	92999	6242	80303	5334	7456	66008	127428	6814	58480	5129	114883	23632	6446	140803	2531	9480	7043	79817	91614	11155	54482	152007	1621	5354	27296	400961	745	84938	1059	6238	2864	84081	3895	3306	26030	2123	83543	7103	3092	9514	11135	2318	58504	79664	10749	57509	58533	6035	1028	9026	11046	5638	55556	60484	84327	5158	85444	89978	2949	10717	55858	79899	9053	1368	1783	55619	1593	2317	4752	7716	57471	1318	10541	1515	5168	93643	55227	9873	96764	5962	22801	55075	79739	118663	140766	9728	5998	121227	8549	282809	51228	11226	122060	91947	5046	8826	64784	221184	8996	54925	10351	4864	11322	94015	8612	57645	29956	51542	4211	339745	8502	284992	6502	90933	23500	9586	80005	9705	51125	2934	84504	85449	220108	84735	5305	140609	5860	2180	667	25780	154043	118611	54149	5137	63895	91369	23097	130535	57798	4643	8764	26119	138639	54933	57477	85414	115584	873	51673	23308	79957	117283	116362	284695	92291	7039	55356	323	80817	55314	64399	3673	10085	23176	134549	221458	222223	6522	58526	1073	219654	221035	79789	83700	116173	159195	8495	51700	9710	4176	51148	7705	94274	5653	7439	54541	54899	4336	2339	753	51252	388969	23214	1942	79628	9839	2705	10826	79905	3799	2861	92126	4815	4118	57571	348938	10655	6599	1267	3728	220416	389524	115019	7368	65108	9134	158135	145270	10301	285800	161176	28232	11145	51115	4642	666	7298	391	284119	4808	648987	285668	160335	128218	144348	5781	64856	7681	144811	222166	144321	414235	169200	53637	253832	404093	118442	7562	2055	389337	29119	390928	131096	8073	6900	4303	399694	105	342035	151011	80829	4286	57698	91404	23048	84281	10507	8632	1755	1287	154215	51114	347	9516	124602	9725	89853	307	93377	84188	23303	4155	3792	1902	131870	9745	5365	25829	57165	259230	84288	170371	283999	643008	143903	346171	4340	643965	642394	90861	123464509	286827	728190	401022	387486	101930421	729658	100289650	100505774	100288428	100287225	124902280	100128675	100506725	101927768	100507336	100505832	107984948	285045	102723605	8847	400761	101928304	100873947	100996590	100271702	387882	101101772	101929467	100509894	154092	254128	202299	105373158	439949	102724768	100506384	101927641	358	285286	8420	1270	347689	55861	124900193	101929595	984	100131089	100505875	4671	6414	100507377	101927459	286186	101928424	101929089	57189	283335	101101773	283547	100130933	283710	147429	124903732	107986266	101927009	101928738	100130370	56957	400617	100526820	283481	101929704	105369201	105370169	338382	338328	106478991	285796	101930276	101928583	401282	102724289	387590	221442	100887750	389033
gtex__frontal_cortex_ba9__M003	8813	55732	51364	9244	8228	7752	923	23649	23584	4234	11284	2978	9603	11054	54929	9627	11218	7629	4904	3422	79641	55658	27125	3028	83642	55160	6717	38	29090	55843	384	10464	79891	102157402	8438	51171	2512	8602	10914	5996	7066	25805	3189	7593	26517	56241	6576	24144	8897	23313	9889	8814	10490	26520	2079	26133	10398	7125	9388	340547	2000	10084	22862	55578	10240	55815	65057	55313	8767	27294	92960	28974	84167	9253	1155	83743	5296	5764	6742	11333	7016	10488	8721	80351	56647	51655	3959	10493	4126	80273	51809	6309	23130	6484	114971	1119	10536	9761	1822	1337	26235	55856	135152	3313	662	80315	10686	3280	51639	27429	90231	60672	10286	10745	8643	25949	2733	27130	57862	159686	54853	56122	63931	11340	8835	65982	8702	8805	60437	11017	1948	399512	7270	2832	79144	56926	5690	23263	22863	117166	83460	56984	5819	10095	3727	26152	10882	1160	5111	51526	22880	3939	29889	9924	64780	50853	64759	1101	25934	55755	4609	2766	25844	58487	51332	310	84925	839	51279	84298	84915	9107	23344	81624	57161	145407	122616	6457	497190	56931	126374	90580	57333	83442	10256	8804	1382	4170	1513	128061	84696	9391	23671	55164	90113	9879	3779	81786	84310	221960	7569	347517	50814	54801	10280	220869	6835	140459	92715	128853	83643	57407	124402	26175	163175	147463	81559	57630	114	55093	11269	90993	79856	2176	171586	3017	124044	65018	7484	51706	57519	51249	2063	4796	4868	220004	51035	55450	25903	115677	91156	213	9255	3015	51385	11341	23379	81789	25962	2669	138716	55172	219287	8559	116225	389941	1353	119504	6881	9866	90701	113174	245812	6632	81605	124045	200845	3622	9836	5480	83987	79724	131616	202051	53343	83787	93622	29071	64080	84233	51545	2110	6902	4761	198437	79029	682	150678	118487	257364	6573	200933	283951	148014	3265	81876	55508	402682	284358	23625	125170	5441	56975	10949	2907	144347	114932	283284	55017	51333	54494	126375	219902	399664	64582	90355	84890	28955	84439	1397	100506504	2621	84206	388121	130502	6525	29796	116448	374977	6991	8971	340371	285600	147111	402573	84631	148254	7626	3858	101059918	90668	387978	957	3006	7373	339451	285093	123688	3014	340719	10811	162966	5770	55660	55534	6799	440295	140885	90987	4541	4513	4519	63906	4536	4540	4512	3151	4537	4538	4535	4508	353	4514	92565	7923	90333	10399	7932	3104	388135	100128946	79958	10215	253018	389136	113219467	50840	4539	113179	27040	91664	2013	55739	255374	401562	100188893	134121	163033	100125288	23467	343263	101928527	101927117	100507057	4509	91316	401251	101929947	100129060	100507398	105378828	220930	387723	158	58496	57461	112817	25764	632	340526	161497	401115	100289187	101927612	728769	100287015	283856	338817	124901151	102577426	100506169	148898	574538	90342	2738	728888	101928069	283624	109729181	26589	123706545	100506070	100507599	10929	9554	103689912	400818	401612	123706513	79873	284106	101243555	100862671	114841035	124907726	119545628	91695	5387	84773	130872	92806
gtex__frontal_cortex_ba9__M004	2268	3075	8837	51330	85477	6401	9235	695	54476	5725	5329	7305	4007	9961	9052	7454	6556	25937	972	1992	9716	50619	1890	355	960	5583	7133	4481	3371	10863	1356	1535	2296	10758	6916	64761	8531	1117	22904	10797	8832	6688	6672	7132	8692	3430	602	10272	64778	5939	4791	3566	54518	5788	2533	2122	2683	80271	7462	5829	3383	11213	64857	5742	29760	54209	3710	80270	4616	5008	27128	3162	84164	80832	8542	4689	1439	5836	79890	4318	28231	3055	10627	5355	7076	6650	8797	951	10859	11024	64926	10148	6510	7040	27181	57664	57817	10135	5294	56829	22797	54504	3315	64983	165	2022	81704	2889	59	1326	1440	3384	6347	51225	10227	64231	51338	10114	51296	10312	7450	9976	51411	2004	4055	283383	5777	8875	10475	64065	9450	1809	942	1154	9595	3554	9173	8809	5341	2034	4688	965	4811	1486	2633	7128	8673	6696	6418	1441	80177	7045	8795	3061	80008	54440	5552	10755	64333	3071	1017	9111	6615	54210	1026	54436	4495	4502	3659	3553	718	9322	7408	22918	79713	6776	30817	9002	79689	7538	53947	80833	5880	3976	5420	57705	968	27180	196883	79651	9754	57572	684	85441	54897	10288	2670	8572	22856	79883	6737	85363	3021	91107	241	4608	5920	474344	79845	4017	3601	1794	2012	90853	29015	84868	29923	26136	8676	53630	3431	55332	3936	3569	313	64005	7097	10068	2615	55601	834	58472	5330	26509	580	83666	51191	64098	58516	94	53831	55647	7453	597	5371	3687	84166	3394	23533	6398	7409	2014	4542	89790	6518	1969	3339	148932	2212	54507	6279	7170	27173	51365	51316	9180	170954	221472	4478	123	23082	85450	6001	710	90952	10205	83706	2209	3606	9531	678	285313	112616	64092	4343	9056	118788	11326	1836	6503	203328	2078	212	8407	50848	2207	6781	714	861	715	3689	29941	3570	3101	3678	58191	54751	7805	64123	2634	2215	467	9261	1520	79626	10602	6282	6280	6283	25802	81788	3428	56999	54502	2919	1230	151636	80149	79993	133584	4846	6850	1536	171546	11067	57608	840	717	6764	26253	57494	567	58475	3903	124935	51129	11314	147138	116071	6890	197259	6774	79155	129303	3965	221749	3627	126669	5724	6039	3576	4493	3987	3684	4071	929	5209	126014	2357	155038	116844	10782	5031	2857	115727	719	64581	4615	5970	54625	79812	713	712	8793	115123	7096	10333	196996	126364	23529	8061	2810	84617	26471	64787	219285	7050	2828	9332	3615	84875	7056	168537	4261	100128927	1003	3059	23526	91351	768211	3985	1436	302	222487	338773	55803	11156	9021	57121	55911	23764	10581	4582	3665	727910	10320	8519	257106	11006	4501	387763	1282	2701	5359	348645	3040	12	284759	51284	3117	10865	837	29950	51703	5265	6281	7004	5336	54863	1438	4494	4860	7052	2214	3111	3108	100507463	5696	3122	199	7940	11025	3133	3134	4489	4499	10866	3105	63940	1192	10379	3672	399715	10437	1052	80830	721	9842	154449	3113	100506795	644139	3106	344	9674	7955	11027	5698	101929335	3109	629	100506144	79168	720	3043	386627	105369147	100233209	100505994	101926904	641700	101929709	23642	103752584	3690	5175	100505812	101927931	152048	284021	84876	140	102724646	401577	347918	101928079
gtex__frontal_cortex_ba9__M005	4706	292	57019	84058	79017	115098	1770	115939	7384	5536	25901	6301	7260	10061	54480	84908	51121	79142	1175	51606	23223	51154	27095	116254	57095	64951	3029	4913	4710	5214	9399	3421	55593	4943	139341	29105	8891	537	5566	1400	8907	5250	29089	56915	832	7419	64744	231	10573	64147	8655	5037	10961	8079	57062	4708	10296	9552	51310	11332	5714	513	4713	5434	5902	84861	4809	27349	25813	5905	5372	2287	51382	5693	51016	51292	5203	79133	9777	63905	3420	128866	191	84557	10005	57136	6839	778	9016	11040	8266	83692	8237	56271	79758	11151	55565	5713	54985	10273	3163	10423	57617	64130	55111	4946	26017	10775	92609	51073	29086	8775	10567	5518	644	9275	9806	10360	79004	56521	5709	51264	27339	29099	506	50813	7167	11021	9025	51596	51069	1347	5201	10007	11334	80325	5496	7341	10056	51253	11315	28956	55700	127700	6390	10969	533	57558	4709	4702	60370	2805	2971	51116	311	10376	6903	9587	4201	2806	7737	4694	51081	79637	2962	6633	8195	83658	7389	826	84306	1340	25824	10245	5605	1350	5300	10975	7277	9296	6183	10651	6638	10038	4738	25804	84971	57470	93974	56342	22927	7317	85313	529	1327	1349	7283	84313	4695	8799	5160	84261	22907	23647	10989	51805	2319	7014	84707	55859	90956	78986	10542	8933	8565	80759	10574	1329	23479	51204	4711	3142	79595	1861	55014	5695	81873	11258	55362	7280	23787	55298	29088	3795	10121	403	10063	84993	4704	79035	4716	8533	10939	51529	3607	115024	10907	29985	6647	57410	10055	5694	5195	127703	85369	25874	7371	4259	51506	65005	375	805	80775	79137	4726	55651	153527	113130	4191	55262	54539	91782	5440	92399	80142	11128	226	4718	29087	112936	291	498	135154	7345	518	55361	10670	55005	9556	219541	115416	285367	84262	9577	63875	57805	516	8208	84303	9114	29101	8568	11182	55823	55585	9673	54784	51728	79622	283237	79656	553115	113802	112942	388962	8802	80145	22950	113444	4043	91942	27089	221955	5001	1345	4712	30968	23588	90809	5702	4714	25911	119710	10904	27018	54386	10632	126298	2879	121268	10653	1613	55611	3489	4723	7001	10476	10980	149603	7266	57215	4725	7386	65008	3094	5881	83443	23587	26145	2941	155066	219738	5223	55178	55352	10248	9158	5499	78988	440574	7388	84833	10302	65003	11041	126328	125988	378708	1212	55844	10589	83638	54998	401505	4482	126792	1149	163126	126272	84277	29928	64110	2629	60626	55272	1662	4729	84987	9377	54512	27335	1537	2193	9500	90480	197407	81889	64928	51649	22820	64963	3418	84629	7325	51335	6734	84316	10856	8624	116541	4707	28958	26276	8508	84319	80213	55967	140597	64754	400451	4733	527	51079	474343	91582	28986	94107	550631	389541	10383	4697	51155	203068	5478	140465	160	8270	85379	955	26275	59286	439	79065	134701	2664	340543	158931	10554	4758	7920	221545	6992	644096	51451	131118	280636	255758	6827	7416	51517	57128	100131187	51025	440400	6844	9277	9278	91368	4830	51373	9551	10552	539	23761	3692	7335	192111	11344	10016	90024	729991	55845	10381	150967	23246	6182	100287932	54460	112812	152217	9326	5691	84311
gtex__frontal_cortex_ba9__M006	10180	56928	5577	10943	55735	29116	9862	7095	29954	3097	10867	55727	55703	9604	6683	2273	58528	55591	2530	84245	259282	54884	1161	9498	55745	10806	57602	23369	29927	4659	54432	79832	1431	10838	4287	9950	387	27248	5597	9948	7037	51175	7155	2782	22999	28962	7514	56910	2060	55230	54469	8898	23193	55760	10558	51324	2802	16	11069	23256	9878	51430	4436	51322	23786	23759	402055	23598	51386	10175	9786	51676	9766	23613	11083	10528	26051	81617	26512	10664	79650	29070	9100	9093	5934	57020	9810	2997	11112	1124	835	95681	7458	54662	57589	6387	657	9562	64081	81619	55163	4927	54868	7323	1998	7466	29118	1075	7704	3312	51111	79073	1982	4928	41	4891	10988	4048	6539	55110	22818	57122	11052	8078	29915	51389	4739	5467	51715	1297	896	55754	3157	23530	10802	79770	5917	1452	604	11235	54946	90	85461	6772	64895	23451	84812	3069	151393	9167	390	1386	2956	7143	6738	23207	10765	59349	4179	10560	58155	84215	64747	55127	9913	29126	6950	80209	10808	64374	317	576	51538	5395	989	51251	23091	2181	10199	57510	55026	79902	64412	4149	8894	83786	64430	23065	10142	80115	813	3712	91860	84268	9526	3609	112487	55274	57693	5538	23180	54521	64087	57343	56259	25778	23111	55748	123811	83857	1875	272	22800	55140	7428	79768	79577	85004	3703	51347	6926	9988	60561	22832	7024	10956	4193	79786	54583	3915	11311	54840	9856	84300	51496	51374	51008	22891	81556	84803	27068	79807	91445	144402	5830	65082	84945	145389	7090	55466	5045	79631	84656	5073	9520	91039	3454	105372481	473	84224	10026	57592	2590	4931	163859	23190	79634	10217	7110	93627	92345	54826	10318	6567	3547	23245	9712	26091	118924	22984	472	84159	54545	1737	120379	1909	2313	2555	57105	26040	134359	24138	85445	10283	1601	60592	5937	388650	9510	81552	51582	29761	6566	25769	84108	84255	2140	124245	84919	8883	10020	9619	9442	6464	103	91010	51005	84447	7398	51278	100288142	129450	80304	9861	26043	256471	308	2982	90826	202333	84135	7559	23462	11164	7248	23300	5598	51647	7184	113201	6778	6809	115752	10982	51704	257160	7733	148137	137695	1642	1499	29063	2786	388753	153241	1876	3187	79740	254778	7555	2720	143425	8493	79188	84522	27115	10201	79694	1657	55731	5707	10209	163049	114897	144577	9416	57659	3981	152815	5708	4023	84747	116068	100128398	157769	54503	196527	2859	23512	79077	9282	120103	284406	94039	7485	9798	6472	23265	22906	25904	9284	219527	23258	116447	9276	162239	201501	23768	7026	5501	3638	339327	284434	2963	10772	199953	54510	9729	50859	57573	647135	79754	2547	3066	55532	7442	51321	147906	5660	144717	11060	22834	23127	283489	26046	7150	6721	2812	84455	1290	6499	7936	90233	79583	4676	22828	26140	51024	728130	6293	342371	221710	283089	401093	441459	7726	23089	145837	100874002	100129917	100499177	6038	119746555	80022	284385	149013	84548	84740	7772	352954	57212	253039
gtex__frontal_cortex_ba9__M007	9108	55610	996	3052	8935	79657	163	27072	5048	6792	54497	51534	10048	51360	57709	11215	51230	159	8452	22884	57102	55173	79810	10079	10787	60488	4942	55854	6416	10565	55737	10294	10947	998	7321	1183	10129	54878	55972	3093	1653	79876	55322	2932	23047	5019	334	81929	22911	51510	51701	57542	8455	55617	114882	11198	10762	6732	28978	5594	79609	64841	51527	84312	10484	8760	9097	9218	8731	10857	5230	158866	51566	259232	8428	8874	23568	83693	56061	57478	8766	26258	54928	55284	54332	5862	51101	66036	9545	23080	136319	8976	57037	10927	59338	8036	219771	64149	1845	55161	23142	8649	23158	55296	83891	8050	2965	57460	51699	81539	55832	23074	64426	55907	26127	8732	892	60682	23506	10884	4012	5810	5515	373	23548	51185	7337	25852	55186	57415	523	11222	10289	51277	57142	56655	80219	25843	55041	25797	5000	65977	1718	5906	51377	149371	5929	8674	23271	25782	5887	51552	22954	92400	51646	54812	29094	80007	79646	84918	5110	51247	7112	400	6045	4952	84947	55847	26994	64168	57213	10133	29078	1434	57403	23408	5911	56255	11034	3188	6049	64921	60559	7905	9070	23039	157922	51132	11127	10197	80762	60412	4131	55860	51318	5901	2926	10955	23608	3845	55207	8774	10440	4677	91408	9575	55312	29979	81689	6733	1660	9470	51719	9648	51028	8803	53346	8027	26953	51645	6653	57569	51187	8634	85465	5861	10097	80204	84896	23317	57520	29789	55759	51138	55212	8615	23710	55500	55206	8562	122830	79068	1213	261726	52	5899	80856	130507	51143	10550	493856	6715	5921	23262	64839	54511	285855	79624	7552	5631	549	58493	7357	80013	29982	60496	3619	121053	1456	196394	26278	9910	117143	64682	1047	7342	221895	8526	116150	5529	26289	9868	126731	135295	6921	6782	285172	116442	286097	26060	673	114928	56990	203547	65260	79699	2135	64216	79568	92703	5584	56648	8833	54585	59343	54965	23173	79982	4085	92255	91137	55109	134510	10370	94081	23366	10569	11168	6990	89890	23172	27069	142940	64112	9529	8539	54495	81565	79837	7529	23582	11051	51362	10098	10116	5604	7336	83640	9185	7532	160518	202052	283742	10231	64393	167227	158399	56977	9804	5306	488	11146	80124	149420	253559	9793	219749	5870	340481	56888	9240	345778	7334	205327	63917	85453	23760	64219	79673	91050	11022	122553	29110	386617	5504	6612	387263	54033	79184	54014	730094	10933	84197	157567	55922	90624	23390	23270	11261	29978	137392	9819	154807	160760	10447	23507	9583	124411	54557	55153	9747	158586	83699	9874	29883	22876	9666	9737	9867	53344	653308	57683	659	84912	201475	348801	22908	137886	729515	222234	100507171	8505	28985	552889	23741	80862
gtex__frontal_cortex_ba9__M008	79007	84254	10368	4145	6853	57172	1951	84954	23542	5646	6534	56981	57210	3755	10858	27175	65078	23105	4826	5798	22859	79041	4185	6620	57662	51412	22924	43	9762	170961	57106	23031	112755	8045	6545	23551	23170	9145	8911	5816	79734	1113	11255	25876	1821	55512	4833	9028	23359	57030	9149	79187	25999	23217	22983	5864	25789	6324	2051	7036	79176	9148	10900	9379	887	84867	56341	3274	5361	50512	6508	10120	26038	4985	3749	9132	84966	57576	6543	84878	2281	3208	644150	5153	84969	78997	23096	116138	57699	55715	4987	80023	63941	79414	79575	9143	57622	7732	7425	3746	1032	79948	6861	26290	23025	25830	140700	50632	4861	83546	128434	23281	23640	747	23017	9764	83605	9568	3706	10669	5950	196500	84934	84530	22893	85455	10300	342667	7226	59283	112703	402665	1944	8497	151835	57574	774	64405	83723	130733	4900	401647	57497	375323	6483	3763	9478	127281	2134	387509	3745	3362	9900	23400	146206	150275	10444	57731	84814	1141	136227	114757	284069	2785	50651	57863	3754	285368	8927	84315	2912	1020	63876	57156	58157	282974	112937	146227	129049	138429	85300	113655	90990	146664	3761	9796	1128	2675	766	10815	114787	84894	7480	51617	147	10446	3777	8941	65989	4135	85442	170394	146	114900	64137	55222	91683	6623	162466	55167	254263	26470	89792	339344	79369	148252	256536	2902	4062	8541	387856	205147	404217	139065	66004	84333	1132	389197	50801	9312	50614	80164	27439	284656	441061	114781	256281	29944	283871	56660	1946	51286	27124	126282	146760	23396	758	349667	885	730098	3767	404037	2563	5575	345630	400745	90835	343990	644596	388662	84435	55753	50861	161145	192683	503542	221424	80863	80737	57469	84501	339453	84258	1159	440465	84968	154790	81571	115557	57026	398	25864	27239	101928416	197187	343702	284615	112441426	100170841	101928991	440435	6753	728743	100129223
gtex__frontal_cortex_ba9__M009	54972	728642	58525	5238	11285	578	2324	23274	57545	55187	4052	5188	65056	10402	8625	3796	2046	22846	9138	51548	88	8871	2222	1307	55968	57506	10683	10044	1033	10732	10406	55125	1478	6594	9688	50855	4350	4363	4858	51231	83451	84725	203	9644	79991	51003	25979	5002	4728	2054	23107	10307	55819	10641	8890	2888	2274	79954	6432	8564	23215	81847	3433	29990	64224	3181	79586	64284	10485	57187	64949	25847	26297	10452	10155	6249	139728	4037	9584	54991	51388	55425	79921	114904	7482	5738	9704	10505	55336	84284	10588	26750	150472	7111	113220	10244	90871	8870	5876	51626	9360	57575	85437	54509	10150	122953	396	641649	1952	6016	22874	113419	115286	9711	25816	10957	79742	1807	80728	286257	149986	196383	283635	132321	6868	9320	64221	522	65258	7273	9797	81035	222068	94104	5763	755	6285	126526	9592	4061	29115	84765	115950	80178	54587	126823	7048	4338	117289	55335	51585	11092	26287	53981	322	146167	4837	89797	51693	54949	5866	5368	124401	29100	79867	53407	84632	201255	64118	214	143162	2186	6919	55304	171024	84153	27284	23051	55055	10260	9024	6138	253982	246184	627	6197	389812	8225	100287171	23641	51218	348235	390637	51118	150209	11066	8398	80764	644538	5813	441549	283643	339761	147645	125704	84527	387707	8912	64771	3914	9260	54554	135398	56882	4828	222662	444	7620	7169	1378	619208	100113403	8859	50854	80742	790955	4722	79086	678655	63920	101928118	100874198	57291	105370670	388789	389813	101928000	101929372	400958	280	152206	645323	283131	100507401	100505894	100506668	374887	100130155	100129129	400046	79178	201477	100271873	100129195	57636	117134596	105377727	84726	100289656	100506012	652276	440104
gtex__frontal_cortex_ba9__M010	23028	7982	80199	11313	55778	10953	9099	3937	4134	55040	81671	23294	4205	10235	6710	1258	4162	2037	4986	118	57060	1725	7290	23112	54207	3172	11237	25939	5358	54457	6445	653390	51760	171177	11140	7472	2887	54927	64077	79132	10874	81622	55291	56994	4988	81491	29959	3241	271	84618	57488	5393	27304	10617	3661	51764	8910	25775	1571	445	7187	341883	84332	80705	55270	9238	63027	23005	80031	10021	80144	283385	6751	8128	90874	148753	151449	51454	9686	64422	170690	221935	1392	6749	84623	143187	387923	5789	2849	114793	7062	10417	54020	3275	9684	1857	5563	126755	127733	22854	55677	23114	4241	26269	167838	51084	644168	402381	84684	3354	2915	10636	8988	51621	79697	554202	51162	79625	9610	132112	379	284424	220202	27319	54112	9112	64478	125111	150147	8303	339983	139599	55182	5649	100507206	23708	3908	961	80345	27044	140688	171392	1639	440145	3150	101928906	400932	727857	55779	729475	85508	118460	105374235	554203	389634	124902439	105369302	100506679	100505664	285735	104355152	285154	150786	400238	101928537	101927891	101927609	149465	101928376	104310351	101929237	5820	729305	441046	100507341	102724623	107986898	56109	8641	107986980	101929473	102723895	283404	401720	100507050	645355	100996660	400622	375196	100505761	123624	100287808	100130148	64881	401442	101927464	112694756	112268208	124903183	105376121	105369588	124902301	124900989	101927278	729870	2831	100131998	728262	729375	728554	641977	93164
gtex__frontal_cortex_ba9__M011	2729	889	56603	55750	7812	10138	9821	3298	8630	27430	54165	9734	10203	4638	27107	55631	23161	8301	83992	5527	9452	57092	4200	23033	57531	55632	55862	139596	10580	5684	23002	394	4792	9837	23347	8715	79848	22900	10049	23554	23081	27309	26273	51026	221662	9439	81688	7957	56133	80006	10915	51421	2632	6787	10096	55120	1615	9731	8289	51004	55717	92344	55068	5357	7181	8405	64786	55297	7913	9208	55795	83744	58513	5782	4698	9467	10656	64208	91298	79572	3612	4613	57614	51014	79161	25821	26586	9445	9771	64844	9411	6744	10144	53371	347902	5925	5636	10140	5366	23219	54532	51110	7013	9166	9538	2823	1977	80014	64417	7402	22878	84897	4685	166968	6103	3815	55179	26053	89970	51072	4760	131474	84343	153733	167153	10466	5885	55074	25879	255394	9318	64400	55788	157638	10477	4086	5272	1000	2628	51030	54205	9338	80012	545	56945	84901	253461	7182	25945	134553	8905	439921	6304	54880	84981	79659	340277	132660	284521	140612	5094	10438	10242	2710	1122	5500	388815	101927027	400765	100505738	284565	338758	100506710
gtex__frontal_cortex_ba9__M012	2556	57586	7504	340533	140689	55359	84679	27330	84708	5063	1641	57084	54566	57144	2259	2254	7976	793	56704	51678	27075	8395	26033	3131	2557	25758	23316	51559	10486	202559	8936	55084	2257	81849	5999	117178	163404	9890	1268	57718	114818	22987	10888	5126	24141	117154	4142	81	10763	2835	57180	63982	51361	84102	83851	27133	2774	8001	54212	114569	9177	114134	84539	2977	9456	814	2911	925	781	1010	56934	129684	22986	3788	9530	261729	3361	145773	79762	163882	151354	3760	142679	152110	9348	27012	157378	57526	145581	9317	5579	10369	90362	91752	222008	170850	81831	283455	8507	2845	256130	57495	442117	1139	80059	8851	6330	3738	3350	80034	127254	1960	10472	9495	401097	400120	3739	9628	57118	166752	2903	407738	57528	3751	1812	266722	8224	399947	80333	260293	344838	401994	284697	7259	55190	55966	337876	338811	134548	728215	390205	125113	100128264	91584	285878	100131208	121853075	399697	389023	101928335	729993	124907392	101927751	23732	644242	106456574	339524	2904	122319436
gtex__frontal_cortex_ba9__M013	90293	1634	1195	8540	11171	2006	5318	1301	55726	5378	6929	6557	60	10179	27098	51776	22931	4507	80821	10668	3091	50804	427	3191	5573	90410	11275	26973	2305	56890	6489	4015	10923	7372	25981	79745	2591	10190	6342	51102	1429	7257	34	57134	5955	9331	5537	55791	57826	10236	8678	171017	2770	51105	9557	54558	7178	3295	10677	57129	338699	79731	6386	5495	1763	55752	4060	4240	92906	84620	83607	57563	81545	79780	51562	2059	29970	55529	51633	8880	285203	57650	132204	201895	25898	134957	8323	221656	84267	3190	29951	8065	57691	90693	10678	23204	151827	257019	7690	93550	1964	3267	345757	400073	256356	55884	151188	4291	254251	55015	6450	2124	114792	643155	4646	150472	10210	51170	374900	23116	26049	6311	92482	100302692	6892	100874058	100506826	101929468	100289274	91893	101927402	727758	84809	105371814
gtex__frontal_cortex_ba9__M014	5893	6833	90326	91522	54477	2817	10347	25956	8569	5891	2778	22895	51168	29911	421	51586	91289	4627	10483	11100	3257	6603	2784	1303	1959	63922	55930	54982	10585	9633	66035	54806	6553	51754	283358	89941	6904	1646	130340	92370	93099	127002	23248	23001	6621	1877	7536	169044	23119	57449	9537	283377	2580	9968	317781	9146	26013	81848	399827	6261	9612	1305	6687	148741	10497	286411	653316	283314	503637	8904	8718	284930	729467	440823	100192379	100506274	101926971	101926941	101929596	378805	339260	105371574	1159	100506866	57553	284080	91948	157627	254559	102723670	284395	101927151	55957	101928087	102724859	729732	106660612	107985911	103091866	100132341	220729	728448	554236	503638	644050
gtex__frontal_cortex_ba9__M015	3980	8938	23221	51096	54902	23395	2137	823	9774	8439	4084	440	29894	51109	113235	79960	2260	8417	79728	84273	55239	51433	84196	26277	9209	89781	9701	1727	162	1457	9468	5257	80152	5432	7329	79752	6878	7763	3837	9570	57620	7358	54414	9828	57515	84498	59084	51130	3925	56181	81573	4601	11059	583	54776	84172	24139	3276	22890	8021	821	64768	79939	9667	83861	9885	7776	10948	10250	23075	10492	85021	5100	6434	84317	1025	116113	54839	5910	1848	7786	54808	3899	55016	51631	55634	92170	2132	55027	159090	114907	2114	26100	8450	9334	4681	84134	2035	54461	1973	152559	7086	26130	7415	7417	9640	164	6730	359948	10960	5747	55144	83452	1072	64770	7156	91663	5464	161	387893	5892	10623	7874	51463	23036	100289635	51434	399687	5718	124930	51714	26058	26095	654434	23600	11230	8517	728841	57234
gtex__frontal_cortex_ba9__M016	2288	57414	51507	8498	56052	5982	9564	84321	8454	51768	4802	5315	483	55062	2975	3835	3320	54437	10523	3301	8570	6175	29965	2734	55072	27037	6767	10598	26164	28952	5595	7727	6923	23062	166	9141	374882	23373	93436	79036	85865	55664	7343	8402	708	975	10944	5715	65117	51258	705	53405	9555	55081	27086	2976	9801	2677	10494	9181	23443	5511	9789	1191	1314	514	55577	80262	9491	2671	14	147965	25814	79022	28988	274	51759	9373	4750	22872	57619	90634	6727	8125	3801	26135	5546	6637	9125	91775	55909	6129	726	26007	10284	22948	5213	8566	162989	151903	51160	8878	113026	51304	327	9702	55323	26263	80700	10963	2873	3308	80196	51013	2783	338692	286262	1479	80324	55929	84232	10607	64061	3297	23029	9045	10388	60491	55684	84619	64423	1454	642852	285954	60674	9939	80755	29057
gtex__frontal_cortex_ba9__M017	381	55904	112611	51177	23517	84957	55588	6882	2009	9733	10003	9063	4313	8315	8646	55687	1137	10139	5332	58490	79959	7355	1186	79791	4150	55353	23484	55744	57003	7531	27346	8821	6500	55171	5576	6794	9330	26190	53335	51019	9409	2170	3787	80025	5322	51250	64432	1984	891	27255	10390	967	8291	23143	10730	54843	51067	4857	7385	94160	55275	54499	2029	64708	114790	275	27242	51390	114789	818	738	23310	84910	491	130617	83440	197131	284348	55108	128308	150962	6944	78987	79870	55656	79803	7702	3660	23192	55308	53917	58485	79102	170506	9776	7284	81532	4692	2842	5877	152579	51263	23621	613	375790	144404	10533	63943	1797	440894	9946	79729	55384	729852	100996635	10093	348110	7268	100996645	54984	119545627	140735	284408	414212	138649	728798
gtex__frontal_cortex_ba9__M018	23098	4843	23177	57658	637	10076	63897	80347	5522	117	1310	3776	4216	51199	4923	55738	5173	9949	5935	23420	9455	3646	4173	898	8662	113263	9678	57584	9110	65981	26268	23113	56940	1894	1981	55683	80267	6675	4033	57539	30819	92521	79706	1635	10844	23345	47	5914	51763	10810	8536	1837	54841	11095	3178	91875	23070	5547	56965	27229	26160	8482	153020	123041	10363	79798	26502	23179	27436	53942	9412	90550	1633	121665	8703	5116	148206	6294	80308	57465	91461	92691	23122	166336	7871	54716	55255	3419	23339	1398	7775	54714	57148	9655	1826	5293	10605	400986	2731	80169	127003	92815	25834	23762	11124	3852	84933	4763	92070	10527	375190	284798	107105282	56108	100506365	148189	115290	100133941	79893
gtex__frontal_cortex_ba9__M019	113000	5689	57467	54903	23644	7075	57217	29121	53615	1785	5794	55624	57655	7051	4650	23616	22985	113278	81857	8985	20	84445	9267	9094	57696	5067	550	55268	1908	55154	23309	6303	9473	10401	54739	1116	5287	9314	23452	3590	57176	4926	486	10650	64129	8893	285440	64599	54886	210	130271	152992	57732	84911	54987	824	55139	132160	79778	3636	169714	153579	27343	4141	79759	4054	84879	51255	7059	5986	4648	1107	124583	8841	92342	10465	80194	79612	55191	112	25855	81490	79683	5187	116135	338707	9735	126432	401541	219348	441239	728661	55340	23654	2316	23061	142678	100499483	613037	65992	4855	51239	1773	23053	80772	101927300	84627	65010	84320	728730	645676	105378580	9884	9907	1650	283596	100499484	51750	29964	80179
gtex__frontal_cortex_ba9__M020	5976	9091	2534	168850	3757	65993	7760	2280	23351	1690	55969	1522	8260	6901	5127	8717	2935	4793	6618	3036	9355	56654	27087	54516	117247	7422	10342	10675	1647	10983	1788	64282	79269	64756	23363	55653	56897	30833	84266	631	8273	10365	65997	3663	7322	79412	84152	84330	51535	1284	22873	55654	51131	10010	123920	83608	201456	57140	3491	10899	93100	196743	3621	219743	4000	6427	160622	283130	118881	1152	8879	50810	147015	374875	238	55657	84331	203054	8722	92369	7025	126003	100506380	71	339559	7390	123096	8733	118472	1375	51157	284184	102723775	84973	101928098	90120	387521	402778	102577424	83593	79154	150244
gtex__frontal_cortex_ba9__M021	51085	81551	54875	116984	6894	6949	479	29992	10013	7093	114088	7443	9985	7165	9694	84182	23195	1294	57501	7139	57616	127495	9521	860	94101	23639	57631	84326	29893	54496	84900	80727	4123	7168	90060	26267	114609	53354	123872	23643	201163	122402	388591	51735	56063	56894	197335	5194	200844	203286	221154	93426	566	22877	222183	340390	374860	64410	144233	83862	60312	162993	6714	414189	109286553	100506302	100505696	106478958	107985194	100506527	79940	101929238	285512	101929176	283177	145438	9236	339192	107986100	388963	145783	101928737	2749	442523	645784	155370
gtex__frontal_cortex_ba9__M022	6224	6141	6160	6193	51194	6128	6122	1936	6217	6223	6142	55149	6158	6143	6164	6207	8099	6206	6152	1933	6209	6146	6230	6144	6125	9559	5204	6204	9349	25873	6155	57511	6210	11224	6194	6176	6229	2958	6187	6205	23521	6135	6202	6233	6161	6189	6167	6134	6130	6188	2197	124446	6156	1915	6132	6154	6159	6707	6208	6166	6157	6137	1632	3921	6439	3851	6203	3860	6227	6201	6169	6124	441951	6181	6232	25915	6218	6165	100379224	6228	4666	6168	6136	6191	6147	4736	6170	3853	6235	6222	6234	6173	1937	100507303	6139
gtex__frontal_cortex_ba9__M023	3423	89801	5662	56848	770	57595	56666	3785	57455	22839	56970	9727	83394	84502	54620	283638	610	5064	23492	140730	54550	59284	3780	3984	23413	320	84687	9600	10645	58512	81563	51440	9783	29993	79085	10893	4294	1742	55643	116986	7172	56924	85352	9905	432	114804	9922	23138	10814	53358	57338	80028	5799	84446	112939	84988	50944	22941	150726	107	26012	114794	222950	10501	57524	5871	11346	156	6712	10522	441151	399668	51341	286077	23109	57596	23466	5463	1850	388228	220164	83482	91608	8447	8396	113523639	101929748
gtex__frontal_cortex_ba9__M024	5081	30845	65055	9891	26034	3595	1114	55118	4744	128674	340554	4948	11075	7464	6456	114815	8506	5493	170685	23157	79000	83448	23108	6860	9201	112609	10716	53826	57559	149111	6622	84870	6327	81615	6014	25859	134353	23057	64084	1780	9715	54769	283209	5979	4130	57611	4884	57687	326624	402117	246330	5122	400224	283576	6752	64388	2567	345557	4978	6586	645974	255275	113146	255022	84871	340529	129293	6585	54914	165679	6262	9722	387804	64283	134111	55714	390616	440132	728084	54551	4747	283267
gtex__frontal_cortex_ba9__M025	5704	5685	2665	6602	114049	54187	3326	51493	5706	5700	5687	5688	116092	2617	26608	79009	10539	8030	54940	2483	10094	1716	10213	10575	27101	103910	56943	10987	10237	10102	88745	55831	6629	51234	5682	55837	10621	7818	10001	1022	55122	9128	6741	81631	51651	5686	64326	3608	58477	83939	908	54107	28989	9446	8872	6728	10694	5692	112950	5701	124801	148423	10109	6184	26354	7884	509	10576	51031	83877	5036	26156	5481	51126	54931	54968	6478	3838	10946	51441	112970	1460	11331
gtex__frontal_cortex_ba9__M026	26993	114879	27122	5134	37	2271	4637	1471	27344	10166	3299	65990	79006	2068	208	27113	10430	573	5216	54757	57606	8869	515	8704	2309	5533	4035	90203	2868	92675	55321	4357	4430	1854	83855	54958	80758	9775	3068	2987	165257	3486	56257	122416	123803	5745	10603	11282	51375	55897	348093	29123	2495	5867	284004	11337	51282	53342	254102	741	3725	283989	388323	389084	91689	90135	10509	122622	5034	6613	4326	149345	55851	727800	439994	643988	100505771	441094	100137049	100507588	115804232
gtex__frontal_cortex_ba9__M027	3674	3735	55633	1739	6604	2775	51290	7738	79038	22981	9371	6810	168391	10531	2762	2030	81562	6801	79814	10000	23266	5918	7347	4301	59335	5119	23208	90627	11250	22822	287	8573	56776	9191	1827	11102	51725	55662	123606	883	9435	140775	161779	10336	127602	128486	6709	340578	91750	28638	107986618	343171	400456	56138	399959	101927943	100506286	102723099	55056
gtex__frontal_cortex_ba9__M028	3927	23035	10659	26999	5165	3632	1620	25799	57613	3797	6942	23543	150379	64781	11154	80331	412	23322	2822	5528	22848	4209	57670	65244	4248	1729	83636	51761	377	9475	80206	26056	114795	1039	81577	30811	3321	9213	7162	51059	460	23552	5603	26168	651746	3360	22853	84302	55342	8945	7275	123355	7798	164832	147179	253152	283985	9807	55030	100506127	57463	10718	4137	149297	3064	146923	56143	79680	112268276	56097	5297	100507421	100131691	30837	645485
gtex__frontal_cortex_ba9__M029	53616	1008	5874	2983	7224	29953	1005	54749	5775	26575	157	5634	7991	22849	79864	8745	2744	9917	6785	9194	51209	23767	59353	79589	10154	8999	2044	134829	57689	283078	79668	23171	284161	2334	284611	151742	4889	90161	5581	257194	140733	286205	22843	200407	266812	401474	2918	151963	6546	3786	54622	5071	345079	4674	63939	57181	344787	81553	23230	801	347731	5534	101929680	10687	257068	729082	102724934	100505576	147670	140883
gtex__frontal_cortex_ba9__M030	11188	10147	8943	5526	9605	55184	6548	339665	8563	27352	83746	5875	64428	54938	51343	9266	55665	81855	1801	10612	55626	7709	80212	23163	2686	10514	3508	10868	23162	64755	54849	127829	23066	1609	84895	54805	81928	10570	64210	118813	5261	55229	91544	55324	899	63891	284339	21	26000	10869	9854	63893	54681	196403	727957	5600	79955	2175	57799	9853	6257	7407	25851	414918	10921	81890	84461	64601
gtex__frontal_cortex_ba9__M031	54879	25900	1495	728464	22933	5423	114880	54997	51530	9524	171568	2717	79784	54462	9927	3964	6185	57179	8409	2791	10739	9732	6627	10228	56267	50488	5792	1939	8476	775	5521	159091	4724	26995	27247	11214	84669	55006	55871	132884	79703	80227	146691	253314	2130	5719	56901	4673	6829	56114	57232	441869	644873	729013	162972	27246
gtex__frontal_cortex_ba9__M032	115703	64847	211	2896	5606	6307	55761	24140	25996	369	55280	9675	55697	64788	6449	29062	24146	7511	5608	1665	329	7265	5096	1181	10625	3155	1509	51604	54487	1315	3949	55177	471	79034	50808	51524	7108	9871	23589	3192	9653	79053	29800	622	51246	51271	382	3185	53838	10978	1717	51574	2290	124842	716	8241	339448	57665
gtex__frontal_cortex_ba9__M033	6863	1750	10178	23026	5744	140679	2742	1749	26468	4883	6869	1746	2834	1135	30010	2571	6754	85397	2572	11249	1745	80852	201780	1404	7432	3358	121551	79750	115827	55203	80309	23426	57369	221833	6866	4645	956	56884	5865	7881	794	170261	56675	6092	375567	57565	116443	114786	283514	100131390	392617	642597	101927590	442213	654790	105376541
gtex__frontal_cortex_ba9__M034	7092	1496	22978	3881	10842	7306	79829	84830	150572	55259	3872	23175	54874	83478	6843	285150	79096	4684	8707	200879	6010	150365	1816	9723	387357	541471	2673	116437	101927406	144920	100129620	102723817	729178	100996342	101929066	152742	389332	105378083	1602	503639
gtex__frontal_cortex_ba9__M035	8668	1153	6598	1120	6430	2091	56917	5425	4790	51166	4598	64960	8189	64792	547	746	9550	670	54939	55840	10480	220064	7381	4817	51368	25837	4696	9973	3177	125144	25970	4869	11257	11248	10801	7625	23275	170622	348262	100131801	100506421	100287482
gtex__frontal_cortex_ba9__M036	8635	286	79567	23101	6515	26528	23140	57605	6305	328	2245	23295	23046	57706	23244	23352	170463	23199	56907	9743	54816	57521	23038	65123	22838	57502	3798	8888	8682	8509	79095	9915	10534	57674	5426	9659	752	54331	26280	8831	50618	23636	85358	5591
gtex__frontal_cortex_ba9__M037	10908	8440	55741	9463	4924	9784	56912	26094	10799	128637	9513	375775	25926	23558	196441	84811	66000	79705	129831	79831	23648	56896	4720	5710	131076	55260	81570	10482	10380	7203	23203	118490	203190	10587	1616	64288	80725	340591
gtex__frontal_cortex_ba9__M038	114881	4057	3074	60343	6389	4034	410	64743	6625	57130	80279	2648	4192	49856	252839	79033	79630	10400	112483	113230	222229	26872	146705	1938	83985	56834	2894	6840	54963	390595	100505573
gtex__frontal_cortex_ba9__M039	4293	5475	6547	83988	23349	51299	2847	64101	9315	84276	9515	140767	91977	63974	55530	2596	284716	3768	256714	340542	149175	55924	81706	157574	100271715	728192	56936	105372097
gtex__frontal_cortex_ba9__M040	54475	7879	57562	2070	23007	10396	56261	10422	261734	9958	50649	84294	79980	79961	64320	138311	783	375484	598	5091	286499	128989	153768	57697	6046	8637
gtex__frontal_cortex_ba9__M041	9690	23633	5431	23534	7158	372	23185	8453	81566	11044	29102	23276	9887	387338	27042	517	11143	23392	85403	10525	375056	554226	9221	25820	3376	57541	22887
gtex__frontal_cortex_ba9__M042	4649	8672	4140	23348	23527	51555	79906	2058	23362	116328	166614	388403	18	5142	257240	2844	139735	9293	121456
gtex__frontal_cortex_ba9__M043	64429	5476	23609	11266	79175	92	83732	1736	6885	55132	79932	81608	143098	10600	118424	23514	80323	1677	1503	153129	56478	6120	57708	1556
gtex__frontal_cortex_ba9__M044	493	8621	2011	23368	8761	22870	9343	1108	5768	79109	79903	84905	54862	55226	22980	90678	92211	93185	80128	2801	9814	54870	84243	101752399	441666
gtex__frontal_cortex_ba9__M045	23077	23338	114800	1795	51652	51307	84440	9649	9061	1012	5170	3742	9425	4204	56980	283450	389072	401190	374383	1121	56098	349152
gtex__frontal_cortex_ba9__M046	653702	144581	284393	220717	644972	6174	389435	729402	645441	647276	145767	2497	728658	326310	100131863	388363	729998
gtex__frontal_cortex_ba9__M047	8284	8653	7544	27328	8287	6192	9087	22829	83869	7404	9086	7503	121676924	286554	246126	352887	5616
gtex__hippocampus__M000	3075	2729	889	57679	843	6542	5965	3980	10943	163	57157	5048	9043	6482	7812	1185	26993	54476	5286	1634	9604	10463	9782	27032	4719	211	355	5583	55591	51306	8498	56052	2530	5981	27430	9765	54165	57492	6307	3909	51742	10806	23095	23224	10827	23118	58508	23369	10758	5318	11178	10787	10188	124925	3029	5378	10203	3843	1606	23536	23216	6602	27107	4756	7813	5315	7158	7216	221395	10060	10681	10640	8440	23161	54556	26528	51109	64398	2011	23291	10335	8907	80216	6605	6480	1207	55205	27332	9462	55973	25930	83992	7155	4660	2975	23032	2782	9452	5108	9139	7145	8556	3835	8671	6595	57092	55218	8555	55322	905	7514	57226	3842	22894	56910	966	9522	57531	5243	23259	2060	79796	51593	55239	339175	8570	9762	84678	57655	23193	57062	29888	2802	2734	27327	23256	55632	51430	4436	4214	7738	79956	4650	4670	5442	29801	4809	10521	27352	6767	2033	54207	10419	10598	3705	5494	6430	1983	89932	9252	57680	5687	1477	81502	23347	55125	6907	10735	2332	5230	54602	22862	5257	10204	83752	80777	83693	26048	408050	23062	4150	79719	10391	8925	123263	7082	79752	4683	55284	51366	284352	79187	333	11100	5802	1954	22900	56006	4233	64327	10049	8887	2617	5803	55131	1174	54664	5425	7046	23189	23586	5599	11101	9562	8729	91452	7343	57003	6603	9267	26118	64854	8649	5602	27309	7466	1182	23321	2743	9693	7358	8882	6309	79864	10944	8496	83892	10728	65117	79611	2054	283383	55832	8078	55188	135112	9439	10767	9896	7957	9444	55754	3157	10902	23530	6678	10087	8622	9685	900	10111	6500	80006	4090	57222	10051	25852	11235	7375	8087	55081	11222	64689	4820	1981	6787	55683	25801	55704	10314	2202	2335	6772	8869	55818	23683	1615	5334	7072	4780	7840	23341	5906	55870	9181	7799	23207	59349	533	8503	387338	58155	163404	55758	79947	8609	26234	118427	6418	51552	79109	58517	10936	25940	399979	83690	8405	80218	64786	576	51193	84248	79903	57489	55975	84668	800	8034	23389	8082	11059	976	57486	466	64375	29994	10564	6780	8675	11017	8239	6745	84899	84172	6238	128637	10236	11190	8242	154796	10054	6776	3895	5908	5787	79939	23499	8910	85378	54487	5420	4698	54832	51105	6397	23383	547	6874	1786	6535	1736	4354	7317	9467	26061	9779	64145	54882	10656	64087	57343	10489	23225	8864	23277	64208	3691	9406	54739	4147	201266	23037	3612	406	81846	51669	9811	891	4212	55119	57498	3572	91768	51765	8565	25941	9415	10906	25821	577	4076	9053	2799	2752	9857	9648	26122	55681	9445	23148	28988	6426	55627	84317	152006	55667	116113	8737	9656	23787	129685	27314	6386	4750	5962	79811	102	26160	109	8884	1838	310	79800	29789	6744	9728	84888	26035	10144	55435	22872	84162	57619	79807	5925	64062	85439	81614	9990	6652	8125	49855	10099	9960	55180	5428	64784	1009	9611	9520	54828	6875	2774	55197	114876	7157	1453	57521	2064	90378	23476	29985	4782	351	5451	27005	23179	81609	5298	8394	23126	7159	8751	9898	65123	1130	9859	4931	23190	9686	85403	9039	54532	10299	9140	81555	153830	78991	54540	57583	57502	7403	27316	79648	6867	51110	29967	9166	4915	54886	23412	221074	6935	92211	2746	120	80313	25891	84364	4684	10525	143098	23284	22948	134145	121551	9223	152485	1909	54842	80014	667	114908	56978	7402	9453	51351	5352	25909	6328	50807	25827	80790	9320	1105	84897	55740	728577	4685	9989	55529	51633	55326	55027	23367	9337	65062	3798	91748	145483	25921	60685	23522	5261	6529	4643	10311	1859	257397	445815	84465	55179	26053	137964	51735	54461	94104	6651	1827	23515	9813	6002	27433	55585	222236	199746	6427	91010	1973	81570	51727	3716	11080	148423	10092	93185	5824	148362	1520	6944	55249	64343	57018	7871	57406	64419	151613	59343	10424	80335	79884	90826	202151	153733	167153	23366	54329	1508	5828	5885	114788	23353	55074	501	81034	55342	538	143279	9147	509	7417	7248	55088	79101	255394	8945	55323	9318	23300	8509	7184	144100	9665	64400	84064	51755	6786	54815	114823	7775	21	23524	55209	55788	359948	3800	3660	11273	6774	56947	23099	25942	6383	196074	7798	6091	163590	10477	55031	57148	4862	5272	11214	79145	81831	3752	171023	2110	22883	2186	55729	23261	2628	4300	5728	51030	54205	9854	54971	22992	111	2804	5797	27333	8722	389524	6124	10260	148808	55167	90806	124152	6731	201626	1488	10025	9776	9807	25914	254531	205717	54503	80205	347862	11253	253461	7182	79718	3725	25945	4291	5339	114798	221294	23241	91663	374986	23513	25994	91351	9625	10193	2131	338707	6304	221178	23705	161	158358	9284	5504	155435	26985	2157	80233	9899	6667	89782	55599	23299	54103	10623	4675	257106	114826	4673	7874	5359	57186	375743	340277	339287	120892	26155	23450	54510	284697	84458	29068	399687	6925	150472	2316	307	51108	388566	1778	5094	5718	10438	79027	6584	26037	197342	8733	4641	51135	57209	54870	5178	444	83699	285989	10920	27347	11179	51714	9853	830	79065	55251	84243	55219	1616	6015	55777	7916	286144	55366	8110	9946	57194	22828	84986	5500	84461	55449	1654	388815	729852	5520	101927027	285954	101927300	554203	65010	101927621	122539212	100506930	8629	92249	284900	387521	80301	10137	645323	56112	51750	148189	23380	57597	80755	338758	100101267	57223	31	359809	6905	283755	255812	388165	440248	6648	124906262	8418	440104	80862	253039
gtex__hippocampus__M001	51056	3382	23028	3675	51573	51087	6833	10368	9912	8522	4145	5081	5725	2556	30845	112611	923	57586	9369	55655	57210	25901	10953	535	321	9172	23274	65078	5874	7038	51606	7504	4134	54477	23105	57504	5923	816	6515	55359	10076	23504	1496	6857	492	51083	6710	5423	9319	53615	5566	10290	7224	29953	23332	54825	9671	3785	29089	1781	88	273	2037	285220	3595	4986	29887	10059	23348	23368	8425	3912	51168	63967	990	1725	29911	10580	28978	200312	50487	23544	4744	23551	150379	4627	8911	23112	114088	57452	10202	22981	57446	7165	29906	1478	83692	2245	8428	2254	50855	55512	1428	23420	51760	23359	171177	793	7991	6511	898	478	9545	3780	54555	2901	4967	7472	6804	8976	7036	27075	54927	57582	8395	20	1855	10367	81621	64077	28964	40	79132	1949	54940	8821	55291	3263	65981	10645	2784	56994	57150	4988	6722	10307	90249	84100	27136	50512	6508	7781	29959	3676	5136	6869	8808	80146	10494	2043	6146	26038	271	79814	23046	127700	84618	4751	57488	57558	6785	103910	5918	4702	54812	53335	30819	1394	2185	2170	57179	127495	644150	57213	51209	9217	10617	696	6204	6903	9208	2892	6253	3704	10893	826	84063	9143	57622	57168	25775	2847	92521	3746	83448	79057	51337	4301	445	139728	1327	7187	3748	23108	10514	54496	6754	6860	1131	5287	9201	55859	84250	28992	66035	9645	23508	10468	53	84900	112609	2045	2583	23416	29109	80326	80727	10716	2572	9568	347252	63027	7172	81796	23005	3706	6229	84665	29081	10152	83478	55752	85352	283358	282809	9815	10150	145226	7168	80000	29919	50488	147381	773	30811	10055	59283	402665	5567	6016	375	64969	11249	8502	57624	57574	285150	9515	287	8001	635	57451	134829	58527	221935	113130	55262	1392	26267	6130	114789	818	9118	83723	8448	130576	1740	775	143187	6999	498	53354	115827	163175	84959	2849	129684	55361	2890	134353	116442	9508	3788	57497	6750	9797	6854	3084	55799	3763	90139	9478	116987	388591	387509	3745	130617	3362	146206	54020	8888	7757	136227	51149	1857	80178	2785	199990	79762	51127	347730	3754	4760	23001	54859	94032	132160	132332	154075	348980	63974	222962	55656	79698	65268	51084	221154	89890	5979	26012	26287	3747	112937	84936	654429	79803	5579	89927	10982	125336	146713	25818	10476	3761	2675	3354	5865	10636	114787	9079	84894	51621	23414	7532	285596	91752	222008	79697	164832	283455	8941	8507	57449	85442	146	11346	10605	8708	408263	10125	283985	23491	10777	144195	1600	81033	57495	253959	170261	158038	11041	9610	10897	155185	22843	131408	56675	5122	339344	163126	84277	284424	4062	5426	6330	29928	266812	79751	9332	387856	26251	3350	63973	84987	9242	399668	400126	220202	22864	401097	7054	400120	85453	6752	374860	389362	27319	64388	23760	23109	5912	54112	3739	2567	8905	50801	4692	9312	55794	345557	50614	2130	64478	125111	147372	284656	407738	9241	4978	6586	645974	8303	4753	57419	266722	10336	54014	399947	56479	339983	127602	146760	84871	338557	340529	2558	4674	139599	6585	23270	2563	391013	29978	84570	344838	149297	23708	2917	131034	55190	165679	8912	57473	961	343990	160	644596	8270	140688	400591	171392	57799	163059	57565	222662	9228	337876	340578	6262	338811	112970	3897	221002	9722	57692	134548	221424	340543	728215	440894	653316	440145	101928906	10921	220164	645426	339263	2532	10962	2086	442325	8906	51400	55384	256223	353149	285696	134111	283514	100131390	84561	378881	118460	347549	285878	729467	105373377	400765	440823	389634	100133123	91149	386597	643837	642345	100996635	112268276	100506274	389895	728730	389813	150786	339260	102723817	101926913	440896	101928537	100132891	390616	84968	105371574	101929021	100131213	1159	101927609	257068	101927494	101929238	728591	161497	400456	100996385	104310351	100506465	25907	642797	91948	85358	441046	157627	100507341	100130155	54551	55845	101927708	400046	729911	101927751	105371240	343702	119545627	100507050	83482	100505576	284276	284408	105371899	101927151	400622	56936	375196	152217	123706512	283483	100130705	26220	2904	112441426	389856	390660	101928991	110806277	641467	283267	401442	105374338	105372079	729732	112694756	105377727	101929748	101928737	122319436	106660612	100131998	645700	286042	729375	645784	554236	440934	138649	121456	105373383	11191
gtex__hippocampus__M002	23072	8379	55750	57787	6853	5310	23221	51085	25900	22955	8193	823	10771	23386	2554	57476	9519	286	9099	27067	55885	10659	23518	114800	5218	493	1001	51768	10347	55711	6882	3735	9892	7089	25791	2009	89795	2182	10235	8514	490	6196	54847	10129	4905	5522	11343	8672	22920	7163	4133	9063	54715	7419	27098	22999	4208	93664	23136	4779	23085	5026	2017	22996	55054	2775	2036	22895	29965	8646	8761	4897	1738	23335	139596	23031	9681	9701	6305	5816	79734	5372	7443	57820	80344	79133	9371	128866	140679	56853	8715	9016	7355	79758	5595	65009	79791	8120	23312	3646	4741	22870	10775	79784	8775	64748	30000	6324	2931	2887	9678	51422	26468	22949	64420	1993	2889	11196	5532	9211	55626	5985	23329	2026	9847	1911	1303	9750	221692	221662	51596	84498	2030	2566	1627	523	23007	2820	9784	23301	8604	57535	9829	9887	252839	3964	10000	57576	56181	27145	1268	84251	7347	57539	80212	57706	9870	56243	51307	22865	83637	11130	11113	540	3787	2914	55809	23163	60386	8189	80025	6487	3831	55288	23352	7277	1123	2571	5682	58986	6861	1804	84705	170463	10439	10298	23345	23229	23199	83636	23167	1742	10621	9826	10810	4628	10313	9215	116988	91298	10752	56907	79022	284252	9698	1837	747	22873	6733	27165	10956	85021	80003	85397	80210	50649	23143	4008	1607	2058	3590	7280	440279	51103	56924	10579	403	6775	23162	11001	1012	1213	494470	3899	57282	151126	23066	115286	2044	6622	817	285533	1016	5295	1404	5066	2561	54438	26230	357	55869	8473	3358	54904	55638	340419	84294	8525	79096	5058	84866	22866	151242	3708	7068	10873	2555	29970	130733	55521	9412	5801	51571	5789	116150	7070	84033	8470	56934	285172	90550	3778	27020	137970	491	9069	776	3815	9162	64897	26100	79623	23382	4681	2039	84134	57685	283748	9114	55108	23387	10712	9684	25946	57465	1996	343450	3760	80128	2199	23122	8618	132204	78987	51304	64769	5437	8314	50650	133308	79012	10393	4338	2898	285613	25879	145567	783	11245	10576	717	80063	9640	23582	2801	112476	784	10501	125488	23255	9677	27065	7386	126129	10073	7360	1501	166614	5209	27258	5223	59350	10243	83660	54221	26960	79625	10534	6712	26047	582	6138	51319	170506	9537	79772	57628	9699	9240	157807	7156	140461	9659	57184	4351	127254	10472	727957	9378	66004	64928	5179	785	23236	7267	6000	9112	5877	388121	84319	5587	254887	5142	138046	5413	56478	79135	752	6092	56899	8558	5071	26013	257240	220107	54331	27445	23040	84981	4137	375612	26059	54914	5649	23254	64218	51466	1612	6334	8831	104	3064	55753	10242	955	6709	28512	26052	10479	10497	9055	26095	6499	2550	414918	23636	81890	100996307	64506	400954	441204	440270	100128264	642852	100505996	100506714	768097	100132948	101927590	101927502	105373390	56134	728084	101929423	255167	100507043	27239	56110	399959	254559	100506844	100506411	103344931	83593	100505761	105372703	101929130	101927278	105377294	84820	107985911	100289656	100132341	118433	102724316	442523	64940	654466	79986
gtex__hippocampus__M003	22875	1080	10165	25998	3920	221	9855	53616	6856	10747	51533	54443	933	11183	5010	9961	1663	9716	26009	9440	3309	4052	1112	57475	57458	8975	51564	4804	91526	5588	83641	57609	64834	2263	23250	57217	57560	4040	23446	54916	28513	54820	5151	51175	285527	5337	1739	4292	88455	4162	9138	55331	5663	1371	4036	2932	11342	91746	6579	4799	2346	5027	51433	84196	55763	7018	57556	117584	201294	9209	23555	26088	24144	6663	55007	9517	10110	54941	56062	51090	79726	653390	9738	10397	4125	4924	7297	4099	3249	7091	51104	3988	23185	23232	443	117246	9144	4355	30850	152503	9379	22897	5002	80018	2444	387119	26054	4124	83697	57396	51421	23150	6242	55120	80303	6801	64766	58480	54856	5129	8289	1509	23120	6446	6696	23307	8013	64225	79886	79817	11155	55234	3164	23326	89845	745	2354	24139	4821	2864	3306	26030	2123	5648	7103	30817	23030	3092	9514	11135	6035	23149	11046	5638	55037	5791	5158	55748	272	9363	79899	4193	4752	57471	1318	5168	4926	9635	51196	8549	51228	11226	122060	5046	124404	9905	4864	11322	94015	8612	29956	79573	151050	29926	8893	9586	64599	80005	9705	84909	27315	23052	92105	26007	9651	10435	220108	85458	5305	121601	25780	4929	154043	140890	54149	5137	63895	114907	57798	26119	54933	57477	56946	85414	115992	23308	23181	124222	7542	467	92291	7855	55356	23429	323	27152	55314	3673	221458	222223	55503	220972	1073	8559	79789	116173	2200	6764	162681	4088	51704	64772	5653	283987	3516	753	23214	79628	2705	10015	10826	79905	6773	2861	9788	541468	4815	4118	57571	348938	5970	10655	1267	7368	81490	65108	9134	145270	10301	285800	11145	4642	391	10425	23283	285668	5198	160335	128218	5781	64856	285908	1104	253832	118442	79813	55666	286826	6900	162239	9968	9146	4582	399694	105	57711	114792	342035	151011	53373	55182	400673	8632	1287	51114	9679	6536	4122	100	199704	23061	3792	258010	9745	5365	57165	1756	9848	1378	554279	154442	124900275	780	11138	4340	643965	5150	642394	503637	1454	10379	26140	768206	401022	101410535	387486	100507540	284835	104355426	100505774	101927084	100288428	100287225	100128675	101927768	100507336	107984948	8847	144448	101928231	101929302	100873947	117751736	100996590	100271702	441869	101101772	101929467	100272228	154092	439949	101927641	101927152	285286	727956	347689	55861	386627	101929402	101927233	255187	6414	100499177	101929709	100507377	101927459	286186	283335	101101773	90799	283547	283710	283887	100507218	400617	149013	80039	338328	102724859	724102	101930276	124901632	340090	728158	387590	400322	107984974	728448	339483	347918	503639	283693	503638
gtex__hippocampus__M004	51666	4057	5238	1355	23584	6683	3298	29781	578	57554	27175	7204	3937	1495	64848	116984	1356	57545	23327	84321	3757	57095	51660	2817	5141	7030	2046	87	4171	56666	57103	114880	22839	1741	29093	23033	5550	56970	5744	7066	55862	54566	10044	7093	11332	513	283638	421	23543	171568	51199	6547	80331	55738	64743	6594	11040	6102	54457	23295	9688	56942	54985	2068	4946	7087	56917	5518	6742	56913	80709	7016	8777	320	54462	10531	51195	23125	51003	10014	4717	3083	8567	84867	7164	23195	1007	4968	9381	2888	3554	3241	22848	27101	3749	4209	81563	81849	23266	23215	25949	894	9615	2891	78996	5153	64756	29078	9643	55653	88745	9521	55715	5582	117154	9732	64753	57153	51295	5589	57631	376497	51690	84929	84326	6249	529	51659	2161	4695	1729	54991	5176	23480	27183	23164	113828	84626	6272	51303	85019	56	92558	167691	6885	3679	5570	10505	26056	274	570	113220	90871	51754	25844	3159	56965	56267	3795	9360	8499	6636	122953	9785	23174	8631	3607	114783	3339	5792	1580	5686	1952	55827	55061	8476	22874	130497	84874	8446	151313	23671	151835	90113	6715	25816	8573	79742	90060	26260	55630	80142	90678	9919	220965	23082	54805	283212	149986	53942	288	129787	5800	387923	26278	5796	153478	925	80309	5529	404550	2551	65258	83873	122402	5097	5521	78994	3361	84262	8764	83850	222068	124044	7484	8867	221188	1487	808	56894	5116	126526	4061	4796	60680	4116	54587	114548	129285	128308	134	8833	84448	1849	10085	734	364	120114	161436	11092	9188	56339	55800	322	81832	57494	65084	222950	51117	57611	80700	124935	146664	25837	26580	6520	4992	29091	2915	5650	25849	7480	9229	195814	2845	253782	171024	55871	7388	79703	3267	162466	488	400073	246330	25855	388611	627	374819	284119	51046	222183	253639	389072	8225	27132	284485	124989	199720	400410	389197	575	55344	128553	50863	389075	18	84536	51428	54039	441061	150209	51807	149563	401145	340542	146198	10519	283643	200942	130355	283149	221491	79955	387978	349136	342977	54932	22953	729262	137392	345222	401994	728661	90835	6829	8464	8295	9612	60312	4763	64771	57730	9260	85379	6714	147906	4644	10533	6147	51062	339541	109729141	387103	387066	653308	83849	10471	50854	730051	80742	57540	1639	56114	400553	100506731	387804	101927905	100505696	9842	101929407	50652	56967	105372971	105376736	105370670	102723508	100506527	107985040	389023	100505635	342918	100507261	101928335	154790	100132273	102723430	115557	4831	64968	9054	85014	152206	284080	100506668	4671	374887	100144602	162972	101928416	283624	102724814	100130855	79178	107984813	100507588	101928736	9236	92002	105371735	100505797	400657	27246	100129195	79917	440896	79893	145783	100129223	124900774	84726	90499	641977	114814
gtex__hippocampus__M005	5976	5577	55904	5164	3475	27072	60528	8938	8798	54902	9066	2137	51177	9774	81037	25771	84957	5188	30	55633	55593	56850	10294	440	6949	114049	55117	6720	8301	8726	6717	4140	9733	79960	2192	10529	83737	8569	3991	2222	65985	84273	3030	55624	56605	4313	2778	1795	2521	55072	54822	988	1153	27037	89781	1727	4174	8897	5905	394	24148	26164	1457	10483	9097	5358	5931	84061	5935	3299	80152	7329	6923	3163	1512	25963	23484	427	1891	1209	166	2821	9253	374882	5296	1124	727	54926	55149	9570	1819	9343	7531	26151	57620	54414	26273	975	2965	9761	51699	22818	50813	55003	59084	55819	9555	8992	80315	3836	55186	7029	27429	22930	6432	7341	51463	6513	57035	6794	1385	81573	9330	2733	51004	3433	4601	11193	64374	10174	79712	1314	11335	29960	10102	2181	27304	23408	7913	583	22890	8021	3188	51309	64768	1892	10651	1854	9526	9070	9667	51429	51250	83861	10585	7776	4037	8500	10948	26057	3021	5786	57511	23075	3295	11161	51241	79768	10717	51535	57614	84991	57231	967	54806	84284	65080	9654	11137	9882	83605	10241	6434	64844	10730	670	96764	54839	9411	8634	87178	9581	80204	10128	84896	51008	9908	1950	1848	7786	55716	7009	4857	123041	3801	89941	8533	55275	6904	54808	5366	91039	757	10498	51070	23038	2029	805	6323	57552	30011	5631	50814	7013	6129	92170	4863	55768	1456	9472	2132	2059	79668	7073	5213	22878	518	10670	92370	3098	9941	8450	3141	5763	284348	4047	54784	8878	5701	113026	64123	127002	150962	7048	23350	54585	55764	7086	26269	55255	7534	26130	7415	23172	57447	83700	27079	143570	7702	567	2923	4218	2879	148137	10653	90522	6730	5871	7266	8754	93380	83640	64118	83443	1107	9283	51013	55144	5356	115196	83452	1072	78988	65059	51134	57674	23333	128439	55055	125988	125144	64770	10458	63893	126792	1479	55254	6197	64110	125170	3766	54681	79415	7284	23302	22928	221687	53637	404093	100287171	81532	10159	23265	3838	2842	56941	64061	387263	55015	64754	5833	23621	613	28986	148398	94107	116224	284677	25920	23036	9516	83862	90321	1604	100289635	51434	100129858	84435	56882	6120	6687	9019	140885	26275	27300	439	7405	158586	11321	124930	4976	6263	64423	128387	286411	7936	79600	644096	149837	6643	54458	8292	7247	3672	678655	728190	100130417	401398	439994	101060691	378805	84973	728431	100506421	90271	100506866	6173	23600	8420	9907	7268	84450	10443	100289274	100508120	552889	26065	29890	105371423	339290	9939	100287932	728841	84740	102723582	105375519	100846978	100506207	5380	57234
gtex__hippocampus__M006	90529	51364	9244	9940	11313	4593	79645	729	3371	8538	1829	60529	954	28968	1117	5590	5774	10610	2736	9620	9576	139212	5990	26074	24137	3568	27285	53904	114327	4773	55815	4948	93233	828	79846	8701	79989	165	169792	218	8714	2348	23086	5450	1610	5992	345895	4117	2070	1809	84223	1768	3769	116444	10969	8643	55259	79747	4602	56171	159686	80129	27019	3598	164781	343578	81578	64518	284800	5858	26150	222256	2302	7137	341883	26166	59352	161003	84332	948	26298	84073	401551	26206	83894	5547	23213	7225	85016	23650	130752	55329	2201	319089	122481	80125	56964	91807	90506	6563	55036	201456	79258	114827	163479	56956	6097	7483	4867	51281	1295	83853	10788	60494	89944	4143	374618	26353	79925	133690	200132	79819	651	160492	153643	339145	123872	25890	146857	130540	200162	118491	161502	93190	54768	150082	92749	91544	199221	375307	55567	127731	80274	84229	55282	89765	54058	286207	149499	93099	9903	254173	127795	126820	284525	128153	130162	150483	132671	152110	285025	79411	151651	200844	348807	166929	133923	154865	136288	91147	1365	219681	220963	144455	79841	146562	146845	80095	352909	83659	220001	54986	83657	200403	123355	55130	150248	169044	145957	341019	55561	64446	83450	220136	257236	339778	162333	128344	169166	201625	146177	196996	56673	80122	7050	79191	648987	440836	220388	144809	347088	146802	255101	160777	399949	89876	100288072	150147	646851	100130771	285600	496	123264	66002	10345	4051	387885	440585	138428	389118	374407	550631	400891	375298	389799	144535	257177	1364	399948	150737	401124	3482	341676	64078	1288	196385	80217	100499483	255119	54830	9182	642574	92565	400757	80736	100507244	138255	79583	441054	153657	100128788	402160	389161	283673	25790	1396	153684	730112	100287898	128266846	92340	728763	102725191	101927441	100506885	389333	100287718	101927354	100131814	91548	107986809	3120	643596	79940	105378916	400618	101929374	112268411	414245	150142	100996570	101927248	101928085	101927056	391123	642819	149465	100131176	80086	255130	643911	642924	644192	100505894	283152	100505875	221409	57604	100507487	101927565	100288001	196475	161582	283948	145694	147429	101927288	400612	100506779	246176	154313	107986100	158434	101928087	105371267	124906280	101929355	440905	107984270	107985177	101929006	349152	100132057	646168
gtex__hippocampus__M007	81887	55471	55610	56928	7095	51603	55727	51096	58525	55703	22902	25960	11136	2273	51071	5452	84245	259282	57120	89801	63933	23223	57602	9474	29927	4659	65125	10838	22998	50937	55176	4287	9950	387	27248	5597	5217	9948	79658	5743	60	5289	9984	1653	9817	10847	9689	10464	57613	8895	51194	8898	5829	10961	53827	16	9878	25861	51322	387680	23523	5836	10175	51382	23002	79882	23613	8480	28231	23509	79868	51566	81617	26512	10664	79650	29070	9100	5934	57020	9810	54332	55156	10848	6217	11112	23242	835	95681	4232	57589	59338	657	9644	8453	55163	4927	2145	5573	7323	11275	29118	3312	1982	4891	4048	57122	11052	4172	60682	79770	5917	55171	604	57088	51555	64895	23451	84812	3069	151393	9167	5000	1386	4139	6738	9588	4297	22926	9331	9414	55127	10808	23435	5395	23091	57380	83732	56261	4149	64430	23065	5322	10142	813	3712	91860	3609	57509	112487	25938	55274	26290	81	25814	57693	10328	64432	6533	2874	123811	83857	22800	80017	1965	84722	91408	29015	26519	7174	3703	55312	9413	81689	51347	60561	51317	7024	79786	54583	9805	10868	54840	6194	54536	81556	23710	144402	347902	65082	5045	84656	221184	3454	115704	473	54499	55793	7170	2590	91653	93627	6567	54212	80013	6251	26091	118924	10658	6188	472	84159	54545	120379	64067	57724	134359	133686	23171	24138	1601	60592	1070	54463	201134	388650	118813	10813	7804	84919	56990	10020	6285	103	29127	51005	6159	27185	10602	132789	64320	23114	25871	5783	9861	113444	308	84135	23514	221656	84720	259217	124491	54386	6778	6809	79837	1632	7439	254778	7336	8706	9839	7555	2720	84437	883	26156	1657	54625	254102	5091	6777	10209	163049	253827	3981	3177	4023	84747	116068	7525	153129	7334	25915	147991	90411	284406	7485	9798	6472	22906	83698	9802	493753	389677	114781	23258	9276	3714	23768	54622	10933	7058	3840	11118	3638	339327	201181	284434	2963	130612	9729	5478	57573	54413	2547	55660	3066	51321	92070	613037	987	23116	169981	90233	6992	83538	65986	131118	10866	338799	81856	11116	51024	729515	100505876	221710	401260	728558	7726	23761	283104	283731	7703	102724488	105369154	352954	2630
gtex__hippocampus__M008	55013	5244	6863	3720	7869	8284	1774	11285	65056	57143	8625	11218	51167	10565	79364	26986	83642	200081	22911	27292	51720	55760	3189	8220	11015	10490	26133	958	10732	5332	10398	25939	79863	10857	340554	51260	1203	55192	6422	3191	54938	51231	5764	64598	9275	4969	219699	219771	4126	867	23074	51147	26127	55856	55914	730	23107	150465	550	79954	6342	10745	7292	22868	56252	57862	54937	90203	57580	8970	57187	11034	6629	55321	4435	7979	57464	56984	1032	25983	55695	126299	7376	8799	5901	85013	2926	3508	842	10208	79921	3939	84950	9704	11095	3178	6610	1660	91875	26750	9128	51332	51626	11117	1558	22891	4704	122830	54925	8844	51651	432	57645	9711	154214	11011	7552	84131	10284	132321	57700	6868	55835	130074	253635	83734	79888	55286	522	23097	133383	55093	9372	4599	9753	64760	23076	23218	7627	79656	55083	151354	79677	115677	56203	200185	22950	4043	26043	9255	51385	25886	4085	11157	4724	55335	4712	10910	220296	119032	4130	10999	7644	3921	54899	23192	157638	2948	80723	126669	79724	201931	10491	55038	27094	29071	93426	23023	80011	26472	257364	400986	9024	253982	85007	51642	116028	7694	441951	284241	414235	6635	7325	100506504	10766	390664	169611	3858	10507	125704	199777	5770	54834	162993	5253	85236	2710	619208	80737	401535	7917	79958	79037	6235	147699	8718	51025	107985228	643749	729993	9884	158	280	1650	401172	100287944	401612	105372097	100129550	101243555
gtex__hippocampus__M009	4267	3683	85477	6401	80342	23166	695	5329	7305	240	9052	7454	6556	972	960	4481	822	6916	8531	10797	8832	6688	6813	3566	54518	5788	7462	29760	1390	2872	5008	27128	4689	3055	366	951	259307	10859	3718	5294	22797	79974	944	81704	56606	64231	51338	3587	10114	5777	8875	9450	942	9595	9173	8942	4688	80231	54440	3624	64333	3071	1017	54210	1026	54436	10257	3659	3553	22918	9002	3976	968	79651	54897	2670	241	10894	3601	1794	337867	3569	834	5330	55647	8477	7453	3394	9123	6398	4542	89790	6518	963	2212	51316	23092	6001	6768	83706	2209	64407	93589	118932	112616	162282	118788	57822	653361	56833	2207	714	29	3689	3101	10630	7805	2215	79961	27306	79626	1230	1536	122618	26253	84689	29785	3903	11314	147138	1524	3965	4204	6039	3684	116844	5031	115727	719	64581	10855	713	712	8793	64859	26996	7096	7351	8061	2810	84002	3059	23526	3579	53829	1436	222487	9021	55911	163702	10320	388512	348645	387921	284759	51284	5265	219972	5336	54863	1438	84433	2214	3122	199	7940	93035	4489	57139	10437	102724297	3115	101927070	100505566	284757	3113	643529	101929335	8771	105369147	100233209	100505994	100507639	101926904	5820	401134	107986412	105375743	100507144	23601	101927931	101929497	401577	2210
gtex__hippocampus__M010	8913	637	5733	140689	10979	26034	108	117	4983	55604	1005	9843	3655	83394	57084	10633	164633	128674	4281	27328	1395	10842	6506	84830	4121	7287	7101	10279	51130	5624	3437	2834	5357	1191	1135	85320	10804	22987	79039	64377	64344	10485	155051	51764	3872	10776	1264	79781	23175	8739	9840	54843	84000	54874	658	11107	80144	54509	27133	8128	55784	94160	84958	55224	94097	152330	114884	6769	23138	90523	2823	55691	79750	56955	10160	25859	27201	57369	22854	10654	375295	4241	84059	23305	114801	9232	168667	84706	79827	4004	1381	146227	6866	7083	100505501	5368	2786	51305	1816	3777	255631	5053	361	442117	2523	11007	440556	92949	404217	151176	388394	1129	128239	255275	5453	345079	7293	375790	285180	340120	100507206	11152	54898	613212	594855	387890	150538	400619	107985820	100507254	102724900	414243	101926941	105378909	102723854	729178	121853075	387882	339400	339789	441094	101927891	645434	1325	100505676	101929544	654790	100996645	283140	152742	100874047	100192378	107986980	101929427	102724934	100996492	101926896	100996660	101927314	57636	440435	105376121	101929667	102724646	150244	100288175
gtex__hippocampus__M011	10181	5689	29954	57467	80199	8540	23187	9564	4942	2065	4638	3993	55421	56949	8871	131544	118	8655	9962	83719	10296	26277	825	1299	5684	5753	10528	8874	79152	400506	1936	6618	5438	26959	9110	9749	7942	2976	3336	5825	55719	84795	1	91614	29899	5354	60437	79072	3834	112849	56302	2318	58504	55902	163782	57578	89796	10228	3300	1593	55755	93643	118663	84260	84915	23344	105372481	10026	22823	54465	284992	1730	55086	80728	56904	871	80071	8479	57536	85445	118611	9844	64319	114793	64849	9825	4720	115584	4359	65264	873	57519	3275	219931	54987	29083	5364	80817	7559	159195	54893	114785	7171	51252	98	55191	83759	79683	375757	286262	811	80254	253190	390928	131096	100129196	84307	282973	388182	124602	9725	285971	7442	22834	170371	643008	339453	100131094	286827	51239	4207	339231	728130	2189	9179	107985246	729658	100505538	728537	102723605	122526782	121838	90673	57553	101928176	100128191	101929387	105371115	730183	101928738	284395	100270804	285796	100131320	389033	130872
gtex__hippocampus__M012	84254	4293	3423	5798	26999	2983	782	9399	22859	1400	4185	119	57662	51412	5063	3797	22924	112755	157	55964	9145	1917	6855	11075	23217	22983	5864	25789	1759	6456	26033	8506	25758	55531	10486	8745	9890	6543	57718	114818	25927	26507	23349	57468	78997	63908	80023	5126	7533	6638	23025	25830	51308	6616	51761	23281	84707	377	51361	23017	9764	6326	6812	10669	5530	9746	196500	84530	6252	376267	256586	85455	127703	149111	8497	285175	114569	774	6327	144423	7345	51560	56776	375323	23057	2134	9900	23400	138162	1141	22941	57863	8927	27012	1020	54769	57526	283209	3251	55530	2562	222865	8085	85300	84926	9796	1128	9758	51617	5581	219738	64137	26470	200407	79369	148252	8851	10409	2902	284716	8541	79605	205147	441151	80034	57463	57528	131675794	3786	256714	51286	5575	388228	345630	51155	7259	400745	388662	50861	777	801	192683	57469	84258	125113	534	5534	1159	643988	10687	23732	284615	4747
gtex__hippocampus__M013	26073	6224	51360	84679	6160	2512	5834	22850	8411	5611	29904	6142	7464	9827	8036	6143	10493	6207	10019	1337	11149	6206	51294	51639	26232	90231	9783	6230	84272	29103	6144	116138	5623	24141	25824	6237	27237	6155	6210	10220	27345	25934	85465	84934	6205	23521	83442	6135	6202	5202	6233	6161	10769	167410	84504	83643	342357	6156	115509	150946	10163	8208	55450	23379	158405	115708	5092	6157	7529	1938	51435	10791	10116	8460	57684	4761	6227	156	81876	54494	84439	6165	57118	80258	3768	6991	374920	401190	23424	148213	1995	55534	6168	4541	4513	4519	63906	4536	4540	4512	4537	4538	23137	4535	4508	6170	4514	390980	3133	284402	285636	113219467	4539	388559	163033	440829	91368	5032	23741	100507421	100287042	9554	8857	101927559	100862671	92806
gtex__hippocampus__M014	7092	55283	9340	1258	1310	5173	6445	56704	921	4985	7139	8828	653247	130399	65266	59353	8854	10631	79616	3775	1134	1280	161931	4089	55244	129804	170690	2830	285313	6503	1293	2912	4886	360	6340	4645	388753	147	196410	541471	3738	223075	4588	54072	4908	441239	387911	285780	100507308	441452	101926966	107984780	103695433	101928509	101929237	285626	101929176	101927503	105369329	644242	106456574	4701	55879	79160	100419515	64881	124903640	650368	729522	728554
gtex__hippocampus__M015	51099	168850	51528	55745	9650	6557	5527	594	54469	10558	51324	11069	3091	196	3959	26973	56890	1297	10923	5067	4691	10190	9731	3953	34	1266	2152	5955	29126	262	4552	8678	2770	8924	81533	11127	23111	7178	2949	2012	85004	1910	79739	5495	4060	25874	92906	84620	79634	7110	58477	83939	9353	55814	81545	79780	51582	64092	114803	285203	57650	201895	25898	134510	2661	84267	3190	139324	1499	3187	90693	197320	10678	23204	4534	151827	79029	9158	93550	345757	9884	283849	28970	54880	84851	50859	147923	10210	51441	259230	5699	152098	92482	100874058
gtex__hippocampus__M016	10233	1767	9627	7161	7188	8846	64799	79848	50617	1842	203	79676	135138	6711	3664	23093	63970	27296	158046	59285	84125	301	57639	80705	22801	161253	2588	11221	7162	222255	7761	283078	219670	91409	136332	80201	144406	254050	158787	3933	4000	124093	220004	25992	9447	7802	84624	158158	286464	155368	115811	143162	202051	54777	3603	90288	51126	257062	286187	256815	127003	225689	347736	64582	100652824	374977	83656	254956	728621	158798	401944	165186	128312	115948	2153	400710	56245	55779	414152	101928118	401251	401236	105371450	122149303	387723	112817	100506258	105377540	339829	101926918
gtex__hippocampus__M017	1244	8481	9603	7075	29090	25813	3420	79576	157697	4066	8985	10467	54981	8721	5730	22794	642	57606	6814	64175	80115	51691	5338	25873	25796	116983	8471	79746	5279	4259	3779	285855	4715	133	89910	117143	200014	129531	117145	6271	116225	4597	200845	154007	131616	284076	8841	51112	91647	150678	118487	5883	283951	148014	2072	112869	23141	64787	196403	2621	8302	11066	267002	402573	338657	134637	284739	79711	65992	7923	84501	100128946	10215	401089	50840	343263	91316	57002	100131434	25764	632	55052	340526	100129917	145438	105370526	100130890	84278
gtex__hippocampus__M018	51330	50619	8635	10863	1535	81671	10272	2213	55843	6507	6452	6614	5996	4708	25	6510	3036	57817	10135	27143	1440	54757	51296	29125	969	1154	6195	7852	55831	23157	718	101410538	117177	3663	27180	15	8572	219855	29923	3142	4609	3687	10261	84696	85450	10205	3606	196383	9050	5900	117289	6850	2395	2203	3576	929	54360	126014	2357	57834	51162	23269	152815	56975	4261	338773	4600	23764	284018	11006	12	3108	114769	221914	101927532	344	3109	720	127138868	103752584	284021	6349	6348	100506516	140	124909426	107986626	100132101
gtex__hippocampus__M019	64847	2139	5255	57719	22978	645	54890	7430	55168	113177	23313	4776	25876	23205	5446	217	3485	9068	9129	56937	23550	79717	341	65975	1116	694	2947	10993	1840	4907	183	284111	10256	266675	10840	54511	137872	6837	130940	9653	27295	340348	9077	91156	84818	3148	5346	207063	203245	7423	54059	286256	59307	6273	79788	342926	399818	26058	9289	101927117	100128511	101928403	100874222	101929372	8742	100874204	386758
gtex__hippocampus__M020	151531	5980	84256	65993	7760	23351	4792	8260	6901	5127	8848	4833	9355	83871	27087	6484	114971	54516	10342	1647	55700	1211	30833	10365	10452	79412	60484	55544	5025	4005	7111	6187	90580	10899	10480	124402	11079	5654	147015	83547	374875	85476	284004	58485	84331	54968	116135	126003	148641	71	120356739	84937	7390	127687	100316904	51157	284184	440078	101927021	102524628	79154	728743
gtex__hippocampus__M021	4331	3631	6894	6620	10573	25831	11020	1113	4522	11151	51172	6810	64089	2051	7965	1145	25854	57562	3736	2762	6431	9491	64792	25847	29893	2016	79969	58488	481	64708	51390	84310	25792	10361	29800	8997	84446	11282	1173	145581	64223	221749	202374	123591	23051	90637	100506127	128989	27124	5138	284338	55924	102724019	106660606	105378083
gtex__hippocampus__M022	9091	3097	23154	114879	9921	5705	51637	51206	2280	22861	51310	55245	3356	55697	54662	27339	10612	506	7167	79033	60526	5524	55791	84266	10131	286336	261734	3184	122616	7090	7385	92579	6455	56623	738	23648	127262	57732	118424	126321	622	160622	51368	10559	116328	23423	3308	10540	55884	374786	2885	100506380	7378	64409	2812	348262	101927554	100189589	10552	100506365	6880	1556
gtex__hippocampus__M023	6540	2896	84067	5837	7037	51006	80271	113278	6788	2022	81619	1075	41	7010	80209	8835	80760	1908	79902	196883	3949	10095	10401	4678	9314	3032	51191	64116	58516	64129	10146	196743	2313	10018	9510	4323	2078	347734	9619	84447	7412	7098	23462	84879	203190	153241	114897	196527	23580	147650	7026	2701	3376	51703	93377	26112	4855	5175	80022
gtex__hippocampus__M024	29116	8611	8243	51095	23609	25996	28962	26051	9218	2549	10988	55110	4739	56987	57134	64747	64282	152007	79269	83786	51119	65997	53947	7322	51520	1875	55654	7716	5519	663	23245	3192	81552	6566	861	10482	50651	824	79885	6522	3344	8493	257019	1198	220930	57212
gtex__hippocampus__M025	23279	6301	5891	64744	57060	1565	6650	9094	10536	7433	84080	4705	1101	401262	284312	81559	201163	266747	83858	151246	3818	54468	153579	84940	151258	201514	6051	2624	340390	220	9883	2664	444882	9311	122455337	148413	105378753	197187	100294362	105377633	29964	155060
gtex__hippocampus__M026	5662	57595	815	84502	54620	5064	140730	9751	23413	9148	10900	84687	58512	51440	23096	29993	79085	79575	146330	4294	55643	116986	10814	57338	11189	30815	50944	150726	90990	57524	170394	51341	57596	23466	1850	23396	4771	65998	9755	375057	57026	113523639
gtex__hippocampus__M027	5646	4606	1357	1158	7138	58498	4633	7134	5967	4620	1208	10136	1360	6707	196951	3848	1504	440387	2813	3851	1056	4589	3860	5617	3849	5406	4703	3852	3861	4604	4624	4151	5644	3853	4509	6234	109729181	2688	5645
gtex__hippocampus__M028	1890	27122	1471	65990	79006	573	5216	9600	10675	8704	2868	117166	4357	50632	84330	81873	2987	165257	254427	122416	5745	6881	55897	57348	94274	2495	10474	51282	53342	56888	80324	57104	51333	389084	90135	10509	142678	727800	90120	79148
gtex__hippocampus__M029	4706	139341	581	4713	1347	11315	4709	514	4694	1350	10975	4738	1349	1329	51529	27089	154791	10632	3094	4696	54998	1351	9377	81858	168544	84316	91689	4707	51079	170622	6613	4697	221786	100506392	539
gtex__hippocampus__M030	113000	55761	24140	3028	23394	10240	10227	4179	65982	5290	55509	5605	25926	55556	29889	57575	5830	5211	3707	115426	10600	9442	23623	29115	10109	10922	1503	101928287	4676	100507057	202299	124907726	84773
gtex__hippocampus__M031	10903	23644	54884	57101	51663	7629	23013	23152	10013	7249	7704	2956	6303	85441	3911	51751	57533	55646	4851	4141	80346	5187	84206	100288332	57697	401541	51399	51490	84627	100506581
gtex__hippocampus__M032	55735	9862	865	3983	1690	4168	1821	2645	30818	9473	51374	79932	7286	116841	92399	79705	5799	23355	4745	3419	8800	598	56963	8241	219348	1290	100130311	11331	51192	51275
gtex__hippocampus__M033	1195	22884	2271	7042	54868	4055	4033	5269	22863	8930	10155	79228	55858	9988	338699	220869	11269	131601	83787	84153	64170	541578	177	7918	102723775	414777
gtex__hippocampus__M034	27091	51343	56654	83937	708	80273	33	89866	7691	55425	5738	53630	6176	91782	79833	10069	8365	91869	138716	65991	653784	124751	391356	342132	107984539
gtex__hippocampus__M035	8837	2534	8544	64147	7023	402055	5889	2971	9367	7978	2258	2766	220064	81615	56172	388962	26995	197259	521	51186	54093	27233	149345	7335
gtex__hippocampus__M036	9846	28996	9448	5414	55294	2246	66008	989	400961	10749	6926	1783	4478	91369	4176	222166	8073	4303	57698	1902	254128
gtex__hippocampus__M037	54814	10147	28972	51060	7389	6627	93611	285148	80206	114804	79590	9191	6339	55220	81565	257160	53838	6902	400451	91966	6150
gtex__hippocampus__M038	204	23063	51747	91057	399512	92979	4170	26019	9592	220979	119504	148203	9403	162966	659	283	107985194	618	79168
gtex__hippocampus__M039	2742	58189	84634	7222	64241	84553	23590	159963	4731	7447	3015	64850	80318	138311	92162	132946	101929428	401115	90024
gtex__hippocampus__M040	2155	54997	9117	10406	4728	11258	56672	780776	51693	5569	28998	340252	283933	729723	553103	100129250	192111	102577424	124900372	6182
gtex__hypothalamus__M000	23072	8379	3382	57679	23028	7982	799	6833	55750	9912	8522	4145	6853	5310	8798	2556	112611	10046	823	3670	9369	2554	57476	25901	535	321	23274	23026	9820	7504	4134	55885	23518	10911	27122	5733	54477	55761	23105	140689	57504	5218	5923	816	6515	55359	2817	22998	50937	10347	55711	54887	5141	2009	6857	89795	492	2182	57113	51083	6710	1258	815	490	6196	29894	140469	55117	87	27330	10290	1400	54847	8301	23332	5522	9671	3785	4140	1739	113235	1781	88	4133	273	117	7419	2037	22999	65985	1310	1741	4986	23085	5026	22996	2775	2778	2036	23348	27131	22895	55900	8425	4897	1738	23335	51168	83394	1808	1725	29911	28978	23031	421	6545	11252	23112	114088	1033	283578	145501	22981	57446	80336	1137	5173	140679	56853	8715	1478	7355	2564	2245	688	65057	408050	8120	23312	793	6511	51343	8775	478	7980	4967	7472	2887	1395	8976	7036	54927	2645	26608	22949	64420	1759	8395	20	11196	28964	5414	9110	1819	40	79132	1949	26151	10874	8821	7466	3263	26273	55531	65981	341359	3875	7421	5985	22818	2784	56994	9847	1911	9750	4988	221692	6492	5961	2030	2566	4883	5618	10915	90249	2257	523	50512	6508	81562	2820	29959	80146	8604	6382	390	2043	26038	85440	9829	2494	23046	127700	149371	10000	23266	57576	8503	57821	57488	6785	1268	84251	118427	57539	57706	64207	53335	1394	56243	84078	5357	3061	57179	27241	11113	540	51209	27304	29993	6903	9208	55026	79143	6253	80025	63908	10893	3831	1446	5582	51309	23352	6597	23030	7277	64921	57622	57168	92521	9732	23022	79057	3741	1804	4298	4301	1571	445	139728	23199	5538	47	22907	23225	79781	1644	54496	9826	10810	1131	4628	10400	9201	55859	84250	66035	81846	9645	23508	9811	10752	148281	56907	51303	79022	9698	1837	9743	6733	112609	2045	2583	23416	8291	6553	80003	85397	80210	11250	26122	50649	5100	4008	55270	1607	10241	6326	6332	2058	55627	10868	84253	10244	63027	4647	9873	81796	23213	5607	23005	1588	80031	54874	3032	1838	10579	6775	10152	153020	84162	55752	80144	55605	9746	196500	9815	10150	10363	79661	7168	463	1012	89941	22901	1213	2774	50488	147381	773	6531	5567	23179	9859	5664	8502	57282	51454	79137	57574	80852	114884	84892	185	9515	817	287	285533	1016	5066	23138	10814	57451	256380	55262	57502	357	8573	55634	8473	3358	2719	6770	55638	26267	114789	92211	818	6934	9118	57689	4684	1813	84623	84866	8448	53942	130576	2823	1740	3708	3742	121551	10873	5800	143187	1646	2674	130340	2895	4154	10160	5796	115827	140767	84910	5801	5789	80309	116150	147463	8470	56934	55361	2890	285172	134353	116442	3778	122402	137970	3084	9069	55799	139221	2114	9162	57728	2039	70	374739	29	4882	54020	3275	23387	9684	1857	93099	246	57465	22941	1996	84328	22854	64216	347730	79411	23114	23122	8618	23001	132204	132989	84818	51304	64769	50650	200931	54965	4241	84448	133308	79012	2912	10393	84059	2898	154075	114801	348980	285613	55656	79698	65268	83550	51084	220979	161436	58157	89890	23172	11245	654429	8945	374569	79803	2562	55800	81832	222865	5579	7084	6866	23339	146713	112476	784	84717	9881	7536	125488	132158	23192	23255	2675	9677	27065	367	53944	5865	114787	6335	169044	123591	22871	5099	51621	7532	166614	91752	130827	3856	79697	5209	80310	3777	3752	283455	8941	1826	22883	57449	10243	85442	83660	10605	8708	10125	256130	4485	9001	152002	170261	26047	158038	582	148808	11041	6138	81490	1488	132112	22843	56675	5122	57628	10458	163126	84277	283377	284424	9240	140775	157807	29928	64110	266812	79751	387856	9659	388882	55175	57184	127254	317761	2517	9500	50628	201164	9378	118672	85453	151963	374860	389840	64388	84698	23760	284129	5179	6448	55228	2567	785	161779	4692	9312	302	55794	345557	50614	6656	9112	64478	643015	126567	4978	4990	6586	8398	645974	162239	5142	4753	139285	93517	6092	57419	56160	266722	26013	54014	56479	80333	127602	84859	220107	340529	2558	4674	54331	27445	23040	139599	4137	23270	79659	375612	28986	148398	26059	10507	29978	5575	54914	282973	84570	10772	345630	340784	375567	144404	5649	23708	139735	11122	64218	6261	2917	3376	29068	55190	51466	6477	165679	4763	961	6334	644596	140688	8831	128486	171392	57799	6709	222662	26052	23230	4155	9228	27300	777	340578	50618	158586	148741	51062	9358	6262	4018	9652	22909	112970	3897	221002	57692	387066	221424	340543	26095	1797	7920	728215	440894	653316	2550	1639	10921	645426	339263	283673	10962	390916	55384	64506	441204	340267	285696	134111	652991	118460	642852	347549	100505996	401398	105373377	400765	440823	101927621	389634	107986806	386597	643988	643837	642345	112268276	101926971	100506679	257203	284798	101926941	100132948	378805	647219	283953	101927590	150786	400238	729178	121853075	101927289	101926913	101928537	390616	54082	84968	254128	1159	100506866	400958	440132	102724019	101927832	100131434	56134	100137049	85364	644192	100505894	400456	100996385	102467147	100506465	255167	100507043	91948	100287592	441046	157627	100507341	100506237	552889	56109	101929415	54551	388015	120883619	399959	101927708	196475	102724890	145195	100506433	729911	642366	791114	343702	101927957	102724344	100505576	100505797	284395	284276	101927151	400622	55879	105372321	375196	8517	100505761	105378083	283483	26220	112441426	105375519	389856	390660	57636	101928991	105372703	110806277	102724859	100130148	112590798	101241892	100846978	100507173	105374338	729732	389906	124904288	105377209	122319436	348926	106660612	107985911	103091866	100132341	388165	286042	441666	5387	102724316	645784	554236	440934	347918	654466	124221	121456	124906262	100129482	100131454
gtex__hypothalamus__M001	3075	2729	889	29916	843	84254	3980	163	57157	9855	57787	9254	9043	7812	10747	22955	2534	1185	54799	54476	1634	11183	10463	10138	9782	27032	4719	3298	55591	51306	8498	10908	56052	57554	2530	5981	27430	7204	27067	3371	64848	57120	9734	10659	4052	57492	3909	55745	51742	23095	23224	57475	8454	23118	58508	114800	23369	23200	493	10076	10787	10188	51768	10147	5378	10203	3843	91526	23536	7089	8621	27107	10565	7813	5315	7158	23250	57560	221395	4040	54916	10640	8218	440	54556	51109	64398	2011	51095	23291	6605	6480	4905	1207	11343	55205	51175	8672	27332	5337	55973	22920	4292	83992	5915	2975	23032	1641	5527	54715	2782	9452	5108	9139	29843	23152	4983	3835	1785	8671	6595	1005	57092	55218	93664	55322	905	4779	11342	79728	57226	22894	91746	8668	966	9522	57531	22911	5243	55054	4799	79796	8898	55239	118	10059	339175	8570	1795	84678	2521	57655	29965	23193	84572	2802	8761	84196	2734	3912	55012	23256	55632	57556	139596	51430	10580	3983	79956	4670	1399	23384	4809	80020	6767	8814	10598	23002	5494	1983	79882	9252	55671	394	57680	80344	9837	4923	57761	10483	23347	10735	2332	9767	80183	3356	22862	79758	5257	10204	83752	80777	65009	83693	26048	4363	79791	23420	79719	8925	23205	7082	23678	4683	55284	5862	51366	7991	898	11100	7297	5802	1954	22900	30000	22983	5143	93436	56006	85865	10135	79872	858	64327	10049	8887	2617	5803	1174	113263	9678	54664	51422	158471	7046	55664	23081	23189	23586	11101	59338	10367	91452	8453	9211	7343	8402	57003	6603	26118	64854	8649	5602	27309	1182	23321	7468	2743	7358	26610	8882	6309	10944	8496	65117	79611	51699	80018	55832	4848	1108	8078	55188	1303	135112	221662	10767	7957	84498	56940	26054	7422	55603	3157	10902	23530	6678	10087	8622	9685	900	1004	4001	10111	5515	80006	23286	9555	4090	57222	10051	11235	8087	55081	2632	23150	11222	1981	6787	55683	10096	9381	90	51130	25801	79745	55704	10314	2202	6772	55825	23301	8869	23683	1615	4780	7840	57535	80267	55870	3953	23207	59349	533	58155	23443	55758	79947	114883	23271	1385	26234	6418	51552	22954	79109	91754	55717	92344	84955	51307	83468	83690	8405	80218	7750	64786	51193	22865	51426	79903	57489	83637	989	55975	84668	800	8034	23389	11228	11059	5585	57486	466	79809	2181	10564	57169	6780	8675	23096	11017	23326	8239	84899	23163	84172	2892	128637	79414	10054	171017	3895	55288	83744	5908	5782	5189	8910	5420	4698	1123	54832	5682	51105	58533	81533	58986	23383	51429	4705	10439	25814	6874	6535	7317	23345	23229	9467	8500	2643	10489	23167	55037	5791	23277	1984	54739	1742	4147	9215	116988	91298	3612	272	3295	8536	4212	55119	7482	10390	57498	4613	129607	3572	284252	51765	55250	25941	9415	7174	25821	577	55226	4076	10956	9053	5570	2799	1368	2752	9857	55681	9445	1102	28988	6426	11143	51133	84317	274	10730	152006	55667	4926	4750	440279	79811	102	54816	26160	310	79800	29789	6744	55032	26035	10144	55435	22872	5910	57619	79807	5998	1848	121441	7009	145407	7453	81614	9990	6652	256586	11001	49855	10099	55180	79631	3801	1009	9611	54828	6875	55197	114876	409	26502	57521	2064	91039	351	473	5451	57592	5298	23126	55061	7159	8751	9898	65123	1130	27436	2840	151126	9686	91775	8893	9718	81608	2044	54532	55016	10299	5295	10184	153830	285855	51390	57583	9589	11011	30011	7403	27316	8601	6867	54904	51110	6129	29967	9166	115426	4915	90678	23412	221074	6935	2746	120	10658	472	3619	9538	22866	143098	23284	134145	55768	288	9223	1456	2059	121601	152485	54842	80014	144423	55521	114908	56978	9453	51351	9412	5903	6328	51571	25827	80790	9320	1105	7070	23461	4685	146857	221264	5799	55529	55326	55027	23367	65062	145483	27020	23522	5261	6529	7804	132949	54778	1859	445815	64897	26100	55179	26053	56946	137964	9191	8703	6651	1827	23515	83440	9813	1487	284348	55108	9619	8566	5116	23181	57731	1141	10712	51160	222236	6427	91010	1973	81570	51727	3716	5824	23385	148362	51072	1520	6944	152559	55249	285203	64343	166336	7871	323	64419	151613	54861	79753	59343	7086	26354	10424	80335	132332	79884	54726	90826	153733	167153	23305	134957	23366	168667	1508	5828	114788	55074	25879	538	51585	9147	509	10495	7248	5979	64745	57447	153579	55088	145567	29951	255394	2200	9318	1200	7702	50810	8509	7184	9640	162681	23306	115752	23582	4088	64400	26263	84064	6786	114823	284339	23524	55209	3516	55788	359948	3800	6774	255743	25849	10636	10960	55276	25942	6383	9839	9079	7360	9758	10477	220988	9720	10015	57148	5272	6773	11214	79145	9788	238	4534	9655	2897	55729	23261	2628	4300	5728	51030	54205	10978	9338	26960	22992	111	91749	2804	10534	5797	54872	10594	389524	488	55167	90806	124152	6731	201626	51319	170506	5708	79772	63893	25914	54993	9699	205717	2902	84901	80205	347862	253461	7182	10425	79718	25945	92949	285343	23241	645212	374986	55432	25994	1129	64219	10193	2131	81532	8905	6304	7267	221178	158358	5504	64061	5587	254887	10801	5413	155435	26985	56899	80233	5592	5034	10718	10933	55599	54103	10623	4675	3840	114826	4673	7874	5359	375743	340277	23029	339287	120892	26155	9516	23450	54510	284697	132660	79633	4122	57591	55532	140612	23365	388566	163227	79830	1778	10438	79027	6584	26037	128	55035	54870	5178	285989	10920	27347	22876	4976	51714	9853	57713	830	55251	53344	84243	55777	7916	286144	5150	57194	23243	23636	5500	10809	84461	440270	1654	388815	2189	5520	101927027	285954	102724691	100507171	414260	101929302	643699	100506930	8629	90271	100874058	100189589	387521	10093	10137	100289274	55000	5591	56112	51750	64150	9939	23380	102724105	338758	100101267	80039	57223	6871	79893	31	359809	6905	29798	283755	440248	6648	80862
gtex__hypothalamus__M002	5893	10181	55904	60528	23221	51533	26993	54902	9066	51629	23386	55778	51177	9774	286	8439	26009	81037	84957	10827	8975	51564	124925	3735	55633	9892	25791	55593	10294	8514	26528	6720	8907	2736	8726	6717	25956	9733	22978	10003	79960	9063	83737	862	8569	3991	2222	1638	4208	2932	3842	84273	3030	55624	56605	4313	79594	51310	55072	54822	9209	988	1153	27037	24144	9701	6305	1727	8897	5905	6430	24148	26164	1917	10139	1457	5332	128866	9097	5358	5931	5230	84061	8428	80152	79726	7249	1186	7329	23062	3163	653390	25963	79752	5327	23484	4741	427	4924	1891	3191	1209	2821	9253	64748	5296	154661	4232	5425	57582	64072	8729	23185	55149	9570	64750	9343	7531	23142	1998	55296	57620	54414	9379	6506	975	2965	9761	8914	2026	55003	9896	59084	55819	6500	80315	51421	55186	7029	64689	9784	9801	55120	10494	22930	9167	10745	6513	56181	81573	9330	5826	51004	64225	30819	11193	51019	1191	10174	2170	1314	11335	55234	10102	56937	10617	7913	583	7737	24139	5126	22890	8021	3188	821	64768	5322	79939	63922	85378	10651	10776	9526	83448	9667	84705	51250	83861	170463	10585	7776	4037	1327	5119	64432	54882	116983	10948	83636	26057	3691	23208	3508	57511	10250	51669	891	27255	79768	10717	377	57614	84991	3703	10492	57231	967	7024	85021	11137	9882	23143	6434	116113	54843	5547	96764	54839	8634	10669	9581	80204	10128	403	51008	347902	7786	55716	7385	8533	55275	9905	396	6904	54808	51070	79932	23038	27005	57530	4170	2029	805	129804	3899	6323	2177	114790	115286	57552	1060	23092	9879	78991	91272	57038	64599	51631	4841	5631	50814	137872	7013	6251	27315	8525	84364	5058	6188	4863	7068	9472	2132	55691	7073	5213	133690	22878	518	80746	10670	92370	9791	9941	491	776	8450	130617	115992	4681	84134	54461	124995	808	4047	112724	55585	51149	8878	64123	57863	128308	79677	7048	100507246	78987	23350	54585	55764	5364	55255	501	7534	26130	7415	8559	7417	83700	55323	143570	6764	80063	567	4141	2923	125058	4218	2879	8085	10653	90522	10501	6730	54949	199223	7266	57215	136647	11273	8754	23099	126129	93380	83640	64118	1501	1107	100271927	55144	5356	83452	1072	55871	338692	10524	5970	65059	56834	79102	57674	23333	6712	55055	9776	22845	64770	55254	155382	5426	440556	7156	79605	54681	79415	7284	79730	23302	285908	91663	7710	22827	221687	53637	23513	155061	100287171	79673	10159	55666	23265	23705	161	2842	5877	9403	51118	56941	29944	79135	7127	8558	9146	51263	89782	5833	23621	613	53373	222194	51547	94107	116224	51463	170622	51114	23036	83862	90321	1604	100289635	51434	399687	8912	23654	100129858	199704	5718	84435	23061	10533	955	56882	6120	8733	28512	6687	140885	9814	26275	7405	10479	124930	6263	9055	7052	64423	124900275	6499	7936	780	100268168	79600	54458	414918	131118	7247	84258	81890	3073	100996307	26140	400954	678655	101927905	29092	728190	101927300	100506714	105378763	100506274	100505832	6892	60674	284900	401491	339400	339789	158	727956	23600	8420	57553	7268	10443	100129203	101929423	100508120	100130155	493900	55845	23642	26065	283710	105371423	103344931	148189	283887	339290	100287932	152217	728841	101927314	23191	388685	283267	100506710	100506207	84820	400322	729375	728554	728448	339483	493754	2630	64940	5380	57234
gtex__hypothalamus__M003	81887	1080	221	53616	5081	57467	54443	933	9961	63932	23187	9846	23604	9765	54960	55040	6558	83641	2263	23161	285527	4162	1136	4036	23136	6579	1307	2196	5027	23676	825	1299	7093	11332	6319	23555	29801	25777	5816	10110	1869	55125	11201	340554	8874	9688	56942	9717	10423	9738	1512	10397	312	79784	4099	4233	54462	64077	4355	30850	54940	152503	1410	55291	1610	2054	2444	9444	4124	5924	7781	2335	66008	58480	9927	5129	23120	7043	79817	4801	1135	29899	11155	64375	5354	400961	745	1059	2864	10245	26030	56302	9514	57153	5589	81	23149	29893	23164	5158	55748	4308	9363	51317	2317	9805	57471	229	5168	408	22891	6229	8499	11226	145226	5046	54925	8612	8416	1939	23671	284992	90933	56996	139818	80005	9705	9919	256364	9651	85458	667	25780	10283	6728	154043	23460	5137	63895	23097	137682	57798	4643	114793	26119	57477	85414	339123	129285	92291	133015	23429	55314	64399	253260	23176	221476	222223	55503	25841	322	8495	4176	4640	150365	51704	5653	2339	753	10098	22847	23214	79628	11141	2705	347273	2861	154141	57571	348938	340252	10655	1267	3728	253959	115019	65108	9134	51642	158135	10301	4642	666	284119	5339	285668	128218	5781	132228	144811	144321	253832	118442	80781	23194	390928	283643	4603	105	57711	342035	80829	339761	55182	392636	8632	643236	1755	387921	100	3792	258010	22834	2710	9824	57165	101928287	84288	170371	401535	4340	643965	8110	642394	123464509	286827	286467	3672	101928111	401022	387486	729658	284835	100505774	100288428	100287225	124902280	100128675	101927768	100507336	107984948	285045	102723605	8847	101928231	101928304	100873947	105378853	117751736	100507468	100996590	100271702	441869	101101772	101929467	154092	202299	105373158	101927641	358	105373418	105375483	1270	347689	55861	152206	386627	101928100	101927233	100131089	4671	255187	100507377	102724623	101927459	286186	283335	101101773	101927620	283547	283932	400657	400617	100129195	105369201	338328	101928583	340090	105375118	105369344	155370
gtex__hypothalamus__M004	51364	9940	11313	1800	4593	79645	1767	729	8538	3309	1829	57545	60529	1112	954	5774	10610	9620	9576	7161	139212	6932	5990	64147	26074	3568	23594	53904	114327	55007	55815	10391	93233	828	8701	1842	54894	218	8714	10891	23086	5450	4117	2070	53405	1809	84223	1768	116444	79747	4602	56171	27019	28981	203447	343578	128602	81578	64518	79025	7053	284800	5858	222256	2302	7137	341883	59352	161003	57639	948	1081	26298	57224	84073	401551	83894	7225	130752	2028	2201	374462	319089	122481	80125	91807	6563	55135	85452	114827	163479	6097	83853	10788	90523	25891	60494	4143	145282	729665	285313	79925	79819	160492	153643	123872	25890	136332	130540	200162	118491	161502	150082	91544	199221	375307	55567	127731	84229	54058	125965	124093	127733	254173	127795	126820	284525	128153	130162	132671	388701	152110	9447	151651	729830	133923	493869	154865	136288	91147	1365	219681	159989	474354	5015	144455	79841	146845	352909	83659	54986	83657	200403	79867	123355	79740	150248	341019	55561	23566	64446	83450	220136	257236	155465	162333	201625	146177	196996	56673	221060	84002	80122	648987	286187	220388	144809	347088	223075	146802	160777	89876	150147	5627	400258	646851	4582	339512	496	10345	138428	389118	550631	375298	389799	144535	132203	257177	399827	399948	401124	341676	64078	1288	80217	100499483	255119	440295	9182	1756	642574	400757	10471	100507244	138255	79583	57139	283314	402160	389161	55779	1396	153684	730112	400123	100287898	128266846	101410535	105375448	728763	654412	102725191	100312801	101927441	100506885	389333	100287718	105376736	100131814	91548	107986809	643596	105378916	102724571	100130881	414245	150142	101927248	101928085	101927056	391123	149465	100131176	255130	643911	100507639	100505875	221409	729212	101929709	100507487	100288001	107986980	101928424	643037	283948	145438	145694	147429	101927288	101927009	400612	284260	101928550	246176	154313	107986100	123624	440896	124903525	124906280	440905	107984270	124909384	101929006	349152	100132057	283693	646168	728798
gtex__hypothalamus__M005	6863	4057	1355	5583	2296	51663	51660	11178	6141	79763	57143	3029	8625	11218	51167	30836	27071	79364	83642	23033	55760	4214	10732	10857	6422	9694	27106	7586	4969	320	219699	9644	51003	10014	57562	26127	202559	55856	55914	51011	23463	5906	387338	29937	6794	7276	56252	57862	79039	9643	90203	10485	7408	11034	6629	2002	2123	2791	80115	1032	57631	126299	64145	4695	5901	23480	5786	84106	83876	2073	183	1660	26750	7507	7094	132864	11117	9360	57575	6843	85478	145482	3067	51651	90378	7226	126374	6135	1952	57645	84696	2803	22989	9711	132299	25816	10146	154214	79742	91782	4715	286257	10480	283212	1909	6868	60485	221336	130074	22925	84033	522	65258	6156	9753	29101	4796	7627	4116	10092	115677	56203	113444	9255	51385	79993	26266	55335	220296	53981	119032	4130	375607	51117	10999	10476	6520	54899	79064	157638	51255	80723	200894	79724	201931	1140	10491	55038	2845	142684	54625	257364	27333	6124	10260	400986	6578	253982	254187	79898	6197	441951	9242	90843	23336	51335	441061	149563	6900	11066	116448	169611	23299	283149	84937	147645	125704	391013	199777	137392	8295	222553	5770	9819	3908	9260	2316	147906	5253	79892	6884	619208	286411	3633	730051	6643	10215	84986	109286553	100506302	53822	414777	388849	9884	57026	632	11037	9054	283131	121233923	100506668	401172	283624	79178	101928736	105371735	149013	400550	401612	118827814	102723582	100129550	107984345	105377663	8418
gtex__hypothalamus__M006	3683	51330	85477	6401	80342	695	5329	240	9052	6556	1591	972	3082	355	960	2324	4481	822	10863	1356	1535	6916	8531	1117	10797	55679	10170	55843	6813	3566	2192	5788	2533	7462	5829	30835	51816	5742	29760	1390	3594	5008	27128	4689	551	3055	51311	366	10859	6510	4818	5294	22797	3315	169792	54959	64231	51338	3587	50856	8875	411	58515	942	9595	3554	9173	8807	8942	6195	4033	6446	6696	1441	80231	113	64333	3164	5105	1026	54436	3659	3553	9322	2354	22918	30817	3976	79651	283120	55422	23180	241	79845	4064	1794	90853	3569	7097	5330	55647	8477	3394	6398	7409	4542	89790	6518	2212	51316	123	5995	6001	83706	64407	93589	115761	115362	6503	57822	212	714	115650	1234	3101	10898	2215	467	79626	6280	3577	56999	1230	200879	1536	79789	26253	4837	84689	124460	3903	51129	147138	1524	624	3635	3965	6039	2357	64080	116844	64581	541471	10855	713	712	8793	26996	7096	23529	8061	2810	7056	124989	3059	3579	53829	25825	2242	1436	222487	2825	9021	146722	387763	388512	26659	348645	285016	284759	51284	29950	5265	5336	1438	1378	2214	3304	57126	4489	1052	112597	102724297	3115	154449	643529	101929335	8771	105369147	100233209	100505994	285626	101926904	5820	401134	105375743	23601	388677	101928674	79917	101927931	284021	101929497	645485	102724646
gtex__hypothalamus__M007	55610	29116	7095	3097	55703	9604	2273	51071	58528	84245	26999	57602	9474	29927	4659	65125	1431	387	5597	9948	5743	60	23609	5289	9984	56650	2060	16	9878	4436	51322	3096	51382	113278	10528	26051	286410	54602	81617	26512	10664	79650	29070	5934	57020	6788	54332	55156	85360	57589	657	55163	4927	5573	7323	2549	83480	10612	1982	57122	4739	55754	2246	79770	3069	5000	1386	4139	4688	6738	51440	57568	57134	22926	9331	10171	576	27434	152007	80760	83732	64412	51119	6776	64430	23065	813	91860	3609	57509	112487	55274	4772	157680	123811	57578	1965	55140	7428	85004	51347	6885	11311	51191	64116	23710	144402	58516	10516	663	9960	3687	4089	3454	10026	7170	2590	85403	4478	6567	118924	710	10525	84159	5305	64067	121256	57724	134359	24138	1601	388650	51560	118813	6566	3798	219541	54953	23648	56990	201176	10020	6464	51005	6159	115209	64320	26043	51246	2982	1879	84135	23462	23514	259217	3419	80323	6778	6809	7171	7336	84640	2720	55222	1657	55731	5707	163049	3981	51574	7525	55884	196527	7334	54762	147991	283849	90411	284406	7485	11248	6331	23258	116447	9276	54622	100129196	11118	3638	339327	9729	57573	54413	79754	3066	6925	51321	51703	10866	11116	221710	3588	100874002	101927359	53840	7703	105369154
gtex__hypothalamus__M008	5010	477	259282	2824	8537	2065	4638	64834	9650	9448	3993	55421	58476	131544	2346	7018	5700	5753	79152	55313	51599	23242	24146	5730	83937	5376	6484	7942	604	85461	5136	991	26190	84795	3834	79144	83543	7103	9088	2770	58504	10749	353497	163782	8471	84722	3178	3300	1593	93643	5962	118663	84915	122060	55793	80728	56904	117532	84735	85445	118611	91369	9372	64849	129531	9825	1358	873	57519	9715	5316	79957	563	220002	10085	159195	51700	26585	51148	4336	51252	6091	2110	4815	554202	200933	7368	286262	11145	344148	135932	222166	169200	100506380	285753	29119	9802	131096	401145	257106	129293	285093	1806	50859	9725	80345	1902	5365	8528	154442	643008	100128946	113179	91664	10379	4207	339210	554203	100506725	728431	285286	79168	85001	101928176	102524628	124903732	101928738	8353	284106	285796	101930276	645700	1556	389033	352954
gtex__hypothalamus__M009	56603	928	22902	8630	9497	22884	55726	7037	7155	594	10961	51324	22931	3091	7528	23394	51566	9100	64089	7639	10282	64081	54868	1665	83891	26973	55110	56890	7915	8899	10923	23451	5334	515	81563	10286	1429	34	1266	2152	5955	9414	25940	23435	55791	7852	29066	262	23549	4552	10236	4149	11127	10742	23111	7178	79577	1783	1910	6194	6386	79739	5495	54536	1763	80816	92906	84620	81545	26091	79780	54545	120379	60592	51633	64092	132	84108	171586	5152	899	5783	201895	25898	27236	134510	29896	84267	3190	10910	9188	9768	1499	3187	90693	10678	23204	151827	8801	93550	22885	3267	345757	152815	79666	116068	25915	23512	54880	493753	8073	57698	6917	643155	55660	4646	150472	10210	23116	26049	11179	259230	90233	65986	152098	51024	92482	100506826	81488	101927402
gtex__hypothalamus__M010	26073	9891	54472	2512	55954	23264	27351	5834	6855	5611	7464	9827	10493	506	10019	1337	51294	51639	90231	6230	27253	9480	29103	1621	116138	5623	6237	79575	85313	92154	79363	8933	10220	23148	25934	27348	51496	83442	8804	5202	167410	84249	53358	6838	114134	9531	342357	10163	124044	55450	23379	158405	254065	57156	64112	115708	5092	51435	149603	10791	57684	2596	156	81876	246184	148252	8408	124274	54494	57118	80258	3768	340542	6991	80757	400451	338557	200728	23424	55534	55924	4541	4513	4519	63906	4536	4540	4512	4537	4538	4535	4508	9722	4514	109729184	390980	3133	57469	285636	113219467	4539	400798	388559	387804	221092	163033	51372	91368	10687	5032	106478943	92312	23741	100288846	401613	100507421	100287042	9554	101927559	105416157	8123	100862671	92806
gtex__hypothalamus__M011	9244	5080	2328	10233	28968	9627	7430	25805	11015	9894	958	284217	64799	79848	165	2348	79858	9890	56912	55259	23093	26150	84125	84332	301	9413	4005	80705	26206	85016	23650	4547	283385	161253	56964	90506	84225	56956	221935	2846	7761	51503	3606	219670	374618	93190	54768	7567	144406	254050	3017	158787	10417	51673	286207	149499	220004	200373	57577	286464	155368	91252	146562	114780	80975	4144	201255	143162	202051	54777	3603	221421	90288	220416	257062	127003	225689	347736	255101	100652824	399949	100288072	120356739	340061	83656	100130771	285600	254956	158798	387885	440585	400891	401944	165186	128312	115948	440689	400710	340895	441054	25790	101927174	401251	401236	100506421	23547	112817	80086	720	283152	90342	100874204	161582	105371267	101929355	388963	107986669	56260
gtex__hypothalamus__M012	9256	3920	55001	8491	8100	10858	22933	51412	57060	11198	23313	57452	10202	23295	8312	79816	8777	59336	7922	3313	10307	3749	81849	29078	10608	79637	84074	93974	2922	10228	7080	2572	51332	27173	8497	9391	100132916	158763	2796	196383	91409	2893	3361	388591	11189	23076	9077	343450	10370	79722	245812	65110	4584	5569	201514	2186	23491	29925	339778	83759	10897	26470	80227	374819	51046	7054	157695	389197	575	91050	348378	128553	9612	162993	11325	84456	50854	57540	444882	150297	100128890	1159	105375304	440498	102724450	115557	85014	388327	102723670	400627	100294362	105372079	84726	641977
gtex__hypothalamus__M013	5689	11345	7075	602	7593	9978	4776	3420	23417	64428	8985	10467	3083	7704	28960	3280	64175	8289	4035	4502	55795	3276	51691	27237	196441	64005	55316	55755	2588	4864	91978	5694	52	51128	140890	201163	11079	117145	92799	54987	57326	6208	116225	53916	7439	197259	1285	27094	8841	93426	118487	5883	254102	7388	79683	23141	196403	5187	811	340390	79813	9968	10519	343521	134637	728661	125	3064	65992	51490	2664	4855	339453	51239	728130	106478958	104355426	91316	645676	100874094	751580	387723	25764	340526	1945	100129917	10597	4302	100130890	101926918
gtex__hypothalamus__M014	7035	9235	23166	50619	8635	54875	81671	10272	2213	56949	6507	6614	5996	4708	28231	4125	3783	951	54922	57817	1440	83871	29125	969	51411	5777	1154	64858	2331	718	27180	15	10095	9535	10894	3601	29923	313	90865	834	9785	3779	10205	9056	4720	3689	27306	79443	7098	117289	6850	57608	3576	126014	3291	84552	4261	23526	5890	25840	374395	11006	6274	5104	340719	12	100190938	28977	84433	114769	7940	343263	101927532	266917	3113	60489	6997	401074	3109	100506258	127138868	100507144	103752584	100506516	140
gtex__hypothalamus__M015	5976	8193	1890	43	1471	65990	79006	166	27113	10430	573	5216	8992	10675	8704	27230	514	2868	92675	55321	117166	4357	8924	1854	50632	54958	4294	1349	84330	81873	2987	6637	165257	90113	57700	122416	3455	5745	10603	11282	6132	51375	10109	154791	55897	29123	57348	94274	2495	4054	5867	440957	284004	222008	4696	51282	28998	23015	1479	1196	284207	80324	57104	9377	51333	283989	91689	27439	2826	90135	122622	6613	9045	4697	307	142678	727800	6827	221786	100505771	202020
gtex__hypothalamus__M016	168850	65993	6620	3781	7760	23351	1522	6901	5127	56061	80381	2022	81619	2888	1647	1211	79269	23363	84266	10365	2671	65997	10155	84152	60484	1875	51535	1284	26056	55654	51131	9314	123920	6187	51686	10899	11000	196743	81552	160622	118881	5654	6137	147015	90990	374875	85476	84331	8722	2885	126003	71	9742	7390	642968	123096	503542	51157	284184	439994	401264	101927021	79154	728743	84809	245
gtex__hypothalamus__M017	25900	578	56848	9138	114880	10044	9681	1120	51199	6594	51231	83856	5532	23125	7164	22848	3964	6675	23215	5153	54850	23780	64753	2571	79572	10817	56965	5211	641649	5792	6016	90060	775	925	26207	7273	51735	8867	8833	120114	51305	253782	171024	1139	389072	55344	4703	146198	201181	729262	83931	60312	4644	444	80742	63920	101928118	162972
gtex__hypothalamus__M018	9993	29090	6624	5794	9933	7597	2997	54662	29118	7060	92840	3399	1788	7270	85441	6533	3996	23174	149951	89910	81615	79705	130557	79101	119504	729092	80198	23580	64409	10123	9909	134701	2013	728888	90024	109729181	80022	117134596
gtex__hypothalamus__M019	54972	7869	54896	4034	26277	3189	113177	2872	30813	5935	1203	64130	10227	25936	7979	8930	55556	55858	9988	90525	10966	8476	113419	84236	9481	11269	222068	29115	10922	53917	83787	203523	28970	130502	3297	100506070	84773
gtex__hypothalamus__M020	55049	113000	9031	64744	23645	8220	64983	944	9094	83479	55809	51388	283537	90507	51093	1609	51501	26097	137994	65083	55311	81603	27023	6199	158056	114932	219790	55328	57801	401089	9842	100129250	339192
gtex__hypothalamus__M021	79090	5238	57095	23041	65056	283638	80331	2717	8721	79991	10120	6627	23135	6993	55869	339145	84221	8880	11092	138311	26995	521	115196	84153	8225	51186	27233	374887
gtex__hypothalamus__M022	23129	25960	6949	57506	25861	5714	10278	57035	79072	56731	10616	196883	55544	63971	6601	871	148137	64787	124842	4303	645811	613037	338799	114814
gtex__hypothalamus__M023	1308	57167	140862	1428	79937	921	56751	3169	56259	4010	55784	343472	340419	151242	79190	4009	5308	11082	166824	4023	340146	55010	390259	253017	100507562	100309464
gtex__hypothalamus__M024	8913	9091	9921	3631	25875	22861	4150	3959	51166	7167	5917	10641	84812	4953	64747	10739	51540	91445	5830	738	55364	118424	108783654	8148
gtex__hypothalamus__M025	8284	8653	7544	27328	8287	8242	6192	9087	22829	83869	7404	9086	101928906	7503	105377224	121676924	286554	246126	352887	5616
gtex__hypothalamus__M026	4734	25996	9352	29062	9562	4891	23091	54487	9459	7322	81556	9520	25769	113510	8309	84879	7059	253827	57659	147912	404201	716	101928847
gtex__nucleus_accumbens_basal_ganglia__M000	2729	90529	889	29916	6542	5965	25998	163	57157	10926	27072	5048	9043	4784	6482	7812	22955	1185	54799	5536	23324	10463	637	9782	27032	9716	57476	4719	3298	8630	355	55591	55334	51306	2530	25897	5981	27067	9440	56204	57120	9734	10659	4254	4052	57492	81037	55761	1112	55745	51742	23095	10079	58508	23369	5218	493	55650	11178	10787	10188	3029	51768	5378	3843	23536	55248	7089	1496	27107	4756	7813	7158	89795	23250	375449	221395	10060	10681	10640	79364	6196	26528	51109	5566	64398	23291	10335	6605	10979	6480	10129	1207	55421	771	11343	55205	27332	9462	285527	55973	22920	113235	83992	23032	2260	4133	2782	117	9452	5108	9139	83737	7145	29843	4983	8671	6595	1005	57092	55218	79876	8555	9812	4200	55322	905	2932	3693	23085	11342	79728	57226	3842	22894	81550	91746	966	546	9522	22911	79796	8898	51593	9489	6452	10059	51290	339175	8570	27131	84678	9843	23193	57062	55760	8812	29888	2802	8761	84196	2734	27327	114882	23231	55632	25831	825	9117	51430	4436	4214	3983	79956	56952	4670	5442	29801	23384	4809	80020	8664	2033	51199	80821	9517	3705	5494	1983	23405	9252	4792	9837	1477	8480	1137	1457	9658	9663	23347	8731	11201	8780	4281	10735	3750	2332	10389	54602	22862	5257	10204	83752	80777	79726	83693	408050	79719	8925	1512	7082	23678	6422	5862	51366	7991	11100	5802	1954	30000	56006	10135	79872	858	64327	23554	8887	2617	5803	55131	54664	158471	7046	26468	55664	23081	23586	11101	59338	57584	22852	7343	4591	3837	55813	26118	64854	1182	23321	7358	8882	7007	54414	6506	10944	4928	11234	8496	83892	65117	79611	55832	5869	4848	8078	55188	79632	135112	9750	6428	221662	9439	10767	9841	7957	9444	56940	26054	3157	23530	3313	3156	10087	8622	9685	900	1004	5515	80006	23286	4090	57222	10051	3836	7375	8087	55081	2632	523	11222	64689	4820	6787	55683	150465	4691	10096	57669	90	25801	79745	55704	10314	2202	2335	6772	55818	23683	1615	390	2956	65977	23341	79906	6342	55103	23463	5906	55870	85440	3953	9927	9295	23207	7709	4811	9670	8503	57821	2152	51611	58155	163404	23443	55758	79947	8289	5511	4297	23271	8609	9994	26234	2309	23314	23307	6418	51552	79109	8013	91754	27030	58517	4329	10936	26123	399979	55068	51780	4801	317	23435	83690	8405	80218	7750	64786	576	84248	55975	1271	800	8034	23389	11228	8082	57486	80760	466	29994	5208	2181	10564	57169	6780	8675	8239	6745	23019	84899	6238	11034	128637	11190	154796	10054	3895	5908	50809	5782	5189	92521	5420	4698	54832	51105	57509	6397	8881	6874	9885	23211	6535	7317	23199	64432	9779	64145	6533	94030	54882	57343	10489	23167	55037	79781	64208	2926	3691	63926	29958	10208	201266	91298	79572	83857	51520	3612	23075	406	3295	1965	9811	8536	25917	7428	4212	55119	6272	57498	4613	84893	91768	2012	9698	55250	1837	747	9415	2073	7174	11095	29979	84749	50640	25821	577	51317	9053	23493	2799	9857	55619	57695	3300	51455	55681	8803	1102	28988	6426	7716	55627	84317	7099	10868	84253	1515	9373	152006	55667	63971	9656	129685	51439	54843	27314	23213	4750	5962	440279	79811	102	54816	8412	9411	26160	87178	310	22891	79800	29789	6744	3685	84888	26035	83478	10144	55435	22872	84162	658	8654	950	79807	51067	58516	53919	282809	121441	9818	5925	122786	376267	85439	123041	81614	9990	6652	7090	8125	2108	49855	55180	5428	64784	79068	1009	1012	9611	57336	10140	1213	54828	6875	55197	114876	57521	90378	4782	126969	5451	5298	23126	7159	25912	65123	1130	6726	4931	3707	8497	22874	80856	80852	9039	91775	285282	84276	9353	58478	54532	285440	10299	1404	10184	9140	10318	54901	285855	57583	9589	9202	11011	30011	27316	6867	54904	51110	7013	29967	9166	115426	4915	2934	221074	6935	2746	120	8038	10480	84364	472	143098	55208	23284	2823	134145	85458	89910	1977	9223	1456	55691	2059	152485	4306	54842	80014	2674	9910	2895	55521	114908	4154	133686	10160	7402	51351	5352	166647	9425	1601	10461	5937	50807	154043	80790	9320	1105	25890	23461	23043	728577	4685	2551	9989	147495	51560	221264	55529	55326	388272	23367	9337	65062	3798	90550	91748	145483	10694	9791	6832	25921	60685	23522	6529	7804	261729	54778	4643	1859	257397	445815	121665	2140	55179	26053	57477	23382	56946	137964	9753	8703	57685	79053	6651	23515	89970	9813	9619	23181	6294	103	84988	222236	284361	91010	51727	79699	57190	3716	5928	64123	23528	10092	5824	148362	3760	10602	118429	285203	11167	64343	151987	166336	323	64419	11073	54861	56992	59343	4043	26043	10424	256471	80335	79884	51313	54726	90826	153733	134147	253260	167153	23305	168667	5828	55074	501	65268	538	94134	220963	9147	7248	55088	143872	2200	9221	9318	1200	6764	7084	7184	144100	9640	9665	23306	10999	51704	26263	84064	51755	6240	4218	7775	21	6520	55209	3516	55788	125488	359948	3800	3660	6774	80723	153241	1285	25849	7336	23099	7881	9197	25942	6335	6383	196074	9839	1501	163590	10477	201931	84640	10015	10491	130827	222008	57148	4862	5036	5272	11214	79145	9788	84437	26115	4534	3752	22883	51523	2186	55729	203859	23261	2628	5728	83660	51030	9451	51315	54205	4299	3054	283450	22992	54625	2804	49854	5797	1106	27333	23269	54872	10594	389524	488	10260	400986	90806	124152	6731	201626	51319	1488	5095	56674	5870	122046	54993	9699	205717	196527	80205	347862	3737	253461	7182	10425	79718	25945	3766	140461	4291	85460	5339	114798	55175	23512	57184	160335	23241	9378	10194	66004	374986	8334	55432	84698	23513	25994	219902	205428	10193	2131	122553	6304	23236	221178	23705	9802	158358	728340	23194	89876	10766	5504	5101	5463	5587	162239	7327	155435	3714	26985	2157	283820	25840	5592	6667	4733	10718	5727	23299	4675	342035	3840	80829	53373	79659	9863	7874	5359	1121	57186	340277	388336	339287	120892	26155	23036	9516	23450	54510	284697	2272	132660	9901	284443	222553	4122	7582	4763	150472	23365	2316	307	51108	388566	163227	85379	1778	5094	5718	10438	79027	54798	26037	23556	5253	92283	4641	85236	55035	5178	444	10724	7620	285989	7919	987	10920	27347	22834	26049	29883	22887	22876	4976	51714	57713	830	9055	4215	9937	1756	9848	84288	26146	55680	340527	55777	7917	730051	11138	286144	6643	25851	23243	22828	84986	3672	84461	1654	388815	729852	5520	101927027	100505641	440465	100505538	100131208	414777	101929302	8629	284900	100874058	84450	10137	645323	100289274	255167	6414	55000	440138	5591	6038	283547	105371240	23380	400818	100101267	107986163	100129550	57223	6871	79893	31	102724859	100129223	2630	64940	654466	6648	80862
gtex__nucleus_accumbens_basal_ganglia__M001	5893	3382	8837	23028	55904	3675	6833	10368	9855	9912	8522	4145	8938	6853	23221	11313	54902	5725	9066	1591	57586	4331	11215	51022	25901	10953	5583	57554	535	321	8439	9099	23274	5874	7504	4134	23518	5601	54477	23105	140689	5923	816	55359	10076	23504	84649	4058	124925	10347	5141	5590	6857	55593	3796	10235	8514	6710	440	1103	815	9319	29894	26469	29953	23332	9671	3785	7587	27092	1739	25956	6813	29089	1781	54518	10003	79960	7419	2037	1136	5891	65985	1310	1741	4986	5026	2195	84273	3030	22996	55624	8438	56605	43	2778	2036	55608	1795	23368	9762	26074	22895	8425	9727	10683	23335	51168	83394	1725	29911	10580	53904	28978	114327	610	4744	164633	4627	79734	5905	114088	7443	57446	80331	1917	10139	5173	128866	140679	79913	1478	9949	9016	9468	2245	688	8428	9688	80152	50855	4363	1428	653390	23420	3646	1209	147700	6511	9253	478	56917	5296	23373	7392	57130	8976	54927	22949	57582	54926	114815	40	79132	1949	8821	55291	3263	4728	2965	9761	10645	51699	8914	2784	4121	4988	221692	202559	57221	117247	6722	2030	1627	90249	7348	7433	29959	80146	60482	23178	4999	57535	4985	51102	64766	58512	127700	23266	57576	10969	56181	6785	4602	9330	4702	57706	53335	9419	26507	11193	10174	943	2170	57179	29960	57213	51209	130399	64377	23096	10617	6903	7913	7471	583	7737	23163	60386	2892	10893	3831	826	3661	117154	112849	3188	51309	64919	53834	57622	57168	25775	135	55930	54982	83448	79057	3741	51337	84705	51690	4301	170463	6295	1571	445	10585	139728	4037	10487	3748	1644	54496	9633	51761	1131	9201	84707	55859	84250	9645	57578	23508	377	63982	57614	51361	9743	112609	116986	2583	23416	5570	8291	6553	80003	85397	11137	5100	4008	55270	83990	6434	56262	3590	347252	63027	8737	85462	81796	23005	51103	56924	54874	10669	9581	6496	10579	6775	29081	10152	153020	7222	80144	23162	85352	283358	196500	22822	374462	9815	7786	4123	59274	7168	5373	89941	55275	10966	773	59283	23038	9970	27	4170	2029	10500	6016	5778	51057	64969	8502	6323	51454	285175	57574	114884	57552	9515	90113	132299	6622	817	6502	23262	2561	10814	57451	90933	26230	5814	3358	79648	1807	26267	92211	9118	8525	6749	5058	1813	84623	84866	8448	9472	10873	81792	1814	387923	130340	79596	2893	5801	22878	8470	55361	55027	2890	285172	9844	10670	92370	116442	23426	27020	701	491	6854	3084	776	55799	9162	63875	9334	3362	2039	2035	201176	79190	1636	4882	808	8997	54020	5900	138162	147746	10712	151903	9684	1857	93099	4868	115399	22941	2785	5563	22854	79762	51127	347730	3754	151354	130367	152559	10109	152110	8618	85443	78987	151056	54585	200879	55764	134429	3360	2898	167838	348980	169026	55656	79698	83550	283209	23172	9790	5702	112937	27079	654429	2562	222865	7702	5579	222950	125336	146713	112476	784	10653	10501	7083	9881	4992	3761	28511	7266	23255	1128	9677	3354	55308	2915	126129	10636	23119	64118	9079	22871	7532	91752	5209	26145	90161	883	55657	81603	283455	8941	55144	57449	11346	10605	8708	9915	283848	541471	10777	65059	10534	51134	6712	152002	8711	55055	170261	442117	158038	582	11041	9610	81490	26470	155185	344758	9435	125144	56675	219749	64770	10458	54084	63893	150350	339344	25914	79369	163126	84277	283377	284424	5426	493829	64110	125170	266812	283417	26251	4351	646023	399668	7284	127254	55030	205860	201164	388394	154664	386618	284071	85453	1132	374860	64388	23760	5179	23109	5912	54112	51363	401036	4692	340146	55794	345557	9112	4703	64478	2842	646658	54039	146754	645974	138046	5413	1812	140597	752	7490	389257	57419	255275	8558	5071	266722	54014	399947	80333	220107	340529	2558	55922	4674	139599	613	79955	23270	222194	375612	28986	6572	2563	10507	29978	51463	345630	344838	144404	5649	7259	23254	23708	400745	26010	2917	29068	55190	60312	8912	57473	5456	961	6334	100129858	644596	11152	140688	171392	4644	9228	140885	27300	777	340578	4914	158586	10230	131870	4326	6262	9652	286319	124930	6263	9853	221002	57692	134548	64423	9293	387066	286411	221424	340543	440894	90333	653316	642475	1639	390205	441054	100144603	101928906	403313	10921	220164	100128714	131405	8292	7247	339263	441518	283673	2532	10962	729399	646951	55384	196913	285830	134111	283514	100131390	100128264	64641	388948	112597	118460	347549	100874055	285878	92340	102724691	729467	101410535	400765	440823	107984921	100506714	100506392	105378763	107986806	101927084	100506810	100507308	386597	100505566	124902439	643837	642345	100506274	400604	6315	101926971	100506679	100131244	100132948	729582	151484	101927560	105372840	101926913	101927554	60674	105373507	100272228	400242	84968	105371574	401491	100131213	415056	1159	100506866	101927924	101927609	440132	158	102724019	100507642	101927056	102546299	57553	56134	7268	10443	101929595	728769	643911	101928053	338817	728081	654790	283731	104310351	102467147	285626	25907	642797	101929176	100508120	85358	157627	100127983	100507341	107986898	101929415	91056	54551	123466203	55845	101929473	399959	100526771	254559	400046	3145	100287944	338002	729911	101927751	642366	283710	791114	29890	103344931	106456574	105371735	100505576	140735	400612	339192	400684	100996660	100507433	101927151	400622	375196	100505761	152217	283483	107986100	102723582	26220	2904	112441426	105375519	123624	389856	100131997	390660	28755	641467	389741	728317	283267	101241892	100846978	100507173	401442	729732	100421372	130932201	112694756	100506207	55056	124903183	105376121	80078	105373289	105377209	105376381	101929748	122319436	101928092	106660612	100133036	107985911	100131998	728262	729375	5387	3139	728554	554236	440934	100288175	347918	442524	692099	105373383	93164	283777
gtex__nucleus_accumbens_basal_ganglia__M002	23072	90293	381	7982	3980	57414	55750	57787	9254	8193	23177	57146	57658	23386	9369	51507	2554	55655	55778	286	55885	23196	5982	23327	27122	5798	26999	114800	5128	6515	5662	1001	81671	6602	4802	25791	2009	4649	5315	2182	483	9488	4925	490	87	27330	4905	5522	26034	9733	4292	56922	54715	862	3776	8668	790	3732	55054	2775	23348	6175	29965	8646	4897	3912	5172	1738	51310	139596	1153	5064	84861	29799	23543	4522	4923	9371	56853	8715	4168	8237	5595	79791	23062	6810	23312	6625	2068	166	22870	898	92609	1628	374882	93436	79036	6324	2931	154661	10049	1124	2887	3268	1174	113263	9678	51422	64420	26033	10367	79991	28964	8402	708	6603	9343	2743	26273	65981	341359	9847	1911	116369	10846	84498	2762	9555	93973	84100	11235	27086	1981	81562	2976	23301	8869	10494	22930	8604	2043	271	9181	4610	10000	81849	117178	9890	9789	27145	1268	84251	118427	7347	57539	9270	9870	284058	56243	83468	51538	22865	3208	4952	79903	27241	1959	11113	5585	9208	80025	9491	171017	2002	79939	93986	1804	157922	7776	23229	5119	9467	5914	2643	23277	1984	1742	10810	4628	23037	9215	116988	57180	891	10752	10717	56907	79022	284252	51765	3351	55226	27165	10574	50649	9771	1607	11143	2058	51759	670	109	5530	9746	283385	54509	11001	7385	2774	409	351	127703	5567	27005	5546	3068	23179	80222	3756	79805	55061	9898	149111	27436	57282	151126	79137	152330	84892	115286	287	92345	1016	5295	5066	23092	10667	51390	357	8573	8473	1730	55909	6770	6129	114569	26007	9538	738	226	22866	57626	3708	57512	4143	143187	498	9456	814	5796	9453	23589	84910	130940	6328	25827	5789	7070	84897	1010	80746	6503	3778	10600	159090	137970	23355	23648	3815	2114	64897	57805	54461	8867	1827	1487	55108	5116	23387	51160	6427	1973	81570	84328	93185	7447	317649	7203	23122	132204	7871	51304	64769	133308	327	84315	27012	54704	509	118426	64745	145567	4745	3747	9702	11245	55323	3419	23339	23582	64400	80700	26005	10980	255743	27065	367	5865	53917	84894	7480	51621	9758	4086	166614	9655	81831	4884	59350	10243	83695	163255	140733	2783	9854	9338	10125	26960	10524	111	91683	256130	253959	26047	170506	196996	4023	79772	57628	80059	2902	140775	157807	6197	79751	92949	63917	3350	242	84232	22864	404093	55228	81532	8905	439921	6000	161	6546	18	150084	2903	64061	254887	5142	6092	56899	3297	9899	5034	56479	84197	257240	10623	57496	728621	54331	27445	23040	2650	26059	23029	149297	642938	84933	11122	151525	3376	51466	165679	55684	80055	84301	55753	10533	284370	6709	23315	339318	26052	57209	54870	50618	801	10497	347731	124900275	84243	26095	2550	100506731	3150	414918	9946	81890	5500	64506	441204	400123	5534	2189	642852	285954	100505996	102724224	100507171	101928616	122539212	284798	100506930	100129620	654841	400958	100189589	10093	8577	101929066	56138	101928174	100507043	56109	157376	8641	105370648	107985879	101927957	148189	80755	728752	29057	122539214	57636	11072	645485	29798	101927278	105377294	102724316	493754	399815	79986
gtex__nucleus_accumbens_basal_ganglia__M003	6863	55001	4057	1355	81551	57210	3755	6301	7204	64848	116984	4826	79763	57143	8625	11218	51167	30836	9744	83642	6865	23016	23033	29992	64147	990	54187	55168	56241	8220	23170	9978	10490	57452	26133	51098	10732	79133	10398	79863	55125	79576	56062	55815	65057	65990	8669	9266	84182	4969	64115	10360	23560	26098	9400	642	51003	10014	26511	4126	10227	3083	23130	1119	26127	55856	5810	3274	51011	2888	6711	550	10153	5334	10745	51463	3399	9129	9588	29937	57488	6794	5493	56252	57862	3433	30819	1	84083	57670	3071	29078	84080	90203	88745	4201	399512	6633	1340	5471	80115	6183	56984	1032	25759	81	26152	85313	126299	1327	5901	23480	83876	5738	51303	3939	9704	6610	84284	79074	83605	26750	55339	23392	7507	90871	25844	58487	2542	64776	6176	51626	57575	1062	145482	10363	8720	51651	126374	6135	57645	10130	4211	9391	9711	91272	401262	7162	154214	55086	91782	84504	54805	27315	283212	9651	121053	93081	6868	130074	9481	81559	522	65258	3361	83850	8365	9542	117145	388284	55721	23076	54058	9592	10898	4796	54784	246	124093	7627	4116	79677	129880	8545	130557	9255	51385	10085	153396	54468	55335	364	219681	220296	221154	53981	119032	65084	4130	125058	53916	84807	283248	146664	25837	3921	5871	80346	6440	79867	123355	284004	79724	29071	64080	9427	93426	2845	25988	118487	148203	90288	283985	83591	26472	257364	81033	84733	83759	9024	1212	9832	51046	3615	284241	59344	79730	122525	81858	340390	727957	124512	134553	28955	23265	389075	100506504	2621	441061	64410	51807	11066	124751	7469	147111	374395	256329	338657	283149	147645	91404	349136	374407	125704	199777	130612	441168	1364	401994	5770	85012	4311	387601	162993	64771	140612	113835	146540	135398	91373	65992	339541	100128531	642574	619208	100133077	83849	10471	5089	80741	57540	3134	444882	645426	50840	4056	2592	728597	134121	100506302	105378147	105376292	91316	401251	6171	105376736	105370670	101929147	107985040	101928000	100506469	154790	339400	100507398	105378828	729993	9884	280	25764	632	147007	284080	55766	100507401	100506668	124901151	100129917	401172	100505616	105375624	100130155	283177	59348	56242	100506606	105369758	643246	283624	100506071	79178	107984827	105372419	115290	401612	284106	29964	105372079	105373085	102724156	285905
gtex__nucleus_accumbens_basal_ganglia__M004	204	84254	2115	60528	85477	51533	26993	823	9519	9774	8498	26009	27430	9765	6307	84957	5318	23200	55718	8776	55711	3735	9892	10294	10947	114049	55117	6720	8907	8301	4140	5250	22978	9063	3991	2222	4208	23136	26747	55239	2521	23256	57556	54822	9209	1390	23031	51386	9701	6305	1727	8897	6767	10598	394	22981	24148	26164	5358	5931	7355	2010	5230	84061	55578	1186	10273	7329	3163	10391	23205	79752	4683	23484	4741	427	1891	2821	83743	3978	9512	4967	5425	727	1993	11196	9211	9570	27077	7531	1998	27309	57620	26610	9379	975	5985	4839	1108	57515	9896	59084	55914	23107	6678	10915	8992	80315	51421	55186	7029	23150	51277	2820	51130	55120	2744	51652	4780	9829	6513	114883	1385	81573	6696	51004	4601	51019	1191	10237	51193	1314	9559	11059	79809	84172	8894	22890	55288	8021	64768	6597	9514	10651	1123	1854	10776	9526	9667	51429	84816	83861	8500	10948	83636	26057	57511	10250	51669	10390	129607	3572	84991	51444	6733	10492	57231	85021	2752	65080	26122	9882	9445	10241	116113	54839	80021	8634	80204	10128	1838	403	55032	5593	57117	7009	64062	4857	4916	3801	396	54808	91039	51097	9859	3899	55016	153830	78991	57502	5631	137872	8667	11128	4863	2900	7068	288	2132	79691	7073	5213	2697	9412	3192	116150	26256	56934	5799	9372	26100	8450	4681	84134	4047	1141	8878	5701	148423	8682	64216	6944	80128	7048	100507246	23350	8314	7086	26354	79012	55255	23366	1508	7534	25879	26130	7415	7417	10495	23203	57447	8945	50810	80063	115752	2923	2879	90522	6730	57215	8754	7386	93380	7360	58485	2018	55890	79071	27258	5356	4300	83452	1072	78988	79834	90441	23333	285704	128439	148808	6138	545	92369	10025	9776	5771	9240	7156	23283	79605	285343	9500	7710	22827	79673	5877	56941	4753	79135	84981	51114	90321	1604	131034	51434	399687	199704	128486	28512	57708	51062	11321	112970	101928673	1797	79600	79583	54458	23636	100996307	728190	401398	101060691	400619	378805	729178	150568	23600	347689	552889	23642	26065	83593	728841	100506710	359809	100289656	5380	124906262
gtex__nucleus_accumbens_basal_ganglia__M005	3075	57679	10181	9020	5310	10747	10867	54476	7414	79567	10198	23224	57475	8975	63916	2817	54887	8621	57560	54916	2011	51175	8672	25930	4162	3835	4779	57531	4799	8814	80336	23295	79848	157697	7297	7091	20	8729	23185	22794	1801	90410	22897	80018	3910	57666	7072	7840	54856	23046	1889	1509	5325	25782	5826	1788	64225	540	8189	284800	10616	79414	6776	23352	63922	23030	85378	4016	23383	547	1786	55422	84905	64087	23225	8864	5791	54739	3508	66035	81846	54841	4076	3679	54806	81618	153090	4926	1848	23344	7453	9905	9520	6563	494470	9980	10498	1952	81609	2177	9686	114790	9879	56996	4715	90678	92105	4684	23310	140890	4343	54768	57728	115992	6002	29	54865	84449	197335	81629	57577	23001	6314	114788	91147	84720	8559	153579	8509	4088	51117	124923	8085	114823	23524	199223	11273	23214	4798	6773	64137	54971	147687	57674	6578	146691	9772	9659	2066	5198	80169	285908	79813	64219	9625	6448	414196	338707	55666	7267	754	339039	57634	646851	9146	4582	26013	89782	55599	4137	51547	400673	728661	23654	1612	23061	8831	6584	197342	6687	9814	283489	55251	4439	7916	5150	57139	1375	6453	100128788	57194	400954	440270	53822	101927621	389634	100287722	284757	105371450	101927289	100507582	339789	100131434	727956	100129203	339874	100499177	101929709	441046	105376541	493900	51750	90799	105371423	283887	57597	100507218	101752399	80039	84726	283755	100132341	100134869	132241	400322	388165	440248	728448	339483	7608	8418
gtex__nucleus_accumbens_basal_ganglia__M006	29116	5980	3097	55703	9604	51071	4285	259282	9498	23223	10806	29927	4659	65125	10838	22998	5255	5597	5217	51095	23151	23609	7155	57103	9984	8556	11266	3682	10464	56910	8895	2060	55230	51194	29887	10961	51322	11018	23523	10175	51382	9786	23002	9770	26512	10664	9100	5934	23322	57020	55284	54332	55156	4125	11112	54662	57589	657	8036	8453	8787	4355	7323	11275	7468	29118	1982	57122	55754	2246	79770	5917	604	25852	57415	57088	84173	23451	25843	3069	79954	9167	5000	1386	4139	9731	81563	57035	9331	9414	5887	51646	54812	404636	6950	79712	92	83786	51119	64430	23065	5322	8910	813	91860	25938	4901	55274	164395	4772	5538	123811	22800	80017	55140	91408	3703	9413	51347	60561	7024	10956	9470	9805	10006	2800	5519	51191	55132	23710	144402	5636	22901	4864	4089	79932	9869	52	23190	54826	7403	6567	254427	220965	118924	54545	120379	64067	667	57105	57724	134359	23171	60592	55740	81552	29761	3098	195827	84919	56990	60313	10020	118424	5316	6285	6132	51005	6159	132789	92703	23114	25871	2982	134510	84135	23514	221656	113201	6809	10982	7644	257160	7171	1642	1499	54899	65110	2720	90338	2110	6606	257019	257194	1657	5091	5707	163049	253827	144577	152815	256356	84747	7525	153129	7334	25915	54762	285331	387640	284406	7485	9798	6472	285753	100288332	114781	401145	9276	23768	54622	10933	157567	10168	7100	50859	54413	2104	6925	55532	51321	11194	3064	57547	23127	7936	90233	83538	10866	338799	11116	339210	51024	221710	642659	401093	101928435	100506365	84740	7703	7772
gtex__nucleus_accumbens_basal_ganglia__M007	799	53616	54443	2556	933	9846	3371	5733	57458	28996	8537	5588	83641	23446	1258	9448	9620	5337	9576	8871	58476	10590	56650	4036	5241	6579	2346	7018	6319	5816	10110	51090	79152	9738	27113	93233	828	4099	8701	23242	64077	9644	443	5414	30850	51088	5450	51555	5136	5129	7276	23120	5354	400961	745	26030	2123	7103	10749	6035	2302	7137	23149	5638	341883	59352	5158	4922	89978	948	26298	1783	80705	57471	5168	26206	7225	1588	2201	84915	11226	27133	5046	91807	90506	8612	5746	6769	83853	10788	23500	9705	220108	5305	285313	133690	25780	153643	123872	63895	91369	130540	200162	10563	85414	127731	80274	286207	79957	132671	151647	151651	55314	64399	2151	23176	222223	216	55503	79841	4176	146845	29785	5653	83659	4336	2339	200403	79628	114787	169044	2705	79905	2861	55561	4815	554202	220136	57571	348938	60495	79625	1267	220416	7368	201625	9134	158135	10301	11145	80122	4642	666	256536	56475	220388	128218	5781	246213	222166	144321	146802	225689	255101	29119	8073	6900	4303	83656	127602	440585	57698	6917	8632	401498	257177	401124	341676	93377	4155	3792	1902	7405	9745	57165	283999	4340	643965	642394	55779	25790	286827	730112	401022	387486	729658	284835	100287225	100128675	100507336	100505832	102723854	101928231	101928304	100873947	728431	117751736	154092	202299	439949	101927641	285286	100131176	55861	255130	283152	100505875	124901076	100507377	101927459	286186	196475	283335	101101773	124903732	101927009	148145	55879	110806277	101928583	440905	105377188	352954
gtex__nucleus_accumbens_basal_ganglia__M008	3683	8277	6401	9235	695	5329	240	9961	6556	972	1890	960	4481	822	10863	6916	8531	1117	10797	6688	10272	55843	3566	5788	2533	3383	5742	29760	4650	5008	27128	4689	3055	10406	2564	951	10859	10148	6510	5294	22797	9267	51225	54757	64231	51338	3587	10114	5777	1809	942	9595	3554	9173	6446	54440	64333	1017	54436	3659	3553	9322	22918	30817	3976	57153	79651	2670	5176	241	4064	1794	90853	84868	3569	64855	4609	7097	834	580	55647	3394	6398	4542	89790	6518	3339	963	2212	6279	64332	51316	6768	83706	2209	64407	26353	118932	112616	57822	56833	2207	714	861	1234	3101	10630	7805	79961	79626	6280	56999	1230	133584	6850	1536	26253	3903	51129	11314	147138	114990	3965	6039	3684	929	126014	116844	5031	719	10855	713	712	4973	8793	64859	7096	8061	7056	3059	25825	1436	9021	55911	257106	2359	387763	348645	124602	284759	51284	837	5265	1438	84433	7052	2214	9935	3122	4489	10437	1052	80830	101927070	105378909	3113	643529	105373158	101929335	79168	105369147	100233209	100505994	101926904	105375743	23601	8778	101927931	102724646
gtex__nucleus_accumbens_basal_ganglia__M009	6224	27175	5954	770	57595	6160	27125	54472	50509	5351	6193	2512	6128	84502	55954	27351	140730	27344	5611	5516	6217	6142	7464	23413	9148	10105	6143	10493	6164	50862	56341	10019	1389	1337	6206	6152	51639	6697	6230	9480	84272	159686	84918	63931	29103	6125	5204	60598	6204	116138	5623	9349	24141	25824	79575	57470	6155	92154	79363	25934	1318	11258	6229	6205	23521	83442	6202	8804	5202	57007	6161	10550	10769	167410	84249	53358	6838	2197	114134	9531	653489	57338	9508	10163	124044	55450	23379	158405	64112	115708	5092	6157	51435	149603	10791	219738	57684	8507	6227	6201	114900	6169	156	127845	81876	200407	246184	2788	8408	6181	54494	5430	84439	6218	6165	57118	80258	3768	54328	340542	1850	6991	80757	400451	374920	401190	10383	23424	4666	55966	55534	6168	55924	9747	4541	4513	4519	63906	4536	4540	4512	4537	4538	4535	4508	4514	390980	3133	57469	284402	113219467	4539	400798	6235	388559	163033	91368	6173	5032	23741	100507421	10418	100287042	9554	91608	4302	8330	8857	100862671	114841035	92806
gtex__nucleus_accumbens_basal_ganglia__M010	5689	11284	7984	7629	29090	56113	51605	7597	25813	5753	2491	64428	1155	8985	10467	83937	9110	9094	4055	283383	4883	79825	64175	8643	3925	57489	4495	51691	10155	116983	8471	55316	161253	91978	1291	10256	84970	4259	7873	10957	64599	114822	388591	56063	85395	54987	54587	5364	80318	155368	114780	283234	8233	10555	131616	7314	153572	8841	1051	566	150678	80011	8824	7388	7352	3291	112869	23141	196403	7318	256281	340061	23762	10336	79943	116985	285093	165186	140465	160	400931	100499483	90987	2664	54923	80863	4496	10215	401089	9311	84960	51239	730087	29803	157574	387804	105372971	100506409	90673	645676	751580	100132273	387723	340526	90342	728888	100133315	115804232	23246	100294362	100507373	284021	155060
gtex__nucleus_accumbens_basal_ganglia__M011	5010	23187	6642	7077	2824	2065	4710	2263	118	117584	4242	55313	54922	683	6484	9976	84727	26235	7942	4548	7852	10396	6631	30833	58504	58533	2593	25796	163782	5502	27097	1593	93643	80031	118663	84216	57161	11221	255426	92715	80071	291	152137	85445	4900	118611	114	10069	255027	11269	57519	6271	58191	80178	4880	57018	4712	159195	51700	146227	26585	51148	55762	51252	3592	79663	83787	5734	7423	200933	80227	286262	23625	4808	254251	200150	390928	131096	267002	100129196	148254	282973	9725	23660	127687	85028	2153	196051	643008	339453	1427	4207	51025	284293	101928527	102723605	105378753	11185	100131089	124901067	26589	101927793	101928738	54460	389033
gtex__nucleus_accumbens_basal_ganglia__M012	56603	928	22884	51528	55749	55726	6557	27098	594	5684	3091	22900	10282	196	54868	8649	83891	26973	56890	8899	10923	9736	80267	1429	34	5955	92344	10434	262	4552	10236	83744	2770	23111	7178	79577	29015	55312	54583	80896	1910	57129	5547	5495	81624	92906	84620	79634	7110	83939	81545	51125	26278	64417	29970	64092	132	8880	1520	204851	57650	5783	201895	25898	29896	3190	203286	1073	54920	2786	85476	90693	10678	10972	2857	151827	7690	93550	3267	345757	79666	54880	493753	84924	3638	10210	23116	11179	259230	152098	81856	387104	92482	6234	220930	284276
gtex__nucleus_accumbens_basal_ganglia__M013	1750	4293	57709	2983	492	84708	119	51412	5063	3797	22924	11332	112755	9145	57144	6855	83692	54550	793	5864	25789	55531	22818	10486	8936	2566	23548	2257	8745	22987	23349	170685	57468	78997	29993	63908	9143	7533	3746	23025	25830	6860	78986	9764	91875	6326	2572	6812	6252	83851	285533	6327	144423	115827	9530	375323	23057	3745	55607	51735	9900	150726	8927	9348	1020	55530	55800	10904	85300	51617	5569	57687	2596	8851	10409	205147	80034	27439	256714	5575	51155	388662	192683	114786	84258	51400	91584	1159	10687	23732	284615
gtex__nucleus_accumbens_basal_ganglia__M014	51330	7305	3309	1356	7132	53827	5996	54209	26517	9127	80832	8140	57817	944	1440	9450	1154	8548	8835	57413	79586	54210	1026	718	5880	27180	348	4148	10894	4907	64759	3687	51365	9180	4794	133	10205	132851	3606	196383	3017	3689	2634	219287	132158	624	285966	202051	2357	28998	3603	51504	11146	7351	4261	23526	29796	84937	11006	12	79788	283420	114769	199	7940	5699	146542	23547	720	100506282	103752584	10929	100506516	140
gtex__nucleus_accumbens_basal_ganglia__M015	51564	1308	5909	5289	51150	114880	7093	25939	6594	54457	23125	9600	2054	730	5144	4209	113452	11155	79039	4835	9521	9732	57631	23164	84332	10505	29109	9290	79969	10150	641649	139818	818	775	201163	114793	283130	163747	284525	133015	120114	11092	55863	142684	253980	2523	118672	2130	283643	7784	9260	2710	65986	105373390	90423	100287592	101928136	105377633	123706513	138649
gtex__nucleus_accumbens_basal_ganglia__M016	9410	57613	10914	1471	79006	208	573	5730	5216	515	8704	64756	2868	79144	55321	50632	80758	84330	29889	11061	81873	92579	114804	165257	84532	123803	5745	11282	51375	6881	55897	29123	57348	94274	2495	5867	51282	198437	148014	56888	57104	9377	51333	168544	51329	91689	90135	122622	284018	284739	147658	84455	780	55851	727800	100505771	387882	90120	57026	401115	109729181	100507588	79148
gtex__nucleus_accumbens_basal_ganglia__M017	5976	54972	1535	6550	744	65993	51006	3781	7760	23351	55969	6901	3299	56061	3783	3780	28959	9355	2022	54516	29102	1647	6883	152007	79269	23363	5335	56897	5269	10365	10452	7322	84722	1284	123920	6187	90580	10899	196743	51128	4000	160622	147015	90990	4696	84331	8722	7025	440556	126003	6635	23764	374899	1282	123096	8733	51157	284184	439994	84973	101928098	100506881	102577424	100131691	79154	110806272	150244
gtex__nucleus_accumbens_basal_ganglia__M018	23129	51265	10290	54437	1307	10013	7249	9780	1936	64983	9828	10058	55268	10485	3911	54991	50853	2317	57176	6457	497190	2588	10650	57140	79930	210	4851	115817	8566	84911	90557	84818	79778	116225	117155	4597	54777	22877	9282	91050	9968	101059918	134637	441239	645811	1460	440944	3073	27040	25858	101927117	107984948	105377986	5297	55052	105377105	285796	56260
gtex__nucleus_accumbens_basal_ganglia__M019	29954	6540	51099	6646	23013	4638	23216	9650	79658	79650	835	91452	2549	23398	25940	3437	9227	989	4149	65249	272	183	86	64116	84656	55793	2590	4478	84159	26040	54463	9510	79993	7098	254778	80305	79694	3981	116068	201501	79184	89853	1290	55366	2074	101927359
gtex__nucleus_accumbens_basal_ganglia__M020	4706	51121	4637	27037	1347	81892	4035	514	4694	1350	8924	1349	1875	2958	25874	6637	57700	9556	7381	112942	154791	1345	27018	10632	10476	4725	3094	53342	84833	1479	4707	6612	6613	4697	5478	9551	539
gtex__nucleus_accumbens_basal_ganglia__M021	63933	4313	6923	25963	4232	55149	5573	55819	7341	11335	11319	5682	51250	51241	92259	967	96764	10964	8533	5686	54499	805	1060	6251	6188	518	79870	83700	124491	53637	26275	131118	7416	29092	8420
gtex__nucleus_accumbens_basal_ganglia__M022	10402	119391	283638	8721	196441	4152	6993	56172	138311	90701	23192	521	123591	4135	115196	10209	8225	54344	284459	64963	10519	51186	9742	56882	27233	26071	221786	374887
gtex__nucleus_accumbens_basal_ganglia__M023	57017	57506	89932	9810	2997	84445	28960	56731	6601	5045	9785	57592	774	10525	253635	26168	6778	148137	7059	1107	143162	9416	29882	2580	5187	9612	7442	6150	11232	108783654
gtex__nucleus_accumbens_basal_ganglia__M024	55732	2328	11285	65056	64130	11064	57187	5605	7979	84326	79921	55858	10238	64844	113419	286257	11023	1633	5097	222068	2224	29115	138716	29100	6919	100506070	652972
gtex__nucleus_accumbens_basal_ganglia__M025	8284	8653	7544	27328	8287	8242	6192	10298	9087	22829	83869	80153	7404	9086	64978	7503	286554	246126	352887	5616
gtex__nucleus_accumbens_basal_ganglia__M026	2289	8874	79784	10612	7164	10641	22848	29893	274	5792	1382	8476	9941	51368	56947	53944	55031	339122	64785	5833	4673	55182	348262	84334
gtex__nucleus_accumbens_basal_ganglia__M027	54879	10857	56271	2138	23770	55907	2274	10313	122953	92749	81544	126526	3251	254122	219790	8663	6450	100113403	100505894	105369329	100129195
gtex__nucleus_accumbens_basal_ganglia__M028	65220	10771	8243	56970	81857	56259	148281	85004	8565	6167	710	83723	285521	114625	100128398	55884	55015	170622	102724768	283131	155400	57212
gtex__nucleus_accumbens_basal_ganglia__M029	7105	4734	7037	6507	6729	113278	81619	4891	84812	5825	196883	51163	347734	80817	54893	54851	23580	6525	79754	51703	147906	5175
gtex__nucleus_accumbens_basal_ganglia__M030	64847	55604	22929	26227	2935	114971	8683	3155	1573	839	145407	1583	284111	55164	1831	64699	10449	84140	441094	27297	101928290
gtex__nucleus_accumbens_basal_ganglia__M031	4713	23474	81847	10975	4695	1329	4716	4726	55651	253714	54995	27089	3622	26996	125988	54998	84316	8694	51079	64968
gtex__putamen_basal_ganglia__M000	2729	54467	843	6542	79657	10943	3920	80853	57157	8842	9043	6482	5310	7812	54799	54443	1634	23376	10463	9782	55349	27032	92745	477	4719	2730	8630	355	2530	159	5981	8452	54165	4254	4052	57492	6307	51742	23224	58508	5318	9474	65125	55650	23041	10513	29998	5378	10203	3843	55248	83641	4756	5255	7813	5315	2261	221395	10060	10640	8440	23161	6196	79901	7037	51095	23291	10335	5151	1183	6605	10979	10644	6480	55421	11343	55205	23151	27332	55973	4292	83992	7107	10529	2782	8028	117	9452	83737	6507	7145	4983	55604	5236	5794	8671	6595	23431	57092	55218	8555	5241	905	22837	3693	11342	25978	966	2122	57531	5243	79796	8898	51593	51701	84678	2521	9843	8761	27327	3655	23231	7430	4436	64376	3983	79956	4670	23209	6655	9517	5494	1983	79882	9252	655	128414	28316	23347	6907	10735	6594	2332	259232	3839	5257	80777	10391	8925	23205	7082	51366	5802	1954	22900	5143	56006	5445	858	3955	8887	5803	54664	23081	23586	5599	59338	3988	9969	4927	26118	64854	8649	27309	1363	23321	7468	2743	7358	23360	54414	6506	8496	41	79611	57460	1027	57122	135112	23328	9439	7101	10767	7957	9444	26054	3157	23530	6678	9685	80006	23286	1809	1962	10051	604	8850	11235	2632	26084	4820	6787	55683	150465	7535	57669	25801	79745	55704	10314	2202	6772	55818	6801	23683	1615	5334	6509	7072	4780	5396	6342	5906	9829	3953	4548	387338	58155	23120	26234	9429	23307	84263	58517	4329	10936	3416	3437	57678	26123	80177	8405	80218	10804	64786	29899	79903	54482	5395	55975	84668	1271	800	8034	23389	8082	466	9926	2181	57169	6745	6662	10485	84172	284800	6238	128637	10236	154796	22890	55112	5648	84239	5908	7103	5787	26664	23499	5782	9732	5420	4698	57045	54832	23022	51105	58533	9459	6874	7776	54882	23167	79781	3691	22889	29958	201266	474344	55303	91298	3612	272	3295	83876	4853	57498	91768	6660	55250	9415	55082	2113	51014	6733	4076	3679	9053	57224	2799	2752	9857	9648	55681	23325	9445	1102	28988	10241	6426	7716	11143	55627	7099	152006	55667	116113	51439	4750	10413	5962	79811	102	51196	310	79800	6744	3685	9728	84888	2247	658	8615	79807	51176	53919	282809	11226	5925	64062	85439	9990	6938	256586	7090	49855	55180	79068	1009	9611	55197	114876	6563	57521	5366	63976	83872	57592	7159	1130	9859	129642	9580	94097	23190	6769	54756	9039	64332	54532	285440	10299	25816	153830	10146	84249	55023	57583	27316	11160	6867	137872	51110	7013	29967	4915	221074	6935	5995	2746	120	1979	25891	472	3619	23284	2823	23657	5756	9223	132320	55691	2059	79691	152485	54842	80014	2555	2895	127933	114908	8404	133686	2697	51351	153562	5352	166647	1070	50807	80790	23576	1105	124540	284161	25890	23043	4685	63895	55529	51633	55326	65983	23367	65062	90550	286148	6103	60685	23522	6529	7804	132949	1859	2078	257397	445815	114793	150946	2176	55179	26053	137964	51735	6651	23515	3141	9813	9619	3570	2905	8613	205	3716	8880	7412	5824	148362	27185	3625	10611	2565	6565	116064	23001	23350	64419	151613	54861	64850	80335	79884	202151	153733	22836	253260	167153	23305	54329	222223	5828	5885	23353	55074	501	57462	5277	538	220972	220963	9147	27069	7248	219736	153579	143872	154810	2200	116159	1200	80323	65084	9665	162681	23306	54893	64400	84064	79003	283987	23524	3516	55788	3800	11031	6774	157638	6383	9839	6091	4648	9283	201931	10015	10491	2018	55890	5272	3344	9788	1901	155038	171023	2186	2628	596	4300	5728	361	554202	51030	8462	54205	6641	7690	55970	7572	4299	5916	283450	22992	1605	5797	27333	124152	201626	170506	1488	9134	196996	2	414149	205717	153129	440556	80205	347862	253461	7182	25945	3766	79962	788	285668	168537	285343	2262	144811	9378	374986	8334	55432	25994	91351	205428	79673	25834	6472	3985	6304	7267	83733	221178	23705	158358	84133	23194	5101	155435	26985	25840	169611	6667	286183	55599	54103	10623	4675	5465	7003	7874	6917	8632	5359	340277	339287	120892	54510	57573	222553	2104	388566	5094	5718	10438	81031	284370	55742	100506658	4641	54898	444	7405	285989	10920	27347	10479	9909	51714	100129792	830	1756	9848	6096	286144	55366	642394	57194	84986	100190940	440270	388815	729852	5520	101927027	401022	100287225	266917	100507336	196047	107984948	105378909	101929302	117751736	100874222	400618	101929467	100507612	339789	101927152	6997	100507524	100131176	10137	645323	283104	101927233	255187	100507377	55000	440138	100499484	9865	27164	101101773	51750	283547	101927009	10418	23380	284565	103689912	100101267	388685	57223	31	283755	441242	100134869	440248	100132057	6648	101928079
gtex__putamen_basal_ganglia__M001	81887	889	4074	10180	23077	5080	55735	29116	7095	51603	6540	55727	51099	51096	55703	1355	22902	25960	2273	64429	51071	84245	57120	51528	9709	2581	57602	29927	4659	54432	1431	22998	9950	9650	387	6093	865	27248	5837	4734	5597	9948	79658	23503	8243	7879	23609	25996	10179	9138	7155	9984	8556	9817	51006	10847	9933	56650	6932	28962	9689	7514	8895	2060	55230	51194	54469	57655	10558	2802	9878	51322	23759	23598	10043	10419	5836	10175	23002	9894	89932	80344	4792	23394	9675	81617	26512	10664	79650	29070	55697	9100	9093	5934	9810	6788	64089	2267	2997	81857	10282	857	11112	835	24146	95681	54829	57589	657	91452	9644	64081	57532	55163	27077	1655	5376	7323	2549	7466	51166	1665	3312	1982	55626	4928	4891	10988	4048	4739	26268	1297	6908	55722	2246	4090	1452	57088	28972	30818	2335	64895	2677	23451	84812	3069	151393	390	1386	2956	4139	81563	6738	1429	4179	79033	1266	5825	9588	57134	23673	64747	9414	51552	10783	83982	7010	80314	6883	80209	10808	23435	55791	92	989	51251	152007	80760	65244	51604	8675	4552	10199	83732	3834	56731	64412	4149	83786	51119	64430	23065	2770	813	3712	91860	1635	3609	112487	55274	25814	4772	10197	1160	6117	4678	25778	23111	7178	123811	51520	1875	22800	8650	1965	79577	85004	7174	9413	51347	6926	9988	22881	7024	183	54583	86	4711	11311	9314	2800	90865	54840	9873	5612	5519	54536	51163	1763	54529	55032	81556	51191	3184	64116	5998	91445	144402	5830	4060	112840	663	10499	55466	9960	79631	5073	5636	7157	4089	3454	473	10026	5451	54507	29956	8751	2590	79634	1745	85403	91653	81608	55646	57721	55814	7403	4478	6567	8601	50808	23245	26091	118924	54788	710	79780	5331	84159	55002	219854	54545	1737	120379	5305	64067	667	121256	29970	57724	24138	85445	285672	10018	60592	54463	55740	388650	51582	118813	6566	84108	3098	4323	84255	114822	64849	84919	10020	64699	6464	103	622	26168	51005	220002	84447	79656	115209	11080	824	80232	56916	10602	118429	55249	285203	55356	79885	5783	6184	114625	308	80817	79993	84059	836	134510	7098	221955	819	23514	6522	221656	84267	58526	84720	1073	123016	9188	8065	119032	118490	80975	6778	5090	399665	57171	257160	1499	8313	10713	153241	3187	90693	8706	2720	7314	10972	23204	8493	90338	9637	84522	10782	5621	9451	257019	28998	79694	93550	1717	4615	60495	6777	163049	114897	5936	57659	3981	51574	152815	79666	84747	116068	7525	100128398	55884	54503	196527	5074	28976	2885	25915	54762	254251	2731	23512	147991	23580	116135	90411	404201	120103	55783	94039	9798	22906	8241	6546	9802	23258	220	9276	201501	54622	79184	100129196	130355	5501	3840	11118	3638	152100	65243	284434	163087	401541	375743	643155	100129583	647135	79754	2547	3066	6925	55532	7442	51321	92070	541578	51703	11194	342926	23116	11179	6721	339448	26128	84288	1290	90233	65986	8293	338799	51075	51024	6293	221710	387486	124902477	64288	101928846	10552	550112	56112	80022	126661	388524	652276	57212
gtex__putamen_basal_ganglia__M002	381	4706	5976	57414	115098	51188	10233	7260	51121	1175	84062	89801	64951	29924	8943	4710	782	9399	3421	55593	4943	139341	537	5566	5250	60	6626	56915	862	5050	3682	22924	231	10573	8079	4708	57106	9552	51310	1725	5714	513	4713	5434	5902	84861	4809	10126	27349	4174	23492	2287	5693	51016	26090	80331	5688	63905	191	116092	10005	11040	10084	8266	8237	10204	50855	408050	10273	6923	10423	79719	284352	4946	6618	28974	26017	10775	9141	92609	25999	51073	29086	8775	10567	374882	5518	51398	23770	2931	6742	51142	4521	6119	9275	10952	79004	27338	5709	5216	8402	6945	29098	4717	27339	25906	29099	9049	4728	10094	22818	51258	1337	51596	51069	1347	5201	8992	1627	26355	9616	11334	80325	1716	10120	5496	83444	9801	10494	9167	10056	51253	11315	6723	10969	4709	4702	112752	81892	9409	311	514	6631	116138	4201	55831	4694	51081	2962	6633	80023	3704	64949	83658	1340	25824	58506	10245	5605	1350	5300	10975	7277	85359	9296	6638	10038	4738	51295	147965	64981	51690	55201	25804	27243	57470	93974	56342	22927	529	1327	1349	84313	4695	83636	22907	23480	93611	84707	55859	84330	78986	10542	377	8933	8565	80759	2647	23017	1329	23479	5695	10244	81873	11258	64776	10063	84993	4704	84934	79035	10300	4716	28987	396	51529	115024	84299	10907	6647	57410	10498	5694	112703	51070	5195	51506	5546	79590	3068	10456	116841	375	6637	4726	55651	10667	153527	192286	4191	54539	10682	4715	80142	9446	26229	738	226	23457	4718	29087	112936	498	23171	518	55361	9556	7381	115416	285367	127281	64897	9577	63875	54461	124995	516	11267	5710	5692	84303	1487	9114	29101	10444	151903	56893	51728	50651	553115	57863	112942	388962	10109	6746	80145	4043	91942	4724	27089	1345	30968	509	5702	4714	25911	51647	27018	6809	10632	2879	80700	84717	51031	55611	84926	10476	10980	149603	4725	29100	7386	3094	83443	58485	9482	26145	27258	2941	4696	79095	10465	7064	55352	10248	2783	5499	78988	150684	440574	7388	84833	348180	10302	246330	65003	3265	126328	125988	253980	55690	131408	378708	1212	10589	83638	54998	401505	1479	339487	1351	126272	79446	401466	51078	66005	55272	4729	84987	9377	54512	7284	1537	2193	9500	90480	64928	10193	64963	6635	51335	84316	161	91689	10856	51428	116541	56941	4707	10607	28958	283871	51286	55967	6612	140597	4733	10134	527	51079	730098	729967	389541	26155	25920	4697	51155	5478	140465	160	8270	59286	439	9853	91300	79065	2664	10471	6048	7407	221545	84324	51451	280636	255758	402	57128	51400	51025	440400	6844	55009	100131801	51372	388789	84964	4830	51373	79897	9551	10093	539	3692	55052	4831	11344	25864	10016	400916	90024	729991	55845	100506844	6182	9939	100287932	54460	80755	112812	4701	9326	5691	84311
gtex__putamen_basal_ganglia__M003	1080	5893	57679	10181	23028	25998	6833	9855	8938	10157	10747	933	57658	9961	23144	823	9716	5583	8439	26009	9440	54477	55761	8975	9696	51564	84649	10347	1606	8621	9682	57560	54916	4335	11320	51175	8672	25956	25930	10615	4162	9139	8569	3835	65985	54437	91746	10523	55624	4799	43	23368	9727	51168	23428	55072	55632	9209	29911	10521	8814	114088	6430	7443	9362	5411	5875	55738	79913	80152	65057	79726	1186	23062	653390	54332	3783	54938	8175	9441	58509	79846	51422	8729	23185	28964	1819	26151	51809	22897	80018	79676	1108	2784	2030	57666	7433	80146	23178	64766	54856	3964	51463	57035	55758	11064	1788	64225	2185	540	79809	55715	23163	3276	63922	23030	7979	9514	222256	54982	23383	79057	547	84705	23149	10585	7317	5119	10487	6533	64087	5894	55037	51308	54496	3508	10250	84250	66035	9645	5977	9811	79022	54841	9743	10677	54806	4193	26122	4008	570	3590	4926	283358	9746	55716	5373	9520	10966	6904	79932	57530	23126	2177	29926	114884	152404	8893	9879	56996	64599	79648	90678	27315	5058	84866	55768	130340	125476	776	388591	115992	201176	4882	23181	84449	197335	23385	57018	79753	348807	55764	2912	4886	285613	55656	91147	286464	3636	8559	9790	6764	124923	84940	199223	146212	79867	55308	23214	2194	84894	285596	57148	6773	79801	57449	8841	85442	163255	91749	4485	582	400986	81490	10301	283377	79751	57184	285908	50628	201164	79813	55666	8398	7469	8558	9146	26013	54014	23742	84859	55922	4137	51547	2175	29068	283970	57473	100	100129858	1778	27044	23061	8831	171392	6584	6687	440295	54870	339541	387066	4439	780	653316	642475	5150	100128788	645426	8292	2532	8906	55384	400954	153684	101927905	64601	388948	378881	728190	101410535	101927300	729658	440823	101927621	389634	100506714	100505774	101927084	91316	728537	100506274	400604	728730	100132948	8847	729178	101927289	102724571	60674	284900	339400	415056	100506866	101927056	727956	161497	57553	100289388	101928053	284080	338817	100505894	283663	102467147	339874	100508120	100499177	101929709	157627	100130155	493900	23642	64150	90799	283710	791114	100130950	283887	339192	100507218	100996660	101927151	8517	107986100	80039	29964	80179	102724859	100507173	729732	100506207	102724156	106660612	255812	107985911	100132341	400322	388165	650794	286042	729375	5387	645784	728448	339483	493754	2630	64940	5380	57234	347918	7608	442524
gtex__putamen_basal_ganglia__M004	57019	55904	7748	26022	2115	60528	8798	54902	2137	51177	23304	9774	23327	63933	25771	84957	23200	5188	1001	10402	3735	55633	27107	7216	23250	3796	4925	55117	51109	6720	8726	7587	4140	54518	10003	2260	9063	3991	2222	4208	3842	84273	3030	3732	56605	4313	2778	4938	84196	23256	54822	114327	1153	51386	1727	8897	6767	5905	7528	26164	1457	5332	5358	5931	5230	84061	55578	9688	7329	3163	25963	79848	79752	4683	1666	5327	23484	427	1891	1209	51231	2821	9253	51343	5296	4232	5425	54926	55149	9570	9527	9343	5573	7531	4126	8821	57620	1410	4013	55291	975	2965	9761	65117	8099	4940	4939	8914	50813	59084	23107	55819	57222	80315	51421	3836	25852	55186	7375	64689	51130	55120	8869	58480	149371	6513	9670	114883	4297	1385	6446	6696	9330	55127	2733	56252	51004	64374	51019	1191	10174	26984	2170	84083	1314	11335	3181	29960	11130	11059	27304	8239	6903	7913	84899	24139	6487	8021	51309	5322	1854	9526	9070	9667	51429	9467	8500	10948	26057	3021	4147	9201	51669	4212	79768	10390	10717	3572	57614	3703	1514	25821	10492	57231	51317	967	10956	85021	10505	11137	9882	23148	6434	64844	84317	6812	96764	10964	8634	9581	80204	10128	51008	9908	950	23162	1848	7009	4857	3801	55275	91039	23038	27005	4170	2029	29777	51390	5814	5631	23052	92105	4863	85449	9472	2132	7073	5213	22878	55027	92370	137492	23049	3084	2114	56896	130617	4681	4047	6285	23387	5928	64123	79568	152559	64343	78987	54585	7086	9255	26269	1508	26130	7415	7417	23172	23203	57447	259217	783	83700	3419	143570	7702	7184	164	89927	124491	2923	51704	7644	8085	10653	6730	5871	7266	359948	3660	8754	79628	93380	83877	64118	55144	5356	83452	1072	80011	1657	65059	79834	23333	55055	148808	26470	9776	56675	10458	55254	125170	4351	79415	23302	7710	221687	53637	100287171	11257	81532	10159	3838	55256	2842	71	56160	10933	55330	23621	613	222194	9516	90321	1604	51434	399687	4122	199704	6120	8733	140885	26275	27300	158586	11321	26046	64423	286411	1797	7936	6643	7247	441518	23636	100996307	10379	3672	26140	1654	3115	721	65010	643837	378805	101928231	414245	441094	8420	347689	7268	10443	5591	29890	148189	339290	84740	7703	389741	100506710	6905
gtex__putamen_basal_ganglia__M005	4145	11313	2324	4134	23223	23105	3918	55359	6710	9744	9605	29089	5289	1136	22839	4986	8438	22895	53904	23031	145501	5173	10406	340547	27328	688	8428	1428	23420	1395	64420	5889	4988	81491	3617	1007	5618	79770	57501	29959	53632	8808	6432	81849	57488	4602	9615	943	11155	127495	79039	164781	826	84063	5582	117154	8910	25775	135	83448	6295	1571	84929	2161	1644	9633	1131	84332	9290	80774	83990	92856	63027	81796	23005	29766	80144	8499	374462	145389	55784	773	85452	54499	9970	5778	8001	221806	7592	1807	80728	9651	84623	83723	775	81792	1814	84539	91409	223117	84033	2890	200162	419	122402	1636	10417	55282	5900	138162	1857	93099	4868	246	148930	22854	1412	151056	113444	4889	729830	7015	91977	116328	83550	51084	221154	26012	5579	375607	125336	7083	388753	50834	7480	222008	4807	54777	3642	81033	8711	170261	442117	158038	125144	56674	284424	89766	3352	22864	10194	118672	1731	7054	374860	225689	285973	401036	2567	64478	2825	401145	56478	5453	653149	84871	2558	342865	170622	84570	2917	11152	222662	3897	441054	100506731	131405	339263	283673	442325	353149	285696	64641	100874055	102724224	400765	107985190	26082	100507308	91149	100505566	107985820	124902439	642345	112268276	101926971	284798	105370670	100996539	105372840	100996590	101926913	101927554	105373507	101928537	100996342	105371574	100131213	339822	101927609	440132	100507537	101928085	399829	23761	102546299	101929238	728591	149465	103695433	101929468	728081	285626	283140	152742	100144602	85358	107986898	54551	692247	101929473	100526771	643037	729911	642366	106456574	100507050	100287616	105371735	100505797	284395	400612	105371899	400622	105372321	100289341	375196	283483	26220	105375519	123624	100131997	100419515	101928087	641467	100846978	101928311	105372079	112694756	80078	105373289	105378355	352962	440934	100288175	138649	399815	283777
gtex__putamen_basal_ganglia__M006	3382	7982	5577	3675	55750	85477	57787	9254	23221	51085	2534	5725	23386	4331	51507	2554	55778	9099	27430	23274	27067	55711	7089	2009	7158	56850	7353	29894	87	2011	1739	9733	7163	5915	1781	7419	23085	5026	8668	55054	2775	55239	10059	23348	1795	27131	29965	8425	2734	1738	10580	9701	4627	57820	22981	10483	9371	26051	9949	83692	65009	79791	23312	4741	665	333	11100	3780	64327	10049	1124	2617	113263	9678	10367	9211	7343	83871	65981	23329	56994	9847	1911	4121	116369	221692	9896	117247	84498	8838	10915	7348	23301	22930	8604	9887	10000	57576	533	56181	6794	56912	84251	7347	9270	57706	9870	56243	83637	11113	9208	80025	3831	7067	171017	55288	64768	25953	1123	55930	4301	10298	445	23345	7187	23108	1984	4628	57511	79921	10313	9215	81846	891	10752	148281	10971	284252	51765	577	8291	80003	80210	50649	2058	1025	6775	84162	57619	22822	7786	122481	4123	59274	7385	89941	351	5792	3756	27436	11159	3899	6323	80852	152330	115286	57552	285150	287	55016	1016	6502	5295	5066	57451	154197	30011	9203	55638	9166	54886	80013	818	4684	8448	22866	3708	7068	10873	152789	25827	5789	8470	80746	389	9844	23426	132	3778	1974	491	26100	8450	9542	84134	2035	6002	55108	5116	51160	9684	51149	8878	6427	55260	1973	6944	7048	7871	133308	55255	3360	114788	79870	145567	11245	717	440026	9640	23582	6786	112476	26580	6520	28511	5162	9677	79740	27166	25942	7360	166614	883	2897	4884	59350	10243	23261	26960	10534	26047	9610	344758	4023	64770	57628	146712	379	157807	7156	9659	54681	9852	256472	284439	90355	8905	9112	5587	340061	5142	138046	9074	5413	7490	56899	55015	5071	84856	220107	27445	23036	5649	83862	283601	51466	165679	3914	85379	10533	83875	6709	26052	987	124930	10497	6263	9293	84243	55219	440894	79600	79958	100128714	5500	285830	678655	100128264	401398	102723341	339529	386597	414777	285084	151484	101927590	92249	400242	1159	400958	100189589	102724019	387521	100289274	157273	101929340	100287592	101929415	105369329	105370423	105370648	389856	29798	201283
gtex__putamen_basal_ganglia__M007	8379	84254	10368	1750	57172	1534	8193	440193	23154	10858	4826	5662	124925	770	84679	25791	57595	10235	8514	3785	27092	57662	51412	1641	6604	9762	6548	84502	54620	112755	283638	610	8045	29799	23551	150379	8911	79734	140730	1917	25876	9751	1821	55512	54550	23359	56704	64130	166	4858	22870	9149	84518	23373	25789	2901	1749	2051	1174	23413	9148	114815	10900	84687	1949	56341	3274	90249	10057	27086	1768	7475	57535	271	58512	23443	6543	54836	9480	26507	576	3208	22987	644150	23349	5153	78997	23096	29993	57699	79085	2892	6253	24141	164312	10893	64919	79575	9143	146330	57168	57464	1032	83855	79948	23025	170463	4037	1742	23281	2835	8900	23640	116988	63982	116986	5502	23416	85397	80326	347252	3706	56924	10669	6496	5950	196500	2774	494470	342667	7226	59283	55061	1944	57574	171019	10814	7162	2830	1730	774	92211	159963	7761	1813	64405	7070	4900	9508	3788	375323	23648	6483	146433	9478	2134	91544	3745	3362	146206	89765	1141	10712	115399	8986	163589	574407	3754	150726	151556	152110	85443	285368	8314	8927	79012	168002	1020	282974	55530	55800	222865	10904	222950	7008	57611	85300	90990	146664	57524	3761	9796	1128	766	255189	293	146395	51617	2172	81831	8941	65989	170394	11346	9854	111	91683	29903	254263	89792	339344	79369	2788	2902	6330	8408	8541	51046	23765	205147	404217	399668	51341	388394	124274	1132	389197	23109	54112	51363	3739	50801	5121	27439	646658	23466	10317	114781	152	1850	1812	255275	64409	5833	164656	5575	345630	344838	345222	400745	342132	4311	55684	343990	50861	26037	57799	777	4326	221002	134548	340745	221424	340527	80863	390205	339453	84258	645191	91584	440465	100131244	768097	389813	728192	400955	81571	90120	57026	398	654790	25907	374887	100507043	197187	83482	246176	91608	284615	2904	112441426	283267	728743	100129223	101929748
gtex__putamen_basal_ganglia__M008	23072	90293	4293	9912	6792	3423	3631	10659	340533	2983	492	3632	65055	10681	27330	84708	4905	26034	119	5063	4133	54715	1005	1741	3776	3797	1114	114882	26575	5594	23543	11154	57144	140679	4168	6855	2259	2254	160851	23322	7976	11075	7991	5864	27075	6456	26033	8030	56521	23158	79864	57562	25758	55531	81539	2026	55188	10486	202559	8936	2566	56954	2257	8745	2744	23463	117178	163404	9890	9331	6785	1268	118427	57718	4072	170685	51209	130399	63908	5126	59269	7533	25830	157922	23229	6860	51761	23508	9475	51361	5100	1607	6326	2572	10017	8999	5530	6252	83851	376267	1039	5170	81577	6875	9980	127703	84451	127833	57282	285175	9922	9515	132299	285533	2561	54438	134829	94122	114569	9118	84280	6327	57512	26278	144423	2977	9456	814	2911	80309	781	9868	5799	285172	23362	138199	83873	22986	27020	23057	261729	9162	203197	55607	9900	808	115	22941	2785	113802	2135	163882	151354	317649	9348	22853	27012	54704	3251	2562	6447	956	27065	7881	9185	9758	57484	91752	164832	9229	90161	5581	283455	8507	57687	83660	7857	2596	253152	257194	140733	256130	286205	79772	80059	148252	8851	10409	284716	203111	79605	80034	127254	139065	9495	57463	785	23236	57118	57528	386617	3786	5463	256714	3751	4753	23762	149175	266722	285513	8224	399947	80333	84529	340529	4674	23040	23270	145173	54914	389073	340120	7259	11122	9747	801	347731	192683	22876	146923	57692	134701	653308	440145	220164	348801	114786	10962	125113	100271715	100131390	5534	1159	285954	100505869	121853075	101928335	10687	257068	105376541	100506411	23732	644242	100507433	26974	338758	283683	1602	4747	105373780	101929059	122319436	105377294
gtex__putamen_basal_ganglia__M009	3075	6401	695	5329	7305	7454	6556	972	3082	960	4481	3371	822	10863	6916	8531	2769	1117	22904	10797	6688	7132	602	10170	55843	4791	3566	5788	80271	7462	5742	29760	1390	54209	4616	5008	27128	4318	3055	10627	7076	23516	951	10859	10148	6510	945	3718	10135	5294	9124	3384	51225	64231	51338	10114	5777	9450	942	1154	3554	9173	8809	8795	54440	10268	64333	3071	1017	4778	64344	1026	3659	3553	22918	30817	7538	80833	5880	3976	968	27180	79651	22856	241	3601	1794	2012	90853	8676	64114	3569	4609	5292	7097	2615	834	9023	580	64098	58516	94	55647	7453	5371	3394	26502	6398	3487	4542	89790	6518	963	2212	6279	7170	64651	9180	170954	3486	6768	90952	83706	2209	3606	118932	112616	11326	57822	8407	56833	50848	2207	714	861	1234	3101	3678	7805	2215	6282	6280	6283	3577	56999	54502	1230	133584	6850	1536	11067	57494	567	3903	51129	11314	114990	6890	197259	6373	3684	8460	4071	285966	929	126014	116844	5031	719	541471	10855	79812	713	712	8793	64859	7096	6578	8061	84617	2828	7056	1003	3059	23526	3579	1436	302	338773	9021	57121	23764	4582	10320	257106	84981	11006	387763	348645	284759	10865	837	29950	5265	728	7004	1438	84433	7052	1378	2214	5696	3122	199	11025	3133	57126	4489	3426	3105	63940	1192	10437	1052	112597	101927532	154449	3113	643529	3106	5698	101929335	100507053	105369147	100233209	100505994	101926904	5820	100874204	105375743	23601	147429	5175	101927931	284021	102724646	401577	8418
gtex__putamen_basal_ganglia__M010	9108	55148	4190	9921	11215	11345	5685	51606	5291	27095	8454	26999	57095	5218	5128	6416	5165	55737	10294	5217	29105	22920	3093	1653	55322	2932	1540	9522	81929	22911	25977	51382	26520	51527	57446	5203	8480	79133	128866	9097	8731	10857	56271	54602	5713	83693	8766	26258	55284	5862	9512	136319	2887	8976	55744	10927	5532	10539	4591	3837	57003	54940	2483	83891	26273	55907	5528	55754	10884	10087	29102	5810	10007	6500	5515	23548	9555	84100	57415	523	10289	57142	51652	55041	5000	7341	9917	51377	80135	8674	54942	51646	2805	5110	56943	400	55847	11319	57213	29078	2806	59353	6049	64921	10651	5682	84268	7905	51132	64432	80762	7322	8799	5160	55860	23608	10001	1022	51535	55312	81689	55122	9470	8803	28969	1861	338699	85465	84896	6741	29789	55759	8916	55212	9061	23710	8533	1213	10939	54808	5567	5686	25874	55827	64326	65005	25912	52	805	79137	51143	83939	6993	79624	526	549	54107	10480	60496	8872	291	120534	51571	7342	221895	375056	126731	6921	528	10670	116442	286097	10694	159091	9530	673	114928	1780	8867	55585	92703	56648	22950	64769	59343	7884	54965	23366	10569	5001	7534	11168	84302	6990	23588	64112	8945	81565	54386	7529	26995	51362	5604	7336	7532	160518	5569	10231	64801	51126	9804	11041	51319	219749	5870	54968	153364	163126	9240	345778	64110	1176	7334	1662	63917	55030	93621	64219	51649	8508	5504	84319	64754	29978	1121	10447	54557	81553	28512	51062	9874	29883	4976	9737	9867	53344	84912	131118	201562	7416	51275	729082	552889	6880	79893	359809
gtex__putamen_basal_ganglia__M011	5965	6936	84058	1185	7204	64848	11178	10787	10188	3029	8625	51167	10565	79364	55515	83642	440515	55100	23033	56910	55760	4214	56952	9978	10490	9786	55969	55125	8874	9780	400506	123263	6422	79974	54662	8777	219699	26098	8453	10014	4598	79632	1004	5144	10111	6711	79954	9181	23215	8289	23271	57862	23024	23091	57486	90203	10385	11034	11190	84060	5901	27183	10208	29889	25941	11095	375248	9805	2542	204962	22891	90525	57575	10150	8125	92912	64784	9711	51503	85458	288	6868	130074	253635	22925	23461	728577	2551	65258	221264	221481	9753	84765	4116	25992	92291	284996	56203	54468	10495	26585	4130	10999	2675	25849	126669	4862	80196	55038	79145	29071	64979	10869	29942	285268	2804	26472	54872	127435	488	6124	23241	23265	124751	4919	23299	283149	116985	125704	123688	57186	284697	728661	9729	57181	64499	65250	5253	9060	414189	730051	8449	2794	790955	109286553	8629	100506469	25764	283624	57597	149013	400550	400818	100129550
gtex__putamen_basal_ganglia__M012	8913	5081	57586	9369	286	535	321	7504	23518	57504	5923	23504	9892	5141	6857	815	29953	23332	5522	273	22999	1310	23136	4779	2036	26074	4897	23335	4744	5816	2742	79784	478	4967	54504	54927	158471	1993	9379	57150	221662	57221	10846	57179	10888	10617	23352	3746	152831	112609	9840	9568	440279	54839	54874	57520	144165	84530	27133	50488	129804	151126	51454	817	1404	26230	2719	114789	53942	1740	151242	79750	2893	115827	5801	23355	9797	3815	54020	222236	3760	80128	23122	8618	348980	54769	79698	283209	4745	3747	3359	6866	23255	5865	4798	5209	146	326624	253959	388403	22843	266812	401474	387856	4291	441151	3350	389362	345557	2130	5877	283768	4978	6092	57419	9899	146760	375612	148398	26059	131034	60312	55966	961	644596	140688	104	285141	2550	534	441204	134111	283514	100505996	387890	401491	101927832	56134	101929066	101928174	102524628	100507341	100287944	100505576	100505761	100132249	729870	101928092	100289656	728554
gtex__putamen_basal_ganglia__M013	26073	55841	83714	56852	50509	2512	55954	81610	5634	8411	5611	7782	29997	6505	7464	10493	50862	506	10019	135114	51639	90231	252839	9783	84272	159686	84918	29103	79026	5623	79094	83483	55278	10989	25934	83442	8804	5202	5872	55252	10769	167410	1069	53358	6838	221061	144110	114134	83643	9531	342357	10163	124044	23379	55109	158405	115708	5092	1938	283248	51435	10791	219738	57684	114900	84984	81876	200407	246184	1960	54494	168620	389075	80164	80258	3768	6991	80757	374920	401190	10383	23424	148213	55534	126068	6583	55924	4541	4513	4519	4536	4540	4512	4537	4538	4535	4508	4514	23381	390980	57469	285636	113219467	4539	375035	388559	729515	163033	257000	4509	91368	5032	23741	100507421	23246	100287042	9554	8447	8353	8330	101927559	100862671	92806
gtex__putamen_basal_ganglia__M014	23129	5048	8481	8863	2006	9564	7629	23013	7075	57719	23016	4034	10411	1286	4849	51433	825	8773	22985	4776	5753	10528	3420	10240	7249	9028	1936	7297	57130	29062	8985	10467	7461	1842	7016	5730	6387	7704	23113	1181	3155	64175	54867	1	23326	57510	89845	51691	57572	27237	6249	1786	10401	51540	54739	163782	55748	6441	196441	11173	55755	8737	8884	9785	2588	284111	91978	1291	1292	105372481	7552	56904	9344	5805	5937	9510	54953	873	57519	7757	54987	5364	203286	169714	4141	203190	11273	1285	284004	55092	254102	9416	79683	169841	286262	10425	2314	5187	122525	144132	727957	84206	493753	29110	256281	116447	9968	10519	7026	10336	55182	124602	613037	23334	100507463	4855	6499	401089	51239	23053	343263	100129060	100272228	645676	387723	340526	9907	3588	1650	147007	9757
gtex__putamen_basal_ganglia__M015	5010	23187	57475	57458	2065	5588	57609	64834	22933	23446	28513	285527	5337	8871	5663	6579	2346	7018	57556	23555	6663	25777	10110	9770	54941	56062	51090	79152	9738	4099	20	51104	23232	443	5818	23150	51555	6242	9731	5129	5354	745	84938	3306	2123	11135	6035	158747	5638	22903	5287	5158	79899	55619	57471	1318	5168	93643	79739	122060	5046	221184	10351	4864	11322	94015	8612	9586	80005	9705	220108	121601	118611	54149	5137	85414	124222	23114	55314	64399	10085	79789	116173	4218	5653	54899	53353	2705	79905	2861	4815	4118	57571	348938	1267	7368	28232	4642	391	160335	128218	118442	9625	6900	114792	1287	51114	9725	9745	5365	57165	4340	100131897	643965	286827	439949	55861	6414	101927459	57636	80725
gtex__putamen_basal_ganglia__M016	8522	55655	25901	10953	55885	816	2037	22996	11255	1478	2245	171177	793	57582	79132	135138	55103	54812	53335	3598	23408	7737	3741	139728	7482	85462	51103	10152	153020	55752	7168	1060	7062	5563	79762	654429	63928	146713	84684	3354	8708	10777	257236	220359	84277	9332	27132	220202	85453	5912	4692	340146	55794	645974	81931	389257	285093	50859	56164	55190	8912	340578	81706	340543	644096	2592	84561	118460	84968	642797	347051	493861	152217	390660	157285	28755	64881	401442	55056	100131998	442523	554236	105373383
gtex__putamen_basal_ganglia__M017	928	1195	10138	114879	22884	51474	55726	594	102157402	29957	55614	51324	55862	3091	11083	79576	196	54868	11275	26973	56890	10923	25981	4691	84695	10190	10286	34	5955	56122	84068	23549	8678	83744	81533	51388	79161	80896	5547	8836	5495	9360	91833	255928	56950	92906	84620	58478	154214	220869	64092	133383	114803	148423	57650	25898	51705	27236	3190	6632	26263	56947	10477	4534	2857	151827	79029	79877	256643	345757	5708	344148	28970	54880	2124	5757	55660	4646	150472	10210	258010	259230	6311	5699	255919	150383	6234	100874058	100507398	100506826	53938	81488	100505687
gtex__putamen_basal_ganglia__M018	114881	23542	54814	56052	1495	5954	5982	3074	4913	27440	60343	5108	11158	11266	2195	5705	2280	55184	10914	51726	57192	22861	2717	4150	6449	8896	79991	9487	55110	7167	51086	51060	5524	64794	83541	56926	51614	10131	286336	84286	9513	5589	4294	7700	84152	8536	902	6885	54606	121536	10516	22980	112483	114804	6455	23421	55869	79096	101	388272	7102	127262	1827	57732	118424	84446	23623	23423	9382	4723	65008	55031	53838	118812	598	10978	55222	84733	23051	266743	1397	7378	10293	7625	400451	23275	57591	26071	6992	3104	100130311	9534	100506930	57461	2738	100885848	100507567
gtex__putamen_basal_ganglia__M019	23338	57545	4638	119391	1400	6620	108	114880	29093	5744	421	171568	25939	8840	80714	23288	1787	23125	8506	7164	57396	10641	22848	23266	317	29990	4952	79586	10396	4435	4289	64753	57631	81	23164	57180	80705	27314	122786	122953	54828	22874	340156	81786	8573	79742	139818	25792	5800	341880	26207	254050	91624	133015	91156	132014	120114	120939	11092	374868	195814	9832	7694	50863	53820	23396	4673	284338	4763	9260	51108	148198	23230	1639	100302401	101929407	100873947	100271832	8742	85014	152206	100131089	103752584	105373299	352954
gtex__putamen_basal_ganglia__M020	9091	5980	23357	3459	168850	27122	84256	65993	6624	7760	10961	55012	1384	25	23351	1522	5127	8848	22898	9355	2022	81619	6484	114971	54516	60682	5252	10675	1647	1211	79269	23363	54776	51141	84266	8273	10365	65997	10452	55902	94030	79412	60484	55544	4221	1284	55654	403	123920	481	10899	9712	196743	256364	2313	3192	81552	1376	56683	4000	54751	118881	7171	124045	147015	374875	254778	84331	8722	2290	5886	728294	84967	285753	84937	100129075	1282	7390	90592	642968	388722	503542	101928153	102577424	3690	79154	150244
gtex__putamen_basal_ganglia__M021	6224	6141	6160	6193	6128	3476	6122	6217	6223	6142	79036	6158	6143	708	6164	6207	345895	6152	1933	6209	6146	6230	6144	6125	5204	6204	9349	25873	6155	6210	11224	6176	6229	6205	23521	6135	6202	6233	6161	6189	6134	6129	8667	6130	6188	2197	6156	1915	6132	6154	6159	6208	6157	80221	6137	3921	6203	6227	6201	6169	6138	84285	6181	6232	404093	6218	6165	6228	2963	9045	4666	54543	6168	6136	6191	6147	4736	6170	6015	10399	9946	6235	7311	6173	1937	6139
gtex__putamen_basal_ganglia__M022	10127	5689	5536	5704	6301	10061	114049	8907	7251	56949	832	10992	8570	27037	6598	8664	5684	22938	5700	5687	24148	5432	26121	8662	7458	7511	8078	3550	5917	9136	103910	10237	51116	88745	9491	79171	14	55695	11047	23647	26284	7818	10574	25844	23787	10121	9898	54977	28989	6396	124245	7391	57805	51094	9442	80308	55324	6811	83696	2873	5036	26156	51112	10594	8607	60626	5339	2907	22827	22820	10946	26276	5719	64978	1460	11331	51608	10330
gtex__putamen_basal_ganglia__M023	3052	51534	11171	9820	60488	55854	7319	10959	51637	372	5706	6729	9218	5716	66036	5683	55664	79009	55161	10944	51699	55832	8732	892	55299	11222	10213	25843	26003	5887	51247	10987	10657	1434	9521	6629	3188	2926	51371	55207	8774	4677	91408	29979	65080	57129	51645	51187	5861	29081	51138	22872	2958	261726	689	9140	5440	116150	5529	5701	64789	8539	9221	9318	27249	378	27247	7555	51499	10605	6879	8575	23029	28977	56900	51406
gtex__putamen_basal_ganglia__M024	26262	56005	79960	57506	140699	1471	27344	10166	79006	10430	573	230	9600	8704	2309	2868	92675	117166	4357	4430	50632	54958	80758	84034	165257	90113	122416	123803	5745	10603	11282	6881	50810	55897	29123	57348	94274	2495	5867	10960	203245	51282	198437	53342	23015	11007	56888	4062	80324	57104	84232	126003	168544	283989	389084	54732	90135	10509	122622	5034	100289678	4056	1454	29803	439994	100505771	401115	100507588	202020	79148	119545628
gtex__putamen_basal_ganglia__M025	55049	5526	23415	25828	63874	10278	51760	11316	5764	22841	91057	26235	135152	7867	1757	83460	3791	6608	6183	10400	10228	80727	84300	3032	92979	122830	266675	2052	26018	50814	2040	6835	84532	114	55707	3099	8659	129880	57326	202333	57107	220979	1051	22885	4482	23625	114932	90843	754	339451	10123	6613	23660	26020	55958	7923	346171	55851	727800	51157	255374	440503	55672	221786	284184	401172	100288122	79873	147166
gtex__putamen_basal_ganglia__M026	64847	54884	51663	23063	5424	57143	5476	8550	55900	23170	56654	83937	642	9828	57696	5826	84795	6950	55661	5269	10155	80895	79070	26160	80119	128061	84696	55164	7873	118491	4720	148523	117145	23076	130162	57608	221120	146705	27289	5883	23141	200958	253769	11124	165186	125	91373	373156	100499483	65992	51490	100128946	55779	4636	102682016	28985	57002	112817	101927503	162632	641977
gtex__putamen_basal_ganglia__M027	79090	55850	51660	29090	64743	2109	8721	1855	64115	92840	4502	348	219855	1952	6258	6715	7273	84262	84814	2224	10092	55689	1849	10910	220296	138311	79101	196951	51117	23192	79064	521	4493	142684	10209	2523	389072	8225	127003	84922	400410	388341	353274	51186	4501	147906	56882	27233	4194	4499	79940	100506243	100507401	101927688
gtex__putamen_basal_ganglia__M028	2263	54820	9618	118	55313	5438	8437	7942	57413	57580	25759	3300	1593	118663	54801	53828	117143	25769	57798	10311	115584	130132	84135	159195	114780	51252	3592	4808	390928	131096	105	22834	643008	100506725	730183	119139901	101752399	100130890	285796	101930276	56260	100131320	389033
gtex__putamen_basal_ganglia__M029	51330	9235	1356	57101	81671	10272	6813	80832	28231	58490	57664	57817	3315	3614	1440	718	79713	8930	3949	6737	9826	694	10894	1837	29923	10730	229	10068	51279	116843	10205	80228	1953	100507246	2921	51246	79778	26253	116071	2353	2357	3603	64787	3725	29072	64785	12	720
gtex__putamen_basal_ganglia__M030	9846	79567	28996	8537	9448	58476	10732	898	23242	6468	5414	51088	400961	1059	83543	10749	1783	8502	90933	23500	1793	140609	91369	79957	219654	4176	4336	22871	3799	144348	222166	29119	8073	4303	80829	57698	4155	1902	131870	344	254128	101929595
gtex__putamen_basal_ganglia__M031	7384	2896	51171	64788	2217	84167	1075	7389	5819	6627	92579	60681	207	221960	3547	146556	1831	347734	715	2539	8741	84283	3600	133619	1152	10263	7001	1877	53343	6902	716	92482	266655	23547	729013
gtex__putamen_basal_ganglia__M032	996	55745	55623	55972	23032	11101	51026	373	65977	7257	81573	9617	11127	9406	55500	9107	130507	160897	6782	79699	79982	91137	142940	11051	23592	80124	134553	157567	23390	23507	27239
gtex__putamen_basal_ganglia__M033	1951	9066	489	23217	7036	55321	7732	140700	6553	114783	8497	81559	51127	5437	112937	9881	23119	254122	29944	146754	79955	144404	10919	84501	414918	101928991
gtex__putamen_basal_ganglia__M034	23644	10147	22859	10296	83746	8120	54758	4209	8189	2686	56965	9815	25989	3607	55229	8888	57731	63891	126129	3267	63893	55929	196403	3064	1874	25851	339231	84461	5297
gtex__putamen_basal_ganglia__M035	3645	57113	1103	4522	23295	40	6869	60482	4852	10021	7222	8128	1382	201780	6750	10158	431707	4160	1816	9427	246213	1129	6572	4914	1325	389332
gtex__putamen_basal_ganglia__M036	55001	3912	79176	3083	887	51303	10130	201163	153769	55113	85395	84911	7580	566	340390	283643	7784	401994	6829	83849	84960	157574	8718
gtex__putamen_basal_ganglia__M037	2139	51150	5106	10226	3142	1583	340348	4982	84706	10449	27115	5029	7318	51741	9901	3633	652968	497258	253039
gtex__putamen_basal_ganglia__M038	8284	8653	7544	27328	8287	6192	9087	22829	83869	7404	9086	101928906	7503	121676924	286554	246126	352887	5616
gtex__putamen_basal_ganglia__M039	80347	65263	56652	22863	55556	55858	51626	55114	11023	222068	29115	284525	132671	3148	55172	83787	85007	9863	7917	56114
gtex__putamen_basal_ganglia__M040	5256	2872	6901	6625	80279	2648	2145	49856	85378	9869	92822	55139	64745	114823	5394	1196	55367	81669	79970	155400	172
gtex__spinal_cord_cervical_c_1__M000	2729	6542	996	3980	3920	26022	57157	10083	3475	27072	3720	6482	23221	6224	7812	1185	54799	5286	54443	10463	9782	27032	22902	8540	57476	4719	2730	3298	6642	55334	10908	57554	2530	5981	7204	1462	9765	1497	54884	1495	64848	57120	57492	81037	51742	23095	23201	10827	5610	58508	23041	7771	63916	3029	51768	6873	10203	3843	4638	55248	83641	64834	27107	2263	10565	2235	4756	5315	7158	57560	375449	221395	4040	10640	8218	57704	26528	22905	64398	51095	23291	54847	6605	4905	55205	8672	10371	27332	55973	11176	88455	83992	9452	83737	8671	9933	56650	57092	56113	55100	4779	7514	11342	22894	334	966	9522	57531	22911	5243	55696	5475	8898	51593	9489	2775	10059	8570	84678	57062	55760	8812	29888	2802	27327	55632	79968	139596	51430	4214	79956	22931	56952	23786	9681	10521	9567	6767	2033	9786	1983	23405	79882	22990	9252	10278	394	57680	9837	10483	23347	2332	5230	9767	56062	259232	22862	5257	83752	80777	4363	408050	8925	80208	55284	5862	51366	4741	427	7297	1954	22900	30000	56006	10049	8887	5803	55131	1174	56913	54664	2218	79937	158471	55664	23189	23586	11101	219699	9562	8453	9211	7343	3837	6603	64750	5573	64854	5602	7466	1182	23321	152503	2743	7358	10944	83892	10728	65117	55846	51699	54682	55832	5869	56890	55188	6428	10767	9444	84498	56940	3157	10902	23530	10087	9685	900	1004	6500	5515	80006	57222	10051	3836	11235	8087	868	56987	2632	6787	55683	25801	79745	55704	10314	6772	2677	23301	55818	57448	79954	1615	5334	4999	4780	55103	9731	80267	9181	3953	7799	1429	10765	9670	2166	387338	23215	23443	5511	51060	23271	1385	8609	51552	79109	2531	91754	27030	51004	3416	3437	55717	6950	80314	55068	29880	51780	80218	7750	64786	29899	51426	84248	11155	55975	23389	466	5354	29994	10564	6780	8675	23326	8239	6745	745	84899	27109	6238	3895	55288	5908	5787	50809	6597	6049	5189	92521	9732	4698	1123	91860	7011	6397	79649	1804	170463	10439	157922	64793	6874	9584	23229	23199	9467	9779	64145	29893	47	5894	23225	10346	64208	26057	1742	2319	23164	57511	91298	3612	23075	81846	9645	55140	4613	3572	51765	9698	84950	7174	25821	4076	9053	2799	1368	4193	2752	9857	3431	55681	9805	7716	11143	64844	51133	10730	9373	55667	129685	51439	60492	5962	5519	102	1629	26160	9581	22891	79800	57520	29789	6744	55032	26035	8482	55435	84162	950	5998	6636	121441	55206	81614	9990	6938	10099	55180	5046	64784	1009	9611	1213	54828	114876	7157	94015	6904	57521	54877	90378	4782	351	10026	1952	5451	81609	23126	7159	65123	1130	84874	9686	285282	54532	285440	10299	81555	51390	57583	9589	56996	57502	30011	7403	55869	9705	6867	51110	7013	54886	6935	2746	23082	9219	51092	5331	1006	288	4306	54842	80014	64417	667	127933	55521	114908	9453	5352	10283	6328	25827	154043	80790	9320	5529	54538	1010	4685	63895	55529	55326	23367	9337	90550	91748	145483	25921	60685	27020	23522	142891	114907	115416	6529	7804	132949	4643	1859	25966	10239	121665	56896	55179	26053	23382	85414	51735	79053	6651	29980	23515	9813	1487	9619	23387	222236	91010	7542	3716	5928	148423	23528	23385	148362	284996	152559	8545	285203	64343	23114	23122	23001	57018	7871	323	23350	64419	151613	11073	54861	59343	27152	256471	80335	79884	80155	79993	91137	153733	253260	167153	819	222223	10395	5828	5885	55074	501	55656	538	220972	64324	10495	7248	145567	255394	9318	159195	7551	65084	164	162681	6447	64400	2923	51117	10999	84064	51755	6786	21	199223	55209	3516	359948	3800	54899	6774	8754	10098	85476	25849	25942	93380	6091	10477	201931	9720	114825	10491	5272	79145	9788	2186	55729	10243	23261	2628	5728	83660	51030	7764	54205	7690	57571	3054	338692	22992	49854	5797	3267	6777	345757	23269	54872	488	10260	90806	124152	6731	170506	56945	5870	79666	63893	9807	205717	347862	253461	79605	254827	3766	7334	9659	85460	254251	79962	221294	160335	374986	8334	55432	169200	25994	55228	23265	6304	7267	221178	23705	158358	23194	5504	5101	7327	155435	26985	56899	11124	26013	6667	4603	5727	55599	54103	4675	338645	7874	5359	340277	26155	9516	54510	2272	54413	6536	4763	57730	388566	163227	1778	5094	5718	140688	10438	26020	26037	23556	5253	128	5178	51062	987	10920	9652	10479	22909	23127	283489	22876	4976	51714	100129792	830	4215	79065	55251	65979	84243	55777	730051	286144	54809	8110	9946	3105	23243	440944	5500	1454	678655	84461	1654	729852	5520	101927027	101927300	100505641	8629	64288	23089	152206	283131	55000	440138	5591	55096	51750	9236	101927151	101928601	100101267	107986163	100289211	84278	650794
gtex__spinal_cord_cervical_c_1__M001	22875	1080	57679	10181	381	23098	5976	57019	55904	6833	221	9855	60528	57787	9043	10157	10747	26993	54476	54902	8193	933	11183	9961	5238	23386	9774	26009	3631	22884	55187	79810	54477	25771	57475	84957	23369	8975	10347	54887	91526	7089	6602	23250	54916	23161	51109	6720	2011	55743	51175	7587	4140	285527	1739	25956	2239	2975	9576	55331	23152	3991	3835	1785	6595	5663	55218	65985	51668	55322	905	23136	3842	91746	1307	3030	3732	55054	4799	79796	339175	1795	51433	6175	6548	79594	84196	2734	54822	9209	10013	988	6319	1153	4670	421	89781	6663	23331	9701	6305	1727	1120	4174	27352	79734	10598	3705	26164	1137	23253	8780	2000	55757	23295	79726	1186	7329	653390	1445	23205	79848	79752	4683	5327	7227	1891	6625	23646	11100	374882	5296	858	5425	7091	20	54926	9806	54462	8729	23185	9570	8402	57003	4355	9343	7531	26118	54940	54414	22897	975	9761	5554	80824	80018	2054	8914	79632	221692	2070	9896	57221	26054	6678	28965	10111	10915	80315	51421	55186	23150	11222	64689	27086	4691	2820	55120	22848	7840	64766	9927	5129	6513	533	56181	1509	23120	84251	2733	5826	79886	7181	8405	51538	1314	27241	83637	55234	8034	11113	11228	64375	79809	2181	10617	583	23163	8189	9491	10616	22890	26030	8021	821	79939	23030	8910	85378	9514	51200	54832	57153	55320	1028	58986	23383	9667	51429	4705	23149	55201	10585	1786	6535	1736	7776	54882	116983	8500	10948	64087	10489	22907	55037	6117	4147	23208	3508	5158	66035	116988	51520	272	3295	79768	10390	10717	57614	1837	577	10492	57231	54806	85021	80003	26122	9882	4008	9445	6426	6434	6326	55627	84317	1515	26206	116113	25844	23787	4926	54839	10128	310	9908	1848	7786	7009	81542	6652	49855	3801	22980	10351	55197	2064	91039	10498	473	23038	27005	4170	52	116841	9580	3899	29926	91775	8893	287	153830	78991	285855	64599	9203	27316	6129	4715	7436	2934	56904	90678	120	8038	84364	23052	92105	57325	84866	85449	7068	9223	2132	152485	5213	25780	22878	1105	23461	139322	55027	92370	776	64897	26100	8450	56946	137964	4681	84134	54461	57519	284348	55108	4047	284361	1973	81570	93185	5824	116064	6314	166336	78987	55764	7086	55314	23353	7534	55342	26130	7415	159989	509	8559	7417	2200	29117	55323	8495	8509	7084	144100	567	9640	125058	4218	8085	2819	114823	90522	55611	6730	64223	3921	55788	126129	23214	10960	79628	200894	2873	58485	10015	57148	2861	541468	92126	55144	2110	4135	5356	51523	83452	156	65059	111	10534	147687	1267	57674	285704	128439	253959	389524	55167	201626	9776	56675	64770	146691	80205	7182	10425	79718	55367	23283	25945	3615	285668	55095	23302	285908	144132	9378	404093	55666	389114	161	164684	5877	9284	387893	131096	2972	387263	55015	9146	123283	89782	5034	8224	5833	10623	23621	5138	613	53373	400673	7621	1287	282973	51114	339287	23036	51155	90321	56164	51466	100289635	4122	100	199704	80055	23061	128486	6584	955	197342	339318	6687	54898	440295	3792	140885	27300	54870	10230	285989	124930	51465	9853	9666	9848	64423	154442	286411	124900275	780	5150	54458	503637	55779	3073	10379	441204	440270	388815	101929145	53822	728190	401022	100507171	554203	729658	101927621	100287722	79134	100507564	101927084	100288428	124902280	91316	101927768	100506274	285735	100507562	378805	101927289	117751736	100996590	60674	100507261	100272228	284900	100506866	100507034	158	100506994	8577	727956	347689	56134	24142	100129203	100505994	101927233	339874	100508120	101929709	100507377	100507487	441046	101928136	100506365	11232	101101773	283547	283710	791114	115804232	148189	283887	339290	284395	9939	100507218	100507433	105372321	8517	728841	101930085	101927314	80039	6871	101928469	100846978	100506207	29798	728158	100289656	121676924	650368	388165	107984974	728448	339483	493754	64940	347918	100132057	503639	283693	124906262	503638	148713	440104	80862
gtex__spinal_cord_cervical_c_1__M002	23028	3675	10368	8913	4293	9912	9254	8938	6853	57172	5646	6534	10867	2556	30845	1272	57586	23154	57210	3755	286	535	321	23274	5874	7504	4134	57646	55040	23327	5733	23105	5798	140689	25884	26999	5218	816	5662	9892	84679	6857	492	6710	1258	1103	815	490	55117	7224	29953	1400	6620	7294	3785	5076	51412	5063	4133	273	5527	54715	7419	10590	285220	1136	22839	4986	7481	22996	2778	2036	23368	64211	22895	4897	51168	57084	6545	4744	164633	5816	114088	1113	57452	9362	57446	140730	5173	140679	56853	1478	83692	27328	2245	2254	80152	65009	23359	793	6511	79784	478	2906	22983	3780	4967	1395	10842	27075	54927	2645	64420	1759	1993	57582	8395	1855	10367	9148	253738	4591	40	1949	2557	10874	8821	64151	887	8567	55531	84867	2735	56341	23316	2784	57150	7164	4988	2740	2566	10923	90249	57501	23007	6508	7781	29959	92840	6869	60482	10494	26038	3749	58512	127700	81849	5999	8643	79947	6785	53335	30819	3215	1394	2891	1135	10804	22987	4852	51209	10888	57468	23096	29993	9208	55715	5126	10893	5582	117154	59353	79575	9143	7277	57622	57168	2847	2571	3746	2258	79948	6861	79057	445	139728	23108	9633	128434	6860	23281	1131	4628	9201	55859	28992	10313	4922	10451	63982	2922	51361	112609	2583	4829	10505	1961	8291	9764	6332	2058	2572	570	9568	4010	347252	9873	5607	23005	56965	56924	10660	10152	90525	10021	5593	7222	55752	80144	2201	85352	9746	1280	8620	54509	84530	6751	27133	80119	147381	342667	1291	59283	402665	55061	22874	129804	11249	57624	151835	57574	114884	6769	8001	1016	1404	10146	23138	10814	6770	114569	114789	818	9118	9651	83723	8448	22866	150	3708	775	79750	2674	144423	651	115827	5801	5789	80309	57338	84033	2849	56934	2890	134353	3788	137970	6750	23057	491	6854	3084	3815	55799	3763	387509	3745	10361	127731	2039	2035	11189	55282	146206	60680	93099	22941	2785	1996	148930	126755	3754	8618	1040	132204	85443	79442	94032	84448	79012	23305	2898	30012	79722	348980	63974	168667	285613	6469	91147	79698	139411	65268	83550	145581	161436	58157	644168	5979	26012	9152	4745	3747	11245	112937	55530	654429	81832	89927	10369	146713	112476	784	84940	85300	146664	25837	956	5368	3761	2786	2675	2915	5865	114787	51305	1816	6870	7480	51621	9758	7532	285596	147	91752	222008	3777	283455	8941	255631	85442	146	7857	794	8708	64137	408263	283985	326624	10777	91683	256130	81033	57495	170261	26047	442117	158038	9537	5122	797	3291	9699	256536	6330	8541	266812	56475	387856	92949	205147	3350	404217	27132	399668	127254	3352	401097	400120	6752	374860	389362	64388	23760	1129	5179	10586	10193	3739	2567	8905	11247	50801	22906	389075	5069	389692	345557	50614	6000	2130	163933	126567	284656	407738	1946	116534	752	6092	57419	255275	389493	266722	8788	399947	56479	80333	146760	84871	2558	4674	23040	139599	339761	4137	6585	375612	51547	404037	6572	5575	137392	345630	344838	56624	375567	149297	5649	340120	139735	2917	131034	55190	165679	4311	8912	961	9260	644596	135398	400591	222662	26052	340578	81706	3897	57692	2812	221424	728215	440894	653316	1639	101928906	220164	339398	10962	387804	55384	400954	134111	85508	652991	283514	8718	100128264	64641	378881	1159	401399	105373377	400765	440823	389634	441459	642597	404266	729178	338651	101926913	389023	390616	84968	729993	257068	103695433	654790	102467147	25907	255167	100507043	157627	100130155	54551	388015	399959	400046	196475	101928416	124907392	100506411	729911	100996492	642658	343702	106456574	100507050	83482	55879	147670	389332	284615	8447	26220	112441426	3975	389856	139189	57636	101928991	102723471	440435	6753	101669762	105374338	729732	389906	101927401	101929748	101928737	122319436	101928092	442523	645784	554236	138649	105373383	79986
gtex__spinal_cord_cervical_c_1__M003	3075	843	8837	204	3683	85477	8842	5080	8798	695	1634	1774	55	355	5583	7133	5452	7414	4481	3371	822	10863	55761	2296	23224	23118	6916	8531	51564	55711	9697	10797	8832	10272	4335	6480	2736	9462	55843	4162	3566	2192	117	862	6507	634	3320	4208	9262	2533	23085	2122	81929	27292	7462	6452	5990	55608	393	30835	3912	51816	5742	29760	1390	2872	27128	55964	4689	284217	660	688	9057	23062	51760	366	1512	5157	259307	10859	9253	6510	5294	56829	79974	3315	4223	51422	81704	7306	2889	23064	3257	6442	8714	64231	51338	3587	10114	51296	833	65981	7421	283383	5777	50856	5992	1303	10475	9555	1809	7474	9595	2202	2335	7850	9173	2274	79083	8942	271	23266	6446	845	7320	80231	84898	10808	317	113	7852	800	540	64333	3164	1017	6385	64344	860	54436	3659	6662	22918	5648	30817	5420	79651	57572	5589	1264	81	283120	55422	5538	4245	5176	3691	4629	23037	4064	1794	2317	10457	3569	3557	64855	83888	7097	11309	23213	5330	1545	80204	953	51196	9360	84888	10144	658	2028	5530	283431	8816	8477	7453	3394	93649	6563	9123	1453	6398	89790	23521	6518	3339	2212	6004	7170	5778	84236	9353	51316	55016	10184	10788	5066	79930	90523	79742	123	4915	6001	5058	6768	83706	9871	93589	55691	5800	6868	26353	115761	56659	678	285313	5903	4929	50807	25890	8470	27123	6503	10538	146433	653361	861	80274	130951	3099	6002	29	27151	3101	29115	113026	3699	467	79961	51278	79626	6280	1293	3577	2199	56999	54502	151056	1230	133584	1278	1508	1536	717	122618	6764	7184	84689	4088	2793	3903	10004	286133	1524	624	197259	7148	255743	3635	3965	1285	7881	6037	6039	6383	3987	5209	2358	83595	116844	27197	115727	4815	361	64581	541471	344558	3310	8793	11163	2015	79772	10458	10301	161198	440556	6197	124871	9332	115207	7056	124989	50628	247	91523	23526	3579	53829	414196	2242	201305	1436	54988	128239	149563	9021	55911	3297	169611	6490	10320	338557	66002	2204	4051	353514	387763	64170	347454	388512	7373	5104	348645	165186	79633	284759	51284	2316	29950	5265	8831	400823	8076	219972	100506658	4641	5336	1438	5350	9060	6263	1756	7052	2214	9935	3304	11138	57126	93035	5212	4489	57139	283314	57194	3672	339535	112597	102724297	100506392	105378763	101927070	414260	284757	137196	154449	105371450	101928687	105378909	643529	101927143	285958	105378738	79940	100874261	339789	101929335	154881	8771	100131176	100506020	1050	100233209	644192	126	400456	100507639	4671	285626	101926904	5820	728488	101927963	105375743	3240	151534	105370526	283587	147429	105371423	101752400	8190	92002	23380	284276	101928674	158062	101927931	101752399	101929497	101928264	283755	728262	400322	401577	440248	2210	6648	8418
gtex__spinal_cord_cervical_c_1__M004	5164	80342	7869	1355	22802	23034	330	54908	51773	89801	10079	51660	51167	4904	30836	79364	83642	200081	2512	7430	25805	11018	26517	4320	55954	9978	4522	57167	10732	10398	10406	3750	5611	3299	6422	6788	157697	6223	828	5518	25789	5764	3199	11333	727	10488	10014	4126	1410	57562	969	605	217	1337	55856	6206	3156	10153	5906	90231	7257	3399	1810	9588	29937	6185	80235	56252	3433	3218	4488	29103	57616	4952	80820	5585	6560	90203	9217	57169	400961	8970	116138	4502	7270	79144	11034	6629	23263	25824	2123	64921	3791	80115	57464	6183	1032	4738	26152	27243	10155	85313	1349	4695	84034	5111	51526	10810	85444	2947	5738	3939	11095	92558	10588	25934	6194	132864	6176	204962	4704	84298	92979	160418	53831	8844	126374	90580	83442	6135	57645	5202	129642	9711	401262	84553	6993	340351	50814	137872	6837	84504	221143	57700	291	60485	9531	130074	255231	81559	522	146857	150946	26504	10163	388591	54933	158787	222068	9753	7391	7484	6285	79957	2264	9592	4796	10092	8833	113444	81789	27089	116328	26050	220296	1353	3419	124491	4130	7008	56905	90007	4597	51435	149603	200845	3622	5480	207063	4330	10555	79724	91647	27023	171024	6169	10089	7423	257364	10209	284131	283951	6124	201625	253982	441951	4808	497661	389072	8225	79730	24147	51333	54494	399664	100506504	2621	91689	29796	253769	6991	54014	159013	23299	3858	10507	125704	3006	199777	10383	3014	6613	23424	5770	642968	6583	147906	4828	79892	85236	65992	6819	2153	619208	6920	3122	5089	3133	57540	57469	444882	55851	388135	113219467	50840	727800	388559	2013	221092	134121	163033	100130417	401398	4509	401251	414777	440567	441869	105378828	100132273	101927248	51608	57026	3109	340526	720	643911	101928053	100505678	100506668	100129917	56105	283624	283592	100507421	100507599	100128822	10929	100287042	118738	54460	401612	101927352	100129550	112577464	11276	3012	284106	29964	100506776	285905
gtex__spinal_cord_cervical_c_1__M005	54677	55001	51507	1244	84067	6894	10294	10610	56949	54518	5550	6614	9352	54890	11198	7051	4242	23170	55687	26133	79863	5973	51260	312	4969	64115	80351	9126	7448	26511	23360	28960	114971	41	84519	23438	33	79630	84272	9617	7291	88745	23550	154796	3276	10436	2318	25873	25796	3727	10882	7700	51805	64773	1116	84250	196441	80206	10677	79866	2356	8818	90871	670	8870	51279	113230	57333	8991	23557	130497	54465	55164	55840	10769	9140	57451	3779	10957	222255	6835	29982	7761	3619	10284	55216	196383	57647	284312	3621	57466	122402	391059	7547	57798	8659	326	84221	9903	7203	79443	51385	11341	3600	202333	10370	138716	155368	84457	23588	402381	11092	389941	221120	119504	6881	644353	81605	53916	92162	132158	4725	4881	83987	80305	84287	79029	92342	7572	54968	286262	627	284358	100049716	10949	51027	400410	84890	219790	1397	84316	4600	253190	7122	390664	374659	8971	8651	400566	339559	285093	340719	1806	613126	170959	541578	92714	6714	55124	10533	5365	3151	51490	196051	10471	29902	441054	4539	1427	27040	4207	10195	100130894	100506302	23467	100507500	2074	101928527	151475	493812	100127888	553103	107075141	80864	51537	84450	5032	401172	388610	728888	283487	100130933	105370888	107075172	100294362	101927720	100505715	100288122	101669766	8344	6349	79922	100134869
gtex__spinal_cord_cervical_c_1__M006	6556	972	50619	8635	3937	3309	639	6515	81671	1606	8692	27071	7037	8974	2213	2355	6813	3594	23112	28231	3055	9388	2717	2217	945	57817	10135	22797	165	1440	54757	56606	29125	29940	4739	7422	2030	7265	1154	2744	7456	6418	8013	7045	1846	10385	3553	718	2354	6776	3663	27180	6303	10095	9535	3021	51388	84106	91543	3601	27202	29923	4711	3586	4609	4647	834	83478	84803	8499	7090	7409	128346	5295	1730	85450	133	10205	120379	10018	79705	51244	9056	2114	3017	714	201176	84303	84124	27185	27306	1520	7098	117289	26253	64174	147138	4144	285966	126014	4300	27289	713	712	51134	26996	2787	56975	5187	4261	340390	7378	340061	146722	11006	284434	728661	12	64218	128312	85028	114769	642475	149837	9289	401089	8906	3115	117779438	107985194	101927532	266917	3113	101928228	101926963	5863	9936	342184	100874204	127138868	83593	339192	123706513	115891964	256236
gtex__spinal_cord_cervical_c_1__M007	51573	2137	23649	54875	9603	27095	55781	5128	30	65056	28966	744	3796	10420	22978	51548	102157402	79175	10490	9692	51231	8775	23074	51069	662	10120	515	81847	80212	64236	11130	5690	23769	22863	91574	126299	85013	89978	4907	27097	55901	64776	118663	60490	84915	497190	83608	8792	23671	221322	154214	221960	51631	26260	23412	11023	1456	83643	56477	7073	29970	81615	163175	56172	51643	11269	1358	5900	51035	57577	131601	10085	57107	90701	162963	55762	4336	753	93622	26472	100874114	23333	200933	145270	79898	2314	9112	140707	105	84937	170622	285971	65251	59286	8528	6257	339453	201725	4676	9311	60493	257000	148413	105375304	401491	9884	255403	152742	109729147	100507303	730183	8148	101928963	102723582	389741	285266	100506710	105369344
gtex__spinal_cord_cervical_c_1__M008	90293	56928	5577	2273	51071	4254	63933	55745	22998	2139	55593	4925	23503	2782	1653	10464	55230	51194	4313	9878	10175	80344	51098	9770	5931	84061	10664	79719	25963	3200	5599	657	55149	27346	7323	1982	2965	4891	57122	55819	5144	2246	79770	1452	55171	22930	9167	2152	4297	9330	9414	78996	51000	5322	51250	25814	4772	83857	1022	4212	3703	51347	967	9654	96764	51187	23710	144402	8533	54499	2029	2590	805	90933	8573	92399	118924	6188	57724	134359	24138	85445	1601	3192	55740	518	29761	9556	3098	64849	56990	6159	115209	64123	57447	83700	6240	11314	7266	29091	7555	64118	7360	373509	23587	28998	2804	3981	84747	7525	7694	11145	153129	147991	79077	53637	253832	284406	100287171	7485	2842	9276	283820	10933	388336	3556	6173	7268	7703
gtex__spinal_cord_cervical_c_1__M009	5689	23166	79091	5837	4036	64147	4708	55214	55118	8220	25813	64428	1936	11129	64130	8985	10467	28959	8721	55805	7704	51596	3280	3336	27101	55268	8805	10608	6431	221443	22826	3425	83460	51691	84705	85441	11047	55829	55748	29889	55316	55755	5861	2588	91978	81794	57140	5694	84970	129563	210	112936	341880	1070	5521	5635	124093	54987	127579	285761	10910	169714	116225	55311	89849	11273	118487	84733	6199	112869	200958	8408	167359	114932	5781	84206	4707	64410	5087	162993	645811	6709	8227	7620	80863	3134	2550	51239	79729	728130	100188893	65010	104355426	90673	25764	632	9907	3588	100506282	10597	100507373	100130522	285796	5387	641977	130872	114814
gtex__spinal_cord_cervical_c_1__M010	3382	6863	9716	8554	10076	10188	2817	10290	56666	23332	119	27091	114880	1005	2932	57106	54566	3589	80331	2742	7991	23373	6804	26033	22849	10227	10536	79611	10307	57396	9381	5493	9480	3213	440073	1211	29078	146330	25830	6616	55119	116986	85455	7168	8631	116	3707	8497	80852	817	23092	2741	158763	8525	2893	5796	162282	7070	3778	3361	9478	83850	5116	57731	50944	7447	91156	9255	4886	134957	138311	9317	222865	26580	23255	81831	4884	9427	2845	10605	10231	90288	6712	126006	1212	2902	5426	51046	222183	25970	9495	157695	1132	128553	64478	441061	150209	4887	283643	389073	55753	80737	392617	100874362	107985040	154790	646960	115557	57604	27246	124900848
gtex__spinal_cord_cervical_c_1__M011	29116	55703	6683	55591	27430	168850	2182	5597	7188	2060	29887	55900	23002	51566	54602	9100	5934	79895	50804	1124	4232	57589	59338	91452	2549	26973	4928	10988	135112	55754	523	90	10190	1386	4139	1266	57134	1268	64747	9227	64282	84947	6239	51105	57509	10621	1875	22800	85004	60561	6885	1910	53346	10241	9550	2800	63027	6386	79739	5495	79172	79807	10150	663	5636	92906	23190	79634	81545	54901	26091	54545	2059	121256	60592	51571	55364	528	51633	64092	6566	84255	84919	836	134510	84267	143279	7702	6809	2339	7336	9839	10678	152518	257019	8801	93550	163049	51319	116068	55884	196527	340152	23512	28970	3638	50859	6925	6120	27347	1290	221710	81488
gtex__spinal_cord_cervical_c_1__M012	5566	3093	57103	6932	994	6594	5935	10240	26273	5450	4012	6364	4548	11123	57035	9409	54850	9088	7979	3231	79587	23143	6821	123041	79092	63976	56169	220965	871	81792	65258	11079	133015	285025	25841	2801	23192	27247	133022	9024	65108	388886	51329	116985	10772	25829	643965	387486	9842	101928470	100507254	124902439	338653	100873947	285550	201617	100506465	119139906	148145	440335	101929780	100887750	5380	124221
gtex__spinal_cord_cervical_c_1__M013	55726	26986	5909	7155	8556	3902	55862	3091	55125	9738	8036	64081	8649	23130	7957	57088	51555	10745	34	5955	56122	23435	25950	84668	4552	11017	10236	9526	58533	261734	23111	7178	2012	8763	54583	58487	56950	6233	84620	51125	774	26278	51582	6132	8880	5783	201895	25898	3190	9768	6632	4204	90693	4534	29071	93134	9625	9831	54880	4753	79659	132660	1604	4646	150472	10210	1803	258010	51170	23116	259230	92482	6234	100506826
gtex__spinal_cord_cervical_c_1__M014	3097	57095	55623	65993	9817	4200	7760	2280	23351	5684	1522	8260	6901	5127	8717	65990	4150	80381	268	2022	27087	6484	54516	10675	1647	55700	5887	10174	79269	23363	2868	30833	3831	79706	8572	7322	60484	26056	55654	79621	4240	123920	6187	85369	481	11221	10899	196743	738	81552	4000	6427	160622	9861	5654	23423	51704	6137	147015	3592	284004	55657	8722	2885	25915	84333	128989	55532	123096	55210	8733	444	102723775	728743	57234
gtex__spinal_cord_cervical_c_1__M015	6405	9709	79658	80216	5743	1690	4776	113278	182	54758	3614	26468	6387	1075	84680	5917	25843	7010	80760	1908	5914	79781	1284	6926	3679	5077	9314	63971	22801	64116	58516	3491	64129	963	55814	2313	9510	2078	6464	162417	7412	51705	23462	2203	840	153579	6778	9079	11214	57449	114897	197322	5074	253639	716	6948	7026	338657	11118	1282	284521	55340	51703	7004	9814	4860	4855	338799	22828	101926907	100885848	400550
gtex__spinal_cord_cervical_c_1__M016	7021	5310	2554	7092	3918	9671	22999	3881	3053	7783	1428	57030	64072	56253	23086	7276	203447	2914	56751	51764	1013	57127	9315	5570	11227	7020	85416	773	84958	343472	151126	170690	2559	83938	56683	2905	146325	4760	50650	26266	2020	340260	7171	84632	55561	3603	10125	26960	3642	105370792	84107	493829	10472	22864	83715	2563	1305	100271715	161497	101929176	102723895	146429	100130705	102724859	107985953
gtex__spinal_cord_cervical_c_1__M017	2328	1890	27122	1471	79006	208	27113	51073	10430	573	5216	8704	103910	2309	27230	56927	92675	117166	4357	50632	84330	81873	254427	10950	122416	123803	3455	5745	11282	55897	348093	29123	57348	94274	2495	5867	661	79042	51282	53342	4296	4062	57104	9377	84232	126003	389084	7390	93377	142678	127687	4056	1241	439994	100505771	90120	401115	55861	100499484	79148
gtex__spinal_cord_cervical_c_1__M018	55049	81551	23187	55173	5108	9984	2346	2937	6795	79036	57794	1998	55776	54856	9132	56943	84318	65982	11019	55795	8930	55556	54496	22880	55858	9988	51626	57575	10966	5211	3454	284992	196294	6728	10629	9147	2720	6773	83787	1503	84978	1798	79694	203523	5708	55508	575	3652	282890	177	7917	2086	8904	105378853	150568	100507567	100270804	84798
gtex__spinal_cord_cervical_c_1__M019	115939	8455	8425	7093	3189	8174	8897	79132	10493	506	56994	23398	51639	51622	80262	57578	10220	23148	5830	9107	145389	10650	83872	401548	23648	1938	81876	2523	55534	4541	4513	4519	63906	4536	4540	4512	4537	4538	4535	4508	4514	106480796	23741	109729181	9554	101929059	92806
gtex__spinal_cord_cervical_c_1__M020	4190	8454	88	8668	57655	57715	23541	81857	10469	29844	24146	4598	6242	79033	55116	79903	14	9513	9885	23404	4294	23558	91875	55114	6455	51093	11011	4323	118424	54058	84446	51160	9684	55324	221476	54815	80700	221749	3094	57175	157777	6525	10801	51065	790955	348262	100289274	2630
gtex__spinal_cord_cervical_c_1__M021	114881	3074	10147	6389	57613	54469	3646	2931	6198	26268	84836	28972	9887	10327	79934	10396	56731	84286	84125	2766	92579	4841	6251	7345	252969	84532	4359	23623	10712	1877	6902	79877	22885	493753	401541	50854	4722	100507057	400043	91695
gtex__spinal_cord_cervical_c_1__M022	9244	79645	9620	10391	8701	56171	2302	948	7225	91807	85452	114827	79925	153643	123872	200162	375307	127795	132671	151651	200403	79740	169044	54777	83450	220136	146177	225689	255101	9182	255130	145694	246176	154313
gtex__spinal_cord_cervical_c_1__M023	7035	5081	124925	8079	22861	8120	28964	6506	51440	10485	79143	2670	9415	29943	6567	54212	219854	7476	114	5710	79656	10602	23620	64837	64787	54762	105377986	124901076	27239	692247	102724814
gtex__spinal_cord_cervical_c_1__M024	9921	87	8243	51637	4436	6598	83874	26051	3191	9644	2956	83786	80017	2073	10956	10868	80031	6895	8826	10318	23245	56623	5805	1677	23023	79683	7298	339327	7442	283440	57212
gtex__spinal_cord_cervical_c_1__M025	80199	9369	25875	22859	7163	10580	22981	83480	57576	54812	23345	23175	274	27314	9815	55275	23284	1740	53354	51585	322	390927	284697	9729	9612	9358	100189589	2738
gtex__spinal_cord_cervical_c_1__M026	5601	7018	10139	64748	30818	27429	10067	3155	3925	84083	80148	23378	6388	83605	56262	66000	79034	91133	8568	222229	53407	79058	652968	503569	56145
gtex__spinal_cord_cervical_c_1__M027	7075	37	26235	135152	8576	127544	25927	54853	83596	8409	25926	80349	9879	117143	824	138050	201161	7388	148014	7318	11056	340090
gtex__spinal_cord_cervical_c_1__M028	7038	5317	1357	5225	5967	23650	10136	1360	6707	440387	2813	3851	1056	3860	5617	3849	5406	8513	3852	5644	3853	2688	5645
gtex__spinal_cord_cervical_c_1__M029	1856	9862	7095	29927	5442	4125	2997	54938	64960	576	9473	23180	86	84811	112483	51368	90826	2990	80196	30008	79366	6150	23761
gtex__spinal_cord_cervical_c_1__M030	81617	9028	23420	55621	56961	54662	23329	84100	25953	3949	8471	84722	6097	526	388650	51560	266743	254531	122809	64771
gtex__spinal_cord_cervical_c_1__M031	8284	8653	7544	27328	8287	8242	6192	9087	22829	83869	7404	9086	7503	105377224	286554	246126	5616
gtex__substantia_nigra__M000	2729	889	8379	843	10181	996	3980	57019	26224	3920	163	57157	9043	6482	23221	7812	1185	26993	54443	10463	9782	27032	8540	4719	8630	55591	2530	8554	5981	7204	1462	9765	10659	57492	1112	55745	51742	23095	25771	57475	10827	58508	23369	10787	51768	50937	5378	10203	54887	3843	23013	55248	7089	83641	27107	4756	7813	5315	89795	23250	4040	10640	8218	9993	8440	23161	54556	26528	6596	51109	6720	64398	2011	51095	23291	8907	5151	6605	6480	11343	55205	27332	9462	1739	55973	83992	2782	9452	8671	6595	57092	55218	8555	55322	7514	79728	3842	22894	56910	966	2122	9522	57531	29957	55054	79796	55239	339175	8570	84678	2802	8761	84196	2734	27327	23231	51310	55632	54822	79968	51430	4214	3983	79956	4670	4809	1727	6767	10598	79890	5494	6430	1983	23405	79882	9252	23347	11201	5230	56062	22862	5257	80777	7249	26048	79791	7329	23062	3163	9738	79719	10391	1445	8925	7082	5862	51366	1891	5802	1954	22900	64748	30000	858	8887	2617	5803	1174	113263	54664	7046	7091	55664	23189	59338	64072	9562	9211	7343	57003	1819	9343	26118	54940	8649	1998	27309	1182	23321	2743	7358	57562	10944	8496	65117	8078	79632	81688	2070	10767	9896	7957	9444	3910	3157	10902	23530	6678	10087	8622	9685	1004	6500	5515	80006	3836	8087	6787	55683	2820	51130	25801	79745	55704	10314	55120	2335	1615	5334	4780	7799	4811	59349	5129	533	387338	1266	23215	58155	23443	55758	56181	23271	23120	6446	6696	9270	23307	6418	2733	79109	91754	5826	3416	84955	64374	317	8405	80218	7750	64786	22865	1314	11155	79903	57489	83637	55975	800	23389	11059	57486	79809	79934	2181	51604	57169	6780	11017	8239	6745	84899	55026	10236	10054	171017	3895	26030	821	5908	5787	50809	23499	5782	5189	8910	5420	4698	5682	51105	81533	6397	23383	51429	4705	10439	6874	6535	84905	23199	9467	9779	64145	54882	10948	10656	10489	23167	55037	5791	23277	64208	26057	4595	23164	91298	3612	272	51669	57498	3572	51765	25941	25821	4076	9053	2799	1368	2752	9857	3431	26122	55681	9445	9805	28988	6426	4711	51133	55627	9649	79139	152006	55667	116113	79811	102	9411	8634	80204	310	22891	79800	29789	6744	26035	10144	22872	84162	79807	7009	5925	64062	145407	9990	6652	2108	49855	10099	5045	3801	1009	9611	9520	54828	6875	55197	114876	57521	351	473	5451	27005	8394	23126	9898	1130	9859	2044	54532	285440	10299	10184	153830	10146	79930	57583	9589	9203	4841	27316	6867	51125	54904	51110	29967	6935	2746	120	4863	472	85449	23284	22948	7068	54842	80014	667	127933	133686	51351	6328	50807	154043	80790	9320	124540	23461	728577	4685	63895	55529	51633	55326	55027	23367	65062	90550	145483	23522	1974	6529	7804	9069	4643	10311	1859	9162	64897	26053	23382	56946	137964	4681	51735	79053	6651	23515	9813	9619	222236	6427	91010	1973	81570	7542	51727	3716	5928	8880	23528	5824	148362	27185	152559	285203	201595	23122	23001	57018	323	23350	64419	54861	59343	7086	10424	80335	79884	167153	222223	1508	5828	5885	55074	501	25879	538	143279	9147	7417	7248	57447	154810	255394	2200	9318	1200	8509	65084	7184	9640	9665	162681	4088	51704	84064	6730	3516	55788	359948	6774	8754	25942	9839	83985	6091	1501	10477	10015	10491	57148	5209	5272	11214	79145	9788	598	5356	51523	10782	2186	2628	4300	5728	83660	51030	83452	54205	4299	10524	111	2804	49854	83591	5797	79834	27333	8722	488	10260	55167	124152	6731	201626	51319	170506	1488	63893	25914	205717	54503	80205	347862	11253	253461	7182	79605	25945	3766	9849	7334	5339	221294	55175	2066	79415	160335	9500	91663	9378	374986	8334	404093	25994	205428	79673	134553	716	6304	7267	221178	389114	23705	161	158358	6900	5504	8398	10801	7327	26985	56899	4603	10933	5833	55599	10623	4675	7626	55922	3840	53373	7874	5359	57186	51114	340277	339287	120892	26155	9516	23450	54510	284697	79633	29068	6925	388566	5094	10438	84301	79027	55753	26037	128	5178	11321	285989	987	10920	9060	10479	22909	22876	9824	4976	51714	9853	100129792	57713	830	4215	6721	55251	84243	55219	55777	7916	11138	54458	54809	9946	5500	26140	84461	440270	1654	729852	5520	101927027	401398	101927621	101928118	8629	284900	387521	347689	10137	283131	101927233	100507043	23642	101928601	100101267	57223	79893	31	100887750	155400	57234	6648	124906262	80862
gtex__substantia_nigra__M001	3075	1080	57679	55904	7748	5164	9855	10083	8938	10747	54476	54902	933	11183	9961	5583	9774	8439	26009	23327	63933	5601	6307	23224	84957	8454	8975	23200	51564	10347	55633	2263	55593	57560	10294	54916	4335	51175	6717	4140	285527	5337	4162	10003	5108	8569	23152	3991	4208	4036	91746	3030	2017	55624	8438	4799	56605	4313	118	55608	51433	55072	57556	9209	23031	1153	29801	6663	4174	8897	4792	26164	5358	5931	84061	55757	79726	653390	25963	4683	427	4924	1209	166	9253	51343	5296	5143	56006	8729	23185	55149	28964	22794	4126	57620	54414	9379	2965	9761	80018	8914	50813	55914	4124	83697	55819	5924	80315	51421	55186	56987	23150	3554	9167	64766	9181	6513	64577	845	9330	64225	3213	8805	540	1017	64375	57580	23326	7913	583	284800	10616	22890	8021	5322	9088	23030	3232	57572	9667	84705	51250	23149	25814	10585	1736	7776	7317	116983	8500	5894	23225	5901	4147	51308	57511	5158	55748	3295	1022	3939	57614	6885	26298	55336	80003	3300	6434	64844	84253	8737	23787	4926	96764	10128	950	1848	7786	55716	4857	2100	89941	8533	6904	23038	57530	4170	2029	9580	805	6323	29926	64332	91775	8893	1609	6502	253714	56996	64599	6129	4715	92105	9231	9472	2132	5213	25780	5903	22878	518	92370	3798	9941	776	2114	4047	23181	51035	64123	129880	113444	55764	26269	55314	55503	26130	7415	3636	8559	79789	83700	55323	124491	84516	10449	8085	23524	55209	11273	753	23214	93380	64118	58485	55144	554202	1072	65059	57674	23333	55055	9776	56675	666	10425	3725	285908	10194	53637	118442	79813	10159	55666	3838	2842	493753	9968	55015	9146	26013	105	342865	51547	8632	7373	1287	23036	51434	399687	4122	100	199704	399909	23061	8831	6584	4641	6687	3792	140885	7405	9666	79065	1756	7052	64423	83538	643965	5150	6643	79958	57194	503637	55779	123464509	3672	101929145	728190	401022	101410535	101927300	101928470	100505774	124902280	91316	101927768	100507336	100874362	8847	101928231	101929302	101927289	117751736	100996590	60674	441869	100272228	154092	100271832	100506866	101927609	101927152	285286	6173	727956	7268	151516	10443	101929595	643911	100505994	441369	101928176	255187	339874	728723	100507377	102524628	254559	26065	101101773	101927620	101928599	283547	283710	103344931	284395	23380	105372321	728841	80039	124901457	29798	728158	101929116	283755	255812	260294	100132341	400322	388165	401577	440248	728448	339483	349152	347918	503638	8418
gtex__substantia_nigra__M002	57414	55049	5238	637	1272	11285	578	6301	55789	54896	3631	1495	51606	395	3757	57095	6894	10188	23041	56848	2817	64834	744	3421	815	5566	87	56666	79960	3093	7161	114880	2037	2932	23033	4258	10573	64147	57060	23676	55644	55862	54566	7093	55118	283638	421	8220	23539	27156	23543	23313	171568	6547	958	7165	80331	55738	1457	6855	6594	2717	23295	64130	51231	5518	54555	23770	79846	6804	83856	2889	320	5532	54462	22849	79176	64077	10531	79991	10014	5602	55805	8567	4728	84867	56341	116369	10307	9381	2744	22848	27101	271	3749	51086	23266	80212	9480	114818	4601	2891	56243	80820	30010	1211	5153	64756	9643	55653	400961	79637	1059	9491	5126	83658	79639	2847	9732	57464	26297	23639	57153	2258	79948	6861	10452	57631	25830	375775	1729	22907	6616	2835	81846	2922	92558	29109	9648	274	670	8870	56965	5876	204962	90525	57575	6843	92979	6563	284111	113230	641649	29943	5686	128346	55827	57657	22874	127833	57624	151835	6622	817	23262	5066	2741	81786	84553	8573	79742	90060	26260	6770	1807	220965	10284	5800	341880	2893	6728	9481	153478	925	123872	7345	6921	522	65258	51560	7273	3778	5521	3361	9478	8764	10361	8822	7484	8867	516	23400	11189	267	808	1676	7033	85395	7410	5116	57731	80228	60680	79656	343450	128308	72	7447	388962	134	84818	285368	79443	54965	91942	27089	57107	134957	116328	216	120114	11092	138311	6297	120863	374868	115811	201161	5245	51117	4597	51693	84940	113655	124935	5866	26580	5368	23255	3575	29091	2915	221749	4204	25849	10636	202374	123591	5099	4584	9758	195814	5569	81831	9427	2845	10605	253782	10231	91683	79703	6712	402117	582	132720	26470	5095	148345	158135	246184	374819	2902	8541	51046	497661	222183	9659	389072	79962	8225	285668	5781	23241	127003	54952	7054	124274	389197	575	55344	22906	100506380	4703	441061	150209	374659	340542	5592	113146	8224	374899	79955	1755	170622	137392	1806	389073	149297	90835	9612	64771	9260	642968	6714	147906	4644	51062	9358	801	55253	9722	399818	196051	286411	1797	163486	286467	6235	10195	4636	107985194	6315	28985	100873947	389023	150568	100507261	154790	104797537	91368	729993	102724019	100507661	9054	100289187	152206	192111	102577424	574538	374887	57604	27239	100144602	100192378	100506365	692247	101928416	283624	124907392	102724814	106660606	23246	100129195	154313	378825	105377451	101928737	103091866	220729
gtex__substantia_nigra__M003	56603	55610	5577	5080	55735	29116	928	51099	55703	2273	259282	57120	168850	51528	57602	4659	65125	1431	10838	22998	55726	10147	9950	9650	387	27248	5597	9948	22859	8243	60	7155	1653	9817	28962	11266	594	7760	2060	55230	54469	8898	9962	10961	57655	8079	4436	1384	51322	25	22931	387680	50	23351	5836	5706	10175	51382	23002	3091	7528	23394	115201	79576	4168	2332	54602	81617	26512	10664	9100	9093	5934	54332	64089	1124	28959	657	91452	9644	8453	64081	4927	2145	5573	5376	7323	2549	3312	26973	1982	4891	10988	56890	135112	54516	29074	2246	1452	604	25852	57088	28972	4691	5136	64895	23451	390	1386	2956	4139	9731	81563	1647	6738	10286	9295	1429	51440	34	50999	2152	57134	5955	6794	4297	22926	9331	64747	23314	9414	8013	81892	10808	83468	23435	576	55791	29899	84947	51251	23549	4552	10199	83732	2868	8678	64430	23065	2770	54832	91860	3609	112487	55274	57693	9584	55902	7322	23111	7178	8471	123811	83857	1875	22800	80017	1965	51535	79577	2012	3703	55312	51347	60561	4193	54583	1910	57129	2800	4609	54840	51754	132864	6386	5962	79739	5495	54536	1763	23710	144402	58516	51380	65082	663	23174	5636	114804	4089	22823	55793	10899	2590	92906	84620	23190	79634	83939	58478	81545	51473	7403	23245	26091	118924	710	79780	219854	54545	1737	120379	64067	2059	1909	57724	24138	1601	60592	3192	54463	55740	81552	51582	7102	84108	127262	84919	6285	6464	6159	114803	148423	80304	132789	118429	5783	7871	151613	25898	80817	27236	836	134510	819	23514	115330	221656	84267	3190	840	259217	29951	23300	6778	6632	6137	1499	85476	3187	7336	90693	8706	10678	23204	3308	8493	4696	4534	118812	93134	151827	79694	93550	1657	55731	22885	256643	163049	345757	57659	3981	79666	84747	116068	7525	55884	196527	2885	25915	54762	23512	147991	11336	90411	404201	253832	7485	54880	23258	9276	5501	3638	353345	79659	7390	50859	55660	4646	3066	55532	51321	150472	1778	10210	258010	51170	23116	11179	339448	286144	255919	8293	11116	51024	388815	221710	101927021	64288	10552	23761	81488	9236	7703	79986	152195
gtex__substantia_nigra__M004	55471	5689	728642	51507	9603	5128	7629	2065	4638	60487	30836	57217	8518	10979	57719	29090	23016	10615	56949	88	10411	131544	55214	84572	7018	22861	10013	25861	25805	89781	8664	9978	3420	116092	8874	79650	9780	3551	3646	157697	4173	54922	8985	8721	5730	3257	54868	22897	29125	57696	283383	26235	51596	7942	51069	23113	57666	2976	6814	10625	51463	84795	9617	1	91614	57510	55795	3276	8409	112849	51691	5338	15	5589	10844	22880	114904	79572	57578	3679	3178	10956	84865	11173	55755	8818	7507	6194	93643	58487	26160	118663	9815	84915	283537	4864	11322	10256	128061	54465	6574	23671	284992	275	153328	92715	27315	83707	117143	79925	140890	81559	57798	3017	9825	124245	222068	7391	4720	29980	873	117145	51249	23076	10841	9159	199746	80150	10629	10092	25903	10109	23114	29083	94241	138050	116225	7171	1877	1642	200845	197259	5480	131616	83787	55657	9533	2110	8841	118487	55191	156	10800	200933	148014	169841	286262	254531	112869	375189	23141	200958	2907	4869	100506504	2621	4600	8302	130502	131096	220	1762	402573	401541	5104	340719	9725	112479	65992	22834	3151	51490	2664	169981	5089	4439	339453	100316904	642394	100131094	51239	7416	91664	10379	8906	100652865	387486	100191040	101927117	728537	401251	201229	340017	728927	100129060	90673	751580	387723	100303491	101927641	58496	100131434	5297	25764	632	340526	57553	105377105	101927459	90024	10597	100128191	102723670	730183	101928738	4302	284106	100130890	100506516	285796	100131320	91695	389033	101926918	641977
gtex__substantia_nigra__M005	3683	85477	6401	9235	695	5329	6556	960	4481	10863	6916	8531	1117	10797	8832	10272	3566	5788	2533	7462	30835	51816	5742	29760	1390	5008	27128	8542	4318	3055	50615	366	1512	259307	10859	6510	5294	22797	54504	81704	64231	51338	10114	8875	9595	9173	8807	8942	7456	4033	80231	113	64333	4778	1026	54436	3659	22918	30817	3976	79651	54897	64087	5176	241	4064	1794	90853	10457	3569	7097	5330	55647	8477	7453	3394	6398	7409	4542	89790	6518	3339	2212	6279	7170	51316	55016	23092	154214	23082	6001	6768	83706	64407	93589	152485	115761	56659	285313	118932	162282	6503	10538	56833	115992	861	130951	266747	29	4000	1234	3101	2215	1520	79626	6280	6283	3577	56999	2921	1230	133584	717	26253	57494	84689	2793	124460	3903	147138	1524	624	3635	3965	27036	6039	126014	2358	2357	116844	10287	115727	64581	10855	8793	26996	7096	8061	10301	124871	7056	124989	3059	3579	53829	1436	222487	199675	9021	55911	10320	338557	2204	84981	353514	387763	388512	284759	51284	837	5265	728	1438	1378	2214	9935	3111	57126	4489	283314	1052	102724297	100506115	101927070	100505566	284757	646309	643529	3120	124904411	114614	150372	101929335	1050	105369147	100233209	4671	285626	101926904	401134	728488	105375743	23601	105371423	728276	101928674	101927931	101929497	2210
gtex__substantia_nigra__M006	23072	7982	55750	57787	9254	5310	23386	55655	56052	27067	81037	55761	114800	6515	55711	3735	2009	7216	2182	3796	55117	1400	54847	8301	4905	8726	8672	83737	2222	22999	1741	4779	23085	3797	29887	2775	29965	4897	23428	9701	22981	5332	7355	65009	408050	23312	79752	55284	4741	3191	2821	23646	85865	64327	51422	9570	7531	55296	55531	1911	221692	84498	2257	23301	8869	22930	8604	57535	9829	9887	4179	114883	26507	11113	10102	6487	3831	7277	25953	93986	1123	1804	23229	1742	9215	116988	891	10752	57231	85021	10505	85397	80210	50649	10241	10730	4750	51103	56924	9581	51138	153020	5998	144165	376267	55275	1213	2774	494470	54808	3899	57282	79137	9353	1016	78991	51390	30011	55869	5631	3358	55638	92211	57689	79096	5058	4684	84866	3708	3742	9223	10873	144423	152789	25827	221895	7070	5799	27020	491	445815	26100	79623	8450	84134	83440	1141	23623	64343	78987	133308	79012	55255	7534	55656	145567	23339	64400	6786	112476	7769	90522	6520	255743	51305	7798	7360	4135	22883	10243	23261	26960	256130	1267	148808	10540	64770	57628	157807	57184	127254	727957	66004	84698	84856	54103	23621	51155	1604	51466	100289635	7442	5718	10533	6709	8733	28512	221002	8859	23636	64506	6892	8517	102724316	2630
gtex__substantia_nigra__M007	51364	23649	28968	55679	3993	6865	27091	64744	102157402	55741	5996	56241	1565	114294	80381	312	4066	3718	57794	50617	10467	83937	80351	9126	51174	5002	5768	28956	3399	80235	27130	399979	440073	79144	3397	10882	7700	5111	55425	84106	5738	9704	27202	4907	4005	10220	1593	51332	7222	10219	55898	81794	4211	55164	55840	92610	3779	255426	414328	6835	221143	339105	51594	51128	79705	55286	51643	10069	11269	79856	6493	5152	23218	160622	220004	151354	56983	84283	23429	285521	130557	202333	10370	79722	138716	2203	155368	4712	55172	23588	402381	90809	389941	123228	90701	644353	3921	4725	65110	83987	7580	90161	203245	566	51134	2787	283951	402682	653583	284358	10949	51272	6232	157695	7318	23336	1397	5121	102723701	84206	10293	131675794	8971	340371	254956	344905	199777	23660	541578	118472	4513	4519	4537	80737	100130958	5699	10866	50840	4539	27040	100996307	728130	23467	101928527	493812	84320	101927895	7844	23547	5032	390595	100505738	101929215	401172	728888	100133315	100130933	100270804	124907726
gtex__substantia_nigra__M008	6936	7869	4057	1774	23034	3298	8100	55749	79763	8625	4904	79364	26986	53615	7321	83642	10325	55760	29888	117584	23170	10732	10398	10406	3299	6422	6878	4969	219699	10227	605	55856	135152	57222	27429	66008	56252	3433	4488	11228	88745	4201	11034	341	26152	84660	27183	84250	85444	57639	1660	1101	90871	6176	11117	347902	93649	51651	126374	112703	57333	6135	57645	51686	3707	8502	9711	51631	91782	10480	6188	196383	6868	130074	284312	4900	200014	85414	978	9592	4796	7627	115677	200185	9255	51385	64399	6522	55335	509	26287	119032	3419	10845	4130	10999	80700	54899	4336	3622	29100	79724	91647	26472	7423	257364	65003	9024	253982	146177	79898	441951	4808	399664	23641	128553	29796	390664	4303	84937	885	10507	125704	387707	3376	5770	162993	92714	4828	5253	619208	730051	790955	388135	83463	92482	134121	440498	414777	6234	439949	158	100507599	100128881	339290	401612	100129550	11276	107986669	79970
gtex__substantia_nigra__M009	10368	4293	2556	57586	5874	7504	7224	119	4986	57084	4744	83692	23359	11075	2906	5864	1949	23158	23316	23527	26038	6785	22987	10893	59353	9143	57622	6860	55859	23508	112609	9568	347252	10021	85352	84530	6751	59283	402665	57574	8001	10814	134829	114569	51059	9118	115827	84959	129684	3763	57369	2785	94032	340260	283209	55530	29785	956	3354	5865	114787	164832	283455	8941	7857	8708	64137	225	170261	5122	148252	3738	266812	387856	205147	399668	401097	374860	64388	3739	345557	163933	3786	1946	256714	255275	266722	399947	4674	139599	339761	6585	345630	344838	375567	340120	644596	340578	81706	221424	728215	220164	10962	387804	134111	283514	105373377	643988	107986618	390616	84968	257068	100507341	54551	343702	644242	106456574	83482	147670	389332	284615	112441426	101928991	4747	6753	101927401	101929748	122319436
gtex__substantia_nigra__M010	64102	799	90273	9052	923	6570	64718	489	6557	9620	5527	9727	57828	10202	27286	9688	8395	5309	253738	40	2557	83891	64151	1410	2597	1303	9749	10723	3241	6382	1421	5918	83401	1135	9479	389549	3169	25759	54869	1644	10468	84691	91875	6332	92856	4010	7225	2230	2201	145226	80000	6531	79258	6016	185	201780	1142	8973	54212	340419	8525	1813	57626	2674	79888	2849	23648	90993	80274	7757	148930	4009	886	7015	222962	5979	4004	4025	54777	5617	283985	3642	442117	254263	125144	374786	283229	246213	84622	91050	326340	340146	5069	64478	5454	8788	1630	401027	5079	57565	337876	124906016	150297	100506688	400765	642345	102723817	100506314	100506465	26645	729330	388015	140828	100130148	352954	105372799
gtex__substantia_nigra__M011	54972	1890	355	3371	56204	10335	2736	65993	117	7205	5990	89932	128414	6640	6901	5251	5935	23417	4363	23205	9512	3955	165	7466	6506	79611	5985	5992	7101	5754	23286	1809	29842	33	2202	5396	10936	8082	1757	6385	6662	10485	154796	5648	84239	79781	3691	60484	29958	59352	25917	23175	9415	26056	658	22901	2064	7159	94097	4915	5995	1979	2823	10160	7402	3773	25890	83648	11079	133015	2150	23305	91147	5654	55273	6764	51129	23192	23620	284004	9079	9283	361	84331	10458	387758	440556	56963	3985	374977	4582	7332	114826	338645	392636	391013	388336	27044	444	6263	124900275	780	3073	648791	284184	105378763	100506885	101927524	105378909	102723854	101929372	339789	105373158	645323	100505875	619434	9865	147429
gtex__substantia_nigra__M012	81887	10180	51603	477	9921	56895	29927	38	25996	5289	5794	9878	825	85377	4522	23613	26051	81857	10226	6223	29062	24146	54662	80279	51166	4598	51411	4739	6908	7060	28965	79770	6242	4209	64960	7292	23632	26094	7043	80209	7181	152007	83786	51119	54973	14	10606	3949	81	9473	5914	10401	4678	55544	9550	51191	6895	55070	1939	8751	3329	6567	2313	26040	23589	6566	1831	201176	10020	84447	115209	824	79885	5274	63891	1278	58526	399665	10960	2705	79188	55636	257019	1717	51574	79683	5187	9802	10078	23764	257106	57573	55340	2104	221785	100190938	93377	26112	9909	353149	55449	84627	493900	51750	100130370	149013	101928583	57212
gtex__substantia_nigra__M013	9091	7384	54814	4190	22902	27430	79810	5291	26999	5610	54432	4913	4942	9399	10681	60343	6389	55160	8668	8602	10914	51324	79629	10043	2937	54976	81502	5127	3356	4150	3614	95681	3959	55572	27339	9049	506	3945	7265	5917	5510	10067	5110	55269	2971	80148	10131	9513	9885	26284	93611	4221	11311	3184	22980	27043	56950	10456	29097	29114	526	10280	7108	57407	1010	10600	5710	8883	2539	4061	1173	622	115950	50651	203238	9382	6447	10713	65008	375484	143425	79877	5707	128439	6124	64837	28976	286499	23042	7378	138046	79135	400451	79184	29902	613212	100533182	107984813	79922	1556
gtex__substantia_nigra__M014	6642	2512	1114	26517	55954	5611	11333	1337	6206	51639	10153	90231	84272	116138	25824	3727	9040	51526	80195	79074	25934	90580	83442	5202	347517	53358	84504	128853	114134	9531	10163	6271	7805	54585	23379	119504	51367	55762	1938	1841	51255	10791	126789	93622	81876	767	54494	28955	57118	6991	374920	3858	401190	3006	23424	55534	127687	4541	4536	4540	4512	4538	23137	4535	4508	4514	83849	3133	57469	113219467	388559	100188893	163033	100507421	10929	100287042	9554	114841035	92806
gtex__substantia_nigra__M015	6863	23154	57210	5733	84699	1103	51412	29089	1136	1005	7481	64211	8425	112755	5816	9362	1395	887	4988	7781	92840	84634	81849	5493	78997	85004	2572	570	113220	9746	1280	27133	85455	8128	11249	6769	2719	9651	83723	53942	127731	1636	55282	146206	6469	65268	138429	146664	7480	147	222008	408263	81033	59344	1129	10193	2567	8905	6000	643236	9729	9819	85379	400591	84258	594855	401260	107985820	399697	124901076	196475	101927793	339192	105371899	3975	105372079	101928092
gtex__substantia_nigra__M016	6405	4074	1195	50619	3459	2896	9709	7037	5743	7145	8544	2280	10296	4776	55156	54108	79816	3780	2022	6387	81619	5889	7468	1075	57568	1509	7010	29126	9034	51141	4149	6776	8273	813	25983	10095	2317	9314	338699	834	81556	9960	23421	3491	64708	3606	2078	103	57648	9861	51705	84135	10559	84720	382	222389	57171	257160	378	84879	1285	55276	1677	53343	5621	4615	8575	7026	339327	92070	51703	113402	101928100	101928847	2738	84809
gtex__substantia_nigra__M017	972	8635	1356	1535	81671	5476	27071	55843	6813	151887	4689	9388	57817	10135	835	944	1440	54757	56606	51296	5777	1154	7852	3553	718	27180	6303	5119	3601	10588	7111	3687	3454	9180	1730	84296	10205	84159	9050	5937	115362	64092	11326	79961	27306	7098	117289	6850	4837	283234	3576	929	202051	3603	10978	713	712	4261	55017	23526	146722	11006	134637	12	114769	101927532	266917	101928228	101926963	6997	127138868
gtex__substantia_nigra__M018	4267	55650	9627	55658	10290	2646	51530	26133	284217	3750	64788	4899	83871	217	30818	8643	1191	1271	6183	8572	7691	23378	6117	1116	9413	1840	183	56262	53919	123041	137872	83938	2697	84532	114	150946	149473	57326	91156	2923	79064	5970	56975	286006	389084	6917	3014	165186	7088	91120	11194	2153	92565	8528	3633	659	55851	9289	4207	255374	414152	105375304	652968	57665	112817	720	109729181	54460
gtex__substantia_nigra__M019	23129	115703	22955	10903	23644	55421	5663	55857	7593	51654	25839	80208	1760	26468	57589	9094	7704	41	3069	54867	55268	27241	23091	5335	6431	79902	85441	1786	51540	1802	406	5025	8884	105372481	148932	56904	129831	54058	92799	285761	169714	153579	762	7439	10815	6773	84733	158056	114932	80781	8241	56971	728661	653319	142678	613037	9814	4855	339231	23053	9842	65010	100499484	103752584	105370526	130872
gtex__substantia_nigra__M020	27122	37	3189	63935	1471	79863	65990	79006	208	10430	2077	573	5216	7915	8704	25927	54853	27230	90203	22863	84286	117166	4357	50632	81873	2766	64129	165257	56623	57105	122416	11282	51375	55139	2350	55897	29123	57348	94274	2495	199223	661	51282	4296	57104	9377	51333	126003	168544	283989	90135	122622	5034	90987	727800	113179	2013	1454	100505771	90120	57026	401115	388610
gtex__substantia_nigra__M021	6833	3755	7092	490	10371	54715	10590	51168	114088	171177	51195	2784	57501	6869	4985	2914	7067	2045	23005	773	9515	8448	5801	5789	2047	6854	7062	93099	152110	168667	146713	1816	285596	10125	22864	56479	220107	5649	60312	4914	6262	653316	100128264	401399	338817	102467147	400622	390660	101927278	100131998	554236
gtex__substantia_nigra__M022	7005	7095	3097	23609	9984	94005	5705	51637	23409	16	23256	23541	23759	55697	10469	7297	5599	26610	57122	10342	3676	2677	151393	5000	79033	5524	64794	51614	3712	902	11143	8836	23635	50808	388650	347734	84255	118424	55260	55249	2982	51271	123016	137695	29882	10587	10345	284677	2547	84335	6905	107985115
gtex__substantia_nigra__M023	25900	55885	55588	782	5026	10044	9110	26273	2054	56994	1981	84251	57539	54812	10617	55715	63908	10810	4628	2058	54843	54874	1838	10150	5792	27436	114789	130340	8470	9684	1857	22854	51304	64769	53407	56980	166614	51162	344758	6197	23302	389362	4763	92340	386597	112812
gtex__substantia_nigra__M024	10079	65056	4802	56850	6620	4345	1113	4946	23268	8036	27077	4013	3736	23329	51053	81847	5887	79269	79586	3170	84268	79228	80206	10492	3032	9107	4240	10040	11221	57325	1006	132321	387923	114907	4599	55129	64223	56947	115196	27335	27124	103352539	388021	389741
gtex__substantia_nigra__M025	8491	330	9099	11284	9564	8943	51006	55900	8216	1821	8140	23360	55776	3925	65109	10870	1315	114034	9238	55362	84925	57161	284306	476	5584	3818	7559	139324	123099	56945	100049716	5886	23194	6273	7923	1427	9907	3145	148189	11056
gtex__substantia_nigra__M026	23274	2778	23348	4967	10367	79132	7164	2030	10279	127700	53335	5357	9208	1854	1131	6775	7168	64969	57552	1404	818	775	55799	8997	79698	26012	4745	3747	89927	10653	7266	345079	131034	6120	2550	283673	101929680	101928174	100507534
gtex__substantia_nigra__M027	7752	2534	23187	55133	5434	113177	2872	57820	83752	23130	7320	23155	5605	7979	84326	55556	10250	55858	9988	145389	7073	5900	29115	51005	81605	388753	3592	120526	81603	84978	203523	3615	90843	29035	9863	26010	7917	100188953	729013	101928290
gtex__substantia_nigra__M028	56928	24140	5157	64115	5096	51555	78996	26290	25873	54991	839	6455	51149	222229	81789	521	27247	11145	197322	79874	284459	56114	125150	221786	3281	100996842	133874	100505573	105370158	119545628	114814
gtex__substantia_nigra__M029	23077	4287	23598	55687	1690	55174	55011	8787	23438	5033	27111	6597	4294	64432	7174	6926	64116	112840	10516	55114	757	11159	84280	118813	84446	116071	1503	92342	7064	177
gtex__substantia_nigra__M030	5317	1357	5225	5967	1208	23650	10136	1360	124220	6707	3848	1504	440387	2813	3851	1056	4589	3860	3849	5406	8513	3852	3861	374897	5644	3853	23436	2688	5645
gtex__substantia_nigra__M031	10943	64429	54875	25930	6507	9463	10528	64689	10327	11340	65982	8930	29889	80013	118611	152992	10922	113174	4144	84522	1106	6777	402	2968	53938
gtex__substantia_nigra__M032	64847	2115	9862	51534	54903	79658	6772	7143	10329	5395	4289	80896	4651	221322	4478	10658	57685	26168	23462	23353	8801	29944	727758	147166
gtex__substantia_nigra__M033	54884	9689	7597	11069	9770	9675	23242	55294	6309	51715	26054	85461	54739	85445	9510	55031	339122	9735	2124	57698	27347	9867	96459	220930
gtex__substantia_nigra__M034	1175	57192	6449	7511	8576	3155	4772	5977	4212	91445	7157	79034	4323	5598	6809	79089	3094	9229	55222	23580	80213	51741	284434	6293
gtex__substantia_nigra__M035	51726	9325	54829	1908	60492	122060	9166	54953	115584	7412	3185	10972	9637	344148	153129	28970	84319	4340	122455334
gtex__substantia_nigra__M036	25901	321	124925	117154	445	6553	2035	348980	161436	260434	91752	339344	4692	23270	150786	654790	110806277
gtex__substantia_nigra__M037	2006	79868	727	56654	1297	84668	83460	80349	121256	4882	284695	2199	53981	159195	162466	6199	440345	5138	51393	440567
gtex__substantia_nigra__M038	65985	84812	80146	10494	54806	333926	22941	85442	752	23254	777	400954	105378732	100131213	279	91948	400612	286042	138649
gtex__substantia_nigra__M039	8284	8653	7544	27328	8287	8242	6192	9087	22829	83869	7404	9086	7503	286554	246126	352887	5616
gtex__substantia_nigra__M040	3309	55176	3732	1810	51234	10026	25769	64849	57477	219287	51700	79730	101059918	22887	101927420	79873
gtex__substantia_nigra__M041	30	2355	51548	6614	9524	85360	51599	3249	3617	60672	89866	55154	23404	3109	79178	92335	100862671
brainseq__caudate__M000	54467	10181	126393	26224	5164	57787	57585	2534	54476	8491	23324	9604	1272	58473	8554	5981	23644	51606	51491	9341	4826	51742	57475	23118	131566	57095	9696	4084	23504	586	51564	22998	10885	4710	55248	4904	5525	5590	24140	57560	10640	8440	11320	8243	65993	57719	6717	9462	5250	6624	832	2192	8871	2782	7145	57455	8417	4850	54665	4200	3842	51729	3732	102157402	9522	51510	51637	8886	55668	8425	57060	51650	114882	54890	79776	51310	25831	1808	55105	5125	54620	1153	29801	51386	6305	1120	1690	6655	89932	8106	10484	10483	10398	91851	27344	10725	79152	54550	124454	6923	23475	7976	8767	2138	6422	56704	427	166	10775	51343	6223	8775	5802	3780	93436	7392	85865	3696	56829	2887	5919	9355	55664	10488	8777	2889	20	1855	22841	219699	23560	54906	10951	708	23531	57606	64854	55294	6506	29099	55553	10944	10728	217	8078	1822	1337	51389	55856	135152	7101	8724	9444	84498	26054	83594	6678	57396	55819	7060	5515	23548	9555	8992	80315	51421	7337	84836	150465	10096	6772	79031	3398	1386	22848	54980	4780	5396	9731	1647	7257	57568	1486	6513	9588	5887	6418	26147	8013	85365	2531	112752	64207	84418	399979	84898	1997	9499	22835	64786	51193	22865	92	1314	311	11155	54482	1271	8805	11319	9559	23389	5585	262	5354	5269	116138	6239	9375	84266	84938	1059	9491	11034	24141	56926	23263	58506	51119	27245	2002	55112	79717	8089	10975	10142	7979	7263	23780	79706	10651	1123	904	9459	81926	2593	547	64981	56995	3727	10439	10155	84326	54958	56342	1349	54882	54991	5901	3021	85451	9406	10955	10810	23111	5983	10313	22880	694	1965	9811	55119	10390	4613	3939	89796	79577	91768	8933	11095	134430	29979	10906	10492	967	85021	9958	4193	54583	2752	1593	23325	10253	3658	6426	7716	4711	57471	56262	7539	4686	6194	51439	6653	5962	79739	5495	6744	57575	55435	22872	10427	347902	160418	84915	7009	122060	10150	81542	122830	256586	92912	55180	64784	9520	773	6455	114783	55194	8543	57645	54499	5451	9869	23126	10899	4211	6161	26018	8994	4026	9515	90113	493856	55016	57502	5631	55790	11160	51110	92140	8667	93100	4781	10280	774	10480	2900	5531	1006	84735	196513	55768	83643	54842	2674	221336	79833	83734	9456	152137	5796	9412	163175	162282	781	4900	7345	518	285381	147495	55529	29761	1633	23522	9530	57477	340348	9825	137964	4681	873	5763	267	284348	653121	6271	84988	6132	6427	284361	113026	29127	221496	1973	9903	205	83941	23528	93185	4921	130132	56916	8545	64343	201595	8833	6133	57406	7884	79012	51313	10412	27089	619279	5828	501	81034	65268	26050	2957	220963	220296	23588	219287	57447	55530	25911	8065	6881	124359	55839	7702	4176	162394	89927	4130	91433	2923	5245	6632	84064	126298	79001	51693	6137	2495	6520	5867	359948	54899	6575	221749	521	146395	4330	22871	84894	57555	9283	220988	5429	3344	6203	85315	26115	26108	51282	4163	55144	54205	257194	2783	29942	8824	147687	7423	78999	7388	3267	6777	10209	10276	80012	6712	8722	23051	6124	6138	6731	388403	9793	4087	11007	8636	80059	7694	56888	80230	23403	2314	389072	4094	84875	9377	64856	161882	53637	84698	90843	283554	5179	9625	64582	205428	575	84629	9798	23641	10159	2567	22906	8241	91689	754	9802	27439	339039	728340	23585	23466	148641	114781	3786	116448	1850	146198	80757	51065	10581	123283	285513	253943	55922	57698	4059	166348	125704	5359	6613	387707	29780	85302	282991	50859	90321	29068	222553	91661	353088	147923	84188	10794	6277	127687	9228	140885	26275	84775	6147	7574	7919	55705	92241	9909	51714	221002	9937	26768	26832	100124536	677820	6084	677808	106479130	6085	26834	84288	53344	257407	550643	494513	23	401431	388135	317762	6453	677807	677797	114599	692086	677841	677800	4539	22828	79441	64283	163033	55672	100151684	109616976	80772	284184	84627	100505641	348751	107985194	4509	84320	154860	114796	3281	28985	654841	618	90120	677828	9551	401115	5032	55861	101928053	55766	100505738	81488	283624	23732	84210	100128822	100294362	106481051	6030	100861412	109617004	4302	1602	284098	724102	100996717	440040	6648	57212
brainseq__caudate__M001	221981	10368	1750	8522	65220	1534	9043	23542	58525	57709	55703	3670	57586	57476	11215	25901	10953	960	578	535	79645	2324	3631	54165	7504	4134	57120	10659	23327	9498	84321	6515	10787	770	4649	782	7216	57595	4205	490	84708	10979	23332	26034	285527	51412	5063	1781	7419	384	1310	23136	4986	23085	5019	84273	1307	118	2036	23348	1795	1114	57655	8761	26575	23428	8773	29911	7093	10580	2289	23031	4627	80821	1113	6430	22990	7165	81502	9371	140679	412	11040	8266	83692	8874	2254	83693	9738	7082	2936	64130	79784	828	5518	5864	1749	136319	8976	27075	54927	6505	1759	8939	6456	5599	59338	5532	54462	79176	8787	51003	4355	1949	23158	1410	55291	887	24145	25758	3736	51559	64426	57150	4121	10090	4988	221692	81491	2030	10307	7348	64689	23007	200576	29959	57142	6869	60482	10056	9917	4985	4209	252839	6785	4702	9480	29094	4072	55719	2805	56243	3208	5930	4852	170685	29078	51209	9926	10888	57403	9208	55026	128637	10893	8242	51309	59353	57168	9732	813	10776	147965	6295	9113	2686	2161	47	116983	2643	3337	23108	25957	51388	128434	23281	79589	55859	23508	1022	51765	22873	152831	6733	577	3351	11061	1607	347252	7172	85462	56965	3706	80031	10017	10579	403	5950	29766	8615	51067	161253	83851	123041	85455	6904	23410	3454	351	59283	127703	5567	3321	90874	1382	23179	7170	151835	2803	2044	817	287	6715	5295	8573	55634	6872	114569	80728	53358	7357	56904	9118	23082	6749	4684	9538	226	143098	84159	23284	1740	23457	7316	121551	2241	57700	1814	121256	84539	6014	2977	53918	7402	5801	925	5789	148103	84959	2849	522	7273	9844	23362	29104	22986	219541	375323	114793	127262	114928	55607	3362	8867	9900	57369	3275	103	1141	56893	10825	220004	2785	5563	343450	79762	84542	3754	7447	151473	130367	152519	151556	375295	56648	1040	7871	23173	133308	79714	4889	92255	651746	2898	168002	23462	22853	1020	54769	55335	84302	139411	55342	83550	283209	89890	84858	23172	6297	5702	3747	2200	81832	1381	222865	5598	4160	63928	2801	84940	85300	4992	3761	92181	84684	3354	114787	7881	1816	7480	23252	7532	10678	166614	91752	202052	57148	195814	2850	11162	80310	286046	883	9655	219738	283455	9427	57687	23261	55178	7857	253152	794	375444	253782	8708	283985	283450	22885	9804	23592	8711	170261	127845	11041	155185	344758	64837	55486	1212	57628	379	9832	1149	126272	148252	8851	9240	3737	253461	266812	203111	51046	9659	55175	258	27132	399668	9500	246213	3352	220202	124274	85453	6752	1132	64388	23760	166379	23109	5912	54112	57463	8905	4692	9312	340146	150209	8508	152	645974	3751	5142	8303	1812	140597	8590	140707	56899	57419	137868	255275	114659	266722	10336	399947	340529	4675	260293	4674	23131	23270	26059	145173	285093	29978	374383	345630	344838	345222	51155	23708	9901	55190	4646	57591	643836	4763	1612	5456	961	57730	10447	644596	388662	8831	337876	219844	340578	2673	158586	339541	81706	347731	57154	2869	3897	57692	1756	100128531	389432	9293	221424	3633	26095	659	63943	80742	2550	1639	57469	440145	390205	10921	220164	348801	131405	54627	10962	646951	221092	134111	283514	100131390	6844	64641	653199	347549	107985190	440465	9277	91149	112268276	389895	100131244	114821	121853075	101927502	200726	390616	440132	100287482	257068	1325	107986096	100505678	654790	222537	25907	152742	100507341	54551	57132	105370015	105370648	343702	9236	644242	100507421	23246	106456574	148189	105371735	105371899	338758	389332	284615	112441426	28755	122526780	105373780	124903640	112267986	101929748	101928737	122319436	105378355	138649
brainseq__caudate__M002	55591	2824	3700	55711	6160	3682	5016	10961	10081	343637	6468	81566	51699	2784	117247	1004	80006	84223	80255	57669	4548	644150	57486	64756	5326	5199	50832	54429	83861	84250	57578	63982	9743	23563	3032	6496	1009	1130	84524	10769	64839	57038	6993	55638	4715	2649	57689	81928	3606	51128	9868	138199	5900	57648	55083	129880	388962	8927	9348	7015	819	11168	221154	118490	5347	6668	388753	23119	123606	200172	23133	54872	162655	285598	158135	51301	475	51341	221400	100127950	7267	643015	80164	139285	55967	23742	56123	729956	388228	4697	100287569	309	30001	284805	26246	148418	29935	259296	400798	100420110	100271538	100422300	100421794	729799	728706	1241	56413	9080	140758	353149	641293	53822	112597	645939	342371	100418819	286494	100418919	100131638	26082	646202	102723341	440584	122152326	169834	553121	391256	26134	100873882	643343	257203	26226	100874372	400129	140761	100270855	389813	100887068	220112	100419489	107985040	645834	170547	729056	353267	107984969	100421595	100874058	100130881	100631242	728300	100506897	100506428	266625	730861	100506271	644388	100507062	100130786	100421670	106480488	100271150	23761	100422044	140290	100507661	100271260	100270987	161497	100421437	100270852	100419755	100270835	10443	145837	550112	651644	100420028	56138	401172	541	100422271	392266	91056	692247	101929269	101927503	100874333	388112	100422382	100506551	105370586	101929457	7190	100509620	401720	100421173	644397	100421525	100421100	106479459	108903150	100129640	100420114	390660	101928991	7554	100133319	147276	359822	101241892	57061	107984345	124904601	105378979	105376520	100131998	54660	245	5301
brainseq__caudate__M003	3382	23098	23028	10180	56928	51534	11313	9066	23395	55349	30846	57514	321	9099	23274	54908	1495	55841	55173	54477	8574	55745	2983	5214	2182	54549	2011	2121	4854	60	1739	5939	7163	88	4133	273	108	4208	779	1741	4779	5550	54700	7205	4504	5990	57605	54517	4897	285	8697	55118	53904	3983	112755	9524	997	4809	79879	23331	8897	63874	51550	22919	55125	23253	1478	6594	9016	84061	56062	64840	143	23078	10204	9683	6810	114294	51285	57214	64397	10404	54332	7991	55011	11140	57664	199731	29886	1174	158471	9830	1993	23413	9827	26033	22849	56647	9644	84961	5414	51174	8153	54940	81622	2054	51026	4172	26235	11149	7922	3617	4001	4090	662	84100	7867	81562	2976	92840	9801	23301	8869	4139	80267	127544	9829	127700	8704	8503	79947	51060	10849	79630	27145	81573	10783	55791	4952	57489	1211	57213	29994	400961	29993	6631	6662	51081	63941	83658	101410538	5582	84662	59269	53834	6608	84952	57153	57631	157922	4294	6249	9584	23229	7770	8572	1729	23558	9201	84707	23640	3295	10752	1837	25941	6926	29969	6885	80705	26122	10970	55901	4008	313	64215	2800	10541	55362	63027	10211	22801	11117	6775	10152	57337	55132	7222	27163	9061	6843	84298	57161	7168	50488	63976	6258	58497	80222	5872	79169	84874	3899	51454	285349	115265	5066	10814	26240	84249	54539	1730	3358	28957	115426	286204	140459	10556	54788	6001	51501	149986	5331	26524	27250	54545	55293	9231	5756	60485	667	147339	79925	84910	125476	124402	80790	375056	83648	135295	84532	158219	55027	2890	25769	145483	122402	5521	159090	3361	445815	56896	114822	199221	10163	8365	3745	222068	26958	8407	9507	1676	7410	11094	138162	200186	10712	54865	112939	9684	126321	55260	10482	4041	84328	284695	151354	7855	2992	79443	64769	26354	23272	26269	134957	27012	154791	79698	116328	11244	158405	84457	221035	84936	654429	717	79156	9710	254225	201161	644353	374654	7008	84717	10263	54442	956	51435	4336	9836	10791	4144	5480	10421	200558	201254	9079	1501	81844	9185	7584	7324	10972	164832	3799	84233	27115	1826	10243	83660	115196	94103	154141	9338	285268	51162	10777	65059	11163	5091	7096	442117	132720	8322	7189	65108	9776	196996	56674	25914	10522	153129	284119	10009	57085	56975	105373159	22882	26873	286499	80153	139065	2918	23060	8334	253832	55526	92293	90355	51287	220382	23336	633	1436	29035	2130	390637	80139	51807	29944	387893	28958	84441	340061	644538	79135	286256	6092	22888	51186	5071	9899	402573	23299	55217	84937	55893	730098	375612	126432	10991	285193	4520	145853	55660	9895	2760	64771	140612	57522	26020	23729	81031	5253	26052	4155	23607	55153	200734	6262	55958	10479	4537	619208	8528	6499	8449	441054	125113	375346	414919	1773	101060200	10195	401562	399821	101928118	100129215	6171	196047	643355	399697	347689	27164	388327	120766144	8139	339192	100101267	8344	11276	79873	338328	359809	145783	105376387	728233	106660612	84820	201283	650655
brainseq__caudate__M004	2729	10178	3097	10867	26993	1634	10138	2273	51230	9497	175	50484	57492	81037	55706	6894	65125	65056	1975	8621	2263	865	2261	57217	6196	10512	23505	4292	9139	58476	6507	22999	55183	6595	56650	79876	7514	546	5243	23259	339175	9762	55857	2521	11069	3183	51322	79956	4670	10521	56993	23313	2033	3091	23405	5700	55671	7528	5931	2332	5935	54602	688	8140	10273	3646	6713	92609	333	1954	10135	9678	7016	320	28964	22794	55163	8649	1182	51111	1982	6207	10645	387119	79632	7164	81688	9037	3313	1894	6747	1181	1981	4691	51639	7841	6432	6342	2152	55758	56181	5629	114883	5955	23271	64747	51077	57862	54454	4601	6950	55068	64236	23435	10434	64282	2170	29899	29066	7755	55975	64224	84668	51251	79269	26994	8082	55297	10133	57826	56937	10617	11017	221443	5911	10485	6629	3831	3895	79664	1032	112487	81533	2258	4037	6533	7322	8500	84152	4147	54453	50717	123811	83857	51669	23175	285148	6210	57614	9698	1824	57231	2045	2799	79786	9392	26586	9445	54534	9373	9873	5861	9360	57520	121512	85437	90634	91833	6938	4916	5045	7385	25800	396	494470	6135	5686	25874	26092	3707	51281	29926	83939	57552	6167	84466	154214	26260	4915	54886	2746	55327	6188	256364	116966	1737	22982	2313	291	636	55835	9910	130074	127933	160897	53354	285672	23589	1070	5937	6328	23043	23367	56776	23426	132	1915	1974	123803	9069	130617	4817	65018	2035	203547	8997	160622	23248	476	3490	5783	166336	25976	64850	54726	285671	153733	55255	201973	23366	154743	7559	51808	7534	157378	3190	51585	5654	11245	89797	222950	51704	57348	83547	6730	55788	80723	29091	9197	4493	686	10746	10477	9723	5569	5728	361	169270	49854	1267	57659	5095	27257	7025	79666	9699	10409	55884	222183	151188	4291	25915	205327	285237	84232	7710	8204	728294	64219	168544	25834	6165	162967	23194	146223	8073	80213	340371	9146	25840	84631	64757	2558	5138	57335	79048	340277	7581	63939	51321	10438	25959	4217	6709	2710	9848	5987	100113407	3105	10011	51075	79716	101927027	221710	554203	8505	8847	102723508	100505881	654434	51236	6173	101928176	10016	100507043	400916	27239	8641	9757	100506710	285074
brainseq__caudate__M005	9782	140876	816	5188	25791	55102	10294	81929	6855	10423	9810	8029	4621	57562	11329	4297	9469	128611	57464	3911	114904	57180	2647	3300	51455	57538	10144	23162	201456	90324	1291	51093	79137	890	23412	8872	83439	10600	9556	5147	348174	149483	9114	81570	284723	133015	64320	4043	219988	84926	254778	440353	1056	27094	64393	4485	131408	7352	284358	6666	55137	439921	79087	2621	51079	344905	400673	7621	27158	120892	2272	100131755	645811	4536	4540	100505933	642517	105377203	283314	259294	266657	51239	100271271	100287898	124901409	51025	100131810	644896	8552	5512	102723566	100271884	101927117	101927667	246721	100271276	100418910	101927551	100420155	646870	101927196	100420423	100418781	100874278	440567	100271215	100422627	100271702	100420557	400945	100421371	729389	539	100271564	100505676	440288	283663	100418744	100418737	100420800	55096	259293	259290	266656	246744	338414	100381270	100420981	196872	353163	414899	102724430	105370888	100418865	105372476	93429	54553	100507551	105377633	100533711	151877	105377540	25786	729438	256302	390627	124906280	401105	100506516	113523639	119545628	105371354	440456	731275	652276	283693
brainseq__caudate__M006	2519	81887	9855	29116	7095	7752	55727	51360	8540	4331	7414	395	23518	8863	9627	9759	22859	38	7587	9063	9984	114880	966	54675	55968	7597	9044	22931	7593	9889	114088	7443	9252	5173	80381	50804	4125	2091	79846	51678	11333	4232	27338	1075	23360	51296	84680	5869	51258	26036	55084	4124	1007	10802	1627	56987	7456	7840	90231	10560	7292	118427	23307	27130	1441	10171	51248	84955	29880	8702	23155	48	10755	55509	84693	5690	22863	1678	5189	23639	51337	26152	93974	84660	64087	60484	10208	1875	746	375248	91875	58489	6498	9649	51531	55142	1629	51374	10128	1838	580	283358	121441	326625	11226	161357	9990	55114	409	10609	4542	6518	27	1939	54465	23671	91653	57205	153527	64418	54892	79742	91782	26267	6251	118924	51144	89944	196463	4718	130340	5163	130271	26175	154043	124540	23460	91748	51001	150946	55113	2176	83850	8883	5681	4882	7617	9673	150962	8802	130026	90407	23132	11341	133619	202333	91147	9221	119504	7551	51755	137695	79663	2990	5036	4884	3054	90288	158399	200933	2787	144577	81490	8534	8815	219749	11145	51320	25945	54762	23512	122525	729614	66004	64782	54059	23705	130502	131096	10572	89782	3916	23275	55182	10772	84464	5649	3146	90576	221785	65250	643008	7916	1147	5500	400954	101928464	101410535	387486	29994	400604	414243	5554	400761	400955	101927554	100129842	105373390	3692	3588	390595	283596	100885776	388610	101929560	101927288	54460	149013	29057	404672	105369201	2904	23191	6029	100130890	107985115	645784	728448	641977
brainseq__caudate__M007	4800	1355	26064	2042	57458	7771	1994	7049	6596	771	3785	10371	23011	57092	10325	22929	151887	7430	283638	23209	58490	9658	28316	8411	79650	23417	55313	26017	6119	10613	9148	5573	26118	26511	10536	80824	79794	10973	59084	5917	58515	8745	80146	65977	60676	58512	26232	54823	1810	10672	440073	157506	1948	9349	154796	3306	8445	3092	25847	25873	79016	55278	51132	55915	51241	10956	27097	149041	4752	29079	29088	8482	8999	22822	1848	9107	57336	112483	4089	90378	56931	55061	79573	129642	3930	9391	23233	116931	7873	84928	84513	50808	54801	219670	284309	24138	57338	55326	286097	90550	84262	8764	55571	51249	83858	7757	150726	55356	85443	26043	165918	401152	90826	5229	81789	57107	6619	254065	118987	9640	26995	56884	6383	123207	727851	9306	5139	256130	57493	27333	220416	148014	5122	22877	79605	254827	360023	144108	55017	51276	387640	389197	51649	2894	152579	8694	26985	11124	123879	388115	643155	374879	63929	7088	163227	146540	6884	286411	55219	390980	55851	284391	439994	643749	388789	100131434	101937451	100133315	7768	109729181	10780	27246	401612	107986626	57594
brainseq__caudate__M008	7105	22875	51364	79602	22802	25937	4593	1767	55771	10610	10420	2239	9576	5241	55214	27285	6319	54941	5355	5251	57722	8701	8985	6424	1955	30850	23321	4015	33	3488	55103	55223	58480	991	159686	80129	91614	152007	57580	81578	79026	4821	7103	11135	3231	2302	23677	341883	1262	4922	10971	9363	187	301	948	9771	23452	2766	85016	9635	84171	118663	55329	4547	8499	8549	85478	85416	91947	91807	127829	6423	1393	51473	93663	2846	84296	60494	23052	3742	2180	200132	387700	56978	284	5137	200162	64798	161502	4323	1831	92749	54933	158787	22941	116362	127733	127795	126820	132671	7039	151647	79442	133121	23176	5224	286464	79841	7171	83659	64943	83657	200403	83987	3185	6870	2861	220136	348938	115019	201625	285800	666	391	4808	220388	128218	118442	2149	84890	100652824	389337	80258	10317	146754	10345	4051	4286	84281	92737	387712	257177	401124	6583	4828	9358	9182	57165	100131897	643965	192668	414152	284293	401022	79940	644139	84752	255187	283592	100130933	100133941
brainseq__caudate__M009	90293	381	1387	2115	9254	23386	27032	3479	8498	492	23250	55658	55205	9671	8672	2037	8648	2017	1299	4637	51816	5434	6598	79734	5706	22981	51340	25939	5634	23295	1186	79791	7329	84148	6449	478	57582	9806	9368	10938	9600	5528	10884	3977	1452	10289	5999	29855	80007	8161	79903	10124	57468	27304	56927	64792	10452	1804	10844	23211	22907	5791	4628	116988	55207	284252	84900	4076	56924	376267	145482	2774	114876	1453	261726	255928	23219	5778	9353	78991	526	79096	57512	89910	79596	51571	221895	26289	219899	6782	116442	5097	23057	261729	11079	116987	55108	55585	317649	5437	7086	84135	6990	783	56672	81565	23339	6786	80700	55611	23524	4054	10826	11214	9451	26470	80124	57633	2902	55929	116135	9378	51363	100506380	2903	64061	5413	56160	10718	4771	65243	123688	642938	400745	55684	9260	388566	147906	4644	161145	9853	64423	201562	534	55384	440823	122539212	100506054	90639	157627	399474	90024	2969	728743	29798	283922
brainseq__caudate__M010	57185	26022	60481	23304	5256	80243	5586	5337	2260	7520	65094	80024	29888	57106	27352	57452	9218	5230	64428	23059	10295	10391	23205	11129	22870	56006	10049	3268	64115	5717	1809	54464	550	9736	80303	51107	26234	11278	79627	56943	1191	10657	23597	80760	3164	54973	79939	23499	3609	57509	55829	3996	23647	6272	7507	89953	10113	10499	10300	89941	9775	757	23038	1893	10500	3782	114790	84869	10957	64599	210	4863	6876	140710	220064	9344	4685	129684	55707	4599	25966	149473	4000	84449	8878	5635	6811	23429	23001	132160	84059	9263	19	25820	144100	6778	4141	81605	1613	89849	57691	80319	4204	26000	202018	116840	81603	91647	156	246330	7368	1488	1479	221294	767	2066	349075	114932	5886	5430	283989	56963	124976	1762	6256	353322	5333	9742	353116	375743	196528	6261	400931	5660	121504	9578	5365	7150	6257	730051	2595	64601	55009	100996539	100506826	1650	441263	100130522	2970	107984974
brainseq__caudate__M011	29916	9256	60528	23177	65980	26751	1462	56204	7185	1301	11186	8218	6720	11343	55604	8555	3912	7018	7301	9274	10735	79758	9688	56986	55192	23678	6511	3978	643641	23731	57584	1655	64750	25766	116369	9685	10297	84128	9528	51102	3925	11064	148223	51123	11335	51604	27296	64344	23019	94240	54885	1912	1514	23787	55080	23174	85464	10351	11322	127018	4867	57624	9718	23500	10461	54819	92370	7074	6103	54953	22976	3017	83440	118424	11182	7627	115209	127002	23114	11102	3148	134429	3429	8879	51148	1398	23099	200894	9839	5099	4798	203245	2186	2628	83450	11346	3669	11146	80227	286262	55346	645212	389114	84193	6900	64714	54093	101059918	6228	5770	2316	7741	92714	51592	10533	9814	9747	80184	100128946	339674	64506	729920	4636	348262	105373951	102724900	105375405	154790	100131067	283547	389906	84726	105369154	100133036	100505687
brainseq__caudate__M012	7756	5536	637	9369	9921	9519	168850	224	51175	29090	22839	55218	64744	6548	5064	10598	26164	9663	84264	55174	7728	7763	4927	2145	5715	8732	55914	604	23527	10494	4999	27101	9789	53335	10174	79871	9217	6049	3746	9590	64432	11127	57533	1742	55425	54663	23014	7024	80896	9648	5879	3364	5876	9581	9746	6601	91012	23067	29948	84224	27005	29956	9859	149111	3680	6622	58499	84280	26007	143187	4306	2895	7342	7070	54463	26207	6832	55093	4643	56946	11189	146206	84446	204851	348980	7486	9147	90809	8945	114823	123258399	3800	27065	3187	9758	2720	6773	203062	115123	5936	79683	10025	23015	84314	646658	3714	677	91404	5757	144535	1995	57181	59286	29883	7917	56658	7416	678655	399715	222234	642776	727956	101929468	257396	162972	107985879	8517	100132406
brainseq__caudate__M013	84058	51188	23154	9168	11345	51121	1175	23224	54969	139341	815	87	54187	28978	29799	128866	191	23568	5713	5438	4521	10952	5602	3312	9049	41	23113	56902	149371	80135	6118	4709	39	5412	55709	6903	9587	2806	7737	4694	60386	3188	9296	9513	84313	8799	51805	23037	26578	64965	7295	6812	2959	23710	144193	5202	80775	10550	285855	58527	26521	135154	10670	54935	51728	553115	64216	23122	5579	1938	65008	83443	9533	163255	10248	78988	345757	64110	22928	79077	64928	53829	55794	18	5877	116541	25880	4733	23040	200728	51182	1121	2104	8270	8363	84549	439	55170	144363	201475	100303755	91368	10552	729082	55845	10381	100505576	100287932	80755	152217	8367	8360
brainseq__caudate__M014	204	25998	5010	9821	9135	8100	8481	116984	57646	51602	6558	7629	55623	6389	56889	9812	54822	825	117584	5435	259232	26512	51090	9441	51809	23788	9439	8382	11235	51130	56655	25972	57448	3155	50999	9994	26123	54853	27230	55661	84060	94101	56984	9779	64145	80895	51520	8774	51317	79074	1318	9550	5168	55227	5547	51138	6636	6457	27436	55164	7110	5558	84186	6834	57720	120	9638	51503	55002	5860	143384	50807	22878	152992	130535	6002	6285	80150	284996	152559	51023	59343	55314	221656	143279	65991	84706	6157	84191	26585	94274	84376	55031	1000	84669	120526	1657	6599	147991	307	23061	6687	83699	113402	100128788	56100	100506606	57636	80725	11056	101928583
brainseq__caudate__M015	3980	57019	9031	81551	259282	58508	51663	79832	29924	5315	1659	5817	56142	23047	55763	5684	2321	8848	79726	10469	2901	84182	64983	657	9343	2965	4048	6489	10111	117178	2582	9129	23093	56897	10236	26057	23164	66035	10200	55681	11311	55177	9411	64422	132299	80013	85463	219743	89970	5701	54861	80155	153222	25962	64400	112476	7705	124935	10446	28991	80196	79188	4300	28998	5797	148808	84622	400410	64963	164091	23390	51114	171392	23230	339883	29902	56144	163486	4722	55628	56106	105369250	1519	379025	56957	79154	116828
brainseq__caudate__M016	1407	6540	64132	27175	11284	3074	11054	84649	29998	9993	4335	9130	56949	91746	10101	6732	421	23170	10240	6650	55284	55111	1760	81857	10994	58509	10567	56654	54780	9562	51684	51195	57649	27087	10612	10384	10459	81849	89845	79144	79709	10228	57710	80727	4091	79720	170691	10966	91978	85369	56623	27034	112936	137492	1859	755	84911	8986	26027	1849	26173	90701	90313	57701	113655	1877	144097	201255	5986	84331	55191	5970	254102	29882	79874	51333	9230	283643	81848	55340	162993	116228	4855	10206
brainseq__caudate__M017	23072	6863	57658	22902	5291	744	65055	9488	8518	10573	8455	9727	84502	55632	9878	129138	27349	1917	653857	9896	51652	25949	5153	79085	50632	79587	84868	8803	7111	10244	84300	29081	4704	81577	10667	8525	29087	84033	136332	5261	491	51160	1857	134	91869	4085	8559	6447	9796	10636	160518	118487	111	2290	2885	81532	7325	4707	4753	64409	100101467	729967	5478	6477	22909	4215	57291	386597	100506119	100533184	101867536	105376121	728554
brainseq__caudate__M018	55812	55854	25977	9141	50862	7422	1	6144	2571	7905	51371	9908	51070	689	60496	10092	91942	83638	5870	387082	84319	50838	100505876	100421865	344065	728888	259295	493913	100507433	100507117	339829	645166
brainseq__caudate__M019	6936	10463	2530	4254	10513	79091	54556	1005	4036	79891	23335	55280	25793	10110	1428	25963	1124	10539	2733	84795	83637	84269	10298	85013	10588	22901	7371	134728	84310	11023	196383	9397	25890	81559	153769	8209	10085	4088	84437	24149	7572	11180	83943	54584	147694	84914	286827	81890	23053	51192	113178	101929302	3109	103695433	90342	84548
brainseq__caudate__M020	23144	29085	10523	2802	54531	26121	23094	51300	23451	51247	117166	139728	65249	5989	2949	90523	6129	10466	55762	1775	26505	6919	126308	6169	253559	196403	374986	9883	142678	23145	4538	4535	4508	100507436	9946	727800	441307	353511	100506365	119863865	283932	100507290	124900372	100422317
brainseq__caudate__M021	55735	6873	5378	51167	7319	22924	10914	5721	9388	115201	4833	1512	3837	55805	11052	51185	92344	6883	2971	800	2770	6627	5977	5025	1840	167691	79139	81853	51187	84888	83606	10498	4170	2966	10682	83940	2934	9219	9791	54768	84126	10653	22847	23612	375757	64787	168451	84065	642987	4077	347	10399	2592	8904	29092	100128675	102724768
brainseq__caudate__M022	25771	55699	27125	5283	51184	2026	55003	55299	55120	8443	23673	11193	2739	284800	8894	55795	146330	4189	25983	10656	51124	85025	116986	55270	2230	23635	4594	116150	84365	7411	64645	8618	55109	134266	54951	83640	23204	1964	54931	6879	151963	23236	124751	387263	64976	28986	79693	57001	154807	51441	51465	58505	401397	100289230
brainseq__caudate__M023	84254	4706	4190	5165	51495	5037	5594	23264	25789	114815	8030	5709	103910	79817	84918	1340	64921	60559	22927	80762	10440	65080	5695	51645	8836	10121	5694	4726	5440	114134	30968	10935	64112	84516	10476	57215	7386	51499	27258	5223	664	1351	163126	4729	5464	6048	6392	644096	398	55052	2790	552889	23741
brainseq__caudate__M024	79657	23196	10203	54878	55972	2280	9352	3189	84557	5862	7087	95681	51010	221662	10314	23184	2891	80218	23326	57187	5126	23167	91298	10001	54536	80852	10299	84131	6935	5213	29028	23382	23350	7415	55323	7644	26580	4086	79042	4696	9915	285704	170506	90480	50863	84154	444	55319	830	9867	90196	101669766
brainseq__caudate__M025	6792	79810	26999	54542	9877	4905	5108	9689	9681	27328	51566	160851	51366	55665	57589	29915	6787	2820	34	84947	79809	90203	63908	79644	6326	283373	10363	3068	9898	11159	115286	51390	53942	56894	148789	91137	51700	51362	197320	55871	9975	80034	284023	5087	7259	340527	388815	10687	220729
brainseq__caudate__M026	30	57644	363	23002	2997	24146	10531	9025	11059	10396	54776	51690	7014	3339	93622	338692	90806	100653515	64218	100499483	11331	107984921	105371450	100874314	152206	386627	4157	349152
brainseq__caudate__M027	11183	22894	22996	8655	8220	25777	4174	10490	51098	23062	587	26610	4013	1656	6508	5334	114784	2123	64768	25814	8471	902	55627	60490	4857	51256	6867	3176	121601	460	79982	9482	201158	4642	253650	23036	9725	3066	54470	65986	728927	101928085	387521	2738	100133091
brainseq__caudate__M028	3920	1608	1496	3796	10059	29965	55531	28972	8604	9270	55905	80262	26056	84284	153090	55827	6233	192286	92170	10873	9481	419	10311	283237	51304	25836	26005	1499	79064	7064	345778	3418	122553	729540	9276	23768	613	10445	339453	6494	388685	283683
brainseq__caudate__M029	7982	85477	51006	84572	79863	80152	83752	79918	4858	835	51053	10675	1933	6429	23046	56912	57409	56261	64919	54832	122786	284111	84187	6259	54585	3015	154865	55582	123016	116173	51181	8493	29925	253982	4482	9632	140467	50840	729013
brainseq__caudate__M030	9892	6857	37	119	54715	9751	2259	10486	2566	9890	22987	23025	25830	6616	85397	2572	5530	114795	2561	84553	814	115827	9162	2562	51617	8507	10125	4023	79772	256714	56479	5534	101927289	4747
brainseq__caudate__M031	23077	55692	972	7204	7158	89781	7494	57680	90410	10227	79770	10426	22826	8021	64097	4705	128346	25912	7552	8703	79053	5116	80128	25898	117289	8663	342035	199704	5178	4976
brainseq__caudate__M032	9410	55612	55110	6310	406	126208	9125	90933	9184	516	84221	11080	122961	113201	26263	440957	161725	57571	339855	57104	6586	144404	23660	85026	10919	253018	440498	56109	107984813	100507032
brainseq__caudate__M033	23221	55862	8312	25979	7433	26984	529	5279	84260	5710	83860	1528	140733	9973	284406	155400
brainseq__caudate__M034	2554	9774	9440	56850	4140	23541	23646	9267	202559	57599	27086	10765	9521	10487	6386	10939	5792	7403	7862	8450	114803	56945	10623	3376	955	353	6871	31
brainseq__caudate__M035	23223	30818	57488	51019	23244	51250	7317	842	6647	11243	2875	284739	124903619	84055
brainseq__caudate__M036	5980	1606	6416	3422	3320	57579	29093	3315	9275	9527	8496	55870	10808	6303	57707	8533	3329	871	9223	26272	467	121457	55076	728411	147166
brainseq__caudate__M037	55049	79641	1540	4728	10067	6597	4738	7837	10169	115416	10901	9794	219539	80863	100130357	100131801	647087	9708	106660606	100526833
brainseq__caudate__M038	9709	7188	10992	55573	2639	2617	3131	4012	5947	80212	55831	8678	5664	84309	9637	4815	84924	57496	219927	26049	100505783	390940	53938	25764
brainseq__caudate__M039	5685	55421	5422	94121	29062	26098	23130	23215	79886	79070	4236	8125	8720	9879	1105	124245	10629	5394	10308	401541	9687	7027	400619
brainseq__caudate__M040	5923	81550	51433	26127	5924	80818	440275	90417	55082	9213	133	51351	728577	26053	54541	29796	4501	654433	51373	109729137	378938
brainseq__caudate__M041	54873	49856	54206	51691	4289	8546	148932	89122	160857	51706	2071	55139	163590	283742	64137	23399	50628	317781	57547	100506649	26574	554206
brainseq__caudate__M042	9474	30836	51324	22862	9093	25796	84246	23478	25909	10428	100270896	100507602	100526737	729873
brainseq__caudate__M043	55540	10838	26227	50	3551	83937	135112	27031	353497	113419	285440	23245	26119	200185	6764	85476	90338	51030	7556	100289656
brainseq__caudate__M044	55885	23033	8480	7138	975	55041	6861	79022	8565	27165	1456	56990	808	91683	79834	6197	57186	151484
brainseq__caudate__M045	10668	51073	55188	151393	90025	1327	2098	84451	9861	64772	91749	340481	401466	158358	148254	203102	84301	100996307	100129250	441046
brainseq__hippocampus__M000	90293	3675	3920	10368	6376	3475	9043	11313	6534	54476	57586	11215	100533107	56895	578	6301	11345	1008	1495	7504	4134	57120	4826	10806	10079	4659	5923	5128	55359	10787	770	23216	84679	3422	7216	3796	5217	490	22905	10290	84708	7037	285527	7163	57662	29089	1781	88	7419	22839	80036	23033	1540	57613	81929	10075	118	55573	51430	29911	54566	3983	4627	7165	3420	8715	2245	55578	79650	79791	9738	29106	64130	478	828	27075	54927	6505	8939	6456	20	5599	11101	81855	56521	9267	54940	5602	55294	25758	8567	56341	9847	1911	51389	254394	5201	1452	10342	84223	50512	23007	200576	29959	5136	6869	2335	3241	8604	22848	6342	9917	79814	23046	5129	3155	58155	57488	84251	894	80235	5110	56243	51307	2185	23155	5930	92014	51209	57403	55905	57699	7067	8910	57622	57168	2847	64101	54832	79948	5819	164395	7014	5786	23208	128434	9201	8471	54885	55859	9215	116988	57578	23508	10752	747	23017	3775	6041	1593	6326	150472	55627	10006	9568	9873	3706	10097	5950	55752	23710	121512	9815	55716	65082	7168	58488	396	114827	127703	5686	23179	2029	7170	1944	22874	27436	64969	11249	1745	57574	287	56034	64777	55634	6867	114569	80728	4915	80142	221074	818	9118	84364	4684	6327	7108	84159	23284	1740	3708	288	5756	10873	5800	10570	667	6014	7402	115827	3140	5789	80790	23576	123872	26207	9844	134353	6503	6103	22986	5521	57497	375323	54768	9478	57728	114793	116987	127262	23382	9334	56990	8867	9900	57369	1476	1141	284069	899	22941	2785	9903	8707	84542	151473	152926	51304	8927	2912	84059	651746	57107	22853	6522	220972	283209	23203	2200	119710	9382	114794	23582	10982	2801	83473	85300	57524	9881	956	3761	53917	114787	9839	7480	7532	3790	11214	219738	8941	11346	375444	253782	9915	10924	54674	57495	112	10260	124152	11041	125988	253980	1212	57628	339344	148252	8851	9240	3737	266812	51046	401474	28976	387856	205147	441151	3350	55175	404217	399668	220202	22864	401097	6752	1132	23109	57463	8905	9312	80781	6000	158358	128989	4978	150209	23258	64061	645974	8303	55328	56899	5600	5719	399947	146760	220107	120227	340529	4675	260293	4674	349667	55182	23270	79659	345630	344838	51155	654433	2272	27341	3556	131034	55190	160	644596	388566	8831	10533	6709	23315	55924	89894	340578	7975	23116	347731	57692	1756	221424	26095	728215	57469	100289678	339453	8293	7247	10962	64506	729920	134111	440400	100128264	102724593	378805	729178	654434	84968	154790	100874094	91368	51373	2119	56135	374887	57604	152742	100507341	107986980	101927751	100505576	100130522	56936	338758	105378083	284615	112441426	110806277	122319436	352954	253039
brainseq__hippocampus__M001	2519	51364	26022	414	1770	1992	4593	999	7546	7984	728464	116254	6515	79832	53340	1265	4756	5315	9741	10610	10129	489	2329	9576	203427	5891	1286	5550	4258	7205	22795	10059	5990	23483	10741	4069	3568	54918	51776	27285	9209	23468	55118	11018	4507	7078	79734	114088	10544	4773	1478	4935	56180	286410	5355	6102	143	10404	55353	23516	4125	587	6528	8701	4967	11112	55848	7306	22849	56647	28964	4669	9120	4717	6649	55291	23329	2444	345895	84830	202	64065	9749	64094	730	3157	1611	5618	1809	1962	29842	3769	2882	80267	23169	127700	10969	8704	27145	8673	64747	84417	8727	89891	5228	55640	54812	10171	80129	7045	8795	10434	81558	79887	7750	119587	4952	27019	84329	10549	1017	55509	6560	84612	9208	51614	5787	5322	79689	92521	6608	84952	84962	1603	1036	2302	2593	3741	57631	7837	445	1160	84152	51763	23743	254428	9645	79746	26136	29969	6885	79056	6610	6553	55332	1102	11227	64215	1317	2766	63027	8870	85016	26509	84171	10579	55329	84888	51191	58516	85416	122481	10140	1969	3339	284612	223	5872	6016	8476	7483	51454	54756	90102	51365	141	83853	51473	51302	10957	93663	154091	221935	357	57393	7013	1030	84641	60494	89944	120379	5805	2308	9223	374618	387923	79819	387700	153643	153478	5137	146857	83742	130540	200162	25769	161502	80223	4323	10239	92749	5051	254050	222068	50848	127731	1827	7410	11094	286207	222235	4041	22977	127795	127255	126820	128153	2487	132671	4487	7855	9076	54502	64866	54716	7802	348807	6184	50650	4241	166929	3248	729830	2150	493869	94120	2171	26266	158158	286464	219681	8559	11092	322	374868	283659	115811	6236	10501	83659	8309	83657	9122	5480	1285	4920	83987	9079	3185	2990	1140	84520	1056	5581	25928	57687	23627	6641	55304	220136	51162	79660	124857	83759	128344	201625	196996	122046	93129	84617	220441	79635	345778	8325	284119	57085	114932	2517	645212	144809	127003	2535	90411	2619	146802	80045	23510	347736	25987	54855	399949	359845	80258	283298	5613	7122	8349	644538	2157	100130771	374395	4919	200942	23299	388531	4771	387885	344905	3006	116224	199920	54914	257177	51136	60312	307	401124	373156	81031	26037	23607	65124	444	50618	7169	987	26112	24	6526	92241	9182	387066	1639	93035	441054	192668	56245	10921	2878	2013	26292	400123	100131187	84561	149478	6171	100131801	105369306	83552	100506826	100048912	358	386627	729013	102467147	105379057	100422204	677772	100127983	85027	101928290	9236	5348	152048	105370333	105371267	359809	101867536	100526833	349152
brainseq__hippocampus__M002	3075	54467	25998	85477	1407	54902	933	9716	57210	58528	51306	54165	9341	30	5586	91526	4649	79658	5289	57455	1638	285220	23431	10464	81550	23047	8895	2060	54947	55614	3717	5125	10521	8897	2287	55147	51382	9252	60625	79863	11201	56062	10240	26512	23417	2935	6810	57020	8766	55174	665	10775	8725	23770	7639	27000	1687	56913	8395	83937	23232	55296	10891	50862	51699	51020	202559	55084	84498	4124	55299	3977	5917	57669	10213	57142	2744	5000	23463	54823	9829	50999	55719	55791	79871	5395	55975	8434	8034	55709	85015	5393	23326	88745	10426	55112	482	55274	157922	25814	9026	23229	11127	10693	81846	79768	51347	51317	27097	79074	58489	10716	1025	54881	11107	9746	84915	79720	161357	122830	7226	57645	52	54465	9391	23233	151126	23671	57624	55164	92345	285533	84869	84630	221960	1730	27316	54212	286204	10556	118924	8525	80224	160857	143384	221336	79833	5529	4900	23461	91694	158219	151254	3361	3017	11267	57519	200186	9684	284695	148867	57863	151354	8833	151613	441024	80155	91942	25836	202333	55568	145581	79789	148156	84376	125488	133418	98	55669	51523	148268	4300	80765	55277	165324	389524	11146	158135	4482	51320	1176	284406	64582	23641	7325	122553	51335	54732	83943	9230	84197	10308	148254	153768	23131	57698	79048	222696	154215	23036	29068	23365	203102	79607	7620	27347	22834	25925	84455	65986	5150	286827	91664	285830	7311	222234	284184	643355	8341	728927	105378828	342184	101937451	59348	2904	145783
brainseq__hippocampus__M003	55049	5689	80199	23324	823	9497	90326	1535	55540	9696	2817	4734	10681	4335	9130	4185	9618	56949	55100	3682	51510	2271	55105	1312	9044	84861	55954	10478	9978	55687	79038	23406	408050	8120	1666	284352	55111	26017	58509	7087	51678	10467	64420	55664	56654	11196	5709	9144	2648	51264	23788	4728	1967	10162	10384	3274	56954	9616	80325	23276	85461	7781	26003	90231	965	64342	85365	114818	26123	84918	51248	11340	5153	3704	56926	1678	64921	5471	4357	51691	9459	55278	11046	10328	23277	2045	23479	28969	7099	81873	79139	11258	84300	57176	84162	92979	64755	55090	84916	6518	1939	29097	113419	285362	285440	2631	84895	56623	8448	51128	23460	81559	285367	26119	171586	26958	65264	51706	89765	23076	151903	222229	284611	90957	200185	2992	90407	51368	1849	133619	285761	138311	116225	51700	6157	23423	5479	4130	53916	10476	1877	5436	144097	28511	388753	5162	84879	203190	80319	79663	79058	4086	4255	2941	283742	26156	6919	23261	51030	28998	64137	10125	27289	4580	2745	91683	203523	11163	6573	148014	339855	81490	55508	8607	163126	51078	6470	255082	27335	50628	118672	134553	64963	7318	55666	439921	55256	29035	64410	131096	79174	7327	10572	10519	353322	101059918	114826	91582	9045	145853	140465	63934	65992	59286	118472	26128	643008	84501	1874	414918	91750	10215	1147	10011	51075	6235	730087	285696	60493	29092	439994	100129250	51608	58496	55052	647087	64968	1650	390595	100885776	388610	100534593	10597	109729181	100507599	202020	284395	100507032	100846978	124904288
brainseq__hippocampus__M004	1595	2273	3755	55236	3309	23294	4904	59277	6624	60	7879	22999	22924	2521	54890	22861	84144	23031	80381	10382	4858	30000	51010	1855	10900	708	9368	29099	5869	79632	1871	135152	55819	7060	9555	64689	6508	10096	6509	1647	81849	55758	5887	27230	6431	79902	84266	23499	23780	81926	57470	2670	54991	26057	7178	29979	10228	9654	375248	51131	9805	51439	23005	55177	51163	3685	57575	55435	5910	6252	6760	4782	91978	79932	10899	8994	140459	286257	51144	60496	5531	84735	134145	57512	64067	4306	133686	163175	5799	389	142891	64897	29	4882	84446	4000	6427	219931	10092	93185	9861	7871	57406	619279	55798	65268	220963	51704	6137	90313	3489	4330	5986	7360	161725	57555	10446	9229	3344	2548	2804	2787	7368	64837	79683	1466	55486	8665	11007	286262	2290	4062	57104	56975	205428	27439	10634	285513	3916	23254	9361	222553	2316	92714	140885	113402	57194	6494	29803	100303728	8505	114796	140290	254559	100128822	10780	339192	100996717	114819	84773
brainseq__hippocampus__M005	8837	5310	23395	10138	23644	5685	81037	27122	26999	1975	55588	9892	7813	80216	29090	7155	9812	8886	4897	25831	51386	1727	27352	10598	3091	80344	182	8874	23295	64397	3191	6618	11100	203	7763	3257	8036	10951	11216	7531	1410	23130	1656	55531	5715	54682	8078	10767	79770	11235	8087	4691	10494	27101	6146	515	79971	3925	23184	6696	1788	400	1191	55269	576	51193	583	3895	2671	7277	10142	4698	54629	26297	56995	170463	56342	196441	55140	3939	902	3703	7024	8803	4836	4711	9380	5495	22872	9908	5830	92912	351	481	8751	9859	5868	6161	81608	817	1016	91272	1956	526	28957	9651	2893	9320	26289	518	7381	516	8997	2905	201595	1508	55074	7534	79870	116173	84436	55788	161823	30008	10540	9377	9500	404093	51363	28955	10159	6304	256714	4753	4697	9679	3376	10724	801	140467	4976	149345	830	6046	6606	7416	92482	100302692	257415	729362	1523	339290
brainseq__hippocampus__M006	7095	51667	10463	9782	6683	57554	23095	8975	6433	3029	5214	23471	23446	9948	54878	6507	8417	4779	51310	7738	54620	1153	5064	5625	9567	2033	23002	9321	10484	2010	81617	23062	10391	8669	1209	6217	23646	6324	57130	8896	5573	6830	9379	5528	2566	57599	55818	9167	2043	6421	5999	5955	4297	23433	23435	51123	64786	262	10054	7979	5189	7317	9584	23180	55860	79781	9826	3612	10001	51361	9415	9575	3178	9857	57471	2058	56262	4957	5168	5962	51626	91012	10363	5428	5073	50488	114804	55061	129563	9125	6622	23262	25792	57689	79096	55216	143187	51594	9456	781	29761	254048	148362	59343	7486	654429	222865	84064	6730	3800	3187	84894	6203	25915	54681	11336	8575	23760	10946	387893	8663	10801	54014	10933	157567	5138	885	54413	51434	128312	7296	57683	7936	8449	1654	7844	10016	55000	9939	110091775	25832	84726	388165	6648
brainseq__hippocampus__M007	2729	10858	23369	6196	6596	2355	23032	55604	55183	966	8315	9117	27154	27037	10043	23405	9751	688	8140	320	64750	10114	387119	23527	9890	5325	79646	64224	79269	8082	55297	84172	23767	79706	4430	25804	50632	3748	9911	91408	2799	79786	54583	5100	80144	83851	494470	90580	29956	84451	805	9353	51631	26260	79869	116966	253430	5860	80014	29970	130074	127933	124540	116150	126731	65062	29104	22808	92822	317649	3490	25976	2982	7559	57526	50810	80095	114823	29091	10746	10477	26115	361	256356	144245	54968	196527	8204	10193	492311	83698	51118	84193	64409	7328	100101467	152100	375612	84570	79979	196528	55532	25959	147906	23230	1902	83694	11169	57713	9867	29902	23243	2595	387104	90639	55861	283131	400916	647979	724102	84820	172
brainseq__hippocampus__M008	23072	3980	114881	115098	3423	4719	9846	395	23196	6894	10885	55102	54847	9063	1005	9522	6767	1477	9388	5230	4350	4013	9600	10988	80018	11052	5924	6772	6654	7709	9129	10560	84898	5290	114784	311	9904	22890	23352	8881	92558	2317	27043	11132	27	57198	79137	210	54788	85463	149951	1006	54545	196463	2132	166647	51633	129831	27020	23049	55707	1831	144406	55607	23400	89970	60313	7109	26097	284361	343450	151556	79443	54726	153222	29896	54329	25798	26050	219287	6297	9866	55839	23300	162394	91433	51755	57701	84168	6091	136	24149	4135	51112	257194	5970	3267	285704	6731	7025	63893	9832	9282	91050	64754	51466	7088	150472	127687	777	54963	84914	6257	6643	388135	55714	85358	5591	100130950	92335	285074
brainseq__hippocampus__M009	159	54875	65125	7771	2773	55160	113235	790	9762	54873	112755	11078	10633	51199	26520	9097	57534	79576	10049	57532	329	56951	10802	54891	80255	2888	51060	84085	97	23093	83468	29914	6045	51029	466	6631	57045	23558	10810	9365	8774	23175	25821	57559	2247	10169	23478	1039	26092	1893	5433	8502	55840	57205	5066	54886	56904	472	124446	9472	8853	117143	9425	84910	125476	124402	138199	10600	54865	114803	5194	130814	10611	116064	23272	165918	27012	171546	79101	65084	10229	64805	2018	7779	4299	10276	5870	223082	25923	57496	729967	339287	64771	374354	5660	26052	2710	6721	286144	440078	280
brainseq__hippocampus__M010	23077	57595	23140	143684	79876	9262	57062	4708	3183	7430	10490	5935	6713	427	6625	10270	29086	443	1655	9693	51258	26127	8992	1981	9927	64236	23244	9643	78997	22826	8021	813	23022	93974	6535	47	6616	56886	89953	64776	51103	51187	8634	90634	25912	6323	7220	2561	6188	27250	55768	4929	54463	138241	65018	117145	11282	476	8618	27089	819	1152	1353	10845	10632	55611	157638	23117	64859	6712	9793	10425	205327	6879	84314	144348	25994	11257	80254	7058	26155	7405	23054	22909	5089	79741	201229	9551	100507524	84334	115891964	2749
brainseq__hippocampus__M011	55904	5048	728642	9690	7869	57476	55334	535	9734	10640	57704	6620	2222	905	51729	29887	2778	9362	6907	54602	10725	4150	5802	59338	22794	9343	5376	23142	1982	9750	81688	28972	9736	80067	6018	57576	7320	92	800	57826	5287	80206	85021	84896	57337	90141	773	23635	51125	7357	10480	116372	1737	60558	255967	5796	55529	56776	51643	64849	55129	3760	323	6609	89927	51367	1499	1501	57148	6777	6124	9662	10522	2314	9659	6415	9378	8073	340542	10718	340277	112479	79892	28977	6263	6311	10379	100507557	90120	6173	378938	55802
brainseq__hippocampus__M012	81887	51573	7812	6050	321	2983	25791	80347	8301	5250	4850	4504	51322	56993	150356	10175	6430	55738	80208	79752	9694	1936	9253	23288	8153	11120	80006	868	9784	8576	6814	51107	4033	9789	51552	51646	79627	79809	514	7596	51141	54973	10776	1032	2258	9885	5562	55915	25941	274	9360	8482	84298	9107	83939	58478	6167	1793	80097	26175	285381	51560	63875	55571	197131	162989	1973	4724	23366	90701	90522	5481	598	51504	51319	29882	114798	6165	162967	5142	8694	677846	109616971	106479130	26834	26146	55219	54458	677833	114599	81890	5297	84548
brainseq__hippocampus__M013	26073	10926	4361	3937	6307	54432	1994	7030	1258	28513	10371	25996	5243	22929	79175	26277	25	283638	10859	1363	79073	93	55068	26994	139231	55661	84693	10257	23550	3397	5690	5582	79088	313	283385	134829	8479	57182	9453	9184	4643	83850	81544	9507	51249	221496	824	118987	222950	9836	8706	126669	93380	57484	9723	27115	947	81876	100128398	253639	55017	284273	55228	128553	144608	84206	10607	130502	7026	50626	123879	26020	4217	57795	9909	401093	266655	100131434	56100	100288181	101929560	112398	221442
brainseq__hippocampus__M014	51022	3074	8574	55745	8611	10294	23210	27330	8455	10961	3655	1652	51550	51090	1428	55284	10994	10282	9678	64983	9644	25979	59084	5096	4358	25972	10459	84668	56897	2892	1350	83861	1327	23480	6388	6210	84284	10113	6636	80349	51529	689	55002	291	26272	122416	9791	1676	283237	54987	83941	388962	4043	3190	221154	6447	10653	131616	9283	11337	682	118487	29942	6169	7388	253512	401505	475	51649	9899	1201	309	134701	90196	149837	51239	400954	3281	100874058	1159	23732	29057	728841
brainseq__hippocampus__M015	5704	1272	27107	483	8672	7994	57593	22931	8216	65009	10397	4741	7991	166	2931	9355	1759	3988	7323	23301	7257	6513	10608	79057	10955	694	91543	5270	29081	10499	84656	4089	5792	8543	10769	9586	56996	50808	4718	6529	56894	60680	130132	79884	1536	64400	4336	4735	10491	167227	6138	53637	3418	2130	6586	51065	3146	282991	55684	28512	10920	29883	51714	55777	283624	6139
brainseq__hippocampus__M016	23028	3082	55885	23200	493	8943	4205	6095	114880	28962	4200	2932	54434	8829	56952	23347	9468	66036	85865	83594	3156	4012	373	1933	2820	25801	10274	23389	80760	81533	6397	54552	547	23167	7716	6434	5498	151050	2044	253714	29967	10658	22866	140609	79888	4685	166968	137970	115416	55108	8888	51727	64324	3419	6786	6335	202018	214	488	767	147991	7332	4763	51592	23127
brainseq__hippocampus__M017	60528	586	10513	7353	440	23161	51637	9352	79133	9218	10423	5862	54938	2821	57584	29907	6711	10314	5396	1486	80212	80127	1743	84418	80218	79644	4354	54496	134430	10010	3417	29789	54509	81577	105372481	5451	6574	9140	55909	196513	56172	121665	25898	54861	55255	137695	114825	9338	152815	57596	5101	55967	64800	84458	3066	9745	91584	2074	5554	56110	56109	100101267
brainseq__hippocampus__M018	5080	10178	2824	2009	4208	91746	57106	51527	22900	54462	7343	9110	6506	51715	51421	6801	4209	56943	2971	9732	51105	25873	4705	6249	577	22881	10152	27068	8499	114795	663	4916	255928	6868	2334	4356	23114	92255	124359	81831	255631	10243	5728	80034	23042	9276	84631	1806	4646	6334	440145	440823	102723508	84129	110806273	400046	162632
brainseq__hippocampus__M019	54799	64718	5255	10890	151887	7976	22841	10613	51684	26511	11275	80273	1182	8745	9801	10285	206358	51132	7326	10621	8932	132864	29766	57336	5567	114884	219670	22925	9753	10482	84328	22824	6059	6383	84437	4696	147687	286205	785	140460	26985	4603	7003	390927	374879	23660	9895	7574	196051	390980	255758	401491	100133315	100506710
brainseq__hippocampus__M020	10181	54477	131566	23041	89795	57560	5909	9689	2775	9688	7016	6198	56994	57396	2956	22868	27130	84181	5469	54882	54453	23164	55082	9053	310	6744	4704	10300	57707	2589	757	92906	9711	4781	5352	129684	23362	55585	221656	57691	5867	9185	54205	84750	9831	10336	9612	29966	5534	647099	100289274	399761
brainseq__hippocampus__M021	57414	4784	3097	9993	6480	6175	83719	23313	80331	22995	10367	5414	7468	26273	10536	65981	5252	8899	10808	4289	1123	147965	23608	4076	85465	376267	6187	1213	54828	25874	51057	53354	23122	64850	54495	10098	4798	222008	203859	7572	256643	4087	222183	4947	7267	221491	26059	728661	9853	659	2550	157627
brainseq__hippocampus__M022	57475	7049	4854	55205	10325	79944	84056	56829	26235	2070	9324	118427	10672	51780	57213	154796	8445	10200	51050	51196	246175	5530	27133	85439	9520	25800	4170	5993	64422	26249	2674	10160	491	204851	23305	84457	23588	11245	558	9306	285343	63929	1995	9848	56108	56106	8139	26220	106660612
brainseq__hippocampus__M023	1316	9727	5706	23268	79829	79794	51639	55825	54206	1948	163131	25847	8930	204962	79675	81555	23092	10311	4774	57703	11341	65083	8879	117155	7644	5429	56888	79605	389197	2894	653720	147837	146540	6884	11138	642597	100137049	100506282	105371423	27246	101243555	105377294	375690
brainseq__hippocampus__M024	3052	1634	1355	9774	26064	8537	8243	10979	23011	8487	51098	9658	29997	84182	7458	57003	79864	60468	9439	7922	25974	9541	9213	81545	84870	24138	84340	6520	661	4144	727851	160518	55729	27333	219749	219285	221294	169200	57528	374977	4673	51114	80317	51517
brainseq__hippocampus__M025	2065	27125	7321	4133	55671	51654	79918	23484	4355	8683	79745	2202	25843	10625	8970	7913	4301	6533	9879	30011	83723	55521	25827	23367	9443	114928	8365	202151	22871	55786	653784	91663	116448	57711	116985	1645	1778	140688	65250	85236	115557	56105	284565	8344	107984974
brainseq__hippocampus__M026	57492	23118	91283	8871	57690	23136	57531	162	5641	81857	26118	53335	10804	10564	9375	79066	25830	9467	10250	23416	80774	51133	60492	5876	54540	92140	5281	57465	23248	57763	57447	26470	131408	3766	255252	6900	23450	104	257407	84342	10137	192111
brainseq__hippocampus__M027	51606	55854	2182	375449	6605	5775	7597	1124	55744	23731	4928	5311	989	11034	10197	22856	9406	891	4613	84991	8933	51531	6653	2958	8573	2911	445815	54102	8880	5966	27152	85476	200894	23040	10772	140612	65251	2673	55384	400765
brainseq__hippocampus__M028	695	6717	38	2017	8550	23205	7082	657	26973	83892	1108	79712	64756	23408	64792	79572	6426	6812	8125	55466	9515	9131	9619	622	5824	64769	55342	122961	55871	170506	157769	7334	51399	399818	284757	127138867	56957	2970
brainseq__hippocampus__M029	2534	23386	26009	22884	55718	9759	51009	3693	23541	6634	55757	55192	55131	23113	51652	83690	55831	84440	89978	51496	56257	10380	8545	23350	7705	8824	23015	10581	55599	29780	58491	10399	3672	90673
brainseq__hippocampus__M030	1387	23304	1608	29924	55421	23505	56113	3776	55968	54822	57452	57501	56252	11059	84239	51478	23037	22901	23126	9344	7542	23429	10910	83860	124935	63899	79135	4045	353116	5987	56144	346653	389023
brainseq__hippocampus__M031	8554	8621	51175	51701	80821	2553	9562	60682	26054	23451	11278	25927	11017	1349	55339	1629	160418	3930	9922	7110	220965	5163	26060	57477	54893	90806	23390	10794	26275	55958	55766	100508120
brainseq__hippocampus__M032	8522	55117	4905	56889	55230	139596	340554	9780	4683	6119	1665	8882	23360	11113	6049	6538	2949	6272	26135	50807	23387	51127	10015	83660	200933	201158	55690	23336	5504	155435	1630
brainseq__hippocampus__M033	23098	23129	5976	55173	124454	9141	6468	3836	26084	26232	81932	7322	51318	7428	84900	84925	55212	8999	54438	132332	65991	26995	5569	1657	125170	222166	56882	619208	100506668
brainseq__hippocampus__M034	9519	339175	23368	7528	10273	11062	84128	5334	1268	112752	83636	10514	51164	26586	10184	55262	159090	51808	157378	6809	93134	84331	9854	55030	146223	105374057	728743
brainseq__hippocampus__M035	259282	3631	2263	5915	4983	23209	6655	333	7019	4591	6738	34	6733	11309	9728	144402	9611	65983	2890	145483	673	26168	134957	1072	93624	10196	9863	57708	31
brainseq__hippocampus__M036	64848	22998	9175	7586	80315	604	22926	23314	6874	9590	10390	2752	9898	23245	56978	23043	1859	359948	2915	23414	81603	80011	57674	2131	23768	84871	4810	9931	122539212
brainseq__hippocampus__M037	57787	8907	4898	334	51816	83874	6164	11103	51011	151393	6950	256051	285172	1915	54953	3689	51023	10085	113201	23236	9284	961	613037	26049	5699	5098	128977
brainseq__hippocampus__M038	55750	55248	57609	22895	5713	3696	55041	2531	11228	4038	55016	8473	140710	147495	3778	4921	10768	7881	340481	55346	7182	25840	677	63939	199704	283489	105372097
brainseq__hippocampus__M039	9135	2042	10512	7727	56704	7358	5511	80007	60437	1763	57619	10150	84620	55327	114908	223117	57684	23612	5122	79666	205717	285237	152579	643155	109616970	340527	100151684
brainseq__hippocampus__M040	928	22807	5218	10947	55608	8731	2321	23322	1386	4780	904	10313	55119	5879	3680	64332	152404	4154	7447	56916	115752	7336	2783	80012	50863	253943	56139
brainseq__hippocampus__M041	23177	23144	1808	51566	5532	55161	9841	6678	3398	7143	90379	5901	10966	26018	775	57654	567	59339	4884	23399	2972	51479	375743	50859	23564	80772	158
brainseq__hippocampus__M042	175	51742	23504	2261	7107	2802	9878	28316	11333	10307	1894	9994	64919	27183	79739	57282	1070	10602	5654	81832	25837	8493	1826	9975	7874
brainseq__hippocampus__M043	83641	54665	55054	114882	50804	10944	29915	9414	8013	7181	2770	5158	23075	8412	55132	154214	9530	6483	51362	6774	80723	6670	80059	5087	5500	387521
brainseq__hippocampus__M044	3382	83930	57102	1112	6416	9733	7188	25977	23112	58490	11151	7007	54464	271	9217	192669	3609	4008	2900	4325	57551	8065	5587	10438	642852
brainseq__hippocampus__M045	9921	3298	9410	51167	3835	9817	9524	64428	57486	84060	1854	55695	64844	51256	57720	9592	91252	84864	203245	94103	339487	23141	55783	11124
brainseq__hippocampus__M046	57458	4809	54471	55313	81539	1004	58515	550	55051	9367	6239	11137	57563	1404	83734	6565	90826	5229	81789	8800	7189	360023	90592	57209	9860
brainseq__hippocampus__M047	10127	55692	744	10558	2954	64788	123263	23658	57035	1315	27243	54606	440279	5828	93622	8841	5074	389362	84316	116461	64423	3073	348262	113178	101927459
brainseq__hippocampus__M048	56919	6792	23517	51663	63897	5522	7587	55668	51726	83743	5294	10486	1997	11011	460	9442	11102	783	7275	8658	79834	23625	54762	10330
brainseq__hippocampus__M049	23154	54896	9984	54758	6428	3480	23476	8446	91775	120534	51351	6728	147463	5763	7627	55139	79608	80063	5036	9725	606495	91695
brainseq__dlpfc__M000	3475	60528	4784	5310	11183	23144	1272	57476	4719	22807	2530	5606	23644	3631	5685	54165	2042	22884	51606	57492	9564	1112	26999	23118	51663	54542	5218	1608	55650	586	6433	1975	3029	22998	8943	55248	23471	10979	5743	9175	55205	8672	9462	6624	32	9063	57690	28962	9812	55322	905	23136	7188	2932	3693	23085	23047	57531	10075	51637	2778	51290	5775	51433	22895	25977	8761	54890	51310	25831	4436	4713	610	51586	8216	5625	51386	5435	9701	6767	6655	10175	10598	5494	3091	7528	8106	80344	10484	10483	9663	8731	64743	5931	8874	10204	23090	65009	3163	4150	57617	6422	10397	4741	3191	166	23646	11100	374882	54531	29844	3780	2931	4232	80709	203	7016	57582	219771	4591	4355	3131	5573	7531	26118	55161	57606	51809	1982	29099	55553	1822	23195	81688	9444	55914	10884	6678	8622	55819	5924	373	10915	80315	51300	604	54464	64689	2820	7781	55704	1386	22848	54980	271	5999	84966	6513	5511	23271	6696	11278	25940	25927	84418	80209	400	51123	22865	1314	27241	83637	9559	1031	2181	56731	5469	58506	3895	50809	84219	7277	5189	56995	56342	9590	2670	54882	10656	25957	10955	51164	10810	10313	57180	694	3612	22800	55119	56907	3939	57614	284252	8933	6733	23416	9053	2752	64114	50649	23325	8803	9445	5879	4836	4711	84317	9380	51496	79739	9728	8482	57575	55132	246175	121512	7009	10150	27133	92912	10499	5428	1012	6455	5792	8543	481	8394	8751	9898	92906	6161	26018	116931	9515	2044	55016	1016	5295	91272	153527	1956	54212	23245	120	79096	226	22866	114609	3708	196513	55768	4718	120534	9412	166647	25827	9320	56172	84897	518	129684	65983	9530	64319	261729	1859	124565	673	121665	162989	283130	219931	1996	343450	56916	8545	201595	7707	25836	79778	7534	203259	26130	26050	2957	219287	7248	57447	654429	3419	56672	9665	115752	84064	90990	146664	23524	5871	55788	359948	51362	23214	440353	9185	57555	25924	214	10491	222008	3344	90338	55729	54205	2845	2783	30008	80011	167227	338692	26472	80012	6712	6124	6138	10540	286262	55346	4062	10522	125170	57104	25945	2907	9377	285237	161882	84922	9282	23060	55432	64219	128553	64478	6900	140739	80764	123283	25840	5087	51479	253943	5138	613	129293	375743	23036	196528	3146	9858	7088	29966	57181	51592	10794	100506658	65251	9931	29883	22887	140467	257407	6046	50854	55777	7917	6311	6453	23564	55384	388815	100131827	100302692	11230	729362	10137	283131	192111	984	255167	378938	56110	56109	27164	283624	56957	8148
brainseq__dlpfc__M001	3920	10368	2115	1534	9043	5646	30845	8540	25901	1008	153	1495	2824	7504	4134	57120	140689	114800	5923	84256	10787	55633	4638	84679	2263	4649	84708	7224	5522	9671	1739	7163	88	7419	7520	5019	118	57084	57556	825	8773	1299	1725	28978	3326	7738	25	4744	4627	171568	64781	51676	55738	81502	9371	140679	11040	6611	5257	29070	83693	9738	136319	27075	6505	7464	7306	8777	6456	59338	54462	57584	1949	23158	1410	54414	887	24145	55531	3736	56994	9847	26127	81491	5144	11334	6711	25797	8604	6342	9917	4985	6785	5493	57539	894	9615	54812	29094	2805	170685	29078	51209	57403	5911	56255	10893	8242	51309	59353	79575	57168	2847	64101	813	4430	79094	54832	1036	84440	8799	26057	1984	128434	9201	79589	55859	23508	891	10752	112609	9857	4856	63971	7172	9873	4750	3706	54816	403	5950	153020	23710	121278	54509	83851	30811	127703	90874	261726	23179	11249	9686	80728	7436	53358	9118	6749	4684	6327	64405	283078	5756	57700	667	121256	6014	7402	5796	115827	55203	84959	5137	6782	285172	9844	134353	116442	9508	22986	9372	114793	127262	9334	9825	57369	8208	25946	2785	5563	79762	2560	23114	23122	1040	132204	85443	51725	4241	4889	729830	92255	84059	651746	23176	6208	63974	22853	84302	6990	254170	220972	283209	23172	389941	1398	6786	956	3761	54899	23255	114787	8988	9839	1107	7532	56980	91752	195814	219738	3777	84287	57687	7857	253152	283985	6623	57495	253959	170261	11041	22843	1212	57628	148252	8851	9240	283576	253461	29928	266812	51046	387856	9659	55175	22864	401097	400120	85453	151963	1132	64388	54112	57463	3739	161779	9312	345557	80781	5121	221303	8508	56660	3751	5142	1812	140597	266722	399947	146760	345079	4675	4674	55182	23270	10507	375790	374383	344838	1806	375567	51155	284697	23254	23708	139735	3556	6829	54413	55190	337876	219844	340578	9745	81706	347731	2869	6721	57692	1756	1122	221424	340543	158931	728215	1639	57469	339453	613212	55779	348801	10962	57128	387804	134111	101927406	114821	390616	91368	84964	23600	654790	100507341	552889	5591	399959	150967	106456574	100505576	100287932	56936	91608	389856	57636	110806277	6753	105376387	122319436
brainseq__dlpfc__M002	1595	10181	5577	23077	6376	27072	57787	7095	3097	27032	972	2273	9774	8504	10858	51121	55812	64848	89801	55761	51742	84545	23041	6141	4710	5590	4925	9993	998	7037	65993	617	2023	4292	22978	9984	23431	4208	22924	966	51510	4504	2036	54675	83719	23594	23256	3183	4637	5714	5434	79734	10419	10490	55245	6789	5332	10916	11151	10725	5432	54985	84264	6625	81576	10270	92609	2091	1155	51073	5802	6804	6119	7091	9110	9570	10951	6945	51264	25979	26151	1998	8882	217	6428	55856	10767	22993	57415	54946	10297	84759	550	8869	80146	5510	151393	9167	2043	5906	9927	51377	56912	80264	60526	7320	2531	112752	1788	51646	576	92	1211	10755	57826	79586	11017	7913	4694	57409	10245	23030	4357	23780	64753	90417	1635	83448	3609	5589	147965	84326	23211	6249	7770	1327	1349	5901	23558	2319	27183	10250	23608	746	9575	50640	2583	93058	8763	2799	54606	83605	10238	10010	11258	7746	10211	51439	6229	83606	5830	10516	5045	22980	84916	83608	90580	4170	2029	29920	8497	3329	51143	285282	287	26045	57786	55634	50814	6134	6129	83940	414328	549	2746	6188	60496	9219	84304	124446	23284	8853	6328	221302	54463	3778	23355	1974	3815	222068	137964	26086	6271	103	160622	10629	5824	57326	23350	63891	11157	167153	27089	3190	58526	8559	5979	64745	5702	2562	6609	90701	124491	125058	10449	7769	1613	84926	7001	83986	154007	56947	23099	51621	220988	10015	23587	7314	28991	83787	5293	10243	148268	794	1657	111	84833	5936	253982	170506	125144	54968	6199	1351	6888	80205	2629	222183	3766	7334	6415	144348	1198	255520	728294	100287171	91304	11248	2130	728340	10766	374977	340542	55967	10572	7469	51065	283820	51326	23040	26059	5575	5478	1612	309	8363	171392	55753	50861	56125	128	4155	59286	7296	148741	4194	23116	221002	9867	677846	6084	109616971	6085	401431	51451	677833	677797	114599	692225	677829	677800	494115	6235	125150	109286553	109616976	101929407	100131801	3281	84973	81571	100506215	106481127	23559	6173	9551	9907	10016	339874	677772	9668	379025	10330	6030	54460	55957	404672	26220	728554	64940
brainseq__dlpfc__M003	23072	23098	26073	1387	55750	1355	175	26064	55173	10659	27122	7771	23216	1994	5315	2261	80347	7049	10640	537	28951	7321	949	55421	10512	54715	83737	23011	6595	57092	79876	9262	10890	55892	8895	2060	55230	94005	79944	10059	5744	4708	2802	2734	54822	9117	4809	50	55671	51654	9218	11201	79576	2332	8411	2254	23205	29106	56704	7227	79735	30000	11333	1955	3988	6158	23125	27077	4717	1665	23321	51111	6404	135114	51715	5252	11120	59084	2908	1894	80255	3241	65977	9731	26232	8643	1810	57035	5629	22926	84251	51552	85365	10577	80218	57179	11328	26994	206358	514	23326	6631	1948	9349	5690	25824	3306	146330	6049	3872	9732	1032	112487	81926	6861	4301	25830	51132	3748	10489	55915	25974	23164	6272	22873	25821	149041	29079	5082	6194	96764	10128	114795	9107	25800	351	5686	25874	9213	3899	5433	83939	817	6167	23092	10146	50808	6251	2900	3619	51503	283464	22982	291	29970	130340	80097	130074	24138	9425	1070	4929	26175	781	285381	55326	23367	92370	138199	90550	3788	123803	114991	63875	8365	65018	79957	26168	57465	6339	8682	23248	10602	8618	25976	165918	64850	401152	202151	285671	81789	10412	27012	55074	6619	143279	10910	382	118987	5654	9640	222950	51704	57348	83696	25849	7881	3185	1501	9306	5569	255631	1826	203859	4300	361	83660	9451	5139	285268	57493	6777	27333	200933	947	201627	56674	4087	5122	7025	79666	157807	79605	9772	360023	114798	5187	144108	9378	387640	389197	10159	219578	6304	2894	6165	754	146223	8073	155435	8694	26985	11124	9146	10336	55217	84631	10773	116985	284018	123879	2963	57186	340277	9361	3066	6925	26020	10210	56882	6884	26052	7405	27347	338811	9652	149345	26128	84288	387066	55219	659	390980	11138	5987	440145	56143	56144	54458	55559	8904	79716	101927300	440465	8505	102723508	57002	110806273	100506668	27239	56100	56106	100534593	124907392	112398	728841	641467	100506710	105377294	114819	107984974
brainseq__dlpfc__M004	4706	6863	55692	637	3082	8635	8498	57554	7092	27067	90326	81037	23327	9454	23369	493	54432	5128	6873	91526	57217	8514	815	490	2011	3785	6717	56889	23032	5063	54472	93664	7514	23033	23259	116154	55900	57062	10914	4897	5905	55687	11154	79609	51199	7443	3420	23295	80152	26048	10273	80208	51366	6713	29997	478	5532	9562	79132	54940	5602	4013	5818	26273	81539	2026	1432	221692	5528	3156	1004	4012	51185	56954	2257	84223	57599	51011	25801	10314	2274	10494	6432	6146	10745	23046	23215	58155	4297	23314	4702	51077	9419	2185	64236	51538	311	79269	9643	57468	2868	24139	10426	435	9296	79706	64792	81533	4705	23345	23180	47	50717	116988	57498	9475	1840	9840	57710	4008	3364	10241	6326	6812	132864	8634	10669	51163	53919	6843	283373	65082	10363	80349	9611	26502	147381	29985	5694	79932	113451	6726	51002	57282	9125	729085	115286	78991	64777	51256	253714	55869	526	10658	22948	10873	29087	253635	79833	2893	7345	64210	55005	5097	7381	84255	3455	5763	9114	55108	93210	91010	113251	83941	476	317649	152926	7871	11102	285368	59343	132332	79993	91137	134957	23366	819	7417	259217	2200	1152	23339	10229	10632	54815	8085	55611	4723	10476	1632	7386	3187	53917	202018	98	9637	23261	10800	203523	488	10260	246330	79647	131408	339487	163126	80230	79718	28976	84314	7710	25994	785	23236	7267	6546	158358	4707	4753	10801	5413	6612	317781	4045	4733	10933	23396	79048	137392	144404	79027	147906	84154	91966	444	9853	830	80823	9722	1616	144363	84986	3073	107985194	105369302	8341	92249	285550	90639	53938	25764	344595	100507043	56112	100506844	6139	57597	79159	57223	8367	162632	400322
brainseq__dlpfc__M005	5166	8522	9091	23376	22802	26751	116254	64834	9650	4756	89795	2182	57560	3340	10420	22905	285527	2329	7289	131544	1307	6319	23555	994	54941	143	51285	10404	54108	10226	20	30850	152503	11234	11149	1809	51555	55120	58480	9829	23632	84886	79817	91614	152007	3759	400961	4821	2864	56302	8910	11135	3231	23677	57688	6533	84327	9911	23175	79899	84872	8291	9771	23452	10541	8499	51228	2108	11221	55281	84504	23052	219670	288	5860	9781	2180	3192	84791	5789	7273	64798	5521	1831	54933	6002	6285	117283	116362	92291	7039	7855	23429	256987	133121	55503	219654	221035	55323	159195	219539	94274	5653	11238	25932	2705	81844	143162	3799	92126	80176	4118	51315	348938	9420	115019	65108	145270	285800	666	7298	391	284119	22882	253832	79929	118442	137209	389337	4166	26576	105	348793	84281	4520	100131211	4646	2760	140688	3792	28514	57165	643965	90861	131965	123464509	55652	124901409	5512	100874291	100874314	105369306	730130	84752	358	105375483	55861	100874361	255187	105379057	100507377	646890	286186	100381270	414899	107986266	101928738	400617	117134601	338328	221442
brainseq__dlpfc__M006	57679	23028	5689	1407	23324	3755	7204	5798	9474	3422	6095	8518	4335	9130	4140	56949	5609	1638	65985	3595	3682	91746	2280	5037	8646	9044	387680	83874	10043	8563	55954	25813	9978	5372	9889	2287	79038	28231	10732	57534	26015	55174	54938	284352	55111	2639	79846	23658	10467	56654	79991	23232	9144	2648	55805	29907	4728	1967	10384	387119	9896	8382	10802	80325	23276	54206	97	114818	10171	84918	6950	10987	5153	5393	88745	3704	22863	5908	64921	5471	51691	55278	26152	10328	7014	10208	1965	51634	57231	27097	6041	6434	10716	64844	54881	81873	79139	440279	51187	84888	51138	2098	79720	161357	55466	5373	1039	8720	2588	55090	1513	113419	6574	132001	81608	57205	84869	285440	689	84630	2631	26267	56623	118924	9344	5805	196463	80224	81615	152789	4900	81559	5261	285367	9478	5681	23076	151903	222229	284611	54585	90407	1849	133619	285761	145581	138311	116225	122961	51700	5579	23423	117155	5479	7529	51117	1877	440957	388753	84879	79663	79058	5986	161725	4086	283742	3752	28998	682	6169	4580	7388	148014	388403	1466	22877	55508	8607	51320	441951	285343	55783	55666	55256	493753	64410	131096	8663	79174	8558	80333	3916	10308	114826	4137	51547	26155	345222	128312	65992	57795	84455	84501	1874	280636	1147	654502	400954	60493	106614088	378805	400618	51608	55052	64968	374887	10597	101927751	202020	27246	401612	100507032	29798
brainseq__dlpfc__M007	114881	9031	9716	8574	57095	5586	65055	10294	29093	10325	10998	5550	81929	4799	339175	55608	9352	55105	8697	2289	3717	200312	57452	6430	80331	2321	1428	22870	10994	9141	2821	2109	10282	653857	54927	64983	573	7763	6468	26511	51699	11329	26235	5096	30818	51639	81849	5825	81932	29880	23244	57489	57213	56897	8970	9375	54776	84269	92675	1350	5300	163131	7533	83861	50632	7317	9779	3337	27255	6210	79587	22881	158427	408	8836	6636	22901	9775	56931	1893	10500	1939	84524	6323	152330	114884	91775	64839	10957	85463	79869	149986	1977	112936	117143	152137	60592	22925	8526	126731	9184	158219	145483	9791	27020	115416	6483	2114	8867	57732	54865	10482	10092	388962	54861	4043	6059	10466	25798	11168	83860	79789	6447	51031	10098	5604	131616	4696	126308	10231	79694	118487	55844	401505	256536	23141	11253	11180	114932	10194	4947	84622	400410	284406	91050	51363	375748	7325	439921	29944	2157	64409	9899	54584	84197	6256	7003	4501	353116	90321	1995	140612	23507	6709	79607	121504	79973	55958	134701	286411	7407	29902	255758	51239	101060200	440400	284757	100506527	127138867	26589	100507599	400657	9326	155060	352954	349152
brainseq__dlpfc__M008	7105	22875	1992	57210	55841	6098	65125	79763	29924	782	79091	79641	3796	27330	23332	23151	7587	1781	2195	7430	56993	27349	114088	7165	22919	2742	9688	1186	55290	54922	9827	8395	22849	9148	28964	8153	91057	84830	202559	9749	7922	84100	200576	23463	8704	10560	51060	27145	440073	55975	55715	51081	1059	23352	57045	2593	57631	4142	25804	445	66035	51014	92558	1593	204962	317662	84298	122830	376267	10040	23671	10814	357	8573	1730	123	140459	56904	6094	26524	220108	196394	60485	4154	124402	221895	118813	25769	9630	3361	81035	388591	55607	1676	29101	7410	84328	284695	6443	151556	116064	285521	8833	151613	2992	11341	26269	202333	348980	5001	171546	126298	125488	157638	9836	202374	2990	1140	5429	51282	8862	51162	22885	11163	10276	256356	56945	5870	2290	30832	112574	1002	23641	23336	29035	84441	25923	56899	23299	27445	57698	100129583	145853	388182	3914	160	8831	4217	7975	619208	375035	79441	340267	55714	105374235	29994	100192379	6171	388789	101927289	100132273	101927891	342184	56138	388569	152742	100856811	107986980	57189	105372097	79873	359809	387590	317760	652276	643711
brainseq__dlpfc__M009	381	54443	5010	10463	23386	51507	55591	51306	535	25897	51773	23518	4659	51660	83641	6857	23446	57704	6605	4905	55973	4660	6507	5663	56650	51729	2346	29887	8886	7018	9878	79629	4507	23394	1522	23253	8428	51090	79152	23062	9253	7087	5518	4099	9126	1655	10944	2054	11052	51258	8078	26268	5201	3836	8087	28972	23301	51652	515	9295	23184	6543	4801	7579	3208	11113	262	5354	29993	84938	63908	11034	2123	23499	9584	51669	4677	55082	26056	9958	9648	375248	26122	57471	1318	5168	79811	9746	5073	114876	9859	129563	1060	153830	5305	7068	143187	80014	51594	9456	9481	54149	528	51643	286097	25966	22808	10361	94104	5710	3275	51072	55314	64399	1508	5885	51808	501	26012	53349	83700	8065	81565	89927	64400	4141	1938	200894	6091	2861	11214	22883	55871	26960	10777	1267	7368	9134	54681	23760	50863	51118	387893	54014	23131	6613	9729	54737	9612	51434	57730	92689	6277	55680	6920	4340	4676	23089	347689	6414	9939	110091775	101060226
brainseq__dlpfc__M010	53616	2534	23154	8452	84062	5291	131566	10513	1496	55796	440515	7023	23335	55506	9524	8814	5203	79791	51760	51101	8775	587	94239	55131	8939	10367	657	22852	29915	79632	51596	5515	1452	10254	29959	23178	27101	117178	387338	57134	80127	23433	64225	5110	55905	80262	83658	7389	84817	4738	9113	145447	23480	63979	2926	6388	54407	10244	3417	144402	123041	10169	663	2774	105372481	23421	55827	54499	80222	5664	130507	9140	26230	7552	51312	84294	4715	10556	196294	84364	220064	54545	55216	1646	6728	284161	7070	522	113612	29104	6396	9941	26100	9577	56683	7773	29115	4116	148362	129285	91942	84135	79698	55342	509	255394	55800	200845	6575	9655	81603	57449	5728	9915	442117	201158	401474	85460	27335	23265	10587	5333	152100	2650	199777	79979	26037	10920	23127	9737	54065	84342	10011	7416	348262	201229	283596	2738	123706524
brainseq__dlpfc__M011	1856	51188	9918	54476	51360	50865	64132	6301	79645	11345	54896	8908	55781	55623	55102	22859	8243	55094	56915	10714	56910	57192	10683	56952	23598	5706	9016	10240	23406	58509	10488	51684	2965	51567	84812	26003	390	60672	10327	8828	84263	79886	6560	399512	1678	79709	8774	54522	11095	4752	55901	10253	11014	84300	85437	6457	10650	126208	126626	92715	283212	726	121601	284309	130271	9246	26119	26958	89765	57731	90957	200185	10109	5274	79753	55751	4714	79001	762	113655	91949	375484	2172	64080	90594	147807	64137	9338	2787	1139	253314	29952	219285	167359	64782	219902	284656	3714	3297	84933	140465	51108	123096	23061	57799	388558	7866	606495	29092	146542	51236	100129250	154790	79897	642924	55766	100885776	493900	7768	11232	2342	100128822	115290	123706533	105369201	11072	80725
brainseq__dlpfc__M012	54902	8554	57600	4084	2817	10203	4904	375449	4983	51701	10558	51530	117584	1808	54620	30813	51172	51283	81857	3696	10392	835	7586	3268	7461	10900	27087	1656	55110	10096	4953	79954	5396	55758	8013	10285	55068	27230	54482	23549	7408	63941	23022	55425	10390	84991	6426	80021	10152	55435	11010	90634	64784	23174	10966	54808	26092	57198	52	8502	9922	5793	8994	64332	4026	140710	64067	152485	135295	51560	83873	57477	7109	114984	5966	130132	64343	27152	54726	55255	22836	221656	115708	25820	51755	6137	2495	23192	114825	100271927	5581	4884	257194	9158	3267	90806	340481	200958	160335	222166	79701	26137	100506380	8241	5101	5463	56901	64757	55922	4771	23390	375612	63939	140885	51062	399818	56114	387104	642852	124902439	1159	56242	115804232	100130950	100132406	283683	284098	647121
brainseq__dlpfc__M013	9519	483	10681	1183	143684	22839	112755	23384	51098	400506	123263	83743	1628	9678	54981	25758	28956	64175	2166	5930	64224	55831	2892	26030	14	79572	23075	29841	84900	2016	79786	64759	6498	10097	8916	64098	160418	121260	1453	494470	115704	56950	84451	9353	10184	54826	57689	143098	57512	9910	53354	23576	56934	10670	10600	9162	117145	55585	79656	64769	3015	94081	157378	57526	65268	55172	121457	6809	114823	10653	132158	2675	29091	2915	286046	26156	84331	49854	56977	256643	26470	9832	10409	51078	283417	80034	22906	64061	26039	64754	84924	84937	28986	390927	91661	165679	5094	10533	63934	777	55153	9755	7844	57461	729013	124906262	285407
brainseq__dlpfc__M014	23304	9135	159	23517	51474	23223	3735	55854	7353	5774	27244	65094	5990	57506	55763	55118	5230	9093	65263	79036	10049	113263	10360	84867	57696	6489	9025	23007	10058	10459	2281	79627	4952	55847	23091	56984	25873	25796	22907	51347	23014	55227	115825	27043	10026	10456	8476	92345	54438	64599	57720	6877	5058	9638	22878	5051	92822	65264	51706	9442	6811	8880	84457	84881	65991	84706	9318	81605	64772	283987	79064	5036	9788	126070	55144	93426	83759	28232	345778	54503	475	54813	389362	5430	256281	23365	57522	5660	114112	6257	51517	64601	1650	90423	729991	56145
brainseq__dlpfc__M015	25998	4361	9846	3937	65056	11338	28513	83642	9618	3732	57106	997	9127	27352	23313	828	1174	84445	10162	58515	54823	3399	29914	9367	79143	7263	10439	85013	90871	6135	5451	54465	54788	27250	63894	160857	123872	201163	128338	4681	55721	1346	151354	130162	91869	79078	83590	11245	6157	203190	161823	2353	152518	2941	85315	6919	22992	100128398	285676	55228	84316	130502	9230	5034	5770	7678	23660	146540	6168	127687	339883	10471	23	56658	157574	284391	9553	124902062	100133315	100506649	109729181
brainseq__dlpfc__M016	728642	7756	25996	56142	56113	22929	8455	10961	51726	11020	83933	26512	27324	64397	56829	57589	29118	1441	27030	54867	84902	3397	64430	51690	91107	92259	10588	112840	256586	64762	129804	66000	26240	11023	7761	1006	9472	2551	11189	79005	84340	8800	153241	10746	93134	115196	25988	55222	55254	10009	285908	81858	122809	2187	84193	407738	54622	54103	157567	474343	730098	84503	343990	353	163486	439994	440823	283089	114796	389023	56098	100506282	283140	285796	100134869
brainseq__dlpfc__M017	51534	57458	6894	23536	10371	4036	990	145508	9770	9683	23417	51588	57037	10536	6908	10067	5929	163404	118427	29095	6117	9128	7222	8999	5046	57336	51651	11000	23262	134728	221935	286204	8479	57182	9397	55022	9507	197131	653121	7627	113802	129880	114788	4130	124935	51435	81831	29942	219749	56888	11145	7318	10607	83943	51227	166348	125704	9895	163227	7574	196051	148418	90196	91750	399821	401093	28985	553103	101927974	162972	10780	8344	245
brainseq__dlpfc__M018	1774	81671	8611	8812	6305	9097	4168	79918	7082	84167	84725	81855	1119	11103	6206	9685	64766	10000	29937	55269	9956	27296	154796	4289	5819	79230	79088	6538	51241	56886	8737	122786	4916	79760	7159	129642	6502	80005	80013	27342	138241	55129	9592	55249	1353	245812	5436	26505	9197	283899	201254	10826	2186	7064	3054	9024	158135	55929	122525	148266	84301	730051	730087	104355426	647087	100505738	10929	285266	2749
brainseq__dlpfc__M019	55773	23105	10797	9399	7030	221395	23291	1137	56062	157697	4125	64748	8567	23329	8992	9068	3155	84878	26507	23363	23767	9459	1368	7743	4857	94015	57592	23126	10899	9580	94122	51092	91748	7567	57728	873	9684	84449	221120	7702	11259	116840	6419	51134	26471	23585	22888	149175	23621	170622	147694	9679	353088	4855	1460	101927248	100507487
brainseq__dlpfc__M020	55049	57719	5250	57455	8671	260425	2775	27327	22931	10521	6650	7976	333	320	1855	708	55296	6506	135152	7060	5947	6787	8745	9588	5887	10808	7181	79144	79414	157922	4628	4613	4076	3685	122060	9520	91978	90113	133686	23043	4000	6132	93185	619279	25911	10982	2879	55806	9229	114900	11007	7156	84629	2903	23194	4978	677	56479	51741	222553	57026	55000	100996717	399761
brainseq__dlpfc__M021	51109	83992	1005	9522	8315	84196	23112	331	50862	8683	4090	11235	57448	56252	9617	64768	1854	10401	5861	27436	6233	55023	1793	84315	203286	81832	23306	84717	4144	163590	55031	80196	10978	80851	729614	157695	79896	149297	54510	65250	23315	57209	90987	9909	9848	170958	400553	55628	729658	102724919	100272228	100131434	163051	102546294	728723
brainseq__dlpfc__M022	3075	204	79090	6853	60481	27125	58476	51720	57655	3983	10478	3750	7991	5438	4967	158471	26033	22794	10728	8724	23113	23548	6814	23207	6238	54973	6638	79016	93974	55337	6535	9406	91408	23005	55212	114790	9879	5531	112939	200916	91252	1528	151188	9628	9863	961	5365	26146	23243	128977	100505616	100499484	7556	79178	79893	105369154
brainseq__dlpfc__M023	23187	7078	23554	79611	80267	84085	6385	745	11166	6662	84239	5509	83876	9071	4907	9649	90865	63027	7274	2247	85416	85439	54756	56929	26249	83604	4915	1979	2308	2697	124540	2890	2565	23272	23305	11031	5028	3400	55970	63951	387758	2262	6657	5454	285382	374354	54898	9865	10418	106660612
brainseq__dlpfc__M024	3980	933	84245	84649	51167	11176	1477	8677	84961	1871	92999	5334	90231	127700	22954	30819	51251	28981	56261	51234	5158	29766	81542	54849	29956	79034	80332	26019	81570	284996	55139	254065	3429	8509	10263	22871	124583	57659	23612	9662	1488	392	254531	338645	163081	124906016	100506054	9054
brainseq__dlpfc__M025	23637	22902	54908	10362	3028	55741	23788	55084	23527	57142	64342	55791	51337	64145	2317	58489	338699	3032	310	29081	27068	8612	51144	84735	2132	387923	55707	84262	7617	11094	9903	112937	26115	4815	201626	767	9687	9901	116461	721	389634	9236	79148
brainseq__dlpfc__M026	4800	23201	117	57605	151887	283638	26520	182	28316	80824	56890	60468	9525	10672	84693	139728	64776	146556	55571	6565	5229	4724	26995	84309	56884	54625	7189	205428	152579	50626	80317	400931	22834	399715
brainseq__dlpfc__M027	572	7748	3675	9244	55850	9733	9727	3189	9274	22879	50804	64420	26973	113246	23398	57669	2002	84284	9411	10907	79137	55208	140890	4085	138716	10807	6731	126328	9793	11066	79184	79955	9725	9019	4722	79940	100861412	100506060
brainseq__dlpfc__M028	11188	55359	4854	26517	9463	23078	26093	6671	1787	57821	84272	79871	80023	54885	51093	221322	51001	219743	171586	85395	57703	201895	222389	285605	84206	646851	2913	221786	729978	57665	8420	103752584	101929560	5175
brainseq__dlpfc__M029	8193	5662	57595	55968	23541	83746	2954	7458	9355	5985	705	6500	10641	57488	7322	902	79035	10099	257218	57798	9619	84542	3611	58485	166614	55863	55277	51276	143879	84319	388115	118472	51157	64283	3145
brainseq__dlpfc__M030	9709	6596	8655	51527	56311	80724	8936	80006	6509	51248	6745	482	55643	5612	6386	284111	79750	516	84939	123016	119504	3489	126669	8841	5095	57596	162993	200734	554235	10093	4302	80179
brainseq__dlpfc__M031	8491	11266	54207	9362	84056	2976	9890	84899	22826	60484	80263	55316	10427	23478	79573	55164	54904	118424	252995	80174	219736	80319	5970	64318	349075	10193	285600	84464	84324	51202	80755	152687
brainseq__dlpfc__M032	7629	57544	8175	29098	4048	117247	4691	59342	2962	1315	5111	55198	6518	51249	57107	221154	93622	171023	29796	101059918	642987	6261	2475	7247	151230	91664	100507533	100506606	6648
brainseq__dlpfc__M033	51022	4826	55604	27338	9368	23647	5330	114799	7569	9223	124739	8450	8883	5928	130557	7705	64805	51523	51030	196403	138428	11261	11169	26049	199	8293	255403	56101	101929563
brainseq__dlpfc__M034	56928	259282	57102	64744	5125	4650	8896	6429	55719	2107	989	84266	8089	5899	10283	10428	55364	153733	79870	6621	65084	203062	55669	147687	254827	27439	9851	100293516
brainseq__dlpfc__M035	8531	53615	10411	9751	55125	7993	1993	23268	3065	1997	117154	80726	10228	200132	1633	144406	9673	283237	51205	54919	9796	7378	92714	222662	84775	113402	57604	105377023
brainseq__dlpfc__M036	63897	4734	23016	55668	55573	64428	56943	89845	8678	55695	23473	83636	29967	51128	64682	2224	150962	129401	200373	441024	123355	1106	284443	10778
brainseq__dlpfc__M037	80243	26034	55011	51422	10539	4437	9330	57153	23287	7507	23344	1745	4863	23228	136227	23588	148203	6748	51186	64423	100129842
brainseq__dlpfc__M038	51265	55066	150356	93145	642	51020	7010	6176	26060	824	221955	84936	165324	8636	159013	100379224	64093	206412	55851	280
brainseq__caudate_sczd__M000	23072	8837	8100	5798	55711	4925	57704	23291	1207	27252	2346	55072	80821	282808	10673	23646	7728	2617	84182	8787	25766	117247	1004	80255	10314	5999	9890	50839	2971	3181	644150	583	5326	54429	83861	1514	58489	26750	6496	8999	9746	114795	6457	473	84451	805	80013	85463	3708	10283	5903	5937	9868	138199	1827	23001	120114	120776	388753	541471	203523	54872	10260	79718	100418706	283417	164091	643015	139285	8590	23742	51082	5138	100101467	79955	56123	54914	1806	339287	4697	1778	55958	6263	29935	7917	11138	259294	266657	259296	50838	100420110	100271538	100422300	100421794	442325	729799	728706	9080	140758	643971	400954	100422384	441204	196913	105370369	56903	389428	388948	112597	447	645939	317727	100271008	100418819	286494	100271884	100130446	100418919	100131638	100271294	646202	389634	100418921	440498	100996437	100271039	122152326	100507308	105374582	169834	553121	391256	26134	100873882	100421629	100131526	100506274	103695365	257203	26226	400129	100132058	140761	646870	378805	100874353	100270855	100422581	100270827	100887068	100421865	100873886	220112	285154	101927560	100419489	105376070	100422229	100420921	100270946	170547	100270896	729056	642776	353267	100421595	100271277	100130881	100631242	728300	100506897	100506866	266625	105378580	730861	644388	100419187	100507062	100130786	100421670	106480488	106480517	100271175	100271150	100131434	100873241	727956	100422044	140290	729150	100271260	100270987	100271221	100421437	100270852	100419755	106479248	100270835	10443	100505678	100420028	100418744	5820	728167	541	106481816	100422271	338097	392266	104266957	100422267	111082977	283106	101929269	100874333	388112	400046	259295	493913	259290	266656	100506551	100287944	102724917	105370586	101929457	7190	105371374	111082974	100421525	100421100	106479459	108903150	100131691	105371745	100129640	319140	107986100	100420114	390660	101928991	100133319	147276	102724859	359822	101241892	729732	100506207	100133036	100131998	727758	441242	105379252	200810	554236	5380	391267	5301
brainseq__caudate_sczd__M001	6863	9912	6792	27032	23304	51306	57554	535	27430	23274	5874	2824	23196	10079	5218	84256	124925	9697	55854	25791	2009	7216	57595	815	55117	27330	10290	6605	2239	88	4133	54715	55183	6595	22997	23033	1307	9522	5550	2017	55054	2775	23368	55668	57106	84502	4637	10580	421	6598	23384	1690	51199	5494	57446	80331	25939	22919	8731	331	6594	1821	54602	23295	9688	4363	1186	7329	84148	2138	6422	3646	4946	4858	54504	2887	6804	9678	158471	1759	1993	8939	22841	22849	10900	9487	27077	30850	1410	4013	1656	83892	23329	7167	51026	1432	26235	135152	9841	3617	11044	5201	10915	85461	29959	6654	27101	80267	127544	85440	9829	9887	7257	5929	58155	55758	1268	118427	80235	79627	29990	11059	57213	5153	9926	23096	400961	29993	57699	6662	83658	5690	435	117154	22890	64919	146330	6597	135	2847	92521	6035	57631	10155	23345	1729	10489	26057	1131	9201	51669	51535	9475	91543	337867	9743	11095	84900	2583	11097	6426	10238	56886	7111	10868	113220	84253	10244	440279	80031	55759	10152	153020	84298	92979	6252	1039	54925	8533	9520	6875	114799	494470	5409	6135	23038	25874	6258	80222	255928	1944	8476	116931	9515	817	10184	5066	26240	153527	10957	8573	1730	3358	139818	80728	4915	80142	11023	9538	79980	220064	84304	27250	55768	121551	121601	60558	341880	2555	498	152137	678	2893	10160	2911	51571	80746	129684	7273	285172	9844	25769	23362	145483	3778	7074	159090	23522	6854	3361	11079	8365	201176	283748	267	8566	84446	84814	84988	29115	57465	55083	7855	152519	116064	23272	9255	8927	79012	4085	2898	168002	348980	1345	79698	65268	11092	5702	55530	81832	222865	5598	144100	222950	10982	126298	7171	146664	23524	1642	956	9796	6774	4330	9079	164832	83787	195814	81603	50515	3752	8862	27115	84525	23261	115196	10869	154141	7690	29942	10777	10534	3267	253959	132720	26470	64837	65108	131408	85007	5122	64770	9832	2290	114926	23141	6197	284119	10009	54943	6666	55152	221294	2066	114932	286499	285343	9500	389197	64582	220382	23641	23336	23265	29035	83733	18	339039	80139	51807	130502	152579	64061	84441	56478	6092	56899	285600	64409	10718	220107	148254	27445	387978	375612	26059	7621	126432	123688	389073	642938	55660	60312	4763	1612	23729	4644	26037	284370	222662	283420	65124	55713	777	50618	1500	6262	10497	4536	619208	55251	57683	1639	100506731	10921	4539	163486	101060200	157574	10809	25817	10626	101928527	100129215	79134	121853075	728927	84752	101928085	353511	100507043	152742	157627	107986898	1519	100506606	105369779	283624	105370648	109729181	100507599	100128822	728485	100533184	338758	283483	8344	79873	359809	728743	100526833	145783	105372432	729870	100887750	441666
brainseq__caudate_sczd__M002	10181	55904	5164	3920	54972	57787	57585	7756	23324	1272	2530	9440	9341	23504	29924	6558	1496	2261	28951	8301	65993	57719	6717	5250	143684	56681	22999	8417	285220	8671	56650	4200	23136	102157402	57531	2778	27131	23231	3183	84144	79956	23031	1153	5064	29801	51386	3091	1983	10484	655	8780	2332	10725	84264	79006	7976	56704	427	10382	2091	3780	154661	136319	56829	9355	64115	55161	7466	1182	23321	7704	6506	10944	8078	1822	26268	6678	55819	5515	373	84100	10342	10675	51555	92999	150465	2202	3398	1386	22848	55700	10765	6513	533	2152	9588	163404	9991	5887	79109	2531	84898	23435	8165	10804	54537	57489	27241	23389	5585	116138	9491	11034	24141	154796	192669	23263	51119	3895	3306	2770	4698	1854	904	7905	23404	54958	9590	1349	5901	3021	4147	10810	1875	55119	8774	54407	2012	55312	4076	2752	5100	83548	1910	9771	7716	4711	27314	6653	54874	3795	118663	57575	22872	55589	55500	1848	90634	10150	81542	55197	10966	54877	90378	91978	5686	481	57645	8490	23126	55252	55016	5921	64839	57583	27316	11212	29967	4851	196294	10658	6188	60496	2823	9910	5784	23589	1601	140890	781	4900	126731	63895	84532	166968	286097	57466	123803	873	5763	204851	64343	201595	7871	323	10412	5828	54919	58526	26050	220296	57447	55701	142940	84706	57494	113201	26585	64400	7008	57611	51704	7644	57348	83547	1632	54541	359948	8313	2915	7336	6383	64118	22871	214	84140	57148	3344	26115	26108	4884	171023	2628	51030	54205	257194	2783	93624	80012	9975	6138	11007	145270	79666	51320	284207	4062	3725	2314	147991	285237	51333	439921	80781	91689	9802	27439	3786	677	8519	157567	55922	9863	125704	5359	6613	340277	50859	26010	29068	222553	10794	26052	4155	259230	26768	100124536	677820	677808	9289	388135	6453	23243	114599	692086	677841	51157	22828	6827	55672	101929407	100128675	90120	677828	5032	57604	378938	729991	196475	106481051	6030	1602	389741	101930276	114819	100093631
brainseq__caudate_sczd__M003	51177	84067	11178	2046	5566	3785	29093	51098	64130	57582	8721	8395	9148	23360	79864	84867	65981	4598	11329	90249	10120	84759	9870	9409	5204	8189	57464	79016	50632	22907	55037	1742	84246	9215	81846	10228	84300	65123	6233	890	55002	1740	80790	23382	124245	29	57731	51127	150726	80128	4043	4889	10395	1020	112937	26995	53407	10636	98	1056	93622	4696	91749	5797	56945	79605	387082	197407	253650	51649	219790	51428	128989	4707	114781	7469	400673	83862	60491	124411	23145	4519	4537	9867	64423	353512	51239	100271271	100421420	57128	106480837	100131810	644896	8552	5512	100271276	643343	101927551	3281	100418781	100874278	100420557	100421371	729389	106480498	100507266	374887	100418737	91056	56145	9668	100422382	246744	338414	100381270	119863865	124903619	102724430	107075304	100128882	100421173	100505797	100422317	54553	100533711	25786	256302	7554	124906280	100130148	401105	100507117	100507178	728554	440456
brainseq__caudate_sczd__M004	57679	8935	5577	2115	5080	9031	5536	10463	637	6050	63916	79763	11338	1994	5315	30836	57560	10294	483	6196	22859	6720	5522	51175	4292	108	4898	6507	5663	1005	54700	51510	29887	339175	2280	8315	25977	9727	55632	3717	5721	1457	9016	8874	8925	5862	7991	6625	10135	6009	2218	55664	10531	23232	55572	10612	9828	79676	55832	1108	9896	3157	4012	8992	7372	54946	1933	9736	4999	10625	8458	4548	1810	10174	83690	11019	8434	51604	23326	51614	6487	51234	54982	1315	4738	51690	3996	51540	6117	902	79074	9649	5547	27229	26160	10669	54536	29789	9908	91012	79932	23421	114805	57624	55086	84294	8872	143187	460	7070	56172	115416	5147	285367	10361	4720	57805	56683	94104	197131	6285	1173	113026	4116	10092	91461	285203	78987	79870	11168	116328	10910	9147	8559	1528	4088	51148	114823	10653	90522	3187	131616	2720	4086	84669	79188	24149	118487	339122	10524	79877	7368	79683	162655	1212	64787	9659	2918	22864	23060	284406	79813	81532	646658	28958	140739	5463	3714	5501	4673	26155	27341	23254	100131755	57181	10438	6168	83699	987	9578	5365	286411	144363	728190	554203	101060691	51406	100271594	400619	386597	100418910	100420423	100422627	64288	101928153	339789	158	134187	646723	101929709	162972	56100	56106	55096	259293	729911	56957	100507433	6880	84055	27099	116828	107985115	728411	645166	57234	6458
brainseq__caudate_sczd__M005	2729	115703	55750	9091	23177	9774	57492	81037	65056	55588	10838	2263	24140	26986	10979	23032	2782	9817	1540	5978	23259	51161	9762	29888	16	1738	11069	26227	9117	51382	3705	55671	10735	688	56061	6923	7227	1936	3191	81857	6511	333	22900	8605	54664	26468	8777	28964	9570	26001	5573	8649	51111	55291	79073	114971	387119	221662	81688	51053	7101	4090	1452	80315	1981	4691	55704	5334	4780	1647	9295	1266	57134	114883	26234	64747	8013	54812	10672	56943	51780	400	64282	29066	84668	79269	55297	57826	8239	10485	6629	3661	81537	8910	79664	1032	112487	2258	81	23199	84152	23164	7428	4613	285148	6210	9698	22873	967	10956	80896	6744	950	79807	8499	9818	9107	4916	4089	51454	152330	6161	91775	57552	10146	340156	26260	10280	2746	57689	10525	22866	116966	1737	291	636	2674	29970	130074	4154	6728	3192	6328	55027	132	6103	7381	26053	11189	7627	114803	3490	100507246	5783	25976	7884	51368	23366	7559	5885	501	3190	220963	5654	2923	6730	4054	55788	85476	153241	200894	196074	10746	7324	53343	9229	85315	90338	2186	5728	361	29903	6712	6124	54993	9699	25915	169200	728294	55505	10159	3838	2130	23194	8073	116448	155435	11124	9146	25840	57496	4646	3066	51321	147906	8733	5178	26128	387066	50854	390980	5987	100113407	3105	125113	1654	8505	100505881	283131	10016	254559	112398	57212	114814
brainseq__caudate_sczd__M006	10368	9254	10178	5081	112611	55655	57476	11215	10953	578	3631	7504	4134	23327	10787	782	7419	114880	23085	23348	1795	23543	9371	8715	3163	9738	8976	6456	26033	59338	54462	3131	1949	25758	4121	2566	23266	6785	27145	57539	9480	55719	3208	79039	51209	57468	27304	2892	57168	9732	54832	3746	445	25957	79589	23508	152831	10505	2317	1607	347252	7172	56965	403	83851	123041	23179	11249	2803	287	9118	6749	226	84159	775	160897	7402	114793	57369	93099	10825	220004	2785	5563	343450	2135	79762	130367	4241	23462	55342	83550	89890	3359	92181	84684	1816	7532	91752	201514	93426	253782	8708	256076	81033	170261	26047	11041	344758	80124	57628	9240	253461	266812	55175	3352	85453	64388	5179	5912	54112	55228	2567	8905	340146	161	5413	1812	266722	399947	4674	4771	164656	23270	29978	284338	284697	23708	131034	55190	643836	8831	10793	340578	2673	158586	81706	57692	9293	221424	659	440145	10962	646951	134111	118460	728327	107985190	440465	401288	101926971	389895	285084	200726	390616	440132	56136	1325	654790	25907	101929415	100130155	101929473	106456574	92335	100130522	389332	93474	28755	105376121	101929748	122319436	105378355	162632	399815	100131454
brainseq__caudate_sczd__M007	60528	6853	26993	57658	9782	2730	7204	5685	55745	26999	54542	57095	84649	9759	10681	6160	60	2533	11342	3682	10075	8898	9489	2036	8455	6548	23428	9681	79734	5905	57680	9663	8260	5931	10423	30000	57794	5683	219771	57649	54940	8882	5715	57097	10087	80006	9555	1627	7029	523	51652	5510	271	3964	4297	9270	2733	53335	4072	51019	576	51538	2170	79871	11113	10755	9217	55577	51081	57187	27245	7277	25953	7533	10776	6861	7376	11127	79149	10514	9406	23608	22800	10752	8565	9857	9648	5879	55852	5168	3159	9581	84896	23710	7009	376267	6727	10499	64755	54828	23521	9859	84524	9711	401262	26230	4191	774	8525	1813	80224	29087	253635	7345	375056	528	1915	23648	4681	516	84303	103	622	93210	29127	7447	317649	79885	55536	23514	123016	79101	201191	112476	6137	1499	2786	3800	27065	56947	521	7360	1107	10477	83695	26960	256130	10540	23399	205717	374819	51301	9632	80205	11180	6879	64219	7267	64478	2903	9899	390927	137392	84570	51155	309	219927	92283	30001	27300	221002	7918	280636	7416	100128264	100505996	400765	100131193	389813	645834	105376748	100507316	100507290	29057	100506710	105374338	84726	84820
brainseq__caudate_sczd__M008	57185	51056	3382	23028	55001	53616	10858	10659	27122	54477	23101	58508	29927	6894	50937	4649	7879	9063	7188	966	55968	3912	1390	114327	56993	114088	7443	56853	25963	79848	11140	6324	64983	51422	23731	40	1277	6309	27087	8382	10307	9381	23301	80146	90231	22868	11064	57706	5826	1	8702	5342	51141	10142	129607	85004	23595	51317	85021	80003	313	274	3590	80144	27068	54934	8125	55114	207	80856	151126	9140	57038	54892	84909	8038	84280	4684	3688	80014	6014	9397	125476	158219	673	144406	55179	7617	23623	5928	11341	4886	27012	91147	138050	11164	717	119504	5347	55048	146212	23119	6091	163590	84287	151827	10231	10125	111	158399	1106	91646	124152	1139	158135	25914	222183	285525	127254	29072	575	64410	6586	23299	101059918	4137	152100	1630	222696	56164	199704	23061	57209	65992	51062	653316	6311	11116	8906	378881	101927300	102724919	728431	400945	100499405	54596	102546299	24142	344595	390595	101927917	56138	101927592	93668	441355	197187	100294362	101927151	107984345	339829	90499	440040	645784	641977
brainseq__caudate_sczd__M009	8938	4057	1890	960	79645	729	3371	8538	1356	57545	60529	8908	1117	4638	9576	139212	3568	1512	93233	828	8701	57482	2348	1610	1809	3769	7276	79747	5858	57153	2302	2670	341883	254428	161003	4922	84332	948	22915	319089	91947	80125	91807	90506	163479	56956	6097	7483	83879	6423	60494	3742	26353	133690	79819	160492	4929	153643	339145	123872	130540	200162	419	93190	150082	57822	158787	55567	127731	54102	27151	4000	149499	127733	127795	126820	132671	151651	133923	84624	4982	157869	146845	352909	83659	200403	150248	169044	9963	64446	83450	220136	132112	80122	220388	144809	154664	3753	146802	160777	146754	150147	254956	66002	10345	4051	387885	389118	445582	375298	5104	389799	257177	196385	9182	93035	647309	389161	55779	25790	730112	728763	285834	644139	105378916	112268411	100996570	339894	720	255130	101928989	100507053	100505875	100288001	145438	283592	284260	100133941	126661	101929052	101929355	107984270	340090	101929006	29774
brainseq__caudate_sczd__M010	22875	5188	83641	64431	825	201294	6319	4670	6663	6305	79784	3249	64077	5818	9181	64374	11155	55234	3276	7103	30817	9514	50940	25870	23111	9363	55858	9635	51097	54886	23052	151242	667	23176	7415	322	2819	2705	2861	4815	10301	23283	23241	401563	404093	118442	84890	10773	1755	1287	57165	643965	90861	401022	387486	101928470	100288428	100507336	101926907	51236	90271	285286	347689	728769	255187	100507377	101927009	80862
brainseq__caudate_sczd__M011	85477	695	7305	972	4481	822	10170	6813	58484	5742	4689	10859	945	9379	51338	51411	5777	6696	64333	718	219855	10010	81853	3394	30011	3606	64092	714	125875	1234	79626	1230	3965	6039	54360	713	712	170506	53829	1397	221178	388512	399687	51284	219972	56670	2214	102724297	285758	101927532	137196	101928687	643529	57461	100233209	284021	101929497	115891964
brainseq__caudate_sczd__M012	6401	5329	9052	6556	22904	602	10272	8773	28231	3315	1440	3313	57396	2335	64895	3336	9173	1026	3659	3553	7538	79845	3569	64005	9023	55647	6398	6004	6279	10840	871	10205	6280	2357	116844	5031	3310	8793	2828	90637	7056	3579	9021	10581	51186	387763	29950	3304	3303	4489	1052	100505994	101926904
brainseq__caudate_sczd__M013	9862	55591	1462	1975	22839	25861	22985	80381	92609	4927	2557	79770	56987	60526	80209	1314	10236	84817	55201	54663	3178	9550	85437	27005	29956	10456	80775	55691	55676	1973	55255	167153	1524	9677	23117	51181	3185	114900	8663	961	6334	7936	10399	79716	100505641	60674	105377986	100505894	101927314	200420	84278
brainseq__caudate_sczd__M014	28978	112755	5594	128866	793	3312	4702	5110	5412	7737	4694	3188	51309	529	84707	55859	26578	79596	116150	10670	116442	64216	5579	1938	7881	22928	4692	55794	340542	8363	100303755	5297	729082	677775	57132	100505576	100287932	152217	8367	4747
brainseq__caudate_sczd__M015	55236	9892	490	55973	1741	57144	2259	2743	10486	25830	23229	6860	63982	85397	2572	55362	5530	10769	2561	84553	2977	814	115827	27020	9162	127281	2562	51617	57687	79772	51046	80034	139065	57528	256714	3751	401190	7259	5534
brainseq__caudate_sczd__M016	4800	1161	65055	1808	5435	55954	79187	10488	27042	128611	22863	84286	1786	11159	55262	23245	26175	23076	9442	1849	142684	148014	11022	57697	85236	6687	388610	100506649	27246	6029	554206	124906262
brainseq__caudate_sczd__M017	27332	1033	63905	90410	51596	7265	6711	79947	9375	821	1022	6996	9718	140710	65264	54987	150962	90557	123258399	6575	9849	79598	653319	5478	23365	79027	51025	105378763	101930370	100507487	107985879	285407
brainseq__caudate_sczd__M018	381	478	1174	9368	10938	57515	10884	3977	57035	5524	9882	56924	9353	57512	221895	118424	84542	9232	125336	7584	9720	9776	10409	55884	51363	22906	165679	613212	55384	440270	90639
brainseq__caudate_sczd__M019	8284	8653	7544	90665	27328	8287	8242	6192	9087	22829	83869	7404	83868	9086	359793	246119	7503	100873962	105377224	121676924	286554	246126	352887	5616
brainseq__caudate_sczd__M020	55856	51552	51132	4130	360023	100033442	100033816	124900494	767563	338433	767598	100033429	693155	724027	406929	106480630	100422871	100616194	100500819	100033814	100302167	100616263
brainseq__caudate_sczd__M021	8379	9043	23095	81671	3796	5217	5706	5713	9110	9847	2891	78997	5126	10487	51164	57498	1837	51059	23284	26289	6503	6773	345778	50863	302	56160	2558	12	11152
brainseq__caudate_sczd__M022	79657	9921	25897	23198	55331	10573	55280	23209	23347	1655	9444	79809	5335	81533	863	5894	10001	3939	55032	7013	25898	9702	51362	4291	6120	92482	56110	440138
brainseq__caudate_sczd__M023	8907	54472	9689	57613	8045	51586	51566	160851	57589	55041	8604	9194	9521	7979	8916	144165	6483	23350	91137	53349	9915	5087	613	6892	8341	23732	388677
brainseq__caudate_sczd__M024	79567	6416	949	10998	79603	23541	6430	5935	9267	26973	10808	3337	7403	114822	127002	152110	11102	53917	11214	7189	79184	9747	25829	440894	54627	352954
brainseq__caudate_sczd__M025	3320	23264	8237	8030	79817	85025	65080	55270	651746	10476	57215	7386	83443	27258	64928	51079	94107	8270	201562	2790	222537	552889	55845	92806
brainseq__caudate_sczd__M026	56052	10914	79863	1203	4683	9094	2274	7320	11335	55661	10351	11322	79648	22976	56672	55871	6900	50626	51592	80184	3073	31
brainseq__caudate_sczd__M027	8554	6767	10775	6119	9806	55110	55103	10975	10439	90871	6518	52	27089	784	120526	94103	167227	55690	100131801	677767	23089	283683
brainseq__caudate_sczd__M028	5996	153478	375307	286207	285025	136288	286464	143162	90288	225689	399949	83656	440585	401944	401124	255119	56245	402160	102725191	80086	283152	105371267
brainseq__caudate_sczd__M029	90293	4190	5601	2983	4905	22911	5532	4591	2805	63908	57282	9530	114928	55607	1780	2982	7534	64112	7529	5870	4976
