gtex__amygdala__M000	23072	8379	204	23028	5577	55904	5164	10368	8913	55750	3475	9912	60528	57787	4145	8938	6853	23221	5081	51085	22955	11313	54902	8193	9066	30845	112611	823	23386	57586	9369	2554	57210	11215	51022	51177	29781	10953	9774	286	535	321	9168	9172	27067	3631	7038	7504	4134	55885	23518	5733	54477	23105	5798	84957	114800	57504	23200	5218	5923	816	493	5188	55359	10076	1001	124925	55711	9340	1606	3735	55633	9892	7089	25791	782	5590	6857	89795	57595	55593	2182	27238	56850	10294	8514	5217	6710	440	1258	815	6949	490	9319	55117	87	6720	2011	8907	54475	4905	23332	5522	8726	6620	9671	3785	6717	8672	119	4140	9733	7163	29089	1781	88	2260	4133	9063	54715	7419	83737	2222	22999	1136	4208	3595	55322	23136	1741	4986	4779	57226	3842	5026	84273	3030	966	3732	22996	55054	29887	5475	56970	4313	2775	55239	2778	10059	2036	23348	1795	23368	27131	22895	29965	8425	51650	29888	8646	4897	3912	1738	23335	51168	23256	54822	1725	988	1153	5064	1399	51386	10521	9701	6305	1727	4174	8897	4627	79734	6767	5905	10598	5641	6430	394	57446	24148	26164	1917	1457	5173	128866	140679	56853	9097	1478	6855	5358	9016	2010	5230	84061	2245	5935	8428	79758	23361	5595	5257	10204	83752	65009	7329	1428	23062	3163	23420	51760	10391	8120	25963	23312	171177	79752	793	5327	3646	23484	4741	7991	427	1891	3191	1209	1760	51231	6511	10775	2821	9253	51343	8775	478	374882	64748	3780	5296	64327	10049	1124	2887	6804	2617	8976	7036	1174	4232	54927	51422	5425	727	26468	64420	23189	57582	8395	20	54926	3257	64077	55149	9211	28964	51195	4591	9570	1655	40	79132	9343	5573	1949	7531	8821	57620	4013	54414	55291	9379	975	2965	9761	10645	65117	51699	5985	23329	8914	1108	56994	9847	51020	4988	221692	221662	9896	84498	59084	10279	55914	10307	6678	55819	2566	10915	80315	90249	93973	84100	51421	55186	7029	23150	523	64689	1981	80255	7781	29959	9784	51130	5136	55120	23301	8869	22930	8604	9167	2043	26038	57535	4985	271	9887	10745	127700	3964	10000	6513	23215	9588	56181	23184	6794	1385	4033	6785	1268	81573	84251	26234	9330	80212	4702	57706	64207	54812	53335	4601	30819	51019	1191	10174	10237	2170	57179	1314	83637	11335	55234	11113	5585	51209	23096	8239	29993	7913	9208	7737	6253	63908	6238	10893	3831	23263	84063	3661	5582	22890	55288	8021	3188	64768	5322	23352	79939	146330	7277	57168	25775	92521	10651	1123	2571	8854	54982	10776	5682	3746	83448	2258	9070	58986	6861	1804	9667	547	51429	51250	83861	4142	170463	10439	445	139728	7776	4037	23229	7187	64432	9467	3748	8500	10948	83636	79781	26057	3021	1742	4147	2319	54496	9633	6860	10810	9201	57511	55859	9215	66035	116988	9645	51669	23508	10752	7482	10717	57614	284252	1837	22873	6733	57231	112609	2045	967	27165	9840	116986	23416	54806	85021	10505	80003	3775	85397	26122	50649	11137	5100	79621	9882	4008	1607	83605	6434	10716	64844	2058	2572	6812	9568	116113	63027	54843	96764	5607	440279	23005	56924	8634	9581	10128	51008	10152	55032	84162	55752	80144	23162	85352	9746	196500	347902	7786	7009	54509	64062	4857	49855	79661	7168	8128	7385	1012	57707	8533	55275	1213	2774	50488	396	494470	54808	773	59283	51070	23038	5567	5792	4170	2029	3756	51097	9859	805	3899	11249	8502	57282	51454	57574	114884	6769	57552	285150	2044	6622	817	287	6715	5066	2561	78991	23138	90523	26230	113130	30011	55869	9203	4841	7013	6129	55638	340419	114789	818	9118	92170	8525	79096	5058	6188	9177	4863	26007	51524	84623	84866	83723	8448	22866	1740	22948	3708	775	7068	9472	2132	10873	2059	143187	7073	91409	55521	5213	56978	2911	115827	5801	51571	22878	25827	5789	80309	163175	116150	7070	518	8470	56934	55361	55027	2890	134353	10670	92370	6503	116442	3778	3098	27020	137970	491	6854	776	3815	55799	9478	114793	64897	26100	8450	4681	9191	2039	84134	54461	55108	54020	4047	1141	51160	9684	54784	51149	8878	60680	1857	113026	91010	1973	22941	2785	1996	5928	8880	64123	127002	79762	51127	347730	3754	3760	6944	55249	64343	7048	23122	8618	78987	23350	64419	51304	54585	113444	94032	55764	8314	7086	4241	84448	133308	79012	2912	132332	10393	55255	2898	167838	348980	63974	285613	1508	7534	25879	79698	26130	7415	26050	7417	57447	26012	145567	3747	11245	83700	55530	84936	654429	2562	55800	222865	5579	9640	3359	89927	124491	6866	6809	222950	23582	64400	51704	146713	112476	4218	784	10653	90522	10501	6730	286133	3761	7266	3800	11259	8754	9677	27065	3354	7386	5865	10636	114787	25942	200894	93380	5093	83640	64118	9079	7360	84894	1501	1107	7532	285596	166614	91752	57148	5209	27258	3777	283455	8941	55144	59350	598	5356	22883	57449	10243	85442	83660	11346	115196	83452	10605	10125	1072	80011	55871	23491	26960	541471	10777	78988	65059	111	79625	10534	51134	6712	57495	128439	253959	389524	55055	170261	26047	442117	158038	582	11041	6138	9610	155185	170506	22843	10025	9776	56675	5122	64770	10458	126792	55254	339344	163126	84277	284424	2902	9240	6197	347862	7156	64110	125170	266812	79751	79605	9772	3766	387856	4291	9659	3350	54681	57184	79415	399668	7284	23302	388394	220202	22928	401097	400120	221687	85453	53637	64388	23760	64928	1129	100287171	5912	79673	81532	10159	2567	8905	4692	345557	50614	6000	9112	161	6546	64478	2842	5877	9802	128989	5504	645974	4753	138046	5413	752	6092	56899	255275	387263	8558	5071	266722	10336	54014	399947	56479	257240	146760	345079	340529	2558	23621	4674	54331	27445	23040	613	4137	387978	4673	23270	375612	7874	26059	94107	29978	51463	345630	344838	51114	375567	25920	23036	5649	9516	83862	23450	1604	131034	55190	51466	100289635	51434	399687	165679	8912	57591	57473	961	343990	6334	100129858	199704	644596	8270	309	5718	140688	8831	104	3064	10533	955	56882	163059	1675	8733	28512	128	26052	9019	4155	9228	140885	27300	54870	89894	7405	51062	11321	6262	124930	10497	9055	221002	57692	64423	221424	340543	26095	7936	728215	653316	2550	79600	440145	613212	54458	414918	10921	131118	220164	7247	339263	23636	10962	100996307	3672	55384	134111	1654	283514	285780	100131390	84561	112597	728190	721	729467	400765	554203	401260	100506714	400619	386597	107985820	643837	642345	100996635	100506679	100132948	378805	400238	121853075	101928537	92249	84968	441094	1159	101927891	400958	339822	105373390	101927609	399829	23761	23600	101929238	347689	56134	7268	10443	101929066	497258	654790	101929237	5820	283140	100507043	101929176	100508120	85358	157627	101928136	552889	100130155	55845	101929473	399959	105370015	196475	26065	102724934	729911	101927751	29890	103344931	106456574	100507050	100287616	148189	339290	100505576	284395	100287932	284276	101927151	400622	56936	375196	152217	283483	100130705	26220	2904	123624	100170841	389856	390660	110806277	102724488	100130148	283267	359809	401442	105374338	112694756	100506207	55056	105376121	101929748	122319436	102724680	106660612	84820	100289656	91695	441666	728554	554236	493754	64940	5380	440934	105373383	113157	650655
gtex__amygdala__M001	81887	889	4074	10180	115703	10943	23077	114881	5080	55735	29116	9862	7095	51603	3097	51099	1195	23187	23154	25960	11136	114879	2273	3459	5452	2896	5606	84245	4234	27430	22884	57120	51528	7984	9709	8454	57602	29927	4659	54432	65125	55650	23504	1301	1431	2139	9627	8943	4802	9950	9650	865	27248	5837	4734	5597	27440	9948	7037	55743	6605	5743	6624	23609	10179	7155	5289	5527	6507	131544	56650	28962	11266	93664	594	56910	8668	200081	102157402	80271	54469	94005	5705	8602	8544	28971	2280	57506	57655	55760	10558	51726	2802	16	11069	5720	51310	9878	1312	1384	51322	3983	23523	23541	23759	10043	50	23774	1690	51199	51382	9786	23002	3091	89932	80344	23613	23394	54976	81502	26051	5127	3356	81617	26512	10664	79650	55697	9100	7249	9093	5934	6788	54332	2997	6449	81857	10469	898	7297	22900	835	95681	196	2022	54662	657	9562	8453	64081	8787	55163	4927	5376	7323	5602	2549	51166	83891	29118	26610	3312	83480	55572	27339	26973	1982	4928	41	4891	506	10988	55110	56890	57122	50813	4739	9750	5467	51053	6908	10923	2246	79770	5917	1452	604	10342	80325	57088	4691	64895	2677	10190	23451	84812	3069	151393	4780	2956	5906	10067	81563	10286	1429	57568	34	10765	4179	533	1266	2152	57134	5955	7139	9331	64747	60526	9414	5524	51552	10783	26094	1788	54454	5110	91687	80209	10808	7181	23435	5290	55791	92	5395	84668	51251	79269	84329	4552	5184	23326	57380	4337	83732	51141	84266	4149	83786	8678	10131	64430	54973	23065	79066	14	2770	65997	813	3712	91860	9513	3609	112487	81533	55274	3949	25814	375775	57693	4354	55902	4772	10401	3337	6117	6616	7818	4678	55544	4628	25778	23111	7178	51520	1875	22800	4221	8650	1965	148281	79577	902	85004	80206	9415	55858	3703	51347	60561	1368	79786	9648	1910	4711	11311	10006	54840	25822	25844	9856	129685	338699	6386	5519	834	22801	80031	5495	1838	26509	471	81556	3184	27068	79807	839	64116	5998	91445	144402	121536	112840	10516	6938	663	9960	5045	284111	7157	6455	3454	473	10026	64129	57592	8394	7170	2590	116841	92906	84620	11159	79634	129563	9353	81608	58478	57721	92345	9180	23635	55814	10146	4478	6567	11160	8601	9166	50808	54886	23245	56623	9712	220965	26091	118924	51074	10658	79780	472	5331	7108	738	84159	54545	1737	3606	64067	27034	2313	121256	253635	24138	53354	60592	3621	54463	9510	51582	528	51633	64092	6566	9056	133383	79831	25769	3798	7102	84108	1376	23648	1859	84255	195827	64849	56990	1827	201176	57732	10020	118424	64699	92799	6464	103	200186	80228	622	55260	10482	6159	84447	3716	9077	115209	7412	824	57650	55139	79885	23114	5783	25898	64789	308	2982	80817	27236	84059	836	134510	84135	7098	10559	134957	168667	23462	23514	6522	3190	10910	123016	282974	56339	29951	783	84706	23300	5598	80975	63901	6778	399665	83473	7171	124045	148137	7775	1642	1499	116071	378	84879	203190	85476	10713	3187	8706	3094	6091	375484	84640	55031	10972	53343	23204	90338	90161	9637	84522	118812	93134	2857	23261	5621	361	8801	7572	55222	79612	339122	1717	79877	55731	3267	6777	163049	5936	345757	57659	3981	148808	51574	4023	79666	84747	116068	7525	254531	11145	100128398	55884	196527	11253	253461	28976	57104	2885	7334	51272	283417	25915	54762	23512	147991	116135	8575	90411	374986	404201	286006	100996455	11022	9798	22906	7267	2894	28970	2130	54880	407738	7378	114781	23258	9276	10801	201501	54622	7026	84924	114792	55693	4675	3638	57698	65243	284434	7390	219348	3556	11122	83931	64218	57573	55340	54413	79754	5657	2547	55660	3066	55532	7442	51321	150472	123096	51703	5253	9814	51441	23116	11179	6721	339448	26128	259230	26071	55219	6992	6643	10866	11116	51075	1903	26140	51024	55670	729852	101927027	221710	283089	100506930	100874058	100287482	53938	57665	10552	80301	103695433	729013	100533182	100874002	100507303	57597	92335	80022	100130522	401612	79154	124905142	56260	388524	107985115	727758	100505687	147166	57212
gtex__amygdala__M002	55471	10181	23129	56928	6915	5689	728642	54903	5010	4331	51071	50619	8635	6301	10858	259282	23644	11284	54884	3309	8481	116984	9603	51474	55761	29945	51663	7185	6433	79763	22904	6882	7629	2065	23013	79091	79990	29121	8518	998	10290	55421	11343	57719	55160	38	27091	25930	56949	27244	51668	57579	363	23645	6452	4849	55608	7597	10296	57192	7051	26277	10013	55280	3189	7593	4242	23616	1565	150274	10633	9889	5706	5875	4776	10732	113278	3420	79868	3750	55578	1203	25839	79152	56942	64428	400506	50804	4125	4066	2091	1628	51599	29062	8985	10467	24146	28959	165	7016	5730	83937	6387	23560	22794	9110	80279	9094	1665	3083	7704	9828	29099	1119	4048	2570	26235	1297	7942	23113	8899	1181	85461	2976	84759	6711	2335	8576	10494	51102	6421	54856	9295	9129	64175	8643	10560	2166	8289	56912	6185	894	80235	55127	54853	84068	9617	65982	7852	10212	29994	60437	5269	57510	583	4495	4502	79902	56261	55321	7389	79654	3276	22863	54487	51691	94101	8924	8930	10749	6303	85441	10844	10155	9026	1786	25926	9584	116983	10742	3996	4148	55556	2874	1116	22880	5977	8536	84722	79587	1514	9988	3178	5270	1593	2317	3142	29988	55755	51754	6194	8737	23650	6176	29081	8608	51380	90381	6457	3687	5073	9785	497190	221184	2588	4864	11322	56931	105372481	115704	3491	148932	55793	11221	52	79169	54465	9391	23020	284992	51281	29926	115286	90113	401262	84310	908	7552	526	2796	210	9328	92715	196294	27315	871	117532	90952	83707	8479	51267	89910	23310	1909	667	81615	3192	81559	129831	10600	64319	10311	26119	200634	7391	8822	65018	8703	4720	124995	117145	55721	131076	5116	6271	51043	4000	93099	79622	220004	54987	9903	467	130132	91156	10109	84283	57018	2921	5437	5364	79722	79778	203238	65083	3636	221154	23588	11164	169714	138311	57608	64745	79101	6881	114780	201161	113174	4141	375607	81605	51148	51755	10449	4597	8085	57701	53916	51031	89849	199223	4054	283234	132158	23192	79089	129303	7336	2990	4648	2353	80305	55657	81603	124583	8841	79029	93426	5859	150678	30008	148203	51162	55191	254102	1106	256643	84733	114897	400986	148014	79683	80227	22877	375757	9832	286262	2290	114926	6051	28232	112869	375189	23141	200958	54503	5426	64787	2314	196403	27335	375759	5187	253650	11336	389084	4600	8302	256281	131096	6525	9735	374659	9968	286256	10519	10933	84856	84631	338657	148254	5757	51393	57697	400891	339451	389541	57801	401541	26155	134637	165186	399948	124602	9725	9883	162993	160	91373	171392	142678	645811	6709	51710	6687	613037	90987	65992	339541	1500	3151	51490	619208	92565	387066	134701	5089	6499	64901	339453	8293	100128946	401089	55779	50840	51239	83463	55739	401562	728130	11331	6293	122455337	84627	728537	401251	101929147	100129060	90673	645676	9278	751580	5863	105378580	9884	280	27297	23779	25764	632	3109	340526	57553	3588	101929402	121233923	100507602	100874204	100507487	441046	728888	100133315	100499484	283177	10597	3145	145438	283547	123706545	9236	23246	100294362	27246	8517	79873	79893	100506516	285796	105369547	117134596	155060	389033	641977	130872
gtex__amygdala__M003	2729	843	6542	5965	5439	3980	2115	27072	9043	5310	1185	10463	9782	27032	57476	4719	2730	355	51306	2530	4052	57492	6307	55745	51742	58508	23369	10758	5318	10787	10188	3029	5378	3843	4638	55248	1496	27107	2263	7813	5315	492	10060	10681	10640	8440	6196	51095	23291	10335	10979	1207	55205	23151	27332	55973	83992	2782	117	9452	7145	8556	8671	6595	57092	55218	8555	4036	4200	7514	9706	57531	22911	2060	79796	8898	118	5990	84678	2734	3655	23231	55632	825	4214	79956	4670	421	5625	4809	3705	5494	79882	9252	57680	23347	4281	2332	22862	80777	26048	79719	8925	23205	1512	2184	55284	51366	5802	1954	30000	2901	8887	5803	54664	5599	91452	7343	64854	8649	7466	23321	2743	7358	6506	10944	8496	79611	8078	55188	7164	135112	7101	10767	7957	9444	3157	10902	23530	10087	8622	9685	900	80006	23286	9555	57222	10051	7375	8087	55081	6787	55683	150465	25801	2202	6772	55818	23683	1615	5334	1386	7840	4139	55870	85440	3953	59349	58155	4297	79109	9870	4329	10936	3437	83690	80218	7750	64786	576	51193	79903	55975	23389	8082	11059	540	57486	466	5208	2181	10564	6780	8675	84899	4694	10485	284800	10236	154796	10054	5908	23499	1892	8910	9732	4698	51105	4705	6874	6535	23345	54882	10656	64087	23167	3691	23037	91298	81846	9811	4212	55119	56907	129607	3572	2012	7174	50640	577	4076	9053	2799	2752	9857	55681	9445	1102	28988	6426	9314	7099	152006	55667	93643	4750	5962	102	403	310	29789	6744	10144	22872	658	81624	145407	376267	81614	9990	2108	10099	5428	1009	9611	54828	6875	55197	114876	57521	2064	126969	5451	23126	7159	8751	1130	4931	94097	23190	10299	153830	81545	57451	192286	57583	5723	8573	7403	90060	27316	6867	51110	29967	4915	221074	6935	2746	120	4684	23284	2823	9223	1456	55691	152485	80014	2555	2674	9910	133686	10160	51351	6328	50807	80790	124540	25890	55740	728577	55529	55326	23367	65062	90550	23522	6529	7804	4643	445815	127262	26053	137964	6651	23515	9813	5701	205	5824	148362	152559	10654	204851	7871	10424	27152	80335	79884	167153	57763	23305	23366	55074	501	55342	9147	509	9318	1200	7184	144100	84064	6786	3516	55788	359948	6774	255743	23099	6383	9839	5986	10477	10491	55890	4534	3752	2110	84275	2186	151827	2628	4300	51030	54205	9338	3054	5970	2804	5797	27333	124152	201626	51319	1488	79772	63893	1351	9699	205717	80205	7182	79718	5339	285343	7710	9378	23513	25994	10193	2131	23336	338707	3985	6304	23236	23705	158358	23194	155435	83943	26985	100379224	53373	9863	5359	340277	388336	79633	6925	4763	85379	1778	5094	10438	23556	10210	54898	5178	444	83699	987	10920	10479	6263	51714	830	55777	7916	286144	55366	84986	400954	388815	5520	65010	101927621	105378763	414243	101929302	100506421	339400	154092	339789	645434	23089	10137	645323	255167	285441	100874047	55000	100506649	51750	147429	338758	101927314	388685	57223	31	100132341	6648
gtex__amygdala__M004	3075	5893	6833	54972	80853	79090	9235	10747	933	9961	9716	5583	65980	26009	2324	7204	57101	89801	10319	3909	2296	23224	57475	57095	9696	11054	51660	51564	23041	10347	8621	8611	57560	51175	29090	9605	23505	23016	4162	862	10411	23152	1785	91746	81929	2017	55624	4799	51433	8079	27327	83394	201294	9209	25805	283638	113177	23170	25813	11020	9978	114088	5931	11040	2564	79726	653390	79848	157697	4946	6223	5143	56006	858	54981	8721	22841	8729	23185	79991	5414	642	26118	26151	22897	79829	5554	80018	283383	2784	26054	57666	5924	1809	58515	3280	23276	80146	4999	22848	6814	64766	10625	23046	57035	55758	6446	845	64225	6950	5930	800	3164	57580	51604	23163	22826	8409	56302	3425	63922	23030	79706	54832	23022	23383	84705	51690	10585	1736	7317	10487	6627	5894	23225	55037	51540	5791	54739	51308	3508	55748	196441	79022	6210	29889	4005	3679	29109	10228	5279	3300	11173	64855	81873	3590	4926	56267	3032	8884	80204	51374	6636	5373	8996	93649	9905	9520	6904	757	5694	5686	1952	27005	83872	128061	79573	29097	9580	6323	8893	285440	25816	9879	6993	64599	79742	6134	80005	4715	90678	80013	2895	117143	118611	10950	9791	115416	1974	90993	79856	388591	115992	148523	11189	57519	23076	23181	6285	23387	84449	5635	10092	129285	129880	10602	23429	23001	54861	79753	55314	138050	155368	220972	220296	8559	23203	7248	116225	153579	79789	196951	6764	90701	5347	4088	26995	51117	23524	55209	200845	197259	11273	521	65110	7881	126669	283899	4493	131616	9720	2018	6773	9788	64080	1798	4299	118487	6169	91749	7388	10209	57674	81490	5708	378708	1139	83869	10425	3725	8225	6415	285908	10194	79813	4869	284459	55666	164091	2621	9284	84206	149563	267002	51186	9146	4582	26013	402573	353322	7626	55922	116985	1282	51547	7373	643338	348645	79844	339287	728661	3146	283970	399909	23061	25788	6584	26037	197342	440295	85028	27233	7052	1378	2664	55251	4855	80863	4439	5150	57139	10215	57194	286827	644246	23053	353149	440270	285095	51025	440400	221786	378881	101927300	100507540	729658	440823	284618	107984921	101927084	91316	100506274	105376736	388789	101927289	117751736	60674	100507557	100507261	100272228	100506866	100507034	101927056	100131434	727956	1650	101929595	100507401	644192	101927233	374887	100499177	101929709	100507377	90024	493900	90799	283710	102723670	105371423	339192	100507218	103689912	105372321	115290	80039	7703	285463	116828	84726	283755	260294	162632	400322	388165	286554	440248	728448	339483	2630	347918	100132057	124906262	150776
gtex__amygdala__M005	55732	55049	54879	2328	1951	928	51360	81551	22902	330	10908	23327	51602	9474	64951	28968	7030	4040	5774	2046	60343	6865	55843	5362	1005	6614	4708	7066	55168	23539	25807	5836	958	55245	1522	26205	7125	8260	2491	55757	22995	92960	79735	56961	54531	29844	2077	79846	50617	79989	64598	3614	8777	80351	81619	9487	51747	26511	4790	23360	867	84274	79676	8683	7915	168090	705	23438	4124	5618	9631	8287	550	33	3336	10153	115353	51253	23463	3749	8458	64960	6675	55157	25949	4751	9480	10965	2281	1	387496	5737	152007	25895	1757	6631	25803	65109	55154	79144	84269	3397	5690	286336	79717	117177	7978	10606	200316	25913	57464	3663	3671	58533	2593	25796	10422	9040	10882	126299	85013	51805	23480	6388	64773	79363	55425	10100	2922	55250	9704	11095	219855	84900	1840	4907	23493	6610	27097	3431	27090	8818	8870	64776	51332	84298	6252	122830	80119	10300	84225	113230	8612	10055	10733	57657	8476	4211	729085	55164	92610	171019	2830	2934	23590	29982	11023	51503	221143	85458	339105	57700	51594	29970	152137	255967	6728	23589	56172	375056	135295	55093	11269	347734	83858	4731	1476	3678	400569	58191	25903	554226	151246	285521	9861	200844	84818	3148	11341	4889	27089	10922	158158	84267	382	53981	389941	221120	25820	5271	122618	4176	780776	93107	79064	4144	207063	79663	4881	83987	201255	7580	153572	100271927	143425	94031	25928	64979	65989	91647	1051	375444	221421	340252	203054	153770	26472	254359	51642	246184	56888	9884	197322	203111	56975	10949	6232	84552	150677	54344	811	64856	81858	340390	79077	90843	388341	51649	84890	55228	285753	9403	7122	220	54732	8971	140597	140707	149175	340371	285600	25840	6450	254956	1762	8519	5501	101059918	56971	100129075	199777	644815	10811	2050	100287569	112479	7088	7741	92714	113835	93377	57708	5365	149345	5455	399818	196051	83849	1616	659	643008	100130958	645121	5699	100130311	246181	727800	1427	79037	113179	730087	4207	79086	100130894	10809	100188893	285830	23467	101927420	105378732	100506392	285758	493812	441459	414777	285958	388849	729993	107075141	103352539	23547	100506243	79897	95	9054	101927612	390595	192111	100506668	106480796	100506169	106478943	100144602	388610	120766145	100506844	26589	101929977	100287559	100507599	100128822	10929	105371735	109729182	100288122	123706513	284106	126661	145783	114841035	105373085	105373289	100289495	124907726	105373273	54055	730101
gtex__amygdala__M006	83741	5238	23584	578	57554	51606	9498	10079	3757	57458	9410	65056	53340	119391	3796	5423	55679	51548	369	8871	54472	2037	5241	29093	5550	5744	8655	25977	645	10914	57060	22861	7093	11332	9524	171568	1113	51292	7165	80331	55738	25939	79863	64743	778	23295	9688	51172	58189	6650	4150	9738	55174	27294	55011	7087	5518	57794	11033	6742	168391	22949	1759	2889	320	1855	5532	54462	5889	23125	51003	54940	8567	7167	26268	730	1007	10641	57501	9381	2274	3241	81849	23266	9615	2891	56943	29990	2971	654231	1211	79039	9643	79586	57468	55653	2914	88745	4201	10799	9521	860	745	9349	80207	9491	101410538	117154	64753	26297	57631	64981	81	84929	84326	4861	4294	1327	2488	92558	80759	2016	113220	11258	79969	56965	10579	51196	22891	9360	306	144165	8499	60314	10150	161253	145226	4152	5211	641649	7226	114783	481	23179	7286	1939	22874	1745	3329	57624	64708	9686	29114	9711	255426	26260	55630	140459	286257	774	51501	57325	220064	1006	5805	288	5800	56955	152789	130940	925	7345	388650	23643	2551	80746	81552	118813	9844	122402	5521	3361	212	10361	8867	516	8997	56894	755	84221	84446	26097	9592	1173	29115	283130	54587	199990	134	54859	132160	10466	221833	81501	116328	145581	11092	5702	121457	322	81832	1528	26253	146167	115811	9382	219539	51693	84940	121268	51293	64223	26580	5368	6440	157638	2915	5604	84632	53917	8233	65008	2705	123591	9229	195814	4135	6919	253782	171024	5499	283985	254122	84153	79703	488	10540	27257	5870	116028	253314	4482	664	627	10522	8541	222183	25970	389072	127254	400410	55344	11248	50863	283870	84536	150209	51807	84319	340542	23762	79135	7625	5138	147645	349136	9742	285093	145873	137392	284338	389073	345222	401994	90835	9612	60312	64771	9260	642968	84619	6714	147906	4644	6120	83694	6815	22834	387103	64978	4795	1639	400553	440944	27040	8906	10195	606495	148413	348262	102724450	124902280	100287718	105370670	105371450	100506527	102723817	441869	728978	115557	152206	101928725	100505894	400456	56110	157376	56105	692247	105369329	388021	100506411	79178	100507588	106660606	100128881	100885848	101669766	404672	118597831	124902204	1556	220729	201283	114814
gtex__amygdala__M007	84058	51265	7869	4057	8284	1355	3298	56052	54480	9846	1495	64848	2978	8625	54929	11218	51167	5141	10565	8218	56666	83642	8578	58476	23033	22894	23139	27292	5829	54890	11198	55105	55118	8220	23543	10490	7443	9692	10398	10406	51260	11151	54985	6422	90459	92609	1155	54922	256227	5764	4969	219699	8036	10014	4126	683	91057	23130	65981	605	23074	51147	79632	51715	55856	135152	5515	3274	57415	27101	5768	79630	2733	56252	57862	3433	92014	8805	9559	29078	90203	9217	11017	221443	8970	7270	57187	11034	79639	83460	7979	84060	64921	3791	10452	25873	79016	26152	7700	64145	7376	8572	4695	79228	5901	27183	56259	1022	5738	3939	8728	51317	9924	1660	9654	79074	1101	26750	7111	570	7507	90871	84300	84811	2542	10017	1558	118663	130752	57575	4547	4704	4060	122953	123920	23174	51651	27043	126374	6135	57645	127018	3707	8497	51542	23671	170690	91272	154214	221935	347517	91782	7436	9919	84504	2209	196383	57512	6868	130074	284312	10309	522	51244	201163	65258	4599	84262	8365	222068	9753	6493	29101	27151	8568	10841	4796	7627	79656	4116	128308	151354	84142	56203	476	91869	9255	51385	4085	26269	10370	7559	138716	4712	219287	118881	7753	119032	119504	51700	56905	55762	10263	3921	2675	3622	53353	3592	25849	123207	4584	79724	3035	83787	5569	29071	198437	2845	7423	29925	257364	283951	6124	9024	26470	253982	79898	100049716	51046	4808	114932	283284	79730	169200	28955	23641	122553	128553	23265	51335	1397	100506504	441061	6900	4303	9899	79943	23299	283149	84937	3858	200728	8784	125704	64170	340120	5770	54834	85012	140612	27044	146540	84435	3182	27347	22909	24	3897	353	642574	286411	7923	790955	388135	645426	6827	10011	134121	100129480	56967	6234	440567	101928000	100132273	158	106480795	57026	401115	101929468	283131	284080	55766	100506282	100505738	984	286189	283624	100505573	101929480	100873202	124904710	101243555	728743	107986669
gtex__amygdala__M008	85477	6401	695	54476	5329	55	6556	960	7133	25897	4481	3371	822	1535	6916	8531	1117	10797	27071	10272	10170	9138	6813	3566	8569	5788	2533	2932	7462	3383	5742	29760	1390	5008	27128	80832	4689	366	8797	3783	951	259307	10859	6510	945	10135	5294	22797	79974	54504	944	81704	169792	1440	54757	64231	51338	3587	10114	5777	5992	8875	10475	942	4820	9595	9173	8807	8942	8609	6696	80231	80008	64333	1026	54436	3659	3553	22918	30817	57705	79651	54897	2670	241	4608	10894	272	3601	1794	90853	3936	3569	7097	11309	23213	5330	55647	8477	7453	3394	6563	1453	6398	4542	89790	6518	3339	2212	64332	51316	55016	23092	79930	23082	85450	6001	6768	83706	64407	93589	27287	115761	285313	118932	2078	57822	714	861	29	3689	3101	1520	79626	6280	6283	3577	54502	64866	1230	1536	57494	58475	84689	29785	3903	51129	147138	1524	3635	3965	5724	6039	1880	3987	10015	116844	5031	115727	64581	10855	712	4973	8793	64859	26996	7096	2810	10301	648987	115207	3059	23526	3579	53829	1436	54988	9021	55911	146722	388512	5104	284759	5265	219972	5336	1438	84433	2214	3111	3108	7940	4277	57126	4489	10437	1052	80830	102724297	101927070	100505566	284757	643529	3120	150372	150142	100048912	101929335	8771	79168	105369147	100233209	100505994	4671	101926904	641700	401134	339874	127138868	105375743	102724265	23601	23380	101927931	284021	101929497	102724646	401577	2210
gtex__amygdala__M009	51364	9940	10233	4593	79645	8538	1829	1356	60529	9620	9576	139212	64147	26074	24137	3568	53904	114327	55815	64799	93233	828	8701	1842	2348	5450	4117	79858	7276	79747	56171	79696	80129	3598	164781	128602	26150	222256	2302	7137	65975	341883	59352	161003	4922	84125	84332	301	948	26298	80705	84073	401551	26206	83894	5547	7225	85016	319089	122481	80125	56964	91807	90506	85452	114827	6097	83853	10788	60494	79925	133690	200132	153643	339145	3773	123872	136332	130540	200162	161502	93190	54768	150082	91544	199221	158787	375307	55567	127731	84229	286207	149499	127795	126820	128153	132671	152110	151651	348807	154865	26266	136288	91147	286464	219681	79841	146845	158248	352909	83659	83657	200403	123355	79740	150248	143162	3856	341019	55561	64446	54777	83450	220136	90288	162333	201625	146177	196996	56673	80122	286187	220388	144809	127003	146802	225689	347736	255101	160777	399949	100288072	83656	10345	387885	440585	138428	389118	550631	401944	389799	144535	257177	1364	401124	341676	100499483	255119	9182	400757	138255	441054	56245	402160	389161	25790	1396	100287898	128266846	728763	101927441	100506885	389333	91548	149465	80086	255130	643911	283152	100505875	221409	161582	145694	124903732	246176	105371267	124906280	339829	440905	101929006	349152	728798
gtex__amygdala__M010	57709	57514	2042	5601	770	2512	79879	55954	5611	7782	51142	7464	9148	3959	10493	1337	9308	11149	6206	51639	90231	1810	159686	84918	1621	84612	116138	5911	140901	25824	23404	57470	80762	92154	5994	23563	10253	219	8916	9107	6647	83442	8804	5202	10262	167410	10814	58527	114569	53358	128710	6327	9531	133746	55203	11096	129684	112495	6782	2776	57497	115509	375323	10163	124044	55450	57456	151636	1849	23379	651746	55109	2173	22853	283209	3251	115708	5092	254225	51435	149603	10791	10116	23235	219738	57687	114900	112858	55970	116535	156	6623	81876	200407	285800	666	223082	1132	84439	9951	64746	57118	80258	3768	56660	6991	92737	643155	4520	160760	6583	55924	54989	4541	4513	4519	63906	4536	4540	4512	4537	4538	4535	4508	4514	6048	390980	3133	100131897	57469	57523	113219467	4539	375035	442319	105372556	4509	440829	91368	5032	112441434	23741	100288846	109729181	112267983	9554	8330	101927559	100862671	92806
gtex__amygdala__M011	64847	51534	7384	2067	1774	53832	9564	108	57455	55604	56113	9689	22929	51171	23409	26227	7042	54209	6598	55964	23313	10419	328	5106	26133	9013	8896	58498	114971	217	2597	1822	9068	3155	10327	8111	80148	9904	79934	10608	2123	5605	51234	6192	54857	84152	7691	5111	79710	183	80896	28969	10588	56262	10413	84925	57161	128346	6258	10899	275	55651	54511	221322	79034	10280	7316	219670	2697	146556	9653	26207	84532	150946	340348	2539	222229	126668	57326	79443	222389	90809	55839	440026	729359	1877	388753	80346	161823	285966	27115	51126	6573	57804	79915	284358	23625	3418	8214	130502	8651	51741	64757	3006	9901	23660	11194	8528	285141	340895	29902	55851	124906608	104355426	266655	101929372	652968	112817	11344	927	100506581	54460	84798
gtex__amygdala__M012	5954	3074	10147	6389	79157	55687	2937	64840	10240	9325	26015	5157	9639	2217	64115	2762	7265	28972	5510	51060	8702	10199	56731	51614	6487	84286	25953	5338	55201	29893	26284	1802	93611	51280	54606	2766	58487	8836	6895	6187	22980	92579	112483	114804	23421	56950	81786	124446	79705	5710	29800	23623	115950	6447	374875	56947	27247	79058	53838	51545	6902	84978	7064	682	22885	54968	284485	7318	29944	10587	391356	400451	885	10445	285193	6046	255919	4722	1241	100507057	84320	58496	100506365	101752400	6139	112398	6880	729873	105221694	6905	84809	84773	101928079
gtex__amygdala__M013	51330	23166	972	10863	81671	26986	5996	51816	3594	402055	28231	3055	3718	57817	2737	1075	51296	1154	1486	1441	80127	7045	57413	3071	1948	718	3976	27180	15	9473	84034	694	29923	23392	6727	340351	137872	6835	10205	9050	4900	5900	1234	115361	55220	27306	202333	6850	51647	3576	929	2357	54811	3603	713	5707	23333	92369	4261	23580	399664	23764	158798	11006	387712	1121	340719	12	6693	9086	9909	114769	199	400710	79583	63940	255374	107985194	101927532	720	103752584	101928134	83593	100505495	122539214	11276	140	100506012
gtex__amygdala__M014	1890	27122	25771	1739	1471	10084	65990	79006	27113	10430	573	5216	10675	8704	11340	2868	30833	10365	117166	4357	7425	1854	50632	54958	80758	84330	84991	55177	162494	128853	387923	57407	123803	57805	5745	10603	11282	6427	284996	55897	57348	94274	2495	51282	8722	80324	9377	51333	84333	126003	7325	90135	10509	5034	4828	100289678	51451	2968	1454	101928527	100505771	79148
gtex__amygdala__M015	79658	37	8106	10278	3299	4924	10226	56654	3485	60672	9670	8835	5335	6597	1315	57639	4609	5861	3801	90580	8991	10456	170954	84735	57647	80097	54726	2923	686	5441	23042	22864	71	27124	79892	26058	7917	10379
gtex__amygdala__M016	5291	949	43	54498	55506	9985	1445	79036	51086	64794	51119	1678	4016	25870	9885	55654	23452	9550	3033	51279	79631	57333	51473	130951	58526	57171	54815	4330	3185	8493	57834	124842	55343	2870	728730	100505881	64968
gtex__amygdala__M017	56603	63967	5816	103910	1135	10053	151242	6999	25859	23569	4868	114801	65991	367	554202	60495	5142	375790	728780	105374235	101927406	105369302	101929544	104310351	101929082	101928087	101927245
gtex__amygdala__M018	6540	3149	79175	10478	8846	2717	8131	64788	10848	56917	27429	8089	10400	55362	57559	145389	93343	29980	131601	51246	10229	93622	3177	5886	64409	593	389741	79922
gtex__amygdala__M019	26993	65993	7760	23351	6901	9149	9355	10553	6484	54516	1647	376497	7322	10650	165257	3087	2256	5654	84331	728294	168544	27439	7469	127687	51157	439994	102577424
gtex__amygdala__M020	1175	55749	55726	25996	54997	4345	55862	27077	81847	56122	55269	56897	56984	91833	83608	51125	132	7791	6632	5272	152100	100506826	57461	2738	81488	728841
gtex__amygdala__M021	83641	10110	30850	11155	400961	5158	84915	11226	54842	85445	154043	9836	9134	222166	8632	9824	100507336	100873947	100271832
gtex__amygdala__M022	54814	54896	55718	6894	30	23428	28992	80349	221960	51631	2199	58485	1503	201965	80213	57540	279	8641	100506070
gtex__anterior_cingulate_cortex_ba24__M000	90529	889	23072	8379	3382	57679	9108	381	26073	204	23028	84254	7982	3980	55904	25998	3675	3674	51573	6833	163	8913	55750	57157	10926	9912	60528	57787	8522	4145	9254	8938	9091	6853	57172	1951	4784	5310	23221	5081	10747	51533	22955	2534	11313	1185	26993	54902	5725	8193	9066	23177	30845	57709	112611	1195	823	10463	9782	23386	27032	22902	4331	9369	51507	2554	55655	55778	57476	11215	25901	29781	10953	9519	9774	286	578	7260	56052	321	79645	8439	9172	26009	9099	27430	23274	79567	27067	1008	23026	90326	9440	3937	5431	4134	57120	9734	55885	55187	55040	5982	81037	23327	91522	84321	54477	23105	55745	23596	23095	140689	84957	114800	5218	5923	816	55718	493	1608	84256	5188	5128	6515	55359	10076	1001	81671	124925	55588	2817	51768	54929	10347	55711	5378	3843	3735	55633	7089	8621	5141	1496	6602	25791	27107	2009	4649	782	5315	5590	6857	89795	492	79990	55593	2182	27238	10235	57560	10294	8514	483	5774	6710	440	1258	490	8440	6196	54556	26528	29894	55117	51109	87	7224	2011	51095	54847	8907	6605	10129	8301	4905	23332	1207	5522	59277	51175	9671	3785	8672	9462	7587	4140	1739	55973	25956	9733	22920	22978	4162	5915	29089	2975	1781	4133	9063	54715	117	7419	83737	3991	2222	3835	2037	6595	3781	5891	4208	65985	9812	93664	55322	905	57579	1310	23136	1741	3776	4986	4779	23085	11342	57226	9706	3842	5026	81550	84273	8668	3030	966	57531	4216	22996	55054	55624	10573	56605	79796	94005	2775	55239	2778	339175	8570	2036	23348	1795	54675	23368	84678	26074	6175	22895	8315	2521	29965	23193	57062	8425	29888	8646	8761	84196	2734	4897	5172	1738	23335	51168	23594	26575	55072	8487	57556	139596	1725	29911	372	10580	1390	6732	28978	988	7738	23031	5714	1153	4670	5064	421	27037	51586	23759	23544	24144	9681	9701	6305	4744	8897	4627	80020	5816	79734	6767	5905	51199	283578	10598	23002	3705	1983	4522	79882	7443	5875	9837	22981	3172	26164	5688	55738	1137	1917	11237	10139	1457	10483	5173	5332	9371	128866	140679	8715	1478	9949	5358	5931	2332	7355	5230	84061	9468	2245	3356	54602	81602	23295	23361	3299	5595	5257	10204	80152	83752	50855	80777	7249	26048	4363	408050	79791	10273	7329	1428	23062	3163	653390	4150	6810	23420	51760	79719	10391	8925	8120	4948	23312	171177	79848	79752	7976	4683	793	55284	3646	23484	4741	1891	6625	22870	6511	898	2821	9253	79187	11100	7297	11140	8775	478	5802	374882	30000	3780	5296	5143	23373	93436	79036	9512	79872	64327	7472	10049	1124	2887	6804	2617	1174	113263	9678	54927	51422	26468	22949	64420	55664	23081	1993	57582	7306	8395	54926	7763	3257	11196	59338	9806	10367	8729	57584	91452	9211	28964	7343	9110	9570	8402	708	1655	40	79132	9343	1949	7531	26118	26151	10874	5602	1998	8821	2483	55296	7468	57620	2743	7358	8882	54414	3263	22897	26273	79829	5002	55531	10944	9600	2965	8496	65981	9761	81566	10645	65117	51699	8437	5985	22818	4839	1108	56994	2026	9847	1911	55188	55003	84830	57515	135112	9750	4988	6428	221692	26268	221662	81491	10767	9896	57221	117247	84498	56940	55754	3617	2030	59084	10279	3156	10087	9685	5924	4001	6500	9555	10915	80315	1627	90249	84100	55186	7375	8087	55081	523	50512	57501	64689	51555	23007	7433	1981	6508	55683	81562	4691	57669	2820	7781	29959	51130	25801	6869	10314	55120	2744	23301	8869	80146	10494	3241	22930	8604	6432	7072	2043	23463	57535	4985	271	80267	55870	9181	9829	9927	7799	79814	51086	55700	127700	149371	84618	51440	10000	23266	6675	59349	57576	5129	6513	8503	57821	9890	57035	3925	56181	57488	7139	1385	4033	57558	27145	1268	81573	84251	5325	118427	57539	23314	9270	79109	57706	9870	51004	53335	26507	4601	60370	284058	1394	84918	56243	55068	11193	51307	5357	83468	51019	1191	1135	83690	8405	23024	80218	576	2170	3208	79712	22987	57179	51744	79903	57489	27241	989	55975	29960	11130	11113	11059	5585	540	10102	51209	79809	5393	3787	51604	6780	27304	10617	55577	10396	23326	8239	29993	6903	81578	57699	6310	7913	9208	23019	7737	23163	60386	10485	84172	2892	24139	80025	9491	10893	8242	6487	3831	55795	10054	3661	1446	5582	22890	55288	8021	3188	51309	64768	64919	5300	23352	79939	58513	51764	6597	7277	64921	57168	25775	92521	1123	2571	55930	8854	1854	54982	10776	9526	51105	83448	58533	2258	6861	51337	1804	9667	547	51429	84816	83861	4301	170463	10439	4046	1571	10298	9885	445	59335	10585	1786	6535	139728	7776	4037	22927	23345	84905	23229	23199	7187	64432	9467	3748	47	8500	10948	10656	57343	83636	23167	64208	26057	1984	1742	54496	6754	9826	23208	9633	51761	23281	10810	1131	4628	9201	10250	84250	10313	9215	66035	116988	91298	79572	84332	51520	3612	23075	81846	9645	51669	5977	23508	891	25917	27255	10752	7482	10390	10717	56907	79022	57498	29841	57614	84991	85019	284252	9363	9698	1837	25941	7174	6733	25821	577	22881	10492	57231	112609	2045	55226	4076	517	9840	2583	10956	9053	54806	85021	8291	6553	80003	3775	85397	65080	80705	26122	160428	55681	11137	5100	79621	23143	4008	9445	55270	9805	9771	1607	28988	80727	10241	4836	6426	6434	64844	2058	55627	84317	2572	10006	10730	1025	10244	9373	3590	55833	152006	51754	116113	63027	7172	9873	338699	29088	23213	4750	5607	23005	51103	54839	27229	80021	80031	8412	54874	8634	26160	3795	51626	9581	10128	403	6775	29789	10152	83478	10144	55435	22872	84162	5910	53371	55589	80144	950	57619	5530	85352	283358	51067	144165	9746	6843	196500	1848	282809	7786	55716	7009	5925	283385	54509	6751	4857	81542	376267	123041	81614	9990	6652	11001	10363	49855	55466	5428	79068	7385	91807	94160	3801	1012	89941	9611	8844	55275	22901	1213	6875	55197	114876	29919	409	50488	432	396	10966	6904	494470	54808	773	6647	351	9980	59283	10498	55244	402665	23038	5567	90874	29922	64326	5546	23179	4170	3756	55061	7170	65123	9859	116841	151449	27436	51057	64969	129804	3899	11249	6323	57282	80856	151126	51454	5746	9686	79137	57574	80852	152330	114884	84892	57552	285150	9515	9353	2044	817	287	285533	8001	1016	170690	5295	1404	5066	23092	9879	153830	2561	78991	23138	57451	10667	27242	51390	26230	57583	9589	7432	5814	55262	11011	357	51631	30011	8573	55634	8473	5631	3358	55246	55909	6770	54904	6129	55638	29967	9166	340419	84294	26267	114789	90678	92211	818	80313	92170	79096	84364	726	5058	4684	4863	26007	84866	738	226	8448	22866	53942	143098	1740	1737	3708	3742	7068	121551	288	9223	9472	2132	10873	5800	143187	1646	54842	79750	2555	79668	221336	7073	144423	130340	9910	79596	498	55521	5213	2893	285313	56955	4154	133686	53354	56978	651	5796	9453	25859	9412	152789	9425	84910	6328	51571	50807	22878	25827	7342	5789	80790	80309	163175	116150	26256	7070	1010	23461	7345	2849	8470	80746	56934	27123	55529	55326	55361	118813	27201	55027	23367	2890	56776	9844	134353	10670	92370	6503	116442	286097	23426	3798	145483	3778	23552	6832	60685	27020	137970	114907	5261	23355	6750	9372	491	6529	3084	7804	261729	9069	11269	776	3815	55799	54778	139221	1859	2114	445815	9162	9478	64897	26100	127262	388591	8450	9334	130617	56946	137964	4681	9191	2039	84134	57805	2035	54461	1827	57369	5763	7062	60313	1487	29	284348	55108	131076	54020	4047	5116	23181	3275	126526	23387	1141	23623	10712	51160	9684	54784	51149	8878	5701	1857	93099	6427	113026	1973	197335	80178	57465	22941	8986	1996	5563	126755	553115	127733	105378803	8707	22854	148423	127002	343450	3765	93185	8682	5824	79762	64216	51127	347730	51072	3754	3760	7447	115677	200373	6944	152559	317649	80128	152110	64343	2199	23114	23122	151987	8618	23001	166336	7871	11102	78987	285368	64419	51304	54585	51725	64769	5437	59343	55764	8314	7086	50650	4241	133308	10424	79012	2912	80335	8492	132332	79884	26269	55255	3360	2898	114801	23366	348980	10466	168667	285613	1508	27012	114788	7534	79870	25879	158326	54704	91147	79698	55342	26130	65268	7415	26050	94134	51084	63876	9147	89890	509	8559	7417	402381	23172	23203	7248	26012	55088	145567	9702	112937	84936	2200	654429	8945	55323	79803	9318	2562	55800	717	3419	222865	7702	5579	8509	7084	567	9640	9665	89797	6447	222950	23582	83661	64400	2923	7008	57611	1398	84064	7644	146713	4645	6786	112476	4218	784	90522	80700	84717	10501	7775	6730	54949	1642	6520	199223	10980	5049	4992	55788	125488	28511	7266	57215	84684	23192	55806	23255	2675	8754	9677	10098	27065	3354	56947	7386	126129	5865	10636	114787	8988	25942	5747	6335	169044	93380	196074	283899	83640	1816	64118	9079	7360	5099	1501	7480	51621	9758	1107	10477	58485	220988	143162	166614	91752	79697	57148	4862	26145	3790	11214	79145	9788	26115	5569	3777	11076	55144	5356	1826	22883	57449	10243	23261	4300	83660	11346	83452	54205	10605	7690	2783	9854	9915	9338	54971	10125	1072	283848	51162	26960	541471	10777	65059	111	91749	256130	79102	10534	90441	11163	64802	284131	57674	23333	6712	285704	57495	10594	148979	253959	55055	170261	26047	442117	158038	582	400986	148808	90806	11041	9610	201626	51319	155185	170506	9435	132112	22843	10025	9776	9537	56675	5771	64770	79772	57628	10458	63893	9807	163126	84277	283377	254531	197322	83869	284424	2902	9240	140775	5426	157807	80205	347862	7156	29928	64110	441951	125170	7182	79751	79718	23283	79605	25945	387856	140461	389812	285601	92949	4291	9659	1662	2731	54681	55175	2066	54913	57184	7284	127254	80169	9500	10472	242	645212	139065	201164	84232	220202	91663	284023	7710	9378	22928	400120	221687	85453	151963	374860	64388	84698	23760	25994	1129	155061	9625	5912	90355	10193	79673	5571	55228	51363	25834	283989	2131	81532	8905	785	161779	3838	23236	4692	7267	9312	55794	345557	6000	9112	161	18	64478	5877	158358	407738	150209	146754	3786	64061	254887	645974	162239	5142	4753	5413	56478	7327	23762	9823	752	6092	2972	56899	64409	8558	266722	9146	80233	26013	9899	10336	5034	54014	4733	56479	10933	5833	257240	146760	255022	55599	23299	84859	220107	3852	54103	10623	345079	340529	2558	4675	23621	728621	3840	54331	27445	23040	84981	144233	139599	613	4137	387978	55182	23270	79659	375612	7874	378884	28986	26059	94107	10507	116224	29978	375790	5575	2844	1121	84247	344901	375567	144404	23029	23036	5649	145853	399827	23254	23708	400745	139735	11122	26010	2917	3376	1604	1995	55190	51466	79693	100289635	51434	399687	165679	4122	8912	55684	57473	4763	961	6334	3914	23365	100129858	160	199704	309	1778	27044	5718	140688	135398	8831	128486	84301	400591	171392	104	55753	142678	4644	10533	57799	10242	955	6709	8733	6687	26052	9228	140885	57209	27300	57708	777	54870	5178	340578	50618	10724	158586	51062	10920	6262	27347	286319	10479	124930	10497	81706	57154	51714	9853	830	9055	221002	9755	1756	64423	9293	55251	286411	221424	124900275	340543	55680	84243	26095	1616	63943	4758	728215	7916	440894	116437	11138	653316	2550	1639	3104	79583	286144	644096	6643	54458	100144603	100506731	414918	101928906	91750	9946	403313	10921	503637	55779	8292	440944	28638	339263	283673	84258	23636	5500	100996307	1454	729399	26140	79729	10809	55384	64506	400954	441204	84461	285696	440270	283514	285780	100131390	100128264	5520	84561	112597	378881	728190	118460	642852	105374235	285954	285878	284930	729467	105373377	400765	107985190	101927406	105378732	440823	150538	101927621	389634	100506714	107986806	144920	101929428	100192379	339529	386597	284757	124902439	643837	642345	100996635	105374322	105369302	100506274	122539212	101926971	100506679	100505664	284798	107986618	414777	100507562	101929596	285084	100132948	104355152	378805	100129620	101927590	84973	150786	339260	107985040	400238	102723817	729178	257415	8629	100996342	100132891	150568	390616	84968	101929247	441094	1159	100506866	101927891	729993	105373390	100189589	101927609	440132	343171	158	399829	57665	10093	101927832	8577	23600	23089	9907	161497	56134	84450	101928376	10443	101929066	728084	338817	101929423	400456	101929544	654790	101929237	342184	56138	285626	5820	100507043	100508120	100499177	91948	729305	85358	441046	157627	100507341	102724623	107986898	552889	5591	105376541	107986980	54551	101929473	399959	254559	400046	196475	3145	102723895	26065	729911	101927751	29890	103344931	401720	100507534	106456574	100507050	645355	148189	339290	100505576	140735	9939	23380	284276	80755	100996660	284408	101927943	101927151	400622	56936	105372321	8517	100505761	152217	338758	283483	107986100	80039	26220	123624	389856	390660	57223	100287808	389741	31	102724859	100132249	100130148	283267	101241892	100846978	359809	401442	105374338	105372079	729732	6905	55056	124903183	105376121	105369588	124902301	124900989	29798	101927278	105377727	124902606	101929748	2831	105377294	106660612	84820	84278	107985911	100131998	103091866	100132341	286554	246126	441666	729375	102724316	728554	645784	728448	554236	493754	2630	64940	5380	440934	57234	654466	6648	503639	121456	105373383	79986	503638	113157	57212	644050	80862	728798
gtex__anterior_cingulate_cortex_ba24__M001	54677	5164	55049	6863	6915	79090	2328	3720	7869	4057	2137	8284	5238	1774	23649	81551	7204	54896	8481	2824	51606	2978	10319	5601	55749	23041	23063	28968	57143	55726	8625	11218	4904	8653	79641	80347	7030	22933	5837	55658	26986	2046	55679	55743	56666	65993	6865	29090	55843	113457	7374	54518	57455	6932	23033	64744	55230	51171	8544	57017	6614	79175	8655	7066	2271	23428	7042	55862	8697	54566	7093	1592	25805	3189	26517	4320	8220	89781	23539	150274	56993	10633	55954	150379	25813	9889	10490	57452	9894	26133	958	10732	10406	116092	84557	7125	79863	79576	340554	10389	8848	1203	57149	1723	23417	55313	80381	9694	27294	11184	3191	92960	4066	8677	84167	5438	23217	7087	5518	22983	29844	5764	50617	6878	4899	727	4969	10488	8721	23064	22841	64115	80351	79176	23560	51195	51003	64149	9267	3959	2648	10014	5957	4126	54433	91057	23788	23130	867	29099	114971	4728	10536	605	217	11103	84727	51020	51715	26235	10973	7915	55856	135152	51053	705	55914	730	3157	1007	5618	3274	84223	7867	25981	8576	10153	51253	5768	127544	28956	90231	10745	252839	8564	5929	9129	8643	23184	80212	27130	56252	57862	3433	79591	89866	39	11340	5533	29990	113452	57413	84083	9956	54537	80148	3181	3624	8805	5552	55509	90203	11017	6631	4201	583	23157	9953	399512	7270	79144	5469	7053	4435	3397	5690	79639	23263	25824	10436	83460	5471	25913	3663	6183	8924	5338	25938	6192	5819	10452	55695	79016	64981	51690	81	26152	9040	91574	10882	126299	1327	29893	7691	84261	5468	5901	51805	23480	23135	6388	27183	5111	56259	1116	25778	55425	8471	28992	54663	84626	694	5738	51303	3939	2922	9704	219855	8728	92558	1840	29923	80759	4907	10220	9924	23493	53630	84284	27097	1593	23479	9882	3364	10588	1101	3142	26750	7111	570	4609	90871	2766	3159	6176	5876	5861	1558	118663	9360	130752	57575	11107	1950	84216	8499	84298	92979	85478	55206	65082	57161	145407	122481	79661	8720	51651	80000	115024	1292	126374	90580	51070	10256	6135	266675	148932	8543	1952	57645	51093	8991	11221	25912	245973	6637	9391	23671	55502	9389	55164	9711	5558	221472	84630	64434	347517	26260	50814	6134	91782	7553	54801	220869	414328	6835	28989	286257	23590	6251	11023	84504	54805	7761	117532	84623	149951	221143	196383	339105	57700	101	6868	291	55835	83734	10172	152137	255967	10309	51128	200132	146556	4900	55286	84033	23643	201163	65258	333926	133383	1633	122402	5097	1915	93594	3361	7567	4599	84262	150946	55698	8365	340348	7484	203260	27151	5152	4731	8568	326	54058	84885	26097	563	9592	126321	400569	2256	7627	220004	283130	4116	51375	114548	25903	129285	128308	126668	10109	7048	213	84818	79443	9255	3015	51385	25886	132160	11341	54468	6522	138716	55335	155368	139324	4712	220296	221154	55172	219287	118881	26287	53981	389941	3747	1152	7753	196951	119032	119504	81832	5271	146167	219539	26585	10229	79759	79001	121268	29785	51293	92162	1877	3921	116071	286133	200845	6890	93107	91949	1128	3622	79064	4725	9836	3592	80723	2915	521	79663	4330	83987	201255	4493	79724	55038	195814	94031	84522	29071	84233	198437	79029	93426	92342	54777	566	375444	10978	221421	80011	254122	23491	60495	26472	7423	257364	6573	81033	26996	200933	283951	254359	201232	7368	11146	125988	26470	253982	5708	4482	79898	7694	246184	28232	375189	284358	23625	6470	57453	100049716	203111	4808	222183	10949	6232	205147	26251	200895	100506127	79730	23580	340390	55017	84922	284273	126375	286006	389197	388341	100287171	168544	399664	51649	84890	219790	28955	23641	55344	29035	100506504	145748	552900	51118	441061	29796	220	8971	140707	10519	27124	51186	374395	113146	254956	84197	199974	338657	84937	388567	3858	101059918	252884	100129075	25794	147645	200728	957	344905	9742	342977	3006	339451	285093	137392	3014	284325	340719	7730	613126	10811	345222	1364	4128	90835	6829	9883	55340	5770	5657	284739	9819	731220	132946	85012	23660	64771	219623	147923	92714	6714	113835	84435	147906	4828	85236	388585	127687	283420	27233	90987	7169	339541	4194	9086	2153	149345	9666	8528	387111	196051	340204	659	10471	7923	8859	80737	114769	90333	57540	7932	790955	401431	100289678	100130958	339453	55851	5699	84324	9289	388135	150383	10215	645426	246181	4539	163486	9311	51239	91664	1241	283	100130894	92482	100188893	114044	440400	23467	221786	100505696	101929407	51406	101928527	56967	107985228	493812	4509	401251	101927021	107075310	768097	388789	151484	102723508	100506527	117581	6234	440567	101928537	266655	100129250	154790	339400	105378828	100132273	387723	728978	107075141	9884	652968	51608	280	58496	101928085	100506243	57026	340526	11037	401115	64968	9054	85014	100289187	152206	101929524	284080	55766	100505678	390595	100505738	100533182	100506668	550112	593	56135	102577424	100506169	106478943	283140	401172	152742	162972	388610	927	100130155	90024	101927503	100129129	101928069	161582	120766145	283624	124907392	53840	102724814	100130855	109729181	100507588	100506581	106660606	100287559	100128881	107075172	100294362	10929	105371735	201477	100505797	83593	54460	112812	55957	100131691	105372476	100073347	84548	401612	728841	284021	123706513	11276	440896	284106	29964	283876	101243555	100506710	388963	117134596	114841035	107986669	112267986	56260	105373273	221442	100131320
gtex__anterior_cingulate_cortex_ba24__M002	2729	843	10181	6542	26224	9855	9043	6482	7812	54476	1634	10138	1272	477	4719	3298	23633	355	5583	51306	57514	2530	5981	1462	9765	54908	3371	54884	80243	4052	57492	10198	1112	51742	23224	23201	58508	23369	8975	51564	10787	10188	3029	10203	10565	4756	7132	2261	23250	221395	10060	7049	54916	10640	8218	79364	57704	23161	79901	6720	64398	23291	10335	83642	10979	6480	55205	23151	27332	285527	83992	7155	23032	7107	2260	5527	9452	5108	6507	8569	7145	29843	23152	4983	1785	23431	1005	57092	8555	56113	23239	4200	22894	91746	546	9522	8895	4799	8898	7205	5990	5775	9843	2802	27327	3912	3655	23231	55632	7430	51430	79956	5442	29801	23384	1727	55007	23209	63874	5494	9252	5360	655	23347	55125	4935	5422	4281	10735	5251	23205	1512	7082	7227	51366	22898	1954	83743	56006	5445	858	3955	8887	5803	54664	2737	22849	64750	83871	64854	27309	1182	23321	26610	6506	975	79611	2735	80018	283383	2784	8078	23328	7957	9444	26054	56133	900	5515	80006	23286	1809	4090	10051	51421	3836	25852	8850	2632	26084	4820	6787	10096	85461	79745	55704	2202	2335	55818	51652	79954	1615	390	4780	64766	58512	85440	23046	81849	2152	58155	55758	79947	8289	4297	23120	84886	6418	51552	84263	91754	4329	10936	64225	57678	55717	10672	57480	92344	51780	317	23435	7750	10804	64786	22865	51426	5930	84668	800	8034	23389	8082	3709	57486	466	29994	57826	79934	10564	8675	6745	84899	54520	284800	6238	11190	154796	6776	84239	5908	5787	5782	4698	4430	54832	1032	57509	23383	57572	6874	9779	64145	54882	5914	64087	3996	10489	23225	55037	79781	23277	3691	54739	4147	10208	57511	90627	201266	55748	23037	6272	4853	4613	3572	91768	4038	747	9415	9071	11095	324	50640	51317	8763	57224	2799	1368	183	2752	9857	57695	64114	1102	11143	51133	7099	55667	54843	27314	10413	440279	102	9411	8884	80204	953	22891	79800	6744	2247	658	347902	6636	114795	84915	85439	2108	9785	1009	9905	54828	2774	64762	6563	94015	57521	54877	2064	60681	90378	473	223	5451	5298	23126	7159	9898	27173	1130	3707	2052	9580	94097	2177	9039	8994	10840	84276	8893	54532	10299	4651	25816	9140	84466	10146	64599	57502	27316	80005	11160	6867	137872	51110	7013	4915	2040	221074	6935	2746	120	85449	23284	2823	85458	23657	55768	1977	55691	2059	152485	4306	80014	114908	2697	10160	7402	51351	5352	166647	5937	154043	3773	1105	124540	25890	23043	55740	728577	4685	9989	147495	51633	29761	65983	388272	65062	6103	9791	25921	23522	55707	25966	257397	10163	55179	26053	9753	115992	6651	23515	9813	64699	7109	284086	116238	84449	222236	2905	284361	51727	8613	3716	64123	10092	148362	55083	4760	56916	10611	2565	57326	6565	23429	54861	26354	56898	5364	54726	202151	153733	22836	167153	7098	23305	54329	7559	55074	501	57462	286464	538	143279	220963	219736	57447	143872	283310	154810	255394	8539	1200	6764	23306	51117	10999	51704	125058	10449	8085	558	114823	729359	21	23524	956	55209	3516	359948	3800	11031	11273	6774	53353	375704	367	23099	126669	200894	6383	9839	23119	5028	163590	9283	10491	10678	2018	55890	222008	84437	1901	3752	2186	55729	2628	5728	51030	2845	4299	3054	4615	22992	54625	2804	5797	27333	112	57659	389524	10260	124152	6731	81490	1488	56674	79666	2290	9699	205717	196527	3737	253461	10425	57085	3766	5339	114798	5198	160335	23241	2262	285908	374986	169200	23513	79813	5890	6472	23336	338707	55666	439921	3985	6304	164091	221178	23705	164684	754	84133	23194	5504	5101	9968	155435	26985	25840	4582	89782	84631	347240	100101467	53373	5465	7003	5333	222194	9863	338645	51547	10123	340277	388336	339287	9516	23450	54510	284697	100507206	132660	728661	90321	9901	284443	222553	2104	7582	307	388566	163227	5094	10438	23061	26020	79027	6584	81031	26037	10210	163059	5253	197342	9356	23230	54898	7620	83699	285989	9060	22834	5365	6263	4215	9848	55777	780	5150	57139	6453	57194	23243	440503	353149	1654	388815	53822	101927027	101927300	101060691	100505641	284618	100506885	196047	102723854	101929302	101927289	60674	284900	339789	415056	645434	112817	727956	347689	10137	645323	100505994	101928176	6414	285441	100874047	55000	100192378	51750	100505573	147429	10418	200030	57597	284565	149013	79148	101927314	100101267	100129550	107985177	283755	400322	388165	440248	3139	339483	347918	100132057	124906262
gtex__anterior_cingulate_cortex_ba24__M003	81887	4074	56603	10180	55610	5976	5577	10943	23077	2115	55735	29116	9862	54497	7095	25900	3097	55703	9604	25960	6683	114879	2273	9921	64429	51071	11171	55591	9497	168850	23518	51528	9498	84067	9709	57602	10758	9474	57504	29927	4659	54432	65125	1431	22998	10147	55176	23216	10797	4802	4287	9950	9650	387	865	24140	27248	5597	10681	4925	5217	9993	1459	9948	8726	6624	60	23609	25996	7163	32	57103	2782	9984	8556	1653	5794	8671	10847	9933	5663	56650	28962	11266	7514	56910	7760	2060	29887	80271	55696	54469	56970	10059	51290	2280	9962	55614	10961	57655	55760	10558	51726	16	11069	23256	25831	9878	4436	4214	51322	3983	23786	9463	10043	1120	5836	10175	51382	26520	9786	51676	55245	23613	51098	23394	57761	81502	23509	57144	9675	26051	56853	4168	81617	26512	10664	79650	29070	55697	83693	9100	5934	9810	123263	25963	50804	6422	6788	54332	55156	427	4924	2068	55621	81857	333	2901	29062	11112	95681	10652	7458	80709	2022	54662	57589	657	9562	7511	8453	4927	4355	5573	5376	4790	7323	2549	51166	29118	27339	10612	26973	1982	4928	41	4891	10988	55110	23329	56890	57122	7167	4739	5467	6908	8899	10902	23530	8622	2246	373	79770	5917	1452	57222	604	57088	56655	6772	64895	10190	23451	25843	3069	5334	9167	5000	1386	2956	7840	4139	81563	1429	64960	57568	34	4179	533	10560	57134	25936	5955	22926	9331	64747	5524	26094	58517	1788	25940	7010	29126	6950	84318	80209	7181	59342	64282	55791	92	29066	343099	5395	51251	5033	79039	2181	57169	1908	1434	4552	5184	10199	83732	55026	79143	84266	64412	128637	4149	83786	51119	8678	10131	64430	117177	23065	2770	65997	54487	10739	813	58504	3712	91860	8930	1635	23639	3609	112487	81533	55274	57693	25926	4772	7322	55860	5894	10989	23558	22903	4678	93611	23111	123811	83857	22800	8650	1965	55140	7428	148281	51535	79577	2012	85004	51765	55250	22873	3703	51347	60561	6885	10677	9470	55654	9648	1910	28969	57129	11311	2800	54840	79731	6386	5962	5495	51374	54536	51196	79675	51191	3184	55212	55132	79807	91445	5830	4060	145389	112840	10516	663	7090	9960	55070	5045	84656	80816	27043	4089	6455	3454	10026	22823	9869	2590	29097	149111	92906	23190	79634	493911	85403	66000	81608	93627	92345	6167	81545	10318	116843	6567	4841	526	54886	23245	254427	220965	26091	118924	196743	710	79780	472	10525	57325	51524	79869	140710	7108	54545	5305	23457	64067	1909	121256	130074	253635	26040	57724	134359	23171	24138	85445	10283	1601	64682	60592	3621	54463	79705	388650	9510	81552	51582	64092	6566	7102	84108	119392	3098	23648	84255	56896	84919	79053	3460	10020	10785	23308	6285	6464	103	200186	84939	80228	6132	622	91010	51005	81570	10482	6159	114803	7398	10380	55220	824	84542	27185	129450	129880	55249	64320	27148	79885	5274	3428	5783	132204	2992	26043	64789	79982	63891	256471	2982	90826	84059	134510	84135	134957	23514	23353	81034	221656	123016	259217	29951	783	79101	119710	23300	57494	23423	115811	7184	124491	6778	6809	4088	10982	399665	2801	257160	7171	148137	51031	137695	1499	4054	203190	85476	153241	1876	3187	90693	8706	7555	375484	2720	10972	23204	8493	79188	90338	90161	9637	81831	26156	598	5621	10201	257019	28998	79694	93550	1657	1717	55731	5707	3267	6777	8722	345757	3981	6124	3177	152815	256356	4023	84747	116068	7525	55884	23141	153129	2885	7334	25915	54762	340152	23512	284485	147991	79077	8575	120103	255252	22820	7485	9798	56963	23265	55256	22906	9628	2894	147372	54880	114781	23258	116447	9276	10801	4700	23768	54622	7026	51326	5727	114792	5501	11118	23275	57698	339327	284677	284434	7784	284521	50859	57573	79754	2547	55660	3066	6925	55532	51321	92070	10865	221785	11194	6799	124411	1803	51170	55153	11060	23054	338811	23116	23127	4976	9909	11179	55253	7150	6721	339448	642574	2812	503542	387066	26071	55219	1290	90233	6992	83538	6311	55366	613212	255919	11116	414919	51024	730005	23053	606495	221710	554203	100131801	100302692	6892	100506930	100506421	7726	92249	101929372	102724768	103352539	81567	100506994	10552	401074	114794	100129917	255167	90423	100506365	124902718	108783654	100130522	100507032	388685	7703	79893	7772	79154	124901966	107985115	105369154	150244	100134869	172	253039
gtex__anterior_cingulate_cortex_ba24__M004	55732	6405	55365	55471	23129	56928	7005	3423	54903	211	8635	5452	2896	10908	259282	23644	11284	57101	9603	51474	25771	9410	30	84649	79763	9627	7629	2065	23013	7075	55623	79091	8518	998	23503	10290	7037	8974	37	51009	80216	54825	55421	55160	6717	38	25930	5362	10615	4034	369	51619	51006	131544	200081	231	2017	23139	4849	51161	54498	7597	83394	7051	201294	10013	55280	23430	6598	23616	8563	11020	8814	5706	5684	79890	89932	10278	5721	9985	4776	10528	3420	79868	6901	55815	65057	25839	9013	8140	2935	9093	54108	1936	2267	2997	2217	1760	53635	85360	208	1155	56917	51599	3249	3614	8985	10467	24146	28959	5425	56654	5730	20	83937	8787	80279	51747	90410	9094	7466	51809	1665	3083	1075	7704	3312	9828	6539	23195	55776	7942	5754	23113	4124	3280	1181	84695	2677	10067	6421	4811	4548	2635	3155	3399	51107	2166	387338	1266	9588	6185	60526	9414	55051	54867	54853	91687	56943	80314	9617	8835	55268	65982	5290	9904	84329	80760	23363	5335	60437	57510	64284	55154	3276	8273	54973	3425	23309	117166	14	7978	94101	1315	55780	54857	3949	10095	80726	85441	10844	11047	10155	9473	9584	84152	10401	3337	55556	85363	51308	9205	406	55858	6926	57639	4005	10228	9314	90865	84300	4926	5519	22801	3032	1763	471	64116	23162	55605	58516	51279	8608	80349	1583	3687	55114	2588	9520	90507	10650	7157	91039	57140	105372481	63976	3491	64129	27005	57592	81609	8751	148327	128061	54465	51281	275	7873	90113	55646	285440	54826	54901	79930	54212	137902	210	92715	10658	84159	84735	129787	2313	91409	7545	26175	140890	81559	118611	152992	51001	1376	4323	54768	10311	2176	8822	65018	4720	29980	11189	57519	117145	51249	84221	9442	6271	4000	2232	5635	124093	84447	54987	115209	56997	1520	113510	476	55139	29083	55689	51705	79993	133619	836	1278	79778	10922	51271	138050	58526	65083	3636	11164	27199	169714	116225	90809	153579	5654	123228	114780	4176	90701	201161	144100	4837	197257	4665	79837	4141	56905	4597	124045	147015	90313	132158	54899	84879	80346	154007	129303	4144	221749	7059	2873	3185	2990	131616	4648	6773	80305	55657	8841	1503	118487	80194	5916	254102	84733	114897	128344	9973	148014	51574	201625	79683	80227	22877	7025	286262	29882	284207	147912	54503	64787	5074	2314	253639	196403	79415	114932	283284	5187	90411	91050	7318	11248	84206	64410	131096	6525	71	116448	9735	55328	340371	3563	1762	402573	55922	342035	51259	119016	401541	79979	165186	653319	9725	54413	2050	9612	23654	162993	100287569	2316	51703	100499483	613037	9814	65992	147949	9745	22909	100129792	5455	7052	619208	92565	26058	4855	6499	3304	3303	4676	100128946	220164	3105	338799	22828	1427	81890	51075	2968	6150	8904	401562	728130	134121	8718	100506302	284293	6293	101927420	148413	84627	100128071	106478958	440498	283089	91316	728537	441459	105370670	100129060	90673	645676	105378580	25764	51537	1650	101927612	100507053	4671	90342	401134	728888	100499484	127138868	105370526	105370525	283692	123706545	100507599	23246	5175	80022	100507218	729873	79873	147166	641977	127239154	130872	730102	84798
gtex__anterior_cingulate_cortex_ba24__M005	3052	8935	57414	10368	4293	5048	6792	53616	2556	4190	57586	6301	159	3631	5874	7504	55173	10659	5291	5798	10079	26999	57095	11178	60488	2983	55854	6416	9892	9399	5165	4943	65055	5526	55737	10947	8891	537	5566	27330	84708	29953	1183	9891	26034	119	5250	51412	5063	273	3093	54472	79876	2932	23047	5019	8648	3797	22924	22911	51510	51701	57542	9762	1114	25977	4345	112755	84861	157	9145	11154	51527	10484	57446	80331	79133	8731	412	10857	5634	6855	8237	56271	2259	8428	56061	23322	8766	26258	5862	11075	83988	66036	7991	92609	25999	5864	25789	2931	23080	136319	8976	27075	10927	6456	26033	11101	5532	8036	4591	8506	1845	3131	23158	887	25758	84867	57460	56341	79676	55832	55907	10486	202559	8936	60682	10884	2566	23548	7337	2257	57415	11222	10289	8745	57142	9801	55041	9917	515	4209	51377	9783	5999	6785	92400	51646	29094	25927	2805	5110	51247	400	4952	644150	23349	170685	55847	64168	57213	65244	29078	57468	78997	57403	23096	9521	2806	63908	56255	80023	5126	11034	84081	117154	59353	9143	7533	2847	5420	64101	10651	6638	3746	7905	79057	23039	4142	23025	25830	157922	25814	529	51132	11127	80762	8799	23108	2926	6616	60484	6860	2835	8900	84707	55859	23608	3845	78986	55207	8774	377	10971	8565	51361	91408	55312	29979	81689	84900	23017	26056	9764	51719	10154	8803	6326	10716	8027	6812	9568	26953	670	53826	51187	10669	10097	10121	51138	23710	4704	8562	6252	83851	122830	85455	10300	5170	81577	10939	127703	5686	261726	55827	52	375	8497	5899	285175	51143	9922	6622	493856	285855	84553	134829	4191	114569	9118	84280	60496	6327	57512	121053	4718	112936	196394	2911	115827	221895	5529	26289	9868	126731	51560	5799	528	285172	2334	23362	3788	9530	375323	23057	6854	145773	203197	114928	3745	1780	56990	9900	23400	9114	57732	9715	808	1173	2785	65260	79699	284611	113802	163882	92703	56648	22950	23173	8927	9348	94081	63974	10569	107	1020	11168	54769	84302	6990	283209	84881	3251	142940	64112	55530	9221	65084	81565	10904	84516	54386	7529	11051	129049	10653	85300	55611	84926	7001	3761	4204	25849	7336	7881	9185	7532	51617	164832	9229	2941	5581	219738	4884	283455	8941	8507	257194	10231	64137	283985	56977	51126	286205	9804	54872	400073	246330	219749	5122	5870	200407	379	56888	148252	8851	10409	3738	266812	401474	441151	63917	80034	55030	2193	197407	401097	66004	64219	7325	2567	122553	56849	83698	284656	2903	253143	4978	283871	256714	140597	5071	51263	399947	80333	527	84871	157567	57496	260293	4674	284018	6585	11261	54914	345630	344838	149297	51155	7259	55966	154807	343990	10447	8270	388662	23507	50861	54557	81553	801	55705	116443	192683	22876	3897	9737	57692	9867	2664	158931	53344	80863	221545	57469	29902	84912	25851	10962	125113	7416	534	51400	134111	729515	55714	6844	5534	91584	1159	100507171	8505	91368	51373	10687	115557	257068	5297	7335	23732	100287932	147670	105372097	2904	6880	8396	110806277	4747	101929059	122319436	100506012	101928303
gtex__anterior_cingulate_cortex_ba24__M006	51364	996	3920	64285	51085	57467	58525	5536	330	535	7546	1495	54875	1356	57545	728464	8454	55540	6894	65056	4058	10838	53340	10402	4638	1994	64834	56850	3796	6949	5743	6620	5909	9138	88	27098	114880	10325	2195	60509	5550	81929	4528	5744	64147	55968	645	10914	10683	22861	55118	11332	55964	7078	23543	171568	55687	1690	114088	1113	25939	22919	6640	6594	6102	8717	9688	55565	54985	51172	6650	55011	51231	10775	26093	79784	3036	6324	10282	11033	2051	158471	320	1787	5599	54462	59	79991	9487	23125	1819	9144	6649	55291	4192	4048	3736	2054	83461	7164	2762	10307	4968	10641	56987	92999	1716	8890	2888	10058	22848	27101	10459	9887	3964	2582	23215	81847	8111	64411	57616	84146	79269	9469	84292	5153	9643	6385	55653	2914	23408	55831	11166	6662	57187	80207	27111	4821	10245	112849	59269	53834	23499	8910	200316	9732	64753	25847	5589	348	57631	9518	4294	6249	10277	79228	261734	84240	5176	23164	94240	79921	5920	114904	57180	4017	23175	9743	10505	9958	55619	80210	2317	274	113220	9550	8870	2542	56267	10579	7222	121227	9107	91012	10150	85416	64403	122953	54939	7168	8826	5073	112483	10609	641649	23410	7226	85452	5792	6016	8476	55224	22874	127833	113419	57007	132001	115286	1609	54438	401262	7162	55869	79742	6872	90060	1807	80728	55630	7436	6837	56623	85450	10480	51501	283212	149986	83723	2308	775	132321	387923	341880	667	678	6728	5801	124402	113622	8526	64221	26207	2551	7508	23228	7273	25769	10600	114793	79623	254050	212	222068	10361	51735	8867	5710	149483	83858	118424	8997	755	84446	51043	10898	4061	150223	55324	84911	3678	115950	54587	126823	3625	133015	8833	131601	54965	4338	57107	26872	117289	3174	120114	145581	11092	79841	121457	322	51700	89927	115752	51693	25837	5866	26580	89849	23620	5604	79740	84632	53917	51305	136	5209	83787	55006	54811	2110	201514	10782	6919	115196	3669	3400	171024	55871	4580	91683	83759	219833	9024	125144	131408	253314	284001	627	6197	51046	90637	84987	80153	6748	5179	6657	91304	220382	50863	1397	28970	2130	6546	4703	390637	345193	128989	84851	51807	79174	10078	401145	84441	317781	8651	283643	153768	5138	285382	4604	8295	60312	57591	9260	353088	4892	115948	444	148741	919	84456	4668	80742	11025	728568	56143	105377203	79958	100128714	4722	27040	6235	10379	8906	79086	339231	10195	678655	400123	101927693	100303728	9842	348262	57291	400619	107984948	642597	100506697	101928000	101928335	751580	400958	8742	102724019	107986046	149465	100506144	386627	101929468	101928847	100507401	101928174	57604	101929176	105369250	283177	105369329	10597	100862680	105369758	388021	100506411	9236	100506070	101927288	284395	729654	100885848	339192	122539214	6352	128077	404672	105373244	105373429	105373299	124900848	84726	155060	100887750	728411	114814
gtex__anterior_cingulate_cortex_ba24__M007	3075	8837	3683	51330	85477	6401	9235	23166	695	7305	9961	9052	7454	6556	972	1992	9716	50619	2730	1890	960	4481	822	10863	1535	6916	8531	1117	22904	6688	10272	6813	4791	3566	2533	7462	116154	5996	3383	5742	29760	54209	27128	4242	80832	4689	28231	3055	10627	2564	63898	951	259307	10859	64926	10148	6510	945	57664	57817	10135	5294	22797	54504	3315	5054	1440	51225	54757	64231	51338	10114	8909	5777	9450	942	1154	80255	9595	3554	9173	8809	4688	6696	1441	64236	79887	54440	64333	3071	1017	9111	6615	1026	10647	54436	3659	3553	718	22918	30817	9002	7538	3976	23022	968	57153	27180	79651	55422	54897	8572	241	4608	10894	79845	3601	1794	84868	3936	3569	64005	132864	11309	5547	834	580	83666	84888	22915	51176	64098	55647	7453	3394	6398	4542	6518	3339	963	2212	6279	64332	51365	51316	9180	2768	5995	10205	83706	2209	64407	3606	9050	118932	112616	11326	285367	653361	8407	56833	2207	714	861	3689	3101	7805	79626	10602	6280	81788	54502	1230	151636	133584	6850	1536	122618	26253	58475	124460	3903	124935	51129	11314	147138	114990	3965	3627	6373	6039	3576	3684	929	54360	2357	116844	5031	115727	719	3310	713	712	8793	7096	196996	126364	23529	8061	2810	2828	56975	648987	7056	4261	3059	23526	53829	25825	1436	302	222487	338773	9021	57121	55911	10581	163702	727910	169611	10320	257106	11006	387763	5359	348645	12	124602	284759	51284	837	5265	6693	219972	54863	1438	64093	2214	3111	3108	3122	199	4489	63940	1192	10437	51192	1052	80830	721	101927532	266917	154449	105378909	3113	644139	101928228	101929335	3109	79168	720	105369147	100233209	101926904	641700	105375743	23642	103752584	23601	100289255	101927931	8857	140	102724646	401577	8418
gtex__anterior_cingulate_cortex_ba24__M008	115703	64847	51265	5080	51534	51603	2067	10046	3459	23593	55761	10806	55650	1301	2139	5255	27440	10420	22859	27091	7879	11176	22999	22929	5475	6452	57506	51310	1312	9942	25	23541	23598	3162	328	5106	2937	9218	2742	9016	4125	10226	64748	2077	835	219699	64081	81619	3384	54868	83480	2597	1822	3945	2570	7101	7265	5810	10342	30818	51277	3485	84812	151393	51102	10765	1486	1509	10783	80127	10808	7852	152007	4337	1948	56731	55317	821	8459	51234	3671	84962	58986	7137	83549	84929	55902	23378	6117	57533	55544	51526	84125	272	4221	4212	29968	23416	79786	80896	83852	9238	4711	23452	55362	55177	56924	51332	81556	839	58488	92579	284111	8612	56931	84224	23421	79590	1513	8394	55793	8444	10456	84696	134728	340351	27147	3547	8601	50808	9328	9712	8525	5331	23589	3192	55079	9653	27295	84532	114	137682	347734	55229	64849	7391	57685	29800	2539	4796	467	200539	1293	84283	9861	51246	308	80817	81789	819	55798	382	222389	63877	282974	5598	80975	5347	57171	54815	90990	374875	3396	7439	8309	378	161823	10251	254778	202374	6091	130827	143425	118812	84287	27115	93134	6902	361	30008	55222	27129	5936	25855	92369	6199	79369	8541	399668	811	5886	116135	404201	55783	124842	55343	11022	8241	388121	57528	5463	10587	1850	201501	51741	55693	3638	885	399671	125704	199953	83862	219348	83931	9858	90592	3064	128	26112	6015	138715	1903	255374	101927117	91149	100506409	100132169	121853075	105376748	9278	100506215	101927248	57461	27297	729013	11344	100874002	56100	56110	56109	56099	91893	101055625	730183	100820829	100873202	113523639	119545628
gtex__anterior_cingulate_cortex_ba24__M009	4706	84954	51177	8498	51121	1175	27122	54969	51660	10003	8417	51194	4313	51650	4708	9552	5720	4637	4713	5434	4809	27349	5693	5203	1471	10005	65990	79006	6923	166	26017	27113	29086	4232	573	79004	55149	5216	54940	51258	51596	1347	5201	55819	8992	11334	10675	7341	10969	8704	23443	6794	2309	4709	9330	4702	81892	10174	11335	1211	64756	3598	514	4694	51081	6633	6629	83658	1340	22826	1350	5322	10365	10975	4357	9296	64792	6035	4738	51250	25804	54958	93974	1349	4695	84330	57578	55119	10542	10440	967	1329	5695	81873	11258	55227	10964	84993	144402	79035	2958	4716	8533	10907	5694	25874	4259	2029	65005	2987	805	165257	4726	55651	153527	3486	54539	5440	4715	5805	29087	518	6921	522	9556	7381	123803	516	5745	10603	51728	112942	388962	80145	113444	91942	4724	27089	1345	83700	27018	10632	2879	29123	6137	57348	94274	10476	2495	3094	27247	55031	4696	55352	10248	78988	7388	84833	2787	5306	10302	126328	10540	1212	10589	401505	1479	80324	9377	27335	93621	84667	53637	284406	64963	51329	389084	51335	84316	2842	91689	4707	140739	55967	79135	90135	6612	122622	64754	51079	55615	51463	170622	6613	9045	4697	5478	140465	59286	7936	51451	131118	280636	727800	255758	6827	3281	100505771	101927554	90120	4830	9551	539	7268	55861	100289274	55845	84740	9326
gtex__anterior_cingulate_cortex_ba24__M010	221981	5689	55609	770	57418	51083	2255	22844	10179	79960	50509	5351	2512	54439	79879	11255	27344	23359	57030	7464	23268	26001	84687	10493	506	23316	10019	1337	6206	51639	5136	27429	10056	60672	10286	10327	80306	148223	26503	79817	84612	116138	5623	6253	140901	2791	7732	79094	26297	57470	92154	5994	27345	10253	25934	79075	219	30811	83442	8804	5202	8416	5872	1944	10769	167410	10814	58527	55281	51059	128710	124446	114134	84539	11096	389	9508	3763	2134	9577	1844	124044	84303	222229	57643	55450	57863	401152	23379	9232	22853	157753	25841	5092	1381	10369	1938	283248	64223	149603	9796	10791	3667	23235	93622	5223	4761	57687	2596	253152	114900	10690	156	6623	203523	685	58492	339344	126272	2788	666	284716	55272	3350	9495	2149	10473	57118	166752	8624	340542	51286	80757	400451	374920	348487	79581	84856	401190	145173	92737	388228	643155	4520	160760	344787	55924	57089	54989	117157	4541	4513	4519	63906	4536	4540	4512	4537	4538	4535	4508	9722	4514	340745	3133	284402	285636	57523	113219467	388559	54492	387804	100287898	163033	5032	57132	23741	100507421	145788	9554	8330	100862671	349152
gtex__anterior_cingulate_cortex_ba24__M011	3755	119391	8611	55515	54475	57644	9817	29093	55663	57613	55787	23409	9524	283638	50	5700	9692	80344	51292	8260	11040	5432	5713	26015	56986	64130	284352	4946	23646	3978	8896	7016	5709	5889	55572	57562	5528	28972	84173	5510	6697	25949	103910	6883	2971	83637	262	2962	8409	286336	5605	7263	5682	55201	6627	23647	8536	9290	50649	150472	79969	56965	1838	54529	5998	83608	26502	114804	4152	757	51601	64708	29114	255426	7552	161835	57647	81615	925	56172	115584	84988	60680	50651	554226	375295	200844	10393	23462	203238	138311	374868	9382	26995	10263	388753	65008	5881	123591	59350	4135	7064	387357	339122	84153	10209	146691	10522	8225	286499	54344	284459	57463	11066	84319	149175	79955	4673	349136	2563	389541	389073	8187	56882	64978	401089	402	55670	96459	100507057	632	644873	101928725	283596	374887	101927963	105370015	91612	107984813	101752400	400657	260294	100289656	84809	220729	201283	652276	5616
gtex__anterior_cingulate_cortex_ba24__M012	54443	933	5010	23187	9846	999	57475	57458	28996	8537	83641	2263	23446	9448	5337	8871	58476	6579	2346	118	7018	825	10110	79152	4099	8777	64077	9644	443	5414	23150	11155	5354	400961	745	1059	2123	83543	10749	5158	1783	57471	5168	93643	11226	122060	5046	8502	23500	9705	25780	63895	91369	8764	85414	79957	55314	64399	23176	159195	51148	5653	4336	79628	2861	4815	57571	348938	6599	1267	220416	9134	158135	10301	11145	128218	222166	118442	29119	390928	8073	6900	4303	91404	8632	3908	80345	54798	93377	4155	3792	1902	283999	643008	4340	643965	642394	123464509	286827	401022	387486	729658	284835	100287225	100128675	100507336	8847	100873947	101927641	285286	101929595	100507377	101927459	286186	101101773	124903732	107986266	101927009	101928738	100130370	400617	100129195	105369201	101928583
gtex__anterior_cingulate_cortex_ba24__M013	928	5318	7544	6929	60343	594	102157402	7023	51324	22931	1399	23774	3091	84312	83692	80183	64089	1158	22900	196	8649	11275	83891	4633	5992	10923	8287	2591	6342	9295	2891	26994	79586	10236	171017	83744	155051	4016	10742	7178	3295	53346	58487	8836	23650	57569	9908	6938	5636	127018	56950	84620	83939	58478	57721	23635	51125	120379	64417	29970	51061	132	1974	8880	285203	57650	201895	25898	27236	29896	83590	8323	84267	3190	50810	2786	2705	5272	151827	6606	3849	79877	254251	100996455	55015	285600	6450	3861	6917	131034	4646	150472	91120	4624	4151	29883	259230	10866	152098	64288	100874058	339804	100506826	100287482	101929089	81488	101927402	118597831	142913	100505687	442524
gtex__anterior_cingulate_cortex_ba24__M014	6224	6141	6160	6193	6128	6122	6217	6223	6142	6143	6164	6207	8099	6152	6209	6146	6230	6144	6125	5204	6204	9349	25873	6155	6210	11224	6194	6229	6205	23521	6202	6233	6161	6189	6130	6188	2197	6156	6154	6157	6203	6201	6169	6218	6165	125111	4666	6168	6136	6191	4736	6170	6222	6173	1937	6139
gtex__anterior_cingulate_cortex_ba24__M015	114881	54814	3074	6389	57662	8079	7593	64743	11151	5157	79033	51060	8702	56926	84286	9513	84326	29889	10238	113230	57333	1939	55814	221960	79034	740	284312	129831	51643	7547	144406	114822	160622	6881	150290	54541	79058	92595	22885	56834	167359	200150	29944	11104	122455337	401260	285834	84320	2738	124907726
gtex__anterior_cingulate_cortex_ba24__M016	8131	64788	57020	26098	51174	50813	84190	25953	9514	9070	51295	3727	50632	51388	10400	22880	285148	54606	10518	114783	81794	10280	128853	4253	57407	11282	349565	762	53343	57104	51333	10293	8508	7625	5719	284338	64218	91966	2870	439	7918	29803	100506599	55052	92335	79922	91695
gtex__anterior_cingulate_cortex_ba24__M017	3757	51637	55506	23351	5641	55969	1522	4923	3783	56961	9355	6484	54516	1647	30833	79412	1284	2016	51131	6187	481	10899	222255	7569	549	122416	7791	55897	53838	84331	24147	126003	27439	1282	145873	7390	2707	118472	51157	339210	284184	51275	727758
gtex__anterior_cingulate_cortex_ba24__M018	57019	54972	8602	55741	85366	5935	10240	51101	10227	1303	2070	83444	90025	11019	51614	7979	4705	23404	902	29988	8818	5612	51163	54925	10733	83607	51473	29115	5584	114625	25928	1798	5883	128439	28976	3615	100506380	57634	9687	60491	3106	574538	255403	352954	84773
gtex__anterior_cingulate_cortex_ba24__M019	151531	5606	4234	1767	25875	51548	5705	9352	1384	80270	57820	10084	6449	57794	11333	7422	56912	50853	10219	7286	57038	221322	140459	774	220064	23498	151651	115330	113174	124997	79703	10897	56945	54093	163087	282991	6120	84455	643783	100128822	100506207	2749
gtex__anterior_cingulate_cortex_ba24__M020	815	54997	55012	55578	58189	9693	114818	101410538	54453	1802	64776	91833	201780	9203	93953	79925	5368	389072	7054	130502	10445	339559	84914	7917	400553	100130311
gtex__anterior_cingulate_cortex_ba24__M021	57554	10419	55757	2091	6387	81855	23398	1746	23091	7326	5211	10055	1745	129563	55840	715	25946	2071	4881	123207	716	100190938	83694	388759	5387
gtex__anterior_cingulate_cortex_ba24__M022	7384	4913	3421	55094	8438	57192	63935	54976	84445	4598	55269	64794	51141	10422	51540	80206	6895	9871	159091	120939	84942	144347	220930	387521
gtex__anterior_cingulate_cortex_ba24__M023	89801	57595	22839	9727	84502	54620	23492	140730	9751	5127	23413	9148	10900	54776	146330	1875	116986	11000	53358	57338	150726	23466	644596
gtex__caudate_basal_ganglia__M000	90529	23072	3382	381	23028	115703	7982	5577	3675	51573	6833	10368	8913	4293	55750	9855	9912	60528	57787	8522	4145	9254	6853	57172	5310	23221	5081	8798	25900	80199	2534	11313	10867	26993	54902	5725	8193	9066	637	23386	23154	4331	9369	51507	2554	55655	57210	55778	57476	11215	51177	10953	9519	9774	286	578	7260	535	321	9099	2324	27430	23274	79567	27067	5874	7504	4134	55885	23196	23518	23327	5601	9564	54477	23223	23105	23596	5798	84957	114800	5318	57504	23200	3918	5218	5923	816	5188	6515	55359	23504	11178	1001	84649	124925	55711	3735	55633	7089	5141	25791	2009	4649	782	7216	5590	6857	89795	55593	2182	10235	8514	483	6710	440	815	490	29894	55117	87	2011	29953	8907	8301	4905	23332	5522	26034	9671	3785	8672	4140	1739	25956	9733	7163	5915	1781	10003	4133	9063	5289	54715	7419	3991	2222	2037	22999	1136	5891	22839	4208	9812	905	1310	23136	1741	4986	4779	23085	5026	84273	8668	3030	3732	22996	55054	55624	8438	10573	43	2775	55239	2778	10059	2036	23348	1795	23368	27131	22895	29965	8425	8646	8761	4897	5172	1738	23335	51168	83394	23256	1725	10580	53904	28978	1153	27328	421	27037	51386	9701	6305	4744	4174	4627	79734	5905	114088	10598	4522	7443	57820	5875	22981	57446	5203	26164	1917	1457	10483	5173	128866	140679	79913	26051	7125	56853	1478	340547	9949	4168	5931	9016	7355	84061	83692	2245	688	8428	55578	5595	9688	80152	50855	80777	65009	4363	1186	79791	23062	3163	653390	23420	79719	8120	23312	171177	79752	2138	4683	793	3646	23484	4741	1209	284352	166	22870	6511	2821	79187	333	79784	478	374882	54531	5518	5296	23373	79036	2931	154661	4967	64327	10049	2887	2617	8976	1174	9678	4232	54927	51422	168391	727	22949	64420	1759	23081	23413	57582	8395	54926	1855	3257	11196	10367	5532	55149	9211	28964	7343	5889	9570	8402	1819	27077	40	79132	1949	7531	5602	8821	57620	2743	26610	9379	25906	26273	2965	65981	10645	2054	23329	8914	56994	2026	9847	1911	57150	4121	7164	4988	116369	221692	221662	81491	9439	9896	117247	10846	84498	2762	3617	2030	23438	2566	5618	10915	1627	90249	93973	84100	55186	7375	7348	11222	23007	6508	81562	57669	29959	9784	9801	55120	23301	8869	53632	23178	10494	22930	8604	6432	7072	84634	7341	2043	57535	4985	271	64766	9829	9887	127700	3964	81849	57576	533	8503	163404	9890	56181	57488	6794	79630	6785	1268	84251	4602	118427	7347	57539	9615	9270	80212	2733	4702	57706	9870	51004	1788	54812	53335	4601	60370	56243	64374	83468	51019	10174	2185	943	8405	3764	2700	2170	22865	57179	79903	127495	83637	29960	1271	8805	1959	11130	11113	79039	5585	57213	51209	130399	27304	23096	10617	6903	7913	9208	7471	583	55715	7737	4987	84172	2892	6253	80025	9491	55317	10893	6487	3831	826	84063	3661	117154	171017	55288	8021	51309	59353	64768	53834	5300	23352	79939	146330	63922	6597	8910	57168	25775	135	2847	93986	10651	1123	55930	10776	3746	83448	9070	6861	79057	3741	1804	9667	84705	51690	84816	4301	170463	6295	1571	10298	9885	445	139728	7776	4037	2686	23229	1327	2161	7187	64432	9467	3748	8500	83636	23108	1644	1742	54496	9633	51761	10810	1131	4628	9201	57511	79921	55859	84250	28992	10313	23037	9215	116988	81846	9645	57578	23508	891	25917	10752	10451	7482	10717	57498	57614	284252	51765	1837	22873	152831	3351	80759	10492	57231	112609	2045	967	27165	9840	2583	23416	85021	10505	8291	9764	29109	6553	80003	85397	9290	80210	50649	5100	79621	4008	9771	1607	83990	64844	2058	10730	51759	6812	570	3590	63027	7172	85462	9873	81796	440279	23005	51103	54839	56924	80031	54874	10964	8634	10669	9581	10128	1838	10579	6775	29081	10152	29766	83478	153020	55752	80144	23162	283358	144402	9746	6843	196500	22822	1848	9815	9107	7786	65082	4857	79661	59274	7168	7385	3801	89941	8533	55275	1213	6875	409	50488	396	10966	6904	54808	773	351	51070	79932	23038	5567	5792	54499	9970	5546	2029	3756	55061	9898	6016	9859	5778	27436	805	129804	3899	11249	8502	6323	57282	151126	51454	64708	2177	80852	152330	114884	84892	91775	57552	285150	9515	1060	132299	6622	817	287	8001	1016	5295	1404	5066	2561	78991	23138	10814	57451	10667	29777	26230	221806	357	30011	8573	55634	7592	9203	3358	79648	55909	6770	6129	55638	84294	80728	2934	114789	92211	8525	6749	4684	1813	84623	84866	226	83723	8448	22866	1740	22948	3708	57512	775	7068	9472	10873	81792	143187	1814	79750	84539	130340	79596	498	5213	2893	5796	9453	5352	5801	6328	22878	125476	25827	5789	80309	7070	1010	7345	8470	80746	51560	389	2890	285172	9844	10670	92370	116442	286097	23426	3798	3778	419	122402	27020	137970	5261	23355	491	6854	9069	776	3815	55799	9162	203197	9478	114793	56896	64897	26100	388591	8450	9542	130617	2039	84134	2035	124995	201176	5763	7062	1636	10417	146206	6002	29	808	55108	8997	54020	4047	8888	5116	138162	23387	1141	51160	9684	51149	8878	60680	1857	93099	4868	6427	246	1973	80178	5563	8707	22854	2135	163589	79762	574407	51127	347730	151354	7447	115677	130367	133015	6944	152559	317649	80128	23114	23122	8618	132204	7871	200844	78987	51304	54585	113444	64769	5437	55764	8314	50650	4241	133308	79012	26269	55255	3360	1879	7015	2898	23366	348980	285613	1508	10395	7534	79870	25879	79698	83550	51084	221154	89890	509	64745	26012	145567	5702	4745	783	3747	11245	83700	112937	84936	2200	654429	2562	55800	3419	143570	222865	5579	10904	9640	3359	89927	89797	63928	23339	222950	23582	374864	7008	125336	146713	6786	112476	79001	784	10653	90522	51031	6730	146664	7083	25837	9881	4992	28511	7266	84684	23255	146212	9677	27065	3354	367	84632	126129	5865	10636	53917	114787	23119	2194	64118	2873	9079	7360	50834	84894	1501	7532	285596	56980	166614	91752	5209	2850	9788	883	9655	283455	59350	1826	57449	10243	23261	4807	1503	170394	11346	10605	257194	140733	8708	64137	9854	10125	1072	283985	26960	10777	3642	256130	10534	51134	286205	91646	220359	81033	6712	128439	253959	55055	170261	26047	442117	158038	148808	11041	3265	9610	51319	26470	155185	344758	170506	9435	125144	9776	56675	219749	5122	4023	64770	79772	57628	10458	379	63893	9832	284001	339344	25914	163126	84277	283377	83869	284424	2902	9240	5426	157807	7156	64110	125170	266812	203111	79751	9332	387856	9659	1662	3350	54681	57184	79415	399668	2580	7284	127254	242	3352	201164	400126	388394	220202	22864	118672	284071	85453	53637	374860	389362	64388	404093	5912	90355	401036	81532	10159	8905	785	50801	23236	4692	9312	340146	55794	345557	6000	2130	9112	161	150084	64478	2842	5877	643015	51428	51118	56941	23466	146754	152	64061	283871	645974	5142	4753	81931	138046	9074	5413	79135	752	7490	6092	389257	56899	57419	255275	55015	8558	5071	266722	9899	54014	399947	56479	5833	23742	257240	146760	55599	220107	653149	10623	340529	2558	23621	4674	27445	23040	139599	613	4137	23270	375612	378884	26059	94107	2563	2175	389421	729956	29978	51463	170622	1121	84570	56624	144404	642938	23036	5649	26280	23708	50859	2917	29068	131034	55190	51466	51434	165679	4311	8912	55684	57473	4763	961	343990	6334	3914	100129858	644596	11152	85379	80055	140688	171392	104	55753	10533	57799	955	6709	6120	222662	8733	28512	26052	85028	9228	26275	27300	54870	642489	5178	340578	4914	158586	51062	987	4326	6262	9652	10479	124930	10497	81706	6263	9853	3897	221002	57692	64423	9293	286411	340745	221424	340543	84243	55219	26095	7936	440894	653316	2550	1639	79600	440145	441054	286144	613212	6643	100506731	414918	101928906	9946	403313	10921	645426	100128714	8292	131965	7247	339263	441518	283673	23636	2532	10962	81890	2086	100996307	10379	729399	8906	64506	400954	441204	353149	134111	101927905	79716	283514	100131390	100128264	64641	84561	378881	728190	118460	347549	100874055	285878	100505996	102724691	102724224	401398	400765	107985190	100507171	440823	26082	101927621	100506714	102723341	100506392	107986806	339529	100507308	386597	100505566	124902439	643837	642345	112268276	100506274	400604	101926971	284798	105370670	728730	285084	100132948	378805	6892	151484	100506930	100303755	150786	339260	729178	121853075	728192	101927554	51275	60674	105373507	100996342	150568	100507557	400242	100507582	84968	105371574	401491	339400	100131213	1159	400958	100189589	440132	102724019	387521	257068	10093	8577	23761	102546299	101929238	161497	57553	56134	7268	103695433	10443	729678	101929066	101929468	283104	101928053	338817	100505894	728081	654790	283731	102467147	441369	285626	25907	642797	283140	100507043	152742	100144602	100508120	85358	102524628	100287592	441046	157627	347051	107986898	552889	157376	101929415	54551	101929473	493861	399959	100526771	283177	254559	400046	105369329	100129361	100287944	100506844	105370423	105370648	100506411	729911	101927751	791114	343702	103344931	106456574	100507050	100287616	148189	101926896	105371735	339290	100505576	140735	284395	80755	339192	100996660	728752	100507433	101927151	400622	105372321	503538	375196	100505761	152217	338758	283483	127138863	107986100	100130705	26220	105375519	123624	390660	100419515	157285	28755	102724488	641467	80179	64881	102724200	101241892	100846978	100507173	401442	101928311	105374338	105372079	729732	100421372	339829	112694756	100506207	55056	645485	105373429	105376121	105372432	80078	105373289	29798	101929748	122319436	105378355	106660612	147947	84820	107985911	100131998	100289656	286554	246126	352887	100132288	441666	729375	3139	728554	645784	554236	201283	64940	5380	440934	57234	138649	442524	105373383	93164	399815	79986
gtex__caudate_basal_ganglia__M001	8813	2729	889	5893	4267	57679	843	6542	5965	55904	7543	3920	54972	163	2115	5080	9043	7812	10747	54799	54476	54443	1634	933	9961	823	10463	9782	27032	9716	4719	8630	355	5583	55334	51306	2530	25897	7414	8439	8452	26009	27175	1008	9440	54165	8481	4254	57492	10198	51742	23095	23224	57475	26999	58508	23369	57458	57095	8975	493	55650	51660	51564	10787	10188	51768	10347	5378	10203	3843	83641	8621	27107	2263	5315	23250	57560	221395	10060	54916	10640	4335	79364	8440	23161	6196	26528	51109	26469	6720	51095	23291	10335	80216	6605	10979	6480	1207	55421	55205	51175	27332	29090	9462	285527	5337	55973	4162	83992	2975	23032	54518	7319	2260	55331	2782	117	9452	5108	83737	10411	23152	4983	3835	57092	8555	4036	65985	2533	9689	2932	3842	91746	966	2122	9522	57531	81929	2017	4799	10075	79796	8898	5990	8570	84678	9843	23193	2802	84196	2734	27327	23231	55072	54822	1299	9209	139596	51430	4436	4214	79956	4670	283638	29801	23384	1727	8897	25813	55007	6767	8814	5494	6430	1983	23405	79882	9252	394	6729	9692	4792	10484	10110	9218	23347	8715	79868	5358	2332	5230	8874	5257	10204	83752	79726	408050	7329	9738	10391	8925	23205	8766	1512	7227	51366	427	1891	6625	9441	92609	9253	11100	7297	5802	1954	30000	5143	7392	56006	858	3955	8887	5803	54664	165	7046	23189	5730	8729	23185	117246	9343	5573	26118	26151	64854	27309	1182	51809	23321	152503	7358	23360	3263	22897	6506	84680	79829	975	10944	8496	83892	9761	65117	79611	6539	80018	4939	283383	55832	1108	2784	8078	79632	135112	9750	10767	7957	9444	26054	3910	59084	3157	23530	3313	6678	10087	9685	5924	900	80006	9555	4090	80315	10051	51421	8087	56987	55081	2632	23150	64689	51555	6787	55683	150465	4691	10096	2820	51130	25801	79745	55704	10314	6772	55818	80146	23683	1615	4780	7840	6342	55870	54856	85440	9927	9295	10000	6390	59349	51463	6513	58155	57035	23443	55758	5511	114883	4297	1385	8609	23120	81573	9330	6418	51552	79109	91754	4329	64225	3416	3437	51780	400	1191	23435	83690	64282	80218	7750	64786	576	29899	1314	55975	84668	800	23389	8082	11059	540	466	1017	79809	9926	5208	2181	57580	8202	57169	6780	8675	23326	64344	8239	89845	6239	23163	284800	10616	6238	128637	10236	154796	10054	3895	22890	3188	5908	5787	23030	6049	5782	5189	54487	92521	5420	4698	54982	54832	9526	51105	58533	6397	23383	51429	6874	10585	6535	1736	7317	23345	2670	23199	10487	9779	64145	6533	54882	23225	23167	79781	5791	2926	26057	3691	54739	4147	54453	3508	64900	10208	55748	91298	79572	3612	23075	272	3295	5977	55207	10390	79022	4613	129607	3572	4677	91768	2012	85004	91408	25941	9415	7174	1514	50640	25821	4076	10677	10956	9053	57224	54806	2799	2752	10228	9857	55619	9648	26122	55681	11137	9445	1102	9805	28988	53346	6426	11143	6434	55627	274	153090	7099	9373	55667	116113	63971	9656	51439	23213	96764	4750	5962	79811	102	9411	8884	80204	51196	310	79800	6744	10144	55435	22872	658	58516	53919	347902	6636	121441	11226	7009	81624	64062	145407	85439	123041	81614	9990	6938	7090	2108	49855	1009	9611	10140	9905	54828	55197	114876	57521	55520	5366	91039	1292	10498	23421	261726	5451	27005	57530	7159	65123	1130	6726	9580	22874	23190	80856	9686	29926	64332	285282	9353	8893	54532	56034	10299	10184	9140	81555	23092	9879	153830	79930	51390	6993	57583	56996	64599	11011	7403	4841	27316	6867	51110	7013	29967	9166	4715	4915	90678	6935	2746	120	92105	5058	4863	85449	23284	2823	1737	9231	2132	55691	2059	79691	152485	1909	4306	1646	54842	80014	2674	667	114908	4154	133686	51351	9412	166647	1070	3192	50807	154043	80790	9320	140890	5529	84897	25890	23043	118611	728577	4685	147495	63895	55529	51633	23097	55326	4343	55027	23367	65062	91748	145483	6103	60685	23522	115416	6529	7804	132949	1859	2078	257397	445815	121665	55179	26053	124245	56946	137964	115992	4681	6651	65264	23515	117145	60313	9813	1487	23181	84449	222236	5701	622	113026	91010	51727	3716	8880	64123	10092	8682	5824	23385	148362	92291	56916	285203	64343	100507246	57577	23001	6314	166336	57018	23350	64419	151613	11073	54861	151056	7086	10424	80335	79884	55314	153733	167153	57763	23176	5828	55074	501	81034	55656	26130	538	7415	220963	220296	9147	8559	7417	23172	23203	7248	116225	57447	55088	143872	154810	255394	55323	8539	9318	1200	1528	6764	7702	7184	144100	23306	64400	2923	26995	51117	51704	26263	84064	64174	64772	7171	8085	114823	199223	55209	3516	55788	359948	3800	3660	84289	23192	11273	6774	8754	4144	521	23099	23214	8706	126669	25942	6383	93380	9839	283899	6091	163590	4648	10477	9283	9720	10491	4798	2018	55890	4862	5272	11214	55144	5356	51523	2186	2628	4300	5728	83660	51030	7764	83452	54205	4615	283450	22992	65059	2804	56834	49854	254102	5797	79834	1964	10209	57674	23333	27333	23269	389524	6124	582	124152	201626	81490	1488	9134	80227	122046	79666	9807	205717	80205	347862	253461	7182	10425	79605	9772	3766	4291	254251	5339	8225	646023	5198	80169	23241	285908	91663	7710	9378	10194	374986	8334	25994	414196	338707	55666	439921	7267	221178	23705	754	158358	23194	286826	5504	11066	5587	8398	4303	7327	155435	26985	10519	51186	9146	4582	169611	6667	89782	84631	55922	342035	114826	53373	222194	51547	7874	148398	8632	7373	643338	5359	10772	51114	340277	339287	9516	23450	284697	728661	90321	222553	399687	4122	23654	283970	1612	85301	100	23365	199704	307	51108	163227	1778	5094	5718	23061	25959	8831	79027	54798	26037	197342	6687	9019	3792	140885	54708	27233	7405	7620	285989	10920	27347	22834	4976	100129792	149345	830	79065	1756	9848	7052	55251	124900275	5089	55777	7916	11138	5150	25851	57139	1375	8110	642394	6453	57194	23243	440944	84986	5500	3672	26140	440503	285830	84461	440270	1654	388815	729852	5520	53822	101927027	729467	101410535	387486	101927300	389634	101927084	91316	284757	100507336	257203	8847	101929302	100129434	101927289	117751736	8629	100505635	101929467	100507261	100272228	284900	154092	339789	415056	100506866	101927056	727956	23600	347689	10137	645323	100507401	101927233	374887	339874	6414	100507377	91948	55000	493900	100499484	3145	26065	51750	64150	90799	107985879	283710	105371423	283887	9939	23380	57597	400684	103689912	148145	400818	100101267	80039	100131997	57223	31	102724859	285463	724102	100506710	6905	283755	100132341	728262	162632	400322	388165	440248	102724316	728448	339483	347918	101926918	6648	283693	80862	253039
gtex__caudate_basal_ganglia__M002	81887	8379	4074	56603	55471	10180	5976	10943	23077	5048	9091	55735	29116	23542	9862	7095	29954	51603	3097	1185	55727	51099	1195	55703	23357	10903	8540	25960	2273	64429	51071	1244	5452	2896	5606	54884	22884	57120	168850	51528	7984	9709	55745	57602	9474	29927	4659	55781	54432	65125	1301	1431	10838	22998	55726	9627	23013	4287	9950	5255	79641	27248	4734	5597	9948	79658	8243	5743	8726	23151	6624	23609	25996	10179	9138	7155	369	57103	8871	9984	8556	1653	9817	131544	8671	6595	56650	28962	11266	4200	7514	594	55663	56910	7760	8895	2060	55230	51194	2196	54469	55787	56970	6452	51637	51290	55184	10961	57655	10558	29888	51324	51726	16	11069	55012	25831	3183	9878	55280	51322	3096	25	23759	23598	10043	1120	3162	23351	51199	5836	9786	23002	5641	3091	80344	5687	5360	55245	23613	23394	1522	81502	9675	9388	2717	80183	81617	26512	23295	10664	29070	9100	9093	5934	23322	80381	50804	6422	55284	6788	2997	81857	11024	93145	2091	22900	7639	10135	11112	54504	835	95681	196	2022	54662	57589	6387	5599	54780	657	9562	84445	91452	7511	8453	64081	81619	55163	4927	51003	3384	1655	4355	5376	8649	4790	7323	2549	11275	7466	54433	51166	83891	29118	6309	3312	28960	55291	79073	26973	1982	4891	51411	1594	10988	55110	56890	57122	50813	5992	55188	4739	5467	26268	51715	1871	1297	896	6908	55603	2690	7060	29102	2246	79770	5917	1452	51300	604	5947	57088	30818	84695	2335	2744	64895	84173	2677	23451	60482	3069	151393	5334	5000	390	1386	2956	4139	7143	90231	1647	10286	1429	34	10765	4179	51107	10560	1266	7292	9588	57134	79947	5955	83479	9331	64747	56171	9414	5524	26094	25940	29126	92344	84068	80209	10808	7045	9227	9034	11019	55791	79712	92	5395	51251	79269	84329	26994	80760	79934	51604	1908	79072	5184	10199	5269	4337	83732	1948	55026	64794	79143	51141	84266	64412	4149	83786	23769	51119	6776	8678	10131	64430	112849	8273	821	23065	10365	23499	2770	65997	813	91860	1635	3609	112487	81533	55274	10439	25814	78992	57693	4772	7322	1160	55860	3337	85363	51540	6117	7326	4678	25778	23111	7178	8471	123811	51520	1875	22800	4221	8650	9811	8932	7428	89978	79577	55143	80206	27202	2073	3703	2113	51347	6926	5025	60561	6885	1783	54583	55654	1910	83852	57129	11311	79595	10006	9314	23452	9550	2800	54840	6194	23787	132864	6386	5519	79739	3032	5495	5861	51374	79172	54536	51008	140766	1763	471	79675	81556	51191	51138	3184	9908	27068	79807	10427	64116	5998	91445	23710	55605	121536	5830	4060	6895	6601	54934	55206	112840	91833	663	54939	9960	5045	5073	55114	123920	113230	3454	126374	84224	10026	7286	57592	1513	5298	8394	1939	8751	10456	2590	29097	92906	94097	84620	11159	79634	85403	58477	81608	58478	57721	92345	23635	55814	689	81545	10318	10146	153527	4478	6567	3547	526	11160	8601	51125	23245	9712	221074	220965	26091	118924	196743	10480	10658	79780	472	5331	2209	84159	55002	219854	84735	54545	120379	5305	57647	55768	5756	64067	27034	2313	2555	26272	121256	29970	130074	253635	57105	57724	24138	85445	1601	10018	9653	55364	79705	201134	55740	388650	9510	81552	51582	118813	64092	29761	6566	25769	7102	3098	1376	23648	4323	63875	79623	127262	2176	64849	84919	7391	4817	8703	115584	57805	56990	715	10020	10785	8568	3689	6464	103	4000	80228	55260	10482	84447	7398	431707	284695	10380	824	27185	10611	1520	10602	118429	113510	56983	57650	79885	5783	201895	25898	51705	308	80817	90826	79993	84059	836	134510	84135	7098	29896	168667	23514	23353	6522	51271	221656	84267	3190	58526	55342	94134	123016	63877	259217	84706	118490	159195	4176	23423	80975	6778	115752	10982	399665	10999	257160	6240	147015	148137	137695	23524	1499	378	10098	85476	153241	3187	254778	90693	7059	196074	3185	2990	375484	2720	53343	23204	143425	8493	79188	90338	9637	4534	84522	118812	90594	84287	93134	26156	598	151827	5621	361	10201	257019	112858	10978	79694	93550	84750	79612	339122	6670	1657	1717	55731	54625	10655	5091	5707	6777	163049	5936	8722	253827	345757	57659	23051	3981	266743	51574	256356	5095	84747	116068	7525	9699	100128398	55884	54503	153129	196527	11253	2885	7334	54762	143888	114798	2731	2859	23512	147991	116135	23042	9282	8575	90411	169200	404201	90843	124842	9798	6472	23336	342945	6304	22906	29035	28970	6546	27439	54880	493753	114781	23258	220	9276	10801	54622	79896	84924	84529	51741	114792	55693	5501	4675	11118	3638	23275	6917	284434	643155	79979	54510	3556	64218	9901	57573	55340	54413	79754	2547	55660	4646	3066	6925	55532	7442	7582	147686	10865	150472	221785	51703	10438	3064	93377	10210	6884	85236	115948	613037	57209	144717	1500	9060	23116	9909	11179	6721	339448	26128	259230	619208	3108	1290	169981	64978	3304	3303	90233	6992	6311	55366	255919	8293	3823	10866	11116	51075	6150	339210	51024	728130	23053	9374	6293	721	221710	100302401	439994	65010	440465	400619	100131801	7726	100505881	92249	100874058	100507398	100499405	57461	57665	10552	23089	3109	100874002	401172	2738	100506365	56112	81488	11232	105371941	92335	149013	100129550	101929130	100887750	352954	57212
gtex__caudate_basal_ganglia__M003	55732	51384	9256	5164	6915	151531	54879	1951	928	7869	4057	2137	8284	5238	23649	23584	330	11285	6301	57554	7204	3631	1495	64848	116984	57545	10659	10079	3757	8454	10758	6894	55749	65056	4058	23063	3029	8625	11218	4913	51167	1308	119391	744	3796	949	6620	6865	5909	51548	88	79960	51150	114880	57455	29093	23033	2195	57613	60509	5550	27292	5744	54997	8079	55760	57060	83719	51650	3912	23428	7042	10044	7093	55118	55168	11332	8829	9681	23543	171568	1690	79609	26520	51292	26090	7165	80331	10732	55738	54976	10139	5332	25939	10406	55125	64743	2742	56062	27328	27286	2254	1203	11151	55565	54985	9013	51172	1428	8669	65263	7991	27294	64130	55011	6618	51231	10775	23646	7087	3978	3780	23770	80714	79846	6804	84182	8896	64598	54981	8777	8721	2889	320	1787	54462	79176	9644	8036	23125	64149	10014	54940	4126	4013	23130	9828	57562	29099	8567	4728	84867	10536	605	51699	8437	202559	10591	57666	55914	1007	10307	5144	3274	4968	7337	10641	57501	1716	9381	3676	2888	27429	79954	22848	27101	4209	10459	10745	57568	23266	50999	23215	25949	11064	57862	114818	3433	30819	2891	317	29990	113452	84083	2971	11155	54537	1211	5153	29078	9643	90203	55653	10396	2914	23408	8970	9521	55831	79637	57187	80207	63908	11034	23263	5582	5199	5605	64919	7277	7979	9732	64792	64753	2571	56984	26297	84074	10452	57631	81	4705	84929	9040	84326	91574	79228	10514	23480	84105	27183	6616	23164	10250	57180	1022	51303	285148	3939	9698	1828	55858	9743	56	51280	84900	92558	577	51317	6302	9924	84284	79074	28969	83605	1101	26750	150472	7111	113220	55833	670	8870	79969	56965	51626	1558	50624	22891	6229	144165	8499	90634	60314	10150	122953	80349	79798	8720	161931	6187	58488	2886	60681	91978	93343	641649	114783	266675	1952	481	55827	6258	1382	83872	8476	8497	10130	64969	113419	1745	57624	10217	115286	29114	51365	9711	92610	6715	10769	81786	51631	79742	90060	139818	26260	1807	83940	7436	84131	414328	140459	25792	286257	774	818	11023	282969	84504	23082	283212	9651	149986	220064	8479	51503	1006	85458	26521	288	83643	132321	5800	6868	387923	341880	55835	284312	51128	152789	51571	925	26207	522	201163	23228	65258	7273	83873	10600	153769	5521	1974	285367	3084	3361	81544	124044	10361	8867	266747	83858	5152	755	126526	120425	9592	10898	29115	3678	124093	4116	9077	91624	343450	114548	129285	23498	128308	79677	554226	56997	200539	56203	134	7048	213	132014	79443	54965	84448	9255	51385	4085	81789	27089	57107	79722	54468	116328	364	120114	145581	10910	55172	161436	120939	11092	26287	91252	121457	119032	717	81832	9382	219539	375607	7644	125058	51693	84940	10501	374875	10476	64223	26580	5368	2786	79089	753	79867	80723	2915	10815	25849	65008	200894	131616	58485	3035	9229	83787	195814	27094	170850	29071	51013	2110	6919	93426	115196	2845	253782	171024	55871	254122	6169	283848	84153	257364	79703	3267	162466	9973	488	400986	9024	25855	2523	64837	56945	85007	55844	7025	7694	283933	284358	10522	6197	441951	167359	222183	51272	389072	51341	284029	283284	51333	7054	157695	6748	5179	100287171	55076	64963	219790	55344	122553	23265	50863	1397	18	4703	284656	441061	84851	10293	10317	148641	51807	6525	126382	220323	5463	340542	7625	283643	6450	4919	84856	54093	84871	283149	5138	79955	387978	83715	4673	55182	9863	9742	125704	64170	285093	145873	137392	284338	7784	389073	23029	345222	83862	90835	6829	283601	8295	284739	60312	64771	9260	92714	84619	6714	27044	135398	147906	4644	56882	11325	444	147949	7169	9737	54470	100128531	100113403	100130587	83849	10471	285141	730051	80742	3134	29902	444882	56114	100128946	79958	163486	255758	84960	51239	147699	1241	2592	79086	10195	646951	55384	100506302	51025	440400	100506100	101929407	102724094	107985194	91149	100861510	84320	100505869	28985	100873947	100506697	101927502	100996590	101928000	101928537	389023	200726	101928335	441094	729993	105373390	8742	158	280	101928085	279	344595	152206	283131	124901151	25864	286189	4671	101928174	100874204	57604	27239	90423	56109	100130155	100128233	56145	283487	105369758	283624	100506071	388021	79178	106660606	100506070	100507534	8190	100505797	100885848	284408	101669766	100129195	101928965	101927314	11276	101243555	359809	145783	124902128	105373299	729870	90499	54055	100131320	91695	5616	114814	283777
gtex__caudate_basal_ganglia__M004	57185	10181	23129	3980	57019	56928	55049	64847	8938	5689	728642	65220	5980	57467	11188	54903	5536	81551	8635	23644	11284	140876	3309	57101	9603	51474	1535	3700	51663	84256	30	6433	23041	79763	57143	5476	1265	22904	7629	1606	2065	7075	6550	9650	79091	80347	79990	7030	8518	1459	6949	10290	7037	2213	37	11343	23140	25930	6813	4034	57644	1785	5663	54437	29992	55696	6790	4849	55608	51161	6614	8655	8550	4938	5829	53827	7597	393	5996	10296	9727	55632	825	117584	10013	25805	7593	79629	4650	6598	56241	1565	23170	11020	5706	5700	89932	8106	5106	4776	28231	5753	10528	3420	3750	6901	5935	10240	3299	65057	25839	79152	23417	7249	4833	64428	65990	9028	9780	22995	3551	54108	1936	26093	54922	3249	29062	8662	8985	10467	24146	64983	54829	7016	56654	20	51010	83937	9126	9110	6945	7448	9094	1665	3083	1075	7704	10938	51111	4928	1119	969	11052	84727	5777	26235	23113	8382	10902	5067	3280	1154	25981	1181	85461	54760	7841	84759	2202	25972	3336	115353	51253	5768	6814	6429	6421	1486	64175	8643	2166	5826	9913	54867	84795	6950	56943	9617	59342	55268	1	65982	5290	7852	10755	23091	23363	343578	5335	6431	60437	57510	4201	79902	56731	718	3397	7389	55795	3276	10436	8409	54973	23309	14	10142	80115	51691	79706	2318	94101	8520	8924	4016	5338	25759	55780	6303	57572	10095	10844	9473	1786	85313	9584	60401	116983	10401	3996	4148	55556	51308	22889	1116	114904	406	196441	54522	79070	9988	57639	4005	3679	3178	3300	1593	55316	80774	3142	55755	8818	7507	81873	25844	55227	8737	84300	4926	22801	6176	56267	10561	204962	26160	3795	51163	121260	283537	8608	57161	4240	8826	6457	3687	9785	497190	2588	8844	9520	10650	4864	11322	56270	1291	57140	105372481	57333	473	3491	148932	51093	11221	3608	128061	142	84696	9391	23020	284992	129563	114790	7873	93627	285440	401262	57038	116843	221960	64434	2796	54801	210	6837	9328	56904	92715	92170	27315	710	871	89944	117532	84304	9344	23457	196383	23310	91409	81615	9050	117143	5937	200014	81559	9056	133383	51001	64319	7567	1831	124565	114822	55113	83850	222068	92822	8822	65018	4720	29980	5692	57519	51249	51673	388284	4882	55721	23076	8566	6271	199746	84911	5635	160622	7627	80150	54987	130162	72	388962	55139	4825	57406	84818	1849	153396	26266	79778	2669	6850	138050	65083	7253	3636	382	11164	169714	138311	90809	145376	153579	85459	27343	25911	1353	322	5598	201161	4837	113174	4141	245812	51148	146705	4597	124045	124997	1642	7439	89849	283234	5729	64943	200845	84879	197259	203190	51252	10713	5480	1285	8233	284004	1107	10446	57148	6773	98	284076	120526	55657	8841	55092	163255	566	25988	150678	30008	729092	253725	90288	55191	156	7388	84733	83759	80311	9416	148014	11146	79683	5708	6199	22877	169841	286262	2290	254531	112869	197322	375189	7298	23141	64787	4808	2314	158056	6232	196403	2907	114932	375759	5187	84667	4261	340390	55783	118442	9625	64582	285973	575	5571	91050	7318	3770	100506504	2621	84536	4600	57634	84206	253190	64410	29110	256281	131096	71	116447	9735	124751	9968	286256	23764	7469	340371	267002	8651	7026	10336	1762	79581	402573	338657	116985	147645	339327	2701	5757	10507	339451	6300	57801	401541	282973	26155	728780	196528	441239	165186	124602	9725	84163	79711	9612	162993	100287569	2316	160	399909	6799	400931	100190938	142678	645811	8227	440295	9814	90987	65992	439	339541	2153	3151	51490	9722	92565	2664	54923	1616	7923	4855	80863	643008	6499	4439	1460	199	7940	79583	339453	100316904	131873	50840	338799	1427	3073	4207	57128	619207	11331	4636	100130449	343263	122455337	9842	84627	2074	101927117	104355426	440498	728537	401251	7503	100506409	105376736	101927895	105371450	79940	2876	100506421	100129060	90673	645676	154790	105378828	5863	387723	105378580	9884	101927248	115557	100131434	112817	5297	25764	632	55052	340526	9907	3588	64968	1650	105377105	284080	390595	100129917	90342	388610	728888	100133315	127138868	101928424	10597	388327	145438	26589	102723670	23246	101929480	124900372	100294362	27246	80022	107985305	100507218	100507373	55957	8517	100507423	4302	79873	114791	29964	79893	100506516	101669762	105374254	107985177	155060	100134869	641977	130872
gtex__caudate_basal_ganglia__M005	3075	8837	51364	3683	85477	1770	6401	9940	9235	10233	695	55	6556	972	3082	960	4593	79645	4481	1767	3371	822	10863	8538	1829	60529	1112	639	6916	28968	1117	91526	10797	8832	7158	5774	10610	9620	55843	4791	3566	9576	7161	139212	5788	26074	3383	30835	3568	23594	27285	5742	29760	1390	114327	5008	27128	80832	4689	113278	55815	64799	4948	79848	6674	23516	951	259307	10859	6510	93233	828	5294	8701	79989	22797	3315	1842	218	51225	8714	10891	79864	64231	51338	2348	3587	10114	5450	345895	4117	135138	168090	53405	3702	28965	1809	942	84223	79858	9595	3769	9173	79083	8942	116444	1063	7276	55259	79747	6446	6696	8013	1441	159686	80129	80231	27019	64333	3071	3164	164781	128602	81578	6745	54436	10257	3659	3553	8740	2354	7053	22918	5858	30817	3976	26150	222256	2302	79651	7137	83861	4298	59285	54897	164395	341883	1262	5176	26166	241	4608	161003	4922	84125	84332	1794	90853	301	948	26298	80705	3569	313	84073	401551	4609	26206	83894	5547	7225	85016	23650	834	5330	9023	55329	84888	22915	2201	85478	283385	55647	319089	161253	8477	122481	7453	80125	56964	91807	3394	90506	6563	9123	6398	3487	7409	4542	89790	6518	114827	163479	2212	56956	6097	6279	7170	7483	4867	1261	51281	1295	51316	55016	6423	83853	10788	25816	51473	90523	3486	123	60494	6768	83706	64407	4143	374618	26353	56659	55521	285313	79925	133690	200132	79819	651	160492	4929	153643	153478	339145	3773	162282	123872	124739	136332	130540	200162	6503	118491	161502	159091	93190	54768	150082	92749	144406	57822	91544	254050	199221	3017	158787	375307	55567	127731	54102	861	149483	84229	89765	54058	286207	149499	3101	8741	22941	81570	220004	127733	254173	126820	284525	467	128153	150483	132671	200373	79626	6280	152110	81788	151651	56999	1230	79442	7802	348807	166929	8492	729830	133923	493869	133584	167838	154865	117289	84624	136288	4982	114788	91147	286464	1536	1365	219681	51339	144455	79841	146562	26253	115811	146845	80095	29785	3903	352909	51129	83659	147138	220001	114990	83657	200403	3575	123355	79740	4920	55130	6373	150248	5724	169044	3684	8460	143162	202051	126014	341019	55561	116844	64446	5031	54777	83450	3603	220136	221421	541471	10855	79625	8793	339778	64859	162333	128344	220416	169166	6578	685	201625	146177	196996	8061	56673	10301	221060	84002	80122	7050	648987	440836	129852	286187	7056	124989	220388	256815	79730	144809	127003	347088	3059	23526	146802	84698	225689	347736	255101	2567	100652824	1436	302	160777	399949	89876	100288072	401145	150147	348013	5627	83656	55911	646851	285600	727910	254956	496	66002	728621	10345	158798	4051	387885	642987	440585	64800	138428	387763	389118	374407	342979	400891	401944	387712	375298	5104	348645	389799	144535	283726	257177	399948	284759	3117	128312	837	401124	341676	5265	6693	64078	1288	196385	80217	100499483	255119	7004	54830	1438	9182	642574	1378	345930	2214	400757	9935	3122	100507244	138255	83538	57126	4489	647309	283314	56245	402160	389161	55779	25790	1396	153684	730112	100287898	10437	1052	80830	112597	102724297	3115	128266846	92340	100507540	105375448	150538	728763	102725191	100507533	100312801	101927532	101927441	100506885	389333	100287718	401236	154449	91548	105378909	3113	107986809	643596	105378916	100130881	414245	150142	100048912	101929335	391123	629	642819	149465	100131176	80086	79168	255130	643911	101929524	642924	105369147	100233209	100505994	283152	100505875	221409	101926904	401134	101929709	100507487	101927565	100288001	105375743	23642	196475	283948	101101773	23601	145694	147429	83481	101927288	400612	101927931	246176	100133941	154313	105377540	110806277	105371267	124903525	124906280	112590798	101929355	388963	440905	107984270	124909384	102724646	101929006	401577	286042	349152	100132057	8418	646168
gtex__caudate_basal_ganglia__M006	6863	7005	2328	9031	1355	54896	2824	2978	2006	5982	10319	55761	55623	24140	29121	4040	55658	83642	3993	6389	65993	22978	56922	285220	64744	55892	8602	57091	55741	23409	51605	10914	10683	54890	7051	26227	63967	54187	57715	3189	3594	3983	56952	9274	26517	8220	23616	89781	56993	80020	9978	9889	10490	10398	79863	79576	6594	51260	56271	57149	58189	6810	366	26015	79792	8677	26017	84167	56961	1155	3718	51599	2077	9512	5764	6878	58498	7458	9355	10488	219699	64115	81855	80351	79004	23560	9487	54757	54868	90410	26511	4717	80273	91057	23788	79080	867	9049	4048	4256	51258	23074	1822	2570	54516	7942	705	8899	8287	28972	51639	3485	10153	11315	3749	3399	9129	79033	8548	387338	29937	90025	55051	84272	25927	79591	440073	6883	54937	11340	64091	8702	91614	25950	9559	1757	55509	10608	79586	128611	88745	27109	399512	30833	79144	80023	55321	5690	10870	2123	117177	117166	7978	84060	25913	3663	25847	1032	27180	4738	2593	5819	25873	85441	26152	10155	57470	84660	25926	22927	84701	10882	126299	7700	7691	54558	51805	64773	51526	79363	55425	84106	10894	5738	9704	11095	1840	4907	26056	5279	84101	50853	64759	9238	84317	29988	90865	84681	55362	58487	64776	5607	27229	51332	84925	57575	7222	839	10219	84298	122616	1583	8996	92579	284111	112483	90378	23410	90580	10256	8543	128346	57645	80222	79573	79169	64241	54465	3329	55164	201780	3779	84630	7162	253714	154214	84310	79034	91782	5440	6835	56623	23590	56288	124446	283078	10284	132851	3606	1456	4718	150709	3758	284306	152137	255967	124402	26175	4900	55286	252969	27295	84532	114	10069	391059	7547	2114	347734	90993	84262	8365	9753	85414	6493	7791	653121	1476	85395	84221	26097	1234	54865	400569	148930	130132	126668	84283	6746	285521	8833	22950	51246	25886	132160	11341	10393	202333	9232	7559	9897	4712	26050	2350	158584	10495	57608	53981	5654	1152	123228	7753	4004	55897	4130	114785	81605	10449	55762	113655	83547	283248	1877	54541	8309	4336	79064	161823	9836	1876	79663	4330	4881	83987	27247	201255	4493	7480	79724	136	929	57228	94031	10474	64080	27115	51545	54811	5734	198437	375444	84331	83886	142684	5499	256076	80011	91749	153770	653784	26472	6573	80012	126074	2787	115019	10897	1212	202309	402682	6051	56888	6888	10949	253639	55152	284241	27132	81858	23580	55017	84922	284273	54952	389197	79692	399664	84890	55228	11248	283870	389075	5121	9403	150209	29944	131675794	29796	80213	10078	374659	8971	140707	27124	147111	374395	79943	105	23299	84937	388567	100129075	11006	200728	388335	284325	6613	340719	374897	26010	9687	9883	342132	2050	7088	353088	113835	91373	5253	79892	644890	342926	83694	84433	24	9086	196051	134701	84455	659	100507436	7932	400710	790955	55851	4496	388135	10215	727800	4539	51157	9311	6827	221914	402	10011	113179	91664	100130894	387804	100188893	100130357	109286553	23467	388759	101927420	100505696	284184	107985228	493812	4509	101929147	114821	388789	105378753	201229	105376748	6234	64288	9278	254128	751580	100132273	107075141	7844	23547	401074	9054	101927612	497258	55766	192111	100506282	729013	100505738	100506668	106480796	100506169	8641	90024	692247	286103	100506606	124944	102724814	6038	100130933	100507588	100507599	105371115	100128822	10929	100130522	118827811	100288122	100073347	388523	110806280	401612	8148	118568825	123706513	8353	3012	6348	284106	100862671	114841035	100289495	124902204	56260	221442	142913	283922	147166	389033
gtex__caudate_basal_ganglia__M007	90293	84254	57414	1750	6792	3423	3670	57586	3298	10858	340533	5662	2983	9892	84679	57595	492	3632	10681	7353	27330	84708	57719	119	27092	51412	5063	1641	1005	3776	3797	22924	9762	1114	84502	51310	23031	112755	610	29799	23551	9145	8911	140730	57144	6855	340554	8237	1821	2259	160851	55512	54550	23359	56704	11075	5864	25789	1749	2051	27075	6456	26033	9148	114815	10900	708	25758	55531	56341	23316	10486	8936	1004	2257	8745	51652	7475	58512	117178	6543	26507	3208	22987	644150	23349	78997	29993	57699	79085	5126	24141	9143	57464	2258	23025	25830	27237	6860	23281	2835	78986	8536	377	51361	116986	5502	23017	6326	2572	9568	347252	3706	5530	85352	4704	6252	83851	376267	1039	2774	342667	59283	402665	1944	149111	127833	285175	57574	285533	285855	84553	2830	94122	114569	9118	159963	6327	64405	144423	6014	2977	9456	814	115827	781	57338	9868	84033	2849	5799	23362	375323	23057	3745	55607	1780	3362	9900	57369	2785	50651	163882	3754	150726	85443	285368	94032	4043	8927	9348	1020	282974	55530	57611	85300	90990	84926	956	3761	51362	1128	146395	7881	9185	9758	51617	57484	222008	164832	79145	26115	90161	5581	81831	3777	8941	65989	8507	57687	7857	10231	2783	57175	338692	111	6731	254263	89792	80059	148252	2788	8851	6330	8408	284716	8541	51046	401474	205147	404217	80034	9495	151963	1132	23109	54112	10193	3739	9951	57118	646658	9241	4978	57528	3786	256714	3751	1850	1812	64409	5453	80333	164656	342865	5575	345630	344838	375567	149297	7259	400745	11122	5456	388662	50861	777	9747	801	347731	192683	22876	134548	340527	390205	220164	348801	131405	84258	125113	594855	534	645191	5534	91584	1159	285954	101928555	100131244	389813	10687	100131067	100507341	105376541	105375624	23732	83482	91608	284615	2904	112441426	101928991	4747	101929059	100129223
gtex__caudate_basal_ganglia__M008	114881	54814	22902	56052	4234	89801	3074	25875	5291	57418	4638	4802	9399	3421	4943	56850	537	60343	55743	60	27098	11158	9933	102157402	5705	2280	55968	25977	57192	22861	4345	54620	9463	10478	50	55687	1113	63935	4923	5127	8131	4150	9325	55174	4924	1760	53635	6449	10469	93436	2901	11033	7036	3614	5709	84687	10227	55572	27339	10612	55626	4598	3736	7167	5528	7701	5510	515	10067	51086	64960	10327	56912	5325	2281	23155	64105	57468	2806	83541	56926	51614	6495	286336	1678	84286	25953	8930	9513	58986	5589	55201	3727	10422	23404	4294	4354	29893	261734	5914	84152	8799	145447	5894	23558	26284	93611	4212	148281	902	54606	229	2766	57569	84162	51279	145389	10516	54925	22980	5636	90507	114804	4152	5211	6455	23179	375	3707	80775	79137	6167	170954	4191	55869	93100	220869	54886	84280	57325	51524	128853	7108	112936	53354	56978	130940	152992	129831	132	55707	115817	8764	55698	1827	5710	9114	118424	5900	84446	55585	1173	115950	55220	375295	55249	64789	51368	168002	27012	10922	402381	23300	440026	6447	5653	55611	6520	56947	221749	2705	83985	79058	55031	53838	554202	7064	1798	55222	10025	5771	3615	258	284485	286499	2193	22827	253650	22820	53820	128989	7378	340061	400451	51259	339559	284677	7390	10811	199953	60491	9819	92070	7741	11194	23230	2870	118472	4194	503542	26071	6046	54458	653082	27040	2968	1454	157574	51400	678655	55670	96459	348262	100507057	107984948	121832810	100287482	29057	112398	118597831	79154	107985892	5387	100505687
gtex__caudate_basal_ganglia__M009	51534	2067	1774	6642	54875	54929	26986	998	2046	56666	38	7879	23016	273	55604	57226	22929	51171	94005	8544	23415	1384	9524	23541	328	10278	26133	10084	64788	56061	55313	2267	3191	2217	92960	51343	10226	57794	23474	11333	4969	3959	6484	114971	217	8683	55776	55856	6206	135152	7101	7265	10675	10625	3155	1810	6185	5887	8835	8743	80148	152007	10102	7270	79639	83460	51234	6183	6192	51388	5111	114034	694	51669	183	80896	10588	51754	84811	55177	118663	85455	79631	23174	51651	83608	7157	64129	116841	4211	165257	90113	255426	54511	347517	50814	84296	137872	50808	10280	4253	7316	219670	7073	57407	146556	11269	4599	150946	64699	11182	4796	222229	25946	220002	283237	127795	476	2199	131474	3015	10370	138716	143279	219287	119504	51700	90701	5245	6632	56905	83473	54815	3921	3592	202374	4584	7564	93622	6902	4135	92342	682	118487	79877	440574	7423	5029	146691	79898	155382	23625	147912	100049716	5886	24147	23641	7325	3985	8241	83733	130502	79174	10587	390664	100130771	149175	4887	148254	3858	101059918	3006	353116	3014	163081	219348	5770	23660	309	84435	148198	4828	26058	177	80737	90333	9289	100130311	286827	255374	101928527	107985820	100996539	266655	652968	27297	401115	100505678	56108	101928290	101927989	54460	112268241	105377633	126661	100506022	101928583	117134596	105376860	100506012
gtex__caudate_basal_ganglia__M010	26073	7305	57514	5954	83714	770	6688	54472	56925	363	80271	2512	24137	54439	3053	5594	157	55954	3055	79953	8411	5611	9717	5516	85360	10148	6320	9545	136319	10493	506	10019	1337	9450	56132	51294	60672	9480	63931	8161	54440	170685	116138	5623	25824	6237	57479	1315	968	83483	157922	79465	6627	92154	5994	63982	4829	25934	83666	92979	5195	83442	963	5202	4170	8416	167410	84249	55281	53358	55327	81928	114134	9531	148534	10309	11096	6782	9508	22986	3788	10163	2207	2539	7805	55450	284996	151636	165918	2982	23379	55109	22853	157753	54769	84302	158405	25841	4714	115708	5092	254225	149603	9796	3622	10791	260434	23235	219738	1051	114900	9420	116535	203523	375387	283951	81876	23015	374403	126272	54344	223082	124274	54494	10224	2149	284459	84439	128553	80164	8690	80258	28958	56660	6991	260293	401190	257106	404037	1978	92737	653720	4520	340120	51284	55534	203102	6281	55924	57089	4541	4513	4519	63906	4536	116443	4540	4512	4537	4538	4535	4508	4514	158931	3133	100131897	57469	285636	113219467	400798	388559	442319	134121	163033	51372	91368	58496	10637	593	222537	112441434	109729181	112267983	100507421	9554	8330	8857	1602
gtex__caudate_basal_ganglia__M011	4706	4190	9921	11345	1175	55854	6416	10294	139341	5217	29089	3093	55322	1540	22911	4313	4708	114882	4713	4809	51382	51527	5634	54602	10273	6923	54332	5862	4946	28974	29086	11316	22841	8787	4591	55907	51596	1347	55754	5201	55819	10923	5810	5515	23548	57222	8992	9616	11334	57415	523	57142	55041	9167	51377	4709	56252	81892	51646	2805	5110	11335	55847	514	4694	6633	6629	83658	1340	10245	1350	5322	10975	7533	9296	6638	7905	51337	51250	27243	93974	529	1349	4695	80762	5901	84707	83857	8774	55312	29979	51719	1329	4711	5695	90871	11258	85465	10097	29789	79035	10300	4716	115024	5694	127703	25874	52	6637	4726	55651	6251	5995	60496	29087	291	60592	221895	518	528	9556	9530	114928	516	29101	553115	112942	92703	80145	4338	91942	4724	154791	1345	6990	3251	64112	27018	54386	6809	7529	10632	2879	5871	10980	388753	27249	4725	7386	5604	7336	3094	4696	55352	10248	9804	84833	10302	126328	125988	5870	54998	401505	5441	55272	84987	55030	27335	7485	55256	84316	91689	4707	8508	55967	140597	10933	51079	4697	51155	5478	140465	8270	54557	59286	9867	53344	653308	51451	280636	7416	29092	9551	539	55845	23741	100506551	112812	4701	84740	9326	7703	5691	2630
gtex__caudate_basal_ganglia__M012	1890	51606	27122	8692	23446	2346	7018	1471	51090	79006	208	27113	4099	573	5216	27086	8704	2309	5354	745	2868	92675	4357	1854	50632	54958	80758	2874	84330	57471	5168	162494	9775	10899	2987	5137	122416	123803	5745	11282	51375	64399	11168	29123	57348	94274	2495	5867	2861	4815	53342	57571	1267	4642	4062	80324	57104	9377	126003	168544	389084	2894	6900	90135	122622	5034	57698	1604	9745	780	4340	643965	131118	401264	100505771	55861	102577424	101927459	202020	79148
gtex__caudate_basal_ganglia__M013	6224	6141	6160	6193	6128	6122	6217	6223	6142	6158	6143	6164	6207	6152	50512	1933	6209	6146	6230	6144	6125	5204	6204	9349	6155	6210	7024	11224	403	6205	23521	6135	6202	6233	6161	6189	8667	6130	6188	2197	6156	6132	6154	6159	6208	6157	6137	6227	6201	6181	6218	6165	9045	4666	54543	6168	6191	6147	4736	6170	6235	7311	6173	1937	6139
gtex__caudate_basal_ganglia__M014	51330	50619	1356	8531	81671	602	10272	7462	116154	57664	57817	1440	83871	339488	1475	54210	10485	5880	8572	3601	1284	29923	10068	6769	85450	6001	10205	118932	11326	714	91156	3576	2357	713	712	4869	9021	1282	6274	12	114769	105377986	720	100874047	103752584	3240	284276	101752399
gtex__caudate_basal_ganglia__M015	5837	55160	6717	54498	56948	5425	51053	547	83549	55544	55250	11117	53831	8991	275	339105	3621	55343	716	83943	401562	283089	285958	84773
gtex__caudate_basal_ganglia__M016	55001	55862	1445	55294	23195	10342	51102	56122	8836	80162	56950	5805	29800	27236	81565	100506826	53938	100289274	11344	255403	9236	6880	727758	442523
gtex__cerebellar_hemisphere__M000	2519	2729	889	23072	29916	56603	57679	55471	381	84254	5965	996	3980	1387	6936	55904	57414	26224	7543	6833	163	10127	55971	2115	55750	57157	9855	10926	60528	57787	8522	9254	53616	9043	4784	6482	5310	7812	51533	9546	51099	54799	51096	54476	9066	23395	5286	5536	23177	57146	2137	8284	11183	5704	823	10463	1355	637	9782	64132	23386	27032	1272	23154	23034	9369	51507	57210	55778	3298	8635	5583	55334	9135	51306	25897	7414	5981	26009	27430	23644	23517	9765	79567	27067	65078	5685	54165	1495	22884	64848	51606	56204	57646	10659	23518	2006	57492	23327	5601	9564	9709	5291	84321	10198	55761	1112	55745	29945	23095	23224	23201	51602	3757	8454	26999	23118	58508	23369	8975	5218	816	1608	4084	6515	51660	51564	1001	7771	4058	81671	124925	56848	8776	2817	3029	50937	6873	5476	10147	6558	11218	10203	9351	54887	3843	91526	3735	23536	55633	7089	83641	8621	6602	4802	27107	5315	7158	6857	89795	57595	492	9759	63897	4205	55593	7030	27238	56850	23250	25885	10235	57560	221395	10294	8514	483	4734	10681	7353	4040	8518	5774	54916	10640	79364	5423	55062	57704	490	23161	54556	26528	51109	5566	87	27330	22905	224	7037	2011	6793	23291	6605	10644	8301	4905	5522	8726	7251	54878	55205	26034	6557	57719	51175	9671	8672	27332	9462	1739	55973	9733	11176	25930	113235	22978	5609	83992	7155	54431	23032	1781	143684	79960	4133	10529	55331	5527	8028	117	9452	7419	5108	57690	9139	83737	51150	862	114880	29843	4983	22999	8417	9817	8671	1005	57092	55218	4208	22869	440515	65985	9812	93664	56113	51668	6604	55100	58538	9689	4200	55322	23136	2932	23085	79728	23033	7994	79670	9706	3842	22894	81550	91746	84273	334	51729	790	546	9522	81929	4216	5243	55624	4799	10573	2196	10075	8898	9489	2775	55239	118	2778	10059	339175	8886	8570	23348	1795	23368	9762	22803	55857	22895	29965	55285	57062	8812	57060	29888	84572	2802	8761	57192	55066	2734	27327	114882	4897	3912	1738	23335	9352	23231	83394	26575	55012	55072	55632	25831	11198	54822	4637	26523	9117	10013	139596	51430	4214	57715	9044	27154	114327	8317	79956	1153	4670	9524	2872	421	27037	29801	23786	10291	23384	23759	23544	11078	4809	9681	55964	6942	9701	6305	1727	4174	23543	54471	25828	23112	6767	9978	2033	55687	8814	51199	5684	9786	10598	23002	9517	22938	3705	6430	1983	23405	79038	4522	9252	55671	394	6729	57680	80344	4792	10484	5875	9837	22981	57446	8480	7165	80331	24148	26164	55738	1917	1457	9751	79863	23347	55125	8731	8715	5932	8780	4281	6839	10735	4168	6855	2332	5230	84061	9767	8237	9468	259232	8874	2254	55578	11151	5257	9688	10725	83752	65009	25839	79726	83693	9013	26048	408050	1186	79791	10273	7329	7783	23062	51283	4150	23420	9738	10391	8925	123263	8120	80208	79848	79752	7976	4683	6422	55284	3574	51366	23484	4741	7991	4173	54793	1891	4793	6625	79735	166	22870	92609	2821	208	9253	11100	51343	29997	478	56917	5802	1954	10945	22900	7728	1628	30000	22983	3718	23373	93436	79036	6324	56006	23080	154661	9512	10135	79872	4967	64327	10049	8887	2887	2617	8662	55131	84132	1174	8985	113263	54664	51422	5425	3984	2218	7046	7091	23081	23189	1993	57582	8939	20	3257	11196	11101	59338	64072	9806	54462	8729	57584	22849	23185	10531	8453	6158	7343	22794	54894	5889	5414	4591	3837	9487	23125	8402	57003	6603	51747	4355	64750	9343	7531	26118	9368	90410	54940	64854	5602	27309	1363	1182	51091	23321	55294	7468	57620	2743	9693	7358	7704	23360	7007	54414	10938	22897	26273	84680	8567	79829	975	55531	10944	5715	8496	65981	83892	4891	10728	65117	51184	51699	80824	80018	81539	55832	5869	4848	8914	1108	5564	9847	1911	55188	26127	387119	254394	79632	57515	9750	6428	221692	22858	10486	9439	81688	9896	57221	7957	10846	84498	56940	1347	26054	11120	11044	3157	10902	23530	6678	3550	3156	10087	9685	900	4001	10111	5515	80006	10915	4090	57222	8992	80315	1627	10051	51185	51421	26355	3836	5096	7337	1294	7375	868	55081	2632	80325	22937	11222	64689	51555	10057	27086	1981	6787	55683	81562	150465	4691	10096	57669	51277	2820	51130	25801	79745	57142	55704	10314	55120	6772	2744	23301	8869	55818	5510	10494	4953	79954	80067	8604	1615	4999	9167	63892	2043	7840	27101	9731	49856	6146	80267	5906	55870	6421	54856	9181	9829	10625	90231	9927	9887	6738	23207	10000	23266	10765	84966	117178	4179	9129	51107	533	10327	8503	387338	50999	9588	3290	23443	55758	56181	25936	5511	51060	1509	4297	23271	22926	9789	1268	81573	84251	23469	5325	26234	2309	84071	25782	57539	9330	440730	51552	11064	79109	57706	56252	91754	9870	27030	58517	4329	10936	1788	64225	51646	54812	55719	3416	57678	284058	2891	92344	6950	84318	29880	11340	51247	51780	7181	80298	51019	317	1191	10174	23435	8405	84902	80218	64786	576	22865	114784	79712	84248	130916	1314	84293	27241	55975	64224	55234	1271	11319	8034	9559	11113	79039	23389	11228	11059	80760	466	64333	64375	85015	29994	2181	8202	514	5335	6780	4552	79072	10396	23326	8239	29993	89845	6310	7913	9208	23019	9375	51081	23163	60386	54520	284800	9491	11034	6629	128637	80818	11190	7389	7067	3276	2002	64430	22890	8021	8273	821	64768	5908	144453	54429	23352	50809	79939	6597	14	10142	5782	5189	8910	85378	135	23780	9732	25913	4698	1123	1854	54982	10776	1315	51105	904	84932	84074	9070	8881	1804	547	51690	51429	84816	55201	170463	10439	25814	64793	6874	9885	23211	84660	1786	79088	6535	55558	7776	7317	9590	9584	23229	1327	1349	10487	64432	9467	9779	64145	11127	10197	47	54882	79228	10948	9557	64087	54862	10489	5894	23378	55037	8864	23108	10514	23480	2926	26057	9406	1742	54496	5786	7818	22889	9826	3508	10955	93611	9205	4628	23164	25778	84923	55643	84246	9215	66035	23608	116988	694	91298	79572	3845	3612	23075	272	81846	9645	3295	196441	10752	55119	6272	10390	10717	8774	56907	51535	377	79022	54407	10971	57498	3572	10440	4677	84991	284252	9698	55250	1837	25941	747	7174	3703	23670	8728	79616	23014	50640	6733	25821	577	22881	57231	2045	51317	55226	4076	3679	9053	5570	64780	85021	10574	8291	2799	2752	9857	51455	55654	79074	26122	55681	26586	55213	9445	1102	9771	28969	80727	4836	6426	7716	10238	6434	6326	64844	2058	51133	26750	84317	1025	51759	9649	64855	55755	7539	84253	79139	9373	55833	55667	25844	10211	129685	51439	54843	27314	4750	57569	440279	54839	27229	102	54816	8412	54874	5876	9411	8634	26160	80745	10097	8884	9581	80204	51374	10128	51008	79800	4664	9360	57520	29789	6744	10152	3685	55032	9728	26035	8482	10144	22872	84162	5910	8654	9908	950	901	57619	27068	79807	55605	4704	196500	282809	6996	9107	79035	7786	60314	5925	65082	54509	64403	4857	81542	122786	8816	376267	91833	81614	9990	6938	6652	146050	2958	6727	8125	10363	49855	7168	585	55180	5428	8826	64784	84656	7385	10261	8720	23174	3394	54849	8844	84916	81577	5636	10140	55275	9905	22901	1213	54828	25800	64762	114799	114876	27043	4864	6904	56270	494470	4152	54877	90378	4782	207	11132	79932	9064	23038	84224	5567	1952	25874	5451	9970	5546	23179	6097	80222	57530	81609	2029	405	23126	3756	55061	7159	8751	9898	25912	65123	2590	1130	84451	9859	4931	375	8497	92906	27436	6233	51057	6637	23020	94097	113419	129804	3899	83607	57282	3329	84236	9686	79137	9125	152330	2803	91775	116931	57552	9711	275	9515	287	54532	285440	10299	1016	6715	5295	64924	81555	23092	2561	54540	255426	79930	285855	57038	51390	57583	4191	56996	11011	51631	55869	6872	8473	93953	27316	91782	11212	54212	9705	6867	84513	54904	6129	55638	9166	4781	203228	4915	58499	25792	114789	9919	6935	2746	120	54788	1979	22984	51144	84364	5058	4684	472	60496	10525	26007	3992	3619	9651	79869	128497	738	8448	84159	23284	4253	2823	116966	22948	134145	85458	9871	3708	57512	288	1977	9223	1456	143187	57700	152485	4306	54842	6868	79750	667	221336	130340	9910	80097	130074	26040	57724	5163	127933	6695	284309	255967	5213	2893	4154	133686	23171	9453	85445	9412	5352	55351	152789	10283	9425	3192	5903	6328	50807	22878	79888	25827	7342	80790	9320	1054	140890	1105	8526	781	7070	375056	8470	2551	7508	9989	5799	55529	23097	55326	64210	55027	23367	166968	285172	65062	56776	92370	2334	137492	3798	23362	91748	3778	157657	29104	57466	6832	1915	9246	25921	60685	27020	23522	142891	80223	115416	7862	23057	491	6529	11030	3084	261729	3361	9069	776	132949	54778	1859	257397	124565	114991	9162	84262	9478	84255	121665	64897	26100	116987	91544	388591	26053	23382	9334	55607	56946	137964	4681	92822	8703	64760	2035	79053	54461	56683	8867	94104	6651	29980	1827	23515	5692	57519	117145	267	89970	9813	1487	9114	6002	4882	808	55108	89765	23076	4047	23181	112724	57731	23387	6294	103	55129	23218	51160	8878	6132	222236	147872	284361	1973	124093	57465	81570	51727	4116	205	3716	55225	5928	81629	1953	8880	148423	148867	23528	10092	3765	8682	5824	148362	100288142	55083	128308	27185	4760	7447	56916	23248	6944	8545	285203	8320	64343	201595	131474	23114	23122	100507246	151987	57577	8618	23001	57018	7871	323	78987	151613	11073	54861	51304	64769	59343	55764	8314	91869	84448	64789	166929	133308	5364	256471	51368	2912	1849	79884	64399	54726	91137	153733	253260	167153	7098	23305	134549	134957	54329	10569	168667	222223	5828	5885	54919	23353	55074	7534	9897	51271	1536	5277	26130	538	22829	364	7415	84720	63876	9147	509	7417	64324	5979	55701	55088	29763	145567	85459	154810	9702	83700	112937	6692	8945	55323	8539	9221	9318	1200	159195	79608	3419	6764	222865	7702	50810	9640	9665	162681	10845	23306	222950	4130	64400	114785	2923	5245	201191	51117	10999	51704	7644	51755	125058	112476	2879	124923	8085	2819	84717	10501	7775	283987	6730	25837	26580	199223	4054	10980	55209	55788	359948	3800	123099	55602	6575	6774	8313	753	53353	54910	10098	22847	53407	27065	85476	56884	7336	23099	255738	148823	7881	9197	9839	7798	2194	2873	123591	202018	7360	84894	1501	163590	51621	126917	1107	7532	10477	116840	201931	9720	10491	4798	4086	55890	57148	4862	5036	79071	5272	1000	9229	5429	79145	84864	9788	2941	84437	5569	5581	9655	81831	4884	51013	541468	171023	24149	22883	51523	55729	10243	23261	2628	5394	4300	5728	83660	51030	221037	80032	83452	8462	10201	54205	7690	140733	1798	253782	80765	2783	9854	9338	4299	54971	10125	30008	79612	90288	6169	26960	338692	79877	93624	283450	22992	65059	54625	22885	91749	2745	2804	49854	1600	10534	5797	90441	1106	57674	23333	6712	5936	200933	105370792	23269	10594	57659	128439	253959	389524	488	26047	582	10260	9543	400986	148808	90806	124152	6731	5174	201626	170506	1488	56945	200197	22843	10025	9537	55844	79772	57628	5870	146712	55508	340481	79666	63893	1479	10301	55254	284001	25914	283377	205717	2524	84901	9632	140775	4524	64787	196527	80324	80205	347862	3737	7156	253461	64110	441951	7182	79751	79718	3725	79605	285267	30832	55929	9659	55152	85460	25970	55175	2066	4094	57184	4351	646023	7284	80010	80169	23212	285343	9500	285908	645212	84232	22864	9378	10194	66004	9282	221687	387640	169200	79642	160298	84698	404093	23513	255252	25994	92815	219902	9625	29072	205428	414196	10193	79673	134553	64785	91050	55228	84629	2131	81532	8905	785	122553	55666	23265	79598	439921	23236	100506380	51335	221178	18	2621	64478	83698	91689	9802	54880	158358	339039	57634	253143	23194	56941	4978	29110	23466	150209	283298	89876	10766	387893	6900	152579	5504	64061	220	116447	9735	4303	1850	84189	5142	10801	9923	7327	3714	752	6092	26985	2972	56899	11124	3297	114659	9146	5892	123283	25840	80233	9899	169611	6667	89782	5034	5719	4733	51479	84197	257240	121006	84859	51079	57711	157567	23396	10623	340529	55922	3840	54331	27445	23040	23131	4771	7328	80829	53373	4137	23390	23270	79659	5757	7874	54932	26059	2563	6917	10507	7621	643338	1121	57186	6613	84247	375743	51114	643155	23029	130612	9045	149297	23036	163081	4697	5649	23450	126231	51155	84503	284697	145853	55629	441239	728661	26010	90321	6261	9901	84458	284443	9883	647135	222553	100289635	6477	2104	9612	55660	51434	60312	399687	4122	23654	23660	51321	4763	29966	140612	128312	23365	57181	199704	51108	388566	163227	284390	1778	9583	128486	79027	104	23729	4217	55753	4644	10533	26037	10210	84188	284371	56882	163059	5253	222662	1675	79892	92283	23315	6687	9019	55035	6191	5557	54708	9814	57209	84775	23334	777	54870	54963	5178	444	50618	9747	7620	83699	148741	11321	7576	285989	1500	7919	10920	6262	9652	10479	22909	57154	9578	5365	113402	919	22876	4976	9909	57713	830	7150	4215	9937	79065	9755	57692	1756	9848	387066	124900275	3633	26146	340527	65979	100652748	84243	57683	6891	177	1797	55777	7917	730051	90317	10399	11138	2550	642475	1639	3104	56143	56144	286144	1874	5150	6643	25851	3150	8110	353512	9946	283314	100128788	3105	22908	338799	81856	84258	23636	151230	5500	534	2595	8904	401397	55384	400954	441204	196913	340267	84461	285696	440270	55449	1654	64601	388815	114044	8718	96459	100128264	2189	5520	728190	101927027	729467	284577	101060691	101929407	100505641	284618	101927621	389634	284576	100505561	440600	386597	105374845	100131193	124902439	643837	100420502	100131526	100289414	101926971	257203	104169671	414777	728730	378805	101929302	100419436	643699	101926943	400238	101927289	8629	64288	100272228	400242	284900	100874058	58486	401491	654841	101927983	100506866	5863	400958	103352539	10432	280	10093	539	727956	140290	128977	23089	154881	84450	124900193	101929066	645323	100505648	644873	285512	100507602	984	101927233	102467147	101927592	100885776	100873193	353511	153163	100499177	85358	162972	157627	55000	440138	552889	5591	105376541	56112	91056	254559	23642	7556	11232	26065	90589	1523	91612	51750	90799	729911	103344931	105370888	148189	283887	10780	339290	400657	140735	284395	56957	9939	100287082	23380	57597	80022	80755	102724684	100507218	101927151	56936	23619	400818	102724105	100507423	100421415	448990	101930085	101060226	338758	105377023	105378083	11165	101752399	80039	26220	8926	3975	389856	388685	283683	57223	11276	57636	114791	6871	80725	93474	31	100289211	101241892	100506710	100507173	359809	105374338	113691	6905	339829	105376020	107985953	105377224	388524	283755	114819	100134869	54441	162632	400322	388165	246126	107984974	286101	440248	102724316	200810	728411	134466	728448	554236	647121	154761	5380	347918	641977	100132057	6648	124221	375690	105371814	124906262	79986	79963	80862	253039
gtex__cerebellar_hemisphere__M001	8379	26073	2288	51364	5164	64847	8228	64285	2328	23221	9031	7384	2067	7869	240	23649	50619	9774	2896	28990	11284	90326	54802	5954	5982	89801	25875	54477	27095	55718	548645	10076	30	57143	55726	57418	64834	8611	79641	6093	3796	55658	440	2046	6929	6389	65993	6620	6717	38	25996	57662	9138	51548	54472	1741	8668	51171	5705	8544	4849	55968	6175	23409	8079	2271	22861	23594	7051	1312	29911	3326	55506	387680	5714	26517	56241	51386	9463	8897	171568	10490	145508	328	51016	9985	4776	63935	26133	6789	5203	1522	11255	10732	54976	10139	57761	10483	10398	3420	10406	84557	7125	10857	64743	8260	64840	1203	55815	51090	50855	4832	8131	54550	58189	4833	64788	400506	1445	9325	26015	55011	6449	6618	51231	6795	898	2091	23646	1155	10226	8775	374882	64748	587	5518	29844	1311	2077	23474	11033	54504	6878	3614	64983	768	10488	8721	5532	80351	79991	219771	8787	80279	708	27077	6945	26511	4126	54433	1665	10227	3083	25854	28960	79073	10612	9828	114971	9976	506	55846	3736	217	4839	7167	3945	8683	51522	7164	6206	51053	2030	59084	3313	55819	7265	29102	6500	662	10641	10675	28972	92840	7841	84759	27429	10190	6432	51253	4209	1647	51086	10745	10969	79033	1810	23215	3664	25949	3925	79630	81847	2733	57864	57862	114818	1394	5110	56122	6883	4801	10237	9479	55791	57179	3181	30010	1211	170685	5204	1621	79586	55653	6631	5269	116138	51000	3834	10485	4987	56731	51141	57187	5126	92667	56926	51614	25824	6237	51119	8678	22826	8409	84286	83460	2791	7978	51234	3663	94101	26297	968	9526	1032	25983	23383	863	5819	9667	25796	83861	11047	83549	139728	9104	85313	10882	7322	10656	51805	3021	6388	5111	57111	1802	55544	51526	1116	7178	79921	57180	51669	10542	51303	3939	29889	746	9924	10505	1961	5279	80704	79621	10253	54606	10588	1101	4711	10006	2356	9550	8818	9380	2766	93643	11270	6176	55177	51332	5861	11117	10121	51163	310	317662	84925	839	92979	64062	57161	122953	10169	11001	124404	497190	6187	90507	10650	50488	112483	51529	60681	113230	29985	93343	56931	57410	351	90580	115704	57333	128272	83442	6135	3491	266675	148932	8804	5202	27005	51093	1382	4170	1513	8416	8991	10899	116841	2987	805	84696	64969	79998	11159	6323	29926	10550	29114	8893	10861	58478	9879	55651	84249	401262	84553	6993	84310	221960	347517	26260	6134	55909	83940	93100	10280	6835	6838	140459	80142	56904	286257	23412	29982	196743	57689	128710	84623	5531	83723	10284	339105	83643	132321	291	387923	10172	51351	123872	200014	518	150696	388272	114	55005	6103	9372	115817	1831	90993	3017	286527	130617	9191	10361	65018	4720	84134	9900	516	5763	149483	51249	8568	755	7617	84221	54058	6285	26086	84446	26097	51043	10712	4000	151903	9592	4061	4796	80228	222229	1173	2905	4356	256126	115950	400569	51035	57643	149428	134	285521	6133	84818	6259	7884	4043	9255	79714	401152	11341	26269	4886	4338	133619	116842	23462	10922	51808	203259	26050	122769	55172	382	5015	402381	23203	11092	138311	282974	29951	389941	7753	6157	23423	90701	219539	6447	115752	7008	6632	84807	124935	3396	64223	54949	388753	200845	84289	10963	129303	80723	5480	56947	5604	65008	93380	83987	3094	27247	201255	201254	79058	64118	79724	58485	123606	23235	3035	164832	53343	345275	195814	93622	286046	53838	29071	90594	84287	51545	283455	4761	10782	6919	114900	682	84331	118487	80198	254122	84153	6573	283951	23051	6124	140886	81876	125144	10540	57804	10589	54968	100128782	7025	285489	402682	664	114926	246184	284346	112869	284358	8408	125170	4808	10949	6232	90637	84987	79818	114932	375759	811	5886	55017	284273	401097	255043	400410	4869	155061	100287171	55343	84890	5571	64963	11022	23641	653440	100506504	10473	2842	126075	51118	29796	54954	79174	54328	10078	10587	203074	6991	8971	140707	10519	267002	8651	400451	64714	79581	402573	84631	84937	388567	4675	23621	3858	23048	2701	10445	64170	3006	401541	137392	284338	3014	340719	10811	4520	219348	8464	4311	55684	100287569	90592	64771	541578	11194	10438	1305	91966	4828	28512	89848	85028	90987	65992	4541	4513	4519	63906	4536	4540	4512	140606	11179	4537	51714	9853	4538	4535	4508	339448	353	4514	642574	84288	619208	26071	85026	158931	83849	6015	64978	50854	7918	5460	6992	7932	790955	100316904	388135	100144603	51451	100131094	727800	4539	51157	9534	55559	414919	51075	4722	27040	91664	79086	7106	339231	10195	255374	387104	100188893	4636	100125288	23467	388759	3995	3115	105374250	100303728	102723566	348262	101928527	440078	57291	100507057	4509	91316	100861510	105372753	102724323	114821	285958	6234	440567	101927870	60674	387882	107984875	8705	154790	441094	387723	652968	105378645	51373	58496	53938	57461	115557	57665	3112	10552	25764	23600	632	340526	401115	24142	100137049	100137047	152206	145837	100289274	11344	283663	593	106480796	100506169	106478943	10016	25850	23741	103752584	100129128	6038	109729181	105371414	105377205	123706545	100506070	340393	10929	201477	6139	284565	284408	386758	55957	200298	401612	728841	79148	404672	102723582	123706513	202781	54883	6880	79873	389741	79922	101243555	100862671	105373780	105374727	124902641	91695	118433	220729	57234	84773	92806
gtex__cerebellar_hemisphere__M002	4800	90293	55610	7982	56928	5577	29116	9862	7095	83932	8798	3097	1185	51667	55703	9604	10771	25960	2554	57476	4719	51071	11171	55591	6642	10908	9497	23035	3631	54884	57120	9734	168850	1161	79810	9498	23223	23105	51742	10079	51663	9474	29927	4659	493	65125	1301	10188	10838	22998	22904	5378	23013	23216	10797	4287	79091	2261	2182	139341	9488	5597	9993	55117	22859	55160	7374	2260	9063	54715	2782	23152	56650	23431	55437	905	4779	7514	10464	56910	54434	22911	7760	8895	2060	55230	27292	51194	29887	22929	51593	51161	84678	10961	23193	55760	10558	79968	51816	55862	4436	10580	51322	3096	3983	51382	3091	5687	23613	9770	5332	23509	57144	51654	26051	9218	29906	5422	10389	54602	10204	10664	79650	80777	79918	9057	23406	5934	79719	25963	55192	1666	3551	54332	4125	2997	10156	6671	1124	23242	55744	7458	54662	57589	23064	5599	657	91452	55149	54906	8036	81619	55163	51003	40	5573	5376	8649	7323	23158	2549	26610	51111	55291	26973	1982	4928	2965	10635	56890	4739	135112	5467	55754	55603	4015	2566	10923	55299	2246	2908	79770	23286	1452	55171	25852	7029	8087	54946	523	57088	4820	2591	23451	25843	84812	3069	22930	5334	1386	607	23341	4139	7143	79906	9295	34	10560	2152	58155	79947	8289	83479	9331	9994	118427	5311	9414	55127	6418	8013	97	23093	5826	54454	55717	29126	64374	2185	2170	92	4952	29066	79903	84146	51251	27434	55297	23091	57486	10102	262	79809	57826	9217	8675	55026	64412	55795	83786	3895	55288	55112	55906	83744	59269	23065	5322	79066	79689	92521	4289	813	56984	3712	91860	57509	196883	112487	55274	23149	6249	4354	5538	57343	22903	23111	55748	22800	57578	55140	1022	7428	55207	79577	53	51765	29015	79070	9413	6926	60561	6885	7024	8763	4193	54583	9470	375248	51131	1910	9805	64759	83605	4957	7111	10868	2800	10817	79969	9873	84811	2542	5962	5607	10964	3032	5495	22891	79675	9101	2250	55589	5530	144402	58516	8499	9815	6601	54934	10150	145389	8747	112840	51156	663	7090	55070	5045	79068	9785	9611	8533	9520	6875	55197	4089	10907	3454	757	473	10026	1893	9869	81611	10500	57198	7170	52	4211	84620	23190	84892	7110	64332	66000	10840	817	4651	6502	5066	81545	10146	54901	9589	908	8573	7403	4478	6567	11160	29967	92399	23245	6836	28989	90678	56623	9712	118924	710	79780	6188	140710	22866	143098	3688	219854	84735	54545	64067	2059	23310	2313	80014	64417	253635	134359	10160	55024	1601	60592	1070	79705	388650	51560	84532	81552	51582	51633	6566	25769	128338	23355	9941	23648	54768	150082	57728	56896	5192	2140	55179	114928	84919	56990	3455	60313	8883	9715	150275	10020	200186	84939	51149	1996	114803	284695	10380	824	150962	112942	57650	130026	25871	5783	25976	26043	56898	90826	134510	84135	55536	6522	25962	3190	65268	139324	220963	118881	7248	783	2562	374868	8495	23300	8509	7184	124491	6809	10982	6240	55769	137695	21	23524	1642	9881	3921	5871	3516	29063	7266	54899	203190	2668	134218	54851	10251	53944	53917	8706	6383	1677	7555	22871	5099	6091	25924	375484	197320	373509	55031	2720	143425	4696	883	118812	81603	2186	1503	91647	115196	9451	257019	3603	1657	55731	4485	165082	6777	163049	114897	284613	3177	256356	5708	84747	116068	7525	414149	9699	100128398	197322	153129	5426	10009	168451	7334	25915	54762	254251	147991	79415	2580	5781	10472	7710	79077	122809	54952	90411	374986	55432	53637	404201	284406	79701	64864	7485	56963	6472	90736	55256	201965	6304	22906	57596	9831	80213	401145	254887	9276	162239	155435	10933	5833	51326	5727	84924	84529	120227	4673	374955	57698	339327	2650	79840	57697	9729	50859	57573	5770	9819	6925	55532	7442	89853	7697	123096	84435	23061	84301	147906	3652	83875	284370	57708	11060	10724	51062	987	9745	27347	23127	26049	2710	22887	6721	170958	128387	84455	55219	64901	728568	65986	55366	131118	11116	84960	84342	2592	8906	55739	26140	51024	23053	100130357	606495	29092	729224	100506100	221710	101410535	101927300	554203	2074	50652	100287722	8505	493812	401093	100302692	101929147	100132215	6892	92249	100507557	80864	8420	56134	10443	100505678	729082	105379057	100130855	146429	119746555	7767	149013	284106	145783	6817	57594	105369154	106660612	147947	730101	79970	654466	100093631	152195
gtex__cerebellar_hemisphere__M003	10181	23028	57019	23077	3674	55049	25900	7752	54902	8193	58525	54814	4190	10903	29881	63932	477	23187	100533107	259282	7204	54896	1008	1175	4134	51474	8574	84957	26099	54432	2769	65056	63916	8943	1606	27248	6160	55743	54847	8907	56666	79023	7587	4292	4162	10714	273	5289	9984	8569	3320	22839	57579	10325	8648	231	3301	51510	80271	54947	79175	55614	2521	55900	7066	11069	9552	4345	23428	51310	23256	1384	55280	7093	54209	3189	22931	283638	5434	5902	6598	89781	10478	56948	5641	51527	22985	2937	55245	23394	25939	10528	9097	5355	5973	6901	5935	56271	80152	55565	56942	9100	50804	51101	1936	55174	11184	92960	2068	4858	84167	10775	5438	29086	828	51398	57794	9678	158471	8777	51010	83937	22841	6387	64081	28964	3384	55813	1655	9267	6442	51809	152503	29118	91057	9379	57562	9049	1119	4598	10988	4055	79676	2784	1822	2178	55776	51715	26235	7915	7922	23438	55374	57396	23398	5917	9555	2257	10342	3373	79825	57501	10120	85461	550	3749	64766	51377	10286	1429	339488	127700	3964	3155	57035	1385	7320	140803	80212	26190	5537	26094	80127	81892	51004	9419	79886	63931	39	56943	10808	59342	65982	55116	5290	11019	51622	540	65244	3164	55661	84693	88745	84899	79144	6253	6628	83658	5690	10426	10054	435	10131	171017	23499	7979	64921	222256	64753	55930	54832	8930	84268	83448	4738	25873	65975	4705	10298	23404	84326	7700	26061	84152	10742	6627	55860	55556	80895	5901	23277	91703	8546	9911	5158	123811	25917	89978	4038	1643	1912	55858	2073	51347	375616	2583	54806	79786	80705	25934	11258	55362	9656	8836	22801	87178	51626	10579	29081	57575	6636	9818	2108	80349	79748	3687	5073	1039	55114	23410	9980	57140	55244	5792	481	55793	1939	56950	57657	8476	51601	79634	339768	51281	9039	7220	55840	1060	890	285533	54826	55814	9140	51256	170954	2631	1142	7013	84294	55630	92715	774	6251	23082	117532	7108	51503	1737	5805	196383	775	55768	93081	55835	7073	10557	9397	284312	9987	5884	9481	51571	125476	339145	54463	522	80746	152992	137682	10600	3788	78994	54953	7804	22976	11269	90139	8764	11079	171586	222068	2039	51735	51094	11189	112950	79140	118424	131076	5152	10841	5116	148206	5701	60680	93099	199746	622	29115	6427	160622	80150	84447	57190	127253	164045	23385	126823	84661	130162	2071	152559	151556	55249	27148	55139	29083	64419	25898	349565	131601	55193	23272	114625	6059	81789	10559	9232	154791	138050	203286	4712	51585	219287	11164	116225	10576	56672	7551	5347	6778	26585	26995	81605	51693	121268	84790	144097	2786	3660	378	4735	23255	79064	8754	161823	1876	3187	65110	254778	7059	23117	123207	83985	9196	83787	4534	84522	54811	83695	6227	5859	79694	122704	80011	5916	4580	203523	3267	169166	112	51574	25855	545	83638	221060	79369	1196	9884	2902	23141	51078	23625	28976	1662	2731	5198	1537	84922	51333	2147	2529	4081	90843	163183	64582	575	285429	50801	3838	29035	6000	80254	9112	102723701	128989	10189	130502	131096	23258	374659	56478	79135	22888	3563	51263	26013	79184	348793	440345	54093	93273	148254	2301	147645	100101467	8784	51547	201181	375298	10772	7730	399473	51136	4661	9725	441191	84163	3376	29068	54413	79754	7699	85012	162993	57730	11152	5094	84154	6168	8733	26275	144717	10230	4194	55958	4736	92241	55170	286411	26095	169981	8859	6499	4439	221545	57540	79600	444882	56114	100130958	55851	4676	653082	339263	283673	2086	3672	387804	100130449	221786	81669	9374	199800	100144595	148413	105375304	51406	104355426	283089	401251	642597	101928578	201229	105376070	389023	441869	100507261	751580	101927577	91368	90120	23559	649024	161497	101926983	64968	7335	101929468	109729137	284080	56100	388610	56108	346702	56109	56106	8641	102723885	105375624	196475	3145	643246	79178	100507588	124903619	9236	54460	100996660	105372482	8148	100418814	118568815	100130705	105370169	29964	80179	102724859	107984345	100289495	285905	100132341	5387	643253	493754	7608	100129534	130872	84798
gtex__cerebellar_hemisphere__M004	3075	4267	952	10368	8913	85477	8842	6329	6401	7021	4257	9235	928	695	54443	7305	2556	933	30845	9052	6556	3082	355	960	57514	1462	10863	153	2824	80243	116984	1356	55885	4254	112885	6916	8531	55711	2065	25791	2263	29121	22844	815	79901	28513	6720	7224	10335	54475	10979	6480	2736	489	10512	2239	2192	108	6507	7145	3991	2037	1136	5241	5990	5829	9843	3383	7018	57556	1299	7042	5742	1390	6319	27128	6663	7078	4744	80832	5816	4689	23209	80821	89932	5360	128414	55612	6640	140679	284217	54941	1478	91851	8406	5358	55757	79152	83716	64131	51760	1512	793	7227	951	10859	27181	2906	57664	3780	4099	5445	3696	5764	5803	10842	2737	165	1842	9644	1440	8821	1075	27087	64231	51338	6506	84867	51411	23316	283383	5992	23328	81491	10475	9444	4124	1809	8614	942	23150	26084	6242	2202	2335	3554	9173	6382	5396	271	58480	79971	5129	23120	103910	845	6696	56171	54836	1441	2103	53335	4488	7045	8795	10804	57413	7852	22987	84668	9469	3071	5354	203447	130399	57580	6385	64344	2162	1026	745	10257	6662	3553	2892	24139	22918	154796	5582	2123	84239	30817	51764	5880	3976	2571	57705	23022	10749	64097	9459	341	85441	9473	2670	8500	54558	3691	4147	241	59352	9201	4629	10001	157310	83876	10451	4853	23175	1794	2012	6660	80206	9743	85397	5270	2317	3936	3569	57471	2572	5168	7020	63027	58487	5547	7274	23213	10413	834	204962	10660	580	6775	10021	2247	658	11107	7222	2028	11226	55647	161357	145226	123041	8128	94160	54925	2774	6563	11322	2064	7409	30811	4542	59283	6518	3339	963	2212	83872	6279	3782	3707	11249	80731	57574	54756	51365	56034	9180	1404	90523	6581	1956	3486	83604	79742	83938	85450	26011	10205	57626	1793	7068	121551	55691	2555	26353	2895	498	678	130271	2697	7402	5796	5937	3773	26207	5578	83648	55740	118611	4685	129684	64092	2890	118788	9844	137970	7079	3815	145773	4643	57822	64849	57685	714	57369	8997	3689	1857	8741	22941	8613	126755	7805	127733	54587	72	10611	6280	2565	10109	56999	2919	1230	26508	55314	51313	133121	133584	285761	9263	6469	501	57462	6850	120114	57447	153579	9152	4745	3747	8642	4837	63901	5346	84516	3903	5653	51129	114990	255743	116236	23620	5865	6039	3576	169044	2705	5028	9758	214	9283	147	5209	79192	153572	2861	11214	1901	2357	2897	4163	255631	84275	361	57834	3400	55304	55970	53342	348938	541471	344558	60495	10855	713	712	4973	8793	27284	27333	7096	442117	6578	9435	57758	4023	8061	9832	11145	387758	9332	3766	92949	404203	63973	767	128218	223075	3059	27319	6657	220382	23336	2567	55137	146723	9951	6546	5121	10082	338773	29119	9021	57537	2157	57419	6948	266722	5592	80333	146722	1187	83715	9863	375612	387763	8632	7373	729967	348645	285193	1806	12	5456	2316	5265	100190938	641	6840	142678	9356	54898	65124	1438	5350	9060	64093	6263	9760	6096	2214	4855	285141	7940	4340	643965	9289	4489	375035	100190940	120376	283514	1052	105374235	107985246	387486	100506474	105378763	100288428	100287225	101927532	106614088	100507336	105371450	100271193	644139	400955	100996590	339789	100507516	101927248	80301	347689	643911	105369147	285505	400456	654790	101928176	100505875	101926904	124901076	102467074	101929709	101927459	399959	9865	101101773	100996492	4360	147429	124903732	100506374	388630	284021	100506497	105369201	28755	105376244	124902532	101928092
gtex__cerebellar_hemisphere__M005	6405	5893	79007	81691	3683	3675	9020	5689	65220	1951	83930	54903	6050	58528	55596	27175	8863	10721	10758	6894	9150	9410	11338	6550	79990	51447	6710	4335	6949	29894	26469	55515	10290	51095	37	4140	1785	23011	10847	10998	966	54675	51605	10914	23555	9274	5442	8174	8216	83874	25793	4627	114088	10278	26090	11083	64428	79006	9780	11129	64130	284352	53635	81857	28974	9141	3978	10430	2901	221927	7036	10467	54981	84445	9126	2648	2145	9094	7466	55805	6309	23130	6207	41	26271	266727	7942	51011	374291	3336	7072	26147	25927	55268	5153	57468	6431	55809	4201	55154	79085	10616	6238	23263	10436	22863	6397	3949	5589	55278	10844	10585	27243	314	3996	85013	85451	84106	22880	891	902	1514	57639	4008	91875	3590	84904	116113	57176	953	51138	84298	121260	122616	6457	4716	2588	1453	91978	5694	4259	128061	79169	5664	64777	57451	10050	81786	64434	54539	4715	210	818	27315	6749	79096	256364	83706	120379	129787	29087	81615	925	5789	9510	10694	119392	1974	26119	11267	55721	30815	2224	5635	54987	50651	127002	25992	129880	388962	127579	8802	84315	2173	26266	79778	55798	58526	84270	91252	3429	119504	322	89797	4141	146713	762	148137	648	6890	11273	521	80196	64080	57449	10524	7388	162515	148014	253982	22845	85007	253314	10458	126792	286262	254531	29952	57104	158056	388886	8225	2859	6415	11336	286006	200205	283989	65265	83882	7267	84206	71	9968	8558	10336	159013	1762	101059918	115560	91582	353116	345222	7259	7741	399909	400931	219927	645811	26052	440295	115948	613037	10471	5089	100129029	7916	440894	339453	84324	1375	8293	51239	3073	1773	10379	6150	339210	751071	101059938	11331	100506302	51192	25858	55672	100129845	9842	101928470	101927117	643988	100506421	101928000	100129060	51236	150291	285550	57002	103695433	101927612	728769	390595	23354	90024	100499484	124902694	10597	100506606	100507118	92002	100507373	79917	123706533	100130890	100506516	124902204	105370705	352954	2630	554206
gtex__cerebellar_hemisphere__M006	5976	54972	3475	5080	57467	2534	1634	1195	10138	9921	9440	81037	27122	5318	57095	11186	26986	537	9130	23503	949	60	5076	23609	10179	6595	3781	102157402	4528	28971	2280	10296	5064	24144	23539	23351	79133	56853	79868	5127	80183	8717	5595	56061	54108	427	3191	268	4946	10270	27113	22898	6223	2146	4232	4790	83891	10645	23371	54516	1297	2762	604	9736	6342	55700	64175	57134	5955	5887	29094	4601	10171	64282	343099	79269	800	84329	9643	23363	10385	83732	2868	30833	718	631	6487	3831	65999	117166	65997	10739	79706	10155	1736	164395	60484	56259	1024	8650	4613	85004	22873	55312	29979	51280	26056	51719	28988	23452	11224	54840	51754	79731	79811	121536	84915	283927	123920	9775	114783	81794	105372481	23421	26135	3068	11221	114790	91653	83939	54438	5631	50808	220869	54886	220965	10480	84866	29970	5801	3621	201163	65258	56911	7102	1376	2114	115992	9684	6159	204851	5274	285368	8323	157378	221656	9188	6297	5654	1152	25820	118490	57494	780776	54386	6786	7171	6137	147015	284339	90990	29901	90693	10678	23204	55006	55657	55636	10218	253725	93550	169270	55871	345757	51319	81490	79683	10265	55884	8541	977	2885	151188	4291	1198	126003	51329	56849	27439	5463	256714	138046	340371	7625	3665	8519	3767	170622	653820	340277	83862	150472	642968	91120	374900	118472	283489	503542	10554	253018	163033	220980	284184	100507459	102723775	100131814	100506930	84973	220930	101927866	55861	729678	283131	729013	100289230	4067	283440	100506713	79154	260294	150244	84809	100505687
gtex__cerebellar_hemisphere__M007	57185	3382	55692	9821	51177	10858	79142	8481	6433	4925	23016	56681	5050	22924	57544	54930	1120	51292	55969	65057	84264	3163	653390	55353	1787	27346	1410	79864	8099	23195	56133	23107	7341	10459	51611	6794	64236	2322	9521	80023	826	3661	1350	54850	51337	147965	84705	4037	1729	7326	1984	57511	1965	2949	10492	967	3178	9654	23143	84073	10730	153090	51187	3795	90525	2098	221184	89941	10966	7226	54499	55004	57407	7345	27201	54819	9601	10069	388284	54784	219931	93185	10412	79870	1353	717	80975	129049	55611	132158	55806	145957	57099	7314	6902	1072	29903	9986	55167	55196	6138	131408	6199	55346	4642	83869	120103	79692	90355	527	1201	144404	9516	7582	283970	644596	955	6120	255119	23230	8227	389170	100128946	79716	63920	100133545	101927084	285965	100506274	101927661	100506428	4830	6173	398	348110	7268	100505894	221409	619434	54984	100133315	120766144	379025	101927292	145438	101929408	100289341	11056	286554	286042	64940	650655
gtex__cerebellar_hemisphere__M008	115703	6521	56919	55727	1244	9341	6047	27440	10129	23140	51006	9933	51290	57828	63874	57820	8428	26512	29070	55156	11112	4899	221662	55722	4811	59349	7292	127495	56261	112849	375775	261734	91107	4678	55425	219855	86	6386	56924	471	10219	79631	773	64129	9015	5899	85403	55646	57721	115426	22921	10658	55022	9653	55364	57338	7411	7074	144406	138639	1780	9753	92799	6271	29127	7398	132014	80817	23366	169714	113201	26005	440957	8309	60684	90338	124583	201514	10978	84750	55222	339122	79703	152815	146691	6330	11253	23580	55783	9284	114781	56901	23299	51741	55693	3638	90668	125704	388228	199953	26155	1364	55340	51703	65250	85236	342926	140885	26112	22834	23137	3897	55680	23243	9311	728130	440465	643749	553103	7726	124903670	100874002	100507071	283624	100505573	102723670	200030	101927275	7772	54055	100887750
gtex__cerebellar_hemisphere__M009	10180	51629	5188	5837	8440	3835	11266	2017	56970	55741	54498	51433	51726	26277	10044	23541	27352	5106	9388	51172	2935	54758	4924	2217	10994	54531	3249	2931	79004	55572	23074	50813	2771	9784	1889	56912	5524	51538	80820	7270	84081	58513	81	10422	445	4294	27293	25926	94030	23558	51308	2319	10400	90956	84893	10956	3300	54881	338699	56965	1838	3033	6895	6252	54939	7041	3801	284111	26502	6455	115286	58477	6167	10318	84675	57325	6876	146556	30827	79831	9131	114907	79856	79623	5710	120425	25946	10482	64320	55342	64745	79101	89927	1398	80700	6520	89849	124401	64943	23192	5650	598	55277	64837	64770	627	199699	728294	9798	2894	54039	6525	8663	5575	309	6709	114112	55210	7004	2870	55251	6046	10921	1454	51400	100271715	55670	400619	9277	100505738	100131067	550112	124902718	79585	29057
gtex__cerebellar_hemisphere__M010	8837	5048	51534	51603	8540	6683	2139	55176	10420	7879	3030	55118	79882	5688	9675	81617	57020	9694	835	7763	219699	9562	26001	51166	11234	4048	57122	1181	5136	51440	5825	80148	989	2914	58533	79230	55902	183	9238	11311	91445	23710	5830	221322	9203	84280	149986	144423	24138	90550	3098	347734	2176	7791	10898	91010	80128	132204	2898	84267	27069	64112	4176	84879	196074	5621	10231	3054	283848	3981	55055	149420	3090	116135	23042	8241	4753	55599	2547	961	51441	399818	3108	22828	9278	27297	4302
gtex__cerebellar_hemisphere__M011	114881	7756	22955	22902	84067	57475	57602	2665	9877	10347	7216	55421	6624	201294	7593	5494	8896	10539	7511	51174	55856	51652	10153	515	54853	51657	8854	5338	23180	10621	10208	23318	84300	23005	54536	9746	57521	114804	5298	10217	79034	254427	9219	5331	22925	252969	51244	118813	55823	55260	115209	57326	7203	50650	202333	51222	9382	2801	257160	784	114823	26156	7572	56834	5095	9772	151176	23241	124842	79087	389114	26276	56164	140688	414189	113179	6235	92482	100129250	9907	100129917	81488	155400	100134368
gtex__cerebellar_hemisphere__M012	4145	26993	1890	9892	5134	8550	1471	3299	65990	25789	573	27338	5216	9600	57666	8704	27230	64756	23096	56897	92675	3425	50632	2874	84330	81873	85369	90113	123803	8566	9401	10603	113026	11168	23588	29123	57348	94274	5867	3185	126789	8722	23015	440836	9377	84667	388323	5413	90135	10509	285755	2248	7390	284739	109286553	401264	100505771	57026	2738	202020
gtex__cerebellar_hemisphere__M013	5010	7038	10411	5317	6452	5996	26227	10627	23475	23205	1158	7138	3955	83871	4633	4502	4620	348	79781	5738	10993	80896	23650	49860	137872	219670	27295	7273	7484	124220	467	55220	6707	213	8559	3848	4330	3851	4589	3860	3849	7423	100132116	80258	23764	3852	3861	165186	4604	4624	4151	2153	4499	3853	720	3240
gtex__cerebellar_hemisphere__M014	8439	3074	4904	5706	994	55621	58509	57130	8899	6654	83637	60437	79654	63922	84190	9513	26284	64773	79587	27165	80003	4609	91039	84958	8394	54801	117143	129831	80232	152519	128240	220972	201161	7536	10892	54681	284071	51428	728621	105377203	100130894	401260	100294362	92335	201283
gtex__cerebellar_hemisphere__M015	6646	2036	8646	9878	55357	333	55110	5000	64858	55269	64794	2770	25870	84905	10207	6441	51520	6812	81556	29097	79980	89910	219743	84988	27236	203522	59271	79759	4992	23587	8493	93134	5356	7064	5707	157807	50614	161	64409	84501	84320	2342	101928062	337875
gtex__cerebellar_hemisphere__M016	55735	55830	3459	10402	9627	55054	6804	9570	22818	80314	84172	51540	9958	10228	10244	9856	54956	55435	126374	129563	6622	220064	10785	220002	57763	220988	9121	114825	9495	28970	131675794	147686	10865	84914	100505696	284798	100505881	283335
gtex__cerebellar_hemisphere__M017	3920	10747	55623	9093	29062	1	10401	9475	9988	1763	10618	476	23350	5091	797	54503	144233	83931	160	9722	91750	440944	1147	100506392	101927895	100505824	105378580
gtex__cerebellar_hemisphere__M018	6193	6128	57605	6217	6143	6164	6152	6209	6230	6144	6125	6204	9349	6155	6210	6194	6229	6205	23521	6202	6161	6189	6130	2197	6156	6154	6201	6218	6165	4666	6170	1937
gtex__cerebellar_hemisphere__M019	3315	58515	1958	1959	2354	3337	161253	51506	10957	871	4929	119032	3310	10209	389072	1960	25880	51186	10383	134701	3304	3303	51372	8339
gtex__cerebellar_hemisphere__M020	9889	64895	84215	6185	54841	1783	2100	81608	93627	84059	113174	10555	6773	493753	7026	147694	7516	3066	339318	659	399821	123706550	255167
gtex__cerebellar_hemisphere__M021	29781	321	7422	64960	80209	4337	4301	406	57614	51196	23344	122060	5211	124540	84064	283229	117608	6829	768206	84548	100289656	172
gtex__cerebellum__M000	2729	889	4267	23072	57679	10943	57414	5164	6833	2115	57157	57787	9254	9091	53616	23542	2534	9546	9066	57146	10463	9782	23386	1272	51507	64429	4719	55591	55334	25897	79567	1495	64848	2006	57492	9564	84321	23095	26099	8454	26999	58508	816	9877	1608	1001	81671	5476	10147	5378	3843	7089	6602	4802	27107	5315	7216	6857	89795	56850	25885	483	10640	55062	57704	440	490	54556	55117	51109	5566	87	6793	23291	6605	8301	5522	7251	55205	57719	9671	3785	8672	1739	8786	7155	54431	2975	1781	4133	7419	6595	28962	1005	9812	6604	55100	23136	22894	8898	94005	9489	2775	55239	118	10059	8886	1795	23368	9762	27131	29965	57062	8812	57060	29888	84572	2802	8761	2734	27327	3912	23256	79968	9117	10013	4214	1153	4670	5442	2872	421	29801	23786	23384	23759	11078	9681	9701	6305	6767	6430	1983	80344	9837	24148	26164	55738	1457	5332	23347	23253	10735	6855	2332	8874	55578	5257	80152	65009	25839	1186	79791	9810	8925	8120	6422	55284	51366	23484	4741	4125	6625	166	22870	11100	29997	1954	1628	30000	23373	93436	79036	6324	56006	11033	64327	10049	8887	1174	113263	9678	51422	5425	7091	23081	57582	5599	8729	57584	7343	1440	4591	23125	8402	708	4355	64750	9343	9368	54940	64854	5602	23321	10938	55572	975	10944	5715	65981	65117	55832	4848	1911	79632	221692	10767	84498	56940	11044	23530	6678	3550	10087	900	4001	5515	9555	10915	57222	604	2257	7375	523	6787	55683	4691	25801	55704	10314	2744	23301	8869	10494	1615	9167	22848	65977	2043	49856	9181	9829	23207	10745	10000	10765	84966	4179	533	8503	9588	57035	4297	23271	118427	51552	79109	57706	56252	91754	58517	3416	4601	2891	51780	7181	51019	1191	23435	1314	1271	11319	9559	11113	29994	2914	7913	23019	583	51081	10485	9491	5126	11034	3276	64430	3895	8021	64768	59269	79939	6597	14	163131	1123	3609	9070	1804	547	64793	6874	23211	1786	55558	9590	9584	23229	9467	47	54882	10948	5894	23378	6117	9406	1742	2319	5786	9826	1802	93611	23164	9201	55643	116988	91298	3612	9645	55119	51535	79022	57498	4677	84991	284252	9698	1837	7174	3703	79616	9988	577	57231	4076	3178	10574	2752	9857	64114	80727	6426	11143	4711	6326	84317	51759	84253	9373	670	4926	29088	440279	79811	56965	9411	26160	51374	79800	9360	29789	8482	22872	9908	57619	9746	8499	9107	90634	7786	60314	10150	8816	9990	6938	6727	8125	7168	7385	9611	8533	5636	1213	54828	4152	351	23038	5451	5546	23179	405	55061	9898	6726	3707	92906	23020	3899	9125	2803	817	287	10299	1016	2561	153527	54540	4191	56996	7403	11212	54212	9705	6129	9166	9919	2746	92170	10480	79780	5058	9219	51524	3619	9651	79869	738	22866	51503	23284	22948	288	667	85445	10461	22878	25827	140890	7070	7508	84532	55326	64210	55027	23367	9844	3798	57466	25921	23522	93594	3361	1859	9478	84255	121665	84465	26100	56946	137964	9753	9191	2035	124995	6651	873	5692	9813	1487	4047	103	151903	54865	51160	222236	1996	4116	5928	8880	8682	4760	7447	6944	152559	134	64343	23122	57018	7871	51304	133308	327	51368	167153	55074	501	7534	94134	51585	509	55701	55088	145567	783	9702	112937	6692	9318	322	1200	7702	50810	567	9640	6447	222950	64400	10999	51704	7644	125058	90007	784	10501	7775	6730	64223	23524	26580	359948	3800	6774	27065	153241	7336	84894	1501	1107	7532	10477	220988	4086	55890	57148	5036	23204	6773	5429	9788	2941	9637	55669	9655	4884	24149	2110	5356	22883	51523	2186	2628	5394	5728	54205	7690	2783	10125	26960	93624	22992	22885	1106	5936	54872	389524	26047	10260	90806	51574	6731	170506	1488	56945	200197	79772	9884	84901	6330	80324	347862	3737	7182	3766	84232	22864	11336	8575	374986	404093	23513	92815	219902	9625	64785	55228	2131	8905	26233	122553	23265	439921	6546	18	9802	158358	54039	387893	5504	64061	9276	10801	7327	3714	2972	11124	26013	9899	79581	23040	116985	80829	53373	23390	5757	7874	137392	57186	375743	9045	26155	23450	6261	6829	284443	647135	2104	60312	399687	23654	4763	23365	388566	163227	80055	146540	26020	4217	10533	26037	84188	5253	79892	28512	6191	2870	54708	9814	5178	444	7919	10920	10479	22909	9909	9755	9867	387066	84243	169981	55777	7917	730051	653316	642475	56144	84501	6643	25851	3150	8110	653082	3105	1454	55384	400954	84461	440270	100128264	2189	101926943	8629	60674	100272228	5863	280	10093	23089	162972	157627	26065	148189	339290	140735	9939	23380	80755	29057	728841	84740	26220	3975	11276	80725	79893	105374338	105376020	107985953	114819	100887750	440248	643253	155370	100132057	6648
gtex__cerebellum__M001	3075	952	23028	85477	6401	2328	4257	9235	1634	9961	9052	6556	8685	3082	58528	355	960	5583	159	3631	10863	1829	2824	1356	6916	8531	6433	65056	9627	22904	4638	7132	29121	10272	79364	5423	6720	54847	10335	10979	8726	4140	4292	2239	2192	5241	4200	3693	55054	5990	56265	5829	55900	3383	26227	1390	22931	27128	80832	4689	23002	284217	8406	27286	56271	84935	83716	23205	8840	951	10859	6510	57664	10135	79974	8777	6461	59	56652	1277	1410	1075	64231	10114	6506	55188	10475	7922	730	5917	1809	29842	550	2202	2335	3554	9173	79083	3290	23120	6696	5826	7045	10804	57413	2331	57179	1017	6385	5740	6615	10617	64344	2162	1026	10257	6662	3553	718	22918	154796	22863	10142	5880	23022	1264	9518	9473	2670	23180	8572	8500	85013	3691	241	59352	4629	10894	2012	301	50853	3569	51133	9023	51196	11107	2028	55647	122953	123041	10516	80349	93649	6563	6518	3339	2212	83872	2590	94097	51365	51316	9180	23262	25816	79742	137872	6876	55768	55691	3698	55835	23704	25859	166647	3773	26207	83648	4685	118788	7074	11030	56833	6781	714	80274	4882	3689	3699	7412	25903	2487	72	2071	6282	1293	56999	23350	2919	55764	133584	1278	26266	56672	4837	4088	3903	51129	114990	54899	23255	1281	255743	23620	7881	3576	5209	79192	2357	84978	361	3669	6363	541471	54796	713	712	79625	8793	27284	3267	6578	8061	84617	387758	92949	7056	223075	3059	220382	2567	716	9112	338773	4600	150209	23258	9021	23764	79184	8519	349136	387763	7373	7477	389792	348645	12	5094	5265	728	5350	64093	919	6263	9289	4489	389136	3672	100190940	399715	1052	80830	100188953	100506679	154449	105371450	105378909	378805	100996590	100874222	339789	91368	101928399	101927248	101929335	11185	643911	105369147	285512	100505875	101926904	641700	124901076	102467074	9865	147429	2702	284021	118568815	359809	283755
gtex__cerebellum__M002	26073	115703	3920	5689	51534	54476	10079	10402	57418	22905	56666	22999	93664	91746	51510	7066	26517	283638	56241	56993	55954	9889	4776	26133	10732	10398	5355	9688	55815	50855	8131	51172	64788	8175	93145	10488	8721	2889	22841	80351	2648	2557	3083	506	1822	55776	6206	55819	23527	6432	90231	3155	63931	55269	65982	84292	57468	1948	64794	6629	56926	5690	79414	25824	2671	83460	1032	9667	83861	65975	3727	10882	3996	10514	51526	5983	8536	26122	10253	84300	51332	84925	26035	901	5830	84298	92979	84915	57161	497190	23174	6135	266675	148932	4170	4931	10840	7220	84249	84630	6993	7569	347517	54801	286257	120	117532	196383	83643	291	498	10618	117143	284312	51351	118611	114	150946	81035	8822	11267	23076	84221	26086	4796	284069	115950	1849	11341	26269	84059	81789	202333	2173	79778	10922	138716	55172	219287	138311	116225	57447	389941	90701	7008	26995	79064	9836	4144	65008	169044	83987	27247	201254	153572	4761	79029	83452	118487	7423	200933	283951	148014	25855	80851	402682	11145	205717	627	284358	23625	4808	10949	114932	285908	55017	100287171	6657	84890	23641	8241	100506504	10473	389114	131096	6525	26276	29796	8971	140707	267002	148254	23621	7626	3858	101059918	125704	284338	3014	4520	7259	165186	9883	5770	6477	64771	10210	115948	140885	90987	147949	4541	4513	4519	9578	4736	4536	4540	4512	4537	9853	4538	4535	4508	4514	619208	414189	6015	7932	339453	55851	5150	388135	100128946	4539	51239	1147	2086	113179	91664	768206	255374	100271715	100188893	64601	163033	25858	63920	23467	102723566	101928527	4509	401251	389023	58496	541565	25764	632	340526	5032	101927124	388610	100506365	643246	100507118	109729181	106660606	123706545	10780	10929	54460	79873
gtex__cerebellum__M003	4074	7982	56928	5577	3475	55735	7095	8798	3097	2273	51071	11171	5606	57120	168850	81037	9498	51663	4659	493	1431	8518	26986	22859	23503	949	7374	7163	54715	2782	10464	2060	29887	22929	8570	2280	55968	84678	51726	16	9878	4436	51322	79956	5064	23598	5203	57144	26051	56853	29906	79868	5595	79650	9057	56061	79719	3551	427	4946	3978	2901	1124	7458	23189	768	54906	9126	9570	40	5573	5376	7323	55294	51111	4928	10645	10988	23329	4739	135112	26268	55754	7422	2566	79770	1452	5096	28972	56655	25843	5510	1386	4139	9295	56181	64747	5887	80209	64282	989	79269	8082	8675	55026	10616	51119	55112	2770	813	56984	91860	57509	4301	84905	57343	56259	1024	4628	57511	55748	90956	79572	22800	8650	7428	51303	79577	57614	53	25821	22881	7024	79621	28988	7111	23452	2800	51754	84904	9873	11309	79731	58516	6895	54934	122060	663	221184	6875	10966	4089	114783	473	10026	481	3068	81611	2987	142	23190	115286	55840	6622	285440	5066	6567	5631	7436	50808	54886	23245	23412	84866	143098	10284	129787	2313	253635	127933	134359	5801	51560	6566	56896	79623	10020	6132	6159	3716	824	80232	132204	80335	90826	4338	134510	168667	23514	81034	161436	382	7248	2562	3419	8509	57494	10982	129049	7171	6520	7266	80723	53917	5747	1677	7555	2720	7314	79145	8493	883	115196	257019	253782	10231	6777	256356	84747	9699	284346	55884	157807	977	7334	54762	9378	79077	284406	7485	6472	10159	22906	138046	10933	5833	5727	120227	23061	84301	27347	128387	50854	6311	11116	221710	84973	100506235	7726	58486	220930	441094	283131	100131067	100289230	283335	101928062	122539214	284106	152195
gtex__cerebellum__M004	55471	204	23077	3683	5048	7756	25900	58525	4190	27032	23187	100533107	321	259282	9765	1008	51474	10198	10758	54432	84256	5188	8943	55421	9984	114880	8569	58538	5550	51593	55072	25831	7051	1384	3189	89781	24144	10043	114088	4522	10528	5935	55565	54550	50804	51101	10469	57794	6878	57589	7016	1655	9267	6442	26118	9379	4598	1027	79676	51715	10120	2976	6772	64895	271	10286	339488	64175	10560	79630	9419	59342	55116	5290	83637	800	55661	84172	51614	171017	84286	79066	51657	9732	64753	8930	10298	23404	84326	7700	26061	5160	55860	55037	23558	54496	79921	406	2073	51347	55226	2583	54806	64844	25934	3590	2542	55177	54956	5073	55114	2653	89941	409	5792	51093	1939	23557	25912	116841	8476	113419	9039	2631	115426	92715	774	92105	7073	144423	147339	9481	80746	55005	7804	124245	222068	60313	51249	29115	84447	54587	23385	55249	78987	64419	55193	256471	203286	9147	257160	89849	55209	161823	521	83787	1503	221037	283848	203523	169166	9416	253959	131408	2902	55929	147991	29035	145748	56478	3297	27124	59307	55015	9146	93273	10772	7582	57730	29950	1778	123096	440295	26275	286411	6499	1639	339263	5500	2968	8904	100130449	101927300	386597	643837	57461	161497	24142	100505678	4671	2738	51750	23732	9236	57597	84548	80179	102724859	100132341	130872
gtex__cerebellum__M005	3674	26993	1890	23327	9603	116254	51660	124925	2817	9892	4904	2261	2195	22911	43	4637	6598	80020	9978	1471	84557	2254	3299	4833	65990	4150	208	56917	25789	8939	573	219699	10539	10900	5216	217	51020	11120	57666	8992	9731	515	6513	8704	6794	2309	27230	64756	514	5335	23096	29993	56897	79144	92675	631	55321	3425	7277	7979	1854	83855	51690	54958	1349	92259	2949	29889	1025	23392	81873	376267	10169	2958	4716	6637	90113	3486	54539	414328	83707	7108	57512	518	122416	64319	123803	3455	9114	1857	2905	2232	113026	10092	4043	11168	220963	23588	29763	64112	1152	6157	146713	29123	57348	94274	25837	5867	123099	26156	53342	8722	23015	1196	3725	5441	440836	9377	7284	84667	51333	400410	388323	283870	91689	27439	5413	90135	10509	285513	5034	3767	51547	6613	7390	4697	5478	284739	142678	8733	55958	2812	5089	780	2550	131118	727800	534	109286553	440567	100129917	100130855	202020	8148	375690
gtex__cerebellum__M006	114881	22955	27175	57475	57217	2196	54498	2521	9786	9770	64743	81617	79918	23420	81857	58509	54531	22983	3249	2931	835	8896	29118	25852	10641	10153	79033	56122	92	5395	10199	79902	80818	23352	5338	9513	1013	10422	27293	23277	26284	10208	196441	23318	80003	3300	11311	23005	3032	1838	91445	161247	6252	55180	4916	84656	57521	114804	54808	9064	1513	10217	81786	80142	25792	118924	23310	10160	22925	129831	79831	145483	132949	2140	84446	150962	57326	64320	9382	89927	114823	80700	199223	203190	7059	8706	79058	5099	131616	9196	123606	7064	57175	56834	128439	6124	57104	2580	23241	28970	2130	57596	155435	23275	79659	10123	221785	309	22834	134701	26071	84455	6046	283673	26140	51024	57291	9277	441459	105376752	390595	100294362	100996660	79986
gtex__cerebellum__M007	5080	9862	2530	51742	2046	60	5527	54469	4313	25977	3091	55621	5518	158471	27077	8649	2743	3312	26973	56890	50813	9685	9736	6342	80267	34	59349	1266	58155	57134	5955	51251	10236	8678	83744	5189	81533	25926	23345	3295	51765	60561	6885	9053	5570	55681	1910	10006	6194	338699	6386	79739	5495	6744	79807	122786	9859	64332	58478	81545	8473	51125	55638	220869	2059	29970	6328	51571	5799	6103	1974	23515	148362	57650	5274	25898	1879	29896	84267	3190	26050	23300	6632	148137	137695	1499	4992	2339	3187	3185	5272	93550	345757	253461	23042	64219	6304	6000	5501	643155	340277	2547	9819	150472	1305	374900	51062	285989	4976	26128	55219	55366	92482	388815	96459	984	728723	23741	81488	284565	149013
gtex__cerebellum__M008	55692	8439	9130	2011	23609	790	57544	8897	80821	994	9097	6901	1203	65057	79848	64130	9512	84132	1787	9211	7704	6421	9887	25936	27030	57678	576	79809	25983	10585	4037	9557	81846	55250	23143	11097	10128	9520	1453	7226	128061	64777	93081	1105	84295	134549	84270	51117	8754	53407	64118	6919	9986	146723	10623	3376	7699	29966	644596	955	23334	9652	3073	105374235	729467	104355426	101927084	124902439	100506274	101929302	727993	100507261	619434	101927292	100506374	79917	101752399	100130890	6905	105377224	286554	246126	286042	100129534
gtex__cerebellum__M009	79007	5976	54972	4145	10771	55778	27122	3757	57095	3029	5134	83642	65993	6620	6624	2260	7161	54472	3781	7760	51161	23351	1522	5127	268	27113	57130	2022	5414	54516	10342	55700	11019	152007	2868	6487	3831	10365	117166	65997	2874	84330	22873	26056	54583	5925	6187	91978	10899	79137	91653	51390	196743	256364	341880	130074	1915	9941	5763	10712	4000	9684	11282	160622	79870	5654	23423	6137	147015	284339	90990	23192	55657	84331	6670	84153	644809	64787	2885	375759	126003	124842	283989	8651	2248	642968	147906	118472	100316904	51157	90120	115557	57026	55861	79154	6817	150244	100093631
gtex__cerebellum__M010	8913	7021	2556	30845	1462	25791	815	7224	489	1136	4744	5816	140679	9388	5358	793	6511	2906	10842	26033	8821	81491	6382	54836	2103	53335	22987	203447	5582	51764	2571	84962	9215	85397	3936	53346	2572	7020	10021	7222	85352	145226	8128	94160	30811	8001	1404	57626	3708	121551	5796	129684	65983	3778	22986	137970	3815	8997	22941	126755	6469	4745	79827	23339	2675	5865	9758	147	2897	10855	442117	9435	767	27319	57419	80333	54331	83715	201181	404037	643236	729967	23254	164284	652991	283514	154790	654790	101928136	399959	388630	28755	105376244
gtex__cerebellum__M011	4800	51603	51629	2896	9440	29894	51548	369	23152	1785	51433	6175	8086	8216	91289	26090	11083	54976	8260	9780	1760	221927	54662	51003	41	23438	79947	23155	3181	79143	6238	63922	79706	6397	54862	84246	1514	274	50624	121536	91012	55716	22980	10650	6455	91039	57410	207	84958	11159	91782	90678	83723	27034	29087	26175	30827	5192	8703	84134	57519	55324	10482	23203	64745	84940	116840	80196	57449	80198	253982	5426	9659	1198	161	51428	254887	25880	340371	8558	653319	55660	613037	790955	105377203	4722	8906	221786	729678	593	11232	146429	401612	6880	100862671
gtex__cerebellum__M012	1185	55703	9604	2554	57476	27430	29927	5837	8514	5597	8440	905	4779	7514	2017	79796	51637	2778	8079	26277	3983	51382	81502	10664	55697	5934	54332	3646	4924	3191	284352	1759	657	7511	55163	1665	1982	8078	5992	54946	57088	64689	56912	23469	5524	2185	51538	65244	5153	51604	81	6249	4354	123811	55140	4212	84893	10956	2766	2247	6843	112840	9785	26502	3454	10500	10318	10146	57325	10283	8450	5710	8883	118424	84988	158326	374868	8495	2801	64943	7360	598	163049	5708	728294	9798	2894	9729	51321	23054	101410535	154881	729013
gtex__cerebellum__M013	57185	57602	10188	51150	11158	55624	1120	55687	84264	55192	53635	3614	64983	3257	10367	6603	8567	26235	8087	22930	7072	80212	4488	39	112487	55274	55556	51540	10207	79587	2317	2356	9815	5211	126374	79932	80222	29097	7013	5213	5903	4720	5116	622	219931	114803	284695	64850	81565	7184	123591	51621	6902	85442	1657	162515	6199	158056	388886	9282	64582	29068	440348	283970	147686	8227	100505696	642597	101927577	285550	140290	100137047	7335	645323	379025	80022	100507373	107984345	352954	2630	201283	651337
gtex__cerebellum__M014	5310	5452	23140	25996	9138	23613	57020	9325	6449	79784	478	6119	55846	3736	2771	6508	3069	5825	3664	2733	440073	23263	3712	9104	10401	9811	6812	2588	773	54465	170954	64599	56257	64434	84280	10658	5789	23623	10251	3054	5091	79751	10194	90411	79701	414196	785	7378	9968	79711	6334	9722	10554	23243	101927117	4302	57212	172
gtex__cerebellum__M015	8193	1195	54477	37	8668	56970	825	55245	55011	374882	24146	64960	26094	89845	8189	64432	23608	81556	5045	128346	9869	29926	908	26260	6188	472	220064	81544	79885	26173	84720	399665	79759	55769	56947	55055	51319	79683	131675794	5575	170622	57573	284371	91966	83694	3897	338799	392862	348262	11344	283692	112398	9757	100506710	100133036	220729
gtex__cerebellum__M016	56603	55750	50937	23161	9452	9522	55632	4683	7991	22900	55291	26273	9847	7957	80006	2632	4780	7750	64786	23389	5782	8910	4698	10440	26586	9445	1130	2823	64417	55529	6529	5701	153733	255394	55788	157638	9839	1000	51030	163081	55251	1654	101927027	100874058
gtex__cerebellum__M017	535	2324	22933	9488	26528	55160	4162	1653	55506	23543	4927	1819	10131	25814	375616	54849	275	2039	120425	57190	84315	23099	25942	79724	4081	162239	144233	7442	2710	100130311	9842	100130705	106660612	728448	57234
gtex__cerebellum__M018	933	2065	10512	3991	7018	51090	79152	4099	23150	5129	5354	745	2123	57471	5168	11226	5653	79628	2705	2861	348938	1267	128218	4340	643965	729658	100287225	100507336	101927459	101101773	105369201
gtex__cerebellum__M019	477	57514	6507	8671	151887	7227	5803	23328	26084	4853	5270	10413	658	1956	83604	64067	2555	5578	2890	57685	8613	10611	120114	1901	4163	55970	85379
gtex__cerebellum__M020	6515	3320	2077	3315	10808	1958	1959	2354	3337	10957	81615	2353	3726	27289	3310	4973	10209	389072	1960	10383	3304	3303
gtex__cerebellum__M021	8837	10179	4849	10296	22861	10278	57761	1445	11112	6309	6418	51000	4149	146330	5298	78991	1601	55260	4712	84522	682	4615	83638	7025	7625	339448	84773
gtex__cerebellum__M022	4084	51447	6389	26015	4891	4048	3945	23215	92667	51234	5914	23710	805	115817	808	53343	57659	79415	100506421	101927870	23642
gtex__cerebellum__M023	83932	9948	333	64748	7763	57122	7167	60682	821	83549	219743	219539	10218	5621	3615	23029	3066	114112	554203	101927612	79585
gtex__cerebellum__M024	11266	5705	8602	10419	2997	79903	55544	51669	27165	30815	284996	2990	79188	116135	64714	401541	85236	144717	6992
gtex__cerebellum__M025	1357	5967	1208	63036	10136	1360	1358	11330	1504	440387	2813	5319	5968	5406	8513	5644	23436	279	5222	5645
gtex__cortex__M000	115703	55049	9244	6915	151531	3720	51085	7752	7869	8284	5010	10903	81551	51177	9774	27175	23644	11284	54896	2824	9603	5601	10721	54477	57475	10079	3918	55718	770	8625	10347	57418	2065	4904	2263	8611	2255	57704	2046	22859	8974	55421	55160	29090	285527	479	55843	10179	54518	5794	1638	131544	8671	23033	200081	2017	4799	2196	55696	2512	8544	51605	57655	10914	5996	51726	24137	23428	7042	4214	55118	284422	7593	26517	56241	24144	4809	79879	55964	56993	10633	55954	8897	9978	9889	114088	10490	57452	10278	2937	26133	10732	57642	994	10398	3420	7125	10857	79576	3750	2254	1203	55815	58189	6650	55313	9325	4948	6422	54108	27294	8175	6449	58509	7087	83743	9545	3718	23373	136319	5764	7472	84182	11333	4969	10488	8721	56654	5730	7763	22841	219699	80351	22794	9487	51003	84687	10493	26511	4126	3083	91057	23130	28960	6484	22897	114971	441631	9761	605	217	8437	2597	84727	1822	5777	1337	26127	51715	26235	55856	6206	135152	7942	59084	23107	5924	662	3274	90249	93973	3280	8287	64689	25981	1181	1716	57669	51639	5496	27429	10153	1746	7072	23341	27101	5768	51102	6421	28956	90231	60672	10286	51086	10745	8643	387338	1810	9588	9890	6794	80212	2733	9480	56252	57862	25927	3433	30819	159686	54853	11340	8161	65982	57413	23155	80148	57670	1621	10608	2181	57580	60437	8239	116138	1948	11166	2832	5623	718	11034	24141	5690	79639	25824	22826	117166	83460	64921	7263	3872	51234	6183	94101	58504	1315	5338	1032	25983	112487	58533	6192	23383	51429	26152	57470	6535	79465	10882	2161	6533	54991	341883	5901	6388	27183	92154	5111	1802	51526	8546	79363	1116	25778	55140	5738	3939	91768	1828	92558	80759	57231	10220	9924	79074	50853	10253	1101	26750	7111	29988	4609	3590	2766	84300	4926	58487	81796	6176	55177	51332	79739	204962	51626	57159	118663	310	84925	1950	91445	51279	84298	92979	84915	57161	6252	9520	91978	56931	641649	90580	83442	6135	3491	64129	266675	8804	4170	128061	64241	23671	9711	8893	285533	84249	84630	7162	10957	9202	64434	347517	54212	51125	26267	6835	140459	286257	9919	92715	84504	8501	283212	81928	5331	7108	4253	84735	120379	196383	89910	132321	2313	291	667	7073	9531	81615	117143	10309	51351	25859	55203	124402	26175	154043	3773	4900	200014	201163	129831	114	122402	9797	9372	3361	2134	8450	124044	65018	4720	861	57519	7791	55721	23076	84221	54058	11182	10712	9592	4796	54784	93099	199746	4868	2256	79699	54987	57643	25903	152559	64343	7048	23429	213	3015	401152	11341	23379	81789	79778	138716	221656	138050	4712	220296	55172	161436	382	219287	8559	169714	64112	389941	25841	11245	5092	55800	119504	23300	4837	219539	197257	26585	4130	2923	7008	51117	94235	55762	283248	10476	123099	9796	3622	154007	79064	79089	9836	80723	521	65110	83987	83985	4493	3185	79724	131616	222008	5272	93622	53838	84522	93134	6902	198437	253152	114900	64137	55970	221421	142684	54971	3054	408263	729092	29942	80011	7423	7388	83759	283951	148014	81876	545	7352	22877	340359	286262	402682	2290	7694	246184	28232	11145	284358	23625	100049716	51046	4808	222183	10949	6232	389812	25970	114798	8225	127254	114932	54344	24147	55017	401097	223082	124842	255101	399664	64582	55343	84890	91050	23641	23336	3739	338707	653440	29035	8241	100506504	10473	57118	284656	84206	23194	441061	64410	407738	148641	29944	131096	29796	116448	9735	340542	51286	6991	8971	140707	5813	285600	1762	148254	7626	55922	147645	125704	3006	339451	7477	145873	10383	84527	3014	340719	643155	399827	728661	9725	9883	55340	222553	5770	284739	55660	85012	165679	23654	162993	55532	64771	353088	92714	91120	84435	147906	10210	4828	5253	222662	55924	85236	127687	115948	613037	90987	7620	117157	9745	9652	4541	4513	4519	2153	22834	63906	4536	4540	4512	4537	4538	4535	4508	4514	619208	196051	158931	3633	6920	6015	7923	5089	643008	3304	3303	400997	100131897	29902	401431	339453	55851	388135	51451	100128946	100130311	10215	201475	113219467	246181	163154	4539	2532	9311	27040	91664	255374	100188893	221092	678655	134121	4636	163033	25858	100125288	23467	3995	343263	284184	107985190	84627	65010	101928527	106478958	101927117	400619	4509	401251	105376736	642597	6234	440567	7726	100996590	100874238	645676	91368	387723	7844	58496	100287482	53938	112817	25764	23600	632	340526	9907	401115	5032	386627	284080	55766	729013	100289274	102577426	148898	4671	2738	101929176	112441434	388610	100130155	90024	100129129	23642	103752584	283624	109729181	26589	112267983	102723670	123706545	100507421	100506070	23246	653061	101928738	10929	105371735	201477	54460	80022	107985305	100130522	100073347	401612	100507423	728841	284021	100129550	123706513	11276	79873	4747	284106	29964	100506516	145783	117134596	105374254	114841035	124902204	101928737	730101	91695	84773	130872
gtex__cortex__M001	889	23072	57679	204	23028	84254	6833	10368	8913	8938	6853	5310	23221	5081	11313	9066	2556	30845	112611	823	2554	55778	11215	286	578	23026	3937	7504	4134	55040	91522	23105	140689	84957	58508	55359	1001	55633	6602	25791	2009	782	5590	55593	8518	5217	440	1258	815	7224	54847	9671	3785	119	25956	9733	79960	7419	3991	2037	5891	4208	57579	1310	1741	54437	3842	84273	3030	57531	22996	55624	2778	2036	1795	9762	22895	57060	8646	84196	4897	5172	1738	23335	51168	1725	29911	1153	610	421	27037	9701	6305	4744	23551	4627	10598	79038	4522	7443	1137	5332	128866	140679	7355	84061	2245	55757	408050	1186	1428	23062	3163	51760	23312	171177	79752	898	9253	79187	22898	11140	478	22983	6878	54927	57582	10367	23185	79132	1949	7531	8821	57620	8567	2965	56994	84830	9439	9896	84498	2030	10279	55819	2566	55186	23527	7433	29959	3241	6432	2043	57535	4985	9829	79814	10000	23266	3925	56181	6785	81573	4702	57706	9870	51004	54812	53335	55719	26507	51307	51019	1	2170	3208	11059	51209	29994	3787	9217	27304	6204	6903	2892	24139	80025	10893	6487	3831	5582	171017	821	64768	23352	51764	57622	57168	25775	2847	55930	26297	9070	79057	51337	9667	23149	170463	1571	445	139728	4037	7187	3748	8500	10948	83636	1742	54496	9826	1131	9201	55859	66035	81846	9645	57578	23508	891	56907	377	9363	51361	1837	9743	26578	10492	112609	517	9840	23416	85021	6553	80003	3775	85397	11250	11137	5100	23143	4008	10716	2058	1025	116113	9873	96764	5607	23005	3706	80031	8634	10669	9581	6775	10152	10021	83478	55752	80144	85352	283358	196500	1848	7786	10150	6751	7168	5428	94160	9611	8533	8844	55275	29919	6904	54808	773	59283	402665	23038	5451	148753	10500	65123	3899	11249	6323	57282	51454	9686	57574	114790	84892	275	9515	90113	817	287	5295	78991	23138	10667	27242	64599	340419	114789	92211	2746	9118	80313	92170	8525	5058	84623	8448	9472	6868	130340	5789	2849	55361	134353	10670	92370	116442	3798	491	9069	776	139221	9162	26100	4681	3362	2039	84134	54461	11189	9114	808	2539	4047	126526	9684	1857	22941	2785	22854	3765	8682	79762	64216	128308	347730	3754	3760	6944	80128	134	152110	23114	8618	23001	78987	51725	5437	4241	79012	132332	26269	2898	348980	63974	285613	27012	79870	79698	55342	26130	84720	402381	3747	83700	2200	654429	9318	79608	222865	567	9640	146713	112476	784	10653	90522	1613	10501	3761	7266	1128	2675	3354	2915	7386	5865	10636	114787	5747	169044	23119	123591	7532	58485	91752	883	3777	11076	283455	8941	57449	10243	11346	257019	9915	1072	10777	111	256130	79102	10534	90441	23333	6712	57495	170261	9024	11041	9435	132112	22843	4878	9776	56675	64770	10458	379	63893	126792	339344	163126	84277	283377	627	83869	9240	5426	7156	29928	64110	266812	79605	387856	9659	54681	54913	57184	5198	399668	84232	400120	85453	151963	64388	23109	54112	4692	9312	345557	9112	64478	2842	5877	2903	339039	152579	254887	645974	5142	4753	138046	5413	1812	56899	266722	9146	26013	10336	399947	146760	255022	345079	340529	23621	4674	28986	94107	29978	5575	345630	51114	23036	441239	23708	4604	55190	51466	100289635	51434	399687	57473	961	6334	160	644596	23061	128486	84301	4644	57799	26052	9228	140885	340578	50618	148741	81706	57154	221002	57692	387066	286411	221424	340543	84243	1302	728215	440894	1639	54458	25851	414918	55779	339263	283673	84258	23636	10962	10809	55384	64506	400954	84461	285696	134111	283514	100128264	53822	728190	105374235	284930	729467	101927300	400765	440823	100506714	100192379	124902439	643837	642345	100996635	105369302	100506274	441452	100506679	105370670	101926941	101927590	285154	400238	729178	654434	101928537	266655	390616	84968	105376314	441094	1159	100506866	105378580	158	348110	56134	7268	654790	104310351	5820	100507043	91948	729305	441046	100507341	107986980	91056	54551	101929473	254559	102723895	729911	343702	103344931	101927957	83482	645355	148189	6182	100505576	140735	100287932	728752	101927943	101927151	56936	152217	107986100	80039	26220	100170841	389856	390660	157285	100287808	101928087	110806277	102724859	100130148	283267	101241892	359809	105374338	729732	112694756	124903183	105376121	105369588	124902301	101929748	122319436	84820	100131998	103091866	100132341	286554	728448	554236	121456	644050
gtex__cortex__M002	90529	381	7982	5577	57414	23077	55750	57787	4843	9254	4784	7812	7384	26993	2137	637	23386	9369	55655	29781	8635	535	321	23274	27067	1008	55885	9564	51742	5798	3757	8454	26999	114800	5218	493	6515	10076	10188	51768	55711	7089	5141	4802	5315	6857	492	63897	2182	8514	483	6710	79364	490	79658	26528	55117	51109	87	2011	51095	6605	10129	4905	23332	8672	4140	1739	55973	22978	5915	1781	4133	9063	54715	117	2222	3835	79876	9812	23136	4779	23085	7514	790	4216	56970	9489	2775	55239	10059	8570	23348	84678	26074	6175	8315	29965	29888	84572	55072	10580	23031	5714	513	4670	5064	23759	51199	23002	3705	1983	22981	26164	4923	1917	10139	9371	8715	1478	9949	4168	9016	5230	9468	3356	11151	5257	50855	7249	79791	10273	7329	653390	4150	6810	23420	8120	57214	55284	3646	4741	6625	1209	284352	22870	6511	11100	7297	5802	1954	30000	5143	93436	79036	85865	64327	10049	1124	2887	2617	1174	113263	9678	51422	158471	1759	55664	23081	7306	8729	57584	8453	9211	7343	8402	6603	40	64750	9343	10874	5602	2743	54414	26273	5002	4928	8496	65981	65117	8078	2026	9847	1911	135112	221692	26268	10486	81688	56940	3617	9685	9555	10915	51421	3836	55081	523	50512	1981	55683	7781	2976	5136	10314	55120	2677	23301	8869	10494	22930	8604	9731	271	58512	9181	7799	23046	3964	51440	81849	59349	57576	533	5511	55259	4033	84251	57539	79109	23093	2891	56243	51780	7181	8405	7750	22865	2971	4952	1314	84293	1959	11113	5585	6780	10617	89845	6310	23019	9491	10616	128637	3661	8021	5300	63922	6597	23030	92521	9732	4430	1123	1635	1804	84816	10439	10844	9885	1786	55902	23229	64432	9467	94030	10656	22907	5176	64208	23208	10810	4628	9215	116988	91298	51520	23075	9811	8536	25917	10752	10717	51535	79022	57498	29841	57614	284252	747	1514	6733	25821	577	55226	2583	9053	160428	55681	9805	1607	28988	91875	274	92856	9373	26160	3795	29789	6744	8482	10144	84162	57619	144165	9746	90634	60314	283385	11001	8125	49855	5073	7385	3801	1012	22980	114876	50488	494470	57410	5567	9970	27005	5546	23179	3756	55061	27436	285175	5746	64708	80852	152330	114884	57552	285150	9353	81608	1016	23635	5066	23092	2561	57451	57583	9589	357	30011	8573	6770	54904	6129	55638	9166	90678	818	84866	738	22866	23284	1740	3708	57512	3742	7068	121551	288	9223	10873	143187	54842	387923	144423	29970	55521	56978	5796	9453	6328	25827	80309	9320	7070	8470	84532	55027	23367	2890	9844	23362	145483	3778	57466	27020	137970	114907	3084	7804	3815	1859	445815	57728	121665	64897	127262	9334	56946	137964	9191	8703	284348	55108	5116	3275	51160	80228	8878	60680	284361	1973	57465	8986	1996	93185	5824	91461	55249	317649	10109	23122	166336	7871	51304	55764	133308	80335	79884	167153	114801	134957	1508	55074	7534	54704	65268	7415	26050	63876	509	7417	7248	64745	283310	145567	8945	55323	79803	2562	23582	64400	10999	84064	6786	80700	7775	6730	25837	23524	6520	199223	125488	27065	25942	2873	22871	84894	5099	1501	7480	51621	9758	10477	166614	57148	4862	5429	11214	79145	4884	1826	22883	55729	83660	54205	1798	2783	9854	9338	10125	285268	51162	26960	84153	338692	541471	22885	64802	26047	158038	148808	90806	170506	9537	79772	57628	146691	140775	80324	347862	7182	79751	25945	7334	55175	23241	727957	66004	23760	9625	414196	10193	55228	2131	81532	10159	8905	439921	6000	161	18	5504	5463	9276	9968	7327	3714	6092	3297	9899	56479	339983	257240	23299	220107	3852	54103	2558	54331	27445	23040	144233	613	55182	23270	79659	26059	284677	375790	2844	1121	84247	144404	23029	26155	84933	139735	60491	3376	29068	100131755	9612	3908	92070	23365	163227	171392	104	142678	10533	26037	10242	56882	6709	9814	5178	444	51062	27347	10479	10497	2710	9853	9755	64423	55777	2550	400553	100506731	400932	9946	10921	11116	1454	7866	440270	285780	100131390	5520	100505783	386597	339260	102723817	8629	10093	100131434	984	85358	102524628	101927963	552889	102724301	55845	26065	100507534	80755	115290	338758	105378083	100101267	101752399	7703	107985115	100289656	100505687	493754	201283	57234	93164
gtex__cortex__M003	8379	4074	10180	10943	5164	3920	9091	29116	9862	7095	25900	3097	1185	54903	8193	23177	51629	1195	55703	9604	4190	23154	25960	6683	2273	9921	64429	211	11171	2896	10908	3631	57120	57545	23518	3074	51528	5610	57602	5318	9474	29927	4659	54432	84256	65125	1431	55726	10402	5476	5378	1606	119391	9950	27248	9488	10681	27440	1459	8440	6929	60343	29894	949	6389	5743	6620	6557	6624	60	23609	7163	2975	57103	5527	2782	9984	114880	1653	11158	6595	3781	28962	905	8668	102157402	2060	55054	29887	8898	5705	51637	55741	2280	8079	25977	10558	10296	8761	16	22861	4345	23256	9878	4436	55280	51322	22931	283638	6598	5625	23598	9681	10043	3162	23774	1690	5641	3091	89932	57820	80344	55245	26051	56853	8260	2332	94121	81617	55565	79650	65009	55697	9100	5934	1445	50804	54332	427	2997	3191	54938	4946	81857	10469	333	56917	22900	54531	57794	6324	2931	2901	4233	8896	54662	5599	7511	4927	1655	5573	90410	8649	7323	2549	7466	51166	29118	3312	55572	27339	10612	26973	57562	4598	10988	4048	3736	23329	56890	1108	7167	11329	6908	10902	79770	5917	1452	57222	2257	10342	28972	4691	9784	2888	6772	151393	5000	1386	22848	2956	4139	6342	9295	64960	57568	34	1889	55758	57134	5955	56912	9994	5524	26094	1788	10171	5110	39	6950	80209	59342	64282	55269	11019	92	79903	5395	83637	3181	51251	152007	51604	5184	10199	83732	7270	79143	51141	63908	4149	63941	83786	51119	8678	10131	5605	23499	14	2770	65997	54487	10739	9513	3609	57509	81533	55201	10422	375775	10298	23404	84326	55558	4354	23345	4772	57343	55860	3337	54862	5894	51540	23558	4678	55544	93611	23111	7178	79589	10313	22880	114904	406	22800	196441	8650	7428	902	22873	7174	22881	6885	10677	27165	64780	10505	2016	80210	79621	53346	10241	11143	6812	9550	2800	57176	6386	2542	5876	5495	1838	54536	317662	3184	22872	9908	79807	23710	121536	6895	145389	112840	10516	10169	663	54939	55070	5045	5636	6875	409	26502	4152	6455	3454	5792	481	10899	2590	9859	116841	4931	92906	64969	4867	11159	79634	1745	85403	9039	201780	55814	81545	54438	51473	90523	55869	4841	526	10280	220869	54886	56623	118924	84280	79780	57325	51524	79980	143098	54545	5800	121256	127933	5213	23171	60592	5801	54463	79705	30827	81552	51633	10600	3098	219743	1974	2114	56896	79623	1780	8867	516	5710	8883	118424	755	6464	103	4061	1173	55324	55260	91010	160622	26168	339123	81570	10482	84447	7398	8880	100288142	554226	3625	284996	7203	79885	5274	64419	151613	25898	54965	64789	90826	134510	23514	6522	8323	84267	3190	123016	11092	259217	29951	783	118490	23423	6778	6809	6447	10982	399665	2801	257160	51693	148137	137695	89849	1499	388753	3800	203190	3187	79740	25849	90693	7059	8706	65008	9839	27247	7555	2720	10678	23204	9229	79188	9637	5581	118812	84287	598	23261	151827	1503	5621	7064	7690	55222	91683	345757	54872	23051	253959	3981	64837	125144	256356	5708	10540	7025	116068	55884	11253	28976	2885	140461	4291	79415	242	23042	22827	79077	8575	4869	11022	6472	22906	100506380	2130	9802	54880	7378	10293	114781	84319	10801	56478	23762	9823	55015	64409	10933	5833	55693	5501	4675	84981	23275	4137	10445	64170	64218	57573	2547	2104	4646	3066	7442	150472	642968	221785	309	1778	91966	6120	83694	54870	338811	6721	339448	26128	26058	414189	55219	6046	64978	6311	613212	255919	8906	339210	51024	55670	1654	388815	6293	285954	221710	348262	100131801	414777	114821	643699	100506930	101927502	92249	100874058	57461	154881	9054	10443	101927612	255167	56108	100506365	100862680	51750	107984813	106660606	108783654	29057	112398	79154	105369154	106660612	100132288	1556	155400	57212
gtex__cortex__M004	5893	23129	728642	51534	9716	5452	57554	7204	1495	728464	10758	57504	816	6894	5188	9410	23504	1301	65056	4058	2235	22933	10294	10290	55743	54475	11176	5909	9138	88	8871	54472	5026	10325	55663	91746	5550	5744	55968	54997	7066	7051	10013	10044	7093	7738	11332	23543	10478	9985	25939	22919	29906	5358	6594	64840	9688	65057	9013	51172	4363	55174	7991	1760	4858	51231	79784	3036	6804	24146	8777	5532	54462	9570	23125	10014	4013	55291	55531	2054	1303	2762	26054	57666	1007	10307	84100	4968	10641	57501	81562	30818	5510	80267	8564	23215	7139	90025	6185	118427	9615	1394	10808	10520	57179	25950	9643	6385	2914	9521	9208	6662	60386	57187	6253	6628	8242	59269	155051	7277	2791	8910	64753	863	57631	4301	59335	54897	84905	51388	51669	6272	7482	9698	84900	8291	55336	26122	50649	28969	55627	2572	113220	10244	55362	79969	5962	56924	10579	1763	8499	91012	54509	85416	376267	122953	8826	147381	5211	114783	126374	55827	7170	6016	8476	129804	115286	1609	51316	81786	84553	79742	90060	1807	84294	80728	7436	774	149986	220064	1006	5805	9871	775	60485	284312	53354	152789	23461	2551	56934	7273	9630	83873	5097	5521	55799	4599	29	8997	56894	23387	84988	84911	3678	433	54587	343450	10092	2215	79961	27148	8833	26508	50650	10424	4338	57107	91147	120114	116225	717	55273	322	5598	146167	80975	89797	222950	4141	26995	4645	10449	54815	25818	21	26580	5368	23192	56947	84632	51305	123207	9079	2990	1107	143162	5209	195814	201514	115196	8462	171024	254122	1464	79703	3267	582	26470	131408	5870	9832	6197	389072	84987	27132	284485	22864	9378	253650	404201	90843	5179	100287171	220382	50863	390637	128989	84441	644538	4582	5719	2124	23131	4673	23048	9742	284338	389073	10811	3556	131034	60312	4763	10865	9260	6714	27044	135398	1803	6281	1500	9722	11138	653316	57139	79958	6235	10379	125150	353149	8718	63920	378881	100505696	401260	100874198	84320	284798	378805	643529	100506527	150568	100272228	358	161497	8637	57553	338817	100507401	100505894	100506668	121232372	157627	101928136	692247	399959	105369329	105369758	284395	27246	100885848	128077	113691	84726	283755	729375	220729	442523	2630	641977	114814
gtex__cortex__M005	2729	4267	56603	3675	2534	1634	10463	1355	10138	9782	51507	4719	1890	8498	54165	8481	23327	27122	23095	51660	10787	3029	10060	23161	6720	83992	2260	9452	57092	22894	2195	8812	27327	55632	4637	1727	80020	6767	5494	6430	394	5203	57144	1471	23347	6901	5935	10166	3299	5595	65990	79006	6923	7082	4683	55111	166	9141	92609	208	27113	374882	10430	8887	23242	573	5216	708	54940	23321	9379	25906	975	10944	9600	51699	221662	7957	900	5515	8992	8087	2632	27086	6787	25801	1615	4780	515	5906	6513	8704	58155	57035	23443	1385	2309	56122	23435	55268	64786	57489	55975	23389	466	64756	90203	514	5335	29993	2868	92675	55321	10236	54850	7979	5782	4357	4698	8924	1854	83855	25814	50632	54958	9584	1349	80758	6117	57511	5158	79572	3612	92259	4613	79577	9415	4076	10956	2752	9445	64844	84317	81873	57575	4704	5925	2958	25989	10140	90507	29956	1130	3707	6637	79137	10217	6622	54532	85449	2823	2059	22878	518	4685	147495	55529	55326	54819	123803	6529	8764	55179	873	1487	7410	151903	5745	10603	11282	6427	113026	6154	6159	127002	476	153733	23305	154791	501	203286	5654	255394	6881	50810	55897	7171	29123	6137	57348	2495	5867	55788	359948	440957	661	85476	7336	6383	284004	126789	4696	51282	26156	2628	51030	10231	53342	6169	203523	10209	5936	124152	6731	56945	11007	6199	79666	1479	56888	253461	57104	221294	9377	23302	51333	8334	25994	388323	50801	6304	91689	64061	90135	10509	122622	5034	84631	116985	170622	57801	6613	340277	9045	4697	219348	5094	10920	780	131118	3073	221786	642852	101927027	9842	84973	90120	10432	115557	57026	100129917	255403	6414	102724814	100507588	115804232	202020	9939	103689912	79148
gtex__cortex__M006	55732	81887	5976	58525	2530	5606	168850	57095	30	2817	4638	2261	56850	9948	22905	83642	65993	8726	25996	51548	369	8556	56113	7760	54498	11069	83394	55862	1384	9524	23541	7494	50	23351	4792	55969	1522	55738	57761	5127	55011	6618	8701	9355	22949	2022	20	1819	27077	51747	5376	4839	3945	5992	54516	23195	51053	55754	2246	5067	10675	64895	10190	1647	10560	1266	1063	64747	5887	1211	79269	84329	5153	55509	79586	23363	55653	583	30833	64794	84266	23263	112849	54973	10365	547	83549	10155	23199	7322	3021	10250	84330	84722	85004	80206	1284	51347	26056	55654	51131	1910	10006	9314	9856	94	55716	123920	6187	83608	57140	57333	51093	7286	94097	165257	285440	26260	137872	50808	220965	256364	130074	23589	146556	55740	388650	65258	64092	388272	6566	132	122416	150946	8822	5763	149076	26097	4000	10898	55220	824	80232	9861	84818	84059	23462	220963	51585	118881	23203	143872	1152	3419	4176	780776	144100	6632	51704	147015	374875	64223	9881	10251	53917	8493	55657	51013	84331	118487	93550	4615	6573	8722	51574	253982	92369	84747	5441	54762	144347	5886	116135	9282	126003	283989	27439	131675794	71	23258	7469	7625	80233	7026	5727	200728	284434	7390	199953	653319	26010	123096	93377	8733	144717	23054	6263	6992	55366	727800	51157	51239	81890	51075	10195	100130449	100507057	102723775	728730	6892	100505881	58486	387521	55861	283131	102577424	101928058	6038	101927288	54883	100862671	124902606	150244
gtex__cortex__M007	3075	51330	85477	6401	695	5329	9961	6556	8685	960	3645	4481	10863	1356	60529	2296	6916	8531	1117	10797	10335	6813	3566	2192	2932	56265	3383	5742	1390	5008	27128	80832	4689	2564	27286	8840	10859	6510	6528	10135	22797	858	79974	54504	2889	1277	6442	1410	64231	51338	10114	6506	113246	7164	653	8875	10475	1809	942	1154	9595	7850	3554	9173	79083	4209	8609	6446	845	6696	10936	800	9469	1017	6590	64344	1026	54436	3659	3553	2354	22918	30817	3976	57153	79649	81	3691	23164	4608	4629	79845	90853	116496	3569	10010	834	64220	55647	7453	3394	93649	6563	55244	6518	3339	2212	25816	222663	4915	83938	6876	3698	25890	27123	6503	127731	6781	714	27151	3689	3101	3699	7412	2487	6280	1293	81788	56999	151636	133584	26266	6850	26253	3903	51129	1281	255743	3965	7881	5031	55304	6363	54796	713	712	8793	5091	7096	196996	8061	2810	2303	221091	284119	3766	5339	7056	3059	80781	10082	6525	9021	387763	7373	5549	6275	284759	2316	837	29950	5265	1305	9356	1438	7169	5350	9060	1756	1378	2214	3111	7940	93035	9289	4489	389136	3672	339535	1052	80830	105378909	644139	339789	101929335	11185	8771	100131176	79168	100507053	105369147	100233209	100505994	100505875	101926904	145820	101927314	105376244	102724646	401577
gtex__cortex__M008	26073	3674	114881	6856	22902	25875	5291	23224	9892	7216	8907	27091	9817	57613	4849	57062	57192	57605	51816	9463	171568	1113	63935	64743	1821	8131	23322	1936	84167	23646	5518	11033	3955	79991	51195	3384	55110	55188	7265	29102	3485	2274	9887	79033	10327	51060	79630	81847	2185	57616	576	57468	55154	10485	56926	51614	84286	25953	7425	58986	5589	4294	9473	126299	261734	6627	26284	6616	10400	285148	29889	64759	54606	56965	64062	64403	112483	432	114804	113230	56950	29114	255426	401262	221960	54788	54805	79096	10658	4684	83723	57407	5799	7547	9478	10361	51735	23515	56063	84446	1141	23623	222229	115950	84448	26872	81832	159195	9382	89927	79759	84940	4992	126129	53343	80196	59350	6919	682	253782	339122	56834	6124	1139	253314	2902	51301	100996455	219790	716	2894	1397	51428	150209	10078	79135	752	56901	5138	57591	85379	65250	28512	2870	11060	26071	1616	7916	79600	56143	1375	4722	768097	121853075	400128	100189589	100507516	124909494	100505678	390595	100874047	388021	100130855	92335	100507373	727758	440248
gtex__cortex__M009	1080	54443	933	9846	8975	83641	1496	4036	1307	51433	10110	30850	55805	5450	23150	150572	23120	11155	5354	400961	4337	1059	2864	55556	54839	8549	11226	8502	153328	56955	25780	118611	55314	23176	3516	54899	23214	2705	9723	2861	4815	220416	9134	10301	666	118442	22821	8632	1755	124602	3792	7405	57165	116437	4340	643965	642394	123464509	387486	729658	144920	100505774	124902280	100507336	8847	101929302	117751736	100271702	441869	101101772	101929467	101927641	285286	727956	347689	255187	100507377	101927459	286186	101101773	400617	105369201	285796	389033
gtex__cortex__M010	8837	23187	355	3309	4052	81671	8537	10272	80216	4162	58476	2533	118	5829	9843	825	3053	28231	8874	79152	56061	2906	57664	57817	3315	64077	1440	54757	4739	9749	7045	1135	3061	3164	54210	27180	2258	6754	55748	3601	29923	93643	5547	8128	6279	1404	221935	1392	85450	10205	387700	57369	5900	1953	467	2921	57494	4336	79628	2357	116844	146	348938	79625	389524	442117	64787	3350	80169	23265	6656	29119	5453	10507	22953	375567	5649	100507206	12	4155	65992	777	134548	7052	285878	100505664	104355152	100127888	6997	720	56109	2831	6648
gtex__cortex__M011	54972	5689	10747	11178	9933	51310	2872	9751	10240	64089	64130	5438	54433	10007	4179	7320	440073	83448	8881	9988	10219	58478	6715	10814	113622	56172	144406	30815	29115	200844	9147	138311	6773	83787	54777	283848	57659	85007	51329	84856	348645	9901	6829	3897	374887
gtex__cortex__M012	51474	1785	65985	3189	79954	286336	1678	23309	8930	4705	10585	7700	5977	10588	80349	85452	113419	93627	9203	23245	27034	522	118813	152992	115817	124245	222068	9255	132160	10922	2110	10978	254531	167359	5187	51807	340371	388567	90835	118472	100144603	2968	8904	100506421	101929191	149013
gtex__frontal_cortex_ba9__M000	2729	889	29916	56603	57679	10181	23098	5965	25998	26224	163	57157	9855	10926	27072	60528	57787	4843	9254	53616	9043	4784	6482	5310	6224	7812	10747	22955	1185	54902	23395	23177	57658	5704	23324	51667	10463	10138	637	9782	27032	23034	9369	55655	57476	4719	3298	8630	8635	55334	286	51306	56052	25897	8439	27430	7204	9765	79567	27067	1008	9440	54165	64848	57120	9734	55885	10659	57492	81037	23327	79810	51742	23596	23095	10079	23201	8454	58508	493	5128	6515	10076	51564	11178	10787	10188	1001	7771	124925	51768	6873	10147	55711	10203	3843	3735	4638	7089	23216	8621	6602	4802	27107	10565	5315	30836	7158	6857	89795	63897	80347	2182	57560	8514	10640	9993	79364	26986	490	23161	6196	537	26528	29894	55117	5566	27330	64398	2011	51095	6605	6480	10129	8301	4905	1207	59277	55205	26034	8672	27332	55973	22920	4292	113235	83992	2975	23032	143684	79960	4133	5527	54715	9452	83737	8569	23152	3835	8417	6595	260425	1005	57092	79876	9812	55100	4200	55322	3776	4779	54437	2932	23085	11342	79728	57226	9706	3842	22894	57613	790	546	9522	57531	22911	4216	5243	23259	4799	10075	79796	51593	94005	56970	9489	55239	10059	339175	8570	23368	84678	6175	55285	57062	25977	8812	29888	7023	8761	84196	2734	5172	1738	26575	55072	55632	25831	11198	26523	55862	9117	139596	3983	79956	23031	5714	4670	5442	27037	29801	6545	2687	23384	89781	4809	6767	23002	79890	3705	5494	57452	1983	23405	79882	328	8106	394	51550	5875	9837	22981	1457	5173	23347	8731	8715	8780	412	79868	5634	4168	9016	2332	9468	5935	3356	54602	55757	8874	5257	10204	83752	80777	79918	55238	83693	7249	7329	23062	23420	79719	10391	8925	57214	9455	7082	79752	7976	4683	5862	51366	7991	4173	6625	166	22870	898	9141	92609	2821	79187	7297	5802	1954	22900	30000	5143	93436	56006	85865	79872	4967	4233	64327	10049	23554	8887	8662	55131	113263	9678	54664	51422	168391	7046	26468	55664	23081	11196	11101	8729	57584	22852	91452	9211	10900	7343	9110	4591	708	4355	9343	26118	64854	5602	27309	1182	23321	55294	7468	9693	7358	10891	8882	9379	22897	26273	79829	55531	10944	5715	8496	65981	83892	65117	51699	5869	1108	9847	1911	55188	135112	9750	26268	221662	9439	81688	10767	7957	9444	56940	3617	56133	10087	8622	9685	900	1004	5515	80006	9555	10915	57222	51421	3836	25852	2257	7375	23527	1894	8087	55081	2632	523	51555	10057	27086	6787	55683	4691	10096	2820	25801	10314	55120	2677	23301	8869	7701	10494	22930	8604	1615	4780	65977	23341	79906	9731	57535	80267	5906	55870	54856	9181	85440	9829	7799	51377	51086	7709	23046	51440	6675	57576	5129	533	8503	57821	163404	23443	55758	56181	8289	5511	114883	4297	22926	55259	4033	9789	27145	9994	84251	5325	9194	51552	22954	79109	91754	9870	51004	54812	3416	4601	55717	30819	2891	56122	92344	399979	55068	51307	51780	5357	7181	4801	23435	83690	8405	1	23024	80218	7750	64786	84248	1314	5930	79903	25950	55975	1271	1959	11113	23389	11228	55297	540	10133	80760	4035	79809	5208	6431	10564	6780	8675	55577	23326	8239	29993	81578	7913	9208	23019	583	23163	84172	80023	6238	11034	80818	11190	8242	826	10054	6776	3895	22890	55288	821	83744	64919	23352	50809	79939	58513	6597	14	5782	84060	10606	92521	93986	4289	4698	4430	8854	54832	1635	58533	9070	6861	1804	81	25814	10844	6874	9885	1786	6535	7776	84905	23229	23199	10487	84440	9467	9779	94030	11127	47	54882	8500	10948	5914	10656	3996	23225	23167	55037	79781	8864	51763	6117	64208	26057	9406	23208	10208	4628	10250	23037	9215	91298	79572	3845	3612	57578	8536	10752	4212	55119	56907	79022	57498	29841	4613	129607	89796	57614	85019	51765	9698	51361	25941	747	54841	7174	11095	2113	324	79161	6733	25821	577	3351	55226	4076	517	116986	3178	9053	8763	2799	9764	2752	1660	9857	9470	55681	26586	8803	9445	1102	9805	28988	4836	6426	11143	4711	6326	64844	51133	55627	274	51759	84253	9373	55833	152006	25844	51439	23213	4750	5519	79811	56965	27229	80021	54816	8412	9411	204962	26160	10097	80204	10128	51196	50485	79800	6744	26035	10144	55435	153020	84162	144165	9746	347902	282809	114795	90634	7009	5925	376267	123041	81614	9990	6652	11001	6727	8125	2108	10363	49855	79798	9785	1009	22980	9611	5636	10140	9905	22901	1213	55197	114876	7157	57521	494470	4089	9980	10498	23038	8543	5451	5546	23179	80222	5298	23126	55061	8751	25912	65123	1130	84451	9859	6726	8497	27436	152330	91775	83939	84276	9353	54532	55016	10299	6715	1404	5066	23092	153830	340156	57583	9589	56996	11011	30011	8473	5631	84443	3358	6867	54904	51110	9166	115426	203228	90678	6935	92211	2746	10658	726	92105	5058	4684	26007	3619	9538	84866	22866	53942	23284	2823	1740	22948	3708	57512	3742	90488	121551	288	1977	9223	152485	54842	80014	64417	221336	5163	55521	5213	114908	4154	133686	56978	7402	5796	9453	51351	9412	9425	5903	25909	6328	51571	50807	22878	25827	80790	1054	26256	84897	23461	4685	139322	221264	5799	55326	118813	4343	55027	23367	65062	56776	3798	23362	90550	6103	9791	6832	25921	60685	23522	6529	7804	261729	9069	776	3815	54778	145773	1859	2114	257397	445815	121665	64897	127262	55179	56946	137964	8703	57805	2035	54461	6651	89970	60313	9813	1487	29	150275	8566	5116	23181	11182	148206	112724	6294	80308	222236	60680	1973	57465	22941	8986	51727	1996	205	3716	23528	10092	93185	5824	148362	91461	80232	51072	4760	200373	152559	317649	64343	23122	151987	166336	7871	57406	23350	151613	11073	54861	54716	59343	10424	8927	327	80335	79884	54726	153733	55255	167153	57763	10559	10466	54329	168667	1508	5828	5885	114788	54919	55074	7534	81034	25879	158326	54704	138050	57526	55342	65268	7415	94134	63876	509	64745	55088	283310	255394	2200	8945	9318	25820	3419	84460	8509	9640	9665	23339	2801	1398	84064	7171	8085	114823	80700	7775	6730	21	23524	199223	10980	55209	3516	55788	125488	3800	54899	55806	11273	8754	157638	10098	27065	85476	367	25849	7336	23099	10960	7881	25942	5747	7798	2873	84894	1501	7480	9758	10477	220988	54714	4086	166614	222008	57148	4862	79071	1000	133418	6773	79145	9788	26115	120526	5569	5581	9655	81831	4884	5356	1826	22883	51523	5293	203859	23261	5053	2628	4300	5728	83660	51030	83450	54205	2845	10605	10231	9854	3054	26960	253558	541471	79877	22992	111	91749	203523	49854	256130	5797	79834	11163	64802	6777	5936	165324	285704	54872	148979	488	10302	26047	400986	148808	90806	124152	9975	6731	201626	254263	51319	1488	56945	5095	55844	79772	5870	79666	9699	205717	6330	157807	80205	347862	3737	253461	7182	10425	79718	3725	25945	140461	55929	92949	63917	114798	2731	55175	2066	2580	127254	23241	645212	84232	91663	727957	7710	9378	10194	66004	8575	374986	221687	253832	84698	25994	1129	92815	9625	205428	414196	10193	134553	55228	25834	2131	7325	8905	785	439921	6304	23236	7267	164091	161	9802	54880	158358	339039	387893	5504	64061	5463	5587	254887	1850	9968	139285	7327	23762	155435	3714	752	56899	11124	7127	9899	89782	4733	56479	257240	55599	54103	157567	10623	57496	3840	54331	27445	23040	114826	84981	100101467	79659	338645	11261	7874	26059	2563	5359	1121	57186	84247	51114	340277	144404	339287	120892	23450	100507206	132660	84933	284521	10388	26010	3376	222553	2104	9612	6536	399687	6925	55684	4763	1612	92070	140612	57730	23365	100129858	163227	7741	1778	5094	80055	5718	10438	84301	79027	104	55753	26037	10242	955	284370	197342	100506658	6687	54708	9814	57209	54870	5178	50618	10724	285989	987	10920	27347	10479	22909	57154	29883	2710	22876	4976	11179	51714	9853	9937	79065	9755	9867	9293	55251	124900275	26146	26058	55680	84243	55777	7918	7917	7916	730051	90317	11138	2550	286144	5150	6643	100506731	91750	283314	23243	339263	283673	81890	125113	5500	1454	8904	64506	400954	441204	64283	340267	84461	440270	1654	388815	375190	5520	53822	81669	642852	100505783	101927027	285954	100505996	100507171	101927621	284798	107105282	414777	100132948	102724699	643699	100506930	100129620	100129434	102723817	338651	8629	100132891	100507557	401491	729993	115557	8577	100131434	727956	642819	344595	10443	100505738	101929423	56138	255167	27239	6414	55000	56108	5591	100506365	148189	23380	284565	80755	100507218	29057	338758	100101267	101752399	80039	283683	57223	11276	114791	7703	79893	31	101241892	102723099	6905	389906	29798	105377294	100132341	400322	388165	102724316	493754	349152	654466	6648	124906262	100129482	79986	113157	80862
gtex__frontal_cortex_ba9__M001	90529	5893	23072	3382	79007	381	204	23028	84254	7982	996	3980	57414	3674	6833	10368	6863	8913	55750	9912	4145	8938	6853	23221	5081	7384	80199	11313	5725	2556	2137	30845	112611	823	23386	4331	51507	2554	55778	11215	25901	29781	10953	9774	578	57554	9099	23517	65078	23026	90326	3937	7504	4134	55040	5982	91522	9564	84321	54477	23105	140689	84957	26999	114800	57504	5218	5923	5662	55359	81671	55588	8776	2817	10347	6882	55633	6416	5141	1496	25791	2009	4649	782	5590	4205	55593	57217	10235	10294	483	6710	55062	440	1258	51109	87	7224	29953	54847	23332	5522	9671	3785	4140	1739	25956	9733	22978	4162	1781	10003	9063	273	117	7419	58476	2037	5891	4208	65985	93664	6604	1310	23136	1741	4986	5026	25799	84273	3030	22924	81929	22996	2775	118	2778	51290	2036	23348	1795	9762	26074	22895	8315	29965	57060	83719	8646	9727	4897	23335	51168	57084	1808	1725	29911	10580	28978	7738	27328	610	5064	421	129138	9701	6305	1727	4744	23551	23543	4627	23112	79734	5905	55687	54207	51199	5684	283578	10598	79038	4792	3172	57446	26164	55738	1137	1917	11237	10139	10483	5332	25939	9371	128866	140679	9949	6839	5358	7355	5230	83692	2245	54457	79758	23295	5595	80152	408050	1186	79791	1428	6923	3163	653390	4150	6810	51760	8120	23312	171177	79848	793	3646	4741	11100	11140	8775	478	9266	374882	23373	79036	154661	7472	2887	23242	2617	1395	6878	8976	10842	1174	54927	64420	57582	7306	7763	3257	9806	10367	64077	10531	28964	5414	9570	8402	6603	40	79132	1949	54757	7531	10874	8821	55296	57620	2743	26610	54414	81622	55291	8567	975	9600	79785	2784	56994	1303	84830	7164	4988	221692	10486	81491	8936	9896	84498	2762	2030	6500	84100	55186	50512	7433	1981	81562	7781	2976	29959	51130	6869	9801	2744	3241	7341	2043	4985	271	58512	79814	149371	84618	10000	81849	23266	117178	3925	57488	6785	81573	118427	5918	7347	57539	23314	4702	57706	53335	26507	60370	25902	56126	51019	1191	1135	3061	2170	22865	3208	22987	64168	11059	5585	57213	51209	29994	5393	27304	10617	2914	6204	6903	6310	9375	7737	2892	24139	80025	9491	10893	6487	55795	79414	3661	5582	8021	3188	51309	64768	5300	2671	63922	51764	23030	8910	57622	85378	57168	7533	25775	2847	1123	55930	54982	83448	2258	79057	9667	84705	83861	4142	4301	170463	10439	1571	445	59335	10585	78992	23345	5119	7187	64432	3748	83636	5176	1984	1742	6754	9826	9633	10810	1131	9201	90627	55859	66035	116988	57180	84332	23075	81846	9645	23508	891	25917	27255	10390	377	23175	54522	284252	9363	1837	9743	26578	10492	57231	112609	2045	9840	2583	54806	85021	8291	6553	183	80003	3775	85397	80705	11250	26122	5100	23143	4008	55270	9771	1607	6434	10716	2058	84317	2572	10730	55755	55014	9568	51754	347252	116113	63027	7172	9873	54843	5547	5607	23005	54839	3706	80031	54874	8634	10669	3795	9581	403	5950	6775	29789	10152	10021	8482	83478	22872	5910	53371	55589	80144	57619	9061	85352	283358	51067	6843	196500	1848	7786	60314	283385	6751	4857	81542	55466	5428	8128	7385	94160	3801	1012	89941	8844	55275	432	6904	26502	54808	773	7226	59283	402665	5567	113451	90874	27005	148753	3756	151449	6233	3899	11249	6323	57282	151126	51454	285175	5746	64708	9686	79137	9125	57574	114884	84892	57552	275	285150	9515	2044	287	8001	1016	170690	5295	2561	23138	57451	10667	84249	27242	134829	51390	26230	154197	221935	57502	357	51631	8573	55634	55909	6770	1392	6129	55638	340419	114569	7436	114789	818	9118	80313	92170	6001	8525	6749	79096	84623	738	8448	283078	10284	150	7068	9472	2132	10873	5800	23310	143187	1646	387923	79668	130340	80097	79596	2893	140767	55203	84910	5789	80309	116150	7070	1010	7345	2849	8470	55361	2890	285172	9844	134353	10670	92370	116442	286097	3778	27020	137970	9530	114907	5261	491	3084	55799	139221	9162	9478	114793	26100	8450	9334	130617	4681	3362	9191	2039	64760	84134	57685	8867	1827	57369	83440	7062	10417	9114	284348	808	55108	54020	8888	3275	23387	1141	151903	51160	9684	8878	1857	93099	2785	5563	126755	127733	105378803	22854	127002	8682	79762	128308	51127	347730	3754	7447	23248	6944	80128	10109	152110	23114	8618	23001	11102	84818	78987	84343	51304	54585	51725	64769	94032	200879	55764	7086	54965	4241	133308	79012	132332	26269	2898	167838	114801	348980	91977	63974	285613	79870	55656	91147	79698	116328	26130	51084	58157	89890	644168	7417	402381	23172	145567	4745	3747	9702	112937	654429	55323	79803	2562	79608	222865	7702	5579	567	222950	64400	57611	26263	146713	112476	2879	784	10653	90522	1613	84717	10501	84926	4992	3761	7266	359948	3660	84684	23192	23255	1128	9677	3354	2915	7386	5865	10636	53917	114787	8988	51305	169044	83640	23119	1816	9079	7360	5099	51621	7532	58485	56980	2018	91752	79697	164832	26145	5429	3790	883	3777	51013	11076	283455	8941	55144	8507	57449	10243	554202	11346	83452	253782	2783	9915	9338	10125	80198	1072	51162	10777	79625	254102	79102	10534	57674	6712	57495	253959	170261	158038	11041	9435	132112	149420	22843	9776	9537	56675	64770	57628	146712	10458	379	63893	126792	339344	80059	79369	163126	84277	283377	83869	284424	9240	140775	5426	80324	7156	29928	64110	7050	266812	79751	23283	79605	387856	9659	3350	84987	54681	54913	399668	80169	128218	9500	1002	91523	220202	401097	400120	85453	151963	27319	64388	23109	54112	79673	81532	2567	161779	4692	9312	345557	50614	9112	6546	18	64478	125111	5877	284656	407738	4978	29944	152579	3768	150147	645974	5142	8303	4753	5413	1812	6092	80789	255275	3297	64409	5071	266722	9146	51263	26013	10336	399947	339983	127602	146760	255022	55217	220107	3852	345079	340529	2558	23621	4674	139599	613	55182	23270	375612	28986	81848	94107	10507	116224	29978	51463	375790	2844	345630	344838	344901	375567	23036	5649	399827	23254	23708	400745	139735	11122	6261	2917	60491	55190	51466	100289635	51434	3908	57473	961	6334	160	644596	27044	140688	8831	128486	171392	344787	1305	4644	10533	57799	6709	57565	26052	4155	9228	777	340578	2673	158586	6262	124930	10497	81706	221002	57692	134548	64423	387066	286411	221424	340543	26095	63943	1797	728215	440894	116437	653316	1639	440145	390205	644096	3150	414918	101928906	400932	9946	403313	727857	10921	503637	55779	28638	84258	23636	10962	2086	534	157574	79729	55384	353149	285696	134111	85508	283514	8718	285780	100131390	729852	100128264	5534	118460	105374235	285878	284930	729467	220980	105373377	400765	554203	101927406	105378732	440823	150538	389634	100506714	144920	100192379	386597	106614088	124902439	643837	642345	100996635	105369302	100506274	101926971	100506679	100505664	107986618	285735	101926941	101929596	104355152	378805	101927590	285154	150786	339260	400238	729178	60674	654434	101928537	266655	100996342	150568	390616	84968	105371574	441094	1159	100506866	101927891	101927609	440132	343171	257068	10093	101927832	23600	57553	56134	149465	101928376	729678	101929066	284080	984	400456	654790	283731	104310351	342184	100506465	5820	100507043	152742	100144602	91948	729305	85358	441046	157627	100507341	102724623	107986898	552889	107986980	91056	54551	55845	101929473	399959	254559	102723895	26065	283404	100506411	729911	101927751	102723670	101928736	343702	103344931	644242	119545627	401720	106456574	100507050	83482	645355	100505576	140735	284395	100287932	100996660	284408	101927943	101927151	400622	55957	56936	115290	8517	100505761	152217	105378083	100506286	26220	112441426	123624	100170841	389856	100287808	101928087	440435	110806277	284106	102724859	100132249	64881	283267	100506710	359809	401442	105374338	729732	101927464	112694756	112268208	55056	124903183	105376121	105369588	124902301	124900989	101927278	729870	101929748	2831	122319436	414194	106660612	84820	84278	107985911	100131998	103091866	728262	441666	729375	220729	728554	728448	554236	440934	57234	641977	100132057	503639	121456	105373383	93164	503638	644050	728798
gtex__frontal_cortex_ba9__M002	4074	90293	10180	55610	115703	3052	5577	10943	23077	114881	2115	5048	5080	55735	29116	9862	7095	29954	51534	51603	8798	3097	10867	55727	1634	55703	9604	22902	23154	25960	6683	2273	9921	64429	211	51071	11171	58528	55591	10908	2530	84245	259282	54884	168850	23518	1161	51528	51474	9498	9709	23223	6307	55745	57602	23369	51663	5318	9474	29927	4659	54432	65125	1431	10838	22998	5476	22904	5378	23013	55176	10797	4287	9950	55623	9650	7216	387	7544	2261	24140	55133	27248	5837	4734	9488	5597	10681	8518	5217	10420	8440	9948	7037	51009	5743	8578	6557	51175	27091	6624	60	7879	23609	7163	7155	369	2782	51619	9984	8556	1653	22999	51006	8671	9933	56650	28962	11266	56113	7514	56910	8648	7760	8895	2060	55230	29887	54469	8898	6452	51637	6790	4849	55741	79175	10961	113540	23193	7597	55760	10558	51324	51726	2802	16	11069	55012	23256	9878	1312	51430	4436	1384	55280	1592	56165	51322	22931	9274	4507	23786	23523	23759	23544	402055	23598	51386	9463	55964	10043	50	10419	5836	10175	51382	9786	51676	3091	89932	57820	10278	80344	55245	23613	11083	9770	81502	23509	57144	10528	26051	9218	29906	1821	81617	8428	26512	10664	79650	29070	55697	9100	64428	9093	5934	57020	9810	23205	6422	6788	54332	55156	427	4924	2997	4793	1209	81857	23217	51599	2901	29062	3955	11112	1124	835	3614	10467	95681	4232	2737	64983	7458	54662	57589	8777	6387	5599	219699	657	9562	84445	7511	8036	8453	64081	81619	55163	4927	1655	3959	5573	54868	5376	9094	8649	7323	1998	2549	11275	7466	51166	1665	29118	1075	7704	3312	79073	10612	1982	4928	11234	41	4891	10988	4048	6539	55110	4055	57696	22818	56890	57122	11052	50813	8078	2026	6489	5992	29940	51389	4739	5467	55776	51715	1871	1297	60682	896	6908	55754	3157	23530	4015	2566	10923	10007	2246	23398	79770	5917	1452	604	5096	11235	7372	54946	79858	57088	26084	1181	30818	57669	90	85461	9784	79745	2591	6772	64895	10190	23451	25843	84812	3069	10153	151393	5334	9167	5000	390	1386	2956	4139	7143	51102	10625	6738	9295	23207	1429	34	10765	59349	4179	10560	1266	5825	58155	57134	56912	9331	90025	64747	9414	55127	5887	5524	26094	83982	4329	9913	1788	25940	29126	6950	80314	440073	80209	10808	317	576	51538	55791	7852	92	4952	84947	5395	989	51251	23091	65244	57826	2181	51604	1908	10199	57510	4337	83732	10799	55026	79902	79143	9349	56261	64412	128637	10236	4149	83786	51119	8678	10131	64430	23065	146330	10142	2770	54487	80115	813	3712	91860	3671	1315	84268	5338	9513	9526	51105	3609	57509	196883	81533	55274	51429	85441	375775	9473	57693	1736	25926	4772	5538	23180	10401	57343	3337	54862	57533	2926	23558	85451	54739	56259	25778	23111	7178	55748	123811	84626	83857	51520	272	22800	5977	4221	8650	1965	55140	7428	79768	2949	84722	79577	85004	27202	3703	51347	6926	60561	22832	6885	7024	10956	9958	1368	4193	79786	54583	80896	9290	1910	83605	53346	11311	56262	9314	23452	90865	54840	6194	9856	84300	57176	338699	79731	6386	84811	5962	57569	486	5495	51374	1838	54536	51163	310	51008	22891	1763	471	79675	55759	84925	81556	3184	55132	9908	27068	79807	5530	91445	23710	144402	58516	121536	5830	4060	6895	54934	55206	65082	145389	112840	10516	122616	663	7090	9960	1583	55070	5045	79631	84656	5073	9520	6875	27043	409	284111	114804	91039	3454	473	127703	79932	84224	10026	64129	57592	55793	51686	2590	52	116841	4931	29097	92906	805	94097	84620	23190	83607	79634	85403	10217	9039	66000	8893	81608	6622	93627	92345	285440	6167	54826	55814	81545	78991	10318	54901	51473	84630	285855	116843	222255	6567	4841	3547	526	137872	29967	50808	54886	92399	23245	56623	9712	220965	26091	118924	22984	84280	79780	472	10525	51524	5331	7108	83723	143098	2209	84159	57626	84735	54545	1737	120379	5305	64067	129787	1909	101	2313	2555	26272	667	121256	130074	253635	57105	26040	57724	134359	130271	23171	2697	24138	85445	5352	10283	23589	1601	60592	3192	5937	146556	7342	9653	54463	79705	84033	55740	388650	9510	30827	51560	84532	81552	51582	55529	51633	29761	65983	6566	129831	79831	25769	10600	7102	23552	84108	159091	1915	3098	1974	1376	23648	84255	56896	2140	114928	124245	84919	4720	115584	79053	8883	29800	10020	118424	9619	64699	9442	6464	103	200186	2224	10712	622	55260	91010	8741	26168	51005	81570	10482	6159	84447	7398	79961	10380	100288142	824	27185	80304	1520	2071	57326	55249	285203	7203	57650	55139	79885	5783	132204	9861	201895	64419	25898	26043	256471	308	2982	90826	836	202333	134510	84135	819	7559	23462	23514	23353	8323	51271	221656	84267	3190	58526	123016	169714	23203	7248	138311	259217	29951	27343	118490	23300	5598	80323	7184	80063	80975	113201	5346	124491	6778	6809	115752	4088	10982	399665	10999	51704	257160	6786	79759	148137	729359	137695	1642	1499	2786	388753	378	203190	10251	153241	1876	3187	79740	254778	90693	8706	6383	9839	1677	7555	22871	686	79724	4648	1107	2720	10678	23204	5272	80196	8493	79188	90338	90161	9637	4534	118812	81603	25928	27115	598	8841	151827	1503	92342	361	57834	91647	10201	257019	7690	79694	54971	93550	79612	1657	1717	4615	55731	165082	5707	3267	10209	163049	114897	10594	112	9416	3981	51574	152815	256356	5708	4023	9092	126364	80227	2072	84747	116068	7525	100128398	55884	7298	54503	153129	196527	11253	28976	57104	2885	7334	54762	254251	117608	2859	23512	147991	5187	79077	9282	404201	120103	284406	7485	11022	9798	6472	10159	342945	23265	22906	2894	8241	23705	4703	2275	9284	7378	114781	55243	219527	23258	80213	116447	9276	10587	162239	10801	56478	9823	23768	55015	25840	7026	10933	5833	79896	5727	55693	5501	342035	3638	55615	23275	339327	2701	6917	125704	57697	284434	10123	119016	400935	401541	2963	643155	399473	199953	219348	54510	728661	9729	50859	653319	64218	9901	57573	9883	647135	79754	5770	2547	9858	23654	4646	3066	55532	7442	51321	2316	353088	221785	91120	51703	11194	147906	57547	91966	1803	6120	23230	613037	57708	51170	144717	11060	147949	338811	23116	22834	23127	22887	283489	9909	6263	100129792	7150	6721	339448	1756	26128	2812	128387	619208	84455	414189	1616	1290	169981	4855	6499	90233	6992	79583	55366	9289	255919	4676	653082	10866	11116	22828	51075	1773	3672	26140	51024	387104	92482	51400	728130	23053	51025	6293	221710	101927300	84627	65010	283089	285834	401093	100131801	6892	114821	6234	7726	64288	387882	92249	100874058	339400	105378580	103352539	27297	10552	23089	9907	101929468	100874002	100129917	401172	100499177	100499484	91893	51750	283624	6038	101927402	100287559	80022	100507373	149013	84548	8148	84740	100129550	729873	7772	122526780	107985115	340591	100887750	1556	2630	105371814	57212	253039
gtex__frontal_cortex_ba9__M003	8813	55732	26073	23129	51364	5164	3675	51573	9244	8228	64285	5689	57467	7752	58525	7869	4057	8284	5010	923	23649	23584	23187	330	2896	4234	23644	11284	8538	2824	116984	2978	3074	9603	5601	55761	11054	770	55726	8625	54929	9627	11218	7629	57418	2065	4904	7075	3422	79091	56850	65055	29121	55658	57704	998	2046	3028	55743	8974	83642	6389	55160	6717	38	29090	10179	88455	54518	51548	1785	5794	131544	3781	79891	102157402	2346	22929	4606	51171	2512	54498	23409	57655	10914	4708	7066	7051	26227	25861	25805	3189	55506	7593	26517	997	6576	24144	79879	56993	3162	8897	9889	8814	114088	5706	10490	26520	9985	2937	26133	80331	28231	10732	113278	10398	3420	9675	7125	340547	10857	158800	64743	2000	10084	84061	2254	55578	10240	55815	65057	8131	58189	64788	55313	9325	26015	8767	9694	3783	27294	64130	55011	92960	1760	10469	84167	9253	1155	5438	56917	83743	5518	5296	9512	136319	5764	83451	84182	11333	8985	24146	4969	7016	10488	8721	5730	20	83937	22841	80351	56647	10539	6143	51195	80279	51655	51003	10493	10014	5608	26511	4790	4126	23158	80273	51809	6309	6484	4192	114971	1119	10536	9761	506	217	2597	1822	3945	1337	2178	26235	55856	6206	135152	51053	7101	7942	705	55914	8382	3313	23107	55819	7265	662	5067	10686	57415	64689	51639	27429	3485	80146	4209	60672	10286	10745	64175	8643	10327	1810	9588	25949	84215	79630	56171	80212	2733	27130	81892	57862	25927	3433	159686	54853	63931	11340	8835	55268	55269	65982	23155	127495	80148	1211	8805	11130	84329	60673	55509	79586	3787	78997	60437	11017	116138	860	745	1948	3834	399512	79637	60386	7270	2832	79144	57187	5126	56926	5690	23263	25824	22826	1678	54973	84286	23309	83460	10875	200316	51234	7425	6183	56984	58504	8930	26297	968	10749	1032	112487	6192	3949	5819	10452	25873	79016	4705	10095	3727	26152	57470	4037	91574	11046	7317	353497	79465	10882	4695	7691	26284	54496	5111	3508	1802	51526	23164	1116	79921	5920	22880	85444	51669	5738	285148	3939	29889	55858	92558	80759	4005	10220	9924	8676	29109	1593	55332	50853	83852	64759	10588	1101	26750	150472	1861	7111	7507	4609	90871	3590	11258	89953	2766	55362	93643	3159	4926	64776	22801	6176	55177	56924	51332	5876	54810	3032	51626	57159	118663	9360	57575	839	51279	10219	84298	92979	84915	9107	283537	23344	81624	64403	57161	6252	145407	256586	22893	80349	4240	6457	497190	58488	10650	112483	56931	126374	57140	90580	57333	83442	10256	6135	23421	8804	1382	1893	4170	1513	8991	11221	128061	9391	80775	23671	284992	55164	29114	9711	90113	9879	81786	255426	7162	84553	57038	221322	6993	221960	79034	64599	64434	7569	347517	9203	50814	91782	51125	54801	10280	220869	210	6835	140459	286257	92715	23590	84504	54805	128853	81928	9871	196383	339105	114134	83643	2059	27034	6868	291	7073	10172	57407	124402	26175	147463	4900	81559	57630	118611	518	522	201163	114	56911	5603	9797	9372	11269	115817	90993	2134	2176	171586	388591	85414	7391	124044	8822	65018	7484	873	5763	51706	11189	57519	7791	131076	6285	9592	4796	80228	54784	222229	55324	4868	84765	115950	2256	339123	220004	51035	54987	55450	284611	114548	25903	5194	3760	554226	115677	91156	476	7048	1040	213	79443	9255	3015	51385	51246	132160	11341	23379	81789	27089	26872	54468	22853	79778	6522	10922	501	138716	55335	139411	4712	364	26050	2350	3636	55172	9147	382	8559	116225	282974	90809	153579	26287	64112	389941	1353	119504	6881	51700	4176	90701	201161	780776	4837	113174	219539	4130	6632	81605	51148	84940	29785	1938	10476	4054	54541	200845	4336	123099	84879	9796	3622	79089	79867	9836	5480	221749	5604	65110	7059	65008	83987	123207	201255	79058	64118	3185	131616	23235	53343	83787	93622	53838	170850	84522	29071	64080	84233	51545	54811	93134	2110	6902	4135	198437	6919	79029	9451	28998	1798	682	112858	10978	150678	118487	80194	7423	257364	6573	81033	9973	283951	55055	6124	10260	6138	81876	81490	26470	253982	79683	10540	22877	55508	286262	9807	402682	2290	246184	254531	11145	284358	23141	23625	125170	203111	4808	222183	10949	6232	200895	144347	79415	114932	283284	5886	23302	55017	51333	223082	284071	222166	126375	90843	5179	219902	399664	64582	90355	55343	84890	56963	23641	338707	716	653440	348235	51335	1397	29035	100506504	57118	2621	390637	84206	51118	388121	4707	100288332	130502	131096	6525	29796	79174	11066	116448	10078	374977	80764	9735	340542	138046	6991	8971	140707	7469	5813	340371	285600	400451	4919	1762	79581	2124	84937	148254	7626	3858	55922	56971	5138	90668	147645	200728	387978	3006	7373	339451	285093	123688	84527	3014	340719	10811	4520	26155	162966	441239	55340	55660	85379	84435	23061	148198	142678	10210	4828	6884	100499483	55924	85236	7004	440295	140885	2870	54989	90987	65992	148741	339541	118472	9745	4541	4513	4519	2153	63906	4536	4540	4512	3151	4537	4538	4535	4508	9055	9666	353	4514	154442	158931	7923	177	643008	90333	10399	7932	29902	3104	54458	388135	51451	100128946	79958	10215	253018	389136	113219467	50840	727800	4539	163486	255758	9311	51239	113179	27040	6235	2968	2013	145553	55739	79086	255374	387804	401562	100188893	134121	163033	100125288	63920	284293	23467	388759	343263	107985190	101928527	101928118	101927117	440498	57291	100507057	91316	401251	84320	441459	105370670	101929947	440567	101928000	100505881	100129060	400242	101929680	100507398	202299	220930	91368	387723	9884	100506826	158	280	58496	100287482	57461	57665	57026	112817	25764	110806273	632	340526	161497	401115	4831	1650	326278	100289187	101927612	728769	100287015	100505678	338817	100289274	11344	593	124901151	102577426	100506169	148898	2738	101929176	285441	112441434	388610	728888	100130155	101928069	9865	145438	109729181	100505573	26589	112267983	100506581	124903732	123706545	100507421	100506070	100507599	101928738	10929	9554	54460	103689912	112812	400818	401612	123706513	6880	79873	102724488	29964	80179	101243555	100862671	101930276	117134596	114841035	124907726	107986669	119545628	101928737	221442	727758	91695	5387	442523	352954	652276	84773	130872	92806
gtex__frontal_cortex_ba9__M004	81887	55049	54972	54879	728642	65220	51085	25900	8193	9066	5238	4190	81551	8540	56981	535	321	9172	23274	54896	3631	1495	54875	1356	57646	57545	51773	55187	4052	5291	728464	10758	816	6894	5188	23504	1301	65056	4058	10402	9892	119391	8611	3796	22933	4129	5774	815	6949	22859	55515	8907	56666	54475	6620	9462	9138	88	56922	57103	51150	54472	27098	114880	2222	55437	905	10464	55663	2195	8668	1307	5550	29992	55054	5744	55608	55968	54997	1947	22861	51530	151887	23428	8773	10013	54566	10044	54187	7093	11332	1153	9524	283638	9681	7078	1120	23313	10478	83746	171568	1690	80821	1113	4522	7443	7165	54976	57761	22919	6640	10406	56853	1478	2742	778	6594	5251	6102	64840	2717	9688	50855	55565	65009	51172	4363	6650	10397	1936	55174	9639	4946	53635	4858	51231	6511	10775	56961	333	79784	7087	3036	57794	6324	11033	84725	6804	8896	158471	1759	203	1993	56654	320	5532	54462	59	26098	9644	79991	5889	9487	23125	1819	27077	1277	4717	51088	55572	27339	26973	57562	5002	4728	84867	10645	605	2305	57097	3736	8437	8909	2054	23329	7167	2070	55722	1007	10307	1627	90249	10342	10641	57501	23007	25981	80255	5136	2888	3554	2274	5510	79954	6432	22848	6342	81563	10459	9927	9887	3964	8564	1889	10969	23215	1063	7139	84085	81847	6185	894	9615	6418	51646	84795	1394	56943	56243	83468	57616	29990	57179	9956	83637	64224	3181	9469	5153	64756	9643	6385	55653	54210	9521	11166	6662	10485	6253	63908	4821	55317	83658	51614	3831	7067	8409	112849	59269	23499	7277	25953	2791	7978	10739	468	9732	64792	64753	2571	94101	25847	25870	57153	863	51295	8881	57631	547	84816	55201	10298	11047	83549	84929	84326	4294	6249	139728	9584	7700	54991	261734	84240	6627	51540	10514	91107	51388	6616	22903	10763	55544	8546	79363	10400	10313	114904	3295	4017	7482	902	8565	55143	80206	746	84900	22881	1019	23416	10505	55336	84284	10228	80210	50649	2317	79621	80727	113220	10244	79969	56267	10579	6229	580	8499	22822	429	91012	54509	64062	85416	122953	6938	54939	7168	8826	55114	50488	4152	147381	113230	5211	6455	641649	757	351	114783	85452	5792	1952	55827	1939	56950	7170	6016	8476	22874	127833	64969	113419	129804	8502	1745	57624	80852	9922	115286	1609	817	285533	23262	10814	167681	10957	84310	136853	83604	55869	79742	90060	26260	1807	84294	80728	26267	774	23082	79980	149986	220064	1006	114609	26524	341640	2308	775	121053	283635	132321	8853	144423	284312	678	56955	10309	53354	152789	5801	113622	9320	162282	124540	5529	123872	56172	64221	26207	6921	23228	65258	7273	9630	83873	137682	122402	5521	78994	3763	4599	79623	81035	1780	212	222068	4817	10361	51735	516	56063	8997	2539	56894	755	81543	126526	30815	84446	26097	23623	10898	4061	5701	1173	84911	29115	25946	80178	283130	79656	54587	343450	3625	2565	116064	25802	27148	134	130026	8833	200844	2919	26508	50650	84448	64789	4338	57107	134957	29896	117289	27012	203286	120114	145581	84457	221154	219287	11092	80019	783	11245	55800	322	81832	283659	26253	146167	27018	89927	89797	6447	23582	26995	10449	51693	124935	55611	25837	64223	54949	5866	26580	6520	89849	9881	286133	5368	29100	116236	53407	56947	23620	5650	84632	126129	10073	3094	27247	123591	5028	214	143162	3035	929	5209	9229	11214	195814	55006	8862	59350	201514	2186	93426	146	115196	10892	3400	55304	171024	339122	55871	6169	283848	84153	132884	91683	5091	7388	79703	345757	23051	582	148014	9024	64837	125144	131408	1212	146691	7025	253314	200407	84617	9832	7694	63951	627	2902	51078	387758	10522	440556	6197	51046	58529	389812	26251	389072	8225	27132	286499	2193	242	340390	22864	253650	54952	374860	6748	4869	100287171	6657	29072	51649	100996455	220382	157693	55344	50863	222487	6000	28970	2130	166752	128989	441061	64410	84851	10293	150209	51807	84319	401145	1435	84441	644538	79135	59307	7625	441549	283643	126282	6450	374395	4582	440097	5719	56901	84856	100379224	114792	153768	728621	144233	25794	4137	285382	4673	23048	10445	284677	6300	284338	387707	389073	83862	26280	4604	6829	54413	5657	60312	8912	57591	162993	64771	10865	3914	9260	92714	6714	135398	6840	65250	56882	6281	222662	115948	65124	83694	444	51062	1500	92241	919	55253	3897	9722	100113403	84852	659	6046	64978	50854	80742	728568	56114	400553	339453	65986	613212	375035	6827	4722	147699	10195	678655	55670	400123	57232	101927693	100505696	9842	101929407	401260	106478958	100874198	400619	3281	768097	388789	100506527	121853075	101927502	441869	645676	101929372	105373158	100132273	400958	105373390	102724768	8742	358	101929238	8637	100506144	79168	152206	151516	386627	645323	283131	644873	729013	100507401	100505894	100506668	285512	374887	339874	162972	101927963	101928136	56109	90024	729991	100129129	105369250	283177	400046	105369329	100862680	388021	100130855	79178	107984813	147429	106660606	9236	100507534	201477	100506779	27246	83593	92335	100885848	339192	100271873	100129195	25832	128077	404672	118597831	283483	107986100	100192386	105372079	432355	388963	145783	100996763	124902204	105377727	84726	112268239	102724646	155060	142913	100289656	2749	100505687	645784	100506012	155370	440104	114814
gtex__frontal_cortex_ba9__M005	3075	1080	4267	843	8837	6542	51330	80853	85477	8522	6401	3720	10157	9235	695	54476	5286	5329	54443	933	9961	9052	10771	1272	6556	9716	50619	960	5583	5981	2324	4481	3371	54960	1535	10198	1112	57475	57458	8975	8531	3029	1117	83641	8832	2263	23250	10060	54916	6720	23291	10335	10979	2736	55421	23151	285527	4791	3566	55331	8871	5108	6507	7145	10411	29843	4983	5788	8555	4036	23033	91746	6579	200081	2122	5990	5829	9843	3383	3655	23231	7018	57556	825	1299	4214	5742	29760	6319	5008	27128	23331	80832	4689	1439	9517	9252	4776	10110	128414	9663	55125	6907	4281	91851	10735	3750	51566	79152	56942	9738	1512	7227	951	10859	6510	945	57664	10135	5294	22797	54504	5803	165	79937	2022	81704	23189	2889	9368	30850	152503	64231	51338	10114	6506	51296	5450	79611	80018	55832	5777	8875	10475	64065	26054	23286	1809	4090	10051	56987	23150	4820	150465	9595	55704	2202	55818	9173	23683	58480	6513	2152	79947	23271	23120	9465	6446	845	6696	57404	1441	9480	56252	10936	64225	3437	5507	7045	113	29899	11155	3624	800	8082	64333	1017	5354	6560	400961	1026	3659	3553	284800	22918	1059	154796	2864	26030	84239	7103	5787	30817	9002	80833	5420	57572	9518	10277	54897	2670	64145	6533	4131	55556	5901	3691	54453	5509	29958	241	4608	5158	79845	3572	91768	1794	2012	90853	9415	51317	57224	53630	64114	3569	7099	1515	55667	9656	834	440279	55075	5330	102	6496	953	3685	658	64116	5998	53919	11226	122060	10150	55647	85439	7453	91947	5046	3687	3394	54925	54828	4864	6563	23533	94015	6398	90378	7409	4542	6518	3339	126969	57645	2212	7159	3707	114885	51316	25816	90933	154091	27316	55246	80005	9705	8601	4915	221074	5995	120	1979	85450	83706	1793	85458	93589	55691	4306	127933	285313	25780	166647	10461	154043	3773	23043	728577	5137	2551	9989	147495	63895	9056	6503	91748	57798	4643	2078	8764	26053	23382	9753	56990	714	23515	3689	4047	3101	57190	55225	2215	55083	92291	56916	79626	6282	81788	56999	323	56992	1230	151636	55314	3673	84059	133584	23305	23176	222223	619279	6850	1536	171546	220963	220296	7570	64324	57447	154810	119032	717	55273	159195	6764	57494	144100	84689	51117	125058	3903	51129	147138	5871	4735	197259	2339	6774	53353	10768	80723	3965	1285	23214	79628	6039	3576	2705	3987	9283	55031	10491	55890	2861	84437	116844	3752	171023	84275	5031	4815	7764	4299	57571	348938	54625	2804	713	712	8793	27284	27333	220416	7096	57659	545	65108	9134	196996	7351	8061	158135	2810	10301	666	284119	9332	648987	3766	9849	5339	7056	160335	168537	5781	2262	285908	132228	3059	23526	144321	169200	23513	118442	23336	1436	83733	221178	29119	23194	6900	4303	286256	26985	727910	169611	6667	105	57711	257106	53373	91404	9863	8632	7477	1287	348645	375743	388336	284697	124602	9725	284759	29068	7582	3117	837	29950	5265	54798	5253	4641	5336	54898	3792	54863	1438	7620	83699	9060	57165	9848	7052	84288	1378	2214	3111	7940	780	4340	643965	4489	57139	642394	100130311	123464509	10379	440503	399715	1052	80830	728190	401022	721	387486	100191040	729658	100505774	100287225	124902280	101927768	100507336	414243	100505832	107984948	285045	154449	105378909	102723605	8847	102723854	101929302	101928304	100873947	644139	100996590	101929374	100271702	101101772	101929467	154092	339789	645434	101927641	101927248	101929335	285286	1270	347689	10137	101929595	105369147	100233209	100505994	100131089	100505875	4671	101926904	641700	101929709	100507377	100874047	101927459	286186	493900	23642	7768	283335	101101773	283547	107985879	283710	101927288	101927009	2969	729654	400617	100505812	101927931	101927314	283481	101929704	105369201	57636	338382	338328	106478991	100506516	285796	283755	401577	440248	389033	339483	347918	79640
gtex__frontal_cortex_ba9__M006	5976	9091	2534	51629	1195	5606	2006	3757	57095	84256	30	8943	27440	1459	53615	949	65993	8726	25996	57662	8438	5705	2280	4345	6598	23774	23351	10668	5641	6430	26090	55969	1522	4923	8260	6901	5127	8717	9057	56061	1445	50804	54108	3191	284352	6618	2091	5425	9355	81855	2648	90410	54940	27087	4839	54516	23195	117247	7422	10279	7060	10675	28972	84173	7072	1647	64960	57568	5955	1509	91687	9617	59342	64282	79712	79269	9559	10755	23363	5184	56897	30833	84266	8189	631	171017	8273	65997	3663	23404	10155	55902	7322	1160	84152	10742	64087	55860	23277	51308	60484	93611	84330	1875	196441	51535	1284	22873	27165	26056	2016	55654	51131	28969	86	10010	10006	7743	9550	670	84993	1950	55605	55716	123920	6187	83608	201456	3491	481	58497	7286	8394	10899	10456	165257	58477	55840	132299	58478	54438	93100	25792	196743	10480	57325	256364	5805	51562	29970	3621	528	54819	388272	7381	219743	55093	4000	51149	6427	160622	50651	8880	55220	64320	5274	118881	1152	50810	23423	55897	4141	6137	147015	90990	374875	375484	4696	238	55657	5621	84331	8722	92369	54968	4291	25915	116135	23042	126003	124842	11257	100506380	9628	27439	71	8398	83943	4675	339559	145873	170622	6006	7390	3556	4666	150472	642968	123096	8733	374900	26071	55219	80863	6311	51157	7866	284184	348262	100507533	100302692	642597	84973	100506421	101928098	90120	53938	387521	55861	145837	283596	102577424	102524628	101928969	108783654	112398	79154	150244	84809	201283
gtex__frontal_cortex_ba9__M007	56928	55904	26993	114879	51177	1890	8498	27122	10806	116254	4925	5134	37	2260	3991	51194	4313	4637	11018	5902	5203	1471	10166	3299	65990	79006	10295	25963	1666	55353	23484	2068	9149	208	27113	10430	25789	573	55149	5216	27346	57606	1410	2965	8099	8724	8992	55171	11222	515	8704	6794	2309	9330	64374	27230	10174	5533	8702	11335	90203	514	23096	2868	92675	6629	55321	5322	10365	4357	10651	1854	83855	51250	50632	54958	1349	80758	57511	10717	9413	967	9654	11137	81873	96764	51187	4704	2958	221184	8533	9775	54499	3068	29956	2029	2987	6637	6502	3486	56257	6188	6876	389	122416	123803	149076	5745	10603	11282	113026	51375	150962	23588	11164	5979	5654	83700	348093	29123	57348	284339	94274	1632	2495	5867	284004	11337	7314	10446	51282	53342	1479	56888	284346	9377	7284	84667	84333	53637	404093	3418	84629	283989	388323	50801	389084	2842	91689	90135	10509	122622	5034	10772	6613	23029	9045	4697	9516	4326	149345	503542	90196	7936	790955	55851	131118	100505771	6173	8420	348110	7268	100996645	100507588	115804232	202020	9939	79148
gtex__frontal_cortex_ba9__M008	8379	3920	54814	5452	25875	60343	5909	2017	8079	57192	83394	51816	23541	23616	63935	6449	23646	1628	54531	2931	4013	4598	7867	79033	51060	10171	5290	11019	64794	56731	51141	7389	58986	5589	10422	26061	5894	54606	84803	29985	9869	129563	4253	152992	145483	144406	115992	5710	51368	9382	54815	83985	2990	84287	56834	147912	11248	51428	56941	6331	342979	28512	8906	6150	378881	101410535	122539212	100189589	390595	101927275	100507032
gtex__frontal_cortex_ba9__M009	64847	865	6929	9817	285220	55624	80271	5475	55118	9751	23322	64748	8787	25758	6421	5110	262	10396	55809	55154	286336	6303	29893	4678	9811	10677	51380	283927	8720	29922	51093	64241	79930	90523	81544	84283	8314	220979	27199	79837	161823	53944	7064	55222	51301	57184	284485	27335	811	7122	23299	83931	309	152098	100130357	3995	9374	91149	728730	100506054	102546227	8641	81488	79917	112267986
gtex__frontal_cortex_ba9__M010	57586	5798	492	84708	119	51412	5063	3797	1114	112755	9145	6855	2259	11075	57030	5864	6456	26033	5999	23349	57468	9143	3746	25830	6860	51761	6812	6327	115827	375323	23057	6854	3361	3745	9900	283209	55530	85300	257194	148252	8851	10409	2903	57528	256714	758	388662	192683	91584	10687	23732	4747
gtex__frontal_cortex_ba9__M011	355	10863	3309	6916	23294	10272	55843	5996	3055	9388	57817	3315	1440	10227	51411	1154	718	3976	27180	8572	3601	29923	9180	710	10205	3606	163175	64092	6781	861	467	2353	143425	126014	2357	64787	56975	3615	4261	11156	11006	12	720	103752584
gtex__hippocampus__M000	51056	23072	3382	23028	84254	7982	5577	5164	3675	51573	51087	6833	10368	8913	4293	55750	9912	57787	8522	4145	6853	57172	23221	5081	51085	8798	80199	3423	22955	11313	54902	5725	9066	2556	2137	30845	112611	923	823	10771	637	57586	9369	2554	55655	57210	57476	51177	25901	10953	9519	9774	286	535	321	9172	9099	7092	23274	27067	65078	5874	51606	7504	4134	55885	10659	23518	340533	5733	54477	23105	23101	5798	140689	26999	55283	57504	5218	5923	816	493	6515	5662	55359	10076	23504	1001	10347	55711	6882	4913	9340	3735	55633	9892	1496	25791	2009	782	6857	89795	57595	492	55593	2182	10235	8514	483	6710	5423	440	1258	815	6949	490	6196	114049	9319	5566	10290	7224	29953	54847	4185	10129	4905	23332	5522	54825	11343	26034	9671	3785	8672	119	4140	479	9733	22920	7163	57662	51412	29089	5063	1781	88	79960	4133	9063	273	10529	54715	7419	27098	2037	22999	285220	1005	4208	65985	93664	3595	1310	23136	4986	23085	5026	10325	84273	57613	3797	3030	22924	22996	55054	29887	3049	4313	2775	2778	10059	2036	23348	23368	22895	1114	29965	8425	51650	8646	4897	3912	1738	23335	51168	83394	57084	84502	8487	63967	990	1725	29911	10580	28978	988	23031	54620	112755	27328	200312	157	23544	9681	55964	9701	6305	10633	4744	4174	23551	164633	9145	150379	4627	8911	23112	5816	5905	5372	114088	57452	7443	10202	80344	22981	57446	140730	7165	1917	79133	1457	9751	10483	5173	9371	128866	140679	56853	29906	8715	1478	6855	5358	5931	9016	7355	84061	83692	9468	2245	8428	8874	2254	6445	3299	5595	50855	65009	55512	1428	6923	23420	51760	8120	9455	25963	23359	23312	171177	793	56704	3646	11075	23484	4741	7991	1209	22870	6511	10775	898	2821	9253	79784	8775	478	64748	30000	22983	3780	5296	5864	54555	25789	2931	2901	4967	7472	2887	6804	1395	8976	7036	10842	9678	4232	54927	51422	10952	727	26468	22949	64420	1993	23413	57582	8395	2889	6456	20	1855	9033	11196	10367	5532	81621	64077	55149	9148	28964	10900	40	79132	8506	84687	9343	5573	1949	26151	54940	8821	55291	3263	25758	26273	921	55531	2965	65981	9761	10645	51699	5985	23329	11052	2784	56994	2026	9847	1911	1303	55003	57150	84830	4121	9750	4988	7287	221692	221662	10486	51596	84498	2030	59084	10279	10307	55819	2566	5810	80315	1627	90249	55171	84100	523	50512	23007	6508	2820	7781	29959	3676	9784	5136	27429	6869	2744	8808	80146	10494	5624	22930	8604	6432	7341	2043	6146	26038	57535	4985	271	58512	9829	79814	23046	127700	149371	3964	84618	51440	10000	51463	9890	57035	56181	4751	57488	6794	6543	7139	8828	6785	27145	1268	84251	103910	5918	7347	57539	9330	80212	4702	57706	9870	2103	51004	51646	54812	25927	53335	3433	26507	4601	2834	30819	1394	56243	51307	64374	5357	10174	2185	1135	2170	22865	79712	84083	22987	57179	127495	83637	11335	644150	23349	11113	79039	57213	540	51209	130399	3787	9217	78997	27304	64377	23096	10617	2914	55809	29993	23408	6204	6903	6310	7913	9208	60386	10485	79085	2892	6253	80025	63908	3704	64949	10893	83658	6487	3831	84063	7067	65266	55288	3188	51309	59353	79575	155051	23352	9143	146330	51764	7277	1892	57622	57168	7533	25775	2847	3872	92521	10651	1123	2571	8854	10776	5682	3746	83448	9070	83855	58986	6861	79057	26290	1264	9667	84705	51250	4142	4301	23025	170463	25830	10439	4046	25814	445	10585	139728	4037	23345	23229	1327	23199	7187	3748	83636	23167	23108	10514	1984	1742	51308	54496	5786	6754	9826	6860	51761	23281	10810	1131	4628	9201	57511	7223	10631	84707	55859	55643	84250	28992	10313	9215	66035	116988	9645	11161	57578	51241	23508	10752	10717	51535	377	79022	10468	89796	284252	53	51361	1837	22873	79616	8739	84900	6733	112609	2045	967	27165	9840	116986	2583	23017	23416	54806	85021	9764	29109	80003	3775	84284	85397	65080	80326	80210	50649	11137	23143	4008	64759	1607	83605	4836	6326	10716	64844	2058	2572	10730	54534	9568	3590	347252	63027	7172	54843	81796	96764	84000	440279	23005	51103	3706	56924	80031	10669	9581	80204	10128	10579	403	6229	84665	6775	29081	1134	10152	83478	55752	80144	5530	23162	85352	283358	9746	196500	1280	9815	7786	54509	84530	10150	4857	6252	145226	376267	27133	123041	256586	11001	85455	7168	8128	55784	94160	221184	1012	161931	8533	1213	80000	29919	50488	494470	4089	147381	773	641649	30811	757	10055	59283	10498	55244	51070	402665	127703	84958	23038	5567	6016	375	149111	805	64969	129804	3899	11249	8502	57282	151126	5746	57624	57574	152330	114884	3680	6769	23066	115286	57552	285150	9515	2044	6622	817	287	285533	8001	1016	170690	5295	1404	635	5066	2561	23138	10814	57451	54438	90523	26230	221935	113130	55262	357	55869	50814	1392	55638	114569	84294	80728	26267	114789	6251	818	9118	92170	8525	79096	5058	6188	6327	84866	83723	8448	22866	130576	2823	1740	151242	3708	775	7068	55768	9472	4718	10873	143187	79750	6999	2555	144423	29970	130733	498	814	5213	285313	56955	10160	53354	2911	25859	115827	9412	5801	51571	22878	5789	79047	116150	7070	57338	84959	84033	2849	518	8470	51560	56934	129684	55361	27201	2890	285172	56776	134353	10670	92370	6503	116442	90550	3778	9508	3098	57497	27020	137970	375323	9797	9941	23057	491	6854	3084	9069	776	3815	55799	3763	90139	9162	9478	114793	64897	26100	116987	2134	79623	64084	388591	387509	3745	23382	130617	3362	2039	84134	57685	9900	57369	3141	5763	23400	9114	146206	55108	54020	8566	7757	138162	57731	23387	1141	10712	9684	136227	54784	51149	5701	1857	25946	50944	113026	80178	57465	22941	2785	1996	199990	64123	22854	343450	79762	150962	51127	347730	3754	3760	4760	150726	7447	10602	10654	1293	375295	80128	10109	7048	2199	23122	8618	23001	132204	78987	51304	54859	64769	5437	94032	8314	50650	4241	133308	8927	79012	2912	132160	132332	26269	4886	10393	4338	2898	154075	114801	348980	63974	9232	168667	285613	27012	1020	7534	25879	55656	54769	79698	65268	26050	283209	51084	221154	89890	402381	23172	5979	26012	26287	145567	783	3747	11245	83700	112937	55530	27079	84936	654429	79803	2562	79827	4004	143570	222865	5579	146227	80063	567	9640	89927	6340	89797	54386	6866	23582	10982	26263	125336	146713	4645	112476	784	10653	85300	10501	25818	84926	10476	7083	100505501	57524	5871	5368	3761	125488	2786	7266	57215	9796	23255	1128	2675	766	9677	27065	3354	7386	5865	10636	114787	10073	51305	25932	83640	23119	7798	1816	64118	9079	7360	84894	1501	51621	9758	23414	83443	1107	7532	285596	51617	147	2018	166614	91752	222008	196410	79697	164832	5209	3790	5581	219738	4884	3777	51013	5223	283455	8941	255631	59350	8507	57449	10243	5053	4807	85442	170394	554202	83660	11346	115196	10605	140733	8708	64137	408263	10125	283985	23491	51162	26960	541471	10777	54674	78988	65059	144195	79625	1600	10534	81033	6712	57495	253959	55055	170261	26047	442117	158038	582	11041	6138	9610	10897	51319	26470	155185	125144	5708	22843	131408	9537	56675	5122	79772	57628	11007	10458	200407	285489	126792	339344	1351	79369	163126	84277	148252	83869	8851	10409	284424	9240	4062	5426	6330	284716	157807	6197	3738	29928	8541	64110	125170	266812	79751	9332	387856	140461	92949	9659	205147	441151	3350	63973	84987	404217	151176	57184	4351	9242	399668	51341	127254	80169	10472	400126	388394	220202	727957	22864	9378	22928	401097	66004	7054	223075	400120	221687	85453	6752	1132	53637	374860	389362	27319	64388	23760	64928	1129	5179	100287171	23109	5912	54112	90355	10159	3739	2567	8905	785	50801	23265	23236	4692	7267	9312	55794	345557	50614	6000	2130	9112	57596	64478	2842	5877	147372	284656	51118	388121	407738	9241	4978	23466	57528	128239	3786	84319	5587	6586	256714	645974	51286	1850	5142	8303	4753	138046	5413	56478	79135	140597	752	4588	6092	56899	57419	255275	8558	5071	266722	64754	54072	26013	10336	4908	54014	5453	399947	56479	339983	127602	257240	146760	220107	84871	23396	338557	345079	340529	2558	4674	54331	27445	23040	139599	613	7293	4137	6585	23270	375612	28986	26059	94107	2563	116224	391013	29978	65998	375790	5575	285180	388228	54914	84570	345630	344838	25920	5649	9516	340120	51155	100507206	7259	441239	23254	23708	400745	64218	5478	2917	131034	55190	51466	79693	51434	165679	8912	57473	1612	961	343990	6334	160	644596	8270	11152	388662	140688	8831	400591	171392	104	3064	55753	50861	57799	10242	955	163059	6709	57565	6120	222662	23315	28512	26052	9228	140885	337876	26275	27300	777	340578	6262	801	338811	10497	192683	4976	112970	9055	3897	221002	9722	9755	57692	134548	375057	286411	221424	340543	26095	80863	6499	7936	728215	440894	653316	2550	57469	440145	390205	56114	644096	149837	613212	6643	414918	101928906	387911	10921	131118	220164	645426	8292	7247	339263	84258	23636	2532	10962	125113	594855	442325	534	100996307	8906	55384	64506	400954	256223	441204	353149	285696	134111	440270	283514	285780	100131390	100505876	100128264	5534	91584	84561	378881	118460	1159	642852	347549	285878	100505996	729467	401398	105373377	400765	101060691	440823	150538	389634	100506714	339529	100133123	100507308	91149	386597	107985820	100507254	643988	643837	642345	100996635	112268276	100506274	102724900	441452	389895	101926966	768097	101926941	728730	100132948	378805	122149303	389813	101927590	285154	150786	339260	102723817	729178	121853075	101927502	101926913	440896	101928537	107984780	387882	100132891	390616	90271	84968	105371574	101929021	100131213	441094	100506866	101927891	400958	339822	105373390	101927609	257068	101927494	1325	8420	101929238	728591	161497	56134	7268	103695433	10443	728084	100289274	101928509	101929423	400456	101929544	100996385	654790	283731	104310351	101929237	100996645	100506465	285626	25907	255167	642797	283140	100507043	101929176	152742	100508120	91948	85358	441046	157627	100507341	552889	107986980	100130155	54551	101929427	101927503	55845	399959	101927708	254559	400046	105369329	102724934	100506844	91612	100506411	729911	100996492	101927751	29890	105371240	23732	343702	103344931	644242	119545627	106456574	100507050	83482	100129781	101926896	6182	100505576	100287932	83593	284276	284385	100996660	284408	80054	105371899	101927151	400622	56936	55879	79160	375196	8517	100505761	152217	284615	123706512	283483	84740	102723582	100130705	26220	2904	112441426	105375519	100170841	389856	390660	100419515	57636	101928991	105372703	440435	110806277	4747	641467	6753	100132249	64881	283267	100846978	401442	101929130	105374338	105372079	729732	113523639	112694756	100506207	105376121	389906	101929667	101927278	101927401	124903640	105377727	101929748	101928737	122319436	101927423	124901131	105377294	54055	106660612	84820	107985911	100131998	103091866	100289656	150244	100132341	650368	729522	286554	352887	645700	118433	729375	102724316	728554	645784	554236	64940	5380	440934	100288175	57234	138649	654466	121456	105373383	79986
gtex__hippocampus__M001	3075	2729	22875	1080	889	8379	29916	57679	843	6542	5965	10165	5976	3980	10943	55904	25998	7748	3920	163	221	57157	9855	3475	60528	79602	5048	8938	53616	6856	9043	6482	5310	7812	10747	25900	2696	51533	1185	26993	54476	8193	5286	54443	1634	933	11183	5010	9604	1663	23376	10463	9782	23386	27032	9716	4719	211	355	5583	55591	51306	8498	56052	2530	23604	5981	26009	27430	9765	9440	54165	3309	51773	4052	57492	81037	23327	27122	6307	3909	51742	10806	23095	25771	23224	57475	84957	10827	23118	58508	23369	5318	57458	8975	5188	30	51564	11178	10787	10188	124925	3029	4804	5378	10203	3843	1606	91526	5588	83641	23216	57609	64834	27107	2263	4756	7813	5315	7158	7216	56850	23250	57217	57560	22933	221395	10294	10060	10681	4040	23446	54916	10640	8440	23161	54556	26528	28513	55117	51109	6720	64398	9886	2011	55743	23291	54820	10335	8907	80216	5151	6605	10979	6480	8301	1207	8726	55205	51175	6717	27332	9462	2355	285527	5337	1739	55973	25930	4292	88455	4162	83992	5915	7155	4660	2975	23032	55331	108	2782	117	9452	5108	9139	83737	862	7145	8556	3991	2222	4983	3835	55604	8671	6595	5663	1371	57092	55218	8555	4036	440515	55322	905	4779	2932	7514	11342	57226	9706	3842	22894	91746	56910	6579	1307	966	3732	9522	57531	81929	5243	23259	2060	55624	4799	27292	2346	79796	51593	55239	339175	8570	9762	51433	84678	2521	57655	9843	23193	57062	55760	29888	2802	8761	84196	2734	27327	55763	114882	3655	7018	55072	23256	55632	57556	54822	117584	201294	9209	139596	51430	4436	4214	7738	6319	79956	23555	1153	4670	5442	5064	421	27037	29801	1399	26088	89781	24144	4809	6663	10521	1727	8897	55007	79734	6767	2033	54207	10419	10598	9517	3705	5494	6430	1983	89932	9252	57820	394	57680	5687	9837	10110	26164	9770	81502	9097	23347	55125	54941	6907	4281	91851	10735	2332	5230	5935	54602	22862	5257	10204	80152	83752	51090	80777	79726	83693	26048	408050	79791	7329	23062	3163	653390	4150	9738	79719	10391	8925	123263	1512	7082	79752	4683	55284	10397	7227	51366	427	4125	4924	1891	284352	79187	333	11100	7297	5802	1954	22900	374882	23373	4099	6324	56006	858	4233	64327	10049	8887	1124	2617	5803	55131	1174	54664	5425	9275	2218	7046	7091	23081	23189	23586	54926	51104	51010	5599	11101	9562	3988	8729	91452	23185	9211	23232	7343	443	3837	9570	5216	57003	1819	117246	6603	9144	9267	4355	7531	26118	30850	64854	8649	5602	27309	7466	1182	23321	152503	57620	2743	7358	8882	6309	54414	9379	22897	6506	55626	5002	975	10944	9600	8496	1610	83892	65117	79611	80018	2054	283383	22818	55832	50813	8078	55188	2444	387119	135112	7101	10767	9896	7957	9444	5754	55754	26054	4124	3157	10902	23530	83697	6678	10087	8622	9685	900	10111	6500	80006	9555	4090	57222	10051	51421	3836	25852	55186	7029	11235	7375	8087	56987	55081	23150	11222	64689	1981	6787	55683	6242	150465	51130	25801	79745	55704	10314	2202	55120	2335	6772	23301	8869	55818	6801	23683	1615	5334	7072	4780	23341	5906	64766	55870	58480	54856	9181	4209	81563	9887	7799	59349	57576	5129	6513	533	387338	51611	58155	163404	55758	8289	1509	1385	23120	81573	6446	26234	2309	118427	6696	23307	6418	2733	51552	79109	8013	91754	58517	10936	64225	25940	3416	3437	55717	79886	79817	57480	399979	11193	317	1191	83690	8405	85320	80218	10804	64786	576	51193	114784	84248	1314	11155	79903	57489	55975	84668	55234	800	8034	11130	23389	8082	11059	976	57486	466	10102	3164	64375	79809	29994	2181	10564	6780	8675	11017	23326	64344	8239	5269	81578	6745	745	583	84899	2868	23163	84172	284800	6238	128637	10236	11190	8242	154796	10054	2864	6776	171017	2002	3895	3306	22890	26030	2123	8021	64768	5648	5908	7103	5787	79939	23499	23030	8910	85378	54487	9514	11135	5420	4698	1854	54832	9526	51105	6035	9459	23383	5589	1804	547	51429	83861	23149	6874	1786	6535	1736	4354	7776	11046	5638	7317	84905	9467	26061	9779	64145	54882	8500	10948	10656	64087	57343	2643	10489	23225	55037	79781	8864	5791	23277	64208	26057	3691	3021	9406	54739	4147	23208	5287	5158	55748	23037	91298	3612	23075	406	272	81846	3295	51669	9811	891	4212	55119	56907	57498	23175	3572	57614	84991	91768	9363	51765	9698	25941	9415	10906	25821	577	57231	79899	4076	10956	9053	2799	4193	2752	9857	9470	9648	26122	55681	4752	9882	9445	1102	28988	10241	6426	7716	6434	57471	55627	84317	79595	274	1318	5168	152006	55667	116113	670	8737	9656	23787	129685	408	4926	27314	6386	4750	5962	79811	54839	80021	102	9411	9635	8634	26160	3795	109	87178	1838	51196	310	51008	79800	29789	6744	55032	84888	26035	10144	55435	22872	84162	658	11107	9908	79807	4704	8549	1848	51228	90634	11226	55716	7009	5925	122060	64062	85439	81614	9990	6652	8125	49855	10099	9960	55180	5046	5428	64784	124404	9785	3801	1009	89941	54925	9611	55275	9905	9520	85464	10351	54828	6875	2774	55197	114876	11322	94015	1453	6904	57521	54808	5366	2064	90378	23476	29985	4782	8612	91039	351	25874	5451	27005	57592	81609	5298	8394	29956	2029	7159	8751	9898	65123	79573	1130	9859	4931	55224	8497	22874	94097	23190	6323	9686	29926	85403	84892	9039	91775	8893	54532	10299	9140	81555	9879	153830	78991	54540	154214	57583	9586	64599	11011	57502	30011	7403	5631	3358	27316	79648	80005	54212	9705	6867	51110	7013	6129	29967	9166	340419	4915	84909	54886	2934	23412	221074	6935	92211	2746	120	80313	27315	25891	84364	23052	92105	4684	10525	26007	9651	85449	5331	10435	143098	23284	220108	22948	134145	85458	5305	121551	9223	1456	2132	55691	2059	121601	152485	1909	54842	80014	79668	667	7073	55521	25780	56978	7402	9453	51351	5352	25909	4929	6328	50807	25827	154043	80790	9320	140890	1105	84897	23460	55740	728577	54149	4685	5137	9989	63895	55529	51633	55326	29761	55027	23367	9337	65062	3798	91748	145483	6832	25921	60685	23522	114907	5261	6529	57798	4643	10311	1859	257397	445815	26119	127262	55179	8450	54933	26053	57477	9825	56946	137964	85414	115992	4681	64760	51735	54461	94104	6651	1827	23515	9813	6002	284348	64699	56894	23308	4047	23181	55585	8878	222236	6427	91010	1973	81570	7542	51727	3716	5928	11080	148423	127002	23528	10092	93185	5824	467	148362	92291	1520	6944	7855	55249	55356	64343	23429	57018	7871	57406	323	23350	64419	151613	11073	54585	59343	55764	7086	26043	10424	27152	80335	79884	55314	90826	3673	202151	84059	153733	55255	167153	23305	221476	23366	221458	222223	1508	5828	5885	114788	23353	55074	501	81034	55503	57526	55342	26130	538	7415	143279	220972	221035	9147	509	8559	7417	64324	7248	57447	55088	79789	79101	255394	116173	84706	2200	55323	8539	9318	717	1200	6764	23300	7702	8509	7184	80975	144100	9665	4088	64400	2923	2801	51704	84064	7644	51755	64772	6786	4218	2879	54815	121274	8085	114823	94274	90522	5653	7775	283987	6730	21	23524	9881	55209	3516	55788	359948	3800	54899	3660	11273	6774	8754	157638	753	56947	23099	23214	79628	25942	6335	6383	93380	196074	2705	1677	6091	214	10477	9283	55031	10015	10826	57148	4862	79905	6773	2861	11214	79145	3344	9788	81831	541468	3752	171023	55144	2110	5356	22883	2186	55729	23261	2628	4815	4300	5728	361	51030	4118	83452	54205	154141	9854	57571	54971	348938	1072	22992	2101	111	2804	10655	5797	1106	51134	1267	57674	23333	27333	8722	128439	389524	6124	10260	148808	55167	90806	7368	124152	6731	201626	81490	170506	1488	65108	9776	9134	64770	5870	145270	63893	9807	10301	25914	285800	9699	254531	11145	205717	4642	2902	54503	391	440556	80205	347862	11253	3737	7156	253461	7182	10425	79718	3725	23283	79605	25945	3766	4291	25970	5339	79962	54681	285668	5198	79415	7284	160335	285343	128218	23302	23241	64856	285908	645212	91663	374986	253832	404093	23513	118442	25994	79813	9625	10193	79673	11022	2131	81532	338707	55666	3838	6304	221178	23705	161	389337	158358	131675794	6900	5504	254887	162239	9968	155435	26985	2157	10509	387263	55015	9146	80233	9899	169611	6667	89782	399694	105	5833	55599	23299	54103	10623	114792	4675	23621	342035	257106	151011	114826	84981	100101467	53373	4673	55182	222194	7874	400673	8632	284677	51463	1287	5359	57186	375743	51114	340277	339287	120892	26155	23036	83862	23450	54510	284697	9679	90321	84458	29068	1604	100289635	6536	399687	4122	6925	7582	100	150472	100129858	199704	307	51108	388566	1778	5094	5718	10438	23061	79027	6584	26037	56882	197342	8733	4641	6687	9019	54898	3792	51135	57209	54870	5178	439	444	7405	11321	285989	9745	10920	27347	9060	10479	124930	374877	283489	22876	57165	6263	11179	51714	9853	830	79065	1756	9848	64423	1378	554279	154442	55251	124900275	84243	55219	6891	50854	55777	7916	780	4340	79600	643965	286144	55366	5150	54458	8110	642394	6453	9946	100128788	57194	503637	23243	22828	81890	84986	5500	91664	1454	10379	3672	26140	768206	51400	678655	84461	55449	1654	388815	729852	648791	5520	728190	100130417	101927027	285954	401022	101410535	439994	387486	101927300	554203	65010	101927621	284835	104355426	100505774	101927084	400619	100288428	100287225	100128675	101927768	100507336	122539212	414243	107984948	105378909	8847	144448	102723854	101928231	101929302	643699	100506930	100873947	84973	100129434	100506421	117751736	100996590	8629	100271702	441869	101101772	92249	101929467	100272228	284900	339400	154092	339789	100271832	439949	645434	101927641	90120	101927152	387521	57665	285286	80301	727956	23600	9907	347689	55861	10137	386627	645323	100505676	100507401	101927233	255187	6414	100499177	101929709	100507377	100874047	55000	100192378	5591	101927459	286186	56112	105374419	26065	283335	100420981	101101773	51750	90799	283547	283710	105371423	148189	283887	339290	9939	23380	57597	80755	400617	149013	105372321	728841	25832	338758	101927314	100101267	80039	57223	6871	338328	80179	31	102724859	724102	359809	101930276	6905	101928583	728158	84726	283755	255812	114819	400322	100887750	388165	107984974	440248	728448	339483	347918	6648	503639	283693	124906262	503638	440104	80862	253039
gtex__hippocampus__M002	55732	8837	204	55013	9256	5244	51666	54972	6863	5689	3720	7869	4057	8284	5238	1774	1355	23584	4331	3298	29781	11231	11285	23279	578	6301	57554	27175	7204	79142	3631	3937	1495	64848	116984	1356	84321	3757	57095	55749	51660	65056	23063	2817	55726	10402	8625	54929	11218	51167	4904	5141	744	10565	7030	55737	51083	8218	79364	26986	2046	87	1400	949	4171	56666	83642	10170	1620	114880	3781	5891	22839	1741	29093	23033	64744	5550	2196	9509	56970	5744	64147	54997	80024	57060	7066	23428	55644	55862	10044	7093	55118	3189	11332	513	283638	8220	4242	113791	9463	1565	23543	23313	171568	9889	51199	10490	1113	23405	26133	958	80331	10732	55738	25876	11237	10139	5332	10398	25939	10406	79863	9663	64743	2742	6594	340554	11040	6102	9767	2491	54457	51260	1203	23295	9688	56942	54985	51172	4363	6650	56061	23205	5157	3551	55174	27294	3191	54938	2068	4946	51231	79744	92609	23217	7087	56917	5518	5764	221927	6742	6878	7965	56913	4969	1759	7016	8777	56654	320	26033	219699	64115	54462	79176	10531	51195	5889	23125	1145	51003	27077	10014	4126	3083	27087	4013	867	29099	8567	4728	84867	10536	10728	605	23074	51147	26127	7164	26268	23195	26235	55856	135152	2762	55914	730	1007	4968	8287	10641	57415	27136	25981	9381	2888	3554	2274	3241	4953	79954	22848	7143	27101	3749	10745	81849	23266	23215	7292	25949	23271	5325	894	9615	26190	56252	57862	114818	2891	29990	84265	3181	78996	5153	64756	29078	9643	90203	128611	56937	55653	88745	696	4835	8970	9521	55715	54776	57187	7408	11034	6629	55321	79639	79654	23263	5582	117154	7979	9732	57464	64792	64753	56984	25847	26297	84268	57153	112487	2258	6192	51295	10452	57631	376497	55695	51690	9518	26152	84929	9040	10155	84326	93974	6249	126299	51659	2161	4695	54991	84152	8799	7691	5901	5176	2926	7014	27183	6616	63827	3508	79363	842	10208	23164	8471	79921	113828	84626	85444	83876	6272	51303	3939	2922	85019	84950	9704	11095	56	92558	1840	167691	6885	3679	9924	5570	6610	10505	26056	1660	1329	5100	91875	1101	10238	26750	150472	10006	4957	23392	6812	9128	570	113220	8818	7507	90871	11258	51754	25844	3159	8870	64776	56965	51332	56267	5876	51626	11117	79172	1558	22891	9360	90525	5593	950	8499	92979	6636	53831	60314	122953	23174	8844	8631	51651	284111	432	115024	114783	90580	5195	3339	5792	1580	5686	1952	57645	55827	55061	8476	130497	64241	84874	8446	151313	23671	64708	151835	9711	90113	1609	6715	25816	170954	401262	84553	2830	8573	79742	90060	93953	7552	26260	137872	55630	7436	220869	140459	80142	9919	774	220965	23082	54805	283212	149986	220064	53942	51503	10284	288	129787	132321	5800	57700	6868	60485	387923	26278	55835	253635	284312	51128	5796	6728	79888	153478	26175	925	80309	5529	404550	81559	23643	2551	51244	201163	65258	133383	114	83873	10069	122402	5097	5521	3788	78994	7547	9372	3361	4599	84262	8764	83850	3017	1358	222068	9753	124044	10361	2207	7484	8867	124995	516	149473	11189	1487	7791	808	83858	29101	8997	5116	126526	30815	26097	563	9592	4061	4796	11282	60680	150223	3678	7627	79656	4116	255104	54587	9077	8880	57863	114548	55083	129285	128308	79677	115677	2560	56203	91156	134	151246	3428	213	8833	84818	22950	131601	91869	4043	54965	84448	9255	3015	51385	327	1849	25886	64850	11341	4085	10085	27089	10370	57107	134957	221833	54468	22853	734	55335	2395	4712	364	65083	120114	145581	10910	220296	55172	220979	23588	161436	219287	5015	11092	138311	9188	56339	121457	4714	10576	55800	119032	322	81832	56672	65084	115811	780776	222950	4130	26995	51117	10999	57611	4597	51693	84940	80700	2875	124935	374875	146664	25837	64223	26580	6520	3921	4992	23192	79064	29100	2948	80723	29091	2915	221749	521	5604	5650	79663	25849	126669	200894	123591	7480	79724	131616	58485	10491	3035	9229	55038	195814	93622	5569	27094	170850	29071	201514	93426	27085	28998	2845	375444	253782	112858	171024	80011	55871	326624	340252	26472	7423	257364	29903	6573	7388	79703	3267	162466	283951	23051	148979	488	400073	400986	246330	9024	25855	253982	388611	4878	23015	85007	1212	51642	116028	4482	79898	7694	3291	627	283933	374819	284358	10522	441951	167359	284119	51046	4808	497661	222183	253639	55152	26251	389072	8225	27132	284485	124989	375759	286499	199720	2624	144132	157695	1104	6748	126375	400410	389197	388341	51649	57463	575	6635	3418	23641	7325	55344	128553	653440	11248	50863	389075	18	84536	54039	220929	441061	150209	148641	51807	29944	10766	149563	11066	220	401145	348013	374659	340542	146198	10519	137868	149175	27124	51186	7625	283643	1762	54093	199974	283149	84065	221491	144233	79955	200728	387978	957	349136	9742	342977	54932	400566	10507	125704	339559	22953	285093	123904	199777	729262	387712	137392	284338	644815	389073	345222	401994	728661	90835	6829	8464	8295	5770	9612	54834	60312	162993	100287569	4763	7088	64771	57730	9260	837	353088	7741	92714	85379	6714	84435	147906	4644	10533	5253	388536	342926	27233	90987	83694	11325	6147	51062	339541	1500	22909	2710	149345	109729141	388722	387103	619208	399818	387066	2664	26146	26058	653308	83849	10471	6046	80737	401535	7917	730051	80742	90333	57540	1639	444882	441376	400553	100130958	339453	9289	100506731	79958	10215	3105	246181	163154	6827	6235	147699	1241	79086	10195	387804	644246	729920	644019	101927905	8718	51025	221786	642659	387890	9842	50652	101928527	100506392	101929428	56967	107985194	107985228	91316	106614088	105372971	105372753	105370670	643749	28985	388789	105378753	102723508	553103	100506527	440567	388849	100505881	729978	389023	266655	100129250	101928335	100874058	154790	7955	100132273	729993	100506826	4830	8742	158	280	102724019	115557	9551	279	4831	64968	9054	1650	79168	152206	101928053	284080	192111	100506668	102577424	4671	374887	100144602	162972	56109	105375798	493900	283177	101928416	10597	100287944	102724814	100130855	100505573	79178	107984813	100507588	197187	9236	100506070	100128822	124900372	92002	100294362	105371735	100505797	400657	27246	339192	100130522	386758	4701	100129195	79917	401612	105372097	105371745	105377633	105378083	79873	114791	440896	79893	101243555	432355	145783	105373085	105373299	100129223	124900774	90499	260294	100132288	641977	114814
gtex__hippocampus__M003	81887	4074	55471	10180	55610	56928	23077	9091	55735	29116	9235	23542	9862	7095	51603	7384	6540	7752	3097	55727	51099	58525	55703	22902	8540	23154	25960	114879	2273	9921	64429	51071	50619	3459	5452	2896	5606	84245	259282	57120	9734	168850	55173	89801	51528	63933	84067	9709	23223	55745	27095	57602	9474	29927	4659	54432	65125	1431	10838	22998	50937	5476	10147	23013	55176	4287	9950	9650	8611	387	865	55133	27248	4734	5597	27440	5217	10272	9993	9948	79658	7037	8243	51095	5743	55421	55160	6624	60	55843	23609	25996	2260	5289	5527	9984	6507	1653	10847	56650	28962	11266	5205	9689	10464	29957	7760	51194	80271	55696	54469	8898	5705	51637	51290	55741	2280	9962	5829	10961	53827	8079	10558	51324	51726	16	51310	3183	9878	26277	1384	55357	25861	51322	3096	2289	387680	23523	85377	10043	23351	1690	5836	10175	51382	23002	5641	79882	5106	9692	55245	23613	23394	8480	28231	23509	10528	26051	9218	115201	10857	79868	4168	51566	3356	81617	10240	26512	10664	79650	29070	55697	9100	7249	9093	5934	23322	9810	6788	54332	55156	2997	10848	81857	23646	22898	54531	10135	5445	29062	50617	11112	23242	835	24146	95681	2022	54662	57589	6387	59338	657	9644	7511	8453	64081	81619	51174	55163	80279	4927	3959	2145	51747	5608	5376	4790	7323	2549	11275	51166	83891	29118	1075	91057	7704	3312	27339	10612	26973	1982	4891	4598	506	10988	4048	55110	8099	57122	4739	4172	60682	117247	6908	8899	7265	2246	79770	5917	1452	3274	604	10342	80325	57088	51555	4691	64895	2677	10190	23451	25843	84812	3069	151393	9167	5000	1386	2956	4139	9731	6738	10286	1429	64960	10765	1266	2152	57134	5955	4297	22926	9331	4033	64747	60526	9414	55127	5524	26094	79696	55719	7010	29126	6950	80209	10808	7181	80298	23435	64282	653247	55791	29899	92	5395	989	51251	152007	79269	80760	5393	23363	51604	6431	1908	10199	57380	83732	79902	64794	51141	84266	56261	64412	4149	51614	83786	51119	10131	64430	286336	23065	5322	23309	6597	79066	10142	3092	2770	65997	468	813	3712	91860	3609	57509	25938	81533	55274	3949	81	10422	9885	9473	57693	10328	64432	6533	11127	7322	10401	10742	3337	51540	6117	57533	2874	4678	25778	254428	23111	123811	83857	51520	1875	22800	4221	80017	8650	1965	84722	2012	85004	91408	29015	26519	27202	7174	3703	55312	9413	51347	6926	60561	22832	51317	7024	79786	54583	79074	51131	9805	54606	11143	11311	9314	10868	54840	6194	132864	2542	5519	79739	26509	54536	471	54529	79675	81556	51191	3184	64116	91445	23710	144402	58516	121536	347902	6895	65082	145389	112840	10516	122616	663	7090	5045	79631	84656	5073	7385	92579	4152	6455	3454	473	10733	23421	54499	55793	7170	2590	116841	29097	79634	3329	129563	7110	91653	58477	9353	81608	93627	57721	23635	55814	81545	10146	55651	2631	4478	6567	4841	3547	526	11160	92140	50808	10280	549	92399	23245	56623	4851	254427	80013	26091	10556	118924	710	10658	79780	472	51524	7108	738	84159	55002	54545	1737	120379	64067	27034	2313	26272	121256	130074	57105	57724	134359	23171	24138	85445	1601	10018	60592	1070	3192	22925	54463	79705	201134	388650	9510	81552	5799	51582	528	118813	6566	129831	25769	10600	7102	10813	23355	1974	7804	23648	4323	2078	347734	84255	56896	2176	64849	9542	124245	84919	8703	115584	56990	79053	29980	57732	10020	118424	9619	6285	92799	9442	6464	103	10898	80228	126321	622	29127	160622	26168	51005	10482	6159	84447	115209	23385	55220	824	27185	80304	132789	285203	84283	55139	79885	23114	25871	5783	9861	113444	63891	51368	308	2982	57763	134510	84135	7098	10559	23462	157869	23514	6522	6850	55798	116328	221656	84267	2203	139324	84720	1073	123016	27069	259217	29951	4745	118490	159195	79608	3419	5598	23423	113201	124491	6778	6809	79837	115752	4141	57171	257160	7171	147015	51031	137695	1632	1642	7439	1499	29063	388753	378	84879	6890	203190	60684	79089	10713	3187	254778	7336	8706	3576	9839	7555	2873	197320	2720	53343	23204	3308	80196	8493	79188	84437	90161	9637	53838	883	84522	84287	93134	26156	79029	5621	257019	8801	10978	79694	93550	1657	1717	4615	55731	54625	254102	5091	5707	6777	10209	163049	114897	5936	253827	345757	23269	144577	57659	3981	3177	51574	152815	10540	27257	4023	79666	84747	116068	7525	55884	7298	374786	153129	196527	28976	2885	7334	25915	54762	114798	117608	23512	147991	1537	1198	23580	8575	90411	404201	55783	255252	284406	7485	9798	56963	6472	22906	348235	100506380	2894	8241	83698	9802	54880	7378	100288332	389677	114781	23258	9276	10801	23768	54622	7026	113146	5034	10933	84924	84529	51082	55693	5501	7058	3840	11118	3638	84307	339327	201181	6917	57697	284434	401541	2963	7390	130612	399827	9729	3556	50859	83931	57573	3376	54413	79754	2547	55660	3066	55532	7442	51321	147686	92070	7697	147923	51703	11194	91966	613037	51441	987	26112	4194	23116	9909	6721	339448	26128	84455	414189	169981	4855	90233	6992	642475	65986	8293	653082	10866	81856	11116	51075	339231	51024	11331	6293	221710	101927215	84627	401260	728558	401093	441459	7726	9278	220930	100189589	6173	10552	23761	442213	100506368	643783	101927359	102524628	100506365	283624	100506581	5175	92335	80022	8148	123706533	7703	102724488	105369154	147947	100505687	352954	2630	57212
gtex__hippocampus__M004	57019	55049	64847	51330	9569	151531	79090	2328	53832	147948	10062	11284	140876	10863	10319	1535	51663	55540	64951	29924	57143	2139	119391	5255	8891	60343	2213	57719	27091	22978	26281	5351	3682	23139	6452	55616	1789	6614	645	4708	54890	7430	7042	8697	54187	55168	26517	113177	23616	25807	9978	23209	8846	4776	5688	26205	7125	3750	1723	58189	23678	9694	54108	2267	4066	7138	85360	6217	56961	6510	51343	6223	54922	57817	51599	3249	5446	857	64598	3268	2645	10488	27143	84445	80351	23560	114815	219771	9487	26001	708	4669	8153	54757	25979	83871	26511	80273	23788	23130	83480	79080	51296	29125	9976	84274	6539	217	4055	2570	26271	10973	51069	9450	3280	79858	1154	33	3485	10153	84634	79906	9068	127544	28956	1486	9129	64175	80235	5887	54836	83982	54454	79591	89866	6883	54937	51780	8835	7852	80820	30010	9559	55509	10608	84080	5335	27296	399512	7270	23550	718	101410538	5690	25824	23769	10436	1678	79717	117177	7978	10606	8459	25913	3663	1032	27180	25983	196883	4738	15	54857	341	65975	3727	27237	10882	8572	6737	84034	23135	1116	55425	22880	57180	694	2947	5738	219855	10993	29923	4907	53630	183	27097	10588	3142	56262	4609	84547	347744	338699	51203	22801	6176	5861	7222	51279	113675	122830	6727	1583	10261	10300	113230	57140	85452	10256	266675	148932	8543	51093	1513	57657	51542	84696	9391	55164	10840	3779	54511	50636	7162	91782	54801	84131	6837	23590	29982	11023	133	159963	7761	80071	10205	128853	740	283078	221143	3606	79833	9050	83734	152137	118932	130940	146556	9653	4900	55286	375056	27295	84532	401647	1633	55093	285367	7567	150946	55698	8365	340348	8822	117145	266747	27151	4731	23076	84221	23218	400569	249	151354	56997	126668	200185	4825	80167	3148	11157	4724	3818	6208	117289	115908	138716	158158	80318	155368	158584	63877	389941	221120	119504	197257	5346	4665	7529	80221	121268	53916	113655	83547	254552	92162	200845	197259	93107	3622	154007	5480	207063	4330	7059	8233	151258	83987	201255	4071	255239	929	202051	7564	143425	94031	54360	126014	2357	203245	64080	64979	198437	91647	1051	566	7572	84750	254122	5916	156	132884	653784	51126	254359	8711	56945	1466	84285	7352	5029	6051	112869	197322	6470	147912	10949	645961	6232	284241	767	4094	2907	114932	4261	55017	399664	134553	84890	161291	7318	51329	54059	283870	4600	64410	29796	120356739	79174	374977	8971	391356	286256	140707	23764	59307	147111	25840	79842	338657	3858	101059918	100129075	11006	339451	79979	80317	57402	12	342132	284739	132946	51399	6273	3841	399909	100190938	6693	79788	57547	440295	85028	55713	9086	54470	196051	100505933	659	3108	643008	114769	55937	199	346171	7932	7711	790955	55851	4496	388135	100130311	3823	163486	9311	79037	221914	402	27040	283	255374	100130894	730005	100188893	23467	122455337	148413	100652939	101927117	285758	100507533	101927532	493812	4509	401251	105371450	100128511	100874222	344	101929372	105378828	107075141	652968	5698	57026	720	100506282	101928847	100505738	106480796	100874002	106478943	100874204	401172	25850	56105	728888	29082	90024	100129129	127138868	102724064	103752584	56242	145438	105370526	109729181	115409980	100507303	101752400	100507599	23246	340393	119139905	10929	124904710	112268241	284021	107985209	123706513	105370333	107984539	6348	284106	29964	126661	100506710	140	124904601	100289495	107986669	124902204	105373273	155060	100132101	100506012
gtex__hippocampus__M005	10181	115703	51265	113000	29954	51534	928	57467	54903	51096	10903	477	23187	1244	8635	23644	54884	8481	57101	2006	9603	51474	25875	9564	29085	6646	84256	84649	9627	7629	4942	2065	4638	4802	2261	8518	4335	10420	37	3993	29090	23016	56949	8871	23152	1785	51006	131544	27244	79876	363	581	118	57091	83959	8655	7597	5996	83719	10296	57192	825	26227	1299	51816	10013	57715	25805	25	7593	4650	9274	6598	25776	25813	10478	5706	5684	5753	3420	9675	79576	56062	25839	79152	8140	400506	80208	79848	5327	1936	157697	6618	1155	5438	2077	8985	10467	10652	54981	1842	8721	5730	83937	81855	22794	8787	9110	642	57606	51809	1665	9828	1119	5715	969	79676	22858	55776	51715	9749	7942	23113	7060	5067	5947	1181	85461	83444	7841	3336	6814	10067	3399	5825	55157	6195	25936	80264	9913	84795	84068	9617	11340	1	65982	91614	51538	5290	113452	5354	79934	60437	55661	57510	4502	3834	79144	2159	10870	3276	112849	5605	56302	84190	80115	200316	51691	2318	8924	58504	1315	5338	158046	6303	25873	25796	10095	79230	85441	10844	25926	9584	55902	116983	3996	5894	51478	55556	64773	4595	51526	163782	79710	5977	10390	91543	29889	55858	79070	9988	57639	10228	5279	3300	1593	23479	55755	93643	84300	3032	118663	317662	1763	57575	84298	84915	85478	57161	8826	6457	23478	3687	2588	27043	4864	10966	84299	81794	105372481	115704	10026	113451	22823	4259	11221	52	54465	4211	113419	51601	284992	55646	285440	54826	285855	221322	64434	4715	83940	210	6835	9328	56904	92715	9712	54788	84504	196743	85450	196294	871	117532	8479	57536	84735	196383	219670	89910	117143	7545	124402	200014	118611	9844	9131	64319	1831	144406	129531	65018	4720	4359	65264	873	57519	51249	10417	203260	3275	6271	4000	84449	219931	54987	7412	476	29083	79443	23272	51705	5364	80817	133619	7559	619279	138050	382	169714	23203	116225	65991	90809	1353	6881	51700	201161	63901	54893	114785	81605	51148	123099	80346	51252	161823	4144	1876	7584	84640	23587	9963	83787	98	284076	10474	55657	8841	55092	51112	5859	3669	150678	118487	27289	5883	80198	79612	55191	27129	84733	83759	200933	79683	126364	80227	2072	55508	286262	29882	28232	666	23141	23625	64787	56975	196403	5187	811	728294	90843	64582	286128	26137	205428	23336	147650	201965	80254	2621	8302	253190	23585	390928	130502	131096	71	80213	9735	4303	201501	267002	84197	402573	84631	100129196	129080	282973	340719	134637	124602	9725	9901	285971	79711	7516	112479	128312	219927	91373	645811	4828	7004	9814	65992	2153	22834	5365	51490	23381	8528	170371	84501	100128946	100131094	401089	727800	1427	196792	286827	51239	113179	4207	728130	7866	60493	96459	9179	343263	107985246	729658	101928118	122455334	643723	728537	102723605	105376748	121838	101927554	728927	60674	100129060	90673	5863	105378580	100506215	57002	100131434	112817	25764	632	55052	340526	57553	401115	105377105	101927612	55766	121233923	101928176	100129917	100506258	100133315	23642	3145	100128191	101929387	105371115	730183	284395	100270804	4302	6349	100130890	100506516	285796	728743	221442	100131320	84278	91695	147166	389033	101926918	130872
gtex__hippocampus__M006	90529	4267	51364	9244	9940	10233	4593	79645	1767	729	3371	8538	1829	57545	60529	1112	28968	1117	5590	5774	10610	2736	9620	9138	9576	7161	139212	7188	5990	26074	3568	23594	27285	53904	114327	4773	55815	64799	4948	93233	828	79846	8701	79989	165	83856	203	169792	218	8714	2348	23086	5450	5992	345895	4117	2070	135138	168090	1809	84223	54760	6711	550	1768	3769	79083	116444	10969	8643	3664	7276	55259	79747	4602	56171	23093	159686	80129	63970	1958	27019	1959	3598	164781	343578	64518	2354	5858	59269	26150	222256	2302	7137	59285	341883	79883	26166	59352	161003	84125	84332	301	948	26298	80705	84073	401551	26206	83894	5547	23213	7225	85016	23650	130752	55329	2201	319089	161253	122481	80125	56964	91807	90506	6563	55135	55036	201456	79258	114827	163479	56956	6097	7483	4867	51281	1295	83853	10788	222255	60494	89944	4143	374618	91409	79925	133690	200132	79819	651	160492	153643	339145	162282	123872	25890	146857	136332	130540	200162	118491	161502	80201	93190	54768	150082	92749	91544	3242	254050	199221	158787	375307	55567	127731	80274	84229	55282	89765	54058	286207	149499	93099	124093	220004	9903	127733	254173	127795	126820	284525	25992	128153	130162	150483	132671	152110	79411	9447	151651	57577	7802	348807	166929	133923	154865	84624	26266	136288	91147	286464	1365	219681	220963	144455	79841	146562	146845	80095	83473	7571	352909	83659	220001	54986	83657	200403	123355	55130	150248	169044	143162	3856	341019	55561	64446	54777	83450	3603	220136	90288	257236	339778	162333	128344	169166	201625	257062	146177	196996	56673	84002	80122	7050	648987	440836	286187	220388	256815	144809	127003	347088	146802	225689	347736	255101	100652824	160777	399949	89876	100288072	150147	390664	5627	83656	646851	100130771	285600	4582	254956	339512	496	123264	66002	728621	10345	158798	4051	387885	440585	138428	389118	374407	550631	400891	401944	375298	5104	389799	144535	257177	1364	165186	399948	150737	2316	401124	341676	64078	1288	196385	80217	100499483	255119	54830	9182	642574	92565	400757	80736	400710	100507244	138255	83538	93035	79583	441054	153657	56245	402160	389161	55779	283673	25790	1396	153684	730112	128266846	92340	100507540	728763	102725191	101927441	100506885	389333	100287718	105376736	101927354	401236	100131814	91548	107986809	3120	643596	79940	105378916	400618	112268411	414245	150142	101927248	101928085	101927056	391123	642819	149465	100131176	80086	255130	643911	101929524	101929402	642924	644192	100505894	283152	100505875	221409	101926904	57604	100507487	101927565	100288001	100507144	196475	161582	283948	145694	147429	101927288	400612	100506779	246176	154313	107986100	105377540	158434	101928087	105371267	124906280	101929355	339829	440905	107984270	124909384	340090	107985177	101929006	349152	100132057	646168
gtex__hippocampus__M007	7035	57414	2534	54814	6683	330	54480	3074	5291	8454	6894	8943	57418	9399	24140	3796	5837	1459	6620	51548	369	54472	11158	8668	10573	94005	23409	25977	10914	22861	4345	25831	79157	23759	7290	402055	23170	4522	9985	51292	54976	64840	10916	1821	11151	79153	8131	9325	64089	54758	55011	1760	6449	10469	84167	93436	11033	2051	8896	3614	4899	55294	25854	55572	57562	3736	7167	896	23438	57501	28972	30818	5510	6421	51086	57568	79033	51060	79630	81847	2281	5110	91687	51248	440073	11019	2971	84146	80148	29095	57468	5184	79143	56927	9491	80023	56926	7389	8273	54973	84286	25953	53947	440275	9513	83475	55201	50632	23404	83549	4294	84660	164395	29893	79228	261734	6627	85363	26284	1802	55544	8546	93611	10400	79572	8536	285148	902	80206	747	2016	81618	55654	79621	28969	5695	2766	81853	55362	79969	5607	51374	144165	91012	80349	6017	55114	22980	83608	409	84225	112483	114804	23410	7226	5694	79932	481	79590	7286	1939	10456	11159	1745	29114	275	92345	255426	134728	51390	84310	221960	9203	57109	25792	286257	57325	1006	5805	81615	7518	152789	55079	56172	7345	80746	152992	1376	127281	9191	51706	29800	5152	8568	84446	1173	55260	115950	10629	50651	6339	7398	388962	349565	114625	10922	282974	9382	4837	219539	6447	399665	3396	10815	79740	53917	65008	202374	3094	27247	375484	118812	51282	6902	598	6919	1503	7064	682	55222	339122	84153	64837	1139	317671	54968	7025	57104	5441	90637	54344	100506127	340390	79077	284459	55343	128989	10293	140739	10078	116447	79050	64409	400451	79581	79896	84856	5138	10445	60491	147929	57591	642968	93377	55924	58491	2870	91300	2812	26071	1290	64978	7918	29902	51451	6150	339210	125150	55670	51192	3995	101927420	348262	100128071	100507057	283008	100506409	284798	102606465	51275	100506881	103352539	53938	57461	100506243	27297	10093	7335	283131	729013	11344	257396	23354	2738	56108	388021	106660606	100507534	100885848	112398	404672	6880	79154	107985115	84809	1556	201283	652276	84773
gtex__hippocampus__M008	3683	85477	6401	80342	23166	695	5329	7305	240	9961	9052	7454	6556	972	960	4481	822	55761	639	6916	8531	10797	8832	6688	27071	6813	3566	54518	8569	5788	2533	7462	29760	1390	2872	5008	27128	4689	3055	366	951	259307	10859	64926	10148	3718	5294	22797	79974	3315	944	81704	10227	64231	51338	3587	10114	5777	8875	942	9595	2976	9173	8942	4688	4179	80231	54440	3624	23091	64333	3071	1017	54210	1026	54436	10257	3659	65109	3553	9322	22918	30817	3976	968	79651	54897	2670	241	10894	79845	3601	1794	90853	3569	64855	7097	834	5330	55647	8477	7453	3394	9123	6398	4542	89790	6518	963	2212	3707	64332	51316	23092	221472	115426	123	6001	6768	83706	2209	64407	93589	26353	118788	57822	653361	56833	714	861	29	3689	3101	10630	7805	2215	79961	27306	79626	1230	1536	26253	84689	29785	3903	51129	11314	147138	624	3965	6039	3684	116844	5031	115727	719	64581	10855	713	712	8793	64859	26996	7096	7351	8061	2810	3059	23526	3579	53829	25825	1436	222487	338773	54988	9021	57121	55911	7127	163702	10320	388512	348645	284759	3482	5265	219972	5336	1438	84433	2214	3122	3304	3303	11138	4489	57139	283314	10437	2189	102724297	3115	101927070	100505566	284757	3113	643529	102724571	101929335	8771	105369147	100233209	100505994	100507639	5820	401134	107986412	105375743	23601	101927931	101929497	401577	2210
gtex__hippocampus__M009	6224	23649	23144	57514	5601	2155	55706	9423	84679	51015	6160	79041	56925	2512	7022	24137	9424	79879	50	63935	5834	22850	8411	56271	5611	55757	64788	2217	9545	6142	221830	27075	7464	9827	8036	6143	10493	5957	6207	10019	1337	25842	11149	6206	23107	51294	29842	51639	9917	5768	148479	26232	9783	3155	10327	23184	6230	84272	84918	29103	6144	170685	84612	116138	5623	140901	57479	83460	60559	7700	6155	84105	5994	60560	10220	27345	79075	85465	84934	9107	497190	6205	23521	83442	6135	6202	284612	5202	10262	4170	6233	6161	10769	134829	58527	51631	347517	26524	341640	57182	291	9531	133746	387700	55203	6782	342357	22986	6156	115509	115817	10163	54069	8208	5710	222229	79699	57643	55450	5194	401152	8819	23379	158405	139411	3251	25841	115708	5092	8642	6157	1938	1877	10791	10116	8460	84233	51545	4135	55970	221421	148203	6169	81876	58492	126272	150368	100049716	80034	24147	4947	54494	84439	1397	100506504	6165	57118	28958	3768	6991	54732	374920	22821	401190	3006	92737	3014	162966	23424	148213	1995	23660	51284	55534	160760	56125	6168	54989	4541	4513	28514	4519	63906	4536	4540	4512	4537	4538	23137	4535	4508	6170	4514	6048	3133	100131897	284402	285636	113219467	4539	134121	100287898	440829	91368	9884	58496	497258	23741	101928969	112267983	100507421	100287042	9554	100288198	11276	8857	389741	100862671	124907726	92806
gtex__hippocampus__M010	56603	7543	2115	5080	2067	2824	1301	11186	23503	6557	260425	594	102157402	51171	7023	11069	3091	2937	10282	196	7763	54868	1998	26610	51411	56890	8683	29940	1871	1297	10923	8576	6697	51102	3953	9295	34	80127	55269	262	4552	8678	58533	51805	7178	84330	92259	2949	79577	22881	80896	1910	4711	90865	58487	8836	5495	51163	4060	51380	2108	58497	56950	92906	6637	84620	83939	58478	51473	8601	51125	124446	26040	64092	388272	84108	159091	54953	11269	4690	8883	114803	100288142	554226	57650	201895	25898	27236	836	2661	3190	222389	196951	6632	85476	90693	4493	10678	5272	4534	151827	9158	79877	22885	9884	254251	81858	28970	84851	79184	64757	9863	643155	84163	9858	90592	541578	10210	79892	258010	79973	11060	100129792	259230	5699	255919	152098	92482	100188953	105375304	100131801	6234	339804	101929468	550112	100499484	81488	100820829	7772	29798	727758	2749	155400
gtex__hippocampus__M011	5980	1195	1175	22884	55718	79091	55658	65993	38	43	79175	9117	22931	9524	4792	10084	6901	5127	4833	55313	50804	92960	8677	2091	57794	256227	9355	6945	6484	114971	2597	54516	10057	51253	10459	1647	55700	56122	10124	1211	55577	30833	10365	51234	94101	11047	23378	51388	60484	746	4005	83852	7111	9550	839	5830	8608	6187	58488	8991	10899	165257	57038	136853	10480	57407	11079	7391	201176	100507246	51246	79778	5654	348093	3592	284004	238	84331	148014	5886	116135	126003	4869	168544	10587	2124	374899	84937	885	64170	132660	26010	127687	100316904	150383	51157	100288842	23053	284184	100287366	51406	440078	101927021	102723775	84320	414777	285958	751580	23559	105370015	100130950	56260
gtex__hippocampus__M012	4706	51507	1890	4710	139341	4713	5434	1471	65990	79006	166	29086	573	8402	4717	51020	1347	8992	11334	11315	8704	4709	514	4694	6633	1340	1350	4357	9296	6638	25804	1349	29988	81873	4716	2987	54539	522	9556	5745	112942	1345	55897	10632	6137	57348	90990	55611	2495	5867	149603	4725	27258	4696	55352	53342	84833	126328	54998	1479	56888	80324	9377	84629	389084	84316	91689	4707	8508	64061	90135	51079	170622	6613	9045	4697	142678	59286	539	54460	112812	79148
gtex__hippocampus__M013	23129	54896	1298	55650	1265	5794	4849	57506	55900	7051	150274	10278	1522	113278	1445	64149	9094	41	11120	7433	60672	56912	23632	64858	6185	54853	7045	55268	55154	4705	5025	5630	123920	57333	3491	339105	23310	4817	149483	23623	5274	58526	153579	81565	113174	4881	79058	2990	55786	81603	54811	1798	54961	6199	79191	283229	1662	27335	286006	55340	115948	503542	6892	80864	3109	101928725	390595	593	388610	388963	220729
gtex__hippocampus__M014	10079	6389	7879	57455	55663	22929	8544	51161	3983	23598	5875	51098	26015	79036	2690	10625	79016	85013	6388	51280	54881	55177	10219	94	126374	79034	55208	2697	9791	2539	220002	57326	51271	90701	51333	23194	51227	56971	90668	219348	221785	23334	23089
gtex__hippocampus__M015	55734	81671	23210	2271	1312	55506	8260	64927	55192	51101	1440	54894	1655	2178	23155	27241	14	8930	314	54558	1824	5211	4253	5900	29115	2350	56884	29035	91120	101928287	177	4676	285834	202299	122526780
gtex__hippocampus__M016	5646	4606	1357	5225	1158	58498	4633	7134	5967	4620	1514	1208	10136	1360	6707	3848	1504	440387	2813	3851	1056	4589	3860	5617	5406	3852	3861	4604	4624	4151	5644	3853	2688	5645
gtex__hippocampus__M017	26022	9846	28996	8537	9448	58476	5414	79073	66008	400961	821	10749	10298	1783	91369	79957	284695	4176	4336	153241	222166	29119	8073	57698	4155	1902	254128	105375483	283932	147727
gtex__hippocampus__M018	3052	4190	2983	6416	3093	22911	2259	23080	4591	8745	2805	55847	5126	529	80762	285175	4191	84280	226	114928	1780	284611	64112	27018	7001	2193	55228	7416	10687
gtex__hippocampus__M019	114881	4058	8602	80381	6422	10226	5143	28965	116835	4629	23452	93649	64129	84124	72	7881	3185	716	340371	51741	7373	10811
gtex__hypothalamus__M000	2729	889	5893	23072	8379	29916	3382	79007	57679	843	10181	6542	23028	84254	7982	799	3980	55904	57414	3675	6833	163	55750	57157	9855	6915	27072	9912	60528	57787	8522	4145	9254	6853	9043	5310	23221	7812	10747	8798	51533	22955	2534	1185	26993	54799	54476	54902	9066	5286	1634	2556	8284	11183	112611	10046	823	10463	10138	9782	23386	3670	27032	9369	51507	2554	55778	4719	51177	25901	3298	55591	9774	286	578	51306	8498	10908	56052	57554	2530	535	321	8439	5981	26009	27430	7204	23274	79567	27067	23026	3371	9440	9820	64848	7504	4134	57120	55885	10659	23518	10911	4052	57492	81037	89801	27122	5733	54477	55761	23105	3909	55745	51742	23095	57475	140689	84957	8454	10827	23118	58508	114800	23369	57504	8975	23200	5218	5923	816	493	6515	55359	10076	51564	10787	10188	81671	124925	2817	22998	51768	50937	10147	10347	55711	5378	10203	54887	3843	91526	3735	23536	55633	9892	7089	8621	5141	25791	27107	2009	10565	7813	5315	7158	6857	89795	492	865	55593	2182	23250	57217	57560	57113	221395	10294	8514	51083	6710	54916	10640	8218	4335	55062	440	1258	815	490	6196	29894	140469	55117	51109	87	27330	10290	6720	64398	2011	51095	23291	1400	54847	8907	6605	6480	8301	4905	2736	23332	1207	5522	8726	11343	55205	51175	9671	3785	6717	8672	27332	4140	1739	55973	25956	9733	22920	4292	113235	22978	83992	5915	2975	23032	1641	1781	88	10003	79960	4133	9063	273	5527	54715	2782	117	9452	7419	5108	9139	83737	862	8569	29843	23152	3991	2222	4983	3835	1785	2037	22999	1638	8671	6595	1005	57092	55218	4208	8555	65985	93664	55322	905	1310	1741	3776	4986	4779	2932	23085	11342	79728	57226	3842	5026	22894	91746	84273	8668	3030	22924	790	966	9522	57531	5243	22996	55054	55624	4799	27292	56605	79796	8898	4313	2775	55239	118	2778	10059	339175	8570	55741	2036	23348	1795	27131	84678	22895	2521	55900	57655	29965	23193	8425	10558	79594	84572	2802	8761	84196	2734	4897	3912	1738	23335	51168	83394	55012	51310	55072	23256	55632	57556	54822	1808	9209	139596	51430	1725	29911	10580	1390	28978	988	3983	79956	23031	1153	27328	4670	421	27037	1399	6545	23384	24144	129138	4809	9701	6305	1727	11252	8897	80020	23112	55007	6767	5905	8814	114088	1033	283578	10598	23002	145501	5494	6430	1983	79882	89932	9252	55671	57680	80344	9837	22981	57446	80336	26164	4923	128414	1137	1917	10139	1457	10483	5173	5332	128866	56853	23347	8715	5932	1478	10735	5358	5931	9016	2332	7355	5230	84061	9767	2564	2245	80183	22862	688	8428	79758	5257	10204	9688	80152	83752	65057	80777	65009	55238	79726	83693	7249	26048	4363	408050	1186	84264	79791	7329	23062	3163	653390	23420	79719	8925	8120	23205	1512	25963	7082	23312	79752	4683	793	55284	5327	5862	51366	23484	4741	7991	427	4924	1891	3191	1209	6511	898	2821	9253	11100	51343	7297	478	5802	1954	22900	64748	30000	22983	3718	5296	23373	93436	25789	2931	56006	154661	85865	7980	10135	79872	4967	64327	7472	10049	8887	2887	2617	5803	8976	7036	1174	113263	9678	54664	4232	54927	51422	5425	2645	26608	158471	7046	22949	64420	1759	55664	23081	23189	57582	23586	8395	20	11196	11101	59338	64072	10367	8729	22849	91452	23185	55149	8453	9211	28964	7343	5414	9110	9570	8402	708	57003	1819	6603	40	79132	9343	1949	7531	26118	26151	23142	64854	8649	5602	1998	27309	8821	7466	1182	23321	55296	7468	57620	2743	7358	26610	8882	6309	54414	9379	3263	57562	26273	6506	975	55531	10944	2965	8496	65981	9761	341359	65117	3875	51699	80018	7421	5985	22818	55832	4848	8914	1108	2784	56994	8078	2026	9847	1911	55188	1303	55003	135112	9750	4988	6428	221692	2740	221662	59336	6492	135152	10767	9896	7957	84498	5961	5754	26054	7422	2030	55603	59084	3157	10902	23530	6678	10087	8622	55819	9685	2566	900	1004	4001	4883	5618	6500	5515	80006	9555	10915	4090	57222	80315	90249	10051	604	51421	55186	7029	11235	2257	8087	55081	2632	23150	523	50512	11222	64689	1981	6787	6508	55683	81562	10096	9381	2820	90	4358	29959	9784	51130	25801	79745	55704	9801	10314	2202	55120	6772	55825	23301	8869	80146	10494	5624	23683	22930	8604	1615	6382	9167	390	4780	2043	23341	9731	57535	80267	85440	81563	9829	3953	10745	2494	23046	127700	149371	10000	23266	59349	57576	6513	533	57821	58155	23443	55758	56181	79947	114883	57488	1385	6785	1268	81573	84251	26234	10329	118427	5918	57539	9330	6418	51552	22954	79109	57706	91754	64207	5826	51004	64225	53335	3416	26507	55717	30819	1394	92344	84955	56243	11193	84078	64374	5357	83468	51019	1191	10174	83690	8405	80218	7750	64786	3061	2170	51193	22865	51426	4952	57179	1314	79903	57489	27241	83637	989	55975	11335	84668	55234	800	8034	11113	23389	11228	11059	5585	540	57486	466	10102	51209	79809	2181	10564	57169	6780	27304	8675	56937	10617	11017	23326	8239	29993	89845	6903	7913	9208	583	55715	84899	55026	23163	60386	79143	84172	2892	84938	6253	24139	80025	284800	63908	6238	128637	10893	8242	3831	79414	10054	1446	5582	171017	3895	22890	55288	8021	3188	51309	821	64768	83744	5908	5322	23352	50809	79939	63922	6597	23030	7277	5782	5189	64921	57622	85378	57168	92521	9732	25913	5420	4698	10651	1123	10776	54832	5682	23022	9526	51105	83448	58533	81533	58986	23383	79057	3741	1804	9667	84705	51429	51250	83861	4298	4301	4705	170463	10439	25814	6874	445	10585	6535	139728	1736	7776	4037	7317	23345	84905	23229	1327	23199	5119	5538	64432	9467	47	54882	116983	8500	10948	83636	2643	10489	23225	23167	55037	79781	5791	23277	1644	26057	3691	1984	1742	4147	54496	9826	23208	3508	10810	1131	4628	10400	9201	57511	55859	10250	84250	9215	66035	116988	91298	3612	272	81846	9645	3295	51669	23508	9811	891	8536	27255	10752	4212	55119	148281	7482	10390	10717	56907	51303	377	79022	57498	4613	129607	3572	57614	84991	284252	51765	9698	55250	1837	25941	7174	3703	6733	25821	577	10492	57231	112609	2045	4076	967	27165	2583	7024	10956	9053	5570	85021	8291	2799	1368	6553	80003	2752	85397	1660	9857	65080	80210	11250	26122	50649	55681	11137	5100	9882	23143	4008	9445	55270	1102	1607	28988	10241	6426	11143	6434	6326	6332	2058	51133	55627	84317	274	10730	55014	10868	84253	152006	55667	116113	63027	129685	4647	9873	4926	54843	5547	81796	23213	96764	4750	5607	440279	79811	23005	54839	102	1588	54816	80031	54874	8634	26160	10669	3032	9581	6519	80204	6496	10128	1838	10579	403	310	51008	6775	79800	29789	6744	10152	55032	26035	10144	55435	153020	22872	84162	5910	55752	80144	57619	79807	5998	55605	9746	196500	347902	1848	121441	9815	9107	7786	55716	7009	10150	145407	81614	9990	6652	256586	11001	10363	49855	10099	79661	55466	7168	79631	7385	463	3801	1009	1012	89941	9611	8533	55275	9905	22901	1213	54828	6875	2774	55197	114876	409	50488	7157	396	6904	57521	494470	54808	147381	2064	773	91039	351	6531	51070	473	79932	23038	5567	5451	27005	23179	57592	57530	4170	5298	2029	23126	55061	8751	9898	1130	9859	5664	27436	805	129804	3899	6323	57282	151126	51454	2177	9686	79137	114790	80852	152330	114884	84892	115286	91775	57552	9515	9353	8893	9718	81608	1060	817	287	54532	55016	285533	10299	1016	5295	10184	635	5066	23092	9879	153830	78991	23138	91272	10814	57451	4594	285855	57038	256380	154214	51390	57583	9589	55262	64599	11011	57502	357	51631	30011	8573	55634	4841	8473	5631	2719	27316	6770	8601	6867	54904	51110	7013	6129	55638	29967	9166	115426	26267	4915	114789	90678	23412	221074	6251	6935	92211	818	2746	120	9118	80313	57689	27315	8525	84364	10658	5058	6188	4684	1813	4863	472	9538	84623	84866	8448	22866	53942	143098	23284	130576	2823	1740	11098	134145	3708	3742	7068	55768	121551	288	9223	1456	9472	2132	10873	55691	5800	2059	143187	121601	152485	1909	1646	54842	80014	2674	7073	144423	130340	79596	2895	55521	5213	114908	4154	133690	10160	56978	5796	9453	51351	9412	140767	10283	5903	84910	6328	51571	22878	25827	5789	80790	80309	9320	1105	116150	147463	7070	23461	518	8470	4685	80746	56934	5799	55529	55326	55361	55027	23367	2890	65062	134353	10670	92370	116442	145483	3778	122402	9791	25921	60685	27020	23522	137970	5261	9941	491	6529	3084	7804	9069	776	132949	55799	54778	139221	134265	1859	2114	445815	9162	57728	64897	26100	55179	8450	26053	57477	130617	56946	137964	115992	4681	9191	2039	84134	54461	124995	6651	1827	23515	83440	1636	9813	1487	29	284348	4882	808	55108	54020	8566	4047	5116	23181	3275	112724	57731	23387	55585	1141	55129	10712	51160	9684	51149	8878	222236	1857	93099	6427	91010	246	1973	57465	22941	81570	2785	51727	1996	3716	84328	64123	22854	10092	57863	5824	23385	148362	55083	64216	347730	51072	79677	1520	6944	152559	55249	285203	64343	7048	79411	23114	23122	100507246	8618	23001	132204	132989	166336	7871	323	78987	23350	64419	151613	54861	51304	54585	64769	59343	55764	7086	26354	50650	200931	4241	84448	133308	10424	256471	79012	2912	80335	132332	79884	54726	90826	84059	153733	55255	167153	23305	2898	154075	114801	134957	23366	348980	168667	285613	1508	5828	114788	55074	501	7534	25879	55656	158326	79698	26130	65268	538	7415	83550	51084	51585	220979	161436	9147	58157	89890	509	8559	7417	23172	10495	7248	5979	64745	145567	29951	255394	11245	83700	55530	2200	654429	8945	55323	374569	79803	9318	2562	55800	1200	81832	6764	222865	7702	5579	50810	8509	7084	7184	80063	9640	6866	23306	23339	115752	23582	4088	64400	4141	2923	10999	26263	84064	146713	125058	6786	112476	4218	2879	784	8085	114823	10653	90522	84717	10501	7775	6730	23524	199223	7536	55209	3516	55788	125488	132158	7266	359948	3800	57215	23192	11273	23255	2675	6774	8754	255743	9677	27065	367	25849	23099	126129	5865	10636	10960	114787	55276	25942	6335	169044	6383	93380	9839	83640	10887	64118	9079	123591	22871	7360	5099	51621	9758	1107	7532	10477	220988	9720	10491	166614	91752	130827	222008	3856	79697	57148	5209	6773	100271927	11214	79145	9788	80310	238	4534	29071	3777	50515	3752	283455	8941	55144	5356	1826	22883	57449	55729	10243	23261	2628	85442	4300	5728	83660	51030	83452	54205	10605	253782	10125	1072	55871	26960	338692	541471	5970	22992	65059	111	91749	2804	56834	256130	79102	10534	5797	4485	9001	57674	23333	6712	152002	54872	10594	389524	488	55055	170261	26047	158038	582	148808	55167	90806	124152	11041	6138	6731	201626	51319	81490	170506	1488	132112	5708	22843	9776	9537	22845	56675	5122	64770	79772	57628	122046	10458	63893	55254	25914	54993	163126	9699	84277	283377	205717	83869	284424	2902	6664	9240	84901	140775	4524	5426	440556	157807	80205	347862	7156	253461	29928	64110	266812	7182	10425	79751	79718	79605	25945	387856	92949	9659	114798	388882	54681	55175	57184	5198	79415	127254	317761	160335	285343	9500	79730	23302	23241	285908	201164	91663	7710	9378	22827	10194	118672	374986	221687	85453	151963	55432	53637	374860	389840	84698	23513	23760	284129	25994	1129	64219	5179	155061	100287171	6448	10193	55228	2131	81532	10159	2567	8905	785	161779	55666	23265	6304	4692	7267	9312	55794	345557	50614	221178	9112	23705	161	64478	2842	125111	5877	126567	9403	158358	51118	56941	4978	29944	5504	4990	5587	254887	6586	8398	645974	162239	5142	4753	10801	139285	5413	79135	93517	155435	3714	6092	26985	56899	56160	7127	8558	6948	266722	9146	51263	80233	26013	5592	10336	89782	5034	54014	56479	80333	10933	5833	127602	55599	84859	220107	54103	10623	340529	2558	23621	3840	4674	54331	27445	23040	114826	139599	613	53373	4137	4673	23270	79659	222194	375612	51547	7874	28986	148398	26059	94107	10507	116224	29978	51463	5575	170622	5359	282973	84570	10772	345630	340784	375743	51114	375567	340277	144404	23029	3167	339287	120892	26155	23036	5649	9516	83862	23450	54510	284697	23708	139735	11122	79633	64218	90321	6261	2917	3376	29068	1604	55190	647135	51466	100289635	51434	399687	165679	4122	8912	23654	57591	55532	7442	57473	4763	1612	961	6334	23365	100129858	199704	644596	307	163227	79830	1778	5718	84435	140688	10438	23061	8831	128486	79027	171392	6584	10533	26037	57799	955	56882	6709	6120	222662	8733	28512	128	6687	26052	23230	4155	440295	55035	9228	140885	9814	26275	27300	777	54870	5178	340578	7405	50618	158586	51062	9358	285989	10920	6262	27347	4018	9652	10479	22909	124930	283489	22876	4976	6263	112970	51714	9853	57713	830	9055	3897	221002	9755	57692	64423	387066	55251	221424	124900275	340543	26146	84243	26095	1797	6499	7936	55777	7920	728215	7916	780	440894	653316	2550	100268168	1639	79600	286144	149837	5150	54458	414918	10921	645426	23243	7247	339263	283673	84258	23636	10962	81890	3073	5500	91664	3672	390916	26140	10809	55384	64506	400954	441204	340267	678655	84461	285696	134111	101927905	440270	55449	1654	388815	652991	29092	2189	5520	112597	728190	118460	642852	101927027	347549	285954	100505996	92340	102724691	101410535	401398	101927300	105373377	400765	100507171	440823	101927621	389634	100506714	105378763	107986806	386597	643988	643837	642345	112268276	100506274	101926971	100506679	100505832	284798	107986618	101926941	100132948	378805	6892	101929302	283953	643699	100506930	101927590	150786	400238	729178	121853075	101927289	101926913	8629	60674	101928537	150568	390616	54082	284900	84968	100874058	401491	339400	339789	254128	1159	100506866	400958	100189589	440132	158	102724019	387521	6173	10093	101927832	100131434	80301	727956	23600	8420	57553	56134	100137049	7268	84450	10137	10443	100129203	85364	100289274	644192	100505894	101929423	100505994	400456	100996385	102467147	100506465	5820	255167	100507043	100508120	100499177	91948	100287592	441046	157627	55000	100507341	100506237	552889	5591	56109	101929415	100130155	54551	388015	120883619	493900	55845	399959	101927708	23642	196475	26065	102724890	51750	145195	100506433	729911	107985879	642366	101927978	283710	791114	29890	343702	103344931	101927957	102724344	148189	283887	339290	100505576	100505797	284395	9939	100287932	23380	284276	284565	80755	101927151	400622	55879	105372321	375196	8517	100505761	152217	728841	338758	101927314	105378083	283483	100101267	80039	26220	112441426	105375519	23191	389856	388685	390660	57223	57636	6871	101928991	110806277	79893	31	102724859	100130148	112590798	283267	100846978	100506710	100507173	105374338	729732	6905	100506207	55056	389906	124904288	29798	105377209	122319436	348926	106660612	84820	107985911	103091866	100132341	400322	388165	286554	246126	645700	286042	729375	5387	102724316	728554	645784	728448	339483	554236	493754	2630	64940	5380	440934	57234	347918	654466	6648	124221	121456	124906262	100129482	100131454	152078	80862
gtex__hypothalamus__M001	4074	56603	55471	10180	55610	5577	10943	23077	8913	5048	9091	55735	29116	9862	7095	928	3097	55727	51099	1195	55703	9604	22902	23154	2273	9921	64429	51071	58528	8630	3459	9497	5606	84245	4234	3631	22884	168850	51528	25875	9498	26999	57602	10886	9474	29927	4659	54432	65125	1431	55726	55176	4287	9950	9650	387	27248	4734	5597	10681	7353	9993	9948	60343	23503	7037	5743	55421	60	23609	25996	7155	54431	2260	5289	9984	10411	1653	9817	5794	56650	28962	11266	4200	7514	594	2060	55230	29887	54469	56970	5705	8602	51637	2280	10296	51324	51726	16	22861	9878	4436	25861	51322	3096	22931	5442	23523	56948	5836	51382	3091	7528	57820	23613	1522	11083	113278	23509	57144	10528	26051	79868	286410	1821	54602	81617	26512	10664	79650	29070	55697	9057	9100	9093	5934	23322	57020	9325	56986	50804	6788	54332	55156	64089	2997	54938	2901	7639	29062	11112	1124	835	95681	28959	2022	54662	57589	5599	657	9562	64081	55163	4927	55813	1655	3959	2145	5573	54868	5376	7323	2549	51166	1665	83891	29118	83480	27339	10612	26973	1982	41	4891	10988	55110	56890	57122	4839	7167	4739	4172	26268	60682	896	6908	55754	8899	2690	23107	10923	28965	2246	23398	79770	5917	1452	25852	4691	56655	64895	2677	23451	84812	3069	79954	151393	5334	5000	1386	2956	4139	515	4688	6738	1429	64960	51440	57568	34	10765	79033	1266	2152	3664	57134	5955	22926	9331	64747	60526	9414	5524	26094	25940	54812	10171	29126	91687	399979	80209	7181	23435	9227	64282	576	55791	2331	29066	5395	51251	27434	152007	79269	80760	262	23549	4552	10199	83732	79902	64794	64412	9491	10236	4149	51119	6776	10131	64430	8273	23065	23309	23499	79066	2770	65997	10739	813	3712	91860	8930	1635	9513	3609	57509	112487	55274	375775	9885	83549	4354	55902	4772	6533	11127	7322	10742	3337	54862	51540	57533	157680	23111	7178	123811	51520	1875	22800	57578	8650	1965	55140	7428	79577	85004	29889	747	29015	55312	51347	6926	5025	6885	54583	9470	9648	50853	1910	4711	11311	9314	54840	6194	670	6386	5962	5519	834	79739	5495	54536	51163	1763	81556	51191	3184	55132	10427	64116	91445	23710	144402	58516	121536	5830	145389	112840	10516	663	7090	9960	25989	55070	5045	84656	3687	5073	23174	27043	4152	4089	6455	3454	23421	10026	9869	55793	7170	10456	2590	92906	84620	23190	85403	7110	66000	58478	93627	81545	10318	51473	7162	2631	4478	6567	526	50808	10280	23245	56623	26091	118924	84280	710	79780	10525	51524	149951	738	54545	1737	120379	5305	339105	64067	27034	2313	2555	121256	29970	57105	26040	57724	134359	24138	85445	1601	10018	60592	3192	55364	54463	79705	201134	388650	51560	81552	51582	51633	118813	152992	64092	6566	129831	3798	132	10600	7102	3098	23355	1974	54953	23648	84255	56896	79623	2176	171586	84919	56990	29980	201176	29800	9715	10020	118424	6464	103	55260	160622	51005	6159	84447	50651	7412	10380	55220	824	10602	132789	151556	64320	79885	5274	5783	201895	25898	26043	51705	51246	51368	308	2982	3600	27236	202333	57763	134510	84135	10559	23462	117289	23514	23353	55798	84267	3190	55342	10910	123016	259217	79101	3419	23300	5598	146227	23423	9768	6778	6809	10982	114785	399665	7171	147015	137695	1499	283234	2786	378	203190	161823	85476	3187	113189	7336	90693	8706	3185	84640	55031	10678	10972	23204	5272	3308	8493	79188	9637	84522	25928	93134	151827	79029	5621	7064	9451	79694	93550	55222	80198	1657	1717	4615	55731	22885	5707	3267	6777	163049	8722	345757	3981	51574	152815	256356	5095	7025	79666	116068	7525	55884	153129	196527	28976	7334	25915	54762	117608	23512	147991	23580	8575	200150	90411	404201	284406	100996455	7485	9798	11248	100506380	285753	83698	54880	493753	10293	6331	8073	23258	84319	220	401145	116447	9276	4303	64409	54622	7026	79896	84924	51741	55693	5501	4675	7058	11118	3638	84981	23275	57698	339327	6917	57697	7390	9729	3556	57573	55340	54413	79754	2547	2104	55660	4646	3066	6925	51321	150472	7697	221785	147923	51703	93377	51170	26112	23116	26049	11179	6721	339448	259230	134701	26071	129807	55219	6046	1290	90233	65986	613212	100128714	10866	11116	22828	51075	8904	339210	51024	92482	100288842	221710	65010	122539212	55853	9278	220930	10552	3588	100874002	101927359	81488	101927402	80022	29057	401612	100270804	7703	105377294	105369154	100887750	1556	100505687	147166	201283	57212	152195	253039
gtex__hypothalamus__M002	7035	9244	2328	10233	3077	1175	8538	57101	3074	79810	23101	10806	28968	9627	55623	79641	10272	55658	1459	5134	2213	57455	2920	54437	5351	64744	363	4606	6614	5996	9352	2271	54890	51530	8773	7430	57715	54209	55168	25	26517	89781	11015	9889	55969	7125	56271	8312	54985	64799	80381	4066	55101	10226	54922	57817	3249	2077	5764	94239	54504	5118	56913	944	203	10488	80351	1440	9487	54757	25979	27087	79080	79073	2348	9828	969	51411	23074	5777	2570	9457	10973	705	7060	8287	51639	84759	3336	54980	116444	6697	3749	5906	10625	9129	8548	29937	23184	83479	196483	23093	54454	2281	7045	51780	8835	56155	79712	54537	79586	88745	9953	399512	79144	5690	2123	5605	117177	26150	1032	27180	15	2593	25873	148229	79016	10095	3727	11047	9040	57470	93974	85313	84701	10882	7700	4695	51478	85013	5786	79363	694	84125	84332	10894	6272	10542	3601	9704	301	8728	29923	9764	92922	80705	313	3142	150472	7111	26206	84681	84904	55227	58487	85016	23650	84298	2098	80119	56964	8720	58488	90506	84225	113230	757	57140	112703	10256	84970	11004	148932	128346	11221	27173	29097	64241	79998	1261	83939	84630	6993	84310	222255	2846	54801	2040	6835	28989	6877	54805	7761	10480	10205	1793	219670	374618	291	10172	152137	146556	26175	9653	252969	84532	388272	9056	64319	7547	93190	54768	150946	254050	158787	9992	23400	10417	388284	5152	84221	286207	151903	149499	3678	400569	220004	25903	151354	80304	200373	2071	127579	285521	200844	349565	91869	64789	25886	132160	221476	221833	138716	6850	286464	155368	65083	26050	143279	53981	64112	389941	221120	146562	7753	119504	56672	80975	219539	375607	54920	762	53916	55311	113655	254552	92162	1877	8309	80346	79064	51255	10791	10815	3576	83987	123207	201255	10555	7580	143162	202051	143425	94031	126014	5569	27094	116844	3880	9533	54811	92342	54777	27023	1051	8801	3603	83886	221421	90288	254122	54961	727936	10089	126074	220416	257062	84107	7352	402682	246184	3291	197322	23625	6470	125228	8408	4808	10949	6232	2731	200895	54344	199720	4261	127003	55017	23526	55783	286006	225689	347736	388341	255101	84890	64785	219790	100652824	90736	283870	84316	1468	166752	202243	399949	4707	64410	407738	84851	100288072	6525	29796	8663	83656	55328	8971	113277	10572	140707	100130771	285600	147111	8651	25840	79842	254956	84197	5727	84631	338557	100129075	55615	387885	11006	200728	440585	79840	10445	64170	339559	400891	401944	339451	6274	145873	5104	165186	282991	12	9883	9819	79711	112479	92070	113835	399909	135398	6840	344787	6884	644890	7004	342926	115948	84433	9086	659	7940	7932	400710	441054	4496	401089	246181	50840	25790	79037	1388	283	100130894	644246	728130	100188893	23467	101927174	100128071	101927117	56967	107985228	101927532	4509	401288	7503	401236	105371450	101929147	3113	100506421	128193295	200726	100874094	387723	107075141	6997	80864	11185	112817	25764	140290	401074	80086	192111	100506668	283152	90342	100874204	101927565	927	127138868	103752584	101055625	100506844	102724814	101928736	100507599	730183	100294362	10929	9641	105376843	100130522	105372419	100288122	8778	100073347	100507423	105377862	284106	126661	140	105378696	101929355	107984345	145783	105374254	107986669	124902204	142913	79963	101928303
gtex__hypothalamus__M003	5164	6863	79090	5980	4057	2137	1774	23649	1355	81551	147948	7984	5601	5188	23063	6141	79763	57143	3029	8625	2139	11218	4904	744	30836	3796	79364	5423	998	2046	56666	27091	5609	8871	29093	23033	55760	151887	23428	117584	55862	4214	55118	25805	56952	126353	283638	8220	25776	56993	10633	23313	10490	1113	51550	26133	80331	55738	100101490	340554	11040	10084	83692	2491	51260	2321	6422	3646	27294	64130	51231	5518	27106	3955	11333	7586	64598	4969	8721	56654	320	1855	5264	219699	79176	9644	51003	10014	4126	79864	23130	114971	4728	10645	605	217	51147	26127	55776	51715	55856	51596	55914	51011	10120	550	10153	27101	23463	5768	10286	81849	387338	50999	6794	56252	57862	114818	84272	3433	4601	79591	39	57616	84083	3181	30010	9643	10608	90203	55653	5105	55831	4495	79637	10485	5469	11034	83541	3397	79639	10870	84190	83460	7978	80115	6183	4738	6192	51337	10452	51690	26152	4861	126299	7691	23378	5901	5176	23480	3021	23135	51388	27183	114034	25778	55425	79921	84106	28992	83876	5738	3939	92558	1840	80759	29109	83605	1101	26750	56262	7539	570	8818	90871	7094	11258	10817	132864	64776	10017	11117	1558	9360	57575	1062	6843	92979	6636	8608	122830	145482	3067	51651	284111	90378	93343	7226	57333	29943	6135	1952	57645	79590	84696	729085	22989	9711	55840	153328	10146	54511	221322	221806	221935	7569	1730	26260	91782	1807	414328	140459	286257	22921	11023	84504	283212	83643	6868	60485	130074	25859	22925	84033	522	65258	114	7381	55093	115416	6854	3361	9478	8365	340348	9753	7484	149473	79190	7773	4731	85395	6285	2224	9592	7627	4116	80232	27306	200539	56203	113444	9255	3015	51385	26269	27089	54468	26173	55335	220296	55172	116225	119032	146167	4130	26995	51693	84940	83547	10476	6520	3921	54899	4336	3622	157638	29100	53407	80723	10073	200894	5747	283899	7480	4584	58485	195814	64080	81603	51013	11346	2845	118487	54625	26472	7423	10209	27333	57659	128439	6124	442117	10260	400986	65003	9024	26470	253982	125144	378708	27257	55844	5870	79898	284358	51078	441951	284241	8225	9242	114932	100506127	81858	284353	157695	163183	399664	286128	6635	23641	29035	100506504	29119	54039	441061	120356739	11066	116448	340542	51186	4919	23299	84871	283149	84937	147645	125704	391013	199777	137392	90835	8295	222553	5770	2050	4666	23660	7088	64771	3841	92714	136051	147906	79892	27233	11325	6815	59286	79973	147949	619208	3633	83849	285141	7917	730051	444882	790955	100130958	339453	6643	9289	388135	9311	84986	1241	79086	10195	134121	109286553	285095	9179	221786	100505696	105375304	107985820	6315	414777	84973	6234	388849	51275	645676	154790	9884	58496	57026	23761	11037	1945	401115	9054	283131	497258	284080	55766	102577424	374887	100144602	283177	91893	100505573	79178	100506070	100128822	105371735	284408	4701	149013	124904535	118827814	404672	102723582	100129550	123706513	11276	114841035	105373299	105377663	155060
gtex__hypothalamus__M004	204	9256	3920	55001	8938	51085	9031	25900	8491	4190	6683	5452	10858	2006	23327	55540	10758	6894	9410	23504	1301	56848	10402	6550	22933	23161	8974	38	9138	51412	4034	114880	23136	5550	4258	55608	57060	7093	2289	11332	200312	23544	9681	1120	23170	51199	57452	4522	5700	10202	958	6594	2259	8874	23295	3299	56942	58189	6650	10423	1936	79816	53635	79784	56917	23288	83856	1993	8777	64115	5532	54462	84445	51195	23125	54940	3083	51111	55291	8567	10536	23371	2054	7164	7922	3313	1007	10307	79858	2888	22848	9528	127544	28956	6675	8643	23215	9890	56912	7276	9615	4072	9617	1	29990	51538	79039	5153	64756	29078	83658	5199	10245	286336	59269	54850	23780	51691	64753	2571	25847	57153	2258	6861	5589	547	59285	10298	29893	54991	51308	84626	85444	23175	2922	8565	2073	84900	9924	2317	7080	2572	7507	3590	9856	57176	55601	56965	51626	90525	51176	8499	283385	8631	90507	10650	8612	5211	641649	114783	79258	3491	5792	56956	1939	11000	6016	8497	9391	151313	83607	1609	132299	6715	100132916	90060	3547	158763	210	25792	256158	774	220965	83723	10284	5805	196383	775	387923	55835	91409	284948	284312	2893	26207	81559	6921	7273	153769	5521	57798	144406	388591	222068	51735	8867	11189	266747	51673	83858	27151	60680	84911	162417	339123	9077	343450	56997	133015	2560	8833	348807	64399	10370	79722	26266	79778	2669	221154	3747	196951	322	6881	222950	245812	150290	5368	64943	154007	146212	10251	65110	1942	51305	27247	9121	2897	2186	10201	171024	142684	253725	23491	340252	339778	83759	253959	10897	1139	1212	254187	80227	51642	253314	627	374819	284119	51046	222183	389072	258	27132	286499	161882	340390	7054	389197	91050	348378	55344	128553	6000	4703	26276	26576	283643	5719	158798	84109	392636	201181	51393	342979	345222	80317	26010	9687	6829	9612	60312	162993	100287569	9260	2316	5094	6714	203102	4644	148741	2710	114824	7150	9722	286411	50854	57540	10399	6311	150297	10215	163486	157574	100128890	55628	100506302	378881	1159	100130417	9842	101928118	106478958	440498	102724450	101929664	102723508	101927554	100132273	51608	115557	374286	152206	644873	550112	4671	162972	56100	4067	100129129	84334	161582	388327	124902988	102723670	9236	23246	400627	100507373	100129195	101243555	105372079	105373780	388963	105370174	84726	388524	220729	641977	114814
gtex__hypothalamus__M005	56928	2115	5080	5689	29954	23166	50619	8635	3755	11284	54875	9603	9564	30	7075	602	57704	10420	37	57719	23016	25930	56949	10714	6507	5891	6548	4708	55214	9727	10013	8086	7593	9274	8216	1565	9978	9894	4776	3420	51654	4092	284217	3750	1203	23417	64428	79848	3551	54758	4125	3783	951	6223	8985	10467	165	83937	219771	6945	9094	83871	7704	23788	23360	28960	5002	29125	4928	1119	8683	135138	55374	27031	3280	1154	84695	1746	6814	1889	64175	2166	7292	8289	54867	7010	56943	9904	5393	5335	60437	4502	23550	718	101410538	55795	3276	22863	3425	200316	5338	6303	27237	1116	80195	196441	5977	84722	9413	4005	3178	183	10228	1593	64005	55316	23392	55755	4609	90865	51496	6176	4547	23344	57161	80349	9785	497190	2588	4864	91978	207	126147	5694	266675	128061	52	51281	275	285440	10769	64434	2796	92715	128853	3606	51128	124402	339145	140890	200014	9510	201163	333926	7567	11079	200634	3017	129531	124245	7391	65018	51706	117145	875	23076	3689	5900	92799	6271	4000	84449	5635	54987	9249	57326	56983	57577	79443	11341	7098	57107	138050	220972	169714	91252	114780	90701	729359	200845	197259	4144	5480	1285	4330	2873	131616	64979	8841	51112	10892	5883	148203	254102	29925	51134	7388	2787	283951	148014	79683	2072	116028	22877	55508	169841	112869	23141	100049716	56975	51272	3615	196403	2907	5187	811	122525	284273	284418	81889	79813	575	51329	54059	2621	253190	9968	10519	267002	374395	402573	101059918	257106	9863	3006	285093	401541	387712	3014	340719	387707	10811	728661	487	284739	51399	128312	100190938	91373	79788	127687	65992	7620	2153	3151	51490	440689	2664	4855	80863	114769	340895	138715	55851	163154	51239	339231	51025	163033	100191040	104355426	91316	401251	101927895	201229	440567	728927	90673	100129250	751580	652968	60489	57002	632	3109	340526	1650	105377105	720	101928053	85001	100129917	152742	100506258	388610	100499484	10597	3145	11232	26589	100128881	54460	100507218	4302	79873	100130890	100506516	100507747	100289495	56260	255812	101926918
gtex__hypothalamus__M006	3075	81887	1080	221	53616	5081	57467	54443	933	9961	63932	23187	5583	8100	9846	23604	9765	55040	2296	23224	11178	83641	2263	4040	9448	285527	5337	4162	1136	4036	6579	1307	2196	5027	23676	825	1299	10044	6319	23555	29801	25777	5816	10110	1869	55125	11201	10857	9738	10397	312	4099	858	4233	64077	4355	30850	152503	1410	1610	2444	9444	4124	5924	10111	7781	66008	58480	5129	6195	23120	4801	1135	29899	11155	64375	5354	400961	745	1059	2864	26030	56302	2791	8910	9514	81	23149	64145	54739	60484	23164	201266	5158	55748	4629	9363	51317	9805	57471	5168	408	22891	6229	11226	145226	5046	54925	93649	8416	284992	7403	79742	139818	79648	80005	9705	9919	85458	667	25780	6728	154043	23460	5137	63895	91369	4643	114793	26119	85414	129285	92291	23429	55314	23176	222223	619279	55503	153579	25841	8495	4176	4640	150365	51704	5653	2339	753	10098	23214	79628	11141	2705	10015	347273	2861	154141	57571	348938	10655	1267	3728	115019	7368	6578	65108	9134	158135	10301	4642	6197	285668	128218	5781	132228	144811	144321	253832	118442	23336	80781	23194	390928	28958	6900	169611	4603	105	57711	66002	342035	4051	80829	55182	8632	643236	1755	7373	387921	79844	3908	80345	100	388566	3792	1902	258010	22834	9824	57165	1756	7052	101928287	84288	170371	401535	4340	643965	642394	57194	123464509	286827	101928111	401022	387486	729658	284835	100505774	100287225	124902280	100128675	101927768	100507336	285045	102723605	8847	101928231	101928304	100873947	117751736	101928922	100996590	100271702	441869	64288	101929467	154092	202299	105373158	101927641	105373418	105375483	1270	347689	55861	386627	101928100	121233923	101927233	100131089	255187	100507377	102724623	101927459	286186	283335	101101773	64150	101927620	283547	283932	400657	103689912	400617	400550	105369201	338328	101928583	340090	105375118	105369344	283755	440248	155370	8418
gtex__hypothalamus__M007	51364	9940	11313	1800	4593	79645	1767	729	1829	57545	60529	1112	954	5590	5774	10610	9620	9576	7161	139212	6932	5990	64147	26074	3568	23594	27285	53904	114327	55815	10391	93233	828	8701	3315	1842	54894	218	8714	10891	23086	5450	4117	2070	1809	58515	84223	1768	79747	4602	56171	1958	27019	28981	3164	203447	343578	128602	64518	79025	2354	7053	5858	84645	222256	2302	7137	55422	341883	10514	59352	161003	57639	948	1081	26298	57224	84073	401551	83894	7225	130752	2028	2201	374462	319089	161253	122481	80125	91807	6563	55135	85452	114827	163479	6097	83853	10788	90523	25891	60494	4143	145282	729665	285313	79925	79819	651	160492	153643	123872	25890	2551	136332	130540	200162	118491	161502	150082	91544	199221	375307	55567	127731	84229	54058	125965	124093	127733	254173	127795	126820	284525	467	128153	130162	150483	132671	388701	152110	9447	151651	729830	133923	493869	154865	136288	91147	1365	219681	159989	474354	144455	79841	146845	352909	83659	83657	200403	79867	123355	79740	150248	341019	55561	23566	64446	361	83450	220136	257236	155465	162333	201625	146177	196996	56673	80122	648987	286187	220388	144809	347088	223075	146802	160777	89876	150147	5627	646851	4582	339512	496	10345	138428	389118	550631	375298	389799	144535	132203	257177	399827	399948	401124	341676	64078	1288	80217	100499483	255119	9182	642574	400757	10471	3304	100507244	138255	124906016	79583	283314	402160	389161	55779	1396	153684	730112	400123	128266846	105375448	728763	654412	102725191	101927441	100506885	389333	101927524	100287718	105376736	100131814	91548	107986809	643596	79940	105378916	102724571	100130881	414245	150142	101927248	101928085	101927056	391123	149465	100131176	255130	643911	100507639	100505875	221409	729212	101929709	100507487	100288001	107986980	643037	283948	23601	145438	145694	147429	101927288	101927009	400612	284260	101928550	246176	154313	107986100	123624	440896	105371267	124903525	124906280	440905	107984270	124909384	101929006	349152	100132057	283693	646168	728798
gtex__hypothalamus__M008	54972	80199	7869	5010	259282	2824	25771	6873	8537	2065	23013	4638	64834	24140	3993	58476	131544	2346	51171	55857	57192	7018	1312	113177	2872	5706	51098	23394	28231	10732	5753	5935	79152	9013	55313	92960	8677	6449	5438	6324	256227	11033	23242	24146	5730	51809	10227	6484	7942	85461	5136	8576	3155	991	55051	84795	11130	3834	7389	83543	7103	7979	58504	85441	353497	55556	163782	55858	9988	54806	6610	3300	51754	93643	55177	51332	118663	84915	10966	56931	58497	8476	4211	8502	64708	80728	9328	56904	117532	84735	118611	9372	11269	2078	64849	9825	1358	4720	115584	873	57519	8568	126526	79957	563	4796	29115	220002	114625	80817	10085	10922	219287	282974	159195	51700	26585	81605	51148	54815	51252	3592	6091	83787	84233	2110	4815	554202	9973	200933	23612	56945	286262	29882	11145	344148	84987	135932	5886	222166	169200	5890	100288332	130502	131096	3297	64757	1806	50859	9725	147686	11152	541578	5365	8528	154442	643008	100128946	113179	2968	10379	4207	554203	101928527	100506725	728431	7726	84129	57665	285286	79168	101928176	401172	102524628	124903732	101928738	100289255	8353	389741	285796	101930276	124901632	124907726	389033	352954	130872
gtex__hypothalamus__M009	51330	85477	6401	80342	695	5329	9052	6556	972	355	960	4481	822	10863	1535	6916	8531	1117	10797	27071	55679	10170	7879	55843	6813	3566	5788	2533	7462	5829	30835	51816	5742	29760	3594	5008	27128	4689	3055	51311	366	10859	6510	5294	22797	169792	64231	51338	3587	8875	411	942	9595	10578	3554	9173	8807	8942	4033	6446	6696	1441	80231	113	64333	1026	860	54436	3659	3553	9322	22918	30817	3976	79651	283120	23180	241	4608	79845	4064	1794	90853	3569	5330	1847	55647	7453	3394	6398	7409	4542	89790	6518	2212	51316	25816	123	6001	83706	64407	93589	115761	6503	57822	714	115650	1234	3101	10898	79626	6280	3577	56999	1230	1536	79789	26253	57494	4837	84689	3903	51129	147138	1524	624	3965	6039	2357	115727	64581	10855	713	712	8793	26996	7096	1649	23529	8061	2810	7056	3059	3579	53829	25825	2242	201305	1436	222487	9021	146722	387763	388512	348645	284759	51284	29950	5265	5336	1438	1378	2214	57126	4489	57139	1052	102724297	3115	154449	643529	101929335	8771	105369147	100233209	285626	101926904	401134	105375743	101928674	101927931	284021	101929497	401577
gtex__hypothalamus__M010	26073	57514	4913	1815	9891	54472	2512	55954	27351	5834	11255	6855	5611	6320	7464	727	9827	6456	10493	374378	4598	506	10019	1337	25842	6206	56132	51294	7475	9917	148479	90231	6230	80212	170685	1621	84612	116138	5623	140901	25824	59353	79575	1315	92154	79589	1022	8933	10220	4829	25934	27348	83442	8804	5202	167410	84249	134829	54212	53358	81928	114134	57182	9531	11096	401647	342357	2776	22986	57497	64645	124044	2539	79699	55450	1040	151636	165918	23379	651746	2173	22853	158405	139411	254065	5092	10369	51435	149603	23235	57684	57687	144699	2596	253152	55970	10690	156	81876	58492	155382	148252	3350	22882	54494	3739	9951	57118	80258	3768	80757	400451	100130519	23424	9901	55534	56125	55924	337876	4541	4513	4519	63906	4536	4540	4512	4537	4538	4535	4508	4514	5089	3133	100131897	285636	57523	201475	113219467	4539	400798	255374	387804	100287898	51372	150372	100509894	142686	10687	5032	57132	23741	100288846	112267983	100287042	9554	101927559	105416157	8123	100862671
gtex__hypothalamus__M011	5238	1495	1356	10079	65056	1606	6620	6557	7163	27098	11158	102157402	5744	51290	79175	25977	23543	1690	51292	4168	2717	51172	5157	55174	23770	2889	79991	8787	5889	116369	23438	10641	57501	271	51086	3964	4179	2891	92	84266	158046	6627	2874	10313	79572	51535	91543	285148	22873	79621	23452	79969	57569	56924	60314	6252	122953	481	1382	54438	55869	54886	22948	341880	113622	925	114928	755	11094	4061	80228	1173	8880	80128	29896	2203	120114	11092	138311	783	57171	26580	4992	388753	521	53917	598	115196	283848	84153	79077	55343	50863	28970	128989	728621	2563	131034	5657	444	3995	348262	728558	144448	3112	100506365	107984813	100507534	100885848	79917	100507032	150244	728411	652276
gtex__hypothalamus__M012	8813	151531	4257	51534	54896	55718	55749	55650	8611	26986	11069	4650	402055	9675	26015	6804	9126	27077	7915	7265	28972	2744	10190	51102	3925	5887	56122	84930	55269	25950	51141	8678	51234	56984	6388	80896	86	2542	839	64062	91833	2108	64129	1513	56950	51125	27295	528	195827	11080	836	51271	139324	145581	382	7465	6447	6632	79089	65008	682	653583	7298	54503	253639	140739	80213	84527	284338	643155	10210	91966	919	90333	6992	255919	51451	152098	1427	387104	729852	5863	81567	100506826	57461
gtex__hypothalamus__M013	5976	1890	22911	43	1471	65990	79006	166	27113	10430	573	3257	5216	8992	10675	8704	27230	514	23096	2868	92675	55321	10365	8924	1854	50632	54958	1349	80758	84330	81873	3795	4704	2987	6637	165257	90113	3486	56257	57700	122416	3455	5745	10603	11282	6132	6154	79656	51375	10109	154791	55897	29123	57348	284339	94274	2495	4054	440957	284004	4696	51282	28998	23015	1479	284207	80324	57104	9377	51333	283989	91689	64061	2826	90135	122622	6613	9045	4697	142678	90196	727800	6827	100505771	100507588	202020
gtex__hypothalamus__M014	114879	3757	949	65993	3781	7760	7051	1384	23351	6901	5127	56061	54108	56961	58498	81619	10342	3485	1647	9034	1211	23363	5269	2671	25796	10155	84152	1284	10505	26056	55654	51131	53346	9550	90634	6187	10040	90580	51686	201780	220869	196743	5937	9844	134	118881	5654	6137	90990	374875	5604	286046	55657	84331	148979	2885	126003	168544	71	7625	84856	9742	653319	642968	123096	112770	503542	8293	51157	644019	284184	439994	401264	101927021	9551	112268241	79154	110806272	728743	84809	84773
gtex__hypothalamus__M015	114881	7384	8193	58525	27095	84256	57418	79658	6389	8544	8079	10914	29888	9463	50	171568	10419	54976	25839	64788	4150	6810	2217	1155	8896	3614	4048	10067	10327	81847	8702	51614	84286	5300	25953	26297	5819	55201	10422	4294	25926	261734	26284	93611	54606	2766	22980	112483	114804	10899	81786	221960	9203	57325	7108	56172	81894	347734	55698	7791	84446	622	91977	9382	6919	25855	653440	1397	150209	10587	79581	11194	401431	4722	6150	768097	101928174	692247	101928290	388021	100506581	108783654	147727	8148	119545628
gtex__hypothalamus__M016	23129	25960	54884	6949	55160	55696	4849	55245	81857	23080	7511	80279	3312	1181	4953	10560	57035	25936	55259	26190	79934	79072	56731	10616	83786	1678	3663	3949	1786	10401	55544	80206	63971	79675	6601	9520	149111	22874	871	84159	10482	113510	1879	58526	118490	148137	84879	7059	8233	1677	57834	257194	257364	64787	124842	716	10078	11187	84065	374407	3064	645811	613037	9909	3104	338799	23053	6293	283089	101927612	390595	101928847	100505738	107985115	100134869
gtex__hypothalamus__M017	115703	51603	27440	80216	29090	6624	9933	65094	7597	5684	10278	63935	284352	1822	168090	11120	92840	3399	1788	54853	84068	57510	7270	117166	84929	3996	4678	27202	8870	4060	89910	81615	112495	127262	84124	25946	115209	284695	130557	81789	6522	402381	91949	116840	118812	198437	7572	729092	5916	84922	253650	2894	2130	253143	374977	390664	159013	3858	10123	7169	5455	6015	7923	56114	2013	100188953	101926907	101928725	728888	90024	109729181	118738	3012	117134596
gtex__hypothalamus__M018	7105	64847	51096	2067	330	2896	55663	22929	9524	10043	8131	6387	4790	9049	30818	5510	6421	1509	10808	51123	80148	51604	55154	10142	94101	55860	6117	51805	55362	7286	129563	220064	7508	10785	90809	79759	375484	84287	9662	11022	8241	84206	51807	885	2870	7918	29902	442523
gtex__hypothalamus__M019	55743	27327	6598	23759	55687	5608	26511	57448	65982	9584	55814	83940	4253	57685	131601	840	113174	51031	129303	79612	200958	9735	1773	114821	105378580	27297	8641	100507118	93429
gtex__hypothalamus__M020	2978	5283	5106	55294	2597	6883	91574	144165	84553	1006	115950	1353	6902	79703	22906	29110	752	389073	57209	353	100130311	27040	55670	151484	11344	90499
gtex__hypothalamus__M021	57167	140862	1428	921	56751	644524	3169	56259	4010	6751	55784	343472	340419	151242	4009	5308	11082	5015	166824	340146	55010	390259	253017	100507562	100309464
gtex__hypothalamus__M022	55049	29781	23011	64983	1075	662	440073	83852	283537	126374	51093	79034	26097	4745	7439	53343	64837	6199	57801	339192
gtex__hypothalamus__M023	9399	5595	1760	84167	57794	23113	2762	2185	51295	23404	9633	51103	170954	57407	4714	2801	339366	140691	83694	2738
gtex__nucleus_accumbens_basal_ganglia__M000	2729	90529	1080	889	5893	23072	90293	3382	57679	8837	10181	6542	381	204	23028	84254	5965	7982	3980	84058	55904	57414	25998	3675	6833	10368	2115	55750	9855	10926	27072	9912	60528	85477	57787	5048	8522	4145	9254	8938	6853	9043	4784	5310	23221	7812	10747	51533	22955	11313	1185	26993	54799	54476	54902	5725	8193	9066	1634	23177	57146	57658	23324	823	10463	637	9782	23386	27032	1591	4331	9369	51507	2554	55655	57210	55778	57476	4719	11215	51022	25901	3298	8630	10953	355	5583	55591	9519	9774	55334	286	51306	8498	57554	2530	535	321	26751	7414	8439	5981	26009	9099	27430	23274	79567	27067	5874	9440	153	64848	56204	7504	4134	57120	9734	55885	23196	23518	4254	4052	57492	81037	23327	27122	5601	10198	54477	6307	55761	23105	1112	55745	51742	5798	23095	23224	57475	10079	140689	84957	26999	58508	114800	23369	5318	8975	23200	5218	5923	816	55718	493	5128	6515	5662	55359	55650	10076	23504	11178	10787	2983	10188	1001	84649	4058	63916	81671	124925	8776	2817	3029	51768	10347	55711	5378	54887	3843	3735	23536	55248	9892	7089	8621	5141	1496	6602	4802	25791	27107	2009	4649	4756	782	7813	5315	7158	5590	6857	89795	492	55593	2182	27238	23250	3796	10235	57560	22933	221395	10294	8514	10060	483	9488	10681	4925	6710	54916	10640	4335	79364	440	1103	815	490	6196	114049	26528	29894	55117	51109	5566	87	27330	26469	6720	64398	2011	29953	23291	10335	8907	6605	10979	10129	8301	4905	23332	5522	55421	771	11343	55205	51175	9671	3785	8672	27332	119	9462	7587	4140	27092	285527	1739	55973	25956	9733	22920	25930	4292	113235	22978	4162	6813	83992	23032	1641	1781	54518	10003	79960	2260	4133	9063	56922	54715	2782	117	9452	7419	5108	9139	83737	862	7145	29843	2222	4983	3835	2037	22999	8671	6595	1136	5891	1005	57092	55218	4208	79876	8555	65985	9812	4200	55322	905	1310	23136	1741	3776	4986	4779	2932	3693	23085	11342	79728	57226	3842	5026	22894	81550	2195	91746	84273	8668	3030	22924	790	966	546	9522	57531	22911	22996	55054	55624	8438	4799	56605	79796	8898	43	51593	9489	2775	55239	2778	10059	51290	339175	8570	2036	23348	55608	1795	23368	9762	27131	84678	26074	6175	22895	2521	9843	29965	23193	57062	55760	8425	8812	29888	8646	9727	2802	8761	84196	2734	27327	10683	114882	4897	3912	5172	1738	23335	23231	51168	83394	84502	51310	23256	55632	25831	57556	54822	825	9209	9117	139596	51430	4436	1725	29911	10580	53904	1390	114327	3983	79956	23031	1153	4670	5442	610	5064	29801	23384	51386	4809	9701	6305	1727	23551	164633	23543	8897	4627	80020	8664	79734	6767	2033	5905	8814	51199	114088	80821	10598	9517	3705	5494	1983	23405	4522	7443	9252	394	4792	9837	22981	57446	80336	1477	8480	24148	26164	4923	1137	1917	10139	1457	9751	5173	9371	128866	140679	79913	56853	9658	23347	8731	8715	11201	8780	1478	412	4281	9949	10735	4168	5358	5931	9016	2332	10389	7355	2010	5230	84061	9468	2245	54602	22862	688	55578	23295	5595	5257	10204	9688	80152	83752	80777	79726	83693	4363	408050	1186	79791	7329	1428	23062	3163	653390	23420	79719	10391	8925	123263	8120	23205	1512	7082	23312	23678	79848	79752	7976	4683	793	5862	3646	51366	23484	157697	4741	7991	427	1891	6625	1209	2068	147700	166	22870	93145	6511	898	92609	2821	9253	11100	7297	478	56917	5802	1954	3978	1628	374882	30000	5296	23373	93436	79036	6324	2931	56006	154661	9512	10135	79872	4967	858	64327	10049	23554	8887	1124	2887	2617	1395	5803	8976	55131	3268	1174	113263	9678	54664	54927	51422	5425	158471	7046	727	7091	26468	22949	64420	55664	23081	1993	57582	23586	20	54926	51010	11196	11101	59338	10367	8729	57584	22852	23185	79991	114815	9211	28964	7343	4591	3837	9570	8402	708	6603	27077	55813	40	79132	64750	9343	1949	7531	26118	90410	64854	1998	27309	8821	1182	23321	57620	2743	7358	26610	8882	7007	54414	10938	55291	9379	3263	22897	26273	6506	975	10944	4928	11234	2965	5715	8496	65981	83892	9761	10645	341359	65117	79611	51699	80018	5985	22818	55832	5869	4848	8914	4839	1108	2784	56994	8078	2026	9847	1911	55188	79632	4121	57515	135112	9750	4988	116369	6428	221692	221662	10486	9439	135152	10767	9896	57221	117247	7957	9444	10846	84498	6722	56940	2762	26054	2030	3910	57666	59084	55914	3157	23530	3313	23107	6678	3156	10087	8622	9685	2566	900	1004	6500	5515	80006	23286	9555	10915	4090	57222	8992	80315	1627	90249	10051	93973	84100	51421	3836	55186	7029	11235	7375	8087	55081	2632	23150	523	7348	11222	57599	64689	7433	4820	27086	1981	6787	55683	81562	150465	4691	10096	57669	51277	2820	90	2976	29959	51130	25801	79745	55704	10314	2202	55120	6772	2744	23301	8869	55818	51652	7475	80146	23178	10494	22930	8604	1615	6432	390	7072	4780	2956	65977	2043	7840	5396	23341	79906	6342	55103	23463	57535	4985	271	51102	5906	64766	55870	58512	54856	9181	85440	9829	3953	9927	9295	23207	7709	23046	55700	127700	4610	10000	81849	23266	117178	57576	6513	9670	8503	2152	51611	58155	163404	9890	23443	55758	56181	79947	8289	5511	114883	1509	4297	23271	1385	8609	79630	23120	9789	6785	27145	1268	81573	84251	5325	4602	26234	118427	6696	25782	7347	57539	9330	23314	9270	23307	6418	51552	4702	79109	8013	57706	9480	91754	9870	27030	5826	58517	4329	2103	51004	10936	1788	64225	53335	9419	4601	26123	284058	399979	56243	55068	11193	51780	83468	4801	51019	317	1191	10174	23435	943	83690	8405	10237	80218	7750	64786	576	51538	2170	51193	22865	3208	84248	57179	1314	79903	27241	55975	29960	1271	800	1959	8034	9559	11113	23389	11228	8082	11059	5585	57213	540	57486	80760	55709	51209	79828	79809	130399	29994	5208	2181	10564	6780	10617	8239	6903	81578	9208	7471	583	84899	7737	23163	60386	84172	2892	8189	80025	284800	9491	10616	6238	6629	128637	10893	8894	11190	8242	154796	3831	79414	826	10054	117154	171017	2002	3895	112849	22890	55288	8021	3188	51309	64768	64919	5908	53834	23352	50809	79939	63922	6597	23030	5782	5189	57622	85378	57168	25775	135	92521	5420	93986	4698	10651	1123	55930	1854	54982	10776	54832	4016	9526	51105	83448	57509	25983	6397	23383	79057	3741	8881	51337	57631	1804	9667	547	84705	51690	51429	84816	83861	4301	23149	170463	157922	6295	1571	6874	9885	445	10585	23211	1786	6535	139728	55422	7776	4037	7317	23345	84905	23229	23199	5119	80758	10487	64432	9467	9779	64145	6533	3748	94030	54882	8500	10948	5914	64087	57343	83636	2643	10489	23225	23167	55037	79781	8864	5791	23277	64208	1644	26057	3691	54739	1742	54496	23208	3508	9633	29958	51761	10208	10810	1131	4628	9201	55859	201266	10250	84250	23037	9215	116988	57180	91298	79572	83857	51520	3612	23075	406	81846	9645	3295	51669	57578	23508	1965	9811	891	8536	25917	7428	10752	4212	89978	55119	6272	10390	10717	56907	377	79022	57498	4613	23175	129607	63982	3572	57614	84893	84991	284252	91768	2012	51765	9698	51361	51444	55250	1837	747	9415	54841	7174	9743	84749	50640	6733	25821	577	3351	80759	10492	57231	51317	55226	4076	27165	3679	116986	2583	23416	9053	54806	23493	5570	85021	10574	8291	2799	1368	6553	80003	2752	85397	9857	65080	55619	57695	3300	51455	26122	50649	55681	11137	5100	26586	9882	4008	9445	1102	9771	1607	28988	10241	6426	83990	11143	6434	6326	2058	55627	84317	56262	51759	153090	6812	7099	10868	84253	1515	9373	3590	152006	347252	55667	116113	63027	670	8737	9656	129685	51439	85462	4926	54843	27314	81796	23213	4750	5962	440279	79811	23005	54839	3706	80021	56924	102	54816	8412	54874	9411	8634	26160	10669	109	87178	9581	80204	6496	10128	1838	10579	403	310	22891	6775	79800	29081	29789	6744	10152	3685	55032	26035	83478	10144	55435	153020	22872	84162	658	8654	80144	950	57619	79807	57117	5530	23162	283358	51067	58516	53919	9746	196500	374462	1848	121441	9815	9818	9107	7786	23344	7009	5925	55206	283385	54509	64062	4857	376267	123041	7453	81614	9990	6652	11001	7090	8125	2108	49855	59274	7168	55180	5428	4916	64784	5373	79068	7385	3801	1009	1012	89941	9611	57336	10140	55275	9905	9520	1213	54828	6875	2774	55197	114876	409	396	10966	57521	494470	54808	115024	773	90378	4782	91039	351	9980	59283	10498	23038	5567	5451	9970	27005	5546	3068	27	80222	81609	4170	5298	2029	10500	23126	3756	79805	55061	7159	9898	25912	6016	65123	51097	1130	9859	6726	4931	3707	149111	8497	5778	27436	6233	51057	64969	3899	8502	6323	57282	80856	51454	285175	2177	9686	79137	9125	57574	114790	80852	152330	114884	84892	115286	9039	91775	285282	57552	9515	9353	90113	58478	6622	817	287	54532	92345	55016	285533	285440	10299	1016	6502	5295	1404	10184	23262	5066	9140	23092	9879	153830	2561	78991	10814	57451	10667	54901	285855	51390	26230	57583	9589	221806	5814	56996	11011	57502	357	30011	8573	8473	5631	3358	27316	79648	55909	6770	6867	54904	137872	51110	7013	6129	55638	1807	29967	9166	8667	4715	80728	4915	2934	114789	90678	221074	6935	92211	2746	120	9118	8038	8525	10480	6749	92105	5058	4684	1813	4863	472	26007	9538	84623	84866	738	226	8448	22866	143098	57626	55208	23284	27250	2823	1740	134145	85458	3708	57512	7068	89910	288	4143	1977	9223	1456	9472	2132	10873	81792	55691	2059	23310	143187	79691	1814	152485	4306	54842	80014	387923	2674	7073	130340	9910	79596	2895	498	55521	5213	114908	2893	4154	133686	10309	10160	7402	5796	9453	51351	9412	5352	166647	9425	23589	1601	3192	10461	84910	5801	130940	5937	6328	50807	22878	25827	5789	154043	80790	9320	140890	1105	116150	26256	7070	84897	1010	25890	23461	23043	728577	8470	4685	80746	147495	51560	56934	221264	5799	55529	55326	64210	55361	388272	4343	55027	23367	9337	2890	285172	65062	56776	9844	10670	92370	6503	116442	23426	3798	23362	90550	145483	3778	10600	9791	6832	159090	25921	60685	27020	23522	137970	23355	701	9372	491	6529	6854	3084	7804	261729	23648	9069	776	3815	54768	55799	54778	4643	1859	2078	2114	25966	257397	445815	9162	57728	121665	64897	26100	127262	55179	8450	26053	57477	23382	9334	56946	137964	115992	4681	3362	8703	2039	84134	57805	57685	2035	79053	54461	8867	6651	1827	23515	201176	5692	89970	1636	9813	6002	29	4882	808	55108	8997	54020	5900	4047	5116	23181	138162	147746	23387	6294	103	1141	10712	151903	54865	51160	9684	84449	84988	8878	6132	222236	1857	93099	4868	115399	6427	84765	284361	91010	29127	1973	57465	22941	81570	2785	51727	5563	57190	205	3716	84328	5928	64123	22854	148423	10092	93185	8682	5824	79762	148362	64216	51127	27185	347730	3754	3760	7447	130367	56916	6944	10602	152559	118429	8545	285203	317649	80128	10109	7203	152110	64343	7048	23122	100507246	151987	57577	8618	23001	132204	6314	166336	85443	7871	323	78987	23350	64419	11073	54861	151056	56992	51304	54585	64769	59343	55764	8314	7086	26354	26043	133308	10424	327	256471	79012	84315	80335	79884	55314	51313	54726	90826	153733	134147	55255	3360	253260	167153	23305	2898	167838	23366	348980	168667	222223	1508	5828	5885	27012	114788	55074	501	7534	25879	55656	54704	91147	79698	26130	65268	538	7415	84720	94134	83550	220963	9147	84881	509	8559	7417	23172	10495	23203	7248	9790	64745	57447	55088	143872	145567	5702	4745	3747	9702	11245	112937	27079	2200	654429	8945	55323	9318	2562	1200	3419	6764	222865	7702	5579	50810	8509	7084	7184	144100	9640	9665	23306	23339	222950	115752	23582	4088	64400	2923	51704	26263	125336	84064	146713	112476	4218	2879	126306	29123	784	8085	114823	10653	90522	80700	10501	7775	6730	7083	21	23524	2495	6520	26005	9881	199223	10980	4992	3761	55209	3516	55788	125488	28511	7266	359948	3800	57215	3660	11273	23255	6774	8754	255743	9677	27065	3354	55308	153241	2915	7386	367	25849	7336	23099	126129	23214	5865	10636	53917	7881	9197	25942	6335	6383	93380	196074	9839	23119	2194	64118	9079	7360	84894	1501	163590	51621	9758	7532	10477	58485	285596	9283	201931	84640	10015	10491	4798	4086	2018	166614	91752	55890	130827	222008	57148	4862	5036	79071	5209	5272	6773	11214	79145	2850	9788	26115	90161	5569	883	4534	9655	55657	81603	81831	4884	50515	283455	8941	55144	59350	5356	22883	51523	2186	57449	55729	203859	10243	23261	2628	83695	4300	5728	83660	51030	11346	83452	9451	54205	10605	140733	253782	8708	10231	64137	2783	9854	9915	9338	4299	54971	3054	10125	1072	283848	26960	541471	10524	10777	22992	78988	65059	111	54625	91683	2804	49854	256130	10534	5797	79834	90441	1106	51134	57674	23333	6712	27333	285704	23269	54872	10594	128439	253959	389524	488	55055	170261	26047	442117	158038	582	10260	400986	148808	90806	124152	11041	6138	6731	9610	201626	51319	81490	26470	155185	344758	170506	1488	9435	125144	92369	5095	10025	9776	196996	56674	56675	5771	4023	64770	79772	57628	5870	146691	122046	146712	10458	54084	63893	150350	339344	25914	54993	79369	163126	9699	84277	283377	205717	83869	284424	2902	9240	140775	5426	196527	157807	6197	80205	347862	493829	3737	7156	253461	64110	125170	266812	7182	10425	79751	79718	23283	79605	25945	9772	3766	140461	283417	92949	4291	9659	63917	55175	404217	2066	23512	57184	4351	646023	399668	7284	127254	80169	160335	285343	9500	23241	285908	242	3352	201164	84232	388394	154664	7710	22864	9378	10194	66004	386618	284071	374986	85453	8334	374860	64388	84698	23513	25994	79813	64219	5179	219902	23109	5912	6448	54112	205428	414196	10193	79673	55228	51363	283989	401036	2131	81532	338707	8905	785	122553	55666	439921	6304	23236	4692	7267	340146	55794	6000	221178	9112	23705	161	6546	18	150084	4703	64478	2842	5877	9802	27439	158358	339039	57634	51118	54039	23194	56941	57528	89876	146754	5504	64061	5463	5587	254887	256714	645974	162239	5142	4753	138046	5413	7327	79135	1812	155435	3714	752	7490	646851	6092	26985	2157	389257	56899	57419	255275	3297	283820	8558	5071	266722	9146	25840	54072	4582	26013	9899	5592	89782	5034	54014	399947	56479	79581	84197	257240	5727	55599	23299	84631	220107	10623	57496	340529	2558	4675	23621	728621	55922	3840	4674	54331	27445	23040	84981	80829	139599	613	53373	79955	4137	164656	23270	2650	91404	79659	222194	9863	375612	51547	7874	28986	26059	6572	2563	10507	29978	51463	5359	1121	57186	345630	344838	51114	643155	340277	144404	23029	388336	387921	149297	339287	120892	642938	26155	23036	5649	9516	23450	54510	284697	132660	23254	23708	84933	400745	11122	26010	90321	9901	284443	2917	3376	29068	1604	131034	55190	222553	51466	51434	60312	399687	165679	4122	8912	23654	55684	7582	57473	4763	1612	5456	961	64771	150472	6334	23365	2316	100129858	199704	307	11152	51108	388566	163227	85379	1778	5094	80055	400720	5718	140688	10438	23061	8831	84301	79027	171392	6584	104	54798	55753	373156	4644	10533	26037	57799	23556	284370	6709	197342	92283	23315	339318	4641	28512	6687	26052	55035	9228	140885	9814	57209	27300	57708	777	54870	5178	340578	50618	4914	10724	7620	158586	83699	10230	51062	11321	285989	7919	987	4326	10920	6262	27347	9652	286319	124930	10497	22834	26049	29883	283489	22876	4976	6263	112970	51714	9853	57713	830	9055	4215	221002	9937	57692	134548	1756	9848	64423	84288	9293	387066	55251	286411	221424	340543	84243	26095	1797	55777	4439	7920	7917	7916	730051	440894	90333	11138	653316	2550	642475	1639	79600	390205	79583	441054	286144	644096	5150	6643	54458	100144603	1375	100506731	3150	414918	101928906	8110	9946	403313	100128788	10921	220164	100128714	131405	23243	8292	7247	339263	441518	283673	23636	22828	2532	10962	81890	84986	5500	100996307	729399	3672	646951	51400	55384	64506	400954	441204	196913	285830	84461	134111	440270	1654	388815	283514	400123	100131390	729852	100128264	64641	5520	388948	112597	728190	118460	642852	101927027	347549	285954	100874055	285878	100505996	102724691	102724224	729467	101410535	401398	400765	100507171	101060691	100505641	440823	101927621	107984921	389634	440465	100287722	100506714	105378763	107986806	339529	101927084	101928616	400619	100506810	100131208	100507308	386597	100505566	124902439	643837	642345	100506274	122539212	105372753	400604	6315	101926971	100506679	284798	100131244	105371450	414777	100132948	729582	378805	101929302	151484	643699	100506930	100129620	101927560	729178	101927289	101926913	101927554	8629	60674	105373507	150568	100507557	100272228	400242	100507582	284900	84968	105371574	100874058	401491	654841	339789	100131213	415056	1159	100506866	101927924	400958	100189589	101927609	440132	90120	158	102724019	100507642	101927056	10093	8577	100131434	102546299	727956	23600	347689	57553	56134	84450	10137	10443	101929066	101929595	645323	100129203	643911	101928053	338817	100289274	101928509	201853	101927233	654790	283731	104310351	102467147	441369	56138	285626	25907	101928174	255167	642797	100507043	101929176	339874	152742	6414	100508120	100499177	101929709	85358	441046	157627	100127983	55000	107986898	440138	552889	5591	157376	105376541	101929415	91056	54551	123466203	493900	55845	101929473	399959	100526771	254559	400046	23642	3145	26065	100287944	51750	64150	6038	90799	338002	283547	105370648	729911	107985879	101927751	642366	283710	791114	29890	105371240	343702	103344931	101927957	106456574	148189	283887	105371735	100505576	140735	400612	23380	57597	83593	80755	339192	100507218	100996660	728752	100507433	101927151	400622	29057	375196	100505761	400818	122539214	152217	338758	283483	11165	100101267	107986100	101752399	102723582	107986163	80039	26220	2904	112441426	105375519	123624	389856	100131997	390660	57223	57636	11072	6871	28755	641467	389741	79893	31	728317	102724859	283267	101241892	100846978	100506710	100507173	401442	729732	130932201	112694756	100506207	55056	124903183	105376121	80078	105373289	29798	105376381	100129223	101927278	283045	101929748	122319436	105378355	105377294	106660612	100133036	107985911	100131998	100289656	100132341	728262	132241	400322	388165	286554	246126	729375	440248	5387	102724316	728554	728448	339483	554236	493754	2630	64940	5380	440934	100288175	347918	654466	442524	692099	6648	105373383	399815	79986	80862
gtex__nucleus_accumbens_basal_ganglia__M001	55732	57185	3920	55049	6863	80853	55001	1951	4257	51085	4057	2137	1774	1355	81551	56981	11285	578	6301	9172	7204	11284	54896	54875	116984	4826	51564	65056	79763	57143	8625	11218	6882	7629	4913	1606	4904	60487	55623	30836	57595	55658	998	10290	9744	1400	56666	57719	55160	6865	29090	27091	23016	55094	5909	51412	273	5289	8871	51150	114880	10590	22839	56113	5241	54437	23033	10998	29992	4680	64147	6614	55968	51605	5349	51650	4708	23428	27285	10013	990	54187	7093	25805	55168	3594	11332	56952	7593	26517	8220	89781	1565	150274	23170	25813	23313	9978	171568	9889	79609	10490	1113	57452	8106	51550	9985	5875	26133	51098	80331	10732	55738	79133	25939	3420	7125	55125	340554	10084	56062	54457	51260	3299	55815	65057	54985	58189	64428	65990	4682	9780	10423	8669	8797	27294	4858	6618	6217	6223	7087	9266	5518	23474	26959	6804	2051	84182	6878	8985	10467	4969	944	56654	320	1855	83937	1787	64115	10360	23560	26098	51195	23125	642	51003	6945	10014	26151	9094	26511	4126	10227	3083	23130	79080	9828	7379	9600	1119	10536	605	81029	217	2054	8683	26127	55856	730	1007	10307	5144	5810	3274	7337	1716	51011	2888	6711	550	27429	3336	10058	10153	27101	10625	10745	51463	9129	64175	8643	50999	9588	57488	23184	6794	81847	5493	80212	11064	56252	57862	114818	2281	3433	79591	30819	1394	56122	55268	1	29990	113452	84083	9956	11155	54537	57489	10124	57670	79039	3071	29078	10608	84080	90203	5335	60437	55653	4201	9521	1948	399512	7270	57187	80207	7692	11034	23263	10870	7067	3276	5582	10436	10245	2123	7979	5471	80115	51691	6183	50940	94101	56984	6192	25759	6303	10452	25873	55695	81	4705	26152	59335	84326	56342	54897	126299	1327	116983	79412	4148	5901	85013	3021	51308	51388	27183	23164	79921	28992	84626	694	84332	83876	5738	51303	3939	9704	56	92558	9924	10505	84284	10228	9290	79074	50853	2317	11061	51131	83605	1101	64844	26750	55339	2572	23392	570	113220	8818	7507	81873	90871	51754	25844	10817	8870	58487	64776	6176	51332	51626	57575	1062	8499	92979	91012	10150	161253	122481	10363	6457	497190	8720	51651	10650	6904	91978	641649	23410	1291	126147	126374	90580	51070	57333	10256	6135	8543	57645	22874	10130	51542	84696	4211	9391	23020	113419	2803	9711	275	7873	1609	91272	79930	401262	7162	253714	10957	154214	136853	64599	2846	55086	139818	91782	414328	210	92715	818	11023	282969	54805	27315	7761	283212	89944	9651	220064	775	54995	121053	83643	6868	291	60485	91409	130074	7518	284312	3087	9481	124402	26207	81559	522	2551	201163	65258	122402	7381	3788	159091	9941	3361	115817	4599	114793	388591	3017	8365	129531	9542	222068	9753	85414	124044	51735	148523	11189	117145	388284	55721	56063	23076	8566	326	54058	126526	9592	10898	4796	54784	84911	246	124093	7627	220004	283130	54987	4116	163747	54587	9077	91624	284525	128308	112942	129880	200539	84818	130557	131601	348807	84448	9255	5364	11341	26269	10085	153396	27089	57107	6208	285613	54468	8323	138716	6619	55335	364	65083	219681	51084	220296	221154	55172	11092	90809	53981	121457	7753	119032	717	119504	81832	114780	201161	219539	125058	4597	84940	84807	374875	283248	11314	10476	146664	25837	3921	5871	283234	5368	200845	4336	80346	6440	9796	2339	29100	123355	80723	5480	5604	79663	4330	284004	201255	10555	131616	114825	136	7200	55006	84522	64080	9427	198437	6919	8841	5053	93426	2845	566	25988	83886	150678	118487	5883	90288	80011	283985	254122	23491	8824	156	340252	4580	1163	153770	83591	7388	81033	26996	84733	83759	8557	2787	283951	219833	148014	9024	11146	10897	2523	1212	80227	6199	22877	79898	9832	286262	112869	284358	23141	84942	64787	203111	51046	222183	6232	340152	196403	2907	59344	79730	122525	81858	161882	340390	55017	118672	7054	124512	389197	388341	100287171	51649	5571	91050	219790	28955	23641	100652824	23265	389075	29035	100506504	2130	145748	2621	284656	441061	64410	390928	148641	51807	256281	6900	11066	340542	1850	340061	124751	23762	1133	8694	7469	100130771	147111	8651	283643	374395	256329	8788	10336	338657	283149	252884	114826	116985	147645	200728	349136	5757	374407	125704	3006	342979	126432	285093	199777	137392	284338	7784	3014	340719	613126	10811	441168	374897	1364	401994	6829	283601	4311	387601	162993	140612	9260	160	92714	6714	113835	146540	400931	135398	400591	91373	79788	142678	4828	222662	100499483	121504	85236	282890	440295	127687	85028	90987	65992	339541	2153	5365	3897	100128531	503542	619208	92565	134701	2664	54923	100133077	83849	10471	80863	80741	199	440051	57540	3134	444882	138715	9289	4496	100128946	79958	10215	645426	3105	50840	1427	84960	6827	4056	51239	3073	27040	2592	730087	29803	157574	619207	728597	109286553	100506302	51025	25858	100125288	378881	9842	101928527	105378147	440498	4050	105376292	91316	401251	100861510	105372971	7503	105376736	105370670	101926964	101929147	55853	201229	100996842	121853075	101928000	101928537	389023	90673	101928335	100506469	154790	339400	100507398	751580	105378828	100132273	441094	729993	105373390	9884	23547	58496	101928085	100506994	23761	5297	25764	340526	64968	9054	1650	147007	152206	284080	55766	100505678	100506668	124901151	100129917	90342	90423	100287592	101928136	728888	105375624	100130155	100133315	90024	100129129	127138868	283177	286103	59348	56242	100506606	105369758	643246	283624	100506071	4157	79178	26589	100507588	100506070	107984827	100507599	23246	105371286	100128881	100294362	339290	284395	54460	100507373	105372419	115290	101669766	100129195	401612	105377633	284021	84740	123706513	114791	284106	29964	283876	101243555	100506516	285796	140	105374338	105372079	145783	117134596	102724156	56260	90499	54055	285905	155060	652972	91695	645784	138649	130872
gtex__nucleus_accumbens_basal_ganglia__M002	81887	56603	10180	55610	1856	10943	23077	55735	29116	9862	7095	29954	83932	25900	3097	51099	55703	9604	25960	6683	2273	9921	64429	51071	11171	4285	10908	56052	259282	54884	1495	168850	51528	9498	23223	27095	10806	23201	57602	6646	9474	57504	29927	4659	54432	65125	1431	10838	22998	5476	9627	4638	119391	55176	23216	4287	9950	9650	5255	387	865	55133	27248	4734	5597	5217	9948	79658	7037	8243	51095	6557	23151	60	23609	7163	5915	7155	57103	5527	4898	27098	9984	6507	8556	23152	1653	56650	28962	11266	9689	7514	10464	56910	7760	8895	2060	55230	51194	29887	80271	54469	56970	5705	8602	51637	5744	55741	10961	57655	10558	51726	16	3183	9878	4214	51322	25	11018	23786	23523	23759	23598	9463	23351	10419	5836	10175	51382	5684	9786	23002	79882	89932	23613	23394	1522	9770	81502	57144	10528	26051	9218	286410	2259	81617	26512	10664	79650	29070	55697	9100	5934	23322	57020	9810	55192	50804	6422	55284	6788	54332	55156	64089	4125	4924	2997	54938	81857	208	58509	54531	2901	50617	11112	835	24146	95681	54662	57589	5599	219699	657	9562	91452	7511	8036	8453	8787	55163	4927	1655	4355	54868	5376	4790	7323	5602	2549	11275	7466	7468	83891	29118	3312	28960	27339	26973	1982	84680	4891	10988	4048	55110	56890	57122	5992	4739	26271	4172	26268	60682	896	6908	55754	8899	7060	29102	6897	2246	23398	79770	5917	1452	604	25852	54946	57088	26084	374291	64895	84173	2677	10190	23451	25843	84812	3069	79954	151393	5334	9167	5000	1386	4139	9731	9528	80267	81563	1429	339488	4811	3964	51440	57568	34	10765	59349	4179	10560	1266	57035	57134	9331	64747	60526	9414	5887	5524	26094	55051	25940	54812	3416	3437	404636	10171	29126	5110	92344	6950	56943	440073	80209	1997	7181	9227	64282	11019	79712	92	5395	989	51251	65244	5153	262	4552	10199	4337	83732	55026	64794	79143	9349	64412	10236	4149	7389	83786	51119	10131	64430	286336	23065	23499	79066	10142	2770	8910	10739	813	3712	91860	9513	3609	81533	863	55274	25814	375775	23404	9473	25926	164395	4772	5538	10401	65249	51540	57533	23558	4678	56259	25778	23111	123811	84125	1875	22800	80017	8650	55140	79577	85004	26519	22873	3703	55312	9413	51347	6926	9988	60561	22881	6885	7024	10956	9958	54583	9470	1910	9805	54606	4711	57129	11311	10006	2800	54840	6386	5519	5495	79172	54536	471	55759	9101	81556	51191	3184	55132	64116	91445	23710	144402	121536	5830	6895	6601	54934	145389	112840	10516	6938	663	54939	10099	5045	79631	84656	5073	9785	5170	22980	5636	22901	7157	4089	6455	3454	757	473	79932	10026	57592	9869	55793	65005	8751	2590	29097	92906	94097	23190	79634	85403	7110	58477	81608	93627	57721	85409	23635	54826	81545	10146	7403	55869	6567	526	11160	54886	23245	56623	56288	220965	26091	118924	51074	710	79780	10525	57325	51524	84159	79839	84735	54545	1737	120379	64067	2313	2555	667	121256	29970	253635	26040	57724	134359	23171	24138	5884	10283	60592	55364	54463	55740	388650	30827	81552	51582	81894	29761	6566	79831	25769	9556	1915	3098	1376	84255	79623	84919	56990	60313	10020	118424	5316	6285	6464	622	160622	26168	51005	10482	6159	84447	50651	1953	115209	284695	10380	100288142	824	130132	80304	10611	2071	388962	132789	113510	55249	64320	79885	5274	3428	25871	285521	5783	201895	2992	114625	2982	80817	79993	84059	836	57763	134510	84135	7098	29896	23514	221656	2203	84457	123016	222389	120939	259217	783	84706	118490	80975	6778	6809	10982	5090	399665	83473	7644	257160	6786	7171	137695	1632	1642	1499	116071	29063	54899	8309	378	203190	60684	10098	85476	10251	65110	254778	7059	8706	1677	55031	2720	143162	10678	23204	143425	8493	79188	90338	9637	118812	124583	93134	2110	598	5621	361	6606	257019	257194	79694	93550	169270	1657	1717	4615	55731	5091	5707	6777	1263	163049	8722	253827	144577	57659	23051	3981	6124	152815	256356	79666	84747	116068	7525	100128398	55884	153129	28976	2885	7334	25915	54762	114798	117608	2859	284485	147991	116135	90411	387640	55432	404201	284406	29072	64864	7485	9798	6472	23336	342945	22906	9628	8241	285753	54880	100288332	114781	23258	220	401145	9276	23768	54622	79184	10933	5833	140691	84924	55693	10168	11118	3638	23275	642987	4673	152100	7100	79840	284434	3556	50859	6261	54413	79754	2547	2104	9612	55660	3066	6925	55532	7442	51321	147686	8187	92070	89853	128312	57181	221785	51703	11194	3064	57547	23334	23116	23127	9909	11179	169436	6721	339448	9867	259230	2812	8528	1290	7936	90233	6992	83538	6311	55366	613212	3426	4676	8293	10866	338799	11116	414919	339210	51024	96459	6293	221710	2074	401093	114796	100874222	64288	100507516	100874002	101927359	2738	100506365	161582	2342	6139	108783654	149013	7703	7772	107985115	727758	100887750	399761	100125556	349152	155400	57212	253039
gtex__nucleus_accumbens_basal_ganglia__M003	6405	51330	2328	5689	23542	9031	57467	2067	5010	1272	8540	23187	23154	58473	1244	6642	7077	3309	2824	1356	57101	7984	51602	23063	10402	2065	744	2263	79641	2261	2046	83642	8578	10714	51619	57455	23011	5351	55663	2346	55787	5475	118	7597	5996	2271	7018	4625	117584	7042	9942	57715	54209	283638	9127	56993	10633	3162	80832	5106	10398	3055	1471	10627	340547	2491	1203	11151	23417	8140	55313	26015	51101	7264	64130	1158	92960	4066	55621	7138	51231	84167	85360	1155	5438	10226	54922	57817	10282	5445	5764	857	23242	3315	4899	10488	23064	7763	81855	80351	219771	1440	5414	51174	9487	2648	51747	5957	80273	55325	91057	83480	6484	51411	4633	84727	9025	26235	7942	10591	4124	7265	4883	662	8287	79825	1154	83444	3485	9736	2274	51253	5768	515	28956	51107	8548	3925	29937	25936	7139	83479	56171	8727	10783	80127	84272	29094	91687	89866	8835	51123	57413	6125	51622	79586	60598	7596	88745	6631	8970	116138	54210	1026	79637	79144	718	56261	101410538	5690	5605	3425	5880	200316	58504	1032	27180	57053	54857	341	79016	25796	85441	83549	10155	57470	10882	8572	79228	10656	2330	3996	6737	23135	51526	163782	55425	10894	196441	1573	5025	1840	57639	4907	6610	27097	1593	64759	9238	86	29988	7743	10244	2766	81853	93643	11270	23787	10068	5861	118663	50624	54529	84216	84298	81624	6252	122616	1583	23174	6187	92579	112483	113230	148932	51093	1513	11221	57624	151835	51365	9180	55651	255426	4794	134728	116843	6993	222255	6134	92140	55630	10280	6835	286257	22921	80013	84504	133	871	10205	124446	2209	221143	132851	196383	132321	5281	150709	9050	9397	152137	255967	85445	26175	9653	4900	201134	118611	27295	64092	114	10069	219541	255027	4323	1831	90993	84262	150946	8764	340348	7391	65018	516	29800	9715	7773	23308	3689	85395	84221	6271	23623	4634	150223	29115	7398	2634	23498	5194	554226	126668	200185	201595	22950	54965	51385	202333	55798	80318	155368	4712	26050	122769	220979	402381	138311	116225	282974	389941	5654	6881	159195	51700	146227	4130	375607	51148	57171	56905	124045	55762	3848	92162	1877	132158	23192	624	51252	9836	388969	10791	521	79628	8233	5747	4881	83987	4493	4071	285966	83787	80305	94031	54360	2357	116844	51545	54811	5734	92342	4815	10201	28998	1051	375444	114900	8801	3603	142684	5499	10924	729092	80198	51504	22885	7423	29925	6573	3728	10209	9973	4878	54968	402682	246184	6051	56888	155382	197322	256536	344148	284207	441951	4808	56975	10949	253639	51272	254251	284241	2731	8225	284029	54344	1537	4261	222166	23526	401563	55783	64582	284459	84890	7318	51329	339059	388121	84851	131096	29796	8971	10572	140707	23764	51186	56901	254956	79943	374899	100129196	51082	84937	388567	3858	101059918	11006	885	57698	2359	2701	9742	64170	119016	387712	84527	284325	345222	134637	4128	12	9883	55340	342132	2050	284739	140465	79711	23660	147923	84619	91120	100190938	340385	5253	283420	27233	51441	9745	9086	92241	399818	196051	659	5089	643008	114769	7940	80742	4340	339453	55851	5699	388135	150383	100130311	401089	246181	727800	4539	81856	163486	9311	221914	91664	2013	339231	283	387804	730005	100188893	134121	163033	55672	284293	23467	221786	388759	124906608	107985246	84627	51406	728558	104355426	285758	100507057	493812	4509	146542	100506409	102723605	6892	105378753	105376748	6234	342918	644093	9278	5863	387723	107075141	57461	100134713	57026	11185	51537	632	285972	3109	100289187	720	101927612	497258	100506282	101929215	374887	124901067	25850	56108	102724064	103752584	109729181	101927793	100506581	106660606	101752400	100128822	101928738	10929	27246	284276	147727	109729182	100288122	388523	100507423	728841	123706533	100129550	100270804	619455	101669762	114841035	100289495	124905142	124902204	100131320	255812	2749	389033	84773	10778
gtex__nucleus_accumbens_basal_ganglia__M004	51364	151531	54879	65220	4190	10771	3631	84062	3757	8454	8440	6620	11158	51006	2280	54997	8079	57192	22861	2289	27037	9681	1120	51527	57820	26090	55245	6594	2717	8874	2138	9639	284352	4946	53635	79784	3036	23770	11033	54504	64983	2889	5532	54462	10612	57562	3736	23329	7167	7164	10641	9381	56655	22848	4209	10459	9887	533	23215	83637	57468	4835	63908	83541	9732	64753	10298	84929	55337	29893	261734	55860	10207	10313	148281	7482	2045	80210	28969	274	10730	9550	9856	79969	55605	144165	22822	122953	55114	10040	26502	4152	5211	85452	5792	1382	7170	8476	11159	6167	90060	3547	28957	549	25792	774	83723	5800	341880	144423	83873	5710	755	84446	55220	133015	476	132014	50650	51368	10559	55342	120114	158067	23423	197257	2801	79759	51693	51031	26580	89849	56947	10815	79740	53944	27247	1107	9229	55863	51013	27115	115196	7064	171024	339122	55871	84153	91749	79703	27335	286499	80153	100996455	64785	128989	7378	84319	83943	55015	7625	6450	11104	55182	284677	145873	170622	57591	6120	919	55219	64978	653082	10379	100130357	55670	63920	100302401	348262	57291	100506697	100506421	101927502	101928403	100506428	10552	283131	100505738	100505894	286189	105369329	84334	100506411	79585	100885848	118597831	124901966	260294	201283	114814
gtex__nucleus_accumbens_basal_ganglia__M005	26073	57709	27175	55609	55706	770	54472	50509	2512	79879	55954	27351	11255	79953	22850	27344	4324	9013	90459	5516	51398	6142	136319	10927	7464	8721	6456	9148	10105	10493	50862	56341	10019	1389	1822	1337	6206	51639	60482	6697	90231	10327	6230	79817	84918	63931	8161	10888	84612	401265	25824	79575	1315	26297	92154	5994	60560	4829	25934	1318	7274	1847	79180	83442	266675	8804	5202	8416	10550	6715	10769	167410	134829	6838	64405	81928	26524	114134	5860	653489	57338	6782	9508	375323	10163	57643	7805	55450	1040	8927	401152	23379	651746	22853	158405	64112	115708	5092	8642	2587	10369	51435	149603	3667	219738	8507	2596	148203	203523	127845	200407	57633	2788	666	8408	360023	3350	2149	5430	9951	5121	57118	80258	130502	80757	400451	374920	401190	388228	653720	55966	160760	55924	54989	9747	4541	4513	4519	63906	4536	4540	4512	4537	4538	4535	4508	4514	389432	340745	6048	390980	3133	7932	441376	113219467	388559	150372	645676	91368	10687	10637	593	222537	112441434	388610	23741	112267983	10418	100287042	9554	91608	11276	8857	100862671	728743
gtex__nucleus_accumbens_basal_ganglia__M006	799	53616	54443	933	9846	9765	3371	5733	8537	83641	1258	9319	7224	9620	9576	4036	6579	6319	27328	5816	10110	79152	9738	8701	64077	9644	30850	5450	23316	5136	5129	29899	5354	8675	64377	400961	26030	7103	2302	7137	341883	59352	5158	4922	948	26298	80705	57471	7225	1588	204962	22915	2201	84915	11226	27133	5046	91807	90506	5746	6769	10788	9705	25780	153643	23460	2849	63895	130540	200162	10563	127731	286207	132671	151647	151651	94032	2151	23176	169026	216	55503	79841	4176	29785	83659	200403	169044	2705	2861	55561	554202	83450	220136	60495	79625	220416	201625	9134	158135	10301	11145	80122	56475	5781	246213	144321	146802	225689	29119	28958	4303	127602	440585	6917	8632	401498	257177	401124	341676	4155	3792	7405	57165	643965	642394	55779	25790	286827	401022	387486	729658	401260	284835	100505774	100287225	100128675	100507336	100505832	101928231	101928304	100873947	117751736	154092	202299	84752	101927641	285286	100131176	255130	100505875	124901076	100507377	101927459	286186	196475	101101773	124903732	101927009	55879	440905	105377188	105377209	352954
gtex__nucleus_accumbens_basal_ganglia__M007	8813	23129	56928	114881	9091	50619	8635	23644	140876	23013	79091	5837	6929	37	10847	1307	2017	57017	54498	151887	7051	5434	10278	4776	113278	7249	1936	4173	3249	29062	7016	51809	1594	79676	283383	55776	1297	23113	7841	894	97	54853	84068	9617	57510	10485	56731	7263	5338	196883	3911	57693	54991	55556	8471	55748	84722	219855	4005	3142	55755	84300	51279	2588	57140	105372481	3491	4259	8893	64434	79869	5331	130617	92822	51706	57519	7412	55139	157869	79778	6522	138050	57526	220972	3636	11164	221120	440026	117155	54893	4141	148137	4054	84879	54851	4144	2990	53838	200172	54777	79612	9416	7298	440556	129852	2580	5187	23580	4707	29110	6525	80213	116447	9968	340371	1762	402573	5501	57697	401541	282973	441239	165186	57573	147906	645811	23230	613037	4855	8859	6499	1460	10399	440944	1147	1773	26140	6150	8904	100130894	728130	23053	284837	721	101927117	283089	100131801	107984948	728730	7726	100129060	5698	55052	154881	100499484	11232	105370525	100130933	80022	8517	4302	79873
gtex__nucleus_accumbens_basal_ganglia__M008	7105	64847	51534	54903	5238	84067	2139	57623	57704	10420	6949	108	55604	8417	22929	51171	51720	79175	55900	3655	26227	51816	55862	4242	5706	22985	79576	25839	10775	57664	11333	64081	5889	683	7704	114971	9976	51715	705	2690	5947	79858	30818	85461	7143	10067	3155	1810	54454	10285	7852	80148	11017	3834	79639	22826	83460	7277	7425	440275	25870	58533	3727	7691	23378	9406	5111	114034	183	80896	55213	10588	55362	55177	80031	51008	839	85478	57161	145407	3687	8844	284111	55164	221322	347517	54801	9328	29982	80071	128853	3606	56172	9510	333926	11269	7567	64699	400569	58191	11080	57326	57018	51705	81789	10370	7559	3174	219287	63877	196951	90701	26585	10449	83547	79089	3592	10073	686	57228	203245	4135	200933	56945	23625	100049716	55152	114932	811	5886	51333	200150	399664	283870	79050	267002	51741	148254	100129075	9725	163059	342926	59286	2475	9666	26058	780	340895	4207	255374	91149	266655	652968	57665	27297	401115	100131089	56145	105374419	101928290	101928736	112267986
gtex__nucleus_accumbens_basal_ganglia__M009	3075	8277	6401	23166	695	9961	55	6556	972	1890	960	4481	822	10863	6916	8531	1117	10797	10272	55843	3566	5788	2533	3383	5742	29760	4650	5008	27128	4689	2564	951	10859	6510	5294	22797	64231	51338	3587	10114	5777	8875	1809	942	9595	3554	9173	8942	4688	6446	64333	1017	54436	3659	3553	9322	30817	3976	57153	79651	5176	241	1794	90853	3569	64855	4609	834	55647	3394	6398	4542	89790	6518	3339	1952	2212	64332	51316	79742	83706	64407	285313	118932	57822	714	861	1234	3101	79961	79626	56999	8833	1230	133584	6850	1536	153579	51117	3903	51129	147138	114990	3965	6039	126014	5031	10287	10855	713	712	4973	8793	64859	7096	6578	8061	2290	3059	25825	55911	387763	728661	284759	51284	837	5265	6693	1438	84433	7052	2214	9935	4489	57194	10437	1052	53822	80830	105378909	643529	105373158	101929335	105369147	100233209	100505994	101926904	5820	105375743	283335	101927931	102724646	283755	8418
gtex__nucleus_accumbens_basal_ganglia__M010	5976	30812	5164	5606	1535	6550	56850	1459	53615	3028	65993	6624	3781	150356	56948	55969	116092	79868	6901	5127	56061	54108	3783	3191	2091	3780	28959	9355	2022	10675	1647	90025	6883	3181	152007	79269	84329	23363	56897	84266	10365	55780	7322	85444	8565	1284	26056	55654	79621	79731	10017	9360	27068	123920	83608	51686	10899	165257	54438	84310	26260	93100	196743	51128	133383	7273	4000	80228	79656	3015	55897	147015	202374	3094	10972	4696	84331	79683	7025	7694	5441	9282	126003	168544	6635	79896	339327	7390	642968	123096	27044	8733	118472	10479	51157	147040	284184	439994	84973	101928098	387521	9551	729013	102577424	54883	6880	79154	110806272	142913	150244	57234
gtex__nucleus_accumbens_basal_ganglia__M011	5954	3074	57418	60343	6389	9933	57613	10914	24144	50	55687	63935	64743	1821	64788	79006	4150	2217	27113	4818	10430	25789	8896	573	5216	50813	60672	3399	8704	79033	51060	8702	29095	64756	2868	55321	56926	84286	4357	25847	1635	9070	5589	50632	4294	6627	84034	26284	10400	84330	29889	8728	85455	114804	29922	79590	55646	57038	221960	23412	84532	129831	122416	123803	144406	5745	11282	222229	51375	348093	57348	94274	1938	5867	53343	6902	91647	80324	57104	9377	50801	1397	10293	10078	90135	122622	91966	147658	26071	84455	3104	401431	4722	148413	100505771	51275	387882	55861	390595	8148	147166
gtex__nucleus_accumbens_basal_ganglia__M012	55471	5080	7005	51096	3459	2896	84245	9709	9993	7879	25996	54431	9817	6790	1312	3096	6729	80344	958	9675	10857	80183	9093	2077	54829	8777	6387	54780	81619	2145	1075	11120	10342	10286	5825	51077	7010	10808	79902	55154	23769	51234	51295	3949	6117	7818	1802	272	83852	79595	9314	8836	5607	51163	5998	23421	64129	8394	3329	79034	4478	8601	50808	84280	1909	101	146556	347734	29980	84124	151556	84283	9861	51246	308	382	840	5598	1876	6091	84140	84287	7572	253725	79877	6470	54503	4947	90843	7026	6275	83931	309	26112	23054	148418	29902	387104	3995	81567	11344
gtex__nucleus_accumbens_basal_ganglia__M013	928	1195	22884	51474	51663	55749	1301	55726	10147	594	102157402	51324	11069	3091	7528	22900	196	8649	10923	5067	28972	5955	2891	80314	10434	55791	11130	8678	83744	7178	90865	25822	6194	5547	1763	4060	91833	56950	84620	83939	51125	220869	26278	64417	51571	528	132	54953	8880	204851	57650	25898	27236	134957	84267	3190	145581	219736	6632	2786	3187	90693	65008	220988	2857	151827	51315	7690	3267	345757	50863	28970	7741	10210	100113403	400710	255919	152098	92482	678655	220930	100506826	255403	81488	101927402	9236	100507547	124904601	84809	100505687	442523
gtex__nucleus_accumbens_basal_ganglia__M014	330	29093	10075	8544	23409	1690	9894	57149	80714	7965	80709	8567	9049	5510	27019	55509	2914	6861	91574	11046	7700	51659	10742	51805	2874	79589	7111	130752	50488	114783	6258	29114	84294	7436	1006	118980	5521	81544	10361	5763	7791	26097	2224	115950	200844	23462	116328	6447	150290	221749	123591	389072	84536	8663	5138	9687	353088	56882	9722	440400	285084	124900193	440695	388021	100073347	404672	105372432
gtex__nucleus_accumbens_basal_ganglia__M015	8798	8284	63933	3732	4313	4637	4174	8428	6923	25963	4232	5730	55149	5573	51020	55819	7341	11335	11319	4035	514	7913	5322	8924	51250	1349	51241	92259	967	96764	10964	2958	8533	54499	805	6637	1060	6251	6188	57700	518	389	151354	154791	79870	83700	124491	440957	29071	53342	6169	1479	285331	53637	55256	91689	6613	9045	4697	5770	26275	131118	6173	8420	7268	9939
gtex__nucleus_accumbens_basal_ganglia__M016	23584	53340	6717	38	55118	9524	11133	9615	1211	9643	7978	9040	145447	65082	60681	10055	8991	92610	51631	140459	339105	8568	25946	195814	144347	55076	389073	1241	10195	101929468	124900372
gtex__nucleus_accumbens_basal_ganglia__M017	10903	5452	30	8943	23503	55743	84572	55072	6598	23541	8766	9144	23438	6185	14	55544	1939	5805	55079	9131	220002	51293	161823	10713	57175	55343	11022	716	10801	64409	64218	401562	3588
gtex__nucleus_accumbens_basal_ganglia__M018	84256	6894	57662	1445	55011	8775	51053	57501	84268	58986	79661	152992	5152	574407	134	84936	322	201514	253650	219348	177	8742	100130522	55957
gtex__nucleus_accumbens_basal_ganglia__M019	55857	55012	6449	3959	51166	65997	55201	84152	285148	57569	27043	57647	10960	375484	378708	100506380	554203	401172	56112
gtex__putamen_basal_ganglia__M000	1080	5893	23072	90293	3382	381	23028	84254	115703	7982	5577	55904	7748	3675	51573	26022	6833	10368	1750	55750	9855	9912	60528	85477	57787	8522	4145	9254	8938	6853	57172	23221	5081	51085	8798	51533	5646	2534	11313	54902	5725	8193	9066	57146	2137	23386	57586	23154	4331	9369	51507	2554	55655	55778	11215	50619	51177	25901	10953	9774	286	535	321	8439	9099	2324	23274	27067	7504	4134	55885	23518	23327	340533	5291	54477	23223	23105	3909	5798	25771	84957	57504	23200	3918	5218	5923	816	5188	55359	23504	2983	1001	84649	124925	10347	55711	1606	3735	55633	9892	7089	84679	25791	2009	782	7216	5590	6857	89795	492	55593	3632	56850	65055	3796	10235	8514	4925	6710	815	490	29894	55117	51109	87	27330	6720	2011	29953	9744	4905	23332	5522	8726	26034	9671	3785	8672	119	9605	7587	4140	27092	1739	25956	9733	22920	10615	7163	51412	5915	29089	1781	54518	10003	4133	9063	54715	7419	3991	2222	3835	2037	22999	1136	22839	4208	1310	23136	1741	4986	4779	23085	3842	5026	3682	84273	8668	3797	3030	3732	22996	55054	55624	8438	56605	43	4313	2775	55239	2778	10059	2036	23348	1795	23368	27131	26074	22895	29965	25977	8425	9727	84196	4897	1738	23335	51168	83394	23428	23256	54822	1725	29911	10580	53904	28978	114327	23031	1153	610	27037	51386	9701	4744	4174	8897	4627	8911	23112	5816	79734	6767	5905	1690	114088	10598	7443	57820	9362	5875	26090	22981	57446	26164	55738	1917	1457	9751	10483	5173	5332	140679	79913	10406	26051	56853	79959	1478	340547	9949	2742	4168	5358	5931	9016	2010	5230	84061	27328	2245	2259	688	8428	55578	160851	9688	80152	65057	65009	55512	1186	79791	10273	7329	1428	23062	3163	653390	23420	8120	25963	23312	79848	79752	4683	793	54332	23484	4741	7991	427	3783	1891	1209	147700	4858	6618	51231	6511	2821	9253	333	11100	51343	79784	8775	478	374882	5518	3780	5296	23373	79036	2931	79846	1749	4967	64327	10049	54504	2617	1395	2051	8976	1174	113263	9678	4232	54927	51422	5425	64420	1759	1993	57582	6456	20	54926	10367	5532	23185	55149	7511	9211	28964	7343	5889	9570	1819	79132	9343	5573	1949	7531	26151	4126	8821	57620	1410	4013	9379	25906	25758	975	55531	2965	65981	9761	10645	56341	79676	8099	23329	8914	1108	50813	2784	56994	2026	9847	1911	57150	4988	116369	221692	221662	10486	81491	8936	9896	117247	10846	84498	3617	2030	8838	53405	59084	10884	23107	1007	8622	55819	2566	5618	79770	23548	9555	57222	80315	3274	1627	90249	84100	3836	25852	55186	7348	57501	11222	64689	10057	7433	8745	57669	29959	51130	55120	2744	23301	8869	53632	8808	80146	23178	10494	22930	8604	6432	7341	57535	271	64766	9887	127700	149371	3964	81849	117178	57576	51463	533	9890	56181	79947	114883	57488	6794	56912	1385	79630	6785	1268	81573	84251	4602	118427	6696	7347	9330	9615	9270	80212	2733	4702	57706	9480	56252	2103	51004	1788	54812	53335	26507	60370	56243	64374	51019	10174	2185	943	26984	2170	3208	29899	79712	84083	57179	1314	11155	83637	11335	3181	644150	29960	11319	11113	79039	5585	51209	164781	78997	27304	23096	10617	8239	23408	6903	7913	9208	84899	7737	60386	79085	2892	6253	24139	80025	9491	10893	6487	3831	826	84063	7067	5582	117154	171017	55288	8021	3188	51309	64768	64919	23352	146330	63922	7277	25953	7979	8910	64921	57622	57168	25775	135	222256	10651	1123	55930	1854	54982	10776	5682	3746	9526	83448	9070	80185	79948	6861	79057	3741	1804	9667	547	84705	51429	51250	4301	23149	170463	6295	1571	10298	445	10585	84929	93974	139728	4037	23345	23229	1327	2161	10487	9467	6533	3748	8500	10948	23108	10514	1644	26057	3021	1742	4147	51308	54496	3508	9633	6860	51761	23281	2835	1131	4628	9201	57511	84707	79921	55859	10250	84250	28992	10313	9215	23608	116988	84332	81846	9645	51669	5977	23508	9811	891	1022	10752	4212	79768	148281	7482	10390	10717	79022	3572	57614	284252	51765	51361	9743	3703	1514	25821	577	10492	57231	112609	2045	967	27165	9840	116986	5502	2583	23416	54806	85021	10505	8291	9764	6553	80003	85397	9290	80210	50649	11137	5100	9882	4008	9771	1607	80774	83990	6434	6326	64844	2058	2572	6812	9568	3590	347252	63027	23787	85462	81796	96764	440279	23005	51103	54839	3706	56924	54874	8634	10669	9581	6496	10128	1838	10579	51008	6775	29081	10152	29766	153020	84162	9908	55752	80144	5530	23162	283358	144165	9746	196500	8499	22822	374462	1848	9815	9107	7786	55716	7009	4857	83851	145389	376267	27133	122481	123041	79661	59274	7168	5373	7385	3801	89941	8533	55275	9520	6875	2774	50488	10966	6904	54808	342667	773	351	59283	85452	79932	23038	5567	5792	54499	9970	27005	4170	2029	3756	5778	27436	805	51057	11159	129804	3899	8502	6323	57282	151126	51454	2177	57574	80852	152330	114884	84892	115286	57552	285150	9515	1060	132299	817	287	55016	285533	8001	1016	6502	5295	1404	5066	2561	10814	57451	29777	2830	26230	154197	221806	5814	4191	30011	7592	9203	5631	3358	2719	79648	6129	55638	1807	114569	80728	54886	114789	92211	818	9118	7761	8525	5058	6188	4684	1813	4863	60496	9651	84623	6327	84866	85449	226	83723	8448	22866	53942	1740	151242	22948	3708	775	7068	55768	9472	2132	10873	81792	1814	79750	144423	84539	130340	91409	814	5213	2893	79925	115827	152789	5801	6328	51571	22878	125476	25827	5789	221895	223117	7070	84033	81559	8470	80746	5799	55361	389	55027	2890	200162	9844	10670	92370	116442	23426	137492	132	3778	9508	419	22986	122402	27020	137970	114907	23355	1974	491	6854	3084	776	3815	55799	2114	9162	9478	56896	26100	388591	8450	114928	3745	9542	130617	4681	3362	9191	84134	2035	124995	201176	7062	1636	10417	55282	146206	6002	4882	55108	8997	54020	5900	4047	5116	138162	23387	1141	51160	9684	51149	8878	1857	93099	4868	115399	6427	55260	246	1973	22941	2785	5563	148930	5928	64123	22854	79762	574407	51127	347730	3754	151354	3760	6944	388962	152559	80128	152110	1412	7048	23122	8618	132204	85443	7871	84818	78987	23350	151056	51304	54585	113444	5437	55764	7086	5580	4043	9255	133308	56898	79012	2912	9348	26269	55314	729830	55255	3360	7015	2898	348980	91977	285613	1508	1020	7534	79870	55656	91147	79698	116328	286464	26130	7415	26050	83550	51084	221154	509	23203	9790	57447	26012	145567	5702	4745	783	3747	11245	83700	55530	84936	654429	2562	55800	717	3419	143570	222865	440026	7702	5579	7184	10904	3359	89927	124491	6866	63928	222950	23582	2923	375607	125336	146713	6786	112476	79759	2879	784	84940	10653	84926	6730	146664	7083	26580	9881	199223	5871	3761	28511	7266	359948	388753	54899	84684	9796	23255	146212	79867	9677	27065	3354	79740	84632	126129	5865	10636	114787	7881	25942	93380	2194	64118	9079	22871	7360	50834	84894	7480	9758	7532	58485	285596	51617	4086	166614	91752	222008	5209	9229	26145	883	5581	2897	81831	79801	283455	8941	55144	59350	5356	8507	57449	10243	23261	4807	54777	163255	83660	7857	11346	83452	10605	140733	8708	9854	10125	1072	80011	326624	26960	338692	10777	257236	65059	111	91749	3642	10534	79834	4485	57674	220359	81033	8711	253959	55055	170261	26047	442117	158038	582	400986	148808	7368	11041	6138	9610	81490	26470	155185	344758	125144	22843	9776	56675	4023	64770	79772	57628	10458	63893	55254	339344	163126	84277	283377	2788	83869	8851	284424	2902	9240	157807	6197	7156	64110	89766	441951	125170	266812	79413	79751	9332	79605	387856	283417	4291	9659	4729	3350	54681	404217	57184	4351	79415	399668	2580	7284	127254	9500	256472	23302	50628	3352	201164	388394	220202	9495	7710	22864	10194	118672	7054	221687	85453	1132	53637	374860	389362	64388	404093	23760	225689	255101	100287171	9625	23109	55076	5912	285973	54112	90355	401036	81532	10159	3739	2567	8905	785	50801	3838	23236	4692	9312	340146	55794	345557	6000	2130	9112	161	57118	64478	2842	5877	51428	27439	646658	283768	2825	23466	148641	71	401145	256714	645974	340061	5142	4753	81931	138046	9074	5413	56478	23762	1812	752	7490	6092	389257	56899	7469	57419	255275	56160	55015	64409	8558	5071	266722	9146	285513	54014	399947	56479	10933	23742	84856	146760	220107	653149	84871	10623	55330	340529	2558	23621	4674	27445	23040	613	79955	4137	164656	342865	23270	79659	375612	26059	2175	29978	170622	2963	84570	345630	344838	51114	144404	23036	5649	9516	83862	401994	7259	23708	400745	11122	50859	90321	283601	2917	29068	56164	1604	131034	55190	51466	51434	60312	165679	8912	57473	961	343990	6334	3914	199704	644596	8270	11152	85379	27044	140688	8831	104	10533	83875	955	6709	6120	222662	8733	28512	6687	26052	115948	9228	140885	26275	27300	777	54870	340578	158586	51062	339541	11321	131870	4326	6262	124930	10497	81706	6263	3897	221002	57692	134548	7052	64423	9293	387066	286411	221424	340543	53344	84243	55219	285141	1797	7936	440894	653316	2550	642475	79600	440145	390205	441054	644096	6643	100506731	101928906	105377203	79958	9946	220164	645426	100128714	131405	8292	7247	339263	283673	23636	2532	10962	442325	100996307	10379	2592	729399	3672	8906	55384	400954	441204	285830	353149	678655	285696	134111	101927905	79716	100131390	51025	645191	100128264	64641	5534	91584	84561	388948	378881	728190	118460	1159	642852	3115	100874055	100505996	721	102724224	101410535	401398	400765	107985190	440823	26082	101927621	389634	100506714	102723341	339529	124902280	100507308	91149	386597	100505566	91316	107985820	124902439	643837	642345	112268276	401093	100506274	400604	101926971	284798	100131244	105370670	414777	100505869	100996539	728730	285084	100132948	378805	389813	151484	100303755	101927590	84973	339260	729178	121853075	728192	105372840	100996590	101926913	101927554	102724571	60674	105373507	101928537	92249	100996342	400242	100507582	84968	105371574	401491	100131213	441094	100506866	400958	339822	100189589	101927609	440132	100507537	102724019	101928085	399829	387521	257068	101927056	101927832	23761	102546299	101929238	728591	161497	57553	56134	149465	7268	103695433	10443	101929066	101929468	643911	101928053	284080	338817	100289274	100505894	283663	728081	654790	157273	102467147	285626	25907	101928174	101929340	642797	283140	100507043	152742	100508120	85358	102524628	100287592	157627	347051	107986898	552889	54984	101929415	100130155	54551	692247	101929473	493861	399959	100526771	105369329	643037	100287944	100506844	105370423	105370648	100506411	729911	642366	283710	791114	29890	23732	197187	644242	100507290	106456574	100507050	83482	100287616	148189	105371735	339290	100505576	100505797	284395	400612	80755	339192	100996660	100507433	105371899	101927151	400622	105372321	503538	100289341	375196	100505761	152217	246176	100133941	107986100	26220	2904	112441426	105375519	123624	100131997	390660	100419515	157285	101928991	101928087	4747	28755	641467	389741	102724859	100132249	64881	100846978	100506710	100507173	401442	101928311	105374338	105372079	729732	6905	112694756	100506207	55056	105376121	80078	101929059	105373289	29798	729870	102724156	101929748	122319436	101928092	105377294	106660612	352962	255812	107985911	100131998	100289656	100132341	286554	246126	352887	650794	286042	729375	5387	3139	728554	442523	645784	554236	493754	2630	201283	5380	440934	100288175	57234	138649	442524	105373383	399815	100129482
gtex__putamen_basal_ganglia__M001	3075	2729	4267	57679	10181	6542	5965	3980	57019	10943	25998	3920	2115	57157	8842	6401	6792	9043	6482	5310	7812	10747	695	1185	54799	54476	5329	54443	1634	933	9961	823	4190	10463	9782	27032	6556	972	3082	9716	4719	2730	8630	355	960	5583	51306	2530	25897	5981	26009	27430	4481	1008	3371	9440	822	10863	54165	4254	4052	57492	6307	55761	55745	51742	23224	57475	58508	5318	8975	9696	6916	8531	65125	55650	51564	29998	10402	1117	5378	10203	3843	4638	83641	8621	10797	6602	27107	4756	7813	5315	7158	23250	57217	57560	221395	55737	10294	602	10060	10681	23446	54916	10640	4335	8440	23161	6196	7037	64398	51095	23291	10335	5151	6605	10979	10170	10644	6480	55421	11343	55205	51175	23151	27332	285527	5337	55973	55843	4162	83992	3566	2260	10529	2782	117	9452	9139	83737	862	6507	8569	7145	4983	55604	5794	8671	6595	57092	55218	8555	65985	905	22837	2932	3693	11342	91746	966	2122	57531	2017	4799	79796	8898	51593	5990	8570	55608	84678	2521	9843	8761	2734	27327	23231	7018	55072	55632	57556	9209	4436	5742	29760	1390	3983	79956	4670	5008	23384	27128	25777	1727	8814	51382	9517	5494	1983	79882	9252	22985	23613	10110	4773	128414	57144	9218	23347	9388	6907	10735	2332	54602	5257	80777	79726	408050	9738	10391	8925	23205	2184	7082	23678	5327	51366	53635	10859	6510	5802	1954	22900	3718	5143	4099	56006	9512	10135	5294	858	8887	5803	54664	55744	23081	23586	5599	59338	8729	8402	4927	26118	64854	8649	27309	1182	23321	7468	2743	7358	54414	64231	51338	22897	10114	6506	10944	8496	65117	79611	80018	57122	8078	135112	7101	10767	7957	9444	55754	26054	57666	23438	3157	23530	6678	10087	9685	80006	23286	1809	10051	604	942	51421	11235	7375	57415	2632	23150	1154	51555	4820	6787	55683	150465	7535	25801	79745	55704	10314	2202	6772	55818	51652	3554	9173	23683	1615	5334	7072	4780	6342	5906	54856	3953	9295	23046	10000	6390	5129	6513	387338	58155	57035	55758	23120	6446	26234	23307	11064	79109	9870	58517	4329	10936	64225	3416	3437	79886	1997	1191	83690	8405	80218	7750	64786	576	79903	5395	55975	84668	800	8034	11130	23389	11228	8082	11059	540	57486	466	10102	64333	1017	4778	79809	2181	57169	1026	745	55715	10257	3659	55026	23163	10485	3553	84172	2354	284800	22918	6238	128637	10236	154796	3276	22890	55112	7103	5787	50809	30817	23499	23030	5782	9514	3976	9732	5420	4698	54832	23022	51105	57153	58533	7905	23383	6874	7776	529	23199	5119	54882	64087	57343	10489	5894	23225	23167	55037	79781	3691	22889	29958	201266	5158	55303	91298	3612	272	3295	79845	4853	57498	3601	91768	1794	2012	90853	91408	9415	54841	4076	10677	9053	2799	4193	2752	9857	55619	9648	55681	9445	1102	9805	3569	28988	10241	6426	10238	11143	55627	274	7099	5168	55667	116113	5292	9656	51439	4926	4750	5962	834	79811	102	9411	204962	80204	51196	310	79800	29789	6744	3685	84888	10144	51138	658	11107	57619	79807	53919	347902	121441	11226	5925	64062	55647	145407	85439	7453	9990	6938	256586	7090	92912	49855	55180	79068	1039	1009	3394	9611	93649	1213	55197	114876	6563	26502	57521	6398	5366	3487	91039	4542	89790	6518	2212	83872	57592	57530	81609	5298	23126	7159	6279	7170	9898	1130	9859	9580	94097	23190	29926	64332	152404	8893	54532	285440	10299	25816	23092	9879	153830	78991	10146	51390	57583	9589	3486	56996	64599	79742	27316	55790	6867	137872	51110	7013	29967	9166	4715	115426	4915	90678	221074	6935	5995	2746	120	27315	92105	472	6768	83706	23284	220108	2823	9223	55691	2059	79691	152485	54842	80014	2555	7073	26353	2895	127933	114908	133686	51351	153562	5352	166647	1601	50807	154043	80790	23576	1105	124540	9868	25890	23043	4685	63895	528	55529	51633	55326	23367	65062	90550	91748	145483	6103	60685	23522	6529	7804	132949	1859	2078	257397	445815	57822	2176	55179	26053	23382	1780	137964	115992	6651	714	861	23515	3141	9813	9619	23181	3101	84449	222236	5701	113026	51727	8613	3716	8880	7412	5824	23385	51278	148362	27185	6280	6283	2565	3577	64343	23001	56999	57018	64419	151613	54861	79753	84126	80335	79884	64399	153733	133584	167153	57763	23305	23366	5828	23353	55074	501	57462	11168	6850	5277	538	220972	220963	9147	8559	7417	7248	153579	143872	79789	154810	2200	9318	1200	6764	80323	57494	65084	9640	9665	54386	23306	7529	64400	51704	84064	4218	8085	3903	114823	124935	51129	23524	6520	55209	3516	55788	3800	3660	197259	51362	11273	6774	8754	53353	55308	23099	23214	79628	6373	6383	9839	2873	6091	4648	10477	201931	10015	10491	285966	55890	57148	5272	6773	11214	9788	126014	22883	2186	8841	2628	85442	4815	4300	5728	361	554202	51030	8462	54205	257194	7690	4299	541471	10855	3310	22992	49854	713	712	5797	8793	64859	1267	23333	27333	6124	90806	124152	6578	201626	51319	170506	1488	9134	196996	8061	10301	28232	205717	153129	440556	80205	347862	253461	7182	25945	3766	5339	79962	285668	7056	285343	285908	9378	3059	23526	374986	8334	3579	25994	79813	64219	91351	10193	79673	6472	55666	3985	6304	7267	302	83733	221178	23705	754	158358	23194	6900	5504	84319	5587	8398	9021	155435	26985	4582	26013	9899	169611	6667	10320	5727	55599	54103	4675	55922	84981	53373	222194	387763	51547	7874	8632	1287	5359	5104	348645	340277	339287	120892	26155	23450	54510	284759	2104	399687	4122	283970	100	100129858	1778	5094	5718	10438	23061	5265	171392	6584	26037	10210	284370	100506658	4641	4892	440295	1438	84433	444	7405	285989	987	9745	10920	27347	801	9652	9060	10479	22876	4976	51714	830	1756	9848	1378	2214	124900275	4439	780	4340	57126	643965	286144	55366	5150	4489	642394	353512	283314	100128788	57194	11116	286827	84986	5500	26140	153684	440270	1654	388815	10437	729852	1052	5520	112597	101927027	401022	101927300	729658	65010	105378763	100505774	101927084	728537	100507336	107984948	154449	105378909	8847	101928231	101929302	643529	117751736	101929467	284900	154092	339789	415056	101927152	10687	101929335	727956	347689	100131176	10137	645323	283104	105369147	100233209	100505994	101927233	100129917	101926904	255187	339874	101929709	100507377	55000	100507392	493900	100499484	105375743	400046	23642	101101773	23601	51750	64150	90799	147429	101927009	100130950	283887	23380	284565	100507218	148145	8517	101927931	338758	100101267	80039	388685	57223	29964	80179	31	102724646	283755	100134869	400322	388165	401577	285961	440248	352954	728448	339483	64940	347918	100132057	6648	8418
gtex__putamen_basal_ganglia__M002	81887	889	8379	4074	56603	55471	10180	3052	23077	114881	5048	5080	9091	7005	55735	29116	7095	29954	51534	83932	51603	7384	6540	51099	51096	2067	55703	1355	10138	22902	25960	114879	2273	9921	64429	3459	2896	84245	23644	9820	22884	57101	57120	168850	51528	51474	84067	9709	8454	57602	10758	29927	4659	54432	1431	22998	55726	10147	22904	23013	55176	4287	9950	9650	5255	387	865	2261	27248	5837	4734	5597	27440	2046	9948	6929	60343	23503	8243	83642	6624	7879	23609	25996	10179	9138	7155	369	5289	5108	9984	8556	9817	51006	131544	27244	9933	56650	6932	28962	11266	56113	5205	9689	7514	594	10464	200081	29957	8895	2060	55230	2346	80271	54469	94005	51637	4849	55741	79175	53827	57655	57062	10558	51324	51726	2802	16	2271	55012	9878	825	9942	4214	51322	25	23541	23759	23598	10043	410	50	10419	5836	5706	10175	23002	5641	3091	5700	89932	10278	5106	80344	2937	55245	23394	1522	10732	11083	9675	81617	26512	79767	10664	79650	55697	25839	9100	64788	9093	5934	9810	6422	55284	6788	64089	5516	54758	2267	2997	6449	81857	56961	10226	51599	6671	857	11112	835	3614	24146	95681	196	57589	6387	219699	91452	64081	81619	55163	80279	3384	27077	1655	54868	5376	7323	2549	11275	7466	51166	1665	83891	29118	1075	26610	6309	3312	55291	26973	1982	55626	4928	4891	10988	55110	56890	3945	55188	8683	4739	26271	26268	51715	1297	896	705	6908	55722	7265	10923	2246	1452	57088	28972	30818	4691	51277	85461	84695	2335	64895	2677	10190	23451	25843	3069	151393	390	1386	2956	4139	515	6738	1429	34	4179	79033	1266	9588	57134	51060	5955	22926	9331	6185	64747	60526	9414	84263	26094	83982	7010	5110	80314	80209	10808	23435	55269	9034	55791	7852	92	57489	989	51251	152007	79269	84329	80760	23549	23363	51604	8675	4552	5184	10199	83732	79902	64794	56731	51141	64412	92667	4149	83786	51119	8678	10131	8409	64430	286336	8273	821	83744	23065	79066	2770	7263	51234	813	8924	3712	91860	5338	9513	3609	196883	112487	81533	55274	3949	10095	10439	25814	10844	6249	1786	11046	10288	55902	4772	1160	6627	3337	85363	6117	1802	4678	55544	23111	7178	79589	123811	51520	1875	22800	8650	1965	84722	79577	85004	747	27202	7174	55312	51347	6926	9988	60561	22881	54583	80896	3300	55654	1910	54606	4711	57129	11311	79595	9314	23452	4609	90865	54840	6194	63971	81853	84300	132864	9873	5547	8836	5519	5607	55177	80031	79739	3032	5495	51374	54536	51163	140766	1763	471	54529	55759	81556	51191	3184	64116	5998	91445	23710	144402	121536	5830	4060	112840	91833	663	9960	1583	79631	5073	5636	92579	284111	7157	4089	3454	207	473	10026	64129	5686	7286	56950	8751	10456	2590	52	29097	92906	54465	84620	79634	1745	3329	284992	85403	81608	55646	58478	57721	23635	55814	10318	57038	221322	79034	7403	4478	6567	3547	8601	50808	10280	23245	56623	9712	220965	26091	118924	85450	84280	710	10658	79780	5331	7108	124446	84159	55002	219854	84735	54545	1737	339105	64067	8872	27034	23310	5860	2313	667	29970	130074	57724	24138	85445	285672	10018	60592	3192	54463	79705	55740	388650	147495	51582	118813	64092	6566	9056	129831	9601	7102	84108	159091	3098	4323	57798	347734	84255	8764	127262	64849	57477	3017	115584	29980	3099	715	8883	57732	10020	64699	2539	26097	6464	103	622	51005	220002	6159	84447	79656	115209	114803	11080	148423	824	80232	118429	57326	55249	285203	57650	79885	100507246	5783	9861	25898	64789	114625	51705	51246	3148	308	80817	3600	27236	84059	836	134510	84135	7098	819	7559	4982	79778	6522	51271	55798	221656	84267	3190	58526	84720	10910	220979	382	123016	840	84706	10576	118490	159195	119710	5598	80975	6778	5090	6632	399665	57171	257160	10449	7171	54815	90522	7775	137695	5436	1499	378	84879	8313	161823	85476	56884	10713	153241	3187	254778	7336	90693	8706	65008	3185	79724	2720	10972	53343	23204	80305	8493	90338	9637	4534	84522	118812	4589	51282	6902	10782	2857	151827	79029	5621	7064	9451	257019	28998	682	8801	7572	79694	93550	55222	79612	55191	1717	4615	79877	5970	256643	3267	6777	163049	84733	114897	5936	345757	23269	144577	3981	51574	57804	54968	79666	84747	116068	9807	7525	9699	100128398	55884	7298	54503	100129827	196527	6888	11253	5074	28976	57104	2885	25915	54762	254251	2731	23512	151176	147991	1537	5886	23580	116135	8575	90411	401563	55432	404201	55783	29072	55343	94039	25834	7485	7318	342945	716	22906	100506380	2894	8241	28970	6546	285753	9802	54880	493753	114781	23258	116448	220	80213	9276	10801	54622	79184	10336	2124	100129196	51741	114792	5501	3840	11118	3638	474343	57698	6917	284434	163087	401541	643155	100129583	3556	64218	9901	55340	647135	2547	55660	4646	3066	6925	55532	7442	92070	309	51703	11194	5253	5557	79366	9747	23116	11179	100129792	55253	6721	339448	26128	259230	2812	84288	6015	1290	494513	57819	90233	100507436	65986	255919	8293	3105	338799	402	51075	339231	23053	96459	55672	6293	221710	642659	284184	387486	283089	124902477	8341	64288	387882	100874058	100507398	339804	60489	53938	9551	10552	80301	101927612	729013	100507266	550112	593	643783	2738	56110	56112	11232	100505967	80022	100130890	126661	119545628	388524	84809	147166	100506012	652276	57212	253039
gtex__putamen_basal_ganglia__M003	55732	9256	6936	84058	55001	5689	9940	4057	8284	81551	23584	6683	3755	5452	578	6301	57554	7204	64848	51606	57545	55850	1301	51660	10787	10188	3029	8625	11218	51167	10565	79364	8891	55515	3028	56666	29090	5909	88	23431	1005	440515	55100	29093	23033	10998	56910	57613	22911	4258	9509	55760	51650	3912	285	54187	7093	55118	3589	11332	56952	283638	5442	8220	23539	10633	23170	23313	9978	56948	80821	5684	10490	9786	5687	7165	79863	55125	64743	778	10084	56062	23295	9057	9780	123263	8840	92609	23646	7087	3036	80714	79974	7586	4969	54662	8777	8721	2889	1855	1787	54780	54462	79176	64077	23560	26098	8453	8787	23125	51003	10014	7448	54940	5602	3083	887	605	4256	22818	83461	5992	79632	23195	202559	55856	55914	10307	55374	1004	5144	10111	58515	4968	1294	6508	1716	92840	2888	79954	55041	5396	27101	11315	9181	10286	10745	23266	1889	23215	163404	8289	81847	5826	57862	3433	2891	440073	400	317	57616	23024	23091	5153	90203	57580	128611	55653	79637	9349	80207	63908	7692	11034	4435	11190	79639	84060	80115	6192	81	64793	84326	78992	54897	4695	1729	54991	7568	5901	27183	7818	10208	23164	25778	122042	8471	84106	85444	83876	51303	3939	1828	25941	11095	84900	1660	57695	375248	7716	1101	26750	23392	113220	90871	25844	2542	56965	51626	1558	22891	90525	144193	90634	10150	122616	8125	170691	64784	10300	54828	51651	91978	641649	1952	6258	5546	1382	116841	8497	22874	10130	113419	57624	9711	6622	493856	6715	9140	340156	81786	7162	8573	139818	26260	91782	414328	29982	11128	11023	84504	54805	196294	283212	51503	85458	196383	89910	288	132321	6868	196394	60485	387923	121256	253635	284312	10309	1070	22925	9481	124402	925	26207	7345	728577	522	2551	201163	65258	51560	7273	153769	6156	115416	3361	254050	55113	9753	85414	10361	2039	51735	8867	516	6493	5692	7791	79140	83858	85395	84814	2224	60680	84765	80178	283237	4116	9077	91624	10092	127943	284525	25992	128153	128308	92291	79677	132671	115677	200539	133015	284996	56203	134	200931	26043	84448	3015	4085	115004	134957	9263	55536	3174	55335	65268	364	219681	2350	51585	55172	10495	120939	26287	121457	8539	81832	374868	4130	51117	10999	51755	80700	10476	25837	3921	23192	2675	9836	388969	2915	521	25849	4330	126669	200894	7580	4584	260434	131616	4862	98	79145	84437	26115	5569	29071	51013	10465	10869	2845	566	3603	29942	283985	254122	285268	340252	91683	2804	26472	947	54872	57659	219833	488	9024	11146	146177	1212	158135	9832	8541	222183	7334	285498	26251	8225	256815	23241	81858	144811	340390	127003	51333	6748	5179	389197	575	219790	28955	3770	55344	122553	23265	50863	29035	84316	4703	54039	441061	283298	146754	11066	4303	348013	340542	51186	283643	4919	254956	8519	84197	126520	338657	283149	150763	101059918	116985	55615	147645	387978	9863	2563	125704	64170	285093	123688	7784	140576	149297	345222	284697	728661	9729	6829	222553	5770	140465	140612	9260	2316	57181	51108	6714	64499	135398	147906	4644	7004	27233	6815	7169	2153	100128531	100113403	653308	83849	4795	730051	57540	554235	1639	84960	79037	157574	11331	8718	100131187	81669	100506100	387890	100129480	101929407	285834	100861510	102724900	28985	100506178	100873947	79940	101928000	389023	100129250	100506469	100506108	100271832	729993	101927924	280	128977	79168	152206	55766	100505678	100506668	100996385	374887	57604	100129129	10597	379025	105369758	283624	100506071	100130855	79178	107985879	106660606	101926896	57597	80054	149013	101669766	100129195	400818	25832	100129550	6753	101243555	339829	124902128	124905142	124902031	101928737	90499	283777
gtex__putamen_basal_ganglia__M004	8813	6405	23129	64847	57467	11188	55727	54903	23187	11284	54884	8481	8863	9603	10319	9564	23201	51663	30	6433	23063	79763	57143	5476	6882	8943	7629	2065	7075	2263	80347	8518	10290	7321	57719	23016	9618	10411	1785	10847	5663	29992	23139	22929	55696	7205	118	8550	55900	7597	57060	55644	8773	1299	10013	7593	6598	9681	11020	51527	4776	26205	10528	3420	79868	3750	8237	10240	3299	29070	79152	58189	7249	64428	9028	1512	1936	6217	1155	54922	57664	29062	8985	10467	7461	1842	7016	56654	5730	83937	57584	219771	9110	642	6945	5957	10227	7704	8882	84680	1119	217	8437	57696	2597	2570	55776	51069	23113	2690	10902	7337	1181	7841	25972	3485	3336	56944	3155	64175	991	283571	6950	1	91614	30010	4035	5354	5335	55661	23326	57510	89822	399512	718	3397	22826	112849	3425	14	10142	468	51691	94101	84268	25759	2593	54857	57572	25873	25796	3911	10155	27237	1736	25926	9584	116983	10401	7691	55556	23647	80895	51540	54739	4595	163782	842	55748	114904	196441	4017	79070	29109	183	1593	55901	9238	11173	55339	55755	81873	93643	8737	8870	6176	27229	26160	8884	23344	80119	145864	9785	497190	54925	2588	8844	23410	1291	126147	57140	266675	148932	11221	128061	79573	3707	51542	23020	129563	114790	55164	7873	79930	170954	401262	285855	64434	4841	7552	55086	526	210	9328	56904	92715	10480	871	9344	5805	3758	51128	5937	200014	118611	9510	54953	10311	150946	7391	8822	4720	148523	873	57519	117145	55721	7757	7627	51035	54987	199990	115361	284695	130162	56997	90957	10109	55139	57406	2921	5364	115908	203238	138050	65083	169714	138311	116225	57608	221120	114780	90701	201161	4088	4141	81605	51148	146705	4597	148137	124997	4723	91949	203190	154007	766	51252	5480	1285	65110	284004	1107	83787	55669	55657	2110	55092	25988	83886	150678	5883	80194	254102	7423	29925	7388	9416	148014	10897	79683	5708	6199	169841	286262	2290	6051	23141	200958	10425	4808	2314	648987	196403	5187	199720	122525	144132	727957	23336	100506504	2621	390637	4600	57634	84206	253190	4707	29110	390928	256281	131096	116447	9735	253769	374659	124751	9968	10519	338440	11124	340371	7026	105	402573	7058	158293	134637	165186	124602	9725	3376	284739	79711	3908	162993	125	57522	307	100190938	91373	3064	100499483	613037	9814	65992	22834	2475	7150	51490	92565	2664	6257	100507463	4855	6499	1460	401535	3134	346171	444882	100289678	339453	9289	100128946	401089	131873	55779	440944	50840	1427	51239	1147	83463	4207	8904	401562	340267	4636	100506302	221786	343263	401251	105371450	101929147	553103	100506421	100506119	7726	100129060	90673	100272228	645676	154790	387723	105378580	9884	158	57002	100131434	112817	5297	25764	55052	340526	9907	64968	1650	401232	147007	105377105	109729137	121233923	728888	105375624	29082	101927503	3145	23246	119139901	100294362	100507373	100506713	100506036	114791	11056	100506516	285796	124909397	221442	155060	100131320	162632	389033	101926918	641977	130872
gtex__putamen_basal_ganglia__M005	54677	6863	51265	2328	728642	5536	51360	5010	330	3298	9846	54896	1175	3309	57095	55749	5424	2139	91526	7030	4040	56852	22859	2213	55094	6813	5050	2920	10325	55663	2196	5475	51171	5996	4708	9352	54890	25805	10101	54209	55168	3189	3594	26517	5064	56241	55954	10478	9889	9837	80331	10398	79576	340554	51260	80183	84935	1203	8140	5157	54108	65263	11184	4793	81576	29997	29086	29844	3249	2901	5445	6878	10488	64115	80351	51174	51747	26511	80273	23130	867	4598	23074	5777	2178	5252	51596	4124	3280	8287	83444	6711	2591	10153	6697	9528	3749	6421	7709	6675	3399	2166	29937	90025	54867	84272	84795	2805	89866	55116	113452	60673	10385	8970	4201	583	171425	30833	79144	5469	84938	6633	83658	5690	25824	10436	2002	79717	117177	10975	10606	3791	9296	7425	56984	79094	3671	27180	6035	4738	64097	55780	5819	348	79016	3727	140700	85313	10882	126299	9557	57533	84105	5786	54663	22880	10894	89978	5738	29889	746	219855	8638	10906	29923	5279	1861	29988	8818	5695	7507	25822	55362	6941	58487	84811	7225	54810	57575	839	254013	84216	51279	84298	85478	6252	122830	10363	23174	58488	90507	27043	90580	57333	4259	51093	51686	255928	57657	84696	4211	9391	51601	64422	84276	92610	1393	255426	84630	134728	116843	6993	9202	7569	54801	84131	282969	8479	1793	3606	57700	291	80097	79833	2697	118932	121793	4900	84532	55005	118491	1633	10600	9131	5147	7567	84262	200634	8365	340348	29101	8568	1234	400569	58191	8741	9903	130132	126668	2560	151246	5584	130557	55689	23272	25886	11341	202333	27089	54468	25962	84457	220296	158584	222389	158067	53981	64112	51700	219539	197257	5245	26995	1398	26263	124460	55762	57701	55311	113655	83547	283248	51293	84309	4336	4725	157638	3592	129303	123355	4144	80723	221749	83987	9022	283899	4493	2167	143162	143425	55038	198437	57834	1051	114900	55352	142684	148203	54961	23133	51504	203054	653784	257364	6573	83759	2787	254359	23015	9092	55844	7352	51642	5029	116028	402682	246184	56888	375189	6470	57453	51046	10949	6232	389072	84987	286499	55017	84922	11336	157695	168620	400410	388341	286128	84890	64785	55228	23641	283870	389075	5121	64410	10317	7122	8971	140707	27124	59307	353274	147111	8651	374395	79842	79943	84631	51079	388567	11006	4501	199777	9883	147929	91661	85012	90592	64771	221785	6799	341676	79892	283420	57708	59286	147949	24	116443	3151	23381	554279	8528	659	643008	80737	8449	388135	152098	246181	81856	163486	6827	10011	7416	91664	147040	728130	100188893	100130357	644019	55670	109286553	440400	23467	388759	124906608	100505696	101930421	100506161	440498	56967	493812	4509	146542	101927765	388789	105378753	201229	285958	100289098	101927248	23547	100506243	497258	100505738	106478943	90342	56242	101055625	107984504	105370526	100505573	100287559	100507534	730183	100820829	105371941	100130522	100288122	100073347	401612	101752399	123706513	105370333	6348	105378644	124907726	107986669	107985177	105377663	84773	150776
gtex__putamen_basal_ganglia__M006	54879	23542	54814	56052	10858	3631	1495	5954	5982	3074	25875	5601	3757	84256	65056	4913	119391	9399	440	537	5134	55743	1400	6389	6620	5250	51548	79960	108	114880	11158	2195	22924	5705	5744	54498	2280	8079	10914	7023	84572	57192	57605	22861	1384	55506	54620	421	91289	3162	23543	171568	1113	51292	63935	54976	81502	25939	6640	64840	2717	54	5595	54985	8131	51172	4150	1445	9325	50804	2138	55174	64130	1760	10469	84167	23217	1628	93436	11033	23288	8896	727	22949	22841	56521	4591	9487	3959	84687	55572	27339	29099	8567	506	3736	7167	7164	51053	57396	29102	10641	7867	9381	5510	22848	28956	51086	64960	5524	55051	2281	56943	9499	29990	23155	2971	9956	343099	1757	55509	79586	57468	2914	83541	56926	51614	84286	64792	64753	2571	2258	58986	5589	55201	23404	4294	57693	4354	91574	84701	7700	79228	84152	145447	2874	26284	8546	93611	8900	84626	57180	4221	8536	285148	902	6885	80705	50853	79621	28969	10730	7111	229	2766	338699	27314	51187	3033	94	81624	122786	122953	10516	8996	6187	22980	112483	114804	2886	8612	6455	114783	23421	481	1513	149111	64708	27303	22989	29114	54540	84310	55869	90060	140459	25792	286257	9919	774	79096	57325	51524	1006	5800	101	5281	341880	255967	53354	57338	152992	388272	3798	5521	115817	90993	55698	79623	81544	56683	1827	51706	5710	9114	808	118424	5152	755	84446	120425	23623	563	80228	222229	1173	115950	10482	7398	91156	132014	22950	54965	4338	10466	10922	120114	145581	402381	11092	23423	81565	9382	6447	114785	10501	374875	64223	220001	10980	2786	56947	10815	53917	7059	79058	9185	2990	375484	55031	195814	53838	598	6919	10978	118487	339122	55871	79703	6712	23051	266743	5095	374403	7694	90637	258	284485	242	253650	414235	1728	143879	339059	348235	1397	53820	7378	10293	80139	10078	7625	6450	400451	54093	353322	5138	23275	4673	7100	10445	284338	389073	7390	10811	121642	60491	57591	4763	7741	123096	148198	93377	56882	23230	2870	118472	101928287	26071	64978	7918	6992	400710	6311	29902	3104	51451	100130311	10921	51157	147699	1241	29803	79086	100302401	348262	105375304	100128071	100507057	3113	643355	100506930	100128811	51275	266655	105373390	8742	57461	11185	101927974	279	729678	390595	283596	157376	127138868	9865	103752584	388021	92335	100885848	112812	112398	6880	359809	105373780	388963	105373299	107985892	283922	100505687	114814
gtex__putamen_basal_ganglia__M007	26073	5164	57709	57514	55841	83714	770	51015	2512	78990	54439	25876	140699	81610	5634	8411	56271	5611	7782	9694	11075	136319	27075	6505	10493	50862	10019	1337	9308	6206	51639	10056	90231	26503	84918	1846	22987	170685	116138	401265	5911	5623	24141	59353	79575	117166	83483	55278	57470	80762	85013	92154	23640	63982	29968	4829	23563	11061	1318	150864	83666	83442	8804	5202	8416	1944	55252	10769	167410	202500	134829	1730	6838	81928	10435	26524	57512	144110	114134	57182	133746	11096	112495	342357	23057	10163	124044	4817	54069	2063	203547	1040	151636	8927	1849	23379	285671	2150	55109	158405	139411	219287	115708	254225	4824	57611	1938	55611	51435	149603	1128	10791	23235	219738	57684	57687	170394	10248	55970	9420	29903	84984	81876	89792	200407	666	8408	1960	124274	145748	80164	8690	80258	3751	6991	80757	374920	260293	3858	401190	92737	10383	653720	4520	340120	23424	148213	55534	160760	126068	6583	55924	4541	4513	4519	4536	4540	4512	4537	4538	4535	4508	4514	6048	390980	57469	441376	285636	113219467	4539	375035	442319	257000	200726	8705	51373	58496	5032	222537	23741	100129128	147660	100507421	10418	9554	91608	8447	8330	100862671	114841035	91695
gtex__putamen_basal_ganglia__M008	55049	53616	1951	7869	63932	26986	37	57455	1071	8544	23415	25831	117584	7042	51816	57715	8846	55313	51760	2217	51477	2077	5764	11333	64598	23064	8036	91057	1822	345895	135152	3313	4883	57142	84812	7850	7143	1486	10327	1810	23632	5887	114818	25927	80177	84265	57413	54537	88745	7270	6629	2537	83460	6183	1315	55829	23378	1116	694	10228	80727	51332	118663	92979	145482	5409	126374	57645	79590	55840	221960	347517	50814	6835	80332	80071	53828	150709	83734	152137	146556	114	7547	51249	84221	9592	4796	899	23498	129880	151556	476	349565	51385	57107	138716	80318	7753	119504	113174	3481	1877	79064	79663	92595	11337	93622	81603	10231	156	22885	5707	200933	253982	5870	4482	79898	23625	100049716	284241	114932	90843	399664	91689	79135	148254	252884	339451	3014	6613	340719	23660	92714	64093	9853	149345	5455	7923	90333	84335	55851	10215	727800	4722	255374	92482	101928527	102723508	388849	652968	105375483	100289187	100131089	401172	286103	102724814	100128881	677769	107985209	79873	284106	105377031
gtex__putamen_basal_ganglia__M009	4706	5976	51071	1890	63933	5662	9522	51194	29887	10961	11018	4809	1471	10166	79006	6923	1666	166	27113	10430	23242	573	657	9644	5216	9600	4048	1347	8992	55171	27086	9801	9167	9731	10969	8704	23443	4297	2309	51552	5533	64756	514	57699	92675	55321	1350	5322	83855	50632	54958	1349	80758	64432	55860	84034	8932	51317	7024	92856	10964	22872	4704	162494	5451	3068	6637	90113	128853	120379	23171	518	10069	122416	9556	123803	7410	6285	5745	11282	29127	112942	23514	154791	1345	259217	6881	50810	27018	348093	6809	7644	10632	29123	57348	94274	2495	5867	51255	3094	7314	4696	2783	53342	1657	10209	84833	10302	1479	4062	80324	9377	84232	126003	168544	9798	283989	55256	389084	90135	10509	122622	5034	9045	4697	5478	79754	100287569	51321	4056	1454	51024	439994	100505771	90120	539	8420	55861	109729181	100507588	202020	9939	79148	84740	7703
gtex__putamen_basal_ganglia__M010	79090	928	10233	23649	29781	55718	744	6865	56970	55105	55862	22931	2872	113791	4522	100101490	6901	2935	51101	92960	898	57794	29098	54433	4728	26235	8576	9068	59349	10965	80776	11017	84306	23769	2123	1678	7978	25847	114034	55425	1840	55332	3142	9128	11258	80349	4716	10256	25874	9869	84553	83940	4253	25769	10538	57466	11269	149473	9715	29115	100288142	84283	8833	9232	4712	63877	79101	196951	5368	3622	753	27115	54811	4135	201514	92342	283951	85007	80227	2072	197322	5441	253639	55152	284273	66004	134553	100996455	6948	200728	885	132946	4828	127687	85028	353	399818	100130587	114769	7920	7917	6235	101928578	440567	401074	192111	100507602	81488	123706528	100506388	54460	110806280	11276	117134596	107985770
gtex__putamen_basal_ganglia__M011	5980	1195	8635	5606	2006	27122	7984	54929	949	65993	6557	3781	7760	23351	4792	5127	8874	56061	3191	5438	64748	9355	2022	27087	6484	114971	54516	60682	7942	5528	10342	10675	60482	51102	10459	1647	3925	8835	1211	60437	55577	6204	2806	54776	84266	10365	65997	1635	10452	83549	7376	7322	79412	51805	6210	1284	23493	9550	5046	123920	6135	10899	165257	79137	201780	222255	196743	256364	10284	112936	81552	70	4000	431707	118881	55897	80221	124045	147015	84331	8722	7025	29882	54344	84667	200150	728294	6635	23764	84937	100129075	1282	5757	373156	85236	83694	503542	100316904	100506725	102682016	100287482	57026	401115	102577424	79154	56260	150244
gtex__putamen_basal_ganglia__M012	5238	2824	4710	4802	56922	102157402	51161	55687	7125	3646	3978	1998	8673	56122	84068	9617	11340	65982	5605	7533	25913	8930	26297	9040	7283	6388	10207	55858	79161	9360	8720	51631	51125	220869	133383	195827	10158	23176	3251	23300	51693	5604	10892	23023	9804	128439	56945	344148	3615	284029	84529	150472	79788	23556	3108	79583	5699	10195	100506697	6234	90271	100874094	100506826	51608	102723430	100506070	100505495	404672
gtex__putamen_basal_ganglia__M013	204	6894	4058	79091	489	5891	7051	1565	55815	55565	56942	65990	55011	27143	51411	4601	59342	6909	29095	7389	3663	4016	83605	57176	55114	5211	4867	80142	220064	57407	123872	78994	222068	54058	84911	124093	8986	322	136	90288	5426	64787	27335	1762	79581	339559	219348	9612	142678	84501	9534	9311	3073	27040	1773	84320	100132273	439949	632	11344	84334	9236	124900372
gtex__putamen_basal_ganglia__M014	57595	9762	84502	112755	4713	29799	23551	140730	6855	1821	23359	5864	25789	23413	9148	10900	7475	4985	58512	6543	29993	9143	23025	25830	6616	78986	494470	55061	285175	159963	375323	9900	11189	150726	285368	85300	90990	254263	125988	22877	205147	1850	5575	57799	192683	80863	84258	284615
gtex__putamen_basal_ganglia__M015	6224	6141	6160	6193	6128	11198	6122	6223	6142	6158	6143	6152	6209	6230	6125	84190	6155	11224	6229	6205	23521	6202	6161	6130	6132	6157	27247	10540	6165	4666	399909	6191	7311	1937	6139	147727
gtex__putamen_basal_ganglia__M016	51330	9235	92745	1356	81671	10272	80832	28231	57817	3315	1440	254394	1837	10068	6769	10205	162417	1953	26253	116071	347735	2353	2357	116844	4869	12	100190940	266917	6997	720	254559	3240	124902204
gtex__putamen_basal_ganglia__M017	998	6717	38	64744	6614	11069	9524	9013	320	8153	6597	22907	57639	83608	4152	60681	3491	1939	9922	6834	149986	1831	57805	84124	25946	93107	201255	284358	10587	258010	23089	283856	56109
gtex__putamen_basal_ganglia__M018	55160	285220	9097	26015	4924	11052	9913	54853	54973	6895	3687	51594	11164	116173	686	94031	93134	1503	5771	653319	2968	101927117	388610	140
gtex__spinal_cord_cervical_c_1__M000	2729	4800	1080	57679	10181	23098	10165	996	3980	57019	55904	3920	26022	6833	221	57157	9855	27072	60528	57787	3720	9043	10157	23221	6224	7812	10178	10747	1185	26993	54799	54476	54443	933	11183	9961	5238	10463	9782	23386	27032	22902	8540	9716	57476	4719	2730	960	6642	9774	55334	10908	57554	2530	8554	5981	26009	7204	1462	9765	1497	3631	9440	1495	22884	64848	57120	51773	55187	57492	81037	79810	54477	1112	51742	23095	25771	57475	23201	84957	5610	58508	23369	8975	23041	7771	51768	50937	6873	10347	54887	3843	91526	23536	4638	55248	51167	7089	83641	6602	25791	64834	27107	2263	10565	2235	4756	5315	7158	79641	23250	57560	221395	4040	54916	10640	8218	57704	23161	29995	26528	51109	6720	64398	2011	55743	51095	23291	54847	5151	6605	4905	55205	51175	8672	10371	27332	7587	4140	285527	1739	55973	25956	22920	11176	88455	2239	83992	2975	9576	9452	83737	3991	3835	1785	8671	6595	9933	5663	56650	6932	57092	55218	4208	65985	56113	55100	55322	905	23136	4779	2932	7514	57226	3842	22894	1540	91746	334	1307	3030	966	3732	9522	57531	22911	5243	55054	4799	27292	5475	79796	8898	51593	9489	2775	10059	339175	8570	55741	1795	51433	84678	29965	57062	55760	6548	8812	29888	79594	2802	84196	2734	27327	51310	55632	54822	79968	117584	9209	10013	51430	4214	6319	79956	22931	1153	4670	2872	421	89781	6663	9681	23331	10521	9567	9701	6305	1727	1120	27352	79734	6767	9978	2033	9786	3705	5494	1983	23405	79882	22990	9252	10278	57680	9837	10110	26164	1137	23347	23253	2000	2332	5230	56062	22862	55757	5257	83752	80777	79726	4363	1186	7329	653390	1445	8925	23205	80208	79848	79752	4683	6422	55284	3551	5327	5862	7227	51366	4741	427	1891	6625	23646	9253	11100	7297	1954	22900	374882	30000	5296	4099	56006	858	10049	8887	5803	55131	1174	56913	54664	5425	26608	2218	79937	158471	7091	55664	23189	23586	20	54926	11196	11101	9806	54462	9562	8729	23185	8453	7343	3837	8402	57003	6603	4355	64750	9343	5573	7531	26118	55161	54940	64854	5602	7466	1182	23321	152503	2743	7358	54414	23220	22897	57562	26273	833	975	55553	10944	9761	10728	65117	55846	5554	51699	80824	80018	2054	55832	5869	56890	8914	55188	6428	26036	2070	10767	9896	57221	9444	84498	56940	26054	3157	10902	23530	6678	10087	9685	5924	900	1004	28965	10111	6500	9631	5515	80006	10915	4090	57222	80315	10051	51421	3836	55186	11235	8087	868	56987	2632	23150	11222	64689	27086	6787	8745	55683	4691	25801	79745	55704	10314	55120	6772	2677	23301	55818	57448	79954	1615	5334	4999	22848	4780	7840	55103	9731	80267	64766	9181	3953	7799	1429	4548	10765	5129	6513	9670	533	2166	387338	23215	11123	56181	5511	1509	23271	1385	8609	23120	84251	2733	51552	79109	2531	91754	27030	5826	51004	29094	9419	3416	3437	55717	79886	6950	80314	55068	51780	7181	10174	80218	7750	64786	51538	29899	51426	84248	1314	11155	27241	83637	55975	55234	8034	11113	23389	11228	8082	466	64375	29078	79809	29994	2181	10564	6780	8675	10617	23326	8239	6745	745	583	84899	23163	8189	9491	10616	6238	3895	26030	55288	8021	821	5908	5787	50809	9088	6597	23030	6049	5189	8910	85378	9514	92521	9732	4698	3231	1123	54832	91860	83448	57153	112399	55320	7011	6397	79649	1028	58986	23383	57572	1804	9667	51429	4705	23149	55201	170463	10439	157922	64793	6874	10585	1786	6535	7776	9584	23229	23199	9467	9779	64145	29893	54882	116983	8500	10948	64087	83636	2643	10489	22907	5894	10346	55037	6117	64208	26057	9406	54739	1742	4147	23208	3508	25778	57511	5158	23037	66035	116988	91298	51520	3612	23075	272	81846	3295	55140	79768	55119	10390	10717	4613	3572	57614	51765	9698	84950	1837	55082	7174	25821	577	10492	57231	4076	9053	54806	85021	2799	1368	4193	80003	2752	9857	26122	55681	9882	23143	4008	9445	9805	1607	6426	7716	11143	6434	6326	64844	51133	55627	84317	10730	1515	9373	26206	55667	116113	23787	51439	4926	60492	5962	5519	54839	55075	102	1629	26160	9581	80204	10128	310	22891	79800	9360	57520	29789	6744	26035	55435	84162	55589	9908	950	4704	121441	51228	7009	55206	81542	81614	9990	6938	6652	10099	55180	5046	64784	9785	3801	1009	22980	9611	10351	1213	54828	55197	114876	23533	7157	79092	94015	6904	57521	54877	90378	4782	91039	351	473	63976	23038	10026	1952	5451	27005	81609	4170	23126	7159	65123	1130	52	116841	9580	84874	3899	9686	29926	91775	285282	152404	9711	8893	287	54532	285440	10299	81555	23092	153830	78991	27242	285855	51390	57583	9589	4191	56996	64599	57502	30011	7403	55869	9203	27316	9705	6867	51110	7013	6129	55638	4715	7436	4915	54886	2934	56904	90678	80013	6935	2746	120	23082	8038	84364	23052	92105	57325	9219	51092	84866	85449	1006	85458	9871	7068	1977	9223	9472	2132	81792	152485	4306	54842	6868	80014	64417	667	253635	127933	55521	5213	114908	25780	9453	5352	10283	6328	50807	22878	25827	154043	80790	9320	1105	9653	5529	54538	1010	23461	9184	4685	9989	63895	139322	55529	55326	4343	55027	23367	9337	25769	90550	91748	145483	3778	25921	60685	27020	23522	142891	114907	115416	6529	7804	776	132949	4643	1859	25966	10239	114793	121665	56896	11079	26100	55179	8450	26053	56946	137964	9753	85414	4681	84134	51735	79053	54461	6651	29980	23515	57519	9813	1487	284348	55108	9619	4047	23387	54865	222236	284361	113026	91010	1973	81570	7542	51727	3716	5928	148423	93185	5824	23385	148362	133015	284996	152559	8545	285203	116064	64343	23114	23122	23001	6314	166336	57018	7871	323	78987	23350	64419	151613	11073	54861	113444	59343	55764	7086	256471	80335	79884	55314	80155	153733	55255	253260	167153	134957	819	222223	10395	5828	5885	23353	55074	501	7534	55656	55342	26130	538	22829	7415	220972	509	8559	7417	64324	7248	57447	145567	255394	2200	29117	55323	9318	159195	8495	8509	7084	65084	144100	567	9640	164	162681	6447	64400	2923	2801	51117	10999	84064	51755	125058	6786	4218	8085	2819	114823	90522	55611	6730	64223	199223	3921	55209	84376	3516	55788	359948	3800	54899	23192	23255	6774	8754	10098	22847	85476	25849	23099	126129	23214	10960	79628	25942	200894	93380	2873	6091	163590	10477	58485	9283	201931	9720	114825	10015	10491	57148	5209	5272	79145	9788	90594	541468	55144	2110	4135	5356	51523	2186	55729	10243	23261	2628	5728	83660	51030	7764	83452	54205	7690	57571	3054	348938	156	22992	65059	111	49854	79102	10534	147687	5797	3267	6777	1267	57674	345757	285704	23269	54872	57659	128439	253959	389524	488	10260	55167	133022	90806	7368	124152	9024	6731	201626	170506	9776	56674	64770	146691	79666	63893	9807	29882	205717	83869	140775	80205	347862	253461	7182	10425	79718	9332	55367	23283	79605	254827	25945	3766	7334	388886	3615	9659	254251	79962	221294	285668	160335	55095	23302	23241	285908	144132	9378	374986	8334	55432	169200	404093	25994	29072	134553	55228	55666	23265	6304	50863	7267	221178	389114	23705	161	754	158358	9284	23194	7404	387893	131096	6900	5504	7327	155435	26985	2972	56899	11124	55015	9146	123283	26013	89782	5034	8224	4603	5833	5727	55599	84631	54103	10623	4675	23621	27445	116985	5138	613	53373	23390	338645	7874	400673	1287	5359	282973	375743	51114	339287	26155	23036	9516	51155	54510	2272	79633	56164	54413	51466	100289635	6536	4122	4763	57730	199704	307	388566	163227	79690	1778	5094	80055	5718	140688	10438	23061	8831	128486	26020	6584	26037	23556	955	5253	339318	6687	440295	3792	140885	728741	54870	5178	51062	285989	987	10920	9652	10479	22909	124930	23127	22876	4976	51714	9853	830	4215	9666	79065	9848	64423	154442	55251	286411	124900275	65979	84243	55777	7916	730051	780	286144	5150	54458	54809	8110	9946	503637	3105	55779	23243	440944	7247	55652	3073	5500	10379	441204	678655	84461	440270	1654	388815	729852	101929145	5520	53822	728190	101927027	401022	101927300	100507171	554203	729658	100505641	150538	101927621	100287722	79134	100507564	100505774	101927084	100288428	124902280	100507254	124902439	338653	100506274	257203	285735	378805	100873947	105378738	101927289	117751736	100996590	8629	60674	100507261	100272228	284900	100506866	100506994	727956	23089	347689	56134	154881	24142	1650	283131	100129203	100505994	101927233	441369	100505875	100885776	100506465	339874	100508120	101929709	100507377	100507487	441046	55000	101928136	440138	100506365	283335	101101773	51750	145438	283547	283710	791114	115804232	9236	119139906	148189	100130950	283887	339290	284395	9939	118738	23380	100507218	100507433	440335	105372321	8517	101928601	728841	101927314	100101267	107986163	80039	6871	100289211	285463	100846978	100506207	29798	728158	84278	100289656	101928764	650368	388165	286554	246126	650794	107984974	728448	339483	493754	64940	5380	347918	100132057	124221	503639	283693	124906262	503638	148713	440104	80862
gtex__spinal_cord_cervical_c_1__M001	26073	54677	5164	51573	55049	64847	55001	115939	2328	5689	23166	7869	2137	8284	23649	1355	972	51507	330	1244	57514	8100	90326	54875	89801	9603	5601	84067	5291	27095	10806	10079	55781	84256	6894	30	65056	29998	29924	28966	4904	3796	10294	27071	79364	10610	26986	10420	2213	37	83642	6717	38	55034	22978	56949	54431	54518	51548	3093	26281	200081	102157402	5550	2512	22795	8455	6614	3902	9352	54890	11198	7051	7430	55118	25805	11018	26517	4320	8220	4242	24144	56993	23170	25813	150356	55687	9889	10490	4522	26133	57167	10732	5332	10398	10406	79863	9218	79576	5973	3750	51260	5611	55578	3299	10204	400506	312	157697	4066	6618	51231	93145	4818	945	83743	828	54922	26959	136319	5764	11333	6878	10467	165	727	4969	10488	8721	56654	64115	80351	56647	9126	84687	10493	10014	5608	26151	7448	26511	4126	56606	1410	23360	4013	28960	114971	29125	41	51411	506	605	217	4256	84519	23074	1337	26235	55856	6206	7942	51069	57666	23438	3156	662	3280	10120	51639	5496	33	10153	27101	9068	148479	515	5906	90231	7257	3399	1810	9588	79630	81847	6185	80235	56252	84272	26503	3433	4601	10285	4488	56128	9617	64236	51123	57616	55269	84083	80148	80820	7291	11130	11059	5585	4035	10608	6560	9217	400961	11017	88745	8970	116138	4502	1948	65109	7270	79144	23550	718	11034	3397	154796	5690	23263	10870	7067	25824	3276	23769	22826	10436	8409	2123	3425	83460	64921	80115	57464	2318	3663	6183	1315	5338	9526	1032	112487	4738	6192	6303	25873	84705	25796	3727	85441	26152	27243	91574	10882	126299	7700	3748	4695	55829	84034	23378	85013	51805	3021	6388	27183	64773	5111	51526	10810	84106	55748	196441	2947	5738	3939	80206	9704	9413	92558	29923	10220	9924	10228	55901	79866	83852	83605	10588	55316	3142	25934	56262	2356	8818	11224	11258	6194	670	8870	132864	58487	64776	6176	204962	5861	79172	118663	84925	57575	57117	84298	92979	84915	9107	53831	161247	57161	497190	8844	83608	51529	8792	113230	56931	57677	126374	81794	90580	57333	83442	6135	266675	148932	128346	57645	5202	8416	8991	1939	23557	129642	130497	54465	23671	55164	55840	10769	9140	9879	57451	401262	84630	84553	10957	221322	6993	221960	222255	340351	11011	51631	7569	347517	1730	26260	50814	137872	54801	220869	401548	210	6835	6837	92715	23412	11023	84504	7761	3619	149986	81928	221143	10284	55216	196383	57647	1456	83643	57700	291	60485	56477	9531	130074	81615	284312	152137	57407	26175	3621	255231	163175	56172	81559	23643	91133	522	146857	6782	51643	57466	122402	64319	391059	7547	4323	57798	11269	7567	150946	26504	10163	388591	1358	222068	7391	8822	51249	85395	84221	6285	79957	2264	9592	4796	222229	57125	5635	114132	115950	51035	10629	79699	54987	9903	57643	27306	476	130026	57577	8833	22950	79443	131601	9255	51385	3148	11341	3600	10085	81789	202333	27089	10370	57107	22853	138716	116328	155368	139324	4712	26050	10910	23588	219287	196740	169714	11092	116225	389941	4714	221120	7753	119504	6881	90701	201161	4130	6632	81605	56905	64174	10449	7571	90007	4597	55762	53916	1938	55311	51031	92162	149603	132158	200845	4336	378	93107	3622	4725	53407	10791	123355	5480	207063	4330	5747	4881	83987	201255	10555	79724	131616	166614	164832	153572	80305	93622	84522	81603	84287	51545	27197	198437	79029	92342	10218	51112	91647	112858	10231	171024	7572	118487	5970	653784	10089	26472	7423	257364	51134	10209	23333	83759	200933	2787	283951	23612	148014	253982	54968	79898	112869	627	666	284358	200958	100049716	441951	4808	10949	389812	51027	389072	8225	22882	114932	5781	79730	24147	340390	9495	55017	51333	54494	10224	400410	399664	64582	84890	219790	23641	1397	100506504	84316	2621	8690	4600	253190	4707	64410	130502	29796	7122	4303	374659	6991	8971	140707	149175	267002	8651	51263	400451	5087	54014	254956	105	374899	402573	23299	22821	84937	3858	57335	400566	10507	3006	285093	10383	170622	3014	340719	1806	613126	23424	9725	5478	1604	284486	2050	162993	57181	541578	92714	6714	6583	100190938	147906	10533	6709	4828	79892	85236	4155	8227	65251	54989	65992	6819	59286	7620	9086	4541	4513	28514	4519	2153	22834	63906	5365	4536	4540	4512	3151	4537	4538	4535	4508	51490	4514	619208	8528	196051	84455	10471	6257	3111	3108	3122	5089	80863	3303	114769	4277	3133	3134	57469	29902	444882	790955	339453	441054	55851	201725	9289	388135	51451	10921	401089	113219467	3501	3500	727800	4539	1427	286827	9311	113179	27040	2013	4207	10195	255374	728130	442319	100188893	134121	60493	128954	100287898	100506302	23467	221786	257000	100130417	3115	124906608	721	148413	284184	401398	101928527	151475	104355426	101927532	493812	401251	84320	101927895	414777	553103	84973	100506421	440567	441869	100509894	101928228	401491	105378828	100132273	107075141	9884	101927248	652968	142686	51608	58496	57665	57026	80864	112817	25764	632	340526	401115	84450	5032	720	643911	101928053	503569	100505678	100506282	100506668	106480796	100129917	255403	388610	100192378	56105	728888	100507392	100499484	283487	10597	101055625	283624	283592	109729181	100505573	283692	100507303	123706545	100507421	100506070	100507599	23246	105370888	100128822	107075172	100294362	10929	54460	339192	100288122	101669766	100507567	8148	102723582	8339	6880	112577464	11276	6349	3012	284106	11056	389741	29964	79922	106478991	285266	100506776	100506516	100506710	285796	359809	100507747	339829	114841035	124907726	285905	155060	100134869	389033	100506012	641977
gtex__spinal_cord_cervical_c_1__M002	23072	23028	84254	3675	10368	8913	4293	9912	9254	8938	6853	57172	7021	5310	5081	5646	6534	10867	9066	2556	30845	1272	57586	23154	2554	57210	3755	286	535	321	7092	23274	5874	7504	4134	55040	23327	5733	23105	5798	140689	25884	3757	26999	3918	5218	816	5662	2817	9892	84679	5141	6857	492	65055	6710	1258	1103	815	2046	490	55117	7224	29953	1400	56666	6620	7294	9671	3785	27092	5076	7163	57662	51412	5063	4133	273	5527	54715	7419	10590	22999	285220	1136	22839	4986	7481	22996	2196	43	2778	2036	23368	22895	1114	4897	23231	51168	83394	57084	84502	3881	54566	10580	112755	27328	6545	23544	4744	164633	8911	5816	114088	1113	51804	57452	9362	22981	57446	140730	11255	9751	5173	140679	56853	2245	2259	2254	80152	869	65009	7783	1428	23420	23359	23312	793	11075	57030	6511	56961	27113	79784	478	2906	22983	3780	5864	25789	4967	1395	10842	27075	54927	2645	3984	1759	1993	23413	57582	8395	1855	64072	10367	9148	253738	51195	3216	40	1949	2557	10874	8821	64151	56253	83480	887	8567	55531	23086	84867	56341	23316	2784	57150	7164	4988	2740	57396	2566	2257	57501	23007	6508	7781	29959	92840	6869	80146	60482	10494	26038	3749	58512	127700	9783	81849	5999	8643	79947	6785	53335	26507	30819	3215	1394	2891	440073	1135	10804	3208	22987	4852	23349	170685	51209	203447	10888	57468	78997	23096	2914	29993	9208	55715	10485	56751	5126	24141	10893	5582	117154	59353	79575	9143	146330	51764	7277	57622	57168	2847	2571	3746	2258	1013	79948	6861	79057	25830	140700	50632	445	139728	83546	23108	51308	6616	57127	9826	9633	128434	6860	51761	23281	1131	4628	9201	8900	55859	28992	10313	4922	10451	23175	63982	2922	51361	9315	112609	116986	2583	23416	5570	10505	1961	8291	9764	11227	6332	2058	274	2572	570	9568	4010	347252	7020	9873	440279	23005	56965	56924	10660	10152	90525	10021	5593	7222	55752	80144	2201	85352	9746	1280	9815	8620	54509	84530	85416	6751	643866	27133	80119	494470	147381	342667	773	1291	59283	402665	29943	343472	55061	1944	22874	129804	11249	6323	57282	151126	285175	57624	151835	57574	114884	6769	9718	90113	285533	8001	1016	170690	1404	2559	2561	10146	23138	10814	3358	6770	54212	114569	51059	114789	83938	818	9118	9651	83723	8448	22866	57626	150	3708	775	79750	341880	2674	144423	2895	53354	651	2911	115827	140767	7545	5801	5789	80309	7070	57338	84033	2849	56934	2890	200162	134353	114	2334	22986	3788	137970	6750	23057	491	6854	3084	3815	55799	3763	9478	387509	3745	10361	127731	2039	4359	2035	56683	11189	55282	146206	1141	60680	93099	2905	50944	146325	22941	2785	1996	148930	126755	4760	150726	7447	8618	1040	132204	85443	79442	94032	50650	84448	79012	23305	2898	30012	79722	348980	63974	168667	285613	6469	2020	340260	91147	79698	65268	83550	145581	161436	58157	644168	402381	5979	26012	9152	4745	3747	11245	112937	55530	654429	55800	81832	222865	89927	10369	201191	146713	112476	7171	784	84940	85300	146664	25837	57524	956	5368	3761	2786	9796	2675	2915	10815	5865	114787	51305	1816	7480	51621	9758	7532	285596	51617	147	91752	222008	90161	55561	4884	3777	283455	8941	255631	4761	85442	54777	7857	794	8708	3603	64137	408263	10125	283985	326624	26960	10777	91683	6623	3642	81033	6712	57495	105370792	170261	26047	442117	158038	266743	126006	254263	84107	9537	56675	5122	797	3291	9699	256536	2902	4062	6330	493829	8541	266812	56475	79751	222183	387856	92949	205147	441151	404217	27132	399668	127254	10472	3352	22864	401097	400120	6752	1132	374860	389362	64388	1129	5179	389197	10586	10193	2567	8905	11247	50801	22906	389075	5069	345557	50614	6000	2130	57596	163933	126567	80164	284656	29944	3768	1946	116534	256714	51286	84189	138046	752	6092	57419	255275	389493	266722	8788	399947	56479	80333	146760	84871	2558	4674	23040	139599	339761	4137	83715	6585	375612	51547	404037	6572	2563	5575	137392	345630	344838	56624	375567	389206	149297	5649	340120	400745	139735	11122	2917	131034	55190	165679	4311	8912	100287569	961	644596	642968	135398	400591	55753	50861	1305	222662	26052	777	340578	81706	114824	3897	9755	57692	2812	221424	9721	728215	653316	1639	101928906	220164	84258	339398	10962	125113	387804	55384	400954	100271715	134111	85508	652991	283514	8718	100128264	64641	91584	378881	1159	401399	105373377	400765	440823	392617	389634	441459	404266	729178	121853075	338651	101926913	389023	387882	390616	84968	729993	100189589	105377986	257068	161497	103695433	654790	102467147	124901076	25907	255167	100507043	101929176	157627	100130155	54551	388015	692247	399959	400046	196475	101928416	102723895	124907392	100506411	729911	145694	146429	642658	343702	106456574	100507050	83482	55879	147670	389332	284615	8447	100130705	26220	2904	112441426	3975	389856	139189	57636	101928991	102723471	440435	4747	6753	102724859	101669762	105374338	729732	389906	107985953	124900848	101927401	101929748	101928737	122319436	101928092	442523	645784	554236	138649
gtex__spinal_cord_cervical_c_1__M003	3075	843	8837	6542	204	3683	85477	8842	5080	6401	920	695	1634	7305	240	1774	55	7454	355	5583	7133	5452	7414	4481	3371	822	10863	1535	55761	23224	6916	8531	51564	6141	55711	1117	10203	10797	8832	6688	10272	4335	6160	6480	2736	9462	55843	4162	6813	3566	2192	117	862	634	3320	5788	9262	2533	2122	7462	6452	5990	51291	30835	3912	51816	5742	29760	1390	54209	3053	27128	55964	4689	4773	3055	284217	51311	688	84935	11151	23062	366	1512	79895	5157	951	259307	10859	6217	10148	6510	7040	5294	56829	79974	3315	51422	81704	7306	2889	23064	3257	6143	51225	6442	8714	64231	51338	3587	10114	6506	51296	6207	397	7421	283383	5777	50856	5992	1303	10475	9450	9555	1809	942	51555	9595	2202	2335	7850	9173	2274	79083	8942	63892	271	23266	6230	7276	4033	6446	8673	845	1441	6425	80231	84898	10808	317	113	7852	54440	6125	800	5328	540	64333	3071	3164	1017	64344	860	54436	3659	6662	9349	22918	5648	30817	5420	57705	968	79651	81	283120	9535	55422	2670	5538	4245	6155	7153	5176	3691	241	4629	4064	6210	1794	84868	2317	10457	3569	129685	83888	7097	11309	23213	5330	1545	953	51196	6229	10144	2028	5998	64098	1848	283431	8816	8477	7453	3394	93649	6563	9123	1453	6398	5596	2064	3487	7409	4542	89790	6205	23521	6518	3339	6202	963	2212	6279	7170	5778	6161	9353	51316	55016	6189	10184	10788	2676	79930	90523	79742	6134	115426	123	4288	6001	5058	83706	2209	7316	93589	55691	5800	26353	115761	56659	678	285313	5903	4929	25890	8470	27123	118788	6503	10538	6156	146433	9133	2207	714	861	80274	130951	6002	29	27151	139716	3689	3101	6132	6154	6159	3699	7805	467	79961	51278	79626	6280	1293	3577	285025	2199	56999	54502	151056	1230	149461	133584	1278	26266	1508	6850	1536	717	122618	6157	6764	7184	84689	4088	2793	124460	3481	3903	11314	10004	1524	197259	7148	255743	3635	3965	1285	4204	7881	6037	6039	6383	3987	3684	929	9306	2358	83595	116844	115727	4815	719	6201	64581	541471	713	712	8793	7096	10333	2015	79772	10458	10301	440556	6197	221091	124871	6232	7056	124989	247	91523	23526	3579	53829	414196	201305	1436	6218	6165	9831	54988	128239	149563	55803	57121	55911	3297	169611	6490	10320	338557	66002	2204	3861	353514	387763	64170	388512	7373	5104	348645	165186	284759	3908	51284	2316	29950	5265	400823	5167	8076	219972	6168	4641	5336	6191	1438	6147	5350	9060	4736	6263	6170	1756	7052	2214	9935	3304	199	7940	11138	57126	93035	5212	4489	57139	79958	283314	57194	63940	3672	643680	339535	645191	112597	102724297	105378763	101927070	414260	284757	137196	105371450	101928687	105378909	101928231	643529	101927143	79940	100874261	339789	11027	101929335	3109	8771	100131176	100506020	1050	100233209	644192	400456	100507639	4671	285626	101926904	5820	728488	101927963	4067	105375743	3240	105370526	283587	147429	105371423	101752400	8190	6139	284276	101928674	101927931	284021	101752399	101929497	101928264	100310756	283755	728262	400322	401577	440248	2210	256236	6648	8418
gtex__spinal_cord_cervical_c_1__M004	90293	56603	10180	1856	5577	10943	9091	29116	7095	55703	9921	64429	211	51071	55591	2824	4254	23223	6307	57602	29927	4659	6515	1431	22998	2139	5378	9950	79091	27248	5597	4925	9993	9948	6400	87	23503	7037	8243	8726	23609	25996	4660	5289	57103	2782	1653	260425	10464	55230	51194	10959	5705	51637	55900	23193	7597	25977	57060	16	55012	3183	9878	4436	372	55357	51322	6598	83874	3162	10175	23002	5641	80344	51098	9770	1457	26051	115201	4168	54602	81617	10664	83693	5934	79719	55174	4125	2997	3191	54938	11024	10282	10135	1124	4232	54662	57589	6387	5599	657	9644	9110	51003	27346	7323	2549	51166	3312	1982	4891	10988	57122	8078	2026	135112	6908	55754	2030	5144	2246	79770	1452	55171	84100	523	57669	90	25843	3069	22930	7456	9167	390	2956	6738	51440	57568	59349	4179	2152	55758	9331	6418	26094	55051	1788	7010	29126	80209	83468	1408	29990	576	51251	152007	78996	57486	1908	10385	6239	83732	64412	83786	51119	64430	8273	79066	4289	813	3609	57509	3949	4301	3270	25814	10844	57693	4772	6533	3337	5786	50717	1875	80017	8650	7428	4212	85004	29015	2073	3703	51347	60561	6885	10956	81618	9470	55654	28988	10241	86	9314	10868	2800	54840	63027	79811	80031	51187	3032	471	81556	51191	22872	23710	144402	58516	51279	8499	10150	112840	91833	7090	9960	5045	90506	4089	57140	105372481	51070	8751	9898	3608	2590	29097	142	805	85403	6622	10318	56257	8573	6567	3547	526	92140	50808	92399	23245	56623	118924	472	84159	219854	64067	2059	2313	121256	26040	57724	134359	85445	1601	60592	3192	79705	55740	388650	65258	81552	528	152992	29761	6566	84365	9056	7102	9556	3098	64645	1974	1376	9069	127262	64849	9542	56990	715	10020	103	84124	84449	51149	55260	339123	51005	10482	115209	27185	55249	79885	285521	26043	90826	57763	84135	6522	2203	322	118490	7702	5598	4837	6778	6809	10982	150290	399665	6240	148137	137695	28511	203190	29091	4920	254778	1677	7555	7360	373509	55031	2720	23587	152518	3308	80196	11214	8493	79188	26115	9637	883	118812	5621	10869	257019	83886	4615	55731	5707	163049	9416	23051	51574	84747	9832	7525	197322	344148	7298	153129	57104	54762	5339	147991	5187	79077	122809	9282	8575	7485	9798	6472	10159	342945	716	80781	28970	23258	401145	9276	201501	6948	256329	10933	51227	84924	339327	284677	388336	3556	5079	64218	57573	29068	79754	5770	2547	3066	6925	7442	92070	221785	51703	3064	6120	55210	79366	11060	27347	2475	100129792	339448	26128	149837	55366	6643	81856	51075	79729	51024	23053	55449	5534	221710	101927117	101929302	100506930	92249	220930	23761	105369250	283440	108783654	84548	115891964	7703	79893	7772	283045	255812	100887750	57212
gtex__spinal_cord_cervical_c_1__M005	889	6521	23077	928	2534	51099	1195	9604	53832	6683	8630	27430	27067	168850	51528	55745	6646	57458	57095	55726	55176	9650	387	80347	2182	1459	60	10179	7155	27098	8556	28962	11266	4200	2060	29887	9962	55614	51324	4345	55862	1399	51382	3091	23394	55125	79868	51566	80183	26512	9100	9738	26015	50804	54332	5802	22797	7046	7763	59338	91452	8036	64081	8649	1665	10553	26973	55110	51053	7957	25852	10342	57088	84695	2744	10190	8869	1386	4139	127428	9887	10286	9295	4811	34	1266	58155	57134	5955	4297	1268	64747	9414	5887	1997	23435	9227	64282	92	84947	25950	84668	79269	4552	10236	8678	23065	2770	51105	58533	81533	4354	10288	164395	64432	7322	261734	51388	10621	23111	7178	123811	22800	79577	2012	4907	8763	54583	80896	5100	79621	1910	53346	4711	57129	9649	9550	54843	27314	6386	79739	5495	1763	79807	839	121536	64062	663	2108	5636	6875	757	56950	9859	92906	84620	23190	79634	7110	58478	81545	54901	57038	51125	9166	774	26091	79780	23284	54545	120379	1909	26278	24138	51351	6728	51571	124540	55364	51582	51633	64092	84108	54768	2114	84255	84919	84939	6427	8880	10380	5274	5783	201895	25898	166929	80817	836	134510	221656	84267	3190	143279	84457	123016	29951	23300	23423	9768	51704	1499	2339	56947	3187	7336	90693	8706	65008	196074	9839	123207	7324	10678	23204	4534	29071	93134	1503	8801	79694	93550	1657	27333	3981	51319	116068	55884	54503	196527	2885	80034	23512	90411	253832	23236	56849	285753	54880	493753	4753	64757	5501	3638	57698	79659	390927	132660	284521	50859	55660	4646	51321	150472	91120	10210	1803	258010	51170	444	374900	23116	11179	259230	55219	1290	3104	255919	11116	387104	92482	101928118	100507336	6234	9278	100506826	53938	57461	100289274	23741	81488	23642	100130855	149013	404672	117134596	100505687	352954	442524	253039
gtex__spinal_cord_cervical_c_1__M006	55471	115703	80199	22955	2067	51629	4190	9369	114879	29781	55173	25875	8454	54432	23504	10787	124925	54929	7216	24140	6949	60343	22859	55679	55421	23016	88	9063	5794	8668	56970	118	57655	57192	25831	825	55506	7593	8174	23523	23541	23759	57820	9692	51292	116092	5127	55697	51172	9325	11184	284352	92960	1760	6449	81857	10469	54531	29844	93436	79036	11033	857	84182	24146	95681	7511	28964	8787	80279	1819	3959	55572	9379	6484	9049	4598	1108	50813	7167	51522	23195	23107	6242	27429	5000	4209	64960	57576	10560	3925	56912	5524	55116	79712	79903	5737	5395	5184	10199	55154	64794	79143	3704	4149	10131	23499	14	25870	9513	547	10422	375775	9885	23404	4294	23345	84905	1160	84152	10656	54862	23558	2874	26284	4678	55544	93611	10400	114904	83857	4221	84722	51535	285148	902	55250	3300	54606	91875	10006	23452	81853	93643	4750	3795	60490	6895	91012	55070	8826	55114	92579	114804	4152	23476	6455	51093	3068	10456	11159	58477	23635	79034	11160	4684	51524	128853	220064	7108	55002	1740	22948	339105	3087	925	118813	79831	115817	10311	347734	57477	8703	115584	5710	7791	118424	54058	7757	84446	10712	51160	9684	1173	55324	622	84447	80128	55139	349565	221476	135927	94134	3990	51700	9665	79759	54815	51693	80700	221749	3094	83985	79058	53838	598	10782	1717	56834	79703	64837	1488	79683	145270	28976	90637	157777	79415	23042	253650	55343	11022	128989	6525	10801	7469	51186	100129196	8632	284697	9729	653319	9612	11194	9583	93377	56882	83694	1500	26112	55253	1616	90233	4340	79600	4676	1241	339210	64506	348262	283089	285758	150568	202299	387521	10552	100131434	729678	101928725	729013	100505738	27239	2738	388021	107984813	92335	338382	100862671	105369344	106660612	727758	147166	2630	155400	84773
gtex__spinal_cord_cervical_c_1__M007	6405	23129	9020	55735	9862	10903	440193	6556	25960	50619	8635	2896	5606	23644	23338	3937	9709	81671	56848	22904	1606	57217	5837	6929	8974	80216	5743	25930	10411	4036	4849	23348	57506	393	55214	8761	9942	25861	3594	5442	27037	1690	5706	8106	4776	1522	28231	113278	9388	25839	9013	64428	1936	54758	4924	11129	2217	53635	6223	57817	29062	221927	3614	8985	28959	26468	80709	2022	219699	1440	54757	1075	7704	84680	29940	896	604	1154	7535	3336	3554	4688	51086	8835	5533	55268	80760	5335	6431	60437	3553	6487	54973	10142	8924	27180	196883	10095	11047	9473	55902	23180	5914	10401	79781	1116	79710	3601	1284	11095	6926	57639	10677	3679	23493	79074	3586	55755	4609	63971	4647	84811	834	22801	55177	3184	64116	84260	376267	79631	5073	123920	23174	2588	112483	26502	91978	207	10256	3491	64129	129563	81608	710	10658	10205	112936	10618	130271	10018	1070	5937	9510	51244	201163	1831	2078	8764	201176	6464	162417	160622	124093	7412	55220	1520	127579	130557	51705	5364	51368	1879	7098	285761	23462	55503	58526	90809	840	153579	259217	113174	4141	147138	23524	7439	89849	84879	91949	11273	27036	9079	9121	53343	126014	55657	57449	4300	30008	79612	283450	4296	26996	84733	114897	6199	286262	64787	8408	5074	56975	253639	117608	4261	4869	7378	340061	9968	23764	27124	7026	146722	101059918	11118	55615	1282	125704	728661	55340	645811	7004	613037	9814	7923	4855	2550	642475	338799	51239	8906	26140	353149	96459	84627	65010	2074	101926963	5863	9907	57553	3588	629	390595	100507602	493900	127138868	102723670	100130522	400550	400818	4302	79873	162632	84809	5387	130872	114814
gtex__spinal_cord_cervical_c_1__M008	29954	54903	23187	259282	51474	10758	9410	2065	23013	7075	4802	9138	5108	9984	55624	79175	10914	7018	26277	23598	8897	2937	3420	10084	8120	79816	6795	8775	2648	1998	51091	11052	345895	55776	4124	2976	54856	3155	23307	83982	7043	25927	55719	54853	56943	84318	11340	59342	65982	91614	11019	23155	60386	55795	83596	84190	8930	5589	25926	7317	55556	51540	23480	54496	22880	80195	5977	55858	9988	51626	5830	8549	60314	80349	55898	10040	9520	10650	10966	5211	3454	284992	90102	55646	64434	83940	196294	4253	7073	29970	9050	51128	10950	10600	124565	124245	4720	5900	2224	29115	29083	25871	133619	10922	138050	9147	11164	162963	10476	53917	2990	375484	220988	3035	6773	83787	93426	84978	1798	729092	57175	23023	203523	1106	7388	5708	55508	25914	575	7318	2242	164091	348327	29110	80213	8398	9735	340371	1762	148254	257106	57697	119016	401541	10811	112479	400931	3652	142678	282890	26058	169981	177	64978	7917	253018	8904	284837	285045	100129434	105378853	728927	105378580	283596	11344	152742	109729147	102724508	80022	100270804	80725	641467	6905	387036	84820	101926918
gtex__spinal_cord_cervical_c_1__M009	51603	7384	3097	3459	9047	9564	4734	10681	79658	949	10847	5351	22929	54469	8544	2280	2271	26227	9524	5684	328	63935	55245	54976	10139	10528	128869	64840	8131	64788	9093	6788	8677	64748	51599	2077	835	81619	4927	4790	55294	8683	116369	29074	2690	3313	1181	30818	85461	10067	10327	81892	25940	262	79902	51141	80818	51614	6776	54487	468	51234	3712	116835	51669	89796	11311	2766	55362	55227	91445	23179	7286	8394	55793	29114	275	9328	84280	6094	84735	7518	54463	3798	79623	9825	65264	29800	2539	8568	26097	220002	50651	148867	824	9861	64769	51246	55798	382	23203	282974	89797	57171	257160	3592	10713	521	54811	682	55222	5936	100128398	116135	55783	8241	10293	10587	79581	51741	147645	7784	9901	79711	23660	90592	309	340385	2870	6015	6992	653082	22828	2968	101060691	100127888	81567	593	112398
gtex__spinal_cord_cervical_c_1__M010	114881	8228	2273	11284	3074	10147	4205	8440	6389	55160	9817	57613	2346	80271	8079	22861	57715	25	64743	8260	3646	1155	3249	2931	6198	27077	91057	3945	26268	51715	28972	60672	79033	26234	79934	56731	27111	56926	3661	84286	10742	1802	9415	22873	84300	93343	5792	481	25896	11221	4841	4851	7345	252969	84532	129831	90993	8659	8883	23623	79656	84283	9382	51148	10632	1877	123099	753	6902	80198	79877	22885	128344	10540	284241	23580	9625	79673	2894	116448	10078	10336	6721	6046	50854	4722	91664	6150	100128071	100507057	643837	7726	51537	400043	100506581	91695
gtex__spinal_cord_cervical_c_1__M011	3382	6863	10076	10188	10290	23332	119	27091	114880	1005	64211	57106	3589	7165	80331	2742	7991	6804	22849	10536	79611	10307	9381	5493	9480	3218	3213	27019	2835	84250	5630	4829	123041	85455	7168	8631	116	8497	80852	817	2741	158763	8525	2893	5796	162282	3361	83850	7484	7410	5116	57731	91156	9348	4886	203238	138311	9317	2562	26580	81831	9427	146	2845	10605	90288	256130	1212	5426	51046	25970	3350	157695	3739	128553	389692	64478	441061	150209	4887	283643	389073	9228	80737	57540	107985040	154790	646960	115557	57604	27246	105370158
gtex__spinal_cord_cervical_c_1__M012	22875	4706	56928	56895	63933	55593	23446	5566	1781	8871	11342	9706	25978	4313	57556	6594	5931	84061	5935	25963	3200	55149	23232	55819	9528	57035	9330	79817	5354	54850	5322	7979	51250	4037	5638	7326	1022	80759	79899	967	5168	96764	55032	9061	6821	8533	29956	2029	51097	8994	221061	220965	871	6188	220108	518	64123	133121	25841	83700	54893	27247	64118	10826	2861	27289	84153	2804	9134	4482	11145	53637	100287171	2842	957	1121	10772	154215	9745	25829	387486	285550	6173	7268
gtex__spinal_cord_cervical_c_1__M013	3309	10659	639	1001	6093	56850	2355	8602	8425	7093	23112	50	51199	2717	3356	9028	1326	1655	29118	56994	4739	7422	5997	8013	54812	7045	51622	56927	2354	83541	60401	8471	83478	145389	55275	5295	10280	85450	133	1489	23648	3017	199746	117289	26253	1642	4144	151790	2523	284434	7730	12	83931	388796	8969	64771	128312	85028	9358	107985194	266917	3113	342184	102724814	83593	101929059	105373383
gtex__spinal_cord_cervical_c_1__M014	56052	27440	65993	6624	2260	7760	2017	51726	1384	4174	23351	6901	65990	4150	80381	9149	27087	54516	10675	1647	55700	3181	23363	80262	2868	30833	84266	3831	117166	8572	60484	27202	5025	26056	51131	3033	4240	6187	27043	85369	10899	23262	196743	738	498	4000	5654	55897	6137	147015	7059	7064	8722	25915	5886	51329	123096	8733	81890	102723775	4831	728743	118433	101928303
gtex__spinal_cord_cervical_c_1__M015	9244	9940	79645	22933	9620	131544	79152	10391	333	1628	8701	56171	2302	948	7225	91807	85452	114827	127829	79925	153643	123872	375307	286207	29127	124222	127795	132671	151651	146845	5653	83659	83986	200403	79740	169044	83450	220136	146177	196996	2788	256472	225689	255101	89853	9182	57165	148418	255130	246176
gtex__spinal_cord_cervical_c_1__M016	1890	27122	1471	79006	208	54981	573	5216	8704	27230	90203	4357	84330	81873	9638	3455	10603	11282	23176	116173	348093	29123	57348	94274	2495	661	2705	51282	65108	284207	9377	84232	126003	168544	389084	7390	127687	4056	439994	100505771	55861
gtex__spinal_cord_cervical_c_1__M017	81887	8514	8655	10044	10043	5106	5875	23613	81502	7249	55621	4591	79132	27339	23329	93973	151393	7143	51604	117177	25953	56984	80726	84701	57578	56978	51560	55698	10602	327	64399	6609	201254	254531	3916	338657	55532	9909	9055	26071	103352539	220729
gtex__spinal_cord_cervical_c_1__M018	7038	5317	1357	5225	5967	23650	10136	1360	6707	440387	2813	3851	1056	3860	5617	5406	8513	3852	5644	3853	2688	5645
gtex__substantia_nigra__M000	3075	2729	1080	889	57679	843	10181	996	3980	57019	55904	7748	26224	5164	3920	26022	163	57157	9855	9043	6482	23221	7812	10747	1185	26993	54476	54902	54443	933	11183	9961	10463	9782	23386	27032	8540	4719	3298	5583	55591	9774	56052	2530	8439	5981	26009	7204	1462	999	9765	9440	10659	57492	23327	63933	5601	6307	55761	1112	55745	51742	23095	25771	23224	57475	84957	10827	58508	23369	8975	23200	51564	10787	51768	50937	10347	5378	10203	54887	3843	91526	23536	23013	55248	7089	83641	27107	4756	7813	5315	89795	55593	23250	57560	375449	10294	4040	54916	10640	8218	9993	79364	8440	23161	54556	26528	6596	51109	6720	64398	2011	51095	23291	8907	5151	6605	10979	10644	6480	8726	11343	59277	55205	51175	6717	27332	9462	285527	5337	1739	55973	25956	4162	83992	2975	10003	2782	9452	5108	83737	8569	23152	3991	8671	6595	57092	55218	4208	4036	55100	55322	7514	79728	57226	79670	3842	22894	2195	91746	56910	3030	966	2122	9522	57531	29957	2017	55054	55624	8438	4799	56605	79796	4313	55239	118	339175	8570	51433	84678	55760	2802	8761	84196	2734	27327	1738	23231	51310	55072	55632	57556	54822	79968	9209	51430	4214	3983	79956	1153	4670	29801	4809	6663	9701	1727	4174	8897	6767	10598	5494	6430	1983	23405	79882	9252	10278	394	4792	26164	55612	23347	11201	5358	5931	5230	84061	56062	22862	55757	5257	10204	80777	79726	7249	26048	4363	79791	7329	9780	23062	3163	653390	79719	10391	1445	8925	25963	7082	79848	79752	4683	6422	5862	51366	427	4924	1891	3191	1209	166	2821	9253	51343	27113	5802	1954	22900	64748	5296	5143	56006	8887	2617	5803	1174	113263	54664	7046	7091	55664	23586	59338	64072	9562	8729	23185	55149	9211	28964	7343	22794	57003	1819	9343	7531	26118	54940	8649	4126	1998	27309	7466	1182	23321	57620	2743	7358	54414	9379	975	55531	10944	2965	8496	9761	65117	79611	80018	5985	8914	50813	8078	79632	2070	10767	9896	7957	9444	7422	3910	55914	4124	3157	10902	23530	83697	6678	10087	8622	55819	9685	5924	1004	6500	5515	80006	57222	80315	51421	3836	55186	7375	8087	56987	23150	6787	55683	51130	25801	79745	55704	10314	55120	2335	55825	8869	3554	1615	5334	9167	4780	64766	9181	7799	4811	59349	5129	6513	533	387338	1266	23215	58155	23443	55758	56181	114883	6794	4297	23271	22868	23120	64577	6446	845	6696	9330	9270	23307	6418	2733	79109	91754	64225	3416	3213	84955	317	10174	83690	8405	80218	7750	64786	22865	1314	11155	79903	57489	83637	55975	8805	800	23389	11059	540	57486	466	64375	79809	79934	2181	51604	6780	8675	23326	8239	6745	7913	583	84899	55026	60386	284800	10616	6238	10236	8242	10054	3661	171017	3895	22890	26030	8021	821	64768	5908	5787	5322	50809	9088	63922	23499	23030	5782	5189	8910	9514	5420	4698	3232	1123	5682	51105	81533	23383	57572	9667	84705	51429	4705	23149	10439	25814	6874	10585	6535	1736	7776	4037	7317	84905	23199	10487	9467	9779	64145	54882	116983	8500	10948	10656	10489	5894	23225	23167	55037	8864	5791	5901	23277	64208	26057	4147	23208	3508	4595	23164	25778	57511	5158	55748	4629	91298	3612	272	51669	1022	25917	57498	4613	3939	3572	57614	51765	25941	54841	25821	57231	26298	4076	967	9053	2799	1368	55336	2752	9857	3431	3300	26122	55681	9445	9805	28988	6426	4711	6434	6326	64844	51133	55627	10730	84253	152006	55667	116113	8737	23787	4926	4750	79811	102	9411	8634	26160	9581	80204	10128	310	22891	79800	29789	6744	26035	10144	55435	51138	5593	22872	84162	79807	1848	55716	7009	5925	64062	4857	145407	2100	81614	9990	6652	2108	49855	10099	5045	3801	1009	89941	9611	8533	93649	9520	54828	6875	55197	114876	94015	10966	6904	57521	54808	91039	351	473	23038	54499	5451	27005	4170	8394	2029	23126	9898	1130	9859	9580	805	51057	6323	29926	9039	64332	91775	90102	8893	1609	54532	285440	10299	9879	153830	10146	54901	90933	79930	57583	9589	64599	9203	4841	5631	27316	6867	51125	54904	51110	6129	29967	4715	1029	54886	221074	6935	2746	120	92105	6188	4863	472	84866	85449	23284	7068	9231	9472	2132	152485	54842	80014	667	221336	127933	114908	25780	51351	6328	50807	22878	154043	80790	9320	124540	23461	518	728577	4685	146857	63895	56934	5799	55529	51633	55326	55027	23367	65062	92370	90550	145483	23522	1974	9941	6529	7804	9069	4643	1859	2114	64897	11079	55179	8450	26053	23382	56946	137964	85414	4681	84134	51735	79053	54461	6651	23515	83440	9813	9619	54020	4047	23181	55823	222236	6427	84765	91010	1973	81570	6159	7542	51727	3716	5928	8880	64123	23528	5824	148362	27185	129880	152559	285203	64343	201595	23122	23001	57018	323	23350	64419	54861	113444	59343	55764	7086	150159	10424	256471	80335	79884	26269	55314	167153	222223	1508	5828	5885	55074	501	25879	55503	26130	538	7415	143279	9147	8559	7417	7248	57447	145567	79789	154810	255394	83700	2200	55323	9318	1200	8509	65084	7184	780776	9640	9665	124491	84516	4088	64400	2801	51117	10999	51148	51704	84064	10449	8085	10653	90522	6730	23524	117245	4054	55209	3516	55788	359948	440957	3800	54899	23192	11273	6774	8754	23099	23214	25942	93380	9839	7798	83985	64118	9079	84894	6091	1501	10477	58485	10015	10491	10678	57148	5209	9306	11214	79145	9788	55144	2110	598	5356	10782	2186	2628	4300	5728	361	83660	51030	83452	54205	4299	54971	1072	10524	65059	111	2804	49854	83591	5797	79834	1267	57674	23333	27333	8722	57659	389524	488	55055	10260	55167	124152	6731	201626	51319	170506	1488	9776	64770	63893	25914	161176	205717	83869	54503	6197	80205	347862	11253	253461	7182	10425	3725	2629	25945	3766	7334	5339	221294	55175	2066	124989	5198	79415	160335	285343	9500	285908	91663	374986	8334	53637	404093	25994	79813	100287171	205428	79673	134553	7485	10159	716	55666	128553	3838	6304	7267	221178	23705	161	2842	158358	493753	219527	6900	5504	5101	5587	8398	162239	9968	10801	7327	26985	55015	9146	26013	4603	105	10933	5833	55599	10623	4675	7626	55922	3840	53373	342865	51547	7874	8632	7373	1287	5359	57186	51114	340277	339287	120892	9516	23450	51155	54510	284697	79633	3376	29068	1604	5770	51434	6536	399687	4122	6925	100	199704	388566	5094	399909	5718	10438	23061	79027	6584	55753	26037	5253	28512	6687	3792	140885	5178	7405	374900	11321	5350	285989	987	10920	9060	10479	22909	9824	4976	51714	9853	100129792	57713	830	4215	6721	9666	79065	1756	9848	7052	64423	387066	55251	124900275	84243	55219	55777	7916	780	11138	643965	5150	6643	54458	79958	9946	57194	503637	5500	3672	26140	387104	84461	440270	1654	729852	101929145	5520	728190	101927027	401022	401398	101927300	101928470	101927621	101928118	100505774	101927084	124902280	91316	101927768	100507336	100506274	100874362	285735	414777	8847	101928231	101929302	100505683	101927289	117751736	100996590	8629	60674	441869	101101772	100507557	100272228	284900	154092	100271832	100506866	5863	101927152	387521	285286	6173	727956	23600	347689	7268	10137	10443	101929595	283131	643911	100505994	101927233	102467147	441369	101928176	255187	339874	728723	100507377	102524628	254559	23642	26065	101101773	101928599	283547	283710	284395	9939	23380	105372321	8517	728841	100101267	118568828	80039	57223	6871	31	728158	283755	255812	100132341	400322	100887750	388165	286554	246126	401577	118433	440248	728448	339483	493754	349152	155400	347918	6648	124906262	503638	80862
gtex__substantia_nigra__M001	81887	6405	4074	56603	10180	55610	5577	10943	23077	114881	64847	2115	5080	9091	7005	29116	9862	7095	51534	7384	928	54903	51099	51096	54814	1195	55703	4190	22902	477	2273	9921	64429	50619	56895	3459	5452	2896	10908	5606	9099	84245	27430	1175	5256	2824	57120	26262	168850	51528	9709	5291	26999	5610	57602	10758	29927	4659	55718	54432	65125	1431	10838	22998	55726	10147	55176	9950	9650	8653	9399	387	27248	5597	10681	1459	9948	60343	22859	7037	8243	6389	55160	38	6624	60	23609	25996	7155	1641	2260	5289	57103	9984	6507	1653	9817	5794	27244	56650	260425	28962	11266	9689	7188	594	8668	7760	2060	55230	27292	51194	22929	80271	55696	54469	8898	94005	56970	5705	8602	51637	8544	2280	9962	23409	10961	57655	8079	57062	25977	10914	51324	51726	16	4345	23256	9878	1299	4436	1384	51322	22931	55506	387680	23541	23759	23598	9463	10043	50	1690	5836	5706	10175	51382	5684	23002	5641	3091	7528	57820	328	5106	51016	2937	55245	23613	23394	54976	9770	81502	51654	9675	26051	115201	79576	4168	8260	2332	5127	80183	3356	54602	81617	26512	79758	10664	79650	29070	55697	51172	9100	9093	5934	4150	57020	50804	6788	54332	55156	54108	64089	55011	2068	1760	6449	81857	10469	2091	208	1155	10226	7297	3780	93436	79036	10135	29062	11033	1124	835	8896	3614	24146	95681	28959	5425	54829	2022	54662	57589	7763	6387	5599	219699	657	91452	9644	7511	8453	64081	81619	8787	5889	55163	80279	4927	3384	1655	3959	2145	5573	54868	5376	83871	7323	2549	51166	1665	55294	7468	83891	1075	26610	6309	3312	55572	6484	27339	26973	1982	4891	4598	506	10988	56890	57122	1108	3945	8683	4739	135112	5467	29074	26268	6908	23438	7060	7265	28965	6897	2246	23398	79770	5917	1452	25852	10342	57088	1181	28972	4691	3676	5136	374291	6772	64895	84173	2677	10190	23451	5510	151393	5000	390	1386	2956	4139	7143	9731	51102	10067	4209	81563	1647	10286	9295	1429	64960	51440	57568	34	10765	3155	79033	50999	2152	5825	7292	163404	57134	51060	5955	1509	22926	9331	23632	64858	64747	23314	9414	5524	8013	26094	7043	81892	1788	51646	25940	29126	5110	91687	39	399979	80209	10808	7181	83468	8835	23435	64282	55269	576	29899	2971	84947	80148	5395	3181	51251	152007	23549	1908	4552	10199	83732	64794	79143	51141	84266	56927	4149	51614	83786	51119	6776	8678	10131	64430	8273	54973	23065	10365	14	2770	10606	51234	92521	813	3712	54832	91860	84268	9513	3609	25983	58986	83475	55274	26290	51250	81	10095	55201	170463	9885	57693	4354	9584	55902	4772	7322	5914	3337	54862	6117	26284	4678	55544	93611	23111	7178	84125	83857	51520	406	22800	5977	4221	8650	1965	4212	10390	51535	79577	902	2012	55250	747	7174	79587	3703	11095	55312	51347	6926	5025	60561	22832	4193	54583	80896	55654	2317	79621	51131	1910	53346	11143	57129	11311	10006	56262	9314	9550	2800	54840	51754	2766	132864	338699	60492	8836	6386	2542	5962	834	79739	5495	54536	1763	79675	81556	51191	3184	22915	9908	64116	91445	23710	144402	58516	121536	6895	6601	51380	65082	122060	112840	91833	6938	663	9960	55070	4240	22980	5636	409	7157	114804	4152	4089	6455	3454	23421	10026	64129	22823	4259	55793	56950	8751	10899	10456	2590	29097	92906	84620	11159	23190	79634	3329	85403	29114	66000	83939	58478	6715	23635	55814	81545	51473	7941	221322	64418	7403	6567	50814	526	92140	9166	83940	50808	10280	23245	56623	26091	118924	196743	84280	51074	710	79780	51524	7108	84159	55002	219854	4253	27250	54545	1737	120379	3606	64067	2059	27034	23310	1909	2313	57724	9050	134359	2697	10309	24138	1601	60592	3192	5937	57407	54463	55740	388650	81552	51582	118813	152992	64092	6566	79831	25769	10600	7102	84108	9791	4323	1831	2078	347734	84255	56896	127262	195827	64849	57477	9542	81544	84919	9191	115584	56990	1827	5710	149483	8883	10020	118424	2539	6285	92799	6464	103	4061	51149	1173	622	55260	26168	51005	10482	84447	50651	57648	115209	114803	148423	7412	10380	824	10602	132789	118429	151556	55249	79885	5274	130026	5783	9861	7871	201895	151613	25898	51705	51246	63891	2982	80817	27236	836	57763	134510	84135	7098	10559	819	23462	23514	23353	115330	10922	203238	51271	55798	221656	84267	3190	58526	84720	382	123016	222389	840	259217	64112	29951	118490	23300	440026	5598	9382	6778	6447	6632	399665	57171	257160	6137	148137	51031	137695	1499	116071	378	203190	1281	83657	161823	3592	85476	10713	3187	254778	7336	90693	10960	7059	1942	8706	65008	3094	1677	3185	2990	9196	375484	7324	84640	10972	53343	23204	5272	9229	3308	143425	8493	79188	9637	53838	4534	84522	118812	64080	93134	26156	6902	151827	79029	1503	92342	5621	7064	257019	28998	1798	682	8801	93550	55222	79612	1657	1717	4615	79877	55731	257364	256643	5707	163049	5936	345757	23051	3981	6124	51574	64837	79666	84747	116068	7525	29882	344148	55884	153129	196527	28976	57104	2885	25915	54762	23512	147991	286499	23580	23042	11336	8575	90411	55432	404201	64219	388341	64864	55343	94039	11022	2894	284013	80781	8241	28970	9802	54880	7378	23258	84319	10078	116447	9276	10587	138046	201501	51186	7625	25840	400451	7026	2124	51741	55693	5501	10345	3638	353345	57698	339327	79659	125704	284677	284434	163087	7390	3556	50859	83931	57573	60491	55340	79754	222553	2547	2104	55660	4646	3066	55532	51321	92070	150472	221785	309	1778	51703	3064	93377	10210	91966	2870	57209	258010	51170	26112	27347	2710	22887	9909	11179	339448	26128	259230	26071	6046	50854	29902	286144	5699	613212	255919	105377203	3823	131118	253018	11116	22828	402	51075	339210	51024	283	100288842	414152	353149	55449	388815	606495	6293	221710	100302401	122455334	3113	100506930	51275	64288	92249	100874058	100189589	57461	10552	80301	23761	729013	101928847	593	100289230	493900	81488	51750	145438	120766138	107984813	9236	100130370	149013	401612	100129550	7703	5691	79154	100130890	359809	6905	101928583	107985115	727758	84809	1556	147166	57212	152195
gtex__substantia_nigra__M002	23028	799	9256	3675	10368	6863	8913	4293	9912	90273	5081	51085	2556	30845	112611	9052	923	57586	23154	9369	2554	57210	25901	3755	286	535	321	6570	7092	5874	23026	7504	4134	55040	5733	54477	23105	5798	57504	64718	55359	84699	10076	23504	124925	5141	1496	6857	57595	492	6710	1258	1103	7224	29953	489	6557	3785	9620	119	7163	51412	29089	273	5527	285220	1136	1005	65985	4986	57613	7481	22996	43	9509	2036	54498	8425	9727	23335	51168	57084	1725	29911	28978	11332	57828	27328	126353	4744	5816	114088	283578	7443	10202	9362	57446	140862	9751	140679	9949	9016	83692	27286	688	9688	55238	6923	23359	171177	793	11075	7991	79784	478	2906	5864	1395	7036	54927	2645	3984	64420	1759	1993	57582	8395	1855	5309	253738	51195	4591	23125	40	79132	1949	2557	23158	8821	64151	1410	55291	887	3263	23316	2597	2784	1303	57150	7164	4988	9749	10279	2566	10723	90249	23527	523	50512	57501	6508	7781	29959	92840	6869	84812	80146	10494	3241	6382	84634	26038	79814	23046	81849	79947	1421	6785	118427	5918	5493	54812	53335	83401	1135	9479	22987	7291	23349	80114	51209	57468	23096	6253	10893	5582	117154	51309	59353	9143	64921	57622	57168	64753	389549	3169	25759	79057	27112	4301	445	139728	54869	1327	2161	23108	1644	9826	9633	6860	51761	1131	9201	55859	28992	9645	23508	10451	10468	85004	51361	84900	84691	112609	27165	54806	5570	9764	6553	91875	6332	92856	2572	570	113220	9568	4010	347252	63027	9873	5547	7225	2230	53826	440279	54839	403	10021	83478	55752	80144	2201	85352	9746	196500	1280	8499	54509	84530	6751	145226	27133	85455	80119	8128	80000	50488	147381	773	6531	59283	402665	79258	90874	6016	7483	129804	57574	114884	6769	185	8001	1404	23138	10814	134829	113130	1142	8973	54212	51059	80728	90678	9118	8525	1813	9651	83723	8448	53942	57626	130576	288	79750	2674	29970	130340	80097	2911	115827	55203	79888	147463	84959	84033	2849	129684	55361	333926	2890	134353	83873	6854	3084	23648	55799	3763	90993	116987	388591	127731	2035	57369	80274	7062	1636	55282	146206	7757	1857	93099	80178	2785	1996	148930	25893	4009	163589	55220	554226	886	152110	8618	1040	51725	94032	84448	10393	7015	348980	285613	222962	6469	340260	65268	283209	161436	89890	84858	5979	3747	55530	654429	374569	322	4004	5579	222950	138429	4025	29785	146664	956	4992	7266	84684	9677	3354	5865	114787	1816	7480	51621	7532	285596	147	9482	91752	222008	3856	164832	3777	283455	8941	255631	85442	54777	7857	11346	794	5617	8708	64137	408263	80011	283985	3642	81033	253959	170261	442117	158038	11041	254263	155185	125144	22843	1139	5122	339344	163126	9699	84277	148252	374786	64787	284716	3738	29928	266812	343172	9332	283229	387856	205147	3350	54913	399668	59344	23302	246213	22864	118672	401097	85453	374860	389362	64388	23760	1129	10193	91050	326340	2567	8905	4692	9628	340146	5069	345557	6000	2130	163933	64478	284656	128989	51807	3786	1946	256714	645974	5454	752	6092	389257	57419	255275	56160	266722	8788	10336	54014	399947	80333	127602	255022	84871	345079	340529	4674	27445	139599	339761	642987	6585	23270	1630	28986	643236	401027	5575	345630	344838	29780	375567	340120	9729	23708	139735	5079	55190	9819	165679	961	644596	85379	400591	171392	344787	57565	222662	23230	337876	777	340578	81706	3897	57692	221424	728215	653316	1639	124906016	100506731	101928906	150297	220164	283673	2532	10962	2086	594855	157574	387804	10809	55384	134111	100506688	283514	100128264	112597	378881	118460	1159	92340	401399	105373377	400765	105378732	440823	401260	100506392	91149	107985820	643988	642345	107986618	101926941	100132948	378805	150786	102723817	729178	338651	399697	101928537	390616	84968	400958	440132	343171	257068	279	4831	100506314	400456	654790	342184	100506465	124901076	91948	26645	441046	729330	157627	100507341	100130155	54551	388015	400046	196475	729911	101927793	140828	105371240	343702	644242	119545627	100507421	106456574	83482	6182	100505576	400612	100287932	339192	105371899	400622	389332	105378083	284615	26220	112441426	105375519	3975	389856	390660	57636	101928991	102723471	110806277	4747	102724859	100130148	283267	101669762	105374338	105372079	729732	102724474	101927401	729870	105377727	101929748	122319436	101928092	106660612	100131998	150244	352887	286042	352954	645784	554236	138649	105372799
gtex__substantia_nigra__M003	4267	51364	7752	2534	7869	4057	2137	8284	23649	23034	51507	330	29781	11285	6642	57514	8100	2978	3074	79810	55650	28968	8625	54929	9627	11218	4913	4904	6550	51015	79091	27440	26986	55679	3993	27091	55843	10179	10615	51548	64744	2646	3732	102157402	2512	55741	54439	117584	8697	26517	5434	1565	56993	55954	83746	150356	10490	63935	26133	10732	85366	10398	10406	7125	79863	284217	3750	10084	64840	56271	5611	3299	79153	8131	64788	8140	55313	114294	9325	80381	51101	312	4793	92960	4066	56961	54922	3718	57794	5764	50617	11333	6878	6119	27075	727	4969	944	10488	56654	3257	83937	64115	80351	9126	8036	51174	51003	27077	23130	114971	9049	41	605	55110	217	4256	51715	6206	135152	64689	30818	51639	27429	10153	10056	9917	5768	148479	60672	3399	9129	8643	10327	8548	1810	9588	3925	5325	81847	80235	5887	27130	56252	84272	25927	4488	84068	440073	1191	23155	1271	80760	79586	84080	90203	84969	79177	88745	116138	65109	64518	79144	27111	11034	3397	5690	10870	25824	2123	117177	84286	83460	3791	7425	6183	1315	112487	58533	6192	341	3727	50632	26152	11047	9040	25926	10882	7700	5119	8572	10742	7691	6737	23378	6388	27183	5111	114034	10400	1116	55425	10250	84250	85444	5738	29889	9704	1514	9413	29968	1840	57639	22881	10492	4907	10220	183	79074	9238	54606	10588	1101	150472	25934	8818	7507	4609	90871	55362	6176	51332	3032	11117	130752	53919	51279	4704	10219	347902	84298	9107	57161	80349	55898	3687	10300	10040	51651	126374	90580	112703	57333	83442	6135	57645	5202	8416	11221	3707	4211	23671	92610	92345	3779	255426	84630	6993	136853	64434	51631	347517	1730	91782	84296	220869	414328	2040	6835	80013	83938	84504	10480	283212	57325	128853	221143	161835	196383	339105	83643	6868	291	51594	7073	9531	133746	284306	284312	53918	26175	4900	79705	55286	27295	91133	388272	5018	51643	10069	22986	114907	64319	7547	11269	79856	10163	212	2207	6493	29800	5152	6271	55129	23218	5745	9592	4796	222229	29115	160622	115950	400569	7627	220004	79699	57643	7805	127795	151354	115677	27306	126668	56983	91156	476	200185	84283	5584	57577	285521	8833	130557	54585	64789	51385	401152	11341	23379	23176	10370	79722	1278	22853	6522	138716	2203	155368	65083	145581	2350	220979	23588	219287	90809	389941	79101	123228	119032	81832	51700	3419	90701	644353	10845	2923	81605	51367	84436	55762	1938	92162	1877	3921	388753	4336	123099	1841	93107	3622	4725	29100	388969	51255	10791	1876	65110	200894	4881	83987	2705	7580	79724	126789	23235	202051	153572	94031	93622	90161	203245	81603	84287	55636	54811	146	115196	253152	3603	10978	5883	80198	6169	5916	153770	51134	200933	2787	128439	7368	9024	81876	253982	56945	55486	146177	6199	145270	79898	402682	653583	23625	100049716	441951	203111	4808	56975	10949	51272	6232	55152	284241	767	79730	64856	55017	157695	200150	54494	10224	168544	79777	399664	84890	23641	7325	1397	64746	10473	5121	57118	102723701	84206	10293	29944	131675794	28958	29796	7122	116448	80213	390664	79135	90135	8971	140707	267002	374920	254956	130355	84937	3858	101059918	401190	344905	400566	51393	10507	57697	339559	3006	285093	3014	83862	165186	26010	23660	7088	92714	84435	100190938	56125	4828	127687	51441	118472	1500	4541	4513	28514	4519	2153	4536	4540	4512	4537	4538	4535	4508	9055	92565	8528	3633	659	6015	1290	80737	7917	3133	57469	84501	100130958	55851	9289	388135	51451	201475	113219467	246181	50840	4539	1427	6827	27040	100996307	4207	255374	92482	100188893	134121	100287898	163033	23467	3045	101927420	100188953	101928527	728558	440498	100507057	493812	84320	101927895	6234	101928228	91368	439949	652968	7844	158	23547	57026	5032	100289187	720	100505678	390595	100505738	100506668	101929215	401172	2738	388610	56110	728888	100133315	3145	101928290	283592	109729181	100505573	101928134	100506070	100507599	100128822	148189	10929	339290	100287042	9554	54460	80054	100288122	147670	388523	112268241	105377540	123624	11276	284106	389741	101243555	100862671	122526780	117134596	114841035	107986669	92806	101928303
gtex__substantia_nigra__M004	64102	90293	56928	57414	55049	10083	5980	23395	8491	5238	1774	637	1272	25960	114879	578	6301	8554	55789	54896	3631	51606	395	2006	10079	3757	8454	57095	6894	1301	10188	23041	65056	56848	2817	53340	4802	744	4287	2263	8611	24140	815	2046	5566	87	10290	949	56666	6620	2355	79960	369	3093	7161	114880	2037	11158	2932	23033	5550	4258	10573	28971	64147	79175	64211	57060	23676	151887	55862	54566	7093	55118	283638	421	27037	8220	23539	27156	6305	23170	23543	23313	171568	55687	1113	4522	55969	5203	7165	80331	55738	1457	2742	6855	6594	2717	23295	55815	56942	54550	4833	5157	9694	55174	64130	51231	54555	23770	79846	221927	6804	83856	8777	2889	320	23268	5532	54462	22849	79176	64077	10531	79991	6945	10014	29098	64854	5602	55805	23360	4013	9828	8567	5002	4728	84867	10536	969	10645	56341	3736	23329	116369	23195	7915	55856	3617	10307	8287	57415	51555	10120	9381	33	2744	22848	66008	27101	271	3749	127544	58480	51086	4610	23266	90025	6185	80212	9480	114818	3433	4601	2891	56943	56243	11019	84083	92	30010	1211	79269	78996	5033	5153	64756	9643	10608	23363	55653	5184	55577	400961	25803	79637	3170	1059	9491	5126	83658	79639	6597	2847	9732	57464	26297	23639	57153	2258	79948	6861	3949	10452	57631	25873	25830	375775	23404	84326	4294	84660	64432	1729	54991	79228	64773	6616	8546	2835	23608	81846	9811	2922	80206	92558	6885	9924	9648	274	6812	3062	670	8870	64776	56965	5876	204962	51626	79172	55759	90525	57575	7222	839	6843	92979	91012	60314	145389	123041	10516	55114	90507	27043	6563	284111	113230	90378	641649	23410	757	207	57140	29943	5686	128346	481	55827	79590	51686	1939	57657	22874	64241	9391	165257	8502	57624	151835	9711	55840	201780	6622	817	23262	5066	2741	64777	81786	84553	8573	79742	90060	139818	26260	6770	137872	1807	220965	220064	1006	10284	114134	132321	5800	8853	387923	341880	130074	57105	2893	51128	6728	23589	9481	153478	925	123872	7345	6921	522	65258	51560	528	7273	114	3778	7381	5521	3361	4599	9478	9825	10361	8822	7484	57685	8867	516	51706	23400	11189	51249	4882	808	1676	7033	85395	7410	5116	57731	84446	26097	80228	5701	60680	79656	284695	343450	128308	574407	284996	388962	2560	57326	134	7048	2199	84818	285368	79443	54965	9255	91942	81789	27089	57107	134957	116328	216	120114	402381	6621	11092	116225	56339	26287	53981	374868	8495	201161	348093	4130	5245	26995	1398	51693	84940	55311	113655	124935	25837	64223	5866	26580	5368	23255	90075	753	3575	153241	29091	56947	2915	221749	521	4204	25849	10636	202374	27247	79058	123591	5099	4584	9758	11337	3035	195814	5569	81831	9427	84978	554202	91647	2845	10605	253782	10231	118487	90288	91683	7423	29925	7388	79703	162466	6712	402117	582	148014	132720	26470	5095	148345	246184	11145	197322	666	374819	2902	284358	84942	125228	8541	51046	497661	222183	60626	9659	389072	79962	8225	284485	27335	5781	23241	2918	127003	54952	7054	124274	118442	389197	284459	575	64963	55228	3418	23336	3739	55344	50801	22906	100506380	4703	441061	150209	4303	374659	340542	27124	10634	5592	113146	8224	440345	374899	5138	79955	885	957	6917	1755	170622	137392	284338	1121	1806	387707	389073	149297	282991	11122	90835	6829	9612	4666	57591	162993	64771	140612	9260	6714	11194	147906	4644	342926	54870	51062	9358	801	55253	9722	619208	399818	100130587	286411	83849	1797	4340	444882	56114	339453	4676	123464509	51239	6235	2592	10195	125150	55670	4636	8718	100131187	221786	283050	101930421	643837	6315	3281	728730	28985	388789	100873947	100996842	440567	100505881	133874	389023	150568	100507261	154790	729993	101927609	102724019	80864	23089	100507661	3109	401115	100132247	9054	401232	152206	151516	497258	101928053	192111	100131089	102577424	574538	374887	57604	27239	100144602	100192378	100506365	692247	101928416	27164	283624	124907392	102724814	388021	100506581	106660606	23246	124900372	92335	100129195	105370158	154313	378825	3012	6753	106478991	124901457	105377451	119545628	101929116	101928737	260294	220729	728411	79970	114814
gtex__substantia_nigra__M005	55471	23129	115703	55735	5689	728642	80342	51603	22955	10903	23187	972	8635	259282	23644	11284	54884	54875	3309	9603	25875	9564	1535	55540	5128	30	6433	5476	22904	8943	7629	2065	4638	60487	30836	4205	56850	57217	55133	8518	27071	57704	79658	53615	23503	2213	37	83642	5743	55421	57719	29090	23016	25930	5362	56949	6813	88	10411	1785	51006	131544	10847	5663	10325	55663	4849	51161	6614	55857	5027	55900	7597	5996	10296	55214	84572	57192	11069	7018	22861	825	10013	25861	3189	7593	9524	8216	6598	89781	85377	8664	4689	9978	9889	51199	9894	9985	4776	10110	28231	10528	3420	116092	9388	79868	11040	1821	8874	25839	9013	26015	80208	3551	3646	157697	4173	85360	79187	6223	93233	51477	51599	3249	6324	2077	5445	23242	8662	8985	10467	26468	8721	5730	23560	54757	9094	56606	7704	22897	51296	29125	51411	57696	283383	11052	1822	5777	55776	26235	1297	51596	7942	51069	23113	26054	57666	26355	3280	23276	1154	6242	85461	2976	7841	84695	8576	3069	7072	6814	10625	51463	10969	10560	2166	29937	54867	84795	7010	54853	89866	9617	11340	55268	1	65982	91614	9034	7852	27241	989	84668	23091	5335	6431	60437	79072	57510	4201	1948	79902	55154	3553	57187	718	8189	92667	55795	3276	8409	22863	117166	54487	51691	4289	2318	8930	5338	27180	196883	6035	15	54857	6303	5589	80726	85441	10844	10155	1786	10401	3996	55556	51540	85013	54739	116835	1802	8471	84106	22880	114904	80195	57578	7428	9988	4005	3679	3178	10956	84865	5279	1593	64759	11173	86	55755	81873	6194	93643	9856	84300	58487	55177	8884	118663	5830	9169	9815	84915	283537	122616	6727	23174	4864	112483	11322	56931	1291	126147	81794	105372481	10256	3491	148932	1513	128061	54465	6574	284992	64708	129563	55164	275	55646	153328	57038	221960	79034	11011	4478	2796	7436	54801	9328	56904	92715	23412	282969	27315	10658	83707	84735	5805	117143	79925	85445	7545	140890	200014	81559	115362	118611	9510	84532	129831	11326	7862	57798	8764	55698	3017	129531	124245	222068	7391	4720	29980	714	873	201176	117145	112950	7791	83858	5900	10841	54058	199746	80150	10629	25903	79961	80128	10109	55139	23114	23429	29083	27152	202333	3818	285761	7559	117289	4846	115908	6850	138050	139324	4712	84457	221154	169714	23203	138311	153579	1152	159195	7465	4176	113174	4141	762	7171	1642	7439	199223	200845	84879	197259	79089	4144	1285	55276	5747	131616	55031	929	6773	83787	120526	55657	84233	9533	8841	150678	79694	339122	55191	156	5970	4580	10800	203523	4296	713	712	1106	6777	84733	3177	79683	9134	196996	158135	55508	169841	286262	254531	112869	23141	200958	5426	6888	114798	2907	114932	5187	5886	144132	4261	51333	23526	253832	728294	55783	286006	4869	100996455	28955	9798	7318	23265	389084	29035	100506504	124976	2621	4600	8302	23194	55243	130502	131096	220	9735	3714	23764	340371	1762	79581	402573	23299	84631	146722	257106	56971	147645	11006	119016	401541	5104	340719	134637	728661	653319	4661	9725	9883	284486	2050	112479	90592	128312	353088	541578	142678	85236	282890	613037	9814	90987	65992	83694	23116	22834	29883	2475	3151	51490	4514	2664	26058	169981	4855	5089	114769	4439	642475	54065	642394	100131094	163486	2968	2013	10379	8906	55739	339231	728130	23053	96459	388759	100652865	100505696	387486	9842	100191040	84627	65010	101927117	117779438	285758	100506725	101927532	728537	401251	107984948	340017	101928000	728927	100129060	90673	107984875	751580	220930	387723	105378580	100303491	101927641	100506826	58496	53938	100131434	112817	5297	25764	140290	632	340526	9907	57553	105377105	101927612	100533182	25850	101927459	100499484	127138868	11232	100128191	105370526	102723670	123706545	107986266	730183	101928738	388677	27246	80022	100270804	100506036	124904917	4302	79873	11056	100506516	100506710	285796	100131320	91695	389033	101926918	641977	84773	130872	253039
gtex__substantia_nigra__M006	23072	204	7982	6833	55750	60528	57787	4145	9254	8938	6853	1534	5310	25900	9066	823	55655	57554	23274	27067	55885	23518	81037	114800	5218	816	5188	6515	55588	55711	3735	9892	2009	782	7216	5590	2182	3796	8514	490	55117	27330	1400	54847	8301	4905	23332	5522	9671	8672	4140	1781	4133	9063	54715	7419	2222	22999	93664	23136	1741	4779	23085	5026	3797	29887	2775	2778	10059	23348	26074	22895	29965	4897	3912	55012	23428	4637	10044	23031	55964	11252	1137	5332	128866	56853	1478	7355	2254	160851	50855	65009	408050	23420	8120	23312	55284	4741	6511	23646	8775	85865	4967	64327	2887	51422	20	10367	9110	9570	55296	26273	9600	65981	2054	56994	9847	1911	9750	221692	81491	117247	84498	2030	10923	2257	23007	1981	23301	22930	8604	57535	9829	9887	252839	127700	3964	10000	4179	8503	57488	84251	57539	4702	26507	1394	5357	57179	11113	2914	29993	9208	24139	63908	6487	3831	23263	7067	55288	23352	51764	7277	25953	93986	2571	1854	54982	3746	1804	547	23229	10197	1742	51308	54496	23281	10810	4628	10313	9215	66035	90956	116988	891	27255	10752	53	1837	2045	2583	85021	10505	8291	80003	85397	80210	50649	4008	10241	2058	54843	23005	51103	56924	80031	54874	1838	6775	10152	153020	5998	55605	144165	114795	7786	10150	376267	7168	79798	1012	55275	1213	2774	494470	114783	5567	5792	57530	27436	64969	3899	57282	151126	285175	79137	152330	84892	115286	57552	9515	9353	2044	10699	132299	287	285533	1016	78991	57451	51390	55262	357	30011	55869	3358	55638	340419	140459	114789	774	92211	818	57689	79096	5058	4684	84623	22866	1740	22948	134145	3708	775	3742	121551	9223	10873	55691	143187	1646	144423	5213	56978	152789	5801	4929	51571	25827	5789	116150	7070	10349	8470	139322	10670	116442	3798	3098	27020	491	776	445815	26100	79623	9334	1780	2039	8997	23387	1141	23623	79957	9684	115399	57465	22941	22854	100288142	55083	347730	132204	78987	51304	64769	50650	133308	79012	84059	55255	3360	2898	168667	114788	7534	55656	79698	26012	4745	783	11245	2562	55800	222865	89927	348094	23339	146713	6786	112476	7769	784	6520	255743	53407	27065	7386	367	51305	6335	83640	7360	1107	56980	166614	3752	4135	22883	10243	23261	326624	23491	51162	26960	541471	256130	64802	26047	148808	6138	344758	10540	9537	56675	57628	146691	253314	1351	79369	627	9240	157807	3737	79751	140461	25970	57184	127254	727957	9378	66004	785	50614	80254	5142	139285	56899	149175	387263	64409	84856	5727	220107	54103	2558	23621	54331	23040	613	4137	375612	26059	29978	23036	5649	23254	131034	51466	100289635	60312	8912	7442	4763	6334	8831	128486	104	50861	10533	57799	6709	6120	8733	4641	26052	4155	9228	148741	6262	10497	221002	26095	8859	2550	10921	339263	23636	64506	400954	285696	85508	642852	102724691	389634	386597	768097	6892	114821	101927590	266655	101929680	401491	56134	338817	11344	101928174	283140	102724623	552889	399959	103344931	100507534	140735	83593	101927151	152217	101927314	112694756	29798	101927278	84820	100289656	102724316	2630	64940	5380	440934	654466
gtex__substantia_nigra__M007	3683	85477	6401	9235	23166	695	5329	6556	960	4481	10863	6916	8531	1117	8832	10272	26469	3566	5788	2533	7462	30835	51816	5742	29760	1390	5008	27128	8542	4318	3055	51311	50615	366	259307	10859	6510	5294	22797	54504	81704	64231	51338	10114	8875	9595	9173	8942	7456	6195	4033	80231	113	64333	1017	4778	29078	1026	54436	3659	22918	30817	3976	79651	54897	64087	5176	241	79845	4064	1794	90853	10457	3569	7097	5330	6821	55647	8477	7453	55180	3394	6398	7409	4542	89790	6518	3339	2212	6279	7170	5778	51316	55016	10184	23092	154214	23082	6001	6768	83706	64407	93589	285313	118932	162282	6503	10538	56833	115992	861	130951	266747	29	4000	3101	2215	1520	79626	6280	6283	3577	56999	2921	151056	1230	133584	717	26253	57494	84689	2793	124460	3903	147138	1524	624	3635	3965	27036	6039	126014	2358	2357	10287	115727	64581	10855	8793	26996	7096	8061	10301	124871	7056	3059	3579	53829	201305	1436	222487	199675	9021	55911	10320	338557	2204	84981	353514	387763	388512	284759	51284	837	5265	728	1438	2214	9935	3111	57126	4489	283314	1052	9374	102724297	100506115	101927070	100505566	284757	646309	643529	3120	124904411	114614	101929335	1050	105369147	100233209	4671	285626	101926904	641700	401134	728488	105375743	23601	3690	105371423	728276	101928674	101927931	101929497	2210	8418
gtex__substantia_nigra__M008	355	3371	10335	2736	117	8555	7205	6452	5990	9843	89932	30813	128414	6640	5251	23205	3955	165	6506	5992	7101	5754	23286	1809	29842	2202	10936	8082	1757	6385	6662	10485	154796	5648	84239	79781	3691	29958	59352	23175	9415	57224	658	64403	22901	2064	7159	94097	4915	5995	25891	2823	10160	7402	3773	25890	83648	23305	91147	79841	55273	6764	51129	23620	9283	10458	23630	387758	440556	6657	56963	3985	374977	4582	114826	338645	388336	27044	444	6263	730051	648791	105378763	100506885	101927524	105378909	102723854	101929372	339789	105373158	100131213	645323	105369192	100505875	619434	9865	147429
gtex__substantia_nigra__M009	27122	22837	113177	2872	1471	83752	65990	79006	2217	573	5216	10227	900	8992	515	8704	7320	27230	8192	112849	5605	7979	4357	1349	55858	29922	6233	6637	90113	122416	11282	51375	10092	55897	29123	57348	94274	2495	661	4696	51282	22885	5441	3615	9377	90843	126003	283989	91689	122622	5034	9863	6613	727800	1454	100505771	90120	285266
gtex__substantia_nigra__M010	5317	1357	5225	1158	7138	4619	4633	5967	7139	4620	7137	7140	1208	23650	10136	1360	6707	3848	1504	440387	2813	3851	1056	3860	3849	5406	8513	3852	4604	5644	3853	23436	2688	5645
brainseq__caudate__M000	204	57019	55049	6833	2067	57658	23144	637	9782	9716	9921	55591	7260	25897	140876	51528	51663	9474	816	5188	3029	55711	25791	55102	5315	30836	10294	483	8518	998	6160	5566	6480	51175	1005	55218	3682	9422	57613	81929	5016	10523	79944	2767	8455	25943	51324	51726	2802	23594	9878	55862	8086	55280	23264	84312	5688	343637	57534	64743	6855	22862	8848	79726	54550	84264	57478	9093	55174	5516	4741	2997	268	9141	945	54531	23094	84182	8721	8029	657	6468	23232	10900	4927	51809	50862	57562	4728	84867	81566	51699	81539	55832	2784	51020	11329	7915	9896	117247	55914	8382	1004	80006	51300	84223	57669	9381	51652	26003	27101	23169	64121	4548	2582	8643	84251	23093	10171	79817	10174	26984	23244	6144	79871	644150	57486	64756	56897	57699	5326	826	57479	286336	50832	117166	146330	57464	2571	94101	3746	83448	83861	10298	26152	3911	139728	529	5989	57533	85451	7014	51371	23164	5994	84250	84246	114904	57180	57578	63982	10440	9743	84868	2647	7024	10200	23563	3300	51719	9648	57538	11311	26750	81873	5168	26206	11258	4926	5547	6176	5876	3032	9581	10121	29789	9908	114795	84260	8608	91012	23067	10169	23478	1009	29948	90324	1291	6647	51070	7371	2590	149111	84524	132299	6622	10769	64839	153527	57038	6993	4191	6129	55638	29967	4715	2649	23412	84280	57689	8525	85463	9638	81928	53942	3708	339105	80224	8872	29087	5860	4306	130340	51128	60592	25909	50807	10428	8526	7070	9868	158219	138199	10600	10694	9556	153769	6832	491	348174	1827	5710	1636	9114	57732	146206	5900	11243	51160	9794	57648	55083	3020	129880	388962	90957	152559	56983	79753	59343	91869	4043	8927	9348	55314	6059	91942	10466	819	25798	11168	221154	3251	259217	118490	6157	440026	5347	219988	6447	6668	94274	84926	1775	123258399	388753	27065	2915	254778	440353	23119	9758	123606	4255	84669	1056	2941	51013	22883	200172	10465	126308	140733	10690	64393	5797	64859	5936	2787	54872	79683	253559	131408	162655	285598	7352	83638	5870	158135	153364	664	339487	284358	387082	6666	51341	84314	221400	84622	400410	100127950	29072	55137	439921	7267	164091	79087	643015	80164	84319	139285	55967	83943	2157	23742	10308	51079	100101467	56123	400673	729956	729967	388228	144535	147694	120892	4697	284739	6477	4666	100287569	51108	309	5718	142678	26037	23145	645811	6687	23230	6191	84914	83699	284805	9874	339883	4536	4540	146923	4538	4535	100505933	134701	54923	29935	284402	105377203	353512	283314	259294	266657	259296	50838	727800	163486	400798	100420110	100271538	100422300	100421794	1147	7416	100271271	4722	729799	102724826	728706	56413	9080	140758	196913	353149	11331	678655	100287898	51025	100505876	56903	53822	222234	112597	100131810	645939	644896	100418819	286494	101927300	5512	102723566	100271884	100131638	138948	100128071	26082	646202	100271594	102723341	101927667	440584	122152326	246721	386597	169834	553121	391256	246119	26134	100873882	100271276	400604	643343	257203	26226	100874372	400129	101927551	140761	100420155	646870	101927196	100270855	389813	100421865	100420423	643699	201229	220112	100419489	107985040	100418781	645834	100874278	344065	100506119	440567	170547	100270896	730190	51275	729978	100422627	729056	642776	353267	100129250	107984969	100420557	100421595	100874058	100130881	400945	100631242	728300	100506897	100506428	100421371	266625	730861	100506271	644388	100507062	158	100130786	101928085	100421670	106480488	729389	100271150	23761	727956	100422044	398	140290	100507661	100270987	161497	647087	100421437	100270852	100419755	100270835	103695433	10443	101929468	145837	440288	283663	550112	56135	651644	134187	100420028	100526737	100418744	148898	56138	90342	646723	374887	401172	100418737	162972	541	100422271	392266	100506365	9708	728888	91056	692247	101929269	101927503	100874333	105369250	388112	55096	259295	493913	259293	259290	100422382	100009676	266656	246744	338414	100506551	100381270	105370586	196872	353163	7190	107984813	729652	100509620	119863865	124903619	102724430	100507290	105370888	124900372	100421173	644397	100421525	100421100	100418865	108903150	100422317	105372476	93429	54553	100507551	105377633	100129640	100533711	105377540	25786	100420114	128667224	729438	256302	390660	729873	112577464	84055	4747	7554	100133319	147276	27099	124906280	100130148	100507117	359822	116828	101241892	100507178	339829	105376121	389906	107986626	105371354	105378979	100131998	54660	441242	245	440456	79970	645166	155400	731275	652276	5301	6458	375133
brainseq__caudate__M001	4800	22875	54467	29916	3382	10181	126393	56928	26224	5164	79017	79602	57787	10178	2534	23395	5536	8284	11183	23324	9604	22802	1272	8540	57210	9519	3149	8554	321	9172	9099	23644	23274	26064	54908	2824	51606	23196	9341	79810	84067	4826	55745	51742	57475	57095	8975	9696	493	23504	1301	586	51564	84649	22998	51768	50937	4710	4904	1994	5214	5590	65055	23250	57560	10640	10420	11320	22859	83642	65993	4854	771	59277	9891	57719	6717	29090	119	9462	5250	9733	7163	832	2192	8871	2782	7145	57455	3991	55604	8417	23011	10847	4850	22839	54665	56113	4200	22837	4779	3842	22894	10325	8648	22924	102157402	9522	54700	51510	10075	51637	116154	28971	8886	54675	8315	4842	7597	55668	8425	6548	57060	51650	114882	9352	54890	79776	51310	7301	1808	55105	5125	6319	54620	1153	9524	283638	29801	2687	23759	8220	51386	1120	54471	63874	1690	6655	5706	10175	10598	89932	51550	10484	26164	54941	23253	115201	91851	6594	27344	84061	56062	688	143	10204	10725	79152	23417	6650	6923	55313	7976	8767	2138	10404	6422	56704	427	1760	166	729440	10775	6223	8775	5802	7728	30000	3780	23373	7392	23474	199731	3696	51678	56829	2887	11333	64598	5919	9355	158471	1955	7016	10488	9827	8777	2889	20	51010	1855	23268	22841	11196	219699	64115	23560	9644	54906	84961	10951	8153	23531	30850	57606	64854	26511	23321	55294	4013	23130	6506	29099	10944	6404	10728	55110	80824	51258	8078	29915	51389	51715	11149	55856	135152	7101	8724	9444	26054	3617	83594	5201	6678	55819	4001	5515	23548	9555	8992	80315	58515	51421	7337	23527	8087	56987	57599	84836	6508	8745	150465	80255	10096	92840	56655	6772	55825	7701	4999	1386	22848	54980	4780	65977	7840	5396	9731	9528	51102	127544	55223	58480	4209	26232	1647	10286	81849	1486	5999	6513	991	8548	9588	5629	51060	80235	5887	6418	26147	2531	148223	112752	64207	3437	84418	399979	84898	1997	22835	51123	256051	80218	91614	2170	84248	4952	311	57489	54482	80148	83637	10268	152007	1211	1271	11319	9559	23389	11228	8082	64168	5585	10755	262	57580	9217	514	60437	56937	27296	400961	88745	5269	1948	9375	27109	57409	79144	23550	84266	84938	1059	9491	5126	11034	101410538	23263	51119	84662	27245	2002	2123	55112	1678	64768	64919	7103	8089	50809	10975	6049	10142	7979	11135	79706	3231	10651	1123	25847	904	57153	1032	112487	9459	81926	2593	23677	5819	547	56995	23025	3727	10439	23404	84326	54958	6249	56342	9590	10882	1349	64432	54882	54991	6538	5901	3021	9406	60484	25974	842	10208	10810	23111	7178	9365	5983	23640	54663	22880	91298	1875	1965	9811	8932	10752	55119	10390	3939	89796	79577	902	91768	8933	9363	134430	29979	1840	10906	80759	6885	967	85021	4193	54583	2752	80896	149041	57695	1593	375248	23325	29079	10253	9771	5879	3364	80727	6426	7716	4711	274	23452	9128	10541	6194	63027	8737	51439	60492	6653	5962	79739	54874	9635	5495	51374	118663	6744	57575	55435	22872	7222	27163	901	8999	10427	254013	347902	84298	22822	8549	1848	160418	84915	9107	6601	23344	7009	55206	122060	10150	81542	256586	64784	23174	57336	9520	85464	25800	64762	10966	3607	84299	773	4782	6455	1292	114783	26135	8543	57645	55827	54499	5451	27005	27	80222	29956	23126	55061	10899	9859	127829	388	84620	151126	6161	26018	8994	4026	9515	493856	55016	1393	10814	90933	257218	1956	64418	55281	57502	54539	55790	84513	84296	51110	92140	8667	93100	50808	4781	54801	10280	92399	286204	774	54788	10480	23052	5531	1006	84735	196513	55768	22982	57182	83643	143187	54842	2180	291	60485	2674	221336	130074	147339	5163	83734	9456	152137	56978	5796	9412	166647	10461	7342	154043	163175	162282	781	26289	26207	7345	518	4685	5137	285381	147495	29761	64798	51643	57188	9791	23522	9530	55093	23057	54953	3815	4643	1831	84262	83850	54933	57477	3017	3745	222068	26958	56946	137964	8407	4681	9507	5763	267	284348	1676	755	7410	11094	84446	84814	6271	10712	84988	84911	57125	6427	284361	126119	29127	221496	1973	9903	205	116362	54587	199990	83941	284695	23528	4921	130132	56916	7039	7855	8545	151647	55356	285025	57703	64343	201595	285521	8833	2992	7884	26043	165918	79012	5229	133121	10412	23176	27089	7559	619279	5828	54919	154791	501	81034	6619	79698	158405	538	26050	7486	2957	220963	221035	23588	118987	57447	11245	116173	55530	25911	9221	8065	79156	9710	124359	50810	7589	201161	8800	4130	91433	2923	11051	5245	6632	1398	84064	126298	9726	7171	51693	6137	2495	26580	6520	5867	359948	3800	54899	55602	6575	10768	388969	10791	221749	521	93380	200558	9079	22871	6870	1501	57555	9283	7324	220988	2172	2720	130827	6773	83787	9306	3799	2861	3344	84864	6203	85315	26115	26108	5569	203062	203245	51282	4163	55144	10243	54205	154141	114900	257194	2783	57571	348938	29942	23023	8824	6670	203523	10221	147687	7423	5091	78999	7388	3267	6777	10209	80012	6712	8722	23051	6124	115019	9975	6138	132720	6731	201626	125988	125144	65108	9793	4087	80227	11007	286262	80059	285800	56888	100128398	4642	666	80230	10409	23403	391	284119	4808	79605	57085	56975	25945	2314	105373159	2885	360023	389072	404217	84875	9377	22882	114932	144108	128218	256472	64856	54813	122525	161882	51333	8575	23060	374986	8334	253832	118442	90843	284129	5179	389197	9625	205428	90355	575	51287	84629	220382	23641	10159	23336	1436	22906	29035	389337	91689	754	9802	27439	646658	339039	728340	23585	23466	57528	148641	114781	131096	3786	152579	116448	6586	1850	79135	3714	146198	80757	6092	26985	51065	59307	10581	51186	9230	123283	285513	9899	64714	253943	56479	220107	55922	57698	375612	84281	125704	92737	126432	4810	5359	6613	29780	643155	85302	23036	23450	145853	3146	50859	90321	2917	29068	1995	222553	5770	3066	2760	29966	140612	353088	163227	147923	7741	26020	84188	10794	6884	85236	127687	9228	140885	26275	79366	84775	6147	444	7574	9747	10479	112770	22834	92241	57165	9909	51714	4215	221002	9937	9867	26768	26832	100124536	26835	677820	677808	106479130	6085	26834	84288	196051	257407	550643	494513	55777	8449	23	100131897	401431	10206	643965	441054	65986	388135	317762	100130311	6453	90861	677807	677797	114599	692086	677841	4539	22828	91664	10195	51024	64506	751071	64283	729920	55672	100151684	284293	109616976	401022	101410535	439994	84627	100505641	348751	107985194	4509	102724900	84320	3281	28985	654841	618	84752	729993	90120	677828	400793	5698	387521	9551	401115	55861	101928053	55766	100505738	100885776	255403	400916	56112	10072	81488	27164	388327	105369779	100130933	729911	84210	10780	100294362	106481051	6030	9939	100861412	54460	100506713	100131691	109617004	100101267	2904	4302	6029	1602	338328	100996717	105376387	105369154	440040	155370	6648	57212
brainseq__caudate__M002	90293	381	221981	1387	84058	3675	3920	10368	6376	1750	2115	55001	8522	9254	9043	1951	51188	23542	5980	57709	55703	440193	23386	3670	3479	57586	972	23154	57476	11215	25901	10953	578	8498	535	79645	51121	3631	1175	7504	4134	57120	55885	10659	81037	23327	3074	9498	84321	23095	23224	84545	54969	4659	5923	5128	5662	10787	770	79763	1606	9892	8621	1496	55631	4649	782	7216	57595	492	4205	3796	5526	8514	139341	55658	815	490	87	10290	84708	4775	6605	10129	23332	55205	26034	9671	8672	285527	83992	51412	7155	5063	1781	54715	7419	2037	3320	384	440515	57579	1310	23136	29093	4986	23085	23033	9706	81550	5019	1307	4216	2017	22996	55054	54469	118	2036	23348	1795	1114	57655	55285	1738	26575	23428	8773	1299	4637	29911	54187	7093	10580	55118	2289	28978	25	23031	5434	2872	6598	5594	9567	4627	23112	79734	51199	80821	1113	6430	328	7165	81502	25939	9371	140679	191	10627	1478	412	5634	11040	6611	8266	83692	8874	2254	23295	5595	23568	65009	5713	83693	1186	79791	7329	9738	8120	57214	7082	2936	3191	64130	6449	79784	478	84518	5518	5864	1749	136319	3315	8976	9678	27075	54927	10652	6505	1759	57582	8939	6456	5599	59338	9806	10367	5532	54462	79176	8787	9527	51003	79132	51747	4355	1949	5602	23158	10227	1410	8882	10938	81622	55291	887	24145	25758	975	8496	41	3736	23329	2026	51559	64426	26127	57150	79632	4121	57515	10090	4988	4172	221692	81491	202559	2822	10846	5528	23113	2030	10884	10307	5924	55299	3977	1452	56954	523	80325	7348	64689	10289	23007	27086	28972	200576	29959	57142	27429	6869	55704	10314	2744	60482	63892	10056	9917	4985	55870	85440	252839	127700	149371	23266	80135	58155	55758	6118	10849	6785	4702	9480	64225	29094	4072	55719	80007	2805	5110	56243	10808	8161	3208	29899	5412	5930	79903	55975	4852	10124	170685	11113	55709	29078	9643	51209	9926	10888	57468	57403	27304	23326	2914	6903	9587	6745	9208	2806	7737	60386	2892	56927	128637	3704	10893	51614	8242	3188	51309	59353	8910	57168	9732	9296	64792	64101	813	10776	9513	58533	83475	6303	5589	10452	57631	1804	147965	6295	10844	23211	55422	23345	9113	2686	2161	47	116983	8799	2643	3337	22907	10267	5791	23108	51805	25957	51388	5786	128434	23281	1131	4628	79589	55859	9215	116988	23508	51124	1022	55207	4212	57498	284252	51765	22873	152831	26578	84900	85025	6733	577	3351	4076	116986	10505	64965	11061	1607	6812	5695	347252	51645	7172	85462	58487	8836	57569	56965	3706	80031	10017	2959	10579	403	5950	29766	8615	9061	23710	51067	144193	65082	161253	4857	83851	376267	145482	123041	10516	146050	663	57707	8533	54828	2774	55197	1453	6904	10907	23410	351	59283	6135	127703	79932	5567	3321	90874	261726	5498	5202	1382	9213	23179	255928	3756	7170	23219	8476	5778	805	6233	80775	3329	132001	9686	2803	10550	9353	2044	817	115265	287	5295	57451	285855	58527	5814	357	30011	8573	55634	6872	526	2796	114569	80728	53358	7357	56904	9118	23082	6749	79096	871	4684	9538	226	22866	143098	84159	23284	1740	23457	7316	57512	121551	288	9223	10873	2241	57700	1814	121256	84539	79596	6014	10618	53918	7402	5801	51571	925	5789	221895	148103	135154	84959	2849	8470	522	55361	6782	7273	285172	9844	10670	25769	116442	23362	3778	1633	419	29104	22986	5097	219541	375323	123803	3361	6483	114793	116987	91544	127262	114928	55607	81544	3362	10361	8867	9900	57369	808	55108	3275	138162	103	1141	56893	11282	51728	10825	220004	2785	283237	5563	553115	343450	2135	79762	64216	84542	129450	3754	7447	151473	130367	152519	151556	375295	317649	11167	23122	56648	1040	7871	51304	5437	23173	133308	2982	4889	92255	651746	55109	134266	2898	168002	55536	222223	23462	22853	27012	10922	54769	55335	84302	6990	55342	83550	283209	51084	89890	84858	23172	6297	5702	3747	121457	2200	27343	55800	81832	1381	5598	5579	7084	81565	4160	63928	23339	54948	2801	146713	6786	84940	85300	1938	80700	55611	23524	26005	1499	4992	3761	54541	84684	23255	753	3354	5604	114787	7881	65008	201254	7480	23252	7532	10826	10678	166614	91752	3035	202052	57148	9229	11214	195814	2850	11162	80310	286046	883	4534	9655	84233	219738	3777	283455	9533	9427	57687	23261	55178	7857	253152	9451	794	375444	253782	8708	10248	9915	122704	283985	26960	283450	22885	3642	79834	9804	23592	54931	8711	170261	158038	127845	11041	26470	344758	64837	80124	55486	1212	57628	10458	379	9832	9807	1149	163126	126272	148252	8851	2902	9240	345778	6197	3737	253461	64110	266812	203111	51046	222183	9659	7766	55175	258	27132	399668	9500	90480	246213	3352	220202	7710	22864	9378	22928	253650	124274	85453	151963	6752	1132	64388	23760	166379	92815	23109	5912	53829	54112	57463	51363	8905	143879	785	122553	23265	9951	4692	100506380	9312	340146	55794	18	729540	5877	2903	150209	8508	64061	645974	3751	340061	5142	8303	81931	5413	1812	6612	140597	140707	56899	57419	137868	255275	56160	114659	266722	10336	5453	4733	10718	399947	5833	23299	340529	4675	260293	4674	401190	23040	23131	4771	613	79955	200728	23270	79659	51182	26059	145173	65243	285093	29978	374383	123688	1121	4077	345630	344838	7390	642938	345222	51155	7259	23708	400745	9901	55190	57591	55684	643836	4763	154807	1612	5456	961	57730	9260	10447	388566	388662	8363	8831	147906	55753	4644	23556	337876	5178	219844	340578	2673	158586	987	23116	81706	347731	57154	6263	9853	2869	55170	3897	57692	1756	64423	389432	9293	221424	3633	653308	659	100128239	169981	2550	1639	57469	440145	390205	56114	144363	10921	220164	201562	348801	131405	10962	534	646951	55384	221092	84461	134111	1654	283514	100131390	6844	64641	84561	653199	107985190	440823	440465	9277	91149	112268276	122539212	100302692	389895	100131244	100505869	114821	121853075	100506054	200726	390616	441094	91368	440132	439949	51373	100287482	90639	10687	257068	1325	10552	107986096	2119	101929595	729082	654790	222537	25907	152742	157627	55000	100507341	552889	54551	57132	10597	100286844	105370648	150967	343702	9236	100507421	23246	106456574	148189	105371735	100505576	100287932	80755	100505761	152217	338758	389332	284615	112441426	101929497	389856	283683	6871	8367	28755	122526780	105373780	728743	29798	124903640	112267986	101929748	122319436	105378355	283922	147166	100506012	138649
brainseq__caudate__M003	57185	23072	9108	23098	952	23028	6936	25998	26022	6863	29116	65220	53616	1407	51534	9031	3423	11313	9066	60481	5010	51629	10463	81551	55349	22902	9369	9821	23304	30846	5583	7444	9135	57514	8100	159	27430	55812	23338	1495	5256	8481	80243	116984	55841	57646	168850	51773	5291	54477	23223	29085	84957	58508	79832	51660	30	2983	10513	29924	10838	6558	7629	5586	55854	744	55623	79091	1659	79641	63897	2182	9488	7353	8891	54556	2011	2121	54820	5817	80216	6389	5522	60	5337	1739	5939	55094	56889	56915	88	273	108	7520	65094	9812	1741	23047	1540	10450	5550	4799	10573	51701	4504	80024	10961	25977	29888	9727	57192	57106	57605	55763	54517	4897	23335	4345	84502	55632	54822	825	117584	25861	9044	53904	112755	5064	5902	339665	129138	4809	5435	79879	23331	25793	10043	27349	8897	27352	11020	5684	23002	5641	57452	51527	22985	10110	80331	10732	1917	63905	3420	22919	9218	79576	9016	5230	259232	8428	10240	2321	26512	51090	55697	8312	64428	1428	23059	10423	10295	9810	1445	123263	23205	25963	64397	1666	7993	7991	54938	6625	11129	284352	55011	55111	22870	58509	11140	59284	26121	93436	2901	56006	10049	10392	29886	3268	1174	24146	653857	1993	23413	56654	7763	26033	22849	56647	10531	10539	6158	1362	2145	1277	9343	25979	23788	2965	5715	23603	4048	79676	51026	6489	9847	9025	9439	57396	10723	10111	1809	604	84100	54464	11235	79669	7433	81562	30818	10120	2976	51130	550	64895	25972	9736	80303	23451	8869	5510	57448	9167	80267	9829	79971	965	7257	57568	6675	117178	3155	9129	51107	8704	8503	50999	25949	57488	4297	27145	9994	81573	26234	97	54812	53335	79627	84795	26123	284058	54853	56943	27230	55791	1314	8434	9469	8034	28981	11059	23597	80760	5153	5354	29994	55661	10396	29993	6631	6662	51081	54776	84269	79085	10236	80818	63941	83658	6487	5582	1350	53834	79939	23499	6597	84060	163131	51234	6608	56984	84952	84817	3609	57509	4738	7905	79709	25796	51690	51250	7837	157922	140685	50632	4294	7317	9584	23229	84440	9779	64145	3748	11127	1729	55829	3996	51478	23647	55037	80895	23480	26057	23558	1742	6388	6616	64900	84327	51164	9201	55425	84707	66035	51520	22800	3295	2949	6272	8774	1643	1837	25941	79587	51347	23014	51317	6041	51455	79074	26122	55681	10970	8803	4008	313	10588	64215	9550	54881	10244	7507	79139	55227	84300	10211	9656	22801	55177	9411	10669	10113	51163	317662	6775	29081	79675	3417	10144	51138	55589	23162	4704	9746	6843	6636	6895	10499	7168	6457	10300	89941	81577	50488	9775	113230	91978	641649	757	63976	23038	3339	85369	6258	51093	58497	3782	79169	27436	51542	54465	84874	113419	3899	79137	114790	55164	7110	285349	64422	7873	890	6189	84869	5066	689	10667	134728	10957	84310	64599	1730	3358	55909	6770	28957	210	6834	84895	57720	80013	10556	120	6877	54805	6001	27315	51501	4863	60496	6876	140710	149986	220064	9344	51503	55002	26524	57536	27250	196383	196463	9231	9472	143384	667	81615	83439	9397	79925	10160	10283	22878	80790	25890	375056	83648	84033	81559	135295	23228	129684	152992	2890	136332	130535	145483	118980	122402	7381	5521	219743	27020	9131	5261	115416	5147	55707	10901	4599	25966	445815	55113	10163	149473	873	3141	11189	197131	89970	149483	29101	23076	7109	8209	6285	7757	57551	4000	54865	9684	84449	8878	5701	126321	1857	5635	80150	6811	4041	284611	10092	56997	3625	284996	51023	134	23429	23001	54861	79443	64769	90407	26354	23272	63891	132160	80155	10085	84059	133619	84340	153222	134957	9263	6208	348980	10395	26173	79870	25962	57462	19	221656	65268	143279	10910	84457	220296	9147	8559	83860	138311	65991	145567	84706	4714	84936	8945	25820	54838	717	8642	1528	254225	222865	23300	144100	164	219539	84191	374654	6778	7529	4088	64400	4141	7008	81605	112476	4597	55762	114823	7705	1613	84717	113655	124935	89849	956	57691	114990	84376	440957	84879	91949	649	9796	26505	80319	4144	3187	4204	10636	26000	727851	202018	84894	81844	9185	214	116840	55031	10446	160518	1000	28991	80196	98	93622	79188	84437	120526	81603	27115	24149	1826	6919	4300	83660	91647	83450	115196	28998	64137	9338	7572	142684	118487	148203	6169	1657	51162	338692	10777	156	65059	111	8658	6599	4485	11163	442117	148808	246330	90806	7368	9662	8322	1488	9776	23015	196996	55844	1479	7525	51320	10522	54503	153129	6888	10009	255082	57104	66005	11180	100653515	221294	196403	767	2066	349075	80153	5886	2918	10194	284406	55526	5430	92293	91050	64963	283989	56963	81532	7325	55666	633	55256	2130	124976	2621	390637	51118	4707	64410	80139	51807	26276	79174	84441	4753	286256	3297	285600	64409	5071	1762	54584	3916	84197	402573	84631	84937	6256	353322	101059918	23390	55893	387978	5333	4501	2650	5757	9742	200424	7621	50626	353116	389541	401541	10991	27158	375743	51114	4520	26155	196528	64218	5478	283601	9883	84628	342132	100131755	6399	140465	55660	343990	57522	307	400931	23061	340385	171392	23729	5253	5660	121504	339318	440295	23607	59286	9931	339541	118472	7919	10920	55958	22909	5365	25829	4860	113402	4537	116461	7150	619208	206412	84455	85026	26095	6257	6499	730051	56658	29902	56144	84324	9946	100128788	50840	286827	81890	125113	2595	401562	23053	285830	100130357	399715	64601	55628	124901409	51192	8552	107984921	100129215	440498	57291	283089	113178	55009	6171	146542	100131801	196047	105371450	100996539	6892	101929302	100874314	399697	100271215	100506826	51608	57002	100271564	347689	1650	152206	386627	100505676	121233923	100507602	353511	56100	56109	101937451	286103	1519	100506606	120766144	100420981	4157	101929560	414899	8139	284395	56957	339192	100130522	100507433	101927151	101669766	84548	100533184	100507032	151877	8344	11276	57636	80725	11056	79154	401105	359809	113523639	100526833	101928583	145783	107985115	728233	147947	84820	107985911	442523	352954	349152	64940	283693
brainseq__caudate__M004	8813	81887	51056	7982	9256	23077	60528	55692	55735	5689	7095	55727	54902	51360	10771	64132	4331	11285	65980	55596	7414	10858	27175	7204	1462	5685	23518	89801	10198	8574	23101	23201	55540	11054	9410	63916	6873	9627	6882	2065	27107	1316	9759	11186	22933	6095	4734	6710	9993	4335	57704	79658	26528	9130	55421	11343	56005	55160	38	7587	23016	88455	56949	23032	9063	5289	9984	114880	1785	11158	1638	51006	11043	5663	4036	65985	56142	51668	55100	79891	91746	55230	55624	363	8310	51290	23368	55968	8550	51433	10914	7023	84572	84196	2271	7018	55644	23256	26227	4436	10101	6732	3189	79956	22931	55506	7593	9274	421	83874	7494	55954	25813	9978	84844	50	171568	55687	9889	114088	10668	2954	7443	9252	6729	57680	5721	25876	55612	5173	58490	79863	23347	5422	10735	5973	8411	23078	9688	80777	79918	51172	23406	4833	408050	51760	114294	1512	80381	56986	50804	23678	79848	4683	3551	51101	11075	54758	4125	10859	81857	28974	9441	10994	6511	208	79187	2109	8605	587	2639	25789	57794	6324	79846	29062	8896	8662	23658	10467	643641	64983	51422	23731	7091	573	83937	54780	57584	51684	26098	7511	51195	3837	1819	6603	1655	90410	57649	1665	55805	1075	26610	23360	27087	29907	10612	9828	51296	84680	10536	25766	65981	83892	1967	57696	11052	11103	55188	8683	10384	116369	26235	55084	5754	4124	10902	1007	9685	10923	10802	79770	22993	3274	1627	51185	26355	5947	23276	51011	85461	4358	10213	6711	2677	10058	151393	8942	60676	49856	54206	271	6421	54856	10459	10625	90231	60672	10745	10560	2166	5825	27042	25936	90025	118427	7320	23307	27130	57706	1743	114818	9419	79886	91687	92344	51248	6883	29880	10987	59342	1	8702	51538	84947	11335	29095	9367	55509	5393	2181	51604	128611	55653	5184	84693	64344	89845	6310	23019	4987	92675	56926	22913	5690	192669	7067	10131	8021	5300	23309	2770	64921	5471	54487	4357	7263	51691	4289	4698	54982	23639	51337	55278	4705	10585	93974	84660	353497	10328	23473	60412	84240	9557	64087	10489	85013	8546	94240	8471	54885	79572	406	5977	8650	79768	54522	51634	1912	51361	55858	55082	7174	79070	5025	167691	27097	10228	23479	4752	9238	91875	58489	55316	9649	1318	51531	63971	81853	670	29088	96764	4091	54816	51187	1629	3685	84888	60490	55008	55212	283358	55080	326625	55716	79720	161357	4236	8125	84656	5373	79798	55114	221184	8720	55090	84916	22901	51651	80000	55036	10609	90378	105372481	126208	10498	148932	3068	1893	81609	1513	1939	10456	84451	52	116841	29097	9391	4867	6574	151313	23671	57624	64708	9125	3680	91775	9718	1609	81608	57205	92345	285440	9140	9879	81545	5558	79034	89122	94122	79742	7552	91782	83940	26267	23245	114789	56623	6251	118924	11023	51144	283212	5058	89944	8448	3606	4718	27034	112936	160857	51594	5140	284309	130271	22925	26175	1105	147463	123872	4900	23460	91694	118611	4343	133522	91748	51001	286053	1974	6396	9941	23049	22976	54768	1859	257397	150946	8764	26119	144406	2176	26053	124245	115992	79053	516	65264	148523	83440	51706	117145	8883	5681	4882	2909	83858	118424	89765	7617	3689	84221	54058	5116	11182	26097	9673	93210	219931	54987	26027	84328	8880	467	51205	824	574407	150962	200185	64320	55139	23114	5274	8802	130026	9861	57406	25898	349565	1849	3148	11341	4085	4886	11157	202333	6100	114788	23514	91147	145581	84881	123016	116225	122961	91252	3429	8879	119504	6764	55839	23423	90701	9382	9640	113201	26585	5090	51117	26263	51755	7571	90313	84436	57701	51031	51293	137695	1877	124401	28511	5162	51362	22847	85476	3954	3965	79663	23099	8706	200894	5747	6335	201255	5986	163590	161725	2990	131616	4798	4862	5036	5429	90338	4884	283742	126070	3752	4135	2186	8841	93426	5394	51030	10892	84331	79612	90288	254122	55191	79877	5970	340252	4580	1163	91749	2745	158399	254102	29925	57493	23333	220416	200933	7096	144577	9416	148014	126328	81490	8815	219749	79836	6199	22877	55508	8607	4482	375757	340481	55346	2290	29882	401466	51301	9632	64787	80324	80205	79874	475	5441	54762	285498	63917	23512	63899	55030	23302	285908	50628	55017	124808	3059	387640	6748	55783	64782	6635	219790	54059	128553	80254	158358	493753	89876	130502	6900	10587	138046	10572	317781	89782	5719	8224	80333	54103	148254	114826	23275	4137	51547	81848	119016	84527	285193	134637	84933	9725	9687	57573	9361	90576	51434	23660	9895	7088	89853	128312	23365	100129858	199704	221785	92714	123096	203102	84301	6584	373156	65250	6120	9814	65992	7027	89894	374900	283489	4976	116228	90196	6046	3108	4855	643008	10919	7916	100507436	28973	2794	84501	1874	5150	100128946	23243	440944	11116	51075	5500	101060200	51400	400954	60493	388815	407975	101928464	378881	100505783	348262	29994	400619	100128675	101927468	106614088	102724919	5554	400761	388789	400955	101927554	92249	154790	105378828	100129842	105373390	6173	3692	3109	24142	3588	64968	390595	283596	729013	100131067	101928176	57604	100505616	441046	56110	5591	56106	100506649	7556	3145	11232	105369758	283624	100533496	26589	101927288	100130950	202020	100505797	441263	27246	149013	29057	503538	115290	112268241	105369201	23191	100131997	79873	100130890	285266	100506207	105379199	124902128	56260	84726	100133036	595135	107984974	645784	728448	554206	641977
brainseq__caudate__M005	1080	5577	221	5080	57467	3097	10867	26993	8193	23177	10138	27032	64429	6050	355	6642	9774	56052	57554	9497	26751	9440	56204	26262	57492	25875	9709	55761	29945	6916	1431	1975	57143	6416	2263	55699	56850	57217	64710	6949	6720	64398	949	8726	27332	4140	4292	5527	9139	83737	4983	79876	8555	7188	7514	10998	23259	10992	51161	54997	79603	2734	3912	3183	4670	4507	23523	23541	23313	5905	55147	11154	79609	10490	79038	394	1457	51654	5931	5935	11279	79758	1203	80152	83752	9683	58189	10273	84148	55192	3646	6713	4924	1209	4858	10270	92609	23646	3978	23080	10135	2617	835	4232	9275	7458	320	11101	22852	9400	9267	6945	64750	9368	55572	26973	6207	57097	1108	10767	3313	3156	7265	6500	23150	54946	51555	1181	7841	55120	3241	22930	5334	10765	5129	3925	23673	114883	10329	80212	51077	9913	54454	404636	6950	80298	55268	2971	29066	10549	7913	583	2354	56261	55795	58506	435	8678	3895	8520	3671	8930	84074	1571	9885	1786	4037	7322	84152	6627	55860	79781	51540	9826	50717	5158	83857	4221	80017	10971	285148	8565	23318	55250	9704	57231	23595	8763	5100	54606	6434	6498	7111	10868	84253	25822	23787	9873	79811	51008	471	57520	8654	27068	55605	121512	53919	85437	144165	8499	2098	54509	122786	122616	80349	4123	55466	5073	3394	54849	55275	9905	10351	1213	11322	5792	6391	5298	10500	25912	5664	64969	51281	10840	6715	6502	2966	23500	9589	7403	55086	8601	84294	220869	54886	2934	9328	26091	2746	6188	472	22948	1737	26521	775	89910	145282	8853	55835	26272	9910	53354	23589	56172	55005	7411	23426	6103	7862	8450	130617	65018	2035	56683	3455	6651	11267	201176	60313	51249	55129	55324	7627	3716	114803	127002	10611	476	11102	78987	441024	6259	54585	7086	3015	54726	134429	201973	23305	221955	29896	1508	1345	157378	51585	79101	112937	10845	222950	59271	10632	10653	83547	124936	4723	6730	4054	84309	55209	7266	84289	23192	51255	80723	56947	7336	10960	9197	9839	5099	7584	9482	9637	90594	3913	51126	256130	1267	582	11146	253980	201158	56945	5095	146691	23141	51078	157807	441951	79718	28976	9849	7334	4291	6879	79415	645212	727957	284023	22827	404093	728294	55076	84890	25834	79598	1397	170960	162967	161	84193	128989	80213	155435	2972	387263	8558	64754	10933	140691	54093	84924	23396	10623	57496	2558	23621	6228	642987	23048	79048	550631	57186	7581	3376	399687	4311	100	837	5094	10438	51592	219927	57799	6709	63934	1902	27300	10724	80184	353	55251	10399	54065	280636	10011	3073	2592	6150	8904	4636	79716	606495	29092	285954	114796	728730	8847	100506930	101927289	100505881	390940	257415	654434	105375405	102724768	5098	53938	57461	101927111	25764	84450	645323	728769	109729137	378938	100507316	100130155	729991	100506844	91612	100507599	56107	2969	110091775	100129195	9757	26220	9326	79159	11072	6905	124904288	729375	5380	147081
brainseq__caudate__M006	55750	6792	57172	2554	6301	8452	26009	3371	1161	27122	8454	26999	54542	55718	9877	1608	84256	60488	8776	119391	7158	6857	10681	5217	114049	5151	4905	55972	4660	7319	5108	862	9689	3797	10059	2280	8655	29965	57062	10558	4708	1725	7738	6634	9681	4174	4522	55245	51098	6789	8480	128866	57136	51566	2259	160851	5257	23312	26258	5862	51366	7138	6217	2821	5438	7087	6742	4521	95681	55665	79937	54981	64420	57589	55149	8453	9211	51174	29098	10553	1656	26273	55531	56341	1303	1432	10486	26036	51596	4012	25852	11068	2820	79745	8576	3069	55041	80067	8604	6654	7456	57535	58512	34	10327	9890	23184	29855	9270	26190	81932	30819	2891	39	2185	113	79712	79809	78997	55905	9521	55831	80262	57187	718	6253	63908	10426	22826	117154	79644	51105	25983	6861	51295	23149	25814	78992	1327	10487	10197	84313	4695	23167	54496	9633	84787	10001	79022	27165	84284	85397	83605	3658	10238	6326	150472	55627	55339	92856	2572	153090	6386	56924	8634	26160	54536	8916	153020	5910	5530	282809	283373	112840	7453	10363	11057	1039	6187	10939	114876	6563	10026	4259	64326	9898	65123	11159	6323	57282	130507	80852	114884	115286	285533	10299	10184	2561	78991	55651	51256	84553	51390	55869	51312	6867	7013	84131	414328	6935	92170	196294	54545	1456	129787	5800	23310	460	814	5213	115827	152789	9481	124402	23461	201163	81894	23355	285367	261729	10311	9162	673	9478	11079	26100	129531	23382	8703	56990	8566	56894	6294	55585	84939	1173	29115	91010	10482	64783	148789	112942	80128	10109	100507246	23350	9204	55764	4241	84448	114625	79982	25836	91137	3360	84135	26130	7415	55323	9318	2562	119032	322	80063	644353	84516	7644	79064	53917	51617	197320	4086	26156	2857	163255	4815	7064	10231	10125	55871	91683	345757	285704	23269	488	10260	124152	3265	152815	253982	170506	7189	10540	4023	79772	146712	169841	254531	653583	6470	401474	1662	80034	4351	126003	4869	168544	3418	7485	9798	50863	6000	145748	8663	256714	9276	124751	22888	149175	5087	51741	728621	28986	57697	170622	137392	163081	284443	51466	100289635	51399	6334	84154	10533	83875	955	91966	23315	30001	55035	777	50618	11169	23054	26049	830	340527	63943	4795	6311	84342	6494	5534	1159	643837	105376736	151484	8341	338651	728927	645676	100874094	9907	57553	644873	283104	192111	100505894	4671	283140	2738	56145	56242	10330	79178	23732	100885848	404672	31	101929059	220729	728411	728554
brainseq__caudate__M007	2729	26073	55904	8228	54903	58525	1634	1355	2273	51022	50484	55173	5798	57458	6894	65125	65056	7771	51167	865	2261	7049	8440	6196	6596	8907	10979	3785	10371	6624	4133	58476	6507	22999	55183	6595	56650	57092	3732	546	5243	339175	9762	55857	54439	11069	55573	151887	7430	51322	84144	3983	51586	10521	56993	23209	145508	3091	23405	22990	5700	55671	7528	10278	9658	28316	2332	54602	55757	8140	54332	333	1954	83743	6119	54664	55664	10613	91452	9148	28964	22794	5414	55163	708	5573	1801	54940	8649	80273	1182	51111	79073	1982	54682	79794	2054	1822	387119	10973	81688	51053	84498	59084	5917	4090	1894	10675	1981	1933	4691	51639	9801	23301	80146	3398	6432	6342	6429	23046	1810	56181	79947	5955	23271	8013	57862	4601	10672	55068	51780	64236	23435	10434	64282	23155	7755	64224	84668	51251	79269	800	26994	55297	57213	10133	57826	11017	221443	5911	10485	9349	24141	154796	3306	8445	3092	54832	81533	6192	64981	140700	51132	6533	8572	55915	4147	54453	10955	10313	694	51669	51241	4613	23175	6210	57614	9698	2045	4005	2799	79786	26586	9445	84317	56262	54534	9373	55362	5861	953	9360	10152	57337	51279	90634	122830	6938	4916	5045	7385	396	494470	5686	223	25874	26092	127018	57198	79573	3707	129642	3930	9580	23233	9922	116931	57552	6167	84466	154214	26260	4851	55327	9219	256364	3176	116966	219670	55293	636	127933	160897	24138	285672	9425	1070	5937	6328	124540	116150	57338	23043	55326	23367	56776	286097	132	7074	159090	1915	5603	9069	84187	4817	8997	150726	23248	3490	5783	132204	166336	25976	64850	401152	26269	90826	285671	153733	81789	57107	23366	7534	3190	254065	219287	5654	654429	7702	89927	26995	51704	57348	55788	4336	161823	9836	56884	29091	4330	10421	6383	123207	4493	10746	10477	58485	10972	9723	164832	255631	2628	596	5728	5621	361	55970	5139	49854	1964	27333	57659	23612	253959	9134	27257	56674	5122	7025	54998	79666	8636	9699	55884	4062	254827	151188	25915	205327	285237	160335	139065	84232	116135	8204	53637	64219	51649	2894	6165	23194	146223	29944	8694	11124	9146	25840	54014	5138	730098	340277	63939	63929	51321	146540	25959	4217	26052	4155	161145	2710	140467	9848	54470	286411	53344	390980	5987	3105	51517	23564	221710	284184	554203	8505	102723508	51236	10016	100507043	27239	100133315	399959	109729181	100128822	8148	389741	724102	100506710	285074	57594	124906262
brainseq__caudate__M008	84254	4706	10048	4190	8635	9168	11345	84062	10806	25771	3422	5165	53615	27125	51495	285220	5037	8697	23555	4713	29799	5283	5687	8760	6901	79650	22879	10382	84725	7965	10952	79991	114815	8030	5709	9110	79864	3312	5818	9049	51184	55003	7164	11334	56902	28956	64960	8443	56912	103910	7347	4709	51646	84918	11193	2739	4694	79902	284800	8894	1340	4189	79664	60559	26297	84268	1968	22927	80762	10656	51318	123811	23037	56851	9840	65080	55270	7295	51496	6229	91833	26502	5694	2987	8446	8502	4726	26240	192286	4594	2631	5440	140459	79780	5805	387923	26278	498	51351	728577	84365	3788	54935	1487	203547	6154	79568	8618	132014	30968	6166	10935	122509	1353	23582	53916	55769	10476	57215	54951	7386	83640	79058	83443	23204	8493	51499	27258	4696	5223	78988	1649	1351	4729	6415	27335	5187	79077	51276	5464	389362	64928	23236	10473	116541	29796	64976	3840	84065	94107	654433	374879	79693	54834	57001	8270	84549	439	388558	51465	58505	6170	9755	100128531	6048	6392	339453	644096	10527	201475	51239	6235	401397	100506100	399821	400765	101928118	643355	100303755	101927248	4830	539	55052	2790	9553	154881	7335	100289230	25850	55845	23741	10381	647979	147429	3012	8360
brainseq__caudate__M009	7105	51364	1770	4057	25937	4593	1767	10610	2239	9576	5241	7205	27285	5355	5251	57722	828	8701	6424	203	10114	4015	33	55103	7276	159686	80129	79026	2302	341883	1262	4922	187	301	948	2766	85016	1838	55329	85478	85416	91947	91807	6423	51473	2846	60494	3742	200132	387700	284	200162	161502	4323	92749	158787	22941	127733	127795	126820	132671	79442	286464	79841	83659	83657	200403	83987	3185	220136	201625	220388	2149	100652824	80258	10317	387712	257177	401124	6583	4828	9182	26292	414152	79940	644139	283592	100133941
brainseq__hippocampus__M000	90293	3920	10368	6376	3475	9043	6534	54476	30845	57586	11215	100533107	56895	578	6301	11345	1008	84062	7504	4134	57120	4254	4826	10079	5923	5128	55359	10787	770	8776	23216	84679	3422	7216	3796	5217	490	22905	10290	84708	7037	7163	57662	1781	88	7419	56650	22839	3776	80036	23033	334	57613	81929	4216	10075	118	5990	3655	55573	55105	29911	54566	3983	4627	7443	7165	55738	25939	3420	8715	2245	55578	79650	9738	29106	64130	478	374882	587	23770	27075	54927	6505	8939	6456	20	5599	11101	10367	54462	56521	5414	9267	54940	5602	55294	26973	25758	8567	65981	56341	9847	1911	51389	254394	10973	8899	3910	1452	10342	84223	80325	50512	23007	200576	29959	5136	2888	2335	3241	8604	22848	6342	9917	23046	5129	3155	58155	11133	23632	6785	27145	84251	7347	894	80212	148223	5110	56243	51307	2185	23155	5930	84146	92014	51209	57403	55905	6631	2892	3704	101410538	7067	79000	8910	57622	57168	2847	64101	54832	79948	5819	57631	445	164395	5786	128434	9201	9365	54885	55859	116988	79572	57578	10752	747	2045	8291	6553	3775	6041	50649	79621	6326	150472	55627	10006	7099	9568	11258	4647	3706	10097	5950	23317	55752	27068	5998	23710	121512	9815	55716	65082	79720	376267	663	55466	7168	6187	9611	58488	396	8792	402665	114827	127703	5686	261726	55827	2029	7170	1944	22874	27436	113419	11249	1745	165215	57574	66000	287	56034	285440	78991	64777	55634	6867	51125	4915	80142	221074	818	9118	84364	4684	6327	84159	23284	1740	3708	288	5756	10873	5800	10570	667	121256	6014	7402	115827	84910	125476	124402	5789	148103	23576	26207	5799	158219	285172	9844	134353	25769	6503	2334	6103	5521	57497	375323	54953	54768	9478	114793	116987	23382	9334	56990	8867	94104	9900	57369	117145	7410	1141	284069	899	22941	2785	8707	84542	151473	10109	23122	152926	23350	51304	79442	79714	8927	2912	84059	57107	23462	22853	6522	58526	220972	283209	389941	2200	7084	9382	114794	23582	10982	2801	85300	57524	956	3761	3187	53917	114787	64805	9839	7480	9758	7532	57148	3790	11214	219738	8941	57449	10243	11346	9915	10125	10924	27289	148203	51162	57495	112	10260	11041	125988	253980	196996	1212	57628	148252	8851	9240	51078	3737	266812	51046	222183	387856	205147	441151	3350	399668	22864	401097	4947	6752	1132	23513	23109	90355	57463	8905	11247	439921	23236	7267	9312	80781	6000	57596	158358	4978	23258	64061	645974	56899	5719	146760	255022	220107	120227	340529	4675	260293	10345	4674	349667	55182	23270	79659	26059	729967	344838	1806	57835	51155	654433	145853	2272	3556	131034	55190	160	644596	8831	4644	10533	6709	23315	55924	337876	89894	340578	7975	57154	9722	57692	1756	221424	653308	3108	5089	80863	728215	57469	339453	8293	7247	10962	64506	729920	134111	440400	100128264	284391	440823	102724593	400955	654434	84968	154790	100874094	51373	342184	374887	57604	152742	100507341	400046	150967	101927009	100505576	100130522	56936	338758	284615	112441426	110806277	359809	122319436	352954
brainseq__hippocampus__M001	2519	51364	26022	414	57787	1770	695	11313	5536	1992	4593	159	999	54896	7984	728464	8574	116254	6515	51660	7771	53340	1265	2773	4756	5315	9741	4335	10610	10129	489	2329	9576	203427	131544	5891	1286	5550	4258	7205	22795	10059	23483	10741	57655	4069	3568	54918	51776	51816	9209	23468	55118	11018	54873	112755	4507	11078	55964	7078	51199	114088	5494	51292	10544	4773	22919	9097	1478	56180	286410	5355	6102	143	10404	55353	55174	23516	4125	6528	8701	4967	10049	11112	158471	80709	55848	7306	22849	56647	9644	28964	9144	9120	6649	55291	5985	23329	2444	345895	84830	11149	202	64065	9749	64094	730	3157	1611	5618	56951	1809	1962	2771	51555	29842	3769	2882	23463	54206	80267	9829	23169	127700	8704	51060	8673	84071	64747	84417	8727	89891	79695	85365	97	55640	54812	80129	7045	83468	8795	81558	79887	51029	7750	119587	55791	4952	27019	800	84329	10549	57213	466	1017	55509	6560	84612	1026	9208	51614	23263	5787	5322	79689	92521	6608	57045	84962	1603	1036	2302	3741	7837	1160	84152	23647	51763	23743	4628	254428	9645	89796	79746	1837	7174	26136	29969	25821	6885	79056	55332	11227	64215	1317	7743	2766	63027	8870	85016	56267	9581	26509	84171	57559	10579	55329	84888	51191	2247	58516	85478	85416	122481	10169	1039	10140	757	1969	284612	85369	223	23179	1893	5872	6016	8476	7483	8446	5433	51454	54756	51365	141	83853	5066	689	51473	51302	10957	93663	154091	221935	357	57393	139818	7013	80728	1030	84641	60494	89944	120379	5805	2308	9223	9472	374618	387923	117143	79819	387700	153643	5137	146857	130540	200162	161502	10600	122402	3361	4323	10239	92749	5051	254050	55567	26958	127731	1827	1476	6285	286207	54865	222235	4041	22977	127795	127255	126820	128153	130814	2487	132671	4487	7855	9076	116064	54502	64866	54716	348807	6184	23272	50650	4241	166929	3248	729830	2150	493869	23305	2171	26266	27012	203238	158158	84267	286464	219681	171546	8559	402381	29763	122509	322	374868	283659	6236	4130	10501	83659	9881	203190	83657	5480	1285	4920	5747	9079	3185	2990	1140	84520	7779	5036	1056	80310	5581	81831	25928	57687	23627	6641	253782	55304	220136	10524	54674	79660	124857	83759	128344	201625	1488	5870	122046	220441	345778	391	8325	57085	54681	2517	144809	127003	223082	2535	90411	2619	146802	80045	25994	347736	255101	7325	25987	18	54855	84193	399949	359845	80258	283298	5613	7122	8349	55328	25923	644538	2157	100130771	4919	57496	388531	4771	387885	344905	116224	199920	54914	257177	51136	60312	64771	374354	307	54554	401124	140688	728	373156	81031	26037	23607	65124	444	2673	50618	7169	118472	987	24	6526	9182	2710	58505	6721	116228	387066	1639	93035	441054	5699	192668	56245	10921	2878	50840	2013	26292	64601	400123	149478	100303728	114036	6171	100131801	83552	100506826	280	100048912	358	9936	386627	729013	56135	100422204	677772	100127983	56105	729991	85027	101928290	100381270	101927751	9236	5348	152048	105371267	101867536	100526833	349152
brainseq__hippocampus__M002	3075	54467	25998	85477	5689	1407	54902	8491	51360	23324	3082	9716	57210	58528	51306	9497	259282	26064	90326	54165	9341	10513	2817	50937	5586	91526	55854	8621	5525	25791	744	4649	11186	63897	10681	79658	9130	51009	617	54878	56889	5289	1638	285220	3320	3682	81550	23047	1540	79891	10890	8895	51510	8455	22895	55668	9352	2271	1312	1652	23541	10521	55954	8897	10478	9978	55687	2287	55147	10490	79038	10732	60625	79863	340554	8411	9468	23078	84056	26512	9683	51090	23406	408050	2935	23475	6810	10423	57020	8120	8766	4683	1666	1936	665	284352	55111	8677	26017	10994	8725	6217	2821	58509	7087	22900	79846	51678	6742	56913	10467	64420	56654	11196	10900	5709	2648	51264	55296	10891	26610	8882	23360	50862	57097	51699	11103	10384	51020	51715	202559	55084	5191	84498	4124	3977	5917	3274	56954	23276	57599	1933	51011	57669	85461	10213	6711	2744	25972	25843	151393	54823	965	1486	50999	10274	1385	64342	51552	114818	9419	55719	26123	29914	79871	55975	8434	8034	5153	84080	128611	23326	88745	56926	83658	5690	10426	22826	55112	1678	2671	64921	5471	51691	10651	81533	55274	51337	547	55278	83861	157922	25814	11046	10328	1349	51132	11127	81846	6272	57498	285148	51634	51347	51317	23017	27097	1593	23479	28969	83605	58489	10010	54881	81873	79139	84300	57176	408	204962	3417	84162	11107	9746	6996	84915	9107	161357	7453	64755	55090	81577	105372481	6518	5498	1939	79573	52	54465	23233	23671	285362	57624	57205	92345	84869	171019	54901	5558	84630	84870	221960	2631	54212	9705	4715	54801	84186	286204	84895	56623	10556	118924	871	283464	80224	221336	51128	6728	22925	50807	23460	23461	81559	51582	151254	138199	285367	171586	114928	65264	5763	51706	1676	3689	151903	9684	51149	7542	9903	84328	284695	148867	148362	151354	130162	51023	200185	9861	285368	151613	441024	90407	27152	10085	91942	25836	133619	202333	285761	55568	83860	138311	116225	79789	9200	51700	6157	113201	5479	201191	26995	10229	6786	55762	10476	137695	5436	144097	84309	84376	54541	125488	388753	5162	84879	80319	79663	90693	79058	4086	4255	133418	98	2941	55669	283742	26156	6919	23261	4300	51112	51030	4118	28998	55277	142684	118487	29942	22992	2745	165324	200933	148014	126328	1466	401505	55508	56888	51320	255082	1176	767	63899	27335	729614	64582	286128	134553	64963	23336	122553	55256	51335	2894	5504	7327	54732	10572	10519	9230	10196	3916	84197	148254	353322	101059918	57698	200424	79048	550631	222696	154215	9045	23036	29068	140465	55684	9895	23365	199704	146540	79607	121504	63934	65992	59286	7620	22834	196051	134701	84455	55219	643008	1874	5150	286827	51075	6235	91664	730087	101060200	654502	285830	60493	8718	29092	222234	10715	284184	283089	114796	378805	5554	728927	257415	647099	266655	51608	5098	55052	1650	101937451	100534593	10597	202020	10929	105376843	728841	100507032	105369201	724102	145783	124904288	317760
brainseq__hippocampus__M003	23098	26073	3052	1387	10926	8522	1634	1355	64132	23304	9135	9846	3937	54875	55173	55745	57458	54432	1608	29924	8537	1316	5255	79091	7030	28513	8243	10979	4905	55421	55205	10371	25996	5063	7107	23011	22869	4036	11266	56113	10325	91746	22929	79944	55968	79175	2802	57106	151887	26277	54822	9044	25	283638	27349	9889	8814	145508	51527	51654	9658	91851	3750	23417	9780	9141	29997	8775	64748	5294	5445	56829	54664	51422	22841	9562	9148	57003	2557	26511	1363	80273	1665	55805	79829	135114	60468	26235	9439	59084	10802	58515	51421	57501	93	8745	51639	4358	550	9801	6801	6509	1810	5629	23271	9324	80235	92400	1441	56252	1743	55051	10285	80007	10672	51780	157506	6045	22865	26994	11059	9367	206358	5393	10608	79586	60437	55661	84693	23550	3397	5582	3306	64768	84239	163131	25847	8930	23383	25759	79088	4354	6538	7326	7014	10621	25974	51164	8471	84106	23037	51241	8932	134430	577	22881	10677	10956	10200	149041	9392	11143	51050	79675	84925	901	246175	8999	10427	5530	84298	114795	54509	27133	4916	91807	57336	84916	22901	64762	11132	80110	57645	5546	4170	23126	3782	79169	51057	84620	5899	114884	3680	8994	64422	57563	4651	26249	134829	54539	29934	50808	286257	6251	8479	9344	1793	219670	196513	196463	130340	83734	152137	114908	10160	56978	9453	79888	116150	223117	4900	9184	728577	63895	51633	133522	9530	55707	10311	2114	83850	9542	81544	9753	57519	118424	84449	221496	10482	4774	8682	824	10611	57703	23429	8833	7086	22824	1849	11341	6059	90826	285671	5229	154743	6619	55798	143279	145581	84457	23588	65991	8879	81832	55839	54495	117155	222950	7644	126298	90313	124935	26505	56884	8706	6383	93380	163590	57484	160518	1000	5429	84437	27115	5621	83660	1657	283450	147687	51134	11163	286205	1964	947	7096	400073	81876	7189	201158	219749	5122	79666	342908	205717	100128398	83869	79605	57104	253639	360023	151188	221294	80034	1002	81858	9495	55017	284273	10692	126375	284129	389197	55228	7318	785	55666	128553	221178	144608	390637	146223	152579	9276	26985	4045	10773	114826	7003	50626	353116	57186	653720	51114	80317	165186	399948	63929	222553	4646	23660	90592	837	26020	4217	10794	7574	9860	9909	619208	340527	659	390980	11138	5987	56114	56144	51517	79441	399715	440498	401093	642597	102723508	100506054	389023	100272228	58496	100131434	390595	100506282	100289274	100505738	100506668	388610	56108	100288181	56106	100133315	404734	101928062	283624	283692	100507599	8139	100294362	27246	54460	401612	112398	105372097	105377023	101243555	105377294	57594	100133091	2749	107984974	245	100506060	375690
brainseq__hippocampus__M004	55904	57414	23077	51573	5048	5080	4784	7812	9690	51085	3097	23357	972	57476	6050	9519	9774	57600	51742	55609	23504	2983	23013	57595	865	2261	80347	10640	55117	26469	27125	7321	8907	8301	23140	23505	143684	4133	6595	4850	57092	79876	9262	905	790	55230	2512	4504	2778	6175	57062	10914	4708	9727	3183	9878	8487	139596	56993	23313	5706	10175	6430	22990	55671	7528	394	80331	23253	2332	5935	10240	9057	3163	4150	80208	79752	56704	6713	427	6625	10270	9253	29086	136319	11033	23242	11333	5683	7458	727	57582	10488	9126	27338	443	1655	4355	9343	5376	8649	7468	9693	10536	56890	51258	8683	26127	9750	81688	5252	6908	10307	9685	80006	8992	3836	1894	868	26084	1181	1981	80255	79745	2202	80067	10625	9927	51107	4033	9789	9994	10329	9330	7320	112752	10577	23093	57862	51646	79627	92344	10808	8835	64236	23244	57179	11113	9643	79809	7913	8021	9732	1123	23022	51105	1032	147965	9885	84326	93974	6249	6535	6533	47	7322	51318	23277	23558	27183	6616	9205	10810	23608	91298	2949	8774	79022	23175	80763	8933	9698	25941	4076	26586	29079	274	56886	89953	9873	64776	51103	51187	79739	8634	9360	8482	85437	8499	90634	10150	2108	9520	1213	54828	773	25874	3068	5993	25912	29097	8502	57282	151126	729085	83939	7220	55840	58478	6167	23635	2561	81545	84928	30011	55327	6188	472	3619	124446	116372	27250	1737	55768	8853	2674	80097	5796	9425	1070	26175	25827	221895	54463	27342	51560	55529	23367	138241	56776	9443	56896	127281	63875	65018	6464	55129	11282	1973	79656	114803	79005	10602	476	8618	165918	64850	132332	202151	153733	4724	27089	23366	819	7415	10910	79101	5654	1152	25911	1353	90701	10632	57348	1938	55611	157638	53407	4144	23117	22871	1501	25924	10015	2018	222008	8493	5569	124583	5481	1826	55729	203859	5728	4299	51504	10800	653784	6712	55690	9793	1479	29882	170082	283232	5426	125170	10425	9772	2314	55030	285237	144348	91663	7710	84922	222166	64782	79692	6635	11257	6165	754	128989	29944	8073	116448	374977	340542	5142	79135	155435	391356	8694	114659	285600	57711	7058	221491	116985	1630	166348	5575	2963	6613	340277	26155	26010	165679	6925	961	1778	10210	65250	56882	26052	28977	613037	7405	148741	23054	338811	22909	26049	140467	6263	149345	677846	109616971	26146	2550	6311	440145	56143	286144	65986	54458	677833	692225	677829	10379	751071	79741	51192	100151684	221710	8847	201229	100507557	115557	57665	105374057	9551	5297	8420	100507524	378938	157627	26065	124907392	109729181	283887	284565	84548	115891964	283045	109136579	162632
brainseq__hippocampus__M005	51056	8837	10181	5310	928	23395	5704	10138	9782	23386	25897	175	23644	5685	23518	57492	81037	27122	54477	1112	23201	26999	23118	8975	55718	30	23041	1975	55588	3029	9892	91283	23471	57560	4734	7353	23446	10947	9948	6720	80216	29090	7155	8871	8417	9689	23136	7188	57531	2017	54947	8886	57593	25977	4897	25831	51386	9567	9701	1727	162	23112	27352	26520	10598	23002	5641	3091	8106	80344	10484	10483	182	8731	51566	8874	2321	23295	11151	23090	10391	64397	7991	3191	166	23646	11100	1124	9355	1759	203	7016	7763	57584	8036	6198	5573	7531	26118	55161	7323	1410	7007	23130	1656	4928	54682	56994	8078	1297	10767	9841	5528	6678	79770	10915	80315	51300	11235	8087	8723	4691	6772	55818	10494	4780	27101	6146	271	515	6421	79971	5999	3925	5511	4297	6696	1788	25927	53335	1997	400	1191	51123	55269	10804	64786	51193	989	8805	262	9217	514	10564	7596	583	5469	10054	3895	79066	7277	10142	7979	5782	5189	26297	904	3609	158747	56995	170463	6874	56342	9584	9467	10197	54882	55860	5901	55915	51761	10250	10313	3612	55119	10390	56907	4613	3939	57614	902	51361	9415	3703	7024	8803	4008	5879	4836	4711	57471	4957	51531	5168	9380	60492	6653	5962	5876	5495	9728	22872	55132	9908	5830	91012	92912	2589	114876	351	481	9015	55061	8751	9898	9859	116841	5868	6161	9711	81608	817	1016	5295	23262	91272	54540	1956	27147	526	28957	92140	23245	774	220965	79839	55216	9910	9456	2893	24138	2911	5352	4929	9320	26289	518	29761	4325	7381	5261	6483	1859	254048	26100	55571	3745	56946	10361	516	162989	2905	113251	57465	23385	7447	23248	201595	1508	5828	55074	1345	7534	79870	57447	654429	222865	84064	84436	6730	55788	359948	3800	7336	59339	9185	8460	1107	22883	2783	1072	27333	9610	26470	125144	10540	253461	3766	9377	6879	9500	11336	8575	404093	23760	255252	51363	28955	10159	6304	9112	6546	10946	57528	6900	256714	4753	10801	51479	253943	10933	55599	157567	55922	5138	64800	9863	10772	4697	9679	50859	3376	51434	29966	10438	104	84188	6884	65251	9874	801	4976	51714	830	6046	7936	79600	6606	6453	7416	23564	92482	55384	642852	100302692	90639	729362	10137	192111	7556	339290	9939	110091775	8148	84726	399761	375133
brainseq__hippocampus__M006	4800	23028	56919	55750	6792	2534	23177	23144	22807	8554	3631	22884	55885	58508	54542	131566	5218	493	22998	10203	55248	83641	57609	27107	2263	7158	89795	492	4205	6095	7049	483	440	9175	1207	5522	51175	6717	8672	9462	7879	5909	57690	114880	4983	54665	28962	1005	9812	4200	2932	3693	51701	2775	51637	8550	114882	1808	3189	3717	8829	56952	29801	6634	6655	23613	58490	28316	9218	23347	9688	80777	5713	23322	23205	7082	5862	10397	66036	333	85865	3696	7586	51010	5532	657	7019	23321	7358	51111	10944	1119	83892	217	10486	9444	83594	3156	1004	4012	373	54464	2820	10314	23301	23451	51652	3398	57448	55041	1386	2956	7143	6738	34	6513	22926	11278	23314	9414	8013	2531	9525	80127	84418	7181	80218	1314	23389	11228	84181	8239	9375	192669	79575	5908	50809	2770	7011	6397	79057	54552	25830	140700	9590	84440	54453	23164	5158	57180	23075	25917	79577	23418	4038	55082	6733	9053	2752	5270	91875	7716	80774	6434	51133	55339	6812	11309	1629	310	471	6744	160418	84934	8125	10499	84656	10300	57707	94015	10966	5195	5792	3930	92906	5793	26018	152404	9515	2044	55016	10769	9140	253714	154214	64418	11011	8473	4781	120	10658	2900	140710	22866	22982	64067	140609	5281	2313	460	2697	5529	23043	4685	147495	129684	65983	2890	166968	23362	145483	3778	137970	673	121665	64897	57477	23400	55108	9619	23181	57551	55585	115950	26168	4921	130132	8545	152110	25898	84343	54861	64769	79884	55255	81789	57763	94081	134957	221656	55342	2957	783	8065	3419	567	9665	64400	6137	5867	51362	6774	10768	7881	202018	23414	214	26145	9306	81603	51013	2628	54205	9338	80011	55871	167227	93624	8658	10534	1267	57674	80012	23612	488	6138	170506	79683	23015	23399	340481	55346	80059	7694	157769	7182	7334	54762	144108	374986	283554	26137	3418	84629	2131	50863	2130	84319	5587	23768	51065	25840	10336	5087	677	7332	23390	222194	284434	4810	123879	375743	29780	643155	23450	282991	63939	84458	27153	9612	3066	51399	4763	163227	51592	58491	57708	1500	9745	10920	23127	29883	257407	65979	55777	5500	5534	91584	80772	400765	127138867	158	387521	984	8641	84210	23246	56957	6139	55802	31	100996717	2970
brainseq__hippocampus__M007	23072	3980	114881	60528	115098	3423	933	1272	4719	51606	395	23196	51663	6894	586	10885	3735	4904	1994	55102	2235	1659	9759	375449	54847	65993	59277	10512	7587	60	83992	9063	22999	11043	7994	3842	9522	5243	55054	55608	7597	22861	79776	84144	5125	54471	79734	6767	80821	1477	9388	5230	4350	124454	50804	6422	4741	4858	2931	3988	4591	9368	57606	4717	79864	4013	10988	80018	55832	11052	29915	79632	1871	26054	57396	55819	7060	5924	9555	604	10096	25801	57142	6654	5396	26232	7709	7257	81849	9129	10560	55758	118427	5887	27130	6950	55068	27230	5290	114784	64224	9904	11017	23408	10257	79143	8192	11034	22890	8445	23352	6049	58504	112487	8881	23211	57470	64432	10514	26057	9406	10955	7178	55425	891	2947	84991	6660	29979	92558	375248	2317	9128	51439	5612	23005	55177	51163	57575	55435	950	283385	122830	3687	6760	25800	27043	4089	8543	27	9213	57530	57198	9391	79137	9922	84553	9586	57502	8573	54788	85463	60496	149951	1006	54545	57512	2132	57182	166647	56172	55326	129831	27020	9131	23049	26060	1831	445815	144406	388591	55607	54102	60313	4882	7109	26097	60680	622	284361	8880	343450	10092	5966	56916	151556	7871	11102	57406	79443	57654	54726	153222	29896	54329	7559	25798	254065	26050	220296	219287	118987	7275	9866	124359	23300	9640	162394	8800	54893	91433	51704	257160	51755	57701	84717	7536	4336	4735	85476	80723	126669	200894	84168	727851	6091	161725	57555	9723	136	3344	4884	3752	24149	255631	4135	257194	5139	6670	57493	3267	2787	57659	90806	6731	8665	11007	7025	63893	9832	2290	10409	4062	50628	9282	53637	205428	91050	27439	23194	5101	6586	2972	23545	64754	7026	84631	100379224	84871	23040	144404	79979	3146	51466	158431	7088	140612	150472	2316	127687	140885	26275	777	9931	84914	57795	26128	55851	388135	653082	57194	84342	55714	90120	110806273	55766	85358	56100	56110	5591	56109	10330	100128822	100130950	92335	100101267	641467	728743	285074	114819	84773
brainseq__hippocampus__M008	2729	23129	5577	54799	10463	51022	55334	535	10858	23517	2042	56204	9734	5798	57475	23369	9150	65125	9993	57704	6196	6596	6620	771	2355	10179	23032	2782	55183	4208	51729	966	29887	339175	23368	8315	10961	54439	54890	9117	27154	4650	11020	23405	9362	9751	57534	79576	54602	81617	688	10725	8140	10273	8669	5802	83743	6119	9678	26608	23586	320	54780	59338	219699	6468	57532	22794	64750	90410	1182	29907	1982	10114	26273	6506	8825	387119	221662	135152	23527	28972	54891	84128	5334	1647	9890	57134	1268	5325	84085	79646	23024	2971	29066	79269	55297	57826	56897	84172	84266	23767	79706	4289	813	4430	6861	25804	50632	7317	3748	83636	23480	5287	9911	7428	80206	9575	80759	2799	79786	54583	5100	64855	102	85465	84896	57337	80144	57619	84945	83851	112840	85439	256586	494470	91978	90580	5567	26092	29956	10899	84451	9580	805	64332	9353	10184	54438	55262	51631	26260	6134	6129	54886	140459	56904	79869	116966	253430	2059	5860	57700	80014	60558	29970	130074	127933	9397	55521	255967	124540	126731	528	65062	92370	29104	5097	159090	22808	92822	5316	9442	23387	10712	3760	6443	204851	6565	317649	3490	57577	25976	323	2982	619279	51808	157378	57526	11245	6609	3611	50810	80063	80095	6809	51367	162963	558	114823	3489	25837	55602	10098	29091	4330	285605	10746	10477	4798	84669	26115	286046	93134	84978	361	5859	84331	9854	7572	256643	9662	256356	4087	144245	54968	4482	56975	9659	285343	9378	8204	10193	492311	83698	51118	64409	10718	7328	100101467	152100	375612	390927	196528	728661	55532	112479	25959	340385	147906	79892	23230	1902	54989	83694	11169	57713	9848	9867	26095	100507436	29902	100113407	23243	2595	387104	55628	440078	105375405	401491	6173	55861	283131	10016	100507043	647979	10780	26220	1602	100506710	106660612	172
brainseq__hippocampus__M009	51534	9031	1495	2824	3074	2065	10294	5774	23210	27330	56949	9762	51550	1428	7976	55284	79735	10282	23288	84182	64983	7343	25979	4728	1027	1967	51596	5096	55704	10459	10171	56943	84269	1350	2258	25873	4705	22907	6388	6210	91408	84284	10716	9649	10113	10152	121536	6636	80349	51529	8612	473	255928	285533	64839	1730	8448	291	79833	285381	122416	9791	491	64849	29101	89765	222229	54987	83941	388962	90957	2992	4043	51368	92255	348980	10466	3190	221154	119710	23423	6447	53916	10653	1877	28511	131616	4696	598	682	6169	4580	91683	203523	7388	23333	253512	8607	475	2885	114932	23042	23060	51649	29035	64410	79174	3297	9899	23299	6256	7874	81848	1201	6334	309	124411	7150	90196	255758	51239	1147	400954	7311	3281	100874058	5698	84129	64968	23732	29057	11276
brainseq__hippocampus__M010	1595	2273	3755	55236	321	3309	54960	9564	4084	23294	38	6624	4898	8671	22924	2521	57556	22931	23031	8216	65009	79791	80381	10382	81857	10775	1954	30000	1855	708	83871	6164	27087	975	5869	523	6508	6814	10745	9588	84898	57489	8082	80760	23363	6431	56937	23499	81926	2670	54991	22903	694	91543	337867	4193	10228	9805	6426	92856	29081	3685	123041	4240	55114	22980	4782	79932	64969	6323	9686	115286	29967	51144	5531	134145	4718	4306	133686	163175	1915	219743	142891	29	56894	11182	4000	84939	6427	219931	205	93185	5824	220963	64324	83985	5986	7360	114825	10446	9229	2548	57684	5356	2804	131408	5771	286262	401474	28976	147991	9284	55967	285513	23621	1995	9361	54708	161145	399818	29803	8505
brainseq__hippocampus__M011	7095	51667	6683	26009	64848	23095	5214	6507	4779	51310	990	7738	54620	5064	2033	51382	6789	1457	2010	55757	79918	23062	55192	6618	51588	57130	8887	8896	55131	23142	23113	2566	7372	4999	9167	5000	9295	5955	4801	23435	83690	92	55831	6238	79781	9826	89978	116986	3178	9857	2058	56262	51754	10363	5428	5073	50488	114804	114783	126374	129563	55164	6622	56257	25792	57689	79096	83723	143187	51594	2555	781	7070	51643	4643	57805	57863	10380	91461	59343	7486	1073	11092	89927	54815	7705	10980	661	84894	6203	8824	6124	25915	6415	64478	387893	8663	54014	27445	885	1645	54413	51108	7296	7407	8449	6494	3672	1654	90673	4671	55000	80179	388165	6648
brainseq__hippocampus__M012	3298	27430	51167	3835	9817	9524	64428	57486	84060	55695	64844	7786	51256	57720	7627	11080	91869	91252	79608	84864	94103	339487	23141	55783	130502	11124	100129583	441046
brainseq__hippocampus__M013	10127	55692	10558	2954	64788	123263	23658	57035	1315	27243	54606	440279	11164	93622	8841	5074	389362	353	64423	348262	113178	101927459
brainseq__dlpfc__M000	23098	996	3475	60528	4784	5310	7812	83930	54902	5725	11183	23144	23386	1272	57476	22807	2530	8554	23644	3631	5685	54165	2042	22884	51606	57102	57492	9564	5291	1112	26999	23118	51663	54542	5218	1608	4084	55650	586	6433	1975	2817	3029	22998	8943	55248	23471	7049	5743	9175	55205	8672	9462	32	9063	57690	5663	28962	9812	905	23136	2932	3693	23047	57531	10075	51701	51637	2778	5775	51433	22895	25977	54890	25831	1808	997	610	8216	5625	89781	51386	27352	23313	6767	2033	6655	10175	10598	5494	3091	7528	80344	10484	10483	9663	23347	8731	64743	5931	8874	55578	1203	10204	23090	65009	8140	6923	3163	51283	4150	26015	57617	10397	4741	3191	166	81857	208	23646	11100	29844	3780	2931	23094	3696	6671	7586	3268	80709	203	7016	57582	320	1855	219771	4591	3837	4355	3131	5573	7531	26118	55161	51809	1982	1656	29099	55553	4928	1108	113246	387119	81688	9444	55914	10884	6678	8622	55819	5924	373	80315	604	54464	8087	64689	2820	7781	84759	55704	79954	1386	22848	54980	26038	271	26232	5999	84966	6513	55758	5511	23271	6696	11278	10577	25940	25927	55068	80209	7181	400	51123	51116	1314	84293	54482	27241	9559	1031	262	9367	57826	2181	23549	514	860	56731	5469	10616	63941	192669	58506	3895	50809	84219	7277	5189	112487	56995	10439	56342	9590	2670	7187	54882	10656	55037	25957	51164	10810	10313	57180	3612	22800	10390	56907	51535	4613	3939	3572	57614	284252	8933	9415	6733	23416	9053	2752	64114	23325	9882	8803	9445	5879	4836	6426	7716	4711	84317	56262	9380	7746	51496	79739	5495	10152	3685	9728	8482	83478	55435	55132	83606	121512	9107	90634	7009	10150	27133	92912	10499	5373	1012	9520	6455	91039	10498	6135	5792	8543	481	5451	57198	9898	52	8502	6161	5793	26018	64332	152404	116931	2044	55016	1016	5295	153830	91272	154214	1956	54212	84294	23245	120	79096	140710	226	22866	114609	3708	7068	55768	22982	64067	4718	152485	120534	55521	9412	166647	26175	25827	9320	162282	284161	56172	84897	518	51560	129684	65983	83873	23522	261729	115817	1859	673	121665	3275	162989	84988	114984	1996	343450	56916	8545	64343	201595	7707	91869	22824	10085	25836	285671	153733	55255	81789	7534	203259	221656	22829	220972	2957	118987	7248	57447	654429	8065	3419	6157	7084	9665	222950	84064	6137	90990	2495	89849	5871	55788	359948	51362	25849	23214	3185	9185	79724	25924	214	9283	7324	10491	222008	100271927	9306	3344	90338	5569	55729	54205	257194	2783	80011	167227	338692	10777	93624	26472	57674	80012	6712	27333	6124	6138	6731	10540	5122	11007	286262	55346	100128398	10409	4062	10522	441951	125170	7182	25945	9377	285237	144108	161882	9282	387640	64219	26137	128553	84975	100506380	9112	84316	64478	146223	6900	140739	5101	5463	80764	391356	123283	25840	5034	5087	51479	253943	84529	84871	64757	5138	613	129293	6585	4810	2963	196528	3146	399948	63939	222553	5770	91661	7678	57181	51592	127687	9228	140885	65251	9931	51062	29883	22887	22876	257407	55219	6046	50854	55777	7917	7916	390980	11138	6311	6453	51157	2086	23564	387104	55384	388815	642852	1159	84964	57026	729362	10137	192111	255167	378938	56106	283624	56957	8148	100093631
brainseq__dlpfc__M001	57679	23028	4706	3980	6863	55692	5689	54476	8193	23324	1774	637	55830	3082	51022	8635	9519	8498	57554	7204	1462	90326	84062	23196	81037	23327	5798	23369	84545	9474	493	54432	84649	1994	3422	79641	492	8514	6095	10681	27440	8518	5774	4335	815	9130	59277	3785	6717	4140	56889	54472	1638	22839	54665	65985	93664	7514	54700	23259	116154	8570	8550	5037	8646	16	4897	79968	51816	10101	2289	387680	6634	10043	25813	9978	5905	55687	5372	2287	79609	1983	79038	7443	394	1477	3420	57534	9016	51260	2321	80152	23417	23406	26048	10273	55313	9810	114294	50804	5862	51366	6713	55174	427	54938	284352	55621	10270	29997	2639	79846	84725	23658	56654	9562	81855	79991	23232	51195	1655	79132	2648	5602	4013	26973	5818	26273	4728	2965	83892	1967	81539	11103	2026	55188	1432	221692	8936	9896	5528	8382	3156	9685	1004	4012	51185	56954	2257	84223	23276	57599	51011	25801	10314	55120	2274	10494	6432	65977	23463	51102	10745	10000	50999	23215	58155	118427	64342	4702	97	114818	9419	10171	6950	51307	80298	2185	10987	311	5033	28981	80760	5153	9643	5393	3787	57468	128611	84938	24139	56261	435	1678	5908	64921	5471	51234	9296	51691	64792	4738	81533	54552	55278	83861	4705	64145	80762	84105	9826	50717	9215	116988	8774	57498	9475	51634	26578	1840	80759	57231	9840	27097	4008	3364	6434	6326	10716	26750	6812	54881	81873	79139	84300	132864	51187	204962	8634	10669	10113	310	29081	84888	51138	85437	6843	283373	161357	10363	80349	55466	5045	1039	8720	3394	54849	55090	26502	5211	126374	5694	79932	113451	1513	56950	7159	6726	5664	51002	6574	57282	3329	9125	115286	7873	57205	84869	285440	4726	689	78991	91975	51256	2631	55869	5440	56623	118924	25891	10658	9344	22948	196463	10873	29087	1646	26272	143384	117143	5213	2893	53354	152789	22925	140890	4900	7345	81559	64210	10670	5097	64319	5261	285367	9478	84255	148523	5763	9114	5681	55108	7307	23076	55585	93210	91010	113251	83941	284611	129880	200185	10109	134	11102	285368	54585	90407	7086	1849	11341	55751	91137	133619	134957	23366	6208	819	619279	27012	157378	116225	122961	3429	11245	1152	1353	119032	5579	23423	644353	51117	10632	4723	10476	1877	1632	28511	440957	388753	8681	7386	79663	53917	79058	5986	7580	202018	161725	4086	98	9637	283742	90594	3752	64979	2186	28998	64137	84331	6169	4580	7388	488	10260	246330	26470	1488	388403	131408	1466	22877	158135	55508	8607	339487	51320	51301	29952	28976	55929	285343	7710	728294	55783	400410	90843	25994	219790	7485	23236	7267	6546	158358	4707	64410	29944	8663	79174	84319	4753	55967	8558	4733	10718	54584	3916	23396	51741	84937	23621	6256	4137	51547	28986	79048	137392	1201	144404	26155	163081	27341	9687	140465	140612	79027	147906	91966	89848	65992	444	7594	9853	830	80823	9722	84501	644096	1874	317762	280636	255758	51239	1147	3073	400954	125150	60493	107985194	106614088	105369302	378805	553103	8341	400618	154790	51608	10687	25764	55052	3588	344595	64968	729013	100505738	56135	91948	105376541	10597	100506844	51750	100507599	202020	400657	110091775	6139	57597	115290	105369201	57223	8367	162632
brainseq__dlpfc__M002	4800	1856	29116	728642	51188	7756	11188	8284	64132	51071	5583	6301	11345	55773	54908	3937	23201	55781	55359	65056	79763	11338	7629	51167	10797	55623	55102	8611	9399	28513	27330	23291	83642	5151	4854	25996	11176	55796	56915	23431	65094	11266	56142	10464	56910	3732	54947	57544	8455	8812	51726	57192	57605	51530	151887	5125	56952	27328	283638	23598	9463	23331	7494	11020	83933	54207	5706	145508	9894	63935	30813	10398	182	4092	10857	4168	56062	26512	64788	84264	27324	10423	64397	7082	55756	65263	157697	4125	84167	51588	1155	58509	828	64748	587	57037	168391	55064	64420	57589	10488	23268	1787	219699	27338	84961	29098	2743	10612	8567	4048	56890	10162	51567	57150	60468	2070	117247	8899	8992	662	1716	4691	26003	5334	390	9068	64766	54823	90231	3155	3399	10327	57821	22954	27030	7043	54867	57678	26507	79886	29914	59342	84902	55791	6144	9956	64224	84650	23363	27296	84693	399512	51141	2962	84266	80023	23767	3397	64430	8089	7263	1315	482	83448	55274	376497	79709	80726	79230	9779	114034	10208	54885	5158	92259	27255	54522	11095	64780	1368	55198	4752	10588	58489	80774	9314	7743	55227	64776	4091	57520	29766	84915	81542	256586	55180	6457	463	10650	94015	10609	79760	126208	6518	51093	23126	126626	11000	54465	129804	8994	285349	66000	221322	94122	50814	80005	92715	11023	7761	9177	80332	51092	1006	27250	9223	9472	63894	121601	55835	253635	167555	284309	130271	200132	2911	125476	130888	55364	123872	118611	2551	201163	138241	91748	219743	84262	57728	8764	26119	171586	23382	79053	873	11189	60313	8883	7791	55721	149076	89765	84449	136227	222229	1346	79005	284996	90957	57703	131474	5274	130557	133308	4724	84340	83590	138716	254065	221154	222389	4714	221120	7702	7589	245812	51367	79001	762	90313	7705	113655	10263	5436	84309	11259	91949	55602	26505	161823	56884	92305	153241	1942	126669	123591	22871	10746	116840	56985	10826	2353	6419	9723	79145	93622	2941	170850	64080	147807	93134	6919	115196	94103	25988	54676	9338	79694	55222	90288	54625	29925	29903	51134	220416	2787	55055	125988	5771	64770	253314	26471	254531	167359	10009	285676	8834	196403	80010	285908	81858	3059	374860	64782	100127950	2187	51649	55228	390637	27439	84193	23585	10607	130502	26276	149175	348793	51227	79896	100379224	220107	54103	157567	642987	138428	338645	50626	119016	170622	401541	147694	84503	80317	9679	84933	6261	23660	51108	353088	388566	146540	400931	84301	79607	23315	23303	79366	388558	11321	11169	339883	64093	22834	2475	196051	206412	10471	1460	199	56658	124906016	56114	65986	8293	100128946	7247	163486	91664	730087	157574	399715	407975	29092	221786	378881	105374235	721	729658	440823	51406	104355426	101929428	283089	100507533	55009	146542	51275	101928537	389023	51236	101101772	58496	115557	79897	128977	55766	390595	100506282	441027	100885776	283140	255403	162972	124902062	101937451	54984	441355	493900	103752584	283335	109729181	101929560	100506070	100128822	100861412	339192	401612	105377023	80725	285266	101929563	100134869	2749	245	6648
brainseq__dlpfc__M003	90293	3920	10368	1534	9043	5646	55727	30845	8540	25901	578	1008	153	1495	2824	7504	4134	57120	9341	140689	114800	5923	84256	10787	84679	2263	4649	483	84708	7224	1183	5522	9671	1739	7163	5063	143684	88	7419	9139	7520	56650	23033	5019	3797	55054	118	27327	57084	57556	825	8773	1299	1725	10044	28978	7738	112755	4744	27349	4627	171568	64781	55738	81502	9371	140679	2742	11040	6611	5257	83693	9738	10382	1954	3978	136319	8976	9678	27075	6505	54981	7464	7306	8777	6456	59338	5532	54462	57584	1949	23158	1410	54414	887	24145	25758	55531	3736	56994	9847	26127	81491	5201	5144	3274	11334	92840	6711	25797	8604	10056	6342	9917	6146	4985	28956	23046	3925	6785	25782	5493	57539	9615	54812	29094	2805	10808	5357	3208	170685	29078	51209	10888	57403	29993	55831	56255	10893	8242	26030	51309	59353	14	57168	7533	2847	64101	813	4430	79094	54832	1036	23345	84440	8799	26057	1984	128434	9201	79589	55859	23075	23508	10752	89796	84900	112609	2016	9857	11137	6498	10006	4856	63971	9873	4750	3706	54816	403	5950	153020	64098	23710	121278	121260	65082	54509	83851	1453	494470	30811	115704	127703	90874	261726	1130	84451	11249	5746	9686	9353	64777	11011	80728	7436	53358	25792	9118	6749	4684	6327	64405	283078	1740	5805	5305	57512	5756	1977	83643	57700	667	121256	79833	6014	7402	5796	55203	5137	56934	6782	285172	9844	134353	25769	116442	9508	22986	9162	114793	127262	9334	9825	57369	9684	25946	2785	5563	127733	57863	79762	2560	23114	23122	1040	85443	51725	64769	4241	4889	729830	92255	84059	651746	23176	63974	22853	84302	6990	57526	254170	283209	221035	23172	283310	389941	783	2200	23339	7529	1398	114823	956	3761	54899	23255	2675	114787	8988	9839	7532	56980	91752	195814	286046	219738	3777	171023	57687	7857	253152	51162	6623	49854	56977	57495	253959	170261	11041	22843	1212	57628	163126	148252	8851	9240	283576	253461	29928	64110	266812	51046	387856	283417	9659	55175	80034	2580	5781	22864	401097	400120	85453	151963	6752	1132	64388	23109	57463	23336	3739	8905	23265	9312	345557	80781	221303	8508	56660	26039	3751	5142	10801	1812	6612	140597	752	10196	266722	399947	146760	23299	345079	4675	4674	55182	23270	10507	65998	375790	374383	344838	1806	375567	345222	51155	284697	23254	23708	139735	3556	6829	54413	55190	55660	5094	123096	114112	4155	337876	777	219844	340578	9745	81706	347731	2869	6721	9755	57692	1756	1122	619208	221424	340543	158931	653308	728215	1639	613212	55779	348801	10962	387804	134111	283514	101927406	401093	100302692	114821	390616	91368	7844	57461	257068	23600	654790	56138	374887	100507341	552889	5591	399959	101927751	150967	106456574	100505576	100287932	56936	91608	284615	389856	57636	110806277	6753	105376387	122319436
brainseq__dlpfc__M004	3075	1595	10181	204	5577	23077	6376	27072	57787	6853	7095	3097	27032	972	4361	2273	9846	8504	10858	51121	9765	55812	64848	55173	89801	55761	23041	6141	4710	5590	57595	24140	9993	998	7037	27125	65993	2023	9618	22978	58476	9984	8671	3320	4208	9262	22924	966	4504	2775	55239	2036	2280	83719	23335	23594	23256	4637	3983	22931	5714	5434	8045	9127	10521	10478	79734	10419	55245	6789	5332	10916	10725	5432	7976	7991	6625	81576	92609	2091	5438	51073	478	5802	1628	2077	4967	6804	6119	158471	22794	5414	9110	9570	6945	51264	26151	57649	54940	1998	8882	6506	2967	51026	5564	6428	55856	10767	23113	23548	10915	22993	58515	57415	54946	80325	6787	51639	10213	550	8869	80146	8576	5510	9167	2043	5906	9927	51377	23207	51611	9588	57134	4297	56912	80264	7320	2531	112752	1788	51646	92	1211	10755	79586	11017	4694	8192	56927	6238	51119	10245	54973	23030	23780	64753	3609	6192	5589	147965	79016	9885	84326	78992	93974	6249	55337	6535	7770	1327	1349	9406	2319	27183	23608	10894	1965	84991	91408	746	50640	2583	93058	2799	54606	83605	10238	10010	11258	9856	8737	10211	51439	102	56267	54536	6229	5830	23174	22980	84916	81577	83608	112483	29985	90580	26092	4170	2029	2987	29920	8497	151050	114790	51143	285282	287	26045	57038	257218	57786	168374	55634	6134	526	9705	6129	83940	414328	549	2746	196294	6188	60496	9219	84304	124446	23284	8853	6328	221302	54463	23043	9510	3778	7381	23355	1974	129531	137964	8566	26086	6271	103	84911	29115	160622	10629	5824	148789	129450	57326	200916	152926	23350	79078	63891	11157	253260	167153	27089	23514	3190	58526	5979	64745	91252	5702	2562	1528	780776	124491	89797	6632	125058	10449	7769	1613	84926	3489	154007	56947	3187	23099	79628	51305	51621	220988	10015	84140	23587	7314	28991	6444	83787	85315	55863	84525	5293	148268	111	2745	84833	5936	170506	125144	54968	6199	146691	1351	6888	80205	2629	222183	3766	7334	151188	6415	144348	1198	255520	727957	23042	84622	22820	84629	11248	9628	2130	728340	23194	374977	340542	10572	51065	283820	677	51326	23040	9863	26059	388115	5478	1612	961	309	8363	171392	50861	56125	955	128	6277	59286	7296	4194	23116	5365	221002	9867	677846	6084	109616971	26834	26146	23	554235	51451	677833	677797	114599	692225	677829	677800	494115	10011	6235	109616976	100131801	3281	100303755	84973	92249	81571	106481127	23559	90639	6173	9551	9907	10016	339874	100505616	441046	677772	55000	101927752	100499484	7556	10330	79178	6030	55957	404672	26220	2904	79893	548644	100996717	123706524	29798	105369154	728554	442523
brainseq__dlpfc__M005	22875	114881	1352	1407	51534	9031	9716	57210	3755	6098	8574	57095	29924	5586	23536	782	79091	6857	65055	3796	10294	1258	7321	23151	7587	7879	1781	4133	57455	23011	29093	3682	10325	10998	790	5550	81929	51510	4799	79944	23348	10961	57106	9352	55105	990	9044	55118	200312	114088	57452	6430	80331	9218	22862	9683	1186	1428	55111	79735	26017	10994	9141	2821	83743	10282	54927	9827	7763	6468	22849	9148	28964	10951	708	9368	26511	55805	29118	29907	51699	23329	10384	26235	55084	9749	6908	59084	1839	1809	84100	5096	200576	30818	6801	22930	54206	81849	5929	8704	10560	51060	27145	2281	440073	1	22865	23244	79871	55975	78996	23597	57213	56897	88745	55715	9375	51081	54776	79143	84269	63908	92675	11034	22863	1350	5300	23352	163131	4357	7425	3712	57631	4142	25804	50632	445	7317	10328	51132	23180	4628	91298	51241	891	6210	92558	22881	10253	158427	408	8836	96764	440279	57575	7222	84298	6636	283385	79720	122830	376267	10516	10040	22901	51651	114799	23421	1893	10500	1939	152330	114884	9922	91775	64839	10814	84630	134728	10957	357	8573	6872	1730	50808	54801	26267	286204	140459	85463	6094	8479	80224	112936	196394	60485	81615	9397	152137	10160	124402	221895	23576	8526	126731	9184	285381	158219	55326	9630	9791	9246	27020	115416	3361	6483	2114	388591	3017	55607	9507	8867	57732	1676	29101	7410	151903	54865	7627	10482	84328	284695	10092	151354	388962	152559	151556	132204	8833	151613	2992	54861	9348	26269	6059	202333	285761	55568	348980	10466	25798	114788	5001	6619	11168	145581	83860	138311	79789	5479	6447	4130	126298	83696	85300	51031	51435	125488	84879	10098	202374	64805	3987	2990	131616	9229	5429	4696	81831	51282	51523	93426	84978	10231	142684	118487	29942	55871	22885	203523	11163	10276	200933	148014	256356	219749	55844	5870	401505	2290	56888	256536	23141	51078	11253	475	11180	114932	1002	122525	10194	4947	284406	91050	51363	7318	23641	7325	55666	439921	29035	131096	11066	55328	25923	3714	26985	2157	56899	64409	9899	7026	84197	10308	84631	353322	27445	114826	7003	57698	166348	353116	145853	90321	1995	342132	9895	160	23507	8831	84154	6709	121504	54963	79973	7574	55958	57795	399818	134701	84455	90196	57683	7407	29902	339453	440944	101060200	79441	340267	100131187	55714	440400	25817	389634	29994	440498	6171	28985	388789	100506527	101927289	100132273	101927891	729993	127138867	9553	85014	342184	388569	100506791	152742	100856811	100506649	26589	27246	54460	100507032	9326	8344	100526833	105377294	387590	352954	349152	643711	285407
brainseq__dlpfc__M006	7105	23072	26073	55750	57172	58525	23357	1355	9774	535	5606	84245	175	10659	27122	25875	51742	6894	65125	23216	5315	55699	2261	80347	10640	490	537	28951	4775	949	55421	10512	6624	60	4292	23032	54715	117	2222	6595	57092	79876	8895	2060	55230	29887	94005	10059	5744	57062	4708	2802	2734	10683	3183	54822	9117	23384	4809	56993	23112	50	11154	10490	55671	10278	1522	51654	9097	11201	79576	2332	8411	27336	11151	54985	1445	23205	29106	6422	56704	7227	28974	30000	2051	11333	64983	1955	3988	6158	23125	27077	8153	25979	4717	1665	23321	51111	6404	51258	1822	135114	9750	51715	202559	135152	5252	2908	10802	28972	80255	9731	5768	8643	1810	57035	5629	6543	8828	84251	84071	23314	5887	51552	8013	85365	51077	80218	576	51538	57179	11328	79269	26994	10102	206358	8202	23326	6631	7913	1948	79144	9349	154796	5690	25824	81537	146330	6049	3872	9732	4289	10651	1854	25847	1032	112399	81926	6861	25830	23211	3748	10197	47	5894	6538	5901	23277	23558	10955	9205	23164	10250	694	6272	9698	22873	324	25821	2045	149041	29079	1607	5082	6194	129685	58487	10128	953	5530	92979	160418	114795	122786	4916	9611	25800	91978	351	5686	25874	27	9213	65123	3899	5433	83939	57552	81608	817	6715	6167	23092	10146	54901	153527	26249	26260	56904	4851	6251	3619	51503	196513	5860	29970	80097	130074	498	24138	9425	84910	4929	781	80746	124739	23367	92370	138199	90550	145483	9530	123803	8365	55571	9542	222068	65018	57805	197131	55129	79957	26168	57465	5928	6339	8682	3760	23248	10602	317649	8618	6314	25976	7871	165918	64850	132332	202151	5229	10412	5885	55074	26050	143279	7486	10910	382	7417	26012	5654	8879	9640	64400	51704	54815	8085	558	57348	55611	83986	378	203190	7881	9197	1501	57555	84669	4135	1826	203859	2628	4300	361	83660	9451	5139	1657	285268	65059	1964	57493	6777	144577	9024	201627	253982	7189	56674	4087	51642	7025	79666	155382	11145	157807	79605	9772	360023	114798	6879	84314	5187	9378	84922	23060	255252	389197	205428	10159	219578	6304	2894	6165	754	284656	8073	256714	155435	8694	9230	9146	10336	116985	123879	57186	643155	340277	100129583	165679	3066	6925	26020	4217	10210	56882	10794	6884	26052	27233	7405	338811	22909	26049	140467	149345	26128	387066	659	5987	440145	56143	56144	54458	55559	8904	654502	101929407	440465	8505	102723508	57002	110806273	283131	100506668	27239	56100	388610	56109	100130155	100534593	196475	56242	379025	10929	441263	112398	115891964	641467	100506710	106660612	107984974
brainseq__dlpfc__M007	2519	5166	8522	4257	51360	5010	23376	22802	23187	960	26751	55841	83714	57475	116254	8537	10362	83641	9650	4756	89795	4205	2182	57560	10420	22905	285527	2329	7289	131544	1307	57506	25	6319	23555	5435	7078	63874	655	7165	22919	54941	6102	143	28984	51090	79152	51285	10404	3646	54108	10226	4099	23554	7458	9144	30850	152503	79611	5985	11149	705	51555	80267	55223	58480	9829	23169	84085	84886	79817	9499	10520	91614	11155	152007	9469	3759	6385	400961	745	11166	6662	4821	2864	3306	84239	56302	8910	11135	3231	50940	23677	57688	3337	5509	84327	9911	83876	23175	9071	51014	4907	79899	84872	8291	2317	9771	23452	10541	90865	63027	7274	2247	27068	8499	51228	79035	85416	57161	85439	93183	23179	163859	54756	56929	55281	83604	51125	123	4915	84641	1979	84504	23052	149986	26524	220108	2308	219670	288	2180	678	4154	221711	84791	5789	124540	7273	64798	5521	57798	1831	5051	54933	6285	117283	116362	84542	6443	7039	7855	2565	116064	23429	323	151636	23272	133121	23305	55536	55503	171546	219654	79156	159195	254225	94274	5653	11031	157638	116236	9925	23620	25932	5028	81844	58485	143162	3799	2861	92126	80176	51315	3400	55970	57571	348938	9420	1267	115019	65108	145270	285800	63951	79635	666	7298	387758	391	284119	57085	140461	22882	143458	2262	118442	137209	6657	768211	25834	220382	389337	4166	26576	84441	8349	105	54093	285382	84281	4520	100131211	4646	4763	2760	374354	140688	54898	3792	1902	65124	147657	28514	57165	286411	643965	90861	131965	123464509	55652	375035	100288842	1654	5512	79134	101927768	100874291	100874314	105369306	730130	84752	358	105375483	55861	100874361	255187	105379057	100507377	646890	100127983	286186	27164	100381270	112268124	414899	107986266	101928738	10418	400617	128077	117134601	338328	221442
brainseq__dlpfc__M008	51265	6482	8798	51533	3423	60481	23304	7444	9135	79645	159	23517	54896	80243	3074	51474	23223	55745	23095	10885	55854	54505	7030	221395	7353	51109	6389	26034	55094	83992	10714	10411	27244	1005	22894	54434	9522	55614	8315	57655	7597	51650	84196	55763	27037	9362	1137	5230	10240	23078	84056	79006	9093	8766	8175	8677	79036	56006	27000	10049	113263	26033	51684	56647	642	6309	79073	50862	84867	51184	57696	6489	51020	9025	1871	26054	4437	5917	4090	11235	23007	150465	2976	10058	57448	49856	10459	60672	127700	9890	26234	26190	1441	56252	84272	84795	26123	7010	9617	847	92014	55847	55653	6239	5342	64768	56984	9459	25873	25796	9026	10401	22907	54739	5786	9743	23287	51347	23014	79074	57129	10868	7507	10817	23005	6176	5330	5861	6996	54934	23344	115825	23478	27043	10026	57592	10456	79573	8476	27436	6233	114805	64422	92345	55814	9879	26240	54438	64599	7569	54539	79618	115426	57720	9446	283212	5058	4863	9638	1793	22878	3773	23461	128338	78994	26060	26958	23515	51706	150275	7673	118424	252995	85395	9442	5635	80174	6811	8880	824	55356	55689	79753	221955	216	203286	4712	84457	51585	84881	65991	83700	84706	84936	9221	9318	81832	8509	91433	81605	64772	64122	84717	51293	283987	4054	51255	4144	196074	163590	84640	55031	4798	160518	5036	80196	9788	126070	55144	79736	7572	27289	148203	147687	83759	165324	80851	10106	8636	28232	283232	54503	219285	23512	54813	729614	100132116	90355	83733	407738	3297	79184	159013	474343	1645	79659	84464	149297	339287	54510	441191	9901	63929	89853	23365	57522	65250	5660	339318	85236	9019	9814	57209	90987	23334	6147	9909	7150	9848	170958	64423	55251	100652748	6257	90333	7711	400553	55851	51517	1773	2595	64601	55628	606495	102724919	101927560	100507495	729978	100272228	100129842	101927248	280	100131434	163051	154881	1650	642924	102546294	728723	729991	56145	11232	2342	105370888	80755	100996660	284408	100130522	84548	123706533	102724859	10778
brainseq__dlpfc__M009	57185	572	3675	51573	9244	23637	56938	5926	28990	259282	168850	84067	57600	6307	55850	29945	10203	3735	6416	375449	8891	3028	55972	9733	56113	55741	9727	79776	117584	23468	3189	54620	9274	55612	116092	28316	55916	4832	51172	8925	93145	79784	5445	56829	94239	10392	3614	51422	7461	9355	657	10539	10900	23788	80824	83594	23398	51421	23527	51130	57142	6654	5396	6429	51107	29937	114883	9330	27130	79627	54853	51248	84898	27230	8034	6431	84899	3704	22826	117154	2002	23022	57153	51337	84660	4695	54558	57533	60484	55425	57578	55119	55226	9764	84284	51455	55316	80021	57559	6775	27163	11010	6252	64784	10966	54808	10907	7286	5298	79169	8446	5899	1745	79137	7110	7220	170954	79742	6834	6877	55208	84735	387923	221336	7073	79047	135295	23228	29761	129831	130535	1633	55707	56896	144406	57477	340348	4681	84303	7109	7617	11094	55823	200186	10898	90864	124222	5966	130132	6565	201895	27152	2912	4085	54726	57107	222962	10395	54919	120114	220296	112937	115708	27018	8800	26995	51755	55128	84514	54541	23192	79064	80723	201254	114825	84864	26115	203062	55669	4884	9158	55191	64318	7423	57659	90806	152815	126328	9793	200958	345778	6330	254827	767	160335	222166	389362	6748	5430	79701	64582	10193	51335	91689	9831	348327	256281	10766	29796	152579	55015	285600	56901	338657	101059918	90668	79955	23390	375612	387921	9725	7697	57541	2764	373156	9646	9851	100506731	4722	51024	113178	124902439	102606465	100129250	100507098	102546299	56098	101929468	85358	7768	9236	100130950	79148	56101	79154	724102	145783	554206	375690
brainseq__dlpfc__M010	51056	22902	23154	4331	8452	9709	10198	84957	8531	10513	60487	11186	63897	55737	29121	4734	5423	53615	6596	23016	4983	440515	22929	7023	55066	1738	55280	6732	9524	26517	23541	83746	8814	2954	9751	79863	8715	3750	64428	4682	5934	6810	51101	7993	54758	8775	56311	1993	10367	79176	2483	23360	27087	10728	80724	79632	135112	51596	10007	80006	10096	57669	6509	6814	3065	117178	8503	25949	57488	9994	56943	1997	64786	8434	55905	89845	57699	6745	80262	7408	83658	55795	8678	5605	5787	468	7732	55930	84817	55695	51690	23473	7322	83636	145447	23480	6388	51388	55643	902	10228	55901	91875	9550	10244	90871	5612	338699	6386	55601	3032	3417	26035	55212	55716	10169	663	10099	585	92579	64762	284111	8612	57645	55827	130507	55164	493856	9140	26230	29967	4715	84909	54805	51144	57536	2823	196383	2132	54842	79750	51128	140767	6728	64682	522	113612	6396	7567	26100	56946	85414	3460	516	131076	7757	84939	221496	283237	4116	9903	51205	150962	129401	200373	441024	91942	22836	55342	123016	259217	119504	3611	23300	65084	54893	10982	26263	55806	9796	6575	123355	84632	7555	166614	84437	8841	5728	9915	55277	442117	11146	201158	5095	79772	2072	9632	401474	122809	124808	51276	55076	81532	143879	57596	54622	1762	148254	730098	284443	162993	170384	92714	9583	10438	26037	222662	342926	23230	84775	11325	200734	118472	113402	116461	353	84852	10206	54065	7416	84461	53822	399821	439994	101926941	201229	92285	283596	57604	100508120	3145	5175	4302	284098	11056	80179	285796	118433
brainseq__dlpfc__M011	53616	2534	8491	933	51306	56204	4826	57458	23200	1496	57217	29995	2011	57719	10371	5250	3835	4036	55900	55506	8220	51199	51098	5203	9770	55125	5422	331	79918	79791	51760	400506	123263	333	7087	8896	55131	653857	8939	22841	22852	6830	1119	29915	51389	10973	8724	6500	5515	1452	5947	10254	29959	23178	27101	51086	64175	2166	387338	23120	9525	80127	23433	64225	5110	5930	989	2892	57187	7389	54487	9113	2926	84250	79572	80263	54407	29841	246269	79786	64759	55627	56886	10097	8916	8999	10427	144402	60314	122060	123041	7090	57336	4864	23476	105372481	54499	80222	29956	10899	9580	132001	93109	54826	7432	7552	51312	54904	55638	10280	10556	57689	84364	220064	5531	84159	54545	55216	57182	9987	10428	7070	23460	29104	10600	3788	9941	3815	257397	56683	117145	7773	653121	9619	9673	93185	148362	26043	3015	84135	94081	9263	79870	79698	65268	509	90809	8945	6809	150290	2879	148137	10653	200845	80319	55308	29091	2915	9655	81603	26156	23261	253725	256643	80227	9832	79718	349075	27335	22906	51118	7378	64061	10587	5413	64754	10933	64800	5333	152100	2650	125704	199777	51114	79979	9361	6399	3914	307	163227	55753	10533	55153	10920	57154	23127	9737	84324	144363	84342	51202	79741	9842	348262	101927459	101101773	10780	152687	359809	124906262
brainseq__dlpfc__M012	381	54443	10463	51507	55591	26064	51773	23518	4659	5128	51660	2065	23446	57704	4905	5337	55973	4660	6507	51729	2346	8886	7018	9878	4650	513	23394	23253	8428	23062	26959	9126	1182	10944	217	2054	11052	8078	26268	51300	3836	23150	85461	10297	23301	51652	4999	515	9295	55719	2107	23435	7579	11113	5354	8189	2123	23499	93986	1736	9584	3021	93611	51669	4677	55082	26056	9648	375248	26122	57471	5168	79811	9746	5073	9859	84524	129563	8667	143187	51594	9456	9481	26289	10350	54149	528	2890	51643	9372	25966	254048	22808	94104	5710	55324	79656	51072	59343	55314	1508	51808	501	54704	51339	6621	55088	51700	90701	81565	89927	4141	23102	29123	1938	200894	4493	6091	11214	22883	10243	51112	221037	3054	26960	64802	7368	9134	53637	50863	387893	317781	54014	55599	115560	23131	1287	6613	9729	54737	9612	51434	399687	29966	57730	1778	92689	63934	55680	1616	4340	4676	9534	286827	23089	347689	6414	9939	101060226	105377540
brainseq__caudate_sczd__M000	23072	5798	4925	10673	23646	8787	117247	1004	5999	83861	58489	10669	9746	114795	473	84451	85463	5937	138199	120114	120776	388753	541471	283417	643015	139285	8590	159013	23742	5138	100101467	56123	54914	1806	27300	55958	29935	7917	100422300	442325	140758	400954	441204	196913	105370369	641293	388948	112597	317727	100418819	646202	100418921	100507308	100312801	105374582	169834	100873882	100131526	100506274	103695365	257203	100270855	100873886	285154	101927560	100422229	100420921	170547	730190	642776	100130881	100506897	100506866	266625	105378580	106480517	100131434	727956	100422044	140290	729150	100271260	100270987	100270852	100419755	100270835	100505678	100420028	5820	106481816	100422271	338097	100422267	101929269	100874333	388112	100506551	105370586	105371374	111082974	100421525	106479459	23380	100507433	105371745	100129640	107986100	390660	101928991	102724859	359822	101241892	729732	100133036	100131998	727758	105379252	554236	391267	5301
brainseq__caudate_sczd__M001	4800	55904	5164	3920	57787	57585	7756	23324	1272	9440	9341	23504	1301	29924	22998	6558	8621	1496	2261	28951	8301	65993	57719	6717	56681	22999	285220	8671	56113	4200	102157402	2778	27131	3183	84144	79956	1153	29801	23384	3091	1983	10484	655	8780	2332	11279	10725	869	79006	7082	7976	6422	56704	54332	427	10382	2091	3780	9355	64115	1655	7466	7704	6506	10944	8078	1822	26268	9444	6678	55819	5515	10675	92999	150465	51639	3398	1386	22848	10765	6513	533	2152	9588	163404	55758	9991	5887	79109	2531	84898	23435	8165	10804	57489	27241	11319	8082	9491	11034	154796	23263	2770	4698	1854	904	9590	1349	5901	26057	3021	10810	55119	8774	54407	2012	79161	4076	1910	7716	4711	57471	27314	6653	54874	3795	57575	22872	55500	1848	10150	81542	10966	54877	90378	5686	481	8490	23126	55252	55016	64839	57583	27316	11212	29967	4851	2823	83643	291	130074	23589	1601	140890	781	4900	4685	84532	5799	166968	286097	57466	873	5763	55083	8545	204851	64343	201595	7871	323	10412	5828	54919	58526	26050	220296	57447	55701	9702	84706	57494	113201	26585	64400	7008	6632	51148	51704	7644	121274	57348	1632	359948	8313	10768	2915	6383	64118	22871	214	2720	57148	3344	26115	26108	4884	171023	2628	94103	257194	2783	6138	11007	51320	4062	3725	4291	147991	285237	90843	439921	91689	9802	27439	3786	677	8519	157567	55922	151011	125704	5359	6613	340277	4644	10794	26052	4155	259230	26768	100124536	677820	677808	388135	6453	23243	114599	692086	677841	727800	22828	6827	90120	677828	5032	378938	196475	10929	6030	1602	389741	114819	100093631
brainseq__caudate_sczd__M002	9912	6792	51306	535	23274	5874	2824	10079	9697	25791	2009	7216	57595	27330	88	4133	1307	9522	55054	23368	10580	3983	1690	5494	22919	8731	331	6594	54602	23295	4946	7087	1124	2887	158471	1759	22841	22849	9644	30850	4013	23329	7167	51026	26235	3617	29959	85440	9829	9887	5929	58155	118427	11113	5153	9926	23096	400961	4201	6662	5690	435	117154	64919	23065	146330	135	2847	92521	57153	6035	57631	23025	23345	1131	9201	337867	84900	5100	313	113220	84253	440279	80031	10152	84298	6252	55784	54925	9520	25874	23179	255928	1944	116931	817	8573	139818	80728	4915	80142	9538	6327	79980	121551	121601	341880	678	2893	10160	2911	51571	26175	285172	9844	23362	7074	159090	3361	84446	57465	7855	152519	9255	79982	8927	79012	2898	348980	79698	55530	81832	5598	144100	10982	126298	6774	84632	4330	9079	9306	195814	3752	8862	27115	23261	154141	29942	10777	3267	253959	132720	26470	64837	65108	5122	64770	9832	284119	54943	2066	286499	285343	389197	64582	220382	23641	29035	80139	51807	130502	152579	64061	84441	6092	56899	10718	220107	148254	27445	387978	375612	26059	7621	126432	123879	389073	55660	60312	4763	65124	777	50618	1500	6262	10497	619208	1639	339453	10921	163486	157574	79134	121853075	84752	101928085	101927592	100507043	107986898	105369779	100128822	728485	283483	359809	729870	441666
brainseq__caudate_sczd__M003	79090	5566	23264	51098	8721	8395	9487	8576	9908	6233	29	57731	4043	1020	1056	387082	81532	128989	4673	83862	4540	51239	100271271	644896	8552	5512	100271884	100271276	643343	101927551	646870	100420423	100874278	100270896	100422627	728300	100421371	100507062	374887	55096	246744	338414	100381270	100507599	25786	27099
brainseq__caudate_sczd__M004	8938	4057	1890	960	79645	729	3371	1356	57545	60529	8908	1117	4638	2239	9576	139212	3568	1512	93233	828	8701	57482	2348	10114	1610	1809	3769	7276	79747	5858	2302	2670	341883	254428	161003	4922	84332	948	22915	319089	91947	80125	91807	90506	163479	56956	6097	7483	83879	6423	60494	3742	26353	133690	79819	160492	4929	153643	339145	123872	284	130540	200162	419	93190	150082	158787	55567	127731	27151	4000	149499	127733	127795	126820	132671	200373	151651	133923	84624	4982	157869	146845	352909	83659	200403	150248	9963	64446	83450	220136	132112	80122	220388	144809	154664	3753	146802	160777	146754	100288072	150147	254956	66002	10345	4051	387885	389118	445582	375298	5104	389799	257177	196385	9182	93035	647309	389161	55779	25790	730112	728763	285834	644139	105378916	112268411	100996570	339894	720	255130	101928989	100507053	100505875	100288001	283592	284260	100133941	126661	101929052	101929355	107984270	340090	101929006	29774
brainseq__caudate_sczd__M005	2729	115703	55750	9091	8540	9820	81037	2263	26986	23505	23032	2782	9817	55230	9117	23541	10521	3705	55671	10735	688	56061	1936	3191	81857	6511	22900	26959	54664	9570	5573	79073	114971	387119	221662	81688	135152	51053	7101	7957	80315	55704	4780	9295	1266	64747	8013	54812	51780	400	84668	79269	57826	8239	10485	112487	23199	23164	7428	4613	9698	22873	80896	6744	950	4089	3707	152330	57552	10146	26260	10280	57689	116966	636	2674	29970	4154	3192	6328	11189	23248	3490	5783	25976	7884	23366	7559	5885	501	3190	220963	5654	55788	153241	200894	196074	10746	53343	85315	5728	361	29903	6712	149420	25915	169200	728294	10159	3838	23194	8073	116448	155435	9146	25840	57496	550631	222553	4646	3066	51321	92070	26128	5987	84627	8505	100505881	283131	10016	254559	105369154	57212
brainseq__caudate_sczd__M006	5536	1207	55072	51678	2617	51604	54429	1514	80013	10283	1827	10260	64787	253650	7469	51082	11138	259294	266657	259296	728706	56903	389428	100130446	100418919	100131638	122152326	26134	100421629	378805	100874353	100270827	220112	100631242	100130786	100873241	106481109	100421437	728167	392266	259295	266656	100420114	100506207
brainseq__caudate_sczd__M007	3382	55001	53616	10858	10659	54477	6894	50937	9063	966	55968	3912	25831	114327	26517	421	114088	7443	25963	6324	23731	1277	6309	27087	55856	9381	23301	90231	11064	5342	85013	129607	85004	51317	3590	80144	27068	54934	8125	151126	5295	9140	221806	84909	4684	3688	6014	125476	5789	2134	9348	11341	4886	91147	11164	119504	4130	146212	6091	163590	131616	1000	83787	84287	5356	151827	10231	111	158399	203523	1139	25914	222183	285525	127254	55017	575	164091	64410	6586	23299	101059918	1630	9863	56164	25788	85236	653316	8906	378881	102724919	102546299	344595	390595	441355	100294362	101927151	728841	107984345	339829	548644	90499	440040
brainseq__caudate_sczd__M008	10368	5081	11215	10953	578	7504	4134	10787	23348	1795	9371	9738	59338	3131	4121	23266	6785	27145	9480	2892	57168	9732	3746	79589	23508	2317	347252	56965	403	123041	11249	2803	226	84159	57369	220004	5563	2135	79762	130367	4241	83550	1816	91752	253782	8708	81033	170261	344758	3352	85453	64388	5912	54112	8905	340146	1812	266722	399947	4771	23270	29978	284697	23708	55190	643836	340578	57692	9293	646951	134111	107985190	101926971	104355152	440132	1325	654790	101929415	100130155	101929473	123624	105376121	122319436
brainseq__caudate_sczd__M009	8837	5315	30836	57704	23291	27252	5663	114882	84182	1108	4012	9736	4297	8434	583	6041	26160	5903	57805	56683	8559	57611	79683	79813	339287	83699	50838	100271538	729799	728190	100271039	140761	100887068	100421865	644388	100271175	259293	259290	7190	100421100	319140	107985115	5380
brainseq__caudate_sczd__M010	22875	5188	22933	64431	825	201294	6319	79784	3249	64077	83480	5818	9181	6696	64374	11155	55234	7103	50809	30817	10142	9514	50940	25870	9363	23595	9635	221184	51097	54886	23052	151242	667	56990	23176	2819	2705	2861	4815	220416	23283	23241	253832	118442	84890	10773	1287	57165	643965	8110	90861	401022	387486	101928470	100288428	100507336	101926907	100271832	285286	347689	255187	100507377	101927009
brainseq__caudate_sczd__M011	8100	23543	282808	57464	6861	3708	9868	253152	54872	100420110	100421794	100421420	100422384	100131810	100271008	286494	100271294	391256	26226	100419489	100271277	100421670	106480488	100271150	106479248	541	102724430	100422317	147276
brainseq__caudate_sczd__M012	54972	143684	57531	10075	5064	51386	5931	2254	10423	3646	136319	219771	8882	55832	10087	9555	84100	11235	523	56655	27101	8643	576	3895	10776	1032	10514	9406	23608	8565	102	10499	8533	5066	196294	6188	375056	80746	528	1915	123803	4681	267	23514	65268	142940	79101	7336	10477	9632	80205	11180	137392	51155	50859	29068	26037	280636	389813	729991	729911	100506710	84726	728554
brainseq__caudate_sczd__M013	23304	11338	5550	57106	8773	6598	55954	80331	10732	1457	84148	3315	1993	1410	3313	57396	85461	64895	3336	79627	83658	3276	51690	10155	3996	114799	23038	10957	871	129684	145483	5147	285367	8365	6285	84814	29115	78987	90522	98	115196	3310	114926	90637	221294	23060	23265	83733	51186	26155	987	8861	3304	3303	51406	145783
brainseq__caudate_sczd__M014	6863	27032	5685	124925	55854	10290	23033	2775	55668	84502	145508	1186	4858	54504	6804	9678	10900	11044	5201	10915	6654	80235	11059	7376	51669	9743	11097	1039	6875	3358	8566	3015	168002	222950	146664	23524	9796	50515	7690	10534	23399	23141	2903	642938	1612	55251	57683	100506731	25817	105370648	338758
brainseq__caudate_sczd__M015	6853	51177	7204	55745	54542	60	2346	9489	8455	5905	57680	54940	51652	3964	9270	9870	9409	51538	2170	55577	7533	22907	22800	84896	54536	23710	376267	6727	64755	494470	26230	8525	7345	516	84303	622	7447	80128	112476	6137	2786	118487	100418706	7267	64478	29902	100128264	101060691	730861	157627
brainseq__caudate_sczd__M016	85477	695	972	822	6813	58484	5742	10859	945	51338	51411	5777	718	219855	10010	3394	30011	3606	64092	1234	79626	1230	3965	6039	54360	713	712	10301	53829	388512	399687	51284	219972	56670	2214	102724297	101927532	137196	101928687	643529	100233209	101929497	115891964
brainseq__caudate_sczd__M017	9497	1975	10838	16	4670	51382	51292	6923	92609	333	28964	26001	79770	56987	4691	60526	56943	10236	8910	55201	84152	6210	54841	10956	9107	10456	10525	6728	7381	9791	1973	7627	100507246	23132	55255	2923	6730	9677	7324	2186	55505	28970	8663	6334	10399	125113	100505641	60674
brainseq__caudate_sczd__M018	57658	637	9782	26999	57095	3682	6548	79734	9663	64130	30000	5715	80006	53335	4072	79871	11127	79149	5879	3159	5547	7009	54828	9711	4191	774	7070	103	29127	79885	1499	3800	27065	256130	205717	374819	51301	6879	51649	84570	309	1778	221002	7416	400765	10443	7554	105374338
brainseq__caudate_sczd__M019	340533	9892	490	51412	1741	57144	2259	6456	2743	10486	9890	9331	51209	24141	25830	23229	6860	2752	85397	2572	55362	5530	83851	10769	84553	9118	2977	814	115827	27020	9162	127281	2562	51617	57687	10125	79772	80034	139065	57528	256714	3751	401190	7259	5534	4747
brainseq__caudate_sczd__M020	8935	5080	27430	57560	6605	339175	5721	8874	57794	10135	55572	10612	79676	54946	4999	10174	6487	54982	114805	401262	27250	94104	53407	203062	114900	1212	9659	2918	51428	646658	5463	3714	1995	100131755	197342	348262	101928153	6880	107985911	645166	57234
brainseq__caudate_sczd__M021	6196	374378	8189	5326	4738	29087	23001	134429	11168	390927	100271594	79940	100422382
brainseq__caudate_sczd__M022	2046	81539	79817	51234	50632	9215	60558	317649	10395	26995	10524	400673	23145	30001	353512	9080	100418737	91056	100507178
brainseq__caudate_sczd__M023	2115	7188	10488	10672	51132	22822	9818	57645	57703	401152	360023	100033442	338433	767598	390980	100033429	693155	406929	106480630	109729181	100422871	100616194	100500819	100033814	100302167	100616263
brainseq__caudate_sczd__M024	6401	9052	6556	6515	22904	602	10272	2920	28231	1440	2335	9173	1026	3659	3553	7538	3569	64005	9023	55647	6398	6004	388	10205	116844	5031	8793	2828	7056	10581	1282	1052	101926904
brainseq__caudate_sczd__M025	26993	55711	9759	6160	23428	5683	57649	23360	7277	55536	4086	147658	553121	100270946	64288	100421595	107075304	100421173	100133319
brainseq__caudate_sczd__M026	8554	10573	6767	10775	9806	9379	55110	10975	79644	94101	1840	54583	90871	55589	25912	80856	10658	27089	784	120526	167227	80012	55690	84319	23089	147007	59348	197187	201283
brainseq__caudate_sczd__M027	9031	10463	11178	10294	4898	2280	5862	55664	9896	51540	9648	9649	27229	29789	91012	460	124245	23272	116328	1107	162655	6168	9867	286411	101929709	728411
brainseq__caudate_sczd__M028	6720	108	8417	8260	9828	3157	7372	10625	8458	4548	51614	9859	143187	56172	197131	113026	9147	114823	10653	3187	142684	284406	2621	140739	100996437	10597
brainseq__caudate_sczd__M029	55183	6595	51199	8939	7257	27245	51535	56886	6135	23421	3321	9515	84304	55768	80790	23522	5702	84525	10869	56945	131408	6666	55152	219790	9883	100507290
brainseq__caudate_sczd__M030	51175	2971	84246	79966	55086	9223	10092	201475	8292	353267	134187	646723	100287944	554206
brainseq__caudate_sczd__M031	23327	43	80821	26033	54462	4916	287	5814	6749	160897	7402	92181	148808	55175	2673	118460	400046	106456574	101929748
brainseq__caudate_sczd__M032	2530	10979	23136	118	23321	51555	3306	54973	148281	9771	118663	57520	56904	51351	63895	26053	117283	5747	80781	5142	11124	1756	101928527	100128675	101930276	105376387
brainseq__caudate_sczd__M033	90293	5601	2983	22911	25977	57446	9016	7991	5532	4591	2805	63908	7905	9581	57282	114134	9530	55607	1780	2982	7534	64112	7529	51362	4976
brainseq__caudate_sczd__M034	8538	81671	1837	153478	54102	286207	285025	136288	55130	90288	225689	302	399949	83656	440585	401944	12	401124	255119	56245	102725191	80086	283152	105371267
brainseq__caudate_sczd__M035	65981	65123	112937	201191	114781	57128	100418781	100271221	100507266	100507316	111082977	493913
brainseq__caudate_sczd__M036	79763	6507	9727	8925	80255	1810	1315	115416	1528	84669	9899	400619	386597	339789	56957	116828
brainseq__caudate_sczd__M037	1994	10531	1933	10120	11019	55002	84221	79870	138311	24149	79877	27341	441116	100507421	100533184	79873	100130148
brainseq__caudate_sczd__M038	815	2017	55632	83892	11329	57213	51081	10238	84300	55759	11023	164832	81603	4519	4536	101060200	10626	256302	8344	100887750
brainseq__caudate_sczd__M039	9043	23095	3796	55973	114880	23085	55738	57539	55719	54832	63971	23284	26289	25769	114793	23385	6773	26047	50863	729540
