rank	gene	n_regions	regions	modules	best_module_q	max_enrichment	mean_enrichment	n_regions_binding	n_regions_pheno_module	n_regions_go_invisible	n_regions_switch_active	module_roles	best_pheno_fdr	max_abs_switch_r	best_region	best_module	best_module_go	best_module_or	best_module_or_ci_low	best_module_or_ci_high	best_module_enrichment	best_module_hyper_q	best_module_q_glm	adjusted_or_ok	adjusted_ci_excludes_null	anchor_traits	anchor_kinds	anchor_max_clpp	anchor_verdict	anchor_class	anchor_splicing_led	has_anchor	eligible	gene_name
1	ENSG00000099365	4	anterior_cingulate_cortex_ba24,caudate,frontal_cortex_ba9,hippocampus	M003,M008,M012,M023	2.9255016778062584e-25	3.630414746543779	2.4264045809220236	5	5	1	4	abundance_only,discordant	0.0011091019599368968	0.7537605206632251	frontal_cortex_ba9	M008	synaptic signaling, trans-synaptic signaling, anterograde trans-synaptic signaling	1.82223788144231	1.3587445627707908	2.4438374861217445	3.365702216858286	2.9255016778062584e-25	0.015221698111671298	True	True						False	False	True	STX1B
2	ENSG00000160716	3	anterior_cingulate_cortex_ba24,frontal_cortex_ba9,hippocampus	M008,M012,M023	2.9255016778062584e-25	3.630414746543779	2.6968399239900513	4	4	0	2	abundance_only,coupled	0.0011091019599368968	0.7800073580846362	frontal_cortex_ba9	M008	synaptic signaling, trans-synaptic signaling, anterograde trans-synaptic signaling	1.82223788144231	1.3587445627707908	2.4438374861217445	3.365702216858286	2.9255016778062584e-25	0.015221698111671298	True	True	SCZ	eQTL	0.0125483422508438	expression-led (eQTL gene-level)	expression-led	False	True	True	CHRNB2
3	ENSG00000172350	3	anterior_cingulate_cortex_ba24,frontal_cortex_ba9,hippocampus	M008,M012,M023	2.9255016778062584e-25	3.630414746543779	2.6968399239900513	4	4	0	4	coupled,discordant	0.0011091019599368968	0.6061442692505108	frontal_cortex_ba9	M008	synaptic signaling, trans-synaptic signaling, anterograde trans-synaptic signaling	1.82223788144231	1.3587445627707908	2.4438374861217445	3.365702216858286	2.9255016778062584e-25	0.015221698111671298	True	True						False	False	True	ABCG4
4	ENSG00000077080	3	anterior_cingulate_cortex_ba24,frontal_cortex_ba9,hippocampus	M008,M012,M023	2.9255016778062584e-25	3.630414746543779	2.6968399239900513	4	4	0	2	abundance_only,coupled	0.0011091019599368968	0.417064356359965	frontal_cortex_ba9	M008	synaptic signaling, trans-synaptic signaling, anterograde trans-synaptic signaling	1.82223788144231	1.3587445627707908	2.4438374861217445	3.365702216858286	2.9255016778062584e-25	0.015221698111671298	True	True						False	False	True	ACTL6B
5	ENSG00000156959	3	anterior_cingulate_cortex_ba24,frontal_cortex_ba9,hippocampus	M008,M012,M023	2.9255016778062584e-25	3.630414746543779	2.6968399239900513	4	4	0	1	abundance_only,discordant	0.0011091019599368968	0.3358527338598919	frontal_cortex_ba9	M008	synaptic signaling, trans-synaptic signaling, anterograde trans-synaptic signaling	1.82223788144231	1.3587445627707908	2.4438374861217445	3.365702216858286	2.9255016778062584e-25	0.015221698111671298	True	True						False	False	True	LHFPL4
6	ENSG00000197106	3	anterior_cingulate_cortex_ba24,frontal_cortex_ba9,hippocampus	M008,M012,M023	2.9255016778062584e-25	3.630414746543779	2.6968399239900513	4	4	0	2	abundance_only,coupled	0.0011091019599368968	0.3310652791125377	frontal_cortex_ba9	M008	synaptic signaling, trans-synaptic signaling, anterograde trans-synaptic signaling	1.82223788144231	1.3587445627707908	2.4438374861217445	3.365702216858286	2.9255016778062584e-25	0.015221698111671298	True	True						False	False	True	SLC6A17
7	ENSG00000197457	3	anterior_cingulate_cortex_ba24,frontal_cortex_ba9,hippocampus	M008,M012,M023	2.9255016778062584e-25	3.630414746543779	2.6968399239900513	4	4	0	1	abundance_only,discordant	0.0011091019599368968	0.30886878151391384	frontal_cortex_ba9	M008	synaptic signaling, trans-synaptic signaling, anterograde trans-synaptic signaling	1.82223788144231	1.3587445627707908	2.4438374861217445	3.365702216858286	2.9255016778062584e-25	0.015221698111671298	True	True						False	False	True	STMN3
8	ENSG00000159363	3	anterior_cingulate_cortex_ba24,frontal_cortex_ba9,hippocampus	M008,M012,M023	2.9255016778062584e-25	3.630414746543779	2.6968399239900513	4	4	0	4	coupled,discordant	0.0011091019599368968	0.2931573361833913	frontal_cortex_ba9	M008	synaptic signaling, trans-synaptic signaling, anterograde trans-synaptic signaling	1.82223788144231	1.3587445627707908	2.4438374861217445	3.365702216858286	2.9255016778062584e-25	0.015221698111671298	True	True						False	False	True	ATP13A2
9	ENSG00000176490	3	anterior_cingulate_cortex_ba24,frontal_cortex_ba9,hippocampus	M008,M012,M023	2.9255016778062584e-25	3.630414746543779	2.6968399239900513	4	4	0	0	abundance_only	0.0011091019599368968	0.19147500403953321	frontal_cortex_ba9	M008	synaptic signaling, trans-synaptic signaling, anterograde trans-synaptic signaling	1.82223788144231	1.3587445627707908	2.4438374861217445	3.365702216858286	2.9255016778062584e-25	0.015221698111671298	True	True						False	False	True	DIRAS1
10	ENSG00000158445	3	anterior_cingulate_cortex_ba24,caudate,frontal_cortex_ba9	M003,M008,M023	2.9255016778062584e-25	3.630414746543779	2.7802600573506595	3	3	1	3	coupled,discordant	0.0011091019599368968	0.6554589010915397	frontal_cortex_ba9	M008	synaptic signaling, trans-synaptic signaling, anterograde trans-synaptic signaling	1.82223788144231	1.3587445627707908	2.4438374861217445	3.365702216858286	2.9255016778062584e-25	0.015221698111671298	True	True						False	False	True	KCNB1
11	ENSG00000168539	2	frontal_cortex_ba9,hippocampus	M008,M012	2.9255016778062584e-25	3.365702216858286	2.385648316472142	3	3	0	3	coupled,discordant	0.0022181696711526754	0.8360120469357261	frontal_cortex_ba9	M008	synaptic signaling, trans-synaptic signaling, anterograde trans-synaptic signaling	1.82223788144231	1.3587445627707908	2.4438374861217445	3.365702216858286	2.9255016778062584e-25	0.015221698111671298	True	True						False	False	True	CHRM1
12	ENSG00000135709	2	frontal_cortex_ba9,hippocampus	M008,M012	2.9255016778062584e-25	3.365702216858286	2.385648316472142	3	3	0	3	coupled	0.0022181696711526754	0.7259943155394414	frontal_cortex_ba9	M008	synaptic signaling, trans-synaptic signaling, anterograde trans-synaptic signaling	1.82223788144231	1.3587445627707908	2.4438374861217445	3.365702216858286	2.9255016778062584e-25	0.015221698111671298	True	True						False	False	True	KIAA0513
13	ENSG00000139767	2	frontal_cortex_ba9,hippocampus	M008,M012	2.9255016778062584e-25	3.365702216858286	2.385648316472142	3	3	0	3	coupled	0.0022181696711526754	0.6953485171680737	frontal_cortex_ba9	M008	synaptic signaling, trans-synaptic signaling, anterograde trans-synaptic signaling	1.82223788144231	1.3587445627707908	2.4438374861217445	3.365702216858286	2.9255016778062584e-25	0.015221698111671298	True	True						False	False	True	SRRM4
14	ENSG00000118160	2	frontal_cortex_ba9,hippocampus	M008,M012	2.9255016778062584e-25	3.365702216858286	2.385648316472142	3	3	0	3	coupled	0.0022181696711526754	0.6756338854051733	frontal_cortex_ba9	M008	synaptic signaling, trans-synaptic signaling, anterograde trans-synaptic signaling	1.82223788144231	1.3587445627707908	2.4438374861217445	3.365702216858286	2.9255016778062584e-25	0.015221698111671298	True	True						False	False	True	SLC8A2
15	ENSG00000132938	2	frontal_cortex_ba9,hippocampus	M008,M012	2.9255016778062584e-25	3.365702216858286	2.385648316472142	3	3	0	3	coupled	0.0022181696711526754	0.6710070447903853	frontal_cortex_ba9	M008	synaptic signaling, trans-synaptic signaling, anterograde trans-synaptic signaling	1.82223788144231	1.3587445627707908	2.4438374861217445	3.365702216858286	2.9255016778062584e-25	0.015221698111671298	True	True						False	False	True	MTUS2
16	ENSG00000139200	2	frontal_cortex_ba9,hippocampus	M008,M012	2.9255016778062584e-25	3.365702216858286	2.385648316472142	3	3	0	3	coupled	0.0022181696711526754	0.6487996492901292	frontal_cortex_ba9	M008	synaptic signaling, trans-synaptic signaling, anterograde trans-synaptic signaling	1.82223788144231	1.3587445627707908	2.4438374861217445	3.365702216858286	2.9255016778062584e-25	0.015221698111671298	True	True						False	False	True	PIANP
17	ENSG00000168490	2	frontal_cortex_ba9,hippocampus	M008,M012	2.9255016778062584e-25	3.365702216858286	2.385648316472142	3	3	0	3	coupled,discordant	0.0022181696711526754	0.6191286235361265	frontal_cortex_ba9	M008	synaptic signaling, trans-synaptic signaling, anterograde trans-synaptic signaling	1.82223788144231	1.3587445627707908	2.4438374861217445	3.365702216858286	2.9255016778062584e-25	0.015221698111671298	True	True						False	False	True	PHYHIP
18	ENSG00000138028	2	frontal_cortex_ba9,hippocampus	M008,M012	2.9255016778062584e-25	3.365702216858286	2.385648316472142	3	3	0	3	coupled	0.0022181696711526754	0.6038621515481193	frontal_cortex_ba9	M008	synaptic signaling, trans-synaptic signaling, anterograde trans-synaptic signaling	1.82223788144231	1.3587445627707908	2.4438374861217445	3.365702216858286	2.9255016778062584e-25	0.015221698111671298	True	True						False	False	True	CGREF1
19	ENSG00000184524	2	frontal_cortex_ba9,hippocampus	M008,M012	2.9255016778062584e-25	3.365702216858286	2.385648316472142	3	3	0	3	discordant	0.0022181696711526754	0.5878788584800392	frontal_cortex_ba9	M008	synaptic signaling, trans-synaptic signaling, anterograde trans-synaptic signaling	1.82223788144231	1.3587445627707908	2.4438374861217445	3.365702216858286	2.9255016778062584e-25	0.015221698111671298	True	True						False	False	True	CEND1
20	ENSG00000073670	2	frontal_cortex_ba9,hippocampus	M008,M012	2.9255016778062584e-25	3.365702216858286	2.385648316472142	3	3	0	3	discordant	0.0022181696711526754	0.5280025048927439	frontal_cortex_ba9	M008	synaptic signaling, trans-synaptic signaling, anterograde trans-synaptic signaling	1.82223788144231	1.3587445627707908	2.4438374861217445	3.365702216858286	2.9255016778062584e-25	0.015221698111671298	True	True						False	False	True	ADAM11
21	ENSG00000162706	2	frontal_cortex_ba9,hippocampus	M008,M012	2.9255016778062584e-25	3.365702216858286	2.385648316472142	3	3	0	3	coupled,discordant	0.0022181696711526754	0.5133026439192097	frontal_cortex_ba9	M008	synaptic signaling, trans-synaptic signaling, anterograde trans-synaptic signaling	1.82223788144231	1.3587445627707908	2.4438374861217445	3.365702216858286	2.9255016778062584e-25	0.015221698111671298	True	True						False	False	True	CADM3
22	ENSG00000105613	2	frontal_cortex_ba9,hippocampus	M008,M012	2.9255016778062584e-25	3.365702216858286	2.385648316472142	3	3	0	1	abundance_only,coupled	0.0022181696711526754	0.4954268802672438	frontal_cortex_ba9	M008	synaptic signaling, trans-synaptic signaling, anterograde trans-synaptic signaling	1.82223788144231	1.3587445627707908	2.4438374861217445	3.365702216858286	2.9255016778062584e-25	0.015221698111671298	True	True						False	False	True	MAST1
23	ENSG00000189410	2	frontal_cortex_ba9,hippocampus	M008,M012	2.9255016778062584e-25	3.365702216858286	2.385648316472142	3	3	0	3	coupled,discordant	0.0022181696711526754	0.4848679948989604	frontal_cortex_ba9	M008	synaptic signaling, trans-synaptic signaling, anterograde trans-synaptic signaling	1.82223788144231	1.3587445627707908	2.4438374861217445	3.365702216858286	2.9255016778062584e-25	0.015221698111671298	True	True						False	False	True	SH2D5
24	ENSG00000072071	2	frontal_cortex_ba9,hippocampus	M008,M012	2.9255016778062584e-25	3.365702216858286	2.385648316472142	3	3	0	3	coupled,discordant	0.0022181696711526754	0.4818839926590897	frontal_cortex_ba9	M008	synaptic signaling, trans-synaptic signaling, anterograde trans-synaptic signaling	1.82223788144231	1.3587445627707908	2.4438374861217445	3.365702216858286	2.9255016778062584e-25	0.015221698111671298	True	True						False	False	True	ADGRL1
25	ENSG00000176884	2	frontal_cortex_ba9,hippocampus	M008,M012	2.9255016778062584e-25	3.365702216858286	2.385648316472142	3	3	0	2	abundance_only,discordant	0.0022181696711526754	0.38597724552210744	frontal_cortex_ba9	M008	synaptic signaling, trans-synaptic signaling, anterograde trans-synaptic signaling	1.82223788144231	1.3587445627707908	2.4438374861217445	3.365702216858286	2.9255016778062584e-25	0.015221698111671298	True	True						False	False	True	GRIN1
26	ENSG00000140323	2	frontal_cortex_ba9,hippocampus	M008,M012	2.9255016778062584e-25	3.365702216858286	2.385648316472142	3	3	0	2	abundance_only,coupled	0.0022181696711526754	0.35894307848164736	frontal_cortex_ba9	M008	synaptic signaling, trans-synaptic signaling, anterograde trans-synaptic signaling	1.82223788144231	1.3587445627707908	2.4438374861217445	3.365702216858286	2.9255016778062584e-25	0.015221698111671298	True	True						False	False	True	DISP2
27	ENSG00000272031	2	frontal_cortex_ba9,hippocampus	M008,M012	2.9255016778062584e-25	3.365702216858286	2.385648316472142	3	3	0	1	abundance_only,discordant	0.0022181696711526754	0.30974767312606105	frontal_cortex_ba9	M008	synaptic signaling, trans-synaptic signaling, anterograde trans-synaptic signaling	1.82223788144231	1.3587445627707908	2.4438374861217445	3.365702216858286	2.9255016778062584e-25	0.015221698111671298	True	True						False	False	True	ANKRD34A
28	ENSG00000076826	2	frontal_cortex_ba9,hippocampus	M008,M012	2.9255016778062584e-25	3.365702216858286	2.385648316472142	3	3	0	3	coupled,discordant	0.0022181696711526754	0.2573903957388956	frontal_cortex_ba9	M008	synaptic signaling, trans-synaptic signaling, anterograde trans-synaptic signaling	1.82223788144231	1.3587445627707908	2.4438374861217445	3.365702216858286	2.9255016778062584e-25	0.015221698111671298	True	True						False	False	True	CAMSAP3
29	ENSG00000180155	2	anterior_cingulate_cortex_ba24,frontal_cortex_ba9	M008,M023	2.9255016778062584e-25	3.630414746543779	3.4980584817010323	2	2	0	2	coupled	0.0011091019599368968	0.6498026494335299	frontal_cortex_ba9	M008	synaptic signaling, trans-synaptic signaling, anterograde trans-synaptic signaling	1.82223788144231	1.3587445627707908	2.4438374861217445	3.365702216858286	2.9255016778062584e-25	0.015221698111671298	True	True						False	False	True	LYNX1
30	ENSG00000127561	2	anterior_cingulate_cortex_ba24,frontal_cortex_ba9	M008,M023	2.9255016778062584e-25	3.630414746543779	3.4980584817010323	2	2	0	2	coupled	0.0011091019599368968	0.4891378376331747	frontal_cortex_ba9	M008	synaptic signaling, trans-synaptic signaling, anterograde trans-synaptic signaling	1.82223788144231	1.3587445627707908	2.4438374861217445	3.365702216858286	2.9255016778062584e-25	0.015221698111671298	True	True						False	False	True	SYNGR3
31	ENSG00000125967	2	caudate,frontal_cortex_ba9	M003,M008	2.9255016778062584e-25	3.365702216858286	2.3551827127540994	2	2	1	1	abundance_only,coupled	0.002581674269065844	0.42808364586834613	frontal_cortex_ba9	M008	synaptic signaling, trans-synaptic signaling, anterograde trans-synaptic signaling	1.82223788144231	1.3587445627707908	2.4438374861217445	3.365702216858286	2.9255016778062584e-25	0.015221698111671298	True	True						False	False	True	NECAB3
32	ENSG00000133265	2	caudate,frontal_cortex_ba9	M003,M008	2.9255016778062584e-25	3.365702216858286	2.3551827127540994	2	2	1	1	abundance_only,discordant	0.002581674269065844	0.41709436090319935	frontal_cortex_ba9	M008	synaptic signaling, trans-synaptic signaling, anterograde trans-synaptic signaling	1.82223788144231	1.3587445627707908	2.4438374861217445	3.365702216858286	2.9255016778062584e-25	0.015221698111671298	True	True						False	False	True	HSPBP1
33	ENSG00000110786	2	anterior_cingulate_cortex_ba24,frontal_cortex_ba9	M008,M023	2.9255016778062584e-25	3.630414746543779	3.4980584817010323	2	2	0	0	abundance_only	0.0011091019599368968	0.12215160005359384	frontal_cortex_ba9	M008	synaptic signaling, trans-synaptic signaling, anterograde trans-synaptic signaling	1.82223788144231	1.3587445627707908	2.4438374861217445	3.365702216858286	2.9255016778062584e-25	0.015221698111671298	True	True						False	False	True	PTPN5
34	ENSG00000105270	2	anterior_cingulate_cortex_ba24,frontal_cortex_ba9	M008,M023	2.9255016778062584e-25	3.630414746543779	3.4980584817010323	2	2	0	0	abundance_only	0.0011091019599368968	0.09779825122845905	frontal_cortex_ba9	M008	synaptic signaling, trans-synaptic signaling, anterograde trans-synaptic signaling	1.82223788144231	1.3587445627707908	2.4438374861217445	3.365702216858286	2.9255016778062584e-25	0.015221698111671298	True	True						False	False	True	CLIP3
35	ENSG00000140854	2	anterior_cingulate_cortex_ba24,frontal_cortex_ba9	M008,M023	2.9255016778062584e-25	3.630414746543779	3.4980584817010323	2	2	0	0	abundance_only	0.0011091019599368968	0.08077936805187713	frontal_cortex_ba9	M008	synaptic signaling, trans-synaptic signaling, anterograde trans-synaptic signaling	1.82223788144231	1.3587445627707908	2.4438374861217445	3.365702216858286	2.9255016778062584e-25	0.015221698111671298	True	True						False	False	True	KATNB1
36	ENSG00000171533	2	cortex,frontal_cortex_ba9	M008,M021	2.9255016778062584e-25	3.365702216858286	3.1137484673727207	1	2	1	2	discordant	0.000905492123843912	0.3182905538631248	frontal_cortex_ba9	M008	synaptic signaling, trans-synaptic signaling, anterograde trans-synaptic signaling	1.82223788144231	1.3587445627707908	2.4438374861217445	3.365702216858286	2.9255016778062584e-25	0.015221698111671298	True	True						False	False	True	MAP6
37	ENSG00000074317	1	frontal_cortex_ba9	M008	2.9255016778062584e-25	3.365702216858286	3.365702216858286	1	1	0	1	discordant	0.002581674269065844	0.7398515733761875	frontal_cortex_ba9	M008	synaptic signaling, trans-synaptic signaling, anterograde trans-synaptic signaling	1.82223788144231	1.3587445627707908	2.4438374861217445	3.365702216858286	2.9255016778062584e-25	0.015221698111671298	True	True						False	False	True	SNCB
38	ENSG00000168993	1	frontal_cortex_ba9	M008	2.9255016778062584e-25	3.365702216858286	3.365702216858286	1	1	0	1	coupled	0.002581674269065844	0.7326459817385347	frontal_cortex_ba9	M008	synaptic signaling, trans-synaptic signaling, anterograde trans-synaptic signaling	1.82223788144231	1.3587445627707908	2.4438374861217445	3.365702216858286	2.9255016778062584e-25	0.015221698111671298	True	True						False	False	True	CPLX1
39	ENSG00000169884	1	frontal_cortex_ba9	M008	2.9255016778062584e-25	3.365702216858286	3.365702216858286	1	1	0	1	coupled	0.002581674269065844	0.7110442332823627	frontal_cortex_ba9	M008	synaptic signaling, trans-synaptic signaling, anterograde trans-synaptic signaling	1.82223788144231	1.3587445627707908	2.4438374861217445	3.365702216858286	2.9255016778062584e-25	0.015221698111671298	True	True						False	False	True	WNT10B
40	ENSG00000110076	1	frontal_cortex_ba9	M008	2.9255016778062584e-25	3.365702216858286	3.365702216858286	1	1	0	1	coupled	0.002581674269065844	0.681088180391716	frontal_cortex_ba9	M008	synaptic signaling, trans-synaptic signaling, anterograde trans-synaptic signaling	1.82223788144231	1.3587445627707908	2.4438374861217445	3.365702216858286	2.9255016778062584e-25	0.015221698111671298	True	True						False	False	True	NRXN2
41	ENSG00000169783	1	frontal_cortex_ba9	M008	2.9255016778062584e-25	3.365702216858286	3.365702216858286	1	1	0	1	coupled	0.002581674269065844	0.6760849213184043	frontal_cortex_ba9	M008	synaptic signaling, trans-synaptic signaling, anterograde trans-synaptic signaling	1.82223788144231	1.3587445627707908	2.4438374861217445	3.365702216858286	2.9255016778062584e-25	0.015221698111671298	True	True						False	False	True	LINGO1
42	ENSG00000137825	1	frontal_cortex_ba9	M008	2.9255016778062584e-25	3.365702216858286	3.365702216858286	1	1	0	1	coupled	0.002581674269065844	0.6718798931423492	frontal_cortex_ba9	M008	synaptic signaling, trans-synaptic signaling, anterograde trans-synaptic signaling	1.82223788144231	1.3587445627707908	2.4438374861217445	3.365702216858286	2.9255016778062584e-25	0.015221698111671298	True	True						False	False	True	ITPKA
43	ENSG00000114554	1	frontal_cortex_ba9	M008	2.9255016778062584e-25	3.365702216858286	3.365702216858286	1	1	0	1	coupled	0.002581674269065844	0.6615442103256861	frontal_cortex_ba9	M008	synaptic signaling, trans-synaptic signaling, anterograde trans-synaptic signaling	1.82223788144231	1.3587445627707908	2.4438374861217445	3.365702216858286	2.9255016778062584e-25	0.015221698111671298	True	True						False	False	True	PLXNA1
44	ENSG00000105255	1	frontal_cortex_ba9	M008	2.9255016778062584e-25	3.365702216858286	3.365702216858286	1	1	0	1	coupled	0.002581674269065844	0.6326936595374193	frontal_cortex_ba9	M008	synaptic signaling, trans-synaptic signaling, anterograde trans-synaptic signaling	1.82223788144231	1.3587445627707908	2.4438374861217445	3.365702216858286	2.9255016778062584e-25	0.015221698111671298	True	True						False	False	True	FSD1
45	ENSG00000205090	1	frontal_cortex_ba9	M008	2.9255016778062584e-25	3.365702216858286	3.365702216858286	1	1	0	1	coupled	0.002581674269065844	0.6083485720195064	frontal_cortex_ba9	M008	synaptic signaling, trans-synaptic signaling, anterograde trans-synaptic signaling	1.82223788144231	1.3587445627707908	2.4438374861217445	3.365702216858286	2.9255016778062584e-25	0.015221698111671298	True	True						False	False	True	TMEM240
46	ENSG00000174871	1	frontal_cortex_ba9	M008	2.9255016778062584e-25	3.365702216858286	3.365702216858286	1	1	0	1	discordant	0.002581674269065844	0.5930737669785886	frontal_cortex_ba9	M008	synaptic signaling, trans-synaptic signaling, anterograde trans-synaptic signaling	1.82223788144231	1.3587445627707908	2.4438374861217445	3.365702216858286	2.9255016778062584e-25	0.015221698111671298	True	True						False	False	True	CNIH2
47	ENSG00000040608	1	frontal_cortex_ba9	M008	2.9255016778062584e-25	3.365702216858286	3.365702216858286	1	1	0	1	coupled	0.002581674269065844	0.5761177717937542	frontal_cortex_ba9	M008	synaptic signaling, trans-synaptic signaling, anterograde trans-synaptic signaling	1.82223788144231	1.3587445627707908	2.4438374861217445	3.365702216858286	2.9255016778062584e-25	0.015221698111671298	True	True						False	False	True	RTN4R
48	ENSG00000165548	1	frontal_cortex_ba9	M008	2.9255016778062584e-25	3.365702216858286	3.365702216858286	1	1	0	1	coupled	0.002581674269065844	0.5759741598929746	frontal_cortex_ba9	M008	synaptic signaling, trans-synaptic signaling, anterograde trans-synaptic signaling	1.82223788144231	1.3587445627707908	2.4438374861217445	3.365702216858286	2.9255016778062584e-25	0.015221698111671298	True	True						False	False	True	TMEM63C
49	ENSG00000101180	1	frontal_cortex_ba9	M008	2.9255016778062584e-25	3.365702216858286	3.365702216858286	1	1	0	1	coupled	0.002581674269065844	0.5736641095405096	frontal_cortex_ba9	M008	synaptic signaling, trans-synaptic signaling, anterograde trans-synaptic signaling	1.82223788144231	1.3587445627707908	2.4438374861217445	3.365702216858286	2.9255016778062584e-25	0.015221698111671298	True	True						False	False	True	HRH3
50	ENSG00000099960	1	frontal_cortex_ba9	M008	2.9255016778062584e-25	3.365702216858286	3.365702216858286	1	1	0	1	coupled	0.002581674269065844	0.5659144719070996	frontal_cortex_ba9	M008	synaptic signaling, trans-synaptic signaling, anterograde trans-synaptic signaling	1.82223788144231	1.3587445627707908	2.4438374861217445	3.365702216858286	2.9255016778062584e-25	0.015221698111671298	True	True						False	False	True	SLC7A4
51	ENSG00000100379	1	frontal_cortex_ba9	M008	2.9255016778062584e-25	3.365702216858286	3.365702216858286	1	1	0	1	coupled	0.002581674269065844	0.5366561743989483	frontal_cortex_ba9	M008	synaptic signaling, trans-synaptic signaling, anterograde trans-synaptic signaling	1.82223788144231	1.3587445627707908	2.4438374861217445	3.365702216858286	2.9255016778062584e-25	0.015221698111671298	True	True						False	False	True	KCTD17
52	ENSG00000108309	1	frontal_cortex_ba9	M008	2.9255016778062584e-25	3.365702216858286	3.365702216858286	1	1	0	1	coupled	0.002581674269065844	0.5354103392624914	frontal_cortex_ba9	M008	synaptic signaling, trans-synaptic signaling, anterograde trans-synaptic signaling	1.82223788144231	1.3587445627707908	2.4438374861217445	3.365702216858286	2.9255016778062584e-25	0.015221698111671298	True	True						False	False	True	RUNDC3A
53	ENSG00000117154	1	frontal_cortex_ba9	M008	2.9255016778062584e-25	3.365702216858286	3.365702216858286	1	1	0	1	coupled	0.002581674269065844	0.5171453008252371	frontal_cortex_ba9	M008	synaptic signaling, trans-synaptic signaling, anterograde trans-synaptic signaling	1.82223788144231	1.3587445627707908	2.4438374861217445	3.365702216858286	2.9255016778062584e-25	0.015221698111671298	True	True						False	False	True	IGSF21
54	ENSG00000170382	1	frontal_cortex_ba9	M008	2.9255016778062584e-25	3.365702216858286	3.365702216858286	1	1	0	1	coupled	0.002581674269065844	0.5132552620083441	frontal_cortex_ba9	M008	synaptic signaling, trans-synaptic signaling, anterograde trans-synaptic signaling	1.82223788144231	1.3587445627707908	2.4438374861217445	3.365702216858286	2.9255016778062584e-25	0.015221698111671298	True	True						False	False	True	LRRN2
55	ENSG00000129990	1	frontal_cortex_ba9	M008	2.9255016778062584e-25	3.365702216858286	3.365702216858286	1	1	0	1	coupled	0.002581674269065844	0.5056303823602819	frontal_cortex_ba9	M008	synaptic signaling, trans-synaptic signaling, anterograde trans-synaptic signaling	1.82223788144231	1.3587445627707908	2.4438374861217445	3.365702216858286	2.9255016778062584e-25	0.015221698111671298	True	True						False	False	True	SYT5
56	ENSG00000143590	1	frontal_cortex_ba9	M008	2.9255016778062584e-25	3.365702216858286	3.365702216858286	1	1	0	1	discordant	0.002581674269065844	0.5050023672689037	frontal_cortex_ba9	M008	synaptic signaling, trans-synaptic signaling, anterograde trans-synaptic signaling	1.82223788144231	1.3587445627707908	2.4438374861217445	3.365702216858286	2.9255016778062584e-25	0.015221698111671298	True	True						False	False	True	EFNA3
57	ENSG00000110148	1	frontal_cortex_ba9	M008	2.9255016778062584e-25	3.365702216858286	3.365702216858286	1	1	0	1	coupled	0.002581674269065844	0.47694951761791626	frontal_cortex_ba9	M008	synaptic signaling, trans-synaptic signaling, anterograde trans-synaptic signaling	1.82223788144231	1.3587445627707908	2.4438374861217445	3.365702216858286	2.9255016778062584e-25	0.015221698111671298	True	True						False	False	True	CCKBR
58	ENSG00000182870	1	frontal_cortex_ba9	M008	2.9255016778062584e-25	3.365702216858286	3.365702216858286	1	1	0	1	coupled	0.002581674269065844	0.4756792883767454	frontal_cortex_ba9	M008	synaptic signaling, trans-synaptic signaling, anterograde trans-synaptic signaling	1.82223788144231	1.3587445627707908	2.4438374861217445	3.365702216858286	2.9255016778062584e-25	0.015221698111671298	True	True						False	False	True	GALNT9
59	ENSG00000117245	1	frontal_cortex_ba9	M008	2.9255016778062584e-25	3.365702216858286	3.365702216858286	1	1	0	1	discordant	0.002581674269065844	0.45700310204426126	frontal_cortex_ba9	M008	synaptic signaling, trans-synaptic signaling, anterograde trans-synaptic signaling	1.82223788144231	1.3587445627707908	2.4438374861217445	3.365702216858286	2.9255016778062584e-25	0.015221698111671298	True	True						False	False	True	KIF17
60	ENSG00000173267	1	frontal_cortex_ba9	M008	2.9255016778062584e-25	3.365702216858286	3.365702216858286	1	1	0	1	discordant	0.002581674269065844	0.4549972875438947	frontal_cortex_ba9	M008	synaptic signaling, trans-synaptic signaling, anterograde trans-synaptic signaling	1.82223788144231	1.3587445627707908	2.4438374861217445	3.365702216858286	2.9255016778062584e-25	0.015221698111671298	True	True						False	False	True	SNCG
61	ENSG00000008300	1	frontal_cortex_ba9	M008	2.9255016778062584e-25	3.365702216858286	3.365702216858286	1	1	0	1	coupled	0.002581674269065844	0.42122803455201074	frontal_cortex_ba9	M008	synaptic signaling, trans-synaptic signaling, anterograde trans-synaptic signaling	1.82223788144231	1.3587445627707908	2.4438374861217445	3.365702216858286	2.9255016778062584e-25	0.015221698111671298	True	True						False	False	True	CELSR3
62	ENSG00000161682	1	frontal_cortex_ba9	M008	2.9255016778062584e-25	3.365702216858286	3.365702216858286	1	1	0	1	coupled	0.002581674269065844	0.4139400552803827	frontal_cortex_ba9	M008	synaptic signaling, trans-synaptic signaling, anterograde trans-synaptic signaling	1.82223788144231	1.3587445627707908	2.4438374861217445	3.365702216858286	2.9255016778062584e-25	0.015221698111671298	True	True						False	False	True	FAM171A2
63	ENSG00000242173	1	frontal_cortex_ba9	M008	2.9255016778062584e-25	3.365702216858286	3.365702216858286	1	1	0	1	coupled	0.002581674269065844	0.3983323296952946	frontal_cortex_ba9	M008	synaptic signaling, trans-synaptic signaling, anterograde trans-synaptic signaling	1.82223788144231	1.3587445627707908	2.4438374861217445	3.365702216858286	2.9255016778062584e-25	0.015221698111671298	True	True						False	False	True	ARHGDIG
64	ENSG00000107954	1	frontal_cortex_ba9	M008	2.9255016778062584e-25	3.365702216858286	3.365702216858286	1	1	0	1	discordant	0.002581674269065844	0.3951998998675928	frontal_cortex_ba9	M008	synaptic signaling, trans-synaptic signaling, anterograde trans-synaptic signaling	1.82223788144231	1.3587445627707908	2.4438374861217445	3.365702216858286	2.9255016778062584e-25	0.015221698111671298	True	True						False	False	True	NEURL1
65	ENSG00000128482	1	frontal_cortex_ba9	M008	2.9255016778062584e-25	3.365702216858286	3.365702216858286	1	1	0	1	discordant	0.002581674269065844	0.39329775659924393	frontal_cortex_ba9	M008	synaptic signaling, trans-synaptic signaling, anterograde trans-synaptic signaling	1.82223788144231	1.3587445627707908	2.4438374861217445	3.365702216858286	2.9255016778062584e-25	0.015221698111671298	True	True						False	False	True	RNF112
66	ENSG00000105204	1	frontal_cortex_ba9	M008	2.9255016778062584e-25	3.365702216858286	3.365702216858286	1	1	0	1	coupled	0.002581674269065844	0.3585448013780852	frontal_cortex_ba9	M008	synaptic signaling, trans-synaptic signaling, anterograde trans-synaptic signaling	1.82223788144231	1.3587445627707908	2.4438374861217445	3.365702216858286	2.9255016778062584e-25	0.015221698111671298	True	True						False	False	True	DYRK1B
67	ENSG00000100362	1	frontal_cortex_ba9	M008	2.9255016778062584e-25	3.365702216858286	3.365702216858286	1	1	0	1	coupled	0.002581674269065844	0.3334706236828358	frontal_cortex_ba9	M008	synaptic signaling, trans-synaptic signaling, anterograde trans-synaptic signaling	1.82223788144231	1.3587445627707908	2.4438374861217445	3.365702216858286	2.9255016778062584e-25	0.015221698111671298	True	True						False	False	True	PVALB
68	ENSG00000119574	1	frontal_cortex_ba9	M008	2.9255016778062584e-25	3.365702216858286	3.365702216858286	1	1	0	1	coupled	0.002581674269065844	0.31948505266821864	frontal_cortex_ba9	M008	synaptic signaling, trans-synaptic signaling, anterograde trans-synaptic signaling	1.82223788144231	1.3587445627707908	2.4438374861217445	3.365702216858286	2.9255016778062584e-25	0.015221698111671298	True	True						False	False	True	ZBTB45
69	ENSG00000019485	1	frontal_cortex_ba9	M008	2.9255016778062584e-25	3.365702216858286	3.365702216858286	1	1	0	1	discordant	0.002581674269065844	0.28756598617863033	frontal_cortex_ba9	M008	synaptic signaling, trans-synaptic signaling, anterograde trans-synaptic signaling	1.82223788144231	1.3587445627707908	2.4438374861217445	3.365702216858286	2.9255016778062584e-25	0.015221698111671298	True	True						False	False	True	PRDM11
70	ENSG00000100346	1	frontal_cortex_ba9	M008	2.9255016778062584e-25	3.365702216858286	3.365702216858286	1	1	0	1	coupled	0.002581674269065844	0.281416759653071	frontal_cortex_ba9	M008	synaptic signaling, trans-synaptic signaling, anterograde trans-synaptic signaling	1.82223788144231	1.3587445627707908	2.4438374861217445	3.365702216858286	2.9255016778062584e-25	0.015221698111671298	True	True						False	False	True	CACNA1I
71	ENSG00000162426	1	frontal_cortex_ba9	M008	2.9255016778062584e-25	3.365702216858286	3.365702216858286	1	1	0	1	discordant	0.002581674269065844	0.2775037514154656	frontal_cortex_ba9	M008	synaptic signaling, trans-synaptic signaling, anterograde trans-synaptic signaling	1.82223788144231	1.3587445627707908	2.4438374861217445	3.365702216858286	2.9255016778062584e-25	0.015221698111671298	True	True						False	False	True	SLC45A1
72	ENSG00000026559	1	frontal_cortex_ba9	M008	2.9255016778062584e-25	3.365702216858286	3.365702216858286	1	1	0	1	coupled	0.002581674269065844	0.2739250564593729	frontal_cortex_ba9	M008	synaptic signaling, trans-synaptic signaling, anterograde trans-synaptic signaling	1.82223788144231	1.3587445627707908	2.4438374861217445	3.365702216858286	2.9255016778062584e-25	0.015221698111671298	True	True						False	False	True	KCNG1
73	ENSG00000103269	1	frontal_cortex_ba9	M008	2.9255016778062584e-25	3.365702216858286	3.365702216858286	1	1	0	1	discordant	0.002581674269065844	0.2337089802481832	frontal_cortex_ba9	M008	synaptic signaling, trans-synaptic signaling, anterograde trans-synaptic signaling	1.82223788144231	1.3587445627707908	2.4438374861217445	3.365702216858286	2.9255016778062584e-25	0.015221698111671298	True	True						False	False	True	RHBDL1
74	ENSG00000100304	1	frontal_cortex_ba9	M008	2.9255016778062584e-25	3.365702216858286	3.365702216858286	1	1	0	0	abundance_only	0.002581674269065844	0.1896972642487182	frontal_cortex_ba9	M008	synaptic signaling, trans-synaptic signaling, anterograde trans-synaptic signaling	1.82223788144231	1.3587445627707908	2.4438374861217445	3.365702216858286	2.9255016778062584e-25	0.015221698111671298	True	True						False	False	True	TTLL12
75	ENSG00000139405	1	frontal_cortex_ba9	M008	2.9255016778062584e-25	3.365702216858286	3.365702216858286	1	1	0	0	abundance_only	0.002581674269065844	0.1827346302691752	frontal_cortex_ba9	M008	synaptic signaling, trans-synaptic signaling, anterograde trans-synaptic signaling	1.82223788144231	1.3587445627707908	2.4438374861217445	3.365702216858286	2.9255016778062584e-25	0.015221698111671298	True	True						False	False	True	RITA1
76	ENSG00000187664	1	frontal_cortex_ba9	M008	2.9255016778062584e-25	3.365702216858286	3.365702216858286	1	1	0	0	abundance_only	0.002581674269065844	0.17570260792880857	frontal_cortex_ba9	M008	synaptic signaling, trans-synaptic signaling, anterograde trans-synaptic signaling	1.82223788144231	1.3587445627707908	2.4438374861217445	3.365702216858286	2.9255016778062584e-25	0.015221698111671298	True	True						False	False	True	HAPLN4
77	ENSG00000163704	1	frontal_cortex_ba9	M008	2.9255016778062584e-25	3.365702216858286	3.365702216858286	1	1	0	0	abundance_only	0.002581674269065844	0.1626575129039713	frontal_cortex_ba9	M008	synaptic signaling, trans-synaptic signaling, anterograde trans-synaptic signaling	1.82223788144231	1.3587445627707908	2.4438374861217445	3.365702216858286	2.9255016778062584e-25	0.015221698111671298	True	True						False	False	True	PRRT3
78	ENSG00000089847	1	frontal_cortex_ba9	M008	2.9255016778062584e-25	3.365702216858286	3.365702216858286	1	1	0	0	abundance_only	0.002581674269065844	0.15108422989481254	frontal_cortex_ba9	M008	synaptic signaling, trans-synaptic signaling, anterograde trans-synaptic signaling	1.82223788144231	1.3587445627707908	2.4438374861217445	3.365702216858286	2.9255016778062584e-25	0.015221698111671298	True	True						False	False	True	ANKRD24
79	ENSG00000107872	1	frontal_cortex_ba9	M008	2.9255016778062584e-25	3.365702216858286	3.365702216858286	1	1	0	0	abundance_only	0.002581674269065844	0.1508777993148118	frontal_cortex_ba9	M008	synaptic signaling, trans-synaptic signaling, anterograde trans-synaptic signaling	1.82223788144231	1.3587445627707908	2.4438374861217445	3.365702216858286	2.9255016778062584e-25	0.015221698111671298	True	True						False	False	True	FBXL15
80	ENSG00000167103	1	frontal_cortex_ba9	M008	2.9255016778062584e-25	3.365702216858286	3.365702216858286	1	1	0	0	abundance_only	0.002581674269065844	0.14794385212729633	frontal_cortex_ba9	M008	synaptic signaling, trans-synaptic signaling, anterograde trans-synaptic signaling	1.82223788144231	1.3587445627707908	2.4438374861217445	3.365702216858286	2.9255016778062584e-25	0.015221698111671298	True	True						False	False	True	PIP5KL1
81	ENSG00000166546	1	frontal_cortex_ba9	M008	2.9255016778062584e-25	3.365702216858286	3.365702216858286	1	1	0	0	abundance_only	0.002581674269065844	0.11876061352730354	frontal_cortex_ba9	M008	synaptic signaling, trans-synaptic signaling, anterograde trans-synaptic signaling	1.82223788144231	1.3587445627707908	2.4438374861217445	3.365702216858286	2.9255016778062584e-25	0.015221698111671298	True	True						False	False	True	BEAN1
82	ENSG00000157350	1	frontal_cortex_ba9	M008	2.9255016778062584e-25	3.365702216858286	3.365702216858286	1	1	0	0	abundance_only	0.002581674269065844	0.10634309744578542	frontal_cortex_ba9	M008	synaptic signaling, trans-synaptic signaling, anterograde trans-synaptic signaling	1.82223788144231	1.3587445627707908	2.4438374861217445	3.365702216858286	2.9255016778062584e-25	0.015221698111671298	True	True						False	False	True	ST3GAL2
83	ENSG00000132026	1	frontal_cortex_ba9	M008	2.9255016778062584e-25	3.365702216858286	3.365702216858286	1	1	0	0	abundance_only	0.002581674269065844	0.09014975846820603	frontal_cortex_ba9	M008	synaptic signaling, trans-synaptic signaling, anterograde trans-synaptic signaling	1.82223788144231	1.3587445627707908	2.4438374861217445	3.365702216858286	2.9255016778062584e-25	0.015221698111671298	True	True						False	False	True	RTBDN
84	ENSG00000099849	1	frontal_cortex_ba9	M008	2.9255016778062584e-25	3.365702216858286	3.365702216858286	1	1	0	0	abundance_only	0.002581674269065844	0.08330224295542729	frontal_cortex_ba9	M008	synaptic signaling, trans-synaptic signaling, anterograde trans-synaptic signaling	1.82223788144231	1.3587445627707908	2.4438374861217445	3.365702216858286	2.9255016778062584e-25	0.015221698111671298	True	True						False	False	True	RASSF7
85	ENSG00000149654	1	frontal_cortex_ba9	M008	2.9255016778062584e-25	3.365702216858286	3.365702216858286	1	1	0	0	abundance_only	0.002581674269065844	0.07386920802718602	frontal_cortex_ba9	M008	synaptic signaling, trans-synaptic signaling, anterograde trans-synaptic signaling	1.82223788144231	1.3587445627707908	2.4438374861217445	3.365702216858286	2.9255016778062584e-25	0.015221698111671298	True	True						False	False	True	CDH22
86	ENSG00000053438	1	frontal_cortex_ba9	M008	2.9255016778062584e-25	3.365702216858286	3.365702216858286	1	1	0	0	abundance_only	0.002581674269065844	0.06712381760995703	frontal_cortex_ba9	M008	synaptic signaling, trans-synaptic signaling, anterograde trans-synaptic signaling	1.82223788144231	1.3587445627707908	2.4438374861217445	3.365702216858286	2.9255016778062584e-25	0.015221698111671298	True	True						False	False	True	NNAT
87	ENSG00000130751	1	frontal_cortex_ba9	M008	2.9255016778062584e-25	3.365702216858286	3.365702216858286	1	1	0	0	abundance_only	0.002581674269065844	0.061578505476222324	frontal_cortex_ba9	M008	synaptic signaling, trans-synaptic signaling, anterograde trans-synaptic signaling	1.82223788144231	1.3587445627707908	2.4438374861217445	3.365702216858286	2.9255016778062584e-25	0.015221698111671298	True	True						False	False	True	NPAS1
88	ENSG00000115073	1	frontal_cortex_ba9	M008	2.9255016778062584e-25	3.365702216858286	3.365702216858286	1	1	0	0	abundance_only	0.002581674269065844	0.049050014246853284	frontal_cortex_ba9	M008	synaptic signaling, trans-synaptic signaling, anterograde trans-synaptic signaling	1.82223788144231	1.3587445627707908	2.4438374861217445	3.365702216858286	2.9255016778062584e-25	0.015221698111671298	True	True						False	False	True	ACTR1B
89	ENSG00000183248	1	frontal_cortex_ba9	M008	2.9255016778062584e-25	3.365702216858286	3.365702216858286	1	1	0	0	abundance_only	0.002581674269065844	0.03761851948029476	frontal_cortex_ba9	M008	synaptic signaling, trans-synaptic signaling, anterograde trans-synaptic signaling	1.82223788144231	1.3587445627707908	2.4438374861217445	3.365702216858286	2.9255016778062584e-25	0.015221698111671298	True	True						False	False	True	PRR36
90	ENSG00000160963	1	frontal_cortex_ba9	M008	2.9255016778062584e-25	3.365702216858286	3.365702216858286	1	1	0	0	abundance_only	0.002581674269065844	0.037440279113288726	frontal_cortex_ba9	M008	synaptic signaling, trans-synaptic signaling, anterograde trans-synaptic signaling	1.82223788144231	1.3587445627707908	2.4438374861217445	3.365702216858286	2.9255016778062584e-25	0.015221698111671298	True	True						False	False	True	COL26A1
91	ENSG00000127220	1	frontal_cortex_ba9	M008	2.9255016778062584e-25	3.365702216858286	3.365702216858286	1	1	0	0	abundance_only	0.002581674269065844	0.028802165336025823	frontal_cortex_ba9	M008	synaptic signaling, trans-synaptic signaling, anterograde trans-synaptic signaling	1.82223788144231	1.3587445627707908	2.4438374861217445	3.365702216858286	2.9255016778062584e-25	0.015221698111671298	True	True						False	False	True	ABHD8
92	ENSG00000106327	1	frontal_cortex_ba9	M008	2.9255016778062584e-25	3.365702216858286	3.365702216858286	1	1	0	0	abundance_only	0.002581674269065844	0.027044440901582412	frontal_cortex_ba9	M008	synaptic signaling, trans-synaptic signaling, anterograde trans-synaptic signaling	1.82223788144231	1.3587445627707908	2.4438374861217445	3.365702216858286	2.9255016778062584e-25	0.015221698111671298	True	True						False	False	True	TFR2
93	ENSG00000116254	1	frontal_cortex_ba9	M008	2.9255016778062584e-25	3.365702216858286	3.365702216858286	1	1	0	0	abundance_only	0.002581674269065844	0.025522902036821896	frontal_cortex_ba9	M008	synaptic signaling, trans-synaptic signaling, anterograde trans-synaptic signaling	1.82223788144231	1.3587445627707908	2.4438374861217445	3.365702216858286	2.9255016778062584e-25	0.015221698111671298	True	True						False	False	True	CHD5
94	ENSG00000167700	1	frontal_cortex_ba9	M008	2.9255016778062584e-25	3.365702216858286	3.365702216858286	1	1	0	0	abundance_only	0.002581674269065844	0.0234485150373745	frontal_cortex_ba9	M008	synaptic signaling, trans-synaptic signaling, anterograde trans-synaptic signaling	1.82223788144231	1.3587445627707908	2.4438374861217445	3.365702216858286	2.9255016778062584e-25	0.015221698111671298	True	True						False	False	True	MFSD3
95	ENSG00000010438	1	frontal_cortex_ba9	M008	2.9255016778062584e-25	3.365702216858286	3.365702216858286	1	1	0	0	abundance_only	0.002581674269065844	0.01625553576893461	frontal_cortex_ba9	M008	synaptic signaling, trans-synaptic signaling, anterograde trans-synaptic signaling	1.82223788144231	1.3587445627707908	2.4438374861217445	3.365702216858286	2.9255016778062584e-25	0.015221698111671298	True	True						False	False	True	PRSS3
96	ENSG00000183828	1	frontal_cortex_ba9	M008	2.9255016778062584e-25	3.365702216858286	3.365702216858286	1	1	0	0	abundance_only	0.002581674269065844	0.01087566026493943	frontal_cortex_ba9	M008	synaptic signaling, trans-synaptic signaling, anterograde trans-synaptic signaling	1.82223788144231	1.3587445627707908	2.4438374861217445	3.365702216858286	2.9255016778062584e-25	0.015221698111671298	True	True						False	False	True	NUDT14
97	ENSG00000167702	1	frontal_cortex_ba9	M008	2.9255016778062584e-25	3.365702216858286	3.365702216858286	1	1	0	0	abundance_only	0.002581674269065844	0.001331548669347994	frontal_cortex_ba9	M008	synaptic signaling, trans-synaptic signaling, anterograde trans-synaptic signaling	1.82223788144231	1.3587445627707908	2.4438374861217445	3.365702216858286	2.9255016778062584e-25	0.015221698111671298	True	True						False	False	True	KIFC2
98	ENSG00000166448	2	anterior_cingulate_cortex_ba24,hippocampus	M012,M023	9.140323306319506e-07	3.630414746543779	2.4738858263673063	3	3	0	3	coupled	0.0011091019599368968	0.8765433054229084	anterior_cingulate_cortex_ba24	M023	export from cell, modulation of chemical synaptic transmission, regulation of trans-synaptic signaling	2.2211062599926996	1.311904879497183	3.760419749387289	3.630414746543779	9.140323306319506e-07	0.12825901488526228	True	True						False	False	True	TMEM130
99	ENSG00000102003	2	anterior_cingulate_cortex_ba24,hippocampus	M012,M023	9.140323306319506e-07	3.630414746543779	2.4738858263673063	3	3	0	3	coupled,discordant	0.0011091019599368968	0.8723854759408283	anterior_cingulate_cortex_ba24	M023	export from cell, modulation of chemical synaptic transmission, regulation of trans-synaptic signaling	2.2211062599926996	1.311904879497183	3.760419749387289	3.630414746543779	9.140323306319506e-07	0.12825901488526228	True	True						False	False	True	SYP
100	ENSG00000067191	2	anterior_cingulate_cortex_ba24,hippocampus	M012,M023	9.140323306319506e-07	3.630414746543779	2.4738858263673063	3	3	0	3	coupled	0.0011091019599368968	0.6658282358081522	anterior_cingulate_cortex_ba24	M023	export from cell, modulation of chemical synaptic transmission, regulation of trans-synaptic signaling	2.2211062599926996	1.311904879497183	3.760419749387289	3.630414746543779	9.140323306319506e-07	0.12825901488526228	True	True						False	False	True	CACNB1
101	ENSG00000175931	2	anterior_cingulate_cortex_ba24,frontal_cortex_ba9	M023,M030	9.140323306319506e-07	3.630414746543779	3.0689263464102776	2	2	1	2	coupled	0.0011091019599368968	0.7678119751171044	anterior_cingulate_cortex_ba24	M023	export from cell, modulation of chemical synaptic transmission, regulation of trans-synaptic signaling	2.2211062599926996	1.311904879497183	3.760419749387289	3.630414746543779	9.140323306319506e-07	0.12825901488526228	True	True						False	False	True	UBE2O
102	ENSG00000167642	2	anterior_cingulate_cortex_ba24,frontal_cortex_ba9	M005,M023	9.140323306319506e-07	3.630414746543779	2.5794465397237873	2	2	0	2	coupled	0.0011091019599368968	0.732250184963567	anterior_cingulate_cortex_ba24	M023	export from cell, modulation of chemical synaptic transmission, regulation of trans-synaptic signaling	2.2211062599926996	1.311904879497183	3.760419749387289	3.630414746543779	9.140323306319506e-07	0.12825901488526228	True	True						False	False	True	SPINT2
103	ENSG00000205356	2	anterior_cingulate_cortex_ba24,frontal_cortex_ba9	M023,M030	9.140323306319506e-07	3.630414746543779	3.0689263464102776	2	2	1	2	coupled	0.0011091019599368968	0.6655410140062861	anterior_cingulate_cortex_ba24	M023	export from cell, modulation of chemical synaptic transmission, regulation of trans-synaptic signaling	2.2211062599926996	1.311904879497183	3.760419749387289	3.630414746543779	9.140323306319506e-07	0.12825901488526228	True	True						False	False	True	TECPR1
104	ENSG00000068354	2	anterior_cingulate_cortex_ba24,frontal_cortex_ba9	M005,M023	9.140323306319506e-07	3.630414746543779	2.5794465397237873	2	2	0	2	coupled	0.0011091019599368968	0.6287704576705245	anterior_cingulate_cortex_ba24	M023	export from cell, modulation of chemical synaptic transmission, regulation of trans-synaptic signaling	2.2211062599926996	1.311904879497183	3.760419749387289	3.630414746543779	9.140323306319506e-07	0.12825901488526228	True	True						False	False	True	TBC1D25
105	ENSG00000198910	1	anterior_cingulate_cortex_ba24	M023	9.140323306319506e-07	3.630414746543779	3.630414746543779	1	1	0	1	discordant	0.0011091019599368968	0.7546189916125323	anterior_cingulate_cortex_ba24	M023	export from cell, modulation of chemical synaptic transmission, regulation of trans-synaptic signaling	2.2211062599926996	1.311904879497183	3.760419749387289	3.630414746543779	9.140323306319506e-07	0.12825901488526228	True	True						False	False	True	L1CAM
106	ENSG00000167770	1	anterior_cingulate_cortex_ba24	M023	9.140323306319506e-07	3.630414746543779	3.630414746543779	1	1	0	1	coupled	0.0011091019599368968	0.47084016009379936	anterior_cingulate_cortex_ba24	M023	export from cell, modulation of chemical synaptic transmission, regulation of trans-synaptic signaling	2.2211062599926996	1.311904879497183	3.760419749387289	3.630414746543779	9.140323306319506e-07	0.12825901488526228	True	True						False	False	True	OTUB1
107	ENSG00000128594	1	anterior_cingulate_cortex_ba24	M023	9.140323306319506e-07	3.630414746543779	3.630414746543779	1	1	0	1	coupled	0.0011091019599368968	0.3913576213205125	anterior_cingulate_cortex_ba24	M023	export from cell, modulation of chemical synaptic transmission, regulation of trans-synaptic signaling	2.2211062599926996	1.311904879497183	3.760419749387289	3.630414746543779	9.140323306319506e-07	0.12825901488526228	True	True						False	False	True	LRRC4
108	ENSG00000100626	1	anterior_cingulate_cortex_ba24	M023	9.140323306319506e-07	3.630414746543779	3.630414746543779	1	1	0	0	abundance_only	0.0011091019599368968	0.1463465920303681	anterior_cingulate_cortex_ba24	M023	export from cell, modulation of chemical synaptic transmission, regulation of trans-synaptic signaling	2.2211062599926996	1.311904879497183	3.760419749387289	3.630414746543779	9.140323306319506e-07	0.12825901488526228	True	True						False	False	True	GALNT16
109	ENSG00000188322	2	frontal_cortex_ba9,hippocampus	M012,M023	6.872871365408173e-06	3.1969833815028905	2.32940870468701	3	3	0	3	discordant	0.0002513355015679757	0.7065208367412407	hippocampus	M012		1.8575226430126237	1.2295924589568776	2.8061251873907347	1.8956213662790697	0.00022477727020365937	0.13512056975983763	True	True						False	False	True	SBK1
110	ENSG00000087250	2	caudate,hippocampus	M003,M012	0.00022477727020365937	1.8956213662790697	1.7119686470693507	3	1	1	3	discordant,switch_only	0.0022181696711526754	0.7795966653449383	hippocampus	M012		1.8575226430126237	1.2295924589568776	2.8061251873907347	1.8956213662790697	0.00022477727020365937	0.13512056975983763	True	True						False	False	True	MT3
111	ENSG00000142686	2	frontal_cortex_ba9,hippocampus	M005,M012	0.00022477727020365937	1.8956213662790697	1.7732403551539786	3	3	0	1	abundance_only,discordant	0.0022181696711526754	0.2637310406840854	hippocampus	M012		1.8575226430126237	1.2295924589568776	2.8061251873907347	1.8956213662790697	0.00022477727020365937	0.13512056975983763	True	True						False	False	True	C1orf216
112	ENSG00000108830	2	caudate,hippocampus	M003,M012	0.00022477727020365937	1.8956213662790697	1.7119686470693507	3	1	1	0	abundance_only	0.0022181696711526754	0.13851479963157126	hippocampus	M012		1.8575226430126237	1.2295924589568776	2.8061251873907347	1.8956213662790697	0.00022477727020365937	0.13512056975983763	True	True						False	False	True	RND2
113	ENSG00000124140	1	hippocampus	M012	0.00022477727020365937	1.8956213662790697	1.8956213662790697	2	2	0	2	discordant	0.0022181696711526754	0.8261049719910348	hippocampus	M012		1.8575226430126237	1.2295924589568776	2.8061251873907347	1.8956213662790697	0.00022477727020365937	0.13512056975983763	True	True						False	False	True	SLC12A5
114	ENSG00000101210	1	hippocampus	M012	0.00022477727020365937	1.8956213662790697	1.8956213662790697	2	2	0	2	coupled	0.0022181696711526754	0.7247514785927966	hippocampus	M012		1.8575226430126237	1.2295924589568776	2.8061251873907347	1.8956213662790697	0.00022477727020365937	0.13512056975983763	True	True						False	False	True	EEF1A2
115	ENSG00000075340	1	hippocampus	M012	0.00022477727020365937	1.8956213662790697	1.8956213662790697	2	2	0	2	coupled	0.0022181696711526754	0.6096279846417461	hippocampus	M012		1.8575226430126237	1.2295924589568776	2.8061251873907347	1.8956213662790697	0.00022477727020365937	0.13512056975983763	True	True						False	False	True	ADD2
116	ENSG00000132563	1	hippocampus	M012	0.00022477727020365937	1.8956213662790697	1.8956213662790697	2	2	0	2	coupled	0.0022181696711526754	0.5872026997510964	hippocampus	M012		1.8575226430126237	1.2295924589568776	2.8061251873907347	1.8956213662790697	0.00022477727020365937	0.13512056975983763	True	True						False	False	True	REEP2
117	ENSG00000139182	1	hippocampus	M012	0.00022477727020365937	1.8956213662790697	1.8956213662790697	2	2	0	2	discordant	0.0022181696711526754	0.37137411807934223	hippocampus	M012		1.8575226430126237	1.2295924589568776	2.8061251873907347	1.8956213662790697	0.00022477727020365937	0.13512056975983763	True	True						False	False	True	CLSTN3
118	ENSG00000176788	1	hippocampus	M012	0.00022477727020365937	1.8956213662790697	1.8956213662790697	2	2	0	2	coupled	0.0022181696711526754	0.335589097518724	hippocampus	M012		1.8575226430126237	1.2295924589568776	2.8061251873907347	1.8956213662790697	0.00022477727020365937	0.13512056975983763	True	True						False	False	True	BASP1
119	ENSG00000183889	1	hippocampus	M012	0.00022477727020365937	1.8956213662790697	1.8956213662790697	2	2	0	2	coupled	0.0022181696711526754	0.29706034079421695	hippocampus	M012		1.8575226430126237	1.2295924589568776	2.8061251873907347	1.8956213662790697	0.00022477727020365937	0.13512056975983763	True	True						False	False	True	NPIPA6
120	ENSG00000122733	1	hippocampus	M012	0.00022477727020365937	1.8956213662790697	1.8956213662790697	2	2	0	2	discordant	0.0022181696711526754	0.24689643933300062	hippocampus	M012		1.8575226430126237	1.2295924589568776	2.8061251873907347	1.8956213662790697	0.00022477727020365937	0.13512056975983763	True	True						False	False	True	PHF24
121	ENSG00000165023	1	hippocampus	M012	0.00022477727020365937	1.8956213662790697	1.8956213662790697	2	2	0	2	discordant	0.0022181696711526754	0.20080560547643478	hippocampus	M012		1.8575226430126237	1.2295924589568776	2.8061251873907347	1.8956213662790697	0.00022477727020365937	0.13512056975983763	True	True						False	False	True	DIRAS2
122	ENSG00000107295	1	hippocampus	M012	0.00022477727020365937	1.8956213662790697	1.8956213662790697	2	2	0	0	abundance_only	0.0022181696711526754		hippocampus	M012		1.8575226430126237	1.2295924589568776	2.8061251873907347	1.8956213662790697	0.00022477727020365937	0.13512056975983763	True	True	PD	eQTL	0.0453125395170897	expression-led (eQTL gene-level)	expression-led	False	True	True	SH3GL2
123	ENSG00000165434	1	hippocampus	M012	0.00022477727020365937	1.8956213662790697	1.8956213662790697	2	2	0	0	abundance_only	0.0022181696711526754		hippocampus	M012		1.8575226430126237	1.2295924589568776	2.8061251873907347	1.8956213662790697	0.00022477727020365937	0.13512056975983763	True	True						False	False	True	PGM2L1
124	ENSG00000105568	3	cerebellar_hemisphere,cortex,frontal_cortex_ba9	M005,M021,M022	0.006579346909760339	3.1389961389961387	2.5097563965956966	1	2	1	3	discordant	0.000905492123843912	0.6665783165586843	cortex	M021		2.3329395964054167	1.1393447418262572	4.776962547571253	2.8617947178871552	0.019146090370433355	0.3009808048082976	True	True						False	False	True	PPP2R1A
125	ENSG00000089693	2	cortex,frontal_cortex_ba9	M005,M021	0.006579346909760339	2.8617947178871552	2.1951365253954753	1	2	1	2	discordant	0.000905492123843912	0.6832480226174635	cortex	M021		2.3329395964054167	1.1393447418262572	4.776962547571253	2.8617947178871552	0.019146090370433355	0.3009808048082976	True	True						False	False	True	MLF2
126	ENSG00000072958	2	cortex,frontal_cortex_ba9	M005,M021	0.006579346909760339	2.8617947178871552	2.1951365253954753	1	2	1	2	discordant	0.000905492123843912	0.5492187496683454	cortex	M021		2.3329395964054167	1.1393447418262572	4.776962547571253	2.8617947178871552	0.019146090370433355	0.3009808048082976	True	True						False	False	True	AP1M1
127	ENSG00000101940	2	cerebellar_hemisphere,cortex	M021,M022	0.016262108334627295	3.1389961389961387	3.0003954284416468	0	1	1	2	discordant	0.000905492123843912	0.7920321440759942	cortex	M021		2.3329395964054167	1.1393447418262572	4.776962547571253	2.8617947178871552	0.019146090370433355	0.3009808048082976	True	True						False	False	True	WDR13
128	ENSG00000166780	1	cortex	M021	0.019146090370433355	2.8617947178871552	2.8617947178871552	0	1	1	1	discordant	0.000905492123843912	0.8054541940798083	cortex	M021		2.3329395964054167	1.1393447418262572	4.776962547571253	2.8617947178871552	0.019146090370433355	0.3009808048082976	True	True						False	False	True	BMERB1
129	ENSG00000117419	1	cortex	M021	0.019146090370433355	2.8617947178871552	2.8617947178871552	0	1	1	1	discordant	0.000905492123843912	0.7027410585187988	cortex	M021		2.3329395964054167	1.1393447418262572	4.776962547571253	2.8617947178871552	0.019146090370433355	0.3009808048082976	True	True						False	False	True	ERI3
130	ENSG00000006025	1	cortex	M021	0.019146090370433355	2.8617947178871552	2.8617947178871552	0	1	1	1	discordant	0.000905492123843912	0.6866058774332628	cortex	M021		2.3329395964054167	1.1393447418262572	4.776962547571253	2.8617947178871552	0.019146090370433355	0.3009808048082976	True	True						False	False	True	OSBPL7
131	ENSG00000125912	1	cortex	M021	0.019146090370433355	2.8617947178871552	2.8617947178871552	0	1	1	1	discordant	0.000905492123843912	0.6543565454128557	cortex	M021		2.3329395964054167	1.1393447418262572	4.776962547571253	2.8617947178871552	0.019146090370433355	0.3009808048082976	True	True						False	False	True	NCLN
132	ENSG00000141504	1	cortex	M021	0.019146090370433355	2.8617947178871552	2.8617947178871552	0	1	1	1	discordant	0.000905492123843912	0.5883730664413971	cortex	M021		2.3329395964054167	1.1393447418262572	4.776962547571253	2.8617947178871552	0.019146090370433355	0.3009808048082976	True	True						False	False	True	SAT2
133	ENSG00000117448	1	cortex	M021	0.019146090370433355	2.8617947178871552	2.8617947178871552	0	1	1	1	discordant	0.000905492123843912	0.5662035048171656	cortex	M021		2.3329395964054167	1.1393447418262572	4.776962547571253	2.8617947178871552	0.019146090370433355	0.3009808048082976	True	True						False	False	True	AKR1A1
134	ENSG00000259804	1	cortex	M021	0.019146090370433355	2.8617947178871552	2.8617947178871552	0	1	1	1	discordant	0.000905492123843912	0.5187474115395558	cortex	M021		2.3329395964054167	1.1393447418262572	4.776962547571253	2.8617947178871552	0.019146090370433355	0.3009808048082976	True	True						False	False	True	CTCF-DT
135	ENSG00000205560	1	cortex	M021	0.019146090370433355	2.8617947178871552	2.8617947178871552	0	1	1	1	discordant	0.000905492123843912	0.46649058493854545	cortex	M021		2.3329395964054167	1.1393447418262572	4.776962547571253	2.8617947178871552	0.019146090370433355	0.3009808048082976	True	True						False	False	True	CPT1B
136	ENSG00000145920	2	caudate,frontal_cortex_ba9	M003,M023	6.872871365408173e-06	3.1969833815028905	2.2708232950764016	2	2	1	2	discordant	0.0002513355015679757	0.8045506559768264	frontal_cortex_ba9	M023	modulation of chemical synaptic transmission, regulation of trans-synaptic signaling, regulation of synaptic plasticity	1.6858895198858002	1.009272090619577	2.816112225510938	3.1969833815028905	6.872871365408173e-06	0.41177293788108765	True	True						False	False	True	CPLX2
137	ENSG00000160877	2	caudate,frontal_cortex_ba9	M003,M023	6.872871365408173e-06	3.1969833815028905	2.2708232950764016	2	2	1	2	discordant,switch_only	0.0002513355015679757	0.5535210554176475	frontal_cortex_ba9	M023	modulation of chemical synaptic transmission, regulation of trans-synaptic signaling, regulation of synaptic plasticity	1.6858895198858002	1.009272090619577	2.816112225510938	3.1969833815028905	6.872871365408173e-06	0.41177293788108765	True	True						False	False	True	NACC1
138	ENSG00000110697	2	cerebellar_hemisphere,frontal_cortex_ba9	M013,M023	6.872871365408173e-06	3.1969833815028905	2.8933275980873527	2	1	0	2	coupled,discordant	0.0002513355015679757	0.5184997845136656	frontal_cortex_ba9	M023	modulation of chemical synaptic transmission, regulation of trans-synaptic signaling, regulation of synaptic plasticity	1.6858895198858002	1.009272090619577	2.816112225510938	3.1969833815028905	6.872871365408173e-06	0.41177293788108765	True	True						False	False	True	PITPNM1
139	ENSG00000166924	1	frontal_cortex_ba9	M023	6.872871365408173e-06	3.1969833815028905	3.1969833815028905	1	1	0	1	coupled	0.0002513355015679757	0.8387584176584252	frontal_cortex_ba9	M023	modulation of chemical synaptic transmission, regulation of trans-synaptic signaling, regulation of synaptic plasticity	1.6858895198858002	1.009272090619577	2.816112225510938	3.1969833815028905	6.872871365408173e-06	0.41177293788108765	True	True						False	False	True	NYAP1
140	ENSG00000130758	1	frontal_cortex_ba9	M023	6.872871365408173e-06	3.1969833815028905	3.1969833815028905	1	1	0	1	discordant	0.0002513355015679757	0.8231910712867777	frontal_cortex_ba9	M023	modulation of chemical synaptic transmission, regulation of trans-synaptic signaling, regulation of synaptic plasticity	1.6858895198858002	1.009272090619577	2.816112225510938	3.1969833815028905	6.872871365408173e-06	0.41177293788108765	True	True						False	False	True	MAP3K10
141	ENSG00000167680	1	frontal_cortex_ba9	M023	6.872871365408173e-06	3.1969833815028905	3.1969833815028905	1	1	0	1	coupled	0.0002513355015679757	0.8205632322157902	frontal_cortex_ba9	M023	modulation of chemical synaptic transmission, regulation of trans-synaptic signaling, regulation of synaptic plasticity	1.6858895198858002	1.009272090619577	2.816112225510938	3.1969833815028905	6.872871365408173e-06	0.41177293788108765	True	True						False	False	True	SEMA6B
142	ENSG00000184271	1	frontal_cortex_ba9	M023	6.872871365408173e-06	3.1969833815028905	3.1969833815028905	1	1	0	1	coupled	0.0002513355015679757	0.689279383288229	frontal_cortex_ba9	M023	modulation of chemical synaptic transmission, regulation of trans-synaptic signaling, regulation of synaptic plasticity	1.6858895198858002	1.009272090619577	2.816112225510938	3.1969833815028905	6.872871365408173e-06	0.41177293788108765	True	True						False	False	True	POU6F1
143	ENSG00000091622	1	frontal_cortex_ba9	M023	6.872871365408173e-06	3.1969833815028905	3.1969833815028905	1	1	0	1	discordant	0.0002513355015679757	0.6639798765166192	frontal_cortex_ba9	M023	modulation of chemical synaptic transmission, regulation of trans-synaptic signaling, regulation of synaptic plasticity	1.6858895198858002	1.009272090619577	2.816112225510938	3.1969833815028905	6.872871365408173e-06	0.41177293788108765	True	True						False	False	True	PITPNM3
144	ENSG00000106683	1	frontal_cortex_ba9	M023	6.872871365408173e-06	3.1969833815028905	3.1969833815028905	1	1	0	1	coupled	0.0002513355015679757	0.5840169603888415	frontal_cortex_ba9	M023	modulation of chemical synaptic transmission, regulation of trans-synaptic signaling, regulation of synaptic plasticity	1.6858895198858002	1.009272090619577	2.816112225510938	3.1969833815028905	6.872871365408173e-06	0.41177293788108765	True	True						False	False	True	LIMK1
145	ENSG00000166897	1	frontal_cortex_ba9	M023	6.872871365408173e-06	3.1969833815028905	3.1969833815028905	1	1	0	1	coupled	0.0002513355015679757	0.5659788926296426	frontal_cortex_ba9	M023	modulation of chemical synaptic transmission, regulation of trans-synaptic signaling, regulation of synaptic plasticity	1.6858895198858002	1.009272090619577	2.816112225510938	3.1969833815028905	6.872871365408173e-06	0.41177293788108765	True	True						False	False	True	ELFN2
146	ENSG00000284479	1	frontal_cortex_ba9	M023	6.872871365408173e-06	3.1969833815028905	3.1969833815028905	1	1	0	1	coupled	0.0002513355015679757	0.5543386735980941	frontal_cortex_ba9	M023	modulation of chemical synaptic transmission, regulation of trans-synaptic signaling, regulation of synaptic plasticity	1.6858895198858002	1.009272090619577	2.816112225510938	3.1969833815028905	6.872871365408173e-06	0.41177293788108765	True	True						False	False	True	SMIM39
147	ENSG00000184545	1	frontal_cortex_ba9	M023	6.872871365408173e-06	3.1969833815028905	3.1969833815028905	1	1	0	1	discordant	0.0002513355015679757	0.5319408499485372	frontal_cortex_ba9	M023	modulation of chemical synaptic transmission, regulation of trans-synaptic signaling, regulation of synaptic plasticity	1.6858895198858002	1.009272090619577	2.816112225510938	3.1969833815028905	6.872871365408173e-06	0.41177293788108765	True	True						False	False	True	DUSP8
148	ENSG00000100307	1	frontal_cortex_ba9	M023	6.872871365408173e-06	3.1969833815028905	3.1969833815028905	1	1	0	1	discordant	0.0002513355015679757	0.5206975305237092	frontal_cortex_ba9	M023	modulation of chemical synaptic transmission, regulation of trans-synaptic signaling, regulation of synaptic plasticity	1.6858895198858002	1.009272090619577	2.816112225510938	3.1969833815028905	6.872871365408173e-06	0.41177293788108765	True	True						False	False	True	CBX7
149	ENSG00000163013	1	frontal_cortex_ba9	M023	6.872871365408173e-06	3.1969833815028905	3.1969833815028905	1	1	0	1	coupled	0.0002513355015679757	0.5192925668074088	frontal_cortex_ba9	M023	modulation of chemical synaptic transmission, regulation of trans-synaptic signaling, regulation of synaptic plasticity	1.6858895198858002	1.009272090619577	2.816112225510938	3.1969833815028905	6.872871365408173e-06	0.41177293788108765	True	True						False	False	True	FBXO41
150	ENSG00000099864	1	frontal_cortex_ba9	M023	6.872871365408173e-06	3.1969833815028905	3.1969833815028905	1	1	0	1	discordant	0.0002513355015679757	0.5162230636678162	frontal_cortex_ba9	M023	modulation of chemical synaptic transmission, regulation of trans-synaptic signaling, regulation of synaptic plasticity	1.6858895198858002	1.009272090619577	2.816112225510938	3.1969833815028905	6.872871365408173e-06	0.41177293788108765	True	True						False	False	True	PALM
151	ENSG00000063180	1	frontal_cortex_ba9	M023	6.872871365408173e-06	3.1969833815028905	3.1969833815028905	1	1	0	1	discordant	0.0002513355015679757	0.4582016932265438	frontal_cortex_ba9	M023	modulation of chemical synaptic transmission, regulation of trans-synaptic signaling, regulation of synaptic plasticity	1.6858895198858002	1.009272090619577	2.816112225510938	3.1969833815028905	6.872871365408173e-06	0.41177293788108765	True	True						False	False	True	CA11
152	ENSG00000173020	1	frontal_cortex_ba9	M023	6.872871365408173e-06	3.1969833815028905	3.1969833815028905	1	1	0	1	coupled	0.0002513355015679757	0.3725690961596237	frontal_cortex_ba9	M023	modulation of chemical synaptic transmission, regulation of trans-synaptic signaling, regulation of synaptic plasticity	1.6858895198858002	1.009272090619577	2.816112225510938	3.1969833815028905	6.872871365408173e-06	0.41177293788108765	True	True						False	False	True	GRK2
153	ENSG00000155034	1	frontal_cortex_ba9	M023	6.872871365408173e-06	3.1969833815028905	3.1969833815028905	1	1	0	1	discordant	0.0002513355015679757	0.36725383416693563	frontal_cortex_ba9	M023	modulation of chemical synaptic transmission, regulation of trans-synaptic signaling, regulation of synaptic plasticity	1.6858895198858002	1.009272090619577	2.816112225510938	3.1969833815028905	6.872871365408173e-06	0.41177293788108765	True	True						False	False	True	FBXL18
154	ENSG00000059915	1	frontal_cortex_ba9	M023	6.872871365408173e-06	3.1969833815028905	3.1969833815028905	1	1	0	1	discordant	0.0002513355015679757	0.32195324976185535	frontal_cortex_ba9	M023	modulation of chemical synaptic transmission, regulation of trans-synaptic signaling, regulation of synaptic plasticity	1.6858895198858002	1.009272090619577	2.816112225510938	3.1969833815028905	6.872871365408173e-06	0.41177293788108765	True	True						False	False	True	PSD
155	ENSG00000125648	1	frontal_cortex_ba9	M023	6.872871365408173e-06	3.1969833815028905	3.1969833815028905	1	1	0	1	discordant	0.0002513355015679757	0.27841222548133987	frontal_cortex_ba9	M023	modulation of chemical synaptic transmission, regulation of trans-synaptic signaling, regulation of synaptic plasticity	1.6858895198858002	1.009272090619577	2.816112225510938	3.1969833815028905	6.872871365408173e-06	0.41177293788108765	True	True						False	False	True	SLC25A23
156	ENSG00000272636	1	frontal_cortex_ba9	M023	6.872871365408173e-06	3.1969833815028905	3.1969833815028905	1	1	0	1	coupled	0.0002513355015679757	0.21092297389751605	frontal_cortex_ba9	M023	modulation of chemical synaptic transmission, regulation of trans-synaptic signaling, regulation of synaptic plasticity	1.6858895198858002	1.009272090619577	2.816112225510938	3.1969833815028905	6.872871365408173e-06	0.41177293788108765	True	True						False	False	True	DOC2B
157	ENSG00000103154	1	frontal_cortex_ba9	M023	6.872871365408173e-06	3.1969833815028905	3.1969833815028905	1	1	0	1	discordant	0.0002513355015679757	0.20093150659388584	frontal_cortex_ba9	M023	modulation of chemical synaptic transmission, regulation of trans-synaptic signaling, regulation of synaptic plasticity	1.6858895198858002	1.009272090619577	2.816112225510938	3.1969833815028905	6.872871365408173e-06	0.41177293788108765	True	True						False	False	True	NECAB2
158	ENSG00000108819	1	frontal_cortex_ba9	M023	6.872871365408173e-06	3.1969833815028905	3.1969833815028905	1	1	0	0	abundance_only	0.0002513355015679757	0.16194378834638223	frontal_cortex_ba9	M023	modulation of chemical synaptic transmission, regulation of trans-synaptic signaling, regulation of synaptic plasticity	1.6858895198858002	1.009272090619577	2.816112225510938	3.1969833815028905	6.872871365408173e-06	0.41177293788108765	True	True						False	False	True	PPP1R9B
159	ENSG00000079313	1	frontal_cortex_ba9	M023	6.872871365408173e-06	3.1969833815028905	3.1969833815028905	1	1	0	0	abundance_only	0.0002513355015679757	0.13339340192789242	frontal_cortex_ba9	M023	modulation of chemical synaptic transmission, regulation of trans-synaptic signaling, regulation of synaptic plasticity	1.6858895198858002	1.009272090619577	2.816112225510938	3.1969833815028905	6.872871365408173e-06	0.41177293788108765	True	True						False	False	True	REXO1
160	ENSG00000161681	1	frontal_cortex_ba9	M023	6.872871365408173e-06	3.1969833815028905	3.1969833815028905	1	1	0	0	abundance_only	0.0002513355015679757	0.11865427311150906	frontal_cortex_ba9	M023	modulation of chemical synaptic transmission, regulation of trans-synaptic signaling, regulation of synaptic plasticity	1.6858895198858002	1.009272090619577	2.816112225510938	3.1969833815028905	6.872871365408173e-06	0.41177293788108765	True	True						False	False	True	SHANK1
161	ENSG00000167971	1	frontal_cortex_ba9	M023	6.872871365408173e-06	3.1969833815028905	3.1969833815028905	1	1	0	0	abundance_only	0.0002513355015679757	0.07830141002260928	frontal_cortex_ba9	M023	modulation of chemical synaptic transmission, regulation of trans-synaptic signaling, regulation of synaptic plasticity	1.6858895198858002	1.009272090619577	2.816112225510938	3.1969833815028905	6.872871365408173e-06	0.41177293788108765	True	True						False	False	True	CASKIN1
162	ENSG00000187994	2	caudate,frontal_cortex_ba9	M003,M019	0.01424255216438067	2.0460693641618497	1.6953662864058812	2	2	2	2	discordant	0.006042228633040225	0.28378627026660364	frontal_cortex_ba9	M019		1.6099316902593068	1.0050654622621678	2.5788171463652443	2.0460693641618497	0.01424255216438067	0.41671482555484346	True	True						False	False	True	RINL
163	ENSG00000182272	1	frontal_cortex_ba9	M019	0.01424255216438067	2.0460693641618497	2.0460693641618497	1	1	1	1	discordant	0.006042228633040225	0.8564450036583934	frontal_cortex_ba9	M019		1.6099316902593068	1.0050654622621678	2.5788171463652443	2.0460693641618497	0.01424255216438067	0.41671482555484346	True	True						False	False	True	B4GALNT4
164	ENSG00000174233	1	frontal_cortex_ba9	M019	0.01424255216438067	2.0460693641618497	2.0460693641618497	1	1	1	1	discordant	0.006042228633040225	0.7578134352279662	frontal_cortex_ba9	M019		1.6099316902593068	1.0050654622621678	2.5788171463652443	2.0460693641618497	0.01424255216438067	0.41671482555484346	True	True						False	False	True	ADCY6
165	ENSG00000107331	1	frontal_cortex_ba9	M019	0.01424255216438067	2.0460693641618497	2.0460693641618497	1	1	1	1	discordant	0.006042228633040225	0.7072265475352553	frontal_cortex_ba9	M019		1.6099316902593068	1.0050654622621678	2.5788171463652443	2.0460693641618497	0.01424255216438067	0.41671482555484346	True	True						False	False	True	ABCA2
166	ENSG00000127511	1	frontal_cortex_ba9	M019	0.01424255216438067	2.0460693641618497	2.0460693641618497	1	1	1	1	discordant	0.006042228633040225	0.6948816386813451	frontal_cortex_ba9	M019		1.6099316902593068	1.0050654622621678	2.5788171463652443	2.0460693641618497	0.01424255216438067	0.41671482555484346	True	True						False	False	True	SIN3B
167	ENSG00000196576	1	frontal_cortex_ba9	M019	0.01424255216438067	2.0460693641618497	2.0460693641618497	1	1	1	1	discordant	0.006042228633040225	0.6916530509649519	frontal_cortex_ba9	M019		1.6099316902593068	1.0050654622621678	2.5788171463652443	2.0460693641618497	0.01424255216438067	0.41671482555484346	True	True						False	False	True	PLXNB2
168	ENSG00000166986	1	frontal_cortex_ba9	M019	0.01424255216438067	2.0460693641618497	2.0460693641618497	1	1	1	1	discordant	0.006042228633040225	0.6891361220047377	frontal_cortex_ba9	M019		1.6099316902593068	1.0050654622621678	2.5788171463652443	2.0460693641618497	0.01424255216438067	0.41671482555484346	True	True						False	False	True	MARS1
169	ENSG00000162909	1	frontal_cortex_ba9	M019	0.01424255216438067	2.0460693641618497	2.0460693641618497	1	1	1	1	discordant	0.006042228633040225	0.6821758394959958	frontal_cortex_ba9	M019		1.6099316902593068	1.0050654622621678	2.5788171463652443	2.0460693641618497	0.01424255216438067	0.41671482555484346	True	True						False	False	True	CAPN2
170	ENSG00000189316	1	frontal_cortex_ba9	M019	0.01424255216438067	2.0460693641618497	2.0460693641618497	1	1	1	1	discordant	0.006042228633040225	0.6816610713220261	frontal_cortex_ba9	M019		1.6099316902593068	1.0050654622621678	2.5788171463652443	2.0460693641618497	0.01424255216438067	0.41671482555484346	True	True						False	False	True	ENSG00000189316
171	ENSG00000164877	1	frontal_cortex_ba9	M019	0.01424255216438067	2.0460693641618497	2.0460693641618497	1	1	1	1	discordant	0.006042228633040225	0.6728899989169428	frontal_cortex_ba9	M019		1.6099316902593068	1.0050654622621678	2.5788171463652443	2.0460693641618497	0.01424255216438067	0.41671482555484346	True	True						False	False	True	MICALL2
172	ENSG00000106397	1	frontal_cortex_ba9	M019	0.01424255216438067	2.0460693641618497	2.0460693641618497	1	1	1	1	discordant	0.006042228633040225	0.6516637465659196	frontal_cortex_ba9	M019		1.6099316902593068	1.0050654622621678	2.5788171463652443	2.0460693641618497	0.01424255216438067	0.41671482555484346	True	True						False	False	True	PLOD3
173	ENSG00000174915	1	frontal_cortex_ba9	M019	0.01424255216438067	2.0460693641618497	2.0460693641618497	1	1	1	1	discordant	0.006042228633040225	0.6164292252130443	frontal_cortex_ba9	M019		1.6099316902593068	1.0050654622621678	2.5788171463652443	2.0460693641618497	0.01424255216438067	0.41671482555484346	True	True						False	False	True	PTDSS2
174	ENSG00000092295	1	frontal_cortex_ba9	M019	0.01424255216438067	2.0460693641618497	2.0460693641618497	1	1	1	1	discordant	0.006042228633040225	0.58502640519078	frontal_cortex_ba9	M019		1.6099316902593068	1.0050654622621678	2.5788171463652443	2.0460693641618497	0.01424255216438067	0.41671482555484346	True	True						False	False	True	TGM1
175	ENSG00000189129	1	frontal_cortex_ba9	M019	0.01424255216438067	2.0460693641618497	2.0460693641618497	1	1	1	1	switch_only	0.006042228633040225	0.48973272542700885	frontal_cortex_ba9	M019		1.6099316902593068	1.0050654622621678	2.5788171463652443	2.0460693641618497	0.01424255216438067	0.41671482555484346	True	True						False	False	True	PLAC9
176	ENSG00000130775	1	frontal_cortex_ba9	M019	0.01424255216438067	2.0460693641618497	2.0460693641618497	1	1	1	1	discordant	0.006042228633040225	0.4731444246780233	frontal_cortex_ba9	M019		1.6099316902593068	1.0050654622621678	2.5788171463652443	2.0460693641618497	0.01424255216438067	0.41671482555484346	True	True						False	False	True	THEMIS2
177	ENSG00000132530	1	frontal_cortex_ba9	M019	0.01424255216438067	2.0460693641618497	2.0460693641618497	1	1	1	1	discordant	0.006042228633040225	0.4717838158394773	frontal_cortex_ba9	M019		1.6099316902593068	1.0050654622621678	2.5788171463652443	2.0460693641618497	0.01424255216438067	0.41671482555484346	True	True						False	False	True	XAF1
178	ENSG00000136826	1	frontal_cortex_ba9	M019	0.01424255216438067	2.0460693641618497	2.0460693641618497	1	1	1	1	switch_only	0.006042228633040225	0.4441923338609563	frontal_cortex_ba9	M019		1.6099316902593068	1.0050654622621678	2.5788171463652443	2.0460693641618497	0.01424255216438067	0.41671482555484346	True	True						False	False	True	KLF4
179	ENSG00000198171	1	frontal_cortex_ba9	M019	0.01424255216438067	2.0460693641618497	2.0460693641618497	1	1	1	1	discordant	0.006042228633040225	0.42060534720735615	frontal_cortex_ba9	M019		1.6099316902593068	1.0050654622621678	2.5788171463652443	2.0460693641618497	0.01424255216438067	0.41671482555484346	True	True						False	False	True	DDRGK1
180	ENSG00000204301	1	frontal_cortex_ba9	M019	0.01424255216438067	2.0460693641618497	2.0460693641618497	1	1	1	1	discordant	0.006042228633040225	0.42000404432250366	frontal_cortex_ba9	M019		1.6099316902593068	1.0050654622621678	2.5788171463652443	2.0460693641618497	0.01424255216438067	0.41671482555484346	True	True						False	False	True	NOTCH4
181	ENSG00000172663	1	frontal_cortex_ba9	M019	0.01424255216438067	2.0460693641618497	2.0460693641618497	1	1	1	1	discordant	0.006042228633040225	0.41495703516071003	frontal_cortex_ba9	M019		1.6099316902593068	1.0050654622621678	2.5788171463652443	2.0460693641618497	0.01424255216438067	0.41671482555484346	True	True						False	False	True	TMEM134
182	ENSG00000307673	1	frontal_cortex_ba9	M019	0.01424255216438067	2.0460693641618497	2.0460693641618497	1	1	1	1	discordant	0.006042228633040225	0.4013507347795773	frontal_cortex_ba9	M019		1.6099316902593068	1.0050654622621678	2.5788171463652443	2.0460693641618497	0.01424255216438067	0.41671482555484346	True	True						False	False	True	ENSG00000307673
183	ENSG00000278224	1	frontal_cortex_ba9	M019	0.01424255216438067	2.0460693641618497	2.0460693641618497	1	1	1	1	discordant	0.006042228633040225	0.3014735948680307	frontal_cortex_ba9	M019		1.6099316902593068	1.0050654622621678	2.5788171463652443	2.0460693641618497	0.01424255216438067	0.41671482555484346	True	True						False	False	True	PRICKLE4
184	ENSG00000071655	1	frontal_cortex_ba9	M019	0.01424255216438067	2.0460693641618497	2.0460693641618497	1	1	1	1	switch_only	0.006042228633040225	0.3004775489319755	frontal_cortex_ba9	M019		1.6099316902593068	1.0050654622621678	2.5788171463652443	2.0460693641618497	0.01424255216438067	0.41671482555484346	True	True						False	False	True	MBD3
185	ENSG00000137731	1	frontal_cortex_ba9	M019	0.01424255216438067	2.0460693641618497	2.0460693641618497	1	1	1	1	discordant	0.006042228633040225	0.2828648251994176	frontal_cortex_ba9	M019		1.6099316902593068	1.0050654622621678	2.5788171463652443	2.0460693641618497	0.01424255216438067	0.41671482555484346	True	True						False	False	True	FXYD2
186	ENSG00000066056	1	frontal_cortex_ba9	M019	0.01424255216438067	2.0460693641618497	2.0460693641618497	1	1	1	1	discordant	0.006042228633040225	0.26601021192222	frontal_cortex_ba9	M019		1.6099316902593068	1.0050654622621678	2.5788171463652443	2.0460693641618497	0.01424255216438067	0.41671482555484346	True	True						False	False	True	TIE1
187	ENSG00000174744	1	frontal_cortex_ba9	M019	0.01424255216438067	2.0460693641618497	2.0460693641618497	1	1	1	1	discordant	0.006042228633040225	0.26139102982313367	frontal_cortex_ba9	M019		1.6099316902593068	1.0050654622621678	2.5788171463652443	2.0460693641618497	0.01424255216438067	0.41671482555484346	True	True						False	False	True	BRMS1
188	ENSG00000224051	1	frontal_cortex_ba9	M019	0.01424255216438067	2.0460693641618497	2.0460693641618497	1	1	1	0	abundance_only	0.006042228633040225	0.06175504596751874	frontal_cortex_ba9	M019		1.6099316902593068	1.0050654622621678	2.5788171463652443	2.0460693641618497	0.01424255216438067	0.41671482555484346	True	True						False	False	True	CPTP
189	ENSG00000137216	2	caudate,frontal_cortex_ba9	M003,M005	0.006579346909760339	1.5284783329037959	1.436570770776854	2	2	1	2	discordant	0.002276591476224696	0.3951741536811148	caudate	M003		1.3934373205816866	0.8980794374179382	2.162022072315056	1.3446632086499124	0.022670370225296166	0.6047502196019605	True	False						False	False	True	TMEM63B
190	ENSG00000105401	1	caudate	M003	0.022670370225296166	1.3446632086499124	1.3446632086499124	1	1	1	1	switch_only	0.04901611718851357	0.6845235543526711	caudate	M003		1.3934373205816866	0.8980794374179382	2.162022072315056	1.3446632086499124	0.022670370225296166	0.6047502196019605	True	False						False	False	True	CDC37
191	ENSG00000172889	1	caudate	M003	0.022670370225296166	1.3446632086499124	1.3446632086499124	1	1	1	1	coupled	0.04901611718851357	0.6779635123493598	caudate	M003		1.3934373205816866	0.8980794374179382	2.162022072315056	1.3446632086499124	0.022670370225296166	0.6047502196019605	True	False						False	False	True	EGFL7
192	ENSG00000160325	1	caudate	M003	0.022670370225296166	1.3446632086499124	1.3446632086499124	1	1	1	1	coupled	0.04901611718851357	0.6407444898628328	caudate	M003		1.3934373205816866	0.8980794374179382	2.162022072315056	1.3446632086499124	0.022670370225296166	0.6047502196019605	True	False						False	False	True	CACFD1
193	ENSG00000229117	1	caudate	M003	0.022670370225296166	1.3446632086499124	1.3446632086499124	1	1	1	1	switch_only	0.04901611718851357	0.626881150176616	caudate	M003		1.3934373205816866	0.8980794374179382	2.162022072315056	1.3446632086499124	0.022670370225296166	0.6047502196019605	True	False						False	False	True	RPL41
194	ENSG00000138801	1	caudate	M003	0.022670370225296166	1.3446632086499124	1.3446632086499124	1	1	1	1	discordant	0.04901611718851357	0.5759598732351351	caudate	M003		1.3934373205816866	0.8980794374179382	2.162022072315056	1.3446632086499124	0.022670370225296166	0.6047502196019605	True	False						False	False	True	PAPSS1
195	ENSG00000036672	1	caudate	M003	0.022670370225296166	1.3446632086499124	1.3446632086499124	1	1	1	1	discordant	0.04901611718851357	0.5735110246615055	caudate	M003		1.3934373205816866	0.8980794374179382	2.162022072315056	1.3446632086499124	0.022670370225296166	0.6047502196019605	True	False						False	False	True	USP2
196	ENSG00000075624	1	caudate	M003	0.022670370225296166	1.3446632086499124	1.3446632086499124	1	1	1	1	discordant	0.04901611718851357	0.5488784933401312	caudate	M003		1.3934373205816866	0.8980794374179382	2.162022072315056	1.3446632086499124	0.022670370225296166	0.6047502196019605	True	False						False	False	True	ACTB
197	ENSG00000172465	1	caudate	M003	0.022670370225296166	1.3446632086499124	1.3446632086499124	1	1	1	1	discordant	0.04901611718851357	0.5315119503027268	caudate	M003		1.3934373205816866	0.8980794374179382	2.162022072315056	1.3446632086499124	0.022670370225296166	0.6047502196019605	True	False						False	False	True	TCEAL1
198	ENSG00000053371	1	caudate	M003	0.022670370225296166	1.3446632086499124	1.3446632086499124	1	1	1	1	discordant	0.04901611718851357	0.4759191549179433	caudate	M003		1.3934373205816866	0.8980794374179382	2.162022072315056	1.3446632086499124	0.022670370225296166	0.6047502196019605	True	False						False	False	True	AKR7A2
199	ENSG00000166707	1	caudate	M003	0.022670370225296166	1.3446632086499124	1.3446632086499124	1	1	1	1	discordant	0.04901611718851357	0.470111065376629	caudate	M003		1.3934373205816866	0.8980794374179382	2.162022072315056	1.3446632086499124	0.022670370225296166	0.6047502196019605	True	False						False	False	True	ZCCHC18
200	ENSG00000040275	1	caudate	M003	0.022670370225296166	1.3446632086499124	1.3446632086499124	1	1	1	1	coupled	0.04901611718851357	0.44700697885968543	caudate	M003		1.3934373205816866	0.8980794374179382	2.162022072315056	1.3446632086499124	0.022670370225296166	0.6047502196019605	True	False						False	False	True	SPDL1
201	ENSG00000160959	1	caudate	M003	0.022670370225296166	1.3446632086499124	1.3446632086499124	1	1	1	1	discordant	0.04901611718851357	0.4337814910940156	caudate	M003		1.3934373205816866	0.8980794374179382	2.162022072315056	1.3446632086499124	0.022670370225296166	0.6047502196019605	True	False						False	False	True	LRRC14
202	ENSG00000148908	1	caudate	M003	0.022670370225296166	1.3446632086499124	1.3446632086499124	1	1	1	1	discordant	0.04901611718851357	0.4193741431771375	caudate	M003		1.3934373205816866	0.8980794374179382	2.162022072315056	1.3446632086499124	0.022670370225296166	0.6047502196019605	True	False						False	False	True	RGS10
203	ENSG00000107957	1	caudate	M003	0.022670370225296166	1.3446632086499124	1.3446632086499124	1	1	1	1	coupled	0.04901611718851357	0.413607222663377	caudate	M003		1.3934373205816866	0.8980794374179382	2.162022072315056	1.3446632086499124	0.022670370225296166	0.6047502196019605	True	False						False	False	True	SH3PXD2A
204	ENSG00000152242	1	caudate	M003	0.022670370225296166	1.3446632086499124	1.3446632086499124	1	1	1	1	discordant	0.04901611718851357	0.4065277688921959	caudate	M003		1.3934373205816866	0.8980794374179382	2.162022072315056	1.3446632086499124	0.022670370225296166	0.6047502196019605	True	False						False	False	True	ARK2N
205	ENSG00000100154	1	caudate	M003	0.022670370225296166	1.3446632086499124	1.3446632086499124	1	1	1	1	coupled	0.04901611718851357	0.40136550783984193	caudate	M003		1.3934373205816866	0.8980794374179382	2.162022072315056	1.3446632086499124	0.022670370225296166	0.6047502196019605	True	False						False	False	True	TTC28
206	ENSG00000166159	1	caudate	M003	0.022670370225296166	1.3446632086499124	1.3446632086499124	1	1	1	1	discordant	0.04901611718851357	0.391744377251886	caudate	M003		1.3934373205816866	0.8980794374179382	2.162022072315056	1.3446632086499124	0.022670370225296166	0.6047502196019605	True	False						False	False	True	LRTM2
207	ENSG00000108306	1	caudate	M003	0.022670370225296166	1.3446632086499124	1.3446632086499124	1	1	1	1	discordant	0.04901611718851357	0.38628774301276625	caudate	M003		1.3934373205816866	0.8980794374179382	2.162022072315056	1.3446632086499124	0.022670370225296166	0.6047502196019605	True	False						False	False	True	FBXL20
208	ENSG00000087903	1	caudate	M003	0.022670370225296166	1.3446632086499124	1.3446632086499124	1	1	1	1	coupled	0.04901611718851357	0.373547448223831	caudate	M003		1.3934373205816866	0.8980794374179382	2.162022072315056	1.3446632086499124	0.022670370225296166	0.6047502196019605	True	False						False	False	True	RFX2
209	ENSG00000196663	1	caudate	M003	0.022670370225296166	1.3446632086499124	1.3446632086499124	1	1	1	1	discordant	0.04901611718851357	0.32376169021392426	caudate	M003		1.3934373205816866	0.8980794374179382	2.162022072315056	1.3446632086499124	0.022670370225296166	0.6047502196019605	True	False						False	False	True	TECPR2
210	ENSG00000166140	1	caudate	M003	0.022670370225296166	1.3446632086499124	1.3446632086499124	1	1	1	1	coupled	0.04901611718851357	0.3204117931478645	caudate	M003		1.3934373205816866	0.8980794374179382	2.162022072315056	1.3446632086499124	0.022670370225296166	0.6047502196019605	True	False						False	False	True	ZFYVE19
211	ENSG00000290758	1	caudate	M003	0.022670370225296166	1.3446632086499124	1.3446632086499124	1	1	1	1	coupled	0.04901611718851357	0.3195610725840546	caudate	M003		1.3934373205816866	0.8980794374179382	2.162022072315056	1.3446632086499124	0.022670370225296166	0.6047502196019605	True	False						False	False	True	POLR2J4
212	ENSG00000256463	1	caudate	M003	0.022670370225296166	1.3446632086499124	1.3446632086499124	1	1	1	1	coupled	0.04901611718851357	0.31728333403145886	caudate	M003		1.3934373205816866	0.8980794374179382	2.162022072315056	1.3446632086499124	0.022670370225296166	0.6047502196019605	True	False						False	False	True	SALL3
213	ENSG00000115255	1	caudate	M003	0.022670370225296166	1.3446632086499124	1.3446632086499124	1	1	1	1	switch_only	0.04901611718851357	0.3039839585627937	caudate	M003		1.3934373205816866	0.8980794374179382	2.162022072315056	1.3446632086499124	0.022670370225296166	0.6047502196019605	True	False						False	False	True	REEP6
214	ENSG00000074181	1	caudate	M003	0.022670370225296166	1.3446632086499124	1.3446632086499124	1	1	1	1	discordant	0.04901611718851357	0.27514278645868356	caudate	M003		1.3934373205816866	0.8980794374179382	2.162022072315056	1.3446632086499124	0.022670370225296166	0.6047502196019605	True	False						False	False	True	NOTCH3
215	ENSG00000004139	1	caudate	M003	0.022670370225296166	1.3446632086499124	1.3446632086499124	1	1	1	1	coupled	0.04901611718851357	0.26961958265899766	caudate	M003		1.3934373205816866	0.8980794374179382	2.162022072315056	1.3446632086499124	0.022670370225296166	0.6047502196019605	True	False						False	False	True	SARM1
216	ENSG00000158604	1	caudate	M003	0.022670370225296166	1.3446632086499124	1.3446632086499124	1	1	1	1	discordant	0.04901611718851357	0.2683894257100201	caudate	M003		1.3934373205816866	0.8980794374179382	2.162022072315056	1.3446632086499124	0.022670370225296166	0.6047502196019605	True	False	SCZ	eQTL,sQTL	0.0590675837893007	splicing (sQTL not resolved to switch pair)	splicing-unresolved	False	True	True	TMED4
217	ENSG00000117877	1	caudate	M003	0.022670370225296166	1.3446632086499124	1.3446632086499124	1	1	1	1	discordant	0.04901611718851357	0.2608590617911534	caudate	M003		1.3934373205816866	0.8980794374179382	2.162022072315056	1.3446632086499124	0.022670370225296166	0.6047502196019605	True	False						False	False	True	POLR1G
218	ENSG00000102898	1	caudate	M003	0.022670370225296166	1.3446632086499124	1.3446632086499124	1	1	1	1	discordant	0.04901611718851357	0.24501114803922527	caudate	M003		1.3934373205816866	0.8980794374179382	2.162022072315056	1.3446632086499124	0.022670370225296166	0.6047502196019605	True	False						False	False	True	NUTF2
219	ENSG00000131435	1	caudate	M003	0.022670370225296166	1.3446632086499124	1.3446632086499124	1	1	1	1	discordant	0.04901611718851357	0.24204102652550358	caudate	M003		1.3934373205816866	0.8980794374179382	2.162022072315056	1.3446632086499124	0.022670370225296166	0.6047502196019605	True	False						False	False	True	PDLIM4
220	ENSG00000157851	1	caudate	M003	0.022670370225296166	1.3446632086499124	1.3446632086499124	1	1	1	1	switch_only	0.04901611718851357	0.20380495646884286	caudate	M003		1.3934373205816866	0.8980794374179382	2.162022072315056	1.3446632086499124	0.022670370225296166	0.6047502196019605	True	False	SCZ	eQTL	0.0119532755070589	expression-led (eQTL gene-level)	expression-led	False	True	True	DPYSL5
221	ENSG00000143793	1	caudate	M003	0.022670370225296166	1.3446632086499124	1.3446632086499124	1	1	1	0	abundance_only	0.04901611718851357	0.1954838829858539	caudate	M003		1.3934373205816866	0.8980794374179382	2.162022072315056	1.3446632086499124	0.022670370225296166	0.6047502196019605	True	False						False	False	True	C1orf35
222	ENSG00000158106	1	caudate	M003	0.022670370225296166	1.3446632086499124	1.3446632086499124	1	1	1	0	abundance_only	0.04901611718851357	0.18397410112750653	caudate	M003		1.3934373205816866	0.8980794374179382	2.162022072315056	1.3446632086499124	0.022670370225296166	0.6047502196019605	True	False						False	False	True	RHPN1
223	ENSG00000016391	1	caudate	M003	0.022670370225296166	1.3446632086499124	1.3446632086499124	1	1	1	0	abundance_only	0.04901611718851357		caudate	M003		1.3934373205816866	0.8980794374179382	2.162022072315056	1.3446632086499124	0.022670370225296166	0.6047502196019605	True	False						False	False	True	CHDH
224	ENSG00000072840	1	caudate	M003	0.022670370225296166	1.3446632086499124	1.3446632086499124	1	1	1	0	abundance_only	0.04901611718851357		caudate	M003		1.3934373205816866	0.8980794374179382	2.162022072315056	1.3446632086499124	0.022670370225296166	0.6047502196019605	True	False						False	False	True	EVC
225	ENSG00000100439	1	caudate	M003	0.022670370225296166	1.3446632086499124	1.3446632086499124	1	1	1	0	abundance_only	0.04901611718851357		caudate	M003		1.3934373205816866	0.8980794374179382	2.162022072315056	1.3446632086499124	0.022670370225296166	0.6047502196019605	True	False						False	False	True	ABHD4
226	ENSG00000105767	1	caudate	M003	0.022670370225296166	1.3446632086499124	1.3446632086499124	1	1	1	0	abundance_only	0.04901611718851357		caudate	M003		1.3934373205816866	0.8980794374179382	2.162022072315056	1.3446632086499124	0.022670370225296166	0.6047502196019605	True	False						False	False	True	CADM4
227	ENSG00000106266	1	caudate	M003	0.022670370225296166	1.3446632086499124	1.3446632086499124	1	1	1	0	abundance_only	0.04901611718851357		caudate	M003		1.3934373205816866	0.8980794374179382	2.162022072315056	1.3446632086499124	0.022670370225296166	0.6047502196019605	True	False						False	False	True	SNX8
228	ENSG00000106785	1	caudate	M003	0.022670370225296166	1.3446632086499124	1.3446632086499124	1	1	1	0	abundance_only	0.04901611718851357		caudate	M003		1.3934373205816866	0.8980794374179382	2.162022072315056	1.3446632086499124	0.022670370225296166	0.6047502196019605	True	False						False	False	True	TRIM14
229	ENSG00000114738	1	caudate	M003	0.022670370225296166	1.3446632086499124	1.3446632086499124	1	1	1	0	abundance_only	0.04901611718851357		caudate	M003		1.3934373205816866	0.8980794374179382	2.162022072315056	1.3446632086499124	0.022670370225296166	0.6047502196019605	True	False						False	False	True	MAPKAPK3
230	ENSG00000127418	1	caudate	M003	0.022670370225296166	1.3446632086499124	1.3446632086499124	1	1	1	0	abundance_only	0.04901611718851357		caudate	M003		1.3934373205816866	0.8980794374179382	2.162022072315056	1.3446632086499124	0.022670370225296166	0.6047502196019605	True	False						False	False	True	FGFRL1
231	ENSG00000136770	1	caudate	M003	0.022670370225296166	1.3446632086499124	1.3446632086499124	1	1	1	0	abundance_only	0.04901611718851357		caudate	M003		1.3934373205816866	0.8980794374179382	2.162022072315056	1.3446632086499124	0.022670370225296166	0.6047502196019605	True	False						False	False	True	DNAJC1
232	ENSG00000136938	1	caudate	M003	0.022670370225296166	1.3446632086499124	1.3446632086499124	1	1	1	0	abundance_only	0.04901611718851357		caudate	M003		1.3934373205816866	0.8980794374179382	2.162022072315056	1.3446632086499124	0.022670370225296166	0.6047502196019605	True	False						False	False	True	ANP32B
233	ENSG00000146005	1	caudate	M003	0.022670370225296166	1.3446632086499124	1.3446632086499124	1	1	1	0	abundance_only	0.04901611718851357		caudate	M003		1.3934373205816866	0.8980794374179382	2.162022072315056	1.3446632086499124	0.022670370225296166	0.6047502196019605	True	False						False	False	True	PSD2
234	ENSG00000149782	1	caudate	M003	0.022670370225296166	1.3446632086499124	1.3446632086499124	1	1	1	0	abundance_only	0.04901611718851357		caudate	M003		1.3934373205816866	0.8980794374179382	2.162022072315056	1.3446632086499124	0.022670370225296166	0.6047502196019605	True	False						False	False	True	PLCB3
235	ENSG00000154319	1	caudate	M003	0.022670370225296166	1.3446632086499124	1.3446632086499124	1	1	1	0	abundance_only	0.04901611718851357		caudate	M003		1.3934373205816866	0.8980794374179382	2.162022072315056	1.3446632086499124	0.022670370225296166	0.6047502196019605	True	False						False	False	True	FAM167A
236	ENSG00000158710	1	caudate	M003	0.022670370225296166	1.3446632086499124	1.3446632086499124	1	1	1	0	abundance_only	0.04901611718851357		caudate	M003		1.3934373205816866	0.8980794374179382	2.162022072315056	1.3446632086499124	0.022670370225296166	0.6047502196019605	True	False						False	False	True	TAGLN2
237	ENSG00000162337	1	caudate	M003	0.022670370225296166	1.3446632086499124	1.3446632086499124	1	1	1	0	abundance_only	0.04901611718851357		caudate	M003		1.3934373205816866	0.8980794374179382	2.162022072315056	1.3446632086499124	0.022670370225296166	0.6047502196019605	True	False						False	False	True	LRP5
238	ENSG00000166289	1	caudate	M003	0.022670370225296166	1.3446632086499124	1.3446632086499124	1	1	1	0	abundance_only	0.04901611718851357		caudate	M003		1.3934373205816866	0.8980794374179382	2.162022072315056	1.3446632086499124	0.022670370225296166	0.6047502196019605	True	False						False	False	True	PLEKHF1
239	ENSG00000166813	1	caudate	M003	0.022670370225296166	1.3446632086499124	1.3446632086499124	1	1	1	0	abundance_only	0.04901611718851357		caudate	M003		1.3934373205816866	0.8980794374179382	2.162022072315056	1.3446632086499124	0.022670370225296166	0.6047502196019605	True	False						False	False	True	KIF7
240	ENSG00000168899	1	caudate	M003	0.022670370225296166	1.3446632086499124	1.3446632086499124	1	1	1	0	abundance_only	0.04901611718851357		caudate	M003		1.3934373205816866	0.8980794374179382	2.162022072315056	1.3446632086499124	0.022670370225296166	0.6047502196019605	True	False						False	False	True	VAMP5
241	ENSG00000170759	1	caudate	M003	0.022670370225296166	1.3446632086499124	1.3446632086499124	1	1	1	0	abundance_only	0.04901611718851357		caudate	M003		1.3934373205816866	0.8980794374179382	2.162022072315056	1.3446632086499124	0.022670370225296166	0.6047502196019605	True	False						False	False	True	KIF5B
242	ENSG00000177674	1	caudate	M003	0.022670370225296166	1.3446632086499124	1.3446632086499124	1	1	1	0	abundance_only	0.04901611718851357		caudate	M003		1.3934373205816866	0.8980794374179382	2.162022072315056	1.3446632086499124	0.022670370225296166	0.6047502196019605	True	False						False	False	True	AGTRAP
243	ENSG00000182492	1	caudate	M003	0.022670370225296166	1.3446632086499124	1.3446632086499124	1	1	1	0	abundance_only	0.04901611718851357		caudate	M003		1.3934373205816866	0.8980794374179382	2.162022072315056	1.3446632086499124	0.022670370225296166	0.6047502196019605	True	False						False	False	True	BGN
244	ENSG00000184925	1	caudate	M003	0.022670370225296166	1.3446632086499124	1.3446632086499124	1	1	1	0	abundance_only	0.04901611718851357		caudate	M003		1.3934373205816866	0.8980794374179382	2.162022072315056	1.3446632086499124	0.022670370225296166	0.6047502196019605	True	False						False	False	True	LCN12
245	ENSG00000186918	1	caudate	M003	0.022670370225296166	1.3446632086499124	1.3446632086499124	1	1	1	0	abundance_only	0.04901611718851357		caudate	M003		1.3934373205816866	0.8980794374179382	2.162022072315056	1.3446632086499124	0.022670370225296166	0.6047502196019605	True	False						False	False	True	ZNF395
246	ENSG00000188338	1	caudate	M003	0.022670370225296166	1.3446632086499124	1.3446632086499124	1	1	1	0	abundance_only	0.04901611718851357		caudate	M003		1.3934373205816866	0.8980794374179382	2.162022072315056	1.3446632086499124	0.022670370225296166	0.6047502196019605	True	False						False	False	True	SLC38A3
247	ENSG00000213533	1	caudate	M003	0.022670370225296166	1.3446632086499124	1.3446632086499124	1	1	1	0	abundance_only	0.04901611718851357		caudate	M003		1.3934373205816866	0.8980794374179382	2.162022072315056	1.3446632086499124	0.022670370225296166	0.6047502196019605	True	False						False	False	True	STIMATE
248	ENSG00000289058	1	caudate	M003	0.022670370225296166	1.3446632086499124	1.3446632086499124	1	1	1	0	abundance_only	0.04901611718851357		caudate	M003		1.3934373205816866	0.8980794374179382	2.162022072315056	1.3446632086499124	0.022670370225296166	0.6047502196019605	True	False						False	False	True	ENSG00000289058
249	ENSG00000172375	1	frontal_cortex_ba9	M030	0.012368718995461637	2.507437946276777	2.507437946276777	1	1	1	1	coupled	0.005799283790306935	0.752454197268522	frontal_cortex_ba9	M030		1.4600689516275107	0.8224160004779194	2.592120462476208	2.507437946276777	0.012368718995461637	0.6649819145906695	True	False						False	False	True	C2CD2L
250	ENSG00000167972	1	frontal_cortex_ba9	M030	0.012368718995461637	2.507437946276777	2.507437946276777	1	1	1	1	coupled	0.005799283790306935	0.6506054587079314	frontal_cortex_ba9	M030		1.4600689516275107	0.8224160004779194	2.592120462476208	2.507437946276777	0.012368718995461637	0.6649819145906695	True	False						False	False	True	ABCA3
251	ENSG00000145214	1	frontal_cortex_ba9	M030	0.012368718995461637	2.507437946276777	2.507437946276777	1	1	1	1	discordant	0.005799283790306935	0.5957606514029224	frontal_cortex_ba9	M030		1.4600689516275107	0.8224160004779194	2.592120462476208	2.507437946276777	0.012368718995461637	0.6649819145906695	True	False						False	False	True	DGKQ
252	ENSG00000100949	1	frontal_cortex_ba9	M030	0.012368718995461637	2.507437946276777	2.507437946276777	1	1	1	1	coupled	0.005799283790306935	0.5378840152587	frontal_cortex_ba9	M030		1.4600689516275107	0.8224160004779194	2.592120462476208	2.507437946276777	0.012368718995461637	0.6649819145906695	True	False						False	False	True	RABGGTA
253	ENSG00000090020	1	frontal_cortex_ba9	M030	0.012368718995461637	2.507437946276777	2.507437946276777	1	1	1	1	coupled	0.005799283790306935	0.4713976605480618	frontal_cortex_ba9	M030		1.4600689516275107	0.8224160004779194	2.592120462476208	2.507437946276777	0.012368718995461637	0.6649819145906695	True	False						False	False	True	SLC9A1
254	ENSG00000149679	1	frontal_cortex_ba9	M030	0.012368718995461637	2.507437946276777	2.507437946276777	1	1	1	1	coupled	0.005799283790306935	0.42887307419107407	frontal_cortex_ba9	M030		1.4600689516275107	0.8224160004779194	2.592120462476208	2.507437946276777	0.012368718995461637	0.6649819145906695	True	False						False	False	True	CABLES2
255	ENSG00000136878	1	frontal_cortex_ba9	M030	0.012368718995461637	2.507437946276777	2.507437946276777	1	1	1	1	coupled	0.005799283790306935	0.38400847760699836	frontal_cortex_ba9	M030		1.4600689516275107	0.8224160004779194	2.592120462476208	2.507437946276777	0.012368718995461637	0.6649819145906695	True	False						False	False	True	USP20
256	ENSG00000105325	1	frontal_cortex_ba9	M030	0.012368718995461637	2.507437946276777	2.507437946276777	1	1	1	1	discordant	0.005799283790306935	0.3688117568036479	frontal_cortex_ba9	M030		1.4600689516275107	0.8224160004779194	2.592120462476208	2.507437946276777	0.012368718995461637	0.6649819145906695	True	False						False	False	True	FZR1
257	ENSG00000131067	1	frontal_cortex_ba9	M030	0.012368718995461637	2.507437946276777	2.507437946276777	1	1	1	1	discordant	0.005799283790306935	0.22850343524451686	frontal_cortex_ba9	M030		1.4600689516275107	0.8224160004779194	2.592120462476208	2.507437946276777	0.012368718995461637	0.6649819145906695	True	False						False	False	True	GGT7
258	ENSG00000140688	1	frontal_cortex_ba9	M030	0.012368718995461637	2.507437946276777	2.507437946276777	1	1	1	1	discordant	0.005799283790306935	0.2208021367093238	frontal_cortex_ba9	M030		1.4600689516275107	0.8224160004779194	2.592120462476208	2.507437946276777	0.012368718995461637	0.6649819145906695	True	False						False	False	True	RUSF1
259	ENSG00000132382	1	frontal_cortex_ba9	M030	0.012368718995461637	2.507437946276777	2.507437946276777	1	1	1	0	abundance_only	0.005799283790306935	0.18034707898848903	frontal_cortex_ba9	M030		1.4600689516275107	0.8224160004779194	2.592120462476208	2.507437946276777	0.012368718995461637	0.6649819145906695	True	False						False	False	True	MYBBP1A
260	ENSG00000110497	1	frontal_cortex_ba9	M030	0.012368718995461637	2.507437946276777	2.507437946276777	1	1	1	0	abundance_only	0.005799283790306935	0.048345212209361284	frontal_cortex_ba9	M030		1.4600689516275107	0.8224160004779194	2.592120462476208	2.507437946276777	0.012368718995461637	0.6649819145906695	True	False						False	False	True	AMBRA1
261	ENSG00000138834	1	frontal_cortex_ba9	M030	0.012368718995461637	2.507437946276777	2.507437946276777	1	1	1	0	abundance_only	0.005799283790306935	0.03819920962151089	frontal_cortex_ba9	M030		1.4600689516275107	0.8224160004779194	2.592120462476208	2.507437946276777	0.012368718995461637	0.6649819145906695	True	False						False	False	True	MAPK8IP3
262	ENSG00000143862	1	frontal_cortex_ba9	M030	0.012368718995461637	2.507437946276777	2.507437946276777	1	1	1	0	abundance_only	0.005799283790306935	0.03790648467729066	frontal_cortex_ba9	M030		1.4600689516275107	0.8224160004779194	2.592120462476208	2.507437946276777	0.012368718995461637	0.6649819145906695	True	False						False	False	True	ARL8A
263	ENSG00000104835	1	frontal_cortex_ba9	M030	0.012368718995461637	2.507437946276777	2.507437946276777	1	1	1	0	abundance_only	0.005799283790306935	0.03606149207908079	frontal_cortex_ba9	M030		1.4600689516275107	0.8224160004779194	2.592120462476208	2.507437946276777	0.012368718995461637	0.6649819145906695	True	False						False	False	True	SARS2
264	ENSG00000100359	1	frontal_cortex_ba9	M030	0.012368718995461637	2.507437946276777	2.507437946276777	1	1	1	0	abundance_only	0.005799283790306935	0.018242162517242234	frontal_cortex_ba9	M030		1.4600689516275107	0.8224160004779194	2.592120462476208	2.507437946276777	0.012368718995461637	0.6649819145906695	True	False						False	False	True	SGSM3
265	ENSG00000165916	2	cerebellar_hemisphere,frontal_cortex_ba9	M005,M022	0.006579346909760339	3.1389961389961387	2.3337372359499673	1	1	0	1	abundance_only,discordant	0.002276591476224696	0.23600873702413913	cerebellar_hemisphere	M022		1.679270315611514	0.7949272670959687	3.547429946887898	3.1389961389961387	0.016262108334627295	0.6456819218286052	True	False						False	False	True	PSMC3
266	ENSG00000107874	2	cerebellar_hemisphere,frontal_cortex_ba9	M005,M022	0.006579346909760339	3.1389961389961387	2.3337372359499673	1	1	0	0	abundance_only	0.002276591476224696	0.15029539833847233	cerebellar_hemisphere	M022		1.679270315611514	0.7949272670959687	3.547429946887898	3.1389961389961387	0.016262108334627295	0.6456819218286052	True	False						False	False	True	CUEDC2
267	ENSG00000010256	1	frontal_cortex_ba9	M005	0.006579346909760339	1.5284783329037959	1.5284783329037959	1	1	0	1	coupled	0.002276591476224696	0.7773472132261445	frontal_cortex_ba9	M005	aerobic respiration, proton motive force-driven ATP synthesis, ATP biosynthetic process	0.8299389910759897	0.6222049290837284	1.1070287243184824	1.5284783329037959	0.006579346909760339	0.6741186151880689	False	False						False	False	True	UQCRC1
268	ENSG00000107742	1	frontal_cortex_ba9	M005	0.006579346909760339	1.5284783329037959	1.5284783329037959	1	1	0	1	coupled	0.002276591476224696	0.6847415809379361	frontal_cortex_ba9	M005	aerobic respiration, proton motive force-driven ATP synthesis, ATP biosynthetic process	0.8299389910759897	0.6222049290837284	1.1070287243184824	1.5284783329037959	0.006579346909760339	0.6741186151880689	False	False						False	False	True	SPOCK2
269	ENSG00000105402	1	frontal_cortex_ba9	M005	0.006579346909760339	1.5284783329037959	1.5284783329037959	1	1	0	1	coupled	0.002276591476224696	0.662277637629752	frontal_cortex_ba9	M005	aerobic respiration, proton motive force-driven ATP synthesis, ATP biosynthetic process	0.8299389910759897	0.6222049290837284	1.1070287243184824	1.5284783329037959	0.006579346909760339	0.6741186151880689	False	False						False	False	True	NAPA
270	ENSG00000068308	1	frontal_cortex_ba9	M005	0.006579346909760339	1.5284783329037959	1.5284783329037959	1	1	0	1	coupled	0.002276591476224696	0.6435067430127248	frontal_cortex_ba9	M005	aerobic respiration, proton motive force-driven ATP synthesis, ATP biosynthetic process	0.8299389910759897	0.6222049290837284	1.1070287243184824	1.5284783329037959	0.006579346909760339	0.6741186151880689	False	False						False	False	True	OTUD5
271	ENSG00000167657	1	frontal_cortex_ba9	M005	0.006579346909760339	1.5284783329037959	1.5284783329037959	1	1	0	1	coupled	0.002276591476224696	0.5951680398231322	frontal_cortex_ba9	M005	aerobic respiration, proton motive force-driven ATP synthesis, ATP biosynthetic process	0.8299389910759897	0.6222049290837284	1.1070287243184824	1.5284783329037959	0.006579346909760339	0.6741186151880689	False	False						False	False	True	DAPK3
272	ENSG00000185883	1	frontal_cortex_ba9	M005	0.006579346909760339	1.5284783329037959	1.5284783329037959	1	1	0	1	coupled	0.002276591476224696	0.5934131876956297	frontal_cortex_ba9	M005	aerobic respiration, proton motive force-driven ATP synthesis, ATP biosynthetic process	0.8299389910759897	0.6222049290837284	1.1070287243184824	1.5284783329037959	0.006579346909760339	0.6741186151880689	False	False						False	False	True	ATP6V0C
273	ENSG00000099910	1	frontal_cortex_ba9	M005	0.006579346909760339	1.5284783329037959	1.5284783329037959	1	1	0	1	discordant	0.002276591476224696	0.5270543575809764	frontal_cortex_ba9	M005	aerobic respiration, proton motive force-driven ATP synthesis, ATP biosynthetic process	0.8299389910759897	0.6222049290837284	1.1070287243184824	1.5284783329037959	0.006579346909760339	0.6741186151880689	False	False						False	False	True	KLHL22
274	ENSG00000127824	1	frontal_cortex_ba9	M005	0.006579346909760339	1.5284783329037959	1.5284783329037959	1	1	0	1	discordant	0.002276591476224696	0.5051532525455849	frontal_cortex_ba9	M005	aerobic respiration, proton motive force-driven ATP synthesis, ATP biosynthetic process	0.8299389910759897	0.6222049290837284	1.1070287243184824	1.5284783329037959	0.006579346909760339	0.6741186151880689	False	False						False	False	True	TUBA4A
275	ENSG00000146701	1	frontal_cortex_ba9	M005	0.006579346909760339	1.5284783329037959	1.5284783329037959	1	1	0	1	coupled	0.002276591476224696	0.49328928363859254	frontal_cortex_ba9	M005	aerobic respiration, proton motive force-driven ATP synthesis, ATP biosynthetic process	0.8299389910759897	0.6222049290837284	1.1070287243184824	1.5284783329037959	0.006579346909760339	0.6741186151880689	False	False						False	False	True	MDH2
276	ENSG00000131475	1	frontal_cortex_ba9	M005	0.006579346909760339	1.5284783329037959	1.5284783329037959	1	1	0	1	coupled	0.002276591476224696	0.46842934548203274	frontal_cortex_ba9	M005	aerobic respiration, proton motive force-driven ATP synthesis, ATP biosynthetic process	0.8299389910759897	0.6222049290837284	1.1070287243184824	1.5284783329037959	0.006579346909760339	0.6741186151880689	False	False						False	False	True	VPS25
277	ENSG00000176401	1	frontal_cortex_ba9	M005	0.006579346909760339	1.5284783329037959	1.5284783329037959	1	1	0	1	coupled	0.002276591476224696	0.4597159694732108	frontal_cortex_ba9	M005	aerobic respiration, proton motive force-driven ATP synthesis, ATP biosynthetic process	0.8299389910759897	0.6222049290837284	1.1070287243184824	1.5284783329037959	0.006579346909760339	0.6741186151880689	False	False						False	False	True	EID2B
278	ENSG00000007080	1	frontal_cortex_ba9	M005	0.006579346909760339	1.5284783329037959	1.5284783329037959	1	1	0	1	coupled	0.002276591476224696	0.4368166688259931	frontal_cortex_ba9	M005	aerobic respiration, proton motive force-driven ATP synthesis, ATP biosynthetic process	0.8299389910759897	0.6222049290837284	1.1070287243184824	1.5284783329037959	0.006579346909760339	0.6741186151880689	False	False						False	False	True	CCDC124
279	ENSG00000139180	1	frontal_cortex_ba9	M005	0.006579346909760339	1.5284783329037959	1.5284783329037959	1	1	0	1	coupled	0.002276591476224696	0.433678175618301	frontal_cortex_ba9	M005	aerobic respiration, proton motive force-driven ATP synthesis, ATP biosynthetic process	0.8299389910759897	0.6222049290837284	1.1070287243184824	1.5284783329037959	0.006579346909760339	0.6741186151880689	False	False						False	False	True	NDUFA9
280	ENSG00000182095	1	frontal_cortex_ba9	M005	0.006579346909760339	1.5284783329037959	1.5284783329037959	1	1	0	1	coupled	0.002276591476224696	0.43009727791376406	frontal_cortex_ba9	M005	aerobic respiration, proton motive force-driven ATP synthesis, ATP biosynthetic process	0.8299389910759897	0.6222049290837284	1.1070287243184824	1.5284783329037959	0.006579346909760339	0.6741186151880689	False	False						False	False	True	TNRC18
281	ENSG00000149925	1	frontal_cortex_ba9	M005	0.006579346909760339	1.5284783329037959	1.5284783329037959	1	1	0	1	coupled	0.002276591476224696	0.40050651780713115	frontal_cortex_ba9	M005	aerobic respiration, proton motive force-driven ATP synthesis, ATP biosynthetic process	0.8299389910759897	0.6222049290837284	1.1070287243184824	1.5284783329037959	0.006579346909760339	0.6741186151880689	False	False						False	False	True	ALDOA
282	ENSG00000132589	1	frontal_cortex_ba9	M005	0.006579346909760339	1.5284783329037959	1.5284783329037959	1	1	0	1	coupled	0.002276591476224696	0.3648479998350412	frontal_cortex_ba9	M005	aerobic respiration, proton motive force-driven ATP synthesis, ATP biosynthetic process	0.8299389910759897	0.6222049290837284	1.1070287243184824	1.5284783329037959	0.006579346909760339	0.6741186151880689	False	False						False	False	True	FLOT2
283	ENSG00000175416	1	frontal_cortex_ba9	M005	0.006579346909760339	1.5284783329037959	1.5284783329037959	1	1	0	1	discordant	0.002276591476224696	0.34106200083920174	frontal_cortex_ba9	M005	aerobic respiration, proton motive force-driven ATP synthesis, ATP biosynthetic process	0.8299389910759897	0.6222049290837284	1.1070287243184824	1.5284783329037959	0.006579346909760339	0.6741186151880689	False	False						False	False	True	CLTB
284	ENSG00000174446	1	frontal_cortex_ba9	M005	0.006579346909760339	1.5284783329037959	1.5284783329037959	1	1	0	1	coupled	0.002276591476224696	0.3402139210819633	frontal_cortex_ba9	M005	aerobic respiration, proton motive force-driven ATP synthesis, ATP biosynthetic process	0.8299389910759897	0.6222049290837284	1.1070287243184824	1.5284783329037959	0.006579346909760339	0.6741186151880689	False	False						False	False	True	SNAPC5
285	ENSG00000141873	1	frontal_cortex_ba9	M005	0.006579346909760339	1.5284783329037959	1.5284783329037959	1	1	0	1	discordant	0.002276591476224696	0.3175018150142674	frontal_cortex_ba9	M005	aerobic respiration, proton motive force-driven ATP synthesis, ATP biosynthetic process	0.8299389910759897	0.6222049290837284	1.1070287243184824	1.5284783329037959	0.006579346909760339	0.6741186151880689	False	False						False	False	True	SLC39A3
286	ENSG00000138107	1	frontal_cortex_ba9	M005	0.006579346909760339	1.5284783329037959	1.5284783329037959	1	1	0	1	discordant	0.002276591476224696	0.3053097065051018	frontal_cortex_ba9	M005	aerobic respiration, proton motive force-driven ATP synthesis, ATP biosynthetic process	0.8299389910759897	0.6222049290837284	1.1070287243184824	1.5284783329037959	0.006579346909760339	0.6741186151880689	False	False						False	False	True	ACTR1A
287	ENSG00000160714	1	frontal_cortex_ba9	M005	0.006579346909760339	1.5284783329037959	1.5284783329037959	1	1	0	1	coupled	0.002276591476224696	0.29395143833989246	frontal_cortex_ba9	M005	aerobic respiration, proton motive force-driven ATP synthesis, ATP biosynthetic process	0.8299389910759897	0.6222049290837284	1.1070287243184824	1.5284783329037959	0.006579346909760339	0.6741186151880689	False	False						False	False	True	UBE2Q1
288	ENSG00000102178	1	frontal_cortex_ba9	M005	0.006579346909760339	1.5284783329037959	1.5284783329037959	1	1	0	1	discordant	0.002276591476224696	0.2588945173553824	frontal_cortex_ba9	M005	aerobic respiration, proton motive force-driven ATP synthesis, ATP biosynthetic process	0.8299389910759897	0.6222049290837284	1.1070287243184824	1.5284783329037959	0.006579346909760339	0.6741186151880689	False	False						False	False	True	UBL4A
289	ENSG00000186010	1	frontal_cortex_ba9	M005	0.006579346909760339	1.5284783329037959	1.5284783329037959	1	1	0	1	discordant	0.002276591476224696	0.2509651479926949	frontal_cortex_ba9	M005	aerobic respiration, proton motive force-driven ATP synthesis, ATP biosynthetic process	0.8299389910759897	0.6222049290837284	1.1070287243184824	1.5284783329037959	0.006579346909760339	0.6741186151880689	False	False						False	False	True	NDUFA13
290	ENSG00000107833	1	frontal_cortex_ba9	M005	0.006579346909760339	1.5284783329037959	1.5284783329037959	1	1	0	1	coupled	0.002276591476224696	0.24254675643991164	frontal_cortex_ba9	M005	aerobic respiration, proton motive force-driven ATP synthesis, ATP biosynthetic process	0.8299389910759897	0.6222049290837284	1.1070287243184824	1.5284783329037959	0.006579346909760339	0.6741186151880689	False	False						False	False	True	NPM3
291	ENSG00000033050	1	frontal_cortex_ba9	M005	0.006579346909760339	1.5284783329037959	1.5284783329037959	1	1	0	1	discordant	0.002276591476224696	0.23678522477889907	frontal_cortex_ba9	M005	aerobic respiration, proton motive force-driven ATP synthesis, ATP biosynthetic process	0.8299389910759897	0.6222049290837284	1.1070287243184824	1.5284783329037959	0.006579346909760339	0.6741186151880689	False	False						False	False	True	ABCF2
292	ENSG00000241878	1	frontal_cortex_ba9	M005	0.006579346909760339	1.5284783329037959	1.5284783329037959	1	1	0	1	discordant	0.002276591476224696	0.23504069028008756	frontal_cortex_ba9	M005	aerobic respiration, proton motive force-driven ATP synthesis, ATP biosynthetic process	0.8299389910759897	0.6222049290837284	1.1070287243184824	1.5284783329037959	0.006579346909760339	0.6741186151880689	False	False						False	False	True	PISD
293	ENSG00000130520	1	frontal_cortex_ba9	M005	0.006579346909760339	1.5284783329037959	1.5284783329037959	1	1	0	1	coupled	0.002276591476224696	0.2289311524639706	frontal_cortex_ba9	M005	aerobic respiration, proton motive force-driven ATP synthesis, ATP biosynthetic process	0.8299389910759897	0.6222049290837284	1.1070287243184824	1.5284783329037959	0.006579346909760339	0.6741186151880689	False	False						False	False	True	LSM4
294	ENSG00000104863	1	frontal_cortex_ba9	M005	0.006579346909760339	1.5284783329037959	1.5284783329037959	1	1	0	1	discordant	0.002276591476224696	0.21819090988692985	frontal_cortex_ba9	M005	aerobic respiration, proton motive force-driven ATP synthesis, ATP biosynthetic process	0.8299389910759897	0.6222049290837284	1.1070287243184824	1.5284783329037959	0.006579346909760339	0.6741186151880689	False	False						False	False	True	LIN7B
295	ENSG00000161981	1	frontal_cortex_ba9	M005	0.006579346909760339	1.5284783329037959	1.5284783329037959	1	1	0	1	coupled	0.002276591476224696	0.21545856085430695	frontal_cortex_ba9	M005	aerobic respiration, proton motive force-driven ATP synthesis, ATP biosynthetic process	0.8299389910759897	0.6222049290837284	1.1070287243184824	1.5284783329037959	0.006579346909760339	0.6741186151880689	False	False						False	False	True	SNRNP25
296	ENSG00000147457	1	frontal_cortex_ba9	M005	0.006579346909760339	1.5284783329037959	1.5284783329037959	1	1	0	1	discordant	0.002276591476224696	0.20750118073597515	frontal_cortex_ba9	M005	aerobic respiration, proton motive force-driven ATP synthesis, ATP biosynthetic process	0.8299389910759897	0.6222049290837284	1.1070287243184824	1.5284783329037959	0.006579346909760339	0.6741186151880689	False	False						False	False	True	CHMP7
297	ENSG00000070761	1	frontal_cortex_ba9	M005	0.006579346909760339	1.5284783329037959	1.5284783329037959	1	1	0	1	discordant	0.002276591476224696	0.20521307617621656	frontal_cortex_ba9	M005	aerobic respiration, proton motive force-driven ATP synthesis, ATP biosynthetic process	0.8299389910759897	0.6222049290837284	1.1070287243184824	1.5284783329037959	0.006579346909760339	0.6741186151880689	False	False						False	False	True	CFAP20
298	ENSG00000138629	1	frontal_cortex_ba9	M005	0.006579346909760339	1.5284783329037959	1.5284783329037959	1	1	0	0	abundance_only	0.002276591476224696	0.18269604360572111	frontal_cortex_ba9	M005	aerobic respiration, proton motive force-driven ATP synthesis, ATP biosynthetic process	0.8299389910759897	0.6222049290837284	1.1070287243184824	1.5284783329037959	0.006579346909760339	0.6741186151880689	False	False						False	False	True	UBL7
299	ENSG00000213246	1	frontal_cortex_ba9	M005	0.006579346909760339	1.5284783329037959	1.5284783329037959	1	1	0	0	abundance_only	0.002276591476224696	0.17842720116411126	frontal_cortex_ba9	M005	aerobic respiration, proton motive force-driven ATP synthesis, ATP biosynthetic process	0.8299389910759897	0.6222049290837284	1.1070287243184824	1.5284783329037959	0.006579346909760339	0.6741186151880689	False	False						False	False	True	SUPT4H1
300	ENSG00000179115	1	frontal_cortex_ba9	M005	0.006579346909760339	1.5284783329037959	1.5284783329037959	1	1	0	0	abundance_only	0.002276591476224696	0.17672219342162612	frontal_cortex_ba9	M005	aerobic respiration, proton motive force-driven ATP synthesis, ATP biosynthetic process	0.8299389910759897	0.6222049290837284	1.1070287243184824	1.5284783329037959	0.006579346909760339	0.6741186151880689	False	False						False	False	True	FARSA
301	ENSG00000136630	1	frontal_cortex_ba9	M005	0.006579346909760339	1.5284783329037959	1.5284783329037959	1	1	0	0	inactive	0.002276591476224696	0.17045708359086442	frontal_cortex_ba9	M005	aerobic respiration, proton motive force-driven ATP synthesis, ATP biosynthetic process	0.8299389910759897	0.6222049290837284	1.1070287243184824	1.5284783329037959	0.006579346909760339	0.6741186151880689	False	False						False	False	True	HLX
302	ENSG00000065057	1	frontal_cortex_ba9	M005	0.006579346909760339	1.5284783329037959	1.5284783329037959	1	1	0	0	abundance_only	0.002276591476224696	0.16658483457238005	frontal_cortex_ba9	M005	aerobic respiration, proton motive force-driven ATP synthesis, ATP biosynthetic process	0.8299389910759897	0.6222049290837284	1.1070287243184824	1.5284783329037959	0.006579346909760339	0.6741186151880689	False	False						False	False	True	NTHL1
303	ENSG00000267673	1	frontal_cortex_ba9	M005	0.006579346909760339	1.5284783329037959	1.5284783329037959	1	1	0	0	abundance_only	0.002276591476224696	0.14622831462721755	frontal_cortex_ba9	M005	aerobic respiration, proton motive force-driven ATP synthesis, ATP biosynthetic process	0.8299389910759897	0.6222049290837284	1.1070287243184824	1.5284783329037959	0.006579346909760339	0.6741186151880689	False	False						False	False	True	FDX2
304	ENSG00000175756	1	frontal_cortex_ba9	M005	0.006579346909760339	1.5284783329037959	1.5284783329037959	1	1	0	0	abundance_only	0.002276591476224696	0.1382894270998791	frontal_cortex_ba9	M005	aerobic respiration, proton motive force-driven ATP synthesis, ATP biosynthetic process	0.8299389910759897	0.6222049290837284	1.1070287243184824	1.5284783329037959	0.006579346909760339	0.6741186151880689	False	False						False	False	True	AURKAIP1
305	ENSG00000143222	1	frontal_cortex_ba9	M005	0.006579346909760339	1.5284783329037959	1.5284783329037959	1	1	0	0	abundance_only	0.002276591476224696	0.13279664673986782	frontal_cortex_ba9	M005	aerobic respiration, proton motive force-driven ATP synthesis, ATP biosynthetic process	0.8299389910759897	0.6222049290837284	1.1070287243184824	1.5284783329037959	0.006579346909760339	0.6741186151880689	False	False						False	False	True	UFC1
306	ENSG00000160785	1	frontal_cortex_ba9	M005	0.006579346909760339	1.5284783329037959	1.5284783329037959	1	1	0	0	abundance_only	0.002276591476224696	0.11890471285258035	frontal_cortex_ba9	M005	aerobic respiration, proton motive force-driven ATP synthesis, ATP biosynthetic process	0.8299389910759897	0.6222049290837284	1.1070287243184824	1.5284783329037959	0.006579346909760339	0.6741186151880689	False	False						False	False	True	SLC25A44
307	ENSG00000178896	1	frontal_cortex_ba9	M005	0.006579346909760339	1.5284783329037959	1.5284783329037959	1	1	0	0	abundance_only	0.002276591476224696	0.11607294108997217	frontal_cortex_ba9	M005	aerobic respiration, proton motive force-driven ATP synthesis, ATP biosynthetic process	0.8299389910759897	0.6222049290837284	1.1070287243184824	1.5284783329037959	0.006579346909760339	0.6741186151880689	False	False						False	False	True	EXOSC4
308	ENSG00000112651	1	frontal_cortex_ba9	M005	0.006579346909760339	1.5284783329037959	1.5284783329037959	1	1	0	0	abundance_only	0.002276591476224696	0.11073039771035055	frontal_cortex_ba9	M005	aerobic respiration, proton motive force-driven ATP synthesis, ATP biosynthetic process	0.8299389910759897	0.6222049290837284	1.1070287243184824	1.5284783329037959	0.006579346909760339	0.6741186151880689	False	False						False	False	True	MRPL2
309	ENSG00000037241	1	frontal_cortex_ba9	M005	0.006579346909760339	1.5284783329037959	1.5284783329037959	1	1	0	0	abundance_only	0.002276591476224696	0.10903982122436119	frontal_cortex_ba9	M005	aerobic respiration, proton motive force-driven ATP synthesis, ATP biosynthetic process	0.8299389910759897	0.6222049290837284	1.1070287243184824	1.5284783329037959	0.006579346909760339	0.6741186151880689	False	False						False	False	True	RPL26L1
310	ENSG00000123416	1	frontal_cortex_ba9	M005	0.006579346909760339	1.5284783329037959	1.5284783329037959	1	1	0	0	abundance_only	0.002276591476224696	0.10795468448375029	frontal_cortex_ba9	M005	aerobic respiration, proton motive force-driven ATP synthesis, ATP biosynthetic process	0.8299389910759897	0.6222049290837284	1.1070287243184824	1.5284783329037959	0.006579346909760339	0.6741186151880689	False	False						False	False	True	TUBA1B
311	ENSG00000174886	1	frontal_cortex_ba9	M005	0.006579346909760339	1.5284783329037959	1.5284783329037959	1	1	0	0	abundance_only	0.002276591476224696	0.10422286880648104	frontal_cortex_ba9	M005	aerobic respiration, proton motive force-driven ATP synthesis, ATP biosynthetic process	0.8299389910759897	0.6222049290837284	1.1070287243184824	1.5284783329037959	0.006579346909760339	0.6741186151880689	False	False						False	False	True	NDUFA11
312	ENSG00000166171	1	frontal_cortex_ba9	M005	0.006579346909760339	1.5284783329037959	1.5284783329037959	1	1	0	0	abundance_only	0.002276591476224696	0.10412016959502178	frontal_cortex_ba9	M005	aerobic respiration, proton motive force-driven ATP synthesis, ATP biosynthetic process	0.8299389910759897	0.6222049290837284	1.1070287243184824	1.5284783329037959	0.006579346909760339	0.6741186151880689	False	False						False	False	True	DPCD
313	ENSG00000099817	1	frontal_cortex_ba9	M005	0.006579346909760339	1.5284783329037959	1.5284783329037959	1	1	0	0	abundance_only	0.002276591476224696	0.10213840283391662	frontal_cortex_ba9	M005	aerobic respiration, proton motive force-driven ATP synthesis, ATP biosynthetic process	0.8299389910759897	0.6222049290837284	1.1070287243184824	1.5284783329037959	0.006579346909760339	0.6741186151880689	False	False						False	False	True	POLR2E
314	ENSG00000213672	1	frontal_cortex_ba9	M005	0.006579346909760339	1.5284783329037959	1.5284783329037959	1	1	0	0	abundance_only	0.002276591476224696	0.09670772665208216	frontal_cortex_ba9	M005	aerobic respiration, proton motive force-driven ATP synthesis, ATP biosynthetic process	0.8299389910759897	0.6222049290837284	1.1070287243184824	1.5284783329037959	0.006579346909760339	0.6741186151880689	False	False						False	False	True	NCKIPSD
315	ENSG00000077348	1	frontal_cortex_ba9	M005	0.006579346909760339	1.5284783329037959	1.5284783329037959	1	1	0	0	abundance_only	0.002276591476224696	0.09130472284028805	frontal_cortex_ba9	M005	aerobic respiration, proton motive force-driven ATP synthesis, ATP biosynthetic process	0.8299389910759897	0.6222049290837284	1.1070287243184824	1.5284783329037959	0.006579346909760339	0.6741186151880689	False	False						False	False	True	EXOSC5
316	ENSG00000126432	1	frontal_cortex_ba9	M005	0.006579346909760339	1.5284783329037959	1.5284783329037959	1	1	0	0	abundance_only	0.002276591476224696	0.07086924169600416	frontal_cortex_ba9	M005	aerobic respiration, proton motive force-driven ATP synthesis, ATP biosynthetic process	0.8299389910759897	0.6222049290837284	1.1070287243184824	1.5284783329037959	0.006579346909760339	0.6741186151880689	False	False						False	False	True	PRDX5
317	ENSG00000105364	1	frontal_cortex_ba9	M005	0.006579346909760339	1.5284783329037959	1.5284783329037959	1	1	0	0	abundance_only	0.002276591476224696	0.06981713488688056	frontal_cortex_ba9	M005	aerobic respiration, proton motive force-driven ATP synthesis, ATP biosynthetic process	0.8299389910759897	0.6222049290837284	1.1070287243184824	1.5284783329037959	0.006579346909760339	0.6741186151880689	False	False						False	False	True	MRPL4
318	ENSG00000159685	1	frontal_cortex_ba9	M005	0.006579346909760339	1.5284783329037959	1.5284783329037959	1	1	0	0	abundance_only	0.002276591476224696	0.06777490832215306	frontal_cortex_ba9	M005	aerobic respiration, proton motive force-driven ATP synthesis, ATP biosynthetic process	0.8299389910759897	0.6222049290837284	1.1070287243184824	1.5284783329037959	0.006579346909760339	0.6741186151880689	False	False						False	False	True	CHCHD6
319	ENSG00000091640	1	frontal_cortex_ba9	M005	0.006579346909760339	1.5284783329037959	1.5284783329037959	1	1	0	0	abundance_only	0.002276591476224696	0.06116340687695912	frontal_cortex_ba9	M005	aerobic respiration, proton motive force-driven ATP synthesis, ATP biosynthetic process	0.8299389910759897	0.6222049290837284	1.1070287243184824	1.5284783329037959	0.006579346909760339	0.6741186151880689	False	False						False	False	True	SPAG7
320	ENSG00000175550	1	frontal_cortex_ba9	M005	0.006579346909760339	1.5284783329037959	1.5284783329037959	1	1	0	0	abundance_only	0.002276591476224696	0.05233394930753119	frontal_cortex_ba9	M005	aerobic respiration, proton motive force-driven ATP synthesis, ATP biosynthetic process	0.8299389910759897	0.6222049290837284	1.1070287243184824	1.5284783329037959	0.006579346909760339	0.6741186151880689	False	False						False	False	True	DRAP1
321	ENSG00000196465	1	frontal_cortex_ba9	M005	0.006579346909760339	1.5284783329037959	1.5284783329037959	1	1	0	0	abundance_only	0.002276591476224696	0.03558274513457677	frontal_cortex_ba9	M005	aerobic respiration, proton motive force-driven ATP synthesis, ATP biosynthetic process	0.8299389910759897	0.6222049290837284	1.1070287243184824	1.5284783329037959	0.006579346909760339	0.6741186151880689	False	False						False	False	True	MYL6B
322	ENSG00000261236	1	frontal_cortex_ba9	M005	0.006579346909760339	1.5284783329037959	1.5284783329037959	1	1	0	0	abundance_only	0.002276591476224696	0.03375001282629238	frontal_cortex_ba9	M005	aerobic respiration, proton motive force-driven ATP synthesis, ATP biosynthetic process	0.8299389910759897	0.6222049290837284	1.1070287243184824	1.5284783329037959	0.006579346909760339	0.6741186151880689	False	False						False	False	True	BOP1
323	ENSG00000110442	1	frontal_cortex_ba9	M005	0.006579346909760339	1.5284783329037959	1.5284783329037959	1	1	0	0	abundance_only	0.002276591476224696	0.02497682697130653	frontal_cortex_ba9	M005	aerobic respiration, proton motive force-driven ATP synthesis, ATP biosynthetic process	0.8299389910759897	0.6222049290837284	1.1070287243184824	1.5284783329037959	0.006579346909760339	0.6741186151880689	False	False						False	False	True	COMMD9
324	ENSG00000198258	1	frontal_cortex_ba9	M005	0.006579346909760339	1.5284783329037959	1.5284783329037959	1	1	0	0	abundance_only	0.002276591476224696	0.023095442792326837	frontal_cortex_ba9	M005	aerobic respiration, proton motive force-driven ATP synthesis, ATP biosynthetic process	0.8299389910759897	0.6222049290837284	1.1070287243184824	1.5284783329037959	0.006579346909760339	0.6741186151880689	False	False						False	False	True	UBL5
325	ENSG00000137522	1	frontal_cortex_ba9	M005	0.006579346909760339	1.5284783329037959	1.5284783329037959	1	1	0	0	abundance_only	0.002276591476224696	0.018996111744336602	frontal_cortex_ba9	M005	aerobic respiration, proton motive force-driven ATP synthesis, ATP biosynthetic process	0.8299389910759897	0.6222049290837284	1.1070287243184824	1.5284783329037959	0.006579346909760339	0.6741186151880689	False	False						False	False	True	RNF121
326	ENSG00000100347	1	frontal_cortex_ba9	M005	0.006579346909760339	1.5284783329037959	1.5284783329037959	1	1	0	0	abundance_only	0.002276591476224696	0.016829439064706367	frontal_cortex_ba9	M005	aerobic respiration, proton motive force-driven ATP synthesis, ATP biosynthetic process	0.8299389910759897	0.6222049290837284	1.1070287243184824	1.5284783329037959	0.006579346909760339	0.6741186151880689	False	False						False	False	True	SAMM50
327	ENSG00000120053	1	frontal_cortex_ba9	M005	0.006579346909760339	1.5284783329037959	1.5284783329037959	1	1	0	0	abundance_only	0.002276591476224696	0.01549920610379323	frontal_cortex_ba9	M005	aerobic respiration, proton motive force-driven ATP synthesis, ATP biosynthetic process	0.8299389910759897	0.6222049290837284	1.1070287243184824	1.5284783329037959	0.006579346909760339	0.6741186151880689	False	False						False	False	True	GOT1
328	ENSG00000183011	1	frontal_cortex_ba9	M005	0.006579346909760339	1.5284783329037959	1.5284783329037959	1	1	0	0	abundance_only	0.002276591476224696	0.014521364636447836	frontal_cortex_ba9	M005	aerobic respiration, proton motive force-driven ATP synthesis, ATP biosynthetic process	0.8299389910759897	0.6222049290837284	1.1070287243184824	1.5284783329037959	0.006579346909760339	0.6741186151880689	False	False						False	False	True	NAA38
329	ENSG00000163956	1	frontal_cortex_ba9	M005	0.006579346909760339	1.5284783329037959	1.5284783329037959	1	1	0	0	abundance_only	0.002276591476224696	0.014226132237286908	frontal_cortex_ba9	M005	aerobic respiration, proton motive force-driven ATP synthesis, ATP biosynthetic process	0.8299389910759897	0.6222049290837284	1.1070287243184824	1.5284783329037959	0.006579346909760339	0.6741186151880689	False	False						False	False	True	LRPAP1
330	ENSG00000099624	1	frontal_cortex_ba9	M005	0.006579346909760339	1.5284783329037959	1.5284783329037959	1	1	0	0	abundance_only	0.002276591476224696	0.013748658251009498	frontal_cortex_ba9	M005	aerobic respiration, proton motive force-driven ATP synthesis, ATP biosynthetic process	0.8299389910759897	0.6222049290837284	1.1070287243184824	1.5284783329037959	0.006579346909760339	0.6741186151880689	False	False						False	False	True	ATP5F1D
331	ENSG00000101363	1	frontal_cortex_ba9	M005	0.006579346909760339	1.5284783329037959	1.5284783329037959	1	1	0	0	abundance_only	0.002276591476224696	0.01293073871289458	frontal_cortex_ba9	M005	aerobic respiration, proton motive force-driven ATP synthesis, ATP biosynthetic process	0.8299389910759897	0.6222049290837284	1.1070287243184824	1.5284783329037959	0.006579346909760339	0.6741186151880689	False	False						False	False	True	MANBAL
332	ENSG00000167779	1	frontal_cortex_ba9	M005	0.006579346909760339	1.5284783329037959	1.5284783329037959	1	1	0	0	abundance_only	0.002276591476224696	0.011375503188147753	frontal_cortex_ba9	M005	aerobic respiration, proton motive force-driven ATP synthesis, ATP biosynthetic process	0.8299389910759897	0.6222049290837284	1.1070287243184824	1.5284783329037959	0.006579346909760339	0.6741186151880689	False	False						False	False	True	IGFBP6
333	ENSG00000125651	1	frontal_cortex_ba9	M005	0.006579346909760339	1.5284783329037959	1.5284783329037959	1	1	0	0	abundance_only	0.002276591476224696	0.006207914286391713	frontal_cortex_ba9	M005	aerobic respiration, proton motive force-driven ATP synthesis, ATP biosynthetic process	0.8299389910759897	0.6222049290837284	1.1070287243184824	1.5284783329037959	0.006579346909760339	0.6741186151880689	False	False						False	False	True	GTF2F1
334	ENSG00000176248	1	hippocampus	M012	0.00022477727020365937	1.8956213662790697	1.8956213662790697	2	0	0	2	discordant	0.0022181696711526754	0.68063568052572	hippocampus	M012		1.8575226430126237	1.2295924589568776	2.8061251873907347	1.8956213662790697	0.00022477727020365937	0.13512056975983763	True	True						False	False	False	ANAPC2
335	ENSG00000066248	1	hippocampus	M012	0.00022477727020365937	1.8956213662790697	1.8956213662790697	2	0	0	2	discordant	0.0022181696711526754	0.5883333653864843	hippocampus	M012		1.8575226430126237	1.2295924589568776	2.8061251873907347	1.8956213662790697	0.00022477727020365937	0.13512056975983763	True	True						False	False	False	NGEF
336	ENSG00000185000	1	hippocampus	M012	0.00022477727020365937	1.8956213662790697	1.8956213662790697	2	0	0	2	discordant	0.0022181696711526754	0.5452676841843708	hippocampus	M012		1.8575226430126237	1.2295924589568776	2.8061251873907347	1.8956213662790697	0.00022477727020365937	0.13512056975983763	True	True						False	False	False	DGAT1
337	ENSG00000152082	1	hippocampus	M012	0.00022477727020365937	1.8956213662790697	1.8956213662790697	2	0	0	2	discordant	0.0022181696711526754	0.5235354002477041	hippocampus	M012		1.8575226430126237	1.2295924589568776	2.8061251873907347	1.8956213662790697	0.00022477727020365937	0.13512056975983763	True	True						False	False	False	MZT2B
338	ENSG00000118363	1	hippocampus	M012	0.00022477727020365937	1.8956213662790697	1.8956213662790697	2	0	0	2	discordant	0.0022181696711526754	0.5148206562114879	hippocampus	M012		1.8575226430126237	1.2295924589568776	2.8061251873907347	1.8956213662790697	0.00022477727020365937	0.13512056975983763	True	True						False	False	False	SPCS2
339	ENSG00000138623	1	hippocampus	M012	0.00022477727020365937	1.8956213662790697	1.8956213662790697	2	0	0	2	discordant	0.0022181696711526754	0.5055360502071555	hippocampus	M012		1.8575226430126237	1.2295924589568776	2.8061251873907347	1.8956213662790697	0.00022477727020365937	0.13512056975983763	True	True						False	False	False	SEMA7A
340	ENSG00000205352	1	hippocampus	M012	0.00022477727020365937	1.8956213662790697	1.8956213662790697	2	0	0	2	discordant	0.0022181696711526754	0.5008321211427572	hippocampus	M012		1.8575226430126237	1.2295924589568776	2.8061251873907347	1.8956213662790697	0.00022477727020365937	0.13512056975983763	True	True						False	False	False	PRR13
341	ENSG00000104529	1	hippocampus	M012	0.00022477727020365937	1.8956213662790697	1.8956213662790697	2	0	0	2	discordant	0.0022181696711526754	0.29442698177097587	hippocampus	M012		1.8575226430126237	1.2295924589568776	2.8061251873907347	1.8956213662790697	0.00022477727020365937	0.13512056975983763	True	True						False	False	False	EEF1D
342	ENSG00000213339	1	hippocampus	M012	0.00022477727020365937	1.8956213662790697	1.8956213662790697	2	0	0	0	abundance_only	0.0022181696711526754	0.15135218215087468	hippocampus	M012		1.8575226430126237	1.2295924589568776	2.8061251873907347	1.8956213662790697	0.00022477727020365937	0.13512056975983763	True	True						False	False	False	QTRT1
343	ENSG00000174891	1	hippocampus	M012	0.00022477727020365937	1.8956213662790697	1.8956213662790697	2	0	0	0	abundance_only	0.0022181696711526754	0.09568632008443884	hippocampus	M012		1.8575226430126237	1.2295924589568776	2.8061251873907347	1.8956213662790697	0.00022477727020365937	0.13512056975983763	True	True						False	False	False	RSRC1
344	ENSG00000159352	1	cerebellar_hemisphere	M022	0.016262108334627295	3.1389961389961387	3.1389961389961387	0	0	0	1	discordant	0.19572852165679738	0.8038976166415862	cerebellar_hemisphere	M022		1.679270315611514	0.7949272670959687	3.547429946887898	3.1389961389961387	0.016262108334627295	0.6456819218286052	True	False						False	False	False	PSMD4
345	ENSG00000102030	1	cerebellar_hemisphere	M022	0.016262108334627295	3.1389961389961387	3.1389961389961387	0	0	0	1	discordant	0.19572852165679738	0.6885067600573708	cerebellar_hemisphere	M022		1.679270315611514	0.7949272670959687	3.547429946887898	3.1389961389961387	0.016262108334627295	0.6456819218286052	True	False						False	False	False	NAA10
346	ENSG00000130707	1	cerebellar_hemisphere	M022	0.016262108334627295	3.1389961389961387	3.1389961389961387	0	0	0	1	discordant	0.19572852165679738	0.6271390248380267	cerebellar_hemisphere	M022		1.679270315611514	0.7949272670959687	3.547429946887898	3.1389961389961387	0.016262108334627295	0.6456819218286052	True	False						False	False	False	ASS1
347	ENSG00000197785	1	cerebellar_hemisphere	M022	0.016262108334627295	3.1389961389961387	3.1389961389961387	0	0	0	1	discordant	0.19572852165679738	0.5659521462165211	cerebellar_hemisphere	M022		1.679270315611514	0.7949272670959687	3.547429946887898	3.1389961389961387	0.016262108334627295	0.6456819218286052	True	False						False	False	False	ATAD3A
348	ENSG00000105223	1	cerebellar_hemisphere	M022	0.016262108334627295	3.1389961389961387	3.1389961389961387	0	0	0	1	discordant	0.19572852165679738	0.5102932111297743	cerebellar_hemisphere	M022		1.679270315611514	0.7949272670959687	3.547429946887898	3.1389961389961387	0.016262108334627295	0.6456819218286052	True	False						False	False	False	PLD3
349	ENSG00000105251	1	cerebellar_hemisphere	M022	0.016262108334627295	3.1389961389961387	3.1389961389961387	0	0	0	1	discordant	0.19572852165679738	0.5097625812599043	cerebellar_hemisphere	M022		1.679270315611514	0.7949272670959687	3.547429946887898	3.1389961389961387	0.016262108334627295	0.6456819218286052	True	False						False	False	False	SHD
350	ENSG00000250571	1	cerebellar_hemisphere	M022	0.016262108334627295	3.1389961389961387	3.1389961389961387	0	0	0	1	switch_only	0.19572852165679738	0.4849528026570225	cerebellar_hemisphere	M022		1.679270315611514	0.7949272670959687	3.547429946887898	3.1389961389961387	0.016262108334627295	0.6456819218286052	True	False						False	False	False	GLI4
351	ENSG00000258986	1	cerebellar_hemisphere	M022	0.016262108334627295	3.1389961389961387	3.1389961389961387	0	0	0	1	discordant	0.19572852165679738	0.2394466343800447	cerebellar_hemisphere	M022		1.679270315611514	0.7949272670959687	3.547429946887898	3.1389961389961387	0.016262108334627295	0.6456819218286052	True	False						False	False	False	TMEM179
352	ENSG00000184702	1	cerebellar_hemisphere	M013	0.009115121146548884	2.589671814671815	2.589671814671815	1	0	0	1	discordant	0.7321317529230074	0.7034292917582281	cerebellar_hemisphere	M013	vitamin B6 metabolic process	0.7786607171452576	0.41392895321085077	1.4647743476797048	2.589671814671815	0.009115121146548884	0.8291685809952721	False	False						False	False	False	SEPTIN5
353	ENSG00000107262	1	cerebellar_hemisphere	M013	0.009115121146548884	2.589671814671815	2.589671814671815	1	0	0	1	coupled	0.7321317529230074	0.655361759108225	cerebellar_hemisphere	M013	vitamin B6 metabolic process	0.7786607171452576	0.41392895321085077	1.4647743476797048	2.589671814671815	0.009115121146548884	0.8291685809952721	False	False						False	False	False	BAG1
354	ENSG00000184887	1	cerebellar_hemisphere	M013	0.009115121146548884	2.589671814671815	2.589671814671815	1	0	0	1	discordant	0.7321317529230074	0.6190735538876048	cerebellar_hemisphere	M013	vitamin B6 metabolic process	0.7786607171452576	0.41392895321085077	1.4647743476797048	2.589671814671815	0.009115121146548884	0.8291685809952721	False	False						False	False	False	BTBD6
355	ENSG00000161714	1	cerebellar_hemisphere	M013	0.009115121146548884	2.589671814671815	2.589671814671815	1	0	0	1	discordant	0.7321317529230074	0.5972913330761097	cerebellar_hemisphere	M013	vitamin B6 metabolic process	0.7786607171452576	0.41392895321085077	1.4647743476797048	2.589671814671815	0.009115121146548884	0.8291685809952721	False	False						False	False	False	PLCD3
356	ENSG00000063015	1	cerebellar_hemisphere	M013	0.009115121146548884	2.589671814671815	2.589671814671815	1	0	0	1	coupled	0.7321317529230074	0.5779495267085247	cerebellar_hemisphere	M013	vitamin B6 metabolic process	0.7786607171452576	0.41392895321085077	1.4647743476797048	2.589671814671815	0.009115121146548884	0.8291685809952721	False	False						False	False	False	SEZ6
357	ENSG00000160094	1	cerebellar_hemisphere	M013	0.009115121146548884	2.589671814671815	2.589671814671815	1	0	0	1	discordant	0.7321317529230074	0.558209307970963	cerebellar_hemisphere	M013	vitamin B6 metabolic process	0.7786607171452576	0.41392895321085077	1.4647743476797048	2.589671814671815	0.009115121146548884	0.8291685809952721	False	False						False	False	False	ZNF362
358	ENSG00000101439	1	cerebellar_hemisphere	M013	0.009115121146548884	2.589671814671815	2.589671814671815	1	0	0	1	switch_only	0.7321317529230074	0.5469895384139812	cerebellar_hemisphere	M013	vitamin B6 metabolic process	0.7786607171452576	0.41392895321085077	1.4647743476797048	2.589671814671815	0.009115121146548884	0.8291685809952721	False	False						False	False	False	CST3
359	ENSG00000160957	1	cerebellar_hemisphere	M013	0.009115121146548884	2.589671814671815	2.589671814671815	1	0	0	1	coupled	0.7321317529230074	0.5165062944368819	cerebellar_hemisphere	M013	vitamin B6 metabolic process	0.7786607171452576	0.41392895321085077	1.4647743476797048	2.589671814671815	0.009115121146548884	0.8291685809952721	False	False						False	False	False	RECQL4
360	ENSG00000108106	1	cerebellar_hemisphere	M013	0.009115121146548884	2.589671814671815	2.589671814671815	1	0	0	1	coupled	0.7321317529230074	0.4538081258637702	cerebellar_hemisphere	M013	vitamin B6 metabolic process	0.7786607171452576	0.41392895321085077	1.4647743476797048	2.589671814671815	0.009115121146548884	0.8291685809952721	False	False						False	False	False	UBE2S
361	ENSG00000179111	1	cerebellar_hemisphere	M013	0.009115121146548884	2.589671814671815	2.589671814671815	1	0	0	1	switch_only	0.7321317529230074	0.44850526097913973	cerebellar_hemisphere	M013	vitamin B6 metabolic process	0.7786607171452576	0.41392895321085077	1.4647743476797048	2.589671814671815	0.009115121146548884	0.8291685809952721	False	False						False	False	False	HES7
362	ENSG00000147471	1	cerebellar_hemisphere	M013	0.009115121146548884	2.589671814671815	2.589671814671815	1	0	0	1	coupled	0.7321317529230074	0.44088605854204327	cerebellar_hemisphere	M013	vitamin B6 metabolic process	0.7786607171452576	0.41392895321085077	1.4647743476797048	2.589671814671815	0.009115121146548884	0.8291685809952721	False	False						False	False	False	PLPBP
363	ENSG00000169972	1	cerebellar_hemisphere	M013	0.009115121146548884	2.589671814671815	2.589671814671815	1	0	0	1	coupled	0.7321317529230074	0.42813080265247605	cerebellar_hemisphere	M013	vitamin B6 metabolic process	0.7786607171452576	0.41392895321085077	1.4647743476797048	2.589671814671815	0.009115121146548884	0.8291685809952721	False	False						False	False	False	PUSL1
364	ENSG00000127415	1	cerebellar_hemisphere	M013	0.009115121146548884	2.589671814671815	2.589671814671815	1	0	0	1	discordant	0.7321317529230074	0.3969297260489831	cerebellar_hemisphere	M013	vitamin B6 metabolic process	0.7786607171452576	0.41392895321085077	1.4647743476797048	2.589671814671815	0.009115121146548884	0.8291685809952721	False	False						False	False	False	IDUA
365	ENSG00000160999	1	cerebellar_hemisphere	M013	0.009115121146548884	2.589671814671815	2.589671814671815	1	0	0	1	coupled	0.7321317529230074	0.34745363663802614	cerebellar_hemisphere	M013	vitamin B6 metabolic process	0.7786607171452576	0.41392895321085077	1.4647743476797048	2.589671814671815	0.009115121146548884	0.8291685809952721	False	False						False	False	False	SH2B2
366	ENSG00000133250	1	cerebellar_hemisphere	M013	0.009115121146548884	2.589671814671815	2.589671814671815	1	0	0	1	coupled	0.7321317529230074	0.33593507035436543	cerebellar_hemisphere	M013	vitamin B6 metabolic process	0.7786607171452576	0.41392895321085077	1.4647743476797048	2.589671814671815	0.009115121146548884	0.8291685809952721	False	False						False	False	False	ZNF414
367	ENSG00000166337	1	cerebellar_hemisphere	M013	0.009115121146548884	2.589671814671815	2.589671814671815	1	0	0	1	discordant	0.7321317529230074	0.2810345933458482	cerebellar_hemisphere	M013	vitamin B6 metabolic process	0.7786607171452576	0.41392895321085077	1.4647743476797048	2.589671814671815	0.009115121146548884	0.8291685809952721	False	False						False	False	False	TAF10
368	ENSG00000103260	1	cerebellar_hemisphere	M013	0.009115121146548884	2.589671814671815	2.589671814671815	1	0	0	1	coupled	0.7321317529230074	0.24413801382106926	cerebellar_hemisphere	M013	vitamin B6 metabolic process	0.7786607171452576	0.41392895321085077	1.4647743476797048	2.589671814671815	0.009115121146548884	0.8291685809952721	False	False						False	False	False	METRN
