	SNP_PC1	SNP_PC2	SNP_PC3	SNP_PC4	SNP_PC5	RIN	mito_rate	mapping_rate	Sex_M	Dx_MDD	Dx_SCZD	HF1	HF2	HF3	HF4	HF5	HF6	HF7	HF8	HF9	HF10	HF11	HF12	HF13	HF14	HF15	HF16	HF17	HF18	HF19	HF20	HF21	HF22	HF23	HF24	HF25	HF26	HF27	HF28	HF29	HF30
Br2063	-0.012571	-0.00321073	0.000305146	-0.0032358	-0.00109994	5.9	0.1883118021871558	0.959978	1.0	0.0	0.0	-1.540109899043237	0.032290785158991406	-0.43993866847896673	0.3899938057399471	-0.6040810475945391	0.3389863229820081	-1.2217101122995693	0.2860424885573935	-1.3758313005890674	1.1247943080894154	-0.7343977483077582	1.260611432305226	-1.947520468754335	-1.0382004345235158	0.4902299719546701	-0.6252651390855998	0.6525257559648746	-1.1968110999797903	0.1636258423853589	-0.2705479461016553	1.2736826161124843	-0.20987766388992035	1.1615497712101226	-0.5540554814880069	0.09592981783513245	0.150991274734232	-0.0980335083832721	0.15928564433586	0.4527576044758481	-1.4287838805827067
Br2582	-0.0128786	-0.00395255	-0.00533234	0.00244535	0.000127297	9.2	0.3067585891819666	0.96253	1.0	0.0	0.0	-1.4844488995784422	-0.4346510532481667	-0.4156097042571519	0.7747122795058505	0.6946399443943159	-1.6277700404633242	-0.15307418690416585	0.39029246794224476	1.4034174059344646	1.361916882255783	-0.758602842485938	0.6025074026208588	0.8828304935727406	-1.5857585000390662	0.1746334615451767	-0.7620886311909881	2.3481279114606193	0.3320549622526835	-0.8818619364585158	-0.7739966445074449	-0.09694397174247443	-0.2725003936323727	-1.0159131466956601	0.3823941201086821	-0.5098455491712867	0.2722571550748375	-1.2109122955654747	-0.3646682141773948	1.0450217753175406	-1.7588691997673103
Br2378	-0.00890573	0.0393911	-0.00337573	0.0969052	-0.00415454	7.4	0.1898680888501824	0.958259	1.0	0.0	1.0	0.011047885116917917	0.8728916955638983	0.1880796481810039	-0.10257304652093033	0.3778388945265542	0.7700113041941643	0.016242127567362083	0.8798922962998624	-0.8277916032299811	-0.5369842052519207	0.03500361292075735	0.572772059779438	-0.5294527902909384	-1.1982431041302872	0.12471580904767599	-0.8720471432500413	0.2558297480257053	0.6890401254695304	1.5130420188957812	0.6499129966021708	-0.6505622854083414	0.17830265930119335	-0.598700532347937	-0.056786346198346806	0.5620486356717601	0.49648223636122635	-0.2371182157626452	-1.0071082530564057	-0.3591375263669488	-0.8614349173619389
Br5066	-0.0122932	-0.0028396	0.00187667	-0.00212561	-0.000469391	8.6	0.2062106346545885	0.964368	1.0	0.0	0.0	-0.03461226066830715	0.7027649234563927	0.07010901746507177	-0.5885522735301347	-0.3475965251265699	-0.83431569402358	0.6792433444624864	2.4757060708634606	-1.582938210835064	-0.6138506348898524	-0.4307587987673741	0.9043339203165944	-1.9480238457655026	0.08455013681846209	-0.8629933878848662	-0.5279515544867488	0.12884480447558086	1.142178176811406	0.7411184930779485	-0.7412302585967896	0.02690972870354926	-0.1775589306091864	1.502383183640283	1.1356828997807078	-0.7458220735287037	-1.9510968818396108	0.46845151556398573	-0.26304785527634533	2.654789317621904	0.1378805068787244
Br5154	-0.0124429	-0.00416315	0.0142521	-0.0120618	-0.00767723	6.4	0.2099305827543564	0.960641	1.0	0.0	0.0	-0.0970748838451469	2.9203576076919715	-0.505468893514994	-0.6508666796032517	-1.6229439126305605	2.4382553603145527	0.6595163993493182	1.2180969987192758	0.7597280947600683	-0.00868098694894141	0.3014812310431897	1.0122222151489269	-0.5819877123164587	-0.35002165347141384	-0.5491298693072594	-0.6869036604509012	0.8110229319964677	0.7570571075900001	0.808599196847865	0.03965012859761673	-1.7209366962976713	1.056323266745074	0.31453304665870196	-1.0689102785969953	-0.5520230362762696	0.6203758742314145	-1.498128287175034	-1.846037869868345	1.0898191203075929	-1.5433780381741071
Br5155	0.0421595	-0.00481342	-0.00200128	-0.00275117	-0.00975895	6.6	0.1594256553590694	0.961898	0.0	0.0	0.0	0.8682439501435851	0.5537202648246161	0.20076661041615534	0.9531607243674548	0.14453632649864956	0.41218397784424354	-0.3552419306982435	-0.19469245638581986	0.7665176694701936	1.3144932459447587	-0.1163827893473807	1.2287353833456707	-0.8291600428640234	-1.4901429250919678	0.10964135759349189	0.017368505109688223	0.559601278966925	-0.9124638849590406	0.2683959076593156	0.2319059102291404	-0.7630059751935602	-0.10105173735511422	-1.5477965633033333	-0.096222066500776	-0.06947608707729896	-0.2775627973585732	0.09130275543208066	1.4053278227753896	1.1339989373630937	-1.8785206978019124
Br5182	-0.0131355	-0.00506145	-0.00368318	-0.00328591	-0.000157854	8.2	0.2100465558075655	0.960623	1.0	0.0	0.0	0.7563347686484188	0.6396048846661329	-0.9995041581982707	0.9860342715020596	0.6006664079443133	-0.3711005291316514	-0.5448776873450584	-0.44946560255047413	-1.2084765389177787	0.09843739585349076	-0.18914536516487207	-0.21962431933710128	-0.32993805745024046	-1.4688150485101497	0.20007063898842384	-1.2919642604414447	0.05872237972991384	0.07324732730617142	0.1839581240078174	0.2458283899825755	-0.48843253880100235	0.2859977055463257	-0.2669108386838577	-0.19954242250328655	-0.10039717246641303	0.6932062988756641	-1.7724986896489892	-0.2651599957013587	-0.06829745230738757	-1.2611111261303523
Br5205	-0.0100521	-0.00349591	0.0131658	-0.0054959	-0.00843258	9.0	0.1658559576795616	0.961639	1.0	0.0	0.0	-1.7278848209218016	0.6722124462828881	0.1459554895498648	0.8310354908437247	0.4731718365793044	0.15067044078145228	0.13227133868413135	0.658484006520077	2.1354364914182677	0.2214884307994317	0.9629471570860788	-0.5465237443311963	-1.513671122125049	-1.8615553167886132	1.3955100415440034	0.44110269820704634	-0.16581013980512962	0.3365792835863982	-0.457685687256057	-0.9841193590740616	1.4353484183888867	-0.32132299593766955	0.23439466021985234	0.3293565985746727	-1.4966750933537702	0.12553173729211572	-0.1951281809884305	0.590949033199756	-0.15124763313431955	-1.4706463778800354
Br5228	-0.0123685	-0.00511712	-0.00105022	-0.00071676	-0.000671742	8.2	0.1914053489196333	0.965821	0.0	0.0	0.0	-0.26283224193721116	0.7021136549595408	0.4462355035310045	-0.37485245180675736	0.8020806201532381	-0.2297807964693041	-0.08997939273631844	0.043571857914084564	0.5415427302776307	-0.6655362446679634	0.44965533892018344	-0.43396737001773383	-0.5720173322124006	-0.6850398908356901	-0.004987051896260027	-1.5572562432462291	0.3906477739554516	-0.12393568176152155	-0.1583094518617547	1.162399072885609	0.24522459159261764	0.3965782231495353	-1.305288898160084	-0.27124836939495495	-0.7158970466338654	0.27237413067917227	-0.8977592387070688	-0.017710979401629703	0.5337110155582204	-1.1530194301455459
Br5250	-0.012401	-0.00361989	0.00235847	-0.00202341	0.00255235	7.3	0.1708923001607759	0.961718	1.0	0.0	0.0	-1.3547780400315605	0.4281714778891391	0.32812555968446394	1.202180233855264	-0.6120005178899105	-1.727002277161712	0.5384796804345046	-0.5438896476770644	-0.6106205226783263	-0.31476071076948503	-0.2814723619035216	0.201805363028063	1.631382215937649	-1.698327791458522	0.3932593802786786	-1.1286524115004397	0.8746588747083732	-0.5063353768595881	-0.40433669204880035	0.906184129976324	0.09657957735901752	-1.0454021690684843	-1.5371343933476014	0.7216615693417742	-0.6817099852292542	2.6019949611949005	-0.3873388018550052	-0.7320117714319326	1.1242927358201062	-0.5034669371282335
Br5262	-0.0128446	-0.00470309	-0.00146039	-0.000228065	0.000746362	8.1	0.1557475651089721	0.966261	1.0	0.0	0.0	-1.6348211488751585	-0.027647229139395026	-0.8421704185572395	2.0041921588988805	-1.086330004070237	-0.9922528825647295	-0.656171921991552	-0.46829215531186646	1.9629756432985646	-0.9876053244694263	-1.351666792450601	-0.27917797912641656	-0.18845146480622066	-0.63745510174386	-0.07576041979997203	-1.499048523651723	-0.6540421845596094	-0.1102864496738191	0.17022851456899796	-0.7076784903785555	0.46757752686499193	-0.7592488400637679	-0.4364869313185867	0.18501099485689185	-1.0898242780347567	0.08874777824515225	-1.3198787251307715	0.5742556943783119	1.2229600530644265	-1.167488880844198
Br2464	-0.0130816	-0.00431226	-0.00551281	-0.00207062	0.0030373	7.1	0.1272078192015305	0.973881	1.0	0.0	1.0	1.9926302606661013	0.08908055627830348	0.7474840714191782	-0.7121955617091701	-1.9570473997627167	-1.8504745250282244	-0.36315388993077424	0.6072817428214823	0.3051448091335401	-0.06926305959629657	-1.897607408580795	1.1073090486979429	-0.1087500800617696	-1.0734598895690397	2.2605616871261067	0.4314109719551616	-0.7783203253184823	-0.07021180930248187	1.128088841077462	-0.004573686257044382	0.028979222693642247	-1.47360457658233	-0.44496247247135806	-0.5284290564237981	-0.42680967204830905	-0.5828842933930071	-0.09195459182266931	-1.0510305988331201	1.393287228413704	-0.3094854569303579
Br2470	-0.0129292	-0.00307781	-0.00527069	-0.00292256	-9.39669e-05	7.2	0.2501239027407668	0.972266	0.0	0.0	1.0	-1.061449385116559	0.7704045713914046	2.034788024315683	-0.5853633313997203	0.7185550018421852	-0.8431872679183535	-0.07473748160483258	1.4944891933653224	-0.09106254383663102	-1.1044473366666234	0.5914451077234211	0.7613103337842051	-0.016238211373117158	-0.04290907038311506	1.9096597729225362	-0.14284825003644888	1.73755507460167	0.463162792383537	1.261609139521457	1.0549424687318543	0.027712337199650487	0.9303330528677011	-0.5184794318252776	-0.8319877084003435	0.5495318810915997	1.5194589252463744	-0.33622094586271173	-2.1232528600587592	1.2268265626116808	1.4865859352268158
Br2481	0.0405215	-0.00325666	-0.000679315	-0.00196344	-0.00737491	6.4	0.1771934308283758	0.977187	1.0	0.0	1.0	0.8326157188687049	-0.7233289165235433	-0.968870449852941	-0.3527662384678285	1.2785026765186172	-0.7092595719761782	3.2067050276868265	-2.1190627766073407	-0.6912775202564455	0.37487545690520696	-1.0274996295837997	1.1110107880475026	-1.6634116505005334	2.364626656813326	1.1128510911193903	-2.8409890134290245	1.65732538743375	1.2416500188910706	0.6461613815089425	-3.275954932431851	1.6314548979096577	-2.5044743494195068	-4.467267840300651	4.111561287807491	-1.1438097394065736	0.36938210588888787	-2.763950494741584	-1.4932451640983988	-1.0921725999631304	2.3632025047157716
Br2393	0.0375156	-0.00503799	0.000905944	-0.00416779	-0.004771	8.3	0.1481376395779543	0.974925	0.0	0.0	1.0	0.2873919744422873	0.4328517386147845	-0.3365767262695268	0.7561928425791039	0.5552029840394613	0.9425520513928041	-0.6507536431480111	0.4418360800256624	-1.938433403388776	1.3887201563917237	-0.7098994285501641	0.12471704104343018	0.14786030356864016	-1.9220416931552382	0.6542147835648962	0.2562577430492087	0.16430468839527704	0.8202183308932761	0.6977508524732922	0.09311521346867592	0.06973739484603919	-0.3073425629071162	-1.4950751718850566	-0.6328806575136301	-0.5079365694752627	1.3804481497701744	-0.7441045515875053	-0.6251343410688969	-0.9688663640290354	-0.874910581947072
Br2494	0.0365569	-0.00221949	0.000862503	-0.00222252	-0.00192328	6.8	0.204434224800181	0.973562	1.0	0.0	1.0	0.8647539965913368	0.2776876608233431	0.12774615070338147	-2.297546042261277	-0.9241530421033909	-0.31619484568876705	-0.5633841059199785	1.6256981577926757	0.31201396578846724	-0.8121663133379469	-1.4470878239367695	-0.7315704783414129	0.07692368271214395	0.42263294397962986	0.95704426739489	-0.9644003249208136	-0.8544224872149317	2.4572853569870374	-1.9109989317786409	0.14553807796999788	2.821682802037249	-0.11005239842870697	-1.314380104354721	-0.293026499662155	-0.12950262841303362	-1.9751110499587319	-1.1119299053840364	1.4092473154069927	1.6264198093925115	-1.5431234921984245
Br2509	0.0328723	-0.00323157	-0.00160433	0.00177304	0.000283334	7.8	0.1748338884992967	0.976741	1.0	0.0	1.0	0.3347279773589562	-0.7163844371203795	-0.7311296899608354	0.8639759377879269	-0.05441555788489781	0.5322025595001016	3.0891677385494924	0.2530347749008091	0.723637780892339	-0.9434852522257458	-0.8691014315047912	-0.963105595707071	2.727181973472092	-1.8264486513356504	-0.15490643892602304	-1.480661924944021	-0.9454590886938649	0.7413998713021113	-0.19331021288331832	0.8649746678149886	1.0601462023221198	0.13928666225519748	1.7784299466153661	1.9020692857091916	0.672344363026989	0.16671581748323003	1.0542165610492982	-1.6667534099458123	0.9097651289224037	-2.6845418865304564
Br5324	-0.0127458	-0.00496229	-0.00203518	0.000302493	-0.000361715	8.0	0.2183444728068738	0.973394	1.0	0.0	0.0	0.6975102906729718	0.3087689715175364	-0.6809150835650949	0.09275991566998194	0.24175425353890057	1.2371118637717111	-0.2462302215759003	-0.2116016515613922	-0.9655581825696006	0.3714308708933538	-0.06763955882045625	-0.2246010205680344	0.13490167110944046	-0.8738810645367071	0.41881749301405363	-1.6446029504504154	-0.2883390546642239	0.26250179504312005	-0.16237347480089548	0.5971361194113237	-1.7398566858210793	-0.14484592777661173	-0.6269004983892489	-1.1328875284001754	0.9848601431528822	-0.05063406345212965	-0.6084582361790589	-1.7498755795438046	-0.1458335168702199	-0.30926492710940984
Br5200	-0.0119368	-0.00453955	-0.0034422	0.000186568	0.00295797	9.1	0.1877471709969271	0.973703	1.0	0.0	0.0	-0.7614577147792295	1.1853151995609543	-0.5544601901812569	0.3769776544495579	0.3037744103145095	0.8246422712035593	0.3660772478639499	0.5938958830612521	0.9828048897821985	-0.3759241055875564	0.7708189959594239	-0.8273274649391235	-2.073950155522056	-0.6020833058632017	-0.208514207136799	-0.7602842465553289	0.4981114487229433	0.7529962333252992	-0.265956004444833	2.438536149187981	-0.4013588273459256	0.27425556376539106	-0.9961494569105639	0.07232132196044577	-1.9783317230754156	-0.7969031271762218	-2.1432306425206855	-0.6707089119843136	-1.1427823875318794	-0.558669987907513
Br5292	-0.0129566	-0.00486817	-0.00052273	-0.00628136	0.00205462	9.5	0.1889005178105387	0.973806	1.0	0.0	0.0	0.006578458661568108	0.8514207538669722	0.003352929808944666	0.7762739553014615	-0.07058335565167932	-1.059972877144434	0.3885638238784383	1.4514021253824418	-1.3719129605799012	0.08773301857504578	0.5290990883202984	0.17771769337564433	-2.2557842509244885	-0.9536194292189886	-2.0742285329010803	-1.2019583654244856	0.1231330968957273	-0.609500678111717	0.9500151046600058	-0.4326120233044746	-1.0563480126006295	-0.4254554512032724	0.6568384000143463	-1.0130583724624784	-1.0729208450400554	-0.891611427923275	2.274790388096418	-2.7497019949847648	-1.1801850376796685	0.8033430076719577
Br5367	-0.0124562	-0.0040505	0.00178044	0.00205489	-0.000670872	6.6	0.1873608264066747	0.974452	0.0	0.0	0.0	0.9010575158558962	-0.051144291993566036	-0.015162258732202847	1.8638501525248503	0.14443249664082938	-0.2575260147165373	-0.8298844220752059	0.0220931381371541	0.9042686417058613	0.6014841796900826	-0.5050019247795244	0.6062936893027268	-0.14623633589911075	-0.3430724649720936	-0.36453242064735997	-0.5224918234657427	-1.5250124351066288	-0.8617730850662509	-0.41330076173520425	-0.25598056213194625	0.9019296056485423	0.5007370175324731	0.43159782587477397	-0.7749361318243422	-0.006169133662367269	0.27568398286378204	0.12704535031138375	-1.5200072400560496	0.6869159012399861	0.5372940808313865
Br1351	-0.012317	-0.00386084	0.00166108	-0.00481321	-0.00227865	8.0	0.164991216161515	0.979129	1.0	0.0	0.0	0.20024206888627225	0.2874215775316303	-0.589380747735446	0.7633203083566429	0.3761802144978475	1.6938811039736772	-0.3448657485208365	-0.5704531891055709	-1.310794741370586	1.1142795992919505	-0.6284208148034904	-0.34176459564908257	0.04765752184992045	-2.252544482144946	1.1323802808279506	1.1160550540075977	0.7170601664193147	0.40792089209467824	0.5802225770459322	0.37366686613696587	-0.054866661221974346	1.3365085028945551	-0.5444193706921544	-0.32269224813900904	-0.49754379983848945	-0.40306325828816514	-0.6204127752999115	1.1953748798066794	-1.8754628532844004	-0.9683039041702811
Br1525	0.0340255	-0.00283513	-0.000206818	-0.00238567	-0.0113159	8.4	0.1851157919916132	0.977666	0.0	0.0	0.0	0.37094146884989254	-0.19702034296181173	-0.48447819653136437	-0.560354015186946	-0.843533401632981	2.0341121805867908	0.3396955112859715	0.1725030590832442	1.2131662644233514	-0.6521883990660408	0.2783247850538607	-0.009820230931551203	-1.3916010453030654	-0.7153656112317404	-0.4146720086234896	-1.116022429327277	0.9987331433701625	-0.1387360735335818	-0.3173930845360054	1.8330357886593847	-0.26175644205869175	-0.11653105411502027	-0.06488594142138793	-0.5579435830680676	-0.3155569164509953	-0.9421162730677345	-0.8050869321984887	-0.7741874353227605	0.23014693483489265	-0.352316237716834
Br1750	-0.0128262	-0.00611556	-0.00924176	-0.00373873	0.0042707	7.8	0.186834404901543	0.96763	1.0	0.0	0.0	0.03218807886841702	0.7552891079696906	-0.25967872098308936	0.24137308688332185	-0.9623912493357274	0.9739351468109024	-0.04624303096152026	0.537913592467123	0.10626399746784165	0.45010000379709464	0.12339269809468567	0.07378312510714793	-0.887836739584593	-0.7839139149716777	-0.45639739734921375	-1.1131027503009165	0.4899449001448873	-0.09357004261106126	-0.08037769861103468	0.15642359941547887	-0.06482166983277104	0.382837256987577	-0.32889199372529027	-0.7937888660896774	-1.3882176949033418	-0.48506471981277494	-0.28068113836649916	-0.5177270638316255	-0.3648745396067446	-0.5164481179060506
Br2476	-0.0128215	-0.00321778	-0.00123421	-0.00328841	0.00236343	7.2	0.1871683820414822	0.977441	1.0	0.0	0.0	0.9617473282869142	-0.38585535011563404	-0.5914966288538941	0.8060450549587842	-0.3617929217844758	0.9888039005111122	0.5207052103680825	1.4214146268276617	0.9657191782397316	0.1916955725114589	-0.470237452600947	-0.006805055589737671	0.8334778550489467	-0.874709932254542	0.9673121227901114	-0.7123854973102014	0.2382430511281524	0.6264682291090874	0.49016302266725753	-1.159179751299326	0.15573184544134783	0.1705821666542325	0.050151558076721885	-1.3499212808057812	0.19889034786426465	-0.20810825376246259	-0.41999267588225964	0.5892437143361463	0.7092146386075701	-0.24777835273297194
Br2534	-0.0126586	-0.00552294	-0.00373589	0.00208752	-0.00202468	6.9	0.1953540858427308	0.97612	1.0	0.0	0.0	0.9447270259275767	-0.3373517595540316	-0.5573221972484774	0.3790717606200319	-0.645281715752393	1.5675231674996735	-0.4753287327964129	-0.041705876315147467	2.2451254835694647	0.17481554320339174	-0.01596602593699377	-0.7103576993290518	-1.628106115427787	-0.4842927541157999	-0.9037202489505551	-1.801041713351352	-1.3627180465642041	1.3749168958702789	-0.6358714034458892	3.003532512536253	1.2003863640651902	-1.1468153479513863	-0.16843396831470184	-0.3206145320395192	-1.1489454429185324	-0.9906863614820396	-0.7570415207028874	-0.06704158265189959	-0.2927032779034225	0.8330603089884586
Br2353	-0.012705	-0.00562794	0.00098456	-0.00117249	-0.00185837	7.3	0.1478197000475786	0.975456	1.0	0.0	1.0	1.695206470241299	0.46639795734474343	1.041737719042228	-1.2989318791580793	-1.709689047037684	-1.5070666619875026	-1.0574582527327723	-0.10433366406456206	1.3042217818153434	0.37589178503687387	-1.4917669029981906	0.49291177568536265	-0.2501995471815011	-1.8405070766157017	2.319273096485468	0.43660564226779297	0.6209484294459593	-0.3002686252314756	1.6331559308371524	1.2308528864337742	-0.957987886220305	-0.46176392886464096	0.14260754308195092	0.002434602257960155	-0.6242721387558234	-0.011769472121501786	-0.2267107998804208	-0.7476782360233236	-0.9235739118889552	-0.9377763896511907
Br2587	0.0359931	-0.0048574	-0.000303802	-0.00139156	-0.00426619	6.3	0.1817344192639174	0.975952	1.0	0.0	0.0	1.4221006233718438	-0.29068871557426185	-0.19694721963438794	1.0089810837859767	0.17134427844508615	0.4318688174270499	0.029640181751458994	0.8567425760203421	1.003256110293455	-0.23729601145038282	-0.5715199798548258	0.3361685416047334	1.0289162501887599	-0.8927834287099312	0.26601002072807195	-0.5874109241460927	-0.45202559640015144	0.6058485667378702	0.9073684980918519	-2.1175442185727014	0.8473176181302607	0.2824508006176922	0.35401166259964445	-0.8971681471437937	-0.10228397016828897	0.362206327922329	-0.7066754242779809	0.4183444067538725	-0.05706012771805752	-0.26193894241174176
Br5146	0.0388958	-0.00196193	-0.00197624	-0.00290488	-0.00542792	8.5	0.2316176059705974	0.96211	0.0	0.0	0.0	0.1631737342913449	0.9610024344385077	-0.13286627516591323	-1.1610322228394818	-0.7599826689738429	0.5112287220812706	0.31958611541509274	0.5646976472834152	0.203673655314353	-0.2212450134443238	1.4966535614055818	0.47827694168244195	0.6180819046873861	-0.1242143250157646	-0.09540381513168515	-2.0690449093066356	1.233060519889402	-0.49581857988105477	-0.9317112109358531	-0.1671735952742464	0.18047129665520972	0.9571361999801259	-0.6914119642181265	-0.5415681052908834	-1.036711726886263	-1.1772747355008168	-1.5168484812088308	-0.48961428396693757	1.0178961453416535	-0.8899729187863727
Br5161	-0.0128899	-0.00634037	-0.0024869	-0.002311	-0.000792831	8.8	0.1574240311539295	0.960987	1.0	0.0	0.0	-0.31904149336482635	0.9599215226173745	0.341364896477798	0.8785754521492117	-0.5269887541631931	-1.0091018227084658	0.5848500966893329	1.9550617702257942	-1.3800265115472723	0.49429115470259577	-0.5790331289747547	0.4020766544197378	-2.3412409641264365	-1.3776247126813694	-1.5174661884059324	-0.7835471242726807	-0.8572251030873366	-0.4071403399950825	-0.10555548226625312	-0.6684849367979625	0.14297352114325265	-0.35841778703218496	0.5350122663015324	-0.0010485839012017802	-1.965135956352988	-1.2109475489608559	0.357363913535899	0.08427276735184079	0.43382035339434055	0.3522864149870003
Br5165	-0.0117129	-0.0033684	-0.00690681	-0.000812129	-0.00188007	6.6	0.2146469351708168	0.960131	1.0	0.0	0.0	-0.1429955316156193	0.899200710647549	0.4023520228944146	-1.2797923457313038	0.28567562103222505	0.6642818172438812	0.04946747669467248	-0.2447343874016427	0.7302519627259365	-0.7307753970236752	0.5549072322322077	-0.18597290294734237	1.1925337184575422	-1.0091509950528712	-1.0105501967223092	-1.8240128690565987	0.6430527648840382	0.8979676929236783	0.5237040525081185	-0.1855368583164254	2.4558422492827323	1.225943698033113	-0.8481032696456986	-0.31451746395074426	-1.5751149990339404	0.5987942692567833	0.5097056152023369	1.4370146241811068	-0.8660699165716511	-1.6346406457559604
Br5286	0.0461496	-0.00611578	-0.000362237	-0.00300164	-0.00345776	6.8	0.1781483956512796	0.9746	0.0	0.0	0.0	0.7721739609281256	-0.7143570350193691	-0.27952271508095206	0.003956095934351186	-0.7987115361643154	0.9798649221665404	0.2209395250112524	0.2579214919564629	-0.11220074380756168	0.7369896312445088	0.6793372920446422	0.4100392760349838	0.302722812093254	-1.4913679129636515	-0.8613767346753701	-0.6927299092015033	0.8378618588265592	-0.778974775664359	-0.11729125832009757	0.7836000448114391	0.15969609949544783	-0.5297047817132301	0.49738681493789955	0.0942219681907881	-0.9252924922016018	0.1328978293010416	-1.1340388756202866	0.9954473463666029	-0.24768128889658103	-0.03831396485122254
Br5259	0.0108021	-0.00489694	-0.00295791	-0.00723182	-0.00242014	8.4	0.1943900785797176	0.976505	1.0	0.0	0.0	-0.2308806939321835	0.22999773379148694	0.32861647783018255	-0.12225864369310038	-0.39399776650144447	1.547270244187072	0.3870537049194978	-0.16169843946508328	1.4795799134900018	-0.5137155287420508	0.24863165619781277	-0.6240024732073449	-0.7278794117477099	-0.8362311023539561	-1.0745347265308027	-0.8196910374793198	1.0455480840287743	0.6611633506283205	0.40731551323421544	1.7030264361216239	0.1314991317070839	0.29742814449180655	-0.33211309222107166	0.20500192726428013	-1.208984681998747	-0.43038774193713886	-1.6344335024125252	-0.11284221363711465	-0.35547097410267786	0.06988733757708829
Br5287	-0.012181	-0.00359209	-0.0047932	-0.00559485	-0.00111026	9.0	0.2156021922180117	0.977833	1.0	0.0	0.0	0.12492249300778194	0.5078552926273768	-0.2096406382755377	-0.22476837083837373	-0.21932275536553114	1.3701288535138945	0.7779938502232258	-0.16776982573751464	0.6040775400151022	-1.0537044787408982	0.5953254920075659	-0.10428723056979836	0.5826232862918997	0.02885210125724305	0.7170677576740824	0.3913150264912484	1.5244064593711404	0.018674630609764833	1.276587586807035	-0.45800312847216873	-0.42240643756883733	0.7667862346944629	0.33425292029752934	0.9435487820580234	-0.6215089093857514	-1.699042969420374	-1.6214672068874174	0.18711267882009214	0.6779092421763966	-1.1059887065515404
Br5005	-0.00957751	2.81044e-06	0.0300119	-0.00360685	-0.0122647	8.1	0.2031374932821279	0.965898	0.0	0.0	0.0	-1.1202718523347746	-0.038584679551866695	0.8707097793517045	0.2239963974311364	0.4306965082978534	1.124736300617864	0.22952344012799802	0.4912278596398414	-0.7664437830283477	-0.9034255396948097	-0.8646511318419893	0.18650433471794717	0.3959785151061193	-1.3417608920637745	1.1161205048508818	-0.8821776718716267	0.1785538767497627	-0.4763111397323358	-1.321947391210166	-0.2854024040312567	1.2330687630894512	1.2613011581310951	-0.9494056439989866	0.20644999437197006	-0.9292066280697572	0.4999695279721861	-1.3132259009036709	-0.37632701871749835	-1.1408156361355892	-0.8430907812639789
Br5135	0.0395974	-0.0024387	0.000293359	-0.000315989	-0.0114092	8.4	0.196640101315515	0.978261	1.0	0.0	0.0	-1.4819205839678944	0.0009444675176992415	-3.1993649186503954	0.0670098384552197	-0.9110410290535094	-0.9619350703851796	-0.7881865929483582	-2.0301318162755577	0.5570208722540178	0.1701140499412005	-0.4457643976702405	-0.7438117342238525	-1.0304570065308807	-1.4544297795420527	-1.0782009689338083	-0.42192700235745817	1.868989277033372	0.4266602789834708	0.48952328728207983	1.6364775023664169	0.656403636740485	-1.856563960830146	-0.7639724749417462	-0.2435730957447602	1.962610204516751	0.18981979188813525	0.8078957116986982	-0.9037572699203391	3.9588526779217172	-1.1315751937656422
Br5212	-0.0130922	-0.00405189	0.000333573	-0.00297521	-0.00197118	8.2	0.1876391209086773	0.9771	1.0	0.0	0.0	-0.4519975665634417	0.3099720518432684	2.1242226999773894	-1.697073011687351	-0.5879539809408545	0.4531301483210477	-0.29024611349254886	-1.5462611571087805	1.21735884580749	-0.12238149724704722	0.053423143039984446	1.0167097647057497	0.8396580157761551	-1.0680116715341876	-0.8492057671253238	-0.7774663919647027	0.9864929241295212	-1.0411671557141413	0.9660602752251057	-0.6112169449869749	-0.48716480018547087	1.0970984387817795	-0.535010744621415	0.01793732995578298	-1.1154156515719928	-1.4032255027235119	-0.6477556880408357	-1.0522041724644378	0.0029703488882192007	0.9136525833951492
Br5235	-0.0106259	-0.00352999	0.0102683	-0.00489391	-0.00473598	5.9	0.1906045244308108	0.977605	1.0	0.0	0.0	0.8688550914980562	-0.8994767625239605	-0.2106551558865736	0.9628273995425256	-0.017091572648753037	1.632729287509104	-0.5769536457597578	-0.991414488640635	-1.375363636018941	0.9521968227698224	0.10478657147495515	1.0769170895245326	-0.9932482913377845	-1.0199319897638455	0.3251451079151658	-1.522748683373034	-0.8939096206386492	0.03888852909713206	0.6184885909027836	1.9173217271458136	-0.949726038935551	-1.1454088950839518	0.37975918996255514	-0.6377621471048184	-0.18245942447519875	-0.9606950426089195	0.19995562161518474	-2.943574560208954	-0.04104033610650826	0.36016881158394354
Br5053	0.0282242	-0.00590779	0.00400475	-0.00540421	-0.00401962	6.5	0.1566660084344782	0.976111	1.0	0.0	0.0	0.45018202445697675	-0.1808104808962085	0.5004542854211127	1.6353372689446326	-0.10427283172421857	0.14472613709617138	1.2311801809874738	1.6194710344841696	1.374901807034819	0.2086499627932606	0.05160739777515987	-1.5396176109055527e-05	-0.12152740630153736	-0.4805620865378686	-0.02324869754617912	0.4333609761288442	0.6284931643754774	-0.6562338677455284	1.7338514885176919	-1.363024804625873	0.5994659803321114	-0.4781760355171018	-0.5038594305579225	0.13031745874037895	-0.33291281653908855	0.17349266185001788	-0.7224123745870663	0.864374271131397	-0.2810612772243862	-2.0118471566397096
Br5323	0.0347485	-0.00560765	0.00111757	-0.00150308	-0.00208043	7.4	0.2132538815767732	0.961163	1.0	0.0	0.0	-0.20658095951886107	0.7487412755162617	0.0021336216512335155	0.20577751487723736	0.38051877782654164	0.0840805961111601	0.7146668718325028	2.1658065063161396	-1.2684764221005007	-0.9357683240974396	0.5386565984933644	1.2150099545337805	-0.8388947447348876	-0.8857099141262101	-0.38834470913586383	-2.2077831410938997	1.1113981593330013	-0.060837568752645156	0.03608111901649522	-0.6464284772398997	-1.8701250878301519	-0.03485628379570524	-0.7678928337126358	-1.577292093583686	0.28576210232854865	0.18431969468186252	1.0260845297073007	-2.30375597834823	0.6212844649829966	0.12161607004449008
Br5338	0.0318818	-0.00383615	-0.000531373	-0.00217902	-0.00339843	7.9	0.1650444371618115	0.978246	1.0	0.0	0.0	1.138695928780825	0.8565676321110313	-0.8645253929967507	0.6292228641901586	-0.12466945919796801	1.098266460900541	0.6394905741235803	-0.9907663325949457	-1.7689871981382075	0.12208717163878813	0.3078050994780095	0.35208598059019997	-0.0367511836018705	-1.094808775302753	0.9260133897977711	-0.39676188152697395	-0.20251902160516794	-0.24255523908088303	2.0541677605850097	0.3594637273452565	-0.2881644324889989	0.45580343020507774	-0.9314438352745478	-0.1649582900255514	-0.45018389016353405	-0.06979253879661457	-0.06540119640551212	0.12996591412801764	0.19406421127630816	-1.3724117521488992
Br5370	0.034548	-0.00487359	0.00125448	-0.00239174	-0.00787675	8.6	0.1498073552575157	0.97802	0.0	0.0	0.0	1.3489889414203442	0.7039787004673775	-1.3566930142827847	1.075314445152162	-0.2896163467962654	0.25637001836713447	-0.34952431564508474	-0.27961721438215437	0.16152160213397498	0.186129637755534	-0.48113983132174243	-0.07258814502237773	-1.4373673004521257	-0.7425608228000229	0.06704045461314334	-0.17543903600471125	-0.3624516497528999	-0.9065085530286863	0.9327737252117226	0.3307963974917097	0.24495621455827082	0.13513572656761055	0.2821754921799008	-1.18148235311883	0.10520022002886435	-0.5954972354117459	0.6609145642045572	-0.6170927609750002	0.08884483342060708	-1.2759993589177436
Br2073	-0.0120384	-0.00396148	0.00219203	-0.00447371	0.00231697	6.8	0.1836844692232652	0.98048	0.0	0.0	1.0	0.32461911295619655	0.1568613683117163	0.3535631106694563	1.2199603436862974	0.11775088448099051	-1.0789928676948517	0.4076281119323291	-0.14038726443921357	2.015375104350512	0.7493711057967738	0.02955477600360924	-0.8578823610495288	1.4207251884431489	-1.020504862009221	-1.620178410106577	0.2763900038750545	-0.5805461699277589	0.5321641886712591	-2.5538498716351237	0.4779213793864427	1.0741208077303714	2.3626365207942555	1.6720952505741602	-0.9190187708337851	1.0711681620780003	-1.2650586322030213	2.124985247377651	-1.8611577520329916	3.051517785155654	1.9528937551356889
Br2298	0.0348837	-0.00320426	0.0015477	0.000887577	-0.00505166	7.7	0.1725595077075039	0.982823	1.0	0.0	1.0	-0.6491863242499056	0.09078801887786662	1.8113659098045913	0.13410635962464815	-0.7318127649448205	-0.5514506864897156	-0.6090326258669723	0.19611085596114233	0.34857992092869905	0.196031963696498	0.7974658423524182	-0.40913778708084414	0.5177897462452661	-0.29873127171228203	0.03216246571849295	-0.24249331672077684	2.87105016805908	-1.2966576962720726	1.0916058628144587	-0.19395703969053824	0.5690959561748238	-0.08478337585038277	0.4323110373700962	-0.5160419468731096	-0.8477755801802871	0.6640707945177459	0.3744466395003251	1.4742706831146501	-1.2654079576661525	1.863557733419243
Br2346	-0.0130437	-0.00315863	-0.000837493	-0.00132913	0.000743703	9.0	0.1789147792417839	0.982776	1.0	0.0	1.0	0.4549654047569256	0.6216939752224367	-1.3131519541450913	-0.1292639668286067	1.687079362016025	0.32005119343072835	-1.318762753408071	-1.2627630207100495	-2.0383684211296034	3.497032005451445	-0.1318120600807465	-0.6776766945286392	-1.0401470179491272	-1.0345444422024683	0.2243375079748068	0.7280400447736846	0.6507074427054279	0.2352766549449584	-1.4047846161940114	1.4020779765177183	1.248356214122601	3.2778014131553435	1.0063152644767892	-1.066622542933389	0.8808719725182146	-1.6750279833882846	1.1970489708213472	-0.2325117763124949	-0.49918388943397196	-0.9313427315272844
Br2075	0.0370091	-0.00327828	0.00106384	-0.00117361	-0.00042652	9.2	0.1779362763015564	0.982644	1.0	0.0	1.0	0.30695749936494304	0.28033975346271583	0.6247666529217348	0.7791624621513789	0.15940960899589451	0.13547790736226237	0.5141274420272153	0.75546801094443	-0.34591029401465617	-0.19477064979710296	0.5133024509342071	-0.8391854279207447	-0.7057387213210803	1.1263408876038337	0.6552670543843051	-0.9003529205011405	0.7519097026272938	-0.5122761731781877	2.133501513605433	-0.2177626571205672	-0.703308356091888	2.0547963984678197	-0.12988634092983614	-0.28571246349291063	0.025086651213586202	-0.34639829264487404	-0.8824964240745391	-0.8283064151313653	-0.39272035476705786	-0.6581401452479949
Br2291	-0.0130472	-0.00430707	0.00168844	-0.00260003	-0.00042592	6.0	0.1988089708880886	0.982826	1.0	0.0	1.0	-0.3872091730922674	-0.5523683233115361	0.7093628685859809	0.33357557044636543	1.5722154001692428	1.8486287131234829	-0.8121156296192193	-0.7795172038722603	-0.12247676149811511	-0.06898109461104485	-0.1649931923838434	0.3384802510249636	-1.4083449270429274	0.29139548604946997	1.7005395404784758	0.39124379025730105	1.2439748838220452	-1.5033530188998296	1.6476306466392678	-1.4183899718478319	1.0698843696677316	0.6353112303137671	1.7561686877309208	0.3523174901805879	1.3284282225511483	-0.5536712919070853	0.484315320135706	0.03379013758494071	1.5664756321836453	-0.04901732334866437
Br2351	0.0241555	-0.00306471	0.000358734	-0.00190306	-0.00608372	8.5	0.1939377535453671	0.983589	1.0	0.0	1.0	-0.508549066646107	0.22715517894945803	0.45243935270031393	0.36749834331827613	-0.24608533895316526	-0.5888921528916035	-1.1760631868577032	0.683508900330909	-1.10300237040162	0.5456904949363509	-0.27446536538251387	-1.5599198656851756	-1.8883792051163983	0.45434538708047983	-1.4222310927395307	-0.059037429433396175	1.193798249125235	-0.4932943975505372	-0.9376169587402252	-1.0773449184723178	0.9691478851988319	-1.5859670393352374	0.06495496965855703	0.4228227991143706	-0.8730316965300853	0.9339123810920175	0.4289043705614147	-0.640722436867711	-0.819841137305335	-1.1246574359035701
Br2337	-0.0126097	-0.00430934	-0.000969218	-0.00120715	0.00181392	6.6	0.1923579260218971	0.98062	1.0	0.0	1.0	-0.6371925629889857	-1.0126108932409592	-0.2303192412203639	-3.0393870012950037	1.8677666488386535	-0.7819973423218254	-0.28094662162826445	2.1506610859377506	-0.35588885233595324	-1.3917505562486023	0.53379830015558	-1.78134528893236	-0.9687139217832706	0.8621640757902017	1.1441899479195354	-0.9032197822558157	2.248473723958444	1.9289785111713484	0.4523758548141678	0.26127951398699706	1.1111165223038348	0.4464396312422442	-1.4643219417671043	-1.2056541259179718	0.3282900362398108	-0.7531380493780567	1.784448056231955	0.741480004168642	0.2492224307407416	-2.386941140347682
Br2313	0.0399162	-0.00486481	-0.00287692	0.00256174	-0.00506072	7.5	0.1467897395662462	0.978634	1.0	0.0	1.0	-0.5059750587435871	-0.04881563628961019	2.0698407263778305	-0.7949691834153145	1.3523788211748065	-0.8157292868549404	0.6914459093713843	-1.590312928697559	0.6518565971823657	0.9038442000051078	-1.750302367406039	-1.07708885172639	-0.9409562493750437	-0.7568899985933369	-2.009039566098642	-0.09021804515999297	1.1675434506697295	-0.34706367202714405	-0.3071883008561425	0.021482403377160602	0.7570935912172161	-0.1682954676621274	0.05350829980517972	-0.9149565040321896	0.8485040751527356	1.214199298058747	0.446861709320539	-1.2298606142484876	0.3222801407666596	-2.0079673304590893
Br5314	-0.0125597	-0.00591028	-0.00621456	-0.00319664	-0.000592456	6.5	0.2095795169696058	0.979745	0.0	0.0	0.0	1.3572519686854925	-0.2842755671501359	0.13369066735949256	0.9169944850438765	1.056300320754337	-0.852083465277142	-0.5284522247266775	0.18324381231363088	1.771132001732093	-0.4915633450050913	0.014358974602899872	-0.5845724621407207	0.609701282901019	0.3702184271090335	-0.9971804037474107	-0.2059294348628143	0.09939801369873902	-0.3777817022439211	0.6118627410003916	-2.381959272680975	1.5817606080123037	0.30088070219837276	1.380287740237705	0.45285232931642394	-0.19206377851818454	0.9486746147291513	-1.1895219031101725	-0.5808249187833004	0.5942149052480817	-0.04903153956516981
Br2345	0.0368118	-0.00486406	0.000182447	-0.00224231	-0.00571062	7.6	0.1963597061406699	0.976977	1.0	0.0	1.0	-0.06478472430819292	-0.40251927330432624	0.3228970302535155	0.21130775893644893	0.768515764206751	1.2822298268804406	-0.8441416913550334	0.7557930058252843	-2.07133671009361	-0.0765206229158015	0.9425638987206313	-0.9902934863731366	-0.3267842812664708	-0.05283986325817375	1.4812801851049595	-0.5270041849203659	0.646678406389382	-0.40861165804211674	-0.5681411263252069	-0.3570380180906236	0.5356698912691844	0.5911739311033815	0.7831927597094377	-1.576607443953272	0.2855904716102719	-0.9697037925927903	1.1897324682536345	0.3692973936055652	0.12572616368460351	-0.6437805772799147
Br2421	-0.0132709	-0.00582549	-0.00742518	-0.00325501	0.00185068	8.3	0.2135807839043485	0.98162	1.0	0.0	1.0	1.1551961816573664	0.1276178226797303	0.7503318804419516	-1.1033923651885542	-0.06057188213375873	0.05247840991930527	-1.5922467168655605	-1.8989072116235903	-0.439470110877861	0.703702798690896	1.5419846077707802	-0.6307112098662204	1.146016996646927	-1.315582920510159	-1.8998435428631584	-2.006698089276639	-0.17419659323630524	-0.09933013548658136	0.23854512277153153	-0.8557938164026726	1.0108600035303532	1.2485045172647822	0.5472036802319672	0.19967023116786878	-1.6592383674261626	-0.3571978547521209	-0.7915132978168483	0.31407253826998943	0.5484063318837936	0.9062073282988148
Br2348	0.0374798	-0.00452472	0.00192893	-0.00158951	-0.00640242	5.7	0.2521587037479976	0.976374	0.0	0.0	1.0	0.4787900346029895	-0.7792960807053166	-0.3988420464826346	0.4949418108626681	1.0439278064631063	0.09145128835706433	-0.15347665155800236	1.3568351326262753	0.5970166927684338	-1.0703044042082055	1.4210235829049598	-0.9298189510914228	-0.685356638141511	0.4973061945840746	-0.08432518692521215	-0.6706720859265917	0.516910963872374	0.5018606800152411	-1.5650273828961532	0.5820352704151549	-0.39224283462544257	0.7433077664111909	-0.01338687573053106	0.13420074873088955	-0.01816570495646208	-0.37443782127939296	-0.01287218647109353	-1.9764990587296971	0.050597280399538196	1.746617223649656
Br2423	-0.0126036	-0.00582659	-0.00177626	-0.00387172	-0.00364309	8.6	0.1883440822063118	0.979505	1.0	0.0	1.0	0.41530620630453347	0.28404692466507014	0.10680463092300355	0.865594805020119	0.9402076364503554	0.5482056454559429	-0.1567716234668461	-0.1970827153067278	-0.4237942539780902	0.26482126708770937	0.6143467116855396	-1.1871983828693855	2.081557140498763	-1.226952659885765	0.3303155781919043	0.19034263582082883	1.116628055020553	0.4690436774384006	1.2013107060032213	-0.09951915632725869	0.27372904245451324	0.9740300095802726	2.2861296096646795	0.5897807010357001	-1.2678992532419022	0.4407397881741214	-0.8852194970314567	1.2712875446834462	3.0252701953836647	1.6559842715377484
Br2052	-0.011846	-0.0033248	-0.000591619	-0.00347424	0.000532747	8.3	0.2071465581442761	0.980414	1.0	0.0	0.0	-0.9653757302753914	0.2720474970163864	-1.2694597357311375	1.0777186868193342	-0.8868291238528876	-1.2550530020029171	-1.5824736537501962	-0.4203209089728749	-0.8214319509938719	0.12096002337561898	-0.3299858111474905	-1.4822726119072516	0.9236155305873837	0.30478575329914465	-0.028130703503293553	-0.48008981804983214	0.1138206160686626	0.7454921575401767	1.2245012637021018	-1.4409913625792046	0.3931317051246937	-0.0594074296011626	0.7949652231889585	-0.2539461801141069	0.4429519257355824	1.8659075642403442	0.02309832533094362	-1.062738892912234	0.35791656781707637	-0.7577584054864338
Br2371	-0.013308	-0.00442858	-0.00544518	0.00272262	0.00050545	7.1	0.1843486152221974	0.983684	1.0	0.0	0.0	0.6069121509676735	-0.38954628165810257	0.09922437889763813	1.0039963494553372	0.4004390107476813	0.3314573268683513	0.8829740869397948	-1.0348092014078951	-1.6522790557092784	-0.6788509051154128	0.35319325927062095	-1.2102780916301377	-0.8118665143563091	-0.24003116296991128	0.77384861559342	0.27151277114901146	-0.3614780453076113	0.14510149287853252	1.158978418918092	0.1603572830290111	0.8201661917252885	0.43972293181031835	0.3766235395041779	0.648229735448202	0.029465491856306376	0.964644697873972	-0.20177042403225123	-1.1848595956040835	0.4445651725432111	-0.1927404580400311
Br2304	0.0223907	0.0412623	-0.00100914	0.107969	-0.0117197	6.4	0.1868784008147567	0.978647	1.0	0.0	0.0	-0.13247429676777492	-0.834178833201232	0.053783824181726184	0.8441444718912102	-1.1818373857292934	-0.9226343680270606	-1.1157903945275414	-0.9320199505245729	0.43161266334729254	0.4856014902963433	-0.03676076716035516	0.36946601915789123	-0.010666134106289756	-0.5301868086554161	0.3692004966223448	0.20602318338324277	-0.28730242895048286	0.5511169367017665	0.9155344805113127	-0.23324956441433373	1.7343935582624632	-1.188968405109245	1.0018714885606494	0.5005095814699007	0.8368447675328414	-0.02350153484648358	0.8620739584312679	-0.20380536971123514	0.22007595269124947	-0.41741630303945776
Br2453	0.0315062	-0.00397821	-0.0030724	0.000256367	-0.00744414	6.6	0.160311567156878	0.983221	0.0	0.0	0.0	-1.054196006768944	-0.5412414473887958	1.2293879499956795	-0.7638806963438511	0.9361313215364708	0.10640596699175112	-0.06523436791250639	0.6275044570389179	-0.45288689239620417	0.014382448244689695	-0.15739022523626572	-1.496211237764714	-1.5125529621246236	0.2533004127078501	-0.08974872692193636	0.6046942536036367	-0.4379637352038712	-0.29518283703113785	0.428735281628847	0.22835501119958873	1.8036868723365769	0.7208789625499671	-1.371446386747549	-0.46066794998790106	-0.2955699225171109	-0.8105329897500283	-1.0124970196113179	1.0995460371759327	0.1591788025871584	-0.49860800926045185
Br2295	0.0423244	-0.00595764	0.000551793	0.00106538	-0.00354221	7.2	0.1385607860876666	0.979254	0.0	0.0	1.0	0.8599037423894742	-0.24845849461092406	1.212163029652318	0.174639078264021	-0.9603309591326814	-0.8552208231205433	0.34491383314926516	0.8538998121902921	-1.5606675446548772	-0.7536580435744533	0.5758557366475899	-0.24444133342378208	0.007534140130603767	-0.745221052231697	-0.5857855254513378	-0.2569429877414498	0.7812791495994655	0.5643043574961305	0.6031677108398884	-0.21178516817326143	0.0051682940210164416	-0.12772530690222283	0.279939642662731	0.46741276350075184	-1.6378153997091598	0.23611694498350874	1.0938625208426866	0.09067836882597675	0.8856063475882605	-0.5096994994664918
Br2405	0.0321294	-0.00538944	0.000513456	-0.0046068	-0.012072	5.7	0.1237007119066366	0.979766	0.0	0.0	0.0	-0.4000160122422211	-0.6449735369296971	0.8931552856129915	0.2938638035034664	-0.05756632138493437	0.5832439041834259	2.427997419967872	-1.3536212740857017	-2.0002636493777373	-1.0819841197209128	0.33625278184138735	-0.5089152798340678	1.1207293649382835	-1.610371815971596	-0.2895993422386523	-0.5060499292744826	0.4571675384268143	2.082361267424514	0.7840907530036872	1.1796961083849304	0.2811091329107237	0.39414891526908685	0.8844106710896498	1.1384083541418104	-0.9831731746762282	0.2331202411122672	0.6910647240171357	0.25599345734155193	0.491287214959131	-0.07884603950458532
Br2039	-0.00987181	0.0119567	-0.000382217	-0.001727	-0.000993973	6.4	0.2067088390134469	0.978615	1.0	0.0	1.0	1.0348604180699565	0.5371921983345481	-0.42622765661169	0.525837167543341	-0.11710114217161594	0.8423865368209433	-0.4895870963913673	0.618207195565086	0.5848548931277794	0.22239619068924335	0.7096980545950256	-0.6827092110066867	0.7310700366194018	0.8451922854291103	0.34667561969517735	-0.9809651583234111	-0.6513918562778873	1.3367693793738153	1.7291708179537992	-0.7722152419126742	0.41963062498562725	0.9301983779254335	0.4341031658528987	-2.0261614430950634	-0.5326703123437729	-0.3587762944104603	0.3514254367816693	-0.8990852153769835	0.90245452784838	0.11674493435542062
Br2027	-0.0114228	-0.00387494	0.0154269	-0.00401597	-0.000358182	6.4	0.2069009922419606	0.979574	1.0	0.0	1.0	0.1506456665571549	-0.5505976606996437	-0.06538707646579943	0.8312150138539224	1.2914212108503624	1.0410366887497409	-0.7972744631130557	-0.6844741349462959	-0.2697363637876137	0.3593719074780714	0.9877124698228669	-0.7963703754851611	-0.8944357642198967	0.5610267386631745	1.3597367744541717	-0.03286863026594499	0.8357986951764093	-0.6020739294970298	0.6772596073239326	0.7711316764852811	1.4533634882773425	-0.7300000103384626	1.0876243743273553	0.8007184250252097	-0.5815439428165703	-0.3464739936789121	0.9011629284921382	-0.5625064678442095	0.23682330622846018	-0.8063786313665119
Br2305	0.0365473	-0.00406341	-0.000216862	-0.00348269	-0.00296006	7.5	0.1512350265970051	0.98255	0.0	0.0	0.0	-0.30371850120947097	0.3010937169187374	0.5913667508814524	0.7644048178471775	-0.6008966683383987	0.6904175733942021	-0.8729125247339588	-0.47662599601736416	0.318278018277459	-0.1435090061139735	-0.9608858017489553	-0.8190039072539139	-0.5137846042082043	-0.3593673378199697	-0.02511336853220251	0.2844775261077402	-0.029557628487353153	-0.5873365886340474	-1.0385432604053004	-1.9379819137194314	1.615985122395817	0.5728533608918064	0.3481794629885217	0.1718933043558104	-1.3157264287828043	0.15452625510828233	-0.37925850735774386	-0.4533845527515006	0.15418912119298211	-0.5033737312548702
Br2001	-0.0129325	-0.00500163	0.000244952	-0.00322186	0.00121031	7.4	0.1570579485412937	0.98199	0.0	0.0	1.0	0.902540933247572	0.047369126938497035	0.6735036359247529	-0.997199709713903	-1.4102685122188365	-0.6782135688826576	-0.09367035105381125	1.6365697417253524	-0.9255215665885573	-0.406207944758392	-0.5154164735533772	-0.560229712783682	-1.7758125628276902	-0.46467421071525933	0.5960496429773755	0.3293311524665544	-0.03994279613744008	1.5466278187957043	0.9806797628292268	-0.37167209195168033	1.1428069553366527	0.2067716855781962	0.16481585679363678	1.084491693718387	-0.6589578651041825	-1.4786043332804308	-1.3873846424189349	2.078235705122642	2.3367636504408824	-0.3995412351055295
Br2322	-0.0133878	-0.00604258	-0.00860206	0.000307375	0.000862161	5.9	0.189859702963604	0.979521	1.0	0.0	0.0	-0.41177225283715296	-1.3488712372064213	0.022183656960873283	1.2891845262420196	0.3437871832290776	-0.7993172665413922	0.6332845634109004	2.298531356617332	-0.7684289911830791	1.0991314056083819	0.9349026262823557	-0.4288309655614017	-0.3831650035570322	-0.2974185903222177	0.5286134272912667	0.6967464287897882	0.54018239648028	-0.6725351122537426	-0.5930674024531973	-0.8351870323039912	-0.3005637688883998	0.2492398908415569	0.30879152164316814	0.3510076657751955	-1.1845697490637317	-0.7670998653142209	-0.38255229521058337	-0.0710958807041609	-0.5529714512323345	1.2935326395973408
Br2287	0.0386796	-0.00284715	0.00466985	0.000475005	0.00326126	7.6	0.1483934138131239	0.978432	0.0	0.0	0.0	0.18028229901748757	0.45111870372316154	1.0230349849066391	0.6461655215889293	-0.22936439376934972	1.3026907995288008	0.2693754276069979	-0.03592000365353483	-0.15763324250311303	-0.10265847789960615	-0.4869988845408175	-0.012501975300059741	0.9580383363460365	-0.733630643817006	0.5229904968573403	-0.34796225645400564	0.1378675060003111	1.1403517212530576	0.9213160584167388	-0.9500170856749454	0.5131700999007011	1.6123181873609462	-0.45882511906857065	-0.8446532943732559	-0.6407525332840611	-0.03501541541729527	0.8440710280133059	0.2431878457771618	0.4544074863042722	0.21210063092524853
Br2377	0.0299413	-0.00481274	-0.000428247	0.00185101	-0.00709862	7.8	0.1575888219318004	0.981038	0.0	0.0	0.0	-1.9705986949208614	-0.4362152470123407	-0.5056389011805743	0.5078624297268003	-1.4332904396637791	-1.04473016521397	-0.5406414988380752	-0.8536252285847761	0.21054063266802206	0.9764599036415388	-1.5732142730802634	0.05403153113715078	1.3672261275875008	-2.384392536838047	-0.47440231865627713	0.6035309306955388	1.1347373163805388	0.9040118132767407	-0.3372547601327394	0.06539794063054331	0.6996111277282383	1.502827048763032	-0.03903165391751368	0.9058317245548646	-0.27824888943260356	0.03298546763591913	1.5023802805831985	0.2180114327939534	1.1911636029382469	1.0202640313966262
Br2454	-0.0126805	-0.00514437	-0.00444094	0.00154029	0.0023857	7.6	0.2068671223919977	0.983465	0.0	0.0	0.0	-0.48878965463430146	-0.581806743142274	-0.11539395295154102	0.8066370157632929	-0.6758018498864394	-0.14602195796276457	0.08421983059501013	-0.20194944435841244	-0.033470402863781085	0.7596023179390176	0.23816840916860973	-0.772415597004816	-1.0160592320671522	0.3075074734038199	-0.4756850822115445	-0.1759425572385979	0.8635766103944927	0.354537049163355	-0.44372285878117945	1.205828813557087	1.9220252158179858	0.889155047205021	-0.6891710483956941	-1.0078075166446352	-0.32348922286116166	1.2349118011465108	0.7056073587861962	-0.6098235466226998	0.6798322784083325	0.23568275312431017
Br2425	-0.0131078	-0.00449893	-0.00651456	-0.00267283	6.29249e-05	6.9	0.1863788636167561	0.980874	1.0	0.0	0.0	0.5518866043284018	0.11103080720712621	-0.4492086281340514	-0.16600407211706678	-0.2799804556703565	0.17403916769451278	0.6331575376366736	-0.7353783370323521	0.2682662909382714	2.6324915315643125	0.0003111763794306461	-0.3330190900896727	-0.0546558674085087	0.16715401533030003	1.0090315970736419	-0.4770241959011142	0.6621462525594203	0.3533232299763047	0.060666800043001026	2.092057149626363	1.1795714295150912	1.3020482436071434	-0.9037930072510791	-0.3457809382222654	0.579831332084135	1.316808469428215	-0.14404473572572377	-0.9778245951065394	1.2582313039791861	0.39001285064920893
Br1420	0.0258478	-0.0044419	-0.00213888	0.00290169	0.00448812	5.3	0.1971191546926092	0.979585	0.0	0.0	1.0	-2.99841207472787	0.0015976632431228509	-2.4536076312033233	-0.6040049700640867	-1.73196830812687	-1.331004661936087	-2.799039769937579	-0.02475234740612328	-0.33862364542712037	-0.6490297111789152	-0.25508792455276047	-0.23853333379860855	0.049853465929217744	-0.6170091775697888	-0.813860642383221	0.18076943515906221	1.2311115703498132	1.8073032707438308	2.0454209945620865	-0.8791839480074456	-1.1895009158617296	2.8038920786550365	0.19609307295595496	0.2595061732437959	-0.3271038283999265	-1.0228291152132547	0.36572004317936224	1.9845988727140074	-1.1340453304510862	1.3488288705127702
Br1135	0.0318012	-0.00394035	0.000510869	-0.000736157	0.00253262	7.6	0.1604971775324089	0.979351	1.0	0.0	0.0	0.6734521841589091	0.43481094095964995	1.1924456853508953	1.1765880011995085	-0.10024431706534047	-0.30429737127498924	0.03616215828032963	0.20491545376662937	-1.9271489365489154	0.6877473185691205	-0.204753847346921	-0.3082721224706382	-1.2576725208983046	-0.6756586973899268	-0.9608541993964815	-1.034624362103807	-0.4199876324430861	0.8060335362549015	1.3375422109577209	-0.36436753188952326	0.5739398687357234	0.3888671766007065	0.1905497601104692	-0.1265992771885258	-0.880935667126763	0.22805225416749508	-0.3913918317264152	0.1639233928329811	0.22568696982312347	0.5389935593841468
Br2474	-0.0109551	-0.00262049	0.011677	-0.00371312	-0.00122991	5.8	0.2050439650181716	0.978408	1.0	0.0	0.0	1.52172760654755	-1.122324520615953	-0.3254507013856281	-2.364051262069305	-0.610230123693518	-1.6528535027548084	-0.3757227128275086	1.0570357498442564	-0.09289372386119515	-0.41234626295239973	0.6095011624188595	-0.631041571949847	-0.27835645580685353	-0.49638095541448185	0.7623864371911783	-0.8467468483406997	1.5507920579720387	1.46535589788608	0.26323896584536804	0.2854275387133132	-0.1369688906138076	-1.3391470607538605	-0.24296476192216337	0.6240148122883544	-0.016609499165919684	-0.7363739333919391	0.9310957467064541	0.6904071764701627	1.133586690796232	-1.1907414109848757
Br2513	0.0435505	-0.00479018	0.000795229	-0.00266314	-0.0051812	7.4	0.1539436228103628	0.978525	1.0	0.0	0.0	-3.217008021344258	0.5727763763218967	1.3910990563463042	0.03751079237515686	1.2540198263491484	1.0765012758198493	-0.3487313882221918	-0.33299237442523455	0.41577679675349855	-0.6396100585524943	-0.9259931765667173	-0.48536438444824753	-2.110284606533552	-1.6445294971959241	1.0310788710906085	0.27036256399648007	-0.7056352571492513	-1.0043624418492025	-0.35375307919252663	-1.1657907161283982	0.2428861784878961	-0.36810211084920325	-0.0537133646314361	-0.16538042143201903	-1.1929669078208895	0.3281950772517406	0.8136143400541606	-0.18915896045557182	-0.5159522284096836	0.827239070232455
Br2521	-0.0129704	-0.00610802	-0.00220176	-0.00038085	-7.08016e-07	7.2	0.1752105253374577	0.980491	1.0	0.0	0.0	-0.7537384078508793	0.2748675463301106	1.6167275459985364	-0.36622180582194025	-0.2951010990584217	0.4150159169778733	0.2897825920774451	0.61908320876008	0.6957412266681873	-0.01677328739882675	0.3821818361335334	-0.40936012431131735	0.7758828585321564	0.35503492645882423	0.7410711596121666	-0.9009397035372665	1.2728764980872191	-0.6632934173050338	-0.07844483642717884	0.37866523415517583	0.4906404928426953	-0.04047430024523478	-0.7304974062655651	-0.35815490221589885	-1.4376415443109583	0.19689100910683535	1.6372334991278348	0.09992912589265754	0.3977371748525104	0.6031819450215238
Br2539	0.0272686	-0.00449083	-0.00421932	0.00113811	-0.00188241	6.5	0.151133959801453	0.973626	1.0	0.0	0.0	-0.1826633182666336	0.8543459772303236	2.437238436127445	-0.23404330316856387	-0.1939358824951039	-1.018317764322454	1.0740787645937442	-1.9483863092092146	1.049974277946012	2.3033775557530167	0.09834716502836648	0.19743486143352307	-0.25156656226063057	-0.11042277915964402	-1.354079573895551	-0.9129602481769206	2.2101316075702067	0.4424508930792226	-0.057994658508945515	0.5032527605167723	0.33986658559733457	0.44509250372764775	1.0921733252206838	-2.3019069892454773	-0.8305827990982637	0.6588047991712671	0.16045265884407162	0.8735357414762104	-0.6879614758683487	0.04897757690644322
Br2542	-0.0131844	-0.00477325	-0.00353449	-0.00290772	0.00238068	7.5	0.1651517488143674	0.980681	1.0	0.0	0.0	-0.6951842147854772	0.22271005527663426	-0.530711989923318	1.9380025203662676	-1.5761997499600564	0.3154358377911601	0.32333325806670227	-0.023804813046081723	1.6298467304481956	-1.5671295208625144	-0.9982135137856247	-0.9339756363000196	-0.36550997334879015	-0.09785474424237522	0.11480419713169317	0.01460569841623677	1.0667321724201784	0.5319351585772211	0.03705023503737292	-0.4582674705904863	0.6372139196682474	0.13963642564569614	0.08487330147133651	0.8098966362826324	-0.6137806900600528	0.09554816432555421	-0.7102508703299021	0.9243100393422194	0.26385362304400173	-1.1913552953018116
Br2543	0.0291472	-0.000707085	-0.00465852	-0.00500536	-0.00185862	7.6	0.2002911926606028	0.977179	1.0	0.0	0.0	0.4671410733952931	0.5175904537995188	1.1869275550695884	-0.824531557838328	-1.5607332605636106	-0.027490714775138553	0.4428389741349904	0.31713453962003263	0.37275995504762266	0.38924619969827773	0.642280919116209	0.0640006440315459	0.3032875757014116	0.295522755157165	-0.29686484729244017	-0.9032676531589028	1.530718327242711	-0.3223653988160731	0.9770715670031176	-0.0008378844699330406	-0.057766775287456294	0.9446568868224796	-0.26289981756297687	-0.8536503353745005	-0.28821478379640425	-0.8746699795671097	0.13393368420203822	-0.9239827741357443	-1.1284017595084366	0.12378040793821986
Br2557	-0.0108543	-0.00420145	-0.00638179	-0.0011483	0.00586248	5.9	0.2003449057517604	0.977905	1.0	0.0	0.0	0.45985123339365747	0.31761517852116594	1.0901649206367143	0.6150334382876163	0.7913169024497937	-0.03939750816690094	-0.8257963575009746	-0.9066248092735713	-0.08285678605882836	-0.04936365807519069	0.12593997921426275	0.26776462254958033	-0.04092321053921185	-0.3374413276240966	-0.2553224414766291	-0.08114706604104924	1.443000623856405	-0.7728302979124932	-0.09570728246353989	-1.2571628559786159	1.2254713580639691	0.07836792214866126	1.3332685284801231	0.6659359457871649	0.7351594921891601	0.5493687968689853	0.11443171157360779	-0.2605818272935248	-0.3121267191992266	1.257342241866297
Br2573	-0.0125175	-0.00182095	-0.00159215	-0.00555205	0.00395238	7.5	0.1624578644179032	0.976283	1.0	0.0	0.0	0.6547256424823251	0.8455946726993768	1.637743764780326	-1.1034466834851127	-1.4822326776835315	-1.4724672171513984	0.06158298659089864	-0.25811675360436703	0.7556303052988922	-0.5856078993307253	-0.8109505392268916	0.045253534786448876	0.5912499531978928	-0.7661152599620473	2.466909557646949	0.4548809164446882	1.11887808476367	0.9745609783304868	0.8046739569748232	1.0502839353910507	-1.7109281406975543	0.3963804431305499	-0.25039738869155936	0.04359264028693966	0.38781675211536737	-0.3021457603433394	0.21197531162581854	-1.3649811514118242	-0.33289246976709114	-0.08240023729283046
Br5276	-0.0127244	-0.00504547	-0.00844834	-0.00343173	0.00452554	5.6	0.259334048106153	0.976247	1.0	0.0	0.0	0.8355273857835955	-0.28765699889440227	0.27835769980790054	0.611309218035279	1.6628085934143118	-1.2108075310180797	-0.4911729819520642	-0.49881692790250703	2.0431700507488	0.6973270407013175	0.9501894342799266	-0.08804221511703826	1.671498001122183	-0.7384440958360222	-1.544650044676877	-0.42146623224657737	0.014649460717315908	0.12436715867100182	-0.8543348145083908	-1.108732346576166	-0.479627843169364	1.1197214604881587	0.7225443802006162	1.6639719484362274	0.13571755613756314	-0.11382455959056252	-0.8524844013197498	-0.8763012185928776	1.5825703719463902	1.7950338628489764
Br5280	-0.0132402	-0.00419951	-0.00325825	-0.000231156	0.0041715	7.8	0.2052650676919883	0.977203	0.0	0.0	0.0	-0.34088831720232776	0.5982395128437237	-0.1783601921718004	0.8637203277709946	-1.1159708891295168	1.115066931364785	0.0810881098897249	0.795370775695059	0.4680609902392566	-0.8586401194847093	-0.15754250916671128	-0.4835029597141616	-0.593859011988211	-0.03258924120054886	0.1923771969533406	-0.11594709056988688	1.2618225842276765	0.26328052502668414	-0.7935141852186943	-0.5252092501506107	-0.7644447721516485	1.5010014056781011	0.039799769095503056	-0.00024449023269281737	-0.792011398451964	0.18021466209063527	0.2464365767980315	-1.2172063821182186	-0.07083588202253002	-0.7245933803351967
Br5330	0.0320796	-0.0028907	0.00345106	0.000552257	-0.00156795	6.7	0.1811869254292935	0.973086	1.0	0.0	0.0	1.3302526286546945	0.13507457224703887	-0.5956144871097492	0.780837397817538	-0.6269507949315573	0.2167381801144716	-0.40072685249641626	-0.16098290963487238	2.2593304447175044	-0.002713051874547297	0.1060290561498551	-0.45597721836972605	-0.7741231852509517	0.26391650306689735	-0.664522867166384	-2.1453005642948426	0.2500658433650541	0.6676117140034611	-0.3163950077103092	0.3567658299800159	0.23605467695857793	-0.10322234782754754	0.19939371004654396	-0.43820275994507624	-1.2644662760801573	-0.7580936555489797	1.5388462728527015	-1.6218162937013336	0.9791566986928695	0.3785408980766974
Br5348	-0.0123667	-0.00601314	0.000672574	-0.00588324	0.00106393	7.3	0.1652466463780806	0.972917	1.0	0.0	0.0	1.0591311556997804	1.6715883438654024	-0.26963008743468886	2.0965082685938605	-0.244496506352269	-0.3849769536012385	1.2625670934760886	0.4408964125649685	1.592457570255477	-0.4731570034997201	-1.1780192457147354	-0.5901196276747804	0.9010591736829172	0.15340510037978972	0.5008087961809419	0.077715554395729	-0.9175706745459691	-0.23815900222362704	1.4947934970575256	-1.7399972662982277	0.290170100068239	2.838985239651515	-0.01028103316628109	-1.0705069297518388	0.0022014086816837014	1.1720153706541072	0.19316142448646526	-0.5608361520043271	0.1970099560096222	-0.1519041184223324
Br1148	0.0402347	-0.00546797	-0.000585708	-0.00185963	-0.0111024	8.0	0.2686543597613632	0.953793	1.0	0.0	0.0	0.8238488619953838	-0.019191404748589415	-0.10130089027361212	-1.1412246911379744	-0.667674280877384	1.4019303816382982	0.03696172951015091	-0.7210702764088442	0.20347529082238536	-0.5712049915817757	-0.39564376084373204	-1.935898867032788	1.1033068306097769	0.4413129258297919	-0.39658568983794246	-0.46898375690357047	-0.0785057025723312	-1.296726305746194	-0.19054446381808196	-1.2611165332355232	0.6320983409511168	-0.20011870327049955	-0.21714098216215555	0.594192802893627	-0.2775093760949931	0.7930294273496308	0.6259815323088154	0.915337736656878	0.4657306597735935	0.5437372861542483
Br1204	-0.0127873	-0.00544049	0.000334529	-0.00426978	-2.19058e-06	7.8	0.2855533319744672	0.950542	1.0	0.0	0.0	-0.17102556083041978	-0.06524250663315219	-0.537839184698249	-1.4061609027791537	-0.4204358712695046	1.9530510723277317	0.17764566858359782	-0.2533886778971785	0.17871765957455796	0.2336353773425284	-0.07015308997218082	-2.4446373731970783	-0.1358661348970948	-0.03837068239324907	0.44353077458312146	1.546005893037971	0.8988644030355042	-2.0199752179592125	0.17519967019464422	-0.4618691008873111	0.47970387887650584	-1.1977968436706754	0.9036327860680143	1.2467670261523693	-1.35561443935354	0.5609437502388864	1.550480605584348	-0.15387926080133701	0.8548178830321667	0.9450793762915459
Br1384	-0.00918921	0.00154932	0.0345841	-0.00360804	-0.0127049	7.9	0.276276870245932	0.957267	1.0	0.0	0.0	1.1538685837770613	0.202162286993189	-1.476410904549989	-0.5060002775797842	-0.8225914882183245	0.9616253094195679	0.9308890445182578	-0.28628203571072064	0.21308932454001378	2.3294113321853644	-1.3040055785348699	-3.4161792448857264	-1.114612444753654	-1.0203084663390722	-1.051010158616584	0.8545528381146872	-0.3520876414301544	-1.5730826765169	0.3001111523673755	-0.18662422254078453	0.5099505698829124	0.17996577038834827	-1.5466442806203469	-0.341850794455084	-0.3442679993863713	1.8860919678274972	1.753973976580614	0.2939577276067345	-0.01166621456816812	0.4739059076936367
Br1408	0.0321574	-0.00595137	-0.00153124	-0.00546977	-0.00808738	8.6	0.2601202520707567	0.948851	1.0	0.0	0.0	0.014407197322855331	-0.15469310913792123	-1.4780196275153037	-1.329021645340762	-1.6460400780853965	1.0848402265813408	0.32051268873933353	0.537230939430884	-0.36167645766477907	0.03572617294344099	-1.3019515748140866	-3.0722289130452674	0.733432403881982	-0.6624661460468446	0.36062470379521505	0.2980645173215082	0.3570877754624415	-2.441377712793295	-0.26758521936792506	-1.541022121316808	0.9752851404562467	0.3678687849079244	-0.30938898632864203	0.6921299623600059	-1.8781435152002808	1.8617582858819532	1.2615082272777953	-0.534636853241843	0.11515368907273602	0.16319983246764153
Br1436	-0.00976158	0.0163599	0.00640017	0.042575	-0.00169148	8.7	0.2397956623016118	0.967816	1.0	0.0	1.0	-0.3589118051752748	0.7659217931655293	-1.9038346100545784	-2.6283545479155523	-0.7582265222122208	2.358815338744247	0.5204823652380761	0.9141406411966863	0.47088798664265985	1.9556745739342094	-0.5894515485717844	-0.776389434436169	1.9781875393543944	-1.25348228848316	0.6401955575161953	0.8786396026310649	0.6615341644981503	-1.1807425384956667	-1.9170739432277117	-1.7688374964737086	-1.4526036264024533	-0.13968557393915468	0.8382889443763384	0.9292231103034031	-1.6205237419222445	-0.3966966594012935	1.8719613213627917	-0.09345695384213241	1.1080013892013707	1.4066232965198084
Br1469	-0.0128126	-0.00471443	-0.00780608	-0.00146483	0.00024293	6.9	0.1867679332205076	0.980468	1.0	0.0	0.0	-0.4200337837164658	0.8551349346925856	1.2157506735510908	-2.845562558308944	-1.0173898815444506	1.0256316464210637	-0.033581764335465156	-0.5319497770134021	0.45981003454136093	-0.28416200691439836	-2.2895580456647733	-2.4369566675517182	-0.6824397062497165	0.7069065221079421	0.44800176420235005	1.6497439677630503	-1.5792134728582639	-1.897905177183676	0.11069175225917102	0.05090286114149379	-1.1118253963924525	-0.11597270532445769	-0.6316336857508923	1.0171207332839323	0.4916068518542996	1.6627009651265625	-0.5323996784778281	-0.46485188656261756	0.3372764487776448	-1.3189642078978328
Br1365	-0.0125165	-0.00576584	-0.00971962	0.00171045	0.00330799	5.9	0.3492660588359869	0.971829	0.0	0.0	0.0	-0.09539593384436397	0.10157824576535826	-1.0460578159415013	-0.07878611130036521	0.5960477989764826	-0.28181006013267146	1.0519785163001496	1.5924878337375334	0.36360099023552783	1.3167890155651847	0.623004159222837	-1.4047559302794161	-0.5655751953751558	-1.3691134594040308	-0.5358779221324691	1.8992547948147622	1.2499121301173333	-0.6626332049459924	0.33743882118820534	-0.013756826560649651	-2.935547237033785	-0.477283580795989	-0.6455385676992706	1.7288652576237151	0.845102685145467	-0.5836264171963487	0.6703429781947303	2.781322602979262	-1.9466291077242435	-2.0792229842422514
Br1017	0.0410942	-0.0043512	0.00196209	-0.00616857	-0.00354058	6.6	0.2041578728861638	0.969528	0.0	0.0	0.0	-0.7007219411677019	-0.7314760592261738	0.07949392584873609	-3.0251382720246305	2.483711820338559	-0.2195400638618549	-0.8703881990337882	0.2649045931831761	1.453088159085041	-0.7796865569995994	-1.8467731661665088	-2.0915374362636245	-2.594608046562985	-2.8273165443397112	1.053115248572641	0.9261155676998065	1.9595819384095354	-2.870839121958287	0.07644894234250314	-0.8283867644059163	-0.692543670005566	-1.366484820083568	1.0281716784812662	1.1989182302499264	1.5972484282696708	0.70026354886746	0.8276803796423752	-0.3107564938970613	-0.421576274695793	0.055472705674220156
Br1528	0.0229526	-0.00569957	-0.00104282	-0.000143299	-0.000183598	6.4	0.2443881041978857	0.972996	0.0	0.0	1.0	-1.7862308927689101	-0.9861549011335088	-3.541295592069303	-3.4936243124150375	1.900686922847368	-1.354210748531609	0.43131499454048466	2.057958035770967	-0.08943242813733268	1.0462514746490503	1.5174060687955004	-3.1236344145624892	0.8154629238837161	0.835602001076807	-0.500671866605625	1.282725455410493	-2.0617039969707665	-2.224095260506097	2.424256131899692	0.9691187946236619	-1.174072926729837	0.26685742001769003	-0.02026408821970604	0.7646480991340376	-1.811491656699601	-1.4615452981927142	-1.6466501833314717	0.07436323821634772	-0.7420476740995393	-1.215302533386426
Br1587	-0.012594	-0.00478335	-0.0063088	-0.000738503	0.0031466	5.0	0.3900884681930046	0.95563	0.0	0.0	0.0	0.5384592409135363	0.3781590425833259	0.2222685027963729	-0.48107221972121866	-0.26164731867684327	-0.15294860039073646	0.22176457403204405	1.2815735341580043	0.07189583485663219	0.47679767784892774	-0.9555520878530446	-0.7285234084037193	-1.0417999706271888	-0.7190502295028336	-0.2589070759227693	1.326919967444494	0.17854302549034784	-0.46597901315661633	-0.3540485513987826	0.09518418353418429	-1.6344131427109754	0.4699992749962621	0.08870948502523746	1.0338195925964082	0.4363709734325356	0.44580277970589527	1.8045267103144045	0.729605120674175	-1.305649433963221	0.4346522310557517
Br1493	-0.0129258	-0.00460263	-0.00985381	-0.000208469	-0.000441217	5.1	0.2649209469218292	0.962452	0.0	0.0	0.0	0.273725381286534	0.23991513970239317	-2.6503603029508103	-2.99854496442222	2.3724883271990445	-1.2314431798215966	-0.5193673684069234	0.06716614287361546	0.3052540298964187	1.2227280420972728	0.5634914068957118	-2.595858979685685	0.8553909428850894	1.203936069285525	-1.4039384819333747	0.5683459452093921	-0.5259597231307029	-0.31023946782360673	0.7721420725022242	0.11475375726047174	0.39688987238205353	-0.6454890507563268	-0.17677805683358666	-0.33254500623181915	-0.1388104162642674	-0.6916471831749706	0.9460702197559226	-0.4686618169981076	-1.11264178975194	-0.4511206427187278
Br1883	0.034981	-0.00256097	-0.00103496	0.00348851	0.00038091	7.3	0.1912740676947815	0.969433	1.0	0.0	0.0	0.7405130322747272	-0.5317784540577633	-1.1155734494832057	-2.119160281534656	-0.635289312284352	1.670815546025959	0.07759990692195712	0.600518548586101	-1.8316722386399844	-0.687073023540736	-1.6409896366025105	-0.90182305255249	0.9050986319993718	-0.7374610334477582	0.13945817141450545	0.7982250731086084	-2.2869454187413467	0.06179621104040034	-1.5368821450652344	-1.5324702681862168	0.8279423157302312	-1.3488736963693697	0.0941732280491799	-0.3254266567727097	-1.467426122606255	0.8789459511450266	0.7771295439346503	1.1491985223677434	2.261823003521753	2.26596617506399
Br1890	-0.0114454	-0.00396775	0.00868489	-0.00183009	-0.00684947	7.8	0.2970426000954813	0.957856	1.0	0.0	0.0	-0.49597730551070746	-0.6139443268862355	-1.395040758436754	-0.2660866142934943	-2.080286284059431	-0.859706137449342	0.276885931329452	0.7795579745849229	-0.7395029227357597	1.058059261070838	-0.7034586604478942	-2.1983899250779575	2.360754548066331	-0.07623719558973864	0.6794210239618145	0.32555825909186725	-0.8425794489557286	-1.963545832545784	0.08049469813960887	-0.8268148114003236	-0.8699744794471881	-0.8728212702969262	-1.7551995546913055	-0.643716132445506	-0.9245796542858742	1.3887282057258874	0.2028450165708094	-0.9229449167023804	1.100676894180348	0.7226256690806712
Br1905	0.0277074	-0.00375138	-0.0013103	0.00196198	-0.00352803	8.3	0.2040272347649814	0.966707	1.0	0.0	0.0	0.258505960480771	0.9656694499117426	-1.3789473534529442	-2.439549833887569	-1.2850691806696535	0.3482329347377761	0.5842053431016553	1.5212567018651864	-0.5151957803800055	0.0867880278263822	-1.332519664728225	-3.7541802686722394	-0.6982038854120097	-0.21462079202575424	-1.3794497137012363	0.5604663410095583	-1.4132272954697425	-2.783638086095576	-1.7485702996570915	-2.307408247174226	-0.7129299891440879	-0.7928917568730464	-0.28469205499780176	0.7337828818212563	-2.9769069595868656	0.8933936677557264	2.530238135900193	-1.1839116269846839	0.16163388972206996	1.325411275027131
Br1225	-0.00933303	-9.89944e-05	0.0504355	-0.00312706	-0.0271503	7.7	0.2064576751349954	0.971524	1.0	0.0	0.0	-0.6949402546439885	1.4281931870623983	0.2870354559361575	1.5906913926739894	0.7603918346564588	-0.6302330444922948	-1.0580277156072846	0.1800213132852009	1.103203007971298	1.9772585927905693	-0.05775067504470768	-0.46094854457712275	0.39999265997722155	1.2985819956047016	-0.7246648167386965	1.5856635176964022	0.1621419358262144	0.2965708844308913	0.16926968569499784	-0.534141457930678	-0.8190961370905511	-1.3071888251687371	0.14789386815985878	-0.8981867888971071	-0.21031539287952214	0.42911868311005263	-1.2855064331912198	0.9693273275315514	-0.16497161492790727	-1.2536526784804591
Br1235	0.0322049	-0.00293504	-0.00523802	-0.00790448	-0.0168862	8.0	0.1960041573169095	0.956121	0.0	0.0	1.0	0.3105460332726233	-0.584180017375615	0.922469447533821	0.2610289374657688	-0.22627399343545934	-0.1558001463298607	1.0800599668505129	-0.34291001753203376	-0.47504985118481263	-1.9453164096737134	-0.1515172402099017	-1.4212598031727484	0.6683522631138642	-0.9394363453744791	-0.3855308810374423	1.066052779493854	0.9130033979405863	0.4059256061014744	-0.31292927790581176	0.5080229696389348	0.288660713241759	0.486989996969602	-0.12779936124648877	0.7561483816342687	0.6408538354701476	0.8851150426070349	-0.230618039985317	0.8975196262422308	0.8512501940421091	0.7736252813860947
Br1243	-0.00267739	0.0507765	0.010697	-0.0137335	-0.000288973	8.1	0.2044376543968802	0.974404	1.0	0.0	0.0	0.4261953332523878	-1.6570844516307308	-0.1998051519569573	0.5716841499062245	1.7750852764884497	-0.5850951895835939	-0.8077252732539876	0.29209629949811255	-0.08579699556782554	0.26518981250322426	-0.6395037194813492	-0.5606924776834661	-0.919951491737398	0.5661135473710399	-0.3172158921321123	0.23319739506024392	-1.5994159081157702	1.979159126269102	-2.079222866468822	0.1501828856242859	-1.4060451623503927	0.7940344861806813	0.5512687615206903	0.3014457919281013	-3.2367648993093767	1.4732017099973196	-0.8483866104146457	-0.1554712552012267	1.5321804853003493	-0.09509784510312022
Br1263	0.038801	-0.0057682	-0.00149775	8.61521e-05	-0.00683322	8.0	0.1875160122012223	0.971259	0.0	0.0	0.0	-0.1255930885954902	-0.2766602403379761	-0.9749369604119106	-0.05537282690554678	0.3810532738564059	-0.5591432683555632	1.8816240865964928	-0.9039844147435332	-0.3215177347839641	1.3484122680767128	-0.7817014843979466	0.3723654140362861	0.25758704983778424	0.4785819258723962	0.3939865678274227	-2.222014990930756	0.1267195030357592	-0.1084533034114101	-2.7615390720509345	-0.16391068517634327	0.8356062751513795	-0.02445996227536675	1.0215544358618798	-2.338573377359535	0.9256324839962672	1.0104356874134008	-1.3534208973882453	-0.3164428282653117	0.056470266367293895	-0.8131693122612661
Br1265	0.0399431	-0.00290966	-0.00286284	0.00554977	-0.0061491	7.0	0.1962083627866066	0.962376	1.0	0.0	1.0	-0.04569156221274446	-2.161599345911705	-0.06864890040418531	0.8601372943475804	2.3416609897338305	-0.5365903900492766	-1.0005583707416856	1.355628363969718	0.2682978296927154	-0.7882379784377518	0.8237201777524739	-0.15427589530348218	-0.8901636271611989	2.072156778282957	0.6659857292527238	-0.8427691190217134	-1.1063759780350666	1.6096247327324402	-1.9400823573135513	0.7228929132214124	-1.6313663654770474	1.1354538101368012	-0.07133078997903308	-0.09642569875804506	-3.8288388475698896	2.8193092448157446	1.1944595002682858	-0.8440973037884532	0.10945066008500803	-0.44755778824858716
Br1276	0.0293797	-0.00196152	-0.000695546	0.00656966	-0.0097603	5.9	0.1484657539044266	0.975404	1.0	0.0	0.0	0.059410872991048976	0.008655667739999333	-0.1341919746081363	-1.405232634465124	-1.7466250693255594	2.2516519056207827	1.1603332361627074	0.8865663877742196	-0.21989871197093958	-1.3297490949735584	-0.5333902911006004	1.9840816533378132	-0.16145722544905483	0.1162225832586083	-0.7020153771309188	1.8786912770835615	-0.2662984469407743	-0.576816528487151	0.08818209258388246	0.33794111261356696	-0.34103657461853176	0.5492481445705487	-0.5784448790675937	0.08409399754676186	0.18892113269457936	1.4806384810077515	-1.2058157626791268	0.07596356833365699	-0.49269670107381225	-0.32448483362765923
Br1279	-0.0124362	-0.0029589	-0.00676985	-0.0016701	0.00231811	8.4	0.1837362114071409	0.968844	1.0	0.0	0.0	-1.8498225665416541	-0.7483614804805264	-0.4184132134915798	0.6256834850905778	0.24826527373877447	-0.6415879118693716	-0.7615091129041944	-0.357959624088305	0.3852405884894011	-1.1134741536287145	-0.4157328235046184	1.1637477473751716	-0.09778998688608784	0.5885859315316245	-0.8951972544377022	0.816568282109103	-0.4090776689950563	-0.49264011412830344	-0.8487687024697668	0.24322470706239582	0.11270658918629974	-0.5445509688601732	-0.07843509834080434	-0.4091068013408175	0.5343962128543748	0.41529017599318513	-0.3854966948179904	1.224126066586407	-1.1399578384484552	0.07948441076825263
Br1281	0.0274893	-0.00444846	-0.00523461	-0.00328414	-0.00364899	8.8	0.1707268674692379	0.973636	1.0	0.0	0.0	-0.15233114635492534	-0.1084521421724808	-2.0604271374541097	-0.30333183330044705	1.3867844082073022	0.12689662914655214	0.9466081390948794	0.38248365298864656	0.9791351512129307	0.7370616628749408	-0.19145116610858193	1.328384462495336	-1.1941483232162418	0.9373808429536082	-1.0629909571873544	1.6686912685872823	0.9658742466780517	0.0693309167870466	-0.9697933551987737	0.9725361219237255	0.5479566679234104	0.5007792874309418	-1.417146864640903	-1.5096889404708662	2.1552860198207866	2.4632325518197975	-0.14101532411387602	-0.01200631104970887	0.6333789501451971	-0.28374232834629476
Br1320	0.0375983	-0.00521579	-0.00194832	-0.004587	-0.00336603	7.2	0.1552383071477073	0.981459	1.0	0.0	1.0	-0.42981782519641387	0.45068128332019847	0.41942318914765175	0.5067759375407334	-0.099312671931234	0.28480012622545625	-0.6539021590832925	-0.24356455395316598	-0.6625930702679006	-0.4746278950069065	0.1725176030662001	-1.171254282242957	-1.2067266650387456	0.8761708274479397	-1.383379995159392	0.1685961093355959	-0.6830809498628181	0.18808445102755306	-0.5528772072496526	1.0876408127437722	-0.26906542004716816	-1.218675984156042	-0.3837199026898717	0.2950546008493866	-0.12041969368512864	1.0268546024771907	0.46299961818720736	-1.4952758909138517	-0.5741070066134722	-0.4226716951297991
Br1321	0.0400717	-0.00409757	-0.000693309	-0.00170721	-0.00156014	5.5	0.2647941894816106	0.957284	0.0	0.0	1.0	-0.11232160879550525	0.3358852270077119	0.6129457752494366	0.9860579620790226	-0.7712737957374862	1.0396064605161401	0.21816694553072943	0.7934009823749189	-0.24647232590436843	1.173805398573316	1.2023483644410469	0.33420137864984373	0.26904892517659607	-0.1665240371528016	0.918776199766241	1.795016686503503	0.4456515764273801	-0.5621542341387198	-0.22208127115255422	-0.4787769586079756	-1.2326056097569635	1.8819181012079491	-1.0366610392325217	0.08221480773828818	0.5141083787712325	-0.9186979578567255	-1.2873902612837116	0.4067642960837196	0.8942509647674592	0.5574327015573481
Br1325	0.032893	-0.00476862	-0.00187297	-0.0025161	-0.00391572	8.5	0.1720028256708907	0.970267	0.0	0.0	0.0	-3.0752046574867475	-2.0907647474043474	-0.6869403231710469	-1.7449477980099237	1.2198730569983371	0.5713308591648639	3.1592921755044534	1.3841702853315758	0.21613171383352883	0.9997534969858177	-1.913415845243271	1.2000792617054734	2.3163404832149936	-0.8632430263486028	0.8874825689047998	-1.5814334708345654	-2.3529435531831777	1.0273136946841699	1.8182270857698617	0.9821094225177823	-1.127992579018712	-3.101442239221565	6.834197912098342	0.29163177768054827	-0.8764799303994338	-2.0322863733890744	-1.0937960680380028	-1.3939054381878968	-2.3946709070546444	-1.5036033663717867
Br1203	-0.0126477	-0.00458922	-0.00655583	-0.000886605	-0.00186211	9.1	0.1984229468192485	0.9665	1.0	0.0	1.0	0.9167341297275812	1.652621150070844	-0.7820400742471011	-0.7330503516360236	0.1760255332757011	-0.6361150844317066	-0.9247396498653876	0.6976441213769173	-1.5560311000494338	-0.3182370533837182	-0.7867634001499559	-0.22008655293180637	-1.3342856063623665	0.7697323818406276	0.29112556713603854	0.36604331824896474	-1.3763789829821353	0.584048524010006	0.4415372600189765	1.054209539509779	1.0388206443535704	1.8626461224256137	1.3728240561634892	1.934890515107588	0.7235880160980266	-0.6335470172815852	-1.4836603075586654	1.5207533391883972	0.26620191776966634	-0.123361704748574
Br1214	-0.0126261	-0.00627569	-0.00662533	-0.00393174	0.000900914	8.6	0.0175214030058985	0.966883	1.0	0.0	0.0	-1.4438919550266633	-1.074700625191296	-0.0027832029490619677	0.7444546902249626	-0.8640739062388889	-0.7692443079711074	-0.9160132364722386	-0.14836878894050726	-0.442040395914519	0.3975852122003373	0.6861448901747106	-0.5037149937516802	0.09266007800474058	1.697736654402454	1.1616703481068025	0.21879377731074537	-0.11764460970018753	0.3084328201606258	-0.5192850333332687	-0.7270536571593854	-1.488592989389451	1.6855079443763143	0.3991880277917918	0.8242115959920557	-0.5914121682465746	0.8746874187108211	-0.03612873248705095	-0.79439671006827	0.9737543151544071	-0.23137293756596053
Br1249	0.0298364	-0.00447165	-0.000772846	-0.000510797	-0.00736977	8.2	0.0160811039582558	0.965482	0.0	0.0	0.0	-0.06062793044600843	-0.015404891882736754	-0.5021734208158758	0.6797731495387827	-0.003910156351751091	-0.47102593927176756	-0.8458600395399193	0.4284189787947666	-0.8201010746924228	0.4559107997880834	0.24455276727347885	0.14410006861418415	-0.39708586232104137	0.17642468459797933	0.5961202483252176	-0.05846088144661494	0.800613040626325	-0.9901660313414157	-1.2581404961599048	-1.1088489732842939	1.2178547780663325	0.313521298482956	0.2742681545979367	0.43693466571578066	0.38329871455779413	0.028129869722717325	-0.3519233417481828	-0.22086594061370454	0.9257033269251216	-0.6226577047900315
Br1250	0.022614	-0.00381484	-0.00508967	0.00277493	-0.00334655	8.4	0.1778713393802311	0.969031	1.0	0.0	0.0	0.26914664473448807	0.2584229496441239	0.8472822404188303	1.063743422484103	-0.1695884812373423	-0.5334044585828422	-0.9675328501463147	-0.8015096334284546	1.056559015436185	0.583271355582144	1.6143023133772456	1.104216939037741	-0.11934513433425063	3.219572751670492	-0.21786935347276534	2.4836665838724556	-1.4794856830842091	2.0383796518247452	0.1691507536746735	0.8387412270809445	-1.2657792069996419	2.1313804623368315	1.5355826947718976	0.5142915307756826	-1.9610315225303092	1.836602175511287	2.1821760754660717	0.6270828161852685	-0.8137613699057396	-0.5974545857815301
Br1253	0.026688	-0.00169501	-0.000193313	0.00228284	-0.00284706	5.0	0.3764469458907555	0.969535	0.0	0.0	1.0	-1.332896089695825	0.6589506626586048	-0.7455841483541121	-0.5720265385182666	-1.1412936222290213	0.31420748442048235	-1.071795541184635	-0.74476467167951	0.20033539610310735	-0.4208585640024294	0.17725814472393975	1.021867741164094	-0.6742272818801804	2.6057253326729732	0.7686187467411373	-0.19669588712046138	-0.04596576916305161	0.5942934319137204	-0.02569923659597691	0.48893213251714507	-1.462727227749447	4.213225718617614	0.1287343947243504	-0.4179151867059357	-0.9122983092059973	0.8153595006881853	0.007595187343372153	0.2856049606685057	0.5648087554772794	-0.826733400109362
Br1283	0.0424423	-0.00240387	-0.000199076	0.00126626	-0.00181694	8.0	0.2488295093572046	0.963197	1.0	0.0	1.0	1.1741155013031233	-2.0172626917988126	0.20471242904283313	1.4103196145488046	0.356360420315232	-0.14491636561179785	-0.8848000706233565	0.16007841176490936	-0.49186597859890524	0.021480291144801832	0.3036057335387076	-1.111113150130732	-1.0375417525725905	2.495094911053901	0.49942084870020126	-0.5860598018183499	0.20693369232293765	0.7018362627802701	0.07750349292700502	-0.19238513068792013	-0.5382992164952298	1.0806510911715301	0.8917607807839875	0.17658936363531663	-1.7258702478931753	2.078970264067786	0.3482604336961597	-1.0154453028566284	1.543224716941206	-1.553936119723071
Br1297	0.0251383	-0.00326598	-0.000577583	0.0024606	-0.00382238	7.9	0.01166042358056	0.976045	1.0	0.0	0.0	0.0731421055858742	-1.1916300240216493	2.091769550394442	-0.23434062464253066	0.16238065820730538	-0.9645227620323938	-1.0325200816691027	0.40130984262623093	0.6510576777395042	1.5670201483567117	0.14103170568124493	-0.9811004866839724	0.33765436182010977	1.0734570985369873	0.8501233078717052	0.7538108488415832	1.1202016615344979	2.4545304735418445	0.5714763200560814	1.1641206791650307	-4.11876813089011	1.7021445878958685	0.3953345898533893	0.20712972421712927	-2.0436061953241005	2.3352462237652305	0.3137831103500828	-0.2207878429534206	0.3785873136216589	-0.2498110695697648
Br1304	-0.0126107	-0.00524484	-0.0087914	0.00524816	0.00320493	8.0	0.0204062167878291	0.963427	1.0	0.0	0.0	0.39387108367397095	-0.9997063277276456	0.1507942966378533	1.1834706122034435	0.4016685112408891	-0.03802253194367566	-0.4839620640602933	0.24457438077305768	0.05316652201918412	0.24937386202840708	0.8334519332484248	-1.0678528292407399	-0.2739773021841261	1.8223072809401764	1.1625309118332332	-1.1051969242706574	0.7794014480402386	-0.24609977548824513	-1.3178683507272058	-0.8720975101605223	-1.0472575203481285	2.4839879054052942	0.7790432648032001	2.095884310279583	-2.0010034540837	1.1483315564387684	1.3482021157158341	-0.04001457404606102	0.44751838206880523	-1.5633736983909343
Br1306	0.033214	-0.00287853	0.000495994	-0.00180722	-0.00642599	9.2	0.1354679576762376	0.963387	1.0	0.0	0.0	0.1015012376547253	0.8834019116207821	0.08867436545595703	-0.8591310834803878	1.407448683184203	-0.47220429514706025	0.2459995059731347	-0.8177164905951023	0.2129203039534236	0.7221530485423676	-0.7651994814570539	2.9128879593756483	0.11277215919597722	-0.1646823845201667	-1.1746198988744259	1.3989766440568985	0.8494688027060614	0.5541659261825594	-0.9971326272678162	-0.20172887210257762	-0.5881945737999407	0.12327787341434646	-0.2588356180296283	1.1741038139893683	-0.8014766748950065	0.7807625779795146	0.18062680846959386	0.05232973432735025	0.923461019463619	-0.7263938919407458
Br1314	0.0321087	-0.00206716	-0.00207913	-0.00579751	-0.000871152	8.0	0.0145164051704807	0.978119	0.0	0.0	0.0	0.5243309429638358	-0.2937871373751086	-0.8172967456972164	0.4182405613882739	-0.003372835794713563	-0.38717476155918307	2.0310431382823393	-1.1499031296841928	-1.6177481326897103	-1.5795160205761758	0.6485933822649983	-1.31506954691812	-0.03447196144577286	-0.6930026479222536	-0.3667732714716986	0.037390960947298886	-0.9698089255712695	0.18160022051587432	0.08369405672965603	0.661737029820169	-0.6056077834675393	-0.24243667586747938	0.6955492796038037	1.6153727209210789	-0.5699947874630407	0.160284632719369	-0.596649944413137	-0.8947446185229014	1.1522497792645143	-1.6916059501708496
Br1298	0.0330959	-0.00452452	0.00134591	-0.00109509	0.00130763	8.4	0.2440467275089468	0.952124	1.0	0.0	1.0	0.030341374220912924	-0.9484660046797962	0.7370012617988748	-1.2209918283559944	-1.3113699067840277	0.5448964584387841	0.26539960870033946	-0.7878836974727845	1.601633466725778	1.0252525551659786	4.859851767728584	-0.45900266184644617	-3.341752137383562	-2.1186268242441484	1.7034906623136887	0.5586782181140565	-3.078660397716431	1.6788957005035292	1.4716208411839211	-2.2537306128301298	0.9081844660487713	-0.23240816717055784	1.0001193320710102	-0.1648720788532007	1.9533974681383075	1.1258930635425595	-0.15736585445346526	-0.609237875085692	-1.1555197744163666	-0.6885040442116492
Br1842	-0.0129792	-0.00492182	-0.00057997	-0.000955991	-0.00364146	8.4	0.1866962808582747	0.971613	1.0	0.0	1.0	0.27465886338670314	-0.23956004969193473	-1.8218067122130206	0.4107006377102164	0.01583108056200482	-0.9142533155044713	-1.2738127692637782	-0.3108390744318098	-0.30496744811914633	-0.7779370083230585	-0.008917440942329895	0.9665146455940946	0.20636699072281908	0.4350626166611886	0.10944716443900643	-0.9798809117326328	0.4121764201012045	-0.8399513684769726	0.44390518869955164	-1.0044010395932557	1.942194102376657	0.4703166856756214	0.09678541281592704	0.5959795392231323	-0.04194323804234	0.8292057629483733	1.3249430138340863	0.20864443749805708	-0.36367985658246144	-0.17761541473276085
Br1908	0.0346265	-0.00411146	0.000739634	-0.00133159	-0.00715863	8.3	0.1485673728051033	0.970512	1.0	0.0	0.0	0.49293645890906473	1.6547920454793048	-0.03637884630658094	2.1862741791664915	0.9572192152622975	-0.5509339345101089	0.2000967248058158	0.8332449138250104	-0.6623080273820947	0.5530520413136554	0.03371017100234085	-0.4568423053078223	-0.8733962129094447	0.9272373290696463	0.18070575287560567	-0.10400494973449005	-0.043157704687163956	-0.22938649996794194	1.4512806922108246	0.4959323663708041	-0.17616792524279995	-0.2201032492077768	0.8393411958086537	-0.16658291122296157	1.0042608657988612	0.8191312639545195	1.2398719989513105	0.2674973647749192	-0.5447854140696582	-0.2913810882996976
Br1918	0.0346731	-0.00445328	-0.00141983	-0.00326941	0.00111352	8.1	0.2236358434676531	0.970731	0.0	0.0	0.0	1.7191303514806373	-1.4715749690652875	0.8190137759631732	-1.0056046211464258	-0.4822655960882912	-0.9917039541994291	-0.8426559247820706	0.03985911059997536	0.5935557731196954	0.2697690611899274	-1.1497012514577167	-0.6265366256239181	0.9729543986886764	0.28262695056313564	1.4328609975020123	0.3683598528683205	-1.0311663777933073	1.1544628449024366	-0.21608969534421563	0.6985627915874709	0.20510004671068668	0.1891246240734097	-0.502423655855542	-1.5253640539573974	0.3604903659540767	-0.8392767384326241	-1.157961687780735	-1.36037933087123	-0.23767805447305929	0.7718170725232631
Br1936	-0.0126448	-0.0040733	0.00103492	-0.00481184	-0.0029594	7.3	0.1799676390678377	0.971791	1.0	0.0	0.0	-0.23026027484147468	1.1854899976981224	0.04821623026631023	1.2512363870915528	1.4429716305251505	0.21923490293832187	-0.5635091503367593	-0.6831701553285123	-1.5164738770163486	1.0586433589360218	0.7409142948317442	-0.20481002367772863	0.39857394407246427	0.7993620614739481	1.7932528604837321	0.24500653401129716	-0.17241204000109162	-0.3089459171410453	0.6460710304752665	0.9919728986961275	0.00715954051915656	-1.2816963424270893	-0.2154688978000309	0.7858322686548626	-1.3221955998735984	0.18107959132022905	0.8518152700432862	0.8044958059634427	-0.2356132811991557	-1.2835373609660268
Br1909	-0.0124398	-0.00368729	-0.00618731	-0.00432524	-0.00386099	9.1	0.0139047613777245	0.972283	1.0	0.0	0.0	-0.7530294116941796	-1.5231672757725143	-0.9661188001312085	1.7455907083338327	0.02301409257784074	-0.9091395172391173	-0.8062580720807778	0.140883355970267	-0.19404007311394636	-0.2694030348486578	0.03853902757074024	-0.8091743914753228	-0.03606394979508862	0.06443880685632279	-0.056945188059975886	-0.19233934356710747	0.014871468046619419	-0.4803849527105741	-0.48547107026585823	-0.8812277033231373	0.1459902926283044	-0.44740197574027285	-0.3647549625051037	-0.0940205051678294	0.41663946411338687	-0.48639662434037034	-0.028372874004758387	-0.6174421462261658	-0.39616722507621616	0.017933327738205804
Br1927	0.036346	-0.00448981	0.000411506	-0.00276217	-0.002678	8.5	0.1521368473512505	0.969626	1.0	0.0	0.0	0.3255442243471094	0.042608551425385326	0.48316915714938613	1.1005235012039116	0.3710367670695011	-1.5424452305343013	1.9975986834763877	-0.14864461316617278	-1.0334351475193317	-0.6588377368138769	0.6714871190785049	-0.47918786471026614	1.070248021381489	-1.1759377430942366	-1.4330455613850972	-0.6779450710762125	-0.35675261253853324	-0.8690692166947783	0.9375282733661657	0.6965339456157758	-0.4719016917958	-1.1330316877857396	-0.1795924616806417	0.7978672897537749	0.04811505895873611	1.5156887378535282	0.05625737001188585	0.9380098880288311	-0.053294064440532744	0.08732089660040082
Br1164	0.0369336	-0.00251718	-0.00280117	0.00282528	0.000324801	8.6	0.170839787526864	0.971266	0.0	0.0	0.0	-0.6114204810999252	0.41250366845853187	1.007462051329611	-0.6104774459544339	-0.2684456533832816	-1.3704954440562744	0.35897098065793986	0.09461629612696337	0.009260739808503725	-0.18180537541459005	1.242754465233345	1.053179711772998	0.7987596714283947	0.5955553587964186	1.069042312583132	-0.45486202831752803	-0.1524463292433854	-1.6997052616943709	-0.8507686735586321	0.04895078488697502	-0.04582823987750658	0.5544486937702555	-1.3138153087581623	-0.11634683986514893	-0.661431172745182	-0.920526155077131	-0.13143191142499117	-0.46781744677250847	-0.9920248708755425	0.9601369427075448
Br1923	-0.0128445	-0.00409931	-0.000416887	0.00183023	0.00409075	7.3	0.196089039798139	0.974629	1.0	0.0	1.0	0.9717394297096875	0.5198244133267357	0.36135783927824416	0.7367054166974565	-0.12878064220278201	-1.7244593725261559	1.2695791165475836	-0.2695534737567157	1.5075852144109052	2.2005922740752717	-0.28935468640200723	-0.15780697027334398	1.9275476477236297	-0.7022211387974389	-1.6597865046245717	0.8523003638918205	-0.9272987880243678	0.15488366164068348	-1.4927124795375462	-0.3493659448451086	-1.8700146741669261	0.32029438018716405	0.06033220926687257	-0.24277978031683878	1.9787821992720835	-2.1040016425078845	0.9250016712995566	-0.48855087253968865	0.17178525128049665	-0.5957473124202277
Br1974	0.0370033	-0.00282392	0.00133734	0.00158025	-0.00044997	8.2	0.1716852907199233	0.975535	1.0	0.0	0.0	0.8149807494525466	-0.05389729850936641	-0.03423920741726609	-0.6938207549861746	-0.22279722704442645	-2.820218396674774	0.23325342921285513	1.5528074784807047	-0.5745793776526545	0.3884869480362704	-0.5292349830479925	0.9609876264144148	0.5148501593577136	0.7885393049916942	2.9385406997927377	0.09675382795553732	-0.4424585298617262	-0.5224890109027566	-0.2833127904526154	1.14706062694789	-0.161919078419773	-0.5548056754175065	-1.490487946255983	-0.2905623629879135	0.44522257158402445	-0.5167541578355194	-0.10456765314908555	-1.1473454001866665	0.7383243540848009	1.0826422472841928
Br1995	-0.0127593	-0.005039	-0.00455175	-0.00336002	0.00327615	8.4	0.2446967280698213	0.981808	1.0	0.0	0.0	0.07086405421477333	-0.4587117408269356	0.44960918513974496	0.08241599216031542	1.778131046399063	-0.4631293359333054	-0.3858389677990795	-1.0934176665280844	-1.8029754447734845	-0.4730910981960966	1.4727903976487993	-0.8118138484567676	0.8809383585007149	0.9904914044416083	0.7809754945360092	-0.29397058989088615	0.44126691149008007	0.5783745770750282	-0.32683607017170385	0.48708390281173863	0.2857411947752047	-1.7630397192682423	-0.4584949143655112	0.011363685618405884	0.44105425967226347	-0.7665254276859271	1.6607457668949173	0.5677833230777778	-0.8287992469332959	0.3628821307331342
Br1998	-0.0124936	-0.00508762	-0.00118975	-0.00327519	0.00218973	8.1	0.1798084655178202	0.973035	0.0	0.0	0.0	1.1814486017762953	0.02059930161741379	0.8317831678578538	-0.21734002718215312	-0.7601880494195543	-1.8044884950504199	-0.4360847576106712	0.4455980960512618	-0.8469572036468321	0.003975492848128421	-0.4110458724198003	0.9189151428448769	-0.555340591376263	-0.290254832907306	-0.30027702164095016	-0.8521272844748736	0.1659093260808487	-0.5338928528394804	-0.5657661791142543	0.20168373741625348	0.40394848458054683	0.08027942981782464	0.5646196554874946	0.5454542988356195	-0.4045138384341582	-1.3256049596613826	0.7241988189231363	1.2901456148553319	-1.214382778212342	1.4374638612197774
Br2005	-0.0124594	-0.00489076	-0.00051874	0.00172563	-0.00217858	8.8	0.2132344491018971	0.979242	1.0	0.0	0.0	1.5465460297740379	-0.22322832750630978	0.8758960394726181	-1.080231833335878	-0.3624658860842995	-2.0412871149659795	-0.2548048571606823	-0.17667057242024	-0.7905496037804414	-0.26843797333277253	-0.7604078805178969	-0.323469619081855	0.22902322588529583	1.2841331718750184	-1.0231929563495508	-0.6506439508725823	-0.46406402133247154	0.033904174227008435	-0.07140382775127514	0.5157346479313887	0.22371141760098515	-1.29725120020234	0.5117555134400795	-0.12976449775426288	1.3013439590200315	-0.5550012152221745	0.8446112379929932	0.2716323871864646	-0.6867406374285455	-0.4461966495760749
Br1941	0.0275089	-0.00471304	-0.000372367	-0.00470571	-0.00160597	8.5	0.1739198825733223	0.972307	1.0	0.0	1.0	1.3257235621977035	0.8889691466644181	0.05857459792718493	0.20038068227374778	-0.2999451994710579	-1.572370768999283	-0.7385298205370215	0.5463674914725616	1.6442884636109634	-0.7061601242153985	-0.3625016929445919	0.531823170337204	0.12006731147781964	-0.00023988471524072417	1.1013376225392648	-0.23403529053910402	0.5118918429212327	-1.0263375041348632	-0.0877829154689038	-0.19821096865632845	-0.25515497650432556	0.02603981960252191	0.08601833039789632	-0.4621073535632107	0.0587208982523719	0.4740415557192492	0.1805796084282362	-0.967169420514238	-0.8127944048553674	0.5311338604666039
Br1960	-0.0124962	-0.00325397	-0.00101689	-0.003498	4.11762e-05	8.1	0.0160748307501029	0.968904	1.0	0.0	0.0	-0.12064023927517735	-1.0605868108398457	-0.48354248772403746	-0.05680166475282815	-0.3962866145162327	0.8566762245379281	-0.3485376723573091	0.3318022156669171	0.6891039935964263	0.3264827526318443	1.3427941990835874	-0.5738007500747624	-1.3986610894740532	0.20889505926915464	-1.421299597741462	-1.7665018087842097	0.1390545220380023	-0.2728739235817645	-1.0640400875954454	0.7228679919702622	-0.19628892515326557	0.023204461040636608	-0.39181928863074517	0.017724057934318742	0.09804540351765227	-0.9881011345872915	0.1353918619866455	-0.4229764919435965	-1.1107303851646266	0.6427582026041119
Br1980	-0.0121822	-0.00434406	0.000837917	4.02143e-05	-0.00113293	7.0	0.2560940913694893	0.957891	1.0	0.0	0.0	0.6235471621201916	-0.2682818352507453	0.8358637322046256	0.1425720400055987	-0.620558334485704	-0.8644033218290821	0.6915134735504076	2.6594778456433783	-1.7164612710177465	0.6765174486323929	-0.07906437745185743	-0.3928802130156536	-0.6385661891001957	0.7878185118774256	-0.5465379513795685	0.2511501356698014	0.08847396510236949	2.9066129331162154	0.7129402043930954	-0.40659500107265634	0.802203186528781	-0.7966451376522701	-0.27280506053022313	-0.7672866424260314	0.7210216486541283	-1.011160885120042	0.20918601604176804	1.1944484284907668	2.6158025174850477	0.6374108391060974
Br1987	-0.0115461	0.000102893	0.00537497	0.00712032	-0.00404993	6.6	0.0120678998479452	0.974343	1.0	0.0	0.0	-0.5886729696507577	-0.9238140083132504	1.4725332037148287	-1.183953058877453	-0.8644780144389927	0.3549396109399976	0.004263396513074736	0.6678127320380832	-0.37765307136249027	-0.21394446183453744	0.8385954186042077	0.13938143453938132	0.13147725056731396	0.716877083452177	-0.2769787720310815	-0.4531874375181246	0.9065023864248872	0.346738242933712	0.08281729607742161	0.4894840969906527	0.6801148472644305	-0.8582732343310736	-0.7592045831408972	-0.05350929688578316	0.9187894411270058	-0.18142065237163818	1.4288908900654373	0.7441067929753202	0.641321824888869	-0.05285476241696192
Br2003	0.0375603	-0.00352789	-0.000320365	-0.00116621	-0.000334288	7.4	0.0098173690498839	0.949108	1.0	0.0	0.0	0.6517813169412124	1.682485204451625	0.9451454623515099	-0.7813303284397154	-0.8999119379150897	-1.3769204043628198	-1.040302352278062	0.29794463390086046	0.5740792238145886	-0.5005965478400038	-0.9693607211840205	-0.3622281296016438	-0.15587259214304994	0.059013670352282964	2.0461413102290695	0.09435919487612314	0.7505983271974813	0.49703807902251645	-1.2602069816748322	0.40349137887719905	-1.0211653252057078	0.13306209131759947	0.6386788622867503	1.183753544560687	1.3934640302030454	0.3042035451918762	-0.21857380178526814	-0.6744831880001702	0.16475557916961503	-0.5333030494801313
Br1054	0.0273285	-0.00391847	0.000496184	-0.00023529	0.00149166	8.3	0.0151359653618575	0.963495	1.0	0.0	0.0	0.46341292117820165	0.1643080436569058	-0.6577563603373082	-0.12831901677539523	0.26052500279259777	0.6383323959850042	-0.5716318005235392	-0.38227090547343473	-1.7270728765043348	0.5795954011353062	0.7121427859874482	0.1806792345969176	0.31878871861841424	-0.3321813550903972	0.8701805303156855	-0.8850381457489903	0.660374076348304	-0.9039898286445265	0.4139920925062869	-1.0932963294102789	-1.0023377780118599	0.8993576147866984	0.25920269390195316	0.2702788128203215	0.6813919356983873	-0.6120170853297942	-0.2280840732095156	-0.38615553411722314	-0.7964803943127992	-0.2313632962859183
Br1137	0.0344856	-0.00484262	0.00262911	-0.00306194	-0.00160208	8.0	0.0176927707661098	0.970952	1.0	0.0	0.0	1.3288383389403327	-0.7366726935119859	-1.5581738166479062	0.3904622374941285	-0.3192624435013802	0.5811778242795785	0.6100279451195845	0.9386741728991725	0.6011383150474996	-0.2565119420925312	-0.16836242258797526	-0.9780184428254217	-0.07190252321738108	0.36225868149186885	0.1801450801729354	-0.9446810872497456	-0.6167834352101965	-0.5263750883588498	0.6262315227080415	-1.378346511129758	-0.5529964326937212	0.5396935306893885	-0.7481375492319694	-0.5956194159250685	1.6189069470665682	-0.3227422957222644	-0.5993682461778069	-0.4791476670500141	0.026593902154793573	-0.9279825354910999
Br1142	0.0423347	-0.00413757	0.00125669	0.0015192	-0.00338636	6.5	0.1470980608986029	0.965344	1.0	0.0	0.0	-0.21953792782514323	-0.49859508765637944	0.2846570291549847	-1.8439241794835033	0.7894810810709842	-0.7194838368027343	-0.10196971858733035	1.688105283915485	0.13651044902862322	-0.7633722376837844	1.1593650364315113	1.1061397864879927	0.7685055912995589	0.24341063588471018	-0.331608314756111	-0.17246090514753462	0.8574738892980918	1.1190998014539582	0.6706573198411642	0.22569369306825574	0.6829907440266519	-0.8484625099011552	-1.0368570747329673	-1.4444987947229508	-0.2674675689747443	0.8103268627771549	1.454679537438663	2.643385306713893	-0.2561967611467049	-1.1018670549954594
Br1157	0.0411003	-0.0053979	0.000347823	-0.00498653	-0.00466397	8.5	0.0203770841535116	0.972271	1.0	0.0	0.0	0.09336692444843347	-0.7294327410510458	0.24870664126288314	-2.0273234855632634	-0.13103828597176395	0.47014549882537515	-0.6112360972586282	-0.9545097472109532	0.15339523768959415	-0.444335399061307	1.5145218890152676	-0.22754510050903107	0.23292769807172625	-0.007466055286831555	-1.3180646688053956	-0.8493114311600879	1.5362885059322808	-0.6030770559303558	0.20845275355003032	-1.1090889384723313	0.048246714436600086	0.41313174215171033	0.35140980882133016	1.0630769510745877	0.5622854229782329	-1.3033612133579864	-0.31885471470741206	0.23314354956277913	-0.7601484481045432	0.9916454329921919
Br1185	0.0359338	-0.00445866	0.00123968	-0.0081643	-0.00446446	8.5	0.0146605179753475	0.965308	0.0	0.0	0.0	-2.2500549198374706	-0.4688737644449259	-2.0211933192067426	0.26938551665246663	-1.4619432080005954	-1.4934417594357283	-1.5692817139166473	-0.30372822046820236	-0.20962064145250753	-0.7106083790014901	-0.17775725249615076	0.12537163792413722	0.4303829987701945	-0.38551888508090637	-0.5411469103888834	-1.6274699897411302	0.08371734618191226	0.8346468310579648	0.5140130431113566	-0.9363409821161124	-1.120122006352126	0.05325551819756513	0.4186446228280664	-0.1560261106836352	0.8374026185116188	-1.0140221278698853	1.612117682266873	-0.6837167986147316	0.3622367330741254	1.595959811301742
Br1193	0.0324451	-0.00613204	-0.00108163	-0.00706116	-0.0121019	8.3	0.1672717607704903	0.971851	1.0	0.0	0.0	0.8149059975944557	-0.8788391489032921	-1.3079790657947816	-0.6860926142355857	-0.11514741874807513	0.5184558979071899	0.4483728134099312	1.7264279607208308	1.9116168168650265	-0.7368373232795408	0.4997506392947525	1.632676548404567	0.1232883961559317	-0.146418635919898	-1.8368114366397132	0.014671024848401128	0.2086704005916566	1.2263330376715296	-0.11849999543506054	0.21290376986278584	-1.0610516890408028	-1.0928298976215967	-0.36801321384200336	-1.0964418311013544	0.37146156433325606	0.571062623608998	-1.0743465749965717	0.4932157409693523	-1.0837955848342795	0.783784907063246
Br1417	-0.0128059	-0.00390383	-0.00173595	-0.00247063	-0.00208296	8.5	0.1825103434928474	0.972476	0.0	0.0	1.0	0.9558875731516482	-0.4616993696892069	-1.6078675722463664	-0.3301447097374487	0.4803522476109591	1.2252981210902074	0.13928837350956622	0.5082504132538848	1.100564357270948	-1.0767565259795977	-0.5365998778643719	1.6160797363643251	-0.7569322303941343	0.0029314163360580946	-0.96654257540096	0.9780618259202799	0.01670369220405574	-0.11105889317628004	-0.1901708023627605	-0.11963651388344615	-0.6076352902931792	-0.027985993125804222	-0.5500004696511763	-0.5975358783960638	1.0592981115894613	1.1630911240104427	0.9052881526405334	-0.5882070162419719	0.02280088692360703	-0.3346685420713099
Br1056	0.039161	-0.00332912	0.00126079	-0.00372453	0.00434248	7.8	0.2401057833883958	0.960687	1.0	0.0	0.0	-0.8040696597171181	0.22485139202589038	1.1034760863736308	-1.1202557036689027	-1.7418855006151102	-0.009686851298634076	1.1325173242300697	-0.523244504256169	1.6492609196926402	1.23159087644696	5.519161308724004	-0.7405710598738775	-1.2970095667561	-1.027182538055907	2.436507363217445	0.9431544784458386	-3.204292815349034	2.266460654822617	0.5520977101792379	-1.6345787827807787	-0.1588740555227239	-0.2774562906002018	0.36886684355566723	-0.007101017959836718	1.180392918703703	0.5703291907980597	-0.5292287467633688	-0.7665582559899796	-0.924254816406432	0.2136134936111321
Br1093	-0.0123743	-0.00586678	0.000278612	-0.00306214	-0.000719103	5.6	0.2319089836090677	0.975056	0.0	0.0	1.0	-0.28536619245942113	0.045264061828057256	0.30364574774943903	0.08364573067069661	-1.3866128989004254	0.5464506268666041	-0.703983434117751	-0.7474121042820161	-0.7163186208438115	-0.27561461231647183	1.4022046422764485	-0.3392507919053325	0.5510503608938084	-0.32853333266173246	-1.7400480598280872	0.05679347245418603	-0.12810881530783105	0.8076030926887989	-1.348893994514095	0.2671453111954013	-0.49871230978895936	-0.9936669414473213	-1.4401193452654604	0.5426061813613147	1.0393168163519517	2.0556464514569686	-1.3281023201280344	0.22576904554002558	0.26483998293212857	0.5675179342238669
Br1099	0.0292971	-0.00337074	0.000944832	-0.000355509	-0.000179412	5.2	0.0164855328928421	0.977577	0.0	0.0	0.0	0.3464850281065866	0.0995013956847234	-0.22671130490805808	-0.7424332348557002	-2.5803661276325456	2.7454216314820457	0.10221836433665028	1.2449681240994626	-0.14260551912650157	-0.18587334292966867	0.7847369999538013	-0.2291770713927275	0.6852387093233054	1.3816838642676064	-0.8769444071664166	-0.09639086577074361	-0.6310505061009496	0.7107204498152385	-0.7494294328042007	-0.6387261873571621	-0.26244115711145066	-0.2685774834201698	-0.09455956244274936	-1.1442265963893417	1.7348463475488274	0.9153895956350734	-0.7655479580155248	-0.47396834034508195	0.0358083513293163	-0.8190709423556584
Br1105	0.0399749	-0.00557565	-0.00270856	-0.00526483	-0.00487495	5.6	0.2216446677316324	0.970669	0.0	0.0	0.0	1.2726392324310707	-0.6077200525636725	-0.33543470523385216	0.620693086463319	-0.45393406856899493	1.9558410742507204	-0.7115214472310321	-2.0618552786789075	-1.2939096273184736	0.7968117412440398	-0.23106140010818968	0.16196939804572058	-0.1049928191242107	-0.3821088271646696	1.7946184085192398	1.2581290655996118	-1.0141369629732386	-0.14336760238940605	-0.18802135890378904	0.95709323189676	1.4245772177406422	-0.19472502008357848	0.32060343040827133	0.019949259869769764	-0.6236415183179355	-0.3210953852021994	0.1284361001610291	-0.5827073851229561	-1.090931238802004	0.06286288215499994
Br1111	0.0316008	-0.0040936	-0.00331854	-0.00270918	-0.00568643	8.1	0.1537611074846196	0.971274	1.0	0.0	0.0	-1.4348340064393434	0.5062702551756156	2.476977089964815	-0.47868264841442526	1.5962046934844836	0.26060706406802586	-0.6034667227703543	-1.0551784669351456	0.641246806136122	-0.5970180383150302	-1.1475645583965774	-0.09991024009296753	0.5326447997873001	-0.7439920410444454	-0.4753449735350807	-1.3372548223774405	-1.2077058350120842	-0.02862356257482062	0.6937703268767232	-0.009240574811351527	-0.6098224313503726	-0.6317926927508749	-0.3976524350460911	-0.20910961705173486	0.2528843290106458	1.141749298380026	-0.16933518150755061	1.7029636564938162	-0.35143490610534034	0.29311301888313107
Br1113	-0.00795688	-0.00172694	0.00265763	0.0101497	-0.00140484	7.9	0.0155688674745292	0.976727	0.0	0.0	0.0	0.7503124399498685	0.32414276880458925	-0.3219623383250809	0.2329489842403075	-0.2065476551432265	0.32222035715265007	-0.2963671822399345	0.21693768237317831	2.0191452784656523	-0.40368069809588003	0.2334548737421529	-0.5817519106803059	-0.27129488002969676	0.555058332179213	-1.0271849866581584	0.35224164519327383	0.6845488485490134	-0.9964328521748881	-0.11331586243106528	-0.7145504980050773	0.4977432148365256	1.003960314703859	0.5325528994511175	0.6408081028755431	0.31883296816511375	0.1413297428110987	-0.4161446366025072	-0.31812681791737496	-0.02657883042934964	0.27193401557417485
Br1156	0.0364914	-0.00414122	0.00209563	-0.00136883	0.00299401	8.1	0.0197480885111658	0.975227	0.0	0.0	0.0	-0.7512770106705671	-0.17051924141947084	-1.8098131845285765	-0.3765073972251858	-1.3034348201133497	1.033244025403823	-0.6736679147090073	0.40114540252931763	-0.31960397900811816	-0.762642557301277	0.3446389495821281	-0.8603012763304287	0.08507964766169743	0.6399489386643805	0.34323042598829645	-0.2772969843191304	0.519843890868894	0.09302332691612186	-1.0471204177063786	-0.2178892449324093	-0.4839869873845647	0.6754082310917511	-0.07697873274525034	-0.46791811815949724	1.2287477432403577	-0.7505748285977895	0.13307968445566062	-0.8352582501787794	0.04187423969325412	0.18185544986240967
Br0922	-0.0123636	-0.00202301	-0.00326789	-0.00229064	0.00280779	7.4	0.2215300630843619	0.980888	1.0	0.0	0.0	2.0386516159104002	0.3840771291358308	0.11658293681002077	-1.5957689015647512	-0.43146837685433986	-2.9915463497185497	-1.3654966665240742	-0.7444089851613855	1.1585234620730123	0.1192391521983145	-1.473704446496816	-1.9341825976862015	0.6414430985952396	-0.08923049191603401	1.6740245414341768	0.954117032032993	-1.5260992081892502	-0.00011581453396604785	-0.7357951555229043	0.8257237442190768	-1.3800108250054302	-0.9582532441717614	0.361662298927546	-0.11849222884758763	0.8388935493051709	-0.963195575169122	-1.0576271783666193	-0.6101622167045219	-1.7204126944308806	-0.6172094107791652
Br1021	0.0374652	-0.00457853	0.00134247	-0.00198435	-0.00486563	8.1	0.1759826815831335	0.967523	1.0	0.0	1.0	-0.39781754627546867	0.3368663635025613	0.15702076250524277	0.7640987018099261	-0.178051233170655	-0.3099978039093334	1.2745920691085726	-0.11663588917039708	0.27536164269653535	-1.4219033196690278	0.758427418338712	-0.5513560490755579	-0.5524563092892387	-1.6591571303279111	-0.006480783518913961	-0.33832304400523905	-0.36888616577594685	-0.0605914216137248	-1.1951692643694212	1.5262114903654502	-0.5222613343966671	0.3542722378061371	-2.535557719873772	1.4535128648975058	0.12821443344068528	-0.17975630252822164	-0.020444825111182265	1.0977107837778644	-0.1358038046411533	-0.13668855479267183
Br1023	-0.00928093	0.0011762	0.0306142	-0.00248069	-0.0156221	7.4	0.0143405649824892	0.973346	1.0	0.0	0.0	-0.9574350158370702	-0.3224039553296591	-0.5498733058995018	-0.15196581983508403	-0.8450970913463066	0.48280881140682425	0.8867032440815118	0.6515636090232924	0.44904085111185427	1.89589381351823	0.21950411731087488	-0.257591531943014	0.37029284281586156	-0.20236525981569292	-0.8388143193636655	0.4104039643930272	-0.36162622391205834	0.6891024648236486	-1.645511147327382	0.4142129019776202	0.5992850684033045	0.5711064076950275	-0.3050970177332471	-0.2956265843010448	1.472462874165773	-0.38013019903797096	-0.017169148990206662	-0.13890493664938147	1.1804379775443297	0.042948650899075826
Br1041	0.0366099	-0.00326231	0.00553199	0.000166282	-0.000541084	6.9	0.1920303349728281	0.967656	0.0	0.0	1.0	0.7309588609288498	1.7990589746602517	-0.19596028706616053	1.4304103980221436	0.9771480646040797	-0.6436360457360404	-0.4437791417598631	1.6140020906087336	1.1816744513184105	-0.36013458534395565	0.3597528679839156	-0.0917282861471647	0.052953987195468635	1.6632929367760874	0.5667851120372209	0.3989854714589707	1.0475781976617873	-0.538600128531831	0.6850286453946339	-0.9985819595382276	0.31454258913748756	-0.5002909537722515	1.4919792234193288	1.1066632912979473	-0.1268658534188904	1.6671493654499303	0.4071377008374991	0.5997125665354965	-0.7361327094705199	-0.5579646295198301
Br1084	0.0406519	-0.00140999	7.89747e-06	-0.000391911	-0.00797489	8.5	0.1799261822484978	0.963762	0.0	0.0	1.0	-0.049174939897875164	0.7711299325333456	-0.12090066145741575	-0.10716225739243958	0.4310192892796891	-0.6772009586051123	1.2612885112430343	-0.1998596775966191	-0.1280083582736654	2.4381565828613	1.0260965719154551	0.3434960085688513	0.10839377630673401	-1.3200829299866945	-0.6397706851131729	-1.2167057470199119	-0.2675237624246431	0.9554726677268689	-1.2369027951909868	0.6140882892097058	0.6845771346283772	0.4902930152653022	1.2514856799980876	-1.1873237254576465	1.0012142461962572	1.5256265720552862	0.9234659519693706	1.832422894975165	1.045892755050738	-1.0996229164864564
Br1134	0.0258755	-0.00397764	-0.00224943	3.25744e-06	-0.00128673	8.7	0.2173303271045185	0.973606	0.0	0.0	0.0	1.2240343564988752	-1.4328485207329986	0.5041587126256295	0.6773667897534645	-0.16218928030038923	-0.537110231465106	0.30076878590317646	1.1068355190047452	0.3044186170746765	0.27183119156144675	-0.3788634322759899	-0.6611709767376065	-1.2912080421641203	0.18102482598618683	-0.6347199576079614	1.4261640336379613	0.23131960411113403	0.0635781160299879	1.3898002852552034	-0.11273276818682351	-0.33124297362266836	0.35543784754827	0.12926193036026595	-0.6671867721828111	0.3881981238333427	-0.9217415347586907	-0.5479203258172061	-0.8043038433163116	-1.2222718028018722	0.3442434719936643
Br1183	-0.0127485	-0.00695354	-0.00319519	-0.00227993	0.0032841	8.4	0.2033579737281979	0.972389	0.0	0.0	1.0	0.6617035391278003	-0.8260331231527339	0.9913072990687333	0.15382281143400808	-0.874567709747241	1.133092078465491	-0.2748545724329935	-1.2334361900979998	0.16540634718913577	-0.7854082846844843	0.012697599397794631	0.12567584819284103	-0.010952418705381177	1.033887134212501	-0.8322010162270282	0.494240805856322	0.3551320417348949	-1.0574851552291287	1.3583913776078516	0.24267060832990436	0.9415989884674277	0.437958761903892	-0.028063398592655803	0.4906567622115144	0.3617896402918918	-0.3020900179036753	0.5479027492929193	-0.5576554883790918	-0.6067870677785672	-0.12511171189267464
Br1039	0.0286352	-0.0031289	-0.00242607	-0.00499283	-0.00116361	7.6	0.2082872811394547	0.960204	0.0	0.0	0.0	-0.16697552128361515	-1.3807069226883948	0.34698005656606096	2.001831319083841	-0.05458605807962857	-0.183002812684246	-0.2360015826069638	0.28717642914285135	-0.14458197037187812	0.23592732964190546	-0.491968587910106	-0.13818164536819627	0.04042230689920813	0.4529122291631186	0.5622912001274069	0.3900893919074586	0.0369595719571448	-0.49084948892870134	-0.8330512902257231	-0.32515479872806125	1.3801956008026361	-0.4417534184322239	-0.3509902706005073	-0.40683249148257977	-0.18155294608754555	-0.04705149489034828	-1.179604153946065	-0.9372758633226026	-0.27217349513253597	-0.38840861841417507
Br1122	0.0346512	-0.00336495	-0.00121841	-0.00160575	-0.00291859	8.8	0.1783631575076673	0.974035	1.0	0.0	0.0	-0.10143222964897287	0.6944135169611949	-0.5742204341094336	0.8931306526173654	0.24440763171516056	-0.4347316572607293	2.3365585069678283	-0.47115865433270254	0.09544969429795745	-0.21523011211462648	0.288052724746439	-1.0624834991620704	1.9350937791320661	-1.265490281865511	-0.9812617750165792	-0.6718467453489954	-0.5784966144012045	0.5696367052271472	-0.23785596867130138	2.3016753216222035	-0.8872199584202001	-0.5511053253581654	2.053683152941422	2.1016709813092365	-0.17989941669331114	-0.03514040888853601	-0.2537520596669108	0.2677248675802032	-0.03353927321207764	-1.6905345790339341
Br1143	0.0347443	-0.00322848	-0.0194111	-0.000872445	-0.0137379	9.0	0.2099269986089048	0.969655	1.0	0.0	0.0	0.9176107443329473	-1.7079985518453564	-0.4290593805919021	-0.33410511680899435	0.035511747871485554	0.8113582188387457	0.5184772465458205	0.1186246272115685	-0.7022055313140678	-0.2357337053087039	-0.02377126731400251	-0.07746905172222804	0.47261642214739175	0.4615307093220973	-0.3539724871591986	0.35284129956620347	0.09524946604796777	-0.704381600691622	1.4441901407399846	-0.601848310098089	0.2794378115627675	0.6689689258681547	0.15708356257594838	-0.23082121136443617	1.2062448523026412	-0.3126120844806547	-0.1510564847395461	-0.6799417969871282	-0.01785214447602615	0.7381030488755279
Br1167	0.0278394	-0.00313463	0.00854952	-0.00138293	-0.00532143	8.9	0.2008807922958116	0.97825	1.0	0.0	0.0	0.0802498400165773	-1.5599625834765949	0.9034804656518409	0.9305380146113067	0.6067344670511142	0.29593085075326986	0.04295325162573348	-0.5350942831543808	-0.5773309842649255	0.8111133578966321	0.21711934343549213	-0.7283391348988822	-0.3821661597767778	0.6382366159866335	0.07419223598944694	0.3113239090308319	-0.5537888059868974	-0.9120420901545663	0.6422388459924304	0.7244382364991011	-0.3593291542863607	-0.7752344782045025	-1.015073935793867	-0.43350923149409354	-0.44531276812971	-1.4496520565296978	-1.4492390629533467	-0.8041042256935214	-0.43773021089862474	0.8067944291226047
Br1179	0.0384289	-0.00241466	0.0181107	0.078911	0.348883	7.7	0.1533953781678964	0.9709	0.0	0.0	0.0	-0.5017670685385061	-0.28873569733160637	0.04017288061682874	-0.007309038900338256	0.40283097355590747	-0.002072488575094278	0.5011925072478632	-0.2366751846142466	-0.1911250728758162	0.05758541656642802	-0.029814426193561172	-0.3842897838273974	-0.015213142619616189	0.032950023336669104	-0.12068003763577523	-0.05857570801208429	-0.3704634047369196	-0.1538363005364647	-0.41188982210494574	0.2848598013229979	-0.004368734725661494	0.24178149889965683	-0.8361079666651575	-0.2798389976816444	-0.11437465608783351	0.13016756283219302	-0.6073522858801642	0.2018282846779922	0.06389549092064302	0.15764169817704538
Br1579	0.039394	-0.00427554	0.00242531	-0.0061134	-0.000430261	9.1	0.176935519512971	0.95969	1.0	0.0	1.0	0.8969348225767564	-0.8977440887610434	-0.21233661260834874	0.4417854469209154	0.9105078452630093	1.1806875170342672	-0.8426562925668503	-1.0150120286646487	-0.66077411583228	0.9048670269861164	0.07273697352494646	-0.5034794440208314	-0.19344308163008214	-0.6334676422375075	-0.5214671882574111	-0.5609183019307531	0.7304817376744003	0.10408262627564155	1.4833822511743309	1.8572305294665719	0.10934704198278038	-1.2312142270414155	2.7200898020963042	0.07247711062939961	-0.7674810053401995	0.25391539957315007	-0.36382913253906307	1.4447737010218715	0.37653162995207345	1.689787460649697
Br1004	0.0334534	-0.00575511	-0.00365793	0.00132076	-0.00279541	8.2	0.1296419649202035	0.97341	1.0	0.0	0.0	0.8539502334155196	2.8138053835589596	-1.8850344591527384	0.5048900338414166	0.8560513808215318	-0.21932236887019294	0.41582434057500184	0.5194071054871545	1.844666800843269	0.6043874621418567	-0.2931720036795934	1.1824530294990547	0.13758708159331481	-1.0768027498057853	-2.045656893723646	1.72190499794943	-0.22984862898799888	0.8840460609686505	1.748650731771959	0.1270641256825573	0.8731446001416262	-2.0210821728280655	-0.3886312891228046	-1.6497355996722975	-0.08805164945070758	-0.9991842927351902	0.4266955108755644	0.17503557636174322	-0.5615293995162326	-0.7611993318425923
Br1464	0.03574	-0.00602181	0.000514995	-0.00129796	0.00423747	6.3	0.1913089690153617	0.966896	0.0	0.0	1.0	-1.1703397300057854	2.8597473633692037	0.1377569857002284	0.37769409465369247	1.5648761025599032	0.41999403116332623	0.1381294589706451	-0.5502037305520548	0.22276283872334685	0.09406178598800892	0.22872502985266785	1.0894960940024767	1.7620826407983945	0.29463839762001237	1.1102938791358716	0.18998705569876956	0.14073753031116693	-0.014108848778982327	-0.30072230788779825	-0.49863634602788476	1.5916829632666287	-3.65224050084471	0.00876157113209626	-0.5624687364563752	-0.3677786641288417	-2.8807294169425064	-0.5333557617008433	-0.5567320358764821	1.1857197698397681	-1.1663451692870332
Br1624	-0.0124691	-0.00291764	-0.00223079	-0.000498466	0.000953796	6.4	0.3436707438285206	0.952911	0.0	0.0	1.0	0.3961306913073513	0.05709649367560185	0.6839114916059001	0.5654379872250292	1.6603054537134188	-0.9692797202781959	-0.7056714156145524	-0.1675598208084829	-0.6112662669437998	0.03381011833079061	-0.4298313211967628	0.17207042398521366	-0.23199118170583288	-0.5487969156466468	-1.1221756115673227	-0.839202393276305	0.2518350070103533	2.185424518931062	-2.919612226904653	-0.7826078233350512	-0.9664597551063532	-0.1773626384464973	-1.0220965668771482	0.8108331354765327	1.7976750756532027	-1.3858183042302477	-0.2511944635118795	-0.5890404776800556	-1.2838670569006687	0.23150092641562312
Br1285	0.0279063	-0.00321575	-0.000310118	0.00218315	-0.00584131	8.3	0.0214645884804764	0.968019	1.0	0.0	0.0	-0.39326106597302113	0.7950703648511329	-0.6595826836751024	1.0610077331254673	0.7128851069375973	0.6511814590336146	0.18355602228374293	1.1725468418605849	-0.04208806916097255	-0.06551599974504821	0.060223488727137585	-0.7219917634272522	1.352425075515157	-1.4932769071064416	0.8508330821687273	2.1045549877781573	1.0769065801018234	0.6365633550053078	-0.6426709116675728	-0.70977473383187	0.40773095814331844	1.0589217172450853	0.6283916218706274	0.08211592763838124	0.4412462890574186	-1.2368548962879415	-0.6495127156307655	0.3628085333312772	-0.8106365175288416	1.1524372415119797
Br1373	-0.0127501	-0.00569937	-0.00167511	-0.00524315	-0.000956627	9.7	0.0899873125518811	0.959669	0.0	1.0	0.0	-5.310035153400371e-15	-9.004329888477225e-15	-8.158050359615811e-14	-4.896905475688789e-14	9.513501963436407e-14	-5.131900248771254e-14	-4.0935742359940656e-14	4.010622296716684e-15	2.4051672570264766e-14	-9.075650696919989e-15	1.8025344345472046e-14	-2.97484036431598e-14	-3.2111932825567386e-14	-1.0006635853143774e-14	-1.7139254112601783e-14	-1.4886283639602296e-15	-9.899508402837174e-15	9.396597430035726e-15	3.1515832274872625e-14	4.407810715917253e-15	1.0622708916914216e-14	3.446816729371313e-14	1.9804408012634342e-14	-8.783031301495991e-15	-2.929471733315785e-15	2.75952311671472e-15	8.099149606418545e-15	-9.476691635767066e-15	-2.2111089442147777e-14	3.4431173958465894e-14
Br1498	-0.0125879	-0.00372675	-0.00381043	0.000844494	0.00290376	7.3	0.2061217219625494	0.969975	0.0	0.0	1.0	0.023488746157511804	2.047897919405335	-0.3556691714984245	0.5279198438395213	-0.8685202811109354	0.19052870624220733	2.6076360291544693	-0.586087885025553	-1.0365255623807774	-1.9372563534430751	0.08322637529522905	-1.0167511656249257	1.1620839200370137	-1.2631211059897667	-1.1702895079549067	3.264502306297674	0.1723164490796723	3.0963118339637017	0.5443199438523949	0.3693432781743692	0.8502652611196078	-0.550991769906495	-3.2364557599105703	-0.07535320725926668	-0.30859182933596363	-0.8599147517743707	0.4435755395770068	-2.600917387383018	-2.03551539483288	0.9248960336936534
Br1504	0.0338443	-0.00416901	0.00423547	-0.00242996	4.60064e-05	5.5	0.0106924871726764	0.960776	1.0	0.0	0.0	-0.6481124611550397	7.5303615605494905	-2.3470470660860974	-1.637609587484628	1.680543665041011	-0.524555801998235	-1.573969628490474	0.17872182351357957	0.24140934598654523	-0.8892726176943009	0.9654026855360176	-0.7450870091696666	0.5702965159681835	-0.25487402087446814	-1.5366772642762558	1.6516019591701543	-1.0788097355028845	0.5074787294531719	2.674567683650125	0.7575650659214763	3.6614847794476706	-0.983460598771763	0.3348447420592398	-1.2112596283289214	-0.4587093669693061	2.180405038625604	-0.5233446008439121	-2.979198659955755	-1.5839215637062936	3.756453023546392
Br1518	-0.0121929	-0.00484856	-0.00259495	0.00172516	0.00215217	9.3	0.2514230435204003	0.96059	1.0	0.0	0.0	-0.7540382122330629	2.1302884724899656	-0.36349342442425003	-0.5403590495219629	1.401550328982842	0.6733593050232076	0.1135237035879608	0.4568206246307927	-0.6928810008469106	-2.153335369735428	0.4184092511385851	0.08414685842953147	1.8133557921575691	0.25807991979765926	0.8293682406651492	2.4868229567346205	2.783683831654332	2.652428648420473	0.8393675695539604	-0.8966903843057034	2.7475060935122344	-2.017375469724683	1.062950610287034	-0.5896478980340906	-0.9835745116707117	-2.3914642460251274	-1.2964061878771962	-2.9143331635012117	0.9842765586046132	0.38909958366357783
Br1524	-0.0127576	-0.00455436	-0.00545665	0.00208599	1.75508e-05	8.8	0.2517591159278777	0.964066	0.0	0.0	0.0	-0.814413079048313	2.341256376786279	-0.03082884057156075	-0.6116547196069265	1.8856670626458616	0.06620250039187255	-0.5153408950287018	0.7894626861278162	-0.5364926658087795	-2.199264406000826	0.4396815617335812	0.9723634116456479	0.3006904199838698	-0.7422392982111508	0.37154954699600934	0.14576054092248011	2.3046782368979146	1.3830028014248006	-0.6453795403042845	-0.08618917179062499	1.9632917613438823	-0.771052406637786	0.6557810953295907	-0.4493679719527211	0.05473313764642831	-1.6506794665146125	-0.7351951483264924	-1.3183584385167115	-0.035956304671751135	0.9316873940375392
Br1526	-0.0126224	-0.00376475	-0.00185619	-0.00320632	0.00131387	6.8	0.1686673423330276	0.967328	1.0	0.0	1.0	0.14110460819461404	3.0212733324950016	-0.8638254228896227	0.42639334091393577	0.09026596994940475	0.2621598493748187	-1.3196860389504639	0.1771579921530528	-0.8415838931774231	1.3455233873117145	0.17426894772800247	0.7686237679896382	-0.26988276685186974	-1.521975559506803	-0.44043435855599716	1.2480079314104846	-0.43791354748925293	-1.377114881004372	-0.7443273442819613	0.3102162929040892	1.4350941449740495	0.30818367021796733	-0.15235946194425318	-1.388110062869256	0.9147251733882792	-1.1065012254600253	-0.7807933472139205	0.11798190490847978	-0.9268624676161762	0.7346503180932489
Br1003	0.0381077	-0.00363576	-0.000106236	-0.00285507	-0.00121494	8.4	0.0126075517074284	0.977787	0.0	0.0	0.0	1.1173764794128016	0.12263897066465636	-0.10630537199847032	-1.0363353062095797	-0.043185694556945806	-0.6265979131075964	-0.9196191522851441	-0.06042901944726993	-0.06990173605179481	0.9391545290639403	-0.5827158258996515	-0.1853770978205365	0.3329575037266926	-1.432128481799124	0.8219880564815788	1.0760017133731203	1.18873067789368	0.09890700791600163	0.48383416237800897	-0.03413527415921129	-1.468673026847641	0.4578316428722193	-0.25399143843124744	0.3048692173524955	-0.08950386926764842	0.714750941506032	-0.6769645676314182	-0.023398896834079193	0.8743550235300586	0.29326167979687934
Br1016	-0.0125518	-0.00417527	0.00415725	-0.00217898	0.00124374	8.8	0.2252163571360892	0.962322	1.0	0.0	1.0	1.224188380657029	-0.9687310545374443	-0.8427476235796781	-0.18762006810871434	0.4311709714370471	1.732544317364907	-1.052966448271247	-0.8036673462471945	-2.0839267775544457	-0.2490446162375496	-1.1666445354478638	-0.36056233270377946	0.5987820382279557	0.37931166419221957	1.3960909028574033	-0.31081004486595354	-1.3375569128952627	0.3037156009350579	0.06226519649521648	-0.6953244626579528	-0.2954012596488569	1.2528517707451152	0.3307670873072213	-0.21871157051061518	1.4606916998687556	-0.10366758884691012	-0.6532112220778409	-0.7499642976978104	-0.7910194916500468	-0.46998117010855095
Br1109	-0.0126406	-0.005532	-0.00379138	-0.000664396	0.000885565	8.1	0.0145743450489951	0.976362	0.0	0.0	0.0	-1.1772792054385155	-0.8677357896668392	0.335301476473079	0.5208402183209245	0.4664214287264589	0.8620973369975908	-0.07522169580703755	1.11604401604825	0.2058910908507237	-0.12793604134702952	0.1339286513193882	-0.6341593877792313	-0.8653096767651233	0.2416344410080635	0.21501438507190482	0.7617158921734546	-0.35786757385144646	-1.2710297848496992	-1.255277742752488	-1.0446042151923558	0.6838293583886171	0.52434470647434	0.13842233537495605	0.053101689702236284	0.3703732093423126	-0.029831066248416006	-0.6254724340926874	-0.5056118774321642	-0.02431462993572224	0.1108903780645334
Br1503	0.0262988	-0.00404361	-0.00253941	0.000234892	-0.00176914	8.2	0.1744918454428955	0.980094	0.0	0.0	1.0	-0.6860383145484614	-0.2114596875881985	0.20124780079862603	1.575877371414429	-0.07569292361048595	-0.14615755752570156	-0.41523627672195335	0.39414610542628353	0.5196501510987335	-0.511725313257455	0.6868278099577357	-0.9579557804605542	0.510158578358627	0.46959516283286823	0.5094082397502014	0.837517163399091	-0.48526241538881887	-0.255485736096723	-0.17633402750052474	-0.39194506912342	1.1136408837447456	-2.2577226592216997	-0.031670708635586915	-0.3271729368488343	-0.43363316401184665	0.6341977495849678	0.2463424732584044	1.501994805227189	-0.719279705931257	-0.49434829008482284
Br1536	0.027069	-0.00593718	-0.00587619	-0.00275273	-0.0108969	8.2	0.1609335897299841	0.966884	1.0	0.0	0.0	0.5490050575498808	-0.20104761638482452	-0.7639669123026506	-0.10076845064456678	-0.5823530739863408	0.8342921257407742	0.01425998286646679	0.050784090098417944	1.6041546809526506	-0.1347544220857602	1.1215397329149528	1.5535366656254663	-0.17220844489953616	-0.39304203675641214	-0.1681897211733208	1.0544519985269778	-1.3252815429536797	0.5607454061216475	-0.5623364895781978	0.26978965356880824	0.1920903169493048	-0.06967406563442431	0.18090453284832436	-0.23431053657486386	-0.5708572874234512	0.9945926198506129	0.19392782530158453	1.2061619545353792	-0.7698894409424627	-0.42655322836944026
Br1688	0.036188	-0.00345065	-1.04438e-05	-0.00277146	-0.00238243	8.6	0.1714366377420468	0.973616	1.0	0.0	1.0	0.7391714042674649	-1.1114319524641734	-0.9999775816704111	-0.8742144150985807	0.12653997924129706	1.940078437565004	-0.3965655557206156	0.4711497419521955	0.35513419987948086	-0.6852666797515888	-0.46773741376987316	1.1780092574710561	0.8280492596417399	-0.3113399418939979	1.7678141352055974	0.8245159160848312	0.6819431306467777	-0.5931818376205203	-0.6559478977079229	-0.028078987619694355	0.19446567443996188	-1.3917167110590978	0.7990106350903606	0.010765379302970977	-0.9330886192535044	0.1194530917462622	0.8429651538469096	1.7063097594206105	-0.08679954261523103	0.2903054699761472
Br1160	0.0321542	-0.00222514	0.00308731	0.00266229	-0.00270331	6.9	0.0132749795860826	0.949497	1.0	0.0	0.0	0.3185329093464225	1.0652030093429434	-0.030165739528209407	2.331205453221433	0.5135585464551629	0.3852331345570175	-0.6422353049773073	0.12217030718505807	-0.4024146952778668	0.22461874542677834	-0.16383105686165125	-0.6780354616840256	-0.0012979806888078682	0.17346023431956767	1.7970488290718543	0.41785725179174954	0.3351148555226426	-0.30287249178630554	-1.0541259446065474	-0.5123352250485709	0.6572311817389002	-0.6220661931965674	0.9436365460143374	1.0577638941640248	0.07617147958572115	-0.5808687250669939	0.11038053283384465	0.48437305664625996	-1.239269605362792	-0.8270825350195974
Br1588	0.0322888	-0.00457052	-0.00586732	-0.00176389	-0.00880861	6.4	0.1624812656311317	0.961547	1.0	0.0	1.0	-1.1529239059235092	-0.9390437405426765	-1.6894480929074394	-0.13448856607083942	0.45105193433281116	-0.8929459354786647	4.282816515976384	1.5506157701786007	0.10454750027835076	1.1202746336822045	-1.230635149571808	-0.42483616846803524	1.5954434523565348	0.4627821879735059	0.9740422023532126	-2.3481843076279314	-1.4913333946344118	0.7560556025652815	0.5676395096389653	2.7620239761106404	4.30264808081161	3.5350590026823188	3.2470917311377843	2.3432585084115476	2.6738940255780816	3.246595702850521	0.9342924930869746	0.7234445171240879	-3.0428873743090787	3.958587008662271
Br1602	-0.0127422	-0.00646022	-0.00353664	-0.00554183	0.0017007	6.0	0.2014779197411455	0.967172	0.0	0.0	1.0	0.33097899408296283	0.13478904297871355	-0.33124686607169285	0.9164096392010957	1.5591795949340048	-0.2887058240740835	-0.3787427255382168	-0.13416297041677916	-0.0583084130684743	-0.8961631676603187	0.6066790897534426	-0.3605187782439306	0.49241584005632577	0.10222296963992716	0.23961056372963024	-0.16521484843253464	-0.4763326432497624	0.5226370477698805	0.28954086760552933	-0.14704176369104335	-0.1196507809528347	-1.2204457649984044	-0.635191630334298	1.3041888018944379	0.6987334654207622	0.4912415728794885	1.7709016762709047	-0.2752050512283358	-1.6388130435504735	-1.519601283323701
Br1664	0.0262527	-0.00487126	-0.00207551	0.00471572	-0.00435298	6.4	0.2015242741716505	0.976644	1.0	0.0	1.0	-0.03085509590949056	1.0925290675173396	0.20016428622302576	1.1470665913473603	0.5983091485604578	0.42039464278864314	0.3282906411183053	0.9065055317169244	-0.04293194730761498	-0.4737164383057923	0.685308984505141	-0.4943400530232518	0.0787652955791711	-0.12202427265751094	-0.21912947229659524	0.21155748836513366	0.9771406168379815	-1.7175063006044142	-0.1617046885374969	0.5969157596014243	-2.202110134367104	-1.5340847709887535	1.1681733897726598	0.6352364409793402	0.2872879189991845	2.5688475325182605	-2.619239885169378	0.8357606500062389	0.42598216294682784	1.501520850969711
Br1678	-0.0131515	-0.00439214	-0.00693005	-0.00318646	0.000610719	7.9	0.1579087241033206	0.973373	1.0	0.0	1.0	1.2330853945456048	0.6211120823412937	1.2212975994841928	-0.6815609109089327	-1.0400007194188143	-1.5719765631482292	-1.0640465708969076	0.3454389175068695	0.5352737712808698	0.058891480859237136	-2.0245938294351085	0.46844239462776144	-0.7755673349651676	-0.2491810886239681	1.5175938177140256	-0.04317795586602069	-0.9558170882604056	-1.137407357111373	0.29836385089129164	0.6092048543026163	-0.3185955562355804	-0.1637488397792989	1.049295548175864	0.4218274627775697	0.04480285445915422	0.820328836425176	-0.04837530971838337	-0.8556673218139182	-0.6998984246070499	0.3125531842201491
Br1682	-0.0132961	-0.00436453	-0.00790008	-0.000758403	0.000949289	8.1	0.1966006374170821	0.973366	1.0	0.0	1.0	0.41929683077232	0.7722923932416246	-0.26184306206371744	-1.206539410081805	-0.26534897293174914	0.7713147446071533	-0.8587638341781968	-1.033294737152141	0.8858412419552583	2.258480854314916	3.320671708891922	1.371239646565794	-0.6838877889037188	-1.8449863386431002	0.6116679077285793	0.34864495113682425	-0.4646302465792669	0.30725404653926697	0.17322420523055282	-1.6385364080417437	-0.19850970885250266	-0.08332158336962121	0.5827457471756334	-0.05258870779425897	0.008188093480483575	0.3015389218223406	2.0454360840586	1.7910552774605357	0.9812952331745342	-0.11526155654141072
Br1684	-0.00957064	0.00145707	0.0298875	-0.00636144	-0.0117279	7.8	0.1607860283244002	0.978764	0.0	0.0	1.0	-0.26726295626111257	0.42182104430338263	0.19285277522948543	1.5937751678126644	-0.17679445407307967	0.43431441993604175	0.39124348874048326	2.0360235545040024	0.6847738445536521	-0.201995083393566	0.34787160601781564	0.19957625756101557	-1.259970128296548	-0.6525776987544087	-0.6436413431115474	-0.7634455245129363	-0.14801375071752274	-0.24433967131003942	-0.46202775284370884	0.07446319277936878	-0.34005241047213897	-0.07221418700230348	-0.7672716681825621	-0.614899108776479	-1.1374164059465877	0.7932298474669495	1.6700031124139656	-0.9301442637914138	-1.6556362661170028	0.883389714599114
Br1691	0.0341796	-0.00423223	-0.00465953	0.00180509	-0.0132757	6.4	0.215337872317929	0.970504	0.0	0.0	0.0	-0.26504309583100916	-0.6578112900311717	-0.5621242262960571	-0.2508764863620175	1.5707879557492048	-1.2100755291677532	-2.4118532838879414	-2.0074657173877597	-0.12284064555468849	-0.0874254455444909	-0.014545837511886154	0.19715112215201663	0.3003700340634027	1.2148098958510125	-0.48568388860966566	0.17623948899957945	-1.2708156980500926	0.012478537171796722	-0.1540880334110571	0.7098757855490538	1.9140603106803122	1.3826362113561055	-0.06457883855045092	-0.4812161237125556	-1.3668226632291307	0.10647896218560689	-0.34746722872150704	-1.8214714251205542	-0.5156344127699497	0.8197573566004446
Br1761	-0.013433	-0.00650389	-0.00201317	-0.00314494	-0.000292958	9.1	0.1929848100212833	0.982321	1.0	0.0	0.0	-0.3218632077011248	-0.21801928518313565	-0.14277307483978136	-0.04530020354462454	1.9138489405464683	-0.7133693320143755	-0.25178789748000696	0.3961335230776581	0.21607753363293905	-0.5022788354436876	1.2018911991372492	-1.0208639220130427	-1.2755096672403896	0.8222123813662224	-0.11422570306633874	0.6493549820998678	0.6385728764500188	0.427567712230886	0.12176431415801771	0.7769827866891683	0.41413930102572133	-0.7868080453642109	0.012112155703694264	0.5547936574540822	0.2622110897527996	-0.016595335831641037	-0.1570941868512445	0.6726660495784571	-1.2152289744554363	-0.7664721672570111
Br1637	-0.0127194	-0.00426638	-0.00224754	0.00144001	-0.000454193	6.9	0.1704622782607114	0.967904	1.0	0.0	1.0	1.1677318307897662	1.210044532099806	0.4598779461490894	0.42825694662033575	-0.2571591443802665	-0.36714290502067404	-0.5815161272942927	-0.1837510187840709	0.12919653693173028	0.5713613090466113	-0.4723790204104939	1.0927279439216553	0.22793288708114462	0.17730354491043146	1.5499170625800296	-0.17770134424028874	-1.0521499573320832	-1.2729714785723503	1.6253801449006522	1.1698667518514436	0.17348130513937268	-0.08447409450510623	-0.19724120475087104	0.037151359714385296	-0.25325105397419234	1.0963004440648645	0.0969782277871885	0.28928178601429355	0.6014325418922912	-0.591650193213234
Br1663	0.0278257	-0.00240548	-0.00085442	-0.00565886	0.0021111	8.6	0.1875977582912322	0.978173	1.0	0.0	1.0	-0.1509543255907427	0.9922796564153858	0.6132307987728054	-0.5470943870045625	0.020959253550856614	-0.5708143302775901	1.4113614802089114	-0.5018251610789946	1.0009152716285163	0.8680745981447971	0.15071996895766382	-0.15916761483340994	1.8746950973238137	-0.3777235743144483	-1.8547745447738124	1.2142509509890318	0.60691456253318	-0.2092099264327613	-1.6500494014449285	-1.0930141204064967	-1.0983307610285244	1.0651620514898514	1.1724742548488596	1.2314549556629113	1.0246773237060878	-2.0010318527470776	-0.33582858167875007	-0.9365249450393142	0.2695324893120675	-0.6222095569461915
Br1721	0.0404063	-0.00251321	0.00160326	0.00275646	-0.0071647	6.9	0.1695579334274504	0.964293	1.0	0.0	1.0	0.3228589528676773	0.054401362659655755	0.505268390208848	-0.11963730675593047	0.5205607060153968	1.0915866708593993	-0.716096816684643	-0.25747019526259274	-1.2295567729331123	1.2515195547684768	0.16030107302398863	1.5679262617223408	0.7215365326309933	-1.5905114466662547	-1.098973002004657	0.81958465821398	-0.6782690001467259	0.6065357809268083	-0.4546427380808028	0.7526386508537988	0.1539277835916039	0.7409272992424769	-0.6562572135189803	-0.9601059257684568	0.12187187268947387	0.28683152334347695	0.792908223409761	2.171170320398653	1.071789105578386	1.9033011387819525
Br1857	-0.0131678	-0.00374321	-0.0043886	-0.00194025	0.00158562	7.1	0.2695730271258688	0.967282	0.0	0.0	0.0	-0.343557322015922	0.6523743563224778	0.47759026818426276	1.3630727275104777	0.5965185837423548	-0.28295961735027203	0.8235582007255399	1.946391935163189	-0.5509427932256725	-0.7336379511350458	0.24070947876527637	1.0878488360056215	0.3687678884961947	0.7716347935996852	0.7762370176076019	-0.357508819775148	0.1960207885342286	-1.1590159758919016	-0.6541799687900661	-0.2408068764849623	-0.31653503416167256	0.1041796906828712	0.6271230836360554	-0.5397868447500274	1.1617669692056345	0.5068692196219657	0.7903310971831706	-0.912048337261902	0.15352978560120997	1.0476236316040437
Br1876	-0.0129317	-0.00557206	-0.0074155	-0.00365721	0.0019523	8.4	0.1839002496205991	0.967721	1.0	0.0	0.0	-0.15608928740031847	-1.4037335065941425	0.9539515538407023	-1.8137061059094133	0.23684779896866515	0.37868300201569133	-0.4701536265391179	-1.1736198625877432	0.01268839860516703	-0.8846484444473666	0.102417536144837	2.5297378586633665	0.49720810950963457	0.3628528366527202	-2.060880035327453	-0.28399529710478355	-0.40689252943610366	-1.6023366535967116	-1.2701398659022614	0.018175720839743652	0.838341062882346	-0.07146315715131432	0.08989752723578158	0.9537059147066773	-0.7071252087072598	-0.06620699656843261	0.7439197791264864	0.2212372890898627	-1.2240420352791321	-0.1314134991585008
Br1881	-0.0124555	-0.00320674	0.000851355	-3.46247e-05	0.00468485	8.8	0.1913320797098701	0.97963	1.0	0.0	0.0	1.128516449475349	0.38805623722790394	0.1890383719250182	-1.185863719170441	-1.1072212601108287	-0.30964548877162407	0.35148110387498094	0.31419718841486494	-0.7149685390928632	-0.4219263677640122	-1.226570631747694	0.9557982490327128	-2.2228224357947965	-0.15087571025915386	-0.7250242951578617	-0.6668392200605906	-1.7273893384911547	0.150788724220183	0.5428889696347259	0.07007892961504199	0.06961696286424444	-0.6506843905649243	1.1163611865181364	2.803197770674667	0.5363550418487372	-1.3164707891098066	-1.802889283079525	2.316049364752604	3.9125416506128134	0.5089602283395065
Br1963	0.00858976	-0.00324277	0.00846829	-0.00740291	-0.00279834	8.6	0.1424937117125039	0.973658	1.0	0.0	0.0	-0.7530480406113462	0.15636654069209077	1.4005684545570654	-1.0626609303700185	0.8453546418461205	-0.5302009127219294	-0.58574800758701	0.44669937391553394	0.11755390802400241	-0.1570383391730487	-1.7772848556530807	0.6823163605305019	-1.3110397484120995	0.07653058918529158	1.3956030343520989	-0.2144160460091384	-0.30268722156337774	-0.6157577518502109	-0.08992510603060905	1.8420823990607116	1.056869239860835	0.7381607707065303	0.5454261141840481	0.544450468867884	-0.09627477659572713	-0.37053974835307957	1.3598210368541468	0.17199688805848068	-1.2925945596930997	-0.6532249365085682
Br1968	0.0402608	-0.00474675	-0.00489124	0.00128058	-0.00244942	8.3	0.1543241512883229	0.970765	1.0	0.0	0.0	0.1661495682477346	1.3031606058289789	0.9015686638483814	-0.6841823523294512	0.8334289892557463	-0.5054332959430936	-0.17207605444847893	-1.2320933446378568	-1.1869527140709006	-0.7962609756206324	0.4193998028179363	0.12995181333936337	-0.37876425594516483	1.6222239289991343	-0.6927340755595447	-0.2573669978736542	0.573271880477791	-0.7985700338637175	0.3954183491123339	-1.3845232949889326	-0.10387322568242675	-0.1746565306201011	0.031721069388373484	1.2941998255494693	-0.2944603353657908	0.005560212398291017	1.7899415223852653	0.17408803738011694	0.23449848908518672	-1.2116994315382572
Br1847	-0.0126102	-0.00358165	-0.00265913	-0.00411616	0.0031635	5.6	0.2327826112476302	0.969476	1.0	0.0	0.0	-0.6785043243959655	1.9337837303346321	-0.03332904322182153	0.047723941619488765	-2.521949434244864	3.0245830767554467	0.6090792531677274	-0.5990960769707515	-1.258945746417969	-1.0081712932657068	-0.12304868492576196	1.4046413121180652	1.3535174583813958	1.4993738570502853	2.035810856001908	0.5034981720496124	0.3281314232551236	-1.080481017537745	-1.6703730999697228	1.342088564513981	-0.5386628797176637	0.6456884744423257	1.1363810614660834	0.3847643716518911	-0.07008274999745727	-0.8596929548678931	1.8799302865814673	-0.029469900659459005	-0.8018108421008744	1.0891224487309132
Br1854	-0.0126724	-0.00326123	0.00209454	-0.000938367	-0.00118029	5.6	0.156870005510696	0.974521	1.0	0.0	0.0	0.7498441300974644	-1.3505443767425815	-1.1402554185550107	0.4709822937640521	0.41926316212825254	0.5364431010547093	1.1112793088330368	1.0864486588422828	1.8906018007651266	-0.32485471575755404	-0.2123130340043687	2.024179654940226	0.015300193416203508	0.6530049383675169	-0.34162181372425166	0.8495067045904451	-0.752742899389485	-1.4594607439733533	0.6634921380358108	-0.7617440190235184	0.7014237295816356	0.08174465703361815	0.44185430355901195	-0.161809622534341	-0.17854329275714056	0.2712413495104681	-0.024380624601168216	-0.8005008819886643	1.8416605574873361	-0.896050554063235
Br1879	-0.0109337	-0.00266313	0.0210958	-0.00170922	-0.00778224	8.9	0.2025786380260179	0.969825	0.0	0.0	0.0	0.10516433424786828	1.2480849540685823	-0.23766783271575934	0.03947340838869309	1.4226315298787044	-0.4107895620346848	0.9815566788517983	-1.1558697753401452	-1.920818164002745	0.3955820627230517	-0.2680609691443678	0.8588148628896254	-0.5142783423817331	0.02021082953575704	0.170441782485791	-0.46627282658788755	0.2349002285837158	-1.2268717930851725	-0.1781339270410858	-0.11557956619498945	-0.3162883031415955	0.6085525687773701	-0.7874111827635053	0.10965491996909933	2.163519427813554	1.8111588616148464	-0.28232768941396297	0.6646672466345304	0.8242024058468316	-1.4562867215351423
Br1693	0.0376602	-0.00488155	-0.000169848	-0.00118447	-0.00762685	7.8	0.206316053433224	0.966388	1.0	0.0	1.0	-1.1660612730416386	0.2993536340965389	-0.7428272159641363	1.2297170353516382	-0.9895199005952691	-0.9336782525648203	-0.43415263132463594	0.5647485053844162	-0.7770874275265631	1.9260895321185174	-1.0832668650894322	-0.6029871965973012	0.7082626417420536	-1.1635027681237677	-0.9179513930919667	-0.28615623937745793	-0.2658855644883502	1.7346622682523776	-2.293355995993183	0.958225041136453	-0.1768173253801789	-0.49954635566002675	0.5983176900679656	1.700210748229998	-0.29360608217492806	-0.5141587968089952	0.31750071506188	-0.7995858813627074	-1.7854599069792643	-1.1121980907257498
Br1697	-0.0113539	-0.00204715	0.0160478	-0.00172024	-0.00385359	8.0	0.2344034991054528	0.957819	1.0	0.0	0.0	1.2779827162244317	-0.7885575260847354	0.9559113530128964	-0.6090222462128395	0.02686531399507031	-1.5391416716685387	-0.3806395612806096	-1.119431248796894	1.1194547777185944	-0.1592279478437966	0.8741323089519201	-0.6680248692954647	1.7692742827773118	0.3310741521386766	-0.9698382331833098	-0.9514456838169224	0.9240944403114597	0.477848714412931	0.7282463629391941	-0.07483395177009919	1.6882502803469164	0.7363799825129101	-0.20741169888211136	0.33948886497654085	-0.47405150061518525	-1.0801814959754055	0.8905928005170766	0.5919825910752538	-1.8119378658248684	0.3315483711894014
Br1703	0.037747	-0.00441385	-0.00345478	0.000604638	-0.00674006	8.6	0.2476452980142334	0.971144	1.0	0.0	1.0	-2.1273641054623167	-1.8211749085049762	-0.8503641024995632	0.12548100515680885	-0.6062059946039338	-0.4862117076372804	-0.9741870535260152	0.2976059103752806	-0.738030149841389	0.8450041442126145	-0.38395097989044824	-0.552004754405138	1.1540268701841332	-0.3359422621803816	0.3587324733666126	1.009600614227936	0.4511936891888625	-0.05779387345348963	-1.146516348237805	-0.46065256780980535	1.892155627527676	0.08916346073009167	-2.11793171424434	-0.5795279304889646	1.037587828655096	-0.29485736680320956	-0.06696144410502868	0.15220961030133537	0.7264662969755575	1.2030832578953214
Br1745	0.0318058	-0.00367222	-0.0031853	0.000911047	-0.00541409	6.4	0.2559672243109386	0.972113	0.0	0.0	0.0	0.15630429718906586	1.2131836596942798	0.4336352204918198	0.15137981657064548	0.6440377555969913	1.374754457886268	-0.6840718820549159	-0.5296313315327087	0.47362540007953485	-1.1038272776148508	-0.45894383482091683	-1.3594706000795085	2.0453520261380196	2.1775260319448693	0.9361401340466977	0.1694553664715335	-1.2380314325454045	0.7639928081954829	-1.3601363211815347	-0.30267233475040367	-0.4286052004007399	-0.6149813329971658	0.01526081830662653	-1.1788861793722596	2.177971297948779	0.08970827478953257	1.047670777747234	0.9253361897012526	0.399889666223756	-1.4950535018509012
Br1700	0.0127627	-0.0041972	-0.00262394	0.00123526	-0.000202821	7.4	0.176889915853103	0.956662	1.0	0.0	1.0	0.8529517158673132	-0.24981771441194978	1.3752334556918009	0.30974177872195713	-1.277562998420898	-0.782014499714046	0.4418727492383327	0.49111761059614084	0.7012505417078093	0.23498509029128167	0.2576608050683131	-0.7213020474599905	1.0648179397262996	-0.8796067394742781	-1.0938482849546038	0.4870518163306065	0.31516559025913216	-0.5936678081117225	0.448341540377588	0.6925085668713217	-0.5360364682714714	0.8376613057798316	0.3133898697875259	-0.031813080673139676	-0.038035257403491944	0.008707073322196479	-0.7656648683485885	0.4869654362760064	0.9250139340196418	1.4507094815947146
Br1738	-0.0127714	-0.00497331	-0.00389118	-0.00121183	0.00170123	5.5	0.1605175293441573	0.96539	1.0	0.0	1.0	-0.42476784586181576	-0.8132366702026552	-2.3380049431202177	0.8226745525671083	-1.4325631515897426	-0.8729158625514957	1.5536303222031063	-2.888518431580311	0.3602314985611535	-2.9285641937666047	-0.8267670560451401	0.08616715793206889	-1.652657575427879	0.745280562076507	0.15916632054557703	1.045415711601291	0.9971059223153249	-0.6621897865366608	-0.5195315442385985	-0.7989566814719471	-0.2115080455967104	-0.6862633603048854	2.084084025046957	-4.1226351116843185	-1.184489754543876	2.1011704197194456	-2.1902009676623044	2.5441477947277593	0.09907236453779546	1.8975275125315894
Br1858	-0.0128705	-0.00438505	-0.00695611	-0.00373252	0.00312572	8.4	0.279552656724899	0.958546	1.0	0.0	0.0	-0.7592257840135523	-1.2524108148243354	-1.2808990736877437	1.0236198408675066	-1.246276810065693	-0.45249530114304665	-0.25790050193257513	-0.39373200005732795	-1.3314357741497163	0.09530018010016027	-0.40731486612992457	-0.17529548836992467	-0.7538945178412214	0.24687338396256472	-0.6159020615113778	0.33947924385500194	0.6572458855815716	0.1789371261147655	1.1650469892956425	0.8738751782987356	-0.2849488680148932	0.7075477660526784	0.19516653765552822	-0.29902149016787033	1.4052332514965082	0.7032234194513834	0.6323402820421877	-1.2639225998627566	-0.5455713444230611	-0.0631562147416454
Br1859	-0.0128927	-0.00427441	-0.00215942	-0.00440636	0.00417028	8.2	0.1815886650338235	0.976995	1.0	0.0	0.0	0.6853873884176266	-0.7654382056019293	-0.04763235844046184	-1.6413929993115786	-0.81411016677924	-0.16115396419680547	1.2764425348217436	-0.44348621880872463	-1.5154963005699558	2.1636520927046936	-0.15852944608522682	2.35511894487703	-0.5865872484283462	2.4987634402436423	-3.2791433920433053	2.7167319823916136	0.4809731138036934	-0.7668280877933329	0.4134713801422944	0.8838311956961656	1.3238965809734806	0.06663384739663598	0.631630457230619	0.05342274637817496	1.6508744851609376	1.571467023528121	1.7547545014955366	-0.9622735282856594	0.29430671651208395	-1.3186969705558123
Br1880	-0.0123331	-0.00145287	-0.00420953	-1.233e-06	0.00241128	7.8	0.1887652286235253	0.970585	1.0	0.0	0.0	-0.6017470644445316	1.5475475884729524	1.1253646966235673	0.5411366647253861	-0.02110339744740669	-0.5916174146475627	0.015820554795537168	1.2390675822878976	-1.9818171367583899	-0.3773997385261908	-0.7259462059916607	-0.647161655348268	-0.45674045417981757	2.6615236864790837	-0.7532605776042538	2.5875122001247597	-1.4294466558355665	2.2741933629824693	-0.1308364624161359	0.1104825918477105	0.3041095573973554	-0.4049539539970717	0.7351311391030599	1.7283680365266458	-0.003496819039151704	-0.37007316688846914	-0.4260453155648054	0.5680958932882343	-0.2285101541928298	-0.01349679773090835
Br1964	0.0281107	-0.00498465	0.00348902	-0.00346699	-0.00615526	7.8	0.1647894151329907	0.967344	1.0	0.0	0.0	1.0176078545393024	0.06359290485712867	0.017811023532588968	-2.2162417874642655	-0.8789560807159117	-0.649779026340714	0.45267961515618904	1.3283511849591285	-0.66094216545987	-1.0888363040378788	-1.6236814111205509	2.515806740074488	-0.9568673993781239	0.4948935915689036	0.1383838700476855	1.5395683648326912	-0.3554379814758439	0.5126944531837613	0.999696627444027	1.6464671967240154	0.005421926816435674	0.759367821120484	0.945379029740231	-0.39595705835647704	0.12555889251956492	0.2781383957854204	0.15021513988519705	-0.8013075400465834	2.2458820021716455	0.45707872156748314
Br1966	-0.0124443	-0.00464587	-0.00159347	-0.00537511	0.00120296	8.0	0.2043752634673794	0.974633	1.0	0.0	0.0	0.6492099211998578	0.461384715026281	-0.5477199982890315	-0.5836113722233145	0.4174186099571617	0.09693256196917972	0.013671817063664802	0.054255338940384396	-1.9998627615362552	-0.5095865266639552	-0.05280628718927459	1.0921804532965298	0.049457242693622935	0.32586324767892594	0.7455971462280694	-1.0950391466731164	-0.2815754095758389	-1.246066905856491	0.17765762805433033	0.02110462769431119	-0.5285348772351276	0.9693147006400026	0.22626274319635964	-0.10524891719980321	1.164808386893147	0.6042934558861129	-0.10995516890905417	-0.5983619194752787	-0.16762078262792166	0.32449709480566713
Br1878	-0.0124673	-0.00308346	0.00124123	-0.00444681	0.0019769	7.4	0.2483233415710416	0.965251	1.0	0.0	0.0	-0.8321137407321427	-0.13588924744637737	0.540356294429069	-0.6877226634623228	0.22076617729456072	0.49128546831327347	0.2595403643835963	1.1267048920928064	-1.6055635145754896	-0.3653948243156337	0.3853377781121555	0.5008046852783841	0.02165514139241525	0.35616185712140375	-0.031677431917615545	-1.4991008776640695	-0.009596691678628182	0.27428998842284924	-1.3316054382170996	0.3015452587837721	1.3223623762867567	0.7221102009586973	0.14440229020502163	0.0018325676814946337	-0.08035642317493555	-0.23641570607276158	1.0712819950518746	0.8237023595146155	-0.9781885666535367	0.20530313446652385
Br1961	-0.0129926	-0.00497139	-0.00482549	-0.00365153	0.000144913	8.8	0.1855430021541317	0.974979	1.0	0.0	0.0	0.2167989642568901	-0.28211723553374524	-1.1656784477039566	-0.0689665295957199	0.7683672446349001	1.0871935062698914	0.2167703958213522	-0.17908337256490944	-1.34422866131109	-1.381954947850741	-0.33156458190001364	2.3267059103009617	0.6144569311795336	0.5846676043347158	0.5271783742921656	2.042685658932627	-0.2129771434447936	0.2193350959228796	-0.3577509356888938	0.28831378643327743	-1.5714745670392893	0.8435942543663528	0.9448269556357355	-0.4294300449388345	0.975654470627546	-0.5885677492770693	0.3689568504249205	-0.7855882561428159	-1.808929046928888	0.5333158785228211
Br1228	0.0267411	-0.00496955	0.00216997	0.00257903	-0.00120088	6.7	0.1546796646600945	0.974498	1.0	0.0	0.0	1.7961409239814738	-0.3181365325683615	0.26386076078199716	1.4027898504405318	0.34511562767524884	-0.9478972920717319	0.0418241322568153	-0.9923903593304855	1.1960054578355335	-0.5955404786445933	-1.2671639326924198	0.8067953510575029	0.9486744939056951	-1.539598642508946	0.34555211450481566	-0.3644515567918097	-1.3641116266400122	-1.0063411132200037	0.6688985731815681	-2.7757383918295164	-0.5964737859171461	0.5503863657160081	-0.6043559789749234	0.048292532699846444	-0.3619069095163825	-1.233842759527674	1.60950842283156	-1.0400159321845273	-2.015085070127425	-0.7616089301773836
Br1556	0.0365817	-0.00423142	0.00167181	-0.00134237	-0.00640127	8.0	0.180012936622233	0.970461	0.0	0.0	0.0	0.2815882497863677	1.6997563921704433	0.8635254125669004	-0.3637968491658732	0.43789732720713914	-0.3984522280249127	-0.2531637640590758	-0.6335863078641737	-1.124613398592624	-0.39340681222451584	0.8121820340472672	0.906753780891773	0.5964919836433202	-0.06649139668419886	-0.6206813465284101	-1.5337640323352901	0.5701060308923569	-0.8982392204993809	0.45512033356896586	-0.6852367135905219	-0.710732860579132	0.348213964618724	-0.05615092983623228	0.7371471683907665	-0.2928459174004511	0.6248079916134458	0.17371654130040584	1.165809656316529	-0.017896812014779086	0.45805899860633886
Br1558	-0.0121498	-0.0048882	0.00086555	-0.00449152	0.00177309	7.0	0.1541040401513809	0.972715	0.0	0.0	0.0	-0.1569177654868203	-0.009058821755823034	0.38695151183701215	1.1178052021675853	0.21670564321226343	1.2461102297443476	-0.14597318728473013	-0.9276293223058214	1.5262638592887225	0.42371740178220213	0.2001752142815925	0.2978806769291414	-0.9927225569366311	0.3126931201638094	0.6504330005183112	0.3187329620379757	0.12045699528720866	-2.4085986254145952	-0.040044443290342645	2.583405437575266	-0.21541562645560605	-2.359510372154384	0.7746583791817835	0.6476031184479406	0.521398785182967	-0.992756730890974	1.2955776438413997	1.6763647678769906	1.3050107335605365	0.9295108604860347
Br1611	0.0335959	-0.00471531	0.00281457	-0.000552412	0.00822169	7.5	0.0164521904916013	0.977723	0.0	0.0	0.0	0.8098907356679844	-0.4321040045885495	0.18170641908653137	-0.41181127829350594	-0.309569757589693	0.05320050055470682	-0.34081770574872716	-0.27629971155051436	-1.1216115020657664	-0.006901362588464985	0.7950470829822078	-0.5285974031300565	0.00040411821276532497	0.20863296621429156	-0.19942828869695312	0.2346376940922712	0.4966601617423402	-0.6465930668909826	0.5730777586299511	-0.2135655533732347	-0.3630621337306799	-0.4883674242218601	-0.03533903131222804	0.36809496003534437	0.7593863412347496	0.03826415285976917	-0.4145178535922466	-0.36495241166791303	0.5803863851464683	0.035552363046397285
Br1649	-0.00942566	0.0168724	0.00215098	0.0430852	-0.00183234	8.0	0.2177939603423002	0.973553	1.0	0.0	0.0	0.6295583707641789	1.0946929865706134	-0.4011286742416282	-0.310742193512852	0.614298233280238	-0.33616301896005474	-0.11172347642810229	0.3477998333515296	1.2132844083190644	-0.5694176308275497	0.5183043383221442	-0.6691783100117485	1.021297658626194	0.16497912279289148	-0.1847008504524748	-1.1503564951757697	-0.7097207074064692	-0.5739008486229731	-0.13564220984588557	-0.23779153153082533	-0.09336782264143142	0.7830709705355279	-0.22402574480805096	0.1608008453945262	0.7160621887488127	0.32111311659296027	-0.9989207409570579	1.338661221228052	-1.709722169626029	-1.0995082800403593
Br1657	0.0362148	-0.00388811	-0.00201141	0.00114226	-0.00358197	8.6	0.1831205041133685	0.979159	1.0	0.0	0.0	-0.12457290534676607	0.9151857435169876	-0.1492932239475607	0.5931869154122257	0.5706692067238011	1.374542111997775	0.3204221730461723	0.49094474106749103	1.5699479457721044	-0.5212362948807149	-0.1998209099666531	-0.1450368636436064	0.07392709664913745	0.9102156605108794	1.1583884177434016	-0.6270418033928257	-0.6354773033990614	-0.8647766971523988	-0.3082309423566452	0.7766056921095326	-1.0219330009668994	-0.08014452972399765	-0.28785196224663434	-0.5141971724424577	0.9917379405765738	-0.4978581899335217	-0.3882967227795174	1.4611340193117484	1.3232065276381377	0.28902502625696935
Br1753	-0.0125961	-0.00386359	-0.00562323	-0.000810783	-0.0011537	7.2	0.1567143059115751	0.973996	0.0	0.0	0.0	1.1098866779505479	-1.7829705408538936	-1.4306181724825358	-1.3159827344435473	1.0600576519843485	0.9414762174919162	-0.7782692057214072	-0.3929875198537908	-1.7553542399195425	-0.5678191678772401	-0.2511207421220194	1.5148326917112498	0.7422082771304563	-1.577227998959406	-0.37049695445589126	-0.7360380503980833	-1.6475223550857658	1.3625738361102973	0.4607915985759623	0.19456147596796158	0.021688176846132164	-0.18397538719004336	-0.40202547600832617	-1.228109312070669	0.10402796669232088	2.2957970552786455	-1.6866926456869231	-0.03929854453128346	0.2180770090474447	0.37853730401047586
Br1613	-0.0129204	-0.00521499	-0.00377299	-0.00670178	-0.000680634	8.2	0.0188404239934888	0.972514	1.0	0.0	0.0	-0.03271951436944741	-0.60462332729289	-0.9949331441217437	0.4137328886364394	0.18149782774499879	0.7317567842044078	-0.1300899039486374	0.461202157163347	0.31868396874158006	-0.18407887659501834	0.7269931511658423	-1.2470318920357415	0.4389288763540064	0.8221018377555409	1.1276517187736133	0.5259398603743445	0.6167778003886989	-0.6949433899234778	-0.7936423238344155	-0.16717055113137302	0.0322448273073588	-0.25963229965215134	0.3678657784492071	0.7483156492471755	0.4338417760799783	-0.5164839918511127	0.008114599332771226	-0.16592216161405346	-0.6790636755241439	-0.10469194208082541
Br1695	-0.00994431	0.00102351	0.0340428	-0.00737715	-0.0145092	7.3	0.0136829197203436	0.954594	1.0	0.0	0.0	-2.417882600136772	0.2691766839542551	1.8350556545879773	-0.42573428215293047	1.70823405474071	0.4077617606946595	-0.4066832564000186	0.20262767710955895	0.9742269340242429	-0.6532339642691329	-1.627688619343478	-0.8217074883020179	-0.2046968751450799	-0.30626351915233774	0.44442323594828587	-0.9132501539963193	-1.599159979104349	0.09217108076183717	0.8708771662162458	-1.1541891200763439	-1.5415067010819128	0.2114066712856706	0.34438092909446677	-0.1911529785802774	1.529778588631145	-0.02432842966498756	0.6911550228221505	-0.4469818456612377	1.1815799209373072	0.3368689158007881
Br1735	-0.0125334	-0.00430522	-0.00183524	-0.00448545	-0.00128671	8.0	0.166077753485744	0.972051	1.0	0.0	0.0	0.13525622161376447	-0.3436397130069146	-0.3275296816597709	1.7810875423312758	-0.30315179531551245	0.21573580774122875	0.18123080383266146	0.07250823857709046	2.160488157487637	-0.5892528216518637	-1.0274849233020178	1.0098333022520072	-0.2322198033214343	0.7406258716191435	-0.35624925042974553	1.729415881437018	-0.3842551866531232	-1.2085497587579448	-0.47581453907813764	-0.15608301288351395	0.5804818815161057	-0.20185936958022552	0.278216158500556	-0.2847916989563319	0.0032177232614957166	0.38077576086695797	-0.3706393847519349	1.7474028866365918	-0.0949859816915127	-0.2079502668374743
Br1289	0.0294465	-0.00495386	-0.00107649	-0.00374447	-0.000150645	9.0	0.212047429717165	0.951301	0.0	0.0	0.0	-0.10022720394518322	-0.0688794094442205	1.2430759603968293	-0.7495497098441168	0.2124451407405706	0.21637282314097464	-0.10280598376368648	-0.8578616241501206	-0.49781765246034865	-0.5167411734919147	0.5808041917088804	0.484659393892432	1.0836348927554753	1.6761399618277586	-1.0366121671858268	-0.23018982979402797	0.7670704520962177	0.4328905757904631	1.289792458278073	-0.6017483966246273	0.9025526049636334	1.311578371783043	-0.05029541611844875	1.0708930480074237	-0.34721309014299884	-0.3306108127243308	-0.21805250471230003	0.05593777297659215	0.36807642094706655	-0.4981094950060707
Br1292	0.0291897	-0.0047774	-0.00376608	-0.000744312	0.00277393	8.8	0.1973092980987347	0.975674	1.0	0.0	0.0	0.5393721305640623	-1.1018195017579682	-0.7512867197156458	-1.1083676318475497	0.13431583453685206	0.5690014517767472	0.900735419011014	0.2164846608909547	-0.584061913842942	-1.3473572067465358	0.3065606552040404	2.125728167142499	0.6369638093854076	0.09914718081104672	-0.24858017293021228	1.5256211284092762	0.42415778204762417	-1.1556111332182242	-0.5674083873446805	-0.3011294486462783	-0.17046419677434313	0.030812806335035203	0.13734859114519354	0.6045329297558676	-0.21069454536482443	1.0694748961676634	-0.11266931588832896	-0.6319169082063733	-0.6812442700050484	0.5303997422485976
Br1553	-0.0125814	-0.00504866	-0.00262038	-0.00126589	0.00150892	7.1	0.2223994871984779	0.975788	0.0	0.0	0.0	1.2706921321789522	0.4462463954218908	-0.04617177766140274	1.2825542850970166	0.7277345188789253	-0.27697814431492834	-0.2431197228057062	-0.6986605056897343	-0.888843222217703	0.845880100787525	0.45621655032638087	0.7288455594280565	-0.25851936570176587	0.20685746734022648	-0.21909073799131007	0.6354937167557868	-0.20433047246605845	-0.873864380062327	1.337726554376701	-0.16381785765473877	-0.16327362403237453	-0.12070845501692104	0.6153947059896169	-0.4615504737569817	2.083145394961375	-0.030678840044637515	1.2340675826215073	1.2586588063379418	-0.1057725733684561	-1.19939319682747
Br1670	-0.0125521	-0.00528117	0.00144704	-0.00115811	-0.000475213	8.6	0.2824256577602264	0.980825	0.0	0.0	0.0	-1.0013248633618865	-0.3639145269882862	-1.1171845366884292	0.9928867644765224	-2.342930912724192	-0.9587002589998789	-1.3201443028907724	-0.4760897066328248	-0.7963906061333574	-1.4366496134290525	-0.7396001246661192	0.5111034294430616	1.1437735633819033	0.981573423326158	-0.3237758220384561	-0.1757381269889788	0.5192625743779051	0.23067758266714478	-0.45113896196686565	-1.0718839737729227	-0.618287496011876	-1.56107207391925	1.002647483295991	0.3993320308952888	1.7482258206684556	0.8055844652578972	1.0722178510446667	-0.24927903665010603	-0.02074010289354339	-1.275142804937017
Br1282	0.0372729	-0.0046821	-0.00275838	-0.00746745	-0.00999465	8.4	0.1588239338644038	0.983004	1.0	0.0	0.0	0.3281835010625316	0.9367775149446876	-0.3373729663540392	-0.7777491339935443	-0.03715365071329567	0.6458985349008927	0.48020402086255526	-0.44908106716778035	0.13405642953622754	-1.0517886518644621	1.353535764990484	0.030128480348989458	0.803417226871238	2.8075162412446195	-0.9940762571923469	0.3618932739877722	-0.015587021837339591	-0.15915536310477735	0.6450620295453039	0.27485306575815366	-0.315089584869312	0.9087391854495775	0.04817653715499167	0.9091681510306856	0.6748891717353406	-0.1676647924458485	0.8588763101523356	-0.03947105241551604	0.7167339979165048	-0.10735930996664646
Br1412	-0.0124601	-0.00445132	-0.0021114	0.000438267	5.03588e-05	7.8	0.1508205528337238	0.971146	0.0	0.0	0.0	1.0474156009087443	0.36161562582510703	-2.5640202977510826	-0.5295138140442015	0.2166125131840471	0.47555760001905045	2.848139675812074	-0.8355623727336127	3.0244766551965765	2.1060075499078605	-1.9270362802222918	0.9066281384978051	-2.770513937362209	3.3672558640547074	0.848925030888339	-3.6759452079060964	0.3538856262703249	1.3904286589702344	2.0048985777969563	-0.4022677903212759	-0.4490343824671411	-1.5487770573101687	-3.7235380268831637	4.976873725520978	0.7262728167966769	-0.07048664636231124	-0.18954757770667074	0.9919559559707383	-0.7324599819510954	3.2432554321643647
Br1435	0.0358279	-0.00467484	0.000783385	-0.00404373	-0.00370029	7.9	0.2217738161967343	0.956323	0.0	0.0	0.0	-1.6567854659406462	-0.8196826938266731	2.001380828858816	-0.04041049833756045	-0.07414431522042997	-0.43997709089307946	1.431495109933232	-0.03230544313204097	0.8551074817074825	1.5776178834712045	2.95885771743724	0.4431892235279946	-2.3587826948228305	-0.28019703279396785	1.8940891364925798	1.4118924639624855	-1.8473492828941174	-0.8420840742669411	1.5092305845631298	-0.8035718326165955	0.46796590773416474	-0.15962276226568095	-0.41644762734830754	-0.4109377056703073	1.1602190027459383	-0.6463405660591224	-0.21517168751949045	-0.1309081999188661	1.3600628168901558	0.3587745888788333
Br1531	0.0384332	-0.00354722	-0.000638854	-0.00175623	-0.00329758	7.9	0.1873632582177315	0.976991	1.0	0.0	0.0	-0.09555105309231712	1.8428097042691125	0.28799401053176055	0.5532845405562026	-1.1996859323976268	-0.4471020184800722	1.2882167775532927	2.3304919506164774	-1.920693135997741	-0.1300156247506554	-0.7176883831276717	1.142392562551946	-1.9208167183081908	0.7809585454603205	-1.5470413908540193	-0.1341052220852801	-1.3329590957835524	-0.17146751837271548	-0.6343679158951712	-1.47587696890311	-0.5136090428613291	-0.029705082077519568	0.3350750083770713	-0.37458849203854055	0.23820489233087966	-1.4183435454555542	2.293222049831854	-0.1693509983437101	0.6433418044807503	1.6483549373753401
Br1053	0.0354094	-0.00460735	0.000945525	-0.00326907	0.00177112	6.4	0.1965983360184783	0.963694	0.0	0.0	0.0	0.9599687310908365	-0.5789015459199565	-0.3971619835156239	0.884463982760901	1.0802095388037773	1.2634371732730658	-0.971253970388485	-2.0330974609758603	-1.0999696565173336	0.04203010576503339	-0.28308319061740794	-0.32017702611641696	-0.8254239775529619	-0.2526812374239278	1.4312159268786206	0.5000530662696675	-0.30827438722525274	-0.40195121739036527	0.006304315500255583	1.2080626567827424	0.11912345704592364	-0.5184927371703333	0.9491961827817283	0.4719558260199825	-0.2861321871267043	-1.569880573712439	0.8540633039147913	-1.4820105725405284	-0.327760507376975	0.7933215784525232
Br1067	0.0195079	-0.00372504	-0.00288436	-0.000488544	-0.0036065	8.8	0.1623786737375485	0.974089	1.0	0.0	1.0	-0.17136244100001627	1.242625814189436	-0.7792984367564082	0.22409245155088933	0.17716956396069367	1.543765844825433	0.3558943293344743	1.0423732388569442	1.87693508928982	-1.3901569117531665	0.46056106598410224	0.10534486342153268	-0.7005981069806199	0.2649568113293926	0.24301430959126671	-0.7890055762770575	0.6262287106792116	0.2669855064561281	-0.3598431412808293	1.3574551735804874	-0.34235385896837794	0.2399451465435815	-0.14096897223257462	0.29557984348193866	-0.8869376894521945	0.026571859946760923	0.3117161516877332	0.12086054997390812	0.0026855172997672268	0.5707959104179136
Br1245	-0.00975804	-0.00235558	0.0205113	-0.000860031	-0.0145292	7.6	0.1743859817031677	0.966344	1.0	0.0	1.0	0.8071361761971321	1.5709390276619417	-1.5801392018475906	-0.025067569113207833	-0.08547839275341812	-1.6514083940869122	3.209034932877292	-5.089364435272746	-0.0638056774617723	-2.2216353288533504	-0.975962139590347	-1.5323180130099532	-2.088251903889792	1.4755803119804407	0.11338798176300845	0.15806721249983802	0.7043206488784003	0.2545783585256301	-1.9451539677772047	-2.1145516042645105	-2.8410014728323074	0.2635602031514443	1.0500693038662205	-5.705238064530748	-2.736373519772592	-1.8867443827409482	-1.792194231327327	2.6924675545997747	-1.6502994552625425	0.5194426825144749
Br1288	-0.0127796	-0.00611951	-0.00537396	0.00158254	0.000756499	7.1	0.1854892483137317	0.960102	1.0	0.0	0.0	-0.0694637946455099	-0.2128266555803718	-0.03058668221341573	-1.4689840882564675	0.8155129610826879	-0.8996134445787282	0.13133128532732946	1.4507159639260654	-0.12930353704375977	-0.38537234637926404	0.8293345098456988	1.5719246525599453	-0.09511037985793168	-0.07908510891012992	-1.6522871351093766	0.39934957876308247	-0.27982589660112217	0.9436308254954534	0.441181091616491	0.019321489381380456	0.6101104218398006	-0.5756248061864557	-0.45086303924949894	-0.08185264790165535	-1.6094165120101709	-0.05637300731433867	-0.3041813909130915	2.123408318784224	1.2483974949538292	-0.9869972312712336
Br1733	0.0383295	-0.00396703	-0.00191754	0.00080079	-0.00620722	5.1	0.1596270888167159	0.966075	1.0	0.0	1.0	-2.900597172685619	-1.0514522028347355	-4.111103475808136	-1.6118415524176026	-0.0812893522950495	-2.2179185275841053	-1.558486674809089	-0.8340395611385277	0.5742724214039123	0.6937773062448522	0.06901393029894068	0.9937363815472745	-0.46477461613196913	-0.19418903490897627	-0.47125716850184296	-0.03895234057813586	-0.5543465624682179	-0.5300620165673966	3.1635152737444074	0.5355180852452268	-1.2875980210241806	3.133735519827431	-0.8156498975966179	-0.8631842148078305	-0.14784438862935637	-1.865600680155238	-1.102352691783628	1.898275073995318	0.49003108126766465	-0.25960238270870095
Br1227	0.034603	-0.00377223	-0.00015495	-0.00392674	-0.00195259	8.1	0.1253601106758788	0.973489	0.0	0.0	0.0	-1.7789510031759583	0.7925037797793208	-0.4350261880704603	-1.0607356657588907	0.41939393926171625	-1.5700522139886288	2.836170263865027	-0.30389708470037374	0.9566968646672319	4.823547036877888	-0.360340269447783	1.8866082338337542	0.24991744036613803	1.1039205358116204	1.5580968098705168	-0.24908218430579565	-0.3883165329008933	-1.1315460191214706	0.167630496293224	0.13000769642324927	0.057123071318558816	-0.05553897334020481	-0.5601156682663632	-2.088113523655367	-1.0824273517020944	-0.6957567513137608	1.4371350677830472	-1.2571799670668888	0.4188747255170694	-0.6939904552173269
Br1303	0.0314249	-0.0042259	0.00186403	0.00657301	0.00508409	8.3	0.1928069075415447	0.960575	0.0	0.0	1.0	1.8486179973734131	-0.18487803010578663	-0.33197663079022427	1.215609824364452	0.3072083307851981	0.10376372942785063	-0.4157257570169622	0.20968140551258233	0.4225511980019331	-0.843173975932114	-0.8464808277300236	-0.5788510028922357	-0.43553698211745967	-0.45694651561631444	-0.2754360567873147	0.42073305648190434	-0.6446975191239839	-0.3716083539135155	0.8609746487391561	-1.3456084314570265	-0.22111388461939377	0.7617244870730524	0.976141372131225	-0.7900382617434791	0.3856922877655453	-0.31371648312833617	-0.44459027186702005	-0.5376608237435981	-0.22115362581430886	0.31012165138770026
Br1371	0.0305545	-0.00531121	0.00121781	-0.00493796	-0.00454867	5.6	0.1864055224077408	0.961497	1.0	0.0	1.0	1.057519064115378	-1.9194329083638557	-1.4948953308955597	-1.3497902893590483	3.1117527238433524	-0.43530259293200596	-2.008850983996511	0.014937148740357278	0.8241717785816249	-0.43454932981663363	0.6349161098116353	1.0361123521849032	1.5195248958385956	-0.017447840869838457	-0.3965860347662778	-1.242142944119206	-0.7155380494172225	0.16333722169237558	-0.9465277501408118	-1.5305997188523885	-0.25924493364255063	-0.39094449127917524	1.0116373464331572	-0.29464874063366886	-0.18771228370065976	-0.05751075412221369	-0.024262152124025615	-1.1291398314712011	2.0363045972382445	1.4413925143286577
Br1648	-0.0126174	-0.00488115	-0.00709118	-0.00215096	-0.000290335	6.6	0.1996354724320941	0.973916	0.0	0.0	1.0	-2.516493562946271	-0.08536151608150803	1.1156401247918646	-1.6246871457772623	0.8572655841212568	0.9733237936456886	2.9865800715555517	-1.836593612912719	0.21841999737660495	-0.6014280469276418	-1.4463235173957263	0.2768963139039759	-0.4262350658848538	-1.3887873307049539	-1.0189296893125217	-1.0027174100980856	0.2162188034722515	-0.6909968314501468	-0.41411513693772845	0.5266274751176294	-1.3957887976165682	0.3476657032968165	2.2674294929904004	0.8302878255256716	1.087334183130825	0.4092096807653963	0.8468632406029295	-0.15499756205855092	0.6066017013152895	-0.8380455500385801
Br1081	0.0291885	-0.00430591	7.17088e-05	-0.000343438	-0.00908933	8.8	0.2103437568620326	0.956794	1.0	0.0	1.0	-0.6785456807075435	-0.8228441262869992	-0.7945763048872413	0.6642856005778962	-0.30481422980096523	0.9003319538582599	-1.8074364318239116	-1.376410351710777	-0.0002524162714462217	-0.2846992402671339	-0.5766558360063675	-0.8136854945321385	-1.001654742367171	0.11286167186317653	-0.8178724401686402	-0.15407478750349068	-0.03638682159355391	0.7192976991403564	-0.7447670507396874	2.288780824129779	0.13289879401214905	-1.0924456045364737	-0.6196080201440173	-1.2672780025561872	0.8990218556534598	-0.39135575409353407	0.7066786423294721	-1.5755851717096832	0.1662845555866729	0.46647656021932615
Br1324	0.0304747	-0.00397165	-0.000149978	-0.000107699	0.00137135	8.3	0.1295425415199434	0.973279	0.0	0.0	0.0	0.46401219373465197	-0.5820703964559253	0.23653974950559034	0.632731933160911	0.5294060052489479	0.27957617244822847	-0.34972313689064255	-0.006721933719826354	-0.47145414586484125	-0.6663851346220522	-0.32318616854649534	1.7688225547630418	0.32292990177260084	-0.5732602278890522	0.06368466021396978	0.8494862424374637	-0.6363656379052324	-0.3553101615352188	-0.2850803543954796	-0.525229499999376	1.8869913709777144	0.12688208635687268	-0.15580308937083542	0.08349075929311864	-1.6370494078286972	0.5670345117621873	-0.19537997448866704	1.5939334664612903	-1.2146053767796698	-0.17929999419856515
Br1348	0.041473	-0.00379908	0.00158249	0.000397756	-0.00541068	6.1	0.2108661793111113	0.972849	0.0	0.0	0.0	-0.07787751834414443	-0.12031734571964237	0.10722119311752953	-0.12959984069731545	0.7083060288543964	0.5535086726440088	-0.09787563553467712	-0.48356114486233265	0.09188371501902597	0.7837385526091609	0.03780971534282768	1.0283505972414073	-0.7029867338882532	-0.5895940031805046	0.49671155718382864	-0.33575884985210097	0.8120957701429179	-1.4067094637682633	-1.5127506948918776	0.043019140865618956	0.47375598412122166	0.5781235308319498	0.23509790348339357	-0.0422544277154109	0.33903840581966344	-0.362416714340114	-0.6553128747876543	0.5472502042972097	-0.0630649870675154	0.420030999307044
Br1350	-0.0113189	0.000816706	0.46048	-0.0303026	0.0191567	6.9	0.158190617024634	0.975587	1.0	0.0	0.0	0.6494588269336059	-0.20222487656551075	-0.2978995581771593	-0.28514767468906926	-0.33331904762311976	-0.007225262141665659	-0.1490384091885917	0.2885513583382566	0.18861364968104988	-0.30861062543194184	-0.11817693523497823	0.6835204132873327	-0.06704612405475044	0.12273799872780679	-0.44160184487748316	-0.0520056030941428	0.5140113097446034	0.08574106832670375	0.10772762917409162	0.10466285905876932	0.3041008359573515	0.05324024174709151	0.8718111952168448	0.39008555247290355	0.23698605736800543	0.3173881286567949	0.32201785288121776	-0.08741345906536938	-0.32577788239246075	-0.20198123780610716
Br1370	-0.0129365	-0.0042923	-0.00349319	-0.00331122	-0.00127527	7.7	0.2167127859767675	0.978812	1.0	0.0	1.0	0.6751256444551983	-0.06362324329622672	0.1254522775716506	0.5610955095934212	0.6345564204808666	-0.11385299418112849	-0.036581401142496243	0.02213774530869219	-0.17245388455872812	0.12629105003644098	0.32436348240260227	-1.0853870348963075	0.8395250101501324	0.31648368744387656	-1.1896649268073767	0.42033008545653683	-0.23516914510756717	-0.5024119919044883	-0.7350095926525493	-0.503466806891479	0.637713591952718	-0.17877202217551896	0.3373322757145714	-0.3424906929431247	1.5327597763886964	0.6779177572454168	-2.0823783148746875	0.6019500212868512	-0.28351352600316077	0.3051166710997252
Br1389	-0.0111641	-0.00596424	0.0019409	-0.000724157	-0.00605503	8.7	0.214685199939733	0.977862	1.0	0.0	0.0	0.6614517929881276	0.9486141152833102	-0.3669855852603428	0.17225951241750703	1.2039338352950764	-0.17586874040277256	-0.3660009843030215	-0.11949455726530274	0.026465128148970996	-0.9287366486361683	0.3805862533252661	0.08101001741558936	0.8557482006821863	0.6130360640919055	-0.17429083390976874	-1.3430209104366169	-0.43811200247525744	-0.4284689369024076	-0.26618548600942743	-0.5768025859499926	-0.3783622963696249	0.5596941678583971	0.315389729410788	0.31220370170607703	1.0056281876422806	1.0341039050211995	-0.7337767104804263	0.5239457349247804	-0.08288781317073322	-0.23123447019503934
Br1446	-0.0116955	-0.00192068	0.00655704	-0.00522472	-0.0038382	7.3	0.229195098018723	0.95682	1.0	0.0	0.0	0.7250520450181516	-1.0426805373158703	1.2818182034314953	-0.4845747910030601	0.07101984474264597	0.3843258588204566	-0.40986174472833375	-0.6233653983767724	-0.5684425849565456	0.4800278476581364	-0.31435350564690095	-0.47160624180265714	1.2249842242049478	0.4209204546992747	0.28789115278449195	-1.1094517102266819	-0.6032244768928793	1.2758668498070191	1.3258056761633696	-0.11341537139274185	0.18976563825383747	0.25198690217888764	-0.5278817833765168	-0.7987308788164584	0.6086244132085584	-0.6387388634087376	0.1257739219582448	0.6360337962508632	0.33634319675514923	-0.7562529375619924
Br1447	0.0299191	-0.000722732	-0.00107939	0.00307298	-0.00241855	6.9	0.1289912331388057	0.97344	1.0	0.0	1.0	0.03170176034504639	-1.2496112194808788	-0.0824311604325861	1.5969650395396051	1.8893862128105747	-2.8669770045570644	1.7606977275724107	1.4104675867810337	1.182909834568345	-0.8751695728427793	0.8423271338935807	0.4907075433678332	1.6256908994907355	-1.8043554012835024	0.2526622783337822	2.6703278361886094	1.022365828686138	-1.0756378076861337	-0.9626021073671914	-0.24500584071569168	0.14774594178195705	0.4107943488089597	-0.1597396661973705	1.0259987341113006	0.7845636290017272	-0.8647913282866029	0.6788090553692568	-0.18542394094075218	0.6313010018244032	0.6889136831187164
Br1340	0.0337791	-0.00216496	-0.00315972	0.00300769	-0.0107748	8.6	0.1678929447696802	0.965795	0.0	0.0	0.0	0.8661572432985374	1.3620500761203858	0.42511939240402946	0.06620665690772183	-0.2672602762624239	-0.6991097251426123	-0.05981706557622531	0.5982399298095971	0.559681937834556	-0.6510358239315439	-0.4674289825315351	0.6174425154645531	-0.7035428105712844	0.8978501044284799	-0.22487554978060514	-1.292149975057704	-0.7184605682958305	-0.7239169766907472	-0.15725605115471578	0.07701745302215106	-0.7142412247259498	0.961086293685054	0.4163832576211781	0.1189408827573283	0.9899326207530592	-1.0874626890568844	0.55935198599909	0.5758184699920629	0.04714357406665833	0.8870602496865804
Br1383	-0.0119659	-0.00456439	0.00395027	-0.00150494	-0.000986164	7.9	0.2487542862697501	0.977213	1.0	0.0	1.0	-0.6442693946851509	1.0658657942760106	0.3362712717150751	-1.1113154727477002	-1.6102364490891072	1.4491100902692062	0.25165455322213937	-1.2579930184588743	-0.49468849060115766	-0.20718207802430047	3.294994222589628	1.3410197462550997	-0.8457885633760771	-0.474241135058874	1.5487789970027648	-0.1230327550961983	-0.23577493811719016	0.3060484493574334	-1.3323616117416786	-0.44012467497507934	0.03694973965927478	-0.25709337041808944	-0.17746588515145803	1.5541867441718884	0.008748146668702477	1.5405731086245604	0.062320472303007565	-1.1301525482103398	-0.5529009310333873	0.14149289390866826
Br1390	0.0358931	-0.00518657	-0.000753113	-0.00284446	-0.00118993	7.9	0.1885993602818904	0.972214	0.0	0.0	0.0	0.577454686940757	-0.5796408922422212	1.4797155394975994	0.5063492091233684	-0.9173088421468638	0.14364566563460404	1.0060652091370974	-1.1884478519345814	-0.758133141939251	-0.23284570154966286	-0.6682800161619301	-0.7289770835447917	0.3798096776500333	-0.8870030401299466	-0.8750394417486341	2.129164784908757	0.6799797440429698	-0.007384231667098406	1.1791918177764806	1.0275357483560597	-0.450977586575277	0.5897748947361132	-0.4396504031396701	1.0809441009541199	0.08430997386783945	0.7199309574998054	-1.030327163174118	-0.05294086733902277	-0.14554990280894162	0.5475302161013655
Br1399	0.0257676	-0.00447164	-0.00225458	-0.00355714	-0.000757692	7.1	0.1541532230168931	0.967768	0.0	0.0	1.0	-0.21571141797514307	-0.17481870241136005	-1.203341586562824	0.18579506925553824	-2.230051647115206	0.9973426023729026	-0.041628684410283764	-0.2033068248479874	0.7662994821162148	-0.2173813830807118	-0.9465049706809088	2.3246897420705386	-0.31832372874823417	1.4848869325605756	-0.4933757104799005	-0.7400965438337458	-0.6140529484500995	0.2815642303248294	-0.35235739782494696	-0.173629580170734	2.0795773621314484	-1.1960819729524825	-0.0686093937448814	1.8211104213035432	-1.81444380851602	1.4151578570172867	0.15124642362623814	-0.4236181583135606	-0.7152033552245469	-2.110322705006643
Br1416	-0.0125124	0.00211247	-0.00395899	0.00895605	-0.00034628	8.0	0.2229772795208396	0.968298	1.0	0.0	1.0	-0.3176791681806717	0.14066932192337384	0.23918859781030627	-0.3063589558453089	-0.6361573395564212	2.370233001543037	-0.5828825127299546	-0.11813875916991372	1.3217605053937855	-0.5783385175250556	-0.02288167145736402	0.5002451475417392	0.2677502826343129	0.9420446957555533	0.649756467043062	-1.7035968791861842	-0.09586473721135913	-0.9505867683410274	-2.093738382731142	1.9711363445174848	-0.34929298592302427	-0.8969870775095503	0.1018301519898143	0.2632229040947863	0.35434713497822695	-1.1665544014295919	0.8897837208605482	0.35004460112962943	-0.37140324903551036	0.8987691276355211
Br1425	-0.013071	-0.00530217	-0.000320925	0.00297914	0.00264647	8.4	0.1858598926512639	0.972533	1.0	0.0	1.0	-0.9568684155782174	2.2841077401055596	0.5565698850052145	-1.1013615133302626	1.0776369476030159	1.054962451334831	-0.7423435170026434	-1.1082818290175098	-0.09945424242746545	1.7483781095050281	0.5990103182486252	-0.8219362756663752	0.736828370896488	1.7841687600612035	-2.2533516639614026	0.9641038395164407	0.5263103327599004	0.6876988147258737	0.8718094674976916	0.0493394467660971	-1.4752155467483812	-1.0589195528399582	2.248005378564873	1.1128501521759984	-1.0159339458320142	1.2170023320347194	-1.4184599131535107	0.18495642043829622	0.08983399491008903	-1.0959840618439012
Br1432	-0.0124036	-0.00548912	-0.00327299	-0.00199264	0.00140516	7.3	0.1782207280038269	0.960675	1.0	0.0	0.0	0.576210952291754	0.1769977853053742	1.1640805726095782	1.063167994816256	-0.8043542776640669	-0.23939503597432188	0.07643395757476357	0.6627668960587692	-0.46764089352738564	0.5557932768913542	-1.1542058879335944	-0.4651345855367234	-1.9061458080451779	0.044690106955363594	-0.46252501259489526	1.7030967089160356	-0.9823538063382985	0.21298301124597752	0.19658349609402428	0.12790175342166446	0.9801170540381674	-0.019614270156138446	1.01866438211532	1.362114159388917	0.05792634310008514	-0.8659603070535763	-1.812757094444944	1.473515251178974	0.04080129717995962	0.07936063959984693
Br1494	0.036163	-0.00395223	0.00165156	-0.000630669	-0.00970856	6.8	0.0110431958151166	0.970108	0.0	0.0	0.0	-0.983276240668414	0.16751806269873676	1.016019239713222	-0.08147242940643479	-0.7938428989623731	0.868021161987022	-1.2121099017084545	-0.3471347335631372	-0.49527043294053497	0.2057617073745183	-0.36880134304106893	-0.35865876603728947	-0.31415948256959614	0.9532461921193858	-0.12569023872999718	0.4424280217735341	-1.0591915653934298	-0.20588301722366623	-1.043828967154049	-0.09199598072656374	1.0806675556579473	-0.09738332421977819	-0.08274522076251323	0.20531645403729196	-0.1369253260047298	-0.37887527015459577	-0.45660999505424715	-0.5842875119297665	0.27948091416761467	0.06594177775265005
Br1339	-0.012749	-0.0045938	-0.001595	0.00172525	-0.000531346	7.2	0.2172317774029955	0.961616	0.0	0.0	1.0	1.1356121086008542	-1.2265968809535872	1.5390832345459773	-0.03342702397952329	-0.6146694781404508	-0.7737404619706845	-0.6243413945815984	0.8649310951645146	-0.1707997063916714	0.19707082447093108	-0.8775039186137454	-0.576006056982702	-1.2009511749116042	0.6059202608455366	-0.6614456444690684	0.16750093033211277	-1.0756535009593333	-0.12563475807132288	0.37276183003845387	0.22895098710843445	1.7847637393464566	-0.22297550913791409	0.17883386974837528	0.09877665654812183	-0.6772382647831624	-0.21262838475065957	-1.1298170847333624	0.3985689119890636	0.6926500580540308	-0.15171276875084203
Br1485	0.0193894	-0.00357027	-0.00312278	0.000138177	0.00390343	7.6	0.1765364569413513	0.970278	1.0	0.0	1.0	-1.2319810121349029	-1.0740605078389036	-1.1935391764868235	1.1306774560032604	-1.3240396951420637	-0.41554716195402613	-1.3367284517380789	-0.8151691104867113	-1.0785484732211983	-0.08300552695336419	0.1908109028451646	1.3060816626404033	0.3784696282766669	0.4139033352897878	-0.4557569336539177	1.4660529791336645	-0.2913634475351526	-0.4002163027887981	0.7989405599910813	0.46815297302857894	-0.38554325390940747	-1.78331353450749	0.1978832274415316	0.13247887786154605	-0.5311068287220225	-0.6064133657291543	0.7336238662687105	0.6935974369346197	-0.36153200425425064	-0.3896659048105029
Br1576	0.0436684	-0.00286209	0.00451537	0.00515774	-0.00242568	7.3	0.2168531873744005	0.960148	0.0	0.0	1.0	1.432587529188801	-0.7090315444363264	0.6055340321443244	0.514916179509814	-0.48509355887636163	0.5604870800393439	-0.389584022800544	0.3534703960726417	-1.2068533962171524	0.5109534013409418	0.22385003132619494	0.21804319898526578	0.17593660285332238	-0.2954675916459051	0.17382357549387212	-0.10134884236371172	0.602867832634008	0.38509227193941215	0.9360174991900396	-0.28795841085574586	1.3507132581095345	-0.21152634722562916	0.3154004804807798	-0.37105702618702446	0.4597703674528356	0.1936868154416502	0.6774660105430278	0.40520398028794663	-1.037551724076644	-0.10387671026027101
Br1672	0.043658	-0.00549681	0.00138686	0.000208385	-0.00506565	8.0	0.1727819541514766	0.967462	0.0	0.0	1.0	-1.2733223979274642	1.3917841877526342	1.4516168925892587	-0.09139140430755942	0.606431897016019	-0.30999005728890117	0.30995113550428494	-0.0911052327732441	0.4519060234583551	-0.2506235440197571	0.3036577142472936	0.6063797274149016	0.9569665692340783	-0.15235606559416878	-0.4812061658557961	-0.28000492588043996	-1.2692581068984994	-1.7978978804369274	-0.38894412468507994	0.05053924809810005	-0.3527246873963113	1.510821064237	-2.5030797001544105	-0.5360604013204285	-0.1476511165132609	0.19605105879046397	-0.1724743685890925	0.6023751606794414	1.2156015407954288	-0.5587922247468969
Br1139	-0.013125	-0.00395938	-0.00908127	0.000244394	0.00192269	7.2	0.1588916478214862	0.966542	0.0	0.0	1.0	0.7014799602856104	-1.2706740202918725	-0.7598025459621319	0.036996071660786306	-0.02695655174840103	-0.14912701074403523	0.10462755265003101	0.44487279529901014	0.4760087794278693	-0.7612210218051453	0.16449572764546833	0.8690686948992055	0.05370046608023383	-1.508185597102266	-2.363804800911711	0.44338901399377756	-1.0959888524970314	-0.9234160730409655	-0.37062929261478395	0.3450115165973602	-0.6769761739007863	-0.7936450014960905	-1.6341203685754069	-0.6895713927717705	-0.7543888976489855	1.461825749397932	-0.5818624565016149	-0.5763970197151159	0.40473876959030886	-0.621872188581176
Br1221	0.0407928	-0.00293224	0.000669603	-0.00174004	-0.00867079	8.2	0.145525615982874	0.97273	0.0	0.0	0.0	0.24853917787525384	-0.7074501212571005	1.0294031260444418	-1.578322167772686	-0.04640005412368585	-0.9908109788862195	-0.4995037966405001	0.7735126786465706	0.32213412347896087	-0.70635439065303	-1.740096533717054	1.395460979086001	-0.327316336232182	-0.687301199308064	1.325748807168157	1.9823899871083457	0.10685471551258297	-0.037204002408971565	-1.4914072848490245	1.1564510500587484	-0.5012737169919248	0.04121480952102957	-0.5966868491544395	0.20284392198672332	-0.779386461025858	0.5722022567945575	-0.3837376547648245	-0.026611386894631047	-1.0124001523383144	0.017282666142450793
Br1378	-0.011217	-0.00280512	0.0124119	-0.00314573	-0.00161998	8.8	0.2634649712184395	0.979435	1.0	0.0	0.0	-2.7737786286170016	-0.8622888788218963	-0.6120241593679611	0.44888705583291455	-1.0040850472044598	-1.1891117730660679	-0.8874089138459714	-0.8732859490176412	-0.20224727308784354	-0.9653634510738366	0.12302499134004374	0.29827511942089	0.9008765071521562	0.4572029834300716	-0.15514051704499124	0.039683062438893184	-0.3719348020974379	-0.22312739049392896	-0.5241442514712495	0.03899944637279902	0.26805340699791436	-0.939754939547565	-0.4684253039308135	0.08398134542983393	0.7074646016654617	0.15140914420100127	-1.0888095116654926	-0.8264413594635501	0.00469260511447171	0.5615826144392267
Br1529	-0.0129366	-0.00456869	-0.00505662	-0.000996232	-0.000482983	7.3	0.2028303181220646	0.970772	1.0	0.0	1.0	-1.12234128596412	-0.23476828663226998	-0.4956746457647384	0.7673761015680598	-1.4220921868354552	0.10054228149512795	-1.2894972175589925	0.775458655651467	0.3717932143999507	0.05213220750253045	-0.4266718613960686	0.1764454045157321	0.16901959214715243	-0.014718357564609933	-0.8573259887348695	-2.0693669474276177	-0.3562170033261171	0.720219782651604	-0.9478312144624053	1.3307076350952254	0.11488965546593988	-1.454622610014404	-0.8369760493300573	-1.3919091876365561	0.6319671954352116	1.4040092349809208	0.40232338279576135	-0.14110681620770435	-0.7053355803853638	0.454158808269246
Br1573	0.0322005	0.000596495	-0.000499231	0.00690358	-0.00196658	5.7	0.1942735892985349	0.964087	1.0	0.0	1.0	-0.8251658052998815	0.5165816173295076	0.7270566315876777	1.2297776197082722	0.8415892691443364	-0.15213524866708014	-0.051107716139267206	1.5181277386035656	-1.5387438779022675	-0.07628418051115957	1.138372971355005	-0.15314602261936663	0.2032467380631357	0.5009107143228534	1.0649572058100036	0.7366079996603655	1.0177190612762979	-0.844422577657773	-0.40880583021517913	0.8973171200411042	-1.400144609694694	-1.7518204577553529	0.8037322051229128	1.0927662049318525	1.4755667461070392	0.8354410165772205	-3.251486216455218	-0.28526052335576196	0.019677154566163604	0.936025081552629
Br1591	-0.0129254	-0.00411294	-0.00323964	-0.00473703	-0.000557361	7.5	0.1434191229341945	0.975901	1.0	0.0	1.0	-1.3364202298284011	0.10381169219852403	0.33721832229037674	-0.7688374460994087	1.0131754068938192	1.0891709838834949	0.2620681915186326	-0.8137985539826376	-0.7468005670735123	-0.45002273480551996	-0.8318788341843252	0.07627767685009462	-0.9141704127946005	-1.3932685842800678	1.1004110275844172	0.5269174079951868	-1.2121583609765678	-0.14732820891085982	-1.011503883634147	1.4631787174726518	0.9214788111831211	1.1877682683408948	-0.19505008248599767	1.2767071519597526	-0.9894323632848292	-1.9139921604658836	1.4774700285148117	1.047194965803168	1.2573876547172655	-0.5777113041617382
Br1605	0.0283403	-0.00506843	-0.000793262	-0.00412713	-0.00053381	7.0	0.2036040708156564	0.966339	1.0	0.0	1.0	1.5522322989512831	1.033387224282951	-0.9928262986624194	0.3502188974808298	-0.9025876256828084	-0.6157767127335738	-0.7747197272925889	-2.056696071964808	-1.0415172977669693	-0.3566507700206519	0.9613714001480791	0.33936964525344215	0.7119876149457797	-0.14876368331888473	-0.12650783680533925	-1.896976810403915	0.013166755290180271	-1.2897492347248667	0.11749793909265567	0.7951723802445504	0.19384767749046652	-0.7779254186004205	0.13344831753437641	0.8425588677706201	-1.2084260225434695	0.4781219662616624	0.3231944952391004	0.3059882600309735	-0.2619369168886422	0.07260967880899055
Br1102	0.0414362	-0.00357127	0.0024779	0.00150005	0.003523	8.9	0.2089781825039783	0.957246	1.0	0.0	1.0	-0.29030604932589216	-0.38208435757123316	0.6638145376705021	-0.5223368196140677	-0.7898636322653885	0.6368369177869385	-1.2883018328470965	-0.8808696595656408	0.33165357466123807	-0.40796784579741324	-1.181391664804657	-0.13572977304030237	-0.27738126914230615	0.9374815345526591	0.5244367655393545	-0.006045567110085765	1.353189189800641	0.18643247462572088	0.14588299480677375	0.4826741210616418	0.47504208782346086	0.8838504145937328	0.15060976679178592	0.5455721438444564	0.2563055742958302	-0.32513960787194124	-0.23571843593247438	-0.826867052914201	0.43897870635060304	-0.7433454294331724
Br1271	-0.0126432	-0.00347912	-0.00636072	-0.0026899	0.00280232	8.4	0.1551799872391012	0.974722	1.0	0.0	0.0	-0.30992881815935397	-0.8676185726629608	1.1369693099899083	-0.7552472758085658	-0.24134041748529153	0.2880584200330865	-0.399853145980962	-0.9855887824840202	0.9060207185267101	-0.5365962957311415	-0.8720211077984094	1.435959326536267	0.34438640681043897	0.45547071281149704	-0.3173159597374468	2.9097996930980266	-0.20034744627777115	-0.01544352529846158	-0.3283908919001704	0.7212853889155537	-0.834955386977914	-0.13650396224991115	-0.39934489645260574	0.4861446614704677	-0.8294652334787477	0.8149648278260208	-0.5179893810128701	-0.7085235510964669	-0.1416900290287573	-0.3610773235942853
Br1275	0.0358563	-0.0041618	0.00139308	0.00133048	-0.00290525	8.5	0.0123374991887968	0.968786	1.0	0.0	0.0	0.17427506822242736	0.10732136575154061	-0.15232219807146652	-0.679365685199434	-0.35933663769564156	0.22921223107323693	-0.5203930611737406	-0.29373006734329066	0.4045995443869841	-0.5255374091940556	0.6654022913733847	0.31991455801877117	1.4690718333563286	0.39367596364839647	0.6438041837775399	-0.12019777963408333	0.7533009801491367	-0.420181167659394	-0.9234185409588609	-1.0940789877355992	-0.048163932902202354	1.3867861747156276	-0.14207545585877973	0.7974516028374791	0.4112637643555339	-0.6301474565227758	-0.8959334970958124	-0.8715323973961168	0.5600602575814366	0.3525626623121547
Br1356	-0.0126358	-0.00354923	-0.000441472	-0.000903487	0.000366775	8.2	0.1785015166393259	0.972889	1.0	0.0	0.0	-1.6353601540225033	-1.5695872344570085	1.8345168033347472	0.958360993922914	0.2619661911282265	1.9717688177607695	0.23230687047835022	0.6886087725570446	0.5352466250750709	-0.27896875244980807	-1.798972919758765	-0.5449568774958402	-0.03737634152772811	-0.2881056982049933	0.5257724131651054	0.9158993206607265	-1.0689333397436758	0.5675147625522383	-0.41746225012100363	-0.3577498202956883	0.5161962433646254	0.8210760739970652	0.07063614590196964	-0.5811260938139408	-0.4973656036139528	-1.2847695466703144	0.037044306110927704	-0.3010564938195471	-1.5865104164828587	1.0369165428875629
Br1448	0.0107883	-0.00329049	-0.00762126	-0.00372061	-0.00326294	8.5	0.1951906445271345	0.974628	1.0	0.0	1.0	-2.334816053023867	-1.0025231228006322	-0.3891787319906604	-0.081655272574371	-1.7561915531892711	0.2790852379211295	-1.0952964139776056	1.0269653622772412	-0.3024699046162925	-0.9278753031123986	-0.11793830887490578	1.029226173049266	-1.1535987276134376	0.5210288641682289	0.399398076009392	0.49561189911089204	0.47910936719034614	-0.2247866140098032	-0.610061063153954	-1.5264754843390735	1.1007682468309434	-1.0617145325023998	1.0746618695849433	0.1815971835527144	0.27818800489766793	-0.5347045699191721	-0.3321520180606409	0.46233808504816704	-0.9343431141568634	-1.0892987171038744
Br1538	0.040311	-0.00668206	-0.000153223	-0.00122213	-0.00380165	7.1	0.2130797471024838	0.977977	0.0	0.0	1.0	-0.33655739888315794	0.8778691689553247	0.8029465653320074	-0.7705474425775656	-1.9841483298246025	1.0583987400234935	0.1682465282821013	1.9416850197352808	-2.217227995196632	1.4109272644289852	0.03648284697611517	-0.8439175308334278	1.0764861481622285	1.7984473379886372	-0.6848728020036643	-0.5538936088883076	-1.1226378656777807	0.525670467564448	-1.2522273957293377	-0.6575439349970547	-0.5066370911755781	-1.0318770415206993	-0.6493286111525791	-1.4408126585014012	-0.10424679412773918	1.4381125149744733	-0.9444397113739224	1.0554511331127594	-0.5899527073572488	-0.8235231739631463
Br1187	0.0312803	-0.00177936	0.00126192	-0.00132939	0.0042332	8.6	0.208397480630249	0.967353	0.0	0.0	0.0	0.3272740677698246	1.5693556619571067	-0.9187606073556924	1.4278423687574318	0.13141193385041688	0.16773708859891298	-0.7282974234203268	-0.6988168513699272	1.6914515566856214	-0.08926538613438025	0.5365655224186296	-1.1282718653774264	0.13654492105846439	1.5228652402639709	0.35578485908512325	0.0028675991307265283	-0.45598624297541096	0.8109757777023036	0.35879243566790386	2.9263848660840153	-0.8412912373483576	-1.4173187565862233	-0.019397942024002093	-0.46056777911190655	-0.03212307406835221	-1.1248027219004901	2.233796782866076	2.2608616460667075	1.5914313057707572	1.4024764340398663
Br1191	0.0293218	-0.00452495	-0.00193423	0.000344124	-7.06557e-05	8.8	0.1326846881851325	0.976579	1.0	0.0	0.0	-0.42845221129912586	0.2763512708869591	-0.23682186093502605	-1.342329671133995	0.8449497264436383	0.38628419680850457	-0.07975624807559775	-0.648762034782865	-0.27126125750851793	1.0806720303182535	-0.8150805416494095	2.4555318911566246	0.6689040096470659	-0.12193574755371456	0.28297612052133797	2.3803391618112077	0.6247391444127102	1.2266646918304211	-0.5312307426404964	1.2677566740392936	0.20055368182288752	0.1666662222032866	-1.0801140726770748	-0.27199002819104856	-1.2340317325475443	1.4377202313939643	0.19638368858000174	-0.9917104480135793	1.0210406975576904	-0.7877924282923663
Br1280	0.0386464	-0.00667244	-0.00451491	0.00066181	-0.00552489	5.9	0.2056610278243127	0.957824	0.0	0.0	1.0	-0.5276501627080922	-0.696637424228692	0.9901586901952041	-0.346882209697251	-0.6072304954874319	0.577869432675993	3.112314845411722	-0.6755219010907931	0.6926104373658364	2.1556680519033926	-2.1695631896711833	0.30271703084276275	0.48682698452822143	1.6475222049187157	-0.15429314828148	-1.3271368045531058	0.8519765384721002	1.9694586251333301	-0.5883914171376216	-1.1826748210780105	-0.18421489113340775	-0.7917053264249818	4.375115926612315	-0.8577033214307236	-0.9087137493786833	-0.8916220242059426	-1.0769644213142189	-1.8527350447077893	-1.7152853789742664	-2.997115462247687
Br1442	0.0399204	-0.00540506	1.83979e-05	-0.00674509	-0.00575595	8.4	0.2334867194195441	0.963953	1.0	0.0	0.0	-0.276340350000088	-0.8791734123255851	1.0215240438404278	-0.5190655697265678	-1.3911226450460965	0.2326842663198461	0.7213788086240412	-0.4887356693667466	0.19578102717662124	0.38327583767722234	2.1830262410402277	0.3230605241756899	0.4806422608549087	0.37694015848091167	0.40721117986489935	0.5502659373103216	-0.41190506316259157	0.1030997363691145	-0.2769624555805225	-1.5185475202326928	0.6138170851162965	0.33210364699500405	-0.47120956478732556	-0.2328268210007439	-0.2985453145401995	0.117484918602371	-1.161127461940197	-0.7193158042094588	0.567051564724377	0.19162270421587543
Br1443	-0.0129542	-0.00564481	-0.00704837	-0.00398859	0.00460015	7.6	0.0158007863452487	0.972445	1.0	0.0	0.0	0.2231060220151014	-0.5630178300516463	-0.38004020224690327	-0.28487459852229174	-1.1125551863696856	1.176858062826847	0.030011792146543613	1.0871880730569758	-0.32492912279314284	0.2674826791179277	0.5074888236473948	-0.43430359505296834	0.1059444543480272	0.9904733277824165	-0.9883762460543727	-0.20163254935159422	-0.30224951932174476	-0.08601587631422854	-0.5601523155135213	-1.1014222970042908	-0.34845655584803825	-0.12830272536368176	0.3899189792646076	-0.3351251106642625	1.66909963302312	-0.24865631310374184	-0.639906182213732	-0.5091664834464052	-0.19786671800579328	-0.45475672434431547
Br1453	-0.00740694	0.013756	-0.00098374	0.0386823	-0.00448538	5.4	0.228938945301291	0.956787	0.0	0.0	1.0	0.7565063284031709	-0.8609130605878089	0.799245519212786	-0.026910160555615605	-0.7738994649289725	-0.924423879483111	3.2626442470387524	-1.5601611804712865	-1.806355013047519	-2.3227575630227335	0.12973664092367163	0.12975961238047587	-2.7954852861018944	1.3773111974346095	-0.560370594528401	0.5986853336683203	1.8911118408555092	-0.6502653664101032	-0.6208000253594884	-0.8267373755495517	-0.6762023413611262	-0.1785277913126911	1.4723543006247746	-2.4351462038702327	-0.7038520988861081	-0.14809266567782323	-0.19019045686765024	0.5258683192497579	-0.2902823850138157	1.8170810003493594
Br1487	-0.0125718	-0.00320429	-0.00452408	-0.00318626	0.00222047	6.9	0.1458625116608265	0.969404	1.0	0.0	1.0	0.004702074736028479	-0.6971896481038571	-0.28988339340110836	1.2098300391157621	-0.20296027883024298	0.04793600482272261	2.086393424792487	0.9511375813373585	0.5585276071866516	-1.2183506435707003	0.17796566217137116	0.9823675447735678	0.4113465069009137	-1.2383040990993217	-1.2550780781895496	1.4279595062488268	-0.4354387182490122	-0.051064119733380195	-0.015386843213719859	0.039266125984022154	-0.1334283262764201	0.7451665077882559	-0.6660960690546137	0.5644724123495003	-0.7598349719066192	0.7120551313157172	1.5198346155635234	-0.5587282635166085	0.3353048288877373	-1.014489333475784
Br1030	0.0204873	-0.00455322	-0.003179	0.00177213	-0.00876656	9.2	0.1681099841013971	0.979893	0.0	0.0	1.0	-0.8052214999439938	0.0034072059497348055	0.9260839101949279	-1.293937078016348	1.4309210528265113	-0.3738419003712965	-0.42625944589554904	-1.122930967073375	-0.11363683802419677	-0.37332074458313863	0.6795726976906462	0.29215203643201976	0.7369456393810869	1.3379920247484969	-0.10708200324137883	0.39256999358785055	-0.8684578752552771	-1.997875684563479	0.6570733696954892	-0.8200931207178453	0.048767786029054065	-0.7602682923105518	-1.3764223683435997	0.22767392685039617	0.2770569859665816	0.35522194232512727	-0.870880945771685	-0.8450609534405485	0.3505395526803207	-0.4784576708424459
Br1409	-0.0107297	-0.00349126	0.0088994	-0.0062319	-0.00397717	8.5	0.2333751584171554	0.976621	0.0	0.0	0.0	-1.8685872969978126	0.20510324105996267	-0.07204913118301681	-1.1061924433797343	-2.035564247358517	-1.1220281086501238	-1.0109978092956473	-1.7304595702626946	1.8798089519038188	0.2327095133822739	5.22319647566299	0.9945754052985026	-2.272017355455469	-2.605871142140295	1.898141767209928	-0.03887216358613472	-3.169709708822025	2.248021250968164	-1.0453252344707316	-2.313108807462965	0.007847037762793233	-1.4084032638655035	1.6286628919827233	0.7673909505183324	1.0934392974389684	1.5062130636060036	0.3047422944121647	0.02598980273286439	-0.6499809825547259	0.6477296446264325
Br1499	-0.0121918	-0.00106748	0.00630139	-0.00423028	-0.000319725	7.9	0.2203432912502168	0.96805	0.0	0.0	1.0	0.3880148755104875	-1.5122036851781204	-0.19594670330377037	1.3375541402343418	-0.064443685152167	0.3781730110023592	0.7927768272514668	0.605780137312241	0.8765229412696277	0.1033843423160458	0.7301535521150387	-0.7287590298955535	1.9361689393895756	-0.19551292983827961	0.994436570349367	1.56408320117193	-0.07572355240734173	-0.2637998099828633	1.1667089549596839	0.9633917927375447	0.07238726944443231	-1.0120107632690787	-1.126633357673405	0.018332824523664464	-1.0471967106652587	-0.8189636704584694	0.37139593202754734	1.4201144016021419	0.5519797354022217	1.9210018831979556
Br1509	0.0371914	-0.0051615	-0.000349591	0.00240973	-0.00593305	8.7	0.2211060086613291	0.969222	1.0	0.0	1.0	1.4469161079251442	-1.1990797775500488	-0.05538046898703886	-0.10765729084000111	-0.6884087587302525	1.3546632598666997	-0.18990400351884337	-0.058022190420383465	1.4080688069935476	0.23136788869054725	-0.12952949385056026	-0.9150399302944429	-0.43714518878872005	0.22277212088884937	-1.4328756008378507	-0.5789680170852611	-0.30076492308498776	-0.11265501310701774	0.7024717458524631	0.6708637464999564	-1.2136453659778523	0.2467415793689119	-0.03191330557769068	-0.8389779034762672	1.1584820079072817	-1.4748655631336516	-1.0820495749413477	-0.3357457528151047	0.1257537790632851	0.4938955852797012
Br1552	0.0370997	-0.00503777	-0.00396544	-0.00474186	-0.00814203	8.7	0.1942066054076777	0.970491	0.0	0.0	1.0	0.8055315571503399	0.43140418225220867	-0.7407123076838229	0.49793746673265116	0.35457622680418993	0.7647115304480876	0.1767109281354551	1.7027881990838265	0.6928815178842413	-0.8800853593998187	-0.5570235356580375	0.0022775421835989304	0.6374545924267021	-0.9522363389469237	1.0336514167625201	-0.5916375784150152	0.35754198819627897	-0.2436423074211964	0.23820742312461132	-1.2438665464955758	-0.22589389940194096	0.9948895217163044	-0.5763759855844516	-1.2711833108094475	0.8481608889023021	0.9177767148670626	0.2751099436985656	1.6024056499664097	-1.8231367948125723	-0.9027963526289802
Br1585	0.0378943	-0.00379294	0.0012127	0.00033597	-0.00092147	7.6	0.1200615708709375	0.965218	0.0	0.0	1.0	1.9403980835579284	1.4358104564028935	0.9408775411444532	-0.8214955999016809	-0.9740207870751757	-2.5293455286326436	-1.2216257674206321	-0.3959114777919119	1.3087409506035435	-1.0070443773626336	-1.3316298734911725	0.39080760562679695	-0.6006372838657694	-1.739861775007263	2.525058882634454	-0.153753588118133	0.06664663041323904	-0.45390861520927817	1.0702420227995455	1.8793219713098543	-0.4900376162540863	-0.38946641417532313	0.8910624280739319	0.991332192602493	-0.12032347207886246	2.1142208976831127	0.8322101220155684	-0.19938735067435548	-1.0603602608760117	0.6761161494031633
Br1594	-0.0127449	-0.00313444	-0.00466138	-0.00196396	0.00309469	5.9	0.2076203119257874	0.973952	1.0	0.0	1.0	-0.5942638200773765	-0.6944720302548463	0.8478350456259162	1.3128857583364884	0.09469655355940378	-0.6592328679293596	0.7895766391035387	1.6653190188061824	-0.7102520687112049	0.3503981556427215	1.0720511073494203	0.956764779309688	0.290260440498045	-0.6623171685286231	0.0965677219081771	0.4177900074281592	0.47864662274479064	-1.3657852001684643	-1.1991930992755155	-0.4939889023328505	0.32343206118003204	0.6841545900707623	-1.5500079533386606	0.4990652341259498	0.33361318103411175	-0.3557464153617844	-0.49527724487545993	0.5575374751733628	-0.9562747664838062	0.2646737636101422
Br1034	-0.0130502	-0.00370658	0.00147753	0.00312665	-0.00173695	8.6	0.0135454060582465	0.973859	1.0	0.0	0.0	0.1771708945517145	-0.6952491837730714	-1.1632192901028846	0.22191766363058893	0.03463773028708369	0.8630781533750596	0.12111013909295439	0.6166113044034445	0.16219966414335635	0.062459632723214656	0.7624633047465046	-0.16220199694706705	0.16791474150312388	0.03870916718359908	0.5835951503546832	0.5033472732881007	0.7060306227318913	-0.6506955279970005	0.5995650805281739	-0.21958078585156388	-0.051708340249549	0.6046127761042258	0.40470048117150526	0.27547434800080645	0.5668773185860082	-0.787830395098953	-0.22075730849659356	-0.17315147336259926	0.049304141475409666	0.1516447640500596
Br1407	0.0284812	-0.00308808	-0.00122918	0.00167667	-0.00110206	8.5	0.1784573689325399	0.970315	1.0	0.0	0.0	-0.3477423872842883	-1.8065007508829483	-0.15581273596041473	0.42016583924925244	-0.4278643699534526	-0.19033431743296128	1.1989779389575763	-1.2303917563376274	0.4653782547153656	1.3782185257525514	0.7708021791584196	0.06581607622468542	-1.074138485623795	0.785278277370951	0.23350970877267282	1.8204120479402905	0.3542392782300682	-0.18135414945359196	0.2126262337856319	-0.6077993468961206	1.638376685816838	-0.3231881528020408	-0.012264299693584169	-1.1538206770964408	1.754474856056771	0.050493984277982365	-0.20664565962406156	-0.28982103384283076	0.4281691805517933	-0.011546643540698882
Br1418	0.0317977	-0.00142702	-0.00321558	-0.0017113	-0.0099898	6.1	0.17045481466359	0.972717	1.0	0.0	1.0	1.4567592770017124	-0.9823544654778676	-0.8228011581962036	0.5899056141783758	0.7048992502812258	-0.4493051495656547	1.9430941205888133	-1.6316235567469353	-0.06448571687243364	-2.096297023645295	-0.13992086496081169	0.7785152469176563	-0.33218624417531073	0.01461903890690846	-0.5343725126295639	1.7428301201577439	-1.789087684833731	1.1827451784998797	1.3750804015360572	-1.982082592114001	-0.5464422796369559	0.7991552551704248	-3.2786941604397657	0.7744326640061231	0.3789989584325179	-1.4541345896988058	3.7950736178220934	-2.195892346659887	-1.2134741221557772	-2.921383209964092
Br1427	-0.007608	-0.00189126	0.0153271	-0.0046639	-0.00892505	7.7	0.181973624031889	0.976302	1.0	0.0	1.0	0.24402691407337926	1.0181291413498272	0.04072529424156945	0.1340705247264235	0.01584185924222456	0.3502126225845478	-0.6265810775637534	0.4344668090888692	-0.9159698831207278	-0.22018119598109742	-0.19189133411551715	0.29514488528115557	0.4944376434986293	0.0047931497431514215	-0.015028689046737745	-1.1624178255702728	-0.9310063902945762	0.2442261323294895	-1.3855592520275604	-1.1273007841304223	-1.2082523096183857	-1.0036959032874544	-1.020447687916868	-0.5823403681266512	0.4216764455453682	1.0054839084523304	-0.4477540669419113	-0.5128884304988599	-1.320514749099526	-0.6302456744474116
Br1441	0.0308211	-0.00177359	-0.000587769	-0.00265393	-0.0013311	7.9	0.1660164012826397	0.970991	1.0	0.0	1.0	-0.2116683588681924	1.3922080198325886	0.5807660124553323	0.9847767914453995	-0.1469259894173852	-0.16845828618251985	0.5700800308785331	-0.9600577299176842	-0.9447840629779477	1.0578087855581941	-1.9608010229735338	1.2464303306973756	-1.0567701802208118	-0.7667920109754324	-0.3887218850746059	-1.166430287260946	-1.468702983806478	0.28713880828242067	-1.789228567352389	-2.612746128146965	-1.1713752841289018	-0.8022491674221082	-0.16332791451031473	0.7832686363250073	0.5140157326385719	-2.288004920627111	0.3613161178917044	0.8631253810113492	-0.34326907457194583	0.8855025661892466
Br1455	0.00259509	-0.00472219	0.0046318	0.000114389	0.00376591	7.6	0.1601478800694592	0.980983	1.0	0.0	1.0	-3.6261905031079857	-0.2246608197828404	2.3452028032710786	-1.318715757318783	3.4694060181607176	1.5769471128272525	-0.2554998924304109	0.0263150707317539	1.358655905543886	-2.5316669564010885	-2.644150516490653	-0.5648390501230112	-0.1792810643892262	-0.033719486086630994	-0.13139053776785636	-1.0804122791594686	-4.564247333612985	1.11688144670753	2.2691749659626606	-0.9736730465239153	-0.8849910310551353	0.46181058013283616	-0.9605471006608604	-2.297308348930104	1.7510326166706405	0.34811317910804906	2.4569251326577883	0.27650686670239955	0.6004132546261236	1.326811059361503
Br1459	0.0379671	-0.003012	-0.00249682	-5.10018e-05	0.0014586	6.0	0.2544921771245487	0.968271	0.0	0.0	0.0	-3.048311810943517	0.9731347796225897	-0.7066672950664763	0.3379601853625683	-0.8772906115553268	-0.905757664316763	-2.5469258686804435	-1.8113664555801374	0.1356832870192619	-1.2039352954696796	-1.1435240388027625	-0.5738728918867607	-0.8858051075914298	1.5678270903110865	-0.4880327838564905	0.49729602714255944	-0.19413677757715883	0.39227396399623166	-0.08010560267736329	-0.2930298126470216	-0.3808318084247873	0.31781235983851147	0.7818206860659545	0.8724880306702542	0.08749211921754585	-0.5199228075787571	-1.2644881665319112	-0.24231181246540293	0.24590125427630266	-0.8180642052865075
Br1463	-0.0123956	-0.00228425	0.00192409	0.00349867	-0.00253114	8.8	0.2191330692907656	0.964626	1.0	0.0	0.0	-0.13332795463324867	-0.9862306493149638	1.385306247614282	-0.2538363590120248	-1.15864144962425	-1.8766700980488182	-1.087590919465327	-2.1455630314863687	1.037074833208061	-0.19608855690625038	-0.32463983483500103	0.19185959360398303	1.5339738611826776	0.43974502411705774	-0.6179904976667315	0.7037986797338281	1.1361115040989878	0.15562427399646445	0.3111688985754345	-0.36141539468827893	-0.08625650792167941	0.16786762781874331	-0.37638187582009813	0.5610414107211165	-0.06816927182016713	-0.33691080807311924	0.6155789377341345	-1.7911486082827635	-1.1874010550778298	1.3563782258830146
Br1473	0.0357971	-0.000509729	-0.00511544	0.0044718	-0.00785063	7.5	0.1930222691118432	0.976034	1.0	0.0	0.0	-0.029726214462151908	1.256709335684698	1.2452803722116121	0.6299654448285442	0.2666809902398088	0.22162500251170753	-0.1668073963397245	-0.682472522426362	0.8414790628479342	-0.13032374259784163	-0.31322807936450703	0.22559338197844792	-0.15763981631921162	0.28926230571976136	-0.9048006755602283	-0.9321768170873755	-1.6382836658972135	-1.4458424160851306	-0.6906304648604317	0.012906361842239448	0.3383719216780144	0.12382381748632404	-0.5833911505325025	-0.19916532505271714	-0.21020883950761493	-0.044018057123943265	-0.4249034263237394	-0.027485458955798046	-0.19221448667369898	-0.2745738676068086
Br1474	-0.00992705	0.000202791	0.0118554	-0.00221847	-0.00396283	8.3	0.1755097810062477	0.967815	0.0	0.0	0.0	-0.9078121394480204	1.0228184151014335	-0.3364638608581061	0.8850352327006299	1.101271595882634	-0.11456973331086794	0.22755939113628537	-0.45542337555692625	0.9366399428475628	1.436341786218586	-0.14732972548164583	0.5792529576943288	-0.45791480709697263	-0.23518582118504663	0.26726135684639113	-0.09861016029130462	0.45002502156273255	-0.10112814863344503	-1.4023597960006542	0.9687337775154807	-0.2620221492325131	1.2911074988065512	-1.640674832294165	0.3000718829935882	-0.6537764502323423	-0.30180046764580254	1.369544805766004	1.1733014275891627	0.12078389316694396	-0.2606857093602737
Br1615	0.03696	-0.00370375	-0.00254542	-0.00222812	-0.00438703	8.0	0.0118932125226102	0.975453	0.0	0.0	0.0	0.009631153738730368	-0.6128824876106788	1.0018452534198772	-0.7196596857089418	0.17239562358596686	-0.11313892396572212	-0.08243664417923142	-1.38526506365872	-0.46827327336435937	0.06337744533212003	1.2805501086406537	-0.6542850793537024	1.7460360014901928	-0.7756487575565797	-1.9392841311758955	-0.1995134618252814	0.17678920132630463	0.3521025140066536	0.9934762351318377	0.6496424424991672	-0.11147146547139243	-1.4848889442448514	-0.02453263152007325	1.5438680075735638	0.19860588005835783	0.8642018113809498	-0.4626437867121034	0.7837381475432179	-0.034437436800914836	0.20667180488759151
Br1410	0.0381464	-0.00292126	0.00208757	0.0023768	0.000172019	8.8	0.2032200748917645	0.97803	1.0	0.0	0.0	-0.8373223071717054	0.23073254525290157	-0.5014682108816799	0.5782822952806119	-1.1171773866109056	0.7441390783798456	0.13282795799522704	0.39295621661367536	0.15212877579489048	-0.518688566831383	0.6060880145842207	0.8494531810786441	0.5943665360974976	0.45941812347048383	1.4357278537823572	-0.18699611982887304	0.27967736123666825	-0.3931716026062442	-1.74754305928835	0.44488891126365804	0.1428569542939249	-0.6059209751889161	-0.60750704450091	0.1479835013987455	0.30108002529749484	-0.11258690360228464	1.1387263763905848	0.5424114294550014	0.9527088973014765	0.6785254105735298
Br1458	-0.0129025	-0.00609015	-0.00597536	-0.006401	-0.00384191	8.4	0.1780879224110387	0.977854	1.0	0.0	0.0	0.682492105579553	-0.001797933775079924	-0.22159004729405027	-1.3917784954974408	-0.3318917977648636	-3.1132768300572415	2.968708979367074	-2.0994202729092684	-0.2315218090955592	-2.4116138678737475	2.004681420306171	-0.5601532416762568	-1.8682800378627402	-1.476514935062642	2.324813781331494	0.46270859289397975	-0.892744341144132	1.543498881041543	-2.1958859355242613	-0.02598047519953177	-0.15915054406802517	-0.2751665553857187	1.155209810685683	-0.16091945079059247	0.5910920923314562	1.8378048568526084	0.21492123993167664	-0.3205057215327579	1.4857252120743154	1.2377125021577555
Br1492	0.0377483	-0.00221217	-0.00372201	0.00241338	-0.011288	5.1	0.1962998692549267	0.966826	1.0	0.0	1.0	-1.9479220826882877	-0.006642065094867965	-1.104344279036669	-0.6958286123909678	0.44396493103650936	-0.4696709468224288	1.7940722692163074	0.7715238213829784	-0.9868524024282684	0.36833406629277554	1.1661108064896102	0.3313053011458357	-0.7862741449451874	0.5462121857776117	0.7495156311197938	-0.36098847461800626	-0.6522517528578908	-1.208489462828064	-1.0978538886976315	2.1294698836514407	0.15455971256184128	2.2407095963491432	-0.946077213527909	2.113726022604758	-0.9383828040752022	-2.3387329335467517	-2.280331104722632	-0.7444072559373844	-1.375105485126341	-0.5413881001900201
Br1512	-0.0128705	-0.00349958	-0.00486352	-0.00156736	0.00164321	8.1	0.2506856596546782	0.961328	0.0	0.0	0.0	1.4228365540685703	-1.394041468067851	0.17942993569834087	-0.6800011094632518	0.1883540364076555	0.14780710904331382	-0.8051830377951348	-0.6311772118012687	-1.215247661711632	0.3997349838586328	0.2771532514810312	-0.22774254205130104	0.6100309969655205	0.023794726758728756	-0.5636243598542975	-0.6557710193980184	-0.4495001206582792	0.0867297778312604	0.8065103022762787	-0.6557590293741647	0.12718053181068587	0.9687525884188875	0.32825361469152436	-0.5628028892201001	0.1883393634992144	-0.4369052355180961	-0.8231405595350982	-0.1821745689225301	-0.4880838306409985	-0.13284547810184696
Br1581	-0.0122102	-0.00424242	-0.00509613	-0.00290021	-0.00293395	7.7	0.2171522035019223	0.968169	1.0	0.0	0.0	0.6515287547734022	0.438290035300782	0.10109110411017033	0.48355345408329364	0.659712451494133	0.4253041307238338	-0.3842076738672657	-0.06091281310767569	-1.4082899005064038	0.3500581878906487	-0.07452143814171654	0.20961755496745088	1.4863570842545761	-0.30528884728789907	1.3652634302684155	-1.6984949843639068	-0.9363108953995689	-0.2276285980620519	0.08323881420622534	-0.7671523437483067	-1.130299610693482	0.07534386412150079	-0.43675833359956207	-0.852615103629489	1.1349860341212437	0.8194266474031345	-0.7355081350231224	0.6905176293955902	-0.6646584154975008	-0.24821885746224456
Br1644	0.0371657	-0.00433912	-0.00247109	-0.00133012	-0.00683675	6.2	0.2553517305102074	0.965594	1.0	0.0	0.0	0.31034551488889833	-0.6469813300921441	-0.4643356182005188	0.5848686253182664	1.9988471313971212	-1.4051440964212294	0.026049983716265497	1.142566070597364	-0.34961716688766054	-0.15938236589303698	1.3454858864707273	0.02317715320307294	-1.5958708634458079	-0.7644242081808099	-0.8529129103305837	-1.0504494748072517	1.0473773002662845	-1.055582568449423	-1.0378322285153936	0.3290578784417396	-2.656626516008613	-0.6302567427971889	0.21544694837026643	0.697997847012655	0.6746229882325767	-0.873024726753608	0.4364264215541325	-1.2445536095706062	-0.03704339407665885	2.2447444172683837
Br1706	-0.0126579	-0.00436144	-0.0025894	-0.00526878	-0.00196503	8.4	0.2115818892282437	0.96215	1.0	0.0	0.0	0.12960837707610826	-1.4481359212796627	-1.7261105520225073	0.028588902655542175	2.12110866163408	0.06207723352567569	-1.163627101075746	-0.23222717761390219	0.9132151450470484	0.038078326341942935	-0.287861593699512	0.938585402116065	0.9746816734165004	-0.6840437792241212	0.40480676152675515	0.08864594577039903	-0.3720178967469441	0.7484933624173797	-1.6835916294715305	0.3257746042096938	-0.6999271414166887	-0.6358633610161695	-0.8802737297749285	-0.1740767526037544	-0.2775842154717796	0.2506957960928696	0.3511261060542797	0.08546634854821665	0.009361504456353267	0.08258062901810946
Br1092	-0.0125062	-0.00326905	0.00146332	0.00122781	-0.000134977	9.2	0.1906948187306809	0.968467	1.0	0.0	0.0	0.3324730914639764	-1.5004726853394879	-1.1208093307332336	-1.6171026881239778	1.6678728575314066	0.741321922578357	-0.25534704958577165	-0.2930598577309085	-0.697041364649782	-1.0074728158419386	-0.0914596676192638	1.3700117205490177	0.2680152144074129	-1.5627847232222813	-0.9011239928706539	0.2921679126800655	0.11258153154825963	0.14303066193647224	-0.055107858882127055	-0.5530114107372157	-0.44575021884123556	0.22207120477097897	0.3374872561432946	0.3135695787914926	-0.3975415135192592	0.7843354461106219	-1.5692660549415134	-0.21270495506496978	-0.2936770443493435	-0.02467510075341609
Br1532	-0.0116373	0.000266897	0.00951726	-0.00552923	-0.00295661	8.7	0.2137350067877893	0.961305	1.0	0.0	0.0	-2.0040363193625734	-1.0556220702840045	0.4100588344246592	1.5837587283899688	-0.062424280491632775	-1.109094271219269	0.20370694081492674	0.4322832539308311	-0.26098351689374977	0.036787306651650434	-0.17933432141492908	-0.8489664780871118	0.5906715568623223	0.7008160557869492	-0.01452730787372438	-0.04597640657089442	-0.45520249199019214	-0.272140190764415	1.0277722501790123	-0.13460042294269786	0.2384181231964087	0.2734470942704479	-1.0247565205930664	-0.6599172272518086	0.3009894907459343	0.2720428508261741	-0.6247673532140504	-0.5490226632473356	-0.04532569376714099	-0.04817114368077627
Br1539	0.0418455	-0.00265308	-0.000330676	-0.00215158	0.00246444	7.8	0.0181886783355844	0.966514	0.0	0.0	0.0	1.4621462426989276	-0.10698364903252963	-0.8303103103739377	-1.5739538861605409	-0.8948113373471265	-0.34948106159931325	-0.9779652857691679	-0.49150604835691436	-0.4604979041673984	-0.09160464420156851	1.7578978538871046	-0.1329279631040752	0.9548085281900187	0.241647784694533	-1.05962312333716	-1.9054756563021984	0.5627952032104019	-0.8434201677665186	-0.16104897594933393	-1.5857551787113038	1.1027325909547008	1.0141806353737313	0.6201510408886685	0.39507800459010806	-0.4351155052904831	-1.353075944365526	0.9652895867936353	1.5793987098964368	-1.6140290205053491	-0.2692114781924496
Br1563	0.0357882	-0.00453087	0.000304588	-0.00229106	-0.00994589	8.9	0.2031825637263302	0.968111	0.0	0.0	0.0	-0.9339554759995906	0.764936021844765	1.566261432066104	-0.8768301280888288	1.9773992984671607	-0.04677418600469741	-0.1954983242976402	0.03372426919933686	-0.7321050110999012	-1.6355388036462686	-0.6474316745527045	0.241958410151879	-0.5458744774434545	0.5209921572827557	-0.4225741160287636	-0.44188118941995086	0.2613168905623173	-0.22351733941352386	0.6671818503974404	-0.18626011823764607	-0.8324584326510892	1.049516875813807	-0.29406106012529853	0.0831156144366762	1.5732778641272183	0.6482635260620045	0.21079192447949818	0.27440350330272856	0.42549850314667	0.12273873072260982
Br1565	-0.0128595	-0.00486435	-0.00286177	-0.00348916	-0.000485544	7.5	0.2046003028565913	0.963676	1.0	0.0	0.0	-1.3866358513287806	-0.9904394254563045	1.6286636145255746	-1.170752788880322	0.9390205101827631	0.6095985223464643	0.37035491674727244	0.8977057739613822	-0.19689502836713937	-0.23241017417775567	-0.5749681447995538	-1.5059848064003896	-0.2470971788845813	-0.3066187849033943	-0.6282864332987571	-0.21217968225675507	-0.000974626048611046	0.7992399922187445	1.0997945282546353	0.5894826751450742	1.1353802564623456	0.7530157246515274	-1.3186468337189359	-0.8627365493208744	0.22947609837270558	0.15246519919315815	0.9646356813782903	1.3311043114332552	-1.4991604750557905	-1.0144675558838259
Br1568	-0.0132757	-0.00590997	0.000224052	-0.00137406	-0.00108007	7.4	0.2318967119592617	0.975211	1.0	0.0	0.0	0.9053248901055024	-0.43852376236393753	-0.38612972867586204	0.39566191771739195	0.4183301389329725	-0.08373814341647831	0.45053334931086775	0.8432621460800037	-0.1588148026182759	-0.3122343238832254	0.4569641021720238	0.29672098398048835	1.9173588874037586	-0.12133401232936683	1.2833192458418825	-1.1517183332458902	0.2601703329071784	-0.9065528592334627	-0.26443367269679036	-1.480188541564126	-0.17788527972883036	-0.19696965229043747	0.04773379331893535	-0.08068796781529003	1.8025698927090672	0.7399414306507635	-0.051415222651387996	2.108692512569631	-0.2763195155685556	-0.11143783223150719
Br1654	-0.00960007	0.00359478	0.131728	0.0166513	-0.0848198	9.0	0.0162351449249171	0.978263	1.0	0.0	0.0	-0.6753252068090572	-1.1912291173029488	0.24538210470468722	-0.32517655474204676	0.9705273639385862	-0.8667676166450995	-0.04935274585978781	0.009119519482937728	-0.9948573617974252	0.2111219891342142	0.8150564217635639	-0.05366765076920171	0.33346546460989385	0.5103033908382255	0.2947523882314542	0.6553406654304104	-1.2759384594760574	-0.7781752412631853	-0.2831189816805421	0.47577046596146155	0.2330820757074086	0.45368334237080465	-1.5099865628073805	0.9562002150920881	-0.03227056872240955	-1.4481090565525876	-2.234692479668519	-0.3271287891624064	0.5794407457506298	0.559241430201243
Br1665	0.0384146	-0.00462785	0.000545897	-0.00256221	-0.00544043	8.0	0.1820752398397645	0.959423	0.0	0.0	1.0	0.6016052988158533	-0.035621236965670704	0.23985706104526572	1.4430758188591188	0.1338969937337352	1.1212823426455836	0.4090111963621702	-0.09713891888135688	1.3991121052581033	-1.8190659318362954	-0.147535345277446	-1.1369353629256238	-1.3111468847288485	0.3589166363499363	0.43369132590065645	0.8317633330946369	0.6145807222672482	-0.19878192996881378	0.6906887365166702	0.7246897304211436	-0.35965657085840447	0.5701878404002609	0.16378877368434228	0.6657632542278333	0.5617036226196609	-0.6694393277366567	0.7419199305689299	0.523209334170052	0.8716469787441767	0.42880917434127325
Br1550	-0.0121499	-0.00457288	-0.00409419	-0.000778644	-0.00475871	8.1	0.1783286263938425	0.968812	1.0	0.0	0.0	1.0090994035723098	-0.42728628683651226	-0.3516459046521382	-0.6882741211960577	-0.4331467755061196	0.6379470411928471	-0.43757440654372537	-0.5099435525158217	-0.4624641514098663	-0.3720480937488067	0.17006067238597003	2.116931131717459	-0.6331916989587791	0.35863054801987987	-1.77511328764141	-0.2244283703243496	-0.7286994196892146	-0.01829086087541855	-0.9338998580006397	1.1677388118728755	-0.9154082290637234	0.5852487953896842	0.5267324374012448	0.7605069246090853	0.32656298277513895	-0.30748484102275175	0.016457824127290098	0.6450849342824927	-0.41462957356858143	0.97730344357513
Br1669	-0.0129612	-0.00540442	-0.00494392	0.00126254	-0.00030442	8.6	0.0125432716539431	0.972798	0.0	0.0	0.0	-0.8297950736009578	-0.015689069020245146	0.6976537691311236	-0.03954860121707484	0.7731926649958338	0.3160490432002119	-1.1292576644194348	0.4138579654623178	0.024483212112953092	2.694620608881485	-0.8227085866501767	-0.009836674864465815	0.35436374832430884	-0.3577957369339943	-0.4692009445470134	0.36013474715874916	-0.35931459877895816	1.9581150430172871	0.44574209513979524	-0.6906956190675747	-2.7227746821504994	-0.5682596294279677	-0.2108444894461169	-0.7138924950059816	-1.3825465048332337	-0.15389223459001933	-1.1411515445077032	0.7741773199544663	-1.5043691310509746	1.3172523394313937
Br1900	0.0367507	-0.000866745	0.000532205	-0.00777812	-0.00748582	6.3	0.1934889277719745	0.968087	0.0	0.0	0.0	1.3646358525235849	0.24984088404247115	0.7252589765768542	-1.073918394533443	-1.4453665521296954	-1.5399353745815547	-0.27839058402284766	1.1401666157773758	-0.9422177008762628	-0.3184711146280721	-0.18462502728230137	-0.45486504885631107	1.8383412994675699	0.6953735825795919	1.2270139873119648	-0.3296285363798019	0.06104882825829782	0.8993790661561302	-1.7838873484373117	0.3558983766563354	-0.03233489802139548	-1.6118170686848765	0.14084495016748855	-0.0330474996875038	-0.01677985303468378	0.3329632842099844	-0.044957190714544036	0.9819983151428078	0.23476478781551366	-0.4526890826272583
Br1033	-0.0123983	-0.00305911	-0.000279086	-0.000772801	-0.00047457	8.5	0.2075609662214619	0.96011	0.0	0.0	0.0	0.9262088110419666	-0.16254694621679402	-0.2868392332559615	0.4713056673831117	-0.038927696377109154	0.9310743296111694	0.3912206573613418	-0.1038953460231554	1.4588950452674931	-0.9704633386688073	0.46150573083215723	-0.29309952792985317	0.5211605575650395	1.2942876352979984	0.20875235349345492	-0.10212546241627446	0.4547309768460159	0.5544143855947727	1.2207235484932208	0.7316550319155782	-0.3021594123685037	0.8253373332193594	0.7842118118550788	0.534132587878629	1.0552954326714543	-0.6069581085285021	0.08668782283219759	0.41585446662362635	1.3115634094657191	0.5987538012258751
Br1069	0.0415515	-0.000806048	-0.00284922	0.00200103	-0.0091811	6.9	0.0186038988127343	0.972335	0.0	0.0	0.0	0.9303044915389902	-0.04053217549780534	-0.6081671382866989	-0.7897889376597538	-0.8310988998584108	1.0394188860829312	-0.7804080987719008	-0.4891427676281073	0.6150133805125185	-0.3417225613855883	0.321585425972459	-1.303369317958678	0.7135844181197702	1.0712327678037035	0.06554134250284427	0.09784123204388638	-0.050548319040839076	0.14385045015007264	-0.53639601043586	1.1040904653332588	-0.6091673789164742	-0.9077308037605996	0.05482167422920547	-0.15422062152767066	1.4452656645320094	-1.1805409281372599	0.3070627420736325	0.017071304245206722	-0.5106909210115289	0.07230436855804033
Br1527	0.0380838	-0.00478088	0.000857709	-0.00351507	-0.00502923	8.6	0.1725084727621675	0.959753	0.0	0.0	1.0	-0.3514750205205781	-0.6777984435583931	-0.39315130743503407	1.2119378809721641	-0.9219665763811375	-0.47490156449294646	-0.550713700394693	0.08008727598371283	-0.5901537348865769	0.590191374460488	0.07391395101517216	-0.8800227782002534	0.8053527903577903	-0.6472940227678962	-0.3376935545482116	0.462696888291806	1.5135928998924961	1.0618449054419687	1.368503504533291	1.041830865914574	-1.4683315529960985	-1.46268926882541	-0.4037298638643706	0.2858205187390436	-0.3610884500691748	1.0408194412835285	0.568700937151039	0.0682353386600289	-0.36003412698824244	0.13493357386828378
Br1571	0.039326	-0.00284828	0.000211065	-0.000809387	-0.00156709	8.7	0.1788133661065984	0.968027	1.0	0.0	0.0	-0.020175789303518328	1.1066445249610688	0.1731879414021645	0.16534661211991727	-0.3642112076651661	-2.241053454932106	0.48994852792526367	1.4465957748505753	-0.9713873336540578	1.6117992569878699	0.5550701824050926	1.288770879249623	-0.033434588813568034	1.280319871328245	0.09984256928548807	-0.47295502632146863	-0.7311871857198697	-2.5243817369102177	0.954633328997145	1.073082167927919	-0.4272461395306569	0.6234422559284374	-0.0649438562243107	-1.4964589819830436	-0.2029736193765264	-1.0267061551586592	0.6337867076127977	0.49087723867708255	-0.5852290562623398	1.1227794373685136
Br1740	0.0371558	-0.00492599	-0.00278718	-0.00844613	-0.00297951	8.6	0.1517494283105912	0.976564	0.0	0.0	1.0	1.1684969549886093	0.4928411496322263	0.04845149583831196	0.15077068568615518	-0.09552645520500215	-1.330174785611931	-0.44522936345434294	1.9310049314742543	-1.4081203840444545	0.020509991684512424	-1.3208975979110587	-0.7377618856349724	-0.9801926127488771	-0.3493159062664355	-1.7676617899940166	0.14422683657286825	-2.3544313488770996	1.7525846320039251	0.05785477069265986	-2.4256073343246576	-0.5077629753110955	-0.8522037262881282	0.5119373239550637	0.034272395137553605	-0.14527145035749423	-1.005570984264039	0.4772654194430852	1.1594259647357348	1.348138513843134	1.207453046852852
Br1006	0.0350426	-0.00646115	-0.00163086	-0.00497335	-0.00356427	7.9	0.0072868497643109	0.970064	1.0	0.0	0.0	-0.3340567977673624	-1.391180179572672	-0.3303712071961355	-1.5295944746418568	1.302381558458213	-1.8208047235719116	2.1530626376820887	-0.8242591052792784	-0.42469868148114165	1.0071686006163414	-1.3937541066254042	-1.7589253600991277	-2.1866643164166777	-0.12433040028929597	0.6977268296272575	0.5731064129222012	2.9114686919318227	0.011225245828645687	-1.9897261947903822	0.6163092107019124	1.514387616765191	-0.6456606653395301	0.43205435476889437	-4.0124582123344394	2.3604966382918176	2.0171761485842508	-1.3402240283128477	1.0011629845371952	0.10093264997360327	0.05429349098974727
Br1424	0.0349571	-0.00254636	-0.00130046	-0.00248066	-0.00662509	7.7	0.2010795446757433	0.951403	1.0	0.0	0.0	0.9282806484053194	-0.28475107628655427	1.524519267174654	0.5224728663253576	-0.16804166496107303	-0.7224756567928692	-0.7822787870690074	-0.524414591067112	0.880817428190254	0.7163214815905778	-0.6622981633633642	-0.5380326592026909	-1.639872744600798	0.4786717128291075	-1.115806472261329	-0.10262649040235523	0.4734725060712654	-0.32772770131694823	0.34531124264071644	1.2746423652764576	0.8640770538886888	-0.22131081387760687	0.5670492891764336	-0.08897390034489568	-0.2083419005449734	-0.8701833157355869	0.23169834620776164	-0.16883983863876428	-1.253499758648019	-0.07253700076798336
Br1507	-0.0123873	-0.00340378	0.000111928	-0.00145876	-0.00200037	8.5	0.2086153753131242	0.970023	1.0	0.0	1.0	0.3723733925913303	1.4914913051256526	0.3661426851258967	-0.5256757730450058	-0.6171381354534138	-0.20678927444963097	0.005988675736806625	0.7179468269365361	0.4249521055112194	-0.5685536202125514	0.48697521457703413	1.0586547501787384	-0.08382439096971069	1.9792860645336663	-0.5137099925212574	0.1884207414212888	1.1206607578631664	-0.4280137469682157	0.18733779276230614	0.1832499259352942	-1.3535313346762607	-0.134499816715154	0.6199223168774174	-0.06740477682560199	1.005958732821615	0.2341421904210067	-0.7037426996725165	-0.6088509939595357	0.038253304663141335	-0.20007607601961094
Br1610	-0.00518456	0.0719299	-0.00388294	-0.0339279	0.00365933	8.2	0.194653390369475	0.9665	1.0	0.0	1.0	-0.09250466431664	0.5195604116445619	-0.15535160513374927	-0.41382917250104	-0.1565334150500537	0.182331355838569	0.20882508179555556	-0.1695773207237583	0.0771504151682343	0.025065045302165433	0.3380711684958779	0.44791008221699385	0.2672402977609628	-0.07822156065566382	-0.5671334372367276	0.18130206701660592	1.0365613082385416	-1.771465993570399	1.192213414856169	0.01710399695811881	1.2746388650172855	-0.5967068658350266	-0.13679587559411768	0.15998187218464335	1.7325966769906662	-0.3800168325938944	-0.5851302377811568	0.42661730050744484	-1.0803801767334504	0.03736926895685185
Br1676	-0.0102866	0.00123626	0.029399	-0.00489917	-0.015765	5.2	0.1846727891850899	0.959596	1.0	0.0	1.0	-1.143992490761433	-0.45890210058573194	2.9109717664284833	-0.5208921863013924	-1.29161122125029	1.8824447074780182	0.5016217442452913	0.360781005043999	0.4314542452950715	0.4870001645614195	-0.3785217222217041	-0.12165747602097512	1.12551860395076	-0.7209006776559266	-1.9555606836595087	0.6176694684648455	0.7780277101537711	0.44652253466625946	1.658052542886472	0.2656667736656495	-1.0493207946199525	-0.1591939487872043	-0.5587060966492847	0.03776482428270376	0.24631976602574052	1.0659980031696183	-0.052926625473121006	0.3972678892366489	-0.5589911071874824	0.8558212705312898
Br1722	0.0394696	-0.00488931	0.00236921	-0.001071	-0.00330202	7.1	0.1720411562401888	0.97905	1.0	0.0	0.0	0.6304175487304755	1.8707292310487555	0.31031001762572163	0.3454916849590913	0.22985444883185632	0.39098019267198636	-1.360802267756521	-1.0636922251530008	-1.7535973387512434	0.9135475383984347	-0.9734063425454932	-0.7586941847135247	-0.25268197506791357	-1.1109028336104714	-0.6588029728616056	0.7159488998348825	-2.2811752715000377	0.7126831684832245	-1.4799743266126886	0.700850707600477	-1.0177998375566788	1.5743617748456729	-0.27791526364171043	0.44187820904649044	0.003009817108970267	0.1966427078140994	-2.1336675683658632	0.9075451740710204	-0.41132973340405227	1.3259559055625245
Br1590	0.0417934	-0.00321305	-0.000624124	-0.00588936	-0.00100606	6.5	0.2357330006929391	0.958383	1.0	0.0	1.0	-2.416209809322843	-0.46461664022877613	-0.6555181672517464	1.4182243318583199	-2.013664697382198	0.10168928885138144	-0.34205374799085075	-0.567647442309338	-0.08008579502929042	0.2418882805478606	-0.6598176224771553	0.471177363894314	0.2506291721621227	0.129535639049267	0.15006128231798846	-0.16233955168245273	1.0945387983825634	0.9779956118235394	0.9840385832240102	0.23665365425101148	-0.9408931166225288	-0.36730006566968043	-1.8915857757509864	0.9429041865390748	1.500482595067578	-0.3232746002609548	0.5061910624600335	0.07056577709703286	0.29036497197886585	-1.0265784292049804
Br1326	0.0408517	-0.00506262	0.00244566	-0.00207013	0.00338246	5.0	0.2199442127395871	0.948888	1.0	0.0	1.0	0.1828435853101281	0.03167701000772357	-1.7516194318847587	-0.23575672000439685	2.0716097397097384	-0.3915572060725895	-1.1177844169880347	-0.31273401861915473	0.898242832984805	-0.026616216682312264	0.4132602106684714	0.6746716683123974	-0.2779297789853295	0.10035293399689307	-0.8337942716843945	0.3103311520291407	0.48140090558903215	1.0721963111933275	-0.9582811714002294	0.2433543724375058	-0.9979861233388049	0.45017185407464194	0.2039440261065594	1.0112799214583663	0.6039956911810124	-0.2753088637930036	-0.6550619370670491	-1.2131090684168946	1.1275720690995392	-1.1931564893458708
Br1517	0.0357259	-0.00445361	-0.000203604	-0.000901732	-0.00940327	8.4	0.1913173792326848	0.971278	0.0	0.0	0.0	0.01879202952844012	-0.11348765745643007	-0.5179751348092146	-0.2824978506699979	0.8345242001979208	-0.2865458103726483	0.035832452278737194	1.1938491672398819	-0.05290150845827522	-1.223581551790166	0.7890134875713004	1.7497215038677982	-0.35716453981771845	0.5920556217876507	-0.5869795763792867	1.1461554050328746	0.8031520890111958	1.2904297495804102	-0.6018422673683418	0.45030925857447607	-0.29256519601212266	1.5106425915313602	0.3074915260413856	-0.3452403696566999	-1.0956392276698084	0.4607655525642133	0.08450817330160888	0.25942626973025285	-0.9064406490975102	0.9942519029558742
Br1522	0.0178829	-0.00593535	-0.00149412	-0.000261626	4.54032e-05	8.2	0.0182694811124057	0.967794	0.0	0.0	0.0	0.10134250249749686	-0.2854308707532021	-1.0739919124273474	0.034937572253669856	0.2616051574314933	0.18873661553402918	-0.7571235795524861	0.20421832857093744	0.503826099565672	0.0605681359252849	1.3037314047136181	-1.7642120580506069	-0.5427822469580573	1.0238810608059836	-0.5348885338951609	-0.4946101034991354	-0.20788154997249586	0.7945821358121489	-0.23480933506760227	1.1336816214442398	-0.32485009267938997	-0.23752626575571728	-0.7433337947079223	-0.24785296978913152	0.3805387111658421	-0.486913986514071	-0.3225753133677091	0.06218290327369822	-0.28886329617778483	-0.17614682987519104
Br1578	-0.0130395	-0.00467447	-0.00650951	-0.00368674	0.00567442	6.1	0.1322793116412686	0.973967	1.0	0.0	1.0	0.15348975108690882	-2.010766933853409	-0.9494669655153681	-0.4932743258763534	1.045331360644329	-0.5095771230977217	-0.509763354844826	1.3052055427525304	-1.4486095926771339	0.20867195183970347	1.3711709256330773	1.3039549925804295	-1.0629264368953333	0.22472331229280373	0.2716150751566886	0.5030238328141748	0.5834429014593604	-2.274219296006318	1.818831567221915	-0.3892821243503183	-0.7294733246231851	-0.7257222427469316	0.3885870561026402	-0.3649377260033155	-0.8051840617056409	-0.5509860557589646	-0.5437959642138077	-0.24611717533297048	-0.8805646866984398	-0.4645408926997009
Br1912	0.0146955	-0.0045674	-0.00342626	0.000813732	0.00272226	5.7	0.1494830278256056	0.964921	0.0	0.0	1.0	0.3713594972918631	-1.2306819000984515	-0.03160458264488215	-0.156164234501813	0.8943826135134707	0.3094559106304034	-1.2362078534005	0.13446805705005654	-0.13270925211671505	-0.4701523353180845	0.21182317274749676	1.6915559644239555	-1.485297864209613	-0.3807840733847169	-1.7221778637521798	-0.6218270224250454	0.6594411216886303	-0.5315943557188498	-0.07691087353025432	0.17338155275229616	0.05326242245644878	-1.8636666957210335	0.3634159402753878	0.13493779254131472	-0.24285139080275167	0.6622367293587289	1.4690540813706774	-0.48117880082396525	0.05757363862689696	-0.6535965950319813
Br1946	-0.0130143	-0.00385865	-0.00620212	-0.00079048	0.00294224	6.7	0.1302424250411969	0.970361	0.0	0.0	1.0	1.0897585635697034	-0.6654615664063246	0.5725901647753207	-1.3788740344472425	-1.386368054884377	-1.4943317440693356	-0.5124551190529225	-0.07258670071279873	0.6328382669239296	0.6997277906793161	0.25407096213591907	1.9487910835335422	1.55662458761311	0.07212531782764449	-0.2989456238043295	0.7794282812032585	-1.570588792755069	-1.7257035533511433	-0.6510184451640353	0.23946736301437052	0.7551570144782083	-0.8030616686773094	-0.5339894281566017	-1.1328970154523563	-2.1252155387463327	-1.509542086282538	0.04737834438326822	-0.6477355802011396	0.14711678954123852	-1.450465780952353
Br1994	0.0274087	-0.00377561	-0.000380305	-0.00228114	-0.00731154	7.2	0.1932183918020662	0.967285	1.0	0.0	1.0	1.5344765590427099	-1.588193494265909	0.7958015923675418	-0.7443907641748354	-1.309734501556634	0.27292387382900707	-0.28643371349595736	0.32064352246566113	0.7193784623906362	-0.045804825923817766	-0.18749827234092564	-0.5729774897375172	-0.17830476024093694	0.6200534106882014	-0.5724475535885184	0.3513853095714428	0.6682066037185709	0.8385278149901063	0.8875040488447653	0.7399840410857714	0.6390593858341796	-0.5652297412560704	-0.43752669380198905	-0.9078107356255677	0.3809694856009905	-0.7242241860603499	0.557315854214651	-0.38215475552764605	-1.330678317871851	0.7681677756398207
Br2015	-0.0110018	-0.00167793	0.0178465	-0.00184209	-0.00594719	7.8	0.2213165759455073	0.972653	1.0	0.0	0.0	0.12975748885061528	0.4384026729440917	0.36896115904158994	0.7782488759381971	0.13747216488629882	0.07632330206598688	-0.15294098655975674	0.6492884740857766	-0.594618144176009	-0.054181770455155605	0.7418031419181375	-0.43481866253131407	1.8175011582694032	0.5875588178134126	0.7892058867241926	0.18989245932585372	0.2995576349633522	1.289002081468346	-0.9195265632427417	0.08918442066100776	-0.40984146712926184	-0.14927385267201596	-0.3535285217209033	-0.46707627702278537	0.7332573574501173	-0.3772682959438773	0.4843650835273624	1.3966034676389971	-2.407990263701822	0.3800005743106163
Br2020	0.0331714	-0.00305432	-0.00075396	0.00263915	-0.00782798	6.6	0.2538300499585653	0.971192	1.0	0.0	1.0	0.6228000307113357	-1.5194982703628384	1.10438519947189	0.254560543647863	-0.39337963240493196	1.3934652689672522	-0.7040878602410858	0.5484111079492869	1.0267364804316177	1.8739207536800753	0.5028283680908702	0.2111743927919454	-0.05646164559711437	0.3717532035179077	-0.31764444159519895	0.31578636734866583	1.251133383925693	0.054311195438605006	-0.6504341854526161	0.8057266552384558	-0.18368901089362305	-0.9882491652760744	0.3599446683588303	-0.5842543951903674	-1.0652434599379552	-1.2581667446334024	-0.014124607832433763	-0.3767191480469823	-0.5373542929740768	2.359583083862354
Br2026	-0.0134291	-0.00441928	-0.00933664	-0.00263797	0.00217566	6.5	0.0164756113248205	0.975627	1.0	0.0	0.0	-1.041717733220673	-0.714706080099867	1.4172740820494822	0.9297738981269166	-0.5431470382650253	0.811749538115583	0.1934722161211261	0.674218038193648	-1.2159075770279646	1.1095991788544108	1.1018823853155753	-0.44693905223197194	0.20212247867322064	0.15021761655747048	-1.8824101282181722	0.20266180754380952	-0.11257267871638695	0.2218984064698141	-0.367567025082127	0.36430027875880255	-1.43070592965316	-2.731637786596209	-0.7203990910286027	0.31042322873459594	0.7313650482744466	0.14579744857278243	0.6712322019921139	-0.8989517419813533	-0.41203073172365273	0.9345583774797199
Br2038	0.0360595	-0.00331995	-0.00225428	0.00206411	-0.00634392	7.8	0.190007492099673	0.966883	1.0	0.0	1.0	0.2040601619299711	0.6044278241356963	1.0114235172805708	0.4771193967916956	0.4068119029221485	0.343095518291146	-0.40743303597828323	-0.26778093528492614	1.4666814284920304	0.12259740728693277	-0.06868706503762902	-0.5024152960730696	-0.25994139297405167	1.2109619354349248	-0.7717516700589883	-0.9645788955053045	-1.337809792486238	-1.6602277695613217	-0.4847555233599396	-0.1934345024994172	0.642519335101523	-0.20980684412569273	-0.5327830955532765	-0.5847970800633252	0.2973077822617253	-0.02145347441054091	-0.857864118337282	0.11684860242384229	0.6626874618101605	-0.802033320911556
Br2044	-0.0121963	-0.00533767	-0.00742116	-0.00171429	0.00202578	7.8	0.1691752132971612	0.970788	1.0	0.0	0.0	-0.5587910162616492	-0.986084411460348	1.9954333527804895	-0.026460814961175024	0.5934213628238902	-0.5044764471393279	-0.3816179993046212	0.4645695982619325	-0.7440441719698648	-0.04018577244685176	-0.06888595148766692	0.35585890613104243	0.3005284494758991	-0.5357077861051378	-0.18336436492408345	-2.0447875602656125	0.15009876351599072	0.31117092562555243	-0.44252001086219384	0.6230070593872515	0.4519142544719802	-0.19639468613773156	-0.5226391246480192	-0.28531099008719674	-0.07766764845729611	-0.008100109178370974	0.4881115024675917	1.8455424680287131	-1.1560493595895953	0.5608560039603365
Br1958	-0.0123988	-0.0040996	-0.00299711	-0.00331383	0.0021443	8.3	0.1742795223154654	0.981084	0.0	0.0	1.0	-0.5880215497705101	0.7878161774733768	-0.8981154303666158	-0.9196998194575188	1.6050771741408112	1.7345226775996778	0.8426327136100984	-0.7888782961506028	0.4568735626623294	5.505379233464798	-2.6526471790589476	1.599673150242983	0.30932021312739016	2.844424179972902	2.9992971997823825	0.0903662009321031	2.2590634550594086	3.0294270269690218	1.1920176917422165	-3.966313338645126	-1.0449739102261668	-1.6309239841837972	-0.8394712658106079	0.38340120261406235	-1.5910890236475714	1.3603355281940885	0.8612717711467024	0.3838410621525288	0.2110663099828902	3.0703663456617147
Br2046	0.0365083	-0.00381287	0.000594443	0.00471556	0.0017563	8.6	0.1767732141410458	0.969698	1.0	0.0	0.0	1.0256728416474128	-0.34792934801299447	-0.911025402687407	1.1306585060026104	1.1684508682921606	0.2615297990975747	0.3916095986678623	-0.050911247135236586	1.7240891253103874	-0.8350040207081394	-0.33613240754809287	0.8876214301797428	-0.3566241156900834	0.3530241860822912	0.36894103719304905	0.7899800093030777	-0.39301146686026056	0.012728973255483784	0.5832471599550116	1.011705074163672	0.00012419629088604	-0.6383352856483007	-0.10451270913516685	0.07162416414200873	-0.5934711892831376	-0.9055089221076473	0.38890120177347004	2.099057798590113	-1.0284234192603003	-0.26215060619243186
Br2053	0.0371544	-0.00413444	-0.00299071	-0.003294	-0.00332212	6.5	0.0102883198106324	0.956611	1.0	0.0	0.0	0.03400431372966152	0.7788269107939415	1.6096833643236925	-0.4839836430187925	-0.9639810154268798	-0.5693361066186968	-0.18440494223097462	0.9230845557913393	0.0013680801317940265	0.16891035234089763	0.034349191901784544	-0.03155631107757339	0.9909197596807942	1.2722912889427938	0.4577257263970497	-0.8785249878711573	0.7897314279934599	1.0627952300696013	0.17895724567519486	0.33734918482240045	0.4206864565470156	-0.8274016366872582	-0.8702828195029607	-0.9907588607519994	1.1625177236433466	0.3019300811511399	1.2075748070248264	0.5605848082818916	0.4883872131491281	-1.1904159609943257
Br2064	0.024254	-0.00307059	0.00125895	-0.00360205	-0.00738027	6.3	0.1852315585024087	0.971748	1.0	0.0	0.0	0.3157157052219403	1.1882362854139055	0.02871825127665409	1.4210518545261568	0.4439354875142713	-0.9646031201874992	-0.07311855984632595	-0.34200669098513725	-2.1588595290022417	0.47070279871899084	0.8131313941015381	-0.5870330523955697	0.5489440631331686	0.4276518899774516	0.2793754971810013	0.5233868995399442	-1.1678121304929436	-0.17963546108988473	-1.3199484739580782	0.20801836676888	-0.7306648560250326	-0.5127033133991884	-0.4450735169471189	1.0405170149085143	-0.7376331057135844	-0.6899426339418785	-0.5720872413523344	0.39301732232466324	0.9101033966342839	-0.5035080876404607
Br2074	0.0386791	-0.00592023	-0.00276479	-0.00119284	-0.00354007	8.8	0.1970117813970918	0.973657	1.0	0.0	0.0	-1.9904571824734025	-1.8197435644676814	-0.20753727041786083	1.5500061348239205	-1.44259093410645	-0.2725855215277638	0.2424465684958948	1.0647129640933024	0.11906497855440025	-0.6430797756023922	-0.5864080559099888	-0.34822229847361996	0.15703506035513698	0.5006006897676895	-0.30153515753341364	0.646970798073935	0.10641039251915035	0.8480741350442919	1.415183667685503	-0.14228158149578157	0.671752540856365	0.2686608349802525	0.06683035193239015	-0.8840458397686921	-0.31915163583179484	-0.5040276505009582	-0.8797132516211761	-0.6780915507339349	-0.9034992865370298	1.0931258931046224
Br2076	0.0303484	-0.00473007	-0.00396406	-0.00341708	-0.000583308	7.1	0.1511109342113524	0.9661	1.0	0.0	0.0	1.640060979031356	-0.7102771443984585	-0.4890312111915179	1.047152924378538	0.4041864004635159	0.19835950994550614	-0.3403611661013816	-0.665408340630373	-1.2178150600042137	0.08089709340693702	-0.2599649303611844	1.7424514617158577	0.788765413917348	-1.6243058961938932	0.3352004053373574	-0.44925641709501146	-1.2218212775695383	-0.05499626011477997	1.0470483432329223	-0.5887659424351934	-0.1631846024040652	-0.27961272898821776	0.07398308325402565	-0.4498800088434461	-1.3472895588131333	0.8369901402993905	-0.5483660330770901	0.7825674398203545	-0.7414899310454656	-0.48939547030729363
Br2080	-0.0125947	-0.00479915	0.0021307	-0.00127651	0.00145331	8.2	0.1878102498964736	0.983424	1.0	0.0	0.0	0.6620070890988226	-0.22925790057655743	-0.8717215406986325	0.42828902369801225	0.1712997032468274	0.3126809869910885	-0.35899308635811944	-0.5810202894615297	1.104906793123073	-0.42262128466370985	0.9057852633718171	-1.13710204311846	0.44070150162631067	1.3874687031262847	0.7454205397999064	0.07251069271335002	-0.36482476920638235	0.3229434464559868	-0.3838477445827673	0.8224003785660535	-0.33077050960923843	-1.4604459561244194	0.4716275963131753	0.33963925016718044	0.6371324623752258	-0.5330472880757559	1.2833492178152006	1.3852435341291218	0.16192870471031678	0.12224480025800824
Br2084	-0.0110855	-0.00482985	0.00662912	0.000502057	-0.00350109	6.4	0.2289409544056203	0.959126	1.0	0.0	0.0	-0.20984317175987602	-0.8652614320555035	0.5460667806920406	1.1163681111816228	0.5490557135310291	-0.7137155646386721	-1.0858852024114454	-1.229396488819257	-0.9961628180473457	0.9844096335931881	-0.1392421543445034	0.28986128285753165	0.46400871040499886	0.825957066329096	0.6497291677037371	-0.3148623508680762	0.4143865741166827	-0.4693623181051178	0.6056044215175597	0.07474209968453309	0.8829718467005393	-0.5836251004981473	0.22046160394807876	-0.45640888888291037	0.2436753019691499	0.17315030779264642	0.059390890886595486	-0.9363776736627879	2.022016020223473	0.7127376062968145
Br2242	-0.0126595	-0.00439752	0.000688298	-0.00367873	-0.00125402	7.8	0.1887597509254844	0.968389	0.0	0.0	1.0	-2.4505018151792997	0.21352347634409577	-0.5492215240156484	0.8506365621730836	-1.2206499519907257	-1.3147146905613658	1.3933897359885208	0.17910013795240404	-0.4456973221551644	-0.40516794127644135	0.2048593398121537	0.45833030152471727	2.3260682503680146	1.430872864051134	0.7786537181825054	-2.274729659975447	-3.685083079273906	-3.2504921433864524	2.941364592314917	2.7636595634933463	-0.04456497817725268	-0.7918260487426266	-0.2520971298641379	-1.3245638033921003	-1.4152622153272867	0.6047887120717522	-1.3268102416701388	-0.28705241709778273	1.4776145131525324	0.9855474475339978
Br2261	0.029096	-0.00286223	-0.000484548	-0.002577	-0.00333856	7.8	0.2103015367295685	0.954183	1.0	0.0	1.0	-0.17010203070027663	-0.5996734586696978	0.7388916286671419	0.8163250967210423	0.25249081930653094	1.3478078045985433	-0.027833773416874413	-0.6692968562962843	-1.0673465544906298	-0.13211904651219944	0.17133758457031256	-0.2372235598650516	0.7739245002446931	0.6751743894305285	1.5638666679473172	0.30004263106186657	-0.17633989523249163	-0.9342436940097307	0.7363632733946746	-0.07208752350911547	-0.6248368995084513	-1.1019187905470085	-1.3176865737563237	-1.561098908517736	0.49464948291975114	-1.9618931030092002	0.21049424831308347	-0.1946715048334049	2.2224621549649393	-0.2970827846746373
Br2292	-0.0128435	-0.0026511	-0.00035648	-0.000689976	0.00107797	6.3	0.220764050450611	0.963544	1.0	0.0	1.0	-0.4218584032038064	1.1559718514275041	0.7444184881703682	-0.11425748823754786	-0.5497961606737825	-1.6832666163173808	2.8115013354365934	-1.6785754513368312	0.022858282165991575	0.186160860852249	1.9221198187062336	-0.45328028335608805	0.8896620253558672	2.4727980718395846	-0.4704937435764684	0.5870322916783418	-0.24495617108360931	-1.7401487215396478	-1.3007049312754195	0.18625720227557088	1.0828389731163723	0.34268794915231965	0.1495323522397218	-0.5015798017827333	-0.7569588482761592	-1.8873694990711891	-0.10684763858933341	0.41623258141050606	1.1948390180354056	-2.0403643800181017
Br2009	-0.0124527	-0.00506464	-0.00351706	-0.0045946	0.00173341	6.8	0.2261852804524414	0.973182	1.0	0.0	1.0	1.224116187267746	0.048610836507884905	-0.03930879692314695	-2.729497908601453	-1.3147052950829694	-1.0493378645970253	-1.3961639204167633	0.8922429370790327	0.9001844084028483	-0.3590396942683947	-0.7078432009432256	-0.4623729662953255	0.5051195189384347	-0.5086667252309859	2.3886961966502316	-0.39242141880653986	0.6955146670222582	-0.1551782047368171	-2.156727080871965	1.2281315999621243	-0.08410182354733015	-0.15851506595428194	-0.07041277206679218	-0.4404356679270529	0.9555481242257214	-0.04108224870801618	-1.2633519328186877	-0.10891446648343552	-2.1524236930570386	-0.6573315981899834
Br2257	-0.00961615	0.00105669	0.0290008	-0.00645873	-0.0116462	6.9	0.0113067781705348	0.968534	1.0	0.0	0.0	-0.11843845785798844	-0.15667837581181424	-0.5777691643494406	0.011939278267485653	0.517394541800864	-0.42728693165360465	2.80786882773225	-3.7915102751333283	-1.9621049919949067	-2.2953043589896076	0.5402098985040065	-1.5053637724782696	0.690233747877602	-0.6076985615717287	1.6424135633562782	0.19054818938954418	-0.0879261773724004	1.174257008047749	0.5825115327736967	0.4952511664588521	-1.4092760650494207	-0.47649485109408013	-1.6285520351815974	-1.4633127121615117	-2.480211335223615	-1.4876697152803209	2.55817925421416	1.2186282889973923	-0.14318948688656746	0.7601856241656315
Br2263	0.036189	-0.00648251	-0.0014845	-0.000410409	0.000624849	5.7	0.2243381778974905	0.961514	0.0	0.0	0.0	1.1657007539069528	-0.7664828760671718	-0.04880256589654184	0.5615932897345708	0.9299557299799851	1.4584904492448132	-0.20568411444898332	-1.046579415812042	-0.4193294867519053	0.18146355888141869	-0.1019960464343794	0.08105350670416427	-0.08801048373000529	-1.319002487201069	0.8013309730599694	0.5105310404003706	0.4581199856790062	0.5537650794103444	0.9847466233063205	0.28688286404888214	-2.2023950328767614	-0.19759808284176977	0.0008929750403985141	0.4811703893251078	0.4499646412777469	-0.6829392269854667	-0.4508467616168262	-0.7991919248392737	2.1143423569711453	0.3715347507709704
Br2267	0.0319575	-0.00341034	-0.000168231	-0.00536559	-0.00132493	6.0	0.2382072338152673	0.972486	1.0	0.0	0.0	-3.200138762899282	-0.23405135447493625	-1.9802478650083546	0.6382379792014321	-3.4653585118688675	-1.6006466389372007	-1.524981361090685	-1.1969715401321677	-0.1938433810846779	-0.8992304032672884	-1.8401299455463587	1.6005706719229313	0.18542397479160813	-1.0713975003174292	-0.18694518024872228	-0.7616354041889629	1.2720584926194938	0.5754031954614395	1.7056803495343764	-1.5268914781963352	-1.1538368564417305	0.7891311568851224	0.9645724202031567	1.2345779958155516	1.39248137118154	-1.161925180215933	0.4415721519224808	2.1281684161205114	-0.7450083956620549	0.5992501758838586
Br2271	-0.0134857	-0.00568866	-0.00462573	-0.00163608	-0.000621842	7.3	0.1789003794237978	0.959902	1.0	0.0	1.0	1.208802793159208	0.36124622112406735	-0.7023200769125778	0.28939907829419476	-0.2883086082113272	0.671797722469356	1.0612158303584	-2.020810572197045	-0.005208685141033014	1.6670271510131545	-2.2708673801185033	-0.07784859811391708	-0.8276222560868799	0.09817698783530751	-0.27224395425165326	1.100809158718662	-1.1714599625807622	1.5227212073081187	-0.679489732560128	-0.08523613691324454	1.4223613648344995	1.869568790839797	-2.5821216789626416	2.5739892608724966	2.4904133969080644	-0.4310719031143823	-1.294752051567198	0.6955652132681154	-0.3146357988069818	0.5564868956030232
Br2285	-0.0127711	-0.00553278	-0.00363131	-0.00535021	0.0049894	8.2	0.2184504695563294	0.971674	1.0	0.0	0.0	-0.2046507938642967	-1.4103531011898895	2.5158547462544516	-0.6690966350471117	-0.5558714017117969	0.2583255029277538	-0.0275157119778367	-1.060992004291668	1.3813818359810612	0.8508123711785485	0.1539750741085968	-0.08039715471995483	1.3975327101521287	0.216532864455882	-1.1124249788238694	0.022883021411693	-0.12652951132434603	-0.9194507666534282	0.8558656118851137	-0.3565333301643004	0.014503839831202755	0.09862734118938105	-0.8014046731502903	-0.8328064732222946	-0.7180667302012786	-0.8726376190082145	-1.1904181702190717	-0.48448807040549036	-0.413734621339492	1.0370698131262333
Br2288	-0.012953	-0.00459354	-0.00513984	-0.00391577	0.00136792	8.1	0.2418948193274474	0.97801	1.0	0.0	0.0	0.4503673359177563	0.16073252117652184	-0.6313334823021934	0.005554122220825877	0.5648395524923073	0.583353010712747	0.3718459390592631	1.3339512287246953	0.9358533750591529	-0.6280029004841843	0.5320964001271484	-0.4948264124397514	0.8296311252029638	0.46799162297225116	-0.2214555809674864	-0.23522641306011016	0.7437644884007534	1.4307971313803967	0.5428986277886805	-0.2794789339214509	-1.248360787563015	-0.3950316818305054	0.07976876327378198	-0.9583216122026147	1.5525885278225853	-0.013995432232401826	-1.3538802407687527	0.5746765206263299	0.5526009972654735	0.4929975779567727
Br1832	0.0456602	-0.00606589	-0.00181422	-0.00280308	-0.00391053	5.7	0.1731802399908694	0.963685	1.0	0.0	0.0	0.19292760681555818	-0.32131190920393926	0.5246660962999758	1.4758543746118342	1.4814261838785432	-0.21844331048525928	-0.7431969675758368	0.5769790309083356	2.1151003636269077	-0.9062991258719556	-1.1962486893834916	1.0050478193075951	0.3533258508710977	0.6938693963267742	0.29679171120366865	1.694210524389176	-1.3956345612568761	1.0349785027457967	-1.1759065205167272	-0.16551902778218638	1.8869354709336157	-0.07958927718252551	0.33630175579547367	0.8887147100981939	-1.4992379277776615	-0.2758847385960526	-1.1766558113810628	0.07576722027099772	-0.7517053317133505	0.8459773619100653
Br1840	0.0337095	-0.00202595	-2.2324e-05	-0.000322628	0.00212055	5.6	0.209227064287121	0.963911	1.0	0.0	1.0	-0.9339671736705796	0.5395487249693642	2.653476341087516	-0.21067802137282382	1.5557998175915784	0.36361770550903255	-1.2127848379033097	-0.9925678677830695	1.2185089494134385	-0.8344552686629209	-0.7199186919495012	0.11416391464279257	-0.28717875423332234	-0.20259814627478456	-1.4090009401854346	-0.5954096851171939	0.4920331227460635	-0.42449366648309267	-0.5570276281653794	-1.65686688545325	-1.17158246436876	-0.7416486426712215	0.18585571951273774	1.1022691262825326	1.141829370324752	-0.16220940245197557	-0.7761754356813079	-0.3486694845086905	0.6175627193992798	-0.09302741796199025
Br1884	0.0115368	-0.00425063	-0.000600565	-0.000263262	-0.00239799	8.0	0.1471329890631085	0.962156	1.0	0.0	0.0	0.1252822805563803	-1.177577063587466	-0.33280883303344155	-0.2656801289004336	1.235472239033751	1.2180370207553504	-0.0027433732183138704	0.14773273916609742	0.19534723040008706	-0.8748375482214937	-0.041970161430676695	1.8464609277152662	0.8550942652910711	-0.36246533834234174	0.417150017165287	0.15580079510844783	0.02288065500575945	0.6181172521121258	-0.34108340723500524	0.46102744486999264	-0.07992925761187776	-0.826152035072917	-0.3884844785926498	-1.028001499520757	-0.20794369601836502	0.07119371558831106	0.5013665502707544	1.5035768235138858	1.3101220715742297	-0.129116842535872
Br1898	0.0388098	-0.00339979	-0.000430058	0.000877986	-0.00449674	7.8	0.2165163816442415	0.965108	1.0	0.0	0.0	0.3817291348226442	-0.6939751247714294	1.3637852317986066	-0.055721757560168825	0.023585573367998866	1.5758517108084136	-0.25355146521843125	-0.9331369718601209	-1.0879814225952593	0.15212728329367423	-0.7996705247334369	-0.6054922791389372	-0.2931627949526575	0.30422290676239844	-0.7865880482282572	-0.10655042095838886	-0.45225431154057	0.31420528438704776	0.6267119754603572	-0.03621572521492617	-0.6259460433138127	-0.40342654220808577	-0.25837734700614606	0.258631088768934	1.7390235319522325	-0.25654361751065874	-0.439770941995588	-0.0277636394576788	-0.6948517091170541	-0.39529401626991084
