	SNP_PC1	SNP_PC2	SNP_PC3	SNP_PC4	SNP_PC5	RIN	mito_rate	mapping_rate	Sex_M	Dx_MDD	Dx_SCZD	HF1	HF2	HF3	HF4	HF5	HF6	HF7	HF8	HF9	HF10	HF11	HF12	HF13	HF14	HF15	HF16	HF17	HF18	HF19	HF20	HF21	HF22	HF23	HF24	HF25	HF26	HF27	HF28	HF29	HF30
Br2063	-0.012571	-0.00321073	0.000305146	-0.0032358	-0.00109994	5.9	0.1883118021871558	0.959978	1.0	0.0	0.0	-1.242773190357481	0.9018377512126848	-1.6145483251188952	-0.7310582893313812	0.45986794470066156	-0.621223304821011	1.2876951810571626	-0.25187896036701296	1.0103620611879938	-0.2235119161886511	0.82771946502288	0.06349626067701589	-0.3785687950003784	1.0812984968960038	-1.1297963762345333	0.06696986318262357	-1.5426005189592262	0.0009684933603712188	-0.09744514874628234	1.3323209324800322	-0.21082971150429214	0.07944368074089557	-0.1669795199031058	0.21336736643084447	-0.03169406585939412	0.4888528401146247	-0.23001512754176395	0.11573158954973722	-1.7267188882196483	0.11107068941803573
Br2582	-0.0128786	-0.00395255	-0.00533234	0.00244535	0.000127297	9.2	0.3067585891819666	0.96253	1.0	0.0	0.0	-0.4610243101903405	0.2606043088525451	-1.9028686380612887	-0.35267436371376076	-0.000588295661806501	0.7318035335507161	0.525408852672524	1.2623241759099781	1.2114726919753829	-0.06294501078599332	-0.4743393529168723	-1.8234318143146835	0.20256098160822614	0.5581452916750791	0.3668805807178489	-1.2525753987938666	1.3144144579509796	-0.47588846548301034	-0.5339252748348577	-0.2856818274479375	-1.5338424550414054	-1.0251798256303788	-0.7197376715141797	0.172415975359967	0.30032614305387095	-0.32271534299484766	-0.002586422168824707	-0.5717696332650944	-0.6145895518194947	-0.43532595543238034
Br2378	-0.00890573	0.0393911	-0.00337573	0.0969052	-0.00415454	7.4	0.1898680888501824	0.958259	1.0	0.0	1.0	-1.591104873812929	1.179387685098203	1.14112718478096	0.39671254115673515	-0.18462004790238923	0.30043800905292134	0.6391930317835884	-0.4614767623174184	-0.8017108697184814	0.46008292084779834	1.8414283951550556	-1.0806287457711081	1.1038202169119702	1.4061233200685994	-0.664408339549647	1.1544965944270469	0.296955778029145	0.25995941702381214	1.8030673502604404	-0.43582088652087836	0.9293581555185915	0.46534519869771873	-0.8011809929923913	-0.8938853967712272	-0.14248878657539923	-0.28935352907967815	-1.2574874840854346	0.21732565643281093	-0.554352221002299	-0.1761526415655974
Br5066	-0.0122932	-0.0028396	0.00187667	-0.00212561	-0.000469391	8.6	0.2062106346545885	0.964368	1.0	0.0	0.0	-1.7527674062845804	2.0125564182489586	1.5312799635852403	0.4252765151162156	-0.1419658336679814	0.07904047124249003	-0.18291668552187398	-0.011102134072912903	0.3130970179930193	-1.5717519908010593	3.0725884183633405	-1.4051066961442373	2.4127215720521322	0.3831580692181067	-1.183181298841686	2.7179532126198995	0.047101510710554136	3.6810120356837266	2.306547449851277	-0.8679686271283642	-1.8102887653315873	0.18878541769965876	-1.1503258578765103	-1.2058362144915986	2.7022498042360388	0.9050129462715982	-1.6328944552791336	0.2833968932690228	3.7992085881474615	2.5819006013481025
Br5154	-0.0124429	-0.00416315	0.0142521	-0.0120618	-0.00767723	6.4	0.2099305827543564	0.960641	1.0	0.0	0.0	-2.5923867778095744	0.595567003636108	0.6157693603601864	-0.6837103523837215	-0.8448701559142223	-1.843036784025189	1.8881482495771846	-2.1140729793442126	-0.7695668394509693	0.6673324518489754	0.5209511342940648	-0.7639221106009385	1.2599721023255912	-1.5676863745390184	-0.768501075988975	-1.1229120068076548	-0.1909841803568018	0.780612251905567	1.463255765855993	-0.4174944615871283	-1.3952842840100699	-0.15409805726840003	-0.0693366925119427	-0.1441760584454106	1.451506584389889	1.0394918167021931	0.4351508573498759	-0.5763622465494469	0.08141784535380937	0.005884505427901855
Br5155	0.0421595	-0.00481342	-0.00200128	-0.00275117	-0.00975895	6.6	0.1594256553590694	0.961898	0.0	0.0	0.0	-1.7945732335177809	0.15650615156605346	0.759261849703055	0.07831761867766183	1.0017900610850503	0.24238249391228095	1.2688006512454462	0.6576934763628904	0.735468673764819	-0.024098343448238264	0.2738600796750451	-0.4744226644798043	-0.14147157609778252	-0.3217033585297599	0.5182887153442309	-2.222592272197867	-2.0197114239029053	-0.045530194905282574	0.2518710740713356	0.9088559698549558	-0.5019322286295756	-0.008199190876122123	0.2776242229492216	0.2391921097551296	0.021595837801758645	0.5210183009046704	0.24605773829089866	-1.6277217409896512	-0.5706088469938688	0.4326115151886663
Br5182	-0.0131355	-0.00506145	-0.00368318	-0.00328591	-0.000157854	8.2	0.2100465558075655	0.960623	1.0	0.0	0.0	-1.1813112331292395	-0.8269070814221774	-0.12173057104390714	0.4399259059444047	0.9784181869921352	-0.9117241800447746	-0.21437789267003124	0.5120664200601781	0.30964077555350183	0.5423766738265957	0.5611880531585521	-0.7176270607287498	-0.1591654353010688	1.2939645616092814	-0.46832155949143056	-0.09525340867779426	-1.3326520384286786	-0.6062168162881888	-0.38973642563915906	-1.062396561179492	-0.6373313594206219	-1.4753274707915036	0.006299586995260022	-0.3699389765632372	0.46454969376031513	-0.8864098095291755	0.1486851539796207	0.8226770306360561	-0.9703210649398653	-1.191822423145297
Br5205	-0.0100521	-0.00349591	0.0131658	-0.0054959	-0.00843258	9.0	0.1658559576795616	0.961639	1.0	0.0	0.0	-1.4889141792264171	-0.07054546470220853	-2.0179487841876234	0.02569019914733529	0.3276237918568246	0.2535150687322424	0.8730088640298612	0.4122961351206191	-0.10284028136565833	-0.10863891207086358	0.8724890042260618	-2.3339970383647777	-0.09421440366613541	-0.5172162007062209	1.6797304847645214	-1.0280062645628685	-0.7087499571186611	1.291390237464779	-0.4589135559546253	1.0777245421713282	0.28405924606556865	-0.2594739068410726	0.09423433342334521	0.7562069404519358	-0.0881961176085558	-1.6035864018087258	-0.47213037683163905	-0.510052248992186	-0.7578191200313413	0.4199768021469601
Br5228	-0.0123685	-0.00511712	-0.00105022	-0.00071676	-0.000671742	8.2	0.1914053489196333	0.965821	0.0	0.0	0.0	-1.6398100833808924	-0.21893087227549007	-0.08542946996340466	0.24880760814083366	-0.8315657425724633	0.4872633255780487	-0.204037462988423	-0.35712833222975504	-0.11337567981154298	1.3463465057827855	0.941400013065212	-0.5634175239139428	0.1503750504713777	0.09016887815193927	0.35688529272497005	-0.44583048762037314	-0.29086217103565626	-0.38630557927837783	0.6637821255791991	0.6172812089495077	0.42854180110900864	-0.8145805636072748	-0.025256289993090767	-0.20519461217715768	0.2935225241318009	0.14565159564744873	0.7980649943547894	-0.6362243292814009	0.1320394851151947	-1.227972442153936
Br5250	-0.012401	-0.00361989	0.00235847	-0.00202341	0.00255235	7.3	0.1708923001607759	0.961718	1.0	0.0	0.0	-1.823384830083698	0.9657300009528941	-1.5337701623463076	0.4877014887208954	0.5132992722440288	0.4696545176813704	-1.5385604063809377	0.23717404404004527	1.4560024608300322	0.9955069783445274	0.9945919002043225	-0.8740967382311818	0.3344198434704139	-0.18052443144044925	0.3517833586154315	-1.27071283315819	-1.036328327828966	-2.8226490878695762	1.1905273402672163	-0.6705147862283763	0.4275498574379061	-2.6182331131519763	1.2576494449199371	-0.4861103104465837	-1.0546825756341618	0.30330757335774217	1.1444288598714891	-1.8108346335291214	-2.3027114048181594	0.19499893750673802
Br5262	-0.0128446	-0.00470309	-0.00146039	-0.000228065	0.000746362	8.1	0.1557475651089721	0.966261	1.0	0.0	0.0	-1.2517780717927842	0.3130751142091255	-2.5830927527942156	0.3629368937109877	1.401278638467262	-0.6764316191228181	-0.12847210005130458	0.5693326087512263	1.1133874950884493	0.8680230214220133	0.784588498591622	-1.4454722012860008	1.0535893412916566	0.8776442378535885	1.8933099137057814	-1.5314811320228896	-0.6749183629663024	-0.19617927787193207	-0.5159590746725522	0.1671430594025457	1.2912780426047248	-1.7068017021469026	-0.637774567000107	-0.7102529128580857	-0.09235190946904755	1.6591906358407098	-0.03358583664564853	0.7930553655142674	-0.5754925058665118	-1.749855567337807
Br2464	-0.0130816	-0.00431226	-0.00551281	-0.00207062	0.0030373	7.1	0.1272078192015305	0.973881	1.0	0.0	1.0	-0.493694752821486	-1.2557268650359206	1.1014548813814076	-0.8908685669428517	0.3506829227264025	0.2735117244647817	-0.4809132066476527	-0.3356682193223541	2.477792652334457	-0.9073318594672546	0.5365005971427749	-0.8128251001413156	1.2636018613068714	0.26646349844939604	0.3813171903389239	0.27741806972273214	-0.4851948517318486	0.8846591538982821	-0.8403784163526645	-0.4601672393361282	0.5489439467672361	0.7131663847093526	0.10234774614102511	0.25795332162134416	-0.6783534254065273	0.7123603755663962	-1.168950012815857	0.44857728850443984	-0.9121198938963331	-0.521447929645422
Br2470	-0.0129292	-0.00307781	-0.00527069	-0.00292256	-9.39669e-05	7.2	0.2501239027407668	0.972266	0.0	0.0	1.0	-0.8609426789701646	-0.06003297326952357	-0.1910408506430564	-0.41036793937381116	-1.2186553048303959	1.688311990906916	0.5673968755905474	-1.0953188340529558	0.597489356898551	0.9146326336055768	0.8192431233830726	-1.4354528895679495	0.044663210158870786	-0.3463072674711514	0.8294822932140558	2.22193254141473	2.3835208686112694	-0.6011282766885845	-0.529027012659365	-0.6490905000200274	-0.30892550697563786	-0.1562762436995251	0.23457453544011064	1.1962670629950107	-0.6442223913258727	0.09399697841750325	-0.6301506325790065	0.40874044221402184	1.2987963766021933	-0.34107753563922616
Br2481	0.0405215	-0.00325666	-0.000679315	-0.00196344	-0.00737491	6.4	0.1771934308283758	0.977187	1.0	0.0	1.0	-0.29685121280421356	-0.3416371812118687	0.45979678217807857	-0.5194175412700165	0.9527768360611193	1.1559002171581363	-1.795806125910151	-0.23803053556057774	-0.9878608745748053	0.0005330704535518832	0.12895524604203948	-0.620873136170209	-1.354066140728645	-0.47574020680000045	-0.8392063481047406	-0.6833252078199933	-0.48584192682507243	0.2734314544537313	-0.7053271803937051	0.22424020626717292	-0.2356585363208885	-2.449893173023719	-1.404171959053251	-0.27653082771219406	-0.7256508373197357	1.8014360882411877	-1.0547839289934327	0.5502803071364183	-1.0267897373709063	-1.1458524831781485
Br2393	0.0375156	-0.00503799	0.000905944	-0.00416779	-0.004771	8.3	0.1481376395779543	0.974925	0.0	0.0	1.0	-0.748714280077035	0.5647325650640177	0.49613089073756594	0.42604370528480134	0.6160544679950916	-0.5148512339290795	1.6346839756544982	0.8302840651345554	-0.639534751666143	-0.5723414219052436	0.24396861280304635	-1.1849889223104817	0.35733096759898886	0.5919542790346687	-1.4308197810662584	1.5463643342606035	-2.5421163292697875	-0.861900462816148	-0.6537104281473621	-0.5689632095963968	-0.9899293328197112	-0.7353559046542975	1.3155827705439527	0.794490959550162	-1.4966059908364577	-0.9784579185888395	-0.2913641133833176	-1.2790913016730723	-0.732776880022846	1.1151265059107458
Br2494	0.0365569	-0.00221949	0.000862503	-0.00222252	-0.00192328	6.8	0.204434224800181	0.973562	1.0	0.0	1.0	0.05112023685867371	0.11840350679841377	1.4752491178984255	-1.5874005787552234	-1.8932872844187736	-0.9835604181371722	-0.4031798065507472	0.4832790522066875	0.856306090771705	0.41205728589527757	0.7135407063035368	-1.643560273102074	1.02297724612382	-0.1819460749190414	0.0679386530576378	1.3107616886142772	0.2139079978345653	-0.8975813374863053	-2.0754290680340906	0.3608534331309143	-0.4498662252351128	-1.0560141280835196	-1.2100944039070667	-0.15599088995665902	-0.17829655169057942	-1.468954249690109	0.29622843838100626	0.6801974822791638	-1.0744439136349668	-0.11375363520751139
Br2509	0.0328723	-0.00323157	-0.00160433	0.00177304	0.000283334	7.8	0.1748338884992967	0.976741	1.0	0.0	1.0	0.006965681621984879	2.2573696580659366	1.7328645489991426	-0.10914375534698122	1.1324479637640796	0.309195643838439	-2.1110623788188008	0.9757713624371698	-2.805776247172255	0.2813583156698663	0.16284016412934624	-3.3957046799107333	0.7017432249564328	0.4497058704400512	0.17099055301283178	-0.5170259396056169	1.6765309669831685	-1.8761616440927775	-0.9585407797513498	-2.0975785778928766	2.0324198198417616	0.10883112878936159	2.5160042054499825	-4.210605834322212	1.1128161337112001	-0.580578999582438	-0.49728860793724167	0.5331640323289242	-0.9472941544793447	0.21530589980408263
Br5324	-0.0127458	-0.00496229	-0.00203518	0.000302493	-0.000361715	8.0	0.2183444728068738	0.973394	1.0	0.0	0.0	-0.27623938195032216	0.47218942654270585	1.0928961017600782	-0.42311738715666214	0.05281399649745931	-0.8877291896069929	0.3448102901670413	0.5014594795278118	-0.7794310561927493	0.8123375757791735	0.4856931196913063	-0.6969881234370034	0.09351976767250987	0.48146350139893707	-1.5157047010957165	0.38416845482409445	-1.2162597695198223	0.012255146642656046	-0.9774271458613197	-1.8486045383964254	-0.02956793137659846	-0.7408292496834747	-0.13694086224567822	0.02003343097573822	-1.150056073885852	-0.144665481364517	0.31618880027057295	-0.5620437924816313	1.1237678048945232	-0.23154790182863572
Br5200	-0.0119368	-0.00453955	-0.0034422	0.000186568	0.00295797	9.1	0.1877471709969271	0.973703	1.0	0.0	0.0	-1.2968960305884176	-0.2445119335244462	-0.9543811050781634	0.030577105076616474	0.4208078649241058	-0.3215442485287122	0.8401911778145605	-0.7364631868949342	-0.9503435509558986	0.20643577739352367	0.7276722361449375	-1.3449307503251304	-0.07071643353921604	-1.390334740220571	0.4692360641790366	1.0977827847005897	-0.6864182290571478	1.825384822528516	-0.11595527769901066	-0.06704206174024603	0.008847895963132806	-1.4382140313155565	1.080335824007437	0.7253080067735737	1.169302882140982	-0.5705974315575812	0.6074563782672526	0.6006969513190328	-0.5902243857237008	-1.318986525392418
Br5292	-0.0129566	-0.00486817	-0.00052273	-0.00628136	0.00205462	9.5	0.1889005178105387	0.973806	1.0	0.0	0.0	-1.065944042220757	-0.8548117208396657	-0.4104866410748903	0.012524454791561036	0.8861231409549228	0.3594188670549768	0.0681694910790004	0.17825515964386618	0.4932060460124765	-0.5823355148855209	1.2720697539969192	-1.1977536158500803	0.047946638098189415	-0.8032852495039143	-0.21828699179089037	2.058050693529014	-0.5237451474539917	1.2347390158851521	0.10404889688874314	-1.0906090117716152	0.3304531175215437	-1.8861243997372503	-0.1758478750058382	1.2096295343696066	0.9405300041038659	0.3364310706046573	0.5465004086843617	1.0323747027489367	0.6842041586124045	-0.42327292913998654
Br5367	-0.0124562	-0.0040505	0.00178044	0.00205489	-0.000670872	6.6	0.1873608264066747	0.974452	0.0	0.0	0.0	-0.4867735019891507	-1.2338130325251404	-0.34044808862568327	0.2740919262895183	1.53921835801057	-0.1599125589058444	1.1244399905533313	0.23390110411805853	0.6783790774530216	0.19416267226698877	0.011023278742436726	-0.33853524480486047	-0.22590105790954085	0.3871551069946113	0.2606343510438157	-0.27017147805481456	0.09299234091817585	-0.06258331523388949	-0.3859884863295649	-0.5123939486122948	0.8070286354400937	-0.20089003112799703	0.12158612109648081	0.45141133220190705	-0.23255926057995088	-0.1368136720281108	0.2166878521864875	1.4654887603132865	0.27220132614552434	-0.6788833847806547
Br1351	-0.012317	-0.00386084	0.00166108	-0.00481321	-0.00227865	8.0	0.164991216161515	0.979129	1.0	0.0	0.0	-0.2984783989548515	-0.7192373054270106	-0.22120471298631228	-0.19909006850188737	0.8274947806667311	-0.6349090322755904	1.4600807639286892	-0.2593211298423063	-0.8680466464985088	-0.06964595382206916	0.5169988011881006	-1.0374502368455	-1.0703730733565089	0.5272108647042854	-1.3737098987969418	0.5803340389028746	-0.7811860268553483	-0.7310979836266267	-0.6786816125569849	0.356322035619431	-0.5850982144084158	0.7568630927280553	1.0984034933433966	1.0823777979416338	-0.42994423130761306	-0.6158575448438965	-0.28857902346585235	0.11394406234071743	-0.1446730877551155	-0.5248070123949723
Br1525	0.0340255	-0.00283513	-0.000206818	-0.00238567	-0.0113159	8.4	0.1851157919916132	0.977666	0.0	0.0	0.0	-0.10826432022749798	-0.7495797025826826	0.03215857633458193	-1.4691429388105757	0.3979393440178641	-0.7123816613893584	0.7306657167473346	-0.7189380462531625	-0.7690460250416099	0.970762920847355	0.6032948114576827	-1.379464679245268	-0.47588606576604153	0.3782725288099205	0.3957123019603166	-0.3489137330678235	-0.1829687855565844	0.9367338479568791	-0.2802260127993398	0.6399856613585065	0.10528402031961197	-0.0675255415841709	0.025698470244000113	-0.22599484374222176	0.5778199129599423	-0.18588122661386217	0.2147190265956873	0.39939962917629895	0.5523518038322331	-0.30578616343754544
Br1750	-0.0128262	-0.00611556	-0.00924176	-0.00373873	0.0042707	7.8	0.186834404901543	0.96763	1.0	0.0	0.0	-1.5784756897804195	1.8659660846299422	1.0280203929733722	-0.29896190924147054	0.5734963756252515	-0.8661367470060078	1.2650869042318333	-0.11310923339130675	-0.0719390510857223	-0.9771626446819065	1.2562364145345204	-0.8865254321484417	-0.3256542608571225	0.6050069428130261	-0.2231619439157279	-0.07507330534604481	0.4289707324070098	0.9097323452172404	-0.22335079555846962	-0.7630489352564546	1.175056406313249	0.2968628850016842	-0.33484480435064634	-1.1042515182692108	0.5620858429436905	-1.8196176078051065	0.28277018496465933	1.2027110452012661	-0.12452445322924141	0.2692947604867969
Br2476	-0.0128215	-0.00321778	-0.00123421	-0.00328841	0.00236343	7.2	0.1871683820414822	0.977441	1.0	0.0	0.0	-0.15861776572880884	-0.01786725069607679	0.9829329791062611	-0.25539044545451517	0.7438324799878554	-0.5673168332211549	0.7993497034555792	0.47570105327412543	-0.3535534459047948	0.9392073984172932	0.07103014666461933	-1.784764449996339	0.9333899151721198	-0.2339145004788338	-0.7082391685664119	-0.4728476282456832	0.4722404492116833	-0.6222029679013528	-0.1942030004351426	0.4203825197772993	0.9039416524746386	0.059306686681311144	-0.8185966505930291	0.2613327163194934	-0.08368492437363595	0.27234254794474855	-0.32344879116314257	-0.4432162370620998	-1.0852194628634093	-0.5438789997056049
Br2534	-0.0126586	-0.00552294	-0.00373589	0.00208752	-0.00202468	6.9	0.1953540858427308	0.97612	1.0	0.0	0.0	-0.03287406094302161	0.7552060856767052	1.0903668627677665	0.46931008411698466	1.1699851297395978	-0.8059168994743658	1.3347766457991843	0.7239925569377613	-0.14233441921290896	0.9129608483375985	-0.7105626543894717	-2.392413212847417	0.07195187985138111	-0.09105104916388819	1.8433954342928003	-0.11463025694345197	-2.2376452696408973	1.641540688945133	-0.9651767887407108	0.2995900690897204	2.7903435099438565	-2.108158528799839	0.37664566533943006	-1.5488623536777877	1.5016354168505368	0.4710939090952603	-1.3598620044142629	0.20664603794205544	0.6606310001368763	-0.6142375026623541
Br2353	-0.012705	-0.00562794	0.00098456	-0.00117249	-0.00185837	7.3	0.1478197000475786	0.975456	1.0	0.0	1.0	-0.7144312043120036	-0.4738510207257998	1.7536735583539846	-0.14498913126694046	-0.5340596282427046	-0.14584878470678245	0.32059386705790616	-0.6949546017563533	3.2044405926842647	0.0763137307085521	-0.7038267457638412	-2.111267708706729	0.4318774315048595	0.985872234790171	1.21537660201584	0.5182089052053785	-0.920404351392014	0.47513782306620067	-1.541284399559948	-0.5476217494217616	-0.6550852360003299	0.8264871732674126	2.1129545955180333	-0.26760104015415065	-1.8014725794224007	1.3656417873218583	-0.3191039008814465	0.05637968836174655	-1.1101728789088208	-1.7227366887923083
Br2587	0.0359931	-0.0048574	-0.000303802	-0.00139156	-0.00426619	6.3	0.1817344192639174	0.975952	1.0	0.0	0.0	-0.06380461457876668	-0.48312480011694814	1.0878265160998757	0.1691517949640078	1.089955081011908	-0.17958354652928935	0.700531548290776	0.46876912022465017	-0.10843097692526826	0.8364286811536189	0.011504940406986639	-1.1110311333084626	0.1318940797539824	0.27185173316977174	0.021591117093307466	-0.48110989087170114	0.4788968139132826	-0.5945417020225136	-0.05994418053166028	-0.06086830239977052	0.41683143038838416	0.4142193616968529	-0.6723458284629794	0.32353753245285755	-0.5151200376104333	0.11465468029630828	-0.4189182866586919	-0.07134104056454954	0.6128764365738054	-0.4525629162726419
Br5146	0.0388958	-0.00196193	-0.00197624	-0.00290488	-0.00542792	8.5	0.2316176059705974	0.96211	0.0	0.0	0.0	-1.4199559452821986	0.15550030640443993	0.5986857348266165	-1.3942578207556895	-1.0572165035633994	-0.4123878022811806	0.1335024563612063	-0.3918565654551112	0.11859146302386701	0.7531112994237348	0.7196181817810893	-0.7064700527682972	-0.44864218985380994	-1.0040009521757582	0.7308561227878771	-1.0234219836510547	-0.46388966171626783	-0.0681338876955065	1.3373761241063506	-0.7586286556963424	-0.9501920109535156	-1.3468542233712009	-1.0049306848050206	-0.1027314710038412	-0.3774538157496056	-1.4531519660382457	1.5375424156521886	0.4120104270172693	1.1876494996605997	-0.4460096985929058
Br5161	-0.0128899	-0.00634037	-0.0024869	-0.002311	-0.000792831	8.8	0.1574240311539295	0.960987	1.0	0.0	0.0	-2.1348955644056438	-0.056305963586860616	-0.4751269118931337	-0.20785200058306136	0.6949846837739266	0.30672604474578796	0.10579935320144916	0.5129895017204128	0.9524195488766493	-0.5984922177623669	0.9481477787161068	-0.9681692270356399	1.1549945754040218	-1.359127824721447	-0.8498912457894275	1.2516235224945345	-2.1342246532708917	1.123740613707843	0.005661957175270395	0.4116270017788316	0.014582025720657593	-0.44780425746274516	-0.0551120060252284	1.0717726295100596	0.7004174775559118	-0.09134774916803602	0.9202349795404363	0.5905322109681027	0.5734462722460875	-0.888870983224107
Br5165	-0.0117129	-0.0033684	-0.00690681	-0.000812129	-0.00188007	6.6	0.2146469351708168	0.960131	1.0	0.0	0.0	-1.0571640372711608	0.24718198411654235	0.6745776976072311	-0.9961965101246717	-1.37758452464383	-0.17796372445773662	0.16493186987704497	-0.4244549398410996	-0.6092059465012267	0.8155748181450027	0.7797792767108195	-0.5606158571909358	0.1352138199559309	-0.1252745001067537	1.2991915188850336	-1.4051072035692882	-1.0473660471088464	-1.901914475221159	-0.26527509658495774	-1.3618862755680339	-0.35502444563879576	0.22792390411194585	-1.3996208176211324	-0.2608907439688228	0.6512981002627425	-0.21529997220835476	0.9965231557260509	0.07684086162572822	0.14596031758968717	0.37340674959812875
Br5286	0.0461496	-0.00611578	-0.000362237	-0.00300164	-0.00345776	6.8	0.1781483956512796	0.9746	0.0	0.0	0.0	-0.03823158454263177	0.3788191111205322	0.7971206703964364	-0.9185617568911466	0.8923865164828911	-0.19427705600462977	0.6047483257055887	0.18563537043889933	0.2596618945865742	0.37255518477157656	0.12880502143343556	-1.027324674051853	-0.07995917580317886	0.025626300986019954	-0.09301905198607627	-0.8555183685633416	-1.8238109044688178	-0.5163782049779672	1.1275349963517296	-0.3578542255637775	0.20960256607409927	-0.426344227199999	-0.0338453145200299	0.375112854829014	0.24817300258039504	-0.12789653506279644	1.2998150512537854	-0.5843452264254652	0.5870247280874535	0.1554916278038336
Br5259	0.0108021	-0.00489694	-0.00295791	-0.00723182	-0.00242014	8.4	0.1943900785797176	0.976505	1.0	0.0	0.0	-0.4419494952141072	0.8116669858401006	0.31101433145311835	0.4211425295828012	-0.07669140038047889	-0.389755672672057	0.8616160219642449	-1.2286398486179828	-0.9452406789050495	1.6337106317920298	-0.03857994159690042	-2.444123174634999	-0.06572912409234988	0.13398085730579576	1.7384134420725341	0.06336762350212184	-1.9246481822510741	1.2027671391397725	-0.42207775224810035	0.5131380547268337	-1.0636447442798544	-1.6962635880971024	-0.5382956259026601	-1.3302475500158926	1.4838702959596324	-1.8180504837192775	1.6009965987880004	-1.322889856536432	1.0281801880212476	0.25441589978761503
Br5287	-0.012181	-0.00359209	-0.0047932	-0.00559485	-0.00111026	9.0	0.2156021922180117	0.977833	1.0	0.0	0.0	-0.10045888714282422	-1.0934767189147694	-0.16410286700614113	-0.13454008940358708	0.2053851740241774	-0.215719618041331	0.2255155012372079	-0.9401453179989201	-1.147302674641061	0.6972888700886388	0.3112273278344903	-1.7041707131375279	-0.2632172804051124	0.2930468595732866	0.5325998997406558	0.12403373188454421	0.4863669250012436	0.9512301709841305	0.275545798741575	-0.6559665149671581	-0.5176326543689472	-0.4969315655025547	-0.18570571423186372	0.32853830426429964	-0.6359203344310146	0.25598607686443126	-0.0895601591089999	0.08418687344134766	0.7489853060253904	-0.6269216373783562
Br5005	-0.00957751	2.81044e-06	0.0300119	-0.00360685	-0.0122647	8.1	0.2031374932821279	0.965898	0.0	0.0	0.0	-1.1960679037485908	1.9199213766202337	0.28769776635178473	-0.7726449675910196	-0.43138198208294437	0.848332886163638	0.19679289254326665	0.6119759656948656	-1.631416063366922	0.639380714474265	1.7963248645603462	-0.20732300839319154	0.11444239800504415	0.6224131131063764	0.30390989601989904	0.16250718930596275	-1.0697092522815852	-1.509849579044913	-0.2023546627903356	0.22755214861083978	0.047334980600674655	0.689061839970798	-0.020054122709529065	-0.290679279130946	-0.21733729933442938	-1.9986759700666203	2.3951587216890724	-0.09027110561025144	0.05796127126718843	-0.6340119270750775
Br5135	0.0395974	-0.0024387	0.000293359	-0.000315989	-0.0114092	8.4	0.196640101315515	0.978261	1.0	0.0	0.0	-0.37372719183256126	0.8192621929782609	-2.341774989232271	0.09714993744630679	1.5209215269612166	-1.7265641268432619	-0.8543914580832	-0.8312222456322833	0.7824418903211329	-0.7184460397450504	0.43833892273973957	-1.7364588271698853	-0.8650262491596938	1.246360342068562	0.1826126792767917	-0.6147108961285036	-1.496473777848219	0.5764991519185336	-1.0172904333412445	0.5176377170112851	-0.08501351125907183	-2.394219044890125	0.09048924639951197	-0.5265106097512813	1.6334576932356288	0.17476249514904665	-0.2672803296025153	-0.41809260739381293	-0.4686956721439309	1.4960660310941596
Br5212	-0.0130922	-0.00405189	0.000333573	-0.00297521	-0.00197118	8.2	0.1876391209086773	0.9771	1.0	0.0	0.0	-0.28648355162106387	-1.0770246610513452	-0.30390370911560627	-0.8591845277748958	-1.041634358196777	1.0439711895851633	0.968540060565948	-1.845502553670443	0.6458090095396539	0.6261249854499327	0.1921719267990688	-1.445772442808492	-1.5402262380536864	1.1165772489704973	1.1776702888421162	-0.11157826916345225	0.12745069818601765	0.062413637495882815	0.15517556175062017	-0.6145609070781384	0.5086383407948502	-0.7747524436266401	0.05792009711297113	0.3444136103674683	0.5425534413520525	0.611232231145283	0.933784392552081	0.5192197364728929	1.0666709577400366	0.12390604071256285
Br5235	-0.0106259	-0.00352999	0.0102683	-0.00489391	-0.00473598	5.9	0.1906045244308108	0.977605	1.0	0.0	0.0	-0.39332191037409125	2.83846579121991	2.1770148718892894	0.8538685575092035	2.405582649374382	0.4214096220736155	1.6098096509461468	1.4026959575770201	-0.3082787946232792	-0.6505120788945938	1.0730657162677215	-0.8673640908821293	-3.0039295912912043	2.867571772664419	-0.9617434287798085	1.9520671844843052	-1.490283797997587	2.110139990716426	1.0651951584390562	-2.3437363447410835	2.6428157342906977	0.3885178624345192	0.9985427121172229	-0.6142755367705598	-1.9986045312875413	0.9822360090386045	-3.213695681627936	4.4463353167235224	1.069296515009256	-0.5018724841438972
Br5053	0.0282242	-0.00590779	0.00400475	-0.00540421	-0.00401962	6.5	0.1566660084344782	0.976111	1.0	0.0	0.0	-0.3150251678228928	0.3706741618824991	0.8389633287033896	1.0353726645974044	1.1512286716409763	0.48321422679458736	0.5499317788416807	0.980848559005863	-0.4613190256686498	0.5462782270245056	-0.8472465236482667	-2.748428555659055	1.8165124103463932	-1.1425606448250123	1.2925600840637441	-1.3782350200620137	-0.6491070704621938	1.2265377033794964	0.37975437768539505	-1.4936905991023581	-0.10198224197214144	-0.009994189391761435	-0.8540386805414888	-0.6848807702930964	-1.0144134596589558	2.0223700177258426	1.3025271786566268	-1.5107305979084809	1.4304788063918805	1.981374335851514
Br5323	0.0347485	-0.00560765	0.00111757	-0.00150308	-0.00208043	7.4	0.2132538815767732	0.961163	1.0	0.0	0.0	-1.5806803153659765	-0.3930295770416879	0.07639754122020664	-1.1370757889772871	-0.08635235328888752	0.25337393676819053	0.29055547300737494	0.4365792661156368	-0.26770248109265565	0.6215342295819615	1.5587320643101956	-0.550188044580304	0.7927929074691673	-0.8180150439602284	-0.5180356552428365	0.5313749861770561	0.14583952824979934	-0.10431074459985251	-0.0754596534933882	-1.3512036796343523	0.36444776310207333	-0.49274719066107353	-1.3445632874653917	0.26032723516150924	0.5591824834284357	0.3912630392728637	-0.282570405535635	0.6536168182342108	-0.3434751088080759	-0.08546104592107835
Br5338	0.0318818	-0.00383615	-0.000531373	-0.00217902	-0.00339843	7.9	0.1650444371618115	0.978246	1.0	0.0	0.0	-1.1991390726019309	0.37963486600167684	1.1681040450823823	0.3808882124262458	1.050695810137705	-0.9930616646887116	0.10452711757989343	-0.7516072539942387	-0.6974680710578591	0.3417160545616046	0.35160900980103577	-0.6002498293503715	-0.9116230314670862	-0.5846607080674526	-0.7076475787012596	0.8981639044371815	-1.6458600112821282	-0.4380161117164244	0.41318595113442097	-1.387790877297066	0.08410724329098765	-1.4633680977909524	0.9997282791404226	-0.1817557382637451	-1.2911847253284081	1.3819938921503903	0.8373977972375091	-0.44447323705030206	-0.25406110878186716	-1.107408202820495
Br5370	0.034548	-0.00487359	0.00125448	-0.00239174	-0.00787675	8.6	0.1498073552575157	0.97802	0.0	0.0	0.0	-1.552859798916627	1.4234390516929614	1.5103340238555734	0.8976287853279924	2.361705686404445	-1.4608694511698885	0.3419132757926766	-0.28452039097324683	0.029456209544103672	-1.3388608154756412	0.6929393738913702	-1.3777998896942516	-0.9481061498189108	1.2550193993569212	-0.1963457250746191	1.0939485267464681	0.3164294787257441	1.7934391515173935	-0.3508740444009171	1.224597012526739	2.9811375940245317	-1.0256015925942963	-0.6407471916857821	-1.9308886106585688	-0.363286850557152	-1.4738201298527969	1.7185793713965953	2.48487190789039	-2.454604166269346	-0.9792186741433518
Br2073	-0.0120384	-0.00396148	0.00219203	-0.00447371	0.00231697	6.8	0.1836844692232652	0.98048	0.0	0.0	1.0	-0.4353341102706707	0.38006828059999864	0.06761552627387724	1.7418416624187196	0.8854871617077262	0.3800034598631193	-0.27831254531623584	0.09145829113943911	0.9559508630325932	0.4470032260401341	-0.3090415205870075	-1.256317270583179	-0.36094470808421153	-0.5750886958520411	1.2043463675071242	-1.3068366406609635	1.08122854004366	-1.3660128055815655	0.8722168869089774	2.644842854763931	-0.8590785060271596	0.4962963178414864	0.050995580072581564	0.9374796768559422	2.102447457284461	-0.840484842625553	0.921054847013012	0.6746980052138549	0.9631105472973751	-1.1142961505117206
Br2298	0.0348837	-0.00320426	0.0015477	0.000887577	-0.00505166	7.7	0.1725595077075039	0.982823	1.0	0.0	1.0	0.09274026970023001	-0.5887701134342218	-0.7344983011368982	0.775002101249447	-0.9370617292596894	-0.13021745496985238	0.2917572354201691	-0.8415018147164485	1.0785920789321346	0.7753843424567367	0.6983018602014895	-1.7661279565440895	-0.8507471501823972	0.7733222035295333	1.3673506559349893	0.5730576094204906	0.7470541116903575	-1.4960774472930802	1.6288189439474348	2.4516535789914946	-0.5092911273851791	-0.6035221146908059	-1.7809022545359676	0.7800789723116119	-1.2944043294892114	0.36056831824185054	1.6098678266332414	0.12252506512780742	-0.8358624613189388	-0.26309465632948004
Br2346	-0.0130437	-0.00315863	-0.000837493	-0.00132913	0.000743703	9.0	0.1789147792417839	0.982776	1.0	0.0	1.0	-0.02505219004721562	-1.4939722106826905	-0.6559284254070384	0.6642096148187828	0.13570469447356676	-0.6713433171945656	1.0284803844304145	-0.449640625407813	-0.2453275286903315	-1.6689986342919598	0.6915658948977735	-0.8224741242404437	-2.0684290109210863	1.1894879359377288	-2.241664335983004	0.5418362488498946	-0.8001430670255026	-0.7071794116839629	0.34181038319851814	1.7338410388889078	-1.1939778516748092	-0.6379856363000014	0.23560709827056808	1.372889460134907	0.1819975704243427	-0.6823043722828607	0.03045848524610191	0.6327895502594145	-0.2455474344228743	-0.3579680379686551
Br2075	0.0370091	-0.00327828	0.00106384	-0.00117361	-0.00042652	9.2	0.1779362763015564	0.982644	1.0	0.0	1.0	-0.11778918825406264	-0.3326620186185669	0.23950176720479202	1.2091999991604185	-0.2196976321987579	-0.24613906278137143	0.1370551920897038	-0.42230134512845735	-0.2774378058159523	0.6523549218832219	1.0970878602899004	-1.325509679050221	-0.44984150046675914	-0.30757180402819556	-0.027801964341341447	0.7171173401676286	1.400112557412493	-0.020897030687570945	1.3850979664890968	0.5410785500079409	-0.37596096008722346	-0.6851420080256169	-0.9024349570530559	-0.13443626577121054	-0.8474981599486402	1.2493858718705964	-0.18260839557280364	0.005686714572877431	1.0977490223852682	-0.38775375503745013
Br2291	-0.0130472	-0.00430707	0.00168844	-0.00260003	-0.00042592	6.0	0.1988089708880886	0.982826	1.0	0.0	1.0	-0.04321181658543088	1.8474507576397667	0.7954218072943079	1.073997861694837	0.22946496770121116	0.8099444905725989	1.5003280993086325	-0.34281021873890977	-1.4132899013485016	-9.79195908139328e-05	1.66009062621644	-0.4190993915707569	-2.4838968528797274	1.7488615280052988	0.6996143916864066	0.16950636074515366	2.5051729660565987	1.1313090313876046	0.8078238103798185	1.6405335716355451	-0.8868333911598026	1.1653518713308426	-0.4118946797200282	-1.1295304069191456	-2.10141374624433	0.6444056340506075	-0.6898308531261743	0.2918936785696402	-0.7326363022144244	1.4947468176754188
Br2351	0.0241555	-0.00306471	0.000358734	-0.00190306	-0.00608372	8.5	0.1939377535453671	0.983589	1.0	0.0	1.0	0.6040437662486743	0.31613871233545815	-0.48251606369490474	1.3288474037866964	-0.5228803312222805	-0.43841635597181644	-0.1643602944634517	1.6513037837713997	0.7618196844851851	-2.1368946698239926	1.8678164771464922	2.533738074577768	1.2024408044036259	-1.573368860851454	1.1396441033934346	-0.7353423156818679	-2.1828790353554415	0.902840086358988	-0.956883116125815	0.551943078830546	-1.427863814515485	-0.3931446294328413	-1.0597961746289324	0.4061157986288961	1.7861771492316099	-0.03513961806905762	1.914118775885076	-0.2449508092063006	-1.7747395920108249	1.3226232068111072
Br2337	-0.0126097	-0.00430934	-0.000969218	-0.00120715	0.00181392	6.6	0.1923579260218971	0.98062	1.0	0.0	1.0	1.137561289676697	-0.6841357162682437	0.04250958379360493	-1.9234747528674885	-2.4164678932668697	0.621892424150111	-0.6345354353064261	0.7702398117261909	-0.4048720427440726	-1.2910498139355524	2.858219151221801	-0.4634929927752394	1.537973655551328	-0.6107698369138473	0.760167769267034	0.519873202433192	0.323930419767572	0.11896635664518128	-1.233490417960329	0.8062146684469238	-0.8322320409544333	-0.5327653416501356	-2.1629626343343173	0.4010190161288026	0.20084177614996102	0.28166022973174193	-0.8471065292078283	-0.9021507198453634	-1.7173358329833226	-0.08340226981100403
Br2313	0.0399162	-0.00486481	-0.00287692	0.00256174	-0.00506072	7.5	0.1467897395662462	0.978634	1.0	0.0	1.0	0.09285226941443708	-0.4358517495500363	-0.20712367903710102	1.5674403270241708	-1.390880989602525	2.2836943583907554	-0.45767840264692006	-1.0083559168624694	-0.08565555754485157	-0.7646539069230042	0.019185361761102138	-0.6195369352187777	-0.7998157107990627	0.718790444145415	-0.6577522471680399	-0.843718075055812	-0.4106516799770409	-0.4770495443212276	-0.6066285532775555	2.110633287575331	-0.49616797260200834	-0.554181746612731	-0.3315555166864429	-0.29269315221005404	0.43222637937152636	0.29463509878552246	0.5988390228044652	0.2472279640213202	-1.874614894026431	0.567727622696548
Br5314	-0.0125597	-0.00591028	-0.00621456	-0.00319664	-0.000592456	6.5	0.2095795169696058	0.979745	0.0	0.0	0.0	0.2713159576415681	-1.4464826172218135	0.4865638549724567	0.7707906650469921	0.770828789203655	0.3477485831798254	0.0038847484769218123	0.12585493504260553	0.12812743355668818	-0.19722240528867008	0.46779308414089876	-0.15237939195931272	0.046663906156878564	0.03283209888476329	0.7676543541158629	-1.25549363144232	1.0755521572717281	-0.1557010367356587	-0.018260425702931342	-0.12102356085432192	0.11313996156034505	0.10397431442461214	-0.44018296283862596	0.04028475331774497	-0.1653442181075532	0.6422988168024574	0.20570518489420736	0.028797514457681576	-0.15074453071368207	0.4481179485071445
Br2345	0.0368118	-0.00486406	0.000182447	-0.00224231	-0.00571062	7.6	0.1963597061406699	0.976977	1.0	0.0	1.0	0.45086564941591895	-0.26235526063035136	0.1107273754888288	-0.13326552355133753	-0.5184825913516863	-0.535687687347348	0.526383469109237	0.7031234045057495	-1.007929041605982	0.05547329715372046	1.9408062685515437	-0.09336687260835218	-0.5069380114039737	0.10535994015951172	-0.6528482596175377	0.7777709572617778	-0.41402515587606487	-0.280294567586019	-0.5447306759666923	0.21245430060105214	-0.5730287134026425	0.20550053724119027	-0.7269618303434461	0.32239160630988895	-1.1191921769106423	-1.6487151334119243	-0.19701825124955724	0.30891426219891316	-0.36714462346353727	0.10382432140649939
Br2421	-0.0132709	-0.00582549	-0.00742518	-0.00325501	0.00185068	8.3	0.2135807839043485	0.98162	1.0	0.0	1.0	0.18149127866798576	-0.1649133275186463	1.273732813834916	0.6249596799811241	-0.7840117015594665	0.09860403566827401	0.2168843766206193	-0.1385468464058281	0.832948742396465	-0.7383051686311903	1.022830191661093	0.00614801231466343	-2.599382610063488	0.48384994249187396	1.153584848646644	-0.8466941761507158	-1.4649837658919476	-2.5099150616599673	1.5599433786666077	-0.6286727292164441	0.8765376350115628	-0.5986910180381158	-1.1653514017670532	-0.43385066257693367	-0.11786295899920539	-0.17462351091377026	1.3106021832405634	-0.08436533730442224	0.5791017922580846	-0.5618503326715266
Br2348	0.0374798	-0.00452472	0.00192893	-0.00158951	-0.00640242	5.7	0.2521587037479976	0.976374	0.0	0.0	1.0	0.8122373113399729	-0.5040291046732325	0.09695766083204194	0.21063862101606742	0.6691527256761084	0.24695643996659863	0.3485697114193358	0.8821133290854059	-0.5054525367397856	0.8833265131610033	1.1946425436417065	-0.8958003443363027	-0.4400813345341348	-0.7441279997385338	0.46543805170803826	0.5139228733729028	1.1802082919157741	0.4890594699726759	0.5299802667142374	-0.41013533899315635	-0.9563266148015777	-1.08390495895616	0.17502908745788265	0.48315491958169193	0.4595319923318471	-0.8149569672718314	0.025993150813440075	0.1208427370924495	0.4071417224143003	-0.20089064702100437
Br2423	-0.0126036	-0.00582659	-0.00177626	-0.00387172	-0.00364309	8.6	0.1883440822063118	0.979505	1.0	0.0	1.0	0.15075336042934062	-1.521358518289224	-0.31763685116593837	0.21095229634683027	0.5188184234621707	0.15856674974024443	0.6507266255510129	-0.2830170286289201	-0.7462959998355692	-0.34305274103823086	1.0996812926126303	-1.028065715785238	-0.7297574901852832	-0.15639607059056998	-0.01680805174041995	-0.07611811415055944	1.0925753562917726	-1.2930187272654372	0.27664809919654076	-0.4060917267579562	0.12785670672215427	-0.28124051062254984	0.333508685722712	0.48343574015063856	-0.20069884915438477	-0.03472263729074357	-0.030154620339828107	0.26391939496816885	0.29007491488473336	0.06135209059985564
Br2052	-0.011846	-0.0033248	-0.000591619	-0.00347424	0.000532747	8.3	0.2071465581442761	0.980414	1.0	0.0	0.0	0.491996302561705	0.3372359184222945	-1.5663053316716513	1.4415000783410714	0.4334490768741659	-1.677299059188594	-0.3950301097039962	-0.15392800104314733	1.1232963367321631	-0.2379105537697169	1.0794249698825442	0.6428053566865979	0.530700686583964	0.5721780996849524	-0.5598875445806242	-0.6265224298905572	1.0403433172792462	-0.5644868031442918	0.21936763752114577	-0.7124002266753426	-0.5532765218009835	-0.06229812712869195	0.1456614090855934	-0.18504203614879175	-0.5620551740695277	0.3368159403969297	-0.38723368611190584	-0.5252458651891795	-1.4191003532227153	-0.00669883316107811
Br2371	-0.013308	-0.00442858	-0.00544518	0.00272262	0.00050545	7.1	0.1843486152221974	0.983684	1.0	0.0	0.0	0.3638212681414919	-0.23109067250718335	0.29918982978980263	1.5749617329975292	0.7708075763736087	0.040991614080999154	-1.0581974455540555	-0.44312528471791346	-1.084145076919401	0.33992295866104455	1.4838681870196304	0.5941419566766442	-0.53756242989732	-0.8855161611442478	-0.30447475058374024	-0.04401137183950947	-0.39658620619167745	-0.8377677914038375	0.7551281124069016	0.9961422574401697	-0.2310775579602425	-0.16384035569661973	0.17824365752762242	0.29096839185096635	-0.31297677519860045	0.9209598396052916	-1.109781432706027	-0.4787200260202197	-1.497174410328092	-0.8267882717741969
Br2304	0.0223907	0.0412623	-0.00100914	0.107969	-0.0117197	6.4	0.1868784008147567	0.978647	1.0	0.0	0.0	0.8296472476593107	-0.718436515756041	-1.220049039333679	0.46618842883814265	0.8567839864350627	-0.5552433681430048	-0.07064465520193171	0.3100747928505992	1.7952907345399716	0.012220740189772586	0.011453388565770342	-0.16337793200175696	-0.15134651447690997	0.5213212562364061	1.393855017301231	-0.487398562241058	-1.8812338836802327	-0.6503379699735911	-1.0302997348449416	0.1259637411348455	-0.5474663904180828	0.006097612534952412	-0.5566557607553181	0.5959092632138716	0.18800232630239794	0.45536280020787645	-1.2094598509437593	-1.260065456563752	-0.12621940390826017	0.2171713597203708
Br2453	0.0315062	-0.00397821	-0.0030724	0.000256367	-0.00744414	6.6	0.160311567156878	0.983221	0.0	0.0	0.0	0.666417577344957	0.7346235163845576	-0.21377790972889307	1.3475619390240912	-1.5297085990046846	0.7301621129875661	-0.0006973089330383592	-0.5177932404010607	-0.31721707261000365	0.409688531331748	0.7591534774639809	0.36226350328999346	0.3110131060823639	-0.8041017721018766	0.4225573322698429	0.5079776184388821	-0.6011933625992141	-0.09295177624004423	0.9882890221970246	2.9854034064380377	0.37907109160035923	1.1233864374710587	-0.7567764421804852	-0.11666301766894263	-0.6460072571649551	-0.516079791788616	0.6239103456388708	0.27154702569291994	-1.1912740782623943	0.2240422103539754
Br2295	0.0423244	-0.00595764	0.000551793	0.00106538	-0.00354221	7.2	0.1385607860876666	0.979254	0.0	0.0	1.0	-0.1053233841605299	-0.347403583078771	0.8852465654176487	-0.09020292062893345	0.17524978037635586	0.7409556074644454	-0.7361001100944026	0.12534875408090268	0.9416520400225936	-0.8209100216620112	2.409482492537226	-0.10301367626927825	0.6268026769847933	-1.0204635206999504	0.17674888696887026	-0.0938275969662663	-0.3917457881141672	-1.4502270488732376	0.45208803687108523	-0.48509067724265753	0.01544112162480173	-0.3398366657255369	-0.3741895466700161	0.22935790537607584	0.4846918214308614	-0.11198520203228479	-0.49845679823642525	-0.17526835125245263	-0.015343334775908308	-0.004757645833500561
Br2405	0.0321294	-0.00538944	0.000513456	-0.0046068	-0.012072	5.7	0.1237007119066366	0.979766	0.0	0.0	0.0	-0.1274657906391961	1.0375348077395614	0.31394161866442977	0.6134851687551818	0.2527889665469025	1.6016463086791757	-1.7227663902846269	-1.7063975758903525	-1.7268982645486783	0.8185056223209285	1.5774631516174797	-0.7223995456870639	-0.37298802556192173	-0.3966131343101619	-0.6526099202294129	0.854297467245001	-1.4312949491026792	-2.618742169250474	0.9900726771959925	0.5131438826632018	-0.42835493210267295	-0.3876839663754363	0.39088169068558576	0.5627354462501538	0.3441573076197688	-0.3272410475613959	-1.092577418783341	-2.039901679774036	-1.2631962846262603	-1.079784635416565
Br2039	-0.00987181	0.0119567	-0.000382217	-0.001727	-0.000993973	6.4	0.2067088390134469	0.978615	1.0	0.0	1.0	0.18549886469365767	-0.8586013786818846	0.5194121567082608	0.4798042470055783	0.08123554923180965	-1.268075344405538	1.1722685032835047	-0.6108053612025458	-0.28486262752714464	0.24222395259396495	0.805103621406222	-0.34344362372584014	-0.10233742067026062	-0.5253055345956177	-0.3470746106377975	-0.307565953818286	1.7718150103845371	-1.2967531927908724	0.05742941492428583	-0.13631552015158463	0.31889108876891115	-0.5810199900312472	-1.1399219706461894	0.0064310877498300525	-0.27819462549723567	0.20029185713284736	-0.15954620025310115	0.23821777583277332	-0.04595327787660061	-0.03026187050188324
Br2027	-0.0114228	-0.00387494	0.0154269	-0.00401597	-0.000358182	6.4	0.2069009922419606	0.979574	1.0	0.0	1.0	0.6462241312107885	-0.11585245842522789	0.0047212849005126125	0.6297679209002188	0.6958694262112065	0.008102380492627162	0.7914562037893463	0.6444242595715762	-0.6650569657808281	-0.18941573059872013	1.494735983483639	0.20103816876238925	-1.3977754122010724	-0.5220496442183246	0.6078553392406362	-0.5271191958429798	-0.025848802766964874	-0.46976107038587356	-0.04431797998974972	-0.030018920039686658	-0.18514047719520635	-0.5576233165087036	0.06721694122387119	0.20203695540042443	-1.1663315702990142	-0.30448674352457566	-0.5702677624144722	-0.43737078398240686	-0.41217999917077286	0.4064894770541176
Br2305	0.0365473	-0.00406341	-0.000216862	-0.00348269	-0.00296006	7.5	0.1512350265970051	0.98255	0.0	0.0	0.0	-0.3387415184347445	0.7394630100224703	-0.15996696141550842	0.7804885001207839	0.005452911568769788	-0.5660672691187293	0.6369522650430186	0.1473158949108864	0.39265949365611913	-0.11586869114330123	1.7487643284661545	0.9348702267342122	-0.02275694418380937	-0.6241804449122366	1.4435395583833097	-1.3338179771673844	-1.168223557583368	-1.0453721638859015	-0.8951898885866568	1.3856384515128108	-0.28814432818200175	0.25320887169028305	-1.4786692941974526	0.9760928790064582	-0.5465026510248556	-0.12489407298227584	0.9405762525378843	-0.06825963470595853	-0.3211760583672471	-0.4263280523741543
Br2001	-0.0129325	-0.00500163	0.000244952	-0.00322186	0.00121031	7.4	0.1570579485412937	0.98199	0.0	0.0	1.0	-0.8017034157998625	2.1391470442243614	2.595558787143434	0.717637836324884	-0.526765352341822	-0.09476376248726223	-0.39923489941938667	-0.9201463994869921	1.4418314951202507	-1.3699861994069553	2.4539737216117175	-2.1168945279602385	1.749207148970317	0.5256629475028198	0.06982578412899361	2.7729577901428684	0.8729729979537704	1.124268250062139	2.056903958306046	3.2446108744973285	1.128877765887373	0.6905436509364598	-0.3079821437890324	-2.038918477398593	-1.6723615025487761	-0.5824058411355508	-2.7951235017384826	-2.4614204392893213	-0.8909663546220354	1.3683448951721295
Br2322	-0.0133878	-0.00604258	-0.00860206	0.000307375	0.000862161	5.9	0.189859702963604	0.979521	1.0	0.0	0.0	0.6670608051091649	0.4710343309827408	-0.3168003898797395	-0.07756963339909617	0.8207887741676556	0.7757057395810031	0.34680337908178294	1.4169646418200246	0.31740764552295525	-0.909990219397228	0.7829775441067496	-0.5848599080295916	0.9342597825190447	-1.8968763423386508	-0.5997427392539745	-0.3449375751550285	-0.5742668967125556	-0.26822881581203784	0.2888048646751892	-0.5814784436850022	-0.20020655643315238	0.8772685142686686	0.07105574046481787	1.7283696468922383	-0.7334096137779078	-0.2506495252678394	0.4446300588938099	0.6313317402090785	0.16124680090745766	-0.557303281842609
Br2287	0.0386796	-0.00284715	0.00466985	0.000475005	0.00326126	7.6	0.1483934138131239	0.978432	0.0	0.0	0.0	-1.1430069162962078	2.3047042456403117	1.898851284490148	1.112537413976013	0.21071956719992868	0.6734202615574602	1.3351109950258542	-0.9828753442896557	-1.1140667337511294	-0.25570869134125923	1.477325828866728	-1.0253729547927746	0.024773546752864396	0.9826056041684971	-0.6913210321039162	0.34792188940602886	2.3157863191566106	-0.8923957221510832	0.3251051673496408	0.17613983627218047	0.9474282184159137	1.2339300314362884	-0.18296994049575005	-0.36089137061428095	0.3538651876347009	-0.5280648612312502	-0.7571823851130226	-0.7377871143092886	-1.064525480729399	-1.1295660059360706
Br2377	0.0299413	-0.00481274	-0.000428247	0.00185101	-0.00709862	7.8	0.1575888219318004	0.981038	0.0	0.0	0.0	-0.40373870014077556	4.6708228237300595	-0.14133479262027718	0.20836903349348745	0.721347286371325	0.5819737333443983	0.05166188886661493	-0.27178017585811126	1.5787039196237331	-2.9168539017352324	0.9098872427856558	-1.2475112654564404	-0.03964890682778823	1.406185116447982	0.843248709732248	-0.8607282430006689	0.9445318851932208	-5.233482408923884	-2.207586830270701	0.1601614125698366	-1.6205686554025387	2.8726933770593406	3.542189775955409	-1.64166691080127	3.4451162863541103	-2.6242383082969276	-1.067313664214625	1.272385080685392	6.040123070837854	2.032609057518314
Br2454	-0.0126805	-0.00514437	-0.00444094	0.00154029	0.0023857	7.6	0.2068671223919977	0.983465	0.0	0.0	0.0	0.31103449746196515	1.7744161293802234	-0.09863095972188485	0.7925364433459917	0.8812635191825883	-0.10957192122609274	-0.16553455005770198	-0.8931791119895033	0.6850016955765383	-0.28577146483474747	0.6408694478820075	0.027870045887710488	0.1856583404029676	-1.588727734639377	0.23530700818785216	-0.3456543352191928	-0.585663291632867	-1.3598459038548716	-0.9907615802511712	0.5404938814219901	-0.5743668846346562	-0.023892925581669	-0.38883857893754603	0.6915114248986469	0.15796257708707398	-1.1713819397029053	0.9819315272020657	0.22863031495931194	-1.184566409815265	0.8770285234086119
Br2425	-0.0131078	-0.00449893	-0.00651456	-0.00267283	6.29249e-05	6.9	0.1863788636167561	0.980874	1.0	0.0	0.0	-0.17386314193384506	-0.5095992081416784	0.025401957241575537	0.18313469872334803	0.1607751753851284	-0.60769751291207	0.3635473727214246	-1.1616301752658984	0.32606266052941657	-0.3720138835751496	-0.22929162573246473	-1.5503196019988519	-0.7064580706126498	-0.6996391097309758	-1.0587251360594183	-0.6286410323361719	-0.02628762257321207	-1.1597941156135074	0.06616425945417109	1.1138468615977717	-0.1004587556132047	-0.45410246733354787	0.23187236212468187	0.2636934053954676	-0.6006549647982952	-0.5059953237470418	-0.011658480430613924	0.41152042744265765	0.5039893093713566	-0.6806143052319901
Br1420	0.0258478	-0.0044419	-0.00213888	0.00290169	0.00448812	5.3	0.1971191546926092	0.979585	0.0	0.0	1.0	0.2364272624037087	0.8192249711041176	-2.82590844844031	-1.0879164679433375	-0.35460520253936156	-1.9243408121287184	0.607689226228215	-1.6057078921758243	1.2170393624537517	-0.7091842301365296	1.4230963166790724	0.13102718358466206	-0.02135913684909803	0.8091393090280847	0.15939707105668285	0.6813343211071065	1.2155726682725796	-0.27796844202766285	-0.007514353792339243	-0.9511891337522954	-0.7499264483169829	0.6133631015677733	0.5374505799330219	0.007781663693707922	1.493021883308064	1.2613602511709259	-0.4220254062213606	0.14260244953198414	0.18798648999567208	-0.6903932582453595
Br1135	0.0318012	-0.00394035	0.000510869	-0.000736157	0.00253262	7.6	0.1604971775324089	0.979351	1.0	0.0	0.0	-0.4536078475824991	-1.1111871966358313	0.1922682054461575	1.0686720579162015	0.6769928299418535	0.548833295490455	0.3501939082458272	-0.43695522830518674	0.37518082324367236	-0.14847842553565435	0.9181902536602161	-0.2621086559921901	-0.8675244039436226	-0.3152540120611618	-0.651930030837553	1.3700565363335446	-0.27216974671734195	-1.0644750847840023	-0.01161509248172289	-0.23819920837508063	0.42230501783780244	-0.37134768202674534	-0.2587274631234083	0.9568326245760168	0.3240360160805552	0.1609296907838423	-0.23839011726042128	0.35106872007714307	-0.6172261226133895	0.039675498114569545
Br2474	-0.0109551	-0.00262049	0.011677	-0.00371312	-0.00122991	5.8	0.2050439650181716	0.978408	1.0	0.0	0.0	0.6830103049012357	-0.5655724097358809	1.5222850997363142	-1.4254470528937504	-1.2230042721681267	-0.1375129294609623	-1.147092912323997	0.5866955235442176	1.6451597495141248	-1.2899688083943743	2.285005837169173	0.015995307482277583	1.2021448130644954	-0.20897931473571452	0.2731000189000511	-1.4916751263273786	-0.16255779669995177	-0.45733253858885076	-0.10577202764804214	-0.3312828283210273	-0.5885049146574125	-0.6498157371816284	-1.5767846847030147	-0.2316276983271019	0.6044779134306585	-0.5049332042136107	-1.2446662135877722	-0.9674622753597918	0.008626349192960407	-0.44102967560168166
Br2513	0.0435505	-0.00479018	0.000795229	-0.00266314	-0.0051812	7.4	0.1539436228103628	0.978525	1.0	0.0	0.0	-0.900998759500352	1.610510489050512	-2.335391604586844	-0.21889276590315718	-1.3741365385802327	1.6095856318223614	1.4144099427212484	-0.07320961402463118	-1.2288813636115314	-0.36438254888353044	2.0721342802103684	1.0297389083374053	0.48440124975560384	-1.3974527694564356	2.2057798570903624	-0.6756280910866042	-1.8226194139059277	1.709307678642957	-2.6173592582064953	-1.0014722935713838	0.750451377581792	-0.6258605545995163	0.7557411667591689	0.18934309037923328	0.4323390769054162	-0.5787973197842083	0.8180929261707903	-0.1696697181176991	-2.1078155175582007	-0.3147246068204725
Br2521	-0.0129704	-0.00610802	-0.00220176	-0.00038085	-7.08016e-07	7.2	0.1752105253374577	0.980491	1.0	0.0	0.0	-0.3487521593316058	0.23017008421245913	-0.02842217587180648	-0.28804270862481485	-1.4511997602822007	0.9537129295341574	0.2506659453404764	-0.11700553840892049	-0.03938278812541029	-0.4201437412801687	1.8210822911458318	0.3631341981082473	0.7289620765775973	-1.213856075174549	1.291398108371724	-1.9969339347233395	-0.2141694061325591	-0.6227617788234479	-0.8245839023549033	-0.28310550946870977	-0.04463222536923297	0.4342309239999893	-0.9314733522282165	-0.10384180204128553	-0.6441791537709253	0.0030301282135786222	0.5955060753769603	0.1256063776452177	0.4425969560729805	0.1299981549631478
Br2539	0.0272686	-0.00449083	-0.00421932	0.00113811	-0.00188241	6.5	0.151133959801453	0.973626	1.0	0.0	0.0	-1.095285580906294	-0.1898964175240331	0.17901071071225189	2.001643077306146	-1.1531242268425703	1.4386129412118853	0.27356554931023214	-2.0400618186035797	1.0612791169306328	-0.06357990889365371	-1.408888286796859	-2.3270299482080796	-1.362526317970129	1.0785908734453125	-1.0797276304952135	-1.3753448494288265	-0.40155365174023405	-0.44107264197135043	-0.3783805529471815	0.8611646843748437	0.17075643210147795	-1.0684118101196698	-1.2483634696341976	0.011344518699893412	0.419586889271344	-0.4513328495770828	0.8122181846514251	-0.07812847315208422	0.8003191844347449	0.8949960979955346
Br2542	-0.0131844	-0.00477325	-0.00353449	-0.00290772	0.00238068	7.5	0.1651517488143674	0.980681	1.0	0.0	0.0	-0.49308469954493417	-0.016120123280259534	-1.4458845339448978	0.45733463287380005	1.2271984794753255	-0.9937401664260912	-0.0675738063051001	-0.9981774584602995	0.06036444486451067	0.9390987657329666	0.9583917765487889	-0.7342947024939099	1.030008987525686	0.333207600558819	0.8956303022199876	-0.8093669989913947	1.0879382895555763	-0.03912516646359506	-0.35281744035425067	1.2066132467694646	-0.2608295383683672	-0.2881928235242751	-0.1149552907061888	-0.11569166927974225	0.8102275395526312	0.626647289736969	-0.5376108714420312	-0.16920565140756616	-0.9400994188119112	-0.6749458256726586
Br2543	0.0291472	-0.000707085	-0.00465852	-0.00500536	-0.00185862	7.6	0.2002911926606028	0.977179	1.0	0.0	0.0	-0.2073112691251106	-0.058681948966946056	0.7886212593027917	0.4316880590740447	-1.203690350530502	-0.44526330903385286	0.1664819053771246	-1.6252675456437633	0.8670529509166564	0.9107109877857686	-0.5448280551876582	-1.719366147570821	0.18821914128903613	0.3074086170703046	-0.07460189102632829	0.24255784094173974	0.004174143185038539	0.38305605260913955	0.9763511455762522	-0.649022919674545	-0.12209295771772634	-0.26329853395743774	-0.8367342141057762	-0.2191259615689555	0.0362803960618621	-0.2598347394927042	0.9670883489083623	0.45697218555430363	0.8286145075003901	-0.3812176543184091
Br2557	-0.0108543	-0.00420145	-0.00638179	-0.0011483	0.00586248	5.9	0.2003449057517604	0.977905	1.0	0.0	0.0	-0.36897046830497615	-0.5404281648045463	0.29586061390446644	0.6896901112191477	0.13007478726870564	0.19319342009115012	0.5975471064711633	-0.6575280865784857	0.05443327317858958	0.44934441425987753	0.49036904094934564	-0.1317297746485669	-0.9374577963745856	0.4436160597880556	0.1900931839721307	-0.748570631978399	-0.09567340779298794	-0.5203484110342138	-0.5374955010742996	-0.37673509382117976	-0.6501573483954011	1.3473895766861466	-0.1495718445760191	0.8617624040411411	-0.5491146825939028	0.41997513962201644	0.20823966343871544	0.47501731824473953	0.24964621562500347	0.45737191780246655
Br2573	-0.0125175	-0.00182095	-0.00159215	-0.00555205	0.00395238	7.5	0.1624578644179032	0.976283	1.0	0.0	0.0	-0.6258206195524217	-0.6804625334551168	0.7859679570296414	0.3203331526516427	-1.1810583991771992	0.3418101187736292	-0.540200013367376	-1.8385787942581042	1.8772631328796296	0.6169058274214444	0.22380100501377698	-1.5919332441947431	0.5703927891174939	0.573384593380432	0.22698099590846116	0.542553047079963	0.6931430258819625	0.6092900281518253	-0.8085378436411582	0.07501470995194766	-0.45373428447458874	0.3552152692996934	0.8282746649933114	0.007258963298057389	0.2018600738574965	0.3158428751319187	-0.5667350654634558	0.2160086343206907	0.20581711382570517	-0.867913844668939
Br5276	-0.0127244	-0.00504547	-0.00844834	-0.00343173	0.00452554	5.6	0.259334048106153	0.976247	1.0	0.0	0.0	0.31862400351280273	-0.7968618296418679	0.25668182875300743	1.2382302360664463	0.7560915250112609	1.2259848589841444	0.42346903390342594	1.3030783585164634	0.2757872582855823	-0.28598457679641265	-0.49251098329275794	-0.8262749797763792	-0.8154470637011751	0.032478933921445616	1.0418367467260083	-1.7704029341622063	1.2021483604694767	-0.4143144519730886	0.5600115547611983	-1.6656338189056958	-1.3750789120432114	-0.08095421907412115	0.5771634016900324	0.3730189664413758	0.18973368994003315	-0.07982353259048725	0.4978759964274663	0.582496615323245	0.6952398408690366	-0.3730560896418218
Br5280	-0.0132402	-0.00419951	-0.00325825	-0.000231156	0.0041715	7.8	0.2052650676919883	0.977203	0.0	0.0	0.0	-0.5196409506665091	0.028972479617061175	-0.45205481882680354	-0.2535794296158428	0.35215777449178354	-1.0646928587478697	0.5656666015170074	-0.75267066711529	-0.48272287632148786	0.5927931767655679	1.4853246345157816	-0.25137739642853557	0.590722733555807	-0.7327792275882037	0.565933307675364	-0.5563569188047347	0.4055196763724863	-0.02994077715952067	-1.4727845810106428	-0.09402432269963795	-0.3821275956308539	-0.5338653263221738	-0.2887733089569223	0.30400338356212514	0.1617181169785013	-0.4977036774035345	0.8901532523195348	0.5391214731568249	0.5121167183218683	-0.6025368006396602
Br5330	0.0320796	-0.0028907	0.00345106	0.000552257	-0.00156795	6.7	0.1811869254292935	0.973086	1.0	0.0	0.0	-0.2874568654759301	-1.4904026404544173	-0.15976914719862964	-0.4583380368961059	0.8534775401951759	-0.6459963453043516	0.4904018037761529	0.2541351275523297	0.43349650787856947	-0.4759940577517132	1.1574216056739421	-0.5772288479908945	-0.3110743674193284	-0.11734391317130653	0.7028023374058008	-1.0471940431655373	0.5516814798487562	-0.14472655982965832	-1.0188139159323137	-0.364929830217997	0.6990338685563078	0.007230882590086754	-0.6396403538048516	-0.09539623854469945	0.2566529486829678	-0.34401832127585424	-0.6894383655844647	1.2289500814165832	0.505604511444601	0.20700081645104093
Br5348	-0.0123667	-0.00601314	0.000672574	-0.00588324	0.00106393	7.3	0.1652466463780806	0.972917	1.0	0.0	0.0	-1.1677947969638143	-1.5535860838564706	-0.1997349775229586	0.8575611455838376	1.151835480019819	-0.5243384092315313	0.01738738942171226	-0.8908732136171698	-0.49792378039195095	0.4285391738181175	0.45378470022934464	-1.4200721203837021	0.46141237306436883	-0.9183097717106321	-0.528489173139624	-0.7273339373421845	1.8950550260815797	-0.9086699963933662	-0.846332950498394	-0.04853932495333946	0.6978511716490438	0.583143759039213	-0.2805302328738915	0.017052809745234605	-0.1250173770746731	0.7978072608310716	0.5213748480649759	1.2389484967500535	0.008496994522892374	-0.4013143206952544
Br1148	0.0402347	-0.00546797	-0.000585708	-0.00185963	-0.0111024	8.0	0.2686543597613632	0.953793	1.0	0.0	0.0	1.2166543926250446	4.016238046118405	3.3565452518278924	1.1777948763335233	-1.7549769008506013	-1.7473386340384593	-1.0919966921127289	0.37644024562487455	-1.9124988315875335	-1.3133670534062034	-0.2723114002645626	1.5029542760926764	0.4273699797002868	2.1768310435210463	2.342024933249219	-2.518745261863559	3.357241224851133	-1.4804638756222617	0.4682950284232923	2.544264143655113	3.755698615108187	-5.61235661518873	3.8061420467349945	10.649345815684297	2.7304331425272848	3.916391496569869	-3.0048169714022928	0.594267774092081	1.9751333813459253	0.5433544768553313
Br1204	-0.0127873	-0.00544049	0.000334529	-0.00426978	-2.19058e-06	7.8	0.2855533319744672	0.950542	1.0	0.0	0.0	1.0562103669655571	0.8460525979520624	0.6654892733146195	-0.10179769330653553	-1.0059744648762299	-1.5767298785292978	-0.004512664180132083	-0.8056580373189391	-1.9426764138434467	-2.2223019533334774	0.9993224995947736	-0.6201109836068497	-1.6932273413412726	-0.35527956516659137	1.3341966162071648	-0.5541910524856538	0.5462671022563509	1.330442082212922	-0.7083779780232289	0.031380171516251526	1.3029257973782178	1.5779525755097303	2.2865915220963213	-1.2608607282602409	-0.7887904032654005	-0.00350184494525575	0.6956238602099191	-0.6237764210329939	0.06416694363588789	1.1109425959083268
Br1384	-0.00918921	0.00154932	0.0345841	-0.00360804	-0.0127049	7.9	0.276276870245932	0.957267	1.0	0.0	0.0	1.3735435623932646	-1.0939912435364056	0.4319037086308612	0.2670264265038484	0.15312648760461023	-2.1825980086199306	-0.4374520051891197	0.6163165446784423	-0.641799500695771	-2.296433289434105	-1.2654065568287187	-1.4577074542263373	-1.634447938108161	-1.7192532004492402	-0.18930793532911133	-0.29791868606599975	-1.8452831823845166	-0.15538281297500448	-1.1373592711499474	1.5835194027692425	0.9271455717231979	0.13555828042641288	1.0757464113260553	0.35577514349182093	0.541579994642199	0.05705583778316212	1.1613477600119324	-0.4546169357853047	-1.095871684371837	0.26960681380209356
Br1408	0.0321574	-0.00595137	-0.00153124	-0.00546977	-0.00808738	8.6	0.2601202520707567	0.948851	1.0	0.0	0.0	0.8710631542130982	0.09324973464287739	-0.058300121561935994	-0.9682487135033944	-0.7895924558711709	-2.7679749287199704	-0.8878947509518689	0.05084227000630467	-0.3536499607762561	-1.0744882125998991	0.5324245514445357	-1.2727411410918914	-0.3456076195200286	-0.6806155147260413	0.8321711347294634	-0.2545164468215309	-1.3756805930110014	-0.909774225963103	-0.11538270017374612	1.7442695905374284	0.03121347759008318	0.01680629074252712	1.4240077012645616	-0.5155423131774801	-0.9595744626528999	0.8965347766093152	1.8547418700546014	-0.592339199119331	0.1292400935344317	-0.7096426089981099
Br1436	-0.00976158	0.0163599	0.00640017	0.042575	-0.00169148	8.7	0.2397956623016118	0.967816	1.0	0.0	1.0	-0.44762554641468355	0.8869085195360897	0.46994869248634963	-2.264185613676704	-1.553498405117749	-1.7468218617585163	1.4723288604232376	0.3890135295760861	-1.1897384477602115	-2.8375664160091314	-1.1374989340470234	-1.0750663190739858	-1.7716789375002995	-0.940390978052591	-1.0086118896024876	-1.0232872083668214	1.172696180761515	-0.206783895091035	0.12692538394909997	0.6605410233409624	-0.44997694497304463	0.4835731571778538	1.70987115011716	-0.6616092089373313	-0.6665553317658456	-1.6225521910731957	0.37267005004968834	-0.30834546858206124	-0.14576907974755882	0.515622189657385
Br1469	-0.0128126	-0.00471443	-0.00780608	-0.00146483	0.00024293	6.9	0.1867679332205076	0.980468	1.0	0.0	0.0	0.5241072143368473	-0.3819449302659528	0.2600476803307819	0.1949425473367345	-3.0170567330082907	-0.9384582472882612	-0.4611986750516288	-1.145754907822133	-0.24995103329919494	-0.7714044757362287	-0.39746861858472093	1.0563347753669532	0.9760498201460022	0.46079193265019447	0.5560774792037663	-0.06340265950829523	-1.0411540113213276	0.824074512537194	-0.3024676576155873	0.9381597995799741	0.7074743546992608	0.21035264730022302	2.329795317838777	-1.0488588303088417	-0.9730979551407332	0.655217168733597	0.9424451876581438	-0.14656404735111375	-0.6734733959449863	0.1239467967684858
Br1365	-0.0125165	-0.00576584	-0.00971962	0.00171045	0.00330799	5.9	0.3492660588359869	0.971829	0.0	0.0	0.0	1.12698740678994	-1.5905241677302546	-1.1438783656074947	0.48724427457851316	-0.47428289753831937	-0.8242984201141808	-1.2235208358566947	2.3441665226746515	-1.0596113052383291	-1.7070755485160098	-1.8135501879678684	-2.3758785958077504	-0.3637286334544617	-0.04655070519592117	0.48284862554417995	0.6076272743628001	0.8729729838988276	2.0198110663721565	2.506013791629393	2.726439530327428	-3.811297294167111	-1.0082224465324876	0.8292452026147397	-0.4926674472469606	0.7601136113549292	-0.768805661922565	0.6706767369102938	-1.7789364654672148	-1.5590643127690202	-1.813201515908666
Br1017	0.0410942	-0.0043512	0.00196209	-0.00616857	-0.00354058	6.6	0.2041578728861638	0.969528	0.0	0.0	0.0	0.15971207822165065	-0.1105856206920333	0.01776253235901492	-1.3078230698936728	-2.0837953064157477	1.4780305326755292	-0.8910088074425561	2.0659921195716606	-0.31624673353303984	-0.36935502864157205	-0.3619817560590887	-1.8150084741761028	-1.9836256002600579	1.589368346835729	2.1835878168180476	1.3250813552634797	-1.2866867979283048	3.065610153069387	-0.9637989531121346	3.130775441021868	-0.9516285156914732	0.2655380313029486	2.5202169238671224	-0.07236391583240327	-1.062118584305764	2.233072225988362	0.22465123522988986	-1.8144395480974682	-1.1119317919401868	-0.18770521330730905
Br1528	0.0229526	-0.00569957	-0.00104282	-0.000143299	-0.000183598	6.4	0.2443881041978857	0.972996	0.0	0.0	1.0	2.2884853751532566	-0.6952807952805956	-2.1332037099457684	-1.4798942579484473	-2.285894014868741	-1.5725215429643422	-1.6905787108165424	1.7299822055704477	-0.6518756405190562	-3.3935562861725774	-0.4193462634284975	-1.3478771084593835	0.11764782740726328	-0.6929723475995646	0.7613228271333199	0.673224653857466	-0.5292472054868295	0.9793180967846831	2.0166755004976813	-0.2285318803044812	1.8623224251688328	-1.0494610832627282	1.1670361165633474	-2.4322243454531156	-1.2292801615074198	0.6099090309830398	1.2386574436158817	1.1461497175383932	0.956470194442708	-1.3238906620182953
Br1587	-0.012594	-0.00478335	-0.0063088	-0.000738503	0.0031466	5.0	0.3900884681930046	0.95563	0.0	0.0	0.0	1.8213940391476904	-0.3049431419306948	0.6349185324757833	-0.27486428665140084	-0.4164880672711303	0.23332560126527926	-0.5377963564640129	2.248749686482055	0.020704994191792937	-2.482117540357587	0.10769464901350517	-1.0283646502020785	-0.6685388144670437	0.028077679719820815	0.2675885648454002	1.6826557630197225	1.496959192858971	2.49833385527846	-0.2679411207678596	-0.060942285747770004	-0.6933254762966153	1.5203163400745252	0.7701391204179252	0.13313900263297518	2.6852603393368053	-1.4155883991968037	2.745100735988098	1.6238213868156288	-0.1323398572483657	1.1566056115002976
Br1493	-0.0129258	-0.00460263	-0.00985381	-0.000208469	-0.000441217	5.1	0.2649209469218292	0.962452	0.0	0.0	0.0	1.8177100960383572	-1.9765747761217278	-0.3850305991912409	-1.5486019589307536	-1.3893156981483867	-0.9869894715615493	-0.8897250780499784	1.004585982833487	-0.8301183189544195	-2.5630082416399174	-0.7862617684683221	-1.0199565208180783	-0.7421667552505748	0.5540620295286777	-0.49307708690093743	-0.18713926463793248	0.08067471106008518	0.22156465309064483	-0.4505561338018283	-1.0964473482553807	0.10925735562228474	-1.0756771313631655	0.24205114296833832	-0.05894353012635189	0.2577917400556455	-1.3485504058969975	1.831981546829174	-0.04648041361663429	0.10255655224652463	-0.5127496469893271
Br1883	0.034981	-0.00256097	-0.00103496	0.00348851	0.00038091	7.3	0.1912740676947815	0.969433	1.0	0.0	0.0	0.6029506547902825	-0.45085429059084864	0.9048038580909488	-2.0774642900572236	-0.35707828089333715	-0.7106268848541469	0.04273904717532228	0.2524164066022863	-0.7331734150485802	-0.9958685351064358	0.29877395816806757	0.7418698446263472	0.39281783802565784	-0.036113835403837474	-0.6557779079125116	1.8866263152732912	-1.3241018112081553	-1.1493665744160375	0.37094815745675863	2.7524962822378876	0.979259557919632	-0.5539650128043361	-0.1467970688843167	-0.3374618925106319	-1.1651833996434022	-0.7653088583091748	-0.3970249852567533	-0.6556008680762655	0.31670473364019147	-0.5120928767480669
Br1890	-0.0114454	-0.00396775	0.00868489	-0.00183009	-0.00684947	7.8	0.2970426000954813	0.957856	1.0	0.0	0.0	1.257748205099818	2.130696445680125	0.24751766859940721	-0.24410141053640813	-0.0822323802521971	-2.04265438277152	-1.5070016671143351	0.5123628267567083	1.1568408731460933	-3.200854794964657	0.14369405515294328	-0.7571121043755439	0.5706819580907919	0.28396803554730227	-0.32342727045176384	-0.1258570607218265	1.3407995253532612	-2.378583804541042	-0.002633720803871289	-0.35845720716133905	3.0877961894552874	2.2796512789632177	1.9174934820745435	-0.733529802986166	-2.9919220791283827	-0.028284471626056178	0.9075094689787572	0.19063704092701017	-2.0166658389322234	-1.2297013754647137
Br1905	0.0277074	-0.00375138	-0.0013103	0.00196198	-0.00352803	8.3	0.2040272347649814	0.966707	1.0	0.0	0.0	-0.30529970696063885	-0.4793992287903135	0.4436968630555031	-1.2345392422419614	-1.6592043139285786	-1.9493117385291454	-1.5602872873183342	0.7568657380852984	-0.2911577766047016	-3.1474941671227765	1.5851721042978997	0.11391873569619972	0.08768912533411198	-2.0163423298804624	0.8152056580312932	-0.1443382548472458	-1.459482979682157	0.4253411255521899	-0.8402338706701803	0.9716072259948096	1.1389678122835867	-0.4212451115742116	0.7554826013208873	-0.0701590190094291	-0.041469406769236	0.5375833305983717	1.3672587694996536	0.5485458100376484	1.1113856219035534	-0.3241516381530747
Br1225	-0.00933303	-9.89944e-05	0.0504355	-0.00312706	-0.0271503	7.7	0.2064576751349954	0.971524	1.0	0.0	0.0	-0.4731096563580781	-0.6096748647874508	-1.2622077280845565	2.5016748585957282	-0.06801521467508241	-0.6236322098864358	1.2314095169437782	0.23661339712928342	0.4525954003340867	-1.0954887451565587	-1.5612083646175627	1.1068759189003898	0.46389672732140297	-0.23823647111276838	-0.32780091357700636	-0.864158771651391	1.1030296473803989	0.21741626457403038	-0.20588751283029624	0.43936577680058003	-0.11186256623816099	-0.39379204723216876	-0.22383015918417976	-0.7549257545381284	-0.06690536876415011	-0.2160167234179367	0.5572224921578078	-0.5651615564298464	0.3758766926563415	0.22324097942191792
Br1235	0.0322049	-0.00293504	-0.00523802	-0.00790448	-0.0168862	8.0	0.1960041573169095	0.956121	0.0	0.0	1.0	0.7448741851188782	-0.04000246507847979	0.6419788515693837	0.5653090339055472	-0.1360253558034209	0.20996252038623925	-1.6086557525874143	-1.1482577395023155	-0.6813394500881411	1.657275166404081	0.5084338515173457	-0.610712039145956	0.6348151205566739	-0.2674164266017699	0.3899374200961758	0.0027521761204527613	-0.15173668953435435	-0.9668494340188262	0.3475924394869324	0.4827341263603855	-0.3752875614270824	0.17207072549679092	1.033035921972637	-0.12268750620250674	0.8050024803723739	-0.43710602859101905	0.40758582724901554	-0.5614446724773026	-0.9062518859027706	-0.605709555757165
Br1243	-0.00267739	0.0507765	0.010697	-0.0137335	-0.000288973	8.1	0.2044376543968802	0.974404	1.0	0.0	0.0	0.8849422166409281	0.17014159236412943	0.24244480086476244	-0.35826573796675815	1.4484041058942267	1.4193636089285717	0.6060598368012676	0.8051336301168843	0.24034226460513514	-0.37577926188414523	0.679124658418535	1.4324889527707747	0.685487119130036	-0.7057830254846872	-0.9492175198253658	-0.1546101210279648	0.4550290850434024	0.6489017816209792	-0.4160487697496158	0.45509941340672233	0.36896633953935115	-1.9859328842421946	1.6720270242274438	0.014383648967527073	-0.3024888094387362	-0.9315263045121862	1.71521963469371	-0.6413076565200567	0.2364086745567088	-1.3316577325402006
Br1263	0.038801	-0.0057682	-0.00149775	8.61521e-05	-0.00683322	8.0	0.1875160122012223	0.971259	0.0	0.0	0.0	-0.6151145300341013	0.4684459170949094	-0.29978416081586406	-0.9712834955627926	0.24163830792895136	0.36405460119412997	-1.2594147124457018	0.447529330681938	0.18363671758360758	0.9153168031999854	-1.8408032898050157	-0.18350310035365247	-0.8262304087949722	0.19582511561674198	-2.4731923058914016	-0.9191140243218064	0.36194004468111773	-1.092635555737794	-0.7547621295553758	0.9337430859494761	0.49321125291223106	-0.8879685469987959	-1.226342146422933	-0.2942379680934658	-0.7205692765501024	-1.4313496429218493	-0.3944315763274127	0.7689825629396881	-0.8005728228771962	0.3348491491454669
Br1265	0.0399431	-0.00290966	-0.00286284	0.00554977	-0.0061491	7.0	0.1962083627866066	0.962376	1.0	0.0	1.0	0.5583123029788675	-0.5055377815498231	-0.6501875453423511	-0.7046588391401113	1.2881866899699335	1.6522950396128226	1.2293592597921632	0.34889202477048487	0.2606609251550335	0.9037854786285929	1.816625839036566	1.5698681675908963	1.4468667798709383	-0.9199621560452502	-1.963622955576617	-0.7849426156169301	1.6510509980629133	1.2188461574457745	0.022913235670050065	-0.1359271169443638	1.6283281307587572	-1.8244534831574493	0.9771799309348294	-0.19018218626204406	0.22950806232996496	-2.189479345802732	1.0934687956326197	0.2065606461053556	0.43015239219019374	-1.1225063586859085
Br1276	0.0293797	-0.00196152	-0.000695546	0.00656966	-0.0097603	5.9	0.1484657539044266	0.975404	1.0	0.0	0.0	0.22431543450869693	0.34287042194395373	0.8042346957031888	-2.611754167907066	-0.23107084476838832	-0.7726920519999786	0.7742531930505836	-2.4725614407414263	-1.05973887024964	0.6028496739237159	-0.3177185509273998	1.5182772212606843	2.209832979899244	-0.28296821226924956	-0.4017405246382609	-0.2647442556434168	-0.9137800084876891	0.29721693973604657	0.6177004475040384	-0.17370783206735907	-0.1212651126264152	1.771762749040982	0.26517796563927365	-0.04133056054395824	0.6831123460946139	0.7840929839300852	1.2579163747168791	0.26477335270041563	0.1916145048460826	-0.8473023186254192
Br1279	-0.0124362	-0.0029589	-0.00676985	-0.0016701	0.00231811	8.4	0.1837362114071409	0.968844	1.0	0.0	0.0	0.33097541055846846	0.3851804152498984	-1.922536584694596	-0.5324449420916293	0.6380557373773359	0.23275274547305358	0.11922019174990908	-0.5179347001551163	0.3097909073223942	1.012257175514607	-1.3045470647970292	1.5147767149788753	0.1848325511155897	1.0710187195751202	0.6239239863067165	1.1969658483739862	0.6573353308078613	-0.3773111094574642	0.8897927548067757	1.5993487565548652	0.6978750392863482	-0.5377873816509562	-0.09979963139405153	-0.5081488243446262	0.43766113777665006	-0.14876645071386504	0.7302978922131944	0.27755653385988	-0.5219249805526195	-0.3007424418745751
Br1281	0.0274893	-0.00444846	-0.00523461	-0.00328414	-0.00364899	8.8	0.1707268674692379	0.973636	1.0	0.0	0.0	0.10136205621473568	-1.31098612997156	-0.9833475489248652	-1.6137442050571449	1.130822360995593	0.08224803974752438	0.4806064256301332	-0.4658014780223603	-0.8001010630781271	-0.6497693409745425	-0.8411315941872407	-0.07685663137805725	0.18570170882982082	0.25259830776735087	-0.7346091056804563	-0.14776613751334503	1.1343833224047262	0.3412113315494611	-0.1437437958636981	0.5482497276112268	-0.36126962441617644	-0.032214858335351766	0.1803147616369382	0.5130900618922116	0.19596811068073614	-1.0384097997331847	0.34989637938664014	0.9315574609366257	-0.5708198130474277	0.34203471417677817
Br1320	0.0375983	-0.00521579	-0.00194832	-0.004587	-0.00336603	7.2	0.1552383071477073	0.981459	1.0	0.0	1.0	0.31195747923188405	-0.4920019364460491	-0.7498805969334933	0.8499608002199734	-0.09328755100457957	-0.7150777113414694	0.01671872928740908	0.09544156402788506	-0.039407205282999666	-0.2827005566779103	0.7617108075278017	1.1842118720907975	0.1106324810113348	0.08328631013990585	0.08043519439890272	0.5923297998089067	-0.09530990762706168	0.6006461530436896	-0.39041881447237076	0.16901362001493553	0.6540296541187953	-0.4391066754855719	0.9923425430333063	0.36115692354628853	0.6463950638477359	-0.5911348212840629	0.169835184858714	0.25097822169704403	-0.4432186300459291	0.127729528254902
Br1321	0.0400717	-0.00409757	-0.000693309	-0.00170721	-0.00156014	5.5	0.2647941894816106	0.957284	0.0	0.0	1.0	0.27222814342247015	0.27589191358987086	0.008317408194952516	0.6085653884804065	0.1916136427829016	-0.5586433177249034	1.2037678854048508	-0.5883737438100956	-0.1806564256924933	0.2192445719024374	-0.30222461261838307	0.20865906656082048	0.003528251913027375	-1.7101649839446507	-0.07174255272199875	-0.4401349856623242	0.515841716527523	-0.2885211465327897	0.22802669935840342	-0.2854768435342561	-0.6328078190649626	2.1832149077319207	0.6228354192807152	0.3415464144422552	-0.1759886633288183	0.035245422692462794	0.2743214765871335	0.8498457895161128	0.5801455454785629	-0.6031891372383064
Br1325	0.032893	-0.00476862	-0.00187297	-0.0025161	-0.00391572	8.5	0.1720028256708907	0.970267	0.0	0.0	0.0	1.0932191716734734	1.0079421833565394	-2.016782449083905	-2.737361356525429	-0.893939225359097	2.2999172108981285	-0.03840880675796853	0.725959431719054	-2.4183685002009434	-1.3975696514039717	-1.9749490818826017	-1.911545530259421	2.3968134122904208	1.5188958608990102	-1.7086999747788498	-0.9734194366793306	-0.482243187232093	-0.633655957829973	0.2398811802594693	-0.20506055413517746	1.469285693677542	-0.9882140506396304	-0.7334413428435815	-0.6320501478424788	-1.93900104811375	2.9157612121710885	-0.8434673262312242	-1.5728318676452655	1.7057385093188302	-1.5160006592375108
Br1203	-0.0126477	-0.00458922	-0.00655583	-0.000886605	-0.00186211	9.1	0.1984229468192485	0.9665	1.0	0.0	1.0	-1.197159664305877	-0.7945549420772433	0.44485568903330935	0.9003910519914237	-0.8230652543182755	-1.4161504760078767	-0.28124446131403386	-0.2344534909355773	0.2152794036163028	-0.34647261517959915	0.9113239011916202	0.761564036632294	1.046040086460469	0.7192431307205501	-0.862772772656433	0.8381336427065528	-1.392311298871083	0.41694324046983483	0.9244074871884675	1.3503129992168306	-1.0413239618894703	0.3194234737111568	0.32810205508303497	-0.2755549661897362	0.2588436743286427	0.4066983879142979	-0.07621978086539881	0.5990491338756028	0.9655068106042455	-0.0916641360999172
Br1214	-0.0126261	-0.00627569	-0.00662533	-0.00393174	0.000900914	8.6	0.0175214030058985	0.966883	1.0	0.0	0.0	1.2529240110755562	1.6577285782560063	-1.6528225566126755	0.2501307227348649	0.5890374395732242	0.05769679972826553	0.08100829592584816	-0.3367092133921191	2.0167425383732214	0.41646221807198974	1.382359411668825	0.5712015920079972	-0.4209428630226016	-1.3367714160754665	-1.460149531684867	-1.1026533203806144	2.567700410678306	1.1681394081410785	1.24779684344025	-0.512245658155064	0.232821124342746	0.7180523649276211	1.9829028641320885	0.6022577386378015	-1.3980399237465357	-0.06533560025169484	2.222654968340083	-1.3560378634719423	-0.2868234525650351	0.10133955156140158
Br1249	0.0298364	-0.00447165	-0.000772846	-0.000510797	-0.00736977	8.2	0.0160811039582558	0.965482	0.0	0.0	0.0	-0.2141696389360572	-0.23089778415746406	-0.8278564829769193	-0.37157014218901924	0.7453602068006451	-0.5763198585956432	-0.3066725688289468	1.2602684797170978	0.8985585574017149	-0.7649049538515921	1.5520724466489277	0.5302410778177449	-0.7137186524086822	-0.005437762543974997	-0.30025462311067214	-1.109591905333577	0.4543015816683991	-0.2064496538968026	0.19069505733994796	0.954469802997836	-0.5147077407748651	1.5643897821477362	-0.5181824888868227	0.5428136750725546	-0.48587539433345805	0.12932211045839848	1.0008777032996061	0.13639270073279003	-1.006817529736502	0.5930523535603085
Br1250	0.022614	-0.00381484	-0.00508967	0.00277493	-0.00334655	8.4	0.1778713393802311	0.969031	1.0	0.0	0.0	0.5290627277653905	0.970528320533257	0.4642223650398005	1.6932967092474511	0.8974069417894484	0.2589189331352492	1.3002426579267725	-1.5408267750473075	1.9561894944941622	0.4955536940838509	-1.4987790814579702	2.320025222913604	-1.2027466788960772	-3.2481583998608845	0.32260093783147265	1.1649218487277653	2.7035911765590273	-0.6339504172788301	1.0457229470195735	1.8336153118557532	-0.02311825711959536	-1.8161236449214524	0.5323955601786002	-3.559712261533991	-1.9898384471234776	-2.1148180689916134	-0.8390248918219194	-1.1525291443162298	3.51820462534555	-0.15478541088286954
Br1253	0.026688	-0.00169501	-0.000193313	0.00228284	-0.00284706	5.0	0.3764469458907555	0.969535	0.0	0.0	1.0	0.28630007695733056	1.110792434457111	-1.682803504575194	-1.4801767019080394	-0.5350845367769971	-0.6022904198226883	0.5204205357311528	-1.3756060704949211	1.0532222958742499	1.200899770163517	0.5584434365279469	1.5669974101290294	-1.1014002410391635	-0.3121481065249227	-1.5647026167443123	-0.1996297255894241	2.4361284080567986	0.8750010295961484	-0.625353202056036	-1.0433402822159128	-0.8459212905991154	-0.5940359966082197	0.0067805878903233205	-0.11808831674819228	0.7418219481420111	-0.17960751389263943	1.1630904836492195	0.5193085282919699	-0.23509682374428437	0.022283805708962125
Br1283	0.0424423	-0.00240387	-0.000199076	0.00126626	-0.00181694	8.0	0.2488295093572046	0.963197	1.0	0.0	1.0	1.6195906663852295	0.2578397276251714	0.6015682754505494	0.8589567121981736	1.5871573589053227	0.42935846520448323	0.5998089386273279	0.4103187851468003	1.1502576802681002	0.7361757777153219	1.9340101716406826	1.3329607108771766	0.4686465402138482	-0.940247672766273	-2.1505561968511104	-1.3924583490636864	0.9074642748282177	1.0249327722254602	-0.9220425516193951	-0.5839399130358528	0.3289858210436131	-1.733844588507694	1.144136955752292	-0.5753730775417965	-0.5530732127903222	-0.644216157803115	1.8884907489743537	-0.6541428408634328	-1.3595966026888266	-0.5851104739556297
Br1297	0.0251383	-0.00326598	-0.000577583	0.0024606	-0.00382238	7.9	0.01166042358056	0.976045	1.0	0.0	0.0	1.6923134697459674	0.3211624777960097	0.6378970336375516	1.0958158573920616	-0.6290519402287603	2.0658966455708963	2.0749179931270207	-1.6299883959158181	2.3002806164807232	-0.358430644813291	0.186094538652543	-1.1837004548538719	1.0548386915693522	-0.12324155709090241	-2.8443190195531587	-0.7759089098420957	2.47040111992218	2.9082587284046864	-2.0601674649821513	-2.9564363501719835	0.1869897160732042	-1.7003860493401712	3.352896327290949	-0.4051757191210357	-0.32474519387289785	-1.1626196541697995	2.871328252244364	-3.7614090614539677	0.7601528745273264	-0.7806193503141933
Br1304	-0.0126107	-0.00524484	-0.0087914	0.00524816	0.00320493	8.0	0.0204062167878291	0.963427	1.0	0.0	0.0	0.1291791325077897	-0.008474543044328046	-0.04851466885081378	-0.03557861150598495	0.681815457367051	0.4520612104792901	0.14587194421673544	1.1655958313683146	0.5737870207982793	0.6322421438193467	3.479813863736628	0.7943435938228057	-0.6754322374161075	-0.9418989477333355	-1.7778678799459058	-2.933665156353459	1.79447587958229	0.2714244018852064	0.9416354272569954	0.8530548159273225	-0.14025300940375854	0.0675905088556617	1.3479146244424969	-0.7865765728624577	-0.15027759296521256	-0.9018538087700466	1.7561574617203997	-0.234021186148607	0.4451910390604994	0.36016815888595144
Br1306	0.033214	-0.00287853	0.000495994	-0.00180722	-0.00642599	9.2	0.1354679576762376	0.963387	1.0	0.0	0.0	-2.10819033897555	2.980626078597599	2.1678808963887017	-0.3475092656123406	0.31384998242406603	2.5761409029231794	0.9099705176306692	-0.9237483576302552	-0.4986854309203646	-3.531032669325301	-1.8114415502876768	2.334576622380238	1.3900051015023775	2.0088052604257833	-0.25839020443708266	-1.8988034745221638	2.046787796781629	-0.05048787521135708	2.2251733969868317	-0.7712745523449179	-4.041210409629441	-3.392797524364685	2.60098489870161	-1.9009282764821487	2.0962109167856835	-1.3158857294870783	-1.4127573741515211	4.254504547328166	-7.115865065514162	-2.370820448574891
Br1314	0.0321087	-0.00206716	-0.00207913	-0.00579751	-0.000871152	8.0	0.0145164051704807	0.978119	0.0	0.0	0.0	0.5243187614085453	-0.3322955866176476	0.23503320016420298	0.24170476418994175	0.9704506924153569	-0.002593330089957098	-3.498737908587188	0.22146686416888872	-1.7831687464503763	-0.5099693587815912	1.1551028452438092	0.4995004810942633	-0.0006477530968552735	-0.7926129972587392	0.015617770729841505	-0.424142523418331	-1.1161645212286024	-0.03294918811309996	0.47543430487278726	-1.593649622060358	-0.025375396455237096	0.7923848714008953	2.2088770986767603	-1.320207472950494	2.0388492472920743	0.07858785705902233	-1.007145659387932	-1.2398647232593667	-0.6815711426799321	-1.0460793732343974
Br1298	0.0330959	-0.00452452	0.00134591	-0.00109509	0.00130763	8.4	0.2440467275089468	0.952124	1.0	0.0	1.0	1.5605357741618369	-0.13858059639656412	0.16461947820117748	0.1394437695215556	-0.6714905993052868	-0.03726368847020252	0.5480856729191148	-1.0141578021109485	0.3106071632238783	0.21617669810895612	-0.5720034471128099	-1.2512876819098755	-1.72941976665587	-1.9765206383692049	0.9929203359896539	-0.3632860897513901	-1.0173267393663168	2.717618970161776	1.2656611490759453	-0.8655218392685087	1.9531628383588546	1.2597720797497496	-1.5461176524684737	0.8705699873817067	0.06378235389299179	-2.7806314299962667	-3.7063061217998996	-0.05810721979575839	-0.46217581462371066	-0.757274736723425
Br1842	-0.0129792	-0.00492182	-0.00057997	-0.000955991	-0.00364146	8.4	0.1866962808582747	0.971613	1.0	0.0	1.0	-0.374989305471524	0.4196402088951734	-0.1757643744734725	-1.4519339887563325	1.2184460382119475	-0.7454382455994113	-0.33875361159065476	0.9971824649647326	1.1459086345403193	-0.018611118501157802	0.04410244851774789	1.304102135882987	-0.7582609554377633	0.18013712443780724	0.6606960066796428	0.07777119771273287	0.2730410041136945	-0.8813954366039838	-1.2859440763300687	-0.9427261485745777	-0.5729399033998092	-0.15105369374423236	-0.1340624533063251	-0.38266119853086655	0.30509457622551905	-0.48576780638082023	-0.10718442539074506	-0.7673945644390653	-0.8101072879404507	0.7867645574292699
Br1908	0.0346265	-0.00411146	0.000739634	-0.00133159	-0.00715863	8.3	0.1485673728051033	0.970512	1.0	0.0	0.0	-1.7721369586229467	-0.8419920690832854	-0.2818603722229765	2.695151660040492	0.6272054107946787	-0.6217573342315587	-0.2599425598931295	1.122529329144131	-0.44846193058599987	-0.42461641309929077	0.4168080503230529	0.42235962809310806	1.2654737741952868	0.17995493825721304	-0.8839518230792145	-0.713273661988446	-0.6049027183028365	0.6127580315640263	1.1557775372668935	0.8670023593163653	-0.26734259425896667	0.788643182339241	-0.4595117490142575	0.5978843158381669	-0.3256798541137648	1.352204363118468	-1.0843584844504823	0.8172014234276873	1.4161112040641433	1.3518157480389874
Br1918	0.0346731	-0.00445328	-0.00141983	-0.00326941	0.00111352	8.1	0.2236358434676531	0.970731	0.0	0.0	0.0	2.135278181250004	-0.6079688211950113	1.6369315704550487	0.15843722045025446	-0.5751104466496529	0.1556092637818509	-0.06661676248072687	-0.1955883414678457	1.5519772251898185	0.25819855976558614	-0.5420628082978682	-0.52924183120502	0.6499579966460108	0.011348761244229282	-0.3578785608689012	0.41752294371502424	0.618261015569449	0.10327204636394217	-1.358922889791216	0.06959242836101619	-0.0036670955387563876	0.4378072918414256	-0.4676549257015425	0.055406200521292054	-0.1707871221639448	0.1425707223949365	-0.3618161474471738	0.6568139616706152	-0.37401793352400486	-1.0838825641162144
Br1936	-0.0126448	-0.0040733	0.00103492	-0.00481184	-0.0029594	7.3	0.1799676390678377	0.971791	1.0	0.0	0.0	-1.2533142363283214	-1.0050116546244239	-0.9110336320238418	1.0871839029764434	0.19749846087338213	-0.0830886295744874	0.45697126074147515	0.8494814298898266	-0.656928297488307	-1.2776341017138237	0.7695456914838728	1.5663279378693438	-0.25901510387120347	-0.37737218853697724	-0.32062251522513324	-0.7051068695180203	-0.7372393155541647	-0.27016729403014117	-0.21360011178012336	-0.00010381183565139323	0.4730534902957126	-0.4327933265224202	0.713745693996189	0.5295940713233287	-1.3560720970149132	-0.08462328196488395	-0.8093628527659723	-1.1768697677233924	-0.8255759507683763	-0.47299208694113637
Br1909	-0.0124398	-0.00368729	-0.00618731	-0.00432524	-0.00386099	9.1	0.0139047613777245	0.972283	1.0	0.0	0.0	1.4011422724063514	0.4203118190458529	-1.8097623091466724	0.4532805295445712	1.6395119674619452	-0.4251368201416253	-1.0126938321973902	2.04981350370755	0.5971770690000947	0.009671225741498026	0.39543630486266323	0.25005783991319425	-0.37183477783537777	0.08509096903879902	0.40033262866302716	0.6031803344226605	1.0605765701048413	-0.34476617302310353	-0.4767694520743754	0.021605096102891182	-0.2055769677449981	0.3573056435551565	-0.6833555832204277	-0.019898644978134282	0.5254292320224642	0.45503644316868924	0.3523411380523339	0.6832445462769103	-1.4093300001611506	-0.0945774878750415
Br1927	0.036346	-0.00448981	0.000411506	-0.00276217	-0.002678	8.5	0.1521368473512505	0.969626	1.0	0.0	0.0	-0.7452206096640487	-0.3039492523768073	0.010936884596619005	1.1223573268066354	0.7119938397393628	1.357280134755157	-2.701380117542435	0.38409594234697825	-0.55804446130466	0.5400660257211236	-0.5598030814553069	-0.20042664829646428	1.554383158492433	0.01913124320750662	-0.4268046919623462	-0.1843532754373769	-1.1819443286049913	-1.2869603775410146	1.5919148884942385	-0.9930118017765516	1.3263691508875568	1.0824443547968645	0.7183690039728935	-0.4953066787708894	-0.20674497866770444	0.14290845833623814	-0.33778799587185965	-1.4880479539083236	-0.8215407078233696	1.9148421900494967
Br1164	0.0369336	-0.00251718	-0.00280117	0.00282528	0.000324801	8.6	0.170839787526864	0.971266	0.0	0.0	0.0	-1.0308700307833827	0.3106293421410521	-0.27826754804965215	-1.2131112997954805	-0.8391017300805389	1.0595727905140877	-0.7612962595053344	0.21696542370385088	1.3809624860669756	0.8943187846095761	-0.4781300829821228	0.4176387950384451	-0.8409908745421182	-1.1285962481473266	0.19592855903796944	0.19721264091908472	0.5512306316264336	-0.2683669323590276	0.4676115803738302	-0.12584196244899917	0.36352295622828984	0.2289249074006187	0.3123846216201741	1.0172770134107798	-0.9655609425693634	-0.6791782127020026	0.21192681836103963	0.7387034910469326	0.3111151695257037	0.02857228196267816
Br1923	-0.0128445	-0.00409931	-0.000416887	0.00183023	0.00409075	7.3	0.196089039798139	0.974629	1.0	0.0	1.0	-0.07619066766865212	-1.121256082157448	0.30320838512576004	2.085245961757723	0.2086829269034148	0.034191521781909	-1.136730821086883	0.40899451845726087	0.39082737288292296	0.005291622704170166	-2.5607063882743866	-0.6581311368031022	1.5074418822936861	1.1524516227076353	-0.690444571661915	-1.9053672265821735	-0.20379570242476194	0.040935290945123166	1.5766155412917644	-0.12251078022245057	0.8638153372217682	2.0114995047274236	0.6223260470183261	0.050973061533288615	1.4729257869126884	-0.3983388216381116	-0.15115210466383266	1.698684759495685	0.698906580011044	-0.6326543070039973
Br1974	0.0370033	-0.00282392	0.00133734	0.00158025	-0.00044997	8.2	0.1716852907199233	0.975535	1.0	0.0	0.0	-0.4881823921268898	-0.19733757142489974	0.612051619423563	-0.957095438235808	-0.40670398859209433	0.4594434019132208	-1.1593403235923123	1.152961471193075	2.3736325768358024	-0.19739807587780703	-0.8706084383172125	-0.0809405862582769	0.8272439763979053	-1.00996062132686	-1.0394580997360297	1.0006663288390736	0.8735316264900627	-0.48101846331806203	-0.27881146030633525	0.02651319337315968	-0.08779806786898899	0.3536518230933325	0.10021137634585506	1.6490105219484041	-1.7020106353085416	-0.3730120770370267	-0.8063983208978339	0.5338954922352261	-0.1818126454920914	-0.6294516905631267
Br1995	-0.0127593	-0.005039	-0.00455175	-0.00336002	0.00327615	8.4	0.2446967280698213	0.981808	1.0	0.0	0.0	0.7438340712513781	-1.316615452708634	-0.5045199676130007	0.6679101082973807	-0.4942036029047176	0.7496021981304567	-0.816346025157098	0.6935008723855723	-0.8405397067965246	-0.05709339271572014	0.37805394065694764	0.9281561519668868	-0.8269899169287834	0.7856054076014835	-0.3858471793657501	0.7647876586411597	0.3830280753650919	-0.6347346521230661	-0.19946110046818633	-0.855749208520098	0.8694269532668277	-0.5535158265795792	0.011858598074022335	0.5062462337573101	-0.296304495131182	-0.5035248078783251	-0.8218801580331037	-0.28716339006138175	0.025595328975278588	-0.12957287282526686
Br1998	-0.0124936	-0.00508762	-0.00118975	-0.00327519	0.00218973	8.1	0.1798084655178202	0.973035	0.0	0.0	0.0	-0.8825146072956844	-0.2693557592490914	1.167992015734489	-0.5404533485257941	0.1055787997194499	0.48708238354349026	-0.7383637077172509	0.3586249479557676	2.2798220005304315	0.732359769258752	-0.47821973424665243	0.4064933741527109	-0.45403071433499215	0.2039549021346209	-0.10387772367456745	1.1640882934547312	-0.3955550843585249	-0.26142573315378265	-0.4502721286250653	0.2465558382026831	-0.25953728161449946	-0.2737125033307489	-0.33127354347890464	0.5841697084976986	0.0754229954490635	-0.05496961866787009	0.3699109412701023	0.2576594308054486	0.575138596735491	-0.2898155121716451
Br2005	-0.0124594	-0.00489076	-0.00051874	0.00172563	-0.00217858	8.8	0.2132344491018971	0.979242	1.0	0.0	0.0	0.719337359659235	-1.3064367529124659	1.0309546067557094	0.7802877509586869	-0.8540610463068115	0.2667092314100665	-1.9070078622746176	0.7723100345315113	1.501226221736005	-0.31569765025557994	-0.7696909209779164	0.9865399079249516	0.4737990244302001	1.0692723905131432	0.19314853974494098	0.7444404306868433	-0.38068872978531104	-0.30461598064420825	0.2560253050230505	0.06036061500324566	0.36512704284391123	-0.8107169168300629	-0.21012588710834137	-0.4787945784560492	0.07514482318828283	-0.06726187666769867	-0.33246813969281636	0.1312661762933214	-0.32880196620797403	0.2808468595875408
Br1941	0.0275089	-0.00471304	-0.000372367	-0.00470571	-0.00160597	8.5	0.1739198825733223	0.972307	1.0	0.0	1.0	-0.9341563638429795	-0.2599987527987877	1.2155213716551014	-0.10874349292897101	0.31969145314873076	-0.20624050117408188	-0.22694998642702516	0.9735805339687772	1.866691178685583	0.6420738151342517	-0.9306798930215712	-0.5849476110171992	0.015014898318795999	-0.20280155249773038	1.187176269286986	0.3202413718694412	1.3532199726887835	0.6801696435339647	-1.4134959115644203	-0.5877616135249966	-0.8658349159070649	-0.08509119424928209	0.37300060706801913	0.09139542420237523	-0.048338110007756646	0.14412486400358437	0.08674454790917496	0.793643439255247	-0.34502072238152925	0.15495143442006784
Br1960	-0.0124962	-0.00325397	-0.00101689	-0.003498	4.11762e-05	8.1	0.0160748307501029	0.968904	1.0	0.0	0.0	1.0957318857642169	0.506959631350778	0.0063188233581004455	-0.8170750711904153	0.03129424309951141	-0.595105159740915	0.303048764477814	1.5490710088616162	-0.2605801546442349	0.8586200080457188	0.38216891273116926	-0.46277096350012153	-1.73973524852031	-0.19253057886018168	1.0762816317766426	-0.09794379367701342	-0.12118424267705662	0.6328430354175855	1.7566783158542822	1.160321800302737	0.7721082409885837	-0.5915662640980409	-1.4160340500805486	0.3797494251902212	2.27424258325406	-0.3151352012386749	-0.021032840197554394	0.7337026969917256	0.5042281504279909	1.339924619893347
Br1980	-0.0121822	-0.00434406	0.000837917	4.02143e-05	-0.00113293	7.0	0.2560940913694893	0.957891	1.0	0.0	0.0	0.5025139472400267	-0.4241737983538735	0.606817392626699	0.9132061766751697	-0.20533117522808497	0.18753300168903372	0.0405273698159855	-0.013618137006984945	0.8724438910573478	-0.502234565429355	0.34226473558902387	-0.4679722817168458	2.3173341190337857	-1.3894126873134522	-2.023623419271119	2.49187473794302	0.6832722170647336	-0.5813712403625986	0.12854462280813753	0.39019844397331854	0.002051499201258637	-0.3627544239869479	-0.4843377085999525	0.99780512934782	-0.21000795520828644	-0.1629626364679056	-0.005888886160541788	-1.2485883903399744	-1.200400591204654	1.0794122133652764
Br1987	-0.0115461	0.000102893	0.00537497	0.00712032	-0.00404993	6.6	0.0120678998479452	0.974343	1.0	0.0	0.0	1.2563307132038297	0.14627939862805614	0.020667992630914376	-1.0276552230306393	-1.7289174000636884	1.0667237345744713	0.06422335448095735	0.19514968245436723	0.452186043918514	-0.08209481022980626	1.1032023255806327	0.25529224496533487	-0.04270301273227483	-0.27163215525208945	0.5259288477793377	0.19737592210876168	0.3168292242082817	-1.0699365576896194	0.48844767289288893	0.6222468821250524	0.9752367968799315	0.21731800068428386	-1.5878593647999661	0.6394713512155685	1.8130977463598796	-0.16397793194378274	-0.42437799711305346	-1.012953958702867	-0.29469530138380146	1.084750210667711
Br2003	0.0375603	-0.00352789	-0.000320365	-0.00116621	-0.000334288	7.4	0.0098173690498839	0.949108	1.0	0.0	0.0	-0.861014389117065	-0.4581052543359903	0.9618264843535684	1.0085203198697932	-2.313491347808999	-0.6043508933980474	-1.1184479438214325	0.6477896343456627	1.68833183306477	0.7186519993072931	0.46384037848918763	0.912248986578089	0.8423910040977296	0.6123293792604759	0.799635398066431	0.026541936055910195	1.025677095706911	0.6098000357973539	-1.5289490524263971	1.2541441168754774	-2.7177649993039417	0.6719262289455875	1.6367428107098423	-0.8322811427143234	-0.04602526976166131	0.1433855165826746	-2.4233879924703934	-0.3422462948153341	-0.7277277350768209	-0.033965495247483934
Br1054	0.0273285	-0.00391847	0.000496184	-0.00023529	0.00149166	8.3	0.0151359653618575	0.963495	1.0	0.0	0.0	0.1344861386182443	-0.2859869891775295	0.4123129048023926	-0.4607733129774816	-0.20090066983934107	-0.9018721732395533	0.09232857022680248	0.9257836811566552	-0.2507398353100391	0.055569680828740635	0.6340427895587826	0.07956247876355467	-2.464240886681614	0.8922866938074058	-0.6323211614759743	-0.35558296963348385	-0.12997118218528864	-0.3920504333142395	1.7482457117650738	-0.628003053855989	-0.890459441077564	0.5722279995195252	-0.9928516302972595	-0.3831268702172827	0.17379255266691016	1.2173376391607384	-0.37267799519514905	-0.5541550777825854	-0.6040115827758742	0.24218213885903858
Br1137	0.0344856	-0.00484262	0.00262911	-0.00306194	-0.00160208	8.0	0.0176927707661098	0.970952	1.0	0.0	0.0	1.1540898200962526	-1.2650744261191547	0.44668211124925405	-0.873168008892353	0.7320656321588934	-1.2284158212046945	-0.7179196366514621	1.2511386003566163	-0.859729094786171	0.5867818895715099	0.2004670119700608	-0.8588453703714235	-0.5977329093225602	-0.28804703709866186	-0.7352169309211987	-0.14804373378725877	1.5624892869912876	0.21857258603130977	0.11289368879607146	0.5251897571529258	1.0434746189284247	0.7883228663536641	-0.048239321995424515	-0.770219396607554	1.0380363911167845	0.9102206868611488	-0.15790778211734255	0.6955784904807738	-0.8039162938695129	1.2309368669004714
Br1142	0.0423347	-0.00413757	0.00125669	0.0015192	-0.00338636	6.5	0.1470980608986029	0.965344	1.0	0.0	0.0	-0.10112877612902246	-1.0340738181331164	0.04333475956297951	-1.7716816762002672	-1.0871750496408068	0.8943379817569389	0.16326263508954908	-0.44766374281079135	0.2988258948691839	-0.5847511387641687	0.1811806054901686	0.4503290367334361	1.5447683022851	0.5537842940187094	-0.19704099313690795	0.19971013325382853	0.8047711865751564	-0.982592147485826	0.10028703207649155	0.5088866913859836	0.6194884969666665	-0.31574062048634877	-0.8862054695568966	-0.28442705938351925	0.02722660911575688	-0.7997810072708949	-0.20594141386288348	-0.21521335220340135	-0.4168891253632689	0.49288873407355005
Br1157	0.0411003	-0.0053979	0.000347823	-0.00498653	-0.00466397	8.5	0.0203770841535116	0.972271	1.0	0.0	0.0	1.6203426119540372	-0.03391893391143273	0.7815340469953669	-0.8205667374967075	-1.191728854551898	0.030865326639456785	0.023964314125416903	-0.8842809521836683	-0.12336461642371063	0.47101338251546965	-0.10459171545076106	-0.5277929390971973	-2.4640342857756186	0.9770768015403748	0.8936126538281457	0.1379528917818609	-0.02046137685196426	0.2536483838789591	1.6808299771116333	-1.650972209361151	-0.8426276463774178	-1.0641988109634226	-1.1705618674312805	-0.14019813886327598	0.8687747988521697	0.6173516451935602	1.9528814012771984	0.9957484809234984	1.0519198976499555	-0.5142653406928209
Br1185	0.0359338	-0.00445866	0.00123968	-0.0081643	-0.00446446	8.5	0.0146605179753475	0.965308	0.0	0.0	0.0	0.27774852543077116	1.7005292446089513	-2.696950725272922	-0.6640605719686196	0.6131234750783416	-1.5784332060987172	-0.6458162608024467	-0.021014829867640555	1.7610083642732193	0.5051384322203727	0.33837471827133647	-0.6075909278209082	-0.7034569774639212	1.759313264473315	-0.37663857846272825	1.3952702192433895	1.1316417935269019	-0.7018704551418755	2.1207712186945975	-1.1355817071058396	-0.0986079678068588	-1.1231523339463538	-1.2044834850384956	0.24596270979539903	0.7392810718384489	2.8450405666018037	-0.17073900157378658	-1.2173653270134162	0.03245580195883285	0.4330435640145777
Br1193	0.0324451	-0.00613204	-0.00108163	-0.00706116	-0.0121019	8.3	0.1672717607704903	0.971851	1.0	0.0	0.0	0.6126942269790773	-0.5708845902937116	0.6806927757643265	-1.9304501603472235	0.8005163466350135	0.1697333581359931	0.6215387256293979	-0.3820025298201345	-0.42492496422375786	0.08559058442231743	-0.7064930579824112	-0.27042434424363926	2.7920889086154195	0.6075510635629071	0.38289133720804464	-1.4136956288749951	-0.5349611119799983	0.8812889082180324	0.5284487210093577	-0.39607470663940386	-0.4530024794298568	1.3627265365666945	-0.5638602692966882	0.06195055693269633	0.4853978438639227	-0.40009360650955783	-0.6164750636421967	1.1202182422862161	0.6393563716476371	0.27225559887238826
Br1417	-0.0128059	-0.00390383	-0.00173595	-0.00247063	-0.00208296	8.5	0.1825103434928474	0.972476	0.0	0.0	1.0	0.30873182298213975	-0.6415538123816004	0.6529605460686874	-1.7265740139497399	1.2437321582494307	-0.22146886569540034	0.6386799453746244	-0.2720827765868215	-1.25357189302104	0.1577734238897889	-0.5411295781629157	0.984042849443351	1.2611641865771086	-0.10237625251665167	0.6617964499132085	-0.1772031122634307	-0.04672628991642713	-0.1451029800462578	-0.13979632300489622	0.4081352171533885	-0.34654290980840324	-0.3683368229898201	-0.4895297141986482	-0.4733081620536713	0.09571212262905125	0.6545332962168998	-0.04636828778385768	0.35975651389191526	-0.08661369804428601	0.46752206466857704
Br1056	0.039161	-0.00332912	0.00126079	-0.00372453	0.00434248	7.8	0.2401057833883958	0.960687	1.0	0.0	0.0	0.8207593771577588	0.15433001412672248	-0.3243633923653369	0.28641149076245476	-1.4524216503511413	-0.04138075321989549	0.15613953075767797	-1.590994226404375	0.28911530072065783	0.2979910472498299	-0.839150272679089	-0.8231018947531691	-0.6212306077162207	-2.543301939933548	0.5150928781751666	-1.1300380354189723	0.5341591996902089	2.1019588414056414	2.326830131687877	-1.2748574788754923	1.5155306794066568	2.0885963440634576	-0.5944962504590955	0.6270830403911878	-0.014578324610396466	-2.6603801182808704	-2.8428401592732944	-0.6580070939685572	-1.3810838222932849	-1.2153701808309345
Br1093	-0.0123743	-0.00586678	0.000278612	-0.00306214	-0.000719103	5.6	0.2319089836090677	0.975056	0.0	0.0	1.0	0.4943106638325608	0.2509693875263462	-0.46877909322847455	0.6874015900697723	-0.2739994383211258	-1.171355976165526	-0.12548718079361698	-0.5453956176835761	0.2166985582158071	0.827328322693404	-0.25453401514293833	0.734707446900401	0.6707794565421048	1.5497677606959455	-0.27839522441364334	-1.0884486832729032	-1.5737225232619219	0.1483280340293398	1.2956370116658846	-0.5199411312108563	0.3527163616948995	1.0144264136033985	0.7517520735090911	0.7083865948620252	1.051144649815639	-1.5953801250078834	-0.2604720586408202	0.286453528620843	-0.578952696860355	0.7946470665383357
Br1099	0.0292971	-0.00337074	0.000944832	-0.000355509	-0.000179412	5.2	0.0164855328928421	0.977577	0.0	0.0	0.0	1.6516048825141971	1.7538792250072694	1.7226617901015822	0.014394970060870644	-1.5992805060893134	-3.148019401352808	0.9319400049975471	-0.0464069551247423	-1.0893487560429342	1.719274799995556	-1.5532739531422501	1.1548611902973769	2.052003828453381	-1.6851674063658488	-0.9128048539825466	-0.30339022846708247	-0.2843254552794684	0.1302367987383916	1.7993028829651576	-1.599566813563382	-0.2994816589091274	-1.1782040333339143	-2.747283867571351	0.0012004623322460141	2.4326677509990757	-1.5557114573678508	0.7326826888689512	1.3937653282038014	-4.140272178677566	0.6504451190465774
Br1105	0.0399749	-0.00557565	-0.00270856	-0.00526483	-0.00487495	5.6	0.2216446677316324	0.970669	0.0	0.0	0.0	0.9989487443590664	0.011303731720720703	0.868805946063343	0.4836519479511419	1.3796610779108278	-0.8180991792392556	1.1590516855082993	-1.2531639009294053	-0.10899969899789944	0.6483648999636666	-0.3769762251486975	1.076178297195482	-1.5023307335579161	0.13916264100829495	-0.9070010645189875	0.12607555456201233	-1.0336059040241683	0.1797119331891397	-0.46066130838313274	0.06878913005407793	-0.2678403840842693	0.5563579529945579	0.8941050882926066	0.9539434728669561	-0.2801387730687419	-0.6961248205713384	-0.2707007685702636	-0.9424141517829531	-0.5991285210572678	0.27652326464968907
Br1111	0.0316008	-0.0040936	-0.00331854	-0.00270918	-0.00568643	8.1	0.1537611074846196	0.971274	1.0	0.0	0.0	-0.7217570885086904	-0.4565111523343809	-0.8971409614998065	1.173477257078959	-2.196942148474185	1.8219405980702215	0.3448365038876609	-0.0961344238563863	-0.6105634012875738	1.0655212307163875	-0.22447311724501942	1.0723970401072425	0.2965853121286723	2.406038100307346	0.46370624627883766	-0.5833494031410669	-0.45378919113156946	-0.41204855338740626	-0.465592026618428	0.6462963392467809	1.8847128964459459	0.8134991013244446	0.12982201544006622	-0.7783059360456814	0.5464490582420427	-0.4852848840362148	0.30570730573362576	-0.842547181761604	0.3179109695946563	0.10410837563676104
Br1113	-0.00795688	-0.00172694	0.00265763	0.0101497	-0.00140484	7.9	0.0155688674745292	0.976727	0.0	0.0	0.0	0.4565335836651641	-0.7858936867773961	0.5280974838947105	0.006602007842388478	0.3295030130129974	-0.9663798332665278	0.2703927703089808	-0.20912594547144567	-0.178565130131094	-0.06457916184257895	-0.009716841225503306	-0.24013191976651183	0.19635576452528336	-0.7794571642439672	1.684963172339667	-1.7111670123949627	1.0117769935968688	0.6184800267604044	-0.7739435055880856	-0.6065159383988451	-0.6648619928979512	0.8440562553716573	0.7520221218450237	-0.14748560278502929	1.2900666446127171	1.752538900794353	0.7578727911469976	0.3762124488077567	-0.21399901553374845	0.49103596679458916
Br1156	0.0364914	-0.00414122	0.00209563	-0.00136883	0.00299401	8.1	0.0197480885111658	0.975227	0.0	0.0	0.0	1.0957881483316598	1.3977057042492655	-0.8096900999443923	-0.5015911696414987	-0.30747485533673935	-3.2671719956880168	-0.2623683918294376	-0.10610201836822503	-0.297807113764477	1.3441628671161514	0.39441732994874695	-0.1755200900800798	-0.07514619397576638	0.3873672716905654	-0.4116059115360217	0.5554634061795088	-0.23024553635942183	0.7649430007565915	0.18905110302215025	0.3028662476596901	-0.488466726073067	-0.5809243637595293	-0.04155516837542701	1.7627545102829039	0.24682296584675925	0.5472105070899626	1.161821180495827	0.2079630400350641	-0.2928594873642855	-0.7451202240440109
Br0922	-0.0123636	-0.00202301	-0.00326789	-0.00229064	0.00280779	7.4	0.2215300630843619	0.980888	1.0	0.0	0.0	0.8067559732538884	-1.9953110820987308	0.9248914120888181	0.5160261909522782	-1.155463095254549	-0.9646496589794565	-1.5526283246256238	0.5238879732451226	1.7614008624302633	-0.6105201239784693	-1.1123904827196422	0.059266012001333676	-0.10285560468126095	1.0862041290628344	0.22548672778688314	-0.38573730942092993	0.8344080439690321	0.737185756273488	-0.6159306819939713	0.3586166020645235	0.4289634612698038	0.27383592121550127	0.6338947059921543	-0.7462044463519051	0.20947077950535475	0.2225307340606603	-1.013395062398083	0.49166891411063357	0.06586506706245394	-1.2274957032196594
Br1021	0.0374652	-0.00457853	0.00134247	-0.00198435	-0.00486563	8.1	0.1759826815831335	0.967523	1.0	0.0	1.0	-0.976771682269101	0.7351265530250986	-0.28524722344827225	-0.29875246757151896	0.1926633936960301	0.08531549136617038	-1.6469035620735237	0.6718598306715806	-0.3673086495924045	1.8419886279785607	-0.8272154666742477	-0.3346602543452246	-0.5706007720304884	-0.7350162496724543	0.7524591516365559	0.5005211630452525	-0.30627885432709734	-0.19841725113831957	-0.13566475064103953	-0.42421923615234003	1.0145800431065013	0.2827070604758848	1.4757808371245902	-0.02571316506504934	0.18150664398468297	-1.6627019402305823	-0.14446184035438622	0.4893321481070651	0.12381584132161003	-0.020416738211726945
Br1023	-0.00928093	0.0011762	0.0306142	-0.00248069	-0.0156221	7.4	0.0143405649824892	0.973346	1.0	0.0	0.0	0.8088141952690596	0.5419565641985966	-1.1649774830330666	-0.3854423478830949	-0.28027264559461024	-0.7195547002710985	0.4210859330204211	-0.03799838465484331	0.15546905001976008	-0.33344074742673285	-1.631764605405158	-1.0673287034723116	-0.6024522463902867	-1.1735055259891307	-1.5021817575706593	-0.2946364489777173	0.6686811248983091	-0.8565430773850683	1.0292272607131132	1.4190552438581545	0.6929943778881379	0.9802446518487028	-0.19831355190632308	0.9145766407021136	2.182891320421108	-0.9158785710179935	0.1665435908822135	0.7019867857581295	0.05133949259928622	1.1959319479711132
Br1041	0.0366099	-0.00326231	0.00553199	0.000166282	-0.000541084	6.9	0.1920303349728281	0.967656	0.0	0.0	1.0	-1.3000382861626634	-1.357452917538357	0.06650938356157671	0.8362313114458391	-0.008617963039517302	-0.8169525324585385	0.26904605693030625	1.262483100624067	-0.31904491982357014	-0.2700368239080091	0.6661698081924665	0.6867013812646444	1.1820287483373553	-0.6696366493426883	0.8251322057330973	-1.6672305322022487	1.311156244589421	0.3357695512948452	-0.22427617920501874	-0.5458339133441599	-0.17431062878236112	0.2199653090296895	-0.281867152991891	-0.06990393882309429	-0.1749454596552509	0.8270922506099598	-0.14822760413908082	-0.580297685530115	0.8235900538904658	0.5539152710646427
Br1084	0.0406519	-0.00140999	7.89747e-06	-0.000391911	-0.00797489	8.5	0.1799261822484978	0.963762	0.0	0.0	1.0	-1.4830072283425648	-0.2359562328036242	-0.1817344808556006	-0.009790134892626378	-0.5702378786722141	0.2763206055532382	-0.06811324594614127	0.5638995361375277	0.1614822661960969	0.06300012526150593	-1.3439798530580471	-1.4294720297444459	-0.9476762905999554	-0.5097369513873601	-1.886929501649543	-0.41474448702773775	-0.44632428553252823	-0.6611858410010476	0.714409847158699	0.8167981326661939	0.5654632756092215	-0.5023358339349857	-0.5040532402470069	0.48901053246652193	0.4069410074087749	-1.7344991099216855	-0.7265817196087138	-0.5185703500945863	0.09297014449171648	1.6683902849960168
Br1134	0.0258755	-0.00397764	-0.00224943	3.25744e-06	-0.00128673	8.7	0.2173303271045185	0.973606	0.0	0.0	0.0	1.7522693980115722	-0.7073997848748554	0.9601543869386978	0.9794442809054179	1.0086940315580157	0.5910192932426038	0.23641144913999218	-0.3862068502458685	0.47867354315571786	0.22764783912811473	-0.4648089013354	-0.5462117580177336	0.8189136997577549	-0.5161835963460417	-0.33804795624927814	0.7256648188459971	0.10593858237720764	1.0115787670792762	-0.7884943317741583	-0.15753055462832805	-0.25364758229580214	0.8482519307360437	-0.12788709485491667	0.4010617254629051	0.16464432717243938	1.0368032365376685	0.4795130343997921	-0.3147920314241727	0.022359938284863396	-0.10048135946349784
Br1183	-0.0127485	-0.00695354	-0.00319519	-0.00227993	0.0032841	8.4	0.2033579737281979	0.972389	0.0	0.0	1.0	1.26942081057471	0.36117937757130786	0.9647669647540328	0.47403296534334816	0.48525860749232763	0.18666576812273644	0.33120258693239746	-1.5888151079822679	-0.06491003293781011	1.0872852143657932	-0.0823873020058878	0.8383383337047285	-0.5319320977327991	-0.050446932305812	1.3516111098313073	0.26151587218574307	-0.6027818691016793	-0.5228114236973235	-0.6761575930211347	0.1542062252002477	-0.294484294315576	-0.5024883888401314	-0.05449144451579114	-0.5309991390288692	-0.7165980028828663	0.4354944077331062	0.7962402388559575	0.1721623450009715	-0.22612949728573212	0.1637846494693481
Br1039	0.0286352	-0.0031289	-0.00242607	-0.00499283	-0.00116361	7.6	0.2082872811394547	0.960204	0.0	0.0	0.0	0.6789488973704592	0.1799533144776645	-0.7662343891544987	0.48809982554414544	1.5216058445398981	0.3290587973145746	0.012566115990298422	1.0789744319291459	0.2706310479760404	-0.12561256667371587	0.5741506019762675	-0.07785217175664598	0.4090108051794692	-0.5223771968597659	0.34537066525570265	-0.4167711567186423	-0.9454768296016083	0.0039196280588909265	-0.6588326737169279	0.32646766091474744	0.014118221634714918	0.44715411813673855	-0.9335360833372458	0.4970283197777758	-0.699296126568056	-0.09977888578676333	-0.6231515833493628	0.5213469159675774	0.375004147709664	-0.41194360926325435
Br1122	0.0346512	-0.00336495	-0.00121841	-0.00160575	-0.00291859	8.8	0.1783631575076673	0.974035	1.0	0.0	0.0	-0.7083049769954816	-0.224604610872168	-0.48478163276454683	0.8946333023903353	0.27631890278080207	0.0003574175354237062	-2.0977662298697486	-0.08858277359127277	-1.6231056329339657	0.262569924224559	-0.8525039865998394	-0.3041012226990496	1.3976120993260779	0.26022393826971	-0.34333590892354965	-1.7112311450801878	-0.8693132178199156	-1.1563045699008467	1.1821908200887665	-0.3701817664002145	-0.30237650346989886	0.4060513466393902	1.138464550875545	-1.2661865586350025	0.7576766514208834	-1.1248498411240675	0.6915174939664361	-0.499247780945471	-0.6810632993049258	-0.12275449864475281
Br1143	0.0347443	-0.00322848	-0.0194111	-0.000872445	-0.0137379	9.0	0.2099269986089048	0.969655	1.0	0.0	0.0	2.1957827409320405	0.3302642596762608	1.1938294085978503	-0.24711988514976707	0.3839573889420136	-0.2078269542401199	-0.09002698278287304	-0.3297706144340536	-0.9309211940708547	0.6311179106953599	-0.15684041947572974	0.19591034205128707	-0.34321233217144526	-0.48688143208889606	-0.4078583000455011	0.260697696363914	-0.3971121754671316	-0.598119614661252	0.7463217919461063	-1.222370545858624	-0.9321064357456829	-0.07738337062632128	-0.5180893119870749	0.15325965270086334	-0.5006282744873112	2.0868726223036793	0.41282867404417994	-0.10112825340725667	-0.5221537151946335	0.43589654236347214
Br1167	0.0278394	-0.00313463	0.00854952	-0.00138293	-0.00532143	8.9	0.2008807922958116	0.97825	1.0	0.0	0.0	1.6161484687721168	0.31404302503739073	0.11304299955188718	1.4277142866001873	0.6837992517694577	1.150189422274375	0.1319440686715799	0.45743108628745344	-0.1598936239958604	-0.26065194553487536	-0.07408164703333645	0.6918942445805056	-0.7179583812158615	-0.7075716287780103	0.31593720338385206	0.23811428906028922	-0.7565956564831928	-0.056157405129168156	0.8696634695716464	0.20787894173315455	-0.11871679490110083	0.029256692681604628	-1.0048289225727913	0.3154303500971953	-0.9831055928435418	0.7037673120816111	-0.11594329012600972	0.13614816006468491	-0.45162288685864377	0.46522534169905605
Br1179	0.0384289	-0.00241466	0.0181107	0.078911	0.348883	7.7	0.1533953781678964	0.9709	0.0	0.0	0.0	0.255888201195282	0.27132328231380437	-0.4344734346014796	-0.044046062593918855	-0.09440515665206008	0.3492657775737308	-0.3773505105847993	-0.06967302412673562	-0.4385149132213569	0.049619457674040156	-0.29672785431400917	0.05958021734640327	-0.13362739675035287	-0.23442696192123186	-0.2604918535716083	-0.035481869405050534	-0.3640657655279115	-0.07755390678179187	-0.16537572016591406	-0.036453639898879175	0.4225683906529436	0.06336945366338143	0.4217760224170255	0.44625339066359926	0.014092376011394616	-0.07792401484827212	0.43576706454228037	0.6921653744680222	0.19038981879329703	-0.07941946867249111
Br1579	0.039394	-0.00427554	0.00242531	-0.0061134	-0.000430261	9.1	0.176935519512971	0.95969	1.0	0.0	1.0	0.756279760534298	-0.23009348007506128	0.7151480880620684	0.8291648379480738	1.109831495171236	0.22389329571646216	1.207578839826579	-0.37738356331576717	-0.7642913780321344	-0.052110877108569334	0.31419440307463	-0.3172628325121699	-1.2087485822407715	0.6123103509817152	-0.8303470086564575	0.19643576064285073	-1.6071420704783694	-0.5569951264516032	-0.29113669903882206	-0.32429975393694976	0.07359829219521688	-1.204761651860284	0.280588441132855	-0.38305661620750775	-0.7295365254794423	0.8168730869346826	-0.7461518741653171	-2.336091453037271	0.2821100312936379	0.6625990624057816
Br1004	0.0334534	-0.00575511	-0.00365793	0.00132076	-0.00279541	8.2	0.1296419649202035	0.97341	1.0	0.0	0.0	-2.14418395796627	0.8451765679329062	1.5144994215101168	0.771303554118678	1.8070789284713407	-0.3802946706425411	0.8327719083791805	0.2854637088601255	-1.6649515112915174	-4.938216713298938	-4.710018181102691	0.291851855726089	1.7286310941001333	0.9116741451182232	4.004602856407564	2.359487446360674	1.1833050060126329	0.2265881989341951	-0.4174116597113415	-3.2398644710930915	0.5243473143194123	0.5954892443747052	-4.443131205108086	0.30381968170537976	0.376896726025567	0.4337724242386288	1.5890653633670262	-3.270716944424299	-2.5779107084265647	1.6813898020838915
Br1464	0.03574	-0.00602181	0.000514995	-0.00129796	0.00423747	6.3	0.1913089690153617	0.966896	0.0	0.0	1.0	-2.280383103533869	-0.2577131411677494	-0.8742640658533569	0.7007906255518898	-0.548226763822127	0.3864375211177045	0.5478202978312964	0.5815004467889893	-1.6007742420927566	-0.5392026923320794	-1.6794496092851432	-0.7031897457972636	-0.7063581101605723	0.6660341525347072	2.0596924128136602	1.0095322219481893	0.11784284113051825	-0.67849470415728	0.4631145000345467	-2.1900934053407464	-0.7496524999790443	-0.477183779595182	-1.1109801932034984	1.35209804198878	-2.9583942331653126	-0.7048162864611368	0.21406251072488955	-0.9781354756209973	-0.42722672406872225	-0.11840176966665708
Br1624	-0.0124691	-0.00291764	-0.00223079	-0.000498466	0.000953796	6.4	0.3436707438285206	0.952911	0.0	0.0	1.0	0.9657713093599164	-0.9892516036778587	-0.14021081648439837	0.6498008072326282	0.16051612697303838	1.8767005189023134	-0.3343902042860458	2.9639863897998917	-0.048832079152035274	-0.5378643921603438	0.15116742295714947	0.22442175087817579	-0.7674114505311281	1.2194243076631217	0.29264369259673634	1.4549495357986377	0.6906366292148108	-0.01671089892383172	-0.2083749296428177	-1.2377441215463036	-2.6489945501785295	-1.5438918955385823	-1.2327799615065935	0.9764505266440066	1.5780456236298186	-1.1477231890600037	0.06953025599508421	0.32210901975901246	0.4472623730857309	-0.459251680347509
Br1285	0.0279063	-0.00321575	-0.000310118	0.00218315	-0.00584131	8.3	0.0214645884804764	0.968019	1.0	0.0	0.0	0.08905356022040604	-0.09419616239659986	-0.3764615492843486	0.6684150751382116	0.4073650215133428	-0.829448676387335	0.7812920534007817	0.5742425747626698	-2.104093809407374	0.10322054023777326	-1.0821990248001818	-1.3660062861284459	0.29012655788330705	-0.40143936474036945	0.426792771285825	1.281553735292178	0.9148127760818149	-1.5561312747137797	-0.19460077027529105	-0.15690977631493996	-2.405490751400041	3.102002391770178	0.5533529015331635	1.7562290302768293	0.9976686224442076	-0.8300416469588168	0.7009086944064417	0.12043952232858325	-0.32795809126299075	-2.2553402777026768
Br1373	-0.0127501	-0.00569937	-0.00167511	-0.00524315	-0.000956627	9.7	0.0899873125518811	0.959669	0.0	1.0	0.0	-9.951130669470926e-15	-8.72258082036737e-15	-1.021588740951466e-14	-6.977058081216084e-15	4.417485694037787e-15	-3.1220010038027096e-15	2.0580439198992134e-15	-9.962142802601676e-15	-1.821451958987892e-15	-9.4030384696035e-15	1.1092718880501046e-14	-4.039428952693177e-15	3.63114164848827e-15	5.4246730254906755e-15	-2.6191346243724343e-15	-1.0180007643485599e-15	-7.095469275486596e-15	1.942583913775799e-15	-9.592862641048095e-16	7.975227244814813e-15	1.0603637188749245e-14	-4.16182870130516e-16	4.377433826964646e-15	-1.319271899672015e-15	-5.589911987604047e-15	3.1689755547717483e-15	-4.0537095894136236e-16	5.231757566961865e-16	1.1748499040058274e-15	1.54859248930114e-15
Br1498	-0.0125879	-0.00372675	-0.00381043	0.000844494	0.00290376	7.3	0.2061217219625494	0.969975	0.0	0.0	1.0	0.09413046897150268	-0.3803387869657285	0.12444522313662996	1.132810281472703	0.7442357904443926	-0.36699525308663433	-1.656032278266573	-2.436170131183211	-2.0982709126847134	-0.45995396686726125	-1.557385932160106	0.37969135605405246	0.9191755684155097	-2.078095203310098	1.0434567544907285	2.1514961856288735	-0.5394695776002819	-1.615796302554482	-0.9438835905219081	-2.172642131214007	-1.0939771017816304	1.7760541845936597	-0.0740398574988418	0.5459998902472929	1.5311258095885005	-0.38573050807437576	-0.796557747104437	0.2173981292153633	-0.19130321520329105	-0.6196115626962314
Br1504	0.0338443	-0.00416901	0.00423547	-0.00242996	4.60064e-05	5.5	0.0106924871726764	0.960776	1.0	0.0	0.0	-3.8956302258510043	-2.638880337232751	-1.2995281452480814	0.20963602609113569	-1.6431992334628605	-2.80690023887029	1.060688813460375	-3.025737060334247	-1.5807456967375895	-2.7177284558658457	-0.4878755992527369	0.4167407095433382	0.3864359764974831	-0.5474199010789668	2.5913663251382393	2.259168872491039	0.9175537375158911	-1.3296164896673395	-0.660317597694136	-1.4515472110815224	1.1084003646090486	0.7184048112089497	-0.15507282147491258	1.9077843115968784	-1.1342103654953017	1.1452710755622204	0.36714262550639865	-0.16086160466362218	-0.038219688645196835	-0.9686047481862063
Br1518	-0.0121929	-0.00484856	-0.00259495	0.00172516	0.00215217	9.3	0.2514230435204003	0.96059	1.0	0.0	0.0	-0.7139990241392757	0.4674858535632462	0.22387399695950597	0.5523305194790782	-0.14087459943005592	0.44184031307544125	0.29362149157883277	-0.6705070050642103	-2.4531274914835945	-2.2816109327628986	1.4200147653836754	-0.3894395664699671	-0.1963583887827253	0.5420457152299621	2.2168318379253438	1.8725955468012403	2.420162562421321	-1.1534934374858734	0.14979431801741497	-0.6304610546275217	-2.4395480784891266	0.3008392225084963	-1.4309054895053968	-0.060866966569327094	-1.2599025825224406	-1.198009250137415	-0.9468927414864838	-0.14247038482776647	0.5425328608182937	-0.0024503798330425134
Br1524	-0.0127576	-0.00455436	-0.00545665	0.00208599	1.75508e-05	8.8	0.2517591159278777	0.964066	0.0	0.0	0.0	-1.9497862567040765	-0.353123729427257	-0.3090158398349763	-0.33923283142761357	-0.9759311455573488	0.3578452999810479	0.2681155698399523	0.1604391419587988	-1.5450246998857493	0.18633849722419066	-0.12322600740163103	-0.13560064765662894	-0.952243076301608	0.6869384832563111	1.5691630604011588	2.364263620524094	0.8300695647537403	-0.6631955454804157	-0.9233985465271926	-0.9423206806756758	-1.520020923337077	-0.5324566424221088	-1.0759486420528213	0.9486494684853007	-0.6756397707768123	-0.284220521473647	0.1261981676783109	0.22283209129077672	0.3995927959174238	0.17827541708608005
Br1526	-0.0126224	-0.00376475	-0.00185619	-0.00320632	0.00131387	6.8	0.1686673423330276	0.967328	1.0	0.0	1.0	-1.9607270761158604	-0.27007149316181606	-0.08363643601419044	0.07826438866269164	0.22834879334274838	-1.5582081177147142	0.9852635320683726	0.420946180734468	0.23710935911898953	-1.3253870614135541	-2.3501915498480175	0.7372029870389165	-1.6720209328568116	-0.20110373598217454	1.0418111100528014	1.6207113462761606	-0.8235437355388833	-0.7929633264537671	-0.4031368724415737	-0.4797116427432833	-0.41881454516768074	1.2727349968278028	-0.09249904850769475	1.4809179982339176	-0.2835340501160459	-0.21652006491571948	1.0053973226166582	-0.40477326892751725	-1.43722646818415	0.7854587703323044
Br1003	0.0381077	-0.00363576	-0.000106236	-0.00285507	-0.00121494	8.4	0.0126075517074284	0.977787	0.0	0.0	0.0	0.5212760412124672	-0.30747990270414816	1.415729341710462	-0.22028784647964605	-0.6501976809396031	-0.23182827191333347	0.15381712970940237	0.5863188223137209	1.128822630553253	-1.8931234354423496	0.16821586410083222	-0.012598324175661178	-0.5106586467724312	-0.07501687700683325	0.4474903980362001	-1.2299740457051553	0.462424614656559	0.5716283830274331	-0.8562147633855786	-0.6457620911190027	-1.9022174652151769	1.8907806730731915	0.8877980339127869	-0.32858654508929047	-0.1471215566910886	1.1482106899959046	-1.1816242009402014	-0.6360250299559423	-0.23691664045942443	0.46936086372016833
Br1016	-0.0125518	-0.00417527	0.00415725	-0.00217898	0.00124374	8.8	0.2252163571360892	0.962322	1.0	0.0	1.0	1.5047268170214347	0.01497779231634792	1.0753883278315912	-0.23380897808444423	-0.02688313739797459	-1.2117123782349748	0.3875913789372736	0.4935967504333413	-1.2859385717983427	0.5491786617503264	1.2859310411705842	1.365208860896727	-0.6662668599387339	0.55421302793861	-1.6235506378259907	0.27472440706057893	-0.7111961801567283	-0.6838644929616606	-0.21196239334952982	-0.1694009500552672	-0.975813109852101	0.30529932545470323	-0.7722435059394533	-0.3370524927963653	-0.4599495751512637	1.3360356399619826	-0.8085881057153022	-0.348679786158258	-0.6552518036387721	-1.14408111646296
Br1109	-0.0126406	-0.005532	-0.00379138	-0.000664396	0.000885565	8.1	0.0145743450489951	0.976362	0.0	0.0	0.0	1.0217530505222616	0.6497164141249442	-1.0498250306001595	0.03682406369006329	-0.1889922042755854	0.5648681065995396	0.874369425781705	1.0344185450151422	-1.068484617811092	0.14770394950894553	0.36068231238102205	0.36792424931824713	-0.5395435847123414	-0.6154098473419971	0.30198265305048083	0.5605618688694358	0.9860704353874356	0.9145008668468848	0.5550480304651026	1.7384174770927732	0.5740512942512264	1.5951279903306086	0.19064166704448202	1.2631076961885486	0.44560308335798776	0.3768018865175624	1.0055548757112478	0.6295579183225295	-0.30228844635619445	0.0978339982374204
Br1503	0.0262988	-0.00404361	-0.00253941	0.000234892	-0.00176914	8.2	0.1744918454428955	0.980094	0.0	0.0	1.0	0.4009972841509285	-0.1870742760156811	-1.2618865270726798	1.2323826786141638	0.3282097092228059	-0.5241797119435888	-0.22639620554503007	0.603072218044569	-0.2343236726646305	0.5621787386281542	0.08103292297427687	-0.03219422334400146	1.5384781667851546	1.3668039977682453	0.8004269393780524	-1.0134108519572351	-0.4502585758057165	1.4227104497692808	0.9807780877734202	0.19677507114651543	0.5333291784591049	1.365117285033649	-0.0006138286833747953	0.7571379430888507	-0.7504667925582413	-1.0357897226929031	-0.5157484768699029	0.2839607793303221	0.16126398498394368	0.3761904306303773
Br1536	0.027069	-0.00593718	-0.00587619	-0.00275273	-0.0108969	8.2	0.1609335897299841	0.966884	1.0	0.0	0.0	0.008288433610836218	-0.3301960507845052	0.15501439778728557	-1.3549394250763205	1.036315682939003	-0.4235961000316662	0.8385223864375339	-0.7269978692099577	-0.018835177091740988	0.316335128796861	-1.5075564715511838	0.9455185021065621	0.6571016849857896	-0.35498933310459047	1.443180611628723	0.16010369698970897	0.15837828073773996	-0.037960213476673214	0.6790067655693001	1.2351242681615597	0.8373856868934354	-0.011474749341373386	-0.1350786096981226	-0.612133119234414	0.10372120301382441	-1.5659721455311488	-0.7002638367232823	0.2519357849330712	0.7030929108069269	-0.18954008700761008
Br1688	0.036188	-0.00345065	-1.04438e-05	-0.00277146	-0.00238243	8.6	0.1714366377420468	0.973616	1.0	0.0	1.0	0.7445979924043001	0.713021169159687	1.327657987084551	-2.0969490103769024	0.1471180161993984	-0.4524725049467722	1.062569038302666	0.622091459053854	-1.0810194126608574	0.5110243264359843	-0.48825352552410345	1.2107372385777704	1.423564363712736	1.2632368006703174	0.2601323770936518	-1.1144090624547993	-1.0079227116166756	0.3238984551874812	0.6319937463069709	1.5501994891146371	-1.3782502213089933	0.4069918802965055	0.9465157199606914	0.2197922990586012	-1.2050211676059321	0.13454879008021198	-1.3244471696996418	-1.5442372215316045	0.5161018621698701	-1.6101906247171935
Br1160	0.0321542	-0.00222514	0.00308731	0.00266229	-0.00270331	6.9	0.0132749795860826	0.949497	1.0	0.0	0.0	-0.9669914970155349	-1.1233407948595948	-0.6829873927978478	1.9202467243172725	0.743606381642457	-0.5886267747853833	-0.04765924269181322	2.358629595378735	-0.7721031923967484	0.004614322368454267	1.2361341155686656	0.5149725284140337	-0.18214424384540126	0.09604193873433954	-0.17277562524002443	-0.46300542949842943	0.09011012972084481	0.17521237207225898	-0.6114576535177025	0.5553294803191726	-0.43971521525727186	1.2113285047396347	-0.20961480908549174	-0.01564813796671699	-0.6461116632862588	-0.574608877807637	-0.6845602485821634	-0.0020632649274220185	0.15598229280136172	0.5660404151328802
Br1588	0.0322888	-0.00457052	-0.00586732	-0.00176389	-0.00880861	6.4	0.1624812656311317	0.961547	1.0	0.0	1.0	-0.24125468819768608	0.5599735438386259	-1.1732280761275828	-1.4758573520366036	0.3780415213468837	0.6351084594569955	-2.8067159978691167	1.3055556486816937	-1.4766448035069595	-0.2549048334994798	-1.0318362115048725	-2.86198136470141	0.06896699123866755	-1.1651122387219965	-1.7618097308391902	-0.35108215929858494	-0.23936928030003188	-1.8448124451277121	-0.6398178333503839	0.7273436500510982	0.15315673401995275	-0.1861736826820092	-0.40602303542069995	-1.1743112117159276	0.3440695549308658	-0.020094124269166663	-0.36792023772106663	0.15864177920211942	1.6915250021606925	0.11663219680241892
Br1602	-0.0127422	-0.00646022	-0.00353664	-0.00554183	0.0017007	6.0	0.2014779197411455	0.967172	0.0	0.0	1.0	-0.2870861151250046	-1.1856509921038347	-0.49251003236578406	1.1564127629810075	0.4229671059101983	0.03596898748453314	-0.17379535073269423	0.9154633681373907	-0.9533289064686683	0.43698598079125783	0.1760951909589225	0.5580605370585748	0.9692996914922138	1.2670112080793572	-0.15002508141951376	-0.6056425073117366	-0.36690226996145353	0.5185092548797605	1.016270342279839	-0.9663700512387673	-0.3449824219839654	0.42726271488131407	0.6046615703453578	0.11155544244801509	-0.12534841793963766	0.1224864269356878	-1.6502809988995406	0.051099207684542694	-0.2003965655753317	0.5936702389463663
Br1664	0.0262527	-0.00487126	-0.00207551	0.00471572	-0.00435298	6.4	0.2015242741716505	0.976644	1.0	0.0	1.0	-0.7104759091140997	0.03582125764183936	0.18762964229253942	0.22646143382425646	-0.07564791644562395	-0.05958374455151329	-0.032492504102681195	1.1447752728810157	-0.8666556544745749	0.41474823852984877	-0.25724904892713246	0.9962417865321762	0.20710046566054557	-1.2443011986401116	0.4108138038233116	-0.6732504515070415	0.6842424189655598	1.0131623608448195	-0.5462510900584125	-1.4654880050343642	0.38234454244263766	0.28398844659517347	1.260997148123247	0.5690587853916008	-0.3210950153464454	0.47824870261077057	1.1177838093610946	-0.7285844016490369	-0.3486211578445545	-0.005603149522716071
Br1678	-0.0131515	-0.00439214	-0.00693005	-0.00318646	0.000610719	7.9	0.1579087241033206	0.973373	1.0	0.0	1.0	-0.8448543056651338	-0.059388027938695305	1.4875657540917957	-0.05175300545911031	-0.7344506124726295	0.08792144764633048	-0.41299288821989427	1.1303351858765351	2.6962254528976	0.48592843468815544	-1.2149567117449476	0.16087778422857532	-0.42810773211765174	0.3037436910371204	0.7563419873780172	0.7646526413864424	-0.3353395688636125	0.493266057967964	-1.3932387566702085	0.17599667866045965	0.459042686509329	0.35956330500689476	1.391639103825265	-1.0100056372990494	-0.3297721499634186	1.3401438825509842	-0.28893826737840755	-0.14370828776325084	-1.1315645287661347	0.06017229062238849
Br1682	-0.0132961	-0.00436453	-0.00790008	-0.000758403	0.000949289	8.1	0.1966006374170821	0.973366	1.0	0.0	1.0	-0.7073620649402648	-0.10532194310295062	0.5832989589158409	-1.0832919427241432	-0.6230448490233942	-0.3095442678969647	1.4327432070518948	-0.2165163920827337	0.6956418687355649	-1.2035410888523252	-0.4163908992587042	0.49113976944579685	-1.8867162970628264	-1.4836532515993204	0.16419820868736723	-2.3217567050396277	-0.38018690580298886	0.9317400514457682	0.7069016028454946	-0.8449029529178964	-0.014861759404477192	1.0668080896490388	-0.38966084597326256	0.7283615267158017	0.11941907354125733	-1.3473593304990954	-1.896614783447	-1.0066406996713921	-0.20941854075889152	0.9594337398196123
Br1684	-0.00957064	0.00145707	0.0298875	-0.00636144	-0.0117279	7.8	0.1607860283244002	0.978764	0.0	0.0	1.0	-1.109397920659598	0.4408033420753882	-0.11667644332742756	-0.06881013029623044	0.7802783432812848	0.25504025038717176	0.8286275093015374	1.622598002676491	-0.18660593224800004	0.03534883803773168	0.16037853045960884	0.47105178480675974	0.7778535736038574	-2.615319121576745	0.8761849850150086	0.12119567987211989	0.4481379650675475	0.5403502215695623	-0.5933284303719167	0.20891095504485974	1.0720103511223709	0.10832719981591296	-0.334273152382799	0.9723264955028	1.294443879949728	0.6511598987582962	-0.5476348749607703	-0.034330292099110406	0.32698980193334765	0.39884193690975867
Br1691	0.0341796	-0.00423223	-0.00465953	0.00180509	-0.0132757	6.4	0.215337872317929	0.970504	0.0	0.0	0.0	0.6630204268470609	-0.6862777818197078	-0.9813433709868044	0.19574207740532557	0.8798825939854372	0.4339720438336322	0.3443408630570796	-0.36753120897140207	0.9729094526833947	-0.5992579663043203	-0.45645395183178367	1.448135453720893	-1.9812502887596437	0.6255776634307705	1.245651723049387	1.626324942151085	0.7355128519153079	-1.11951092762526	-0.418767730202211	0.48509259997495136	0.4834090671750759	-0.48233604813599346	-0.19090825073823942	-1.1495623335538456	-0.5381898519506556	-0.19035922442619557	-0.24166127513530988	0.1631855790349448	1.4054952036109292	0.13314329377913298
Br1761	-0.013433	-0.00650389	-0.00201317	-0.00314494	-0.000292958	9.1	0.1929848100212833	0.982321	1.0	0.0	0.0	0.5075534061150562	-0.7229103264718136	-0.48041087143501565	0.8059785153916196	-0.2312089629770316	0.6412897473375838	-0.5264543574963129	0.7056314523145254	-0.7282993473270315	-0.7616361211786175	0.37904120457620966	1.1680359795203155	0.31445102844780826	-0.3383225427126246	0.738128089884927	0.21831653590425162	0.09827776547813771	0.722816210586029	0.039250058462064606	-0.034969227983828656	0.59590236171069	-0.2418087921058797	0.21533560057041382	0.13082905103031534	0.3260857379957028	-0.5757518550911468	-0.14757777145956985	-0.4045502149265141	-0.5989904614664321	0.5165540512405388
Br1637	-0.0127194	-0.00426638	-0.00224754	0.00144001	-0.000454193	6.9	0.1704622782607114	0.967904	1.0	0.0	1.0	-1.3167204584598386	-1.2589370222340854	0.39754663976404064	-0.4015689899398715	0.19363883257071024	-0.2519505924474434	0.3905000792446373	0.00347088542598644	0.8952054228039598	-0.19521837757255325	-0.2928766045687075	0.8215181416292818	-0.38214798159660057	-0.5007442784562951	-0.30291116174735055	-0.23302225703774265	0.8105548413440675	-0.302818222098399	-0.8022920353162097	-0.424393493204521	1.3025352703639141	0.941050422711648	0.42683055648605095	0.109457115160515	-0.7169512086634166	1.224971875782854	-0.09905138262450602	-0.3092216684180643	-0.4384026390870758	0.15420171945550043
Br1663	0.0278257	-0.00240548	-0.00085442	-0.00565886	0.0021111	8.6	0.1875977582912322	0.978173	1.0	0.0	1.0	-0.07479580813978506	-0.9814871411563927	-0.23145808569689774	0.3304342183493382	-0.7674024478948877	0.29801982274019545	-0.7351036166836993	-0.8864267138025724	-0.45130297401941644	-0.2249115456459837	-0.41819220544293917	-0.7494401666842858	0.5470693630343231	0.603523753858888	-0.2425475300363637	-1.345643904993186	0.06690631832313726	0.006034099570321468	1.1468817680361294	-0.6143330036548237	-0.4606236329766562	1.3039129213639828	0.7663933990609335	0.5906295650191273	0.9131434032161369	0.010863233533302236	0.5906126727100542	1.4107515839258449	0.6630440655898411	0.08854304992191202
Br1721	0.0404063	-0.00251321	0.00160326	0.00275646	-0.0071647	6.9	0.1695579334274504	0.964293	1.0	0.0	1.0	-0.41703786973402196	-0.6795269379642053	0.2120148823179748	-0.3798165194595423	0.37512044626398333	0.4139997952930923	1.709731904636381	-0.8519484678857306	-0.19899199037115475	-0.1722272354367152	-0.7859397379692294	0.848291195663305	-0.6149106257347683	0.8349653436358742	-0.8512685290273727	1.40054911245982	-0.1251104860479919	-1.3950278302172607	1.2503548956245851	0.8539361262065127	0.691337741860241	-0.04993953870298769	0.5762323689508112	0.5470945470712593	0.6634050234073798	-0.7782756217533604	0.26958641283813256	0.0016410819096485383	0.9849031426449227	-0.05884725451491267
Br1857	-0.0131678	-0.00374321	-0.0043886	-0.00194025	0.00158562	7.1	0.2695730271258688	0.967282	0.0	0.0	0.0	-1.2795983058076803	0.20540359654631807	-0.09885800490041836	0.2994855056068406	0.10739782543643399	0.5195321410944943	-0.21348993251148052	1.3935555187078446	-0.3056258490773109	1.6690009337244305	-0.7437511922239461	-0.0542989040427868	0.3947564015922567	-1.501073750725121	-0.8865056946073901	1.25572676695075	1.7754050293336867	-0.051201917154968614	0.1786615034252717	0.45712739620311077	0.37201442896970993	-0.8562185808910723	-0.627829721257854	0.38064288953865755	-0.10056161963414482	1.190925976868347	0.2521224806739188	0.12809531009557504	-0.3663213434280119	-0.01497985029727513
Br1876	-0.0129317	-0.00557206	-0.0074155	-0.00365721	0.0019523	8.4	0.1839002496205991	0.967721	1.0	0.0	0.0	0.7051180952814969	-0.15371922573083255	0.2935876596211423	-2.1061566922899124	-0.4235182290770839	1.6741442564683793	0.21435507947956023	-0.30159784065461037	0.14063866044391896	0.017419168440225858	0.027902641063135624	1.792045213928453	-0.2919858839237376	1.2072988979449535	1.061945946617747	-0.3700167633036618	-1.8414037792633393	-0.6170127892992204	0.9425774164794903	-0.05957160586339466	-0.008561540082387978	-0.6032172535091432	-1.0009328924529497	-0.44913072498005896	0.5825972152408121	-0.3752757605613494	0.364572144594665	0.7346597898469862	1.6488761819899387	0.09353428730432255
Br1881	-0.0124555	-0.00320674	0.000851355	-3.46247e-05	0.00468485	8.8	0.1913320797098701	0.97963	1.0	0.0	0.0	-0.589778189619849	0.17875056486180388	1.302234518940804	-1.0110626303459478	-0.322525774262316	-0.12449313986473312	-1.019781230044067	0.5838550324918227	0.9582479445732819	-0.27006421433149097	-0.072114152110474	1.312253441630424	-0.30317416325916785	-1.3014381235214127	-0.08403996503116791	0.8313356737565742	-1.2328060298226047	2.023644549529776	0.0660240040227078	-0.17903104128581546	-0.3350200759125633	0.12713238693868784	0.7622899538464033	-0.5233642492030313	1.3900082356903263	1.8273989137051103	-1.3029990325885716	-0.707987442667982	1.6275543478216685	1.5206175765047039
Br1963	0.00858976	-0.00324277	0.00846829	-0.00740291	-0.00279834	8.6	0.1424937117125039	0.973658	1.0	0.0	0.0	-0.8779752944951374	0.8059076847273634	0.16807833797229668	-0.7940533996095126	-1.5017658292037526	1.5667509960732804	0.27334819383751563	0.9555562046221314	0.9220089870244093	0.6275092294477671	-0.44871677333163673	0.6803487167622483	-0.2693642159030497	0.10266072967249995	0.37398100406166024	1.4836820980114065	-1.2278971030385064	0.4015304948380913	-1.8835941319699085	1.0705045945199456	-0.31973051212927606	0.9072356685510387	1.201088181058153	0.2374948702335508	-0.06014964358739805	-0.1929081245567956	-0.567481154673236	-0.772442971663568	-0.18775985705135456	0.582757127668607
Br1968	0.0402608	-0.00474675	-0.00489124	0.00128058	-0.00244942	8.3	0.1543241512883229	0.970765	1.0	0.0	0.0	-1.0773677429032626	-0.6892976251728667	0.2628416625997803	0.2987241122569316	-1.141546389323295	0.663621623083784	-1.1491769969273204	-0.03727801993971569	-0.05224712349520894	-1.6508036849836918	2.777288110810425	2.066885252388769	-0.8371951893541558	-0.9016193013674718	0.8668168078308903	-1.185693133215235	-0.7732091198745131	-0.6919116069341991	-0.16299852578670856	-1.4702927292649388	-0.4210531086221307	-0.7147287509321301	-0.8309119727182328	-0.9163238788409882	-0.6242818949980539	0.7901131441183946	0.7258967554432058	0.3315774877448068	1.152106895506955	0.47834993162057826
Br1847	-0.0126102	-0.00358165	-0.00265913	-0.00411616	0.0031635	5.6	0.2327826112476302	0.969476	1.0	0.0	0.0	-1.6105857394741296	2.24214759941105	0.542824620453924	-0.9651122099868538	-1.0332281016454656	-2.6653045202059324	0.6546725737548627	-1.5800486113142018	-1.0214989844184175	3.040948671480227	-0.546749500421001	1.5833184694446807	-0.5401885870533272	-0.9911113404369133	-1.6637028668274196	0.5601302625786314	-0.013706825476064733	-0.18376259875756615	-0.16523950422705463	0.3719877846654339	-1.3314541925503216	0.9733565454705075	0.9793822235865229	-0.7202579650566369	-0.6287025354767973	0.4420011116479341	-0.3158151220288491	-0.07227999615976935	-0.12041666296080497	-1.190832034265709
Br1854	-0.0126724	-0.00326123	0.00209454	-0.000938367	-0.00118029	5.6	0.156870005510696	0.974521	1.0	0.0	0.0	0.07148983692789794	1.0375495556516903	1.0766717681391087	-1.279970416250701	1.9276701607084323	1.0162878028901279	0.603160873185118	0.5472574236121148	-0.5692231759360118	-0.5000629647094936	-0.9013870245750472	0.856069730720575	2.028630024325624	-1.2574157567567557	1.0777889483589362	-2.403650463809433	-1.043031683874845	0.5651378580475434	1.2589561625003982	0.928557164203104	-0.5739634775913484	0.049150911713907744	-1.0714934015496949	-1.8957258086442845	-0.5754731897492789	1.871757170541727	-0.005825950169833341	0.3334756952547332	0.42381512641881347	0.7613671533958019
Br1879	-0.0109337	-0.00266313	0.0210958	-0.00170922	-0.00778224	8.9	0.2025786380260179	0.969825	0.0	0.0	0.0	-2.015512381867273	1.156758566222394	1.0154890102872254	0.3243105784341296	0.025359373600279476	0.7488310426308417	-1.4141650496238674	0.7402794362826332	-1.4948796536178208	-1.1929438061971729	-0.5157019483569332	1.7666402148988707	-2.133454484548115	0.9431162820050734	-2.44208297707309	0.8236570716799497	1.1457919221919146	1.5998703884502088	0.34257459447007577	-0.611995482955977	0.2118484056974128	0.8126579911680881	0.4301314443189048	-1.3308777028330465	0.21032452630333098	0.849968936590816	1.6388937426822887	0.4947556163903243	-0.9851747409904016	2.629336237365359
Br1693	0.0376602	-0.00488155	-0.000169848	-0.00118447	-0.00762685	7.8	0.206316053433224	0.966388	1.0	0.0	1.0	-0.47374542046744994	0.6927490282323684	-1.6001958443593305	1.6992529727363326	0.00570442865053147	-1.373155944878515	-0.12087566693350454	1.5221268450218137	1.066956426021488	-0.41249342594029215	-0.7629793687481559	-0.5337319162456886	1.104946412092249	1.8921980270689944	-1.6733398713349152	-0.8962794240141368	-2.1083716466209936	-0.8535348804946836	0.6683287816397524	0.6962031111089082	-1.198172856997287	1.4219714765658698	1.0464674124407822	0.007352392541661338	2.004468474110333	-0.5206078471181147	-0.7537765523900867	-0.9734575514974362	1.033134774658375	-0.20282839477920775
Br1697	-0.0113539	-0.00204715	0.0160478	-0.00172024	-0.00385359	8.0	0.2344034991054528	0.957819	1.0	0.0	0.0	0.9987288517139795	-1.077577759944916	0.8769745211347595	0.6378077740432114	-0.27653401964588437	0.45076278885457144	-0.7340417024181064	-0.43285294274914954	1.2334593212878056	0.7609127292555347	0.05158994603347352	-0.7927100169003116	-0.7035888485920934	0.7067777344833787	0.6954601102607315	-0.6739400269122235	0.3084181225107092	-1.2144907701984191	0.09556899735806598	-0.9264607814603969	0.11124681081322463	-0.16942731439579978	-1.4256814138867648	0.035399008780864404	0.21278240764299824	0.06504188729624073	0.0033999155934819835	0.568223095276434	0.7524582218710553	0.2387845156944335
Br1703	0.037747	-0.00441385	-0.00345478	0.000604638	-0.00674006	8.6	0.2476452980142334	0.971144	1.0	0.0	1.0	2.6457625825359665	1.6209077138878136	-1.9264162598960268	-0.32437598558973035	-0.2321587788199849	-0.09300667020633556	0.20671319492179074	0.44871205508598383	0.2713828676430324	-0.5702978362112515	-0.43988591830827156	-0.2082474368944315	0.04156902948190803	-0.3006267197306195	-0.6634523059295317	0.3973190685323859	-0.3276476343929131	-1.7622323382015594	-0.5721554008399004	-0.5095418702563573	-0.4135446196914165	1.6778969079265853	-1.387112067765205	0.5313575022619635	0.34027493607690856	1.0218443507413562	-0.5711143515903535	0.7412701991032584	-0.39315832973182535	0.5928426963271992
Br1745	0.0318058	-0.00367222	-0.0031853	0.000911047	-0.00541409	6.4	0.2559672243109386	0.972113	0.0	0.0	0.0	0.3546157446188104	-0.8833349737797692	0.055498563334227737	1.3235034135821084	-1.7875691819834587	-1.794777263181144	-0.25876963756453336	0.2515740577166537	-1.7243361395944123	1.433355375829312	-0.6500558503256841	1.8670892993748387	0.18001739152842014	0.5434324347689656	-0.16907998622829504	-0.04963771519869589	2.0158843556281725	-0.6416347219653369	-1.071800649560926	1.0740809569233818	0.7338122086591744	-0.3135758080728939	-0.39625568419474216	-1.828258476394986	-0.8791729765008616	-0.5419493175498478	-0.6623238015307163	-0.16632922070492145	0.38804997126882484	-0.8086395908762993
Br1700	0.0127627	-0.0041972	-0.00262394	0.00123526	-0.000202821	7.4	0.176889915853103	0.956662	1.0	0.0	1.0	0.3339001561564635	-0.2703265185054815	0.9444970013712047	0.6528221957672868	-0.07666218113442157	0.46350760190747176	-0.27319188320674714	-0.815456486324186	1.1494095834473215	0.2803290112373099	-0.21628523789324752	-0.9575791386338058	0.5333022164932297	-1.2172002413078757	0.36850562730437675	-0.5034890877841993	0.2762734762386377	-1.0387749937583841	0.6516186728249532	0.33286401096335305	0.23602354388271027	1.16298887064473	1.0069861952075208	0.1666977216487733	0.45173577373638735	0.8005788212161434	0.5699611520839424	0.45883952337501366	-0.31679419593747693	-0.016510506884265256
Br1738	-0.0127714	-0.00497331	-0.00389118	-0.00121183	0.00170123	5.5	0.1605175293441573	0.96539	1.0	0.0	1.0	-0.049893226988086244	3.950508944948614	0.630322879955186	-0.4981511535344327	3.3430137901306813	-0.8281234409711623	-4.501730289824804	-4.26681470150669	-1.1520610314159425	-0.30633470348058617	-0.8013273252980242	1.1720609507519875	1.6500054769034098	3.865953489470983	0.06429941028555605	-1.0678096668097041	1.0872330031601585	4.015858984987594	-3.562458109785145	1.3265581935872268	0.1095167671518427	0.42351613311566105	-1.7108335359123277	3.820205257697899	-4.641853750027228	-3.4543786748565015	3.462021075833387	-1.8597139048382105	1.6320362854537451	3.2655611124345527
Br1858	-0.0128705	-0.00438505	-0.00695611	-0.00373252	0.00312572	8.4	0.279552656724899	0.958546	1.0	0.0	0.0	1.830139044686316	0.5972660269891523	-1.3018323682342359	0.24353236726574293	1.128904292924109	-1.2786792075749378	-0.6714358192501603	-0.6723145039536882	0.21340730026420734	0.15325141609544277	0.3501382692290167	0.4667929389635033	-0.07957301508177267	-0.23348513971581636	-1.3211541515810052	0.6926935177135526	-0.05447113459535327	-0.23727257413676095	-0.48952884555583753	-0.886867078010124	-0.9330832476254434	0.663809680549459	0.12994567408722352	-0.1794294315169544	0.9287391670013844	1.4050958180044557	0.47488544191841986	-0.39359511040891854	-0.3842112158000489	0.22379863625744784
Br1859	-0.0128927	-0.00427441	-0.00215942	-0.00440636	0.00417028	8.2	0.1815886650338235	0.976995	1.0	0.0	0.0	1.4498822569344407	-0.550704550042305	0.5646624033662575	-0.2212493808713732	0.21905428917298445	0.48999773627739185	-0.2695201619397902	-1.872233387148418	0.4346850649935846	-2.3357280451251006	-1.6253801374352292	1.3432384500744483	-0.5533141739904188	-1.4560027456805351	-0.7249117373292402	0.6378162168171747	-0.6281597695203139	-0.9443965632861343	1.6731586361667161	1.3603649252415724	-0.2929597084808831	-1.3430277730617348	-0.7360731162507138	-1.480344583571726	0.8021645960555476	1.0367453389012766	0.297878616487782	0.3231507871678638	1.0708382174424986	1.6925321291375848
Br1880	-0.0123331	-0.00145287	-0.00420953	-1.233e-06	0.00241128	7.8	0.1887652286235253	0.970585	1.0	0.0	0.0	-0.1819221871128158	-0.3913288094206354	-0.5037599287004723	2.9025997786569198	-1.0552523991964189	-0.2620866656210465	-0.5951499685524172	-0.2664353181629	-0.32998365606597474	-0.9744792550882232	0.031272673583725256	2.3677062772866284	2.0220854662554957	-1.847115325361325	-1.240126123897205	2.933304568329646	0.24193677709939349	0.09133527432518158	0.025522983470883664	0.9731393064368254	0.2682284512894717	-0.7443132616004845	0.7824718656215109	-1.416744704325445	-0.1518406158799993	0.22716582341782607	-0.7183063053335941	-0.7872056440339189	1.2621387231558279	1.9690443107181255
Br1964	0.0281107	-0.00498465	0.00348902	-0.00346699	-0.00615526	7.8	0.1647894151329907	0.967344	1.0	0.0	0.0	-0.58342012263354	-1.4066936645358155	0.5577982756860173	-1.507873883879122	0.030753204008500127	0.2816614306752614	0.06651090109001885	-2.2331104053712285	0.8627097782827134	0.002988988928448236	-0.13599940858917736	-0.6782866989647375	1.7582025589384875	0.47445661663003524	-0.5784019982421182	2.024027857177197	-0.12417644240891183	0.7433391216650572	0.3050177545935249	0.5181611713870695	-0.27666000652423517	-0.42807263187007166	1.222797637444171	0.4293334486459882	-0.2667915320651034	0.5876755667148165	0.48409516975464895	-0.0007447066764604343	0.33300427798630156	-0.48150921866914753
Br1966	-0.0124443	-0.00464587	-0.00159347	-0.00537511	0.00120296	8.0	0.2043752634673794	0.974633	1.0	0.0	0.0	-0.8821420448268269	0.9614111409775745	1.4023991703476093	-1.024066192344301	-0.14198737774724796	0.031555642569977164	-0.48589960049847647	0.22449110267087166	0.029038078664419553	0.30015120321829064	0.22326371382946777	1.767546162528374	-0.4006087298434005	-0.35417102089422403	-1.401743832382093	0.6611706622521252	0.048610705999432006	-0.29513074596719086	-0.2555105214892688	-1.3764175754564583	-0.8952378095957045	0.5296410424615486	0.12203966631742494	0.1951764974706887	-0.3162124020860327	1.375100454845933	0.4748499243122876	0.6079006139972989	-0.0488432498989298	0.8055500131727502
Br1878	-0.0124673	-0.00308346	0.00124123	-0.00444681	0.0019769	7.4	0.2483233415710416	0.965251	1.0	0.0	0.0	-0.45353498747751964	1.423096949293539	0.3159714614875269	-0.9456079124606446	-1.6395637058788781	0.18695119199915752	-0.4053579775034563	1.6857882487365512	-0.193524046218602	1.385346684881116	-0.08990997752841197	0.9801629664078465	-0.517774075369412	-0.3960975232788558	-1.2970119744603978	1.053746037378621	-0.727130518025965	-1.2382008919255645	0.4335526172351881	0.4868856440134281	-0.6289704959310279	0.28606947514511677	-0.8679293837340231	0.20352797680380655	-0.15048970559705876	-0.9394762746035541	0.06009843706238215	-0.1942315469877374	0.8261202451228996	1.0896299009459638
Br1961	-0.0129926	-0.00497139	-0.00482549	-0.00365153	0.000144913	8.8	0.1855430021541317	0.974979	1.0	0.0	0.0	0.3407519200659034	-1.2122453343778175	-0.23698707596713336	-1.4818493850525842	1.0873661463002382	0.19473898640592327	0.45874824889105764	-0.6562901693454932	-1.131811869347656	0.6585147034749712	-0.06682233288288694	0.6181349963282616	-0.1513823347521625	0.7898366101784277	-0.6888059026827372	1.4550068938227518	0.6941795684122919	0.06265442721582452	0.3664523198990532	-0.1243060976240239	-0.4871827895285578	0.6058612224017894	0.07790725721384092	0.3879096672499385	-0.10050455075287161	0.23098323118164366	-0.1887047571995429	0.41312164569615956	0.47053447672516385	-0.531562233514293
Br1228	0.0267411	-0.00496955	0.00216997	0.00257903	-0.00120088	6.7	0.1546796646600945	0.974498	1.0	0.0	0.0	-0.4130059221252847	-0.4823732903604297	1.248934554572781	-0.056748865858076494	1.7935929349486215	1.018653933085857	-0.5074013121549857	1.497236801234063	0.8070369005946216	0.7966302412367253	-1.2307708527354646	-0.06994773157554246	-1.045975228965915	0.3289039124379218	0.8714451229452873	-0.023351247149495716	0.39216503964904037	-0.5054800794759987	-0.6751780324209135	-0.8482648457969212	-0.08027385589160502	0.5940925529259152	0.1620834302864913	-0.8207558487190615	-0.1327494398774395	0.4808082491816277	0.009023782577459748	-0.3793574029126443	0.3401836266550629	0.2301030964880474
Br1556	0.0365817	-0.00423142	0.00167181	-0.00134237	-0.00640127	8.0	0.180012936622233	0.970461	0.0	0.0	0.0	-2.083781413418514	0.01279704227687747	0.7592540582342661	0.2833323387481602	-1.0192256445669028	0.6960972151314209	-0.717018193483045	0.160335706253284	0.4705093637954213	0.685404912299339	0.386206705310166	1.9419535655755447	-0.7092575904550594	-0.2593673556800727	-0.2426971841702004	-0.5913892770180978	0.11876179063693856	-0.13936454476824492	0.5112392334496849	-0.643711504528749	-0.5005871936420566	0.3641819377600204	-0.7531505268453901	0.21722670944003142	0.02601274873254139	1.3324139789733886	0.6589243144625859	-1.2622397535497176	-0.17041303728721519	1.425105136256322
Br1558	-0.0121498	-0.0048882	0.00086555	-0.00449152	0.00177309	7.0	0.1541040401513809	0.972715	0.0	0.0	0.0	-0.6253994819708341	-0.38892629386565314	-0.5655389268838432	-0.2979304868498928	0.7528683060178251	0.2588463507409101	0.6719051734962045	0.7977687559410201	-0.26779406578846704	0.6934256882835358	-1.0854053504047076	0.11955516701257027	-1.194238336859997	0.02059467147350229	0.46010830001513786	-1.2082431394604531	-0.8615243507561742	1.278415966088167	-0.3671857838858198	0.48596705164281234	1.1425982191249526	0.42409106152080994	0.9532658126046346	-0.35581157791564916	-0.8798687743494092	0.0534947739154823	0.0408779671066538	0.13909544582295236	0.3275673920111405	1.89268138591407
Br1611	0.0335959	-0.00471531	0.00281457	-0.000552412	0.00822169	7.5	0.0164521904916013	0.977723	0.0	0.0	0.0	1.1931276832210058	-0.4170864184301996	0.9421096197614806	0.3578345400082072	-0.30696742274953775	-0.5726794629923451	-0.854453388725054	0.39954874079861147	0.03251403443776858	-0.3114608947867285	0.5809313797485871	0.22700694070620395	-0.8487176701492511	0.30788702780008126	0.34068132487023156	0.2385170029243461	-0.6020712741512698	-0.030783856468538057	0.21813895961495974	-1.4162255282694935	-0.002352175685905578	0.3588634550676453	0.285635321178549	0.1997942885752224	-0.392292298378947	0.0363988709622781	-0.4613814769514935	-0.287246180257086	-0.21052920776984263	0.3392420926474235
Br1649	-0.00942566	0.0168724	0.00215098	0.0430852	-0.00183234	8.0	0.2177939603423002	0.973553	1.0	0.0	0.0	-0.49359900911679855	-1.3102579224325783	0.21513195499516405	-0.44899369987117055	-0.9121561726106463	-0.709250741041587	-0.33325448772754174	0.7677186918131643	-0.2280752842157248	1.4194511384440363	-1.4932419888351556	0.2956315499677421	-0.24174130718753867	-0.4343800251524272	0.23630118767145564	-0.5693878226720462	1.4444522013695837	-0.23385936701711432	-0.779398402339605	-0.9194167487737148	0.699344290612786	-0.038179224303615984	0.41159690525523257	-0.009695396116043193	-0.10363782664668249	0.34955001465154867	0.5795214669943263	-0.22943860660437487	-0.15318213368030503	0.02249868869418566
Br1657	0.0362148	-0.00388811	-0.00201141	0.00114226	-0.00358197	8.6	0.1831205041133685	0.979159	1.0	0.0	0.0	-0.8274925412960135	-0.26674418635185465	-0.22182299126258348	-0.13927732492830994	-0.4621306528241549	-0.46044349060022494	0.3861738099478314	0.8648638465046234	-1.3419918220328684	1.2336374788945887	-0.468929914772943	0.07163791209373377	0.3471004974703774	-0.6559959628055116	-0.5529198518683338	-1.0930025684912252	1.0737618397710533	1.602264051923326	-0.5669687755565731	0.45079477041659805	0.4985591766883175	0.651364068673791	0.22443908122638465	-0.2637570028243104	-0.27262477967475746	1.1080206028421544	-0.37155990313363	-0.11967995959924906	0.5172290507216059	0.9953072838665113
Br1753	-0.0125961	-0.00386359	-0.00562323	-0.000810783	-0.0011537	7.2	0.1567143059115751	0.973996	0.0	0.0	0.0	0.6147556951587217	-1.0537102480094207	0.5204827949570824	-1.9378691806942339	0.8526933148173952	0.4272719427850096	0.682345839013564	-0.7013123690006854	-0.5523154595976701	-0.04258426832069618	0.6662104277777107	0.8149908385755529	1.260230499265734	1.9823257790072981	-1.3768132197212537	-0.17796586594289018	-1.1848435820836372	-0.6397844804441187	0.4407869728773262	-0.04303045424903639	1.2909111746002586	0.8316817044080113	0.2589888862688927	0.4080868893405686	-0.21400204877414958	-0.46784904430074714	-0.75831941485731	-0.20335595410451168	-0.2524129580841955	-0.6082666456390105
Br1613	-0.0129204	-0.00521499	-0.00377299	-0.00670178	-0.000680634	8.2	0.0188404239934888	0.972514	1.0	0.0	0.0	1.6372738797987316	1.89496320561488	0.8185961281772209	0.7205642958812644	-0.44058466616485564	-1.6988596336102837	-0.43162745278334747	2.3122141978717274	-1.1181962318781282	0.5834881016805484	-0.1363501533108687	0.2096303517560065	0.5365182098694734	-1.9272109952456467	1.211939720682533	-0.2783736789164397	0.5352715984427335	0.020365671014811466	-0.40247928903649643	-0.8311297004450189	-3.242300669283227	-0.7000978447121086	-0.6406151860378542	0.1555066673785326	-4.821045219838532	-0.8754151901003931	-1.5232209034536048	-1.5224239695939907	2.8721227361257293	-1.2286335328655615
Br1695	-0.00994431	0.00102351	0.0340428	-0.00737715	-0.0145092	7.3	0.0136829197203436	0.954594	1.0	0.0	0.0	0.18703129935150267	0.9211529776116449	-1.3982725560650824	1.4646027671740782	-2.9497209146090064	1.9967477670139815	0.45031562466196573	1.3316565731520118	-1.593100535520508	0.7439638654981957	0.4708810672237017	0.053199518369966836	0.611592579404261	-0.033013079005255797	1.0115042659999167	-0.19078972640022368	0.2787878075239615	-0.18612300742555618	-2.5430722320052435	0.02831656607567393	1.4960910075861376	-0.28139826351938496	-0.08471476487867835	-2.4440607594781603	-0.7729083715133939	-0.22056714181760184	-0.006800607725411112	3.692356771367954	-0.38736008870459354	-0.9619698079531994
Br1735	-0.0125334	-0.00430522	-0.00183524	-0.00448545	-0.00128671	8.0	0.166077753485744	0.972051	1.0	0.0	0.0	-0.04646359630698965	0.21106285000508004	-0.4290172668609599	0.03961047052398285	2.0313429111009684	-0.05274704959710203	0.36471504161840584	0.0988386950396112	0.207272970655792	0.9156427201899177	-2.590740364272217	0.946755221548808	0.6375303332086392	-0.1307094356692799	1.9078798072642371	0.68433311286082	0.7948893241639531	-0.24166048909039967	0.25874453448407886	2.8430394773137553	-0.15172230084967353	-0.41880539668163147	-0.017805324162567786	-1.490666093719332	0.41366412553334686	-0.16078119004341576	0.13052252620120713	-0.294812220987776	-0.3117374716154872	-0.11955691232281944
Br1289	0.0294465	-0.00495386	-0.00107649	-0.00374447	-0.000150645	9.0	0.212047429717165	0.951301	0.0	0.0	0.0	0.22702567051809328	-0.23981279645774253	0.04916120281344067	0.6380160929708069	-0.6909629498181334	0.8571779002587536	0.29593340834783494	-1.556144505677503	-0.11561931029633926	0.17332482575607167	1.1563921199887872	0.08670161191874382	-0.6588680637742612	0.20959714385833364	0.4370726578119675	-0.5670185477796724	-0.7125968388293694	-0.711694627641417	1.3105265780036692	-0.4422363660626028	-0.857182728492779	-0.5764377737284853	-0.7498764831077617	-0.008318269471744633	-0.2728497093155496	0.6960746835997262	0.8963254033659239	0.1675501227616929	-0.23052362802460352	0.1096474310612869
Br1292	0.0291897	-0.0047774	-0.00376608	-0.000744312	0.00277393	8.8	0.1973092980987347	0.975674	1.0	0.0	0.0	0.8583644757558696	-0.2728089620732129	0.6031077509264654	-2.167553919751771	0.400680255445869	0.3911261420632674	-0.3433241095425364	-0.41782682106545954	-0.8858974984568274	-0.028897234465536478	-0.005437870889185597	1.0060891858947858	1.2277893052005615	0.35244950139495995	0.4388304091827695	-0.557683248127106	-0.5490158176212349	0.39345225214540414	0.9370998225359668	-0.6199246611572774	-0.9477614285378992	1.2167063179463005	0.14812202181511974	0.38177244973200125	-0.40608164605912656	0.22140118091312894	0.6083641312859982	0.5804271576901305	0.8309689004740992	0.06758961561026411
Br1553	-0.0125814	-0.00504866	-0.00262038	-0.00126589	0.00150892	7.1	0.2223994871984779	0.975788	0.0	0.0	0.0	-0.3002138331785142	-2.120834632407924	-0.2842339143740741	0.980838749182849	0.9034956132560972	-0.29945293630958525	0.1026494452882213	-0.3331777282489062	-0.16179958869840674	-0.1249941618881028	-0.3832378619265397	0.2738295447328482	-0.38040268571105135	1.4213261921766633	-1.0789966119623804	-0.3680112518377218	0.1091849981452766	0.025033643320304107	0.7088549047629937	0.06512512240443641	0.14569152080856682	0.8265901314592748	0.13421368425237867	0.3394164440281134	0.38437808482171726	0.11869926394626452	-0.5390118452009348	0.8589250799792266	-0.25928862954243564	0.4238309077401073
Br1670	-0.0125521	-0.00528117	0.00144704	-0.00115811	-0.000475213	8.6	0.2824256577602264	0.980825	0.0	0.0	0.0	0.8416070922456611	1.131372985229676	-1.141044527901122	0.2910335708074522	0.1896092440473683	-1.8102258854057247	-1.3453251554109846	0.641557331428776	1.0260353222436376	0.6434729617088001	0.19445354058737088	1.506964862383923	1.631198091848069	2.020045491032173	-0.3349399765367575	-0.12457656486969464	0.9458737939714229	-0.4324317374679242	-0.15824208175141186	-0.823643054535833	-1.064324379175465	-0.5560700129335088	-1.2379909810183483	-2.227452794254216	0.9153764424606888	1.4647300442677005	-1.001447690841066	-1.1517133577131846	-0.5562758279403134	-0.11615728982303561
Br1282	0.0372729	-0.0046821	-0.00275838	-0.00746745	-0.00999465	8.4	0.1588239338644038	0.983004	1.0	0.0	0.0	0.020755603385186918	-0.6788659335518609	0.26383362935137633	-0.10704645326785736	-0.5656088768652165	-0.6021291578061398	-0.5576162867105664	-0.5836017145900271	-0.7599689030740884	-0.6582516565006616	0.6752827988748575	0.8347804269212907	-0.19080981993278398	-0.5254711249325158	0.33376918062327754	-0.8061029855519106	0.9237026761525458	0.017742876660302335	0.4813018962417372	-0.6143744445619613	-0.11865148208600179	-0.28426623256958555	-0.011195056770863136	-0.5572300186999094	-0.02752135113716906	0.14998273521781622	0.10717639026549035	1.043966806152263	0.9984509613025924	0.8828215078814124
Br1412	-0.0124601	-0.00445132	-0.0021114	0.000438267	5.03588e-05	7.8	0.1508205528337238	0.971146	0.0	0.0	0.0	-1.112275603709171	-0.2878191657642172	0.4992738085733387	-1.4349714485634877	0.6022363964833075	-1.1029127067956954	-0.27396140935921076	-0.06512445163786457	-0.8079977387190805	0.30242464406486347	-1.5135220945550174	-0.7387753981429802	-0.49146184705971685	-1.5549370051935192	-1.0965666576388378	-2.391231184912871	0.057689595871590525	0.8898129546788178	-1.4759731948221908	1.0646214698490477	0.42862010695503616	-1.4554205745792663	-0.2285968819588825	-2.1157023665397454	-0.06650790647859019	2.057696539425452	-2.2079034584100614	-0.41718792379739583	-0.3204760441559391	0.9441013732352698
Br1435	0.0358279	-0.00467484	0.000783385	-0.00404373	-0.00370029	7.9	0.2217738161967343	0.956323	0.0	0.0	0.0	0.4729370964150568	0.8490228872828091	-1.1295642635599163	0.9925394797430367	-0.7811308287060426	2.270019101333724	0.37821232345657024	-0.9487554287155787	0.3788327128467739	0.046255344709664935	-0.48076246307818593	-1.0241864981496238	-0.3057158585587609	-2.144302234723582	0.8282755230420934	-0.7608827575206727	-1.0006130152540391	2.5144521924428687	2.6252639393209285	0.8417927264910098	1.9249539263193471	2.458891672190999	-0.31505256310613966	0.3550864513488521	-1.5227129256536216	0.12645323698762598	-2.4666403042996223	0.7110233171294985	-1.5637676362843005	-0.4049875842033592
Br1531	0.0384332	-0.00354722	-0.000638854	-0.00175623	-0.00329758	7.9	0.1873632582177315	0.976991	1.0	0.0	0.0	-1.5555862718457665	-0.02880131577440856	-0.04564967709432341	0.18158421236321182	-0.3426836389580786	-0.45582410246587457	-0.39983909447549254	-0.19333994939274468	0.34450120861066463	0.5886402026135025	-0.16457386566849957	0.21703355445796482	0.8282006726834257	-2.0416029033652294	-2.4827365379425634	2.462210668617083	0.6171035309472251	1.1219952839393446	0.0013850531313023254	0.1424968828354614	0.12119113258474754	-0.1226380542832244	-0.027596413691104653	0.886484102568063	1.4402454763192587	1.1907953484897955	0.33815160606497746	1.1409277106748157	-0.05686726960533915	0.2332505800426792
Br1053	0.0354094	-0.00460735	0.000945525	-0.00326907	0.00177112	6.4	0.1965983360184783	0.963694	0.0	0.0	0.0	0.5086808407215941	-0.43971781749758765	0.37404366231739766	0.6582115490284698	1.5044838862619507	0.03193344340489013	0.6708669984987722	-0.11744869507326162	-0.8753370218040903	0.027613820391608913	1.0119848078957148	1.4222843295291083	-1.416066364587934	0.006153393576195829	-0.32051020408288344	-0.30933741211804094	-1.5221564854511107	0.32355071303606714	-1.2054037505655002	-0.09567048960126588	0.08735422517209193	0.22902510476184743	0.824410263734421	-0.07079518290425854	-0.3850250042252479	0.9382366751513492	-1.010019354967418	0.0021465582246893403	-0.22390541456608615	-0.425233241978327
Br1067	0.0195079	-0.00372504	-0.00288436	-0.000488544	-0.0036065	8.8	0.1623786737375485	0.974089	1.0	0.0	1.0	-1.1531131257930307	-0.00813272718328757	0.0046584739477181945	-1.2494738833549397	0.2063985184203181	-0.488687741176749	0.7405081718653519	0.29607704453659306	-1.4521424243712897	0.5825943576992515	0.5758801790251467	-0.24842831772006146	0.22812375980275076	-2.0012542088251006	1.0164354033055127	-0.3839428327526488	1.197853307794319	0.7717402905873079	-1.2378600471907102	-0.5963462464130099	-0.24810387644131277	-0.4182365336892569	0.42201791203243155	0.3592353173706473	1.062688120345598	0.09310035512562491	-0.41835391255782495	0.24385342218756464	0.3144183602128102	0.37481846541194724
Br1245	-0.00975804	-0.00235558	0.0205113	-0.000860031	-0.0145292	7.6	0.1743859817031677	0.966344	1.0	0.0	1.0	-0.9268516833327325	-0.9746499406705335	-0.25763412948306	1.0695910479332815	0.7904007525464175	-0.7946289473074959	-4.881688426171343	-2.9789095111585713	-1.497377952112265	0.06570097137633557	-0.9781130614026528	0.7908545691747596	-0.9799912109224416	1.2658306515531157	-0.5816347982628152	-1.8656006511823395	-0.9431061150713939	2.1251660332073667	-1.6498113413624687	0.6073649009428607	-1.0411878961232017	-0.330993566578263	-1.7404575888801692	-1.189315840526658	0.39781137607073275	-0.9552580059452446	-0.5580155961292627	1.1985888430154488	0.9407023366916691	-1.1820950829049428
Br1288	-0.0127796	-0.00611951	-0.00537396	0.00158254	0.000756499	7.1	0.1854892483137317	0.960102	1.0	0.0	0.0	-0.6294468139857621	-0.9348342475816821	-0.024450529727257333	-1.4090670424977063	-0.25953618337705936	0.9877780816510277	0.5356582131149449	-0.8632902605451878	0.5078727324229702	-0.4344525274297334	-0.31823611107005173	0.5072118627769497	1.3610312221215473	-0.4766850265125706	0.27478701087665935	0.5089898103659266	-0.10735999683825281	-0.32207348691551685	1.1401255915057307	0.3222866524279906	0.9023361962534772	-0.6168370004272004	-0.09954244563457022	-0.31420877401091374	0.46094358117253253	-0.640232700424898	0.13411262916614633	-1.0546059613300938	0.19081440046873943	0.6140597580929077
Br1733	0.0383295	-0.00396703	-0.00191754	0.00080079	-0.00620722	5.1	0.1596270888167159	0.966075	1.0	0.0	1.0	0.341467324381085	1.5157303156942346	-2.7870255058499254	-2.385530722687448	0.3869658872111899	-0.5825257722017817	-0.030230714604956854	-1.0429410328274429	1.151598930880108	-1.1478569931418678	-0.13051107170517923	0.3205751073241291	0.5768944615507432	0.583070905761948	-0.2824567094944986	0.3704118531953185	-0.0799466719029722	0.3611203894638265	0.7202010403949068	-1.118275279543102	0.44309723345244334	0.4656089291973217	0.18702824201113116	-1.0448056149211336	-0.5057735703633512	1.7312726096611653	0.07212689307094508	0.1969654731351206	0.046755896984445815	-0.5267579114143556
Br1227	0.034603	-0.00377223	-0.00015495	-0.00392674	-0.00195259	8.1	0.1253601106758788	0.973489	0.0	0.0	0.0	-1.5947514879787927	0.795779150407203	-1.1599841998654767	-1.0402862798479797	-0.7104008331621593	1.6801206210602977	0.7174210445369202	-0.33298270201611013	1.1339257072564317	-2.8953670946911894	-2.6772609902098163	-1.3434419638584072	-0.5718182181462644	-2.1710247328445154	-2.807197192548909	-2.156717411467108	-0.27535053796372244	-0.31826369288819095	-0.59040140406734	0.3738464414306433	0.09848003094077147	-0.3358050523285295	-1.10538286233672	0.6095474210116228	-2.1759151266763648	0.7783687383879144	-0.88772131051328	0.5556941839825447	0.3304069363504402	0.9458275300097126
Br1303	0.0314249	-0.0042259	0.00186403	0.00657301	0.00508409	8.3	0.1928069075415447	0.960575	0.0	0.0	1.0	0.3341469818269526	-0.4327246001897575	1.578504667485097	1.1255621405051837	1.6810021887612185	-0.06445293897734622	0.35578127753295574	-0.04090982641387122	-0.19772708063735844	0.8588587915442709	0.3320792592771314	0.32713811565076656	0.7412577712703201	-0.6688473409607032	0.3728989434290861	-0.15138681299695794	-0.2859638354529987	0.13778468940295888	-0.6068072652938767	0.7127059217079428	-0.6077957426505913	0.4686041686912176	-0.25040927863121615	0.07295367228970544	-0.12150726844864636	2.5114809644093077	1.297298555521132	0.3105683208087274	-1.1985793819781339	-0.5401697435974113
Br1371	0.0305545	-0.00531121	0.00121781	-0.00493796	-0.00454867	5.6	0.1864055224077408	0.961497	1.0	0.0	1.0	0.881125171547257	-1.1491655320661698	0.4421696428167818	-1.8017688759642603	0.6174909682687915	1.264421367340791	0.9092125131357195	1.568809914030115	-0.21555387149445537	-0.5702120331125135	0.773816409188237	0.46540420205547234	0.3542379802262138	2.031619705964966	0.2505792198340647	-1.1658340258391506	0.6813379697200327	0.5265649479746631	0.48709133174808383	-1.5583696852848996	-0.0372557766873066	-0.6458008037576013	-0.37614671725752635	0.027646074734107014	-0.0925009161194306	-0.696511307758085	0.22955501973919418	0.15196527904496712	0.8931770964731408	-0.05583808437395713
Br1648	-0.0126174	-0.00488115	-0.00709118	-0.00215096	-0.000290335	6.6	0.1996354724320941	0.973916	0.0	0.0	1.0	-0.42623104576295784	1.139436704919458	-1.199331807464267	-1.41371790871714	-1.6047999484719728	2.4983178713528154	-0.7729689756191492	-0.7898349354241427	-2.0168252403352183	0.604410099971933	-1.2133269847998056	-0.577916886183709	-1.5536531916064702	-0.3108366278033062	-0.46846057915712874	0.19816521907390405	-0.06368559707313787	-0.3260204258238689	-1.297319763220762	-0.8245877193940432	-0.24236066970555367	-0.8559695078657485	1.4259008485710196	-0.8255402140837557	1.4378377643046671	1.4822440676927224	-0.018577180536876327	-0.38018767060171604	-0.9293897765443282	0.6467766155326526
Br1081	0.0291885	-0.00430591	7.17088e-05	-0.000343438	-0.00908933	8.8	0.2103437568620326	0.956794	1.0	0.0	1.0	1.142026967801085	0.4041183383336469	-1.1290979305400295	0.2562124438608997	0.8568789028402565	-0.7595554665425049	0.9369137576714487	-0.7284413398554236	0.09469574345691333	0.7181611593608028	0.43826554494969705	0.8253729974244853	-0.39638351918129716	0.5455521763940245	-0.32248070283988667	0.7718228570354086	-0.9528626175849546	0.8138428712044837	-1.9146719758530397	0.12011589101929188	-0.34949714035424645	-0.3501986298253976	0.050997085132588195	0.502701222460922	0.6411498022851071	-1.0124634468820901	0.09526025818167032	-0.2924399786578715	-0.6029994041761034	0.09317721538849157
Br1324	0.0304747	-0.00397165	-0.000149978	-0.000107699	0.00137135	8.3	0.1295425415199434	0.973279	0.0	0.0	0.0	-0.2812413722803083	-1.5439491265481726	-0.39562018493116563	-1.3690797862477422	1.4791450933843735	1.0412142884555668	0.7133189063977705	-0.34904943495173285	-0.2005316757381971	-0.258001632050201	0.4337677291696119	1.0755481114686058	0.13742242794463158	0.5029952514777075	0.3481096074921715	0.8206312556725801	-0.047422796609165666	-0.48917093109504783	0.3007189686688344	0.28914625372050295	0.6011549074533343	0.7560346874287871	0.3126435022449109	0.6765951618827655	0.131387603939401	-0.36160978269041183	0.1644099939081985	0.5405477001857222	0.49401971065076544	0.2387938522089855
Br1348	0.041473	-0.00379908	0.00158249	0.000397756	-0.00541068	6.1	0.2108661793111113	0.972849	0.0	0.0	0.0	-0.7401956434842559	0.9351540962893793	0.382032383213799	-0.5262187759273037	0.19052964109822015	0.4630174826841515	0.41351330207991727	0.762107169455992	0.10890456463786097	1.0229706169179966	-1.2942544316012903	0.35875491071270427	-1.5988038630884949	0.08715015693721662	-0.22894155457934434	-0.4461974506267535	-0.6939698910012183	-0.17846854568801676	-0.03797975477777236	1.8820782713759852	-0.6396884414857966	0.7624143029718089	-0.052481253058701424	0.2993685937076139	-0.33856398280417643	0.6233497199002787	0.3681364208165725	-0.5205169531831504	-0.4890907543980786	1.4174823558879301
Br1350	-0.0113189	0.000816706	0.46048	-0.0303026	0.0191567	6.9	0.158190617024634	0.975587	1.0	0.0	0.0	-0.027171202054639305	-0.28528707027229944	0.5492630015631745	-0.4810414393679344	0.2745676501559321	-0.20949565854942073	0.11099935535918046	-0.05989742394125575	0.38548084096347296	0.08378581630853178	0.07435237343825161	-0.04823156628865408	0.440691701667429	0.3485310670452977	0.17846396983044913	-0.027908355435558165	0.09027541353504451	-0.17965399996579073	0.05908565047042243	0.32098015583203504	-0.5931228031088419	-0.44799476782743297	-0.39667524827927014	-0.41522558918660596	0.28173774760161324	0.0164600963880064	-0.2750226375646616	-0.4498096779447302	0.19342624557192617	0.20761459593216555
Br1370	-0.0129365	-0.0042923	-0.00349319	-0.00331122	-0.00127527	7.7	0.2167127859767675	0.978812	1.0	0.0	1.0	0.7491740760746292	-0.8325898625334652	0.24626195486607977	1.2443606461127972	0.1409646127450218	-0.3007977183948371	-0.39057403366838184	0.31882091632596393	-0.7483237025675993	0.35884725861292543	-0.9305591201582829	-0.18612270389770963	0.7657651823681744	1.427479430624314	-0.0638733658517541	-0.6191592329737283	-0.6198209834145986	0.049101016360243506	0.6797592629691029	-0.25466382688814276	0.4912043926568625	1.3000844936073441	0.29287092032142337	0.7882885693998053	-0.3073912945428392	-0.41417750344471854	0.7160011341073166	0.9513426739527875	0.10558127150430993	0.6987880088491164
Br1389	-0.0111641	-0.00596424	0.0019409	-0.000724157	-0.00605503	8.7	0.214685199939733	0.977862	1.0	0.0	0.0	-0.7981559879396869	-0.742512052602153	0.3291519916544587	-0.10583543478327312	-0.23290586599580532	0.05074671384763237	-0.5038893587036032	0.9563300353043424	-0.6459151609359635	1.045077882576768	-0.18040638001561107	1.1478341346659564	-0.43020187586234043	-0.25556417799885206	-0.6015923416687045	-0.2786802868036825	1.092589895619271	0.0007595290911871213	-0.9707995728253924	-1.1912639052144618	0.08302325569570906	-0.19167047347240526	-0.006648122730603609	0.2121899640607748	-0.03690507230217893	0.41930183828675494	0.17490491490207	0.30228363223513766	0.5259350352967612	0.7214906849944818
Br1446	-0.0116955	-0.00192068	0.00655704	-0.00522472	-0.0038382	7.3	0.229195098018723	0.95682	1.0	0.0	0.0	1.226377176177031	-0.42634711338726233	0.993150098302852	0.6613737369323296	-0.842470655103781	0.5073623164537464	0.48900512438870014	-0.0817160898598649	0.32580927061820586	0.6279236833368741	0.3479270665621974	-0.0791438491212045	0.053654610275032134	0.6656742177110638	-1.1035394923696948	0.07139291338587946	0.10733362008937672	-1.240739569594457	-0.47900671510967385	-0.39973702786359605	0.21050677664302173	0.18631836156076725	-1.3094566792222953	-0.38401832055104185	-0.306772868529614	-0.05791245994082169	-0.09817135695247592	-1.4104625715136603	-0.406976715794371	0.17703170624677783
Br1447	0.0299191	-0.000722732	-0.00107939	0.00307298	-0.00241855	6.9	0.1289912331388057	0.97344	1.0	0.0	1.0	0.03007104603840739	0.27908507311146374	-0.05238041681557647	0.07584582223718352	1.929824691176276	2.890324603656936	-2.1274551173433247	1.8753023739218304	-0.20005239644439646	-0.5552745644192286	-0.9461382213936078	-1.1015967877013406	1.552755458510645	-0.8753060863091348	1.719672885831257	0.1315067543861325	1.3884945459869331	-0.544868447080234	1.2435912698160645	0.04714790163289909	-2.253862328659055	-0.24017262854536106	0.7395832660712397	1.4431580865250788	-0.9508538509576819	-1.2333929856113162	1.2671841411472096	0.4757552407613883	0.697410489684418	-0.6611308788755897
Br1340	0.0337791	-0.00216496	-0.00315972	0.00300769	-0.0107748	8.6	0.1678929447696802	0.965795	0.0	0.0	0.0	-1.5684208309741705	-0.8471684443738164	0.7226328426892038	-0.49318347562654485	-0.2599240161869154	-0.1388255064791473	-0.4102459442199732	0.6903995645564232	0.8539252163591828	0.9312650274404493	0.052539721066068794	0.28942785198261883	0.36444885477876937	-0.5505755450296324	-0.11412024019902797	-0.1726913851810646	0.6597347977258903	0.7424630655312792	-0.42449257912292127	-0.31096363500528623	0.4753712980059826	0.7558542883065679	0.20431484267804492	-0.6618863592507594	0.1484546898214172	0.3666396321496914	0.34357534404205464	0.6803460564010096	0.9738724631688064	1.1191474500380325
Br1383	-0.0119659	-0.00456439	0.00395027	-0.00150494	-0.000986164	7.9	0.2487542862697501	0.977213	1.0	0.0	1.0	-0.8851934733174734	1.2909819314394013	0.028826463623679487	-0.9491174062424256	-1.0574793117709544	-0.6622912401960549	0.06457202244362975	-1.0068993370873474	-0.013955276208092926	0.9712732843814972	-0.04799910659172823	1.1725806559365826	-2.2270012822730516	-1.9293013725396266	0.2152896396202052	-0.012717832471742775	-0.5147521280046862	1.1721857042196473	1.2918460093930466	-1.6984238166026113	-0.454581337922621	0.19149340637636997	0.38034130072129557	1.2526970875669958	0.5695629159943221	-1.339888577028429	-1.2696659433388477	-1.2301285487227032	-0.8397773324477421	0.24421649770845563
Br1390	0.0358931	-0.00518657	-0.000753113	-0.00284446	-0.00118993	7.9	0.1885993602818904	0.972214	0.0	0.0	0.0	1.2313971473075005	0.027065546336048973	0.7002810747160999	1.362743212550414	0.5228013686248023	0.48796176840458666	-0.4984667557767966	-2.1414732983747604	0.15364989740387255	0.708946825431044	-0.8570419463922492	-0.23647250934919492	-0.023992066620608505	-0.762022757859403	0.16623497264814716	1.0216455953689756	-0.9791631877653595	-0.41722608227231517	-0.8250629097936614	-0.40940584259189133	-0.874745731433292	0.717128965863966	2.3733951838934586	-0.1810619631352273	0.5407266056222853	0.329195713868554	1.2468433601500766	-1.1982558399643635	-0.20283709519503385	-1.0673766933751385
Br1399	0.0257676	-0.00447164	-0.00225458	-0.00355714	-0.000757692	7.1	0.1541532230168931	0.967768	0.0	0.0	1.0	-0.535679510573826	0.31840963808412875	-0.731617302313528	-1.885090069807481	1.3120434011390647	-1.1763484970830873	0.7724766259477014	-0.8855203084847016	0.7528779620666055	-0.35748532057742777	-0.399681807407117	1.3046736731512463	1.0876795519880216	0.08092094087789295	0.8878383110982551	-0.4223292860980649	-0.7407920277631744	-0.589391468966883	-0.18525062264404923	0.9385892823903598	0.4672454065505478	-1.3547474654216638	-0.5568002428695844	-0.6129904258589082	-0.06838514328627988	-0.2242986207132719	-0.8391593902408291	-0.3157310552841279	-0.01804977645311147	0.08462009880653207
Br1416	-0.0125124	0.00211247	-0.00395899	0.00895605	-0.00034628	8.0	0.2229772795208396	0.968298	1.0	0.0	1.0	-0.2839449965863731	0.8938566351931717	0.32265323107010097	-1.5314228032811419	-1.1360809609683624	-0.8701387959777312	0.8554007335332231	1.45906863197007	-0.540426984850611	2.3111080377346522	-0.6883594396668172	0.8079382192564629	-1.0297691643960891	-0.23934039738965626	0.5686392121664621	-1.1426983254016547	-0.030146545116680707	0.7344609675519221	-1.0514141167293696	0.7830780184453655	-0.2342063000720444	0.014880731490629056	0.04110316504779526	-0.8730444375852794	0.144627992753992	0.018192297223207927	-0.50075994066576	0.0619935903847291	0.7525294865178392	0.6237042172081103
Br1425	-0.013071	-0.00530217	-0.000320925	0.00297914	0.00264647	8.4	0.1858598926512639	0.972533	1.0	0.0	1.0	-0.47698109266659433	-1.1322920044333298	-0.9255796324271128	2.099097714578303	-2.2499410064918597	-0.46914188007030777	1.1351162004832194	-1.3314952857767681	-1.2490150009324699	-1.7747719310336112	-0.7080053595616111	1.485190219277897	-0.5756334300508545	-0.2338181653523277	-0.5522178067042398	-0.919352191162187	0.024995008426583535	-0.17057122531128788	1.1397111956186219	-0.6911680561788565	0.09887577722921925	-1.777157428739947	0.7840758412663241	-1.7647720083170508	-0.25175866180393	0.31954786695196663	0.8629083267792997	-0.8719712173292034	1.237456910030504	0.9245149322636191
Br1432	-0.0124036	-0.00548912	-0.00327299	-0.00199264	0.00140516	7.3	0.1782207280038269	0.960675	1.0	0.0	0.0	-0.02022984612243086	-0.3223880920103149	0.4450692031727145	1.3606864512119883	0.8459606413523593	0.19943475695448382	0.4198523021841999	-0.8120721092896614	0.5589968884685583	-0.25895232795423095	-0.4059643299412418	0.6684191119047128	1.3265137478799787	-1.0483426337411552	-0.04758516967369021	1.0815239558058498	-1.0665323846508334	0.4135835756609791	-0.7275403117735345	0.8644718741508377	0.2738492705160158	0.9618995440130181	0.8511333886589476	0.758226314643045	0.43991942821123364	0.38863695522310926	0.07776935373113349	-0.11045843914025026	-0.17387660489375031	0.00284881898514211
Br1494	0.036163	-0.00395223	0.00165156	-0.000630669	-0.00970856	6.8	0.0110431958151166	0.970108	0.0	0.0	0.0	0.8998458174622906	2.421704223034787	-0.22507011423432244	2.0400285299375893	-1.4579583316247091	-1.0490731677794551	0.6169619232127093	0.56905387419785	0.7014696018874612	0.2448597629232654	-1.0848976655958606	1.7044676125108964	0.20696356836303276	-0.5796817084525012	0.9237446443325183	1.6553833802566735	-2.6424187074767467	-0.6590814262904846	-1.7365796766501465	-0.48891713841049556	-1.651021864457442	-1.746220158257792	-0.7632389219226418	-0.45620545332145257	-3.154887890237795	-0.35186453648432753	-0.45282675627458285	8.48406857457931	0.7362940894371348	0.6980992542445855
Br1339	-0.012749	-0.0045938	-0.001595	0.00172525	-0.000531346	7.2	0.2172317774029955	0.961616	0.0	0.0	1.0	1.3263695191012117	0.5840403068227444	1.6851152089993702	1.2626666090269436	0.2750962704128114	0.8070612846338648	0.5996912390991267	0.5304035258633231	1.9979727547605268	-0.21612855686844987	-0.17760054155195906	-0.013148294640495559	0.9902545058977916	-0.9899973929403704	0.7883782166972578	1.498159461438675	-1.2936014288800024	0.25056501624549515	-0.5948452704646925	0.46855890367103065	1.0770797826135623	-2.306335688264261	-0.5822683675624659	0.42098282604476783	1.0112768415071975	0.6933590931940007	1.2794359019038835	-0.3801601946240054	-0.7675474991695046	0.9352661849294512
Br1485	0.0193894	-0.00357027	-0.00312278	0.000138177	0.00390343	7.6	0.1765364569413513	0.970278	1.0	0.0	1.0	0.9364486739044743	0.4571232898109783	-1.8393631390435365	-0.2813952145706204	1.7513806685250013	-0.6416348591866433	0.35127848027303166	-0.24722956165255378	1.0819952845333745	-0.6921337592841725	-0.7267556152865386	1.8672200687158784	-0.3866358675105464	0.2688450998233182	0.5180324548481161	1.8898160988074026	0.24469345894829164	-0.1367480106637814	0.9497381874036255	0.35416441227027023	0.622138874513672	-0.4124876743382075	0.10362951067380737	-1.2031012633198186	-0.28487767125818947	0.09986707807692023	-0.99589858627569	-0.7014459878421064	0.04962691517220544	-0.29494266984762013
Br1576	0.0436684	-0.00286209	0.00451537	0.00515774	-0.00242568	7.3	0.2168531873744005	0.960148	0.0	0.0	1.0	0.769662027050801	-1.0729107015049124	0.8479209122710712	0.307792592574614	0.5297445224268195	-0.04086988815824334	0.5165726981064468	0.5265191941122598	0.24782600998985985	0.3424256654296831	0.48667849622715564	0.19465257883384168	-0.3754253957903948	0.1645993769885048	-0.6211725912179744	0.6600008672180975	-0.39668492065024724	-0.8803786020025224	0.01925257651827579	-0.3092055489455674	0.7744686998437894	0.4566629702923128	-0.563808525563969	0.13358100489056765	0.40541519889764643	0.04894344362874745	-0.4952334342887374	-0.3134342859751846	0.08250746794308803	0.28955231286491523
Br1672	0.043658	-0.00549681	0.00138686	0.000208385	-0.00506565	8.0	0.1727819541514766	0.967462	0.0	0.0	1.0	-1.6390376795220032	-0.7169118790603003	-1.1336305820077885	-0.19980838119761002	-1.347279570103438	0.6857392827305261	0.17649619196756847	-0.29726476364183035	0.10208394071279824	0.9440001766803572	-0.7967139193307952	-0.0034829550812096872	-0.33253267024560484	-0.13041098303712031	-0.057152996396819276	0.49999710344575893	0.8509109688252393	-0.22314465444446907	0.105054820629023	-0.4588957770458525	1.0353319443907083	0.24991940600881307	0.8682456334088793	0.6210225662291793	-0.3947748800554674	-0.505738511047507	1.5554378996059435	1.061076457904291	0.25813899167958504	0.19664371537678416
Br1139	-0.013125	-0.00395938	-0.00908127	0.000244394	0.00192269	7.2	0.1588916478214862	0.966542	0.0	0.0	1.0	0.1275330278398647	-0.9695037327660155	-0.02706282339043447	-1.737679574740405	1.4813020208214533	0.33479007018512413	0.05395458759388271	-0.48990453231835396	0.08293575811731324	-0.3491131473770529	-0.130686438232558	0.7429153545039214	1.5634320991237374	0.7005283740992548	0.7957515588521996	-0.849674010385255	-1.0047683566739223	-0.09265390155482195	0.5174699634618833	-0.06491468799840504	1.3628619991589126	0.46964032006464046	0.47658550289840657	0.4103302624008033	0.5186430898461378	-0.3760117395983263	0.9414886856884305	0.6221229226252926	-0.029989762876292698	-0.3533222268185494
Br1221	0.0407928	-0.00293224	0.000669603	-0.00174004	-0.00867079	8.2	0.145525615982874	0.97273	0.0	0.0	0.0	0.1406504377717903	-0.7746504258749263	0.41723423445319724	-1.8645485831476996	-0.3386315846885146	1.4001918239572972	0.17488809336547076	-0.6068976992106464	1.182192188236399	-0.14116401112354748	0.33884067752747854	0.35499780268872916	1.7421012496956254	1.243097840585075	0.46450376800660914	1.0214444017555073	0.010465431082971764	0.36931996202751816	-0.2745719991397928	1.1335763983107987	-0.5553523362957461	1.0726317786993862	0.7249806220666598	0.10675197746625568	-0.4648208636743638	-0.5631072552307075	0.0056673724382359505	0.24193011423081207	0.3208356285421069	-1.2625368428197954
Br1378	-0.011217	-0.00280512	0.0124119	-0.00314573	-0.00161998	8.8	0.2634649712184395	0.979435	1.0	0.0	0.0	0.9571262848902332	1.4753130398981613	-2.7841282666019067	-0.03405933578120268	-0.2797549499112673	-0.06048868102344062	-0.7942936949424263	-0.383291810333764	0.7472747755163452	0.8773558697772611	-0.39948699824371114	0.2674144221536762	1.102271372278283	1.7345419704914558	0.40329389631561485	-0.2594368843718816	-0.4270382721815138	0.44024124796824204	0.7140828305456901	-1.1147860296864913	-0.14909495467647293	0.986687706287553	-0.4102439468778768	0.8804217319818537	0.22134816970160637	0.0800910408785918	0.1648600993707499	0.1111608410572091	-0.4342696801657084	-0.3305534911999952
Br1529	-0.0129366	-0.00456869	-0.00505662	-0.000996232	-0.000482983	7.3	0.2028303181220646	0.970772	1.0	0.0	1.0	-0.33021566157076354	1.4557667479975474	-1.0219466229440486	-0.24676235649205824	0.03546965456726782	-1.1710425039220318	0.5661696289357743	1.7011377026402688	1.3456173073449966	1.5599444758038752	-1.517790262068702	-0.5772467350549476	0.7342798147926658	0.8721059999236785	-0.1315801296469399	0.7886279177655204	-1.4377745588027837	-0.525505211443845	-0.9587069167920963	-0.08959008195653567	0.949222118425783	-1.1656327149087315	-0.2563545778489801	0.4915863477442454	1.5187874084333723	-0.7062600599779424	0.029075821305845153	-0.1957708745119553	-0.6007277866716639	0.8746027006721317
Br1573	0.0322005	0.000596495	-0.000499231	0.00690358	-0.00196658	5.7	0.1942735892985349	0.964087	1.0	0.0	1.0	-0.7517249083485285	-0.07127419807214064	-0.9060736324387402	1.7733331823375136	-0.5540829787378835	-0.15097794397562217	-0.09341549042272924	1.0997659138364893	-0.8544496098375737	0.792082400395946	0.5359335663015992	-0.5215431798475139	1.172688415823425	1.0255573376732128	-0.6800359074924853	0.5164300253168669	-0.3764094250471613	1.6488714811622442	3.4666007714794342	0.5934984497074675	-2.0519951280031123	0.3219635669572452	1.7556204586082338	0.8283322327680175	-3.1009241360280835	1.6522777887704745	0.9185323146686301	0.20743253219807922	0.739566902400324	-1.1528585382824632
Br1591	-0.0129254	-0.00411294	-0.00323964	-0.00473703	-0.000557361	7.5	0.1434191229341945	0.975901	1.0	0.0	1.0	-0.8185175384636444	0.8344612537026048	-0.7129419493968275	-0.9128890777853857	-0.7915583812017805	1.049289285201716	-0.20634927392069954	0.03409469955314767	-0.963461931884158	0.20979509063814594	0.3648533081827058	1.0007248014019468	-1.5993896176510212	-0.8558856469306592	-0.4563100225922605	0.4541503528805275	-1.1640954461229862	0.0352773208331917	-0.7731127621228422	1.4117188521374036	0.10232470772275021	0.8862703801871042	1.305527602001824	0.44292050541836836	0.9423067556816614	-0.6767996089319063	0.05263513727583586	-0.3549193756740009	0.29264715785351025	-0.023562284268303823
Br1605	0.0283403	-0.00506843	-0.000793262	-0.00412713	-0.00053381	7.0	0.2036040708156564	0.966339	1.0	0.0	1.0	-1.196514060941489	-0.23616890658052545	0.6958087655487818	-0.13771403750844788	0.9865836266008514	-1.440722716940019	-1.0638561952944454	0.4230176488879682	1.694580629917366	0.7633253048427879	-0.5359790046181011	0.919178888679091	-2.1725562998085053	0.42601632119397737	0.43989458531610603	0.32779551278828495	-0.5982155747553376	-1.185802648863832	0.039904212594966265	-1.2461694518501705	0.3484475547372129	-1.060157321371017	0.13174977209423955	-0.03048717409643666	-0.039168394195396056	0.09392196161461164	0.06284469510194726	-0.277420188164357	0.0010265524725891627	0.2727229065738277
Br1102	0.0414362	-0.00357127	0.0024779	0.00150005	0.003523	8.9	0.2089781825039783	0.957246	1.0	0.0	1.0	0.5837533563942048	0.29621128151916704	-0.2137398189913289	0.008098810444418117	-0.6601975027911778	-0.607499105186405	0.7799986124221502	-0.5796875505478697	1.101207952833106	0.399022115311205	1.007801710512669	-0.047506032177514514	-0.6918246232821786	0.9664236041811267	1.0627417170091886	-0.04571877618915888	0.19917575045929736	-0.3142097325545754	-0.760131479784324	0.9531837708351907	-1.4828414060806518	-0.6058847397153064	-0.12142129712583365	-0.846096719938431	-0.6437521287550357	0.5272828885417329	0.24452004880151956	-0.03475387609948157	-0.3831721109121717	0.3668463186432752
Br1271	-0.0126432	-0.00347912	-0.00636072	-0.0026899	0.00280232	8.4	0.1551799872391012	0.974722	1.0	0.0	0.0	1.2221710019091998	0.0006544240976035995	-0.035883291270930734	-0.12155360660888945	0.07103084375119738	1.2048377505019074	0.5401088718639773	-1.3040877016695918	0.6166316844767777	-0.5753586064036428	-0.9663415869864914	1.6264435904284322	-0.3828595843236671	-0.3155021739503271	1.9829699124698221	0.4997686626963863	0.024264284258215855	-0.0814812865321379	0.01320834126349705	1.936492059324619	-0.5998393567504043	-0.5770702117455477	0.9618620283041004	-2.1428100531420826	-0.15067370998600593	0.6031726499896019	-0.11038024041710305	-0.19413457797159842	0.9394079810271618	-0.03375243051421544
Br1275	0.0358563	-0.0041618	0.00139308	0.00133048	-0.00290525	8.5	0.0123374991887968	0.968786	1.0	0.0	0.0	0.3990286194259075	-0.07595708378265063	0.32837561554086514	-0.767989277419218	-0.4398751020084944	-0.4781380479017783	0.06921005106957354	-0.4674640616016301	0.4653016546094026	1.2006893361233637	0.218480522122969	-0.6967783391298773	-1.1276752209092382	0.9725009150139419	0.7608910926866163	-0.5324770178233446	1.416054608350488	0.016089239805471996	1.3254896481940472	0.3976771828589412	-1.0836259993992197	-0.2314129831769891	0.2714545371990673	-0.33651109349715375	-0.7294460393911972	0.7656471122804577	1.5961976591883882	0.5484424312941165	-0.5972141507373258	0.18315950049543323
Br1356	-0.0126358	-0.00354923	-0.000441472	-0.000903487	0.000366775	8.2	0.1785015166393259	0.972889	1.0	0.0	0.0	1.646588897932333	1.052814135071538	-0.7869981071502399	0.2931196875220424	-0.09419182255873446	1.540621977084657	1.7074773107289072	0.2609464113309869	-1.573714923783472	1.0535619333409219	0.23535309792871917	-0.32494952919682235	0.505893549548498	-0.5303726661616149	0.7125332133101793	0.8424293649491599	-0.2149326971507029	-0.37707118602065	-1.8643881360428367	1.8535769938985145	0.3713965709805738	1.617556002784177	-0.3527172362833061	0.6017854304694863	-0.3607805982961036	0.7888821592520981	0.2550388422915147	0.7150160504719028	0.38852713635856584	-1.289962830154619
Br1448	0.0107883	-0.00329049	-0.00762126	-0.00372061	-0.00326294	8.5	0.1951906445271345	0.974628	1.0	0.0	1.0	0.6907736378579558	0.09091836090766799	-2.3433846582829716	-1.2281356919613902	-0.1653681505702239	-0.6867789021445776	0.32018899998498535	-0.05530356968527008	0.568785889627531	-0.21786403441644878	0.9045444543524396	0.05219729435510587	0.7533608740798076	1.4393792310855453	0.40065965511354407	0.039877583382897104	-0.14777791625389708	0.852744633528549	0.5059969313036473	0.6799374809282436	0.3580928599759507	1.0530339781618092	-1.0415165010092542	0.06154430621278724	0.49814508070018515	-0.27968750017975963	-0.6114950704270555	0.40385801371184804	-0.13986208064398048	0.4221979723055966
Br1538	0.040311	-0.00668206	-0.000153223	-0.00122213	-0.00380165	7.1	0.2130797471024838	0.977977	0.0	0.0	1.0	0.19574305033002454	0.14686906177739376	0.12284437415705103	0.37621753128316976	-2.2105793239907316	-1.7501625989141743	0.22908202698139735	0.44168567720641444	0.082312137453235	-0.6454431010538516	-0.44196656517315525	0.3547566039147135	1.779966555862377	-0.05326152441626062	-2.3375877144743886	0.8496690114635851	-0.4889626145723814	-0.6765680174812186	1.308264171402659	0.12928737893869638	0.46894004939552997	-1.462952952067994	-0.7915646671174593	-0.11027244506756802	-1.0005357479446344	-1.6301023706284143	1.2536608154752367	0.12985162832288152	0.2580416385467088	-0.21481378377159277
Br1187	0.0312803	-0.00177936	0.00126192	-0.00132939	0.0042332	8.6	0.208397480630249	0.967353	0.0	0.0	0.0	-0.7896243839434951	-1.7309556066819491	-1.2657370436298365	1.2324675958890667	0.512006505497045	-1.3438477824563102	0.20798482188600978	-0.2774026291318871	-0.28875327937444495	0.4073698419303239	0.06527641638336565	-0.08983613212949007	1.0402454729390642	1.2690351346466917	-0.09430317573431084	-0.8777089135057496	0.2461090708088287	0.6359954459641302	-0.8664857662802367	0.009360223875500928	0.8769179483231707	0.49770267985696975	0.22283678816076083	-0.28803317515966104	-0.2518597597507888	-1.4534520845562486	-0.7181229713470095	0.7864354595852584	0.5745985629885624	0.254920596274087
Br1191	0.0293218	-0.00452495	-0.00193423	0.000344124	-7.06557e-05	8.8	0.1326846881851325	0.976579	1.0	0.0	0.0	-0.6417980949536243	0.5060475085571011	-0.002120308569520759	-1.0372949792586423	0.030070882977520995	1.0703654046835176	1.437235156144716	-1.3546670082475294	0.13478235387604212	-1.55598824740317	-1.3299249886037194	0.40985835056868797	0.6842373114095263	0.37846945531458437	-0.6536480546639061	-0.3829450489457988	-1.1189443810832491	-0.08795059163325616	0.09528624348601125	0.43308121404207955	-1.9448045042528483	-0.7393137567162855	1.680283074300752	0.16066407322305626	-0.2963280074108625	-0.7351013781294833	-0.247457732220253	-0.7644383271222052	-0.6632461755693462	0.033934855286695105
Br1280	0.0386464	-0.00667244	-0.00451491	0.00066181	-0.00552489	5.9	0.2056610278243127	0.957824	0.0	0.0	1.0	0.8910681587491568	0.3882852327161269	0.11799382543680703	0.5471883492823637	-0.8303362727950943	1.281324784471421	0.04942726867256732	-0.981353442397059	-0.6579201731745156	-0.8410161650190843	-1.3952997974016201	-1.055959995562866	0.6952386308670936	-0.4056147962631464	-2.646203238371842	-2.1879362132829696	-0.28347306714333786	0.22515366354799407	-1.7770587273412621	-0.09113766454991026	-0.9047490237968527	-0.370341477116052	-2.4939481296304473	-0.9861428111745588	0.3681771326427366	1.2267447690803865	-0.9612575737300176	0.3236397964255425	0.5734590050587742	1.0850907509642582
Br1442	0.0399204	-0.00540506	1.83979e-05	-0.00674509	-0.00575595	8.4	0.2334867194195441	0.963953	1.0	0.0	0.0	1.105357908442931	1.037213656489279	0.3184419238489332	0.08282990337178693	-0.47655827863117145	0.3529291329606731	-0.20311155920661167	-1.145813537171636	0.5694226203829983	0.4436589542608921	0.1361381463503308	-0.2524074240953618	-0.5720983930729348	-1.1258476763466305	0.7302900606720046	-0.9752943106168147	-0.055170340273211285	-0.31197967244498626	1.9938111752563539	-0.5949002641492364	-0.2739167260064454	0.7665266625339446	-1.282376110102154	0.7003480049162601	-0.9239573779882201	-1.0805867468037216	-0.5795175428385784	0.5821327524322604	-0.965749723030685	-0.44532979614594337
Br1443	-0.0129542	-0.00564481	-0.00704837	-0.00398859	0.00460015	7.6	0.0158007863452487	0.972445	1.0	0.0	0.0	1.3148221088780478	-0.8729784195356344	-0.13325040625613752	-0.42788741517827905	-0.3173908434956875	-1.3620623740615114	0.41338170905857013	0.10873359896099873	-0.6253853760569184	0.5818628147464688	-0.3806114712770485	-0.45804091393776813	0.05295667931545349	0.2700451742812559	-1.414877859508733	0.37177563497148886	0.8902720913172671	1.160624641931759	1.2821524663529429	-0.24050110819973258	0.7685482885586608	-0.3913802651304928	0.0020126219491556317	0.2727282340014822	1.3417299618710166	0.5290905217120466	0.25822230488069325	0.3547863037831797	-0.3695847602301118	1.1543304518595345
Br1453	-0.00740694	0.013756	-0.00098374	0.0386823	-0.00448538	5.4	0.228938945301291	0.956787	0.0	0.0	1.0	0.6562926050225317	-0.15669290016831725	0.7833088034870089	-0.11665666365698815	0.9432587549257643	1.4199850693589424	-3.3989433929569883	-2.3325778728931565	-0.7353134656839956	0.2815339930977825	0.49971920362218786	0.4111814946152643	-0.08711422355764868	-1.328902002445149	-0.6307197565236567	0.34984144276995316	-1.315573342924578	1.9105492645570448	-0.7170606594179941	0.3710994125200081	-1.5606139367723075	-1.8490171564199058	-1.3277534431372005	1.0519959639641652	0.6273400893028568	0.9052637131234214	0.06970545776045886	0.7681792163346031	0.7577783021069402	-0.19739571469256784
Br1487	-0.0125718	-0.00320429	-0.00452408	-0.00318626	0.00222047	6.9	0.1458625116608265	0.969404	1.0	0.0	1.0	-0.1297626683746659	-0.013713237809956078	-0.0912964073522787	-0.7629704827484697	1.7562825029087819	0.8357792332713169	-0.08069658271436415	-0.10532171205772109	-0.8113886596907781	0.2122912935674937	-0.597056633976576	-0.11788579215311662	1.1974527287176309	-1.3660931976053878	0.689279793252269	0.442703547178342	0.2866287315811267	-1.4012572696514993	0.7126610662388325	0.99878980648088	0.7626308670283488	-0.27151401817059345	0.46303001633910157	-0.12590420085961568	1.33986449393158	-0.6192154467569954	-0.29630194310934327	0.034132987290115026	0.7173432291739825	-0.25258591564516764
Br1030	0.0204873	-0.00455322	-0.003179	0.00177213	-0.00876656	9.2	0.1681099841013971	0.979893	0.0	0.0	1.0	0.37791738924471413	-0.4993393905144714	-0.5901153655520586	-0.3082526540343754	-1.1310265964201272	1.4368818458291917	-0.31710627550058784	-0.39733582376641813	-0.36015587263704457	-0.6861073800086218	0.3185689856225776	1.7711229044144627	-0.4768376470368369	-0.10161892349760092	0.6409779758752728	-0.8378602167043656	-0.17991777354266592	0.3698122824710914	0.8174221456088622	-1.1741791700680433	0.9474430685731842	0.2838187959358909	0.5295437879857511	-0.040888651733542676	-0.8246716246306126	0.36262435957994954	0.6395752570121293	0.8738834371014356	0.5733816684648088	0.746961511752413
Br1409	-0.0107297	-0.00349126	0.0088994	-0.0062319	-0.00397717	8.5	0.2333751584171554	0.976621	0.0	0.0	0.0	-0.46331292637607435	0.8880113218968335	-1.983951950873255	-1.0270267165415992	-0.8151392740618774	-0.002188208967789544	-0.23298242588388413	-0.8100124421182251	2.0085834226121726	0.5052423708867411	-0.6776987788391309	0.7784315484953164	-1.633992958754041	-0.5686868945271804	1.4812034493361683	-1.2526232337657508	-0.32741040430422685	2.742281470344568	1.0366280387122424	-1.4824539808819983	1.2604044171340683	0.7178090042856828	-0.19375791933421652	1.6775219219078414	0.6308230670736242	-3.2600675814951963	-4.656774564026959	-1.5187914671518508	-0.8607569190853893	-0.5419126418830472
Br1499	-0.0121918	-0.00106748	0.00630139	-0.00423028	-0.000319725	7.9	0.2203432912502168	0.96805	0.0	0.0	1.0	1.5035376070935322	-0.16452604595810885	0.05636203078775375	0.4677369187503956	1.4163750397890658	0.28192625479179934	0.5182643077657739	0.012793051154531833	-0.6142370452622827	0.5266788956273776	-0.3436391635879688	-0.6616557552912095	0.9277540083819782	-1.4551364304690382	0.12035787462478979	0.33386391654068376	0.2657314405795694	-0.7074732832393144	0.3835162567780677	-0.020112626643725953	0.45270772836030876	0.6761131034033885	1.250506987131364	0.2995418784149811	-0.42807270257849706	0.6406621716008539	0.02619355703874718	-0.7446816747743192	0.31677299016180177	-0.7417093811203463
Br1509	0.0371914	-0.0051615	-0.000349591	0.00240973	-0.00593305	8.7	0.2211060086613291	0.969222	1.0	0.0	1.0	1.9263157069043777	-0.4604328803271221	1.274775010151283	-0.11665593418577258	0.45082775300830263	-0.6996489640728456	0.7497095989427648	-0.35801568719897975	-0.4081740975223491	0.6648932274093419	-0.7714146996038658	-0.8025475137262396	-0.5118352177143191	-0.34021253392796397	0.3366742357446368	-0.0077507772477991834	0.22200232465935718	0.36203713125556153	-0.4595103811567398	-0.06475857296519075	0.2510831977803899	-0.7112064665917595	-0.14104396748615172	-0.4579331322282821	0.776828962123549	0.729864833363988	0.5548914526860713	1.0681793482131123	0.15057183327653545	0.6182072677380316
Br1552	0.0370997	-0.00503777	-0.00396544	-0.00474186	-0.00814203	8.7	0.1942066054076777	0.970491	0.0	0.0	1.0	-0.5650600086809945	-0.04980629398265738	0.9482333760762521	-0.8939754849321666	-0.18832294145542705	-1.0449721696473657	0.2700166477617364	1.565046134333651	-0.9518482287172089	1.9940588687946565	-0.9522955800505227	-0.47185168333834626	0.5274250019201855	-0.27695241941779475	-0.4327462840768667	0.12721450821420735	0.8653701121271193	-0.0950918391243467	-0.8859233799656371	0.15962746842918105	0.01682856664344423	0.6364854901145239	0.02349694534471686	-0.18299118960105218	-0.34971735136927945	0.037457881307848155	-0.1595113015586187	-0.911194576549744	-0.8307031981146091	0.01903585645129902
Br1585	0.0378943	-0.00379294	0.0012127	0.00033597	-0.00092147	7.6	0.1200615708709375	0.965218	0.0	0.0	1.0	-1.759594949410345	-1.5075055050143915	1.2317091160526	-0.47340997194331197	-0.23240440047734323	0.3252824621615609	-0.8761141159546467	0.06093222872855909	2.7199290123511966	0.08138826090051617	0.2941861077720165	0.048598904857884165	-0.2642915285025224	0.03043486967007255	0.9664058643702934	0.22783259044114157	0.7723009321886534	-0.05167573081560902	-1.6664266187877386	-0.18411624594230586	0.7841932553028158	1.155634068293528	1.1621735220039333	-0.1091899147620369	-0.1369019082116276	0.8174021186580462	-0.7814225379846731	-0.359859062788532	-0.453910764602075	-0.16946903755733436
Br1594	-0.0127449	-0.00313444	-0.00466138	-0.00196396	0.00309469	5.9	0.2076203119257874	0.973952	1.0	0.0	1.0	-0.4058218909559602	1.3520027608360943	-0.12771176598715409	0.26777476765299696	0.5454942023515278	1.3355261022172087	-0.6210320624714485	1.7359211654937123	0.2629752487372622	0.9814412784826184	-1.2993535214862275	-0.2989156179019645	-0.3807693007410456	-1.305311567207778	-0.34692697623483193	1.1791644707642301	0.06652741383762302	-0.03898878247161787	2.0797557641694016	0.6720948713187256	-1.7847600116799018	0.6394630215275307	0.9313237769654031	1.5532311337016973	-0.7030617305531685	0.24469643331271562	0.8881150246807956	-0.31479599631971705	-0.12516505985930046	0.028643430614597377
Br1034	-0.0130502	-0.00370658	0.00147753	0.00312665	-0.00173695	8.6	0.0135454060582465	0.973859	1.0	0.0	0.0	1.0773374240775444	0.2292693066618478	0.1387038447552604	-0.8182248711831365	0.7916049426973951	-1.1590162238669026	0.4250211334978244	0.6406259773880335	-0.8775169854773642	0.07735860004926513	-0.4327665323472558	-0.933108147271949	-1.350699960997973	-0.6961535958262115	1.2516597557265996	0.6849753478705985	0.4906782710303055	-0.4852359393222279	1.145765952560698	0.6908706452437583	-0.9214733525225437	0.47040609890201984	-0.11892464433752882	-0.5329666460239642	-0.1603778608846512	0.3494945282111003	0.22038436384404847	-1.2007132390722333	-0.17038346629278872	0.8485776094513705
Br1407	0.0284812	-0.00308808	-0.00122918	0.00167667	-0.00110206	8.5	0.1784573689325399	0.970315	1.0	0.0	0.0	2.009061490675529	1.4204558731787267	-0.08332132648782505	0.6128907597846146	1.3561201518843107	0.6398021963731444	-0.15074996252763634	-1.6317726320200365	0.6668937300589972	-0.434293326696882	-1.2345644631215664	0.04383784525444868	-0.44145573362167745	-1.8889090134943398	-0.6266445870669548	-1.0004056992519184	-0.6463437027530295	0.634957091833829	-0.8992559495479272	0.44878101426867617	-0.9878837693860452	0.34053420976463944	-1.496347180290202	0.5418928575930188	-1.06445490773485	0.7198259888939696	-0.8841780973690258	1.3678570800387366	-1.0495396719245134	1.8349816319501433
Br1418	0.0317977	-0.00142702	-0.00321558	-0.0017113	-0.0099898	6.1	0.17045481466359	0.972717	1.0	0.0	1.0	1.022464119129158	-1.3556590451139388	0.3246418948842079	-0.26662116808319863	1.650997478109796	0.6620469456388853	-1.2820769197495456	-0.6146899024204214	-1.2164805610033866	-0.5386157619749776	-0.2818179264047948	1.0300436498648171	-0.41561158418324995	-0.7376157409225872	0.4235087619864782	1.0534132756260797	0.7570039670535411	0.053618499627636186	-0.6257552379628503	-0.4196355391520701	0.20192802237278878	-0.40491395265642294	0.006725361238818465	-1.1302242911243023	0.7633008869237581	-0.06287680598955878	-1.629541250483165	0.09984057566641749	0.40335563154344817	0.06385116777300258
Br1427	-0.007608	-0.00189126	0.0153271	-0.0046639	-0.00892505	7.7	0.181973624031889	0.976302	1.0	0.0	1.0	-0.846554901987641	-0.19763899992422485	0.33623420229424894	-0.427467716806382	-0.395648923127301	-0.37015427885140434	0.21445565136571373	1.0490103034325935	-0.09383776703340152	0.6344453508063542	-0.26097069408799695	1.6227154909847408	0.11589059594186328	-0.3562575023317077	-1.342358623403951	0.44692414167509975	0.6651015212079845	-0.05891623119424263	-1.0345280419335923	-1.011554310831333	0.5494315541760817	-0.5558619387219977	0.012195131390126004	0.7940865424475424	0.7056724866145136	0.047428597314340966	0.5596780816776531	-0.4949205310124459	-0.44097138884183223	0.32590947152360444
Br1441	0.0308211	-0.00177359	-0.000587769	-0.00265393	-0.0013311	7.9	0.1660164012826397	0.970991	1.0	0.0	1.0	-2.3270031515029266	3.438982822864228	1.5648570929794658	1.2421216998440348	0.23810077191020212	1.0154239261265146	-0.6626494491661659	1.8109623290157641	0.2193132061519011	-2.0761699703631895	-0.3996290183501599	2.491753773089797	-2.8523784084930623	0.5594509645521427	-1.579002187090974	-0.6164783074081993	0.7306503546375516	1.9916299522734795	-0.9283066890658875	2.0636330725977947	2.3161384127449067	3.7973411831429957	-5.875300711569991	-0.4372554737423082	3.8727043725248365	1.7591224882859358	3.1319528509357726	-2.7032503783237187	2.481811213926138	-9.304913136799074
Br1455	0.00259509	-0.00472219	0.0046318	0.000114389	0.00376591	7.6	0.1601478800694592	0.980983	1.0	0.0	1.0	0.6656993081176799	0.20637413204792035	-2.338548050178042	0.0548467743072169	-2.8902861589058544	2.8969421061768297	0.9673613785279567	0.26548897713060265	-2.771326365516634	0.9178355403909283	0.751494411168021	0.9808400640575234	0.9529681960323041	0.9641901631260951	0.8265702475796954	1.0780426760895376	1.2098198305772425	0.4529377833161922	-2.171800180170612	-0.17778128854739644	2.5155924539723995	-0.30582370956558486	-0.24965902506114376	-0.6279199040187534	0.7006793319832884	0.6268640885248656	-0.8276079901967678	0.0018737600623618717	-1.1461952797041304	0.18551121011753344
Br1459	0.0379671	-0.003012	-0.00249682	-5.10018e-05	0.0014586	6.0	0.2544921771245487	0.968271	0.0	0.0	0.0	-0.2626923299383612	0.4048714463684771	-3.397986031384368	1.1538524791981652	-0.6716005023262914	-1.00760255173517	-0.056412225320506264	-0.884979639651662	0.5659637439854334	-0.3276187567053936	0.32629698548005404	1.4355860757291767	-0.5124459519638344	1.0554484595164637	1.0620522695126826	0.6701531687056258	0.9124605630867354	1.684029995716771	0.24301127587968943	-0.0166701348545558	-0.16576613663187081	-0.5488417992291482	0.34857552078716336	-1.5494267049056867	0.7067478781027783	1.5234644555353292	-0.5839690708121195	-0.3444920345013913	0.6258735158229646	0.042114852800849166
Br1463	-0.0123956	-0.00228425	0.00192409	0.00349867	-0.00253114	8.8	0.2191330692907656	0.964626	1.0	0.0	0.0	1.4667848270766686	0.703562783689564	-0.15015970631354295	1.1724676375696388	-0.21492762668314438	0.8531526838585956	-0.8228963387063217	-1.770642227524111	2.5345412636254814	0.68932410568684	-0.2325892033887466	0.23986052102059618	-0.5135387280149408	1.1418875222918203	1.6370496411877238	-0.7896157284681353	0.10382505585757107	-0.5289819578070092	-0.39396411011722837	-1.2318553806299088	-1.5991236543325276	0.5156473754497167	-0.8944871146824549	0.34278141101662113	-0.33864333852419604	0.9371069304669802	0.12090322417251441	-0.42988792786903646	-0.5263956775794548	-0.3393438122084838
Br1473	0.0357971	-0.000509729	-0.00511544	0.0044718	-0.00785063	7.5	0.1930222691118432	0.976034	1.0	0.0	0.0	-1.249768964829993	-0.31978823226881387	-0.06612035818832193	0.6825322655787447	-0.27226751994074777	0.34080561113970237	0.2093658733433129	0.18730801807760503	0.09655213259406589	1.2336878464667573	-1.6412155509000301	0.8408226294782134	-0.9926084998213889	-0.15813681079223033	0.43244341865447183	0.4623962298474676	0.36574326482112607	0.3212500905741565	-0.8390396986310672	-0.4817099278359844	1.0139477848341176	-0.2858895592309641	0.39220402793512166	0.20756521853635274	0.5920879018862313	-0.08130120390666777	1.635013125098005	0.02415133188736767	0.013641413170657998	0.3412405890230778
Br1474	-0.00992705	0.000202791	0.0118554	-0.00221847	-0.00396283	8.3	0.1755097810062477	0.967815	0.0	0.0	0.0	-1.6658876952091575	0.14196722584846663	-1.0257952886285198	-0.2992004026282584	0.3220773319199799	0.5121980328765147	0.6283128470426124	0.3969792779196289	-0.13950805437904187	-0.525495271594044	-0.3805136709768826	0.6776549221518533	-0.6592358013555865	-0.8938872813719837	-0.37688582206421983	-1.3503911779628115	0.4399702323405097	-0.9735004197380689	-0.946592108263367	0.3373761539036336	-0.055962536445688826	0.41657455045635666	0.6689594241546953	0.49441215739350247	-0.1267627768213599	-0.7207569279072381	0.15571283972085448	-0.12874994687967053	-0.14774382930512953	1.2522590358777523
Br1615	0.03696	-0.00370375	-0.00254542	-0.00222812	-0.00438703	8.0	0.0118932125226102	0.975453	0.0	0.0	0.0	1.1666654774944303	-0.7574584360819495	-0.13542068467469692	0.8836228615575253	-0.8020408755031839	0.9730488811569356	-0.5393396370246357	-0.8088333958058481	-0.0987229073379049	0.2904671903393148	-1.2624681177558723	-0.19508434602721	-1.4327755536364295	1.601237210986398	0.3631252123970592	1.4062288979780084	0.001185257727089925	-0.6227130458280044	1.4512043218599677	-2.0407487007028315	1.1895479603873262	-0.44697475812495724	1.3111752826897705	-0.5214217629670261	0.9454703472799281	-0.8920474425239414	0.721822962590292	-3.0013895778759454	-0.2981996749912909	0.672462293335999
Br1410	0.0381464	-0.00292126	0.00208757	0.0023768	0.000172019	8.8	0.2032200748917645	0.97803	1.0	0.0	0.0	-0.2242869960055265	0.8853090783752526	-0.7390670879326374	-1.4198589797568992	-0.054066394762181544	-0.842589324921569	-0.10183077284290144	1.261415875615949	0.019104265864426612	1.0592398566103178	-0.705848413032109	0.7004417808351203	-0.3580549883452546	-0.7308667621311301	0.1569764857999033	-0.12373973488498714	0.5850012444158228	-0.10281978172319998	-0.7100255759973633	-0.17364153369771237	-0.8184954455526242	0.3359568468843319	0.11203421812329857	0.4260737639888253	0.3415378085417879	-0.6608087231215495	-0.3853346125783896	-0.680295156876708	-0.12803782210970333	0.07107503455007479
Br1458	-0.0129025	-0.00609015	-0.00597536	-0.006401	-0.00384191	8.4	0.1780879224110387	0.977854	1.0	0.0	0.0	-0.7366889929744677	-0.29451601263640653	0.46993523479599925	-0.8516352451326171	-0.05965773734886744	1.4100955973642755	-4.266586707223259	-1.2932461056568718	0.6161284705578853	-0.006359187196834912	0.5926151213815559	-0.029392161218644366	-0.7473725448507313	-1.6102154281964363	-0.014029934294465541	-0.08803723309155997	0.02048197996590854	1.1128050726518952	-0.544299694851267	-0.866024914984683	-0.5164761713820111	0.20339557654492316	0.5716052054210823	1.089477543466056	0.5023843214120441	-1.3140644829515336	-2.2905118262191695	-0.022568723781441178	-0.27123891590905114	-1.0924416678366247
Br1492	0.0377483	-0.00221217	-0.00372201	0.00241338	-0.011288	5.1	0.1962998692549267	0.966826	1.0	0.0	1.0	-0.6678794402511691	1.6395527067801106	-1.3296277695009404	-1.402242942800471	-0.3347654506426124	0.34738204817095447	-0.9944851666857475	0.30960522481231173	-0.5118348559705884	0.39910037921857927	-0.10803566208873942	-0.20090996899659241	-0.9465449160360737	-1.739184107489783	-0.8022604536145788	1.3207615504982433	-0.5271447895587991	0.30583069153981096	1.5738231095141835	-0.4530432676080635	-0.791576725079473	5.7356793096040574e-05	1.1167709731820625	0.03064080445898117	-0.25255009098939	0.4941783807568924	-0.20031683493459934	0.8847289233680348	1.1653302190591557	-0.6101770894492236
Br1512	-0.0128705	-0.00349958	-0.00486352	-0.00156736	0.00164321	8.1	0.2506856596546782	0.961328	0.0	0.0	0.0	1.5078448245307092	1.1547824153984714	2.4862064654480687	0.6619412348276155	-0.16337139702741824	0.0764079639003348	0.09352150348995501	-0.42379823030532005	0.1788281440554631	-0.9799512042073136	0.9810517902138148	0.2953325487708691	-0.7751488223455886	1.805740239110298	-1.0922656062025176	0.20054877101841967	1.13033083525239	0.03244716947126211	0.8330683244552809	-1.2011565256774372	2.6573395395400023	1.211736942081141	-1.6069000623536518	-0.4826573702121639	-0.5721120964594827	-0.21298276366461977	0.9945524853712516	-0.44973460487534783	-0.9999411417262785	0.23070626184356652
Br1581	-0.0122102	-0.00424242	-0.00509613	-0.00290021	-0.00293395	7.7	0.2171522035019223	0.968169	1.0	0.0	0.0	-0.5325376464552886	-0.6284270792677261	0.4375029111634345	-0.3124330196033178	-0.46111945590125497	-0.1461120962404017	-0.05397372407569076	1.649291607155202	-0.29865584699235137	1.204719358304606	-0.6094403967566134	0.6032361452891035	-0.44155975969226463	0.7042439452795679	-1.587358664033947	-0.3228223819275755	0.18609140954873798	-0.5224773758139686	-0.6766486901732934	-1.2663639457833842	0.2338508959365566	0.2480197988013183	-0.030588799404058117	0.27419520332913994	-1.0947220442146688	-0.6511466192128146	-0.48500051576448316	0.07548385803756312	-0.41132284464072894	0.024614467849519293
Br1644	0.0371657	-0.00433912	-0.00247109	-0.00133012	-0.00683675	6.2	0.2553517305102074	0.965594	1.0	0.0	0.0	-0.1976879635524176	-0.046068389443796	0.0650707865450383	0.045833398215972536	1.1015100819314623	1.7439295468074671	-0.8693204274659679	3.03683089891827	0.4452823781276008	0.652580053628739	-0.20789720890725935	-0.1654414908167914	-1.1332651414368244	-0.17533866145370824	-0.021499067651855323	0.9304770230294526	0.3381320546782124	1.5197618482558344	1.0061111325158287	-0.7967138426125212	-0.6472429386865788	-0.8492351042804862	0.589209873741731	0.5931380019383721	0.7523232282381244	0.23296370905532637	0.5750926363643218	0.07888548471791984	-0.2200478244020172	0.12769447237634793
Br1706	-0.0126579	-0.00436144	-0.0025894	-0.00526878	-0.00196503	8.4	0.2115818892282437	0.96215	1.0	0.0	0.0	0.6505462395058292	-0.8217006817063636	-0.6188547048117056	-1.475633663498408	1.0314622497391366	0.22062396558945316	0.6708034104983713	1.081718458123172	-0.5326776442774411	0.06799739641371264	-0.07137969857233872	0.5013201812595696	0.8633887435646845	1.7444173346858776	-0.10525049029523045	-1.0529894484287552	-0.036151510832177866	-0.4124117046413755	-0.6522417224495232	0.0576188945869938	-0.1104468577383415	0.7290992440570482	-0.021037662237222133	0.16632016628838117	-0.529040500303571	-1.0215059516652194	-0.48307402140845496	0.44073781674998597	0.8823192177046488	-0.4565550006022053
Br1092	-0.0125062	-0.00326905	0.00146332	0.00122781	-0.000134977	9.2	0.1906948187306809	0.968467	1.0	0.0	0.0	0.7306361644015441	-0.07911102408260763	0.6368063305614214	-1.6876303798496965	0.24692512726124952	0.8639157535173702	0.026255266729292168	-0.12066140825956448	-1.5795345683361488	0.4348995523913264	0.18916019881957563	0.6930958880697895	1.109233383070912	1.9226437658649962	0.20181161250899401	-0.659598969250972	-2.254111779497999	0.32797856374793977	1.410520433587009	-0.6219498910574931	-1.210529505227138	1.0270774173415036	0.4664388781095674	-0.02842329701742832	-0.462671380800889	0.14484976700848687	0.6667335927345992	-0.5108933642936565	0.39450636808135797	-1.3319547613957248
Br1532	-0.0116373	0.000266897	0.00951726	-0.00552923	-0.00295661	8.7	0.2137350067877893	0.961305	1.0	0.0	0.0	0.9465584027905961	0.7367927596807622	-2.0845342266372353	1.0799677302508772	0.31319190013781345	0.540634685207488	-0.41814343747275323	0.05828848246813925	0.47646599466643624	0.2303706350862844	0.07745560804367708	-0.1626771989122752	1.12249245461615	-0.49688184911255695	-0.009264070736049618	0.19590941707067208	0.7836468586989215	-0.2901653912223519	0.4392822477240209	-0.4173947014817074	0.8170694292297933	0.2612678370898024	-0.5905243630592822	-0.09854950907500876	-1.009107634104515	0.29152931494545153	0.18676709669370326	0.6017623767781464	-1.1280880826228508	-0.9657204369257196
Br1539	0.0418455	-0.00265308	-0.000330676	-0.00215158	0.00246444	7.8	0.0181886783355844	0.966514	0.0	0.0	0.0	0.4869545848948006	-0.9513485115669815	1.3318393162528004	-1.333299182925577	-0.6730415493260421	-1.5633603653537989	-0.8645392946160779	0.378507663438351	1.1063936885753305	0.18933697707838762	0.6958737474844764	0.37711646655217257	-2.224008980576948	0.951171898748551	0.4975930848338609	-1.0096463620751999	0.6550848613715535	-0.4747267418781045	2.13378524213685	-0.3654747106739435	-0.39017093973642003	-0.14378895399821073	-1.55309143263225	0.054391907639747064	0.3705377782337767	-0.4549066154137605	0.0200534826387853	-0.9591298172666561	0.8755139365247675	0.7031065665393341
Br1563	0.0357882	-0.00453087	0.000304588	-0.00229106	-0.00994589	8.9	0.2031825637263302	0.968111	0.0	0.0	0.0	-0.7690209921061779	-0.8262081984871452	-0.46897427153791343	0.2112662934779933	-1.8149634169123028	1.195220320004132	-0.21138067424064824	-0.32990526233980577	-1.232471695517788	0.608298649264275	0.8391698775282822	0.9694599361177713	0.8299740219030604	1.225448621248932	-0.27511065150747027	0.3341986607670134	-0.46054712389948643	0.8652650941927896	0.060962351538343146	-0.40335300076745917	-0.1695159362189107	0.897536043803574	0.4462242130519416	0.17738681449489965	0.230006764832441	0.7622478282995546	0.1462723499268496	0.18939442299796588	0.6430852763315628	0.9013971339260596
Br1565	-0.0128595	-0.00486435	-0.00286177	-0.00348916	-0.000485544	7.5	0.2046003028565913	0.963676	1.0	0.0	0.0	1.4193810824268303	0.6639413499054657	-0.057458480873421355	0.2447616907257556	-2.407673301555773	1.3460460457541032	0.3992284177899413	-0.18637350167843358	-0.883474905469257	0.4948461570499034	0.16326122066943335	-0.3456894222302505	0.7268753641939586	-0.08317020132926403	0.3279265100516675	1.3381440515331122	-0.9689939602196168	-1.1429909816055723	-0.9816270871324241	0.939743303731969	0.30988292582144134	1.0810394004393555	-0.3410445131581182	-0.20378380610958088	1.0094222442117207	0.31882123451734967	0.06019093079031726	0.138851331219406	-0.8028138232290355	-0.6372801690079539
Br1568	-0.0132757	-0.00590997	0.000224052	-0.00137406	-0.00108007	7.4	0.2318967119592617	0.975211	1.0	0.0	0.0	0.24616036831768973	-0.4496783124838965	0.8320190035723175	-1.0885099787638952	-0.1526406831988616	-0.23605151115426962	-0.8828471770585817	1.832429727972026	-0.5474259722519813	1.3906175349971177	-1.424680867473784	0.6929212517836474	-0.3134253953593101	0.11549981061241155	-0.7521874302949708	-0.6533522866887064	1.084359129933187	-0.9390469414299851	-0.40775291772722616	-0.8010971578233262	0.20142786925189263	0.7114989532528925	-0.46552308382879376	-0.018266667034995136	-0.652738967914198	0.07647070786227761	0.03952191388004328	-0.5291512275014363	-0.4386687675598753	0.5325571785848636
Br1654	-0.00960007	0.00359478	0.131728	0.0166513	-0.0848198	9.0	0.0162351449249171	0.978263	1.0	0.0	0.0	1.5232394438106767	-0.31734730776573633	-0.9632527835490987	-0.5222945944521346	0.07457356737104358	1.107892735236338	-0.4119055338629089	-0.03425893219692541	0.08237295989931953	-0.0060641282174045685	-0.5519071494603409	0.21422517940476168	-0.5751645823849961	-0.22192962894400117	-0.10875308024936486	1.1870692412866062	-0.14459518894691004	0.8730845912860133	1.5157698765839913	-1.159801581740829	0.22351089393654242	0.8443998808450985	1.3010867986077275	1.7763494811310914	-1.294386775393244	0.3285327767353275	1.3861218787178016	1.1479061822520418	0.13317233615038887	-0.9515235409576829
Br1665	0.0384146	-0.00462785	0.000545897	-0.00256221	-0.00544043	8.0	0.1820752398397645	0.959423	0.0	0.0	1.0	0.12538916350420565	-0.33607615304397465	0.37748995171031435	0.7234157185656294	1.0002103733947234	-0.2557416353504073	-0.040613187007440474	-0.26665589848590204	-1.3234080461282285	1.4009530741015606	1.1408349632012666	0.12623624574987216	0.1946787228972529	-0.7691438390619225	1.4095983874673466	-0.37158470011537365	0.19247882445420136	0.749924676337658	-1.1241019328391626	0.8568805806183095	-0.4847161245948042	0.5788068333634449	0.2664330530649812	-0.7626588960922053	0.11993240770380668	0.7873798294874803	-0.5964255193387659	0.15151703315154091	-0.5165806977520307	0.41747701851091684
Br1550	-0.0121499	-0.00457288	-0.00409419	-0.000778644	-0.00475871	8.1	0.1783286263938425	0.968812	1.0	0.0	0.0	-0.006065091747423994	-0.6936367392699455	0.7128986255415488	-1.3274996732030575	0.58543569502283	-0.1164823361638196	0.5492513080740784	-0.49642898124528706	0.2102930812924686	0.4339067188509611	-0.5994010269875465	1.4729187934317511	-0.8990197005864801	0.6153510090006823	-0.1754747167161451	1.167991387457794	-0.48763970788694083	-0.4550500451333057	1.0072801637307942	1.3573247325785376	0.3219220798941471	-0.6899164568575109	-0.06115017441008337	-0.7143025927659825	0.7181712592007176	-0.023299619613690193	-0.6071195275147283	0.37402963752182283	0.9678176398968958	-0.4353576332757431
Br1669	-0.0129612	-0.00540442	-0.00494392	0.00126254	-0.00030442	8.6	0.0125432716539431	0.972798	0.0	0.0	0.0	0.6712776626675429	0.6070496195254972	-0.44387283134469413	1.8985690750562032	-1.309467740736903	0.5959412637054345	3.615991056194585	0.3206388566851872	0.5422575794649647	-2.0827486308476653	-2.9876481584721932	-0.2530808634131084	0.5884674227141504	0.39660169227071806	-2.9834430001500936	-1.0333151522785073	-0.8465377713793903	0.7588198836568745	-2.660770046278758	-1.658052422427815	-2.661902449420949	-1.2422281950978358	-0.23771383588191874	1.3452933365569433	0.7311606549820041	1.7273873394056478	-2.2921026235493756	-0.5347396949022263	1.914568550382276	-4.503329579686035
Br1900	0.0367507	-0.000866745	0.000532205	-0.00777812	-0.00748582	6.3	0.1934889277719745	0.968087	0.0	0.0	0.0	-0.28428455943760833	-0.44098158451540453	1.5106507227852066	-0.7392641352276619	-1.4577381315259168	-0.4948165915253555	-1.7084792324852287	1.0863773582641485	1.533311169169328	-0.9235867169462163	1.0475601509743802	0.8459167972418044	1.716952765480547	-0.5422473517573349	0.09482897085082756	-0.7060809792108618	0.34480500063058556	-1.443771699829784	-0.43623938390207373	0.0182029238989312	0.03337980552844367	-0.20820294973492828	-0.8551265208406595	-0.16221530211285193	-1.0172675163470872	-0.8809288968760368	-1.011191659024656	0.7273792803807989	0.3199226560211552	-0.45739477927700195
Br1033	-0.0123983	-0.00305911	-0.000279086	-0.000772801	-0.00047457	8.5	0.2075609662214619	0.96011	0.0	0.0	0.0	0.16375336705739252	-0.7497217285914319	0.555881367271956	0.25834609870502634	0.49428176534830676	-0.3317726611282146	0.40779125638139946	-0.8849147932407824	-0.6764938938435616	1.099944399590203	0.7005691972513749	-0.5591665898993776	0.5095820678851682	-0.6815906792289873	0.2732168382916057	-0.7338303059729566	1.0662632829035124	-0.39626554447675405	0.46897769710178744	0.5729384077192773	-0.19599799276009391	-0.17123190210027003	-0.24827417761395637	-0.5172925465624819	-0.6385914506132899	1.5506724109365284	-0.47318096696661655	-0.21789432738698322	0.49979699626538043	0.7415516352309781
Br1069	0.0415515	-0.000806048	-0.00284922	0.00200103	-0.0091811	6.9	0.0186038988127343	0.972335	0.0	0.0	0.0	1.3094881957673175	-1.1862416567080654	0.5062814167555775	0.20956547857300925	-0.7144035843618952	-2.0872241636898194	-0.08056167934153627	-0.39479548107936663	-0.21328505607690829	1.1461085133828817	-1.0429539749378158	-0.6149950900764655	-0.4594506331967916	0.8059179492675196	-0.15331061898276832	0.8685419757943877	0.7787734348227108	1.1019992416867714	-0.516307269287233	0.005121113519272381	0.5909067288246834	0.011872490818545793	0.8292880813637824	-0.5298326837637728	0.9980333503153413	-0.10426656195225129	-0.10128915240009552	1.0445058042270443	-0.17461569201762148	-1.0660405331177387
Br1527	0.0380838	-0.00478088	0.000857709	-0.00351507	-0.00502923	8.6	0.1725084727621675	0.959753	0.0	0.0	1.0	0.682898024970363	-0.6392603059459517	-1.2279402778990038	0.34302877236631035	1.0910075088624605	-0.7171684057958159	-0.010231055588323322	-0.09066423663783275	0.8475706730943502	-0.9149160321699044	1.1059822654571352	-0.2795693958800718	0.2727489391612648	0.09915216395590945	-0.44312869966275076	-0.06876677449844537	-0.1145068645227827	-0.8495616119166677	-0.5360684696999921	-1.3418366158695982	0.22641184463489233	0.07139836442339087	0.46243843735902435	-0.05212408170605358	0.10174294931265097	-0.1401836633053805	-0.7962951868180769	-0.30000076406645326	-0.25368073872812635	0.3987087386296304
Br1571	0.039326	-0.00284828	0.000211065	-0.000809387	-0.00156709	8.7	0.1788133661065984	0.968027	1.0	0.0	0.0	-1.5219810995575895	-0.08385189765279219	-0.27329349431416994	-0.10035727659045064	-0.3257528259419149	0.2362799614323603	-0.8811704106993096	0.7599278313339444	1.8599800148416061	-0.24940727271103794	-1.0632304928958858	-0.6422140340070956	-0.0836421422244659	-1.1307118653695232	-1.6151317786035662	0.5572727659595074	-0.5840132364125846	0.44266200842157494	0.7481485219531632	-0.39103576855683014	0.4121977133979787	1.280640349434271	-0.033709914156949156	0.820236309702671	-0.7619354211084042	0.6684194703308118	1.183879790542095	1.311753205987702	0.8562653395807341	1.2758031623027808
Br1740	0.0371558	-0.00492599	-0.00278718	-0.00844613	-0.00297951	8.6	0.1517494283105912	0.976564	0.0	0.0	1.0	-0.25562894584007545	-1.2668579911421216	0.4924295353640485	0.9417647242543727	0.07387120855458147	-0.3497840697031006	-0.27977168559679216	0.8827485916137141	0.6254026593595328	-0.8409913270511442	0.6755621647655243	0.09560981031262063	1.7294282620579104	0.12234470496196016	-0.742767336432794	1.1727235638106448	-0.3862658851650621	0.5431014960782797	0.006291358440411863	-0.09242756764660934	1.3054536154186889	-0.2498572538038027	-0.36043380763273986	0.2420463161903857	0.8602170111735841	0.19939063430969228	-0.674139319724816	-0.030405714624254735	0.21805508677076016	0.025790122739987934
Br1006	0.0350426	-0.00646115	-0.00163086	-0.00497335	-0.00356427	7.9	0.0072868497643109	0.970064	1.0	0.0	0.0	0.9988996713613144	-1.0890124122167715	-0.7525310368107242	-1.0268418160365946	-0.02611908769349887	2.0814027583028447	-2.7088573606305593	-1.0812875370143893	-0.6548121648345664	-1.23343598151193	0.06695053371927556	-1.9280124174617783	-1.241823232543048	0.8396026387251778	-2.2550753292846535	0.3051252193978131	0.7942896010017388	1.5830784112346328	-2.1968008016083043	2.3682484804593504	-0.309059568672592	-0.8267413445330906	-1.8708146921112307	1.249232193517762	-0.03438619858912315	-0.47386813371087577	0.7352008158618126	1.1237962453900612	-0.34472552816142643	2.048945078658048
Br1424	0.0349571	-0.00254636	-0.00130046	-0.00248066	-0.00662509	7.7	0.2010795446757433	0.951403	1.0	0.0	0.0	0.21356357733370712	-1.6379999096078228	0.020448104702628558	0.7467264771405469	0.5143267754158746	0.670330347626874	0.43031105366436345	-0.10949968379337627	1.1860640393176167	-0.38074788382967845	0.4903007762111962	-0.3067466901786644	-0.33911854852543166	0.048674695324332884	0.1896773640112331	-0.25738446680414534	-0.6318636250155711	0.5281774916856318	-1.183930458081596	0.032309248344583354	0.2729823827179431	0.8146052824878559	-0.04483545706637328	-0.19533371822312598	1.2523198713308161	-0.16588766451293138	0.36597245482056306	0.7016202309427629	0.22531129443531955	0.5681518601415882
Br1507	-0.0123873	-0.00340378	0.000111928	-0.00145876	-0.00200037	8.5	0.2086153753131242	0.970023	1.0	0.0	1.0	-1.0125411165351657	-0.5561217125014847	0.3034737875117871	0.682626324182277	-0.8399951711675724	-0.6111185920426658	-0.007189128748033717	-1.1231889745201065	0.3307171963050907	0.4936741235246637	-0.182442323430802	0.026091676867911147	1.5991840856664326	0.6060425932630398	-0.2757925377230683	-0.7296875561202074	0.20088022976790607	0.9195862560948587	1.4454004200259742	-0.2869104654593759	-1.1247411061183936	0.29993617018608243	-0.3080005295489769	-0.021204460844258352	0.07684860748270265	0.7007972101260402	1.0172438517800757	1.257622737462936	1.1265379418594172	0.6061360987128601
Br1610	-0.00518456	0.0719299	-0.00388294	-0.0339279	0.00365933	8.2	0.194653390369475	0.9665	1.0	0.0	1.0	-0.06168010423446135	-0.2685316516749401	-0.12043395846624474	0.1974684344357595	-0.38668433240108663	-0.4697315672611396	-0.11593133925319773	-0.31876482826549085	-0.2420160397019263	-0.38768061711517693	-0.9030211403002605	-0.5590183362738224	-0.29215867083309205	0.7474983492273185	0.9405948414609067	0.11162516823753782	-0.6390459064262025	-0.24493386135159056	0.14403826043193702	-0.4399601542809485	-0.2824932685915303	0.9282437154199923	-0.5470252266016612	0.3119371739225975	-0.25244351745501253	0.6466991003874767	-0.18779867020266477	0.48623396290725535	-0.020400221130958966	1.3181613159863839
Br1676	-0.0102866	0.00123626	0.029399	-0.00489917	-0.015765	5.2	0.1846727891850899	0.959596	1.0	0.0	1.0	1.2135303086059388	1.1210425998846774	0.3715607229940929	0.8625908771408584	-1.8040726175956536	1.1874993410731027	1.8425371208784436	-2.013948891967631	-0.12200698769636852	0.8525505833875611	-0.6306027595783555	-0.7007308555242258	0.43205096916162067	-0.8028814486401186	-0.009306027225672243	-0.40511841526320164	-0.9712252553910355	-1.4989987964037121	-0.40406882974743047	-1.114243157080966	1.5706611781326285	0.3317040114439016	0.6295421480218735	-0.7135956827559632	1.5859934442556216	1.2843592594237092	0.6378619848092504	-1.5041498596052156	0.8772442802656225	1.3657954235886924
Br1722	0.0394696	-0.00488931	0.00236921	-0.001071	-0.00330202	7.1	0.1720411562401888	0.97905	1.0	0.0	0.0	-1.0488940432802576	-1.0235951567487322	-0.003943556163387594	1.3569844945856926	-0.31853459862910694	-1.1967779158338632	0.534767616079443	-0.9340191948815105	-0.05407975115777367	-0.42518939632974456	0.10675037253559204	0.8188621216694973	-0.23913390214081484	1.247022215074903	-1.5287804358012242	0.5857656595911239	-1.451864817850242	-0.15257557111051243	-0.47318998595650996	0.36567388570672543	0.40364131048018803	1.1079030351151913	1.2085179865378648	0.7180710796351941	0.403468920028748	-0.7893818339909753	0.8553864167231576	0.48803830586879127	0.13819882561924848	-0.34793879083313106
Br1590	0.0417934	-0.00321305	-0.000624124	-0.00588936	-0.00100606	6.5	0.2357330006929391	0.958383	1.0	0.0	1.0	0.5618095403033961	1.8288228204286519	-2.3524476044743072	0.23510206987770632	0.7032146670372047	-0.6825442962132167	0.19189192637197558	-0.06773839475846596	0.2788762597150721	-0.31180232154773724	0.5073622874211529	-0.5327416747669234	0.3296621557703872	0.013435242936804792	-0.17261126714476321	0.041624843854521185	0.4856375184276985	-0.424573259732967	-0.5289198579080373	-1.0584259247253602	-1.1758817810121498	0.5657552884228885	-0.47251980980414393	-0.5847141943736143	0.7284852736916583	1.3885263417975036	-1.6632418236128919	-0.5502255189941886	-0.14381687459110573	0.8409615365649603
Br1326	0.0408517	-0.00506262	0.00244566	-0.00207013	0.00338246	5.0	0.2199442127395871	0.948888	1.0	0.0	1.0	-0.2175208153256361	-1.0295585427392802	-0.7070391290189803	-0.3807773243429581	0.9988107281965272	-0.1317777383279017	1.0591979132696407	-0.1658158830225933	-0.1438154451436167	-0.486783929433386	-0.07253329895376211	0.62908514140837	-0.47218171661851277	0.268333367969513	0.3945769341757206	0.47715475012522546	1.5481847117674432	0.3117588556452018	0.5698825326096574	0.6009392935098996	-1.285911121695646	-0.8780180179022636	0.7746199173649488	-1.0200972918192663	0.6470020073886986	-0.7654278254564598	-0.501620797069278	-0.17123213395822556	0.4579191014289913	-0.18774480888444126
Br1517	0.0357259	-0.00445361	-0.000203604	-0.000901732	-0.00940327	8.4	0.1913173792326848	0.971278	0.0	0.0	0.0	-0.31296659040820884	-0.8265046436235317	-0.23113085972038047	-1.2654366183496042	0.7682714290712092	0.5149981093478524	0.7144994680494983	-0.9652630658488225	-0.09174490345449322	0.49829340870044486	0.8084146067515205	0.012055343080174691	0.6791944428084581	-0.18370708899532817	-0.12752728660970947	1.1034965696496248	1.768993191001829	-0.2384423491743376	0.3556631770136015	0.11559724090990176	-0.5140048541272857	0.5311043699291026	-0.18420310658749472	0.6022439088472701	0.43251071398472724	-0.67807325533349	0.2104319851121023	0.5730543444531445	0.6249900635923584	-0.17063769333277037
Br1522	0.0178829	-0.00593535	-0.00149412	-0.000261626	4.54032e-05	8.2	0.0182694811124057	0.967794	0.0	0.0	0.0	1.37074846549357	1.0264572155587082	0.2885379871997462	1.7570126268344246	-0.7693211255068875	-2.4781769018590296	-0.19216512843519307	1.3254952490015284	-0.3698105512758966	0.6342477233857072	-1.1515969050754833	-0.08653522923810043	0.604302812821859	-0.14897268555323834	1.132122941726825	0.5283868257337891	-0.8508118008762315	1.5454316202858691	-0.1413269704136985	-1.3962516462707983	0.3733651256174741	-4.152966157919702	-0.6057856984462346	-1.1234205065146172	-0.4731189529133904	-4.39151961681288	-0.13521724549275516	-1.923062821154045	3.4025308898765854	-2.3736091652555817
Br1578	-0.0130395	-0.00467447	-0.00650951	-0.00368674	0.00567442	6.1	0.1322793116412686	0.973967	1.0	0.0	1.0	0.6217814356304671	-0.5001070532313361	-0.06682037036913359	-1.6516491103053466	0.913678233735227	0.5554988607526147	0.6997395658545171	0.3051916227785849	0.26789625687803137	-1.0183413354756505	0.722840339955634	0.44845733764933726	-0.10320907915881813	0.25278011850975496	-0.2698646585943164	0.49348747879567606	-0.17473415175925006	0.44347961833893923	1.5305015153522974	0.09881181930105654	0.6523005020523881	-0.4808721057849612	-0.23098821902832326	0.501056093436859	-1.0635688970877673	0.8127633546135884	-0.04452088889969353	0.49116041010251693	0.27527362150042284	0.03505538411788739
Br1912	0.0146955	-0.0045674	-0.00342626	0.000813732	0.00272226	5.7	0.1494830278256056	0.964921	0.0	0.0	1.0	-0.09043081062314483	-0.9172522709937294	-0.16690650978315738	-1.2673603529400068	0.9760705049488482	0.8312130792337274	1.250204889054696	0.06522985108526995	0.42349561681966874	-0.2794802492477401	0.850282338060985	1.0660609150465823	0.07736244770929494	1.1751357976716161	0.2561244361731641	0.22612732495034604	-0.3177736652760834	0.6767825400214497	0.8692280104275995	0.3466942495070103	0.06062659121044416	-1.1896645545450395	0.39116672751453657	-0.13664636184946524	0.37299651727861854	-0.6706300474381512	0.25205466647091523	-0.05352756741187173	0.14351486371449676	1.0040153778351637
Br1946	-0.0130143	-0.00385865	-0.00620212	-0.00079048	0.00294224	6.7	0.1302424250411969	0.970361	0.0	0.0	1.0	-0.0745921939616709	-0.22314580409921808	1.1336288425286078	-1.6937602935360472	0.503276715224825	1.0896998451440256	0.27368483335528926	-0.8596093975758841	2.4494048658329164	-1.2369720268590951	-1.4459038966829807	0.5841495802473615	1.160169651346379	0.32767550299546544	1.486182732540297	-0.7288896619946985	-0.9485904866276091	-0.5587067737251223	1.2162845866472278	-0.3084057491577968	1.2026586858420116	-0.48114325492713617	0.46607110415424385	0.7120830542250877	-1.114013819777565	-0.22767932373552927	1.0817467693147715	0.5825491733132414	0.7903610562520132	-1.6858454613071647
Br1994	0.0274087	-0.00377561	-0.000380305	-0.00228114	-0.00731154	7.2	0.1932183918020662	0.967285	1.0	0.0	1.0	2.15765109851668	-0.4468400032861077	1.5368170327674735	0.028752942142986373	-0.1446850482718137	-0.21070435551040342	0.47972072142799527	-1.0926628672475112	1.0251807772988129	0.3904040778839837	-0.2738335942482649	-0.6924380506746396	0.4571371005081606	-0.7718155459979424	-0.15991150732639975	0.6025631618976164	-0.164921393977321	0.09634499996272641	-1.5842526786966278	-1.057490197748089	0.8847022271751275	0.03713199426657035	-0.5608545520002626	-0.033015899804448565	0.7057675591392474	-0.0021874890743144395	0.15339296087933682	0.46271388727310775	-0.016149782390509515	0.23910851596769958
Br2015	-0.0110018	-0.00167793	0.0178465	-0.00184209	-0.00594719	7.8	0.2213165759455073	0.972653	1.0	0.0	0.0	-0.07843024236315926	-0.24656154631825264	0.16151640428756392	1.41925714045955	-0.8166511986025063	-0.8072409531121643	-0.10059528821340728	0.5428782030448495	-0.672908442839913	1.4768915785985857	-0.8106678756911596	0.0922588257992488	1.8511097515529675	1.4586714501880667	-1.3399361529761513	-0.277429982129271	-0.3148195969372064	-0.5578734097458705	0.7192068154952855	0.18254884879956482	-0.27993566350980686	1.064917468162528	-0.24603853062308523	0.9451735337308343	-0.6236523744001389	-1.2662620914966165	0.09250837166119624	0.38910794821165057	0.4557639144394645	-0.34181798012398157
Br2020	0.0331714	-0.00305432	-0.00075396	0.00263915	-0.00782798	6.6	0.2538300499585653	0.971192	1.0	0.0	1.0	1.8878107131834059	-0.25479068202564414	0.646259226184488	0.14814304223444763	0.27313343965780307	0.40391703576070703	2.232812247164589	0.4481537857434848	0.17674130816613481	-0.43954868219029875	-0.7134987696592369	-0.4841123403895854	-0.7624043329976723	-0.29291522511066986	0.32372304447441397	-0.2303393150625872	0.028533634000490457	0.37166673924356874	-0.6478878415761381	-0.6188618432826598	-0.014256938140244818	-0.008087422494785926	0.07173575473161588	0.365793046153011	0.3653571508030162	-0.2920726491554641	-0.08119817626065905	0.08181331140376079	0.17123750537655005	0.5149671765555296
Br2026	-0.0134291	-0.00441928	-0.00933664	-0.00263797	0.00217566	6.5	0.0164756113248205	0.975627	1.0	0.0	0.0	1.4289320966110497	0.7787418292726176	-0.753736159407138	1.7857757594412407	-0.530458722098732	1.1494267613829021	0.47020947708531824	1.8820002877838804	-0.6336969749967147	-0.8700384028575877	-0.43812166474787434	0.17785581687908295	0.7065966922255716	-0.2052915986957406	-0.6569571854854287	0.7881179132080803	-2.126446510492677	0.47263407341952807	0.661620980362609	-1.8363539393486625	0.38611096529875494	-0.2725126189932347	0.12473647019688043	0.7574580443149528	0.7419166263108339	-1.930015978444125	-0.410091998195273	-0.4906179300994493	0.6192248262949325	2.2679144744763096
Br2038	0.0360595	-0.00331995	-0.00225428	0.00206411	-0.00634392	7.8	0.190007492099673	0.966883	1.0	0.0	1.0	-0.8056321188828998	-0.2609438375399527	0.13116916085557281	1.5571691189643706	-0.7485874728871386	-0.15132292422998578	0.09195416165545507	0.8899724452051145	-0.08226161231104905	0.756358377887571	-0.9922618226702707	0.4494745261542019	0.6862796871661334	0.782615481986605	0.8379327624019883	-1.8408013231596485	-0.5675769463237238	0.4613569316764639	0.5963817239088051	1.4185206188791941	1.6095727366585024	0.4071131962023876	-0.39537746902468224	-0.7161001658673006	0.06963694636441821	-0.3154104390123922	1.1026262950444032	0.7069858272858303	0.3442322381292487	0.9427105120155453
Br2044	-0.0121963	-0.00533767	-0.00742116	-0.00171429	0.00202578	7.8	0.1691752132971612	0.970788	1.0	0.0	0.0	-0.27069285957891376	0.7946867837378604	0.26338428150814586	-0.14726051730701095	-1.139511446805348	1.9552927027233826	-0.031160762554560986	1.4821277489612104	0.9889556005660178	1.963292207634313	-0.4568890765642336	-0.26708602141425103	-0.2546286582140525	1.2604424037870212	-1.1485465797586218	1.3261488535493369	-1.6135929584075057	-1.5801224102552898	-0.4246826105236022	0.5497104426751338	0.010934544356781454	-0.2460255825871295	-0.6063664670154127	0.7200456267306569	0.3493490200560324	-1.1531867071554107	-0.015261333293487188	-0.6931144313632791	-0.5322803884503923	0.6160965791454768
Br1958	-0.0123988	-0.0040996	-0.00299711	-0.00331383	0.0021443	8.3	0.1742795223154654	0.981084	0.0	0.0	1.0	-0.37287474670465703	-1.2038778123646805	-0.865988730817473	-0.07693200503339473	-0.7777381640297683	0.2097020124817603	2.450454403065742	-0.6071897798726924	-1.0968552051270521	-2.326829257470802	-0.779116154466761	-0.9630935871420407	-0.6464437180580148	0.7617696306504276	-3.2246645888230336	-2.018002479812191	1.2273016306902336	-0.16243468902520072	-1.0850854880867224	1.340846137359534	-0.5740679193850569	-1.5370128860032204	-1.5638861775787603	0.35244769123345177	-1.910580091192872	0.6508353312866145	-1.8393711013696779	-0.6635742476774719	-0.0040783560991890745	0.614780554456947
Br2046	0.0365083	-0.00381287	0.000594443	0.00471556	0.0017563	8.6	0.1767732141410458	0.969698	1.0	0.0	0.0	-0.08169877841943805	-0.46655073434126393	0.4029102462869017	-0.08524655040999023	1.7269970900792757	0.4661024616596646	0.276787684498564	0.6755952019742627	-0.8081262953420563	1.4765104553038428	-2.128944494203263	0.7050050239733487	0.4437042588249347	0.10150769847922803	0.8522990104974766	1.422187985832628	1.0257397186497483	-0.12980660733937033	0.353191802701219	2.4047280299491005	0.05169098209367697	-0.5695729016952435	0.1501070963951968	-0.8460361644040982	0.15470359826503355	-0.5620475907882132	-1.2652035813442004	-0.20648687808542834	-0.19742838809012492	0.15360649078575003
Br2053	0.0371544	-0.00413444	-0.00299071	-0.003294	-0.00332212	6.5	0.0102883198106324	0.956611	1.0	0.0	0.0	-0.2718499863274135	-0.8115367092388596	0.06278364825699806	0.6965614220564305	-2.0973775693345846	0.24197216585483453	-0.2556005525218086	0.11574424511830299	1.1425189266492013	0.6662184736812888	-0.12493845197837918	-0.7287595044688602	1.4676691259028973	1.3386907674286015	-1.1606368172088963	0.9782885833794972	2.058014250650786	-0.3770026381872104	-0.9139067486995698	1.049317845404733	1.0028138349626798	-0.16316664178890078	-1.2869130214868252	0.37112958612397723	0.4081571003235611	-1.7058077579774549	-1.3281432079052047	-1.6961418680825209	-0.9063853954364688	0.6895915769815991
Br2064	0.024254	-0.00307059	0.00125895	-0.00360205	-0.00738027	6.3	0.1852315585024087	0.971748	1.0	0.0	0.0	-1.0524890510046507	-1.189455402830494	-0.6281828835422626	1.1157035856320325	0.49065376673732247	-0.5745923618244961	-0.8168910542302785	0.7205018969794669	0.17055616221408884	-1.4738631005462757	1.1477675161387884	1.9272213780537983	0.23471993660453203	-1.006595355031345	-0.20009227038874491	-0.46433058683080036	-0.8350618783531417	-1.0362397346958276	0.3902101467305218	-0.2736695463832694	0.9739076305275044	0.11589071955697461	0.6530627790910013	0.5543627657317591	-0.6938295601106972	-1.0728254166026556	-1.1938376572788072	-0.7217602412636448	0.8963027408886974	-2.6690726208802835
Br2074	0.0386791	-0.00592023	-0.00276479	-0.00119284	-0.00354007	8.8	0.1970117813970918	0.973657	1.0	0.0	0.0	1.7714929996883468	1.550132571557716	-1.9288270983102946	0.34321623049476024	1.215640809140005	-0.05531373137186184	0.31261085766750546	-0.34465444978612014	0.25319012836767907	0.05368298210985242	0.380734957390218	-1.1735912672622755	1.4266721163926759	-1.2168698276851442	0.3153961055451492	0.9360279707897315	0.28577349930612633	-0.19220554043349847	-1.2762508607829215	-0.9543682084599502	0.6222107482159238	0.588197622872701	-1.3981653157716265	0.13388617929024257	-0.9972215172918208	0.4023816217261018	-0.3011942610987281	0.4810713256593035	0.32773982732258855	-0.5454284960986499
Br2076	0.0303484	-0.00473007	-0.00396406	-0.00341708	-0.000583308	7.1	0.1511109342113524	0.9661	1.0	0.0	0.0	-0.46718432025365797	-1.0895760432118897	0.5766222884405304	-0.6294871390205062	2.1455610601656643	0.6165225101559644	0.5475033198501302	0.3558571539402588	0.3432248481586428	0.020068649944934815	-0.3138983398054355	0.988373585066715	-0.28180416186124935	1.010079735435268	-0.1902973504386001	0.5362483302756315	-0.6484689158420476	-1.08164137975418	0.28040303260781685	0.021047712065580173	1.4144735810416342	-0.7709829278315448	-0.2033958726132872	-0.06985466911467718	-0.1551095216055149	-0.16279061476533452	-0.36132457404006163	-0.42014632209552866	-0.10728062401281752	-0.45963156516133247
Br2080	-0.0125947	-0.00479915	0.0021307	-0.00127651	0.00145331	8.2	0.1878102498964736	0.983424	1.0	0.0	0.0	0.546533963348819	-0.9843528806639508	-0.2110257381038572	0.24427361446901466	0.1449541465675244	-0.9202792816855048	-0.5323535692857957	0.6879844734358782	-0.36032217125247284	0.131805173166031	0.1768375437306248	0.5738345575591136	0.08818619288427622	0.44581173330299667	0.2903667510858596	-1.1317374381580312	0.5449574045517342	-0.05614635746501399	-0.5843500185849915	0.5690384823178094	0.7306095102556232	-0.33431865690843837	0.13733122155536057	-0.3397400434244027	-0.3221114351855196	-1.0268649982069944	-0.7264042877135581	-0.7846758857489683	-0.2684304774847319	-0.04007428625212656
Br2084	-0.0110855	-0.00482985	0.00662912	0.000502057	-0.00350109	6.4	0.2289409544056203	0.959126	1.0	0.0	0.0	0.3230653613712731	-0.41672459893283653	-0.9987693542302761	0.8269762800379289	0.8701795690133151	0.7149390451021487	0.46339609677318727	-0.09254033265877604	1.1016997064035998	-0.38980928506400797	0.6218194177416341	0.5160316616917319	-1.03025506549772	0.5221650854921757	-0.49190496322733585	-0.1765129567370481	0.23532265331123497	-0.46617531163765374	-0.19169411754509794	-0.48839372460416813	0.047110955814702336	-0.2544519850831655	-0.252400229052002	-0.004012656252467322	-0.6676461637466443	0.09915292297066189	-0.07789433317328304	-0.10908212518609982	-0.8571014581009462	0.6338246033535754
Br2242	-0.0126595	-0.00439752	0.000688298	-0.00367873	-0.00125402	7.8	0.1887597509254844	0.968389	0.0	0.0	1.0	-1.3674268126680573	2.1334310058364245	-2.0972420119683837	-0.31607396594009635	0.07276486390264489	-0.0731659596666035	-1.8350742729981449	0.4366111713963112	0.7703913180531593	1.1289604826029904	-1.3001371254845537	-0.0981073197813309	0.7937179354053872	-0.6109248501042307	-0.3214354837819866	0.7896271808547343	-0.2902092623854633	-0.8568400021716119	1.0476643503173104	-1.2737155036025938	3.111038797946662	-1.1893194601889103	0.34347715787984606	-0.9477615805854726	-1.6588195037524252	2.66912793913585	1.0590167158062165	-0.04837564032546435	0.6025636921549689	-0.625509211458255
Br2261	0.029096	-0.00286223	-0.000484548	-0.002577	-0.00333856	7.8	0.2103015367295685	0.954183	1.0	0.0	1.0	0.5462492030057543	-0.7486844136236585	-0.411584446450222	-0.01224513512383985	0.02824935844925194	0.17832102369575456	0.28623779982824454	0.05171695604669222	-0.7648767784482813	0.23232873995186984	0.7819596941217613	0.2033746101724214	-0.7642555857282421	0.06632448571238965	-0.4075340506420167	-0.11857704098104438	0.18978869744755797	-0.5600203623868916	-0.2769503449632324	-0.14092357450106632	0.7072707154708123	0.648049613530848	-0.3191499249096254	0.055183898041226094	-1.177664559867463	-0.27196242541706306	0.11790735218806905	0.4960441427519054	-0.24472955892740203	-0.4764347137923416
Br2292	-0.0128435	-0.0026511	-0.00035648	-0.000689976	0.00107797	6.3	0.220764050450611	0.963544	1.0	0.0	1.0	-0.9204904986480055	-0.24965344241096196	-0.4952666554466145	1.7611664659731923	-0.7306198573357183	0.44756256422362034	-2.884133851115753	-1.5801838042629122	0.2209609109618558	0.06392630065006796	-1.2021233931285544	0.6223691329497822	-0.7652260389946319	-1.4961961234458545	0.1106665647743548	-1.61659769558991	0.6925669928515166	-0.5605318245875373	2.1474297156776054	0.7127216128058385	0.7371019496066776	-1.2091437069968767	-0.8831013623995178	-0.7674887862269514	-0.31371037083375375	-0.2938916616323272	-0.13954657896268494	1.7132532873511255	0.40658709035931867	-0.9666141750307012
Br2009	-0.0124527	-0.00506464	-0.00351706	-0.0045946	0.00173341	6.8	0.2261852804524414	0.973182	1.0	0.0	1.0	0.4703229278439569	0.31282865232846935	2.0292913569095514	-1.8007093879038405	-2.4746902427456874	-1.6128404370510716	-0.7734874915757735	1.004856287436766	2.2576059756157907	1.5597982531714225	-1.236853899764222	-0.41783080504226294	0.09563286357471626	1.1332767945154216	0.16597762556293155	-0.2806220897701668	0.0968511475981492	0.6368573548189922	-1.162834615444367	0.3647400877831003	-1.5244280948859168	1.0033962556613627	0.417659722378244	-0.6244669107138017	-1.0040656827020418	-0.03464750636430877	-0.3098026074954551	0.5729174240338794	-0.6041431350973351	-0.8959541452480315
Br2257	-0.00961615	0.00105669	0.0290008	-0.00645873	-0.0116462	6.9	0.0113067781705348	0.968534	1.0	0.0	0.0	-0.02650029292696228	-0.606327388821061	-0.6288780687535956	-0.2739728115931687	1.0875696791973704	0.9541770781270827	-3.830608674470352	-2.123381561755167	-2.1238580775012266	0.15685259570769913	0.494612328239793	-0.18442887217171505	-2.0606014358555753	0.15515013600320426	-0.3004676198882472	0.948866093487485	-0.3846412067866739	-0.1318788549941459	-1.6498983387098225	-1.0486190051124127	-0.45329230948883353	-0.9425750784748596	0.4081190960033638	0.16502944369919814	-0.09154445937524833	-0.3500143635013069	-2.4116853264466167	-0.5182275258484751	0.23619031829620354	-2.196268234072362
Br2263	0.036189	-0.00648251	-0.0014845	-0.000410409	0.000624849	5.7	0.2243381778974905	0.961514	0.0	0.0	0.0	0.4822366316899389	-0.4709404256521348	0.8867908168528742	0.6366848535612628	1.193512255415513	0.5464306608421243	0.9245340524124465	-0.24625526232704056	-0.9197823364074018	0.4414608789507774	0.4916412781366689	0.27125651273029994	-0.8358380666369645	0.47451568730286764	-0.36273316675993983	-0.24769984905988715	-0.9257606385377289	0.21606273611702975	0.1967057792341691	-0.2721870325386475	-0.7217188583425661	-0.17906536795998199	0.9478725301490868	-0.32208598285858997	0.08786729537305035	0.6618715508770678	-1.3325708355552195	-1.472936046440795	-0.8752263348579887	-0.25458792976064226
Br2267	0.0319575	-0.00341034	-0.000168231	-0.00536559	-0.00132493	6.0	0.2382072338152673	0.972486	1.0	0.0	0.0	-0.16584025954217735	1.3229028758475516	-3.214733256834751	-1.5987564272507413	0.4295990504356171	-1.2226860924967382	-0.7909217651441586	-0.4748857852439179	1.655491726134891	0.3831198386698716	-0.12809905784550643	-0.3167012043660775	-0.6163210909005944	1.3255374489213232	-0.2685407130411769	1.0224899631560194	1.123455587028737	0.17712727267410006	-0.4218053936976487	-0.8856008285677105	-0.5663003149073292	0.836985285526603	-0.3825851517517167	-0.4750782885494168	1.2232983879813715	1.6577399185419273	-0.9700294618787405	-0.7835306293722591	0.4874007919981331	0.7245965885888203
Br2271	-0.0134857	-0.00568866	-0.00462573	-0.00163608	-0.000621842	7.3	0.1789003794237978	0.959902	1.0	0.0	1.0	0.1537051762291606	-0.8363459472995506	0.49396852827721294	0.47231529121878585	0.925132707819948	-0.698479250979046	-0.1767895932719498	-1.1541333663203976	-0.46722824060757145	-0.5368737713728349	-0.3951129452882994	-0.1663730792406081	-0.8251835323425815	-0.55192041707138	-0.9775160351772342	0.10178401075941523	-1.4427120386308872	-1.0219516471458079	-0.9868761884687701	1.6204944189607169	-0.7873592159108361	1.273493717659193	0.4479428049337288	-0.01931561409175856	1.401601967163447	0.10802833629216745	0.32919414018769644	0.3250018650896036	-0.04438310650791678	-0.09510924657494563
Br2285	-0.0127711	-0.00553278	-0.00363131	-0.00535021	0.0049894	8.2	0.2184504695563294	0.971674	1.0	0.0	0.0	1.765319840524367	0.20595568624091837	0.42541139317650645	0.41588166082417166	-0.8048769155082964	1.704352528624351	1.1180145693146146	-1.46662267354793	0.8041382285788545	0.6900665548861841	-1.028260814495046	-0.1261397740639124	-0.6678396324831325	-0.29066497227701876	0.7581339129038455	-0.848157270996083	0.30376437381577964	-0.23847167867310884	0.6720889952513748	-0.6977391463850392	0.6853796665568204	0.6198542040400549	0.013746972917253795	0.0427322622088438	-0.2526189263498974	0.902784032201689	0.4765715008373958	0.3745273584601923	-0.257583172779528	-0.35434870514419653
Br2288	-0.012953	-0.00459354	-0.00513984	-0.00391577	0.00136792	8.1	0.2418948193274474	0.97801	1.0	0.0	0.0	0.39149203380734415	-1.1193596406030732	0.0442631701517023	0.20207871107727868	-0.2804032526963406	-0.6168108186419606	0.2290695088864565	-0.17228130218940207	-1.0213510796282195	0.8520589147964568	-0.28283431345150006	-0.8360951201097311	1.4790026774880785	0.8354451721689529	-0.47039943393886036	-0.4570629912784883	0.9209045962662296	0.015196277955119294	0.3290455255253301	-0.6982627382952874	-0.17794107551504465	0.39887386591146423	-0.27569029630150443	0.3745467598109559	0.30587541682798386	-0.2343785192018178	-0.6197326820193304	0.4364086410522477	0.4178737735843544	0.05301756801669099
Br1832	0.0456602	-0.00606589	-0.00181422	-0.00280308	-0.00391053	5.7	0.1731802399908694	0.963685	1.0	0.0	0.0	-0.09107676110087112	-0.7821066878796533	-0.22691905570936	0.36416147411998145	1.3918737203375593	1.1843040705236683	1.2511408887965305	0.11926144934799718	-0.26315332896824695	-0.019714136085699187	-0.6953530695990783	0.9102731266794696	0.7767629392152307	-0.5298744061461269	1.144076239805645	1.0396669087707897	1.2520353156676594	0.3155383817298006	-0.6723560391730365	1.2321827434975685	-0.423843548263757	0.31564723245447845	-0.4306691179898514	-0.9876765227788485	0.5367348940172251	-0.12030518326431905	-0.6668111158596902	0.16740827011312107	1.1046582208219384	-0.0517378978863592
Br1840	0.0337095	-0.00202595	-2.2324e-05	-0.000322628	0.00212055	5.6	0.209227064287121	0.963911	1.0	0.0	1.0	-0.580106618818231	0.24083139817481028	-0.22792517600605727	2.081223916516181	-1.7133209291729354	1.6311712110878978	0.7680727870583648	0.7141652410076971	0.011872890631775795	1.2750910922055094	-0.01644772778788896	0.2558116336732194	-0.03758253955054653	2.974798880302964	1.5580903865032179	-1.3699960415167596	-0.6799114942755652	1.7273133347348502	0.890097900550106	-0.32713478198940105	-1.3980794316756722	-0.10984595520162171	0.385476899429172	-0.8126000515528755	0.4128317944369756	0.4983533014561936	0.7458001148531757	-0.46021259872333037	0.5167659714896449	0.49775940586221723
Br1884	0.0115368	-0.00425063	-0.000600565	-0.000263262	-0.00239799	8.0	0.1471329890631085	0.962156	1.0	0.0	0.0	-0.1460809269357162	-0.5930379049111666	0.031939050765917805	-1.9347675214035644	0.767564960658113	1.1671361698502274	0.9825423544287628	-0.043310298937077794	-1.0136153482207562	0.3565061465027797	0.19333478062862902	0.9743009447190873	1.015786323454714	0.7240104718413702	0.4020656992351494	-0.21648360915146184	-0.10772305834385378	-0.8894233735954131	0.11891145605234556	0.5255152704980096	0.30063434002083206	-0.4295339120945235	-0.4640157529895879	-0.2794328733940146	-0.30601684207139584	0.17370776462654233	-0.9495093226904371	-0.3562383175073205	0.1386266974619514	-0.0973040273788463
Br1898	0.0388098	-0.00339979	-0.000430058	0.000877986	-0.00449674	7.8	0.2165163816442415	0.965108	1.0	0.0	0.0	1.4001567410325935	-0.28575397776170497	0.772077341914339	0.638849232635919	-0.6450967397350099	0.09820707842431844	0.22540873891151375	0.14948650982395553	-0.9171004595227527	0.2646063191079275	0.25475060537194233	0.926146889600247	-0.7826971643954602	0.7503109150685181	-0.4556068438517961	0.6300812690280371	-1.7280419312168258	-0.377027520173555	-1.5041010139666449	-0.8810772254910586	0.4679076342011854	1.1686206872131268	0.16529938027290378	-0.2931232837302056	-0.010373683930584214	0.02180982733073864	0.1684972473911785	-0.4608060022404961	0.65423025772139	1.0630889698158905
