	SNP_PC1	SNP_PC2	SNP_PC3	SNP_PC4	SNP_PC5	RIN	mito_rate	mapping_rate	Sex_M	Dx_MDD	Dx_SCZD	HF1	HF2	HF3	HF4	HF5	HF6	HF7	HF8	HF9	HF10	HF11	HF12	HF13	HF14	HF15	HF16	HF17	HF18	HF19	HF20	HF21	HF22	HF23	HF24	HF25	HF26	HF27	HF28	HF29	HF30
Br5168	-0.00409396	0.00765366	0.00183225	0.00957138	-0.00491763	6.7	0.0131614819784192	0.978127	1.0	0.0	0.0	-2.8619452006146875	-0.9500066533968865	1.0481223275893325	-6.1685271439386655	9.628595964877332	-3.861450801734412	1.692446156135676	-0.173599727582821	0.8667716717127375	0.29085790402658057	-0.025599048967632196	0.14356870927668125	-0.01380877395229628	0.12062098650535481	-0.12947117775780997	0.2396912797148263	-0.27394806745281414	0.12741586947954786	-0.1934984269295809	0.05477943418781182	-0.05173901309653642	-0.06995217349505524	0.08528579948004264	-0.06472884603382155	0.07788256809114394	-0.049564377818385	0.1788493422168183	-0.26217970679849995	0.12714842637193183	-0.05088577321655531
Br5217	-0.0111667	-0.00556815	0.00490032	-0.00121084	0.0233455	8.5	0.018011902381663	0.974921	1.0	0.0	1.0	-0.08790022996873868	0.38375675128834535	-0.13893292955108016	-0.4105393919441502	-0.738800851409024	-0.8725609879443406	0.309584635097236	-0.523010353318734	-0.048481323610411395	0.009902414852144301	-0.8215752053215567	0.3808632028372557	-0.9439668650886415	0.7206898496145084	0.8625383525579259	0.2916409006248564	0.2737369087164107	-0.13312502274101098	-0.30240071153897513	-0.5972304197614564	0.6161540384737507	0.26427106528705296	0.6221414334870078	-0.11405351098905123	0.24427430676822115	-0.4818255259409908	1.1032846375127083	-0.5053466050483524	-0.188656104638656	-0.05011331657040905
Br5234	-0.00829193	-0.000551627	-0.00117475	0.00662471	0.00584354	8.8	0.0129570757639924	0.974891	1.0	0.0	1.0	-0.27776669027011064	0.2956446641889449	0.19074615522667462	-0.2722356172855464	-0.3757496886691755	-0.21981212847414366	0.0758376670951806	0.43684267552135964	-0.03657736118084169	-1.0016802769025297	0.005281361902950628	0.09602119717882684	-0.09623684136686853	0.8977347588304462	0.3515647609884972	-0.3539367454332334	0.1114514723201282	-0.25457271538104004	0.48312511571918165	-0.3184040038373624	0.8058665344098352	0.2917515953693775	0.6654029142184578	0.30006527771603514	0.22484339117097213	-0.057216851007719005	0.24451811487823522	0.06673999046498963	0.5034317563572658	-0.31870714924330984
Br5005	0.0420922	0.120499	0.0117996	-0.00254276	-0.00910361	8.6	0.0184359840948259	0.97866	0.0	0.0	0.0	0.0893668977572773	0.7073862139704153	0.1724699531742862	-0.2439343136329622	-0.5262363078973825	-0.9360706726380901	1.0580216406276814	-0.6770734133176374	0.39672485909771554	-0.5173751503711108	-1.173327094631445	0.3848550546449719	0.13464059168330972	0.04761226466334371	0.514333007659421	-0.03864391078889887	-1.2190772458500188	0.35121541457952365	1.0777948858102617	-0.04273232531521878	0.6224487906862083	0.3186687484850966	0.2115094109325816	0.5331921893037804	-0.6715769297069994	-0.020880606155068787	-0.14654777561779203	0.5608118511433285	0.4531384005671656	-0.09332470495368707
Br5024	0.00573301	-0.00995007	-0.00998787	0.00571	0.0166443	5.4	0.023574392835873	0.97765	1.0	0.0	0.0	-1.321008517320344	-2.0455274833338324	0.18907345270560255	-0.0949573684769509	-1.1317703583702872	-0.5924094718620779	-0.82351678696122	-2.837792189874061	-0.4516357176330505	-1.263472713341449	0.31087071312463527	-0.0668769525078307	1.3129627203616066	0.10523384725740802	0.34603932952160976	2.400764089615536	-1.3296042223056497	0.2860393093319442	0.23374609413796316	1.0000491811166496	1.7998910045773902	1.576697588799444	2.0056449078359244	-0.3309901555805364	-0.09985825736838441	0.47670125945787206	1.9577928221832757	-1.2563338488297053	1.3487835413090075	-0.7981543609650334
Br5154	0.000362364	0.0137224	0.00599836	-0.00258682	0.014832	8.4	0.0200817690853063	0.97738	1.0	0.0	0.0	-0.9038773351311314	0.009758014669809682	0.6719779926116449	-0.3944793381693169	-0.8271711008110662	-0.4289892650681135	-0.6941810851398464	-0.5974694899003065	-0.5434588208155459	0.5002168584390047	0.15417334821486264	-0.8892229916281152	-0.5571466329249335	1.0874062770876036	-0.4062369340502917	0.3024169624961288	0.1643944578504618	-0.5693202518164994	-1.2214831326939573	0.31620406553494934	-0.18723933231818835	0.2690318510748561	-0.010630795988189386	-0.08828541073982517	0.7646536768868237	-0.08421053262671581	0.6550155687058955	-0.5194060707203115	0.3985860097265405	0.41568878719907576
Br5161	-0.00878819	-0.00271127	-0.0102949	0.00500747	-0.00141994	8.5	0.019161301329548	0.97608	1.0	0.0	0.0	-0.9005564697689413	-0.25182805067855757	-0.00443737430266385	-0.5671774859787703	-0.9016966666743287	-0.12738037768016894	-0.07847482996291988	-0.40193802949243596	-0.20534621103896375	-0.1447473911896945	0.08544227783738056	0.25097359601874214	-0.4245397083000256	1.1686246887898113	-0.5864270601783049	-0.04720023009583642	-0.14074031391173233	-0.14828851289401218	-0.32018004944509537	0.37311967816742303	0.2693779671398239	-0.32791357571828067	-0.3925025891122409	-0.5560806802324215	0.8916076466863484	-0.18860914171064452	0.6694107916543889	0.08526421375877732	-0.1928406112503363	0.0359689361121843
Br1023	0.0441544	0.118148	0.0146055	-0.00107632	-0.0106683	7.6	0.0131606688541607	0.962803	1.0	0.0	0.0	0.44938776701314503	-0.40117486682464637	1.151264509068597	-0.2601147000610915	-0.8109263686006818	-0.9957349602477994	0.195459756697543	1.5327676830976655	-1.2172773064056581	1.5448360732614208	-0.06943465487816335	-0.15953385495550843	-1.6587326648769511	-1.8044546069138938	-1.048710662811571	0.07600137384692712	-0.45426464983878434	2.061247622990779	0.8034243327002093	1.103639415412206	0.8635662056599079	0.2574135916822998	-0.37668845111079435	-1.8632874459464068	-1.9046460845126874	-0.8988105902585768	2.565100151523191	-0.7637788351017684	-0.813932919788707	0.02254402564750304
Br1034	-0.00537136	0.00664888	0.00160894	-0.00936537	-0.0164119	7.7	0.0158321777639609	0.982297	1.0	0.0	0.0	-0.09122963096638825	-0.10170104029610785	0.18902610040949272	0.3516777828646707	0.6521847090987677	1.256697633673673	-0.24189267628272396	0.30299752207893654	-0.5273993314602307	0.048774569632405826	0.24520154292722315	0.19560944437269434	0.7092252506511727	0.8436486465882835	-0.2781508492761923	-0.717285240542643	-0.22891285043081983	0.11408448691945618	0.38174409265325526	0.0866044251737931	-0.7060351186516296	-0.3509181392724121	-0.344008071898058	-0.015578611498122754	0.0394338544625544	0.6746458426489075	0.3630133402254862	0.01170950852014693	-0.07884938102866246	-0.3029024810786073
Br1093	-0.00484183	-0.00142095	-0.00741066	0.00307332	-0.0176664	7.1	0.025829954405973	0.975436	0.0	0.0	1.0	1.2375165339543486	-1.9140601578666103	0.006944251605962702	0.6785695513211187	0.7903969866019788	1.0471116251944004	1.6789919556868134	0.952825326092775	0.14873904952869782	-0.5257483298825899	0.23372631440438735	-1.3297974580160654	1.7605914835438357	0.012567516458204581	0.7057627620505327	0.17747306322318568	-0.6604230123775667	1.0421423375278525	0.7591846601446776	-0.10588197892818367	1.0042917230069859	-0.6061213397653452	-0.14606352658094326	0.3252483546168798	-0.8519416702457226	-0.099014138017625	0.6011036973768147	0.5552220129723141	-0.208063907111713	0.12213977077385087
Br1113	0.028523	0.000140697	-0.0189991	0.00473655	0.0310797	6.9	0.0113398204326345	0.966355	0.0	0.0	0.0	-0.4825501288330632	0.9454176912654474	1.0972368304932232	0.22504971860907966	-0.15498641305729552	-0.4458184670697644	1.7405944165055283	1.0115313872786709	1.6084918855510333	-0.541007505132252	0.21295218645184597	0.6547107914318775	-0.9891522217263453	-1.3494979347598621	-1.2932409710966368	-1.3120409475143904	-1.267208439230815	-0.6273997291794731	1.2523555838360048	-0.5359769689567019	-1.457559517119035	0.8338310216682738	-0.38717317085965086	2.2107583096647563	0.11006685789437784	-0.0297896261491249	-1.6251618371159728	0.3529363536041426	-3.148880062901814	-0.39976849273600895
Br1119	-0.00973692	-0.00531677	0.00103135	0.0123072	0.00910359	7.8	0.0177058857683912	0.97368	0.0	0.0	0.0	-0.05481692100745511	0.12955963402832626	0.2084116833475499	0.9751659672122756	0.625514983258589	1.4045233922187192	1.7158604055519207	0.3322179982923421	-0.6673345404463868	0.47809814928304745	0.3619908163930418	-0.7864721000592111	-0.48723232887161205	1.5368149921974243	-0.9459574256681047	-0.16866783820894457	1.1931123930295824	-0.3001977761160803	-0.169321571481094	-0.255935632388534	-0.593363439431172	-0.3972191514577103	0.2677281511090489	0.7536140286938197	0.6688694067540857	-0.018676754436571033	0.4931516101809249	1.3056922663247683	0.15213706100590166	0.08556729664578273
Br1139	-0.0105834	-0.0106964	0.00129976	0.00254499	0.00984033	8.7	0.012514147662575	0.98019	0.0	0.0	1.0	-0.5776483551361483	-0.17402079915758906	-0.2399249702844613	-0.398985466648331	-0.3935647525812588	0.29120172029814384	0.40197568651123394	-0.5400447518073221	0.9513225104104674	-1.0653148554183642	-0.15027725679006215	-0.9296891801468655	-0.5038161992470188	0.25970905228542185	-0.5712332057085744	-0.14464487636580822	0.2529858942572308	0.5927716278445988	0.4827134604626314	0.9985082032101052	-0.2110420114540644	-0.3745756486945948	-1.0846696438426513	-0.462842041676859	0.02154094744099472	-0.06421126013173144	-0.03400121263231482	-0.46147260916398575	-1.0340762505435819	0.6036797705627214
Br1183	-0.00811196	-0.00206009	-0.0105454	-0.00238451	0.0167652	8.9	0.0138552890615651	0.964444	0.0	0.0	1.0	-0.69957520669027	1.56157652045419	-0.1760297099865565	-0.6106560008559521	-0.3028958310403264	-0.6420452703922551	-0.8180438037230359	-0.624190441517468	0.24135595223125333	-1.1071714409959712	0.6753593244695729	-1.1583131400183593	0.25510931749616983	-0.7954305619541702	-0.5210889210889574	0.2234525229441435	-1.34346272797495	-0.02700901880172909	-0.8335876766743001	0.5034392003791195	0.5452279150348864	0.24909433119391655	-0.9187053112451824	0.7191000311898302	0.32189890546067124	-0.6513543947083769	0.7598203958495869	-0.8999209720529463	0.12430764220452324	0.23809466532661536
Br1203	-0.0070475	-0.0086062	-0.00220672	0.00115064	-0.00315698	8.5	0.0179732303592009	0.976601	1.0	0.0	1.0	1.8865170586587978	0.01318524682437406	0.015181047496751376	-0.9684790877542911	0.2198031984002105	-0.17319071398955418	-0.6097379697641346	0.8834145259081586	-0.2738016869807197	-0.6341131909375494	-0.0375479485922502	-0.49220182779900457	-0.8283640628300963	-1.1001582772221787	0.8755367719633022	0.03278570957693345	-1.2582774377769639	0.1655321873429846	0.44718729242986655	-0.3305786038874621	-0.8614554509869655	-0.3567555391543567	-0.20455642775384114	0.3880672925080897	0.46723394569738724	-0.23833973851213427	-0.8396153646312463	0.7692301500832054	0.25658569154629635	0.0821517049660372
Br1214	-0.0057542	-0.00408158	-0.00297066	0.00296659	0.0246976	7.6	0.018030476868885	0.974905	1.0	0.0	0.0	-1.388602631093104	1.9802885308922953	0.19998330048049345	0.16820403562911157	-0.3669573515457291	-0.6594096798556518	-2.812482962439652	1.0444584251708964	0.3574166780039042	0.013265298511381682	-0.546635304043496	-1.0410433326185957	-0.49419467520937804	1.536175618688191	-1.0217473271710653	1.1227077175718416	-0.9834411582097797	0.7501526994148474	-1.128545364644849	-0.08241388614684704	0.5044508807712423	-0.24576287759651594	0.8096186087693151	-0.5905365924306347	-0.0708690531622972	0.2668588819954568	0.3598039183156218	-0.21774448620697417	1.45673298359276	-0.4169777511925232
Br1243	0.111378	-0.0224393	0.114441	-0.000789926	-0.0136124	7.1	0.0170056957660938	0.968531	1.0	0.0	0.0	1.6455192499205151	0.9657393202298206	0.22655071583845016	-1.0742192255930356	-0.20864758889718127	0.01387728371488754	0.43829501637263923	1.7151194545354438	-0.12435720792535458	-0.7969211419785158	-0.19496017664330936	0.014595427525101073	0.6364684694907	-0.07784386613824468	-0.4768945723013913	0.4305069359286831	-0.07925985954647209	0.8800919868542427	0.6982844404435048	0.43017116700550834	-0.45641214997856067	0.9228752141937423	0.48332025111907556	0.7842191826665794	0.36671156621761725	0.5605037138767918	-0.4248518831737713	-0.20290300230577857	0.05232893694266127	-0.7198123902476913
Br1264	-0.00336777	0.00782376	0.00331385	0.00510579	-0.00373742	5.7	0.01335071421777	0.97457	0.0	0.0	0.0	0.0015843602550638888	-0.9539567064944792	1.3535139372556149	1.2359024286148412	-0.08928800453888279	-0.17805029786845375	-0.8239385554027125	-0.3003898453638876	-0.17985542315116168	-1.2415606997254611	2.372301569812572	0.5952411704387381	3.0324053163123232	-0.4906907134106521	0.6902726107564653	2.7742830183330183	-1.1608865449237773	0.6031748972421812	1.401002225226722	-0.4198929314314839	1.75247371962677	-0.5382304021936324	2.111350591005599	-2.6105824946361493	3.2345995403844725	1.0218453529581768	-0.9862757630262062	-0.3517671958857708	-0.5931656675684048	3.2468036233860462
Br1271	-0.0025221	-0.00383056	0.00279581	-0.0207166	-0.0844361	7.5	0.0145888541339663	0.963911	1.0	0.0	0.0	-1.1448975550618363	1.2466300194078137	0.055048656469689435	1.6336408923837984	0.8622822345012987	0.38731221016537537	0.7204603443090786	0.6616374190791626	0.24856892962347804	0.8409620683066424	0.5303292084176666	-2.0330726457273918	-0.24526616816607924	0.3440045701279271	0.9502799782251468	0.8122032388347684	-0.8991805987485608	0.11149819236000283	-0.37155328076051547	0.4658869011667416	-0.1288768230714443	-0.3784567827683357	-0.05872684635730753	0.6347448988053386	-0.7708997063671599	0.6628218364618654	-0.010431597642800808	-0.23792034568713014	-0.5651334551760755	0.23890115645203566
Br1279	-0.00183629	-0.0111445	0.00519037	0.00739412	0.0142118	6.9	0.0178987851040864	0.979363	1.0	0.0	0.0	1.4808451563375964	0.5502842421248243	-0.48657413253722975	-0.8053265056723702	-0.7763015351332875	-0.6621729927776182	0.15451307162526778	0.013091280181184363	-0.14990761473265754	0.6573296274275406	-1.2461833310754107	-0.19237078103974609	-0.4339954660334176	-0.31777574134480463	0.29794083319028625	-0.711420419098032	0.05749189203288949	0.33676629349907367	-0.1105705906998842	-0.2926813414629761	0.21917416105495488	-0.1428764433392336	0.3963609876550919	0.4883081977347395	-0.7169077984286224	-0.5148334782824975	-0.8872363507656338	-0.43058255781570454	0.5505399075961026	-0.5494433841083428
Br1288	-0.00632616	-0.00704057	-0.00655633	0.0104045	0.0216792	6.8	0.0192828301691927	0.973384	1.0	0.0	0.0	0.1188776276507113	0.47163968305612425	0.44012380383800864	1.5090051092217818	0.741653674080996	1.1348839037640799	0.873383102856711	-0.35659207469911747	-0.019171277647431366	0.6009385666663379	-0.3943043753484244	-0.25764324268046584	-1.1642460046929064	0.8587610449026604	-1.2509572353579674	0.1279104975986736	-0.755790441129815	-0.4158370708033909	-1.4667136723269407	0.6174539653904092	-0.8779559860836945	-0.13503837339801733	0.10087215072408165	-0.2516147091474451	0.2843155349838406	0.08130162707500062	-0.14922945600000434	0.6869459295765	1.458738353180944	0.9956871525812943
Br1350	0.0148438	0.0325791	0.0137566	-0.00960337	-0.0471533	7.5	0.0163390484342118	0.976186	1.0	0.0	0.0	0.5058192875777892	0.7028101862173934	0.20229651409973984	0.9916222488776195	1.293814722589857	1.8516031030154532	0.08313766544084601	0.7839945184629291	-0.8914532397080625	0.24869793025865086	0.8037039694203174	-0.1524585663613687	0.7205052463651533	-1.0026871575990577	-0.1221126003671398	-0.825509320560661	-0.08086084855318097	-0.8423494382914092	0.30331221166123357	-0.6515724557330159	-0.8985446985317865	-0.49704743855644823	-2.9462943088079165	0.49647127947302805	0.6384372332281518	0.9890327198062652	-0.9770999052360146	-0.4675333355999793	-1.0411799500962364	1.0106337535525778
Br1356	-0.00370747	-0.00620329	0.00182919	-0.0260239	-0.0488929	7.8	0.0176912400726035	0.973036	1.0	0.0	0.0	1.909704664001688	0.41667819670017636	-0.2681041540211889	-0.8370312065125952	0.13004678142344922	-0.3496231758026373	0.28597199345830254	-0.29662258029406086	-1.3332912720977423	0.9312941455952864	-0.21088697857761984	-0.8689747253494163	-1.3093780944457416	1.016992447297304	0.20931467464381187	0.7417225520345303	-0.20530418510798262	0.7039928710404438	-0.06338147664284452	-0.4007250656767118	0.9149385032456019	0.10383870106274823	-0.7033116222021891	-0.4999908625782479	-0.052922028978286524	-0.255437355242999	0.3196131684440884	0.3633176186919862	0.0526633653267638	0.05127485424603997
Br1370	-0.00792166	-0.00766548	0.000847336	0.013909	-0.00657697	8.3	0.0157630201908944	0.981721	1.0	0.0	1.0	1.748277050008224	0.49393556982100195	-0.17594917367408708	1.2009432437085097	0.841796991724487	-0.39338108005785183	-0.6903050936493867	1.398972688929654	0.8119482061503077	-0.5871386332396515	0.061655329984138085	0.5743952280315496	0.2055343062034467	-1.2262765674734215	0.44496313532510234	0.14434464333927477	-1.1803296030768753	1.7229613221237703	-0.37622558207177803	-0.8150015422865093	0.4359738303302322	-0.945556364251369	-1.2074984756485185	-0.38951073683382587	-0.2925231956002963	0.29225839370408646	-0.4085606058969734	-0.9945541282082749	0.6697272540048993	0.28445354404961826
Br1378	0.0108138	0.0341691	0.00312181	0.0018491	0.0172164	7.2	0.0170286704973522	0.974472	1.0	0.0	0.0	-0.060902697483946076	1.5782017671717905	0.09226506313343764	1.6710011677104053	1.1834058780547407	1.321790587661534	0.7461706085061182	-0.31017983242661046	-0.2506206292762915	0.7078464340471221	-0.6067574764611028	-0.03637459934711282	-1.2175762188083972	1.0427748834263408	0.06704800857732034	0.37997468971713144	-1.1103483242613028	-0.46017613540245694	-0.172308101440593	-0.1703990050348021	0.23224661508379002	-0.9087373863595832	0.03330670212848533	-0.8960595876505969	-0.4912223949164918	0.2448715692363956	0.028104183276862395	-0.1595179850173183	0.2493240182426348	0.18089272972932247
Br1383	0.00223331	0.0225307	-0.000482741	-0.000650996	0.00309376	8.4	0.0209066803584799	0.978753	1.0	0.0	1.0	-0.5955491548705149	-0.008084259776048854	0.12622881746960685	-0.3424425823473041	0.057521494971677904	0.293029354410659	-0.17558222531277332	2.078135841953438	0.6515536300337188	-0.8858989768854373	-0.016491612881756462	-1.1576594866792134	0.26493499582234986	0.7581552618680693	2.6329184395654335	-1.0896857034698633	1.0948546653286304	-0.3962056933107974	0.7399262648247151	0.8605563886889037	0.6769268820297363	-1.4488451460099365	0.2858784267438702	0.7385963784990688	-0.29502657729911874	-0.3532969905137385	-1.164634190543778	0.9792075914497048	1.0688794535189599	0.2769099862144313
Br1389	0.00674963	0.0129297	-0.0113723	0.00224901	0.0319365	7.5	0.0203730131150031	0.968665	1.0	0.0	0.0	-0.5827823908255367	2.4730462487081377	0.07531943875097866	0.17847638319363313	0.1141585912518413	0.13586403828344476	1.025822913572504	-0.2942843697885014	1.4690708980173441	0.20341305848908914	-0.08789544034174626	-1.1549880633600373	0.512416227585093	-1.25005682068758	0.9719776821693704	0.037796104606498196	0.7768309837332138	0.07962221826347375	0.5753651336542915	-0.19863622198181538	0.3319470309880018	-0.8534360626914965	0.29413297366129776	-0.2659364389795619	-0.23696842107820468	0.08935537156858117	0.11786408317948084	-0.33059045731029946	1.1508686359988758	-1.0769927492969713
Br1425	-0.00921505	-0.00287673	-0.0064711	0.00871557	0.0172307	8.0	0.0140173266487157	0.979116	1.0	0.0	1.0	-0.7077789008929949	0.694443150856444	1.8783920836705756	-0.14079461715227773	-0.5195550611230795	-0.23655454516398491	-1.3800380893786186	1.6047816795168413	0.8158740820574558	0.2771298756335506	0.03837794833920296	-0.7528860570017566	0.39936382737794135	0.3472634553147551	1.260631388351928	0.1348671348736155	0.583771521868649	0.22459823236358206	-0.7472631302920423	-0.5080457086464563	-1.387389336026799	-0.017934672914334912	-0.8114949363353392	-0.5183685412843857	-0.2896948183829683	-0.2846603796310768	0.7896545309714941	-0.45875699268180054	-0.9805947141418229	-0.509031626649396
Br1458	-0.0104739	-0.00759532	-0.00728349	0.00340522	0.0102203	8.3	0.0176425327611504	0.975458	1.0	0.0	0.0	0.22179147157315807	-0.3244689549715078	-3.8764335403192502	1.798342467666893	0.9911908334398977	0.14404883306224608	1.1923456572997466	-0.20161276420185933	1.0049495558527513	1.2613815685168241	0.6699689804001715	0.048823177784975254	-0.3992316946247245	-0.7343618019935179	-0.9478059506132592	1.7412563773406426	0.6330932929029311	0.20570088111913612	0.010016021760724053	0.23437945572261595	-0.3349155530048671	-0.0596942481692248	-0.7038011688733616	-1.0983406797013566	1.397092480451504	0.385307715225741	0.30406666914290553	0.2747439220568096	0.6629061504975633	-0.31084490647451535
Br1474	0.025805	0.0335269	0.0020215	0.00476126	-0.00556602	7.0	0.019227313822871	0.980629	0.0	0.0	0.0	0.3849224104349792	0.31965827567888827	1.1228532255697694	0.5368228776840559	0.3110878334353395	0.20053873515081194	-0.12674629366096613	1.5946319419009052	-0.3856617872673669	1.6373878220034213	-0.34182300736272375	-0.08400052819037788	0.8980803772158622	0.12164729477388922	0.25707028278770844	-0.466860346285789	0.40679934726524214	-1.105590941619061	0.7912670409891679	0.5316855806761019	0.5412481708069262	1.3239324807028674	0.4934210382911283	0.3575443341652141	0.2981903444468425	0.041709335258960534	0.5132677447913018	-0.4178324457709932	0.688952278449513	0.06425207732809513
Br1373	-0.0042961	-0.00308922	-0.00593422	0.000628157	0.00200793	8.0	0.0141671784954492	0.969598	0.0	1.0	0.0	-5.4470994141887116e-15	4.277638637060244e-15	-2.8430965498474357e-16	-8.737786047253264e-15	-3.4108480912499424e-15	-3.794729422925564e-15	-1.9622293319160635e-15	2.3410212752846893e-15	-9.565771442468252e-15	-1.602194127218445e-15	2.239036179792487e-15	-3.087075586907468e-15	-9.99041890037607e-16	6.691084008378703e-16	-4.009642936443004e-15	2.808787181548977e-15	-2.1716607295970658e-15	1.7063834788989293e-15	-2.2738405065533233e-15	4.163933363766588e-15	-1.6385258752499212e-15	-9.358894815504716e-16	2.085074589381052e-15	-9.133333345116535e-16	-1.0007353200043875e-15	-7.723928468049186e-16	2.343264993301008e-15	-3.9006729659308654e-16	-2.468357573256362e-16	-4.776349642612177e-16
Br1498	-0.00656618	-0.00282935	-0.0013485	0.00777073	0.0203871	7.2	0.0125143669168881	0.976549	0.0	0.0	1.0	0.3407288157423624	-0.8897182445510368	-1.7042633164850942	1.362127855633201	0.6968714453023448	0.067730788136764	1.6527370719471224	-0.4302795508881482	0.2623014065271576	0.2700687277339872	-0.12956442220926498	-1.8485550142416871	-0.36749299195576746	0.9052047989027698	-1.5867880396825884	1.7737343056306085	-0.8515208545249375	-1.0293114385578046	-0.20074346698200823	-0.4270754879393892	1.3177569978540542	2.1540089326689604	1.217127568070287	-0.7601458131750911	-2.678063381197096	2.0947846435666952	-1.5805559484444054	2.489203185989562	0.2796566837105891	1.5245756764271907
Br1499	0.00279159	0.0120389	0.00884062	-0.0180079	-0.0587534	7.6	0.011575923790154	0.977796	0.0	0.0	1.0	-0.2286399331536968	-0.10259363493782478	0.4011933191360858	-0.8976134844157615	-0.826095705489952	-0.1465086996071311	0.10693177635949097	-0.48435921824043165	-0.009399897063476777	-0.7675420180499746	-0.8647147337088419	-1.7054086914121782	1.2827748134847259	1.1808870873653161	-0.07413012555524759	0.6831418158802971	-0.03866885602504408	0.3017466582863933	-0.7653055477867551	-0.20571171517947254	-0.3542691783769935	0.6619525323879618	-0.21158188794282226	-0.551774774412876	-0.5504136081937714	0.9883092927128069	0.18663027988871747	0.035615257306655025	-0.6744621255841082	-0.11868765587818995
Br1507	0.00177049	0.00753181	0.00203824	-0.00592466	-0.00852329	7.7	0.0149746928620634	0.975761	1.0	0.0	1.0	-1.2722108035406552	1.8530654449418198	0.8918031358548054	0.0018826923916712135	0.14197487717548898	0.09007674331101169	-1.579217473920487	0.542956916068138	0.3513465398415848	-0.1025231389599472	-0.5827856845294596	-0.8857919305068853	-1.1119527655479409	-0.01831391299805981	2.118229951835768	-0.16396332343955508	-0.16234867158906985	0.004267934047931049	0.36921676387904107	-0.2167228456170595	0.4482819121439094	0.031425093195002106	1.1498301891704414	0.17740341627980744	0.6295430807080514	-1.0295245236119661	0.5448608069143395	-0.3347189796952301	1.5517884769883667	0.39545633543823266
Br1512	-0.00606868	-0.00976509	-0.000370411	0.00575438	0.0143207	7.7	0.0187860009138392	0.971744	0.0	0.0	0.0	1.2010023187855097	0.925643980662161	0.02483958234538027	-0.6395888086282316	0.19008938112665671	0.3261137327132567	-0.03403263947222969	0.8427163197957377	-0.779667051448848	0.4492695600490127	-0.5144166968934729	0.3464291217335332	-0.3246549300863617	0.5110762781238247	0.21250103268601386	0.7961879676797964	-0.14966367748665477	0.6138932416165179	0.45217964987258014	-0.015130485504491947	0.5481935989639816	0.4054099419014501	0.0313886904941623	-0.626748853566194	0.47101492467098716	0.0723099611443389	-0.034346749555719	0.09064384291635358	0.9344754746727018	0.371696190521024
Br1524	-0.00702879	-0.0163837	-0.00283932	0.0130438	0.0144236	7.2	0.0180452189738259	0.968238	0.0	0.0	0.0	0.6856930961496707	1.5016341998987175	-0.18663345426490677	-0.4670994543315082	0.20157181302706734	0.5670465362170987	-0.9036937802009015	0.7729063527993536	-0.9191874779765868	0.3013200602031459	-1.0026889680153923	-0.402414024468161	-0.037923490070171144	-0.47399567708536916	1.0499085116947156	-0.0025933741072241084	-0.6018115971962696	0.47470890272024446	-0.03803986211614128	-0.2672717788182699	-0.3847147970575876	0.07522109025222877	0.14860273359797171	0.24307596326208736	-0.010003646008649322	-0.37586395322793104	0.27313487793102964	-0.4221570168147262	1.2481092523011532	-0.03569898836405412
Br1529	-0.00987877	-0.0120555	-0.00402665	-0.00739077	0.000360628	7.3	0.0130273420013865	0.979373	1.0	0.0	1.0	0.7504604853845284	-0.4528505323461702	1.210799127934543	-0.3697334953337492	-0.24339432797595587	0.4228113456759761	0.4332196965902296	0.10811997352805519	0.41941236892027717	-0.3775378486444001	-0.35464697478114976	0.6749493789965305	1.4954881860896234	0.020776973674095374	0.18625368511487306	0.15310038733358458	0.7144609182411672	0.8263427657338855	-0.2338739693426612	0.010027207097380855	-0.5601521354224774	-0.29496045990194336	-0.8008152228943042	-0.3398075105566971	-0.5999233314852321	0.54638475215897	0.22518632680164274	0.6711578217915756	-1.3349098479633323	1.0752004796582608
Br1532	0.0108018	0.027569	0.0113864	0.00488289	-0.0422965	10.0	0.0165088375060234	0.971241	1.0	0.0	0.0	1.530546428947398	-2.8203697081564765	-0.455108952379251	-0.5706031711873796	-1.065034302821302	-2.039420329371233	1.2515646657340764	0.982032681027848	-0.2773023128307389	-1.5321497365449794	0.8847436360662648	-1.6165398633417027	-0.7771449931221247	-0.8807984906210286	0.7524997468521999	0.6798109392546443	-0.11248721260170304	1.0556689372370744	1.0973707685357401	-0.6698915850411913	0.6004699962407497	0.2731024047325806	-0.3848827893196835	1.006490241022241	1.0198170327818283	-0.17671686880650936	-0.2456386546648389	0.10854099911658197	1.167565468962626	0.5676228518959305
Br1537	-0.0087047	0.00472467	-0.00788846	-0.00608047	0.0170674	5.4	0.0193738444188092	0.975064	0.0	0.0	0.0	0.45148856582062125	0.05177988764505907	-0.35334236376767725	1.9347780868860187	0.5588118173476283	-2.3330764790892156	-1.2626425062952589	-1.2498500683164582	0.9029261596710138	-3.819817251355867	4.516609408240142	0.6303505236304371	-2.4371544631124715	1.5226322262136627	1.2097649843077178	-5.325712576846624	0.1683971856448731	4.361154626288377	-6.952278943263439e-05	-1.4080356293541463	-3.973887008946069	2.6407140384723142	2.3857662558991253	-0.9720032859093465	-0.7578929563218046	0.683061986746785	1.0643515953277796	0.8945780779804142	-0.07618964381058446	0.35696195336317965
Br1550	0.000114937	0.00373521	-0.00920833	0.0162725	0.00165469	7.8	0.019380410753852	0.975769	1.0	0.0	0.0	-0.5469164078956652	1.0948223048814871	0.14185730005679967	-0.8358200237653552	-0.7350430421873932	0.3709153316189849	-0.32150248487338473	-0.6852516052287593	0.44817227743227167	-0.05750732022537747	-0.6198274396072224	0.9375771435977722	-0.09509204827701742	-0.9856691850367807	1.4635565622264692	-0.04813121577279158	0.3291694276654282	-0.28895436852726436	0.5686697040407398	-0.19225959535560302	0.20497184909685578	0.7205427771714172	-0.396513992447311	-1.0330814961817494	0.6758979381752473	1.2990781226947854	-0.6843495621593678	1.4970292850299631	-0.8960249866260938	-0.07781718617933656
Br1565	-0.00964569	-0.00779296	-0.00342662	0.00208463	0.00827292	6.8	0.0191441027592466	0.976607	1.0	0.0	0.0	0.8547839494823732	-0.9747670133007004	-0.20747208755604538	-1.5760443322932483	-1.1674827145711093	0.15617739975334793	0.13317268170074598	0.10352320592184669	-0.6844139425263597	0.3834846595634323	-0.9409031181107201	0.4075273153541774	-1.1666299454578761	0.6332271884385255	-0.4843932755903097	-0.02455323832663713	-1.6944976172835235	-0.39061692353294475	0.8129906466736504	-0.4184822540879283	-0.41134434602201897	0.40136908872242055	0.7797575901347845	0.6520604763258716	0.46160776431266576	-0.5088616509343462	-1.151176569911769	1.531719587167834	-0.43830530742212437	0.8808562027449442
Br1568	-0.0107417	-0.000918641	-0.00501394	-0.00364583	0.0314098	6.7	0.0180185281291525	0.968816	1.0	0.0	0.0	0.9483111749756755	1.2181930686804976	-0.2940223388827698	-1.2796421854891848	-0.7769943957920771	-0.5903312744494716	-0.09869973970596252	1.1437209709112277	0.34241966894857556	0.4501475285622872	-0.7475358499412341	0.3394108285999618	1.1220234198166956	0.19858062784895567	0.37310461936150524	-0.08675571959431955	0.2716238114999504	0.09478536960516609	-0.25195253838057496	0.1822292834613933	0.08996566297957609	0.047734282749691374	0.11523331861169768	-0.24174805326577947	-0.7276381671143431	0.10646381920820838	0.3591986087689617	0.041685999457497694	0.23222342702447782	-0.36167877212864097
Br1580	-0.0062901	-0.00771543	-0.00229718	0.000382541	-0.0415844	7.1	0.0119486801955132	0.979604	0.0	0.0	1.0	-0.8206638450479288	0.38797377843511344	-1.382567465715534	-0.016573097428677477	-0.29586866872405626	0.2324522026423438	-0.28710900745537926	1.1404518140979736	0.9456400676629266	2.2610212891317056	-0.10526624854236717	0.053770664133569845	-0.09117320199880684	0.4318265051021692	-0.7097451915825159	-1.4360935205780023	-0.043607178810262735	2.9331339154831646	0.3278809106756277	1.4123338842357431	1.2490051985626398	-0.8832800165176592	0.4279460343135946	-0.4435398396047822	2.096554191073999	1.2374861641818569	-0.24113458102541335	-0.49037269750907236	0.29805276423868354	-1.4071013266471846
Br1581	-0.00367868	-0.000759603	-0.0041967	0.00305904	0.00611503	7.9	0.0179775734473644	0.967479	1.0	0.0	0.0	-0.0009534053565305362	0.8897228990359785	-0.09333339483746396	-0.6198688113052823	-0.02994560106611545	0.6421548472236677	-0.9217804571652957	0.5952961865875919	-1.2868128861837174	-0.5534470961531163	0.04473772997016791	0.2593453752334856	-0.7245014382478204	1.2446231307157747	0.28005998401713345	0.7365897839683514	-1.067248541894019	0.3040129124176181	1.1680416578900215	-0.19080923774226258	0.32131145004715106	0.44749090868519653	-0.2998026126578704	-0.6404730595861933	0.48159439506504853	-0.6221579509899209	-0.29446992392676025	0.8873951833477045	0.5931326454731894	0.8547356708788938
Br1594	-0.005265	-0.0058679	0.00452883	0.00560191	0.0273897	6.5	0.0130156664125248	0.974715	1.0	0.0	1.0	0.4037786939484862	-1.1599232022588757	-0.07686155578327236	-1.103360013069443	-0.6716891183017828	0.5383640460236201	-0.5096689067330128	1.3337479715001956	-1.0296864666965675	-0.5250652209591626	0.6797088683190784	-1.2444052604410953	-1.7516498278507013	-0.12800398638554766	-2.3512305393184687	-2.484642301171508	-1.935655229609667	-2.6964371126405493	2.5556014997777416	0.7979044320831569	1.3620647125431067	-2.066884402245422	1.057973945764753	-1.7539985377804366	0.581743913588471	5.458228880610851	-1.7544144326457705	-2.9392486453966455	0.7626762173472438	-2.5047512216284606
Br1595	-0.00653229	-0.00537747	0.00304852	-0.0135671	-0.00571197	5.7	0.0154068603652218	0.976811	0.0	0.0	1.0	0.23189071401065126	-0.9055897559847156	-0.3162093223574868	1.7527623233614373	0.8996616317979225	-0.5871237218326774	-0.33849236549386014	-0.6643324515440462	-0.062278098893356094	-1.6873286401637528	1.4058743404319853	-0.4581321136723601	0.07189253885091777	-0.10756483912421047	0.19072832025757855	2.088098822583999	0.3538751944796039	-0.890524444724324	1.9117356899815674	1.2034946399921977	-0.7335830061537038	-0.32494889558662654	-0.16222912419640584	-1.8775825413143932	2.5254061230253564	-5.879670141634274	-4.909219307917832	-2.8251816538804104	-0.4634114664751199	-4.407530272263161
Br1602	-0.00880518	-0.00691782	-0.0121864	-0.00405002	0.0250724	6.3	0.0138308969441324	0.9647	0.0	0.0	1.0	0.6340037711900206	-1.2717638840946406	-0.09838145315433348	-1.0133438647219961	-0.3677906531059724	-0.11393976790813216	0.33454932353931194	-0.44864472572434844	-1.5251826500320327	-1.3697250254421556	-0.3359386215134118	-1.4705929119196235	-0.11317955106374956	0.22371551124346767	0.8263151516860315	0.5886364831853349	-0.9469252473049362	-0.939937951025066	0.17521642162944914	-0.2919505747742859	1.3431766036785915	-0.20731945662503817	1.0029546040248574	0.3496680326031908	-1.081878341072091	-0.01663639322804414	0.20590894037995347	0.42060942703818266	0.6379314814920348	0.8567890481163796
Br1613	-0.00782768	-0.00125002	-0.00316177	-0.00672084	-0.00245882	7.6	0.0162837228892781	0.975849	1.0	0.0	0.0	1.036085375051578	0.45541229905374486	-0.29138610138441495	1.3540242357615242	0.7059124791247617	0.20536712679044328	1.2833438558817736	-0.43327911014630605	0.30012781639272385	0.46638731253163423	-0.005780040042353796	-0.6357280823762171	0.2463572542237467	0.6356248535297594	-0.6108257372019927	0.5513725966488415	0.4309840772533386	0.6483721003374003	-0.12923594032884914	-0.107822453050858	-0.02580216043066029	-0.6413254264728242	-1.149499824865519	-0.838628683941576	-0.27455618774568735	-0.04168657572208325	0.14370521001102798	-0.18182702916760798	-0.2990856718189229	0.40533225384522736
Br1637	-0.0061812	-0.0119402	1.92902e-06	0.00297431	-0.00616043	7.9	0.0138529709806802	0.971166	1.0	0.0	1.0	-0.8711258283992834	0.8421584674086833	0.33610931223945184	-0.6850133737197808	-0.41623681285894226	0.2768136068938459	-1.146714290547709	0.05034924473327912	0.022580109315093078	-0.6250893052537813	0.5507870166561281	-1.213273259971292	-0.2401811296376939	-0.1764080801211468	-0.48072069294639025	-0.2321927536057208	-0.8041791382647995	-0.034155524335619525	0.06901678357906123	1.2104309662642505	-0.8267497152290878	0.050958074360846366	-0.038025642866732004	0.05229712107482966	0.8576865978470546	0.32477507648066384	-0.6974760072125805	0.8585199452817195	-0.9759330911388031	0.19090428031830678
Br1649	0.0351322	-0.0220336	0.0547889	-0.00398603	0.0268986	7.6	0.0165813550210827	0.979356	1.0	0.0	0.0	1.340856666093215	0.8753700659063	-0.3016781422738331	-0.6683186466687966	-0.4438159579870832	-0.3808696825950531	0.8878507347332658	-1.043586625516529	0.8088614463739306	-0.022940706139858755	-0.15687234888953488	0.8166608144718334	1.7057639113439633	0.46065107285032986	-0.5779883890639127	-0.5126266346776243	0.5487099927677861	0.7190704114825301	0.2815812590937442	0.6965760212561257	0.24841894386752308	1.1811212802427542	-0.2523936923736675	0.7355159943303295	0.5467700136092479	0.5876172921396132	-0.5287578057567791	-0.06730265036189004	-0.21264326175690385	0.209478267391537
Br1654	0.0435543	0.118357	0.0247752	0.00412224	0.00191821	7.6	0.0114627400105228	0.972394	1.0	0.0	0.0	-1.7746492247634162	0.6809981481616425	0.6213860944507009	-0.17986277554255456	-1.294974380838846	0.04094131463069661	0.12610985538895847	-0.971402272488778	0.20660965794570052	-0.5824757115173059	-0.9525082238235011	0.027036505854192573	-0.8184912864967647	0.23699500568646828	-0.047813769283229675	-0.2799353207391367	-1.1579302289482645	0.21921011804396648	0.8361489720932042	-0.5462198664984693	-0.4131636024116916	-0.06873542880582234	-1.6376631063916458	0.6501000248276739	-1.1253393945230645	-1.25720565220797	-0.5218417420337578	-1.299335022991943	-0.052389322155768414	-0.40121300764256734
Br1669	-0.00840988	-0.00570682	-0.00540583	0.0197856	-0.0016738	7.7	0.0117769344874143	0.976387	0.0	0.0	0.0	-0.16281829511355592	-0.45271055803015636	2.6742939774196737	-1.1806962898243436	-1.6615217900582389	0.03872008790232047	0.05002867062468552	-0.6628968886351909	-0.4170610615772748	2.4024426995263237	2.231794501086069	0.14094503513398846	-0.8419636754572868	2.061371177242548	1.5377650312861804	-0.3839369854045306	1.447224884685972	-0.14357513635140554	-0.7145576938560779	0.7484805202546869	-0.204396353511477	-0.17913862520279542	-0.3681836860244233	-1.1492347958118028	-0.39523150275919877	0.4522042427191728	-0.6603383462610702	0.03330894890819222	-0.3357266111162675	-0.33687853728499584
Br1674	-0.00197546	0.00172823	-0.0092936	0.00238338	-0.0135381	7.8	0.0152258531680242	0.959223	1.0	0.0	0.0	-0.8019370513749754	0.6742759774576085	0.45327147893621145	0.7921545656266578	-0.025145579454217068	0.41203680678340826	1.771376084519012	-0.9690946326634519	0.6273265029042163	0.4514310800330627	1.414430221871527	-2.00322976650613	-1.8617924006212536	-0.3572696554452381	0.14240879146262256	0.2752583571042916	0.3071026623087477	0.23810321453667918	-1.9103202973698898	0.5269282005032999	-0.011391303432018985	-1.452307198562836	-0.9122306001222615	-1.2761536623833736	0.008692409568075859	0.07828937545709061	-0.3336930734796042	0.48195179728610593	0.903883999035882	-0.6889473115589613
Br1676	0.0345674	0.116775	0.0212152	-0.00246413	0.00832737	7.8	0.0109464557828216	0.980245	1.0	0.0	1.0	-0.6039288989981128	0.3962639655795284	0.9308992099140704	-0.6008853734877503	-0.9624896528185835	-0.1857302110208267	0.45169171706922984	-1.8046501015059089	0.41295145546455353	-1.0276242034681848	-0.41989817493193266	-1.0396850064971197	0.26251655610105723	0.23442003764270924	0.2881617291153505	0.6219619881957332	-0.10875783706931104	0.18545174223071037	-0.22315262466942629	0.060814557163965506	-0.43070393530938544	-0.3368566825917035	-1.0247534214204868	-0.13528464316708685	-0.42442857334029177	0.5362086245336433	0.5402552047771624	0.14514245378618454	-0.6936340774357593	0.020398146475640387
Br1678	-0.0116439	-0.0164435	-0.00226446	-0.0100221	0.00862866	7.1	0.0213798635919307	0.967393	1.0	0.0	1.0	1.9511692419737483	1.0849465892358723	-0.056763838919822375	-2.138866417629859	-0.38647572126991897	-0.08715175065937268	0.15874922358028737	1.4136174616927382	0.5279803076859049	-0.2369515699946781	-0.08494016018948052	0.5081503742007284	0.506506437138464	-0.16717719698126335	0.008256285220215053	-0.5773388063306929	0.8717956928915139	0.021656223825749454	0.24297243247822056	0.3985297010682364	-0.12507720336268993	-0.9576391736858804	-0.7915128590465023	-1.069628299755875	0.1518207393136106	-0.8546764362444155	0.6419427179231191	0.6981467371300113	0.591795467820003	0.012579914868811153
Br1682	-0.00900184	-0.00995369	-0.0027322	0.0134848	0.0189518	8.0	0.0236087091280538	0.985081	1.0	0.0	1.0	1.2075623522608725	0.0668422353346029	1.6504647385745095	0.3002924370414892	0.5709271607129811	0.5682462267028217	-0.5114256628276284	0.8817002675012626	0.4533223403728418	1.3403928888971761	1.439741781526716	-0.8681882348231842	0.8057711101675457	-0.6133392201839188	1.5125865004215715	-0.31958729148088955	1.862559253186216	0.16092905281726974	1.9154640516401704	2.4726943432349273	0.1207827739463875	0.0854933160503033	0.6401350107114826	0.3917643319914952	-0.3289342127024704	-0.03069918193281474	1.1514693211645033	0.7938090595957952	-0.5226726577391263	0.5353296317704764
Br1695	0.040123	0.117119	0.0198456	-0.013088	0.00251595	7.5	0.0179278832686139	0.978855	1.0	0.0	0.0	0.11559160991768934	0.10441878782733616	0.3512175137268085	1.3284116528447922	0.3075744878699859	-0.7481726422325483	1.2143028230373343	0.15968161903228326	0.6715311217872517	-0.10996004255525674	-0.8213783222458645	1.1132910319874414	1.5171090316780196	-0.41075204301312146	0.7177647349620403	-0.5499826151629043	-1.0285504686618965	0.7783290847288449	0.08690078803674503	0.6747261064925134	1.0353271136636093	-0.5627068990660337	-0.49952089513496856	-1.3049186028121877	-1.315030557802774	-0.08384082870981571	-1.2960866287328527	-0.21523532693123515	0.5872621648310108	-1.378760571117416
Br1697	0.0149318	0.050957	0.00586855	0.00641724	0.025019	6.8	0.0143233690076572	0.976	1.0	0.0	0.0	1.3341001554561345	1.017394344971695	-0.6192676805927714	-1.6590961637653014	-0.9446259344338911	-0.26670779319438026	0.3285765057206316	-1.2033695193162652	-0.7247951255237469	-0.4421362017426716	-0.8298196105178063	0.7327772574862726	-0.3260957316883718	-1.2945722096636865	0.34589291028445884	0.1903953674708924	-0.21688770696109855	-0.7712896320822323	0.5131684100260945	-1.5286960421121647	-0.6145878903674233	0.6595080009701979	0.22238972045046815	1.2099944630254247	-1.7222581415676472	-0.7192764650714992	-1.152006149126334	0.5289751392737118	-0.5753026447155644	-1.4702772141478295
Br1753	-0.00634021	-0.00332548	-0.00339388	0.00289457	-0.0488295	7.6	0.0125326451684897	0.965086	0.0	0.0	0.0	-1.4267537473172869	0.6209500723605734	0.3334774442465187	-0.4617206452708984	-0.8213275717501064	0.5215285626259801	0.17697792099966173	-0.07713618384426146	-0.40186774619258686	0.11152669385488047	-0.6537366746813752	-0.4013392240255028	-0.014496017114660077	0.778393730518165	0.4684771485473625	-0.7824165686996432	-0.7888220999668524	0.0925391889334783	0.17580931844131026	-0.003956510525342422	0.5752256888822186	0.7010092058705205	-0.28273544700927533	0.5674909187822338	-1.3895938162472055	-1.5463543097893808	-0.4941017900446814	-0.615668049276609	1.0869415488343597	-1.0633210294820414
Br1842	-0.00812942	-0.000792218	-0.00380578	0.00971163	0.00611552	7.8	0.0144283998628546	0.964904	1.0	0.0	1.0	-0.6466342987304998	1.5112079125014621	0.2947047855866223	1.1426965307558803	0.3461197315341844	0.5103824661007614	1.131550085668952	-0.7398558756446894	1.2675162202420533	0.1647763426648205	0.7197094203076185	-1.417839797597183	-1.326705051443793	-1.9377908012416805	0.39542841347947305	0.7018777448454814	-0.14845524450199232	-0.03411120016212882	-0.12727472288814595	0.9061848747464882	0.5948387889845443	0.5881537499949971	-0.7656407973731002	-0.8531154584497689	-0.03025279384170051	0.7007774356462885	0.11870762504147384	-0.17864005441938785	-1.3429078877535663	1.4998416320517178
Br1854	-0.00349129	0.000956915	-0.000533084	0.00429933	0.0114462	7.9	0.0155759508025886	0.971748	1.0	0.0	0.0	1.1602094367666727	0.6056066459295216	-0.5242922509605032	-0.5883326884531389	-0.135348613666314	0.025603385747821415	-0.7350831136341848	0.6206591892044302	-0.8516616351977839	-0.22087760200027712	-0.16827670270300774	-0.44159285687577127	-0.8741054719426068	-1.096002853773936	0.5534545353466405	0.6722873476001529	0.41130827784107304	0.3515622658204073	-0.8125044481375095	0.10827898983116456	-0.06978220719720682	-0.3840186264076752	-1.2484676140093878	-0.5136364695552985	-0.020445640079261748	-0.605196624769326	0.5883817365213692	-0.8835158585826396	0.06164629494313855	0.396337904086765
Br1859	-0.00895567	-0.00347292	0.000500568	-0.00938491	0.016294	7.5	0.016670795589881	0.97618	1.0	0.0	0.0	0.28458009052182687	0.4110606030303567	0.42471752884907904	0.971266290987756	0.9346632880214641	0.0975326229406093	-1.3813870574754818	1.819981170228116	0.11917954235208875	0.5828957560872597	0.36883194190288643	0.5031903465859321	1.3891218444064304	-2.559640445745447	-0.4332261508322202	-0.2612885480516334	-0.3150862056133752	-0.315018258738438	-0.1301935336607827	1.4321857582241437	-0.7353402871619397	-0.8239147874238896	-1.3793915436401736	-0.8709288222394295	0.07054974936969931	0.0598669602199165	0.5590032910687623	1.282008582205712	0.2875965551531849	0.571758509866377
Br1878	0.000328886	0.00200415	0.000462881	-0.00226226	-0.0133835	8.0	0.0238508558631897	0.981996	1.0	0.0	0.0	0.30140312347643344	-0.25585571386476463	0.06139588035942067	0.9360251207916391	0.5943105820894111	-0.34492581870324596	-0.6723208572150126	0.5623608493604797	0.5517513968355	0.08610952518934498	-1.2221704101930542	0.904000323679187	1.075060929108907	-0.9987284191403755	0.1224807866816757	-0.5633894545650372	-0.34217346360065615	-0.7020917446447049	-1.2557005425340773	-0.9271326487348289	-0.690989928431351	0.5666123032594259	-0.3327831873412265	0.7717491554307562	0.6693458533973196	1.4692073799493401	-0.9148857553991415	-0.7448228005922151	1.3762607402538845	-0.28014286925973353
Br1936	-0.000588209	0.00182801	-0.00110768	-0.00200951	0.00492184	6.9	0.0153072310958535	0.972126	1.0	0.0	0.0	0.7092398020064837	-0.5490500228081199	-0.004851689858285801	-0.5767454088482324	-0.28105550378007493	0.004857611041126928	-0.7408082273572526	0.2644040449942431	-1.4487333787914811	0.1481546847804488	-0.4903423211484283	-1.2795732068656172	-0.43071467928733953	0.5254640366234673	-0.30739060046962535	-0.03964152390821798	-0.7508727804392626	-0.7601036188130958	-0.8571138811902219	0.44030593590664086	-1.134266941207475	-0.024348326643553724	0.520117598098468	0.09504660586804571	-0.1151091991415175	-0.26298408214201774	-0.07375721328359114	0.6470692672965501	-0.4954303482492334	0.2507207432149087
Br1958	-0.00150171	0.000261064	-0.00468931	0.00155904	0.00453537	8.0	0.0145779374826393	0.98157	0.0	0.0	1.0	1.5891092996457985	0.26681416447547773	2.775567441692951	0.050329990700282594	0.26262706373197453	-0.10093019005969618	-0.8295323277407568	-1.0069593648700432	-0.5808014898476396	4.401551745602615	3.7485260575683075	2.5232466372483975	-1.052794824859799	1.598926542593819	1.053554913973286	3.4384409399060294	-0.1963694370308294	-1.0858010031126386	-0.5843139204115728	0.4429828719395464	-1.6060430667440668	0.29023174482271613	0.4208185602664767	3.353656981605539	-0.4152267785149	-0.7683349261591504	0.46194533647336716	-1.8945807816453075	0.6371957676701375	-1.4296603223568782
Br1960	-0.00633823	-0.00287831	-0.00467153	0.00964756	-0.0240178	7.8	0.0148935407436445	0.970666	1.0	0.0	0.0	-1.213978886962043	-0.011797564977022555	0.40130686573209684	-0.07485567460317354	-1.0531297867695162	-0.5348572857467053	-0.5107458621599058	0.41620045853514076	0.8557581401875606	-0.3624666456271023	-0.11788521437264342	-0.38968946076146094	0.6127968200062027	0.41027647516321886	-0.4937187179855753	-0.5443675767604597	-0.8253339399411851	0.04214140639769264	-0.9434012738869875	1.0211760190959278	0.09601841291432801	-0.3715097722499419	-0.05663396459619101	0.1408980264225921	1.0042503744202287	-0.07657869844179424	-0.38254451505795284	0.005368007181028884	0.28207899633396377	0.05746955405985456
Br1988	-0.0074788	-0.0148369	-0.00143921	0.0039181	0.00246625	8.1	0.0169568077125109	0.971691	1.0	0.0	1.0	1.6548996916437624	1.3382444740733932	-0.35775793486544855	-0.08619631982104901	0.83576692180356	-0.12456724671268295	-0.1461673278099051	0.8366601494096658	-0.49622931895905004	-0.827070747216634	0.5276026543172232	-0.6479182210425184	-0.3810275083854028	0.54647529952246	-0.23621527146377988	0.439987261306743	-0.7956219255375896	0.9817601601368421	0.7100603538926596	0.019558816367108142	1.6091250010660996	-1.2716976247329708	0.9172192988992546	1.0787783432726128	-0.3178777434567251	-0.04384902417157796	-0.5443809785992386	1.2248091660501284	1.8064691406531668	0.4659160993224406
Br2001	-0.00841288	-0.00158386	-0.00370578	0.00762379	0.0246341	6.9	0.0154889561183461	0.96338	0.0	0.0	1.0	-0.7010393469600779	2.256897432043535	0.07094629618893102	-1.4221208608094011	-1.0986824785370388	0.1282591116805035	0.27092480181297923	-0.5125118936649043	1.041133177055695	-0.5816164214196775	0.7215354245995571	0.18685604213413604	0.8748534796058861	0.16677171616957193	-0.1953436259974288	-0.9383215801423809	-1.596590946039846	-0.12959846738277073	-0.18612790349282882	0.32287290876173314	0.321015612468248	-0.46451209472678745	-0.25275495653183433	1.8854187929260753	-0.3031182945450629	-0.6059116732350442	-0.30184039798623735	0.642092704450064	-0.024881962892872322	-0.568865116961288
Br2009	-0.00625338	-0.00780835	-0.00984616	-0.00132578	-0.0113609	7.3	0.0168883993137552	0.967765	1.0	0.0	1.0	0.6637769729599468	3.0433738998190103	0.2953456239981678	-1.50619278645628	-1.1245274965107148	-0.5545287173655596	1.2111505066862693	-2.1668978375563115	1.857287270719181	-0.53166617932257	0.26898664216590595	1.0186429442656453	0.7317069001167397	0.3804680338791271	0.24879436110763925	-0.058797495717940566	0.9773312874821405	-0.2652342047290469	0.698621725622338	0.7777836880512933	1.329031772892083	-0.43522655392095266	0.9008919441121415	-1.1403216119154609	-1.3239027945418897	0.3681314149576903	0.3310295568283012	-0.1687190551971698	-0.39523075343997094	0.3304247093620975
Br2027	0.0149458	0.0548679	0.00285239	0.0131157	0.0251616	6.2	0.0202054370973082	0.96941	1.0	0.0	1.0	0.2530152064718332	0.3042481817195069	0.5980672173352212	-0.948733259519342	0.008325485564818677	1.3450984560173835	-0.8324428914200355	0.8882394484521501	-0.7408755792257089	-0.38293350006412175	-0.17172561059854788	-1.1941484710168742	1.213520278823337	-0.5583887359269782	0.04134131064947793	-0.39790380626410826	-0.8732914319117816	-0.35687524972494017	-0.7146879413045926	0.41664465972519743	-0.7108704487773639	-0.1136774402427586	0.27898337585204613	0.7268591313362345	0.027318885072521146	-0.22199654311567296	-0.5312061046263065	0.7814566181189784	0.038128919380299976	0.15795653802953316
Br2044	-0.00718174	-0.00578215	-0.0110275	0.00431806	0.00636519	7.3	0.0152405469376277	0.97521	1.0	0.0	0.0	0.10162918235203122	-0.9283855185915569	0.40266435414863117	0.6090748600604369	0.005033571390309365	0.60782657389392	1.1569448172503785	0.03747655543140479	0.1922149547998438	0.4970660488383188	-0.45443827322182356	0.6530416954445066	-0.47945062510065606	0.8485210774369992	-1.0283643616214106	-0.23536875961407375	-1.155632415243095	0.4039191208570114	-1.1334744430482215	-0.07600268219252584	-1.4506198588588488	0.26961318380685045	-1.2910664403986678	0.3809303988140419	0.7400767714991529	-0.15877470614349498	-0.6168463054499486	-0.14888046436630956	-1.0221872671639027	0.5280847470400499
Br2052	0.00469395	0.0132516	0.00162468	-0.00509067	-0.0209182	8.3	0.0174963118524111	0.959449	1.0	0.0	0.0	-0.7964654099036869	1.2489208661052806	0.1565066301891628	0.7806583827894319	0.5700418362091423	0.6429150205100445	0.9504714630740264	0.23008625301621433	0.03238706058905592	-0.2226231423157513	1.5965959836214212	-0.9574877904419649	-0.8067829356040574	-0.06953237284276946	-0.05694701029953442	1.4403711679760218	0.2664145910694796	-0.12644836305904503	1.4900472213039784	-1.5250080134963493	0.21867747050280284	-0.14263795241606217	-0.34187339041146186	-0.03111724297792293	0.6157555925186559	-1.0771840769342955	1.8076670336730951	-1.1469951107485787	-0.23073635416201957	1.16914669109492
Br2080	-0.00313137	0.00222314	-0.00486612	0.0167539	0.012066	7.9	0.0182633389743078	0.974301	1.0	0.0	0.0	0.38540823203595576	0.6801677942563578	-0.027058702253490233	1.682371202640174	0.910009263395783	0.45300966435650564	0.7191237943686225	0.09548359954249472	0.43883529947948385	0.3563144008889275	-0.053011936198335184	-0.4422249305213114	-0.3238756526940734	0.5450808570770973	-0.35304359543182795	0.1739034788735082	-0.0004504269053080454	-0.35822617508299	-0.09304321441184879	-0.9334236718506993	0.008918288773904085	0.2893461738657544	0.29092327161850334	0.3440972391664331	0.4054033273677699	-0.08257163905103032	-0.020255992647576007	-0.4606301861219719	0.11344349917208968	-0.8627844702425306
Br2084	0.0106175	0.0262213	-0.00978188	0.00677634	-0.0108623	5.4	0.0171422261561313	0.982804	1.0	0.0	0.0	-0.2410151891737786	-1.184457428464885	0.8080700679586329	1.0533103372488486	-0.25836656547763404	-0.1736644080221008	-0.8567994466666309	-0.7993109935526186	0.08564405309849338	-1.1526758518379818	-0.8292548023281324	0.36221190419591764	-0.13158430879823627	0.13933829624754032	0.10745137436458031	-0.07324692294121968	-0.2778707854499751	-0.6768636978822495	-1.3367273868896423	-1.008070728794463	-1.1960152776764899	-1.5524623960123205	-0.8809193414934722	-0.017933607604913162	0.9095604225441044	0.2853921089866988	0.6348198629814555	-1.2851926295868696	0.8256370602917493	-0.560586115434951
Br2242	-0.00350412	0.00128561	-0.00363399	0.00452463	-0.00427574	7.1	0.0137074287793758	0.980116	0.0	0.0	1.0	0.6929764674233225	1.7593583219613669	-0.6238142392137561	0.5048373035840719	1.510096236067889	1.7047753326229047	-0.5126477675497624	1.011956106572783	-0.20629336992021124	-0.9356981054254497	-1.0912653116206992	0.476316453797379	0.8194871403876157	0.2918418465359128	-0.3096684100657864	-0.10594641979506828	-0.5849681874723386	0.5032023247477436	0.22700462510455816	-0.8330200442033051	-1.0949453539873901	-0.16979478772417483	-0.8723028259395654	0.6060141399141599	-0.7600575659380193	-0.6589069462460971	0.9057416526276512	-0.4655450839718411	-0.24560648861413384	-0.2219620126974865
Br2257	0.0404175	0.114386	0.0143086	0.00696835	-0.00107631	7.1	0.0115361130746569	0.970517	1.0	0.0	0.0	-0.11358077023841232	-0.5523563037129211	-4.024259550434036	-0.6380753187137471	-0.8369240556924169	-0.9615211259888911	0.010902680099498725	0.752485840219019	0.030776320496834732	0.7214335559532593	0.09185782304102107	0.31330997303612795	0.7135185069474786	1.2705009106181366	0.36886484097254846	0.9412813736200373	-1.08821944856087	-0.4740071095200189	0.6131529967715625	-0.23106407218002922	-0.3942916712180608	0.4816600088608448	-0.1852260366373571	0.10910904337058965	0.6387552942252341	-0.3767487212629908	-0.012158521093537086	0.6470619803870672	-2.1960880826211695	1.379460974982073
Br2271	-0.011198	-0.0101962	-0.006392	0.0030765	0.0363559	6.9	0.0167235436790191	0.979094	1.0	0.0	1.0	0.016388656675696178	0.36123344325284495	-0.15793056840982211	0.5168728065497596	0.6023811683055295	0.9048290423788617	0.021199903133042847	1.5350449348635553	-0.09495423100450891	1.1965955572395728	-0.9427359694833947	0.9917879656386347	0.13114679977325097	-0.42652606390802716	-0.04816003618131312	-1.2090111481350292	0.7091867737402626	1.1122062934097825	1.7252320642303065	0.5724394453542356	2.0836990706836582	0.7815070163706617	1.1586338142413348	-0.34264569519729354	0.6710698261084831	0.26785436451187217	0.5508151794056293	-0.8692820373894654	0.38324224824230074	-1.1280182020645948
Br2285	-0.00834528	-0.0107912	-0.00194201	-0.0054032	0.00337103	7.9	0.0150863309393133	0.974937	1.0	0.0	0.0	-0.512917176974797	-0.4945112926584297	0.5319814626791023	-0.9178244443162321	-1.3905570949763533	-0.9478354155324459	-0.42182679463829836	-0.5126411469569321	0.5520903022249074	-0.05779135161055753	0.07759927918995081	-0.5461177818193419	-0.670694212507026	0.7326990175733586	-0.23136456177797277	0.4882461523840626	-0.6655706917456083	0.5061818263254562	-1.1607340424902393	1.2042869886276364	-0.37381317339573933	-0.4070938414526155	-0.41850674809786853	0.16568238475688668	0.4055295207888056	-0.484547553562951	-0.2903081738353275	-0.17116802170926748	0.05092500730123327	0.632674190455037
Br2288	-0.0071224	-0.00620485	0.000795304	-0.00447222	-0.0198982	7.5	0.0169567320880112	0.97985	1.0	0.0	0.0	0.10454698769021253	-0.16652912679608337	0.342555274699832	0.3405954044744077	-0.14467814487099698	-0.4467307771901449	-0.3226373636451096	0.1991685418922398	-0.6401136814832191	0.6284821916495386	-0.32688303584708533	0.8336695584658075	-0.5934625413762243	0.5973536558200512	0.18642643070485568	-0.0815890728629864	-1.2303173680943291	-0.21884082781772832	-0.35856839873290725	-1.1199834545102292	0.3863057037706963	0.7765765185002316	0.3860704555024419	0.9426148070599649	0.06440606309600265	0.4034670307967037	-0.8370657483164532	0.153396898802754	1.0180566636976371	0.5081683770962107
Br2292	-0.0022168	0.00221267	0.00304419	0.00976211	0.0114191	6.3	0.0161639958904939	0.978233	1.0	0.0	1.0	0.8887979070535462	-0.1890883233050863	-1.966543843085866	-0.3850573492996033	-0.6888101585806802	-0.9199571235500784	0.25035946520092633	-0.597250734582866	-0.37161068443061257	1.4417979791432975	-0.2767586858702845	1.2003626468414097	-1.5501731556679588	-1.7449666441589111	-0.12982708868916587	-0.6224444335938308	-0.8435302855788495	-0.5594706923211367	-0.5773562252863434	-1.7690035323526072	1.0618053411711899	0.7173636148995194	0.20879999836089275	0.351331497000184	-0.8274337776770376	0.2022520705993954	0.4639203718313878	-1.7530379315467783	0.04247050968766885	-0.40259326700771564
Br2322	-0.0127437	-0.0128641	-0.00317034	0.00709652	0.0358601	7.5	0.0136216767828585	0.967898	1.0	0.0	0.0	0.10098792704345332	-0.8189332634681031	0.09598227585259848	-0.971190191850035	-0.849633369715758	0.19380420665545509	-0.43841999797352316	1.4420829435706675	-0.9821205749347633	-0.2907364303736327	0.6336625432215508	-0.3134457193694345	0.6744921827510013	0.8236397813770512	-0.9013827564206683	-0.22077215880001066	-0.03898551084842236	-0.20983419299916772	-0.4839077227069163	0.3695496644548631	0.0519402625017423	0.40356341301355264	-0.3565807928397824	0.06712709521877701	0.11579348824421624	-0.2472689136445609	0.41425870084624783	-0.3496313744183267	-1.1768086519165453	-0.6436427385137613
Br2333	0.0457535	0.0108978	0.0485055	-0.00205686	0.0352811	5.1	0.0201272861019011	0.983667	0.0	0.0	0.0	0.163312793810752	-0.6552548178933382	0.22827880106943815	0.5251783001487682	0.034494696158844144	-0.8975010500638453	-1.304170821905281	-0.9258164878085354	0.1442609441987736	-2.3286973286333392	0.7543937899202202	1.5379902290601302	-0.7232876925771192	0.2949377134771944	-0.8230242099068791	0.3157952189169254	1.5469117883653742	0.48316968327389626	-2.274011935364159	-1.756046204468071	3.6964847810299633	-6.285622577708046	-2.0642250759012883	3.527707778342856	1.58327402090944	1.088470431243267	2.118316243234114	0.9861888365380602	-1.3997545783002865	0.06335700585222108
Br2343	0.0220211	0.0585969	0.00545024	0.00173522	-0.00623715	5.1	0.0213803409937995	0.977767	0.0	0.0	1.0	0.40525454533674593	0.5427522676563088	-2.675379712243274	1.6645476165521886	0.9845105046816873	-2.6599232866739166	-2.4132442303968182	1.3766482362014016	0.4012509436607932	-0.8877170839305681	1.0551056394342664	-0.3020944501353016	-2.758191033437247	1.1564474504028306	-0.1918138704562686	-0.6871497503175255	3.2013991898454073	-4.163384308544749	-1.2535735023058805	3.7752295342944717	2.869518940418832	3.086471636514012	-3.251670930841025	0.39237442385393767	-1.3458511788409695	-0.41142193173134806	-0.7569718080404378	1.009102795567414	-0.9523410054039001	1.0898054273115398
Br2353	-0.00686926	0.000137122	-0.00552521	0.00547275	0.00531473	7.5	0.0149501743482204	0.977134	1.0	0.0	1.0	1.6186415175067446	0.24549083159083515	0.7361032102341468	0.36119827881496164	0.28900758185394015	-0.02141297356123898	1.8402846656902396	-0.8713397960611031	0.6258557714447269	-0.2741374944504353	0.9605240756876289	-1.457348901719615	0.25008271255008485	-1.2752971138910667	-0.5851608863239833	-1.0296278910958196	1.6029434585325055	-1.659272050865114	-1.3157305274085747	-2.0053322776248814	-0.39039486346545776	0.490530230193802	0.08497254209186175	-0.6146890867131084	-0.5779028738225995	1.5034158958247268	0.9290267422324521	-1.7098280657875686	0.4850576624724578	0.761123554946958
Br2371	-0.010877	-0.0183166	-0.00148252	0.00898238	0.0296242	7.8	0.0156701443667393	0.977476	1.0	0.0	0.0	0.4993757369643936	-0.047066089921973864	-1.691158970161634	-0.1404398490582409	0.22026897382030117	0.403478757058888	-0.7805821260125013	1.2047847355258647	0.10833035905915493	-0.7821929821721918	-0.9924018280298826	-1.326822846475055	0.5615564393079204	-0.1417816104040606	-0.15124014131126903	0.2685316964595188	0.9285104979079755	0.8615127646541019	0.7331920016406324	-0.743843819348631	-1.1312395281975012	0.9169164279525963	0.3083360883169857	0.5990454972007437	-0.09419650949397644	-1.840334816381113	0.017051302179007705	-0.3580006757115491	-0.8945915345896662	-1.5361412123625509
Br2378	0.0543991	-0.0559299	0.114326	-0.00751215	0.0234577	7.7	0.0153184127914125	0.973577	1.0	0.0	1.0	-0.4052030372585028	-0.500023903444452	0.1621265501591746	1.5486458633482527	0.8619028695428603	0.709016490938887	0.7805852933199462	0.5130676813613093	-0.02761615584782998	0.023137356537216245	0.4674425309153886	-0.18627252929178933	-0.17826820050891892	0.582218622416908	0.42397720580935755	0.460037790740165	-0.9136357354392297	0.07555737111029867	-0.9168628691858356	0.4047506776491661	-0.38459153985445776	0.9031207304296073	-0.42165213725271805	1.0881924564901098	-0.8094266915367679	-0.11094222775069491	-0.15552950024676448	-0.23393387151114653	1.7236783722972784	0.9344992522346116
Br2425	-0.0107728	-0.00865618	-0.00319766	-0.00044396	0.00524012	6.7	0.0123413059481497	0.969969	1.0	0.0	0.0	1.2683318057158555	-0.6037797424285387	0.23074749582964493	-0.7518917935234053	-0.26846056891807496	0.5616207690149196	0.30488448059572426	0.5010312544616649	-1.4437884405691364	0.46655947892375255	0.06604119997412869	-1.6082013955865346	0.09161210192172672	-0.16049953475737402	-0.22653310987739123	0.19915050702355647	0.5852290083787735	-0.6985914668763411	0.08050719119069341	0.6885040181735553	-0.2316862341766432	0.7506975024493994	0.15290923557107752	0.24752699880035764	-0.8707739302893156	-0.5475188651560238	1.0567552686448565	-0.471888559757545	-1.0386742397927429	-0.2781445101681244
Br2454	-0.00902018	-0.00438263	-0.00438412	-0.00691478	0.00989485	6.7	0.0112535839414091	0.963951	0.0	0.0	0.0	-0.7862166639002262	-0.45968424794516516	0.4514128651342223	0.8049036160007595	-0.5444539480028068	-0.5282647754155242	2.1891860445795794	0.4296514928550934	0.8759384747815459	1.458512155039354	0.7872967159275289	-1.0661955189444363	-0.5869857359313494	-2.9222095234850314	-1.2416182391873314	-0.016439909519202683	-1.3906024476268846	0.7892651090733737	0.46588736360661026	1.6167800997425528	0.16662759599619317	-1.1268723975040609	0.4722883391692562	1.2578584936029	0.35471494920938285	-0.25725708852105145	0.32443277820319627	2.1156019709103897	0.2919281941239587	-0.5421687990142755
Br2464	-0.0105909	-0.0124654	-0.000220566	-0.00194247	-0.0029565	6.7	0.0123236812901271	0.975006	1.0	0.0	1.0	0.044742207558956235	-0.8286376842095529	0.4348437920299004	0.8845218348313152	0.08632244249706277	0.05577330108993828	0.9444373533057029	-0.06705111536244644	-0.7296094368050265	0.7636170159898847	0.27643198270667224	-0.13934167252936122	-1.0670264285441222	-0.2661023489991042	-0.0543621074372277	-0.45921339356020935	-1.7314317452620074	-1.9121713851339277	0.13407632183470725	-1.4237729900794014	0.19233613172361508	1.753567894691104	1.060959316967485	0.6394746207207482	-0.1090006710192919	1.0939043719510841	-1.0664045864143044	-0.08328549416019163	0.10884051295367282	0.4101001776528154
Br2470	-0.00461103	-0.00714756	0.000413109	-0.0079015	-0.00896283	6.1	0.0156095371714791	0.961957	0.0	0.0	1.0	-0.35896845970109403	0.9919663859021508	0.9236867785135565	1.082086272311198	-0.7322025663542043	-1.8114409590010645	2.244575388144241	1.6488233827819665	1.981162052416903	0.8957707025935578	-1.490969421978764	0.3187771160985242	-0.7581883801825312	-0.6783530750782154	1.5550511642180727	0.0830374879488444	0.35770911534313654	-0.389528304619518	-0.33780133497819886	-1.5597292423117584	-0.34305826525519106	-1.1231240006703749	1.2221685365763484	1.905378415875893	-0.6797593214109398	-0.7075716916287316	0.6313469066428993	-0.7767468767878204	0.7544081379872093	-0.5886612657326696
Br2474	0.0135166	0.0402383	-0.00185013	0.0160023	0.0310663	7.6	0.0182864816281805	0.980493	1.0	0.0	0.0	0.47439496768652023	0.6804626248421745	-0.07939151513010005	-0.2125332348184914	-0.11147516246196237	0.9825651873359861	0.8852121385584104	-0.8583774126530973	0.5346228484505019	-0.6190342045592407	-0.8752438532976969	2.2510252500991705	0.7746037918642927	1.7800556429590169	-1.0297384211344343	-0.14015022517336778	1.3502512339451014	-0.6327330390450178	0.39685462421077744	0.14929503877804595	-0.6806269607056381	0.1698989485487599	-1.16438385634631	-1.826856852638932	0.9745569437298528	-0.5010404365173557	-0.6325559955812097	-0.23192696699461596	-0.48798376331614024	0.4104286393960062
Br2476	-0.00575524	-0.0064289	0.00269223	-0.0128878	-0.0874734	8.0	0.0176268872906531	0.968564	1.0	0.0	0.0	-0.47316118272689467	0.5686582856952447	0.2694583638371361	-0.7226541970513899	-0.7839487889836101	-0.46878241224453476	-0.8583959289814205	0.9715385457572371	-0.23484927106814985	0.14843380183325922	0.6086385073058329	0.7534450548221541	-0.1343005635963849	0.23864774210006137	-0.036289439399686936	0.19458020295264916	-1.1245997477390977	0.15382572471138378	0.9961720251195668	0.7100559457760732	-0.21891512189067353	0.24127211623191044	-0.6128545551632559	0.3752023931407855	0.713690546134689	0.14217422025844798	0.19766575321959204	0.8468398765140026	-1.0515396875665914	0.4863396554948135
Br2521	-0.0100673	-0.0100092	-0.00340032	0.00718409	0.00836182	7.7	0.014537950305288	0.967517	1.0	0.0	0.0	0.8416450403739276	-0.9048961721555362	0.04440584032840135	-0.5805930998117587	-0.7313435521020406	-0.5886474907862576	0.4968552789657875	1.3670794175081542	-0.008208514645910209	-0.224676217783244	0.0048946750769267985	0.18632518961700742	0.0475890001412839	0.18152348333776022	0.09190829164827416	-0.5459430378337328	-0.3931706850952281	0.3115160621808255	-0.07885959472440351	0.31257608447389695	-0.28070548721660254	-0.5193810174830992	-0.7135852006077388	-0.05783151285074982	-0.06672519051027405	-0.6593281856455201	-0.25626699631577515	-0.0348027026587128	-0.2665739855304276	0.7508922961482836
Br2534	-0.00788522	-0.00526456	-0.0031169	-0.000282376	0.0196987	7.8	0.0188339238368308	0.962994	1.0	0.0	0.0	-0.3241261995136545	1.553984302244202	-0.006425538789594497	-0.35959105749337406	-0.5638117251305389	0.19556187805460434	2.33632484876072	-1.5483137460164145	0.8658923627140737	0.32201126019484466	1.4826053068478706	-0.7193613327976656	-0.8086395868832984	0.28869083345890045	0.16597435489197368	0.45004366740834767	-0.4516272933700628	-0.10109201526378682	2.0452105051779257	-0.2614705780455321	1.320882090092856	0.5513364897023898	-0.2915673572964239	-0.051312792054195665	0.896092689704044	-0.21685946058935	0.122887492811738	-0.2597539120389928	-1.475325354857335	0.11252743181114594
Br2542	-0.0111496	-0.00951911	0.000971897	-0.0136482	-0.0896144	7.6	0.0131426278833719	0.963272	1.0	0.0	0.0	-1.5175008039733182	-0.04588302034999963	-0.6524072575569967	-0.44292301150017505	-1.2923698610982455	-0.9772115557600468	-0.1380063856009598	0.9302159715207003	0.38182580792187554	-0.0943584353907021	-0.11693668409108644	0.24415202428058633	-0.05341374622059146	0.2796770182499644	0.46249056049030673	-0.18083200476871905	-1.1204143489710514	-0.49293582754718446	0.3699388712037776	-0.12612437796788573	0.48463569020869746	0.5413301752389981	-0.8375393790619772	-0.16886560214812465	-0.07343681652502508	-0.5196933134780836	0.28586482572531785	-0.21609606454169536	-0.2178242468038721	0.7875524847550239
Br2557	0.00569124	-0.014477	-0.0130201	0.00343816	0.00183343	7.2	0.0154660792088142	0.970084	1.0	0.0	0.0	0.5499732513145006	-1.259556632954987	0.09229232322973172	-1.2285446295113114	0.010005826060767725	1.0638265650462153	-0.022746908417356007	0.7906210789734129	-1.4918628363698747	-0.40359777829180243	-0.0212633910119901	-0.8798330075092874	-0.4848708753837881	0.20628081610494323	-0.009419867132191628	-0.2774025460094184	0.4554116658879821	0.15638902509808988	-0.7614312386479024	0.11019770070179483	-0.7767097087050255	-0.4989289821638371	-0.14449868468038846	-0.2108490213058841	-0.24005045370680028	-0.9312949572816226	-0.6349589344197575	0.02855315231481387	-1.0184700448594877	0.20806572750808175
Br2582	-0.00803537	-0.00927992	-0.000460034	0.00976072	0.00278209	7.3	0.0268352264023728	0.966359	1.0	0.0	0.0	0.955564817005337	-0.4634215291251181	0.9266428369044178	-1.113607356863432	-0.9581184830712584	-0.1285918499821752	0.011390617929221324	1.039434616553256	-0.33927804079034424	1.2282810187531206	1.0427951357490195	0.34451874799039467	-0.16841286403046565	1.129338294843274	-0.16864186587094068	0.2997920570495118	0.6888317258346562	0.13778097233300768	0.1435654505365945	0.5515044254840302	-0.15083980205696254	-0.13630727509632692	0.23945078369442854	0.36651712314842455	0.3681412154287741	-0.17675733689828407	0.4056793650832242	0.5467964273662681	0.510567896335126	0.05986058213510421
Br5165	-0.000652274	-0.0129409	-0.00912568	0.012095	0.0115447	8.2	0.0157341899824559	0.973028	1.0	0.0	0.0	-0.4014436043993835	0.4917265964677571	-0.12343752984521121	0.43850736397105694	-0.1070258124733643	0.30373298724201353	1.462901945991574	-0.43573017055605917	0.9670482211387599	-0.49074577076521075	0.5845534767141916	-1.0608622384662227	-0.4390646573739982	0.4277738788903602	1.0830005407370427	-0.17317338701734422	0.344574043838972	0.3427875091931617	0.97791552432164	0.2267588896273601	0.4357688657783474	-0.7589299948273323	0.011552507926351424	-0.03588282904994493	0.041291970121822646	0.43363804846237	-0.05630596975884193	0.3015281297990923	-0.13999875576877324	-0.8102497319529678
Br5182	-0.00854097	0.00034456	-0.0077846	0.0099037	0.0164669	8.3	0.0188782810652412	0.967731	1.0	0.0	0.0	0.7761094293360964	-0.5557413068119194	-0.7454615851785146	-0.5082216300874784	-0.6218246839375411	-0.10278648445913871	0.4890165829054189	-0.003027568358745006	-0.6859778845237986	-0.4639472645140711	0.007082426009288573	-0.1253841338369172	-0.3892380500678483	1.2356634638455763	-0.23966203606060557	0.4971983489395149	0.5260129922290638	0.18755432192196134	-0.7270243254807841	0.048367713324730666	0.3065666384128174	-0.12680284662347663	-0.5298719451501701	0.12518540366372702	0.4347475778202592	-0.43558331342216916	0.6031044529248458	-0.673214574874647	-0.07862838346303525	-0.5568456877838349
Br5205	0.0222764	0.0528062	-0.0010186	0.00728816	-0.0139906	8.3	0.0195579922393826	0.977858	1.0	0.0	0.0	0.01544248870489519	0.7433466486609184	0.6084148018121123	1.0741318871932501	1.077578336053741	0.7423022583367855	-0.8356585898628696	0.6032108806174449	-0.6348432276097303	-0.8485774507098882	0.16472753194821957	0.8872393436648686	-0.3888514723942512	0.7037997464088953	-0.5716521097790334	0.6959067099973071	-0.6446106463444828	-0.02646457678225656	1.093743802917087	-0.7442343905346847	0.5934880198464793	0.5062927871986355	0.12951544115368485	0.08068060739653775	0.47851820577561044	-0.38246346742517434	0.49332898445694984	-0.2818221254769346	0.901337968203763	0.5882686586506113
Br5212	-0.0075329	0.00685639	-0.000128314	0.00881407	0.00912613	8.1	0.0143040094982479	0.98178	1.0	0.0	0.0	0.5636233664801372	-0.19633285779388912	0.12965435328491237	0.9912065561883697	0.11332889977747655	-0.08498329513709738	0.10018820587506518	-0.3993167112975193	0.20304354700853539	0.03317102343026228	-0.14593500437752308	0.7432656909168932	0.7967816400895005	1.0031492528684367	-0.1888470586877906	-0.14342496418295286	-0.6411064478747942	-0.036161610672412074	-0.8295037219840027	-0.4295049257605413	0.11852740501684844	0.5936324964647579	-0.4277303367604784	0.28161255814093966	0.017644414098684807	0.023282664047666907	-0.19694057676867788	-0.41479311009021375	0.4468947480673187	-0.2088999993257955
Br5228	-0.00524639	0.00116074	-0.00650575	0.00839323	-0.000143569	8.1	0.017342813157435	0.966664	0.0	0.0	0.0	1.8709814605638666	-0.07967504095874976	-0.7186507614163135	-0.7612248920281044	-0.45707480581639465	-0.8746876133287161	0.7754271048925878	0.26611933106286007	-0.36054589365117024	-0.28417232863768377	-0.20496477559089782	-0.7054156035897484	-0.4762043232133358	0.5535163047814631	-0.20375054094257325	0.12730993422448372	-0.24476151073684793	1.19035511844887	-0.16216185218302848	0.08973710604326246	0.051347891375978796	-0.3179708180765436	-0.5231766169037012	-0.14749389600223886	-0.5095645573289415	-0.8872729682158244	0.003870122295319628	-0.559290486173348	0.6641251440882611	0.2760487934185981
Br5235	0.0153548	0.030505	-0.0031506	0.00794358	0.0148172	6.9	0.0161470086762376	0.978956	1.0	0.0	0.0	-0.1342367435719386	-1.9091638868847396	0.9957832263474795	0.03338718163961804	-0.16796546106581997	0.9596281798125681	0.3465053675143894	0.22209639744180956	-0.9420054648793206	-0.6582109606103471	-0.5503206973287276	-0.8538049957121583	1.6267035981610058	0.22603330268003252	1.216900279856334	-0.13646429088602094	0.10983615268755807	-0.7831126551517664	-0.18473078532489112	-0.8507862805389164	0.3468722561444762	0.5826176615344304	0.43835583056055183	-0.04883702258492161	-0.7203408393789649	0.23211829567659914	0.25289735225528115	-0.42920672179502783	0.14635190145241903	0.4662956925948415
Br5250	-0.00429129	-0.00313014	-0.00568222	0.00381527	0.0142132	7.4	0.0126886263904547	0.973651	1.0	0.0	0.0	-0.2601993851305384	-1.0259666793354276	-0.8118373245320797	1.3442740731108676	0.5153381730243625	0.8622806980193264	1.629644602643263	0.17938507118528307	-0.19773627405317068	-0.32164903356141933	-0.30782991322046205	-1.0676615755588805	1.0172925568002622	1.11563744953287	-1.088768696687283	0.5386200928546576	1.2979997586280938	-0.47394348861356544	-0.011112847957635568	-0.6105131448146971	-1.0717505447334272	0.024984792808771528	-0.20543704729755008	0.3073732733487311	-0.7365909611679559	0.07635098034218411	0.8301907193651952	-0.4633817749282944	-0.5451700786533632	-0.18908115854388013
Br5262	-0.00811871	-0.00401826	-0.00449718	0.00911132	-0.0142214	7.0	0.0170820457941688	0.968725	1.0	0.0	0.0	-0.39455005772713153	0.2963113371504147	0.2043933376687435	0.7914947572654816	-0.7824665267669869	-0.150800466272689	2.317990332289281	-0.12030384409030002	1.4205360806973322	0.9080314133346913	-0.24377922864252272	-1.1790276389655765	-0.6500237132735721	0.2608418426334231	1.1577830192007212	-0.23705093132706898	1.7674131446445516	0.287446116104994	-0.38727614972143853	0.03201398693305052	-0.13311827743209242	-0.8964572293718248	0.19316865691049576	-0.12819429978704372	-0.39680837739970737	0.007119562871002879	-0.6011843170835007	0.2014389904648677	-0.44184525666221214	-0.4567123078581483
Br5280	-0.0117965	-0.0106602	0.00309456	-0.0140327	0.0238785	8.1	0.0168925787875655	0.979688	0.0	0.0	0.0	1.3054315336221571	0.44813206523968746	-0.33560681266782466	-0.9373533178021637	-0.18677478399078634	0.23451149921201753	1.1414975587356484	-0.8987594458667606	-0.32658882451241716	0.6664942676145421	-0.4548436439957595	0.6672862310397433	0.9281348861350917	1.426681352151431	-0.16304941555949648	0.17863339392421126	-0.24703847464120532	0.6075348232667653	0.08890768684649049	0.1741038007591928	0.7692760237561032	0.723584658378479	0.11586285590347407	-0.07113699416447031	-0.04904507013974197	0.4586651050440323	-0.007673448647252353	0.43617270043490824	0.3234540810149265	0.43100205295888866
Br5287	-0.00157739	-0.015026	-0.00724743	0.00390475	0.0282955	8.2	0.0123462994477734	0.974241	1.0	0.0	0.0	-1.4689486968353307	0.4185873380732532	0.33987048568932043	1.414394485213682	0.117555089487888	-0.6309037177513294	-0.7203598461674545	0.6199345302489645	1.4738281210596933	-0.5824833288036285	0.12305300542432769	-1.428956984867804	1.3086404301813122	-0.3907763970592359	-0.1381958962991701	-0.04730065991950557	-1.0003319210584523	-0.23204246344774962	-0.9099334458730218	1.070324879484767	0.6505531019599857	0.5111922038922957	-0.1088057525528946	0.5043544425267076	-0.3543293598590173	0.4311146817439648	0.07917161250133631	-0.6997025084059757	0.6354013739140117	0.08618071151875212
Br5292	-0.00969462	-0.00325906	0.000521661	0.00553349	-0.00602412	8.3	0.0148698886966774	0.979672	1.0	0.0	0.0	-1.1331047064307977	0.5559559596238488	-0.032991366914342665	0.46582440391674595	-0.40478050589087305	0.0029127470321233164	-0.6132246458084221	0.1149460648395577	1.0947564704382824	-0.3002921109376187	-0.4554496880993174	-0.2334089816330348	0.2669157483093633	0.7542497085207228	0.3847964077261022	-0.3939920965919634	0.17495082898322797	0.33490016410587253	-0.09825676572545253	-0.42175060882985527	-0.21075975903522193	0.48663390707225457	0.03698486210464075	0.0814182370826322	0.17295670427656545	0.5896255102448396	-0.0018214486407475941	-0.3407126328323824	-0.5379584526665199	0.4617223569483781
Br5314	-0.00743082	-0.00838273	-0.00756508	0.00543373	0.0153334	8.0	0.0095142413272255	0.966358	0.0	0.0	0.0	0.37830135858246244	0.34563918658686626	-0.04545958800109851	-1.076942619479798	0.1631094311696995	1.5218863213183385	-0.2320938224096013	0.9724090693090917	-1.4482460025679755	-1.061973741325042	0.7668801819054497	-0.8110106669832365	1.399615750821726	-0.0711010455542529	-0.5025629173271672	-0.18296744702014187	0.6047203868018919	0.09194052634399383	-0.7722340704873283	-0.05950068796786326	-0.3679423036072919	-0.6803785989464423	-0.2765203619693781	0.0388800282518297	-0.7353548133586212	-0.2688339440828403	0.14085997586030766	0.21587883670789412	-0.15057619669028055	-0.23123109391334887
Br1245	0.0307813	0.0709653	-0.000560425	0.00703378	0.00895545	7.9	0.0096854103326055	0.961977	1.0	0.0	1.0	-0.28029768826079776	0.5707908878675002	-4.302580940376202	-0.669858018350144	-0.2016415697694366	-0.39762751947938013	-0.5921486701998825	0.12045827843115925	-0.5112855759628603	2.751055530257077	3.544834289185107	1.1166826461985528	1.3506519576547176	0.18023416765518283	1.3232421719189364	-0.2604183910791181	0.11247311344818017	-0.06768250374180541	-0.3932181225757673	-0.7427864911175669	-0.10449277264230479	-1.5505330222467757	0.34329736041572595	-0.7361499771656261	0.6339380627084672	-0.42867964747866627	1.2690547183755423	0.39046849282097446	1.171027171804993	1.1499170618273296
Br1684	0.0414601	0.121613	0.0220622	0.00616431	-0.0183262	8.4	0.0145906216550518	0.952375	0.0	0.0	1.0	0.6228025109216342	-0.09912942803280118	0.8615218603952342	0.2833686766392509	0.08009334994820191	-0.009659556135364823	1.7554348955494943	0.6898387697849174	-1.856090661017706	-0.44185575887737966	-0.34777193334140166	-0.9737721345558453	-0.0979803659971592	0.6232147786062072	0.6728418994660611	-0.8968091038601322	1.8729622644332824	1.1776997867522065	-0.5279891940167846	-1.3546936945365522	-0.7198812559807584	0.13443660604365532	0.5344195804756832	-0.6837187134671736	2.512317840277258	1.2339796960262193	0.057572803190767956	-1.9683978662292103	1.547005837407534	-0.9924925756611042
Br1648	-0.00725998	-0.00526728	-0.00650757	-0.000384917	0.0248883	6.4	0.0120642712227766	0.950396	0.0	0.0	1.0	0.28395110372101257	-0.9264387211979092	-0.7915027885636272	-0.16159096165414882	-0.36589318758336753	-1.2869411493854206	-1.502478598273677	-0.16326947428540797	2.4201369811184583	0.07214783626027495	-1.6109517259326562	0.5122376926034174	-0.1991330504622033	1.5054596293216946	-0.03558051024120795	4.409962960670119	1.0429905304087712	-0.23068077328047065	4.197847111889322	-0.0888941058036964	-5.093569236635072	-2.064696793504972	-2.077849496229339	-0.11739560550587821	-1.2672550648909788	3.38124595175235	-0.5144341606911997	0.7032084788798805	1.9114336958302027	0.7726721792058668
Br1033	-0.00277948	0.00388058	0.00143316	-0.0130773	-0.0431083	8.1	0.015158974331998	0.956475	0.0	0.0	0.0	1.5588185797487482	-2.1974388764087456	-0.40140525313798114	-2.1777072323341033	0.4870514033028646	4.271705936030107	-1.7655123337720628	1.2861479691310296	5.762451647139673	-0.30248605559109076	0.06517875410271895	0.550085732069408	-1.4533103349766896	0.1729259216410098	0.8667043455765991	0.023082084145114427	-0.7314535402524673	-1.0982054258747633	-3.138143473675455	-1.9561961415326057	1.8096450094066625	1.219333062146636	0.6421589183663072	-1.1029411950084806	-0.6453379720407099	-0.7455163145403115	-0.07123116095030511	-1.9389624727928831	-0.5360818955683796	0.8409155243273765
Br1646	0.0152642	0.0583817	0.00736855	-0.0012189	-0.0125958	7.9	0.0038898584436456	0.956618	1.0	0.0	1.0	-1.4844380751320636	0.43542372462599055	-1.013737971200367	0.44898970314321973	-0.06767114600576064	0.31212266571227687	0.015672041638604958	0.7588745827460524	-1.0681942977886572	-0.8655161656833505	1.0463377283966806	0.6826948432293726	0.7459766415469964	-0.11491933659009038	-2.6574627216572217	0.562017076949516	0.533335011109432	-1.0660021429868007	-0.8707360679023839	-0.9711208481512758	-0.010856315245183918	0.5439492103402981	1.9598670088366321	2.24264834790455	0.30897792249965816	-1.3749887743786526	0.7779161852351986	2.8492987054136485	3.013098392089048	-1.9295515952126983
Br1204	-0.00654461	-0.00146344	-0.00294056	0.00556689	0.0189882	8.6	0.0182535461276176	0.967906	1.0	0.0	0.0	0.33483092494692	-0.3437245397925742	-0.3302345456783746	-0.11988918175128864	0.47900004211100294	0.9091959826389487	0.15807813165823634	-0.6177605689164813	-1.6455197844414666	-0.6701150082041398	0.39828122270228955	0.5656321038201911	-0.616562454296073	-0.7723378730916121	-0.05495443258753542	-0.5056657624130715	1.660260784447624	-0.514038962632255	-0.00012176511184827218	0.35675268054501635	-0.4587335237632145	-0.1794524332866704	0.2987303306694946	0.036718495516878946	-1.944275754420518	-1.1563212948081258	0.34409804515851666	0.8051208873783484	0.7050164437019876	-0.17738771562952305
Br1225	0.0427852	0.123787	0.0132043	-0.0104652	0.0134177	8.5	0.0166810935023873	0.961589	1.0	0.0	0.0	-1.059658258231178	-0.5520521711251117	2.0170853667025948	0.9579993624275419	0.45127901151978433	0.30458344286863365	0.07342003601455925	0.6945973316121327	-0.5652556274361671	0.9492333407470788	1.0946849328164292	1.1372131599340956	1.6590651992228966	-0.15320379681208027	1.4933131627470781	-0.3696264502619776	0.8897555959580605	-0.8298484442469095	-0.001818927246686844	0.10598450259351236	-0.1703288856677258	1.1061021864654845	-0.18025748856593582	-0.3497518332638141	0.3541564844457295	1.656122313423592	0.06172237830992752	-0.37412331401602145	-1.0246987343107326	0.017144959799897243
Br1436	0.0331909	-0.0183912	0.0452915	0.00386032	0.017334	8.9	0.0124548773110021	0.96174	1.0	0.0	1.0	1.9152147988411041	-0.5742371654420944	2.2613596993995717	1.6416098624162985	0.8061419830557378	-2.8744708369781127	-3.241472341697415	-1.1827051523847476	1.1165988053735871	3.2683326512798634	0.38017455997296157	-2.701789658934347	1.6132840010035758	1.1757098708851754	-1.6744982315467263	-1.0580844558132023	-0.735902262541763	-0.9692402855295285	0.31491083862460056	-4.733369364398618	1.5623415040310489	-0.9306464750392612	0.30807175076922894	-2.7715266111732464	-0.8544445208067712	-1.6698492528999287	-0.38052999925578873	3.7231703536442087	-3.0076009948231595	-2.271634307795643
Br1858	-0.00514259	-0.00792972	-0.00044362	0.00406197	0.00415053	8.7	0.0198252996218421	0.964447	1.0	0.0	0.0	-1.780774068409268	1.1863068658317488	-0.7514886288070822	-0.7463174665673977	-0.32958810891355794	0.07635922874506058	-1.49906352190362	0.0332971894191917	-0.44745411439563426	-0.4773772528085972	0.10380684234435679	-1.3131524108965045	-0.24907815118656107	-0.5611784967807346	0.4776801388552851	0.745355821958338	0.726501541393264	-0.43554634167403866	-0.3200348862373169	-0.47212692939170114	-0.4392787268573882	0.24099459508740861	0.5932036962384354	-0.348077347415159	0.1994058253816646	0.6597945882001871	0.3479042252680314	-0.1944555881968658	-0.7046435742318264	-0.34403984205022187
Br1879	0.0211129	0.0615881	0.00616487	-0.00972775	-0.0386925	8.8	0.0298506090990161	0.980946	0.0	0.0	0.0	-0.6923367301880987	-0.31776247878926134	-0.5911116507407636	-0.6993855579503044	-0.43361814442909885	-1.1919135344657275	-1.3463104119919322	-1.4064349604267543	-0.9953888533029129	1.5167138041106663	-1.037264123126454	-2.6511161058889483	-0.41319772655356296	-1.2679167042181894	-1.5918456291108263	-0.15258586749448988	0.23191419127445453	0.42555468037279465	-1.0499699967137652	0.948841681250887	-2.2190365105922765	-0.7780699706103366	1.1387650074647302	0.5336569601365664	1.035316094278556	1.5369517426372774	-0.28152625718701624	2.2374391135377576	0.7488864291595599	-1.2008641101651858
Br1875	-0.0067023	-0.0122286	-0.00400773	0.000719431	0.0322261	9.1	0.015028534778854	0.959522	0.0	0.0	0.0	0.3504963737530353	0.26469443675075827	-0.24529750106247064	0.6060140326119775	1.4899398122137864	0.648942762730744	-1.8698175365595633	-2.442406039515667	0.0016929897157838692	0.6738135916350284	-1.4963358842652628	0.07534410636681348	-0.49849189214790274	-0.7940925540222468	1.0428650360776601	-0.8366165363122143	-0.3011086937169285	-0.3295401142618525	2.0780616912468495	-0.49013848478174227	1.6330572986379668	1.0409732879875495	-1.0015073079975838	0.6435012879638301	0.4510950916107245	0.008437222431340501	1.1814871442648973	0.10431343527017475	0.24065421068105336	-0.06962136123328848
Br1857	-0.00976009	-0.0140963	0.00143151	0.00573641	0.0141824	9.7	0.0288783477596716	0.965089	0.0	0.0	0.0	-2.265629434775722	-0.5037682023575416	-0.29751188603256173	-1.115612816228846	-0.4348300295567191	0.3897843151371504	-0.7816028810397845	-0.2734594837707304	-0.9627831414120754	-0.8700118731484761	1.5209080818258476	0.1441024178202419	0.5567539203187097	-0.3488400318887021	-0.006018372198311129	0.7400985779058618	0.01645979987536039	-1.0640296625575747	0.4620588606434602	-0.7838701391657681	0.03536832632315572	-0.3260751764694614	-1.6666511763278014	0.031336741671582374	-2.3425596406415385	1.906834348517624	-1.2229409538787117	-1.6395683629864284	-2.70311279154208	-1.9995339804241523
Br1881	-0.00610448	-0.00717556	0.00417486	-0.0101107	-0.0385257	9.6	0.021755518600421	0.956443	1.0	0.0	0.0	1.4102013057271852	0.9152625660388582	-1.4031995947370806	-0.07667708244351147	1.0000340425001237	-0.5958202583381139	-0.8658710523307097	-0.7615744928412455	-1.333309763985939	-0.6126972368179013	2.124301337276808	-0.1933915729599317	1.2782324766987434	-1.2093866182261395	0.4089836370987292	0.5214575661633712	-0.21463246830986293	0.1489540984477893	-0.05255658249726029	-1.0549197011551261	0.08650599371656413	0.10757856437795618	-0.7127441242095659	0.6661943542931947	-0.4860893304804771	1.9433574384720216	-0.2549000661718965	-0.8526511032403206	-0.21408833170973485	-0.8526012622484128
Br1427	0.0414255	0.0461156	-0.0125143	-0.00554631	-0.00837824	9.0	0.0130582233372547	0.951226	1.0	0.0	1.0	0.7704794558672211	0.05060539848477941	1.217200136413164	0.06579805118636894	0.950295178461179	-0.4548344838668806	0.5546562002352271	-0.8289437648258782	-1.789007387693016	-1.6728619270214917	-0.1623478212332845	0.845341487426495	-1.3146241048538774	1.3520961033280676	-0.4041250367443411	0.8578065929892086	-0.20738565887383723	-0.13617467732307365	-1.1640847223587514	0.39378295936148594	0.6255200396502458	0.04691209214387544	0.10185783633987243	-2.0164804962401535	0.14989182040882756	-0.089347803843176	-1.3610019479967899	-0.3711368349458969	1.6919076800302546	1.9022959280130498
Br1670	-0.00390631	0.00819381	-0.00515225	0.00806145	0.00610251	8.8	0.0273686549234629	0.978772	0.0	0.0	0.0	0.24928040804064208	1.2276797355751585	-0.35607972622175993	-0.6481792166683888	-0.03314651728710897	0.2475844289184075	0.29447892619731725	-1.5899433988379714	0.5243255262591171	-0.47740491925171935	0.4105294717325794	1.3829351422869585	1.149823020419384	-1.994067095855798	-0.7793233330457208	-0.6336401205751958	-1.4226347949710818	-1.5556513958680718	0.4231887523232064	-0.8059863665037081	-0.16552928667995678	0.4089615064641149	-0.32592350426718153	-0.21850401747653236	0.1736346037143959	0.03163290312952389	-0.6985609363009007	0.18499030735163668	1.2348176467312297	0.9417830321898493
Br1860	-0.00512064	-0.00146779	-0.00131462	0.0036966	0.0125165	9.0	0.0210596929078498	0.959329	1.0	0.0	0.0	-0.2677456958997622	1.5442687404958892	-0.6658965362460569	0.7118477549486194	1.368022650692859	0.6211617252311484	-1.7060548067391217	0.5608539584425246	-1.230019779619071	-0.7854878893382378	1.5080535954547427	0.6678115263953942	0.23249133707659816	-0.552553987780182	0.17165288869324377	1.108571733570927	-0.5456088884428222	0.015994007223451182	0.7110065501989282	-1.299594850518095	-0.6146509333280488	1.126519087961436	0.702325802921134	0.5280574425219152	-1.2148608228991866	0.7680393056636738	0.013543939528366975	-0.7066061974042938	-0.18872323635438112	-0.37220577485026207
Br1339	-0.00553373	-0.00346311	-0.0019399	-0.00514697	-0.0392255	7.4	0.009815609402133	0.957216	0.0	0.0	1.0	-1.1682554389926174	0.402721957426517	0.9289983419283945	-0.299115919878973	-1.1744407266183061	-0.8735279826400135	-0.2625907596521167	1.747812104383885	0.3079334461386845	-0.6195968741347551	-0.09657199417005584	0.5749590966888142	1.210765777548118	-0.4814792980886547	-0.7191868833204338	-0.10833232867023304	-1.1251794994583755	-0.8167358207008418	-1.3232080035433502	0.15695945418159096	-0.045857029260895334	0.21450039010372848	-0.584042604371701	-0.36934980783691745	0.7537269130389235	-0.446596717959844	0.6346900783481819	0.16749711596182412	0.6522749517620245	0.08452092142594407
Br1416	-0.00224336	-0.0176825	0.0179161	0.0043151	0.00670616	8.8	0.0199530655065122	0.969907	1.0	0.0	1.0	-0.14897506194313737	0.04451661923833281	0.5388271554214156	0.18833561660970408	-0.452066467702806	-0.6403623574107303	0.5595555161701196	-0.020875385513022243	0.8541905694250079	-0.6824667608181052	0.5910605330871461	1.1424211984170276	0.006931749707173994	-0.23863290509984023	-0.905884997527923	0.4862972497815893	-0.1336333084445102	-1.1285273500681778	0.34715251439891437	-0.7024538587194517	0.1559102943462239	0.2631704908882158	0.08711415891914173	-1.395005548094634	-0.19753464591718947	-0.984273407122751	1.0205861773718938	-0.6787400343943585	0.6123850912081233	1.6703317160273814
Br1463	0.000383558	0.000660291	0.00747535	-0.0150438	-0.0482197	8.7	0.0269219261535954	0.971752	1.0	0.0	0.0	-1.891799531683719	-1.3867726070097184	-0.23776653283179197	0.4843662910673263	-0.01928714308185301	0.07729218077114364	1.0279689412594255	0.725047487573696	-0.8128735017374372	0.6736676166601031	-0.15571787130717465	0.459132132963985	-0.8872053036048959	1.3297200249269854	-0.9725599969781991	-0.4902074372843782	1.109175268422582	-0.4565301004924115	2.293084234099707	-0.9985043716043616	1.662265651218402	-0.6493615885903508	2.103063486555773	0.053754943953813195	-0.5681390536225522	-1.3829739603694131	1.6518268770075553	-0.5429724259468592	-1.422782504612841	-0.2423488734498974
Br1016	-0.00206243	0.0162247	0.00450021	0.0101257	-0.011593	8.3	0.0256421855557949	0.957028	1.0	0.0	1.0	0.319507528533072	-0.36528151055286795	0.2774846301598805	1.0467811914547458	0.7715325109878206	0.7576088383447204	0.3851180388402681	-1.5527466329325788	-0.3801011282389946	0.5801796043018068	0.05266216511948534	2.273327350039513	-0.06341717362582736	0.5393097338584826	0.2317823644880179	-0.9680704994533232	-3.891197737566611	0.4646053846432301	-2.1949621277949545	2.183801610985782	-0.7991208712457981	-2.1625347721127257	-0.027591846558574638	-1.243549501186744	-2.4909213288807575	-0.8833129330450453	-1.0997349626827355	0.24351739242454706	-0.5510581912353237	-0.39263250398680244
Br1761	-0.0123834	-0.00858101	-0.00516544	0.00998654	0.013703	8.8	0.0297356449377657	0.969274	1.0	0.0	0.0	-1.6813831596464046	-0.21908303333436796	-0.3762156224485893	-0.03818761610628559	-0.6432932560499998	-0.2656858099171763	-0.05170208205272701	0.4653149310881207	1.3565364828793027	-0.34471627508032027	0.8250095508926579	0.17771453562054382	2.1612797934881014	0.21102174662519466	-1.623027670844298	-0.4390672465399868	-0.43302838503028596	-0.8295927935878284	-0.38484318208988033	-0.05154773805669324	-0.11430881711794674	0.23740079233390438	0.04468009203574252	0.8261817172083805	-1.1099429297056485	-0.3941136793392731	0.47845506116228415	-0.5448273407334202	0.6769691203364295	-0.3651516782889045
Br1453	0.0459176	-0.02111	0.0365122	-0.010139	0.0210855	7.2	0.0151964137891742	0.98067	0.0	0.0	1.0	-2.7302322226668316	-0.9824427448943092	-2.8867381647654304	-0.8688273808738591	-0.06187326839868715	1.097633529326531	-0.17516087506137992	-0.3157267969191341	-0.05415846166663649	2.2011089830516584	0.2607880193891533	0.08364736051709022	0.7963797987466571	0.7550812560240454	2.6102796438690876	-1.349536437855952	-0.9848696786647875	-0.24927450113091307	0.16472858470749369	0.07225463596806325	-0.4257164936290615	-0.5172846308186738	0.20364981898023804	-1.0287968066769912	-0.7712302127318704	-0.45442177027857256	-0.35590148511383324	0.08027973789472004	1.0090397913323172	0.4848931698518963
Br1848	-0.00195757	-0.0127504	-0.00131274	0.0011376	0.0199744	8.5	0.0130404322008513	0.97395	1.0	0.0	0.0	-0.921572361350884	-1.3585260553837286	-2.0464907057300374	0.02061446094134643	-0.11753122162175265	0.45775210457780896	0.27025951279890253	-0.4331075923115626	-0.7851633823912127	1.2900782845815941	0.2947002887292853	1.5857112986315156	-0.05433832360151397	-1.7476036497695142	1.830603272865144	-1.7772156550918536	0.7024243557122944	-0.00018346767160486247	-0.44587364456673995	0.5119722590412068	-0.20520795159129349	-1.1040641949664094	0.6151071158796538	0.035841358220085315	-0.5310309390773945	-0.10899500769489315	-0.4656314028155583	-0.9046985326221015	-0.7508342353444128	-0.20434116096794616
Br0922	5.32662e-05	-0.0108955	0.00516521	-0.0139156	-0.131564	8.0	0.0080766536644319	0.973094	1.0	0.0	0.0	1.1444434187524797	0.9228790728471671	-0.6768988457155855	-0.13127251645020965	-0.07529720745973323	-0.036485975191883166	0.4288329623396199	-1.3375042546340223	0.3044334961365385	-1.7280685193591832	1.0856725147823838	1.1239038137741693	3.017631839800329	0.2220596410793531	-1.6970105480947504	-0.07031333303046895	2.874066214911516	-1.35135012635649	-0.7033534031384312	1.3649473279420328	-0.3984510709029409	-0.2755210743638982	1.0616034006673447	-0.9097727615905773	-2.159855739939022	0.48732839650265714	0.15853600047347938	0.5300922927337562	1.0813420189164615	-2.50315753683295
Br1351	-0.000892231	0.0130397	0.000605854	0.00646933	-0.0069053	8.7	0.0121925585424846	0.956713	1.0	0.0	0.0	1.12699961545657	-1.0143424582670928	0.4370944904665223	0.5543376839199059	0.20480124534638489	-0.9119638191062653	-1.5618048348056839	-2.981795343278314	0.14523705589744168	0.7961234981435422	-0.10200003951918489	-2.2524652793745634	2.677112172033355	0.2762137487297702	-0.6564999467549073	-3.3789646276988474	0.7520776443838211	-0.5265170811624383	1.8833288958673375	2.623018745276718	-0.09295996209220186	-1.9333479957576174	0.8751638389589909	3.2802605693357507	-0.7288085256586896	-2.374140814407318	-1.8680730719756862	-2.604523440163647	0.8107445865673998	5.064855933055692
Br1738	-0.00632811	-0.00742208	-0.00700208	0.0051219	0.00920619	7.6	0.0078610969080527	0.975582	1.0	0.0	1.0	-0.7681499666062335	-1.1808473751086128	-3.455328083097978	-0.6268756991216315	-0.8050941826243675	-0.1732483308073074	0.16638428417054713	-0.22000897152380353	0.15131414928734557	1.2463873014651883	1.6294163038245657	-0.10447954384691532	1.0282433499222383	-0.05905331560507847	1.191083545918578	-0.5333428007178851	-0.16638943362265238	-0.048525329624274374	-0.7841736769281353	-1.6164614854216377	-0.8802910715484402	-1.0931142138478505	0.42865324157747786	0.05764866155445912	1.175625064955856	-0.19586095317995317	-0.30724261594966185	-0.29750009352310325	-0.380614019089969	0.3432311877272511
Br1610	0.0976564	-0.0711307	0.17099	0.00104482	0.0323574	8.3	0.0200502256429457	0.972335	1.0	0.0	1.0	-1.4731353729666083	-0.044699769005969836	0.057885158178449914	-0.3993942482229183	-0.6213766188649708	0.565313178769992	0.29057480764292787	-0.7439960067889119	-0.14549893998731217	-0.37421744230754783	-0.3477867531560155	0.06761961592147746	-1.3553863976343017	-1.0388675383267298	0.1653270827455857	0.0446114733156172	0.7203778707759905	-0.392232541081831	0.14608176874794493	1.1647459757770873	-1.2994279574160494	0.5913639128671917	0.46523893681523	-1.5683277635806696	0.052098057199834645	-0.25868446315280264	0.4865176961199876	-0.5806851975364844	-0.03362911979128875	0.5793255062946726
Br1856	-0.010476	-0.010637	-0.00870686	0.0058954	0.00992486	9.1	0.0074978305189819	0.973967	0.0	0.0	0.0	-0.7135504369655996	0.42146890613940047	0.21273322544015005	0.06836600146525232	-0.23439554402901872	-0.10940722138372254	-0.5172725398656883	-0.5085875441812647	-1.1296185468700048	-1.1384715829311316	-1.0575377813193605	1.6332309900740238	-2.5024234416729154	-1.403715983285561	0.15209372927847178	1.1154275371997855	1.2943377805849823	-0.3035229340848818	0.2163506977320303	0.6529678000347066	1.1283901372580216	-0.9484699631817078	1.7884885117992844	-1.1732207537987733	-0.03387429832261949	-0.16790370495045062	0.15674443551425002	0.6732615976442367	-1.3410143827822618	1.1135388399414023
Br1865	-0.00660075	-0.00575213	-0.00995104	0.00372146	0.0332337	8.9	0.0204528675305609	0.955449	0.0	0.0	0.0	-0.4025298608651919	-2.4811764657619535	0.6714646689432474	1.324183121105337	-0.6148653313645931	-3.169073582786619	0.7878640469333419	2.9670139279188015	0.9446277446705275	0.16195282253514312	-1.4923630575297593	1.4055120978272326	1.4878429613279456	0.04773486878211499	0.8540728444712374	0.6677758198882754	1.9529156520890776	-0.39346065427223337	-0.791333932029917	0.24838378890239593	-0.1541986242935981	0.6009630104750897	1.3602047003237043	-0.5014054927156942	-0.8425330299187144	0.3805246599034684	0.4138972082672162	-0.1661292611629807	-0.06414265443972977	0.34292865536111455
Br1980	0.00206329	0.00606532	-0.00259543	0.00580271	0.0130413	8.3	0.0198761027558167	0.977377	1.0	0.0	0.0	-1.4690460290066176	-1.1324960184332178	0.7676352030786976	0.40464691189154256	-0.5141585135363104	0.1326365619904495	0.37661333503189476	-0.7116518242195525	-0.06994041569229474	0.14571233403939637	-0.12349554530045097	1.4621853148198352	-0.8247408666010705	-0.013555291230076198	-1.118216667252215	-0.1856866486753684	-0.02107135576942808	-1.0546086037246107	-0.21204756982785966	-0.08108217415734505	-0.5825122406803502	-0.8004309877970948	0.6496017735174026	0.40168132206817936	0.15365121604116855	-0.5994252299352505	-0.6118231133659368	1.1123224726342464	0.6619971765093199	0.9493297882244655
Br1469	-0.00822276	-0.00239405	-0.00533507	0.00922683	-0.000580785	8.8	0.0154615038670664	0.975204	1.0	0.0	0.0	-0.17998616221410585	-1.0974011120992733	0.2807718030061296	0.7000769239375321	-0.631274908090783	-1.6039991311712094	0.4545859042646171	1.165250816140938	1.052417596100739	-0.3140442082677823	-0.959553868374237	1.1185895692775476	-0.02740367413754067	-0.8405633661924947	0.79152015844995	-0.1855403387314977	-0.16292689259545104	-0.0682698397786443	0.6319232368515637	-0.13311017417822493	0.43872455920200243	0.5373897667234747	0.16059458613043842	-0.15423568083553976	0.7144614533181719	0.19252974496927514	-0.5554494849470734	0.37752925890494743	-0.33369147729639614	0.37939113848977646
Br1553	-0.00663361	0.000932712	-0.00351859	0.0034713	0.00843695	5.0	0.0164369162787969	0.95953	0.0	0.0	0.0	-1.0885009671211114	0.10118917876001024	0.3312757150479584	0.6492208877951761	0.24022850058102646	0.6318495224400573	-0.9880418163509288	-0.6755835301381048	-1.7566134219699214	0.9998299940982303	-0.9302382062442419	0.16105191894829218	1.2149389507636537	-2.482561466651625	1.3482123948540223	0.2250566336248741	0.42485606409822346	0.38949531184842223	-1.4970356500286741	0.6827634903281055	0.43425775111611487	0.1898751010741418	1.8182769895213253	-1.4577569779769037	0.5508860064361426	0.20123019786501908	-0.6125453582783708	0.6831572094108428	-0.9253876901181302	-0.5621034562353973
Br1412	-0.00567097	-0.00846998	-0.000612666	0.00252141	-0.0475875	7.9	0.0183445839943455	0.972278	0.0	0.0	0.0	0.004050396396964901	0.39559394143443516	-0.28274800274057243	-0.4828455353015408	-0.3342315696388652	0.4864018219997627	0.11120456446598317	-0.7330954038409184	-0.7560350024058952	1.021342165189405	-1.1380450035675005	0.9492725557162395	-0.9591970759696321	-0.6334008069093924	0.51786155105343	0.43850315905279985	0.5907761194928501	-0.22399922614195425	-1.206832705772971	-0.7171635135847255	-1.0071480891405502	0.44511648985790764	-0.341358035343104	-0.5129004254165312	0.4734659745560256	0.32256493644470957	0.036323934586912174	0.09730736890106141	-0.0829242806904266	-0.06881432023903859
Br1961	-0.00936162	-0.0100721	-0.00165881	0.0034872	0.0148355	9.0	0.0152005444907471	0.975265	1.0	0.0	0.0	0.8268309257113466	0.21201380197027025	-0.44312767843151735	0.31713933469011957	0.14947617993527018	-0.9165094784384941	-0.14088609506293176	-0.7193810312680665	0.1293858665370963	-0.451218433108308	-0.7454528253072792	0.44679459965747526	-1.0115066068251017	-2.132572695070635	0.6366276805420635	0.8664912504926398	1.03683365325924	0.3573817234309812	-1.2116530959104517	1.6586696504058513	-0.012229908197610932	-1.196323409794812	0.879822053501304	-1.4798847818639183	0.5843839888654097	-0.17539577357312838	-1.1770131059742475	1.1073413871224587	0.9784549020536905	-0.8915920072763228
Br2192	-0.00908565	-0.0176099	-0.00685174	-0.00392378	-0.0314703	8.2	0.0191079261992971	0.96996	0.0	0.0	1.0	-1.5977618195490768	-0.6999175027625227	-0.15591163750213446	-0.16916947128977905	0.1711264166492146	1.1266718691643205	0.3738974604033134	0.44104563324265855	-0.5257031168928491	-0.35138383529928	-0.14853138241204963	-0.7647747015716249	0.36625108590264827	-1.477399013735791	-2.0195150425032424	-0.6031001556110795	0.3414883214337472	0.45987670354631116	0.7811375115007193	-1.01306898823889	-0.6796850439183776	0.13618798337304852	-1.088442042593005	-0.7756431772143964	1.4259973761860067	-1.1512718731673734	1.2364428124705837	-0.13419167348803004	-0.5337559974655721	1.8026109995841082
Br2202	-0.0083645	-0.0149089	-0.00194058	-0.00043296	-0.0259069	9.0	0.0109634962959625	0.954141	1.0	0.0	0.0	-0.3102311375835128	-2.8133765552645014	0.9146806176898008	0.4518512856687613	0.3617502386733274	1.39943391883554	-0.774086028017595	-0.9837081396895144	1.017787420716166	0.16529173008701187	0.16852301078767665	1.1042398547437609	-1.1357552772651611	1.6673853542704054	1.9259071915419261	-2.370393766590587	-0.5662850111646986	-0.11369202800244414	2.7860198022152733	0.575439860505459	1.480799455907508	1.1895962546645074	-4.212261005207876	0.18626429656173932	1.4770581221088492	0.8698360983394222	0.5077578667136801	2.99596280037167	3.0414659711917977	-2.6195462796832496
Br2097	-0.00614704	-0.00619049	-0.00734191	0.000286271	0.0085485	6.2	0.0158899848669018	0.971258	1.0	0.0	1.0	-2.740206207433366	-0.4198260920742892	0.7796984253350415	-0.8778583418178544	-1.0020179091235422	0.8521554729000003	-1.2805979898406035	-0.05985585124456643	-0.4531232271228424	1.999747873904172	0.4384850391388342	1.1141162186331253	0.06732611525226759	-0.68531837827224	-3.655662969822761	0.6298265424497995	3.534377103917392	5.934074679011761	0.26911055171957626	-2.3299346420221627	2.4450791004242087	1.5268875019057961	-2.1503895100517907	0.245990472000201	-2.801486865512995	0.10189644806409423	-4.467016518458544	-0.7545237981606379	1.7155844149382942	1.369524802361322
Br2094	-0.0113156	-0.00794574	0.00443101	-0.00548091	-0.0471681	6.7	0.02261020872337	0.974959	1.0	0.0	1.0	-0.14952444550743932	1.576022614937165	0.061650726220372085	-0.5680882379833093	-0.4517305136405404	0.15752779304364375	0.5743567908344378	-0.16249185327508445	0.4574358321697114	0.31497472712880237	-1.0694672372453378	2.2501753938467415	0.016641384107586317	0.9155252494564382	-1.031181125236332	-1.0186921140520042	0.4796304388571336	-1.5765294728720427	1.4874379616939142	-1.8830283874020244	-0.764238062930567	-1.0605469467561097	1.2624792929394475	-1.1908933260998937	2.1160877271330354	-1.3688077671508705	-0.18056337810742668	1.6528679847847136	-0.7779549184224323	1.368169272602976
Br2098	-0.00907746	-0.00634256	-0.00246232	-0.00116843	0.0154761	8.4	0.010043421299511	0.959956	1.0	0.0	1.0	-0.8050389327248259	-0.003719429693934721	0.5121795868709363	1.394895672302964	1.110780147459521	0.6958522301072922	-0.6732086549633212	0.4771964920012635	-0.2342638751449551	-0.5562286365036712	-0.831862250625285	2.205465058188667	0.09249031078004005	1.3859065652914562	-0.3551771745895474	0.22295213016742357	-0.9003791007320339	0.8641590543409181	-1.9017290963024511	1.5228281343430434	-0.46751766561563046	-0.8780985672382929	0.6576809333848871	-0.5292380665788555	-0.3229553204389488	0.2025491825311765	-0.3139554522823464	0.6526764796712585	-0.9615628827429041	0.33478242659521124
Br2219	-0.00556659	-0.0158216	-0.00479194	0.00393942	0.00136783	5.8	0.0124096795909299	0.964942	1.0	0.0	1.0	0.05781743807942262	-0.7433989061339816	-0.6888599499280185	0.7971101576331853	0.6545162523605015	0.7634382284758094	-1.2027041711478115	-3.1984563987926538	0.18979471342511675	0.3331868207958202	-2.4667968295584317	-0.36777800997273635	0.5421011794919921	0.30834625559511386	-0.1781099710596368	-0.07594746956476325	0.24709365527658486	0.7537114871842338	1.067645225549374	0.881475713824435	0.03781191089764457	1.0250295363674344	-1.0681729116457859	0.7165626526984848	0.9999501262944596	-0.09918739268306102	4.644657532734013	-1.7437722879319146	-0.12834576487494997	-1.3874098077893497
Br2214	-0.00739875	-0.00879955	-0.00218678	0.00523436	-0.0255964	7.4	0.0161730459493963	0.978008	1.0	0.0	1.0	0.09395693273753589	-2.5221100397928273	0.21650288726601077	0.3942440503802473	-0.01745958764724391	0.957397487012933	0.5194079134445831	-1.7396089619201915	-0.08777751514052139	-1.712372729716152	-0.6313652807514496	-0.22202660333074148	0.901273045918798	-1.7688042927413794	3.393362286402365	1.4120241871057542	-0.85994618355351	1.2704001107322869	-0.27354023013304546	-0.6757440616290045	0.7072428431161699	0.19249068030337	-1.1587820413991146	0.38628030982078426	-2.334157780993224	-0.898137921515339	0.15897496906434086	2.298225743369506	0.0336929688896995	-0.8832027135820707
Br2221	0.0194636	0.0463377	0.00165489	0.0123722	0.011236	8.1	0.0254092364336638	0.968094	1.0	0.0	1.0	0.27279186701476216	-0.646291884189543	-1.2516319409147754	0.20321939739063372	0.8216342333520381	0.8652883896104895	-0.2224801211411808	0.3919896355645037	-0.08438607298654403	0.0660125891442123	-1.108877752283171	-0.028159940684383714	-0.09579470120967429	0.9144142483193378	-0.3678540757094758	0.9685229168062273	-1.125947007184623	2.7125090785387322	0.19503010699605472	2.084276546368052	-0.6345247277084582	0.3312545493637226	0.30600471088748554	-0.13316684621704197	0.06888186487166623	-0.20515295007670867	0.9011340824270279	1.172245531505138	-3.234389528025269	-0.771283814105541
Br2236	-0.00169636	0.0161944	-0.0109858	-0.00312074	0.0077163	7.0	0.0105685285772792	0.978163	1.0	0.0	1.0	-1.3248745504840307	0.31625400698988826	1.1614102871861756	-0.6873604174734447	-0.3256187105667388	1.0795446395047932	-0.6597211814604798	0.28526447102350233	-0.627862227900754	-0.26393851856044	-1.0164810253311862	-0.9763133398302913	0.1501070916330648	-0.15948231182211642	0.8577830317825186	-0.5402246950791068	0.9620630274838249	-1.0593311041318263	-0.4262287823893171	-0.4447950137519262	-0.6222694686858284	0.6618253333682145	0.29720783343172646	-0.45862517047524437	0.150950926306822	0.959714042371012	0.24215394531082582	0.7430216139091684	-0.09653764152361863	-0.051132901304041044
Br2163	-0.00658014	-0.00222778	0.000102805	-0.00603785	0.00406273	7.2	0.0136906185487422	0.967645	0.0	0.0	1.0	-0.26931068678072473	0.3281529430223254	-0.5228410733094143	0.27530805184848345	1.0653933104469484	1.7081582485214426	0.3924862906129261	0.2518320429003655	-0.849458312508663	0.16609289087721432	-1.3796115902311081	0.014749849177233864	1.2638479021256184	2.1090152351902725	-0.0389814175756026	-0.13448147937952884	0.48109053217153597	0.16725677286611929	-0.4155248191983585	0.5612574926549735	-0.31439200839523657	0.9797337631970251	0.7459238362108742	0.3859580581398845	0.09737858657676597	0.023885393296102123	0.42291411876410434	0.13039378091181383	-0.8819174712985447	0.21710052547493297
Br2170	-0.00777942	-0.00371947	0.0031758	-0.00706051	-0.0543748	8.7	0.0098650149701461	0.961535	1.0	0.0	1.0	-0.28069737145001683	-0.1798662861486791	-0.5264975773437963	1.6387369197895465	1.153398703317933	0.3545120398917257	-0.7049415286494919	0.6301025535562539	-1.1032477345488645	-0.8125199311957646	-1.2194420668607422	1.5839217513118098	-1.8296421590857714	0.845209072956465	0.8132849413924893	0.26223199855710577	0.5850582050162865	0.7104947364499836	1.2834553068513193	0.16516006655518908	0.549832826545488	-2.0352790314962355	2.7219108252770168	3.1650585295009273	-1.4823101904534728	1.6682566400816663	-1.2844494682558154	-1.3175885621179315	-3.1320621310131953	0.07168151752971286
Br2180	-0.00753212	-0.0161539	-0.00171626	0.0135333	-0.0159295	8.3	0.0090450394818609	0.970806	1.0	0.0	0.0	-0.3011476847688394	1.1768477691279025	0.036281624884449554	0.37072672510324933	-0.0729015831665812	0.23293213526202833	-0.5428067331193615	-0.48594162382615136	0.3950163104124591	-1.4008623153788076	-0.3778074755379961	1.5156483554477724	0.6876465139094343	-0.08755109970715542	0.04494478957768724	0.560333233475907	1.110348043035177	-0.15078273579779186	0.8801976918602978	0.8549151441649803	0.9611010234506622	0.770562596846488	1.8591595759958812	0.6667744434979788	-0.2544038572356191	0.5006929042878967	0.21672342731538305	1.7103972975693167	-0.5314297979236703	-1.1307518427352967
Br2183	-0.00155864	-0.0105483	-0.00348152	-0.00466761	-0.0019022	8.3	0.0129082962541485	0.956121	1.0	0.0	1.0	1.1561877243995367	-0.13117798078925894	-0.13282937704763875	-1.0889605346080298	-0.3630392618181438	-0.7874777487712932	0.18055286098997064	-0.23866817617828717	0.16538033748992345	-0.3817934325062205	-0.9442365473972353	0.11770723912529772	0.036311717097744264	0.7648781942598118	1.2645928543037626	-0.11561296460408811	1.155758756342342	0.24387957353910947	-1.2477064098027717	0.14942939472243497	-0.5291714930718968	-0.12273731060551168	-0.26036824425478317	-0.9352437655939859	0.9931725317228037	0.6789015086056666	-0.41840654104544883	-0.9462676342913485	-0.30622061779887344	-0.23973415176186672
Br2146	-0.00508594	-0.000782984	0.00250486	-0.00166174	0.00776373	8.5	0.019044241667098	0.958091	1.0	0.0	1.0	0.2605672573879448	0.526384826826708	0.07002207479708539	0.06845692175029686	0.5947973393282503	0.2651914302655147	0.6324365128812212	-1.5505902630643347	-0.7390221335781707	0.15915721876366978	-0.8660738414087648	-0.6327086624190128	0.5664061146052435	-0.5646579314409075	0.9896145417003301	0.4464734896435937	1.1961872429836262	1.060109604235174	-2.351116365260007	-0.34672397403094635	0.8911048508353908	3.070631184764767	-0.39752236955416864	2.9510936925756646	4.868799344342776	0.7794115122000287	-2.640838565729796	1.0639981146821722	-1.3027543116883655	0.09538209729495302
Br2148	-0.00407754	0.000768669	-0.00462949	0.00732614	0.027682	8.5	0.0129061493215724	0.962817	0.0	0.0	1.0	0.20048627422789356	-1.030328824452052	0.4615200814242751	-0.15153452746630772	0.486198100484024	1.0765694612386763	0.7396552672027276	0.5929540253958336	-1.4412706969160394	-0.7696616130762162	1.0043629464201373	1.220743460460215	-0.18503297509858074	-1.567295668995233	-2.0317780665414222	-1.320751861456736	0.042257345105181296	-0.024897696009099815	-0.06756031267099095	0.1588087044781242	0.29014916722094064	-0.3911685250744469	-1.2766456576789769	-1.1011192864022639	-0.012794069133738773	-0.9651656560580112	1.758081390619495	0.14341008036615974	0.37217051694923087	-0.8908972577862551
Br2160	-0.00641322	-0.00793758	-0.00563319	0.00490316	-0.0154849	8.2	0.0198975924085495	0.977781	1.0	0.0	1.0	-0.7538655400651566	-1.4430415298039168	-0.8313954011222447	1.0280901381430751	-0.7311167579761626	-1.7484010926622937	-0.05184848537931968	-0.05170553180741546	1.2272258197963517	0.4109912140907763	-1.1400237748833872	-0.044297704530287946	-0.18733981296512048	-0.926144100162238	-1.9593115754266839	0.5410447082743357	-0.5927638845269657	0.21754549526820477	-0.43149689564348326	-0.19550069367712863	-1.1654839646018211	1.2900006384250722	-0.136958741528381	0.6068896013210204	0.12936634409231934	-0.5738786292768326	1.2764282423962772	-1.3143110037052013	0.34796435971444184	-0.425190893105476
Br1946	-0.00747254	-0.0125985	-0.00218362	-0.0158725	-0.0431298	7.1	0.0106699952663238	0.970456	0.0	0.0	1.0	1.1842996703062512	-0.35955529162455324	0.37024715663288493	-0.9875810442014602	-0.3573076358025865	0.052221797872871026	1.117361791365361	-1.2607697686707453	-0.9301658757989719	0.10273108544265623	-0.08095574970517953	0.7644010098483418	-0.5952127843788454	-0.6513571669815207	-1.0737522050109898	-0.769685436962869	-0.5801799614654644	0.05521158540002379	-0.06349929567836722	0.8565129943451983	-0.01753648319616377	0.22530464163522523	0.22739614532257546	-0.7806081341360203	-0.09539783490409448	0.21705387348006525	1.2255567631685562	-0.0046435564628703125	-0.25425113057337984	0.3556731192166279
Br1874	0.00321221	0.0144538	-0.00416988	0.0010223	-0.0246422	8.1	0.0139625112008295	0.959579	0.0	0.0	0.0	1.1100482405640226	0.552345206823047	-0.2954765833702484	1.3498800996411036	1.2544915183194023	-1.1280190635683272	-2.015487334975257	-1.4570120998023077	-0.33515841252601464	1.4441413923834208	-3.7761382347358725	-0.13995493309023427	-0.03631840452708528	-0.3050438896833154	-0.7074397971843343	-2.0701563670951084	0.6526506730633563	-0.5851865122455784	0.4606345115666912	-0.7605387602185697	-0.5368325787454541	-0.35464233461747463	0.17619551247821008	-1.1249885406600844	0.03560685646861313	-0.18434865680701062	-0.27228356754226724	-1.316488232867526	0.3386272692773269	0.9417763614584496
Br1880	-0.00113853	-0.0169752	0.00600161	-6.8291e-05	-0.0234479	8.6	0.014693062530989	0.974163	1.0	0.0	0.0	0.4193941481441124	-0.5899607374084117	-0.09673947729932332	1.2026248528213404	0.3444123506005625	-1.3645547503407585	-1.1063525422331124	0.8739539614411869	-0.4596989710194508	-0.18250358529129887	-0.8514987477258106	0.31317482336591346	-1.0569459301709525	-1.347637438260182	0.5608920394304179	0.4377721342089221	0.15485074778644298	0.27575610870272205	-0.8502613353924238	0.02971484020728364	-0.28922407570511005	-0.3313229898833108	0.4899105368909534	-0.4031782106818951	-0.4031306590858845	-0.09313156627324944	-0.34756767570994346	-0.445965635183981	0.7140586296138484	0.3875696251718441
Br1384	0.0419914	0.122623	0.0126388	-0.0037083	-0.00699323	8.2	0.0165744345538536	0.966491	1.0	0.0	0.0	1.6523692036018442	-2.1241339295443984	0.24733424916948946	-1.6910323407414891	0.5857787024077745	3.852202062854072	-2.192035628978329	-0.6526843610235177	4.936669075407416	0.08160295750064395	0.8175450111972323	-0.4352436227022747	-1.7943319845623995	-1.5514451623986616	-1.8593846971112669	0.8963314263175267	1.3807388551824735	0.20289417782864005	0.047393866279514085	0.815492688940353	-0.5566797059758426	-0.028424095834171388	3.410629804286235	1.1080759664930155	0.6655967154605158	-0.1692139159495131	-0.2919534716717472	0.5066269284030348	0.2841877687604412	-0.3621039137677565
Br2194	-0.00811324	-0.0130295	-0.00854693	-0.00239857	0.0178877	9.1	0.0256546513077501	0.97926	1.0	0.0	1.0	-0.9018443728767025	-1.0008593303104503	0.3243569980067765	0.022009619242972244	0.30720445563652743	0.6286916250532352	0.48731129145741137	-0.7238768178597145	-0.2685435588679728	-0.19942210002975727	-0.30573929478225204	-0.6238550528965687	-0.42803954765911606	0.8987819248693375	-1.1383821272055197	-0.4903937268212066	0.8172247303337605	-0.03014757363728568	0.13185978041296265	0.6052734437836829	-0.6002745858479656	-0.9449633679358157	1.0839353800802467	-0.02943759141104736	-0.25618984859689237	-0.2515716854458882	-0.2563619453653444	-0.09337746898751585	0.3782873549257265	-0.29038713362721724
Br2291	-0.00707966	0.00345714	-0.000898685	-0.00373545	0.00211917	6.6	0.0191914306662489	0.971078	1.0	0.0	1.0	-1.6797697765923258	-1.0650846140085084	0.7051905486396098	-0.1836474160593107	-0.22863302837197605	0.7621417930164752	-0.1252285428724838	-0.14375096879305138	-1.4512775361688448	-0.7601986649909166	-0.12600372786988523	0.3329861168492193	-1.1829002618777666	-1.7861773758043675	1.229102744268017	-0.25715668201678477	2.1287431817857954	-2.138600479538572	0.8960958654102267	-2.2373412855342605	-1.388074400271249	-0.6693376147150594	-0.8329955506544856	0.22230050835548573	-0.05286203726727555	-1.1751325759974833	-0.4249207698350672	1.6136692740437832	0.9409324191642787	1.095156080741239
Br2346	-0.00874616	-0.00963368	-0.00296736	-0.00675039	-0.0386695	6.7	0.0118541516414616	0.976579	1.0	0.0	1.0	0.9849665117768085	-0.4633250882581748	1.313527059749213	-0.07766142366860544	-0.3414914128564359	-0.6466091957418364	-0.7544326264090634	-1.027106614536751	-0.560010030968357	1.5434203971271037	1.0907196383566806	1.320794305089112	-0.21979092892043361	-3.1073911627417847	-0.572565553916305	0.44296101799499044	-0.0789070050263731	0.057929232768785345	0.6406242428689347	1.3121877352116091	-1.0520522560168928	1.4567986276771066	-0.4826990822180905	0.7842787572515442	-0.12736856155324217	0.9960060104999984	1.001518359811091	0.1366018786167728	-0.8850931819132332	0.7189693127542177
Br2337	-0.0075339	-0.00719529	0.00081797	-0.00342409	0.00646973	8.6	0.0210979018018892	0.952871	1.0	0.0	1.0	0.45226627343955006	-0.5927597618441284	-0.4691548379639402	-0.3980582113420731	-0.46401321529829215	-1.1238038278745044	1.2644747338224611	-0.7963392914608725	0.13695725992893695	0.5304807056361268	-0.6435523985184293	0.7916667862274601	0.9504278920353865	0.9122365737315622	0.19655018292451468	-1.176379520527336	0.22413904847200664	-0.1443208918290864	-1.6498185204517304	0.38354947662137395	0.5317301706476402	0.1479004398325899	-0.07426139435969	0.9021263696975647	0.9125000099603875	1.4906656293634704	-1.030441022881783	-0.39566804520533966	-0.5487668632828816	-1.3055270080222041
Br2421	-0.0110804	-0.00998665	-0.00814228	-0.000155392	0.037021	8.4	0.0125628239155798	0.964009	1.0	0.0	1.0	0.4268668321817947	-0.9336598699141011	0.7537362823423899	0.08138756217755064	-0.29577956737555755	-0.9202429358320705	0.7529488182918904	1.052587188927872	0.29095245369934203	-0.6967509635170518	0.35471173450257987	2.004717611559619	0.6960069114574534	-0.4824646019052769	-1.5809760486692928	-0.2998156996104688	-0.8186447265627258	-0.6345466551041553	0.294832804462509	1.024216294458361	-0.005125639495352468	1.353995144522586	-0.4261731888549605	0.6916284076758101	1.1156746945615719	-0.4780959431375374	0.886029524890697	0.015603770504430592	-0.14389908213193758	-0.6140899253627105
Br2423	-0.00518869	0.00266046	-0.00891902	0.0069527	0.00254784	8.9	0.0153687522426006	0.976541	1.0	0.0	1.0	0.18934115080682767	-0.14189915081602197	0.37284778563700055	-0.09725187930117626	-0.5060314603626226	-1.4760461863917336	-0.8322377515204521	-0.6134412095791121	-0.11460771219622222	-0.6836917642803408	0.19162335011025658	-0.685016973709012	-0.8580226266846154	0.42802264478991114	-0.47596814806925386	0.9639857167888144	-0.22593554418477463	0.6664521523939618	-0.40931231446977406	-0.5003237720831166	-0.14371817537228437	0.22837728580128028	-0.04872335487132317	0.403431429912688	0.6732764103332383	0.17414176728935912	0.6343461146950823	-1.276242853447994	-0.9233326180477659	-0.18371882560327313
