	SNP_PC1	SNP_PC2	SNP_PC3	SNP_PC4	SNP_PC5	RIN	mito_rate	mapping_rate	Sex_M	Dx_MDD	Dx_SCZD	HF1	HF2	HF3	HF4	HF5	HF6	HF7	HF8	HF9	HF10	HF11	HF12	HF13	HF14	HF15	HF16	HF17	HF18	HF19	HF20	HF21	HF22	HF23	HF24	HF25	HF26	HF27	HF28	HF29	HF30
Br5168	-0.00409396	0.00765366	0.00183225	0.00957138	-0.00491763	6.7	0.0131614819784192	0.978127	1.0	0.0	0.0	-0.629679819873037	-0.20757929302646716	2.163808402761931	-0.3191729445673557	0.365436561489899	-1.027825978190638	1.0350379484406897	-1.8899579117112382	1.9027621924823896	-2.516736771497578	4.104677703327505	-0.007598141207443876	10.612346379530862	-0.4313042721710395	1.1600941705673267	-0.12076001960810032	1.450269745531259	-0.24489003388484618	0.8064032798094527	-1.2503151174063898	0.07821008392720616	-0.510154889481437	1.3412062523833517	-0.3527659128591999	0.019433602808301836	0.12094798480929767	-0.6629275976118755	0.46414487853583586	0.3353952080081967	-0.49887936452876097
Br5217	-0.0111667	-0.00556815	0.00490032	-0.00121084	0.0233455	8.5	0.018011902381663	0.974921	1.0	0.0	1.0	-0.3850253450125258	0.18899025692165616	-0.5605064950229952	-0.23971472312777323	-0.7687598016255794	1.4830680556311766	-0.3846469682082643	0.46469745040174987	1.2427536335717515	-0.608983380156133	-0.1817665934023289	-0.6343536004131276	0.09207166791734826	0.24211964164989086	-0.7568628593474095	-0.3495171596810414	-0.09613306914845941	-0.4154869743667509	-0.04715303584162093	-0.20470461652355568	0.6585401200004855	1.9797224958504651	0.6629980647982365	0.47415381558259995	-0.790624273432303	-0.9577560578334574	-0.5146280058178097	-0.20238364684325924	1.7845204134899388	-1.3108986669345377
Br5234	-0.00829193	-0.000551627	-0.00117475	0.00662471	0.00584354	8.8	0.0129570757639924	0.974891	1.0	0.0	1.0	0.00023115225007348022	0.5227302115384389	0.05637118265401516	-0.5040216287808947	-0.8671657644150994	-0.6373797267401228	-0.64085528646019	-1.2639953268441615	1.1405531715847914	0.47465862789689944	0.07162605763115386	-0.443448701933971	-0.08807707714866825	-0.9523063490106476	-1.303832654177673	-1.1627640732586542	-1.0812721790585014	-0.9660941323919543	-2.089918138052951	-1.3793404323257488	0.524577801350104	1.3230626793301128	0.18880736151427682	1.049826714380993	0.33820165993990714	0.1628014636875984	-0.23848473185624428	-0.9644383244030023	0.35020671885236493	-0.3876135348327326
Br5005	0.0420922	0.120499	0.0117996	-0.00254276	-0.00910361	8.6	0.0184359840948259	0.97866	0.0	0.0	0.0	-0.3087791413406057	-0.21639240929687206	-0.8538827803395286	-1.0195607439229983	-0.4753762079045051	0.1868700300210716	-2.5316858642003264	0.31248755631999103	0.9182841674427119	-0.3796826529517468	-0.19236872947755954	-0.0815316197029945	0.2427193247690661	-0.4046684644741148	0.15650260931336674	-0.6755188962053974	-1.2563778804064873	-0.8082650338152362	-0.46320423695539664	-1.790386212251198	-0.7600937234615015	-0.7557708447672861	0.07228732393148486	-0.0568296421503554	0.24056281848377709	0.3766782506025164	-0.4554867981695692	0.010661132236301406	-0.8738703856403803	0.9141514795728488
Br5024	0.00573301	-0.00995007	-0.00998787	0.00571	0.0166443	5.4	0.023574392835873	0.97765	1.0	0.0	0.0	0.20904862706338392	-1.7315441480656422	1.238521989732764	-0.41221867486935054	-0.26720155054553435	1.2606587543195134	-0.8339547212203583	2.0856503583611548	0.3816003074661495	2.152339155500925	2.156840770804736	0.9923623962487579	-0.46215193226343054	-0.915893757058263	1.9381596236109822	1.2475706692677444	-1.4820965427885913	-1.0403269811461004	-1.023852003583076	-1.8853447479778227	-1.0255367319802142	1.1630616948314276	1.2891338907444498	-0.5863403085477034	1.4250396950615585	0.7478505832213714	0.5200796815619544	0.09104848777074338	1.5460576268479294	2.2615116281678804
Br5154	0.000362364	0.0137224	0.00599836	-0.00258682	0.014832	8.4	0.0200817690853063	0.97738	1.0	0.0	0.0	-0.1305092269961749	0.44508212551930565	1.237630607834963	-0.8001925691286583	-0.37544521813753967	1.2674615996749152	0.6506978155688162	0.7909440048478008	0.5704242018963972	0.11247036798711309	0.41656363498703464	-0.1395180985311161	-0.5542525949417019	1.0467735413365329	0.6542001482127432	-0.653751078192988	1.136793890951641	0.4112544370366296	-1.3577909560495602	0.22140860403082502	0.6989716695730199	0.4614379779507974	0.04535658994930453	-0.42766042263799353	-0.5655865880457899	0.10750187653371539	-1.1931127291523425	0.41559362656385707	-1.0316188705417366	0.5027031966117474
Br5161	-0.00878819	-0.00271127	-0.0102949	0.00500747	-0.00141994	8.5	0.019161301329548	0.97608	1.0	0.0	0.0	-0.3140337400750398	-0.07729168030506288	1.3439364084007794	-0.5749129323420544	-0.8694234820482003	0.9571456212948762	-0.13954725987932112	0.3006349858005651	0.7793907667570891	0.012529397114437194	-0.30863672102920464	-0.8790775040922945	-0.368965089815859	-0.43842362826793485	0.17457318793384863	-0.3406645456640466	-0.2724425515613238	-0.14563570845048826	-1.348931362398348	-1.4154600886693829	-0.3184366128355222	0.41825294623855913	-0.0813504725526215	0.39005649205220855	0.62824117012213	-0.9161845011104479	0.03563596898946112	-0.26554462121137506	0.2709848810768894	-0.34198347703027127
Br1023	0.0441544	0.118148	0.0146055	-0.00107632	-0.0106683	7.6	0.0131606688541607	0.962803	1.0	0.0	0.0	1.266954919452386	0.03702257526866522	-0.3071083264389128	-0.5275419772666574	0.49355612898644663	-0.4347526537295017	0.8229441326917766	2.6839045845041594	-1.1844011641872974	0.590375806991867	-1.2462318346014956	1.682283755716693	1.0446473287499662	0.8708494702410086	-1.686169005641636	-1.4327712100875367	0.8587209327569387	-0.628762540305269	-0.2763599197876321	-0.3495483576974802	-0.008439868203159992	1.48933726807026	1.3894844428740438	-0.5711839159614849	-0.5963786832600622	0.4453252257725608	1.5295922850506942	0.2512202242311474	-1.4293345936772015	0.7526826142487264
Br1034	-0.00537136	0.00664888	0.00160894	-0.00936537	-0.0164119	7.7	0.0158321777639609	0.982297	1.0	0.0	0.0	-0.06907478621429966	-0.13395905761142268	0.7602390188122579	-0.09421735597402792	-0.14176188653101626	-0.8387149478778401	1.2059559834161246	-1.272252726901899	-0.8913996270029945	-0.04476055814067607	-0.2314869306197906	-0.5541783173621945	-0.12143219006126077	-0.1631302406383806	-0.26318511020954766	-0.1374198188675197	-0.28942555227428807	0.5306011860141531	1.21351313271424	0.9272426902811385	-1.0032096648993338	0.1886213981747369	-2.481352724764724	-0.346023320827991	0.22974843559372965	-0.17923129527823828	0.8098028830472929	1.6656589187431772	0.1944185545763851	0.2001073478444968
Br1093	-0.00484183	-0.00142095	-0.00741066	0.00307332	-0.0176664	7.1	0.025829954405973	0.975436	0.0	0.0	1.0	1.3935620285851198	-1.6408388749318963	0.05876796369216151	-0.4530594130685348	-1.0839212229986126	-1.4362579809593736	-1.0279606071256366	-1.400913101712927	-1.2103499787338072	0.16146002176025895	0.6151732326156791	-0.16832008447684424	-0.5202587621598305	-0.37756865167426024	0.3560718160620521	0.006097433150620783	0.1300654876442814	-1.1579421449259715	1.0773255409697247	0.24379574493522774	0.37546716098994803	0.5446930902808487	1.0956141223271771	1.0465100340810591	-0.8924492992397576	0.17078135807340586	0.6029899726847254	0.06025721980728065	0.5889291459184811	-0.8937051426152339
Br1113	0.028523	0.000140697	-0.0189991	0.00473655	0.0310797	6.9	0.0113398204326345	0.966355	0.0	0.0	0.0	0.9940550492529937	0.7253912146483239	0.08497779405291885	-0.6792162478655834	0.26373594179916554	-0.18390023129715313	-0.2710214221006926	-0.3121166552194641	0.6675632496585566	-1.5346767865140194	-2.150337445188501	0.7706260811717528	1.0234697263358716	0.4809797720487008	-3.816081439776036	0.48019488139516403	-0.08528513442901729	1.003693472338692	2.236253643759629	-0.4424991096963739	-0.2813157153637133	-1.5683611833434161	-1.3364861830564585	-0.40794323006746536	0.13431966986400895	-0.20444630366998756	0.40729733063517776	0.6952682418083964	2.0070598996307476	-1.2017536910919135
Br1119	-0.00973692	-0.00531677	0.00103135	0.0123072	0.00910359	7.8	0.0177058857683912	0.97368	0.0	0.0	0.0	-0.20587218698618878	-0.01607376600000102	0.9229230085680257	-0.7302795024134572	-1.7504512006725101	0.8968482030657949	0.6026236239362883	-0.8952543393837187	-1.9508046007212392	-1.2776882515715564	-0.7415705730375011	-1.368951790318842	-0.05139866813419546	-1.093202882709775	-0.5427586552544778	-1.9846313355290224	0.047617190368197414	0.9838470579900765	0.580154428981571	0.6868037222097961	1.8325783172693064	0.24871580131642596	-0.31626628283584995	-0.29911907185108955	-0.8902146399025829	1.4465037713505702	-0.047660506994211975	-0.32068145886534666	-0.15818805481606255	-0.22609293001928535
Br1139	-0.0105834	-0.0106964	0.00129976	0.00254499	0.00984033	8.7	0.012514147662575	0.98019	0.0	0.0	1.0	-0.4674783608956388	-0.5520866613555567	1.2657438150674085	-0.17300120657719664	-0.6733980634337013	0.8140701857610276	0.7677920414509871	-0.47949922796778044	-0.3650468766291745	-0.27865037360536127	-1.1555784725217684	1.0262067317010277	-0.5169153328839551	-0.37413834520964595	0.9308344106379959	1.5034343330698667	1.4129766178656527	-0.12924700311053391	1.9263777014536045	0.13673026905046426	-1.4661619451147618	0.4757860646301129	0.3751843512472782	-0.005246933289839515	1.153353075101027	-1.288138985173633	-0.47742968596802443	1.5549559154623473	2.1589960015536844	0.5140506855149927
Br1183	-0.00811196	-0.00206009	-0.0105454	-0.00238451	0.0167652	8.9	0.0138552890615651	0.964444	0.0	0.0	1.0	-0.9464643820571874	1.178845191939456	-0.2130783523856215	0.13978139699934697	0.4179104705607817	-0.20781572159881354	0.30498674036628215	-1.0125972035785729	1.1565535720552989	-0.2525210911446626	-0.8488571546211425	1.2177289520335257	-0.05246010747370258	0.5951065758275929	0.771692807829554	0.48213727995969696	-0.5588684077025781	-0.9692493399047284	0.33291514254753124	0.16262422710373264	-1.9474687316248869	0.4654569792976011	0.6054458227113503	-0.7099556807432547	0.3046932952122789	0.6379756508028154	-1.3483011947981591	1.2470647950054663	0.6051015196332404	0.6201972524422834
Br1203	-0.0070475	-0.0086062	-0.00220672	0.00115064	-0.00315698	8.5	0.0179732303592009	0.976601	1.0	0.0	1.0	-0.03657789381199103	-0.059633008822170666	-1.1412523187342447	0.17325647043888145	1.2724100499751614	-0.10622184914516752	0.09615371650661139	-1.3019826235611212	0.3940942286764231	0.6653437883433465	-1.7824262287306896	-0.8707793127358584	0.4833104457771727	0.7480638180013022	-0.6097234660319616	0.42256577568946396	0.7567069506755266	-0.008742379477864872	0.5897101598460103	-1.2843442335210737	-0.3832522341395477	0.21273889560425577	1.1202076667643233	0.05825550598480454	-0.5274773093177139	-0.23989796151120119	1.2093847828425064	-0.604320099825791	-0.7741374772269745	0.3138932660634848
Br1214	-0.0057542	-0.00408158	-0.00297066	0.00296659	0.0246976	7.6	0.018030476868885	0.974905	1.0	0.0	0.0	0.5472233181160026	3.574929309965148	0.9783747256421373	-0.021479364288922973	-1.5125018315809875	0.9174019505517635	0.4466220434073885	0.3689539581563382	0.6110171851836415	1.2813233679234404	0.3117972833074707	-0.6883168708100976	-0.04177147119373777	1.7660600062436391	0.9287588311876502	-0.13148190386501768	-0.14496956065828195	-0.8956100337620106	-0.8190497330982199	0.25008964348158286	-0.21163130990005674	-0.8591681351529652	0.4030714224218962	0.4615230669891447	-1.508647059734403	-0.16588729132709676	0.1617953799517979	0.8506652562827449	-0.1242314603035658	0.5530226773834064
Br1243	0.111378	-0.0224393	0.114441	-0.000789926	-0.0136124	7.1	0.0170056957660938	0.968531	1.0	0.0	0.0	-0.012125371881049474	0.5161919379477178	-0.6504801830640428	-1.1355192218114805	-0.6402894912230548	-1.2214302923761367	-0.4982863103909538	-0.059479855616876326	-0.32446944267970174	1.0894563747204724	-1.6916716081799508	-0.12311591705499524	0.8390318683076129	0.44269246848389027	-0.1330582870791215	0.5507948594210501	0.16874382063254026	-0.038578775525064515	0.45140306675183406	-0.06970679142809032	0.669025763020142	-0.04093588015448844	1.0521291731737223	0.48794849417215763	0.6145286460379467	0.12012901640675094	0.26512146151255883	0.9756696968119155	0.14881939478016215	0.6128737097999082
Br1264	-0.00336777	0.00782376	0.00331385	0.00510579	-0.00373742	5.7	0.01335071421777	0.97457	0.0	0.0	0.0	1.8153153117510727	-0.2988074648492391	0.04028513364686	-0.8394242509259336	0.5315079500418677	-1.164572311668467	0.07629439809287436	0.04783925002561172	0.27817245795203444	1.3651318965264978	2.4696060146251924	0.17118596207714648	-2.0424118460293417	-0.07157246046233631	1.8645448803742153	2.0154289985880567	0.3040551748454229	-1.2040474324575932	1.3265514384573527	-0.40627456314541616	0.08717555792530046	-0.4164991003219131	1.446817592339897	-0.5011190256431504	1.0714800470222894	0.3694534322214278	0.7174544865847527	1.1593013341279328	2.1265769840877162	-1.3287458336910791
Br1271	-0.0025221	-0.00383056	0.00279581	-0.0207166	-0.0844361	7.5	0.0145888541339663	0.963911	1.0	0.0	0.0	0.3072389361056677	1.5035562451185551	-0.04369485403138388	0.5346088251012687	-0.7185968923313331	-0.26327927699556275	0.3336950639089631	-0.6375860326775837	-1.589210882196083	-2.162354942504958	0.6799094180534311	0.5922274974977745	-0.5853183217991624	0.2378511415721044	-0.4038350476912033	0.17434029390614705	-0.16581926285787985	-0.8190722857946383	0.6262315552670968	-0.6399517593555498	-0.6336936807876088	-0.01699294401281074	-0.08616210067887435	0.019219984596990154	-0.31812418837248424	-0.33123019751861243	0.3810964068767754	-0.4061271292117529	0.16692563196950966	0.8479994115407641
Br1279	-0.00183629	-0.0111445	0.00519037	0.00739412	0.0142118	6.9	0.0178987851040864	0.979363	1.0	0.0	0.0	-0.5862704851084626	-0.20977221469897903	-1.3528065222476462	-0.0886601078073014	0.3723687024564514	0.054252489134967566	-1.1006117602086725	0.9925060200058762	0.5600839478486059	-0.0024615069483881298	-0.34268012557727084	-1.9754209336649922	0.5874563641870645	0.508883260857379	0.48259745177805097	-0.5915032140316911	-0.37837490050592204	-0.7422107219177918	1.2446855375773085	2.140121011414882	-0.07547553635349263	-0.1682568976665792	-1.1346567081995393	1.5074461361292857	0.5652776163593168	0.9689545765517528	-0.36737241687645733	0.59172916778299	1.8229266760604756	1.9676322260622885
Br1288	-0.00632616	-0.00704057	-0.00655633	0.0104045	0.0216792	6.8	0.0192828301691927	0.973384	1.0	0.0	0.0	-0.34177484314622675	0.34343354109403007	-0.19872172663569243	-0.5445117053499391	-0.8362544233632907	1.2635474464049732	-0.08084845636968264	-0.27369243364265	-1.721962154259653	-1.178150103167229	0.3581744117941684	-1.6187864245908699	-0.2982936403599468	-1.3939845419484005	-0.4276693260797853	-1.5944793634953707	-0.7628559792881043	0.7225253750213348	-0.8167232115211547	-1.2444294493904182	-0.3152227251026154	1.114992993384344	-0.9939193009992016	-0.6124687364011747	-0.6254753623274789	-0.1917388682132437	0.16846601523555316	0.2474407077941047	0.5149971123423255	-1.127706912839839
Br1350	0.0148438	0.0325791	0.0137566	-0.00960337	-0.0471533	7.5	0.0163390484342118	0.976186	1.0	0.0	0.0	-0.5559021855745265	0.7645531181053037	-0.6484518204680109	-0.0074955849811993575	1.3073295090283938	-1.1649532990453721	0.40425444593443793	-1.806417411454113	-1.6964760407325552	-0.043067612762477725	0.7873769267442943	0.7081572882691852	-0.4612821094388573	0.6842347438609359	-0.8042664404169038	-0.4409852495171241	-0.04252258651131447	1.3556808517187906	-0.6712173205481522	-0.223861878830729	0.2359931855451533	1.241286826888787	-0.3448513608391105	-0.09265055924554719	0.968878115205823	0.28469014499263434	-0.3468776250609776	-0.7758231581566485	-0.15357030123345508	-1.8440487847634344
Br1356	-0.00370747	-0.00620329	0.00182919	-0.0260239	-0.0488929	7.8	0.0176912400726035	0.973036	1.0	0.0	0.0	-1.2174812765515306	-0.5774488503332746	-1.6877325976083457	-1.0260471682511096	-1.4479033573633613	0.34241987043731614	0.18740940560650451	0.8686831148074308	-0.04869674515556737	0.7979078473123306	0.7393843553823773	-0.9564263890860565	0.7489120065415108	1.2953445660497582	-0.10597857137366816	-1.539445094113316	0.6622147774088166	-0.1545216919925124	-0.5039041773396215	0.8215636348843253	-0.26789636315321685	1.2290743420458952	-0.03752727755596416	-0.24238003546922215	-0.1804240390268792	0.6600379380287799	-0.1334116418284418	-0.7906481755947787	-0.42780442101895033	0.6929974454690381
Br1370	-0.00792166	-0.00766548	0.000847336	0.013909	-0.00657697	8.3	0.0157630201908944	0.981721	1.0	0.0	1.0	1.3609547113276539	0.590874562685154	-2.4403568693486317	0.35408875269493156	-0.3302998092437561	-0.4145472248560812	-0.3391875679288142	-0.533369852323203	-0.27600054483032505	1.53481364723841	0.6892600749719116	0.8878733373043685	0.5167530250862001	0.6327995959266194	0.7329560066118748	-1.4704700804532564	-0.4395612739862855	1.212601853681503	0.22066354957433715	-0.16724747426816686	-0.6727641314928858	0.431129094936096	-0.011410283021074061	3.298526185434467	-1.156306644630271	-0.024744053998787856	0.047227140734764535	0.8140680091291533	0.18134247609207926	-1.7464203365845334
Br1378	0.0108138	0.0341691	0.00312181	0.0018491	0.0172164	7.2	0.0170286704973522	0.974472	1.0	0.0	0.0	-1.139183633762518	1.6263004744731349	-0.6027819846621773	-0.5820439273876804	-0.6616185020242206	0.7552290332131948	-1.1699114067757947	-0.15689867617110254	-1.4546402578145423	-0.31222887552026796	2.1767156466056132	-1.2699039761732365	-0.4119260053589421	-0.21578059712934827	-0.6819328802806343	-1.1593437850774044	0.5393751777423308	0.19997419642270176	0.4965977746225367	0.24260945285818017	-0.6870239952752726	-0.610631571008039	-0.2396004129788425	0.5897335891167209	-0.011497810615142365	-0.7456976443577482	0.2314734275723769	-0.7361564359391007	-0.3849444669711221	1.4369624516934576
Br1383	0.00223331	0.0225307	-0.000482741	-0.000650996	0.00309376	8.4	0.0209066803584799	0.978753	1.0	0.0	1.0	1.1777105360477649	0.924910006493552	0.16135749636240443	0.43759519463520075	-0.0330587279161404	-0.8577345141527906	-0.5601746323263873	-1.3367981766487842	0.23848425264102843	-0.6820694295243868	-0.40002577857430405	-1.5100440888352544	0.18597371919125782	-0.16054674919291742	-0.7757823103445414	1.047735606369641	-1.031393117518928	-1.2636846066825773	-0.6403532049805505	-1.4870428425176854	-0.2067298842539539	0.4037840561236029	-0.2956179338039621	0.794159605046105	0.20587626525688815	1.33074908044158	0.15865427209057037	-1.1467330156447597	0.664334950465141	0.5216298504704794
Br1389	0.00674963	0.0129297	-0.0113723	0.00224901	0.0319365	7.5	0.0203730131150031	0.968665	1.0	0.0	0.0	-1.1010200049955052	1.9578797177144478	-0.7345710500749606	-0.5393988616129614	-0.2357556029709245	-0.6363462111888923	-1.42506957851139	0.598580780055117	-0.4292676076995198	-1.1685807287617351	0.6317429297666342	0.8394245222527	-0.08472039859165806	-0.9387241847208772	-0.09492952641879483	0.21682114742161776	-0.3381228875361868	-0.470341748372526	-0.9170687851815514	-1.1175606822754562	-0.3454787524215728	0.586562270888477	0.42068584852664165	0.8904446783774178	-0.6115311372956866	0.3167692639740319	-0.6611680565216997	-1.6318979132944686	0.8621456681463776	0.12308073974300636
Br1425	-0.00921505	-0.00287673	-0.0064711	0.00871557	0.0172307	8.0	0.0140173266487157	0.979116	1.0	0.0	1.0	1.6739356385725115	2.2425717011831545	0.3836814220307654	-0.6934676126847009	0.5763733282766462	-0.4979605910855171	1.105577490628497	1.1846173593221967	-0.24194785451221282	0.07309271859705432	-0.28672289697621256	-0.0038075889312226313	-0.1365583736828334	1.4579040742264462	0.7187876082283343	0.8409605735123363	-0.7664651286365952	1.2373011564602878	0.9729518483898599	-1.2547168955396433	2.6884090821200703	1.0181676729787847	2.0440114054734644	1.1870919859854934	1.2574510978396014	-0.11186099123237567	-0.5501118751183316	-1.0452015905946026	-0.7763719182791627	0.7757448489905784
Br1458	-0.0104739	-0.00759532	-0.00728349	0.00340522	0.0102203	8.3	0.0176425327611504	0.975458	1.0	0.0	0.0	-1.1217559871359473	-0.843417897622398	-0.7017270302978306	3.7251275114889144	-1.7538735390292113	-0.1275670369438296	-0.7118325410546865	1.662247898253572	-1.9152623607554353	-0.7062646750084214	0.5439373538859534	-0.18809236554905445	0.012106891824670386	-0.8429171032570665	-0.07755640235319139	-0.1862880469034186	0.6323787558902663	1.780106276154413	0.12894773370581036	-2.624379509085162	0.19655110311801197	-1.0043172515722747	0.027872272074128387	-1.8404008120025361	-0.3310342892879271	1.690060022928277	1.2753095838320845	1.0999075678144166	0.19613336604112866	-0.21497762968147613
Br1474	0.025805	0.0335269	0.0020215	0.00476126	-0.00556602	7.0	0.019227313822871	0.980629	0.0	0.0	0.0	1.3533906995033158	0.8311260525928951	-0.7824170107828956	-0.3473596051926997	0.35608613203829037	-1.0279126827018217	-0.028943665382916244	0.5143321348253277	-1.39346764031502	-0.24188593696229144	0.04819149329318606	-0.24555282943398624	-0.06058200025638062	0.3500100077935132	0.1046111929483103	-0.03472670372212886	0.813870364377899	-1.8981582411270088	-0.04056690090075008	-0.22110407073321103	0.20461934898183254	-1.1135046394138226	-0.18374769469509764	-0.8466626963348437	0.2940363372351352	0.03708448275934088	-1.3019510014127396	0.06196750180108554	0.6535648350045876	-0.14481489037180853
Br1373	-0.0042961	-0.00308922	-0.00593422	0.000628157	0.00200793	8.0	0.0141671784954492	0.969598	0.0	1.0	0.0	-4.423465885138531e-15	2.8405427342744622e-15	6.418048997964337e-15	-2.4556277884965866e-16	-4.484087525668953e-16	-3.913152147735253e-15	8.800440336866519e-15	4.542200023525607e-16	5.723927997002521e-16	5.133610287617017e-16	-6.7302008305890474e-15	3.705865186314064e-15	4.445124352376641e-15	1.958537862050796e-15	4.054081887555041e-16	1.6307077889109318e-15	-3.718798510578349e-15	-6.9229079528435965e-15	3.6408455540999395e-16	-1.0751133446148115e-15	3.9977498373124384e-15	9.311335044410109e-15	2.2191717395629235e-15	-1.5110883311039909e-15	4.701651578136674e-15	-3.102009198024614e-16	3.4419232308612262e-15	2.1334376345973045e-15	-4.918614166670572e-15	-3.50365648677239e-15
Br1498	-0.00656618	-0.00282935	-0.0013485	0.00777073	0.0203871	7.2	0.0125143669168881	0.976549	0.0	0.0	1.0	-0.19854561790138553	-1.216560703374287	-0.6152265071658732	1.323297041932648	-2.1986838046978345	-0.007359745579224044	-0.8953026046512581	1.2043013529891082	-2.046303827765934	-0.916555668897733	0.8233176136638265	0.0924398185456996	0.5507326344035774	-0.10757406241146635	-2.1594650717697004	2.7911937016468773	1.450877325463927	-1.611722364540851	-2.5932659622902623	0.36831304834629536	-2.5219310738625773	0.7735302063311426	-0.6209061128422203	-0.45518879306851046	-1.5231465591617297	0.730337854618277	1.8726425563739422	2.4772827947862153	-1.0566283871158486	-1.0772649581049818
Br1499	0.00279159	0.0120389	0.00884062	-0.0180079	-0.0587534	7.6	0.011575923790154	0.977796	0.0	0.0	1.0	-0.19438242517295115	-0.3496898800689252	0.9458952415286839	-1.0330096160572246	-1.1309286523447122	0.20592144732971424	-0.4002777318054558	0.6194863710650347	-0.35506758171136865	-0.5289208618021723	-0.5036194094353433	-0.05913299695749987	0.33942943674951437	1.162330278724435	0.4806326607627952	2.0753403027696646	-0.24927411197036947	-0.18570169074312134	0.5581678855199991	0.054239618762564085	0.5499452875236637	0.6663680563323844	-1.0762545323777728	0.20726765977346479	-0.24204548512596327	1.0786044809239175	0.6028762454070231	0.11838424520592107	-0.2509215327261691	0.3050145969705559
Br1507	0.00177049	0.00753181	0.00203824	-0.00592466	-0.00852329	7.7	0.0149746928620634	0.975761	1.0	0.0	1.0	0.07693814236983783	3.059447928995217	0.48588113562845053	-0.31404415030192523	0.5676080075028455	0.7819206341075914	-0.030106947448931404	-0.01604965475133616	0.5598299780778926	-0.08805588248547395	0.24254988494996543	-0.3060647257580902	-0.4037947068393604	1.4224979366248687	-0.3731551607545263	0.7872871463835424	1.0714546304842734	-0.2012684943596824	0.15469862955941313	-0.80672440979767	0.2716831337759562	1.078270581942281	0.8730807838505121	0.7069924096914604	-1.811473933082607	-0.13801004284993137	-1.1015721871349056	1.2759242180696118	-0.3795255346546532	-0.14043088110923405
Br1512	-0.00606868	-0.00976509	-0.000370411	0.00575438	0.0143207	7.7	0.0187860009138392	0.971744	0.0	0.0	0.0	-0.7459497822458735	0.5762950552896088	-0.5655081702574093	-1.0272334216712564	-0.36189147878890215	-0.00184010698245099	-0.8616716679043052	0.2906495846190708	-0.13151407490840017	1.1105324484368435	0.3317114547577256	-1.1555560578070463	0.014677931474755252	0.6120125764476301	1.8406489929406384	-1.8216003511318122	1.1820309479305713	-0.08337421408737124	0.05132429179744594	0.7478131954312092	-0.773554555175742	-0.6586600788560733	0.35738263468921044	-0.5719136496720074	-0.25802659646435194	1.4639115262247067	-0.43962756819049414	-0.07815620254644129	-0.8480756602834262	0.47113184467972996
Br1524	-0.00702879	-0.0163837	-0.00283932	0.0130438	0.0144236	7.2	0.0180452189738259	0.968238	0.0	0.0	0.0	-0.7341231539144496	1.4123014678888857	-1.0674166377834338	0.1298395293872466	0.7384693740073329	0.26234933345398226	-0.5889579218467527	-0.1760744385834285	-0.6237911545583505	0.46809329722833537	-0.1807680723735967	-1.0615850244973575	0.20150693418091972	1.1532991924973977	1.0956892347432692	-0.49758298697539904	-0.4050635058644785	-0.34170281169422795	-0.3943372688343381	-0.6967498905434723	-0.36745226507755346	0.8067446271488852	-0.1540822859844419	0.7122035711046787	-0.3023330889637509	0.5117327900936641	-0.07307813096799066	0.25149964366783717	-0.2522727640384078	-0.16205719453258627
Br1529	-0.00987877	-0.0120555	-0.00402665	-0.00739077	0.000360628	7.3	0.0130273420013865	0.979373	1.0	0.0	1.0	0.8308589503825277	-0.7720326542054725	-0.031507815480150504	-1.1559072795195169	-0.023057924726573253	0.08246630863313947	0.38966057567696893	-0.39950797568142293	0.015763198047281844	-0.7503398047061537	-0.7047493638626459	-0.31537264112912966	-0.013230835212251643	0.7155074884309157	0.48235762562837114	0.44105266081099365	0.15908482251608672	1.3107370298976784	-0.2586949336283024	1.4186334808982322	1.0156073363749274	-1.8063127667281447	0.5098903349508586	0.21758096340825117	-0.7117530924411192	-0.43117113472509255	0.8102837368560967	0.0007843068177370375	-0.1542729187453165	-1.1663361801184515
Br1532	0.0108018	0.027569	0.0113864	0.00488289	-0.0422965	10.0	0.0165088375060234	0.971241	1.0	0.0	0.0	1.7272125768968272	-3.0772364759058157	-0.7626192035891983	0.5829542561158165	-0.2954689778363493	0.5303699877426071	-0.09542116440006286	-0.8415207285493634	1.0799254563033265	-0.11407400697199767	-2.502772829377988	-0.46278538667383345	0.44143385712269084	0.052456161371266095	-0.24051541620810515	0.17463772495150198	-0.5462418099127536	-0.5714430986230145	0.5037740049674789	-1.7308593263483898	-0.8693115827582604	-0.38109889158163884	1.6607261351688074	0.1917335399944177	0.8343045347282196	2.342746965684427	-0.0678448598148942	-1.0484467848730346	0.0965311924997599	0.752342878228797
Br1537	-0.0087047	0.00472467	-0.00788846	-0.00608047	0.0170674	5.4	0.0193738444188092	0.975064	0.0	0.0	0.0	0.9249473358989694	-0.15714285512470824	-1.5720801909871747	0.8948163946759539	-0.7286080206688025	0.4728488591362703	2.741041613145753	-2.153154683296365	2.828342125772236	1.3693148139963334	0.11570439820886011	2.3921348686489905	-0.6172963831894503	-2.6524906178421843	-1.3468184060096244	-0.6316140773840102	-0.9002766425520784	1.9405880516343008	0.8871688553483109	-2.7181650486974327	-0.7545035866589254	0.9138137464126439	-0.8179819544143725	1.454805295614584	0.9573829626000178	0.44489144145281423	1.2026257093806387	1.8493314103573923	-0.19094657340305143	-0.2495664323918742
Br1550	0.000114937	0.00373521	-0.00920833	0.0162725	0.00165469	7.8	0.019380410753852	0.975769	1.0	0.0	0.0	-1.217400414673383	0.9645932585620508	0.23546656739939817	-0.2754001568040846	1.5488208734799926	0.1515279981034392	-1.065001002461138	1.1548298542121747	0.6887980397951663	0.06834309260099869	-0.2400690540119647	0.46510404947240436	-0.4662384888340722	-0.40911548218808674	0.2995960258193505	1.2535446936518952	0.08271045390211178	0.14143185189560592	-0.24189485861710378	-1.0733496911673093	-0.597005718088925	1.7512291551984316	-0.6238498218414148	0.2947493560485256	0.023072882803715018	0.15980875988811458	-0.6821652894144307	0.16630716370953172	0.04274455499345361	-1.0102870020833228
Br1565	-0.00964569	-0.00779296	-0.00342662	0.00208463	0.00827292	6.8	0.0191441027592466	0.976607	1.0	0.0	0.0	-0.5780707852665434	-1.0733978351812508	0.29744060267769434	-0.6785462742410653	-0.23485806791679417	-0.1270950000673085	-0.9513645219087671	0.5157910878526396	0.9182688184686543	0.8536766945668492	-0.8789274363235599	-1.9952691587483096	0.370753975364569	0.026952835163386302	-1.2224355235165063	-0.15082634567034586	-1.637815954429676	-0.4135892198226047	-0.6600123064448816	-1.7505456672503368	-0.7154972182087361	1.8664190271489811	-0.38546478464807243	-1.4284394363483912	-0.5723873212096282	-1.176119461248079	0.8906435807384936	-1.5592465508758886	-0.26782310168292955	-1.4092937990576515
Br1568	-0.0107417	-0.000918641	-0.00501394	-0.00364583	0.0314098	6.7	0.0180185281291525	0.968816	1.0	0.0	0.0	-0.295740465963159	0.6437086291954054	-0.8422993117587578	-0.06311225828722423	-0.14496104232059054	-1.5044328481235651	-0.2797294888413068	0.7617688512192565	0.6324761151847916	0.5911046192957797	-0.9239612118811543	-0.020820649306761797	0.5925751186032275	0.2636443162042862	-0.3878309414652734	0.6051306372998535	-1.1049688320223212	0.05396447814165797	-0.1686959278826059	0.1675992902671377	0.8378404666375814	-0.5207808569609272	0.19858895670043777	0.28321133844770696	0.16810614441456712	-0.11387546013732396	-0.5131243843692563	0.8116186895624495	0.23785597953301169	0.6120113059342713
Br1580	-0.0062901	-0.00771543	-0.00229718	0.000382541	-0.0415844	7.1	0.0119486801955132	0.979604	0.0	0.0	1.0	0.23805774853269832	1.151960709289547	1.2648467179254175	1.2787778433568637	-0.8481948390053977	-1.5216031599854907	0.35196807024174054	1.7255892380991524	-1.3240662646722376	1.1768450016633534	-0.537268383254221	0.5944531904886828	0.014908448644395448	-1.0821082445633292	-0.4501827962973429	-2.2023523573242416	1.6635000836849416	-2.374018681594012	1.439249038491788	-0.27553659918714335	-0.4106402044221751	-0.7123327640215852	-0.4955078658055075	3.2672887271969255	1.0065265656559197	-1.206058029927301	-1.7254498077983869	-1.3010202506886341	0.19764728975022594	-1.1646435014375935
Br1581	-0.00367868	-0.000759603	-0.0041967	0.00305904	0.00611503	7.9	0.0179775734473644	0.967479	1.0	0.0	0.0	-0.8261162532644817	0.8847813394326636	-0.036228897908940134	-0.5780364703903452	-0.9782249020336076	0.3687737875311855	0.40573804889799137	-0.12102235581137849	0.3064773021146269	1.0450244256635308	0.28344766876992006	-1.526336709662272	0.10070929017685955	0.34255575120762277	1.4690321305249463	-0.9960737759736722	-0.7517866071189888	-0.718591924527595	-0.9104425373314872	-0.25199593677455095	-1.6169428700608155	0.2584523039098992	-0.5784833263492974	0.001995153937108354	0.9685205657643537	0.04497045632592702	0.5123729084435455	-0.45362575975313074	0.37658639195411076	-0.7042815532348564
Br1594	-0.005265	-0.0058679	0.00452883	0.00560191	0.0273897	6.5	0.0130156664125248	0.974715	1.0	0.0	1.0	0.36226445253661754	-0.8661977088965124	0.8014598816603354	-0.3888564948868438	-0.15851643137389343	-0.6337189475559084	0.15483029727504113	-0.38505791970470077	0.4412457088245972	1.4153997706112005	-1.0871110018428447	-0.3013076064427862	0.02405309807260866	1.053694297633224	-0.6817752422684852	0.40333808903528306	1.632937197742702	-1.4591142956878411	-1.1319494494206572	-0.28623769956991496	-0.3980282713777281	-0.3833043214882114	0.062271094628843005	-0.8245728865563973	0.2641192958328367	-1.0129518773360633	1.3695320976315004	0.04542473444494894	0.9856729913068928	-0.7928901140778031
Br1595	-0.00653229	-0.00537747	0.00304852	-0.0135671	-0.00571197	5.7	0.0154068603652218	0.976811	0.0	0.0	1.0	0.9969862731734315	-0.7354389421741868	-0.2854176021587027	0.38845502701100765	-0.44122029445146976	1.4491930235906891	-0.4456650006979309	-1.0625382945136643	-0.5127081338739401	0.4288826616297334	1.2690793106039984	0.6717310539239744	-0.9852903465485643	0.19286759822654273	0.5661768056763077	2.0776012491716913	0.0446420177809752	0.022391470745977693	2.528184839983506	-1.3434343138502987	0.7502418398581402	0.04218467790080631	1.9582161947897965	0.6841184001468806	0.04187921575124822	0.887431544073898	-0.27840619884408324	-0.05930209288798436	-0.921399056126946	-0.9052932591548367
Br1602	-0.00880518	-0.00691782	-0.0121864	-0.00405002	0.0250724	6.3	0.0138308969441324	0.9647	0.0	0.0	1.0	-0.482583598579076	-1.722085324317262	-0.028994610197786232	-0.5256571299486521	-0.44903791444774177	0.24823229715799888	-0.491782263051494	-0.7312024832669307	0.5397432728732338	0.05500702074592679	-0.0655192587023588	-0.5898640497773617	0.041186957736764715	0.8671594237113978	-0.053031753655246795	1.5770147640350862	0.6613119657854026	-2.3040446494643545	-1.4879157670513188	0.7115027912881576	-0.0318632384750719	0.5514979897905894	1.2074435793645673	-0.0468301281972876	-1.4683709921308894	0.9545070234013878	1.4558594225933126	0.3074953932198994	-2.265648758663291	-1.2580958835561618
Br1613	-0.00782768	-0.00125002	-0.00316177	-0.00672084	-0.00245882	7.6	0.0162837228892781	0.975849	1.0	0.0	0.0	-0.038583509497527625	-0.5134929825205861	-1.0333795452649481	-0.060667017785858625	-1.7287288644067333	0.31594761180727526	0.6578225907396825	-0.6936651140363626	-1.7183750569174938	-1.3697774365956528	-0.5819063982362165	-0.09262933185715339	-0.0438147768659301	-0.9432698876248002	0.6144826349202109	-0.11865900089938351	-0.13617730260286726	0.47957867656530734	-0.7832040036494958	-0.745404706479064	1.007745985931054	-1.4343348383442271	0.2684902551584719	0.9319280380388525	0.2978418624539738	-0.26730769839329516	0.2981754854694792	0.35407180603311983	-0.6525915446664138	-0.23329394392323957
Br1637	-0.0061812	-0.0119402	1.92902e-06	0.00297431	-0.00616043	7.9	0.0138529709806802	0.971166	1.0	0.0	1.0	-0.3659843848799974	1.0929594113496643	0.8618767433174912	-0.24803278618487865	0.43753659058161387	0.03431632828271362	1.0206422607927395	-0.9296715791341106	0.40908913420702314	-0.02382601690233485	-1.3034438651012155	-0.2250038465853078	-0.11787774771526659	0.0907157577958105	-0.0020413871992691645	0.07540411244109774	-0.5433756090108237	-0.4991764752066121	0.33802340395925984	-0.8171773358842316	-0.8474379205886062	0.20751003873273396	-1.5377996549812776	-1.5902298021037646	1.3898753150725898	1.039653948172812	0.09699756218996834	-0.021850921705520325	-0.7704292607151078	0.33465358447486604
Br1649	0.0351322	-0.0220336	0.0547889	-0.00398603	0.0268986	7.6	0.0165813550210827	0.979356	1.0	0.0	0.0	-0.971935482367061	-0.6794858879788365	-0.9065151358227953	-0.7933904104098732	-0.7599188074176555	-1.3682958025957177	-0.5258379509267891	0.32101323760978867	0.36353717142465014	0.08875088568798177	-0.751721924442916	0.8985636454971356	-0.004928242390732246	-1.1185500426385377	0.8076723365061607	0.7267445196847216	-0.11204485494836411	0.14484247029261238	0.06052646699394724	0.6714009575390592	-0.5682748125310313	-1.0178677562571035	-0.1942230433066829	-1.0205576590557734	0.16893154236201452	-0.24840623363467498	-0.09248177134743514	-0.11767048254779741	-0.46190068462043715	0.34465460384640806
Br1654	0.0435543	0.118357	0.0247752	0.00412224	0.00191821	7.6	0.0114627400105228	0.972394	1.0	0.0	0.0	-0.6507473344047987	0.6324318574242175	1.4202851670992511	-0.5066845966734191	0.3384167388145935	0.8255785704739262	-0.34139586062702354	0.07447066057094626	1.3570297539616354	-0.8164012683257018	-0.15027328970756404	1.0933329286353215	-0.7823041450800567	0.6392021769667351	-0.7245436944070501	-0.12904669632667964	-0.22497441078351577	-0.1778411445754661	-0.20011507387864316	0.07437891325937805	-0.7703855301535951	0.6086127033910665	0.4316518264652858	0.9632861312876542	0.7126123413893185	-2.4699517662145687	-0.3963647807020272	0.22030230568869127	-0.13546567608461313	-0.17197821969451277
Br1669	-0.00840988	-0.00570682	-0.00540583	0.0197856	-0.0016738	7.7	0.0117769344874143	0.976387	0.0	0.0	0.0	0.5603861534185048	-0.501939810873783	0.8715438176584944	-2.630866888703703	-0.8094198182995765	-0.2129883606155747	2.9939254362760406	2.246577957821881	0.8835026741786636	-1.3278429921134483	1.0229324084870208	-0.7267998543686228	-1.5166437024386716	1.6919020377810603	0.43503255467382246	1.3177008523760376	2.787473244069667	0.654339852958617	-0.5863677714256013	-0.7172636982432028	1.0880351398858066	0.43644299876321974	-2.2064253357317614	1.2053227762771785	-1.1934452542396128	-0.851855805054953	1.6745765957822532	-0.9635849321980836	1.3295975400393156	0.7594483110215464
Br1674	-0.00197546	0.00172823	-0.0092936	0.00238338	-0.0135381	7.8	0.0152258531680242	0.959223	1.0	0.0	0.0	-0.6318422572639012	0.24849696884554104	0.18953504074054003	-0.46010904655297546	-0.551664273521972	0.8578515863963062	0.6384830144757342	0.4004148830294054	-0.5470938225386932	-2.3861823203504002	0.5079649473139725	0.7405994686872749	-0.8844751735319373	-0.31086571991363265	-1.1676559666047366	-0.02312385159095319	0.8090771093148257	0.21971865316074168	0.32608254433674516	-0.14503296343179098	-1.3785741199247419	0.31686695603018505	0.5324039170579321	0.9216323747952088	-0.6886526352088307	0.7310636488244543	-0.1720216483811846	0.7418934972765022	0.45374484915565455	1.5253715903648972
Br1676	0.0345674	0.116775	0.0212152	-0.00246413	0.00832737	7.8	0.0109464557828216	0.980245	1.0	0.0	1.0	-0.631930487933727	-0.20206746727683456	0.5201562020712723	-1.3017509570088632	-0.23275940633747766	1.5732397331907615	0.03109796287803301	1.32744319827432	-0.22594767707116586	-1.2544225805246088	-0.981371534928448	0.6160342462654079	0.2278700922618207	-0.17736997155292553	0.6809941433205634	2.0390628716997115	-0.5592268014553622	0.2533127208080365	1.0905676716667516	-0.219782562033981	0.3443064560260425	1.2814079281430895	-0.8136622313260394	0.7269289125464546	0.1859888898043259	-0.8827660349269714	1.1625067752213873	0.3145055947646409	0.0948635271423237	0.656230843007002
Br1678	-0.0116439	-0.0164435	-0.00226446	-0.0100221	0.00862866	7.1	0.0213798635919307	0.967393	1.0	0.0	1.0	-0.5814248390691605	0.5779719096863991	-0.540510628839134	-0.8430722858738579	0.38079057954354745	-1.429176983268527	-0.585782868803209	0.4699981102106874	0.5258170648524055	0.8217655608201162	-2.2777004242802157	-1.7266465249609397	0.5801473139351718	-1.1795452663701957	1.9908416029957152	-0.28417286444240425	1.1696270571117824	1.24475420059911	-0.041000099306062486	-0.11929544755139267	0.04185173520625063	0.8552991716190123	1.269122197123191	0.08554583386183842	-0.3723050825731098	1.0600720003010051	-0.37231940726531587	1.2454621024269634	-0.3753773394406685	-0.16478837097787677
Br1682	-0.00900184	-0.00995369	-0.0027322	0.0134848	0.0189518	8.0	0.0236087091280538	0.985081	1.0	0.0	1.0	1.06641697118478	-0.0693246358053861	-0.6603434931278999	-0.9340471449538632	0.5436340778817558	-1.6886634295331744	1.6068415291873999	-0.7947397829975301	-1.1503522949057907	-0.03246499666974235	-0.1813470651727709	0.28331459514909624	-0.8801147193597707	-0.38413335247052544	-0.05401309723340431	0.1323055883402777	2.0705389958892684	-1.0550876796007336	1.5672079918905601	-1.0543024204018223	-0.22924273532723086	-0.7743055929134383	5.6052412136190164e-05	-3.088230966771833	-1.4316148376288613	0.8501871602073788	-1.2202122223058216	0.9002996870204899	-0.27095886332193747	0.8332719854368539
Br1695	0.040123	0.117119	0.0198456	-0.013088	0.00251595	7.5	0.0179278832686139	0.978855	1.0	0.0	0.0	1.2446913423770714	0.000545300903879988	-0.7513011641897093	-0.29753600493933074	0.12397745053394064	-0.2638016017222219	-1.880761347777528	0.5501816922117573	0.0918384994208104	-0.5932772462558845	0.9072233080463138	0.49456482948315117	-0.27517711077229584	-0.787084958377775	0.8036416543878191	-0.05793779481826071	-0.2831035029524801	0.34018748605945903	1.1338006080661451	0.7235432572970558	-0.3184983507954471	-0.3136667229469539	0.7804536251816573	0.853107595186194	0.023445819682116464	0.05423077216278093	-0.6212044392698484	0.8264369216914672	-0.7044670820997456	0.5925491184370263
Br1697	0.0149318	0.050957	0.00586855	0.00641724	0.025019	6.8	0.0143233690076572	0.976	1.0	0.0	0.0	-2.192145261699429	-0.4771795596663518	-1.6252274246879421	-0.31831402005837056	1.129830135292395	-0.31496150830253705	-0.9371422729470447	1.18428387785683	0.9062658462534275	-0.30910872690641344	-1.5984011299152765	-0.002396932969955877	0.9206489630978615	-0.32195775404776517	-0.10983618575954969	1.3441853270923507	-0.8178136129244229	-0.2758006693435248	0.47694555085016477	0.20010438051297766	-0.21050931717268168	1.4392004068164237	-1.0801518237081287	-0.23627933834485032	-0.03848151670095584	-1.1481172016136862	1.4266178318561273	-0.10697822646760849	-0.6544956117770958	-0.1266233543393463
Br1753	-0.00634021	-0.00332548	-0.00339388	0.00289457	-0.0488295	7.6	0.0125326451684897	0.965086	0.0	0.0	0.0	-0.6071592035543255	0.5833236035849593	1.1699856286924604	-0.5533532373479343	-0.01887523178012865	-0.41314491727453984	-0.3166603384939114	-0.17941695754705517	0.8284417122494098	-0.452208730934125	-0.04371724655753024	0.7135036683862251	-0.5635152597439367	1.068662355962029	-0.4895266624233397	-0.34772323000568134	-0.6281993318522341	-0.24187085098964725	0.009116891081661013	-0.4933595320202384	-0.6945689331805379	0.11136072895383502	0.2720745281343238	-0.2547762350221126	0.31565063456954545	-0.49817341789431646	-0.43219628357153206	-1.0015097408534266	-1.0083861154955018	1.0398874950299528
Br1842	-0.00812942	-0.000792218	-0.00380578	0.00971163	0.00611552	7.8	0.0144283998628546	0.964904	1.0	0.0	1.0	-0.8108234055528152	1.3696567517118834	-0.2581933099186764	0.28578128937594083	1.0454801915201029	1.0059829934963278	0.5202353315266391	-0.8750978654889887	-0.8779005730659869	-2.917093504238953	-0.8870091819746025	0.4171095953053507	-1.0337325512269175	-0.9311608538311583	0.710746096953773	-0.08010878836547261	1.8133506140400333	0.24427563989082912	0.29134477050101315	-0.3660176303232041	-1.753010897223819	-0.4112351814055588	1.6263023911106358	-0.5384396478513475	1.1445427502601164	0.10719125944170649	0.43322750456678105	-0.5492609603461662	0.2571573468024429	0.1320640030622347
Br1854	-0.00349129	0.000956915	-0.000533084	0.00429933	0.0114462	7.9	0.0155759508025886	0.971748	1.0	0.0	0.0	-0.6906215993012552	0.413986454817028	-1.2191422231129208	0.716538959385386	1.2298228466038783	0.963798410800178	0.470865299074011	0.05055139013244841	-0.6788013878322151	0.29722809796405486	-1.1737309998365737	-0.5492902780181947	0.5444429448290952	1.2202401484781065	0.23509564715902473	0.25046137388672973	0.42833602818617195	-0.27200836970991266	0.902617995324269	0.6464040441504992	0.35476024666837125	0.7543540706806521	0.1917381235697252	0.8391235522285009	-0.07414133850927494	1.237069342248259	0.3910745828818788	0.9356567924911441	0.3626306209952148	-0.16758835975821404
Br1859	-0.00895567	-0.00347292	0.000500568	-0.00938491	0.016294	7.5	0.016670795589881	0.97618	1.0	0.0	0.0	1.5753931643042471	1.4809837068525311	-0.5076365309386323	1.5110981700114805	2.2578973822590673	-1.250438317771557	0.19669826222551393	0.10238590568533562	-1.5068090520905886	0.09301535003406182	-1.1088282853911582	0.11038450987257539	0.34718599106966996	-1.1380754783549	1.6219128976324018	-0.18901011678266483	0.822824270325371	-0.22537749973947127	0.06758937624549093	-0.08481489188986796	0.4482783001041323	-0.20951372919518138	-0.15206826864488102	-1.049884591627247	0.9014094775510205	0.4679464135884257	0.5590019733578564	1.0402214161436718	-0.11193474628569554	-0.07766868795024469
Br1878	0.000328886	0.00200415	0.000462881	-0.00226226	-0.0133835	8.0	0.0238508558631897	0.981996	1.0	0.0	0.0	0.8118077456655632	0.40704123389994284	-0.6186094553061184	0.9277525504546442	2.1616143588251644	-0.19762806150334117	-1.3765702618647713	0.045276032965514815	-0.2007635804063918	0.002707420048271322	0.3968716155070743	-0.18006452930230624	0.01688502462273954	0.062118968616261955	0.3083884458105297	0.8764601514262013	0.25876025350472764	0.960447314368745	0.5439091149777092	0.3131503952959438	-0.6949710377733083	-0.8126326122721603	-0.7003648809920691	0.14778597952971173	-0.41399039159547635	-0.280747085098908	0.30015573437303555	1.4571656458233406	-0.3395099001043626	0.4992834331620148
Br1936	-0.000588209	0.00182801	-0.00110768	-0.00200951	0.00492184	6.9	0.0153072310958535	0.972126	1.0	0.0	0.0	0.00832896009090217	-0.6739144934404638	0.3359436778968297	-0.008267268234546049	0.43145447940019815	0.2117391130665196	0.6272236212028863	-0.48045385019607983	-0.2738453582391554	0.4093922331624643	-1.2410599218219553	-1.373330972639857	0.402141609449902	1.4685112277493302	-0.06014556942116282	0.07424807323133714	-0.15967117888521093	-0.29925775194367255	-0.9708885342450793	-0.7163550389677112	0.569210125332577	0.9963977127924254	-1.3985092258280676	-0.7490724413615338	1.60285266180068	-0.21713240926871608	0.3936283943437607	0.14320715289946595	1.0091112753019729	0.4562886747911259
Br1958	-0.00150171	0.000261064	-0.00468931	0.00155904	0.00453537	8.0	0.0145779374826393	0.98157	0.0	0.0	1.0	0.0860591166510528	0.26718342999120503	-1.9370623075867095	-1.6321256676549631	1.4065032735622265	-1.4854916538763319	4.770454559145622	2.172747268479081	-0.09213887026369827	-0.7700634429628503	3.039149534975575	-3.4104747288887762	-0.7457027894554865	-0.21608264940614302	-1.8025297178563309	1.0109874643509311	-3.2503062321605847	1.2287849188233158	-1.496278482933695	1.8316272167065795	-0.8162678573327949	-1.256226427811389	3.6362648175713903	-1.9165425362408002	1.6714167731377316	0.6514133261188392	-1.0290638222656843	-0.3172455083951985	0.9105019690098834	0.6842465432691597
Br1960	-0.00633823	-0.00287831	-0.00467153	0.00964756	-0.0240178	7.8	0.0148935407436445	0.970666	1.0	0.0	0.0	0.958911324615884	0.4546960752110988	1.0992971193155057	-0.09013076327227731	-0.17540092098197746	0.11943780710276014	0.09784715452175895	0.15447375641435337	0.7152387580119315	-0.41593112624367956	-0.7494584028872278	-0.18524940184933464	-0.6475078216644086	0.03103796932999263	0.6662217592705401	-0.25639488881794587	-0.03949562324114058	-0.12615762330217356	-0.7719407790997391	-0.194329044764735	-0.11605700403402495	-1.3954755613123146	-1.0221812365308207	0.3562720576884549	1.0187195036154504	0.23139958221893334	-1.410636098400303	1.4445682435773668	-0.6324827499827687	0.875967583640331
Br1988	-0.0074788	-0.0148369	-0.00143921	0.0039181	0.00246625	8.1	0.0169568077125109	0.971691	1.0	0.0	1.0	-0.321952025649066	0.5672625001603683	-1.8843516462835352	-0.40504465921456806	-1.3178142904465673	-0.4508273415473276	0.3998395997812025	-1.484687405492674	0.3966214283317565	0.5292926329455917	-0.830536132871366	-1.0698320735317968	0.5757496208290468	0.26397479561383996	-0.0496284151663678	-0.9382354722854528	-0.29832076471123603	-1.3900830006558227	0.808136361981101	1.3920552229139416	-1.0208558072480642	-0.7636130648861805	-0.30812856912678116	-0.01743265527772036	-1.1134184671852714	1.409375136087186	0.6920561896552955	0.015750022249553557	0.4397140678124517	0.39529022268878766
Br2001	-0.00841288	-0.00158386	-0.00370578	0.00762379	0.0246341	6.9	0.0154889561183461	0.96338	0.0	0.0	1.0	-1.5643846249066375	0.8638041540822506	0.23821874687292538	-0.9232944262248998	-0.6151549362460417	-1.2550717595261736	0.11395450404701779	0.12732165730771525	1.5252501892982826	-0.595563744122021	-1.2860911985245387	0.32241875524302405	-0.07139972505472311	-0.3364772296224816	-0.6929293979753995	0.6960067211559977	-1.1824995006521022	-0.522739577015419	0.7554910671440479	-0.8935614802045496	-0.5475162656086533	0.05675815406136665	-0.6366169787904608	0.12629105113908465	-0.2620657027598302	-0.12043008500717982	-0.783267524570639	1.9747389924757106	0.838706808920758	-0.4346356087611892
Br2009	-0.00625338	-0.00780835	-0.00984616	-0.00132578	-0.0113609	7.3	0.0168883993137552	0.967765	1.0	0.0	1.0	-2.3304610985798293	1.0064596770109375	-0.8964363470970754	-1.695308041258732	-0.40765222909950366	-1.6849268129521766	-0.399876944568945	1.2933979842694951	2.101716561426274	-0.3140463741212016	-0.3434091399518539	1.3934115842118044	-0.09352762638841781	-1.9494699055234452	0.11809933310301075	1.6378629415560237	0.2027196763008313	0.44460565241887773	1.4970586698209265	1.3778909385526699	0.6887785298696153	0.4859683894849025	0.23077367014084954	0.9404023455710783	-1.353221598153086	1.8932926214600219	-0.6729289272809094	-0.449363880314778	-1.1498221469400973	0.16635928910434905
Br2027	0.0149458	0.0548679	0.00285239	0.0131157	0.0251616	6.2	0.0202054370973082	0.96941	1.0	0.0	1.0	-0.2543838107783548	0.5488148334400342	0.6055139938849089	-0.5889120268974487	1.1005691961831348	-1.1309692554441166	-0.03306767596096114	-2.070558238008617	-0.17829620096857116	0.5076963694260201	-0.6685718361287998	-0.9006279354303429	-0.24608746568222672	0.40726194446350383	0.3444217280595234	-0.08824119710247655	-0.7408977131841014	-0.9171192641815147	0.25902419931178694	0.6560040539337122	0.6762094474128895	0.08413210353660638	-0.48301738864529264	0.34122733586182047	-0.33109819932557155	1.0504965544747944	0.344539660376892	0.6550733611754692	-0.6491267827321495	0.115042020421591
Br2044	-0.00718174	-0.00578215	-0.0110275	0.00431806	0.00636519	7.3	0.0152405469376277	0.97521	1.0	0.0	0.0	0.5210972718052723	-0.6986761016124428	0.7646897625917206	-0.45833024014297974	0.03984231193384785	0.5946187074984672	-0.35126468954934126	-0.4753255318581797	-0.06545199555009497	-0.4429060525311278	-0.11902971502337448	-0.338773093067884	-0.42959311022329155	0.8584748225930289	-1.5250392005372344	-0.5216727391629009	0.5219924254903257	1.4817536586836442	1.4340996582291503	0.27250865650755235	-0.6496512438375841	-0.4891788784326907	0.18582154421764568	-0.6789719367497509	0.7825593588971052	-1.0492191371747446	0.9146571186098674	-0.49131280523604715	-0.5698816441958481	-0.39571589815990926
Br2052	0.00469395	0.0132516	0.00162468	-0.00509067	-0.0209182	8.3	0.0174963118524111	0.959449	1.0	0.0	0.0	-0.6078571503734715	1.3017139590665838	0.2122442163382874	-0.41237896467416785	-1.109030125363101	-0.10618195027746813	0.633500174895555	-0.5536352962693357	-0.872958308664219	-0.9150815806381826	0.2891293898330143	1.1877784569205565	-0.6647562939264337	0.3695005231341809	0.030067292164006408	-0.4211546476842981	0.015380358265804634	0.35717284352406653	0.6364548924170523	-0.40795116839970763	-0.2016452833355015	0.5284761772746114	2.077826872391604	-0.7759597232593147	0.3238457084027518	0.5550262321741526	-0.02673022784322565	-0.8655526381600595	0.04775705069996959	-0.8223471977046537
Br2080	-0.00313137	0.00222314	-0.00486612	0.0167539	0.012066	7.9	0.0182633389743078	0.974301	1.0	0.0	0.0	0.15591558299808336	0.567055873647973	-0.7540610688215397	-0.08514923758308583	-0.4250552278724286	0.0774164358192985	-0.6095938696437083	-0.8816634523946204	-1.1926346722228156	-0.8031648542052757	0.09408920822947581	0.12945631014650755	-0.6283979380744114	-0.4417970146640693	-0.08437711076388506	-0.39643052321972494	0.25071052296384605	0.4541842116370413	0.6753519120865663	0.32853645281933935	-0.16913943926042987	0.25325305361065614	0.9766738612233536	0.10438710781747357	-0.5903654194017007	0.0392118673838141	-0.5481874441685689	0.630535887965735	-0.29085547064076084	0.13348794881577022
Br2084	0.0106175	0.0262213	-0.00978188	0.00677634	-0.0108623	5.4	0.0171422261561313	0.982804	1.0	0.0	0.0	0.9940385043495465	-0.57805504634522	0.0751212195582858	-0.020227467304944683	1.1485641883526558	1.9325972398411562	-0.056934947958021356	-1.6398730324715844	0.7000840104735306	-0.10446509800176933	0.5146436979257519	-0.24781045296005713	-1.0432306940657052	0.12983099603612513	1.2355871314646278	-0.10334847835142667	-0.6087239828708452	-0.12937239314736904	0.6968974924980331	0.8179740269077105	-0.40222357123926555	-1.1385936369171774	0.6214811292693164	0.38937415074994425	-0.2903529346067496	-1.130199505506858	0.8817844906983364	-0.6944316009481056	-1.3996113326487638	-0.9833441915393253
Br2242	-0.00350412	0.00128561	-0.00363399	0.00452463	-0.00427574	7.1	0.0137074287793758	0.980116	0.0	0.0	1.0	-0.9961685034998866	1.4801579762029216	-0.8275442163408494	-0.06998215231349185	-0.5068332961454628	-0.6227970907358994	-0.8801936510839016	-1.8909040107346122	-1.6721084144936078	0.5940565878220079	-0.5499145619197485	0.11627475137089223	0.6560599384105731	1.2041539716086094	1.3046531572465678	-0.6229166119336778	-2.907975416637237	1.9825109156207967	0.7680610619658687	0.6477069135874419	0.6085136356247548	-0.2948583672109111	-0.45606347059829605	-1.0021440619392388	0.8738415714048094	-1.1653388929180528	0.0516134341219358	-0.336862023833531	-0.15556845899769137	0.26207982531755997
Br2257	0.0404175	0.114386	0.0143086	0.00696835	-0.00107631	7.1	0.0115361130746569	0.970517	1.0	0.0	0.0	-0.8848728238907806	-0.7855506697571155	0.2601977802031391	3.372876344161452	-2.150854610030309	-1.0289988398225345	-0.6160637671522162	0.19031702342512063	1.213122026994867	0.8429695542335868	-0.05800791850148618	-0.9528692903349312	-0.7796712230631906	2.418729494921628	-0.2448085052587026	1.0200234684151739	1.1370792984147673	0.26073132868687304	0.06753647263635133	0.3792105314643814	0.16713960695492264	-0.03852955367329611	0.32699792725416826	-2.6207565330979286	0.843040943442587	-0.39303400643036107	-1.6505437011933681	0.9239046086589546	1.7161687540110828	-2.3713390816500337
Br2271	-0.011198	-0.0101962	-0.006392	0.0030765	0.0363559	6.9	0.0167235436790191	0.979094	1.0	0.0	1.0	0.49432349696265493	0.8190713862248236	-0.01015095914472456	0.5436691984368431	0.12924842600400518	-1.8151504802861618	-0.1737707529499318	1.286010538141123	-1.6100985683195714	0.9298062060935398	0.5825215368799544	0.24062912159152833	0.07149549912868923	-1.2939733511671534	-0.7890815631005407	-0.8979465543792765	2.0817718960738074	-3.8997642050964916	1.5526082581441927	0.8902007708298545	-2.157100809803217	-1.4940249217358514	-1.1277776430816158	1.8913990304174033	2.318195780356908	-1.3101594662038514	-0.3451354553995496	-2.367842194060735	-0.8622749706817119	-2.471937374770685
Br2285	-0.00834528	-0.0107912	-0.00194201	-0.0054032	0.00337103	7.9	0.0150863309393133	0.974937	1.0	0.0	0.0	0.46884273167324575	-0.18149020005308855	1.270002347731958	-0.43602148187751727	-0.5336905771926918	1.4955397256763625	1.2918274120293247	0.1887667426184812	1.3856307878354108	0.25958382180080297	-0.688892267858687	-0.8818683636473719	-0.5196075382029651	0.381403495959582	0.6180117608753279	-0.9267591353197121	0.07832101050285425	0.1312560473648752	0.8437294948704152	0.0887563237516478	-1.6139815214788344	-0.20690175821742435	-0.5710702476038882	-0.08676846033522749	-0.0492290371660609	1.0901600766315802	-1.0353686577891381	1.1526829752856236	0.7161593229517843	0.06047846327505392
Br2288	-0.0071224	-0.00620485	0.000795304	-0.00447222	-0.0198982	7.5	0.0169567320880112	0.97985	1.0	0.0	0.0	0.5256032906472697	-0.24596327048783095	-0.6559904045691677	-0.3327594971604822	-0.34072688337828055	0.5049439705119849	0.26004599655261385	0.07633228564475998	1.075293432870598	0.16893544680668304	0.35767822445416714	-0.5706481341151434	0.0445108132864468	1.1096820398176144	-1.3535870068689146	-0.5393814202963007	-0.9246611054328493	-0.11011672839629094	1.1603737939805367	0.2995874899291881	-0.9003293498351702	-0.5374202816857517	-1.0220187490468386	-0.2517407864267193	-0.5874122312895571	-0.6805505252058411	-0.06492294202176634	0.3555260681211817	-0.48600036208599356	0.049935068073329224
Br2292	-0.0022168	0.00221267	0.00304419	0.00976211	0.0114191	6.3	0.0161639958904939	0.978233	1.0	0.0	1.0	-1.2654415491441786	-0.8078112454222535	-1.3781850534062006	1.676114389398644	1.2111508659742312	0.010521312924292979	-0.6498230731660837	2.0913799896147207	0.6079859896473221	0.9292405437826365	-0.5178354423431114	1.80065820057422	0.9511949855754173	1.4863406259495104	-1.825846454192115	-2.17028825180769	0.24422051443214698	0.47578997084023555	0.4901021895382009	0.8206216599792765	0.061623531842014384	1.0691217082968163	0.18173416263586314	0.15246241088111903	-0.46821700515908327	0.7790235074840084	0.12060947274099769	-0.5855897440068535	-0.3486977318757428	1.076969206307276
Br2322	-0.0127437	-0.0128641	-0.00317034	0.00709652	0.0358601	7.5	0.0136216767828585	0.967898	1.0	0.0	0.0	0.6404792861528034	-0.3984347155510263	1.208164597541025	-0.321231162834496	-0.5955955446502481	-1.0538331109077348	0.7398121948496338	0.19856118370509948	-0.3384764005268891	0.9355657061278365	-1.3469026455595152	0.6665237992012026	0.2680612805425012	1.1081035023032983	0.09289954270630793	0.7409517574057342	0.785444414130361	0.5160929050710931	-0.6289420658866005	0.16505354824666116	1.4859511421330411	-0.373765056677346	-0.2611994851368438	0.5416988367176325	1.1981100962581182	1.0598935332331072	0.353798258602755	0.579284403161729	-0.5854678456048886	0.933962092166972
Br2333	0.0457535	0.0108978	0.0485055	-0.00205686	0.0352811	5.1	0.0201272861019011	0.983667	0.0	0.0	0.0	0.4655646874453168	-0.5386258245686677	-0.3642882275329066	0.1376941040052082	-0.21414265367283583	2.2442399169810288	1.486715083334415	-1.4268177670972613	1.5507373883672606	1.1724706500989865	-0.303816443348498	0.8450194291620994	-0.2174065918229082	-1.9141938804230112	-0.23840262189649206	-0.6253149792623551	-1.1291537676784544	0.706211115532456	0.0959914249480883	-0.3345796449518159	0.970441166512565	-0.5437274283744452	0.8381764343460575	-0.03515623540495279	-0.7352546647949096	-0.3570791301754334	0.3508143851232599	-0.6790596920918984	-0.5354484914686968	-0.2161330538741579
Br2343	0.0220211	0.0585969	0.00545024	0.00173522	-0.00623715	5.1	0.0213803409937995	0.977767	0.0	0.0	1.0	0.5039396808191668	1.8053524827698857	-1.7849858107484742	3.31673308623592	-2.0744255443483803	1.2757324862140607	2.720690791619551	-2.5658512088335534	1.8912207844639404	1.0057761148432494	-0.08492556578826815	0.1768168602350548	0.26627800485419073	-1.38403688319855	-1.3015612323087475	1.5399296423392306	3.5027975425177478	1.0844227998538372	-3.3484645251985747	2.3563408046358876	-0.3941210986220118	1.6412319134561217	-1.1217107206000871	0.3810792645058869	1.6909297911901486	-0.06879397885657183	-1.4163793765765438	-2.2370423305288245	-0.7381274408254708	2.993514736893078
Br2353	-0.00686926	0.000137122	-0.00552521	0.00547275	0.00531473	7.5	0.0149501743482204	0.977134	1.0	0.0	1.0	-0.47835061381003435	-1.2188201227401578	-1.6856079629413967	-0.9150779702341472	0.545893696896753	-0.5142696508073021	0.04819176691635701	-0.765815876682419	-0.1313308071449962	-1.7915857732146472	-0.42781092150419925	1.7525825457179551	-0.852144436625155	0.32642006131094864	-0.11454471849884802	0.6040888622243913	2.225497894904758	1.2895247530759517	-2.098488841012119	-0.35861384428469517	1.0562294323942052	-0.1189371963445676	2.422515742720847	-0.3083384072931631	-1.0130904516547325	-1.4387197004734207	-0.47285049237259363	1.070280476838656	-0.059073385776835526	-0.14540715599031373
Br2371	-0.010877	-0.0183166	-0.00148252	0.00898238	0.0296242	7.8	0.0156701443667393	0.977476	1.0	0.0	0.0	-0.167685045849951	0.25180493682395966	-0.139070861146163	1.6583454877004156	0.14101830143717628	-0.7931302133173396	-0.3190126246915783	-1.1831940970689947	-1.2863224336511514	0.29891021710666354	-1.5867467039566012	-0.08285817450154881	0.4604696488675137	0.7386485370053288	0.8017868055620244	0.6679318131581455	-1.2900719386811108	0.12443395130532459	-0.6690703655941491	0.9806033900522522	0.4938363397354287	1.27586434296879	1.167728716549911	-0.16917517348156816	1.0715475332331243	-0.1514584283693387	-0.5769573556642614	0.5685279885465109	0.36850340635856643	0.058228547712133455
Br2378	0.0543991	-0.0559299	0.114326	-0.00751215	0.0234577	7.7	0.0153184127914125	0.973577	1.0	0.0	1.0	0.872109006052482	-0.03968007184942012	-0.3539313958488329	0.08165490453412326	-0.7118558017240213	0.20211248106261018	-0.24740285944473436	-0.9362151700900961	-0.6493065167727404	-0.5445812063730001	1.7852078315720064	-0.5027261447408623	-0.4736030099293338	0.3187248189503597	-1.1634584472173555	-0.7168523642788284	-1.2523370340842876	-0.08436007201996015	-0.3294739192587857	0.026997747473314123	-1.0318713172809084	-0.4411707827975108	0.3822116468531178	0.6849257600303288	-0.3644867491279388	-0.4258960010396872	0.3071616720579893	-0.6451288166750854	0.9563289476682524	0.8429422595866862
Br2425	-0.0107728	-0.00865618	-0.00319766	-0.00044396	0.00524012	6.7	0.0123413059481497	0.969969	1.0	0.0	0.0	-0.2747386231034472	-1.1883336758766814	-0.6735748191662981	-0.684600708069945	0.0681488845814436	-0.9036894297093396	0.5749960953518082	-0.053595636991753924	-1.0068546455920495	0.10195982439930129	-0.6858993361276252	-0.04851702077575181	0.14010344554660661	1.3378926681217242	0.669548599699186	-0.5192884529970908	0.10244239740143553	-0.40470049514677603	-0.011782932914915997	0.5172497647177847	0.8222704797265822	1.3609373820590345	-0.10069507719869115	-0.4471930111484436	1.1348174699105937	-0.04468015900155702	0.24241203743081755	-1.7275535246683016	-0.303809672978364	0.3906292061375081
Br2454	-0.00902018	-0.00438263	-0.00438412	-0.00691478	0.00989485	6.7	0.0112535839414091	0.963951	0.0	0.0	0.0	1.1788500264581223	-0.35643026344499923	0.07744993388858494	0.15464434106261551	0.28797544712779766	-0.777737811825107	-0.40329119281190806	0.2809488894172157	-0.15894029501136228	-2.292752940102106	-0.9814023606657128	0.8644526279387069	-0.2728965183132026	-0.7877819959736433	0.02373310236026977	-1.9175613309253685	-0.27880643522629356	-0.9127923267015428	0.4430909695749936	0.13190191441240784	-0.3892562090029631	-0.7367858470275231	1.3313320159935906	0.11961137343617743	-0.5398649150452974	-0.2815133920871101	0.06147917050022189	-0.7833200978735612	0.14464338949263045	-0.2659232373311699
Br2464	-0.0105909	-0.0124654	-0.000220566	-0.00194247	-0.0029565	6.7	0.0123236812901271	0.975006	1.0	0.0	1.0	0.49648750129028063	-0.8920115731698609	-0.4171629682460464	-0.5305269264988197	1.1012048521489686	-0.4045954166495441	-1.273130954762949	-0.3519742507375212	0.8989408484802536	-0.35145194607059116	1.0016508409434215	0.29966198887106726	-1.008837404091757	1.8931745246008356	-1.1328358853473346	-1.086144252894692	1.483986799910877	-0.3474680562534775	-0.4681615837971783	-0.047133880664984765	-0.33365667480332284	-0.5531919722380377	0.03748271085983334	0.09567767020090809	0.30700659981822126	0.9277154476438624	0.13430569151047134	1.1023899227463967	-0.35195427383381345	0.3186785572512871
Br2470	-0.00461103	-0.00714756	0.000413109	-0.0079015	-0.00896283	6.1	0.0156095371714791	0.961957	0.0	0.0	1.0	1.8935183931344122	1.4512444122432453	-0.8728966191657532	0.10797916754518136	-0.22358717133833694	1.000780589363614	-1.6274343621265654	0.8323308708156222	0.8049124712785508	-2.820124684488326	-1.07296527017562	-0.7670337953444976	0.5442388186091206	0.20474409679274586	-1.7470889142885178	-0.8268591141290709	0.277557163685668	1.590180857203067	0.8351716986696164	-0.8317523111395335	0.6141329062113284	-0.6938545622423526	-0.8185033426960517	-0.9738305297652109	-1.170291209626792	-0.3014798338575361	0.3426233239301163	-1.5981823821014	1.826463640072304	0.2446146813060156
Br2474	0.0135166	0.0402383	-0.00185013	0.0160023	0.0310663	7.6	0.0182864816281805	0.980493	1.0	0.0	0.0	-1.2421052524693712	0.17675810651028467	0.996305970607621	-1.2053551387799892	-0.8524438412131599	-0.02573587194081508	-1.2529305075759527	0.2609599189524637	-0.16878767102551842	0.9635403676467755	0.23844003556441593	-0.4832307215103241	-0.1437163041892765	-2.120609731125023	0.09087088749439791	0.7483027694402359	0.8707753715992577	1.8921559681945326	0.8866027858130584	1.3750152667699689	1.0747105835255284	-1.272413337717339	-1.255141872763348	-0.691995858677005	1.774172767119865	-0.5471785705780672	-0.22774880015047363	-0.29558128918829335	-0.9414654123686238	-0.5506432366243568
Br2476	-0.00575524	-0.0064289	0.00269223	-0.0128878	-0.0874734	8.0	0.0176268872906531	0.968564	1.0	0.0	0.0	0.3525451246552999	1.2307890329751832	0.5793471344944603	-0.33943526722452794	-0.7599026587108687	-0.06673722104973774	0.9484463957170061	0.5076966478816318	1.1456009412538342	1.0099802636150046	-0.8645169119265876	-0.03543150063166264	0.04122413584263679	0.9237398924843205	-0.2085704598752101	-1.4314286610091889	-0.10949245950424491	0.7188167611356407	0.6109150798859069	0.21240341648882016	-1.053947982291622	1.0526206584055966	0.08089797473529814	-0.7706927077986346	0.22094551646598096	0.6508318423150795	-0.6837163816592441	0.702925330555454	-0.8950201944855274	-2.2083183783240155
Br2521	-0.0100673	-0.0100092	-0.00340032	0.00718409	0.00836182	7.7	0.014537950305288	0.967517	1.0	0.0	0.0	1.2405684567114097	-0.830838624038372	-0.15266624145876345	-0.20538751105237404	-0.4012139278041014	-0.6747339915615975	-0.5902079877033451	-0.3014829855968729	0.5832978928214584	0.5109400643319304	-0.7310491976319662	-0.8001658801070107	0.11036123331353642	1.2008807090175473	-1.2445719090051228	-0.23828780086571372	-0.17269548601464613	0.18078139865088017	0.07665135788426579	-0.34400888427142196	0.37879244822089714	-0.6681335552845064	0.13966967992461163	0.09191272047011886	0.5778764316296884	0.13321774122782426	0.2754594747047834	-0.9192605184753952	-0.45191952862958484	0.6204236661984482
Br2534	-0.00788522	-0.00526456	-0.0031169	-0.000282376	0.0196987	7.8	0.0188339238368308	0.962994	1.0	0.0	0.0	-1.7831789287145343	0.509321888867769	0.014988801507950228	-1.2622386604361617	-1.5558680582468873	-0.7481506437273897	0.09291479264243008	0.5974319827603936	0.7356565004603379	-0.6537153551344443	0.6385701703933941	1.7795972817792813	-0.902823543104214	-0.3264007222188336	-0.4175382618848525	-0.97111619391782	0.9381428369415158	0.6623979323506451	1.0064116632475577	0.7042144722198802	-1.4321870592915658	1.9303550220067252	2.2977506533535674	-1.1817526945241617	-0.4082489713812761	1.3962404644056527	-0.8891051209559562	-1.6045447964030968	-0.30043448247600624	-1.5341448309193402
Br2542	-0.0111496	-0.00951911	0.000971897	-0.0136482	-0.0896144	7.6	0.0131426278833719	0.963272	1.0	0.0	0.0	0.5075924866373819	0.3676644157499852	0.8516370905185304	1.1020662394345913	-0.5958891122766306	-0.5402632911777403	-0.5852266838266453	0.4391360241617459	1.6880384237244401	-0.25994021686904095	-0.2967666945473204	0.3399202264255518	-0.3220536384158738	1.3020015836581773	-0.2543334840381511	0.9954843587536034	-0.4263868026181456	-1.2350202012251938	-0.08305938719619882	-0.3513058137966044	-1.4713082324989204	-0.8730616735926897	0.42758684620695303	0.07373148795797338	0.8753873512180991	-1.3028891262618287	0.3747895717581544	0.4702203585258807	-0.401891353051393	0.79317726858468
Br2557	0.00569124	-0.014477	-0.0130201	0.00343816	0.00183343	7.2	0.0154660792088142	0.970084	1.0	0.0	0.0	-0.5277548681429047	-1.3471113711493237	0.9718430199895911	-0.36879999836797656	0.8557793865873624	-0.20676630961315348	0.6695100110891407	-1.1639496800453655	-0.5975747958295959	0.06108326422878417	-0.975004017492042	-0.7146558487993436	0.19102716915109574	1.0111945771670976	-0.3371580199571361	0.4401081999464723	0.4465259531766406	-0.9392964494638851	0.893289096813842	0.8647310722545302	0.4466702542337856	0.3731862268584092	0.31067738935599337	0.18392884324834208	0.896631820925896	-0.5517851761794558	0.9836931850066226	-0.8869073886056164	-0.37558533330330457	0.5086873250533209
Br2582	-0.00803537	-0.00927992	-0.000460034	0.00976072	0.00278209	7.3	0.0268352264023728	0.966359	1.0	0.0	0.0	0.5902227415177856	-0.4592110937752441	0.28845571748513704	-1.2615372929303081	-0.8378556792852009	-0.5562944104903522	0.7253101972618491	2.1917073792746087	-0.5027120034062262	0.8201653154124843	-0.26249955054819385	-1.1969976582785906	-0.317143598477432	0.62324368445071	-0.2888724314587086	0.4330739417669079	1.276642232504139	-0.06088333741109434	0.2673980725469917	-2.331604628856895	1.8733890733446843	-0.988541705708158	-0.09403032233979343	-0.7376627425305876	0.3443884214810046	1.2154615047433721	-0.7289556720569972	-1.0252589518023405	-0.210716686976709	-1.0823138693838021
Br5165	-0.000652274	-0.0129409	-0.00912568	0.012095	0.0115447	8.2	0.0157341899824559	0.973028	1.0	0.0	0.0	-0.33894241905482664	-0.22863274868810132	-0.2731731396447539	-0.31377216750667436	-1.077635892071563	-0.23001752356962638	-0.6507227866040867	-0.20776489245919957	-0.6871676431491166	-1.75239407492123	-0.19851784318013116	0.5145384723755697	-0.28908395471795395	-1.101489452719122	-0.023669934295939134	0.18048189295424857	-0.6962912765833991	-0.4420825015240141	-1.7133567075865628	-1.8265337839570677	-0.8755468968630744	0.5216733033043129	-0.4919694902864689	1.0345778050985517	0.11825748306124398	0.5580094216681691	0.2933407319144234	-0.23090550727618703	0.26834499483497515	0.43268282572546246
Br5182	-0.00854097	0.00034456	-0.0077846	0.0099037	0.0164669	8.3	0.0188782810652412	0.967731	1.0	0.0	0.0	-0.420197537329398	-1.1704287165985114	0.2761891432870648	0.09195613181835079	-1.1962138914718285	0.611419656785765	0.7795499373813441	-0.4777557294909395	0.29235725123576417	0.5148992814963268	-0.6987646913515057	-0.4415508320821827	-0.08621316365501942	-0.36142919425317876	0.27483199508628187	-0.6612606325764517	0.061913048948798316	-0.0859884123431652	1.0383058711676212	1.1880723815447283	0.04942456291206593	1.077510446819116	0.40017714786732467	0.8712829557871785	0.618433565679338	0.6473366500519677	-0.3503393467101071	0.8594861650873825	0.9546903304702051	-0.04705761990797117
Br5205	0.0222764	0.0528062	-0.0010186	0.00728816	-0.0139906	8.3	0.0195579922393826	0.977858	1.0	0.0	0.0	0.48312508182036645	1.4154112446755636	-0.30776263669176174	-0.6317240106701091	-0.6539088591061841	0.23863917496301318	-0.12818874366093588	-0.6322001281331611	-0.5581069281809374	1.3480117347585252	0.9641163108243549	0.23169850475106965	0.15038319826514449	0.8845850958488655	-0.7733712786018174	-0.4399335120735799	-0.17576342049563065	1.0553217998599416	0.07515294841685043	0.9550172153966854	-0.28226435806048855	-0.13227617265539782	-0.4590712656940846	-0.6594278617481704	-0.8662313684590549	0.8822558680132712	0.18273569682784083	1.1902576572236199	-0.7581483566170846	-1.6556917749480242
Br5212	-0.0075329	0.00685639	-0.000128314	0.00881407	0.00912613	8.1	0.0143040094982479	0.98178	1.0	0.0	0.0	0.32146390310890555	-0.5434196055323776	-0.6870832849706149	-0.224769967310178	-0.3275155800279659	-0.5708598690932837	-0.10496800789460835	-0.4809950727528034	0.3457574611623642	0.3624838360375075	1.249334193481108	0.011440385787248219	-0.19050084225627237	-0.04414826011170817	-1.8981090522201172	0.07224561930779944	-1.0794647635935088	0.5700863079683212	-0.3078363157524085	1.1706794013732735	-0.003492922888694135	-1.6111674088810435	-1.1215021342886258	0.5301707416459802	0.004474928357883392	-0.37147125623728255	-0.47902715807297946	0.4420150199652477	-0.4941943749234544	1.7146485335448778
Br5228	-0.00524639	0.00116074	-0.00650575	0.00839323	-0.000143569	8.1	0.017342813157435	0.966664	0.0	0.0	0.0	-0.3440875426867752	-1.2856844898921127	-1.6018017996468252	-0.37007012509021237	-1.3849039035673445	0.08465177361696914	-0.26444273243997646	-0.38370784154225174	0.7166106253604978	0.21333659405775618	-0.5845742550528085	-0.3913839533671129	0.2365033191580982	0.9991235701219138	0.1500127009224226	-0.8750460788038069	-0.11442425740546748	-0.7483961271258318	0.08764338918252458	0.11883672828990538	-0.6651684168097809	-1.1314988793979135	1.008471727333237	0.40013673021071783	-0.7769907845062406	-0.7481662494591067	-0.04833050411326424	0.20235789289915276	-0.3218466925784566	1.4797795512844654
Br5235	0.0153548	0.030505	-0.0031506	0.00794358	0.0148172	6.9	0.0161470086762376	0.978956	1.0	0.0	0.0	0.9845690036036289	-1.2823900921766016	0.617224481331735	-0.5405836342204573	0.9863442598922917	-0.6190590162414673	-0.5507393650797221	-1.5880550237873092	-0.4410758360817601	-0.6298733840573763	0.4190678856681475	-0.14541790852438646	-0.6167807049379675	0.2675627697542202	1.352196090321873	0.027709888362775253	-1.0633327796047574	-0.5727559100798192	-1.647694297173995	0.4441778830332477	-0.1863397382044055	0.620826389737301	0.287813355083533	-0.025320145345261304	0.1470275741579278	-0.08479823314351692	0.7515579733897922	-1.1868373522345044	-0.8314400414593358	-0.3466296771717489
Br5250	-0.00429129	-0.00313014	-0.00568222	0.00381527	0.0142132	7.4	0.0126886263904547	0.973651	1.0	0.0	0.0	0.3984132875449028	-1.2425713694240679	1.0611437914635815	0.5360556515629343	-1.6510532750420581	-0.28525260535171004	-0.42942086595648976	-0.6511409321378259	-2.3880137647745405	-0.7768008907739117	0.10362209091507779	1.1708511984160768	-0.22474982171723915	0.7795793916665341	-0.9364800149019078	1.4874614350108937	-0.16065515530559496	1.0868725684019382	0.3551300311603435	0.5688680222312186	1.1799930784561936	-0.17272416053075526	0.7209348338796896	0.6511776094798655	0.37627263530804234	0.12089029067151504	0.5359335822337035	0.0766045844654051	-0.9918632015294925	-0.46545088758338476
Br5262	-0.00811871	-0.00401826	-0.00449718	0.00911132	-0.0142214	7.0	0.0170820457941688	0.968725	1.0	0.0	0.0	0.40232439281057053	-0.5662415951137377	-0.13885109185928218	-0.006171764007545074	-1.0119955026719427	1.292991729744998	0.3495338631438676	0.571275248983506	-0.8516870102197392	-3.51658043797025	-1.425126262532234	-0.5333679843712646	-0.5926109393062152	-1.6157335285389052	1.095980838414784	-0.7941531407311162	0.2286429118039327	0.2105839205748719	-0.5920826481763003	0.021135852119296916	1.1497239311876994	-0.6257841107502018	0.5600654617035237	2.0253550685961716	0.26829541428009124	0.580113371784524	-1.0787778812446724	0.6522517208350018	0.0010573831854085406	0.45241298528312357
Br5280	-0.0117965	-0.0106602	0.00309456	-0.0140327	0.0238785	8.1	0.0168925787875655	0.979688	0.0	0.0	0.0	-1.3551384795914014	-1.0191652817281827	-0.49122197849721216	-1.0909583976176478	-1.0416654206437095	-0.9854120046373329	-0.7092944183207737	0.8355198618920295	0.0159629628126807	0.3329231888005148	0.31075025411681767	-0.3089163133324183	0.34196401599455134	-0.5091120378250004	-0.001264935871409048	-0.6153601560029797	0.003219539706931392	-0.11175820863018461	0.20497494738174948	0.2978338063038726	0.03838173624931353	-0.8128706648971792	-0.854725091601496	0.08344547971329506	0.33879466352114856	-0.34073004532504986	-0.30642163872078043	-0.030697892090842283	-0.37125279320380283	1.4267097531268842
Br5287	-0.00157739	-0.015026	-0.00724743	0.00390475	0.0282955	8.2	0.0123462994477734	0.974241	1.0	0.0	0.0	1.8026634762972154	1.4625281007581434	0.1416692137175789	0.7918859067504929	-0.028809652688593524	-0.8752656031452425	-0.5913538165950253	-0.46750517317530604	0.09775781076124833	-1.201893334923338	0.13500804086126533	0.611806466256453	-0.18361242403099984	-0.8502175413800154	0.49300625152762145	0.9401959570321486	-0.38539467643607117	-0.6532246602616089	-0.7433240881715628	0.4199153112393243	-1.5776303236933489	0.8245632839998468	-0.15587052145751767	-0.07509502375771648	-0.22700682712077105	-0.0062479486998573384	-0.08498386626146087	-0.4163147915222483	-0.6125884250415167	0.7736132439987309
Br5292	-0.00969462	-0.00325906	0.000521661	0.00553349	-0.00602412	8.3	0.0148698886966774	0.979672	1.0	0.0	0.0	0.31912334324291	1.2914263988229824	0.6609742977020979	0.396170287103116	0.00328812869366314	0.09815678250811696	-0.5599787257770333	-0.42954528085930954	0.5540237883670324	0.10911719652182454	0.04431745281338685	0.7511428346663679	-0.3718006745281181	0.8093550976164311	-1.3181066813700484	0.1787899093247213	0.11729990424569901	0.909204189571179	-0.8601745181255415	-0.675188716709765	-0.5872076442438138	-1.0396106600290083	-0.2793419103806884	-0.708498898244862	0.14371419200976404	0.8695840796639971	-1.041624706338034	-0.7863808377819046	-0.5511930317191949	0.4164774999742109
Br5314	-0.00743082	-0.00838273	-0.00756508	0.00543373	0.0153334	8.0	0.0095142413272255	0.966358	0.0	0.0	0.0	-0.9868034137099777	0.027837304023890935	0.6253008354377881	-0.43863592584712935	0.6366743444641758	-1.8975126942247	0.7301398639612983	-1.6156684688330039	-0.40206431237931084	0.9620336535138666	-0.8364646705451126	0.8514749100699208	-0.008130062244815339	0.20896564420724095	-0.0394242203906837	0.23772164978573462	-0.930904669063341	-0.4412137999551875	0.15807245438906145	-0.0409040832271047	1.4866553856106413	0.6500867879194548	0.5967409650572802	0.4435444902084637	0.1971332167054405	1.0349949864069588	0.356352544850707	-1.0460655265346124	-0.8339907257035237	0.5695847133983083
Br1245	0.0307813	0.0709653	-0.000560425	0.00703378	0.00895545	7.9	0.0096854103326055	0.961977	1.0	0.0	1.0	-2.0243394609166834	-0.36962556915490147	-0.3672277291201314	4.08924830802521	-0.6897787174463871	-2.474593314075686	2.4995427982432448	0.8861775612047106	2.082569188103636	-1.1662533514668505	0.9335825476702869	-2.741702624304598	-1.8143080984999087	-0.9750141324481517	2.6202774365269406	-2.3340373075887437	-0.18051690233096246	0.0694328901148824	2.3372030818723477	-1.4489333277934062	0.7942684413645207	-0.5158910251100088	-0.539383600141084	-0.8357302680963509	-0.5629390144914169	-1.7819933207454313	2.525134304942096	-0.8714084973855332	-1.3777053941256958	1.0078549800708554
Br1684	0.0414601	0.121613	0.0220622	0.00616431	-0.0183262	8.4	0.0145906216550518	0.952375	0.0	0.0	1.0	0.4680657198321929	-0.6842254867275462	-0.4582083743904275	-1.4846703270410049	-0.4009036884217254	0.39860537427928655	-0.6457605058977123	-0.8580535235722291	-0.1478087645273681	-0.8925788681751784	0.16450117746254334	-0.10693638628652695	-0.10032603070777922	0.6638512368683547	1.0322905897313066	-1.9772448417463422	-0.2228529124567072	-0.0032762812971408755	-0.33494986173595476	1.026971492938847	-0.21240396623218935	-0.024209570004241274	0.017231131369572588	0.18347606997491508	0.38717330425488666	0.48255272716461567	0.9436412797748535	-0.5149306470378757	0.33214921760040594	0.4333833637817899
Br1648	-0.00725998	-0.00526728	-0.00650757	-0.000384917	0.0248883	6.4	0.0120642712227766	0.950396	0.0	0.0	1.0	0.8399532748963426	-0.28563978092253045	0.08013721987958468	1.4985543291639092	-1.3563981715154128	2.0045327548086194	0.05174314489572587	2.2299796689917852	-0.42618155617401904	0.9665852647019519	-0.718313628574016	-0.7808373029930809	1.467436542633327	0.40447099477823745	0.3991656383725107	2.8908908234015716	-1.2840764299981333	1.4516196834716326	0.17988860871746132	-0.3321555156527448	-0.6119666138698788	-3.122343852150429	-0.38010924277482866	-0.017356025742898427	0.26619032140883286	0.8709086669460017	-2.1900005163605165	-3.1917307545473728	-2.2413422982526	-2.0074540120634032
Br1033	-0.00277948	0.00388058	0.00143316	-0.0130773	-0.0431083	8.1	0.015158974331998	0.956475	0.0	0.0	0.0	0.03236202540691595	-0.6104654991492009	1.4040393316494655	0.2591175757097902	1.9603781575121033	-2.0040405709167053	-0.9287499541896794	-0.24115818119545931	-1.637298615645741	2.0549469274758607	-1.0834803659461436	-2.733776564120668	0.6851238953895069	-0.2538814085061205	0.35019365428369126	1.475251635815613	1.524581120572094	3.551768725879714	-1.3769069618057825	-1.4388919405901608	-2.6982685047396076	-0.19221932532872707	0.16647448140629548	2.2554516589693803	-2.205831823510134	-1.5333486913765821	-0.40275557945424806	-1.0524936554263231	0.23430952310395337	1.2368814003251667
Br1646	0.0152642	0.0583817	0.00736855	-0.0012189	-0.0125958	7.9	0.0038898584436456	0.956618	1.0	0.0	1.0	-0.25708620686839384	0.5551621977160287	0.9702454927639856	0.9256593680287171	-0.6455935232932222	-0.03905067128461615	-0.4713621864157399	0.17951566286717596	-0.1669724827106962	0.7036755456403085	0.033131749062938164	0.42302437558470174	0.20042912536767396	-1.0147757533459196	-1.414305817598044	0.07966445115054673	-2.034809718738005	-1.6076728148619632	-1.7811630970962096	2.155570329706646	0.34529091646323934	-2.114607686360109	-0.11325600692329128	-0.8210728546571375	-1.248581823636052	3.4505323691372904	1.5719509669068306	1.2323339746822823	1.506739068607096	-0.6858516660425696
Br1204	-0.00654461	-0.00146344	-0.00294056	0.00556689	0.0189882	8.6	0.0182535461276176	0.967906	1.0	0.0	0.0	-0.8951326808164877	-0.8368141594155195	-0.11132996024466317	0.09574546391088595	0.5001007056634075	0.5965059715895241	0.35309243605921875	-0.5872818800508322	-0.5094197411903413	0.2555463416103698	0.17184054487152997	0.5113520696754211	0.34712896793035214	-0.19628725378656417	-0.6302258519445499	-0.06954861001320457	-0.17319596388038805	0.08319579113750458	-0.7508563750516877	0.34508245083843675	1.2264480340874424	0.47951034751113863	-0.6862113861820548	-0.17859833234280473	-0.625010257413428	-0.5984050784670123	1.1360896278779193	-1.7686557441947466	0.7677180992153294	-0.7535256825943315
Br1225	0.0427852	0.123787	0.0132043	-0.0104652	0.0134177	8.5	0.0166810935023873	0.961589	1.0	0.0	0.0	2.010747363273245	0.349333610872612	0.24933816595985822	-0.6194905549344881	1.198777588683294	-1.0261852267711928	0.5300416691484214	0.42351185915191936	-0.4330702706859168	-0.32403515632426877	1.9958851726359754	1.2257873624553108	-0.7352283763633773	0.6346343012824666	1.3362227141481942	-0.025766841585130318	0.39537018836305715	1.1845145494061105	0.6235084264715514	-0.15496151810346795	0.4678426847039871	0.3964142770805368	-1.9980272776648762	-0.02373410944313684	1.2157548447345525	2.109825036741463	-0.7080255640486012	-0.4492374544180278	1.3160482058127896	-1.6889829428588856
Br1436	0.0331909	-0.0183912	0.0452915	0.00386032	0.017334	8.9	0.0124548773110021	0.96174	1.0	0.0	1.0	2.8047212459387802	0.13545790641711586	-2.8415632187037816	-0.519411355334295	-0.10009475128532036	-0.5716864984626029	2.3818115754602043	1.6494855253539142	-0.5582979003781022	-0.25194136208834617	0.9816304922730623	0.05390145757679415	1.0942175131596492	0.3791258718951646	0.8899605824616229	1.0431794560139824	-0.4352425030908799	-0.3119163965970105	0.1982828383657528	-0.04192369713858585	0.7180894386331805	2.422021139389057	-3.382644456907839	-0.3691846568935167	-1.3430828854037304	-0.17136767932821345	-1.0781253687123153	-0.13547613638670403	-0.6435754785695715	-0.4430717929012511
Br1858	-0.00514259	-0.00792972	-0.00044362	0.00406197	0.00415053	8.7	0.0198252996218421	0.964447	1.0	0.0	0.0	-1.198644466541682	1.6270076195165064	0.728255626681867	1.0714927298509112	0.5844231537055212	0.3691792897324911	0.8702982925061752	-0.4008878926646762	0.5852204005501003	0.22602306675105	0.22316400079391127	1.8008831387572195	-0.33470989198960466	1.0658193374430194	-0.11760171489151496	1.5611622361703146	0.40148141961845424	-0.7030836095337771	-0.6076876466862323	0.06425054766971124	-0.19536114576427752	-0.02929949707019125	-0.25464027949487517	0.5659466267387852	-0.13147698457372622	0.5431138279046184	0.8584690904483399	-1.9321389298108735	1.365224635264844	-0.49430405406044287
Br1879	0.0211129	0.0615881	0.00616487	-0.00972775	-0.0386925	8.8	0.0298506090990161	0.980946	0.0	0.0	0.0	-0.6073589027726986	-0.5646501580569349	0.45249696790152244	1.2329384654592057	0.6391395923588655	1.4321058299089526	1.278179753979946	0.8093483758997757	-0.15459143873214112	-0.8736359715585255	-1.3577157199916523	0.18159854021816754	0.8642876728733797	-0.21651013638739763	0.7549900701645407	-0.2216542819135275	-0.959888753797806	-3.116908617352717	-0.9322124367887369	-0.5142181324879755	2.1688937842828304	-1.7315392978289477	-0.6324331068145386	0.09943408966757841	0.00036976196948019304	1.7672491418593848	-1.0368108727703116	-1.8120466773572437	0.6350664777460325	0.22031380926842245
Br1875	-0.0067023	-0.0122286	-0.00400773	0.000719431	0.0322261	9.1	0.015028534778854	0.959522	0.0	0.0	0.0	-1.3305222929852545	0.24775254623834278	-1.4396200419868652	0.3498378366319555	1.1329502276732601	1.0637222423287578	0.15420654091779895	-0.45792797641164007	-0.3435552182012581	0.710099833199342	1.5850088023467566	0.7712682255178216	0.1724123697220062	0.8306674639322068	0.09586533872085581	0.48304247111715815	-0.05549319681875976	-0.7214431728462025	0.5642605372975055	-0.061897680719847116	-0.40169502947642666	-0.14195990117530735	0.23398582888702835	-0.25031117254948315	-0.9030578095266992	-1.799024325776048	-0.6995054044512358	-0.6811645367273497	-1.5349328706451928	0.4659779584199213
Br1857	-0.00976009	-0.0140963	0.00143151	0.00573641	0.0141824	9.7	0.0288783477596716	0.965089	0.0	0.0	0.0	-0.3791920767163795	0.021259990111416518	2.0456497033301724	0.7947481588483861	0.6814810261273038	0.4974435864607242	1.3514494817315184	-0.21857565883642768	1.1406795936471592	0.0029994219516518905	-0.05910663402101542	1.2727471115962554	-0.22510376260820344	0.7865365771365702	1.4167928038929039	-0.3429999303454551	0.09343435909266379	0.06915047624016166	-0.06174484794809405	0.2538130048067175	-0.7241507659918216	-0.6435505333344466	-1.1368337064683045	0.7464476166982862	-0.5422744050623436	0.795206364351783	1.5933698897083175	1.7187855948293835	-0.7928609559220284	-1.2007994770840202
Br1881	-0.00610448	-0.00717556	0.00417486	-0.0101107	-0.0385257	9.6	0.021755518600421	0.956443	1.0	0.0	0.0	-1.2505085518768655	-0.9241920377658556	-2.4713397138240687	1.014626530975268	-0.13028707333534395	-0.6491981234469907	1.9907431141171539	-0.8289844160280507	-0.3153863573091048	-0.18247404820331609	-0.20879116818056126	1.6208889974174796	0.6500868754767939	0.9531374487470259	0.9953733687334312	1.2894046604114149	0.06229372339497551	-0.17233819333393233	1.158753716074276	0.49228538193269317	0.1248759534239121	-1.0694365070806913	-1.2944569776198058	1.2918981014210156	0.6494331396364904	0.32034954758649026	2.456259945546694	0.11815242871634955	1.1449912466310113	0.6315076603333741
Br1427	0.0414255	0.0461156	-0.0125143	-0.00554631	-0.00837824	9.0	0.0130582233372547	0.951226	1.0	0.0	1.0	-0.22981849872883042	-0.519832449779248	-0.53684629281113	-1.780516161491542	-0.3868374054184577	1.8985843881292188	0.34378229396034077	-0.8567982922990744	0.4809661643624203	0.5146334371594644	1.2610027003398572	-0.6819313916601494	0.36441887998361744	-0.35257437077100745	0.38190722512980974	-0.35517311363592124	0.7838845974729542	-0.35518993628685286	-0.8948044676706499	0.8495098903856597	-0.21288569077511588	-1.043838535671828	0.057903561629643725	0.7696261018272799	1.2470115959221624	-0.5343979039127565	0.7434718491470428	1.636120209014203	-0.48618249822729454	-0.5895532084305749
Br1670	-0.00390631	0.00819381	-0.00515225	0.00806145	0.00610251	8.8	0.0273686549234629	0.978772	0.0	0.0	0.0	-1.8165579958628277	-0.27005674706863275	-0.8758576161484961	-0.15993987363037598	1.6612058581954992	-0.9313381616903831	-1.2905135297910233	0.41924467539994076	0.5582470991658383	-0.019952707259610823	0.5837483273463319	1.4075392278939862	-0.06867181723031526	-0.23513924453899726	0.04039040239479361	1.2974561547257863	-0.11899706293359137	1.273791122417412	-0.6166107299481419	-0.925742147179158	-0.5208087587837957	-1.3189325648352428	-1.6543990774705462	0.030976665797704243	0.0755603833310194	-0.32404359513336467	0.6584963000904872	-0.37083035132136694	-0.06814927388762557	-0.6315450677584812
Br1860	-0.00512064	-0.00146779	-0.00131462	0.0036966	0.0125165	9.0	0.0210596929078498	0.959329	1.0	0.0	0.0	-0.6459499330309638	1.722623828358225	-1.1682820663586242	0.7008698535039198	-0.33395571023221804	0.3688057691270485	0.6492475324519578	-0.5133045335038396	-0.7412837250579865	1.0950490500347667	1.4550480670321542	1.2766094200448743	0.043495868127152566	1.6494392217440852	1.0460922781205744	0.48119571925860244	-0.15753028214461792	0.5289124275797807	-1.0510382467356194	-0.8150157798884033	-0.3495365892313157	-1.4003862996043126	0.8642544302758989	-0.1559328288289336	-0.7469638438881395	-0.8972289277084882	2.31030787046363	-0.7404953581446697	0.6895906402699319	-1.1536065888542328
Br1339	-0.00553373	-0.00346311	-0.0019399	-0.00514697	-0.0392255	7.4	0.009815609402133	0.957216	0.0	0.0	1.0	1.720137016716777	1.3078013251971112	0.570715270947155	0.05128896856312448	0.804429497354857	-1.31203033094168	-1.3837472989493085	0.2161860908694045	1.5939193681030432	-0.47874075406323935	-0.7681641231971329	-0.5905168975774344	0.1788452897590425	-1.1424457714358356	1.8542915408851466	-0.6208304853928597	-0.8574314434098274	0.5157342287182263	-1.7438539394770205	0.058504452968572866	0.3263873777261541	0.39931681780380385	-0.48466681760983105	0.6951149761503369	0.835699768983739	0.35808170434744097	0.5435672202974818	0.9721883488192687	-0.030115337903764687	-0.18873589601778348
Br1416	-0.00224336	-0.0176825	0.0179161	0.0043151	0.00670616	8.8	0.0199530655065122	0.969907	1.0	0.0	1.0	0.5980521497464227	0.008238170546197509	-0.21350757612335453	-0.44947157002472743	0.18794303095962542	-0.42147166868351255	-0.4531674839044679	0.11457023030809226	1.2618769485398895	-0.2528507604900555	0.4497510520400398	0.41181028306842665	-0.4595809830251714	-0.5943652733819592	0.34790368191477034	0.3097678100437388	-0.21245650677055478	0.285069020771547	-0.7134071938738324	-0.40018976055315186	-0.27453636483550764	-1.5217321586602561	0.8830212583479896	-0.9671942040663983	-0.25020463822117717	-0.8968777918870517	0.5706446155255263	-0.2737672917988469	-1.3883275438688174	-0.43439652572609083
Br1463	0.000383558	0.000660291	0.00747535	-0.0150438	-0.0482197	8.7	0.0269219261535954	0.971752	1.0	0.0	0.0	0.9621599646257125	-0.5558053542877835	1.9916920633435125	0.45346381207679576	-1.2310742222909934	-0.2662042799027562	-0.014150890905035182	-0.15703535749826147	0.4395433311108727	-0.4864616806766189	1.0709603850569598	0.17066617887991692	-0.6151962361859824	0.5082025738800438	-0.5829436277041118	-0.35108387986791567	0.5265176229569168	-1.2082080632701022	-0.33992299041925295	0.9105110016629564	0.830085928079305	0.11301578524607554	1.4373403891114866	-0.6234121735038058	0.44164660303547676	-1.5536479889000938	0.44650179309025617	0.8148982584674003	-0.21758304152588756	0.8975099330707696
Br1016	-0.00206243	0.0162247	0.00450021	0.0101257	-0.011593	8.3	0.0256421855557949	0.957028	1.0	0.0	1.0	-0.5835600672323191	-0.8044277049106846	-0.0828516743521313	-0.43496365246213947	1.527227144314424	-1.0322241973402089	-1.3753305570656351	-0.06351271886544788	0.2825377940714259	0.3586166374440222	2.6541391593951533	-0.8199330670149413	-0.5539116579780436	0.24557177005577085	-2.817514188846611	0.8028760067316643	0.5389051433942432	0.9737354111408759	1.5236705980841454	-0.7518968425425746	0.15575495952901453	-1.0883756594046516	-1.1507979322268658	0.5123573000151098	0.8929503028524797	0.15438901728878673	1.163570556584005	0.07812622522436262	0.0795146406554453	2.495639060093541
Br1761	-0.0123834	-0.00858101	-0.00516544	0.00998654	0.013703	8.8	0.0297356449377657	0.969274	1.0	0.0	0.0	0.9513795636872672	0.2918193882583893	1.0753521977138083	0.5323119293286136	-1.261478615999125	-1.6488051177565244	0.39937820781317607	-0.279786836855581	1.0244367820461147	-0.891743894110115	-0.9702412485418273	0.7018024953019606	0.04431495958359983	0.7028563907404162	-0.1029663269411666	0.3162163864272425	-2.203053667043666	0.18731652258022485	-1.2398327991413731	3.45586098421739	0.4715108507553696	-1.3772022453337152	0.01750045065773985	-0.13759128145384808	-1.6036559766601035	-2.1460295404916883	-1.2298135476522962	-0.6808342598022127	1.6366191324567865	-1.9295763455830268
Br1453	0.0459176	-0.02111	0.0365122	-0.010139	0.0210855	7.2	0.0151964137891742	0.98067	0.0	0.0	1.0	-1.4800347051986442	-0.5702910396743461	2.352451265563341	3.0626405499437133	-0.04875241927012465	-1.4372151716450847	-0.5682601865959198	0.42955111450550804	0.5655579545304399	-1.0994520872979427	1.9003194916031294	-1.188227440562628	-1.0569292824136645	1.5261607306338187	0.6933000117622989	-0.9015604869457009	0.09658221215499867	0.7930280978669066	-0.3553119658663018	-1.3169076195318083	0.728133134512435	1.117538605349503	-0.26158395843214804	0.5518310081244583	-1.6010804710877098	0.7266614503173794	-1.1266839134296107	0.9125238437497482	-0.47149523258312426	-0.3981596882917946
Br1848	-0.00195757	-0.0127504	-0.00131274	0.0011376	0.0199744	8.5	0.0130404322008513	0.97395	1.0	0.0	0.0	-0.8566234688312333	-1.4578870073046275	0.3561467872885667	2.2686892460446617	2.167285506388882	-0.2962280569059579	0.024574515055144328	-0.3421762995095206	0.5293559484563787	-0.5765829687408522	0.438898675925031	0.8524141964042236	-0.6334318293604805	0.03980585930815542	-1.2573566242281562	-0.5973763715079976	0.14701394226189785	-0.412489263804666	-0.48433373852351436	0.8329711771401587	1.7225679739436792	-0.12933593459213782	-0.33813332470200186	2.0612177353649144	1.3987333328135962	-0.6001762092888906	-1.2527641215489225	-0.6429196360085538	1.8674223982590286	0.003476579896909212
Br0922	5.32662e-05	-0.0108955	0.00516521	-0.0139156	-0.131564	8.0	0.0080766536644319	0.973094	1.0	0.0	0.0	-1.255962719216673	-0.1538399871084096	-0.7471752899898854	-0.5203155354211554	-0.8584041810877722	-1.320507214476016	-0.8992708279201101	0.10065656665053542	0.5396242563195043	1.5224975927042275	0.8505982192583634	1.331016886856611	-0.3934106631524714	-3.3739438683751457	0.8058206521774761	1.311621340167353	0.7971606036294282	0.6313676396057794	-1.3750751192154278	1.187653850580056	3.1067185037201583	0.17196848510970156	-0.2136775479734676	0.15597271392220483	-1.0111492776583677	0.954670164965007	0.5741291085190917	-1.4029078316092893	1.5643259683082789	-0.6091089292576389
Br1351	-0.000892231	0.0130397	0.000605854	0.00646933	-0.0069053	8.7	0.0121925585424846	0.956713	1.0	0.0	0.0	0.244412404841366	-2.1873416155825574	-1.0710289982465953	-0.3972462379373144	-0.01626645855682242	-1.354629251890242	1.6624292187285332	-0.8431799044069568	-0.36553284777873396	0.11259831823680597	0.23548118443263838	1.1759105906289127	-0.3997994751310752	-1.588293634265178	0.029703437849473522	0.9934613211549768	-1.9015321746771847	-2.629890804129955	0.1605079276664896	-1.3134244099299035	0.8490793894654963	1.9383605098966337	-0.7164372873114565	-1.1150489355347102	-1.4727409716078415	-2.0799935711460615	-3.358122084308041	1.0204848335437302	-1.9920323825607045	0.07987407948604502
Br1738	-0.00632811	-0.00742208	-0.00700208	0.0051219	0.00920619	7.6	0.0078610969080527	0.975582	1.0	0.0	1.0	-1.0380143493799758	-1.7206475942205885	0.8008391316868284	2.7610033296571537	-0.3587727653648608	-1.2285745172065516	-0.383850909712512	0.07537522332600018	1.4735023154751872	-0.6450184142765336	0.8583797638461036	-0.4597790433902137	-1.3663663674646807	1.449956116710716	1.0567630549412943	-0.765036565750491	-0.649812409385263	1.4208485297582685	0.37310533715329375	-0.07237811926142254	0.8002475615001133	-0.1887018599786218	0.7862012212133065	0.8632193205016205	-1.5972530679855963	1.012187787170206	-1.2501299676318587	-0.21932987138160046	-0.1664324790793897	-0.1739868793072246
Br1610	0.0976564	-0.0711307	0.17099	0.00104482	0.0323574	8.3	0.0200502256429457	0.972335	1.0	0.0	1.0	-0.7998881894117504	0.16653477537669165	1.5750847488479518	0.20248027560973741	1.1382288295778387	1.0920410076165579	-0.01724937190646672	0.37057304886989456	0.09273014870523394	-0.6028023131444045	-0.6111074600326147	0.33516759700812493	-0.3625095300505716	-0.616226744097658	0.30962038922431506	-0.12187763142507826	0.8619771449650887	-0.049104674375139865	-0.19964597555737346	0.07931618890802138	-0.38839970640577043	-0.2107168440263607	-0.16833787707174286	-0.4338750395155439	0.6618591425877169	0.2987384114890826	0.2027741182683279	-0.4975494425075662	-0.4041636502921035	-0.8767690218259325
Br1856	-0.010476	-0.010637	-0.00870686	0.0058954	0.00992486	9.1	0.0074978305189819	0.973967	0.0	0.0	0.0	-0.6309716067920005	1.4021739085343208	0.8102621724676117	0.1170197631256007	1.2828577240456849	2.3423838082008954	-0.3759634069492066	-0.16485338165188715	1.2351126187167807	2.404877245927477	0.5910085009612387	-0.22967934547075256	-0.31528571441640285	-1.4063170687869926	-1.8519068391459248	-0.10002471759584158	0.9931391419315704	-1.325365869833582	2.2894400609053274	0.45862251056726716	2.0362170475103767	0.8023827038786128	1.6513415122169781	-1.3894339001901002	-0.43874639950635047	1.098248156642062	0.8749654258674616	-1.566547337338549	0.3754891505793068	-0.21536905671877551
Br1865	-0.00660075	-0.00575213	-0.00995104	0.00372146	0.0332337	8.9	0.0204528675305609	0.955449	0.0	0.0	0.0	4.326434438801611	-0.17242159394056447	0.03783889415569959	1.1113642704001334	-0.27095656918340394	-0.7877537674038937	-1.7877814231879192	0.9470510823760174	1.6202870842811632	-0.7081952261067372	0.39742713656525247	-0.9723068680076753	0.6343826137430097	-1.1748789022234865	0.5714594459627796	-0.051754671154112517	1.5385805761270288	1.091026377460596	0.7559096864044397	2.8732227336606506	0.33605971543050683	3.5431812420406334	-0.34521597332898996	-2.141851535347109	-0.1452867506440805	-0.6115579514579832	1.8874142986826288	-0.9975227709430782	1.808782073592663	0.6057336735979927
Br1980	0.00206329	0.00606532	-0.00259543	0.00580271	0.0130413	8.3	0.0198761027558167	0.977377	1.0	0.0	0.0	0.4178780170850597	-0.7173988325059639	1.46776270684177	-0.2214166474469188	0.7435354913402602	0.8958328547889578	0.3073460378290474	0.6284411902280852	0.7257802053525506	-0.02140200537626692	0.4919323472242037	0.6234421412640451	-0.21877422406212957	-0.8016075035654124	-1.69668485683686	-0.20104185306713002	-0.6626537752554754	0.25598000256454256	-0.12088073462655541	0.7472678862304408	0.41620571803327117	-0.39305558474744684	-1.0768664678845772	-0.36458842315870493	-1.5033792507953214	0.3067170662779949	-0.8772359351347917	0.48277820780135283	-1.6141081506635158	-1.6224858819803776
Br1469	-0.00822276	-0.00239405	-0.00533507	0.00922683	-0.000580785	8.8	0.0154615038670664	0.975204	1.0	0.0	0.0	2.238788761236783	-0.24649822376769914	-0.5562500322877331	0.6797586999726696	0.7387796814489559	-0.23819863599805918	-1.8971316719667506	0.4666154497120212	1.297831518360665	-0.35631974570064745	-0.28651133235775156	-0.49857921739899647	-0.20675638842531993	-1.524722907195993	1.2217457673865546	0.20104133166626076	0.22930025253615158	-0.6378993037352142	-0.14448920584976702	0.2486526731248368	-0.9859680831298402	0.70661374936409	1.1687096863749302	-0.5483226661767141	0.2807433032557154	-1.1114110944902782	0.07489846585424277	-0.9297326479273211	-1.0695285392831453	0.270484528917734
Br1553	-0.00663361	0.000932712	-0.00351859	0.0034713	0.00843695	5.0	0.0164369162787969	0.95953	0.0	0.0	0.0	-0.17128942481825796	0.3990500343950447	0.07944102635498577	0.48657975842791407	2.6325275230839718	0.5830774749324401	-0.48491826532812915	0.08493472246812227	-0.6748009314661855	0.03815003959634815	1.5240094381353333	0.23722194553778755	-0.8587027678683475	1.0094141559605176	-0.7983892672805654	-0.9091513435342571	-0.5710352998718148	-1.724894744798758	-0.692218339043194	-0.5601932583138681	1.7309901341165148	-0.020795749377331554	-0.8081849119491091	0.20361928794356707	-0.6919186778013046	0.7642087563413654	-0.8534575091848762	1.735246323622593	0.982473167041814	1.0631353173512101
Br1412	-0.00567097	-0.00846998	-0.000612666	0.00252141	-0.0475875	7.9	0.0183445839943455	0.972278	0.0	0.0	0.0	-1.5114100870017972	-0.19631247475535288	-0.2127193055688508	0.7802085762321919	2.229527599785459	1.0444412787937074	1.1569458486242117	2.458442849118013	-0.7382760681998694	-1.059198205702278	0.04035540600538196	-1.7428092292540664	0.3413626982062337	-0.7899512222724736	-0.5800377238058312	0.09750352127416058	-0.9945800926843454	0.8683401379744914	-0.9150880539628616	2.518067726444257	-1.2830383662337213	1.7387426166192026	2.0806066175583404	1.5155417644615448	3.430039462688927	-0.7783573049048986	1.5901319027890812	2.0348212213095964	-0.7984472776610809	-2.968040031271594
Br1961	-0.00936162	-0.0100721	-0.00165881	0.0034872	0.0148355	9.0	0.0152005444907471	0.975265	1.0	0.0	0.0	-0.23950665843574065	0.20901448630784367	-0.625677085975587	0.7910735321194033	1.4436856896135137	2.1547879400837964	-0.9306447964211483	0.6540135295949312	-0.12405614628571668	0.6929930584984858	0.11570443054462659	-1.2434220844701518	0.10989611589426963	-1.5231819207769302	-0.3973160272589237	0.07492009224743547	1.6275659432326133	-0.1848545565620657	-0.07869087408016576	0.2547191187416733	1.8864007727518537	-0.30416955158755377	0.3816298841108627	0.7220153457180197	-0.36490918426153285	1.413874103237965	-1.0155649377662461	1.628768783957923	1.8276922858234284	1.1318152675743876
Br2192	-0.00908565	-0.0176099	-0.00685174	-0.00392378	-0.0314703	8.2	0.0191079261992971	0.96996	0.0	0.0	1.0	-0.07385813764215787	0.07547580874876578	2.1376254587870704	0.24740821131371613	0.8598946127325147	-0.20798998629232007	-0.6094636048836347	-0.7353097840926381	-1.1288629651715223	0.03792671670490243	-1.0652428016712685	1.5766652153298932	0.44779782336844537	0.43216575396772156	-0.2894372358165854	-0.5162048334063689	-1.4883890222058302	0.9486157929191655	-0.22531807189138492	-0.0880582688021547	0.1312139028557367	1.1825395304154989	0.13699163120247404	-3.170652016846098	0.2887488651135244	-0.329627202542723	-0.517032013633219	-0.006090968701715298	1.0593757393254988	2.161085366920047
Br2202	-0.0083645	-0.0149089	-0.00194058	-0.00043296	-0.0259069	9.0	0.0109634962959625	0.954141	1.0	0.0	0.0	1.1202578398613092	-1.5242212687459396	1.4158998424188087	-0.3207920198720333	0.7053598032684953	0.15243260937296316	1.0110542500039725	-0.3069731696835648	-0.1526584654747963	0.9273349121405934	1.1543658946999389	-0.5926958725539169	-0.5811976437734944	-1.1379208547253805	-0.7126645819307746	-0.32246808626755946	0.339178560124542	0.9265474114812943	0.7705933006569958	0.28649652377491935	-1.6550582153351132	0.7124485882604602	-1.740459814074163	0.570703170159969	0.007159073053663563	1.6135739689831485	-2.0093198687037517	0.9050820350205155	-3.396456711613931	0.7301029247631587
Br2097	-0.00614704	-0.00619049	-0.00734191	0.000286271	0.0085485	6.2	0.0158899848669018	0.971258	1.0	0.0	1.0	0.03910638741755322	0.5931800930189568	2.77615176110189	-0.13504638430683896	0.5139903562976683	-0.2671881302190115	1.5670914690273838	2.835274621116432	-0.7820972670921683	1.0980256810600544	-0.02952970018962712	2.1135727825569384	0.497381491422451	-0.7368124786706758	0.1872792794536543	-0.9554122225315502	-2.0631205387583353	-0.1725428565920435	0.9715616607594113	1.7010477636585652	-0.17761375244552957	-0.5246641885126799	0.929621792183745	1.29335855186996	-3.110583910310003	-1.2606325992725511	2.467933224794512	-0.5354888255853643	-0.007666898963899177	2.690393589176458
Br2094	-0.0113156	-0.00794574	0.00443101	-0.00548091	-0.0471681	6.7	0.02261020872337	0.974959	1.0	0.0	1.0	-0.8275246663980794	0.971022570052488	0.3061044783832834	-0.5140041994184817	-0.0308697789909048	-0.5381739936719274	-0.5857673829998274	0.5091070673888451	1.1939782179734968	-0.0009883627299399978	-0.6163471251193223	-0.7800866650915601	-0.16591204028242282	-0.9121862709309592	-0.938899152115454	0.45915381405399264	-0.10420182227862479	0.7353246291782279	0.4445680818232741	-0.20744978745771833	2.508548451345059	-0.42184595268362796	-0.48036357502305427	-1.0947568030421302	-0.38689481034809015	-2.428196839365982	-0.21963995016515894	1.966033491132809	-0.6229653459706556	-0.8721973138803492
Br2098	-0.00907746	-0.00634256	-0.00246232	-0.00116843	0.0154761	8.4	0.010043421299511	0.959956	1.0	0.0	1.0	0.7922251303330476	1.2545953527935676	1.228611308321102	0.058666503214964916	-0.31699768464008704	0.7167275916354648	-0.14532078647889513	-0.9591029426254252	-1.0072959161126434	1.2904213948829746	1.3207274316309177	-1.4162157202568648	-0.06658462205454918	-2.3839799751703024	-0.3841590745676894	0.04633578780908501	-1.6392561894036022	0.1898913935514702	-0.7034610067619399	-1.4373781567645765	0.5149157433287038	1.2508706522600304	-0.8578734137780792	1.0360840814733077	-0.11962387632440948	-0.7470394130265468	0.9423673028951722	0.3567779093608757	1.1786259098022005	-1.024518964298189
Br2219	-0.00556659	-0.0158216	-0.00479194	0.00393942	0.00136783	5.8	0.0124096795909299	0.964942	1.0	0.0	1.0	-0.8782538683183918	-1.089572048717918	0.14105300405272	0.15345303411561978	-0.3591914243709969	2.1107106296376577	-0.18309642547904803	-0.3165869852357477	-1.2998996333024162	0.5409209296442219	0.4465310275426062	1.4794248753505077	-0.1530728674411835	0.06405493294776345	2.681407895165615	-0.44632092202064655	0.07449370715006962	0.42880574921359693	0.14386121090539225	1.5561350779172318	-1.1927467270225036	-0.023653909700665627	-0.858486878733249	-1.9390986292689114	-0.5536111094734266	-1.5711187050235484	-3.0736480689691357	0.31710225717467744	1.9717101875680738	1.5248620115454723
Br2214	-0.00739875	-0.00879955	-0.00218678	0.00523436	-0.0255964	7.4	0.0161730459493963	0.978008	1.0	0.0	1.0	0.1948922809329099	-2.3900538952533554	0.24586030786255525	-0.24483132631001392	1.4597990052786491	1.0246148872678609	-1.3071216407874522	-1.2476902493857451	-0.03395615987925794	-0.12389785903196988	1.1681149990792785	0.4803044220358392	-0.5235412680118467	0.7833140646772151	0.8904788932016098	0.2348012081195687	-1.2466522036202636	1.1593441893367677	1.6101383657949528	1.4703970646042746	-2.2041364224242312	1.2387334254681035	-1.353957485442947	0.4668874286357338	-1.8078260472582883	2.255592500082795	-1.0335667453659285	-2.7732235178632725	1.5243909220142273	-1.3102493384966927
Br2221	0.0194636	0.0463377	0.00165489	0.0123722	0.011236	8.1	0.0254092364336638	0.968094	1.0	0.0	1.0	-0.17719291300994455	-0.2214267916194972	0.8710786785204792	0.8582880532442484	-1.3895774562779986	0.1874494556650919	-0.6486517323499346	0.06713846919858571	-2.0386677052647344	1.9628162108930165	0.06425449377283929	0.5963341658059566	0.9499771148993935	0.3203692554498428	-0.145019807632765	-1.0763529660799875	0.3168684684832266	0.040412936594224985	-0.16489423991689087	-0.2979880304778072	0.7435641089445266	0.8865421379939618	0.5771463968740884	-0.3689198367880787	0.6114115790568166	0.03692883742332577	0.18232634613381385	1.1744249990994007	0.4302362012154725	0.13043719278207058
Br2236	-0.00169636	0.0161944	-0.0109858	-0.00312074	0.0077163	7.0	0.0105685285772792	0.978163	1.0	0.0	1.0	-0.40119149640129687	0.8013939433027395	1.1330623817804346	-0.9752297828515785	1.452147704819602	-0.09874961891488276	-0.39178774336190714	-0.3520493290507945	-0.11747099666856775	-0.7723834036751819	-0.03749474098894703	0.4321061335507047	-0.12008549527645428	0.8531166379463735	0.8008152100025705	0.3201704153880657	0.5144321200338332	0.4475982707965499	-2.98787700488189	0.08070016050231753	0.25743410354246243	-1.3928562555689163	-1.8374963697481124	-0.6897908999616196	0.7031154365897229	0.8096404843953968	-0.344985168091621	-1.3072806502135428	-1.2133541604822093	0.8916150773484425
Br2163	-0.00658014	-0.00222778	0.000102805	-0.00603785	0.00406273	7.2	0.0136906185487422	0.967645	0.0	0.0	1.0	-0.8755851489848342	0.14660814584979132	0.8713591729914014	-0.341870926041452	-1.6759377140303984	-0.4296302444273523	-0.5703307472733746	-0.1047826587432895	-2.7218163527400914	0.3566636694268621	0.7725682971170433	-0.12775540432776467	0.5361657353982852	-0.2840219424888615	-0.1225924628961288	0.6135983259484943	-1.0505101247288433	0.12300778804374955	0.19435824586933154	0.4402168962319359	0.3398271195222842	1.134142306432928	-1.0950084996584835	0.10755445990438084	1.5350161332218422	-1.2871088840783051	0.10324157644488251	0.7427006439036964	0.536156771345413	0.5454068340485051
Br2170	-0.00777942	-0.00371947	0.0031758	-0.00706051	-0.0543748	8.7	0.0098650149701461	0.961535	1.0	0.0	1.0	0.17799235898766871	0.8905105293855731	0.2572257889900578	0.7757797108397206	-0.34997779205407575	1.7610109050164016	-0.9226294052650235	-1.1756011871385936	-0.7776002421350995	1.3142425735359684	1.0296537413454843	-1.1185266788440305	0.06756118714122686	-0.5086746176156757	-1.128196702773929	0.3396912824758024	-0.3083070869877195	-0.5586654079871513	1.6854352622590618	-0.9667898965892298	1.2789134667071311	-0.31115197826110963	0.3626253770360383	-1.5812046578895484	0.9629251415075032	-0.26791778653725634	1.2324100927032937	-0.21996716215547685	-0.9339455105960116	0.6579896152640871
Br2180	-0.00753212	-0.0161539	-0.00171626	0.0135333	-0.0159295	8.3	0.0090450394818609	0.970806	1.0	0.0	0.0	-0.4745270958731624	1.1442429339816234	-0.16386190614915777	-0.11217703546399738	-0.43757993230709064	0.46948446861810844	-0.8601727729660191	0.42482849025734215	0.5234980467201088	0.83027377299371	-0.06521623982932372	0.12708049533229	-0.5136169028487769	-2.1963429760211595	1.5433397999272678	0.8714349202804841	0.1740305694447741	-0.4587501429553028	0.045926217992104036	0.6649307527366722	-0.9456147220830734	-2.184687323618736	-0.31381771591180385	-2.023770869572263	-0.5615247894210332	-0.06207464819768603	0.9742151001829685	0.3318438082255391	0.257867772435068	0.8742263511899575
Br2183	-0.00155864	-0.0105483	-0.00348152	-0.00466761	-0.0019022	8.3	0.0129082962541485	0.956121	1.0	0.0	1.0	-0.3690636056635015	-0.637533553618888	-0.5258070417995087	-0.5014318587204473	0.045285328180309226	1.0850725477842622	-0.5876307241721378	0.1602162716240725	0.5141767914710409	0.4677109964766536	-0.08541561323379232	-1.4257650052791877	0.29565445815555713	0.4853909733141742	-0.3703303649998568	0.8043143653789746	0.6020086364633371	-0.3998954577376435	-0.14637698903436397	0.2529446431698226	0.6769188814162865	-0.0064064955857337	0.6222617481345117	1.6229692929957036	0.6554994076417088	0.1951446877944632	-1.6250643734765247	0.9113616086127242	0.3930645188872325	0.0067007533990710855
Br2146	-0.00508594	-0.000782984	0.00250486	-0.00166174	0.00776373	8.5	0.019044241667098	0.958091	1.0	0.0	1.0	-1.4904903810246646	-0.13693479553487473	-0.262285293926054	-0.3229083521460388	1.1861718265597605	0.9841165047961756	-0.5500673034740298	-0.30533833451692566	-0.5519077469894412	-0.9008923174897786	0.429810154355694	-0.32415796040743927	-0.4006621982067495	-0.2118899144258802	0.228644498997618	0.9552659734129575	0.5661420111168503	-0.06559115458971532	1.1469814788291266	-0.19791667301514565	-0.006134557413414424	-0.016027911412812477	0.2243175140284493	-1.5702155162851075	2.245395637324955	-0.32553032992346476	-0.8111087295488204	-1.207756603039123	-0.09872816725719741	0.07047710476180026
Br2148	-0.00407754	0.000768669	-0.00462949	0.00732614	0.027682	8.5	0.0129061493215724	0.962817	0.0	0.0	1.0	0.2122817124783393	-1.0052862893273218	0.7619567063239042	-0.7934308771320282	0.8855683880709804	-0.5107647180532452	-0.003395503036372093	0.02987663313033857	-0.6759564114351553	1.4862090150323466	0.13005944616781495	2.3111319235483223	0.3266721761122758	-0.09276762588954908	-0.2386317210766699	-3.109729661703263	1.0463658783208256	1.7588206734136806	-2.1131776387041876	-0.4490783090336735	0.8759474387789787	-0.5959835564408046	0.910770198188969	0.27727978258199126	0.8016197703498151	0.011932506947879666	0.648672098045105	0.5970757776638088	-1.2447561823517466	0.48586763514474235
Br2160	-0.00641322	-0.00793758	-0.00563319	0.00490316	-0.0154849	8.2	0.0198975924085495	0.977781	1.0	0.0	1.0	1.5616899630599406	-0.5901242150866094	0.12140021431708939	2.2499975435333144	-0.09576083274338078	0.9088592659128053	-0.1385983952560291	3.0521317927674163	-1.0314743786134006	0.4267154788211261	-0.6878524662540012	1.807562827667249	1.7918428511979576	-0.5624766613255097	-0.8134390697246595	0.042999530847738165	-1.567130927532739	1.2655368733289325	0.07465577097662054	0.8552040530141917	-1.1979306778465673	0.8540286893852622	0.453262988181262	-0.27609556470885993	1.0111276241081437	0.48401673993996164	-0.6320089752934488	0.04240040082318744	-1.4369587862465663	1.0057452831740465
Br1946	-0.00747254	-0.0125985	-0.00218362	-0.0158725	-0.0431298	7.1	0.0106699952663238	0.970456	0.0	0.0	1.0	-1.0866514709374784	-1.637514020775443	-0.48697198579707446	-1.4648787198698938	0.3337829864681002	0.4608234945498134	-0.49320013063362084	0.3473035242096753	0.5934040036709444	0.43450462416485736	-0.2840592991799584	0.47956308280045057	0.10461238254877048	0.2555675260588219	0.6299271575189684	-2.2079391996659994	1.8788662853589284	0.26689219322570085	-0.9947609660918239	0.11041651538839492	-0.36314294675185066	0.17295483509874587	-1.2543643729280742	-0.9700488745250272	0.10944196082284763	-0.9739549404438103	0.11022844229817629	-0.6755381932125708	0.8206851892430646	-1.430594032878189
Br1874	0.00321221	0.0144538	-0.00416988	0.0010223	-0.0246422	8.1	0.0139625112008295	0.959579	0.0	0.0	0.0	0.09748557399837265	0.648880828776689	-1.8327116819148388	0.9181542861266446	1.0410621108668676	1.8533071949037143	-0.7664414950073821	-0.11567288403128734	-1.0249850275479018	-0.10793473096935578	-0.278780095287675	-0.2562543965654719	0.6345527799182241	0.2067701872385748	0.6425574956136741	-0.030629543338735757	0.02712539322097938	-0.9706326263213221	0.48741087801127836	0.6568080961321908	2.3575016344944855	0.011014657926883482	-0.8507759912016059	-0.7754402590916846	-1.2391648404991258	-2.602124348922489	-1.6636377597204273	0.937717757344202	-2.2076050123978317	-0.9327739496672247
Br1880	-0.00113853	-0.0169752	0.00600161	-6.8291e-05	-0.0234479	8.6	0.014693062530989	0.974163	1.0	0.0	0.0	1.5821495988752663	0.10218946412886303	-1.4815531573034222	1.1230426142699175	0.9977237002516328	1.490546717656788	-0.8711126832554484	0.07626015364514153	0.4189465146720456	0.39095296148710607	0.7301123858746972	-0.026266903952063027	0.2100055548425542	0.9849824499446992	0.17942107454300288	0.460459812775204	0.6295326151009965	-0.8004533348953544	-0.8511175514950601	0.07640672225848524	0.863383846707539	-0.3573315847323973	0.8071003570833255	0.13044251776157084	-1.618009444410411	-1.8569134936525398	0.5185157899819177	0.2800158505067578	0.20351477363001055	0.4405505370318331
Br1384	0.0419914	0.122623	0.0126388	-0.0037083	-0.00699323	8.2	0.0165744345538536	0.966491	1.0	0.0	0.0	-0.5305454561397424	-0.965074767987661	1.6119726358271522	-0.05305668648792287	1.601686273538787	-0.25672794836274826	2.276245418483844	-0.8907969852913084	-1.993139872875539	2.2588777014998485	-2.020685157977925	-2.0095463221158942	0.4657624835312608	-2.0681344250207947	-0.9174500832784834	1.0714429268904078	0.9840188590866211	0.8595004810796865	0.17861579442506334	-0.38866989760323417	-1.920775099293296	-0.9887329396152366	1.9295905370126643	0.7411434237800069	-3.8831343023417726	-1.3005820343483507	-1.665102320466076	-0.6841232215573354	2.4009760093582533	0.1256425229408039
Br2194	-0.00811324	-0.0130295	-0.00854693	-0.00239857	0.0178877	9.1	0.0256546513077501	0.97926	1.0	0.0	1.0	0.002888341698440239	-0.7924285999215844	1.6758783350451492	-0.4533923618173164	-0.4353976648285321	0.14774722032293852	0.3276485026105322	-0.5669122695823561	-0.21596332680363284	-0.31703594534174856	0.4281761873800445	-0.28516356450694436	0.008053786997201905	-1.0904679692849182	-0.5001831625796092	-0.4139795516410079	0.5392440864503254	-1.3752056357283173	0.2729619451818904	0.7361244975395514	0.6424578322544297	0.978680804275408	-1.0734819500531319	-0.8359961109565412	-0.18219074506172186	-1.0200799991021252	0.5825947127561657	-0.3549741304850408	-1.1490554224096923	0.7543512585908808
Br2291	-0.00707966	0.00345714	-0.000898685	-0.00373545	0.00211917	6.6	0.0191914306662489	0.971078	1.0	0.0	1.0	-0.022726339053552716	-0.4460589233090532	0.8797097181331184	0.5420207269670476	2.2361404741574695	1.8398181187262537	0.7051324370935768	-0.5253721546403133	0.030523208148213736	-2.051877028613778	-0.8782451663785533	-1.0072626454601739	-0.10148742899941461	-0.6517392678343126	1.0001161704198474	0.677020944486051	-0.1970277383534648	-0.6144781610612222	-0.10745747392815103	1.0038930980030172	0.6266060969359326	-0.36148220115854485	-0.7107254439227787	0.442002996405464	-0.711050153071438	1.278627015997164	1.82204413286311	-0.033095893441327885	-1.6405616147696664	-0.7029043585606946
Br2346	-0.00874616	-0.00963368	-0.00296736	-0.00675039	-0.0386695	6.7	0.0118541516414616	0.976579	1.0	0.0	1.0	0.11484853098412455	-0.8577778192243275	-1.7670198038634937	-0.02997438668283784	2.3906446617882025	0.7266455417486987	1.910375325532992	1.407772471656868	-0.5843239955642929	0.28469065663765936	-0.40523124927807924	0.9644869748294653	0.2543842963305025	-0.7916233866931882	-0.2206299041992082	-2.1405613420311638	-0.4541707264483661	-0.8459232424963145	-1.525547484762177	-1.9005036557895179	-0.9515885526607667	-0.8413578380655464	-0.9750365986484008	-2.3134988221330057	-0.44076482853975624	-0.44027836496914574	0.02996775705722244	0.33237209698427933	2.24397397917648	-1.1670251067431714
Br2337	-0.0075339	-0.00719529	0.00081797	-0.00342409	0.00646973	8.6	0.0210979018018892	0.952871	1.0	0.0	1.0	-0.31000700890637317	-1.4005800490125924	-0.18275372858344704	-0.13162139149388788	0.006308906829626519	-0.537029587447622	-0.6359694741677993	0.0004468037986754816	1.0866551770208794	-0.42960695557548023	0.756103755606467	-0.11663071422124696	-0.25963357869978354	-0.13736763630609983	-1.5950311393714545	0.25278745931936814	-0.7357994442250151	-0.3363741839393519	-0.1485211025093474	-0.05420843089201316	1.1022097656182006	-0.7195813199337926	0.4085669253901496	1.5268790187185488	1.6280328928251873	-1.0840112083756013	-2.1489578633329374	0.7511270885595306	1.0677838216611366	-0.13255420524889922
Br2421	-0.0110804	-0.00998665	-0.00814228	-0.000155392	0.037021	8.4	0.0125628239155798	0.964009	1.0	0.0	1.0	1.5941548522262505	-0.7994844677268492	-0.1594569725122311	-0.622699937942041	-0.22709448143555952	-0.12785030693538907	-0.4561028263205095	0.12493837277517789	1.0587319223726477	1.237057092320415	-0.3982014609383643	1.2820944244056123	0.16876566649856042	-1.0091682050535224	0.7857443728113291	-1.5541016655800572	0.7871730820042014	1.0807770731781543	-0.9575597272819479	-0.3830912178261204	0.2962168105885405	-2.2684314255960456	0.2838587198490843	-0.4164983287821735	1.308099207239891	-0.7264548915559783	0.04449548560019923	0.4986854971375382	0.7575081193145774	-0.9293801275481158
Br2423	-0.00518869	0.00266046	-0.00891902	0.0069527	0.00254784	8.9	0.0153687522426006	0.976541	1.0	0.0	1.0	0.592286716189633	-0.5125063433964374	-0.6981180058235392	-0.8154048044573653	-1.7996141622474207	2.521844727244404	0.4242602940940797	1.171196115550527	-0.016179903588925827	0.7230873467045378	-0.35019206887444804	1.1197730894066245	0.8688544384336941	1.8263926710012874	1.8385809175920986	0.32930716518755815	-0.9728976172388759	0.882261926288303	0.9194919822923048	-1.928422895223473	0.17434408913801286	-0.26796274642182394	-0.36286342975768215	1.3818201283502263	0.6139282395231346	-1.1767833358947213	0.3513649727599628	-0.4521197949898104	1.1252461397229245	0.4594657226061725
