cohort,donor_id,region
BrainSEQ,Br0922,BrainSEQ caudate
BrainSEQ,Br1003,BrainSEQ caudate
BrainSEQ,Br1004,BrainSEQ caudate
BrainSEQ,Br1006,BrainSEQ caudate
BrainSEQ,Br1007,BrainSEQ caudate
BrainSEQ,Br1016,BrainSEQ caudate
BrainSEQ,Br1017,BrainSEQ caudate
BrainSEQ,Br1021,BrainSEQ caudate
BrainSEQ,Br1023,BrainSEQ caudate
BrainSEQ,Br1025,BrainSEQ caudate
BrainSEQ,Br1030,BrainSEQ caudate
BrainSEQ,Br1033,BrainSEQ caudate
BrainSEQ,Br1034,BrainSEQ caudate
BrainSEQ,Br1039,BrainSEQ caudate
BrainSEQ,Br1040,BrainSEQ caudate
BrainSEQ,Br1041,BrainSEQ caudate
BrainSEQ,Br1050,BrainSEQ caudate
BrainSEQ,Br1053,BrainSEQ caudate
BrainSEQ,Br1054,BrainSEQ caudate
BrainSEQ,Br1056,BrainSEQ caudate
BrainSEQ,Br1067,BrainSEQ caudate
BrainSEQ,Br1069,BrainSEQ caudate
BrainSEQ,Br1081,BrainSEQ caudate
BrainSEQ,Br1084,BrainSEQ caudate
BrainSEQ,Br1092,BrainSEQ caudate
BrainSEQ,Br1093,BrainSEQ caudate
BrainSEQ,Br1102,BrainSEQ caudate
BrainSEQ,Br1109,BrainSEQ caudate
BrainSEQ,Br1113,BrainSEQ caudate
BrainSEQ,Br1122,BrainSEQ caudate
BrainSEQ,Br1134,BrainSEQ caudate
BrainSEQ,Br1135,BrainSEQ caudate
BrainSEQ,Br1137,BrainSEQ caudate
BrainSEQ,Br1139,BrainSEQ caudate
BrainSEQ,Br1148,BrainSEQ caudate
BrainSEQ,Br1156,BrainSEQ caudate
BrainSEQ,Br1157,BrainSEQ caudate
BrainSEQ,Br1160,BrainSEQ caudate
BrainSEQ,Br1164,BrainSEQ caudate
BrainSEQ,Br1167,BrainSEQ caudate
BrainSEQ,Br1183,BrainSEQ caudate
BrainSEQ,Br1185,BrainSEQ caudate
BrainSEQ,Br1187,BrainSEQ caudate
BrainSEQ,Br1189,BrainSEQ caudate
BrainSEQ,Br1191,BrainSEQ caudate
BrainSEQ,Br1193,BrainSEQ caudate
BrainSEQ,Br1203,BrainSEQ caudate
BrainSEQ,Br1204,BrainSEQ caudate
BrainSEQ,Br1214,BrainSEQ caudate
BrainSEQ,Br1221,BrainSEQ caudate
BrainSEQ,Br1227,BrainSEQ caudate
BrainSEQ,Br1228,BrainSEQ caudate
BrainSEQ,Br1243,BrainSEQ caudate
BrainSEQ,Br1245,BrainSEQ caudate
BrainSEQ,Br1249,BrainSEQ caudate
BrainSEQ,Br1250,BrainSEQ caudate
BrainSEQ,Br1263,BrainSEQ caudate
BrainSEQ,Br1264,BrainSEQ caudate
BrainSEQ,Br1265,BrainSEQ caudate
BrainSEQ,Br1271,BrainSEQ caudate
BrainSEQ,Br1275,BrainSEQ caudate
BrainSEQ,Br1276,BrainSEQ caudate
BrainSEQ,Br1279,BrainSEQ caudate
BrainSEQ,Br1280,BrainSEQ caudate
BrainSEQ,Br1281,BrainSEQ caudate
BrainSEQ,Br1283,BrainSEQ caudate
BrainSEQ,Br1285,BrainSEQ caudate
BrainSEQ,Br1288,BrainSEQ caudate
BrainSEQ,Br1297,BrainSEQ caudate
BrainSEQ,Br1298,BrainSEQ caudate
BrainSEQ,Br1303,BrainSEQ caudate
BrainSEQ,Br1304,BrainSEQ caudate
BrainSEQ,Br1305,BrainSEQ caudate
BrainSEQ,Br1306,BrainSEQ caudate
BrainSEQ,Br1314,BrainSEQ caudate
BrainSEQ,Br1315,BrainSEQ caudate
BrainSEQ,Br1320,BrainSEQ caudate
BrainSEQ,Br1321,BrainSEQ caudate
BrainSEQ,Br1324,BrainSEQ caudate
BrainSEQ,Br1325,BrainSEQ caudate
BrainSEQ,Br1326,BrainSEQ caudate
BrainSEQ,Br1339,BrainSEQ caudate
BrainSEQ,Br1340,BrainSEQ caudate
BrainSEQ,Br1346,BrainSEQ caudate
BrainSEQ,Br1348,BrainSEQ caudate
BrainSEQ,Br1350,BrainSEQ caudate
BrainSEQ,Br1351,BrainSEQ caudate
BrainSEQ,Br1356,BrainSEQ caudate
BrainSEQ,Br1358,BrainSEQ caudate
BrainSEQ,Br1371,BrainSEQ caudate
BrainSEQ,Br1378,BrainSEQ caudate
BrainSEQ,Br1383,BrainSEQ caudate
BrainSEQ,Br1384,BrainSEQ caudate
BrainSEQ,Br1389,BrainSEQ caudate
BrainSEQ,Br1390,BrainSEQ caudate
BrainSEQ,Br1399,BrainSEQ caudate
BrainSEQ,Br1408,BrainSEQ caudate
BrainSEQ,Br1410,BrainSEQ caudate
BrainSEQ,Br1416,BrainSEQ caudate
BrainSEQ,Br1418,BrainSEQ caudate
BrainSEQ,Br1420,BrainSEQ caudate
BrainSEQ,Br1424,BrainSEQ caudate
BrainSEQ,Br1432,BrainSEQ caudate
BrainSEQ,Br1436,BrainSEQ caudate
BrainSEQ,Br1441,BrainSEQ caudate
BrainSEQ,Br1442,BrainSEQ caudate
BrainSEQ,Br1443,BrainSEQ caudate
BrainSEQ,Br1446,BrainSEQ caudate
BrainSEQ,Br1447,BrainSEQ caudate
BrainSEQ,Br1448,BrainSEQ caudate
BrainSEQ,Br1453,BrainSEQ caudate
BrainSEQ,Br1455,BrainSEQ caudate
BrainSEQ,Br1458,BrainSEQ caudate
BrainSEQ,Br1459,BrainSEQ caudate
BrainSEQ,Br1463,BrainSEQ caudate
BrainSEQ,Br1464,BrainSEQ caudate
BrainSEQ,Br1474,BrainSEQ caudate
BrainSEQ,Br1479,BrainSEQ caudate
BrainSEQ,Br1485,BrainSEQ caudate
BrainSEQ,Br1487,BrainSEQ caudate
BrainSEQ,Br1492,BrainSEQ caudate
BrainSEQ,Br1494,BrainSEQ caudate
BrainSEQ,Br1498,BrainSEQ caudate
BrainSEQ,Br1499,BrainSEQ caudate
BrainSEQ,Br1503,BrainSEQ caudate
BrainSEQ,Br1504,BrainSEQ caudate
BrainSEQ,Br1507,BrainSEQ caudate
BrainSEQ,Br1509,BrainSEQ caudate
BrainSEQ,Br1517,BrainSEQ caudate
BrainSEQ,Br1522,BrainSEQ caudate
BrainSEQ,Br1525,BrainSEQ caudate
BrainSEQ,Br1526,BrainSEQ caudate
BrainSEQ,Br1527,BrainSEQ caudate
BrainSEQ,Br1529,BrainSEQ caudate
BrainSEQ,Br1532,BrainSEQ caudate
BrainSEQ,Br1536,BrainSEQ caudate
BrainSEQ,Br1537,BrainSEQ caudate
BrainSEQ,Br1538,BrainSEQ caudate
BrainSEQ,Br1539,BrainSEQ caudate
BrainSEQ,Br1548,BrainSEQ caudate
BrainSEQ,Br1550,BrainSEQ caudate
BrainSEQ,Br1552,BrainSEQ caudate
BrainSEQ,Br1556,BrainSEQ caudate
BrainSEQ,Br1558,BrainSEQ caudate
BrainSEQ,Br1563,BrainSEQ caudate
BrainSEQ,Br1565,BrainSEQ caudate
BrainSEQ,Br1568,BrainSEQ caudate
BrainSEQ,Br1571,BrainSEQ caudate
BrainSEQ,Br1573,BrainSEQ caudate
BrainSEQ,Br1576,BrainSEQ caudate
BrainSEQ,Br1578,BrainSEQ caudate
BrainSEQ,Br1579,BrainSEQ caudate
BrainSEQ,Br1580,BrainSEQ caudate
BrainSEQ,Br1581,BrainSEQ caudate
BrainSEQ,Br1585,BrainSEQ caudate
BrainSEQ,Br1588,BrainSEQ caudate
BrainSEQ,Br1590,BrainSEQ caudate
BrainSEQ,Br1594,BrainSEQ caudate
BrainSEQ,Br1595,BrainSEQ caudate
BrainSEQ,Br1602,BrainSEQ caudate
BrainSEQ,Br1604,BrainSEQ caudate
BrainSEQ,Br1605,BrainSEQ caudate
BrainSEQ,Br1611,BrainSEQ caudate
BrainSEQ,Br1613,BrainSEQ caudate
BrainSEQ,Br1615,BrainSEQ caudate
BrainSEQ,Br1624,BrainSEQ caudate
BrainSEQ,Br1637,BrainSEQ caudate
BrainSEQ,Br1644,BrainSEQ caudate
BrainSEQ,Br1646,BrainSEQ caudate
BrainSEQ,Br1648,BrainSEQ caudate
BrainSEQ,Br1649,BrainSEQ caudate
BrainSEQ,Br1654,BrainSEQ caudate
BrainSEQ,Br1657,BrainSEQ caudate
BrainSEQ,Br1663,BrainSEQ caudate
BrainSEQ,Br1664,BrainSEQ caudate
BrainSEQ,Br1665,BrainSEQ caudate
BrainSEQ,Br1669,BrainSEQ caudate
BrainSEQ,Br1672,BrainSEQ caudate
BrainSEQ,Br1674,BrainSEQ caudate
BrainSEQ,Br1676,BrainSEQ caudate
BrainSEQ,Br1678,BrainSEQ caudate
BrainSEQ,Br1682,BrainSEQ caudate
BrainSEQ,Br1688,BrainSEQ caudate
BrainSEQ,Br1691,BrainSEQ caudate
BrainSEQ,Br1693,BrainSEQ caudate
BrainSEQ,Br1695,BrainSEQ caudate
BrainSEQ,Br1697,BrainSEQ caudate
BrainSEQ,Br1700,BrainSEQ caudate
BrainSEQ,Br1703,BrainSEQ caudate
BrainSEQ,Br1722,BrainSEQ caudate
BrainSEQ,Br1735,BrainSEQ caudate
BrainSEQ,Br1738,BrainSEQ caudate
BrainSEQ,Br1740,BrainSEQ caudate
BrainSEQ,Br1750,BrainSEQ caudate
BrainSEQ,Br1751,BrainSEQ caudate
BrainSEQ,Br1753,BrainSEQ caudate
BrainSEQ,Br1756,BrainSEQ caudate
BrainSEQ,Br1761,BrainSEQ caudate
BrainSEQ,Br1764,BrainSEQ caudate
BrainSEQ,Br1832,BrainSEQ caudate
BrainSEQ,Br1840,BrainSEQ caudate
BrainSEQ,Br1842,BrainSEQ caudate
BrainSEQ,Br1865,BrainSEQ caudate
BrainSEQ,Br1883,BrainSEQ caudate
BrainSEQ,Br1890,BrainSEQ caudate
BrainSEQ,Br1898,BrainSEQ caudate
BrainSEQ,Br1905,BrainSEQ caudate
BrainSEQ,Br1909,BrainSEQ caudate
BrainSEQ,Br1912,BrainSEQ caudate
BrainSEQ,Br1918,BrainSEQ caudate
BrainSEQ,Br1927,BrainSEQ caudate
BrainSEQ,Br1941,BrainSEQ caudate
BrainSEQ,Br1946,BrainSEQ caudate
BrainSEQ,Br1958,BrainSEQ caudate
BrainSEQ,Br1960,BrainSEQ caudate
BrainSEQ,Br1980,BrainSEQ caudate
BrainSEQ,Br1987,BrainSEQ caudate
BrainSEQ,Br1988,BrainSEQ caudate
BrainSEQ,Br1989,BrainSEQ caudate
BrainSEQ,Br1994,BrainSEQ caudate
BrainSEQ,Br1995,BrainSEQ caudate
BrainSEQ,Br1998,BrainSEQ caudate
BrainSEQ,Br2001,BrainSEQ caudate
BrainSEQ,Br2003,BrainSEQ caudate
BrainSEQ,Br2009,BrainSEQ caudate
BrainSEQ,Br2015,BrainSEQ caudate
BrainSEQ,Br2020,BrainSEQ caudate
BrainSEQ,Br2026,BrainSEQ caudate
BrainSEQ,Br2027,BrainSEQ caudate
BrainSEQ,Br2038,BrainSEQ caudate
BrainSEQ,Br2039,BrainSEQ caudate
BrainSEQ,Br2044,BrainSEQ caudate
BrainSEQ,Br2046,BrainSEQ caudate
BrainSEQ,Br2052,BrainSEQ caudate
BrainSEQ,Br2053,BrainSEQ caudate
BrainSEQ,Br2063,BrainSEQ caudate
BrainSEQ,Br2064,BrainSEQ caudate
BrainSEQ,Br2073,BrainSEQ caudate
BrainSEQ,Br2074,BrainSEQ caudate
BrainSEQ,Br2075,BrainSEQ caudate
BrainSEQ,Br2076,BrainSEQ caudate
BrainSEQ,Br2080,BrainSEQ caudate
BrainSEQ,Br2084,BrainSEQ caudate
BrainSEQ,Br2242,BrainSEQ caudate
BrainSEQ,Br2257,BrainSEQ caudate
BrainSEQ,Br2261,BrainSEQ caudate
BrainSEQ,Br2267,BrainSEQ caudate
BrainSEQ,Br2271,BrainSEQ caudate
BrainSEQ,Br2285,BrainSEQ caudate
BrainSEQ,Br2287,BrainSEQ caudate
BrainSEQ,Br2288,BrainSEQ caudate
BrainSEQ,Br2291,BrainSEQ caudate
BrainSEQ,Br2292,BrainSEQ caudate
BrainSEQ,Br2295,BrainSEQ caudate
BrainSEQ,Br2298,BrainSEQ caudate
BrainSEQ,Br2301,BrainSEQ caudate
BrainSEQ,Br2304,BrainSEQ caudate
BrainSEQ,Br2305,BrainSEQ caudate
BrainSEQ,Br2313,BrainSEQ caudate
BrainSEQ,Br2322,BrainSEQ caudate
BrainSEQ,Br2333,BrainSEQ caudate
BrainSEQ,Br2337,BrainSEQ caudate
BrainSEQ,Br2343,BrainSEQ caudate
BrainSEQ,Br2345,BrainSEQ caudate
BrainSEQ,Br2346,BrainSEQ caudate
BrainSEQ,Br2348,BrainSEQ caudate
BrainSEQ,Br2351,BrainSEQ caudate
BrainSEQ,Br2353,BrainSEQ caudate
BrainSEQ,Br2371,BrainSEQ caudate
BrainSEQ,Br2377,BrainSEQ caudate
BrainSEQ,Br2378,BrainSEQ caudate
BrainSEQ,Br2393,BrainSEQ caudate
BrainSEQ,Br2405,BrainSEQ caudate
BrainSEQ,Br2421,BrainSEQ caudate
BrainSEQ,Br2423,BrainSEQ caudate
BrainSEQ,Br2425,BrainSEQ caudate
BrainSEQ,Br2453,BrainSEQ caudate
BrainSEQ,Br2454,BrainSEQ caudate
BrainSEQ,Br2464,BrainSEQ caudate
BrainSEQ,Br2470,BrainSEQ caudate
BrainSEQ,Br2474,BrainSEQ caudate
BrainSEQ,Br2476,BrainSEQ caudate
BrainSEQ,Br2481,BrainSEQ caudate
BrainSEQ,Br2494,BrainSEQ caudate
BrainSEQ,Br2509,BrainSEQ caudate
BrainSEQ,Br2513,BrainSEQ caudate
BrainSEQ,Br2521,BrainSEQ caudate
BrainSEQ,Br2533,BrainSEQ caudate
BrainSEQ,Br2534,BrainSEQ caudate
BrainSEQ,Br2539,BrainSEQ caudate
BrainSEQ,Br2542,BrainSEQ caudate
BrainSEQ,Br2543,BrainSEQ caudate
BrainSEQ,Br2557,BrainSEQ caudate
BrainSEQ,Br2573,BrainSEQ caudate
BrainSEQ,Br2582,BrainSEQ caudate
BrainSEQ,Br2585,BrainSEQ caudate
BrainSEQ,Br2587,BrainSEQ caudate
BrainSEQ,Br5005,BrainSEQ caudate
BrainSEQ,Br5024,BrainSEQ caudate
BrainSEQ,Br5026,BrainSEQ caudate
BrainSEQ,Br5053,BrainSEQ caudate
BrainSEQ,Br5062,BrainSEQ caudate
BrainSEQ,Br5073,BrainSEQ caudate
BrainSEQ,Br5135,BrainSEQ caudate
BrainSEQ,Br5154,BrainSEQ caudate
BrainSEQ,Br5155,BrainSEQ caudate
BrainSEQ,Br5161,BrainSEQ caudate
BrainSEQ,Br5165,BrainSEQ caudate
BrainSEQ,Br5168,BrainSEQ caudate
BrainSEQ,Br5179,BrainSEQ caudate
BrainSEQ,Br5182,BrainSEQ caudate
BrainSEQ,Br5190,BrainSEQ caudate
BrainSEQ,Br5200,BrainSEQ caudate
BrainSEQ,Br5205,BrainSEQ caudate
BrainSEQ,Br5207,BrainSEQ caudate
BrainSEQ,Br5212,BrainSEQ caudate
BrainSEQ,Br5217,BrainSEQ caudate
BrainSEQ,Br5224,BrainSEQ caudate
BrainSEQ,Br5228,BrainSEQ caudate
BrainSEQ,Br5232,BrainSEQ caudate
BrainSEQ,Br5234,BrainSEQ caudate
BrainSEQ,Br5235,BrainSEQ caudate
BrainSEQ,Br5237,BrainSEQ caudate
BrainSEQ,Br5239,BrainSEQ caudate
BrainSEQ,Br5242,BrainSEQ caudate
BrainSEQ,Br5243,BrainSEQ caudate
BrainSEQ,Br5250,BrainSEQ caudate
BrainSEQ,Br5253,BrainSEQ caudate
BrainSEQ,Br5259,BrainSEQ caudate
BrainSEQ,Br5262,BrainSEQ caudate
BrainSEQ,Br5264,BrainSEQ caudate
BrainSEQ,Br5276,BrainSEQ caudate
BrainSEQ,Br5280,BrainSEQ caudate
BrainSEQ,Br5282,BrainSEQ caudate
BrainSEQ,Br5286,BrainSEQ caudate
BrainSEQ,Br5287,BrainSEQ caudate
BrainSEQ,Br5292,BrainSEQ caudate
BrainSEQ,Br5295,BrainSEQ caudate
BrainSEQ,Br5310,BrainSEQ caudate
BrainSEQ,Br5314,BrainSEQ caudate
BrainSEQ,Br5315,BrainSEQ caudate
BrainSEQ,Br5319,BrainSEQ caudate
BrainSEQ,Br5323,BrainSEQ caudate
BrainSEQ,Br5324,BrainSEQ caudate
BrainSEQ,Br5330,BrainSEQ caudate
BrainSEQ,Br5338,BrainSEQ caudate
BrainSEQ,Br5347,BrainSEQ caudate
BrainSEQ,Br5348,BrainSEQ caudate
BrainSEQ,Br5355,BrainSEQ caudate
BrainSEQ,Br5359,BrainSEQ caudate
BrainSEQ,Br5367,BrainSEQ caudate
BrainSEQ,Br5370,BrainSEQ caudate
BrainSEQ,Br5372,BrainSEQ caudate
BrainSEQ,Br5373,BrainSEQ caudate
BrainSEQ,Br5398,BrainSEQ caudate
BrainSEQ,Br5401,BrainSEQ caudate
BrainSEQ,Br5417,BrainSEQ caudate
BrainSEQ,Br5422,BrainSEQ caudate
BrainSEQ,Br5426,BrainSEQ caudate
BrainSEQ,Br5460,BrainSEQ caudate
BrainSEQ,Br5467,BrainSEQ caudate
BrainSEQ,Br5475,BrainSEQ caudate
BrainSEQ,Br5488,BrainSEQ caudate
BrainSEQ,Br5529,BrainSEQ caudate
BrainSEQ,Br5551,BrainSEQ caudate
BrainSEQ,Br5555,BrainSEQ caudate
BrainSEQ,Br5556,BrainSEQ caudate
BrainSEQ,Br5584,BrainSEQ caudate
BrainSEQ,Br5590,BrainSEQ caudate
BrainSEQ,Br823,BrainSEQ caudate
BrainSEQ,Br836,BrainSEQ caudate
BrainSEQ,Br845,BrainSEQ caudate
BrainSEQ,Br846,BrainSEQ caudate
BrainSEQ,Br848,BrainSEQ caudate
BrainSEQ,Br856,BrainSEQ caudate
BrainSEQ,Br858,BrainSEQ caudate
BrainSEQ,Br859,BrainSEQ caudate
BrainSEQ,Br863,BrainSEQ caudate
BrainSEQ,Br869,BrainSEQ caudate
BrainSEQ,Br873,BrainSEQ caudate
BrainSEQ,Br888,BrainSEQ caudate
BrainSEQ,Br894,BrainSEQ caudate
BrainSEQ,Br909,BrainSEQ caudate
BrainSEQ,Br914,BrainSEQ caudate
BrainSEQ,Br948,BrainSEQ caudate
BrainSEQ,Br949,BrainSEQ caudate
BrainSEQ,Br963,BrainSEQ caudate
BrainSEQ,Br983,BrainSEQ caudate
BrainSEQ,Br991,BrainSEQ caudate
BrainSEQ,Br993,BrainSEQ caudate
BrainSEQ,Br0922,BrainSEQ hippocampus
BrainSEQ,Br1003,BrainSEQ hippocampus
BrainSEQ,Br1004,BrainSEQ hippocampus
BrainSEQ,Br1006,BrainSEQ hippocampus
BrainSEQ,Br1017,BrainSEQ hippocampus
BrainSEQ,Br1023,BrainSEQ hippocampus
BrainSEQ,Br1033,BrainSEQ hippocampus
BrainSEQ,Br1034,BrainSEQ hippocampus
BrainSEQ,Br1039,BrainSEQ hippocampus
BrainSEQ,Br1053,BrainSEQ hippocampus
BrainSEQ,Br1054,BrainSEQ hippocampus
BrainSEQ,Br1056,BrainSEQ hippocampus
BrainSEQ,Br1069,BrainSEQ hippocampus
BrainSEQ,Br1092,BrainSEQ hippocampus
BrainSEQ,Br1099,BrainSEQ hippocampus
BrainSEQ,Br1105,BrainSEQ hippocampus
BrainSEQ,Br1109,BrainSEQ hippocampus
BrainSEQ,Br1111,BrainSEQ hippocampus
BrainSEQ,Br1113,BrainSEQ hippocampus
BrainSEQ,Br1122,BrainSEQ hippocampus
BrainSEQ,Br1134,BrainSEQ hippocampus
BrainSEQ,Br1135,BrainSEQ hippocampus
BrainSEQ,Br1137,BrainSEQ hippocampus
BrainSEQ,Br1142,BrainSEQ hippocampus
BrainSEQ,Br1143,BrainSEQ hippocampus
BrainSEQ,Br1148,BrainSEQ hippocampus
BrainSEQ,Br1156,BrainSEQ hippocampus
BrainSEQ,Br1157,BrainSEQ hippocampus
BrainSEQ,Br1160,BrainSEQ hippocampus
BrainSEQ,Br1164,BrainSEQ hippocampus
BrainSEQ,Br1167,BrainSEQ hippocampus
BrainSEQ,Br1179,BrainSEQ hippocampus
BrainSEQ,Br1185,BrainSEQ hippocampus
BrainSEQ,Br1187,BrainSEQ hippocampus
BrainSEQ,Br1191,BrainSEQ hippocampus
BrainSEQ,Br1193,BrainSEQ hippocampus
BrainSEQ,Br1204,BrainSEQ hippocampus
BrainSEQ,Br1214,BrainSEQ hippocampus
BrainSEQ,Br1221,BrainSEQ hippocampus
BrainSEQ,Br1225,BrainSEQ hippocampus
BrainSEQ,Br1227,BrainSEQ hippocampus
BrainSEQ,Br1228,BrainSEQ hippocampus
BrainSEQ,Br1243,BrainSEQ hippocampus
BrainSEQ,Br1249,BrainSEQ hippocampus
BrainSEQ,Br1250,BrainSEQ hippocampus
BrainSEQ,Br1263,BrainSEQ hippocampus
BrainSEQ,Br1271,BrainSEQ hippocampus
BrainSEQ,Br1275,BrainSEQ hippocampus
BrainSEQ,Br1276,BrainSEQ hippocampus
BrainSEQ,Br1279,BrainSEQ hippocampus
BrainSEQ,Br1281,BrainSEQ hippocampus
BrainSEQ,Br1285,BrainSEQ hippocampus
BrainSEQ,Br1288,BrainSEQ hippocampus
BrainSEQ,Br1297,BrainSEQ hippocampus
BrainSEQ,Br1304,BrainSEQ hippocampus
BrainSEQ,Br1306,BrainSEQ hippocampus
BrainSEQ,Br1314,BrainSEQ hippocampus
BrainSEQ,Br1324,BrainSEQ hippocampus
BrainSEQ,Br1325,BrainSEQ hippocampus
BrainSEQ,Br1340,BrainSEQ hippocampus
BrainSEQ,Br1348,BrainSEQ hippocampus
BrainSEQ,Br1350,BrainSEQ hippocampus
BrainSEQ,Br1351,BrainSEQ hippocampus
BrainSEQ,Br1356,BrainSEQ hippocampus
BrainSEQ,Br1365,BrainSEQ hippocampus
BrainSEQ,Br1378,BrainSEQ hippocampus
BrainSEQ,Br1384,BrainSEQ hippocampus
BrainSEQ,Br1389,BrainSEQ hippocampus
BrainSEQ,Br1390,BrainSEQ hippocampus
BrainSEQ,Br1407,BrainSEQ hippocampus
BrainSEQ,Br1408,BrainSEQ hippocampus
BrainSEQ,Br1409,BrainSEQ hippocampus
BrainSEQ,Br1410,BrainSEQ hippocampus
BrainSEQ,Br1424,BrainSEQ hippocampus
BrainSEQ,Br1432,BrainSEQ hippocampus
BrainSEQ,Br1442,BrainSEQ hippocampus
BrainSEQ,Br1443,BrainSEQ hippocampus
BrainSEQ,Br1446,BrainSEQ hippocampus
BrainSEQ,Br1458,BrainSEQ hippocampus
BrainSEQ,Br1459,BrainSEQ hippocampus
BrainSEQ,Br1463,BrainSEQ hippocampus
BrainSEQ,Br1469,BrainSEQ hippocampus
BrainSEQ,Br1473,BrainSEQ hippocampus
BrainSEQ,Br1474,BrainSEQ hippocampus
BrainSEQ,Br1493,BrainSEQ hippocampus
BrainSEQ,Br1494,BrainSEQ hippocampus
BrainSEQ,Br1504,BrainSEQ hippocampus
BrainSEQ,Br1512,BrainSEQ hippocampus
BrainSEQ,Br1517,BrainSEQ hippocampus
BrainSEQ,Br1518,BrainSEQ hippocampus
BrainSEQ,Br1522,BrainSEQ hippocampus
BrainSEQ,Br1524,BrainSEQ hippocampus
BrainSEQ,Br1525,BrainSEQ hippocampus
BrainSEQ,Br1532,BrainSEQ hippocampus
BrainSEQ,Br1536,BrainSEQ hippocampus
BrainSEQ,Br1539,BrainSEQ hippocampus
BrainSEQ,Br1550,BrainSEQ hippocampus
BrainSEQ,Br1556,BrainSEQ hippocampus
BrainSEQ,Br1558,BrainSEQ hippocampus
BrainSEQ,Br1563,BrainSEQ hippocampus
BrainSEQ,Br1565,BrainSEQ hippocampus
BrainSEQ,Br1568,BrainSEQ hippocampus
BrainSEQ,Br1571,BrainSEQ hippocampus
BrainSEQ,Br1581,BrainSEQ hippocampus
BrainSEQ,Br1587,BrainSEQ hippocampus
BrainSEQ,Br1611,BrainSEQ hippocampus
BrainSEQ,Br1613,BrainSEQ hippocampus
BrainSEQ,Br1615,BrainSEQ hippocampus
BrainSEQ,Br1644,BrainSEQ hippocampus
BrainSEQ,Br1649,BrainSEQ hippocampus
BrainSEQ,Br1654,BrainSEQ hippocampus
BrainSEQ,Br1657,BrainSEQ hippocampus
BrainSEQ,Br1669,BrainSEQ hippocampus
BrainSEQ,Br1691,BrainSEQ hippocampus
BrainSEQ,Br1695,BrainSEQ hippocampus
BrainSEQ,Br1697,BrainSEQ hippocampus
BrainSEQ,Br1706,BrainSEQ hippocampus
BrainSEQ,Br1722,BrainSEQ hippocampus
BrainSEQ,Br1735,BrainSEQ hippocampus
BrainSEQ,Br1745,BrainSEQ hippocampus
BrainSEQ,Br1750,BrainSEQ hippocampus
BrainSEQ,Br1753,BrainSEQ hippocampus
BrainSEQ,Br1761,BrainSEQ hippocampus
BrainSEQ,Br1764,BrainSEQ hippocampus
BrainSEQ,Br1832,BrainSEQ hippocampus
BrainSEQ,Br1880,BrainSEQ hippocampus
BrainSEQ,Br1883,BrainSEQ hippocampus
BrainSEQ,Br1884,BrainSEQ hippocampus
BrainSEQ,Br1890,BrainSEQ hippocampus
BrainSEQ,Br1898,BrainSEQ hippocampus
BrainSEQ,Br1900,BrainSEQ hippocampus
BrainSEQ,Br1905,BrainSEQ hippocampus
BrainSEQ,Br1908,BrainSEQ hippocampus
BrainSEQ,Br1909,BrainSEQ hippocampus
BrainSEQ,Br1918,BrainSEQ hippocampus
BrainSEQ,Br1927,BrainSEQ hippocampus
BrainSEQ,Br1936,BrainSEQ hippocampus
BrainSEQ,Br1960,BrainSEQ hippocampus
BrainSEQ,Br1974,BrainSEQ hippocampus
BrainSEQ,Br1980,BrainSEQ hippocampus
BrainSEQ,Br1987,BrainSEQ hippocampus
BrainSEQ,Br1995,BrainSEQ hippocampus
BrainSEQ,Br1998,BrainSEQ hippocampus
BrainSEQ,Br2003,BrainSEQ hippocampus
BrainSEQ,Br2005,BrainSEQ hippocampus
BrainSEQ,Br2015,BrainSEQ hippocampus
BrainSEQ,Br2026,BrainSEQ hippocampus
BrainSEQ,Br2044,BrainSEQ hippocampus
BrainSEQ,Br2046,BrainSEQ hippocampus
BrainSEQ,Br2052,BrainSEQ hippocampus
BrainSEQ,Br2053,BrainSEQ hippocampus
BrainSEQ,Br2063,BrainSEQ hippocampus
BrainSEQ,Br2064,BrainSEQ hippocampus
BrainSEQ,Br2074,BrainSEQ hippocampus
BrainSEQ,Br2076,BrainSEQ hippocampus
BrainSEQ,Br2080,BrainSEQ hippocampus
BrainSEQ,Br2084,BrainSEQ hippocampus
BrainSEQ,Br2257,BrainSEQ hippocampus
BrainSEQ,Br2263,BrainSEQ hippocampus
BrainSEQ,Br2267,BrainSEQ hippocampus
BrainSEQ,Br2285,BrainSEQ hippocampus
BrainSEQ,Br2287,BrainSEQ hippocampus
BrainSEQ,Br2288,BrainSEQ hippocampus
BrainSEQ,Br2304,BrainSEQ hippocampus
BrainSEQ,Br2305,BrainSEQ hippocampus
BrainSEQ,Br2322,BrainSEQ hippocampus
BrainSEQ,Br2371,BrainSEQ hippocampus
BrainSEQ,Br2377,BrainSEQ hippocampus
BrainSEQ,Br2405,BrainSEQ hippocampus
BrainSEQ,Br2425,BrainSEQ hippocampus
BrainSEQ,Br2453,BrainSEQ hippocampus
BrainSEQ,Br2454,BrainSEQ hippocampus
BrainSEQ,Br2474,BrainSEQ hippocampus
BrainSEQ,Br2476,BrainSEQ hippocampus
BrainSEQ,Br2513,BrainSEQ hippocampus
BrainSEQ,Br2521,BrainSEQ hippocampus
BrainSEQ,Br2534,BrainSEQ hippocampus
BrainSEQ,Br2539,BrainSEQ hippocampus
BrainSEQ,Br2542,BrainSEQ hippocampus
BrainSEQ,Br2543,BrainSEQ hippocampus
BrainSEQ,Br2557,BrainSEQ hippocampus
BrainSEQ,Br2573,BrainSEQ hippocampus
BrainSEQ,Br2582,BrainSEQ hippocampus
BrainSEQ,Br2587,BrainSEQ hippocampus
BrainSEQ,Br5005,BrainSEQ hippocampus
BrainSEQ,Br5053,BrainSEQ hippocampus
BrainSEQ,Br5135,BrainSEQ hippocampus
BrainSEQ,Br5146,BrainSEQ hippocampus
BrainSEQ,Br5154,BrainSEQ hippocampus
BrainSEQ,Br5155,BrainSEQ hippocampus
BrainSEQ,Br5161,BrainSEQ hippocampus
BrainSEQ,Br5165,BrainSEQ hippocampus
BrainSEQ,Br5182,BrainSEQ hippocampus
BrainSEQ,Br5200,BrainSEQ hippocampus
BrainSEQ,Br5205,BrainSEQ hippocampus
BrainSEQ,Br5212,BrainSEQ hippocampus
BrainSEQ,Br5228,BrainSEQ hippocampus
BrainSEQ,Br5235,BrainSEQ hippocampus
BrainSEQ,Br5250,BrainSEQ hippocampus
BrainSEQ,Br5259,BrainSEQ hippocampus
BrainSEQ,Br5262,BrainSEQ hippocampus
BrainSEQ,Br5276,BrainSEQ hippocampus
BrainSEQ,Br5280,BrainSEQ hippocampus
BrainSEQ,Br5286,BrainSEQ hippocampus
BrainSEQ,Br5287,BrainSEQ hippocampus
BrainSEQ,Br5292,BrainSEQ hippocampus
BrainSEQ,Br5314,BrainSEQ hippocampus
BrainSEQ,Br5323,BrainSEQ hippocampus
BrainSEQ,Br5324,BrainSEQ hippocampus
BrainSEQ,Br5330,BrainSEQ hippocampus
BrainSEQ,Br5338,BrainSEQ hippocampus
BrainSEQ,Br5348,BrainSEQ hippocampus
BrainSEQ,Br5367,BrainSEQ hippocampus
BrainSEQ,Br5370,BrainSEQ hippocampus
BrainSEQ,Br822,BrainSEQ hippocampus
BrainSEQ,Br823,BrainSEQ hippocampus
BrainSEQ,Br836,BrainSEQ hippocampus
BrainSEQ,Br845,BrainSEQ hippocampus
BrainSEQ,Br846,BrainSEQ hippocampus
BrainSEQ,Br848,BrainSEQ hippocampus
BrainSEQ,Br852,BrainSEQ hippocampus
BrainSEQ,Br859,BrainSEQ hippocampus
BrainSEQ,Br863,BrainSEQ hippocampus
BrainSEQ,Br885,BrainSEQ hippocampus
BrainSEQ,Br887,BrainSEQ hippocampus
BrainSEQ,Br890,BrainSEQ hippocampus
BrainSEQ,Br894,BrainSEQ hippocampus
BrainSEQ,Br898,BrainSEQ hippocampus
BrainSEQ,Br909,BrainSEQ hippocampus
BrainSEQ,Br914,BrainSEQ hippocampus
BrainSEQ,Br918,BrainSEQ hippocampus
BrainSEQ,Br942,BrainSEQ hippocampus
BrainSEQ,Br948,BrainSEQ hippocampus
BrainSEQ,Br959,BrainSEQ hippocampus
BrainSEQ,Br973,BrainSEQ hippocampus
BrainSEQ,Br989,BrainSEQ hippocampus
BrainSEQ,Br991,BrainSEQ hippocampus
BrainSEQ,Br993,BrainSEQ hippocampus
BrainSEQ,Br0922,BrainSEQ DLPFC
BrainSEQ,Br1003,BrainSEQ DLPFC
BrainSEQ,Br1004,BrainSEQ DLPFC
BrainSEQ,Br1006,BrainSEQ DLPFC
BrainSEQ,Br1007,BrainSEQ DLPFC
BrainSEQ,Br1017,BrainSEQ DLPFC
BrainSEQ,Br1023,BrainSEQ DLPFC
BrainSEQ,Br1033,BrainSEQ DLPFC
BrainSEQ,Br1034,BrainSEQ DLPFC
BrainSEQ,Br1039,BrainSEQ DLPFC
BrainSEQ,Br1051,BrainSEQ DLPFC
BrainSEQ,Br1053,BrainSEQ DLPFC
BrainSEQ,Br1054,BrainSEQ DLPFC
BrainSEQ,Br1056,BrainSEQ DLPFC
BrainSEQ,Br1058,BrainSEQ DLPFC
BrainSEQ,Br1069,BrainSEQ DLPFC
BrainSEQ,Br1096,BrainSEQ DLPFC
BrainSEQ,Br1099,BrainSEQ DLPFC
BrainSEQ,Br1105,BrainSEQ DLPFC
BrainSEQ,Br1107,BrainSEQ DLPFC
BrainSEQ,Br1111,BrainSEQ DLPFC
BrainSEQ,Br1113,BrainSEQ DLPFC
BrainSEQ,Br1119,BrainSEQ DLPFC
BrainSEQ,Br1122,BrainSEQ DLPFC
BrainSEQ,Br1134,BrainSEQ DLPFC
BrainSEQ,Br1135,BrainSEQ DLPFC
BrainSEQ,Br1137,BrainSEQ DLPFC
BrainSEQ,Br1142,BrainSEQ DLPFC
BrainSEQ,Br1143,BrainSEQ DLPFC
BrainSEQ,Br1156,BrainSEQ DLPFC
BrainSEQ,Br1157,BrainSEQ DLPFC
BrainSEQ,Br1160,BrainSEQ DLPFC
BrainSEQ,Br1164,BrainSEQ DLPFC
BrainSEQ,Br1167,BrainSEQ DLPFC
BrainSEQ,Br1179,BrainSEQ DLPFC
BrainSEQ,Br1185,BrainSEQ DLPFC
BrainSEQ,Br1187,BrainSEQ DLPFC
BrainSEQ,Br1193,BrainSEQ DLPFC
BrainSEQ,Br1204,BrainSEQ DLPFC
BrainSEQ,Br1214,BrainSEQ DLPFC
BrainSEQ,Br1221,BrainSEQ DLPFC
BrainSEQ,Br1225,BrainSEQ DLPFC
BrainSEQ,Br1227,BrainSEQ DLPFC
BrainSEQ,Br1228,BrainSEQ DLPFC
BrainSEQ,Br1243,BrainSEQ DLPFC
BrainSEQ,Br1249,BrainSEQ DLPFC
BrainSEQ,Br1250,BrainSEQ DLPFC
BrainSEQ,Br1263,BrainSEQ DLPFC
BrainSEQ,Br1264,BrainSEQ DLPFC
BrainSEQ,Br1271,BrainSEQ DLPFC
BrainSEQ,Br1275,BrainSEQ DLPFC
BrainSEQ,Br1276,BrainSEQ DLPFC
BrainSEQ,Br1279,BrainSEQ DLPFC
BrainSEQ,Br1281,BrainSEQ DLPFC
BrainSEQ,Br1285,BrainSEQ DLPFC
BrainSEQ,Br1288,BrainSEQ DLPFC
BrainSEQ,Br1297,BrainSEQ DLPFC
BrainSEQ,Br1305,BrainSEQ DLPFC
BrainSEQ,Br1314,BrainSEQ DLPFC
BrainSEQ,Br1324,BrainSEQ DLPFC
BrainSEQ,Br1325,BrainSEQ DLPFC
BrainSEQ,Br1331,BrainSEQ DLPFC
BrainSEQ,Br1340,BrainSEQ DLPFC
BrainSEQ,Br1348,BrainSEQ DLPFC
BrainSEQ,Br1350,BrainSEQ DLPFC
BrainSEQ,Br1351,BrainSEQ DLPFC
BrainSEQ,Br1356,BrainSEQ DLPFC
BrainSEQ,Br1378,BrainSEQ DLPFC
BrainSEQ,Br1384,BrainSEQ DLPFC
BrainSEQ,Br1385,BrainSEQ DLPFC
BrainSEQ,Br1389,BrainSEQ DLPFC
BrainSEQ,Br1390,BrainSEQ DLPFC
BrainSEQ,Br1407,BrainSEQ DLPFC
BrainSEQ,Br1410,BrainSEQ DLPFC
BrainSEQ,Br1424,BrainSEQ DLPFC
BrainSEQ,Br1442,BrainSEQ DLPFC
BrainSEQ,Br1456,BrainSEQ DLPFC
BrainSEQ,Br1458,BrainSEQ DLPFC
BrainSEQ,Br1459,BrainSEQ DLPFC
BrainSEQ,Br1463,BrainSEQ DLPFC
BrainSEQ,Br1469,BrainSEQ DLPFC
BrainSEQ,Br1473,BrainSEQ DLPFC
BrainSEQ,Br1474,BrainSEQ DLPFC
BrainSEQ,Br1494,BrainSEQ DLPFC
BrainSEQ,Br1504,BrainSEQ DLPFC
BrainSEQ,Br1512,BrainSEQ DLPFC
BrainSEQ,Br1517,BrainSEQ DLPFC
BrainSEQ,Br1522,BrainSEQ DLPFC
BrainSEQ,Br1524,BrainSEQ DLPFC
BrainSEQ,Br1525,BrainSEQ DLPFC
BrainSEQ,Br1532,BrainSEQ DLPFC
BrainSEQ,Br1536,BrainSEQ DLPFC
BrainSEQ,Br1537,BrainSEQ DLPFC
BrainSEQ,Br1539,BrainSEQ DLPFC
BrainSEQ,Br1550,BrainSEQ DLPFC
BrainSEQ,Br1560,BrainSEQ DLPFC
BrainSEQ,Br1563,BrainSEQ DLPFC
BrainSEQ,Br1565,BrainSEQ DLPFC
BrainSEQ,Br1568,BrainSEQ DLPFC
BrainSEQ,Br1571,BrainSEQ DLPFC
BrainSEQ,Br1581,BrainSEQ DLPFC
BrainSEQ,Br1604,BrainSEQ DLPFC
BrainSEQ,Br1611,BrainSEQ DLPFC
BrainSEQ,Br1613,BrainSEQ DLPFC
BrainSEQ,Br1615,BrainSEQ DLPFC
BrainSEQ,Br1633,BrainSEQ DLPFC
BrainSEQ,Br1644,BrainSEQ DLPFC
BrainSEQ,Br1649,BrainSEQ DLPFC
BrainSEQ,Br1654,BrainSEQ DLPFC
BrainSEQ,Br1657,BrainSEQ DLPFC
BrainSEQ,Br1669,BrainSEQ DLPFC
BrainSEQ,Br1674,BrainSEQ DLPFC
BrainSEQ,Br1695,BrainSEQ DLPFC
BrainSEQ,Br1697,BrainSEQ DLPFC
BrainSEQ,Br1722,BrainSEQ DLPFC
BrainSEQ,Br1753,BrainSEQ DLPFC
BrainSEQ,Br1761,BrainSEQ DLPFC
BrainSEQ,Br1764,BrainSEQ DLPFC
BrainSEQ,Br1832,BrainSEQ DLPFC
BrainSEQ,Br1860,BrainSEQ DLPFC
BrainSEQ,Br1865,BrainSEQ DLPFC
BrainSEQ,Br1880,BrainSEQ DLPFC
BrainSEQ,Br1883,BrainSEQ DLPFC
BrainSEQ,Br1884,BrainSEQ DLPFC
BrainSEQ,Br1898,BrainSEQ DLPFC
BrainSEQ,Br1905,BrainSEQ DLPFC
BrainSEQ,Br1908,BrainSEQ DLPFC
BrainSEQ,Br1918,BrainSEQ DLPFC
BrainSEQ,Br1927,BrainSEQ DLPFC
BrainSEQ,Br1936,BrainSEQ DLPFC
BrainSEQ,Br1960,BrainSEQ DLPFC
BrainSEQ,Br1974,BrainSEQ DLPFC
BrainSEQ,Br1980,BrainSEQ DLPFC
BrainSEQ,Br2003,BrainSEQ DLPFC
BrainSEQ,Br2044,BrainSEQ DLPFC
BrainSEQ,Br2046,BrainSEQ DLPFC
BrainSEQ,Br2052,BrainSEQ DLPFC
BrainSEQ,Br2053,BrainSEQ DLPFC
BrainSEQ,Br2064,BrainSEQ DLPFC
BrainSEQ,Br2074,BrainSEQ DLPFC
BrainSEQ,Br2076,BrainSEQ DLPFC
BrainSEQ,Br2080,BrainSEQ DLPFC
BrainSEQ,Br2084,BrainSEQ DLPFC
BrainSEQ,Br2096,BrainSEQ DLPFC
BrainSEQ,Br2180,BrainSEQ DLPFC
BrainSEQ,Br2202,BrainSEQ DLPFC
BrainSEQ,Br2257,BrainSEQ DLPFC
BrainSEQ,Br2263,BrainSEQ DLPFC
BrainSEQ,Br2266,BrainSEQ DLPFC
BrainSEQ,Br2267,BrainSEQ DLPFC
BrainSEQ,Br2276,BrainSEQ DLPFC
BrainSEQ,Br2285,BrainSEQ DLPFC
BrainSEQ,Br2287,BrainSEQ DLPFC
BrainSEQ,Br2288,BrainSEQ DLPFC
BrainSEQ,Br2304,BrainSEQ DLPFC
BrainSEQ,Br2322,BrainSEQ DLPFC
BrainSEQ,Br2333,BrainSEQ DLPFC
BrainSEQ,Br2371,BrainSEQ DLPFC
BrainSEQ,Br2377,BrainSEQ DLPFC
BrainSEQ,Br2405,BrainSEQ DLPFC
BrainSEQ,Br2425,BrainSEQ DLPFC
BrainSEQ,Br2429,BrainSEQ DLPFC
BrainSEQ,Br2447,BrainSEQ DLPFC
BrainSEQ,Br2453,BrainSEQ DLPFC
BrainSEQ,Br2454,BrainSEQ DLPFC
BrainSEQ,Br2474,BrainSEQ DLPFC
BrainSEQ,Br2476,BrainSEQ DLPFC
BrainSEQ,Br2521,BrainSEQ DLPFC
BrainSEQ,Br2534,BrainSEQ DLPFC
BrainSEQ,Br2539,BrainSEQ DLPFC
BrainSEQ,Br2542,BrainSEQ DLPFC
BrainSEQ,Br2543,BrainSEQ DLPFC
BrainSEQ,Br2557,BrainSEQ DLPFC
BrainSEQ,Br2582,BrainSEQ DLPFC
BrainSEQ,Br5005,BrainSEQ DLPFC
BrainSEQ,Br5024,BrainSEQ DLPFC
BrainSEQ,Br5053,BrainSEQ DLPFC
BrainSEQ,Br5146,BrainSEQ DLPFC
BrainSEQ,Br5154,BrainSEQ DLPFC
BrainSEQ,Br5155,BrainSEQ DLPFC
BrainSEQ,Br5161,BrainSEQ DLPFC
BrainSEQ,Br5165,BrainSEQ DLPFC
BrainSEQ,Br5168,BrainSEQ DLPFC
BrainSEQ,Br5182,BrainSEQ DLPFC
BrainSEQ,Br5205,BrainSEQ DLPFC
BrainSEQ,Br5212,BrainSEQ DLPFC
BrainSEQ,Br5228,BrainSEQ DLPFC
BrainSEQ,Br5232,BrainSEQ DLPFC
BrainSEQ,Br5235,BrainSEQ DLPFC
BrainSEQ,Br5250,BrainSEQ DLPFC
BrainSEQ,Br5259,BrainSEQ DLPFC
BrainSEQ,Br5262,BrainSEQ DLPFC
BrainSEQ,Br5270,BrainSEQ DLPFC
BrainSEQ,Br5280,BrainSEQ DLPFC
BrainSEQ,Br5286,BrainSEQ DLPFC
BrainSEQ,Br5287,BrainSEQ DLPFC
BrainSEQ,Br5292,BrainSEQ DLPFC
BrainSEQ,Br5314,BrainSEQ DLPFC
BrainSEQ,Br5323,BrainSEQ DLPFC
BrainSEQ,Br822,BrainSEQ DLPFC
BrainSEQ,Br823,BrainSEQ DLPFC
BrainSEQ,Br827,BrainSEQ DLPFC
BrainSEQ,Br836,BrainSEQ DLPFC
BrainSEQ,Br845,BrainSEQ DLPFC
BrainSEQ,Br846,BrainSEQ DLPFC
BrainSEQ,Br848,BrainSEQ DLPFC
BrainSEQ,Br852,BrainSEQ DLPFC
BrainSEQ,Br859,BrainSEQ DLPFC
BrainSEQ,Br885,BrainSEQ DLPFC
BrainSEQ,Br887,BrainSEQ DLPFC
BrainSEQ,Br894,BrainSEQ DLPFC
BrainSEQ,Br898,BrainSEQ DLPFC
BrainSEQ,Br914,BrainSEQ DLPFC
BrainSEQ,Br926,BrainSEQ DLPFC
BrainSEQ,Br946,BrainSEQ DLPFC
BrainSEQ,Br948,BrainSEQ DLPFC
BrainSEQ,Br949,BrainSEQ DLPFC
BrainSEQ,Br959,BrainSEQ DLPFC
BrainSEQ,Br973,BrainSEQ DLPFC
BrainSEQ,Br989,BrainSEQ DLPFC
BrainSEQ,Br991,BrainSEQ DLPFC
BrainSEQ,Br993,BrainSEQ DLPFC
GTEx,GTEX-1117F,GTEx amygdala
GTEx,GTEX-111FC,GTEx amygdala
GTEx,GTEX-117XS,GTEx amygdala
GTEx,GTEX-11DXY,GTEx amygdala
GTEx,GTEX-11DYG,GTEx amygdala
GTEx,GTEX-11GS4,GTEx amygdala
GTEx,GTEX-11GSO,GTEx amygdala
GTEx,GTEX-11NUK,GTEx amygdala
GTEx,GTEX-11NV4,GTEx amygdala
GTEx,GTEX-11OF3,GTEx amygdala
GTEx,GTEX-11ONC,GTEx amygdala
GTEx,GTEX-11PRG,GTEx amygdala
GTEx,GTEX-11TTK,GTEx amygdala
GTEx,GTEX-11ZTS,GTEx amygdala
GTEx,GTEX-11ZU8,GTEx amygdala
GTEx,GTEX-11ZVC,GTEx amygdala
GTEx,GTEX-12WSA,GTEx amygdala
GTEx,GTEX-12WSC,GTEx amygdala
GTEx,GTEX-12WSD,GTEx amygdala
GTEx,GTEX-12WSF,GTEx amygdala
GTEx,GTEX-12WSH,GTEx amygdala
GTEx,GTEX-12ZZW,GTEx amygdala
GTEx,GTEX-12ZZY,GTEx amygdala
GTEx,GTEX-12ZZZ,GTEx amygdala
GTEx,GTEX-13112,GTEx amygdala
GTEx,GTEX-1313W,GTEx amygdala
GTEx,GTEX-131XH,GTEx amygdala
GTEx,GTEX-131YS,GTEx amygdala
GTEx,GTEX-1399T,GTEx amygdala
GTEx,GTEX-139T8,GTEx amygdala
GTEx,GTEX-13CZV,GTEx amygdala
GTEx,GTEX-13FHO,GTEx amygdala
GTEx,GTEX-13FLV,GTEx amygdala
GTEx,GTEX-13JVG,GTEx amygdala
GTEx,GTEX-13N1W,GTEx amygdala
GTEx,GTEX-13N2G,GTEx amygdala
GTEx,GTEX-13NYB,GTEx amygdala
GTEx,GTEX-13NYS,GTEx amygdala
GTEx,GTEX-13O3O,GTEx amygdala
GTEx,GTEX-13O3Q,GTEx amygdala
GTEx,GTEX-13OVH,GTEx amygdala
GTEx,GTEX-13OVJ,GTEx amygdala
GTEx,GTEX-13OVL,GTEx amygdala
GTEx,GTEX-13OW5,GTEx amygdala
GTEx,GTEX-13OW6,GTEx amygdala
GTEx,GTEX-13OW7,GTEx amygdala
GTEx,GTEX-13OW8,GTEx amygdala
GTEx,GTEX-13PLJ,GTEx amygdala
GTEx,GTEX-13PVQ,GTEx amygdala
GTEx,GTEX-13QIC,GTEx amygdala
GTEx,GTEX-13QJC,GTEx amygdala
GTEx,GTEX-13RTJ,GTEx amygdala
GTEx,GTEX-13SLW,GTEx amygdala
GTEx,GTEX-13SLX,GTEx amygdala
GTEx,GTEX-13VXU,GTEx amygdala
GTEx,GTEX-13X6I,GTEx amygdala
GTEx,GTEX-13X6J,GTEx amygdala
GTEx,GTEX-13X6K,GTEx amygdala
GTEx,GTEX-1445S,GTEx amygdala
GTEx,GTEX-144GL,GTEx amygdala
GTEx,GTEX-145LS,GTEx amygdala
GTEx,GTEX-145LU,GTEx amygdala
GTEx,GTEX-147F4,GTEx amygdala
GTEx,GTEX-147GR,GTEx amygdala
GTEx,GTEX-14ABY,GTEx amygdala
GTEx,GTEX-14ASI,GTEx amygdala
GTEx,GTEX-14BIM,GTEx amygdala
GTEx,GTEX-14BMV,GTEx amygdala
GTEx,GTEX-14C5O,GTEx amygdala
GTEx,GTEX-14DAQ,GTEx amygdala
GTEx,GTEX-14E7W,GTEx amygdala
GTEx,GTEX-14JFF,GTEx amygdala
GTEx,GTEX-14JG1,GTEx amygdala
GTEx,GTEX-14JIY,GTEx amygdala
GTEx,GTEX-14PJM,GTEx amygdala
GTEx,GTEX-14PN4,GTEx amygdala
GTEx,GTEX-14PQA,GTEx amygdala
GTEx,GTEX-15CHQ,GTEx amygdala
GTEx,GTEX-15DCD,GTEx amygdala
GTEx,GTEX-15DYW,GTEx amygdala
GTEx,GTEX-15EO6,GTEx amygdala
GTEx,GTEX-15ER7,GTEx amygdala
GTEx,GTEX-15RJE,GTEx amygdala
GTEx,GTEX-15SHU,GTEx amygdala
GTEx,GTEX-16YQH,GTEx amygdala
GTEx,GTEX-17EVP,GTEx amygdala
GTEx,GTEX-17EVQ,GTEx amygdala
GTEx,GTEX-17F97,GTEx amygdala
GTEx,GTEX-17HG3,GTEx amygdala
GTEx,GTEX-1A3MX,GTEx amygdala
GTEx,GTEX-1AX9I,GTEx amygdala
GTEx,GTEX-1B8L1,GTEx amygdala
GTEx,GTEX-1B996,GTEx amygdala
GTEx,GTEX-1C6VR,GTEx amygdala
GTEx,GTEX-1C6WA,GTEx amygdala
GTEx,GTEX-1CB4G,GTEx amygdala
GTEx,GTEX-1E1VI,GTEx amygdala
GTEx,GTEX-1EMGI,GTEx amygdala
GTEx,GTEX-1EX96,GTEx amygdala
GTEx,GTEX-1F48J,GTEx amygdala
GTEx,GTEX-1F6IF,GTEx amygdala
GTEx,GTEX-1F75A,GTEx amygdala
GTEx,GTEX-1F7RK,GTEx amygdala
GTEx,GTEX-1GF9W,GTEx amygdala
GTEx,GTEX-1GMR8,GTEx amygdala
GTEx,GTEX-1GN73,GTEx amygdala
GTEx,GTEX-1GTWX,GTEx amygdala
GTEx,GTEX-1GZ4I,GTEx amygdala
GTEx,GTEX-1H1CY,GTEx amygdala
GTEx,GTEX-1H1DG,GTEx amygdala
GTEx,GTEX-1H1ZS,GTEx amygdala
GTEx,GTEX-1H23P,GTEx amygdala
GTEx,GTEX-1H3NZ,GTEx amygdala
GTEx,GTEX-1H3O1,GTEx amygdala
GTEx,GTEX-1HB9E,GTEx amygdala
GTEx,GTEX-1HBPH,GTEx amygdala
GTEx,GTEX-1HBPI,GTEx amygdala
GTEx,GTEX-1HCU6,GTEx amygdala
GTEx,GTEX-1HFI6,GTEx amygdala
GTEx,GTEX-1I1GR,GTEx amygdala
GTEx,GTEX-1ICLZ,GTEx amygdala
GTEx,GTEX-1IY9M,GTEx amygdala
GTEx,GTEX-1J1OQ,GTEx amygdala
GTEx,GTEX-1J8EW,GTEx amygdala
GTEx,GTEX-1J8Q2,GTEx amygdala
GTEx,GTEX-1JJ6O,GTEx amygdala
GTEx,GTEX-1JMLX,GTEx amygdala
GTEx,GTEX-1JMOU,GTEx amygdala
GTEx,GTEX-1JMQJ,GTEx amygdala
GTEx,GTEX-1JMQK,GTEx amygdala
GTEx,GTEX-1JN1M,GTEx amygdala
GTEx,GTEX-1KWVE,GTEx amygdala
GTEx,GTEX-1LB8K,GTEx amygdala
GTEx,GTEX-1LH75,GTEx amygdala
GTEx,GTEX-1LKK1,GTEx amygdala
GTEx,GTEX-1LSVX,GTEx amygdala
GTEx,GTEX-1LVA9,GTEx amygdala
GTEx,GTEX-1LVAO,GTEx amygdala
GTEx,GTEX-1MJK2,GTEx amygdala
GTEx,GTEX-1N2DW,GTEx amygdala
GTEx,GTEX-1N2EE,GTEx amygdala
GTEx,GTEX-1N2EF,GTEx amygdala
GTEx,GTEX-1NV8Z,GTEx amygdala
GTEx,GTEX-1O9I2,GTEx amygdala
GTEx,GTEX-1OJC4,GTEx amygdala
GTEx,GTEX-1P4AB,GTEx amygdala
GTEx,GTEX-1PIIG,GTEx amygdala
GTEx,GTEX-1POEN,GTEx amygdala
GTEx,GTEX-1PPGY,GTEx amygdala
GTEx,GTEX-1PWST,GTEx amygdala
GTEx,GTEX-1QMI2,GTEx amygdala
GTEx,GTEX-1QP6S,GTEx amygdala
GTEx,GTEX-1R46S,GTEx amygdala
GTEx,GTEX-1RDX4,GTEx amygdala
GTEx,GTEX-1RLM8,GTEx amygdala
GTEx,GTEX-1RQEC,GTEx amygdala
GTEx,GTEX-1RQED,GTEx amygdala
GTEx,GTEX-N7MT,GTEx amygdala
GTEx,GTEX-NL4W,GTEx amygdala
GTEx,GTEX-NPJ7,GTEx amygdala
GTEx,GTEX-NPJ8,GTEx amygdala
GTEx,GTEX-OHPN,GTEx amygdala
GTEx,GTEX-PVOW,GTEx amygdala
GTEx,GTEX-Q2AG,GTEx amygdala
GTEx,GTEX-QVJO,GTEx amygdala
GTEx,GTEX-QVUS,GTEx amygdala
GTEx,GTEX-RNOR,GTEx amygdala
GTEx,GTEX-S7SE,GTEx amygdala
GTEx,GTEX-TSE9,GTEx amygdala
GTEx,GTEX-WHSE,GTEx amygdala
GTEx,GTEX-WVLH,GTEx amygdala
GTEx,GTEX-WZTO,GTEx amygdala
GTEx,GTEX-X4XX,GTEx amygdala
GTEx,GTEX-X585,GTEx amygdala
GTEx,GTEX-XLM4,GTEx amygdala
GTEx,GTEX-YFC4,GTEx amygdala
GTEx,GTEX-ZAB4,GTEx amygdala
GTEx,GTEX-ZAK1,GTEx amygdala
GTEx,GTEX-ZVZQ,GTEx amygdala
GTEx,GTEX-ZYY3,GTEx amygdala
GTEx,GTEX-ZZPT,GTEx amygdala
GTEx,GTEX-1117F,GTEx ACC BA24
GTEx,GTEX-111FC,GTEx ACC BA24
GTEx,GTEX-117XS,GTEx ACC BA24
GTEx,GTEX-1192W,GTEx ACC BA24
GTEx,GTEX-1192X,GTEx ACC BA24
GTEx,GTEX-11DXW,GTEx ACC BA24
GTEx,GTEX-11DXY,GTEx ACC BA24
GTEx,GTEX-11DYG,GTEx ACC BA24
GTEx,GTEX-11DZ1,GTEx ACC BA24
GTEx,GTEX-11GS4,GTEx ACC BA24
GTEx,GTEX-11GSO,GTEx ACC BA24
GTEx,GTEX-11GSP,GTEx ACC BA24
GTEx,GTEX-11H98,GTEx ACC BA24
GTEx,GTEX-11NUK,GTEx ACC BA24
GTEx,GTEX-11NV4,GTEx ACC BA24
GTEx,GTEX-11O72,GTEx ACC BA24
GTEx,GTEX-11OF3,GTEx ACC BA24
GTEx,GTEX-11PRG,GTEx ACC BA24
GTEx,GTEX-11UD1,GTEx ACC BA24
GTEx,GTEX-11WQC,GTEx ACC BA24
GTEx,GTEX-11WQK,GTEx ACC BA24
GTEx,GTEX-11ZTS,GTEx ACC BA24
GTEx,GTEX-11ZUS,GTEx ACC BA24
GTEx,GTEX-12126,GTEx ACC BA24
GTEx,GTEX-12WSC,GTEx ACC BA24
GTEx,GTEX-12WSD,GTEx ACC BA24
GTEx,GTEX-12WSE,GTEx ACC BA24
GTEx,GTEX-12WSF,GTEx ACC BA24
GTEx,GTEX-12WSI,GTEx ACC BA24
GTEx,GTEX-12WSM,GTEx ACC BA24
GTEx,GTEX-12ZZW,GTEx ACC BA24
GTEx,GTEX-12ZZX,GTEx ACC BA24
GTEx,GTEX-12ZZY,GTEx ACC BA24
GTEx,GTEX-12ZZZ,GTEx ACC BA24
GTEx,GTEX-13112,GTEx ACC BA24
GTEx,GTEX-1313W,GTEx ACC BA24
GTEx,GTEX-131XH,GTEx ACC BA24
GTEx,GTEX-131YS,GTEx ACC BA24
GTEx,GTEX-139T8,GTEx ACC BA24
GTEx,GTEX-139TT,GTEx ACC BA24
GTEx,GTEX-13CF2,GTEx ACC BA24
GTEx,GTEX-13CIG,GTEx ACC BA24
GTEx,GTEX-13CZV,GTEx ACC BA24
GTEx,GTEX-13FHO,GTEx ACC BA24
GTEx,GTEX-13FLV,GTEx ACC BA24
GTEx,GTEX-13JVG,GTEx ACC BA24
GTEx,GTEX-13N1W,GTEx ACC BA24
GTEx,GTEX-13N2G,GTEx ACC BA24
GTEx,GTEX-13NYB,GTEx ACC BA24
GTEx,GTEX-13NYS,GTEx ACC BA24
GTEx,GTEX-13O3O,GTEx ACC BA24
GTEx,GTEX-13O3Q,GTEx ACC BA24
GTEx,GTEX-13OVH,GTEx ACC BA24
GTEx,GTEX-13OVL,GTEx ACC BA24
GTEx,GTEX-13OW5,GTEx ACC BA24
GTEx,GTEX-13OW7,GTEx ACC BA24
GTEx,GTEX-13OW8,GTEx ACC BA24
GTEx,GTEX-13PLJ,GTEx ACC BA24
GTEx,GTEX-13PVQ,GTEx ACC BA24
GTEx,GTEX-13QIC,GTEx ACC BA24
GTEx,GTEX-13QJC,GTEx ACC BA24
GTEx,GTEX-13RTJ,GTEx ACC BA24
GTEx,GTEX-13RTL,GTEx ACC BA24
GTEx,GTEX-13S7M,GTEx ACC BA24
GTEx,GTEX-13SLW,GTEx ACC BA24
GTEx,GTEX-13VXU,GTEx ACC BA24
GTEx,GTEX-13X6I,GTEx ACC BA24
GTEx,GTEX-13X6J,GTEx ACC BA24
GTEx,GTEX-13X6K,GTEx ACC BA24
GTEx,GTEX-1445S,GTEx ACC BA24
GTEx,GTEX-144GL,GTEx ACC BA24
GTEx,GTEX-145LS,GTEx ACC BA24
GTEx,GTEX-145LU,GTEx ACC BA24
GTEx,GTEX-145MG,GTEx ACC BA24
GTEx,GTEX-145MH,GTEx ACC BA24
GTEx,GTEX-14753,GTEx ACC BA24
GTEx,GTEX-1477Z,GTEx ACC BA24
GTEx,GTEX-148VJ,GTEx ACC BA24
GTEx,GTEX-14BIM,GTEx ACC BA24
GTEx,GTEX-14BIN,GTEx ACC BA24
GTEx,GTEX-14BMV,GTEx ACC BA24
GTEx,GTEX-14C39,GTEx ACC BA24
GTEx,GTEX-14C5O,GTEx ACC BA24
GTEx,GTEX-14DAQ,GTEx ACC BA24
GTEx,GTEX-14E6C,GTEx ACC BA24
GTEx,GTEX-14E7W,GTEx ACC BA24
GTEx,GTEX-14JG1,GTEx ACC BA24
GTEx,GTEX-14JIY,GTEx ACC BA24
GTEx,GTEX-14LLW,GTEx ACC BA24
GTEx,GTEX-14LZ3,GTEx ACC BA24
GTEx,GTEX-14PJM,GTEx ACC BA24
GTEx,GTEX-14PJO,GTEx ACC BA24
GTEx,GTEX-14PN4,GTEx ACC BA24
GTEx,GTEX-14PQA,GTEx ACC BA24
GTEx,GTEX-15CHQ,GTEx ACC BA24
GTEx,GTEX-15DCD,GTEx ACC BA24
GTEx,GTEX-15DYW,GTEx ACC BA24
GTEx,GTEX-15EO6,GTEx ACC BA24
GTEx,GTEX-15ER7,GTEx ACC BA24
GTEx,GTEX-15G19,GTEx ACC BA24
GTEx,GTEX-15SHU,GTEx ACC BA24
GTEx,GTEX-16GPK,GTEx ACC BA24
GTEx,GTEX-16XZZ,GTEx ACC BA24
GTEx,GTEX-16YQH,GTEx ACC BA24
GTEx,GTEX-17EVP,GTEx ACC BA24
GTEx,GTEX-17EVQ,GTEx ACC BA24
GTEx,GTEX-17F97,GTEx ACC BA24
GTEx,GTEX-17HHY,GTEx ACC BA24
GTEx,GTEX-17HII,GTEx ACC BA24
GTEx,GTEX-18A6Q,GTEx ACC BA24
GTEx,GTEX-1A3MX,GTEx ACC BA24
GTEx,GTEX-1AX9I,GTEx ACC BA24
GTEx,GTEX-1B8L1,GTEx ACC BA24
GTEx,GTEX-1B933,GTEx ACC BA24
GTEx,GTEX-1B996,GTEx ACC BA24
GTEx,GTEX-1BAJH,GTEx ACC BA24
GTEx,GTEX-1C6WA,GTEx ACC BA24
GTEx,GTEX-1CAV2,GTEx ACC BA24
GTEx,GTEX-1CB4G,GTEx ACC BA24
GTEx,GTEX-1CB4H,GTEx ACC BA24
GTEx,GTEX-1CB4J,GTEx ACC BA24
GTEx,GTEX-1E1VI,GTEx ACC BA24
GTEx,GTEX-1EH9U,GTEx ACC BA24
GTEx,GTEX-1EMGI,GTEx ACC BA24
GTEx,GTEX-1EN7A,GTEx ACC BA24
GTEx,GTEX-1EU9M,GTEx ACC BA24
GTEx,GTEX-1EX96,GTEx ACC BA24
GTEx,GTEX-1F48J,GTEx ACC BA24
GTEx,GTEX-1F52S,GTEx ACC BA24
GTEx,GTEX-1F6I4,GTEx ACC BA24
GTEx,GTEX-1F75A,GTEx ACC BA24
GTEx,GTEX-1F7RK,GTEx ACC BA24
GTEx,GTEX-1GF9W,GTEx ACC BA24
GTEx,GTEX-1GMR8,GTEx ACC BA24
GTEx,GTEX-1GN1U,GTEx ACC BA24
GTEx,GTEX-1GN73,GTEx ACC BA24
GTEx,GTEX-1GTWX,GTEx ACC BA24
GTEx,GTEX-1GZ2Q,GTEx ACC BA24
GTEx,GTEX-1GZ4I,GTEx ACC BA24
GTEx,GTEX-1H1ZS,GTEx ACC BA24
GTEx,GTEX-1H23P,GTEx ACC BA24
GTEx,GTEX-1H2FU,GTEx ACC BA24
GTEx,GTEX-1H3O1,GTEx ACC BA24
GTEx,GTEX-1HB9E,GTEx ACC BA24
GTEx,GTEX-1HBPH,GTEx ACC BA24
GTEx,GTEX-1HCU6,GTEx ACC BA24
GTEx,GTEX-1HFI6,GTEx ACC BA24
GTEx,GTEX-1HGF4,GTEx ACC BA24
GTEx,GTEX-1HR98,GTEx ACC BA24
GTEx,GTEX-1HUB1,GTEx ACC BA24
GTEx,GTEX-1I1GR,GTEx ACC BA24
GTEx,GTEX-1I1GS,GTEx ACC BA24
GTEx,GTEX-1I1GV,GTEx ACC BA24
GTEx,GTEX-1ICLZ,GTEx ACC BA24
GTEx,GTEX-1IDJH,GTEx ACC BA24
GTEx,GTEX-1IKJJ,GTEx ACC BA24
GTEx,GTEX-1IKK5,GTEx ACC BA24
GTEx,GTEX-1IY9M,GTEx ACC BA24
GTEx,GTEX-1J1OQ,GTEx ACC BA24
GTEx,GTEX-1J8EW,GTEx ACC BA24
GTEx,GTEX-1J8Q2,GTEx ACC BA24
GTEx,GTEX-1JJ6O,GTEx ACC BA24
GTEx,GTEX-1JJEA,GTEx ACC BA24
GTEx,GTEX-1JMOU,GTEx ACC BA24
GTEx,GTEX-1JMPZ,GTEx ACC BA24
GTEx,GTEX-1JMQJ,GTEx ACC BA24
GTEx,GTEX-1JMQK,GTEx ACC BA24
GTEx,GTEX-1JMQL,GTEx ACC BA24
GTEx,GTEX-1JN6P,GTEx ACC BA24
GTEx,GTEX-1KD4Q,GTEx ACC BA24
GTEx,GTEX-1KD5A,GTEx ACC BA24
GTEx,GTEX-1KWVE,GTEx ACC BA24
GTEx,GTEX-1LB8K,GTEx ACC BA24
GTEx,GTEX-1LG7Y,GTEx ACC BA24
GTEx,GTEX-1LH75,GTEx ACC BA24
GTEx,GTEX-1LSNL,GTEx ACC BA24
GTEx,GTEX-1LSVX,GTEx ACC BA24
GTEx,GTEX-1LVAO,GTEx ACC BA24
GTEx,GTEX-1MA7X,GTEx ACC BA24
GTEx,GTEX-1MCQQ,GTEx ACC BA24
GTEx,GTEX-1MJK2,GTEx ACC BA24
GTEx,GTEX-1N2EE,GTEx ACC BA24
GTEx,GTEX-1N2EF,GTEx ACC BA24
GTEx,GTEX-1N5O9,GTEx ACC BA24
GTEx,GTEX-1NV8Z,GTEx ACC BA24
GTEx,GTEX-1O9I2,GTEx ACC BA24
GTEx,GTEX-1P4AB,GTEx ACC BA24
GTEx,GTEX-1PIIG,GTEx ACC BA24
GTEx,GTEX-1POEN,GTEx ACC BA24
GTEx,GTEX-1PPGY,GTEx ACC BA24
GTEx,GTEX-1PWST,GTEx ACC BA24
GTEx,GTEX-1QMI2,GTEx ACC BA24
GTEx,GTEX-1QP6S,GTEx ACC BA24
GTEx,GTEX-1R46S,GTEx ACC BA24
GTEx,GTEX-1RDX4,GTEx ACC BA24
GTEx,GTEX-1RLM8,GTEx ACC BA24
GTEx,GTEX-1RQEC,GTEx ACC BA24
GTEx,GTEX-1RQED,GTEx ACC BA24
GTEx,GTEX-N7MS,GTEx ACC BA24
GTEx,GTEX-NL3H,GTEx ACC BA24
GTEx,GTEX-P44H,GTEx ACC BA24
GTEx,GTEX-PVOW,GTEx ACC BA24
GTEx,GTEX-PWO3,GTEx ACC BA24
GTEx,GTEX-QDT8,GTEx ACC BA24
GTEx,GTEX-QVUS,GTEx ACC BA24
GTEx,GTEX-R55E,GTEx ACC BA24
GTEx,GTEX-RNOR,GTEx ACC BA24
GTEx,GTEX-T2IS,GTEx ACC BA24
GTEx,GTEX-UTHO,GTEx ACC BA24
GTEx,GTEX-WHSE,GTEx ACC BA24
GTEx,GTEX-WL46,GTEx ACC BA24
GTEx,GTEX-WZTO,GTEx ACC BA24
GTEx,GTEX-X4XX,GTEx ACC BA24
GTEx,GTEX-X4XY,GTEx ACC BA24
GTEx,GTEX-X585,GTEx ACC BA24
GTEx,GTEX-XLM4,GTEx ACC BA24
GTEx,GTEX-XMD1,GTEx ACC BA24
GTEx,GTEX-Y8DK,GTEx ACC BA24
GTEx,GTEX-YFC4,GTEx ACC BA24
GTEx,GTEX-YJ89,GTEx ACC BA24
GTEx,GTEX-Z93S,GTEx ACC BA24
GTEx,GTEX-ZAB4,GTEx ACC BA24
GTEx,GTEX-ZAJG,GTEx ACC BA24
GTEx,GTEX-ZAK1,GTEx ACC BA24
GTEx,GTEX-ZDXO,GTEx ACC BA24
GTEx,GTEX-ZE9C,GTEx ACC BA24
GTEx,GTEX-ZF28,GTEx ACC BA24
GTEx,GTEX-ZUA1,GTEx ACC BA24
GTEx,GTEX-ZVT3,GTEx ACC BA24
GTEx,GTEX-ZVZQ,GTEx ACC BA24
GTEx,GTEX-ZYFD,GTEx ACC BA24
GTEx,GTEX-ZYY3,GTEx ACC BA24
GTEx,GTEX-ZZPT,GTEx ACC BA24
GTEx,GTEX-1117F,GTEx caudate
GTEx,GTEX-111FC,GTEx caudate
GTEx,GTEX-117XS,GTEx caudate
GTEx,GTEX-1192W,GTEx caudate
GTEx,GTEX-1192X,GTEx caudate
GTEx,GTEX-11DXW,GTEx caudate
GTEx,GTEX-11DXY,GTEx caudate
GTEx,GTEX-11DYG,GTEx caudate
GTEx,GTEX-11DZ1,GTEx caudate
GTEx,GTEX-11EI6,GTEx caudate
GTEx,GTEX-11EMC,GTEx caudate
GTEx,GTEX-11GS4,GTEx caudate
GTEx,GTEX-11GSO,GTEx caudate
GTEx,GTEX-11GSP,GTEx caudate
GTEx,GTEX-11H98,GTEx caudate
GTEx,GTEX-11NUK,GTEx caudate
GTEx,GTEX-11NV4,GTEx caudate
GTEx,GTEX-11O72,GTEx caudate
GTEx,GTEX-11OF3,GTEx caudate
GTEx,GTEX-11ONC,GTEx caudate
GTEx,GTEX-11PRG,GTEx caudate
GTEx,GTEX-11TTK,GTEx caudate
GTEx,GTEX-11TUW,GTEx caudate
GTEx,GTEX-11UD1,GTEx caudate
GTEx,GTEX-11WQC,GTEx caudate
GTEx,GTEX-11ZU8,GTEx caudate
GTEx,GTEX-11ZUS,GTEx caudate
GTEx,GTEX-12126,GTEx caudate
GTEx,GTEX-12584,GTEx caudate
GTEx,GTEX-12WSA,GTEx caudate
GTEx,GTEX-12WSC,GTEx caudate
GTEx,GTEX-12WSD,GTEx caudate
GTEx,GTEX-12WSF,GTEx caudate
GTEx,GTEX-12WSM,GTEx caudate
GTEx,GTEX-12ZZW,GTEx caudate
GTEx,GTEX-12ZZX,GTEx caudate
GTEx,GTEX-12ZZY,GTEx caudate
GTEx,GTEX-12ZZZ,GTEx caudate
GTEx,GTEX-13112,GTEx caudate
GTEx,GTEX-1313W,GTEx caudate
GTEx,GTEX-131YS,GTEx caudate
GTEx,GTEX-132Q8,GTEx caudate
GTEx,GTEX-1399T,GTEx caudate
GTEx,GTEX-139T8,GTEx caudate
GTEx,GTEX-139TS,GTEx caudate
GTEx,GTEX-139TT,GTEx caudate
GTEx,GTEX-139TU,GTEx caudate
GTEx,GTEX-13CF2,GTEx caudate
GTEx,GTEX-13CIG,GTEx caudate
GTEx,GTEX-13CZV,GTEx caudate
GTEx,GTEX-13FHO,GTEx caudate
GTEx,GTEX-13FHP,GTEx caudate
GTEx,GTEX-13FLV,GTEx caudate
GTEx,GTEX-13FLW,GTEx caudate
GTEx,GTEX-13FXS,GTEx caudate
GTEx,GTEX-13G51,GTEx caudate
GTEx,GTEX-13JUV,GTEx caudate
GTEx,GTEX-13JVG,GTEx caudate
GTEx,GTEX-13N1W,GTEx caudate
GTEx,GTEX-13N2G,GTEx caudate
GTEx,GTEX-13NYB,GTEx caudate
GTEx,GTEX-13NYS,GTEx caudate
GTEx,GTEX-13NZA,GTEx caudate
GTEx,GTEX-13O3O,GTEx caudate
GTEx,GTEX-13O3Q,GTEx caudate
GTEx,GTEX-13OVH,GTEx caudate
GTEx,GTEX-13OVJ,GTEx caudate
GTEx,GTEX-13OVL,GTEx caudate
GTEx,GTEX-13OW5,GTEx caudate
GTEx,GTEX-13OW6,GTEx caudate
GTEx,GTEX-13OW7,GTEx caudate
GTEx,GTEX-13OW8,GTEx caudate
GTEx,GTEX-13PL6,GTEx caudate
GTEx,GTEX-13PLJ,GTEx caudate
GTEx,GTEX-13PVQ,GTEx caudate
GTEx,GTEX-13QJC,GTEx caudate
GTEx,GTEX-13RTJ,GTEx caudate
GTEx,GTEX-13S7M,GTEx caudate
GTEx,GTEX-13SLW,GTEx caudate
GTEx,GTEX-13SLX,GTEx caudate
GTEx,GTEX-13VXU,GTEx caudate
GTEx,GTEX-13X6I,GTEx caudate
GTEx,GTEX-13X6J,GTEx caudate
GTEx,GTEX-13X6K,GTEx caudate
GTEx,GTEX-1445S,GTEx caudate
GTEx,GTEX-144GL,GTEx caudate
GTEx,GTEX-144GO,GTEx caudate
GTEx,GTEX-145LS,GTEx caudate
GTEx,GTEX-145MG,GTEx caudate
GTEx,GTEX-145MH,GTEx caudate
GTEx,GTEX-14753,GTEx caudate
GTEx,GTEX-1477Z,GTEx caudate
GTEx,GTEX-14ABY,GTEx caudate
GTEx,GTEX-14ASI,GTEx caudate
GTEx,GTEX-14BIM,GTEx caudate
GTEx,GTEX-14BIN,GTEx caudate
GTEx,GTEX-14BMV,GTEx caudate
GTEx,GTEX-14C39,GTEx caudate
GTEx,GTEX-14C5O,GTEx caudate
GTEx,GTEX-14DAQ,GTEx caudate
GTEx,GTEX-14E6C,GTEx caudate
GTEx,GTEX-14E6D,GTEx caudate
GTEx,GTEX-14JG1,GTEx caudate
GTEx,GTEX-14JIY,GTEx caudate
GTEx,GTEX-14LLW,GTEx caudate
GTEx,GTEX-14LZ3,GTEx caudate
GTEx,GTEX-14PJO,GTEx caudate
GTEx,GTEX-14PN4,GTEx caudate
GTEx,GTEX-14PQA,GTEx caudate
GTEx,GTEX-15CHQ,GTEx caudate
GTEx,GTEX-15DCD,GTEx caudate
GTEx,GTEX-15DDE,GTEx caudate
GTEx,GTEX-15DYW,GTEx caudate
GTEx,GTEX-15EO6,GTEx caudate
GTEx,GTEX-15ER7,GTEx caudate
GTEx,GTEX-15G19,GTEx caudate
GTEx,GTEX-15RJE,GTEx caudate
GTEx,GTEX-15SHU,GTEx caudate
GTEx,GTEX-15UF6,GTEx caudate
GTEx,GTEX-16GPK,GTEx caudate
GTEx,GTEX-16NPV,GTEx caudate
GTEx,GTEX-16YQH,GTEx caudate
GTEx,GTEX-16Z82,GTEx caudate
GTEx,GTEX-17EVP,GTEx caudate
GTEx,GTEX-17EVQ,GTEx caudate
GTEx,GTEX-17F97,GTEx caudate
GTEx,GTEX-17HG3,GTEx caudate
GTEx,GTEX-17HHY,GTEx caudate
GTEx,GTEX-17HII,GTEx caudate
GTEx,GTEX-17MF6,GTEx caudate
GTEx,GTEX-183WM,GTEx caudate
GTEx,GTEX-18465,GTEx caudate
GTEx,GTEX-1A3MX,GTEx caudate
GTEx,GTEX-1A8G6,GTEx caudate
GTEx,GTEX-1A8G7,GTEx caudate
GTEx,GTEX-1AX9I,GTEx caudate
GTEx,GTEX-1B8L1,GTEx caudate
GTEx,GTEX-1B8SF,GTEx caudate
GTEx,GTEX-1B933,GTEx caudate
GTEx,GTEX-1B996,GTEx caudate
GTEx,GTEX-1C6VR,GTEx caudate
GTEx,GTEX-1C6VS,GTEx caudate
GTEx,GTEX-1C6WA,GTEx caudate
GTEx,GTEX-1CAV2,GTEx caudate
GTEx,GTEX-1CB4G,GTEx caudate
GTEx,GTEX-1CB4H,GTEx caudate
GTEx,GTEX-1CB4J,GTEx caudate
GTEx,GTEX-1E1VI,GTEx caudate
GTEx,GTEX-1E2YA,GTEx caudate
GTEx,GTEX-1EH9U,GTEx caudate
GTEx,GTEX-1EKGG,GTEx caudate
GTEx,GTEX-1EMGI,GTEx caudate
GTEx,GTEX-1EN7A,GTEx caudate
GTEx,GTEX-1EX96,GTEx caudate
GTEx,GTEX-1F48J,GTEx caudate
GTEx,GTEX-1F52S,GTEx caudate
GTEx,GTEX-1F6I4,GTEx caudate
GTEx,GTEX-1F6IF,GTEx caudate
GTEx,GTEX-1F75A,GTEx caudate
GTEx,GTEX-1F75B,GTEx caudate
GTEx,GTEX-1F75W,GTEx caudate
GTEx,GTEX-1F7RK,GTEx caudate
GTEx,GTEX-1GF9V,GTEx caudate
GTEx,GTEX-1GF9W,GTEx caudate
GTEx,GTEX-1GMR8,GTEx caudate
GTEx,GTEX-1GMRU,GTEx caudate
GTEx,GTEX-1GN1U,GTEx caudate
GTEx,GTEX-1GN2E,GTEx caudate
GTEx,GTEX-1GN73,GTEx caudate
GTEx,GTEX-1GPI6,GTEx caudate
GTEx,GTEX-1GTWX,GTEx caudate
GTEx,GTEX-1GZ2Q,GTEx caudate
GTEx,GTEX-1GZ4I,GTEx caudate
GTEx,GTEX-1H1CY,GTEx caudate
GTEx,GTEX-1H1DG,GTEx caudate
GTEx,GTEX-1H1ZS,GTEx caudate
GTEx,GTEX-1H23P,GTEx caudate
GTEx,GTEX-1H2FU,GTEx caudate
GTEx,GTEX-1H3NZ,GTEx caudate
GTEx,GTEX-1H3O1,GTEx caudate
GTEx,GTEX-1H3VE,GTEx caudate
GTEx,GTEX-1HB9E,GTEx caudate
GTEx,GTEX-1HBPH,GTEx caudate
GTEx,GTEX-1HBPI,GTEx caudate
GTEx,GTEX-1HCU6,GTEx caudate
GTEx,GTEX-1HCVE,GTEx caudate
GTEx,GTEX-1HFI6,GTEx caudate
GTEx,GTEX-1HGF4,GTEx caudate
GTEx,GTEX-1HR98,GTEx caudate
GTEx,GTEX-1HR9M,GTEx caudate
GTEx,GTEX-1HSKV,GTEx caudate
GTEx,GTEX-1HT8W,GTEx caudate
GTEx,GTEX-1HUB1,GTEx caudate
GTEx,GTEX-1I19N,GTEx caudate
GTEx,GTEX-1I1GQ,GTEx caudate
GTEx,GTEX-1I1GR,GTEx caudate
GTEx,GTEX-1I1GS,GTEx caudate
GTEx,GTEX-1I1GV,GTEx caudate
GTEx,GTEX-1I1HK,GTEx caudate
GTEx,GTEX-1ICLZ,GTEx caudate
GTEx,GTEX-1IDJH,GTEx caudate
GTEx,GTEX-1IGQW,GTEx caudate
GTEx,GTEX-1IKJJ,GTEx caudate
GTEx,GTEX-1IKK5,GTEx caudate
GTEx,GTEX-1IKOH,GTEx caudate
GTEx,GTEX-1IL2U,GTEx caudate
GTEx,GTEX-1IL2V,GTEx caudate
GTEx,GTEX-1IY9M,GTEx caudate
GTEx,GTEX-1J1OQ,GTEx caudate
GTEx,GTEX-1J8EW,GTEx caudate
GTEx,GTEX-1J8JJ,GTEx caudate
GTEx,GTEX-1J8Q2,GTEx caudate
GTEx,GTEX-1JMLX,GTEx caudate
GTEx,GTEX-1JMOU,GTEx caudate
GTEx,GTEX-1JMPZ,GTEx caudate
GTEx,GTEX-1JMQJ,GTEx caudate
GTEx,GTEX-1JMQK,GTEx caudate
GTEx,GTEX-1JMQL,GTEx caudate
GTEx,GTEX-1JN6P,GTEx caudate
GTEx,GTEX-1KD4Q,GTEx caudate
GTEx,GTEX-1KWVE,GTEx caudate
GTEx,GTEX-1LB8K,GTEx caudate
GTEx,GTEX-1LG7Y,GTEx caudate
GTEx,GTEX-1LH75,GTEx caudate
GTEx,GTEX-1LKK1,GTEx caudate
GTEx,GTEX-1LSNL,GTEx caudate
GTEx,GTEX-1LSVX,GTEx caudate
GTEx,GTEX-1LVA9,GTEx caudate
GTEx,GTEX-1LVAO,GTEx caudate
GTEx,GTEX-1MA7X,GTEx caudate
GTEx,GTEX-1MCQQ,GTEx caudate
GTEx,GTEX-1MJK2,GTEx caudate
GTEx,GTEX-1N2DW,GTEx caudate
GTEx,GTEX-1N2EE,GTEx caudate
GTEx,GTEX-1N2EF,GTEx caudate
GTEx,GTEX-1N5O9,GTEx caudate
GTEx,GTEX-1NV5F,GTEx caudate
GTEx,GTEX-1NV8Z,GTEx caudate
GTEx,GTEX-1O9I2,GTEx caudate
GTEx,GTEX-1OJC4,GTEx caudate
GTEx,GTEX-1P4AB,GTEx caudate
GTEx,GTEX-1PIIG,GTEx caudate
GTEx,GTEX-1POEN,GTEx caudate
GTEx,GTEX-1PPGY,GTEx caudate
GTEx,GTEX-1PWST,GTEx caudate
GTEx,GTEX-1QEPI,GTEx caudate
GTEx,GTEX-1QMI2,GTEx caudate
GTEx,GTEX-1QP6S,GTEx caudate
GTEx,GTEX-1R46S,GTEx caudate
GTEx,GTEX-1R9K4,GTEx caudate
GTEx,GTEX-1R9PO,GTEx caudate
GTEx,GTEX-1RAZS,GTEx caudate
GTEx,GTEX-1RDX4,GTEx caudate
GTEx,GTEX-1RLM8,GTEx caudate
GTEx,GTEX-1RQEC,GTEx caudate
GTEx,GTEX-1RQED,GTEx caudate
GTEx,GTEX-N7MS,GTEx caudate
GTEx,GTEX-NL3H,GTEx caudate
GTEx,GTEX-NL4W,GTEx caudate
GTEx,GTEX-NPJ7,GTEx caudate
GTEx,GTEX-NPJ8,GTEx caudate
GTEx,GTEX-PVOW,GTEx caudate
GTEx,GTEX-PWO3,GTEx caudate
GTEx,GTEX-Q2AG,GTEx caudate
GTEx,GTEX-QDT8,GTEx caudate
GTEx,GTEX-QMR6,GTEx caudate
GTEx,GTEX-QVJO,GTEx caudate
GTEx,GTEX-S7PM,GTEx caudate
GTEx,GTEX-T2IS,GTEx caudate
GTEx,GTEX-T5JC,GTEx caudate
GTEx,GTEX-T6MN,GTEx caudate
GTEx,GTEX-UTHO,GTEx caudate
GTEx,GTEX-WHSE,GTEx caudate
GTEx,GTEX-WL46,GTEx caudate
GTEx,GTEX-WVLH,GTEx caudate
GTEx,GTEX-WWYW,GTEx caudate
GTEx,GTEX-WZTO,GTEx caudate
GTEx,GTEX-X261,GTEx caudate
GTEx,GTEX-X4XX,GTEx caudate
GTEx,GTEX-X585,GTEx caudate
GTEx,GTEX-XMD1,GTEx caudate
GTEx,GTEX-Y8DK,GTEx caudate
GTEx,GTEX-YFC4,GTEx caudate
GTEx,GTEX-YJ89,GTEx caudate
GTEx,GTEX-Z93S,GTEx caudate
GTEx,GTEX-ZAB4,GTEx caudate
GTEx,GTEX-ZAJG,GTEx caudate
GTEx,GTEX-ZAK1,GTEx caudate
GTEx,GTEX-ZDXO,GTEx caudate
GTEx,GTEX-ZE7O,GTEx caudate
GTEx,GTEX-ZE9C,GTEx caudate
GTEx,GTEX-ZF28,GTEx caudate
GTEx,GTEX-ZUA1,GTEx caudate
GTEx,GTEX-ZV68,GTEx caudate
GTEx,GTEX-ZVT3,GTEx caudate
GTEx,GTEX-ZVZQ,GTEx caudate
GTEx,GTEX-ZXG5,GTEx caudate
GTEx,GTEX-ZYFD,GTEx caudate
GTEx,GTEX-ZYY3,GTEx caudate
GTEx,GTEX-ZZPT,GTEx caudate
GTEx,GTEX-1117F,GTEx cerebellar hem.
GTEx,GTEX-111FC,GTEx cerebellar hem.
GTEx,GTEX-117XS,GTEx cerebellar hem.
GTEx,GTEX-1192W,GTEx cerebellar hem.
GTEx,GTEX-1192X,GTEx cerebellar hem.
GTEx,GTEX-11DXW,GTEx cerebellar hem.
GTEx,GTEX-11DXY,GTEx cerebellar hem.
GTEx,GTEX-11DYG,GTEx cerebellar hem.
GTEx,GTEX-11DZ1,GTEx cerebellar hem.
GTEx,GTEX-11EI6,GTEx cerebellar hem.
GTEx,GTEX-11EMC,GTEx cerebellar hem.
GTEx,GTEX-11GS4,GTEx cerebellar hem.
GTEx,GTEX-11GSO,GTEx cerebellar hem.
GTEx,GTEX-11GSP,GTEx cerebellar hem.
GTEx,GTEX-11H98,GTEx cerebellar hem.
GTEx,GTEX-11NUK,GTEx cerebellar hem.
GTEx,GTEX-11NV4,GTEx cerebellar hem.
GTEx,GTEX-11O72,GTEx cerebellar hem.
GTEx,GTEX-11OF3,GTEx cerebellar hem.
GTEx,GTEX-11ONC,GTEx cerebellar hem.
GTEx,GTEX-11PRG,GTEx cerebellar hem.
GTEx,GTEX-11TTK,GTEx cerebellar hem.
GTEx,GTEX-11UD1,GTEx cerebellar hem.
GTEx,GTEX-11WQC,GTEx cerebellar hem.
GTEx,GTEX-11ZTS,GTEx cerebellar hem.
GTEx,GTEX-11ZUS,GTEx cerebellar hem.
GTEx,GTEX-11ZVC,GTEx cerebellar hem.
GTEx,GTEX-12126,GTEx cerebellar hem.
GTEx,GTEX-12WSC,GTEx cerebellar hem.
GTEx,GTEX-12WSD,GTEx cerebellar hem.
GTEx,GTEX-12WSE,GTEx cerebellar hem.
GTEx,GTEX-12WSF,GTEx cerebellar hem.
GTEx,GTEX-12WSH,GTEx cerebellar hem.
GTEx,GTEX-12WSI,GTEx cerebellar hem.
GTEx,GTEX-12WSM,GTEx cerebellar hem.
GTEx,GTEX-12ZZX,GTEx cerebellar hem.
GTEx,GTEX-12ZZZ,GTEx cerebellar hem.
GTEx,GTEX-13112,GTEx cerebellar hem.
GTEx,GTEX-1313W,GTEx cerebellar hem.
GTEx,GTEX-131XH,GTEx cerebellar hem.
GTEx,GTEX-131XW,GTEx cerebellar hem.
GTEx,GTEX-131YS,GTEx cerebellar hem.
GTEx,GTEX-132Q8,GTEx cerebellar hem.
GTEx,GTEX-1399T,GTEx cerebellar hem.
GTEx,GTEX-139TT,GTEx cerebellar hem.
GTEx,GTEX-139UW,GTEx cerebellar hem.
GTEx,GTEX-13CF2,GTEx cerebellar hem.
GTEx,GTEX-13CIG,GTEx cerebellar hem.
GTEx,GTEX-13CZV,GTEx cerebellar hem.
GTEx,GTEX-13FHO,GTEx cerebellar hem.
GTEx,GTEX-13FHP,GTEx cerebellar hem.
GTEx,GTEX-13FLV,GTEx cerebellar hem.
GTEx,GTEX-13FTY,GTEx cerebellar hem.
GTEx,GTEX-13FXS,GTEx cerebellar hem.
GTEx,GTEX-13G51,GTEx cerebellar hem.
GTEx,GTEX-13IVO,GTEx cerebellar hem.
GTEx,GTEX-13JUV,GTEx cerebellar hem.
GTEx,GTEX-13JVG,GTEx cerebellar hem.
GTEx,GTEX-13N2G,GTEx cerebellar hem.
GTEx,GTEX-13NYB,GTEx cerebellar hem.
GTEx,GTEX-13NYS,GTEx cerebellar hem.
GTEx,GTEX-13NZA,GTEx cerebellar hem.
GTEx,GTEX-13O3O,GTEx cerebellar hem.
GTEx,GTEX-13O3Q,GTEx cerebellar hem.
GTEx,GTEX-13OVH,GTEx cerebellar hem.
GTEx,GTEX-13OVJ,GTEx cerebellar hem.
GTEx,GTEX-13OVL,GTEx cerebellar hem.
GTEx,GTEX-13OW5,GTEx cerebellar hem.
GTEx,GTEX-13OW6,GTEx cerebellar hem.
GTEx,GTEX-13OW7,GTEx cerebellar hem.
GTEx,GTEX-13OW8,GTEx cerebellar hem.
GTEx,GTEX-13PLJ,GTEx cerebellar hem.
GTEx,GTEX-13PVQ,GTEx cerebellar hem.
GTEx,GTEX-13QIC,GTEx cerebellar hem.
GTEx,GTEX-13QJC,GTEx cerebellar hem.
GTEx,GTEX-13RTJ,GTEx cerebellar hem.
GTEx,GTEX-13S7M,GTEx cerebellar hem.
GTEx,GTEX-13SLW,GTEx cerebellar hem.
GTEx,GTEX-13SLX,GTEx cerebellar hem.
GTEx,GTEX-13VXU,GTEx cerebellar hem.
GTEx,GTEX-13X6I,GTEx cerebellar hem.
GTEx,GTEX-13X6J,GTEx cerebellar hem.
GTEx,GTEX-13X6K,GTEx cerebellar hem.
GTEx,GTEX-144GL,GTEx cerebellar hem.
GTEx,GTEX-145LS,GTEx cerebellar hem.
GTEx,GTEX-145LU,GTEx cerebellar hem.
GTEx,GTEX-145MH,GTEx cerebellar hem.
GTEx,GTEX-145MI,GTEx cerebellar hem.
GTEx,GTEX-147F4,GTEx cerebellar hem.
GTEx,GTEX-14ABY,GTEx cerebellar hem.
GTEx,GTEX-14ASI,GTEx cerebellar hem.
GTEx,GTEX-14BIM,GTEx cerebellar hem.
GTEx,GTEX-14BIN,GTEx cerebellar hem.
GTEx,GTEX-14BMV,GTEx cerebellar hem.
GTEx,GTEX-14C39,GTEx cerebellar hem.
GTEx,GTEX-14C5O,GTEx cerebellar hem.
GTEx,GTEX-14DAQ,GTEx cerebellar hem.
GTEx,GTEX-14E6D,GTEx cerebellar hem.
GTEx,GTEX-14E7W,GTEx cerebellar hem.
GTEx,GTEX-14JFF,GTEx cerebellar hem.
GTEx,GTEX-14JG1,GTEx cerebellar hem.
GTEx,GTEX-14JIY,GTEx cerebellar hem.
GTEx,GTEX-14PJO,GTEx cerebellar hem.
GTEx,GTEX-14PN4,GTEx cerebellar hem.
GTEx,GTEX-15CHQ,GTEx cerebellar hem.
GTEx,GTEX-15DCD,GTEx cerebellar hem.
GTEx,GTEX-15DDE,GTEx cerebellar hem.
GTEx,GTEX-15DYW,GTEx cerebellar hem.
GTEx,GTEX-15EO6,GTEx cerebellar hem.
GTEx,GTEX-15ER7,GTEx cerebellar hem.
GTEx,GTEX-15G19,GTEx cerebellar hem.
GTEx,GTEX-15RJE,GTEx cerebellar hem.
GTEx,GTEX-16GPK,GTEx cerebellar hem.
GTEx,GTEX-16NPV,GTEx cerebellar hem.
GTEx,GTEX-16XZZ,GTEx cerebellar hem.
GTEx,GTEX-16YQH,GTEx cerebellar hem.
GTEx,GTEX-16Z82,GTEx cerebellar hem.
GTEx,GTEX-17EVP,GTEx cerebellar hem.
GTEx,GTEX-17EVQ,GTEx cerebellar hem.
GTEx,GTEX-17F97,GTEx cerebellar hem.
GTEx,GTEX-17HG3,GTEx cerebellar hem.
GTEx,GTEX-17HII,GTEx cerebellar hem.
GTEx,GTEX-17JCI,GTEx cerebellar hem.
GTEx,GTEX-183WM,GTEx cerebellar hem.
GTEx,GTEX-18465,GTEx cerebellar hem.
GTEx,GTEX-18A6Q,GTEx cerebellar hem.
GTEx,GTEX-1A3MX,GTEx cerebellar hem.
GTEx,GTEX-1AX9I,GTEx cerebellar hem.
GTEx,GTEX-1B8L1,GTEx cerebellar hem.
GTEx,GTEX-1B8SF,GTEx cerebellar hem.
GTEx,GTEX-1B8SG,GTEx cerebellar hem.
GTEx,GTEX-1B933,GTEx cerebellar hem.
GTEx,GTEX-1BAJH,GTEx cerebellar hem.
GTEx,GTEX-1C64N,GTEx cerebellar hem.
GTEx,GTEX-1CAV2,GTEx cerebellar hem.
GTEx,GTEX-1CB4G,GTEx cerebellar hem.
GTEx,GTEX-1E1VI,GTEx cerebellar hem.
GTEx,GTEX-1EKGG,GTEx cerebellar hem.
GTEx,GTEX-1EMGI,GTEx cerebellar hem.
GTEx,GTEX-1F48J,GTEx cerebellar hem.
GTEx,GTEX-1F52S,GTEx cerebellar hem.
GTEx,GTEX-1F6I4,GTEx cerebellar hem.
GTEx,GTEX-1F6IF,GTEx cerebellar hem.
GTEx,GTEX-1F75A,GTEx cerebellar hem.
GTEx,GTEX-1F75B,GTEx cerebellar hem.
GTEx,GTEX-1F75W,GTEx cerebellar hem.
GTEx,GTEX-1F7RK,GTEx cerebellar hem.
GTEx,GTEX-1GF9W,GTEx cerebellar hem.
GTEx,GTEX-1GMR8,GTEx cerebellar hem.
GTEx,GTEX-1GMRU,GTEx cerebellar hem.
GTEx,GTEX-1GN1V,GTEx cerebellar hem.
GTEx,GTEX-1GN2E,GTEx cerebellar hem.
GTEx,GTEX-1GN73,GTEx cerebellar hem.
GTEx,GTEX-1GTWX,GTEx cerebellar hem.
GTEx,GTEX-1GZ2Q,GTEx cerebellar hem.
GTEx,GTEX-1GZ4I,GTEx cerebellar hem.
GTEx,GTEX-1GZHY,GTEx cerebellar hem.
GTEx,GTEX-1H1CY,GTEx cerebellar hem.
GTEx,GTEX-1H1DG,GTEx cerebellar hem.
GTEx,GTEX-1H1ZS,GTEx cerebellar hem.
GTEx,GTEX-1H2FU,GTEx cerebellar hem.
GTEx,GTEX-1H3NZ,GTEx cerebellar hem.
GTEx,GTEX-1H3O1,GTEx cerebellar hem.
GTEx,GTEX-1H3VE,GTEx cerebellar hem.
GTEx,GTEX-1H4P4,GTEx cerebellar hem.
GTEx,GTEX-1HB9E,GTEx cerebellar hem.
GTEx,GTEX-1HBPH,GTEx cerebellar hem.
GTEx,GTEX-1HBPI,GTEx cerebellar hem.
GTEx,GTEX-1HCU6,GTEx cerebellar hem.
GTEx,GTEX-1HFI6,GTEx cerebellar hem.
GTEx,GTEX-1HGF4,GTEx cerebellar hem.
GTEx,GTEX-1HR98,GTEx cerebellar hem.
GTEx,GTEX-1HSKV,GTEx cerebellar hem.
GTEx,GTEX-1HUB1,GTEx cerebellar hem.
GTEx,GTEX-1I19N,GTEx cerebellar hem.
GTEx,GTEX-1I1GQ,GTEx cerebellar hem.
GTEx,GTEX-1I1GR,GTEx cerebellar hem.
GTEx,GTEX-1I1GS,GTEx cerebellar hem.
GTEx,GTEX-1I1GV,GTEx cerebellar hem.
GTEx,GTEX-1I1HK,GTEx cerebellar hem.
GTEx,GTEX-1ICLZ,GTEx cerebellar hem.
GTEx,GTEX-1IDJH,GTEx cerebellar hem.
GTEx,GTEX-1IGQW,GTEx cerebellar hem.
GTEx,GTEX-1IKK5,GTEx cerebellar hem.
GTEx,GTEX-1IKOH,GTEx cerebellar hem.
GTEx,GTEX-1IL2U,GTEx cerebellar hem.
GTEx,GTEX-1IL2V,GTEx cerebellar hem.
GTEx,GTEX-1IOXB,GTEx cerebellar hem.
GTEx,GTEX-1IY9M,GTEx cerebellar hem.
GTEx,GTEX-1J1OQ,GTEx cerebellar hem.
GTEx,GTEX-1J8EW,GTEx cerebellar hem.
GTEx,GTEX-1J8Q2,GTEx cerebellar hem.
GTEx,GTEX-1JJ6O,GTEx cerebellar hem.
GTEx,GTEX-1JJEA,GTEx cerebellar hem.
GTEx,GTEX-1JMLX,GTEx cerebellar hem.
GTEx,GTEX-1JMOU,GTEx cerebellar hem.
GTEx,GTEX-1JMQJ,GTEx cerebellar hem.
GTEx,GTEX-1JN1M,GTEx cerebellar hem.
GTEx,GTEX-1KANB,GTEx cerebellar hem.
GTEx,GTEX-1KD4Q,GTEx cerebellar hem.
GTEx,GTEX-1KD5A,GTEx cerebellar hem.
GTEx,GTEX-1KWVE,GTEx cerebellar hem.
GTEx,GTEX-1LG7Y,GTEx cerebellar hem.
GTEx,GTEX-1LH75,GTEx cerebellar hem.
GTEx,GTEX-1LKK1,GTEx cerebellar hem.
GTEx,GTEX-1LSNL,GTEx cerebellar hem.
GTEx,GTEX-1LSVX,GTEx cerebellar hem.
GTEx,GTEX-1LVA9,GTEx cerebellar hem.
GTEx,GTEX-1LVAO,GTEx cerebellar hem.
GTEx,GTEX-1M4P7,GTEx cerebellar hem.
GTEx,GTEX-1MCQQ,GTEx cerebellar hem.
GTEx,GTEX-1MJK2,GTEx cerebellar hem.
GTEx,GTEX-1N2DW,GTEx cerebellar hem.
GTEx,GTEX-1N2EE,GTEx cerebellar hem.
GTEx,GTEX-1N5O9,GTEx cerebellar hem.
GTEx,GTEX-1NV8Z,GTEx cerebellar hem.
GTEx,GTEX-1O9I2,GTEx cerebellar hem.
GTEx,GTEX-1OJC4,GTEx cerebellar hem.
GTEx,GTEX-1P4AB,GTEx cerebellar hem.
GTEx,GTEX-1PIIG,GTEx cerebellar hem.
GTEx,GTEX-1POEN,GTEx cerebellar hem.
GTEx,GTEX-1PPGY,GTEx cerebellar hem.
GTEx,GTEX-1PWST,GTEx cerebellar hem.
GTEx,GTEX-1QEPI,GTEx cerebellar hem.
GTEx,GTEX-1QMI2,GTEx cerebellar hem.
GTEx,GTEX-1QP6S,GTEx cerebellar hem.
GTEx,GTEX-1R46S,GTEx cerebellar hem.
GTEx,GTEX-1R9K4,GTEx cerebellar hem.
GTEx,GTEX-1R9PO,GTEx cerebellar hem.
GTEx,GTEX-1RDX4,GTEx cerebellar hem.
GTEx,GTEX-1RLM8,GTEx cerebellar hem.
GTEx,GTEX-1RQED,GTEx cerebellar hem.
GTEx,GTEX-N7MS,GTEx cerebellar hem.
GTEx,GTEX-NL3H,GTEx cerebellar hem.
GTEx,GTEX-NL4W,GTEx cerebellar hem.
GTEx,GTEX-NPJ7,GTEx cerebellar hem.
GTEx,GTEX-OHPN,GTEx cerebellar hem.
GTEx,GTEX-P44H,GTEx cerebellar hem.
GTEx,GTEX-PVOW,GTEx cerebellar hem.
GTEx,GTEX-Q2AG,GTEx cerebellar hem.
GTEx,GTEX-QDT8,GTEx cerebellar hem.
GTEx,GTEX-QMR6,GTEx cerebellar hem.
GTEx,GTEX-R55E,GTEx cerebellar hem.
GTEx,GTEX-RU72,GTEx cerebellar hem.
GTEx,GTEX-RVPV,GTEx cerebellar hem.
GTEx,GTEX-T2IS,GTEx cerebellar hem.
GTEx,GTEX-T5JC,GTEx cerebellar hem.
GTEx,GTEX-T6MN,GTEx cerebellar hem.
GTEx,GTEX-TSE9,GTEx cerebellar hem.
GTEx,GTEX-UTHO,GTEx cerebellar hem.
GTEx,GTEX-WHSE,GTEx cerebellar hem.
GTEx,GTEX-WL46,GTEx cerebellar hem.
GTEx,GTEX-WVLH,GTEx cerebellar hem.
GTEx,GTEX-WWYW,GTEx cerebellar hem.
GTEx,GTEX-WZTO,GTEx cerebellar hem.
GTEx,GTEX-X261,GTEx cerebellar hem.
GTEx,GTEX-X4EP,GTEx cerebellar hem.
GTEx,GTEX-X4XX,GTEx cerebellar hem.
GTEx,GTEX-X585,GTEx cerebellar hem.
GTEx,GTEX-XMD1,GTEx cerebellar hem.
GTEx,GTEX-Y8DK,GTEx cerebellar hem.
GTEx,GTEX-YFC4,GTEx cerebellar hem.
GTEx,GTEX-YJ89,GTEx cerebellar hem.
GTEx,GTEX-Z93S,GTEx cerebellar hem.
GTEx,GTEX-ZAB4,GTEx cerebellar hem.
GTEx,GTEX-ZAJG,GTEx cerebellar hem.
GTEx,GTEX-ZAK1,GTEx cerebellar hem.
GTEx,GTEX-ZDXO,GTEx cerebellar hem.
GTEx,GTEX-ZE7O,GTEx cerebellar hem.
GTEx,GTEX-ZE9C,GTEx cerebellar hem.
GTEx,GTEX-ZF28,GTEx cerebellar hem.
GTEx,GTEX-ZUA1,GTEx cerebellar hem.
GTEx,GTEX-ZVT3,GTEx cerebellar hem.
GTEx,GTEX-ZVZQ,GTEx cerebellar hem.
GTEx,GTEX-ZYFD,GTEx cerebellar hem.
GTEx,GTEX-ZYY3,GTEx cerebellar hem.
GTEx,GTEX-ZZPT,GTEx cerebellar hem.
GTEx,GTEX-111FC,GTEx cerebellum
GTEx,GTEX-1128S,GTEx cerebellum
GTEx,GTEX-117XS,GTEx cerebellum
GTEx,GTEX-1192X,GTEx cerebellum
GTEx,GTEX-11DXW,GTEx cerebellum
GTEx,GTEX-11DXY,GTEx cerebellum
GTEx,GTEX-11DYG,GTEx cerebellum
GTEx,GTEX-11DZ1,GTEx cerebellum
GTEx,GTEX-11EI6,GTEx cerebellum
GTEx,GTEX-11EMC,GTEx cerebellum
GTEx,GTEX-11GSO,GTEx cerebellum
GTEx,GTEX-11GSP,GTEx cerebellum
GTEx,GTEX-11NUK,GTEx cerebellum
GTEx,GTEX-11NV4,GTEx cerebellum
GTEx,GTEX-11O72,GTEx cerebellum
GTEx,GTEX-11OC5,GTEx cerebellum
GTEx,GTEX-11OF3,GTEx cerebellum
GTEx,GTEX-11ONC,GTEx cerebellum
GTEx,GTEX-11PRG,GTEx cerebellum
GTEx,GTEX-11TTK,GTEx cerebellum
GTEx,GTEX-11UD1,GTEx cerebellum
GTEx,GTEX-11ZTS,GTEx cerebellum
GTEx,GTEX-11ZUS,GTEx cerebellum
GTEx,GTEX-11ZVC,GTEx cerebellum
GTEx,GTEX-12126,GTEx cerebellum
GTEx,GTEX-12696,GTEx cerebellum
GTEx,GTEX-1269C,GTEx cerebellum
GTEx,GTEX-12WSA,GTEx cerebellum
GTEx,GTEX-12WSC,GTEx cerebellum
GTEx,GTEX-12WSD,GTEx cerebellum
GTEx,GTEX-12WSE,GTEx cerebellum
GTEx,GTEX-12WSH,GTEx cerebellum
GTEx,GTEX-12WSM,GTEx cerebellum
GTEx,GTEX-12ZZX,GTEx cerebellum
GTEx,GTEX-12ZZY,GTEx cerebellum
GTEx,GTEX-12ZZZ,GTEx cerebellum
GTEx,GTEX-13112,GTEx cerebellum
GTEx,GTEX-1313W,GTEx cerebellum
GTEx,GTEX-131XH,GTEx cerebellum
GTEx,GTEX-131YS,GTEx cerebellum
GTEx,GTEX-132Q8,GTEx cerebellum
GTEx,GTEX-1399T,GTEx cerebellum
GTEx,GTEX-139T8,GTEx cerebellum
GTEx,GTEX-139TS,GTEx cerebellum
GTEx,GTEX-139TT,GTEx cerebellum
GTEx,GTEX-13CF2,GTEx cerebellum
GTEx,GTEX-13FHO,GTEx cerebellum
GTEx,GTEX-13FHP,GTEx cerebellum
GTEx,GTEX-13FLV,GTEx cerebellum
GTEx,GTEX-13FXS,GTEx cerebellum
GTEx,GTEX-13G51,GTEx cerebellum
GTEx,GTEX-13JUV,GTEx cerebellum
GTEx,GTEX-13JVG,GTEx cerebellum
GTEx,GTEX-13N2G,GTEx cerebellum
GTEx,GTEX-13NYB,GTEx cerebellum
GTEx,GTEX-13O3O,GTEx cerebellum
GTEx,GTEX-13O3Q,GTEx cerebellum
GTEx,GTEX-13OVH,GTEx cerebellum
GTEx,GTEX-13OVJ,GTEx cerebellum
GTEx,GTEX-13OVL,GTEx cerebellum
GTEx,GTEX-13OW5,GTEx cerebellum
GTEx,GTEX-13OW6,GTEx cerebellum
GTEx,GTEX-13OW7,GTEx cerebellum
GTEx,GTEX-13OW8,GTEx cerebellum
GTEx,GTEX-13PVQ,GTEx cerebellum
GTEx,GTEX-13QIC,GTEx cerebellum
GTEx,GTEX-13RTJ,GTEx cerebellum
GTEx,GTEX-13S7M,GTEx cerebellum
GTEx,GTEX-13SLX,GTEx cerebellum
GTEx,GTEX-13VXU,GTEx cerebellum
GTEx,GTEX-13X6I,GTEx cerebellum
GTEx,GTEX-13X6J,GTEx cerebellum
GTEx,GTEX-13X6K,GTEx cerebellum
GTEx,GTEX-144GL,GTEx cerebellum
GTEx,GTEX-145LS,GTEx cerebellum
GTEx,GTEX-145LU,GTEx cerebellum
GTEx,GTEX-145MF,GTEx cerebellum
GTEx,GTEX-145MG,GTEx cerebellum
GTEx,GTEX-145MH,GTEx cerebellum
GTEx,GTEX-145MI,GTEx cerebellum
GTEx,GTEX-147F4,GTEx cerebellum
GTEx,GTEX-147GR,GTEx cerebellum
GTEx,GTEX-14A5I,GTEx cerebellum
GTEx,GTEX-14ABY,GTEx cerebellum
GTEx,GTEX-14ASI,GTEx cerebellum
GTEx,GTEX-14BIM,GTEx cerebellum
GTEx,GTEX-14BIN,GTEx cerebellum
GTEx,GTEX-14BMV,GTEx cerebellum
GTEx,GTEX-14C39,GTEx cerebellum
GTEx,GTEX-14C5O,GTEx cerebellum
GTEx,GTEX-14DAQ,GTEx cerebellum
GTEx,GTEX-14E6D,GTEx cerebellum
GTEx,GTEX-14E7W,GTEx cerebellum
GTEx,GTEX-14JFF,GTEx cerebellum
GTEx,GTEX-14JG1,GTEx cerebellum
GTEx,GTEX-14JIY,GTEx cerebellum
GTEx,GTEX-14PJM,GTEx cerebellum
GTEx,GTEX-14PJO,GTEx cerebellum
GTEx,GTEX-14PN4,GTEx cerebellum
GTEx,GTEX-15CHQ,GTEx cerebellum
GTEx,GTEX-15DYW,GTEx cerebellum
GTEx,GTEX-15EO6,GTEx cerebellum
GTEx,GTEX-15ER7,GTEx cerebellum
GTEx,GTEX-15G19,GTEx cerebellum
GTEx,GTEX-15RJE,GTEx cerebellum
GTEx,GTEX-15SHU,GTEx cerebellum
GTEx,GTEX-16GPK,GTEx cerebellum
GTEx,GTEX-16XZZ,GTEx cerebellum
GTEx,GTEX-16YQH,GTEx cerebellum
GTEx,GTEX-16Z82,GTEx cerebellum
GTEx,GTEX-17EVP,GTEx cerebellum
GTEx,GTEX-17EVQ,GTEx cerebellum
GTEx,GTEX-17F97,GTEx cerebellum
GTEx,GTEX-17HG3,GTEx cerebellum
GTEx,GTEX-17HHY,GTEx cerebellum
GTEx,GTEX-17HII,GTEx cerebellum
GTEx,GTEX-17JCI,GTEx cerebellum
GTEx,GTEX-183WM,GTEx cerebellum
GTEx,GTEX-18465,GTEx cerebellum
GTEx,GTEX-18A6Q,GTEx cerebellum
GTEx,GTEX-1A3MX,GTEx cerebellum
GTEx,GTEX-1A8G6,GTEx cerebellum
GTEx,GTEX-1A8G7,GTEx cerebellum
GTEx,GTEX-1B8L1,GTEx cerebellum
GTEx,GTEX-1B8SF,GTEx cerebellum
GTEx,GTEX-1B8SG,GTEx cerebellum
GTEx,GTEX-1B933,GTEx cerebellum
GTEx,GTEX-1BAJH,GTEx cerebellum
GTEx,GTEX-1C64N,GTEx cerebellum
GTEx,GTEX-1C6VR,GTEx cerebellum
GTEx,GTEX-1C6WA,GTEx cerebellum
GTEx,GTEX-1CB4G,GTEx cerebellum
GTEx,GTEX-1CB4H,GTEx cerebellum
GTEx,GTEX-1E1VI,GTEx cerebellum
GTEx,GTEX-1E2YA,GTEx cerebellum
GTEx,GTEX-1EH9U,GTEx cerebellum
GTEx,GTEX-1EKGG,GTEx cerebellum
GTEx,GTEX-1EMGI,GTEx cerebellum
GTEx,GTEX-1EU9M,GTEx cerebellum
GTEx,GTEX-1EWIQ,GTEx cerebellum
GTEx,GTEX-1EX96,GTEx cerebellum
GTEx,GTEX-1F48J,GTEx cerebellum
GTEx,GTEX-1F52S,GTEx cerebellum
GTEx,GTEX-1F6I4,GTEx cerebellum
GTEx,GTEX-1F6IF,GTEx cerebellum
GTEx,GTEX-1F75A,GTEx cerebellum
GTEx,GTEX-1F75W,GTEx cerebellum
GTEx,GTEX-1GF9V,GTEx cerebellum
GTEx,GTEX-1GF9W,GTEx cerebellum
GTEx,GTEX-1GN73,GTEx cerebellum
GTEx,GTEX-1GTWX,GTEx cerebellum
GTEx,GTEX-1GZ2Q,GTEx cerebellum
GTEx,GTEX-1GZ4I,GTEx cerebellum
GTEx,GTEX-1GZHY,GTEx cerebellum
GTEx,GTEX-1H1CY,GTEx cerebellum
GTEx,GTEX-1H1DG,GTEx cerebellum
GTEx,GTEX-1H1ZS,GTEx cerebellum
GTEx,GTEX-1H3NZ,GTEx cerebellum
GTEx,GTEX-1H3O1,GTEx cerebellum
GTEx,GTEX-1H3VE,GTEx cerebellum
GTEx,GTEX-1H4P4,GTEx cerebellum
GTEx,GTEX-1HB9E,GTEx cerebellum
GTEx,GTEX-1HBPH,GTEx cerebellum
GTEx,GTEX-1HBPI,GTEx cerebellum
GTEx,GTEX-1HCVE,GTEx cerebellum
GTEx,GTEX-1HFI6,GTEx cerebellum
GTEx,GTEX-1HGF4,GTEx cerebellum
GTEx,GTEX-1HSKV,GTEx cerebellum
GTEx,GTEX-1HSMO,GTEx cerebellum
GTEx,GTEX-1HT8W,GTEx cerebellum
GTEx,GTEX-1I19N,GTEx cerebellum
GTEx,GTEX-1I1CD,GTEx cerebellum
GTEx,GTEX-1I1GQ,GTEx cerebellum
GTEx,GTEX-1I1GR,GTEx cerebellum
GTEx,GTEX-1I1GV,GTEx cerebellum
GTEx,GTEX-1I1HK,GTEx cerebellum
GTEx,GTEX-1ICLZ,GTEx cerebellum
GTEx,GTEX-1IDJH,GTEx cerebellum
GTEx,GTEX-1IGQW,GTEx cerebellum
GTEx,GTEX-1IKOH,GTEx cerebellum
GTEx,GTEX-1IL2U,GTEx cerebellum
GTEx,GTEX-1IL2V,GTEx cerebellum
GTEx,GTEX-1IY9M,GTEx cerebellum
GTEx,GTEX-1J1OQ,GTEx cerebellum
GTEx,GTEX-1J8EW,GTEx cerebellum
GTEx,GTEX-1JJ6O,GTEx cerebellum
GTEx,GTEX-1JJE9,GTEx cerebellum
GTEx,GTEX-1JJEA,GTEx cerebellum
GTEx,GTEX-1JMLX,GTEx cerebellum
GTEx,GTEX-1JMOU,GTEx cerebellum
GTEx,GTEX-1JMPZ,GTEx cerebellum
GTEx,GTEX-1JMQJ,GTEx cerebellum
GTEx,GTEX-1JMQK,GTEx cerebellum
GTEx,GTEX-1JN1M,GTEx cerebellum
GTEx,GTEX-1KANB,GTEx cerebellum
GTEx,GTEX-1KD4Q,GTEx cerebellum
GTEx,GTEX-1KWVE,GTEx cerebellum
GTEx,GTEX-1LG7Y,GTEx cerebellum
GTEx,GTEX-1LH75,GTEx cerebellum
GTEx,GTEX-1LSNL,GTEx cerebellum
GTEx,GTEX-1LSVX,GTEx cerebellum
GTEx,GTEX-1LVA9,GTEx cerebellum
GTEx,GTEX-1LVAO,GTEx cerebellum
GTEx,GTEX-1MJK2,GTEx cerebellum
GTEx,GTEX-1N2DW,GTEx cerebellum
GTEx,GTEX-1N5O9,GTEx cerebellum
GTEx,GTEX-1NV8Z,GTEx cerebellum
GTEx,GTEX-1OJC4,GTEx cerebellum
GTEx,GTEX-1P4AB,GTEx cerebellum
GTEx,GTEX-1PBJI,GTEx cerebellum
GTEx,GTEX-1PIIG,GTEx cerebellum
GTEx,GTEX-1POEN,GTEx cerebellum
GTEx,GTEX-1PWST,GTEx cerebellum
GTEx,GTEX-1QEPI,GTEx cerebellum
GTEx,GTEX-1QP6S,GTEx cerebellum
GTEx,GTEX-1R46S,GTEx cerebellum
GTEx,GTEX-1R9PO,GTEx cerebellum
GTEx,GTEX-1RDX4,GTEx cerebellum
GTEx,GTEX-1RNSC,GTEx cerebellum
GTEx,GTEX-1RQEC,GTEx cerebellum
GTEx,GTEX-1RQED,GTEx cerebellum
GTEx,GTEX-N7MS,GTEx cerebellum
GTEx,GTEX-N7MT,GTEx cerebellum
GTEx,GTEX-NPJ7,GTEx cerebellum
GTEx,GTEX-OHPN,GTEx cerebellum
GTEx,GTEX-P44H,GTEx cerebellum
GTEx,GTEX-PVOW,GTEx cerebellum
GTEx,GTEX-PWO3,GTEx cerebellum
GTEx,GTEX-QDT8,GTEx cerebellum
GTEx,GTEX-QMR6,GTEx cerebellum
GTEx,GTEX-QVJO,GTEx cerebellum
GTEx,GTEX-QVUS,GTEx cerebellum
GTEx,GTEX-R55E,GTEx cerebellum
GTEx,GTEX-RNOR,GTEx cerebellum
GTEx,GTEX-S7SE,GTEx cerebellum
GTEx,GTEX-T2IS,GTEx cerebellum
GTEx,GTEX-T5JC,GTEx cerebellum
GTEx,GTEX-T6MN,GTEx cerebellum
GTEx,GTEX-TSE9,GTEx cerebellum
GTEx,GTEX-UTHO,GTEx cerebellum
GTEx,GTEX-WHSE,GTEx cerebellum
GTEx,GTEX-WL46,GTEx cerebellum
GTEx,GTEX-WVLH,GTEx cerebellum
GTEx,GTEX-WWYW,GTEx cerebellum
GTEx,GTEX-WZTO,GTEx cerebellum
GTEx,GTEX-X261,GTEx cerebellum
GTEx,GTEX-X4EP,GTEx cerebellum
GTEx,GTEX-X4XX,GTEx cerebellum
GTEx,GTEX-XLM4,GTEx cerebellum
GTEx,GTEX-XMD1,GTEx cerebellum
GTEx,GTEX-Y111,GTEx cerebellum
GTEx,GTEX-Y8DK,GTEx cerebellum
GTEx,GTEX-YFC4,GTEx cerebellum
GTEx,GTEX-YJ89,GTEx cerebellum
GTEx,GTEX-Z93S,GTEx cerebellum
GTEx,GTEX-ZAB4,GTEx cerebellum
GTEx,GTEX-ZAJG,GTEx cerebellum
GTEx,GTEX-ZAK1,GTEx cerebellum
GTEx,GTEX-ZDXO,GTEx cerebellum
GTEx,GTEX-ZF28,GTEx cerebellum
GTEx,GTEX-ZUA1,GTEx cerebellum
GTEx,GTEX-ZVT3,GTEx cerebellum
GTEx,GTEX-ZVZQ,GTEx cerebellum
GTEx,GTEX-ZYFD,GTEx cerebellum
GTEx,GTEX-ZYY3,GTEx cerebellum
GTEx,GTEX-ZZPT,GTEx cerebellum
GTEx,GTEX-1117F,GTEx cortex
GTEx,GTEX-111FC,GTEx cortex
GTEx,GTEX-1128S,GTEx cortex
GTEx,GTEX-117XS,GTEx cortex
GTEx,GTEX-1192X,GTEx cortex
GTEx,GTEX-11DXW,GTEx cortex
GTEx,GTEX-11DXY,GTEx cortex
GTEx,GTEX-11EI6,GTEx cortex
GTEx,GTEX-11EMC,GTEx cortex
GTEx,GTEX-11GS4,GTEx cortex
GTEx,GTEX-11GSO,GTEx cortex
GTEx,GTEX-11GSP,GTEx cortex
GTEx,GTEX-11NUK,GTEx cortex
GTEx,GTEX-11NV4,GTEx cortex
GTEx,GTEX-11O72,GTEx cortex
GTEx,GTEX-11OC5,GTEx cortex
GTEx,GTEX-11ONC,GTEx cortex
GTEx,GTEX-11PRG,GTEx cortex
GTEx,GTEX-11TTK,GTEx cortex
GTEx,GTEX-11WQK,GTEx cortex
GTEx,GTEX-11ZUS,GTEx cortex
GTEx,GTEX-12126,GTEx cortex
GTEx,GTEX-12WSA,GTEx cortex
GTEx,GTEX-12WSC,GTEx cortex
GTEx,GTEX-12WSD,GTEx cortex
GTEx,GTEX-12WSF,GTEx cortex
GTEx,GTEX-12WSH,GTEx cortex
GTEx,GTEX-12ZZW,GTEx cortex
GTEx,GTEX-12ZZX,GTEx cortex
GTEx,GTEX-12ZZY,GTEx cortex
GTEx,GTEX-12ZZZ,GTEx cortex
GTEx,GTEX-1313W,GTEx cortex
GTEx,GTEX-131XW,GTEx cortex
GTEx,GTEX-131YS,GTEx cortex
GTEx,GTEX-132Q8,GTEx cortex
GTEx,GTEX-1399T,GTEx cortex
GTEx,GTEX-139T8,GTEx cortex
GTEx,GTEX-13FHO,GTEx cortex
GTEx,GTEX-13FHP,GTEx cortex
GTEx,GTEX-13FLV,GTEx cortex
GTEx,GTEX-13FLW,GTEx cortex
GTEx,GTEX-13FXS,GTEx cortex
GTEx,GTEX-13G51,GTEx cortex
GTEx,GTEX-13IVO,GTEx cortex
GTEx,GTEX-13JUV,GTEx cortex
GTEx,GTEX-13JVG,GTEx cortex
GTEx,GTEX-13N1W,GTEx cortex
GTEx,GTEX-13N2G,GTEx cortex
GTEx,GTEX-13NYB,GTEx cortex
GTEx,GTEX-13NYC,GTEx cortex
GTEx,GTEX-13NYS,GTEx cortex
GTEx,GTEX-13O3O,GTEx cortex
GTEx,GTEX-13O3Q,GTEx cortex
GTEx,GTEX-13OVH,GTEx cortex
GTEx,GTEX-13OVJ,GTEx cortex
GTEx,GTEX-13OW6,GTEx cortex
GTEx,GTEX-13OW7,GTEx cortex
GTEx,GTEX-13OW8,GTEx cortex
GTEx,GTEX-13PL6,GTEx cortex
GTEx,GTEX-13PVQ,GTEx cortex
GTEx,GTEX-13QIC,GTEx cortex
GTEx,GTEX-13RTJ,GTEx cortex
GTEx,GTEX-13S7M,GTEx cortex
GTEx,GTEX-13SLW,GTEx cortex
GTEx,GTEX-13SLX,GTEx cortex
GTEx,GTEX-13VXU,GTEx cortex
GTEx,GTEX-13X6J,GTEx cortex
GTEx,GTEX-13X6K,GTEx cortex
GTEx,GTEX-1445S,GTEx cortex
GTEx,GTEX-144FL,GTEx cortex
GTEx,GTEX-144GL,GTEx cortex
GTEx,GTEX-145LS,GTEx cortex
GTEx,GTEX-145MF,GTEx cortex
GTEx,GTEX-145MG,GTEx cortex
GTEx,GTEX-145MH,GTEx cortex
GTEx,GTEX-14753,GTEx cortex
GTEx,GTEX-147GR,GTEx cortex
GTEx,GTEX-148VJ,GTEx cortex
GTEx,GTEX-14A5I,GTEx cortex
GTEx,GTEX-14ASI,GTEx cortex
GTEx,GTEX-14BIL,GTEx cortex
GTEx,GTEX-14BIM,GTEx cortex
GTEx,GTEX-14BIN,GTEx cortex
GTEx,GTEX-14BMV,GTEx cortex
GTEx,GTEX-14C39,GTEx cortex
GTEx,GTEX-14C5O,GTEx cortex
GTEx,GTEX-14DAQ,GTEx cortex
GTEx,GTEX-14JFF,GTEx cortex
GTEx,GTEX-14JG1,GTEx cortex
GTEx,GTEX-14JIY,GTEx cortex
GTEx,GTEX-14LZ3,GTEx cortex
GTEx,GTEX-14PJM,GTEx cortex
GTEx,GTEX-15DCD,GTEx cortex
GTEx,GTEX-15DYW,GTEx cortex
GTEx,GTEX-15EO6,GTEx cortex
GTEx,GTEX-15ER7,GTEx cortex
GTEx,GTEX-15G19,GTEx cortex
GTEx,GTEX-15RJE,GTEx cortex
GTEx,GTEX-15SHU,GTEx cortex
GTEx,GTEX-15UF6,GTEx cortex
GTEx,GTEX-16GPK,GTEx cortex
GTEx,GTEX-16NPV,GTEx cortex
GTEx,GTEX-16XZZ,GTEx cortex
GTEx,GTEX-16YQH,GTEx cortex
GTEx,GTEX-16Z82,GTEx cortex
GTEx,GTEX-17EVP,GTEx cortex
GTEx,GTEX-17EVQ,GTEx cortex
GTEx,GTEX-17F97,GTEx cortex
GTEx,GTEX-17HG3,GTEx cortex
GTEx,GTEX-17HHY,GTEx cortex
GTEx,GTEX-17HII,GTEx cortex
GTEx,GTEX-17JCI,GTEx cortex
GTEx,GTEX-17MF6,GTEx cortex
GTEx,GTEX-183WM,GTEx cortex
GTEx,GTEX-18465,GTEx cortex
GTEx,GTEX-18A6Q,GTEx cortex
GTEx,GTEX-1A3MX,GTEx cortex
GTEx,GTEX-1A8G6,GTEx cortex
GTEx,GTEX-1A8G7,GTEx cortex
GTEx,GTEX-1AX9I,GTEx cortex
GTEx,GTEX-1B8L1,GTEx cortex
GTEx,GTEX-1B8SF,GTEx cortex
GTEx,GTEX-1B8SG,GTEx cortex
GTEx,GTEX-1B933,GTEx cortex
GTEx,GTEX-1C64N,GTEx cortex
GTEx,GTEX-1C6VQ,GTEx cortex
GTEx,GTEX-1C6VS,GTEx cortex
GTEx,GTEX-1C6WA,GTEx cortex
GTEx,GTEX-1CAV2,GTEx cortex
GTEx,GTEX-1CB4H,GTEx cortex
GTEx,GTEX-1E1VI,GTEx cortex
GTEx,GTEX-1E2YA,GTEx cortex
GTEx,GTEX-1EKGG,GTEx cortex
GTEx,GTEX-1EMGI,GTEx cortex
GTEx,GTEX-1EN7A,GTEx cortex
GTEx,GTEX-1EWIQ,GTEx cortex
GTEx,GTEX-1EX96,GTEx cortex
GTEx,GTEX-1F48J,GTEx cortex
GTEx,GTEX-1F52S,GTEx cortex
GTEx,GTEX-1F6I4,GTEx cortex
GTEx,GTEX-1F6RS,GTEx cortex
GTEx,GTEX-1F75A,GTEx cortex
GTEx,GTEX-1F75B,GTEx cortex
GTEx,GTEX-1F75W,GTEx cortex
GTEx,GTEX-1F7RK,GTEx cortex
GTEx,GTEX-1F88E,GTEx cortex
GTEx,GTEX-1GF9V,GTEx cortex
GTEx,GTEX-1GF9W,GTEx cortex
GTEx,GTEX-1GMR8,GTEx cortex
GTEx,GTEX-1GMRU,GTEx cortex
GTEx,GTEX-1GN1U,GTEx cortex
GTEx,GTEX-1GN1V,GTEx cortex
GTEx,GTEX-1GN2E,GTEx cortex
GTEx,GTEX-1GN73,GTEx cortex
GTEx,GTEX-1GZ2Q,GTEx cortex
GTEx,GTEX-1GZ4I,GTEx cortex
GTEx,GTEX-1GZHY,GTEx cortex
GTEx,GTEX-1H1DG,GTEx cortex
GTEx,GTEX-1H1ZS,GTEx cortex
GTEx,GTEX-1H23P,GTEx cortex
GTEx,GTEX-1H2FU,GTEx cortex
GTEx,GTEX-1H3NZ,GTEx cortex
GTEx,GTEX-1H3O1,GTEx cortex
GTEx,GTEX-1H3VE,GTEx cortex
GTEx,GTEX-1HB9E,GTEx cortex
GTEx,GTEX-1HBPH,GTEx cortex
GTEx,GTEX-1HBPI,GTEx cortex
GTEx,GTEX-1HBPM,GTEx cortex
GTEx,GTEX-1HCU6,GTEx cortex
GTEx,GTEX-1HCVE,GTEx cortex
GTEx,GTEX-1HFI6,GTEx cortex
GTEx,GTEX-1HGF4,GTEx cortex
GTEx,GTEX-1HR98,GTEx cortex
GTEx,GTEX-1HSKV,GTEx cortex
GTEx,GTEX-1HSMO,GTEx cortex
GTEx,GTEX-1HT8W,GTEx cortex
GTEx,GTEX-1HUB1,GTEx cortex
GTEx,GTEX-1I19N,GTEx cortex
GTEx,GTEX-1I1CD,GTEx cortex
GTEx,GTEX-1I1GQ,GTEx cortex
GTEx,GTEX-1I1GR,GTEx cortex
GTEx,GTEX-1I1GV,GTEx cortex
GTEx,GTEX-1I1HK,GTEx cortex
GTEx,GTEX-1ICLZ,GTEx cortex
GTEx,GTEX-1IDFM,GTEx cortex
GTEx,GTEX-1IDJH,GTEx cortex
GTEx,GTEX-1IKJJ,GTEx cortex
GTEx,GTEX-1IKK5,GTEx cortex
GTEx,GTEX-1IL2U,GTEx cortex
GTEx,GTEX-1IOXB,GTEx cortex
GTEx,GTEX-1IY9M,GTEx cortex
GTEx,GTEX-1J1OQ,GTEx cortex
GTEx,GTEX-1J8Q2,GTEx cortex
GTEx,GTEX-1JJ6O,GTEx cortex
GTEx,GTEX-1JJE9,GTEx cortex
GTEx,GTEX-1JJEA,GTEx cortex
GTEx,GTEX-1JMLX,GTEx cortex
GTEx,GTEX-1JMOU,GTEx cortex
GTEx,GTEX-1JMPZ,GTEx cortex
GTEx,GTEX-1JMQK,GTEx cortex
GTEx,GTEX-1JMQL,GTEx cortex
GTEx,GTEX-1KD4Q,GTEx cortex
GTEx,GTEX-1KWVE,GTEx cortex
GTEx,GTEX-1LC47,GTEx cortex
GTEx,GTEX-1LG7Y,GTEx cortex
GTEx,GTEX-1LKK1,GTEx cortex
GTEx,GTEX-1LSNL,GTEx cortex
GTEx,GTEX-1M4P7,GTEx cortex
GTEx,GTEX-1MA7X,GTEx cortex
GTEx,GTEX-1MJK2,GTEx cortex
GTEx,GTEX-1N2DW,GTEx cortex
GTEx,GTEX-1N5O9,GTEx cortex
GTEx,GTEX-1NV5F,GTEx cortex
GTEx,GTEX-1NV8Z,GTEx cortex
GTEx,GTEX-1O97I,GTEx cortex
GTEx,GTEX-1O9I2,GTEx cortex
GTEx,GTEX-1OJC4,GTEx cortex
GTEx,GTEX-1P4AB,GTEx cortex
GTEx,GTEX-1PIIG,GTEx cortex
GTEx,GTEX-1PPGY,GTEx cortex
GTEx,GTEX-1PWST,GTEx cortex
GTEx,GTEX-1QMI2,GTEx cortex
GTEx,GTEX-1QP6S,GTEx cortex
GTEx,GTEX-1R9K4,GTEx cortex
GTEx,GTEX-1R9PO,GTEx cortex
GTEx,GTEX-1RLM8,GTEx cortex
GTEx,GTEX-1RQEC,GTEx cortex
GTEx,GTEX-N7MT,GTEx cortex
GTEx,GTEX-NL3H,GTEx cortex
GTEx,GTEX-NPJ7,GTEx cortex
GTEx,GTEX-OHPN,GTEx cortex
GTEx,GTEX-PVOW,GTEx cortex
GTEx,GTEX-PWO3,GTEx cortex
GTEx,GTEX-QDT8,GTEx cortex
GTEx,GTEX-QMR6,GTEx cortex
GTEx,GTEX-R55E,GTEx cortex
GTEx,GTEX-R55F,GTEx cortex
GTEx,GTEX-RNOR,GTEx cortex
GTEx,GTEX-RU72,GTEx cortex
GTEx,GTEX-T2IS,GTEx cortex
GTEx,GTEX-T5JC,GTEx cortex
GTEx,GTEX-T6MN,GTEx cortex
GTEx,GTEX-TSE9,GTEx cortex
GTEx,GTEX-UTHO,GTEx cortex
GTEx,GTEX-WHSE,GTEx cortex
GTEx,GTEX-WL46,GTEx cortex
GTEx,GTEX-WVLH,GTEx cortex
GTEx,GTEX-WWYW,GTEx cortex
GTEx,GTEX-WZTO,GTEx cortex
GTEx,GTEX-X4XX,GTEx cortex
GTEx,GTEX-X4XY,GTEx cortex
GTEx,GTEX-X585,GTEx cortex
GTEx,GTEX-XLM4,GTEx cortex
GTEx,GTEX-Y111,GTEx cortex
GTEx,GTEX-Y8DK,GTEx cortex
GTEx,GTEX-YFC4,GTEx cortex
GTEx,GTEX-YJ89,GTEx cortex
GTEx,GTEX-Z93S,GTEx cortex
GTEx,GTEX-ZAJG,GTEx cortex
GTEx,GTEX-ZAK1,GTEx cortex
GTEx,GTEX-ZDXO,GTEx cortex
GTEx,GTEX-ZE7O,GTEx cortex
GTEx,GTEX-ZE9C,GTEx cortex
GTEx,GTEX-ZF28,GTEx cortex
GTEx,GTEX-ZUA1,GTEx cortex
GTEx,GTEX-ZVT3,GTEx cortex
GTEx,GTEX-ZVZQ,GTEx cortex
GTEx,GTEX-ZYFD,GTEx cortex
GTEx,GTEX-ZYY3,GTEx cortex
GTEx,GTEX-ZZPT,GTEx cortex
GTEx,GTEX-1117F,GTEx frontal ctx BA9
GTEx,GTEX-111FC,GTEx frontal ctx BA9
GTEx,GTEX-117XS,GTEx frontal ctx BA9
GTEx,GTEX-1192W,GTEx frontal ctx BA9
GTEx,GTEX-1192X,GTEx frontal ctx BA9
GTEx,GTEX-11DXW,GTEx frontal ctx BA9
GTEx,GTEX-11DXY,GTEx frontal ctx BA9
GTEx,GTEX-11DYG,GTEx frontal ctx BA9
GTEx,GTEX-11DZ1,GTEx frontal ctx BA9
GTEx,GTEX-11EI6,GTEx frontal ctx BA9
GTEx,GTEX-11EMC,GTEx frontal ctx BA9
GTEx,GTEX-11GS4,GTEx frontal ctx BA9
GTEx,GTEX-11GSO,GTEx frontal ctx BA9
GTEx,GTEX-11GSP,GTEx frontal ctx BA9
GTEx,GTEX-11H98,GTEx frontal ctx BA9
GTEx,GTEX-11NV4,GTEx frontal ctx BA9
GTEx,GTEX-11O72,GTEx frontal ctx BA9
GTEx,GTEX-11OF3,GTEx frontal ctx BA9
GTEx,GTEX-11ONC,GTEx frontal ctx BA9
GTEx,GTEX-11PRG,GTEx frontal ctx BA9
GTEx,GTEX-11TTK,GTEx frontal ctx BA9
GTEx,GTEX-11TUW,GTEx frontal ctx BA9
GTEx,GTEX-11UD1,GTEx frontal ctx BA9
GTEx,GTEX-11WQC,GTEx frontal ctx BA9
GTEx,GTEX-11WQK,GTEx frontal ctx BA9
GTEx,GTEX-11ZTS,GTEx frontal ctx BA9
GTEx,GTEX-11ZU8,GTEx frontal ctx BA9
GTEx,GTEX-11ZUS,GTEx frontal ctx BA9
GTEx,GTEX-12126,GTEx frontal ctx BA9
GTEx,GTEX-12WSA,GTEx frontal ctx BA9
GTEx,GTEX-12WSC,GTEx frontal ctx BA9
GTEx,GTEX-12WSE,GTEx frontal ctx BA9
GTEx,GTEX-12WSF,GTEx frontal ctx BA9
GTEx,GTEX-12WSH,GTEx frontal ctx BA9
GTEx,GTEX-12WSM,GTEx frontal ctx BA9
GTEx,GTEX-12ZZW,GTEx frontal ctx BA9
GTEx,GTEX-12ZZX,GTEx frontal ctx BA9
GTEx,GTEX-12ZZY,GTEx frontal ctx BA9
GTEx,GTEX-12ZZZ,GTEx frontal ctx BA9
GTEx,GTEX-13112,GTEx frontal ctx BA9
GTEx,GTEX-1313W,GTEx frontal ctx BA9
GTEx,GTEX-131XH,GTEx frontal ctx BA9
GTEx,GTEX-131XW,GTEx frontal ctx BA9
GTEx,GTEX-131YS,GTEx frontal ctx BA9
GTEx,GTEX-132Q8,GTEx frontal ctx BA9
GTEx,GTEX-139TS,GTEx frontal ctx BA9
GTEx,GTEX-13CZV,GTEx frontal ctx BA9
GTEx,GTEX-13FHO,GTEx frontal ctx BA9
GTEx,GTEX-13FLV,GTEx frontal ctx BA9
GTEx,GTEX-13FLW,GTEx frontal ctx BA9
GTEx,GTEX-13FTZ,GTEx frontal ctx BA9
GTEx,GTEX-13FXS,GTEx frontal ctx BA9
GTEx,GTEX-13G51,GTEx frontal ctx BA9
GTEx,GTEX-13JUV,GTEx frontal ctx BA9
GTEx,GTEX-13JVG,GTEx frontal ctx BA9
GTEx,GTEX-13N1W,GTEx frontal ctx BA9
GTEx,GTEX-13N2G,GTEx frontal ctx BA9
GTEx,GTEX-13NYB,GTEx frontal ctx BA9
GTEx,GTEX-13NYS,GTEx frontal ctx BA9
GTEx,GTEX-13NZA,GTEx frontal ctx BA9
GTEx,GTEX-13O3O,GTEx frontal ctx BA9
GTEx,GTEX-13O3Q,GTEx frontal ctx BA9
GTEx,GTEX-13OVJ,GTEx frontal ctx BA9
GTEx,GTEX-13OVL,GTEx frontal ctx BA9
GTEx,GTEX-13OW5,GTEx frontal ctx BA9
GTEx,GTEX-13OW6,GTEx frontal ctx BA9
GTEx,GTEX-13OW7,GTEx frontal ctx BA9
GTEx,GTEX-13OW8,GTEx frontal ctx BA9
GTEx,GTEX-13PLJ,GTEx frontal ctx BA9
GTEx,GTEX-13PVQ,GTEx frontal ctx BA9
GTEx,GTEX-13QIC,GTEx frontal ctx BA9
GTEx,GTEX-13QJC,GTEx frontal ctx BA9
GTEx,GTEX-13RTJ,GTEx frontal ctx BA9
GTEx,GTEX-13S7M,GTEx frontal ctx BA9
GTEx,GTEX-13SLW,GTEx frontal ctx BA9
GTEx,GTEX-13SLX,GTEx frontal ctx BA9
GTEx,GTEX-13VXU,GTEx frontal ctx BA9
GTEx,GTEX-13X6I,GTEx frontal ctx BA9
GTEx,GTEX-13X6J,GTEx frontal ctx BA9
GTEx,GTEX-13X6K,GTEx frontal ctx BA9
GTEx,GTEX-1445S,GTEx frontal ctx BA9
GTEx,GTEX-145LS,GTEx frontal ctx BA9
GTEx,GTEX-145LU,GTEx frontal ctx BA9
GTEx,GTEX-145MG,GTEx frontal ctx BA9
GTEx,GTEX-145MH,GTEx frontal ctx BA9
GTEx,GTEX-14753,GTEx frontal ctx BA9
GTEx,GTEX-1477Z,GTEx frontal ctx BA9
GTEx,GTEX-147F4,GTEx frontal ctx BA9
GTEx,GTEX-147GR,GTEx frontal ctx BA9
GTEx,GTEX-14ASI,GTEx frontal ctx BA9
GTEx,GTEX-14BIL,GTEx frontal ctx BA9
GTEx,GTEX-14BIN,GTEx frontal ctx BA9
GTEx,GTEX-14BMV,GTEx frontal ctx BA9
GTEx,GTEX-14C39,GTEx frontal ctx BA9
GTEx,GTEX-14C5O,GTEx frontal ctx BA9
GTEx,GTEX-14E6D,GTEx frontal ctx BA9
GTEx,GTEX-14E7W,GTEx frontal ctx BA9
GTEx,GTEX-14JIY,GTEx frontal ctx BA9
GTEx,GTEX-14LZ3,GTEx frontal ctx BA9
GTEx,GTEX-14PJM,GTEx frontal ctx BA9
GTEx,GTEX-14PJO,GTEx frontal ctx BA9
GTEx,GTEX-14PN4,GTEx frontal ctx BA9
GTEx,GTEX-14PQA,GTEx frontal ctx BA9
GTEx,GTEX-15CHQ,GTEx frontal ctx BA9
GTEx,GTEX-15DCD,GTEx frontal ctx BA9
GTEx,GTEX-15DDE,GTEx frontal ctx BA9
GTEx,GTEX-15DYW,GTEx frontal ctx BA9
GTEx,GTEX-15G19,GTEx frontal ctx BA9
GTEx,GTEX-15RJE,GTEx frontal ctx BA9
GTEx,GTEX-15SHU,GTEx frontal ctx BA9
GTEx,GTEX-15UF6,GTEx frontal ctx BA9
GTEx,GTEX-16GPK,GTEx frontal ctx BA9
GTEx,GTEX-16XZZ,GTEx frontal ctx BA9
GTEx,GTEX-16YQH,GTEx frontal ctx BA9
GTEx,GTEX-16Z82,GTEx frontal ctx BA9
GTEx,GTEX-17EVP,GTEx frontal ctx BA9
GTEx,GTEX-17F97,GTEx frontal ctx BA9
GTEx,GTEX-17HG3,GTEx frontal ctx BA9
GTEx,GTEX-17HII,GTEx frontal ctx BA9
GTEx,GTEX-17JCI,GTEx frontal ctx BA9
GTEx,GTEX-18A6Q,GTEx frontal ctx BA9
GTEx,GTEX-1A3MX,GTEx frontal ctx BA9
GTEx,GTEX-1A8G6,GTEx frontal ctx BA9
GTEx,GTEX-1B8L1,GTEx frontal ctx BA9
GTEx,GTEX-1B8SF,GTEx frontal ctx BA9
GTEx,GTEX-1B933,GTEx frontal ctx BA9
GTEx,GTEX-1B996,GTEx frontal ctx BA9
GTEx,GTEX-1BAJH,GTEx frontal ctx BA9
GTEx,GTEX-1C6VQ,GTEx frontal ctx BA9
GTEx,GTEX-1C6VR,GTEx frontal ctx BA9
GTEx,GTEX-1CB4G,GTEx frontal ctx BA9
GTEx,GTEX-1CB4H,GTEx frontal ctx BA9
GTEx,GTEX-1CB4J,GTEx frontal ctx BA9
GTEx,GTEX-1E1VI,GTEx frontal ctx BA9
GTEx,GTEX-1EH9U,GTEx frontal ctx BA9
GTEx,GTEX-1EMGI,GTEx frontal ctx BA9
GTEx,GTEX-1EX96,GTEx frontal ctx BA9
GTEx,GTEX-1F48J,GTEx frontal ctx BA9
GTEx,GTEX-1F6I4,GTEx frontal ctx BA9
GTEx,GTEX-1F6IF,GTEx frontal ctx BA9
GTEx,GTEX-1F75W,GTEx frontal ctx BA9
GTEx,GTEX-1F7RK,GTEx frontal ctx BA9
GTEx,GTEX-1GF9V,GTEx frontal ctx BA9
GTEx,GTEX-1GF9W,GTEx frontal ctx BA9
GTEx,GTEX-1GMR8,GTEx frontal ctx BA9
GTEx,GTEX-1GMRU,GTEx frontal ctx BA9
GTEx,GTEX-1GN2E,GTEx frontal ctx BA9
GTEx,GTEX-1GN73,GTEx frontal ctx BA9
GTEx,GTEX-1GTWX,GTEx frontal ctx BA9
GTEx,GTEX-1GZ2Q,GTEx frontal ctx BA9
GTEx,GTEX-1GZ4I,GTEx frontal ctx BA9
GTEx,GTEX-1H1CY,GTEx frontal ctx BA9
GTEx,GTEX-1H1DG,GTEx frontal ctx BA9
GTEx,GTEX-1H1ZS,GTEx frontal ctx BA9
GTEx,GTEX-1H23P,GTEx frontal ctx BA9
GTEx,GTEX-1H3O1,GTEx frontal ctx BA9
GTEx,GTEX-1H3VE,GTEx frontal ctx BA9
GTEx,GTEX-1H4P4,GTEx frontal ctx BA9
GTEx,GTEX-1HB9E,GTEx frontal ctx BA9
GTEx,GTEX-1HBPH,GTEx frontal ctx BA9
GTEx,GTEX-1HBPI,GTEx frontal ctx BA9
GTEx,GTEX-1HBPM,GTEx frontal ctx BA9
GTEx,GTEX-1HCU6,GTEx frontal ctx BA9
GTEx,GTEX-1HCVE,GTEx frontal ctx BA9
GTEx,GTEX-1HFI6,GTEx frontal ctx BA9
GTEx,GTEX-1HGF4,GTEx frontal ctx BA9
GTEx,GTEX-1HR9M,GTEx frontal ctx BA9
GTEx,GTEX-1HSKV,GTEx frontal ctx BA9
GTEx,GTEX-1HSMO,GTEx frontal ctx BA9
GTEx,GTEX-1I1CD,GTEx frontal ctx BA9
GTEx,GTEX-1I1GV,GTEx frontal ctx BA9
GTEx,GTEX-1I1HK,GTEx frontal ctx BA9
GTEx,GTEX-1ICLZ,GTEx frontal ctx BA9
GTEx,GTEX-1IDJH,GTEx frontal ctx BA9
GTEx,GTEX-1IKK5,GTEx frontal ctx BA9
GTEx,GTEX-1IL2V,GTEx frontal ctx BA9
GTEx,GTEX-1IOXB,GTEx frontal ctx BA9
GTEx,GTEX-1IY9M,GTEx frontal ctx BA9
GTEx,GTEX-1J1OQ,GTEx frontal ctx BA9
GTEx,GTEX-1J8Q2,GTEx frontal ctx BA9
GTEx,GTEX-1JJ6O,GTEx frontal ctx BA9
GTEx,GTEX-1JMLX,GTEx frontal ctx BA9
GTEx,GTEX-1JMOU,GTEx frontal ctx BA9
GTEx,GTEX-1JMPZ,GTEx frontal ctx BA9
GTEx,GTEX-1JMQJ,GTEx frontal ctx BA9
GTEx,GTEX-1JMQK,GTEx frontal ctx BA9
GTEx,GTEX-1JMQL,GTEx frontal ctx BA9
GTEx,GTEX-1JN1M,GTEx frontal ctx BA9
GTEx,GTEX-1JN6P,GTEx frontal ctx BA9
GTEx,GTEX-1KANB,GTEx frontal ctx BA9
GTEx,GTEX-1KD4Q,GTEx frontal ctx BA9
GTEx,GTEX-1KWVE,GTEx frontal ctx BA9
GTEx,GTEX-1LC47,GTEx frontal ctx BA9
GTEx,GTEX-1LG7Y,GTEx frontal ctx BA9
GTEx,GTEX-1LH75,GTEx frontal ctx BA9
GTEx,GTEX-1LSNL,GTEx frontal ctx BA9
GTEx,GTEX-1LSVX,GTEx frontal ctx BA9
GTEx,GTEX-1LVA9,GTEx frontal ctx BA9
GTEx,GTEX-1LVAO,GTEx frontal ctx BA9
GTEx,GTEX-1M4P7,GTEx frontal ctx BA9
GTEx,GTEX-1MA7X,GTEx frontal ctx BA9
GTEx,GTEX-1MCQQ,GTEx frontal ctx BA9
GTEx,GTEX-1MJK2,GTEx frontal ctx BA9
GTEx,GTEX-1N2DW,GTEx frontal ctx BA9
GTEx,GTEX-1N2EE,GTEx frontal ctx BA9
GTEx,GTEX-1N2EF,GTEx frontal ctx BA9
GTEx,GTEX-1NV5F,GTEx frontal ctx BA9
GTEx,GTEX-1NV8Z,GTEx frontal ctx BA9
GTEx,GTEX-1O9I2,GTEx frontal ctx BA9
GTEx,GTEX-1OJC4,GTEx frontal ctx BA9
GTEx,GTEX-1P4AB,GTEx frontal ctx BA9
GTEx,GTEX-1PIIG,GTEx frontal ctx BA9
GTEx,GTEX-1POEN,GTEx frontal ctx BA9
GTEx,GTEX-1PPGY,GTEx frontal ctx BA9
GTEx,GTEX-1PWST,GTEx frontal ctx BA9
GTEx,GTEX-1QMI2,GTEx frontal ctx BA9
GTEx,GTEX-1QP6S,GTEx frontal ctx BA9
GTEx,GTEX-1R46S,GTEx frontal ctx BA9
GTEx,GTEX-1R9K4,GTEx frontal ctx BA9
GTEx,GTEX-1R9PO,GTEx frontal ctx BA9
GTEx,GTEX-1RAZS,GTEx frontal ctx BA9
GTEx,GTEX-1RDX4,GTEx frontal ctx BA9
GTEx,GTEX-1RLM8,GTEx frontal ctx BA9
GTEx,GTEX-1RNSC,GTEx frontal ctx BA9
GTEx,GTEX-1RQED,GTEx frontal ctx BA9
GTEx,GTEX-N7MS,GTEx frontal ctx BA9
GTEx,GTEX-N7MT,GTEx frontal ctx BA9
GTEx,GTEX-NL3H,GTEx frontal ctx BA9
GTEx,GTEX-NL4W,GTEx frontal ctx BA9
GTEx,GTEX-NPJ7,GTEx frontal ctx BA9
GTEx,GTEX-OXRN,GTEx frontal ctx BA9
GTEx,GTEX-PVOW,GTEx frontal ctx BA9
GTEx,GTEX-Q2AG,GTEx frontal ctx BA9
GTEx,GTEX-QDT8,GTEx frontal ctx BA9
GTEx,GTEX-QVUS,GTEx frontal ctx BA9
GTEx,GTEX-S7PM,GTEx frontal ctx BA9
GTEx,GTEX-S7SE,GTEx frontal ctx BA9
GTEx,GTEX-T5JC,GTEx frontal ctx BA9
GTEx,GTEX-T6MN,GTEx frontal ctx BA9
GTEx,GTEX-TSE9,GTEx frontal ctx BA9
GTEx,GTEX-WHSE,GTEx frontal ctx BA9
GTEx,GTEX-WL46,GTEx frontal ctx BA9
GTEx,GTEX-WVLH,GTEx frontal ctx BA9
GTEx,GTEX-WWYW,GTEx frontal ctx BA9
GTEx,GTEX-WZTO,GTEx frontal ctx BA9
GTEx,GTEX-X261,GTEx frontal ctx BA9
GTEx,GTEX-X4EP,GTEx frontal ctx BA9
GTEx,GTEX-X4XX,GTEx frontal ctx BA9
GTEx,GTEX-X585,GTEx frontal ctx BA9
GTEx,GTEX-XLM4,GTEx frontal ctx BA9
GTEx,GTEX-XMD1,GTEx frontal ctx BA9
GTEx,GTEX-Y8DK,GTEx frontal ctx BA9
GTEx,GTEX-YFC4,GTEx frontal ctx BA9
GTEx,GTEX-YJ89,GTEx frontal ctx BA9
GTEx,GTEX-Z93S,GTEx frontal ctx BA9
GTEx,GTEX-ZAB4,GTEx frontal ctx BA9
GTEx,GTEX-ZAJG,GTEx frontal ctx BA9
GTEx,GTEX-ZAK1,GTEx frontal ctx BA9
GTEx,GTEX-ZDXO,GTEx frontal ctx BA9
GTEx,GTEX-ZE7O,GTEx frontal ctx BA9
GTEx,GTEX-ZF28,GTEx frontal ctx BA9
GTEx,GTEX-ZUA1,GTEx frontal ctx BA9
GTEx,GTEX-ZV68,GTEx frontal ctx BA9
GTEx,GTEX-ZVT3,GTEx frontal ctx BA9
GTEx,GTEX-ZVZQ,GTEx frontal ctx BA9
GTEx,GTEX-ZXG5,GTEx frontal ctx BA9
GTEx,GTEX-ZYFD,GTEx frontal ctx BA9
GTEx,GTEX-ZYY3,GTEx frontal ctx BA9
GTEx,GTEX-ZZPT,GTEx frontal ctx BA9
GTEx,GTEX-117XS,GTEx hippocampus
GTEx,GTEX-1192X,GTEx hippocampus
GTEx,GTEX-11DXW,GTEx hippocampus
GTEx,GTEX-11DXY,GTEx hippocampus
GTEx,GTEX-11DYG,GTEx hippocampus
GTEx,GTEX-11EI6,GTEx hippocampus
GTEx,GTEX-11GS4,GTEx hippocampus
GTEx,GTEX-11GSO,GTEx hippocampus
GTEx,GTEX-11GSP,GTEx hippocampus
GTEx,GTEX-11H98,GTEx hippocampus
GTEx,GTEX-11NV4,GTEx hippocampus
GTEx,GTEX-11OF3,GTEx hippocampus
GTEx,GTEX-11ONC,GTEx hippocampus
GTEx,GTEX-11PRG,GTEx hippocampus
GTEx,GTEX-11TTK,GTEx hippocampus
GTEx,GTEX-11TUW,GTEx hippocampus
GTEx,GTEX-11UD1,GTEx hippocampus
GTEx,GTEX-11WQC,GTEx hippocampus
GTEx,GTEX-11ZTS,GTEx hippocampus
GTEx,GTEX-11ZUS,GTEx hippocampus
GTEx,GTEX-11ZVC,GTEx hippocampus
GTEx,GTEX-12126,GTEx hippocampus
GTEx,GTEX-1212Z,GTEx hippocampus
GTEx,GTEX-12696,GTEx hippocampus
GTEx,GTEX-12WSA,GTEx hippocampus
GTEx,GTEX-12WSD,GTEx hippocampus
GTEx,GTEX-12WSE,GTEx hippocampus
GTEx,GTEX-12WSF,GTEx hippocampus
GTEx,GTEX-12WSH,GTEx hippocampus
GTEx,GTEX-12WSM,GTEx hippocampus
GTEx,GTEX-12ZZX,GTEx hippocampus
GTEx,GTEX-12ZZY,GTEx hippocampus
GTEx,GTEX-12ZZZ,GTEx hippocampus
GTEx,GTEX-13112,GTEx hippocampus
GTEx,GTEX-1313W,GTEx hippocampus
GTEx,GTEX-131XH,GTEx hippocampus
GTEx,GTEX-131YS,GTEx hippocampus
GTEx,GTEX-132Q8,GTEx hippocampus
GTEx,GTEX-1399T,GTEx hippocampus
GTEx,GTEX-139T8,GTEx hippocampus
GTEx,GTEX-139TT,GTEx hippocampus
GTEx,GTEX-13CF2,GTEx hippocampus
GTEx,GTEX-13FHO,GTEx hippocampus
GTEx,GTEX-13FHP,GTEx hippocampus
GTEx,GTEX-13FLW,GTEx hippocampus
GTEx,GTEX-13FTY,GTEx hippocampus
GTEx,GTEX-13FXS,GTEx hippocampus
GTEx,GTEX-13G51,GTEx hippocampus
GTEx,GTEX-13JUV,GTEx hippocampus
GTEx,GTEX-13JVG,GTEx hippocampus
GTEx,GTEX-13N1W,GTEx hippocampus
GTEx,GTEX-13N2G,GTEx hippocampus
GTEx,GTEX-13NYB,GTEx hippocampus
GTEx,GTEX-13NYS,GTEx hippocampus
GTEx,GTEX-13NZ8,GTEx hippocampus
GTEx,GTEX-13NZA,GTEx hippocampus
GTEx,GTEX-13O3O,GTEx hippocampus
GTEx,GTEX-13O3Q,GTEx hippocampus
GTEx,GTEX-13OVJ,GTEx hippocampus
GTEx,GTEX-13OVL,GTEx hippocampus
GTEx,GTEX-13OW5,GTEx hippocampus
GTEx,GTEX-13OW6,GTEx hippocampus
GTEx,GTEX-13OW7,GTEx hippocampus
GTEx,GTEX-13OW8,GTEx hippocampus
GTEx,GTEX-13PDP,GTEx hippocampus
GTEx,GTEX-13PLJ,GTEx hippocampus
GTEx,GTEX-13PVQ,GTEx hippocampus
GTEx,GTEX-13QIC,GTEx hippocampus
GTEx,GTEX-13QJC,GTEx hippocampus
GTEx,GTEX-13RTJ,GTEx hippocampus
GTEx,GTEX-13RTL,GTEx hippocampus
GTEx,GTEX-13S7M,GTEx hippocampus
GTEx,GTEX-13SLW,GTEx hippocampus
GTEx,GTEX-13SLX,GTEx hippocampus
GTEx,GTEX-13VXU,GTEx hippocampus
GTEx,GTEX-13X6I,GTEx hippocampus
GTEx,GTEX-144GL,GTEx hippocampus
GTEx,GTEX-144GO,GTEx hippocampus
GTEx,GTEX-145LS,GTEx hippocampus
GTEx,GTEX-145LU,GTEx hippocampus
GTEx,GTEX-145MH,GTEx hippocampus
GTEx,GTEX-14ABY,GTEx hippocampus
GTEx,GTEX-14ASI,GTEx hippocampus
GTEx,GTEX-14BIM,GTEx hippocampus
GTEx,GTEX-14BMV,GTEx hippocampus
GTEx,GTEX-14C5O,GTEx hippocampus
GTEx,GTEX-14DAQ,GTEx hippocampus
GTEx,GTEX-14E6C,GTEx hippocampus
GTEx,GTEX-14E6D,GTEx hippocampus
GTEx,GTEX-14E7W,GTEx hippocampus
GTEx,GTEX-14JFF,GTEx hippocampus
GTEx,GTEX-14JIY,GTEx hippocampus
GTEx,GTEX-14LLW,GTEx hippocampus
GTEx,GTEX-14LZ3,GTEx hippocampus
GTEx,GTEX-14PJM,GTEx hippocampus
GTEx,GTEX-14PJO,GTEx hippocampus
GTEx,GTEX-14PN4,GTEx hippocampus
GTEx,GTEX-14PQA,GTEx hippocampus
GTEx,GTEX-15CHQ,GTEx hippocampus
GTEx,GTEX-15DCD,GTEx hippocampus
GTEx,GTEX-15DYW,GTEx hippocampus
GTEx,GTEX-15EO6,GTEx hippocampus
GTEx,GTEX-15ER7,GTEx hippocampus
GTEx,GTEX-15RJE,GTEx hippocampus
GTEx,GTEX-15SHU,GTEx hippocampus
GTEx,GTEX-15UF6,GTEx hippocampus
GTEx,GTEX-16GPK,GTEx hippocampus
GTEx,GTEX-16XZZ,GTEx hippocampus
GTEx,GTEX-16YQH,GTEx hippocampus
GTEx,GTEX-16Z82,GTEx hippocampus
GTEx,GTEX-17EVP,GTEx hippocampus
GTEx,GTEX-17EVQ,GTEx hippocampus
GTEx,GTEX-17F97,GTEx hippocampus
GTEx,GTEX-17HG3,GTEx hippocampus
GTEx,GTEX-17HHY,GTEx hippocampus
GTEx,GTEX-17HII,GTEx hippocampus
GTEx,GTEX-17JCI,GTEx hippocampus
GTEx,GTEX-17MF6,GTEx hippocampus
GTEx,GTEX-183WM,GTEx hippocampus
GTEx,GTEX-18A6Q,GTEx hippocampus
GTEx,GTEX-1A32A,GTEx hippocampus
GTEx,GTEX-1A3MX,GTEx hippocampus
GTEx,GTEX-1A8G6,GTEx hippocampus
GTEx,GTEX-1AX9I,GTEx hippocampus
GTEx,GTEX-1B8L1,GTEx hippocampus
GTEx,GTEX-1B8SF,GTEx hippocampus
GTEx,GTEX-1B933,GTEx hippocampus
GTEx,GTEX-1B996,GTEx hippocampus
GTEx,GTEX-1BAJH,GTEx hippocampus
GTEx,GTEX-1C64N,GTEx hippocampus
GTEx,GTEX-1C6VQ,GTEx hippocampus
GTEx,GTEX-1C6VR,GTEx hippocampus
GTEx,GTEX-1CAV2,GTEx hippocampus
GTEx,GTEX-1CB4G,GTEx hippocampus
GTEx,GTEX-1CB4J,GTEx hippocampus
GTEx,GTEX-1E1VI,GTEx hippocampus
GTEx,GTEX-1E2YA,GTEx hippocampus
GTEx,GTEX-1EH9U,GTEx hippocampus
GTEx,GTEX-1EKGG,GTEx hippocampus
GTEx,GTEX-1EMGI,GTEx hippocampus
GTEx,GTEX-1EX96,GTEx hippocampus
GTEx,GTEX-1F48J,GTEx hippocampus
GTEx,GTEX-1F52S,GTEx hippocampus
GTEx,GTEX-1F6I4,GTEx hippocampus
GTEx,GTEX-1F6IF,GTEx hippocampus
GTEx,GTEX-1F75A,GTEx hippocampus
GTEx,GTEX-1F75W,GTEx hippocampus
GTEx,GTEX-1GF9W,GTEx hippocampus
GTEx,GTEX-1GMR8,GTEx hippocampus
GTEx,GTEX-1GN1U,GTEx hippocampus
GTEx,GTEX-1GN2E,GTEx hippocampus
GTEx,GTEX-1GN73,GTEx hippocampus
GTEx,GTEX-1GTWX,GTEx hippocampus
GTEx,GTEX-1GZ2Q,GTEx hippocampus
GTEx,GTEX-1GZHY,GTEx hippocampus
GTEx,GTEX-1H1CY,GTEx hippocampus
GTEx,GTEX-1H1DG,GTEx hippocampus
GTEx,GTEX-1H1ZS,GTEx hippocampus
GTEx,GTEX-1H23P,GTEx hippocampus
GTEx,GTEX-1H3NZ,GTEx hippocampus
GTEx,GTEX-1H3O1,GTEx hippocampus
GTEx,GTEX-1H3VE,GTEx hippocampus
GTEx,GTEX-1H4P4,GTEx hippocampus
GTEx,GTEX-1HBPI,GTEx hippocampus
GTEx,GTEX-1HGF4,GTEx hippocampus
GTEx,GTEX-1HSKV,GTEx hippocampus
GTEx,GTEX-1HSMO,GTEx hippocampus
GTEx,GTEX-1HT8W,GTEx hippocampus
GTEx,GTEX-1I19N,GTEx hippocampus
GTEx,GTEX-1I1GQ,GTEx hippocampus
GTEx,GTEX-1I1GS,GTEx hippocampus
GTEx,GTEX-1I1GV,GTEx hippocampus
GTEx,GTEX-1I1HK,GTEx hippocampus
GTEx,GTEX-1ICLZ,GTEx hippocampus
GTEx,GTEX-1IDJH,GTEx hippocampus
GTEx,GTEX-1IKK5,GTEx hippocampus
GTEx,GTEX-1IOXB,GTEx hippocampus
GTEx,GTEX-1IY9M,GTEx hippocampus
GTEx,GTEX-1J1OQ,GTEx hippocampus
GTEx,GTEX-1JJ6O,GTEx hippocampus
GTEx,GTEX-1JJEA,GTEx hippocampus
GTEx,GTEX-1JMLX,GTEx hippocampus
GTEx,GTEX-1JMOU,GTEx hippocampus
GTEx,GTEX-1JMPZ,GTEx hippocampus
GTEx,GTEX-1JMQJ,GTEx hippocampus
GTEx,GTEX-1JMQK,GTEx hippocampus
GTEx,GTEX-1JMQL,GTEx hippocampus
GTEx,GTEX-1JN6P,GTEx hippocampus
GTEx,GTEX-1KANB,GTEx hippocampus
GTEx,GTEX-1KD4Q,GTEx hippocampus
GTEx,GTEX-1KWVE,GTEx hippocampus
GTEx,GTEX-1LB8K,GTEx hippocampus
GTEx,GTEX-1LG7Y,GTEx hippocampus
GTEx,GTEX-1LH75,GTEx hippocampus
GTEx,GTEX-1LKK1,GTEx hippocampus
GTEx,GTEX-1LSNL,GTEx hippocampus
GTEx,GTEX-1LSVX,GTEx hippocampus
GTEx,GTEX-1LVA9,GTEx hippocampus
GTEx,GTEX-1LVAO,GTEx hippocampus
GTEx,GTEX-1MA7X,GTEx hippocampus
GTEx,GTEX-1MCQQ,GTEx hippocampus
GTEx,GTEX-1MJK2,GTEx hippocampus
GTEx,GTEX-1N2EE,GTEx hippocampus
GTEx,GTEX-1N2EF,GTEx hippocampus
GTEx,GTEX-1N5O9,GTEx hippocampus
GTEx,GTEX-1NV8Z,GTEx hippocampus
GTEx,GTEX-1O9I2,GTEx hippocampus
GTEx,GTEX-1OJC4,GTEx hippocampus
GTEx,GTEX-1P4AB,GTEx hippocampus
GTEx,GTEX-1PIIG,GTEx hippocampus
GTEx,GTEX-1POEN,GTEx hippocampus
GTEx,GTEX-1PPGY,GTEx hippocampus
GTEx,GTEX-1PWST,GTEx hippocampus
GTEx,GTEX-1QMI2,GTEx hippocampus
GTEx,GTEX-1QP6S,GTEx hippocampus
GTEx,GTEX-1R9K4,GTEx hippocampus
GTEx,GTEX-1R9PO,GTEx hippocampus
GTEx,GTEX-1RDX4,GTEx hippocampus
GTEx,GTEX-1RNSC,GTEx hippocampus
GTEx,GTEX-1RQEC,GTEx hippocampus
GTEx,GTEX-1RQED,GTEx hippocampus
GTEx,GTEX-N7MS,GTEx hippocampus
GTEx,GTEX-N7MT,GTEx hippocampus
GTEx,GTEX-NPJ7,GTEx hippocampus
GTEx,GTEX-NPJ8,GTEx hippocampus
GTEx,GTEX-OHPN,GTEx hippocampus
GTEx,GTEX-P44H,GTEx hippocampus
GTEx,GTEX-Q2AG,GTEx hippocampus
GTEx,GTEX-QVUS,GTEx hippocampus
GTEx,GTEX-RNOR,GTEx hippocampus
GTEx,GTEX-RU72,GTEx hippocampus
GTEx,GTEX-S7SE,GTEx hippocampus
GTEx,GTEX-T6MN,GTEx hippocampus
GTEx,GTEX-UTHO,GTEx hippocampus
GTEx,GTEX-WHSE,GTEx hippocampus
GTEx,GTEX-WL46,GTEx hippocampus
GTEx,GTEX-WVLH,GTEx hippocampus
GTEx,GTEX-WWYW,GTEx hippocampus
GTEx,GTEX-WZTO,GTEx hippocampus
GTEx,GTEX-X4XX,GTEx hippocampus
GTEx,GTEX-X585,GTEx hippocampus
GTEx,GTEX-XMD1,GTEx hippocampus
GTEx,GTEX-Y8DK,GTEx hippocampus
GTEx,GTEX-YFC4,GTEx hippocampus
GTEx,GTEX-YJ89,GTEx hippocampus
GTEx,GTEX-ZAB4,GTEx hippocampus
GTEx,GTEX-ZAJG,GTEx hippocampus
GTEx,GTEX-ZAK1,GTEx hippocampus
GTEx,GTEX-ZDXO,GTEx hippocampus
GTEx,GTEX-ZF28,GTEx hippocampus
GTEx,GTEX-ZUA1,GTEx hippocampus
GTEx,GTEX-ZVZQ,GTEx hippocampus
GTEx,GTEX-ZYFD,GTEx hippocampus
GTEx,GTEX-ZYY3,GTEx hippocampus
GTEx,GTEX-ZZPT,GTEx hippocampus
GTEx,GTEX-111FC,GTEx hypothalamus
GTEx,GTEX-117XS,GTEx hypothalamus
GTEx,GTEX-117YW,GTEx hypothalamus
GTEx,GTEX-1192X,GTEx hypothalamus
GTEx,GTEX-11DXW,GTEx hypothalamus
GTEx,GTEX-11DXY,GTEx hypothalamus
GTEx,GTEX-11DYG,GTEx hypothalamus
GTEx,GTEX-11DZ1,GTEx hypothalamus
GTEx,GTEX-11EI6,GTEx hypothalamus
GTEx,GTEX-11EMC,GTEx hypothalamus
GTEx,GTEX-11GS4,GTEx hypothalamus
GTEx,GTEX-11GSO,GTEx hypothalamus
GTEx,GTEX-11GSP,GTEx hypothalamus
GTEx,GTEX-11H98,GTEx hypothalamus
GTEx,GTEX-11NV4,GTEx hypothalamus
GTEx,GTEX-11O72,GTEx hypothalamus
GTEx,GTEX-11OF3,GTEx hypothalamus
GTEx,GTEX-11ONC,GTEx hypothalamus
GTEx,GTEX-11TTK,GTEx hypothalamus
GTEx,GTEX-11WQC,GTEx hypothalamus
GTEx,GTEX-11WQK,GTEx hypothalamus
GTEx,GTEX-11ZTS,GTEx hypothalamus
GTEx,GTEX-11ZU8,GTEx hypothalamus
GTEx,GTEX-11ZUS,GTEx hypothalamus
GTEx,GTEX-12126,GTEx hypothalamus
GTEx,GTEX-12696,GTEx hypothalamus
GTEx,GTEX-12WSA,GTEx hypothalamus
GTEx,GTEX-12WSD,GTEx hypothalamus
GTEx,GTEX-12WSM,GTEx hypothalamus
GTEx,GTEX-12ZZX,GTEx hypothalamus
GTEx,GTEX-13112,GTEx hypothalamus
GTEx,GTEX-1313W,GTEx hypothalamus
GTEx,GTEX-131XH,GTEx hypothalamus
GTEx,GTEX-131XW,GTEx hypothalamus
GTEx,GTEX-132Q8,GTEx hypothalamus
GTEx,GTEX-1399T,GTEx hypothalamus
GTEx,GTEX-139TS,GTEx hypothalamus
GTEx,GTEX-13CF2,GTEx hypothalamus
GTEx,GTEX-13CIG,GTEx hypothalamus
GTEx,GTEX-13FLV,GTEx hypothalamus
GTEx,GTEX-13FLW,GTEx hypothalamus
GTEx,GTEX-13FXS,GTEx hypothalamus
GTEx,GTEX-13G51,GTEx hypothalamus
GTEx,GTEX-13JVG,GTEx hypothalamus
GTEx,GTEX-13N1W,GTEx hypothalamus
GTEx,GTEX-13NYB,GTEx hypothalamus
GTEx,GTEX-13NYS,GTEx hypothalamus
GTEx,GTEX-13NZA,GTEx hypothalamus
GTEx,GTEX-13O3O,GTEx hypothalamus
GTEx,GTEX-13O3Q,GTEx hypothalamus
GTEx,GTEX-13OVH,GTEx hypothalamus
GTEx,GTEX-13OVJ,GTEx hypothalamus
GTEx,GTEX-13OVL,GTEx hypothalamus
GTEx,GTEX-13OW5,GTEx hypothalamus
GTEx,GTEX-13OW6,GTEx hypothalamus
GTEx,GTEX-13OW7,GTEx hypothalamus
GTEx,GTEX-13OW8,GTEx hypothalamus
GTEx,GTEX-13PDP,GTEx hypothalamus
GTEx,GTEX-13PLJ,GTEx hypothalamus
GTEx,GTEX-13PVQ,GTEx hypothalamus
GTEx,GTEX-13QIC,GTEx hypothalamus
GTEx,GTEX-13QJC,GTEx hypothalamus
GTEx,GTEX-13RTJ,GTEx hypothalamus
GTEx,GTEX-13SLW,GTEx hypothalamus
GTEx,GTEX-13SLX,GTEx hypothalamus
GTEx,GTEX-13VXU,GTEx hypothalamus
GTEx,GTEX-13X6I,GTEx hypothalamus
GTEx,GTEX-13X6J,GTEx hypothalamus
GTEx,GTEX-13X6K,GTEx hypothalamus
GTEx,GTEX-1445S,GTEx hypothalamus
GTEx,GTEX-144GL,GTEx hypothalamus
GTEx,GTEX-145LS,GTEx hypothalamus
GTEx,GTEX-145LU,GTEx hypothalamus
GTEx,GTEX-145MH,GTEx hypothalamus
GTEx,GTEX-14753,GTEx hypothalamus
GTEx,GTEX-1477Z,GTEx hypothalamus
GTEx,GTEX-147F4,GTEx hypothalamus
GTEx,GTEX-14ASI,GTEx hypothalamus
GTEx,GTEX-14BIL,GTEx hypothalamus
GTEx,GTEX-14BMV,GTEx hypothalamus
GTEx,GTEX-14C5O,GTEx hypothalamus
GTEx,GTEX-14DAQ,GTEx hypothalamus
GTEx,GTEX-14E7W,GTEx hypothalamus
GTEx,GTEX-14JIY,GTEx hypothalamus
GTEx,GTEX-14LZ3,GTEx hypothalamus
GTEx,GTEX-14PJM,GTEx hypothalamus
GTEx,GTEX-14PJO,GTEx hypothalamus
GTEx,GTEX-14PN4,GTEx hypothalamus
GTEx,GTEX-14PQA,GTEx hypothalamus
GTEx,GTEX-15CHQ,GTEx hypothalamus
GTEx,GTEX-15DCD,GTEx hypothalamus
GTEx,GTEX-15DYW,GTEx hypothalamus
GTEx,GTEX-15EO6,GTEx hypothalamus
GTEx,GTEX-15ER7,GTEx hypothalamus
GTEx,GTEX-15G19,GTEx hypothalamus
GTEx,GTEX-15RJE,GTEx hypothalamus
GTEx,GTEX-15SHU,GTEx hypothalamus
GTEx,GTEX-16GPK,GTEx hypothalamus
GTEx,GTEX-16NPV,GTEx hypothalamus
GTEx,GTEX-16XZZ,GTEx hypothalamus
GTEx,GTEX-16YQH,GTEx hypothalamus
GTEx,GTEX-16Z82,GTEx hypothalamus
GTEx,GTEX-17EVP,GTEx hypothalamus
GTEx,GTEX-17EVQ,GTEx hypothalamus
GTEx,GTEX-17F97,GTEx hypothalamus
GTEx,GTEX-17HG3,GTEx hypothalamus
GTEx,GTEX-17HII,GTEx hypothalamus
GTEx,GTEX-18465,GTEx hypothalamus
GTEx,GTEX-1A3MX,GTEx hypothalamus
GTEx,GTEX-1A8G6,GTEx hypothalamus
GTEx,GTEX-1A8G7,GTEx hypothalamus
GTEx,GTEX-1AX9I,GTEx hypothalamus
GTEx,GTEX-1B8L1,GTEx hypothalamus
GTEx,GTEX-1B8SF,GTEx hypothalamus
GTEx,GTEX-1B8SG,GTEx hypothalamus
GTEx,GTEX-1B933,GTEx hypothalamus
GTEx,GTEX-1B996,GTEx hypothalamus
GTEx,GTEX-1BAJH,GTEx hypothalamus
GTEx,GTEX-1C64N,GTEx hypothalamus
GTEx,GTEX-1C6VR,GTEx hypothalamus
GTEx,GTEX-1C6WA,GTEx hypothalamus
GTEx,GTEX-1CAMQ,GTEx hypothalamus
GTEx,GTEX-1CAV2,GTEx hypothalamus
GTEx,GTEX-1CB4G,GTEx hypothalamus
GTEx,GTEX-1CB4H,GTEx hypothalamus
GTEx,GTEX-1CB4J,GTEx hypothalamus
GTEx,GTEX-1E1VI,GTEx hypothalamus
GTEx,GTEX-1E2YA,GTEx hypothalamus
GTEx,GTEX-1EMGI,GTEx hypothalamus
GTEx,GTEX-1F48J,GTEx hypothalamus
GTEx,GTEX-1F52S,GTEx hypothalamus
GTEx,GTEX-1F6I4,GTEx hypothalamus
GTEx,GTEX-1F6IF,GTEx hypothalamus
GTEx,GTEX-1F75A,GTEx hypothalamus
GTEx,GTEX-1F75W,GTEx hypothalamus
GTEx,GTEX-1F88E,GTEx hypothalamus
GTEx,GTEX-1GF9V,GTEx hypothalamus
GTEx,GTEX-1GF9W,GTEx hypothalamus
GTEx,GTEX-1GMR8,GTEx hypothalamus
GTEx,GTEX-1GN1U,GTEx hypothalamus
GTEx,GTEX-1GN1V,GTEx hypothalamus
GTEx,GTEX-1GN2E,GTEx hypothalamus
GTEx,GTEX-1GN73,GTEx hypothalamus
GTEx,GTEX-1GTWX,GTEx hypothalamus
GTEx,GTEX-1GZ2Q,GTEx hypothalamus
GTEx,GTEX-1GZ4I,GTEx hypothalamus
GTEx,GTEX-1GZHY,GTEx hypothalamus
GTEx,GTEX-1H1CY,GTEx hypothalamus
GTEx,GTEX-1H1DG,GTEx hypothalamus
GTEx,GTEX-1H1ZS,GTEx hypothalamus
GTEx,GTEX-1H23P,GTEx hypothalamus
GTEx,GTEX-1H3NZ,GTEx hypothalamus
GTEx,GTEX-1H3O1,GTEx hypothalamus
GTEx,GTEX-1HB9E,GTEx hypothalamus
GTEx,GTEX-1HBPH,GTEx hypothalamus
GTEx,GTEX-1HBPI,GTEx hypothalamus
GTEx,GTEX-1HCU6,GTEx hypothalamus
GTEx,GTEX-1HCVE,GTEx hypothalamus
GTEx,GTEX-1HFI6,GTEx hypothalamus
GTEx,GTEX-1HGF4,GTEx hypothalamus
GTEx,GTEX-1HSKV,GTEx hypothalamus
GTEx,GTEX-1HT8W,GTEx hypothalamus
GTEx,GTEX-1I1CD,GTEx hypothalamus
GTEx,GTEX-1I1GQ,GTEx hypothalamus
GTEx,GTEX-1I1GS,GTEx hypothalamus
GTEx,GTEX-1I1HK,GTEx hypothalamus
GTEx,GTEX-1ICLZ,GTEx hypothalamus
GTEx,GTEX-1IDJH,GTEx hypothalamus
GTEx,GTEX-1IKK5,GTEx hypothalamus
GTEx,GTEX-1IKOH,GTEx hypothalamus
GTEx,GTEX-1IY9M,GTEx hypothalamus
GTEx,GTEX-1J1OQ,GTEx hypothalamus
GTEx,GTEX-1J8Q2,GTEx hypothalamus
GTEx,GTEX-1JJEA,GTEx hypothalamus
GTEx,GTEX-1JMLX,GTEx hypothalamus
GTEx,GTEX-1JMOU,GTEx hypothalamus
GTEx,GTEX-1JMPZ,GTEx hypothalamus
GTEx,GTEX-1JMQJ,GTEx hypothalamus
GTEx,GTEX-1JMQK,GTEx hypothalamus
GTEx,GTEX-1JN1M,GTEx hypothalamus
GTEx,GTEX-1JN6P,GTEx hypothalamus
GTEx,GTEX-1KANB,GTEx hypothalamus
GTEx,GTEX-1KD4Q,GTEx hypothalamus
GTEx,GTEX-1KWVE,GTEx hypothalamus
GTEx,GTEX-1LG7Y,GTEx hypothalamus
GTEx,GTEX-1LH75,GTEx hypothalamus
GTEx,GTEX-1LKK1,GTEx hypothalamus
GTEx,GTEX-1LSNL,GTEx hypothalamus
GTEx,GTEX-1LSVX,GTEx hypothalamus
GTEx,GTEX-1LVA9,GTEx hypothalamus
GTEx,GTEX-1LVAO,GTEx hypothalamus
GTEx,GTEX-1MA7X,GTEx hypothalamus
GTEx,GTEX-1MCQQ,GTEx hypothalamus
GTEx,GTEX-1MJK2,GTEx hypothalamus
GTEx,GTEX-1N2DW,GTEx hypothalamus
GTEx,GTEX-1N2EE,GTEx hypothalamus
GTEx,GTEX-1N2EF,GTEx hypothalamus
GTEx,GTEX-1N5O9,GTEx hypothalamus
GTEx,GTEX-1NV5F,GTEx hypothalamus
GTEx,GTEX-1NV8Z,GTEx hypothalamus
GTEx,GTEX-1O9I2,GTEx hypothalamus
GTEx,GTEX-1OJC4,GTEx hypothalamus
GTEx,GTEX-1P4AB,GTEx hypothalamus
GTEx,GTEX-1POEN,GTEx hypothalamus
GTEx,GTEX-1PPGY,GTEx hypothalamus
GTEx,GTEX-1PWST,GTEx hypothalamus
GTEx,GTEX-1QEPI,GTEx hypothalamus
GTEx,GTEX-1QMI2,GTEx hypothalamus
GTEx,GTEX-1QP6S,GTEx hypothalamus
GTEx,GTEX-1R46S,GTEx hypothalamus
GTEx,GTEX-1R9K4,GTEx hypothalamus
GTEx,GTEX-1R9PO,GTEx hypothalamus
GTEx,GTEX-1RAZS,GTEx hypothalamus
GTEx,GTEX-1RDX4,GTEx hypothalamus
GTEx,GTEX-1RLM8,GTEx hypothalamus
GTEx,GTEX-1RQEC,GTEx hypothalamus
GTEx,GTEX-1RQED,GTEx hypothalamus
GTEx,GTEX-N7MS,GTEx hypothalamus
GTEx,GTEX-NL4W,GTEx hypothalamus
GTEx,GTEX-NPJ8,GTEx hypothalamus
GTEx,GTEX-OXRN,GTEx hypothalamus
GTEx,GTEX-P44H,GTEx hypothalamus
GTEx,GTEX-PWO3,GTEx hypothalamus
GTEx,GTEX-QDT8,GTEx hypothalamus
GTEx,GTEX-QMR6,GTEx hypothalamus
GTEx,GTEX-QVJO,GTEx hypothalamus
GTEx,GTEX-QVUS,GTEx hypothalamus
GTEx,GTEX-RNOR,GTEx hypothalamus
GTEx,GTEX-RVPV,GTEx hypothalamus
GTEx,GTEX-S7SE,GTEx hypothalamus
GTEx,GTEX-T5JC,GTEx hypothalamus
GTEx,GTEX-T6MN,GTEx hypothalamus
GTEx,GTEX-WHSE,GTEx hypothalamus
GTEx,GTEX-WL46,GTEx hypothalamus
GTEx,GTEX-WVLH,GTEx hypothalamus
GTEx,GTEX-WWYW,GTEx hypothalamus
GTEx,GTEX-WZTO,GTEx hypothalamus
GTEx,GTEX-X261,GTEx hypothalamus
GTEx,GTEX-X4XX,GTEx hypothalamus
GTEx,GTEX-X4XY,GTEx hypothalamus
GTEx,GTEX-X585,GTEx hypothalamus
GTEx,GTEX-XMD1,GTEx hypothalamus
GTEx,GTEX-Y8DK,GTEx hypothalamus
GTEx,GTEX-YFC4,GTEx hypothalamus
GTEx,GTEX-YJ89,GTEx hypothalamus
GTEx,GTEX-Z93S,GTEx hypothalamus
GTEx,GTEX-ZAB4,GTEx hypothalamus
GTEx,GTEX-ZAJG,GTEx hypothalamus
GTEx,GTEX-ZAK1,GTEx hypothalamus
GTEx,GTEX-ZDXO,GTEx hypothalamus
GTEx,GTEX-ZF28,GTEx hypothalamus
GTEx,GTEX-ZUA1,GTEx hypothalamus
GTEx,GTEX-ZVT3,GTEx hypothalamus
GTEx,GTEX-ZVZQ,GTEx hypothalamus
GTEx,GTEX-ZXG5,GTEx hypothalamus
GTEx,GTEX-ZYY3,GTEx hypothalamus
GTEx,GTEX-ZZPT,GTEx hypothalamus
GTEx,GTEX-1117F,GTEx n. accumbens
GTEx,GTEX-111FC,GTEx n. accumbens
GTEx,GTEX-117XS,GTEx n. accumbens
GTEx,GTEX-1192X,GTEx n. accumbens
GTEx,GTEX-11DXW,GTEx n. accumbens
GTEx,GTEX-11DXY,GTEx n. accumbens
GTEx,GTEX-11DYG,GTEx n. accumbens
GTEx,GTEX-11DZ1,GTEx n. accumbens
GTEx,GTEX-11EI6,GTEx n. accumbens
GTEx,GTEX-11EMC,GTEx n. accumbens
GTEx,GTEX-11GS4,GTEx n. accumbens
GTEx,GTEX-11GSO,GTEx n. accumbens
GTEx,GTEX-11GSP,GTEx n. accumbens
GTEx,GTEX-11H98,GTEx n. accumbens
GTEx,GTEX-11NUK,GTEx n. accumbens
GTEx,GTEX-11NV4,GTEx n. accumbens
GTEx,GTEX-11O72,GTEx n. accumbens
GTEx,GTEX-11OF3,GTEx n. accumbens
GTEx,GTEX-11ONC,GTEx n. accumbens
GTEx,GTEX-11PRG,GTEx n. accumbens
GTEx,GTEX-11TTK,GTEx n. accumbens
GTEx,GTEX-11UD1,GTEx n. accumbens
GTEx,GTEX-11WQC,GTEx n. accumbens
GTEx,GTEX-11ZU8,GTEx n. accumbens
GTEx,GTEX-11ZVC,GTEx n. accumbens
GTEx,GTEX-12126,GTEx n. accumbens
GTEx,GTEX-12584,GTEx n. accumbens
GTEx,GTEX-12WSC,GTEx n. accumbens
GTEx,GTEX-12WSE,GTEx n. accumbens
GTEx,GTEX-12WSF,GTEx n. accumbens
GTEx,GTEX-12WSH,GTEx n. accumbens
GTEx,GTEX-12WSM,GTEx n. accumbens
GTEx,GTEX-12ZZW,GTEx n. accumbens
GTEx,GTEX-12ZZX,GTEx n. accumbens
GTEx,GTEX-12ZZY,GTEx n. accumbens
GTEx,GTEX-12ZZZ,GTEx n. accumbens
GTEx,GTEX-13112,GTEx n. accumbens
GTEx,GTEX-1313W,GTEx n. accumbens
GTEx,GTEX-131XH,GTEx n. accumbens
GTEx,GTEX-131XW,GTEx n. accumbens
GTEx,GTEX-132Q8,GTEx n. accumbens
GTEx,GTEX-1399T,GTEx n. accumbens
GTEx,GTEX-139TS,GTEx n. accumbens
GTEx,GTEX-139TT,GTEx n. accumbens
GTEx,GTEX-13FHO,GTEx n. accumbens
GTEx,GTEX-13FHP,GTEx n. accumbens
GTEx,GTEX-13FLV,GTEx n. accumbens
GTEx,GTEX-13FLW,GTEx n. accumbens
GTEx,GTEX-13FXS,GTEx n. accumbens
GTEx,GTEX-13G51,GTEx n. accumbens
GTEx,GTEX-13JUV,GTEx n. accumbens
GTEx,GTEX-13JVG,GTEx n. accumbens
GTEx,GTEX-13N1W,GTEx n. accumbens
GTEx,GTEX-13N2G,GTEx n. accumbens
GTEx,GTEX-13NYB,GTEx n. accumbens
GTEx,GTEX-13NYS,GTEx n. accumbens
GTEx,GTEX-13O3O,GTEx n. accumbens
GTEx,GTEX-13O3Q,GTEx n. accumbens
GTEx,GTEX-13OVH,GTEx n. accumbens
GTEx,GTEX-13OVJ,GTEx n. accumbens
GTEx,GTEX-13OVL,GTEx n. accumbens
GTEx,GTEX-13OW5,GTEx n. accumbens
GTEx,GTEX-13OW6,GTEx n. accumbens
GTEx,GTEX-13OW7,GTEx n. accumbens
GTEx,GTEX-13OW8,GTEx n. accumbens
GTEx,GTEX-13PL6,GTEx n. accumbens
GTEx,GTEX-13PVQ,GTEx n. accumbens
GTEx,GTEX-13QIC,GTEx n. accumbens
GTEx,GTEX-13QJC,GTEx n. accumbens
GTEx,GTEX-13RTJ,GTEx n. accumbens
GTEx,GTEX-13S7M,GTEx n. accumbens
GTEx,GTEX-13SLW,GTEx n. accumbens
GTEx,GTEX-13SLX,GTEx n. accumbens
GTEx,GTEX-13VXU,GTEx n. accumbens
GTEx,GTEX-13X6J,GTEx n. accumbens
GTEx,GTEX-13X6K,GTEx n. accumbens
GTEx,GTEX-1445S,GTEx n. accumbens
GTEx,GTEX-144GL,GTEx n. accumbens
GTEx,GTEX-144GO,GTEx n. accumbens
GTEx,GTEX-145LS,GTEx n. accumbens
GTEx,GTEX-145LU,GTEx n. accumbens
GTEx,GTEX-145MH,GTEx n. accumbens
GTEx,GTEX-14753,GTEx n. accumbens
GTEx,GTEX-1477Z,GTEx n. accumbens
GTEx,GTEX-147F4,GTEx n. accumbens
GTEx,GTEX-147GR,GTEx n. accumbens
GTEx,GTEX-148VJ,GTEx n. accumbens
GTEx,GTEX-14ABY,GTEx n. accumbens
GTEx,GTEX-14ASI,GTEx n. accumbens
GTEx,GTEX-14BIL,GTEx n. accumbens
GTEx,GTEX-14BIM,GTEx n. accumbens
GTEx,GTEX-14BIN,GTEx n. accumbens
GTEx,GTEX-14BMV,GTEx n. accumbens
GTEx,GTEX-14C39,GTEx n. accumbens
GTEx,GTEX-14C5O,GTEx n. accumbens
GTEx,GTEX-14DAQ,GTEx n. accumbens
GTEx,GTEX-14E7W,GTEx n. accumbens
GTEx,GTEX-14JG1,GTEx n. accumbens
GTEx,GTEX-14JIY,GTEx n. accumbens
GTEx,GTEX-14LZ3,GTEx n. accumbens
GTEx,GTEX-14PHW,GTEx n. accumbens
GTEx,GTEX-14PJM,GTEx n. accumbens
GTEx,GTEX-14PN4,GTEx n. accumbens
GTEx,GTEX-14PQA,GTEx n. accumbens
GTEx,GTEX-15CHQ,GTEx n. accumbens
GTEx,GTEX-15DCD,GTEx n. accumbens
GTEx,GTEX-15DYW,GTEx n. accumbens
GTEx,GTEX-15EO6,GTEx n. accumbens
GTEx,GTEX-15ER7,GTEx n. accumbens
GTEx,GTEX-15G19,GTEx n. accumbens
GTEx,GTEX-15RJE,GTEx n. accumbens
GTEx,GTEX-15SHU,GTEx n. accumbens
GTEx,GTEX-16GPK,GTEx n. accumbens
GTEx,GTEX-16XZZ,GTEx n. accumbens
GTEx,GTEX-16YQH,GTEx n. accumbens
GTEx,GTEX-16Z82,GTEx n. accumbens
GTEx,GTEX-17EVP,GTEx n. accumbens
GTEx,GTEX-17EVQ,GTEx n. accumbens
GTEx,GTEX-17F97,GTEx n. accumbens
GTEx,GTEX-17HG3,GTEx n. accumbens
GTEx,GTEX-17HHY,GTEx n. accumbens
GTEx,GTEX-17JCI,GTEx n. accumbens
GTEx,GTEX-17MF6,GTEx n. accumbens
GTEx,GTEX-183WM,GTEx n. accumbens
GTEx,GTEX-18465,GTEx n. accumbens
GTEx,GTEX-18A6Q,GTEx n. accumbens
GTEx,GTEX-1A3MX,GTEx n. accumbens
GTEx,GTEX-1A8G6,GTEx n. accumbens
GTEx,GTEX-1AX9I,GTEx n. accumbens
GTEx,GTEX-1B8L1,GTEx n. accumbens
GTEx,GTEX-1B8SF,GTEx n. accumbens
GTEx,GTEX-1B933,GTEx n. accumbens
GTEx,GTEX-1B996,GTEx n. accumbens
GTEx,GTEX-1BAJH,GTEx n. accumbens
GTEx,GTEX-1C64N,GTEx n. accumbens
GTEx,GTEX-1C6VR,GTEx n. accumbens
GTEx,GTEX-1C6WA,GTEx n. accumbens
GTEx,GTEX-1CB4G,GTEx n. accumbens
GTEx,GTEX-1CB4H,GTEx n. accumbens
GTEx,GTEX-1CB4J,GTEx n. accumbens
GTEx,GTEX-1E1VI,GTEx n. accumbens
GTEx,GTEX-1E2YA,GTEx n. accumbens
GTEx,GTEX-1EH9U,GTEx n. accumbens
GTEx,GTEX-1EKGG,GTEx n. accumbens
GTEx,GTEX-1EMGI,GTEx n. accumbens
GTEx,GTEX-1EN7A,GTEx n. accumbens
GTEx,GTEX-1EWIQ,GTEx n. accumbens
GTEx,GTEX-1EX96,GTEx n. accumbens
GTEx,GTEX-1F48J,GTEx n. accumbens
GTEx,GTEX-1F6I4,GTEx n. accumbens
GTEx,GTEX-1F6IF,GTEx n. accumbens
GTEx,GTEX-1F75A,GTEx n. accumbens
GTEx,GTEX-1F75B,GTEx n. accumbens
GTEx,GTEX-1F75W,GTEx n. accumbens
GTEx,GTEX-1F7RK,GTEx n. accumbens
GTEx,GTEX-1F88E,GTEx n. accumbens
GTEx,GTEX-1GF9V,GTEx n. accumbens
GTEx,GTEX-1GF9W,GTEx n. accumbens
GTEx,GTEX-1GMR8,GTEx n. accumbens
GTEx,GTEX-1GMRU,GTEx n. accumbens
GTEx,GTEX-1GN1U,GTEx n. accumbens
GTEx,GTEX-1GN2E,GTEx n. accumbens
GTEx,GTEX-1GN73,GTEx n. accumbens
GTEx,GTEX-1GTWX,GTEx n. accumbens
GTEx,GTEX-1GZ2Q,GTEx n. accumbens
GTEx,GTEX-1GZ4I,GTEx n. accumbens
GTEx,GTEX-1GZHY,GTEx n. accumbens
GTEx,GTEX-1H1CY,GTEx n. accumbens
GTEx,GTEX-1H1DG,GTEx n. accumbens
GTEx,GTEX-1H1ZS,GTEx n. accumbens
GTEx,GTEX-1H23P,GTEx n. accumbens
GTEx,GTEX-1H3NZ,GTEx n. accumbens
GTEx,GTEX-1H3O1,GTEx n. accumbens
GTEx,GTEX-1H4P4,GTEx n. accumbens
GTEx,GTEX-1HB9E,GTEx n. accumbens
GTEx,GTEX-1HBPH,GTEx n. accumbens
GTEx,GTEX-1HBPI,GTEx n. accumbens
GTEx,GTEX-1HBPM,GTEx n. accumbens
GTEx,GTEX-1HGF4,GTEx n. accumbens
GTEx,GTEX-1HR9M,GTEx n. accumbens
GTEx,GTEX-1HT8W,GTEx n. accumbens
GTEx,GTEX-1HUB1,GTEx n. accumbens
GTEx,GTEX-1I19N,GTEx n. accumbens
GTEx,GTEX-1I1CD,GTEx n. accumbens
GTEx,GTEX-1I1GQ,GTEx n. accumbens
GTEx,GTEX-1I1GR,GTEx n. accumbens
GTEx,GTEX-1I1GS,GTEx n. accumbens
GTEx,GTEX-1I1GV,GTEx n. accumbens
GTEx,GTEX-1I1HK,GTEx n. accumbens
GTEx,GTEX-1ICLZ,GTEx n. accumbens
GTEx,GTEX-1IDJH,GTEx n. accumbens
GTEx,GTEX-1IGQW,GTEx n. accumbens
GTEx,GTEX-1IKK5,GTEx n. accumbens
GTEx,GTEX-1IKOH,GTEx n. accumbens
GTEx,GTEX-1IL2U,GTEx n. accumbens
GTEx,GTEX-1IY9M,GTEx n. accumbens
GTEx,GTEX-1J1OQ,GTEx n. accumbens
GTEx,GTEX-1J8Q2,GTEx n. accumbens
GTEx,GTEX-1JJ6O,GTEx n. accumbens
GTEx,GTEX-1JJEA,GTEx n. accumbens
GTEx,GTEX-1JMLX,GTEx n. accumbens
GTEx,GTEX-1JMOU,GTEx n. accumbens
GTEx,GTEX-1JMPZ,GTEx n. accumbens
GTEx,GTEX-1JMQJ,GTEx n. accumbens
GTEx,GTEX-1JMQK,GTEx n. accumbens
GTEx,GTEX-1JN1M,GTEx n. accumbens
GTEx,GTEX-1JN6P,GTEx n. accumbens
GTEx,GTEX-1KD4Q,GTEx n. accumbens
GTEx,GTEX-1KD5A,GTEx n. accumbens
GTEx,GTEX-1KWVE,GTEx n. accumbens
GTEx,GTEX-1LB8K,GTEx n. accumbens
GTEx,GTEX-1LG7Y,GTEx n. accumbens
GTEx,GTEX-1LH75,GTEx n. accumbens
GTEx,GTEX-1LSNL,GTEx n. accumbens
GTEx,GTEX-1LSVX,GTEx n. accumbens
GTEx,GTEX-1LVA9,GTEx n. accumbens
GTEx,GTEX-1LVAO,GTEx n. accumbens
GTEx,GTEX-1MA7X,GTEx n. accumbens
GTEx,GTEX-1MCQQ,GTEx n. accumbens
GTEx,GTEX-1MJK2,GTEx n. accumbens
GTEx,GTEX-1N2DW,GTEx n. accumbens
GTEx,GTEX-1N2EE,GTEx n. accumbens
GTEx,GTEX-1N2EF,GTEx n. accumbens
GTEx,GTEX-1NV5F,GTEx n. accumbens
GTEx,GTEX-1NV8Z,GTEx n. accumbens
GTEx,GTEX-1O9I2,GTEx n. accumbens
GTEx,GTEX-1OJC4,GTEx n. accumbens
GTEx,GTEX-1P4AB,GTEx n. accumbens
GTEx,GTEX-1PIIG,GTEx n. accumbens
GTEx,GTEX-1POEN,GTEx n. accumbens
GTEx,GTEX-1PPGY,GTEx n. accumbens
GTEx,GTEX-1PWST,GTEx n. accumbens
GTEx,GTEX-1QMI2,GTEx n. accumbens
GTEx,GTEX-1QP6S,GTEx n. accumbens
GTEx,GTEX-1R46S,GTEx n. accumbens
GTEx,GTEX-1R9K4,GTEx n. accumbens
GTEx,GTEX-1R9PO,GTEx n. accumbens
GTEx,GTEX-1RDX4,GTEx n. accumbens
GTEx,GTEX-1RQEC,GTEx n. accumbens
GTEx,GTEX-1RQED,GTEx n. accumbens
GTEx,GTEX-N7MS,GTEx n. accumbens
GTEx,GTEX-N7MT,GTEx n. accumbens
GTEx,GTEX-NL3H,GTEx n. accumbens
GTEx,GTEX-NL4W,GTEx n. accumbens
GTEx,GTEX-NPJ7,GTEx n. accumbens
GTEx,GTEX-NPJ8,GTEx n. accumbens
GTEx,GTEX-OHPN,GTEx n. accumbens
GTEx,GTEX-PVOW,GTEx n. accumbens
GTEx,GTEX-Q2AG,GTEx n. accumbens
GTEx,GTEX-QDT8,GTEx n. accumbens
GTEx,GTEX-QMR6,GTEx n. accumbens
GTEx,GTEX-QVJO,GTEx n. accumbens
GTEx,GTEX-R55E,GTEx n. accumbens
GTEx,GTEX-R55F,GTEx n. accumbens
GTEx,GTEX-RNOR,GTEx n. accumbens
GTEx,GTEX-S7PM,GTEx n. accumbens
GTEx,GTEX-T2IS,GTEx n. accumbens
GTEx,GTEX-T5JC,GTEx n. accumbens
GTEx,GTEX-T6MN,GTEx n. accumbens
GTEx,GTEX-TSE9,GTEx n. accumbens
GTEx,GTEX-UTHO,GTEx n. accumbens
GTEx,GTEX-WHSE,GTEx n. accumbens
GTEx,GTEX-WL46,GTEx n. accumbens
GTEx,GTEX-WVLH,GTEx n. accumbens
GTEx,GTEX-WWYW,GTEx n. accumbens
GTEx,GTEX-WZTO,GTEx n. accumbens
GTEx,GTEX-X261,GTEx n. accumbens
GTEx,GTEX-X4XX,GTEx n. accumbens
GTEx,GTEX-X585,GTEx n. accumbens
GTEx,GTEX-XLM4,GTEx n. accumbens
GTEx,GTEX-XMD1,GTEx n. accumbens
GTEx,GTEX-Y8DK,GTEx n. accumbens
GTEx,GTEX-YJ89,GTEx n. accumbens
GTEx,GTEX-Z93S,GTEx n. accumbens
GTEx,GTEX-ZAJG,GTEx n. accumbens
GTEx,GTEX-ZAK1,GTEx n. accumbens
GTEx,GTEX-ZDXO,GTEx n. accumbens
GTEx,GTEX-ZE7O,GTEx n. accumbens
GTEx,GTEX-ZE9C,GTEx n. accumbens
GTEx,GTEX-ZVT3,GTEx n. accumbens
GTEx,GTEX-ZVZQ,GTEx n. accumbens
GTEx,GTEX-ZXG5,GTEx n. accumbens
GTEx,GTEX-ZYFD,GTEx n. accumbens
GTEx,GTEX-ZYY3,GTEx n. accumbens
GTEx,GTEX-ZZPT,GTEx n. accumbens
GTEx,GTEX-1117F,GTEx putamen
GTEx,GTEX-111FC,GTEx putamen
GTEx,GTEX-117XS,GTEx putamen
GTEx,GTEX-1192W,GTEx putamen
GTEx,GTEX-1192X,GTEx putamen
GTEx,GTEX-11DXW,GTEx putamen
GTEx,GTEX-11DXY,GTEx putamen
GTEx,GTEX-11DYG,GTEx putamen
GTEx,GTEX-11DZ1,GTEx putamen
GTEx,GTEX-11EI6,GTEx putamen
GTEx,GTEX-11EMC,GTEx putamen
GTEx,GTEX-11GS4,GTEx putamen
GTEx,GTEX-11GSO,GTEx putamen
GTEx,GTEX-11GSP,GTEx putamen
GTEx,GTEX-11H98,GTEx putamen
GTEx,GTEX-11NUK,GTEx putamen
GTEx,GTEX-11NV4,GTEx putamen
GTEx,GTEX-11O72,GTEx putamen
GTEx,GTEX-11OF3,GTEx putamen
GTEx,GTEX-11ONC,GTEx putamen
GTEx,GTEX-11PRG,GTEx putamen
GTEx,GTEX-11TTK,GTEx putamen
GTEx,GTEX-11WQC,GTEx putamen
GTEx,GTEX-11ZTS,GTEx putamen
GTEx,GTEX-11ZU8,GTEx putamen
GTEx,GTEX-11ZUS,GTEx putamen
GTEx,GTEX-11ZVC,GTEx putamen
GTEx,GTEX-12126,GTEx putamen
GTEx,GTEX-12WSA,GTEx putamen
GTEx,GTEX-12WSC,GTEx putamen
GTEx,GTEX-12WSD,GTEx putamen
GTEx,GTEX-12WSE,GTEx putamen
GTEx,GTEX-12WSF,GTEx putamen
GTEx,GTEX-12WSI,GTEx putamen
GTEx,GTEX-12WSM,GTEx putamen
GTEx,GTEX-12ZZW,GTEx putamen
GTEx,GTEX-12ZZX,GTEx putamen
GTEx,GTEX-12ZZY,GTEx putamen
GTEx,GTEX-12ZZZ,GTEx putamen
GTEx,GTEX-13112,GTEx putamen
GTEx,GTEX-1313W,GTEx putamen
GTEx,GTEX-131YS,GTEx putamen
GTEx,GTEX-132Q8,GTEx putamen
GTEx,GTEX-139TS,GTEx putamen
GTEx,GTEX-139TT,GTEx putamen
GTEx,GTEX-13CF2,GTEx putamen
GTEx,GTEX-13CZV,GTEx putamen
GTEx,GTEX-13FHO,GTEx putamen
GTEx,GTEX-13FHP,GTEx putamen
GTEx,GTEX-13FLV,GTEx putamen
GTEx,GTEX-13FLW,GTEx putamen
GTEx,GTEX-13FXS,GTEx putamen
GTEx,GTEX-13G51,GTEx putamen
GTEx,GTEX-13JUV,GTEx putamen
GTEx,GTEX-13JVG,GTEx putamen
GTEx,GTEX-13N1W,GTEx putamen
GTEx,GTEX-13N2G,GTEx putamen
GTEx,GTEX-13NYB,GTEx putamen
GTEx,GTEX-13O3O,GTEx putamen
GTEx,GTEX-13O3Q,GTEx putamen
GTEx,GTEX-13OVH,GTEx putamen
GTEx,GTEX-13OVJ,GTEx putamen
GTEx,GTEX-13OVL,GTEx putamen
GTEx,GTEX-13OW5,GTEx putamen
GTEx,GTEX-13OW6,GTEx putamen
GTEx,GTEX-13OW7,GTEx putamen
GTEx,GTEX-13OW8,GTEx putamen
GTEx,GTEX-13PVQ,GTEx putamen
GTEx,GTEX-13QIC,GTEx putamen
GTEx,GTEX-13QJC,GTEx putamen
GTEx,GTEX-13RTJ,GTEx putamen
GTEx,GTEX-13S7M,GTEx putamen
GTEx,GTEX-13VXU,GTEx putamen
GTEx,GTEX-13X6I,GTEx putamen
GTEx,GTEX-13X6J,GTEx putamen
GTEx,GTEX-13X6K,GTEx putamen
GTEx,GTEX-1445S,GTEx putamen
GTEx,GTEX-144GL,GTEx putamen
GTEx,GTEX-144GO,GTEx putamen
GTEx,GTEX-145LS,GTEx putamen
GTEx,GTEX-145MG,GTEx putamen
GTEx,GTEX-145MH,GTEx putamen
GTEx,GTEX-147GR,GTEx putamen
GTEx,GTEX-14ABY,GTEx putamen
GTEx,GTEX-14ASI,GTEx putamen
GTEx,GTEX-14BIN,GTEx putamen
GTEx,GTEX-14BMV,GTEx putamen
GTEx,GTEX-14C5O,GTEx putamen
GTEx,GTEX-14E6D,GTEx putamen
GTEx,GTEX-14E7W,GTEx putamen
GTEx,GTEX-14JFF,GTEx putamen
GTEx,GTEX-14JG1,GTEx putamen
GTEx,GTEX-14LZ3,GTEx putamen
GTEx,GTEX-14PJM,GTEx putamen
GTEx,GTEX-14PJO,GTEx putamen
GTEx,GTEX-14PN4,GTEx putamen
GTEx,GTEX-15CHQ,GTEx putamen
GTEx,GTEX-15DCD,GTEx putamen
GTEx,GTEX-15DYW,GTEx putamen
GTEx,GTEX-15EO6,GTEx putamen
GTEx,GTEX-15ER7,GTEx putamen
GTEx,GTEX-15G19,GTEx putamen
GTEx,GTEX-15RJE,GTEx putamen
GTEx,GTEX-15SHU,GTEx putamen
GTEx,GTEX-16GPK,GTEx putamen
GTEx,GTEX-16XZZ,GTEx putamen
GTEx,GTEX-16YQH,GTEx putamen
GTEx,GTEX-16Z82,GTEx putamen
GTEx,GTEX-17EVP,GTEx putamen
GTEx,GTEX-17EVQ,GTEx putamen
GTEx,GTEX-17F97,GTEx putamen
GTEx,GTEX-17HG3,GTEx putamen
GTEx,GTEX-17HHY,GTEx putamen
GTEx,GTEX-17HII,GTEx putamen
GTEx,GTEX-17MF6,GTEx putamen
GTEx,GTEX-183WM,GTEx putamen
GTEx,GTEX-18465,GTEx putamen
GTEx,GTEX-1A3MX,GTEx putamen
GTEx,GTEX-1A8G6,GTEx putamen
GTEx,GTEX-1AX9I,GTEx putamen
GTEx,GTEX-1B8L1,GTEx putamen
GTEx,GTEX-1B8SF,GTEx putamen
GTEx,GTEX-1B933,GTEx putamen
GTEx,GTEX-1B996,GTEx putamen
GTEx,GTEX-1C64N,GTEx putamen
GTEx,GTEX-1C6WA,GTEx putamen
GTEx,GTEX-1CB4G,GTEx putamen
GTEx,GTEX-1CB4H,GTEx putamen
GTEx,GTEX-1E1VI,GTEx putamen
GTEx,GTEX-1E2YA,GTEx putamen
GTEx,GTEX-1EH9U,GTEx putamen
GTEx,GTEX-1EKGG,GTEx putamen
GTEx,GTEX-1EMGI,GTEx putamen
GTEx,GTEX-1EN7A,GTEx putamen
GTEx,GTEX-1EU9M,GTEx putamen
GTEx,GTEX-1EX96,GTEx putamen
GTEx,GTEX-1F48J,GTEx putamen
GTEx,GTEX-1F52S,GTEx putamen
GTEx,GTEX-1F6I4,GTEx putamen
GTEx,GTEX-1F75A,GTEx putamen
GTEx,GTEX-1F75B,GTEx putamen
GTEx,GTEX-1F75W,GTEx putamen
GTEx,GTEX-1GF9V,GTEx putamen
GTEx,GTEX-1GF9W,GTEx putamen
GTEx,GTEX-1GMR8,GTEx putamen
GTEx,GTEX-1GMRU,GTEx putamen
GTEx,GTEX-1GN1U,GTEx putamen
GTEx,GTEX-1GN2E,GTEx putamen
GTEx,GTEX-1GN73,GTEx putamen
GTEx,GTEX-1GTWX,GTEx putamen
GTEx,GTEX-1GZ2Q,GTEx putamen
GTEx,GTEX-1GZ4I,GTEx putamen
GTEx,GTEX-1H1CY,GTEx putamen
GTEx,GTEX-1H1DG,GTEx putamen
GTEx,GTEX-1H1ZS,GTEx putamen
GTEx,GTEX-1H23P,GTEx putamen
GTEx,GTEX-1H3NZ,GTEx putamen
GTEx,GTEX-1H3O1,GTEx putamen
GTEx,GTEX-1H3VE,GTEx putamen
GTEx,GTEX-1H4P4,GTEx putamen
GTEx,GTEX-1HB9E,GTEx putamen
GTEx,GTEX-1HCU6,GTEx putamen
GTEx,GTEX-1HCVE,GTEx putamen
GTEx,GTEX-1HFI6,GTEx putamen
GTEx,GTEX-1HGF4,GTEx putamen
GTEx,GTEX-1HT8W,GTEx putamen
GTEx,GTEX-1I1CD,GTEx putamen
GTEx,GTEX-1I1GQ,GTEx putamen
GTEx,GTEX-1I1GS,GTEx putamen
GTEx,GTEX-1I1GV,GTEx putamen
GTEx,GTEX-1ICLZ,GTEx putamen
GTEx,GTEX-1IDJH,GTEx putamen
GTEx,GTEX-1IGQW,GTEx putamen
GTEx,GTEX-1IKJJ,GTEx putamen
GTEx,GTEX-1IKK5,GTEx putamen
GTEx,GTEX-1IKOH,GTEx putamen
GTEx,GTEX-1IOXB,GTEx putamen
GTEx,GTEX-1IY9M,GTEx putamen
GTEx,GTEX-1J1OQ,GTEx putamen
GTEx,GTEX-1J8Q2,GTEx putamen
GTEx,GTEX-1JJ6O,GTEx putamen
GTEx,GTEX-1JMLX,GTEx putamen
GTEx,GTEX-1JMOU,GTEx putamen
GTEx,GTEX-1JMPZ,GTEx putamen
GTEx,GTEX-1JMQJ,GTEx putamen
GTEx,GTEX-1JMQK,GTEx putamen
GTEx,GTEX-1JMQL,GTEx putamen
GTEx,GTEX-1JN6P,GTEx putamen
GTEx,GTEX-1KD5A,GTEx putamen
GTEx,GTEX-1KWVE,GTEx putamen
GTEx,GTEX-1LG7Y,GTEx putamen
GTEx,GTEX-1LH75,GTEx putamen
GTEx,GTEX-1LSNL,GTEx putamen
GTEx,GTEX-1LSVX,GTEx putamen
GTEx,GTEX-1LVA9,GTEx putamen
GTEx,GTEX-1LVAO,GTEx putamen
GTEx,GTEX-1MA7X,GTEx putamen
GTEx,GTEX-1MCQQ,GTEx putamen
GTEx,GTEX-1MJK2,GTEx putamen
GTEx,GTEX-1N2DW,GTEx putamen
GTEx,GTEX-1N2EE,GTEx putamen
GTEx,GTEX-1N2EF,GTEx putamen
GTEx,GTEX-1NV8Z,GTEx putamen
GTEx,GTEX-1O9I2,GTEx putamen
GTEx,GTEX-1OJC4,GTEx putamen
GTEx,GTEX-1P4AB,GTEx putamen
GTEx,GTEX-1PIIG,GTEx putamen
GTEx,GTEX-1PPGY,GTEx putamen
GTEx,GTEX-1PWST,GTEx putamen
GTEx,GTEX-1QMI2,GTEx putamen
GTEx,GTEX-1QP6S,GTEx putamen
GTEx,GTEX-1R46S,GTEx putamen
GTEx,GTEX-1R9K4,GTEx putamen
GTEx,GTEX-1R9PO,GTEx putamen
GTEx,GTEX-1RDX4,GTEx putamen
GTEx,GTEX-1RQEC,GTEx putamen
GTEx,GTEX-N7MT,GTEx putamen
GTEx,GTEX-NPJ7,GTEx putamen
GTEx,GTEX-PVOW,GTEx putamen
GTEx,GTEX-Q2AG,GTEx putamen
GTEx,GTEX-QDT8,GTEx putamen
GTEx,GTEX-QMR6,GTEx putamen
GTEx,GTEX-QVJO,GTEx putamen
GTEx,GTEX-RNOR,GTEx putamen
GTEx,GTEX-T5JC,GTEx putamen
GTEx,GTEX-T6MN,GTEx putamen
GTEx,GTEX-WHSE,GTEx putamen
GTEx,GTEX-WL46,GTEx putamen
GTEx,GTEX-WVLH,GTEx putamen
GTEx,GTEX-WWYW,GTEx putamen
GTEx,GTEX-WZTO,GTEx putamen
GTEx,GTEX-X261,GTEx putamen
GTEx,GTEX-X4EP,GTEx putamen
GTEx,GTEX-X4XX,GTEx putamen
GTEx,GTEX-XLM4,GTEx putamen
GTEx,GTEX-Y8DK,GTEx putamen
GTEx,GTEX-YFC4,GTEx putamen
GTEx,GTEX-YJ89,GTEx putamen
GTEx,GTEX-Z93S,GTEx putamen
GTEx,GTEX-ZAB4,GTEx putamen
GTEx,GTEX-ZAJG,GTEx putamen
GTEx,GTEX-ZAK1,GTEx putamen
GTEx,GTEX-ZDXO,GTEx putamen
GTEx,GTEX-ZE7O,GTEx putamen
GTEx,GTEX-ZE9C,GTEx putamen
GTEx,GTEX-ZF28,GTEx putamen
GTEx,GTEX-ZUA1,GTEx putamen
GTEx,GTEX-ZV68,GTEx putamen
GTEx,GTEX-ZVT3,GTEx putamen
GTEx,GTEX-ZVZQ,GTEx putamen
GTEx,GTEX-ZXG5,GTEx putamen
GTEx,GTEX-ZYFD,GTEx putamen
GTEx,GTEX-ZYY3,GTEx putamen
GTEx,GTEX-ZZPT,GTEx putamen
GTEx,GTEX-111VG,GTEx spinal cord C1
GTEx,GTEX-113JC,GTEx spinal cord C1
GTEx,GTEX-117XS,GTEx spinal cord C1
GTEx,GTEX-117YW,GTEx spinal cord C1
GTEx,GTEX-1192X,GTEx spinal cord C1
GTEx,GTEX-11DXW,GTEx spinal cord C1
GTEx,GTEX-11DZ1,GTEx spinal cord C1
GTEx,GTEX-11EMC,GTEx spinal cord C1
GTEx,GTEX-11GSO,GTEx spinal cord C1
GTEx,GTEX-11GSP,GTEx spinal cord C1
GTEx,GTEX-11NUK,GTEx spinal cord C1
GTEx,GTEX-11NV4,GTEx spinal cord C1
GTEx,GTEX-11ONC,GTEx spinal cord C1
GTEx,GTEX-11UD2,GTEx spinal cord C1
GTEx,GTEX-11WQK,GTEx spinal cord C1
GTEx,GTEX-11ZTS,GTEx spinal cord C1
GTEx,GTEX-11ZU8,GTEx spinal cord C1
GTEx,GTEX-11ZUS,GTEx spinal cord C1
GTEx,GTEX-11ZVC,GTEx spinal cord C1
GTEx,GTEX-12126,GTEx spinal cord C1
GTEx,GTEX-1212Z,GTEx spinal cord C1
GTEx,GTEX-12584,GTEx spinal cord C1
GTEx,GTEX-12696,GTEx spinal cord C1
GTEx,GTEX-1269C,GTEx spinal cord C1
GTEx,GTEX-12WSC,GTEx spinal cord C1
GTEx,GTEX-12WSD,GTEx spinal cord C1
GTEx,GTEX-12WSH,GTEx spinal cord C1
GTEx,GTEX-12WSI,GTEx spinal cord C1
GTEx,GTEX-13112,GTEx spinal cord C1
GTEx,GTEX-131XW,GTEx spinal cord C1
GTEx,GTEX-131YS,GTEx spinal cord C1
GTEx,GTEX-139T4,GTEx spinal cord C1
GTEx,GTEX-139UW,GTEx spinal cord C1
GTEx,GTEX-13CIG,GTEx spinal cord C1
GTEx,GTEX-13CZV,GTEx spinal cord C1
GTEx,GTEX-13FLV,GTEx spinal cord C1
GTEx,GTEX-13FTY,GTEx spinal cord C1
GTEx,GTEX-13FXS,GTEx spinal cord C1
GTEx,GTEX-13G51,GTEx spinal cord C1
GTEx,GTEX-13JUV,GTEx spinal cord C1
GTEx,GTEX-13N1W,GTEx spinal cord C1
GTEx,GTEX-13N2G,GTEx spinal cord C1
GTEx,GTEX-13NYB,GTEx spinal cord C1
GTEx,GTEX-13NYS,GTEx spinal cord C1
GTEx,GTEX-13NZA,GTEx spinal cord C1
GTEx,GTEX-13O1R,GTEx spinal cord C1
GTEx,GTEX-13OVJ,GTEx spinal cord C1
GTEx,GTEX-13OVL,GTEx spinal cord C1
GTEx,GTEX-13OW5,GTEx spinal cord C1
GTEx,GTEX-13PL6,GTEx spinal cord C1
GTEx,GTEX-13PLJ,GTEx spinal cord C1
GTEx,GTEX-13PVQ,GTEx spinal cord C1
GTEx,GTEX-13QIC,GTEx spinal cord C1
GTEx,GTEX-13QJC,GTEx spinal cord C1
GTEx,GTEX-13RTJ,GTEx spinal cord C1
GTEx,GTEX-13S7M,GTEx spinal cord C1
GTEx,GTEX-13SLW,GTEx spinal cord C1
GTEx,GTEX-13SLX,GTEx spinal cord C1
GTEx,GTEX-13VXU,GTEx spinal cord C1
GTEx,GTEX-13X6I,GTEx spinal cord C1
GTEx,GTEX-145LU,GTEx spinal cord C1
GTEx,GTEX-147GR,GTEx spinal cord C1
GTEx,GTEX-148VJ,GTEx spinal cord C1
GTEx,GTEX-14ABY,GTEx spinal cord C1
GTEx,GTEX-14BIL,GTEx spinal cord C1
GTEx,GTEX-14BIM,GTEx spinal cord C1
GTEx,GTEX-14BIN,GTEx spinal cord C1
GTEx,GTEX-14BMV,GTEx spinal cord C1
GTEx,GTEX-14E6C,GTEx spinal cord C1
GTEx,GTEX-14E7W,GTEx spinal cord C1
GTEx,GTEX-14JFF,GTEx spinal cord C1
GTEx,GTEX-14JIY,GTEx spinal cord C1
GTEx,GTEX-14PJM,GTEx spinal cord C1
GTEx,GTEX-14PJO,GTEx spinal cord C1
GTEx,GTEX-14PN4,GTEx spinal cord C1
GTEx,GTEX-15CHQ,GTEx spinal cord C1
GTEx,GTEX-15DCD,GTEx spinal cord C1
GTEx,GTEX-15DDE,GTEx spinal cord C1
GTEx,GTEX-15DYW,GTEx spinal cord C1
GTEx,GTEX-15EO6,GTEx spinal cord C1
GTEx,GTEX-15ER7,GTEx spinal cord C1
GTEx,GTEX-15G19,GTEx spinal cord C1
GTEx,GTEX-15SHU,GTEx spinal cord C1
GTEx,GTEX-15UF6,GTEx spinal cord C1
GTEx,GTEX-16GPK,GTEx spinal cord C1
GTEx,GTEX-16NPV,GTEx spinal cord C1
GTEx,GTEX-16XZZ,GTEx spinal cord C1
GTEx,GTEX-16Z82,GTEx spinal cord C1
GTEx,GTEX-17EVQ,GTEx spinal cord C1
GTEx,GTEX-1A32A,GTEx spinal cord C1
GTEx,GTEX-1A8G6,GTEx spinal cord C1
GTEx,GTEX-1A8G7,GTEx spinal cord C1
GTEx,GTEX-1B8L1,GTEx spinal cord C1
GTEx,GTEX-1B933,GTEx spinal cord C1
GTEx,GTEX-1BAJH,GTEx spinal cord C1
GTEx,GTEX-1C6VQ,GTEx spinal cord C1
GTEx,GTEX-1C6VS,GTEx spinal cord C1
GTEx,GTEX-1CAMQ,GTEx spinal cord C1
GTEx,GTEX-1CAV2,GTEx spinal cord C1
GTEx,GTEX-1CB4H,GTEx spinal cord C1
GTEx,GTEX-1EH9U,GTEx spinal cord C1
GTEx,GTEX-1EKGG,GTEx spinal cord C1
GTEx,GTEX-1EU9M,GTEx spinal cord C1
GTEx,GTEX-1EWIQ,GTEx spinal cord C1
GTEx,GTEX-1F52S,GTEx spinal cord C1
GTEx,GTEX-1F6I4,GTEx spinal cord C1
GTEx,GTEX-1F88F,GTEx spinal cord C1
GTEx,GTEX-1GF9V,GTEx spinal cord C1
GTEx,GTEX-1GF9W,GTEx spinal cord C1
GTEx,GTEX-1GN1U,GTEx spinal cord C1
GTEx,GTEX-1GN2E,GTEx spinal cord C1
GTEx,GTEX-1GN73,GTEx spinal cord C1
GTEx,GTEX-1GTWX,GTEx spinal cord C1
GTEx,GTEX-1GZ2Q,GTEx spinal cord C1
GTEx,GTEX-1GZ4I,GTEx spinal cord C1
GTEx,GTEX-1GZHY,GTEx spinal cord C1
GTEx,GTEX-1H1DF,GTEx spinal cord C1
GTEx,GTEX-1H1DG,GTEx spinal cord C1
GTEx,GTEX-1H1ZS,GTEx spinal cord C1
GTEx,GTEX-1H23P,GTEx spinal cord C1
GTEx,GTEX-1H2FU,GTEx spinal cord C1
GTEx,GTEX-1H3NZ,GTEx spinal cord C1
GTEx,GTEX-1H3O1,GTEx spinal cord C1
GTEx,GTEX-1HBPH,GTEx spinal cord C1
GTEx,GTEX-1HBPI,GTEx spinal cord C1
GTEx,GTEX-1HBPM,GTEx spinal cord C1
GTEx,GTEX-1HFI6,GTEx spinal cord C1
GTEx,GTEX-1HGF4,GTEx spinal cord C1
GTEx,GTEX-1HR98,GTEx spinal cord C1
GTEx,GTEX-1HSMO,GTEx spinal cord C1
GTEx,GTEX-1I19N,GTEx spinal cord C1
GTEx,GTEX-1I1CD,GTEx spinal cord C1
GTEx,GTEX-1I1GS,GTEx spinal cord C1
GTEx,GTEX-1I1GV,GTEx spinal cord C1
GTEx,GTEX-1I1HK,GTEx spinal cord C1
GTEx,GTEX-1ICLZ,GTEx spinal cord C1
GTEx,GTEX-1IDJH,GTEx spinal cord C1
GTEx,GTEX-1IGQW,GTEx spinal cord C1
GTEx,GTEX-1IKJJ,GTEx spinal cord C1
GTEx,GTEX-1IL2U,GTEx spinal cord C1
GTEx,GTEX-1IY9M,GTEx spinal cord C1
GTEx,GTEX-1J1OQ,GTEx spinal cord C1
GTEx,GTEX-1J8EW,GTEx spinal cord C1
GTEx,GTEX-1J8JJ,GTEx spinal cord C1
GTEx,GTEX-1J8Q2,GTEx spinal cord C1
GTEx,GTEX-1JJ6O,GTEx spinal cord C1
GTEx,GTEX-1JMLX,GTEx spinal cord C1
GTEx,GTEX-1JMOU,GTEx spinal cord C1
GTEx,GTEX-1JMPZ,GTEx spinal cord C1
GTEx,GTEX-1JMQJ,GTEx spinal cord C1
GTEx,GTEX-1JMQL,GTEx spinal cord C1
GTEx,GTEX-1JN1M,GTEx spinal cord C1
GTEx,GTEX-1JN6P,GTEx spinal cord C1
GTEx,GTEX-1KANB,GTEx spinal cord C1
GTEx,GTEX-1KD4Q,GTEx spinal cord C1
GTEx,GTEX-1LB8K,GTEx spinal cord C1
GTEx,GTEX-1LG7Y,GTEx spinal cord C1
GTEx,GTEX-1LH75,GTEx spinal cord C1
GTEx,GTEX-1LKK1,GTEx spinal cord C1
GTEx,GTEX-1LSNL,GTEx spinal cord C1
GTEx,GTEX-1LSVX,GTEx spinal cord C1
GTEx,GTEX-1LVA9,GTEx spinal cord C1
GTEx,GTEX-1LVAO,GTEx spinal cord C1
GTEx,GTEX-1MCQQ,GTEx spinal cord C1
GTEx,GTEX-1MJK2,GTEx spinal cord C1
GTEx,GTEX-1N5O9,GTEx spinal cord C1
GTEx,GTEX-1NV8Z,GTEx spinal cord C1
GTEx,GTEX-1O9I2,GTEx spinal cord C1
GTEx,GTEX-1OJC4,GTEx spinal cord C1
GTEx,GTEX-1PIIG,GTEx spinal cord C1
GTEx,GTEX-1POEN,GTEx spinal cord C1
GTEx,GTEX-1PPGY,GTEx spinal cord C1
GTEx,GTEX-1PWST,GTEx spinal cord C1
GTEx,GTEX-1QMI2,GTEx spinal cord C1
GTEx,GTEX-1QP6S,GTEx spinal cord C1
GTEx,GTEX-1R46S,GTEx spinal cord C1
GTEx,GTEX-1R9PO,GTEx spinal cord C1
GTEx,GTEX-1RAZS,GTEx spinal cord C1
GTEx,GTEX-1RDX4,GTEx spinal cord C1
GTEx,GTEX-1RQEC,GTEx spinal cord C1
GTEx,GTEX-NL4W,GTEx spinal cord C1
GTEx,GTEX-NPJ7,GTEx spinal cord C1
GTEx,GTEX-OHPN,GTEx spinal cord C1
GTEx,GTEX-OXRO,GTEx spinal cord C1
GTEx,GTEX-PWO3,GTEx spinal cord C1
GTEx,GTEX-QDT8,GTEx spinal cord C1
GTEx,GTEX-QVJO,GTEx spinal cord C1
GTEx,GTEX-T5JC,GTEx spinal cord C1
GTEx,GTEX-T6MN,GTEx spinal cord C1
GTEx,GTEX-TSE9,GTEx spinal cord C1
GTEx,GTEX-WL46,GTEx spinal cord C1
GTEx,GTEX-WVLH,GTEx spinal cord C1
GTEx,GTEX-X4EP,GTEx spinal cord C1
GTEx,GTEX-XLM4,GTEx spinal cord C1
GTEx,GTEX-XMD1,GTEx spinal cord C1
GTEx,GTEX-YFC4,GTEx spinal cord C1
GTEx,GTEX-YJ89,GTEx spinal cord C1
GTEx,GTEX-ZAB4,GTEx spinal cord C1
GTEx,GTEX-ZAJG,GTEx spinal cord C1
GTEx,GTEX-ZE9C,GTEx spinal cord C1
GTEx,GTEX-ZF28,GTEx spinal cord C1
GTEx,GTEX-ZV68,GTEx spinal cord C1
GTEx,GTEX-ZVZQ,GTEx spinal cord C1
GTEx,GTEX-ZZPT,GTEx spinal cord C1
GTEx,GTEX-1117F,GTEx substantia nigra
GTEx,GTEX-111FC,GTEx substantia nigra
GTEx,GTEX-117XS,GTEx substantia nigra
GTEx,GTEX-1192X,GTEx substantia nigra
GTEx,GTEX-11DZ1,GTEx substantia nigra
GTEx,GTEX-11EMC,GTEx substantia nigra
GTEx,GTEX-11GS4,GTEx substantia nigra
GTEx,GTEX-11GSO,GTEx substantia nigra
GTEx,GTEX-11GSP,GTEx substantia nigra
GTEx,GTEX-11NUK,GTEx substantia nigra
GTEx,GTEX-11PRG,GTEx substantia nigra
GTEx,GTEX-11TTK,GTEx substantia nigra
GTEx,GTEX-11TUW,GTEx substantia nigra
GTEx,GTEX-11UD1,GTEx substantia nigra
GTEx,GTEX-11WQC,GTEx substantia nigra
GTEx,GTEX-11ZTS,GTEx substantia nigra
GTEx,GTEX-12696,GTEx substantia nigra
GTEx,GTEX-12WSA,GTEx substantia nigra
GTEx,GTEX-12WSD,GTEx substantia nigra
GTEx,GTEX-12WSF,GTEx substantia nigra
GTEx,GTEX-12WSH,GTEx substantia nigra
GTEx,GTEX-12ZZX,GTEx substantia nigra
GTEx,GTEX-1313W,GTEx substantia nigra
GTEx,GTEX-131XH,GTEx substantia nigra
GTEx,GTEX-132Q8,GTEx substantia nigra
GTEx,GTEX-1399T,GTEx substantia nigra
GTEx,GTEX-139TS,GTEx substantia nigra
GTEx,GTEX-13CF2,GTEx substantia nigra
GTEx,GTEX-13FXS,GTEx substantia nigra
GTEx,GTEX-13G51,GTEx substantia nigra
GTEx,GTEX-13N2G,GTEx substantia nigra
GTEx,GTEX-13NYB,GTEx substantia nigra
GTEx,GTEX-13NYS,GTEx substantia nigra
GTEx,GTEX-13O3O,GTEx substantia nigra
GTEx,GTEX-13O3Q,GTEx substantia nigra
GTEx,GTEX-13OVJ,GTEx substantia nigra
GTEx,GTEX-13OVL,GTEx substantia nigra
GTEx,GTEX-13OW6,GTEx substantia nigra
GTEx,GTEX-13OW7,GTEx substantia nigra
GTEx,GTEX-13OW8,GTEx substantia nigra
GTEx,GTEX-13PDP,GTEx substantia nigra
GTEx,GTEX-13QJC,GTEx substantia nigra
GTEx,GTEX-13RTJ,GTEx substantia nigra
GTEx,GTEX-13SLW,GTEx substantia nigra
GTEx,GTEX-13SLX,GTEx substantia nigra
GTEx,GTEX-13X6I,GTEx substantia nigra
GTEx,GTEX-13X6K,GTEx substantia nigra
GTEx,GTEX-1445S,GTEx substantia nigra
GTEx,GTEX-145LS,GTEx substantia nigra
GTEx,GTEX-147GR,GTEx substantia nigra
GTEx,GTEX-14ASI,GTEx substantia nigra
GTEx,GTEX-14BIM,GTEx substantia nigra
GTEx,GTEX-14BIN,GTEx substantia nigra
GTEx,GTEX-14C5O,GTEx substantia nigra
GTEx,GTEX-14JG1,GTEx substantia nigra
GTEx,GTEX-14PJO,GTEx substantia nigra
GTEx,GTEX-14PN4,GTEx substantia nigra
GTEx,GTEX-15CHQ,GTEx substantia nigra
GTEx,GTEX-15DCD,GTEx substantia nigra
GTEx,GTEX-15DYW,GTEx substantia nigra
GTEx,GTEX-15EO6,GTEx substantia nigra
GTEx,GTEX-15ER7,GTEx substantia nigra
GTEx,GTEX-15G19,GTEx substantia nigra
GTEx,GTEX-15RJE,GTEx substantia nigra
GTEx,GTEX-15SHU,GTEx substantia nigra
GTEx,GTEX-16GPK,GTEx substantia nigra
GTEx,GTEX-16Z82,GTEx substantia nigra
GTEx,GTEX-17EVP,GTEx substantia nigra
GTEx,GTEX-17HG3,GTEx substantia nigra
GTEx,GTEX-1A3MX,GTEx substantia nigra
GTEx,GTEX-1A8G7,GTEx substantia nigra
GTEx,GTEX-1B8L1,GTEx substantia nigra
GTEx,GTEX-1B8SG,GTEx substantia nigra
GTEx,GTEX-1B933,GTEx substantia nigra
GTEx,GTEX-1B996,GTEx substantia nigra
GTEx,GTEX-1C6VR,GTEx substantia nigra
GTEx,GTEX-1CB4G,GTEx substantia nigra
GTEx,GTEX-1CB4J,GTEx substantia nigra
GTEx,GTEX-1E1VI,GTEx substantia nigra
GTEx,GTEX-1EKGG,GTEx substantia nigra
GTEx,GTEX-1EMGI,GTEx substantia nigra
GTEx,GTEX-1EU9M,GTEx substantia nigra
GTEx,GTEX-1F48J,GTEx substantia nigra
GTEx,GTEX-1F6I4,GTEx substantia nigra
GTEx,GTEX-1F6IF,GTEx substantia nigra
GTEx,GTEX-1F75B,GTEx substantia nigra
GTEx,GTEX-1GMR8,GTEx substantia nigra
GTEx,GTEX-1GN1U,GTEx substantia nigra
GTEx,GTEX-1GN2E,GTEx substantia nigra
GTEx,GTEX-1GN73,GTEx substantia nigra
GTEx,GTEX-1GTWX,GTEx substantia nigra
GTEx,GTEX-1GZ2Q,GTEx substantia nigra
GTEx,GTEX-1H1DG,GTEx substantia nigra
GTEx,GTEX-1H1ZS,GTEx substantia nigra
GTEx,GTEX-1H23P,GTEx substantia nigra
GTEx,GTEX-1H3O1,GTEx substantia nigra
GTEx,GTEX-1H3VE,GTEx substantia nigra
GTEx,GTEX-1HB9E,GTEx substantia nigra
GTEx,GTEX-1HBPH,GTEx substantia nigra
GTEx,GTEX-1HFI6,GTEx substantia nigra
GTEx,GTEX-1HR98,GTEx substantia nigra
GTEx,GTEX-1HSMO,GTEx substantia nigra
GTEx,GTEX-1HT8W,GTEx substantia nigra
GTEx,GTEX-1I19N,GTEx substantia nigra
GTEx,GTEX-1I1CD,GTEx substantia nigra
GTEx,GTEX-1I1GS,GTEx substantia nigra
GTEx,GTEX-1I1GV,GTEx substantia nigra
GTEx,GTEX-1IDJH,GTEx substantia nigra
GTEx,GTEX-1IGQW,GTEx substantia nigra
GTEx,GTEX-1IKJJ,GTEx substantia nigra
GTEx,GTEX-1IL2U,GTEx substantia nigra
GTEx,GTEX-1IY9M,GTEx substantia nigra
GTEx,GTEX-1J1OQ,GTEx substantia nigra
GTEx,GTEX-1J8Q2,GTEx substantia nigra
GTEx,GTEX-1JJ6O,GTEx substantia nigra
GTEx,GTEX-1JMPZ,GTEx substantia nigra
GTEx,GTEX-1JMQJ,GTEx substantia nigra
GTEx,GTEX-1JMQK,GTEx substantia nigra
GTEx,GTEX-1JN1M,GTEx substantia nigra
GTEx,GTEX-1KD4Q,GTEx substantia nigra
GTEx,GTEX-1KD5A,GTEx substantia nigra
GTEx,GTEX-1KWVE,GTEx substantia nigra
GTEx,GTEX-1LB8K,GTEx substantia nigra
GTEx,GTEX-1LG7Y,GTEx substantia nigra
GTEx,GTEX-1LH75,GTEx substantia nigra
GTEx,GTEX-1LKK1,GTEx substantia nigra
GTEx,GTEX-1LSNL,GTEx substantia nigra
GTEx,GTEX-1LSVX,GTEx substantia nigra
GTEx,GTEX-1LVA9,GTEx substantia nigra
GTEx,GTEX-1LVAO,GTEx substantia nigra
GTEx,GTEX-1MA7X,GTEx substantia nigra
GTEx,GTEX-1MCQQ,GTEx substantia nigra
GTEx,GTEX-1MJK2,GTEx substantia nigra
GTEx,GTEX-1N2EE,GTEx substantia nigra
GTEx,GTEX-1N2EF,GTEx substantia nigra
GTEx,GTEX-1N5O9,GTEx substantia nigra
GTEx,GTEX-1NV5F,GTEx substantia nigra
GTEx,GTEX-1NV8Z,GTEx substantia nigra
GTEx,GTEX-1O9I2,GTEx substantia nigra
GTEx,GTEX-1P4AB,GTEx substantia nigra
GTEx,GTEX-1PIIG,GTEx substantia nigra
GTEx,GTEX-1POEN,GTEx substantia nigra
GTEx,GTEX-1PPGY,GTEx substantia nigra
GTEx,GTEX-1PWST,GTEx substantia nigra
GTEx,GTEX-1QMI2,GTEx substantia nigra
GTEx,GTEX-1R9K4,GTEx substantia nigra
GTEx,GTEX-1R9PO,GTEx substantia nigra
GTEx,GTEX-1RDX4,GTEx substantia nigra
GTEx,GTEX-1RLM8,GTEx substantia nigra
GTEx,GTEX-1RQEC,GTEx substantia nigra
GTEx,GTEX-1RQED,GTEx substantia nigra
GTEx,GTEX-NPJ7,GTEx substantia nigra
GTEx,GTEX-OHPN,GTEx substantia nigra
GTEx,GTEX-Q2AG,GTEx substantia nigra
GTEx,GTEX-QDT8,GTEx substantia nigra
GTEx,GTEX-QMR6,GTEx substantia nigra
GTEx,GTEX-QVJO,GTEx substantia nigra
GTEx,GTEX-R55E,GTEx substantia nigra
GTEx,GTEX-RN5K,GTEx substantia nigra
GTEx,GTEX-RU72,GTEx substantia nigra
GTEx,GTEX-S7SE,GTEx substantia nigra
GTEx,GTEX-T2IS,GTEx substantia nigra
GTEx,GTEX-T6MN,GTEx substantia nigra
GTEx,GTEX-UTHO,GTEx substantia nigra
GTEx,GTEX-WHSE,GTEx substantia nigra
GTEx,GTEX-WL46,GTEx substantia nigra
GTEx,GTEX-WVLH,GTEx substantia nigra
GTEx,GTEX-X4EP,GTEx substantia nigra
GTEx,GTEX-X4XX,GTEx substantia nigra
GTEx,GTEX-X585,GTEx substantia nigra
GTEx,GTEX-XLM4,GTEx substantia nigra
GTEx,GTEX-XMD1,GTEx substantia nigra
GTEx,GTEX-YFC4,GTEx substantia nigra
GTEx,GTEX-YJ89,GTEx substantia nigra
GTEx,GTEX-Z93S,GTEx substantia nigra
GTEx,GTEX-ZAB4,GTEx substantia nigra
GTEx,GTEX-ZAJG,GTEx substantia nigra
GTEx,GTEX-ZAK1,GTEx substantia nigra
GTEx,GTEX-ZDXO,GTEx substantia nigra
GTEx,GTEX-ZE9C,GTEx substantia nigra
GTEx,GTEX-ZV68,GTEx substantia nigra
GTEx,GTEX-ZYY3,GTEx substantia nigra
GTEx,GTEX-ZZPT,GTEx substantia nigra
