analysis,trait,symbol,gene,modality,probeID,tissue,topSNP,coloc_PP4_probe,coloc_estimator_probe,b_SMR,se_SMR,p_SMR,smr_threshold,p_HEIDI,nsnp_HEIDI,F_instrument,weak_instrument,smr_status,agreement
aging__ad,ad,INO80E,ENSG00000169592,eQTL,ENSG00000169592.15,Brain_Cerebellum,rs8054556,0.5678,susie,0.111,0.0213,1.76e-07,0.0036,0.0479,20.0,114.1484,False,smr_heidi_supported,smr_without_coloc
aging__ad,ad,INO80E,ENSG00000169592,eQTL,ENSG00000169592.15,Brain_Cerebellar_Hemisphere,rs4788202,0.6791,susie,0.125,0.0241,2e-07,0.0036,0.135,20.0,104.659,False,smr_heidi_supported,smr_without_coloc
aging__ad,ad,YPEL3,ENSG00000090238,eQTL,ENSG00000090238.12,Brain_Caudate_basal_ganglia,rs9932605,0.5563,susie,-0.293,0.0749,9.11e-05,0.0036,0.174,9.0,30.1992,False,smr_heidi_supported,smr_without_coloc
aging__ad,ad,YPEL3,ENSG00000090238,eQTL,ENSG00000090238.12,Brain_Frontal_Cortex_BA9,rs7205802,0.9315,susie,-0.293,0.0763,0.000119,0.0036,0.266,10.0,32.2676,False,smr_heidi_supported,coloc_and_smr_heidi_not_rejected
aging__ad,ad,SIRPA,ENSG00000198053,eQTL,ENSG00000198053.12,Brain_Cortex,rs66523711,0.9357,abf,0.201,0.0541,0.0002,0.0036,0.978,8.0,49.5476,False,smr_heidi_supported,coloc_and_smr_heidi_not_rejected
aging__ad,ad,ITGB1BP1,ENSG00000119185,eQTL,ENSG00000119185.13,Brain_Cerebellar_Hemisphere,rs35280016,0.2145,abf,-0.0993,0.0295,0.000765,0.0036,0.0732,14.0,29.7931,False,smr_heidi_supported,smr_without_coloc
aging__ad,ad,VWA5B2,ENSG00000145198,eQTL,ENSG00000145198.15,Brain_Amygdala,rs843352,0.0835,abf,0.0339,0.0119,0.00436,0.0036,0.0119,20.0,125.0889,False,instrumented_tested_null,neither_tested_null
aging__ad,ad,NDUFS3,ENSG00000213619,eQTL,ENSG00000213619.11,Brain_Cerebellar_Hemisphere,rs7928842,0.0003,abf,-0.162,0.0606,0.00754,0.0036,0.00324,20.0,51.6612,False,instrumented_tested_null,neither_tested_null
aging__ad,ad,ZNF232,ENSG00000167840,eQTL,ENSG00000167840.14,Brain_Spinal_cord_cervical_c-1,rs143649705,0.0086,abf,-0.0395,0.0157,0.0121,0.0036,0.711,9.0,58.6823,False,instrumented_tested_null,neither_tested_null
aging__ad,ad,INTS8,ENSG00000164941,eQTL,ENSG00000164941.15,Brain_Cerebellum,rs113338212,0.0,susie,-0.036,0.0163,0.0271,0.0036,0.0591,20.0,177.9281,False,instrumented_tested_null,neither_tested_null
aging__ad,ad,RAD51C,ENSG00000108384,eQTL,ENSG00000108384.16,Brain_Cortex,rs61350506,0.0003,susie,0.0238,0.0133,0.0742,0.0036,0.00104,20.0,409.1437,False,instrumented_tested_null,neither_tested_null
aging__ad,ad,SPAG9,ENSG00000008294,eQTL,ENSG00000008294.22,Brain_Substantia_nigra,rs8125,0.006,abf,0.0522,0.0421,0.215,0.0036,0.0801,7.0,33.4563,False,instrumented_tested_null,neither_tested_null
aging__ad,ad,SPAG9,ENSG00000008294,eQTL,ENSG00000008294.22,Brain_Putamen_basal_ganglia,rs8125,0.0048,abf,0.0797,0.0643,0.215,0.0036,0.131,9.0,31.0937,False,instrumented_tested_null,neither_tested_null
aging__ad,ad,PILRB,ENSG00000121716,eQTL,ENSG00000121716.21,Brain_Putamen_basal_ganglia,rs6945952,0.0,abf,0.00419,0.0115,0.715,0.0036,0.086,20.0,970.7612,False,instrumented_tested_null,neither_tested_null
aging__ad,ad,COG7,ENSG00000168434,eQTL,ENSG00000168434.13,Brain_Amygdala,,0.0302,abf,,,,0.0036,,,,False,no_instrument,neither_no_instrument
aging__ad,ad,DOC2A,ENSG00000149927,eQTL,ENSG00000149927.18,Brain_Amygdala,,0.0302,abf,,,,0.0036,,,,False,no_instrument,neither_no_instrument
aging__ad,ad,SPAG9,ENSG00000008294,eQTL,ENSG00000008294.22,Brain_Amygdala,,0.0164,abf,,,,0.0036,,,,False,no_instrument,neither_no_instrument
aging__ad,ad,SIRPA,ENSG00000198053,eQTL,ENSG00000198053.12,Brain_Amygdala,,0.1059,abf,,,,0.0036,,,,False,no_instrument,neither_no_instrument
aging__ad,ad,SPAG9,ENSG00000008294,eQTL,ENSG00000008294.22,Brain_Anterior_cingulate_cortex_BA24,,0.0138,abf,,,,0.0036,,,,False,no_instrument,neither_no_instrument
aging__ad,ad,SIRPA,ENSG00000198053,eQTL,ENSG00000198053.12,Brain_Anterior_cingulate_cortex_BA24,,0.9139,abf,,,,0.0036,,,,False,no_instrument,coloc_no_instrument
aging__ad,ad,AKT1,ENSG00000142208,eQTL,ENSG00000142208.19,Brain_Caudate_basal_ganglia,,0.1567,abf,,,,0.0036,,,,False,no_instrument,neither_no_instrument
aging__ad,ad,SPAG9,ENSG00000008294,eQTL,ENSG00000008294.22,Brain_Caudate_basal_ganglia,,0.0112,abf,,,,0.0036,,,,False,no_instrument,neither_no_instrument
aging__ad,ad,SIRPA,ENSG00000198053,eQTL,ENSG00000198053.12,Brain_Caudate_basal_ganglia,,0.521,abf,,,,0.0036,,,,False,no_instrument,neither_no_instrument
aging__ad,ad,IFNAR2,ENSG00000159110,eQTL,ENSG00000159110.22,Brain_Caudate_basal_ganglia,,0.0289,abf,,,,0.0036,,,,False,no_instrument,neither_no_instrument
aging__ad,ad,SPI1,ENSG00000066336,eQTL,ENSG00000066336.13,Brain_Cerebellar_Hemisphere,,0.8811,abf,,,,0.0036,,,,False,no_instrument,coloc_no_instrument
aging__ad,ad,TPCN1,ENSG00000186815,eQTL,ENSG00000186815.13,Brain_Cerebellar_Hemisphere,,0.8192,susie,,,,0.0036,,,,False,no_instrument,coloc_no_instrument
aging__ad,ad,BCKDK,ENSG00000103507,eQTL,ENSG00000103507.14,Brain_Cerebellar_Hemisphere,,0.258,abf,,,,0.0036,,,,False,no_instrument,neither_no_instrument
aging__ad,ad,SIRPA,ENSG00000198053,eQTL,ENSG00000198053.12,Brain_Cerebellar_Hemisphere,,0.9053,abf,,,,0.0036,,,,False,no_instrument,coloc_no_instrument
aging__ad,ad,IFNAR2,ENSG00000159110,eQTL,ENSG00000159110.22,Brain_Cerebellar_Hemisphere,,0.1574,abf,,,,0.0036,,,,False,no_instrument,neither_no_instrument
aging__ad,ad,TPCN1,ENSG00000186815,eQTL,ENSG00000186815.13,Brain_Cerebellum,,0.2429,abf,,,,0.0036,,,,False,no_instrument,neither_no_instrument
aging__ad,ad,BCKDK,ENSG00000103507,eQTL,ENSG00000103507.14,Brain_Cerebellum,,0.1173,abf,,,,0.0036,,,,False,no_instrument,neither_no_instrument
aging__ad,ad,ITGB1BP1,ENSG00000119185,eQTL,ENSG00000119185.13,Brain_Cerebellum,,0.2028,abf,,,,0.0036,,,,False,no_instrument,neither_no_instrument
aging__ad,ad,SIRPA,ENSG00000198053,eQTL,ENSG00000198053.12,Brain_Cerebellum,,0.9475,abf,,,,0.0036,,,,False,no_instrument,coloc_no_instrument
aging__ad,ad,IFNAR2,ENSG00000159110,eQTL,ENSG00000159110.22,Brain_Cerebellum,,0.6262,abf,,,,0.0036,,,,False,no_instrument,neither_no_instrument
aging__ad,ad,PICALM,ENSG00000073921,eQTL,ENSG00000073921.18,Brain_Cortex,,0.1175,abf,,,,0.0036,,,,False,no_instrument,neither_no_instrument
aging__ad,ad,SPAG9,ENSG00000008294,eQTL,ENSG00000008294.22,Brain_Cortex,,0.0251,abf,,,,0.0036,,,,False,no_instrument,neither_no_instrument
aging__ad,ad,ITGB1BP1,ENSG00000119185,eQTL,ENSG00000119185.13,Brain_Cortex,,0.0403,abf,,,,0.0036,,,,False,no_instrument,neither_no_instrument
aging__ad,ad,BCKDK,ENSG00000103507,eQTL,ENSG00000103507.14,Brain_Frontal_Cortex_BA9,,0.0301,abf,,,,0.0036,,,,False,no_instrument,neither_no_instrument
aging__ad,ad,ITGB1BP1,ENSG00000119185,eQTL,ENSG00000119185.13,Brain_Frontal_Cortex_BA9,,0.0581,abf,,,,0.0036,,,,False,no_instrument,neither_no_instrument
aging__ad,ad,SIRPA,ENSG00000198053,eQTL,ENSG00000198053.12,Brain_Frontal_Cortex_BA9,,0.9386,abf,,,,0.0036,,,,False,no_instrument,coloc_no_instrument
aging__ad,ad,SLC39A13,ENSG00000165915,eQTL,ENSG00000165915.14,Brain_Hippocampus,,0.0071,abf,,,,0.0036,,,,False,no_instrument,neither_no_instrument
aging__ad,ad,SPAG9,ENSG00000008294,eQTL,ENSG00000008294.22,Brain_Hippocampus,,0.0229,abf,,,,0.0036,,,,False,no_instrument,neither_no_instrument
aging__ad,ad,SIRPA,ENSG00000198053,eQTL,ENSG00000198053.12,Brain_Hippocampus,,0.0216,abf,,,,0.0036,,,,False,no_instrument,neither_no_instrument
aging__ad,ad,IFNAR2,ENSG00000159110,eQTL,ENSG00000159110.22,Brain_Hippocampus,,0.0431,abf,,,,0.0036,,,,False,no_instrument,neither_no_instrument
aging__ad,ad,INTS8,ENSG00000164941,eQTL,ENSG00000164941.15,Brain_Hippocampus,,0.0859,abf,,,,0.0036,,,,False,no_instrument,neither_no_instrument
aging__ad,ad,SPAG9,ENSG00000008294,eQTL,ENSG00000008294.22,Brain_Hypothalamus,,0.0193,abf,,,,0.0036,,,,False,no_instrument,neither_no_instrument
aging__ad,ad,SIRPA,ENSG00000198053,eQTL,ENSG00000198053.12,Brain_Hypothalamus,,0.172,abf,,,,0.0036,,,,False,no_instrument,neither_no_instrument
aging__ad,ad,INTS8,ENSG00000164941,eQTL,ENSG00000164941.15,Brain_Hypothalamus,,0.0115,abf,,,,0.0036,,,,False,no_instrument,neither_no_instrument
aging__ad,ad,INO80E,ENSG00000169592,eQTL,ENSG00000169592.15,Brain_Nucleus_accumbens_basal_ganglia,,0.7738,susie,,,,0.0036,,,,False,no_instrument,neither_no_instrument
aging__ad,ad,ITGB1BP1,ENSG00000119185,eQTL,ENSG00000119185.13,Brain_Nucleus_accumbens_basal_ganglia,,0.0788,abf,,,,0.0036,,,,False,no_instrument,neither_no_instrument
aging__ad,ad,SIRPA,ENSG00000198053,eQTL,ENSG00000198053.12,Brain_Nucleus_accumbens_basal_ganglia,,0.5066,abf,,,,0.0036,,,,False,no_instrument,neither_no_instrument
aging__ad,ad,IFNAR2,ENSG00000159110,eQTL,ENSG00000159110.22,Brain_Nucleus_accumbens_basal_ganglia,,0.0217,abf,,,,0.0036,,,,False,no_instrument,neither_no_instrument
aging__ad,ad,INTS8,ENSG00000164941,eQTL,ENSG00000164941.15,Brain_Nucleus_accumbens_basal_ganglia,,0.0778,abf,,,,0.0036,,,,False,no_instrument,neither_no_instrument
aging__ad,ad,YPEL3,ENSG00000090238,eQTL,ENSG00000090238.12,Brain_Putamen_basal_ganglia,,0.7655,abf,,,,0.0036,,,,False,no_instrument,neither_no_instrument
aging__ad,ad,SIRPA,ENSG00000198053,eQTL,ENSG00000198053.12,Brain_Putamen_basal_ganglia,,0.9217,abf,,,,0.0036,,,,False,no_instrument,coloc_no_instrument
aging__ad,ad,IFNAR2,ENSG00000159110,eQTL,ENSG00000159110.22,Brain_Putamen_basal_ganglia,,0.0592,abf,,,,0.0036,,,,False,no_instrument,neither_no_instrument
aging__ad,ad,SLC39A13,ENSG00000165915,eQTL,ENSG00000165915.14,Brain_Spinal_cord_cervical_c-1,,0.0421,abf,,,,0.0036,,,,False,no_instrument,neither_no_instrument
aging__ad,ad,BCKDK,ENSG00000103507,eQTL,ENSG00000103507.14,Brain_Spinal_cord_cervical_c-1,,0.0497,abf,,,,0.0036,,,,False,no_instrument,neither_no_instrument
aging__ad,ad,SIRPA,ENSG00000198053,eQTL,ENSG00000198053.12,Brain_Spinal_cord_cervical_c-1,,0.0731,abf,,,,0.0036,,,,False,no_instrument,neither_no_instrument
aging__ad,ad,IFNAR2,ENSG00000159110,eQTL,ENSG00000159110.22,Brain_Spinal_cord_cervical_c-1,,0.8291,abf,,,,0.0036,,,,False,no_instrument,coloc_no_instrument
aging__ad,ad,SERPINB1,ENSG00000021355,eQTL,ENSG00000021355.13,Brain_Spinal_cord_cervical_c-1,,0.0239,abf,,,,0.0036,,,,False,no_instrument,neither_no_instrument
aging__ad,ad,YPEL3,ENSG00000090238,eQTL,ENSG00000090238.12,Brain_Substantia_nigra,,0.5386,abf,,,,0.0036,,,,False,no_instrument,neither_no_instrument
aging__ad,ad,SIRPA,ENSG00000198053,eQTL,ENSG00000198053.12,Brain_Substantia_nigra,,0.0421,abf,,,,0.0036,,,,False,no_instrument,neither_no_instrument
aging__als,als,C9orf72,ENSG00000147894,eQTL,ENSG00000147894.17,Brain_Nucleus_accumbens_basal_ganglia,rs2492816,0.0,abf,0.196,0.0284,5.8e-12,0.0028,5.06e-06,20.0,131.2865,False,smr_signal_heidi_rejects,smr_without_coloc
aging__als,als,C9orf72,ENSG00000147894,eQTL,ENSG00000147894.17,Brain_Cerebellar_Hemisphere,rs2282240,0.0,abf,0.109,0.0233,2.56e-06,0.0028,1.36e-08,20.0,146.7496,False,smr_signal_heidi_rejects,smr_without_coloc
aging__als,als,C9orf72,ENSG00000147894,eQTL,ENSG00000147894.17,Brain_Caudate_basal_ganglia,rs2282240,0.0,abf,0.136,0.0291,2.8e-06,0.0028,1.76e-05,20.0,139.6476,False,smr_signal_heidi_rejects,smr_without_coloc
aging__als,als,C9orf72,ENSG00000147894,eQTL,ENSG00000147894.17,Brain_Cerebellum,rs1031153,0.0,abf,0.0939,0.0202,3.54e-06,0.0028,1.44e-06,20.0,153.6111,False,smr_signal_heidi_rejects,smr_without_coloc
aging__als,als,C9orf72,ENSG00000147894,eQTL,ENSG00000147894.17,Brain_Hippocampus,rs2282240,0.0,abf,0.168,0.0364,4.06e-06,0.0028,1.93e-05,20.0,115.0272,False,smr_signal_heidi_rejects,smr_without_coloc
aging__als,als,C9orf72,ENSG00000147894,eQTL,ENSG00000147894.17,Brain_Cortex,rs2282240,0.0,abf,0.134,0.0291,4.44e-06,0.0028,2.64e-05,20.0,110.1809,False,smr_signal_heidi_rejects,smr_without_coloc
aging__als,als,C9orf72,ENSG00000147894,eQTL,ENSG00000147894.17,Brain_Frontal_Cortex_BA9,rs13691,0.0,abf,0.152,0.035,1.35e-05,0.0028,9.92e-06,20.0,95.3777,False,smr_signal_heidi_rejects,smr_without_coloc
aging__als,als,C9orf72,ENSG00000147894,eQTL,ENSG00000147894.17,Brain_Anterior_cingulate_cortex_BA24,rs13691,0.0,abf,0.138,0.0321,1.84e-05,0.0028,0.000162,20.0,82.2476,False,smr_signal_heidi_rejects,smr_without_coloc
aging__als,als,PTPRN,ENSG00000054356,eQTL,ENSG00000054356.14,Brain_Nucleus_accumbens_basal_ganglia,rs2271594,0.9644,abf,-0.172,0.0429,5.97e-05,0.0028,0.444,20.0,134.7926,False,smr_heidi_supported,coloc_and_smr_heidi_not_rejected
aging__als,als,TNFSF13,ENSG00000161955,eQTL,ENSG00000161955.17,Brain_Putamen_basal_ganglia,rs3803800,0.9119,abf,-0.296,0.0835,0.000388,0.0028,0.0912,9.0,47.9382,False,smr_heidi_supported,coloc_and_smr_heidi_not_rejected
aging__als,als,NSMAF,ENSG00000035681,eQTL,ENSG00000035681.10,Brain_Cerebellar_Hemisphere,rs75712986,0.9509,abf,-0.167,0.0472,0.000393,0.0028,0.0037,13.0,52.9545,False,smr_signal_heidi_rejects,coloc_and_smr_heidi_rejected
aging__als,als,NSMAF,ENSG00000035681,eQTL,ENSG00000035681.10,Brain_Cerebellum,rs75712986,0.9386,abf,-0.154,0.0435,0.000417,0.0028,0.00343,14.0,51.0191,False,smr_signal_heidi_rejects,coloc_and_smr_heidi_rejected
aging__als,als,TPP1,ENSG00000166340,eQTL,ENSG00000166340.18,Brain_Cerebellum,rs7487,0.7739,abf,0.213,0.0645,0.000948,0.0028,0.538,7.0,36.5773,False,smr_heidi_supported,smr_without_coloc
aging__als,als,TXNDC15,ENSG00000113621,eQTL,ENSG00000113621.15,Brain_Caudate_basal_ganglia,rs7706190,0.3467,abf,-0.109,0.0336,0.0012,0.0028,0.0655,20.0,138.7888,False,smr_heidi_supported,smr_without_coloc
aging__als,als,TMEM175,ENSG00000127419,eQTL,ENSG00000127419.17,Brain_Cerebellar_Hemisphere,rs4690203,0.0115,susie,-0.149,0.0462,0.00125,0.0028,0.0795,20.0,93.1193,False,smr_heidi_supported,smr_without_coloc
aging__als,als,TMEM175,ENSG00000127419,eQTL,ENSG00000127419.17,Brain_Cortex,rs4690202,0.0118,susie,-0.107,0.0333,0.00127,0.0028,0.00484,20.0,82.6873,False,smr_signal_heidi_rejects,smr_without_coloc
aging__als,als,NME4,ENSG00000103202,eQTL,ENSG00000103202.13,Brain_Cortex,rs7199359,0.2889,abf,0.195,0.0619,0.00165,0.0028,0.329,20.0,64.3401,False,smr_heidi_supported,smr_without_coloc
aging__als,als,TMEM175,ENSG00000127419,eQTL,ENSG00000127419.17,Brain_Cerebellum,rs73211813,0.0116,susie,-0.131,0.0443,0.00299,0.0028,0.155,20.0,79.4621,False,instrumented_tested_null,neither_tested_null
aging__als,als,PRDM2,ENSG00000116731,eQTL,ENSG00000116731.23,Brain_Anterior_cingulate_cortex_BA24,,0.0165,abf,,,,0.0028,,,,False,no_instrument,neither_no_instrument
aging__als,als,TNFSF13,ENSG00000161955,eQTL,ENSG00000161955.17,Brain_Anterior_cingulate_cortex_BA24,,0.9008,abf,,,,0.0028,,,,False,no_instrument,coloc_no_instrument
aging__als,als,FNBP1,ENSG00000187239,eQTL,ENSG00000187239.19,Brain_Anterior_cingulate_cortex_BA24,,0.0168,abf,,,,0.0028,,,,False,no_instrument,neither_no_instrument
aging__als,als,RPS6KL1,ENSG00000198208,eQTL,ENSG00000198208.12,Brain_Cerebellar_Hemisphere,,0.9322,abf,,,,0.0028,,,,False,no_instrument,coloc_no_instrument
aging__als,als,UNC13A,ENSG00000130477,eQTL,ENSG00000130477.16,Brain_Cerebellar_Hemisphere,,0.3766,abf,,,,0.0028,,,,False,no_instrument,neither_no_instrument
aging__als,als,PTPRN,ENSG00000054356,eQTL,ENSG00000054356.14,Brain_Cerebellar_Hemisphere,,0.0314,abf,,,,0.0028,,,,False,no_instrument,neither_no_instrument
aging__als,als,RPS6KL1,ENSG00000198208,eQTL,ENSG00000198208.12,Brain_Cerebellum,,0.0432,abf,,,,0.0028,,,,False,no_instrument,neither_no_instrument
aging__als,als,GGNBP2,ENSG00000278311,eQTL,ENSG00000278311.5,Brain_Cerebellum,,0.383,abf,,,,0.0028,,,,False,no_instrument,neither_no_instrument
aging__als,als,UNC13A,ENSG00000130477,eQTL,ENSG00000130477.16,Brain_Cerebellum,,0.0905,abf,,,,0.0028,,,,False,no_instrument,neither_no_instrument
aging__als,als,PTPRN,ENSG00000054356,eQTL,ENSG00000054356.14,Brain_Cerebellum,,0.0597,abf,,,,0.0028,,,,False,no_instrument,neither_no_instrument
aging__als,als,PRDM2,ENSG00000116731,eQTL,ENSG00000116731.23,Brain_Cortex,,0.0105,abf,,,,0.0028,,,,False,no_instrument,neither_no_instrument
aging__als,als,PTPRN,ENSG00000054356,eQTL,ENSG00000054356.14,Brain_Cortex,,0.5849,abf,,,,0.0028,,,,False,no_instrument,neither_no_instrument
aging__als,als,FNBP1,ENSG00000187239,eQTL,ENSG00000187239.19,Brain_Cortex,,0.0339,abf,,,,0.0028,,,,False,no_instrument,neither_no_instrument
aging__als,als,PTPRN,ENSG00000054356,eQTL,ENSG00000054356.14,Brain_Frontal_Cortex_BA9,,0.0738,abf,,,,0.0028,,,,False,no_instrument,neither_no_instrument
aging__als,als,PRDM2,ENSG00000116731,eQTL,ENSG00000116731.23,Brain_Hippocampus,,0.0335,abf,,,,0.0028,,,,False,no_instrument,neither_no_instrument
aging__als,als,WHAMM,ENSG00000156232,eQTL,ENSG00000156232.7,Brain_Hippocampus,,0.0435,abf,,,,0.0028,,,,False,no_instrument,neither_no_instrument
aging__als,als,FNBP1,ENSG00000187239,eQTL,ENSG00000187239.19,Brain_Hippocampus,,0.0178,abf,,,,0.0028,,,,False,no_instrument,neither_no_instrument
aging__als,als,SCFD1,ENSG00000092108,eQTL,ENSG00000092108.22,Brain_Hypothalamus,,0.9294,susie,,,,0.0028,,,,False,no_instrument,coloc_no_instrument
aging__als,als,FNBP1,ENSG00000187239,eQTL,ENSG00000187239.19,Brain_Hypothalamus,,0.0201,abf,,,,0.0028,,,,False,no_instrument,neither_no_instrument
aging__als,als,PRDM2,ENSG00000116731,eQTL,ENSG00000116731.23,Brain_Nucleus_accumbens_basal_ganglia,,0.0265,abf,,,,0.0028,,,,False,no_instrument,neither_no_instrument
aging__als,als,G2E3,ENSG00000092140,eQTL,ENSG00000092140.16,Brain_Nucleus_accumbens_basal_ganglia,,0.0115,abf,,,,0.0028,,,,False,no_instrument,neither_no_instrument
aging__als,als,RPS6KL1,ENSG00000198208,eQTL,ENSG00000198208.12,Brain_Nucleus_accumbens_basal_ganglia,,0.4026,abf,,,,0.0028,,,,False,no_instrument,neither_no_instrument
aging__als,als,WIPI2,ENSG00000157954,eQTL,ENSG00000157954.15,Brain_Nucleus_accumbens_basal_ganglia,,0.0204,abf,,,,0.0028,,,,False,no_instrument,neither_no_instrument
aging__als,als,FNBP1,ENSG00000187239,eQTL,ENSG00000187239.19,Brain_Nucleus_accumbens_basal_ganglia,,0.0992,abf,,,,0.0028,,,,False,no_instrument,neither_no_instrument
aging__als,als,PRDM2,ENSG00000116731,eQTL,ENSG00000116731.23,Brain_Putamen_basal_ganglia,,0.0377,abf,,,,0.0028,,,,False,no_instrument,neither_no_instrument
aging__als,als,RCSD1,ENSG00000198771,eQTL,ENSG00000198771.11,Brain_Spinal_cord_cervical_c-1,,0.0131,abf,,,,0.0028,,,,False,no_instrument,neither_no_instrument
aging__als,als,PRDM2,ENSG00000116731,eQTL,ENSG00000116731.23,Brain_Substantia_nigra,,0.1534,abf,,,,0.0028,,,,False,no_instrument,neither_no_instrument
aging__lbd,lbd,SNCA,ENSG00000145335,eQTL,ENSG00000145335.17,Brain_Amygdala,,0.1132,abf,,,,,,,,False,no_instrument,neither_no_instrument
aging__lbd,lbd,SNCA,ENSG00000145335,eQTL,ENSG00000145335.17,Brain_Anterior_cingulate_cortex_BA24,,0.1026,abf,,,,,,,,False,no_instrument,neither_no_instrument
aging__lbd,lbd,SNCA,ENSG00000145335,eQTL,ENSG00000145335.17,Brain_Cerebellar_Hemisphere,,0.0094,abf,,,,,,,,False,no_instrument,neither_no_instrument
aging__lbd,lbd,SNCA,ENSG00000145335,eQTL,ENSG00000145335.17,Brain_Cerebellum,,0.0673,abf,,,,,,,,False,no_instrument,neither_no_instrument
aging__lbd,lbd,SNCA,ENSG00000145335,eQTL,ENSG00000145335.17,Brain_Cortex,,0.0088,abf,,,,,,,,False,no_instrument,neither_no_instrument
aging__lbd,lbd,SNCA,ENSG00000145335,eQTL,ENSG00000145335.17,Brain_Frontal_Cortex_BA9,,0.0401,abf,,,,,,,,False,no_instrument,neither_no_instrument
aging__lbd,lbd,SNCA,ENSG00000145335,eQTL,ENSG00000145335.17,Brain_Hippocampus,,0.0146,abf,,,,,,,,False,no_instrument,neither_no_instrument
aging__lbd,lbd,SNCA,ENSG00000145335,eQTL,ENSG00000145335.17,Brain_Hypothalamus,,0.0686,abf,,,,,,,,False,no_instrument,neither_no_instrument
aging__lbd,lbd,SNCA,ENSG00000145335,eQTL,ENSG00000145335.17,Brain_Nucleus_accumbens_basal_ganglia,,0.0447,abf,,,,,,,,False,no_instrument,neither_no_instrument
aging__lbd,lbd,SNCA,ENSG00000145335,eQTL,ENSG00000145335.17,Brain_Spinal_cord_cervical_c-1,,0.0441,abf,,,,,,,,False,no_instrument,neither_no_instrument
aging__lbd,lbd,SNCA,ENSG00000145335,eQTL,ENSG00000145335.17,Brain_Substantia_nigra,,0.019,abf,,,,,,,,False,no_instrument,neither_no_instrument
aging__pd,pd,ZSWIM7,ENSG00000214941,eQTL,ENSG00000214941.8,Brain_Cortex,rs2286796,0.8058,susie,0.106,0.0208,3.36e-07,0.0025,0.0896,20.0,630.1293,False,smr_heidi_supported,coloc_and_smr_heidi_not_rejected
aging__pd,pd,ZSWIM7,ENSG00000214941,eQTL,ENSG00000214941.8,Brain_Caudate_basal_ganglia,rs2286796,0.8089,susie,0.129,0.0256,4.83e-07,0.0025,0.0698,20.0,378.4053,False,smr_heidi_supported,coloc_and_smr_heidi_not_rejected
aging__pd,pd,ZSWIM7,ENSG00000214941,eQTL,ENSG00000214941.8,Brain_Frontal_Cortex_BA9,rs1045599,0.7814,susie,0.129,0.0258,6.03e-07,0.0025,0.0963,20.0,514.1063,False,smr_heidi_supported,smr_without_coloc
aging__pd,pd,ZSWIM7,ENSG00000214941,eQTL,ENSG00000214941.8,Brain_Nucleus_accumbens_basal_ganglia,rs2779210,0.7797,susie,0.114,0.023,6.8e-07,0.0025,0.0409,20.0,467.6784,False,smr_heidi_supported,smr_without_coloc
aging__pd,pd,ZSWIM7,ENSG00000214941,eQTL,ENSG00000214941.8,Brain_Anterior_cingulate_cortex_BA24,rs1045599,0.8062,susie,0.106,0.0214,7.3e-07,0.0025,0.053,20.0,392.708,False,smr_heidi_supported,coloc_and_smr_heidi_not_rejected
aging__pd,pd,ZSWIM7,ENSG00000214941,eQTL,ENSG00000214941.8,Brain_Hypothalamus,rs1045599,0.7997,susie,0.16,0.0327,1.03e-06,0.0025,0.139,20.0,272.6297,False,smr_heidi_supported,smr_without_coloc
aging__pd,pd,ZSWIM7,ENSG00000214941,eQTL,ENSG00000214941.8,Brain_Putamen_basal_ganglia,rs1860643,0.805,susie,0.164,0.0337,1.13e-06,0.0025,0.0611,20.0,205.2313,False,smr_heidi_supported,coloc_and_smr_heidi_not_rejected
aging__pd,pd,ZSWIM7,ENSG00000214941,eQTL,ENSG00000214941.8,Brain_Cerebellar_Hemisphere,rs2286795,0.8198,abf,-0.18,0.0375,1.46e-06,0.0025,0.0673,20.0,142.8859,False,smr_heidi_supported,coloc_and_smr_heidi_not_rejected
aging__pd,pd,ZSWIM7,ENSG00000214941,eQTL,ENSG00000214941.8,Brain_Amygdala,rs1045599,0.8052,susie,0.153,0.0319,1.73e-06,0.0025,0.0213,20.0,181.5432,False,smr_heidi_supported,coloc_and_smr_heidi_not_rejected
aging__pd,pd,ZSWIM7,ENSG00000214941,eQTL,ENSG00000214941.8,Brain_Hippocampus,rs8076669,0.8494,susie,0.209,0.0455,4.37e-06,0.0025,0.194,20.0,95.1605,False,smr_heidi_supported,coloc_and_smr_heidi_not_rejected
aging__pd,pd,ZSWIM7,ENSG00000214941,eQTL,ENSG00000214941.8,Brain_Substantia_nigra,rs1045599,0.8387,susie,0.193,0.0426,5.72e-06,0.0025,0.265,20.0,96.3678,False,smr_heidi_supported,coloc_and_smr_heidi_not_rejected
aging__pd,pd,TTC19,ENSG00000011295,eQTL,ENSG00000011295.16,Brain_Caudate_basal_ganglia,rs4792719,0.7111,susie,-0.418,0.0992,2.55e-05,0.0025,0.0478,20.0,55.122,False,smr_heidi_supported,smr_without_coloc
aging__pd,pd,SH3GL2,ENSG00000107295,eQTL,ENSG00000107295.10,Brain_Frontal_Cortex_BA9,rs10756908,0.9633,abf,0.537,0.128,2.62e-05,0.0025,0.489,20.0,55.0334,False,smr_heidi_supported,coloc_and_smr_heidi_not_rejected
aging__pd,pd,TTC19,ENSG00000011295,eQTL,ENSG00000011295.16,Brain_Putamen_basal_ganglia,rs2301652,0.7263,susie,-0.346,0.085,4.74e-05,0.0025,0.457,20.0,53.0519,False,smr_heidi_supported,smr_without_coloc
aging__pd,pd,NCOR1,ENSG00000141027,eQTL,ENSG00000141027.23,Brain_Nucleus_accumbens_basal_ganglia,rs758853,0.7716,susie,0.368,0.0961,0.000128,0.0025,0.154,16.0,33.3639,False,smr_heidi_supported,smr_without_coloc
aging__pd,pd,SH3GL2,ENSG00000107295,eQTL,ENSG00000107295.10,Brain_Cortex,rs10810839,0.9197,abf,0.51,0.144,0.000401,0.0025,0.495,20.0,46.7741,False,smr_heidi_supported,coloc_and_smr_heidi_not_rejected
aging__pd,pd,CTSB,ENSG00000164733,eQTL,ENSG00000164733.23,Brain_Amygdala,rs1736086,0.7087,susie,-0.247,0.0797,0.00195,0.0025,0.0713,20.0,32.2571,False,smr_heidi_supported,smr_without_coloc
aging__pd,pd,SH3GL2,ENSG00000107295,eQTL,ENSG00000107295.10,Brain_Anterior_cingulate_cortex_BA24,rs1998248,0.6531,abf,0.587,0.193,0.00238,0.0025,0.264,20.0,34.2484,False,smr_heidi_supported,smr_without_coloc
aging__pd,pd,CDHR3,ENSG00000128536,eQTL,ENSG00000128536.16,Brain_Cerebellum,rs10279381,0.0084,abf,-0.022,0.0421,0.602,0.0025,0.858,12.0,85.6204,False,instrumented_tested_null,neither_tested_null
aging__pd,pd,CDHR3,ENSG00000128536,eQTL,ENSG00000128536.16,Brain_Cerebellar_Hemisphere,rs10279381,0.0086,abf,-0.031,0.0596,0.603,0.0025,0.844,3.0,40.0994,False,instrumented_tested_null,neither_tested_null
aging__pd,pd,SH3GL2,ENSG00000107295,eQTL,ENSG00000107295.10,Brain_Amygdala,,0.0269,abf,,,,0.0025,,,,False,no_instrument,neither_no_instrument
aging__pd,pd,DDRGK1,ENSG00000198171,eQTL,ENSG00000198171.13,Brain_Anterior_cingulate_cortex_BA24,,0.9025,abf,,,,0.0025,,,,False,no_instrument,coloc_no_instrument
aging__pd,pd,SH3GL2,ENSG00000107295,eQTL,ENSG00000107295.10,Brain_Caudate_basal_ganglia,,0.0049,abf,,,,0.0025,,,,False,no_instrument,neither_no_instrument
aging__pd,pd,CCDC62,ENSG00000130783,eQTL,ENSG00000130783.14,Brain_Cerebellar_Hemisphere,,0.0814,abf,,,,0.0025,,,,False,no_instrument,neither_no_instrument
aging__pd,pd,NCOR1,ENSG00000141027,eQTL,ENSG00000141027.23,Brain_Cerebellar_Hemisphere,,0.0321,abf,,,,0.0025,,,,False,no_instrument,neither_no_instrument
aging__pd,pd,AZI2,ENSG00000163512,eQTL,ENSG00000163512.14,Brain_Cerebellar_Hemisphere,,0.0149,abf,,,,0.0025,,,,False,no_instrument,neither_no_instrument
aging__pd,pd,SH3GL2,ENSG00000107295,eQTL,ENSG00000107295.10,Brain_Hypothalamus,,0.0173,abf,,,,0.0025,,,,False,no_instrument,neither_no_instrument
aging__pd,pd,SH3GL2,ENSG00000107295,eQTL,ENSG00000107295.10,Brain_Nucleus_accumbens_basal_ganglia,,0.0049,abf,,,,0.0025,,,,False,no_instrument,neither_no_instrument
aging__pd,pd,ZSWIM7,ENSG00000214941,eQTL,ENSG00000214941.8,Brain_Spinal_cord_cervical_c-1,,0.7517,abf,,,,0.0025,,,,False,no_instrument,neither_no_instrument
aging__pd,pd,SH3GL2,ENSG00000107295,eQTL,ENSG00000107295.10,Brain_Spinal_cord_cervical_c-1,,0.0677,abf,,,,0.0025,,,,False,no_instrument,neither_no_instrument
aging__pd,pd,SH3GL2,ENSG00000107295,eQTL,ENSG00000107295.10,Brain_Substantia_nigra,,0.0195,abf,,,,0.0025,,,,False,no_instrument,neither_no_instrument
aging__scz,scz,INO80E,ENSG00000169592,eQTL,ENSG00000169592.15,Brain_Cerebellum,rs8054556,0.9701,susie,0.149,0.0241,6.71e-10,0.0006,0.00613,20.0,114.1484,False,smr_signal_heidi_rejects,coloc_and_smr_heidi_rejected
aging__scz,scz,INO80E,ENSG00000169592,eQTL,ENSG00000169592.15,Brain_Cerebellar_Hemisphere,rs4788202,0.9672,susie,0.165,0.0273,1.43e-09,0.0006,0.00935,20.0,104.659,False,smr_signal_heidi_rejects,coloc_and_smr_heidi_rejected
aging__scz,scz,ACTR1B,ENSG00000115073,eQTL,ENSG00000115073.8,Brain_Cerebellum,rs11692435,0.9951,abf,-0.0743,0.014,1.12e-07,0.0006,0.0254,20.0,343.9126,False,smr_heidi_supported,coloc_and_smr_heidi_not_rejected
brainseq-sczd__scz,scz,ACTR1B,ENSG00000115073,eQTL,ENSG00000115073.8,Brain_Cerebellum,rs11692435,0.9951,abf,-0.0743,0.014,1.12e-07,0.0031,0.0254,20.0,343.9126,False,smr_heidi_supported,coloc_and_smr_heidi_not_rejected
aging__scz,scz,ACTR1B,ENSG00000115073,eQTL,ENSG00000115073.8,Brain_Cerebellar_Hemisphere,rs11692435,0.9951,abf,-0.0885,0.0168,1.47e-07,0.0006,0.0279,20.0,278.2672,False,smr_heidi_supported,coloc_and_smr_heidi_not_rejected
brainseq-sczd__scz,scz,ACTR1B,ENSG00000115073,eQTL,ENSG00000115073.8,Brain_Cerebellar_Hemisphere,rs11692435,0.9951,abf,-0.0885,0.0168,1.47e-07,0.0031,0.0279,20.0,278.2672,False,smr_heidi_supported,coloc_and_smr_heidi_not_rejected
aging__scz,scz,FOXN2,ENSG00000170802,eQTL,ENSG00000170802.17,Brain_Cerebellar_Hemisphere,rs79247094,0.9974,abf,-0.0632,0.0126,5.01e-07,0.0006,0.859,20.0,795.6948,False,smr_heidi_supported,coloc_and_smr_heidi_not_rejected
aging__scz,scz,FOXN2,ENSG00000170802,eQTL,ENSG00000170802.17,Brain_Cerebellum,rs79247094,0.9974,abf,-0.0541,0.0108,5.12e-07,0.0006,0.631,20.0,754.066,False,smr_heidi_supported,coloc_and_smr_heidi_not_rejected
aging__scz,scz,INO80E,ENSG00000169592,eQTL,ENSG00000169592.15,Brain_Putamen_basal_ganglia,rs3935873,0.9622,susie,0.207,0.0428,1.41e-06,0.0006,0.0103,20.0,39.8993,False,smr_heidi_supported,coloc_and_smr_heidi_not_rejected
aging__scz,scz,ACTR1B,ENSG00000115073,eQTL,ENSG00000115073.8,Brain_Hypothalamus,rs11692435,0.9956,abf,-0.142,0.0315,6.41e-06,0.0006,0.0375,10.0,60.5772,False,smr_heidi_supported,coloc_and_smr_heidi_not_rejected
brainseq-sczd__scz,scz,ACTR1B,ENSG00000115073,eQTL,ENSG00000115073.8,Brain_Hypothalamus,rs11692435,0.9956,abf,-0.142,0.0315,6.41e-06,0.0031,0.0375,10.0,60.5772,False,smr_heidi_supported,coloc_and_smr_heidi_not_rejected
aging__scz,scz,PAK6,ENSG00000137843,eQTL,ENSG00000137843.12,Brain_Cerebellum,rs56282503,0.9917,abf,0.166,0.0378,1.13e-05,0.0006,0.167,8.0,39.368,False,smr_heidi_supported,coloc_and_smr_heidi_not_rejected
brainseq-sczd__scz,scz,PAK6,ENSG00000137843,eQTL,ENSG00000137843.12,Brain_Cerebellum,rs56282503,0.9917,abf,0.166,0.0378,1.13e-05,0.0031,0.167,8.0,39.368,False,smr_heidi_supported,coloc_and_smr_heidi_not_rejected
aging__scz,scz,ACTR1B,ENSG00000115073,eQTL,ENSG00000115073.8,Brain_Cortex,rs11692435,0.9946,abf,-0.231,0.053,1.27e-05,0.0006,0.0409,9.0,50.2796,False,smr_heidi_supported,coloc_and_smr_heidi_not_rejected
brainseq-sczd__scz,scz,ACTR1B,ENSG00000115073,eQTL,ENSG00000115073.8,Brain_Cortex,rs11692435,0.9946,abf,-0.231,0.053,1.27e-05,0.0031,0.0409,9.0,50.2796,False,smr_heidi_supported,coloc_and_smr_heidi_not_rejected
aging__scz,scz,NUP50,ENSG00000093000,eQTL,ENSG00000093000.19,Brain_Caudate_basal_ganglia,rs2673086,0.9724,abf,-0.0984,0.0228,1.64e-05,0.0006,0.746,20.0,170.9152,False,smr_heidi_supported,coloc_and_smr_heidi_not_rejected
aging__scz,scz,NMRAL1,ENSG00000153406,eQTL,ENSG00000153406.14,Brain_Cerebellum,rs9929311,0.7603,susie,0.0382,0.00886,1.64e-05,0.0006,0.378,20.0,780.665,False,smr_heidi_supported,smr_without_coloc
aging__scz,scz,RERE,ENSG00000142599,eQTL,ENSG00000142599.20,Brain_Nucleus_accumbens_basal_ganglia,rs2708633,0.9652,susie,0.172,0.0403,2.03e-05,0.0006,0.455,20.0,49.3602,False,smr_heidi_supported,coloc_and_smr_heidi_not_rejected
aging__scz,scz,RCBTB1,ENSG00000136144,eQTL,ENSG00000136144.12,Brain_Hippocampus,rs1359543,0.971,susie,-0.0948,0.0223,2.16e-05,0.0006,0.229,20.0,172.8188,False,smr_heidi_supported,coloc_and_smr_heidi_not_rejected
aging__scz,scz,CRELD2,ENSG00000184164,eQTL,ENSG00000184164.15,Brain_Hypothalamus,rs4075330,0.8524,susie,0.185,0.0449,3.7e-05,0.0006,0.619,20.0,43.5116,False,smr_heidi_supported,coloc_and_smr_heidi_not_rejected
aging__scz,scz,CRELD2,ENSG00000184164,eQTL,ENSG00000184164.15,Brain_Nucleus_accumbens_basal_ganglia,rs9616392,0.6291,susie,0.136,0.0331,3.76e-05,0.0006,0.147,20.0,56.5856,False,smr_heidi_supported,smr_without_coloc
aging__scz,scz,NUP50,ENSG00000093000,eQTL,ENSG00000093000.19,Brain_Anterior_cingulate_cortex_BA24,rs132839,0.9247,abf,-0.0996,0.0244,4.51e-05,0.0006,0.978,20.0,163.867,False,smr_heidi_supported,coloc_and_smr_heidi_not_rejected
aging__scz,scz,NUP50,ENSG00000093000,eQTL,ENSG00000093000.19,Brain_Hippocampus,rs2673086,0.9319,abf,-0.126,0.031,4.96e-05,0.0006,0.774,20.0,78.429,False,smr_heidi_supported,coloc_and_smr_heidi_not_rejected
aging__scz,scz,YPEL3,ENSG00000090238,eQTL,ENSG00000090238.12,Brain_Anterior_cingulate_cortex_BA24,rs73530179,0.0005,susie,-0.188,0.0467,5.48e-05,0.0006,0.00292,20.0,51.0943,False,smr_signal_heidi_rejects,smr_without_coloc
aging__scz,scz,RBM6,ENSG00000004534,eQTL,ENSG00000004534.15,Brain_Nucleus_accumbens_basal_ganglia,rs4688755,0.7496,abf,0.0822,0.0205,6.03e-05,0.0006,3.61e-05,20.0,321.4558,False,smr_signal_heidi_rejects,smr_without_coloc
aging__scz,scz,NUP50,ENSG00000093000,eQTL,ENSG00000093000.19,Brain_Frontal_Cortex_BA9,rs226515,0.9427,abf,-0.127,0.0316,6.09e-05,0.0006,0.385,20.0,146.3215,False,smr_heidi_supported,coloc_and_smr_heidi_not_rejected
aging__scz,scz,NMRAL1,ENSG00000153406,eQTL,ENSG00000153406.14,Brain_Substantia_nigra,rs4786514,0.7224,susie,0.0725,0.0182,6.46e-05,0.0006,0.111,20.0,117.2401,False,smr_heidi_supported,smr_without_coloc
aging__scz,scz,NMRAL1,ENSG00000153406,eQTL,ENSG00000153406.14,Brain_Hippocampus,rs4786514,0.7369,susie,0.0761,0.0191,6.53e-05,0.0006,0.143,20.0,116.0937,False,smr_heidi_supported,smr_without_coloc
aging__scz,scz,CDIP1,ENSG00000089486,eQTL,ENSG00000089486.17,Brain_Cortex,rs6500614,0.8025,susie,0.108,0.0272,6.92e-05,0.0006,0.548,20.0,92.3856,False,smr_heidi_supported,coloc_and_smr_heidi_not_rejected
aging__scz,scz,SETD6,ENSG00000103037,eQTL,ENSG00000103037.12,Brain_Anterior_cingulate_cortex_BA24,rs112974366,0.9513,susie,-0.182,0.046,7.37e-05,0.0006,0.00474,16.0,34.389,False,smr_signal_heidi_rejects,coloc_and_smr_heidi_rejected
aging__scz,scz,NMRAL1,ENSG00000153406,eQTL,ENSG00000153406.14,Brain_Cerebellar_Hemisphere,rs4786500,0.6092,susie,0.0364,0.00919,7.42e-05,0.0006,0.0359,20.0,830.2287,False,smr_heidi_supported,smr_without_coloc
aging__scz,scz,NUP50,ENSG00000093000,eQTL,ENSG00000093000.19,Brain_Nucleus_accumbens_basal_ganglia,rs2176039,0.839,abf,-0.0882,0.0223,7.71e-05,0.0006,0.66,20.0,218.1031,False,smr_heidi_supported,coloc_and_smr_heidi_not_rejected
aging__scz,scz,CD46,ENSG00000117335,eQTL,ENSG00000117335.21,Brain_Cerebellum,rs2724360,0.7828,abf,0.0563,0.0143,7.91e-05,0.0006,0.428,20.0,350.2265,False,smr_heidi_supported,smr_without_coloc
aging__scz,scz,NUP50,ENSG00000093000,eQTL,ENSG00000093000.19,Brain_Cortex,rs477067,0.906,abf,-0.106,0.0268,8.16e-05,0.0006,0.409,20.0,126.3144,False,smr_heidi_supported,coloc_and_smr_heidi_not_rejected
aging__scz,scz,ACTR1B,ENSG00000115073,eQTL,ENSG00000115073.8,Brain_Caudate_basal_ganglia,rs11692435,0.9942,abf,-0.262,0.0667,8.35e-05,0.0006,0.112,10.0,31.2426,False,smr_heidi_supported,coloc_and_smr_heidi_not_rejected
brainseq-sczd__scz,scz,ACTR1B,ENSG00000115073,eQTL,ENSG00000115073.8,Brain_Caudate_basal_ganglia,rs11692435,0.9942,abf,-0.262,0.0667,8.35e-05,0.0031,0.112,10.0,31.2426,False,smr_heidi_supported,coloc_and_smr_heidi_not_rejected
aging__scz,scz,CRELD2,ENSG00000184164,eQTL,ENSG00000184164.15,Brain_Hippocampus,rs9616378,0.7628,susie,0.141,0.0359,9.07e-05,0.0006,0.323,20.0,45.3686,False,smr_heidi_supported,smr_without_coloc
brainseq-sczd__scz,scz,CCDC122,ENSG00000151773,eQTL,ENSG00000151773.13,Brain_Hypothalamus,rs12866387,0.88,abf,-0.12,0.0309,0.0001,0.0031,0.0529,20.0,53.5937,False,smr_heidi_supported,coloc_and_smr_heidi_not_rejected
aging__scz,scz,NMRAL1,ENSG00000153406,eQTL,ENSG00000153406.14,Brain_Spinal_cord_cervical_c-1,rs4424915,0.6042,susie,0.0739,0.0193,0.000124,0.0006,0.0403,20.0,126.5701,False,smr_heidi_supported,smr_without_coloc
aging__scz,scz,COPA,ENSG00000122218,eQTL,ENSG00000122218.17,Brain_Cerebellum,rs6427508,0.8223,abf,-0.0949,0.0248,0.000127,0.0006,0.587,20.0,124.4012,False,smr_heidi_supported,coloc_and_smr_heidi_not_rejected
aging__scz,scz,NMRAL1,ENSG00000153406,eQTL,ENSG00000153406.14,Brain_Hypothalamus,rs4786503,0.6397,susie,0.0934,0.0245,0.000137,0.0006,0.352,20.0,103.716,False,smr_heidi_supported,smr_without_coloc
aging__scz,scz,NMRAL1,ENSG00000153406,eQTL,ENSG00000153406.14,Brain_Frontal_Cortex_BA9,rs8046295,0.5386,susie,0.0912,0.024,0.000145,0.0006,0.0171,20.0,147.5567,False,smr_heidi_supported,smr_without_coloc
aging__scz,scz,NMRAL1,ENSG00000153406,eQTL,ENSG00000153406.14,Brain_Cortex,rs8046295,0.5836,susie,0.0844,0.0222,0.000145,0.0006,0.0529,20.0,146.8755,False,smr_heidi_supported,smr_without_coloc
aging__scz,scz,PPIL2,ENSG00000100023,eQTL,ENSG00000100023.20,Brain_Cerebellum,rs12484060,0.9381,abf,0.113,0.0297,0.00015,0.0006,0.774,20.0,77.9788,False,smr_heidi_supported,coloc_and_smr_heidi_not_rejected
aging__scz,scz,NUP50,ENSG00000093000,eQTL,ENSG00000093000.19,Brain_Hypothalamus,rs2176039,0.7908,abf,-0.115,0.0304,0.000156,0.0006,0.806,20.0,94.8742,False,smr_heidi_supported,smr_without_coloc
brainseq-sczd__scz,scz,CCDC122,ENSG00000151773,eQTL,ENSG00000151773.13,Brain_Putamen_basal_ganglia,rs7319725,0.9248,abf,-0.127,0.0335,0.000161,0.0031,0.0611,20.0,40.7905,False,smr_heidi_supported,coloc_and_smr_heidi_not_rejected
aging__scz,scz,NUP50,ENSG00000093000,eQTL,ENSG00000093000.19,Brain_Amygdala,rs132844,0.8953,abf,-0.0913,0.0242,0.000166,0.0006,0.678,20.0,73.0086,False,smr_heidi_supported,coloc_and_smr_heidi_not_rejected
aging__scz,scz,NMRAL1,ENSG00000153406,eQTL,ENSG00000153406.14,Brain_Anterior_cingulate_cortex_BA24,rs8046295,0.6516,susie,0.0782,0.0208,0.000168,0.0006,0.0684,20.0,122.9679,False,smr_heidi_supported,smr_without_coloc
aging__scz,scz,NMRAL1,ENSG00000153406,eQTL,ENSG00000153406.14,Brain_Putamen_basal_ganglia,rs8046295,0.6922,susie,0.093,0.0248,0.000177,0.0006,0.0741,20.0,116.1575,False,smr_heidi_supported,smr_without_coloc
aging__scz,scz,NMRAL1,ENSG00000153406,eQTL,ENSG00000153406.14,Brain_Amygdala,rs4424915,0.595,susie,0.0886,0.0237,0.000187,0.0006,0.31,20.0,85.9578,False,smr_heidi_supported,smr_without_coloc
aging__scz,scz,TMED4,ENSG00000158604,eQTL,ENSG00000158604.16,Brain_Spinal_cord_cervical_c-1,rs217356,0.9511,abf,-0.175,0.0469,0.000191,0.0006,0.692,11.0,39.4636,False,smr_heidi_supported,coloc_and_smr_heidi_not_rejected
aging__scz,scz,IRF3,ENSG00000126456,eQTL,ENSG00000126456.16,Brain_Nucleus_accumbens_basal_ganglia,rs73060070,0.5614,abf,-0.204,0.0548,0.000205,0.0006,0.0707,20.0,40.5669,False,smr_heidi_supported,smr_without_coloc
aging__scz,scz,PCBP3,ENSG00000183570,eQTL,ENSG00000183570.17,Brain_Cerebellar_Hemisphere,rs4819142,0.7567,abf,0.127,0.0345,0.00022,0.0006,0.000985,20.0,61.8152,False,smr_signal_heidi_rejects,smr_without_coloc
brainseq-sczd__scz,scz,CCDC122,ENSG00000151773,eQTL,ENSG00000151773.13,Brain_Hippocampus,rs12871262,0.9326,abf,-0.131,0.0355,0.000223,0.0031,0.498,20.0,47.3136,False,smr_heidi_supported,coloc_and_smr_heidi_not_rejected
aging__scz,scz,NUP50,ENSG00000093000,eQTL,ENSG00000093000.19,Brain_Putamen_basal_ganglia,rs9615054,0.7329,abf,-0.0731,0.0198,0.000229,0.0006,0.657,20.0,107.7907,False,smr_heidi_supported,smr_without_coloc
aging__scz,scz,NUP50,ENSG00000093000,eQTL,ENSG00000093000.19,Brain_Cerebellar_Hemisphere,rs132834,0.9481,abf,-0.163,0.0442,0.000237,0.0006,0.802,18.0,50.647,False,smr_heidi_supported,coloc_and_smr_heidi_not_rejected
aging__scz,scz,CRELD2,ENSG00000184164,eQTL,ENSG00000184164.15,Brain_Spinal_cord_cervical_c-1,rs138821,0.8247,susie,0.139,0.0379,0.000242,0.0006,0.229,20.0,41.1463,False,smr_heidi_supported,coloc_and_smr_heidi_not_rejected
brainseq-sczd__scz,scz,CCDC122,ENSG00000151773,eQTL,ENSG00000151773.13,Brain_Spinal_cord_cervical_c-1,rs12871262,0.9327,abf,-0.0962,0.0262,0.000243,0.0031,0.564,20.0,45.3801,False,smr_heidi_supported,coloc_and_smr_heidi_not_rejected
aging__scz,scz,CRELD2,ENSG00000184164,eQTL,ENSG00000184164.15,Brain_Caudate_basal_ganglia,rs56377703,0.7127,susie,0.19,0.0522,0.000282,0.0006,0.374,20.0,30.2306,False,smr_heidi_supported,smr_without_coloc
aging__scz,scz,YWHAB,ENSG00000166913,eQTL,ENSG00000166913.13,Brain_Cerebellar_Hemisphere,rs6031860,0.8211,abf,0.282,0.0792,0.000376,0.0006,0.125,10.0,41.8688,False,smr_heidi_supported,coloc_and_smr_heidi_not_rejected
aging__scz,scz,IRF3,ENSG00000126456,eQTL,ENSG00000126456.16,Brain_Hypothalamus,rs112226575,0.1484,abf,-0.142,0.0398,0.000376,0.0006,0.00395,20.0,51.2869,False,smr_signal_heidi_rejects,smr_without_coloc
aging__scz,scz,CDIP1,ENSG00000089486,eQTL,ENSG00000089486.17,Brain_Caudate_basal_ganglia,rs4786500,0.7134,susie,0.192,0.0549,0.000455,0.0006,0.0884,20.0,52.9756,False,smr_heidi_supported,smr_without_coloc
aging__scz,scz,IRF3,ENSG00000126456,eQTL,ENSG00000126456.16,Brain_Frontal_Cortex_BA9,rs112226575,0.0738,abf,-0.151,0.0435,0.000522,0.0006,0.00966,16.0,42.5017,False,smr_signal_heidi_rejects,smr_without_coloc
aging__scz,scz,PPIL2,ENSG00000100023,eQTL,ENSG00000100023.20,Brain_Cerebellar_Hemisphere,rs12484060,0.9275,abf,0.174,0.0505,0.000569,0.0006,0.915,20.0,36.4144,False,smr_heidi_supported,coloc_and_smr_heidi_not_rejected
aging__scz,scz,IDH3B,ENSG00000101365,eQTL,ENSG00000101365.22,Brain_Cortex,rs6115368,0.8108,abf,-0.214,0.0631,0.000695,0.0006,0.636,13.0,43.8267,False,instrumented_tested_null,coloc_smr_not_significant
brainseq-sczd__scz,scz,IDH3B,ENSG00000101365,eQTL,ENSG00000101365.22,Brain_Cortex,rs6115368,0.8108,abf,-0.214,0.0631,0.000695,0.0031,0.636,13.0,43.8267,False,smr_heidi_supported,coloc_and_smr_heidi_not_rejected
aging__scz,scz,TMED4,ENSG00000158604,eQTL,ENSG00000158604.16,Brain_Frontal_Cortex_BA9,rs217386,0.569,abf,-0.13,0.0389,0.000807,0.0006,0.549,16.0,44.4279,False,instrumented_tested_null,neither_tested_null
aging__scz,scz,IRF3,ENSG00000126456,eQTL,ENSG00000126456.16,Brain_Cortex,rs112226575,0.2443,abf,-0.196,0.0597,0.00102,0.0006,0.00205,7.0,30.181,False,instrumented_tested_null,neither_tested_null
aging__scz,scz,POLG,ENSG00000140521,eQTL,ENSG00000140521.18,Brain_Cerebellum,rs2072266,0.0471,abf,-0.11,0.0335,0.00109,0.0006,0.00904,20.0,58.3098,False,instrumented_tested_null,neither_tested_null
aging__scz,scz,TMED4,ENSG00000158604,eQTL,ENSG00000158604.16,Brain_Anterior_cingulate_cortex_BA24,rs217400,0.1372,abf,-0.11,0.0346,0.00147,0.0006,0.0319,14.0,42.2603,False,instrumented_tested_null,neither_tested_null
aging__scz,scz,SNAP91,ENSG00000065609,eQTL,ENSG00000065609.15,Brain_Spinal_cord_cervical_c-1,rs9362001,0.0153,susie,0.178,0.056,0.00149,0.0006,0.689,16.0,35.7773,False,instrumented_tested_null,neither_tested_null
aging__scz,scz,IDH3B,ENSG00000101365,eQTL,ENSG00000101365.22,Brain_Cerebellar_Hemisphere,rs73606160,0.6761,abf,-0.178,0.0561,0.00154,0.0006,0.748,15.0,81.3892,False,instrumented_tested_null,neither_tested_null
brainseq-sczd__scz,scz,IDH3B,ENSG00000101365,eQTL,ENSG00000101365.22,Brain_Cerebellar_Hemisphere,rs73606160,0.6761,abf,-0.178,0.0561,0.00154,0.0031,0.748,15.0,81.3892,False,smr_heidi_supported,smr_without_coloc
aging__scz,scz,TMED4,ENSG00000158604,eQTL,ENSG00000158604.16,Brain_Hypothalamus,rs217399,0.4399,abf,-0.162,0.0519,0.00184,0.0006,0.367,18.0,34.6706,False,instrumented_tested_null,neither_tested_null
aging__scz,scz,TMED4,ENSG00000158604,eQTL,ENSG00000158604.16,Brain_Cerebellum,rs217376,0.1422,abf,-0.143,0.0459,0.00186,0.0006,0.197,20.0,36.3664,False,instrumented_tested_null,neither_tested_null
aging__scz,scz,FANCI,ENSG00000140525,eQTL,ENSG00000140525.20,Brain_Nucleus_accumbens_basal_ganglia,rs1013445,0.1658,abf,-0.0984,0.0317,0.0019,0.0006,0.177,20.0,30.3476,False,instrumented_tested_null,neither_tested_null
aging__scz,scz,IDH3B,ENSG00000101365,eQTL,ENSG00000101365.22,Brain_Cerebellum,rs73606160,0.6863,abf,-0.169,0.056,0.00258,0.0006,0.882,12.0,44.0848,False,instrumented_tested_null,neither_tested_null
brainseq-sczd__scz,scz,IDH3B,ENSG00000101365,eQTL,ENSG00000101365.22,Brain_Cerebellum,rs73606160,0.6863,abf,-0.169,0.056,0.00258,0.0031,0.882,12.0,44.0848,False,smr_heidi_supported,smr_without_coloc
aging__scz,scz,L3HYPDH,ENSG00000126790,eQTL,ENSG00000126790.12,Brain_Cerebellum,rs1268584,0.0028,susie,0.0395,0.0132,0.00266,0.0006,0.0548,20.0,187.0734,False,instrumented_tested_null,neither_tested_null
aging__scz,scz,L3HYPDH,ENSG00000126790,eQTL,ENSG00000126790.12,Brain_Cerebellar_Hemisphere,rs1268584,0.003,abf,0.0463,0.0154,0.00268,0.0006,0.0359,20.0,182.8772,False,instrumented_tested_null,neither_tested_null
aging__scz,scz,GPR135,ENSG00000181619,eQTL,ENSG00000181619.12,Brain_Cerebellum,rs10133242,0.0037,susie,0.0726,0.0245,0.00309,0.0006,0.00602,20.0,67.7204,False,instrumented_tested_null,neither_tested_null
aging__scz,scz,YPEL1,ENSG00000100027,eQTL,ENSG00000100027.17,Brain_Cortex,rs2845458,0.4105,abf,-0.141,0.0478,0.0032,0.0006,0.839,20.0,58.0356,False,instrumented_tested_null,neither_tested_null
aging__scz,scz,POLG,ENSG00000140521,eQTL,ENSG00000140521.18,Brain_Cerebellar_Hemisphere,rs62020311,0.0382,abf,-0.157,0.0544,0.00405,0.0006,0.0202,20.0,45.2509,False,instrumented_tested_null,neither_tested_null
aging__scz,scz,YPEL1,ENSG00000100027,eQTL,ENSG00000100027.17,Brain_Frontal_Cortex_BA9,rs861823,0.3231,abf,-0.147,0.0551,0.0074,0.0006,0.152,20.0,40.0851,False,instrumented_tested_null,neither_tested_null
aging__scz,scz,PPIL2,ENSG00000100023,eQTL,ENSG00000100023.20,Brain_Caudate_basal_ganglia,rs5754789,0.2986,abf,0.12,0.0472,0.0108,0.0006,0.146,20.0,30.3333,False,instrumented_tested_null,neither_tested_null
aging__scz,scz,PRMT7,ENSG00000132600,eQTL,ENSG00000132600.18,Brain_Amygdala,rs10852440,0.0233,abf,0.0629,0.0262,0.0163,0.0006,0.289,20.0,34.4663,False,instrumented_tested_null,neither_tested_null
brainseq-sczd__scz,scz,MRPS33,ENSG00000090263,eQTL,ENSG00000090263.16,Brain_Cerebellum,rs38718,0.0168,abf,0.0984,0.0415,0.0177,0.0031,0.465,16.0,34.3559,False,instrumented_tested_null,neither_tested_null
brainseq-sczd__scz,scz,MRPS33,ENSG00000090263,eQTL,ENSG00000090263.16,Brain_Hypothalamus,rs801121,0.0214,abf,0.128,0.0558,0.0219,0.0031,0.282,20.0,39.1732,False,instrumented_tested_null,neither_tested_null
aging__scz,scz,NT5C2,ENSG00000076685,eQTL,ENSG00000076685.19,Brain_Cerebellum,rs12358887,0.0,susie,0.0787,0.0349,0.0239,0.0006,0.00501,20.0,56.9165,False,instrumented_tested_null,neither_tested_null
brainseq-sczd__scz,scz,CCDC122,ENSG00000151773,eQTL,ENSG00000151773.13,Brain_Substantia_nigra,rs73174269,0.6835,abf,-0.0475,0.0212,0.0251,0.0031,0.052,18.0,36.3055,False,instrumented_tested_null,neither_tested_null
aging__scz,scz,NT5C2,ENSG00000076685,eQTL,ENSG00000076685.19,Brain_Cerebellar_Hemisphere,rs11191556,0.0,susie,0.107,0.0507,0.0354,0.0006,0.00109,20.0,65.2507,False,instrumented_tested_null,neither_tested_null
aging__scz,scz,MAP2K5,ENSG00000137764,eQTL,ENSG00000137764.20,Brain_Anterior_cingulate_cortex_BA24,rs34765730,0.0115,abf,0.0865,0.0424,0.0412,0.0006,0.00429,20.0,48.657,False,instrumented_tested_null,neither_tested_null
aging__scz,scz,MAP2K5,ENSG00000137764,eQTL,ENSG00000137764.20,Brain_Cerebellum,rs35930676,0.0066,abf,0.0445,0.0237,0.0598,0.0006,0.507,20.0,73.8331,False,instrumented_tested_null,neither_tested_null
aging__scz,scz,MAP2K5,ENSG00000137764,eQTL,ENSG00000137764.20,Brain_Cortex,rs12441715,0.0065,abf,0.0844,0.049,0.085,0.0006,0.088,19.0,36.1141,False,instrumented_tested_null,neither_tested_null
aging__scz,scz,KLC1,ENSG00000126214,eQTL,ENSG00000126214.22,Brain_Cortex,rs2403193,0.0,abf,0.15,0.0973,0.123,0.0006,0.000978,20.0,34.1367,False,instrumented_tested_null,neither_tested_null
aging__scz,scz,TMED4,ENSG00000158604,eQTL,ENSG00000158604.16,Brain_Substantia_nigra,rs78407819,0.9232,abf,-0.0343,0.0307,0.264,0.0006,0.653,5.0,32.5079,False,instrumented_tested_null,coloc_smr_not_significant
aging__scz,scz,NMRAL1,ENSG00000153406,eQTL,ENSG00000153406.14,Brain_Nucleus_accumbens_basal_ganglia,rs61190647,0.6277,susie,-0.0357,0.0338,0.292,0.0006,0.15,20.0,87.8226,False,instrumented_tested_null,neither_tested_null
aging__scz,scz,NT5C2,ENSG00000076685,eQTL,ENSG00000076685.19,Brain_Cortex,rs11191614,0.9634,susie,0.0294,0.0301,0.328,0.0006,0.097,20.0,78.1142,False,instrumented_tested_null,coloc_smr_not_significant
aging__scz,scz,FAM120AOS,ENSG00000188938,eQTL,ENSG00000188938.17,Brain_Cerebellum,rs11789176,0.1131,abf,-0.00473,0.0271,0.862,0.0006,0.000313,20.0,36.4456,False,instrumented_tested_null,neither_tested_null
aging__scz,scz,IKBIP,ENSG00000166130,eQTL,ENSG00000166130.15,Brain_Frontal_Cortex_BA9,rs12581119,0.0,susie,-0.00215,0.017,0.9,0.0006,0.345,20.0,111.1623,False,instrumented_tested_null,neither_tested_null
aging__scz,scz,EFHB,ENSG00000163576,eQTL,ENSG00000163576.18,Brain_Frontal_Cortex_BA9,rs1133328,0.001,abf,0.000261,0.00773,0.973,0.0006,0.00214,20.0,754.7732,False,instrumented_tested_null,neither_tested_null
aging__scz,scz,FAM120AOS,ENSG00000188938,eQTL,ENSG00000188938.17,Brain_Cerebellar_Hemisphere,rs4744243,0.0001,abf,-0.000713,0.0307,0.981,0.0006,0.000133,20.0,44.3665,False,instrumented_tested_null,neither_tested_null
aging__scz,scz,NT5C2,ENSG00000076685,eQTL,ENSG00000076685.19,Brain_Amygdala,,0.2254,abf,,,,0.0006,,,,False,no_instrument,neither_no_instrument
aging__scz,scz,DGKZ,ENSG00000149091,eQTL,ENSG00000149091.15,Brain_Amygdala,,0.0718,abf,,,,0.0006,,,,False,no_instrument,neither_no_instrument
aging__scz,scz,PAM16,ENSG00000217930,eQTL,ENSG00000217930.8,Brain_Amygdala,,0.0224,abf,,,,0.0006,,,,False,no_instrument,neither_no_instrument
aging__scz,scz,CDIP1,ENSG00000089486,eQTL,ENSG00000089486.17,Brain_Amygdala,,0.6244,abf,,,,0.0006,,,,False,no_instrument,neither_no_instrument
aging__scz,scz,DOC2A,ENSG00000149927,eQTL,ENSG00000149927.18,Brain_Amygdala,,0.022,abf,,,,0.0006,,,,False,no_instrument,neither_no_instrument
aging__scz,scz,IRF3,ENSG00000126456,eQTL,ENSG00000126456.16,Brain_Amygdala,,0.2744,abf,,,,0.0006,,,,False,no_instrument,neither_no_instrument
aging__scz,scz,NDUFAF7,ENSG00000003509,eQTL,ENSG00000003509.16,Brain_Amygdala,,0.113,abf,,,,0.0006,,,,False,no_instrument,neither_no_instrument
aging__scz,scz,ACTR1B,ENSG00000115073,eQTL,ENSG00000115073.8,Brain_Amygdala,,0.0317,abf,,,,0.0006,,,,False,no_instrument,neither_no_instrument
aging__scz,scz,PPIL2,ENSG00000100023,eQTL,ENSG00000100023.20,Brain_Amygdala,,0.4843,abf,,,,0.0006,,,,False,no_instrument,neither_no_instrument
aging__scz,scz,CRELD2,ENSG00000184164,eQTL,ENSG00000184164.15,Brain_Amygdala,,0.4127,abf,,,,0.0006,,,,False,no_instrument,neither_no_instrument
aging__scz,scz,GPM6A,ENSG00000150625,eQTL,ENSG00000150625.17,Brain_Amygdala,,0.0596,abf,,,,0.0006,,,,False,no_instrument,neither_no_instrument
aging__scz,scz,TMED4,ENSG00000158604,eQTL,ENSG00000158604.16,Brain_Amygdala,,0.8334,abf,,,,0.0006,,,,False,no_instrument,coloc_no_instrument
aging__scz,scz,ZDHHC12,ENSG00000160446,eQTL,ENSG00000160446.19,Brain_Amygdala,,0.0529,abf,,,,0.0006,,,,False,no_instrument,neither_no_instrument
aging__scz,scz,DGKZ,ENSG00000149091,eQTL,ENSG00000149091.15,Brain_Anterior_cingulate_cortex_BA24,,0.0157,abf,,,,0.0006,,,,False,no_instrument,neither_no_instrument
aging__scz,scz,CCS,ENSG00000173992,eQTL,ENSG00000173992.9,Brain_Anterior_cingulate_cortex_BA24,,0.0077,abf,,,,0.0006,,,,False,no_instrument,neither_no_instrument
aging__scz,scz,DOC2A,ENSG00000149927,eQTL,ENSG00000149927.18,Brain_Anterior_cingulate_cortex_BA24,,0.0095,abf,,,,0.0006,,,,False,no_instrument,neither_no_instrument
aging__scz,scz,IRF3,ENSG00000126456,eQTL,ENSG00000126456.16,Brain_Anterior_cingulate_cortex_BA24,,0.1437,abf,,,,0.0006,,,,False,no_instrument,neither_no_instrument
aging__scz,scz,ACTR1B,ENSG00000115073,eQTL,ENSG00000115073.8,Brain_Anterior_cingulate_cortex_BA24,,0.8861,abf,,,,0.0006,,,,False,no_instrument,coloc_no_instrument
aging__scz,scz,YPEL1,ENSG00000100027,eQTL,ENSG00000100027.17,Brain_Anterior_cingulate_cortex_BA24,,0.3988,abf,,,,0.0006,,,,False,no_instrument,neither_no_instrument
aging__scz,scz,CRELD2,ENSG00000184164,eQTL,ENSG00000184164.15,Brain_Anterior_cingulate_cortex_BA24,,0.2165,abf,,,,0.0006,,,,False,no_instrument,neither_no_instrument
aging__scz,scz,GLYCTK,ENSG00000168237,eQTL,ENSG00000168237.18,Brain_Anterior_cingulate_cortex_BA24,,0.4989,abf,,,,0.0006,,,,False,no_instrument,neither_no_instrument
aging__scz,scz,GPM6A,ENSG00000150625,eQTL,ENSG00000150625.17,Brain_Anterior_cingulate_cortex_BA24,,0.061,abf,,,,0.0006,,,,False,no_instrument,neither_no_instrument
aging__scz,scz,MAD1L1,ENSG00000002822,eQTL,ENSG00000002822.16,Brain_Anterior_cingulate_cortex_BA24,,0.026,abf,,,,0.0006,,,,False,no_instrument,neither_no_instrument
aging__scz,scz,ZDHHC12,ENSG00000160446,eQTL,ENSG00000160446.19,Brain_Anterior_cingulate_cortex_BA24,,0.0542,abf,,,,0.0006,,,,False,no_instrument,neither_no_instrument
aging__scz,scz,NT5C2,ENSG00000076685,eQTL,ENSG00000076685.19,Brain_Caudate_basal_ganglia,,0.2434,abf,,,,0.0006,,,,False,no_instrument,neither_no_instrument
aging__scz,scz,DGKZ,ENSG00000149091,eQTL,ENSG00000149091.15,Brain_Caudate_basal_ganglia,,0.4952,abf,,,,0.0006,,,,False,no_instrument,neither_no_instrument
aging__scz,scz,ZFYVE21,ENSG00000100711,eQTL,ENSG00000100711.14,Brain_Caudate_basal_ganglia,,0.06,abf,,,,0.0006,,,,False,no_instrument,neither_no_instrument
aging__scz,scz,DOC2A,ENSG00000149927,eQTL,ENSG00000149927.18,Brain_Caudate_basal_ganglia,,0.6708,abf,,,,0.0006,,,,False,no_instrument,neither_no_instrument
aging__scz,scz,IRF3,ENSG00000126456,eQTL,ENSG00000126456.16,Brain_Caudate_basal_ganglia,,0.4026,abf,,,,0.0006,,,,False,no_instrument,neither_no_instrument
aging__scz,scz,YWHAB,ENSG00000166913,eQTL,ENSG00000166913.13,Brain_Caudate_basal_ganglia,,0.8508,abf,,,,0.0006,,,,False,no_instrument,coloc_no_instrument
aging__scz,scz,YPEL1,ENSG00000100027,eQTL,ENSG00000100027.17,Brain_Caudate_basal_ganglia,,0.02,abf,,,,0.0006,,,,False,no_instrument,neither_no_instrument
aging__scz,scz,GPM6A,ENSG00000150625,eQTL,ENSG00000150625.17,Brain_Caudate_basal_ganglia,,0.0444,abf,,,,0.0006,,,,False,no_instrument,neither_no_instrument
aging__scz,scz,SNAP91,ENSG00000065609,eQTL,ENSG00000065609.15,Brain_Caudate_basal_ganglia,,0.563,abf,,,,0.0006,,,,False,no_instrument,neither_no_instrument
aging__scz,scz,TMED4,ENSG00000158604,eQTL,ENSG00000158604.16,Brain_Caudate_basal_ganglia,,0.2399,abf,,,,0.0006,,,,False,no_instrument,neither_no_instrument
aging__scz,scz,FGFR1,ENSG00000077782,eQTL,ENSG00000077782.23,Brain_Caudate_basal_ganglia,,0.0191,abf,,,,0.0006,,,,False,no_instrument,neither_no_instrument
aging__scz,scz,ZDHHC12,ENSG00000160446,eQTL,ENSG00000160446.19,Brain_Caudate_basal_ganglia,,0.0293,abf,,,,0.0006,,,,False,no_instrument,neither_no_instrument
aging__scz,scz,THAP3,ENSG00000041988,eQTL,ENSG00000041988.16,Brain_Cerebellar_Hemisphere,,0.0375,abf,,,,0.0006,,,,False,no_instrument,neither_no_instrument
aging__scz,scz,RERE,ENSG00000142599,eQTL,ENSG00000142599.20,Brain_Cerebellar_Hemisphere,,0.1183,abf,,,,0.0006,,,,False,no_instrument,neither_no_instrument
aging__scz,scz,DGKZ,ENSG00000149091,eQTL,ENSG00000149091.15,Brain_Cerebellar_Hemisphere,,0.8584,abf,,,,0.0006,,,,False,no_instrument,coloc_no_instrument
aging__scz,scz,GPR135,ENSG00000181619,eQTL,ENSG00000181619.12,Brain_Cerebellar_Hemisphere,,0.0111,abf,,,,0.0006,,,,False,no_instrument,neither_no_instrument
aging__scz,scz,PPIP5K1,ENSG00000168781,eQTL,ENSG00000168781.24,Brain_Cerebellar_Hemisphere,,0.0184,abf,,,,0.0006,,,,False,no_instrument,neither_no_instrument
aging__scz,scz,DNAJA3,ENSG00000103423,eQTL,ENSG00000103423.14,Brain_Cerebellar_Hemisphere,,0.0185,abf,,,,0.0006,,,,False,no_instrument,neither_no_instrument
aging__scz,scz,DOC2A,ENSG00000149927,eQTL,ENSG00000149927.18,Brain_Cerebellar_Hemisphere,,0.0342,susie,,,,0.0006,,,,False,no_instrument,neither_no_instrument
aging__scz,scz,RAI1,ENSG00000108557,eQTL,ENSG00000108557.20,Brain_Cerebellar_Hemisphere,,0.7172,abf,,,,0.0006,,,,False,no_instrument,neither_no_instrument
aging__scz,scz,ASB3,ENSG00000115239,eQTL,ENSG00000115239.24,Brain_Cerebellar_Hemisphere,,0.1505,abf,,,,0.0006,,,,False,no_instrument,neither_no_instrument
aging__scz,scz,YPEL1,ENSG00000100027,eQTL,ENSG00000100027.17,Brain_Cerebellar_Hemisphere,,0.2385,abf,,,,0.0006,,,,False,no_instrument,neither_no_instrument
aging__scz,scz,CRELD2,ENSG00000184164,eQTL,ENSG00000184164.15,Brain_Cerebellar_Hemisphere,,0.0169,abf,,,,0.0006,,,,False,no_instrument,neither_no_instrument
aging__scz,scz,GALNT15,ENSG00000131386,eQTL,ENSG00000131386.20,Brain_Cerebellar_Hemisphere,,0.0076,abf,,,,0.0006,,,,False,no_instrument,neither_no_instrument
aging__scz,scz,SNAP91,ENSG00000065609,eQTL,ENSG00000065609.15,Brain_Cerebellar_Hemisphere,,0.0412,abf,,,,0.0006,,,,False,no_instrument,neither_no_instrument
aging__scz,scz,FAM184A,ENSG00000111879,eQTL,ENSG00000111879.20,Brain_Cerebellar_Hemisphere,,0.0571,abf,,,,0.0006,,,,False,no_instrument,neither_no_instrument
aging__scz,scz,TMED4,ENSG00000158604,eQTL,ENSG00000158604.16,Brain_Cerebellar_Hemisphere,,0.1732,abf,,,,0.0006,,,,False,no_instrument,neither_no_instrument
aging__scz,scz,ZDHHC12,ENSG00000160446,eQTL,ENSG00000160446.19,Brain_Cerebellar_Hemisphere,,0.0623,abf,,,,0.0006,,,,False,no_instrument,neither_no_instrument
aging__scz,scz,THAP3,ENSG00000041988,eQTL,ENSG00000041988.16,Brain_Cerebellum,,0.1863,abf,,,,0.0006,,,,False,no_instrument,neither_no_instrument
aging__scz,scz,TUBGCP4,ENSG00000137822,eQTL,ENSG00000137822.13,Brain_Cerebellum,,0.0256,abf,,,,0.0006,,,,False,no_instrument,neither_no_instrument
aging__scz,scz,PPIP5K1,ENSG00000168781,eQTL,ENSG00000168781.24,Brain_Cerebellum,,0.0035,abf,,,,0.0006,,,,False,no_instrument,neither_no_instrument
aging__scz,scz,DNAJA3,ENSG00000103423,eQTL,ENSG00000103423.14,Brain_Cerebellum,,0.2819,abf,,,,0.0006,,,,False,no_instrument,neither_no_instrument
aging__scz,scz,RAI1,ENSG00000108557,eQTL,ENSG00000108557.20,Brain_Cerebellum,,0.3082,abf,,,,0.0006,,,,False,no_instrument,neither_no_instrument
aging__scz,scz,YWHAB,ENSG00000166913,eQTL,ENSG00000166913.13,Brain_Cerebellum,,0.1037,abf,,,,0.0006,,,,False,no_instrument,neither_no_instrument
aging__scz,scz,YPEL1,ENSG00000100027,eQTL,ENSG00000100027.17,Brain_Cerebellum,,0.0399,abf,,,,0.0006,,,,False,no_instrument,neither_no_instrument
aging__scz,scz,NUP50,ENSG00000093000,eQTL,ENSG00000093000.19,Brain_Cerebellum,,0.7603,abf,,,,0.0006,,,,False,no_instrument,neither_no_instrument
aging__scz,scz,CRELD2,ENSG00000184164,eQTL,ENSG00000184164.15,Brain_Cerebellum,,0.0502,abf,,,,0.0006,,,,False,no_instrument,neither_no_instrument
aging__scz,scz,PBRM1,ENSG00000163939,eQTL,ENSG00000163939.19,Brain_Cerebellum,,0.5227,abf,,,,0.0006,,,,False,no_instrument,neither_no_instrument
aging__scz,scz,SNAP91,ENSG00000065609,eQTL,ENSG00000065609.15,Brain_Cerebellum,,0.0295,abf,,,,0.0006,,,,False,no_instrument,neither_no_instrument
aging__scz,scz,FGFR1,ENSG00000077782,eQTL,ENSG00000077782.23,Brain_Cerebellum,,0.6529,abf,,,,0.0006,,,,False,no_instrument,neither_no_instrument
aging__scz,scz,GABBR2,ENSG00000136928,eQTL,ENSG00000136928.7,Brain_Cerebellum,,0.0141,abf,,,,0.0006,,,,False,no_instrument,neither_no_instrument
aging__scz,scz,ZDHHC12,ENSG00000160446,eQTL,ENSG00000160446.19,Brain_Cerebellum,,0.4663,abf,,,,0.0006,,,,False,no_instrument,neither_no_instrument
aging__scz,scz,DGKZ,ENSG00000149091,eQTL,ENSG00000149091.15,Brain_Cortex,,0.0384,abf,,,,0.0006,,,,False,no_instrument,neither_no_instrument
aging__scz,scz,DOC2A,ENSG00000149927,eQTL,ENSG00000149927.18,Brain_Cortex,,0.0633,abf,,,,0.0006,,,,False,no_instrument,neither_no_instrument
aging__scz,scz,YWHAB,ENSG00000166913,eQTL,ENSG00000166913.13,Brain_Cortex,,0.8134,abf,,,,0.0006,,,,False,no_instrument,coloc_no_instrument
aging__scz,scz,CRELD2,ENSG00000184164,eQTL,ENSG00000184164.15,Brain_Cortex,,0.1217,abf,,,,0.0006,,,,False,no_instrument,neither_no_instrument
aging__scz,scz,REEP2,ENSG00000132563,eQTL,ENSG00000132563.17,Brain_Cortex,,0.0062,abf,,,,0.0006,,,,False,no_instrument,neither_no_instrument
aging__scz,scz,SNAP91,ENSG00000065609,eQTL,ENSG00000065609.15,Brain_Cortex,,0.2962,abf,,,,0.0006,,,,False,no_instrument,neither_no_instrument
aging__scz,scz,MAD1L1,ENSG00000002822,eQTL,ENSG00000002822.16,Brain_Cortex,,0.1117,abf,,,,0.0006,,,,False,no_instrument,neither_no_instrument
aging__scz,scz,TMED4,ENSG00000158604,eQTL,ENSG00000158604.16,Brain_Cortex,,0.2736,abf,,,,0.0006,,,,False,no_instrument,neither_no_instrument
aging__scz,scz,ZDHHC12,ENSG00000160446,eQTL,ENSG00000160446.19,Brain_Cortex,,0.0304,abf,,,,0.0006,,,,False,no_instrument,neither_no_instrument
aging__scz,scz,NT5C2,ENSG00000076685,eQTL,ENSG00000076685.19,Brain_Frontal_Cortex_BA9,,0.004,abf,,,,0.0006,,,,False,no_instrument,neither_no_instrument
aging__scz,scz,DGKZ,ENSG00000149091,eQTL,ENSG00000149091.15,Brain_Frontal_Cortex_BA9,,0.0155,abf,,,,0.0006,,,,False,no_instrument,neither_no_instrument
aging__scz,scz,TSPAN31,ENSG00000135452,eQTL,ENSG00000135452.10,Brain_Frontal_Cortex_BA9,,0.1312,abf,,,,0.0006,,,,False,no_instrument,neither_no_instrument
aging__scz,scz,HMOX2,ENSG00000103415,eQTL,ENSG00000103415.12,Brain_Frontal_Cortex_BA9,,0.0224,abf,,,,0.0006,,,,False,no_instrument,neither_no_instrument
aging__scz,scz,DOC2A,ENSG00000149927,eQTL,ENSG00000149927.18,Brain_Frontal_Cortex_BA9,,0.0185,abf,,,,0.0006,,,,False,no_instrument,neither_no_instrument
aging__scz,scz,SYT5,ENSG00000129990,eQTL,ENSG00000129990.15,Brain_Frontal_Cortex_BA9,,0.5186,abf,,,,0.0006,,,,False,no_instrument,neither_no_instrument
aging__scz,scz,ACTR1B,ENSG00000115073,eQTL,ENSG00000115073.8,Brain_Frontal_Cortex_BA9,,0.9311,abf,,,,0.0006,,,,False,no_instrument,coloc_no_instrument
aging__scz,scz,YWHAB,ENSG00000166913,eQTL,ENSG00000166913.13,Brain_Frontal_Cortex_BA9,,0.5526,abf,,,,0.0006,,,,False,no_instrument,neither_no_instrument
aging__scz,scz,PPIL2,ENSG00000100023,eQTL,ENSG00000100023.20,Brain_Frontal_Cortex_BA9,,0.2987,abf,,,,0.0006,,,,False,no_instrument,neither_no_instrument
aging__scz,scz,CRELD2,ENSG00000184164,eQTL,ENSG00000184164.15,Brain_Frontal_Cortex_BA9,,0.0215,abf,,,,0.0006,,,,False,no_instrument,neither_no_instrument
aging__scz,scz,NEK4,ENSG00000114904,eQTL,ENSG00000114904.13,Brain_Frontal_Cortex_BA9,,0.3412,abf,,,,0.0006,,,,False,no_instrument,neither_no_instrument
aging__scz,scz,MAD1L1,ENSG00000002822,eQTL,ENSG00000002822.16,Brain_Frontal_Cortex_BA9,,0.0594,abf,,,,0.0006,,,,False,no_instrument,neither_no_instrument
aging__scz,scz,ZDHHC12,ENSG00000160446,eQTL,ENSG00000160446.19,Brain_Frontal_Cortex_BA9,,0.0485,abf,,,,0.0006,,,,False,no_instrument,neither_no_instrument
aging__scz,scz,MAP7D1,ENSG00000116871,eQTL,ENSG00000116871.16,Brain_Hippocampus,,0.0606,abf,,,,0.0006,,,,False,no_instrument,neither_no_instrument
aging__scz,scz,DGKZ,ENSG00000149091,eQTL,ENSG00000149091.15,Brain_Hippocampus,,0.0348,abf,,,,0.0006,,,,False,no_instrument,neither_no_instrument
aging__scz,scz,MED19,ENSG00000156603,eQTL,ENSG00000156603.20,Brain_Hippocampus,,0.0365,abf,,,,0.0006,,,,False,no_instrument,neither_no_instrument
aging__scz,scz,CATSPER2,ENSG00000166762,eQTL,ENSG00000166762.19,Brain_Hippocampus,,0.039,abf,,,,0.0006,,,,False,no_instrument,neither_no_instrument
aging__scz,scz,CDIP1,ENSG00000089486,eQTL,ENSG00000089486.17,Brain_Hippocampus,,0.0215,abf,,,,0.0006,,,,False,no_instrument,neither_no_instrument
aging__scz,scz,INO80E,ENSG00000169592,eQTL,ENSG00000169592.15,Brain_Hippocampus,,0.4928,abf,,,,0.0006,,,,False,no_instrument,neither_no_instrument
aging__scz,scz,DOC2A,ENSG00000149927,eQTL,ENSG00000149927.18,Brain_Hippocampus,,0.1053,abf,,,,0.0006,,,,False,no_instrument,neither_no_instrument
aging__scz,scz,IRF3,ENSG00000126456,eQTL,ENSG00000126456.16,Brain_Hippocampus,,0.0662,abf,,,,0.0006,,,,False,no_instrument,neither_no_instrument
aging__scz,scz,ACTR1B,ENSG00000115073,eQTL,ENSG00000115073.8,Brain_Hippocampus,,0.9625,abf,,,,0.0006,,,,False,no_instrument,coloc_no_instrument
aging__scz,scz,IDH3B,ENSG00000101365,eQTL,ENSG00000101365.22,Brain_Hippocampus,,0.6619,abf,,,,0.0006,,,,False,no_instrument,neither_no_instrument
aging__scz,scz,YWHAB,ENSG00000166913,eQTL,ENSG00000166913.13,Brain_Hippocampus,,0.0162,abf,,,,0.0006,,,,False,no_instrument,neither_no_instrument
aging__scz,scz,PSMD6,ENSG00000163636,eQTL,ENSG00000163636.11,Brain_Hippocampus,,0.0183,abf,,,,0.0006,,,,False,no_instrument,neither_no_instrument
aging__scz,scz,TMED4,ENSG00000158604,eQTL,ENSG00000158604.16,Brain_Hippocampus,,0.8893,abf,,,,0.0006,,,,False,no_instrument,coloc_no_instrument
aging__scz,scz,ZDHHC12,ENSG00000160446,eQTL,ENSG00000160446.19,Brain_Hippocampus,,0.041,abf,,,,0.0006,,,,False,no_instrument,neither_no_instrument
aging__scz,scz,NUCB2,ENSG00000070081,eQTL,ENSG00000070081.18,Brain_Hypothalamus,,0.023,abf,,,,0.0006,,,,False,no_instrument,neither_no_instrument
aging__scz,scz,DNAJA3,ENSG00000103423,eQTL,ENSG00000103423.14,Brain_Hypothalamus,,0.028,abf,,,,0.0006,,,,False,no_instrument,neither_no_instrument
aging__scz,scz,CDIP1,ENSG00000089486,eQTL,ENSG00000089486.17,Brain_Hypothalamus,,0.0368,abf,,,,0.0006,,,,False,no_instrument,neither_no_instrument
aging__scz,scz,DOC2A,ENSG00000149927,eQTL,ENSG00000149927.18,Brain_Hypothalamus,,0.0593,abf,,,,0.0006,,,,False,no_instrument,neither_no_instrument
aging__scz,scz,YWHAB,ENSG00000166913,eQTL,ENSG00000166913.13,Brain_Hypothalamus,,0.8462,abf,,,,0.0006,,,,False,no_instrument,coloc_no_instrument
aging__scz,scz,PPIL2,ENSG00000100023,eQTL,ENSG00000100023.20,Brain_Hypothalamus,,0.1588,abf,,,,0.0006,,,,False,no_instrument,neither_no_instrument
aging__scz,scz,SNAP91,ENSG00000065609,eQTL,ENSG00000065609.15,Brain_Hypothalamus,,0.0712,abf,,,,0.0006,,,,False,no_instrument,neither_no_instrument
aging__scz,scz,ZDHHC12,ENSG00000160446,eQTL,ENSG00000160446.19,Brain_Hypothalamus,,0.0461,abf,,,,0.0006,,,,False,no_instrument,neither_no_instrument
aging__scz,scz,MAP7D1,ENSG00000116871,eQTL,ENSG00000116871.16,Brain_Nucleus_accumbens_basal_ganglia,,0.1295,abf,,,,0.0006,,,,False,no_instrument,neither_no_instrument
aging__scz,scz,DGKZ,ENSG00000149091,eQTL,ENSG00000149091.15,Brain_Nucleus_accumbens_basal_ganglia,,0.1318,abf,,,,0.0006,,,,False,no_instrument,neither_no_instrument
aging__scz,scz,INO80E,ENSG00000169592,eQTL,ENSG00000169592.15,Brain_Nucleus_accumbens_basal_ganglia,,0.9643,susie,,,,0.0006,,,,False,no_instrument,coloc_no_instrument
aging__scz,scz,DOC2A,ENSG00000149927,eQTL,ENSG00000149927.18,Brain_Nucleus_accumbens_basal_ganglia,,0.7552,abf,,,,0.0006,,,,False,no_instrument,neither_no_instrument
aging__scz,scz,ACTR1B,ENSG00000115073,eQTL,ENSG00000115073.8,Brain_Nucleus_accumbens_basal_ganglia,,0.9583,abf,,,,0.0006,,,,False,no_instrument,coloc_no_instrument
aging__scz,scz,YWHAB,ENSG00000166913,eQTL,ENSG00000166913.13,Brain_Nucleus_accumbens_basal_ganglia,,0.2191,abf,,,,0.0006,,,,False,no_instrument,neither_no_instrument
aging__scz,scz,YPEL1,ENSG00000100027,eQTL,ENSG00000100027.17,Brain_Nucleus_accumbens_basal_ganglia,,0.0152,abf,,,,0.0006,,,,False,no_instrument,neither_no_instrument
aging__scz,scz,SNAP91,ENSG00000065609,eQTL,ENSG00000065609.15,Brain_Nucleus_accumbens_basal_ganglia,,0.2235,abf,,,,0.0006,,,,False,no_instrument,neither_no_instrument
aging__scz,scz,TMED4,ENSG00000158604,eQTL,ENSG00000158604.16,Brain_Nucleus_accumbens_basal_ganglia,,0.6028,abf,,,,0.0006,,,,False,no_instrument,neither_no_instrument
aging__scz,scz,ZDHHC12,ENSG00000160446,eQTL,ENSG00000160446.19,Brain_Nucleus_accumbens_basal_ganglia,,0.7307,abf,,,,0.0006,,,,False,no_instrument,neither_no_instrument
aging__scz,scz,NT5C2,ENSG00000076685,eQTL,ENSG00000076685.19,Brain_Putamen_basal_ganglia,,0.4057,abf,,,,0.0006,,,,False,no_instrument,neither_no_instrument
aging__scz,scz,TEAD4,ENSG00000197905,eQTL,ENSG00000197905.10,Brain_Putamen_basal_ganglia,,0.0305,abf,,,,0.0006,,,,False,no_instrument,neither_no_instrument
aging__scz,scz,LPCAT4,ENSG00000176454,eQTL,ENSG00000176454.15,Brain_Putamen_basal_ganglia,,0.0074,abf,,,,0.0006,,,,False,no_instrument,neither_no_instrument
aging__scz,scz,IRF3,ENSG00000126456,eQTL,ENSG00000126456.16,Brain_Putamen_basal_ganglia,,0.6138,abf,,,,0.0006,,,,False,no_instrument,neither_no_instrument
aging__scz,scz,NDUFAF7,ENSG00000003509,eQTL,ENSG00000003509.16,Brain_Putamen_basal_ganglia,,0.8897,abf,,,,0.0006,,,,False,no_instrument,coloc_no_instrument
aging__scz,scz,PPIL2,ENSG00000100023,eQTL,ENSG00000100023.20,Brain_Putamen_basal_ganglia,,0.9257,abf,,,,0.0006,,,,False,no_instrument,coloc_no_instrument
aging__scz,scz,YPEL1,ENSG00000100027,eQTL,ENSG00000100027.17,Brain_Putamen_basal_ganglia,,0.016,abf,,,,0.0006,,,,False,no_instrument,neither_no_instrument
aging__scz,scz,CRELD2,ENSG00000184164,eQTL,ENSG00000184164.15,Brain_Putamen_basal_ganglia,,0.3797,abf,,,,0.0006,,,,False,no_instrument,neither_no_instrument
aging__scz,scz,GPM6A,ENSG00000150625,eQTL,ENSG00000150625.17,Brain_Putamen_basal_ganglia,,0.0176,abf,,,,0.0006,,,,False,no_instrument,neither_no_instrument
aging__scz,scz,TMED4,ENSG00000158604,eQTL,ENSG00000158604.16,Brain_Putamen_basal_ganglia,,0.8955,abf,,,,0.0006,,,,False,no_instrument,coloc_no_instrument
aging__scz,scz,ZDHHC12,ENSG00000160446,eQTL,ENSG00000160446.19,Brain_Putamen_basal_ganglia,,0.0563,abf,,,,0.0006,,,,False,no_instrument,neither_no_instrument
aging__scz,scz,DGKZ,ENSG00000149091,eQTL,ENSG00000149091.15,Brain_Spinal_cord_cervical_c-1,,0.0353,abf,,,,0.0006,,,,False,no_instrument,neither_no_instrument
aging__scz,scz,IRF3,ENSG00000126456,eQTL,ENSG00000126456.16,Brain_Spinal_cord_cervical_c-1,,0.0636,abf,,,,0.0006,,,,False,no_instrument,neither_no_instrument
aging__scz,scz,ACTR1B,ENSG00000115073,eQTL,ENSG00000115073.8,Brain_Spinal_cord_cervical_c-1,,0.8973,abf,,,,0.0006,,,,False,no_instrument,coloc_no_instrument
aging__scz,scz,YWHAB,ENSG00000166913,eQTL,ENSG00000166913.13,Brain_Spinal_cord_cervical_c-1,,0.2288,abf,,,,0.0006,,,,False,no_instrument,neither_no_instrument
aging__scz,scz,ZDHHC12,ENSG00000160446,eQTL,ENSG00000160446.19,Brain_Spinal_cord_cervical_c-1,,0.1718,abf,,,,0.0006,,,,False,no_instrument,neither_no_instrument
aging__scz,scz,MAP7D1,ENSG00000116871,eQTL,ENSG00000116871.16,Brain_Substantia_nigra,,0.4808,abf,,,,0.0006,,,,False,no_instrument,neither_no_instrument
aging__scz,scz,CDIP1,ENSG00000089486,eQTL,ENSG00000089486.17,Brain_Substantia_nigra,,0.5617,abf,,,,0.0006,,,,False,no_instrument,neither_no_instrument
aging__scz,scz,IRF3,ENSG00000126456,eQTL,ENSG00000126456.16,Brain_Substantia_nigra,,0.0738,abf,,,,0.0006,,,,False,no_instrument,neither_no_instrument
aging__scz,scz,PPIL2,ENSG00000100023,eQTL,ENSG00000100023.20,Brain_Substantia_nigra,,0.8666,abf,,,,0.0006,,,,False,no_instrument,coloc_no_instrument
aging__scz,scz,CRELD2,ENSG00000184164,eQTL,ENSG00000184164.15,Brain_Substantia_nigra,,0.4422,abf,,,,0.0006,,,,False,no_instrument,neither_no_instrument
aging__scz,scz,ZDHHC12,ENSG00000160446,eQTL,ENSG00000160446.19,Brain_Substantia_nigra,,0.061,abf,,,,0.0006,,,,False,no_instrument,neither_no_instrument
brainseq-sczd__scz,scz,ACTR1B,ENSG00000115073,eQTL,ENSG00000115073.8,Brain_Amygdala,,0.0317,abf,,,,0.0031,,,,False,no_instrument,neither_no_instrument
brainseq-sczd__scz,scz,ACTR1B,ENSG00000115073,eQTL,ENSG00000115073.8,Brain_Anterior_cingulate_cortex_BA24,,0.8861,abf,,,,0.0031,,,,False,no_instrument,coloc_no_instrument
brainseq-sczd__scz,scz,GLYCTK,ENSG00000168237,eQTL,ENSG00000168237.18,Brain_Anterior_cingulate_cortex_BA24,,0.4989,abf,,,,0.0031,,,,False,no_instrument,neither_no_instrument
brainseq-sczd__scz,scz,ZFYVE21,ENSG00000100711,eQTL,ENSG00000100711.14,Brain_Caudate_basal_ganglia,,0.06,abf,,,,0.0031,,,,False,no_instrument,neither_no_instrument
brainseq-sczd__scz,scz,TUBGCP4,ENSG00000137822,eQTL,ENSG00000137822.13,Brain_Cerebellum,,0.0256,abf,,,,0.0031,,,,False,no_instrument,neither_no_instrument
brainseq-sczd__scz,scz,TAOK2,ENSG00000149930,eQTL,ENSG00000149930.18,Brain_Cerebellum,,0.1053,abf,,,,0.0031,,,,False,no_instrument,neither_no_instrument
brainseq-sczd__scz,scz,ACTR1B,ENSG00000115073,eQTL,ENSG00000115073.8,Brain_Frontal_Cortex_BA9,,0.9311,abf,,,,0.0031,,,,False,no_instrument,coloc_no_instrument
brainseq-sczd__scz,scz,CATSPER2,ENSG00000166762,eQTL,ENSG00000166762.19,Brain_Hippocampus,,0.039,abf,,,,0.0031,,,,False,no_instrument,neither_no_instrument
brainseq-sczd__scz,scz,ACTR1B,ENSG00000115073,eQTL,ENSG00000115073.8,Brain_Hippocampus,,0.9625,abf,,,,0.0031,,,,False,no_instrument,coloc_no_instrument
brainseq-sczd__scz,scz,IDH3B,ENSG00000101365,eQTL,ENSG00000101365.22,Brain_Hippocampus,,0.6619,abf,,,,0.0031,,,,False,no_instrument,neither_no_instrument
brainseq-sczd__scz,scz,ZFYVE21,ENSG00000100711,eQTL,ENSG00000100711.14,Brain_Nucleus_accumbens_basal_ganglia,,0.1128,abf,,,,0.0031,,,,False,no_instrument,neither_no_instrument
brainseq-sczd__scz,scz,ACTR1B,ENSG00000115073,eQTL,ENSG00000115073.8,Brain_Nucleus_accumbens_basal_ganglia,,0.9583,abf,,,,0.0031,,,,False,no_instrument,coloc_no_instrument
brainseq-sczd__scz,scz,MRPS33,ENSG00000090263,eQTL,ENSG00000090263.16,Brain_Nucleus_accumbens_basal_ganglia,,0.5796,abf,,,,0.0031,,,,False,no_instrument,neither_no_instrument
brainseq-sczd__scz,scz,ZFYVE21,ENSG00000100711,eQTL,ENSG00000100711.14,Brain_Putamen_basal_ganglia,,0.0396,abf,,,,0.0031,,,,False,no_instrument,neither_no_instrument
brainseq-sczd__scz,scz,LPCAT4,ENSG00000176454,eQTL,ENSG00000176454.15,Brain_Putamen_basal_ganglia,,0.0074,abf,,,,0.0031,,,,False,no_instrument,neither_no_instrument
brainseq-sczd__scz,scz,ACTR1B,ENSG00000115073,eQTL,ENSG00000115073.8,Brain_Spinal_cord_cervical_c-1,,0.8973,abf,,,,0.0031,,,,False,no_instrument,coloc_no_instrument
aging__ad,ad,SLC39A13,ENSG00000165915,sQTL,chr11:47412467:47413597:clu_9384_+:ENSG00000165915.14,Brain_Spinal_cord_cervical_c-1,rs10437655,0.9871,abf,-0.095,0.0169,2.07e-08,0.001,0.195,20.0,96.9484,False,smr_heidi_supported,coloc_and_smr_heidi_not_rejected
aging__ad,ad,PICALM,ENSG00000073921,sQTL,chr11:85974812:85981129:clu_9271_-:ENSG00000073921.18,Brain_Cortex,rs683912,0.8178,abf,-0.309,0.0589,1.49e-07,0.001,0.17,20.0,34.7212,False,smr_heidi_supported,coloc_and_smr_heidi_not_rejected
aging__ad,ad,SLC39A13,ENSG00000165915,sQTL,chr11:47412467:47413597:clu_9651_+:ENSG00000165915.14,Brain_Hippocampus,rs2293576,0.9827,abf,-0.0621,0.0124,5.74e-07,0.001,0.0109,20.0,132.0304,False,smr_heidi_supported,coloc_and_smr_heidi_not_rejected
aging__ad,ad,BCKDK,ENSG00000103507,sQTL,chr16:31115869:31117062:clu_22454_+:ENSG00000103507.14,Brain_Cerebellum,rs889555,0.9949,susie,-0.0832,0.0171,1.18e-06,0.001,0.343,20.0,64.589,False,smr_heidi_supported,coloc_and_smr_heidi_not_rejected
aging__ad,ad,BCKDK,ENSG00000103507,sQTL,chr16:31115869:31117062:clu_22227_+:ENSG00000103507.14,Brain_Cerebellar_Hemisphere,rs1060506,0.9937,susie,-0.0801,0.0169,2.01e-06,0.001,0.545,20.0,66.5955,False,smr_heidi_supported,coloc_and_smr_heidi_not_rejected
aging__ad,ad,INTS8,ENSG00000164941,sQTL,chr8:94873477:94874552:clu_55382_+:ENSG00000164941.15,Brain_Cerebellum,rs13254283,0.9306,susie,0.066,0.0139,2.18e-06,0.001,0.186,20.0,75.9258,False,smr_heidi_supported,coloc_and_smr_heidi_not_rejected
aging__ad,ad,SIRPA,ENSG00000198053,sQTL,chr20:1915455:1921395:clu_35857_+:ENSG00000198053.12,Brain_Caudate_basal_ganglia,rs56301259,0.9627,abf,0.0311,0.00696,7.81e-06,0.001,0.922,18.0,531.0354,False,smr_heidi_supported,coloc_and_smr_heidi_not_rejected
aging__ad,ad,SIRPA,ENSG00000198053,sQTL,chr20:1915455:1921395:clu_34267_+:ENSG00000198053.12,Brain_Frontal_Cortex_BA9,rs56301259,0.964,abf,0.0316,0.00709,8.35e-06,0.001,0.88,16.0,453.2229,False,smr_heidi_supported,coloc_and_smr_heidi_not_rejected
aging__ad,ad,SIRPA,ENSG00000198053,sQTL,chr20:1915455:1921395:clu_36689_+:ENSG00000198053.12,Brain_Cerebellum,rs56301259,0.9654,abf,0.0313,0.00703,8.42e-06,0.001,0.921,16.0,446.0554,False,smr_heidi_supported,coloc_and_smr_heidi_not_rejected
aging__ad,ad,SIRPA,ENSG00000198053,sQTL,chr20:1915455:1921395:clu_36365_+:ENSG00000198053.12,Brain_Cerebellar_Hemisphere,rs56301259,0.9654,abf,0.0292,0.00656,8.57e-06,0.001,0.951,16.0,429.1159,False,smr_heidi_supported,coloc_and_smr_heidi_not_rejected
aging__ad,ad,SIRPA,ENSG00000198053,sQTL,chr20:1915455:1921395:clu_32650_+:ENSG00000198053.12,Brain_Putamen_basal_ganglia,rs56301259,0.9654,abf,0.0309,0.00696,8.66e-06,0.001,0.917,17.0,420.1066,False,smr_heidi_supported,coloc_and_smr_heidi_not_rejected
aging__ad,ad,SIRPA,ENSG00000198053,sQTL,chr20:1924877:1927875:clu_35202_+:ENSG00000198053.12,Brain_Hypothalamus,rs56301259,0.9614,abf,-0.03,0.00676,9.01e-06,0.001,0.931,14.0,388.6218,False,smr_heidi_supported,coloc_and_smr_heidi_not_rejected
aging__ad,ad,SIRPA,ENSG00000198053,sQTL,chr20:1915455:1921395:clu_31992_+:ENSG00000198053.12,Brain_Spinal_cord_cervical_c-1,rs56301259,0.9647,abf,0.0301,0.00682,1.02e-05,0.001,0.997,13.0,312.5632,False,smr_heidi_supported,coloc_and_smr_heidi_not_rejected
aging__ad,ad,SIRPA,ENSG00000198053,sQTL,chr20:1915455:1921395:clu_29026_+:ENSG00000198053.12,Brain_Amygdala,rs56301259,0.9604,abf,0.0309,0.00703,1.09e-05,0.001,0.954,13.0,282.826,False,smr_heidi_supported,coloc_and_smr_heidi_not_rejected
aging__ad,ad,BCKDK,ENSG00000103507,sQTL,chr16:31115869:31117463:clu_19555_+:ENSG00000103507.14,Brain_Spinal_cord_cervical_c-1,rs889555,0.9953,susie,-0.103,0.0233,1.09e-05,0.001,0.33,20.0,40.287,False,smr_heidi_supported,coloc_and_smr_heidi_not_rejected
aging__ad,ad,ZNF232,ENSG00000167840,sQTL,chr17:5111219:5111800:clu_20383_-:ENSG00000167840.14,Brain_Spinal_cord_cervical_c-1,rs73976311,0.8988,abf,-0.0727,0.0166,1.17e-05,0.001,0.0204,14.0,41.695,False,smr_heidi_supported,coloc_and_smr_heidi_not_rejected
aging__ad,ad,SIRPA,ENSG00000198053,sQTL,chr20:1915455:1921395:clu_32245_+:ENSG00000198053.12,Brain_Anterior_cingulate_cortex_BA24,rs4813322,0.9654,abf,0.029,0.0067,1.52e-05,0.001,0.929,18.0,401.1155,False,smr_heidi_supported,coloc_and_smr_heidi_not_rejected
aging__ad,ad,YPEL3,ENSG00000090238,sQTL,chr16:30095335:30096097:clu_20984_-:ENSG00000090238.12,Brain_Frontal_Cortex_BA9,rs9932605,0.8448,abf,-0.11,0.0257,1.81e-05,0.001,0.262,13.0,45.04,False,smr_heidi_supported,coloc_and_smr_heidi_not_rejected
aging__ad,ad,SIRPA,ENSG00000198053,sQTL,chr20:1915455:1921395:clu_35448_+:ENSG00000198053.12,Brain_Cortex,rs6136377,0.9566,abf,0.0285,0.00667,1.93e-05,0.001,0.942,16.0,525.8096,False,smr_heidi_supported,coloc_and_smr_heidi_not_rejected
aging__ad,ad,SIRPA,ENSG00000198053,sQTL,chr20:1915455:1921395:clu_35009_+:ENSG00000198053.12,Brain_Nucleus_accumbens_basal_ganglia,rs6136377,0.9362,abf,0.0289,0.00678,2.07e-05,0.001,0.925,17.0,432.984,False,smr_heidi_supported,coloc_and_smr_heidi_not_rejected
aging__ad,ad,SIRPA,ENSG00000198053,sQTL,chr20:1915455:1921395:clu_33227_+:ENSG00000198053.12,Brain_Hippocampus,rs6136377,0.9503,abf,0.0298,0.00703,2.26e-05,0.001,0.91,16.0,356.8665,False,smr_heidi_supported,coloc_and_smr_heidi_not_rejected
aging__ad,ad,SIRPA,ENSG00000198053,sQTL,chr20:1915455:1921395:clu_30755_+:ENSG00000198053.12,Brain_Substantia_nigra,rs59317774,0.9551,abf,0.0297,0.00709,2.81e-05,0.001,0.9,13.0,242.3527,False,smr_heidi_supported,coloc_and_smr_heidi_not_rejected
aging__ad,ad,BCKDK,ENSG00000103507,sQTL,chr16:31115869:31117463:clu_19749_+:ENSG00000103507.14,Brain_Frontal_Cortex_BA9,rs1060506,0.9926,susie,-0.115,0.0277,3.6e-05,0.001,0.253,14.0,34.1113,False,smr_heidi_supported,coloc_and_smr_heidi_not_rejected
aging__ad,ad,ITGB1BP1,ENSG00000119185,sQTL,chr2:9418732:9418818:clu_31600_-:ENSG00000119185.13,Brain_Cerebellar_Hemisphere,rs10169262,0.9788,susie,-0.131,0.032,4e-05,0.001,0.273,18.0,39.7086,False,smr_heidi_supported,coloc_and_smr_heidi_not_rejected
aging__ad,ad,RAD51C,ENSG00000108384,sQTL,chr17:58692959:58694931:clu_25323_+:ENSG00000108384.16,Brain_Cortex,rs2526378,0.9918,susie,-0.0873,0.0218,5.98e-05,0.001,0.721,12.0,37.9113,False,smr_heidi_supported,coloc_and_smr_heidi_not_rejected
aging__ad,ad,ITGB1BP1,ENSG00000119185,sQTL,chr2:9418732:9418818:clu_31885_-:ENSG00000119185.13,Brain_Cerebellum,rs56063038,0.9765,susie,-0.113,0.0282,6.3e-05,0.001,0.682,15.0,40.1497,False,smr_heidi_supported,coloc_and_smr_heidi_not_rejected
aging__ad,ad,ITGB1BP1,ENSG00000119185,sQTL,chr2:9418732:9419990:clu_29580_-:ENSG00000119185.13,Brain_Frontal_Cortex_BA9,rs55793962,0.9513,susie,0.0901,0.0228,7.98e-05,0.001,0.0359,18.0,38.793,False,smr_heidi_supported,coloc_and_smr_heidi_not_rejected
aging__ad,ad,TPCN1,ENSG00000186815,sQTL,chr12:113280195:113283693:clu_12860_+:ENSG00000186815.13,Brain_Cerebellar_Hemisphere,rs61932122,0.861,susie,0.0507,0.013,9.84e-05,0.001,0.343,20.0,87.4088,False,smr_heidi_supported,coloc_and_smr_heidi_not_rejected
aging__ad,ad,ITGB1BP1,ENSG00000119185,sQTL,chr2:9418732:9418818:clu_30573_-:ENSG00000119185.13,Brain_Cortex,rs55793962,0.9553,susie,-0.0977,0.0255,0.000124,0.001,0.287,8.0,34.0024,False,smr_heidi_supported,coloc_and_smr_heidi_not_rejected
aging__ad,ad,SPAG9,ENSG00000008294,sQTL,chr17:50974538:50974771:clu_23408_-:ENSG00000008294.22,Brain_Hypothalamus,rs12952078,0.8388,abf,0.0539,0.0142,0.000144,0.001,0.557,20.0,113.7526,False,smr_heidi_supported,coloc_and_smr_heidi_not_rejected
aging__ad,ad,SPAG9,ENSG00000008294,sQTL,chr17:50974538:50974771:clu_23840_-:ENSG00000008294.22,Brain_Caudate_basal_ganglia,rs9675254,0.8087,abf,0.0529,0.0142,0.000201,0.001,0.367,20.0,101.3638,False,smr_heidi_supported,coloc_and_smr_heidi_not_rejected
aging__ad,ad,TPCN1,ENSG00000186815,sQTL,chr12:113280195:113284581:clu_14660_+:ENSG00000186815.13,Brain_Cerebellum,rs61943639,0.8357,susie,-0.062,0.0167,0.000207,0.001,0.745,10.0,38.1661,False,smr_heidi_supported,coloc_and_smr_heidi_not_rejected
aging__ad,ad,SPAG9,ENSG00000008294,sQTL,chr17:50974538:50974771:clu_19154_-:ENSG00000008294.22,Brain_Amygdala,rs11652633,0.8111,abf,0.0505,0.0137,0.000235,0.001,0.499,20.0,74.164,False,smr_heidi_supported,coloc_and_smr_heidi_not_rejected
aging__ad,ad,IFNAR2,ENSG00000159110,sQTL,chr21:33245074:33246718:clu_37331_+:ENSG00000159110.22,Brain_Cerebellar_Hemisphere,rs9975538,0.8614,abf,0.0608,0.0166,0.000251,0.001,0.0143,10.0,67.2699,False,smr_heidi_supported,coloc_and_smr_heidi_not_rejected
aging__ad,ad,IFNAR2,ENSG00000159110,sQTL,chr21:33260727:33262793:clu_37976_+:ENSG00000159110.22,Brain_Cerebellum,rs9975538,0.8643,abf,-0.0535,0.0146,0.000255,0.001,0.011,14.0,66.6399,False,smr_heidi_supported,coloc_and_smr_heidi_not_rejected
aging__ad,ad,SPAG9,ENSG00000008294,sQTL,chr17:50974538:50974771:clu_21988_-:ENSG00000008294.22,Brain_Hippocampus,rs8072759,0.8234,abf,0.0394,0.0108,0.00026,0.001,0.258,20.0,153.2363,False,smr_heidi_supported,coloc_and_smr_heidi_not_rejected
aging__ad,ad,SPAG9,ENSG00000008294,sQTL,chr17:50974538:50974771:clu_20341_-:ENSG00000008294.22,Brain_Substantia_nigra,rs8072759,0.8205,abf,0.0404,0.0112,0.000315,0.001,0.187,20.0,116.0779,False,smr_heidi_supported,coloc_and_smr_heidi_not_rejected
aging__ad,ad,SPAG9,ENSG00000008294,sQTL,chr17:50974538:50974771:clu_21646_-:ENSG00000008294.22,Brain_Putamen_basal_ganglia,rs17651875,0.8269,abf,0.0456,0.0128,0.00038,0.001,0.104,20.0,113.4776,False,smr_heidi_supported,coloc_and_smr_heidi_not_rejected
aging__ad,ad,INTS8,ENSG00000164941,sQTL,chr8:94873477:94874552:clu_53411_+:ENSG00000164941.15,Brain_Nucleus_accumbens_basal_ganglia,rs1129152,0.9397,susie,0.0614,0.0177,0.000508,0.001,0.0733,20.0,39.6184,False,smr_heidi_supported,coloc_and_smr_heidi_not_rejected
aging__ad,ad,SPAG9,ENSG00000008294,sQTL,chr17:50974538:50974771:clu_21398_-:ENSG00000008294.22,Brain_Anterior_cingulate_cortex_BA24,rs11653350,0.8229,abf,0.0801,0.0232,0.000563,0.001,0.432,16.0,44.2234,False,smr_heidi_supported,coloc_and_smr_heidi_not_rejected
aging__ad,ad,INTS8,ENSG00000164941,sQTL,chr8:94873477:94874552:clu_53511_+:ENSG00000164941.15,Brain_Hypothalamus,rs1129152,0.8279,susie,0.0609,0.0178,0.000613,0.001,0.0336,20.0,36.0679,False,smr_heidi_supported,coloc_and_smr_heidi_not_rejected
aging__ad,ad,VWA5B2,ENSG00000145198,sQTL,chr3:184233409:184233576:clu_34181_+:ENSG00000145198.15,Brain_Amygdala,rs875038,0.8636,abf,0.0585,0.0173,0.00071,0.001,0.156,15.0,32.8045,False,smr_heidi_supported,coloc_and_smr_heidi_not_rejected
aging__ad,ad,INTS8,ENSG00000164941,sQTL,chr8:94874602:94876074:clu_50513_+:ENSG00000164941.15,Brain_Hippocampus,rs1129152,0.9252,abf,-0.0685,0.0204,0.00079,0.001,0.0809,20.0,31.9624,False,smr_heidi_supported,coloc_and_smr_heidi_not_rejected
aging__ad,ad,SPAG9,ENSG00000008294,sQTL,chr17:50970856:50974771:clu_23451_-:ENSG00000008294.22,Brain_Cortex,rs17651875,0.8016,abf,-0.0709,0.0214,0.000899,0.001,0.107,12.0,49.2224,False,smr_heidi_supported,coloc_and_smr_heidi_not_rejected
aging__ad,ad,IFNAR2,ENSG00000159110,sQTL,chr21:33245074:33246718:clu_33128_+:ENSG00000159110.22,Brain_Spinal_cord_cervical_c-1,rs17860165,0.865,abf,0.0788,0.0238,0.000946,0.001,0.00419,6.0,32.5897,False,smr_signal_heidi_rejects,coloc_and_smr_heidi_rejected
aging__ad,ad,COG7,ENSG00000168434,sQTL,chr16:23389086:23392380:clu_16338_-:ENSG00000168434.13,Brain_Amygdala,rs250583,0.8366,abf,-0.0571,0.0175,0.00111,0.001,0.513,20.0,36.9203,False,instrumented_tested_null,coloc_smr_not_significant
aging__ad,ad,IFNAR2,ENSG00000159110,sQTL,chr21:33246482:33246718:clu_37122_+:ENSG00000159110.22,Brain_Caudate_basal_ganglia,rs2300371,0.855,abf,-0.0785,0.0245,0.00133,0.001,0.0549,4.0,31.531,False,instrumented_tested_null,coloc_smr_not_significant
aging__ad,ad,IFNAR2,ENSG00000159110,sQTL,chr21:33245074:33246718:clu_35950_+:ENSG00000159110.22,Brain_Nucleus_accumbens_basal_ganglia,rs17860241,0.8701,abf,0.0758,0.0237,0.00137,0.001,0.491,6.0,29.717,False,instrumented_tested_null,coloc_smr_not_significant
aging__ad,ad,PILRB,ENSG00000121716,sQTL,chr7:100358366:100358933:clu_46347_+:ENSG00000121716.21,Brain_Putamen_basal_ganglia,rs73401451,0.9985,susie,-0.00499,0.0141,0.722,0.001,0.00159,20.0,64.3307,False,instrumented_tested_null,coloc_smr_not_significant
aging__ad,ad,DOC2A,ENSG00000149927,sQTL,chr16:30007090:30007173:clu_16429_-:ENSG00000149927.18,Brain_Amygdala,,0.8808,abf,,,,0.001,,,,False,no_instrument,coloc_no_instrument
aging__ad,ad,AKT1,ENSG00000142208,sQTL,chr14:104770847:104771722:clu_16750_-:ENSG00000142208.19,Brain_Caudate_basal_ganglia,,0.8404,abf,,,,0.001,,,,False,no_instrument,coloc_no_instrument
aging__ad,ad,YPEL3,ENSG00000090238,sQTL,chr16:30094897:30095252:clu_21978_-:ENSG00000090238.12,Brain_Caudate_basal_ganglia,,0.8216,abf,,,,0.001,,,,False,no_instrument,coloc_no_instrument
aging__ad,ad,SPI1,ENSG00000066336,sQTL,chr11:47383832:47408952:clu_8687_-:ENSG00000066336.13,Brain_Cerebellar_Hemisphere,,0.9258,abf,,,,0.001,,,,False,no_instrument,coloc_no_instrument
aging__ad,ad,NDUFS3,ENSG00000213619,sQTL,chr11:47565986:47571471:clu_10365_+:ENSG00000213619.11,Brain_Cerebellar_Hemisphere,,0.8639,abf,,,,0.001,,,,False,no_instrument,coloc_no_instrument
aging__ad,ad,INO80E,ENSG00000169592,sQTL,chr16:30001040:30001212:clu_22136_+:ENSG00000169592.15,Brain_Cerebellar_Hemisphere,,0.8147,susie,,,,0.001,,,,False,no_instrument,coloc_no_instrument
aging__ad,ad,INO80E,ENSG00000169592,sQTL,chr16:30004657:30005221:clu_22358_+:ENSG00000169592.15,Brain_Cerebellum,,0.9031,susie,,,,0.001,,,,False,no_instrument,coloc_no_instrument
aging__ad,ad,IFNAR2,ENSG00000159110,sQTL,chr21:33245074:33246718:clu_34101_+:ENSG00000159110.22,Brain_Hippocampus,,0.8404,abf,,,,0.001,,,,False,no_instrument,coloc_no_instrument
aging__ad,ad,INO80E,ENSG00000169592,sQTL,chr16:30004657:30005221:clu_21393_+:ENSG00000169592.15,Brain_Nucleus_accumbens_basal_ganglia,,0.8324,abf,,,,0.001,,,,False,no_instrument,coloc_no_instrument
aging__ad,ad,ITGB1BP1,ENSG00000119185,sQTL,chr2:9418732:9419990:clu_30210_-:ENSG00000119185.13,Brain_Nucleus_accumbens_basal_ganglia,,0.947,susie,,,,0.001,,,,False,no_instrument,coloc_no_instrument
aging__ad,ad,YPEL3,ENSG00000090238,sQTL,chr16:30094897:30095252:clu_18549_-:ENSG00000090238.12,Brain_Putamen_basal_ganglia,,0.8624,abf,,,,0.001,,,,False,no_instrument,coloc_no_instrument
aging__ad,ad,IFNAR2,ENSG00000159110,sQTL,chr21:33245074:33246718:clu_33527_+:ENSG00000159110.22,Brain_Putamen_basal_ganglia,,0.843,abf,,,,0.001,,,,False,no_instrument,coloc_no_instrument
aging__ad,ad,SERPINB1,ENSG00000021355,sQTL,chr6:2840594:2841216:clu_41942_-:ENSG00000021355.13,Brain_Spinal_cord_cervical_c-1,,0.9172,abf,,,,0.001,,,,False,no_instrument,coloc_no_instrument
aging__ad,ad,YPEL3,ENSG00000090238,sQTL,chr16:30094897:30095252:clu_17484_-:ENSG00000090238.12,Brain_Substantia_nigra,,0.9352,abf,,,,0.001,,,,False,no_instrument,coloc_no_instrument
aging__als,als,C9orf72,ENSG00000147894,sQTL,chr9:27567164:27573431:clu_55430_-:ENSG00000147894.17,Brain_Cerebellar_Hemisphere,rs2453554,0.9884,abf,-0.157,0.0177,6.53e-19,0.0013,0.156,20.0,136.4937,False,smr_heidi_supported,coloc_and_smr_heidi_not_rejected
aging__als,als,C9orf72,ENSG00000147894,sQTL,chr9:27556796:27558491:clu_55922_-:ENSG00000147894.17,Brain_Cerebellum,rs2453554,0.9912,abf,-0.235,0.0284,1.48e-16,0.0013,0.00468,20.0,107.3306,False,smr_signal_heidi_rejects,coloc_and_smr_heidi_rejected
aging__als,als,C9orf72,ENSG00000147894,sQTL,chr9:27567164:27573431:clu_53941_-:ENSG00000147894.17,Brain_Nucleus_accumbens_basal_ganglia,rs812858,0.9836,abf,-0.22,0.0318,4.68e-12,0.0013,0.0579,20.0,64.7624,False,smr_heidi_supported,coloc_and_smr_heidi_not_rejected
aging__als,als,UNC13A,ENSG00000130477,sQTL,chr19:17630750:17632782:clu_28681_-:ENSG00000130477.16,Brain_Cerebellum,rs4239633,0.9589,susie,-0.165,0.0255,9.03e-11,0.0013,0.166,6.0,87.9665,False,smr_heidi_supported,coloc_and_smr_heidi_not_rejected
aging__als,als,UNC13A,ENSG00000130477,sQTL,chr19:17630750:17632782:clu_28403_-:ENSG00000130477.16,Brain_Cerebellar_Hemisphere,rs4239633,0.9359,susie,-0.184,0.0284,9.5e-11,0.0013,0.205,6.0,87.5291,False,smr_heidi_supported,coloc_and_smr_heidi_not_rejected
aging__als,als,C9orf72,ENSG00000147894,sQTL,chr9:27567164:27573431:clu_55126_-:ENSG00000147894.17,Brain_Caudate_basal_ganglia,rs12554036,0.9664,abf,-0.249,0.0395,3.22e-10,0.0013,0.284,20.0,50.6298,False,smr_heidi_supported,coloc_and_smr_heidi_not_rejected
aging__als,als,C9orf72,ENSG00000147894,sQTL,chr9:27567164:27573431:clu_51039_-:ENSG00000147894.17,Brain_Hippocampus,rs3849945,0.9844,abf,-0.264,0.0452,5.48e-09,0.0013,0.484,20.0,41.6326,False,smr_heidi_supported,coloc_and_smr_heidi_not_rejected
aging__als,als,C9orf72,ENSG00000147894,sQTL,chr9:27567164:27573431:clu_49630_-:ENSG00000147894.17,Brain_Anterior_cingulate_cortex_BA24,rs11789520,0.9105,abf,-0.263,0.05,1.44e-07,0.0013,0.0693,20.0,32.7597,False,smr_heidi_supported,coloc_and_smr_heidi_not_rejected
aging__als,als,C9orf72,ENSG00000147894,sQTL,chr9:27567164:27573431:clu_52812_-:ENSG00000147894.17,Brain_Frontal_Cortex_BA9,rs2492816,0.8306,abf,-0.176,0.034,2.47e-07,0.0013,0.00839,20.0,41.5419,False,smr_signal_heidi_rejects,coloc_and_smr_heidi_rejected
aging__als,als,SCFD1,ENSG00000092108,sQTL,chr14:30622399:30630477:clu_15787_+:ENSG00000092108.22,Brain_Hypothalamus,rs1840399,0.8562,abf,-0.184,0.0415,9.15e-06,0.0013,0.401,17.0,31.1879,False,smr_heidi_supported,coloc_and_smr_heidi_not_rejected
aging__als,als,TPP1,ENSG00000166340,sQTL,chr11:6611818:6611958:clu_8487_-:ENSG00000166340.18,Brain_Cerebellum,rs2072651,0.9958,abf,-0.124,0.0297,2.99e-05,0.0013,0.95,11.0,54.5035,False,smr_heidi_supported,coloc_and_smr_heidi_not_rejected
aging__als,als,FNBP1,ENSG00000187239,sQTL,chr9:129957464:129958491:clu_55202_-:ENSG00000187239.19,Brain_Cortex,rs17519205,0.8819,abf,-0.0422,0.0103,3.86e-05,0.0013,0.226,20.0,348.75,False,smr_heidi_supported,coloc_and_smr_heidi_not_rejected
aging__als,als,FNBP1,ENSG00000187239,sQTL,chr9:129957464:129958491:clu_54785_-:ENSG00000187239.19,Brain_Nucleus_accumbens_basal_ganglia,rs17519205,0.8819,abf,-0.0468,0.0114,4.03e-05,0.0013,0.228,20.0,318.2815,False,smr_heidi_supported,coloc_and_smr_heidi_not_rejected
aging__als,als,TMEM175,ENSG00000127419,sQTL,chr4:932540:947709:clu_41883_+:ENSG00000127419.17,Brain_Cortex,rs34884217,0.998,susie,-0.0907,0.0223,4.88e-05,0.0013,0.426,20.0,76.5046,False,smr_heidi_supported,coloc_and_smr_heidi_not_rejected
aging__als,als,FNBP1,ENSG00000187239,sQTL,chr9:129957464:129958491:clu_50404_-:ENSG00000187239.19,Brain_Anterior_cingulate_cortex_BA24,rs17519205,0.8437,abf,-0.0493,0.0123,5.92e-05,0.0013,0.208,20.0,171.4717,False,smr_heidi_supported,coloc_and_smr_heidi_not_rejected
aging__als,als,RPS6KL1,ENSG00000198208,sQTL,chr14:74921561:74923180:clu_17613_-:ENSG00000198208.12,Brain_Cerebellum,rs2286914,0.9122,abf,0.0576,0.0146,7.62e-05,0.0013,0.302,20.0,144.6445,False,smr_heidi_supported,coloc_and_smr_heidi_not_rejected
aging__als,als,PRDM2,ENSG00000116731,sQTL,chr1:13816570:13823159:clu_3143_+:ENSG00000116731.23,Brain_Nucleus_accumbens_basal_ganglia,rs2744682,0.9452,abf,-0.059,0.015,8.36e-05,0.0013,0.887,20.0,134.5005,False,smr_heidi_supported,coloc_and_smr_heidi_not_rejected
aging__als,als,FNBP1,ENSG00000187239,sQTL,chr9:129957464:129958491:clu_54899_-:ENSG00000187239.19,Brain_Hypothalamus,rs1472686,0.8212,abf,-0.0472,0.012,8.74e-05,0.0013,0.398,20.0,234.8725,False,smr_heidi_supported,coloc_and_smr_heidi_not_rejected
aging__als,als,PRDM2,ENSG00000116731,sQTL,chr1:13816570:13823159:clu_3177_+:ENSG00000116731.23,Brain_Cortex,rs2744682,0.9642,abf,-0.0586,0.015,9.19e-05,0.0013,0.882,20.0,122.0886,False,smr_heidi_supported,coloc_and_smr_heidi_not_rejected
aging__als,als,TMEM175,ENSG00000127419,sQTL,chr4:948615:950424:clu_42988_+:ENSG00000127419.17,Brain_Cerebellar_Hemisphere,rs873786,0.9987,susie,0.15,0.0385,9.93e-05,0.0013,0.808,20.0,32.9253,False,smr_heidi_supported,coloc_and_smr_heidi_not_rejected
aging__als,als,PTPRN,ENSG00000054356,sQTL,chr2:219295141:219296226:clu_33549_-:ENSG00000054356.14,Brain_Cerebellum,rs6436132,0.8806,susie,-0.0986,0.0255,0.000113,0.0013,0.962,20.0,44.0136,False,smr_heidi_supported,coloc_and_smr_heidi_not_rejected
aging__als,als,PTPRN,ENSG00000054356,sQTL,chr2:219295141:219296226:clu_32270_-:ENSG00000054356.14,Brain_Cortex,rs6436132,0.8794,susie,-0.12,0.0313,0.000118,0.0013,0.663,12.0,43.3529,False,smr_heidi_supported,coloc_and_smr_heidi_not_rejected
aging__als,als,TXNDC15,ENSG00000113621,sQTL,chr5:134874530:134893492:clu_45379_+:ENSG00000113621.15,Brain_Caudate_basal_ganglia,rs58746189,0.9692,abf,-0.113,0.0294,0.000119,0.0013,0.346,20.0,58.4274,False,smr_heidi_supported,coloc_and_smr_heidi_not_rejected
aging__als,als,PTPRN,ENSG00000054356,sQTL,chr2:219295141:219295897:clu_31852_-:ENSG00000054356.14,Brain_Nucleus_accumbens_basal_ganglia,rs6436132,0.9184,abf,0.193,0.0503,0.000125,0.0013,0.618,16.0,42.3686,False,smr_heidi_supported,coloc_and_smr_heidi_not_rejected
aging__als,als,GGNBP2,ENSG00000278311,sQTL,chr17:36560871:36567663:clu_25912_+:ENSG00000278311.5,Brain_Cerebellum,rs12603276,0.9119,susie,0.128,0.0349,0.000231,0.0013,0.117,13.0,31.7748,False,smr_heidi_supported,coloc_and_smr_heidi_not_rejected
aging__als,als,NME4,ENSG00000103202,sQTL,chr16:399739:400219:clu_20818_+:ENSG00000103202.13,Brain_Cortex,rs62030822,0.8661,abf,-0.116,0.032,0.000285,0.0013,0.343,20.0,58.8208,False,smr_heidi_supported,coloc_and_smr_heidi_not_rejected
aging__als,als,TMEM175,ENSG00000127419,sQTL,chr4:947892:948116:clu_43392_+:ENSG00000127419.17,Brain_Cerebellum,rs34884217,0.9965,susie,-0.149,0.0413,0.000314,0.0013,0.362,18.0,33.9484,False,smr_heidi_supported,coloc_and_smr_heidi_not_rejected
aging__als,als,PTPRN,ENSG00000054356,sQTL,chr2:219295966:219296226:clu_33276_-:ENSG00000054356.14,Brain_Cerebellar_Hemisphere,rs6436132,0.8805,susie,0.121,0.0335,0.000323,0.0013,0.564,8.0,30.333,False,smr_heidi_supported,coloc_and_smr_heidi_not_rejected
aging__als,als,PRDM2,ENSG00000116731,sQTL,chr1:13816570:13823159:clu_314_+:ENSG00000116731.23,Brain_Putamen_basal_ganglia,rs1046331,0.8564,abf,-0.124,0.035,0.000415,0.0013,0.914,20.0,39.2628,False,smr_heidi_supported,coloc_and_smr_heidi_not_rejected
aging__als,als,PRDM2,ENSG00000116731,sQTL,chr1:13816570:13823159:clu_311_+:ENSG00000116731.23,Brain_Anterior_cingulate_cortex_BA24,rs2473234,0.8255,abf,-0.0736,0.0209,0.000423,0.0013,0.814,20.0,58.2347,False,smr_heidi_supported,coloc_and_smr_heidi_not_rejected
aging__als,als,NSMAF,ENSG00000035681,sQTL,chr8:58635546:58642984:clu_54050_-:ENSG00000035681.10,Brain_Cerebellum,rs75712986,0.9399,abf,0.0913,0.026,0.000452,0.0013,0.127,10.0,48.57,False,smr_heidi_supported,coloc_and_smr_heidi_not_rejected
aging__als,als,PRDM2,ENSG00000116731,sQTL,chr1:13816570:13823159:clu_2742_+:ENSG00000116731.23,Brain_Substantia_nigra,rs2744689,0.9468,abf,-0.0967,0.0276,0.000463,0.0013,0.891,19.0,42.2116,False,smr_heidi_supported,coloc_and_smr_heidi_not_rejected
aging__als,als,TNFSF13,ENSG00000161955,sQTL,chr17:7559297:7559846:clu_22478_+:ENSG00000161955.17,Brain_Putamen_basal_ganglia,rs3803800,0.9107,abf,0.09,0.026,0.000537,0.0013,0.578,20.0,40.1851,False,smr_heidi_supported,coloc_and_smr_heidi_not_rejected
aging__als,als,TNFSF13,ENSG00000161955,sQTL,chr17:7559297:7559846:clu_22201_+:ENSG00000161955.17,Brain_Anterior_cingulate_cortex_BA24,rs3803800,0.9062,abf,0.0835,0.0247,0.00073,0.0013,0.692,11.0,34.4017,False,smr_heidi_supported,coloc_and_smr_heidi_not_rejected
aging__als,als,PRDM2,ENSG00000116731,sQTL,chr1:13816570:13823159:clu_2977_+:ENSG00000116731.23,Brain_Hippocampus,rs2744687,0.9005,abf,-0.0973,0.0293,0.000879,0.0013,0.616,18.0,49.6582,False,smr_heidi_supported,coloc_and_smr_heidi_not_rejected
aging__als,als,NSMAF,ENSG00000035681,sQTL,chr8:58635546:58642984:clu_53564_-:ENSG00000035681.10,Brain_Cerebellar_Hemisphere,rs79046832,0.8672,abf,0.0975,0.0307,0.00148,0.0013,0.32,6.0,44.711,False,instrumented_tested_null,coloc_smr_not_significant
aging__als,als,WIPI2,ENSG00000157954,sQTL,chr7:5229705:5230835:clu_50397_+:ENSG00000157954.15,Brain_Nucleus_accumbens_basal_ganglia,rs7777063,0.8925,abf,-0.097,0.031,0.00176,0.0013,0.0143,14.0,35.3413,False,instrumented_tested_null,coloc_smr_not_significant
aging__als,als,RPS6KL1,ENSG00000198208,sQTL,chr14:74921561:74923180:clu_16062_-:ENSG00000198208.12,Brain_Nucleus_accumbens_basal_ganglia,rs4899539,0.8292,abf,0.07,0.0288,0.0151,0.0013,0.32,20.0,39.3181,False,instrumented_tested_null,coloc_smr_not_significant
aging__als,als,RPS6KL1,ENSG00000198208,sQTL,chr14:74921561:74923180:clu_16461_-:ENSG00000198208.12,Brain_Cerebellar_Hemisphere,rs2159906,0.8584,abf,0.038,0.0159,0.017,0.0013,0.123,20.0,114.7206,False,instrumented_tested_null,coloc_smr_not_significant
aging__als,als,C9orf72,ENSG00000147894,sQTL,chr9:27567164:27573431:clu_54339_-:ENSG00000147894.17,Brain_Cortex,,0.9289,abf,,,,0.0013,,,,False,no_instrument,coloc_no_instrument
aging__als,als,PTPRN,ENSG00000054356,sQTL,chr2:219295141:219296226:clu_31180_-:ENSG00000054356.14,Brain_Frontal_Cortex_BA9,,0.8318,abf,,,,0.0013,,,,False,no_instrument,coloc_no_instrument
aging__als,als,WHAMM,ENSG00000156232,sQTL,chr15:82823287:82826410:clu_18124_+:ENSG00000156232.7,Brain_Hippocampus,,0.9164,abf,,,,0.0013,,,,False,no_instrument,coloc_no_instrument
aging__als,als,FNBP1,ENSG00000187239,sQTL,chr9:129908999:129923844:clu_51841_-:ENSG00000187239.19,Brain_Hippocampus,,0.9293,abf,,,,0.0013,,,,False,no_instrument,coloc_no_instrument
aging__als,als,G2E3,ENSG00000092140,sQTL,chr14:30581116:30586718:clu_16544_+:ENSG00000092140.16,Brain_Nucleus_accumbens_basal_ganglia,,0.8387,abf,,,,0.0013,,,,False,no_instrument,coloc_no_instrument
aging__als,als,RCSD1,ENSG00000198771,sQTL,chr1:167685510:167690049:clu_4562_+:ENSG00000198771.11,Brain_Spinal_cord_cervical_c-1,,0.8732,abf,,,,0.0013,,,,False,no_instrument,coloc_no_instrument
aging__lbd,lbd,SNCA,ENSG00000145335,sQTL,chr4:89835692:89836127:clu_39722_-:ENSG00000145335.17,Brain_Anterior_cingulate_cortex_BA24,rs3806789,0.9512,susie,0.218,0.0369,3.43e-09,0.0045,0.177,20.0,220.8894,False,smr_heidi_supported,coloc_and_smr_heidi_not_rejected
aging__lbd,lbd,SNCA,ENSG00000145335,sQTL,chr4:89835692:89836127:clu_44608_-:ENSG00000145335.17,Brain_Cerebellar_Hemisphere,rs2301134,0.9517,susie,0.267,0.047,1.28e-08,0.0045,0.479,20.0,152.5785,False,smr_heidi_supported,coloc_and_smr_heidi_not_rejected
aging__lbd,lbd,SNCA,ENSG00000145335,sQTL,chr4:89835692:89836127:clu_42174_-:ENSG00000145335.17,Brain_Frontal_Cortex_BA9,rs3756059,0.9561,susie,0.275,0.0492,2.22e-08,0.0045,0.101,20.0,161.4912,False,smr_heidi_supported,coloc_and_smr_heidi_not_rejected
aging__lbd,lbd,SNCA,ENSG00000145335,sQTL,chr4:89835692:89836127:clu_43303_-:ENSG00000145335.17,Brain_Hypothalamus,rs2301134,0.9705,susie,0.259,0.0465,2.46e-08,0.0045,0.5,20.0,128.0454,False,smr_heidi_supported,coloc_and_smr_heidi_not_rejected
aging__lbd,lbd,SNCA,ENSG00000145335,sQTL,chr4:89835692:89836127:clu_35671_-:ENSG00000145335.17,Brain_Amygdala,rs2301134,0.9548,susie,0.245,0.0442,2.93e-08,0.0045,0.866,20.0,122.5214,False,smr_heidi_supported,coloc_and_smr_heidi_not_rejected
aging__lbd,lbd,SNCA,ENSG00000145335,sQTL,chr4:89835692:89836127:clu_43552_-:ENSG00000145335.17,Brain_Cortex,rs7687945,0.9744,susie,0.324,0.0593,4.88e-08,0.0045,0.294,20.0,105.3726,False,smr_heidi_supported,coloc_and_smr_heidi_not_rejected
aging__lbd,lbd,SNCA,ENSG00000145335,sQTL,chr4:89835692:89836127:clu_40793_-:ENSG00000145335.17,Brain_Hippocampus,rs2301134,0.9538,susie,0.307,0.0565,5.63e-08,0.0045,0.206,20.0,104.5733,False,smr_heidi_supported,coloc_and_smr_heidi_not_rejected
aging__lbd,lbd,SNCA,ENSG00000145335,sQTL,chr4:89835692:89836127:clu_39328_-:ENSG00000145335.17,Brain_Spinal_cord_cervical_c-1,rs7687945,0.9618,susie,0.279,0.0517,7.17e-08,0.0045,0.379,20.0,96.5667,False,smr_heidi_supported,coloc_and_smr_heidi_not_rejected
aging__lbd,lbd,SNCA,ENSG00000145335,sQTL,chr4:89835692:89836127:clu_45006_-:ENSG00000145335.17,Brain_Cerebellum,rs3756059,0.9404,susie,0.288,0.0547,1.35e-07,0.0045,0.627,20.0,97.8607,False,smr_heidi_supported,coloc_and_smr_heidi_not_rejected
aging__lbd,lbd,SNCA,ENSG00000145335,sQTL,chr4:89835692:89836127:clu_37778_-:ENSG00000145335.17,Brain_Substantia_nigra,rs2301134,0.9709,susie,0.303,0.0591,2.78e-07,0.0045,0.396,20.0,73.9045,False,smr_heidi_supported,coloc_and_smr_heidi_not_rejected
aging__lbd,lbd,SNCA,ENSG00000145335,sQTL,chr4:89835692:89836127:clu_43131_-:ENSG00000145335.17,Brain_Nucleus_accumbens_basal_ganglia,rs2301134,0.9556,susie,0.743,0.166,7.45e-06,0.0045,0.0944,17.0,39.2748,False,smr_heidi_supported,coloc_and_smr_heidi_not_rejected
aging__pd,pd,SH3GL2,ENSG00000107295,sQTL,chr9:17579287:17747066:clu_55641_+:ENSG00000107295.10,Brain_Cortex,rs7871351,0.8344,abf,-0.0909,0.0201,6.44e-06,0.0019,0.284,20.0,308.5173,False,smr_heidi_supported,coloc_and_smr_heidi_not_rejected
aging__pd,pd,SH3GL2,ENSG00000107295,sQTL,chr9:17579287:17747066:clu_54041_+:ENSG00000107295.10,Brain_Frontal_Cortex_BA9,rs7871351,0.8344,abf,-0.135,0.0301,6.81e-06,0.0019,0.284,20.0,285.3786,False,smr_heidi_supported,coloc_and_smr_heidi_not_rejected
aging__pd,pd,ZSWIM7,ENSG00000214941,sQTL,chr17:15977092:15978044:clu_20934_-:ENSG00000214941.8,Brain_Putamen_basal_ganglia,rs12945463,0.9041,susie,-0.22,0.0498,1.01e-05,0.0019,0.024,20.0,61.5265,False,smr_heidi_supported,coloc_and_smr_heidi_not_rejected
aging__pd,pd,ZSWIM7,ENSG00000214941,sQTL,chr17:15977092:15978044:clu_20721_-:ENSG00000214941.8,Brain_Anterior_cingulate_cortex_BA24,rs1045599,0.8221,susie,-0.166,0.038,1.28e-05,0.0019,0.11,20.0,69.9488,False,smr_heidi_supported,coloc_and_smr_heidi_not_rejected
aging__pd,pd,ZSWIM7,ENSG00000214941,sQTL,chr17:15977092:15978044:clu_22659_-:ENSG00000214941.8,Brain_Hypothalamus,rs2779210,0.8029,susie,-0.16,0.0369,1.35e-05,0.0019,0.141,20.0,69.347,False,smr_heidi_supported,coloc_and_smr_heidi_not_rejected
aging__pd,pd,ZSWIM7,ENSG00000214941,sQTL,chr17:15977092:15978044:clu_22020_-:ENSG00000214941.8,Brain_Frontal_Cortex_BA9,rs2779210,0.8461,susie,-0.184,0.0423,1.38e-05,0.0019,0.332,20.0,68.8305,False,smr_heidi_supported,coloc_and_smr_heidi_not_rejected
aging__pd,pd,SH3GL2,ENSG00000107295,sQTL,chr9:17579287:17747066:clu_55307_+:ENSG00000107295.10,Brain_Hypothalamus,rs7871351,0.8343,abf,-0.125,0.0288,1.4e-05,0.0019,0.386,20.0,140.6086,False,smr_heidi_supported,coloc_and_smr_heidi_not_rejected
aging__pd,pd,SH3GL2,ENSG00000107295,sQTL,chr9:17579287:17747066:clu_50777_+:ENSG00000107295.10,Brain_Anterior_cingulate_cortex_BA24,rs7871351,0.8344,abf,-0.114,0.0264,1.53e-05,0.0019,0.315,20.0,131.6564,False,smr_heidi_supported,coloc_and_smr_heidi_not_rejected
aging__pd,pd,SH3GL2,ENSG00000107295,sQTL,chr9:17579287:17747066:clu_48199_+:ENSG00000107295.10,Brain_Substantia_nigra,rs7871351,0.8344,abf,-0.1,0.0232,1.59e-05,0.0019,0.426,20.0,128.473,False,smr_heidi_supported,coloc_and_smr_heidi_not_rejected
aging__pd,pd,SH3GL2,ENSG00000107295,sQTL,chr9:17579287:17747066:clu_55198_+:ENSG00000107295.10,Brain_Nucleus_accumbens_basal_ganglia,rs7871351,0.8344,abf,-0.14,0.0326,1.63e-05,0.0019,0.225,20.0,126.2742,False,smr_heidi_supported,coloc_and_smr_heidi_not_rejected
aging__pd,pd,ZSWIM7,ENSG00000214941,sQTL,chr17:15977092:15978044:clu_18532_-:ENSG00000214941.8,Brain_Amygdala,rs2286796,0.8156,susie,-0.17,0.0397,1.88e-05,0.0019,0.178,20.0,56.1918,False,smr_heidi_supported,coloc_and_smr_heidi_not_rejected
aging__pd,pd,SH3GL2,ENSG00000107295,sQTL,chr9:17579287:17747066:clu_50216_+:ENSG00000107295.10,Brain_Spinal_cord_cervical_c-1,rs7871351,0.8343,abf,-0.11,0.026,2.2e-05,0.0019,0.531,20.0,103.8082,False,smr_heidi_supported,coloc_and_smr_heidi_not_rejected
aging__pd,pd,SH3GL2,ENSG00000107295,sQTL,chr9:17579287:17747066:clu_56402_+:ENSG00000107295.10,Brain_Caudate_basal_ganglia,rs7871351,0.8344,abf,-0.157,0.0373,2.52e-05,0.0019,0.709,20.0,95.5897,False,smr_heidi_supported,coloc_and_smr_heidi_not_rejected
aging__pd,pd,ZSWIM7,ENSG00000214941,sQTL,chr17:15977092:15978044:clu_24267_-:ENSG00000214941.8,Brain_Nucleus_accumbens_basal_ganglia,rs9897542,0.9065,susie,-0.166,0.0398,3.08e-05,0.0019,0.104,20.0,56.0207,False,smr_heidi_supported,coloc_and_smr_heidi_not_rejected
aging__pd,pd,SH3GL2,ENSG00000107295,sQTL,chr9:17579287:17747066:clu_45433_+:ENSG00000107295.10,Brain_Amygdala,rs7871351,0.8343,abf,-0.165,0.0401,3.66e-05,0.0019,0.555,20.0,78.1433,False,smr_heidi_supported,coloc_and_smr_heidi_not_rejected
aging__pd,pd,ZSWIM7,ENSG00000214941,sQTL,chr17:15977092:15978044:clu_19681_-:ENSG00000214941.8,Brain_Substantia_nigra,rs9897542,0.8776,susie,-0.192,0.0466,3.79e-05,0.0019,0.0103,20.0,52.0889,False,smr_heidi_supported,coloc_and_smr_heidi_not_rejected
aging__pd,pd,TTC19,ENSG00000011295,sQTL,chr17:16000245:16001915:clu_22590_+:ENSG00000011295.16,Brain_Putamen_basal_ganglia,rs11656046,0.8992,susie,-0.185,0.045,4.13e-05,0.0019,0.768,20.0,41.3939,False,smr_heidi_supported,coloc_and_smr_heidi_not_rejected
aging__pd,pd,CDHR3,ENSG00000128536,sQTL,chr7:106018072:106020373:clu_52749_+:ENSG00000128536.16,Brain_Cerebellar_Hemisphere,rs117797654,0.9951,abf,0.164,0.0407,5.52e-05,0.0019,,,81.1396,False,smr_signal_heidi_unavailable,coloc_and_smr_heidi_untestable
aging__pd,pd,ZSWIM7,ENSG00000214941,sQTL,chr17:15977092:15978044:clu_23438_-:ENSG00000214941.8,Brain_Cerebellar_Hemisphere,rs2286796,0.8275,susie,-0.165,0.0416,7.31e-05,0.0019,0.176,20.0,37.3952,False,smr_heidi_supported,coloc_and_smr_heidi_not_rejected
aging__pd,pd,NCOR1,ENSG00000141027,sQTL,chr17:16171995:16186554:clu_23459_-:ENSG00000141027.23,Brain_Cerebellar_Hemisphere,rs11869563,0.8956,susie,-0.169,0.0428,8.14e-05,0.0019,0.184,20.0,41.443,False,smr_heidi_supported,coloc_and_smr_heidi_not_rejected
aging__pd,pd,ZSWIM7,ENSG00000214941,sQTL,chr17:15993778:15999660:clu_23088_-:ENSG00000214941.8,Brain_Caudate_basal_ganglia,rs9709250,0.9021,susie,-0.226,0.0587,0.000117,0.0019,0.667,16.0,30.1524,False,smr_heidi_supported,coloc_and_smr_heidi_not_rejected
aging__pd,pd,ZSWIM7,ENSG00000214941,sQTL,chr17:15993778:15999519:clu_22717_-:ENSG00000214941.8,Brain_Cortex,rs4792713,0.885,susie,0.19,0.0494,0.00012,0.0019,0.129,19.0,36.1189,False,smr_heidi_supported,coloc_and_smr_heidi_not_rejected
aging__pd,pd,CDHR3,ENSG00000128536,sQTL,chr7:106018072:106020373:clu_53233_+:ENSG00000128536.16,Brain_Cerebellum,rs117797654,0.9218,abf,0.181,0.0473,0.000126,0.0019,,,52.9867,False,smr_signal_heidi_unavailable,coloc_and_smr_heidi_untestable
aging__pd,pd,TTC19,ENSG00000011295,sQTL,chr17:16006568:16025017:clu_24877_+:ENSG00000011295.16,Brain_Caudate_basal_ganglia,rs2779208,0.8041,susie,-0.247,0.0648,0.000135,0.0019,0.0457,20.0,33.4729,False,smr_heidi_supported,coloc_and_smr_heidi_not_rejected
aging__pd,pd,ZSWIM7,ENSG00000214941,sQTL,chr17:15977092:15978044:clu_21283_-:ENSG00000214941.8,Brain_Hippocampus,rs8075345,0.8436,susie,-0.222,0.0587,0.000157,0.0019,0.303,19.0,32.0781,False,smr_heidi_supported,coloc_and_smr_heidi_not_rejected
aging__pd,pd,ZSWIM7,ENSG00000214941,sQTL,chr17:15978163:15981040:clu_20567_-:ENSG00000214941.8,Brain_Spinal_cord_cervical_c-1,rs2015353,0.8234,susie,0.161,0.0428,0.000167,0.0019,0.18,20.0,32.4841,False,smr_heidi_supported,coloc_and_smr_heidi_not_rejected
aging__pd,pd,CTSB,ENSG00000164733,sQTL,chr8:11844241:11845082:clu_42601_-:ENSG00000164733.23,Brain_Amygdala,rs1293295,0.8679,susie,0.0776,0.0212,0.000254,0.0019,0.193,20.0,86.0127,False,smr_heidi_supported,coloc_and_smr_heidi_not_rejected
aging__pd,pd,DDRGK1,ENSG00000198171,sQTL,chr20:3195353:3200001:clu_31616_-:ENSG00000198171.13,Brain_Anterior_cingulate_cortex_BA24,,0.8844,abf,,,,0.0019,,,,False,no_instrument,coloc_no_instrument
aging__pd,pd,CCDC62,ENSG00000130783,sQTL,chr12:122798200:122801124:clu_12993_+:ENSG00000130783.14,Brain_Cerebellar_Hemisphere,,0.9458,abf,,,,0.0019,,,,False,no_instrument,coloc_no_instrument
aging__pd,pd,AZI2,ENSG00000163512,sQTL,chr3:28331954:28332369:clu_39729_-:ENSG00000163512.14,Brain_Cerebellar_Hemisphere,,0.8033,abf,,,,0.0019,,,,False,no_instrument,coloc_no_instrument
aging__pd,pd,NCOR1,ENSG00000141027,sQTL,chr17:16171995:16186554:clu_24281_-:ENSG00000141027.23,Brain_Nucleus_accumbens_basal_ganglia,,0.8054,abf,,,,0.0019,,,,False,no_instrument,coloc_no_instrument
aging__scz,scz,DOC2A,ENSG00000149927,sQTL,chr16:30007090:30007179:clu_20128_-:ENSG00000149927.18,Brain_Cortex,rs7190185,0.9669,susie,0.0874,0.0141,5.39e-10,0.0003,0.00727,20.0,118.061,False,smr_signal_heidi_rejects,coloc_and_smr_heidi_rejected
aging__scz,scz,NT5C2,ENSG00000076685,sQTL,chr10:103174982:103181185:clu_6920_-:ENSG00000076685.19,Brain_Cerebellum,rs11191505,0.9588,susie,0.088,0.0144,8.8e-10,0.0003,0.774,20.0,84.7871,False,smr_heidi_supported,coloc_and_smr_heidi_not_rejected
aging__scz,scz,DOC2A,ENSG00000149927,sQTL,chr16:30007090:30007179:clu_20973_-:ENSG00000149927.18,Brain_Frontal_Cortex_BA9,rs3814883,0.9698,susie,0.143,0.0243,3.8e-09,0.0003,0.00553,20.0,83.4292,False,smr_signal_heidi_rejects,coloc_and_smr_heidi_rejected
aging__scz,scz,NT5C2,ENSG00000076685,sQTL,chr10:103174982:103181185:clu_6814_-:ENSG00000076685.19,Brain_Cerebellar_Hemisphere,rs34747231,0.9436,susie,0.113,0.0193,5.87e-09,0.0003,0.645,20.0,63.9169,False,smr_heidi_supported,coloc_and_smr_heidi_not_rejected
aging__scz,scz,IRF3,ENSG00000126456,sQTL,chr19:49664846:49665672:clu_30581_-:ENSG00000126456.16,Brain_Caudate_basal_ganglia,rs2304206,0.9881,abf,0.0747,0.0134,2.5e-08,0.0003,0.241,20.0,95.0642,False,smr_heidi_supported,coloc_and_smr_heidi_not_rejected
aging__scz,scz,DGKZ,ENSG00000149091,sQTL,chr11:46369550:46371313:clu_9927_+:ENSG00000149091.15,Brain_Frontal_Cortex_BA9,rs2864076,0.9487,abf,-0.151,0.028,7.34e-08,0.0003,0.00372,20.0,61.4556,False,smr_signal_heidi_rejects,coloc_and_smr_heidi_rejected
aging__scz,scz,IRF3,ENSG00000126456,sQTL,chr19:49664846:49665672:clu_30207_-:ENSG00000126456.16,Brain_Cortex,rs2304206,0.9935,abf,0.0785,0.0148,1.17e-07,0.0003,0.0696,20.0,71.7363,False,smr_heidi_supported,coloc_and_smr_heidi_not_rejected
aging__scz,scz,IRF3,ENSG00000126456,sQTL,chr19:49664846:49665672:clu_26063_-:ENSG00000126456.16,Brain_Putamen_basal_ganglia,rs2304206,0.9911,abf,0.0836,0.0158,1.17e-07,0.0003,0.193,20.0,71.72,False,smr_heidi_supported,coloc_and_smr_heidi_not_rejected
aging__scz,scz,MAD1L1,ENSG00000002822,sQTL,chr7:1936897:1957629:clu_50785_-:ENSG00000002822.16,Brain_Cortex,rs10950456,0.9331,abf,-0.141,0.0269,1.5e-07,0.0003,0.0833,20.0,43.1372,False,smr_heidi_supported,coloc_and_smr_heidi_not_rejected
aging__scz,scz,DGKZ,ENSG00000149091,sQTL,chr11:46369550:46371313:clu_10164_+:ENSG00000149091.15,Brain_Cortex,rs7936413,0.9394,abf,-0.145,0.0278,1.75e-07,0.0003,0.356,20.0,54.2268,False,smr_heidi_supported,coloc_and_smr_heidi_not_rejected
aging__scz,scz,ACTR1B,ENSG00000115073,sQTL,chr2:97658316:97658427:clu_32733_-:ENSG00000115073.8,Brain_Cerebellum,rs11692435,0.9951,abf,-0.0504,0.0097,2.04e-07,0.0003,0.044,20.0,225.0788,False,smr_heidi_supported,coloc_and_smr_heidi_not_rejected
brainseq-sczd__scz,scz,ACTR1B,ENSG00000115073,sQTL,chr2:97658316:97658427:clu_32733_-:ENSG00000115073.8,Brain_Cerebellum,rs11692435,0.9951,abf,-0.0504,0.0097,2.04e-07,0.0022,0.044,20.0,225.0788,False,smr_heidi_supported,coloc_and_smr_heidi_not_rejected
aging__scz,scz,ACTR1B,ENSG00000115073,sQTL,chr2:97658316:97658427:clu_32460_-:ENSG00000115073.8,Brain_Cerebellar_Hemisphere,rs11692435,0.9951,abf,-0.0571,0.011,2.25e-07,0.0003,0.0746,20.0,212.7191,False,smr_heidi_supported,coloc_and_smr_heidi_not_rejected
brainseq-sczd__scz,scz,ACTR1B,ENSG00000115073,sQTL,chr2:97658316:97658427:clu_32460_-:ENSG00000115073.8,Brain_Cerebellar_Hemisphere,rs11692435,0.9951,abf,-0.0571,0.011,2.25e-07,0.0022,0.0746,20.0,212.7191,False,smr_heidi_supported,coloc_and_smr_heidi_not_rejected
aging__scz,scz,CRELD2,ENSG00000184164,sQTL,chr22:49921761:49922612:clu_38950_+:ENSG00000184164.15,Brain_Cerebellum,rs7284417,0.9489,susie,0.0465,0.00898,2.3e-07,0.0003,0.509,20.0,267.8482,False,smr_heidi_supported,coloc_and_smr_heidi_not_rejected
aging__scz,scz,MAD1L1,ENSG00000002822,sQTL,chr7:1936897:1957629:clu_45081_-:ENSG00000002822.16,Brain_Anterior_cingulate_cortex_BA24,rs11763870,0.9924,abf,-0.152,0.0295,2.72e-07,0.0003,0.0767,20.0,35.6269,False,smr_heidi_supported,coloc_and_smr_heidi_not_rejected
aging__scz,scz,SNAP91,ENSG00000065609,sQTL,chr6:83607808:83610650:clu_50226_-:ENSG00000065609.15,Brain_Cerebellum,rs217342,0.9745,susie,0.0661,0.0129,2.85e-07,0.0003,0.261,20.0,130.2891,False,smr_heidi_supported,coloc_and_smr_heidi_not_rejected
aging__scz,scz,IRF3,ENSG00000126456,sQTL,chr19:49664846:49665672:clu_24576_-:ENSG00000126456.16,Brain_Substantia_nigra,rs2304205,0.9898,abf,0.0815,0.0159,2.91e-07,0.0003,0.179,20.0,60.5068,False,smr_heidi_supported,coloc_and_smr_heidi_not_rejected
aging__scz,scz,CATSPER2,ENSG00000166762,sQTL,chr15:43632363:43632717:clu_16717_-:ENSG00000166762.19,Brain_Hippocampus,rs2955969,0.8943,abf,-0.0637,0.0125,3.6e-07,0.0003,0.322,20.0,109.4798,False,smr_heidi_supported,coloc_and_smr_heidi_not_rejected
brainseq-sczd__scz,scz,CATSPER2,ENSG00000166762,sQTL,chr15:43632363:43632717:clu_16717_-:ENSG00000166762.19,Brain_Hippocampus,rs2955969,0.8943,abf,-0.0637,0.0125,3.6e-07,0.0022,0.322,20.0,109.4798,False,smr_heidi_supported,coloc_and_smr_heidi_not_rejected
aging__scz,scz,DGKZ,ENSG00000149091,sQTL,chr11:46369550:46371313:clu_9314_+:ENSG00000149091.15,Brain_Anterior_cingulate_cortex_BA24,rs4307676,0.8486,abf,-0.139,0.0273,3.63e-07,0.0003,0.0343,20.0,55.795,False,smr_heidi_supported,coloc_and_smr_heidi_not_rejected
aging__scz,scz,CRELD2,ENSG00000184164,sQTL,chr22:49921761:49922612:clu_37563_+:ENSG00000184164.15,Brain_Cortex,rs7511159,0.9475,susie,0.0481,0.00947,3.72e-07,0.0003,0.753,20.0,241.902,False,smr_heidi_supported,coloc_and_smr_heidi_not_rejected
aging__scz,scz,CRELD2,ENSG00000184164,sQTL,chr22:49921761:49922612:clu_34937_+:ENSG00000184164.15,Brain_Anterior_cingulate_cortex_BA24,rs7284417,0.9344,susie,0.049,0.00966,3.93e-07,0.0003,0.338,20.0,191.1997,False,smr_heidi_supported,coloc_and_smr_heidi_not_rejected
aging__scz,scz,CRELD2,ENSG00000184164,sQTL,chr22:49921761:49922612:clu_38125_+:ENSG00000184164.15,Brain_Hypothalamus,rs768619,0.9323,susie,0.0433,0.00858,4.57e-07,0.0003,0.671,20.0,211.0824,False,smr_heidi_supported,coloc_and_smr_heidi_not_rejected
aging__scz,scz,CRELD2,ENSG00000184164,sQTL,chr22:49921761:49922612:clu_35417_+:ENSG00000184164.15,Brain_Putamen_basal_ganglia,rs7284417,0.9447,susie,0.0476,0.00945,4.59e-07,0.0003,0.616,20.0,175.7531,False,smr_heidi_supported,coloc_and_smr_heidi_not_rejected
aging__scz,scz,POLG,ENSG00000140521,sQTL,chr15:89321012:89321736:clu_19750_-:ENSG00000140521.18,Brain_Cerebellar_Hemisphere,rs9302347,0.9823,abf,-0.0482,0.00956,4.79e-07,0.0003,0.77,20.0,260.6001,False,smr_heidi_supported,coloc_and_smr_heidi_not_rejected
aging__scz,scz,CRELD2,ENSG00000184164,sQTL,chr22:49922443:49922612:clu_38623_+:ENSG00000184164.15,Brain_Cerebellar_Hemisphere,rs7284417,0.9433,susie,-0.0525,0.0104,4.87e-07,0.0003,0.37,20.0,170.3904,False,smr_heidi_supported,coloc_and_smr_heidi_not_rejected
aging__scz,scz,POLG,ENSG00000140521,sQTL,chr15:89321012:89321736:clu_18982_-:ENSG00000140521.18,Brain_Cerebellum,rs9302347,0.9716,abf,-0.0493,0.00988,6e-07,0.0003,0.709,20.0,220.877,False,smr_heidi_supported,coloc_and_smr_heidi_not_rejected
aging__scz,scz,CRELD2,ENSG00000184164,sQTL,chr22:49922443:49922612:clu_37111_+:ENSG00000184164.15,Brain_Frontal_Cortex_BA9,rs9616780,0.9426,susie,-0.0519,0.0104,6.1e-07,0.0003,0.666,20.0,161.0345,False,smr_heidi_supported,coloc_and_smr_heidi_not_rejected
aging__scz,scz,IRF3,ENSG00000126456,sQTL,chr19:49664846:49665672:clu_26557_-:ENSG00000126456.16,Brain_Hippocampus,rs2304206,0.9756,abf,0.0899,0.0181,6.69e-07,0.0003,0.158,20.0,53.1708,False,smr_heidi_supported,coloc_and_smr_heidi_not_rejected
aging__scz,scz,NT5C2,ENSG00000076685,sQTL,chr10:103174982:103181185:clu_6813_-:ENSG00000076685.19,Brain_Caudate_basal_ganglia,rs11191607,0.9009,susie,0.155,0.0313,6.91e-07,0.0003,0.243,12.0,38.2156,False,smr_heidi_supported,coloc_and_smr_heidi_not_rejected
aging__scz,scz,CRELD2,ENSG00000184164,sQTL,chr22:49921761:49922612:clu_33328_+:ENSG00000184164.15,Brain_Substantia_nigra,rs9627788,0.9268,susie,0.0449,0.00907,7.41e-07,0.0003,0.612,20.0,174.3218,False,smr_heidi_supported,coloc_and_smr_heidi_not_rejected
aging__scz,scz,CRELD2,ENSG00000184164,sQTL,chr22:49922443:49922612:clu_37205_+:ENSG00000184164.15,Brain_Nucleus_accumbens_basal_ganglia,rs7284417,0.9393,susie,-0.0566,0.0115,8.29e-07,0.0003,0.555,20.0,132.6692,False,smr_heidi_supported,coloc_and_smr_heidi_not_rejected
aging__scz,scz,DOC2A,ENSG00000149927,sQTL,chr16:30007090:30007173:clu_19716_-:ENSG00000149927.18,Brain_Anterior_cingulate_cortex_BA24,rs11150580,0.9593,abf,-0.14,0.0285,9.29e-07,0.0003,0.0606,20.0,42.0267,False,smr_heidi_supported,coloc_and_smr_heidi_not_rejected
aging__scz,scz,CRELD2,ENSG00000184164,sQTL,chr22:49921761:49922612:clu_34644_+:ENSG00000184164.15,Brain_Spinal_cord_cervical_c-1,rs7284417,0.9193,susie,0.0549,0.0112,9.47e-07,0.0003,0.38,20.0,125.3772,False,smr_heidi_supported,coloc_and_smr_heidi_not_rejected
aging__scz,scz,IRF3,ENSG00000126456,sQTL,chr19:49664846:49665672:clu_28135_-:ENSG00000126456.16,Brain_Hypothalamus,rs2304204,0.9902,abf,0.0894,0.0182,9.49e-07,0.0003,0.248,20.0,51.4845,False,smr_heidi_supported,coloc_and_smr_heidi_not_rejected
aging__scz,scz,CRELD2,ENSG00000184164,sQTL,chr22:49921761:49922294:clu_38805_+:ENSG00000184164.15,Brain_Caudate_basal_ganglia,rs9627788,0.9331,susie,-0.0523,0.0107,1e-06,0.0003,0.757,20.0,148.7817,False,smr_heidi_supported,coloc_and_smr_heidi_not_rejected
aging__scz,scz,ACTR1B,ENSG00000115073,sQTL,chr2:97658316:97658427:clu_31403_-:ENSG00000115073.8,Brain_Cortex,rs11692435,0.9952,abf,-0.063,0.0129,1.02e-06,0.0003,0.0449,20.0,107.9173,False,smr_heidi_supported,coloc_and_smr_heidi_not_rejected
brainseq-sczd__scz,scz,ACTR1B,ENSG00000115073,sQTL,chr2:97658316:97658427:clu_31403_-:ENSG00000115073.8,Brain_Cortex,rs11692435,0.9952,abf,-0.063,0.0129,1.02e-06,0.0022,0.0449,20.0,107.9173,False,smr_heidi_supported,coloc_and_smr_heidi_not_rejected
aging__scz,scz,DOC2A,ENSG00000149927,sQTL,chr16:30007299:30008996:clu_20601_-:ENSG00000149927.18,Brain_Cerebellar_Hemisphere,rs8054556,0.9686,susie,-0.141,0.0288,1.06e-06,0.0003,0.704,17.0,40.8192,False,smr_heidi_supported,coloc_and_smr_heidi_not_rejected
aging__scz,scz,IRF3,ENSG00000126456,sQTL,chr19:49664846:49665672:clu_28003_-:ENSG00000126456.16,Brain_Nucleus_accumbens_basal_ganglia,rs2082481,0.9898,abf,0.0942,0.0195,1.35e-06,0.0003,0.0722,20.0,51.4743,False,smr_heidi_supported,coloc_and_smr_heidi_not_rejected
aging__scz,scz,ZFYVE21,ENSG00000100711,sQTL,chr14:103729182:103732620:clu_17707_+:ENSG00000100711.14,Brain_Caudate_basal_ganglia,rs722637,0.9591,abf,-0.22,0.0458,1.52e-06,0.0003,0.658,20.0,41.4781,False,smr_heidi_supported,coloc_and_smr_heidi_not_rejected
brainseq-sczd__scz,scz,ZFYVE21,ENSG00000100711,sQTL,chr14:103729182:103732620:clu_17707_+:ENSG00000100711.14,Brain_Caudate_basal_ganglia,rs722637,0.9553,susie,-0.22,0.0458,1.52e-06,0.0022,0.658,20.0,41.4781,False,smr_heidi_supported,coloc_and_smr_heidi_not_rejected
aging__scz,scz,IRF3,ENSG00000126456,sQTL,chr19:49664846:49665672:clu_25805_-:ENSG00000126456.16,Brain_Anterior_cingulate_cortex_BA24,rs2304206,0.9916,abf,0.0938,0.0195,1.57e-06,0.0003,0.102,20.0,46.1129,False,smr_heidi_supported,coloc_and_smr_heidi_not_rejected
aging__scz,scz,IRF3,ENSG00000126456,sQTL,chr19:49664846:49665672:clu_25626_-:ENSG00000126456.16,Brain_Spinal_cord_cervical_c-1,rs2304206,0.9915,abf,0.0901,0.0189,1.77e-06,0.0003,0.103,20.0,45.1808,False,smr_heidi_supported,coloc_and_smr_heidi_not_rejected
aging__scz,scz,IRF3,ENSG00000126456,sQTL,chr19:49664846:49665672:clu_27363_-:ENSG00000126456.16,Brain_Frontal_Cortex_BA9,rs1140375,0.9825,abf,0.0871,0.0184,2.12e-06,0.0003,0.166,18.0,51.1807,False,smr_heidi_supported,coloc_and_smr_heidi_not_rejected
aging__scz,scz,DOC2A,ENSG00000149927,sQTL,chr16:30007090:30007173:clu_18893_-:ENSG00000149927.18,Brain_Hippocampus,rs7190185,0.9644,abf,-0.152,0.0323,2.6e-06,0.0003,0.491,19.0,35.9877,False,smr_heidi_supported,coloc_and_smr_heidi_not_rejected
aging__scz,scz,NT5C2,ENSG00000076685,sQTL,chr10:103174982:103181185:clu_7837_-:ENSG00000076685.19,Brain_Cortex,rs4409766,0.907,susie,0.134,0.0288,3.03e-06,0.0003,0.552,17.0,35.8102,False,smr_heidi_supported,coloc_and_smr_heidi_not_rejected
aging__scz,scz,FOXN2,ENSG00000170802,sQTL,chr2:48346751:48359047:clu_34200_+:ENSG00000170802.17,Brain_Cerebellum,rs79247094,0.996,abf,0.0563,0.0121,3.14e-06,0.0003,0.731,20.0,129.8902,False,smr_heidi_supported,coloc_and_smr_heidi_not_rejected
aging__scz,scz,ACTR1B,ENSG00000115073,sQTL,chr2:97658316:97658427:clu_31044_-:ENSG00000115073.8,Brain_Nucleus_accumbens_basal_ganglia,rs11692435,0.9953,abf,-0.0779,0.0167,3.17e-06,0.0003,0.0533,12.0,74.3064,False,smr_heidi_supported,coloc_and_smr_heidi_not_rejected
brainseq-sczd__scz,scz,ACTR1B,ENSG00000115073,sQTL,chr2:97658316:97658427:clu_31044_-:ENSG00000115073.8,Brain_Nucleus_accumbens_basal_ganglia,rs11692435,0.9953,abf,-0.0779,0.0167,3.17e-06,0.0022,0.0533,12.0,74.3064,False,smr_heidi_supported,coloc_and_smr_heidi_not_rejected
aging__scz,scz,FGFR1,ENSG00000077782,sQTL,chr8:38428435:38429682:clu_53950_-:ENSG00000077782.23,Brain_Cerebellum,rs10101096,0.8407,abf,-0.0578,0.0124,3.18e-06,0.0003,0.838,20.0,149.9317,False,smr_heidi_supported,coloc_and_smr_heidi_not_rejected
brainseq-sczd__scz,scz,ZFYVE21,ENSG00000100711,sQTL,chr14:103729182:103732620:clu_17309_+:ENSG00000100711.14,Brain_Nucleus_accumbens_basal_ganglia,rs6576007,0.9552,susie,-0.172,0.0371,3.76e-06,0.0022,0.91,20.0,36.5016,False,smr_heidi_supported,coloc_and_smr_heidi_not_rejected
aging__scz,scz,KLC1,ENSG00000126214,sQTL,chr14:103679518:103684986:clu_16568_+:ENSG00000126214.22,Brain_Cortex,rs2273175,0.8548,abf,-0.293,0.0637,4.16e-06,0.0003,0.582,20.0,43.8754,False,smr_heidi_supported,coloc_and_smr_heidi_not_rejected
aging__scz,scz,GPM6A,ENSG00000150625,sQTL,chr4:175701767:176002309:clu_44476_-:ENSG00000150625.17,Brain_Caudate_basal_ganglia,rs78640136,0.993,susie,0.167,0.0366,4.97e-06,0.0003,0.0363,8.0,41.995,False,smr_heidi_supported,coloc_and_smr_heidi_not_rejected
aging__scz,scz,SNAP91,ENSG00000065609,sQTL,chr6:83607808:83610650:clu_48381_-:ENSG00000065609.15,Brain_Nucleus_accumbens_basal_ganglia,rs60730,0.964,abf,0.136,0.0299,5.87e-06,0.0003,0.177,20.0,60.4671,False,smr_heidi_supported,coloc_and_smr_heidi_not_rejected
aging__scz,scz,DGKZ,ENSG00000149091,sQTL,chr11:46369550:46371313:clu_10454_+:ENSG00000149091.15,Brain_Caudate_basal_ganglia,rs7936413,0.9169,abf,-0.194,0.0428,6e-06,0.0003,0.268,15.0,32.6714,False,smr_heidi_supported,coloc_and_smr_heidi_not_rejected
aging__scz,scz,ACTR1B,ENSG00000115073,sQTL,chr2:97658316:97658427:clu_31794_-:ENSG00000115073.8,Brain_Caudate_basal_ganglia,rs78783493,0.9966,abf,-0.0926,0.0205,6.39e-06,0.0003,0.61,11.0,58.4285,False,smr_heidi_supported,coloc_and_smr_heidi_not_rejected
brainseq-sczd__scz,scz,ACTR1B,ENSG00000115073,sQTL,chr2:97658316:97658427:clu_31794_-:ENSG00000115073.8,Brain_Caudate_basal_ganglia,rs78783493,0.9966,abf,-0.0926,0.0205,6.39e-06,0.0022,0.61,11.0,58.4285,False,smr_heidi_supported,coloc_and_smr_heidi_not_rejected
aging__scz,scz,IRF3,ENSG00000126456,sQTL,chr19:49664846:49665672:clu_23201_-:ENSG00000126456.16,Brain_Amygdala,rs10415600,0.9714,abf,0.0772,0.0171,6.72e-06,0.0003,0.096,15.0,39.2936,False,smr_heidi_supported,coloc_and_smr_heidi_not_rejected
aging__scz,scz,ACTR1B,ENSG00000115073,sQTL,chr2:97658316:97658427:clu_31224_-:ENSG00000115073.8,Brain_Hypothalamus,rs78783493,0.9959,abf,-0.0834,0.0186,7.06e-06,0.0003,0.243,12.0,56.8761,False,smr_heidi_supported,coloc_and_smr_heidi_not_rejected
brainseq-sczd__scz,scz,ACTR1B,ENSG00000115073,sQTL,chr2:97658316:97658427:clu_31224_-:ENSG00000115073.8,Brain_Hypothalamus,rs78783493,0.9959,abf,-0.0834,0.0186,7.06e-06,0.0022,0.243,12.0,56.8761,False,smr_heidi_supported,coloc_and_smr_heidi_not_rejected
aging__scz,scz,NDUFAF7,ENSG00000003509,sQTL,chr2:37248426:37253086:clu_30242_+:ENSG00000003509.16,Brain_Putamen_basal_ganglia,rs1056021,0.9255,abf,-0.0554,0.0124,8.4e-06,0.0003,0.171,20.0,84.2709,False,smr_heidi_supported,coloc_and_smr_heidi_not_rejected
aging__scz,scz,ACTR1B,ENSG00000115073,sQTL,chr2:97658316:97658427:clu_30361_-:ENSG00000115073.8,Brain_Frontal_Cortex_BA9,rs11692435,0.9957,abf,-0.0882,0.0199,9.19e-06,0.0003,0.0255,20.0,54.8507,False,smr_heidi_supported,coloc_and_smr_heidi_not_rejected
brainseq-sczd__scz,scz,ACTR1B,ENSG00000115073,sQTL,chr2:97658316:97658427:clu_30361_-:ENSG00000115073.8,Brain_Frontal_Cortex_BA9,rs11692435,0.9957,abf,-0.0882,0.0199,9.19e-06,0.0022,0.0255,20.0,54.8507,False,smr_heidi_supported,coloc_and_smr_heidi_not_rejected
aging__scz,scz,RAI1,ENSG00000108557,sQTL,chr17:17798513:17803756:clu_25337_+:ENSG00000108557.20,Brain_Cerebellar_Hemisphere,rs11649804,0.9461,susie,-0.0744,0.0169,1.07e-05,0.0003,0.439,20.0,90.0835,False,smr_heidi_supported,coloc_and_smr_heidi_not_rejected
aging__scz,scz,GPM6A,ENSG00000150625,sQTL,chr4:175701767:176002309:clu_40064_-:ENSG00000150625.17,Brain_Anterior_cingulate_cortex_BA24,rs12498839,0.992,susie,0.188,0.043,1.18e-05,0.0003,0.00426,13.0,35.2973,False,smr_signal_heidi_rejects,coloc_and_smr_heidi_rejected
aging__scz,scz,PPIP5K1,ENSG00000168781,sQTL,chr15:43558932:43560413:clu_19068_-:ENSG00000168781.24,Brain_Cerebellar_Hemisphere,rs529611,0.9259,abf,0.114,0.0263,1.34e-05,0.0003,0.422,20.0,38.1102,False,smr_heidi_supported,coloc_and_smr_heidi_not_rejected
aging__scz,scz,NMRAL1,ENSG00000153406,sQTL,chr16:4474166:4474423:clu_17980_-:ENSG00000153406.14,Brain_Spinal_cord_cervical_c-1,rs4786510,0.9248,susie,0.0408,0.00945,1.59e-05,0.0003,0.39,20.0,131.2907,False,smr_heidi_supported,coloc_and_smr_heidi_not_rejected
aging__scz,scz,NMRAL1,ENSG00000153406,sQTL,chr16:4474166:4474554:clu_18242_-:ENSG00000153406.14,Brain_Putamen_basal_ganglia,rs11644481,0.9312,susie,-0.0468,0.0109,1.72e-05,0.0003,0.346,20.0,130.9884,False,smr_heidi_supported,coloc_and_smr_heidi_not_rejected
aging__scz,scz,TMED4,ENSG00000158604,sQTL,chr7:44579628:44581449:clu_47223_-:ENSG00000158604.16,Brain_Putamen_basal_ganglia,rs217361,0.9397,abf,-0.0641,0.015,1.84e-05,0.0003,0.559,19.0,92.4713,False,smr_heidi_supported,coloc_and_smr_heidi_not_rejected
brainseq-sczd__scz,scz,ZFYVE21,ENSG00000100711,sQTL,chr14:103729182:103729793:clu_16090_+:ENSG00000100711.14,Brain_Putamen_basal_ganglia,rs2295146,0.9235,susie,0.169,0.0395,1.9e-05,0.0022,0.482,20.0,31.3585,False,smr_heidi_supported,coloc_and_smr_heidi_not_rejected
aging__scz,scz,FOXN2,ENSG00000170802,sQTL,chr2:48346751:48359047:clu_33941_+:ENSG00000170802.17,Brain_Cerebellar_Hemisphere,rs79247094,0.9967,abf,0.0727,0.017,1.97e-05,0.0003,0.274,20.0,60.3277,False,smr_heidi_supported,coloc_and_smr_heidi_not_rejected
aging__scz,scz,RAI1,ENSG00000108557,sQTL,chr17:17793288:17803756:clu_25603_+:ENSG00000108557.20,Brain_Cerebellum,rs11649804,0.9707,abf,0.0919,0.0216,2.03e-05,0.0003,0.414,20.0,68.7428,False,smr_heidi_supported,coloc_and_smr_heidi_not_rejected
aging__scz,scz,ACTR1B,ENSG00000115073,sQTL,chr2:97658316:97658427:clu_30369_-:ENSG00000115073.8,Brain_Spinal_cord_cervical_c-1,rs11692435,0.9887,abf,-0.0725,0.0171,2.19e-05,0.0003,0.0998,10.0,43.6821,False,smr_heidi_supported,coloc_and_smr_heidi_not_rejected
brainseq-sczd__scz,scz,ACTR1B,ENSG00000115073,sQTL,chr2:97658316:97658427:clu_30369_-:ENSG00000115073.8,Brain_Spinal_cord_cervical_c-1,rs11692435,0.9887,abf,-0.0725,0.0171,2.19e-05,0.0022,0.0998,10.0,43.6821,False,smr_heidi_supported,coloc_and_smr_heidi_not_rejected
aging__scz,scz,TMED4,ENSG00000158604,sQTL,chr7:44579628:44581093:clu_51244_-:ENSG00000158604.16,Brain_Cerebellum,rs217357,0.9433,abf,0.0722,0.0171,2.43e-05,0.0003,0.802,15.0,89.5687,False,smr_heidi_supported,coloc_and_smr_heidi_not_rejected
aging__scz,scz,CRELD2,ENSG00000184164,sQTL,chr22:49922443:49922612:clu_35957_+:ENSG00000184164.15,Brain_Hippocampus,rs910799,0.9189,susie,-0.0643,0.0152,2.45e-05,0.0003,0.198,20.0,68.2213,False,smr_heidi_supported,coloc_and_smr_heidi_not_rejected
aging__scz,scz,NMRAL1,ENSG00000153406,sQTL,chr16:4474166:4474554:clu_19800_-:ENSG00000153406.14,Brain_Cortex,rs2270365,0.9322,susie,-0.0411,0.00975,2.46e-05,0.0003,0.271,20.0,182.2794,False,smr_heidi_supported,coloc_and_smr_heidi_not_rejected
aging__scz,scz,SNAP91,ENSG00000065609,sQTL,chr6:83607808:83610650:clu_48498_-:ENSG00000065609.15,Brain_Hypothalamus,rs217304,0.9608,abf,0.123,0.0291,2.47e-05,0.0003,0.084,20.0,40.9043,False,smr_heidi_supported,coloc_and_smr_heidi_not_rejected
aging__scz,scz,ZDHHC12,ENSG00000160446,sQTL,chr9:128721480:128721651:clu_54746_-:ENSG00000160446.19,Brain_Nucleus_accumbens_basal_ganglia,rs139969404,0.9308,abf,0.0425,0.0102,2.87e-05,0.0003,0.0931,20.0,279.9669,False,smr_heidi_supported,coloc_and_smr_heidi_not_rejected
aging__scz,scz,NMRAL1,ENSG00000153406,sQTL,chr16:4474166:4474423:clu_20650_-:ENSG00000153406.14,Brain_Frontal_Cortex_BA9,rs4786516,0.9143,susie,0.049,0.0117,2.94e-05,0.0003,0.253,20.0,130.5895,False,smr_heidi_supported,coloc_and_smr_heidi_not_rejected
aging__scz,scz,SNAP91,ENSG00000065609,sQTL,chr6:83593017:83593478:clu_48320_-:ENSG00000065609.15,Brain_Cerebellar_Hemisphere,rs4706184,0.9548,susie,0.162,0.0387,2.96e-05,0.0003,0.193,15.0,44.1841,False,smr_heidi_supported,coloc_and_smr_heidi_not_rejected
brainseq-sczd__scz,scz,MRPS33,ENSG00000090263,sQTL,chr7:141006535:141014551:clu_50271_-:ENSG00000090263.16,Brain_Hypothalamus,rs6662,0.9943,abf,-0.082,0.0197,3.04e-05,0.0022,0.0958,20.0,44.78,False,smr_heidi_supported,coloc_and_smr_heidi_not_rejected
aging__scz,scz,TMED4,ENSG00000158604,sQTL,chr7:44579628:44581449:clu_49520_-:ENSG00000158604.16,Brain_Hypothalamus,rs217384,0.9555,abf,-0.0689,0.0166,3.41e-05,0.0003,0.271,14.0,58.457,False,smr_heidi_supported,coloc_and_smr_heidi_not_rejected
aging__scz,scz,ZDHHC12,ENSG00000160446,sQTL,chr9:128721502:128721651:clu_55946_-:ENSG00000160446.19,Brain_Caudate_basal_ganglia,rs139969404,0.9308,abf,-0.0411,0.00996,3.67e-05,0.0003,0.207,20.0,194.4149,False,smr_heidi_supported,coloc_and_smr_heidi_not_rejected
aging__scz,scz,ZDHHC12,ENSG00000160446,sQTL,chr9:128721502:128721651:clu_51804_-:ENSG00000160446.19,Brain_Hippocampus,rs139969404,0.9303,abf,-0.0414,0.01,3.84e-05,0.0003,0.147,20.0,183.8377,False,smr_heidi_supported,coloc_and_smr_heidi_not_rejected
aging__scz,scz,MAP7D1,ENSG00000116871,sQTL,chr1:36157290:36170971:clu_3096_+:ENSG00000116871.16,Brain_Substantia_nigra,rs272827,0.9109,abf,0.0799,0.0194,3.89e-05,0.0003,0.00444,20.0,40.1498,False,smr_signal_heidi_rejects,coloc_and_smr_heidi_rejected
aging__scz,scz,TMED4,ENSG00000158604,sQTL,chr7:44579628:44581449:clu_50482_-:ENSG00000158604.16,Brain_Caudate_basal_ganglia,rs217357,0.9389,abf,-0.0766,0.0186,3.99e-05,0.0003,0.0191,15.0,69.9979,False,smr_heidi_supported,coloc_and_smr_heidi_not_rejected
aging__scz,scz,ZDHHC12,ENSG00000160446,sQTL,chr9:128721502:128721651:clu_49806_-:ENSG00000160446.19,Brain_Spinal_cord_cervical_c-1,rs139969404,0.998,abf,-0.0414,0.0101,4.05e-05,0.0003,0.394,20.0,172.6565,False,smr_heidi_supported,coloc_and_smr_heidi_not_rejected
aging__scz,scz,ZDHHC12,ENSG00000160446,sQTL,chr9:128721480:128721651:clu_52053_-:ENSG00000160446.19,Brain_Putamen_basal_ganglia,rs139969404,0.9225,abf,0.0411,0.0101,4.39e-05,0.0003,0.16,20.0,157.4928,False,smr_heidi_supported,coloc_and_smr_heidi_not_rejected
aging__scz,scz,ACTR1B,ENSG00000115073,sQTL,chr2:97658316:97658427:clu_29479_-:ENSG00000115073.8,Brain_Hippocampus,rs11692435,0.978,abf,-0.0883,0.0217,4.83e-05,0.0003,0.163,7.0,35.7748,False,smr_heidi_supported,coloc_and_smr_heidi_not_rejected
brainseq-sczd__scz,scz,ACTR1B,ENSG00000115073,sQTL,chr2:97658316:97658427:clu_29479_-:ENSG00000115073.8,Brain_Hippocampus,rs11692435,0.978,abf,-0.0883,0.0217,4.83e-05,0.0022,0.163,7.0,35.7748,False,smr_heidi_supported,coloc_and_smr_heidi_not_rejected
aging__scz,scz,CDIP1,ENSG00000089486,sQTL,chr16:4514664:4538702:clu_19802_-:ENSG00000089486.17,Brain_Cortex,rs1659499,0.8322,susie,0.0652,0.0161,4.86e-05,0.0003,0.448,20.0,100.8943,False,smr_heidi_supported,coloc_and_smr_heidi_not_rejected
aging__scz,scz,TMED4,ENSG00000158604,sQTL,chr7:44579628:44581449:clu_49393_-:ENSG00000158604.16,Brain_Nucleus_accumbens_basal_ganglia,rs217356,0.9408,abf,-0.0702,0.0173,4.88e-05,0.0003,0.84,16.0,70.9088,False,smr_heidi_supported,coloc_and_smr_heidi_not_rejected
aging__scz,scz,PPIL2,ENSG00000100023,sQTL,chr22:21695496:21696747:clu_38412_+:ENSG00000100023.20,Brain_Cerebellum,rs12484060,0.9406,abf,-0.0373,0.00923,5.19e-05,0.0003,0.00734,20.0,231.5879,False,smr_signal_heidi_rejects,coloc_and_smr_heidi_rejected
brainseq-sczd__scz,scz,CCDC122,ENSG00000151773,sQTL,chr13:43874927:43879418:clu_13524_-:ENSG00000151773.13,Brain_Spinal_cord_cervical_c-1,rs12874535,0.9435,abf,0.0532,0.0132,5.29e-05,0.0022,0.313,20.0,57.2534,False,smr_heidi_supported,coloc_and_smr_heidi_not_rejected
aging__scz,scz,PPIL2,ENSG00000100023,sQTL,chr22:21695496:21696747:clu_38094_+:ENSG00000100023.20,Brain_Cerebellar_Hemisphere,rs12484060,0.9385,abf,-0.0402,0.00996,5.36e-05,0.0003,0.0124,20.0,219.9304,False,smr_heidi_supported,coloc_and_smr_heidi_not_rejected
aging__scz,scz,NMRAL1,ENSG00000153406,sQTL,chr16:4474166:4474554:clu_18585_-:ENSG00000153406.14,Brain_Hippocampus,rs1051308,0.906,susie,-0.0402,0.00995,5.4e-05,0.0003,0.158,20.0,127.8344,False,smr_heidi_supported,coloc_and_smr_heidi_not_rejected
aging__scz,scz,SNAP91,ENSG00000065609,sQTL,chr6:83607808:83610650:clu_48735_-:ENSG00000065609.15,Brain_Cortex,rs217286,0.9585,abf,0.125,0.031,5.58e-05,0.0003,0.709,18.0,33.5137,False,smr_heidi_supported,coloc_and_smr_heidi_not_rejected
aging__scz,scz,CRELD2,ENSG00000184164,sQTL,chr22:49921761:49922294:clu_30832_+:ENSG00000184164.15,Brain_Amygdala,rs8138941,0.9184,susie,-0.0841,0.0209,5.73e-05,0.0003,0.414,20.0,35.1162,False,smr_heidi_supported,coloc_and_smr_heidi_not_rejected
aging__scz,scz,ZDHHC12,ENSG00000160446,sQTL,chr9:128721480:128721651:clu_55159_-:ENSG00000160446.19,Brain_Cortex,rs139969404,0.9268,abf,0.0499,0.0124,5.75e-05,0.0003,0.0944,20.0,121.3338,False,smr_heidi_supported,coloc_and_smr_heidi_not_rejected
aging__scz,scz,ZDHHC12,ENSG00000160446,sQTL,chr9:128721480:128721651:clu_53592_-:ENSG00000160446.19,Brain_Frontal_Cortex_BA9,rs139969404,0.9225,abf,0.0481,0.012,6.3e-05,0.0003,0.204,20.0,112.2863,False,smr_heidi_supported,coloc_and_smr_heidi_not_rejected
aging__scz,scz,PPIL2,ENSG00000100023,sQTL,chr22:21695496:21696747:clu_36613_+:ENSG00000100023.20,Brain_Frontal_Cortex_BA9,rs12484060,0.9385,abf,-0.0402,0.0101,6.53e-05,0.0003,0.0084,20.0,167.2413,False,smr_signal_heidi_rejects,coloc_and_smr_heidi_rejected
aging__scz,scz,FGFR1,ENSG00000077782,sQTL,chr8:38429390:38429682:clu_53134_-:ENSG00000077782.23,Brain_Caudate_basal_ganglia,rs9198,0.889,abf,0.0917,0.023,6.81e-05,0.0003,0.998,14.0,41.7443,False,smr_heidi_supported,coloc_and_smr_heidi_not_rejected
aging__scz,scz,TMED4,ENSG00000158604,sQTL,chr7:44579628:44581449:clu_50802_-:ENSG00000158604.16,Brain_Cerebellar_Hemisphere,rs3801399,0.9371,abf,-0.0719,0.0181,6.89e-05,0.0003,0.775,13.0,57.1098,False,smr_heidi_supported,coloc_and_smr_heidi_not_rejected
aging__scz,scz,THAP3,ENSG00000041988,sQTL,chr1:6628691:6629643:clu_3081_+:ENSG00000041988.16,Brain_Cerebellar_Hemisphere,rs12079872,0.9636,susie,0.0836,0.021,7e-05,0.0003,0.0167,20.0,40.3209,False,smr_heidi_supported,coloc_and_smr_heidi_not_rejected
aging__scz,scz,CDIP1,ENSG00000089486,sQTL,chr16:4514664:4538325:clu_21642_-:ENSG00000089486.17,Brain_Caudate_basal_ganglia,rs4786493,0.9509,susie,-0.0993,0.025,7.18e-05,0.0003,0.563,20.0,54.5069,False,smr_heidi_supported,coloc_and_smr_heidi_not_rejected
aging__scz,scz,ZDHHC12,ENSG00000160446,sQTL,chr9:128721502:128721651:clu_47807_-:ENSG00000160446.19,Brain_Substantia_nigra,rs10988103,0.9569,abf,-0.0458,0.0116,7.42e-05,0.0003,0.491,20.0,107.5723,False,smr_heidi_supported,coloc_and_smr_heidi_not_rejected
aging__scz,scz,FAM120AOS,ENSG00000188938,sQTL,chr9:93435922:93437022:clu_55837_-:ENSG00000188938.17,Brain_Cerebellar_Hemisphere,rs7857183,0.8885,abf,0.0818,0.0207,7.84e-05,0.0003,0.109,20.0,57.6488,False,smr_heidi_supported,coloc_and_smr_heidi_not_rejected
aging__scz,scz,NMRAL1,ENSG00000153406,sQTL,chr16:4474166:4474554:clu_16166_-:ENSG00000153406.14,Brain_Amygdala,rs3761680,0.9145,susie,-0.0479,0.0121,7.84e-05,0.0003,0.287,20.0,65.2537,False,smr_heidi_supported,coloc_and_smr_heidi_not_rejected
aging__scz,scz,ZDHHC12,ENSG00000160446,sQTL,chr9:128721480:128721651:clu_50364_-:ENSG00000160446.19,Brain_Anterior_cingulate_cortex_BA24,rs139969404,0.9317,abf,0.0551,0.014,8.13e-05,0.0003,0.27,20.0,92.2412,False,smr_heidi_supported,coloc_and_smr_heidi_not_rejected
aging__scz,scz,NMRAL1,ENSG00000153406,sQTL,chr16:4474166:4474554:clu_17195_-:ENSG00000153406.14,Brain_Substantia_nigra,rs4785967,0.8592,susie,-0.0366,0.00931,8.36e-05,0.0003,0.0849,20.0,129.6252,False,smr_heidi_supported,coloc_and_smr_heidi_not_rejected
aging__scz,scz,NMRAL1,ENSG00000153406,sQTL,chr16:4474166:4474423:clu_19412_-:ENSG00000153406.14,Brain_Anterior_cingulate_cortex_BA24,rs2270365,0.9124,susie,0.0547,0.0139,8.58e-05,0.0003,0.308,20.0,70.8923,False,smr_heidi_supported,coloc_and_smr_heidi_not_rejected
aging__scz,scz,YWHAB,ENSG00000166913,sQTL,chr20:44885886:44901531:clu_34748_+:ENSG00000166913.13,Brain_Frontal_Cortex_BA9,rs6031858,0.8914,abf,0.0715,0.0183,9.61e-05,0.0003,0.0594,11.0,62.4472,False,smr_heidi_supported,coloc_and_smr_heidi_not_rejected
aging__scz,scz,ACTR1B,ENSG00000115073,sQTL,chr2:97658316:97658427:clu_25800_-:ENSG00000115073.8,Brain_Amygdala,rs11692435,0.8108,abf,-0.0839,0.0216,9.9e-05,0.0003,0.000929,12.0,29.957,False,smr_signal_heidi_rejects,coloc_and_smr_heidi_rejected
brainseq-sczd__scz,scz,ACTR1B,ENSG00000115073,sQTL,chr2:97658316:97658427:clu_25800_-:ENSG00000115073.8,Brain_Amygdala,rs11692435,0.8108,abf,-0.0839,0.0216,9.9e-05,0.0022,0.000929,12.0,29.957,False,smr_signal_heidi_rejects,coloc_and_smr_heidi_rejected
aging__scz,scz,GABBR2,ENSG00000136928,sQTL,chr9:98299353:98303241:clu_56427_-:ENSG00000136928.7,Brain_Cerebellum,rs7869257,0.9752,susie,-0.0995,0.0256,9.97e-05,0.0003,0.604,5.0,30.7576,False,smr_heidi_supported,coloc_and_smr_heidi_not_rejected
aging__scz,scz,NUP50,ENSG00000093000,sQTL,chr22:45183520:45184453:clu_37142_+:ENSG00000093000.19,Brain_Nucleus_accumbens_basal_ganglia,rs132861,0.9564,abf,-0.0688,0.0177,0.000101,0.0003,0.848,20.0,66.359,False,smr_heidi_supported,coloc_and_smr_heidi_not_rejected
aging__scz,scz,ZDHHC12,ENSG00000160446,sQTL,chr9:128721502:128721651:clu_56265_-:ENSG00000160446.19,Brain_Cerebellar_Hemisphere,rs139969404,0.9308,abf,-0.0543,0.014,0.000102,0.0003,0.192,20.0,78.9242,False,smr_heidi_supported,coloc_and_smr_heidi_not_rejected
aging__scz,scz,PPIL2,ENSG00000100023,sQTL,chr22:21695496:21696747:clu_37635_+:ENSG00000100023.20,Brain_Hypothalamus,rs5999098,0.9346,abf,-0.0453,0.0117,0.000104,0.0003,0.105,20.0,119.0083,False,smr_heidi_supported,coloc_and_smr_heidi_not_rejected
aging__scz,scz,PCBP3,ENSG00000183570,sQTL,chr21:45735429:45849961:clu_37555_+:ENSG00000183570.17,Brain_Cerebellar_Hemisphere,rs4819146,0.8189,abf,-0.0551,0.0142,0.000107,0.0003,0.000458,20.0,85.1356,False,smr_signal_heidi_rejects,coloc_and_smr_heidi_rejected
aging__scz,scz,YWHAB,ENSG00000166913,sQTL,chr20:44885886:44901531:clu_37187_+:ENSG00000166913.13,Brain_Cerebellum,rs3761188,0.8339,abf,0.0537,0.0139,0.000107,0.0003,0.346,20.0,89.3527,False,smr_heidi_supported,coloc_and_smr_heidi_not_rejected
aging__scz,scz,YPEL1,ENSG00000100027,sQTL,chr22:21701218:21703370:clu_37540_-:ENSG00000100027.17,Brain_Caudate_basal_ganglia,rs2236643,0.9836,abf,0.0707,0.0183,0.000107,0.0003,0.458,20.0,57.9271,False,smr_heidi_supported,coloc_and_smr_heidi_not_rejected
aging__scz,scz,PPIL2,ENSG00000100023,sQTL,chr22:21695496:21696747:clu_30380_+:ENSG00000100023.20,Brain_Amygdala,rs12484060,0.9432,abf,-0.0398,0.0103,0.000113,0.0003,0.0366,20.0,96.5748,False,smr_heidi_supported,coloc_and_smr_heidi_not_rejected
aging__scz,scz,PPIL2,ENSG00000100023,sQTL,chr22:21695496:21696747:clu_38301_+:ENSG00000100023.20,Brain_Caudate_basal_ganglia,rs5999098,0.9328,abf,-0.0489,0.0127,0.000116,0.0003,0.0108,20.0,107.3373,False,smr_heidi_supported,coloc_and_smr_heidi_not_rejected
aging__scz,scz,ZDHHC12,ENSG00000160446,sQTL,chr9:128721502:128721651:clu_45055_-:ENSG00000160446.19,Brain_Amygdala,rs139969404,0.9285,abf,-0.0523,0.0136,0.000118,0.0003,0.0775,19.0,72.0233,False,smr_heidi_supported,coloc_and_smr_heidi_not_rejected
aging__scz,scz,NMRAL1,ENSG00000153406,sQTL,chr16:4474166:4474554:clu_20210_-:ENSG00000153406.14,Brain_Cerebellar_Hemisphere,rs3761680,0.8987,susie,-0.0625,0.0162,0.000119,0.0003,0.396,20.0,53.4428,False,smr_heidi_supported,coloc_and_smr_heidi_not_rejected
aging__scz,scz,CDIP1,ENSG00000089486,sQTL,chr16:4514664:4538325:clu_19776_-:ENSG00000089486.17,Brain_Hypothalamus,rs4786493,0.9354,susie,-0.0892,0.0233,0.000132,0.0003,0.893,20.0,42.805,False,smr_heidi_supported,coloc_and_smr_heidi_not_rejected
aging__scz,scz,NUP50,ENSG00000093000,sQTL,chr22:45183520:45184453:clu_38887_+:ENSG00000093000.19,Brain_Cerebellum,rs132830,0.9533,abf,-0.0804,0.0211,0.000135,0.0003,0.888,20.0,66.9364,False,smr_heidi_supported,coloc_and_smr_heidi_not_rejected
aging__scz,scz,CDIP1,ENSG00000089486,sQTL,chr16:4514664:4538702:clu_17197_-:ENSG00000089486.17,Brain_Substantia_nigra,rs4786493,0.9284,abf,0.0827,0.0217,0.000138,0.0003,0.683,20.0,42.1421,False,smr_heidi_supported,coloc_and_smr_heidi_not_rejected
aging__scz,scz,L3HYPDH,ENSG00000126790,sQTL,chr14:59479351:59505189:clu_16291_-:ENSG00000126790.12,Brain_Cerebellar_Hemisphere,rs1253107,0.9445,susie,0.11,0.0289,0.000143,0.0003,0.0922,19.0,33.1723,False,smr_heidi_supported,coloc_and_smr_heidi_not_rejected
aging__scz,scz,TMED4,ENSG00000158604,sQTL,chr7:44579628:44581449:clu_49657_-:ENSG00000158604.16,Brain_Frontal_Cortex_BA9,rs217357,0.9367,abf,-0.0903,0.0237,0.000144,0.0003,0.208,15.0,41.302,False,smr_heidi_supported,coloc_and_smr_heidi_not_rejected
aging__scz,scz,NMRAL1,ENSG00000153406,sQTL,chr16:4474166:4474554:clu_20403_-:ENSG00000153406.14,Brain_Cerebellum,rs56895104,0.9017,susie,-0.0528,0.0139,0.000145,0.0003,0.223,20.0,69.3588,False,smr_heidi_supported,coloc_and_smr_heidi_not_rejected
aging__scz,scz,IDH3B,ENSG00000101365,sQTL,chr20:2658837:2659109:clu_35928_-:ENSG00000101365.22,Brain_Cerebellum,rs6115368,0.8596,abf,0.041,0.0108,0.000145,0.0003,0.659,20.0,193.2254,False,smr_heidi_supported,coloc_and_smr_heidi_not_rejected
brainseq-sczd__scz,scz,IDH3B,ENSG00000101365,sQTL,chr20:2658837:2659109:clu_35928_-:ENSG00000101365.22,Brain_Cerebellum,rs6115368,0.8596,abf,0.041,0.0108,0.000145,0.0022,0.659,20.0,193.2254,False,smr_heidi_supported,coloc_and_smr_heidi_not_rejected
aging__scz,scz,YPEL1,ENSG00000100027,sQTL,chr22:21701218:21703370:clu_39214_-:ENSG00000100027.17,Brain_Cerebellum,rs2236643,0.9848,abf,0.065,0.0172,0.000152,0.0003,0.45,20.0,49.2208,False,smr_heidi_supported,coloc_and_smr_heidi_not_rejected
aging__scz,scz,CD46,ENSG00000117335,sQTL,chr1:207767195:207770321:clu_2637_+:ENSG00000117335.21,Brain_Cerebellum,rs4844390,0.8035,abf,-0.0595,0.0157,0.000155,0.0003,0.104,20.0,106.4213,False,smr_heidi_supported,coloc_and_smr_heidi_not_rejected
aging__scz,scz,NUP50,ENSG00000093000,sQTL,chr22:45164296:45168168:clu_34879_+:ENSG00000093000.19,Brain_Anterior_cingulate_cortex_BA24,rs2673086,0.9176,abf,0.064,0.0169,0.000159,0.0003,0.576,17.0,45.1462,False,smr_heidi_supported,coloc_and_smr_heidi_not_rejected
aging__scz,scz,CDIP1,ENSG00000089486,sQTL,chr16:4514664:4538702:clu_16168_-:ENSG00000089486.17,Brain_Amygdala,rs2058811,0.9294,susie,0.0657,0.0174,0.000166,0.0003,0.726,20.0,39.6448,False,smr_heidi_supported,coloc_and_smr_heidi_not_rejected
aging__scz,scz,NUP50,ENSG00000093000,sQTL,chr22:45164296:45168168:clu_37051_+:ENSG00000093000.19,Brain_Frontal_Cortex_BA9,rs477067,0.9275,abf,0.058,0.0154,0.000167,0.0003,0.951,20.0,71.1537,False,smr_heidi_supported,coloc_and_smr_heidi_not_rejected
aging__scz,scz,IDH3B,ENSG00000101365,sQTL,chr20:2658837:2659109:clu_35626_-:ENSG00000101365.22,Brain_Cerebellar_Hemisphere,rs6115368,0.84,abf,0.0421,0.0112,0.000169,0.0003,0.644,18.0,152.3334,False,smr_heidi_supported,coloc_and_smr_heidi_not_rejected
brainseq-sczd__scz,scz,IDH3B,ENSG00000101365,sQTL,chr20:2658837:2659109:clu_35626_-:ENSG00000101365.22,Brain_Cerebellar_Hemisphere,rs6115368,0.84,abf,0.0421,0.0112,0.000169,0.0022,0.644,18.0,152.3334,False,smr_heidi_supported,coloc_and_smr_heidi_not_rejected
aging__scz,scz,NMRAL1,ENSG00000153406,sQTL,chr16:4474166:4474423:clu_19692_-:ENSG00000153406.14,Brain_Nucleus_accumbens_basal_ganglia,rs3761681,0.9044,susie,0.0683,0.0182,0.000178,0.0003,0.243,20.0,51.9932,False,smr_heidi_supported,coloc_and_smr_heidi_not_rejected
aging__scz,scz,PPIL2,ENSG00000100023,sQTL,chr22:21695496:21696747:clu_32877_+:ENSG00000100023.20,Brain_Substantia_nigra,rs12484060,0.9358,abf,-0.0526,0.0141,0.000186,0.0003,0.0314,20.0,67.3156,False,smr_heidi_supported,coloc_and_smr_heidi_not_rejected
brainseq-sczd__scz,scz,CCDC122,ENSG00000151773,sQTL,chr13:43874927:43879418:clu_13666_-:ENSG00000151773.13,Brain_Putamen_basal_ganglia,rs12428350,0.9317,abf,0.072,0.0193,0.000187,0.0022,0.553,16.0,35.0273,False,smr_heidi_supported,coloc_and_smr_heidi_not_rejected
aging__scz,scz,TMED4,ENSG00000158604,sQTL,chr7:44579628:44581449:clu_45410_-:ENSG00000158604.16,Brain_Anterior_cingulate_cortex_BA24,rs740094,0.8499,abf,-0.072,0.0193,0.000188,0.0003,0.481,11.0,44.0724,False,smr_heidi_supported,coloc_and_smr_heidi_not_rejected
aging__scz,scz,NUP50,ENSG00000093000,sQTL,chr22:45183520:45184453:clu_38561_+:ENSG00000093000.19,Brain_Cerebellar_Hemisphere,rs80428,0.9448,abf,-0.0921,0.0247,0.000191,0.0003,0.831,20.0,52.7362,False,smr_heidi_supported,coloc_and_smr_heidi_not_rejected
aging__scz,scz,FAM120AOS,ENSG00000188938,sQTL,chr9:93437866:93438627:clu_56347_-:ENSG00000188938.17,Brain_Cerebellum,rs7036984,0.919,abf,-0.0733,0.0198,0.000208,0.0003,0.152,20.0,44.4242,False,smr_heidi_supported,coloc_and_smr_heidi_not_rejected
aging__scz,scz,IDH3B,ENSG00000101365,sQTL,chr20:2658837:2659109:clu_34723_-:ENSG00000101365.22,Brain_Cortex,rs6115368,0.8592,abf,0.0474,0.0128,0.000211,0.0003,0.783,15.0,114.7087,False,smr_heidi_supported,coloc_and_smr_heidi_not_rejected
brainseq-sczd__scz,scz,IDH3B,ENSG00000101365,sQTL,chr20:2658837:2659109:clu_34723_-:ENSG00000101365.22,Brain_Cortex,rs6115368,0.8592,abf,0.0474,0.0128,0.000211,0.0022,0.783,15.0,114.7087,False,smr_heidi_supported,coloc_and_smr_heidi_not_rejected
aging__scz,scz,YPEL1,ENSG00000100027,sQTL,chr22:21701218:21703370:clu_34227_-:ENSG00000100027.17,Brain_Putamen_basal_ganglia,rs3788331,0.9819,abf,0.0814,0.022,0.000218,0.0003,0.316,20.0,40.4313,False,smr_heidi_supported,coloc_and_smr_heidi_not_rejected
aging__scz,scz,TMED4,ENSG00000158604,sQTL,chr7:44579628:44581449:clu_51145_-:ENSG00000158604.16,Brain_Cortex,rs217372,0.9375,abf,-0.0836,0.0226,0.000223,0.0003,0.689,11.0,40.99,False,smr_heidi_supported,coloc_and_smr_heidi_not_rejected
aging__scz,scz,YWHAB,ENSG00000166913,sQTL,chr20:44885886:44901531:clu_36346_+:ENSG00000166913.13,Brain_Caudate_basal_ganglia,rs2072726,0.832,abf,0.0691,0.0188,0.000234,0.0003,0.0376,11.0,54.2609,False,smr_heidi_supported,coloc_and_smr_heidi_not_rejected
aging__scz,scz,YPEL1,ENSG00000100027,sQTL,chr22:21701218:21703370:clu_38869_-:ENSG00000100027.17,Brain_Cerebellar_Hemisphere,rs3788331,0.9854,abf,0.0743,0.0203,0.000248,0.0003,0.832,20.0,38.3638,False,smr_heidi_supported,coloc_and_smr_heidi_not_rejected
aging__scz,scz,ZDHHC12,ENSG00000160446,sQTL,chr9:128721502:128721651:clu_54855_-:ENSG00000160446.19,Brain_Hypothalamus,rs941959,0.8841,abf,-0.055,0.015,0.000256,0.0003,0.105,20.0,70.2902,False,smr_heidi_supported,coloc_and_smr_heidi_not_rejected
aging__scz,scz,ZDHHC12,ENSG00000160446,sQTL,chr9:128721502:128721651:clu_56782_-:ENSG00000160446.19,Brain_Cerebellum,rs10988103,0.9146,abf,-0.0813,0.0223,0.000274,0.0003,0.309,17.0,47.3581,False,smr_heidi_supported,coloc_and_smr_heidi_not_rejected
aging__scz,scz,PAM16,ENSG00000217930,sQTL,chr16:4355163:4355286:clu_16154_-:ENSG00000217930.8,Brain_Amygdala,rs12446640,0.9082,susie,-0.0949,0.0262,0.000287,0.0003,0.342,20.0,30.8119,False,smr_heidi_supported,coloc_and_smr_heidi_not_rejected
aging__scz,scz,TMED4,ENSG00000158604,sQTL,chr7:44579628:44581093:clu_48067_-:ENSG00000158604.16,Brain_Hippocampus,rs217357,0.9386,abf,0.0914,0.0252,0.000291,0.0003,0.875,10.0,32.0324,False,smr_heidi_supported,coloc_and_smr_heidi_not_rejected
aging__scz,scz,NUP50,ENSG00000093000,sQTL,chr22:45183520:45184453:clu_38749_+:ENSG00000093000.19,Brain_Caudate_basal_ganglia,rs1811817,0.9603,abf,-0.0939,0.026,0.000307,0.0003,0.634,19.0,36.8534,False,instrumented_tested_null,coloc_smr_not_significant
aging__scz,scz,YWHAB,ENSG00000166913,sQTL,chr20:44885886:44901531:clu_35702_+:ENSG00000166913.13,Brain_Hypothalamus,rs16989483,0.8017,abf,0.0792,0.0221,0.00034,0.0003,0.154,11.0,39.4731,False,instrumented_tested_null,coloc_smr_not_significant
aging__scz,scz,NUP50,ENSG00000093000,sQTL,chr22:45164296:45168168:clu_37500_+:ENSG00000093000.19,Brain_Cortex,rs477067,0.9354,abf,0.0661,0.0185,0.000345,0.0003,0.813,20.0,46.3491,False,instrumented_tested_null,coloc_smr_not_significant
aging__scz,scz,HMOX2,ENSG00000103415,sQTL,chr16:4483754:4505484:clu_19288_+:ENSG00000103415.12,Brain_Frontal_Cortex_BA9,rs6500614,0.8286,susie,-0.0886,0.0249,0.000371,0.0003,0.138,20.0,37.6392,False,instrumented_tested_null,coloc_smr_not_significant
aging__scz,scz,NUP50,ENSG00000093000,sQTL,chr22:45164296:45168168:clu_38072_+:ENSG00000093000.19,Brain_Hypothalamus,rs132832,0.9181,abf,0.0651,0.0184,0.000389,0.0003,0.457,15.0,42.4797,False,instrumented_tested_null,coloc_smr_not_significant
aging__scz,scz,DNAJA3,ENSG00000103423,sQTL,chr16:4434517:4437402:clu_21935_+:ENSG00000103423.14,Brain_Cerebellum,rs13335685,0.9017,susie,-0.0761,0.0216,0.000428,0.0003,0.457,20.0,33.4244,False,instrumented_tested_null,coloc_smr_not_significant
aging__scz,scz,IDH3B,ENSG00000101365,sQTL,chr20:2659312:2659525:clu_32571_-:ENSG00000101365.22,Brain_Hippocampus,rs6115368,0.8256,abf,0.0639,0.0182,0.000439,0.0003,0.926,13.0,59.4799,False,instrumented_tested_null,coloc_smr_not_significant
brainseq-sczd__scz,scz,IDH3B,ENSG00000101365,sQTL,chr20:2659312:2659525:clu_32571_-:ENSG00000101365.22,Brain_Hippocampus,rs6115368,0.8256,abf,0.0639,0.0182,0.000439,0.0022,0.926,13.0,59.4799,False,smr_heidi_supported,coloc_and_smr_heidi_not_rejected
aging__scz,scz,YWHAB,ENSG00000166913,sQTL,chr20:44885886:44901531:clu_35925_+:ENSG00000166913.13,Brain_Cortex,rs3761188,0.8563,abf,0.0752,0.0214,0.000451,0.0003,0.0586,8.0,38.7562,False,instrumented_tested_null,coloc_smr_not_significant
aging__scz,scz,YPEL1,ENSG00000100027,sQTL,chr22:21701218:21703370:clu_35883_-:ENSG00000100027.17,Brain_Frontal_Cortex_BA9,rs3788331,0.9818,abf,0.0929,0.0266,0.000472,0.0003,0.782,12.0,29.9364,False,instrumented_tested_null,coloc_smr_not_significant
aging__scz,scz,NMRAL1,ENSG00000153406,sQTL,chr16:4474166:4474423:clu_19774_-:ENSG00000153406.14,Brain_Hypothalamus,rs12443748,0.9088,susie,0.0819,0.0235,0.000486,0.0003,0.392,20.0,30.9447,False,instrumented_tested_null,coloc_smr_not_significant
aging__scz,scz,MAP2K5,ENSG00000137764,sQTL,chr15:67563350:67585890:clu_18023_+:ENSG00000137764.20,Brain_Cortex,rs9302245,0.9562,abf,-0.0865,0.0249,0.000514,0.0003,0.7,20.0,30.1965,False,instrumented_tested_null,coloc_smr_not_significant
aging__scz,scz,PPIL2,ENSG00000100023,sQTL,chr22:21695496:21696747:clu_34932_+:ENSG00000100023.20,Brain_Putamen_basal_ganglia,rs5754727,0.8551,abf,-0.0404,0.0116,0.00052,0.0003,0.0317,20.0,91.531,False,instrumented_tested_null,coloc_smr_not_significant
aging__scz,scz,NUP50,ENSG00000093000,sQTL,chr22:45164296:45168168:clu_35900_+:ENSG00000093000.19,Brain_Hippocampus,rs132832,0.9095,abf,0.0685,0.0199,0.000583,0.0003,0.817,17.0,34.9531,False,instrumented_tested_null,coloc_smr_not_significant
aging__scz,scz,MAP2K5,ENSG00000137764,sQTL,chr15:67563350:67585890:clu_19636_+:ENSG00000137764.20,Brain_Cerebellum,rs11630730,0.8517,abf,-0.0741,0.022,0.000754,0.0003,0.0536,20.0,35.2567,False,instrumented_tested_null,coloc_smr_not_significant
aging__scz,scz,CDIP1,ENSG00000089486,sQTL,chr16:4514664:4538702:clu_18587_-:ENSG00000089486.17,Brain_Hippocampus,rs841231,0.8014,susie,0.0847,0.0256,0.000961,0.0003,0.378,20.0,30.6683,False,instrumented_tested_null,coloc_smr_not_significant
aging__scz,scz,YPEL1,ENSG00000100027,sQTL,chr22:21701218:21703370:clu_37429_-:ENSG00000100027.17,Brain_Nucleus_accumbens_basal_ganglia,rs861812,0.9037,abf,0.0546,0.0165,0.000974,0.0003,0.435,20.0,49.5271,False,instrumented_tested_null,coloc_smr_not_significant
aging__scz,scz,COPA,ENSG00000122218,sQTL,chr1:160332557:160335242:clu_5269_-:ENSG00000122218.17,Brain_Cerebellum,rs1802778,0.8295,abf,-0.114,0.0347,0.00106,0.0003,0.237,20.0,46.6123,False,instrumented_tested_null,coloc_smr_not_significant
aging__scz,scz,YWHAB,ENSG00000166913,sQTL,chr20:44885886:44901531:clu_36866_+:ENSG00000166913.13,Brain_Cerebellar_Hemisphere,rs2239535,0.8596,abf,0.0435,0.0134,0.00115,0.0003,0.0632,20.0,133.0574,False,instrumented_tested_null,coloc_smr_not_significant
aging__scz,scz,PRMT7,ENSG00000132600,sQTL,chr16:68356215:68356701:clu_17904_+:ENSG00000132600.18,Brain_Amygdala,rs56331745,0.9335,abf,0.0349,0.0109,0.00128,0.0003,0.459,20.0,105.1244,False,instrumented_tested_null,coloc_smr_not_significant
aging__scz,scz,NUCB2,ENSG00000070081,sQTL,chr11:17312120:17315386:clu_10052_+:ENSG00000070081.18,Brain_Hypothalamus,rs567033,0.8077,abf,-0.0745,0.0235,0.00153,0.0003,0.38,18.0,31.538,False,instrumented_tested_null,coloc_smr_not_significant
aging__scz,scz,TMED4,ENSG00000158604,sQTL,chr7:44579628:44581449:clu_40632_-:ENSG00000158604.16,Brain_Amygdala,rs3735477,0.936,abf,-0.059,0.0193,0.00223,0.0003,0.253,12.0,31.7442,False,instrumented_tested_null,coloc_smr_not_significant
brainseq-sczd__scz,scz,MRPS33,ENSG00000090263,sQTL,chr7:141006535:141014551:clu_50126_-:ENSG00000090263.16,Brain_Nucleus_accumbens_basal_ganglia,rs117763690,0.8478,abf,-0.0441,0.0156,0.0048,0.0022,0.11,20.0,62.0643,False,instrumented_tested_null,coloc_smr_not_significant
brainseq-sczd__scz,scz,MRPS33,ENSG00000090263,sQTL,chr7:141006535:141014551:clu_52019_-:ENSG00000090263.16,Brain_Cerebellum,rs2968552,0.8587,abf,-0.0552,0.0206,0.0073,0.0022,0.21,20.0,45.5654,False,instrumented_tested_null,coloc_smr_not_significant
aging__scz,scz,GPR135,ENSG00000181619,sQTL,chr14:59473090:59474439:clu_16289_-:ENSG00000181619.12,Brain_Cerebellar_Hemisphere,rs1253098,0.9326,susie,0.0312,0.0151,0.0394,0.0003,0.0157,20.0,69.7524,False,instrumented_tested_null,coloc_smr_not_significant
aging__scz,scz,L3HYPDH,ENSG00000126790,sQTL,chr14:59504669:59505189:clu_17448_-:ENSG00000126790.12,Brain_Cerebellum,rs1262129,0.9367,susie,-0.0323,0.0157,0.0402,0.0003,0.0215,20.0,53.3909,False,instrumented_tested_null,coloc_smr_not_significant
aging__scz,scz,INO80E,ENSG00000169592,sQTL,chr16:30004657:30005221:clu_19817_+:ENSG00000169592.15,Brain_Putamen_basal_ganglia,rs66818723,0.9433,abf,0.0268,0.0172,0.121,0.0003,0.000387,20.0,32.7363,False,instrumented_tested_null,coloc_smr_not_significant
aging__scz,scz,SNAP91,ENSG00000065609,sQTL,chr6:83607808:83610650:clu_42683_-:ENSG00000065609.15,Brain_Spinal_cord_cervical_c-1,rs113571257,0.9623,abf,0.0165,0.0154,0.284,0.0003,0.149,5.0,34.1578,False,instrumented_tested_null,coloc_smr_not_significant
aging__scz,scz,NT5C2,ENSG00000076685,sQTL,chr10:103174982:103181185:clu_6477_-:ENSG00000076685.19,Brain_Amygdala,,0.8225,abf,,,,0.0003,,,,False,no_instrument,coloc_no_instrument
aging__scz,scz,DGKZ,ENSG00000149091,sQTL,chr11:46369550:46371313:clu_8422_+:ENSG00000149091.15,Brain_Amygdala,,0.8783,abf,,,,0.0003,,,,False,no_instrument,coloc_no_instrument
aging__scz,scz,DOC2A,ENSG00000149927,sQTL,chr16:30007090:30007173:clu_16429_-:ENSG00000149927.18,Brain_Amygdala,,0.9467,abf,,,,0.0003,,,,False,no_instrument,coloc_no_instrument
aging__scz,scz,NDUFAF7,ENSG00000003509,sQTL,chr2:37248426:37253086:clu_26912_+:ENSG00000003509.16,Brain_Amygdala,,0.8585,abf,,,,0.0003,,,,False,no_instrument,coloc_no_instrument
aging__scz,scz,NUP50,ENSG00000093000,sQTL,chr22:45183520:45184453:clu_30783_+:ENSG00000093000.19,Brain_Amygdala,,0.8354,abf,,,,0.0003,,,,False,no_instrument,coloc_no_instrument
aging__scz,scz,GPM6A,ENSG00000150625,sQTL,chr4:175701767:175812191:clu_35977_-:ENSG00000150625.17,Brain_Amygdala,,0.8415,abf,,,,0.0003,,,,False,no_instrument,coloc_no_instrument
aging__scz,scz,CCS,ENSG00000173992,sQTL,chr11:66593714:66599116:clu_9713_+:ENSG00000173992.9,Brain_Anterior_cingulate_cortex_BA24,,0.9366,abf,,,,0.0003,,,,False,no_instrument,coloc_no_instrument
aging__scz,scz,MAP2K5,ENSG00000137764,sQTL,chr15:67563350:67585890:clu_16497_+:ENSG00000137764.20,Brain_Anterior_cingulate_cortex_BA24,,0.8221,abf,,,,0.0003,,,,False,no_instrument,coloc_no_instrument
aging__scz,scz,YPEL3,ENSG00000090238,sQTL,chr16:30094897:30095252:clu_19725_-:ENSG00000090238.12,Brain_Anterior_cingulate_cortex_BA24,,0.8447,abf,,,,0.0003,,,,False,no_instrument,coloc_no_instrument
aging__scz,scz,SETD6,ENSG00000103037,sQTL,chr16:58516343:58518401:clu_18727_+:ENSG00000103037.12,Brain_Anterior_cingulate_cortex_BA24,,0.9263,abf,,,,0.0003,,,,False,no_instrument,coloc_no_instrument
aging__scz,scz,ACTR1B,ENSG00000115073,sQTL,chr2:97658316:97658427:clu_28642_-:ENSG00000115073.8,Brain_Anterior_cingulate_cortex_BA24,,0.8479,abf,,,,0.0003,,,,False,no_instrument,coloc_no_instrument
aging__scz,scz,YPEL1,ENSG00000100027,sQTL,chr22:21701218:21703370:clu_33774_-:ENSG00000100027.17,Brain_Anterior_cingulate_cortex_BA24,,0.8989,abf,,,,0.0003,,,,False,no_instrument,coloc_no_instrument
aging__scz,scz,GLYCTK,ENSG00000168237,sQTL,chr3:52293192:52293307:clu_37230_+:ENSG00000168237.18,Brain_Anterior_cingulate_cortex_BA24,,0.8119,abf,,,,0.0003,,,,False,no_instrument,coloc_no_instrument
aging__scz,scz,DOC2A,ENSG00000149927,sQTL,chr16:30007090:30007173:clu_21964_-:ENSG00000149927.18,Brain_Caudate_basal_ganglia,,0.8707,abf,,,,0.0003,,,,False,no_instrument,coloc_no_instrument
aging__scz,scz,SNAP91,ENSG00000065609,sQTL,chr6:83607808:83610650:clu_49433_-:ENSG00000065609.15,Brain_Caudate_basal_ganglia,,0.9544,abf,,,,0.0003,,,,False,no_instrument,coloc_no_instrument
aging__scz,scz,RERE,ENSG00000142599,sQTL,chr1:8438300:8465925:clu_329_-:ENSG00000142599.20,Brain_Cerebellar_Hemisphere,,0.8181,abf,,,,0.0003,,,,False,no_instrument,coloc_no_instrument
aging__scz,scz,DGKZ,ENSG00000149091,sQTL,chr11:46369550:46371313:clu_10316_+:ENSG00000149091.15,Brain_Cerebellar_Hemisphere,,0.9237,abf,,,,0.0003,,,,False,no_instrument,coloc_no_instrument
aging__scz,scz,DNAJA3,ENSG00000103423,sQTL,chr16:4434517:4437402:clu_21722_+:ENSG00000103423.14,Brain_Cerebellar_Hemisphere,,0.9626,susie,,,,0.0003,,,,False,no_instrument,coloc_no_instrument
aging__scz,scz,INO80E,ENSG00000169592,sQTL,chr16:30001040:30001212:clu_22136_+:ENSG00000169592.15,Brain_Cerebellar_Hemisphere,,0.9583,susie,,,,0.0003,,,,False,no_instrument,coloc_no_instrument
aging__scz,scz,ASB3,ENSG00000115239,sQTL,chr2:53729570:53750783:clu_32019_-:ENSG00000115239.24,Brain_Cerebellar_Hemisphere,,0.8594,abf,,,,0.0003,,,,False,no_instrument,coloc_no_instrument
aging__scz,scz,GALNT15,ENSG00000131386,sQTL,chr3:16222758:16227354:clu_41483_+:ENSG00000131386.20,Brain_Cerebellar_Hemisphere,,0.8497,abf,,,,0.0003,,,,False,no_instrument,coloc_no_instrument
aging__scz,scz,FAM184A,ENSG00000111879,sQTL,chr6:118966952:118975024:clu_48563_-:ENSG00000111879.20,Brain_Cerebellar_Hemisphere,,0.832,abf,,,,0.0003,,,,False,no_instrument,coloc_no_instrument
aging__scz,scz,THAP3,ENSG00000041988,sQTL,chr1:6628691:6629643:clu_196_+:ENSG00000041988.16,Brain_Cerebellum,,0.86,abf,,,,0.0003,,,,False,no_instrument,coloc_no_instrument
aging__scz,scz,GPR135,ENSG00000181619,sQTL,chr14:59459004:59460972:clu_17446_-:ENSG00000181619.12,Brain_Cerebellum,,0.9331,susie,,,,0.0003,,,,False,no_instrument,coloc_no_instrument
aging__scz,scz,PAK6,ENSG00000137843,sQTL,chr15:40266495:40272224:clu_19266_+:ENSG00000137843.12,Brain_Cerebellum,,0.8664,abf,,,,0.0003,,,,False,no_instrument,coloc_no_instrument
aging__scz,scz,TUBGCP4,ENSG00000137822,sQTL,chr15:43398179:43400044:clu_19412_+:ENSG00000137822.13,Brain_Cerebellum,,0.8822,abf,,,,0.0003,,,,False,no_instrument,coloc_no_instrument
aging__scz,scz,PPIP5K1,ENSG00000168781,sQTL,chr15:43558932:43564103:clu_18270_-:ENSG00000168781.24,Brain_Cerebellum,,0.8687,abf,,,,0.0003,,,,False,no_instrument,coloc_no_instrument
aging__scz,scz,INO80E,ENSG00000169592,sQTL,chr16:30004657:30005221:clu_22358_+:ENSG00000169592.15,Brain_Cerebellum,,0.9528,susie,,,,0.0003,,,,False,no_instrument,coloc_no_instrument
aging__scz,scz,PBRM1,ENSG00000163939,sQTL,chr3:52644789:52648344:clu_40577_-:ENSG00000163939.19,Brain_Cerebellum,,0.9846,abf,,,,0.0003,,,,False,no_instrument,coloc_no_instrument
aging__scz,scz,YPEL1,ENSG00000100027,sQTL,chr22:21701218:21703370:clu_37795_-:ENSG00000100027.17,Brain_Cortex,,0.8661,abf,,,,0.0003,,,,False,no_instrument,coloc_no_instrument
aging__scz,scz,REEP2,ENSG00000132563,sQTL,chr5:138441461:138443587:clu_44816_+:ENSG00000132563.17,Brain_Cortex,,0.913,abf,,,,0.0003,,,,False,no_instrument,coloc_no_instrument
aging__scz,scz,NT5C2,ENSG00000076685,sQTL,chr10:103174982:103181185:clu_7688_-:ENSG00000076685.19,Brain_Frontal_Cortex_BA9,,0.8218,abf,,,,0.0003,,,,False,no_instrument,coloc_no_instrument
aging__scz,scz,TSPAN31,ENSG00000135452,sQTL,chr12:57738201:57745745:clu_13421_+:ENSG00000135452.10,Brain_Frontal_Cortex_BA9,,0.8133,abf,,,,0.0003,,,,False,no_instrument,coloc_no_instrument
aging__scz,scz,IKBIP,ENSG00000166130,sQTL,chr12:98634413:98644523:clu_12118_-:ENSG00000166130.15,Brain_Frontal_Cortex_BA9,,0.8534,abf,,,,0.0003,,,,False,no_instrument,coloc_no_instrument
aging__scz,scz,SYT5,ENSG00000129990,sQTL,chr19:55179086:55179964:clu_27541_-:ENSG00000129990.15,Brain_Frontal_Cortex_BA9,,0.9039,abf,,,,0.0003,,,,False,no_instrument,coloc_no_instrument
aging__scz,scz,EFHB,ENSG00000163576,sQTL,chr3:19946254:19946919:clu_37357_-:ENSG00000163576.18,Brain_Frontal_Cortex_BA9,,0.9647,abf,,,,0.0003,,,,False,no_instrument,coloc_no_instrument
aging__scz,scz,NEK4,ENSG00000114904,sQTL,chr3:52711869:52737586:clu_37848_-:ENSG00000114904.13,Brain_Frontal_Cortex_BA9,,0.82,abf,,,,0.0003,,,,False,no_instrument,coloc_no_instrument
aging__scz,scz,MAD1L1,ENSG00000002822,sQTL,chr7:1936897:1940088:clu_49299_-:ENSG00000002822.16,Brain_Frontal_Cortex_BA9,,0.966,abf,,,,0.0003,,,,False,no_instrument,coloc_no_instrument
aging__scz,scz,MAP7D1,ENSG00000116871,sQTL,chr1:36157290:36170971:clu_3360_+:ENSG00000116871.16,Brain_Hippocampus,,0.8603,abf,,,,0.0003,,,,False,no_instrument,coloc_no_instrument
aging__scz,scz,DGKZ,ENSG00000149091,sQTL,chr11:46369550:46371313:clu_9612_+:ENSG00000149091.15,Brain_Hippocampus,,0.8385,abf,,,,0.0003,,,,False,no_instrument,coloc_no_instrument
aging__scz,scz,MED19,ENSG00000156603,sQTL,chr11:57704396:57704719:clu_8177_-:ENSG00000156603.20,Brain_Hippocampus,,0.8101,abf,,,,0.0003,,,,False,no_instrument,coloc_no_instrument
aging__scz,scz,RCBTB1,ENSG00000136144,sQTL,chr13:49534262:49540876:clu_13967_-:ENSG00000136144.12,Brain_Hippocampus,,0.8861,abf,,,,0.0003,,,,False,no_instrument,coloc_no_instrument
aging__scz,scz,INO80E,ENSG00000169592,sQTL,chr16:30004657:30005221:clu_20180_+:ENSG00000169592.15,Brain_Hippocampus,,0.9215,abf,,,,0.0003,,,,False,no_instrument,coloc_no_instrument
aging__scz,scz,YWHAB,ENSG00000166913,sQTL,chr20:44885886:44901531:clu_33683_+:ENSG00000166913.13,Brain_Hippocampus,,0.8026,abf,,,,0.0003,,,,False,no_instrument,coloc_no_instrument
aging__scz,scz,PSMD6,ENSG00000163636,sQTL,chr3:64010955:64018599:clu_36755_-:ENSG00000163636.11,Brain_Hippocampus,,0.976,abf,,,,0.0003,,,,False,no_instrument,coloc_no_instrument
aging__scz,scz,DNAJA3,ENSG00000103423,sQTL,chr16:4450497:4455546:clu_21073_+:ENSG00000103423.14,Brain_Hypothalamus,,0.8998,abf,,,,0.0003,,,,False,no_instrument,coloc_no_instrument
aging__scz,scz,DOC2A,ENSG00000149927,sQTL,chr16:30007090:30007173:clu_20090_-:ENSG00000149927.18,Brain_Hypothalamus,,0.9494,abf,,,,0.0003,,,,False,no_instrument,coloc_no_instrument
aging__scz,scz,RERE,ENSG00000142599,sQTL,chr1:8438300:8465925:clu_287_-:ENSG00000142599.20,Brain_Nucleus_accumbens_basal_ganglia,,0.8563,abf,,,,0.0003,,,,False,no_instrument,coloc_no_instrument
aging__scz,scz,MAP7D1,ENSG00000116871,sQTL,chr1:36157290:36170971:clu_3554_+:ENSG00000116871.16,Brain_Nucleus_accumbens_basal_ganglia,,0.9608,abf,,,,0.0003,,,,False,no_instrument,coloc_no_instrument
aging__scz,scz,DGKZ,ENSG00000149091,sQTL,chr11:46369550:46371313:clu_10228_+:ENSG00000149091.15,Brain_Nucleus_accumbens_basal_ganglia,,0.9276,abf,,,,0.0003,,,,False,no_instrument,coloc_no_instrument
aging__scz,scz,FANCI,ENSG00000140525,sQTL,chr15:89307672:89312904:clu_18233_+:ENSG00000140525.20,Brain_Nucleus_accumbens_basal_ganglia,,0.8789,abf,,,,0.0003,,,,False,no_instrument,coloc_no_instrument
aging__scz,scz,INO80E,ENSG00000169592,sQTL,chr16:30004657:30005221:clu_21393_+:ENSG00000169592.15,Brain_Nucleus_accumbens_basal_ganglia,,0.936,abf,,,,0.0003,,,,False,no_instrument,coloc_no_instrument
aging__scz,scz,DOC2A,ENSG00000149927,sQTL,chr16:30007090:30007173:clu_20012_-:ENSG00000149927.18,Brain_Nucleus_accumbens_basal_ganglia,,0.901,abf,,,,0.0003,,,,False,no_instrument,coloc_no_instrument
aging__scz,scz,YWHAB,ENSG00000166913,sQTL,chr20:44885886:44901531:clu_35492_+:ENSG00000166913.13,Brain_Nucleus_accumbens_basal_ganglia,,0.8805,abf,,,,0.0003,,,,False,no_instrument,coloc_no_instrument
aging__scz,scz,RBM6,ENSG00000004534,sQTL,chr3:49962685:49967470:clu_40346_+:ENSG00000004534.15,Brain_Nucleus_accumbens_basal_ganglia,,0.8688,abf,,,,0.0003,,,,False,no_instrument,coloc_no_instrument
aging__scz,scz,NT5C2,ENSG00000076685,sQTL,chr10:103174982:103181185:clu_6133_-:ENSG00000076685.19,Brain_Putamen_basal_ganglia,,0.9067,abf,,,,0.0003,,,,False,no_instrument,coloc_no_instrument
aging__scz,scz,TEAD4,ENSG00000197905,sQTL,chr12:2959481:2959948:clu_12098_+:ENSG00000197905.10,Brain_Putamen_basal_ganglia,,0.9076,abf,,,,0.0003,,,,False,no_instrument,coloc_no_instrument
aging__scz,scz,LPCAT4,ENSG00000176454,sQTL,chr15:34360209:34362196:clu_17157_-:ENSG00000176454.15,Brain_Putamen_basal_ganglia,,0.8838,abf,,,,0.0003,,,,False,no_instrument,coloc_no_instrument
aging__scz,scz,NUP50,ENSG00000093000,sQTL,chr22:45164296:45168168:clu_35360_+:ENSG00000093000.19,Brain_Putamen_basal_ganglia,,0.8048,abf,,,,0.0003,,,,False,no_instrument,coloc_no_instrument
aging__scz,scz,GPM6A,ENSG00000150625,sQTL,chr4:175701767:175812191:clu_40493_-:ENSG00000150625.17,Brain_Putamen_basal_ganglia,,0.9083,abf,,,,0.0003,,,,False,no_instrument,coloc_no_instrument
aging__scz,scz,DGKZ,ENSG00000149091,sQTL,chr11:46369550:46371313:clu_9340_+:ENSG00000149091.15,Brain_Spinal_cord_cervical_c-1,,0.8922,abf,,,,0.0003,,,,False,no_instrument,coloc_no_instrument
aging__scz,scz,YWHAB,ENSG00000166913,sQTL,chr20:44885886:44901531:clu_32441_+:ENSG00000166913.13,Brain_Spinal_cord_cervical_c-1,,0.8614,abf,,,,0.0003,,,,False,no_instrument,coloc_no_instrument
aging__scz,scz,TMED4,ENSG00000158604,sQTL,chr7:44579628:44581093:clu_44955_-:ENSG00000158604.16,Brain_Spinal_cord_cervical_c-1,,0.9221,abf,,,,0.0003,,,,False,no_instrument,coloc_no_instrument
aging__scz,scz,TMED4,ENSG00000158604,sQTL,chr7:44579628:44581449:clu_43108_-:ENSG00000158604.16,Brain_Substantia_nigra,,0.914,abf,,,,0.0003,,,,False,no_instrument,coloc_no_instrument
brainseq-sczd__scz,scz,ACTR1B,ENSG00000115073,sQTL,chr2:97658316:97658427:clu_28642_-:ENSG00000115073.8,Brain_Anterior_cingulate_cortex_BA24,,0.8479,abf,,,,0.0022,,,,False,no_instrument,coloc_no_instrument
brainseq-sczd__scz,scz,GLYCTK,ENSG00000168237,sQTL,chr3:52293192:52293307:clu_37230_+:ENSG00000168237.18,Brain_Anterior_cingulate_cortex_BA24,,0.8119,abf,,,,0.0022,,,,False,no_instrument,coloc_no_instrument
brainseq-sczd__scz,scz,PAK6,ENSG00000137843,sQTL,chr15:40266495:40272224:clu_19266_+:ENSG00000137843.12,Brain_Cerebellum,,0.8664,abf,,,,0.0022,,,,False,no_instrument,coloc_no_instrument
brainseq-sczd__scz,scz,TUBGCP4,ENSG00000137822,sQTL,chr15:43398179:43400044:clu_19412_+:ENSG00000137822.13,Brain_Cerebellum,,0.8822,abf,,,,0.0022,,,,False,no_instrument,coloc_no_instrument
brainseq-sczd__scz,scz,TAOK2,ENSG00000149930,sQTL,chr16:29986504:29986844:clu_22355_+:ENSG00000149930.18,Brain_Cerebellum,,0.829,abf,,,,0.0022,,,,False,no_instrument,coloc_no_instrument
brainseq-sczd__scz,scz,CCDC122,ENSG00000151773,sQTL,chr13:43874927:43879418:clu_13925_-:ENSG00000151773.13,Brain_Hippocampus,,0.9133,abf,,,,0.0022,,,,False,no_instrument,coloc_no_instrument
brainseq-sczd__scz,scz,CCDC122,ENSG00000151773,sQTL,chr13:43874927:43879418:clu_14779_-:ENSG00000151773.13,Brain_Hypothalamus,,0.8563,abf,,,,0.0022,,,,False,no_instrument,coloc_no_instrument
brainseq-sczd__scz,scz,LPCAT4,ENSG00000176454,sQTL,chr15:34360209:34362196:clu_17157_-:ENSG00000176454.15,Brain_Putamen_basal_ganglia,,0.8838,abf,,,,0.0022,,,,False,no_instrument,coloc_no_instrument
brainseq-sczd__scz,scz,CCDC122,ENSG00000151773,sQTL,chr13:43874927:43879418:clu_12930_-:ENSG00000151773.13,Brain_Substantia_nigra,,0.8338,abf,,,,0.0022,,,,False,no_instrument,coloc_no_instrument
