analysis,trait,gene_name,gene,tissue,signal_level_nomination,estimator,PP4_sQTL,PP4_eQTL,prior_robustness,fallback_reason,phenotype_id,junction,junction_transcripts,go_invisible,junction_in_switch_pair,switch_pair,n_switch_pairs,junction_transcript_polarity_r,brainseq_region,brainseq_switch_pair,brainseq_replicates_switch,switch_pair_scope,clpp_resolves_switch
aging__als,als,TMEM175,ENSG00000127419,Brain_Cortex,True,coloc.susie,0.998,0.0118,robust,,chr4:932540:947709:clu_41883_+:ENSG00000127419.17,chr4:932540-947709(+),"ENST00000264771.9,ENST00000438836.6,ENST00000452360.6,ENST00000504505.1,ENST00000504744.5,ENST00000505734.1,ENST00000507319.5,ENST00000513682.5,ENST00000513952.5,ENST00000514453.5,ENST00000515876.5,ENST00000622959.3",True,True,ENST00000264771.9 | ENST00000438836.6 | ENST00000452360.6 | ENST00000508204.5 | ENST00000513952.5 | ENST00000622959.3,15,0.1345,,,,tissue_matched,True
aging__als,als,TMEM175,ENSG00000127419,Brain_Cerebellum,True,coloc.susie,0.9965,0.0116,robust,,chr4:947892:948116:clu_43392_+:ENSG00000127419.17,chr4:947892-948116(+),"ENST00000264771.9,ENST00000438836.6,ENST00000452360.6,ENST00000504744.5,ENST00000507319.5,ENST00000513682.5,ENST00000513952.5,ENST00000514546.5,ENST00000515876.5,ENST00000622959.3",True,True,ENST00000264771.9 | ENST00000438836.6 | ENST00000452360.6 | ENST00000508204.5 | ENST00000513952.5 | ENST00000515740.5,15,0.062,,,,tissue_matched,True
aging__scz,scz,SNAP91,ENSG00000065609,Brain_Cerebellum,True,coloc.susie,0.9745,0.0295,intermediate,,chr6:83607808:83610650:clu_50226_-:ENSG00000065609.15,chr6:83607808-83610650(-),"ENST00000195649.10,ENST00000369694.7,ENST00000439399.6,ENST00000518312.5,ENST00000520213.5,ENST00000520302.5,ENST00000521485.5,ENST00000521616.5,ENST00000521743.5,ENST00000521931.5",True,True,ENST00000195649.10 | ENST00000369694.7 | ENST00000439399.6 | ENST00000520302.5 | ENST00000521485.5 | ENST00000521743.5,15,0.0585,,,,tissue_matched,True
aging__lbd,lbd,SNCA,ENSG00000145335,Brain_Hypothalamus,True,coloc.susie,0.9705,0.0686,intermediate,,chr4:89835692:89836127:clu_43303_-:ENSG00000145335.17,chr4:89835692-89836127(-),"ENST00000508895.5,ENST00000618500.4",True,True,ENST00000336904.7 | ENST00000394986.5 | ENST00000394989.6 | ENST00000394991.8 | ENST00000506244.5 | ENST00000508895.5,15,-0.0577,,,,tissue_matched,False
aging__scz,scz,DOC2A,ENSG00000149927,Brain_Cerebellar_Hemisphere,True,coloc.susie,0.9686,0.0342,intermediate,,chr16:30007299:30008996:clu_20601_-:ENSG00000149927.18,chr16:30007299-30008996(-),"ENST00000350119.9,ENST00000563378.5,ENST00000564944.5,ENST00000564979.5,ENST00000565273.5,ENST00000566310.5,ENST00000567332.6,ENST00000616445.4",True,True,ENST00000350119.9 | ENST00000564233.5 | ENST00000564357.5 | ENST00000564944.5 | ENST00000565273.5 | ENST00000616445.4,15,0.1747,,,,tissue_matched,True
aging__scz,scz,THAP3,ENSG00000041988,Brain_Cerebellar_Hemisphere,True,coloc.susie,0.9636,0.0375,intermediate,,chr1:6628691:6629643:clu_3081_+:ENSG00000041988.16,chr1:6628691-6629643(+),ENST00000487819.5,False,True,ENST00000054650.9 | ENST00000307896.10 | ENST00000377627.7 | ENST00000472925.1 | ENST00000484676.1 | ENST00000487819.5,15,0.3161,,,,tissue_matched,True
aging__scz,scz,DNAJA3,ENSG00000103423,Brain_Cerebellar_Hemisphere,True,coloc.susie,0.9626,0.0185,intermediate,,chr16:4434517:4437402:clu_21722_+:ENSG00000103423.14,chr16:4434517-4437402(+),"ENST00000262375.11,ENST00000355296.8,ENST00000572009.1,ENST00000572139.5,ENST00000573120.5,ENST00000574895.1,ENST00000575106.5",True,True,ENST00000262375.11 | ENST00000355296.8 | ENST00000431375.6 | ENST00000576180.1 | ENST00000576911.5 | ENST00000577083.1,15,0.1179,,,,tissue_matched,True
aging__scz,scz,SNAP91,ENSG00000065609,Brain_Hypothalamus,True,coloc.abf,0.9608,0.0712,intermediate,qtl_cs_not_matching_gtex,chr6:83607808:83610650:clu_48498_-:ENSG00000065609.15,chr6:83607808-83610650(-),"ENST00000195649.10,ENST00000369694.7,ENST00000439399.6,ENST00000518312.5,ENST00000520213.5,ENST00000520302.5,ENST00000521485.5,ENST00000521616.5,ENST00000521743.5,ENST00000521931.5",True,True,ENST00000195649.10 | ENST00000369694.7 | ENST00000439399.6 | ENST00000520302.5 | ENST00000521485.5 | ENST00000521743.5,15,-0.0141,,,,tissue_matched,True
aging__scz,scz,NT5C2,ENSG00000076685,Brain_Cerebellum,True,coloc.susie,0.9588,0.0,intermediate,,chr10:103174982:103181185:clu_6920_-:ENSG00000076685.19,chr10:103174982-103181185(-),"ENST00000404739.8,ENST00000467380.1,ENST00000674860.1,ENST00000675020.1,ENST00000675326.1,ENST00000675436.1",False,True,ENST00000343289.9 | ENST00000369857.9 | ENST00000404739.8 | ENST00000674728.1 | ENST00000675020.1 | ENST00000675811.1,15,0.1147,,,,tissue_matched,True
aging__scz,scz,SNAP91,ENSG00000065609,Brain_Cortex,True,coloc.abf,0.9585,0.2962,intermediate,qtl_cs_not_matching_gtex,chr6:83607808:83610650:clu_48735_-:ENSG00000065609.15,chr6:83607808-83610650(-),"ENST00000195649.10,ENST00000369694.7,ENST00000439399.6,ENST00000518312.5,ENST00000520213.5,ENST00000520302.5,ENST00000521485.5,ENST00000521616.5,ENST00000521743.5,ENST00000521931.5",True,True,ENST00000195649.10 | ENST00000369694.7 | ENST00000439399.6 | ENST00000520302.5 | ENST00000521485.5 | ENST00000521743.5,15,-0.0158,,,,tissue_matched,True
aging__scz,scz,INO80E,ENSG00000169592,Brain_Cerebellar_Hemisphere,True,coloc.susie,0.9583,0.9672,intermediate,,chr16:30001040:30001212:clu_22136_+:ENSG00000169592.15,chr16:30001040-30001212(+),"ENST00000540562.1,ENST00000562441.5,ENST00000567065.5,ENST00000569957.5,ENST00000620599.4",True,True,ENST00000304516.11 | ENST00000562441.5 | ENST00000563197.6 | ENST00000568043.5 | ENST00000569957.5 | ENST00000620599.4,15,0.2712,,,,tissue_matched,True
aging__scz,scz,INO80E,ENSG00000169592,Brain_Cerebellum,True,coloc.susie,0.9528,0.9701,intermediate,,chr16:30004657:30005221:clu_22358_+:ENSG00000169592.15,chr16:30004657-30005221(+),"ENST00000540562.1,ENST00000562441.5,ENST00000567987.5,ENST00000569957.5",True,True,ENST00000304516.11 | ENST00000562441.5 | ENST00000563197.6 | ENST00000568043.5 | ENST00000569957.5 | ENST00000620599.4,15,0.0851,,,,tissue_matched,True
aging__ad,ad,ITGB1BP1,ENSG00000119185,Brain_Frontal_Cortex_BA9,True,coloc.susie,0.9513,0.0581,intermediate,,chr2:9418732:9419990:clu_29580_-:ENSG00000119185.13,chr2:9418732-9419990(-),"ENST00000360635.7,ENST00000488451.5,ENST00000492079.5,ENST00000494563.5",False,True,ENST00000238091.8 | ENST00000355346.9 | ENST00000359712.7 | ENST00000360635.7 | ENST00000460720.5 | ENST00000464228.5,15,-0.2041,,,,tissue_matched,False
aging__scz,scz,DOC2A,ENSG00000149927,Brain_Hypothalamus,True,coloc.abf,0.9494,0.0593,intermediate,qtl_cs_not_matching_gtex,chr16:30007090:30007173:clu_20090_-:ENSG00000149927.18,chr16:30007090-30007173(-),"ENST00000350119.9,ENST00000561671.5,ENST00000564944.5,ENST00000564979.5,ENST00000566310.5,ENST00000616445.4",True,True,ENST00000350119.9 | ENST00000564233.5 | ENST00000564357.5 | ENST00000564944.5 | ENST00000567824.1 | ENST00000616445.4,15,0.0643,,,,tissue_matched,True
aging__scz,scz,CRELD2,ENSG00000184164,Brain_Cerebellum,True,coloc.susie,0.9489,0.0502,intermediate,,chr22:49921761:49922612:clu_38950_+:ENSG00000184164.15,chr22:49921761-49922612(+),"ENST00000328268.9,ENST00000403427.3,ENST00000407217.7,ENST00000444954.1,ENST00000450207.5,ENST00000462253.5,ENST00000482956.5,ENST00000483652.5",True,True,ENST00000328268.9 | ENST00000403427.3 | ENST00000404488.7 | ENST00000482956.5 | ENST00000483652.5 | ENST00000487969.1,15,-0.0028,,,,tissue_matched,True
aging__scz,scz,NT5C2,ENSG00000076685,Brain_Cerebellar_Hemisphere,True,coloc.susie,0.9436,0.0,intermediate,,chr10:103174982:103181185:clu_6814_-:ENSG00000076685.19,chr10:103174982-103181185(-),"ENST00000404739.8,ENST00000467380.1,ENST00000674860.1,ENST00000675020.1,ENST00000675326.1,ENST00000675436.1",False,True,ENST00000343289.9 | ENST00000369857.9 | ENST00000404739.8 | ENST00000674728.1 | ENST00000675020.1 | ENST00000675811.1,15,0.1255,,,,tissue_matched,True
aging__scz,scz,CRELD2,ENSG00000184164,Brain_Cerebellar_Hemisphere,True,coloc.susie,0.9433,0.0169,intermediate,,chr22:49922443:49922612:clu_38623_+:ENSG00000184164.15,chr22:49922443-49922612(+),ENST00000404488.7,True,True,ENST00000328268.9 | ENST00000403427.3 | ENST00000404488.7 | ENST00000482956.5 | ENST00000483652.5 | ENST00000487969.1,15,0.1585,,,,tissue_matched,True
aging__lbd,lbd,SNCA,ENSG00000145335,Brain_Cerebellum,True,coloc.susie,0.9404,0.0673,intermediate,,chr4:89835692:89836127:clu_45006_-:ENSG00000145335.17,chr4:89835692-89836127(-),"ENST00000508895.5,ENST00000618500.4",True,True,ENST00000336904.7 | ENST00000394986.5 | ENST00000394989.6 | ENST00000394991.8 | ENST00000506244.5 | ENST00000508895.5,15,-0.2735,,,,tissue_matched,False
aging__scz,scz,GPR135,ENSG00000181619,Brain_Cerebellum,True,coloc.susie,0.9331,0.0037,intermediate,,chr14:59459004:59460972:clu_17446_-:ENSG00000181619.12,chr14:59459004-59460972(-),ENST00000481661.1,True,True,ENST00000395116.2 | ENST00000481661.1,1,0.356,,,,tissue_matched,True
aging__scz,scz,NMRAL1,ENSG00000153406,Brain_Cortex,True,coloc.susie,0.9322,0.5836,intermediate,,chr16:4474166:4474554:clu_19800_-:ENSG00000153406.14,chr16:4474166-4474554(-),"ENST00000283429.11,ENST00000571291.5,ENST00000573520.5,ENST00000575002.5",False,True,ENST00000283429.11 | ENST00000404295.7 | ENST00000571291.5 | ENST00000572232.5 | ENST00000574425.5 | ENST00000574733.5,15,-0.0435,,,,tissue_matched,False
aging__ad,ad,INTS8,ENSG00000164941,Brain_Cerebellum,True,coloc.susie,0.9306,0.0,intermediate,,chr8:94873477:94874552:clu_55382_+:ENSG00000164941.15,chr8:94873477-94874552(+),"ENST00000343161.8,ENST00000519736.5,ENST00000521155.5,ENST00000523206.5,ENST00000523731.6,ENST00000524333.5,ENST00000715987.1",True,True,ENST00000520526.5 | ENST00000521155.5 | ENST00000523206.5 | ENST00000523731.6 | ENST00000524333.5 | ENST00000715987.1,15,-0.0569,,,,tissue_matched,False
aging__scz,scz,CDIP1,ENSG00000089486,Brain_Amygdala,True,coloc.susie,0.9294,0.6244,intermediate,,chr16:4514664:4538702:clu_16168_-:ENSG00000089486.17,chr16:4514664-4538702(-),"ENST00000562334.5,ENST00000562579.5,ENST00000563507.5,ENST00000564828.5,ENST00000567695.6",True,True,ENST00000399599.7 | ENST00000562334.5 | ENST00000563332.6 | ENST00000563507.5 | ENST00000564828.5 | ENST00000567695.6,15,0.1169,,,,tissue_matched,False
aging__scz,scz,CDIP1,ENSG00000089486,Brain_Substantia_nigra,True,coloc.abf,0.9284,0.5617,intermediate,no_qtl_credible_set,chr16:4514664:4538702:clu_17197_-:ENSG00000089486.17,chr16:4514664-4538702(-),"ENST00000562334.5,ENST00000562579.5,ENST00000563507.5,ENST00000564828.5,ENST00000567695.6",True,True,ENST00000399599.7 | ENST00000562334.5 | ENST00000563332.6 | ENST00000563507.5 | ENST00000564828.5 | ENST00000567695.6,15,0.1519,,,,tissue_matched,False
aging__scz,scz,CRELD2,ENSG00000184164,Brain_Substantia_nigra,True,coloc.susie,0.9268,0.4422,intermediate,,chr22:49921761:49922612:clu_33328_+:ENSG00000184164.15,chr22:49921761-49922612(+),"ENST00000328268.9,ENST00000403427.3,ENST00000407217.7,ENST00000444954.1,ENST00000450207.5,ENST00000462253.5,ENST00000482956.5,ENST00000483652.5",True,True,ENST00000328268.9 | ENST00000403427.3 | ENST00000404488.7 | ENST00000482956.5 | ENST00000483652.5 | ENST00000487969.1,15,-0.0613,,,,tissue_matched,True
aging__ad,ad,INTS8,ENSG00000164941,Brain_Hippocampus,True,coloc.abf,0.9252,0.0859,intermediate,no_qtl_credible_set,chr8:94874602:94876074:clu_50513_+:ENSG00000164941.15,chr8:94874602-94876074(+),"ENST00000343161.8,ENST00000521155.5,ENST00000523206.5,ENST00000523731.6,ENST00000524333.5,ENST00000715987.1",True,True,ENST00000520526.5 | ENST00000521155.5 | ENST00000523206.5 | ENST00000523731.6 | ENST00000524333.5 | ENST00000715987.1,15,-0.0428,,,,tissue_matched,False
aging__scz,scz,CRELD2,ENSG00000184164,Brain_Hippocampus,True,coloc.susie,0.9189,0.7628,intermediate,,chr22:49922443:49922612:clu_35957_+:ENSG00000184164.15,chr22:49922443-49922612(+),ENST00000404488.7,True,True,ENST00000328268.9 | ENST00000403427.3 | ENST00000404488.7 | ENST00000482956.5 | ENST00000483652.5 | ENST00000487969.1,15,-0.0576,,,,tissue_matched,True
aging__scz,scz,GPM6A,ENSG00000150625,Brain_Putamen_basal_ganglia,True,coloc.abf,0.9083,0.0176,intermediate,no_qtl_credible_set,chr4:175701767:175812191:clu_40493_-:ENSG00000150625.17,chr4:175701767-175812191(-),"ENST00000280187.11,ENST00000393658.7,ENST00000513365.1",False,True,ENST00000280187.11 | ENST00000393658.7 | ENST00000503397.5 | ENST00000506219.5 | ENST00000506894.5 | ENST00000508323.1,15,-0.1109,,,,tissue_matched,False
aging__scz,scz,NT5C2,ENSG00000076685,Brain_Cortex,True,coloc.susie,0.907,0.9634,intermediate,,chr10:103174982:103181185:clu_7837_-:ENSG00000076685.19,chr10:103174982-103181185(-),"ENST00000404739.8,ENST00000467380.1,ENST00000674860.1,ENST00000675020.1,ENST00000675326.1,ENST00000675436.1",False,True,ENST00000343289.9 | ENST00000369857.9 | ENST00000404739.8 | ENST00000674728.1 | ENST00000675020.1 | ENST00000675811.1,15,0.0295,dlpfc,ENST00000343289.9 | ENST00000369857.9 | ENST00000404739.8 | ENST00000674728.1 | ENST00000675040.1 | ENST00000675164.1,True,tissue_matched,True
aging__scz,scz,NT5C2,ENSG00000076685,Brain_Putamen_basal_ganglia,True,coloc.abf,0.9067,0.4057,intermediate,qtl_cs_not_matching_gtex,chr10:103174982:103181185:clu_6133_-:ENSG00000076685.19,chr10:103174982-103181185(-),"ENST00000404739.8,ENST00000467380.1,ENST00000674860.1,ENST00000675020.1,ENST00000675326.1,ENST00000675436.1",False,True,ENST00000343289.9 | ENST00000404739.8 | ENST00000674728.1 | ENST00000675020.1 | ENST00000675164.1 | ENST00000675811.1,15,0.0783,,,,tissue_matched,True
aging__ad,ad,INO80E,ENSG00000169592,Brain_Cerebellum,True,coloc.susie,0.9031,0.5678,intermediate,,chr16:30004657:30005221:clu_22358_+:ENSG00000169592.15,chr16:30004657-30005221(+),"ENST00000540562.1,ENST00000562441.5,ENST00000567987.5,ENST00000569957.5",True,True,ENST00000304516.11 | ENST00000562441.5 | ENST00000563197.6 | ENST00000568043.5 | ENST00000569957.5 | ENST00000620599.4,15,0.0851,,,,tissue_matched,False
aging__scz,scz,DNAJA3,ENSG00000103423,Brain_Cerebellum,True,coloc.susie,0.9017,0.2819,intermediate,,chr16:4434517:4437402:clu_21935_+:ENSG00000103423.14,chr16:4434517-4437402(+),"ENST00000262375.11,ENST00000355296.8,ENST00000572009.1,ENST00000572139.5,ENST00000573120.5,ENST00000574895.1,ENST00000575106.5",True,True,ENST00000262375.11 | ENST00000355296.8 | ENST00000431375.6 | ENST00000576180.1 | ENST00000576911.5 | ENST00000577083.1,15,0.0804,,,,tissue_matched,True
aging__scz,scz,DNAJA3,ENSG00000103423,Brain_Hypothalamus,True,coloc.abf,0.8998,0.028,intermediate,no_qtl_credible_set,chr16:4450497:4455546:clu_21073_+:ENSG00000103423.14,chr16:4450497-4455546(+),"ENST00000355296.8,ENST00000431375.6,ENST00000576911.5",True,True,ENST00000262375.11 | ENST00000355296.8 | ENST00000431375.6 | ENST00000574393.1 | ENST00000576180.1 | ENST00000577083.1,15,-0.0716,,,,tissue_matched,True
aging__pd,pd,NCOR1,ENSG00000141027,Brain_Cerebellar_Hemisphere,True,coloc.susie,0.8956,0.0321,intermediate,,chr17:16171995:16186554:clu_23459_-:ENSG00000141027.23,chr17:16171995-16186554(-),"ENST00000268712.8,ENST00000395851.5,ENST00000411510.5,ENST00000430577.2,ENST00000436068.2,ENST00000436828.5,ENST00000582357.5,ENST00000585296.1,ENST00000704744.1,ENST00000704745.1",True,True,ENST00000268712.8 | ENST00000395848.5 | ENST00000395851.5 | ENST00000464381.5 | ENST00000704743.1 | ENST00000704745.1,15,0.1963,,,,tissue_matched,False
aging__pd,pd,ZSWIM7,ENSG00000214941,Brain_Cortex,True,coloc.susie,0.885,0.8058,primary_prior,,chr17:15993778:15999519:clu_22717_-:ENSG00000214941.8,chr17:15993778-15999519(-),"ENST00000399277.6,ENST00000472495.5,ENST00000486655.5",True,True,ENST00000399277.6 | ENST00000399280.6 | ENST00000472495.5 | ENST00000486706.6 | ENST00000490395.5 | ENST00000491631.5,15,0.1265,,,,tissue_matched,False
aging__als,als,PTPRN,ENSG00000054356,Brain_Cerebellum,True,coloc.susie,0.8806,0.0597,primary_prior,,chr2:219295141:219296226:clu_33549_-:ENSG00000054356.14,chr2:219295141-219296226(-),"ENST00000295718.7,ENST00000409251.7,ENST00000423636.6,ENST00000443981.5",True,True,ENST00000295718.7 | ENST00000409251.7 | ENST00000423636.6 | ENST00000443981.5 | ENST00000460801.5 | ENST00000462351.5,15,-0.0498,,,,tissue_matched,True
aging__als,als,PTPRN,ENSG00000054356,Brain_Cortex,True,coloc.susie,0.8794,0.5849,primary_prior,,chr2:219295141:219296226:clu_32270_-:ENSG00000054356.14,chr2:219295141-219296226(-),"ENST00000295718.7,ENST00000409251.7,ENST00000423636.6,ENST00000443981.5",True,True,ENST00000295718.7 | ENST00000409251.7 | ENST00000423636.6 | ENST00000443981.5 | ENST00000462351.5 | ENST00000497977.1,15,0.1861,,,,tissue_matched,True
aging__scz,scz,NMRAL1,ENSG00000153406,Brain_Substantia_nigra,True,coloc.susie,0.8592,0.7224,primary_prior,,chr16:4474166:4474554:clu_17195_-:ENSG00000153406.14,chr16:4474166-4474554(-),"ENST00000283429.11,ENST00000571291.5,ENST00000573520.5,ENST00000575002.5",False,True,ENST00000283429.11 | ENST00000404295.7 | ENST00000571291.5 | ENST00000572232.5 | ENST00000574425.5 | ENST00000574733.5,15,0.0258,,,,tissue_matched,False
aging__ad,ad,TPCN1,ENSG00000186815,Brain_Cerebellum,True,coloc.susie,0.8357,0.2429,primary_prior,,chr12:113280195:113284581:clu_14660_+:ENSG00000186815.13,chr12:113280195-113284581(+),"ENST00000335509.11,ENST00000392569.8,ENST00000428632.7,ENST00000541517.5,ENST00000546781.5,ENST00000550785.5,ENST00000551127.5,ENST00000552077.5",False,True,ENST00000335509.11 | ENST00000428632.7 | ENST00000541517.5 | ENST00000550785.5 | ENST00000551127.5 | ENST00000552542.5,15,0.2181,,,,tissue_matched,False
aging__scz,scz,CDIP1,ENSG00000089486,Brain_Cortex,True,coloc.susie,0.8322,0.8025,primary_prior,,chr16:4514664:4538702:clu_19802_-:ENSG00000089486.17,chr16:4514664-4538702(-),"ENST00000562334.5,ENST00000562579.5,ENST00000563507.5,ENST00000564828.5,ENST00000567695.6",True,True,ENST00000399599.7 | ENST00000562334.5 | ENST00000563332.6 | ENST00000563507.5 | ENST00000564828.5 | ENST00000567695.6,15,0.247,,,,tissue_matched,False
aging__scz,scz,HMOX2,ENSG00000103415,Brain_Frontal_Cortex_BA9,True,coloc.susie,0.8286,0.0224,primary_prior,,chr16:4483754:4505484:clu_19288_+:ENSG00000103415.12,chr16:4483754-4505484(+),"ENST00000458134.7,ENST00000570445.5",False,True,ENST00000398595.7 | ENST00000458134.7 | ENST00000570445.5 | ENST00000570646.6 | ENST00000575120.5 | ENST00000576827.5,15,0.1174,,,,tissue_matched,False
aging__ad,ad,INO80E,ENSG00000169592,Brain_Cerebellar_Hemisphere,True,coloc.susie,0.8147,0.6791,primary_prior,,chr16:30001040:30001212:clu_22136_+:ENSG00000169592.15,chr16:30001040-30001212(+),"ENST00000540562.1,ENST00000562441.5,ENST00000567065.5,ENST00000569957.5,ENST00000620599.4",True,True,ENST00000304516.11 | ENST00000562441.5 | ENST00000563197.6 | ENST00000568043.5 | ENST00000569957.5 | ENST00000620599.4,15,0.2712,,,,tissue_matched,False
aging__scz,scz,CDIP1,ENSG00000089486,Brain_Hippocampus,True,coloc.susie,0.8014,0.0215,primary_prior,,chr16:4514664:4538702:clu_18587_-:ENSG00000089486.17,chr16:4514664-4538702(-),"ENST00000562334.5,ENST00000562579.5,ENST00000563507.5,ENST00000564828.5,ENST00000567695.6",True,True,ENST00000399599.7 | ENST00000562334.5 | ENST00000563332.6 | ENST00000563507.5 | ENST00000564828.5 | ENST00000567695.6,15,0.115,,,,tissue_matched,False
aging__scz,scz,ACTR1B,ENSG00000115073,Brain_Frontal_Cortex_BA9,False,coloc.abf,0.9957,0.9311,robust,gwas_no_credible_set,chr2:97658316:97658427:clu_30361_-:ENSG00000115073.8,chr2:97658316-97658427(-),"ENST00000289228.7,ENST00000451664.1",False,True,ENST00000289228.7 | ENST00000451664.1 | ENST00000460427.2,3,0.0043,,,,tissue_matched,False
brainseq-sczd__scz,scz,ACTR1B,ENSG00000115073,Brain_Frontal_Cortex_BA9,False,coloc.abf,0.9957,0.9311,robust,gwas_no_credible_set,chr2:97658316:97658427:clu_30361_-:ENSG00000115073.8,chr2:97658316-97658427(-),"ENST00000289228.7,ENST00000451664.1",True,True,ENST00000289228.7 | ENST00000451664.1 | ENST00000460427.2,3,0.0043,,,,tissue_matched,False
aging__scz,scz,ACTR1B,ENSG00000115073,Brain_Cortex,False,coloc.abf,0.9952,0.9946,robust,gwas_no_credible_set,chr2:97658316:97658427:clu_31403_-:ENSG00000115073.8,chr2:97658316-97658427(-),"ENST00000289228.7,ENST00000451664.1",False,True,ENST00000289228.7 | ENST00000451664.1 | ENST00000460427.2,3,-0.0011,,,,tissue_matched,False
brainseq-sczd__scz,scz,ACTR1B,ENSG00000115073,Brain_Cortex,False,coloc.abf,0.9952,0.9946,robust,gwas_no_credible_set,chr2:97658316:97658427:clu_31403_-:ENSG00000115073.8,chr2:97658316-97658427(-),"ENST00000289228.7,ENST00000451664.1",True,True,ENST00000289228.7 | ENST00000451664.1 | ENST00000460427.2,3,-0.0011,,,,tissue_matched,False
aging__pd,pd,CDHR3,ENSG00000128536,Brain_Cerebellar_Hemisphere,False,coloc.abf,0.9951,0.0086,robust,gwas_no_credible_set,chr7:106018072:106020373:clu_52749_+:ENSG00000128536.16,chr7:106018072-106020373(+),"ENST00000317716.14,ENST00000478080.5",False,True,ENST00000317716.14 | ENST00000466045.1 | ENST00000468143.1 | ENST00000468477.1 | ENST00000470188.5 | ENST00000487084.1,15,-0.1123,,,,tissue_matched,False
aging__als,als,C9orf72,ENSG00000147894,Brain_Cerebellum,False,coloc.abf,0.9912,0.0,robust,gwas_locus_over_max_snps,chr9:27556796:27558491:clu_55922_-:ENSG00000147894.17,chr9:27556796-27558491(-),"ENST00000380003.8,ENST00000488117.5,ENST00000619707.5,ENST00000644136.1,ENST00000647196.1,ENST00000673600.1",True,True,ENST00000379997.7 | ENST00000380003.8 | ENST00000488117.5 | ENST00000619707.5 | ENST00000647196.1 | ENST00000673600.1,15,-0.0042,,,,tissue_matched,False
aging__ad,ad,SLC39A13,ENSG00000165915,Brain_Spinal_cord_cervical_c-1,False,coloc.abf,0.9871,0.0421,robust,gwas_locus_over_max_snps,chr11:47412467:47413597:clu_9384_+:ENSG00000165915.14,chr11:47412467-47413597(+),"ENST00000531419.5,ENST00000531865.5",False,True,ENST00000354884.8 | ENST00000362021.9 | ENST00000524928.1 | ENST00000531419.5 | ENST00000531865.5 | ENST00000533076.5,15,0.063,,,,tissue_matched,False
aging__scz,scz,YPEL1,ENSG00000100027,Brain_Frontal_Cortex_BA9,False,coloc.abf,0.9818,0.3231,robust,gwas_locus_over_max_snps,chr22:21701218:21703370:clu_35883_-:ENSG00000100027.17,chr22:21701218-21703370(-),"ENST00000339468.8,ENST00000477675.1,ENST00000672036.2",False,True,ENST00000339468.8 | ENST00000403503.1 | ENST00000477675.1 | ENST00000672036.2,6,-0.01,,,,tissue_matched,False
aging__scz,scz,ACTR1B,ENSG00000115073,Brain_Hippocampus,False,coloc.abf,0.978,0.9625,robust,gwas_no_credible_set,chr2:97658316:97658427:clu_29479_-:ENSG00000115073.8,chr2:97658316-97658427(-),"ENST00000289228.7,ENST00000451664.1",False,True,ENST00000289228.7 | ENST00000451664.1 | ENST00000460427.2,3,0.0107,,,,tissue_matched,False
brainseq-sczd__scz,scz,ACTR1B,ENSG00000115073,Brain_Hippocampus,False,coloc.abf,0.978,0.9625,robust,gwas_no_credible_set,chr2:97658316:97658427:clu_29479_-:ENSG00000115073.8,chr2:97658316-97658427(-),"ENST00000289228.7,ENST00000451664.1",True,True,ENST00000289228.7 | ENST00000451664.1 | ENST00000460427.2,3,0.0107,,,,tissue_matched,False
aging__scz,scz,MAD1L1,ENSG00000002822,Brain_Frontal_Cortex_BA9,False,coloc.abf,0.966,0.0594,intermediate,gwas_locus_over_max_snps,chr7:1936897:1940088:clu_49299_-:ENSG00000002822.16,chr7:1936897-1940088(-),ENST00000437877.1,False,True,ENST00000265854.12 | ENST00000399654.6 | ENST00000402746.5 | ENST00000437877.1 | ENST00000450235.5 | ENST00000477172.1,15,0.4762,,,,tissue_matched,False
aging__ad,ad,SIRPA,ENSG00000198053,Brain_Cerebellum,False,coloc.abf,0.9654,0.9475,intermediate,gwas_locus_over_max_snps,chr20:1915455:1921395:clu_36689_+:ENSG00000198053.12,chr20:1915455-1921395(+),"ENST00000356025.7,ENST00000358771.5,ENST00000400068.7,ENST00000622179.4",False,True,ENST00000356025.7 | ENST00000358771.5 | ENST00000400068.7 | ENST00000622179.4,6,0.0596,,,,tissue_matched,False
aging__ad,ad,SIRPA,ENSG00000198053,Brain_Anterior_cingulate_cortex_BA24,False,coloc.abf,0.9654,0.9139,intermediate,gwas_locus_over_max_snps,chr20:1915455:1921395:clu_32245_+:ENSG00000198053.12,chr20:1915455-1921395(+),"ENST00000356025.7,ENST00000358771.5,ENST00000400068.7,ENST00000622179.4",False,True,ENST00000356025.7 | ENST00000358771.5 | ENST00000400068.7 | ENST00000622179.4,6,0.1551,,,,tissue_matched,False
aging__als,als,PRDM2,ENSG00000116731,Brain_Cortex,False,coloc.abf,0.9642,0.0105,intermediate,gwas_no_credible_set,chr1:13816570:13823159:clu_3177_+:ENSG00000116731.23,chr1:13816570-13823159(+),"ENST00000235372.11,ENST00000311066.10,ENST00000376048.9,ENST00000503842.5,ENST00000505823.5",False,True,ENST00000235372.11 | ENST00000311066.10 | ENST00000343137.8 | ENST00000376048.9 | ENST00000413440.5 | ENST00000505823.5,15,0.1083,dlpfc,ENST00000235372.11 | ENST00000311066.10 | ENST00000343137.8 | ENST00000376048.9 | ENST00000407521.7 | ENST00000413440.5,True,tissue_matched,True
aging__ad,ad,SIRPA,ENSG00000198053,Brain_Frontal_Cortex_BA9,False,coloc.abf,0.964,0.9386,intermediate,gwas_locus_over_max_snps,chr20:1915455:1921395:clu_34267_+:ENSG00000198053.12,chr20:1915455-1921395(+),"ENST00000356025.7,ENST00000358771.5,ENST00000400068.7,ENST00000622179.4",False,True,ENST00000356025.7 | ENST00000358771.5 | ENST00000400068.7 | ENST00000622179.4,6,0.144,,,,tissue_matched,False
aging__ad,ad,SIRPA,ENSG00000198053,Brain_Amygdala,False,coloc.abf,0.9604,0.1059,intermediate,gwas_locus_over_max_snps,chr20:1915455:1921395:clu_29026_+:ENSG00000198053.12,chr20:1915455-1921395(+),"ENST00000356025.7,ENST00000358771.5,ENST00000400068.7,ENST00000622179.4",False,True,ENST00000356025.7 | ENST00000358771.5 | ENST00000400068.7 | ENST00000622179.4,6,0.1289,,,,tissue_matched,False
aging__ad,ad,SIRPA,ENSG00000198053,Brain_Cortex,False,coloc.abf,0.9566,0.9357,intermediate,gwas_locus_over_max_snps,chr20:1915455:1921395:clu_35448_+:ENSG00000198053.12,chr20:1915455-1921395(+),"ENST00000356025.7,ENST00000358771.5,ENST00000400068.7,ENST00000622179.4",False,True,ENST00000356025.7 | ENST00000358771.5 | ENST00000400068.7 | ENST00000622179.4,6,0.1225,,,,tissue_matched,False
aging__ad,ad,SIRPA,ENSG00000198053,Brain_Substantia_nigra,False,coloc.abf,0.9551,0.0421,intermediate,gwas_locus_over_max_snps,chr20:1915455:1921395:clu_30755_+:ENSG00000198053.12,chr20:1915455-1921395(+),"ENST00000356025.7,ENST00000358771.5,ENST00000400068.7,ENST00000622179.4",False,True,ENST00000356025.7 | ENST00000358771.5 | ENST00000400068.7 | ENST00000622179.4,6,0.0614,,,,tissue_matched,False
aging__ad,ad,SIRPA,ENSG00000198053,Brain_Hippocampus,False,coloc.abf,0.9503,0.0216,intermediate,gwas_locus_over_max_snps,chr20:1915455:1921395:clu_33227_+:ENSG00000198053.12,chr20:1915455-1921395(+),"ENST00000356025.7,ENST00000358771.5,ENST00000400068.7,ENST00000622179.4",False,True,ENST00000356025.7 | ENST00000358771.5 | ENST00000400068.7 | ENST00000622179.4,6,0.1126,,,,tissue_matched,False
aging__pd,pd,CCDC62,ENSG00000130783,Brain_Cerebellar_Hemisphere,False,coloc.abf,0.9458,0.0814,intermediate,no_qtl_credible_set,chr12:122798200:122801124:clu_12993_+:ENSG00000130783.14,chr12:122798200-122801124(+),"ENST00000253079.11,ENST00000341952.8,ENST00000392440.3,ENST00000392441.8,ENST00000537566.5",False,True,ENST00000253079.11 | ENST00000341952.8 | ENST00000392440.3 | ENST00000392441.8 | ENST00000537566.5 | ENST00000539171.1,15,0.0119,,,,tissue_matched,False
aging__scz,scz,TMED4,ENSG00000158604,Brain_Cerebellum,False,coloc.abf,0.9433,0.1422,intermediate,gwas_no_credible_set,chr7:44579628:44581093:clu_51244_-:ENSG00000158604.16,chr7:44579628-44581093(-),ENST00000457408.7,True,True,ENST00000289577.10 | ENST00000444131.2 | ENST00000457408.7 | ENST00000477639.5 | ENST00000481238.1,10,0.2294,,,,tissue_matched,False
aging__scz,scz,PPIL2,ENSG00000100023,Brain_Cerebellum,False,coloc.abf,0.9406,0.9381,intermediate,gwas_locus_over_max_snps,chr22:21695496:21696747:clu_38412_+:ENSG00000100023.20,chr22:21695496-21696747(+),"ENST00000335025.12,ENST00000498109.2,ENST00000679477.1,ENST00000679479.1,ENST00000679564.1,ENST00000679580.1,ENST00000679692.1,ENST00000679827.1,ENST00000680109.1,ENST00000680183.1,ENST00000680434.1,ENST00000680860.1,ENST00000681137.1,ENST00000681286.1,ENST00000681338.1,ENST00000681791.1",False,True,ENST00000335025.12 | ENST00000398831.8 | ENST00000680113.1 | ENST00000680573.1 | ENST00000681027.1 | ENST00000681735.1,15,0.0131,,,,tissue_matched,False
aging__scz,scz,TMED4,ENSG00000158604,Brain_Cortex,False,coloc.abf,0.9375,0.2736,intermediate,gwas_no_credible_set,chr7:44579628:44581449:clu_51145_-:ENSG00000158604.16,chr7:44579628-44581449(-),ENST00000289577.10,True,True,ENST00000289577.10 | ENST00000444131.2 | ENST00000457408.7 | ENST00000477639.5 | ENST00000481238.1,10,-0.0107,dlpfc,ENST00000289577.10 | ENST00000444131.2 | ENST00000457408.7 | ENST00000477639.5 | ENST00000481238.1,True,tissue_matched,False
aging__scz,scz,TMED4,ENSG00000158604,Brain_Frontal_Cortex_BA9,False,coloc.abf,0.9367,0.569,intermediate,gwas_no_credible_set,chr7:44579628:44581449:clu_49657_-:ENSG00000158604.16,chr7:44579628-44581449(-),ENST00000289577.10,True,True,ENST00000289577.10 | ENST00000444131.2 | ENST00000457408.7 | ENST00000477639.5 | ENST00000481238.1,10,-0.0407,dlpfc,ENST00000289577.10 | ENST00000444131.2 | ENST00000457408.7 | ENST00000477639.5 | ENST00000481238.1,True,tissue_matched,False
aging__scz,scz,ZDHHC12,ENSG00000160446,Brain_Cerebellar_Hemisphere,False,coloc.abf,0.9308,0.0623,intermediate,gwas_locus_over_max_snps,chr9:128721502:128721651:clu_56265_-:ENSG00000160446.19,chr9:128721502-128721651(-),"ENST00000372663.9,ENST00000372667.9",True,True,ENST00000372663.9 | ENST00000372667.9 | ENST00000406904.2 | ENST00000452105.5 | ENST00000467312.1,10,-0.0839,,,,tissue_matched,False
aging__scz,scz,NUP50,ENSG00000093000,Brain_Frontal_Cortex_BA9,False,coloc.abf,0.9275,0.9427,intermediate,gwas_locus_over_max_snps,chr22:45164296:45168168:clu_37051_+:ENSG00000093000.19,chr22:45164296-45168168(+),"ENST00000347635.9,ENST00000407019.6,ENST00000417702.5,ENST00000430547.5,ENST00000434760.5,ENST00000484186.5,ENST00000497960.5",False,True,ENST00000347635.9 | ENST00000396096.6 | ENST00000407019.6 | ENST00000434760.5 | ENST00000469163.1 | ENST00000497960.5,15,-0.1499,,,,tissue_matched,False
aging__scz,scz,PPIP5K1,ENSG00000168781,Brain_Cerebellar_Hemisphere,False,coloc.abf,0.9259,0.0184,intermediate,gwas_locus_over_max_snps,chr15:43558932:43560413:clu_19068_-:ENSG00000168781.24,chr15:43558932-43560413(-),"ENST00000420765.6,ENST00000439195.5,ENST00000644537.1",True,True,ENST00000334933.8 | ENST00000360135.8 | ENST00000360301.8 | ENST00000381885.5 | ENST00000396923.7 | ENST00000420765.6,15,0.4018,,,,tissue_matched,False
aging__ad,ad,SPI1,ENSG00000066336,Brain_Cerebellar_Hemisphere,False,coloc.abf,0.9258,0.8811,intermediate,gwas_locus_over_max_snps,chr11:47383832:47408952:clu_8687_-:ENSG00000066336.13,chr11:47383832-47408952(-),ENST00000713543.1,False,True,ENST00000227163.8 | ENST00000378538.8 | ENST00000533030.1 | ENST00000533968.1 | ENST00000713542.1 | ENST00000713543.1,15,0.2369,,,,tissue_matched,False
aging__scz,scz,NDUFAF7,ENSG00000003509,Brain_Putamen_basal_ganglia,False,coloc.abf,0.9255,0.8897,intermediate,gwas_locus_over_max_snps,chr2:37248426:37253086:clu_30242_+:ENSG00000003509.16,chr2:37248426-37253086(+),ENST00000441905.1,True,True,ENST00000002125.9 | ENST00000336237.10 | ENST00000441905.1 | ENST00000455230.5 | ENST00000474154.5 | ENST00000474257.5,15,-0.0697,,,,tissue_matched,False
aging__scz,scz,TMED4,ENSG00000158604,Brain_Spinal_cord_cervical_c-1,False,coloc.abf,0.9221,0.9511,intermediate,gwas_no_credible_set,chr7:44579628:44581093:clu_44955_-:ENSG00000158604.16,chr7:44579628-44581093(-),ENST00000457408.7,True,True,ENST00000289577.10 | ENST00000444131.2 | ENST00000457408.7 | ENST00000477639.5 | ENST00000481238.1,10,0.1222,,,,tissue_matched,False
aging__pd,pd,CDHR3,ENSG00000128536,Brain_Cerebellum,False,coloc.abf,0.9218,0.0084,intermediate,gwas_no_credible_set,chr7:106018072:106020373:clu_53233_+:ENSG00000128536.16,chr7:106018072-106020373(+),"ENST00000317716.14,ENST00000478080.5",False,True,ENST00000317716.14 | ENST00000466045.1 | ENST00000468143.1 | ENST00000468477.1 | ENST00000470188.5 | ENST00000478080.5,15,0.0137,,,,tissue_matched,False
aging__scz,scz,NUP50,ENSG00000093000,Brain_Anterior_cingulate_cortex_BA24,False,coloc.abf,0.9176,0.9247,intermediate,gwas_locus_over_max_snps,chr22:45164296:45168168:clu_34879_+:ENSG00000093000.19,chr22:45164296-45168168(+),"ENST00000347635.9,ENST00000407019.6,ENST00000417702.5,ENST00000430547.5,ENST00000434760.5,ENST00000484186.5,ENST00000497960.5",False,True,ENST00000347635.9 | ENST00000396096.6 | ENST00000407019.6 | ENST00000434760.5 | ENST00000469163.1 | ENST00000497960.5,15,-0.1213,,,,tissue_matched,False
aging__scz,scz,ZDHHC12,ENSG00000160446,Brain_Cerebellum,False,coloc.abf,0.9146,0.4663,intermediate,gwas_locus_over_max_snps,chr9:128721502:128721651:clu_56782_-:ENSG00000160446.19,chr9:128721502-128721651(-),"ENST00000372663.9,ENST00000372667.9",True,True,ENST00000372663.9 | ENST00000372667.9 | ENST00000406904.2 | ENST00000452105.5 | ENST00000467312.1,10,-0.1546,,,,tissue_matched,False
aging__als,als,RPS6KL1,ENSG00000198208,Brain_Cerebellum,False,coloc.abf,0.9122,0.0432,intermediate,gwas_no_credible_set,chr14:74921561:74923180:clu_17613_-:ENSG00000198208.12,chr14:74921561-74923180(-),ENST00000555834.5,True,True,ENST00000354625.6 | ENST00000553646.1 | ENST00000555834.5 | ENST00000555910.5 | ENST00000556848.5 | ENST00000557413.6,15,-0.3618,,,,tissue_matched,False
aging__scz,scz,YPEL1,ENSG00000100027,Brain_Anterior_cingulate_cortex_BA24,False,coloc.abf,0.8989,0.3988,intermediate,gwas_locus_over_max_snps,chr22:21701218:21703370:clu_33774_-:ENSG00000100027.17,chr22:21701218-21703370(-),"ENST00000339468.8,ENST00000477675.1,ENST00000672036.2",False,True,ENST00000339468.8 | ENST00000403503.1 | ENST00000477675.1 | ENST00000672036.2,6,-0.0729,,,,tissue_matched,False
aging__scz,scz,YWHAB,ENSG00000166913,Brain_Frontal_Cortex_BA9,False,coloc.abf,0.8914,0.5526,intermediate,gwas_locus_over_max_snps,chr20:44885886:44901531:clu_34748_+:ENSG00000166913.13,chr20:44885886-44901531(+),"ENST00000353703.9,ENST00000479421.5",False,True,ENST00000353703.9 | ENST00000372839.7 | ENST00000477896.1 | ENST00000479421.5 | ENST00000631616.1 | ENST00000633979.1,15,-0.245,,,,tissue_matched,False
aging__als,als,FNBP1,ENSG00000187239,Brain_Cortex,False,coloc.abf,0.8819,0.0339,primary_prior,gwas_no_credible_set,chr9:129957464:129958491:clu_55202_-:ENSG00000187239.19,chr9:129957464-129958491(-),"ENST00000355681.3,ENST00000446176.7,ENST00000449089.7,ENST00000699492.1,ENST00000703532.1,ENST00000703533.1,ENST00000703558.1,ENST00000703559.1,ENST00000703560.1",True,True,ENST00000446176.7 | ENST00000449089.7 | ENST00000699492.1 | ENST00000703532.1 | ENST00000703558.1 | ENST00000703559.1,15,0.005,,,,tissue_matched,False
aging__scz,scz,DGKZ,ENSG00000149091,Brain_Amygdala,False,coloc.abf,0.8783,0.0718,primary_prior,gwas_locus_over_max_snps,chr11:46369550:46371313:clu_8422_+:ENSG00000149091.15,chr11:46369550-46371313(+),"ENST00000318201.12,ENST00000531879.5",False,True,ENST00000318201.12 | ENST00000421244.6 | ENST00000456247.7 | ENST00000524984.5 | ENST00000527211.5 | ENST00000534802.1,15,0.2058,,,,tissue_matched,False
aging__scz,scz,PPIP5K1,ENSG00000168781,Brain_Cerebellum,False,coloc.abf,0.8687,0.0035,primary_prior,gwas_locus_over_max_snps,chr15:43558932:43564103:clu_18270_-:ENSG00000168781.24,chr15:43558932-43564103(-),"ENST00000381879.8,ENST00000381885.5,ENST00000396923.7",True,True,ENST00000334933.8 | ENST00000360135.8 | ENST00000360301.8 | ENST00000381885.5 | ENST00000396923.7 | ENST00000420765.6,15,0.0474,,,,tissue_matched,False
aging__als,als,NSMAF,ENSG00000035681,Brain_Cerebellar_Hemisphere,False,coloc.abf,0.8672,0.9509,primary_prior,gwas_no_credible_set,chr8:58635546:58642984:clu_53564_-:ENSG00000035681.10,chr8:58635546-58642984(-),"ENST00000038176.8,ENST00000427130.7,ENST00000519871.1,ENST00000522645.5",False,True,ENST00000038176.8 | ENST00000427130.7 | ENST00000519166.5 | ENST00000521972.1 | ENST00000523106.5 | ENST00000649465.1,15,-0.1369,,,,tissue_matched,False
aging__scz,scz,PAK6,ENSG00000137843,Brain_Cerebellum,False,coloc.abf,0.8664,0.9917,primary_prior,gwas_locus_over_max_snps,chr15:40266495:40272224:clu_19266_+:ENSG00000137843.12,chr15:40266495-40272224(+),"ENST00000260404.8,ENST00000441369.6,ENST00000453867.7,ENST00000455577.6,ENST00000542403.3,ENST00000558658.6,ENST00000560346.6",True,True,ENST00000260404.8 | ENST00000455577.6 | ENST00000542403.3 | ENST00000559617.5 | ENST00000560346.6 | ENST00000560669.5,15,0.009,,,,tissue_matched,False
brainseq-sczd__scz,scz,PAK6,ENSG00000137843,Brain_Cerebellum,False,coloc.abf,0.8664,0.9917,primary_prior,gwas_locus_over_max_snps,chr15:40266495:40272224:clu_19266_+:ENSG00000137843.12,chr15:40266495-40272224(+),"ENST00000260404.8,ENST00000441369.6,ENST00000453867.7,ENST00000455577.6,ENST00000542403.3,ENST00000558658.6,ENST00000560346.6",False,True,ENST00000260404.8 | ENST00000455577.6 | ENST00000542403.3 | ENST00000559617.5 | ENST00000560346.6 | ENST00000560669.5,15,0.009,,,,tissue_matched,False
aging__ad,ad,IFNAR2,ENSG00000159110,Brain_Cerebellum,False,coloc.abf,0.8643,0.6262,primary_prior,gwas_no_credible_set,chr21:33260727:33262793:clu_37976_+:ENSG00000159110.22,chr21:33260727-33262793(+),"ENST00000342136.9,ENST00000382238.6,ENST00000443073.5,ENST00000683941.1",False,True,ENST00000342101.7 | ENST00000342136.9 | ENST00000382264.7 | ENST00000404220.7 | ENST00000683941.1 | ENST00000700429.1,15,0.0753,,,,tissue_matched,True
aging__scz,scz,ASB3,ENSG00000115239,Brain_Cerebellar_Hemisphere,False,coloc.abf,0.8594,0.1505,primary_prior,gwas_locus_over_max_snps,chr2:53729570:53750783:clu_32019_-:ENSG00000115239.24,chr2:53729570-53750783(-),"ENST00000263634.8,ENST00000394717.3,ENST00000406053.5,ENST00000406625.6,ENST00000406687.5,ENST00000482829.5,ENST00000489508.5",False,True,ENST00000263634.8 | ENST00000394717.3 | ENST00000406625.6 | ENST00000406687.5 | ENST00000470707.1 | ENST00000482829.5,15,0.0032,,,,tissue_matched,False
aging__scz,scz,YWHAB,ENSG00000166913,Brain_Cortex,False,coloc.abf,0.8563,0.8134,primary_prior,gwas_locus_over_max_snps,chr20:44885886:44901531:clu_35925_+:ENSG00000166913.13,chr20:44885886-44901531(+),"ENST00000353703.9,ENST00000479421.5",False,True,ENST00000353703.9 | ENST00000372839.7 | ENST00000477896.1 | ENST00000479421.5 | ENST00000631616.1 | ENST00000633979.1,15,-0.2083,,,,tissue_matched,False
aging__als,als,SCFD1,ENSG00000092108,Brain_Hypothalamus,False,coloc.abf,0.8562,0.9294,primary_prior,qtl_cs_not_matching_gtex,chr14:30622399:30630477:clu_15787_+:ENSG00000092108.22,chr14:30622399-30630477(+),"ENST00000484733.6,ENST00000544052.6,ENST00000553693.6,ENST00000554437.6,ENST00000676465.1,ENST00000676473.1,ENST00000676520.1,ENST00000676674.1,ENST00000676834.1,ENST00000676914.1,ENST00000676954.1,ENST00000677413.1,ENST00000677456.1,ENST00000677690.1,ENST00000678579.1,ENST00000678637.1,ENST00000678858.1,ENST00000679342.1",True,True,ENST00000396629.6 | ENST00000458591.7 | ENST00000544052.6 | ENST00000553280.1 | ENST00000556768.5 | ENST00000557076.6,15,-0.0717,,,,tissue_matched,False
aging__scz,scz,PPIL2,ENSG00000100023,Brain_Putamen_basal_ganglia,False,coloc.abf,0.8551,0.9257,primary_prior,gwas_locus_over_max_snps,chr22:21695496:21696747:clu_34932_+:ENSG00000100023.20,chr22:21695496-21696747(+),"ENST00000335025.12,ENST00000498109.2,ENST00000679477.1,ENST00000679479.1,ENST00000679564.1,ENST00000679580.1,ENST00000679692.1,ENST00000679827.1,ENST00000680109.1,ENST00000680183.1,ENST00000680434.1,ENST00000680860.1,ENST00000681137.1,ENST00000681286.1,ENST00000681338.1,ENST00000681791.1",False,True,ENST00000335025.12 | ENST00000462188.1 | ENST00000679540.1 | ENST00000680860.1 | ENST00000681027.1 | ENST00000681735.1,15,0.0455,,,,tissue_matched,False
aging__scz,scz,KLC1,ENSG00000126214,Brain_Cortex,False,coloc.abf,0.8548,0.0,primary_prior,gwas_locus_over_max_snps,chr14:103679518:103684986:clu_16568_+:ENSG00000126214.22,chr14:103679518-103684986(+),"ENST00000380038.7,ENST00000445352.8,ENST00000553325.5,ENST00000555856.1",False,True,ENST00000389744.8 | ENST00000445352.8 | ENST00000553286.5 | ENST00000553325.5 | ENST00000557450.5 | ENST00000557575.5,15,0.3535,,,,tissue_matched,False
aging__scz,scz,TMED4,ENSG00000158604,Brain_Anterior_cingulate_cortex_BA24,False,coloc.abf,0.8499,0.1372,primary_prior,gwas_no_credible_set,chr7:44579628:44581449:clu_45410_-:ENSG00000158604.16,chr7:44579628-44581449(-),ENST00000289577.10,True,True,ENST00000289577.10 | ENST00000444131.2 | ENST00000457408.7 | ENST00000477639.5 | ENST00000481238.1,10,-0.0903,,,,tissue_matched,False
aging__scz,scz,DGKZ,ENSG00000149091,Brain_Anterior_cingulate_cortex_BA24,False,coloc.abf,0.8486,0.0157,primary_prior,gwas_locus_over_max_snps,chr11:46369550:46371313:clu_9314_+:ENSG00000149091.15,chr11:46369550-46371313(+),"ENST00000318201.12,ENST00000531879.5",False,True,ENST00000318201.12 | ENST00000421244.6 | ENST00000456247.7 | ENST00000524984.5 | ENST00000527211.5 | ENST00000534802.1,15,0.1514,,,,tissue_matched,False
aging__scz,scz,ACTR1B,ENSG00000115073,Brain_Anterior_cingulate_cortex_BA24,False,coloc.abf,0.8479,0.8861,primary_prior,gwas_no_credible_set,chr2:97658316:97658427:clu_28642_-:ENSG00000115073.8,chr2:97658316-97658427(-),"ENST00000289228.7,ENST00000451664.1",False,True,ENST00000289228.7 | ENST00000451664.1 | ENST00000460427.2,3,0.0106,,,,tissue_matched,False
brainseq-sczd__scz,scz,ACTR1B,ENSG00000115073,Brain_Anterior_cingulate_cortex_BA24,False,coloc.abf,0.8479,0.8861,primary_prior,gwas_no_credible_set,chr2:97658316:97658427:clu_28642_-:ENSG00000115073.8,chr2:97658316-97658427(-),"ENST00000289228.7,ENST00000451664.1",True,True,ENST00000289228.7 | ENST00000451664.1 | ENST00000460427.2,3,0.0106,,,,tissue_matched,False
aging__scz,scz,FGFR1,ENSG00000077782,Brain_Cerebellum,False,coloc.abf,0.8407,0.6529,primary_prior,gwas_locus_over_max_snps,chr8:38428435:38429682:clu_53950_-:ENSG00000077782.23,chr8:38428435-38429682(-),"ENST00000335922.9,ENST00000341462.9,ENST00000397091.9,ENST00000397108.8,ENST00000397113.6,ENST00000425967.8,ENST00000447712.7,ENST00000474970.1,ENST00000525001.5,ENST00000532386.5,ENST00000532791.5,ENST00000649678.1,ENST00000674189.1,ENST00000674380.1,ENST00000674474.1,ENST00000683276.1,ENST00000683765.1,ENST00000683795.1,ENST00000683815.1,ENST00000703405.1",False,True,ENST00000397091.9 | ENST00000447712.7 | ENST00000524528.2 | ENST00000649678.1 | ENST00000674380.1 | ENST00000674474.1,15,0.0948,,,,tissue_matched,False
aging__scz,scz,DGKZ,ENSG00000149091,Brain_Hippocampus,False,coloc.abf,0.8385,0.0348,primary_prior,gwas_locus_over_max_snps,chr11:46369550:46371313:clu_9612_+:ENSG00000149091.15,chr11:46369550-46371313(+),"ENST00000318201.12,ENST00000531879.5",False,True,ENST00000318201.12 | ENST00000421244.6 | ENST00000456247.7 | ENST00000524984.5 | ENST00000527211.5 | ENST00000534802.1,15,0.2018,hippocampus,ENST00000318201.12 | ENST00000421244.6 | ENST00000456247.7 | ENST00000524984.5 | ENST00000528173.5 | ENST00000528615.5,True,tissue_matched,False
aging__scz,scz,NUP50,ENSG00000093000,Brain_Amygdala,False,coloc.abf,0.8354,0.8953,primary_prior,gwas_locus_over_max_snps,chr22:45183520:45184453:clu_30783_+:ENSG00000093000.19,chr22:45183520-45184453(+),"ENST00000347635.9,ENST00000396096.6,ENST00000407019.6,ENST00000493456.5",False,True,ENST00000347635.9 | ENST00000396096.6 | ENST00000407019.6 | ENST00000434760.5 | ENST00000469163.1 | ENST00000497960.5,15,-0.1422,,,,tissue_matched,False
aging__pd,pd,SH3GL2,ENSG00000107295,Brain_Substantia_nigra,False,coloc.abf,0.8344,0.0195,primary_prior,gwas_no_credible_set,chr9:17579287:17747066:clu_48199_+:ENSG00000107295.10,chr9:17579287-17747066(+),ENST00000380607.5,False,True,ENST00000380607.5 | ENST00000467085.1,1,0.473,,,,tissue_matched,False
aging__pd,pd,SH3GL2,ENSG00000107295,Brain_Cortex,False,coloc.abf,0.8344,0.9197,primary_prior,gwas_no_credible_set,chr9:17579287:17747066:clu_55641_+:ENSG00000107295.10,chr9:17579287-17747066(+),ENST00000380607.5,False,True,ENST00000380607.5 | ENST00000467085.1,1,0.5737,dlpfc,ENST00000380607.5 | ENST00000467085.1,True,tissue_matched,False
aging__pd,pd,SH3GL2,ENSG00000107295,Brain_Frontal_Cortex_BA9,False,coloc.abf,0.8344,0.9633,primary_prior,gwas_no_credible_set,chr9:17579287:17747066:clu_54041_+:ENSG00000107295.10,chr9:17579287-17747066(+),ENST00000380607.5,False,True,ENST00000380607.5 | ENST00000467085.1,1,0.5431,dlpfc,ENST00000380607.5 | ENST00000467085.1,True,tissue_matched,False
aging__pd,pd,SH3GL2,ENSG00000107295,Brain_Anterior_cingulate_cortex_BA24,False,coloc.abf,0.8344,0.6531,primary_prior,gwas_no_credible_set,chr9:17579287:17747066:clu_50777_+:ENSG00000107295.10,chr9:17579287-17747066(+),ENST00000380607.5,False,True,ENST00000380607.5 | ENST00000467085.1,1,0.6624,,,,tissue_matched,False
aging__pd,pd,SH3GL2,ENSG00000107295,Brain_Amygdala,False,coloc.abf,0.8343,0.0269,primary_prior,gwas_no_credible_set,chr9:17579287:17747066:clu_45433_+:ENSG00000107295.10,chr9:17579287-17747066(+),ENST00000380607.5,False,True,ENST00000380607.5 | ENST00000467085.1,1,0.689,,,,tissue_matched,False
brainseq-sczd__scz,scz,TAOK2,ENSG00000149930,Brain_Cerebellum,False,coloc.abf,0.829,0.1053,primary_prior,qtl_cs_not_matching_gtex,chr16:29986504:29986844:clu_22355_+:ENSG00000149930.18,chr16:29986504-29986844(+),ENST00000543033.5,True,True,ENST00000279394.7 | ENST00000308893.9 | ENST00000416441.2 | ENST00000543033.5 | ENST00000566552.1 | ENST00000570844.1,15,0.1582,,,,tissue_matched,False
aging__scz,scz,IDH3B,ENSG00000101365,Brain_Hippocampus,False,coloc.abf,0.8256,0.6619,primary_prior,gwas_no_credible_set,chr20:2659312:2659525:clu_32571_-:ENSG00000101365.22,chr20:2659312-2659525(-),ENST00000613370.1,True,True,ENST00000380843.9 | ENST00000380851.10 | ENST00000466494.6 | ENST00000474315.5 | ENST00000488299.5 | ENST00000613370.1,15,0.099,,,,tissue_matched,False
brainseq-sczd__scz,scz,IDH3B,ENSG00000101365,Brain_Hippocampus,False,coloc.abf,0.8256,0.6619,primary_prior,gwas_no_credible_set,chr20:2659312:2659525:clu_32571_-:ENSG00000101365.22,chr20:2659312-2659525(-),ENST00000613370.1,False,True,ENST00000380843.9 | ENST00000380851.10 | ENST00000466494.6 | ENST00000474315.5 | ENST00000488299.5 | ENST00000613370.1,15,0.099,,,,tissue_matched,False
aging__als,als,PRDM2,ENSG00000116731,Brain_Anterior_cingulate_cortex_BA24,False,coloc.abf,0.8255,0.0165,primary_prior,gwas_no_credible_set,chr1:13816570:13823159:clu_311_+:ENSG00000116731.23,chr1:13816570-13823159(+),"ENST00000235372.11,ENST00000311066.10,ENST00000376048.9,ENST00000503842.5,ENST00000505823.5",False,True,ENST00000235372.11 | ENST00000311066.10 | ENST00000343137.8 | ENST00000376048.9 | ENST00000413440.5 | ENST00000505823.5,15,0.0506,,,,tissue_matched,True
aging__als,als,FNBP1,ENSG00000187239,Brain_Hypothalamus,False,coloc.abf,0.8212,0.0201,primary_prior,gwas_no_credible_set,chr9:129957464:129958491:clu_54899_-:ENSG00000187239.19,chr9:129957464-129958491(-),"ENST00000355681.3,ENST00000446176.7,ENST00000449089.7,ENST00000699492.1,ENST00000703532.1,ENST00000703533.1,ENST00000703558.1,ENST00000703559.1,ENST00000703560.1",True,True,ENST00000446176.7 | ENST00000449089.7 | ENST00000699492.1 | ENST00000703532.1 | ENST00000703533.1 | ENST00000703558.1,15,-0.0973,,,,tissue_matched,False
aging__scz,scz,NEK4,ENSG00000114904,Brain_Frontal_Cortex_BA9,False,coloc.abf,0.82,0.3412,primary_prior,gwas_locus_over_max_snps,chr3:52711869:52737586:clu_37848_-:ENSG00000114904.13,chr3:52711869-52737586(-),"ENST00000233027.10,ENST00000535191.5",False,True,ENST00000233027.10 | ENST00000383721.8 | ENST00000461689.5 | ENST00000493199.1 | ENST00000496822.1 | ENST00000535191.5,15,-0.0705,dlpfc,ENST00000233027.10 | ENST00000383721.8 | ENST00000461689.5 | ENST00000487068.1 | ENST00000493199.1 | ENST00000535191.5,True,tissue_matched,False
aging__scz,scz,PCBP3,ENSG00000183570,Brain_Cerebellar_Hemisphere,False,coloc.abf,0.8189,0.7567,primary_prior,gwas_no_credible_set,chr21:45735429:45849961:clu_37555_+:ENSG00000183570.17,chr21:45735429-45849961(+),ENST00000400314.5,False,True,ENST00000400305.5 | ENST00000400308.5 | ENST00000400309.5 | ENST00000400314.5 | ENST00000449640.5 | ENST00000681687.1,15,0.5837,,,,tissue_matched,False
aging__scz,scz,ACTR1B,ENSG00000115073,Brain_Amygdala,False,coloc.abf,0.8108,0.0317,primary_prior,gwas_no_credible_set,chr2:97658316:97658427:clu_25800_-:ENSG00000115073.8,chr2:97658316-97658427(-),"ENST00000289228.7,ENST00000451664.1",False,True,ENST00000289228.7 | ENST00000451664.1 | ENST00000460427.2,3,0.0107,,,,tissue_matched,False
brainseq-sczd__scz,scz,ACTR1B,ENSG00000115073,Brain_Amygdala,False,coloc.abf,0.8108,0.0317,primary_prior,gwas_no_credible_set,chr2:97658316:97658427:clu_25800_-:ENSG00000115073.8,chr2:97658316-97658427(-),"ENST00000289228.7,ENST00000451664.1",True,True,ENST00000289228.7 | ENST00000451664.1 | ENST00000460427.2,3,0.0107,,,,tissue_matched,False
aging__scz,scz,MED19,ENSG00000156603,Brain_Hippocampus,False,coloc.abf,0.8101,0.0365,primary_prior,gwas_no_credible_set,chr11:57704396:57704719:clu_8177_-:ENSG00000156603.20,chr11:57704396-57704719(-),ENST00000431606.5,False,True,ENST00000337672.9 | ENST00000431606.5 | ENST00000528205.1 | ENST00000534677.1 | ENST00000645681.2,10,0.3289,,,,tissue_matched,False
aging__scz,scz,NUCB2,ENSG00000070081,Brain_Hypothalamus,False,coloc.abf,0.8077,0.023,primary_prior,gwas_locus_over_max_snps,chr11:17312120:17315386:clu_10052_+:ENSG00000070081.18,chr11:17312120-17315386(+),"ENST00000323688.10,ENST00000527735.1,ENST00000529010.6,ENST00000531242.1,ENST00000533773.5,ENST00000646648.1",True,True,ENST00000323688.10 | ENST00000527580.5 | ENST00000529010.6 | ENST00000529313.5 | ENST00000531242.1 | ENST00000646648.1,15,-0.1298,,,,tissue_matched,False
aging__scz,scz,CD46,ENSG00000117335,Brain_Cerebellum,False,coloc.abf,0.8035,0.7828,primary_prior,gwas_locus_over_max_snps,chr1:207767195:207770321:clu_2637_+:ENSG00000117335.21,chr1:207767195-207770321(+),"ENST00000322918.9,ENST00000357714.5,ENST00000367041.5,ENST00000695778.1,ENST00000695780.1,ENST00000695781.1,ENST00000695782.1",True,True,ENST00000354848.5 | ENST00000357714.5 | ENST00000367041.5 | ENST00000469535.5 | ENST00000695783.1 | ENST00000695788.1,15,0.0126,,,,tissue_matched,False
aging__scz,scz,YWHAB,ENSG00000166913,Brain_Hippocampus,False,coloc.abf,0.8026,0.0162,primary_prior,gwas_locus_over_max_snps,chr20:44885886:44901531:clu_33683_+:ENSG00000166913.13,chr20:44885886-44901531(+),"ENST00000353703.9,ENST00000479421.5",False,True,ENST00000353703.9 | ENST00000372839.7 | ENST00000477896.1 | ENST00000479421.5 | ENST00000631616.1 | ENST00000633979.1,15,-0.0329,hippocampus,ENST00000353703.9 | ENST00000372839.7 | ENST00000477896.1 | ENST00000479421.5 | ENST00000631616.1 | ENST00000633979.1,True,tissue_matched,False
aging__als,als,TMEM175,ENSG00000127419,Brain_Cerebellar_Hemisphere,True,coloc.susie,0.9987,0.0115,robust,,chr4:948615:950424:clu_42988_+:ENSG00000127419.17,chr4:948615-950424(+),"ENST00000504180.5,ENST00000504744.5",True,False,ENST00000264771.9 | ENST00000438836.6 | ENST00000452360.6 | ENST00000508204.5 | ENST00000513952.5 | ENST00000515740.5,15,0.1935,,,,none,True
aging__ad,ad,PILRB,ENSG00000121716,Brain_Putamen_basal_ganglia,True,coloc.susie,0.9985,0.0,robust,,chr7:100358366:100358933:clu_46347_+:ENSG00000121716.21,chr7:100358366-100358933(+),ENST00000438028.5,False,False,ENST00000422808.5 | ENST00000448382.5 | ENST00000452089.5 | ENST00000457519.5 | ENST00000493091.5 | ENST00000609309.3,15,-0.2739,,,,none,False
aging__ad,ad,BCKDK,ENSG00000103507,Brain_Spinal_cord_cervical_c-1,True,coloc.susie,0.9953,0.0497,robust,,chr16:31115869:31117463:clu_19555_+:ENSG00000103507.14,chr16:31115869-31117463(+),,False,False,,0,,,,,none,False
aging__ad,ad,BCKDK,ENSG00000103507,Brain_Cerebellum,True,coloc.susie,0.9949,0.1173,robust,,chr16:31115869:31117062:clu_22454_+:ENSG00000103507.14,chr16:31115869-31117062(+),,False,False,ENST00000219794.11 | ENST00000287507.7 | ENST00000394950.7 | ENST00000566568.1 | ENST00000567530.5 | ENST00000567682.1,15,,,,,none,False
aging__ad,ad,BCKDK,ENSG00000103507,Brain_Cerebellar_Hemisphere,True,coloc.susie,0.9937,0.258,robust,,chr16:31115869:31117062:clu_22227_+:ENSG00000103507.14,chr16:31115869-31117062(+),,False,False,,0,,,,,none,False
aging__scz,scz,GPM6A,ENSG00000150625,Brain_Caudate_basal_ganglia,True,coloc.susie,0.993,0.0444,robust,,chr4:175701767:176002309:clu_44476_-:ENSG00000150625.17,chr4:175701767-176002309(-),ENST00000506894.5,False,False,,0,,caudate,ENST00000280187.11 | ENST00000393658.7 | ENST00000503397.5 | ENST00000506219.5 | ENST00000506894.5 | ENST00000508323.1,True,none,False
aging__ad,ad,BCKDK,ENSG00000103507,Brain_Frontal_Cortex_BA9,True,coloc.susie,0.9926,0.0301,robust,,chr16:31115869:31117463:clu_19749_+:ENSG00000103507.14,chr16:31115869-31117463(+),,False,False,,0,,,,,none,False
aging__scz,scz,GPM6A,ENSG00000150625,Brain_Anterior_cingulate_cortex_BA24,True,coloc.susie,0.992,0.061,robust,,chr4:175701767:176002309:clu_40064_-:ENSG00000150625.17,chr4:175701767-176002309(-),ENST00000506894.5,False,False,,0,,,,,none,False
aging__ad,ad,RAD51C,ENSG00000108384,Brain_Cortex,True,coloc.susie,0.9918,0.0003,robust,,chr17:58692959:58694931:clu_25323_+:ENSG00000108384.16,chr17:58692959-58694931(+),ENST00000697692.1,False,False,,0,,,,,none,False
aging__ad,ad,ITGB1BP1,ENSG00000119185,Brain_Cerebellar_Hemisphere,True,coloc.susie,0.9788,0.2145,robust,,chr2:9418732:9418818:clu_31600_-:ENSG00000119185.13,chr2:9418732-9418818(-),,False,False,,0,,,,,none,False
aging__ad,ad,ITGB1BP1,ENSG00000119185,Brain_Cerebellum,True,coloc.susie,0.9765,0.2028,robust,,chr2:9418732:9418818:clu_31885_-:ENSG00000119185.13,chr2:9418732-9418818(-),,False,False,,0,,,,,none,False
aging__scz,scz,GABBR2,ENSG00000136928,Brain_Cerebellum,True,coloc.susie,0.9752,0.0141,intermediate,,chr9:98299353:98303241:clu_56427_-:ENSG00000136928.7,chr9:98299353-98303241(-),"ENST00000259455.4,ENST00000637410.1",False,False,,0,,,,,none,False
aging__lbd,lbd,SNCA,ENSG00000145335,Brain_Cortex,True,coloc.susie,0.9744,0.0088,intermediate,,chr4:89835692:89836127:clu_43552_-:ENSG00000145335.17,chr4:89835692-89836127(-),"ENST00000508895.5,ENST00000618500.4",True,False,,0,,,,,none,False
aging__lbd,lbd,SNCA,ENSG00000145335,Brain_Substantia_nigra,True,coloc.susie,0.9709,0.019,intermediate,,chr4:89835692:89836127:clu_37778_-:ENSG00000145335.17,chr4:89835692-89836127(-),"ENST00000508895.5,ENST00000618500.4",True,False,,0,,,,,none,False
aging__scz,scz,RAI1,ENSG00000108557,Brain_Cerebellum,True,coloc.abf,0.9707,0.3082,intermediate,qtl_cs_not_matching_gtex,chr17:17793288:17803756:clu_25603_+:ENSG00000108557.20,chr17:17793288-17803756(+),,False,False,,0,,,,,none,False
aging__scz,scz,DOC2A,ENSG00000149927,Brain_Frontal_Cortex_BA9,True,coloc.susie,0.9698,0.0185,intermediate,,chr16:30007090:30007179:clu_20973_-:ENSG00000149927.18,chr16:30007090-30007179(-),,True,False,ENST00000350119.9 | ENST00000563378.5 | ENST00000564233.5 | ENST00000564357.5 | ENST00000564944.5 | ENST00000616445.4,15,,,,,none,True
aging__scz,scz,DOC2A,ENSG00000149927,Brain_Cortex,True,coloc.susie,0.9669,0.0633,intermediate,,chr16:30007090:30007179:clu_20128_-:ENSG00000149927.18,chr16:30007090-30007179(-),,True,False,ENST00000350119.9 | ENST00000564233.5 | ENST00000564357.5 | ENST00000564944.5 | ENST00000565273.5 | ENST00000616445.4,15,,,,,none,True
aging__scz,scz,DOC2A,ENSG00000149927,Brain_Hippocampus,True,coloc.abf,0.9644,0.1053,intermediate,qtl_cs_not_matching_gtex,chr16:30007090:30007173:clu_18893_-:ENSG00000149927.18,chr16:30007090-30007173(-),"ENST00000350119.9,ENST00000561671.5,ENST00000564944.5,ENST00000564979.5,ENST00000566310.5,ENST00000616445.4",True,False,,0,-0.0007,,,,none,True
aging__scz,scz,SNAP91,ENSG00000065609,Brain_Nucleus_accumbens_basal_ganglia,True,coloc.abf,0.964,0.2235,intermediate,qtl_cs_not_matching_gtex,chr6:83607808:83610650:clu_48381_-:ENSG00000065609.15,chr6:83607808-83610650(-),"ENST00000195649.10,ENST00000369694.7,ENST00000439399.6,ENST00000518312.5,ENST00000520213.5,ENST00000520302.5,ENST00000521485.5,ENST00000521616.5,ENST00000521743.5,ENST00000521931.5",True,False,,0,,,,,none,True
aging__scz,scz,SNAP91,ENSG00000065609,Brain_Spinal_cord_cervical_c-1,True,coloc.abf,0.9623,0.0153,intermediate,qtl_cs_not_matching_gtex,chr6:83607808:83610650:clu_42683_-:ENSG00000065609.15,chr6:83607808-83610650(-),"ENST00000195649.10,ENST00000369694.7,ENST00000439399.6,ENST00000518312.5,ENST00000520213.5,ENST00000520302.5,ENST00000521485.5,ENST00000521616.5,ENST00000521743.5,ENST00000521931.5",True,False,,0,,,,,none,True
aging__lbd,lbd,SNCA,ENSG00000145335,Brain_Spinal_cord_cervical_c-1,True,coloc.susie,0.9618,0.0441,intermediate,,chr4:89835692:89836127:clu_39328_-:ENSG00000145335.17,chr4:89835692-89836127(-),"ENST00000508895.5,ENST00000618500.4",True,False,,0,0.0841,,,,none,False
aging__scz,scz,DOC2A,ENSG00000149927,Brain_Anterior_cingulate_cortex_BA24,True,coloc.abf,0.9593,0.0095,intermediate,qtl_cs_not_matching_gtex,chr16:30007090:30007173:clu_19716_-:ENSG00000149927.18,chr16:30007090-30007173(-),"ENST00000350119.9,ENST00000561671.5,ENST00000564944.5,ENST00000564979.5,ENST00000566310.5,ENST00000616445.4",True,False,,0,,,,,none,True
aging__scz,scz,ZFYVE21,ENSG00000100711,Brain_Caudate_basal_ganglia,True,coloc.abf,0.9591,0.06,intermediate,gwas_locus_over_max_snps,chr14:103729182:103732620:clu_17707_+:ENSG00000100711.14,chr14:103729182-103732620(+),ENST00000311141.7,False,False,,0,,caudate,ENST00000216602.10 | ENST00000311141.7 | ENST00000553724.1 | ENST00000554757.1 | ENST00000555501.1 | ENST00000556795.1,True,none,False
aging__als,als,UNC13A,ENSG00000130477,Brain_Cerebellum,True,coloc.susie,0.9589,0.0905,intermediate,,chr19:17630750:17632782:clu_28681_-:ENSG00000130477.16,chr19:17630750-17632782(-),"ENST00000519716.7,ENST00000550896.1,ENST00000551649.5,ENST00000552293.5",False,False,,0,,,,,cross_tissue_exception,False
aging__lbd,lbd,SNCA,ENSG00000145335,Brain_Frontal_Cortex_BA9,True,coloc.susie,0.9561,0.0401,intermediate,,chr4:89835692:89836127:clu_42174_-:ENSG00000145335.17,chr4:89835692-89836127(-),"ENST00000508895.5,ENST00000618500.4",True,False,,0,,,,,none,False
aging__lbd,lbd,SNCA,ENSG00000145335,Brain_Nucleus_accumbens_basal_ganglia,True,coloc.susie,0.9556,0.0447,intermediate,,chr4:89835692:89836127:clu_43131_-:ENSG00000145335.17,chr4:89835692-89836127(-),"ENST00000508895.5,ENST00000618500.4",True,False,,0,,,,,none,False
brainseq-sczd__scz,scz,ZFYVE21,ENSG00000100711,Brain_Caudate_basal_ganglia,True,coloc.susie,0.9553,0.06,intermediate,,chr14:103729182:103732620:clu_17707_+:ENSG00000100711.14,chr14:103729182-103732620(+),ENST00000311141.7,False,False,,0,,caudate,ENST00000216602.10 | ENST00000311141.7 | ENST00000553724.1 | ENST00000554757.1 | ENST00000555501.1 | ENST00000556795.1,True,none,False
aging__ad,ad,ITGB1BP1,ENSG00000119185,Brain_Cortex,True,coloc.susie,0.9553,0.0403,intermediate,,chr2:9418732:9418818:clu_30573_-:ENSG00000119185.13,chr2:9418732-9418818(-),,False,False,,0,,,,,none,False
brainseq-sczd__scz,scz,ZFYVE21,ENSG00000100711,Brain_Nucleus_accumbens_basal_ganglia,True,coloc.susie,0.9552,0.1128,intermediate,,chr14:103729182:103732620:clu_17309_+:ENSG00000100711.14,chr14:103729182-103732620(+),ENST00000311141.7,False,False,,0,,,,,none,False
aging__scz,scz,SNAP91,ENSG00000065609,Brain_Cerebellar_Hemisphere,True,coloc.susie,0.9548,0.0412,intermediate,,chr6:83593017:83593478:clu_48320_-:ENSG00000065609.15,chr6:83593017-83593478(-),ENST00000518312.5,True,False,ENST00000195649.10 | ENST00000369694.7 | ENST00000439399.6 | ENST00000520302.5 | ENST00000521485.5 | ENST00000521743.5,15,0.2161,,,,none,True
aging__lbd,lbd,SNCA,ENSG00000145335,Brain_Amygdala,True,coloc.susie,0.9548,0.1132,intermediate,,chr4:89835692:89836127:clu_35671_-:ENSG00000145335.17,chr4:89835692-89836127(-),"ENST00000508895.5,ENST00000618500.4",True,False,,0,-0.1548,,,,none,False
aging__scz,scz,SNAP91,ENSG00000065609,Brain_Caudate_basal_ganglia,True,coloc.abf,0.9544,0.563,intermediate,qtl_cs_not_matching_gtex,chr6:83607808:83610650:clu_49433_-:ENSG00000065609.15,chr6:83607808-83610650(-),"ENST00000195649.10,ENST00000369694.7,ENST00000439399.6,ENST00000518312.5,ENST00000520213.5,ENST00000520302.5,ENST00000521485.5,ENST00000521616.5,ENST00000521743.5,ENST00000521931.5",True,False,,0,-0.0834,caudate,ENST00000195649.10 | ENST00000369694.7 | ENST00000439399.6 | ENST00000520302.5 | ENST00000521485.5 | ENST00000521743.5,True,none,True
aging__lbd,lbd,SNCA,ENSG00000145335,Brain_Hippocampus,True,coloc.susie,0.9538,0.0146,intermediate,,chr4:89835692:89836127:clu_40793_-:ENSG00000145335.17,chr4:89835692-89836127(-),"ENST00000508895.5,ENST00000618500.4",True,False,,0,-0.1534,hippocampus,ENST00000336904.7 | ENST00000394986.5 | ENST00000394991.8 | ENST00000506244.5 | ENST00000508895.5 | ENST00000674129.1,True,none,False
aging__lbd,lbd,SNCA,ENSG00000145335,Brain_Cerebellar_Hemisphere,True,coloc.susie,0.9517,0.0094,intermediate,,chr4:89835692:89836127:clu_44608_-:ENSG00000145335.17,chr4:89835692-89836127(-),"ENST00000508895.5,ENST00000618500.4",True,False,,0,,,,,none,False
aging__lbd,lbd,SNCA,ENSG00000145335,Brain_Anterior_cingulate_cortex_BA24,True,coloc.susie,0.9512,0.1026,intermediate,,chr4:89835692:89836127:clu_39722_-:ENSG00000145335.17,chr4:89835692-89836127(-),"ENST00000508895.5,ENST00000618500.4",True,False,,0,,,,,none,False
aging__scz,scz,CDIP1,ENSG00000089486,Brain_Caudate_basal_ganglia,True,coloc.susie,0.9509,0.7134,intermediate,,chr16:4514664:4538325:clu_21642_-:ENSG00000089486.17,chr16:4514664-4538325(-),"ENST00000563332.6,ENST00000588381.1",True,False,,0,,caudate,ENST00000399599.7 | ENST00000562334.5 | ENST00000563332.6 | ENST00000563507.5 | ENST00000564828.5 | ENST00000567695.6,True,none,False
aging__scz,scz,CRELD2,ENSG00000184164,Brain_Cortex,True,coloc.susie,0.9475,0.1217,intermediate,,chr22:49921761:49922612:clu_37563_+:ENSG00000184164.15,chr22:49921761-49922612(+),"ENST00000328268.9,ENST00000403427.3,ENST00000407217.7,ENST00000444954.1,ENST00000450207.5,ENST00000462253.5,ENST00000482956.5,ENST00000483652.5",True,False,,0,,,,,none,True
aging__ad,ad,ITGB1BP1,ENSG00000119185,Brain_Nucleus_accumbens_basal_ganglia,True,coloc.susie,0.947,0.0788,intermediate,,chr2:9418732:9419990:clu_30210_-:ENSG00000119185.13,chr2:9418732-9419990(-),"ENST00000360635.7,ENST00000488451.5,ENST00000492079.5,ENST00000494563.5",False,False,,0,,,,,none,False
aging__scz,scz,DOC2A,ENSG00000149927,Brain_Amygdala,True,coloc.abf,0.9467,0.022,intermediate,qtl_cs_not_matching_gtex,chr16:30007090:30007173:clu_16429_-:ENSG00000149927.18,chr16:30007090-30007173(-),"ENST00000350119.9,ENST00000561671.5,ENST00000564944.5,ENST00000564979.5,ENST00000566310.5,ENST00000616445.4",True,False,,0,0.0192,,,,none,True
aging__scz,scz,RAI1,ENSG00000108557,Brain_Cerebellar_Hemisphere,True,coloc.susie,0.9461,0.7172,intermediate,,chr17:17798513:17803756:clu_25337_+:ENSG00000108557.20,chr17:17798513-17803756(+),"ENST00000353383.6,ENST00000583166.1",False,False,,0,,,,,none,False
aging__scz,scz,CRELD2,ENSG00000184164,Brain_Putamen_basal_ganglia,True,coloc.susie,0.9447,0.3797,intermediate,,chr22:49921761:49922612:clu_35417_+:ENSG00000184164.15,chr22:49921761-49922612(+),"ENST00000328268.9,ENST00000403427.3,ENST00000407217.7,ENST00000444954.1,ENST00000450207.5,ENST00000462253.5,ENST00000482956.5,ENST00000483652.5",True,False,,0,,,,,none,True
aging__scz,scz,L3HYPDH,ENSG00000126790,Brain_Cerebellar_Hemisphere,True,coloc.susie,0.9445,0.003,intermediate,,chr14:59479351:59505189:clu_16291_-:ENSG00000126790.12,chr14:59479351-59505189(-),,False,False,,0,,,,,none,False
aging__scz,scz,INO80E,ENSG00000169592,Brain_Putamen_basal_ganglia,True,coloc.abf,0.9433,0.9622,intermediate,no_qtl_credible_set,chr16:30004657:30005221:clu_19817_+:ENSG00000169592.15,chr16:30004657-30005221(+),"ENST00000540562.1,ENST00000562441.5,ENST00000567987.5,ENST00000569957.5",True,False,,0,,,,,none,True
aging__scz,scz,CRELD2,ENSG00000184164,Brain_Frontal_Cortex_BA9,True,coloc.susie,0.9426,0.0215,intermediate,,chr22:49922443:49922612:clu_37111_+:ENSG00000184164.15,chr22:49922443-49922612(+),ENST00000404488.7,True,False,,0,0.041,,,,none,True
aging__ad,ad,INTS8,ENSG00000164941,Brain_Nucleus_accumbens_basal_ganglia,True,coloc.susie,0.9397,0.0778,intermediate,,chr8:94873477:94874552:clu_53411_+:ENSG00000164941.15,chr8:94873477-94874552(+),"ENST00000343161.8,ENST00000519736.5,ENST00000521155.5,ENST00000523206.5,ENST00000523731.6,ENST00000524333.5,ENST00000715987.1",True,False,,0,,,,,none,False
aging__scz,scz,CRELD2,ENSG00000184164,Brain_Nucleus_accumbens_basal_ganglia,True,coloc.susie,0.9393,0.6291,intermediate,,chr22:49922443:49922612:clu_37205_+:ENSG00000184164.15,chr22:49922443-49922612(+),ENST00000404488.7,True,False,,0,,,,,none,True
aging__scz,scz,L3HYPDH,ENSG00000126790,Brain_Cerebellum,True,coloc.susie,0.9367,0.0028,intermediate,,chr14:59504669:59505189:clu_17448_-:ENSG00000126790.12,chr14:59504669-59505189(-),,False,False,ENST00000247194.9 | ENST00000478430.2 | ENST00000481608.1 | ENST00000487285.5 | ENST00000527981.1 | ENST00000543619.1,15,,,,,none,False
aging__scz,scz,INO80E,ENSG00000169592,Brain_Nucleus_accumbens_basal_ganglia,True,coloc.abf,0.936,0.9643,intermediate,qtl_cs_not_matching_gtex,chr16:30004657:30005221:clu_21393_+:ENSG00000169592.15,chr16:30004657-30005221(+),"ENST00000540562.1,ENST00000562441.5,ENST00000567987.5,ENST00000569957.5",True,False,,0,,,,,none,True
aging__als,als,UNC13A,ENSG00000130477,Brain_Cerebellar_Hemisphere,True,coloc.susie,0.9359,0.3766,intermediate,,chr19:17630750:17632782:clu_28403_-:ENSG00000130477.16,chr19:17630750-17632782(-),"ENST00000519716.7,ENST00000550896.1,ENST00000551649.5,ENST00000552293.5",False,False,,0,,,,,cross_tissue_exception,False
aging__scz,scz,CDIP1,ENSG00000089486,Brain_Hypothalamus,True,coloc.susie,0.9354,0.0368,intermediate,,chr16:4514664:4538325:clu_19776_-:ENSG00000089486.17,chr16:4514664-4538325(-),"ENST00000563332.6,ENST00000588381.1",True,False,,0,,,,,none,False
aging__scz,scz,CRELD2,ENSG00000184164,Brain_Anterior_cingulate_cortex_BA24,True,coloc.susie,0.9344,0.2165,intermediate,,chr22:49921761:49922612:clu_34937_+:ENSG00000184164.15,chr22:49921761-49922612(+),"ENST00000328268.9,ENST00000403427.3,ENST00000407217.7,ENST00000444954.1,ENST00000450207.5,ENST00000462253.5,ENST00000482956.5,ENST00000483652.5",True,False,,0,-0.0396,,,,none,True
aging__scz,scz,CRELD2,ENSG00000184164,Brain_Caudate_basal_ganglia,True,coloc.susie,0.9331,0.7127,intermediate,,chr22:49921761:49922294:clu_38805_+:ENSG00000184164.15,chr22:49921761-49922294(+),ENST00000404488.7,True,False,,0,,,,,none,True
aging__scz,scz,GPR135,ENSG00000181619,Brain_Cerebellar_Hemisphere,True,coloc.susie,0.9326,0.0111,intermediate,,chr14:59473090:59474439:clu_16289_-:ENSG00000181619.12,chr14:59473090-59474439(-),,True,False,,0,,,,,none,True
aging__scz,scz,CRELD2,ENSG00000184164,Brain_Hypothalamus,True,coloc.susie,0.9323,0.8524,intermediate,,chr22:49921761:49922612:clu_38125_+:ENSG00000184164.15,chr22:49921761-49922612(+),"ENST00000328268.9,ENST00000403427.3,ENST00000407217.7,ENST00000444954.1,ENST00000450207.5,ENST00000462253.5,ENST00000482956.5,ENST00000483652.5",True,False,,0,,,,,none,True
aging__scz,scz,NMRAL1,ENSG00000153406,Brain_Putamen_basal_ganglia,True,coloc.susie,0.9312,0.6922,intermediate,,chr16:4474166:4474554:clu_18242_-:ENSG00000153406.14,chr16:4474166-4474554(-),"ENST00000283429.11,ENST00000571291.5,ENST00000573520.5,ENST00000575002.5",False,False,,0,,,,,none,False
aging__scz,scz,NMRAL1,ENSG00000153406,Brain_Spinal_cord_cervical_c-1,True,coloc.susie,0.9248,0.6042,intermediate,,chr16:4474166:4474423:clu_17980_-:ENSG00000153406.14,chr16:4474166-4474423(-),"ENST00000574425.5,ENST00000575995.1",False,False,,0,0.1324,,,,none,False
brainseq-sczd__scz,scz,ZFYVE21,ENSG00000100711,Brain_Putamen_basal_ganglia,True,coloc.susie,0.9235,0.0396,intermediate,,chr14:103729182:103729793:clu_16090_+:ENSG00000100711.14,chr14:103729182-103729793(+),"ENST00000216602.10,ENST00000555163.2,ENST00000555501.1,ENST00000556610.5",False,False,,0,,,,,none,False
aging__scz,scz,INO80E,ENSG00000169592,Brain_Hippocampus,True,coloc.abf,0.9215,0.4928,intermediate,no_qtl_credible_set,chr16:30004657:30005221:clu_20180_+:ENSG00000169592.15,chr16:30004657-30005221(+),"ENST00000540562.1,ENST00000562441.5,ENST00000567987.5,ENST00000569957.5",True,False,,0,,,,,none,True
aging__scz,scz,CRELD2,ENSG00000184164,Brain_Spinal_cord_cervical_c-1,True,coloc.susie,0.9193,0.8247,intermediate,,chr22:49921761:49922612:clu_34644_+:ENSG00000184164.15,chr22:49921761-49922612(+),"ENST00000328268.9,ENST00000403427.3,ENST00000407217.7,ENST00000444954.1,ENST00000450207.5,ENST00000462253.5,ENST00000482956.5,ENST00000483652.5",True,False,,0,,,,,none,True
aging__scz,scz,CRELD2,ENSG00000184164,Brain_Amygdala,True,coloc.susie,0.9184,0.4127,intermediate,,chr22:49921761:49922294:clu_30832_+:ENSG00000184164.15,chr22:49921761-49922294(+),ENST00000404488.7,True,False,,0,,,,,none,True
aging__als,als,PTPRN,ENSG00000054356,Brain_Nucleus_accumbens_basal_ganglia,True,coloc.abf,0.9184,0.9644,intermediate,qtl_cs_not_matching_gtex,chr2:219295141:219295897:clu_31852_-:ENSG00000054356.14,chr2:219295141-219295897(-),,True,False,,0,,,,,none,True
aging__scz,scz,NMRAL1,ENSG00000153406,Brain_Amygdala,True,coloc.susie,0.9145,0.595,intermediate,,chr16:4474166:4474554:clu_16166_-:ENSG00000153406.14,chr16:4474166-4474554(-),"ENST00000283429.11,ENST00000571291.5,ENST00000573520.5,ENST00000575002.5",False,False,,0,0.0112,,,,none,False
aging__scz,scz,NMRAL1,ENSG00000153406,Brain_Frontal_Cortex_BA9,True,coloc.susie,0.9143,0.5386,intermediate,,chr16:4474166:4474423:clu_20650_-:ENSG00000153406.14,chr16:4474166-4474423(-),"ENST00000574425.5,ENST00000575995.1",False,False,,0,-0.0175,,,,none,False
aging__scz,scz,NMRAL1,ENSG00000153406,Brain_Anterior_cingulate_cortex_BA24,True,coloc.susie,0.9124,0.6516,intermediate,,chr16:4474166:4474423:clu_19412_-:ENSG00000153406.14,chr16:4474166-4474423(-),"ENST00000574425.5,ENST00000575995.1",False,False,,0,0.1977,,,,none,False
aging__als,als,GGNBP2,ENSG00000278311,Brain_Cerebellum,True,coloc.susie,0.9119,0.383,intermediate,,chr17:36560871:36567663:clu_25912_+:ENSG00000278311.5,chr17:36560871-36567663(+),"ENST00000613102.5,ENST00000617860.4,ENST00000618837.4",False,False,,0,,,,,none,False
aging__scz,scz,NMRAL1,ENSG00000153406,Brain_Hypothalamus,True,coloc.susie,0.9088,0.6397,intermediate,,chr16:4474166:4474423:clu_19774_-:ENSG00000153406.14,chr16:4474166-4474423(-),"ENST00000574425.5,ENST00000575995.1",False,False,,0,,,,,none,False
aging__scz,scz,PAM16,ENSG00000217930,Brain_Amygdala,True,coloc.susie,0.9082,0.0224,intermediate,,chr16:4355163:4355286:clu_16154_-:ENSG00000217930.8,chr16:4355163-4355286(-),,False,False,,0,,,,,none,False
aging__pd,pd,ZSWIM7,ENSG00000214941,Brain_Nucleus_accumbens_basal_ganglia,True,coloc.susie,0.9065,0.7797,intermediate,,chr17:15977092:15978044:clu_24267_-:ENSG00000214941.8,chr17:15977092-15978044(-),ENST00000476496.5,True,False,,0,,,,,none,False
aging__scz,scz,NMRAL1,ENSG00000153406,Brain_Hippocampus,True,coloc.susie,0.906,0.7369,intermediate,,chr16:4474166:4474554:clu_18585_-:ENSG00000153406.14,chr16:4474166-4474554(-),"ENST00000283429.11,ENST00000571291.5,ENST00000573520.5,ENST00000575002.5",False,False,,0,,,,,none,False
aging__scz,scz,NMRAL1,ENSG00000153406,Brain_Nucleus_accumbens_basal_ganglia,True,coloc.susie,0.9044,0.6277,intermediate,,chr16:4474166:4474423:clu_19692_-:ENSG00000153406.14,chr16:4474166-4474423(-),"ENST00000574425.5,ENST00000575995.1",False,False,,0,,,,,none,False
aging__pd,pd,ZSWIM7,ENSG00000214941,Brain_Putamen_basal_ganglia,True,coloc.susie,0.9041,0.805,intermediate,,chr17:15977092:15978044:clu_20934_-:ENSG00000214941.8,chr17:15977092-15978044(-),ENST00000476496.5,True,False,,0,,,,,none,False
aging__pd,pd,ZSWIM7,ENSG00000214941,Brain_Caudate_basal_ganglia,True,coloc.susie,0.9021,0.8089,intermediate,,chr17:15993778:15999660:clu_23088_-:ENSG00000214941.8,chr17:15993778-15999660(-),"ENST00000399280.6,ENST00000495825.6,ENST00000497719.5",True,False,,0,,,,,none,False
aging__scz,scz,NMRAL1,ENSG00000153406,Brain_Cerebellum,True,coloc.susie,0.9017,0.7603,intermediate,,chr16:4474166:4474554:clu_20403_-:ENSG00000153406.14,chr16:4474166-4474554(-),"ENST00000283429.11,ENST00000571291.5,ENST00000573520.5,ENST00000575002.5",False,False,,0,,,,,none,False
aging__scz,scz,DOC2A,ENSG00000149927,Brain_Nucleus_accumbens_basal_ganglia,True,coloc.abf,0.901,0.7552,intermediate,no_qtl_credible_set,chr16:30007090:30007173:clu_20012_-:ENSG00000149927.18,chr16:30007090-30007173(-),"ENST00000350119.9,ENST00000561671.5,ENST00000564944.5,ENST00000564979.5,ENST00000566310.5,ENST00000616445.4",True,False,,0,,,,,none,True
aging__scz,scz,NT5C2,ENSG00000076685,Brain_Caudate_basal_ganglia,True,coloc.susie,0.9009,0.2434,intermediate,,chr10:103174982:103181185:clu_6813_-:ENSG00000076685.19,chr10:103174982-103181185(-),"ENST00000404739.8,ENST00000467380.1,ENST00000674860.1,ENST00000675020.1,ENST00000675326.1,ENST00000675436.1",False,False,,0,,,,,none,True
aging__pd,pd,TTC19,ENSG00000011295,Brain_Putamen_basal_ganglia,True,coloc.susie,0.8992,0.7263,intermediate,,chr17:16000245:16001915:clu_22590_+:ENSG00000011295.16,chr17:16000245-16001915(+),"ENST00000261647.10,ENST00000470399.1,ENST00000497842.6",False,False,,0,,,,,none,False
aging__scz,scz,NMRAL1,ENSG00000153406,Brain_Cerebellar_Hemisphere,True,coloc.susie,0.8987,0.6092,intermediate,,chr16:4474166:4474554:clu_20210_-:ENSG00000153406.14,chr16:4474166-4474554(-),"ENST00000283429.11,ENST00000571291.5,ENST00000573520.5,ENST00000575002.5",False,False,,0,0.0041,,,,none,False
aging__als,als,PTPRN,ENSG00000054356,Brain_Cerebellar_Hemisphere,True,coloc.susie,0.8805,0.0314,primary_prior,,chr2:219295966:219296226:clu_33276_-:ENSG00000054356.14,chr2:219295966-219296226(-),,True,False,ENST00000295718.7 | ENST00000409251.7 | ENST00000443981.5 | ENST00000460801.5 | ENST00000462351.5 | ENST00000497977.1,15,,,,,none,True
aging__pd,pd,ZSWIM7,ENSG00000214941,Brain_Substantia_nigra,True,coloc.susie,0.8776,0.8387,primary_prior,,chr17:15977092:15978044:clu_19681_-:ENSG00000214941.8,chr17:15977092-15978044(-),ENST00000476496.5,True,False,,0,,,,,none,False
aging__scz,scz,DOC2A,ENSG00000149927,Brain_Caudate_basal_ganglia,True,coloc.abf,0.8707,0.6708,primary_prior,no_qtl_credible_set,chr16:30007090:30007173:clu_21964_-:ENSG00000149927.18,chr16:30007090-30007173(-),"ENST00000350119.9,ENST00000561671.5,ENST00000564944.5,ENST00000564979.5,ENST00000566310.5,ENST00000616445.4",True,False,,0,,,,,none,True
aging__pd,pd,CTSB,ENSG00000164733,Brain_Amygdala,True,coloc.susie,0.8679,0.7087,primary_prior,,chr8:11844241:11845082:clu_42601_-:ENSG00000164733.23,chr8:11844241-11845082(-),"ENST00000530640.7,ENST00000531089.6",False,False,ENST00000353047.11 | ENST00000453527.7 | ENST00000526645.6 | ENST00000531551.5 | ENST00000679051.1 | ENST00000679214.1,15,0.0888,,,,none,True
aging__ad,ad,TPCN1,ENSG00000186815,Brain_Cerebellar_Hemisphere,True,coloc.susie,0.861,0.8192,primary_prior,,chr12:113280195:113283693:clu_12860_+:ENSG00000186815.13,chr12:113280195-113283693(+),,False,False,ENST00000335509.11 | ENST00000428632.7 | ENST00000541517.5 | ENST00000550785.5 | ENST00000551127.5 | ENST00000552542.5,15,,,,,none,False
aging__scz,scz,THAP3,ENSG00000041988,Brain_Cerebellum,True,coloc.abf,0.86,0.1863,primary_prior,no_qtl_credible_set,chr1:6628691:6629643:clu_196_+:ENSG00000041988.16,chr1:6628691-6629643(+),ENST00000487819.5,False,False,,0,,,,,none,True
aging__pd,pd,ZSWIM7,ENSG00000214941,Brain_Frontal_Cortex_BA9,True,coloc.susie,0.8461,0.7814,primary_prior,,chr17:15977092:15978044:clu_22020_-:ENSG00000214941.8,chr17:15977092-15978044(-),ENST00000476496.5,True,False,ENST00000399277.6 | ENST00000399280.6 | ENST00000472495.5 | ENST00000486706.6 | ENST00000490395.5 | ENST00000491631.5,15,0.2099,,,,none,False
aging__pd,pd,ZSWIM7,ENSG00000214941,Brain_Hippocampus,True,coloc.susie,0.8436,0.8494,primary_prior,,chr17:15977092:15978044:clu_21283_-:ENSG00000214941.8,chr17:15977092-15978044(-),ENST00000476496.5,True,False,,0,,,,,none,False
aging__scz,scz,GPM6A,ENSG00000150625,Brain_Amygdala,True,coloc.abf,0.8415,0.0596,primary_prior,no_qtl_credible_set,chr4:175701767:175812191:clu_35977_-:ENSG00000150625.17,chr4:175701767-175812191(-),"ENST00000280187.11,ENST00000393658.7,ENST00000513365.1",False,False,,0,-0.1535,,,,none,False
aging__ad,ad,INO80E,ENSG00000169592,Brain_Nucleus_accumbens_basal_ganglia,True,coloc.abf,0.8324,0.7738,primary_prior,qtl_cs_not_matching_gtex,chr16:30004657:30005221:clu_21393_+:ENSG00000169592.15,chr16:30004657-30005221(+),"ENST00000540562.1,ENST00000562441.5,ENST00000567987.5,ENST00000569957.5",True,False,,0,,,,,none,False
aging__als,als,PTPRN,ENSG00000054356,Brain_Frontal_Cortex_BA9,True,coloc.abf,0.8318,0.0738,primary_prior,qtl_cs_not_matching_gtex,chr2:219295141:219296226:clu_31180_-:ENSG00000054356.14,chr2:219295141-219296226(-),"ENST00000295718.7,ENST00000409251.7,ENST00000423636.6,ENST00000443981.5",True,False,,0,0.1698,,,,none,True
aging__ad,ad,INTS8,ENSG00000164941,Brain_Hypothalamus,True,coloc.susie,0.8279,0.0115,primary_prior,,chr8:94873477:94874552:clu_53511_+:ENSG00000164941.15,chr8:94873477-94874552(+),"ENST00000343161.8,ENST00000519736.5,ENST00000521155.5,ENST00000523206.5,ENST00000523731.6,ENST00000524333.5,ENST00000715987.1",True,False,,0,,,,,none,False
aging__pd,pd,ZSWIM7,ENSG00000214941,Brain_Cerebellar_Hemisphere,True,coloc.susie,0.8275,0.8198,primary_prior,,chr17:15977092:15978044:clu_23438_-:ENSG00000214941.8,chr17:15977092-15978044(-),ENST00000476496.5,True,False,,0,,,,,none,False
aging__pd,pd,ZSWIM7,ENSG00000214941,Brain_Spinal_cord_cervical_c-1,True,coloc.susie,0.8234,0.7517,primary_prior,,chr17:15978163:15981040:clu_20567_-:ENSG00000214941.8,chr17:15978163-15981040(-),"ENST00000399277.6,ENST00000399280.6,ENST00000460252.5,ENST00000460315.5,ENST00000472495.5,ENST00000474716.5,ENST00000475498.5,ENST00000476496.5,ENST00000486706.6,ENST00000490395.5,ENST00000491631.5,ENST00000495825.6,ENST00000497719.5,ENST00000579955.1,ENST00000584519.5,ENST00000585208.5",True,False,,0,,,,,none,False
aging__scz,scz,NT5C2,ENSG00000076685,Brain_Amygdala,True,coloc.abf,0.8225,0.2254,primary_prior,qtl_cs_not_matching_gtex,chr10:103174982:103181185:clu_6477_-:ENSG00000076685.19,chr10:103174982-103181185(-),"ENST00000404739.8,ENST00000467380.1,ENST00000674860.1,ENST00000675020.1,ENST00000675326.1,ENST00000675436.1",False,False,,0,,,,,none,True
aging__pd,pd,ZSWIM7,ENSG00000214941,Brain_Anterior_cingulate_cortex_BA24,True,coloc.susie,0.8221,0.8062,primary_prior,,chr17:15977092:15978044:clu_20721_-:ENSG00000214941.8,chr17:15977092-15978044(-),ENST00000476496.5,True,False,,0,,,,,none,False
aging__scz,scz,NT5C2,ENSG00000076685,Brain_Frontal_Cortex_BA9,True,coloc.abf,0.8218,0.004,primary_prior,qtl_cs_not_matching_gtex,chr10:103174982:103181185:clu_7688_-:ENSG00000076685.19,chr10:103174982-103181185(-),"ENST00000404739.8,ENST00000467380.1,ENST00000674860.1,ENST00000675020.1,ENST00000675326.1,ENST00000675436.1",False,False,,0,-0.0783,dlpfc,ENST00000343289.9 | ENST00000369857.9 | ENST00000404739.8 | ENST00000674728.1 | ENST00000675040.1 | ENST00000675164.1,True,none,True
aging__pd,pd,ZSWIM7,ENSG00000214941,Brain_Amygdala,True,coloc.susie,0.8156,0.8052,primary_prior,,chr17:15977092:15978044:clu_18532_-:ENSG00000214941.8,chr17:15977092-15978044(-),ENST00000476496.5,True,False,,0,,,,,none,False
aging__pd,pd,NCOR1,ENSG00000141027,Brain_Nucleus_accumbens_basal_ganglia,True,coloc.abf,0.8054,0.7716,primary_prior,qtl_cs_not_matching_gtex,chr17:16171995:16186554:clu_24281_-:ENSG00000141027.23,chr17:16171995-16186554(-),"ENST00000268712.8,ENST00000395851.5,ENST00000411510.5,ENST00000430577.2,ENST00000436068.2,ENST00000436828.5,ENST00000582357.5,ENST00000585296.1,ENST00000704744.1,ENST00000704745.1",True,False,,0,,,,,none,False
aging__pd,pd,TTC19,ENSG00000011295,Brain_Caudate_basal_ganglia,True,coloc.susie,0.8041,0.7111,primary_prior,,chr17:16006568:16025017:clu_24877_+:ENSG00000011295.16,chr17:16006568-16025017(+),"ENST00000261647.10,ENST00000475723.5",False,False,,0,,caudate,ENST00000261647.10 | ENST00000465567.1 | ENST00000466729.5 | ENST00000475723.5 | ENST00000481107.1 | ENST00000497842.6,True,none,False
aging__pd,pd,ZSWIM7,ENSG00000214941,Brain_Hypothalamus,True,coloc.susie,0.8029,0.7997,primary_prior,,chr17:15977092:15978044:clu_22659_-:ENSG00000214941.8,chr17:15977092-15978044(-),ENST00000476496.5,True,False,,0,,,,,none,False
aging__scz,scz,ZDHHC12,ENSG00000160446,Brain_Spinal_cord_cervical_c-1,False,coloc.abf,0.998,0.1718,robust,gwas_locus_over_max_snps,chr9:128721502:128721651:clu_49806_-:ENSG00000160446.19,chr9:128721502-128721651(-),"ENST00000372663.9,ENST00000372667.9",True,False,,0,,,,,none,False
aging__scz,scz,FOXN2,ENSG00000170802,Brain_Cerebellar_Hemisphere,False,coloc.abf,0.9967,0.9974,robust,gwas_no_credible_set,chr2:48346751:48359047:clu_33941_+:ENSG00000170802.17,chr2:48346751-48359047(+),"ENST00000340553.8,ENST00000413569.5",False,False,,0,,,,,none,False
aging__scz,scz,ACTR1B,ENSG00000115073,Brain_Caudate_basal_ganglia,False,coloc.abf,0.9966,0.9942,robust,gwas_no_credible_set,chr2:97658316:97658427:clu_31794_-:ENSG00000115073.8,chr2:97658316-97658427(-),"ENST00000289228.7,ENST00000451664.1",False,False,,0,,caudate_sczd,ENST00000289228.7 | ENST00000451664.1 | ENST00000460427.2,True,none,False
brainseq-sczd__scz,scz,ACTR1B,ENSG00000115073,Brain_Caudate_basal_ganglia,False,coloc.abf,0.9966,0.9942,robust,gwas_no_credible_set,chr2:97658316:97658427:clu_31794_-:ENSG00000115073.8,chr2:97658316-97658427(-),"ENST00000289228.7,ENST00000451664.1",True,False,,0,,caudate_sczd,ENST00000289228.7 | ENST00000451664.1 | ENST00000460427.2,True,none,False
aging__scz,scz,FOXN2,ENSG00000170802,Brain_Cerebellum,False,coloc.abf,0.996,0.9974,robust,gwas_no_credible_set,chr2:48346751:48359047:clu_34200_+:ENSG00000170802.17,chr2:48346751-48359047(+),"ENST00000340553.8,ENST00000413569.5",False,False,,0,,,,,none,False
aging__scz,scz,ACTR1B,ENSG00000115073,Brain_Hypothalamus,False,coloc.abf,0.9959,0.9956,robust,gwas_no_credible_set,chr2:97658316:97658427:clu_31224_-:ENSG00000115073.8,chr2:97658316-97658427(-),"ENST00000289228.7,ENST00000451664.1",False,False,,0,,,,,none,False
brainseq-sczd__scz,scz,ACTR1B,ENSG00000115073,Brain_Hypothalamus,False,coloc.abf,0.9959,0.9956,robust,gwas_no_credible_set,chr2:97658316:97658427:clu_31224_-:ENSG00000115073.8,chr2:97658316-97658427(-),"ENST00000289228.7,ENST00000451664.1",True,False,,0,,,,,none,False
aging__als,als,TPP1,ENSG00000166340,Brain_Cerebellum,False,coloc.abf,0.9958,0.7739,robust,gwas_no_credible_set,chr11:6611818:6611958:clu_8487_-:ENSG00000166340.18,chr11:6611818-6611958(-),,True,False,ENST00000299427.12 | ENST00000524611.2 | ENST00000645331.1 | ENST00000646691.1 | ENST00000646777.1 | ENST00000682424.1,15,,,,,none,True
aging__scz,scz,ACTR1B,ENSG00000115073,Brain_Nucleus_accumbens_basal_ganglia,False,coloc.abf,0.9953,0.9583,robust,gwas_no_credible_set,chr2:97658316:97658427:clu_31044_-:ENSG00000115073.8,chr2:97658316-97658427(-),"ENST00000289228.7,ENST00000451664.1",False,False,,0,,,,,none,False
brainseq-sczd__scz,scz,ACTR1B,ENSG00000115073,Brain_Nucleus_accumbens_basal_ganglia,False,coloc.abf,0.9953,0.9583,robust,gwas_no_credible_set,chr2:97658316:97658427:clu_31044_-:ENSG00000115073.8,chr2:97658316-97658427(-),"ENST00000289228.7,ENST00000451664.1",True,False,,0,,,,,none,False
aging__scz,scz,ACTR1B,ENSG00000115073,Brain_Cerebellar_Hemisphere,False,coloc.abf,0.9951,0.9951,robust,gwas_no_credible_set,chr2:97658316:97658427:clu_32460_-:ENSG00000115073.8,chr2:97658316-97658427(-),"ENST00000289228.7,ENST00000451664.1",False,False,,0,,,,,none,False
brainseq-sczd__scz,scz,ACTR1B,ENSG00000115073,Brain_Cerebellar_Hemisphere,False,coloc.abf,0.9951,0.9951,robust,gwas_no_credible_set,chr2:97658316:97658427:clu_32460_-:ENSG00000115073.8,chr2:97658316-97658427(-),"ENST00000289228.7,ENST00000451664.1",True,False,,0,,,,,none,False
aging__scz,scz,ACTR1B,ENSG00000115073,Brain_Cerebellum,False,coloc.abf,0.9951,0.9951,robust,gwas_no_credible_set,chr2:97658316:97658427:clu_32733_-:ENSG00000115073.8,chr2:97658316-97658427(-),"ENST00000289228.7,ENST00000451664.1",False,False,,0,,,,,none,False
brainseq-sczd__scz,scz,ACTR1B,ENSG00000115073,Brain_Cerebellum,False,coloc.abf,0.9951,0.9951,robust,gwas_no_credible_set,chr2:97658316:97658427:clu_32733_-:ENSG00000115073.8,chr2:97658316-97658427(-),"ENST00000289228.7,ENST00000451664.1",True,False,,0,,,,,none,False
brainseq-sczd__scz,scz,MRPS33,ENSG00000090263,Brain_Hypothalamus,False,coloc.abf,0.9943,0.0214,robust,gwas_no_credible_set,chr7:141006535:141014551:clu_50271_-:ENSG00000090263.16,chr7:141006535-141014551(-),ENST00000484502.1,True,False,,0,,,,,none,False
aging__scz,scz,IRF3,ENSG00000126456,Brain_Cortex,False,coloc.abf,0.9935,0.2443,robust,gwas_locus_over_max_snps,chr19:49664846:49665672:clu_30207_-:ENSG00000126456.16,chr19:49664846-49665672(-),"ENST00000593337.5,ENST00000594387.1,ENST00000601809.5",False,False,ENST00000309877.11 | ENST00000377139.8 | ENST00000593922.5 | ENST00000597636.5 | ENST00000599144.5 | ENST00000601291.5,15,-0.1659,,,,none,False
aging__scz,scz,MAD1L1,ENSG00000002822,Brain_Anterior_cingulate_cortex_BA24,False,coloc.abf,0.9924,0.026,robust,gwas_locus_over_max_snps,chr7:1936897:1957629:clu_45081_-:ENSG00000002822.16,chr7:1936897-1957629(-),"ENST00000265854.12,ENST00000399654.6,ENST00000402746.5,ENST00000406869.5,ENST00000450235.5",False,False,,0,,,,,none,False
aging__scz,scz,IRF3,ENSG00000126456,Brain_Anterior_cingulate_cortex_BA24,False,coloc.abf,0.9916,0.1437,robust,gwas_locus_over_max_snps,chr19:49664846:49665672:clu_25805_-:ENSG00000126456.16,chr19:49664846-49665672(-),"ENST00000593337.5,ENST00000594387.1,ENST00000601809.5",False,False,ENST00000309877.11 | ENST00000377139.8 | ENST00000593922.5 | ENST00000597636.5 | ENST00000599144.5 | ENST00000601291.5,15,-0.101,,,,none,False
aging__scz,scz,IRF3,ENSG00000126456,Brain_Spinal_cord_cervical_c-1,False,coloc.abf,0.9915,0.0636,robust,gwas_locus_over_max_snps,chr19:49664846:49665672:clu_25626_-:ENSG00000126456.16,chr19:49664846-49665672(-),"ENST00000593337.5,ENST00000594387.1,ENST00000601809.5",False,False,,0,,,,,none,False
aging__scz,scz,IRF3,ENSG00000126456,Brain_Putamen_basal_ganglia,False,coloc.abf,0.9911,0.6138,robust,gwas_locus_over_max_snps,chr19:49664846:49665672:clu_26063_-:ENSG00000126456.16,chr19:49664846-49665672(-),"ENST00000593337.5,ENST00000594387.1,ENST00000601809.5",False,False,,0,,,,,none,False
aging__scz,scz,IRF3,ENSG00000126456,Brain_Hypothalamus,False,coloc.abf,0.9902,0.1484,robust,gwas_locus_over_max_snps,chr19:49664846:49665672:clu_28135_-:ENSG00000126456.16,chr19:49664846-49665672(-),"ENST00000593337.5,ENST00000594387.1,ENST00000601809.5",False,False,,0,,,,,none,False
aging__scz,scz,IRF3,ENSG00000126456,Brain_Substantia_nigra,False,coloc.abf,0.9898,0.0738,robust,gwas_locus_over_max_snps,chr19:49664846:49665672:clu_24576_-:ENSG00000126456.16,chr19:49664846-49665672(-),"ENST00000593337.5,ENST00000594387.1,ENST00000601809.5",False,False,,0,,,,,none,False
aging__scz,scz,IRF3,ENSG00000126456,Brain_Nucleus_accumbens_basal_ganglia,False,coloc.abf,0.9898,0.5614,robust,gwas_locus_over_max_snps,chr19:49664846:49665672:clu_28003_-:ENSG00000126456.16,chr19:49664846-49665672(-),"ENST00000593337.5,ENST00000594387.1,ENST00000601809.5",False,False,,0,,,,,none,False
aging__scz,scz,ACTR1B,ENSG00000115073,Brain_Spinal_cord_cervical_c-1,False,coloc.abf,0.9887,0.8973,robust,gwas_no_credible_set,chr2:97658316:97658427:clu_30369_-:ENSG00000115073.8,chr2:97658316-97658427(-),"ENST00000289228.7,ENST00000451664.1",False,False,,0,0.0051,,,,none,False
brainseq-sczd__scz,scz,ACTR1B,ENSG00000115073,Brain_Spinal_cord_cervical_c-1,False,coloc.abf,0.9887,0.8973,robust,gwas_no_credible_set,chr2:97658316:97658427:clu_30369_-:ENSG00000115073.8,chr2:97658316-97658427(-),"ENST00000289228.7,ENST00000451664.1",True,False,,0,0.0051,,,,none,False
aging__als,als,C9orf72,ENSG00000147894,Brain_Cerebellar_Hemisphere,False,coloc.abf,0.9884,0.0,robust,gwas_locus_over_max_snps,chr9:27567164:27573431:clu_55430_-:ENSG00000147894.17,chr9:27567164-27573431(-),"ENST00000380003.8,ENST00000488117.5,ENST00000644136.1,ENST00000673600.1",True,False,,0,,,,,none,False
aging__scz,scz,IRF3,ENSG00000126456,Brain_Caudate_basal_ganglia,False,coloc.abf,0.9881,0.4026,robust,gwas_locus_over_max_snps,chr19:49664846:49665672:clu_30581_-:ENSG00000126456.16,chr19:49664846-49665672(-),"ENST00000593337.5,ENST00000594387.1,ENST00000601809.5",False,False,,0,,caudate,ENST00000309877.11 | ENST00000377135.8 | ENST00000377139.8 | ENST00000593922.5 | ENST00000599144.5 | ENST00000601291.5,False,none,False
aging__scz,scz,YPEL1,ENSG00000100027,Brain_Cerebellar_Hemisphere,False,coloc.abf,0.9854,0.2385,robust,gwas_locus_over_max_snps,chr22:21701218:21703370:clu_38869_-:ENSG00000100027.17,chr22:21701218-21703370(-),"ENST00000339468.8,ENST00000477675.1,ENST00000672036.2",False,False,,0,,,,,none,False
aging__scz,scz,YPEL1,ENSG00000100027,Brain_Cerebellum,False,coloc.abf,0.9848,0.0399,robust,gwas_locus_over_max_snps,chr22:21701218:21703370:clu_39214_-:ENSG00000100027.17,chr22:21701218-21703370(-),"ENST00000339468.8,ENST00000477675.1,ENST00000672036.2",False,False,,0,,,,,none,False
aging__scz,scz,PBRM1,ENSG00000163939,Brain_Cerebellum,False,coloc.abf,0.9846,0.5227,robust,gwas_locus_over_max_snps,chr3:52644789:52648344:clu_40577_-:ENSG00000163939.19,chr3:52644789-52648344(-),"ENST00000296302.11,ENST00000337303.8,ENST00000356770.8,ENST00000394830.7,ENST00000409057.5,ENST00000409114.7,ENST00000409767.5,ENST00000410007.5,ENST00000412587.5,ENST00000423351.5,ENST00000446103.5,ENST00000707071.1",True,False,,0,,,,,none,False
aging__als,als,C9orf72,ENSG00000147894,Brain_Hippocampus,False,coloc.abf,0.9844,0.0,robust,gwas_locus_over_max_snps,chr9:27567164:27573431:clu_51039_-:ENSG00000147894.17,chr9:27567164-27573431(-),"ENST00000380003.8,ENST00000488117.5,ENST00000644136.1,ENST00000673600.1",True,False,,0,,,,,none,False
aging__als,als,C9orf72,ENSG00000147894,Brain_Nucleus_accumbens_basal_ganglia,False,coloc.abf,0.9836,0.0,robust,gwas_locus_over_max_snps,chr9:27567164:27573431:clu_53941_-:ENSG00000147894.17,chr9:27567164-27573431(-),"ENST00000380003.8,ENST00000488117.5,ENST00000644136.1,ENST00000673600.1",True,False,,0,,,,,none,False
aging__scz,scz,YPEL1,ENSG00000100027,Brain_Caudate_basal_ganglia,False,coloc.abf,0.9836,0.02,robust,gwas_locus_over_max_snps,chr22:21701218:21703370:clu_37540_-:ENSG00000100027.17,chr22:21701218-21703370(-),"ENST00000339468.8,ENST00000477675.1,ENST00000672036.2",False,False,,0,-0.1132,,,,none,False
aging__ad,ad,SLC39A13,ENSG00000165915,Brain_Hippocampus,False,coloc.abf,0.9827,0.0071,robust,gwas_locus_over_max_snps,chr11:47412467:47413597:clu_9651_+:ENSG00000165915.14,chr11:47412467-47413597(+),"ENST00000531419.5,ENST00000531865.5",False,False,,0,,,,,none,False
aging__scz,scz,IRF3,ENSG00000126456,Brain_Frontal_Cortex_BA9,False,coloc.abf,0.9825,0.0738,robust,gwas_locus_over_max_snps,chr19:49664846:49665672:clu_27363_-:ENSG00000126456.16,chr19:49664846-49665672(-),"ENST00000593337.5,ENST00000594387.1,ENST00000601809.5",False,False,ENST00000309877.11 | ENST00000377139.8 | ENST00000593922.5 | ENST00000595240.5 | ENST00000597636.5 | ENST00000599144.5,15,-0.0801,,,,none,False
aging__scz,scz,POLG,ENSG00000140521,Brain_Cerebellar_Hemisphere,False,coloc.abf,0.9823,0.0382,robust,gwas_locus_over_max_snps,chr15:89321012:89321736:clu_19750_-:ENSG00000140521.18,chr15:89321012-89321736(-),,False,False,ENST00000268124.11 | ENST00000442287.6 | ENST00000636937.2 | ENST00000637264.1 | ENST00000666746.1 | ENST00000672695.1,15,,,,,none,False
aging__scz,scz,YPEL1,ENSG00000100027,Brain_Putamen_basal_ganglia,False,coloc.abf,0.9819,0.016,robust,gwas_locus_over_max_snps,chr22:21701218:21703370:clu_34227_-:ENSG00000100027.17,chr22:21701218-21703370(-),"ENST00000339468.8,ENST00000477675.1,ENST00000672036.2",False,False,,0,,,,,none,False
aging__scz,scz,PSMD6,ENSG00000163636,Brain_Hippocampus,False,coloc.abf,0.976,0.0183,robust,gwas_locus_over_max_snps,chr3:64010955:64018599:clu_36755_-:ENSG00000163636.11,chr3:64010955-64018599(-),ENST00000480205.5,False,False,ENST00000295901.9 | ENST00000463139.5 | ENST00000467853.5 | ENST00000476464.5 | ENST00000482510.5 | ENST00000492933.5,15,-0.4432,hippocampus,ENST00000295901.9 | ENST00000463139.5 | ENST00000467853.5 | ENST00000476464.5 | ENST00000482510.5 | ENST00000492933.5,False,none,False
aging__scz,scz,IRF3,ENSG00000126456,Brain_Hippocampus,False,coloc.abf,0.9756,0.0662,intermediate,gwas_locus_over_max_snps,chr19:49664846:49665672:clu_26557_-:ENSG00000126456.16,chr19:49664846-49665672(-),"ENST00000593337.5,ENST00000594387.1,ENST00000601809.5",False,False,,0,,,,,none,False
aging__scz,scz,POLG,ENSG00000140521,Brain_Cerebellum,False,coloc.abf,0.9716,0.0471,intermediate,gwas_locus_over_max_snps,chr15:89321012:89321736:clu_18982_-:ENSG00000140521.18,chr15:89321012-89321736(-),,False,False,ENST00000268124.11 | ENST00000442287.6 | ENST00000636937.2 | ENST00000666746.1 | ENST00000672071.1 | ENST00000672695.1,15,,,,,none,False
aging__scz,scz,IRF3,ENSG00000126456,Brain_Amygdala,False,coloc.abf,0.9714,0.2744,intermediate,gwas_locus_over_max_snps,chr19:49664846:49665672:clu_23201_-:ENSG00000126456.16,chr19:49664846-49665672(-),"ENST00000593337.5,ENST00000594387.1,ENST00000601809.5",False,False,ENST00000309877.11 | ENST00000377139.8 | ENST00000593922.5 | ENST00000597636.5 | ENST00000599144.5 | ENST00000601291.5,15,-0.0222,,,,none,False
aging__als,als,TXNDC15,ENSG00000113621,Brain_Caudate_basal_ganglia,False,coloc.abf,0.9692,0.3467,intermediate,gwas_no_credible_set,chr5:134874530:134893492:clu_45379_+:ENSG00000113621.15,chr5:134874530-134893492(+),ENST00000511070.5,False,False,,0,,,,,none,False
aging__als,als,C9orf72,ENSG00000147894,Brain_Caudate_basal_ganglia,False,coloc.abf,0.9664,0.0,intermediate,gwas_locus_over_max_snps,chr9:27567164:27573431:clu_55126_-:ENSG00000147894.17,chr9:27567164-27573431(-),"ENST00000380003.8,ENST00000488117.5,ENST00000644136.1,ENST00000673600.1",True,False,,0,,,,,none,False
aging__ad,ad,SIRPA,ENSG00000198053,Brain_Cerebellar_Hemisphere,False,coloc.abf,0.9654,0.9053,intermediate,gwas_locus_over_max_snps,chr20:1915455:1921395:clu_36365_+:ENSG00000198053.12,chr20:1915455-1921395(+),"ENST00000356025.7,ENST00000358771.5,ENST00000400068.7,ENST00000622179.4",False,False,,0,,,,,none,False
aging__ad,ad,SIRPA,ENSG00000198053,Brain_Putamen_basal_ganglia,False,coloc.abf,0.9654,0.9217,intermediate,gwas_locus_over_max_snps,chr20:1915455:1921395:clu_32650_+:ENSG00000198053.12,chr20:1915455-1921395(+),"ENST00000356025.7,ENST00000358771.5,ENST00000400068.7,ENST00000622179.4",False,False,,0,,,,,none,False
aging__scz,scz,EFHB,ENSG00000163576,Brain_Frontal_Cortex_BA9,False,coloc.abf,0.9647,0.001,intermediate,gwas_locus_over_max_snps,chr3:19946254:19946919:clu_37357_-:ENSG00000163576.18,chr3:19946254-19946919(-),ENST00000474780.1,False,False,,0,,,,,none,False
aging__ad,ad,SIRPA,ENSG00000198053,Brain_Spinal_cord_cervical_c-1,False,coloc.abf,0.9647,0.0731,intermediate,gwas_locus_over_max_snps,chr20:1915455:1921395:clu_31992_+:ENSG00000198053.12,chr20:1915455-1921395(+),"ENST00000356025.7,ENST00000358771.5,ENST00000400068.7,ENST00000622179.4",False,False,,0,0.0926,,,,none,False
aging__ad,ad,SIRPA,ENSG00000198053,Brain_Caudate_basal_ganglia,False,coloc.abf,0.9627,0.521,intermediate,gwas_locus_over_max_snps,chr20:1915455:1921395:clu_35857_+:ENSG00000198053.12,chr20:1915455-1921395(+),"ENST00000356025.7,ENST00000358771.5,ENST00000400068.7,ENST00000622179.4",False,False,,0,,caudate,ENST00000356025.7 | ENST00000358771.5 | ENST00000400068.7 | ENST00000622179.4,True,none,False
aging__ad,ad,SIRPA,ENSG00000198053,Brain_Hypothalamus,False,coloc.abf,0.9614,0.172,intermediate,gwas_locus_over_max_snps,chr20:1924877:1927875:clu_35202_+:ENSG00000198053.12,chr20:1924877-1927875(+),"ENST00000356025.7,ENST00000358771.5,ENST00000400068.7,ENST00000622179.4",False,False,,0,,,,,none,False
aging__scz,scz,MAP7D1,ENSG00000116871,Brain_Nucleus_accumbens_basal_ganglia,False,coloc.abf,0.9608,0.1295,intermediate,gwas_locus_over_max_snps,chr1:36157290:36170971:clu_3554_+:ENSG00000116871.16,chr1:36157290-36170971(+),ENST00000530729.1,True,False,,0,,,,,none,False
aging__scz,scz,NUP50,ENSG00000093000,Brain_Caudate_basal_ganglia,False,coloc.abf,0.9603,0.9724,intermediate,gwas_locus_over_max_snps,chr22:45183520:45184453:clu_38749_+:ENSG00000093000.19,chr22:45183520-45184453(+),"ENST00000347635.9,ENST00000396096.6,ENST00000407019.6,ENST00000493456.5",False,False,,0,,,,,none,False
aging__scz,scz,ZDHHC12,ENSG00000160446,Brain_Substantia_nigra,False,coloc.abf,0.9569,0.061,intermediate,gwas_locus_over_max_snps,chr9:128721502:128721651:clu_47807_-:ENSG00000160446.19,chr9:128721502-128721651(-),"ENST00000372663.9,ENST00000372667.9",True,False,,0,,,,,none,False
aging__scz,scz,NUP50,ENSG00000093000,Brain_Nucleus_accumbens_basal_ganglia,False,coloc.abf,0.9564,0.839,intermediate,gwas_locus_over_max_snps,chr22:45183520:45184453:clu_37142_+:ENSG00000093000.19,chr22:45183520-45184453(+),"ENST00000347635.9,ENST00000396096.6,ENST00000407019.6,ENST00000493456.5",False,False,,0,,,,,none,False
aging__scz,scz,MAP2K5,ENSG00000137764,Brain_Cortex,False,coloc.abf,0.9562,0.0065,intermediate,gwas_no_credible_set,chr15:67563350:67585890:clu_18023_+:ENSG00000137764.20,chr15:67563350-67585890(+),,False,False,ENST00000178640.10 | ENST00000340972.8 | ENST00000354498.9 | ENST00000395476.6 | ENST00000558392.5 | ENST00000560086.1,15,,,,,none,False
aging__scz,scz,TMED4,ENSG00000158604,Brain_Hypothalamus,False,coloc.abf,0.9555,0.4399,intermediate,gwas_no_credible_set,chr7:44579628:44581449:clu_49520_-:ENSG00000158604.16,chr7:44579628-44581449(-),ENST00000289577.10,True,False,,0,,,,,none,False
aging__scz,scz,NUP50,ENSG00000093000,Brain_Cerebellum,False,coloc.abf,0.9533,0.7603,intermediate,gwas_locus_over_max_snps,chr22:45183520:45184453:clu_38887_+:ENSG00000093000.19,chr22:45183520-45184453(+),"ENST00000347635.9,ENST00000396096.6,ENST00000407019.6,ENST00000493456.5",False,False,,0,,,,,none,False
aging__scz,scz,DGKZ,ENSG00000149091,Brain_Frontal_Cortex_BA9,False,coloc.abf,0.9487,0.0155,intermediate,gwas_locus_over_max_snps,chr11:46369550:46371313:clu_9927_+:ENSG00000149091.15,chr11:46369550-46371313(+),"ENST00000318201.12,ENST00000531879.5",False,False,ENST00000421244.6 | ENST00000454345.6 | ENST00000456247.7 | ENST00000524984.5 | ENST00000527211.5 | ENST00000534802.1,15,0.0878,dlpfc,ENST00000318201.12 | ENST00000421244.6 | ENST00000454345.6 | ENST00000456247.7 | ENST00000528173.5 | ENST00000528615.5,True,none,False
aging__als,als,PRDM2,ENSG00000116731,Brain_Substantia_nigra,False,coloc.abf,0.9468,0.1534,intermediate,gwas_no_credible_set,chr1:13816570:13823159:clu_2742_+:ENSG00000116731.23,chr1:13816570-13823159(+),"ENST00000235372.11,ENST00000311066.10,ENST00000376048.9,ENST00000503842.5,ENST00000505823.5",False,False,,0,,,,,none,True
aging__als,als,PRDM2,ENSG00000116731,Brain_Nucleus_accumbens_basal_ganglia,False,coloc.abf,0.9452,0.0265,intermediate,gwas_no_credible_set,chr1:13816570:13823159:clu_3143_+:ENSG00000116731.23,chr1:13816570-13823159(+),"ENST00000235372.11,ENST00000311066.10,ENST00000376048.9,ENST00000503842.5,ENST00000505823.5",False,False,,0,,,,,none,True
aging__scz,scz,NUP50,ENSG00000093000,Brain_Cerebellar_Hemisphere,False,coloc.abf,0.9448,0.9481,intermediate,gwas_locus_over_max_snps,chr22:45183520:45184453:clu_38561_+:ENSG00000093000.19,chr22:45183520-45184453(+),"ENST00000347635.9,ENST00000396096.6,ENST00000407019.6,ENST00000493456.5",False,False,,0,,,,,none,False
brainseq-sczd__scz,scz,CCDC122,ENSG00000151773,Brain_Spinal_cord_cervical_c-1,False,coloc.abf,0.9435,0.9327,intermediate,gwas_no_credible_set,chr13:43874927:43879418:clu_13524_-:ENSG00000151773.13,chr13:43874927-43879418(-),,True,False,,0,,,,,none,False
aging__scz,scz,PPIL2,ENSG00000100023,Brain_Amygdala,False,coloc.abf,0.9432,0.4843,intermediate,gwas_locus_over_max_snps,chr22:21695496:21696747:clu_30380_+:ENSG00000100023.20,chr22:21695496-21696747(+),"ENST00000335025.12,ENST00000498109.2,ENST00000679477.1,ENST00000679479.1,ENST00000679564.1,ENST00000679580.1,ENST00000679692.1,ENST00000679827.1,ENST00000680109.1,ENST00000680183.1,ENST00000680434.1,ENST00000680860.1,ENST00000681137.1,ENST00000681286.1,ENST00000681338.1,ENST00000681791.1",False,False,,0,,,,,none,False
aging__scz,scz,TMED4,ENSG00000158604,Brain_Nucleus_accumbens_basal_ganglia,False,coloc.abf,0.9408,0.6028,intermediate,gwas_no_credible_set,chr7:44579628:44581449:clu_49393_-:ENSG00000158604.16,chr7:44579628-44581449(-),ENST00000289577.10,True,False,,0,,,,,none,False
aging__als,als,NSMAF,ENSG00000035681,Brain_Cerebellum,False,coloc.abf,0.9399,0.9386,intermediate,gwas_no_credible_set,chr8:58635546:58642984:clu_54050_-:ENSG00000035681.10,chr8:58635546-58642984(-),"ENST00000038176.8,ENST00000427130.7,ENST00000519871.1,ENST00000522645.5",False,False,,0,-0.0256,,,,none,False
aging__scz,scz,TMED4,ENSG00000158604,Brain_Putamen_basal_ganglia,False,coloc.abf,0.9397,0.8955,intermediate,gwas_no_credible_set,chr7:44579628:44581449:clu_47223_-:ENSG00000158604.16,chr7:44579628-44581449(-),ENST00000289577.10,True,False,,0,,,,,none,False
aging__scz,scz,DGKZ,ENSG00000149091,Brain_Cortex,False,coloc.abf,0.9394,0.0384,intermediate,gwas_locus_over_max_snps,chr11:46369550:46371313:clu_10164_+:ENSG00000149091.15,chr11:46369550-46371313(+),"ENST00000318201.12,ENST00000531879.5",False,False,ENST00000421244.6 | ENST00000454345.6 | ENST00000456247.7 | ENST00000524984.5 | ENST00000527211.5 | ENST00000534802.1,15,0.0046,dlpfc,ENST00000318201.12 | ENST00000421244.6 | ENST00000454345.6 | ENST00000456247.7 | ENST00000528173.5 | ENST00000528615.5,True,none,False
aging__scz,scz,TMED4,ENSG00000158604,Brain_Caudate_basal_ganglia,False,coloc.abf,0.9389,0.2399,intermediate,gwas_no_credible_set,chr7:44579628:44581449:clu_50482_-:ENSG00000158604.16,chr7:44579628-44581449(-),ENST00000289577.10,True,False,,0,0.2379,caudate,ENST00000289577.10 | ENST00000444131.2 | ENST00000457408.7 | ENST00000477639.5 | ENST00000481238.1,True,none,False
aging__scz,scz,TMED4,ENSG00000158604,Brain_Hippocampus,False,coloc.abf,0.9386,0.8893,intermediate,gwas_no_credible_set,chr7:44579628:44581093:clu_48067_-:ENSG00000158604.16,chr7:44579628-44581093(-),ENST00000457408.7,True,False,,0,0.3948,,,,none,False
aging__scz,scz,PPIL2,ENSG00000100023,Brain_Frontal_Cortex_BA9,False,coloc.abf,0.9385,0.2987,intermediate,gwas_locus_over_max_snps,chr22:21695496:21696747:clu_36613_+:ENSG00000100023.20,chr22:21695496-21696747(+),"ENST00000335025.12,ENST00000498109.2,ENST00000679477.1,ENST00000679479.1,ENST00000679564.1,ENST00000679580.1,ENST00000679692.1,ENST00000679827.1,ENST00000680109.1,ENST00000680183.1,ENST00000680434.1,ENST00000680860.1,ENST00000681137.1,ENST00000681286.1,ENST00000681338.1,ENST00000681791.1",False,False,,0,,,,,none,False
aging__scz,scz,PPIL2,ENSG00000100023,Brain_Cerebellar_Hemisphere,False,coloc.abf,0.9385,0.9275,intermediate,gwas_locus_over_max_snps,chr22:21695496:21696747:clu_38094_+:ENSG00000100023.20,chr22:21695496-21696747(+),"ENST00000335025.12,ENST00000498109.2,ENST00000679477.1,ENST00000679479.1,ENST00000679564.1,ENST00000679580.1,ENST00000679692.1,ENST00000679827.1,ENST00000680109.1,ENST00000680183.1,ENST00000680434.1,ENST00000680860.1,ENST00000681137.1,ENST00000681286.1,ENST00000681338.1,ENST00000681791.1",False,False,,0,,,,,none,False
aging__scz,scz,TMED4,ENSG00000158604,Brain_Cerebellar_Hemisphere,False,coloc.abf,0.9371,0.1732,intermediate,gwas_no_credible_set,chr7:44579628:44581449:clu_50802_-:ENSG00000158604.16,chr7:44579628-44581449(-),ENST00000289577.10,True,False,,0,,,,,none,False
aging__scz,scz,CCS,ENSG00000173992,Brain_Anterior_cingulate_cortex_BA24,False,coloc.abf,0.9366,0.0077,intermediate,gwas_locus_over_max_snps,chr11:66593714:66599116:clu_9713_+:ENSG00000173992.9,chr11:66593714-66599116(+),"ENST00000310190.8,ENST00000526066.5,ENST00000530384.5,ENST00000530961.5,ENST00000531990.1,ENST00000533244.6",False,False,,0,,,,,none,False
aging__ad,ad,SIRPA,ENSG00000198053,Brain_Nucleus_accumbens_basal_ganglia,False,coloc.abf,0.9362,0.5066,intermediate,gwas_locus_over_max_snps,chr20:1915455:1921395:clu_35009_+:ENSG00000198053.12,chr20:1915455-1921395(+),"ENST00000356025.7,ENST00000358771.5,ENST00000400068.7,ENST00000622179.4",False,False,,0,,,,,none,False
aging__scz,scz,TMED4,ENSG00000158604,Brain_Amygdala,False,coloc.abf,0.936,0.8334,intermediate,gwas_no_credible_set,chr7:44579628:44581449:clu_40632_-:ENSG00000158604.16,chr7:44579628-44581449(-),ENST00000289577.10,True,False,,0,,,,,none,False
aging__scz,scz,PPIL2,ENSG00000100023,Brain_Substantia_nigra,False,coloc.abf,0.9358,0.8666,intermediate,gwas_locus_over_max_snps,chr22:21695496:21696747:clu_32877_+:ENSG00000100023.20,chr22:21695496-21696747(+),"ENST00000335025.12,ENST00000498109.2,ENST00000679477.1,ENST00000679479.1,ENST00000679564.1,ENST00000679580.1,ENST00000679692.1,ENST00000679827.1,ENST00000680109.1,ENST00000680183.1,ENST00000680434.1,ENST00000680860.1,ENST00000681137.1,ENST00000681286.1,ENST00000681338.1,ENST00000681791.1",False,False,,0,,,,,none,False
aging__scz,scz,NUP50,ENSG00000093000,Brain_Cortex,False,coloc.abf,0.9354,0.906,intermediate,gwas_locus_over_max_snps,chr22:45164296:45168168:clu_37500_+:ENSG00000093000.19,chr22:45164296-45168168(+),"ENST00000347635.9,ENST00000407019.6,ENST00000417702.5,ENST00000430547.5,ENST00000434760.5,ENST00000484186.5,ENST00000497960.5",False,False,,0,,,,,none,False
aging__ad,ad,YPEL3,ENSG00000090238,Brain_Substantia_nigra,False,coloc.abf,0.9352,0.5386,intermediate,no_qtl_credible_set,chr16:30094897:30095252:clu_17484_-:ENSG00000090238.12,chr16:30094897-30095252(-),,True,False,ENST00000398838.8 | ENST00000398841.6 | ENST00000562641.1 | ENST00000565479.5 | ENST00000568681.1 | ENST00000570099.5,15,,,,,none,False
aging__scz,scz,PPIL2,ENSG00000100023,Brain_Hypothalamus,False,coloc.abf,0.9346,0.1588,intermediate,gwas_locus_over_max_snps,chr22:21695496:21696747:clu_37635_+:ENSG00000100023.20,chr22:21695496-21696747(+),"ENST00000335025.12,ENST00000498109.2,ENST00000679477.1,ENST00000679479.1,ENST00000679564.1,ENST00000679580.1,ENST00000679692.1,ENST00000679827.1,ENST00000680109.1,ENST00000680183.1,ENST00000680434.1,ENST00000680860.1,ENST00000681137.1,ENST00000681286.1,ENST00000681338.1,ENST00000681791.1",False,False,,0,0.0142,,,,none,False
aging__scz,scz,PRMT7,ENSG00000132600,Brain_Amygdala,False,coloc.abf,0.9335,0.0233,intermediate,gwas_locus_over_max_snps,chr16:68356215:68356701:clu_17904_+:ENSG00000132600.18,chr16:68356215-68356701(+),"ENST00000675132.1,ENST00000685141.1,ENST00000692283.1",False,False,,0,-0.0637,,,,none,False
aging__scz,scz,MAD1L1,ENSG00000002822,Brain_Cortex,False,coloc.abf,0.9331,0.1117,intermediate,gwas_locus_over_max_snps,chr7:1936897:1957629:clu_50785_-:ENSG00000002822.16,chr7:1936897-1957629(-),"ENST00000265854.12,ENST00000399654.6,ENST00000402746.5,ENST00000406869.5,ENST00000450235.5",False,False,,0,,,,,none,False
aging__scz,scz,PPIL2,ENSG00000100023,Brain_Caudate_basal_ganglia,False,coloc.abf,0.9328,0.2986,intermediate,gwas_locus_over_max_snps,chr22:21695496:21696747:clu_38301_+:ENSG00000100023.20,chr22:21695496-21696747(+),"ENST00000335025.12,ENST00000498109.2,ENST00000679477.1,ENST00000679479.1,ENST00000679564.1,ENST00000679580.1,ENST00000679692.1,ENST00000679827.1,ENST00000680109.1,ENST00000680183.1,ENST00000680434.1,ENST00000680860.1,ENST00000681137.1,ENST00000681286.1,ENST00000681338.1,ENST00000681791.1",False,False,,0,,,,,none,False
aging__scz,scz,ZDHHC12,ENSG00000160446,Brain_Anterior_cingulate_cortex_BA24,False,coloc.abf,0.9317,0.0542,intermediate,gwas_locus_over_max_snps,chr9:128721480:128721651:clu_50364_-:ENSG00000160446.19,chr9:128721480-128721651(-),ENST00000467312.1,True,False,,0,,,,,none,False
brainseq-sczd__scz,scz,CCDC122,ENSG00000151773,Brain_Putamen_basal_ganglia,False,coloc.abf,0.9317,0.9248,intermediate,gwas_no_credible_set,chr13:43874927:43879418:clu_13666_-:ENSG00000151773.13,chr13:43874927-43879418(-),,True,False,,0,,,,,none,False
aging__scz,scz,ZDHHC12,ENSG00000160446,Brain_Caudate_basal_ganglia,False,coloc.abf,0.9308,0.0293,intermediate,gwas_locus_over_max_snps,chr9:128721502:128721651:clu_55946_-:ENSG00000160446.19,chr9:128721502-128721651(-),"ENST00000372663.9,ENST00000372667.9",True,False,,0,,,,,none,False
aging__scz,scz,ZDHHC12,ENSG00000160446,Brain_Nucleus_accumbens_basal_ganglia,False,coloc.abf,0.9308,0.7307,intermediate,gwas_locus_over_max_snps,chr9:128721480:128721651:clu_54746_-:ENSG00000160446.19,chr9:128721480-128721651(-),ENST00000467312.1,True,False,,0,,,,,none,False
aging__scz,scz,ZDHHC12,ENSG00000160446,Brain_Hippocampus,False,coloc.abf,0.9303,0.041,intermediate,gwas_locus_over_max_snps,chr9:128721502:128721651:clu_51804_-:ENSG00000160446.19,chr9:128721502-128721651(-),"ENST00000372663.9,ENST00000372667.9",True,False,,0,,,,,none,False
aging__als,als,FNBP1,ENSG00000187239,Brain_Hippocampus,False,coloc.abf,0.9293,0.0178,intermediate,gwas_no_credible_set,chr9:129908999:129923844:clu_51841_-:ENSG00000187239.19,chr9:129908999-129923844(-),"ENST00000449089.7,ENST00000703532.1",True,False,,0,,,,,none,False
aging__als,als,C9orf72,ENSG00000147894,Brain_Cortex,False,coloc.abf,0.9289,0.0,intermediate,gwas_locus_over_max_snps,chr9:27567164:27573431:clu_54339_-:ENSG00000147894.17,chr9:27567164-27573431(-),"ENST00000380003.8,ENST00000488117.5,ENST00000644136.1,ENST00000673600.1",True,False,,0,,,,,none,False
aging__scz,scz,ZDHHC12,ENSG00000160446,Brain_Amygdala,False,coloc.abf,0.9285,0.0529,intermediate,gwas_locus_over_max_snps,chr9:128721502:128721651:clu_45055_-:ENSG00000160446.19,chr9:128721502-128721651(-),"ENST00000372663.9,ENST00000372667.9",True,False,,0,,,,,none,False
aging__scz,scz,DGKZ,ENSG00000149091,Brain_Nucleus_accumbens_basal_ganglia,False,coloc.abf,0.9276,0.1318,intermediate,gwas_locus_over_max_snps,chr11:46369550:46371313:clu_10228_+:ENSG00000149091.15,chr11:46369550-46371313(+),"ENST00000318201.12,ENST00000531879.5",False,False,,0,,,,,none,False
aging__scz,scz,ZDHHC12,ENSG00000160446,Brain_Cortex,False,coloc.abf,0.9268,0.0304,intermediate,gwas_locus_over_max_snps,chr9:128721480:128721651:clu_55159_-:ENSG00000160446.19,chr9:128721480-128721651(-),ENST00000467312.1,True,False,,0,,,,,none,False
aging__scz,scz,SETD6,ENSG00000103037,Brain_Anterior_cingulate_cortex_BA24,False,coloc.abf,0.9263,0.9513,intermediate,no_qtl_credible_set,chr16:58516343:58518401:clu_18727_+:ENSG00000103037.12,chr16:58516343-58518401(+),ENST00000447443.1,True,False,,0,,,,,none,False
aging__scz,scz,DGKZ,ENSG00000149091,Brain_Cerebellar_Hemisphere,False,coloc.abf,0.9237,0.8584,intermediate,gwas_locus_over_max_snps,chr11:46369550:46371313:clu_10316_+:ENSG00000149091.15,chr11:46369550-46371313(+),"ENST00000318201.12,ENST00000531879.5",False,False,ENST00000421244.6 | ENST00000456247.7 | ENST00000524984.5 | ENST00000527211.5 | ENST00000528173.5 | ENST00000534802.1,15,-0.0845,,,,none,False
aging__scz,scz,ZDHHC12,ENSG00000160446,Brain_Putamen_basal_ganglia,False,coloc.abf,0.9225,0.0563,intermediate,gwas_locus_over_max_snps,chr9:128721480:128721651:clu_52053_-:ENSG00000160446.19,chr9:128721480-128721651(-),ENST00000467312.1,True,False,,0,,,,,none,False
aging__scz,scz,ZDHHC12,ENSG00000160446,Brain_Frontal_Cortex_BA9,False,coloc.abf,0.9225,0.0485,intermediate,gwas_locus_over_max_snps,chr9:128721480:128721651:clu_53592_-:ENSG00000160446.19,chr9:128721480-128721651(-),ENST00000467312.1,True,False,,0,,,,,none,False
aging__scz,scz,FAM120AOS,ENSG00000188938,Brain_Cerebellum,False,coloc.abf,0.919,0.1131,intermediate,gwas_no_credible_set,chr9:93437866:93438627:clu_56347_-:ENSG00000188938.17,chr9:93437866-93438627(-),,True,False,ENST00000375412.11 | ENST00000423591.5 | ENST00000476484.5 | ENST00000479094.5 | ENST00000649557.1 | ENST00000650398.1,15,,,,,none,False
aging__scz,scz,NUP50,ENSG00000093000,Brain_Hypothalamus,False,coloc.abf,0.9181,0.7908,intermediate,gwas_locus_over_max_snps,chr22:45164296:45168168:clu_38072_+:ENSG00000093000.19,chr22:45164296-45168168(+),"ENST00000347635.9,ENST00000407019.6,ENST00000417702.5,ENST00000430547.5,ENST00000434760.5,ENST00000484186.5,ENST00000497960.5",False,False,,0,,,,,none,False
aging__ad,ad,SERPINB1,ENSG00000021355,Brain_Spinal_cord_cervical_c-1,False,coloc.abf,0.9172,0.0239,intermediate,gwas_locus_over_max_snps,chr6:2840594:2841216:clu_41942_-:ENSG00000021355.13,chr6:2840594-2841216(-),ENST00000476896.5,False,False,,0,,,,,none,False
aging__scz,scz,DGKZ,ENSG00000149091,Brain_Caudate_basal_ganglia,False,coloc.abf,0.9169,0.4952,intermediate,gwas_locus_over_max_snps,chr11:46369550:46371313:clu_10454_+:ENSG00000149091.15,chr11:46369550-46371313(+),"ENST00000318201.12,ENST00000531879.5",False,False,,0,,caudate,ENST00000318201.12 | ENST00000421244.6 | ENST00000456247.7 | ENST00000524984.5 | ENST00000528173.5 | ENST00000528615.5,True,none,False
aging__als,als,WHAMM,ENSG00000156232,Brain_Hippocampus,False,coloc.abf,0.9164,0.0435,intermediate,gwas_no_credible_set,chr15:82823287:82826410:clu_18124_+:ENSG00000156232.7,chr15:82823287-82826410(+),ENST00000286760.5,False,False,,0,,,,,none,False
aging__scz,scz,TMED4,ENSG00000158604,Brain_Substantia_nigra,False,coloc.abf,0.914,0.9232,intermediate,gwas_no_credible_set,chr7:44579628:44581449:clu_43108_-:ENSG00000158604.16,chr7:44579628-44581449(-),ENST00000289577.10,True,False,,0,,,,,none,False
brainseq-sczd__scz,scz,CCDC122,ENSG00000151773,Brain_Hippocampus,False,coloc.abf,0.9133,0.9326,intermediate,gwas_no_credible_set,chr13:43874927:43879418:clu_13925_-:ENSG00000151773.13,chr13:43874927-43879418(-),,True,False,,0,,,,,none,False
aging__scz,scz,REEP2,ENSG00000132563,Brain_Cortex,False,coloc.abf,0.913,0.0062,intermediate,gwas_locus_over_max_snps,chr5:138441461:138443587:clu_44816_+:ENSG00000132563.17,chr5:138441461-138443587(+),ENST00000464751.6,True,False,ENST00000254901.9 | ENST00000378339.7 | ENST00000504163.1 | ENST00000506158.5 | ENST00000507635.5 | ENST00000510467.5,15,0.4961,,,,none,False
aging__scz,scz,MAP7D1,ENSG00000116871,Brain_Substantia_nigra,False,coloc.abf,0.9109,0.4808,intermediate,gwas_locus_over_max_snps,chr1:36157290:36170971:clu_3096_+:ENSG00000116871.16,chr1:36157290-36170971(+),ENST00000530729.1,True,False,ENST00000316156.8 | ENST00000373148.5 | ENST00000373150.8 | ENST00000373151.6 | ENST00000429533.6 | ENST00000474796.2,15,0.0106,,,,none,False
aging__als,als,TNFSF13,ENSG00000161955,Brain_Putamen_basal_ganglia,False,coloc.abf,0.9107,0.9119,intermediate,gwas_no_credible_set,chr17:7559297:7559846:clu_22478_+:ENSG00000161955.17,chr17:7559297-7559846(+),ENST00000380535.8,False,False,,0,,,,,none,False
aging__als,als,C9orf72,ENSG00000147894,Brain_Anterior_cingulate_cortex_BA24,False,coloc.abf,0.9105,0.0,intermediate,gwas_locus_over_max_snps,chr9:27567164:27573431:clu_49630_-:ENSG00000147894.17,chr9:27567164-27573431(-),"ENST00000380003.8,ENST00000488117.5,ENST00000644136.1,ENST00000673600.1",True,False,,0,,,,,none,False
aging__scz,scz,NUP50,ENSG00000093000,Brain_Hippocampus,False,coloc.abf,0.9095,0.9319,intermediate,gwas_locus_over_max_snps,chr22:45164296:45168168:clu_35900_+:ENSG00000093000.19,chr22:45164296-45168168(+),"ENST00000347635.9,ENST00000407019.6,ENST00000417702.5,ENST00000430547.5,ENST00000434760.5,ENST00000484186.5,ENST00000497960.5",False,False,,0,,,,,none,False
aging__scz,scz,TEAD4,ENSG00000197905,Brain_Putamen_basal_ganglia,False,coloc.abf,0.9076,0.0305,intermediate,gwas_locus_over_max_snps,chr12:2959481:2959948:clu_12098_+:ENSG00000197905.10,chr12:2959481-2959948(+),"ENST00000358409.7,ENST00000359864.8,ENST00000536826.2,ENST00000540314.2",True,False,,0,,,,,none,False
aging__als,als,TNFSF13,ENSG00000161955,Brain_Anterior_cingulate_cortex_BA24,False,coloc.abf,0.9062,0.9008,intermediate,gwas_no_credible_set,chr17:7559297:7559846:clu_22201_+:ENSG00000161955.17,chr17:7559297-7559846(+),ENST00000380535.8,False,False,,0,,,,,none,False
aging__scz,scz,SYT5,ENSG00000129990,Brain_Frontal_Cortex_BA9,False,coloc.abf,0.9039,0.5186,intermediate,gwas_locus_over_max_snps,chr19:55179086:55179964:clu_27541_-:ENSG00000129990.15,chr19:55179086-55179964(-),ENST00000589172.5,False,False,,0,,,,,none,False
aging__scz,scz,YPEL1,ENSG00000100027,Brain_Nucleus_accumbens_basal_ganglia,False,coloc.abf,0.9037,0.0152,intermediate,gwas_locus_over_max_snps,chr22:21701218:21703370:clu_37429_-:ENSG00000100027.17,chr22:21701218-21703370(-),"ENST00000339468.8,ENST00000477675.1,ENST00000672036.2",False,False,,0,,,,,none,False
aging__als,als,PRDM2,ENSG00000116731,Brain_Hippocampus,False,coloc.abf,0.9005,0.0335,intermediate,gwas_no_credible_set,chr1:13816570:13823159:clu_2977_+:ENSG00000116731.23,chr1:13816570-13823159(+),"ENST00000235372.11,ENST00000311066.10,ENST00000376048.9,ENST00000503842.5,ENST00000505823.5",False,False,,0,,,,,none,True
aging__ad,ad,ZNF232,ENSG00000167840,Brain_Spinal_cord_cervical_c-1,False,coloc.abf,0.8988,0.0086,intermediate,gwas_locus_over_max_snps,chr17:5111219:5111800:clu_20383_-:ENSG00000167840.14,chr17:5111219-5111800(-),"ENST00000570486.5,ENST00000571076.1,ENST00000573015.6,ENST00000575538.1,ENST00000696408.1,ENST00000696538.1",False,False,,0,,,,,none,False
aging__scz,scz,CATSPER2,ENSG00000166762,Brain_Hippocampus,False,coloc.abf,0.8943,0.039,intermediate,gwas_locus_over_max_snps,chr15:43632363:43632717:clu_16717_-:ENSG00000166762.19,chr15:43632363-43632717(-),"ENST00000321596.6,ENST00000381761.6,ENST00000396879.8,ENST00000419262.1,ENST00000450810.5,ENST00000472960.1",False,False,,0,,hippocampus,ENST00000396879.8 | ENST00000409481.1 | ENST00000415968.2 | ENST00000464721.5 | ENST00000469461.6 | ENST00000472960.1,True,none,False
brainseq-sczd__scz,scz,CATSPER2,ENSG00000166762,Brain_Hippocampus,False,coloc.abf,0.8943,0.039,intermediate,gwas_locus_over_max_snps,chr15:43632363:43632717:clu_16717_-:ENSG00000166762.19,chr15:43632363-43632717(-),"ENST00000321596.6,ENST00000381761.6,ENST00000396879.8,ENST00000419262.1,ENST00000450810.5,ENST00000472960.1",True,False,,0,,hippocampus,ENST00000396879.8 | ENST00000409481.1 | ENST00000415968.2 | ENST00000464721.5 | ENST00000469461.6 | ENST00000472960.1,True,none,False
aging__als,als,WIPI2,ENSG00000157954,Brain_Nucleus_accumbens_basal_ganglia,False,coloc.abf,0.8925,0.0204,intermediate,gwas_no_credible_set,chr7:5229705:5230835:clu_50397_+:ENSG00000157954.15,chr7:5229705-5230835(+),"ENST00000382384.6,ENST00000404704.7,ENST00000484262.1",True,False,,0,,,,,none,False
aging__scz,scz,DGKZ,ENSG00000149091,Brain_Spinal_cord_cervical_c-1,False,coloc.abf,0.8922,0.0353,intermediate,gwas_locus_over_max_snps,chr11:46369550:46371313:clu_9340_+:ENSG00000149091.15,chr11:46369550-46371313(+),"ENST00000318201.12,ENST00000531879.5",False,False,,0,,,,,none,False
aging__scz,scz,FGFR1,ENSG00000077782,Brain_Caudate_basal_ganglia,False,coloc.abf,0.889,0.0191,intermediate,gwas_locus_over_max_snps,chr8:38429390:38429682:clu_53134_-:ENSG00000077782.23,chr8:38429390-38429682(-),ENST00000484370.5,False,False,ENST00000397091.9 | ENST00000397103.5 | ENST00000397113.6 | ENST00000447712.7 | ENST00000649678.1 | ENST00000674380.1,15,0.0944,,,,none,False
aging__scz,scz,FAM120AOS,ENSG00000188938,Brain_Cerebellar_Hemisphere,False,coloc.abf,0.8885,0.0001,primary_prior,gwas_no_credible_set,chr9:93435922:93437022:clu_55837_-:ENSG00000188938.17,chr9:93435922-93437022(-),ENST00000445280.1,True,False,,0,,,,,none,False
aging__scz,scz,RCBTB1,ENSG00000136144,Brain_Hippocampus,False,coloc.abf,0.8861,0.971,primary_prior,no_qtl_credible_set,chr13:49534262:49540876:clu_13967_-:ENSG00000136144.12,chr13:49534262-49540876(-),"ENST00000258646.3,ENST00000378302.7",True,False,,0,,hippocampus,ENST00000258646.3 | ENST00000378302.7 | ENST00000471984.1 | ENST00000490058.1,True,none,False
aging__pd,pd,DDRGK1,ENSG00000198171,Brain_Anterior_cingulate_cortex_BA24,False,coloc.abf,0.8844,0.9025,primary_prior,gwas_locus_over_max_snps,chr20:3195353:3200001:clu_31616_-:ENSG00000198171.13,chr20:3195353-3200001(-),"ENST00000354488.8,ENST00000380201.2",True,False,,0,,,,,none,False
aging__scz,scz,ZDHHC12,ENSG00000160446,Brain_Hypothalamus,False,coloc.abf,0.8841,0.0461,primary_prior,gwas_locus_over_max_snps,chr9:128721502:128721651:clu_54855_-:ENSG00000160446.19,chr9:128721502-128721651(-),"ENST00000372663.9,ENST00000372667.9",True,False,,0,,,,,none,False
aging__scz,scz,LPCAT4,ENSG00000176454,Brain_Putamen_basal_ganglia,False,coloc.abf,0.8838,0.0074,primary_prior,gwas_locus_over_max_snps,chr15:34360209:34362196:clu_17157_-:ENSG00000176454.15,chr15:34360209-34362196(-),ENST00000567507.1,False,False,,0,,,,,none,False
brainseq-sczd__scz,scz,LPCAT4,ENSG00000176454,Brain_Putamen_basal_ganglia,False,coloc.abf,0.8838,0.0074,primary_prior,no_qtl_credible_set,chr15:34360209:34362196:clu_17157_-:ENSG00000176454.15,chr15:34360209-34362196(-),ENST00000567507.1,True,False,,0,,,,,none,False
aging__scz,scz,TUBGCP4,ENSG00000137822,Brain_Cerebellum,False,coloc.abf,0.8822,0.0256,primary_prior,gwas_locus_over_max_snps,chr15:43398179:43400044:clu_19412_+:ENSG00000137822.13,chr15:43398179-43400044(+),"ENST00000260383.11,ENST00000563147.5,ENST00000563963.1,ENST00000564079.6",True,False,,0,,,,,none,False
brainseq-sczd__scz,scz,TUBGCP4,ENSG00000137822,Brain_Cerebellum,False,coloc.abf,0.8822,0.0256,primary_prior,gwas_locus_over_max_snps,chr15:43398179:43400044:clu_19412_+:ENSG00000137822.13,chr15:43398179-43400044(+),"ENST00000260383.11,ENST00000563147.5,ENST00000563963.1,ENST00000564079.6",True,False,,0,,,,,none,False
aging__als,als,FNBP1,ENSG00000187239,Brain_Nucleus_accumbens_basal_ganglia,False,coloc.abf,0.8819,0.0992,primary_prior,gwas_no_credible_set,chr9:129957464:129958491:clu_54785_-:ENSG00000187239.19,chr9:129957464-129958491(-),"ENST00000355681.3,ENST00000446176.7,ENST00000449089.7,ENST00000699492.1,ENST00000703532.1,ENST00000703533.1,ENST00000703558.1,ENST00000703559.1,ENST00000703560.1",True,False,,0,,,,,none,False
aging__ad,ad,DOC2A,ENSG00000149927,Brain_Amygdala,False,coloc.abf,0.8808,0.0302,primary_prior,qtl_cs_not_matching_gtex,chr16:30007090:30007173:clu_16429_-:ENSG00000149927.18,chr16:30007090-30007173(-),"ENST00000350119.9,ENST00000561671.5,ENST00000564944.5,ENST00000564979.5,ENST00000566310.5,ENST00000616445.4",True,False,,0,0.0192,,,,none,False
aging__scz,scz,YWHAB,ENSG00000166913,Brain_Nucleus_accumbens_basal_ganglia,False,coloc.abf,0.8805,0.2191,primary_prior,gwas_locus_over_max_snps,chr20:44885886:44901531:clu_35492_+:ENSG00000166913.13,chr20:44885886-44901531(+),"ENST00000353703.9,ENST00000479421.5",False,False,,0,,,,,none,False
aging__scz,scz,FANCI,ENSG00000140525,Brain_Nucleus_accumbens_basal_ganglia,False,coloc.abf,0.8789,0.1658,primary_prior,gwas_locus_over_max_snps,chr15:89307672:89312904:clu_18233_+:ENSG00000140525.20,chr15:89307672-89312904(+),"ENST00000300027.12,ENST00000310775.12,ENST00000447611.6,ENST00000561894.1,ENST00000566895.5,ENST00000676003.1,ENST00000696717.1,ENST00000696718.1,ENST00000696719.1,ENST00000696721.1",True,False,,0,,,,,none,False
aging__als,als,RCSD1,ENSG00000198771,Brain_Spinal_cord_cervical_c-1,False,coloc.abf,0.8732,0.0131,primary_prior,no_qtl_credible_set,chr1:167685510:167690049:clu_4562_+:ENSG00000198771.11,chr1:167685510-167690049(+),ENST00000367854.8,False,False,,0,,,,,none,False
aging__ad,ad,IFNAR2,ENSG00000159110,Brain_Nucleus_accumbens_basal_ganglia,False,coloc.abf,0.8701,0.0217,primary_prior,gwas_no_credible_set,chr21:33245074:33246718:clu_35950_+:ENSG00000159110.22,chr21:33245074-33246718(+),"ENST00000342101.7,ENST00000342136.9,ENST00000382238.6,ENST00000382264.7,ENST00000404220.7,ENST00000413881.5,ENST00000443073.5,ENST00000447980.1,ENST00000683941.1,ENST00000700429.1",False,False,,0,,,,,none,True
aging__scz,scz,RBM6,ENSG00000004534,Brain_Nucleus_accumbens_basal_ganglia,False,coloc.abf,0.8688,0.7496,primary_prior,gwas_locus_over_max_snps,chr3:49962685:49967470:clu_40346_+:ENSG00000004534.15,chr3:49962685-49967470(+),"ENST00000266022.9,ENST00000425608.5,ENST00000433811.1",True,False,,0,0.2586,,,,none,False
aging__scz,scz,YPEL1,ENSG00000100027,Brain_Cortex,False,coloc.abf,0.8661,0.4105,primary_prior,gwas_locus_over_max_snps,chr22:21701218:21703370:clu_37795_-:ENSG00000100027.17,chr22:21701218-21703370(-),"ENST00000339468.8,ENST00000477675.1,ENST00000672036.2",False,False,,0,,,,,none,False
aging__als,als,NME4,ENSG00000103202,Brain_Cortex,False,coloc.abf,0.8661,0.2889,primary_prior,gwas_no_credible_set,chr16:399739:400219:clu_20818_+:ENSG00000103202.13,chr16:399739-400219(+),"ENST00000219479.7,ENST00000382940.8,ENST00000397722.5,ENST00000444498.5,ENST00000448828.5,ENST00000450036.1,ENST00000460297.1,ENST00000468031.1,ENST00000620944.4,ENST00000621774.4",False,False,,0,,,,,none,False
aging__ad,ad,IFNAR2,ENSG00000159110,Brain_Spinal_cord_cervical_c-1,False,coloc.abf,0.865,0.8291,primary_prior,gwas_no_credible_set,chr21:33245074:33246718:clu_33128_+:ENSG00000159110.22,chr21:33245074-33246718(+),"ENST00000342101.7,ENST00000342136.9,ENST00000382238.6,ENST00000382264.7,ENST00000404220.7,ENST00000413881.5,ENST00000443073.5,ENST00000447980.1,ENST00000683941.1,ENST00000700429.1",False,False,,0,,,,,none,True
aging__ad,ad,NDUFS3,ENSG00000213619,Brain_Cerebellar_Hemisphere,False,coloc.abf,0.8639,0.0003,primary_prior,gwas_locus_over_max_snps,chr11:47565986:47571471:clu_10365_+:ENSG00000213619.11,chr11:47565986-47571471(+),ENST00000533507.5,False,False,,0,0.2081,,,,none,False
aging__ad,ad,VWA5B2,ENSG00000145198,Brain_Amygdala,False,coloc.abf,0.8636,0.0835,primary_prior,gwas_no_credible_set,chr3:184233409:184233576:clu_34181_+:ENSG00000145198.15,chr3:184233409-184233576(+),,False,False,ENST00000273794.5 | ENST00000426955.6 | ENST00000461141.5 | ENST00000493493.1 | ENST00000497229.1 | ENST00000691901.1,15,,,,,none,False
aging__ad,ad,YPEL3,ENSG00000090238,Brain_Putamen_basal_ganglia,False,coloc.abf,0.8624,0.7655,primary_prior,no_qtl_credible_set,chr16:30094897:30095252:clu_18549_-:ENSG00000090238.12,chr16:30094897-30095252(-),,True,False,,0,,,,,none,False
aging__scz,scz,YWHAB,ENSG00000166913,Brain_Spinal_cord_cervical_c-1,False,coloc.abf,0.8614,0.2288,primary_prior,gwas_locus_over_max_snps,chr20:44885886:44901531:clu_32441_+:ENSG00000166913.13,chr20:44885886-44901531(+),"ENST00000353703.9,ENST00000479421.5",False,False,,0,,,,,none,False
aging__ad,ad,IFNAR2,ENSG00000159110,Brain_Cerebellar_Hemisphere,False,coloc.abf,0.8614,0.1574,primary_prior,gwas_no_credible_set,chr21:33245074:33246718:clu_37331_+:ENSG00000159110.22,chr21:33245074-33246718(+),"ENST00000342101.7,ENST00000342136.9,ENST00000382238.6,ENST00000382264.7,ENST00000404220.7,ENST00000413881.5,ENST00000443073.5,ENST00000447980.1,ENST00000683941.1,ENST00000700429.1",False,False,,0,,,,,none,True
aging__scz,scz,MAP7D1,ENSG00000116871,Brain_Hippocampus,False,coloc.abf,0.8603,0.0606,primary_prior,gwas_locus_over_max_snps,chr1:36157290:36170971:clu_3360_+:ENSG00000116871.16,chr1:36157290-36170971(+),ENST00000530729.1,True,False,,0,,hippocampus,ENST00000316156.8 | ENST00000373148.5 | ENST00000373150.8 | ENST00000373151.6 | ENST00000429533.6 | ENST00000474796.2,False,none,False
aging__scz,scz,IDH3B,ENSG00000101365,Brain_Cerebellum,False,coloc.abf,0.8596,0.6863,primary_prior,gwas_no_credible_set,chr20:2658837:2659109:clu_35928_-:ENSG00000101365.22,chr20:2658837-2659109(-),,True,False,,0,,,,,none,False
brainseq-sczd__scz,scz,IDH3B,ENSG00000101365,Brain_Cerebellum,False,coloc.abf,0.8596,0.6863,primary_prior,gwas_no_credible_set,chr20:2658837:2659109:clu_35928_-:ENSG00000101365.22,chr20:2658837-2659109(-),,False,False,,0,,,,,none,False
aging__scz,scz,YWHAB,ENSG00000166913,Brain_Cerebellar_Hemisphere,False,coloc.abf,0.8596,0.8211,primary_prior,gwas_locus_over_max_snps,chr20:44885886:44901531:clu_36866_+:ENSG00000166913.13,chr20:44885886-44901531(+),"ENST00000353703.9,ENST00000479421.5",False,False,,0,,,,,none,False
aging__scz,scz,IDH3B,ENSG00000101365,Brain_Cortex,False,coloc.abf,0.8592,0.8108,primary_prior,gwas_no_credible_set,chr20:2658837:2659109:clu_34723_-:ENSG00000101365.22,chr20:2658837-2659109(-),,True,False,,0,,dlpfc,ENST00000380843.9 | ENST00000380851.10 | ENST00000462967.5 | ENST00000474315.5 | ENST00000488299.5 | ENST00000613370.1,,none,False
brainseq-sczd__scz,scz,IDH3B,ENSG00000101365,Brain_Cortex,False,coloc.abf,0.8592,0.8108,primary_prior,gwas_no_credible_set,chr20:2658837:2659109:clu_34723_-:ENSG00000101365.22,chr20:2658837-2659109(-),,False,False,,0,,dlpfc,ENST00000380843.9 | ENST00000380851.10 | ENST00000462967.5 | ENST00000474315.5 | ENST00000488299.5 | ENST00000613370.1,,none,False
brainseq-sczd__scz,scz,MRPS33,ENSG00000090263,Brain_Cerebellum,False,coloc.abf,0.8587,0.0168,primary_prior,gwas_no_credible_set,chr7:141006535:141014551:clu_52019_-:ENSG00000090263.16,chr7:141006535-141014551(-),ENST00000484502.1,True,False,,0,,,,,none,False
aging__scz,scz,NDUFAF7,ENSG00000003509,Brain_Amygdala,False,coloc.abf,0.8585,0.113,primary_prior,gwas_locus_over_max_snps,chr2:37248426:37253086:clu_26912_+:ENSG00000003509.16,chr2:37248426-37253086(+),ENST00000441905.1,True,False,,0,,,,,none,False
aging__als,als,RPS6KL1,ENSG00000198208,Brain_Cerebellar_Hemisphere,False,coloc.abf,0.8584,0.9322,primary_prior,gwas_no_credible_set,chr14:74921561:74923180:clu_16461_-:ENSG00000198208.12,chr14:74921561-74923180(-),ENST00000555834.5,True,False,,0,,,,,none,False
aging__als,als,PRDM2,ENSG00000116731,Brain_Putamen_basal_ganglia,False,coloc.abf,0.8564,0.0377,primary_prior,gwas_no_credible_set,chr1:13816570:13823159:clu_314_+:ENSG00000116731.23,chr1:13816570-13823159(+),"ENST00000235372.11,ENST00000311066.10,ENST00000376048.9,ENST00000503842.5,ENST00000505823.5",False,False,,0,,,,,none,True
aging__scz,scz,RERE,ENSG00000142599,Brain_Nucleus_accumbens_basal_ganglia,False,coloc.abf,0.8563,0.9652,primary_prior,no_qtl_credible_set,chr1:8438300:8465925:clu_287_-:ENSG00000142599.20,chr1:8438300-8465925(-),ENST00000659924.1,False,False,,0,-0.0826,,,,none,False
brainseq-sczd__scz,scz,CCDC122,ENSG00000151773,Brain_Hypothalamus,False,coloc.abf,0.8563,0.88,primary_prior,gwas_no_credible_set,chr13:43874927:43879418:clu_14779_-:ENSG00000151773.13,chr13:43874927-43879418(-),,True,False,,0,,,,,none,False
aging__ad,ad,IFNAR2,ENSG00000159110,Brain_Caudate_basal_ganglia,False,coloc.abf,0.855,0.0289,primary_prior,gwas_no_credible_set,chr21:33246482:33246718:clu_37122_+:ENSG00000159110.22,chr21:33246482-33246718(+),"ENST00000682044.1,ENST00000700427.1",False,False,,0,,,,,none,True
aging__scz,scz,IKBIP,ENSG00000166130,Brain_Frontal_Cortex_BA9,False,coloc.abf,0.8534,0.0,primary_prior,no_qtl_credible_set,chr12:98634413:98644523:clu_12118_-:ENSG00000166130.15,chr12:98634413-98644523(-),"ENST00000299157.5,ENST00000342502.6",True,False,,0,,,,,none,False
aging__scz,scz,MAP2K5,ENSG00000137764,Brain_Cerebellum,False,coloc.abf,0.8517,0.0066,primary_prior,gwas_no_credible_set,chr15:67563350:67585890:clu_19636_+:ENSG00000137764.20,chr15:67563350-67585890(+),,False,False,,0,,,,,none,False
aging__scz,scz,GALNT15,ENSG00000131386,Brain_Cerebellar_Hemisphere,False,coloc.abf,0.8497,0.0076,primary_prior,gwas_locus_over_max_snps,chr3:16222758:16227354:clu_41483_+:ENSG00000131386.20,chr3:16222758-16227354(+),ENST00000339732.10,False,False,,0,,,,,none,False
brainseq-sczd__scz,scz,MRPS33,ENSG00000090263,Brain_Nucleus_accumbens_basal_ganglia,False,coloc.abf,0.8478,0.5796,primary_prior,gwas_no_credible_set,chr7:141006535:141014551:clu_50126_-:ENSG00000090263.16,chr7:141006535-141014551(-),ENST00000484502.1,True,False,,0,,,,,none,False
aging__ad,ad,YPEL3,ENSG00000090238,Brain_Frontal_Cortex_BA9,False,coloc.abf,0.8448,0.9315,primary_prior,qtl_cs_not_matching_gtex,chr16:30095335:30096097:clu_20984_-:ENSG00000090238.12,chr16:30095335-30096097(-),"ENST00000565479.5,ENST00000568674.1",True,False,,0,0.1828,dlpfc,ENST00000398838.8 | ENST00000398841.6 | ENST00000563788.5 | ENST00000565479.5 | ENST00000568681.1 | ENST00000570099.5,True,none,False
aging__scz,scz,YPEL3,ENSG00000090238,Brain_Anterior_cingulate_cortex_BA24,False,coloc.abf,0.8447,0.0005,primary_prior,no_qtl_credible_set,chr16:30094897:30095252:clu_19725_-:ENSG00000090238.12,chr16:30094897-30095252(-),,True,False,,0,,,,,none,False
aging__als,als,FNBP1,ENSG00000187239,Brain_Anterior_cingulate_cortex_BA24,False,coloc.abf,0.8437,0.0168,primary_prior,gwas_no_credible_set,chr9:129957464:129958491:clu_50404_-:ENSG00000187239.19,chr9:129957464-129958491(-),"ENST00000355681.3,ENST00000446176.7,ENST00000449089.7,ENST00000699492.1,ENST00000703532.1,ENST00000703533.1,ENST00000703558.1,ENST00000703559.1,ENST00000703560.1",True,False,,0,,,,,none,False
aging__ad,ad,IFNAR2,ENSG00000159110,Brain_Putamen_basal_ganglia,False,coloc.abf,0.843,0.0592,primary_prior,gwas_no_credible_set,chr21:33245074:33246718:clu_33527_+:ENSG00000159110.22,chr21:33245074-33246718(+),"ENST00000342101.7,ENST00000342136.9,ENST00000382238.6,ENST00000382264.7,ENST00000404220.7,ENST00000413881.5,ENST00000443073.5,ENST00000447980.1,ENST00000683941.1,ENST00000700429.1",False,False,,0,,,,,none,True
aging__ad,ad,AKT1,ENSG00000142208,Brain_Caudate_basal_ganglia,False,coloc.abf,0.8404,0.1567,primary_prior,no_qtl_credible_set,chr14:104770847:104771722:clu_16750_-:ENSG00000142208.19,chr14:104770847-104771722(-),ENST00000554585.6,False,False,,0,,,,,none,False
aging__ad,ad,IFNAR2,ENSG00000159110,Brain_Hippocampus,False,coloc.abf,0.8404,0.0431,primary_prior,gwas_no_credible_set,chr21:33245074:33246718:clu_34101_+:ENSG00000159110.22,chr21:33245074-33246718(+),"ENST00000342101.7,ENST00000342136.9,ENST00000382238.6,ENST00000382264.7,ENST00000404220.7,ENST00000413881.5,ENST00000443073.5,ENST00000447980.1,ENST00000683941.1,ENST00000700429.1",False,False,,0,,,,,none,True
aging__scz,scz,IDH3B,ENSG00000101365,Brain_Cerebellar_Hemisphere,False,coloc.abf,0.84,0.6761,primary_prior,gwas_no_credible_set,chr20:2658837:2659109:clu_35626_-:ENSG00000101365.22,chr20:2658837-2659109(-),,True,False,ENST00000380843.9 | ENST00000462967.5 | ENST00000474315.5 | ENST00000488299.5 | ENST00000492240.5 | ENST00000613370.1,15,,,,,none,False
brainseq-sczd__scz,scz,IDH3B,ENSG00000101365,Brain_Cerebellar_Hemisphere,False,coloc.abf,0.84,0.6761,primary_prior,gwas_no_credible_set,chr20:2658837:2659109:clu_35626_-:ENSG00000101365.22,chr20:2658837-2659109(-),,False,False,ENST00000380843.9 | ENST00000462967.5 | ENST00000474315.5 | ENST00000488299.5 | ENST00000492240.5 | ENST00000613370.1,15,,,,,none,False
aging__ad,ad,SPAG9,ENSG00000008294,Brain_Hypothalamus,False,coloc.abf,0.8388,0.0193,primary_prior,gwas_locus_over_max_snps,chr17:50974538:50974771:clu_23408_-:ENSG00000008294.22,chr17:50974538-50974771(-),,True,False,ENST00000262013.12 | ENST00000506500.1 | ENST00000510283.5 | ENST00000511312.2 | ENST00000513906.1 | ENST00000514613.5,15,,,,,none,False
aging__als,als,G2E3,ENSG00000092140,Brain_Nucleus_accumbens_basal_ganglia,False,coloc.abf,0.8387,0.0115,primary_prior,no_qtl_credible_set,chr14:30581116:30586718:clu_16544_+:ENSG00000092140.16,chr14:30581116-30586718(+),"ENST00000206595.11,ENST00000547532.5,ENST00000550944.5,ENST00000552488.1,ENST00000553504.5,ENST00000554714.5,ENST00000555429.1,ENST00000648008.1",False,False,,0,,,,,none,False
aging__ad,ad,COG7,ENSG00000168434,Brain_Amygdala,False,coloc.abf,0.8366,0.0302,primary_prior,qtl_cs_not_matching_gtex,chr16:23389086:23392380:clu_16338_-:ENSG00000168434.13,chr16:23389086-23392380(-),"ENST00000307149.10,ENST00000566364.1",False,False,,0,,,,,none,False
aging__pd,pd,SH3GL2,ENSG00000107295,Brain_Caudate_basal_ganglia,False,coloc.abf,0.8344,0.0049,primary_prior,gwas_no_credible_set,chr9:17579287:17747066:clu_56402_+:ENSG00000107295.10,chr9:17579287-17747066(+),ENST00000380607.5,False,False,,0,0.5371,,,,none,False
aging__pd,pd,SH3GL2,ENSG00000107295,Brain_Nucleus_accumbens_basal_ganglia,False,coloc.abf,0.8344,0.0049,primary_prior,gwas_no_credible_set,chr9:17579287:17747066:clu_55198_+:ENSG00000107295.10,chr9:17579287-17747066(+),ENST00000380607.5,False,False,,0,,,,,none,False
aging__pd,pd,SH3GL2,ENSG00000107295,Brain_Hypothalamus,False,coloc.abf,0.8343,0.0173,primary_prior,gwas_no_credible_set,chr9:17579287:17747066:clu_55307_+:ENSG00000107295.10,chr9:17579287-17747066(+),ENST00000380607.5,False,False,,0,,,,,none,False
aging__pd,pd,SH3GL2,ENSG00000107295,Brain_Spinal_cord_cervical_c-1,False,coloc.abf,0.8343,0.0677,primary_prior,gwas_no_credible_set,chr9:17579287:17747066:clu_50216_+:ENSG00000107295.10,chr9:17579287-17747066(+),ENST00000380607.5,False,False,,0,,,,,none,False
aging__scz,scz,YWHAB,ENSG00000166913,Brain_Cerebellum,False,coloc.abf,0.8339,0.1037,primary_prior,gwas_locus_over_max_snps,chr20:44885886:44901531:clu_37187_+:ENSG00000166913.13,chr20:44885886-44901531(+),"ENST00000353703.9,ENST00000479421.5",False,False,,0,,,,,none,False
brainseq-sczd__scz,scz,CCDC122,ENSG00000151773,Brain_Substantia_nigra,False,coloc.abf,0.8338,0.6835,primary_prior,gwas_no_credible_set,chr13:43874927:43879418:clu_12930_-:ENSG00000151773.13,chr13:43874927-43879418(-),,True,False,,0,,,,,none,False
aging__scz,scz,YWHAB,ENSG00000166913,Brain_Caudate_basal_ganglia,False,coloc.abf,0.832,0.8508,primary_prior,gwas_locus_over_max_snps,chr20:44885886:44901531:clu_36346_+:ENSG00000166913.13,chr20:44885886-44901531(+),"ENST00000353703.9,ENST00000479421.5",False,False,,0,0.0518,,,,none,False
aging__scz,scz,FAM184A,ENSG00000111879,Brain_Cerebellar_Hemisphere,False,coloc.abf,0.832,0.0571,primary_prior,gwas_no_credible_set,chr6:118966952:118975024:clu_48563_-:ENSG00000111879.20,chr6:118966952-118975024(-),"ENST00000352896.9,ENST00000368475.8,ENST00000521531.5",False,False,,0,,,,,none,False
aging__als,als,C9orf72,ENSG00000147894,Brain_Frontal_Cortex_BA9,False,coloc.abf,0.8306,0.0,primary_prior,gwas_locus_over_max_snps,chr9:27567164:27573431:clu_52812_-:ENSG00000147894.17,chr9:27567164-27573431(-),"ENST00000380003.8,ENST00000488117.5,ENST00000644136.1,ENST00000673600.1",True,False,,0,,,,,none,False
aging__scz,scz,COPA,ENSG00000122218,Brain_Cerebellum,False,coloc.abf,0.8295,0.8223,primary_prior,gwas_locus_over_max_snps,chr1:160332557:160335242:clu_5269_-:ENSG00000122218.17,chr1:160332557-160335242(-),"ENST00000647799.1,ENST00000696207.1",False,False,ENST00000241704.8 | ENST00000368069.7 | ENST00000648280.1 | ENST00000649676.1 | ENST00000650154.1 | ENST00000696205.1,15,0.0818,,,,none,False
aging__als,als,RPS6KL1,ENSG00000198208,Brain_Nucleus_accumbens_basal_ganglia,False,coloc.abf,0.8292,0.4026,primary_prior,gwas_no_credible_set,chr14:74921561:74923180:clu_16062_-:ENSG00000198208.12,chr14:74921561-74923180(-),ENST00000555834.5,True,False,,0,,,,,none,False
aging__ad,ad,SPAG9,ENSG00000008294,Brain_Putamen_basal_ganglia,False,coloc.abf,0.8269,0.0048,primary_prior,gwas_locus_over_max_snps,chr17:50974538:50974771:clu_21646_-:ENSG00000008294.22,chr17:50974538-50974771(-),,True,False,ENST00000262013.12 | ENST00000506500.1 | ENST00000510283.5 | ENST00000511312.2 | ENST00000513906.1 | ENST00000514613.5,15,,,,,none,False
aging__ad,ad,SPAG9,ENSG00000008294,Brain_Hippocampus,False,coloc.abf,0.8234,0.0229,primary_prior,gwas_locus_over_max_snps,chr17:50974538:50974771:clu_21988_-:ENSG00000008294.22,chr17:50974538-50974771(-),,True,False,,0,,hippocampus,ENST00000262013.12 | ENST00000357122.8 | ENST00000505173.5 | ENST00000505279.5 | ENST00000510283.5 | ENST00000514613.5,,none,False
aging__ad,ad,SPAG9,ENSG00000008294,Brain_Anterior_cingulate_cortex_BA24,False,coloc.abf,0.8229,0.0138,primary_prior,gwas_locus_over_max_snps,chr17:50974538:50974771:clu_21398_-:ENSG00000008294.22,chr17:50974538-50974771(-),,True,False,ENST00000262013.12 | ENST00000506500.1 | ENST00000510283.5 | ENST00000510855.1 | ENST00000511312.2 | ENST00000514613.5,15,,,,,none,False
aging__scz,scz,MAP2K5,ENSG00000137764,Brain_Anterior_cingulate_cortex_BA24,False,coloc.abf,0.8221,0.0115,primary_prior,gwas_no_credible_set,chr15:67563350:67585890:clu_16497_+:ENSG00000137764.20,chr15:67563350-67585890(+),,False,False,ENST00000178640.10 | ENST00000340972.8 | ENST00000354498.9 | ENST00000395476.6 | ENST00000439036.5 | ENST00000558392.5,15,,,,,none,False
aging__ad,ad,YPEL3,ENSG00000090238,Brain_Caudate_basal_ganglia,False,coloc.abf,0.8216,0.5563,primary_prior,qtl_cs_not_matching_gtex,chr16:30094897:30095252:clu_21978_-:ENSG00000090238.12,chr16:30094897-30095252(-),,True,False,,0,,,,,none,False
aging__ad,ad,SPAG9,ENSG00000008294,Brain_Substantia_nigra,False,coloc.abf,0.8205,0.006,primary_prior,gwas_locus_over_max_snps,chr17:50974538:50974771:clu_20341_-:ENSG00000008294.22,chr17:50974538-50974771(-),,True,False,,0,,,,,none,False
aging__scz,scz,RERE,ENSG00000142599,Brain_Cerebellar_Hemisphere,False,coloc.abf,0.8181,0.1183,primary_prior,no_qtl_credible_set,chr1:8438300:8465925:clu_329_-:ENSG00000142599.20,chr1:8438300-8465925(-),ENST00000659924.1,False,False,,0,,,,,none,False
aging__ad,ad,PICALM,ENSG00000073921,Brain_Cortex,False,coloc.abf,0.8178,0.1175,primary_prior,gwas_locus_over_max_snps,chr11:85974812:85981129:clu_9271_-:ENSG00000073921.18,chr11:85974812-85981129(-),"ENST00000356360.9,ENST00000532603.5",False,False,,0,,,,,none,False
aging__scz,scz,TSPAN31,ENSG00000135452,Brain_Frontal_Cortex_BA9,False,coloc.abf,0.8133,0.1312,primary_prior,gwas_locus_over_max_snps,chr12:57738201:57745745:clu_13421_+:ENSG00000135452.10,chr12:57738201-57745745(+),,False,False,,0,,,,,none,False
aging__scz,scz,GLYCTK,ENSG00000168237,Brain_Anterior_cingulate_cortex_BA24,False,coloc.abf,0.8119,0.4989,primary_prior,gwas_locus_over_max_snps,chr3:52293192:52293307:clu_37230_+:ENSG00000168237.18,chr3:52293192-52293307(+),"ENST00000471180.5,ENST00000473032.5",True,False,,0,,,,,none,False
brainseq-sczd__scz,scz,GLYCTK,ENSG00000168237,Brain_Anterior_cingulate_cortex_BA24,False,coloc.abf,0.8119,0.4989,primary_prior,no_qtl_credible_set,chr3:52293192:52293307:clu_37230_+:ENSG00000168237.18,chr3:52293192-52293307(+),"ENST00000471180.5,ENST00000473032.5",True,False,,0,,,,,none,False
aging__ad,ad,SPAG9,ENSG00000008294,Brain_Amygdala,False,coloc.abf,0.8111,0.0164,primary_prior,gwas_locus_over_max_snps,chr17:50974538:50974771:clu_19154_-:ENSG00000008294.22,chr17:50974538-50974771(-),,True,False,,0,,,,,none,False
aging__ad,ad,SPAG9,ENSG00000008294,Brain_Caudate_basal_ganglia,False,coloc.abf,0.8087,0.0112,primary_prior,gwas_locus_over_max_snps,chr17:50974538:50974771:clu_23840_-:ENSG00000008294.22,chr17:50974538-50974771(-),,True,False,,0,,caudate,ENST00000262013.12 | ENST00000357122.8 | ENST00000505173.5 | ENST00000505279.5 | ENST00000510283.5 | ENST00000514613.5,,none,False
aging__scz,scz,NUP50,ENSG00000093000,Brain_Putamen_basal_ganglia,False,coloc.abf,0.8048,0.7329,primary_prior,gwas_locus_over_max_snps,chr22:45164296:45168168:clu_35360_+:ENSG00000093000.19,chr22:45164296-45168168(+),"ENST00000347635.9,ENST00000407019.6,ENST00000417702.5,ENST00000430547.5,ENST00000434760.5,ENST00000484186.5,ENST00000497960.5",False,False,,0,,,,,none,False
aging__pd,pd,AZI2,ENSG00000163512,Brain_Cerebellar_Hemisphere,False,coloc.abf,0.8033,0.0149,primary_prior,gwas_no_credible_set,chr3:28331954:28332369:clu_39729_-:ENSG00000163512.14,chr3:28331954-28332369(-),"ENST00000420543.6,ENST00000457172.5,ENST00000488978.1",False,False,,0,,,,,none,False
aging__scz,scz,YWHAB,ENSG00000166913,Brain_Hypothalamus,False,coloc.abf,0.8017,0.8462,primary_prior,gwas_locus_over_max_snps,chr20:44885886:44901531:clu_35702_+:ENSG00000166913.13,chr20:44885886-44901531(+),"ENST00000353703.9,ENST00000479421.5",False,False,,0,,,,,none,False
aging__ad,ad,SPAG9,ENSG00000008294,Brain_Cortex,False,coloc.abf,0.8016,0.0251,primary_prior,gwas_locus_over_max_snps,chr17:50970856:50974771:clu_23451_-:ENSG00000008294.22,chr17:50970856-50974771(-),"ENST00000262013.12,ENST00000357122.8,ENST00000505279.5,ENST00000506500.1,ENST00000510283.5",True,False,,0,,dlpfc,ENST00000262013.12 | ENST00000357122.8 | ENST00000505279.5 | ENST00000510283.5 | ENST00000511795.1 | ENST00000514613.5,True,none,False
