	SNP_PC1	SNP_PC2	SNP_PC3	SNP_PC4	SNP_PC5	RIN	mito_rate	mapping_rate	Sex_M	Dx_Control	Dx_MDD	Dx_SCZD	HF1	HF2	HF3	HF4	HF5	HF6	HF7	HF8	HF9	HF10	HF11	HF12	HF13	HF14	HF15	HF16	HF17	HF18	HF19	HF20	HF21	HF22	HF23	HF24	HF25	HF26	HF27	HF28	HF29	HF30
Br1436	0.0331909	-0.0183912	0.0452915	0.00386032	0.017334	9.6	0.0283904836183317	0.964728	1.0	0.0	0.0	1.0	-0.8451755396348932	1.479637386148377	-0.855315510491776	0.4584193132994808	-0.7016080920499803	2.40892633378073	0.49610724376070053	-1.483805064034073	0.3223791402063294	-0.926587169148921	1.6556206105254612	-0.3352741697859363	1.6068795538523222	-0.6344885793936949	0.6561417644789701	-1.707399027470158	0.255053502489167	0.23628652257710545	-0.4526216797467169	-0.7276495581338889	0.5246590114556643	-1.0905677409415304	0.5644731592065632	-1.214737955565787	0.6882396141239752	-0.05705504378586604	1.2607429562985268	-0.423639068588259	0.3595637864257755	-0.9124073155456952
Br1183	-0.00811196	-0.00206009	-0.0105454	-0.00238451	0.0167652	9.4	0.0217275636210941	0.975639	0.0	0.0	0.0	1.0	-0.6635518337534142	-0.4556184646998786	1.2233152353690888	0.89979033979204	-0.2077140299779596	-0.7350248852505515	-1.1536546845184654	1.4557065707055896	-1.079113104570284	1.4628810450479597	0.28179425411755016	-0.09962997964876076	-0.4952541316033435	-0.014301277982547943	-0.317605362440942	-0.11003937356938195	-0.23327771317491375	0.41608928045189236	-0.7965624328853187	-0.5133985216400184	1.8281313872894498	0.1399295220717726	-0.5227616396178374	0.3091246148072558	0.09357524734856468	0.020493984724189666	-0.8590661284215909	-0.3740703593708589	-0.9167611607519229	-0.3654423965585595
Br1610	0.0976564	-0.0711307	0.17099	0.00104482	0.0323574	9.9	0.0236197710363455	0.978205	1.0	0.0	0.0	1.0	-0.178754083013926	-0.3000029656874084	0.46648535756340603	0.4351209082279849	0.8860322521784698	-0.20251991488016866	-1.1022843632039465	0.4065443750302962	0.4806747800663594	0.6098185766740528	0.08243636221655923	0.6005049705344062	0.11267412278028135	-0.465995995221706	-0.20482886163672764	0.6132124304877926	0.20082092472784827	0.07536757560447457	-0.326833944669541	0.5113624036701051	0.21277383876192332	-0.14111653608041758	0.3639786530375803	0.4687613762786241	-0.040503205114934944	-0.11151728399088535	-0.984628311983374	-0.05735408888204317	-0.021998910583840642	-0.21173899945184588
Br1958	-0.00150171	0.000261064	-0.00468931	0.00155904	0.00453537	9.6	0.0313073525370066	0.971743	0.0	0.0	0.0	1.0	-1.5421820849205916	1.1592546394165704	-0.5247481757221749	0.18632587076106755	-2.0966039702444585	1.8459905249250637	-1.0437042855874854	-1.9358792574436152	0.33163807157959263	0.14292842755837812	3.026446255242318	-3.94613696194519	0.345836045675095	-0.08609741068924318	1.125567861314405	-0.7582729708148973	-0.991711468519569	-0.7412312829829758	4.935308795603878	0.6467546653895396	1.1473053287552022	-1.8611416698159757	-3.072423369030181	0.4720538349270806	-1.2092525105686363	0.5773719021258877	0.8256933325372647	0.8569138047137549	-2.9749419564440207	-0.2734946570826885
Br2470	-0.00461103	-0.00714756	0.000413109	-0.0079015	-0.00896283	9.0	0.031612955586753	0.974465	0.0	0.0	0.0	1.0	0.1476903953465925	1.1073361787757843	1.136784198541111	0.18225360987397277	-0.49857695428869	-1.050642622023657	0.333288249990932	1.121161196889801	-0.6610457153645983	0.23811573523031265	0.3261102709171065	0.0695213090794002	-0.05171444193019725	-0.1597140681557647	0.3109425104699249	0.16751215701407932	-0.35173132727804374	-0.29613060493552756	0.5556610382781415	-0.7925318890057315	-0.27170630219263997	0.8197978008578749	0.5291853081905916	-1.2897300900525412	0.7828412312669619	0.21042437075378267	-0.03252658039563332	1.1306115666129817	-0.24931060364946472	0.09065540200651348
Br1271	-0.0025221	-0.00383056	0.00279581	-0.0207166	-0.0844361	7.2	0.0447371423200946	0.977174	1.0	1.0	0.0	0.0	-0.5052089985097633	0.7234060819448243	-0.9086657871842876	-0.6600094342331335	-0.3315530265354388	-1.0096048077108595	-0.4038724861725097	-1.1543060284072424	0.7388454567294672	-1.246214433495786	-0.3603782539526398	1.1643108465553187	-0.24355720619809193	-0.42395782535322735	0.14767361791298306	0.020312285663938057	0.14469757240004177	-0.5334395155424156	0.3364695900977563	-0.35181524245590445	-1.8614681173582888	0.39567073889727006	0.12764931893250078	0.25660710172772294	0.6286007234793256	-0.4825928083537578	0.8566189871287788	-0.4251912887668173	0.1437550101026696	0.847104306849241
Br1279	-0.00183629	-0.0111445	0.00519037	0.00739412	0.0142118	7.1	0.0254178580838588	0.977412	1.0	1.0	0.0	0.0	-0.9723164523328147	0.21812339548047513	0.4397549248460518	0.2563625568209233	0.09784694913961917	-0.33372792206956453	-0.13522290726122077	1.0167193817373552	-0.2946375766454505	1.0942450404698052	1.112303636302097	-0.5670171831482793	2.3932286305951984	0.3083450474243759	0.6018314465922949	-0.20987956616147196	0.1503639960290437	0.07346879614695115	-0.15865316738686525	0.18870110283960276	0.315826495407568	-0.7746953752240049	0.8113071883826786	-0.9362499284376181	0.6633088321498107	-1.7655825249864356	0.5490353106671692	0.02648330243239282	0.11972269137486331	0.4965507211396613
Br1987	0.00958993	0.0302291	0.0104715	-0.00135846	0.00270585	7.6	0.0205281316413672	0.976447	1.0	1.0	0.0	0.0	-1.2960565283087175	-1.1257319828008718	-2.77244365260243	0.24847309065427334	-0.21718865510155894	1.092206462028718	0.6990552313111073	0.639177871591964	-0.1772190061381804	-0.28300651374838853	-0.2886868953568572	0.37385041356178994	-0.3798252136000387	-0.1514778782997673	0.9408448274842646	0.8456664572636169	-0.5860964038146853	0.7313776165963088	0.2617167199098666	0.8764296151036466	-0.3973636133579735	-2.092473375402659	0.46229561268667274	-1.2745787804166082	-1.012695084468597	-0.5615131743007848	0.329972874612344	-1.002819645262395	-0.4107008830803032	0.828891856717633
Br2353	-0.00686926	0.000137122	-0.00552521	0.00547275	0.00531473	7.2	0.0224101665364826	0.977087	1.0	0.0	0.0	1.0	0.040014038179095	-1.6588087672854719	0.5031871217457332	0.07225375571037818	-1.139691251723506	1.0902551327663659	0.4925898271365569	0.925047495623018	0.022639475817821376	-0.07426911125708285	-0.8350095897203927	-0.3139688759421883	-0.0545706868970623	1.116564681983802	1.1288880658142921	0.20482001700058514	0.8993139358158385	0.4580059894017198	1.0249992654801257	-1.1753215829840447	-0.29321425113201155	-0.28597500974915496	-1.6980965327914337	-0.5905198927489668	-0.9007129102022765	0.14940628329144684	0.961156579775055	-0.7222573692660511	-0.21560572661198174	-1.1683820042360133
Br1351	-0.000892231	0.0130397	0.000605854	0.00646933	-0.0069053	7.2	0.0364621244333397	0.971683	1.0	1.0	0.0	0.0	0.009926691055094607	-0.8643800835262953	1.5680704534498588	0.4654370549769347	-0.02421391148129801	0.08002380437901559	-0.2614041901372997	-0.04404543141081333	1.3856968921977695	-0.8193405290541886	-0.3765662221989694	0.31360375718180306	1.5548611826533032	0.5541734661557264	0.3475070327632889	-0.35014631033432575	-0.9191936136156051	-0.35442741527301025	0.5638104718893608	1.8133289921175078	1.9371992529857025	-0.7386323237357005	1.2221569840494662	0.9384798269493704	0.5355590462406536	1.3084208382539728	0.7373325759722715	1.855306550919125	2.0477620146139817	-1.2132150081640176
Br2378	0.0543991	-0.0559299	0.114326	-0.00751215	0.0234577	7.0	0.0337904014007016	0.971422	1.0	0.0	0.0	1.0	-0.7221407589063376	-1.0511527347811125	-0.5368641301971788	-0.11832787267530465	-0.03627951410587546	-0.49309560214807685	0.18363143234187404	-0.707199590642912	-1.0138513543607826	-0.5506542079397735	1.086006482105582	0.7799715635547334	-0.5092111687725706	0.6112015128104724	-1.0673376960997873	-1.2758137540361258	-0.19696868496895667	-0.5613890924571333	1.1633166637665966	0.3899974380466677	-0.4883875769679928	1.4320177070768088	-0.16872419649978634	-1.3047474033585245	-0.18403227390642313	-0.46550935065379495	0.6662914609348959	0.8125087372475783	0.12369170397418155	-0.05268403996821979
Br2464	-0.0105909	-0.0124654	-0.000220566	-0.00194247	-0.0029565	7.1	0.0267406527831988	0.975147	1.0	0.0	0.0	1.0	-0.2318097300594751	-1.0811569783019142	2.043718525487099	0.5850996287383123	-1.970017604885354	-1.1941335032069267	0.3974061749687529	0.9775232207342003	0.4593398874172537	0.7491138953046759	0.20937157983028024	-1.1517308682759435	0.16998575794278165	1.7896189763897594	-0.5562357922671657	-0.6035821387180246	0.4691893300439772	0.22125465023764632	-0.20274150757003473	-0.4729347572567564	0.7301948524559873	2.166200769835806	0.07568206694072786	-0.44668754902767926	-0.6635338220930327	1.823253403303587	1.1061969944040677	0.7146761825456739	-1.2088484473452763	-0.8687536948272717
Br1384	0.0419914	0.122623	0.0126388	-0.0037083	-0.00699323	7.6	0.0288705785207745	0.967296	1.0	1.0	0.0	0.0	-0.07003411580418788	-1.0251879382110476	1.4050331436576056	0.24326968606061208	0.5843257386715035	0.44355284544179	-0.5310683333374531	0.04115167621703174	1.530870493292822	0.44423696687904984	-0.5541662686432987	0.7559173687135916	0.5260067844790087	0.5486431337271824	-0.7254529446251051	0.06141311303632401	-0.9590199858725454	-0.5431068699653366	0.5920415465963422	0.8902756329948214	0.32275001932963215	0.9452857692570887	0.02421865220415763	-0.2368957979418582	0.4083089423035318	-0.9083530493775588	1.6653457915095826	0.3242179971390043	0.49093154281413054	0.6197956714516647
Br1412	-0.00567097	-0.00846998	-0.000612666	0.00252141	-0.0475875	9.2	0.0236500178380139	0.975968	0.0	1.0	0.0	0.0	-1.1240125201784215	-0.27808495748390333	-2.1268312712161883	0.04616970344410851	0.693565495321165	0.4326235809962541	-0.6829280946017257	1.353791436212779	0.44594416718830043	0.997294175038303	1.688734931815054	0.3452934593181522	1.2814548467888087	-0.6295952902973387	-1.6981729286438205	-1.1587940443037246	0.5056164873249404	-0.6771447553284663	-0.2839361782264757	-0.6376188336345723	0.3677999269401921	-0.29802358753599173	1.0038909704430539	-1.5840668711433075	0.3364761661084702	0.03479531998543144	-1.1037257440615955	1.0012416336050398	-0.3697350460947913	-0.8469057637268544
Br5217	-0.0111667	-0.00556815	0.00490032	-0.00121084	0.0233455	6.0	0.0364752993489129	0.973616	1.0	0.0	0.0	1.0	-1.0676415511118893	-0.1933596504260128	-0.03248859281890118	-0.6327710583850623	-1.012106516097694	-1.2839574701042145	0.25326824502044903	0.1558675983404147	-1.031387629903712	0.02705989661807019	1.2680765483072367	0.18635794228177735	0.7465626341767053	1.5756552428090518	0.7209261484319919	-0.2556094512258473	-0.8539437752475783	-1.527840138693643	-1.2406744334608395	0.8241425438064255	0.5504456221452964	-1.0125100507689837	0.7264964582403697	1.1732537854587515	2.8853343780801453	-0.5609903910179501	0.5574731533002755	-0.04525728573986934	-0.7829721839340503	0.23430395846604188
Br5224	-0.00480847	-0.00509422	-0.00109322	-0.00135827	0.00850938	8.1	0.0228922917172809	0.973841	1.0	0.0	0.0	1.0	0.6410860025530495	0.4105941390183179	1.352488336632297	-1.9319055927433826	-0.17262195873270073	-0.611539414783378	-0.7651619770205875	-0.7468636261063931	-0.36993925763295643	-1.615180776847404	0.6906946729789596	-0.3221561692063039	-0.8204853245993338	0.6489457212333255	-0.9547820705959285	-0.48395784474684883	1.7310546907439532	0.07602877604513576	-0.9775402712241635	0.8734577520115453	-0.0115009415084713	0.08470897246083714	-1.0045994678566126	-0.1889127465142325	-0.1184693500850217	-1.4940520898816683	1.409740588296545	0.2851561510141483	0.43670986181260885	-0.5433555120318685
Br5234	-0.00829193	-0.000551627	-0.00117475	0.00662471	0.00584354	8.1	0.0286844779335494	0.975716	1.0	0.0	0.0	1.0	-0.09740377956687986	-1.1520940957086223	0.9264131899257618	0.09054867243046728	0.22301904111862703	0.16081543099797918	-0.09456114003520617	0.4357050933389827	-0.514701137102085	-0.4784967010495227	-0.20539082663507247	-0.06380573451399531	0.8872219883904698	0.7148633821202095	-0.01609359221724865	-0.5625646978974731	0.665437668886649	1.4312870930692403	-0.07720177711935983	-0.6324208190647441	-0.061175777226707716	0.4680313377755245	-1.2557957896302192	-0.876941446604054	-0.15538089523369825	1.6051877127939504	-0.47723020900840357	-2.4718764011089545	-0.31570493609359607	-0.6794734784505335
Br5282	-0.00101961	-0.0119871	-0.0106375	-0.0020311	0.0207754	8.4	0.057888359257905	0.976824	1.0	0.0	0.0	1.0	-0.17409565836816465	0.5268513319949093	1.0881968276946705	-0.24544147703548014	0.5393713196906623	0.2450906202541784	1.2108368637985691	0.2609844174812668	-0.13246280023747006	-0.8781938817913438	-0.4716730539628362	-0.20681017389091574	-0.3550545000676891	-0.7182481335491734	-0.9707537471848633	-0.0970614406592375	1.202137183374017	-0.39749497833088887	-0.5934749394144786	0.1286440583656565	-1.3298222595814844	1.8848821056119722	0.022128729179624922	0.920005402296635	0.4338937643005439	-1.6096904890203145	0.006979658090552274	-0.15318798607051007	-0.5812560748209176	-0.24045866182624423
Br5319	-0.00751355	0.00264572	-0.00494281	0.000715519	0.000266511	8.0	0.0235123644399624	0.971859	1.0	0.0	0.0	1.0	0.7729651318992408	-0.9578614759197163	2.0876861600391794	1.1490113667840973	0.7864851908699324	-0.8609371937789553	0.7320715045785058	-0.4213597651596042	-1.0988636966303118	0.17927409939972214	-0.06990529595423044	0.2433875928295636	-0.6307143718705523	-0.7401889948005899	-1.321514527273172	0.23864905164599653	0.9535237163319775	3.003604496438287	1.5364079831491568	-0.4593588998589739	1.345969547493906	-2.020947749242047	1.8222838173610567	1.3865796205889909	0.39334917465124675	0.30569835898675884	-1.4044981847267413	-0.5877910208454533	-0.9602080642852064	0.39406973906054454
Br5355	-0.00458189	0.00734548	-0.00467944	0.00362179	-0.00260034	6.9	0.0433927919245969	0.978591	1.0	0.0	0.0	1.0	0.9444429720799415	2.5429092563283913	-0.6181119880749629	2.512801583008244	0.506006464855186	2.0145301888192777	-1.6659796331382886	-0.6280151654853751	0.9551656193958442	2.119220140224156	-0.739548309044978	0.5078355786189479	1.4490280528904937	-0.08532329341967419	-0.9279537682552887	0.6915937362014568	-0.8423271505301396	-0.19960476599198848	2.6115482803245107	-0.20310086786501533	-0.62306033397504	1.9087562836886467	-3.126979122585815	-1.6661247946451962	3.1174015481658275	-3.089266666337398	0.20607932622991412	-2.3525194223058077	1.5165468225303143	-2.796786414979603
Br5359	-0.0063599	-0.00580091	-0.00234446	0.00815502	0.0105974	9.5	0.0279448975979249	0.959691	1.0	0.0	0.0	1.0	-0.863026028706071	0.9613131931647454	-0.10853618860177211	0.4370408271818526	0.8921896691187517	1.1746627934371021	-0.2814224352620904	0.4516139374926588	-0.8404702704373563	-1.1021231818334793	-0.09145831900932096	-0.5307922712834598	-0.6404723289287458	-1.6873409526888767	-0.156374964222205	-0.7342718330426634	-1.7596174582733801	2.279058139790936	0.6415774841051493	-0.3158401454214429	0.5418328666300576	0.6994185410366819	-1.1318545785384881	-0.09184126889867487	-2.5708920308981784	1.3192642397835792	0.1573094192652021	-0.003998564609274894	-0.548253326378297	1.5564431978527145
Br5373	-0.00756394	-0.0122238	0.000408586	0.00425649	0.00892326	8.9	0.0122320776613406	0.968408	1.0	0.0	0.0	1.0	-0.41122101646639714	0.06186153383221777	1.5511559153237107	0.478303767246202	-0.5261844843963155	-0.4746095097641206	-1.678506898400465	-0.6973367039946112	-0.9244963761138018	-1.1790968844143837	-0.9941747462835205	0.3058624937466134	0.26097413902922395	-0.8766457678670976	-0.7901728638356599	-0.7167692946776888	0.7949900735721527	1.1354039972428158	0.11410781960143637	-0.2729088221542359	-0.5199353802081474	0.41855551992237894	0.9518956069847575	1.4567154825080364	0.08859277258849856	-0.6649913146419595	0.009573227140674363	-0.05875094422813963	0.101390758461694	-0.5381110822714934
Br5398	-0.00375808	0.00216134	4.98903e-05	0.00258561	-0.00636695	8.8	0.0203387312949308	0.972771	1.0	0.0	0.0	1.0	-0.363411910046942	0.47198546899217886	0.8736357039211755	0.012146705938013903	-0.619723740811034	0.3597702325134799	0.8285302917160301	0.3468577428457515	-0.5405258791866501	0.4850173588594786	0.8098281897453042	0.0350303625692387	-0.1108063362900663	0.3043488137363509	0.27470600757467634	0.8750629479679845	0.15844847358820052	0.7911987814404304	0.1081589999406484	0.5180101330362421	0.0013103711912550349	-1.1203939758890133	-0.38265890504592376	-0.24986499451933064	0.4548930073852425	0.71139149765822	0.3878176916473988	-0.4526027978726979	0.9721914100766533	0.9957399600296561
Br1909	-0.00623203	-0.00855844	0.00285487	0.010124	0.0092709	7.5	0.0072504873488935	0.971179	1.0	1.0	0.0	0.0	1.007715268621023	1.7932238344936324	-0.10835239351335944	0.31744126704135006	-0.0989026979192206	0.039658790274501955	1.0458053957601552	1.917760398957787	1.2624689004532226	0.34114485369590397	-1.198609843524997	-0.46565349696103747	-0.08054370973723726	-0.7634289556729874	1.156791117067216	0.3018022461760436	0.41492214606339	-0.8837129166980146	-0.3180620122053821	-0.6201603904474287	2.106736019779794	0.656903162770928	0.19412605672097932	-0.30883185208967634	-0.6271465584412652	-0.1558178063121086	-0.02336288118872488	1.6878765355231407	0.1718448693813032	0.4822235604913627
Br2063	-0.00393103	0.00574652	0.00204328	-0.00496558	-0.0274654	6.4	0.0229165539914043	0.977913	1.0	1.0	0.0	0.0	1.0146022051036965	2.220111122389344	-0.5418797008558393	-0.72314869839439	-0.6939271847172327	0.5678043439224053	-2.4063942820225557	-0.7399205375767066	-1.221026120040688	0.6077487474337446	-0.7420923280432035	-1.157647980806463	-1.6188006571969635	2.1384635829756227	-1.0481538998551825	0.5209615373061149	1.2366956685020416	0.8598895808956712	0.5581305554236515	-0.1991110119374215	1.721700356248519	0.7721412005234247	1.6389826016667313	-0.2059974907007196	-0.7699304179353568	0.5840099260681056	0.3929650025123335	-0.14468867792658868	1.5927551812534715	0.7165245225898704
Br2080	-0.00313137	0.00222314	-0.00486612	0.0167539	0.012066	7.8	0.0279910758141362	0.972149	1.0	1.0	0.0	0.0	-0.09964821068182865	-0.5998594254546112	-1.533521933693091	0.024819800626430966	-1.3962011714801246	-1.1397551267621755	-0.5011578351959655	0.6305260364737949	-0.13826493832658582	-0.7265648458169494	-0.15023346895977557	0.2149079416795761	1.7193861026545847	0.6806980303940543	-0.4465428962149109	-0.35058229186767703	0.6019210462526439	0.42342290024972495	-0.2751431062403032	0.7152410160480019	0.101141175088088	-0.4332109136342233	-0.7179300720778481	0.0004610994066620603	0.37981644928705843	0.28664476232658825	-0.8153934421296076	0.42789773268139625	-1.0085252346036158	-0.8515836721197942
Br2285	-0.00834528	-0.0107912	-0.00194201	-0.0054032	0.00337103	7.9	0.0395268442054494	0.962168	1.0	1.0	0.0	0.0	-0.2766176635377097	-0.7368346473942248	-0.3153446554269161	-0.09404580286122684	1.2288225136995758	1.5445473973333734	0.34162658741911894	-0.07639186230182171	0.05443282528212979	-0.8523790687200135	-0.06395828187177392	-0.1315948854063298	-0.13044318876353492	0.5436159563701944	0.3344317607193707	0.9458852059477104	0.015826600183578437	0.35199412882575254	-0.300611241496868	-0.37646271157261635	1.0194289186091836	-0.9320821616048555	0.8152953208675249	0.26655512125710257	0.8919136956405136	0.5820206416007438	-0.07697478492504593	0.5135300673696139	0.5385555042420914	0.414771397245511
Br2288	-0.0071224	-0.00620485	0.000795304	-0.00447222	-0.0198982	8.5	0.0165560106114665	0.966008	1.0	1.0	0.0	0.0	-1.105781273188931	0.46250183676075296	-0.09854976179223092	0.9002559970255967	0.3303779693239209	0.9561799432192518	-0.43237271280733447	0.743502219292244	-0.4265415578413553	0.27213780989081776	-0.34173617764347575	-0.8483233341459094	0.029841779847119457	-0.9462411492685707	-0.0008370776840709229	0.013466191562453001	-0.19091970742754028	-1.237414129529847	-0.1557563448823877	-0.4098886883461477	-1.0372217074010275	2.0824196152930603	1.5016419892941848	0.6934548885181152	0.8555931285084425	0.2834995217508471	-0.3066160938384274	0.332409406992929	-0.7362212500458222	0.8722953669861502
Br2474	0.0135166	0.0402383	-0.00185013	0.0160023	0.0310663	7.5	0.0288219358913541	0.969659	1.0	1.0	0.0	0.0	0.698687047686207	-1.6467543802090223	0.44928034365311637	-1.0337946218287788	-0.21218917957112754	-0.5598625690958051	0.10795461180510216	-0.08935641728194321	-0.5186707861697518	1.093531787312935	-1.7051959182451875	-0.8322199434620982	0.6490006834334481	-1.1819023745070834	0.5552994741499202	0.07822087806076712	-0.4762056709782046	0.5845987061041734	1.2279951838027818	-0.4473296225810124	-0.6658474776513258	-0.5604046589633772	-0.49921482563430686	-0.4526498533466686	-1.3768959726982113	0.07556209058357906	0.44277052927738825	-0.5695579523118991	-0.16550078308095306	-0.9772121234327863
Br2476	-0.00575524	-0.0064289	0.00269223	-0.0128878	-0.0874734	7.5	0.0336761792924316	0.976423	1.0	1.0	0.0	0.0	-0.5477644074108716	0.7200003728497403	0.058572235380156074	0.2361139088868961	-1.5600143728523441	-0.8784021223563465	-0.3614180233938737	-0.4321836726614324	0.5634473789142648	-0.7938685592716241	-0.16592992248258928	-0.07379613329033978	1.0514652798891209	0.6139165637619322	0.47299209571099615	0.3195395329991839	0.14132088861447012	0.561900367803834	0.5936459996215855	-0.7629069586415765	-1.3151357596503614	-1.1920493500598717	0.035277413687093015	0.6881104265807139	0.9478440166936272	-0.31005700326555236	-0.5740827525021036	0.02499057803950646	-0.1187649988132018	0.8488676709658877
Br2521	-0.0100673	-0.0100092	-0.00340032	0.00718409	0.00836182	7.0	0.0336805352818081	0.973276	1.0	1.0	0.0	0.0	-0.9373090909161574	-0.5932547244705755	-0.3954603071617714	0.4908684853590966	-1.7757197054312681	-1.352595281421278	-0.104645549644253	-0.5705333934901129	-0.41211794509244865	-0.4950338004563655	-0.7558220382231715	-0.3002002514040889	-0.04552528075427305	1.3445060409563658	-0.4060136106647839	0.28302368165169606	-0.0705094383435355	0.27073528979033057	0.4434594444379842	0.18056360587970566	-0.26961431212233083	-0.8466773575197665	-0.606489258529582	-0.0975567743326597	1.00037298253298	1.1395228876024293	-0.2577905162428779	-0.446934582140455	-1.3306991990545143	0.5690438565822991
Br2533	0.0410061	0.119101	0.0159402	0.00662347	0.0284313	7.4	0.0397131118220989	0.974221	1.0	1.0	0.0	0.0	-0.7917017021186135	-0.2619030286495083	1.0730691441760178	0.4165283796764019	-1.863628626082224	-1.2728930708005728	-0.24662571900237293	0.07949043155649922	-0.18708642162396477	0.2469799535765933	-0.40207119812527936	0.20014326999668047	-0.5715823694783043	0.4709613262334397	0.3251524552416105	-0.05490731961160207	1.1730526956137297	-0.9801610876206048	0.36406148779136005	-0.6313100613963141	-0.5934760371685044	-0.19423718404865772	0.08567315011063653	0.3434951726446025	0.2145203926445917	0.5463851568828527	0.21033066327864075	1.8662976412493502	-0.5548272229341517	0.8407399743536339
Br2534	-0.00788522	-0.00526456	-0.0031169	-0.000282376	0.0196987	7.4	0.0315718555848511	0.96464	1.0	1.0	0.0	0.0	0.6517332542200146	-0.6098426391291348	-0.6579597172184259	-0.7323910764190255	-0.727142339432191	-0.5905760758394406	0.2897237559947096	0.334994762877047	0.10174045435699247	0.6188453809664376	-0.89521976592919	0.037112714401122175	0.5776093994144594	0.8282007667600009	0.4685869086570023	0.6244199298761461	0.5236981880074799	0.5275682537707183	1.5247806047006995	-1.6146862532249215	-0.1365274239705761	-0.45418583520952927	0.21409173554378566	-0.3186944394168115	-0.5060212094937384	-0.6785633125946219	-0.8083167530646888	0.0895055629905282	-0.6785740952036522	-0.22481025751563707
Br2557	0.00569124	-0.014477	-0.0130201	0.00343816	0.00183343	7.3	0.0141407585721278	0.968579	1.0	1.0	0.0	0.0	1.3985129854691922	-0.8146198968859658	-0.16512092828818345	0.5122295220957931	-0.5983945545838705	0.7180741418992426	-0.8052687603563502	0.5108966087050554	-2.0704553324764676	-0.5891993074671233	1.0912017512511374	0.36465556966302415	-1.0335500292204436	-0.054815629391380905	-0.8848911338451031	0.86223453073148	-1.1985571544360878	-0.05228652350701064	-0.03475826819527337	2.0948463406060664	0.36579235066392934	0.5234275084928285	0.2336107286672037	-0.30514678256873523	-0.1444622163677658	1.0822251639226677	0.6368328142874312	0.8881769543671858	0.6293484753796997	0.3223251960523082
Br2573	-0.00364531	-0.0101542	0.00257029	-0.022155	-0.0951784	8.2	0.0277916923057784	0.976331	1.0	1.0	0.0	0.0	-0.09052595304648418	-0.9836176039430976	-1.0856367426333995	0.3740622702052591	0.00869735252637366	-0.10866215058749153	0.29594496330157977	0.38992141814710224	0.22115252580545608	0.25777920385300845	0.43773277376043085	0.8851961599497099	-0.7660538679879328	0.07773237847352658	-0.4771205554869974	0.3776028981846312	-0.106189994339128	-1.040988210516918	0.49742554771677183	0.1278340544727637	1.750547988282868	0.8298228025935347	1.178274609954852	-0.4572269960103272	-0.0206187890083362	0.49979931509139996	1.4258270921531178	0.4116519111199897	-1.4222621041475048	0.5905366719959175
Br5315	0.0113903	0.0364352	0.0036466	-0.00422295	-0.00292512	8.2	0.0282013572360574	0.972318	1.0	0.0	0.0	1.0	-0.33200567601715514	1.1808827350150415	-0.2515414410265902	-0.368792770286847	-0.24918874103452782	-1.4105006182956847	0.3757049267552359	1.3219233487897886	-1.0717570049029055	-0.19938551387884218	1.0426969485234145	1.1307269450479676	1.2808486677064934	0.3506509445296503	0.5670754840323605	0.6641757804239398	-0.34910708675781016	-0.607407719825913	-0.3331263742747513	0.49528406287157645	0.7495054081771788	-1.0712400218731095	-0.18282159992022912	-0.3234768699886203	0.20930621748720113	-0.852234410413148	-0.17682010426613215	0.06297045341775731	-0.05738190173135464	-0.46867506868148145
Br2542	-0.0111496	-0.00951911	0.000971897	-0.0136482	-0.0896144	8.2	0.0265881831600797	0.971484	1.0	1.0	0.0	0.0	0.21852978349231886	0.3396940134570029	0.5637681972258399	-0.06379107802494353	1.02797915947447	-1.1508377941858352	0.5682327435641111	0.11874119291550807	-0.39349896306136445	-0.13054266219109203	0.6092765960141097	-0.742183525912581	1.0875070885783642	0.022550247898474065	-1.372208329779337	0.6629908159829702	-1.1483311003344396	0.3256140726150312	-0.0301243246923795	0.3176617597992232	0.8731254970397836	0.04135092343109642	0.32558647088591175	-0.38599708646686565	0.27643666352845575	-0.29475737374810895	-0.3285121818446463	0.7839566171955304	-1.166782445442995	-0.33777082080715126
Br2582	-0.00803537	-0.00927992	-0.000460034	0.00976072	0.00278209	8.1	0.0196189869399366	0.977841	1.0	1.0	0.0	0.0	-1.6811238398046044	0.3671300461008684	-1.6199679361592074	-0.2522411115063895	-1.2352885896981638	1.0167621629935593	0.0010643949742845712	-1.9585737998051118	0.3889553274314654	0.6921953234972631	-0.027451515423511454	-1.400882318500539	2.0599199844319096	-0.9410466344030587	0.6275932198116347	-0.5090118656724391	-1.24733206810462	0.0015969013603805426	0.8479375390084835	-0.20739945988556796	-0.5512813166820734	0.8553098990890958	2.0711555261365477	1.5964774026400408	1.6784450146452083	-0.7437826590030657	-1.0544881042420973	-2.5405005800845526	-0.1788012339093137	1.524558214362963
Br5005	0.0420922	0.120499	0.0117996	-0.00254276	-0.00910361	8.3	0.0325334665734016	0.966946	0.0	1.0	0.0	0.0	0.0035751401565387473	-0.2678748564421496	0.7211410193298146	-0.3926308780145745	0.171752456717827	-0.4847238369607479	0.8348304181628088	0.9578515064961411	-1.4839109365297087	0.1019847957614615	-0.3343553450865828	-0.010763652186588672	0.7829469205573356	-0.26204708706988816	-0.13962142062951813	0.18900209769189247	-0.08530547624053908	1.58096259065976	1.1342638064712736	-0.6713011502318221	-0.384264226309303	1.81698187090256	0.37010963151302373	-1.1714692337244053	-0.7835027264455651	-0.046418211544409504	-0.08438674336679938	-0.03549931943621934	-0.3007283058167786	0.4281315919758807
Br5024	0.00573301	-0.00995007	-0.00998787	0.00571	0.0166443	6.3	0.0464084196674443	0.97372	1.0	1.0	0.0	0.0	2.6864192697686877	-0.2636838944192324	-0.3779049434430634	0.17912650145336612	-0.3472964899808384	0.9057799415967541	0.6593860654223864	-1.3998531678295292	0.9147311012457661	2.1126890477338502	0.26534432054845325	0.07625178638485397	-1.305499133195357	-4.354888159365668	-1.1041167444073876	-2.5494072597942434	-1.4877515357934266	0.7614643022159152	-2.0123141789299313	-1.9673022503961928	0.20927590703385485	0.46434040792854	-0.5141077587689428	0.32715445176951097	1.2810102666093939	-0.08837487501475037	-2.723952606678135	2.499403096306339	-1.9763842293418306	-0.7849091394027076
Br5026	-0.00779153	-0.0175234	-0.00415472	0.00719139	0.0130983	7.9	0.0317832433918945	0.979516	1.0	1.0	0.0	0.0	0.9432456334852037	-0.6427486755605867	0.4016577241729134	-0.04889803313778915	-0.4487428518620853	0.6038890679698742	0.9067179970226953	-1.1059408593428677	-0.30063001417260726	-1.645415966720462	0.6517006182329237	0.3900639155848167	-0.805147451896422	-0.4173326342717042	0.4049049205430061	-0.1855936024171089	0.9354547889901975	0.353214300470204	0.11948250615934901	1.990966999030096	1.4301000719025991	1.3009964554462523	0.9075181028890537	-0.07504738130735651	-0.23400787730031217	-0.6529469336291999	1.1184682403636395	0.24831020123385247	0.48808934305890667	-0.33901679609045515
Br5062	-0.0102285	-0.00219916	-0.00614755	0.007894	0.01694	8.2	0.0263634604380985	0.967874	1.0	1.0	0.0	0.0	0.07069913997631092	-0.4723399107266598	0.1403850165885866	1.074298821390157	0.22726621869771316	1.1657002799070206	0.8609100148940414	0.07727610621954341	-0.29527692474237593	-1.8812770214802168	-0.132049726458606	1.164128691584712	1.5154378001738766	0.0995410131823826	1.0952142119181179	-1.0274513638162242	1.0825455213596347	1.3061135515760698	0.6945385975931566	-0.8986550971254577	-0.46187811447515686	-0.046942513786888795	-0.6024090248300251	-1.5060511465596345	0.8015152402194257	-0.19424293196373973	-0.3780466934688183	-1.5262466577086355	-0.06243519414492931	0.9002514727880571
Br5066	0.00277253	0.0150363	0.00216451	-0.00985371	-0.0372584	7.5	0.0442441381201743	0.963261	1.0	1.0	0.0	0.0	-0.04061826326119957	-0.03890643936399901	-1.1120824364268678	0.17817314669329032	-0.5962281158642585	-1.6070730359473122	-1.1864270668525627	0.5325433781687778	-0.6054462972601722	0.4279361637044579	1.4913765812356985	0.9569252003866512	1.3626596192075446	0.4299580865135547	0.2766456855059742	-0.4571260710217292	-0.20529480650871582	-0.6972459267323284	0.24638445412719112	-0.43103984266069434	0.8735830736069173	0.531558534934925	0.901755491852041	-0.949890951891906	-0.7863263856576552	1.3052420835838654	0.672828145524544	-0.5071823917813841	-0.9528947120758261	0.19980150235565208
Br5154	0.000362364	0.0137224	0.00599836	-0.00258682	0.014832	9.1	0.035570780607676	0.973943	1.0	1.0	0.0	0.0	-1.4456768270209965	1.1365307142357488	1.375421117538206	-0.0037572424268243493	0.38642230445314013	0.32271339695824697	-0.9568377663108295	-1.5042753171822978	-0.7106067146685525	-1.006787819294317	0.25527093620367175	-1.1493861460209511	-0.9286076308546014	-1.5464838560064982	1.7931673877224035	0.5285976233084847	-0.024095260235341566	1.4928927482205112	-1.6061437709103847	-0.31516841048359606	0.9657940934742318	-0.44796206470660327	-0.10606124191811242	-0.2836418248226892	0.13603424272183537	-0.7939203556478405	-0.4346912033590943	0.8084823131276075	0.3980354432287535	0.5133828910447396
Br5161	-0.00878819	-0.00271127	-0.0102949	0.00500747	-0.00141994	8.4	0.0178849365209588	0.968387	1.0	1.0	0.0	0.0	-0.9949159429325489	-0.6794993386109401	-1.4035008545663663	1.308415359566855	-0.5140202899053894	0.6648396386987258	-0.24849796987909156	0.5047723412139946	-1.4328855580443858	-0.9448020088152845	-1.0727994250244206	-0.11990368847924829	0.6739183013587111	-0.13100494122342343	-0.27220403466901444	0.1146119959625323	0.5111297287863502	1.3136243942710946	-0.38133229189693646	0.9722959378584871	-0.6295849808778325	1.1844720681023084	0.4557423513730229	0.4034556789458075	-0.04903395512610045	-0.7605209324286893	0.4154146230235035	-0.6854117727654477	0.3402646869618546	0.3150753255435776
Br5165	-0.000652274	-0.0129409	-0.00912568	0.012095	0.0115447	7.9	0.0404241476411674	0.979571	1.0	1.0	0.0	0.0	0.3370122995828651	-1.160817766910874	0.23767317675420915	-0.1838622844613699	0.6622394670988321	-0.04689752487249563	1.1728981048699199	0.6339413115938609	0.20840232559058489	0.41896455367129326	-0.707266402935262	0.3219373363565784	0.33047006416390856	-0.059984695206832236	-0.09919345945565247	0.6086905216473649	0.7598253393026863	-0.6417374678412897	1.1387283486506337	0.8280115823404492	0.49755066952434185	1.6301687410725598	0.2340336694237384	0.7740486230538296	-0.5168339561366223	-0.13369837150537583	0.5731995640765031	-1.313578214936951	-0.3655690664604278	-0.4682642752417644
Br5168	-0.00409396	0.00765366	0.00183225	0.00957138	-0.00491763	6.6	0.0425311659108114	0.979415	1.0	1.0	0.0	0.0	1.7704521220317386	1.040137371970637	-0.6895041865723438	1.6815054536253833	0.12347925478018364	1.2301992452794535	-1.6693805801781365	-0.5210080521387146	-1.1464136085989356	-0.919530880403834	-1.5797573664638638	-0.2967166938108445	-0.734179829226074	0.4279117734589479	0.08171797791731142	0.6621455460509841	0.2979296043295343	0.18738526348989684	0.2681109583728599	-1.4021570667131238	-1.5590674928619983	0.7666652330479206	0.3874609363057547	-1.7507847459326906	0.9144886452895755	1.5325124082143307	-1.1430104783101294	0.2944173173277527	-0.17820544761051807	-0.18943042170411098
Br5182	-0.00854097	0.00034456	-0.0077846	0.0099037	0.0164669	9.4	0.0357457337312787	0.974966	1.0	1.0	0.0	0.0	1.1092250358231464	-0.35896714856921325	2.3076210578369554	0.5112736810769847	0.2768756936487754	-0.9447066392068414	-0.6188002308101392	-0.6951934786114102	-0.603285266409703	1.167198858422946	-0.879096285186639	-2.026939760724095	1.2619472520280726	-0.8262158274134305	-0.4036372455494781	0.2606326297179004	0.08721511503117804	0.025700010061918754	0.49504578588790193	-0.6033111669054194	-0.08325941551045589	-0.16976181648428398	1.2186358628991034	-1.2774884639944455	0.33023068291504565	-1.5937487142903646	1.3198431104014765	0.7780772978919884	-0.2200790557428215	-0.5819694450805596
Br5190	0.0374105	0.114663	0.0207187	-0.00260455	0.00754142	7.7	0.0241628087789538	0.979745	1.0	1.0	0.0	0.0	2.0423988514413454	1.0900252869876395	0.23116581717463058	-1.0594815346586244	-0.5225955603956869	1.2776118804246388	-0.2267696986980214	-0.07567766807986682	-1.4151033441924734	-0.7487620176160223	0.2563820395156358	-1.7238466275830309	-0.7087857003908318	0.3159186918634863	-1.0388308309657932	0.19659454714119418	0.4398408772413035	1.4582579899042394	-0.18098547220039812	0.5082819102457694	0.9271474081420842	0.3932884219354427	1.0927122262432463	-0.7548824953483144	-1.463815343070996	0.7056568135004563	-0.5909369724674254	-0.021630742599941244	1.0793257259798688	0.36459576635482016
Br5200	-0.00243465	-0.0086909	-0.00617475	0.0047553	0.0212771	7.1	0.0304354582789736	0.973651	1.0	1.0	0.0	0.0	-1.79850376937711	0.20343096516277312	-0.4548518988118508	0.5941848127619069	-1.0814563348098853	-1.0936335468020002	0.5153810359000602	-0.7237263250383112	-0.12915308382334204	-1.7059174432075883	-0.8044817498913648	0.8352068704176383	-0.5545613160202482	-0.1878800196902652	-0.06773491148358671	-1.3455492246592804	0.5193419683972337	1.0347585066374458	0.45074800509432317	0.38861842806998004	-0.5228466963432572	0.6881831765638379	-1.0730305197269463	-1.4056553722727854	-1.4694707031933032	-0.3217893506900817	-0.6077162117033451	0.5215279785325051	-0.4076624603129667	-0.4788984772160731
Br5205	0.0222764	0.0528062	-0.0010186	0.00728816	-0.0139906	7.6	0.0304036873433883	0.976297	1.0	1.0	0.0	0.0	-0.6210860895561027	0.34529491412227065	0.9104553769175427	-0.4689778651344418	-0.6582267637691864	0.12006120217957787	1.1267432541401095	0.4229431489959415	-0.6804830770906505	-1.005365759438252	0.6900884660142989	0.2184931301672823	1.6090177962028496	0.8754401291943941	0.07563349398518555	-0.2588260737218545	0.007439871477526419	0.994515085550081	-0.2293087200505259	0.005968991906406323	0.1951636365010248	-0.7379232860443311	1.0306613620626883	0.6375992588194206	0.0721724406802149	-0.6852500229417049	-0.7778852924538855	-0.23439936846457818	-0.7776696500856006	0.5593379697385111
Br5207	0.0254492	0.0649055	0.00554695	0.0106648	0.00509252	7.4	0.042587069739812	0.973608	1.0	1.0	0.0	0.0	-0.0991460092967734	0.29147314076880365	0.13846501020590454	-2.066411713228911	0.09725464217477983	-0.07256176095935106	0.740430709577626	-0.4860858004091583	-0.45334036314303156	-0.6190993125515103	0.4546729149723411	0.7113696619602273	-0.28842453974093857	0.574747721549525	-0.4465626983666726	-0.6074531293117373	0.8291552647471567	0.2642159272390762	0.12315141470846205	-0.13106751132018366	-0.21578504486074848	1.289759128635312	-0.0707298316359328	0.9817767751657218	-0.20198380795885118	-0.5191030646379593	-0.5993666923757879	0.1613305010767881	0.5498958463300976	0.31531054182090423
Br5212	-0.0075329	0.00685639	-0.000128314	0.00881407	0.00912613	8.2	0.0183590854680534	0.9768	1.0	1.0	0.0	0.0	-1.1777716308193935	-0.35589413255555913	-0.5136292388388232	0.40893062034667055	-0.040467844292855	0.7315901560657413	-0.30062324583274935	0.02283464171874661	-1.121599795447286	0.5059137899395812	-0.17888008204600633	-0.984631739133245	1.26669088874693	-0.3929927798160682	-0.19885743892654692	-0.6951108998313185	-0.4445827309843108	-0.09560224375121915	-0.33238465735192124	-0.1530264572749137	-2.8218585964430223	1.7792608428499737	-0.5712326261095739	0.44229404047402093	-0.11327978453024341	-0.4163002923080093	-0.20786275682434455	0.19264504925459766	0.5512916999933724	0.34120374141765036
Br5228	-0.00524639	0.00116074	-0.00650575	0.00839323	-0.000143569	7.8	0.0275839830196356	0.96406	0.0	1.0	0.0	0.0	0.22292345195214391	0.9165685254365423	-0.7891794748334507	0.012213748070760783	-0.13204058845134897	-0.9046486325860966	1.1197153287446855	1.3951257485604949	-0.4356397131356919	-0.9511073460459828	0.2681317518188397	0.04553444337872073	0.8029402062801655	0.23208819424753813	0.2562399379922863	0.9276599777567138	-0.43540427004044907	1.2508415052379522	-0.02955129794059486	0.8781466470885255	0.04969489816297458	0.47892598472323233	0.09869612024283897	-0.4730346872464348	0.04407681969718671	-0.26166935863553115	0.5753218480106109	0.5458700594623164	-0.31264106996672647	-0.18729487594262628
Br5235	0.0153548	0.030505	-0.0031506	0.00794358	0.0148172	7.8	0.029640209514617	0.977119	1.0	1.0	0.0	0.0	1.4003542160664817	-0.1954572411881744	1.3416377247143938	-0.36993821334226934	-0.21006538160271415	0.2582573501827256	-0.4115939412247763	0.3199241025295541	-0.6919416919438349	-1.0195318902861958	1.8247129589770008	0.9159631789295795	0.19378895444543057	-0.125374923985204	0.293668274704864	-0.7447336268521848	1.0930861942816563	-0.1695391001295925	-0.019506163711763738	0.6052668514768845	-0.27377949069543334	0.6192639671979562	-0.10716290217080243	0.4090503372498598	-0.8832027271443801	0.6893425123346859	-0.8159868278897531	-0.8840666612525712	-0.6467039369556775	0.15695381602577219
Br5237	-0.00819102	-0.0143945	-0.0031807	-0.00249731	0.0106518	7.8	0.0087243419019828	0.970059	1.0	1.0	0.0	0.0	0.7001454306077451	0.2956489832683456	1.2776939905420424	-0.4073265473089986	-0.584041012994036	0.3279047365687016	1.415191770077397	0.30442398438455465	0.2224832466838394	-0.26398289604438896	0.018469701366309394	-1.00376042382095	0.39119632912063834	-0.5686908880283273	0.18922898188752885	-0.041352550912946616	0.18615262567291221	-0.6480206956246158	0.3706084145690295	1.1377145201372594	-0.27361861691125744	1.4134561216023935	0.2685680430199866	1.712414140310008	-1.3324180636913532	-0.010343024338975153	-0.438583699788725	0.0291004445794204	-0.49807478618884343	-0.5496455444856679
Br5239	-0.0122064	-0.0179792	-0.00117674	0.00571107	0.0139197	7.2	0.0262665842783497	0.974606	0.0	1.0	0.0	0.0	1.2676450659237912	2.7217102323831	0.2875435978740888	-0.3477400019586239	0.9299152561841392	0.07627203778507567	0.60162538410432	0.3586416900450103	0.42210281093108265	-0.7805525065928801	-0.6820911104369073	-0.2710972458137419	0.027963185570475006	0.6518488953004423	-0.09826216288942266	0.7680674591017718	0.3609329243549732	0.9768991266680549	1.1171926493934354	-0.25816370391395105	0.31443252151859324	1.1347106218253797	0.753940692893038	-0.5535042179966021	-0.967086313959927	0.7065366409738197	-0.1234411508913497	-0.5428314213838294	0.8217792769202058	0.7779024227190852
Br5243	-0.0103989	-0.00850116	-0.00821207	0.00896149	0.0168499	8.2	0.0342493995329608	0.979158	1.0	1.0	0.0	0.0	0.46302088552283427	-1.2893122253407194	1.172054116224575	0.9279817972009649	1.296723522594773	-0.5544030755003169	1.6382698932644404	-1.2391848875782243	0.4284168217293784	-0.273302434687007	-1.1476553224901505	1.4946050962833914	0.3608262018579334	-0.3402721963983875	-0.22806459632554635	-0.9579664337164416	0.3307150180431548	0.4601718492142992	0.5567930261157048	-1.460921079439095	-0.08389494006236932	1.144959505731359	0.4268917566685876	0.9708817873218112	-1.0027385403283438	-0.4145302848689518	0.13019014202053475	-0.6892188171409526	-1.3190153927421882	-0.20247855591236258
Br5250	-0.00429129	-0.00313014	-0.00568222	0.00381527	0.0142132	8.3	0.0180648649684316	0.97395	1.0	1.0	0.0	0.0	0.06630340984745409	0.003740299640697379	-0.7877982697994931	-0.17069348421530112	0.4085515081652618	-0.9744170163013173	1.5155746820419485	-1.806678756841184	-0.7665110232926199	-1.047300021517094	-0.8991755031267747	1.442452146002602	0.37719550489209047	0.5317455250583318	-1.2187813906090865	-0.866182356228012	-0.1856160328991908	0.8045358520168463	0.24442358464379474	0.05879530404929979	-0.11134550348833269	-1.4411750977653588	0.010795645729786332	0.05903080749336196	-0.6611293018164142	-2.2405821284806313	-0.38562446109521054	0.013744447832859278	0.03854961922803543	-0.8935652548240036
Br5262	-0.00811871	-0.00401826	-0.00449718	0.00911132	-0.0142214	8.1	0.013198532376372	0.975859	1.0	1.0	0.0	0.0	-0.8291614309429967	-1.2444133863485245	-1.0308611654129358	0.14578433586257641	-0.11191770085221751	0.8755241287456235	0.22932184444966583	-0.035352783330019115	-1.4688369983644332	0.10336552991673985	-1.0480741828926194	-1.415202059267825	0.11461374246928883	0.7662166668623407	-1.5905843872173482	1.225024367153316	-0.3914783303345916	0.5180219958190444	-0.42680501051028336	0.30649263031194135	-1.5597851666415359	0.7092878069606524	0.15295444949827527	0.7219615072115109	0.12722734458550533	-0.12807844797406298	-0.3505322179129157	0.1950999686902575	0.2227695374715371	-0.0268808877536333
Br5276	-0.00819243	-0.0155405	-0.0116892	0.00360164	0.0239518	6.8	0.0280797686219931	0.975767	1.0	1.0	0.0	0.0	2.30446229878986	-0.680963361180414	-0.11446975774652428	-0.35185778098641945	-0.6969301157808268	1.4876905214685108	0.0528420517893077	-1.722592248323333	-0.0312827928928489	0.7677617959468931	0.5961031562073972	0.5593022733337515	0.13862403519181873	0.43001079041904583	-0.2750008545169098	-0.6432242049446066	-1.7540378297696744	-0.021534496350106923	-0.7592820482939825	-0.5197331594865336	-0.2237669699342542	-0.8966618425844678	1.37160247191067	-0.09876501233209145	0.10224995868757827	-0.05553944947039738	-1.51107748173421	1.4070628565151375	-2.156916169826217	-0.2410242883397187
Br5280	-0.0117965	-0.0106602	0.00309456	-0.0140327	0.0238785	8.3	0.0255005781201618	0.974722	0.0	1.0	0.0	0.0	-0.11872012992173406	-0.5752085119517418	-1.8652670559140778	-2.1995732756323063	0.5774673216074689	0.09430324802445944	-0.15180737429318647	-0.9151808050943046	0.10378339779509567	-0.2889839883694016	0.11484790927334768	0.09436989603813192	-0.6072109011603894	1.2746872441062431	-0.9184340773646741	0.32039036985519476	0.43717691545307286	-0.7221544945060383	0.608492114489245	0.1692057615350411	-0.11219983979486774	0.20737011207555942	-1.4140189274504036	-0.3831964417909177	-0.6337614884366574	-1.1153355555172508	-0.11958718736350453	1.1298125717801786	0.17365075901313035	-0.6284830140374574
Br5287	-0.00157739	-0.015026	-0.00724743	0.00390475	0.0282955	8.3	0.0462152290729175	0.975554	1.0	1.0	0.0	0.0	-0.3927269573623138	0.5539939880905751	0.7456637680965044	-0.6631141916225397	0.45488655566482283	-0.9976798636187392	-0.4532395275612177	-1.176980205993219	-0.40500334494890755	-0.6795681782314495	0.1360188178135375	0.11852290658071106	-0.4214842775832112	-0.22060766254451342	-0.09446334268278045	-0.3885231043247757	-0.4041724879868986	-0.4901812017691785	-0.9011451516339456	0.6527883053529986	0.5890626665085261	1.9313817974352356	-0.6021740147313172	-0.052063928390747284	-0.20865987327286611	-0.016046612414802767	-0.03712802848863188	-0.12022379532983465	-0.5821499658245933	0.15999550068102303
Br5292	-0.00969462	-0.00325906	0.000521661	0.00553349	-0.00602412	8.0	0.0287135724772642	0.978002	1.0	1.0	0.0	0.0	-0.38016848144059207	-0.2692973082005322	0.9618852269177391	-0.783228955101983	0.3106947845350545	-1.1522098966699723	-1.0708254262550576	-0.4071764278072977	-0.4717786753075212	0.7530610675492893	1.1187677688610638	0.8609917458717873	0.3813587922220587	0.5066078428786668	0.0871648532218143	-0.2697307312032147	0.49995293438806143	-0.6792453947470781	1.562020893732282	-0.6112558096843346	-0.4332714824484466	0.45809429303678756	-0.38291084457420516	-0.2347141039628323	-1.3863143026575875	-0.1536999218830009	-0.7936641505487642	0.7458931810816359	0.08763523518004182	0.5267970922952642
Br5310	-0.00911834	-0.0061162	0.00416281	0.0110249	0.0198127	6.5	0.0316041013954114	0.974717	1.0	1.0	0.0	0.0	1.0692212060529382	-0.7628321528429552	0.7489651976381597	0.8518122726950358	-1.528770284668362	0.3148985777365621	0.37528220318590083	-0.9935552574920057	-1.4210991734948157	-1.9555300726960605	1.5990440742390282	-0.5536786285492736	-0.28287013059101784	-0.03210546245918605	0.7320479968776872	0.6579372649902909	0.3998648609263027	0.6173093152222365	0.020823978820511527	2.261668620094729	-0.905874839230541	-0.23100721520212952	-0.06830284408783142	-0.274205156144937	0.15677260422700312	-0.07105935420652078	-0.7089093955159107	0.1568725706714141	0.6358655713041615	-0.26815115636407355
Br5314	-0.00743082	-0.00838273	-0.00756508	0.00543373	0.0153334	7.9	0.0224638411273922	0.974091	0.0	1.0	0.0	0.0	-0.16541606662924824	-1.5460528761484873	-0.7521989428069178	-0.8396160097705716	-0.31614638438870163	-0.16152065342093305	-0.824277703687831	-0.192620119851282	0.5276783702938904	-1.9342553214348803	0.17170154310531388	0.5820431123221922	-0.13962112101187701	0.4154207858921593	-1.5457243850932147	0.13717407503421292	1.145626437471126	1.17061528457123	0.6601061081295841	1.9284940056637625	1.2412686332237886	-1.449718237281591	-0.7662323705044343	0.4745003073754369	0.5939175910833473	0.8430487806055049	-0.49516388734002625	0.9686688767164432	1.0443636105226404	-0.279169386447725
Br5324	-0.00419164	0.00541449	-0.00378461	0.00412831	0.00149499	8.2	0.0374766996072956	0.975742	1.0	1.0	0.0	0.0	-0.768104717969467	-0.7099268278218573	0.21092184754326326	0.843947270045511	0.07531242016984065	0.6284869848610453	0.7858574052691591	0.16555175573361294	-0.8440309984893053	0.36046354653779117	-0.3785078868665375	-1.4669275961396337	-0.08182768489711449	0.9848423170441684	-0.6076362990057199	0.9519600157997304	-1.154540430883004	0.34260782193435685	-1.1662320657288705	0.8656574664232589	0.6661262326802257	-0.944797647223119	-0.47114272581982747	-0.15796267719161786	0.9539852163836408	-0.8729536066623621	-0.8180614400143303	0.04838265909574003	-0.5610193990906326	0.25411427068115255
Br5347	-0.00373826	-0.00988229	-0.00761035	0.00444092	0.0308073	7.8	0.0317204109836582	0.972846	0.0	1.0	0.0	0.0	-0.585492835518866	0.5809159064106839	1.0002143913048636	1.4630107864792394	-1.6790673531534892	-0.3078752850123253	1.1387479333169979	0.34021331999498355	0.06407389922079657	-0.19254885246068865	-0.47932193692608455	0.4298981767739781	0.7593312268299404	0.5632747974184372	1.6794628678162284	0.14067040044437462	0.08312928503555493	1.477270904572722	0.6845025739723455	-0.0861467791759491	-0.3588402025921819	1.0686252972345165	-0.362429892414331	-0.3982256421314024	0.9086336523659068	-0.6168424059879325	-0.7771011662043428	-0.13731289258274945	0.6023632489979045	0.27008555295917236
Br5348	-0.00542227	-0.00246813	-0.0082135	-0.00180481	-0.0133066	8.2	0.0204043086163834	0.976014	1.0	1.0	0.0	0.0	0.7509548711380534	0.8058842993746882	1.0025112840998658	-0.5623209053906227	0.8635175068599312	-0.6605869254165873	0.6695506321560687	0.43371748798707765	0.9065146737656536	-0.47612659234500593	1.0517571238819836	0.4428043585676057	0.2799926157837014	-0.057349239199399125	-0.2590752976050736	-0.23130541886090375	0.16579655121852505	-0.8647931576947577	-0.6699891618939682	0.7517143023576305	1.119815462955185	1.398011460067924	-1.2193235023529772	0.5260279724508682	-0.0905316597575329	0.23819347289115564	1.2847084260957973	-0.6364423278422208	-0.24920578491039733	-0.6057662209112067
Br5367	-0.00187496	0.00653114	-0.00756054	-0.0100819	0.0252652	7.4	0.0174923085939156	0.975441	0.0	1.0	0.0	0.0	0.3539861617196872	-0.8554511335104995	0.5332535470957463	-0.3696004505849518	-1.2161971457167429	0.4902048877732774	-0.6186831914074751	0.5096082178125768	-0.04706445603569347	0.1265646280853189	1.9242647261332604	0.9485370103708779	0.4495033655234375	0.5877763116680539	0.9916274694209399	-0.7786834472715308	0.9434274621270817	0.16897082852665588	-0.5320113991475208	0.3035537152993665	-1.036389607344526	0.28937775459667786	-0.2523415823862902	2.238999204660316	-0.31108833046594914	0.4561064328227576	-0.6620117891450659	0.1954299453186531	1.9102281132271062	-0.15118215602929075
Br5401	-0.0065711	-0.011053	0.00680565	-0.0177106	-0.118211	7.6	0.0260404822263535	0.979287	1.0	1.0	0.0	0.0	1.1089472405757235	-0.8870696049850247	1.104683148419233	1.6108756536620636	-0.033851415772518954	1.2215338535910218	-0.12082811982042034	-0.5331741919383642	0.18618381145950275	-1.5778307292234781	-0.40763426759328325	0.9743377660839189	-0.37400798397145096	-0.6294900628989925	1.2793305575493554	0.9933288623051488	0.02513765868619537	0.44684180401897106	1.4243606819550898	-0.048574878560144245	0.7324180286653956	-0.06097910586463805	0.09628938100493081	0.21714996790068267	-0.8994917657141728	-0.3435985788146667	-0.9717882233389974	-0.842166346340059	-0.5258727850339928	0.26017160935682476
Br5422	-0.0113965	-0.00500767	-0.00623657	0.0125496	0.0164112	8.0	0.0240562084609142	0.965787	1.0	1.0	0.0	0.0	0.44746974441440457	-0.6092365801216729	0.9396733572986593	2.0608660130396963	0.9106582231304766	0.10635216358439908	-0.19695485850966804	1.4312672123379826	0.9871381557777525	-0.5810480308800312	0.007819540369200427	0.258591688829577	0.4706259745765333	-1.0243736081861499	0.41953873189093016	0.31996569007284104	1.065456074119115	-0.6147609878604684	0.2584343991342179	1.2194353848428796	-0.21922360650524034	-0.4976023831491658	-1.3494911638729037	-0.6807733511710788	-0.07812930210775805	0.12316221085038472	1.0475644231753045	1.3391984201748648	-0.2737819255621722	-0.7905787054347061
Br5551	0.0431091	0.0927239	0.0182133	0.00727765	-0.00235777	6.6	0.0118832907689461	0.971973	1.0	1.0	0.0	0.0	0.21267290186094417	0.6696281438361232	-1.2166537811879965	0.8490637596940781	1.2601039599025732	0.6816457848629442	-1.8788155687618762	-1.8989789863969486	-1.6241529998171698	1.142949039467283	1.2057456555060744	2.273067064629863	0.053433974005820624	-1.2753364315359246	-0.8873635542787671	0.9968681726129995	-0.6005824586351297	-0.4628027244344868	1.513985894138378	1.932777050745942	2.13998897559502	-1.5306449592014006	-0.9989802505025632	0.9636115881353826	3.272436336743209	-0.9124993216225997	0.23718736650932112	-3.5279538976763845	-3.805436088479883	-0.8015155953910961
Br5584	-0.00548564	-0.00101843	-0.00294762	0.00199598	0.00161411	8.2	0.0104514961129478	0.962683	1.0	1.0	0.0	0.0	0.10011084695056455	1.075762737739451	0.1892011882615513	-0.8893428747905594	-0.3424854491319725	-0.7823947355245991	0.06566364854506722	-0.47731760337273277	-1.2380378041265456	-0.21509053224279084	-0.29421474670635905	-0.5995437498746532	-1.1096904348409793	-0.10783948219213484	-0.46580348243613234	1.2570547759809843	0.4403867802657873	-0.6218545413713039	-0.6007219408460674	0.5568684055218386	-1.020318573604036	0.23117096779151777	0.27217712248701637	1.4138103181358104	-0.6098680257010234	-0.7451334092913161	-0.46603937337287693	-0.2967964182506513	-0.8458438392428371	-0.5120975520639118
Br2083	-0.001656	-0.00876958	0.00767179	-0.00920676	-0.0963856	8.5	0.0232836202706103	0.971218	0.0	0.0	0.0	0.0	-0.3786622572317753	-0.06949372130073203	-0.6504958176232554	0.3494687916249342	0.36293930876184277	-0.021562597828376703	0.8722116025773972	-0.7658953807136086	-1.0630133999980433	0.3300846113544468	-0.36071580067239867	-0.34579194349503106	-0.8597569364095913	0.2378938790044575	-3.568279957664762	-0.41725388038835176	-0.9390061935205385	-1.1641877758307921	0.14458227264668758	-0.455133925654444	1.5582104185603507	0.5305126759546878	1.3579529583649366	-2.1309719574844865	-0.12834368629839416	0.6275113579114119	1.4492488959838363	0.6230257200545107	0.9660553414910098	-1.0156631711258148
Br5242	-0.00887558	0.00229011	-5.14457e-06	0.0062343	-1.38632e-05	7.9	0.0161295968451454	0.977577	1.0	1.0	0.0	0.0	-0.562121262279848	2.027600229705942	1.429587613899684	-0.2025437728607245	-0.19534898833816194	0.31262732394396525	-0.431465112120082	-1.3746369422863753	2.1856802817816283	-0.34849601225785004	0.017558365238722336	-0.3654415612712117	0.8607314054369676	-0.09586022372097261	1.0434510369962589	0.3323977996709559	-0.4371123701552905	0.7277784080831209	0.0994264878410523	0.3368455056710646	-0.3570547198965531	-0.7478247079733868	0.5116212343671014	0.7381406514733936	-1.366618769623538	0.5032161715857474	-0.08400422952424337	-2.0188029895299553	1.172516698066692	-2.304793204249566
Br5488	-0.0102517	-0.00780355	-0.00112645	0.00731254	0.00580727	8.3	0.0317129517618491	0.976412	1.0	0.0	0.0	1.0	-0.9453685657590439	1.362783791796918	-2.3561688109641614	-0.3387166083362006	-0.23914523588516257	0.006659511302536932	0.08814511922237402	1.2621761888375582	-0.6519137383178524	-0.9322622011726689	0.7624822269867138	0.944513732232277	1.2149225821392733	-0.5185971935264692	0.39476144353568915	-1.0796514836241948	-0.5346466507573996	1.5090533420325059	-0.5083206096182171	0.23449327895693287	-0.5788828320186484	-0.04794713603518068	-0.8228281833432953	-0.3542481959403066	-0.631821549569824	-1.2892671110807794	-0.49320851025384715	0.6914450422733931	1.7354480594796984	1.0080660695838823
Br5555	-0.0049328	-0.0151888	0.00291427	-0.013125	-0.0503261	7.2	0.0129887283573772	0.973739	1.0	1.0	0.0	0.0	0.7033338454625468	-0.7686973437404246	-0.6618669183082657	-2.0424934988386023	-0.9401139888868932	-0.8441496299456748	0.2096905677975289	0.6309607394838901	-0.7954343287265003	1.7756594184592465	1.5799276533490292	-1.6309277008799878	1.0641068519551866	-1.6901327257530907	-0.6888922004449997	0.5068695374069242	-0.7404661666621627	-0.25688139318173125	0.9203437435865673	-0.39144819187002944	-1.5145586264963078	-0.014944084625210605	0.5436433306987741	0.7019801299509936	-0.1946900818548163	-0.24266616291064955	-0.11693537931047727	-1.28294986860843	0.6138231325658517	-0.5889474854188994
Br5556	-0.00296118	-0.0158999	-0.0112818	-0.0111603	0.0223733	5.5	0.0182263651683166	0.97384	1.0	0.0	0.0	1.0	0.17833094269222494	2.1032749942537654	-1.135655567543173	-0.24246096212811552	-0.8171696553273793	0.23373972389400025	-0.5451743371249069	-0.8821270835150846	0.3036451254597825	1.8416274345895975	-1.2278020551706579	-1.1223690868778378	0.9551888318367122	0.006472485836647077	-2.026835714980493	-0.5459039706779562	0.6705392685198445	1.6828131047214594	-1.2324921059603242	-0.025094405041604022	1.1712360818781127	0.05269736124557923	1.0549843803571122	0.18012449931174743	-0.3280292911611666	2.2566616689228156	0.44218546012362464	-0.18383440191049896	0.04330786161656269	-1.1211637982912857
Br5590	-0.00381332	0.00260241	0.0079348	0.0033988	-0.0194897	8.1	0.0251443724196436	0.972464	0.0	0.0	0.0	1.0	0.30475272288678135	-0.021950994407089804	2.027353162725999	0.2185446317107886	0.5183842216906256	0.06387720021641438	0.0747678242818653	1.9139498284186864	1.0439693961936132	0.4658522894956616	-0.09621602189387227	-1.1988704454012948	-1.215521898203346	-0.7368159640767483	-0.6254424171545504	0.6852339526351632	0.01673146714426362	0.1909051742728796	-0.370904801487235	-0.14038417173661122	-0.707377679920434	0.25977839721176743	-0.32060722288843707	0.7758399126161533	1.4782788316126276	0.5226330957409046	0.42958297597932027	-0.2602727810015954	-0.8203343924683802	-0.5664053657613962
Br1327	-0.00668621	-0.00377471	-0.00357899	0.000435942	0.0100678	7.4	0.0303041131640447	0.979808	1.0	0.0	0.0	0.0	-1.9165379591296048	1.042679012188962	0.39069616124855744	0.38872077235287533	-0.43169475806097934	-0.01776015799011752	1.190141996489688	1.1438822604739147	-0.9767927429390842	-0.5966683661539844	1.291335758458861	-1.1826060975049832	-0.6191160392544556	0.5611003276824152	0.5776958562139274	0.20174893087523382	-1.3253488857075608	1.2760885972468043	-1.8528085441000708	0.47091276223137873	0.04012204250029463	0.32321850838676774	0.3426840888947704	0.13681768536856387	-0.732869590131688	0.7114010623932957	-1.4346618288003923	-0.9398923915972909	-0.6463271883176178	0.5609143369270573
Br1437	-0.0105237	-0.0156087	-0.000486415	-0.00118479	0.00960488	9.3	0.0339788646696814	0.971982	1.0	0.0	0.0	0.0	0.9018702194723224	-0.1878405900132558	1.3505518218691779	0.978672064648751	1.1057879802026027	0.5064295077463492	0.4880759609326126	-0.21879130686857545	0.01987946346839523	-1.8258950711326456	-1.0018963863249026	0.6642457975302929	-0.9398997834475576	-0.2781969699079417	0.032065006066013535	0.5436825241405265	1.190462543408196	-0.6673707691762837	1.1898113852537895	-0.6069714457100417	-1.3138754551426683	-0.5379586952894959	-1.7450537137199664	-0.546739507568385	0.16811328555249203	2.088808457454942	0.19691985951031796	-0.3465793949444853	0.6753601051302421	0.21474055663194316
Br1511	-0.00930053	-0.00539035	-0.00665477	0.00821405	0.00682369	9.3	0.0211411649027314	0.976686	0.0	0.0	0.0	0.0	1.1012594783330725	0.8639415282588869	1.6925855849020102	-0.6143838280258022	0.4381396429766294	0.010880913235493107	-0.15258099092938124	-1.337537791689031	-0.5747278244270547	-0.5468293228678663	0.11683464190951937	-0.8827886086730821	0.27021626861222925	-1.4017344349217256	-0.3793615022681525	0.19815557473706957	1.2909794203514282	0.06794663360241081	0.7898065425727705	-0.24128205645140705	-0.5107505501458915	-2.7208524733854778	0.4529303418904797	-0.1245859623961276	1.1296314542332213	-0.754880241577302	0.11090713017086533	0.38573023555394076	0.2908844415268688	-1.6090593464631724
Br1921	-0.00798339	-0.0102852	-0.00246252	6.83178e-05	0.0153066	8.8	0.0197005201762129	0.981328	1.0	0.0	0.0	0.0	2.248877522731664	1.1640153449423318	-0.4166603004875542	1.4797088629252608	0.6982251874412801	1.20241323871961	0.4804491961840648	0.7155035754056944	-0.9954254522433295	-0.15101237997104144	0.5279117532081655	1.3132599191073282	0.8538166586552284	0.6524273435072677	0.2246046995417048	-0.3227132539138541	-2.1532580469278066	-1.0446011949333363	-1.1909520203138273	-1.0154625117611757	-0.970013987857261	-1.0963695284611548	0.007577258218637695	-0.3624918404862391	-0.7742685847948716	-0.03374567173707757	-0.8520612659052278	-0.0013789723034957006	0.2672178283567229	0.799419915817645
Br1947	-0.00882801	-0.00546991	-0.00677018	0.00163796	0.000452898	7.0	0.0185236887334355	0.972949	0.0	0.0	0.0	0.0	1.3972993954267552	-1.277401538867405	-0.5174595499489798	0.5816717538745696	-1.9027581064954808	-0.10446004137131983	-0.488267520921528	-0.5483909480430275	-0.4253769744313098	-0.6922833530564041	-1.040178772268333	-1.1881471067914975	-1.7017158055620332	-3.741434443002903	2.061733421510964	-1.4480291650471997	-0.2670854453722715	-1.0073641167634113	-2.8467728214307297	-0.3324049648840942	2.388552523617559	0.9829214285038094	-1.713579226909491	-1.1808002683362218	-2.7602087110692337	-3.4705618580109694	0.8128958866597918	-1.4247241938187736	-0.043562831664710686	1.4699340221052601
Br1984	-0.00770842	-0.00972272	-0.00365808	0.00654048	0.0351091	8.7	0.0287378684217733	0.966461	1.0	0.0	0.0	0.0	3.318792170978292	0.8451453276789934	-0.17372710645026296	0.5238481197160063	0.584861574568587	0.2204672769855266	-1.9110400966155914	0.9689747524169043	2.1719904219427844	-0.04552246291941982	0.7526393913721791	0.5216699993795465	-0.639982957450946	0.08546443208886867	-1.1466628917490498	1.4281403505693326	-2.0525493171782028	0.29944864531042054	-1.0096656237992367	1.190543615519349	-0.9285407546167841	0.8595500880849305	-0.6035877270208734	-0.12525185512672257	-1.0691009319044047	-1.1529296392268393	-0.2753947477962938	1.8667773640722323	-1.391238577703703	0.7731943609809863
Br1992	-0.00114964	0.000966583	0.00692812	-0.00562876	-0.0869816	9.3	0.0288564932804741	0.969256	1.0	0.0	0.0	0.0	1.730254983480606	1.5682417127048667	-0.4365106026785678	-1.6835882055835372	2.258836562395051	-0.17340224047754743	-0.6817749147716223	0.3783346788495557	-1.9679945203540654	4.217223818285718	-3.9952224212440672	-0.29191533410012327	-2.6575017407112527	3.0670296808306903	5.4425726215818635	-7.065452788828879	1.0845366257275268	1.3843324259048653	1.7247083884024432	4.999205126908887	-1.2330384453085694	0.001323802596344674	0.6597071635562567	0.6734955536304347	1.278096831636434	-0.6058371959377197	-0.919028736871694	1.5374613551731315	-0.9020668923017078	-0.07140882429385821
Br2022	-0.00940125	-0.0023581	-0.00475114	-0.000219121	-0.0022195	10.0	0.023149541392298	0.976476	1.0	0.0	0.0	0.0	1.0530339745876613	0.05314988533847489	-0.28368811379032927	-1.6288235848186337	0.9063080716188587	0.31554584086759857	-0.6496376521850802	-0.09866102774350373	-0.1204044922597191	-0.6574577701248532	-0.4385494353802657	-0.4442594336294748	0.31118324503893086	1.173420791006057	-0.6490877201081259	0.11204969851257737	1.606505218856958	-0.16068752223288008	-0.058552214522195854	-1.4982868198110113	1.3520466630139651	-0.22328400488529807	1.0156370226660272	-1.4913242496484336	0.9161805840058672	0.020326682276757217	-0.8291409321879357	-1.501864477414417	-1.9785584066049364	-1.1526924127731106
Br2269	-0.0026478	-0.0148534	-0.00225131	0.00326183	0.0163224	8.5	0.0326944246625524	0.976181	1.0	0.0	0.0	0.0	0.7622348405796282	-0.15628173752656324	-1.0996665158875891	0.4131302372560412	-0.8103978326538187	-1.8709613427094958	0.7941969842551844	-1.1040991433730392	0.6263836840562683	0.4744372611516205	-0.924788956825228	2.3992444415634715	-0.12100093751380311	-0.6514593861442942	0.0018874736747194166	0.46676127192053546	0.7618652709929248	-0.316404559030845	-0.44311479158283174	-0.44589708272938305	0.5072611758690406	-1.1685234096568093	1.094583499135104	-0.0779504459526195	0.7276529960103142	1.7797369891137202	0.025752695800536202	1.218364228849376	-0.37640183279918626	0.8945873500484637
Br1414	-0.0111812	-0.00926604	0.000286903	0.000910485	0.000208482	8.2	0.0363825713790228	0.977777	1.0	0.0	0.0	0.0	-1.1526011471221769	1.2534196568828584	-2.5693658123011325	0.7053552820625981	-1.6646651928617195	0.4588872048912653	-0.36985826665920224	-1.99434434537922	2.7896277582227342	0.023195530214555005	1.075658371958661	0.3702909989542639	-1.1442793325720264	-0.6876986878819796	0.2819150499396915	1.668137399263927	-1.0533647099278156	2.9420353053678827	0.4983531953250818	1.2732313956948682	-0.2511293269900149	1.432687157896166	1.8420189475201536	2.4581210214746667	-1.622978819960168	-0.5759700259515051	1.794952613617343	-0.7685586644872834	-0.992743304117132	-0.8921263547321489
Br1677	0.00169106	0.00513867	-0.00614882	-0.0014085	-0.0209995	7.6	0.0399803373900182	0.97546	1.0	0.0	0.0	0.0	-1.426822137651706	0.6570011040614148	0.9195961200135085	1.446925813752135	-1.6203448855660179	-0.9706867068715588	-0.9271922010951593	-0.951407355660429	0.5945126477048785	-0.5000631357295157	-0.2667661167312064	0.7064230976798571	0.565922548077073	-0.8089963364187552	0.01313383294581268	-1.3092613603784014	-1.9453496373523735	-0.44934841414252547	1.0781088374058931	0.24242820761071696	1.7658193244745626	-0.7920142999167639	0.626933626942824	0.19392937924185943	-0.37024534364998296	1.911338229510694	0.4141760763023168	-1.5136018297331564	5.026160666867935	-0.5248750246897446
Br1724	-0.0078007	-0.0101066	-0.00583731	0.00332635	0.0124512	7.5	0.0363282127429381	0.974383	1.0	0.0	0.0	0.0	-0.1261640314274541	0.012905262754413739	-0.6857480961841612	-0.8414251515495889	-0.9750144321957662	-1.5011951675734343	0.7587890504199027	0.6289676578290163	-0.980547469081046	0.34069306823394707	0.7525733361066603	-0.4798722203458509	-0.5668144270890613	1.2015598491658213	-1.9930193347287941	-0.08123672154794694	0.32473205423360585	-1.0059241792712545	-0.40467996481326896	0.07245737295367298	0.16038706255174592	0.6214682066373767	0.05705050763884007	-0.833065255145074	0.5030884787794471	-1.2787129837871716	-0.1472555856221279	-0.1591681183133689	-0.3539390729868166	-0.7087608924574853
Br1734	-0.0042677	0.00160152	-0.0034536	0.0150514	-0.00639038	8.1	0.0267323411428082	0.971246	1.0	0.0	0.0	0.0	-0.10200472210753347	1.314143072489435	-0.021173654378940265	0.3265932265703887	0.12766582238242322	0.11256650306189774	0.4598764438398154	2.3055365167674147	-0.475156049275093	0.20985295850531804	0.934411452568863	-0.8710095239986003	0.4348962250604159	-0.05034627320054288	-0.4493193408408041	0.07836716498231945	-0.4808374895581481	-0.8100942167744327	-0.5620787351960461	-0.38290409677368725	-1.1781424717120443	-1.100691027723335	0.44939349550827457	-0.7512840629110165	0.13544102230422317	-0.01619909517401125	-0.5251990821349017	-0.9125849709505814	-0.36543912987208593	0.13567247750137162
Br1760	-0.0013661	-0.00596315	-0.00341569	-0.00278858	0.00185208	8.0	0.0192418573153233	0.971479	1.0	0.0	0.0	0.0	-1.352383794206741	0.3665150008453764	-0.9954049034507676	-0.6536082776849922	-0.22021688743766557	1.8830477754000607	1.0059934347610686	-3.187458008892188	-0.26710592670937	1.813977806884014	0.9572643862225366	-0.9692749329022291	1.884238693700107	-1.097083701683992	0.2089545651559299	1.5382964210714178	2.9539107099064124	-0.05035597508290287	-0.9398429320504309	0.5422323618150356	-2.0834020647602873	0.7933932434814638	-1.177820989334917	0.2020256277753924	1.656431606200003	0.6253242246292877	-0.699375951836522	1.5596935635449498	-0.4804592406127143	0.7861963734206061
Br1931	-0.00481685	-0.0100042	0.000674386	0.00551011	0.00725144	8.3	0.031470427451338	0.973146	1.0	0.0	0.0	0.0	-1.4894687349681093	0.7925346121082081	-0.856263942099492	-0.24692729577378106	-0.5200953903312852	1.2273900433691192	-0.07275430652709344	-1.533355708571005	0.6844065251878652	-1.8423771251260914	1.7929964026863523	-1.4361934237005198	-0.1584720609408027	0.581995090316032	-0.5090399807591875	-2.9015952082408343	-0.6294360116270308	-0.6469537998748583	1.9917860585690288	-0.5802728415922215	1.8632200101643797	-0.17968640911363165	-1.256879885343636	0.9942090302191176	-3.5147888022156724	-1.1053199059561456	-0.43170614256065765	2.285674238888564	-1.1279901287004086	-0.1399803352912554
Br1163	0.0420095	0.115533	0.015873	0.00240594	0.0166239	9.0	0.0225589997237963	0.973096	0.0	0.0	0.0	0.0	-0.43191981925942763	1.7886260925526476	0.26960644017118063	-0.8327205902558342	-0.28774531989898017	1.237488699101045	0.1873502722641414	-1.112653544481289	1.5470222665777247	0.5284570546884066	0.9955938370710065	0.07823124690736061	0.5552384149201526	1.9041742148071767	-0.52803206823733	0.8659176300186461	0.7412783474462482	1.8142140866373446	0.6307301544740381	-0.6995004116743977	-0.990575171820694	-0.22426363688864995	1.4090761425538076	0.9706968774982812	-0.8744400831645811	-0.35315653155904825	0.46676815473310485	1.4960464734403416	-0.6162100614780298	-2.8162329777531774
Br1415	-0.00464775	-0.0089272	3.06396e-05	0.00244044	-0.00203754	8.0	0.021901180690757	0.973794	1.0	0.0	0.0	0.0	1.413155592756057	0.018925463994524695	0.735542929036507	-0.25787184700836707	0.21975795093544098	1.5008297482133708	-0.12008587976076057	0.9436888250765947	1.0543449669288327	-0.9900917583328231	0.6457453884238493	0.2851270634807397	1.0925689121420792	0.8899697165051267	0.22563128526485696	-0.47852924699912847	-0.2858065672259616	0.16838611935059508	-0.6226125045152239	-0.43194078575159617	0.22171542754813772	-0.42338939830156797	-1.080033142086498	0.6022767073891806	0.37630604809941626	-0.026500017016388655	-0.5434193221633443	-0.678062380275557	0.24768825156180943	1.7130465205814815
Br1430	0.038204	0.115944	0.0112917	-0.000352265	0.00714904	6.8	0.0294967432282799	0.973923	0.0	0.0	0.0	0.0	1.8996081479087965	-0.5160882259309794	-0.12790602586088456	-2.1726056246859984	0.19343472731747552	-2.312229441595052	-0.18870381485345958	0.13980890231765952	0.002769404992176056	-0.35954943408596163	0.9707026992839993	-1.1826230065107537	-0.05841832652476119	-3.5362689333818653	-1.457654441297396	-1.1556048393986589	-2.2296398944093947	1.6145934458455087	-0.33508336567105823	1.2411180258666576	-1.1458466763444837	-0.37747677744849	-2.211973022830466	-0.23217099129413046	1.514087581206869	1.7044589226375584	0.43049544094915415	-1.8535997172905831	-0.15384596904095157	-0.1794061723140821
Br1454	-0.0029909	-0.00472967	0.000894827	0.0020335	-0.0129067	8.1	0.0105827992349344	0.976825	0.0	0.0	0.0	0.0	-0.9498454793091955	-1.5561826779375247	-0.393238195912619	0.480078923842057	1.268446558836994	0.20239903517250543	-2.2306842482914337	1.3096982681454827	0.14583409734674588	1.3197154807458282	-0.2956109012292413	1.3408673129830233	1.8894715266320714	-0.9323623884202177	0.209661723276794	-0.46107613011944965	0.17011731578704836	0.8828849038999039	-0.5666016456588039	0.8811453296335575	1.299870643859701	2.2927454119549027	-3.248319484049059	2.76970133926131	2.8599079460463863	2.92680641776731	1.24396982276167	0.8400632477879509	-0.04737799674942997	1.5454104028175906
Br1554	-0.00749336	-0.00755491	-0.00176251	-0.00233461	0.0127768	7.4	0.0219014782774545	0.975241	0.0	0.0	0.0	0.0	0.7704171352986088	0.01784120556370891	0.393757349699587	0.6007324222555386	1.217640950806279	-1.7151814176194635	1.7795578896138684	-1.2576872696129255	-0.5400071094660415	0.8707458593466796	1.8012552899187955	1.255727770547326	2.0828993930627693	-1.2252917117369875	0.5962836316357426	0.751938198784924	2.0480274824111073	2.1082920721161	-0.5479400617907739	0.4909705748338601	-0.9475031486159403	-0.3778420645582407	-0.3247207788766016	-1.6682254569075317	-0.6627381520782643	2.203426290826848	0.9266962443629717	-0.03150248904606145	-0.1681314115755417	0.4668046225678246
Br1562	-0.0100543	0.00545536	-0.00467121	0.00515559	0.00189031	8.1	0.0162450204439284	0.973885	1.0	0.0	0.0	0.0	-0.19494478671915275	-1.1937583777352523	0.8873083281176498	0.4034510076579655	1.36154264698382	-1.434603806412096	-1.6636162764858684	-0.0016066898855815973	-0.12212542411980282	-0.7203908230290529	-2.135012799584017	-0.017954278766171332	1.2559531746935297	-1.4045802882745089	-1.012559275836869	-0.2200522578937118	0.5826862541323097	0.2678711340197025	0.8832642463975207	-1.1110059266486259	-0.39955764239165353	0.7246422121154898	0.5925828447061764	0.9522447710479767	-1.3287749770566333	-0.4195167819521099	-0.25829254822700826	0.5966297791693389	0.2844176487473532	-1.215119512432796
Br1630	-0.00308798	0.00120524	-0.00937656	-0.00141434	0.0193788	7.7	0.0252221823685224	0.972939	1.0	0.0	0.0	0.0	0.6181842704347571	-1.8551022243762072	-0.38160645601102755	-0.5797096821316823	0.08879057784884335	0.46300114083079225	0.1323723370183795	1.0496227683900006	-0.18548222068570414	-0.7435400755795674	0.1880148617820073	-0.02140978843911396	0.5883949912854919	0.5475480103737386	-1.3250982531138673	-0.9260287848519746	1.3993039954621294	-1.0811832459740136	-0.7149580920114178	0.34801464114789604	0.9547488971375035	-0.6799546182428836	-2.0259672439519667	-0.06283466037317048	0.008756663408032578	-0.23176618056985013	0.20873592959414813	-0.6353794617780313	1.4622728888537209	-0.09995881763736292
Br1713	0.0089446	0.0281396	0.00357264	-0.000480535	0.0245463	7.7	0.0171508618380062	0.972272	1.0	0.0	0.0	0.0	-1.7347493782982872	0.12044878704740969	-1.002274270726435	1.237218007604142	-1.1243636472289746	-1.1191218070166835	-1.3120651017802487	1.6689957857917743	-1.1604808533987252	0.5062694583057337	0.7485263327421475	0.8770686916801524	0.19791286206875175	-1.1236545305107108	0.6797897132052882	-0.14212274907341593	0.09259111579445103	-1.9492124128459871	0.6850152878444404	0.40718000756782924	-0.6454816378177045	0.1958759200734255	0.6028703464640714	-0.5347925382695332	-0.3867733930893221	0.9555293218802815	-0.10956002496337201	-0.15334594511921942	-0.3668465485827614	0.7113928817327384
Br1744	-0.00702521	-0.00770401	-0.000211529	0.0104929	0.00930632	6.9	0.0269013626733963	0.970989	0.0	0.0	0.0	0.0	-0.13558313696309968	-0.7302634021885053	1.0812685446599692	2.0778671592209608	-1.5083347562274751	-0.40416533372874003	-0.5992342752114865	-0.23545555600184742	1.4803351976353663	1.912769306222443	0.3970393780076093	1.9459430393932737	-2.8028652270387138	1.486630362248461	-0.5010776027789475	1.0136690224475347	-0.7151998707844791	1.0149610608139512	-1.0979328456163224	-0.41799095003760633	0.2487099078886098	-1.0333635409896682	-0.7674764133630154	1.0715681282788898	0.4967473946853672	-1.872070273466476	-1.5178079536590572	-0.8143573626108385	3.1475149466646335	-0.6791401058520664
Br1752	-0.00927998	-0.00249877	-0.00146322	0.0141948	0.0172328	7.7	0.031382930980688	0.977348	0.0	0.0	0.0	0.0	0.6651847388479915	-0.19093928417714448	-0.22675853932194792	0.2988836153665344	0.13421277074205637	0.0743704356186077	1.0443814643621843	-0.46784364438520915	0.18857990568075053	-1.2404011188760127	-0.42943794589930434	0.6956799725745478	-0.27011354919134967	-0.7774503892179901	0.684204610159616	0.24614280797177274	0.12622823803203656	0.7173950880864883	-1.1254739396410507	-0.08172584524687408	1.2641446147919373	0.19405541864210374	1.9167121889290144	0.700686044675483	1.115482869331695	-0.9498420526293108	1.3706033901177794	-1.704022363309226	0.004926425089274822	1.1443569432900775
Br1821	-0.00316878	-0.00525088	-0.00371781	0.0200642	0.0069702	7.6	0.0256493085613847	0.978844	1.0	0.0	0.0	0.0	-1.2561240276939976	-0.026370368614248598	0.0692913316030885	0.7261618094827601	-0.4188161148622126	-1.0098796945334272	-0.27747295791037413	0.49767350536810073	-0.7559955751747773	-0.2600739922494617	-1.2027471852485963	-0.30922459589212103	-1.2044886116909972	0.7901340529049783	-0.28404952838634295	1.143706368622568	-1.4652653122828603	-0.5374011799955033	1.0001966019033148	-0.46182080958408206	-0.446320563612326	-0.861741766788264	-0.13567073413219438	-2.0506086259526555	-0.8243372477020098	1.6884634200194024	0.9429464459828679	0.584312885610684	-1.5334455108303713	0.4989925465092736
Br1896	-0.00317228	-0.00300211	-0.00263924	-0.00984359	-0.0222375	7.4	0.0143507975351324	0.966689	1.0	0.0	0.0	0.0	-0.5425973023591406	-1.3543136673441452	1.0136345317305573	-0.205194193389363	0.2009564319259431	1.6626906719476098	0.35958908366030873	-0.8901478362209712	-0.03671119220554768	0.12453215625578541	-0.5391342870523443	0.03193913271742613	0.5409952998793467	-0.33438612832846076	-0.40332906125462964	0.3205642705290932	1.1311730499434944	-1.8758699652387314	0.46471043173772775	-1.302905060649089	-0.893261065514203	-1.3476887418897499	2.990673379103575	0.7785818195323981	0.5070554657473954	-1.474576076902883	0.4476329114692946	0.44930761282782355	1.1018725779600773	-1.103823773216654
Br1901	-0.00821188	-0.00169267	0.0014976	0.00529704	-0.0195794	7.1	0.0156731985669762	0.972857	1.0	0.0	0.0	0.0	-1.5887168246821617	-0.26161468410943206	-0.6749648902730251	2.251824228764215	-0.018440337202457607	1.3028395015947416	2.660041600957538	-1.5112189944655723	-0.52337646059212	2.2079251759255687	1.4617002324987378	-0.8759898574422703	-1.4974001398402372	-1.5265462538213448	-0.9843605338693964	1.3249124868771327	2.6650532164540994	-0.07648022471760094	1.0942586289553216	2.271827232629653	1.216625501542955	2.2272577074608995	-0.2918993512360737	0.772732833944455	1.3710157452817848	1.3514944551069648	-1.5171903785304661	1.4093046776079419	0.28837871756093775	-0.6739865495334341
Br1404	-0.00722666	0.00106864	0.000423907	0.00162351	0.000398534	7.1	0.0154015721326609	0.97592	1.0	0.0	0.0	0.0	0.3110863854130919	0.35783248720274535	-0.2315446418196533	-0.4386736357726819	0.2805418948920672	-0.3801477736135934	-0.2679121917197422	0.9164343780096976	-1.4627242127740137	-0.5205637968468033	0.16531489994721077	-0.08113149156826363	0.380169826405218	-1.190006925530029	0.38497755181431	1.0773849027885427	-0.6407407452403344	0.17485111981916424	1.5256286832850374	0.4207121239314037	-0.8734178282975619	0.36812495631716574	-0.22036294497007447	0.2603541283070106	-0.20228069648843494	-0.18965295481104566	-0.2233871075292705	0.8974178974130614	1.7782347771365814	-0.0011945991604086145
Br1651	-0.0100395	-0.00783358	0.00069606	0.00733177	0.0617946	6.7	0.0360430820405558	0.972797	0.0	0.0	0.0	0.0	0.3148356732981428	-0.15725614025733267	0.14355929103532014	-0.8636873225778491	-0.8271585839563226	-1.8133520306854245	0.705760054603992	0.5692347036265194	-1.065015122010774	0.2187257599146719	-0.26396469580687065	-0.8427994970874122	0.36092388931238106	0.15601989436765185	0.4532991448942214	1.8541434496768885	-1.3029730564093671	-0.1460124868195088	1.0148718127651322	1.45205402775044	0.21055586486532119	-0.8108455694671783	0.551647799366224	1.1897099547203367	0.9422984360473405	-0.9466136572706094	-1.7016846399055943	-0.31532769190477095	0.872681953267775	-0.44753079392309425
Br2040	-0.00847021	-0.00280455	0.00381544	-0.0111166	-0.0476968	7.4	0.0203920548395025	0.979811	0.0	0.0	0.0	0.0	-0.43633933584587264	-1.5155407375810224	-0.28530375254188256	-0.6235592325583253	0.8405342019410028	0.5169900699986354	1.327879692492014	0.021304899895387357	-0.8923538837206659	-0.3659685804033185	-0.8123208177072982	-0.8230352436349113	1.0451024551514934	2.5779426479761276	-0.15474741537787132	0.3159770185611238	0.06734402189142767	1.3949738205118338	-1.9840841186347598	-1.046726294348623	0.6927535532844148	0.817147125644119	-0.1803417506338372	-0.5481884571725547	-0.0951904745001098	-0.18669896227161759	1.3649209413801833	-1.7001674531313886	-0.45597228097843767	-1.4390913712641897
Br2071	0.0418496	0.119187	0.0261203	0.00993437	0.00128273	6.5	0.0137812447170199	0.968583	0.0	0.0	0.0	0.0	0.519885361567916	-1.0759225056400061	-0.06320345810206288	0.35820731008042134	-2.748718631208317	1.4397234800577468	-1.0608146617123837	1.301050377167077	0.6403591494450267	-1.3266155660682137	-0.041222732954587823	-1.034734758938527	0.8975794347658096	-0.7564319244422255	1.515639124220997	-1.0087087352575128	2.050137071871431	-0.8083517338907266	-0.9522166238256566	-1.8150824813737496	0.22812843879813455	-0.7497111935005437	1.6169700950729664	0.2703617872517914	0.8413388008193369	-1.5316524338847746	-0.5935695349823993	-0.5135568204978948	-0.9308393902369888	1.2454624420038223
Br2078	-0.00526246	-0.0103922	0.000519496	-3.65243e-05	0.00993206	7.3	0.0325870400374449	0.969757	0.0	0.0	0.0	0.0	-0.9014914872131207	-0.43191546138500386	1.4653042409407986	0.6307687579014671	-0.5035642496276277	0.2477648241505165	1.1731503648818113	-0.693642301474561	-0.42499791819828214	-0.9232132734693806	-0.5405921261719604	-0.37833673086804703	0.545236116501085	2.052482094857718	0.07359525570241562	-0.3614027174263554	0.4342878414395029	0.5290652091974255	-0.4111648119503537	-1.6513180664034046	-0.017896089133789844	0.7254341531750548	1.3410477170080062	-0.6657891593989745	0.7293667105161376	0.022965584936354796	0.45280290893659364	-0.3809452623940342	0.6281127352380241	-0.450055549139436
Br2262	-0.00928545	-0.00779255	-0.00389527	0.00779588	-0.002314	7.1	0.0290049817369955	0.977305	0.0	0.0	0.0	0.0	-0.7587070769590831	-0.37564144874019734	0.39589909691367703	-1.6999817319105508	1.3187437502023478	-0.5208925600866978	-1.3560134561710213	-0.3367250041514609	0.5315533535936394	-2.2866132501786307	-0.6264874865619938	0.5146300973821164	-0.21012330275928542	-0.7818621770461435	0.7892221310608105	0.49521381201328313	1.2122111151476755	-1.335422392166216	0.0645519231887229	-0.06123766899187246	-0.10761727115313036	-0.6275596475474334	-0.7635790315875763	0.3484020692840988	1.0467740324234336	-0.5534463673679931	1.1602333630164168	1.6448297739285138	-0.9140566584436531	0.40103359305005554
Br2272	0.01617	0.0563593	0.00144342	-0.00775495	0.00574323	7.4	0.0193549061589467	0.973853	0.0	0.0	0.0	0.0	-1.1523378806908018	0.7470544089131117	-0.4575128465070551	-0.37182384228455617	0.022658498005722668	0.5522836250835712	0.0926621105830477	1.3967873080808988	3.764640489296299	0.42825680289296414	-0.5126501736442507	0.5772768872563335	-0.08559525040044681	0.301137442542587	0.27769930519518854	1.2628779529348333	-2.071146072522358	0.7794161610223139	2.2449770549096466	0.5790073864400114	-0.6071173591866469	0.782475383012182	-1.1123724185682349	-0.24452000492938214	-0.9862494903128222	-2.5943966935838065	-0.4070234181053202	0.6525128412032415	-1.8185641316545005	1.1341775256639912
Br2294	-0.0105158	-0.0126601	-0.00618993	0.0133616	0.043846	7.6	0.0199878313358932	0.972232	1.0	0.0	0.0	0.0	0.13285473535822792	0.6815238708861879	0.8889771760925876	-1.717498800112674	1.02659216761097	0.34171439271781723	-0.31816756027213033	-0.5356627563289714	-1.9891254323176026	-0.18148501117311763	-0.23323407706873486	-0.4576719650371426	-0.3730328639695818	1.3789950088945855	1.112906839064548	1.2085510170616782	-1.787061608672429	-0.4849144577192157	-0.35342961760333097	-0.7056893450446938	-0.242613241119569	-0.555514905050754	-1.1470051249721298	-0.6453605114748135	-0.017963630807034888	1.1710825870738832	-0.03237615135684308	0.3464830022669543	0.52947134028796	0.10339141514147679
Br2309	-0.0103272	-0.0109851	-0.00701402	0.00711947	0.0307375	7.4	0.027787389653148	0.974565	1.0	0.0	0.0	0.0	-0.6213546757874429	-0.35961178546760847	-0.7094880774513647	-0.312344799017226	1.1396209789393978	0.7176871990582266	1.277089696452013	2.0523562423409065	0.33649199579837374	-0.46287295643452936	-0.8545663215650995	-0.7237684626487861	0.5015854697623204	1.1298856579531007	-0.32620366632391407	0.16668138760134626	0.3977787757625967	-0.7453684926611545	-0.11934614248441443	-0.4300370563215396	-0.7453640973871705	0.6731915937583999	0.9883802571247732	-1.06391337868296	0.009080897039842063	0.041576847054346645	-0.8013324904858272	-1.4684501873889515	-2.5404408423502187	-0.8881584719212415
Br0922	5.32662e-05	-0.0108955	0.00516521	-0.0139156	-0.131564	6.5	0.0350217846881201	0.972113	1.0	1.0	0.0	0.0	1.1061203401115287	-2.3442952196160776	0.16971690884658105	-0.6005240061863321	-0.08564680900424658	0.09229506679276768	0.5209322812408524	0.2255194637453834	1.1527841412308617	-0.3038096261413835	-0.4635912007715478	-1.3803373179888718	-0.3454693439437689	-2.378347130268388	0.3651623965434508	0.09199729880723681	-0.7279884031887561	1.1329088126644615	-0.42055422913911766	-0.06327173333025533	-1.1501292317012204	-0.9486272156162454	-1.1064990055057806	0.6275933794153639	-0.7069579337705085	1.6553608183981516	-0.16888533917177684	-0.26315029469346257	-0.21096199719969028	-1.4691837875001097
Br1016	-0.00206243	0.0162247	0.00450021	0.0101257	-0.011593	7.7	0.0279175813724336	0.973196	1.0	0.0	0.0	1.0	-1.5617800245200983	-0.21335285696192344	-0.7366139449392743	-0.87845920081787	-0.13776868901630052	-0.3892463502506136	-0.9936631903679497	1.3741189941092868	-0.41251612964929313	0.9710040544129389	0.48197720270733163	-1.0388105513950547	0.14900201378045427	-0.9574978705102063	-1.5247478497314397	-0.5731511602936096	0.3309667146749074	-1.0309940999912075	-0.38680599619295153	-0.5953477064344429	-0.1569328620163725	0.03986745408275787	1.307292622223436	-1.0426319982421928	-0.10915861453959397	-0.7632634553426485	-0.4280948857083313	1.1394727917489909	0.5094298067151412	-0.6253917866958668
Br1092	-0.00101845	-0.00249987	0.00521082	-0.0134645	-0.124691	8.4	0.0230578332255185	0.968854	1.0	1.0	0.0	0.0	-0.3187537945618983	2.3973047879357012	0.4414064944897739	-1.7306439785629177	1.2365509563932975	-0.620450382578895	-0.7634903994239763	-1.4598420718535197	-0.8134555214372416	-1.3870402727132103	0.3166029798725529	0.4142425073229002	-1.418294148580871	-0.3267320913855836	0.7908050410701238	1.4170848861812166	-0.531708732945623	-0.7985940053365969	-2.753214102803168	-0.5276102238967693	-0.05408042456060277	-1.3776462317890752	-1.311234993623828	0.2810960424402969	-0.2419458899339372	-0.5381307541297138	-0.3892851142139043	-1.4804754708666767	-0.03205498723465116	-0.75300380671245
Br1093	-0.00484183	-0.00142095	-0.00741066	0.00307332	-0.0176664	8.1	0.029768420402535	0.97046	0.0	0.0	0.0	1.0	1.768306537619261	-0.3923142408377067	1.0436905271368047	-0.26343241051097993	-0.24864514116748285	-0.4522094155074577	0.43706929219665897	-0.44539310233569096	-0.7304157121140085	-1.2640486371787207	0.15491490161216726	0.9503156137697771	1.1978171362995136	-0.7086643830170204	-0.08080174266798053	0.004407934603205729	-0.8061370134808401	-0.7244653624182286	1.166580213117386	0.6048502679845593	-2.108740211476606	-0.34148986765240874	2.06851474261575	-0.4235138313616848	-0.15360003883893245	-0.8770207759681792	-0.5994009786909259	-0.08637724035472194	-1.2141663746103377	-0.058229818843756886
Br1109	-0.00444423	-0.00295523	-0.00450761	0.00694746	0.00269267	8.1	0.0294802193784949	0.972455	0.0	1.0	0.0	0.0	0.2113521107390691	0.050170590458577136	1.6531454388805262	-1.29503558373474	0.1999588036418099	-0.6343471034597753	-0.317027933712097	-0.3932883714235431	-0.46486899068306864	0.0588497625011419	0.38650167414520165	-0.6721040582468466	0.05469624946826227	0.34838507262523116	-0.47877709874597785	0.4375591140291561	0.5293198610140674	-0.5117323081736523	0.4963922393206164	-0.29093930005020613	-0.8040757807749662	1.1571352955120426	-1.1792368908243436	0.042687180526911825	0.8048256615990418	-0.675652410943642	0.6691688440657669	-0.17874811462569554	-0.7834915892954897	0.30884329747674555
Br1113	0.028523	0.000140697	-0.0189991	0.00473655	0.0310797	8.6	0.0139148641377606	0.970804	0.0	1.0	0.0	0.0	-1.5367356349028543	-0.7558539366695237	0.4401849504772409	-0.27064743164891064	-1.3225156022837985	0.04498696003671763	-1.1498220759098474	-0.2339150916351485	-0.9329864232651884	-0.9406763598334645	-2.0963058129072336	0.8161290591223136	0.30821024357746896	0.2953838568102221	-0.29462139860141023	0.2963068597740646	0.6104115789305725	-0.4222065416740123	0.12988959490417393	0.5973374420768318	-0.33448075558290574	0.07041697390199533	0.6408039811533384	-0.16419722433372927	0.31314996886620533	-1.8006867067216765	0.8574031668366168	0.026713673284717604	0.01863738495340393	0.03812303889664853
Br1189	-0.0107659	-0.00656366	-0.00539765	-0.00768026	0.0389038	8.4	0.0242527660854912	0.964594	0.0	0.0	0.0	1.0	-0.7529454792727729	-0.07358919085352403	0.6227954378162113	-0.470352206347681	1.26794161429302	0.6843617222863518	-0.11237134476091808	-0.662274671945586	0.5896648497011745	-1.1615269322007842	-1.424337418104973	1.345275896544422	-0.00543737263742905	-0.5134730557448485	0.0815375253131183	-1.3571775916225406	-0.036464419152759914	-0.34805056386438077	0.6394388135097542	-0.8705402759971177	-0.28083995149620394	-0.8940227688854969	0.4670340950386802	0.2454361286968657	2.0497718290685416	1.5985858892923486	-0.071595309513976	-0.20708370161455522	-0.8518323317936499	-0.1765109404697941
Br1203	-0.0070475	-0.0086062	-0.00220672	0.00115064	-0.00315698	8.6	0.0309435050996425	0.974874	1.0	0.0	0.0	1.0	-0.9979592074088441	-0.19074991444871797	-0.14344625843185022	-0.9895140926727519	0.9788911762934673	0.4657254241285282	-1.1422043243404023	0.5315676094776183	-0.5469850851191619	0.735943860517116	0.4124225746143604	0.4211897079095422	-1.3039279479579327	-0.23989357657804516	-0.50517420746581	0.7603038396226101	-0.33748442693532216	-0.4383217320233955	-0.943381369152012	-0.4387820761986279	0.7539376464468801	0.6667596093192841	0.24751993786907497	1.216516507403755	-1.3462185496127779	0.12352565608645132	0.7334472776590679	-0.839836596402454	0.17996845331787115	0.14391478587210998
Br1204	-0.00654461	-0.00146344	-0.00294056	0.00556689	0.0189882	9.1	0.0321848998657004	0.97365	1.0	1.0	0.0	0.0	-1.1374936227992003	-0.13554733769028696	1.8300764876715563	0.45054439871590257	0.9910903472576702	-0.5423758052761258	-1.618986101513592	-0.46860295304371385	-0.5957065522314097	1.0145821012074898	0.7949314984439231	-0.7066806557791099	-1.4389179875432172	-1.1229985015885846	-0.6163029972407065	0.14753191713320354	-0.4115859063382558	-0.02515547065402467	-1.5439067920337808	0.19043834793774922	0.8380019764785706	-0.4094223748232509	0.07780584378448938	-0.17841248260269374	-0.9134007860060349	0.011191580731578834	-0.9383687324845309	-0.10385329411802095	-0.276292554106304	0.7127149763761569
Br1214	-0.0057542	-0.00408158	-0.00297066	0.00296659	0.0246976	8.4	0.0324650056973656	0.97499	1.0	1.0	0.0	0.0	0.04560595255650379	1.2901197202697048	0.40973092729389876	-0.6506937682712007	1.3501286054934907	0.6911089425102342	1.2904493879087855	0.44315837998703866	0.1735467404668129	0.15995310944730917	0.20288203129006632	0.041660101261887496	0.9071220809198305	0.04553682006483083	1.2934550682787653	0.4119421818903	-0.3604396128512655	0.09862674168401653	0.39687664092138186	0.43174214206184036	-0.8631732355005428	0.17217292470370094	-0.13049104307406137	-0.4365916486424328	0.3253468233798673	-0.34651183534230573	0.4918835305427996	-0.3612819093241221	0.6347587056940437	0.8099022574429495
Br1245	0.0307813	0.0709653	-0.000560425	0.00703378	0.00895545	7.7	0.0141559649213874	0.972468	1.0	0.0	0.0	1.0	0.17788249408220527	-1.6380276183517075	-1.6378145565074578	1.7026437544404358	2.3721176034449867	-3.2128114053717147	-1.2270226808887992	-2.2627294990529667	2.57308931802205	-2.4292572443184075	2.010197159688622	-3.9204086172427997	-1.7446203135390232	2.2060881672162265	2.5031841881610934	0.8503779549065789	1.8015626322530613	-1.9128929687135856	0.32543462122187927	-1.3283141983964675	0.9810727864615914	2.4735055130059047	-0.6831239439756267	-1.3364747928728011	2.407843957547698	0.39727518178235505	-5.432550393595875	-0.018729527137761326	2.600388437270163	-1.8511836381017557
Br1288	-0.00632616	-0.00704057	-0.00655633	0.0104045	0.0216792	8.8	0.024280684120169	0.974947	1.0	1.0	0.0	0.0	-0.10716106923542465	-0.3148471215638279	-0.34252928984832187	-0.7896214906835309	0.41295132815420815	0.32129369405184505	-0.8312332548229512	-0.6366604757779329	0.010871308519994512	-0.1978236331653724	0.18629265512092907	1.4590716411373457	-0.25504117169778134	-0.17968174303965048	-0.5095316123894776	-0.9897795695255083	0.8856855199463771	-0.3458267713494469	0.7112080444445777	-0.6421885351690491	-0.16550315477649724	-0.342524305512913	-0.4716648844013533	-0.6541269912890647	-0.4141780585819955	-0.17167277750657925	0.012496959720461925	0.6772629608668264	1.6950707028809	0.5045212015668041
Br1356	-0.00370747	-0.00620329	0.00182919	-0.0260239	-0.0488929	7.6	0.0309325579414725	0.972812	1.0	1.0	0.0	0.0	-1.442631874321686	-0.011684457420971772	1.5948934833723742	0.7771669160471745	0.3204780692117647	0.6958137437907119	0.6978515575194085	0.7607679340095271	0.15159304643840898	0.17137287448979538	1.3122590134509224	-0.22130786215116532	0.5340563341622148	0.11132558944513304	1.1448852073165172	0.05073100347144573	-0.38082540971263446	0.07253362480852597	-0.45239888179946325	-0.43571410544081596	0.7230888216199848	-0.34127661268317583	-0.4197106351724495	0.6916297285209495	0.519924337812103	-0.6695169703235829	-2.24635949295141	1.8721746958700027	-0.031678521349394424	0.06608674226345239
Br1383	0.00223331	0.0225307	-0.000482741	-0.000650996	0.00309376	6.5	0.0317261871482686	0.972551	1.0	0.0	0.0	1.0	-2.676162862585826	0.9189377118815826	1.6597321935424476	-0.0443415234065092	1.578323539317075	0.09636203110818176	0.3964255048226063	0.8999168499412913	-0.7864421459584152	0.028914497078610057	0.25876932454425977	-0.4623087725141743	1.0052913791849942	-1.582432648357937	1.067938576737541	-0.43378561826777284	-2.144044066194347	1.64083808708418	0.7347629903942671	1.1259261341834241	0.2942547547136926	0.4028169042454245	0.3019173478809961	-1.51677272936417	-0.09040188098939987	1.0398033130367876	-1.2183588667449876	1.015690769783977	1.592348271215927	-0.41225203574747227
Br1389	0.00674963	0.0129297	-0.0113723	0.00224901	0.0319365	7.3	0.0291640033826516	0.972502	1.0	1.0	0.0	0.0	-1.4141669499194214	-1.069718438882313	0.6959923473499773	-0.7890261970270331	1.0644229603716342	0.7322724159153939	-0.7938466527757926	0.717493388439942	-1.1147682268712158	1.7422034007304896	0.3026452071602826	-0.11108503056840617	-0.18109677740875277	0.427303212511391	0.8688725583448746	0.9134881836904098	-1.1578630154065221	0.3518035334105672	-0.3699095028968229	0.2632404552687268	0.400478027340784	-1.3123123370078855	0.054735177691972677	0.06337521259140803	-0.16902764254548588	0.27205658960477	-0.6008033125726432	0.03275387538344509	0.7453324127454908	0.3471186896728175
Br1453	0.0459176	-0.02111	0.0365122	-0.010139	0.0210855	7.8	0.0197617960892427	0.977673	0.0	0.0	0.0	1.0	0.8315810824897497	-0.40071340275138906	-1.9185844045344997	1.2187993065463893	2.944160605761238	-0.9268007722325399	-0.219069717211545	0.08525688044949856	-0.07642560295104153	-1.1461660596942855	1.5152582168108393	-2.2515734458605277	0.24446713042873594	0.632977080326144	1.721923456068887	-0.8465787771913134	-0.7286331243731242	1.7847797584869853	0.15629793572817166	-1.9325451545233383	-1.6580431051905418	-0.3522151418423136	1.4482731109913167	0.7619397903679922	0.7623732596061105	-0.021076110781760252	1.6049588056357245	0.12471455254129009	-0.5494577759873871	1.6480135379415768
Br1474	0.025805	0.0335269	0.0020215	0.00476126	-0.00556602	7.0	0.0355480768273629	0.97466	0.0	1.0	0.0	0.0	-1.510807355362483	-0.9613843500248112	0.9066601756473015	-0.825722089926125	1.140805517163799	1.1181793433286018	-0.4120172740877645	-0.6469484966442267	1.4317072250848728	1.1273092996641727	0.1496557783044831	0.6364413948770894	-0.5412483300821801	1.225941736866852	-0.7308736605892485	-0.382212683188376	-1.848326087183091	-1.3601727772974743	0.5100519679662714	0.7565874300772006	-0.8921383567190844	0.12479475154654658	0.6579333660913592	1.1110842593377626	-0.42429891136663345	0.6849972058578216	0.13471550075186062	-0.48044136777403956	1.2969933467624002	-1.524216035383467
Br1487	-0.00372919	-0.00286742	-0.000756628	-0.0027687	-0.02004	6.5	0.0196200596664446	0.977076	1.0	0.0	0.0	1.0	-1.2505597160002646	-0.2379545101644053	0.681396658829106	1.176715675231484	-0.11253527671329908	-0.36772459447109823	2.1901340095192103	-1.5101707554679684	-0.422482022194088	1.3782473254941083	-0.7506403907214438	1.2808165248779415	-0.8067389663125443	0.2781803330404265	0.5516706777067895	-0.31231889780290906	-2.2214599241755075	1.2042205523499403	-1.2419193446563441	-1.39864848829625	1.1182607966643383	-0.5248371672053656	-1.0661165685833809	-1.7811226326046645	0.8400493116369165	-0.30483016024103704	2.287651578855533	0.4266711110597541	-0.5515995447535286	-1.7299865383488708
Br1373	-0.0042961	-0.00308922	-0.00593422	0.000628157	0.00200793	7.0	0.026103580834063	0.977792	0.0	0.0	1.0	0.0	2.4382221417868185e-15	6.674481714337076e-17	-7.129292647242256e-16	-2.728373055754402e-16	3.2077105015776987e-15	9.060330136444727e-17	-1.1236414329428162e-15	-5.325608756763565e-16	1.6031400768019276e-15	-1.6329765559139264e-17	2.764266304295245e-16	5.328842990907522e-16	-1.2425696494875274e-15	-3.5212520863495794e-16	-3.83547812245311e-16	2.805116212643446e-16	9.478242378049132e-16	-5.837052281818491e-16	-4.8171952728364837e-17	6.2741658395570265e-16	7.285556442316129e-16	-9.549920988367871e-16	5.497232907104956e-16	-6.80922263094154e-16	3.029069886977054e-16	-3.5824323161728194e-16	-4.167849972471774e-16	-4.800581206203481e-16	-5.746076288835717e-16	-2.0908023653416911e-16
Br1498	-0.00656618	-0.00282935	-0.0013485	0.00777073	0.0203871	6.9	0.0067393492705076	0.970592	0.0	0.0	0.0	1.0	-1.1632494509256208	1.8082484996303492	0.6875387473537657	0.8052740690998447	1.2014182390908417	-1.777748722751376	1.6771368106432354	-0.769760097787295	-0.24589908107687553	-0.5692857746204967	-0.7210867806904737	1.433574842622643	0.09836145803154546	-1.361761886061523	0.9298150744179925	-0.5647182638227197	-1.7112852097701257	-2.8255613676474276	-0.46278028092720963	-0.13217020132300988	-2.2392850213156694	1.9155102920688163	-0.4862215024850668	1.0710229724411422	-1.5317681876678222	0.9811880926514943	0.2479863204488802	-0.18013210809388097	0.28588347769719724	-2.280481154318676
Br1507	0.00177049	0.00753181	0.00203824	-0.00592466	-0.00852329	7.5	0.0371132712278733	0.978687	1.0	0.0	0.0	1.0	-2.479524575208757	0.02932859622601352	-0.3961046932013359	-1.1709291410435982	0.6258963976459426	0.4672216533821974	-1.0240622258246856	-0.3108671013614695	-0.18549528745685925	-1.0726435065619446	-0.32756011544831953	-0.04135870728530169	-0.8347829882481389	-1.8105871490366383	1.3912409993019053	0.03453497202229088	0.3774317150624016	-0.728043184751906	-0.5685313773747507	-0.20691517140958862	0.38447519036104005	0.10628819282620744	1.8406051430084251	-0.67158784116724	-0.4666793229690728	-0.45980457624439497	1.910547703181711	0.9940978692083805	-0.3454321256328229	2.0228387814731854
Br1526	-0.00319378	-0.00113067	-0.000189797	0.00762439	-0.021472	6.6	0.0278291951335592	0.972433	1.0	0.0	0.0	1.0	0.3877764689090001	-0.5607959911493702	0.6767935808804332	0.2046239276098262	-0.608879573438143	1.4069626498778889	-1.6730682888159627	0.24793318023125036	1.955115554362799	-0.3969879019223473	0.4773587548975651	1.762812758529122	-1.3291839676263886	1.0307015538528495	0.23424472471035354	0.8759649185266423	-0.2794934506725193	0.6437816901066507	-0.04349790819259324	0.05286885093452888	-1.8593864822586095	-0.04351579720810199	0.09009124633718477	1.3360345188794278	-0.3412331800082073	0.04333814435507077	-1.3183910851995464	-1.3921309120729048	-1.1732462624566162	1.8972286177815607
Br1532	0.0108018	0.027569	0.0113864	0.00488289	-0.0422965	7.3	0.0212938244907437	0.973113	1.0	1.0	0.0	0.0	0.24912904549586304	0.40239290136134	-0.8963270102355922	-1.7331189913337168	0.5033872887921642	-0.46753010363361036	0.7569209587273333	0.377768488489966	-0.2328591411562611	-0.07264642717672634	0.31584972119739657	1.2019906769821556	0.6704164270656244	0.5193132568285735	-0.6522634342533521	-0.4833046681187943	-0.3776932508825827	-0.19165799012293086	0.4587512203560441	-0.4980834791841092	0.0029323058914590967	-0.34696391295370693	-0.07472940140172815	0.9729643635089159	-0.0254952023302086	-0.9670903527179213	-0.03787901745069615	-0.040348042180351866	0.8791366054940218	0.3094628112862565
Br1537	-0.0087047	0.00472467	-0.00788846	-0.00608047	0.0170674	5.8	0.0176778297796941	0.975521	0.0	1.0	0.0	0.0	0.5538933331744647	2.060220277584818	-0.8197293502404686	-0.014271533697181593	-0.11535849901468125	0.7322363698011268	-0.7798173440857373	1.141122392812284	3.002417372065193	-0.4079653606546689	-2.8162422539176917	-2.0360681814747044	0.33489861880258487	-1.570728124333746	-1.0931372331931197	-1.48958141891358	0.3682480236059232	1.0267513681877969	0.20102079976955836	-1.9826437840629294	1.818939526805633	-0.29113639010989406	-0.02575042842740558	-2.3499331977389275	0.6344419185346803	1.2945945466013948	-0.10424914123614824	1.2001592309466524	0.4897933566020804	0.1849510601673524
Br1550	0.000114937	0.00373521	-0.00920833	0.0162725	0.00165469	7.2	0.0163954626508925	0.974044	1.0	1.0	0.0	0.0	-0.9787997871872277	1.271784086524364	-0.600444656285786	-0.05286494748329745	0.6715303175073871	0.3132075432170778	0.7498445626758093	2.4823858515506214	1.3661416970309905	-0.04752116665726055	0.4046188077090138	0.6532558949540194	0.23920121343635098	-0.7460561516592905	-0.833439582820705	-1.2504317852542388	0.7433348516413687	-0.20153766153933533	-1.0692978676801932	-0.07887692667039259	0.5038416811350058	-1.593070156698137	0.35688913162672453	-0.4673646839636526	-0.2588629125462678	-0.9787208272413774	-0.6588833209968022	1.6057402488158659	1.1001195637455712	-0.6869904684256735
Br1553	-0.00663361	0.000932712	-0.00351859	0.0034713	0.00843695	7.5	0.0201703129701705	0.973468	0.0	1.0	0.0	0.0	0.9187038156846544	0.6782330456936738	0.08791576151352916	0.5903088159767981	0.4246767717824521	0.7794426317583713	-4.009662716858611	-1.0122657395432173	-1.5216974063552464	-0.07463447164394785	1.7671327915595745	0.6775870735144425	-1.3903011265860872	-0.3990873519246587	0.6236538989036713	0.13011042816883564	1.022822933691394	-0.4762162532521367	-0.38249579885151563	0.4619608237822319	-1.2467099113719997	1.5294193578069213	1.2154301575367856	-1.7209616898692852	0.015688605773692264	-1.5799353380459042	1.3696637209999412	0.252242407371552	0.4008817286418545	-0.5462689062452453
Br1558	0.000211721	-0.00342158	-0.007151	-0.00462157	-0.0135972	7.2	0.02749739777321	0.977647	0.0	1.0	0.0	0.0	0.6372044643386243	1.7787915070376015	1.2953348130549853	0.6936467951111331	0.1525956817427381	0.7882198772242464	-1.973660963980553	0.3455532476400367	-0.39394545313195034	-0.5726695521307583	1.0869949294908288	-0.3265747704947234	-0.6768396379329923	-0.37007261366036415	-0.538849495431032	0.4306753618121626	0.6335089145877166	1.396065764062478	0.8633746022959609	0.21143159045763285	-0.31381091416656237	-0.5309568058844636	1.024708414794014	-0.6987317738825571	0.5601085265702688	-0.7940115648358594	-0.4114865368567069	-0.24107224388465873	0.9072675155025848	0.15272120974533254
Br1565	-0.00964569	-0.00779296	-0.00342662	0.00208463	0.00827292	7.8	0.0347350733362932	0.97619	1.0	1.0	0.0	0.0	-0.8212982115341453	-0.31992326296757273	-0.3906954227531408	-0.15398029947945818	0.3160323976891603	-0.14188317204643008	-0.19097990546660626	-0.5302150210274582	-0.15896170675044818	-0.8732550633435154	-0.20739357151970783	0.821084112013271	0.4688709873738512	0.37617082556979964	-0.10403331597079146	-0.5835833982164012	-0.25680939882249887	0.5257935760637571	0.310751413417738	0.6277841901896791	1.1524837804891785	0.4735040540124138	-0.4319764653892922	-0.172023884162721	-0.2187653261164135	-0.8561046315025709	-0.286465115871662	0.31567989927359197	0.19370687440223278	0.39283470542008714
Br1568	-0.0107417	-0.000918641	-0.00501394	-0.00364583	0.0314098	7.8	0.0271633041346509	0.974527	1.0	1.0	0.0	0.0	-0.45169628865230016	-1.0760224873132989	0.796298616192804	-0.009822153791053253	1.0426743596721297	1.0671674372745055	0.1081614717250199	0.6966775280941303	0.5908554291304081	1.727411768657415	-0.13136690485472527	-0.8925399179229799	-0.5584676004721861	-0.36135492757677107	0.15142177288637593	0.8733139619950987	-0.3583957628248108	-0.1796866991908571	0.12227569169020419	-0.22205528715361258	-0.4874241151883195	-1.5522093929951981	0.05235666866738703	0.7359492165461148	0.029926034799696348	-0.5010319226100299	-0.020860580081246374	0.3567986932273252	0.6847780784183112	0.18663969619905585
Br1578	-0.0107822	-0.0133652	-0.00627219	0.00235977	0.0237781	8.2	0.0314514784363689	0.981138	1.0	0.0	0.0	1.0	-0.4922183314866131	-0.8376120758364033	-0.083551484854189	-0.5958783556399198	0.4174242339419899	0.4273700459663332	-0.10846190567468324	1.073072714211596	2.0241569729698177	-0.9193916091699625	-1.5762397461965565	-0.3983415285727049	-0.7540995019178162	-0.9045726230744133	-0.7317639373585256	-0.5034932331540123	1.4886647388254977	-0.42129319001378185	0.0057458402456233995	1.3639335680698708	1.5385832863967774	-0.7372495823205323	0.8960082162254335	1.3260648259764636	1.1671606384251503	0.8805821559655898	1.6263248834666058	0.07017015531124851	-0.07857741487989478	-0.7209309367872674
Br1580	-0.0062901	-0.00771543	-0.00229718	0.000382541	-0.0415844	8.3	0.0215951940723947	0.971419	0.0	0.0	0.0	1.0	0.1446554887163484	-0.555839750981487	-0.6587408145422136	-0.8031585422341954	0.6321858865658795	-1.2363475646141948	0.9428063898384982	-2.8536273643295136	1.7307318081308056	-0.2980256521926757	-0.37389918904107944	-0.206174866663192	0.3447632033216963	1.0825896848978644	-1.8524745895788026	-0.18597467504677528	-1.681883772508537	-0.034161212296390166	-2.0376973157651586	2.5206381725187748	-0.527863548832171	0.3873569033249403	1.0787560027235412	-2.1577562200114584	1.7059957911073746	0.05754970339949215	-0.7148762533119538	1.7540599969599857	1.8560931083886407	4.1985425195672645
Br1594	-0.005265	-0.0058679	0.00452883	0.00560191	0.0273897	7.8	0.0185349166564997	0.974106	1.0	0.0	0.0	1.0	0.7739101257390271	-0.5312337851161033	0.5719177777433829	-0.8037695182236212	-0.8030087301192053	-0.32129047720094994	0.2024908524134231	-1.522625187871215	0.5212976047260258	-0.6108342253412651	-1.0721707990439548	0.15657893585873017	-1.1839280336825297	1.9319336469715906	-1.6337784154245754	-0.8983709833647711	-1.6306146560963253	0.273013030602179	-1.3538127785296332	-0.011290555299206294	0.03388339170273638	-0.5278186270785692	-1.2759611082941187	0.8655295805090949	-0.1092642665295745	-0.007925344318745968	0.7072858579435939	-0.6199040346875957	-1.0592627277349722	-0.39010148872778855
Br1595	-0.00653229	-0.00537747	0.00304852	-0.0135671	-0.00571197	7.4	0.0258948922114618	0.982288	0.0	0.0	0.0	1.0	1.6803498472907978	0.6478799640335322	-0.3608778944241667	1.2264682196913799	0.28100947188212155	0.7482820236849971	0.024018954223558937	0.06748027346873843	-1.1643413045567108	-0.3053903585380929	-0.15399887020639094	-0.6313390060979039	1.4117210846609405	0.46752652166753716	-1.6791548772998108	-1.5930693055012075	-1.6467624079878205	0.02320175603669144	-0.1158906794820042	-0.9781920072468842	-1.554323223376617	-2.1154368168474833	0.5359558384185451	1.447390935877647	-0.31394271982657174	0.5049917281197634	-0.2520043019193782	1.5245464542516054	-0.7982356998346238	0.2383826430900824
Br1602	-0.00880518	-0.00691782	-0.0121864	-0.00405002	0.0250724	8.3	0.0264474453117413	0.976732	0.0	0.0	0.0	1.0	1.9646445913350512	-0.6897580086351781	-3.222625326525486	0.013444854964137748	0.38611354925955227	2.514882779351754	1.0645518547347994	0.6240769871410299	-2.358821632855232	-1.8866152669269285	0.6565103623900054	2.700000308543559	-0.17620121619641366	-0.33952053053365683	2.8779745545077016	1.8043956636392053	-1.5131435641561437	-1.0862260871794194	0.10643206594032205	1.7346516819687416	1.3831465037867055	2.045552677809357	2.326894730086138	0.11448998000750137	-1.3256081279121785	2.5365794165538365	-0.5082634714046852	0.631741636787446	0.04248400163658203	-4.108107900857861
Br1613	-0.00782768	-0.00125002	-0.00316177	-0.00672084	-0.00245882	8.6	0.0270313975203118	0.970893	1.0	1.0	0.0	0.0	-0.8373096135615369	-0.7778968595369672	0.2919145402025771	0.813709896409504	1.573314191193374	1.3563331113780597	0.5715380709266036	0.5077746991926223	0.5913005767205601	-0.05944969885819288	-1.3600822512177093	-0.5741527361495944	-1.6936628570113152	-0.6325545197209497	-0.858414987687926	1.032182495584149	-0.5933756230629084	0.447887394892416	1.1060135896039145	0.39278702356332024	0.5752633996523453	-0.6977333983245511	0.08979448657125913	-0.20024354122484203	-0.22825012718571053	0.25840456414300683	-0.5812860908899148	0.11123490225142744	-0.40503857041621866	-0.2524598868114661
Br1624	-0.00353607	0.00189066	0.00342893	-0.0102098	-0.0145984	8.0	0.0235666223745577	0.976739	0.0	0.0	0.0	1.0	0.27517096238925276	-1.775702276107986	0.583905941191114	0.5406752700858338	-0.11971515615475804	0.49442044146147784	-0.42516515542699573	-1.721176329553091	1.9808147019409599	-0.19438533687276402	-1.402098119735364	-0.9433956000855709	1.192989663161426	-0.32591092651235987	0.07923047743506967	-0.05872192717642771	-0.22812579301617603	-2.505022594011944	-1.0875978238262733	4.314848878879575	-0.5777110236430938	-0.5572990634010638	1.281459377995512	-3.2814367524655337	-2.0745042977122985	-0.590993807281656	-3.037866167823845	-2.0726735466899013	-0.37502708254299594	1.2828944818197339
Br1654	0.0435543	0.118357	0.0247752	0.00412224	0.00191821	8.6	0.0290688234473963	0.971057	1.0	1.0	0.0	0.0	-0.9910639347657172	-0.30929917873159435	0.8930209467962384	0.2507653569720715	1.500927719970189	0.5848497561940882	-0.2461399260544137	-0.2269860708824507	-0.4540200142667309	-0.8046790699452444	-1.1871186114745573	-0.13473659952899	-0.6285568581457933	-0.5088100887744402	-0.5149056900794272	0.16516196759101473	-0.12448564784225837	0.9857313417746079	-1.9158587901877393	0.08198462046009825	-0.4650493044859147	-0.1422647427400541	-0.5513416415908493	-0.3446304316458745	-0.3433869949468045	1.4102451240869476	0.43159100399907724	0.4966912926428484	0.3062480461476922	0.5581411172630664
Br1669	-0.00840988	-0.00570682	-0.00540583	0.0197856	-0.0016738	8.6	0.0332645328509642	0.963807	0.0	1.0	0.0	0.0	-0.0936611948340171	-0.1561653165878088	-1.122338026966752	-0.21318118111247286	-0.15550953245723192	3.4493691171578336	2.149127016966205	-1.303312300394986	0.03415375682761277	-0.323316184823254	1.0863927210865065	-2.532931874531994	-0.3401251383450178	1.2400349661852905	0.21594115358329316	-0.7642721863673307	0.07939196478375886	-2.7140297300248304	-0.08549854172604046	-0.36673701117831436	0.9415202217806073	-0.17578691244219588	-0.6476912099182985	0.23788506704453555	0.5527263354721299	2.9390195740200427	1.4800915369635335	-0.7921125750720415	0.38503525029691854	0.8448037503403424
Br1670	-0.00390631	0.00819381	-0.00515225	0.00806145	0.00610251	8.6	0.0506571503664319	0.97516	0.0	1.0	0.0	0.0	0.1219146941488854	-0.37935314303183226	-0.5471846093128262	-2.3500406525527975	1.2422394435588469	-0.8318734499528615	-0.8979647193935553	0.5440171935062857	-0.26884377922107444	2.158356771191053	0.4158437764595889	-0.8970065989828742	1.6400590465964588	-0.38026582721317714	0.6989339434928593	0.725834088889294	-0.4749655601965918	-0.022867631362189077	-0.2404428284009213	-0.3863543702663035	0.24811461275876392	0.48298507625953047	1.5088044779322443	1.1168199411987432	-0.4596324179763417	1.1775362578751223	-1.092596767717039	-0.8805778934116677	-0.0860031135638515	-0.8748476898236932
Br1674	-0.00197546	0.00172823	-0.0092936	0.00238338	-0.0135381	8.6	0.0266884256999639	0.981348	1.0	1.0	0.0	0.0	-1.1972273741471013	-0.40693330940496336	0.7076508050849868	-0.4800474877018894	0.386430757796339	0.7294636970980324	-0.7618560692078901	-0.3781211910188862	-0.3479692053915763	0.18895829203547307	-0.10843770431561812	-0.6151938005245529	1.267618039124902	0.4547864641706435	0.688842452742335	0.08287894100431907	-0.3039004646652981	0.16681231707265695	-1.6607497218432234	-0.6574219293325885	-0.15670714764478158	-0.6894186222717446	-0.8919278366027374	-0.35397925877947417	0.5350325132166376	-0.3516884955946445	-0.15039971110562922	-0.8494427826089566	1.0413325800593612e-06	0.6304362063052936
Br1676	0.0345674	0.116775	0.0212152	-0.00246413	0.00832737	8.5	0.0252221514913536	0.978875	1.0	0.0	0.0	1.0	-0.026673521699443006	0.3696303162205447	0.4638352035556202	-0.5051201600398743	-0.3410475549676981	1.025046777302861	1.517477852447738	-0.3987882503176519	0.3686202774948991	-0.5503782156295554	-0.075934854667434	1.21026885405142	-0.4983222676277932	-1.3943094315938815	-0.03610813026359208	-0.8452256348898112	0.9521462799712704	-0.9307283592676909	-0.263271381848238	1.245640869459181	0.02415135386802901	-0.8804176226924642	1.1157933930692765	0.9473568627724811	0.2852740447425809	1.477627118721781	0.1451588340947195	-0.8484799915605761	0.14073541481926982	-0.30437265430658356
Br1695	0.040123	0.117119	0.0198456	-0.013088	0.00251595	8.6	0.0294534886090332	0.974559	1.0	1.0	0.0	0.0	-0.5225789979018726	-0.9952730769805048	-0.8413776769484856	0.3703121612764576	-0.13734523752764688	0.8822890797979472	1.0545747815227668	0.7713506285251397	0.7060222554122957	0.03041058996174682	-0.6347460359622642	-0.036986759960021265	-2.349761667374191	-0.2189801868008074	-1.3435786034170105	0.1972997130808933	1.056338757533185	-0.8342158911021128	-0.4650123042556283	0.17176693776471644	-1.8295268644315066	-0.7453698049289329	-0.5825556003113004	-0.25052946390856007	-0.34969538744587175	0.10394066993578915	0.2092793920704063	0.707535983079144	0.18525040722455158	1.4139828599847253
Br1697	0.0149318	0.050957	0.00586855	0.00641724	0.025019	8.0	0.0293275934928752	0.979144	1.0	1.0	0.0	0.0	0.7256896398464387	-0.8637015266397537	-1.0734549827774074	-2.359736373827783	0.051895861436218736	-0.8154607604590701	-0.19863998895467636	-0.0684141472843434	0.44183354649980233	0.9887360672114728	-0.4659641888034246	-0.01824420998149287	-0.42301341872796044	-1.302090381955391	0.5900178282416351	0.9598880234077497	0.19328598209655742	-1.2164775624181432	0.8352695853889759	0.3572990203999216	0.860196577411544	-0.5012174828462477	0.41640731346069393	0.30771584834023996	-0.15702785249125684	-0.3208431987323897	1.017698336157989	0.41031560193577027	0.26826986084107673	-0.8227101425728889
Br1735	-0.00654377	-0.00729773	-0.00330649	-0.000378964	0.024561	7.6	0.0258762243429101	0.96985	1.0	1.0	0.0	0.0	-0.5158120959370204	0.8378276473462367	-0.3991216658199713	-0.16888870031724512	1.2180491691603823	0.7146773524542277	0.1898929317732233	1.2853353363982267	1.9329740675204263	-0.6192400602676177	0.39732474636839815	0.7979079340842214	-0.28700090863022143	-0.26104137364782587	0.79875566551405	0.2691051227942438	0.3357626028744235	-0.7384999579283813	-1.4333173691986092	0.515427830125849	-0.2814922443460918	-1.6013644952322605	-1.1990980544882468	0.2562305070249672	1.304006275303605	0.5176683545536228	0.11924054259737009	-0.18775747585368857	0.31133577005611607	0.16795204442160291
Br1750	-0.0113369	-0.0115854	-0.00893908	0.00593894	0.0202472	7.7	0.0438183750821737	0.965044	1.0	1.0	0.0	0.0	-0.3655457592153408	0.17789996511851064	0.99627067157086	0.16605490008409524	0.5910079369683675	0.286789375327982	0.9116685702148026	-0.010250809228294189	-0.015943335185981265	-0.3798625869482282	0.5094599650358377	-0.38025327467309195	-0.531118797234889	0.3240865466442266	-0.337973113033241	-0.8351346538724662	0.6311890069939867	-0.5752226147192869	-0.6889780749237232	-0.9934155977601362	-0.5592065322767488	0.5447488364880523	-0.16920624973669257	0.18576343503052956	0.8594137747070293	-0.21488560638999604	-0.3570759135377698	0.47780978189458173	-0.30581278188447825	0.054210594155676514
Br1753	-0.00634021	-0.00332548	-0.00339388	0.00289457	-0.0488295	7.8	0.0137144531760405	0.977154	0.0	1.0	0.0	0.0	-0.11153705998881858	2.249065300582508	-0.18760804922292482	-1.4067304172155042	-0.12892860516413907	-0.7406788281732234	0.3879353731408923	0.4173409891889545	0.9786180247149125	-0.787251154201509	-0.18744384637606115	0.7543038989182226	-0.753603182561669	-0.06387277384368943	1.4079899988694244	1.147232157066648	0.7415027492498932	-0.9256279016944984	-0.6188141201836563	-0.39048516543148887	1.0460895760760418	-0.19963205249239618	-0.4859692537086573	0.4163432423086823	-0.9970419322382825	0.2690577820214851	-0.18159836227458312	0.48039691768069775	0.26582659976069445	-0.7212892471671762
Br1756	-0.00439341	-0.00354786	-0.000498064	0.0100767	0.00934587	7.4	0.0297824420015076	0.972435	0.0	1.0	0.0	0.0	-0.5065437557112515	-0.9541333228572446	0.3460626658958387	-0.9897980385668617	-0.21883439154642273	-0.17218693034809696	0.858095831506102	-0.048980277924127624	-0.3614945925409828	0.8644756410915846	-1.2594016664451417	-1.3453427914746625	-1.2633878715918236	1.2793884020402622	-0.04412890309379567	1.5426506527943071	-0.621461425685622	1.826673324251513	0.44890773192697714	-0.8026597469383432	-0.023355934716411828	0.5269122038480744	0.10230780393099137	0.9788040782007922	-0.5353366244514828	0.9767876578368161	-0.5039935222079384	0.6743995296870114	-0.2816599647285062	-0.055069208813000405
Br1761	-0.0123834	-0.00858101	-0.00516544	0.00998654	0.013703	7.6	0.0158493328078373	0.971112	1.0	1.0	0.0	0.0	-2.0688371617427186	-0.16041325163446535	-0.01346747834246074	0.0015414232886769288	0.7850501508332987	0.047251215551351256	-2.0456663001686057	-0.3482053730172411	-0.2914442241003977	0.44530378068222354	-0.4217996694146105	0.46113399053769416	-0.6302283625523641	-1.028407587347648	0.3189535118052829	0.08702932085790643	0.18347090110323547	-1.2643069794212352	-0.7059640135531321	-0.9401634634564248	-1.0181421907270807	0.8641538489690862	0.8004597415991526	0.912534332713459	0.6748701578985633	0.18390574075872532	0.19629796557484888	0.03281943317463785	-0.45046522923151927	0.940648296281771
Br1842	-0.00812942	-0.000792218	-0.00380578	0.00971163	0.00611552	7.7	0.0243530127046238	0.974434	1.0	0.0	0.0	1.0	-1.900029528320004	-0.22298861506630877	-1.3012144981494205	-1.2404093544210606	0.7432590704781796	-0.06020111605453449	-1.8804791142956165	1.1500103876872994	0.8460604099718897	0.03312813886408269	-0.3044538515196028	0.8707343772227193	0.3611577911725582	-0.5249797199845824	-0.018789475199072876	-0.42856734192034807	0.590226303473609	1.05508738139491	-0.6846918641903458	-0.6692618721248207	-0.19139270551837634	-0.24635537160870832	-0.45683248341502125	0.10940048254777282	-0.9944208636567736	0.5062210157114738	-1.362976744704072	-0.9167066349130071	-0.5662266002991045	-0.9723488325832685
Br1848	-0.00195757	-0.0127504	-0.00131274	0.0011376	0.0199744	7.0	0.0186216599820528	0.976039	1.0	1.0	0.0	0.0	1.1152635579535413	-0.19282383617380833	0.8840957404116521	1.5692414111802482	0.5793731649734273	-1.4887481804312839	-0.11517120861687374	1.3898336379808736	1.3141763002219526	0.881482446852601	3.0270368309381555	-1.9661372295788826	-1.051977099696023	1.74363242740348	-1.085639683613674	-2.6289542559140395	1.2388229358078224	0.1412545102136812	-0.32522534024730654	1.5632754699242948	-2.0080048831947948	-1.5442989375113116	-0.231032605182892	0.03133195931268047	-0.30444343066005464	0.7352133707471108	4.07502016712649	-1.8782545536997972	0.30766949049475134	-0.2909585602832746
Br1856	-0.010476	-0.010637	-0.00870686	0.0058954	0.00992486	7.6	0.026401927230342	0.973301	0.0	1.0	0.0	0.0	-1.9991177026460287	0.9795495460794261	-1.0920657833367562	1.0381865490246132	-0.47383298058993345	-0.2195757462974301	0.5891618325386219	1.1486515761160336	0.22324816888804533	0.9698443887182085	1.0976652022900448	0.5024346599126108	-4.138119070115954	-0.6110819828342863	0.09013374060657091	-3.3763604942704384	1.4389578075375145	0.6403220576374389	-1.7912179321524573	0.537257350110266	-1.464443485828675	-1.3626457892538641	0.7601734162280447	-0.6690467274911699	-0.2412962654904009	-0.46321970878742125	0.4516489237266514	-2.7090011593984866	0.560212435600703	-2.506943037962124
Br1865	-0.00660075	-0.00575213	-0.00995104	0.00372146	0.0332337	7.7	0.0426541669703395	0.974645	0.0	1.0	0.0	0.0	-1.9084934972151792	0.01362581872431785	-0.1857308737444895	1.0603083723351794	0.7441736200355283	0.10886004910375119	0.05473150872373555	0.8563978764675235	-0.9651000528331601	1.0441086020946055	1.2660609811014094	0.2288380994542744	-1.4605214474574635	-0.5443194332395641	-0.014607414089461413	-0.6618698028308078	-0.13451352505953315	-0.9338920422095478	-1.3474323627175664	-0.707471258406499	-0.5272715976662314	-0.7505952460638169	0.7274312189065492	-1.23895700879765	0.09895582439068823	0.4928436936777514	0.0353612233078619	-1.4952007788714892	-0.4297353937315017	0.05567474924668128
Br1946	-0.00747254	-0.0125985	-0.00218362	-0.0158725	-0.0431298	7.3	0.0214712978369136	0.97562	0.0	0.0	0.0	1.0	0.10319637845842998	-2.4134237390412663	0.0037130460087881185	-0.20272477844834352	-1.1099452917644346	1.0620555347517824	-0.7108695821199585	0.8212379201283617	0.8755197917431499	0.5062815788280128	-0.27255272674265874	0.22837153055278198	0.4291257510710156	1.2148669934294145	2.2072178498469723	-1.0339171889135583	1.9772533441114872	1.3196752469511461	-0.6921349750044593	-0.3248839784586001	0.7956902404532027	-0.3841659715054986	-0.5724387994699166	-1.0068817640982899	-1.2609860850831243	0.08798519710840297	-1.1497666964048334	-1.862564980252948	-1.4060890150042091	0.20833846682848717
Br1960	-0.00633823	-0.00287831	-0.00467153	0.00964756	-0.0240178	7.5	0.0305383040258052	0.976864	1.0	1.0	0.0	0.0	0.9103056004357526	0.47466095310762213	0.5579322841334269	-0.7744149675826426	0.31528620564817184	0.3253731006151342	1.7862033903179566	1.1683043454010682	0.6946273795991644	0.30500796566312643	0.8800453852152899	-0.4490005462625416	-0.4730609492224315	0.06590539523261318	-0.14012074112815945	0.40657525171924924	-0.08665683996081555	-1.0367657523513065	-0.1913318849997109	0.45116013530976334	0.3619050466998827	1.293890524543356	0.8603508253698707	1.3804784222416215	0.4753120617279815	0.43990332361345946	0.9204849304484343	0.09328085717814079	-0.4108886080259579	0.5625479745943076
Br1988	-0.0074788	-0.0148369	-0.00143921	0.0039181	0.00246625	7.6	0.0263001446316684	0.978316	1.0	0.0	0.0	1.0	-0.6822169582998309	-0.9614269547960433	0.12001071293450546	-1.1826494537662482	0.2505180793745138	0.03637152920940039	-0.0423156733760281	0.6467907813410109	0.5256865265139423	-0.7974826295753142	-0.7098856673136054	0.4007140037573564	0.8679925635979856	0.5393028874638613	0.640092730710683	0.2552267687893429	0.11376220725001342	-0.4826322310965002	0.3286377692725937	0.19265710518335621	0.5650007136756372	0.468480037927631	-0.9562900306540217	-0.11511312038509024	-0.2245194058426576	-0.5740967547002352	0.36990372961715007	1.1676149500024071	-0.48223537229413826	0.3808005587391571
Br1995	-0.0108209	-0.0105331	-0.00379471	0.00236161	-0.00563876	7.6	0.0322443890872624	0.97432	1.0	1.0	0.0	0.0	-1.3467965072288635	-0.5176678039010398	1.4869920443675868	-0.6503344939390884	2.211307374170949	-0.3034723527508489	-1.9467292998018637	-0.6725526840593546	0.717505578130128	0.1750965193820852	-0.6991929926175496	-0.11457848523715101	0.1962877095233022	-0.9125025185243576	1.3664941082561197	0.8541336706715942	-0.6429164216114029	0.16455692707998615	-0.42002200895059416	0.3001098892975192	0.016378880621429583	-0.6962792465630044	-0.5432817071525294	-0.5367562682187831	-0.1713322486200375	1.0234636187211923	0.6351161052985204	0.383720774601156	0.17212172352560387	-0.7317915802752717
Br2001	-0.00841288	-0.00158386	-0.00370578	0.00762379	0.0246341	7.3	0.0286712122267629	0.97935	0.0	0.0	0.0	1.0	-1.0901211087219633	-0.460723249083319	-0.49221525632625207	-1.5761037313000348	0.21984454443061638	0.36169566499665967	0.12672684724489167	-0.09288534695359796	-0.12546077589461405	-0.5074873268872524	-1.4281106772772025	-0.7362761496701928	-1.178306284904904	-0.35906697220471906	0.453971079533532	0.9354428963984593	-0.011067041669116406	-0.1031227136675135	0.2503965866342005	0.7749779277707983	0.41038034563767245	0.1751012106245333	-0.19787118112594357	0.8402280767100082	0.6870269620531474	-0.7149987298918464	1.2090245632706866	-0.551775222806618	0.4426152966755091	-0.12073121571468999
Br2009	-0.00625338	-0.00780835	-0.00984616	-0.00132578	-0.0113609	7.2	0.0365621339886397	0.972751	1.0	0.0	0.0	1.0	0.46231820054772665	-1.6869361103805494	-1.7739678313184386	-2.437695769308267	-1.0087855207822067	0.45409334868208767	1.2120380567158557	0.5199879311795083	-0.3907156209227986	0.9282328336386027	-0.915954167276812	-1.2411679831615965	-0.5967265742678097	-2.4342669428785286	0.4176240894479034	0.057536934424483994	0.5025666913921264	0.5516111761518302	1.6707324049646102	-1.0912424373495166	-2.2789045023190293	-0.5139229412882582	-1.3176786794690931	-1.2141274533811983	-0.9659268722923882	-0.9673843335415866	0.6188833577048463	0.4963860274523259	3.760513833080643	-0.9941651591571916
Br2015	0.0173331	0.0559828	0.00476197	0.00439572	0.00698317	6.9	0.0282584509697587	0.971793	1.0	1.0	0.0	0.0	-0.887851002394388	-0.1549029748939484	-0.4914048660084644	-1.4955314068619814	-0.20061562823753953	0.2674102514739101	0.39199818671063447	-0.4200175547724071	-0.5406882696318118	-0.19086345176313196	0.30068797108578427	0.54483001845189	-0.18407678221189286	0.7084292737154668	-0.19699886400956657	-1.030604972046358	-0.4389044344405481	-0.348401935048485	-0.32122816683962974	-0.589752229462133	0.20244136728269888	0.6485214177168925	0.5642707631453194	-0.46751761352743504	0.20189596961372755	-0.3666300731755718	-0.2969416095018924	1.0095072487646022	0.5302750646959201	0.9217581406795703
Br2026	-0.0110249	-0.0157704	-0.00673824	0.0148454	0.0397206	6.9	0.0090161248028609	0.969992	1.0	1.0	0.0	0.0	0.008593286766099575	-0.32896722089309854	1.9261363414213715	0.9009938910068725	-0.5268097737363008	0.4232257945631394	0.6908581294989581	-0.7397558505746653	0.18509890545093216	0.04631861669316677	-0.6584664966392918	1.0936214403987023	-0.15894199287707977	-0.37947105888830157	0.3110052657239454	-2.0636160263815873	-0.5973576929239314	-0.9769226526631258	1.986609462045195	-1.1270428216363113	-1.4865723049930246	1.4672373821159366	0.5896245297707124	0.11648850348750507	0.20890937856438035	0.5897179988633289	0.03189537282522384	0.20639845528970732	-0.6329753625204133	-0.19108787394550908
Br2027	0.0149458	0.0548679	0.00285239	0.0131157	0.0251616	6.7	0.0315188044365152	0.977816	1.0	0.0	0.0	1.0	1.4821613530215696	0.3254118706092532	-0.2659228687163704	0.37640300079422845	-0.6530341883306449	1.1088622014693115	-0.5909053273747026	1.3256702074206934	-0.8708505484823885	-0.987366663389187	0.43312311272468	0.43370508903253446	-1.6402809133128469	-0.2655807078860507	-0.27391514450277815	0.9103204505107978	-0.3040267611147936	0.08963190113080637	0.21229553674681848	0.8305288438898856	-0.5543679177383676	0.49698624783609835	0.5376651382699976	-0.4362343731018418	0.5915425048066522	0.9075532618345657	-0.3941309170441996	0.438528918938117	-0.48612644764873497	0.6177790286801372
Br2039	0.0277483	-0.0103725	0.0349561	-0.0101053	-0.072334	7.0	0.0300750774650121	0.978878	1.0	0.0	0.0	1.0	-0.058269401810394764	-0.49556513487272236	0.8916796577529414	-0.40933326981274604	-0.988530846157972	0.6488947090346164	0.6892206479252402	1.0652098251428366	-0.293476550804041	-0.2586750992179027	0.34182062144518655	0.25935427520083704	0.6803828368564305	-0.03363240279801082	1.1006892040854657	-0.22461978090875154	0.6096586034015898	-0.6967711742386469	0.8015637102722124	-1.7178670590199034	0.9032721615091255	1.4763958719747192	0.17381867812805293	-0.8771800031621373	0.8896750187783412	-0.26233304672171176	1.9888489521223838	0.14351373856418798	-0.3431815016780666	1.445483626670484
Br2044	-0.00718174	-0.00578215	-0.0110275	0.00431806	0.00636519	7.2	0.026791853629905	0.967856	1.0	1.0	0.0	0.0	-0.4037361949442969	-0.5790786671851057	-0.15454043863787356	-1.6877932715401014	0.8124677745943417	0.4560085987035521	-0.16187563057908375	-0.620725600022901	-0.3933208852812973	-0.6151282103201953	-0.18248419818918207	0.35238660905478175	-0.4435508643066443	1.292384052452152	0.07610932650311288	0.6180357011275474	-0.823581694821636	-0.08625899570482196	-0.22554279002784453	-0.14560322342166823	0.22903753593762083	-1.5034683028246822	-1.1869865955495857	0.5647891286505218	0.9276496157626981	0.4201081533267645	0.33527703537311454	0.040850177146593745	-0.7158706222140603	0.48758996557577516
Br2052	0.00469395	0.0132516	0.00162468	-0.00509067	-0.0209182	7.4	0.0245192733575849	0.971655	1.0	1.0	0.0	0.0	-0.4199943150930161	0.7999006432522393	0.43407646961561036	-0.3957246009007872	-0.1298719986628099	-0.4001446400714022	0.8856592230651582	1.0577987853457749	0.40882154048771996	0.007384769114921737	1.3558620737509808	1.0028979101787356	0.1197867846456407	0.2267590937224363	-1.218181318784737	-1.0008947514344337	0.5450314785805276	0.06549014520155512	0.8675881305427964	-0.32755266345276374	0.18369114390349975	0.45087984444479745	-0.12365720879257232	0.8133860949372212	-0.559846635799935	-0.5414049656997286	-0.597157588521081	0.3452770048328973	0.2802212386808453	0.21148158732681419
Br2073	-0.00123185	0.00149203	-0.00280402	0.0168033	-0.00467228	7.2	0.0153154675692398	0.980557	0.0	0.0	0.0	1.0	0.37622509535769494	-0.4562273770596217	0.11349977286557197	-1.457237527927426	-1.4423105631074702	0.04381406788825093	1.041495523085091	-2.235050321689433	1.0117586091913378	1.8017268219021425	1.732418525426013	1.8059094784133136	-0.2618197900538818	0.7572473896196037	0.12294331721485481	1.237429729962678	0.8392528868206439	2.046018624220459	-1.7045179302295779	0.7701896836469219	-2.1713737484136844	-0.5874092008154721	-1.2788322809351178	-1.3104980292174853	-0.8346110438280808	0.5962796260808088	-0.45595761308436844	2.6652168423851306	-0.4795363208450829	1.8906087609402051
Br2084	0.0106175	0.0262213	-0.00978188	0.00677634	-0.0108623	6.2	0.0139921148489087	0.976988	1.0	1.0	0.0	0.0	0.2634546938353416	1.9740200536414672	0.5355910900824115	0.5362009154797968	-0.4283711264950396	0.6273508706048957	-1.0518980437286558	1.1279082202055415	-0.2390103553538406	0.17573773521546265	-0.7204934997457793	-0.48227881368933273	0.43162709263373733	0.8882349744050552	-0.8467047043567015	0.08511794590871151	0.13817051349666248	0.39401125716877833	0.8883984293719004	0.21817069071622106	0.8327800960332804	0.851953808656621	0.10649715528954871	-1.0632435869244945	0.1628465116948348	-0.10971434464270928	0.33735931608538156	-0.08083583952548896	0.5208360377133188	1.5715863891538455
Br2242	-0.00350412	0.00128561	-0.00363399	0.00452463	-0.00427574	7.5	0.018285907974185	0.973896	0.0	0.0	0.0	1.0	-1.8338332222258338	-0.9258287913293095	-1.1725747722818638	-0.9597118328399915	0.5201726387860909	-0.7616795448136241	-0.3719729989477015	0.14719694321670665	-0.2790900976052712	-0.5932970599563366	-0.45093592854228554	2.037046329958886	-1.321341323740307	-0.36507661286867604	-2.1545963676669393	-0.37491458922597215	1.07488318176776	2.006770601885749	2.4287316528626883	-0.8916760264903097	0.9558917000799715	-1.3746491078110332	1.0709622073066556	-0.3714131399864844	1.0824668093672176	0.6116205845305439	-2.3943933696456985	0.10002577347556423	-0.8639583975936074	0.0449176100577383
Br2257	0.0404175	0.114386	0.0143086	0.00696835	-0.00107631	6.4	0.0155622997836466	0.976309	1.0	1.0	0.0	0.0	0.6434386701644118	-1.207127396740098	-0.5389228014306897	2.0626368904092245	2.3654544028574422	-2.5619866783556686	1.7932620433132307	-1.2652802119485551	-0.6036865122602366	0.2183922722911445	1.1272731824664253	-0.3235144974130149	-0.9121925623599146	0.4648881901776372	1.8795249141843369	-1.3117295472251942	-1.5922489968868252	-0.9738496917309232	1.0548766030197898	-1.4419297466265626	1.3934257664349352	-0.6744946467417977	0.20446438285729374	0.8452822433431184	-2.3487522337593747	-0.4192526656696054	0.14727092355282465	-0.7563728335545647	0.169688111870843	0.8624589112507427
Br2271	-0.011198	-0.0101962	-0.006392	0.0030765	0.0363559	7.7	0.0217668158453652	0.966598	1.0	0.0	0.0	1.0	0.5544008540698127	-0.5060755615354218	0.6350364946028774	-0.37072564746305803	0.6256239625773599	-0.38837837451666	-0.48614983849831894	-0.9904757946751868	2.8894894771575586	0.6540496482348532	-0.8557096384468168	-0.7678115619606983	2.8989811013565543	0.6810720917596065	-0.5685516340855112	-0.6203144534140013	-1.6576815379081828	-1.4361043079572453	-1.1333336467349833	3.6529547455585583	-0.5191798584622338	0.45098993472178495	1.998000875832259	-3.191060071006644	-1.4388718661603552	0.790113767924363	-0.6137292684856304	-1.359369766349544	-0.5945183978882931	-0.1973161135866564
Br2291	-0.00707966	0.00345714	-0.000898685	-0.00373545	0.00211917	6.9	0.0368877393931186	0.97213	1.0	0.0	0.0	1.0	1.7318607331094389	1.0612825104432642	-0.6240041912428185	1.0344156191450073	0.38655854135339507	1.4707710133919636	-2.977899178838689	0.36198215235871645	-1.6376654060204598	-0.16944731517053596	-0.16067001889702784	0.3891298065299217	-1.9257202632601027	0.7364786573502314	-0.28830227283000975	1.2684824727772832	0.24408394692780774	-1.0949376740537444	0.43064453506650024	-0.771776962782237	-0.6045744275279412	-0.8862237060484235	0.17900703287212277	-1.1565219076120024	0.515295923738962	0.15589897783737403	0.8180368112432823	1.2141825949863947	-0.030378414341863006	-0.7271203467958998
Br2292	-0.0022168	0.00221267	0.00304419	0.00976211	0.0114191	7.3	0.0255988007780819	0.975031	1.0	0.0	0.0	1.0	0.8669007783851044	-1.6222308722128214	0.6586106058832419	1.4640494814889067	0.9818109870434506	-0.9252440538770578	-0.6293808243082805	-0.5878108398594161	1.356883258838156	2.0679931802885947	2.029971468671366	0.20652081630141425	0.7910269333920602	-0.6039355123594673	2.914630658172286	1.694810889075931	1.3189729306610043	1.8215207831665507	-1.7658859929021853	-0.6987307637664054	0.6290830400090648	0.4436186137385708	0.7161415027530154	-1.3028532774685935	-0.5291208318841163	-1.520526633642626	1.6939463987746166	2.945751683931083	-1.6578853891183265	-1.8938370578119146
Br2301	-0.00289691	-0.00817911	0.00183665	0.0164457	0.0128756	7.5	0.0311940915162476	0.967842	1.0	1.0	0.0	0.0	0.9966731224440623	-1.3955606276454067	-1.1698332576878674	-1.1305681133794518	0.07642370587290642	0.4724801239862052	-0.2992124529909769	0.46134821609355264	-0.5215001799387383	0.70356318406389	-0.3243701815757398	-0.8507126129956909	0.32542173622380915	0.10953406540025054	0.686164208941759	1.9252516999574678	-0.10362642568018406	-0.06054746883391721	0.18468874392795792	-0.21342131507296563	0.19449583632080403	-0.8140303719727888	-0.2080886462929652	-0.996679827680078	-0.10942018558518944	-0.47347651331535956	1.2614737767121718	-0.4019207839717357	0.043410390263480744	0.33536259813007513
Br2322	-0.0127437	-0.0128641	-0.00317034	0.00709652	0.0358601	7.9	0.0221342926132138	0.964381	1.0	1.0	0.0	0.0	1.0732302116698964	-0.47468311138646674	-0.2641916264378095	-0.7023925542075312	0.5730292222586744	1.0183202913721938	0.30144565958418257	-0.9956327752323695	0.15789768811150587	-0.7822441180063181	-0.3766456847865159	0.8044822519529794	-0.3986604267617254	0.4395236742303526	1.2794238740115806	-0.36097375449909264	-0.05275190891620186	0.34364734967562094	-0.374751188448511	-0.6538186009186598	0.6526006516690829	-1.306217157122633	-0.5367970577318278	-0.7054511452901531	0.2728446695221654	-0.4200092691307128	1.3855312508674893	-0.053625360587521737	-0.22533068877413578	-0.3213399535229675
Br2333	0.0457535	0.0108978	0.0485055	-0.00205686	0.0352811	7.3	0.0132437768843992	0.976387	0.0	1.0	0.0	0.0	0.8877578139923277	1.4488049364908309	-0.08484357502356617	-0.9178504539180569	0.3101130563417119	0.914311292395322	-0.28462632757520695	0.21417457993427994	-0.42617977288491704	0.016325319758802272	-0.638576094176675	-0.6371257227339452	0.21969294480473975	0.5236142485106985	-0.6435720822401397	-0.7159087356221886	-0.28799852469665516	0.6614348749575895	-1.1854709864230093	-0.938743724174802	-0.528198258920839	1.766418820664644	-0.16871407889685797	0.38744782645409304	0.37050314313884897	1.5604883759757244	0.16691124491124718	-1.2134498687743285	0.42858991176196215	0.7590128902702389
Br2337	-0.0075339	-0.00719529	0.00081797	-0.00342409	0.00646973	8.0	0.0226356189014867	0.973397	1.0	0.0	0.0	1.0	0.3454689852663708	-0.16228110771446344	-0.5027171197028204	-1.570184051229883	-0.10927283197152704	-0.6687127915515017	0.14130223977321654	0.8601065665587568	-0.4706823411728745	0.3854555627759796	0.6142383053443862	-0.9196141261839361	1.0420116122015135	-0.594245274442331	0.2027709404151454	0.8010781802419066	-0.24774102955803512	-1.2087770449831554	0.6504238880282094	0.6145456239639889	-0.7360476422169047	-1.257774189831259	-0.4159290918729798	-0.417172420695428	0.5359727886213099	-1.2643889529998504	1.666987162120356	-0.05903427754460589	0.4044720675006126	-0.28695678340547603
Br2343	0.0220211	0.0585969	0.00545024	0.00173522	-0.00623715	4.9	0.0325241747195753	0.979391	0.0	0.0	0.0	1.0	-0.17911658316283546	1.2595969036712433	-1.570144220125951	2.6969715472921356	2.451901794731491	0.0035050377862557935	-0.9333652823853562	-0.3216798158725872	-1.3611949748295955	-1.053206197563466	-2.7611237985668127	-1.4267881018060813	2.3263665363788326	2.5111085331915364	-0.5203988855304083	0.3106796877508161	-0.2903442407391606	-2.126570485052442	-2.190445924479926	-0.3904277607255954	-0.0899548896540137	-1.39158953587289	-1.6380834575198735	3.7244834355601486	-2.1105703505262867	-0.5274947031107108	-0.07401145605282512	1.9723796689733408	-1.1215715460236162	-1.139989700417227
Br2346	-0.00874616	-0.00963368	-0.00296736	-0.00675039	-0.0386695	8.5	0.041081754661871	0.959156	1.0	0.0	0.0	1.0	0.3144580525380998	-1.1821132248846618	-0.2231872013365368	0.046951086419201954	0.8065677467792856	1.7921403129918114	-1.3568331326928778	0.008013670845256496	2.5672207352065186	1.7636775634741697	0.7023952409182187	0.7298867417457761	0.3266960877351773	1.379353913201135	-1.158558075913627	0.8148627943455042	0.7176631496714443	0.9870385629445338	-1.0715154838597398	-0.9192764492798117	-0.9033201835698674	0.4915573404762658	1.7284137049646038	2.3634401265055005	-2.3753204126713205	-1.3855510769263357	0.36613630536034675	-0.5968330466569021	1.051176101719092	-0.6513618995114474
Br2371	-0.010877	-0.0183166	-0.00148252	0.00898238	0.0296242	7.4	0.019115189847621	0.971871	1.0	1.0	0.0	0.0	0.8419625952273085	-0.7204870693655008	-1.184113548358983	0.09263236402247972	0.5619349419722869	-1.3827508193671783	-0.9836428185798815	-0.028666114915425086	-0.4732471850497726	-0.41125938340334867	1.5062861315380438	2.089280426452915	0.4949827409585579	0.30082668109561894	-0.9585129839025741	-1.6755566888683016	0.09033628453851617	0.7080270937910149	0.9624027342806072	-0.006886501234165741	0.7549418871466522	-1.271622091005833	-0.7036617428248255	-0.3110135706647514	0.03375723143492795	0.005065926015131507	0.19464054421899313	1.5559518624765654	0.5538153238357596	-1.1707562053767953
Br2374	0.0073755	0.0313022	-0.00534328	0.00546723	0.00658448	8.3	0.0269179362637788	0.979124	0.0	0.0	0.0	0.0	-0.5094786308477052	-0.37440525722198886	1.5623866217747788	-0.514860521818125	-0.21390913152053992	-0.8278090077090583	-2.1416928624755216	0.7747292079894182	0.42620892850431064	1.7126265148809796	0.9395810257735053	1.2629128328378296	-0.3437281133595788	1.5299813868397476	-0.1755902675299815	0.016048177403369984	-0.9871408203336889	-1.0732467136105288	1.1139499115752227	-1.1074437450916066	0.5585927784597825	1.3427067154100458	0.09021330292166758	-0.0050455693902543945	-1.9813022341514566	0.4937947500516334	-0.0011908677249642275	-0.5765647490831558	0.6332067618609646	1.5095367691828776
Br2421	-0.0110804	-0.00998665	-0.00814228	-0.000155392	0.037021	8.3	0.0231879123055732	0.968781	1.0	0.0	0.0	1.0	0.8624686653211823	0.5581254335248401	0.44592813296690437	-2.127684390219873	-0.8801043795222466	-0.1799752590705848	0.8130731083320845	-0.7267578670444849	0.1547956961881516	1.2413975122721832	0.059050390849479245	1.363102029541831	-1.9556191403847543	0.37366217364189014	0.07084741552636846	-0.2267578706834274	0.08819430891083738	-1.239228204907869	-0.0311419644584332	-2.382364682846905	1.086125357223122	1.3385849924154147	0.5041507955018873	-0.063836053382576	0.30010931836723825	0.32423385675439315	-0.7372120995557084	-0.6660656666651945	-0.7057514032421274	1.832703654197255
Br2423	-0.00518869	0.00266046	-0.00891902	0.0069527	0.00254784	8.8	0.0098422285349748	0.977461	1.0	0.0	0.0	1.0	0.038429227550811344	2.566616572566149	1.431797545452002	-0.5843293217200112	-0.6806469762696088	-0.5348831459485671	0.8576332377142094	-1.130317888396213	0.38010365505860366	2.3906701428045256	-0.5525897193801859	1.2515375459992018	-0.12106858545569896	-0.054113430886984684	0.6259238524466877	1.4536970295772953	0.559620907134035	-1.0880086332477255	1.3955706103209409	-1.2859865012096832	0.5640209291537727	-2.6543079195944794	0.9769082559263527	-1.3300756693745168	-0.89077458833218	1.7471725945100276	-0.2949488730938786	0.032018327480848846	0.507584585003196	1.64835581627584
Br2425	-0.0107728	-0.00865618	-0.00319766	-0.00044396	0.00524012	8.4	0.0283730424029909	0.973655	1.0	1.0	0.0	0.0	0.24721852031940147	0.023335514081393675	0.2060782195198702	-0.25865063175973707	0.3713909036012049	0.5755627369422223	0.9364497657762255	-0.607161340828331	0.8908815938357152	0.5640426520968373	1.0487965836841744	0.5253708455832453	-0.25525666919270834	0.8640149661082033	-1.481498511050272	-1.186765963848408	-0.0067607820850824505	0.12147657639528997	0.9975208280109965	-0.39872265663472695	0.874104891957343	0.9896294846258193	0.05598345064915584	-0.550212336899052	0.8187441083110384	-0.03233542570688399	0.09524621544334473	-0.22120618509380005	0.3100188962291881	0.2610705709759691
Br2454	-0.00902018	-0.00438263	-0.00438412	-0.00691478	0.00989485	8.0	0.0213709777565812	0.970793	0.0	1.0	0.0	0.0	0.2637135137387559	-0.14258858458470075	-0.02833633157957886	-0.045858579132399956	0.8416465676744018	0.37762949576190014	0.37482012915491425	0.9165719785157291	1.993298226982655	0.8173964851871939	-0.21554646300266195	1.3321464394847151	-0.7183812982286965	0.07484175609106229	1.0467887070248578	1.1363980949572396	-1.2649383272760601	-0.0014499573609607149	2.130305739547548	0.16431029264769995	1.0253829726395138	1.1443987872649526	-0.6507902609204269	-0.9489886786067177	1.4752341061052152	-0.523536014286649	1.4549373497445448	-0.16971791353500124	-0.03586351273986719	1.8015467016608497
Br1023	0.0441544	0.118148	0.0146055	-0.00107632	-0.0106683	8.9	0.0168946761325369	0.974979	1.0	1.0	0.0	0.0	-0.041515447970652444	0.2465490135610505	-0.4540806932574441	0.5964477454445779	-1.6624716712254461	1.0376595276740306	0.7425525801360602	-1.8862380230078943	-0.10506910060254071	1.921965195311563	-0.40994681645699466	1.28673218684836	1.0562050459675538	1.2864946834749729	1.5702397156532126	0.3994366208880279	0.08635122595530344	0.4367326764292393	-2.1866238111796292	-0.8740058955154448	-0.24312430848138505	1.489949001713277	-1.2872900842793475	-0.9390579322373245	0.8603247120544653	0.3899713129895966	2.449535655318476	1.1221458275621021	1.0151347422067722	-1.6298933937681945
Br1033	-0.00277948	0.00388058	0.00143316	-0.0130773	-0.0431083	8.9	0.0345238099679074	0.968029	0.0	1.0	0.0	0.0	0.026057959195624206	1.3024861818614535	-1.3472253297553551	1.2292197111097347	-1.5933943046022796	-2.284644666079773	-0.926448191286335	0.6603370255276759	0.4929638451716072	-0.9320297423322123	-0.3188468530165724	1.312553446779019	0.9967556161168255	-0.0772422511599933	1.08340132610682	0.279687323362623	0.35747101386052	0.3463241204611836	-0.257220619921419	-0.31367982291848295	-0.35845322730718765	-0.6445495422942882	-0.42529548813158874	-0.09181310041525376	0.5909939032149903	0.4915749177791976	-0.2473827122780949	0.7070021110386779	-0.14428814945999835	-0.6002284320466984
Br1034	-0.00537136	0.00664888	0.00160894	-0.00936537	-0.0164119	9.4	0.0344730112215203	0.971639	1.0	1.0	0.0	0.0	1.0839560551466898	0.28587676319595823	1.123683099889525	0.5737697396824908	-0.48637157719703933	-0.5243798542672177	-0.44920081030142345	-0.538171398556192	-0.7894716430178492	0.22525588630670176	-0.43418917522879447	-1.3086851170147407	1.4123119418450727	0.336603295516249	0.44590656478144536	-0.23377034517783946	-0.900255365569351	0.8646222467615177	-0.6939962121679144	0.26885160227072613	0.7873599256975263	-0.4029946879155249	-0.42160672556615614	0.004555863139354504	1.1247622276942977	-0.7414342058098329	0.3306255974610007	0.057432691932209935	1.1083514844136617	-0.43096712330651094
Br1139	-0.0105834	-0.0106964	0.00129976	0.00254499	0.00984033	8.9	0.0182137661654303	0.974152	0.0	0.0	0.0	1.0	0.3691790526726366	-0.8946525239396689	0.0030014694049887553	1.108136924651247	-1.366574723495765	-0.8524145460843254	-0.32895842042726875	-0.675347861265629	-1.3829314433165403	0.6876283725885883	-1.2988796868197323	0.32255671153559545	0.8964504440686799	-0.6058393039898343	-0.6179417201881796	-1.0283459846221275	-0.7456416967549109	-1.243233998898383	-0.8207386403175962	-0.2743001248648081	0.9972645973866698	0.127041159924406	0.6421032644874247	2.5042223196272144	0.6575420872772954	-1.272910315098533	0.7523816839184352	1.7951169927780835	1.0447957855716716	0.2021861311197338
Br1243	0.111378	-0.0224393	0.114441	-0.000789926	-0.0136124	8.5	0.0148885303501622	0.968341	1.0	1.0	0.0	0.0	0.3222737627326804	1.1528165483943933	1.417509657127894	-0.8285436251610577	-0.5980890690199534	-0.2616503109108449	0.9630839256744181	0.42722613281971894	0.381185388456889	-0.1994968735735937	-1.8265292583700672	-0.2205174405757146	-0.4425230526747329	-0.641609934765749	0.08553445754013649	1.8760341995420298	0.2844485815439628	-0.15020019656105066	0.08048910831407942	0.5011953471435845	0.3913135402661209	-1.1787727649219384	-0.29887329819175856	-0.0300689524840049	-0.645238903776941	-0.011679251982000703	-0.33847958145697254	-0.524458278199107	-0.04394571901592044	-0.687524191614664
Br1264	-0.00336777	0.00782376	0.00331385	0.00510579	-0.00373742	7.8	0.0189793264586419	0.979673	0.0	1.0	0.0	0.0	1.4067459998874492	-1.2256456644771945	1.3500949620690965	-0.20067805336002298	-1.5168659901650041	0.9143969352362172	-0.20498833065675268	-1.6650106676419938	0.23684442253382834	0.38599904819776615	0.7966471219240733	-0.28783332721363863	0.07068347054274511	-0.9438299920397374	-0.48530438407376625	-1.962677859937953	-1.6628434152079397	-2.5036054215479426	0.9221984951276382	-1.597405060145904	0.8318109094406924	-0.4229871253683828	-0.6683944542798144	0.6536512723804402	0.2138275904688699	-0.3453367447987854	-0.40711906024338373	-0.8047317035528359	-0.07716348185015712	0.3002708520059132
Br1304	-0.00537797	-0.00941365	-0.00629146	0.01639	0.0195898	9.2	0.0236059556587949	0.972089	1.0	1.0	0.0	0.0	1.1648937213992405	0.2753687278280933	-1.1285335777921504	0.167672115595902	0.09006262546639372	0.05036925448620624	0.7514936347263242	1.4209425473574289	0.6488631570381478	0.12963238294957294	-0.7271342607902408	-0.0177886466608706	0.63082142456764	0.4450872721080536	-1.2494004366096465	-0.10026622690363507	-0.37527638676129	-0.2009280793581678	-0.21210948759202067	0.37884922962587764	0.3162016673294255	0.23727941424684731	-1.5159537782804227	0.25680287950604896	0.1718681059844124	-0.37486606104346504	-0.8010638130349726	0.2875380385666048	-0.015066527991830113	-0.22811219168047883
Br1339	-0.00553373	-0.00346311	-0.0019399	-0.00514697	-0.0392255	9.3	0.0250804972026	0.971213	0.0	0.0	0.0	1.0	1.201482575172652	-1.340564135934503	-0.1572373963224226	0.6158232184053539	-0.2101455402344764	0.5696416559582501	0.5332161361135176	1.96590488957971	-1.3519293100105014	0.23110923906655403	0.6503598553556471	0.16760278695930825	-0.008670886607455302	0.4773597442785044	-0.49491849756057815	1.0669615163945254	1.160132349827407	-0.3147275897712414	0.6095731940203878	0.30883074130200255	-0.2531554796064526	-0.14414258485842812	-1.1243496403146833	-0.0022799835148532895	-1.0926586668855072	-0.7672952851280989	0.20085258281305898	0.0032942903314819526	1.4665846915164522	-0.013470873838913345
Br1350	0.0148438	0.0325791	0.0137566	-0.00960337	-0.0471533	9.2	0.0361112494884664	0.965897	1.0	1.0	0.0	0.0	1.305711774310837	-0.6448166832606443	0.6959242756966935	0.5212493479753331	-0.20534009633715333	-0.5993103863496181	-1.29297802033641	0.7245447117045535	0.05981680012946102	-0.24644320044580467	1.7073542003768327	0.4550746062335529	1.7097927218853741	-0.1409644008657942	-0.5355213699366305	-0.856987979030861	1.357815528077531	-7.664058280477429e-05	-0.5640091954138349	0.6172373391603746	1.9704619735915532	-0.05023626188895369	-0.40456433353501065	0.5714054350988456	-0.9291533907421653	1.2895405954965724	-0.6997637168119403	0.03705754060074504	0.13350715454585765	-0.177750605023425
Br1378	0.0108138	0.0341691	0.00312181	0.0018491	0.0172164	7.5	0.0330050486833841	0.974752	1.0	1.0	0.0	0.0	-0.22720270452549912	1.545270916174566	-0.7246290536864817	-0.5210363457037188	-0.44620465579813284	-1.2491847020989184	0.9918734132726617	1.0757953862615157	1.798867342642169	-0.44755780529140526	-0.009137403787224907	0.5575074667488159	0.5246045158557233	-0.1849285418897327	-0.2521613090041824	-0.6642576943362581	0.811783470568953	-0.3291945304497809	-0.4711858640288816	0.21256753645891263	-1.3355765320002717	0.07095949976793645	-0.5742463075475006	0.222705033677049	0.03331039928935925	-0.02772461258056701	-0.06547141737969919	-0.2122236327397458	-0.21533473434050623	-0.3313965395094196
Br1416	-0.00224336	-0.0176825	0.0179161	0.0043151	0.00670616	9.3	0.0244956568952989	0.971209	1.0	0.0	0.0	1.0	0.7406490605543653	2.029507428582114	0.03342071778551947	-1.5478259274525252	-0.8537280098268768	-1.2418180338287022	0.816307349418907	1.1097642601367892	0.6220841822207214	0.6701774354536199	0.4363252679090525	-0.8110344189393542	-0.4123124499063338	0.01106570346702628	-0.4118970299216081	-0.10761319044840008	0.4755224802741024	-0.9491096090739144	-1.0052119999800873	-0.5678437120285045	0.9225076885612749	0.7924782494275002	-0.40782110207006245	0.2295110884855676	0.25002478140328227	-0.23846988271346975	-1.2659257359919627	-0.6513458012887128	-0.473303621020198	-1.2173007641141393
Br1443	-0.0101869	-0.0127248	-0.00516547	0.000752154	-0.0264618	9.1	0.0287760178622932	0.975304	1.0	1.0	0.0	0.0	0.0968376006176439	1.0449069254038754	-0.007646544423741572	0.20833493751896828	0.3611514823825889	0.6635365869761243	0.6099677293222813	0.6433582581280926	0.5854167629738608	-0.4603695520965119	0.45441696875113985	0.13004748960468887	-0.4251667414252453	-0.4728891452454359	0.2545482638415091	0.013529400408100857	0.2309973089823718	-0.37227054014036554	-1.2928435384626396	-0.8939074245002733	-0.03507968375851693	1.3099832291710622	-1.3484076711757478	0.6781886733156962	0.20933592443355564	-0.31011562480516475	-0.8187368313557297	0.2785745576927313	-0.21632572971214467	0.509102906846297
Br1446	0.00880641	0.0289275	0.00338938	0.0126176	0.0141906	9.7	0.0259130535851451	0.972852	1.0	1.0	0.0	0.0	0.5714752799461279	-0.6992168682903396	-1.2319116906342584	0.5711569533792386	1.0380847875949548	1.3537166304006647	0.30091150020013957	0.45801699825093484	0.14545198125460168	1.1093266398631094	-0.007690804584012409	0.39167329528201683	0.42803110401767913	0.3401343076619587	-0.5984510519495746	-0.19713919437529923	0.5802902379756223	0.25647656164352767	-0.7450688570473983	-0.7540817777880151	-1.095484086622639	-0.7126831503744292	-0.017785439900225252	-0.2983456136454137	-1.0957969375091734	1.0552993748466422	-0.22372464415465884	-0.24467227190044652	0.5882684861070313	-0.443092969947066
Br1499	0.00279159	0.0120389	0.00884062	-0.0180079	-0.0587534	9.4	0.0273019082548472	0.974677	0.0	0.0	0.0	1.0	0.08679099606849687	-0.2366726361651532	0.7677011155709811	1.9916085675194097	0.08384926108070977	1.1808949994220095	2.5890831226915316	0.562025445915905	-1.478935562429339	-0.043014963146194345	-0.14418116753813048	0.6105285658278623	-0.5675980170669418	-0.5464780080984797	-0.33566741826545093	0.02880327077948184	-1.115272316848469	-0.8644486709211002	0.2621886563709075	-0.027384510860431546	-1.5323171806927962	-0.6480070084858516	-1.1139699728228525	0.7319398462991316	0.36438978955810236	-0.900452157281997	-1.334838763724568	0.6656979376014566	1.3709724607363365	0.11306585738503666
Br1529	-0.00987877	-0.0120555	-0.00402665	-0.00739077	0.000360628	7.6	0.0275896316980504	0.967793	1.0	0.0	0.0	1.0	0.17924384941288168	1.3315167645472963	1.2443567215677147	-0.8531848820448237	-1.4583727683050511	-0.6337631184486604	1.0457042260292853	0.04217965485618476	0.37854734761629133	-0.7186491407838791	0.04282097401743079	0.22534205617655606	-1.0695807089370069	1.1354308321612998	0.8141329773818871	1.315680219699513	0.4915744420765272	-1.3075651085499398	0.81424556933031	0.2894316410522225	-0.8075999260984921	-0.39485538673995296	-0.8164453763179231	0.4345625042753532	0.9550473515458877	-0.10696520196127535	-0.5027640280410632	-0.32732775981523715	-0.16904492919974692	-0.48513873710712013
Br1637	-0.0061812	-0.0119402	1.92902e-06	0.00297431	-0.00616043	7.2	0.0332180264286092	0.978728	1.0	0.0	0.0	1.0	1.1338324019134416	0.02159046450457788	-0.31162104720437384	0.17778260478918062	-0.4483341387443245	0.6317124222367041	-0.10750880366772467	1.2541046185159612	0.7888600610969808	-0.33577284129586515	0.7569900511005283	1.6854006556389372	-0.035286507318569346	0.07531603356718919	0.2446400515805146	-0.5468066001933063	0.009485405331136636	-1.061078127882746	0.7950998639348642	-0.37056428315063783	-1.2088494873708142	-0.027610450561698276	-0.1481167030298129	0.9178614857623	0.45131664848838626	1.3288921926803425	-1.0322640161106567	-0.9445200594786797	0.39225215395588914	1.119094234914701
Br1646	0.0152642	0.0583817	0.00736855	-0.0012189	-0.0125958	9.1	0.019868292426712	0.971727	1.0	0.0	0.0	1.0	-0.12340979547892496	0.1676702582985536	-0.8121945769022435	0.48213468729132447	1.0819208359409316	-0.4848440247877569	1.5815553432411535	0.13161107537793276	-0.4223226392537923	-0.628577520128502	-0.8402846355728477	0.6173495040484314	-0.5870774336752402	0.20372233930734754	-2.2801696513471166	-0.1807561345947437	-1.019986433214866	1.571508772850655	0.10463008028188867	0.6469883207673607	1.6875178827119883	1.9809954358333015	-1.220501366212104	-1.1893320355051973	1.1925624329682043	-2.825540317311365	-0.12138141168927467	-1.3004556782478587	-0.5498856773273788	-0.09999318409470274
Br1648	-0.00725998	-0.00526728	-0.00650757	-0.000384917	0.0248883	5.4	0.0484660725464255	0.970002	0.0	0.0	0.0	1.0	0.6504198579816539	2.49819855641547	-0.5766969097168251	1.8287167763829162	2.0575170426787093	-0.39410896938261036	1.372108009253173	-1.782698731005229	-1.7280049163544746	3.0252060799817357	-1.4034170676371898	0.013396377108950024	1.742118283593208	-1.1138487041099316	-1.1223451963778746	1.091034073128869	5.209680627105861	-1.3612742748683981	0.3125865201843109	1.3464548630742996	2.0156368250663057	-0.9933928258696065	-1.9239613516428087	1.3336153120371166	-3.2672354733236872	-0.5662159760986107	-0.15227341346687148	-1.7340779136349627	0.4030721331374975	3.4707171298441826
Br1649	0.0351322	-0.0220336	0.0547889	-0.00398603	0.0268986	8.7	0.0277461572281019	0.980002	1.0	1.0	0.0	0.0	0.14684547378203178	-1.5765657899134011	-1.2475487317217113	0.5953248267719669	-1.199423119698291	0.10493782843555993	0.2161187070731444	0.2695559011077943	0.32072366432569466	1.5327608819807128	-2.0661722313297117	-0.2246122168178015	-0.3666334828736072	0.5443639723816892	0.4930017096205589	0.24792826075058455	-0.4371578055937809	0.0978590060862586	0.5628127294258101	-0.23303889093889874	0.7386081728265729	-0.3333528532305139	-1.3868015964880926	0.47058812962964636	-0.6571212801324345	0.0569885541649479	-1.9693571889938335	0.19221709622354538	1.1174821920838458	-0.13914334920357774
Br1678	-0.0116439	-0.0164435	-0.00226446	-0.0100221	0.00862866	8.4	0.0231825983492319	0.968842	1.0	0.0	0.0	1.0	1.1774016876808713	-0.7319333329339971	-1.2138901644540565	-1.8989162177624779	-2.2330982979639686	-0.910726699610409	-0.9328334484533447	0.14172823225864772	-1.23774185202729	1.1334588247812742	-0.28356774267114515	-1.0091770757919334	-0.26492143053096284	-0.9490229709224397	1.4009616204126791	0.43774907336747365	-0.8299002681809462	0.6056570987025397	-0.49034490238412587	-1.044877166083941	0.7428188964677738	1.1386313660624336	-0.6828019687490846	1.0853850175161275	1.180606666354379	0.9751789404481263	-0.8745320815813205	-0.9536617907379737	0.7437815235380979	-0.006075877368156062
Br1738	-0.00632811	-0.00742208	-0.00700208	0.0051219	0.00920619	8.2	0.0165440323961043	0.978991	1.0	0.0	0.0	1.0	1.2726029361799283	-0.2586675321033752	-1.1099532458893935	1.5729589066439258	1.6852733310304548	-1.7575755931269526	1.0671238213015846	0.962959919829113	1.5016159154146045	-1.5951628303506493	1.0675629845940813	-3.380327816684985	-1.7973879185373813	-0.19960212476445405	0.0304003460419604	0.097129917043786	0.003252446612992561	1.43878275515977	1.3639645060857253	0.3907045957637881	-0.40339371922279316	-0.5885228672815539	1.7805157151805429	2.3036216654474555	1.2727641532135192	-0.9157993966128348	2.016214760036224	0.9129334577251086	0.790492234380973	2.2200813897151512
Br1432	-0.00640604	-0.0111591	-0.00487699	7.98288e-05	0.00390466	9.4	0.018848559064682	0.970275	1.0	1.0	0.0	0.0	-0.7243208436430318	-0.43614603578077304	-0.11662514669861652	1.8043983808039825	-1.664956944283761	-1.3285781149060187	-1.206816007672915	-0.5283744909711986	-0.9808593784367702	-0.33411622389943924	-0.9219291304932027	-0.5392065609026565	0.4701036722652124	-0.2740738291115464	-0.9669241256196911	0.3507434408414864	1.0124530855558387	0.4318795447570773	-0.11227937748287359	1.330438155809387	-1.0531143738163624	1.5282856619567204	0.2858618337299635	0.7951355277804725	-0.6075881826472731	0.41814607626491856	-0.07442138413643672	-0.38164613277106646	-0.9531390547381251	0.6200905123523682
Br1458	-0.0104739	-0.00759532	-0.00728349	0.00340522	0.0102203	9.4	0.0271465962741355	0.965594	1.0	1.0	0.0	0.0	1.1138095433719064	-0.27929076803457675	-3.3437939973562845	1.176375480962916	2.653075307614524	-3.4479594983735833	0.7631601422218788	-1.8372511184352163	0.6414957415834336	1.064537474674352	0.5673874331976234	0.3072856952884598	-0.25520262873189786	0.3748604577448432	1.0156651727092725	0.8628924140740799	-0.2809832926284061	0.14726149067770944	1.0340674695402232	-2.6756085752056027	-0.6247026874922765	0.005914384374123639	0.7796274082841964	0.3504192629518738	-0.4190670511989507	0.15816069636341776	0.813113477061347	-1.9689768955996934	0.9442444796615799	1.2926701292979008
Br1463	0.000383558	0.000660291	0.00747535	-0.0150438	-0.0482197	9.3	0.0312007838798247	0.976028	1.0	1.0	0.0	0.0	-0.3517757513217012	0.013256220225542311	-1.1163272119947414	1.426581677589711	-1.870176108447648	-2.146873327362336	-1.2402096821437256	-1.2592547038595745	0.7211576120171641	-0.37486682421447026	-1.61540554000621	-0.6242744044395274	-1.1303592565998912	0.3175725011165439	-1.1844695431806511	0.5884171011064718	0.5084608203929389	-1.2355365542903904	0.16782296111521003	-0.017053765001152146	-3.1455185140459996	-0.31288078582098666	-1.7863322486147235	-0.8149390836898375	-0.6417828536595642	2.4550768436249752	1.2954442385835157	0.03366115996260654	-1.8194717222685326	-0.48025342212379407
Br1581	-0.00367868	-0.000759603	-0.0041967	0.00305904	0.00611503	9.4	0.0242268895618748	0.974805	1.0	1.0	0.0	0.0	0.5340336715003626	1.1399954261145056	-0.748172952981319	0.0930434333690645	-1.2912262876589549	-0.9306695748518098	0.09758114528310469	0.41016599867899023	0.6103473365360599	-0.147096222936356	-0.8356005025641968	0.005974483674693469	0.8075937706627793	0.5535679166199132	0.9667972654129385	0.2854619719942385	-0.40271034321611343	-0.1015342588589644	-1.0008844905145489	0.15459274579725105	1.4895976945953362	-0.8573745909908019	-0.6993287397121707	0.7720555363780847	0.45774192689298876	-0.0333679090520284	-0.5938746114780799	-0.1264807307821724	-0.3504824124922119	0.12373898177273486
Br1682	-0.00900184	-0.00995369	-0.0027322	0.0134848	0.0189518	9.3	0.0369943582978356	0.961768	1.0	0.0	0.0	1.0	0.7228074379879331	0.5657341485743476	-0.9354507127227941	0.819829169049126	-2.8306723656897543	-0.5039404315392142	-1.2000366802619633	-0.51194590274198	0.32978575811355487	-0.525885633492761	-1.084588701384687	-0.20528154806673665	0.22792060615654616	0.6677643587262051	0.3613708245141839	-0.37107477674702327	-1.6532740587595456	1.3249544520160264	-1.049419436864438	-0.3516142857964211	0.5122800281775103	-0.03422091273859661	0.04858606150296623	1.7411973153467346	-0.12049436976120197	0.8559282112727904	1.379085839355383	-0.45160973129685833	1.7056139565955803	1.3654619687638863
Br1890	0.0123051	0.0435404	-0.000699733	0.0102782	0.00466762	9.0	0.0432496728343798	0.976772	1.0	1.0	0.0	0.0	1.1663574504824636	0.4785256391065484	-1.5048496062831713	1.416125577778124	-2.056751888159956	-0.6842571514211611	0.5603697553694132	1.064396027496271	1.4764752065483828	0.24275007057507708	-2.2888545555509876	-0.22852215123067418	0.33838896613280556	-1.1575883943008856	0.8125630695268434	0.4499916195148097	0.7817642122108618	-1.606702512269532	-0.21809625294377866	0.5657408358742451	0.11726324755389357	-0.7088612437837003	2.0087569614723884	0.41009183730140103	1.325084063866042	0.6258082616857831	0.6024255796345718	0.42824544560224453	0.0892202357520103	-0.6490577554883855
Br1980	0.00206329	0.00606532	-0.00259543	0.00580271	0.0130413	9.3	0.0267633193229632	0.971805	1.0	1.0	0.0	0.0	-0.2678064874740357	-1.0368653658385396	-0.1279492905840171	2.427415083383744	-1.0115763358651768	0.38710949526405414	0.11723857869642673	0.9236212715438403	-0.7177609420617018	1.9478777699065009	0.16396568896533992	-0.20752466944516332	-1.4230049232237343	1.142614123030363	-0.20514456524752395	0.5925903217466535	-0.9015014386804239	-1.434490159146803	-0.37356593006664074	0.2744600237829936	0.4161183071528296	-1.5086606203488309	0.05933921255620667	-0.8405392390100023	0.03778896219587071	-0.6819093883876343	-0.11059261951835413	0.23595234900457612	0.37280438499654583	0.9906626901148399
Br1998	-0.00113897	0.0036327	-0.00543609	-0.000245392	0.0128872	7.3	0.0263003385214712	0.969149	0.0	1.0	0.0	0.0	-0.9085064189070323	0.7843059908499624	0.4856448830694755	1.0617419320572397	-1.6290477447093314	-1.527653955954778	1.2428423214531865	1.2271168289196956	0.06259933354749311	0.39829440827232415	0.09675493566044396	-0.9261894047315713	-1.9622791778433344	0.13892409601500097	0.6235418769685046	1.0927638002556248	-0.2566599958151064	0.14559716819487353	-0.43273046338140014	0.9338534577618347	0.8166102593792349	-0.6436310281768867	0.5708279069070981	-0.221201607246781	0.16279846761376657	-0.5376331488771008	-0.0832851135694639	0.2760284429372604	-2.1704130824426313	-1.5661647134222478
