	SNP_PC1	SNP_PC2	SNP_PC3	SNP_PC4	SNP_PC5	RIN	mito_rate	mapping_rate	Sex_M	Dx_Control	Dx_MDD	Dx_SCZD	HF1	HF2	HF3	HF4	HF5	HF6	HF7	HF8	HF9	HF10	HF11	HF12	HF13	HF14	HF15	HF16	HF17	HF18	HF19	HF20	HF21	HF22	HF23	HF24	HF25	HF26	HF27	HF28	HF29	HF30
Br1436	0.0331909	-0.0183912	0.0452915	0.00386032	0.017334	9.6	0.0283904836183317	0.964728	1.0	0.0	0.0	1.0	-1.2714788328840887	-0.49276554198936984	1.7069005198812284	-1.6253059265021226	1.5343088408273193	-0.9820310000670515	0.8635965623907832	-0.902748502829022	0.7266686933620453	-0.866949026530618	0.42335720585484804	-0.38875572082188964	0.8876276598723765	-0.6169803996705817	1.739299635813812	1.0385614390881184	-0.6124043790355824	0.278747299111999	-0.20034256596875122	0.4623582536119056	-0.6819192653515329	1.0087463327933126	-0.6577305511104019	0.10735821536535861	-0.04791173269466721	1.0855866693523948	-0.25632462302539577	0.8224334204882577	0.08064451438664606	0.24848460633124497
Br1183	-0.00811196	-0.00206009	-0.0105454	-0.00238451	0.0167652	9.4	0.0217275636210941	0.975639	0.0	0.0	0.0	1.0	-0.5409459118211528	1.2013985504479028	-0.5071326347327145	0.15731474713863147	-0.32390155405063553	1.0911342643622268	-0.2920855211438601	0.7095079405621572	-0.6399369959919006	-0.14144390093196813	-0.5891108079758871	0.1379760016711139	-0.7249645402868725	0.6191405221802128	-0.9751699298588429	-0.6487446530771586	-0.26066372269700033	-0.8345781641558765	0.3411905034664205	0.37205938162890356	-0.7407623192240714	-0.8497730878474263	-0.43258423789306755	0.174482374304255	0.653278582144183	0.2955938218929284	-0.19151715281467505	0.20737912710320397	0.5527130504649529	0.441474933752014
Br1610	0.0976564	-0.0711307	0.17099	0.00104482	0.0323574	9.9	0.0236197710363455	0.978205	1.0	0.0	0.0	1.0	-0.10844752239406788	0.7188330531716475	-0.22966624007495934	0.6040017541391683	0.11551366398088454	-0.4038067606216528	0.10623492688817465	0.6358938031383286	-0.959746672014362	0.36906953656079255	-0.13954907202473799	0.0336517454197307	0.03661911020130629	-0.17252112284084778	-0.4858185410268383	-0.16741375606967326	0.7039171228042862	0.37542430859255926	0.8776986174097576	-0.8508466547954943	-0.9905971246941357	-0.6093635144300622	-0.42113458189507175	0.13854765536110092	0.2801566618124675	0.2661071284515209	-0.46010078824363876	0.4318787805772719	-0.3438176370213764	-0.0744340880377171
Br1958	-0.00150171	0.000261064	-0.00468931	0.00155904	0.00453537	9.6	0.0313073525370066	0.971743	0.0	0.0	0.0	1.0	-1.642306699010604	0.40070924345395803	1.4190024527539449	-3.0672352677285195	1.4837673862975784	1.9332297658498432	1.3804261063690908	-2.3237030290736094	0.6883857853350496	1.5415314404966343	2.464381620477116	-2.1482991862324106	-0.5029065647444606	-2.1310148004310983	-0.057952669132459715	1.2540829990276943	-3.2706248362149064	-1.4310598536864585	-1.2079094760849705	0.8151266130952158	-1.2676639800182299	0.9427998648566749	-0.6848833692985149	-0.255248033516082	-2.49653642465915	0.48458556322166985	1.6249036938014483	0.8112378061276734	-0.7100017438470884	-2.089281109494061
Br2470	-0.00461103	-0.00714756	0.000413109	-0.0079015	-0.00896283	9.0	0.031612955586753	0.974465	0.0	0.0	0.0	1.0	-0.0721151729049996	1.1166901649019059	0.5687316284129015	0.05976560178571418	-1.3704481270498432	0.25449681285255427	-1.4787422228305414	1.16661848934492	0.30742977864694454	0.03272413552339856	0.6709714169050561	1.0378479248455894	-0.9977911614564542	-0.4407561709660444	0.8478959055848513	1.7820416829089507	0.4333895009433658	-1.5193417495647088	0.09787313689602067	-0.4256908744594195	0.01820924407453629	0.11781806680642005	-0.01983259494263044	0.1689342704473067	0.07091405779799244	-0.5913490037283547	-1.3704070381201994	-0.30875908694366183	-0.45457265551643133	0.30078399842597914
Br1271	-0.0025221	-0.00383056	0.00279581	-0.0207166	-0.0844361	7.2	0.0447371423200946	0.977174	1.0	1.0	0.0	0.0	-0.5520549223718305	-0.8936214619046298	0.42901707938568523	0.4285629036980902	0.42123995759709826	-0.33044599960068516	-0.9949211230832384	0.7729533937120225	0.5531061279878244	-0.18684289667061052	-0.29780488489436263	-1.275174534548765	0.44196146508983314	0.22668309260446698	0.6784487263830437	0.04289254105830588	-0.24149734695242978	0.8882383577474486	-0.12066894839745738	-1.4279774100403932	0.6225129191272851	0.21559265624437582	0.46458150134734993	-0.7896510814161112	0.014112997138316591	0.09817791159675032	0.6149164446166121	-0.5019212991997807	0.28009540849208925	-0.4517388071010818
Br1279	-0.00183629	-0.0111445	0.00519037	0.00739412	0.0142118	7.1	0.0254178580838588	0.977412	1.0	1.0	0.0	0.0	-0.9952086803489055	0.7326612752075395	-0.10395103625063143	0.2652150327059376	-0.4608276506903386	0.4754286484123455	-0.06843929737055336	-0.18868237165790872	-0.5386012643433731	1.7322986072054902	-0.2534889210943338	-0.03452960387074877	-1.0546882565069235	0.4607774981156955	-0.7879256791427119	0.4063484002816971	-0.629368853783365	0.6641898352629878	1.043760877322514	-0.09299788577657983	-0.059452289146042586	0.0570278156521119	-1.085750517925935	0.1443366453492481	0.24757905627775767	0.45748317911390013	0.37193342132081003	1.1093796624328216	0.6662670526666755	-0.18822519739115642
Br1987	0.00958993	0.0302291	0.0104715	-0.00135846	0.00270585	7.6	0.0205281316413672	0.976447	1.0	1.0	0.0	0.0	-1.0229379107763483	-2.1865361512558894	-0.8984991504474585	-0.08025266179013903	0.48743784606482243	0.4262768765536827	1.908881022126951	-0.5757386274915512	-0.40368635728368557	-0.06778903343151388	-1.5706478032494258	1.0058867848690092	0.9156399909964508	1.057338064778239	0.7256005037267602	1.7267201870277877	0.021411540898384415	1.1927921589400154	-2.5741143276968654	-0.7346319667429827	-1.1321195120499044	1.193590507998691	-0.3346968969667639	1.2221764049790649	1.541161640978872	-0.32587752835048656	-0.8473794153211518	1.3748386429164685	-0.5846564325745146	0.129121449675221
Br2353	-0.00686926	0.000137122	-0.00552521	0.00547275	0.00531473	7.2	0.0224101665364826	0.977087	1.0	0.0	0.0	1.0	0.11282858132122925	0.4069578893745135	-1.8139980288777984	-1.7073985810358816	-0.34344587563089113	0.14793181373116604	-0.39330804898661464	-0.12159101939106774	0.15323326455091665	0.6047654363978269	-0.4708415746635473	1.1397948590253453	0.22359605929207715	0.11019629101385747	0.7222874950637351	1.6647751540953486	0.3011538118016295	0.03995190485014357	-1.3972446969457015	0.9283285852157004	-1.0023840311383156	1.8979589500398666	0.7215274422045971	-0.783771264614301	0.28629740173520396	0.9232802527233879	-0.2156623235854043	0.3421091179742469	0.5891096223382616	-0.1041062285313724
Br1351	-0.000892231	0.0130397	0.000605854	0.00646933	-0.0069053	7.2	0.0364621244333397	0.971683	1.0	1.0	0.0	0.0	0.04448255137993677	1.53739316325324	-1.1120942626577415	-0.5099999609958711	-0.022429566331304777	-1.4262095740058298	0.28842491033371825	0.7009901032938696	0.9057847916664945	-0.2575955865213338	2.032599693327081	1.4757805282847933	0.5190003512762185	-1.476442749043567	-1.0215384742129432	0.2342590781857251	0.872701312128033	1.4393115646372898	0.2625846802263247	0.5712864261761809	-1.0409924281121998	-0.8924550735713209	-0.2961556618681123	1.494943770065843	1.2583945223945545	0.5958228316001696	-0.3123795323400197	0.46281595587880925	0.04840117964737488	1.0289054139933187
Br2378	0.0543991	-0.0559299	0.114326	-0.00751215	0.0234577	7.0	0.0337904014007016	0.971422	1.0	0.0	0.0	1.0	-0.4485804297521812	-0.39400585844441044	-1.0982436962540185	0.7126391090316176	0.9829478856106493	-0.9417994877067976	-1.5060249599413382	0.07097024686816883	0.8346053627967033	-1.0692243373987904	1.9685609584638335	0.5551192737735575	-0.21073075698800184	0.041595095536849605	-0.3448668423780953	0.42533644326720316	-0.28642324403983693	-1.1567069586638212	-0.6215234082070527	-0.5693300953011082	0.40962721563674587	-0.0857241359198294	-0.31611562806107335	-0.5394987334169139	-0.25806289543389627	-0.7394856499429246	0.1753632997765789	0.06962337055415019	0.6788770570032402	-0.07670944130104658
Br2464	-0.0105909	-0.0124654	-0.000220566	-0.00194247	-0.0029565	7.1	0.0267406527831988	0.975147	1.0	0.0	0.0	1.0	-0.13925224957450955	1.599054187119605	-1.237028552154452	-0.5631620875524262	-0.32069960030330874	1.1558168311686898	-1.6493086531069667	0.5284044158655549	2.3672248410928205	0.15728177688805203	1.0507207015120277	2.2088093722166664	-0.6514867700005833	-1.6001862684223336	0.1551392874337785	-0.8773513786555963	0.09127633516566908	-1.468473478485091	0.5998213190748986	0.25478428616249404	0.37988296008654787	1.050363485123103	-0.3951423618371832	1.0208883487601421	-0.20317129680779383	0.3991903950162572	-0.4666298432841109	0.9349327950412473	-0.02621507206875962	0.7129106702336856
Br1384	0.0419914	0.122623	0.0126388	-0.0037083	-0.00699323	7.6	0.0288705785207745	0.967296	1.0	1.0	0.0	0.0	-0.047245992240654726	1.0795990200859649	-1.173101341900312	-0.3645561006589203	-0.43215667030887217	-0.9600943352246465	0.1636302921353129	0.7021828629235619	1.28612864009177	-0.225231022690705	-0.0876719355854344	1.5144450792820878	1.4589211089130407	-0.8324901202046191	-1.1886345387180057	-0.806061757775224	0.3782421095712261	-0.4175411907867293	-0.12746071813088558	-0.9539245668564956	-0.6826556035829048	-0.11296914134434298	1.1945650846472018	-0.4387228071660332	-0.608270077630544	0.26926310348086846	1.061801234273031	-0.0016509378938625446	0.7680138016079693	-0.702263933055575
Br1412	-0.00567097	-0.00846998	-0.000612666	0.00252141	-0.0475875	9.2	0.0236500178380139	0.975968	0.0	1.0	0.0	0.0	-1.1577309904894844	-1.6171009856575216	0.2849306126920539	1.0236202338067464	0.8647933489585582	-0.38536338101347767	0.16060580940178	-2.495811575850738	-0.47276007719460816	-2.2589229603146275	-1.4183708437015499	0.45000055070795336	0.5055907099423878	-0.9848595498972479	0.16212774141577296	-1.0592065543642362	-0.8103825614748207	-1.1333021022024152	0.9240869716536674	-1.211376454880677	-0.7122462583151603	-1.127010769886304	-0.9530276439475656	-0.9108721379794754	-0.08443480348489794	1.2000437600969718	-1.4419802311694343	-0.4578687970636458	0.4356290395056205	-0.13935157397172548
Br5217	-0.0111667	-0.00556815	0.00490032	-0.00121084	0.0233455	6.0	0.0364752993489129	0.973616	1.0	0.0	0.0	1.0	-0.9317822600379546	0.2756249954833538	-0.5460913744804093	0.16312526879466288	-0.05699626630432541	0.7798095653765389	-1.3291505273466666	0.8709610869731226	0.05801778921128806	0.6722818659841404	-0.1278521164711847	-0.02533379210406913	-0.6494327746313611	-0.2612843625524525	0.8385089527706093	-0.5435380483008861	-0.926067554091987	0.3808781478926864	0.19338584399782927	-0.4055509212384891	0.5226321645103031	0.3927773551006506	-0.9603810931273911	0.7682244333915387	-0.8229703648952442	-0.5635196804117096	0.14315674008760576	0.6699904257611901	0.29824030372765653	0.9141550978782486
Br5224	-0.00480847	-0.00509422	-0.00109322	-0.00135827	0.00850938	8.1	0.0228922917172809	0.973841	1.0	0.0	0.0	1.0	0.6416519719572965	0.4848227386065465	0.10229755653272797	-0.23821036357962624	-0.3708249402464535	-2.017107251645483	-1.6914454662003786	-1.0118680923273584	0.43538114270331296	-0.2416154783895157	1.0206318215941883	-1.333266684210626	-1.1847772462803694	0.5784224381515163	-0.8535163910903563	0.22539855626625172	-0.8684323208884931	0.1675107819752569	0.5488872289165888	0.31406527857855493	0.7903220787287483	-0.3090498146271485	-0.878783294794451	-0.10591683182805858	0.3687185894293014	0.4361632198412221	0.5365921106067858	0.3355803517339373	0.9163159236857625	0.02278217770834151
Br5234	-0.00829193	-0.000551627	-0.00117475	0.00662471	0.00584354	8.1	0.0286844779335494	0.975716	1.0	0.0	0.0	1.0	0.04562675917042965	1.399817703354383	-1.1014213519934108	0.07845272655073159	0.5237888075485925	-0.1469264864955276	-0.5687329749274856	-0.6116550293520596	-0.9495021486465857	-0.05800567355880316	-0.5112131920494476	0.6287874296005337	0.07792616165704906	0.30050162010946063	0.0010331365702133863	0.3338215854023358	0.4185447704022307	0.5460928932834278	-0.017814815785257145	0.7588340312522255	-0.8650903941091588	0.44664002505025274	-1.1542780235951589	0.8598098071190546	0.35530711186827574	-0.000543221590405504	0.0570710932272569	-0.5691998473286267	-0.03714070040433285	0.06621546872603447
Br5282	-0.00101961	-0.0119871	-0.0106375	-0.0020311	0.0207754	8.4	0.057888359257905	0.976824	1.0	0.0	0.0	1.0	-0.33839260165585905	-0.11293319345788794	0.14546053045976023	0.17294389332481291	-0.6125119980116605	-1.0048816654384367	-0.6938535928530656	1.3967120112944353	-0.014337216066511636	-0.8009499472276868	-0.6518816708955701	-0.9221765866018615	0.9428796976823206	0.8116157996343386	0.4919377929606184	0.5406809630079525	-0.14582198932030932	-1.0479276434301048	1.863271046788841	0.08618842486896448	0.2474995990689643	0.008869218354122152	0.8349907531671321	-0.2281054906728988	0.09892520597122079	-1.7924408930029792	1.0162895289705391	-0.8139412134672332	0.26838434885737866	0.054220845690202746
Br5319	-0.00751355	0.00264572	-0.00494281	0.000715519	0.000266511	8.0	0.0235123644399624	0.971859	1.0	0.0	0.0	1.0	0.8545650273008003	1.7420932450111457	-1.0906683463555515	1.2084030831891863	-0.9605502607462952	0.3607201373417946	1.691168643330059	-0.09248582723801835	0.3005729500717593	-1.8839514554644645	1.0200952863002553	-0.874006934777147	0.798782475854438	0.9773498236824504	-1.6300663466469159	-0.33638431974170846	-0.9713588846183799	-0.7202882538638176	-1.3841080660663043	1.0282736878340337	-0.09367811674231753	-0.6759504733637793	-0.7351622962219002	0.20899199199852359	-0.6101692963516954	-0.25296521386199877	-0.45163739459879787	-0.8477031402870872	-1.672907865670474	1.3553080906365769
Br5355	-0.00458189	0.00734548	-0.00467944	0.00362179	-0.00260034	6.9	0.0433927919245969	0.978591	1.0	0.0	0.0	1.0	0.8296005432033313	0.9232025430512774	3.3052437080554484	-0.6860171744795607	1.2331537573827276	2.085223036130502	0.77798397220978	0.2684849505332753	-1.5193373330662745	0.5195715693926685	-0.17409845104841482	0.7682454108860931	2.6174584851725373	0.25554154895822306	-3.2713923029152467	-0.052104615157003556	-0.1284639481872164	2.4107518315823833	-0.05953343366768521	-1.2744306462522372	-0.913027840907383	1.1688482657262746	3.8286316853163167	-2.7638396557965614	-2.240253634425239	0.05576670915921326	0.08916512552149711	-0.5277508745024418	4.974302479301697	4.1752482700472715
Br5359	-0.0063599	-0.00580091	-0.00234446	0.00815502	0.0105974	9.5	0.0279448975979249	0.959691	1.0	0.0	0.0	1.0	-1.2559629102000458	-0.055661610043106026	1.3526101091533136	-0.14590709312078848	1.1471657384710356	-1.0735524168243158	1.7280508289840302	-0.23927549503010898	-0.40833445485533476	-0.8604726325459493	-0.6786219162349219	0.07938623199442647	-0.6008081649916709	-0.5669501088809725	0.8311255962814846	-0.0061358514740805295	1.224086986171948	-0.5366036043138204	-1.0419720550183984	1.3895128009661497	-1.3954053911805815	0.31414288214940206	-0.129795514725268	1.1735545381088797	0.21651805783562802	-0.5377145149438498	0.022084911319113717	0.06504236868442681	0.6266775450328859	-0.1403678537006605
Br5373	-0.00756394	-0.0122238	0.000408586	0.00425649	0.00892326	8.9	0.0122320776613406	0.968408	1.0	0.0	0.0	1.0	-0.27499539571855447	1.4814157864797297	-0.20126860508926903	-0.21970103182159625	0.7664928579940665	-0.3592223513744521	-0.8738367762227194	1.9858883090865378	-0.7788434862638833	-1.1228782644883795	0.9078805640992224	-0.8224907035174929	-0.3125013036804389	0.2602633882472611	-0.6797728533447832	0.14172244164232695	0.5907633389510504	0.9144679597114583	-0.5806282236356846	0.4604062696201148	0.3011753104618952	-1.1629090470816592	-0.026362192637780685	-0.12333732870847579	0.6946179481735373	0.1860847483993516	-1.70774082932292	-1.5964532403908358	-0.37370296633080125	-0.061162260413864494
Br5398	-0.00375808	0.00216134	4.98903e-05	0.00258561	-0.00636695	8.8	0.0203387312949308	0.972771	1.0	0.0	0.0	1.0	-0.48443836301655546	0.7071300515841742	0.2523394932710783	-0.8206113266610493	-0.5105062122189962	0.08214629141160797	-0.3583205987260447	0.193484122648575	0.041218492626598165	0.7551473718178533	0.3269252614108823	0.6761385578449591	0.4780031672699129	0.9022129895410876	0.25746151498467246	1.152088382857797	-0.1176632648408929	0.13383985129051992	-0.7858877045252243	0.21679792912274623	-0.14765447384085503	-0.34051326854111696	-1.0612325122155146	0.9911427804858655	0.9177921190511312	0.5064852110581808	-1.0976542773138718	-0.6062479131390063	0.5615406547317894	1.5332697073173376
Br1909	-0.00623203	-0.00855844	0.00285487	0.010124	0.0092709	7.5	0.0072504873488935	0.971179	1.0	1.0	0.0	0.0	0.6577686725425737	-0.845669892521792	1.726070404466506	-0.3663135937953748	-1.8939839564276668	0.16026097624132687	0.022384848353128248	1.0806170482907849	1.0338928308623319	-0.3050136483241311	-0.8123161083639214	1.1135304622099966	0.17077992331863226	-0.6119781419010814	0.0632900048252671	0.9519910803049814	1.343911215622678	-1.8447402119740404	1.8631878056725308	-0.12668780479876243	0.3047195173125304	2.6592493708386975	0.8903338484229558	-0.6266513361005555	-1.1053447497486795	1.5891743370563398	2.8457927663323854	1.385808110033677	1.3087593456368176	-1.0277885133577835
Br2063	-0.00393103	0.00574652	0.00204328	-0.00496558	-0.0274654	6.4	0.0229165539914043	0.977913	1.0	1.0	0.0	0.0	0.8795105347366942	-0.2594579400437039	2.4813496317824644	-1.2018764888463835	0.008538077988268528	0.36244600666987237	-0.9247564980903101	-0.21550911450164978	-1.0627586318784776	-1.3025674057371959	0.9160343800571519	-0.007959985309181499	0.8092233996800177	-2.3896081664779256	-0.9329304106869076	-2.005210815683939	0.6310909241818838	-1.4478522072537245	-1.47255046030148	-0.6471141375201902	0.22241469549126314	0.2744833867875299	-1.5877497161139233	-0.16515761743910756	3.625661945024715	-0.5011922292597091	4.832194567635035	-1.3693392442825667	-1.9955227377361728	1.869758395124904
Br2080	-0.00313137	0.00222314	-0.00486612	0.0167539	0.012066	7.8	0.0279910758141362	0.972149	1.0	1.0	0.0	0.0	0.08101019337985395	-0.7263917568397409	-0.4695023719717188	0.49047617118491804	0.841206260798266	1.1639901694141714	-1.5456264400838746	-0.7773755543771234	-0.08038248281400026	-0.5816690581345407	-0.19470859503362617	0.46526379833765874	-1.028115369115133	0.24343032053753264	-0.9429876298371637	0.4444042411567607	-0.25053007930219684	1.203618635619172	-0.1477443455551967	0.03451277558820836	0.6473200063038347	-0.47204629447965807	-0.044792466047814165	-0.22197705617573119	0.0687484626299432	0.7955058317831496	0.11220990774685449	0.3205268132897317	-0.33618749546732535	0.11658570448894008
Br2285	-0.00834528	-0.0107912	-0.00194201	-0.0054032	0.00337103	7.9	0.0395268442054494	0.962168	1.0	1.0	0.0	0.0	-0.3464176962912261	-0.27147400730681626	-0.645224564884032	-0.03108238338789759	-0.024670442903166796	-1.2105050902374714	1.7949429813391722	-0.2574335076509663	-0.4193788036359353	-0.4453447983951995	0.8275425091777526	0.7079615267834871	1.3619807220417193	-0.5511458351381864	0.20875155563577327	0.6993935188999333	0.5546487423384612	0.2788502170530674	-0.11583386993158051	0.44002393429592696	0.26147209233052676	-0.5009446175903165	-0.290235882789408	0.35027567589030206	1.4862159090922047	0.5835211100600034	0.17260443118321148	0.3024657826819137	0.19719162112121172	0.8324717513819161
Br2288	-0.0071224	-0.00620485	0.000795304	-0.00447222	-0.0198982	8.5	0.0165560106114665	0.966008	1.0	1.0	0.0	0.0	-1.1044683679099316	-0.2982710063790328	0.44352634942982516	-0.28353940293369767	0.8218994795291964	0.09897681195904924	0.4726044217275015	1.9780231119065568	-0.5531043571189	0.7430520157904599	-0.7496019296353953	0.4508384009120096	0.4680295656168217	-0.369248475277511	0.0034002803236540973	-0.3825616879837079	-0.5631958522531864	-1.1715890299634177	1.6093491104027866	0.3133392113893007	0.13382369191644042	-0.06252238037167737	0.08438268217351363	0.6264115916688551	-0.5818354412567066	-0.8059115839709956	-1.0613783418268974	-0.6784198571674271	-1.006561823628871	0.13428208636518243
Br2474	0.0135166	0.0402383	-0.00185013	0.0160023	0.0310663	7.5	0.0288219358913541	0.969659	1.0	1.0	0.0	0.0	0.8444812418923163	0.05295685130472627	-1.8772653093045635	-0.35570828394390114	-1.6221804185075104	1.1854685916187098	0.048810905480881496	-0.3262469405561956	-1.038971841290974	0.29149667103264415	-0.3368156854311158	0.02932347748530627	0.2638905201411638	-0.27082571635923425	1.369481944726317	-0.22301564795798146	0.9431905335231494	0.2788229409693608	-1.6856799841236783	1.0331870649531545	-0.6373324368613356	-0.14923753681417706	0.3137721518880019	-1.3675954894754978	-0.0835041834233441	0.3011975634668245	0.42627762397436236	-1.3683895669429444	0.6573823907987489	0.061663189867107615
Br2476	-0.00575524	-0.0064289	0.00269223	-0.0128878	-0.0874734	7.5	0.0336761792924316	0.976423	1.0	1.0	0.0	0.0	-0.7172762766473283	0.8185181897888052	0.38792784004184705	-0.39625848524315954	0.30156840752138286	1.129683891879658	-1.297714344557997	-0.10803942252225932	0.38215200551439804	0.6615241058369465	0.1664695702998533	-0.011649490175499051	-0.6888462888472793	-0.21858708736652688	1.076512946911341	0.9442417400236267	0.18714697204994188	2.5358269586804854	-0.6906953631325332	-0.1167839664143923	0.09349043412341507	-0.8668426965931164	0.5438614063481776	-0.8794668189098026	-0.18760672611726364	0.8893702475838059	0.6108560443484079	-0.6467277118472368	-0.8239884882806651	0.4714887328922417
Br2521	-0.0100673	-0.0100092	-0.00340032	0.00718409	0.00836182	7.0	0.0336805352818081	0.973276	1.0	1.0	0.0	0.0	-0.6549932712681917	0.35714223608020945	-0.6263556524131516	0.23478400137788646	1.0279747218215003	1.8939922554301376	-1.305273354298666	-0.03342186356989665	-0.22729160031152865	1.301466128782819	-0.027886902991569915	0.296258505756333	-1.2278561258915728	0.3829789759157833	0.40877718612336744	-0.08929490372394297	0.2626335701463724	0.7421122040878223	-1.233323615819978	0.8899052002150903	0.7850899084801336	-0.48013743626079564	-1.5453157003184739	-0.41361741773416477	-0.6660063205735904	0.022718975084201457	0.9768558056819454	0.2648992982328967	0.4083409038553245	-0.1839677689462439
Br2533	0.0410061	0.119101	0.0159402	0.00662347	0.0284313	7.4	0.0397131118220989	0.974221	1.0	1.0	0.0	0.0	-0.644424046974711	0.9641948838089486	-0.6074229317691633	-0.5883972766210064	0.030283925002278944	1.088891801733798	-1.6196228619820705	0.966059805464813	0.720515286830918	-0.34468097270585124	0.10581946996856725	0.021723465957369556	-0.7965381570201476	0.12059463858203684	0.2682297866316396	-0.5012662708999257	-0.11390055569506005	-0.36510598164983327	0.5454319145411299	0.28478207905287123	0.04784859404189024	-0.8141822774206625	-0.7271761986788334	-1.0434039420521395	-0.3627971684563917	0.6273171615127116	-0.022118911143226196	-1.1204355730177085	-0.8896405627406445	-0.21773687061937097
Br2534	-0.00788522	-0.00526456	-0.0031169	-0.000282376	0.0196987	7.4	0.0315718555848511	0.96464	1.0	1.0	0.0	0.0	0.7136219664023861	-0.6897046806500589	-0.8121357114422049	-0.17761592682312366	-1.0327473834251484	1.0675725161362972	-0.627494430539926	-0.7018995712998313	-0.1160820445993421	0.9921499203997504	-0.09290731554567541	0.5729822543130669	-0.30649821113096354	0.22109233340952103	0.10829783724040193	-0.17161687792682154	-0.2562686655865527	0.7723185536613959	-0.8390032511032599	0.546133358987056	-0.5002061747829188	-0.3509504047085072	0.21386480477461162	-0.06976019559865868	0.09142969526856175	-0.04418027820457622	-0.4163517192094719	0.39927540706089637	-0.38524778561789197	-0.20227160512428574
Br2557	0.00569124	-0.014477	-0.0130201	0.00343816	0.00183343	7.3	0.0141407585721278	0.968579	1.0	1.0	0.0	0.0	1.387189349888896	-0.15601669376097252	-0.16847726635840163	-0.7885362214354517	0.946923997824673	-0.03228336501066815	0.6228903729026144	0.9402042452630774	-0.6216548029547806	-1.5230952511548628	0.732054584507431	0.8401696125906674	-0.4177506415440181	-0.5513694847205579	-0.7035180587894085	0.7024571207651198	-0.24958249591130297	-1.9077898787918277	-1.161833126114938	-0.7491108989470838	0.4205184317094678	-1.704979768131718	-0.5887756043701838	1.206020815964498	-0.5718057519412195	-1.8158037831341973	-0.12307758355712123	1.2651292082392644	0.23024338189560578	-1.3620556093984006
Br2573	-0.00364531	-0.0101542	0.00257029	-0.022155	-0.0951784	8.2	0.0277916923057784	0.976331	1.0	1.0	0.0	0.0	0.23115035624712568	-1.740056814947802	-0.8218661906449699	0.28810283706683737	0.2442033564836662	-0.06524482300665907	0.75446626011477	1.3729209845090498	1.721737989292509	-0.15811026256094296	-0.0012459902441319666	0.5397694920502496	0.3263825716536412	-0.3056952091475357	-1.007136659242792	-1.9286177255044048	-1.0908732674380248	0.06541816977973124	-0.4060412190972521	0.622732970436452	0.8138375087878205	-0.7599122133715805	-0.41650174520314237	1.5773660617820913	0.29827347114539055	-0.2176774463018226	-0.15665104066847396	1.0226616838879812	-0.13742804303770878	-0.08461595420154339
Br5315	0.0113903	0.0364352	0.0036466	-0.00422295	-0.00292512	8.2	0.0282013572360574	0.972318	1.0	0.0	0.0	1.0	-0.5100758849540652	0.24140285996642843	0.8817623717845671	1.0339474741114283	-1.2052826417182	0.055247440524861566	-1.012748855671966	-0.2459352427295629	-0.7390487781176812	-0.8298389040213112	-0.005283658002506656	0.4247055535099779	-0.9086315392866311	0.23975399312117693	0.7213504552913285	0.49345840253040535	0.22643756040025395	0.6769445783238479	0.007771201449207776	-0.8493507524203067	-0.8465237491762639	-0.7259494394389149	0.20648381912574437	1.0795047685906456	0.4727275646767796	0.001634988331619767	0.9769828337442868	0.30135295500342124	-0.2108000923792896	0.25772488208096217
Br2542	-0.0111496	-0.00951911	0.000971897	-0.0136482	-0.0896144	8.2	0.0265881831600797	0.971484	1.0	1.0	0.0	0.0	0.1660427504308671	0.7015734388637352	0.21046416924810424	1.4576542494059346	-1.1099508864709886	-0.19238960140140426	-0.12743372139946046	-0.3097804023381271	-0.2917309309281285	-0.10385084095181778	1.0237748286433237	0.5890091275696978	-0.00318132344283642	-0.2935703594106449	0.09199990450183437	-0.20696526867083598	0.4530451069883347	0.07688405354392273	0.07688906285285699	-0.0563709671276928	-0.8128480934750181	-0.7814791749523152	-0.12192639231660464	1.140443787198222	-0.14980150824499436	0.2539840784714927	-0.5286308918887227	0.03787661877521627	0.12106868865147669	0.5026180319650131
Br2582	-0.00803537	-0.00927992	-0.000460034	0.00976072	0.00278209	8.1	0.0196189869399366	0.977841	1.0	1.0	0.0	0.0	-1.9342506595545221	-1.2127459928215936	0.41661871748206997	-1.2842687063519145	0.8399443398142699	1.2135444222968126	0.565535465198116	-0.49504764500160053	-1.0473830564791893	-1.1363272443797188	0.7194281278981209	-1.7217775710588594	2.0887154700173873	-2.6237755030762813	2.185254108642337	-0.4723753577862768	-0.13617127972466933	3.325542458429561	0.29431657942215617	1.1891475241690717	-1.8119165096604115	-0.33373039535458865	0.18177557798691651	-0.8847144352567013	-2.6362446481863366	-0.707030499603814	-2.0685128692064554	-1.9187396936711252	-0.6469753696510693	-0.8272756159086123
Br5005	0.0420922	0.120499	0.0117996	-0.00254276	-0.00910361	8.3	0.0325334665734016	0.966946	0.0	1.0	0.0	0.0	-0.14278386952981736	0.2959772557466041	-0.5639520272179819	0.3814922558937354	-1.5743772445685484	-0.135014460083016	-0.5996600616953927	0.5368457350712249	-0.7438199265212965	-0.6264022501149084	0.8408872496152493	1.078513342799225	-0.08138088609128485	0.11874066796844335	0.30305415425561777	0.5947422724783689	-0.17151338764409454	-0.5444414653696116	-0.0009252186640307138	1.2272577276565948	-0.0022901776969167526	-0.08071851027099339	-0.0976134080428197	0.6660596159559646	-0.2330525712963838	0.04732605577896184	-0.16279943682954257	-1.201719760753218	0.5053707583257383	0.5273705195760642
Br5024	0.00573301	-0.00995007	-0.00998787	0.00571	0.0166443	6.3	0.0464084196674443	0.97372	1.0	1.0	0.0	0.0	2.6743522175248597	-0.9944416323975527	0.45319049037528303	-0.5247061687776827	0.694326834784918	0.3660479707300498	0.40590199574091196	-1.215879400087247	-0.4550806418730814	-0.8501152886481678	0.4983157902523177	-2.379858576258608	0.3996476417701855	0.2130514886153485	1.1361472303145788	0.5374605585369077	4.128815584040873	-3.445593848019734	2.8399260382081453	0.1450433341679763	-0.21684134857707207	-0.3099739026144168	1.2967071616009833	0.6353360110369735	-0.8669981005001693	2.018357101237383	-2.1639322414628457	1.3567603687315006	-1.6134047741344608	3.371305505737552
Br5026	-0.00779153	-0.0175234	-0.00415472	0.00719139	0.0130983	7.9	0.0317832433918945	0.979516	1.0	1.0	0.0	0.0	1.0787271890520795	-1.0309057192686177	-0.6399225838955418	-1.1332129072515096	0.2765056421481118	-0.9536485091130865	0.9576905190074261	1.5185058302413232	1.5833920265143102	-0.5980430169061227	0.3305580742684208	-0.8290695794646897	-0.4580909163110672	1.0246054987698352	0.5027026391913387	-0.4570398215770994	-0.32791684107514224	-0.2208263882112206	-0.047597031076844945	0.6822622416282837	0.6587296257230574	-0.8246983865135349	-0.7474002827758643	0.21037451204400962	1.362484389825356	0.05034201759106837	-0.7884378059804175	-0.3254323913956169	0.0065658356038170475	-0.3896588678861802
Br5062	-0.0102285	-0.00219916	-0.00614755	0.007894	0.01694	8.2	0.0263634604380985	0.967874	1.0	1.0	0.0	0.0	0.11530517696104316	0.3911982567432575	-0.41213107972574303	-0.203097171392692	1.29833054338484	-1.2559914652688393	0.35411878096172006	-0.1137376824751165	0.02406406476718901	-0.3179819414813417	-0.4825958557328277	0.5809054117123319	0.6029562066172679	1.6561977924086964	0.5207190991830648	1.6365720809454363	-0.7032949725481925	1.383050726084896	0.4504444396554192	1.1287985858946705	-0.1927754815228485	1.2791212262930822	-0.3368242607174659	0.41945913251873934	-0.44792294882470857	0.2747159349391615	1.8398030672869952	-0.8439564751916834	0.19980291608854733	1.4217052521729718
Br5066	0.00277253	0.0150363	0.00216451	-0.00985371	-0.0372584	7.5	0.0442441381201743	0.963261	1.0	1.0	0.0	0.0	0.18759347789692626	-0.3204602137899667	0.1997135028377711	0.8916500976668763	0.6556494342331781	0.45999703452125124	-0.9280025437931939	0.2642343926676987	-0.04348086897617319	-0.005028668579527804	0.15500128628310583	0.24059884071477644	-0.6838332781499185	-0.5701907527120306	-0.22966883502079563	-0.768651735775804	-1.0060081526816238	0.21503728165291583	-0.27778590564681854	-0.888000174715483	-0.5275598537270799	0.07379960511793583	-0.8117376583950754	1.5514123641072364	0.01537437824081669	-0.9473784069588815	0.3574618753821673	0.6867697812831386	0.9259415402058272	-0.3729667083759381
Br5154	0.000362364	0.0137224	0.00599836	-0.00258682	0.014832	9.1	0.035570780607676	0.973943	1.0	1.0	0.0	0.0	-1.7453044161908982	1.13227479985252	1.1982817656355838	-0.4580417213014856	0.29751331811148213	-0.3755931710936548	2.433409480436587	0.5392427139749717	-0.5794713959429524	0.14585318767862263	0.7507974953364835	-2.5524453788965578	-1.0254231001582963	-1.2908360565958295	-0.33746169544035326	0.21128684066220937	1.599397354956618	-0.123372273008709	-0.4964179013373197	0.5498119617101577	1.5189884402602922	0.3782312282628574	0.3067811946606065	-0.14782048583699753	-0.5481861161237196	0.17539226772179958	-0.12938081618494846	0.007637038994713017	0.7016311765630863	-0.6761440930384742
Br5161	-0.00878819	-0.00271127	-0.0102949	0.00500747	-0.00141994	8.4	0.0178849365209588	0.968387	1.0	1.0	0.0	0.0	-0.719924268314503	-0.9935066568312884	-0.3918779155016426	0.2532168017788072	1.9089274493346555	0.43549924553055497	0.010385471647536547	1.5648499030656813	-1.015896337238382	-0.2450947649479964	0.09606038843373912	0.5081841147094689	-0.18355029040197163	0.7922558518834968	-1.0286901106535697	0.8983697364415042	0.09847144476535709	0.8546663463511	-0.029422488075951818	0.6526658664540999	1.0359296168926535	-0.025047179361505804	-0.1649941511676882	0.5944048648904288	0.6261710589696895	-0.2325116998542621	-1.0876447091191717	0.195681148621585	0.29557890004894793	-0.13548897693834006
Br5165	-0.000652274	-0.0129409	-0.00912568	0.012095	0.0115447	7.9	0.0404241476411674	0.979571	1.0	1.0	0.0	0.0	0.6089704064028265	-0.8975526539952787	-1.343015526694944	-0.041319687153256936	-0.9799166804221559	-0.20624201609205076	0.44073604183849335	1.5446623591437243	0.3901068160984222	-0.14975807334448527	-0.14215709623816833	0.3491518415661856	1.1125441048963227	-0.13578373232347954	-0.8547933656070364	-0.5858017034348193	-1.0285693556911812	0.4045610824225587	0.32045902509066493	0.5582493079945265	0.06375519039116495	-0.32103940418693244	-0.1911515055732941	-0.15470152165232418	-0.4768237033998682	-0.5154938886102456	-0.1558625306723731	-0.8208315627700008	0.5333046471836828	0.15611450649933917
Br5168	-0.00409396	0.00765366	0.00183225	0.00957138	-0.00491763	6.6	0.0425311659108114	0.979415	1.0	1.0	0.0	0.0	1.662314063983303	0.9885674321114875	1.8049194634860302	-0.20688361123701068	1.7377201625846261	0.26044037920755136	0.1279042344512868	0.7623260068137938	-2.3061904875091095	-0.5878773362236127	-0.2672818800458628	1.4348785553180843	0.6805318417208904	-0.6483314809871501	1.3211954125698815	0.9628561133956749	-0.15468557591014295	-0.8423737098643845	-1.4662117916567203	-0.017032122878651593	2.7967932546063397	-0.11972422766357792	0.7757956870876317	-1.4065282528906238	-1.6072697158421312	0.07828676043930308	0.1562855949729361	-1.9009503763926487	-1.1911653035444916	0.5864011633739273
Br5182	-0.00854097	0.00034456	-0.0077846	0.0099037	0.0164669	9.4	0.0357457337312787	0.974966	1.0	1.0	0.0	0.0	1.2339302853461938	2.2732903361670695	-0.6870393870225522	0.2233708453396055	-1.4723171455174167	1.2512634961054316	0.3814911399760516	1.019734420993909	-0.5058193603384972	0.1486368005329699	1.0211502516643651	-0.3174589683521433	0.14710881005948448	-0.8787448843602619	-1.1300694635318662	-0.3342413986971204	0.05120248575281699	-0.21473452444670588	0.3042940894378177	0.6502512856033319	0.47629122394261914	1.0193772857087182	0.4630363113457065	-0.25571770629819884	-0.4003610893995401	2.075462622820246	-0.37951080378739965	0.7862309438187783	-0.46967050876293315	-0.3433952440584486
Br5190	0.0374105	0.114663	0.0207187	-0.00260455	0.00754142	7.7	0.0241628087789538	0.979745	1.0	1.0	0.0	0.0	1.7714435901108325	-0.3302640759741106	1.575518095120702	-1.4586101165974024	-0.5274943447932794	-0.4356011888331014	0.5009410089196193	-2.085854713094183	-0.8618501164632684	-1.54758001895553	0.6157419551791878	-0.17917981058454963	0.4606671605369536	0.4089852442644268	0.3995331232555701	-0.08767399266878989	-0.18144915347853202	-1.9318730225073313	-0.8518227239475711	0.8020398041565324	0.7764873867029869	-0.851161394516098	-0.8178912194824647	-0.09585776248294568	1.916203776727571	-0.36877329649107515	1.009044721896707	0.747206054014757	0.24422580354230644	1.5669027611175945
Br5200	-0.00243465	-0.0086909	-0.00617475	0.0047553	0.0212771	7.1	0.0304354582789736	0.973651	1.0	1.0	0.0	0.0	-1.6319777504536206	-0.37244173209922743	-0.010368018572809312	0.7215746236393498	1.19979094497847	-0.17972235221724353	-1.5324501990799828	-0.10989385963965241	0.9027904576218818	-0.45272885126507123	1.276747002297451	-0.24719916467133718	-0.7183969009394919	1.2522343288508442	-0.4496733356584668	1.373081226456097	1.2696142769365915	0.034905143130378985	-0.6626766837382477	0.3086097677634721	1.0614331361243419	0.5219625303878229	0.062135079564486696	0.17870550531213	0.1283683940655595	-0.7575338428712608	-0.2748209138372134	-0.09223409372093562	-0.2816793251115242	0.7189588760041465
Br5205	0.0222764	0.0528062	-0.0010186	0.00728816	-0.0139906	7.6	0.0304036873433883	0.976297	1.0	1.0	0.0	0.0	-0.7893509127890025	0.7646526420861801	0.009977039463932256	-0.43689588345704156	-0.4582856541833145	-0.2974495096749599	-0.5290935675207543	-0.7502505734345086	0.1009544023234818	0.11805034733259742	0.028088115170890986	0.2143538665943954	-0.5463000477369686	0.8642515889158773	0.5372595743591162	-0.1251425262230583	-0.6185408296720835	0.9484252868965573	0.2610856129505294	0.37655398255095474	-0.42573947694385617	-0.9664126894452111	-0.3288595683410131	0.9145849981436115	0.6369065647285791	-0.6487170384294059	0.5171405590379357	0.33874133120288885	0.29463450366732324	0.7924447929613064
Br5207	0.0254492	0.0649055	0.00554695	0.0106648	0.00509252	7.4	0.042587069739812	0.973608	1.0	1.0	0.0	0.0	-0.12078354773808696	-0.871014237976051	-0.22446114150540525	-0.18360547879291705	-0.6648519587588565	-1.5817066685287493	-1.3424148312322444	-0.4032749519841383	-0.18134257196609688	-0.46298111698138966	1.4847646056254808	-1.052728051587455	0.18823168093721984	0.20303470981162733	-0.9752000798830041	0.25554014514294826	-0.5885841161211627	0.618300019542043	0.7030886984440095	0.3577641791831386	0.41411298958849574	0.04297843594965876	0.4556626782450793	-0.20210604242943342	0.9534810426308885	-1.1043451467694514	-1.184939320710952	0.3642040296830828	-0.13303863132114427	0.38736579231732343
Br5212	-0.0075329	0.00685639	-0.000128314	0.00881407	0.00912613	8.2	0.0183590854680534	0.9768	1.0	1.0	0.0	0.0	-1.1622021437938217	0.34484195289871394	-0.3120638412242631	-0.0002347821036355987	0.7998603454612087	0.5048930248974937	-0.7018346261312682	0.5142551842384057	-1.523379352791261	-0.20187299572089695	1.07257655902495	0.6277314245197436	1.0614631741550211	-0.5308088564511523	0.32756839050629954	0.7848666357131718	-0.530444475620586	-0.279758143706996	1.3128714411768576	-0.21424008273222395	0.5176518913524304	0.8691104553536639	0.02742101610964273	1.1521630165188286	1.3024575439572117	-0.21433075772642018	-1.3321814949542066	0.22625678820924572	-1.022823834281635	-0.9702355157868561
Br5228	-0.00524639	0.00116074	-0.00650575	0.00839323	-0.000143569	7.8	0.0275839830196356	0.96406	0.0	1.0	0.0	0.0	-0.10274961335812659	-0.5763836125050064	0.8904287050137342	0.8214543097875747	-1.508590445462627	0.2967662403987464	0.4697586480188061	-0.9489393178622303	0.9481428339446518	-2.4765347849547634	-0.06386435553604122	0.988712487266071	-0.1511498279776767	-0.7636452065856995	0.9102980390281457	0.5637821932563709	0.34166203136239504	1.0392662824282746	-0.13260168986581022	-0.3641126305040519	0.40541484671315003	-0.11380835981900773	-0.12486970500302326	0.9442116551918399	-0.4597891914835054	-0.289024562976299	-0.10658428324636954	-0.1492691627932262	0.9642564247900821	-0.8464371381488245
Br5235	0.0153548	0.030505	-0.0031506	0.00794358	0.0148172	7.8	0.029640209514617	0.977119	1.0	1.0	0.0	0.0	1.3665611252374543	0.7841603737088584	-0.1916924639157987	-0.8761930535961052	0.31158157743228526	-1.529818069948019	-0.4905283104777642	0.5419572708389004	0.19046994136062353	-0.7315231210321681	-0.9158812164711476	-1.0115271826336298	-1.1556656564357213	0.4861360829415232	1.1883927999614654	-0.017683781217743534	-1.7546955493547487	-0.014102937086914319	0.08896287144616201	-0.34889536356158635	-1.3271695587159622	0.5530520507065635	-0.5258076701816152	0.5586674389202303	0.006011044338865337	0.19503341680542177	0.0616614531053514	-0.03174843177731357	0.9139745454394897	-0.05079376880933262
Br5237	-0.00819102	-0.0143945	-0.0031807	-0.00249731	0.0106518	7.8	0.0087243419019828	0.970059	1.0	1.0	0.0	0.0	0.5159861331752853	0.17174605036744667	0.09533748403620275	-1.2946405489349104	-1.2351259526512002	-0.12637984900427496	-0.08296389589081674	0.9545599686518019	1.019619361384502	0.03784939545481462	-0.02447595033412924	-0.08932770048784351	0.35930200933773476	-0.42994229297780734	0.9788223608476572	0.13825091542391052	-0.18057484785513606	-0.22953727095022902	1.6331289279064023	0.7826507396696872	-0.4021853072096656	-0.8664125191439748	1.094264082290967	-0.29703470595863746	0.3004943834820347	-2.291395019264918	0.6450793107356215	0.14795536704760662	-0.44945498558586683	-0.503723226837185
Br5239	-0.0122064	-0.0179792	-0.00117674	0.00571107	0.0139197	7.2	0.0262665842783497	0.974606	0.0	1.0	0.0	0.0	0.9712522560697601	0.1512543908801667	2.709659830665114	0.18443730163330413	-1.592218715912075	-1.1559185808312304	0.265224144394088	0.3626367002795959	0.46274283095634156	-0.050881442349468384	0.28822920382516354	0.8117297725062678	0.8689984550550147	-0.21643397762292998	-0.21306017799403318	0.6290275660835151	0.5311188152897117	0.4875245288005646	-0.11734821958548225	0.3659462948775497	0.5162156250102476	-0.20792300920159534	0.5105737911827549	0.16117285347493723	0.6100530836549497	-0.6920471644176764	1.7958626156941688	-2.2577125574441737	-0.8503185180483285	-0.7674554848418479
Br5243	-0.0103989	-0.00850116	-0.00821207	0.00896149	0.0168499	8.2	0.0342493995329608	0.979158	1.0	1.0	0.0	0.0	0.7875365584384608	0.7680744184137551	-1.4782863401715574	1.3273308352038358	-0.1243133298545584	-0.9098965650823627	0.1283077429510246	0.9372977686918134	1.6958849168391184	-1.5353033942131413	-0.16267843482927902	-0.6724677607957171	1.8927956640890722	1.0113629826662363	0.817006045039828	-1.1469056539230476	1.0845549758630713	-0.7606029696086857	-0.10738003385906486	0.7543875230180905	-0.8148874870621056	1.3629666410038688	0.46092748735082023	0.016951381149571076	-0.6049041439426602	-0.5499377643483851	0.0173108175398758	-0.8105623790691044	1.4281739274752796	0.16999843916854196
Br5250	-0.00429129	-0.00313014	-0.00568222	0.00381527	0.0142132	8.3	0.0180648649684316	0.97395	1.0	1.0	0.0	0.0	0.09507949399585795	-0.37695914074913117	0.009511127258168555	1.6631052294730386	0.08528273003779903	-0.36787129673293273	-0.8134296866034388	-1.65344246727442	0.545320041874177	-0.6213159383238789	1.7150629031583602	-0.6846633303882799	0.46977481055222836	1.8253179100898183	-0.0906939965271706	-0.1749982831356048	0.16295872046989854	-0.13210339873019358	-1.3195623776461027	0.7325804000751729	-0.18717431674066512	0.277190659200225	1.7569715214123087	-0.49790255028159724	0.12227360754389521	0.20146896257203084	-0.08466638556018277	-0.2481611816284565	-0.9211287118259095	-0.015840962197943908
Br5262	-0.00811871	-0.00401826	-0.00449718	0.00911132	-0.0142214	8.1	0.013198532376372	0.975859	1.0	1.0	0.0	0.0	-0.7248452498599285	-0.37394730924162145	-1.0826080874438049	0.17093562018060743	0.24274506187888004	1.2217787067050854	-0.3963759084126846	-0.1389346900654584	-1.764866445081933	-1.1136509125579095	1.238073042031316	1.128986360264871	1.6698598705338652	-0.31050662694770204	0.6052883312507943	-0.1277520829607225	0.16403198560263452	-0.01703223820545528	1.0234528263387963	0.09763588609384545	1.3078951501249199	-0.2526520151958817	0.927870794308851	0.7864169021345367	0.5337896591441409	-0.05917948244612043	0.888463741548061	-1.5008828722124883	-0.1857724218655735	-0.6189863297095417
Br5276	-0.00819243	-0.0155405	-0.0116892	0.00360164	0.0239518	6.8	0.0280797686219931	0.975767	1.0	1.0	0.0	0.0	2.012307222067851	0.540979443112519	-0.006590471530722461	-1.1488672856203854	1.3093713830324132	-0.4942043856699397	0.08817857548549014	-1.347532956372466	-0.562219406907672	1.1746810464243964	0.44049629103942467	0.6308354020320515	0.2174625763090938	-0.3472125790576046	1.6258621026051752	-0.7110767991556844	1.250819003958997	-0.5680487847297542	-1.85610092254573	-0.6513162421758182	0.7476356759020079	-0.8208691001682018	0.28184818174483245	-0.13688682431715787	-1.5920272123106496	-0.5340986648032028	-1.7966432901282565	1.4466399678091972	0.3665574415454491	-0.9252583912644401
Br5280	-0.0117965	-0.0106602	0.00309456	-0.0140327	0.0238785	8.3	0.0255005781201618	0.974722	0.0	1.0	0.0	0.0	-0.02454493164507492	-2.0445145026295792	-0.6704164519181778	0.30198149313710937	-0.5643047945462705	-0.7458397579795327	-0.9987367624225392	-1.497267302685857	-0.4571520740781734	0.2049293314449053	0.8028559426800089	-0.487066426139773	0.7359670639789163	-0.10174634881393363	-0.36288608316683013	-0.7074289546729178	-1.5296194067388786	-0.2961168686525513	-0.6771845699255031	-0.8612362149809063	0.8270683162637653	0.6192927100788951	1.2504572044593711	-0.1345603246129234	0.6148496359081564	-0.11357547287425392	0.5755764881513846	0.019287555268676343	-0.48017462339863987	-0.5760971527432117
Br5287	-0.00157739	-0.015026	-0.00724743	0.00390475	0.0282955	8.3	0.0462152290729175	0.975554	1.0	1.0	0.0	0.0	-0.37579037748833716	0.2793960011720677	0.2079118343514683	0.6836940164181421	0.0358740668096596	-1.1573303322163753	-1.0057175480971798	1.2617047766604028	0.5878686662966441	-0.3586447940011028	0.8360070534437513	-1.156915838899408	-0.6169248890695737	-0.20513250969657992	0.584365541168434	-0.7736722237764118	1.0269624006565439	-0.5201355101471292	-0.025463564003886698	-0.30793065052171315	-0.01217617290870958	0.554043285561813	0.8584546064262506	-0.25603662363695034	-0.07985748820436586	-1.1063480560791314	0.7127382697769313	-0.528608067039773	-0.040748670332110354	-0.007354206217462125
Br5292	-0.00969462	-0.00325906	0.000521661	0.00553349	-0.00602412	8.0	0.0287135724772642	0.978002	1.0	1.0	0.0	0.0	-0.26066527990797317	1.0867843813861862	-0.634076536768597	0.46667658013474056	-0.5990363027342199	-0.4806905752510452	-1.3964305907553856	0.526598123971658	-0.265764159903264	-0.025658146893747544	0.9667327572945358	-0.5777347980698827	-0.14319894883847298	-0.26433589218493947	1.2940371731006244	-0.5967159469306413	-0.4059992917844696	-1.049880531475089	-0.21447940332955148	-1.4686358905835655	-2.208000135239394	-0.3341210509408383	0.057695693596031515	-0.7544458924648672	1.2213789533913162	1.3804745645407333	0.08086108387446682	-0.21510898805755108	0.2777184436923436	0.4824363910570951
Br5310	-0.00911834	-0.0061162	0.00416281	0.0110249	0.0198127	6.5	0.0316041013954114	0.974717	1.0	1.0	0.0	0.0	1.0537987855428455	0.9333858735062431	-0.3061319989875708	-1.317107843316688	1.084204742166505	1.0059948851538558	1.3824422741099125	-0.34180278701711336	0.8552293796430086	-1.6588764671533496	0.34814563208932936	-1.4735476405595032	-0.4987809499120716	1.00363272061278	0.3719392580718869	1.0249695931504759	-1.3872096305962547	0.4838906652801034	-0.5689083072597437	-0.8334781001426074	1.0138443190773163	1.5992194778256066	-0.11139233487837123	1.0573423938596325	0.2760615416848953	-1.6197222720945097	0.9731349279320664	-1.285362030838189	-1.6622163139778292	1.5493424147827577
Br5314	-0.00743082	-0.00838273	-0.00756508	0.00543373	0.0153334	7.9	0.0224638411273922	0.974091	0.0	1.0	0.0	0.0	0.1618945261328624	-0.838972774444949	-1.334601608843735	0.006483123732233589	1.0030208291413898	-1.2945943444266885	-0.8340870086648001	-0.08329989761446226	0.3820591121026489	-0.2204132366515031	1.4884607376779189	-0.3883589366705164	-0.1375271401399838	-0.14400403643541523	-2.0775601565081194	0.6353282843414408	-0.7757966112634729	0.24613524619531293	-1.7821013666384593	0.6352530157764018	0.22865976355295348	0.5727267365030798	-0.7312012202537497	0.6915145103575874	-0.33283623031428294	0.7604658811393604	0.43127392179674406	-0.3784082974668946	0.9641722486676768	-1.0663847694110555
Br5324	-0.00419164	0.00541449	-0.00378461	0.00412831	0.00149499	8.2	0.0374766996072956	0.975742	1.0	1.0	0.0	0.0	-0.7823723669909276	0.9022929383382549	-0.5487536098727356	0.23915891496409813	0.2038273101741057	0.9973678994426822	1.1155235632676814	-1.0204288486547748	-0.8946965021823032	0.7268472383648068	0.4589734421213497	0.8050549691676804	0.27374712856798683	0.8503636842101626	-0.8344903953050081	0.3192924915938717	-0.11977555029319549	-0.9072930131273005	0.8675147957547793	0.7463957789699781	0.8945482024243218	0.4101604898660175	0.312850098887506	0.8079022271758505	0.27054729079139905	-0.3702235025456661	-0.266342282197164	-0.3250921611706836	0.1328638172967697	-0.649201996012347
Br5347	-0.00373826	-0.00988229	-0.00761035	0.00444092	0.0308073	7.8	0.0317204109836582	0.972846	0.0	1.0	0.0	0.0	-0.8586693800503595	1.164505777475303	0.3848519369171545	-0.5745120392207914	-0.7177546369007151	1.914098931826987	0.7371265723956478	-1.4655552361418451	2.1973119270240207	-2.155201537773775	-0.2564036024690129	0.16915192172552368	0.6681838898166679	0.19097571242240355	-0.6230224562165465	0.24463384170515748	-0.20427185831801262	1.9483986412643326	1.3748157522916387	0.6089738929308341	1.5899210617081623	-0.7072337530545877	-0.436629677133277	-1.0743165304365374	1.752935249599848	-0.14588975004805757	-0.5370013415085331	-1.3825295865992981	1.816700835733823	-0.30201146739550977
Br5348	-0.00542227	-0.00246813	-0.0082135	-0.00180481	-0.0133066	8.2	0.0204043086163834	0.976014	1.0	1.0	0.0	0.0	0.7255168487390194	0.1337837386567048	0.6066074361780002	0.3946480497148193	-0.4875534523242628	-1.4951192863476062	-0.3978278665782182	0.9638484175532329	1.7504228321197635	0.7132633984402553	-0.776904313163838	-0.5110596052213429	-0.777271199108886	0.04976142988288198	-0.19710983329706372	-0.32777905113573147	-0.5727738655978455	0.15379102200116893	0.4721830102205584	0.10797992151168972	-0.6458885097097355	0.9315115658847515	-0.32592093519715776	0.5754720647597346	-0.6631131487046928	0.19221260368610038	0.16689985736764362	0.3536439878356195	0.025912888177726856	-0.5877019557649225
Br5367	-0.00187496	0.00653114	-0.00756054	-0.0100819	0.0252652	7.4	0.0174923085939156	0.975441	0.0	1.0	0.0	0.0	0.41714085130369166	0.6191751742631545	-1.0319282421844207	-1.6298054969585167	0.6542060764709067	-0.8629983090179174	-0.9151000107320946	0.08208090738020941	0.19365228015494376	-0.8240716883198715	0.3944039041449995	-0.5190690046375908	-0.06293185323849364	-0.5250123784572431	-0.985428083212529	1.9030878124171324	-0.5575201309812945	1.2547688215574913	1.028310226323855	-2.471304220812993	-0.7394746091522243	0.39560221227258985	0.6484415082422593	0.15996478085168891	1.1926094289685247	-3.103293806901114	-1.3901881989709524	-0.8275848158193511	-0.5341296314587273	-0.7838758308254894
Br5401	-0.0065711	-0.011053	0.00680565	-0.0177106	-0.118211	7.6	0.0260404822263535	0.979287	1.0	1.0	0.0	0.0	1.0072595057074007	0.9779762023981128	-0.7302652262726936	-1.0232931578199735	1.1433132318919197	-0.26179752724357225	2.1374488690674474	0.9693203666337618	0.3200109930605006	-0.38856591773141713	-0.5106764756537987	-0.831510986823225	-0.6505925469382737	1.4648178766496232	0.4051225087737569	0.7403658524612292	0.40290831485371875	0.6064627778880745	-1.745109216288339	0.45250933114572434	-2.2375144966305074	1.0659357374802096	2.098524080363144	-0.5533434843582059	0.9460889072417378	0.22610306186169843	0.04591630485982719	1.114156696728855	-1.0868380179774195	-0.3758703728224451
Br5422	-0.0113965	-0.00500767	-0.00623657	0.0125496	0.0164112	8.0	0.0240562084609142	0.965787	1.0	1.0	0.0	0.0	0.5582194742529355	1.0108092933058717	-0.4751888317271117	0.3416770692078523	0.24256216199154684	-0.3635655875460674	0.7722244197439196	1.3326928083263248	0.6586480151569944	-0.6568887509540755	-1.3561783065582076	0.8273080295716445	0.10097808520688176	0.7799856040178644	-0.18245045013651867	1.818245840488772	0.11763027004904188	0.09792481051681949	0.8008066896071839	-0.1450396453768407	-0.7051716880016733	0.7951297635555421	-0.14165140470790857	0.2708716321267861	-0.13493078725865326	1.8540895828325847	0.4011124834546351	-0.5389583780770825	-0.15946197180298496	0.17150963805941932
Br5551	0.0431091	0.0927239	0.0182133	0.00727765	-0.00235777	6.6	0.0118832907689461	0.971973	1.0	1.0	0.0	0.0	0.3740768214799337	-0.5667107679305557	1.1536373950168752	0.7839916249534319	1.3780858358736405	0.21177979869101607	1.3521737445942117	1.6601681581664816	-1.1061999048726947	-1.3544341050625877	-0.16984155981013588	-1.566480641903349	1.2674600737890167	0.9325821054388373	-0.47560487726008677	-1.5745101060996753	-1.5873977367459857	-0.38670170659582614	-2.4378748272808854	-1.3791078747102021	-1.134693456253317	-0.7829772653051913	0.1311709634893784	0.16018075976878735	-2.892417294665391	-0.004336387976063753	0.6210047896240797	1.4648141864204154	2.2937908273505996	0.4107298457680764
Br5584	-0.00548564	-0.00101843	-0.00294762	0.00199598	0.00161411	8.2	0.0104514961129478	0.962683	1.0	1.0	0.0	0.0	0.036927093867453104	-0.2591234651232627	0.7509543141255224	0.113219751795672	-0.8762195206630177	0.4473470081344332	-0.9401727695823786	1.663962170709269	-0.8618394570705065	0.9257946261728001	0.9372803171494474	-0.9666610312140469	-0.7726806094094416	0.8934704134877056	0.7069628098154911	-0.5083508251831418	-1.1222673032910646	0.018648639668742337	-0.5508008644109021	0.3868672741036718	0.13214804572092667	-1.0344671954772178	0.8400447575329307	-0.00886168568194523	0.20965392859295234	0.3964347202324441	-0.446778654916084	0.2209512793060943	-0.3857210060972318	0.31075696089493654
Br2083	-0.001656	-0.00876958	0.00767179	-0.00920676	-0.0963856	8.5	0.0232836202706103	0.971218	0.0	0.0	0.0	0.0	-0.15394083374000722	-1.0003987441285511	0.07283375437421002	1.1426474378986347	0.8699679029386429	0.16646707423305573	-0.8255957373227977	0.11848872375217394	-0.0064072359103860615	0.19582591339924724	1.0099813607906634	1.2240736316275187	-0.12363750853821766	0.8074415109456545	-0.8047747338924577	-1.138816822786098	0.7777922042363042	-1.5101304916907359	-0.485697247322098	1.11411144752732	1.2734303413248953	-0.6335764717524468	-0.294024389188232	0.1895678616768917	-0.5082325113822715	0.32332745499214477	-0.9186966816596778	1.0105967698006968	0.5586642587957256	0.07217330472621208
Br5242	-0.00887558	0.00229011	-5.14457e-06	0.0062343	-1.38632e-05	7.9	0.0161295968451454	0.977577	1.0	1.0	0.0	0.0	-0.9373906136871383	1.5326569757128092	1.5790865786618071	-0.9964725020776919	-0.36348749447215806	-0.49069264077886293	0.5411658188368548	-0.02299200728746726	1.058442079965537	2.1728051662598946	0.6813181455927987	-0.9799109754456193	-0.5195136194843518	0.008433614113889423	-0.4410948863314765	-0.724148557428937	-0.18785516250392909	1.280237832780432	-0.3667645688936455	0.8858985175966727	-0.8000611206243669	0.3714691119819435	1.5597693326807378	-0.8380686183817913	0.7615531287300054	-0.2880160431496407	-0.5762645370177751	0.03757898642996119	0.3321894912614779	0.8555065148267876
Br5488	-0.0102517	-0.00780355	-0.00112645	0.00731254	0.00580727	8.3	0.0317129517618491	0.976412	1.0	0.0	0.0	1.0	-1.4248570920864012	-1.5536987761150647	1.5514453578131047	0.6622500585189774	0.27572523675801064	-0.2863155526176616	-0.2960436571995346	-1.963625580737286	-0.8535122506395258	-1.1260926845653492	-0.27354522147966687	-0.27478653868378616	-0.9560629564038182	0.2146079595699471	-0.44029408814410825	1.7587081868170644	0.3847256681271947	0.7043794183194362	0.2694692070434076	-0.9785097878609842	-0.177088967953534	0.3587151695061734	1.0865394381209743	0.268116870738033	1.425445635764601	-1.0087354305383773	0.31094197123626743	0.10466483567276764	-0.5708758810534135	-0.8813684255714473
Br5555	-0.0049328	-0.0151888	0.00291427	-0.013125	-0.0503261	7.2	0.0129887283573772	0.973739	1.0	1.0	0.0	0.0	0.6998153266575015	-1.0938142134945852	-0.7168631332824575	-0.58600399497649	-1.8366027609496822	1.8123751520656022	-0.9594407443844364	-0.7690295024499475	-1.3343999285887682	-0.41401431841695646	1.1531233255929816	-0.5175608124352404	0.39004371810930294	-1.8264535909578796	0.24954672016460963	0.8107902568252447	-2.6903671840665044	-0.18040704121592502	1.2200051921542483	-0.641763836063943	-1.4474230212175045	-0.18119245147048213	0.4189131105135593	2.5360289666393365	-1.9553113712659074	-1.2483399511458277	-0.7758136401088563	-0.11787011386765002	1.9245335854090426	1.721221936978239
Br5556	-0.00296118	-0.0158999	-0.0112818	-0.0111603	0.0223733	5.5	0.0182263651683166	0.97384	1.0	0.0	0.0	1.0	-0.019201761715652844	-0.6070320060913785	2.3324311366179837	-0.428019393139649	0.34292913746996007	1.308421207021049	-1.1457017071842768	0.3498147659420856	-0.7944493998878663	-0.17114291863417716	-0.17587469189868854	0.1264246227206225	1.6806173865650391	-0.7348733221002639	-1.2424192855425356	-3.575478550262322	1.017432149197186	0.9019047134060817	-1.7667436541079284	0.801203282255061	-2.405251839136836	4.7311995779162945	-0.3190458972252179	4.454732435072866	2.859559320758378	2.077836838320589	-2.9927564024238604	-3.561626146522227	1.478080121819126	-1.6019230414818633
Br5590	-0.00381332	0.00260241	0.0079348	0.0033988	-0.0194897	8.1	0.0251443724196436	0.972464	0.0	0.0	0.0	1.0	0.13523185711404181	1.4200389336372756	-0.34726897827792	-0.6643432102590013	-1.504431841975602	-0.054618227096475645	0.9463044294383955	1.582317853495217	0.21345401536387254	0.06857477879150775	-1.1083873766105954	-0.05620367132347897	-0.2526808911936607	-0.6465041275693866	-1.4204997884536417	0.2845353443069723	-0.7063910799973182	-1.1415241625645005	0.6330325368182268	-0.326341317374262	0.484670043238231	1.5212814227364932	0.5233514331533607	0.7841808062622748	-0.13828679972759889	0.9732756488781114	-0.9685157497893738	-0.33889292285369166	-0.8297373237881823	1.1827636410680171
Br1327	-0.00668621	-0.00377471	-0.00357899	0.000435942	0.0100678	7.4	0.0303041131640447	0.979808	1.0	0.0	0.0	0.0	-2.088307158360385	0.5132383640989243	1.041250519028259	0.2519363035076083	0.010830525586377239	0.09756461172048193	0.4602545395091589	-0.7868957658169088	0.3779487150420042	0.21046567310822542	-0.008690955761272896	0.5078061495477643	-0.7804030184421917	0.7824171272318718	0.4033509759458285	0.3127757139438756	-0.29972109316668605	-0.5783235972425591	0.26680093226750135	0.02926106128124625	0.3523812528404343	1.0495140961387588	-0.4778031858465929	2.972416409790567	0.8394715907841999	-0.7082228157288631	0.9013249453326957	-0.2840508989147209	1.097795747164959	0.9778501284712405
Br1437	-0.0105237	-0.0156087	-0.000486415	-0.00118479	0.00960488	9.3	0.0339788646696814	0.971982	1.0	0.0	0.0	0.0	1.0343244837779177	1.2049648647669993	-0.1959256003180617	0.2737045032026912	0.702697956640463	-0.9756804751281185	0.6144860941626233	0.4192920801257806	-0.2500617565038934	0.08328546049412426	-0.5244717604690343	-0.18193632983755859	0.2140825518524143	1.9682703636982146	0.1872434199358365	1.483839883382919	-0.44715136805389766	-0.2798967157253125	-0.5966730221290842	0.43195308132139576	0.45717038584883957	0.31774682823084655	-0.3257912872555265	-0.9538781593312061	-0.2830342205946552	0.2779795888659915	0.6844073071291014	-0.8851541791120039	0.3442465849587573	-0.08670105266153516
Br1511	-0.00930053	-0.00539035	-0.00665477	0.00821405	0.00682369	9.3	0.0211411649027314	0.976686	0.0	0.0	0.0	0.0	0.9066916492955351	1.5536885087012733	0.41526498874303414	-0.528439229173199	-1.6897021749720205	-0.7353132012244588	0.4544267697501571	1.4050455860756705	-0.30867416705352646	-0.4574943532301921	1.5984064820955017	-1.7623305056953902	0.2476969495926079	-0.047319225226118485	-0.8533189834208541	0.6490284367254987	-0.4249931280366	0.5906295528119787	-0.702924671409812	1.326744997080722	0.7491256179155106	0.20110396192533703	1.7463514135451386	0.39924155645025283	0.7958312839580163	2.6252273234591867	-0.5719809382838943	1.7639093943025348	-1.174944001019079	0.4570434066323236
Br1921	-0.00798339	-0.0102852	-0.00246252	6.83178e-05	0.0153066	8.8	0.0197005201762129	0.981328	1.0	0.0	0.0	0.0	1.9002369984966736	0.7825353945582624	1.9447812949076697	0.2988284160967506	0.6042090801940928	-0.21937216279192467	0.9193298174358138	-1.2159675128645837	-1.070132944748441	-0.4156490494762234	-0.6497958386278817	1.1892055605385252	0.1977934931644079	1.2794010928316164	0.9202027608931522	0.014347329985206903	0.04687972297718571	0.1175469993682591	0.29741908656748894	-0.5330523094081949	0.08839948996487752	-0.765730019378914	0.5029038827296072	0.8761418780402342	0.8431311255898586	-0.5613046054629842	-0.5209102949008273	1.4660393407319714	0.6885434159517961	-0.9285248444714684
Br1947	-0.00882801	-0.00546991	-0.00677018	0.00163796	0.000452898	7.0	0.0185236887334355	0.972949	0.0	0.0	0.0	0.0	1.3656194868363298	-1.3328999901588419	-0.6255136526401642	-1.0360459045533386	1.5814263915154776	1.6542100207181447	0.7862910216058923	0.3132042842727222	-0.3127567109664371	-0.3026920200573633	-0.4774393408620521	-2.1131644433137495	-2.7684463229847056	-0.3246290850934419	1.6177673753645276	1.2637239464961498	3.8066874099612256	-2.1498447315045772	1.7010034084853134	1.077655914991736	-1.224129859777623	0.04283836516857386	1.729219950550559	0.45654656096530255	2.773558045439102	-0.22133884261668416	1.3769212525096286	-1.8238861408899918	3.60717661792309	-1.7901384470373456
Br1984	-0.00770842	-0.00972272	-0.00365808	0.00654048	0.0351091	8.7	0.0287378684217733	0.966461	1.0	0.0	0.0	0.0	3.1796351181550033	0.25361626479302074	1.6800842098720639	0.1382587532399256	0.5468930259619202	-0.8891085949453288	0.685798678793896	-0.7458210266318207	-0.04061868983476265	1.3221170479700188	-1.2012691382118639	0.7898255833607652	-0.41808669524291464	-0.5676723634085327	-0.8072234464376874	-0.05096647220742777	1.3505048979194993	-0.5488155849801564	0.2513591515365742	-2.104675632539978	0.4660114160388283	-2.8946884170179548	0.6333876225098602	0.8090873840940682	-0.3358325583215076	-0.20034051725358026	-0.6134375401381751	-0.5919680285075255	-1.1333456064351106	-2.414566524165512
Br1992	-0.00114964	0.000966583	0.00692812	-0.00562876	-0.0869816	9.3	0.0288564932804741	0.969256	1.0	0.0	0.0	0.0	1.7433668762591987	-0.03072168210758562	1.0559281527449031	0.4725969037672181	-2.535730500980054	-0.8035516580599298	-0.09320033687668543	0.4837390582034459	-2.3644183734199986	0.3977112169898505	-0.7229468820904571	-0.2669729162571466	0.3823297129922008	-2.0143575152646727	0.027848664827634644	-1.1659158031870482	1.6658135937151957	-0.5920131647560224	-0.9563176292700296	1.36774505503433	0.405828464056041	5.407526009111246	-4.161852477683714	-5.75626652049856	1.0248458323568235	-5.74599440192369	-2.455180228366142	-0.6610941251422386	-0.08627621493366654	-0.32972849062065684
Br2022	-0.00940125	-0.0023581	-0.00475114	-0.000219121	-0.0022195	10.0	0.023149541392298	0.976476	1.0	0.0	0.0	0.0	1.01294451968018	-0.3607966880095851	-0.1302101613601588	0.13177014963635816	-0.6589302276971726	-1.7189373814760922	-0.7299690942461464	0.19806390587210515	-0.8234467422982283	-0.26248383693094507	0.5344607674094481	0.3931030530169709	1.0844479983794506	-1.6879376668812016	-0.03945378717424075	-0.7176495534376923	-0.2789791907256222	-0.23280215933952378	-1.4807384723436556	0.07223944668948878	0.8968899052446797	0.9116672538780418	1.167933943003425	-0.1453168638679	-0.19902349447575157	2.2297715803645097	0.372337263257434	-0.4735116344100021	-1.053775124148633	-1.2575779060524401
Br2269	-0.0026478	-0.0148534	-0.00225131	0.00326183	0.0163224	8.5	0.0326944246625524	0.976181	1.0	0.0	0.0	0.0	1.0480065868117292	-0.9972128763110504	-0.12472697903326967	1.0076620913727297	-0.07270001920406276	1.0737623212053462	-0.21710964843861844	0.23436204565339097	1.8078642960627624	-2.151737388224182	-0.29625628647208657	-0.6653635578896373	0.9767840507955436	-0.13383445688932094	0.38849411639780673	-1.1777467486917865	1.0136990731065112	0.1262194409905671	-0.6141882970117758	-0.5001666985668032	0.7104073892944165	-0.3672984107170779	-0.2669170094671815	-0.02857976498933279	-0.744750518007744	0.06332421215384793	0.706554420085814	0.8890907102543747	-1.5775942551773068	-0.5017802757410185
Br1414	-0.0111812	-0.00926604	0.000286903	0.000910485	0.000208482	8.2	0.0363825713790228	0.977777	1.0	0.0	0.0	0.0	-1.1067005084282775	-2.669149246882549	1.4847735243430837	-1.089262237043355	1.0483253511350579	0.7636033331828082	1.8523702642143247	1.458222866545196	3.0555535214195486	1.785806369933402	1.2598281767699613	-0.7965120022569804	0.8779777461918841	-0.2703933371268897	-1.120919418329856	-0.5229648842051848	0.6669047249186575	1.0842049790982329	-0.04648397135563397	-0.8120728939600598	0.30707344933181635	-1.5244062860378889	0.3241605808645352	1.961362200883915	-0.23193220654553712	-1.7838831057466973	0.10740139483389106	-0.44405595787510027	-0.5492730849128894	0.5927027672951738
Br1677	0.00169106	0.00513867	-0.00614882	-0.0014085	-0.0209995	7.6	0.0399803373900182	0.97546	1.0	0.0	0.0	0.0	-1.6461676468488564	1.6135982243509015	0.5091881108631976	-0.3934205494280435	1.0411017372329532	0.8106122582445746	-0.9384867280193874	0.2873407281930498	1.6549085499153429	-1.3650750208258633	1.681350359203678	0.2279249747407052	-0.3320087598932035	-1.7111435273731839	1.4750995305001053	1.2797019997338206	1.3965114518594524	1.047723545294035	-1.3748601285024649	0.7985354344846893	-2.3462151195210414	-1.0131152866263562	-0.14478749880061773	-0.5726433230316237	0.9737339317374785	2.3047522813550914	-0.33650418543324406	1.0583993306924213	0.8561960505112608	0.2645453824093231
Br1724	-0.0078007	-0.0101066	-0.00583731	0.00332635	0.0124512	7.5	0.0363282127429381	0.974383	1.0	0.0	0.0	0.0	-0.04943228448715148	-0.7964788234339195	-0.15791964027466512	0.7495783025353454	-0.825699547381227	0.7048037563186904	-1.896130489666765	-0.9226150352442407	0.37414035147775765	-0.8564028924866003	0.9195966848159187	0.37353231526757324	0.058133503886667826	-0.06616465488925727	-0.5048522399519614	0.06557873577429317	-0.9411389960036731	-1.3290665936934138	-0.31562551572372705	-0.4428893072877508	1.1184242214166706	0.661488481793892	0.025776145693039796	-0.15317889412838015	0.38090948157058896	0.05521734826175349	-0.42740349084529194	0.13924941308110492	0.9577757190878653	-0.03918440528493164
Br1734	-0.0042677	0.00160152	-0.0034536	0.0150514	-0.00639038	8.1	0.0267323411428082	0.971246	1.0	0.0	0.0	0.0	-0.46308880962114335	0.425141206311754	1.2913964717256983	0.2934925696823429	-0.8845063932998181	0.27355908209489743	-0.33531918760086005	-0.24975434999650478	-0.32468046113683496	0.3448347915368513	-1.2459228370754691	1.6921791432911881	-0.8731935508315601	-0.12985080700459573	1.331428091426054	0.9268054078401988	-1.504874078624431	-0.6213407651580721	0.3375011019219335	-0.5186397201694368	-0.1958411004663259	0.41008521434744966	0.4807802044196853	0.38547591182972585	-0.19273372436930686	0.32326079676483743	0.016445609769923094	-1.1949885022747009	0.33161452559089877	-0.3056564422283914
Br1760	-0.0013661	-0.00596315	-0.00341569	-0.00278858	0.00185208	8.0	0.0192418573153233	0.971479	1.0	0.0	0.0	0.0	-1.4523728051700602	-0.9858304704515769	0.28592091991217417	-1.4287670893396287	0.1790190759367338	0.6302309479152146	-0.38977154976271744	0.49497312603545834	-1.2884262782057947	0.8009463108650026	1.6779646019842505	-1.9943835282795772	3.8328769181441067	0.7269516224205179	2.513672368529833	1.4020936632256367	-0.2787727370587506	-0.06531591074174255	1.8174840089487039	-1.7449416663869413	0.7453127838155821	0.23920474190474372	-0.618806291024156	-0.8417387839463979	-1.4855892664570827	2.3804349974562653	-0.9051176459401197	-1.0694178895415196	-1.1961844025071082	0.07943550579974815
Br1931	-0.00481685	-0.0100042	0.000674386	0.00551011	0.00725144	8.3	0.031470427451338	0.973146	1.0	0.0	0.0	0.0	-1.5038733649964078	-0.5657715084604792	1.0709349499971033	-0.7918229127016468	2.4594163924205916	-1.407216432840945	-0.5308349746456968	-1.6356036297017569	1.874991383572188	0.5689072184555265	2.2268078986566593	-0.9206419641106298	-0.6516376146808834	-1.3005608041498917	-0.3230348920856591	0.2288614981807428	-1.2831149462608251	-2.383724203101884	-0.44955415603627474	1.3095159627581967	-1.9942901831776372	1.040649699715752	1.8244682014098246	-0.038903220972110596	-0.09625273422501306	-0.796205072437754	1.0371140339570868	1.269668663549004	-0.030988154317818838	-0.8735738575376922
Br1163	0.0420095	0.115533	0.015873	0.00240594	0.0166239	9.0	0.0225589997237963	0.973096	0.0	0.0	0.0	0.0	-0.7779792840880261	0.4351351175177537	1.4280510591766402	-1.018072512696865	-0.6605693867768062	-0.732285297519885	-0.6607209173753562	-0.930545117987976	1.176290572473533	1.3223058107945886	1.0116762260661745	0.575240551365931	1.194076641336257	-0.05090898391655023	0.45865190231839353	-1.16857686535105	0.3079776632026748	0.6359252680220099	-0.10999651008760554	-0.36408167861075963	-0.9180909404222346	-1.0524751085229926	0.8897592256863823	0.5609258721986567	1.2019940142456897	0.04648021145154906	0.5749852460990118	-0.3173630409974221	-0.6594972431287652	1.5064605420080919
Br1415	-0.00464775	-0.0089272	3.06396e-05	0.00244044	-0.00203754	8.0	0.021901180690757	0.973794	1.0	0.0	0.0	0.0	1.1720969822025817	0.837807277158338	0.06283452223548265	-1.148862106511581	0.4590465897065828	-1.9251749160126357	0.1418539512341922	-1.3834792211999694	0.1749560519069477	0.7499144322627429	-1.019411578493834	0.5447831293587633	0.04313882480683894	-0.1184281186739538	-0.12608127592445537	0.32343464478501605	0.7574254732652591	1.9431938734938383	1.0023329683893127	0.5584205286984897	-0.6775161104894175	-1.0766295480645633	0.04989610130309071	0.4270094134132707	0.6422148979527633	-0.2201569565497436	-0.39849470334977105	-0.8902953438827045	-0.24466195704290225	-0.7705228222106778
Br1430	0.038204	0.115944	0.0112917	-0.000352265	0.00714904	6.8	0.0294967432282799	0.973923	0.0	0.0	0.0	0.0	1.8695956660711852	-0.13902800307100713	-0.21432111938513612	1.066283280380672	-0.6630057225115242	0.05997200583730407	0.556851477451742	-1.0789477435277752	-1.062567084632255	-0.43806888157841034	0.09191046508604728	-3.1721775122859457	-3.0471631662470684	-0.9621232764227339	-1.1645006350106821	0.4800630198863607	0.9265024608130146	0.6136339170857948	0.5708176807080773	-0.302019230924266	-0.46194095422071235	2.7607271192947045	0.8241568583275267	3.5522818087199486	-4.406913999279387	-0.973461660077938	-1.4319090043087421	-2.1416694384487687	-3.2645864112829206	1.082476981575872
Br1454	-0.0029909	-0.00472967	0.000894827	0.0020335	-0.0129067	8.1	0.0105827992349344	0.976825	0.0	0.0	0.0	0.0	-0.6797467731838965	0.026011093353944064	-1.4721481962293974	0.5783260832603498	1.3491658423851065	-0.7754896688823265	0.08744316734289148	0.7163704182154285	-2.3460700607193834	-1.132887664335301	-0.41186302366768335	0.7891487526789316	1.343561266809056	-2.6178331500426237	-2.9146066227091603	1.226222205654596	1.5908410141293454	1.7600384651924754	1.6338219157729699	0.2954145274999388	-1.3679043998916063	0.48661018004744955	-0.8800101728450502	0.7083173918995354	-1.6568956012189757	-1.7767398321344776	2.9205348388846875	3.206695706187596	-1.5345077954145407	3.663001384350851
Br1554	-0.00749336	-0.00755491	-0.00176251	-0.00233461	0.0127768	7.4	0.0219014782774545	0.975241	0.0	0.0	0.0	0.0	0.979238074955205	0.6009247894449341	-0.09741242417812886	1.905294340028442	-0.467858858569117	-0.2065759598365793	-0.06700073297808035	0.3606326930092652	0.3905294733314354	0.02335795873788942	0.16758237885770957	-1.1109265082844944	1.2842919916955582	1.426434454218674	0.7873988273745857	2.2111266516101815	0.07469329588246315	1.110773071608067	-0.7148535501600517	-1.9821006568461572	-1.222287790501965	-0.3474980483399409	-2.9585038838496236	0.9474396560910214	0.6306562263900531	0.010340001658818234	-0.7614151978772697	0.24441008648007564	0.4319063691354629	0.1261211280338817
Br1562	-0.0100543	0.00545536	-0.00467121	0.00515559	0.00189031	8.1	0.0162450204439284	0.973885	1.0	0.0	0.0	0.0	0.2612901295738049	0.6940806684202678	-1.2109933625022278	1.3609500750009538	0.04777072216993489	0.01804110951463756	-0.10341287160598932	0.9848663775809942	-1.6941343923089807	-0.6367241486380268	0.16737409495750827	-0.5818805323433721	-0.01096333652976858	-0.19975913579768706	-1.2899029174129415	-0.4374444652083866	0.42405323618858354	0.34282454956362307	1.1668161362597291	1.7885885731792066	-1.3054287695657105	-1.2264514947164986	-0.0594797205472692	0.2982362788025399	-0.018692593201196407	-0.06723311002049986	0.15344664311190745	0.5453457225430963	1.007838229461793	1.3792552124598105
Br1630	-0.00308798	0.00120524	-0.00937656	-0.00141434	0.0193788	7.7	0.0252221823685224	0.972939	1.0	0.0	0.0	0.0	0.925399633921624	-0.670584309674977	-1.518816156554008	-0.10387422239894303	1.1748061397138	-1.193429261115368	-0.9297009762607988	-1.1683838150069885	-0.5038554028784066	-0.35859327361018567	-1.2272445408426471	-0.28739942396934287	-0.7890212597164337	0.5690688631501325	-1.5857524790112443	0.00998176070281632	-1.093553909672906	0.9540608062191503	0.9634854997237116	1.8687940652532922	1.1590193744797632	1.7162212157464272	-1.2543887388445958	-0.36021570740219844	-0.02855663627961049	1.2457989303788364	0.3821782637723681	0.22594575102650785	0.950478465439426	1.3214725278380115
Br1713	0.0089446	0.0281396	0.00357264	-0.000480535	0.0245463	7.7	0.0171508618380062	0.972272	1.0	0.0	0.0	0.0	-1.6248302755387831	-0.16445753145233158	0.19597917396678136	0.27850100769191655	0.7126684929855411	1.3621807089295626	-0.13310143387351378	0.527361552048663	-0.5480923779194559	-3.3254207545577534	-2.0934434230475194	0.20478267244497542	-0.8873695821823439	-0.9779578011159362	0.3461403017045067	-0.24100476210979116	-1.0190155005143522	0.3750638034090983	0.28070780351760866	-1.3071338886293697	0.30695243188693383	-0.7131756629589858	-1.9356354354453364	-1.028963010283877	0.1763150237503815	-0.03815565131542185	-1.702964113948883	1.495743665281313	1.3895638595256299	0.44328734383150864
Br1744	-0.00702521	-0.00770401	-0.000211529	0.0104929	0.00930632	6.9	0.0269013626733963	0.970989	0.0	0.0	0.0	0.0	-0.05125451871229176	1.5557273123187303	-0.5137972932728306	-0.38494531071594634	0.908014790312956	2.3149848372538875	0.6550936835707308	-0.4865533156086161	1.687390360975789	-0.06674809871607615	-0.7290616608937722	-0.21097253441420455	0.08417692642439413	1.628445767152262	-2.9234051449259604	-1.3631996296526672	-0.06106802214812902	0.6864799577516445	-0.8921923167464839	-2.769939247084231	-0.366839121986491	0.6093110086728456	1.0850625920005228	-2.097031893085447	3.656709576037322	-0.16397002785067355	-1.5520984094999724	-1.0857184251984293	-3.608668753963213	0.7101701950192543
Br1752	-0.00927998	-0.00249877	-0.00146322	0.0141948	0.0172328	7.7	0.031382930980688	0.977348	0.0	0.0	0.0	0.0	0.6533254620025406	-1.2029905785044928	-0.23066807006492512	-0.009725183769657406	0.08175549261716504	-0.5877586101430836	1.198164650844532	1.1580139177679927	1.6359208412939985	-1.1749314227418803	-0.7494545638802687	-0.6773428070820939	0.6199536988257146	0.8457108785577593	-0.2943070323557259	-0.8358619718668812	-0.2652073217428575	1.009541985603263	-0.13413337796480027	1.240897405069458	1.5079000241177696	-0.340430515274949	-0.7621430923699127	0.9322983920509949	-0.27956397758776214	-0.5752850664559805	0.07649805544889032	0.5208150147419495	1.1506467196462073	-0.10711885149789346
Br1821	-0.00316878	-0.00525088	-0.00371781	0.0200642	0.0069702	7.6	0.0256493085613847	0.978844	1.0	0.0	0.0	0.0	-1.2970230617514054	1.0734133322284085	-0.07090637303364379	0.8288362689458605	-0.11655926009811901	1.1327615287755026	-0.29528758721405207	-0.3982702621269267	0.014120058993711517	-0.48320370462379586	-0.7988646646780806	2.5542797215562367	-0.834239652629899	-0.2397838731095245	1.799925053106727	-0.15407007072905457	1.2844582085022154	-0.5878989871897132	-2.5039230368990903	0.0658758859765492	0.016355189592140468	-0.4983857598046608	-1.1215689456857598	0.4829784514881366	-1.4029865626109796	-0.94748415042504	1.13859080820078	-0.5166436622113106	-1.0942381627580167	-0.5045754483173475
Br1896	-0.00317228	-0.00300211	-0.00263924	-0.00984359	-0.0222375	7.4	0.0143507975351324	0.966689	1.0	0.0	0.0	0.0	-0.338284142545529	0.004483114860572802	-1.6272157638297655	-1.1034884422581999	-0.10070582440958474	-0.5676498962944004	0.5406701335096608	1.1398294177708936	-0.8033127403690596	0.29290565203814406	0.7922909502558686	-0.5643728717628657	1.1878852521198475	0.7140669447223441	-0.14325669660226947	-0.17806787930699366	-0.5705688799814915	0.21980715588069594	0.694972637836054	0.5672048725703999	1.2931572649238872	-1.7477967073743834	0.764806594790239	-1.4965296236491599	0.057413527193893525	0.13119178831324008	-0.8543292469838575	0.14362480588635076	-0.589613743480016	-0.1333727824085407
Br1901	-0.00821188	-0.00169267	0.0014976	0.00529704	-0.0195794	7.1	0.0156731985669762	0.972857	1.0	0.0	0.0	0.0	-1.4101963219064055	-1.543390931852366	0.2157587701392778	-0.23256817496104137	0.6042342778501687	1.5560903452089445	1.7608596224886566	1.4170681749590357	0.9133194667786804	0.5145217590040481	2.3470217507229534	0.5794971309278789	1.0566345721948227	1.8491019913317568	-0.17327713124996474	0.010193544247115953	-0.3073971937569018	-1.8682337069205146	1.875529568718722	-0.6070519815778573	-1.225486744359324	-1.0981869852586517	-1.313334843290122	-0.8520600950396842	-1.132788370709472	0.537563392238028	-1.2958089902162078	-1.0098188080197965	-1.1057179647789703	1.0147752554759408
Br1404	-0.00722666	0.00106864	0.000423907	0.00162351	0.000398534	7.1	0.0154015721326609	0.97592	1.0	0.0	0.0	0.0	0.07508632391604717	-0.5531278710106083	-0.02074191153472371	0.036791515073374755	-2.4083547312021962	0.38467810400271024	0.21066607911541316	0.2705019111438205	-0.7283204917242964	-2.249848025024987	1.0574379707571215	-0.4970071915446357	0.751294868267761	-0.024446253513991996	0.32752509441365724	1.3933223166147395	-1.0225263213934725	-0.010602401825757158	0.8284711063071638	-0.3783430262759966	0.25633934058916347	-0.06230616662269107	0.7207872926401108	1.0916224245486832	0.8205942824771766	-0.02571789897382836	1.4680261220818658	0.49802026680597034	1.5141935394984667	-1.4362425890737056
Br1651	-0.0100395	-0.00783358	0.00069606	0.00733177	0.0617946	6.7	0.0360430820405558	0.972797	0.0	0.0	0.0	0.0	0.21729320852709788	-0.12688395915748477	-0.5318115708078431	0.363900305999927	-1.8534527547036095	1.9189034129783786	-0.35045419922666604	-0.15748956250882257	-0.6075677294151954	0.961690081233208	0.2658715328470049	-0.42981853651223584	-1.1501867852053054	0.6195695160910055	-0.19380539681590606	0.5951565476837636	-0.8360170232753705	0.9510320363552726	-0.8274065709964158	0.521784492788699	0.0802751371102737	-1.320046202594597	-0.09443311590967007	-0.12830335627342804	-0.15552578218202912	-0.6065125199955896	0.3031889338550238	0.09304205601567558	0.4657416505028064	0.6457118811899808
Br2040	-0.00847021	-0.00280455	0.00381544	-0.0111166	-0.0476968	7.4	0.0203920548395025	0.979811	0.0	0.0	0.0	0.0	-0.16898886634996577	-0.004089902770123099	-1.3922094976678925	0.819526588618707	0.2769786528737268	-0.14978918714911735	-0.07586540724406554	-1.6987959124979488	-0.7373852514331974	1.0348057279181608	-0.4182133504617129	1.0643898672566374	0.24460403607246922	0.7928186662434821	-0.06250480161117292	-0.8443188914689127	-0.39900856291314424	0.012988546950822431	-0.13310289429676161	0.8084700697977129	0.9383840127420298	0.8735336476285346	-0.1289670631309164	0.5513632097629553	0.36072852878658346	0.4673795959576894	0.4898048285944797	0.08203570244459571	0.8825799442118941	-0.18466018582439014
Br2071	0.0418496	0.119187	0.0261203	0.00993437	0.00128273	6.5	0.0137812447170199	0.968583	0.0	0.0	0.0	0.0	0.46641123147877456	-0.5989831043223768	-0.8743104537352987	-2.8607567589010348	1.6897753312018255	0.5669552455287329	-0.29543759782498646	-0.05667494365773013	0.0027484583055205464	-0.7415522042351297	-2.239720480635471	-0.6554810345953238	-1.0926117701580158	-0.5961034161259946	0.37619137787620194	-0.4367543927171049	-1.376697708389317	0.8000861932686525	1.9461220222007387	0.7518264654646934	0.19618215009412915	-0.06578290901039856	0.4758454176455427	-0.6498392879711984	1.1778448029033288	0.7153342257121326	0.36172605037983047	0.4209251740424191	-0.6952512706467778	-0.8413305727288656
Br2078	-0.00526246	-0.0103922	0.000519496	-3.65243e-05	0.00993206	7.3	0.0325870400374449	0.969757	0.0	0.0	0.0	0.0	-0.7153413394947244	1.338920647333021	-0.6794387964861128	-0.08010890103481394	0.3449665792850546	0.1271531241945031	-0.644746121493483	0.37883261592255807	0.8312984498040745	0.5249019094525604	0.3508239817838811	1.0015856703829715	0.20324920930588425	0.7820578171836866	0.738782682258863	-0.4786889900384975	-0.3309701764814568	-0.6872477532408413	-0.509482701787184	0.5893571350828595	1.0202178016598473	0.4271511116947765	-0.5585945826233016	-0.43117696416837736	0.41662840917475924	0.8987647093421179	-0.2749822501517821	-0.4598977232703288	1.09879718574273	0.8030064090066074
Br2262	-0.00928545	-0.00779255	-0.00389527	0.00779588	-0.002314	7.1	0.0290049817369955	0.977305	0.0	0.0	0.0	0.0	-0.6627590124301853	-0.26656909169094595	-0.8002288192911985	0.38638143395453545	-0.2518772344938223	-1.8157783259485387	-0.48663810733818885	1.081904369874501	-0.5328596848581276	-0.44022486544473377	-0.896272483235411	-1.405138265857658	-0.6590963829596654	0.06346633839566707	0.8207194989511203	-0.8416151440501277	-0.8135404473165506	-0.06070725058318634	-0.38757480638148967	0.32305288199905413	0.4898186654310771	0.43382386142673945	0.8531939268651331	0.4158076331117292	-0.13850226023878529	1.4396161739642155	1.237802259900606	-0.686829564461056	0.6122788713754249	0.10958429397734293
Br2272	0.01617	0.0563593	0.00144342	-0.00775495	0.00574323	7.4	0.0193549061589467	0.973853	0.0	0.0	0.0	0.0	-1.44593784018013	-0.7462326563484906	0.5017095209766737	-0.6083627543013623	-0.9471843004887929	-0.03331121611863442	0.21064984134851936	0.036699693697358315	1.5761013251863	2.5156866632592494	-1.4842614325070427	1.4856049181505415	-0.06251080804665157	-0.6883639612312501	-0.2786647254826149	0.1167122478916384	0.6032982206920414	-0.615149880987946	-0.9306849185226259	-2.2555923777944575	-1.6545156957023943	-0.3459620927810898	1.4902046375062539	-1.1038770706721488	-1.6842464120979852	-0.6999396202784244	0.8909750425961203	-0.1759654476527555	-0.43760382621377936	-0.5362327017379565
Br2294	-0.0105158	-0.0126601	-0.00618993	0.0133616	0.043846	7.6	0.0199878313358932	0.972232	1.0	0.0	0.0	0.0	-0.185625606733653	1.070801597549752	0.38981584224287397	0.021699925190315307	-1.7913786705638501	-0.05042119319147774	0.736088174148696	-1.5055700592774683	-1.2758675757112619	1.3027124493640674	1.2060307798350176	-0.21831849261417885	-0.6284399792083228	1.0891822409591334	0.37334171255238285	-1.5419451896219634	-1.7535751358502032	0.6906832029816274	-0.38379626687285223	0.7121505197495546	1.5532296050748828	-0.16777609563537832	0.044624166654813426	-0.30925273940139264	-0.16794175243769405	-0.4903336971552166	0.05184572233887803	0.4660616141265413	0.4692402768052173	-1.4172774430189135
Br2309	-0.0103272	-0.0109851	-0.00701402	0.00711947	0.0307375	7.4	0.027787389653148	0.974565	1.0	0.0	0.0	0.0	-0.5809525471910707	-0.8267391309360381	-0.49421694693341395	0.7037738198528284	-0.6633564972613801	-0.6241221551980083	-0.37147945617652645	0.016409992523299086	-0.34082319039995285	0.759126040821149	-1.4490383482217928	2.2605405281780264	-0.10420922720199896	-0.08419779375406605	1.0270027995830489	0.5145298447700342	-1.1783624773344175	-0.5000193772350431	0.1375587647920928	0.47439426438541415	0.31008720072348295	0.6224567991093558	1.2137202454538174	-0.26355768462424795	-1.790056524013264	0.28521001682528524	0.4369893522066001	-0.7066695826144458	0.37345176051663315	-0.36833429337771245
Br0922	5.32662e-05	-0.0108955	0.00516521	-0.0139156	-0.131564	6.5	0.0350217846881201	0.972113	1.0	1.0	0.0	0.0	1.2117889008721523	-0.2364945779670731	-2.015812090229154	-0.3890090607592083	-0.38174172186305333	0.5884372860581125	1.0984807616397498	-0.781266863818084	-0.3341634121409091	0.8063732115023217	-0.5148974368358044	-0.4848820709993547	-0.49023525578197297	0.32374181242400024	0.875551736981595	0.556426004301313	0.9926083723336148	-0.022202438137768513	0.4517831209249612	0.6163396756078782	-1.4063854655134083	-0.8699980248277853	-0.025395457702275033	0.6074431074639947	-0.4548927936335627	0.5807788388326549	0.33689221844683687	-1.162702741414429	-0.015152594641987076	0.5057715422431519
Br1016	-0.00206243	0.0162247	0.00450021	0.0101257	-0.011593	7.7	0.0279175813724336	0.973196	1.0	0.0	0.0	1.0	-1.521963147293386	-1.1537211309642237	-0.2724446358064678	0.4416880475837451	-0.5605249322950765	0.10552280114863333	-0.7292034948247244	-0.9094885106091184	-1.2368860418778354	-1.5168095448643488	0.3208220894226018	0.08932528461474305	-0.5691675185938391	-1.478879250836312	-0.47779531124092023	-0.5513426169037537	-0.26791258176614285	-1.773362551458176	1.6538911146672852	0.08242265061914446	-0.4457703120700239	-0.9465215378184837	-0.08326614829638686	-0.008376590625877322	0.2703840752949555	1.153644773422297	-1.0626408125749112	-0.6751607454920191	0.382812606457862	0.2926374354304442
Br1092	-0.00101845	-0.00249987	0.00521082	-0.0134645	-0.124691	8.4	0.0230578332255185	0.968854	1.0	1.0	0.0	0.0	-0.47149964679102035	0.5320196037871865	2.097292927934734	0.8257497846213527	-0.3025031395668096	-1.3152157220849314	-0.11828021973122221	0.557612482785047	-1.2584923684747211	2.2961955398324303	0.3868498066172064	-1.906138130200731	-1.854638973229031	1.1672239921647323	0.7807124916010175	0.41223754134093255	0.594909931612309	0.6451214918815268	-1.1440581999475672	-0.41773998241812826	1.431111756584711	0.25679013285934715	-0.49353856017284986	0.2807507345107194	0.09272542029995325	1.0321264303729234	-0.25780410632887635	1.018268008288679	0.5157674849313759	0.19388748611087364
Br1093	-0.00484183	-0.00142095	-0.00741066	0.00307332	-0.0176664	8.1	0.029768420402535	0.97046	0.0	0.0	0.0	1.0	1.6730400950928348	1.0690031262171098	-0.5366454755986304	-0.04838673405995936	-0.39203358598151405	-0.938783997207461	-0.3877700930743991	0.22756798090375369	-0.29636220637356697	-0.7769634829809893	0.03825958572301252	-0.6630352127671733	-0.21202865570066426	0.645082438251573	0.5744580042202763	1.4275654995119333	0.03331981487627657	0.5980471297701832	-0.25814056982238437	-0.8335313820163665	0.23295896943827898	-0.13514359899790546	0.861433805349696	1.2294233116237063	-0.6347619191987274	-0.7350116950159031	-0.7883986722037308	-0.27399512689428035	-0.6546476489267176	-1.431689375004802
Br1109	-0.00444423	-0.00295523	-0.00450761	0.00694746	0.00269267	8.1	0.0294802193784949	0.972455	0.0	1.0	0.0	0.0	0.20082401295042202	1.0290432137084011	-0.40704499617038786	-0.13508642808829574	-0.7338609868127087	-0.3464244320472684	-1.3363807340913552	0.8229489968181494	-0.45108111801030876	1.0520864172961062	0.0668292471673574	-0.41882076676584384	-0.36686917770377786	0.37492442463018694	0.6617906204417423	-0.41760571540858393	-0.9466997268154057	0.43295937214169367	0.6832030971796015	-0.2759631499580199	-0.23448337767037603	-0.14644273926036505	-0.7334371177713785	-0.6908771499616899	-0.6212889541780762	0.532253869352339	-0.12652877796262754	-0.7940902946003805	-0.6592013232510104	0.9377504756150158
Br1113	0.028523	0.000140697	-0.0189991	0.00473655	0.0310797	8.6	0.0139148641377606	0.970804	0.0	1.0	0.0	0.0	-1.371962218907291	0.4878878287087436	-1.1515031905189865	-0.7001159067102095	0.48500279128335694	-0.019191246922745472	-1.7265027590584368	1.5064218709804946	-0.9753913593574993	-0.3005338907221733	0.3250782903988063	0.20597665345668723	0.22527430542549962	0.5540304759343	-0.3759262217477744	0.1036036656042846	0.7227621137349642	0.2784458145135085	-0.9161206640326004	0.1023776961069775	1.1620783619797277	0.3755770767435661	0.06251110721656863	-0.38574383641775095	0.3027290452766533	-0.061153784320276065	0.5011473063880563	1.7842354392041395	-0.1995874451075715	0.8284368462804599
Br1189	-0.0107659	-0.00656366	-0.00539765	-0.00768026	0.0389038	8.4	0.0242527660854912	0.964594	0.0	0.0	0.0	1.0	-0.8593563299357729	0.57880314373462	-0.3521160072377606	0.36372197693206454	-0.14404457739928495	-1.8472133187789426	0.863092413185091	-0.8261308789036416	0.07842927148746034	-1.8679619248899482	-1.215982106377321	-0.21486749798421695	1.5086153095765658	-0.49996102076607213	1.7817530221463096	-1.0468745065124965	1.583048620526961	1.44711729500557	-1.648245582310941	0.730732504344533	-0.29313375955755827	-1.0156902436868274	-0.0933544676053104	-0.9488105762230797	-1.7389436997447139	0.40970466814821616	1.5750235193530837	-0.9046653321038749	-0.6512471834364899	-0.4070201778813014
Br1203	-0.0070475	-0.0086062	-0.00220672	0.00115064	-0.00315698	8.6	0.0309435050996425	0.974874	1.0	0.0	0.0	1.0	-0.9745764606884759	-0.7832214333284306	-0.2235157401090737	-0.011594962504315406	-0.25669075767147714	-0.598157162348266	0.39630930220922156	0.870669811879078	-0.87832792185953	0.02197983189686139	-1.0012253121486958	0.06107976869300451	-0.3239453182928836	-0.1253515089594845	0.590953877413828	-1.7890351121839554	-0.23144604497767238	-0.7565569168873123	0.06774119195676045	-0.29352156451255934	-0.1895696416152646	-1.1671747246939164	0.18343262534023755	0.7742971668604829	0.24325685105381215	-0.3127238999372517	0.39843924766827277	-0.619021885420556	-0.2234626684058951	0.5810008085338024
Br1204	-0.00654461	-0.00146344	-0.00294056	0.00556689	0.0189882	9.1	0.0321848998657004	0.97365	1.0	1.0	0.0	0.0	-0.9259552303214624	1.793217722955629	0.09546835225405795	0.7168590707510635	0.5469113298013072	0.3519532136835243	1.3838084684173557	-0.8910341740175974	-0.44699026824569527	-0.7175802203287827	-1.6245785660094298	-1.9404661047061207	-1.4728848157410421	-0.20504305729592137	0.041824279579377746	-2.487629864866361	-0.5332219702859744	-1.226063123224317	0.5031603433674239	-0.6825179714134683	-0.23152933596738556	0.5125497413706177	-1.0985046448596476	-0.1475897398231168	0.47418496870733273	0.0350910534199895	-0.1559464296368518	0.21608433372733518	1.0551843151460814	0.9793060140866622
Br1214	-0.0057542	-0.00408158	-0.00297066	0.00296659	0.0246976	8.4	0.0324650056973656	0.97499	1.0	1.0	0.0	0.0	-0.17106819807021625	0.07223389917763928	0.8564045940843426	0.04387189288626544	-1.4549422207809706	-1.1153019853795625	0.4821870877607122	0.6320185952331194	-0.415305806308187	2.0111800134899727	0.03458550382578415	0.5016546745912747	0.7755269935458925	0.2728090548434353	0.39326022511584924	1.641547386197496	0.5456116872307588	0.7046806230492715	0.1311568684449041	-0.6309539577637351	-0.3013679576581888	0.185618218807717	-1.3491844051097943	1.1921971642545268	0.5066705042452623	-0.5192907618244218	0.09885295688912267	1.0656252337692096	1.6526333268785482	0.3371680955622359
Br1245	0.0307813	0.0709653	-0.000560425	0.00703378	0.00895545	7.7	0.0141559649213874	0.972468	1.0	0.0	0.0	1.0	0.9876157629777391	-0.35707836488024347	-0.8762249212255218	3.515810498284355	2.207856032599583	0.5154083333737786	1.1132964272782915	-1.0135027258358351	1.6937160664928588	1.925919800534293	0.8304832085806996	-1.5402727338711848	-0.7784370058776444	-3.4032057467183936	0.029772264273969756	1.1425940468374611	-1.5211020218172304	0.353475652257458	0.8681669082296869	-0.1532152566805541	2.2205384162372797	0.2574621052701091	1.23787706838493	-2.8594586681013414	2.7956686016913115	0.5225600006705017	1.4928452624134072	-1.5732144543048476	1.4044377576307063	1.561165025291082
Br1288	-0.00632616	-0.00704057	-0.00655633	0.0104045	0.0216792	8.8	0.024280684120169	0.974947	1.0	1.0	0.0	0.0	0.04487301058863003	-0.5137410138239956	-0.4330098264554542	0.004216525842709959	0.6673327790240763	-1.3914378449041893	-1.1034606110907141	-0.0982716641304153	-0.40413347546349415	-0.42835088376968283	0.8330015835186125	-0.5373829772184829	0.07202687244528601	0.33157826384377215	-1.1377764065642344	0.2327926942487265	-0.05846847862273169	-0.22674873138417964	-0.5379490450402135	-0.266393646497678	-0.5362485051630834	0.39443371516201964	0.5231732297044683	-1.4867407919142688	0.5496084105026589	0.525422820396968	-0.5072123554283965	0.22924093282280059	-0.6012718922708608	-0.7013618375751228
Br1356	-0.00370747	-0.00620329	0.00182919	-0.0260239	-0.0488929	7.6	0.0309325579414725	0.972812	1.0	1.0	0.0	0.0	-1.6218402242599803	1.4287055120284304	-0.12352501048607109	-0.2786632218991123	-0.5085103963338685	-0.07681759616657187	1.9208883033091864	-1.338527819557088	0.9297383176108789	-0.47352941251154196	-0.4146394905196779	-0.45998382623228207	-0.5637732634554258	0.03845656193171192	-0.6016940587358697	-0.538992972861928	-0.7059507080735288	-0.8368625809614061	2.4359348560577674	0.3622185002054524	0.42044055389683865	-1.1504576587524076	0.15337419353210513	-1.7633030657417708	-0.5845780011456453	1.3154066326893552	-1.0349125912506116	-0.20851539187301077	-0.1439111324738676	-2.2013825733488335
Br1383	0.00223331	0.0225307	-0.000482741	-0.000650996	0.00309376	6.5	0.0317261871482686	0.972551	1.0	0.0	0.0	1.0	-3.006710508600073	1.6144036129306574	0.3065995080379365	0.6822160415675782	-1.6553635407234117	-0.901392128056745	2.7061665726483675	-1.2933540814163245	-0.7105054480273831	-0.8086103091526126	1.6062209346283616	-0.22242629852194157	-1.885095903448709	-1.3309147612685879	-2.067819975272106	1.1257748489867159	1.8232510440061447	0.07977872411582644	1.0342520419313697	0.9841274069795348	0.2954383170448121	-0.7214585933229775	0.19624657933721973	-0.343255562306907	-1.011945034744095	-1.2102055090172454	-0.7307100915513367	-0.00373060802072007	-0.26416129082929396	-2.790112700981727
Br1389	0.00674963	0.0129297	-0.0113723	0.00224901	0.0319365	7.3	0.0291640033826516	0.972502	1.0	1.0	0.0	0.0	-1.5284594453366502	0.8022704458681884	-1.2551453263987764	-0.20281379052083595	-1.617316200238026	0.6021612021044421	2.632708254436821	-2.265553694701253	-1.2959228295497598	-1.5602203798927918	-0.9084692269952227	-0.4531217942820276	0.012785142679785255	-0.2606575893417255	-0.2306163889906214	-1.9243083600324977	-0.33262061217032396	0.3195176233486584	-0.3100590099758655	-1.237925965479192	1.2035302151411211	-0.5992348464743372	-1.2181627489999742	-0.872656196685377	-0.39516584877285926	0.009395590972400265	0.13335315744998688	-0.30013000085071434	-0.2630929692018358	-0.4346993761778573
Br1453	0.0459176	-0.02111	0.0365122	-0.010139	0.0210855	7.8	0.0197617960892427	0.977673	0.0	0.0	0.0	1.0	0.9314287666794261	-0.4504036802449745	0.061921324404200756	2.8222901567878997	0.7303972815739193	-0.13310175093309934	1.8875022003488224	0.20279231941355078	-0.3220147789270466	1.8078698139525142	-0.6593911986822363	-0.012916349280464208	0.6950853705750074	-1.991389823528533	2.5025638348497288	1.4993784155448806	-1.08586581768395	-0.01881652954636979	-0.4801244330542719	1.1604365449025658	-0.2476365331791657	-0.6821498046097761	-1.1820888884972744	-0.04810061788201159	1.876926616703584	-0.4806909828568262	0.39292993076390575	-0.7008115597753183	-1.8710036282342386	1.893560507249271
Br1474	0.025805	0.0335269	0.0020215	0.00476126	-0.00556602	7.0	0.0355480768273629	0.97466	0.0	1.0	0.0	0.0	-1.4694669569950254	1.0415524508048715	-1.3135619075038618	-0.419170579360084	-0.03482246493430565	-1.4259478354828024	-0.6418988253263693	0.43511377015893715	-0.017753684625609854	1.189034300036794	0.7362541718007863	1.3601849073822334	0.9032844842660791	-1.0751446801713853	0.43550103549163527	-0.8552920706832756	0.1470481088300468	-0.49508786587996007	-0.387588051611931	-0.9420070347762354	-0.703710625872644	-0.09308353113717714	1.8669362116719785	-0.029601156477679635	0.2669457847062504	-1.215273243572678	-1.3595585750516173	0.34541749364075025	0.3542932050393219	-0.03256158002086339
Br1487	-0.00372919	-0.00286742	-0.000756628	-0.0027687	-0.02004	6.5	0.0196200596664446	0.977076	1.0	0.0	0.0	1.0	-1.2886301861763274	0.8106859058799911	-0.4698566567289222	0.6230380255924116	-0.21210899953294493	1.4076280328834527	0.6335827684533151	-0.6693085586035703	0.8779860752161928	1.0345956096560214	0.6565462044566136	0.4146425322815011	0.5324297831303358	2.3182931106461053	0.1688934651075217	0.35126242214647113	2.2806511929953173	-0.4172404599732269	-1.0195147688706152	0.7845879407757012	0.8291990177997205	0.39585438885791874	-0.22939770584655034	0.7520877287711484	-0.5403377924074985	-0.7075374073290317	-0.5013571605032723	1.9749414156249676	0.3185857939385932	-0.4204404279358691
Br1373	-0.0042961	-0.00308922	-0.00593422	0.000628157	0.00200793	7.0	0.026103580834063	0.977792	0.0	0.0	1.0	0.0	2.6319818411532786e-15	-2.0117415228394626e-15	4.124919899060398e-16	1.1546663892117713e-15	-2.0451103498906338e-17	-1.314145338384971e-15	1.0866724671627398e-15	8.283546319709382e-16	-3.434650392069897e-16	1.005895416693643e-15	-1.0466754495325237e-15	5.729726443929464e-17	4.523805598248243e-16	-1.6107291339902002e-16	-8.712141970641753e-16	-2.159720137203387e-16	-4.578705139401479e-16	-9.180102059484611e-16	-1.027652182132304e-15	-1.6187873660903275e-16	6.289158350182878e-16	6.284347509476592e-16	3.1650742161397116e-16	-1.9415236866922195e-16	1.6524501304686933e-16	-1.0289358851612446e-16	4.152057560435647e-16	3.2634327308820723e-16	-5.958926086824635e-16	6.211264541006297e-16
Br1498	-0.00656618	-0.00282935	-0.0013485	0.00777073	0.0203871	6.9	0.0067393492705076	0.970592	0.0	0.0	0.0	1.0	-0.9844561551823424	0.8037272046092172	1.17109327243925	2.03059256687	-1.2404395275713584	-0.2064896055918684	-0.018423991317324372	2.6845396127758865	1.1152939122192007	-0.8116526588150649	0.8499709746996256	-0.6872011709420839	0.7165941922455753	1.3439318791049917	1.933011966964122	0.1883364816544281	1.1064169852148704	0.004761587191785369	1.369401247015943	-0.7238773094615475	0.09385113479750651	0.8219193171815489	3.1139308156401198	-0.3733097573240617	1.0139197803994755	-2.308658283729411	0.8501697584317569	0.14325340760274385	0.2592803214156809	-1.2733811677117268
Br1507	0.00177049	0.00753181	0.00203824	-0.00592466	-0.00852329	7.5	0.0371132712278733	0.978687	1.0	0.0	0.0	1.0	-2.2271782375006284	-1.6502674493027962	-0.21861214191050596	-0.30820614203385543	0.42216210052872966	-1.1677912601861915	1.1210581853030217	2.189206617602317	-0.3436846507761414	1.1176254349590782	-0.16656191020399008	-1.0137187189402257	-0.6611572839278468	-0.48731380952023146	-0.1630500380459587	-0.09541577835667193	0.4264792197688792	-0.06936918967923802	-0.5456673039818032	0.002824417816235303	1.0123204985777834	0.17828729565048182	-0.5975590235456316	1.0759508651098089	0.19632725751248364	-0.7354396924073298	0.45601227531170474	0.6080637666455081	0.2088760260256997	-0.5933057875497036
Br1526	-0.00319378	-0.00113067	-0.000189797	0.00762439	-0.021472	6.6	0.0278291951335592	0.972433	1.0	0.0	0.0	1.0	0.21976299558281048	0.8895138909140212	-0.289071998517701	-1.3966111890634854	1.5677233918048128	-0.8217216340013123	0.5260157833001499	0.141635715783691	0.19083473715818366	0.9695365568756019	-1.7788840807719721	0.12911454014211912	-0.29496670547452297	0.2018188127427624	-0.34078590571795303	-0.6487512179382018	0.0779257316923968	0.8495214000064591	-1.568091924054723	-1.5306846075099594	-0.7295095481214404	-1.1875980088375515	0.3248037745058284	0.0731989938151193	0.05196238700350528	0.005388240409592192	0.030017181642045726	-1.787083882488664	-1.0477434998256396	-0.6562815975484738
Br1532	0.0108018	0.027569	0.0113864	0.00488289	-0.0422965	7.3	0.0212938244907437	0.973113	1.0	1.0	0.0	0.0	0.08565010248283901	-1.3493532525881946	0.1406437690484814	0.7489073501983552	-0.8307927089544574	-0.7506185484430282	-0.9539959664832797	-1.2170785420576211	-0.3319608906804288	0.36881481800959476	0.14545678561234296	-0.5179525826420939	-0.5022937031256821	0.9386657126926101	-0.4502343817426768	-0.5107775488137415	-0.5446705552476975	1.0151389865210152	-0.6819090525920899	0.2661274092413667	-0.3381498070270631	-0.5108100652425599	0.36002927968775084	-0.3098680455306075	-0.27365747863405826	0.14719116088550513	-0.5886135617886833	-0.07521984152066337	0.7516577071420714	0.4496765652161803
Br1537	-0.0087047	0.00472467	-0.00788846	-0.00608047	0.0170674	5.8	0.0176778297796941	0.975521	0.0	1.0	0.0	0.0	0.22589860575602183	-1.0453719153842957	2.2177453278031916	-0.4770783959687565	0.4192467840224624	-0.7258013904296546	-0.5293053781121125	-0.04116346405002773	0.47941038983841117	1.2393977560929474	-0.7313310808291658	1.5835526827009154	-0.6216083750185073	-0.5954374465332865	-2.2742521913781593	0.16746882370550567	2.9133495134454557	-0.9830085204778312	0.32247760226277616	3.05812495339638	0.824821902086675	0.17513514024936314	-0.4896047070858839	-1.0377384554931863	-1.0692522911051356	4.068174993445915	0.505582130064998	-0.1131929491854252	-1.4460039570951935	0.7189715175935717
Br1550	0.000114937	0.00373521	-0.00920833	0.0162725	0.00165469	7.2	0.0163954626508925	0.974044	1.0	1.0	0.0	0.0	-1.360687248592897	-1.124007840981553	1.1519331301139621	0.7384381312808123	-0.750620848891323	-1.1968361731172028	-0.11449290354206856	-1.6259083027234733	0.1522883668687744	0.08480890966865479	-1.256701214605288	1.437082275729596	-0.6223885521340893	0.21707321680254468	-1.2630593735483846	1.078353751124985	0.7720680388348963	-0.30969748426402116	0.8375875235469307	-0.8510974149603132	-1.3652269333900904	0.8006952901804125	0.7764913431114617	-0.19469064223307206	0.8460294463927945	0.0749997489734502	-1.2935570932035834	0.4799595006333374	-1.8950673558437658	-0.6053969553187302
Br1553	-0.00663361	0.000932712	-0.00351859	0.0034713	0.00843695	7.5	0.0201703129701705	0.973468	0.0	1.0	0.0	0.0	0.9240286456508572	0.4659962435730894	1.228673200733369	-0.5555116281362171	1.8752557757727275	-0.6212584458106362	0.19245045587308174	2.205431144348334	-2.067882096469846	0.017193338903968906	0.240683128723916	-1.1220729869323178	-0.9136539596229596	-1.191365486102136	0.3893569194282957	-0.542682761311164	-0.5221265976789815	-1.5830113876462082	-0.5015567334315656	-2.3854803677106857	0.18896046919269205	-1.489281180347791	-0.19125188797163675	-0.47880741948980887	1.2996786479673499	-0.3360659456942598	0.0473494927761298	0.24369857853171364	2.63605888483176	-1.6137235499007492
Br1558	0.000211721	-0.00342158	-0.007151	-0.00462157	-0.0135972	7.2	0.02749739777321	0.977647	0.0	1.0	0.0	0.0	0.2483457273768639	1.3008101805045593	2.1607041572038543	-0.8563203669456811	0.013030063330228797	-0.39352332810596974	1.0024251979448866	0.15845491178856458	-1.2895848736338427	-0.5327017773968847	-0.0929830753929205	-0.004872812679376131	-0.6409593801138334	1.2619368972663498	-1.9564430267701731	0.7783538221411949	-1.7728247444318934	-0.9422998539054833	-1.023620710002234	-0.35993335350762135	-1.0067203764216897	-2.0715044795341155	0.8385530568257877	-0.2596207493469264	0.4345547208599761	-0.08409949605541615	1.13574783667759	-0.7680969923725045	0.719718039252923	1.0949803558947653
Br1565	-0.00964569	-0.00779296	-0.00342662	0.00208463	0.00827292	7.8	0.0347350733362932	0.97619	1.0	1.0	0.0	0.0	-0.8035709913053688	-0.13761048083919458	-0.40109061649462574	0.6671186057139854	0.7062220462932349	-0.6526617400320374	-0.6461121945344229	0.10971612343474609	0.08221156402411933	-0.48546719519981724	0.13462722525812423	-0.3879040048208863	-0.084485275275759	0.06329079615763009	0.31739673567050297	-0.5654913203305177	0.32273791289288667	-0.2072002461423379	-0.44234411563065673	-0.6006237928560741	-0.22431975452843683	0.4240702430436889	0.7033051416462883	-0.6840713769081156	-0.020299537337194792	0.5228375216354806	1.5957059487871559	0.8378114904181073	-0.9423810436750761	-1.0174664000655338
Br1568	-0.0107417	-0.000918641	-0.00501394	-0.00364583	0.0314098	7.8	0.0271633041346509	0.974527	1.0	1.0	0.0	0.0	-0.39201375355557344	0.3708389890139857	-1.216161988599215	-0.32920566004968477	-1.0577487916690214	0.4957519049168859	1.433549774155806	-0.3867354577701547	-0.6393358925598522	2.01770091773834	-0.367854345286329	0.2248777835981431	0.15351523791611751	0.4254865962329453	-0.7657183199544231	-0.02555345396495794	-0.7388816394217439	-0.3275047758961598	0.4458359702642641	0.2527762037862051	-0.17577441546565484	-0.3328638804026485	0.34185766413523766	-0.9047811989060011	0.8767641791526315	0.6691962388602741	0.5162711370431221	-0.22948147786552547	0.45170013337546555	-0.5153181600058573
Br1578	-0.0107822	-0.0133652	-0.00627219	0.00235977	0.0237781	8.2	0.0314514784363689	0.981138	1.0	0.0	0.0	1.0	-0.22336934449467485	-1.5225361362452083	-0.9474787767245911	-0.5159726197022522	0.16359008311214562	-1.2270271094525718	0.6227264038014759	1.6972110442694492	0.943305436232656	0.2902300734449109	-0.715796226464129	0.41659792873455126	0.11126675451326437	-0.9829080331928198	-2.1898786015849607	-0.41861510028925186	0.4083541287875997	0.8610223614170202	-0.5042440505906041	1.8063835856128414	0.20951480607772632	-0.0034268210712276414	-0.2873955102207349	0.46949578381699575	-0.2748848340550825	0.35459031624770215	0.23467229585123642	-0.060821423148649655	-0.9305706954886377	-0.14800997767840904
Br1580	-0.0062901	-0.00771543	-0.00229718	0.000382541	-0.0415844	8.3	0.0215951940723947	0.971419	0.0	0.0	0.0	1.0	0.41581294750011216	-0.213242719260466	-0.5030112091896942	2.005042584989025	0.9731904656274104	-0.7498240719974048	-1.1430572609630076	-1.3375596962663052	1.3466576585460959	1.3852948602201929	1.6747731785292794	-0.9985761256809434	1.5115177591170563	-0.28766610751274196	-0.6834658829059876	-0.8108187112307569	1.120419607585739	-0.49059980083824384	0.7528943881438901	-1.6131169115952977	2.4063316199160636	-0.21376259862249436	-0.1227591032865172	0.2854923400310489	-2.1946654314252667	0.6860965011317833	1.5461866955559291	-1.9197497891009025	0.6855692418775129	-0.36322428420141467
Br1594	-0.005265	-0.0058679	0.00452883	0.00560191	0.0273897	7.8	0.0185349166564997	0.974106	1.0	0.0	0.0	1.0	0.8297332644797992	1.0441086239430104	-0.509919818941762	0.0890273464154829	1.0700295571586338	-0.16063106739931202	-1.1778837427331992	-1.4697681752806904	0.79415056611871	1.030084185032517	-0.0451218791138354	0.058039315978393936	-0.1797239045643384	0.19636411615489704	0.7254636993195885	-1.1279368641923226	1.696757175360162	0.4907169066169696	-1.0179282025983827	0.5633539914049763	0.8103384343114575	-0.12904213320387012	-0.13528446455269158	0.11069009772411523	-0.7918882350729185	-0.7879296589397174	-0.45695322602180877	-0.18970999817645864	0.6006101506898996	-0.6470923914344204
Br1595	-0.00653229	-0.00537747	0.00304852	-0.0135671	-0.00571197	7.4	0.0258948922114618	0.982288	0.0	0.0	0.0	1.0	1.4358945202587334	1.1665524380104022	1.3297630938755143	0.5488000162262292	0.9243261736148718	0.0596106274479543	-0.09004575590361683	-1.5159833691665092	-1.001285303297348	-0.7271636039118244	-0.42735488537569005	1.4550204654066394	1.295620657347419	-0.21913766700675813	1.5231059751762568	-0.7696235435948485	-0.09315946458994452	-0.42448972658397116	0.654637430609756	1.3385959220235537	0.631632103650652	-0.871308791737288	1.6750764361678128	0.6770747103417756	-0.4772296399943697	-0.6760309118749688	-2.502163893805568	2.0816564912206728	0.38941148089481825	0.6962170275577444
Br1602	-0.00880518	-0.00691782	-0.0121864	-0.00405002	0.0250724	8.3	0.0264474453117413	0.976732	0.0	0.0	0.0	1.0	1.778354103424248	-3.0488226181136056	0.3975463739604391	-0.7693882383819788	0.9039030597547301	-1.1192296023398611	3.447188587725392	0.6929918964195209	-1.1683206270049467	-1.3188906184977134	6.358395659263321	5.427715532810457	-5.669541139286846	2.588379065297499	2.2663760549162526	-3.3669809274834854	0.13647984811939717	3.272804828154456	2.6244723836227246	-2.5250321355051972	-1.224335875986718	2.548992955871936	-1.1711728842810116	-2.3538510350327333	-0.9224933612638903	1.0327806817609775	0.6450876429960322	-0.45528516824265947	-0.2001643769400419	1.0734831697067673
Br1613	-0.00782768	-0.00125002	-0.00316177	-0.00672084	-0.00245882	8.6	0.0270313975203118	0.970893	1.0	1.0	0.0	0.0	-0.8514325153207725	-0.18336779094544056	-0.804637012606326	0.17758072730629829	-0.6494991026734274	-0.42985574822068584	2.1689481878693915	0.09562108905258054	0.15681557173372743	-1.04338137810311	-0.23608781508373855	1.328721418313253	0.8808583913509161	-0.4885110122190096	-0.08422869696521887	0.9884292601993325	0.9992650732028366	-1.124152752873776	-1.666471428329137	0.13838550071057765	-0.3196371448581521	0.05113467894481849	0.1917200506397771	-0.9079477800435685	0.5793859016665196	1.074154848204859	-1.616659764121057	-0.2795090134263482	0.3862551883879385	1.2430091370910605
Br1624	-0.00353607	0.00189066	0.00342893	-0.0102098	-0.0145984	8.0	0.0235666223745577	0.976739	0.0	0.0	0.0	1.0	0.5449751583255327	0.22648927541800506	-1.4917196502622152	-0.4784851444377699	0.8890868332643085	0.18201335308899133	0.614105861920711	-0.8014244023765922	0.193560897220002	0.857694972838156	-1.1733215429763013	-1.338275313861101	0.19174923286324944	0.5425186202227088	-0.2686477316818786	-0.8438941837370914	0.8889838102994441	0.21563638079343359	0.8636051622518606	0.4546299856488442	0.7539416971885458	-0.3989082951067061	-1.0982376760444785	-0.004152573458417732	-0.12400363518202742	-0.25605640078050995	0.569469935023143	-0.5472401183692598	1.488066053230627	-0.7786321114059885
Br1654	0.0435543	0.118357	0.0247752	0.00412224	0.00191821	8.6	0.0290688234473963	0.971057	1.0	1.0	0.0	0.0	-1.0776325419176795	0.7967992297049151	-0.11666216219666971	0.9422270471341533	0.5972317766869971	-1.062086486895653	0.6244951102745409	0.11717356039244547	-1.0402329079896337	0.1887194600451217	0.21759510211837052	0.08556728684534187	-0.11571635945468026	0.6343811230117744	0.94922796145933	-0.5636015214003862	1.7008344758552318	-0.37753558267878107	0.23851658282899244	0.467870321924538	0.38419757417112566	0.4389013421930755	-0.056750655284340965	1.2320135147707083	0.06145567045709227	0.879196206398005	0.8234229999609144	-0.7754263465005732	-0.40181750994517373	-0.7461321542989205
Br1669	-0.00840988	-0.00570682	-0.00540583	0.0197856	-0.0016738	8.6	0.0332645328509642	0.963807	0.0	1.0	0.0	0.0	-0.12556218613874834	-1.334808712730928	0.13903570959249387	-2.5601667170984475	0.989967686120355	-0.4664435730549745	0.9856783045182759	-0.9254428519800095	0.27162432688215976	1.715268194705078	1.1949327827702647	0.7538413390686053	2.5734740177183735	-0.9850791840124318	1.3263389664658456	0.28345630145422973	-2.2512547391810713	-0.6361536421815547	0.7497493049630931	1.5674720370614301	1.7036269100287798	2.2251419567921524	-0.9242349277407402	1.7663228100703532	0.606438347730709	-0.019103226721533095	-0.07751141760626609	0.5479036840898852	0.16905061824799683	0.6601554736969504
Br1670	-0.00390631	0.00819381	-0.00515225	0.00806145	0.00610251	8.6	0.0506571503664319	0.97516	0.0	1.0	0.0	0.0	0.1921918771869828	-0.6469407797597007	-0.5737680261944565	0.5287256096858771	-1.6516099533147528	-0.03259046379774943	-0.08828843182264831	0.17725249378195335	-2.3882255109063646	1.5793675506239044	0.14603675297758228	-0.1651848504602422	0.36208767601506575	-1.8610853681934527	-0.14442432943495295	-0.4663597823512325	0.6261829990447156	0.6738973481385829	0.3700211646451572	-1.1823455851392697	-0.9961679011022878	-0.4687299302791013	0.2552871697667944	1.470053246256287	0.07972477235723667	-0.6274108024742061	-0.17833478959142648	0.7862225965282008	-0.6418163561482093	0.16756703373044698
Br1674	-0.00197546	0.00172823	-0.0092936	0.00238338	-0.0135381	8.6	0.0266884256999639	0.981348	1.0	1.0	0.0	0.0	-1.3627775022211142	1.2522526976267758	-0.3270828629444442	-0.1923618447512539	0.4837769199239967	0.06879269225315861	0.05681043231928169	-1.277198068130236	-1.767949735299162	0.9196432884785852	-0.23205730572055824	-0.5733903696056943	0.33089574475748823	0.5885942745438157	0.22903089478092298	-0.016231740626176976	0.24668819804855416	0.8666972256115807	1.3774934030320336	-0.1525873589194555	0.21355772123900044	-0.006561446457422358	-0.5175356632715823	0.48178724192068934	0.21200426798022487	0.16282941627701303	0.8477039816257307	-0.6582376104512242	-0.16818312210864775	-0.02002873564839045
Br1676	0.0345674	0.116775	0.0212152	-0.00246413	0.00832737	8.5	0.0252221514913536	0.978875	1.0	0.0	0.0	1.0	-0.13355717704159564	-0.9289298044532578	0.04807178047735092	-1.266292398535364	-0.32410750195879584	-1.082950197292626	0.2202013560788317	1.3522190190561691	0.6146546719281613	-0.07184453332532562	-0.15531782220299473	-0.6134045392919608	0.19381856261430844	1.3968501576010595	0.3931864726922034	0.2340077515782432	-0.1983572171007449	0.5386559989492465	-0.2891225875762884	1.0246617656466657	-0.11036951533153232	-0.4512761948770562	-1.3476900542485148	-0.26420114235949904	0.27198851867074686	0.16140747715537548	-1.4535442125344267	-0.5437880478892231	-0.3392187169133159	-0.0024125745369712754
Br1695	0.040123	0.117119	0.0198456	-0.013088	0.00251595	8.6	0.0294534886090332	0.974559	1.0	1.0	0.0	0.0	-0.3729760693444902	-1.383319358253888	-0.8242380947008425	-0.013297921247475622	0.4957796575572039	-0.21933243293419416	-0.16220916937227206	0.2561395252105118	0.38067587510119383	0.16524571279918937	-1.4376618254733124	0.7770635637417719	0.6986203032124089	1.0241424171874642	0.6976437827387806	1.0982435556901387	-0.5764892884532953	-1.6844545918333518	-1.2285863082310313	-0.6315287837087308	0.21904763992241336	1.4028103262064273	0.35712055208997595	-0.17893527055846728	-0.12798043684227414	0.562497164040176	-0.10727085441190444	-0.3598408030531475	-0.538792424569685	-0.1210111015251471
Br1697	0.0149318	0.050957	0.00586855	0.00641724	0.025019	8.0	0.0293275934928752	0.979144	1.0	1.0	0.0	0.0	0.9765124387436545	-2.1383161564476105	-1.1574046620478764	-0.5240494862700903	-1.6749579599508688	0.18930468701363656	0.1151878651464195	1.4634938151385877	-0.11248585348834642	0.7859870230146104	0.583899781743156	-0.5007416055471378	-0.4490361236546434	-1.4248198156636847	0.08181337145162174	-0.6044573789486253	0.039870097891363226	0.6384662626053347	-0.8472063211590429	-0.1035336660046372	-0.6431783378541475	-1.0748452467878278	-0.7121448179221835	-0.7690505061728636	-0.041042134634036956	1.4617522855100382	-1.2036716634551499	1.6986566483488377	0.05833958525823889	-1.4067776732622148
Br1735	-0.00654377	-0.00729773	-0.00330649	-0.000378964	0.024561	7.6	0.0258762243429101	0.96985	1.0	1.0	0.0	0.0	-0.869268120367107	-0.23610531571563778	0.7890192241800962	0.16491878057303114	-0.5184708449696924	-1.8527311687769055	0.9715011399989275	-1.1492527574911617	0.3169428198998616	-0.7987754560587771	-2.540019395945411	0.07564648758114485	0.2668140103869231	-0.7268966853261963	0.5213342271168762	1.637407170990446	1.156537216743597	1.9040657256017977	1.4058892252177604	-1.7086845137538655	0.5796755706610878	-0.3419050173217722	-0.8183071039161348	-0.6668960031247521	-0.3912647265926251	1.6344179244500314	0.036802164331250914	0.6656212551152496	-0.35159808332959747	1.756013772489539
Br1750	-0.0113369	-0.0115854	-0.00893908	0.00593894	0.0202472	7.7	0.0438183750821737	0.965044	1.0	1.0	0.0	0.0	-0.35190414851398166	0.6073911213362642	0.0878045679298579	0.281521469025098	0.46788752199094247	-0.7380399309494797	-0.45699772199827515	-0.22037609380430775	0.05881059422846958	0.2579887471448571	-0.3621268597941365	-0.16748480948916158	-0.13193797982498437	0.9256720224494344	0.9676466142593751	-0.7563503499303251	0.045630344109602795	-0.7170569346820408	1.9083655026211537	0.09412100592460608	0.1058158717257193	0.24705551018981972	0.06581585438598513	0.5904214860634968	0.704431235833859	-0.37700130785036606	0.16930445460554594	-0.6362820025174007	0.5291537757158669	1.2238115415938984
Br1753	-0.00634021	-0.00332548	-0.00339388	0.00289457	-0.0488295	7.8	0.0137144531760405	0.977154	0.0	1.0	0.0	0.0	-0.4009121787989539	-0.9807371445962079	1.9546062324301208	-0.4195467323184998	-2.111345531834521	-1.0335325952766499	0.2573956264284475	-0.3945794137088641	2.302761819859081	-1.7525886756332762	-0.9687616373930479	-0.6957175416859521	-0.2816797677109297	-1.0934297904252348	1.3197220172593844	-0.779440063629118	0.3109934616112841	0.4406246433530415	-1.256113753630465	0.0013796966683313817	0.771858439223661	-0.17569327391928588	-0.1611357550056975	-0.8728483986091267	0.2959756455345491	1.073831568386671	0.17062011188486986	0.7439381604474427	0.06330313225799426	0.6802910569139266
Br1756	-0.00439341	-0.00354786	-0.000498064	0.0100767	0.00934587	7.4	0.0297824420015076	0.972435	0.0	1.0	0.0	0.0	-0.5326426393088638	-0.2267664196768097	-1.144041920071828	-0.10315540261860534	-1.7145124019398634	0.920848407665057	0.18572775836163943	-0.7402208086070856	-0.1979524389431555	0.3201204910313572	0.8533905342386949	1.1069582009596441	0.45369097604702463	-0.7866972891333308	1.3712745198855536	-1.2285128274767985	0.8567471496298387	-0.7590362670445285	-0.8269337862238059	0.7787166499173971	-0.26539873584221746	-0.9150978443344505	0.1772421538886418	0.5412783573573982	0.6617711132155851	-0.6199598610106408	0.1427741259012846	-0.7731706287929186	-0.24332646847284378	1.0730491361764698
Br1761	-0.0123834	-0.00858101	-0.00516544	0.00998654	0.013703	7.6	0.0158493328078373	0.971112	1.0	1.0	0.0	0.0	-1.8581227038136465	0.018681095758742484	-0.3002716188423273	0.3925733836342374	1.2330278906205705	0.0749010164578827	0.03702896611453805	2.0271581538356216	-1.5335954882781777	0.5178063972477687	-1.2449550080249714	-0.874573686022024	-0.3584001120505546	-0.4787823777088346	0.5809118613695067	-1.520773935549451	-0.501864279589846	-0.8725250043776734	0.17592000152201714	-1.2835368519079675	0.415624703239274	0.25452437965791286	-0.11140878261100708	-0.32047433194107083	0.052307308132574205	-0.14065117689597306	-0.4167192844485566	0.8566640010759292	-0.22704135925620667	0.14997377690554786
Br1842	-0.00812942	-0.000792218	-0.00380578	0.00971163	0.00611552	7.7	0.0243530127046238	0.974434	1.0	0.0	0.0	1.0	-1.8136536537588526	-1.2948194971356382	-0.08904462596240034	0.602388436931644	0.7076047410127104	-0.32731051766589186	-0.6859582912096486	-0.3374063217734239	-1.8208013596261257	0.8870698521335534	-1.3469626743493546	-0.540094393422785	-1.3057274780769148	0.429159129695548	-0.9771192988519749	-0.300314176218111	0.7093235514290113	0.6550134834209609	0.08544990473049688	-0.5428668360998266	-0.8976513382931078	-0.816545204857474	0.4802982374295878	-1.119733609823149	0.5676230830437375	0.49563255398547373	-0.34841340242183794	-0.39839096871739355	0.3169411072264202	0.09442707808394583
Br1848	-0.00195757	-0.0127504	-0.00131274	0.0011376	0.0199744	7.0	0.0186216599820528	0.976039	1.0	1.0	0.0	0.0	1.190135993126724	2.0767089770471596	-0.024538049865064266	1.5951514734774173	1.157069513381144	-0.6615350440026401	-1.1178961766494488	-0.6250187923873889	1.402245082218334	1.4710954015986983	-0.5492019886534775	0.6799001719312636	-1.2733170300054357	-2.4806993796735264	1.1356735526974175	1.0670935455342476	-2.7605107943189213	-0.9909884421941033	1.1640755284337376	0.05384828584645014	-0.7801444652914759	0.6895701999552601	-1.6461445812703508	-0.999457843685683	-1.2384641546831043	0.9573252020138084	-1.8799554075772515	-1.0315142004922826	0.00638225453314723	0.4752637494569977
Br1856	-0.010476	-0.010637	-0.00870686	0.0058954	0.00992486	7.6	0.026401927230342	0.973301	0.0	1.0	0.0	0.0	-1.9162878841725521	-1.607761977545181	0.9182042842100951	0.7218002229211297	1.338472812625775	-0.3397631382452049	-0.3203846415897782	0.2061287363614694	0.4176249838944033	0.2697641561458667	-0.9382413933468473	-0.0512524909601471	-0.9479871592720722	0.6248921945083641	-0.9543836601814115	1.8391948128832487	-0.34445502351676754	-2.1693744497815737	-0.541777198539339	0.1471599823592666	1.199489364005272	1.7018700859542568	-0.059303813123095454	-0.5358452116383705	0.7538112937032038	-1.4244386913330198	-2.0555307848070865	1.0316842421037264	-0.6368613168077029	1.8315787721427643
Br1865	-0.00660075	-0.00575213	-0.00995104	0.00372146	0.0332337	7.7	0.0426541669703395	0.974645	0.0	1.0	0.0	0.0	-1.7436815843369606	-0.10368346752156304	0.08931267979491976	0.8872613127087371	1.1183810441075759	0.3466443357838461	0.29592133500770906	0.3904003346603307	-1.1166982433040888	1.3915353988625032	-1.262697171607983	-0.28368555639763476	-1.0734365486849275	1.460281396448111	0.5361393098991787	0.5050127338857637	0.26523339732738493	-1.0226788560798459	0.39468087443729927	0.045501633579188835	-0.9795349801736519	-0.20863098048105774	-1.1702852144803901	0.07043565784482292	-0.9496069510039742	-1.3198310730852678	0.7960161687897862	0.00761333430376384	0.2265231838406022	-0.397667662643409
Br1946	-0.00747254	-0.0125985	-0.00218362	-0.0158725	-0.0431298	7.3	0.0214712978369136	0.97562	0.0	0.0	0.0	1.0	0.3386701863091462	0.18752642427533803	-2.24571139384875	-1.5352188994026423	0.9772704688099717	-0.4328492253682857	-0.22693936862718997	-1.5440373813921162	-0.1687249540308083	0.8667299805172487	-1.3282978383103048	0.4118566194543178	0.2800130241521364	-0.5071489646227592	0.31383386089106585	0.6932625315931632	0.5993088306522918	0.49821318640078194	0.14011473167448654	0.10351967911759923	-0.42501421759642705	1.2257841560274172	-1.4841780125093476	0.08792635860170732	0.1600298444954547	0.004933383184904805	0.8319695590104788	-0.4065098799505162	0.7882249345922463	-0.2409937771469345
Br1960	-0.00633823	-0.00287831	-0.00467153	0.00964756	-0.0240178	7.5	0.0305383040258052	0.976864	1.0	1.0	0.0	0.0	0.7298813815628137	-0.9710082409663153	0.13291492337085417	-0.6127584235702729	-1.7949991547079858	-0.5312213924066823	0.5795763552904027	0.831812215638809	1.757930836227745	-0.12838965767699073	-0.9440303006911386	0.4506759315888736	0.08437495550877724	-0.12324688753672267	-0.04309673334997903	-1.5845228781418053	-1.3385976421503958	0.5858714951870962	1.3682326867287746	0.5809282154810528	1.117503068728942	-0.8356035916718241	0.04951711904498131	1.20450246239916	-0.17638000081204575	-0.8152754657666293	-0.40689585883706725	-0.2859843407924722	-0.27185387593816185	0.16713457653727293
Br1988	-0.0074788	-0.0148369	-0.00143921	0.0039181	0.00246625	7.6	0.0263001446316684	0.978316	1.0	0.0	0.0	1.0	-0.6073049737712362	-0.10452981038534062	-1.2409368113396615	-0.16819607207773826	-0.7827301353635963	-0.906559380527465	-0.35671788935915494	0.14652088245500292	0.17728869022136734	-0.6458003941376085	-0.7075644953348497	0.35690161280877486	0.02944840603127958	-0.4145338172851031	1.1223611708182994	-0.20156905915139986	0.21573952483037773	-0.3831125460781298	-0.297591300576347	-0.9583500237357928	-0.2704348042305795	1.2900908030163385	1.3951500287250933	-0.34246114618597223	-0.27801223629659727	0.7504700711561763	0.9045833452556561	-0.12018252922091358	-0.587467467901484	-0.8215036027480526
Br1995	-0.0108209	-0.0105331	-0.00379471	0.00236161	-0.00563876	7.6	0.0322443890872624	0.97432	1.0	1.0	0.0	0.0	-1.2169391999210168	1.5796826004284257	-0.854477160243409	0.9331255684561293	-0.8392189732965918	-0.7389425001891672	2.1101609125075336	-0.20544366391308275	-1.396351646253254	0.39232499810382476	0.2919218571480906	-1.392182841371393	-0.7385659841833031	-0.6913644662600129	-0.8089723622094837	-0.936399005376699	0.9858319334487613	0.08721257164914496	0.1526038729856129	-0.9499803244790376	0.8238064922221289	-0.19577536613784205	0.16611522218493954	-0.12498295081257094	0.7038628394147455	0.9196776523781136	0.2090346534134939	0.3398294456474869	-0.1547556193730605	0.4861947014879715
Br2001	-0.00841288	-0.00158386	-0.00370578	0.00762379	0.0246341	7.3	0.0286712122267629	0.97935	0.0	0.0	0.0	1.0	-1.0843601732943664	-1.6273142141176242	-0.9662017576336911	-0.45385540400293306	-1.2172078463014253	0.16125296180226678	0.34398505466357787	1.248174677317108	-0.3112280570960306	0.4109260878721257	-0.7377772680163616	-0.8315398149777242	0.025565732137990804	-0.40559475438950887	0.6482111993230286	0.1784318761210418	0.4434904277196575	0.0929849796620346	-1.150785021846971	0.3196490257763025	0.9381569807595599	-0.18575748858366137	0.3278522500782222	-0.520725648376408	0.5634547548647253	0.05497670969021808	0.26086961403591935	0.10942483121055324	-0.2966572470144326	0.43976344433166625
Br2009	-0.00625338	-0.00780835	-0.00984616	-0.00132578	-0.0113609	7.2	0.0365621339886397	0.972751	1.0	0.0	0.0	1.0	0.6003924525708485	-3.2180792639934737	-1.7135824797515016	-1.3009151659644504	-2.0098250553959844	1.2658334834501221	-0.20539373197825578	-1.3105059860500763	-1.5166875706477236	0.15209368035067306	1.6467141639515217	-0.24655733825082657	0.07645063500316036	0.4332123414862595	-1.4178783390664835	2.5598400787961335	0.8464216107278218	-0.684727669862673	-0.46513943328830454	0.7215121406336213	-0.11940992040071781	-1.6256219866601476	0.3482979951115825	-1.373374177951236	0.9768252385890245	-0.2675102921381957	-0.16925012105015147	-0.8039797391314357	0.20157197570221283	-1.4334143553555874
Br2015	0.0173331	0.0559828	0.00476197	0.00439572	0.00698317	6.9	0.0282584509697587	0.971793	1.0	1.0	0.0	0.0	-0.7938932464305063	-1.1071933947205919	-0.47066658857515803	-0.10793688934135885	-0.05929169240646616	-0.7462646399365324	-1.17010443254707	0.0049524788386093544	-0.1700089061105188	0.47205701916601966	0.9764957672647703	-0.36665534236900527	-0.30020117849155004	0.0028821330308892836	-0.6664094223388726	-0.2730859907950084	0.06813237501692339	-0.08702687102441321	-0.2951000160170112	0.5480159550662014	1.0619278527528286	0.17649122675973763	0.010128907518122756	-0.7849777017057079	0.5379784623332994	-0.5467046684472507	-0.8388745478373532	0.5519876078960987	0.616574565156766	-0.2604811397284466
Br2026	-0.0110249	-0.0157704	-0.00673824	0.0148454	0.0397206	6.9	0.0090161248028609	0.969992	1.0	1.0	0.0	0.0	0.048804079903820026	1.57895889180168	-0.6582405948856879	-0.9877875181029064	0.505351804336838	-0.38107433739688135	-0.6864504530011029	1.2346176291052522	1.0231010096048923	-0.3781642725705269	0.6061518403325286	0.06352506386155055	0.09342551135458807	0.7122152767474224	0.7149113037390974	-0.2990886519696833	0.9360945599190154	-0.7152231444695185	0.1471161848029561	1.103993247527967	-0.9709200991922265	0.2718357242021785	0.9641447365127159	-1.0998253948990135	-2.1529091729098133	-2.2412015910962597	-0.36332695527514164	-0.6247400487499942	-1.3375274149054863	0.687649819534744
Br2027	0.0149458	0.0548679	0.00285239	0.0131157	0.0251616	6.7	0.0315188044365152	0.977816	1.0	0.0	0.0	1.0	1.1841735450011701	-0.46630768964205876	0.7705092474825616	-1.226789857850822	0.32954789436281673	-0.42184433269880633	0.6154608781673494	0.49032621744115784	-0.12189600123606541	-0.8035873037626566	-0.9426702359336577	1.0054326615379765	-0.9799865270931021	0.555485731149425	0.245461894004469	0.226481565469409	-0.9240112311615799	-1.6577229175834713	-1.0801334488540395	-0.054191021511582095	0.8794188273282632	-1.0707341795225787	-1.007039486195025	0.7556354568989849	-0.8924724479861164	0.15135143959026554	-0.2796281005084642	-1.3073236562294603	1.273363280043713	0.6798892320549463
Br2039	0.0277483	-0.0103725	0.0349561	-0.0101053	-0.072334	7.0	0.0300750774650121	0.978878	1.0	0.0	0.0	1.0	-0.1463898474776933	-0.1898058352458011	-0.9918693654992362	-1.6096022574194044	-0.8540118060866936	-0.2457368352911182	-0.05617144889149708	0.2854176930776142	1.3069074576669626	-1.4190343910779506	-1.4061160562174704	0.35093843255646734	0.14843069034007172	-0.07830652569168693	0.527315556317422	-0.7982726494692679	-0.24543645391828847	-0.1867151758607896	0.9964711475377023	-0.1287536536273239	1.4788501549009	0.7754498865189897	0.3839272151891426	-0.43002570957859476	-1.1922525060511144	-0.6961433146343802	2.506936922420715	0.7192301386584645	0.05349891866906247	-0.6566758649213034
Br2044	-0.00718174	-0.00578215	-0.0110275	0.00431806	0.00636519	7.2	0.026791853629905	0.967856	1.0	1.0	0.0	0.0	-0.42572181093823613	0.209250594804074	-0.839571807881528	0.0739876906379326	-0.2537799585552468	-1.114224429258918	-0.24800949922604879	-1.0802975573249907	-0.9455306839017961	0.6977724757321275	-0.053150879362373	0.02001615223510967	0.4114308583076624	0.6916675764432184	1.6336650142764606	-0.46609377479194275	-0.12099422424057213	0.7570110647410462	-0.7838098182187272	-0.20467070075418295	0.8706660172707024	-0.03824087643081185	-0.25325162514575844	0.4465109275289548	0.201598998282092	0.009517414213746784	1.5652554037358735	0.21574714669164835	-0.6409413581469864	0.02280093831269467
Br2052	0.00469395	0.0132516	0.00162468	-0.00509067	-0.0209182	7.4	0.0245192733575849	0.971655	1.0	1.0	0.0	0.0	-0.586654960422635	-0.3558318563380153	0.47735712965102695	0.07333182199485738	-0.25324004370460496	-1.0319156028227212	-1.6456035162836997	-0.6175392288291541	1.1003434427317802	-0.42212815956257893	0.25510678617923366	0.21253068377611023	-0.36881776217588025	0.7993289600776299	-1.158248238444141	-0.19119986325397093	-1.1492546190029194	-0.1852363804865795	1.2153144554115087	0.3894884153676599	-0.864028452203698	-0.4900768086880537	0.4145596730404814	-0.3843880537333187	0.024276149732440078	-0.7823197154703568	-0.3469137569115567	-0.1227164946351109	-0.13977298108816041	0.7338218159331032
Br2073	-0.00123185	0.00149203	-0.00280402	0.0168033	-0.00467228	7.2	0.0153154675692398	0.980557	0.0	0.0	0.0	1.0	0.6577762850215655	-0.23364329560203442	-0.5298845660492013	-0.9310938854087287	-0.34445782219210913	-0.4050720811386519	-0.2848459918850608	-2.320750491106294	1.4373638202962207	0.4194407451350771	0.9240964697452244	-2.0156844986831794	1.6245390154304749	1.4595764716555357	-0.4284014543117265	-0.1763013850849357	1.7006881505409648	-0.3344118392798801	0.31199818608778446	-4.275323397455529	1.1084100842554174	-0.6249684087941995	-2.604126096991578	0.4584706488552808	0.14978546164632048	1.110087002586708	-1.3531919492439708	-0.022094864132012105	0.17113948829691308	-0.605663190193533
Br2084	0.0106175	0.0262213	-0.00978188	0.00677634	-0.0108623	6.2	0.0139921148489087	0.976988	1.0	1.0	0.0	0.0	-0.016747380080511718	0.9222206578010951	1.9358544249105323	-0.7125284320199723	-0.23763212174665588	0.07011067610450682	-0.6017714433708422	0.14120299516027557	-0.5296122723712996	-0.11046993279987886	0.08078295403859957	1.109739957312809	-0.32867399060969	-0.4029107347112048	-1.9501021726921361	0.607690878658145	-0.40464134503873544	-0.8780726568326225	0.9130609462353239	0.7737571924019758	-0.8239044794353334	-1.3499424021637398	-2.4008334562811724	-0.3526051098335297	0.015985714598671784	-1.3843629432973144	2.813970328761831	-0.9880301618596691	-1.3871587431558827	-2.2481751817215985
Br2242	-0.00350412	0.00128561	-0.00363399	0.00452463	-0.00427574	7.5	0.018285907974185	0.973896	0.0	0.0	0.0	1.0	-1.5866415877218558	-1.380597117066276	-0.8879198468312777	1.318477387363763	0.38507667616220825	-0.3655961702738832	-0.4945184835916303	-0.7817916580908593	-0.7074905934664957	-1.1812179931208877	-0.24739990154469252	-0.24880004671510647	-0.23745524197413928	1.4497190905535204	-1.3176278665939627	-1.1362294209763237	-1.3273855884569175	-1.0372785302116625	-2.2747464062890668	0.39523566853545894	-0.5421573641709754	-0.35340519862603714	0.5538940177983438	-0.20395575473559285	-0.8959544742272547	0.4399478614449893	0.4069804240086145	-0.617008806262281	-0.9737302411409453	0.17757281269825873
Br2257	0.0404175	0.114386	0.0143086	0.00696835	-0.00107631	6.4	0.0155622997836466	0.976309	1.0	1.0	0.0	0.0	1.008136929314897	0.5704585266224982	-0.8669459274104186	3.4138506185403408	0.33046386233778263	0.7694261938158343	1.7196327963460971	-0.590455180048702	1.877816348201417	0.2891036814420769	1.7479924786054906	-0.2960835116513216	0.009738437893821028	-0.7003187406409629	1.850130010884779	0.9739547176975789	0.7100674764223724	0.02188891191870827	0.02081692782025736	0.6830116138013363	-1.9516864528667184	-0.5273317161557207	-1.031282074253043	-0.6884885523799883	1.0163622870161626	-0.6407347859187035	0.3147305689023717	0.9905349060198877	0.33338417512112606	0.0490588322802497
Br2271	-0.011198	-0.0101962	-0.006392	0.0030765	0.0363559	7.7	0.0217668158453652	0.966598	1.0	0.0	0.0	1.0	0.6584592124008618	0.8706662244061787	-0.725783267517332	0.17500979025672228	-0.6408539396090973	-1.144207452152374	-0.1514217500886377	-0.15020932169762097	1.1119972436123733	1.0264327677009946	-0.09456768716639781	0.5322675356170554	1.0623588276714353	-1.1412519983803024	-0.9414008376454158	-1.702110004208503	1.0224789845286306	0.7813475967373776	0.6869442421593159	-0.8317136640593842	0.21151057153892816	0.19309475498974185	-0.022889846075080367	1.712950766186727	-0.8216988135851723	-0.5517774984156785	-0.40081111458266466	0.7936256374297924	2.2308045965377414	-0.9250479630554029
Br2291	-0.00707966	0.00345714	-0.000898685	-0.00373545	0.00211917	6.9	0.0368877393931186	0.97213	1.0	0.0	0.0	1.0	1.6013065549544405	0.6378496174640866	1.6867352928037933	-0.8315030280160904	0.7420866539543468	-0.5183682479217095	0.5194688712504466	0.8195257438692154	-1.9991156049635839	-0.637429836583259	0.47858668185962094	1.8680648087856453	0.4033106899543843	-0.69420399614331	0.07403196975770673	1.3100242644238718	-1.0381975522253173	-1.7813055452092397	-2.0496036233985295	-0.5317651887913928	2.365500992528336	-1.6598165373424036	0.29014905351508147	-0.16006504538123584	0.4146492552899846	0.4525662381270118	-1.4002669756725887	1.444814770879743	-0.5410319202932566	-0.06678149926577794
Br2292	-0.0022168	0.00221267	0.00304419	0.00976211	0.0114191	7.3	0.0255988007780819	0.975031	1.0	0.0	0.0	1.0	1.1433529911531033	1.2113157764500413	-1.4182008078212276	0.9606674598468335	-0.5568689764807379	0.8938478394185783	2.2549110349714354	0.3812625391560344	1.2451245479808597	0.5755036782345485	-0.01030718404359571	-0.7144003965917722	0.5176703322660061	-1.5786070084995412	-0.6784645295762469	1.3643082069404069	-0.7108949894642677	-1.0583493357408713	0.5986519303835409	-3.697075622346386	0.7868529424850049	2.5024735372296525	-0.4691061982449165	0.12787088235166297	0.8247930025243819	1.6469624319277667	0.6184674152640247	1.1797686050966276	0.43181656605042135	-0.3689105684023288
Br2301	-0.00289691	-0.00817911	0.00183665	0.0164457	0.0128756	7.5	0.0311940915162476	0.967842	1.0	1.0	0.0	0.0	1.1084872156690784	-1.1283385747002288	-1.1857387860904447	-0.39704873860856854	-0.7099846946105702	0.8562939216858272	0.5225861278233125	-0.3200289601591321	-1.1417829907569417	1.525678404773487	-0.4791394681086263	0.2547908536704594	-0.2164299660750743	0.03696999370500598	-0.061850207857738454	0.17116831798685658	0.12151674148157182	0.2747085626701623	-0.26215249978444066	-0.7685929939378109	0.31514167869095205	-0.19558164889669968	-0.2816917630885374	-0.07249936450225583	-0.8509142081990667	0.5885142464975296	0.9499000816340366	0.49287973668441554	1.1672102493343468	-0.6400221988631131
Br2322	-0.0127437	-0.0128641	-0.00317034	0.00709652	0.0358601	7.9	0.0221342926132138	0.964381	1.0	1.0	0.0	0.0	1.1432090150193002	-0.5514601982588094	-0.33221338811370665	-0.5049443374003143	0.34185915526195026	-1.136790238627528	0.759464283997203	-0.32804648489493554	0.057185358740044705	1.6906515117142977	0.28881900021640183	-0.534740002213245	-0.15273068395401418	1.1152573172384987	0.012085030263860595	0.39449267892827156	0.18910465011755137	0.8215511758564339	-1.168780254570365	0.32073669961993856	0.7327240074375551	-0.08041454752308899	-0.9219705179617332	0.0001921371465761897	0.09073124979749599	-0.07141267380241795	0.15059489353843375	0.7640675204672189	-0.18857002080105995	-0.13864600521148276
Br2333	0.0457535	0.0108978	0.0485055	-0.00205686	0.0352811	7.3	0.0132437768843992	0.976387	0.0	1.0	0.0	0.0	0.6302936150057582	-0.050046688690821385	1.526384451585928	-0.5256711116376936	0.5482746118164186	-0.6052847613580288	-0.48722034292024285	0.27467580762976834	-1.43360015371825	0.7475548293064663	-0.2927521197557459	0.026416962262451132	0.6388980729702439	-0.7035811112381525	-1.0282987363039404	-0.5820306068616856	0.4435497116341079	0.15732223215902022	0.4963763744533206	0.940502346851926	1.3228659410271622	-0.6352413589717694	-1.0439659380143276	1.2658272826861299	-0.46378631987744073	0.2672726226939542	-0.6863241942772638	-3.0549052327296287	0.2389950397694861	-0.7133968361740661
Br2337	-0.0075339	-0.00719529	0.00081797	-0.00342409	0.00646973	8.0	0.0226356189014867	0.973397	1.0	0.0	0.0	1.0	0.39334379695125826	-0.6244447940896903	-0.37230294213731413	-0.07402870945997295	-1.5825157946111321	0.3251965947779131	-0.5538071321397103	-0.2956337097889001	-0.6392323741642773	0.22694317573469253	-0.4779380404715405	-0.32194579743816826	-0.9031754979957193	-0.9611597208574792	0.7085433644315383	0.8013076584389434	-1.1873370271854766	0.31836517915961066	-0.25283690332077363	-0.8845667304091416	0.3824805096677114	0.21733444224490092	0.9515100182458576	0.23753086840932455	-0.6779099162034664	0.761723069549128	0.04803536452508215	-0.5862276451054271	0.15583090883555215	-0.0689773774684606
Br2343	0.0220211	0.0585969	0.00545024	0.00173522	-0.00623715	4.9	0.0325241747195753	0.979391	0.0	0.0	0.0	1.0	0.06165502690019606	0.9106470626424172	1.4709539540609258	3.059721609966235	1.5801114413870634	0.5175737144376817	0.2113656112947816	-0.05377652710460657	-1.15145319337708	0.902018369466597	-0.7910896014309474	1.1989531267269824	1.3214186261079466	-0.14622715522902363	1.7913592943122039	-1.8929277304873853	-1.6922525604579703	2.304705568776865	2.184886069531486	2.3789650232820314	2.1279630343245257	-0.05109931307991368	2.2342651266102846	0.2555692388129207	1.440820635734725	0.2076010190817197	-0.9965908274455454	4.210201624047563	-2.688397823514845	-2.231519408748733
Br2346	-0.00874616	-0.00963368	-0.00296736	-0.00675039	-0.0386695	8.5	0.041081754661871	0.959156	1.0	0.0	0.0	1.0	0.4044673339064256	-0.13766641240854302	-0.7628405861551124	-0.6518708726071082	0.972418965014105	-1.0601772141095083	0.4663707906039999	-0.38423386771121665	-0.009236818589337583	1.4490618605388466	-0.4124488744181241	1.165567711256602	1.7681658306040169	-0.30677916803751715	-1.2188274814255384	-2.2555464624041055	-0.1605961151782178	-0.9638450184014667	1.6971455969795466	-1.6456577460589896	-1.6948544679374724	-1.0806745308185053	0.48950370581559655	-0.4892237809224157	1.4143707912975507	-0.39114446294156907	0.4441580809561813	0.23406716574460334	-1.0766202423098943	0.42949533087239034
Br2371	-0.010877	-0.0183166	-0.00148252	0.00898238	0.0296242	7.4	0.019115189847621	0.971871	1.0	1.0	0.0	0.0	1.1291972561841408	0.03717877041740016	-0.3783633151956758	1.798053163063508	1.5424542501992766	-0.932604113689283	-1.054627656145226	-1.2098684549161527	0.400611225205211	-1.2973716251477674	0.6896850967143883	-0.35220191621248814	-1.1160898694583978	0.1160929959968956	-1.6997648639818446	0.21504301007078372	-0.04940132372152917	-0.10911752844285681	-0.7571097231063734	-0.38309280606176255	-0.6259707386831063	0.8328147599081668	-0.0006177439156528296	-0.13390268724492613	-0.6430460783688775	0.0339480100173363	0.07722277808402499	0.8768681436877692	-1.1802573942250283	-1.109957877198801
Br2374	0.0073755	0.0313022	-0.00534328	0.00546723	0.00658448	8.3	0.0269179362637788	0.979124	0.0	0.0	0.0	0.0	-0.4077594302030685	1.5982493229685322	-0.6629729961162336	-0.29221778514882724	-0.10149824605097939	-0.20556823398049967	-1.5010348113354992	0.9201437344132279	0.42239746590827076	1.1479091170995805	0.27722612723999285	1.0546376052151325	-0.671764792158739	-1.130635988122358	-0.3171441935554487	-1.2118908624979463	-0.20778843266856195	-0.4513240750321096	-1.2219937321337977	-1.471293772622169	-1.7378861254354943	-0.949941407345055	0.5100027302084666	-0.8068073324817503	0.16747112588799365	0.24130492288756536	-0.6678654724427672	-0.12062079456938236	1.2479981803154578	-0.4219737141041932
Br2421	-0.0110804	-0.00998665	-0.00814228	-0.000155392	0.037021	8.3	0.0231879123055732	0.968781	1.0	0.0	0.0	1.0	0.7707736279212224	-1.518429924720677	0.29074392309515906	-0.8887863344306067	-0.7757734044435383	0.4706093421086703	-0.9882235894092647	-0.9338766904721139	0.6487944881805058	0.7602472916297484	-2.542838706836972	-2.4610429776486993	-1.006734276119534	1.5812233001155647	1.2241946500472247	-3.713539253247054	0.02828920879142085	-1.4165713981817623	0.9916962079252585	0.8126717485092739	-0.3853540571826818	-0.4618094285853301	-0.09143792339696726	-0.6688350350687815	0.49474708204416906	-0.15080208797365804	0.10661499186608092	1.3355345170245427	-0.8247952687521354	2.375480604812951
Br2423	-0.00518869	0.00266046	-0.00891902	0.0069527	0.00254784	8.8	0.0098422285349748	0.977461	1.0	0.0	0.0	1.0	-0.26876744904615063	1.2938825038476962	2.000651216641229	-0.6009835667354255	-2.2937984447039343	0.4867884531747498	-0.5554713726406302	-1.2128553041814634	0.7024954700358449	1.177159615901158	0.4718399170685118	-0.45742015236727906	0.8548820334626508	1.7265922525343618	0.5106814854632917	-0.6166355823159029	0.21977578575266202	-1.0819277307420299	-0.469782360138286	-0.94086057303368	-0.7349403508303156	-0.3214922651669441	-2.864772314833505	0.952848500521324	-0.8745908365624622	-0.22485297526837245	1.2642365743002804	1.5629683984893847	-1.1169497921389244	1.6934203404878831
Br2425	-0.0107728	-0.00865618	-0.00319766	-0.00044396	0.00524012	8.4	0.0283730424029909	0.973655	1.0	1.0	0.0	0.0	0.050705588151536765	-0.18088439308486678	-0.08528040102755953	0.09936087344637175	0.10758102306197405	-1.4043823056884928	-0.4762979856362864	-2.33261723868163	1.717945704849993	-2.140174305005852	0.08847047315592652	0.3371362299657043	2.1227154831468344	-0.7680557704680621	-0.6009432480793503	-0.7814815449885361	-0.12142808562049724	0.3092401079598846	0.02760199526704751	0.5936595074957853	-0.06152030853415353	-0.8245896276815005	0.1141115419780198	-1.7033765643306207	-1.408100909519588	-0.9027204669745819	-0.96905246642245	-0.18797222583181203	0.9109656629811147	-0.042777904487665365
Br2454	-0.00902018	-0.00438263	-0.00438412	-0.00691478	0.00989485	8.0	0.0213709777565812	0.970793	0.0	1.0	0.0	0.0	0.1956947098058037	-0.6701336588154416	-0.3400918048226342	-0.21912685231488527	-0.45648724252508394	-0.23889694264325173	0.7648772757253784	0.6332770918710972	0.9560506597216676	2.0417994101274046	-1.00614080163907	1.0058978634539963	0.33944420271187437	-0.5747963633407542	-1.0473776529939836	0.9474131664227983	0.8915987755917509	-0.317048999229276	-1.0920479516653283	-0.9551420578913934	-0.43257768146558395	-0.5009677846925443	-0.6525458947096044	-1.0378004556409626	-1.3355493776804752	-0.7217969778000335	0.316771051964964	0.1023526718123035	0.2347950802047933	1.1099945527975377
Br1023	0.0441544	0.118148	0.0146055	-0.00107632	-0.0106683	8.9	0.0168946761325369	0.974979	1.0	1.0	0.0	0.0	-0.015692258378700728	0.30344600175884157	0.16681055095302608	-1.3078093001749045	0.9022120219447135	1.5878346660597402	-1.0476970040833238	-0.0778781910355896	0.08603496836170355	0.8782108145419051	0.797197608331912	0.22062001482969432	2.2311227770134443	1.3918929775112505	0.2076610658584681	0.5777416485049403	1.904372102732799	0.6363943547061384	1.8001225225937283	-1.8366751486054853	2.616570290057326	2.010631501543626	-0.6701057958436419	-0.658742266566255	0.03498928443019901	-1.037906200071093	-0.19874326565977662	1.1448727011168656	1.0146586676683653	-0.9309129151880526
Br1033	-0.00277948	0.00388058	0.00143316	-0.0130773	-0.0431083	8.9	0.0345238099679074	0.968029	0.0	1.0	0.0	0.0	0.006836258883292657	-0.06431284587227849	1.3967860439418898	0.9023783539494039	0.6337029309281988	1.3835300330971327	-1.2795927819225412	0.03398219225516746	0.9988740078321086	-1.5265047398223441	-0.6437855450863339	-0.0508600053372999	-1.370238822526215	-0.8823117366805305	0.08251544388429506	1.309036642097781	1.1121636059951252	1.91176353028903	-0.33707989764734786	-1.0609581303918034	0.5146550242231409	-0.5344563888156117	-1.4150079243468887	0.07533367897350539	-0.24591680920331657	0.7216053268148447	-0.45449052751679536	1.0094342738976485	1.2274850249690252	-0.13131563556840312
Br1034	-0.00537136	0.00664888	0.00160894	-0.00936537	-0.0164119	9.4	0.0344730112215203	0.971639	1.0	1.0	0.0	0.0	0.9586512603895457	1.9277813396181105	0.441697334451747	-0.10170586939449856	-0.4377780564946987	1.3704985628311577	0.07692702253025462	-0.6151931303102525	-0.1983046320834199	0.015588484734448757	0.7290458132035377	-0.23726398864486972	-0.3043030215977726	-0.29090171915831814	-1.1874802615506896	-0.46133487302490933	-0.47191261657206757	0.5509273210306259	-0.02039046043148008	0.5845786444432781	1.4826326119163877	0.8582380708220255	0.3402678174939875	-0.0024496158749691527	-0.02376123739220509	-0.4485196415939674	1.2760069144839368	0.6604762405223585	-0.07457033299773762	-0.5971428602905975
Br1139	-0.0105834	-0.0106964	0.00129976	0.00254499	0.00984033	8.9	0.0182137661654303	0.974152	0.0	0.0	0.0	1.0	0.6058669302482056	0.11660757004441512	-0.7245538523594538	0.1344061088321422	0.9628909719538893	1.670519543953281	-1.1909473890424191	1.3459884979907673	-0.4540573615383196	-0.9650083872438274	0.26609887243303826	-0.05062579236791315	0.16968843265148792	-0.10035419512095252	-0.21599920879905224	-0.28503731010305033	1.0351211975610672	-0.012199119540399542	1.3050235555812695	0.6621578560725361	0.30904652213750433	-1.0837940874517056	-0.21623085756373772	-0.6990430023952826	-0.5201597690211694	-0.47364105018906894	0.8973021338556207	1.1989963615376291	0.8334814363817934	-0.24547593756938
Br1243	0.111378	-0.0224393	0.114441	-0.000789926	-0.0136124	8.5	0.0148885303501622	0.968341	1.0	1.0	0.0	0.0	0.15671689553595505	0.2687024093936637	0.7487795811430081	-0.8747796138618268	-2.273974393925885	0.782104830853843	1.1361685589997153	-0.022299849007213296	0.3614286924155942	0.26715702709787087	-0.42245065409235577	-0.4332415359860449	-1.2924532312466437	1.587454484338965	-1.3308271623999701	-0.8313949114928688	-0.3051151470113605	1.3354458007095777	-0.7661784482999672	0.8317391669058612	0.8946456798859865	0.8634825851623525	1.373870136447258	-0.06959431835219908	-0.5199483267512299	0.9454897495811708	-0.1377494311837068	-0.28165141961682566	0.7004776992721782	-0.30394657733908154
Br1264	-0.00336777	0.00782376	0.00331385	0.00510579	-0.00373742	7.8	0.0189793264586419	0.979673	0.0	1.0	0.0	0.0	1.4452092256908184	0.9063851431378283	-0.8410202561027256	-1.960116520606611	1.6148941347922579	0.14925635321675826	-0.13366595467025572	-1.1592448507912843	0.4195256577294889	0.9743352626291972	0.28680231717963317	-1.3438515763046928	-0.7849332534904272	0.09203382514267121	0.9512186232941823	-0.961084556149687	0.7301940348288934	-0.10967369516451662	-0.05208327635605335	2.192996211302724	-1.9372219797954255	-0.7729471108713274	0.1476349115758189	-0.8584259560591225	-0.8159409574565111	-1.601899706448356	-1.2126702070133233	1.6034663608123305	1.1227515346480714	0.016249945333641692
Br1304	-0.00537797	-0.00941365	-0.00629146	0.01639	0.0195898	9.2	0.0236059556587949	0.972089	1.0	1.0	0.0	0.0	0.9848890474710109	-0.9707424286913398	0.32357706683598875	0.5907961493134944	-0.18045055503755575	0.35092984985752845	-1.0805270054268488	-1.3099080241127516	-0.2832329508291372	0.313581962176908	-1.170985190470241	0.9796517291668578	0.1656355045485153	1.051681195699608	-0.8159359757654854	1.0076218177843261	-0.0036805375431439684	0.8606565339012606	0.8983995822046971	0.6833365830726641	-0.5302166791141159	-0.4814132064699092	1.0992880709293993	-0.4582531030159681	0.05248018171041066	0.3836900312177498	-0.5603599583607485	-0.25213840448545766	0.6948685503304075	-0.7299076725844292
Br1339	-0.00553373	-0.00346311	-0.0019399	-0.00514697	-0.0392255	9.3	0.0250804972026	0.971213	0.0	0.0	0.0	1.0	1.2531491217971238	-0.13575131823361802	-1.186673440280903	-0.4885183313074348	-0.25405739356784907	0.20429640773951016	-0.30466425782524126	0.05273535318921782	-0.5994741542159059	-0.8573258487106479	-0.9006388596251047	0.8157597790768017	0.30716272230686015	1.1103552841501154	-0.1246379688838914	1.3285532368265407	-1.5704457048729192	-0.32030573606133034	-0.41028576368030517	0.18365637514223385	-1.3387290784753512	0.3426070578158032	0.6667529451367593	-0.13115795506326908	1.3153784337771737	0.8684368155639123	-0.14397267196039742	0.30839831815221336	-0.13848836611855478	-0.5867578053253502
Br1350	0.0148438	0.0325791	0.0137566	-0.00960337	-0.0471533	9.2	0.0361112494884664	0.965897	1.0	1.0	0.0	0.0	1.5719418437959434	0.9906691325952057	-0.3176595709342139	0.04549182634999226	0.9849529146996798	-1.1032309622259233	-1.0561886369506335	-0.07887218961709054	0.5294757947743441	-1.1063066601325362	0.056218224700807784	0.18569060019326183	-0.30372289588899903	-0.01791707305010892	-0.1874951832664722	-0.05129320697246413	-0.5509946791175905	0.054986734981945534	0.7043185899198725	-0.07959546788990418	-1.3456338351885206	0.21541362071421732	-0.9324157099474057	0.9433276529943967	0.4065286699056024	0.41609246361900065	0.894336717648384	0.8424358132198576	-0.3359283544354673	-0.5968419271741767
Br1378	0.0108138	0.0341691	0.00312181	0.0018491	0.0172164	7.5	0.0330050486833841	0.974752	1.0	1.0	0.0	0.0	-0.3318206357014677	-0.9591095177334801	1.2266970614848451	0.7560345116117969	-0.6863892348808792	-0.6062511173751747	-1.645103413668076	-0.42654136660991016	0.8048304702375051	0.4525462139820615	-0.9344092666545254	-0.22162318386372215	-0.507278112058583	0.5176794832321235	-0.7828920834634802	1.0060957499905405	-0.6671574912649103	1.2005805868574309	0.8371588878687007	-0.48333445076436293	-0.35317440926253857	0.46422111499848134	0.5132467738376761	0.15211943584470355	-0.10213159969991958	-0.7128356007735662	-0.5727916392666628	-0.17751964541262139	-0.2948739977636135	0.566598923371916
Br1416	-0.00224336	-0.0176825	0.0179161	0.0043151	0.00670616	9.3	0.0244956568952989	0.971209	1.0	0.0	0.0	1.0	0.4097071888953083	-0.8198254402422886	1.7904754157825042	-0.17765910201341867	-1.7441396780020517	0.04419742037763576	-1.8671695207652326	-0.7440986135362566	0.1856414417131927	0.2985988790549212	0.04856049589980069	0.03145469009983038	-1.1727253532184507	-0.7687636559541647	-0.1758692538643555	0.34385153250354034	0.2817870111451652	-0.8145857036910625	0.8288024450185791	0.8137647080635435	-0.6946583398069363	-1.0419330173772599	0.38105143292428195	-0.2070788048158659	0.4798654087432391	-0.1300067694107035	-1.1231914619279686	0.2138897440563157	0.038930313858389305	0.9045939990427889
Br1443	-0.0101869	-0.0127248	-0.00516547	0.000752154	-0.0264618	9.1	0.0287760178622932	0.975304	1.0	1.0	0.0	0.0	-0.06344857879464115	-0.6499057250968329	1.0761660983490924	-0.04847810682979704	0.27539175630773216	-0.5243403173340396	-0.19166715867387846	0.9946740331796046	0.3484616901920749	0.9795115284543024	-1.2044384944850282	-0.16965611905918235	-0.8462750614462962	0.46635821942929245	0.8793133572932936	0.09404113069854796	-0.342965734796029	-0.5909072736711487	1.3414597711406655	0.42481216575128683	-0.15806604191840307	0.18490815347840323	0.9722029625115827	-0.6398508858756798	-0.2999012763444058	0.6920802396417813	-0.21528104951185073	-0.7247784229169293	0.36445601469261496	-0.8422820497171334
Br1446	0.00880641	0.0289275	0.00338938	0.0126176	0.0141906	9.7	0.0259130535851451	0.972852	1.0	1.0	0.0	0.0	0.5883718567069604	-0.5059343179794621	-0.4041915905578738	0.3845407286661825	0.4226983525933808	-0.23147349283047752	0.19852819673828892	-0.27416590149137493	-0.837106317424115	0.2212122276716555	-1.0674254874366038	1.3102527861662354	1.012681991795165	0.4555845091945877	0.7974691885440653	-0.29006184224331283	0.24610156168292147	-0.15569000976220015	0.08904926997923905	-0.6726517450486423	-0.8659580549887226	0.55330785098663	1.4112439095772085	0.2931825033642798	0.02542066824693478	0.4088693850358176	0.08066749517203223	-0.28164448450114266	-0.6360820388989497	-0.8628090639527242
Br1499	0.00279159	0.0120389	0.00884062	-0.0180079	-0.0587534	9.4	0.0273019082548472	0.974677	0.0	0.0	0.0	1.0	-0.07410140793751066	0.7147812340788604	-0.13853126835152632	0.03233354347671014	0.03547237305391814	1.0298366881796428	1.1156218994806546	-0.7587203133735292	-0.0992246518757109	-0.9178121075453257	-0.47422498781730327	0.5114920928434848	0.37898127070281235	3.2577806178533555	0.0060843406344582495	1.2340304443195846	-1.0776882415886782	-0.8139031374900884	0.8164926031960654	1.4425403127112881	-0.005650277214673176	-0.08714758983775993	1.2225178604668072	0.5807507911632056	-0.4220489860394265	-1.6968102791555966	0.5761535208022667	-1.563445867351024	-0.14003447095591443	-0.3400415162450282
Br1529	-0.00987877	-0.0120555	-0.00402665	-0.00739077	0.000360628	7.6	0.0275896316980504	0.967793	1.0	0.0	0.0	1.0	-0.09763809643251119	0.6016330244884983	0.761818350038296	-1.1528760841129713	-1.289435075868199	0.4171947429998764	-1.2983247131213023	0.19847598940788633	0.9465672249040369	0.6830012888163931	-0.10125830927799406	0.04978710568399691	-0.7634472015501098	1.0262951727423646	0.9498464726871774	1.103606556867336	-0.5328377309746578	0.8024915602012509	-0.08939926750752131	-0.3842655968596636	1.0489461756082488	-1.2108257317692226	-0.026866088238332975	-1.2019825960151889	0.012363580835697748	-0.6233045722518523	-0.1808786182214868	-0.04785786110096397	-1.2823021373603316	1.6502926034724263
Br1637	-0.0061812	-0.0119402	1.92902e-06	0.00297431	-0.00616043	7.2	0.0332180264286092	0.978728	1.0	0.0	0.0	1.0	1.0185558131423136	-0.116051619042141	-0.04150791458098404	-0.9995432244206494	0.9007757115993267	-1.4243133143276279	-0.39736139984482	0.23566150750141043	0.6697861299222613	-0.9369662198445723	-1.3878988520058864	0.13282784004419051	-0.1927890407539722	-0.21151491184017787	-0.1874441362918575	0.8061961067630652	-1.430767846350114	1.0305412252740733	-0.20790441741959764	-0.860207665939027	-0.08287145810207253	0.4914447213441803	0.5344750889487394	-0.5689991053902576	-1.3646101994263513	-1.0777617499899266	-0.9242336369011461	0.9635997350471055	-0.49193941892560006	-0.9808978804941875
Br1646	0.0152642	0.0583817	0.00736855	-0.0012189	-0.0125958	9.1	0.019868292426712	0.971727	1.0	0.0	0.0	1.0	-0.07159753073439026	-1.0871974758319887	0.2798805888361678	2.0218462240967936	0.622783954764894	0.16439712002368168	-0.5391529572699374	0.26595922438331354	0.09912333177246524	0.485935616423043	0.1206329493399012	0.3239856694045402	-0.14242528284448563	0.9242465507319739	-1.8165051304691235	0.8289227323852175	1.5979126336127654	-0.4967241428233414	-0.9661106568997921	0.5848965779465061	0.8805455683836609	-0.2892597379804444	0.6615693446794975	-0.4311507560840393	-1.456838080636917	0.10703138193071599	0.19013809578084628	-0.5706917007648287	1.351939596494119	0.668197891440045
Br1648	-0.00725998	-0.00526728	-0.00650757	-0.000384917	0.0248883	5.4	0.0484660725464255	0.970002	0.0	0.0	0.0	1.0	0.8084855730781318	-0.24004588846869276	2.6495015871005623	1.9574861751026085	-0.6647052634085594	1.199958376257775	-0.6472669187750311	1.607137301044778	-0.8543298649558378	-0.17902603473508538	0.2829925771462565	-1.743808814274132	3.5106630379635915	2.2789709986274307	-0.7017796755979914	0.12345787716515302	-1.2158236981840471	0.1628991726033781	1.126386395933389	1.8040221874598221	-4.418435230117308	0.9639309197717756	-3.2873381421847667	-2.2987139597446866	-0.6879128637190086	1.9792524443284143	1.308529037471326	1.3040729408178258	-0.853397381670447	-3.4869451516905783
Br1649	0.0351322	-0.0220336	0.0547889	-0.00398603	0.0268986	8.7	0.0277461572281019	0.980002	1.0	1.0	0.0	0.0	0.29970061428841005	-0.9591196489074985	-1.234460226912972	-0.27222519732717976	-0.006385860637662483	2.539070424146602	-0.45490956624994394	-1.4662247110220734	-0.2739783281354285	0.1952452546020555	-0.5203826566346966	0.9156779537423282	0.9387578993060338	0.44297214535201557	0.4958210562542862	0.10560855523551066	0.915976533902397	-1.554148486331646	-0.02663682769412576	0.24186043824135797	-1.5406793915551809	-0.10620708433337765	1.0553992375297478	-0.6126835883805019	0.5359274612646773	-0.5725324500699682	1.1758716528189	0.05976454927050531	-0.24025369055501286	0.24111270647850344
Br1678	-0.0116439	-0.0164435	-0.00226446	-0.0100221	0.00862866	8.4	0.0231825983492319	0.968842	1.0	0.0	0.0	1.0	1.2803378583997356	-1.0459584530360226	-0.9895930975646182	-1.3316354685531373	-0.6415685329700312	2.4536586300337113	-1.2434724043966483	0.5405751472741176	-1.4456865786713198	-0.3837411466297262	0.0009239856358972469	-1.5159132747979602	-1.3328022987196466	-2.0022558763346536	0.4461758732789675	0.26326327114750786	0.30880997012966754	1.4686724000307223	-0.7538224311302049	-0.7792518034617767	0.40029242141123594	0.6945306124388987	1.848033242829449	0.11315243590229894	0.08712261233683172	0.24502089548662492	1.2475557546587082	1.874446712281367	-2.2046179080881907	0.3400136405487374
Br1738	-0.00632811	-0.00742208	-0.00700208	0.0051219	0.00920619	8.2	0.0165440323961043	0.978991	1.0	0.0	0.0	1.0	1.290070706415325	-1.1951409795099495	0.19981221733909693	2.3484703498656136	0.1530691180140904	0.4174093937066178	2.2785715686428416	1.2721060743767876	1.960666104300386	1.0787364902144319	0.0034947161620301963	0.613480474682572	-0.3557819669881945	-2.4095176267429825	0.0011153647731565342	1.2689240736670258	-1.7050397093031435	0.5377291402758925	0.5815963668456727	2.0925396942962093	0.14576357743580337	-1.8969387143095082	-0.9410948728638742	-0.36764265222161874	0.347503666836894	-0.24824692493069964	-0.5228642368040722	-2.110273312959804	-0.2513210818218139	0.49843322322105466
Br1432	-0.00640604	-0.0111591	-0.00487699	7.98288e-05	0.00390466	9.4	0.018848559064682	0.970275	1.0	1.0	0.0	0.0	-0.2759705399014892	0.45133997787998364	-0.13803082460737673	0.2349671293169069	1.6098170573193376	2.201525946635824	-0.8883283107486857	2.0536895032352698	-0.013914430130361633	-1.0427998929892741	-0.2102744255925048	-0.287941951972593	-0.02663813726599723	0.3199643637613346	0.36040316196889916	-0.7960128767039125	0.2988377106259518	0.21424785044837408	0.8614227100794813	-0.13214306942207782	0.4286867719539135	-0.5294648389672317	-0.7694952597974364	0.4199024371994443	-0.10661608236438685	0.6182904975579582	0.8958530572726708	-1.4983891222457433	-0.9917296093663512	0.5670592464302249
Br1458	-0.0104739	-0.00759532	-0.00728349	0.00340522	0.0102203	9.4	0.0271465962741355	0.965594	1.0	1.0	0.0	0.0	1.7850114241027797	-1.8636789187633793	0.33650179379372497	4.5658143845105945	0.40029844462211017	1.8631563185662956	1.3814555506131285	-0.40386971550992135	0.8566521029633544	1.4629775605821758	0.4047470932894263	-0.908969630970246	0.7142130309416159	0.26056565626910005	0.43784693188575996	-1.0239747424165806	-1.265606342790748	-0.09230844112263563	-1.3414612176265848	-0.5060317443744907	-1.2071125195140626	0.2124938554479312	1.445409379435155	0.42179548931351085	0.2136097090317176	-1.1929676194461034	0.20190836865431236	-0.24260337640327506	0.024236224987099885	-0.005648349362026094
Br1463	0.000383558	0.000660291	0.00747535	-0.0150438	-0.0482197	9.3	0.0312007838798247	0.976028	1.0	1.0	0.0	0.0	-0.007825304405731924	0.49790238830682443	0.2763949421174167	0.8105780974074592	1.5938854257093404	2.705304430687744	-1.8454599579632536	0.5381240077572409	0.6859840447062756	0.10343098195723868	-0.1256641243950361	0.6566413472548149	-0.3546883530385851	-0.2761391867909907	0.7951451875339846	-0.26306168171740046	0.5466024413619875	0.6419253881943288	-0.5267877162230998	-0.7702978835984549	1.4374164539754084	-0.10157166434238857	-0.36869765846311847	0.22655483275885033	-1.1642688644155603	0.7744116788805527	-0.43760241600068844	-2.5348573527489946	-1.550726254012539	-1.325525792964476
Br1581	-0.00367868	-0.000759603	-0.0041967	0.00305904	0.00611503	9.4	0.0242268895618748	0.974805	1.0	1.0	0.0	0.0	0.38756796986217057	-0.3019610360188815	1.169589950603017	-0.023995592153334463	-0.2745111795122058	1.3856013668779943	-0.6552595852812173	-0.5708369664389795	0.6214725566746533	0.5361127156422884	-1.1946390930465614	0.12091854176725829	-0.5443998942926599	-0.35397099038797797	0.07416047789259156	-0.5652811005904292	0.6081963159464563	1.602481829342055	0.08353765232832124	0.2825180182242091	-0.38905336795827045	-0.13059205112672204	0.24442226197054512	1.1960408573878871	-0.13404664252953968	-0.2318570129692169	1.2393951654721347	0.6748092054915428	-0.08945195115272823	0.07964188000358885
Br1682	-0.00900184	-0.00995369	-0.0027322	0.0134848	0.0189518	9.3	0.0369943582978356	0.961768	1.0	0.0	0.0	1.0	0.5164187953592461	-0.10745925329145503	1.054240853116429	-1.2019529151902215	1.389694648925677	2.2296778507937263	-0.5672505289194137	-0.5304544588952458	1.0465374931611002	-0.5622668674005782	-0.27772121468973243	0.06065456420043349	-0.059068861890168	-1.0730388231906056	0.13037275978642493	-0.7436702920790961	0.5279115105698635	1.9552291452918835	-0.8101933366521573	0.7320532028401723	0.6637115900823656	-0.31490002178974846	-0.00782332421552168	0.28851635981727836	0.9429519604303792	-1.0647171440184313	0.76207172094397	0.6216594194986683	0.269664238887665	0.28557435630135974
Br1890	0.0123051	0.0435404	-0.000699733	0.0102782	0.00466762	9.0	0.0432496728343798	0.976772	1.0	1.0	0.0	0.0	1.2456955697985004	-1.5877875803080488	0.5067204246363103	-0.6174512482055672	-0.08269485560218329	2.1956001550595605	-0.11402790697068908	1.7973759519916914	1.1764082402797782	0.3387970043763236	-1.009376502144342	0.7174193470945834	-0.3784005441103562	0.0594408988893735	-1.8524411840048596	0.9067985364845793	1.2584418142590523	0.5534899311479506	0.7913536888204832	0.29353509805761113	-0.31692330433809757	-0.7192787787303516	-1.9135631918073863	0.23839564008754097	0.29497446302646246	0.15689511797726777	-0.6004089826940785	1.063017232252114	-0.662956585842963	-1.9906705764802335
Br1980	0.00206329	0.00606532	-0.00259543	0.00580271	0.0130413	9.3	0.0267633193229632	0.971805	1.0	1.0	0.0	0.0	-0.0625757858808194	1.0804733642184714	-0.5304270380172875	-0.20455791162035014	0.669355529535592	2.4535232268042724	1.6724462277605379	-0.8038922345657362	0.27702427194896023	-0.039900275242299346	-0.47384799703338387	1.6603657145870185	-0.5357259637258204	0.6784797701931279	-2.1127452487185923	-1.0413044493559198	-0.8343327791977522	-1.9810300192533101	0.6787787510977716	-0.17373214566018091	-0.33102808300861797	1.3703148126213942	0.12232284761921337	0.7457167307253161	-0.6554089063987255	-0.21780630238330964	-0.008088969058581906	0.7717832390312055	-1.2954803084757005	-1.049377542525036
Br1998	-0.00113897	0.0036327	-0.00543609	-0.000245392	0.0128872	7.3	0.0263003385214712	0.969149	0.0	1.0	0.0	0.0	-0.9631398928073193	0.07121354517808225	0.4964372192157966	-0.1213625296009904	-1.7550323671837653	2.199322199351777	1.2819206757360009	0.589050409092074	2.167059307568896	-1.5378517481383644	-1.2336688352453122	0.34575937429987535	-1.426577074654575	-0.6609137040390242	0.6067747079962503	-0.14305154777976212	-0.1590064555223227	-0.7952590776709954	-1.2921310874886827	0.05549493677525781	0.8507990177952034	1.4718133319592284	0.7170689080780617	0.13289335817620018	-0.6036749445957142	0.6243389244244834	-1.8535245483088976	1.0866529706119288	0.6257801776732733	0.30459342013287366
