sample_id	cell_type	proportion
GTEX-1117F-3226-SM-5N9CT	Oligo	0.450909165646467
GTEX-1117F-3226-SM-5N9CT	Excit	0.0260262242113724
GTEX-1117F-3226-SM-5N9CT	Astro	0.347201730855285
GTEX-1117F-3226-SM-5N9CT	Inhib	0.00215057265165879
GTEX-1117F-3226-SM-5N9CT	Micro	0.000418974838457358
GTEX-1117F-3226-SM-5N9CT	OPC	0.048342291364372
GTEX-1117F-3226-SM-5N9CT	Mural	0.0561325261231124
GTEX-1117F-3226-SM-5N9CT	Immune	0.0688185143092757
GTEX-111FC-3126-SM-5GZZ2	Oligo	0.665975365046456
GTEX-111FC-3126-SM-5GZZ2	Excit	0.0397458013410301
GTEX-111FC-3126-SM-5GZZ2	Astro	0.21677027521832
GTEX-111FC-3126-SM-5GZZ2	Inhib	0.00803160255179504
GTEX-111FC-3126-SM-5GZZ2	Micro	0.00572225015857097
GTEX-111FC-3126-SM-5GZZ2	OPC	0.0166358262235268
GTEX-111FC-3126-SM-5GZZ2	Mural	0.0471188794603004
GTEX-111FC-3126-SM-5GZZ2	Immune	0
GTEX-1128S-2726-SM-5H12C	Oligo	0.178115155191114
GTEX-1128S-2726-SM-5H12C	Excit	0.101140963868482
GTEX-1128S-2726-SM-5H12C	Astro	0.511548543948029
GTEX-1128S-2726-SM-5H12C	Inhib	0.000711940601365642
GTEX-1128S-2726-SM-5H12C	Micro	0.000136480928876061
GTEX-1128S-2726-SM-5H12C	OPC	0.0387502725102818
GTEX-1128S-2726-SM-5H12C	Mural	0.10876532369146
GTEX-1128S-2726-SM-5H12C	Immune	0.0608313192603921
GTEX-117XS-3026-SM-5N9CA	Oligo	0.284472511111451
GTEX-117XS-3026-SM-5N9CA	Excit	0.208845999953411
GTEX-117XS-3026-SM-5N9CA	Astro	0.29971602005313
GTEX-117XS-3026-SM-5N9CA	Inhib	0.000770168111833563
GTEX-117XS-3026-SM-5N9CA	Micro	0.00232433810968389
GTEX-117XS-3026-SM-5N9CA	OPC	0.0537985737942138
GTEX-117XS-3026-SM-5N9CA	Mural	0.136546145594101
GTEX-117XS-3026-SM-5N9CA	Immune	0.0135262432721763
GTEX-1192X-3126-SM-5N9BY	Oligo	0.596596195322949
GTEX-1192X-3126-SM-5N9BY	Excit	0.0214833035086315
GTEX-1192X-3126-SM-5N9BY	Astro	0.266133210255638
GTEX-1192X-3126-SM-5N9BY	Inhib	0.00315007185266155
GTEX-1192X-3126-SM-5N9BY	Micro	0.00269130044223874
GTEX-1192X-3126-SM-5N9BY	OPC	0.0164702171813096
GTEX-1192X-3126-SM-5N9BY	Mural	0.0540229475489043
GTEX-1192X-3126-SM-5N9BY	Immune	0.039452753887668
GTEX-11DXW-1126-SM-5H12Q	Oligo	0.318524212802343
GTEX-11DXW-1126-SM-5H12Q	Excit	0.118275973080557
GTEX-11DXW-1126-SM-5H12Q	Astro	0.43802138088736
GTEX-11DXW-1126-SM-5H12Q	Inhib	0.000555134684719366
GTEX-11DXW-1126-SM-5H12Q	Micro	1.00583955369607e-05
GTEX-11DXW-1126-SM-5H12Q	OPC	0.0377143735519229
GTEX-11DXW-1126-SM-5H12Q	Mural	0.0858226768035689
GTEX-11DXW-1126-SM-5H12Q	Immune	0.00107618979399218
GTEX-11DXY-3226-SM-5GIDE	Oligo	0.276952822801181
GTEX-11DXY-3226-SM-5GIDE	Excit	0.0980715612675758
GTEX-11DXY-3226-SM-5GIDE	Astro	0.436485213414834
GTEX-11DXY-3226-SM-5GIDE	Inhib	0.0151912183296028
GTEX-11DXY-3226-SM-5GIDE	Micro	0.012312208543768
GTEX-11DXY-3226-SM-5GIDE	OPC	0.0307047786163618
GTEX-11DXY-3226-SM-5GIDE	Mural	0.101826781287821
GTEX-11DXY-3226-SM-5GIDE	Immune	0.0284554157388546
GTEX-11EI6-3026-SM-5GZZO	Oligo	0.111261139036831
GTEX-11EI6-3026-SM-5GZZO	Excit	0.0100557372363223
GTEX-11EI6-3026-SM-5GZZO	Astro	0.675757242170189
GTEX-11EI6-3026-SM-5GZZO	Inhib	0.0156090362073727
GTEX-11EI6-3026-SM-5GZZO	Micro	0.0144734944167966
GTEX-11EI6-3026-SM-5GZZO	OPC	0.0477480090042527
GTEX-11EI6-3026-SM-5GZZO	Mural	0.103228382598976
GTEX-11EI6-3026-SM-5GZZO	Immune	0.0218669593292605
GTEX-11EMC-3226-SM-5EGKW	Oligo	0.0919722943410682
GTEX-11EMC-3226-SM-5EGKW	Excit	0.0213303106315667
GTEX-11EMC-3226-SM-5EGKW	Astro	0.713607143646949
GTEX-11EMC-3226-SM-5EGKW	Inhib	0.0181984693883889
GTEX-11EMC-3226-SM-5EGKW	Micro	0
GTEX-11EMC-3226-SM-5EGKW	OPC	0.0238476630673866
GTEX-11EMC-3226-SM-5EGKW	Mural	0.110526302903823
GTEX-11EMC-3226-SM-5EGKW	Immune	0.0205178160208177
GTEX-11GS4-3126-SM-5A5LH	Oligo	0.72862922379387
GTEX-11GS4-3126-SM-5A5LH	Excit	0.0027593710385923
GTEX-11GS4-3126-SM-5A5LH	Astro	0.230711121206288
GTEX-11GS4-3126-SM-5A5LH	Inhib	0.00322186465517885
GTEX-11GS4-3126-SM-5A5LH	Micro	0.000144189417456148
GTEX-11GS4-3126-SM-5A5LH	OPC	0.00840395588595049
GTEX-11GS4-3126-SM-5A5LH	Mural	0.0261302740026639
GTEX-11GS4-3126-SM-5A5LH	Immune	0
GTEX-11GSO-2926-SM-5HL73	Oligo	0.162899994329208
GTEX-11GSO-2926-SM-5HL73	Excit	0.107643759047804
GTEX-11GSO-2926-SM-5HL73	Astro	0.532313562995065
GTEX-11GSO-2926-SM-5HL73	Inhib	0.00532219211837293
GTEX-11GSO-2926-SM-5HL73	Micro	0.00163749674148116
GTEX-11GSO-2926-SM-5HL73	OPC	0.0270997450183006
GTEX-11GSO-2926-SM-5HL73	Mural	0.0981764041958636
GTEX-11GSO-2926-SM-5HL73	Immune	0.0649068455539057
GTEX-11GSP-3226-SM-5986O	Oligo	0.125229122110701
GTEX-11GSP-3226-SM-5986O	Excit	0.00165176231387535
GTEX-11GSP-3226-SM-5986O	Astro	0.71160087161069
GTEX-11GSP-3226-SM-5986O	Inhib	0.0027230435499833
GTEX-11GSP-3226-SM-5986O	Micro	0.000393310249287842
GTEX-11GSP-3226-SM-5986O	OPC	0.035539868119822
GTEX-11GSP-3226-SM-5986O	Mural	0.101662305296022
GTEX-11GSP-3226-SM-5986O	Immune	0.0211997167496188
GTEX-11NUK-2926-SM-5A5MD	Oligo	0.0803506108340917
GTEX-11NUK-2926-SM-5A5MD	Excit	0.14278715820674
GTEX-11NUK-2926-SM-5A5MD	Astro	0.564557152881319
GTEX-11NUK-2926-SM-5A5MD	Inhib	0.0180497377668438
GTEX-11NUK-2926-SM-5A5MD	Micro	0.0163490861500322
GTEX-11NUK-2926-SM-5A5MD	OPC	0.0578972781118793
GTEX-11NUK-2926-SM-5A5MD	Mural	0.103860703823243
GTEX-11NUK-2926-SM-5A5MD	Immune	0.0161482722258512
GTEX-11NV4-2126-SM-5N9DS	Oligo	0.384440538748264
GTEX-11NV4-2126-SM-5N9DS	Excit	0.0492867764254378
GTEX-11NV4-2126-SM-5N9DS	Astro	0.381035214261966
GTEX-11NV4-2126-SM-5N9DS	Inhib	0.00492049540414738
GTEX-11NV4-2126-SM-5N9DS	Micro	0.0364361402884794
GTEX-11NV4-2126-SM-5N9DS	OPC	0.0372206157963532
GTEX-11NV4-2126-SM-5N9DS	Mural	0.106660219075352
GTEX-11NV4-2126-SM-5N9DS	Immune	0
GTEX-11O72-2926-SM-5BC4V	Oligo	0.248139940321773
GTEX-11O72-2926-SM-5BC4V	Excit	0.0393450734874627
GTEX-11O72-2926-SM-5BC4V	Astro	0.375291762245414
GTEX-11O72-2926-SM-5BC4V	Inhib	0.0129353468960477
GTEX-11O72-2926-SM-5BC4V	Micro	0
GTEX-11O72-2926-SM-5BC4V	OPC	0.0426504302405745
GTEX-11O72-2926-SM-5BC4V	Mural	0.165096232683347
GTEX-11O72-2926-SM-5BC4V	Immune	0.116541214125381
GTEX-11OC5-0726-SM-5P9JK	Oligo	0.186154621424282
GTEX-11OC5-0726-SM-5P9JK	Excit	0.021271974210868
GTEX-11OC5-0726-SM-5P9JK	Astro	0.612879131379728
GTEX-11OC5-0726-SM-5P9JK	Inhib	0.00594468939422164
GTEX-11OC5-0726-SM-5P9JK	Micro	0.00210655738322525
GTEX-11OC5-0726-SM-5P9JK	OPC	0.0130993021922475
GTEX-11OC5-0726-SM-5P9JK	Mural	0.109366330220259
GTEX-11OC5-0726-SM-5P9JK	Immune	0.0491773937951692
GTEX-11ONC-2926-SM-5P9JM	Oligo	0.463996518035432
GTEX-11ONC-2926-SM-5P9JM	Excit	0.0184944712228088
GTEX-11ONC-2926-SM-5P9JM	Astro	0.36842953162876
GTEX-11ONC-2926-SM-5P9JM	Inhib	0.00900264847702857
GTEX-11ONC-2926-SM-5P9JM	Micro	0.00339138912470326
GTEX-11ONC-2926-SM-5P9JM	OPC	0.0289032272805308
GTEX-11ONC-2926-SM-5P9JM	Mural	0.0811721615381368
GTEX-11ONC-2926-SM-5P9JM	Immune	0.0266100526926005
GTEX-11PRG-2926-SM-5987A	Oligo	0.111686697992731
GTEX-11PRG-2926-SM-5987A	Excit	0.159102712345662
GTEX-11PRG-2926-SM-5987A	Astro	0.492445834692171
GTEX-11PRG-2926-SM-5987A	Inhib	0.00790412920152833
GTEX-11PRG-2926-SM-5987A	Micro	0.0138647766000768
GTEX-11PRG-2926-SM-5987A	OPC	0.0479967376885511
GTEX-11PRG-2926-SM-5987A	Mural	0.149433527657953
GTEX-11PRG-2926-SM-5987A	Immune	0.017565583821326
GTEX-11TTK-2926-SM-5PNYP	Oligo	0.07965785218578
GTEX-11TTK-2926-SM-5PNYP	Excit	0.000441420688483083
GTEX-11TTK-2926-SM-5PNYP	Astro	0.695639510846073
GTEX-11TTK-2926-SM-5PNYP	Inhib	0.00323114124946308
GTEX-11TTK-2926-SM-5PNYP	Micro	0.00602817245887388
GTEX-11TTK-2926-SM-5PNYP	OPC	0.0333213796839801
GTEX-11TTK-2926-SM-5PNYP	Mural	0.108857647161704
GTEX-11TTK-2926-SM-5PNYP	Immune	0.072822875725643
GTEX-11WQK-3026-SM-5EQL6	Oligo	0.143265770294503
GTEX-11WQK-3026-SM-5EQL6	Excit	0.0362785568322828
GTEX-11WQK-3026-SM-5EQL6	Astro	0.520196287014163
GTEX-11WQK-3026-SM-5EQL6	Inhib	0.00722128209555532
GTEX-11WQK-3026-SM-5EQL6	Micro	0.00432795084454681
GTEX-11WQK-3026-SM-5EQL6	OPC	0.0559161613043712
GTEX-11WQK-3026-SM-5EQL6	Mural	0.100651189522088
GTEX-11WQK-3026-SM-5EQL6	Immune	0.13214280209249
GTEX-11ZUS-2926-SM-5FQSL	Oligo	0.423753940014429
GTEX-11ZUS-2926-SM-5FQSL	Excit	0.15371818082952
GTEX-11ZUS-2926-SM-5FQSL	Astro	0.232717623771029
GTEX-11ZUS-2926-SM-5FQSL	Inhib	0.0172829859700971
GTEX-11ZUS-2926-SM-5FQSL	Micro	0.01778852569514
GTEX-11ZUS-2926-SM-5FQSL	OPC	0.041499804103725
GTEX-11ZUS-2926-SM-5FQSL	Mural	0.108770665668181
GTEX-11ZUS-2926-SM-5FQSL	Immune	0.00446827394787907
GTEX-12126-1026-SM-5P9JJ	Oligo	0.241595602060375
GTEX-12126-1026-SM-5P9JJ	Excit	0.20068182520867
GTEX-12126-1026-SM-5P9JJ	Astro	0.274039062851712
GTEX-12126-1026-SM-5P9JJ	Inhib	0.0197271067192947
GTEX-12126-1026-SM-5P9JJ	Micro	0.0115487758925904
GTEX-12126-1026-SM-5P9JJ	OPC	0.0531165663096639
GTEX-12126-1026-SM-5P9JJ	Mural	0.183175821320594
GTEX-12126-1026-SM-5P9JJ	Immune	0.0161152396370987
GTEX-12WSA-2926-SM-5EQ4D	Oligo	0.397521818141933
GTEX-12WSA-2926-SM-5EQ4D	Excit	0.00346967226553177
GTEX-12WSA-2926-SM-5EQ4D	Astro	0.434433316877365
GTEX-12WSA-2926-SM-5EQ4D	Inhib	0
GTEX-12WSA-2926-SM-5EQ4D	Micro	0.00971294508211368
GTEX-12WSA-2926-SM-5EQ4D	OPC	0.0197299630195197
GTEX-12WSA-2926-SM-5EQ4D	Mural	0.106892790710282
GTEX-12WSA-2926-SM-5EQ4D	Immune	0.0282394939032556
GTEX-12WSC-3026-SM-5GCNF	Oligo	0.220818593188016
GTEX-12WSC-3026-SM-5GCNF	Excit	0.170600087647293
GTEX-12WSC-3026-SM-5GCNF	Astro	0.384606170506724
GTEX-12WSC-3026-SM-5GCNF	Inhib	0.0102131305168611
GTEX-12WSC-3026-SM-5GCNF	Micro	0.0159015834001838
GTEX-12WSC-3026-SM-5GCNF	OPC	0.0253486527080495
GTEX-12WSC-3026-SM-5GCNF	Mural	0.160586614649213
GTEX-12WSC-3026-SM-5GCNF	Immune	0.0119251673836602
GTEX-12WSD-3126-SM-5HL7P	Oligo	0.317109624688039
GTEX-12WSD-3126-SM-5HL7P	Excit	0.00629460380107624
GTEX-12WSD-3126-SM-5HL7P	Astro	0.502428280566768
GTEX-12WSD-3126-SM-5HL7P	Inhib	0.0130976747908066
GTEX-12WSD-3126-SM-5HL7P	Micro	0.00208574036366848
GTEX-12WSD-3126-SM-5HL7P	OPC	0.0474894472633712
GTEX-12WSD-3126-SM-5HL7P	Mural	0.110438144987131
GTEX-12WSD-3126-SM-5HL7P	Immune	0.00105648353913966
GTEX-12WSF-3126-SM-6M478	Oligo	0.311796990837703
GTEX-12WSF-3126-SM-6M478	Excit	0.0825954618286963
GTEX-12WSF-3126-SM-6M478	Astro	0.43124581236652
GTEX-12WSF-3126-SM-6M478	Inhib	0.0101964448787606
GTEX-12WSF-3126-SM-6M478	Micro	0.00169549568559959
GTEX-12WSF-3126-SM-6M478	OPC	0.0300048736493748
GTEX-12WSF-3126-SM-6M478	Mural	0.068416609297141
GTEX-12WSF-3126-SM-6M478	Immune	0.064048311456204
GTEX-12WSH-3026-SM-5CVNI	Oligo	0.264571982690608
GTEX-12WSH-3026-SM-5CVNI	Excit	0.115338303489633
GTEX-12WSH-3026-SM-5CVNI	Astro	0.405970263056758
GTEX-12WSH-3026-SM-5CVNI	Inhib	0.004960873704195
GTEX-12WSH-3026-SM-5CVNI	Micro	0
GTEX-12WSH-3026-SM-5CVNI	OPC	0.0596573352858043
GTEX-12WSH-3026-SM-5CVNI	Mural	0.0908510070591377
GTEX-12WSH-3026-SM-5CVNI	Immune	0.0586502347138636
GTEX-12ZZW-2926-SM-5LZUP	Oligo	0.0951704442372852
GTEX-12ZZW-2926-SM-5LZUP	Excit	0.0739290879367595
GTEX-12ZZW-2926-SM-5LZUP	Astro	0.685386806253929
GTEX-12ZZW-2926-SM-5LZUP	Inhib	0.000766957251875533
GTEX-12ZZW-2926-SM-5LZUP	Micro	9.06064590196631e-05
GTEX-12ZZW-2926-SM-5LZUP	OPC	0.0330032921730117
GTEX-12ZZW-2926-SM-5LZUP	Mural	0.0698720170342996
GTEX-12ZZW-2926-SM-5LZUP	Immune	0.0417807886538198
GTEX-12ZZX-2926-SM-5GCOQ	Oligo	0.234444089180903
GTEX-12ZZX-2926-SM-5GCOQ	Excit	0.150451745306624
GTEX-12ZZX-2926-SM-5GCOQ	Astro	0.453478049676819
GTEX-12ZZX-2926-SM-5GCOQ	Inhib	0.00119310225337714
GTEX-12ZZX-2926-SM-5GCOQ	Micro	0.00577299009176288
GTEX-12ZZX-2926-SM-5GCOQ	OPC	0.0461658912653234
GTEX-12ZZX-2926-SM-5GCOQ	Mural	0.103215261864095
GTEX-12ZZX-2926-SM-5GCOQ	Immune	0.00527887036109562
GTEX-12ZZY-3026-SM-5GCOU	Oligo	0.73960386670462
GTEX-12ZZY-3026-SM-5GCOU	Excit	0.0434741758671161
GTEX-12ZZY-3026-SM-5GCOU	Astro	0.149130764126781
GTEX-12ZZY-3026-SM-5GCOU	Inhib	0.00515955056031872
GTEX-12ZZY-3026-SM-5GCOU	Micro	0.00136016291258955
GTEX-12ZZY-3026-SM-5GCOU	OPC	0.0114429786870944
GTEX-12ZZY-3026-SM-5GCOU	Mural	0.0498285011414802
GTEX-12ZZY-3026-SM-5GCOU	Immune	0
GTEX-12ZZZ-3026-SM-5BC67	Oligo	0.164403193112592
GTEX-12ZZZ-3026-SM-5BC67	Excit	0.092989901917395
GTEX-12ZZZ-3026-SM-5BC67	Astro	0.537167070723257
GTEX-12ZZZ-3026-SM-5BC67	Inhib	0.00559756786884063
GTEX-12ZZZ-3026-SM-5BC67	Micro	0
GTEX-12ZZZ-3026-SM-5BC67	OPC	0.0489296755118724
GTEX-12ZZZ-3026-SM-5BC67	Mural	0.145148023809622
GTEX-12ZZZ-3026-SM-5BC67	Immune	0.00576456705642126
GTEX-1313W-3126-SM-5LZUI	Oligo	0.716507701794872
GTEX-1313W-3126-SM-5LZUI	Excit	0.0592044929921395
GTEX-1313W-3126-SM-5LZUI	Astro	0.130858876210122
GTEX-1313W-3126-SM-5LZUI	Inhib	0.00497149869157826
GTEX-1313W-3126-SM-5LZUI	Micro	0.00821907500817131
GTEX-1313W-3126-SM-5LZUI	OPC	0.0321376604112758
GTEX-1313W-3126-SM-5LZUI	Mural	0.0476946683965004
GTEX-1313W-3126-SM-5LZUI	Immune	0.000406026495340784
GTEX-131XW-3126-SM-5LZUC	Oligo	0.0486621069127061
GTEX-131XW-3126-SM-5LZUC	Excit	0.0560876445235891
GTEX-131XW-3126-SM-5LZUC	Astro	0.734899674795825
GTEX-131XW-3126-SM-5LZUC	Inhib	0.00992886868551633
GTEX-131XW-3126-SM-5LZUC	Micro	0.000257230849713262
GTEX-131XW-3126-SM-5LZUC	OPC	0.0229120895469119
GTEX-131XW-3126-SM-5LZUC	Mural	0.0913325930985885
GTEX-131XW-3126-SM-5LZUC	Immune	0.0359197915871504
GTEX-131YS-3126-SM-5KLYT	Oligo	0.147969666971133
GTEX-131YS-3126-SM-5KLYT	Excit	0.201827332895697
GTEX-131YS-3126-SM-5KLYT	Astro	0.394780832592265
GTEX-131YS-3126-SM-5KLYT	Inhib	0.0118995479619941
GTEX-131YS-3126-SM-5KLYT	Micro	0.0248955995340251
GTEX-131YS-3126-SM-5KLYT	OPC	0.0548917539607961
GTEX-131YS-3126-SM-5KLYT	Mural	0.134728796488241
GTEX-131YS-3126-SM-5KLYT	Immune	0.0290064695958489
GTEX-132Q8-3026-SM-5PNVG	Oligo	0.0214935202874006
GTEX-132Q8-3026-SM-5PNVG	Excit	0.00145653064178691
GTEX-132Q8-3026-SM-5PNVG	Astro	0.676925075978717
GTEX-132Q8-3026-SM-5PNVG	Inhib	0.00971094829185894
GTEX-132Q8-3026-SM-5PNVG	Micro	0.0143313632973259
GTEX-132Q8-3026-SM-5PNVG	OPC	0.0210508682388692
GTEX-132Q8-3026-SM-5PNVG	Mural	0.120430737376927
GTEX-132Q8-3026-SM-5PNVG	Immune	0.134600955887115
GTEX-1399T-3026-SM-5KLZC	Oligo	0.140091007511213
GTEX-1399T-3026-SM-5KLZC	Excit	0.0753807732680629
GTEX-1399T-3026-SM-5KLZC	Astro	0.543511111421402
GTEX-1399T-3026-SM-5KLZC	Inhib	0.00249086799748635
GTEX-1399T-3026-SM-5KLZC	Micro	0.0153753161759671
GTEX-1399T-3026-SM-5KLZC	OPC	0.0504614129474247
GTEX-1399T-3026-SM-5KLZC	Mural	0.148329459713181
GTEX-1399T-3026-SM-5KLZC	Immune	0.0243600509652627
GTEX-139T8-1026-SM-5J2MC	Oligo	0.0594557318980398
GTEX-139T8-1026-SM-5J2MC	Excit	0.0351093032470453
GTEX-139T8-1026-SM-5J2MC	Astro	0.630026478991814
GTEX-139T8-1026-SM-5J2MC	Inhib	0.00968027790256165
GTEX-139T8-1026-SM-5J2MC	Micro	0.00230318655545475
GTEX-139T8-1026-SM-5J2MC	OPC	0.0530632417380677
GTEX-139T8-1026-SM-5J2MC	Mural	0.102310663313377
GTEX-139T8-1026-SM-5J2MC	Immune	0.10805111635364
GTEX-13FHO-3026-SM-5J1O9	Oligo	0.529569960828619
GTEX-13FHO-3026-SM-5J1O9	Excit	0.0324063922530009
GTEX-13FHO-3026-SM-5J1O9	Astro	0.318684564543846
GTEX-13FHO-3026-SM-5J1O9	Inhib	0.0110464691598129
GTEX-13FHO-3026-SM-5J1O9	Micro	0.00758836906928892
GTEX-13FHO-3026-SM-5J1O9	OPC	0.0238061832958218
GTEX-13FHO-3026-SM-5J1O9	Mural	0.0657248050018525
GTEX-13FHO-3026-SM-5J1O9	Immune	0.0111732558477577
GTEX-13FHP-3026-SM-5IJBS	Oligo	0.627064981518407
GTEX-13FHP-3026-SM-5IJBS	Excit	0.0323180363495328
GTEX-13FHP-3026-SM-5IJBS	Astro	0.267736310811849
GTEX-13FHP-3026-SM-5IJBS	Inhib	0.00784653758325984
GTEX-13FHP-3026-SM-5IJBS	Micro	0.000975401568489819
GTEX-13FHP-3026-SM-5IJBS	OPC	0.0139416042178903
GTEX-13FHP-3026-SM-5IJBS	Mural	0.0501171279505716
GTEX-13FHP-3026-SM-5IJBS	Immune	0
GTEX-13FLV-1726-SM-5IJBP	Oligo	0.0834345373748672
GTEX-13FLV-1726-SM-5IJBP	Excit	0.116329254170034
GTEX-13FLV-1726-SM-5IJBP	Astro	0.549102176968613
GTEX-13FLV-1726-SM-5IJBP	Inhib	0.00155394418827746
GTEX-13FLV-1726-SM-5IJBP	Micro	0.0248648691386774
GTEX-13FLV-1726-SM-5IJBP	OPC	0.048470661044485
GTEX-13FLV-1726-SM-5IJBP	Mural	0.110861759221074
GTEX-13FLV-1726-SM-5IJBP	Immune	0.0653827978939716
GTEX-13FLW-1426-SM-5K7YE	Oligo	0.585389339733273
GTEX-13FLW-1426-SM-5K7YE	Excit	0.0598515275947868
GTEX-13FLW-1426-SM-5K7YE	Astro	0.26643521796737
GTEX-13FLW-1426-SM-5K7YE	Inhib	0.00672973350658032
GTEX-13FLW-1426-SM-5K7YE	Micro	0.00294072299080448
GTEX-13FLW-1426-SM-5K7YE	OPC	0.0324184363976002
GTEX-13FLW-1426-SM-5K7YE	Mural	0.0462350218095853
GTEX-13FLW-1426-SM-5K7YE	Immune	0
GTEX-13FXS-3126-SM-5J2NN	Oligo	0.124193557062081
GTEX-13FXS-3126-SM-5J2NN	Excit	0.189831918998154
GTEX-13FXS-3126-SM-5J2NN	Astro	0.380236543593458
GTEX-13FXS-3126-SM-5J2NN	Inhib	0.0158227560627331
GTEX-13FXS-3126-SM-5J2NN	Micro	0.01404339176951
GTEX-13FXS-3126-SM-5J2NN	OPC	0.0869178418303747
GTEX-13FXS-3126-SM-5J2NN	Mural	0.117022157564106
GTEX-13FXS-3126-SM-5J2NN	Immune	0.0719318331195825
GTEX-13G51-3026-SM-5IJB8	Oligo	0.839098060013855
GTEX-13G51-3026-SM-5IJB8	Excit	0.000392478441539754
GTEX-13G51-3026-SM-5IJB8	Astro	0.131675994539299
GTEX-13G51-3026-SM-5IJB8	Inhib	0.00120545066893239
GTEX-13G51-3026-SM-5IJB8	Micro	0.000433381596273421
GTEX-13G51-3026-SM-5IJB8	OPC	0.0071773223011559
GTEX-13G51-3026-SM-5IJB8	Mural	0.0200173124389448
GTEX-13G51-3026-SM-5IJB8	Immune	0
GTEX-13IVO-2926-SM-5L3CZ	Oligo	0.077186363081714
GTEX-13IVO-2926-SM-5L3CZ	Excit	0.00841920139842964
GTEX-13IVO-2926-SM-5L3CZ	Astro	0.650926817911134
GTEX-13IVO-2926-SM-5L3CZ	Inhib	0.0040282662880726
GTEX-13IVO-2926-SM-5L3CZ	Micro	0.000373979850479146
GTEX-13IVO-2926-SM-5L3CZ	OPC	0.0586759317178468
GTEX-13IVO-2926-SM-5L3CZ	Mural	0.114450996180373
GTEX-13IVO-2926-SM-5L3CZ	Immune	0.0859384435719505
GTEX-13JUV-2926-SM-5LZX7	Oligo	0.226806990668279
GTEX-13JUV-2926-SM-5LZX7	Excit	0.0123643858579166
GTEX-13JUV-2926-SM-5LZX7	Astro	0.587856897892175
GTEX-13JUV-2926-SM-5LZX7	Inhib	0.00843725256876426
GTEX-13JUV-2926-SM-5LZX7	Micro	0.0177466741624556
GTEX-13JUV-2926-SM-5LZX7	OPC	0.0411357714924067
GTEX-13JUV-2926-SM-5LZX7	Mural	0.0761573574846263
GTEX-13JUV-2926-SM-5LZX7	Immune	0.0294946698733771
GTEX-13JVG-3126-SM-5L3FH	Oligo	0.116997832604982
GTEX-13JVG-3126-SM-5L3FH	Excit	0.0126030823371546
GTEX-13JVG-3126-SM-5L3FH	Astro	0.571545188396747
GTEX-13JVG-3126-SM-5L3FH	Inhib	0.000169160937110031
GTEX-13JVG-3126-SM-5L3FH	Micro	0.00229387210767198
GTEX-13JVG-3126-SM-5L3FH	OPC	0.0379333872193631
GTEX-13JVG-3126-SM-5L3FH	Mural	0.151155008465987
GTEX-13JVG-3126-SM-5L3FH	Immune	0.107302467930984
GTEX-13N1W-3026-SM-GIN9V	Oligo	0.125745511795793
GTEX-13N1W-3026-SM-GIN9V	Excit	0.167496644239485
GTEX-13N1W-3026-SM-GIN9V	Astro	0.450390815424152
GTEX-13N1W-3026-SM-GIN9V	Inhib	0
GTEX-13N1W-3026-SM-GIN9V	Micro	0
GTEX-13N1W-3026-SM-GIN9V	OPC	0.0370525263373951
GTEX-13N1W-3026-SM-GIN9V	Mural	0.0944622333397553
GTEX-13N1W-3026-SM-GIN9V	Immune	0.12485226886342
GTEX-13N2G-3026-SM-GIN9N	Oligo	0.260776689526737
GTEX-13N2G-3026-SM-GIN9N	Excit	0.0758036640217196
GTEX-13N2G-3026-SM-GIN9N	Astro	0.468288500212022
GTEX-13N2G-3026-SM-GIN9N	Inhib	0.00822740800509286
GTEX-13N2G-3026-SM-GIN9N	Micro	0
GTEX-13N2G-3026-SM-GIN9N	OPC	0.0479559573322783
GTEX-13N2G-3026-SM-GIN9N	Mural	0.0902915260714087
GTEX-13N2G-3026-SM-GIN9N	Immune	0.0486562548307412
GTEX-13NYB-3026-SM-5IJD7	Oligo	0.676954610726114
GTEX-13NYB-3026-SM-5IJD7	Excit	0.0601884991053904
GTEX-13NYB-3026-SM-5IJD7	Astro	0.179836425783284
GTEX-13NYB-3026-SM-5IJD7	Inhib	0.00264314298504703
GTEX-13NYB-3026-SM-5IJD7	Micro	0.00348762288309656
GTEX-13NYB-3026-SM-5IJD7	OPC	0.0194630180120789
GTEX-13NYB-3026-SM-5IJD7	Mural	0.0574266805049896
GTEX-13NYB-3026-SM-5IJD7	Immune	0
GTEX-13NYC-2826-SM-5K7WR	Oligo	0.0936084772820266
GTEX-13NYC-2826-SM-5K7WR	Excit	0.14451646093861
GTEX-13NYC-2826-SM-5K7WR	Astro	0.410353204548217
GTEX-13NYC-2826-SM-5K7WR	Inhib	0.00793818033882095
GTEX-13NYC-2826-SM-5K7WR	Micro	0.00422826950891
GTEX-13NYC-2826-SM-5K7WR	OPC	0.0267670992894107
GTEX-13NYC-2826-SM-5K7WR	Mural	0.110624764813151
GTEX-13NYC-2826-SM-5K7WR	Immune	0.201963543280854
GTEX-13NYS-3126-SM-5KLYV	Oligo	0.147886560429417
GTEX-13NYS-3126-SM-5KLYV	Excit	0.0267577438483223
GTEX-13NYS-3126-SM-5KLYV	Astro	0.521125162896617
GTEX-13NYS-3126-SM-5KLYV	Inhib	0.0150523544467475
GTEX-13NYS-3126-SM-5KLYV	Micro	0.00232327701331944
GTEX-13NYS-3126-SM-5KLYV	OPC	0.0303690429357703
GTEX-13NYS-3126-SM-5KLYV	Mural	0.105527194428175
GTEX-13NYS-3126-SM-5KLYV	Immune	0.150958664001631
GTEX-13O3O-3126-SM-5KM3H	Oligo	0.273092368477521
GTEX-13O3O-3126-SM-5KM3H	Excit	0.097578224553772
GTEX-13O3O-3126-SM-5KM3H	Astro	0.439647598924234
GTEX-13O3O-3126-SM-5KM3H	Inhib	0.00214877471570736
GTEX-13O3O-3126-SM-5KM3H	Micro	0.00447649827938433
GTEX-13O3O-3126-SM-5KM3H	OPC	0.0266563772751938
GTEX-13O3O-3126-SM-5KM3H	Mural	0.10628304212618
GTEX-13O3O-3126-SM-5KM3H	Immune	0.0501171156480073
GTEX-13O3Q-2926-SM-5KM45	Oligo	0.175207385836069
GTEX-13O3Q-2926-SM-5KM45	Excit	0.13178658537604
GTEX-13O3Q-2926-SM-5KM45	Astro	0.492117845006941
GTEX-13O3Q-2926-SM-5KM45	Inhib	0.01459888591172
GTEX-13O3Q-2926-SM-5KM45	Micro	0.00273515732286122
GTEX-13O3Q-2926-SM-5KM45	OPC	0.0356640020523904
GTEX-13O3Q-2926-SM-5KM45	Mural	0.127072669550539
GTEX-13O3Q-2926-SM-5KM45	Immune	0.0208174689434392
GTEX-13OVH-3026-SM-5MR4N	Oligo	0.474510672695446
GTEX-13OVH-3026-SM-5MR4N	Excit	0.0729469469269865
GTEX-13OVH-3026-SM-5MR4N	Astro	0.359806630800368
GTEX-13OVH-3026-SM-5MR4N	Inhib	0.00616611025719131
GTEX-13OVH-3026-SM-5MR4N	Micro	0
GTEX-13OVH-3026-SM-5MR4N	OPC	0.024266868170794
GTEX-13OVH-3026-SM-5MR4N	Mural	0.0623027711492135
GTEX-13OVH-3026-SM-5MR4N	Immune	0
GTEX-13OVJ-2826-SM-5L3GW	Oligo	0.339279006704761
GTEX-13OVJ-2826-SM-5L3GW	Excit	0
GTEX-13OVJ-2826-SM-5L3GW	Astro	0.488246870106304
GTEX-13OVJ-2826-SM-5L3GW	Inhib	0.00402162350208158
GTEX-13OVJ-2826-SM-5L3GW	Micro	0
GTEX-13OVJ-2826-SM-5L3GW	OPC	0.0230293701851652
GTEX-13OVJ-2826-SM-5L3GW	Mural	0.0558439544565232
GTEX-13OVJ-2826-SM-5L3GW	Immune	0.0895791750451652
GTEX-13OW6-3026-SM-5J2MI	Oligo	0.446737095762021
GTEX-13OW6-3026-SM-5J2MI	Excit	0.0875171791352606
GTEX-13OW6-3026-SM-5J2MI	Astro	0.364998169049026
GTEX-13OW6-3026-SM-5J2MI	Inhib	0.000812916432389898
GTEX-13OW6-3026-SM-5J2MI	Micro	0.0034786248590047
GTEX-13OW6-3026-SM-5J2MI	OPC	0.0263536337139032
GTEX-13OW6-3026-SM-5J2MI	Mural	0.0639582520677575
GTEX-13OW6-3026-SM-5J2MI	Immune	0.00614412898063699
GTEX-13OW7-3026-SM-5L3GY	Oligo	0.228724851153477
GTEX-13OW7-3026-SM-5L3GY	Excit	0.025576010660128
GTEX-13OW7-3026-SM-5L3GY	Astro	0.592245175664215
GTEX-13OW7-3026-SM-5L3GY	Inhib	0.00737663091004752
GTEX-13OW7-3026-SM-5L3GY	Micro	0
GTEX-13OW7-3026-SM-5L3GY	OPC	0.0301020097205498
GTEX-13OW7-3026-SM-5L3GY	Mural	0.104768672413383
GTEX-13OW7-3026-SM-5L3GY	Immune	0.0112066494782001
GTEX-13OW8-2826-SM-5L3GC	Oligo	0.57901640629917
GTEX-13OW8-2826-SM-5L3GC	Excit	0.0107143934790456
GTEX-13OW8-2826-SM-5L3GC	Astro	0.327826182730243
GTEX-13OW8-2826-SM-5L3GC	Inhib	0.00944163064908096
GTEX-13OW8-2826-SM-5L3GC	Micro	0
GTEX-13OW8-2826-SM-5L3GC	OPC	0.0327950084658276
GTEX-13OW8-2826-SM-5L3GC	Mural	0.0402063783766332
GTEX-13OW8-2826-SM-5L3GC	Immune	0
GTEX-13PL6-3126-SM-5LUAR	Oligo	0.129433041570471
GTEX-13PL6-3126-SM-5LUAR	Excit	0.0875738962259693
GTEX-13PL6-3126-SM-5LUAR	Astro	0.563360195351334
GTEX-13PL6-3126-SM-5LUAR	Inhib	0.0071501356193963
GTEX-13PL6-3126-SM-5LUAR	Micro	0
GTEX-13PL6-3126-SM-5LUAR	OPC	0.0508142920202531
GTEX-13PL6-3126-SM-5LUAR	Mural	0.136988538425853
GTEX-13PL6-3126-SM-5LUAR	Immune	0.0246799007867234
GTEX-13PVQ-3026-SM-5MR64	Oligo	0.547016655565245
GTEX-13PVQ-3026-SM-5MR64	Excit	0.0191322322415643
GTEX-13PVQ-3026-SM-5MR64	Astro	0.294581359497757
GTEX-13PVQ-3026-SM-5MR64	Inhib	0.00657709953374474
GTEX-13PVQ-3026-SM-5MR64	Micro	3.80627007809056e-05
GTEX-13PVQ-3026-SM-5MR64	OPC	0.0239064096990604
GTEX-13PVQ-3026-SM-5MR64	Mural	0.0781681208157835
GTEX-13PVQ-3026-SM-5MR64	Immune	0.0305800599460646
GTEX-13QIC-2926-SM-5J2NF	Oligo	0.13669589110824
GTEX-13QIC-2926-SM-5J2NF	Excit	0.0743054596063022
GTEX-13QIC-2926-SM-5J2NF	Astro	0.609924268447946
GTEX-13QIC-2926-SM-5J2NF	Inhib	0.00172088455565581
GTEX-13QIC-2926-SM-5J2NF	Micro	0.00648768367921421
GTEX-13QIC-2926-SM-5J2NF	OPC	0.0319345404918063
GTEX-13QIC-2926-SM-5J2NF	Mural	0.104004091226277
GTEX-13QIC-2926-SM-5J2NF	Immune	0.0349271808845582
GTEX-13RTJ-3026-SM-5P9IM	Oligo	0.172725969449479
GTEX-13RTJ-3026-SM-5P9IM	Excit	0.0275440703558195
GTEX-13RTJ-3026-SM-5P9IM	Astro	0.535384330262232
GTEX-13RTJ-3026-SM-5P9IM	Inhib	0.0112465410149517
GTEX-13RTJ-3026-SM-5P9IM	Micro	0.00405889877826903
GTEX-13RTJ-3026-SM-5P9IM	OPC	0.0231023685356564
GTEX-13RTJ-3026-SM-5P9IM	Mural	0.104739785069772
GTEX-13RTJ-3026-SM-5P9IM	Immune	0.12119803653382
GTEX-13S7M-3126-SM-5RQJQ	Oligo	0.176472207900038
GTEX-13S7M-3126-SM-5RQJQ	Excit	0.044018094779867
GTEX-13S7M-3126-SM-5RQJQ	Astro	0.505532537012666
GTEX-13S7M-3126-SM-5RQJQ	Inhib	0.0092713931650082
GTEX-13S7M-3126-SM-5RQJQ	Micro	0.000331455903319219
GTEX-13S7M-3126-SM-5RQJQ	OPC	0.053155849125911
GTEX-13S7M-3126-SM-5RQJQ	Mural	0.120943597339437
GTEX-13S7M-3126-SM-5RQJQ	Immune	0.0902748647737534
GTEX-13SLW-3126-SM-HAV2Q	Oligo	0.202562132708594
GTEX-13SLW-3126-SM-HAV2Q	Excit	0.0177140859532416
GTEX-13SLW-3126-SM-HAV2Q	Astro	0.534663056537241
GTEX-13SLW-3126-SM-HAV2Q	Inhib	0.00293625281344621
GTEX-13SLW-3126-SM-HAV2Q	Micro	0.000750507371561484
GTEX-13SLW-3126-SM-HAV2Q	OPC	0.0425514949649709
GTEX-13SLW-3126-SM-HAV2Q	Mural	0.0962416046571135
GTEX-13SLW-3126-SM-HAV2Q	Immune	0.102580864993831
GTEX-13SLX-3126-SM-5S2Q5	Oligo	0.413676426741133
GTEX-13SLX-3126-SM-5S2Q5	Excit	0.125519683824837
GTEX-13SLX-3126-SM-5S2Q5	Astro	0.257392333392317
GTEX-13SLX-3126-SM-5S2Q5	Inhib	0.0172003582532471
GTEX-13SLX-3126-SM-5S2Q5	Micro	0.00283187535102757
GTEX-13SLX-3126-SM-5S2Q5	OPC	0.0561977043743712
GTEX-13SLX-3126-SM-5S2Q5	Mural	0.122471148257819
GTEX-13SLX-3126-SM-5S2Q5	Immune	0.00471046980524776
GTEX-13VXU-2926-SM-5LU5C	Oligo	0.284842266611094
GTEX-13VXU-2926-SM-5LU5C	Excit	0.0902908849072625
GTEX-13VXU-2926-SM-5LU5C	Astro	0.448283956030401
GTEX-13VXU-2926-SM-5LU5C	Inhib	0.017155691349663
GTEX-13VXU-2926-SM-5LU5C	Micro	0.00466598393186475
GTEX-13VXU-2926-SM-5LU5C	OPC	0.0449957041410792
GTEX-13VXU-2926-SM-5LU5C	Mural	0.0952521947737769
GTEX-13VXU-2926-SM-5LU5C	Immune	0.0145133182548588
GTEX-13X6J-3026-SM-5Q5CU	Oligo	0.238146376422147
GTEX-13X6J-3026-SM-5Q5CU	Excit	0.0757775720920691
GTEX-13X6J-3026-SM-5Q5CU	Astro	0.485656017274044
GTEX-13X6J-3026-SM-5Q5CU	Inhib	0.0131122287850082
GTEX-13X6J-3026-SM-5Q5CU	Micro	0.0194804937187516
GTEX-13X6J-3026-SM-5Q5CU	OPC	0.0432005076054396
GTEX-13X6J-3026-SM-5Q5CU	Mural	0.114206974782002
GTEX-13X6J-3026-SM-5Q5CU	Immune	0.0104198293205386
GTEX-13X6K-2926-SM-5Q5D5	Oligo	0.0617600051191992
GTEX-13X6K-2926-SM-5Q5D5	Excit	0.00181716976787694
GTEX-13X6K-2926-SM-5Q5D5	Astro	0.681826464908681
GTEX-13X6K-2926-SM-5Q5D5	Inhib	0.024609559742326
GTEX-13X6K-2926-SM-5Q5D5	Micro	0.00619688235917539
GTEX-13X6K-2926-SM-5Q5D5	OPC	0.0570984375984583
GTEX-13X6K-2926-SM-5Q5D5	Mural	0.131600901355748
GTEX-13X6K-2926-SM-5Q5D5	Immune	0.0350905791485349
GTEX-1445S-3026-SM-5O9BR	Oligo	0.281919007929627
GTEX-1445S-3026-SM-5O9BR	Excit	0.00126951726183967
GTEX-1445S-3026-SM-5O9BR	Astro	0.578901087572972
GTEX-1445S-3026-SM-5O9BR	Inhib	0.00192678558059539
GTEX-1445S-3026-SM-5O9BR	Micro	0
GTEX-1445S-3026-SM-5O9BR	OPC	0.0381176408665453
GTEX-1445S-3026-SM-5O9BR	Mural	0.0739020639188799
GTEX-1445S-3026-SM-5O9BR	Immune	0.0239638968695413
GTEX-144FL-3026-SM-5O99C	Oligo	0.110165214486413
GTEX-144FL-3026-SM-5O99C	Excit	0.00884430355144831
GTEX-144FL-3026-SM-5O99C	Astro	0.751468862253083
GTEX-144FL-3026-SM-5O99C	Inhib	0.00361445205001587
GTEX-144FL-3026-SM-5O99C	Micro	0
GTEX-144FL-3026-SM-5O99C	OPC	0.00694967037903198
GTEX-144FL-3026-SM-5O99C	Mural	0.0910880294132988
GTEX-144FL-3026-SM-5O99C	Immune	0.0278694678667093
GTEX-144GL-3026-SM-5Q5CW	Oligo	0.190376752126461
GTEX-144GL-3026-SM-5Q5CW	Excit	0.0994239476894626
GTEX-144GL-3026-SM-5Q5CW	Astro	0.51111488363354
GTEX-144GL-3026-SM-5Q5CW	Inhib	0.0266006547460262
GTEX-144GL-3026-SM-5Q5CW	Micro	0.00377018195078017
GTEX-144GL-3026-SM-5Q5CW	OPC	0.0503387390142599
GTEX-144GL-3026-SM-5Q5CW	Mural	0.104119480756969
GTEX-144GL-3026-SM-5Q5CW	Immune	0.0142553600825017
GTEX-145LS-3126-SM-5Q5BY	Oligo	0.213626368726303
GTEX-145LS-3126-SM-5Q5BY	Excit	0.101494025964696
GTEX-145LS-3126-SM-5Q5BY	Astro	0.414790845342578
GTEX-145LS-3126-SM-5Q5BY	Inhib	0.000962444798591035
GTEX-145LS-3126-SM-5Q5BY	Micro	0.00970561088670513
GTEX-145LS-3126-SM-5Q5BY	OPC	0.0487436953100231
GTEX-145LS-3126-SM-5Q5BY	Mural	0.111770275854992
GTEX-145LS-3126-SM-5Q5BY	Immune	0.0989067331161113
GTEX-145MF-2726-SM-5O995	Oligo	0.451522019456812
GTEX-145MF-2726-SM-5O995	Excit	0.082498935742615
GTEX-145MF-2726-SM-5O995	Astro	0.33277268920522
GTEX-145MF-2726-SM-5O995	Inhib	0.00720740562650974
GTEX-145MF-2726-SM-5O995	Micro	0.0156514418677835
GTEX-145MF-2726-SM-5O995	OPC	0.0154574502064573
GTEX-145MF-2726-SM-5O995	Mural	0.0691965666468317
GTEX-145MF-2726-SM-5O995	Immune	0.025693491247771
GTEX-145MG-3026-SM-5RQJA	Oligo	0.285548683786614
GTEX-145MG-3026-SM-5RQJA	Excit	0.102956158189496
GTEX-145MG-3026-SM-5RQJA	Astro	0.41796209806641
GTEX-145MG-3026-SM-5RQJA	Inhib	0.0129396670661072
GTEX-145MG-3026-SM-5RQJA	Micro	0.00161321381723986
GTEX-145MG-3026-SM-5RQJA	OPC	0.0551673676796177
GTEX-145MG-3026-SM-5RQJA	Mural	0.101309454011644
GTEX-145MG-3026-SM-5RQJA	Immune	0.022503357382871
GTEX-145MH-3026-SM-5Q5DZ	Oligo	0.203374425955456
GTEX-145MH-3026-SM-5Q5DZ	Excit	0.188250664929377
GTEX-145MH-3026-SM-5Q5DZ	Astro	0.398303228623316
GTEX-145MH-3026-SM-5Q5DZ	Inhib	0.0133507868233122
GTEX-145MH-3026-SM-5Q5DZ	Micro	0.018267998444929
GTEX-145MH-3026-SM-5Q5DZ	OPC	0.0416815915074618
GTEX-145MH-3026-SM-5Q5DZ	Mural	0.135510766285659
GTEX-145MH-3026-SM-5Q5DZ	Immune	0.00126053743048932
GTEX-14753-3126-SM-GI4WN	Oligo	0.171503117582006
GTEX-14753-3126-SM-GI4WN	Excit	0.0137859313486187
GTEX-14753-3126-SM-GI4WN	Astro	0.669305129571667
GTEX-14753-3126-SM-GI4WN	Inhib	0.00236823046363811
GTEX-14753-3126-SM-GI4WN	Micro	0.00215843577992279
GTEX-14753-3126-SM-GI4WN	OPC	0.0276753330358212
GTEX-14753-3126-SM-GI4WN	Mural	0.0789248413234688
GTEX-14753-3126-SM-GI4WN	Immune	0.0342789808948576
GTEX-147GR-3026-SM-5S2ML	Oligo	0.315980063964743
GTEX-147GR-3026-SM-5S2ML	Excit	0.0052816467756872
GTEX-147GR-3026-SM-5S2ML	Astro	0.585929375437496
GTEX-147GR-3026-SM-5S2ML	Inhib	0.0113160433202205
GTEX-147GR-3026-SM-5S2ML	Micro	0.00247503748406042
GTEX-147GR-3026-SM-5S2ML	OPC	0.0251551970965583
GTEX-147GR-3026-SM-5S2ML	Mural	0.0538626359212346
GTEX-147GR-3026-SM-5S2ML	Immune	0
GTEX-148VJ-3126-SM-GOR1L	Oligo	0.110741006696804
GTEX-148VJ-3126-SM-GOR1L	Excit	0.000756194732051578
GTEX-148VJ-3126-SM-GOR1L	Astro	0.728995103889412
GTEX-148VJ-3126-SM-GOR1L	Inhib	0.00425208901592338
GTEX-148VJ-3126-SM-GOR1L	Micro	0.00524031614506572
GTEX-148VJ-3126-SM-GOR1L	OPC	0.0220915609153754
GTEX-148VJ-3126-SM-GOR1L	Mural	0.114055097568342
GTEX-148VJ-3126-SM-GOR1L	Immune	0.0138686310370266
GTEX-14A5I-2926-SM-5Q5CQ	Oligo	0.182472439174596
GTEX-14A5I-2926-SM-5Q5CQ	Excit	0.104814594100743
GTEX-14A5I-2926-SM-5Q5CQ	Astro	0.513347143736869
GTEX-14A5I-2926-SM-5Q5CQ	Inhib	0.00506262966691471
GTEX-14A5I-2926-SM-5Q5CQ	Micro	0.000187830272426521
GTEX-14A5I-2926-SM-5Q5CQ	OPC	0.0386173996053112
GTEX-14A5I-2926-SM-5Q5CQ	Mural	0.0794563810613817
GTEX-14A5I-2926-SM-5Q5CQ	Immune	0.0760415823817575
GTEX-14ASI-3026-SM-5S2PN	Oligo	0.265788877555488
GTEX-14ASI-3026-SM-5S2PN	Excit	0.127238956529536
GTEX-14ASI-3026-SM-5S2PN	Astro	0.421154779257851
GTEX-14ASI-3026-SM-5S2PN	Inhib	0.0121804995700443
GTEX-14ASI-3026-SM-5S2PN	Micro	0.00536539644829536
GTEX-14ASI-3026-SM-5S2PN	OPC	0.0450894629885597
GTEX-14ASI-3026-SM-5S2PN	Mural	0.123182027650226
GTEX-14ASI-3026-SM-5S2PN	Immune	0
GTEX-14BIL-3026-SM-5O9DO	Oligo	0.10672617903671
GTEX-14BIL-3026-SM-5O9DO	Excit	0.0565505526475772
GTEX-14BIL-3026-SM-5O9DO	Astro	0.667845726190481
GTEX-14BIL-3026-SM-5O9DO	Inhib	0.0100368846649944
GTEX-14BIL-3026-SM-5O9DO	Micro	0
GTEX-14BIL-3026-SM-5O9DO	OPC	0.0308257824108394
GTEX-14BIL-3026-SM-5O9DO	Mural	0.096613097468049
GTEX-14BIL-3026-SM-5O9DO	Immune	0.0314017775813487
GTEX-14BIM-3026-SM-5O9CP	Oligo	0.103795507091339
GTEX-14BIM-3026-SM-5O9CP	Excit	0.0944612595046655
GTEX-14BIM-3026-SM-5O9CP	Astro	0.536678635047774
GTEX-14BIM-3026-SM-5O9CP	Inhib	0.0260140998430899
GTEX-14BIM-3026-SM-5O9CP	Micro	0.00766855273830092
GTEX-14BIM-3026-SM-5O9CP	OPC	0.0208629236209874
GTEX-14BIM-3026-SM-5O9CP	Mural	0.0686098742610468
GTEX-14BIM-3026-SM-5O9CP	Immune	0.141909147892796
GTEX-14BIN-3226-SM-62LDR	Oligo	0.261508394691638
GTEX-14BIN-3226-SM-62LDR	Excit	0.138545178414855
GTEX-14BIN-3226-SM-62LDR	Astro	0.293466020355939
GTEX-14BIN-3226-SM-62LDR	Inhib	0.00572864959865281
GTEX-14BIN-3226-SM-62LDR	Micro	0.00480092601448776
GTEX-14BIN-3226-SM-62LDR	OPC	0.0433408645215114
GTEX-14BIN-3226-SM-62LDR	Mural	0.158971224048057
GTEX-14BIN-3226-SM-62LDR	Immune	0.0936387423548603
GTEX-14BMV-3026-SM-5S2PQ	Oligo	0.242393868128439
GTEX-14BMV-3026-SM-5S2PQ	Excit	0.143429816586649
GTEX-14BMV-3026-SM-5S2PQ	Astro	0.393752645870141
GTEX-14BMV-3026-SM-5S2PQ	Inhib	0.007074393486659
GTEX-14BMV-3026-SM-5S2PQ	Micro	0.0127056918774861
GTEX-14BMV-3026-SM-5S2PQ	OPC	0.0598727599184121
GTEX-14BMV-3026-SM-5S2PQ	Mural	0.0956368554919881
GTEX-14BMV-3026-SM-5S2PQ	Immune	0.0451339686402268
GTEX-14C39-3126-SM-5ZZW6	Oligo	0.0663382170042782
GTEX-14C39-3126-SM-5ZZW6	Excit	0.0797463702071642
GTEX-14C39-3126-SM-5ZZW6	Astro	0.665129985068183
GTEX-14C39-3126-SM-5ZZW6	Inhib	0.00357840183075307
GTEX-14C39-3126-SM-5ZZW6	Micro	0
GTEX-14C39-3126-SM-5ZZW6	OPC	0.020808787362223
GTEX-14C39-3126-SM-5ZZW6	Mural	0.0937960900596781
GTEX-14C39-3126-SM-5ZZW6	Immune	0.0706021484677202
GTEX-14C5O-3026-SM-5YYB2	Oligo	0.0416822697480169
GTEX-14C5O-3026-SM-5YYB2	Excit	0.00233717659784939
GTEX-14C5O-3026-SM-5YYB2	Astro	0.699891943441378
GTEX-14C5O-3026-SM-5YYB2	Inhib	0.00990294306894979
GTEX-14C5O-3026-SM-5YYB2	Micro	0.0225702976474833
GTEX-14C5O-3026-SM-5YYB2	OPC	0.0489259506158971
GTEX-14C5O-3026-SM-5YYB2	Mural	0.0861264710524141
GTEX-14C5O-3026-SM-5YYB2	Immune	0.0885629478280119
GTEX-14DAQ-3126-SM-62LDS	Oligo	0.0983928715849688
GTEX-14DAQ-3126-SM-62LDS	Excit	0.11127508117388
GTEX-14DAQ-3126-SM-62LDS	Astro	0.533475115102052
GTEX-14DAQ-3126-SM-62LDS	Inhib	0.0161938713739003
GTEX-14DAQ-3126-SM-62LDS	Micro	0.00953635079823979
GTEX-14DAQ-3126-SM-62LDS	OPC	0.0303404479884089
GTEX-14DAQ-3126-SM-62LDS	Mural	0.148799047591863
GTEX-14DAQ-3126-SM-62LDS	Immune	0.0519872143866869
GTEX-14JFF-2926-SM-G8W78	Oligo	0.127761028700661
GTEX-14JFF-2926-SM-G8W78	Excit	0.0990170775742008
GTEX-14JFF-2926-SM-G8W78	Astro	0.586192101969816
GTEX-14JFF-2926-SM-G8W78	Inhib	0.0162690489135649
GTEX-14JFF-2926-SM-G8W78	Micro	0.00161464871296195
GTEX-14JFF-2926-SM-G8W78	OPC	0.047739050353061
GTEX-14JFF-2926-SM-G8W78	Mural	0.108234659343019
GTEX-14JFF-2926-SM-G8W78	Immune	0.0131723844327154
GTEX-14JG1-3026-SM-5YYAA	Oligo	0.201171869272135
GTEX-14JG1-3026-SM-5YYAA	Excit	0.13512175820712
GTEX-14JG1-3026-SM-5YYAA	Astro	0.468167076561865
GTEX-14JG1-3026-SM-5YYAA	Inhib	0.0257755143356637
GTEX-14JG1-3026-SM-5YYAA	Micro	0.0139424431513452
GTEX-14JG1-3026-SM-5YYAA	OPC	0.0453376687888872
GTEX-14JG1-3026-SM-5YYAA	Mural	0.100414674000182
GTEX-14JG1-3026-SM-5YYAA	Immune	0.0100689956828027
GTEX-14JIY-2926-SM-69LPT	Oligo	0.345486599162682
GTEX-14JIY-2926-SM-69LPT	Excit	0.164782829856658
GTEX-14JIY-2926-SM-69LPT	Astro	0.196212492014259
GTEX-14JIY-2926-SM-69LPT	Inhib	0.020516467785816
GTEX-14JIY-2926-SM-69LPT	Micro	0.0126172499007125
GTEX-14JIY-2926-SM-69LPT	OPC	0.0263531999744698
GTEX-14JIY-2926-SM-69LPT	Mural	0.213142213726876
GTEX-14JIY-2926-SM-69LPT	Immune	0.0208889475785267
GTEX-14LZ3-3026-SM-5ZZVU	Oligo	0.0362275916862004
GTEX-14LZ3-3026-SM-5ZZVU	Excit	0.051182475148359
GTEX-14LZ3-3026-SM-5ZZVU	Astro	0.67744000740705
GTEX-14LZ3-3026-SM-5ZZVU	Inhib	0.00901330087246709
GTEX-14LZ3-3026-SM-5ZZVU	Micro	0.0357308880818034
GTEX-14LZ3-3026-SM-5ZZVU	OPC	0.0417198131100372
GTEX-14LZ3-3026-SM-5ZZVU	Mural	0.0845828130107062
GTEX-14LZ3-3026-SM-5ZZVU	Immune	0.064103110683377
GTEX-14PJM-3126-SM-6EU2R	Oligo	0.0876374333412247
GTEX-14PJM-3126-SM-6EU2R	Excit	0.137243700762487
GTEX-14PJM-3126-SM-6EU2R	Astro	0.468404553946299
GTEX-14PJM-3126-SM-6EU2R	Inhib	0.00981133220304836
GTEX-14PJM-3126-SM-6EU2R	Micro	0.0394710970991767
GTEX-14PJM-3126-SM-6EU2R	OPC	0.0621165189432859
GTEX-14PJM-3126-SM-6EU2R	Mural	0.0958453556401302
GTEX-14PJM-3126-SM-6EU2R	Immune	0.0994700080643475
GTEX-15DCD-2926-SM-7KULT	Oligo	0.412896443905154
GTEX-15DCD-2926-SM-7KULT	Excit	0.0302392038736377
GTEX-15DCD-2926-SM-7KULT	Astro	0.432051547936383
GTEX-15DCD-2926-SM-7KULT	Inhib	0.00715217676202605
GTEX-15DCD-2926-SM-7KULT	Micro	0.0087126400614575
GTEX-15DCD-2926-SM-7KULT	OPC	0.0308920307747066
GTEX-15DCD-2926-SM-7KULT	Mural	0.0714856943746443
GTEX-15DCD-2926-SM-7KULT	Immune	0.00657026231199
GTEX-15DYW-3126-SM-GPRXH	Oligo	0.091848919902209
GTEX-15DYW-3126-SM-GPRXH	Excit	0.144911722666618
GTEX-15DYW-3126-SM-GPRXH	Astro	0.592249808660125
GTEX-15DYW-3126-SM-GPRXH	Inhib	0.00559942281952673
GTEX-15DYW-3126-SM-GPRXH	Micro	0.0124908240976006
GTEX-15DYW-3126-SM-GPRXH	OPC	0.0444327408924755
GTEX-15DYW-3126-SM-GPRXH	Mural	0.108466560961445
GTEX-15DYW-3126-SM-GPRXH	Immune	0
GTEX-15EO6-3026-SM-7KUMA	Oligo	0.116072077975597
GTEX-15EO6-3026-SM-7KUMA	Excit	0.187227063156966
GTEX-15EO6-3026-SM-7KUMA	Astro	0.385279392881248
GTEX-15EO6-3026-SM-7KUMA	Inhib	0.000877013022429301
GTEX-15EO6-3026-SM-7KUMA	Micro	0.0108049869122591
GTEX-15EO6-3026-SM-7KUMA	OPC	0.06570613250608
GTEX-15EO6-3026-SM-7KUMA	Mural	0.149197579616056
GTEX-15EO6-3026-SM-7KUMA	Immune	0.0848357539293643
GTEX-15ER7-3126-SM-7KUGH	Oligo	0.0528372324232126
GTEX-15ER7-3126-SM-7KUGH	Excit	0.0597356390094952
GTEX-15ER7-3126-SM-7KUGH	Astro	0.587569031413676
GTEX-15ER7-3126-SM-7KUGH	Inhib	0.053122247597444
GTEX-15ER7-3126-SM-7KUGH	Micro	0.0104315361800001
GTEX-15ER7-3126-SM-7KUGH	OPC	0.0745511837096335
GTEX-15ER7-3126-SM-7KUGH	Mural	0.133677680888389
GTEX-15ER7-3126-SM-7KUGH	Immune	0.0280754487781494
GTEX-15G19-2926-SM-7KUFL	Oligo	0.0958221422170707
GTEX-15G19-2926-SM-7KUFL	Excit	0.0202970339367986
GTEX-15G19-2926-SM-7KUFL	Astro	0.60720285906125
GTEX-15G19-2926-SM-7KUFL	Inhib	0.0223440881983501
GTEX-15G19-2926-SM-7KUFL	Micro	0.0110883621334229
GTEX-15G19-2926-SM-7KUFL	OPC	0.0389989602500643
GTEX-15G19-2926-SM-7KUFL	Mural	0.0678279715505987
GTEX-15G19-2926-SM-7KUFL	Immune	0.136418582652445
GTEX-15RJE-3026-SM-7KUM1	Oligo	0.0112773323273924
GTEX-15RJE-3026-SM-7KUM1	Excit	0.00136614592620657
GTEX-15RJE-3026-SM-7KUM1	Astro	0.516024324911524
GTEX-15RJE-3026-SM-7KUM1	Inhib	0.0154402063106587
GTEX-15RJE-3026-SM-7KUM1	Micro	0.0940897187635334
GTEX-15RJE-3026-SM-7KUM1	OPC	0.0356697024929079
GTEX-15RJE-3026-SM-7KUM1	Mural	0.219835224600295
GTEX-15RJE-3026-SM-7KUM1	Immune	0.106297344667482
GTEX-15SHU-3126-SM-6M46H	Oligo	0.130803792468121
GTEX-15SHU-3126-SM-6M46H	Excit	0.108018377365785
GTEX-15SHU-3126-SM-6M46H	Astro	0.502652992816993
GTEX-15SHU-3126-SM-6M46H	Inhib	0.00534406315445322
GTEX-15SHU-3126-SM-6M46H	Micro	0.0133100225598552
GTEX-15SHU-3126-SM-6M46H	OPC	0.0462293302714516
GTEX-15SHU-3126-SM-6M46H	Mural	0.114989645680571
GTEX-15SHU-3126-SM-6M46H	Immune	0.0786517756827707
GTEX-15UF6-3026-SM-7KUKL	Oligo	0.163856421599646
GTEX-15UF6-3026-SM-7KUKL	Excit	0.00596023775066818
GTEX-15UF6-3026-SM-7KUKL	Astro	0.629108423283219
GTEX-15UF6-3026-SM-7KUKL	Inhib	0
GTEX-15UF6-3026-SM-7KUKL	Micro	0
GTEX-15UF6-3026-SM-7KUKL	OPC	0.0304786455482111
GTEX-15UF6-3026-SM-7KUKL	Mural	0.104059961582952
GTEX-15UF6-3026-SM-7KUKL	Immune	0.0665363102353037
GTEX-16GPK-3026-SM-79ON9	Oligo	0.129834593307928
GTEX-16GPK-3026-SM-79ON9	Excit	0.00353617008401944
GTEX-16GPK-3026-SM-79ON9	Astro	0.634818942507114
GTEX-16GPK-3026-SM-79ON9	Inhib	0.0052510753704638
GTEX-16GPK-3026-SM-79ON9	Micro	0.0115174090343112
GTEX-16GPK-3026-SM-79ON9	OPC	0.0738453810042045
GTEX-16GPK-3026-SM-79ON9	Mural	0.131703259845967
GTEX-16GPK-3026-SM-79ON9	Immune	0.00949316884599131
GTEX-16NPV-3126-SM-GOQZE	Oligo	0.130593080958213
GTEX-16NPV-3126-SM-GOQZE	Excit	0.00594027463625568
GTEX-16NPV-3126-SM-GOQZE	Astro	0.691842945890021
GTEX-16NPV-3126-SM-GOQZE	Inhib	0.00457360372445576
GTEX-16NPV-3126-SM-GOQZE	Micro	0.00396072781130805
GTEX-16NPV-3126-SM-GOQZE	OPC	0.0320204419058087
GTEX-16NPV-3126-SM-GOQZE	Mural	0.0577257374386686
GTEX-16NPV-3126-SM-GOQZE	Immune	0.073343187635269
GTEX-16XZZ-3026-SM-79OMJ	Oligo	0.0830167827575635
GTEX-16XZZ-3026-SM-79OMJ	Excit	0.115355552846641
GTEX-16XZZ-3026-SM-79OMJ	Astro	0.541607732979035
GTEX-16XZZ-3026-SM-79OMJ	Inhib	0.000904703842528818
GTEX-16XZZ-3026-SM-79OMJ	Micro	0.0191702028560005
GTEX-16XZZ-3026-SM-79OMJ	OPC	0.0210205568027122
GTEX-16XZZ-3026-SM-79OMJ	Mural	0.10621369798525
GTEX-16XZZ-3026-SM-79OMJ	Immune	0.112710769930269
GTEX-16YQH-3026-SM-79OMM	Oligo	0.313618238423417
GTEX-16YQH-3026-SM-79OMM	Excit	0.0996957763535314
GTEX-16YQH-3026-SM-79OMM	Astro	0.291453875584064
GTEX-16YQH-3026-SM-79OMM	Inhib	0.0321163304641545
GTEX-16YQH-3026-SM-79OMM	Micro	0.039567588930959
GTEX-16YQH-3026-SM-79OMM	OPC	0.0788381951558724
GTEX-16YQH-3026-SM-79OMM	Mural	0.129973726714227
GTEX-16YQH-3026-SM-79OMM	Immune	0.0147362683737751
GTEX-16Z82-3026-SM-79ON3	Oligo	0.163215907942049
GTEX-16Z82-3026-SM-79ON3	Excit	0.0644346684481576
GTEX-16Z82-3026-SM-79ON3	Astro	0.568270832622804
GTEX-16Z82-3026-SM-79ON3	Inhib	0.00824577189877248
GTEX-16Z82-3026-SM-79ON3	Micro	0.00296537249462066
GTEX-16Z82-3026-SM-79ON3	OPC	0.0311076669957181
GTEX-16Z82-3026-SM-79ON3	Mural	0.131938022735671
GTEX-16Z82-3026-SM-79ON3	Immune	0.0298217568622065
GTEX-17EVP-3026-SM-7IGQL	Oligo	0.258332178636292
GTEX-17EVP-3026-SM-7IGQL	Excit	0.0698097875608915
GTEX-17EVP-3026-SM-7IGQL	Astro	0.427022983059709
GTEX-17EVP-3026-SM-7IGQL	Inhib	0.0224568859490903
GTEX-17EVP-3026-SM-7IGQL	Micro	0.0140216008265553
GTEX-17EVP-3026-SM-7IGQL	OPC	0.0499417075924044
GTEX-17EVP-3026-SM-7IGQL	Mural	0.149691839982025
GTEX-17EVP-3026-SM-7IGQL	Immune	0.00872301639303186
GTEX-17EVQ-2826-SM-7IGQK	Oligo	0.253122046746123
GTEX-17EVQ-2826-SM-7IGQK	Excit	0.0132613740199579
GTEX-17EVQ-2826-SM-7IGQK	Astro	0.558520019018845
GTEX-17EVQ-2826-SM-7IGQK	Inhib	0.00289608759359096
GTEX-17EVQ-2826-SM-7IGQK	Micro	0.0108391968750838
GTEX-17EVQ-2826-SM-7IGQK	OPC	0.0279957699682683
GTEX-17EVQ-2826-SM-7IGQK	Mural	0.114444370783103
GTEX-17EVQ-2826-SM-7IGQK	Immune	0.0189211349950274
GTEX-17F97-3026-SM-79OKC	Oligo	0.19812158232106
GTEX-17F97-3026-SM-79OKC	Excit	0.116274161493583
GTEX-17F97-3026-SM-79OKC	Astro	0.438024032339771
GTEX-17F97-3026-SM-79OKC	Inhib	0.00563663880299528
GTEX-17F97-3026-SM-79OKC	Micro	0.000153646084051126
GTEX-17F97-3026-SM-79OKC	OPC	0.0488998126299024
GTEX-17F97-3026-SM-79OKC	Mural	0.116121673576723
GTEX-17F97-3026-SM-79OKC	Immune	0.0767684527519149
GTEX-17HG3-2926-SM-79ON8	Oligo	0.417857866407478
GTEX-17HG3-2926-SM-79ON8	Excit	0.037556622671119
GTEX-17HG3-2926-SM-79ON8	Astro	0.395808658186295
GTEX-17HG3-2926-SM-79ON8	Inhib	0.0162419055360635
GTEX-17HG3-2926-SM-79ON8	Micro	0.00570791487300563
GTEX-17HG3-2926-SM-79ON8	OPC	0.0257126858719962
GTEX-17HG3-2926-SM-79ON8	Mural	0.092824499989565
GTEX-17HG3-2926-SM-79ON8	Immune	0.00828984646447759
GTEX-17HHY-3026-SM-79OKP	Oligo	0.264009690088628
GTEX-17HHY-3026-SM-79OKP	Excit	0.129360226814386
GTEX-17HHY-3026-SM-79OKP	Astro	0.448080672505339
GTEX-17HHY-3026-SM-79OKP	Inhib	0.0093236937833719
GTEX-17HHY-3026-SM-79OKP	Micro	0.0123886310523966
GTEX-17HHY-3026-SM-79OKP	OPC	0.0233656210149823
GTEX-17HHY-3026-SM-79OKP	Mural	0.0837776196778303
GTEX-17HHY-3026-SM-79OKP	Immune	0.0296938450630666
GTEX-17HII-3026-SM-7EWFM	Oligo	0.0718584836718069
GTEX-17HII-3026-SM-7EWFM	Excit	0.0610323897590325
GTEX-17HII-3026-SM-7EWFM	Astro	0.623401810188914
GTEX-17HII-3026-SM-7EWFM	Inhib	0.0133518279551908
GTEX-17HII-3026-SM-7EWFM	Micro	0.000234572046637263
GTEX-17HII-3026-SM-7EWFM	OPC	0.0411532833952567
GTEX-17HII-3026-SM-7EWFM	Mural	0.100389836013123
GTEX-17HII-3026-SM-7EWFM	Immune	0.0885777969700387
GTEX-17JCI-3126-SM-7LTA2	Oligo	0.312237428317426
GTEX-17JCI-3126-SM-7LTA2	Excit	0.0863496300868977
GTEX-17JCI-3126-SM-7LTA2	Astro	0.465502373699988
GTEX-17JCI-3126-SM-7LTA2	Inhib	0.0066235785313978
GTEX-17JCI-3126-SM-7LTA2	Micro	0.00944193771189381
GTEX-17JCI-3126-SM-7LTA2	OPC	0.0332050630609395
GTEX-17JCI-3126-SM-7LTA2	Mural	0.0808708964328184
GTEX-17JCI-3126-SM-7LTA2	Immune	0.00576909215863817
GTEX-17MF6-2926-SM-7LTAW	Oligo	0.250292187235915
GTEX-17MF6-2926-SM-7LTAW	Excit	0.00127390682227824
GTEX-17MF6-2926-SM-7LTAW	Astro	0.573319966750635
GTEX-17MF6-2926-SM-7LTAW	Inhib	0.000508659161289373
GTEX-17MF6-2926-SM-7LTAW	Micro	0.00739692175939474
GTEX-17MF6-2926-SM-7LTAW	OPC	0.0283163562030474
GTEX-17MF6-2926-SM-7LTAW	Mural	0.10436863538991
GTEX-17MF6-2926-SM-7LTAW	Immune	0.0345233666775307
GTEX-183WM-2826-SM-731C2	Oligo	0.135240657502534
GTEX-183WM-2826-SM-731C2	Excit	0.00921340063496226
GTEX-183WM-2826-SM-731C2	Astro	0.650896733770422
GTEX-183WM-2826-SM-731C2	Inhib	0.00935191248825033
GTEX-183WM-2826-SM-731C2	Micro	0.00444943064912053
GTEX-183WM-2826-SM-731C2	OPC	0.0513649831130617
GTEX-183WM-2826-SM-731C2	Mural	0.115058892987204
GTEX-183WM-2826-SM-731C2	Immune	0.0244239888544458
GTEX-18465-3026-SM-7LG6Y	Oligo	0.0782980910830013
GTEX-18465-3026-SM-7LG6Y	Excit	0.219038548974371
GTEX-18465-3026-SM-7LG6Y	Astro	0.454600319962146
GTEX-18465-3026-SM-7LG6Y	Inhib	0.0232422258632012
GTEX-18465-3026-SM-7LG6Y	Micro	0.0030078087896477
GTEX-18465-3026-SM-7LG6Y	OPC	0.0491414318060679
GTEX-18465-3026-SM-7LG6Y	Mural	0.151146403782422
GTEX-18465-3026-SM-7LG6Y	Immune	0.021525169739144
GTEX-18A6Q-2926-SM-718AR	Oligo	0.171065584946913
GTEX-18A6Q-2926-SM-718AR	Excit	0.102966384768139
GTEX-18A6Q-2926-SM-718AR	Astro	0.537485730963085
GTEX-18A6Q-2926-SM-718AR	Inhib	0.0134254062563425
GTEX-18A6Q-2926-SM-718AR	Micro	0
GTEX-18A6Q-2926-SM-718AR	OPC	0.0319303257281032
GTEX-18A6Q-2926-SM-718AR	Mural	0.11900639638753
GTEX-18A6Q-2926-SM-718AR	Immune	0.0241201709498877
GTEX-1A3MX-3026-SM-731BF	Oligo	0.478033073096261
GTEX-1A3MX-3026-SM-731BF	Excit	0.0319929927728765
GTEX-1A3MX-3026-SM-731BF	Astro	0.352305902657526
GTEX-1A3MX-3026-SM-731BF	Inhib	0.0142450996569091
GTEX-1A3MX-3026-SM-731BF	Micro	0.00212329949232522
GTEX-1A3MX-3026-SM-731BF	OPC	0.0269452844413046
GTEX-1A3MX-3026-SM-731BF	Mural	0.0604760220292186
GTEX-1A3MX-3026-SM-731BF	Immune	0.0338783258535787
GTEX-1A8G6-2926-SM-731CK	Oligo	0.302721114255123
GTEX-1A8G6-2926-SM-731CK	Excit	0.0109925754686182
GTEX-1A8G6-2926-SM-731CK	Astro	0.509226975327364
GTEX-1A8G6-2926-SM-731CK	Inhib	0.00689331934639834
GTEX-1A8G6-2926-SM-731CK	Micro	0.00128628021840385
GTEX-1A8G6-2926-SM-731CK	OPC	0.0290389846968957
GTEX-1A8G6-2926-SM-731CK	Mural	0.124433163666907
GTEX-1A8G6-2926-SM-731CK	Immune	0.0154075870202907
GTEX-1A8G7-3126-SM-7IGP7	Oligo	0.128002733732477
GTEX-1A8G7-3126-SM-7IGP7	Excit	0.00497179805449521
GTEX-1A8G7-3126-SM-7IGP7	Astro	0.636692268610936
GTEX-1A8G7-3126-SM-7IGP7	Inhib	0.00523577808227591
GTEX-1A8G7-3126-SM-7IGP7	Micro	0.010331954797651
GTEX-1A8G7-3126-SM-7IGP7	OPC	0.0477233157336069
GTEX-1A8G7-3126-SM-7IGP7	Mural	0.150498943558675
GTEX-1A8G7-3126-SM-7IGP7	Immune	0.0165432074298833
GTEX-1AX9I-3026-SM-73KUH	Oligo	0.290124241702015
GTEX-1AX9I-3026-SM-73KUH	Excit	0.133118557979908
GTEX-1AX9I-3026-SM-73KUH	Astro	0.346532080051412
GTEX-1AX9I-3026-SM-73KUH	Inhib	0.000746812340132461
GTEX-1AX9I-3026-SM-73KUH	Micro	0.0122477671030969
GTEX-1AX9I-3026-SM-73KUH	OPC	0.0534467017061504
GTEX-1AX9I-3026-SM-73KUH	Mural	0.100678837115154
GTEX-1AX9I-3026-SM-73KUH	Immune	0.0631050020021305
GTEX-1B8L1-3026-SM-7EPHK	Oligo	0.192182372403521
GTEX-1B8L1-3026-SM-7EPHK	Excit	0.200527169035485
GTEX-1B8L1-3026-SM-7EPHK	Astro	0.351608312901531
GTEX-1B8L1-3026-SM-7EPHK	Inhib	0.0169308175701452
GTEX-1B8L1-3026-SM-7EPHK	Micro	0.00927706482499627
GTEX-1B8L1-3026-SM-7EPHK	OPC	0.0290681742686139
GTEX-1B8L1-3026-SM-7EPHK	Mural	0.164904835665575
GTEX-1B8L1-3026-SM-7EPHK	Immune	0.0355012533301332
GTEX-1B8SF-3126-SM-73KU1	Oligo	0.123926895065002
GTEX-1B8SF-3126-SM-73KU1	Excit	0.161482944783151
GTEX-1B8SF-3126-SM-73KU1	Astro	0.51802874836994
GTEX-1B8SF-3126-SM-73KU1	Inhib	0.0053127212649196
GTEX-1B8SF-3126-SM-73KU1	Micro	0
GTEX-1B8SF-3126-SM-73KU1	OPC	0.0504864549264248
GTEX-1B8SF-3126-SM-73KU1	Mural	0.120241386051314
GTEX-1B8SF-3126-SM-73KU1	Immune	0.0205208495392494
GTEX-1B8SG-1726-SM-73KXK	Oligo	0.163840061480144
GTEX-1B8SG-1726-SM-73KXK	Excit	0.0524376651806578
GTEX-1B8SG-1726-SM-73KXK	Astro	0.564310620394756
GTEX-1B8SG-1726-SM-73KXK	Inhib	0.0135131466325851
GTEX-1B8SG-1726-SM-73KXK	Micro	0
GTEX-1B8SG-1726-SM-73KXK	OPC	0.0261221114136969
GTEX-1B8SG-1726-SM-73KXK	Mural	0.166928982303677
GTEX-1B8SG-1726-SM-73KXK	Immune	0.0128474125944838
GTEX-1B933-3126-SM-7P8RL	Oligo	0.508596483262523
GTEX-1B933-3126-SM-7P8RL	Excit	0.190202708272253
GTEX-1B933-3126-SM-7P8RL	Astro	0.122143778313809
GTEX-1B933-3126-SM-7P8RL	Inhib	0.0114195133066884
GTEX-1B933-3126-SM-7P8RL	Micro	0.0118206069344743
GTEX-1B933-3126-SM-7P8RL	OPC	0.0286211710804
GTEX-1B933-3126-SM-7P8RL	Mural	0.110496218096411
GTEX-1B933-3126-SM-7P8RL	Immune	0.0166995207334407
GTEX-1C64N-3026-SM-7MGVU	Oligo	0.0733870458223195
GTEX-1C64N-3026-SM-7MGVU	Excit	0.00885758302829249
GTEX-1C64N-3026-SM-7MGVU	Astro	0.690933106976322
GTEX-1C64N-3026-SM-7MGVU	Inhib	0.0164148755592206
GTEX-1C64N-3026-SM-7MGVU	Micro	0.012887947227054
GTEX-1C64N-3026-SM-7MGVU	OPC	0.0459420092366985
GTEX-1C64N-3026-SM-7MGVU	Mural	0.135711767923206
GTEX-1C64N-3026-SM-7MGVU	Immune	0.0158656642268866
GTEX-1C6VQ-3026-SM-7IGPU	Oligo	0.029042527436847
GTEX-1C6VQ-3026-SM-7IGPU	Excit	0.00192695088198043
GTEX-1C6VQ-3026-SM-7IGPU	Astro	0.733636202862192
GTEX-1C6VQ-3026-SM-7IGPU	Inhib	0.00214704969260441
GTEX-1C6VQ-3026-SM-7IGPU	Micro	0
GTEX-1C6VQ-3026-SM-7IGPU	OPC	0.0359118269360484
GTEX-1C6VQ-3026-SM-7IGPU	Mural	0.0888371740003764
GTEX-1C6VQ-3026-SM-7IGPU	Immune	0.108498268189951
GTEX-1C6VS-3026-SM-79OLA	Oligo	0.117278084537067
GTEX-1C6VS-3026-SM-79OLA	Excit	0.0116194560976949
GTEX-1C6VS-3026-SM-79OLA	Astro	0.503310069143308
GTEX-1C6VS-3026-SM-79OLA	Inhib	0.000925008495898251
GTEX-1C6VS-3026-SM-79OLA	Micro	0
GTEX-1C6VS-3026-SM-79OLA	OPC	0.0567096974523605
GTEX-1C6VS-3026-SM-79OLA	Mural	0.194738098905028
GTEX-1C6VS-3026-SM-79OLA	Immune	0.115419585368643
GTEX-1C6WA-3026-SM-7P8RQ	Oligo	0.626607191183
GTEX-1C6WA-3026-SM-7P8RQ	Excit	0.0922151202881345
GTEX-1C6WA-3026-SM-7P8RQ	Astro	0.112733820496993
GTEX-1C6WA-3026-SM-7P8RQ	Inhib	0.00121724474561157
GTEX-1C6WA-3026-SM-7P8RQ	Micro	0.0282900946785007
GTEX-1C6WA-3026-SM-7P8RQ	OPC	0.0450054054062177
GTEX-1C6WA-3026-SM-7P8RQ	Mural	0.0871476485907036
GTEX-1C6WA-3026-SM-7P8RQ	Immune	0.00678347461083938
GTEX-1CAV2-2726-SM-7IGNN	Oligo	0.312311520081745
GTEX-1CAV2-2726-SM-7IGNN	Excit	0.00114245578899732
GTEX-1CAV2-2726-SM-7IGNN	Astro	0.561680296640553
GTEX-1CAV2-2726-SM-7IGNN	Inhib	0.000289035406098737
GTEX-1CAV2-2726-SM-7IGNN	Micro	0
GTEX-1CAV2-2726-SM-7IGNN	OPC	0.018773192706018
GTEX-1CAV2-2726-SM-7IGNN	Mural	0.0958494565377607
GTEX-1CAV2-2726-SM-7IGNN	Immune	0.00995404283882701
GTEX-1CB4H-3126-SM-7IGN4	Oligo	0.128091740757778
GTEX-1CB4H-3126-SM-7IGN4	Excit	0.0105305100226279
GTEX-1CB4H-3126-SM-7IGN4	Astro	0.717763963927047
GTEX-1CB4H-3126-SM-7IGN4	Inhib	0.00673692184147974
GTEX-1CB4H-3126-SM-7IGN4	Micro	0.00545023560889005
GTEX-1CB4H-3126-SM-7IGN4	OPC	0.0270865358573774
GTEX-1CB4H-3126-SM-7IGN4	Mural	0.0868194995948947
GTEX-1CB4H-3126-SM-7IGN4	Immune	0.0175205923899051
GTEX-1E1VI-3026-SM-7RHHU	Oligo	0.175337548956553
GTEX-1E1VI-3026-SM-7RHHU	Excit	0.0757433417738692
GTEX-1E1VI-3026-SM-7RHHU	Astro	0.555482863994342
GTEX-1E1VI-3026-SM-7RHHU	Inhib	0.00293452927991397
GTEX-1E1VI-3026-SM-7RHHU	Micro	0.00497570620054353
GTEX-1E1VI-3026-SM-7RHHU	OPC	0.0478750625860431
GTEX-1E1VI-3026-SM-7RHHU	Mural	0.137650947208735
GTEX-1E1VI-3026-SM-7RHHU	Immune	0
GTEX-1E2YA-3026-SM-7IGO7	Oligo	0.197732713592813
GTEX-1E2YA-3026-SM-7IGO7	Excit	0.00474211335013458
GTEX-1E2YA-3026-SM-7IGO7	Astro	0.637837702887341
GTEX-1E2YA-3026-SM-7IGO7	Inhib	0.000652993399796546
GTEX-1E2YA-3026-SM-7IGO7	Micro	0
GTEX-1E2YA-3026-SM-7IGO7	OPC	0.0173791768060499
GTEX-1E2YA-3026-SM-7IGO7	Mural	0.105675618649832
GTEX-1E2YA-3026-SM-7IGO7	Immune	0.0359796813140331
GTEX-1EKGG-2926-SM-7EPIH	Oligo	0.235753883994495
GTEX-1EKGG-2926-SM-7EPIH	Excit	0.0742627318037939
GTEX-1EKGG-2926-SM-7EPIH	Astro	0.491349896309498
GTEX-1EKGG-2926-SM-7EPIH	Inhib	0.00573257060707157
GTEX-1EKGG-2926-SM-7EPIH	Micro	0.00619694990795655
GTEX-1EKGG-2926-SM-7EPIH	OPC	0.0346060629559648
GTEX-1EKGG-2926-SM-7EPIH	Mural	0.12376218855861
GTEX-1EKGG-2926-SM-7EPIH	Immune	0.0283357158626103
GTEX-1EMGI-3026-SM-7P8P6	Oligo	0.306505493312423
GTEX-1EMGI-3026-SM-7P8P6	Excit	0.209588789093822
GTEX-1EMGI-3026-SM-7P8P6	Astro	0.256601473771973
GTEX-1EMGI-3026-SM-7P8P6	Inhib	0.00798677733515696
GTEX-1EMGI-3026-SM-7P8P6	Micro	0.00768569646570194
GTEX-1EMGI-3026-SM-7P8P6	OPC	0.0466142583039857
GTEX-1EMGI-3026-SM-7P8P6	Mural	0.102877781739383
GTEX-1EMGI-3026-SM-7P8P6	Immune	0.0621397299775548
GTEX-1EN7A-3026-SM-7PBYT	Oligo	0.0814057655699165
GTEX-1EN7A-3026-SM-7PBYT	Excit	0.00331881758897316
GTEX-1EN7A-3026-SM-7PBYT	Astro	0.731586098860995
GTEX-1EN7A-3026-SM-7PBYT	Inhib	0.0104504058617125
GTEX-1EN7A-3026-SM-7PBYT	Micro	0.00369216843930429
GTEX-1EN7A-3026-SM-7PBYT	OPC	0.0351009201481329
GTEX-1EN7A-3026-SM-7PBYT	Mural	0.108410792688484
GTEX-1EN7A-3026-SM-7PBYT	Immune	0.0260350308424819
GTEX-1EWIQ-3126-SM-7MXTI	Oligo	0.157440031392806
GTEX-1EWIQ-3126-SM-7MXTI	Excit	0.0865474621339127
GTEX-1EWIQ-3126-SM-7MXTI	Astro	0.540914266388464
GTEX-1EWIQ-3126-SM-7MXTI	Inhib	0.00259314722660745
GTEX-1EWIQ-3126-SM-7MXTI	Micro	0.00221439256163112
GTEX-1EWIQ-3126-SM-7MXTI	OPC	0.0475554873665043
GTEX-1EWIQ-3126-SM-7MXTI	Mural	0.147841474068225
GTEX-1EWIQ-3126-SM-7MXTI	Immune	0.0148937388618496
GTEX-1EX96-3026-SM-7RHH5	Oligo	0.323531660400453
GTEX-1EX96-3026-SM-7RHH5	Excit	0.097228032717492
GTEX-1EX96-3026-SM-7RHH5	Astro	0.165427776234236
GTEX-1EX96-3026-SM-7RHH5	Inhib	0.00440266820999231
GTEX-1EX96-3026-SM-7RHH5	Micro	0.0110522089391948
GTEX-1EX96-3026-SM-7RHH5	OPC	0.0450160798848392
GTEX-1EX96-3026-SM-7RHH5	Mural	0.219207452574174
GTEX-1EX96-3026-SM-7RHH5	Immune	0.13413412103962
GTEX-1F48J-2826-SM-7P8R4	Oligo	0.183079099371749
GTEX-1F48J-2826-SM-7P8R4	Excit	0.0816676994637041
GTEX-1F48J-2826-SM-7P8R4	Astro	0.487966451802188
GTEX-1F48J-2826-SM-7P8R4	Inhib	0.019705026861476
GTEX-1F48J-2826-SM-7P8R4	Micro	0.0120872644591989
GTEX-1F48J-2826-SM-7P8R4	OPC	0.0300818644851326
GTEX-1F48J-2826-SM-7P8R4	Mural	0.0972749065189505
GTEX-1F48J-2826-SM-7P8R4	Immune	0.0881376870376009
GTEX-1F52S-3126-SM-7PC3M	Oligo	0.0639528503949498
GTEX-1F52S-3126-SM-7PC3M	Excit	0.00394422798263179
GTEX-1F52S-3126-SM-7PC3M	Astro	0.706822596146143
GTEX-1F52S-3126-SM-7PC3M	Inhib	0.00125383808588109
GTEX-1F52S-3126-SM-7PC3M	Micro	0
GTEX-1F52S-3126-SM-7PC3M	OPC	0.0338803856039718
GTEX-1F52S-3126-SM-7PC3M	Mural	0.173162052662338
GTEX-1F52S-3126-SM-7PC3M	Immune	0.0169840491240845
GTEX-1F6I4-3126-SM-7P8SD	Oligo	0.134771764565273
GTEX-1F6I4-3126-SM-7P8SD	Excit	0.0366481606773669
GTEX-1F6I4-3126-SM-7P8SD	Astro	0.686109661546428
GTEX-1F6I4-3126-SM-7P8SD	Inhib	0.0130346266154392
GTEX-1F6I4-3126-SM-7P8SD	Micro	0.00401748255507371
GTEX-1F6I4-3126-SM-7P8SD	OPC	0.0333704611242776
GTEX-1F6I4-3126-SM-7P8SD	Mural	0.0820498280595278
GTEX-1F6I4-3126-SM-7P8SD	Immune	0.00999801485661373
GTEX-1F6RS-3126-SM-9MQK7	Oligo	0.0286129997996948
GTEX-1F6RS-3126-SM-9MQK7	Excit	0.100832319978038
GTEX-1F6RS-3126-SM-9MQK7	Astro	0.526597155042036
GTEX-1F6RS-3126-SM-9MQK7	Inhib	0
GTEX-1F6RS-3126-SM-9MQK7	Micro	0.00348014328102221
GTEX-1F6RS-3126-SM-9MQK7	OPC	0.0571532990181979
GTEX-1F6RS-3126-SM-9MQK7	Mural	0.141079756553443
GTEX-1F6RS-3126-SM-9MQK7	Immune	0.142244326327568
GTEX-1F75A-3026-SM-9KNU2	Oligo	0.255225108535888
GTEX-1F75A-3026-SM-9KNU2	Excit	0.165440715233031
GTEX-1F75A-3026-SM-9KNU2	Astro	0.355866456819307
GTEX-1F75A-3026-SM-9KNU2	Inhib	0.0293175082603317
GTEX-1F75A-3026-SM-9KNU2	Micro	0.00331804334109167
GTEX-1F75A-3026-SM-9KNU2	OPC	0.0392552336745499
GTEX-1F75A-3026-SM-9KNU2	Mural	0.124356435095626
GTEX-1F75A-3026-SM-9KNU2	Immune	0.0272204990401752
GTEX-1F75B-3026-SM-7PBZ7	Oligo	0.108010048746976
GTEX-1F75B-3026-SM-7PBZ7	Excit	0.0284768088784762
GTEX-1F75B-3026-SM-7PBZ7	Astro	0.631934817187055
GTEX-1F75B-3026-SM-7PBZ7	Inhib	0
GTEX-1F75B-3026-SM-7PBZ7	Micro	0
GTEX-1F75B-3026-SM-7PBZ7	OPC	0.0304802308196341
GTEX-1F75B-3026-SM-7PBZ7	Mural	0.0874432547705192
GTEX-1F75B-3026-SM-7PBZ7	Immune	0.11365483959734
GTEX-1F75W-3226-SM-HAV16	Oligo	0.136680668783099
GTEX-1F75W-3226-SM-HAV16	Excit	0.0500333476191124
GTEX-1F75W-3226-SM-HAV16	Astro	0.601089344231097
GTEX-1F75W-3226-SM-HAV16	Inhib	0.0151418523569224
GTEX-1F75W-3226-SM-HAV16	Micro	0.00439931210471498
GTEX-1F75W-3226-SM-HAV16	OPC	0.0497186131395769
GTEX-1F75W-3226-SM-HAV16	Mural	0.119299178139826
GTEX-1F75W-3226-SM-HAV16	Immune	0.0236376836256512
GTEX-1F7RK-1826-SM-7RHI4	Oligo	0.761621194144943
GTEX-1F7RK-1826-SM-7RHI4	Excit	0
GTEX-1F7RK-1826-SM-7RHI4	Astro	0.213158090129419
GTEX-1F7RK-1826-SM-7RHI4	Inhib	0.00100095892065795
GTEX-1F7RK-1826-SM-7RHI4	Micro	0.00261656513053801
GTEX-1F7RK-1826-SM-7RHI4	OPC	0.00425589497853219
GTEX-1F7RK-1826-SM-7RHI4	Mural	0.0173472966959099
GTEX-1F7RK-1826-SM-7RHI4	Immune	0
GTEX-1F88E-2826-SM-7RHHE	Oligo	0.2135251814625
GTEX-1F88E-2826-SM-7RHHE	Excit	0.00569551008384347
GTEX-1F88E-2826-SM-7RHHE	Astro	0.524697570546942
GTEX-1F88E-2826-SM-7RHHE	Inhib	0.00359854829270856
GTEX-1F88E-2826-SM-7RHHE	Micro	0.00586739699082226
GTEX-1F88E-2826-SM-7RHHE	OPC	0.0537332079728567
GTEX-1F88E-2826-SM-7RHHE	Mural	0.154294831948511
GTEX-1F88E-2826-SM-7RHHE	Immune	0.0385877527018167
GTEX-1GF9V-2926-SM-7PBXO	Oligo	0.384763309544062
GTEX-1GF9V-2926-SM-7PBXO	Excit	0.0620912743844146
GTEX-1GF9V-2926-SM-7PBXO	Astro	0.384936488334373
GTEX-1GF9V-2926-SM-7PBXO	Inhib	0.00408365113788818
GTEX-1GF9V-2926-SM-7PBXO	Micro	0
GTEX-1GF9V-2926-SM-7PBXO	OPC	0.0364619476153935
GTEX-1GF9V-2926-SM-7PBXO	Mural	0.0958733044209229
GTEX-1GF9V-2926-SM-7PBXO	Immune	0.031790024562946
GTEX-1GF9W-2626-SM-7P8TA	Oligo	0.26028386786087
GTEX-1GF9W-2626-SM-7P8TA	Excit	0.107895396739054
GTEX-1GF9W-2626-SM-7P8TA	Astro	0.436309104938866
GTEX-1GF9W-2626-SM-7P8TA	Inhib	0.0009512933262232
GTEX-1GF9W-2626-SM-7P8TA	Micro	0.00544902182200283
GTEX-1GF9W-2626-SM-7P8TA	OPC	0.0314490407186202
GTEX-1GF9W-2626-SM-7P8TA	Mural	0.0739516306999215
GTEX-1GF9W-2626-SM-7P8TA	Immune	0.0837106438944428
GTEX-1GMR8-3026-SM-9KNVF	Oligo	0.144707966987578
GTEX-1GMR8-3026-SM-9KNVF	Excit	0.178270989911406
GTEX-1GMR8-3026-SM-9KNVF	Astro	0.326162202719765
GTEX-1GMR8-3026-SM-9KNVF	Inhib	0.00495351162328872
GTEX-1GMR8-3026-SM-9KNVF	Micro	0.02491309028596
GTEX-1GMR8-3026-SM-9KNVF	OPC	0.0623296565255729
GTEX-1GMR8-3026-SM-9KNVF	Mural	0.122243598754294
GTEX-1GMR8-3026-SM-9KNVF	Immune	0.136418983192135
GTEX-1GMRU-3026-SM-7P8TC	Oligo	0.374905800265788
GTEX-1GMRU-3026-SM-7P8TC	Excit	0.083001675459353
GTEX-1GMRU-3026-SM-7P8TC	Astro	0.380831630644846
GTEX-1GMRU-3026-SM-7P8TC	Inhib	0.0104026821048603
GTEX-1GMRU-3026-SM-7P8TC	Micro	0.00599732531105305
GTEX-1GMRU-3026-SM-7P8TC	OPC	0.0465007791341019
GTEX-1GMRU-3026-SM-7P8TC	Mural	0.0957668767912038
GTEX-1GMRU-3026-SM-7P8TC	Immune	0.00259323028879421
GTEX-1GN1U-3126-SM-9KNV6	Oligo	0.111433865349807
GTEX-1GN1U-3126-SM-9KNV6	Excit	0.00219624436272778
GTEX-1GN1U-3126-SM-9KNV6	Astro	0.399827224546696
GTEX-1GN1U-3126-SM-9KNV6	Inhib	0.0207799585920869
GTEX-1GN1U-3126-SM-9KNV6	Micro	0.0407071640184977
GTEX-1GN1U-3126-SM-9KNV6	OPC	0.0324527360886846
GTEX-1GN1U-3126-SM-9KNV6	Mural	0.209806120070556
GTEX-1GN1U-3126-SM-9KNV6	Immune	0.182796686970945
GTEX-1GN1V-3126-SM-7PBZG	Oligo	0.298161376986478
GTEX-1GN1V-3126-SM-7PBZG	Excit	0.000473225434064916
GTEX-1GN1V-3126-SM-7PBZG	Astro	0.527556692775052
GTEX-1GN1V-3126-SM-7PBZG	Inhib	0.00269920619430494
GTEX-1GN1V-3126-SM-7PBZG	Micro	0
GTEX-1GN1V-3126-SM-7PBZG	OPC	0.0112537497503728
GTEX-1GN1V-3126-SM-7PBZG	Mural	0.142218395707099
GTEX-1GN1V-3126-SM-7PBZG	Immune	0.0176373531526288
GTEX-1GN2E-3026-SM-9WG6I	Oligo	0.309499624273012
GTEX-1GN2E-3026-SM-9WG6I	Excit	0.0283389707514204
GTEX-1GN2E-3026-SM-9WG6I	Astro	0.505121306913533
GTEX-1GN2E-3026-SM-9WG6I	Inhib	0.00522081315161457
GTEX-1GN2E-3026-SM-9WG6I	Micro	0
GTEX-1GN2E-3026-SM-9WG6I	OPC	0.0418015786173735
GTEX-1GN2E-3026-SM-9WG6I	Mural	0.0915595723003131
GTEX-1GN2E-3026-SM-9WG6I	Immune	0.0184581339927333
GTEX-1GN73-3126-SM-9KNTY	Oligo	0.415085963650372
GTEX-1GN73-3126-SM-9KNTY	Excit	0.101812768537845
GTEX-1GN73-3126-SM-9KNTY	Astro	0.283384200775495
GTEX-1GN73-3126-SM-9KNTY	Inhib	0.000556664599384996
GTEX-1GN73-3126-SM-9KNTY	Micro	0.00457840801440019
GTEX-1GN73-3126-SM-9KNTY	OPC	0.0377056429551456
GTEX-1GN73-3126-SM-9KNTY	Mural	0.0637352438373671
GTEX-1GN73-3126-SM-9KNTY	Immune	0.0931411076299907
GTEX-1GZ2Q-3226-SM-9WG6L	Oligo	0.0671406041290139
GTEX-1GZ2Q-3226-SM-9WG6L	Excit	0.1718728308957
GTEX-1GZ2Q-3226-SM-9WG6L	Astro	0.588003604425847
GTEX-1GZ2Q-3226-SM-9WG6L	Inhib	0.000723002880761051
GTEX-1GZ2Q-3226-SM-9WG6L	Micro	0.00161229154809287
GTEX-1GZ2Q-3226-SM-9WG6L	OPC	0.0589836377445654
GTEX-1GZ2Q-3226-SM-9WG6L	Mural	0.0581789030548426
GTEX-1GZ2Q-3226-SM-9WG6L	Immune	0.0534851253211778
GTEX-1GZ4I-3026-SM-9KNTX	Oligo	0.132687915230914
GTEX-1GZ4I-3026-SM-9KNTX	Excit	0.160673415408137
GTEX-1GZ4I-3026-SM-9KNTX	Astro	0.53365328796168
GTEX-1GZ4I-3026-SM-9KNTX	Inhib	0.0164581651344163
GTEX-1GZ4I-3026-SM-9KNTX	Micro	0.00159165548532803
GTEX-1GZ4I-3026-SM-9KNTX	OPC	0.0254108105031369
GTEX-1GZ4I-3026-SM-9KNTX	Mural	0.114806615799784
GTEX-1GZ4I-3026-SM-9KNTX	Immune	0.0147181344766049
GTEX-1GZHY-3126-SM-9QEHH	Oligo	0.0430270159413041
GTEX-1GZHY-3126-SM-9QEHH	Excit	0.00419477063061043
GTEX-1GZHY-3126-SM-9QEHH	Astro	0.749287196555745
GTEX-1GZHY-3126-SM-9QEHH	Inhib	0.00310788934160423
GTEX-1GZHY-3126-SM-9QEHH	Micro	0.000806936180024034
GTEX-1GZHY-3126-SM-9QEHH	OPC	0.0946089773327
GTEX-1GZHY-3126-SM-9QEHH	Mural	0.104259693297546
GTEX-1GZHY-3126-SM-9QEHH	Immune	0.00070752072046566
GTEX-1H1DG-2926-SM-9WYU3	Oligo	0.0775410516756475
GTEX-1H1DG-2926-SM-9WYU3	Excit	0.0893736475573391
GTEX-1H1DG-2926-SM-9WYU3	Astro	0.561565817150383
GTEX-1H1DG-2926-SM-9WYU3	Inhib	0.0250249736603525
GTEX-1H1DG-2926-SM-9WYU3	Micro	0.00123862657644454
GTEX-1H1DG-2926-SM-9WYU3	OPC	0.0421097183453777
GTEX-1H1DG-2926-SM-9WYU3	Mural	0.0990256167550889
GTEX-1H1DG-2926-SM-9WYU3	Immune	0.104120548279367
GTEX-1H1ZS-3026-SM-9KNUJ	Oligo	0.185840995939146
GTEX-1H1ZS-3026-SM-9KNUJ	Excit	0.11766492803923
GTEX-1H1ZS-3026-SM-9KNUJ	Astro	0.464639066909111
GTEX-1H1ZS-3026-SM-9KNUJ	Inhib	0.00112765519274073
GTEX-1H1ZS-3026-SM-9KNUJ	Micro	0.0121193731464416
GTEX-1H1ZS-3026-SM-9KNUJ	OPC	0.0399431984483274
GTEX-1H1ZS-3026-SM-9KNUJ	Mural	0.0893653832624262
GTEX-1H1ZS-3026-SM-9KNUJ	Immune	0.0892993990625775
GTEX-1H23P-2926-SM-9WYU8	Oligo	0.132594725276118
GTEX-1H23P-2926-SM-9WYU8	Excit	0.02312207718901
GTEX-1H23P-2926-SM-9WYU8	Astro	0.647084036684885
GTEX-1H23P-2926-SM-9WYU8	Inhib	0.00729504552378335
GTEX-1H23P-2926-SM-9WYU8	Micro	0
GTEX-1H23P-2926-SM-9WYU8	OPC	0.0215662270640576
GTEX-1H23P-2926-SM-9WYU8	Mural	0.0689521520472031
GTEX-1H23P-2926-SM-9WYU8	Immune	0.0993857362149426
GTEX-1H2FU-3126-SM-9WYUJ	Oligo	0.0344692094066864
GTEX-1H2FU-3126-SM-9WYUJ	Excit	0.00926046292043258
GTEX-1H2FU-3126-SM-9WYUJ	Astro	0.713482720346986
GTEX-1H2FU-3126-SM-9WYUJ	Inhib	0.00384070487076275
GTEX-1H2FU-3126-SM-9WYUJ	Micro	0.0051842755250994
GTEX-1H2FU-3126-SM-9WYUJ	OPC	0.0348302913613104
GTEX-1H2FU-3126-SM-9WYUJ	Mural	0.0666722224012375
GTEX-1H2FU-3126-SM-9WYUJ	Immune	0.132260113167485
GTEX-1H3NZ-3026-SM-9JGHW	Oligo	0.260069939164713
GTEX-1H3NZ-3026-SM-9JGHW	Excit	0.0487058996354845
GTEX-1H3NZ-3026-SM-9JGHW	Astro	0.461931621136387
GTEX-1H3NZ-3026-SM-9JGHW	Inhib	0.0212321706016425
GTEX-1H3NZ-3026-SM-9JGHW	Micro	0.00803416556760364
GTEX-1H3NZ-3026-SM-9JGHW	OPC	0.0470791295558246
GTEX-1H3NZ-3026-SM-9JGHW	Mural	0.080771587336056
GTEX-1H3NZ-3026-SM-9JGHW	Immune	0.0721754870022894
GTEX-1H3O1-1726-SM-9WYSR	Oligo	0.507366502404839
GTEX-1H3O1-1726-SM-9WYSR	Excit	0.0286506204167623
GTEX-1H3O1-1726-SM-9WYSR	Astro	0.392667595387206
GTEX-1H3O1-1726-SM-9WYSR	Inhib	0.0062705745983879
GTEX-1H3O1-1726-SM-9WYSR	Micro	0.004068102699162
GTEX-1H3O1-1726-SM-9WYSR	OPC	0.0152090786739734
GTEX-1H3O1-1726-SM-9WYSR	Mural	0.0457675258196692
GTEX-1H3O1-1726-SM-9WYSR	Immune	0
GTEX-1H3VE-2726-SM-9WPP3	Oligo	0.204631606319937
GTEX-1H3VE-2726-SM-9WPP3	Excit	0.0288573521252694
GTEX-1H3VE-2726-SM-9WPP3	Astro	0.412251764113894
GTEX-1H3VE-2726-SM-9WPP3	Inhib	0.00490286618927149
GTEX-1H3VE-2726-SM-9WPP3	Micro	0
GTEX-1H3VE-2726-SM-9WPP3	OPC	0.0734359369219539
GTEX-1H3VE-2726-SM-9WPP3	Mural	0.13733966625984
GTEX-1H3VE-2726-SM-9WPP3	Immune	0.138580808069834
GTEX-1HB9E-2926-SM-D4P3S	Oligo	0.490483967762509
GTEX-1HB9E-2926-SM-D4P3S	Excit	0.00991229903412891
GTEX-1HB9E-2926-SM-D4P3S	Astro	0.423980414912242
GTEX-1HB9E-2926-SM-D4P3S	Inhib	0.00313089550494274
GTEX-1HB9E-2926-SM-D4P3S	Micro	0.0144906361872024
GTEX-1HB9E-2926-SM-D4P3S	OPC	0.0157479974848139
GTEX-1HB9E-2926-SM-D4P3S	Mural	0.0328148723848468
GTEX-1HB9E-2926-SM-D4P3S	Immune	0.00943891672931495
GTEX-1HBPH-3126-SM-9WYUV	Oligo	0.132220565295998
GTEX-1HBPH-3126-SM-9WYUV	Excit	0.118553180642761
GTEX-1HBPH-3126-SM-9WYUV	Astro	0.521925546645026
GTEX-1HBPH-3126-SM-9WYUV	Inhib	0.0126557882751784
GTEX-1HBPH-3126-SM-9WYUV	Micro	0.000462767423314757
GTEX-1HBPH-3126-SM-9WYUV	OPC	0.0357919799039548
GTEX-1HBPH-3126-SM-9WYUV	Mural	0.110568834776979
GTEX-1HBPH-3126-SM-9WYUV	Immune	0.0678213370367878
GTEX-1HBPI-2826-SM-ARZNO	Oligo	0.515658901461909
GTEX-1HBPI-2826-SM-ARZNO	Excit	0.0598761433499706
GTEX-1HBPI-2826-SM-ARZNO	Astro	0.332018905011466
GTEX-1HBPI-2826-SM-ARZNO	Inhib	0.00085791059658849
GTEX-1HBPI-2826-SM-ARZNO	Micro	0.000146229173568897
GTEX-1HBPI-2826-SM-ARZNO	OPC	0.0178476466837578
GTEX-1HBPI-2826-SM-ARZNO	Mural	0.0690608360002784
GTEX-1HBPI-2826-SM-ARZNO	Immune	0.004533427722461
GTEX-1HBPM-2926-SM-CL54E	Oligo	0.135171309808327
GTEX-1HBPM-2926-SM-CL54E	Excit	0.00157813071774626
GTEX-1HBPM-2926-SM-CL54E	Astro	0.659762693181173
GTEX-1HBPM-2926-SM-CL54E	Inhib	3.28130716955761e-06
GTEX-1HBPM-2926-SM-CL54E	Micro	0
GTEX-1HBPM-2926-SM-CL54E	OPC	0.0640191878223191
GTEX-1HBPM-2926-SM-CL54E	Mural	0.111948757003944
GTEX-1HBPM-2926-SM-CL54E	Immune	0.027516640159321
GTEX-1HCU6-3126-SM-CL54L	Oligo	0.117073625760287
GTEX-1HCU6-3126-SM-CL54L	Excit	0.115724954472028
GTEX-1HCU6-3126-SM-CL54L	Astro	0.462499599446471
GTEX-1HCU6-3126-SM-CL54L	Inhib	0.00609916941489288
GTEX-1HCU6-3126-SM-CL54L	Micro	0
GTEX-1HCU6-3126-SM-CL54L	OPC	0.0669235836154229
GTEX-1HCU6-3126-SM-CL54L	Mural	0.117225177720291
GTEX-1HCU6-3126-SM-CL54L	Immune	0.114453889570607
GTEX-1HCVE-3026-SM-CL54G	Oligo	0.155982560375534
GTEX-1HCVE-3026-SM-CL54G	Excit	0.112151020441053
GTEX-1HCVE-3026-SM-CL54G	Astro	0.532752354252256
GTEX-1HCVE-3026-SM-CL54G	Inhib	0.00779680800905608
GTEX-1HCVE-3026-SM-CL54G	Micro	0.0113491055466774
GTEX-1HCVE-3026-SM-CL54G	OPC	0.0350686100727752
GTEX-1HCVE-3026-SM-CL54G	Mural	0.0759582041937431
GTEX-1HCVE-3026-SM-CL54G	Immune	0.068941337108905
GTEX-1HFI6-3026-SM-CNPPJ	Oligo	0.657678970402985
GTEX-1HFI6-3026-SM-CNPPJ	Excit	0.000434832295830062
GTEX-1HFI6-3026-SM-CNPPJ	Astro	0.268519671099689
GTEX-1HFI6-3026-SM-CNPPJ	Inhib	0.00579798405190949
GTEX-1HFI6-3026-SM-CNPPJ	Micro	0.0224168167383871
GTEX-1HFI6-3026-SM-CNPPJ	OPC	0.00850419642540197
GTEX-1HFI6-3026-SM-CNPPJ	Mural	0.0366475289857972
GTEX-1HFI6-3026-SM-CNPPJ	Immune	0
GTEX-1HGF4-3126-SM-CL54M	Oligo	0.366956621858312
GTEX-1HGF4-3126-SM-CL54M	Excit	0.0694960687665913
GTEX-1HGF4-3126-SM-CL54M	Astro	0.418001098489273
GTEX-1HGF4-3126-SM-CL54M	Inhib	0.00542584134492811
GTEX-1HGF4-3126-SM-CL54M	Micro	0
GTEX-1HGF4-3126-SM-CL54M	OPC	0.0326789532427599
GTEX-1HGF4-3126-SM-CL54M	Mural	0.0671926277849804
GTEX-1HGF4-3126-SM-CL54M	Immune	0.0402487885131552
GTEX-1HR98-3026-SM-CNPPK	Oligo	0.418942355945879
GTEX-1HR98-3026-SM-CNPPK	Excit	0.0581555976315967
GTEX-1HR98-3026-SM-CNPPK	Astro	0.407264590864099
GTEX-1HR98-3026-SM-CNPPK	Inhib	0.00285687287493675
GTEX-1HR98-3026-SM-CNPPK	Micro	0.0107748434140551
GTEX-1HR98-3026-SM-CNPPK	OPC	0.032300640649463
GTEX-1HR98-3026-SM-CNPPK	Mural	0.0630889366613158
GTEX-1HR98-3026-SM-CNPPK	Immune	0.00661616195865544
GTEX-1HSKV-3026-SM-A96SL	Oligo	0.171475049549233
GTEX-1HSKV-3026-SM-A96SL	Excit	0.0196144485731949
GTEX-1HSKV-3026-SM-A96SL	Astro	0.6062725644922
GTEX-1HSKV-3026-SM-A96SL	Inhib	0.0107181170451159
GTEX-1HSKV-3026-SM-A96SL	Micro	0.00422119180441586
GTEX-1HSKV-3026-SM-A96SL	OPC	0.0318247257406241
GTEX-1HSKV-3026-SM-A96SL	Mural	0.127781571941956
GTEX-1HSKV-3026-SM-A96SL	Immune	0.0280923308532612
GTEX-1HSMO-3026-SM-A9G3F	Oligo	0.437259500396066
GTEX-1HSMO-3026-SM-A9G3F	Excit	0.184161885092513
GTEX-1HSMO-3026-SM-A9G3F	Astro	0.15127437044369
GTEX-1HSMO-3026-SM-A9G3F	Inhib	0.000684263697026758
GTEX-1HSMO-3026-SM-A9G3F	Micro	0.00281715809679025
GTEX-1HSMO-3026-SM-A9G3F	OPC	0.0464268472937277
GTEX-1HSMO-3026-SM-A9G3F	Mural	0.114401966110957
GTEX-1HSMO-3026-SM-A9G3F	Immune	0.0629740088692301
GTEX-1HT8W-3026-SM-CGQEO	Oligo	0.180247785087562
GTEX-1HT8W-3026-SM-CGQEO	Excit	0.265885224399507
GTEX-1HT8W-3026-SM-CGQEO	Astro	0.325893819951233
GTEX-1HT8W-3026-SM-CGQEO	Inhib	0.0254349006936746
GTEX-1HT8W-3026-SM-CGQEO	Micro	0.00128792662302118
GTEX-1HT8W-3026-SM-CGQEO	OPC	0.051192778099928
GTEX-1HT8W-3026-SM-CGQEO	Mural	0.104486162527733
GTEX-1HT8W-3026-SM-CGQEO	Immune	0.045571402617342
GTEX-1HUB1-2926-SM-ACKXA	Oligo	0.399275368345847
GTEX-1HUB1-2926-SM-ACKXA	Excit	0.00529643765671593
GTEX-1HUB1-2926-SM-ACKXA	Astro	0.483572504843363
GTEX-1HUB1-2926-SM-ACKXA	Inhib	0.00473068564998578
GTEX-1HUB1-2926-SM-ACKXA	Micro	0
GTEX-1HUB1-2926-SM-ACKXA	OPC	0.0132854892972809
GTEX-1HUB1-2926-SM-ACKXA	Mural	0.0611344601996735
GTEX-1HUB1-2926-SM-ACKXA	Immune	0.0327050540071339
GTEX-1I19N-3026-SM-CL55E	Oligo	0.241927684575087
GTEX-1I19N-3026-SM-CL55E	Excit	0.00825773978575845
GTEX-1I19N-3026-SM-CL55E	Astro	0.524604368865293
GTEX-1I19N-3026-SM-CL55E	Inhib	0.00844928023996592
GTEX-1I19N-3026-SM-CL55E	Micro	0.00489194712148392
GTEX-1I19N-3026-SM-CL55E	OPC	0.0490222784532414
GTEX-1I19N-3026-SM-CL55E	Mural	0.0915257962558574
GTEX-1I19N-3026-SM-CL55E	Immune	0.071320904703313
GTEX-1I1CD-3026-SM-B2LY2	Oligo	0.103245571338878
GTEX-1I1CD-3026-SM-B2LY2	Excit	0.141817116724118
GTEX-1I1CD-3026-SM-B2LY2	Astro	0.49276225949658
GTEX-1I1CD-3026-SM-B2LY2	Inhib	0
GTEX-1I1CD-3026-SM-B2LY2	Micro	0.00961031778631597
GTEX-1I1CD-3026-SM-B2LY2	OPC	0.0507500978962193
GTEX-1I1CD-3026-SM-B2LY2	Mural	0.0871682172039983
GTEX-1I1CD-3026-SM-B2LY2	Immune	0.11464641955389
GTEX-1I1GQ-3026-SM-CL55K	Oligo	0.160689247272006
GTEX-1I1GQ-3026-SM-CL55K	Excit	0.0707438036671277
GTEX-1I1GQ-3026-SM-CL55K	Astro	0.544359151789104
GTEX-1I1GQ-3026-SM-CL55K	Inhib	0.00208424441001097
GTEX-1I1GQ-3026-SM-CL55K	Micro	0.0213522697977188
GTEX-1I1GQ-3026-SM-CL55K	OPC	0.0272565248590073
GTEX-1I1GQ-3026-SM-CL55K	Mural	0.155827261648492
GTEX-1I1GQ-3026-SM-CL55K	Immune	0.0176874965565329
GTEX-1I1GR-2926-SM-G8LLX	Oligo	0.355728927162688
GTEX-1I1GR-2926-SM-G8LLX	Excit	0.0644407136087434
GTEX-1I1GR-2926-SM-G8LLX	Astro	0.435686826923671
GTEX-1I1GR-2926-SM-G8LLX	Inhib	0.00658826073474482
GTEX-1I1GR-2926-SM-G8LLX	Micro	0.000367777766646693
GTEX-1I1GR-2926-SM-G8LLX	OPC	0.0446746429463273
GTEX-1I1GR-2926-SM-G8LLX	Mural	0.0838218698787821
GTEX-1I1GR-2926-SM-G8LLX	Immune	0.00869098097839708
GTEX-1I1GV-3126-SM-A96SF	Oligo	0.224203016977681
GTEX-1I1GV-3126-SM-A96SF	Excit	0.0180194397706293
GTEX-1I1GV-3126-SM-A96SF	Astro	0.555395031510825
GTEX-1I1GV-3126-SM-A96SF	Inhib	0.0181788321311294
GTEX-1I1GV-3126-SM-A96SF	Micro	0.00198486363478785
GTEX-1I1GV-3126-SM-A96SF	OPC	0.0464547352958554
GTEX-1I1GV-3126-SM-A96SF	Mural	0.115933651173034
GTEX-1I1GV-3126-SM-A96SF	Immune	0.0198304295060584
GTEX-1I1HK-2826-SM-CKZPL	Oligo	0.509200044347299
GTEX-1I1HK-2826-SM-CKZPL	Excit	0.0139860619110948
GTEX-1I1HK-2826-SM-CKZPL	Astro	0.395940381963372
GTEX-1I1HK-2826-SM-CKZPL	Inhib	0.00396988624558662
GTEX-1I1HK-2826-SM-CKZPL	Micro	0
GTEX-1I1HK-2826-SM-CKZPL	OPC	0.0204083464997748
GTEX-1I1HK-2826-SM-CKZPL	Mural	0.0564952790328726
GTEX-1I1HK-2826-SM-CKZPL	Immune	0
GTEX-1ICLZ-2826-SM-CL53U	Oligo	0.129095942209667
GTEX-1ICLZ-2826-SM-CL53U	Excit	0.0323497457784732
GTEX-1ICLZ-2826-SM-CL53U	Astro	0.578498032156132
GTEX-1ICLZ-2826-SM-CL53U	Inhib	0.0107581408372987
GTEX-1ICLZ-2826-SM-CL53U	Micro	0.0102574828283247
GTEX-1ICLZ-2826-SM-CL53U	OPC	0.0386774722144503
GTEX-1ICLZ-2826-SM-CL53U	Mural	0.117589729356432
GTEX-1ICLZ-2826-SM-CL53U	Immune	0.0827734546192232
GTEX-1IDFM-2826-SM-ACKWJ	Oligo	0.2152495870759
GTEX-1IDFM-2826-SM-ACKWJ	Excit	0.00580554318719856
GTEX-1IDFM-2826-SM-ACKWJ	Astro	0.469338208600989
GTEX-1IDFM-2826-SM-ACKWJ	Inhib	0.00124027743685062
GTEX-1IDFM-2826-SM-ACKWJ	Micro	0.0010980973835305
GTEX-1IDFM-2826-SM-ACKWJ	OPC	0.0911281068195822
GTEX-1IDFM-2826-SM-ACKWJ	Mural	0.199767830693704
GTEX-1IDFM-2826-SM-ACKWJ	Immune	0.0163723488022448
GTEX-1IDJH-3026-SM-CL53B	Oligo	0.380580487752714
GTEX-1IDJH-3026-SM-CL53B	Excit	0.0969621222329909
GTEX-1IDJH-3026-SM-CL53B	Astro	0.386614599948649
GTEX-1IDJH-3026-SM-CL53B	Inhib	0.00815396997275359
GTEX-1IDJH-3026-SM-CL53B	Micro	0.000233432138491304
GTEX-1IDJH-3026-SM-CL53B	OPC	0.022647214478112
GTEX-1IDJH-3026-SM-CL53B	Mural	0.0651711476562155
GTEX-1IDJH-3026-SM-CL53B	Immune	0.0396370258200734
GTEX-1IKJJ-2926-SM-A9G2N	Oligo	0.19174662875885
GTEX-1IKJJ-2926-SM-A9G2N	Excit	0.056030915435987
GTEX-1IKJJ-2926-SM-A9G2N	Astro	0.597276809421541
GTEX-1IKJJ-2926-SM-A9G2N	Inhib	0.00609308013744575
GTEX-1IKJJ-2926-SM-A9G2N	Micro	0.00370118940996636
GTEX-1IKJJ-2926-SM-A9G2N	OPC	0.0345721712640574
GTEX-1IKJJ-2926-SM-A9G2N	Mural	0.105596794841414
GTEX-1IKJJ-2926-SM-A9G2N	Immune	0.00498241073073819
GTEX-1IKK5-2926-SM-ARU7Q	Oligo	0.201316151623922
GTEX-1IKK5-2926-SM-ARU7Q	Excit	0.147218751171613
GTEX-1IKK5-2926-SM-ARU7Q	Astro	0.374478461846396
GTEX-1IKK5-2926-SM-ARU7Q	Inhib	0.000744145560482713
GTEX-1IKK5-2926-SM-ARU7Q	Micro	0
GTEX-1IKK5-2926-SM-ARU7Q	OPC	0.0441739354714249
GTEX-1IKK5-2926-SM-ARU7Q	Mural	0.117629983950124
GTEX-1IKK5-2926-SM-ARU7Q	Immune	0.114438570376038
GTEX-1IL2U-3026-SM-C1YSH	Oligo	0.37158200796862
GTEX-1IL2U-3026-SM-C1YSH	Excit	0.0473723740654479
GTEX-1IL2U-3026-SM-C1YSH	Astro	0.466822151240281
GTEX-1IL2U-3026-SM-C1YSH	Inhib	0.00433239728071688
GTEX-1IL2U-3026-SM-C1YSH	Micro	0.00216369045103136
GTEX-1IL2U-3026-SM-C1YSH	OPC	0.0186748434735013
GTEX-1IL2U-3026-SM-C1YSH	Mural	0.0831540198197104
GTEX-1IL2U-3026-SM-C1YSH	Immune	0.00589851570069178
GTEX-1IOXB-3126-SM-CKZO1	Oligo	0.10999991943138
GTEX-1IOXB-3126-SM-CKZO1	Excit	0.00687496351908788
GTEX-1IOXB-3126-SM-CKZO1	Astro	0.753395696899472
GTEX-1IOXB-3126-SM-CKZO1	Inhib	0.00497775713807479
GTEX-1IOXB-3126-SM-CKZO1	Micro	0
GTEX-1IOXB-3126-SM-CKZO1	OPC	0.0301202529267134
GTEX-1IOXB-3126-SM-CKZO1	Mural	0.0941434090834393
GTEX-1IOXB-3126-SM-CKZO1	Immune	0.000488001001832801
GTEX-1IY9M-3026-SM-A9G37	Oligo	0.135538675818363
GTEX-1IY9M-3026-SM-A9G37	Excit	0.185054795102889
GTEX-1IY9M-3026-SM-A9G37	Astro	0.496165913342623
GTEX-1IY9M-3026-SM-A9G37	Inhib	0.00878277253533974
GTEX-1IY9M-3026-SM-A9G37	Micro	0.0116444467855157
GTEX-1IY9M-3026-SM-A9G37	OPC	0.0500797375388075
GTEX-1IY9M-3026-SM-A9G37	Mural	0.0998867519575767
GTEX-1IY9M-3026-SM-A9G37	Immune	0.012846906918885
GTEX-1J1OQ-3226-SM-A9G2Q	Oligo	0.297153223399194
GTEX-1J1OQ-3226-SM-A9G2Q	Excit	0.0496137946904486
GTEX-1J1OQ-3226-SM-A9G2Q	Astro	0.473158020781764
GTEX-1J1OQ-3226-SM-A9G2Q	Inhib	0.00078172790425474
GTEX-1J1OQ-3226-SM-A9G2Q	Micro	0.000108409757111414
GTEX-1J1OQ-3226-SM-A9G2Q	OPC	0.0198830572361752
GTEX-1J1OQ-3226-SM-A9G2Q	Mural	0.0694574798293989
GTEX-1J1OQ-3226-SM-A9G2Q	Immune	0.0898442864016529
GTEX-1J8Q2-3026-SM-CKZN8	Oligo	0.192697676173484
GTEX-1J8Q2-3026-SM-CKZN8	Excit	0.0511518258901962
GTEX-1J8Q2-3026-SM-CKZN8	Astro	0.496120724988986
GTEX-1J8Q2-3026-SM-CKZN8	Inhib	0.00951616451508533
GTEX-1J8Q2-3026-SM-CKZN8	Micro	0.000263163855541724
GTEX-1J8Q2-3026-SM-CKZN8	OPC	0.0733158661768325
GTEX-1J8Q2-3026-SM-CKZN8	Mural	0.100834471915353
GTEX-1J8Q2-3026-SM-CKZN8	Immune	0.0761001064845215
GTEX-1JJ6O-3126-SM-CNNP8	Oligo	0.137893863327647
GTEX-1JJ6O-3126-SM-CNNP8	Excit	0.0671531407109488
GTEX-1JJ6O-3126-SM-CNNP8	Astro	0.55861211007518
GTEX-1JJ6O-3126-SM-CNNP8	Inhib	0.00541635766706436
GTEX-1JJ6O-3126-SM-CNNP8	Micro	0
GTEX-1JJ6O-3126-SM-CNNP8	OPC	0.0387647059849858
GTEX-1JJ6O-3126-SM-CNNP8	Mural	0.0859208387146294
GTEX-1JJ6O-3126-SM-CNNP8	Immune	0.106238983519545
GTEX-1JJE9-2926-SM-CY8HV	Oligo	0.161089347192376
GTEX-1JJE9-2926-SM-CY8HV	Excit	0.000561671566086227
GTEX-1JJE9-2926-SM-CY8HV	Astro	0.634810988769538
GTEX-1JJE9-2926-SM-CY8HV	Inhib	0
GTEX-1JJE9-2926-SM-CY8HV	Micro	0
GTEX-1JJE9-2926-SM-CY8HV	OPC	0.0256378677019691
GTEX-1JJE9-2926-SM-CY8HV	Mural	0.147453058577354
GTEX-1JJE9-2926-SM-CY8HV	Immune	0.030447066192676
GTEX-1JJEA-2826-SM-ARU8R	Oligo	0.169118216424611
GTEX-1JJEA-2826-SM-ARU8R	Excit	0.0714965844411249
GTEX-1JJEA-2826-SM-ARU8R	Astro	0.554786565177162
GTEX-1JJEA-2826-SM-ARU8R	Inhib	0.0027666176201225
GTEX-1JJEA-2826-SM-ARU8R	Micro	0.00124206310655315
GTEX-1JJEA-2826-SM-ARU8R	OPC	0.0349430679178893
GTEX-1JJEA-2826-SM-ARU8R	Mural	0.142764086525541
GTEX-1JJEA-2826-SM-ARU8R	Immune	0.0228827987869971
GTEX-1JMLX-2926-SM-CL54C	Oligo	0.186225025966661
GTEX-1JMLX-2926-SM-CL54C	Excit	0.0793851759038191
GTEX-1JMLX-2926-SM-CL54C	Astro	0.523757568888075
GTEX-1JMLX-2926-SM-CL54C	Inhib	0.000664276276483097
GTEX-1JMLX-2926-SM-CL54C	Micro	0
GTEX-1JMLX-2926-SM-CL54C	OPC	0.0465587662517975
GTEX-1JMLX-2926-SM-CL54C	Mural	0.0954272800228263
GTEX-1JMLX-2926-SM-CL54C	Immune	0.0679819066903374
GTEX-1JMOU-2726-SM-CY8IO	Oligo	0.173476152154566
GTEX-1JMOU-2726-SM-CY8IO	Excit	0.0276167007780099
GTEX-1JMOU-2726-SM-CY8IO	Astro	0.577767842137831
GTEX-1JMOU-2726-SM-CY8IO	Inhib	0.0119376318484638
GTEX-1JMOU-2726-SM-CY8IO	Micro	0.0154622078027369
GTEX-1JMOU-2726-SM-CY8IO	OPC	0.0371250151076111
GTEX-1JMOU-2726-SM-CY8IO	Mural	0.0975177686470098
GTEX-1JMOU-2726-SM-CY8IO	Immune	0.059096681523771
GTEX-1JMPZ-2726-SM-ARZNF	Oligo	0.276135482427164
GTEX-1JMPZ-2726-SM-ARZNF	Excit	0.0417340261292166
GTEX-1JMPZ-2726-SM-ARZNF	Astro	0.47288539870936
GTEX-1JMPZ-2726-SM-ARZNF	Inhib	0.0139959572022667
GTEX-1JMPZ-2726-SM-ARZNF	Micro	0.0185810591620457
GTEX-1JMPZ-2726-SM-ARZNF	OPC	0.0266475733211756
GTEX-1JMPZ-2726-SM-ARZNF	Mural	0.0888153557719957
GTEX-1JMPZ-2726-SM-ARZNF	Immune	0.0612051472767755
GTEX-1JMQK-3026-SM-ARL95	Oligo	0.0880084489052052
GTEX-1JMQK-3026-SM-ARL95	Excit	0.00315403554360624
GTEX-1JMQK-3026-SM-ARL95	Astro	0.691458972699209
GTEX-1JMQK-3026-SM-ARL95	Inhib	0.0115043583823335
GTEX-1JMQK-3026-SM-ARL95	Micro	0.00331561469155776
GTEX-1JMQK-3026-SM-ARL95	OPC	0.0452646288705967
GTEX-1JMQK-3026-SM-ARL95	Mural	0.119463859066402
GTEX-1JMQK-3026-SM-ARL95	Immune	0.0378300818410896
GTEX-1JMQL-2826-SM-ARU91	Oligo	0.164464107049744
GTEX-1JMQL-2826-SM-ARU91	Excit	0.00812888412086078
GTEX-1JMQL-2826-SM-ARU91	Astro	0.588832013870709
GTEX-1JMQL-2826-SM-ARU91	Inhib	0.00392618130755776
GTEX-1JMQL-2826-SM-ARU91	Micro	0.00758951569668915
GTEX-1JMQL-2826-SM-ARU91	OPC	0.0443250998815731
GTEX-1JMQL-2826-SM-ARU91	Mural	0.070440422967366
GTEX-1JMQL-2826-SM-ARU91	Immune	0.1122937751055
GTEX-1KD4Q-2926-SM-D3L9N	Oligo	0.274963022196299
GTEX-1KD4Q-2926-SM-D3L9N	Excit	0.160703280285654
GTEX-1KD4Q-2926-SM-D3L9N	Astro	0.369502141759402
GTEX-1KD4Q-2926-SM-D3L9N	Inhib	0.00887018877330327
GTEX-1KD4Q-2926-SM-D3L9N	Micro	0
GTEX-1KD4Q-2926-SM-D3L9N	OPC	0.04066421544208
GTEX-1KD4Q-2926-SM-D3L9N	Mural	0.0966399480624763
GTEX-1KD4Q-2926-SM-D3L9N	Immune	0.0486572034807863
GTEX-1KWVE-2326-SM-D4P3N	Oligo	0.157894520823204
GTEX-1KWVE-2326-SM-D4P3N	Excit	0.248844167644507
GTEX-1KWVE-2326-SM-D4P3N	Astro	0.27393325118486
GTEX-1KWVE-2326-SM-D4P3N	Inhib	0.0330324458455411
GTEX-1KWVE-2326-SM-D4P3N	Micro	0.019496288222112
GTEX-1KWVE-2326-SM-D4P3N	OPC	0.0560155834599745
GTEX-1KWVE-2326-SM-D4P3N	Mural	0.179130958741642
GTEX-1KWVE-2326-SM-D4P3N	Immune	0.0316527840781589
GTEX-1LC47-2926-SM-CXZKC	Oligo	0.111704885823831
GTEX-1LC47-2926-SM-CXZKC	Excit	0.00146798808071875
GTEX-1LC47-2926-SM-CXZKC	Astro	0.63769046852658
GTEX-1LC47-2926-SM-CXZKC	Inhib	0.00206484253153246
GTEX-1LC47-2926-SM-CXZKC	Micro	0
GTEX-1LC47-2926-SM-CXZKC	OPC	0.0435887978969375
GTEX-1LC47-2926-SM-CXZKC	Mural	0.114123800387933
GTEX-1LC47-2926-SM-CXZKC	Immune	0.0893592167524675
GTEX-1LG7Y-3026-SM-D5OVI	Oligo	0.162978787437997
GTEX-1LG7Y-3026-SM-D5OVI	Excit	0.128106913542157
GTEX-1LG7Y-3026-SM-D5OVI	Astro	0.499079968449061
GTEX-1LG7Y-3026-SM-D5OVI	Inhib	0.0105146015778041
GTEX-1LG7Y-3026-SM-D5OVI	Micro	0.00216948056727257
GTEX-1LG7Y-3026-SM-D5OVI	OPC	0.038804985881824
GTEX-1LG7Y-3026-SM-D5OVI	Mural	0.108067463101812
GTEX-1LG7Y-3026-SM-D5OVI	Immune	0.0502777994420729
GTEX-1LKK1-3126-SM-EWRNY	Oligo	0.183978215263834
GTEX-1LKK1-3126-SM-EWRNY	Excit	0.0289753421040483
GTEX-1LKK1-3126-SM-EWRNY	Astro	0.529687174765545
GTEX-1LKK1-3126-SM-EWRNY	Inhib	0.00122260338029314
GTEX-1LKK1-3126-SM-EWRNY	Micro	0
GTEX-1LKK1-3126-SM-EWRNY	OPC	0.0456809783225369
GTEX-1LKK1-3126-SM-EWRNY	Mural	0.0960636418787549
GTEX-1LKK1-3126-SM-EWRNY	Immune	0.114392044284988
GTEX-1LSNL-3026-SM-F648A	Oligo	0.081020735508564
GTEX-1LSNL-3026-SM-F648A	Excit	0.00470828112260141
GTEX-1LSNL-3026-SM-F648A	Astro	0.759967222543097
GTEX-1LSNL-3026-SM-F648A	Inhib	0.00282607499271898
GTEX-1LSNL-3026-SM-F648A	Micro	0
GTEX-1LSNL-3026-SM-F648A	OPC	0.0313503854330212
GTEX-1LSNL-3026-SM-F648A	Mural	0.104949942362631
GTEX-1LSNL-3026-SM-F648A	Immune	0.0151773580373661
GTEX-1M4P7-2726-SM-E9TJQ	Oligo	0.356577285021798
GTEX-1M4P7-2726-SM-E9TJQ	Excit	0.0120366297371132
GTEX-1M4P7-2726-SM-E9TJQ	Astro	0.443426462407105
GTEX-1M4P7-2726-SM-E9TJQ	Inhib	0.0157795578163595
GTEX-1M4P7-2726-SM-E9TJQ	Micro	0.00215449147186686
GTEX-1M4P7-2726-SM-E9TJQ	OPC	0.0410527301452333
GTEX-1M4P7-2726-SM-E9TJQ	Mural	0.120066995024969
GTEX-1M4P7-2726-SM-E9TJQ	Immune	0.00890584837555525
GTEX-1MA7X-2526-SM-GPI9W	Oligo	0.209620042599968
GTEX-1MA7X-2526-SM-GPI9W	Excit	0.0026395841748207
GTEX-1MA7X-2526-SM-GPI9W	Astro	0.655632576477784
GTEX-1MA7X-2526-SM-GPI9W	Inhib	0.00525021682704149
GTEX-1MA7X-2526-SM-GPI9W	Micro	0.00115380865535802
GTEX-1MA7X-2526-SM-GPI9W	OPC	0.0372209422075381
GTEX-1MA7X-2526-SM-GPI9W	Mural	0.0797544913818324
GTEX-1MA7X-2526-SM-GPI9W	Immune	0.0087283376756572
GTEX-1MJK2-2926-SM-G8LLK	Oligo	0.304098499264295
GTEX-1MJK2-2926-SM-G8LLK	Excit	0.0995197195840824
GTEX-1MJK2-2926-SM-G8LLK	Astro	0.325302610615141
GTEX-1MJK2-2926-SM-G8LLK	Inhib	0.0102242473568687
GTEX-1MJK2-2926-SM-G8LLK	Micro	0.00660936786076916
GTEX-1MJK2-2926-SM-G8LLK	OPC	0.0372643168539502
GTEX-1MJK2-2926-SM-G8LLK	Mural	0.196495691303968
GTEX-1MJK2-2926-SM-G8LLK	Immune	0.0204855471609257
GTEX-1N2DW-2826-SM-E9TK5	Oligo	0.475171817355864
GTEX-1N2DW-2826-SM-E9TK5	Excit	0.0215352826199385
GTEX-1N2DW-2826-SM-E9TK5	Astro	0.380877704333046
GTEX-1N2DW-2826-SM-E9TK5	Inhib	0.00707846804735893
GTEX-1N2DW-2826-SM-E9TK5	Micro	0.0028089293794889
GTEX-1N2DW-2826-SM-E9TK5	OPC	0.0280889891303824
GTEX-1N2DW-2826-SM-E9TK5	Mural	0.0844388091339216
GTEX-1N2DW-2826-SM-E9TK5	Immune	0
GTEX-1N5O9-2926-SM-EXUSN	Oligo	0.186118801886856
GTEX-1N5O9-2926-SM-EXUSN	Excit	0.0209436242397234
GTEX-1N5O9-2926-SM-EXUSN	Astro	0.54211991743629
GTEX-1N5O9-2926-SM-EXUSN	Inhib	0.00618230656327212
GTEX-1N5O9-2926-SM-EXUSN	Micro	0.000305760936395579
GTEX-1N5O9-2926-SM-EXUSN	OPC	0.0598846790958728
GTEX-1N5O9-2926-SM-EXUSN	Mural	0.147961278702702
GTEX-1N5O9-2926-SM-EXUSN	Immune	0.0364836311388879
GTEX-1NV5F-3226-SM-EXUSL	Oligo	0.0631811487208907
GTEX-1NV5F-3226-SM-EXUSL	Excit	0.00271006694702341
GTEX-1NV5F-3226-SM-EXUSL	Astro	0.721822933601822
GTEX-1NV5F-3226-SM-EXUSL	Inhib	0.00154695440009622
GTEX-1NV5F-3226-SM-EXUSL	Micro	0
GTEX-1NV5F-3226-SM-EXUSL	OPC	0.0431351851397379
GTEX-1NV5F-3226-SM-EXUSL	Mural	0.0997036338428104
GTEX-1NV5F-3226-SM-EXUSL	Immune	0.0679000773476192
GTEX-1NV8Z-3126-SM-E76R3	Oligo	0.32163840459775
GTEX-1NV8Z-3126-SM-E76R3	Excit	0.102918154696311
GTEX-1NV8Z-3126-SM-E76R3	Astro	0.446325280108201
GTEX-1NV8Z-3126-SM-E76R3	Inhib	0.00516509727066455
GTEX-1NV8Z-3126-SM-E76R3	Micro	0.00340201531306969
GTEX-1NV8Z-3126-SM-E76R3	OPC	0.033760229894685
GTEX-1NV8Z-3126-SM-E76R3	Mural	0.0864756687015037
GTEX-1NV8Z-3126-SM-E76R3	Immune	0.000315149417816214
GTEX-1O97I-3126-SM-GOR1M	Oligo	0.0788742804640451
GTEX-1O97I-3126-SM-GOR1M	Excit	0.0006356721115653
GTEX-1O97I-3126-SM-GOR1M	Astro	0.676732972796438
GTEX-1O97I-3126-SM-GOR1M	Inhib	0.00588368320290191
GTEX-1O97I-3126-SM-GOR1M	Micro	0.000290524599937614
GTEX-1O97I-3126-SM-GOR1M	OPC	0.0309691854091793
GTEX-1O97I-3126-SM-GOR1M	Mural	0.182980673210086
GTEX-1O97I-3126-SM-GOR1M	Immune	0.0236330082058469
GTEX-1O9I2-3026-SM-E76PX	Oligo	0.602010015828866
GTEX-1O9I2-3026-SM-E76PX	Excit	0.0215890540091371
GTEX-1O9I2-3026-SM-E76PX	Astro	0.290470812414171
GTEX-1O9I2-3026-SM-E76PX	Inhib	0.0032799376868768
GTEX-1O9I2-3026-SM-E76PX	Micro	0.00721880205241259
GTEX-1O9I2-3026-SM-E76PX	OPC	0.0183716385559931
GTEX-1O9I2-3026-SM-E76PX	Mural	0.0487642203211918
GTEX-1O9I2-3026-SM-E76PX	Immune	0.00829551913135126
GTEX-1OJC4-2826-SM-E6CQX	Oligo	0.208039172649622
GTEX-1OJC4-2826-SM-E6CQX	Excit	0.0890443130688523
GTEX-1OJC4-2826-SM-E6CQX	Astro	0.516387982149376
GTEX-1OJC4-2826-SM-E6CQX	Inhib	0.00825744065498868
GTEX-1OJC4-2826-SM-E6CQX	Micro	0.000611302812918501
GTEX-1OJC4-2826-SM-E6CQX	OPC	0.0335247408824296
GTEX-1OJC4-2826-SM-E6CQX	Mural	0.120533103194847
GTEX-1OJC4-2826-SM-E6CQX	Immune	0.0236019445869662
GTEX-1P4AB-3126-SM-G8LMI	Oligo	0.275720510585516
GTEX-1P4AB-3126-SM-G8LMI	Excit	0.0737946444908923
GTEX-1P4AB-3126-SM-G8LMI	Astro	0.356039815957242
GTEX-1P4AB-3126-SM-G8LMI	Inhib	0.00422009943932575
GTEX-1P4AB-3126-SM-G8LMI	Micro	0.00363385366832043
GTEX-1P4AB-3126-SM-G8LMI	OPC	0.0243215364723657
GTEX-1P4AB-3126-SM-G8LMI	Mural	0.146099142830967
GTEX-1P4AB-3126-SM-G8LMI	Immune	0.116170396555371
GTEX-1PIIG-2726-SM-E76PQ	Oligo	0.24998241536441
GTEX-1PIIG-2726-SM-E76PQ	Excit	0.18649811531995
GTEX-1PIIG-2726-SM-E76PQ	Astro	0.236680027276989
GTEX-1PIIG-2726-SM-E76PQ	Inhib	0.0275645487813388
GTEX-1PIIG-2726-SM-E76PQ	Micro	0.0342055538965703
GTEX-1PIIG-2726-SM-E76PQ	OPC	0.0581158472746176
GTEX-1PIIG-2726-SM-E76PQ	Mural	0.161981357198798
GTEX-1PIIG-2726-SM-E76PQ	Immune	0.0449721348873268
GTEX-1PPGY-3126-SM-EXUSR	Oligo	0.459189080135801
GTEX-1PPGY-3126-SM-EXUSR	Excit	0.0634082679323929
GTEX-1PPGY-3126-SM-EXUSR	Astro	0.307626145069402
GTEX-1PPGY-3126-SM-EXUSR	Inhib	0.0141144366997721
GTEX-1PPGY-3126-SM-EXUSR	Micro	0.00335630328546888
GTEX-1PPGY-3126-SM-EXUSR	OPC	0.0494804765400764
GTEX-1PPGY-3126-SM-EXUSR	Mural	0.0838179277753971
GTEX-1PPGY-3126-SM-EXUSR	Immune	0.0190073625616898
GTEX-1PWST-3126-SM-EXUSE	Oligo	0.107042403502641
GTEX-1PWST-3126-SM-EXUSE	Excit	0.00378283735732111
GTEX-1PWST-3126-SM-EXUSE	Astro	0.649627707418426
GTEX-1PWST-3126-SM-EXUSE	Inhib	0.00364117254004068
GTEX-1PWST-3126-SM-EXUSE	Micro	0.0102469042756792
GTEX-1PWST-3126-SM-EXUSE	OPC	0.0331752260388514
GTEX-1PWST-3126-SM-EXUSE	Mural	0.0983616147661904
GTEX-1PWST-3126-SM-EXUSE	Immune	0.0941221341008506
GTEX-1QMI2-3126-SM-EXUT5	Oligo	0.318255645305838
GTEX-1QMI2-3126-SM-EXUT5	Excit	0.104113158008547
GTEX-1QMI2-3126-SM-EXUT5	Astro	0.399453399522575
GTEX-1QMI2-3126-SM-EXUT5	Inhib	0.0056163852046538
GTEX-1QMI2-3126-SM-EXUT5	Micro	0.00243451159811392
GTEX-1QMI2-3126-SM-EXUT5	OPC	0.0424540776345804
GTEX-1QMI2-3126-SM-EXUT5	Mural	0.102793400560034
GTEX-1QMI2-3126-SM-EXUT5	Immune	0.0248794221656577
GTEX-1QP6S-2926-SM-DTXF8	Oligo	0.902932371404436
GTEX-1QP6S-2926-SM-DTXF8	Excit	0.000187162808480834
GTEX-1QP6S-2926-SM-DTXF8	Astro	0.0773470333477435
GTEX-1QP6S-2926-SM-DTXF8	Inhib	0.000825747316168212
GTEX-1QP6S-2926-SM-DTXF8	Micro	0.000784627977331186
GTEX-1QP6S-2926-SM-DTXF8	OPC	0.00531394197810545
GTEX-1QP6S-2926-SM-DTXF8	Mural	0.0126091151677352
GTEX-1QP6S-2926-SM-DTXF8	Immune	0
GTEX-1R9K4-3126-SM-DTX9Y	Oligo	0.176351178478786
GTEX-1R9K4-3126-SM-DTX9Y	Excit	0.0887802479760067
GTEX-1R9K4-3126-SM-DTX9Y	Astro	0.529998572853438
GTEX-1R9K4-3126-SM-DTX9Y	Inhib	0.00414692471567573
GTEX-1R9K4-3126-SM-DTX9Y	Micro	0.00164078390653815
GTEX-1R9K4-3126-SM-DTX9Y	OPC	0.0254721241981682
GTEX-1R9K4-3126-SM-DTX9Y	Mural	0.0883324215766218
GTEX-1R9K4-3126-SM-DTX9Y	Immune	0.0852777462947661
GTEX-1R9PO-2926-SM-EVYBR	Oligo	0.127054849537165
GTEX-1R9PO-2926-SM-EVYBR	Excit	0.107780963041521
GTEX-1R9PO-2926-SM-EVYBR	Astro	0.515550825539117
GTEX-1R9PO-2926-SM-EVYBR	Inhib	0.000732514735805547
GTEX-1R9PO-2926-SM-EVYBR	Micro	0.00607268969435684
GTEX-1R9PO-2926-SM-EVYBR	OPC	0.026803844122513
GTEX-1R9PO-2926-SM-EVYBR	Mural	0.131063766605972
GTEX-1R9PO-2926-SM-EVYBR	Immune	0.0849405467235501
GTEX-1RLM8-3126-SM-G8LLN	Oligo	0.543203293628846
GTEX-1RLM8-3126-SM-G8LLN	Excit	0.00969667958041823
GTEX-1RLM8-3126-SM-G8LLN	Astro	0.286448669312617
GTEX-1RLM8-3126-SM-G8LLN	Inhib	0.00200593419897969
GTEX-1RLM8-3126-SM-G8LLN	Micro	0.00927652307748858
GTEX-1RLM8-3126-SM-G8LLN	OPC	0.0335769120436793
GTEX-1RLM8-3126-SM-G8LLN	Mural	0.0720758123260814
GTEX-1RLM8-3126-SM-G8LLN	Immune	0.0437161758318908
GTEX-1RQEC-2926-SM-EVR5A	Oligo	0.137585953831685
GTEX-1RQEC-2926-SM-EVR5A	Excit	0.0585851366676656
GTEX-1RQEC-2926-SM-EVR5A	Astro	0.611890587568174
GTEX-1RQEC-2926-SM-EVR5A	Inhib	0.0217004249443337
GTEX-1RQEC-2926-SM-EVR5A	Micro	0.000851695304525283
GTEX-1RQEC-2926-SM-EVR5A	OPC	0.0677672199771746
GTEX-1RQEC-2926-SM-EVR5A	Mural	0.0984016151325837
GTEX-1RQEC-2926-SM-EVR5A	Immune	0.00321736657385816
GTEX-N7MT-1126-SM-CY8G9	Oligo	0.683005070650711
GTEX-N7MT-1126-SM-CY8G9	Excit	0.000198569488383874
GTEX-N7MT-1126-SM-CY8G9	Astro	0.239713823380999
GTEX-N7MT-1126-SM-CY8G9	Inhib	0.0015572385645808
GTEX-N7MT-1126-SM-CY8G9	Micro	0.0171063813514559
GTEX-N7MT-1126-SM-CY8G9	OPC	0.0192666540646909
GTEX-N7MT-1126-SM-CY8G9	Mural	0.0391522624991787
GTEX-N7MT-1126-SM-CY8G9	Immune	0
GTEX-NL3H-2526-SM-HM8V4	Oligo	0.0973418634116703
GTEX-NL3H-2526-SM-HM8V4	Excit	0.136942791585604
GTEX-NL3H-2526-SM-HM8V4	Astro	0.432281446481146
GTEX-NL3H-2526-SM-HM8V4	Inhib	0.00783540892545306
GTEX-NL3H-2526-SM-HM8V4	Micro	0.00848876620049241
GTEX-NL3H-2526-SM-HM8V4	OPC	0.0470197194780686
GTEX-NL3H-2526-SM-HM8V4	Mural	0.186016232061682
GTEX-NL3H-2526-SM-HM8V4	Immune	0.0840737718558839
GTEX-NPJ7-2726-SM-G8W7S	Oligo	0.0512418915519085
GTEX-NPJ7-2726-SM-G8W7S	Excit	0.013413524207494
GTEX-NPJ7-2726-SM-G8W7S	Astro	0.699890718590874
GTEX-NPJ7-2726-SM-G8W7S	Inhib	0.0176766470949715
GTEX-NPJ7-2726-SM-G8W7S	Micro	0.00750512630378873
GTEX-NPJ7-2726-SM-G8W7S	OPC	0.018302481280872
GTEX-NPJ7-2726-SM-G8W7S	Mural	0.0881332582240924
GTEX-NPJ7-2726-SM-G8W7S	Immune	0.103836352745999
GTEX-OHPN-2526-SM-2I5H3	Oligo	0.24085236036941
GTEX-OHPN-2526-SM-2I5H3	Excit	0.00579781813465599
GTEX-OHPN-2526-SM-2I5H3	Astro	0.460815077546589
GTEX-OHPN-2526-SM-2I5H3	Inhib	0.00781519732476758
GTEX-OHPN-2526-SM-2I5H3	Micro	0.0157130343441953
GTEX-OHPN-2526-SM-2I5H3	OPC	0.0726010132202108
GTEX-OHPN-2526-SM-2I5H3	Mural	0.100888165229229
GTEX-OHPN-2526-SM-2I5H3	Immune	0.0955173338309427
GTEX-PVOW-2526-SM-2XCF7	Oligo	0.271335526626436
GTEX-PVOW-2526-SM-2XCF7	Excit	0.260706079970571
GTEX-PVOW-2526-SM-2XCF7	Astro	0.101437383360826
GTEX-PVOW-2526-SM-2XCF7	Inhib	0.0620616426807564
GTEX-PVOW-2526-SM-2XCF7	Micro	0.0109198633390797
GTEX-PVOW-2526-SM-2XCF7	OPC	0.0624074842862518
GTEX-PVOW-2526-SM-2XCF7	Mural	0.160029841625781
GTEX-PVOW-2526-SM-2XCF7	Immune	0.0711021781102996
GTEX-PWO3-0926-SM-2I5EY	Oligo	0.0706684505952344
GTEX-PWO3-0926-SM-2I5EY	Excit	0.000552011831957903
GTEX-PWO3-0926-SM-2I5EY	Astro	0.740911901057181
GTEX-PWO3-0926-SM-2I5EY	Inhib	0.00526317738437466
GTEX-PWO3-0926-SM-2I5EY	Micro	0.000280005627813398
GTEX-PWO3-0926-SM-2I5EY	OPC	0.0314930826049741
GTEX-PWO3-0926-SM-2I5EY	Mural	0.100540625191883
GTEX-PWO3-0926-SM-2I5EY	Immune	0.0502907457065821
GTEX-QDT8-2926-SM-32PKC	Oligo	0.465257651679785
GTEX-QDT8-2926-SM-32PKC	Excit	0.043759617880525
GTEX-QDT8-2926-SM-32PKC	Astro	0.315191635495856
GTEX-QDT8-2926-SM-32PKC	Inhib	0.00531547503586539
GTEX-QDT8-2926-SM-32PKC	Micro	0.00321012533946207
GTEX-QDT8-2926-SM-32PKC	OPC	0.0295396525223296
GTEX-QDT8-2926-SM-32PKC	Mural	0.0778899761099897
GTEX-QDT8-2926-SM-32PKC	Immune	0.0598358659361876
GTEX-QMR6-1426-SM-32PLA	Oligo	0.253102440914006
GTEX-QMR6-1426-SM-32PLA	Excit	0.102789493713468
GTEX-QMR6-1426-SM-32PLA	Astro	0.432323873599712
GTEX-QMR6-1426-SM-32PLA	Inhib	0.00307824013004183
GTEX-QMR6-1426-SM-32PLA	Micro	0.0163630436827322
GTEX-QMR6-1426-SM-32PLA	OPC	0.0316634737379598
GTEX-QMR6-1426-SM-32PLA	Mural	0.0911980463745825
GTEX-QMR6-1426-SM-32PLA	Immune	0.0694813878474975
GTEX-R55E-2626-SM-F21JF	Oligo	0.250383609287326
GTEX-R55E-2626-SM-F21JF	Excit	0.0699641820552062
GTEX-R55E-2626-SM-F21JF	Astro	0.409867376822944
GTEX-R55E-2626-SM-F21JF	Inhib	0.0106190211015007
GTEX-R55E-2626-SM-F21JF	Micro	0.0207800428770684
GTEX-R55E-2626-SM-F21JF	OPC	0.0326006330069263
GTEX-R55E-2626-SM-F21JF	Mural	0.187836316959608
GTEX-R55E-2626-SM-F21JF	Immune	0.0179488178894209
GTEX-R55F-1326-SM-DIPDZ	Oligo	0.108089929122272
GTEX-R55F-1326-SM-DIPDZ	Excit	0.0861260631034766
GTEX-R55F-1326-SM-DIPDZ	Astro	0.578350033248091
GTEX-R55F-1326-SM-DIPDZ	Inhib	0.00910770386614756
GTEX-R55F-1326-SM-DIPDZ	Micro	0
GTEX-R55F-1326-SM-DIPDZ	OPC	0.0319534435606521
GTEX-R55F-1326-SM-DIPDZ	Mural	0.0851512706238474
GTEX-R55F-1326-SM-DIPDZ	Immune	0.101221556475514
GTEX-RNOR-2326-SM-2TF4I	Oligo	0.247758543140173
GTEX-RNOR-2326-SM-2TF4I	Excit	0.155935722283368
GTEX-RNOR-2326-SM-2TF4I	Astro	0.382399201332668
GTEX-RNOR-2326-SM-2TF4I	Inhib	0.021750011227796
GTEX-RNOR-2326-SM-2TF4I	Micro	0.00867934227449422
GTEX-RNOR-2326-SM-2TF4I	OPC	0.0346460166776837
GTEX-RNOR-2326-SM-2TF4I	Mural	0.111245874322864
GTEX-RNOR-2326-SM-2TF4I	Immune	0.0375852887409536
GTEX-RU72-3026-SM-CYPRV	Oligo	0.116021617230718
GTEX-RU72-3026-SM-CYPRV	Excit	0.0681345003794839
GTEX-RU72-3026-SM-CYPRV	Astro	0.674868727637854
GTEX-RU72-3026-SM-CYPRV	Inhib	0.00263601232524399
GTEX-RU72-3026-SM-CYPRV	Micro	0.000239101843563033
GTEX-RU72-3026-SM-CYPRV	OPC	0.0190483353446003
GTEX-RU72-3026-SM-CYPRV	Mural	0.110306037747298
GTEX-RU72-3026-SM-CYPRV	Immune	0.00874566749123895
GTEX-T2IS-3026-SM-32QPM	Oligo	0.166043409397633
GTEX-T2IS-3026-SM-32QPM	Excit	0.227310833045145
GTEX-T2IS-3026-SM-32QPM	Astro	0.214426133926882
GTEX-T2IS-3026-SM-32QPM	Inhib	0.0446468927909738
GTEX-T2IS-3026-SM-32QPM	Micro	0.047948530063513
GTEX-T2IS-3026-SM-32QPM	OPC	0.101021003855654
GTEX-T2IS-3026-SM-32QPM	Mural	0.155781860197023
GTEX-T2IS-3026-SM-32QPM	Immune	0.0428213367231767
GTEX-T5JC-2426-SM-3NMDB	Oligo	0.375326325621899
GTEX-T5JC-2426-SM-3NMDB	Excit	0.200386222151482
GTEX-T5JC-2426-SM-3NMDB	Astro	0.216180933422019
GTEX-T5JC-2426-SM-3NMDB	Inhib	0.00477205331676469
GTEX-T5JC-2426-SM-3NMDB	Micro	0.0172149006629891
GTEX-T5JC-2426-SM-3NMDB	OPC	0.0531367246355618
GTEX-T5JC-2426-SM-3NMDB	Mural	0.0646801619573753
GTEX-T5JC-2426-SM-3NMDB	Immune	0.0683026782319093
GTEX-T6MN-2626-SM-32PMQ	Oligo	0.557880761422109
GTEX-T6MN-2626-SM-32PMQ	Excit	0.0997615267144503
GTEX-T6MN-2626-SM-32PMQ	Astro	0.23064486009445
GTEX-T6MN-2626-SM-32PMQ	Inhib	0.00554921765062563
GTEX-T6MN-2626-SM-32PMQ	Micro	0.000707448729493739
GTEX-T6MN-2626-SM-32PMQ	OPC	0.0277871427558871
GTEX-T6MN-2626-SM-32PMQ	Mural	0.0765833465165259
GTEX-T6MN-2626-SM-32PMQ	Immune	0.00108569611645846
GTEX-TSE9-3026-SM-3DB76	Oligo	0.0642134407119243
GTEX-TSE9-3026-SM-3DB76	Excit	0.213249711153461
GTEX-TSE9-3026-SM-3DB76	Astro	0.474268247199201
GTEX-TSE9-3026-SM-3DB76	Inhib	0.0124256784346116
GTEX-TSE9-3026-SM-3DB76	Micro	0.00374203514228845
GTEX-TSE9-3026-SM-3DB76	OPC	0.070283218958642
GTEX-TSE9-3026-SM-3DB76	Mural	0.082425347251105
GTEX-TSE9-3026-SM-3DB76	Immune	0.0793923211487666
GTEX-UTHO-3026-SM-3GAFB	Oligo	0.596412568112111
GTEX-UTHO-3026-SM-3GAFB	Excit	0.0887963948573681
GTEX-UTHO-3026-SM-3GAFB	Astro	0.136197931379768
GTEX-UTHO-3026-SM-3GAFB	Inhib	0.000659335777076393
GTEX-UTHO-3026-SM-3GAFB	Micro	0.0015161751198543
GTEX-UTHO-3026-SM-3GAFB	OPC	0.0491557124782569
GTEX-UTHO-3026-SM-3GAFB	Mural	0.0673537303976316
GTEX-UTHO-3026-SM-3GAFB	Immune	0.0599081518779338
GTEX-WHSE-3026-SM-3P5ZH	Oligo	0.390055238445282
GTEX-WHSE-3026-SM-3P5ZH	Excit	0.0898318095193487
GTEX-WHSE-3026-SM-3P5ZH	Astro	0.354100638562011
GTEX-WHSE-3026-SM-3P5ZH	Inhib	0.022638360232885
GTEX-WHSE-3026-SM-3P5ZH	Micro	0.0150331192482771
GTEX-WHSE-3026-SM-3P5ZH	OPC	0.0293032967905827
GTEX-WHSE-3026-SM-3P5ZH	Mural	0.0457770060924325
GTEX-WHSE-3026-SM-3P5ZH	Immune	0.0532605311091804
GTEX-WL46-2926-SM-3LK82	Oligo	0.724139780976772
GTEX-WL46-2926-SM-3LK82	Excit	0.0924668490394002
GTEX-WL46-2926-SM-3LK82	Astro	0.081644648424453
GTEX-WL46-2926-SM-3LK82	Inhib	0.0105123802254699
GTEX-WL46-2926-SM-3LK82	Micro	0.00120287367976855
GTEX-WL46-2926-SM-3LK82	OPC	0.0307813929848351
GTEX-WL46-2926-SM-3LK82	Mural	0.0592520746693015
GTEX-WL46-2926-SM-3LK82	Immune	0
GTEX-WVLH-3026-SM-3MJG9	Oligo	0.360239516557906
GTEX-WVLH-3026-SM-3MJG9	Excit	0.21395791514198
GTEX-WVLH-3026-SM-3MJG9	Astro	0.203222241992821
GTEX-WVLH-3026-SM-3MJG9	Inhib	0.0232265833829438
GTEX-WVLH-3026-SM-3MJG9	Micro	0.00856636452411028
GTEX-WVLH-3026-SM-3MJG9	OPC	0.0484548833178212
GTEX-WVLH-3026-SM-3MJG9	Mural	0.087480965560431
GTEX-WVLH-3026-SM-3MJG9	Immune	0.0548515295219868
GTEX-WWYW-3126-SM-3NB39	Oligo	0.16706162758511
GTEX-WWYW-3126-SM-3NB39	Excit	0.127921384838962
GTEX-WWYW-3126-SM-3NB39	Astro	0.42599072477882
GTEX-WWYW-3126-SM-3NB39	Inhib	0.000778582817659382
GTEX-WWYW-3126-SM-3NB39	Micro	0.00767629092772236
GTEX-WWYW-3126-SM-3NB39	OPC	0.0325853416353801
GTEX-WWYW-3126-SM-3NB39	Mural	0.0858876895043603
GTEX-WWYW-3126-SM-3NB39	Immune	0.152098357911986
GTEX-WZTO-2926-SM-3NM9I	Oligo	0.12259310415535
GTEX-WZTO-2926-SM-3NM9I	Excit	0.156366472156964
GTEX-WZTO-2926-SM-3NM9I	Astro	0.345734611652577
GTEX-WZTO-2926-SM-3NM9I	Inhib	0.0292552090736716
GTEX-WZTO-2926-SM-3NM9I	Micro	0.0159879275107277
GTEX-WZTO-2926-SM-3NM9I	OPC	0.0343535977784376
GTEX-WZTO-2926-SM-3NM9I	Mural	0.279176507798209
GTEX-WZTO-2926-SM-3NM9I	Immune	0.0165325698740634
GTEX-X4XX-3026-SM-3NMB2	Oligo	0.10754066520786
GTEX-X4XX-3026-SM-3NMB2	Excit	0.161186171121208
GTEX-X4XX-3026-SM-3NMB2	Astro	0.497862947635438
GTEX-X4XX-3026-SM-3NMB2	Inhib	0
GTEX-X4XX-3026-SM-3NMB2	Micro	0.0130377412134575
GTEX-X4XX-3026-SM-3NMB2	OPC	0.0323437112930705
GTEX-X4XX-3026-SM-3NMB2	Mural	0.115757917620394
GTEX-X4XX-3026-SM-3NMB2	Immune	0.072270845908572
GTEX-X4XY-3026-SM-EWRM9	Oligo	0.321223237718024
GTEX-X4XY-3026-SM-EWRM9	Excit	0.115465906722123
GTEX-X4XY-3026-SM-EWRM9	Astro	0.207125701480167
GTEX-X4XY-3026-SM-EWRM9	Inhib	0.0297270447637179
GTEX-X4XY-3026-SM-EWRM9	Micro	0
GTEX-X4XY-3026-SM-EWRM9	OPC	0.0163870742916548
GTEX-X4XY-3026-SM-EWRM9	Mural	0.277877565742835
GTEX-X4XY-3026-SM-EWRM9	Immune	0.0321934692814793
GTEX-X585-3026-SM-46MWF	Oligo	0.287236406588049
GTEX-X585-3026-SM-46MWF	Excit	0.0450381488006044
GTEX-X585-3026-SM-46MWF	Astro	0.388879523569422
GTEX-X585-3026-SM-46MWF	Inhib	0.0124335356071265
GTEX-X585-3026-SM-46MWF	Micro	0.0319440345181032
GTEX-X585-3026-SM-46MWF	OPC	0.00646992344785063
GTEX-X585-3026-SM-46MWF	Mural	0.0809024330624746
GTEX-X585-3026-SM-46MWF	Immune	0.14709599440637
GTEX-XLM4-3026-SM-4AT6L	Oligo	0.344452056506785
GTEX-XLM4-3026-SM-4AT6L	Excit	0.0832587849906167
GTEX-XLM4-3026-SM-4AT6L	Astro	0.374137818945561
GTEX-XLM4-3026-SM-4AT6L	Inhib	0.00453200606008853
GTEX-XLM4-3026-SM-4AT6L	Micro	0.00424804475517172
GTEX-XLM4-3026-SM-4AT6L	OPC	0.0289297121832784
GTEX-XLM4-3026-SM-4AT6L	Mural	0.0555114153796211
GTEX-XLM4-3026-SM-4AT6L	Immune	0.104930161178878
GTEX-Y111-2726-SM-4TT3N	Oligo	0.297577179674115
GTEX-Y111-2726-SM-4TT3N	Excit	0.110013878103422
GTEX-Y111-2726-SM-4TT3N	Astro	0.39549715548886
GTEX-Y111-2726-SM-4TT3N	Inhib	0.0192234988871833
GTEX-Y111-2726-SM-4TT3N	Micro	0.0104106298837731
GTEX-Y111-2726-SM-4TT3N	OPC	0.0295107024047228
GTEX-Y111-2726-SM-4TT3N	Mural	0.121584715535049
GTEX-Y111-2726-SM-4TT3N	Immune	0.0161822400228754
GTEX-Y8DK-0826-SM-4TT3T	Oligo	0.25072152047481
GTEX-Y8DK-0826-SM-4TT3T	Excit	0.109507057201047
GTEX-Y8DK-0826-SM-4TT3T	Astro	0.420151121361542
GTEX-Y8DK-0826-SM-4TT3T	Inhib	0.00361605850851189
GTEX-Y8DK-0826-SM-4TT3T	Micro	0.00827937780381427
GTEX-Y8DK-0826-SM-4TT3T	OPC	0.0416597825895173
GTEX-Y8DK-0826-SM-4TT3T	Mural	0.141920518067179
GTEX-Y8DK-0826-SM-4TT3T	Immune	0.0241445639935792
GTEX-YFC4-3126-SM-5PNV6	Oligo	0.531194935755415
GTEX-YFC4-3126-SM-5PNV6	Excit	0.0768990614189284
GTEX-YFC4-3126-SM-5PNV6	Astro	0.235846837187615
GTEX-YFC4-3126-SM-5PNV6	Inhib	0.0170192004921176
GTEX-YFC4-3126-SM-5PNV6	Micro	1.22906826025587e-05
GTEX-YFC4-3126-SM-5PNV6	OPC	0.0212814949355153
GTEX-YFC4-3126-SM-5PNV6	Mural	0.0594965689271617
GTEX-YFC4-3126-SM-5PNV6	Immune	0.0582496106006445
GTEX-YJ89-3026-SM-5IFJI	Oligo	0.223393336222456
GTEX-YJ89-3026-SM-5IFJI	Excit	0.12512778228415
GTEX-YJ89-3026-SM-5IFJI	Astro	0.482220433593502
GTEX-YJ89-3026-SM-5IFJI	Inhib	0.00996656619068924
GTEX-YJ89-3026-SM-5IFJI	Micro	0.00581304423511126
GTEX-YJ89-3026-SM-5IFJI	OPC	0.0444263359593074
GTEX-YJ89-3026-SM-5IFJI	Mural	0.101789843976683
GTEX-YJ89-3026-SM-5IFJI	Immune	0.00726265753810112
GTEX-Z93S-2926-SM-57WB9	Oligo	0.209414779707178
GTEX-Z93S-2926-SM-57WB9	Excit	0.274443096280774
GTEX-Z93S-2926-SM-57WB9	Astro	0.247842838400788
GTEX-Z93S-2926-SM-57WB9	Inhib	0.000731465456878223
GTEX-Z93S-2926-SM-57WB9	Micro	0.000627985678093777
GTEX-Z93S-2926-SM-57WB9	OPC	0.068585786126907
GTEX-Z93S-2926-SM-57WB9	Mural	0.143453196499514
GTEX-Z93S-2926-SM-57WB9	Immune	0.0549008518498664
GTEX-ZAJG-3126-SM-5HL9J	Oligo	0.616318715629035
GTEX-ZAJG-3126-SM-5HL9J	Excit	0.0267045765620497
GTEX-ZAJG-3126-SM-5HL9J	Astro	0.214298711958788
GTEX-ZAJG-3126-SM-5HL9J	Inhib	0.00376354171142166
GTEX-ZAJG-3126-SM-5HL9J	Micro	0
GTEX-ZAJG-3126-SM-5HL9J	OPC	0.0324511238162663
GTEX-ZAJG-3126-SM-5HL9J	Mural	0.0420826017058484
GTEX-ZAJG-3126-SM-5HL9J	Immune	0.0643807286165911
GTEX-ZAK1-3026-SM-5S2MJ	Oligo	0.182933708405424
GTEX-ZAK1-3026-SM-5S2MJ	Excit	0.102594895426945
GTEX-ZAK1-3026-SM-5S2MJ	Astro	0.458857222205933
GTEX-ZAK1-3026-SM-5S2MJ	Inhib	0.0124326649414514
GTEX-ZAK1-3026-SM-5S2MJ	Micro	0.0101625203940347
GTEX-ZAK1-3026-SM-5S2MJ	OPC	0.0690638463679234
GTEX-ZAK1-3026-SM-5S2MJ	Mural	0.129372065450822
GTEX-ZAK1-3026-SM-5S2MJ	Immune	0.0345830768074667
GTEX-ZDXO-2126-SM-4WKFI	Oligo	0.262806287770667
GTEX-ZDXO-2126-SM-4WKFI	Excit	0.0537785569188748
GTEX-ZDXO-2126-SM-4WKFI	Astro	0.556720842207528
GTEX-ZDXO-2126-SM-4WKFI	Inhib	0.00485841754109921
GTEX-ZDXO-2126-SM-4WKFI	Micro	0.000953127370234772
GTEX-ZDXO-2126-SM-4WKFI	OPC	0.0357713926639617
GTEX-ZDXO-2126-SM-4WKFI	Mural	0.075802778460311
GTEX-ZDXO-2126-SM-4WKFI	Immune	0.00930859706732303
GTEX-ZE7O-3126-SM-5HL5X	Oligo	0.0755818623289724
GTEX-ZE7O-3126-SM-5HL5X	Excit	0.042949497293818
GTEX-ZE7O-3126-SM-5HL5X	Astro	0.679359624528407
GTEX-ZE7O-3126-SM-5HL5X	Inhib	0.0190133723503271
GTEX-ZE7O-3126-SM-5HL5X	Micro	0
GTEX-ZE7O-3126-SM-5HL5X	OPC	0.0475409706787447
GTEX-ZE7O-3126-SM-5HL5X	Mural	0.101796083902831
GTEX-ZE7O-3126-SM-5HL5X	Immune	0.0337585889168995
GTEX-ZE9C-3026-SM-4WKHB	Oligo	0.411296856719864
GTEX-ZE9C-3026-SM-4WKHB	Excit	0.0634213434410089
GTEX-ZE9C-3026-SM-4WKHB	Astro	0.392451914541606
GTEX-ZE9C-3026-SM-4WKHB	Inhib	0.0119081810936925
GTEX-ZE9C-3026-SM-4WKHB	Micro	0
GTEX-ZE9C-3026-SM-4WKHB	OPC	0.0215513001425929
GTEX-ZE9C-3026-SM-4WKHB	Mural	0.0710151847915701
GTEX-ZE9C-3026-SM-4WKHB	Immune	0.0283552192696661
GTEX-ZF28-3026-SM-4WKHP	Oligo	0.108074263898404
GTEX-ZF28-3026-SM-4WKHP	Excit	0.0661831080037586
GTEX-ZF28-3026-SM-4WKHP	Astro	0.643036173843778
GTEX-ZF28-3026-SM-4WKHP	Inhib	0.0105795406686901
GTEX-ZF28-3026-SM-4WKHP	Micro	0
GTEX-ZF28-3026-SM-4WKHP	OPC	0.0283381105775649
GTEX-ZF28-3026-SM-4WKHP	Mural	0.0703325237436521
GTEX-ZF28-3026-SM-4WKHP	Immune	0.0734562792641521
GTEX-ZUA1-3026-SM-59HJC	Oligo	0.157251879729499
GTEX-ZUA1-3026-SM-59HJC	Excit	0.142858141389042
GTEX-ZUA1-3026-SM-59HJC	Astro	0.45079955525033
GTEX-ZUA1-3026-SM-59HJC	Inhib	0.043947576429596
GTEX-ZUA1-3026-SM-59HJC	Micro	0.0258583907152192
GTEX-ZUA1-3026-SM-59HJC	OPC	0.0389237507363033
GTEX-ZUA1-3026-SM-59HJC	Mural	0.101512422837741
GTEX-ZUA1-3026-SM-59HJC	Immune	0.0388482829122694
GTEX-ZVT3-3026-SM-5E43N	Oligo	0.0983481932594001
GTEX-ZVT3-3026-SM-5E43N	Excit	0.0917298184384405
GTEX-ZVT3-3026-SM-5E43N	Astro	0.588176958614029
GTEX-ZVT3-3026-SM-5E43N	Inhib	0.000896329984060528
GTEX-ZVT3-3026-SM-5E43N	Micro	0.000539774680616221
GTEX-ZVT3-3026-SM-5E43N	OPC	0.0500254149885943
GTEX-ZVT3-3026-SM-5E43N	Mural	0.113509973888294
GTEX-ZVT3-3026-SM-5E43N	Immune	0.0567735361465657
GTEX-ZVZQ-2926-SM-GPI93	Oligo	0.132716468145693
GTEX-ZVZQ-2926-SM-GPI93	Excit	0.0201003146876263
GTEX-ZVZQ-2926-SM-GPI93	Astro	0.40115401349244
GTEX-ZVZQ-2926-SM-GPI93	Inhib	0.0226728042177184
GTEX-ZVZQ-2926-SM-GPI93	Micro	0.00470177070671873
GTEX-ZVZQ-2926-SM-GPI93	OPC	0.0409534705928671
GTEX-ZVZQ-2926-SM-GPI93	Mural	0.246684469379602
GTEX-ZVZQ-2926-SM-GPI93	Immune	0.131016688777334
GTEX-ZYFD-3026-SM-5E44C	Oligo	0.331538166532877
GTEX-ZYFD-3026-SM-5E44C	Excit	0.128213419005662
GTEX-ZYFD-3026-SM-5E44C	Astro	0.358049653227609
GTEX-ZYFD-3026-SM-5E44C	Inhib	0.00948346399585205
GTEX-ZYFD-3026-SM-5E44C	Micro	0
GTEX-ZYFD-3026-SM-5E44C	OPC	0.0276833242199757
GTEX-ZYFD-3026-SM-5E44C	Mural	0.0431605606509853
GTEX-ZYFD-3026-SM-5E44C	Immune	0.101871412367039
GTEX-ZYY3-3126-SM-5MR6M	Oligo	0.0343204326229709
GTEX-ZYY3-3126-SM-5MR6M	Excit	0.0413227630186061
GTEX-ZYY3-3126-SM-5MR6M	Astro	0.377242068168533
GTEX-ZYY3-3126-SM-5MR6M	Inhib	0.000261609490221515
GTEX-ZYY3-3126-SM-5MR6M	Micro	0.0028765235415772
GTEX-ZYY3-3126-SM-5MR6M	OPC	0.038485212086136
GTEX-ZYY3-3126-SM-5MR6M	Mural	0.331340555137086
GTEX-ZYY3-3126-SM-5MR6M	Immune	0.174150835934869
GTEX-ZZPT-3026-SM-5GZXH	Oligo	0.144145349644825
GTEX-ZZPT-3026-SM-5GZXH	Excit	0.0161945927978562
GTEX-ZZPT-3026-SM-5GZXH	Astro	0.679412783950827
GTEX-ZZPT-3026-SM-5GZXH	Inhib	0.00127707807683701
GTEX-ZZPT-3026-SM-5GZXH	Micro	0.000179905323336788
GTEX-ZZPT-3026-SM-5GZXH	OPC	0.0148432700241315
GTEX-ZZPT-3026-SM-5GZXH	Mural	0.0863860722172039
GTEX-ZZPT-3026-SM-5GZXH	Immune	0.057560947964983
