sample_id	cell_type	proportion
GTEX-1117F-0011-R10b-SM-GI4VE	Oligo	0.191639931219111
GTEX-1117F-0011-R10b-SM-GI4VE	Excit	0.0636518006614533
GTEX-1117F-0011-R10b-SM-GI4VE	Astro	0.497556275120324
GTEX-1117F-0011-R10b-SM-GI4VE	Inhib	0.00627222326000381
GTEX-1117F-0011-R10b-SM-GI4VE	Micro	0.0108613224830777
GTEX-1117F-0011-R10b-SM-GI4VE	OPC	0.0451909211757599
GTEX-1117F-0011-R10b-SM-GI4VE	Mural	0.0953495573414444
GTEX-1117F-0011-R10b-SM-GI4VE	Immune	0.0894779687388254
GTEX-111FC-0011-R10a-SM-GIN8G	Oligo	0.334390899018624
GTEX-111FC-0011-R10a-SM-GIN8G	Excit	0.209110919447779
GTEX-111FC-0011-R10a-SM-GIN8G	Astro	0.137297153508491
GTEX-111FC-0011-R10a-SM-GIN8G	Inhib	0.0610414980945243
GTEX-111FC-0011-R10a-SM-GIN8G	Micro	0.0131056166268313
GTEX-111FC-0011-R10a-SM-GIN8G	OPC	0.0369182580001669
GTEX-111FC-0011-R10a-SM-GIN8G	Mural	0.145166334744552
GTEX-111FC-0011-R10a-SM-GIN8G	Immune	0.0629693205590315
GTEX-117XS-0011-R10b-SM-GIN8Z	Oligo	0.290708354775493
GTEX-117XS-0011-R10b-SM-GIN8Z	Excit	0.234421634321827
GTEX-117XS-0011-R10b-SM-GIN8Z	Astro	0.111852130441446
GTEX-117XS-0011-R10b-SM-GIN8Z	Inhib	0.0392262000418639
GTEX-117XS-0011-R10b-SM-GIN8Z	Micro	0.018942943726691
GTEX-117XS-0011-R10b-SM-GIN8Z	OPC	0.0550851311731509
GTEX-117XS-0011-R10b-SM-GIN8Z	Mural	0.203746719167121
GTEX-117XS-0011-R10b-SM-GIN8Z	Immune	0.0460168863524063
GTEX-1192W-0011-R10b-SM-GHWOF	Oligo	0.188845250776519
GTEX-1192W-0011-R10b-SM-GHWOF	Excit	0.048731764887587
GTEX-1192W-0011-R10b-SM-GHWOF	Astro	0.589597300211502
GTEX-1192W-0011-R10b-SM-GHWOF	Inhib	0.0272161032779607
GTEX-1192W-0011-R10b-SM-GHWOF	Micro	0.0143336412964444
GTEX-1192W-0011-R10b-SM-GHWOF	OPC	0.0388243092959924
GTEX-1192W-0011-R10b-SM-GHWOF	Mural	0.0918309354936971
GTEX-1192W-0011-R10b-SM-GHWOF	Immune	0.000620694760297732
GTEX-1192X-0011-R10a-SM-DO941	Oligo	0.0670941695618075
GTEX-1192X-0011-R10a-SM-DO941	Excit	0.214221764897869
GTEX-1192X-0011-R10a-SM-DO941	Astro	0.528484745190486
GTEX-1192X-0011-R10a-SM-DO941	Inhib	0.000472153533747414
GTEX-1192X-0011-R10a-SM-DO941	Micro	0.0206587884943568
GTEX-1192X-0011-R10a-SM-DO941	OPC	0.0261545224021632
GTEX-1192X-0011-R10a-SM-DO941	Mural	0.0812904482131003
GTEX-1192X-0011-R10a-SM-DO941	Immune	0.0616234077064697
GTEX-11DXW-0011-R10b-SM-GI4VP	Oligo	0.260383785336374
GTEX-11DXW-0011-R10b-SM-GI4VP	Excit	0.119053208824297
GTEX-11DXW-0011-R10b-SM-GI4VP	Astro	0.395747866970879
GTEX-11DXW-0011-R10b-SM-GI4VP	Inhib	0.0284161663307771
GTEX-11DXW-0011-R10b-SM-GI4VP	Micro	0.00184712172938294
GTEX-11DXW-0011-R10b-SM-GI4VP	OPC	0.0453130764491164
GTEX-11DXW-0011-R10b-SM-GI4VP	Mural	0.102830347524641
GTEX-11DXW-0011-R10b-SM-GI4VP	Immune	0.0464084268345314
GTEX-11DXY-0011-R10b-SM-DO12C	Oligo	0.276902615614681
GTEX-11DXY-0011-R10b-SM-DO12C	Excit	0.206000504730088
GTEX-11DXY-0011-R10b-SM-DO12C	Astro	0.259399010662471
GTEX-11DXY-0011-R10b-SM-DO12C	Inhib	0.0292161921230058
GTEX-11DXY-0011-R10b-SM-DO12C	Micro	0.0280285094655125
GTEX-11DXY-0011-R10b-SM-DO12C	OPC	0.027279892712206
GTEX-11DXY-0011-R10b-SM-DO12C	Mural	0.123515835164782
GTEX-11DXY-0011-R10b-SM-DO12C	Immune	0.049657439527254
GTEX-11DYG-0011-R10b-SM-DNZZO	Oligo	0.480949619540208
GTEX-11DYG-0011-R10b-SM-DNZZO	Excit	0.106964764934764
GTEX-11DYG-0011-R10b-SM-DNZZO	Astro	0.195110149331703
GTEX-11DYG-0011-R10b-SM-DNZZO	Inhib	0.0270650819634143
GTEX-11DYG-0011-R10b-SM-DNZZO	Micro	0.000402596631905017
GTEX-11DYG-0011-R10b-SM-DNZZO	OPC	0.0689927060209382
GTEX-11DYG-0011-R10b-SM-DNZZO	Mural	0.106517295693611
GTEX-11DYG-0011-R10b-SM-DNZZO	Immune	0.0139977858834565
GTEX-11DZ1-0011-R10b-SM-DO943	Oligo	0.10391588687354
GTEX-11DZ1-0011-R10b-SM-DO943	Excit	0.133749977641479
GTEX-11DZ1-0011-R10b-SM-DO943	Astro	0.488959993721701
GTEX-11DZ1-0011-R10b-SM-DO943	Inhib	0.0215804248756203
GTEX-11DZ1-0011-R10b-SM-DO943	Micro	0.0191827806605637
GTEX-11DZ1-0011-R10b-SM-DO943	OPC	0.0320778313330125
GTEX-11DZ1-0011-R10b-SM-DO943	Mural	0.126280343256626
GTEX-11DZ1-0011-R10b-SM-DO943	Immune	0.0742527616374571
GTEX-11EI6-0011-R10a-SM-DO93R	Oligo	0.258349983357771
GTEX-11EI6-0011-R10a-SM-DO93R	Excit	0.02312183613418
GTEX-11EI6-0011-R10a-SM-DO93R	Astro	0.533135731128981
GTEX-11EI6-0011-R10a-SM-DO93R	Inhib	0.0308283377149238
GTEX-11EI6-0011-R10a-SM-DO93R	Micro	0.0104249613820584
GTEX-11EI6-0011-R10a-SM-DO93R	OPC	0.0399812191870591
GTEX-11EI6-0011-R10a-SM-DO93R	Mural	0.104157931095027
GTEX-11EI6-0011-R10a-SM-DO93R	Immune	0
GTEX-11EMC-0011-R10a-SM-DNZZJ	Oligo	0.129713001982059
GTEX-11EMC-0011-R10a-SM-DNZZJ	Excit	0.130244757146687
GTEX-11EMC-0011-R10a-SM-DNZZJ	Astro	0.497917751040597
GTEX-11EMC-0011-R10a-SM-DNZZJ	Inhib	0.0111364630044865
GTEX-11EMC-0011-R10a-SM-DNZZJ	Micro	0
GTEX-11EMC-0011-R10a-SM-DNZZJ	OPC	0.0339461495963079
GTEX-11EMC-0011-R10a-SM-DNZZJ	Mural	0.122490981221716
GTEX-11EMC-0011-R10a-SM-DNZZJ	Immune	0.0745508960081458
GTEX-11GS4-0011-R10a-SM-GJ3RD	Oligo	0.165303296699409
GTEX-11GS4-0011-R10a-SM-GJ3RD	Excit	0.117939570858072
GTEX-11GS4-0011-R10a-SM-GJ3RD	Astro	0.496064306577934
GTEX-11GS4-0011-R10a-SM-GJ3RD	Inhib	0.0239306896729754
GTEX-11GS4-0011-R10a-SM-GJ3RD	Micro	0.00578642829401669
GTEX-11GS4-0011-R10a-SM-GJ3RD	OPC	0.0272396556082929
GTEX-11GS4-0011-R10a-SM-GJ3RD	Mural	0.117454488891464
GTEX-11GS4-0011-R10a-SM-GJ3RD	Immune	0.046281563397837
GTEX-11GSO-0011-R10a-SM-H65ZJ	Oligo	0.401193294356604
GTEX-11GSO-0011-R10a-SM-H65ZJ	Excit	0.119406983884438
GTEX-11GSO-0011-R10a-SM-H65ZJ	Astro	0.256753230795098
GTEX-11GSO-0011-R10a-SM-H65ZJ	Inhib	0.0250879728469515
GTEX-11GSO-0011-R10a-SM-H65ZJ	Micro	0.00682674701903602
GTEX-11GSO-0011-R10a-SM-H65ZJ	OPC	0.0267216071021278
GTEX-11GSO-0011-R10a-SM-H65ZJ	Mural	0.0888514193841288
GTEX-11GSO-0011-R10a-SM-H65ZJ	Immune	0.0751587446116162
GTEX-11GSP-0011-R10a-SM-5NQ7J	Oligo	0.268640606618965
GTEX-11GSP-0011-R10a-SM-5NQ7J	Excit	0.00698142054068133
GTEX-11GSP-0011-R10a-SM-5NQ7J	Astro	0.594244735983064
GTEX-11GSP-0011-R10a-SM-5NQ7J	Inhib	0.00158866855518576
GTEX-11GSP-0011-R10a-SM-5NQ7J	Micro	0.00186546418901054
GTEX-11GSP-0011-R10a-SM-5NQ7J	OPC	0.0298920464535484
GTEX-11GSP-0011-R10a-SM-5NQ7J	Mural	0.0960737238960635
GTEX-11GSP-0011-R10a-SM-5NQ7J	Immune	0.00071333376348199
GTEX-11H98-0011-R10b-SM-5NQ98	Oligo	0.0344598985703725
GTEX-11H98-0011-R10b-SM-5NQ98	Excit	0.105388045400532
GTEX-11H98-0011-R10b-SM-5NQ98	Astro	0.62731194112344
GTEX-11H98-0011-R10b-SM-5NQ98	Inhib	0.00520383204366338
GTEX-11H98-0011-R10b-SM-5NQ98	Micro	0.0114996095225012
GTEX-11H98-0011-R10b-SM-5NQ98	OPC	0.0285709920311671
GTEX-11H98-0011-R10b-SM-5NQ98	Mural	0.115032911971313
GTEX-11H98-0011-R10b-SM-5NQ98	Immune	0.0725327693370099
GTEX-11NV4-0011-R10b-SM-GI4W2	Oligo	0.433165726096277
GTEX-11NV4-0011-R10b-SM-GI4W2	Excit	0.0886882349540496
GTEX-11NV4-0011-R10b-SM-GI4W2	Astro	0.175758656093686
GTEX-11NV4-0011-R10b-SM-GI4W2	Inhib	0.0392583565554567
GTEX-11NV4-0011-R10b-SM-GI4W2	Micro	0.0632677599020999
GTEX-11NV4-0011-R10b-SM-GI4W2	OPC	0.046469398585292
GTEX-11NV4-0011-R10b-SM-GI4W2	Mural	0.152886683547892
GTEX-11NV4-0011-R10b-SM-GI4W2	Immune	0.000505184265246871
GTEX-11O72-0011-R10a-SM-H65ZU	Oligo	0.0370539649902371
GTEX-11O72-0011-R10a-SM-H65ZU	Excit	0.0746575523108867
GTEX-11O72-0011-R10a-SM-H65ZU	Astro	0.66328113948514
GTEX-11O72-0011-R10a-SM-H65ZU	Inhib	0.0196876712109527
GTEX-11O72-0011-R10a-SM-H65ZU	Micro	0.00291281247146969
GTEX-11O72-0011-R10a-SM-H65ZU	OPC	0.0424849118336961
GTEX-11O72-0011-R10a-SM-H65ZU	Mural	0.0970777207284233
GTEX-11O72-0011-R10a-SM-H65ZU	Immune	0.0628442269691947
GTEX-11OF3-0011-R10b-SM-GI4W3	Oligo	0.266089257660776
GTEX-11OF3-0011-R10b-SM-GI4W3	Excit	0.279692710438374
GTEX-11OF3-0011-R10b-SM-GI4W3	Astro	0.169409423995533
GTEX-11OF3-0011-R10b-SM-GI4W3	Inhib	0.0645227089179349
GTEX-11OF3-0011-R10b-SM-GI4W3	Micro	0.0116269687107392
GTEX-11OF3-0011-R10b-SM-GI4W3	OPC	0.0394734184560204
GTEX-11OF3-0011-R10b-SM-GI4W3	Mural	0.1156016123292
GTEX-11OF3-0011-R10b-SM-GI4W3	Immune	0.0535838994914218
GTEX-11ONC-0011-R10a-SM-HAUZW	Oligo	0.419518051158794
GTEX-11ONC-0011-R10a-SM-HAUZW	Excit	0.08047446397589
GTEX-11ONC-0011-R10a-SM-HAUZW	Astro	0.387064382531508
GTEX-11ONC-0011-R10a-SM-HAUZW	Inhib	0.00860403463941675
GTEX-11ONC-0011-R10a-SM-HAUZW	Micro	0.000432345843124462
GTEX-11ONC-0011-R10a-SM-HAUZW	OPC	0.0267854596732531
GTEX-11ONC-0011-R10a-SM-HAUZW	Mural	0.0771212621780141
GTEX-11ONC-0011-R10a-SM-HAUZW	Immune	0
GTEX-11PRG-0011-R10b-SM-DO93G	Oligo	0.121208235765103
GTEX-11PRG-0011-R10b-SM-DO93G	Excit	0.157802912522529
GTEX-11PRG-0011-R10b-SM-DO93G	Astro	0.435194400042784
GTEX-11PRG-0011-R10b-SM-DO93G	Inhib	0.0391114387207918
GTEX-11PRG-0011-R10b-SM-DO93G	Micro	0.000988413318871686
GTEX-11PRG-0011-R10b-SM-DO93G	OPC	0.0537582699054222
GTEX-11PRG-0011-R10b-SM-DO93G	Mural	0.123500236810085
GTEX-11PRG-0011-R10b-SM-DO93G	Immune	0.0684360929144126
GTEX-11TTK-0011-R10b-SM-DO925	Oligo	0.581577606526105
GTEX-11TTK-0011-R10b-SM-DO925	Excit	0.00388294021592684
GTEX-11TTK-0011-R10b-SM-DO925	Astro	0.318406748024657
GTEX-11TTK-0011-R10b-SM-DO925	Inhib	0.00253926101603828
GTEX-11TTK-0011-R10b-SM-DO925	Micro	0.00755468684113549
GTEX-11TTK-0011-R10b-SM-DO925	OPC	0.0358663588547672
GTEX-11TTK-0011-R10b-SM-DO925	Mural	0.0501723985213706
GTEX-11TTK-0011-R10b-SM-DO925	Immune	0
GTEX-11TUW-0011-R10a-SM-DO924	Oligo	0.34298121906908
GTEX-11TUW-0011-R10a-SM-DO924	Excit	0.000142276691618698
GTEX-11TUW-0011-R10a-SM-DO924	Astro	0.477153532909581
GTEX-11TUW-0011-R10a-SM-DO924	Inhib	0.00198158993940768
GTEX-11TUW-0011-R10a-SM-DO924	Micro	0.000995754468351926
GTEX-11TUW-0011-R10a-SM-DO924	OPC	0.0145322615782125
GTEX-11TUW-0011-R10a-SM-DO924	Mural	0.112943497763852
GTEX-11TUW-0011-R10a-SM-DO924	Immune	0.0492698675798957
GTEX-11UD1-0011-R10a-SM-GIN97	Oligo	0.0798161124631692
GTEX-11UD1-0011-R10a-SM-GIN97	Excit	0.0553843430723986
GTEX-11UD1-0011-R10a-SM-GIN97	Astro	0.705996463447763
GTEX-11UD1-0011-R10a-SM-GIN97	Inhib	0.000841623538340344
GTEX-11UD1-0011-R10a-SM-GIN97	Micro	0.00154034488039016
GTEX-11UD1-0011-R10a-SM-GIN97	OPC	0.0301466800824357
GTEX-11UD1-0011-R10a-SM-GIN97	Mural	0.126164544713201
GTEX-11UD1-0011-R10a-SM-GIN97	Immune	0.000109887802301845
GTEX-11WQC-0011-R10a-SM-57WCT	Oligo	0.128017301038242
GTEX-11WQC-0011-R10a-SM-57WCT	Excit	0.0300054417649286
GTEX-11WQC-0011-R10a-SM-57WCT	Astro	0.687612612967543
GTEX-11WQC-0011-R10a-SM-57WCT	Inhib	0.0040756658010165
GTEX-11WQC-0011-R10a-SM-57WCT	Micro	0.00381660131355882
GTEX-11WQC-0011-R10a-SM-57WCT	OPC	0.0470669233565872
GTEX-11WQC-0011-R10a-SM-57WCT	Mural	0.0968351618173807
GTEX-11WQC-0011-R10a-SM-57WCT	Immune	0.00257029194074373
GTEX-11WQK-0011-R10a-SM-5BC6R	Oligo	0.0723024188151248
GTEX-11WQK-0011-R10a-SM-5BC6R	Excit	0.0388046852999841
GTEX-11WQK-0011-R10a-SM-5BC6R	Astro	0.578052593153473
GTEX-11WQK-0011-R10a-SM-5BC6R	Inhib	0.0123755136148165
GTEX-11WQK-0011-R10a-SM-5BC6R	Micro	0.0187895823769095
GTEX-11WQK-0011-R10a-SM-5BC6R	OPC	0.0228014367028954
GTEX-11WQK-0011-R10a-SM-5BC6R	Mural	0.153379632551062
GTEX-11WQK-0011-R10a-SM-5BC6R	Immune	0.103494137485736
GTEX-11ZTS-0011-R10a-SM-DO93S	Oligo	0.295349448419226
GTEX-11ZTS-0011-R10a-SM-DO93S	Excit	0.0490258864644533
GTEX-11ZTS-0011-R10a-SM-DO93S	Astro	0.532588966572265
GTEX-11ZTS-0011-R10a-SM-DO93S	Inhib	0.00624760014832256
GTEX-11ZTS-0011-R10a-SM-DO93S	Micro	0.00130325612206196
GTEX-11ZTS-0011-R10a-SM-DO93S	OPC	0.0321558896190583
GTEX-11ZTS-0011-R10a-SM-DO93S	Mural	0.0718031497760889
GTEX-11ZTS-0011-R10a-SM-DO93S	Immune	0.0115258028785238
GTEX-11ZU8-0011-R10a-SM-GI4W8	Oligo	0.347952000520058
GTEX-11ZU8-0011-R10a-SM-GI4W8	Excit	0.00535331374731076
GTEX-11ZU8-0011-R10a-SM-GI4W8	Astro	0.549590496647873
GTEX-11ZU8-0011-R10a-SM-GI4W8	Inhib	0.0120107854097863
GTEX-11ZU8-0011-R10a-SM-GI4W8	Micro	0
GTEX-11ZU8-0011-R10a-SM-GI4W8	OPC	0.0192507749781253
GTEX-11ZU8-0011-R10a-SM-GI4W8	Mural	0.0658426286968463
GTEX-11ZU8-0011-R10a-SM-GI4W8	Immune	0
GTEX-11ZUS-0011-R10b-SM-5BC79	Oligo	0.103154147821887
GTEX-11ZUS-0011-R10b-SM-5BC79	Excit	0.0272980898862016
GTEX-11ZUS-0011-R10b-SM-5BC79	Astro	0.259593959506995
GTEX-11ZUS-0011-R10b-SM-5BC79	Inhib	0.0277287462861657
GTEX-11ZUS-0011-R10b-SM-5BC79	Micro	0.107710137551633
GTEX-11ZUS-0011-R10b-SM-5BC79	OPC	0.0592706875600937
GTEX-11ZUS-0011-R10b-SM-5BC79	Mural	0.315814153813284
GTEX-11ZUS-0011-R10b-SM-5BC79	Immune	0.0994300775737396
GTEX-12126-0011-R10b-SM-5BC6T	Oligo	0.0670519790023743
GTEX-12126-0011-R10b-SM-5BC6T	Excit	0.173354631506227
GTEX-12126-0011-R10b-SM-5BC6T	Astro	0.38351465170964
GTEX-12126-0011-R10b-SM-5BC6T	Inhib	0.0909279003895635
GTEX-12126-0011-R10b-SM-5BC6T	Micro	0.00435517272981116
GTEX-12126-0011-R10b-SM-5BC6T	OPC	0.0920335736868147
GTEX-12126-0011-R10b-SM-5BC6T	Mural	0.129451193361448
GTEX-12126-0011-R10b-SM-5BC6T	Immune	0.0593108976141203
GTEX-12WSA-0011-R10b-SM-5P9ET	Oligo	0.360574911215487
GTEX-12WSA-0011-R10b-SM-5P9ET	Excit	0.000751035860901657
GTEX-12WSA-0011-R10b-SM-5P9ET	Astro	0.524574569100821
GTEX-12WSA-0011-R10b-SM-5P9ET	Inhib	0
GTEX-12WSA-0011-R10b-SM-5P9ET	Micro	0.00400099383546456
GTEX-12WSA-0011-R10b-SM-5P9ET	OPC	0.0240339803207209
GTEX-12WSA-0011-R10b-SM-5P9ET	Mural	0.0849885253423409
GTEX-12WSA-0011-R10b-SM-5P9ET	Immune	0.00107598432426376
GTEX-12WSC-0011-R10a-SM-5GU57	Oligo	0.33366237937406
GTEX-12WSC-0011-R10a-SM-5GU57	Excit	0.225933479491959
GTEX-12WSC-0011-R10a-SM-5GU57	Astro	0.089338433876982
GTEX-12WSC-0011-R10a-SM-5GU57	Inhib	0.0446710451269836
GTEX-12WSC-0011-R10a-SM-5GU57	Micro	0.0289377054049806
GTEX-12WSC-0011-R10a-SM-5GU57	OPC	0.0427147538493768
GTEX-12WSC-0011-R10a-SM-5GU57	Mural	0.170973733458868
GTEX-12WSC-0011-R10a-SM-5GU57	Immune	0.0637684694167899
GTEX-12WSE-0011-R10b-SM-5P9JV	Oligo	0.149670718064359
GTEX-12WSE-0011-R10b-SM-5P9JV	Excit	0.4057009998837
GTEX-12WSE-0011-R10b-SM-5P9JV	Astro	0.133725441743577
GTEX-12WSE-0011-R10b-SM-5P9JV	Inhib	0.119504063887265
GTEX-12WSE-0011-R10b-SM-5P9JV	Micro	3.87974595753742e-05
GTEX-12WSE-0011-R10b-SM-5P9JV	OPC	0.025864023265511
GTEX-12WSE-0011-R10b-SM-5P9JV	Mural	0.141796695101977
GTEX-12WSE-0011-R10b-SM-5P9JV	Immune	0.0236992605940352
GTEX-12WSF-0011-R10a-SM-5LZVH	Oligo	0.239434534959585
GTEX-12WSF-0011-R10a-SM-5LZVH	Excit	0.168305282430048
GTEX-12WSF-0011-R10a-SM-5LZVH	Astro	0.349128680384775
GTEX-12WSF-0011-R10a-SM-5LZVH	Inhib	0.0199178804694382
GTEX-12WSF-0011-R10a-SM-5LZVH	Micro	0.00259096971836786
GTEX-12WSF-0011-R10a-SM-5LZVH	OPC	0.0390088607133155
GTEX-12WSF-0011-R10a-SM-5LZVH	Mural	0.0680079395553185
GTEX-12WSF-0011-R10a-SM-5LZVH	Immune	0.113605851769152
GTEX-12WSH-0011-R10a-SM-5LZUS	Oligo	0.248268784432079
GTEX-12WSH-0011-R10a-SM-5LZUS	Excit	0.177422048586811
GTEX-12WSH-0011-R10a-SM-5LZUS	Astro	0.32798776581687
GTEX-12WSH-0011-R10a-SM-5LZUS	Inhib	0.00209323836245648
GTEX-12WSH-0011-R10a-SM-5LZUS	Micro	0
GTEX-12WSH-0011-R10a-SM-5LZUS	OPC	0.0534457777128686
GTEX-12WSH-0011-R10a-SM-5LZUS	Mural	0.088928156230927
GTEX-12WSH-0011-R10a-SM-5LZUS	Immune	0.101854228857989
GTEX-12WSM-0011-R10a-SM-5DUWV	Oligo	0.148617696214471
GTEX-12WSM-0011-R10a-SM-5DUWV	Excit	0.150084906680363
GTEX-12WSM-0011-R10a-SM-5DUWV	Astro	0.422426445736106
GTEX-12WSM-0011-R10a-SM-5DUWV	Inhib	0.0316080217979902
GTEX-12WSM-0011-R10a-SM-5DUWV	Micro	0.0135953059652561
GTEX-12WSM-0011-R10a-SM-5DUWV	OPC	0.0504726921672561
GTEX-12WSM-0011-R10a-SM-5DUWV	Mural	0.106000255726948
GTEX-12WSM-0011-R10a-SM-5DUWV	Immune	0.0771946757116096
GTEX-12ZZW-0011-R10b-SM-5HL9X	Oligo	0.10145209115106
GTEX-12ZZW-0011-R10b-SM-5HL9X	Excit	0.0412902821504715
GTEX-12ZZW-0011-R10b-SM-5HL9X	Astro	0.672360573758269
GTEX-12ZZW-0011-R10b-SM-5HL9X	Inhib	0.00359865780756626
GTEX-12ZZW-0011-R10b-SM-5HL9X	Micro	0.00322971336410594
GTEX-12ZZW-0011-R10b-SM-5HL9X	OPC	0.0330611052946098
GTEX-12ZZW-0011-R10b-SM-5HL9X	Mural	0.104268552377529
GTEX-12ZZW-0011-R10b-SM-5HL9X	Immune	0.0407390240963886
GTEX-12ZZX-0011-R10b-SM-5DUWK	Oligo	0.116029232163992
GTEX-12ZZX-0011-R10b-SM-5DUWK	Excit	0.290331226494703
GTEX-12ZZX-0011-R10b-SM-5DUWK	Astro	0.304743310907388
GTEX-12ZZX-0011-R10b-SM-5DUWK	Inhib	0.0296290700197661
GTEX-12ZZX-0011-R10b-SM-5DUWK	Micro	0.0142724941692324
GTEX-12ZZX-0011-R10b-SM-5DUWK	OPC	0.0543831889878539
GTEX-12ZZX-0011-R10b-SM-5DUWK	Mural	0.122353093174148
GTEX-12ZZX-0011-R10b-SM-5DUWK	Immune	0.0682583840829164
GTEX-12ZZY-0011-R10b-SM-5HL7W	Oligo	0.164649818866349
GTEX-12ZZY-0011-R10b-SM-5HL7W	Excit	0.204956747523571
GTEX-12ZZY-0011-R10b-SM-5HL7W	Astro	0.495412003547022
GTEX-12ZZY-0011-R10b-SM-5HL7W	Inhib	0.0428382302393842
GTEX-12ZZY-0011-R10b-SM-5HL7W	Micro	0.0236844837502454
GTEX-12ZZY-0011-R10b-SM-5HL7W	OPC	0.028722007453451
GTEX-12ZZY-0011-R10b-SM-5HL7W	Mural	0.0351380830293454
GTEX-12ZZY-0011-R10b-SM-5HL7W	Immune	0.00459862559063311
GTEX-12ZZZ-0011-R10a-SM-5P9HC	Oligo	0.167268330962809
GTEX-12ZZZ-0011-R10a-SM-5P9HC	Excit	0.196265139182804
GTEX-12ZZZ-0011-R10a-SM-5P9HC	Astro	0.30663713914779
GTEX-12ZZZ-0011-R10a-SM-5P9HC	Inhib	0.0226221337186708
GTEX-12ZZZ-0011-R10a-SM-5P9HC	Micro	0.0162160832738124
GTEX-12ZZZ-0011-R10a-SM-5P9HC	OPC	0.0534606946060917
GTEX-12ZZZ-0011-R10a-SM-5P9HC	Mural	0.16653882588862
GTEX-12ZZZ-0011-R10a-SM-5P9HC	Immune	0.070991653219402
GTEX-13112-0011-R10b-SM-GJ3Q5	Oligo	0.218529108534749
GTEX-13112-0011-R10b-SM-GJ3Q5	Excit	0.128844359524952
GTEX-13112-0011-R10b-SM-GJ3Q5	Astro	0.414197539758431
GTEX-13112-0011-R10b-SM-GJ3Q5	Inhib	0.0237656741763855
GTEX-13112-0011-R10b-SM-GJ3Q5	Micro	0
GTEX-13112-0011-R10b-SM-GJ3Q5	OPC	0.0519410479802945
GTEX-13112-0011-R10b-SM-GJ3Q5	Mural	0.161959186483198
GTEX-13112-0011-R10b-SM-GJ3Q5	Immune	0.000763083541989304
GTEX-1313W-0011-R10b-SM-5DUXA	Oligo	0.189132677980138
GTEX-1313W-0011-R10b-SM-5DUXA	Excit	0.323253657796059
GTEX-1313W-0011-R10b-SM-5DUXA	Astro	0.117880272157128
GTEX-1313W-0011-R10b-SM-5DUXA	Inhib	0.0514593393524208
GTEX-1313W-0011-R10b-SM-5DUXA	Micro	0.0327766638690769
GTEX-1313W-0011-R10b-SM-5DUXA	OPC	0.0513998402337944
GTEX-1313W-0011-R10b-SM-5DUXA	Mural	0.172725516622154
GTEX-1313W-0011-R10b-SM-5DUXA	Immune	0.0613720319892286
GTEX-131XH-0011-R10a-SM-5EGLJ	Oligo	0.210518918771994
GTEX-131XH-0011-R10a-SM-5EGLJ	Excit	0.177697298849881
GTEX-131XH-0011-R10a-SM-5EGLJ	Astro	0.334079999324976
GTEX-131XH-0011-R10a-SM-5EGLJ	Inhib	0.0564863735442634
GTEX-131XH-0011-R10a-SM-5EGLJ	Micro	0
GTEX-131XH-0011-R10a-SM-5EGLJ	OPC	0.0580503795131394
GTEX-131XH-0011-R10a-SM-5EGLJ	Mural	0.0535231670857207
GTEX-131XH-0011-R10a-SM-5EGLJ	Immune	0.109643862910026
GTEX-131XW-0011-R10a-SM-5DUVA	Oligo	0.0797792830861463
GTEX-131XW-0011-R10a-SM-5DUVA	Excit	0.00727592482675575
GTEX-131XW-0011-R10a-SM-5DUVA	Astro	0.735041076819933
GTEX-131XW-0011-R10a-SM-5DUVA	Inhib	0.00525860410287135
GTEX-131XW-0011-R10a-SM-5DUVA	Micro	6.32641668678058e-05
GTEX-131XW-0011-R10a-SM-5DUVA	OPC	0.0386530311937296
GTEX-131XW-0011-R10a-SM-5DUVA	Mural	0.13099804934295
GTEX-131XW-0011-R10a-SM-5DUVA	Immune	0.00293076646074666
GTEX-131YS-0011-R10b-SM-5EQ5N	Oligo	0.233312946360261
GTEX-131YS-0011-R10b-SM-5EQ5N	Excit	0.20212012299093
GTEX-131YS-0011-R10b-SM-5EQ5N	Astro	0.230657461968355
GTEX-131YS-0011-R10b-SM-5EQ5N	Inhib	0.0346897975320347
GTEX-131YS-0011-R10b-SM-5EQ5N	Micro	0.0203248113614304
GTEX-131YS-0011-R10b-SM-5EQ5N	OPC	0.0588437460789258
GTEX-131YS-0011-R10b-SM-5EQ5N	Mural	0.164173312893118
GTEX-131YS-0011-R10b-SM-5EQ5N	Immune	0.0558778008149443
GTEX-132Q8-0011-R10b-SM-5DUWZ	Oligo	0.139681550415823
GTEX-132Q8-0011-R10b-SM-5DUWZ	Excit	0.0489809727316978
GTEX-132Q8-0011-R10b-SM-5DUWZ	Astro	0.615867781260309
GTEX-132Q8-0011-R10b-SM-5DUWZ	Inhib	0.0112560089106448
GTEX-132Q8-0011-R10b-SM-5DUWZ	Micro	0.00909731478751323
GTEX-132Q8-0011-R10b-SM-5DUWZ	OPC	0.0239495600119115
GTEX-132Q8-0011-R10b-SM-5DUWZ	Mural	0.064013348135594
GTEX-132Q8-0011-R10b-SM-5DUWZ	Immune	0.0871534637465071
GTEX-139TS-0011-R10a-SM-5K7TU	Oligo	0.111584462405301
GTEX-139TS-0011-R10a-SM-5K7TU	Excit	0.0385192951933765
GTEX-139TS-0011-R10a-SM-5K7TU	Astro	0.776091259533744
GTEX-139TS-0011-R10a-SM-5K7TU	Inhib	0.0217109875944614
GTEX-139TS-0011-R10a-SM-5K7TU	Micro	0.00852845529158334
GTEX-139TS-0011-R10a-SM-5K7TU	OPC	0.0196234407296178
GTEX-139TS-0011-R10a-SM-5K7TU	Mural	0.023942099251916
GTEX-139TS-0011-R10a-SM-5K7TU	Immune	0
GTEX-13CZV-0011-R10b-SM-5LZYD	Oligo	0.43905391208233
GTEX-13CZV-0011-R10b-SM-5LZYD	Excit	0.112117888146175
GTEX-13CZV-0011-R10b-SM-5LZYD	Astro	0.283246614023701
GTEX-13CZV-0011-R10b-SM-5LZYD	Inhib	7.48660041052759e-05
GTEX-13CZV-0011-R10b-SM-5LZYD	Micro	0
GTEX-13CZV-0011-R10b-SM-5LZYD	OPC	0.0250376086701986
GTEX-13CZV-0011-R10b-SM-5LZYD	Mural	0.0483703972468009
GTEX-13CZV-0011-R10b-SM-5LZYD	Immune	0.0920987138266897
GTEX-13FHO-0011-R10b-SM-5J2MM	Oligo	0.185211479945502
GTEX-13FHO-0011-R10b-SM-5J2MM	Excit	0.111148418694107
GTEX-13FHO-0011-R10b-SM-5J2MM	Astro	0.491886965478357
GTEX-13FHO-0011-R10b-SM-5J2MM	Inhib	0.00255423032461836
GTEX-13FHO-0011-R10b-SM-5J2MM	Micro	0.00425722305595762
GTEX-13FHO-0011-R10b-SM-5J2MM	OPC	0.0462344184902218
GTEX-13FHO-0011-R10b-SM-5J2MM	Mural	0.0852298204889037
GTEX-13FHO-0011-R10b-SM-5J2MM	Immune	0.0734774435223319
GTEX-13FLV-0011-R10b-SM-5LZZ2	Oligo	0.236795326311073
GTEX-13FLV-0011-R10b-SM-5LZZ2	Excit	0.0466760399767382
GTEX-13FLV-0011-R10b-SM-5LZZ2	Astro	0.570479256374661
GTEX-13FLV-0011-R10b-SM-5LZZ2	Inhib	0.00958999794417151
GTEX-13FLV-0011-R10b-SM-5LZZ2	Micro	0.0101899857289689
GTEX-13FLV-0011-R10b-SM-5LZZ2	OPC	0.0345348426379568
GTEX-13FLV-0011-R10b-SM-5LZZ2	Mural	0.0906816120217315
GTEX-13FLV-0011-R10b-SM-5LZZ2	Immune	0.00105293900469941
GTEX-13FLW-0011-R10b-SM-5LZZF	Oligo	0.675167469266086
GTEX-13FLW-0011-R10b-SM-5LZZF	Excit	0.0593375298497207
GTEX-13FLW-0011-R10b-SM-5LZZF	Astro	0.18912625906289
GTEX-13FLW-0011-R10b-SM-5LZZF	Inhib	0.0101405996464775
GTEX-13FLW-0011-R10b-SM-5LZZF	Micro	0.00116969816735663
GTEX-13FLW-0011-R10b-SM-5LZZF	OPC	0.0144996712224393
GTEX-13FLW-0011-R10b-SM-5LZZF	Mural	0.0505587727850306
GTEX-13FLW-0011-R10b-SM-5LZZF	Immune	0
GTEX-13FTZ-0011-R10b-SM-5KLZS	Oligo	0.246017552192526
GTEX-13FTZ-0011-R10b-SM-5KLZS	Excit	0.0746913962373245
GTEX-13FTZ-0011-R10b-SM-5KLZS	Astro	0.487037192263649
GTEX-13FTZ-0011-R10b-SM-5KLZS	Inhib	0.0048059408857207
GTEX-13FTZ-0011-R10b-SM-5KLZS	Micro	0.00432260295613493
GTEX-13FTZ-0011-R10b-SM-5KLZS	OPC	0.025560234113993
GTEX-13FTZ-0011-R10b-SM-5KLZS	Mural	0.157565081350652
GTEX-13FTZ-0011-R10b-SM-5KLZS	Immune	0
GTEX-13FXS-0011-R10a-SM-5J2MA	Oligo	0.169186734738146
GTEX-13FXS-0011-R10a-SM-5J2MA	Excit	0.121163993359134
GTEX-13FXS-0011-R10a-SM-5J2MA	Astro	0.482909638199722
GTEX-13FXS-0011-R10a-SM-5J2MA	Inhib	0.0215325614361141
GTEX-13FXS-0011-R10a-SM-5J2MA	Micro	0.0151389985459645
GTEX-13FXS-0011-R10a-SM-5J2MA	OPC	0.0271591343660878
GTEX-13FXS-0011-R10a-SM-5J2MA	Mural	0.0969525518631637
GTEX-13FXS-0011-R10a-SM-5J2MA	Immune	0.0659563874916677
GTEX-13G51-0011-R10b-SM-5LZYF	Oligo	0.346545199674519
GTEX-13G51-0011-R10b-SM-5LZYF	Excit	0.0805928910244078
GTEX-13G51-0011-R10b-SM-5LZYF	Astro	0.329321621884301
GTEX-13G51-0011-R10b-SM-5LZYF	Inhib	0.0236000614841733
GTEX-13G51-0011-R10b-SM-5LZYF	Micro	0.02899398449726
GTEX-13G51-0011-R10b-SM-5LZYF	OPC	0.0356976937287408
GTEX-13G51-0011-R10b-SM-5LZYF	Mural	0.147968241162694
GTEX-13G51-0011-R10b-SM-5LZYF	Immune	0.00728030654390458
GTEX-13JUV-0011-R10b-SM-5LZXR	Oligo	0.0991441800379237
GTEX-13JUV-0011-R10b-SM-5LZXR	Excit	0.0421946810010057
GTEX-13JUV-0011-R10b-SM-5LZXR	Astro	0.623080978880538
GTEX-13JUV-0011-R10b-SM-5LZXR	Inhib	0.0195570927731926
GTEX-13JUV-0011-R10b-SM-5LZXR	Micro	0.0173373016546539
GTEX-13JUV-0011-R10b-SM-5LZXR	OPC	0.0430920752660341
GTEX-13JUV-0011-R10b-SM-5LZXR	Mural	0.0933613445308101
GTEX-13JUV-0011-R10b-SM-5LZXR	Immune	0.0622323458558416
GTEX-13JVG-0011-R10b-SM-5KM2P	Oligo	0.395210025896282
GTEX-13JVG-0011-R10b-SM-5KM2P	Excit	0
GTEX-13JVG-0011-R10b-SM-5KM2P	Astro	0.465665619681693
GTEX-13JVG-0011-R10b-SM-5KM2P	Inhib	0.00274960813611345
GTEX-13JVG-0011-R10b-SM-5KM2P	Micro	0.000157200953398271
GTEX-13JVG-0011-R10b-SM-5KM2P	OPC	0.0393456171122861
GTEX-13JVG-0011-R10b-SM-5KM2P	Mural	0.0844841634183733
GTEX-13JVG-0011-R10b-SM-5KM2P	Immune	0.0123877648018542
GTEX-13N1W-0011-R10b-SM-5MR4H	Oligo	0.425400077060051
GTEX-13N1W-0011-R10b-SM-5MR4H	Excit	0.133321975478244
GTEX-13N1W-0011-R10b-SM-5MR4H	Astro	0.241258527479572
GTEX-13N1W-0011-R10b-SM-5MR4H	Inhib	0.014001969307989
GTEX-13N1W-0011-R10b-SM-5MR4H	Micro	0
GTEX-13N1W-0011-R10b-SM-5MR4H	OPC	0.0235045388008278
GTEX-13N1W-0011-R10b-SM-5MR4H	Mural	0.0469020896824776
GTEX-13N1W-0011-R10b-SM-5MR4H	Immune	0.115610822190839
GTEX-13N2G-0011-R10a-SM-5MR34	Oligo	0.0392080662165037
GTEX-13N2G-0011-R10a-SM-5MR34	Excit	0.0360292105784402
GTEX-13N2G-0011-R10a-SM-5MR34	Astro	0.484540876997794
GTEX-13N2G-0011-R10a-SM-5MR34	Inhib	0.0158522058810956
GTEX-13N2G-0011-R10a-SM-5MR34	Micro	0.00727306416403171
GTEX-13N2G-0011-R10a-SM-5MR34	OPC	0.0797039884909637
GTEX-13N2G-0011-R10a-SM-5MR34	Mural	0.104581985777155
GTEX-13N2G-0011-R10a-SM-5MR34	Immune	0.232810601894017
GTEX-13NYB-0011-R10a-SM-5KM43	Oligo	0.191087354929327
GTEX-13NYB-0011-R10a-SM-5KM43	Excit	0.136508882839623
GTEX-13NYB-0011-R10a-SM-5KM43	Astro	0.339707056532974
GTEX-13NYB-0011-R10a-SM-5KM43	Inhib	0.0225858697475138
GTEX-13NYB-0011-R10a-SM-5KM43	Micro	0.013058678849108
GTEX-13NYB-0011-R10a-SM-5KM43	OPC	0.0417689444557577
GTEX-13NYB-0011-R10a-SM-5KM43	Mural	0.202782473949776
GTEX-13NYB-0011-R10a-SM-5KM43	Immune	0.0525007386959207
GTEX-13NYS-0011-R10a-SM-5MR4S	Oligo	0.0878026374545562
GTEX-13NYS-0011-R10a-SM-5MR4S	Excit	0.0575262445747248
GTEX-13NYS-0011-R10a-SM-5MR4S	Astro	0.591778440643595
GTEX-13NYS-0011-R10a-SM-5MR4S	Inhib	0.012974716263044
GTEX-13NYS-0011-R10a-SM-5MR4S	Micro	0.00133111721565191
GTEX-13NYS-0011-R10a-SM-5MR4S	OPC	0.0208718662659423
GTEX-13NYS-0011-R10a-SM-5MR4S	Mural	0.0482126751868883
GTEX-13NYS-0011-R10a-SM-5MR4S	Immune	0.179502302395597
GTEX-13NZA-0011-R10b-SM-5KM54	Oligo	0.091016931996559
GTEX-13NZA-0011-R10b-SM-5KM54	Excit	0.0832295483044286
GTEX-13NZA-0011-R10b-SM-5KM54	Astro	0.539145232127504
GTEX-13NZA-0011-R10b-SM-5KM54	Inhib	0.0147456654049012
GTEX-13NZA-0011-R10b-SM-5KM54	Micro	0.000337183724278286
GTEX-13NZA-0011-R10b-SM-5KM54	OPC	0.058425786224923
GTEX-13NZA-0011-R10b-SM-5KM54	Mural	0.18013407328424
GTEX-13NZA-0011-R10b-SM-5KM54	Immune	0.0329655789331661
GTEX-13O3O-0011-R10a-SM-5LUA9	Oligo	0.224596844765223
GTEX-13O3O-0011-R10a-SM-5LUA9	Excit	0.131910617527914
GTEX-13O3O-0011-R10a-SM-5LUA9	Astro	0.379939908769303
GTEX-13O3O-0011-R10a-SM-5LUA9	Inhib	0.00916040893226794
GTEX-13O3O-0011-R10a-SM-5LUA9	Micro	0.00939462502185564
GTEX-13O3O-0011-R10a-SM-5LUA9	OPC	0.0415687405235313
GTEX-13O3O-0011-R10a-SM-5LUA9	Mural	0.10636050744302
GTEX-13O3O-0011-R10a-SM-5LUA9	Immune	0.0970683470168856
GTEX-13O3Q-0011-R10b-SM-5KM39	Oligo	0.130078741836381
GTEX-13O3Q-0011-R10b-SM-5KM39	Excit	0.234544508331038
GTEX-13O3Q-0011-R10b-SM-5KM39	Astro	0.357111429477441
GTEX-13O3Q-0011-R10b-SM-5KM39	Inhib	0.034829249616017
GTEX-13O3Q-0011-R10b-SM-5KM39	Micro	0.0163049028311035
GTEX-13O3Q-0011-R10b-SM-5KM39	OPC	0.0386001522693819
GTEX-13O3Q-0011-R10b-SM-5KM39	Mural	0.120421348255214
GTEX-13O3Q-0011-R10b-SM-5KM39	Immune	0.0681096673834238
GTEX-13OVJ-0011-R10b-SM-5L3HT	Oligo	0.0573180198762877
GTEX-13OVJ-0011-R10b-SM-5L3HT	Excit	0.00358056568257226
GTEX-13OVJ-0011-R10b-SM-5L3HT	Astro	0.695174661605484
GTEX-13OVJ-0011-R10b-SM-5L3HT	Inhib	0.0089429109496832
GTEX-13OVJ-0011-R10b-SM-5L3HT	Micro	0.00236666434867303
GTEX-13OVJ-0011-R10b-SM-5L3HT	OPC	0.0373704559780332
GTEX-13OVJ-0011-R10b-SM-5L3HT	Mural	0.0598162666098177
GTEX-13OVJ-0011-R10b-SM-5L3HT	Immune	0.135430454949449
GTEX-13OVL-0011-R10a-SM-5L3GS	Oligo	0.365294007627298
GTEX-13OVL-0011-R10a-SM-5L3GS	Excit	0.071353482003096
GTEX-13OVL-0011-R10a-SM-5L3GS	Astro	0.40942054042224
GTEX-13OVL-0011-R10a-SM-5L3GS	Inhib	0.0322348531385939
GTEX-13OVL-0011-R10a-SM-5L3GS	Micro	0.00682817661025364
GTEX-13OVL-0011-R10a-SM-5L3GS	OPC	0.0401641273424837
GTEX-13OVL-0011-R10a-SM-5L3GS	Mural	0.0747048128560343
GTEX-13OVL-0011-R10a-SM-5L3GS	Immune	0
GTEX-13OW5-0011-R10a-SM-GIN9U	Oligo	0.0285438918725754
GTEX-13OW5-0011-R10a-SM-GIN9U	Excit	0.0346785098770504
GTEX-13OW5-0011-R10a-SM-GIN9U	Astro	0.649102544325471
GTEX-13OW5-0011-R10a-SM-GIN9U	Inhib	0.0223218695636778
GTEX-13OW5-0011-R10a-SM-GIN9U	Micro	0.0245701800552584
GTEX-13OW5-0011-R10a-SM-GIN9U	OPC	0.0507265975354542
GTEX-13OW5-0011-R10a-SM-GIN9U	Mural	0.119995563757845
GTEX-13OW5-0011-R10a-SM-GIN9U	Immune	0.0700608430126673
GTEX-13OW6-0011-R10a-SM-5L3HE	Oligo	0.128874474179415
GTEX-13OW6-0011-R10a-SM-5L3HE	Excit	0.159829437108095
GTEX-13OW6-0011-R10a-SM-5L3HE	Astro	0.508818152698339
GTEX-13OW6-0011-R10a-SM-5L3HE	Inhib	0.000775006618008102
GTEX-13OW6-0011-R10a-SM-5L3HE	Micro	0.00011861784381508
GTEX-13OW6-0011-R10a-SM-5L3HE	OPC	0.0396700732300876
GTEX-13OW6-0011-R10a-SM-5L3HE	Mural	0.131349642509198
GTEX-13OW6-0011-R10a-SM-5L3HE	Immune	0.0305645958130418
GTEX-13OW7-0011-R10a-SM-5L3H3	Oligo	0.19417659004403
GTEX-13OW7-0011-R10a-SM-5L3H3	Excit	0.211317146758035
GTEX-13OW7-0011-R10a-SM-5L3H3	Astro	0.30218578825762
GTEX-13OW7-0011-R10a-SM-5L3H3	Inhib	0.0111820282911311
GTEX-13OW7-0011-R10a-SM-5L3H3	Micro	0.000149277344961537
GTEX-13OW7-0011-R10a-SM-5L3H3	OPC	0.0487944265939269
GTEX-13OW7-0011-R10a-SM-5L3H3	Mural	0.161199281165977
GTEX-13OW7-0011-R10a-SM-5L3H3	Immune	0.070995461544318
GTEX-13OW8-0011-R10a-SM-5L3H6	Oligo	0.186304484349626
GTEX-13OW8-0011-R10a-SM-5L3H6	Excit	0.0669537902305436
GTEX-13OW8-0011-R10a-SM-5L3H6	Astro	0.609081854023384
GTEX-13OW8-0011-R10a-SM-5L3H6	Inhib	0.0137656061200382
GTEX-13OW8-0011-R10a-SM-5L3H6	Micro	0.000133302709159884
GTEX-13OW8-0011-R10a-SM-5L3H6	OPC	0.0381189975120736
GTEX-13OW8-0011-R10a-SM-5L3H6	Mural	0.0694175517901128
GTEX-13OW8-0011-R10a-SM-5L3H6	Immune	0.0162244132650618
GTEX-13PLJ-0011-R10a-SM-GJ3QE	Oligo	0.208415140277433
GTEX-13PLJ-0011-R10a-SM-GJ3QE	Excit	0.000478622603572046
GTEX-13PLJ-0011-R10a-SM-GJ3QE	Astro	0.634888960778942
GTEX-13PLJ-0011-R10a-SM-GJ3QE	Inhib	0.00428138860944902
GTEX-13PLJ-0011-R10a-SM-GJ3QE	Micro	0
GTEX-13PLJ-0011-R10a-SM-GJ3QE	OPC	0.0382946914984469
GTEX-13PLJ-0011-R10a-SM-GJ3QE	Mural	0.113641196232157
GTEX-13PLJ-0011-R10a-SM-GJ3QE	Immune	0
GTEX-13PVQ-0011-R10b-SM-GJ3QI	Oligo	0.108064495639799
GTEX-13PVQ-0011-R10b-SM-GJ3QI	Excit	0.00489167159237779
GTEX-13PVQ-0011-R10b-SM-GJ3QI	Astro	0.67649142951547
GTEX-13PVQ-0011-R10b-SM-GJ3QI	Inhib	0.00641151384952461
GTEX-13PVQ-0011-R10b-SM-GJ3QI	Micro	0.00502272034223361
GTEX-13PVQ-0011-R10b-SM-GJ3QI	OPC	0.05180341657981
GTEX-13PVQ-0011-R10b-SM-GJ3QI	Mural	0.0839932353713871
GTEX-13PVQ-0011-R10b-SM-GJ3QI	Immune	0.0633215171093976
GTEX-13QIC-0011-R10a-SM-5O9C7	Oligo	0.161963000011436
GTEX-13QIC-0011-R10a-SM-5O9C7	Excit	0.121832379892548
GTEX-13QIC-0011-R10a-SM-5O9C7	Astro	0.492869003656435
GTEX-13QIC-0011-R10a-SM-5O9C7	Inhib	0.00603490693983983
GTEX-13QIC-0011-R10a-SM-5O9C7	Micro	0.0129584505911459
GTEX-13QIC-0011-R10a-SM-5O9C7	OPC	0.0336505673334351
GTEX-13QIC-0011-R10a-SM-5O9C7	Mural	0.116214040946113
GTEX-13QIC-0011-R10a-SM-5O9C7	Immune	0.0544776506290465
GTEX-13QJC-0011-R10a-SM-5SI63	Oligo	0.167180870376203
GTEX-13QJC-0011-R10a-SM-5SI63	Excit	0.0310153783200308
GTEX-13QJC-0011-R10a-SM-5SI63	Astro	0.584133660978357
GTEX-13QJC-0011-R10a-SM-5SI63	Inhib	0.00040580149522275
GTEX-13QJC-0011-R10a-SM-5SI63	Micro	0.00915652657412932
GTEX-13QJC-0011-R10a-SM-5SI63	OPC	0.0568764494187269
GTEX-13QJC-0011-R10a-SM-5SI63	Mural	0.0649714890932099
GTEX-13QJC-0011-R10a-SM-5SI63	Immune	0.0862598237441202
GTEX-13RTJ-0011-R10b-SM-5O9CW	Oligo	0.36269519521157
GTEX-13RTJ-0011-R10b-SM-5O9CW	Excit	0.121038934821562
GTEX-13RTJ-0011-R10b-SM-5O9CW	Astro	0.295654875610214
GTEX-13RTJ-0011-R10b-SM-5O9CW	Inhib	0.0133254495748436
GTEX-13RTJ-0011-R10b-SM-5O9CW	Micro	0.00581000394064575
GTEX-13RTJ-0011-R10b-SM-5O9CW	OPC	0.0267166698433874
GTEX-13RTJ-0011-R10b-SM-5O9CW	Mural	0.0924818398585367
GTEX-13RTJ-0011-R10b-SM-5O9CW	Immune	0.0822770311392404
GTEX-13S7M-0011-R10b-SM-5PNZB	Oligo	0.363470108917155
GTEX-13S7M-0011-R10b-SM-5PNZB	Excit	0.13392253493711
GTEX-13S7M-0011-R10b-SM-5PNZB	Astro	0.315797838781385
GTEX-13S7M-0011-R10b-SM-5PNZB	Inhib	0.0132473996267708
GTEX-13S7M-0011-R10b-SM-5PNZB	Micro	0.00057100383630136
GTEX-13S7M-0011-R10b-SM-5PNZB	OPC	0.0296486962122649
GTEX-13S7M-0011-R10b-SM-5PNZB	Mural	0.086751650417817
GTEX-13S7M-0011-R10b-SM-5PNZB	Immune	0.0565907672711963
GTEX-13SLW-0011-R10a-SM-5S2UI	Oligo	0.0229501566314069
GTEX-13SLW-0011-R10a-SM-5S2UI	Excit	0.0206972451864698
GTEX-13SLW-0011-R10a-SM-5S2UI	Astro	0.801073107733012
GTEX-13SLW-0011-R10a-SM-5S2UI	Inhib	0.00289821239766242
GTEX-13SLW-0011-R10a-SM-5S2UI	Micro	0.00139518830146377
GTEX-13SLW-0011-R10a-SM-5S2UI	OPC	0.0317433683818703
GTEX-13SLW-0011-R10a-SM-5S2UI	Mural	0.0758059615929636
GTEX-13SLW-0011-R10a-SM-5S2UI	Immune	0.0434367597751517
GTEX-13SLX-0011-R10a-SM-5P9HV	Oligo	0.199649562067312
GTEX-13SLX-0011-R10a-SM-5P9HV	Excit	0.208972704687053
GTEX-13SLX-0011-R10a-SM-5P9HV	Astro	0.178251236690363
GTEX-13SLX-0011-R10a-SM-5P9HV	Inhib	0.0523124092441935
GTEX-13SLX-0011-R10a-SM-5P9HV	Micro	0.0243389646581506
GTEX-13SLX-0011-R10a-SM-5P9HV	OPC	0.0745228083124419
GTEX-13SLX-0011-R10a-SM-5P9HV	Mural	0.197071836110569
GTEX-13SLX-0011-R10a-SM-5P9HV	Immune	0.0648804782299168
GTEX-13VXU-0011-R10a-SM-H65ZW	Oligo	0.215418919083598
GTEX-13VXU-0011-R10a-SM-H65ZW	Excit	0.29127675362644
GTEX-13VXU-0011-R10a-SM-H65ZW	Astro	0.166705836401717
GTEX-13VXU-0011-R10a-SM-H65ZW	Inhib	0.0602448655456805
GTEX-13VXU-0011-R10a-SM-H65ZW	Micro	0.0176554396565598
GTEX-13VXU-0011-R10a-SM-H65ZW	OPC	0.0776725724722759
GTEX-13VXU-0011-R10a-SM-H65ZW	Mural	0.106674249633703
GTEX-13VXU-0011-R10a-SM-H65ZW	Immune	0.0643513635800258
GTEX-13X6I-0011-R10a-SM-5PNWI	Oligo	0.211069192489949
GTEX-13X6I-0011-R10a-SM-5PNWI	Excit	0.0742432138884139
GTEX-13X6I-0011-R10a-SM-5PNWI	Astro	0.480133124021468
GTEX-13X6I-0011-R10a-SM-5PNWI	Inhib	0.00670025826269329
GTEX-13X6I-0011-R10a-SM-5PNWI	Micro	0.00994318950113496
GTEX-13X6I-0011-R10a-SM-5PNWI	OPC	0.0453027375821343
GTEX-13X6I-0011-R10a-SM-5PNWI	Mural	0.132435767900849
GTEX-13X6I-0011-R10a-SM-5PNWI	Immune	0.0401725163533575
GTEX-13X6J-0011-R10b-SM-5PNWA	Oligo	0.213043265185136
GTEX-13X6J-0011-R10b-SM-5PNWA	Excit	0.170581246438201
GTEX-13X6J-0011-R10b-SM-5PNWA	Astro	0.254832551379603
GTEX-13X6J-0011-R10b-SM-5PNWA	Inhib	0.0749138547186648
GTEX-13X6J-0011-R10b-SM-5PNWA	Micro	0.035065646308566
GTEX-13X6J-0011-R10b-SM-5PNWA	OPC	0.0519691151249815
GTEX-13X6J-0011-R10b-SM-5PNWA	Mural	0.128334083622676
GTEX-13X6J-0011-R10b-SM-5PNWA	Immune	0.0712602372221718
GTEX-13X6K-0011-R10a-SM-5P9JR	Oligo	0.236612238642291
GTEX-13X6K-0011-R10a-SM-5P9JR	Excit	0.053078065187023
GTEX-13X6K-0011-R10a-SM-5P9JR	Astro	0.548698548421668
GTEX-13X6K-0011-R10a-SM-5P9JR	Inhib	0.0243510324676555
GTEX-13X6K-0011-R10a-SM-5P9JR	Micro	0.00654404296578435
GTEX-13X6K-0011-R10a-SM-5P9JR	OPC	0.0281149853931048
GTEX-13X6K-0011-R10a-SM-5P9JR	Mural	0.0682191436179435
GTEX-13X6K-0011-R10a-SM-5P9JR	Immune	0.0343819433045299
GTEX-1445S-0011-R10a-SM-5PNWB	Oligo	0.0959149269156179
GTEX-1445S-0011-R10a-SM-5PNWB	Excit	0.000543420697342288
GTEX-1445S-0011-R10a-SM-5PNWB	Astro	0.720172913880914
GTEX-1445S-0011-R10a-SM-5PNWB	Inhib	0.0019540011856553
GTEX-1445S-0011-R10a-SM-5PNWB	Micro	0.0012819512921653
GTEX-1445S-0011-R10a-SM-5PNWB	OPC	0.0385691646044768
GTEX-1445S-0011-R10a-SM-5PNWB	Mural	0.10405873547229
GTEX-1445S-0011-R10a-SM-5PNWB	Immune	0.0375048859515391
GTEX-145LS-0011-R10a-SM-5PNUQ	Oligo	0.185027929628308
GTEX-145LS-0011-R10a-SM-5PNUQ	Excit	0.148105431902655
GTEX-145LS-0011-R10a-SM-5PNUQ	Astro	0.330579073806664
GTEX-145LS-0011-R10a-SM-5PNUQ	Inhib	0.0121507267870672
GTEX-145LS-0011-R10a-SM-5PNUQ	Micro	0.0234538790503475
GTEX-145LS-0011-R10a-SM-5PNUQ	OPC	0.0637039141737622
GTEX-145LS-0011-R10a-SM-5PNUQ	Mural	0.147581628996546
GTEX-145LS-0011-R10a-SM-5PNUQ	Immune	0.0893974156546499
GTEX-145LU-0011-R10a-SM-5PNWJ	Oligo	0.329242230459699
GTEX-145LU-0011-R10a-SM-5PNWJ	Excit	0.0564104893188518
GTEX-145LU-0011-R10a-SM-5PNWJ	Astro	0.478004203170265
GTEX-145LU-0011-R10a-SM-5PNWJ	Inhib	0.0100707076591774
GTEX-145LU-0011-R10a-SM-5PNWJ	Micro	0
GTEX-145LU-0011-R10a-SM-5PNWJ	OPC	0.0225316053532468
GTEX-145LU-0011-R10a-SM-5PNWJ	Mural	0.103194573529717
GTEX-145LU-0011-R10a-SM-5PNWJ	Immune	0.000546190509043795
GTEX-145MG-0011-R10a-SM-5PNWG	Oligo	0.239956666919055
GTEX-145MG-0011-R10a-SM-5PNWG	Excit	0.176753303747745
GTEX-145MG-0011-R10a-SM-5PNWG	Astro	0.366785437662707
GTEX-145MG-0011-R10a-SM-5PNWG	Inhib	0.0236792143731258
GTEX-145MG-0011-R10a-SM-5PNWG	Micro	0.00121914531632072
GTEX-145MG-0011-R10a-SM-5PNWG	OPC	0.0380598560704781
GTEX-145MG-0011-R10a-SM-5PNWG	Mural	0.105675617130574
GTEX-145MG-0011-R10a-SM-5PNWG	Immune	0.0478707587799953
GTEX-145MH-0011-R10b-SM-5PNUK	Oligo	0.485659155206709
GTEX-145MH-0011-R10b-SM-5PNUK	Excit	0.136431698272198
GTEX-145MH-0011-R10b-SM-5PNUK	Astro	0.12232489457358
GTEX-145MH-0011-R10b-SM-5PNUK	Inhib	0.0676839661290912
GTEX-145MH-0011-R10b-SM-5PNUK	Micro	0.0122688500863908
GTEX-145MH-0011-R10b-SM-5PNUK	OPC	0.0499289491488559
GTEX-145MH-0011-R10b-SM-5PNUK	Mural	0.102182291450465
GTEX-145MH-0011-R10b-SM-5PNUK	Immune	0.0235201951327092
GTEX-14753-0011-R10b-SM-5S2WE	Oligo	0.083100151358972
GTEX-14753-0011-R10b-SM-5S2WE	Excit	0.000543342901385861
GTEX-14753-0011-R10b-SM-5S2WE	Astro	0.764697126167159
GTEX-14753-0011-R10b-SM-5S2WE	Inhib	0.00982540345991092
GTEX-14753-0011-R10b-SM-5S2WE	Micro	0.00661354323081132
GTEX-14753-0011-R10b-SM-5S2WE	OPC	0.0369308064588031
GTEX-14753-0011-R10b-SM-5S2WE	Mural	0.0727093168112534
GTEX-14753-0011-R10b-SM-5S2WE	Immune	0.0255803096117048
GTEX-1477Z-0011-R10b-SM-5S2RF	Oligo	0.0653097092443515
GTEX-1477Z-0011-R10b-SM-5S2RF	Excit	0.000739054010855507
GTEX-1477Z-0011-R10b-SM-5S2RF	Astro	0.766872005075797
GTEX-1477Z-0011-R10b-SM-5S2RF	Inhib	0.00416013663420601
GTEX-1477Z-0011-R10b-SM-5S2RF	Micro	0.00358517978305897
GTEX-1477Z-0011-R10b-SM-5S2RF	OPC	0.0253530195062723
GTEX-1477Z-0011-R10b-SM-5S2RF	Mural	0.0985203106571734
GTEX-1477Z-0011-R10b-SM-5S2RF	Immune	0.0354605850882854
GTEX-147F4-0011-R10b-SM-5S2WC	Oligo	0.192893628918798
GTEX-147F4-0011-R10b-SM-5S2WC	Excit	0.064699727343667
GTEX-147F4-0011-R10b-SM-5S2WC	Astro	0.619308780374614
GTEX-147F4-0011-R10b-SM-5S2WC	Inhib	0.0133991357159738
GTEX-147F4-0011-R10b-SM-5S2WC	Micro	0
GTEX-147F4-0011-R10b-SM-5S2WC	OPC	0.0398452844666992
GTEX-147F4-0011-R10b-SM-5S2WC	Mural	0.0677660620360282
GTEX-147F4-0011-R10b-SM-5S2WC	Immune	0.00208738114422012
GTEX-147GR-0011-R10b-SM-5S2UM	Oligo	0.145701697141083
GTEX-147GR-0011-R10b-SM-5S2UM	Excit	0.0983034108123269
GTEX-147GR-0011-R10b-SM-5S2UM	Astro	0.564570307270934
GTEX-147GR-0011-R10b-SM-5S2UM	Inhib	0.0242742031134775
GTEX-147GR-0011-R10b-SM-5S2UM	Micro	0.014875767032551
GTEX-147GR-0011-R10b-SM-5S2UM	OPC	0.0431664476206139
GTEX-147GR-0011-R10b-SM-5S2UM	Mural	0.0657073572955857
GTEX-147GR-0011-R10b-SM-5S2UM	Immune	0.0434008097134274
GTEX-14ASI-0011-R10b-SM-5S2VZ	Oligo	0.200079899280134
GTEX-14ASI-0011-R10b-SM-5S2VZ	Excit	0.20108749214694
GTEX-14ASI-0011-R10b-SM-5S2VZ	Astro	0.381686274592428
GTEX-14ASI-0011-R10b-SM-5S2VZ	Inhib	0.0195178000409515
GTEX-14ASI-0011-R10b-SM-5S2VZ	Micro	0.00148036242199245
GTEX-14ASI-0011-R10b-SM-5S2VZ	OPC	0.0256824992873161
GTEX-14ASI-0011-R10b-SM-5S2VZ	Mural	0.105801559517391
GTEX-14ASI-0011-R10b-SM-5S2VZ	Immune	0.0646641127128472
GTEX-14BIL-0011-R10a-SM-5SI75	Oligo	0.178074960771206
GTEX-14BIL-0011-R10a-SM-5SI75	Excit	0.100151796417996
GTEX-14BIL-0011-R10a-SM-5SI75	Astro	0.517581278375736
GTEX-14BIL-0011-R10a-SM-5SI75	Inhib	0.000682299412373119
GTEX-14BIL-0011-R10a-SM-5SI75	Micro	0
GTEX-14BIL-0011-R10a-SM-5SI75	OPC	0.0300234484381442
GTEX-14BIL-0011-R10a-SM-5SI75	Mural	0.11070377046657
GTEX-14BIL-0011-R10a-SM-5SI75	Immune	0.0627824461179747
GTEX-14BIN-0011-R10a-SM-5S2UA	Oligo	0.161908642283314
GTEX-14BIN-0011-R10a-SM-5S2UA	Excit	0.220629409478217
GTEX-14BIN-0011-R10a-SM-5S2UA	Astro	0.328386098708307
GTEX-14BIN-0011-R10a-SM-5S2UA	Inhib	0.0561887514542224
GTEX-14BIN-0011-R10a-SM-5S2UA	Micro	0.0147345803462753
GTEX-14BIN-0011-R10a-SM-5S2UA	OPC	0.0387928096428143
GTEX-14BIN-0011-R10a-SM-5S2UA	Mural	0.0982701516570711
GTEX-14BIN-0011-R10a-SM-5S2UA	Immune	0.0810895564297789
GTEX-14BMV-0011-R10b-SM-G8W82	Oligo	0.207138994163627
GTEX-14BMV-0011-R10b-SM-G8W82	Excit	0.203771054315137
GTEX-14BMV-0011-R10b-SM-G8W82	Astro	0.423286653506804
GTEX-14BMV-0011-R10b-SM-G8W82	Inhib	0.000885888698394252
GTEX-14BMV-0011-R10b-SM-G8W82	Micro	0.0148779755757836
GTEX-14BMV-0011-R10b-SM-G8W82	OPC	0.0390841295166743
GTEX-14BMV-0011-R10b-SM-G8W82	Mural	0.110955304223579
GTEX-14BMV-0011-R10b-SM-G8W82	Immune	0
GTEX-14C39-0011-R6b-SM-5YYAZ	Oligo	0.0767293855107088
GTEX-14C39-0011-R6b-SM-5YYAZ	Excit	0.0475929001135561
GTEX-14C39-0011-R6b-SM-5YYAZ	Astro	0.746446476553336
GTEX-14C39-0011-R6b-SM-5YYAZ	Inhib	0.000752036533817591
GTEX-14C39-0011-R6b-SM-5YYAZ	Micro	7.52573191201026e-05
GTEX-14C39-0011-R6b-SM-5YYAZ	OPC	0.0162166219027848
GTEX-14C39-0011-R6b-SM-5YYAZ	Mural	0.0743344172604361
GTEX-14C39-0011-R6b-SM-5YYAZ	Immune	0.0378529048062408
GTEX-14C5O-0011-R10a-SM-6872F	Oligo	0.11633808746386
GTEX-14C5O-0011-R10a-SM-6872F	Excit	0
GTEX-14C5O-0011-R10a-SM-6872F	Astro	0.644798555555446
GTEX-14C5O-0011-R10a-SM-6872F	Inhib	0.0168957433726261
GTEX-14C5O-0011-R10a-SM-6872F	Micro	0.0629214856793065
GTEX-14C5O-0011-R10a-SM-6872F	OPC	0.0296916268086671
GTEX-14C5O-0011-R10a-SM-6872F	Mural	0.0934987333273229
GTEX-14C5O-0011-R10a-SM-6872F	Immune	0.0358557677927716
GTEX-14E6D-0011-R10a-SM-5YY9C	Oligo	0.131417950985117
GTEX-14E6D-0011-R10a-SM-5YY9C	Excit	0.269127186191968
GTEX-14E6D-0011-R10a-SM-5YY9C	Astro	0.296042149050047
GTEX-14E6D-0011-R10a-SM-5YY9C	Inhib	0.050803620042434
GTEX-14E6D-0011-R10a-SM-5YY9C	Micro	0.0230401444922972
GTEX-14E6D-0011-R10a-SM-5YY9C	OPC	0.0380562860677388
GTEX-14E6D-0011-R10a-SM-5YY9C	Mural	0.128444434920203
GTEX-14E6D-0011-R10a-SM-5YY9C	Immune	0.0630682282501952
GTEX-14E7W-0011-R10a-SM-5YYAX	Oligo	0.463145048154976
GTEX-14E7W-0011-R10a-SM-5YYAX	Excit	0.0853457337112882
GTEX-14E7W-0011-R10a-SM-5YYAX	Astro	0.324512436289776
GTEX-14E7W-0011-R10a-SM-5YYAX	Inhib	0.00771375470241597
GTEX-14E7W-0011-R10a-SM-5YYAX	Micro	0.0075800884794854
GTEX-14E7W-0011-R10a-SM-5YYAX	OPC	0.023939118214631
GTEX-14E7W-0011-R10a-SM-5YYAX	Mural	0.0877638204474269
GTEX-14E7W-0011-R10a-SM-5YYAX	Immune	0
GTEX-14JIY-0011-R10a-SM-6AJAO	Oligo	0.667947084565124
GTEX-14JIY-0011-R10a-SM-6AJAO	Excit	0.100484653487891
GTEX-14JIY-0011-R10a-SM-6AJAO	Astro	0.120705200901544
GTEX-14JIY-0011-R10a-SM-6AJAO	Inhib	0.0143183036818051
GTEX-14JIY-0011-R10a-SM-6AJAO	Micro	0.0037611172235879
GTEX-14JIY-0011-R10a-SM-6AJAO	OPC	0.0229142895486505
GTEX-14JIY-0011-R10a-SM-6AJAO	Mural	0.0698693505913981
GTEX-14JIY-0011-R10a-SM-6AJAO	Immune	0
GTEX-14LZ3-0011-R10b-SM-6AJA9	Oligo	0.0409131563629671
GTEX-14LZ3-0011-R10b-SM-6AJA9	Excit	0.041445177921331
GTEX-14LZ3-0011-R10b-SM-6AJA9	Astro	0.612374076672373
GTEX-14LZ3-0011-R10b-SM-6AJA9	Inhib	0.00873864795434728
GTEX-14LZ3-0011-R10b-SM-6AJA9	Micro	0.081633132088246
GTEX-14LZ3-0011-R10b-SM-6AJA9	OPC	0.0627746859930486
GTEX-14LZ3-0011-R10b-SM-6AJA9	Mural	0.0911976548248456
GTEX-14LZ3-0011-R10b-SM-6AJA9	Immune	0.0609234681828419
GTEX-14PJM-0011-R10a-SM-686ZP	Oligo	0.493544670156635
GTEX-14PJM-0011-R10a-SM-686ZP	Excit	0.0632732241722182
GTEX-14PJM-0011-R10a-SM-686ZP	Astro	0.28958900069766
GTEX-14PJM-0011-R10a-SM-686ZP	Inhib	0.0222029816982344
GTEX-14PJM-0011-R10a-SM-686ZP	Micro	0.00551713090611864
GTEX-14PJM-0011-R10a-SM-686ZP	OPC	0.0337213639013514
GTEX-14PJM-0011-R10a-SM-686ZP	Mural	0.0502702935092142
GTEX-14PJM-0011-R10a-SM-686ZP	Immune	0.0418813349585685
GTEX-14PJO-0011-R10a-SM-686ZS	Oligo	0.195007154194218
GTEX-14PJO-0011-R10a-SM-686ZS	Excit	0.0411731880359995
GTEX-14PJO-0011-R10a-SM-686ZS	Astro	0.600818053655415
GTEX-14PJO-0011-R10a-SM-686ZS	Inhib	0.00528556176039891
GTEX-14PJO-0011-R10a-SM-686ZS	Micro	0.0240291900270719
GTEX-14PJO-0011-R10a-SM-686ZS	OPC	0.0202540054902419
GTEX-14PJO-0011-R10a-SM-686ZS	Mural	0.0914526225892547
GTEX-14PJO-0011-R10a-SM-686ZS	Immune	0.0219802242474004
GTEX-14PN4-0011-R10b-SM-69LP2	Oligo	0.0760434016811253
GTEX-14PN4-0011-R10b-SM-69LP2	Excit	0.206873669270404
GTEX-14PN4-0011-R10b-SM-69LP2	Astro	0.413605764353409
GTEX-14PN4-0011-R10b-SM-69LP2	Inhib	0.0131434609071125
GTEX-14PN4-0011-R10b-SM-69LP2	Micro	0.033687313603402
GTEX-14PN4-0011-R10b-SM-69LP2	OPC	0.0473723649345173
GTEX-14PN4-0011-R10b-SM-69LP2	Mural	0.117772788440824
GTEX-14PN4-0011-R10b-SM-69LP2	Immune	0.091501236809206
GTEX-14PQA-0011-R10a-SM-6AJAA	Oligo	0.0452572548487777
GTEX-14PQA-0011-R10a-SM-6AJAA	Excit	0.0477488792121376
GTEX-14PQA-0011-R10a-SM-6AJAA	Astro	0.671645051364376
GTEX-14PQA-0011-R10a-SM-6AJAA	Inhib	0.0199561867595811
GTEX-14PQA-0011-R10a-SM-6AJAA	Micro	0.00394272478484941
GTEX-14PQA-0011-R10a-SM-6AJAA	OPC	0.0261063118785666
GTEX-14PQA-0011-R10a-SM-6AJAA	Mural	0.119732465211779
GTEX-14PQA-0011-R10a-SM-6AJAA	Immune	0.065611125939933
GTEX-15CHQ-0011-R10b-SM-6AJBV	Oligo	0.162335147498672
GTEX-15CHQ-0011-R10b-SM-6AJBV	Excit	0.104175831412652
GTEX-15CHQ-0011-R10b-SM-6AJBV	Astro	0.424871091708277
GTEX-15CHQ-0011-R10b-SM-6AJBV	Inhib	0.032316870378571
GTEX-15CHQ-0011-R10b-SM-6AJBV	Micro	0.0347665973415589
GTEX-15CHQ-0011-R10b-SM-6AJBV	OPC	0.0482546651374676
GTEX-15CHQ-0011-R10b-SM-6AJBV	Mural	0.133244347870365
GTEX-15CHQ-0011-R10b-SM-6AJBV	Immune	0.0600354486524369
GTEX-15DCD-0011-R10b-SM-6LPII	Oligo	0.401710278023722
GTEX-15DCD-0011-R10b-SM-6LPII	Excit	0.114569196218621
GTEX-15DCD-0011-R10b-SM-6LPII	Astro	0.27978544176405
GTEX-15DCD-0011-R10b-SM-6LPII	Inhib	0.0117737297307828
GTEX-15DCD-0011-R10b-SM-6LPII	Micro	0.0299987239284349
GTEX-15DCD-0011-R10b-SM-6LPII	OPC	0.0403310370115121
GTEX-15DCD-0011-R10b-SM-6LPII	Mural	0.0845032051717078
GTEX-15DCD-0011-R10b-SM-6LPII	Immune	0.0373283881511699
GTEX-15DDE-0011-R10a-SM-7KUKW	Oligo	0.181054806875069
GTEX-15DDE-0011-R10a-SM-7KUKW	Excit	0.0433711163261245
GTEX-15DDE-0011-R10a-SM-7KUKW	Astro	0.430129917767318
GTEX-15DDE-0011-R10a-SM-7KUKW	Inhib	0.0122840901434857
GTEX-15DDE-0011-R10a-SM-7KUKW	Micro	0
GTEX-15DDE-0011-R10a-SM-7KUKW	OPC	0.0680579727257197
GTEX-15DDE-0011-R10a-SM-7KUKW	Mural	0.188705350927252
GTEX-15DDE-0011-R10a-SM-7KUKW	Immune	0.0763967452350313
GTEX-15DYW-0011-R10a-SM-H6Q87	Oligo	0.501176959010745
GTEX-15DYW-0011-R10a-SM-H6Q87	Excit	0.147106637994592
GTEX-15DYW-0011-R10a-SM-H6Q87	Astro	0.24922895399119
GTEX-15DYW-0011-R10a-SM-H6Q87	Inhib	0.00713545684673426
GTEX-15DYW-0011-R10a-SM-H6Q87	Micro	0
GTEX-15DYW-0011-R10a-SM-H6Q87	OPC	0.0286333116532606
GTEX-15DYW-0011-R10a-SM-H6Q87	Mural	0.0547169902686035
GTEX-15DYW-0011-R10a-SM-H6Q87	Immune	0.0120016902348756
GTEX-15G19-0011-R10b-SM-7KUG4	Oligo	0.0691266757803072
GTEX-15G19-0011-R10b-SM-7KUG4	Excit	0.139109170666221
GTEX-15G19-0011-R10b-SM-7KUG4	Astro	0.61072917828356
GTEX-15G19-0011-R10b-SM-7KUG4	Inhib	0.00625653369857459
GTEX-15G19-0011-R10b-SM-7KUG4	Micro	0
GTEX-15G19-0011-R10b-SM-7KUG4	OPC	0.0344530383250309
GTEX-15G19-0011-R10b-SM-7KUG4	Mural	0.045537763638009
GTEX-15G19-0011-R10b-SM-7KUG4	Immune	0.0947876396082977
GTEX-15RJE-0011-R10a-SM-H7OH2	Oligo	0.0560759958320301
GTEX-15RJE-0011-R10a-SM-H7OH2	Excit	0.0305710368453578
GTEX-15RJE-0011-R10a-SM-H7OH2	Astro	0.595865427791023
GTEX-15RJE-0011-R10a-SM-H7OH2	Inhib	0.016615425476442
GTEX-15RJE-0011-R10a-SM-H7OH2	Micro	0.154846258264888
GTEX-15RJE-0011-R10a-SM-H7OH2	OPC	0.017357300553537
GTEX-15RJE-0011-R10a-SM-H7OH2	Mural	0.0762084205100193
GTEX-15RJE-0011-R10a-SM-H7OH2	Immune	0.052460134726703
GTEX-15SHU-0011-R10a-SM-H7OGQ	Oligo	0.0596309596890967
GTEX-15SHU-0011-R10a-SM-H7OGQ	Excit	0.172952557024244
GTEX-15SHU-0011-R10a-SM-H7OGQ	Astro	0.515623168402735
GTEX-15SHU-0011-R10a-SM-H7OGQ	Inhib	0.005487030356548
GTEX-15SHU-0011-R10a-SM-H7OGQ	Micro	0.02389524487138
GTEX-15SHU-0011-R10a-SM-H7OGQ	OPC	0.0456961905948705
GTEX-15SHU-0011-R10a-SM-H7OGQ	Mural	0.123895803510254
GTEX-15SHU-0011-R10a-SM-H7OGQ	Immune	0.0528190455508719
GTEX-15UF6-0011-R10b-SM-9OSVF	Oligo	0.197469246144382
GTEX-15UF6-0011-R10b-SM-9OSVF	Excit	0.00435421561968501
GTEX-15UF6-0011-R10b-SM-9OSVF	Astro	0.612832291731064
GTEX-15UF6-0011-R10b-SM-9OSVF	Inhib	0.000139745957759924
GTEX-15UF6-0011-R10b-SM-9OSVF	Micro	0
GTEX-15UF6-0011-R10b-SM-9OSVF	OPC	0.018418345897013
GTEX-15UF6-0011-R10b-SM-9OSVF	Mural	0.160621324700112
GTEX-15UF6-0011-R10b-SM-9OSVF	Immune	0.00616482994998415
GTEX-16GPK-0011-R10b-SM-7MKFG	Oligo	0.432315659247406
GTEX-16GPK-0011-R10b-SM-7MKFG	Excit	0.00336014970590051
GTEX-16GPK-0011-R10b-SM-7MKFG	Astro	0.407935639569296
GTEX-16GPK-0011-R10b-SM-7MKFG	Inhib	0.00534476197883955
GTEX-16GPK-0011-R10b-SM-7MKFG	Micro	0.00485097510438103
GTEX-16GPK-0011-R10b-SM-7MKFG	OPC	0.0413754190780606
GTEX-16GPK-0011-R10b-SM-7MKFG	Mural	0.101656568862333
GTEX-16GPK-0011-R10b-SM-7MKFG	Immune	0.00316082645378346
GTEX-16XZZ-0011-R10b-SM-7LT91	Oligo	0.0441893084960829
GTEX-16XZZ-0011-R10b-SM-7LT91	Excit	0.167591453452601
GTEX-16XZZ-0011-R10b-SM-7LT91	Astro	0.466116704036012
GTEX-16XZZ-0011-R10b-SM-7LT91	Inhib	0.00160613610789468
GTEX-16XZZ-0011-R10b-SM-7LT91	Micro	0.0381142719827714
GTEX-16XZZ-0011-R10b-SM-7LT91	OPC	0.0340131202722063
GTEX-16XZZ-0011-R10b-SM-7LT91	Mural	0.122592042427199
GTEX-16XZZ-0011-R10b-SM-7LT91	Immune	0.125776963225233
GTEX-16YQH-0011-R10b-SM-7LT8U	Oligo	0.385370356692283
GTEX-16YQH-0011-R10b-SM-7LT8U	Excit	0.0783970543087718
GTEX-16YQH-0011-R10b-SM-7LT8U	Astro	0.173710710797895
GTEX-16YQH-0011-R10b-SM-7LT8U	Inhib	0.0686309304293677
GTEX-16YQH-0011-R10b-SM-7LT8U	Micro	0.0585985658268404
GTEX-16YQH-0011-R10b-SM-7LT8U	OPC	0.0837308359745226
GTEX-16YQH-0011-R10b-SM-7LT8U	Mural	0.126317518419054
GTEX-16YQH-0011-R10b-SM-7LT8U	Immune	0.0252440275512654
GTEX-16Z82-0011-R10a-SM-79OJX	Oligo	0.159598497993714
GTEX-16Z82-0011-R10a-SM-79OJX	Excit	0.0986580781539304
GTEX-16Z82-0011-R10a-SM-79OJX	Astro	0.479450565331321
GTEX-16Z82-0011-R10a-SM-79OJX	Inhib	0.0135135989205839
GTEX-16Z82-0011-R10a-SM-79OJX	Micro	0.0047716698327488
GTEX-16Z82-0011-R10a-SM-79OJX	OPC	0.0509290777004437
GTEX-16Z82-0011-R10a-SM-79OJX	Mural	0.186115621213819
GTEX-16Z82-0011-R10a-SM-79OJX	Immune	0.00696289085343953
GTEX-17EVP-0011-R10a-SM-7IGLP	Oligo	0.800845754115803
GTEX-17EVP-0011-R10a-SM-7IGLP	Excit	0.0388485276640724
GTEX-17EVP-0011-R10a-SM-7IGLP	Astro	0.106508268072208
GTEX-17EVP-0011-R10a-SM-7IGLP	Inhib	0.00529524203949242
GTEX-17EVP-0011-R10a-SM-7IGLP	Micro	0.00167006522183311
GTEX-17EVP-0011-R10a-SM-7IGLP	OPC	0.0111755287357665
GTEX-17EVP-0011-R10a-SM-7IGLP	Mural	0.0356566141508246
GTEX-17EVP-0011-R10a-SM-7IGLP	Immune	0
GTEX-17F97-0011-R10b-SM-793BB	Oligo	0.256643401985272
GTEX-17F97-0011-R10b-SM-793BB	Excit	0.139582685254806
GTEX-17F97-0011-R10b-SM-793BB	Astro	0.313152810611099
GTEX-17F97-0011-R10b-SM-793BB	Inhib	0.0118229885483766
GTEX-17F97-0011-R10b-SM-793BB	Micro	0.0332518186079618
GTEX-17F97-0011-R10b-SM-793BB	OPC	0.0501982627600264
GTEX-17F97-0011-R10b-SM-793BB	Mural	0.120142842723837
GTEX-17F97-0011-R10b-SM-793BB	Immune	0.0752051895086215
GTEX-17HG3-0011-R10b-SM-7LT97	Oligo	0.15298300857215
GTEX-17HG3-0011-R10b-SM-7LT97	Excit	0.235702459538043
GTEX-17HG3-0011-R10b-SM-7LT97	Astro	0.244611085647355
GTEX-17HG3-0011-R10b-SM-7LT97	Inhib	0.0770311740320859
GTEX-17HG3-0011-R10b-SM-7LT97	Micro	0.0261707657501807
GTEX-17HG3-0011-R10b-SM-7LT97	OPC	0.0485881556133737
GTEX-17HG3-0011-R10b-SM-7LT97	Mural	0.138671835073837
GTEX-17HG3-0011-R10b-SM-7LT97	Immune	0.0762415157729738
GTEX-17HII-0011-R10a-SM-79OMY	Oligo	0.0674865186068949
GTEX-17HII-0011-R10a-SM-79OMY	Excit	0.112657574116604
GTEX-17HII-0011-R10a-SM-79OMY	Astro	0.577640534167284
GTEX-17HII-0011-R10a-SM-79OMY	Inhib	0.0234347467369497
GTEX-17HII-0011-R10a-SM-79OMY	Micro	0.00753931047054428
GTEX-17HII-0011-R10a-SM-79OMY	OPC	0.0634958140425852
GTEX-17HII-0011-R10a-SM-79OMY	Mural	0.0687384553140625
GTEX-17HII-0011-R10a-SM-79OMY	Immune	0.0790070465450754
GTEX-17JCI-0011-R10b-SM-718A2	Oligo	0.233697607815732
GTEX-17JCI-0011-R10b-SM-718A2	Excit	0.157169778713834
GTEX-17JCI-0011-R10b-SM-718A2	Astro	0.369091492972148
GTEX-17JCI-0011-R10b-SM-718A2	Inhib	0.000922220492197102
GTEX-17JCI-0011-R10b-SM-718A2	Micro	0.0108449299068989
GTEX-17JCI-0011-R10b-SM-718A2	OPC	0.0320719859866332
GTEX-17JCI-0011-R10b-SM-718A2	Mural	0.166669237113438
GTEX-17JCI-0011-R10b-SM-718A2	Immune	0.0295327469991174
GTEX-18A6Q-0011-R10b-SM-72D7A	Oligo	0.44071852183428
GTEX-18A6Q-0011-R10b-SM-72D7A	Excit	0.12898788325435
GTEX-18A6Q-0011-R10b-SM-72D7A	Astro	0.234156217398806
GTEX-18A6Q-0011-R10b-SM-72D7A	Inhib	0.0404172078022374
GTEX-18A6Q-0011-R10b-SM-72D7A	Micro	0.00669243735888154
GTEX-18A6Q-0011-R10b-SM-72D7A	OPC	0.0392741321189354
GTEX-18A6Q-0011-R10b-SM-72D7A	Mural	0.0956063768468992
GTEX-18A6Q-0011-R10b-SM-72D7A	Immune	0.0141472233856115
GTEX-1A3MX-0011-R10b-SM-7P8PG	Oligo	0.055046109258057
GTEX-1A3MX-0011-R10b-SM-7P8PG	Excit	0.101388403323983
GTEX-1A3MX-0011-R10b-SM-7P8PG	Astro	0.537140392075976
GTEX-1A3MX-0011-R10b-SM-7P8PG	Inhib	0.0402093822714643
GTEX-1A3MX-0011-R10b-SM-7P8PG	Micro	0.0237724856691835
GTEX-1A3MX-0011-R10b-SM-7P8PG	OPC	0.0288034313381893
GTEX-1A3MX-0011-R10b-SM-7P8PG	Mural	0.0845049318461404
GTEX-1A3MX-0011-R10b-SM-7P8PG	Immune	0.129134864217006
GTEX-1A8G6-0011-R10b-SM-7P8PB	Oligo	0.111515439733578
GTEX-1A8G6-0011-R10b-SM-7P8PB	Excit	0.10291083891212
GTEX-1A8G6-0011-R10b-SM-7P8PB	Astro	0.616916540495701
GTEX-1A8G6-0011-R10b-SM-7P8PB	Inhib	0.00901568143806071
GTEX-1A8G6-0011-R10b-SM-7P8PB	Micro	0.0113078751781711
GTEX-1A8G6-0011-R10b-SM-7P8PB	OPC	0.0343775784677037
GTEX-1A8G6-0011-R10b-SM-7P8PB	Mural	0.0972493275861341
GTEX-1A8G6-0011-R10b-SM-7P8PB	Immune	0.0167067181885321
GTEX-1B8L1-0011-R10b-SM-7P8Q4	Oligo	0.349788720359637
GTEX-1B8L1-0011-R10b-SM-7P8Q4	Excit	0.267579579879906
GTEX-1B8L1-0011-R10b-SM-7P8Q4	Astro	0.0794544439633434
GTEX-1B8L1-0011-R10b-SM-7P8Q4	Inhib	0.050406713008745
GTEX-1B8L1-0011-R10b-SM-7P8Q4	Micro	0.0215124653491604
GTEX-1B8L1-0011-R10b-SM-7P8Q4	OPC	0.0296012070605631
GTEX-1B8L1-0011-R10b-SM-7P8Q4	Mural	0.151648850898221
GTEX-1B8L1-0011-R10b-SM-7P8Q4	Immune	0.0500080194804244
GTEX-1B8SF-0011-R10b-SM-7P8SW	Oligo	0.116193032546144
GTEX-1B8SF-0011-R10b-SM-7P8SW	Excit	0.296424449998219
GTEX-1B8SF-0011-R10b-SM-7P8SW	Astro	0.27334917782096
GTEX-1B8SF-0011-R10b-SM-7P8SW	Inhib	0.075420034451855
GTEX-1B8SF-0011-R10b-SM-7P8SW	Micro	0.000422273019721991
GTEX-1B8SF-0011-R10b-SM-7P8SW	OPC	0.0324243718900373
GTEX-1B8SF-0011-R10b-SM-7P8SW	Mural	0.128631406482265
GTEX-1B8SF-0011-R10b-SM-7P8SW	Immune	0.0771352537907978
GTEX-1B933-0011-R10b-SM-9OSVN	Oligo	0.312834630012721
GTEX-1B933-0011-R10b-SM-9OSVN	Excit	0.127509580234082
GTEX-1B933-0011-R10b-SM-9OSVN	Astro	0.378698073207051
GTEX-1B933-0011-R10b-SM-9OSVN	Inhib	0.020995587677408
GTEX-1B933-0011-R10b-SM-9OSVN	Micro	0.0101251111531242
GTEX-1B933-0011-R10b-SM-9OSVN	OPC	0.0293736610190302
GTEX-1B933-0011-R10b-SM-9OSVN	Mural	0.110471709481217
GTEX-1B933-0011-R10b-SM-9OSVN	Immune	0.00999164721536585
GTEX-1B996-0011-R10b-SM-CJI3T	Oligo	0.100433226398115
GTEX-1B996-0011-R10b-SM-CJI3T	Excit	0.09960982596941
GTEX-1B996-0011-R10b-SM-CJI3T	Astro	0.551120158558294
GTEX-1B996-0011-R10b-SM-CJI3T	Inhib	0
GTEX-1B996-0011-R10b-SM-CJI3T	Micro	0.028893814054057
GTEX-1B996-0011-R10b-SM-CJI3T	OPC	0.0654303986309966
GTEX-1B996-0011-R10b-SM-CJI3T	Mural	0.039116244534339
GTEX-1B996-0011-R10b-SM-CJI3T	Immune	0.115396331854789
GTEX-1BAJH-0011-R10a-SM-7MXT9	Oligo	0.152150149223308
GTEX-1BAJH-0011-R10a-SM-7MXT9	Excit	0.0494710432848726
GTEX-1BAJH-0011-R10a-SM-7MXT9	Astro	0.561319994130199
GTEX-1BAJH-0011-R10a-SM-7MXT9	Inhib	0.0113045993259802
GTEX-1BAJH-0011-R10a-SM-7MXT9	Micro	0.013991260359252
GTEX-1BAJH-0011-R10a-SM-7MXT9	OPC	0.0147245252983316
GTEX-1BAJH-0011-R10a-SM-7MXT9	Mural	0.194876842759764
GTEX-1BAJH-0011-R10a-SM-7MXT9	Immune	0.00216158561829175
GTEX-1C6VQ-0011-R10b-SM-7P8Q1	Oligo	0.0344558651194068
GTEX-1C6VQ-0011-R10b-SM-7P8Q1	Excit	0.000359894723616139
GTEX-1C6VQ-0011-R10b-SM-7P8Q1	Astro	0.827300634879787
GTEX-1C6VQ-0011-R10b-SM-7P8Q1	Inhib	0.00128765879497779
GTEX-1C6VQ-0011-R10b-SM-7P8Q1	Micro	0
GTEX-1C6VQ-0011-R10b-SM-7P8Q1	OPC	0.0270342411844115
GTEX-1C6VQ-0011-R10b-SM-7P8Q1	Mural	0.0640535320894387
GTEX-1C6VQ-0011-R10b-SM-7P8Q1	Immune	0.0455081732083623
GTEX-1C6VR-0011-R10b-SM-7P8QA	Oligo	0.329486361160922
GTEX-1C6VR-0011-R10b-SM-7P8QA	Excit	0.0772481316727261
GTEX-1C6VR-0011-R10b-SM-7P8QA	Astro	0.452847576382179
GTEX-1C6VR-0011-R10b-SM-7P8QA	Inhib	0.00886019477609833
GTEX-1C6VR-0011-R10b-SM-7P8QA	Micro	0.00916633411915096
GTEX-1C6VR-0011-R10b-SM-7P8QA	OPC	0.0249828139019701
GTEX-1C6VR-0011-R10b-SM-7P8QA	Mural	0.0972302218126062
GTEX-1C6VR-0011-R10b-SM-7P8QA	Immune	0.000178366174347494
GTEX-1CB4G-0011-R10a-SM-9QEHS	Oligo	0.390926451473938
GTEX-1CB4G-0011-R10a-SM-9QEHS	Excit	0.181277850190164
GTEX-1CB4G-0011-R10a-SM-9QEHS	Astro	0.245861491498349
GTEX-1CB4G-0011-R10a-SM-9QEHS	Inhib	0.0233770114683029
GTEX-1CB4G-0011-R10a-SM-9QEHS	Micro	0.00299576415932766
GTEX-1CB4G-0011-R10a-SM-9QEHS	OPC	0.0268573601374163
GTEX-1CB4G-0011-R10a-SM-9QEHS	Mural	0.0883962021276115
GTEX-1CB4G-0011-R10a-SM-9QEHS	Immune	0.040307868944891
GTEX-1CB4H-0011-R10b-SM-9QEH3	Oligo	0.0696640442509699
GTEX-1CB4H-0011-R10b-SM-9QEH3	Excit	0.00759305698421082
GTEX-1CB4H-0011-R10b-SM-9QEH3	Astro	0.766641738651967
GTEX-1CB4H-0011-R10b-SM-9QEH3	Inhib	0.00965450224747788
GTEX-1CB4H-0011-R10b-SM-9QEH3	Micro	0.00426000210722244
GTEX-1CB4H-0011-R10b-SM-9QEH3	OPC	0.0303329098300718
GTEX-1CB4H-0011-R10b-SM-9QEH3	Mural	0.085145457278285
GTEX-1CB4H-0011-R10b-SM-9QEH3	Immune	0.0267082886497956
GTEX-1CB4J-0011-R10a-SM-9WG63	Oligo	0.503168235825224
GTEX-1CB4J-0011-R10a-SM-9WG63	Excit	0
GTEX-1CB4J-0011-R10a-SM-9WG63	Astro	0.280516102560309
GTEX-1CB4J-0011-R10a-SM-9WG63	Inhib	0
GTEX-1CB4J-0011-R10a-SM-9WG63	Micro	0.0236946655430285
GTEX-1CB4J-0011-R10a-SM-9WG63	OPC	0.0185643223998722
GTEX-1CB4J-0011-R10a-SM-9WG63	Mural	0.111190890274605
GTEX-1CB4J-0011-R10a-SM-9WG63	Immune	0.0628657833969605
GTEX-1E1VI-0011-R10b-SM-ARU8F	Oligo	0.436312986117166
GTEX-1E1VI-0011-R10b-SM-ARU8F	Excit	0.114709389458717
GTEX-1E1VI-0011-R10b-SM-ARU8F	Astro	0.293916913145657
GTEX-1E1VI-0011-R10b-SM-ARU8F	Inhib	0.00816044716143982
GTEX-1E1VI-0011-R10b-SM-ARU8F	Micro	0.000481622171932335
GTEX-1E1VI-0011-R10b-SM-ARU8F	OPC	0.0326442729543402
GTEX-1E1VI-0011-R10b-SM-ARU8F	Mural	0.113774368990748
GTEX-1E1VI-0011-R10b-SM-ARU8F	Immune	0
GTEX-1EH9U-0011-R10a-SM-CJI2A	Oligo	0.146872820969221
GTEX-1EH9U-0011-R10a-SM-CJI2A	Excit	0.0100050908690517
GTEX-1EH9U-0011-R10a-SM-CJI2A	Astro	0.69220159476633
GTEX-1EH9U-0011-R10a-SM-CJI2A	Inhib	0
GTEX-1EH9U-0011-R10a-SM-CJI2A	Micro	0.00334851653089967
GTEX-1EH9U-0011-R10a-SM-CJI2A	OPC	0.026515181709017
GTEX-1EH9U-0011-R10a-SM-CJI2A	Mural	0.0892274495351551
GTEX-1EH9U-0011-R10a-SM-CJI2A	Immune	0.0318293456203256
GTEX-1EMGI-0011-R10a-SM-9OSWY	Oligo	0.379270021963889
GTEX-1EMGI-0011-R10a-SM-9OSWY	Excit	0.176996974072183
GTEX-1EMGI-0011-R10a-SM-9OSWY	Astro	0.0904113048306525
GTEX-1EMGI-0011-R10a-SM-9OSWY	Inhib	0.048025237603238
GTEX-1EMGI-0011-R10a-SM-9OSWY	Micro	0.0154993988988831
GTEX-1EMGI-0011-R10a-SM-9OSWY	OPC	0.0611841862650934
GTEX-1EMGI-0011-R10a-SM-9OSWY	Mural	0.122627813027388
GTEX-1EMGI-0011-R10a-SM-9OSWY	Immune	0.105985063338673
GTEX-1EX96-0011-R10b-SM-CE6QR	Oligo	0.473363808071278
GTEX-1EX96-0011-R10b-SM-CE6QR	Excit	0.148974690025537
GTEX-1EX96-0011-R10b-SM-CE6QR	Astro	0.206587389885314
GTEX-1EX96-0011-R10b-SM-CE6QR	Inhib	0.0168728609031488
GTEX-1EX96-0011-R10b-SM-CE6QR	Micro	0.000410742451977771
GTEX-1EX96-0011-R10b-SM-CE6QR	OPC	0.0191002166545286
GTEX-1EX96-0011-R10b-SM-CE6QR	Mural	0.0715632679177937
GTEX-1EX96-0011-R10b-SM-CE6QR	Immune	0.0631270240904212
GTEX-1F48J-0011-R10a-SM-9QEIB	Oligo	0.28629828395066
GTEX-1F48J-0011-R10a-SM-9QEIB	Excit	0.0826595078948362
GTEX-1F48J-0011-R10a-SM-9QEIB	Astro	0.496748100192812
GTEX-1F48J-0011-R10a-SM-9QEIB	Inhib	0.00782038452698387
GTEX-1F48J-0011-R10a-SM-9QEIB	Micro	0.00933055072070435
GTEX-1F48J-0011-R10a-SM-9QEIB	OPC	0.0252053668653709
GTEX-1F48J-0011-R10a-SM-9QEIB	Mural	0.0588622846326135
GTEX-1F48J-0011-R10a-SM-9QEIB	Immune	0.0330755212160196
GTEX-1F6I4-0011-R10b-SM-9OSWT	Oligo	0.169629693294835
GTEX-1F6I4-0011-R10b-SM-9OSWT	Excit	0.204528045927502
GTEX-1F6I4-0011-R10b-SM-9OSWT	Astro	0.438108706471499
GTEX-1F6I4-0011-R10b-SM-9OSWT	Inhib	0.0232844723910174
GTEX-1F6I4-0011-R10b-SM-9OSWT	Micro	0.000523465270477933
GTEX-1F6I4-0011-R10b-SM-9OSWT	OPC	0.0410977633741611
GTEX-1F6I4-0011-R10b-SM-9OSWT	Mural	0.0719416435611591
GTEX-1F6I4-0011-R10b-SM-9OSWT	Immune	0.0508862097093485
GTEX-1F6IF-0011-R10a-SM-9QEIN	Oligo	0.114362322930967
GTEX-1F6IF-0011-R10a-SM-9QEIN	Excit	0.353683118717853
GTEX-1F6IF-0011-R10a-SM-9QEIN	Astro	0.277428718227585
GTEX-1F6IF-0011-R10a-SM-9QEIN	Inhib	0.0356003242259114
GTEX-1F6IF-0011-R10a-SM-9QEIN	Micro	0.000246031759155362
GTEX-1F6IF-0011-R10a-SM-9QEIN	OPC	0.0213839642034576
GTEX-1F6IF-0011-R10a-SM-9QEIN	Mural	0.120578844989325
GTEX-1F6IF-0011-R10a-SM-9QEIN	Immune	0.0767166749457453
GTEX-1F75W-0011-R10b-SM-ARU7Z	Oligo	0.102727664559836
GTEX-1F75W-0011-R10b-SM-ARU7Z	Excit	0.143197850929017
GTEX-1F75W-0011-R10b-SM-ARU7Z	Astro	0.455373129445356
GTEX-1F75W-0011-R10b-SM-ARU7Z	Inhib	0.0252915312928101
GTEX-1F75W-0011-R10b-SM-ARU7Z	Micro	0.00968497289338722
GTEX-1F75W-0011-R10b-SM-ARU7Z	OPC	0.0777765230247455
GTEX-1F75W-0011-R10b-SM-ARU7Z	Mural	0.151207155482387
GTEX-1F75W-0011-R10b-SM-ARU7Z	Immune	0.0347411723724606
GTEX-1F7RK-0011-R10b-SM-ARU7Y	Oligo	0.326504303951514
GTEX-1F7RK-0011-R10b-SM-ARU7Y	Excit	0.180061496453586
GTEX-1F7RK-0011-R10b-SM-ARU7Y	Astro	0.0408773610725148
GTEX-1F7RK-0011-R10b-SM-ARU7Y	Inhib	0.0890800945087367
GTEX-1F7RK-0011-R10b-SM-ARU7Y	Micro	0.0394935099738388
GTEX-1F7RK-0011-R10b-SM-ARU7Y	OPC	0.0627944730490203
GTEX-1F7RK-0011-R10b-SM-ARU7Y	Mural	0.215019599009936
GTEX-1F7RK-0011-R10b-SM-ARU7Y	Immune	0.0461691619808537
GTEX-1GF9V-0011-R10b-SM-CKZNP	Oligo	0.366404044476212
GTEX-1GF9V-0011-R10b-SM-CKZNP	Excit	0.172280691615895
GTEX-1GF9V-0011-R10b-SM-CKZNP	Astro	0.352571920235915
GTEX-1GF9V-0011-R10b-SM-CKZNP	Inhib	0.0011514606140111
GTEX-1GF9V-0011-R10b-SM-CKZNP	Micro	0
GTEX-1GF9V-0011-R10b-SM-CKZNP	OPC	0.0292374188882882
GTEX-1GF9V-0011-R10b-SM-CKZNP	Mural	0.0535204254022857
GTEX-1GF9V-0011-R10b-SM-CKZNP	Immune	0.0248340387673933
GTEX-1GF9W-0011-R10a-SM-9OSXH	Oligo	0.145549874559856
GTEX-1GF9W-0011-R10a-SM-9OSXH	Excit	0.184007188488481
GTEX-1GF9W-0011-R10a-SM-9OSXH	Astro	0.47682574367994
GTEX-1GF9W-0011-R10a-SM-9OSXH	Inhib	0.00862456511400068
GTEX-1GF9W-0011-R10a-SM-9OSXH	Micro	0.00246482390915021
GTEX-1GF9W-0011-R10a-SM-9OSXH	OPC	0.0314823997677299
GTEX-1GF9W-0011-R10a-SM-9OSXH	Mural	0.0400038232133304
GTEX-1GF9W-0011-R10a-SM-9OSXH	Immune	0.111041581267511
GTEX-1GMR8-0011-R10a-SM-CJI21	Oligo	0.262430851755099
GTEX-1GMR8-0011-R10a-SM-CJI21	Excit	0.084012127802521
GTEX-1GMR8-0011-R10a-SM-CJI21	Astro	0.414171816713639
GTEX-1GMR8-0011-R10a-SM-CJI21	Inhib	0.0175271331378742
GTEX-1GMR8-0011-R10a-SM-CJI21	Micro	0.00814059828925798
GTEX-1GMR8-0011-R10a-SM-CJI21	OPC	0.037205729371774
GTEX-1GMR8-0011-R10a-SM-CJI21	Mural	0.0674307847162212
GTEX-1GMR8-0011-R10a-SM-CJI21	Immune	0.109080958213614
GTEX-1GMRU-0011-R10b-SM-CJI2L	Oligo	0.230128416645881
GTEX-1GMRU-0011-R10b-SM-CJI2L	Excit	0.249585806733091
GTEX-1GMRU-0011-R10b-SM-CJI2L	Astro	0.272236200710748
GTEX-1GMRU-0011-R10b-SM-CJI2L	Inhib	0.0349707029008333
GTEX-1GMRU-0011-R10b-SM-CJI2L	Micro	0.000248445303809326
GTEX-1GMRU-0011-R10b-SM-CJI2L	OPC	0.0377141640725049
GTEX-1GMRU-0011-R10b-SM-CJI2L	Mural	0.113236392914457
GTEX-1GMRU-0011-R10b-SM-CJI2L	Immune	0.0618798707186755
GTEX-1GN2E-0011-R10a-SM-CE6RI	Oligo	0.326339920582997
GTEX-1GN2E-0011-R10a-SM-CE6RI	Excit	0.045041817403742
GTEX-1GN2E-0011-R10a-SM-CE6RI	Astro	0.512930375573804
GTEX-1GN2E-0011-R10a-SM-CE6RI	Inhib	0.00402084667933277
GTEX-1GN2E-0011-R10a-SM-CE6RI	Micro	0.000208373240018345
GTEX-1GN2E-0011-R10a-SM-CE6RI	OPC	0.00997816237551289
GTEX-1GN2E-0011-R10a-SM-CE6RI	Mural	0.100170591156388
GTEX-1GN2E-0011-R10a-SM-CE6RI	Immune	0.00130991298820574
GTEX-1GN73-0011-R10b-SM-CKZNR	Oligo	0.378891327340176
GTEX-1GN73-0011-R10b-SM-CKZNR	Excit	0.122427088820192
GTEX-1GN73-0011-R10b-SM-CKZNR	Astro	0.289665919873664
GTEX-1GN73-0011-R10b-SM-CKZNR	Inhib	0.0231986718345504
GTEX-1GN73-0011-R10b-SM-CKZNR	Micro	0.0069555783681232
GTEX-1GN73-0011-R10b-SM-CKZNR	OPC	0.0272092584942294
GTEX-1GN73-0011-R10b-SM-CKZNR	Mural	0.0593635279162438
GTEX-1GN73-0011-R10b-SM-CKZNR	Immune	0.0922886273528216
GTEX-1GTWX-0011-R10b-SM-CJI2X	Oligo	0.13102904906073
GTEX-1GTWX-0011-R10b-SM-CJI2X	Excit	0.100495128424412
GTEX-1GTWX-0011-R10b-SM-CJI2X	Astro	0.635736883622506
GTEX-1GTWX-0011-R10b-SM-CJI2X	Inhib	0.00539055804676052
GTEX-1GTWX-0011-R10b-SM-CJI2X	Micro	0.00178473843187498
GTEX-1GTWX-0011-R10b-SM-CJI2X	OPC	0.0126444337100826
GTEX-1GTWX-0011-R10b-SM-CJI2X	Mural	0.0827354418369088
GTEX-1GTWX-0011-R10b-SM-CJI2X	Immune	0.0301837668667256
GTEX-1GZ2Q-0011-R10b-SM-CE6RN	Oligo	0.173110485218345
GTEX-1GZ2Q-0011-R10b-SM-CE6RN	Excit	0.196198089386082
GTEX-1GZ2Q-0011-R10b-SM-CE6RN	Astro	0.411255426751245
GTEX-1GZ2Q-0011-R10b-SM-CE6RN	Inhib	0.0145181985159653
GTEX-1GZ2Q-0011-R10b-SM-CE6RN	Micro	0.00126972430546244
GTEX-1GZ2Q-0011-R10b-SM-CE6RN	OPC	0.0373149671603559
GTEX-1GZ2Q-0011-R10b-SM-CE6RN	Mural	0.0713701031695076
GTEX-1GZ2Q-0011-R10b-SM-CE6RN	Immune	0.0949630054930366
GTEX-1GZ4I-0011-R10a-SM-9OSX3	Oligo	0.0986401907135856
GTEX-1GZ4I-0011-R10a-SM-9OSX3	Excit	0.147840277650958
GTEX-1GZ4I-0011-R10a-SM-9OSX3	Astro	0.500283310374929
GTEX-1GZ4I-0011-R10a-SM-9OSX3	Inhib	0.0151720373195047
GTEX-1GZ4I-0011-R10a-SM-9OSX3	Micro	0.00211898769341369
GTEX-1GZ4I-0011-R10a-SM-9OSX3	OPC	0.0504413464290846
GTEX-1GZ4I-0011-R10a-SM-9OSX3	Mural	0.132204815827038
GTEX-1GZ4I-0011-R10a-SM-9OSX3	Immune	0.0532990339914869
GTEX-1H1CY-0011-R10a-SM-CE6SD	Oligo	0.494936266643283
GTEX-1H1CY-0011-R10a-SM-CE6SD	Excit	0.0125773996869139
GTEX-1H1CY-0011-R10a-SM-CE6SD	Astro	0.323724753852535
GTEX-1H1CY-0011-R10a-SM-CE6SD	Inhib	0.00446681635703711
GTEX-1H1CY-0011-R10a-SM-CE6SD	Micro	0
GTEX-1H1CY-0011-R10a-SM-CE6SD	OPC	0.0354094401669973
GTEX-1H1CY-0011-R10a-SM-CE6SD	Mural	0.128685559658632
GTEX-1H1CY-0011-R10a-SM-CE6SD	Immune	0.000199763634601356
GTEX-1H1DG-0011-R10b-SM-CE6S7	Oligo	0.0802958359852554
GTEX-1H1DG-0011-R10b-SM-CE6S7	Excit	0.116745730784424
GTEX-1H1DG-0011-R10b-SM-CE6S7	Astro	0.550402478841486
GTEX-1H1DG-0011-R10b-SM-CE6S7	Inhib	0.0119362505669211
GTEX-1H1DG-0011-R10b-SM-CE6S7	Micro	0.00148573842631589
GTEX-1H1DG-0011-R10b-SM-CE6S7	OPC	0.0263438566402931
GTEX-1H1DG-0011-R10b-SM-CE6S7	Mural	0.110423889628152
GTEX-1H1DG-0011-R10b-SM-CE6S7	Immune	0.102366219127153
GTEX-1H1ZS-0011-R10b-SM-A9SK9	Oligo	0.141063652495733
GTEX-1H1ZS-0011-R10b-SM-A9SK9	Excit	0.0993620370602908
GTEX-1H1ZS-0011-R10b-SM-A9SK9	Astro	0.578521762486435
GTEX-1H1ZS-0011-R10b-SM-A9SK9	Inhib	0.00756049294982034
GTEX-1H1ZS-0011-R10b-SM-A9SK9	Micro	0.0116773494963258
GTEX-1H1ZS-0011-R10b-SM-A9SK9	OPC	0.0235579474181277
GTEX-1H1ZS-0011-R10b-SM-A9SK9	Mural	0.0718441805656086
GTEX-1H1ZS-0011-R10b-SM-A9SK9	Immune	0.0664125775276582
GTEX-1H23P-0011-R10a-SM-A96RS	Oligo	0.278976064008622
GTEX-1H23P-0011-R10a-SM-A96RS	Excit	0.0375820279774859
GTEX-1H23P-0011-R10a-SM-A96RS	Astro	0.522262304346457
GTEX-1H23P-0011-R10a-SM-A96RS	Inhib	0.00602120887317904
GTEX-1H23P-0011-R10a-SM-A96RS	Micro	0
GTEX-1H23P-0011-R10a-SM-A96RS	OPC	0.019509581016812
GTEX-1H23P-0011-R10a-SM-A96RS	Mural	0.0696178741234972
GTEX-1H23P-0011-R10a-SM-A96RS	Immune	0.0660309396539475
GTEX-1H3O1-0011-R10a-SM-CJI3O	Oligo	0.205112513332476
GTEX-1H3O1-0011-R10a-SM-CJI3O	Excit	0.0985356719988451
GTEX-1H3O1-0011-R10a-SM-CJI3O	Astro	0.526820283823145
GTEX-1H3O1-0011-R10a-SM-CJI3O	Inhib	0.0185929897160555
GTEX-1H3O1-0011-R10a-SM-CJI3O	Micro	0.00347732204870204
GTEX-1H3O1-0011-R10a-SM-CJI3O	OPC	0.0207294186424344
GTEX-1H3O1-0011-R10a-SM-CJI3O	Mural	0.0991345300551608
GTEX-1H3O1-0011-R10a-SM-CJI3O	Immune	0.0275972703831815
GTEX-1H3VE-0011-R10b-SM-A9SKC	Oligo	0.0857821688543272
GTEX-1H3VE-0011-R10b-SM-A9SKC	Excit	0.0580310272228103
GTEX-1H3VE-0011-R10b-SM-A9SKC	Astro	0.607317210137221
GTEX-1H3VE-0011-R10b-SM-A9SKC	Inhib	0.0080741543002207
GTEX-1H3VE-0011-R10b-SM-A9SKC	Micro	0.00542469991160945
GTEX-1H3VE-0011-R10b-SM-A9SKC	OPC	0.0394195401452164
GTEX-1H3VE-0011-R10b-SM-A9SKC	Mural	0.0696903149955418
GTEX-1H3VE-0011-R10b-SM-A9SKC	Immune	0.126260884433053
GTEX-1H4P4-0011-R10b-SM-CE6SG	Oligo	0.158762710068831
GTEX-1H4P4-0011-R10b-SM-CE6SG	Excit	0.130909610820829
GTEX-1H4P4-0011-R10b-SM-CE6SG	Astro	0.550090918670764
GTEX-1H4P4-0011-R10b-SM-CE6SG	Inhib	0.000910089012651347
GTEX-1H4P4-0011-R10b-SM-CE6SG	Micro	0.000294449371907033
GTEX-1H4P4-0011-R10b-SM-CE6SG	OPC	0.0390212820149217
GTEX-1H4P4-0011-R10b-SM-CE6SG	Mural	0.100086617151855
GTEX-1H4P4-0011-R10b-SM-CE6SG	Immune	0.0199243228882419
GTEX-1HB9E-0011-R10a-SM-CJI3H	Oligo	0.364155153821385
GTEX-1HB9E-0011-R10a-SM-CJI3H	Excit	0.113597397351626
GTEX-1HB9E-0011-R10a-SM-CJI3H	Astro	0.277620663691665
GTEX-1HB9E-0011-R10a-SM-CJI3H	Inhib	0.0160312527445029
GTEX-1HB9E-0011-R10a-SM-CJI3H	Micro	0.00838275796999225
GTEX-1HB9E-0011-R10a-SM-CJI3H	OPC	0.028533797604747
GTEX-1HB9E-0011-R10a-SM-CJI3H	Mural	0.0720550125678493
GTEX-1HB9E-0011-R10a-SM-CJI3H	Immune	0.119623964248233
GTEX-1HBPH-0011-R10a-SM-CE6SI	Oligo	0.190102665610783
GTEX-1HBPH-0011-R10a-SM-CE6SI	Excit	0.0577367737353439
GTEX-1HBPH-0011-R10a-SM-CE6SI	Astro	0.583838920885624
GTEX-1HBPH-0011-R10a-SM-CE6SI	Inhib	0.0127710803632071
GTEX-1HBPH-0011-R10a-SM-CE6SI	Micro	0.00999160150631224
GTEX-1HBPH-0011-R10a-SM-CE6SI	OPC	0.0436106147008831
GTEX-1HBPH-0011-R10a-SM-CE6SI	Mural	0.0788812893115718
GTEX-1HBPH-0011-R10a-SM-CE6SI	Immune	0.0230670538862755
GTEX-1HBPI-0011-R10a-SM-A96RZ	Oligo	0.256224946018219
GTEX-1HBPI-0011-R10a-SM-A96RZ	Excit	0.138103990609155
GTEX-1HBPI-0011-R10a-SM-A96RZ	Astro	0.376446336379191
GTEX-1HBPI-0011-R10a-SM-A96RZ	Inhib	0.0341906008035757
GTEX-1HBPI-0011-R10a-SM-A96RZ	Micro	0.0234707226044947
GTEX-1HBPI-0011-R10a-SM-A96RZ	OPC	0.030110164068838
GTEX-1HBPI-0011-R10a-SM-A96RZ	Mural	0.121321584179288
GTEX-1HBPI-0011-R10a-SM-A96RZ	Immune	0.0201316553372388
GTEX-1HBPM-0011-R10a-SM-CJI3Q	Oligo	0.124267961797175
GTEX-1HBPM-0011-R10a-SM-CJI3Q	Excit	0.00202930715854325
GTEX-1HBPM-0011-R10a-SM-CJI3Q	Astro	0.730696596586623
GTEX-1HBPM-0011-R10a-SM-CJI3Q	Inhib	5.00920586325404e-05
GTEX-1HBPM-0011-R10a-SM-CJI3Q	Micro	0
GTEX-1HBPM-0011-R10a-SM-CJI3Q	OPC	0.0318359969737294
GTEX-1HBPM-0011-R10a-SM-CJI3Q	Mural	0.0958274554025036
GTEX-1HBPM-0011-R10a-SM-CJI3Q	Immune	0.0152925900227935
GTEX-1HCU6-0011-R10a-SM-CKZP8	Oligo	0.38849751045186
GTEX-1HCU6-0011-R10a-SM-CKZP8	Excit	0.0531716631869689
GTEX-1HCU6-0011-R10a-SM-CKZP8	Astro	0.399823410429883
GTEX-1HCU6-0011-R10a-SM-CKZP8	Inhib	0.00830196591038771
GTEX-1HCU6-0011-R10a-SM-CKZP8	Micro	0.00160671364021064
GTEX-1HCU6-0011-R10a-SM-CKZP8	OPC	0.0364039818322593
GTEX-1HCU6-0011-R10a-SM-CKZP8	Mural	0.0841436856237653
GTEX-1HCU6-0011-R10a-SM-CKZP8	Immune	0.0280510689246648
GTEX-1HCVE-0011-R10a-SM-ARZLT	Oligo	0.108588771215197
GTEX-1HCVE-0011-R10a-SM-ARZLT	Excit	0.127437175125244
GTEX-1HCVE-0011-R10a-SM-ARZLT	Astro	0.575644480111269
GTEX-1HCVE-0011-R10a-SM-ARZLT	Inhib	0.0100981347033125
GTEX-1HCVE-0011-R10a-SM-ARZLT	Micro	0.0137471856134112
GTEX-1HCVE-0011-R10a-SM-ARZLT	OPC	0.0354700159893582
GTEX-1HCVE-0011-R10a-SM-ARZLT	Mural	0.0819496721452367
GTEX-1HCVE-0011-R10a-SM-ARZLT	Immune	0.0470645650969712
GTEX-1HFI6-0011-R10b-SM-ARZLO	Oligo	0.391849989275789
GTEX-1HFI6-0011-R10b-SM-ARZLO	Excit	0.176858917909705
GTEX-1HFI6-0011-R10b-SM-ARZLO	Astro	0.186516811667728
GTEX-1HFI6-0011-R10b-SM-ARZLO	Inhib	0.0451779516235952
GTEX-1HFI6-0011-R10b-SM-ARZLO	Micro	0.0231416520027106
GTEX-1HFI6-0011-R10b-SM-ARZLO	OPC	0.0407461860096126
GTEX-1HFI6-0011-R10b-SM-ARZLO	Mural	0.0835172077437791
GTEX-1HFI6-0011-R10b-SM-ARZLO	Immune	0.0521912837670815
GTEX-1HGF4-0011-R10b-SM-CE6S5	Oligo	0.20600746332315
GTEX-1HGF4-0011-R10b-SM-CE6S5	Excit	0.116496755923649
GTEX-1HGF4-0011-R10b-SM-CE6S5	Astro	0.481354922233516
GTEX-1HGF4-0011-R10b-SM-CE6S5	Inhib	0.0117642024660609
GTEX-1HGF4-0011-R10b-SM-CE6S5	Micro	0.00135898492124083
GTEX-1HGF4-0011-R10b-SM-CE6S5	OPC	0.0545485919179252
GTEX-1HGF4-0011-R10b-SM-CE6S5	Mural	0.0839523669361678
GTEX-1HGF4-0011-R10b-SM-CE6S5	Immune	0.0445167122782902
GTEX-1HR9M-0011-R10a-SM-CM2SU	Oligo	0.23487861157486
GTEX-1HR9M-0011-R10a-SM-CM2SU	Excit	0.000435442619811619
GTEX-1HR9M-0011-R10a-SM-CM2SU	Astro	0.630658265683258
GTEX-1HR9M-0011-R10a-SM-CM2SU	Inhib	0.00328343838800572
GTEX-1HR9M-0011-R10a-SM-CM2SU	Micro	0
GTEX-1HR9M-0011-R10a-SM-CM2SU	OPC	0.032815220129923
GTEX-1HR9M-0011-R10a-SM-CM2SU	Mural	0.0971218177010103
GTEX-1HR9M-0011-R10a-SM-CM2SU	Immune	0.000807203903130815
GTEX-1HSKV-0011-R10b-SM-CMKH6	Oligo	0.118445449282587
GTEX-1HSKV-0011-R10b-SM-CMKH6	Excit	0.0509464709435758
GTEX-1HSKV-0011-R10b-SM-CMKH6	Astro	0.583122662482793
GTEX-1HSKV-0011-R10b-SM-CMKH6	Inhib	0.0146072447426619
GTEX-1HSKV-0011-R10b-SM-CMKH6	Micro	0.0473717373076329
GTEX-1HSKV-0011-R10b-SM-CMKH6	OPC	0.0712377697345694
GTEX-1HSKV-0011-R10b-SM-CMKH6	Mural	0.113556238713771
GTEX-1HSKV-0011-R10b-SM-CMKH6	Immune	0.000712426792409091
GTEX-1HSMO-0011-R10a-SM-CL54Y	Oligo	0.36557620168501
GTEX-1HSMO-0011-R10a-SM-CL54Y	Excit	0.0954139039417102
GTEX-1HSMO-0011-R10a-SM-CL54Y	Astro	0.210539450841447
GTEX-1HSMO-0011-R10a-SM-CL54Y	Inhib	0.00270874962332525
GTEX-1HSMO-0011-R10a-SM-CL54Y	Micro	0
GTEX-1HSMO-0011-R10a-SM-CL54Y	OPC	0.0936991643679061
GTEX-1HSMO-0011-R10a-SM-CL54Y	Mural	0.167379337924472
GTEX-1HSMO-0011-R10a-SM-CL54Y	Immune	0.0646831916161292
GTEX-1I1CD-0011-R10b-SM-CJI3W	Oligo	0.227873700623062
GTEX-1I1CD-0011-R10b-SM-CJI3W	Excit	0.0483871707657927
GTEX-1I1CD-0011-R10b-SM-CJI3W	Astro	0.489856367820089
GTEX-1I1CD-0011-R10b-SM-CJI3W	Inhib	0.00503724744453638
GTEX-1I1CD-0011-R10b-SM-CJI3W	Micro	0.00045005856344506
GTEX-1I1CD-0011-R10b-SM-CJI3W	OPC	0.0399593718866663
GTEX-1I1CD-0011-R10b-SM-CJI3W	Mural	0.109804405942328
GTEX-1I1CD-0011-R10b-SM-CJI3W	Immune	0.0786316769540807
GTEX-1I1GV-0011-R10a-SM-CE6S6	Oligo	0.282462751800367
GTEX-1I1GV-0011-R10a-SM-CE6S6	Excit	0.0744480177182293
GTEX-1I1GV-0011-R10a-SM-CE6S6	Astro	0.469827159311101
GTEX-1I1GV-0011-R10a-SM-CE6S6	Inhib	0.01237762467254
GTEX-1I1GV-0011-R10a-SM-CE6S6	Micro	0.00981859913701233
GTEX-1I1GV-0011-R10a-SM-CE6S6	OPC	0.0374261509912257
GTEX-1I1GV-0011-R10a-SM-CE6S6	Mural	0.111706759515886
GTEX-1I1GV-0011-R10a-SM-CE6S6	Immune	0.00193293685363907
GTEX-1I1HK-0011-R10b-SM-CJI3M	Oligo	0.262888801364113
GTEX-1I1HK-0011-R10b-SM-CJI3M	Excit	0.101574256465271
GTEX-1I1HK-0011-R10b-SM-CJI3M	Astro	0.443278667793129
GTEX-1I1HK-0011-R10b-SM-CJI3M	Inhib	0.0264420661779384
GTEX-1I1HK-0011-R10b-SM-CJI3M	Micro	0.00770659137640202
GTEX-1I1HK-0011-R10b-SM-CJI3M	OPC	0.0362585550741833
GTEX-1I1HK-0011-R10b-SM-CJI3M	Mural	0.113607739097568
GTEX-1I1HK-0011-R10b-SM-CJI3M	Immune	0.00824332265139437
GTEX-1ICLZ-0011-R10a-SM-A9SM2	Oligo	0.140847803435755
GTEX-1ICLZ-0011-R10a-SM-A9SM2	Excit	0.147540295282438
GTEX-1ICLZ-0011-R10a-SM-A9SM2	Astro	0.374018158753359
GTEX-1ICLZ-0011-R10a-SM-A9SM2	Inhib	0.0181350904535516
GTEX-1ICLZ-0011-R10a-SM-A9SM2	Micro	0.0101908399856974
GTEX-1ICLZ-0011-R10a-SM-A9SM2	OPC	0.0663222986311179
GTEX-1ICLZ-0011-R10a-SM-A9SM2	Mural	0.1238893293863
GTEX-1ICLZ-0011-R10a-SM-A9SM2	Immune	0.11905618407178
GTEX-1IDJH-0011-R10a-SM-ARZLK	Oligo	0.149579961664028
GTEX-1IDJH-0011-R10a-SM-ARZLK	Excit	0.185791783221703
GTEX-1IDJH-0011-R10a-SM-ARZLK	Astro	0.437650553970841
GTEX-1IDJH-0011-R10a-SM-ARZLK	Inhib	0.0374637905833693
GTEX-1IDJH-0011-R10a-SM-ARZLK	Micro	0.00295175329823941
GTEX-1IDJH-0011-R10a-SM-ARZLK	OPC	0.0356915590093846
GTEX-1IDJH-0011-R10a-SM-ARZLK	Mural	0.103223223923819
GTEX-1IDJH-0011-R10a-SM-ARZLK	Immune	0.047647374328617
GTEX-1IKK5-0011-R10b-SM-CE6SP	Oligo	0.464316630696589
GTEX-1IKK5-0011-R10b-SM-CE6SP	Excit	0.0256628468461
GTEX-1IKK5-0011-R10b-SM-CE6SP	Astro	0.311659214357283
GTEX-1IKK5-0011-R10b-SM-CE6SP	Inhib	0.0182376200629188
GTEX-1IKK5-0011-R10b-SM-CE6SP	Micro	0.00330239057196051
GTEX-1IKK5-0011-R10b-SM-CE6SP	OPC	0.0447241593445027
GTEX-1IKK5-0011-R10b-SM-CE6SP	Mural	0.132097138120646
GTEX-1IKK5-0011-R10b-SM-CE6SP	Immune	0
GTEX-1IL2V-0011-R10a-SM-CL55A	Oligo	0.702656842883404
GTEX-1IL2V-0011-R10a-SM-CL55A	Excit	0.0032323486292463
GTEX-1IL2V-0011-R10a-SM-CL55A	Astro	0.174226628495794
GTEX-1IL2V-0011-R10a-SM-CL55A	Inhib	0.00136431666342423
GTEX-1IL2V-0011-R10a-SM-CL55A	Micro	0.000726535241291354
GTEX-1IL2V-0011-R10a-SM-CL55A	OPC	0.017012688405309
GTEX-1IL2V-0011-R10a-SM-CL55A	Mural	0.100780639681532
GTEX-1IL2V-0011-R10a-SM-CL55A	Immune	0
GTEX-1IOXB-0011-R10a-SM-D3L8I	Oligo	0.0575636535525787
GTEX-1IOXB-0011-R10a-SM-D3L8I	Excit	0.200993070859663
GTEX-1IOXB-0011-R10a-SM-D3L8I	Astro	0.53133148682899
GTEX-1IOXB-0011-R10a-SM-D3L8I	Inhib	0.0143886453935477
GTEX-1IOXB-0011-R10a-SM-D3L8I	Micro	0.0075976244489474
GTEX-1IOXB-0011-R10a-SM-D3L8I	OPC	0.0291040936682569
GTEX-1IOXB-0011-R10a-SM-D3L8I	Mural	0.0891992413348413
GTEX-1IOXB-0011-R10a-SM-D3L8I	Immune	0.069822183913175
GTEX-1IY9M-0011-R10b-SM-EY5YG	Oligo	0.131582624524395
GTEX-1IY9M-0011-R10b-SM-EY5YG	Excit	0.224889058153181
GTEX-1IY9M-0011-R10b-SM-EY5YG	Astro	0.386028392194348
GTEX-1IY9M-0011-R10b-SM-EY5YG	Inhib	0.051169723956065
GTEX-1IY9M-0011-R10b-SM-EY5YG	Micro	0.0252306706008676
GTEX-1IY9M-0011-R10b-SM-EY5YG	OPC	0.0231075927534585
GTEX-1IY9M-0011-R10b-SM-EY5YG	Mural	0.0900225401909445
GTEX-1IY9M-0011-R10b-SM-EY5YG	Immune	0.0679693976267403
GTEX-1J1OQ-0011-R10a-SM-GQ1DR	Oligo	0.0724871449089026
GTEX-1J1OQ-0011-R10a-SM-GQ1DR	Excit	0.0764836335638422
GTEX-1J1OQ-0011-R10a-SM-GQ1DR	Astro	0.678044389654644
GTEX-1J1OQ-0011-R10a-SM-GQ1DR	Inhib	0.00189902297744272
GTEX-1J1OQ-0011-R10a-SM-GQ1DR	Micro	0.0061236519973746
GTEX-1J1OQ-0011-R10a-SM-GQ1DR	OPC	0.0273854479025756
GTEX-1J1OQ-0011-R10a-SM-GQ1DR	Mural	0.075596141649482
GTEX-1J1OQ-0011-R10a-SM-GQ1DR	Immune	0.061980567345736
GTEX-1J8Q2-0011-R10b-SM-D4P2C	Oligo	0.289400576594769
GTEX-1J8Q2-0011-R10b-SM-D4P2C	Excit	0.118687751278379
GTEX-1J8Q2-0011-R10b-SM-D4P2C	Astro	0.452642136403935
GTEX-1J8Q2-0011-R10b-SM-D4P2C	Inhib	0.0142239144348684
GTEX-1J8Q2-0011-R10b-SM-D4P2C	Micro	0
GTEX-1J8Q2-0011-R10b-SM-D4P2C	OPC	0.0261515295039331
GTEX-1J8Q2-0011-R10b-SM-D4P2C	Mural	0.0438752910663965
GTEX-1J8Q2-0011-R10b-SM-D4P2C	Immune	0.0550188007177192
GTEX-1JJ6O-0011-R10a-SM-F2I2L	Oligo	0.216249968267731
GTEX-1JJ6O-0011-R10a-SM-F2I2L	Excit	0.0657388297052469
GTEX-1JJ6O-0011-R10a-SM-F2I2L	Astro	0.574060143362383
GTEX-1JJ6O-0011-R10a-SM-F2I2L	Inhib	0.00867138191324126
GTEX-1JJ6O-0011-R10a-SM-F2I2L	Micro	0.000503846476777699
GTEX-1JJ6O-0011-R10a-SM-F2I2L	OPC	0.0133600993547165
GTEX-1JJ6O-0011-R10a-SM-F2I2L	Mural	0.0857925494171031
GTEX-1JJ6O-0011-R10a-SM-F2I2L	Immune	0.0356231815028007
GTEX-1JMLX-0011-R10b-SM-G9ERW	Oligo	0.811859497632612
GTEX-1JMLX-0011-R10b-SM-G9ERW	Excit	0.0245054995735925
GTEX-1JMLX-0011-R10b-SM-G9ERW	Astro	0.122565595258636
GTEX-1JMLX-0011-R10b-SM-G9ERW	Inhib	0.00389189596044023
GTEX-1JMLX-0011-R10b-SM-G9ERW	Micro	0
GTEX-1JMLX-0011-R10b-SM-G9ERW	OPC	0.00792919191410754
GTEX-1JMLX-0011-R10b-SM-G9ERW	Mural	0.029248319660611
GTEX-1JMLX-0011-R10b-SM-G9ERW	Immune	0
GTEX-1JMOU-0011-R10b-SM-F2I2N	Oligo	0.118384786769054
GTEX-1JMOU-0011-R10b-SM-F2I2N	Excit	0.0547473909201666
GTEX-1JMOU-0011-R10b-SM-F2I2N	Astro	0.636641971405872
GTEX-1JMOU-0011-R10b-SM-F2I2N	Inhib	0.00383176515262029
GTEX-1JMOU-0011-R10b-SM-F2I2N	Micro	0.050032001311431
GTEX-1JMOU-0011-R10b-SM-F2I2N	OPC	0.0126815891115951
GTEX-1JMOU-0011-R10b-SM-F2I2N	Mural	0.0794819489481814
GTEX-1JMOU-0011-R10b-SM-F2I2N	Immune	0.0441985463810797
GTEX-1JMPZ-0011-R10b-SM-F6496	Oligo	0.769739150305317
GTEX-1JMPZ-0011-R10b-SM-F6496	Excit	0
GTEX-1JMPZ-0011-R10b-SM-F6496	Astro	0.172238507577215
GTEX-1JMPZ-0011-R10b-SM-F6496	Inhib	0
GTEX-1JMPZ-0011-R10b-SM-F6496	Micro	0.00356653492096911
GTEX-1JMPZ-0011-R10b-SM-F6496	OPC	0.00920937724633196
GTEX-1JMPZ-0011-R10b-SM-F6496	Mural	0.0452464299501668
GTEX-1JMPZ-0011-R10b-SM-F6496	Immune	0
GTEX-1JMQJ-0011-R10a-SM-G8LM2	Oligo	0.611532886757805
GTEX-1JMQJ-0011-R10a-SM-G8LM2	Excit	0.148357367751174
GTEX-1JMQJ-0011-R10a-SM-G8LM2	Astro	0.114814036393676
GTEX-1JMQJ-0011-R10a-SM-G8LM2	Inhib	0.0143363575582327
GTEX-1JMQJ-0011-R10a-SM-G8LM2	Micro	0.0205133676645695
GTEX-1JMQJ-0011-R10a-SM-G8LM2	OPC	0.0213113497756487
GTEX-1JMQJ-0011-R10a-SM-G8LM2	Mural	0.0691346340988936
GTEX-1JMQJ-0011-R10a-SM-G8LM2	Immune	0
GTEX-1JMQK-0011-R10a-SM-G8OLD	Oligo	0.574380432646127
GTEX-1JMQK-0011-R10a-SM-G8OLD	Excit	0
GTEX-1JMQK-0011-R10a-SM-G8OLD	Astro	0.381120483019165
GTEX-1JMQK-0011-R10a-SM-G8OLD	Inhib	0
GTEX-1JMQK-0011-R10a-SM-G8OLD	Micro	0
GTEX-1JMQK-0011-R10a-SM-G8OLD	OPC	0.0196332271500666
GTEX-1JMQK-0011-R10a-SM-G8OLD	Mural	0.0248658571846414
GTEX-1JMQK-0011-R10a-SM-G8OLD	Immune	0
GTEX-1JMQL-0011-R10b-SM-F341C	Oligo	0.219502962926981
GTEX-1JMQL-0011-R10b-SM-F341C	Excit	0
GTEX-1JMQL-0011-R10b-SM-F341C	Astro	0.559649407983725
GTEX-1JMQL-0011-R10b-SM-F341C	Inhib	0.00179625543700795
GTEX-1JMQL-0011-R10b-SM-F341C	Micro	0.00450916321571194
GTEX-1JMQL-0011-R10b-SM-F341C	OPC	0.0415963838851944
GTEX-1JMQL-0011-R10b-SM-F341C	Mural	0.0861947005870545
GTEX-1JMQL-0011-R10b-SM-F341C	Immune	0.0867511259643251
GTEX-1JN1M-0011-R10a-SM-G8OMT	Oligo	0.686576049946694
GTEX-1JN1M-0011-R10a-SM-G8OMT	Excit	0
GTEX-1JN1M-0011-R10a-SM-G8OMT	Astro	0.240794465354025
GTEX-1JN1M-0011-R10a-SM-G8OMT	Inhib	0
GTEX-1JN1M-0011-R10a-SM-G8OMT	Micro	0
GTEX-1JN1M-0011-R10a-SM-G8OMT	OPC	0.0183069200974544
GTEX-1JN1M-0011-R10a-SM-G8OMT	Mural	0.0332296413556429
GTEX-1JN1M-0011-R10a-SM-G8OMT	Immune	0.0210929232461843
GTEX-1JN6P-0011-R10a-SM-F6498	Oligo	0.407184281122374
GTEX-1JN6P-0011-R10a-SM-F6498	Excit	0.0461927709439174
GTEX-1JN6P-0011-R10a-SM-F6498	Astro	0.418260657024691
GTEX-1JN6P-0011-R10a-SM-F6498	Inhib	0.0101822484116617
GTEX-1JN6P-0011-R10a-SM-F6498	Micro	0
GTEX-1JN6P-0011-R10a-SM-F6498	OPC	0.0327709580755017
GTEX-1JN6P-0011-R10a-SM-F6498	Mural	0.0849267373731184
GTEX-1JN6P-0011-R10a-SM-F6498	Immune	0.000482347048735153
GTEX-1KANB-0011-R10b-SM-F3423	Oligo	0.423848852867942
GTEX-1KANB-0011-R10b-SM-F3423	Excit	0.0100520694930462
GTEX-1KANB-0011-R10b-SM-F3423	Astro	0.445627533135484
GTEX-1KANB-0011-R10b-SM-F3423	Inhib	0.00406132184459268
GTEX-1KANB-0011-R10b-SM-F3423	Micro	0.00564568653065525
GTEX-1KANB-0011-R10b-SM-F3423	OPC	0.0291248001437537
GTEX-1KANB-0011-R10b-SM-F3423	Mural	0.0816397359845268
GTEX-1KANB-0011-R10b-SM-F3423	Immune	0
GTEX-1KD4Q-0011-R10a-SM-F341M	Oligo	0.149562583060489
GTEX-1KD4Q-0011-R10a-SM-F341M	Excit	0.122797242438796
GTEX-1KD4Q-0011-R10a-SM-F341M	Astro	0.445858078597638
GTEX-1KD4Q-0011-R10a-SM-F341M	Inhib	0.0137734562076281
GTEX-1KD4Q-0011-R10a-SM-F341M	Micro	0.00721608051634369
GTEX-1KD4Q-0011-R10a-SM-F341M	OPC	0.0491409374124503
GTEX-1KD4Q-0011-R10a-SM-F341M	Mural	0.172246972454951
GTEX-1KD4Q-0011-R10a-SM-F341M	Immune	0.0394046493117041
GTEX-1KWVE-0011-R10b-SM-F649A	Oligo	0.562027328160815
GTEX-1KWVE-0011-R10b-SM-F649A	Excit	0.115533811796778
GTEX-1KWVE-0011-R10b-SM-F649A	Astro	0.134495983910997
GTEX-1KWVE-0011-R10b-SM-F649A	Inhib	0.0240544419315185
GTEX-1KWVE-0011-R10b-SM-F649A	Micro	0.00656737433512573
GTEX-1KWVE-0011-R10b-SM-F649A	OPC	0.031671018745323
GTEX-1KWVE-0011-R10b-SM-F649A	Mural	0.100206448184508
GTEX-1KWVE-0011-R10b-SM-F649A	Immune	0.0254435929349354
GTEX-1LC47-0011-R10b-SM-EYYWE	Oligo	0.503437113145106
GTEX-1LC47-0011-R10b-SM-EYYWE	Excit	0.00263588172252096
GTEX-1LC47-0011-R10b-SM-EYYWE	Astro	0.330105296763467
GTEX-1LC47-0011-R10b-SM-EYYWE	Inhib	0
GTEX-1LC47-0011-R10b-SM-EYYWE	Micro	0
GTEX-1LC47-0011-R10b-SM-EYYWE	OPC	0.0318218592614149
GTEX-1LC47-0011-R10b-SM-EYYWE	Mural	0.0993891409331234
GTEX-1LC47-0011-R10b-SM-EYYWE	Immune	0.0326107081743684
GTEX-1LG7Y-0011-R10a-SM-G9EPS	Oligo	0.125270928439607
GTEX-1LG7Y-0011-R10a-SM-G9EPS	Excit	0.327432822526667
GTEX-1LG7Y-0011-R10a-SM-G9EPS	Astro	0.213723940559374
GTEX-1LG7Y-0011-R10a-SM-G9EPS	Inhib	0.079744150948082
GTEX-1LG7Y-0011-R10a-SM-G9EPS	Micro	0.0140808630784732
GTEX-1LG7Y-0011-R10a-SM-G9EPS	OPC	0.0533383051224727
GTEX-1LG7Y-0011-R10a-SM-G9EPS	Mural	0.108217581520858
GTEX-1LG7Y-0011-R10a-SM-G9EPS	Immune	0.0781914078044657
GTEX-1LH75-0011-R10b-SM-F3K5D	Oligo	0.666300843676187
GTEX-1LH75-0011-R10b-SM-F3K5D	Excit	0
GTEX-1LH75-0011-R10b-SM-F3K5D	Astro	0.264860535967392
GTEX-1LH75-0011-R10b-SM-F3K5D	Inhib	0.000944756994608417
GTEX-1LH75-0011-R10b-SM-F3K5D	Micro	0.0144441458542513
GTEX-1LH75-0011-R10b-SM-F3K5D	OPC	0.021927484232118
GTEX-1LH75-0011-R10b-SM-F3K5D	Mural	0.0315222332754429
GTEX-1LH75-0011-R10b-SM-F3K5D	Immune	0
GTEX-1LSNL-0011-R10b-SM-F2TAG	Oligo	0.0413603077243913
GTEX-1LSNL-0011-R10b-SM-F2TAG	Excit	0.0237293921991473
GTEX-1LSNL-0011-R10b-SM-F2TAG	Astro	0.770655201454342
GTEX-1LSNL-0011-R10b-SM-F2TAG	Inhib	0.00695361353254847
GTEX-1LSNL-0011-R10b-SM-F2TAG	Micro	0.000369140773780322
GTEX-1LSNL-0011-R10b-SM-F2TAG	OPC	0.0212258911625283
GTEX-1LSNL-0011-R10b-SM-F2TAG	Mural	0.134774116676855
GTEX-1LSNL-0011-R10b-SM-F2TAG	Immune	0.000932336476408146
GTEX-1LSVX-0011-R10a-SM-F3K5E	Oligo	0.174268513809638
GTEX-1LSVX-0011-R10a-SM-F3K5E	Excit	0.11939151743858
GTEX-1LSVX-0011-R10a-SM-F3K5E	Astro	0.449448819577989
GTEX-1LSVX-0011-R10a-SM-F3K5E	Inhib	0.00790528448144606
GTEX-1LSVX-0011-R10a-SM-F3K5E	Micro	0.0231613447654045
GTEX-1LSVX-0011-R10a-SM-F3K5E	OPC	0.0402565710215848
GTEX-1LSVX-0011-R10a-SM-F3K5E	Mural	0.0828755916460134
GTEX-1LSVX-0011-R10a-SM-F3K5E	Immune	0.102692357259344
GTEX-1LVA9-0011-R10b-SM-F2TB4	Oligo	0.545032760178771
GTEX-1LVA9-0011-R10b-SM-F2TB4	Excit	0.00435106098469463
GTEX-1LVA9-0011-R10b-SM-F2TB4	Astro	0.355239968005847
GTEX-1LVA9-0011-R10b-SM-F2TB4	Inhib	0.00748676693112256
GTEX-1LVA9-0011-R10b-SM-F2TB4	Micro	4.23531751886787e-05
GTEX-1LVA9-0011-R10b-SM-F2TB4	OPC	0.0242122793631572
GTEX-1LVA9-0011-R10b-SM-F2TB4	Mural	0.0636348113612194
GTEX-1LVA9-0011-R10b-SM-F2TB4	Immune	0
GTEX-1LVAO-0011-R10b-SM-F2TB6	Oligo	0.213726370637184
GTEX-1LVAO-0011-R10b-SM-F2TB6	Excit	0.0193740135154171
GTEX-1LVAO-0011-R10b-SM-F2TB6	Astro	0.493779340169587
GTEX-1LVAO-0011-R10b-SM-F2TB6	Inhib	0.0218559766282461
GTEX-1LVAO-0011-R10b-SM-F2TB6	Micro	0.0319038846214289
GTEX-1LVAO-0011-R10b-SM-F2TB6	OPC	0.0569076061764044
GTEX-1LVAO-0011-R10b-SM-F2TB6	Mural	0.115056651439733
GTEX-1LVAO-0011-R10b-SM-F2TB6	Immune	0.0473961568119998
GTEX-1M4P7-0011-R10a-SM-EY5Y4	Oligo	0.0856429214308115
GTEX-1M4P7-0011-R10a-SM-EY5Y4	Excit	0.019946867668392
GTEX-1M4P7-0011-R10a-SM-EY5Y4	Astro	0.628576050337876
GTEX-1M4P7-0011-R10a-SM-EY5Y4	Inhib	0.0181375075779715
GTEX-1M4P7-0011-R10a-SM-EY5Y4	Micro	0.0045696761159194
GTEX-1M4P7-0011-R10a-SM-EY5Y4	OPC	0.0546484890018641
GTEX-1M4P7-0011-R10a-SM-EY5Y4	Mural	0.184991581525556
GTEX-1M4P7-0011-R10a-SM-EY5Y4	Immune	0.00348690634160993
GTEX-1MA7X-0011-R10a-SM-F341L	Oligo	0.341461799338956
GTEX-1MA7X-0011-R10a-SM-F341L	Excit	0.0034224818547403
GTEX-1MA7X-0011-R10a-SM-F341L	Astro	0.519202717714665
GTEX-1MA7X-0011-R10a-SM-F341L	Inhib	0.00965623083495662
GTEX-1MA7X-0011-R10a-SM-F341L	Micro	0.008317277808166
GTEX-1MA7X-0011-R10a-SM-F341L	OPC	0.0273519776358766
GTEX-1MA7X-0011-R10a-SM-F341L	Mural	0.0865842778604031
GTEX-1MA7X-0011-R10a-SM-F341L	Immune	0.00400323695223625
GTEX-1MCQQ-0011-R10a-SM-G8LL7	Oligo	0.755700060049522
GTEX-1MCQQ-0011-R10a-SM-G8LL7	Excit	0.010404930292874
GTEX-1MCQQ-0011-R10a-SM-G8LL7	Astro	0.142165809654266
GTEX-1MCQQ-0011-R10a-SM-G8LL7	Inhib	0.0032453240341597
GTEX-1MCQQ-0011-R10a-SM-G8LL7	Micro	0.0156502312189868
GTEX-1MCQQ-0011-R10a-SM-G8LL7	OPC	0.0265547216469417
GTEX-1MCQQ-0011-R10a-SM-G8LL7	Mural	0.0462789231032503
GTEX-1MCQQ-0011-R10a-SM-G8LL7	Immune	0
GTEX-1MJK2-0011-R10b-SM-F649G	Oligo	0.617202260821933
GTEX-1MJK2-0011-R10b-SM-F649G	Excit	0.0482549190852211
GTEX-1MJK2-0011-R10b-SM-F649G	Astro	0.267026542935352
GTEX-1MJK2-0011-R10b-SM-F649G	Inhib	0.0102467779288038
GTEX-1MJK2-0011-R10b-SM-F649G	Micro	0.000912741169693148
GTEX-1MJK2-0011-R10b-SM-F649G	OPC	0.0207740557447428
GTEX-1MJK2-0011-R10b-SM-F649G	Mural	0.0355827023142538
GTEX-1MJK2-0011-R10b-SM-F649G	Immune	0
GTEX-1N2DW-0011-R10a-SM-F341J	Oligo	0.29740628387607
GTEX-1N2DW-0011-R10a-SM-F341J	Excit	0.0537060700828192
GTEX-1N2DW-0011-R10a-SM-F341J	Astro	0.478071995706689
GTEX-1N2DW-0011-R10a-SM-F341J	Inhib	0.00495050554710418
GTEX-1N2DW-0011-R10a-SM-F341J	Micro	8.61649925755432e-05
GTEX-1N2DW-0011-R10a-SM-F341J	OPC	0.0386225619300994
GTEX-1N2DW-0011-R10a-SM-F341J	Mural	0.126380283147564
GTEX-1N2DW-0011-R10a-SM-F341J	Immune	0.000776134717078206
GTEX-1N2EE-0011-R10a-SM-F2TB7	Oligo	0.331545773177453
GTEX-1N2EE-0011-R10a-SM-F2TB7	Excit	0.12216010173033
GTEX-1N2EE-0011-R10a-SM-F2TB7	Astro	0.317018071704752
GTEX-1N2EE-0011-R10a-SM-F2TB7	Inhib	0.0479043851526948
GTEX-1N2EE-0011-R10a-SM-F2TB7	Micro	0.0177888751233495
GTEX-1N2EE-0011-R10a-SM-F2TB7	OPC	0.0470328858293735
GTEX-1N2EE-0011-R10a-SM-F2TB7	Mural	0.0575934877496798
GTEX-1N2EE-0011-R10a-SM-F2TB7	Immune	0.0589564195323676
GTEX-1N2EF-0011-R10b-SM-F2I31	Oligo	0.11911637794623
GTEX-1N2EF-0011-R10b-SM-F2I31	Excit	0.15704359543479
GTEX-1N2EF-0011-R10b-SM-F2I31	Astro	0.402756484751188
GTEX-1N2EF-0011-R10b-SM-F2I31	Inhib	0
GTEX-1N2EF-0011-R10b-SM-F2I31	Micro	0
GTEX-1N2EF-0011-R10b-SM-F2I31	OPC	0.0553953379891524
GTEX-1N2EF-0011-R10b-SM-F2I31	Mural	0.0792469424804806
GTEX-1N2EF-0011-R10b-SM-F2I31	Immune	0.186441261398159
GTEX-1NV5F-0011-R10a-SM-F2TAU	Oligo	0.0304414038338135
GTEX-1NV5F-0011-R10a-SM-F2TAU	Excit	0.00210147077000536
GTEX-1NV5F-0011-R10a-SM-F2TAU	Astro	0.719169979886743
GTEX-1NV5F-0011-R10a-SM-F2TAU	Inhib	0.00177301310041974
GTEX-1NV5F-0011-R10a-SM-F2TAU	Micro	0.000953418925986635
GTEX-1NV5F-0011-R10a-SM-F2TAU	OPC	0.0418961412972423
GTEX-1NV5F-0011-R10a-SM-F2TAU	Mural	0.115480572383336
GTEX-1NV5F-0011-R10a-SM-F2TAU	Immune	0.0881839998024532
GTEX-1NV8Z-0011-R10b-SM-F647J	Oligo	0.404632372490387
GTEX-1NV8Z-0011-R10b-SM-F647J	Excit	0.0386683276614665
GTEX-1NV8Z-0011-R10b-SM-F647J	Astro	0.43037847286796
GTEX-1NV8Z-0011-R10b-SM-F647J	Inhib	0.0222335877915877
GTEX-1NV8Z-0011-R10b-SM-F647J	Micro	0.0114262628971669
GTEX-1NV8Z-0011-R10b-SM-F647J	OPC	0.0263108797150509
GTEX-1NV8Z-0011-R10b-SM-F647J	Mural	0.0663500965763811
GTEX-1NV8Z-0011-R10b-SM-F647J	Immune	0
GTEX-1O9I2-0011-R10b-SM-F2I33	Oligo	0.248065168683198
GTEX-1O9I2-0011-R10b-SM-F2I33	Excit	0.0653623531293163
GTEX-1O9I2-0011-R10b-SM-F2I33	Astro	0.510616093809125
GTEX-1O9I2-0011-R10b-SM-F2I33	Inhib	0.00445454886995424
GTEX-1O9I2-0011-R10b-SM-F2I33	Micro	0.00677398964274162
GTEX-1O9I2-0011-R10b-SM-F2I33	OPC	0.0227743856276128
GTEX-1O9I2-0011-R10b-SM-F2I33	Mural	0.0560626202280228
GTEX-1O9I2-0011-R10b-SM-F2I33	Immune	0.0858908400100287
GTEX-1OJC4-0011-R10a-SM-F2TAY	Oligo	0.379226554387369
GTEX-1OJC4-0011-R10a-SM-F2TAY	Excit	0.0664965654208492
GTEX-1OJC4-0011-R10a-SM-F2TAY	Astro	0.456398317732905
GTEX-1OJC4-0011-R10a-SM-F2TAY	Inhib	0.00924531997045945
GTEX-1OJC4-0011-R10a-SM-F2TAY	Micro	0.000546742307533016
GTEX-1OJC4-0011-R10a-SM-F2TAY	OPC	0.0298129255005815
GTEX-1OJC4-0011-R10a-SM-F2TAY	Mural	0.058273574680303
GTEX-1OJC4-0011-R10a-SM-F2TAY	Immune	0
GTEX-1P4AB-0011-R10a-SM-F341X	Oligo	0.0824455356772463
GTEX-1P4AB-0011-R10a-SM-F341X	Excit	0.122688471719755
GTEX-1P4AB-0011-R10a-SM-F341X	Astro	0.539255508609316
GTEX-1P4AB-0011-R10a-SM-F341X	Inhib	0.00737159311548335
GTEX-1P4AB-0011-R10a-SM-F341X	Micro	0.000731067085978789
GTEX-1P4AB-0011-R10a-SM-F341X	OPC	0.0418096526872818
GTEX-1P4AB-0011-R10a-SM-F341X	Mural	0.0962925962430001
GTEX-1P4AB-0011-R10a-SM-F341X	Immune	0.109405574861938
GTEX-1PIIG-0011-R10a-SM-F2TB8	Oligo	0.241057581718553
GTEX-1PIIG-0011-R10a-SM-F2TB8	Excit	0.17844023391262
GTEX-1PIIG-0011-R10a-SM-F2TB8	Astro	0.183158860733783
GTEX-1PIIG-0011-R10a-SM-F2TB8	Inhib	0.0780903598019008
GTEX-1PIIG-0011-R10a-SM-F2TB8	Micro	0.0281626627740799
GTEX-1PIIG-0011-R10a-SM-F2TB8	OPC	0.0462144608597091
GTEX-1PIIG-0011-R10a-SM-F2TB8	Mural	0.135008941551127
GTEX-1PIIG-0011-R10a-SM-F2TB8	Immune	0.109866898648228
GTEX-1POEN-0011-R10b-SM-F647N	Oligo	0.0918201955140359
GTEX-1POEN-0011-R10b-SM-F647N	Excit	0.182024050302097
GTEX-1POEN-0011-R10b-SM-F647N	Astro	0.424965563142764
GTEX-1POEN-0011-R10b-SM-F647N	Inhib	0.0647057636793464
GTEX-1POEN-0011-R10b-SM-F647N	Micro	0.0150721488798501
GTEX-1POEN-0011-R10b-SM-F647N	OPC	0.0778908553854921
GTEX-1POEN-0011-R10b-SM-F647N	Mural	0.0895257330950283
GTEX-1POEN-0011-R10b-SM-F647N	Immune	0.0539956900013862
GTEX-1PPGY-0011-R10a-SM-F649Q	Oligo	0.427614926797906
GTEX-1PPGY-0011-R10a-SM-F649Q	Excit	0.13248503464042
GTEX-1PPGY-0011-R10a-SM-F649Q	Astro	0.260914964701848
GTEX-1PPGY-0011-R10a-SM-F649Q	Inhib	0.0312823189279919
GTEX-1PPGY-0011-R10a-SM-F649Q	Micro	0.00878211581732936
GTEX-1PPGY-0011-R10a-SM-F649Q	OPC	0.0358967918087782
GTEX-1PPGY-0011-R10a-SM-F649Q	Mural	0.0785217692132202
GTEX-1PPGY-0011-R10a-SM-F649Q	Immune	0.0245020780925067
GTEX-1PWST-0011-R10a-SM-F2I37	Oligo	0.204587847714907
GTEX-1PWST-0011-R10a-SM-F2I37	Excit	0.0157533861627806
GTEX-1PWST-0011-R10a-SM-F2I37	Astro	0.61386641916772
GTEX-1PWST-0011-R10a-SM-F2I37	Inhib	0.00354219436779642
GTEX-1PWST-0011-R10a-SM-F2I37	Micro	0.0310809244233785
GTEX-1PWST-0011-R10a-SM-F2I37	OPC	0.0166579026122393
GTEX-1PWST-0011-R10a-SM-F2I37	Mural	0.0503947725512878
GTEX-1PWST-0011-R10a-SM-F2I37	Immune	0.0641165529998903
GTEX-1QMI2-0011-R10a-SM-F3428	Oligo	0.123969923663507
GTEX-1QMI2-0011-R10a-SM-F3428	Excit	0.241591968050318
GTEX-1QMI2-0011-R10a-SM-F3428	Astro	0.393934688428712
GTEX-1QMI2-0011-R10a-SM-F3428	Inhib	0.016023892256047
GTEX-1QMI2-0011-R10a-SM-F3428	Micro	0.000377617683309553
GTEX-1QMI2-0011-R10a-SM-F3428	OPC	0.0246489669490103
GTEX-1QMI2-0011-R10a-SM-F3428	Mural	0.149892370684178
GTEX-1QMI2-0011-R10a-SM-F3428	Immune	0.0495605722849182
GTEX-1QP6S-0011-R10a-SM-F341V	Oligo	0.363411881467785
GTEX-1QP6S-0011-R10a-SM-F341V	Excit	0.20740982634038
GTEX-1QP6S-0011-R10a-SM-F341V	Astro	0.187095531794918
GTEX-1QP6S-0011-R10a-SM-F341V	Inhib	0.0217848905709633
GTEX-1QP6S-0011-R10a-SM-F341V	Micro	0.0225808014668378
GTEX-1QP6S-0011-R10a-SM-F341V	OPC	0.0515946041202673
GTEX-1QP6S-0011-R10a-SM-F341V	Mural	0.10124760822403
GTEX-1QP6S-0011-R10a-SM-F341V	Immune	0.044874856014819
GTEX-1R46S-0011-R10a-SM-F3416	Oligo	0.334166766584318
GTEX-1R46S-0011-R10a-SM-F3416	Excit	0.000583284872210724
GTEX-1R46S-0011-R10a-SM-F3416	Astro	0.567989655554972
GTEX-1R46S-0011-R10a-SM-F3416	Inhib	0.00799699406330347
GTEX-1R46S-0011-R10a-SM-F3416	Micro	0.00637368853601031
GTEX-1R46S-0011-R10a-SM-F3416	OPC	0.0293920011994078
GTEX-1R46S-0011-R10a-SM-F3416	Mural	0.0533263217742084
GTEX-1R46S-0011-R10a-SM-F3416	Immune	0.000171287415569876
GTEX-1R9K4-0011-R10a-SM-F2TBM	Oligo	0.326713265679838
GTEX-1R9K4-0011-R10a-SM-F2TBM	Excit	0.0848657119081871
GTEX-1R9K4-0011-R10a-SM-F2TBM	Astro	0.436417503019744
GTEX-1R9K4-0011-R10a-SM-F2TBM	Inhib	0.00656096316912515
GTEX-1R9K4-0011-R10a-SM-F2TBM	Micro	0.000772469163789739
GTEX-1R9K4-0011-R10a-SM-F2TBM	OPC	0.0260174008218236
GTEX-1R9K4-0011-R10a-SM-F2TBM	Mural	0.0596505881360779
GTEX-1R9K4-0011-R10a-SM-F2TBM	Immune	0.0590020981014152
GTEX-1R9PO-0011-R10b-SM-F648Y	Oligo	0.164777564087074
GTEX-1R9PO-0011-R10b-SM-F648Y	Excit	0.169921584422994
GTEX-1R9PO-0011-R10b-SM-F648Y	Astro	0.44956766981598
GTEX-1R9PO-0011-R10b-SM-F648Y	Inhib	0.00900680999122301
GTEX-1R9PO-0011-R10b-SM-F648Y	Micro	0.00445454974377282
GTEX-1R9PO-0011-R10b-SM-F648Y	OPC	0.0234323769661624
GTEX-1R9PO-0011-R10b-SM-F648Y	Mural	0.084146003944416
GTEX-1R9PO-0011-R10b-SM-F648Y	Immune	0.0946934410283787
GTEX-1RAZS-0011-R10a-SM-F649Y	Oligo	0.681393099795333
GTEX-1RAZS-0011-R10a-SM-F649Y	Excit	0.000147068579922619
GTEX-1RAZS-0011-R10a-SM-F649Y	Astro	0.238915569853042
GTEX-1RAZS-0011-R10a-SM-F649Y	Inhib	0
GTEX-1RAZS-0011-R10a-SM-F649Y	Micro	0
GTEX-1RAZS-0011-R10a-SM-F649Y	OPC	0.0099365564439562
GTEX-1RAZS-0011-R10a-SM-F649Y	Mural	0.0696077053277456
GTEX-1RAZS-0011-R10a-SM-F649Y	Immune	0
GTEX-1RDX4-0011-R10a-SM-F2TB1	Oligo	0.294729053281271
GTEX-1RDX4-0011-R10a-SM-F2TB1	Excit	0.050396464022129
GTEX-1RDX4-0011-R10a-SM-F2TB1	Astro	0.551956172564942
GTEX-1RDX4-0011-R10a-SM-F2TB1	Inhib	0.00249544781538073
GTEX-1RDX4-0011-R10a-SM-F2TB1	Micro	0.00509214250310013
GTEX-1RDX4-0011-R10a-SM-F2TB1	OPC	0.0244450344393211
GTEX-1RDX4-0011-R10a-SM-F2TB1	Mural	0.0608194722030475
GTEX-1RDX4-0011-R10a-SM-F2TB1	Immune	0.0100662131708088
GTEX-1RLM8-0011-R10a-SM-F3414	Oligo	0.100143107748771
GTEX-1RLM8-0011-R10a-SM-F3414	Excit	0.0515068126855334
GTEX-1RLM8-0011-R10a-SM-F3414	Astro	0.628544195927005
GTEX-1RLM8-0011-R10a-SM-F3414	Inhib	0.00593726019471968
GTEX-1RLM8-0011-R10a-SM-F3414	Micro	0.0139821089426989
GTEX-1RLM8-0011-R10a-SM-F3414	OPC	0.0227799594403623
GTEX-1RLM8-0011-R10a-SM-F3414	Mural	0.0932172975269387
GTEX-1RLM8-0011-R10a-SM-F3414	Immune	0.0838892575339716
GTEX-1RNSC-0011-R10a-SM-F3K5U	Oligo	0.434817629086034
GTEX-1RNSC-0011-R10a-SM-F3K5U	Excit	0.00030281656371752
GTEX-1RNSC-0011-R10a-SM-F3K5U	Astro	0.475977591492111
GTEX-1RNSC-0011-R10a-SM-F3K5U	Inhib	0.00016493915630877
GTEX-1RNSC-0011-R10a-SM-F3K5U	Micro	0
GTEX-1RNSC-0011-R10a-SM-F3K5U	OPC	0.0200041357592626
GTEX-1RNSC-0011-R10a-SM-F3K5U	Mural	0.0687328879425654
GTEX-1RNSC-0011-R10a-SM-F3K5U	Immune	0
GTEX-1RQED-0011-R10a-SM-F64A1	Oligo	0.48972845045897
GTEX-1RQED-0011-R10a-SM-F64A1	Excit	0.000631642786353641
GTEX-1RQED-0011-R10a-SM-F64A1	Astro	0.41158517496065
GTEX-1RQED-0011-R10a-SM-F64A1	Inhib	0.00398934118587047
GTEX-1RQED-0011-R10a-SM-F64A1	Micro	0.000998193258187264
GTEX-1RQED-0011-R10a-SM-F64A1	OPC	0.0205852389807635
GTEX-1RQED-0011-R10a-SM-F64A1	Mural	0.0724819583692046
GTEX-1RQED-0011-R10a-SM-F64A1	Immune	0
GTEX-N7MS-0011-R10A-SM-2HMJK	Oligo	0.141923623982028
GTEX-N7MS-0011-R10A-SM-2HMJK	Excit	0.161265700628242
GTEX-N7MS-0011-R10A-SM-2HMJK	Astro	0.297211613438574
GTEX-N7MS-0011-R10A-SM-2HMJK	Inhib	0.0353946767197957
GTEX-N7MS-0011-R10A-SM-2HMJK	Micro	0.0364826987967647
GTEX-N7MS-0011-R10A-SM-2HMJK	OPC	0.0400475289319908
GTEX-N7MS-0011-R10A-SM-2HMJK	Mural	0.19787781244804
GTEX-N7MS-0011-R10A-SM-2HMJK	Immune	0.0897963450545651
GTEX-N7MT-0011-R10A-SM-2I3E1	Oligo	0.341062174403409
GTEX-N7MT-0011-R10A-SM-2I3E1	Excit	0.047586706032442
GTEX-N7MT-0011-R10A-SM-2I3E1	Astro	0.403433826390247
GTEX-N7MT-0011-R10A-SM-2I3E1	Inhib	0.0196671387989678
GTEX-N7MT-0011-R10A-SM-2I3E1	Micro	0.0127950312713931
GTEX-N7MT-0011-R10A-SM-2I3E1	OPC	0.0298666164615491
GTEX-N7MT-0011-R10A-SM-2I3E1	Mural	0.0979946852634353
GTEX-N7MT-0011-R10A-SM-2I3E1	Immune	0.0475938213785568
GTEX-NL3H-0011-R10A-SM-2I3E9	Oligo	0.198543352367491
GTEX-NL3H-0011-R10A-SM-2I3E9	Excit	0.321171516164949
GTEX-NL3H-0011-R10A-SM-2I3E9	Astro	0.172768794017105
GTEX-NL3H-0011-R10A-SM-2I3E9	Inhib	0.0390616117740399
GTEX-NL3H-0011-R10A-SM-2I3E9	Micro	0.00482944418159644
GTEX-NL3H-0011-R10A-SM-2I3E9	OPC	0.0516742837185375
GTEX-NL3H-0011-R10A-SM-2I3E9	Mural	0.138908007445402
GTEX-NL3H-0011-R10A-SM-2I3E9	Immune	0.0730429903308793
GTEX-NL4W-0011-R10A-SM-2I3DY	Oligo	0.0870614569603899
GTEX-NL4W-0011-R10A-SM-2I3DY	Excit	0.00911377351859457
GTEX-NL4W-0011-R10A-SM-2I3DY	Astro	0.596026602495589
GTEX-NL4W-0011-R10A-SM-2I3DY	Inhib	0.017711215841921
GTEX-NL4W-0011-R10A-SM-2I3DY	Micro	0.0959485966554471
GTEX-NL4W-0011-R10A-SM-2I3DY	OPC	0.0467907622863677
GTEX-NL4W-0011-R10A-SM-2I3DY	Mural	0.126243908696534
GTEX-NL4W-0011-R10A-SM-2I3DY	Immune	0.0211036835451561
GTEX-NPJ7-0011-R10A-SM-2I3E5	Oligo	0.0447282754782016
GTEX-NPJ7-0011-R10A-SM-2I3E5	Excit	0.0818970702719706
GTEX-NPJ7-0011-R10A-SM-2I3E5	Astro	0.684262995943869
GTEX-NPJ7-0011-R10A-SM-2I3E5	Inhib	0.0122823646732499
GTEX-NPJ7-0011-R10A-SM-2I3E5	Micro	0.00569934489943188
GTEX-NPJ7-0011-R10A-SM-2I3E5	OPC	0.0241787582941911
GTEX-NPJ7-0011-R10A-SM-2I3E5	Mural	0.0669448872557472
GTEX-NPJ7-0011-R10A-SM-2I3E5	Immune	0.0800063031833385
GTEX-OXRN-0011-R10A-SM-2I5GC	Oligo	0.15790754115867
GTEX-OXRN-0011-R10A-SM-2I5GC	Excit	0.0728125321312968
GTEX-OXRN-0011-R10A-SM-2I5GC	Astro	0.54629038414364
GTEX-OXRN-0011-R10A-SM-2I5GC	Inhib	0.010271763287906
GTEX-OXRN-0011-R10A-SM-2I5GC	Micro	0.000216566727308961
GTEX-OXRN-0011-R10A-SM-2I5GC	OPC	0.0674670138169281
GTEX-OXRN-0011-R10A-SM-2I5GC	Mural	0.0720014214559079
GTEX-OXRN-0011-R10A-SM-2I5GC	Immune	0.0730327772783427
GTEX-PVOW-0011-R10A-SM-EXOHB	Oligo	0.204839996026457
GTEX-PVOW-0011-R10A-SM-EXOHB	Excit	0.340208218275127
GTEX-PVOW-0011-R10A-SM-EXOHB	Astro	0.0973968796088526
GTEX-PVOW-0011-R10A-SM-EXOHB	Inhib	0.0718125430330553
GTEX-PVOW-0011-R10A-SM-EXOHB	Micro	0.0057208470585834
GTEX-PVOW-0011-R10A-SM-EXOHB	OPC	0.0348304909089787
GTEX-PVOW-0011-R10A-SM-EXOHB	Mural	0.192938620364038
GTEX-PVOW-0011-R10A-SM-EXOHB	Immune	0.0522524047249076
GTEX-Q2AG-0011-R10A-SM-2HMLA	Oligo	0.238844310767298
GTEX-Q2AG-0011-R10A-SM-2HMLA	Excit	0.178978001917794
GTEX-Q2AG-0011-R10A-SM-2HMLA	Astro	0.291854510281089
GTEX-Q2AG-0011-R10A-SM-2HMLA	Inhib	0.0471043892741946
GTEX-Q2AG-0011-R10A-SM-2HMLA	Micro	0.00509559854427939
GTEX-Q2AG-0011-R10A-SM-2HMLA	OPC	0.039715405282535
GTEX-Q2AG-0011-R10A-SM-2HMLA	Mural	0.134012119549182
GTEX-Q2AG-0011-R10A-SM-2HMLA	Immune	0.0643956643836277
GTEX-QDT8-0011-R10A-SM-32PKG	Oligo	0.386471020956626
GTEX-QDT8-0011-R10A-SM-32PKG	Excit	0.141462785178207
GTEX-QDT8-0011-R10A-SM-32PKG	Astro	0.265983895207351
GTEX-QDT8-0011-R10A-SM-32PKG	Inhib	0.00987767909363213
GTEX-QDT8-0011-R10A-SM-32PKG	Micro	0.00494944775363317
GTEX-QDT8-0011-R10A-SM-32PKG	OPC	0.0312342900636217
GTEX-QDT8-0011-R10A-SM-32PKG	Mural	0.0884146839132915
GTEX-QDT8-0011-R10A-SM-32PKG	Immune	0.0716061978336376
GTEX-QVUS-0011-R10A-SM-3GIK3	Oligo	0.169682252359142
GTEX-QVUS-0011-R10A-SM-3GIK3	Excit	0.0674392789028576
GTEX-QVUS-0011-R10A-SM-3GIK3	Astro	0.482597633725732
GTEX-QVUS-0011-R10A-SM-3GIK3	Inhib	0.00612772441272685
GTEX-QVUS-0011-R10A-SM-3GIK3	Micro	0.0516361651575176
GTEX-QVUS-0011-R10A-SM-3GIK3	OPC	0.0310939239700509
GTEX-QVUS-0011-R10A-SM-3GIK3	Mural	0.108441980400371
GTEX-QVUS-0011-R10A-SM-3GIK3	Immune	0.0829810410716016
GTEX-S7PM-0011-R10A-SM-F21IN	Oligo	0.0866995192476558
GTEX-S7PM-0011-R10A-SM-F21IN	Excit	0.00124829650997792
GTEX-S7PM-0011-R10A-SM-F21IN	Astro	0.616239110760601
GTEX-S7PM-0011-R10A-SM-F21IN	Inhib	0.000199006774427656
GTEX-S7PM-0011-R10A-SM-F21IN	Micro	0
GTEX-S7PM-0011-R10A-SM-F21IN	OPC	0.0545019798136399
GTEX-S7PM-0011-R10A-SM-F21IN	Mural	0.240034211138885
GTEX-S7PM-0011-R10A-SM-F21IN	Immune	0.00107787575481307
GTEX-S7SE-0011-R10A-SM-2XCDF	Oligo	0.411030927273619
GTEX-S7SE-0011-R10A-SM-2XCDF	Excit	0.172019783140073
GTEX-S7SE-0011-R10A-SM-2XCDF	Astro	0.212494468181153
GTEX-S7SE-0011-R10A-SM-2XCDF	Inhib	0.0436105743593495
GTEX-S7SE-0011-R10A-SM-2XCDF	Micro	0
GTEX-S7SE-0011-R10A-SM-2XCDF	OPC	0.0256991539986049
GTEX-S7SE-0011-R10A-SM-2XCDF	Mural	0.105793942591294
GTEX-S7SE-0011-R10A-SM-2XCDF	Immune	0.0293511504559057
GTEX-T5JC-0011-R10A-SM-32PM2	Oligo	0.154510230731199
GTEX-T5JC-0011-R10A-SM-32PM2	Excit	0.21461346404037
GTEX-T5JC-0011-R10A-SM-32PM2	Astro	0.243682074755244
GTEX-T5JC-0011-R10A-SM-32PM2	Inhib	0.0267722951253231
GTEX-T5JC-0011-R10A-SM-32PM2	Micro	0.0206008182058748
GTEX-T5JC-0011-R10A-SM-32PM2	OPC	0.0727761260395791
GTEX-T5JC-0011-R10A-SM-32PM2	Mural	0.130985166942726
GTEX-T5JC-0011-R10A-SM-32PM2	Immune	0.136059824159684
GTEX-T6MN-0011-R10A-SM-32QP7	Oligo	0.248933653300878
GTEX-T6MN-0011-R10A-SM-32QP7	Excit	0.2516340644311
GTEX-T6MN-0011-R10A-SM-32QP7	Astro	0.140557125279014
GTEX-T6MN-0011-R10A-SM-32QP7	Inhib	0.0542671763825015
GTEX-T6MN-0011-R10A-SM-32QP7	Micro	0.0160717840905558
GTEX-T6MN-0011-R10A-SM-32QP7	OPC	0.0576630698837712
GTEX-T6MN-0011-R10A-SM-32QP7	Mural	0.183188551268465
GTEX-T6MN-0011-R10A-SM-32QP7	Immune	0.0476845753637143
GTEX-TSE9-0011-R10A-SM-3DB7O	Oligo	0.0334266300714524
GTEX-TSE9-0011-R10A-SM-3DB7O	Excit	0.120374400662827
GTEX-TSE9-0011-R10A-SM-3DB7O	Astro	0.579514413966253
GTEX-TSE9-0011-R10A-SM-3DB7O	Inhib	0.0166379523902166
GTEX-TSE9-0011-R10A-SM-3DB7O	Micro	0.0280929217961454
GTEX-TSE9-0011-R10A-SM-3DB7O	OPC	0.0636923969920583
GTEX-TSE9-0011-R10A-SM-3DB7O	Mural	0.0829766439083048
GTEX-TSE9-0011-R10A-SM-3DB7O	Immune	0.0752846402127428
GTEX-WHSE-0011-R10A-SM-EYYVG	Oligo	0.198817458862809
GTEX-WHSE-0011-R10A-SM-EYYVG	Excit	0.0630108524568524
GTEX-WHSE-0011-R10A-SM-EYYVG	Astro	0.332059794900621
GTEX-WHSE-0011-R10A-SM-EYYVG	Inhib	0.0422823760515118
GTEX-WHSE-0011-R10A-SM-EYYVG	Micro	0.0307252738801472
GTEX-WHSE-0011-R10A-SM-EYYVG	OPC	0.064348682445966
GTEX-WHSE-0011-R10A-SM-EYYVG	Mural	0.150189352600193
GTEX-WHSE-0011-R10A-SM-EYYVG	Immune	0.118566208801901
GTEX-WL46-0011-R10A-SM-3MJFQ	Oligo	0.22972368415547
GTEX-WL46-0011-R10A-SM-3MJFQ	Excit	0.325104423840661
GTEX-WL46-0011-R10A-SM-3MJFQ	Astro	0.042462476432452
GTEX-WL46-0011-R10A-SM-3MJFQ	Inhib	0.0561783624730446
GTEX-WL46-0011-R10A-SM-3MJFQ	Micro	0.00893673523565632
GTEX-WL46-0011-R10A-SM-3MJFQ	OPC	0.043631525041047
GTEX-WL46-0011-R10A-SM-3MJFQ	Mural	0.203530195498368
GTEX-WL46-0011-R10A-SM-3MJFQ	Immune	0.0904325973233008
GTEX-WVLH-0011-R10A-SM-3MJFM	Oligo	0.456956802077642
GTEX-WVLH-0011-R10A-SM-3MJFM	Excit	0.177310353119511
GTEX-WVLH-0011-R10A-SM-3MJFM	Astro	0.124781917230936
GTEX-WVLH-0011-R10A-SM-3MJFM	Inhib	0.0610130372244148
GTEX-WVLH-0011-R10A-SM-3MJFM	Micro	0.0080096293199074
GTEX-WVLH-0011-R10A-SM-3MJFM	OPC	0.0445904253842126
GTEX-WVLH-0011-R10A-SM-3MJFM	Mural	0.0802142582205669
GTEX-WVLH-0011-R10A-SM-3MJFM	Immune	0.0471235774228097
GTEX-WWYW-0011-R10A-SM-3NB35	Oligo	0.466158498647719
GTEX-WWYW-0011-R10A-SM-3NB35	Excit	0.0846942181296219
GTEX-WWYW-0011-R10A-SM-3NB35	Astro	0.249931965678337
GTEX-WWYW-0011-R10A-SM-3NB35	Inhib	0.0239035570854653
GTEX-WWYW-0011-R10A-SM-3NB35	Micro	0.00485263846790253
GTEX-WWYW-0011-R10A-SM-3NB35	OPC	0.018046530304078
GTEX-WWYW-0011-R10A-SM-3NB35	Mural	0.0529428854112781
GTEX-WWYW-0011-R10A-SM-3NB35	Immune	0.0994697062755981
GTEX-WZTO-0011-R10B-SM-4E3KB	Oligo	0.30073568625189
GTEX-WZTO-0011-R10B-SM-4E3KB	Excit	0.193794561191437
GTEX-WZTO-0011-R10B-SM-4E3KB	Astro	0.197189536854608
GTEX-WZTO-0011-R10B-SM-4E3KB	Inhib	0.0702466757729505
GTEX-WZTO-0011-R10B-SM-4E3KB	Micro	0.00474782870178056
GTEX-WZTO-0011-R10B-SM-4E3KB	OPC	0.045893432622533
GTEX-WZTO-0011-R10B-SM-4E3KB	Mural	0.130017748423119
GTEX-WZTO-0011-R10B-SM-4E3KB	Immune	0.0573745301816822
GTEX-X261-0011-R10B-SM-4E3JT	Oligo	0.109498304237673
GTEX-X261-0011-R10B-SM-4E3JT	Excit	0.0409272632489341
GTEX-X261-0011-R10B-SM-4E3JT	Astro	0.515113230630699
GTEX-X261-0011-R10B-SM-4E3JT	Inhib	0
GTEX-X261-0011-R10B-SM-4E3JT	Micro	0.00604568727659121
GTEX-X261-0011-R10B-SM-4E3JT	OPC	0.0962145280139693
GTEX-X261-0011-R10B-SM-4E3JT	Mural	0.166644461321973
GTEX-X261-0011-R10B-SM-4E3JT	Immune	0.0655565252701602
GTEX-X4EP-0011-R10B-SM-4QASJ	Oligo	0.102538158898004
GTEX-X4EP-0011-R10B-SM-4QASJ	Excit	0.11974163575403
GTEX-X4EP-0011-R10B-SM-4QASJ	Astro	0.29729723780702
GTEX-X4EP-0011-R10B-SM-4QASJ	Inhib	0.0276699905250821
GTEX-X4EP-0011-R10B-SM-4QASJ	Micro	0.0416237299018179
GTEX-X4EP-0011-R10B-SM-4QASJ	OPC	0.0315459279621005
GTEX-X4EP-0011-R10B-SM-4QASJ	Mural	0.159994634416078
GTEX-X4EP-0011-R10B-SM-4QASJ	Immune	0.219588684735868
GTEX-X4XX-0011-R10B-SM-46MWO	Oligo	0.200404425587808
GTEX-X4XX-0011-R10B-SM-46MWO	Excit	0.19934206516833
GTEX-X4XX-0011-R10B-SM-46MWO	Astro	0.299386577740235
GTEX-X4XX-0011-R10B-SM-46MWO	Inhib	0.00895096041181969
GTEX-X4XX-0011-R10B-SM-46MWO	Micro	0.0295362015230492
GTEX-X4XX-0011-R10B-SM-46MWO	OPC	0.0346237183340698
GTEX-X4XX-0011-R10B-SM-46MWO	Mural	0.127896318528983
GTEX-X4XX-0011-R10B-SM-46MWO	Immune	0.0998597327057053
GTEX-X585-0011-R10A-SM-46MUY	Oligo	0.266042032331448
GTEX-X585-0011-R10A-SM-46MUY	Excit	0.160883682775157
GTEX-X585-0011-R10A-SM-46MUY	Astro	0.117596939704952
GTEX-X585-0011-R10A-SM-46MUY	Inhib	0.0366699850298579
GTEX-X585-0011-R10A-SM-46MUY	Micro	0.0715590101873922
GTEX-X585-0011-R10A-SM-46MUY	OPC	0.0243736929578318
GTEX-X585-0011-R10A-SM-46MUY	Mural	0.0832577694085236
GTEX-X585-0011-R10A-SM-46MUY	Immune	0.239616887604838
GTEX-XLM4-0011-R10A-SM-4AT5P	Oligo	0.259518060028323
GTEX-XLM4-0011-R10A-SM-4AT5P	Excit	0.107632904032245
GTEX-XLM4-0011-R10A-SM-4AT5P	Astro	0.409437796381553
GTEX-XLM4-0011-R10A-SM-4AT5P	Inhib	0.00579438937740259
GTEX-XLM4-0011-R10A-SM-4AT5P	Micro	0.00822357006880324
GTEX-XLM4-0011-R10A-SM-4AT5P	OPC	0.0386221541984342
GTEX-XLM4-0011-R10A-SM-4AT5P	Mural	0.0861811831489213
GTEX-XLM4-0011-R10A-SM-4AT5P	Immune	0.0845899427643179
GTEX-XMD1-0011-R10A-SM-4AT4A	Oligo	0.567469457990151
GTEX-XMD1-0011-R10A-SM-4AT4A	Excit	0
GTEX-XMD1-0011-R10A-SM-4AT4A	Astro	0.357142224830876
GTEX-XMD1-0011-R10A-SM-4AT4A	Inhib	0
GTEX-XMD1-0011-R10A-SM-4AT4A	Micro	0.0184017985570012
GTEX-XMD1-0011-R10A-SM-4AT4A	OPC	0.0217967832539356
GTEX-XMD1-0011-R10A-SM-4AT4A	Mural	0.0351897353680369
GTEX-XMD1-0011-R10A-SM-4AT4A	Immune	0
GTEX-Y8DK-0011-R10A-SM-4SOK1	Oligo	0.244550363960481
GTEX-Y8DK-0011-R10A-SM-4SOK1	Excit	0.215521861971807
GTEX-Y8DK-0011-R10A-SM-4SOK1	Astro	0.273809010925993
GTEX-Y8DK-0011-R10A-SM-4SOK1	Inhib	0.0270611641802725
GTEX-Y8DK-0011-R10A-SM-4SOK1	Micro	0.0313666592128605
GTEX-Y8DK-0011-R10A-SM-4SOK1	OPC	0.0261319845669944
GTEX-Y8DK-0011-R10A-SM-4SOK1	Mural	0.121079641539122
GTEX-Y8DK-0011-R10A-SM-4SOK1	Immune	0.0604793136424701
GTEX-YFC4-0011-R10a-SM-4SOK5	Oligo	0.513403821404261
GTEX-YFC4-0011-R10a-SM-4SOK5	Excit	0.0980252657293686
GTEX-YFC4-0011-R10a-SM-4SOK5	Astro	0.20804988464829
GTEX-YFC4-0011-R10a-SM-4SOK5	Inhib	0.0313476202439441
GTEX-YFC4-0011-R10a-SM-4SOK5	Micro	0.00504034550300888
GTEX-YFC4-0011-R10a-SM-4SOK5	OPC	0.0310448424907199
GTEX-YFC4-0011-R10a-SM-4SOK5	Mural	0.0634305962246324
GTEX-YFC4-0011-R10a-SM-4SOK5	Immune	0.0496576237557748
GTEX-YJ89-0011-R10a-SM-4SOK9	Oligo	0.1707842299314
GTEX-YJ89-0011-R10a-SM-4SOK9	Excit	0.165278538833238
GTEX-YJ89-0011-R10a-SM-4SOK9	Astro	0.40545541524985
GTEX-YJ89-0011-R10a-SM-4SOK9	Inhib	0.0342494530126684
GTEX-YJ89-0011-R10a-SM-4SOK9	Micro	0.00800148166577725
GTEX-YJ89-0011-R10a-SM-4SOK9	OPC	0.0438634378866973
GTEX-YJ89-0011-R10a-SM-4SOK9	Mural	0.106703956575575
GTEX-YJ89-0011-R10a-SM-4SOK9	Immune	0.0656634868447944
GTEX-Z93S-0011-R10a-SM-4RGNM	Oligo	0.160839186272692
GTEX-Z93S-0011-R10a-SM-4RGNM	Excit	0.195427589053458
GTEX-Z93S-0011-R10a-SM-4RGNM	Astro	0.200149504031069
GTEX-Z93S-0011-R10a-SM-4RGNM	Inhib	0.11492436949444
GTEX-Z93S-0011-R10a-SM-4RGNM	Micro	0.0100305990838885
GTEX-Z93S-0011-R10a-SM-4RGNM	OPC	0.0835685121117864
GTEX-Z93S-0011-R10a-SM-4RGNM	Mural	0.131832448307379
GTEX-Z93S-0011-R10a-SM-4RGNM	Immune	0.103227791645287
GTEX-ZAB4-0011-R10a-SM-4SOKH	Oligo	0.34955346695633
GTEX-ZAB4-0011-R10a-SM-4SOKH	Excit	0.0811989856874917
GTEX-ZAB4-0011-R10a-SM-4SOKH	Astro	0.391884357678358
GTEX-ZAB4-0011-R10a-SM-4SOKH	Inhib	0.00471960257977154
GTEX-ZAB4-0011-R10a-SM-4SOKH	Micro	0.00138617215143067
GTEX-ZAB4-0011-R10a-SM-4SOKH	OPC	0.0187070070290361
GTEX-ZAB4-0011-R10a-SM-4SOKH	Mural	0.119527865119434
GTEX-ZAB4-0011-R10a-SM-4SOKH	Immune	0.0330225427981482
GTEX-ZAJG-0011-R10a-SM-GRR13	Oligo	0.444720616624059
GTEX-ZAJG-0011-R10a-SM-GRR13	Excit	0.0860740819942897
GTEX-ZAJG-0011-R10a-SM-GRR13	Astro	0.313225329029339
GTEX-ZAJG-0011-R10a-SM-GRR13	Inhib	0.00483967735050564
GTEX-ZAJG-0011-R10a-SM-GRR13	Micro	0
GTEX-ZAJG-0011-R10a-SM-GRR13	OPC	0.026199218677603
GTEX-ZAJG-0011-R10a-SM-GRR13	Mural	0.041666103732797
GTEX-ZAJG-0011-R10a-SM-GRR13	Immune	0.0832749725914073
GTEX-ZAK1-0011-R10a-SM-H7OGG	Oligo	0.396066638910073
GTEX-ZAK1-0011-R10a-SM-H7OGG	Excit	0.073358432827084
GTEX-ZAK1-0011-R10a-SM-H7OGG	Astro	0.400494928342243
GTEX-ZAK1-0011-R10a-SM-H7OGG	Inhib	0.0141532371185476
GTEX-ZAK1-0011-R10a-SM-H7OGG	Micro	0.0100939675433897
GTEX-ZAK1-0011-R10a-SM-H7OGG	OPC	0.0235789789641815
GTEX-ZAK1-0011-R10a-SM-H7OGG	Mural	0.0822538162944814
GTEX-ZAK1-0011-R10a-SM-H7OGG	Immune	0
GTEX-ZDXO-0011-R10a-SM-4WWD8	Oligo	0.547852033036485
GTEX-ZDXO-0011-R10a-SM-4WWD8	Excit	0.0493917934884176
GTEX-ZDXO-0011-R10a-SM-4WWD8	Astro	0.313500805146337
GTEX-ZDXO-0011-R10a-SM-4WWD8	Inhib	0.00157925818648045
GTEX-ZDXO-0011-R10a-SM-4WWD8	Micro	0.00447944003798149
GTEX-ZDXO-0011-R10a-SM-4WWD8	OPC	0.0199318000447266
GTEX-ZDXO-0011-R10a-SM-4WWD8	Mural	0.0632648700595714
GTEX-ZDXO-0011-R10a-SM-4WWD8	Immune	0
GTEX-ZE7O-0011-R10a-SM-57WAZ	Oligo	0.810579239389281
GTEX-ZE7O-0011-R10a-SM-57WAZ	Excit	0.000233754644294125
GTEX-ZE7O-0011-R10a-SM-57WAZ	Astro	0.101426908946577
GTEX-ZE7O-0011-R10a-SM-57WAZ	Inhib	0.00174249954932882
GTEX-ZE7O-0011-R10a-SM-57WAZ	Micro	0.0028130552685649
GTEX-ZE7O-0011-R10a-SM-57WAZ	OPC	0.0393640204746054
GTEX-ZE7O-0011-R10a-SM-57WAZ	Mural	0.043840521727349
GTEX-ZE7O-0011-R10a-SM-57WAZ	Immune	0
GTEX-ZF28-0011-R10a-SM-4WWEH	Oligo	0.0662844345273712
GTEX-ZF28-0011-R10a-SM-4WWEH	Excit	0.130483412115569
GTEX-ZF28-0011-R10a-SM-4WWEH	Astro	0.559845282912022
GTEX-ZF28-0011-R10a-SM-4WWEH	Inhib	0.01065815728856
GTEX-ZF28-0011-R10a-SM-4WWEH	Micro	0
GTEX-ZF28-0011-R10a-SM-4WWEH	OPC	0.0480365622008624
GTEX-ZF28-0011-R10a-SM-4WWEH	Mural	0.0841050303185053
GTEX-ZF28-0011-R10a-SM-4WWEH	Immune	0.10058712063711
GTEX-ZUA1-0011-R10a-SM-51MT6	Oligo	0.193522069139081
GTEX-ZUA1-0011-R10a-SM-51MT6	Excit	0.0844245313200992
GTEX-ZUA1-0011-R10a-SM-51MT6	Astro	0.418720447843273
GTEX-ZUA1-0011-R10a-SM-51MT6	Inhib	0.0474403471444559
GTEX-ZUA1-0011-R10a-SM-51MT6	Micro	0.0101999235969921
GTEX-ZUA1-0011-R10a-SM-51MT6	OPC	0.0656348372810824
GTEX-ZUA1-0011-R10a-SM-51MT6	Mural	0.169615080593017
GTEX-ZUA1-0011-R10a-SM-51MT6	Immune	0.0104427630819994
GTEX-ZV68-0011-R10a-SM-51MT7	Oligo	0.121234144514161
GTEX-ZV68-0011-R10a-SM-51MT7	Excit	0.000810070368735334
GTEX-ZV68-0011-R10a-SM-51MT7	Astro	0.698480931448591
GTEX-ZV68-0011-R10a-SM-51MT7	Inhib	0.00452162193064524
GTEX-ZV68-0011-R10a-SM-51MT7	Micro	0
GTEX-ZV68-0011-R10a-SM-51MT7	OPC	0.0375483412816038
GTEX-ZV68-0011-R10a-SM-51MT7	Mural	0.130116291892877
GTEX-ZV68-0011-R10a-SM-51MT7	Immune	0.00728859856338666
GTEX-ZVT3-0011-R10b-SM-57WB6	Oligo	0.140510881103693
GTEX-ZVT3-0011-R10b-SM-57WB6	Excit	0.117404615918309
GTEX-ZVT3-0011-R10b-SM-57WB6	Astro	0.536467448038077
GTEX-ZVT3-0011-R10b-SM-57WB6	Inhib	0.00370061405498743
GTEX-ZVT3-0011-R10b-SM-57WB6	Micro	0.00787599741379265
GTEX-ZVT3-0011-R10b-SM-57WB6	OPC	0.0461229031742317
GTEX-ZVT3-0011-R10b-SM-57WB6	Mural	0.0918107721645876
GTEX-ZVT3-0011-R10b-SM-57WB6	Immune	0.0561067681323217
GTEX-ZVZQ-0011-R10b-SM-51MRT	Oligo	0.341710630654374
GTEX-ZVZQ-0011-R10b-SM-51MRT	Excit	0.0957938000081721
GTEX-ZVZQ-0011-R10b-SM-51MRT	Astro	0.339366188951558
GTEX-ZVZQ-0011-R10b-SM-51MRT	Inhib	0.0371984537479645
GTEX-ZVZQ-0011-R10b-SM-51MRT	Micro	0.0254450415886607
GTEX-ZVZQ-0011-R10b-SM-51MRT	OPC	0.0460693396983789
GTEX-ZVZQ-0011-R10b-SM-51MRT	Mural	0.10723519952026
GTEX-ZVZQ-0011-R10b-SM-51MRT	Immune	0.00718134583063244
GTEX-ZXG5-0011-R10a-SM-57WDD	Oligo	0.185198688035203
GTEX-ZXG5-0011-R10a-SM-57WDD	Excit	0.0538806452694998
GTEX-ZXG5-0011-R10a-SM-57WDD	Astro	0.582617923566882
GTEX-ZXG5-0011-R10a-SM-57WDD	Inhib	0.00708974882736823
GTEX-ZXG5-0011-R10a-SM-57WDD	Micro	0.00433061309932318
GTEX-ZXG5-0011-R10a-SM-57WDD	OPC	0.0563005759916105
GTEX-ZXG5-0011-R10a-SM-57WDD	Mural	0.100501643181069
GTEX-ZXG5-0011-R10a-SM-57WDD	Immune	0.0100801620290446
GTEX-ZYFD-0011-R10a-SM-GPI91	Oligo	0.204510729516938
GTEX-ZYFD-0011-R10a-SM-GPI91	Excit	0.129984314393515
GTEX-ZYFD-0011-R10a-SM-GPI91	Astro	0.421436802488797
GTEX-ZYFD-0011-R10a-SM-GPI91	Inhib	0.0216356774295424
GTEX-ZYFD-0011-R10a-SM-GPI91	Micro	0
GTEX-ZYFD-0011-R10a-SM-GPI91	OPC	0.0450533265959261
GTEX-ZYFD-0011-R10a-SM-GPI91	Mural	0.0892511544556859
GTEX-ZYFD-0011-R10a-SM-GPI91	Immune	0.0881279951195962
GTEX-ZYY3-0011-R10a-SM-GNTAZ	Oligo	0.128571538928741
GTEX-ZYY3-0011-R10a-SM-GNTAZ	Excit	0.0997738751712901
GTEX-ZYY3-0011-R10a-SM-GNTAZ	Astro	0.591151355280909
GTEX-ZYY3-0011-R10a-SM-GNTAZ	Inhib	0.000177789423248192
GTEX-ZYY3-0011-R10a-SM-GNTAZ	Micro	0
GTEX-ZYY3-0011-R10a-SM-GNTAZ	OPC	0.0225933937717461
GTEX-ZYY3-0011-R10a-SM-GNTAZ	Mural	0.0905262060229011
GTEX-ZYY3-0011-R10a-SM-GNTAZ	Immune	0.0672058414011648
GTEX-ZZPT-0011-R10b-SM-GPI8B	Oligo	0.232072923275633
GTEX-ZZPT-0011-R10b-SM-GPI8B	Excit	0.0259959198856412
GTEX-ZZPT-0011-R10b-SM-GPI8B	Astro	0.539352349121679
GTEX-ZZPT-0011-R10b-SM-GPI8B	Inhib	0.00812905574125905
GTEX-ZZPT-0011-R10b-SM-GPI8B	Micro	0.0109846394464873
GTEX-ZZPT-0011-R10b-SM-GPI8B	OPC	0.0158524078663431
GTEX-ZZPT-0011-R10b-SM-GPI8B	Mural	0.0646141069317643
GTEX-ZZPT-0011-R10b-SM-GPI8B	Immune	0.102998597731193
