sample_id	cell_type	proportion
GTEX-1117F-0011-R7a-SM-H65ZK	Oligo	0.406599544464023
GTEX-1117F-0011-R7a-SM-H65ZK	Micro	0.0617950735455418
GTEX-1117F-0011-R7a-SM-H65ZK	Astro	0.406073288650871
GTEX-1117F-0011-R7a-SM-H65ZK	D1-SPN	0.0353247419939815
GTEX-1117F-0011-R7a-SM-H65ZK	D2-SPN	0.0313353460577192
GTEX-1117F-0011-R7a-SM-H65ZK	OPC	0.0535904995945894
GTEX-1117F-0011-R7a-SM-H65ZK	Inhib	0.00105430230356266
GTEX-1117F-0011-R7a-SM-H65ZK	Immune	0.00422720338971183
GTEX-111FC-0011-R7a-SM-GIN8V	Oligo	0.597100977275719
GTEX-111FC-0011-R7a-SM-GIN8V	Micro	0.0479707463849742
GTEX-111FC-0011-R7a-SM-GIN8V	Astro	0.196922598291793
GTEX-111FC-0011-R7a-SM-GIN8V	D1-SPN	0.000519196881012556
GTEX-111FC-0011-R7a-SM-GIN8V	D2-SPN	0.129179354143441
GTEX-111FC-0011-R7a-SM-GIN8V	OPC	0.0190634301203207
GTEX-111FC-0011-R7a-SM-GIN8V	Inhib	0.00828601607797926
GTEX-111FC-0011-R7a-SM-GIN8V	Immune	0.000957680824761109
GTEX-117XS-0011-R7a-SM-GI4VO	Oligo	0.727313501668253
GTEX-117XS-0011-R7a-SM-GI4VO	Micro	0.0331411322315268
GTEX-117XS-0011-R7a-SM-GI4VO	Astro	0.15904530946584
GTEX-117XS-0011-R7a-SM-GI4VO	D1-SPN	0.00100140077160133
GTEX-117XS-0011-R7a-SM-GI4VO	D2-SPN	0.0622300682222201
GTEX-117XS-0011-R7a-SM-GI4VO	OPC	0.0118496819550988
GTEX-117XS-0011-R7a-SM-GI4VO	Inhib	0.00433964569389261
GTEX-117XS-0011-R7a-SM-GI4VO	Immune	0.00107925999156721
GTEX-1192W-0011-R7a-SM-GJ3PS	Oligo	0.691860118583238
GTEX-1192W-0011-R7a-SM-GJ3PS	Micro	0.00721508980103676
GTEX-1192W-0011-R7a-SM-GJ3PS	Astro	0.222520075447094
GTEX-1192W-0011-R7a-SM-GJ3PS	D1-SPN	0.00769656930985166
GTEX-1192W-0011-R7a-SM-GJ3PS	D2-SPN	0.000145785578365627
GTEX-1192W-0011-R7a-SM-GJ3PS	OPC	0.0321469631661782
GTEX-1192W-0011-R7a-SM-GJ3PS	Inhib	0.00495009982693687
GTEX-1192W-0011-R7a-SM-GJ3PS	Immune	0.0334652982872991
GTEX-1192X-0011-R7b-SM-DNZZC	Oligo	0.744076874178796
GTEX-1192X-0011-R7b-SM-DNZZC	Micro	0.0306386876185557
GTEX-1192X-0011-R7b-SM-DNZZC	Astro	0.196937292991307
GTEX-1192X-0011-R7b-SM-DNZZC	D1-SPN	0.00109156112572934
GTEX-1192X-0011-R7b-SM-DNZZC	D2-SPN	0.0021312063362665
GTEX-1192X-0011-R7b-SM-DNZZC	OPC	0.0159770191869759
GTEX-1192X-0011-R7b-SM-DNZZC	Inhib	0.00578925607273396
GTEX-1192X-0011-R7b-SM-DNZZC	Immune	0.00335810248963509
GTEX-11DXW-0011-R7b-SM-DO119	Oligo	0.783525482476311
GTEX-11DXW-0011-R7b-SM-DO119	Micro	0.0144517934590692
GTEX-11DXW-0011-R7b-SM-DO119	Astro	0.171990129902058
GTEX-11DXW-0011-R7b-SM-DO119	D1-SPN	0
GTEX-11DXW-0011-R7b-SM-DO119	D2-SPN	0.00200860159031978
GTEX-11DXW-0011-R7b-SM-DO119	OPC	0.0207880513905653
GTEX-11DXW-0011-R7b-SM-DO119	Inhib	0.0038499193573058
GTEX-11DXW-0011-R7b-SM-DO119	Immune	0.00338602182437152
GTEX-11DXY-0011-R7a-SM-DO11L	Oligo	0.803795372037806
GTEX-11DXY-0011-R7a-SM-DO11L	Micro	0.0300564134578507
GTEX-11DXY-0011-R7a-SM-DO11L	Astro	0.106956358114879
GTEX-11DXY-0011-R7a-SM-DO11L	D1-SPN	5.42694409001965e-05
GTEX-11DXY-0011-R7a-SM-DO11L	D2-SPN	0.0398815676298258
GTEX-11DXY-0011-R7a-SM-DO11L	OPC	0.00984841343446604
GTEX-11DXY-0011-R7a-SM-DO11L	Inhib	0.00580415722474953
GTEX-11DXY-0011-R7a-SM-DO11L	Immune	0.00360344865952339
GTEX-11DYG-0011-R7b-SM-EXUS6	Oligo	0.674126196299161
GTEX-11DYG-0011-R7b-SM-EXUS6	Micro	0.0546408406068454
GTEX-11DYG-0011-R7b-SM-EXUS6	Astro	0.162553179879756
GTEX-11DYG-0011-R7b-SM-EXUS6	D1-SPN	0.00117122437461524
GTEX-11DYG-0011-R7b-SM-EXUS6	D2-SPN	0.0736694821269014
GTEX-11DYG-0011-R7b-SM-EXUS6	OPC	0.0236352084614952
GTEX-11DYG-0011-R7b-SM-EXUS6	Inhib	0.0080181197660029
GTEX-11DYG-0011-R7b-SM-EXUS6	Immune	0.00218574848522246
GTEX-11DZ1-0011-R7a-SM-DNZZH	Oligo	0.66066323610183
GTEX-11DZ1-0011-R7a-SM-DNZZH	Micro	0.0536159575020254
GTEX-11DZ1-0011-R7a-SM-DNZZH	Astro	0.145870208199472
GTEX-11DZ1-0011-R7a-SM-DNZZH	D1-SPN	0.044550863285375
GTEX-11DZ1-0011-R7a-SM-DNZZH	D2-SPN	0.0618498080644529
GTEX-11DZ1-0011-R7a-SM-DNZZH	OPC	0.017120086763774
GTEX-11DZ1-0011-R7a-SM-DNZZH	Inhib	0.00694974591910745
GTEX-11DZ1-0011-R7a-SM-DNZZH	Immune	0.00938009416396331
GTEX-11EI6-0011-R7a-SM-GINAN	Oligo	0.704051453793169
GTEX-11EI6-0011-R7a-SM-GINAN	Micro	0.0712693222052092
GTEX-11EI6-0011-R7a-SM-GINAN	Astro	0.135468512638241
GTEX-11EI6-0011-R7a-SM-GINAN	D1-SPN	0.00141944041628049
GTEX-11EI6-0011-R7a-SM-GINAN	D2-SPN	0
GTEX-11EI6-0011-R7a-SM-GINAN	OPC	0.0792810553170044
GTEX-11EI6-0011-R7a-SM-GINAN	Inhib	0.00145673106427136
GTEX-11EI6-0011-R7a-SM-GINAN	Immune	0.00705348456582435
GTEX-11EMC-0011-R7a-SM-GJ3PL	Oligo	0.515805478474545
GTEX-11EMC-0011-R7a-SM-GJ3PL	Micro	0.0136448156765348
GTEX-11EMC-0011-R7a-SM-GJ3PL	Astro	0.38730004542961
GTEX-11EMC-0011-R7a-SM-GJ3PL	D1-SPN	0
GTEX-11EMC-0011-R7a-SM-GJ3PL	D2-SPN	0
GTEX-11EMC-0011-R7a-SM-GJ3PL	OPC	0.0790605814773866
GTEX-11EMC-0011-R7a-SM-GJ3PL	Inhib	0
GTEX-11EMC-0011-R7a-SM-GJ3PL	Immune	0.00418907894192347
GTEX-11GS4-0011-R7a-SM-GJ3RK	Oligo	0.56195581683853
GTEX-11GS4-0011-R7a-SM-GJ3RK	Micro	0.0562032300441468
GTEX-11GS4-0011-R7a-SM-GJ3RK	Astro	0.181174109749428
GTEX-11GS4-0011-R7a-SM-GJ3RK	D1-SPN	0.0259132464794207
GTEX-11GS4-0011-R7a-SM-GJ3RK	D2-SPN	0.135475213819525
GTEX-11GS4-0011-R7a-SM-GJ3RK	OPC	0.0292555981943088
GTEX-11GS4-0011-R7a-SM-GJ3RK	Inhib	0.00586278849516129
GTEX-11GS4-0011-R7a-SM-GJ3RK	Immune	0.00415999637947912
GTEX-11GSO-0011-R7b-SM-H65ZV	Oligo	0.374890121989803
GTEX-11GSO-0011-R7b-SM-H65ZV	Micro	0.0917765519332048
GTEX-11GSO-0011-R7b-SM-H65ZV	Astro	0.299059231540886
GTEX-11GSO-0011-R7b-SM-H65ZV	D1-SPN	0.0560537478946687
GTEX-11GSO-0011-R7b-SM-H65ZV	D2-SPN	0.142374639722997
GTEX-11GSO-0011-R7b-SM-H65ZV	OPC	0.0262415722720345
GTEX-11GSO-0011-R7b-SM-H65ZV	Inhib	0.00713075069207908
GTEX-11GSO-0011-R7b-SM-H65ZV	Immune	0.00247338395432681
GTEX-11GSP-0011-R7b-SM-57WC3	Oligo	0.478100113848569
GTEX-11GSP-0011-R7b-SM-57WC3	Micro	0.0525433868811036
GTEX-11GSP-0011-R7b-SM-57WC3	Astro	0.337167532882509
GTEX-11GSP-0011-R7b-SM-57WC3	D1-SPN	0
GTEX-11GSP-0011-R7b-SM-57WC3	D2-SPN	0.092505446277606
GTEX-11GSP-0011-R7b-SM-57WC3	OPC	0.0317415101862772
GTEX-11GSP-0011-R7b-SM-57WC3	Inhib	0.00176052338092293
GTEX-11GSP-0011-R7b-SM-57WC3	Immune	0.00618148654301223
GTEX-11H98-0011-R7a-SM-GHWOI	Oligo	0.709182754985454
GTEX-11H98-0011-R7a-SM-GHWOI	Micro	0.0310707672166338
GTEX-11H98-0011-R7a-SM-GHWOI	Astro	0.214203739971782
GTEX-11H98-0011-R7a-SM-GHWOI	D1-SPN	0
GTEX-11H98-0011-R7a-SM-GHWOI	D2-SPN	0.000372093483583489
GTEX-11H98-0011-R7a-SM-GHWOI	OPC	0.0303840883419338
GTEX-11H98-0011-R7a-SM-GHWOI	Inhib	0.0135931008968212
GTEX-11H98-0011-R7a-SM-GHWOI	Immune	0.00119345510379157
GTEX-11NUK-0011-R7a-SM-DO93P	Oligo	0.747974643169573
GTEX-11NUK-0011-R7a-SM-DO93P	Micro	0.026686563246313
GTEX-11NUK-0011-R7a-SM-DO93P	Astro	0.193812091126524
GTEX-11NUK-0011-R7a-SM-DO93P	D1-SPN	0.00557351954473365
GTEX-11NUK-0011-R7a-SM-DO93P	D2-SPN	0.00460389676757924
GTEX-11NUK-0011-R7a-SM-DO93P	OPC	0.0175446432312292
GTEX-11NUK-0011-R7a-SM-DO93P	Inhib	0.00271201793245093
GTEX-11NUK-0011-R7a-SM-DO93P	Immune	0.00109262498159704
GTEX-11NV4-0011-R7a-SM-57WDH	Oligo	0.740151703920044
GTEX-11NV4-0011-R7a-SM-57WDH	Micro	0.0608057288726145
GTEX-11NV4-0011-R7a-SM-57WDH	Astro	0.0847373002486885
GTEX-11NV4-0011-R7a-SM-57WDH	D1-SPN	0
GTEX-11NV4-0011-R7a-SM-57WDH	D2-SPN	0.0818395083376738
GTEX-11NV4-0011-R7a-SM-57WDH	OPC	0.0193823896906916
GTEX-11NV4-0011-R7a-SM-57WDH	Inhib	0.00644212990481474
GTEX-11NV4-0011-R7a-SM-57WDH	Immune	0.00664123902547296
GTEX-11O72-0011-R7b-SM-GINA9	Oligo	0.547017660150238
GTEX-11O72-0011-R7b-SM-GINA9	Micro	0.00944835766291793
GTEX-11O72-0011-R7b-SM-GINA9	Astro	0.344913473166571
GTEX-11O72-0011-R7b-SM-GINA9	D1-SPN	0.00600343915940243
GTEX-11O72-0011-R7b-SM-GINA9	D2-SPN	0
GTEX-11O72-0011-R7b-SM-GINA9	OPC	0.0726336275009505
GTEX-11O72-0011-R7b-SM-GINA9	Inhib	0.00551582695305954
GTEX-11O72-0011-R7b-SM-GINA9	Immune	0.0144676154068609
GTEX-11OF3-0011-R7a-SM-57WCG	Oligo	0.767528222862176
GTEX-11OF3-0011-R7a-SM-57WCG	Micro	0.0366286836129294
GTEX-11OF3-0011-R7a-SM-57WCG	Astro	0.109871665573097
GTEX-11OF3-0011-R7a-SM-57WCG	D1-SPN	0.0251235144984337
GTEX-11OF3-0011-R7a-SM-57WCG	D2-SPN	0.0370845356800352
GTEX-11OF3-0011-R7a-SM-57WCG	OPC	0.00741354862379591
GTEX-11OF3-0011-R7a-SM-57WCG	Inhib	0.00906344606295334
GTEX-11OF3-0011-R7a-SM-57WCG	Immune	0.00728638308657924
GTEX-11ONC-0011-R7b-SM-DO93J	Oligo	0.641797223343704
GTEX-11ONC-0011-R7b-SM-DO93J	Micro	0.0212020799583251
GTEX-11ONC-0011-R7b-SM-DO93J	Astro	0.218617014439794
GTEX-11ONC-0011-R7b-SM-DO93J	D1-SPN	0
GTEX-11ONC-0011-R7b-SM-DO93J	D2-SPN	0.100301002284777
GTEX-11ONC-0011-R7b-SM-DO93J	OPC	0.014245177957856
GTEX-11ONC-0011-R7b-SM-DO93J	Inhib	0.00229409234532325
GTEX-11ONC-0011-R7b-SM-DO93J	Immune	0.0015434096702207
GTEX-11PRG-0011-R7a-SM-DNZZT	Oligo	0.550186556323883
GTEX-11PRG-0011-R7a-SM-DNZZT	Micro	0.0629376354111461
GTEX-11PRG-0011-R7a-SM-DNZZT	Astro	0.214204865058882
GTEX-11PRG-0011-R7a-SM-DNZZT	D1-SPN	0.0380395303840826
GTEX-11PRG-0011-R7a-SM-DNZZT	D2-SPN	0.103768899990678
GTEX-11PRG-0011-R7a-SM-DNZZT	OPC	0.0154626289940843
GTEX-11PRG-0011-R7a-SM-DNZZT	Inhib	0.00780880988616126
GTEX-11PRG-0011-R7a-SM-DNZZT	Immune	0.00759107395108355
GTEX-11TTK-0011-R7b-SM-DNZZZ	Oligo	0.46221627449275
GTEX-11TTK-0011-R7b-SM-DNZZZ	Micro	0.0235100452190595
GTEX-11TTK-0011-R7b-SM-DNZZZ	Astro	0.313638924647689
GTEX-11TTK-0011-R7b-SM-DNZZZ	D1-SPN	0.0500644797197093
GTEX-11TTK-0011-R7b-SM-DNZZZ	D2-SPN	0.0814277763736049
GTEX-11TTK-0011-R7b-SM-DNZZZ	OPC	0.0197667026148124
GTEX-11TTK-0011-R7b-SM-DNZZZ	Inhib	0.00316975837503901
GTEX-11TTK-0011-R7b-SM-DNZZZ	Immune	0.0462060385573366
GTEX-11WQC-0011-R7b-SM-5BC7A	Oligo	0.687670325103782
GTEX-11WQC-0011-R7b-SM-5BC7A	Micro	0.0316236620962332
GTEX-11WQC-0011-R7b-SM-5BC7A	Astro	0.24143606268293
GTEX-11WQC-0011-R7b-SM-5BC7A	D1-SPN	0
GTEX-11WQC-0011-R7b-SM-5BC7A	D2-SPN	0
GTEX-11WQC-0011-R7b-SM-5BC7A	OPC	0.0303108505940228
GTEX-11WQC-0011-R7b-SM-5BC7A	Inhib	0.00333418512767147
GTEX-11WQC-0011-R7b-SM-5BC7A	Immune	0.00562491439536013
GTEX-11ZTS-0011-R7a-SM-GI4XD	Oligo	0.595480011766003
GTEX-11ZTS-0011-R7a-SM-GI4XD	Micro	0.0141898808474638
GTEX-11ZTS-0011-R7a-SM-GI4XD	Astro	0.309092145561076
GTEX-11ZTS-0011-R7a-SM-GI4XD	D1-SPN	0.00122263429816709
GTEX-11ZTS-0011-R7a-SM-GI4XD	D2-SPN	0
GTEX-11ZTS-0011-R7a-SM-GI4XD	OPC	0.0699116263706379
GTEX-11ZTS-0011-R7a-SM-GI4XD	Inhib	0.00544880154347385
GTEX-11ZTS-0011-R7a-SM-GI4XD	Immune	0.00465489961317798
GTEX-11ZU8-0011-R7a-SM-GJ3Q1	Oligo	0.898074418918142
GTEX-11ZU8-0011-R7a-SM-GJ3Q1	Micro	0.00270029737101201
GTEX-11ZU8-0011-R7a-SM-GJ3Q1	Astro	0.0814163801355061
GTEX-11ZU8-0011-R7a-SM-GJ3Q1	D1-SPN	0
GTEX-11ZU8-0011-R7a-SM-GJ3Q1	D2-SPN	0.000811220920378617
GTEX-11ZU8-0011-R7a-SM-GJ3Q1	OPC	0.0151100207845455
GTEX-11ZU8-0011-R7a-SM-GJ3Q1	Inhib	0.000446025176395003
GTEX-11ZU8-0011-R7a-SM-GJ3Q1	Immune	0.00144163669402108
GTEX-11ZUS-0011-R7a-SM-GI4X5	Oligo	0.698543573805812
GTEX-11ZUS-0011-R7a-SM-GI4X5	Micro	0.078108694664288
GTEX-11ZUS-0011-R7a-SM-GI4X5	Astro	0.0686817693792353
GTEX-11ZUS-0011-R7a-SM-GI4X5	D1-SPN	0.0257843316808092
GTEX-11ZUS-0011-R7a-SM-GI4X5	D2-SPN	0.104284829279843
GTEX-11ZUS-0011-R7a-SM-GI4X5	OPC	0.0196754519526695
GTEX-11ZUS-0011-R7a-SM-GI4X5	Inhib	0.00175019587027797
GTEX-11ZUS-0011-R7a-SM-GI4X5	Immune	0.00317115336706583
GTEX-11ZVC-0011-R7b-SM-GI4VH	Oligo	0.496188221718284
GTEX-11ZVC-0011-R7b-SM-GI4VH	Micro	0.0235672562739798
GTEX-11ZVC-0011-R7b-SM-GI4VH	Astro	0.446543863426541
GTEX-11ZVC-0011-R7b-SM-GI4VH	D1-SPN	0.00189967624088853
GTEX-11ZVC-0011-R7b-SM-GI4VH	D2-SPN	0
GTEX-11ZVC-0011-R7b-SM-GI4VH	OPC	0.0264806661213096
GTEX-11ZVC-0011-R7b-SM-GI4VH	Inhib	0.00104532453874265
GTEX-11ZVC-0011-R7b-SM-GI4VH	Immune	0.00427499168025453
GTEX-12126-0011-R7a-SM-GJ3Q2	Oligo	0.595899733594086
GTEX-12126-0011-R7a-SM-GJ3Q2	Micro	0.0429166761944978
GTEX-12126-0011-R7a-SM-GJ3Q2	Astro	0.145174309005534
GTEX-12126-0011-R7a-SM-GJ3Q2	D1-SPN	0
GTEX-12126-0011-R7a-SM-GJ3Q2	D2-SPN	0.182070413479746
GTEX-12126-0011-R7a-SM-GJ3Q2	OPC	0.0263944373665423
GTEX-12126-0011-R7a-SM-GJ3Q2	Inhib	0.00751560827230465
GTEX-12126-0011-R7a-SM-GJ3Q2	Immune	2.88220872886225e-05
GTEX-12WSA-0011-R7b-SM-5GU5U	Oligo	0.56400176758682
GTEX-12WSA-0011-R7b-SM-5GU5U	Micro	0.029179750008324
GTEX-12WSA-0011-R7b-SM-5GU5U	Astro	0.337746006393656
GTEX-12WSA-0011-R7b-SM-5GU5U	D1-SPN	0
GTEX-12WSA-0011-R7b-SM-5GU5U	D2-SPN	0.0310629673635206
GTEX-12WSA-0011-R7b-SM-5GU5U	OPC	0.0344210883953856
GTEX-12WSA-0011-R7b-SM-5GU5U	Inhib	0.00134191917067025
GTEX-12WSA-0011-R7b-SM-5GU5U	Immune	0.0022465010816229
GTEX-12WSC-0011-R7b-SM-5LU9L	Oligo	0.675130524741842
GTEX-12WSC-0011-R7b-SM-5LU9L	Micro	0.06755382787093
GTEX-12WSC-0011-R7b-SM-5LU9L	Astro	0.132653956308669
GTEX-12WSC-0011-R7b-SM-5LU9L	D1-SPN	0.011588333156509
GTEX-12WSC-0011-R7b-SM-5LU9L	D2-SPN	0.0930539714824852
GTEX-12WSC-0011-R7b-SM-5LU9L	OPC	0.0115578328023694
GTEX-12WSC-0011-R7b-SM-5LU9L	Inhib	0.00438686385113052
GTEX-12WSC-0011-R7b-SM-5LU9L	Immune	0.00407468978606455
GTEX-12WSD-0011-R7b-SM-5PNWE	Oligo	0.449601456874379
GTEX-12WSD-0011-R7b-SM-5PNWE	Micro	0.0195989903010714
GTEX-12WSD-0011-R7b-SM-5PNWE	Astro	0.331943167199974
GTEX-12WSD-0011-R7b-SM-5PNWE	D1-SPN	0.028932267213945
GTEX-12WSD-0011-R7b-SM-5PNWE	D2-SPN	0.0851699377145594
GTEX-12WSD-0011-R7b-SM-5PNWE	OPC	0.0801950030071528
GTEX-12WSD-0011-R7b-SM-5PNWE	Inhib	0.00106282804561361
GTEX-12WSD-0011-R7b-SM-5PNWE	Immune	0.00349634964330462
GTEX-12WSE-0011-R7a-SM-5PNWF	Oligo	0.790762129052275
GTEX-12WSE-0011-R7a-SM-5PNWF	Micro	0.00310457535579179
GTEX-12WSE-0011-R7a-SM-5PNWF	Astro	0.0712291193553938
GTEX-12WSE-0011-R7a-SM-5PNWF	D1-SPN	0
GTEX-12WSE-0011-R7a-SM-5PNWF	D2-SPN	0
GTEX-12WSE-0011-R7a-SM-5PNWF	OPC	0.121667158476967
GTEX-12WSE-0011-R7a-SM-5PNWF	Inhib	0.00935599999339037
GTEX-12WSE-0011-R7a-SM-5PNWF	Immune	0.00388101776618293
GTEX-12WSF-0011-R7b-SM-5HL99	Oligo	0.777348050905618
GTEX-12WSF-0011-R7b-SM-5HL99	Micro	0.0193739616389905
GTEX-12WSF-0011-R7b-SM-5HL99	Astro	0.110036528563487
GTEX-12WSF-0011-R7b-SM-5HL99	D1-SPN	0.00125625815659353
GTEX-12WSF-0011-R7b-SM-5HL99	D2-SPN	0.0478335577350272
GTEX-12WSF-0011-R7b-SM-5HL99	OPC	0.00289015899748261
GTEX-12WSF-0011-R7b-SM-5HL99	Inhib	0.00710683000725299
GTEX-12WSF-0011-R7b-SM-5HL99	Immune	0.0341546539955487
GTEX-12WSI-0011-R7b-SM-5GU78	Oligo	0.387541576363921
GTEX-12WSI-0011-R7b-SM-5GU78	Micro	0.0683434388547389
GTEX-12WSI-0011-R7b-SM-5GU78	Astro	0.230169808754971
GTEX-12WSI-0011-R7b-SM-5GU78	D1-SPN	0.0605907453959689
GTEX-12WSI-0011-R7b-SM-5GU78	D2-SPN	0.215639671776526
GTEX-12WSI-0011-R7b-SM-5GU78	OPC	0.0315295769365932
GTEX-12WSI-0011-R7b-SM-5GU78	Inhib	0.00618518191728092
GTEX-12WSI-0011-R7b-SM-5GU78	Immune	0
GTEX-12WSM-0011-R7b-SM-5EGLD	Oligo	0.452691076696648
GTEX-12WSM-0011-R7b-SM-5EGLD	Micro	0.0985058323940486
GTEX-12WSM-0011-R7b-SM-5EGLD	Astro	0.337891238333891
GTEX-12WSM-0011-R7b-SM-5EGLD	D1-SPN	2.26237491674979e-05
GTEX-12WSM-0011-R7b-SM-5EGLD	D2-SPN	0.062949163046013
GTEX-12WSM-0011-R7b-SM-5EGLD	OPC	0.0346070698751113
GTEX-12WSM-0011-R7b-SM-5EGLD	Inhib	0.00883145935016204
GTEX-12WSM-0011-R7b-SM-5EGLD	Immune	0.00450153655495889
GTEX-12ZZW-0011-R7a-SM-5DUWC	Oligo	0.278629604526438
GTEX-12ZZW-0011-R7a-SM-5DUWC	Micro	0.0459868385531842
GTEX-12ZZW-0011-R7a-SM-5DUWC	Astro	0.505094257467172
GTEX-12ZZW-0011-R7a-SM-5DUWC	D1-SPN	0.0255442169692211
GTEX-12ZZW-0011-R7a-SM-5DUWC	D2-SPN	0.0685736600388384
GTEX-12ZZW-0011-R7a-SM-5DUWC	OPC	0.0744140120030171
GTEX-12ZZW-0011-R7a-SM-5DUWC	Inhib	0.00175741044212903
GTEX-12ZZW-0011-R7a-SM-5DUWC	Immune	0
GTEX-12ZZX-0011-R7b-SM-5DUVV	Oligo	0.539848455405704
GTEX-12ZZX-0011-R7b-SM-5DUVV	Micro	0.0726708173907473
GTEX-12ZZX-0011-R7b-SM-5DUVV	Astro	0.288421601663095
GTEX-12ZZX-0011-R7b-SM-5DUVV	D1-SPN	0.0171228541940045
GTEX-12ZZX-0011-R7b-SM-5DUVV	D2-SPN	0.00421178232807296
GTEX-12ZZX-0011-R7b-SM-5DUVV	OPC	0.0609619123102951
GTEX-12ZZX-0011-R7b-SM-5DUVV	Inhib	0.0116023043868306
GTEX-12ZZX-0011-R7b-SM-5DUVV	Immune	0.00516027232125063
GTEX-12ZZY-0011-R7a-SM-5EGLB	Oligo	0.740312530165364
GTEX-12ZZY-0011-R7a-SM-5EGLB	Micro	0.0424007147891717
GTEX-12ZZY-0011-R7a-SM-5EGLB	Astro	0.177076407106799
GTEX-12ZZY-0011-R7a-SM-5EGLB	D1-SPN	0.000928865669197687
GTEX-12ZZY-0011-R7a-SM-5EGLB	D2-SPN	0.0169812269202963
GTEX-12ZZY-0011-R7a-SM-5EGLB	OPC	0.0100538316059995
GTEX-12ZZY-0011-R7a-SM-5EGLB	Inhib	0.00813052463962915
GTEX-12ZZY-0011-R7a-SM-5EGLB	Immune	0.00411589910354233
GTEX-12ZZZ-0011-R7b-SM-5EGLE	Oligo	0.543983512614997
GTEX-12ZZZ-0011-R7b-SM-5EGLE	Micro	0.0431016976800573
GTEX-12ZZZ-0011-R7b-SM-5EGLE	Astro	0.283365145553533
GTEX-12ZZZ-0011-R7b-SM-5EGLE	D1-SPN	0
GTEX-12ZZZ-0011-R7b-SM-5EGLE	D2-SPN	0.0647325104986846
GTEX-12ZZZ-0011-R7b-SM-5EGLE	OPC	0.0394717748236138
GTEX-12ZZZ-0011-R7b-SM-5EGLE	Inhib	0.0143042954319959
GTEX-12ZZZ-0011-R7b-SM-5EGLE	Immune	0.0110410633971186
GTEX-13112-0011-R7b-SM-5DUVW	Oligo	0.677419412363469
GTEX-13112-0011-R7b-SM-5DUVW	Micro	0.0177142418357121
GTEX-13112-0011-R7b-SM-5DUVW	Astro	0.178127676456183
GTEX-13112-0011-R7b-SM-5DUVW	D1-SPN	0.0175055825144047
GTEX-13112-0011-R7b-SM-5DUVW	D2-SPN	0.0753845937950851
GTEX-13112-0011-R7b-SM-5DUVW	OPC	0.024050511372997
GTEX-13112-0011-R7b-SM-5DUVW	Inhib	0.00675215089563656
GTEX-13112-0011-R7b-SM-5DUVW	Immune	0.00304583076651174
GTEX-1313W-0011-R7b-SM-5DUWL	Oligo	0.800582381499828
GTEX-1313W-0011-R7b-SM-5DUWL	Micro	0.0475944647070857
GTEX-1313W-0011-R7b-SM-5DUWL	Astro	0.0434596772780738
GTEX-1313W-0011-R7b-SM-5DUWL	D1-SPN	0.00638352860594452
GTEX-1313W-0011-R7b-SM-5DUWL	D2-SPN	0.0835355893631861
GTEX-1313W-0011-R7b-SM-5DUWL	OPC	0.0132507477826707
GTEX-1313W-0011-R7b-SM-5DUWL	Inhib	0.00355819674575899
GTEX-1313W-0011-R7b-SM-5DUWL	Immune	0.00163541401745207
GTEX-131YS-0011-R7a-SM-5IJDA	Oligo	0.573709563706831
GTEX-131YS-0011-R7a-SM-5IJDA	Micro	0.0747703347309142
GTEX-131YS-0011-R7a-SM-5IJDA	Astro	0.161449166774147
GTEX-131YS-0011-R7a-SM-5IJDA	D1-SPN	0.0205790712181752
GTEX-131YS-0011-R7a-SM-5IJDA	D2-SPN	0.148214376018428
GTEX-131YS-0011-R7a-SM-5IJDA	OPC	0.0164563372570711
GTEX-131YS-0011-R7a-SM-5IJDA	Inhib	0.00289526924701624
GTEX-131YS-0011-R7a-SM-5IJDA	Immune	0.00192588104741691
GTEX-132Q8-0011-R7b-SM-5N9F1	Oligo	0.369633536258223
GTEX-132Q8-0011-R7b-SM-5N9F1	Micro	0.091143562718011
GTEX-132Q8-0011-R7b-SM-5N9F1	Astro	0.402371479803582
GTEX-132Q8-0011-R7b-SM-5N9F1	D1-SPN	0.0221502819377845
GTEX-132Q8-0011-R7b-SM-5N9F1	D2-SPN	0.0125381392893801
GTEX-132Q8-0011-R7b-SM-5N9F1	OPC	0.0430737123094165
GTEX-132Q8-0011-R7b-SM-5N9F1	Inhib	0.00565545320726805
GTEX-132Q8-0011-R7b-SM-5N9F1	Immune	0.0534338344763351
GTEX-139TS-0011-R7a-SM-5K7X7	Oligo	0.522215678377879
GTEX-139TS-0011-R7a-SM-5K7X7	Micro	0.0089053127869007
GTEX-139TS-0011-R7a-SM-5K7X7	Astro	0.405632894730517
GTEX-139TS-0011-R7a-SM-5K7X7	D1-SPN	0.000494958571862479
GTEX-139TS-0011-R7a-SM-5K7X7	D2-SPN	0
GTEX-139TS-0011-R7a-SM-5K7X7	OPC	0.0565818489655332
GTEX-139TS-0011-R7a-SM-5K7X7	Inhib	0.00161109782766712
GTEX-139TS-0011-R7a-SM-5K7X7	Immune	0.00455820873964082
GTEX-139TT-0011-R7b-SM-5J2MN	Oligo	0.474555713519692
GTEX-139TT-0011-R7b-SM-5J2MN	Micro	0.0527609099473148
GTEX-139TT-0011-R7b-SM-5J2MN	Astro	0.307858672441377
GTEX-139TT-0011-R7b-SM-5J2MN	D1-SPN	0
GTEX-139TT-0011-R7b-SM-5J2MN	D2-SPN	0.124852152530499
GTEX-139TT-0011-R7b-SM-5J2MN	OPC	0.0258171803876823
GTEX-139TT-0011-R7b-SM-5J2MN	Inhib	0.00812720058258509
GTEX-139TT-0011-R7b-SM-5J2MN	Immune	0.00602817059085025
GTEX-13CF2-0011-R7b-SM-5K7UV	Oligo	0.830775317701999
GTEX-13CF2-0011-R7b-SM-5K7UV	Micro	0.0120838826996072
GTEX-13CF2-0011-R7b-SM-5K7UV	Astro	0.144247951842627
GTEX-13CF2-0011-R7b-SM-5K7UV	D1-SPN	0
GTEX-13CF2-0011-R7b-SM-5K7UV	D2-SPN	0
GTEX-13CF2-0011-R7b-SM-5K7UV	OPC	0.00994885126171245
GTEX-13CF2-0011-R7b-SM-5K7UV	Inhib	0.00153957157582881
GTEX-13CF2-0011-R7b-SM-5K7UV	Immune	0.00140442491822509
GTEX-13CZV-0011-R7b-SM-5LZXH	Oligo	0.68618750279784
GTEX-13CZV-0011-R7b-SM-5LZXH	Micro	0.0108149242822232
GTEX-13CZV-0011-R7b-SM-5LZXH	Astro	0.267700352819771
GTEX-13CZV-0011-R7b-SM-5LZXH	D1-SPN	0.000593049153003459
GTEX-13CZV-0011-R7b-SM-5LZXH	D2-SPN	0.000501788463392073
GTEX-13CZV-0011-R7b-SM-5LZXH	OPC	0.0312549584203646
GTEX-13CZV-0011-R7b-SM-5LZXH	Inhib	0.00262437304161337
GTEX-13CZV-0011-R7b-SM-5LZXH	Immune	0.000323051021792456
GTEX-13FHO-0011-R7b-SM-5LZXD	Oligo	0.666111687432672
GTEX-13FHO-0011-R7b-SM-5LZXD	Micro	0.0125170603448428
GTEX-13FHO-0011-R7b-SM-5LZXD	Astro	0.204455588485625
GTEX-13FHO-0011-R7b-SM-5LZXD	D1-SPN	0.00461003465359672
GTEX-13FHO-0011-R7b-SM-5LZXD	D2-SPN	0.0424346247609737
GTEX-13FHO-0011-R7b-SM-5LZXD	OPC	0.0606017008762339
GTEX-13FHO-0011-R7b-SM-5LZXD	Inhib	0.00299963076017921
GTEX-13FHO-0011-R7b-SM-5LZXD	Immune	0.00626967268587664
GTEX-13FHP-0011-R7b-SM-5LZYI	Oligo	0.688376097847155
GTEX-13FHP-0011-R7b-SM-5LZYI	Micro	0.020326814990077
GTEX-13FHP-0011-R7b-SM-5LZYI	Astro	0.267722451855155
GTEX-13FHP-0011-R7b-SM-5LZYI	D1-SPN	0
GTEX-13FHP-0011-R7b-SM-5LZYI	D2-SPN	0
GTEX-13FHP-0011-R7b-SM-5LZYI	OPC	0.0178050103759032
GTEX-13FHP-0011-R7b-SM-5LZYI	Inhib	0.00369587857628346
GTEX-13FHP-0011-R7b-SM-5LZYI	Immune	0.00207374635542582
GTEX-13FLV-0011-R7b-SM-5K7WW	Oligo	0.732284937204822
GTEX-13FLV-0011-R7b-SM-5K7WW	Micro	0.0270511013492137
GTEX-13FLV-0011-R7b-SM-5K7WW	Astro	0.171379991789889
GTEX-13FLV-0011-R7b-SM-5K7WW	D1-SPN	0
GTEX-13FLV-0011-R7b-SM-5K7WW	D2-SPN	0.0527622497502663
GTEX-13FLV-0011-R7b-SM-5K7WW	OPC	0.0137600968769131
GTEX-13FLV-0011-R7b-SM-5K7WW	Inhib	0.00161574794985723
GTEX-13FLV-0011-R7b-SM-5K7WW	Immune	0.00114587507903926
GTEX-13FLW-0011-R7b-SM-5L3EZ	Oligo	0.685314766607117
GTEX-13FLW-0011-R7b-SM-5L3EZ	Micro	0.0737587198432275
GTEX-13FLW-0011-R7b-SM-5L3EZ	Astro	0.167858256962227
GTEX-13FLW-0011-R7b-SM-5L3EZ	D1-SPN	0.00114604001187272
GTEX-13FLW-0011-R7b-SM-5L3EZ	D2-SPN	0.0436888555275609
GTEX-13FLW-0011-R7b-SM-5L3EZ	OPC	0.0166968896834582
GTEX-13FLW-0011-R7b-SM-5L3EZ	Inhib	0.0101181016093361
GTEX-13FLW-0011-R7b-SM-5L3EZ	Immune	0.00141836975520106
GTEX-13FXS-0011-R7a-SM-5L3FC	Oligo	0.565334299025857
GTEX-13FXS-0011-R7a-SM-5L3FC	Micro	0.0660626288036351
GTEX-13FXS-0011-R7a-SM-5L3FC	Astro	0.301022226696084
GTEX-13FXS-0011-R7a-SM-5L3FC	D1-SPN	0.00824168434310322
GTEX-13FXS-0011-R7a-SM-5L3FC	D2-SPN	0.011529321262031
GTEX-13FXS-0011-R7a-SM-5L3FC	OPC	0.0351018498916264
GTEX-13FXS-0011-R7a-SM-5L3FC	Inhib	0.00874423920285653
GTEX-13FXS-0011-R7a-SM-5L3FC	Immune	0.00396375077480672
GTEX-13G51-0011-R7b-SM-5LZXG	Oligo	0.7716545803799
GTEX-13G51-0011-R7b-SM-5LZXG	Micro	0.0263451504168257
GTEX-13G51-0011-R7b-SM-5LZXG	Astro	0.0948726337998593
GTEX-13G51-0011-R7b-SM-5LZXG	D1-SPN	0.0143579705773222
GTEX-13G51-0011-R7b-SM-5LZXG	D2-SPN	0.0749512305927372
GTEX-13G51-0011-R7b-SM-5LZXG	OPC	0.00828386939892316
GTEX-13G51-0011-R7b-SM-5LZXG	Inhib	0.00712518012357008
GTEX-13G51-0011-R7b-SM-5LZXG	Immune	0.00240938471086254
GTEX-13JUV-0011-R7b-SM-5LZZG	Oligo	0.772240929898791
GTEX-13JUV-0011-R7b-SM-5LZZG	Micro	0.0776051060037447
GTEX-13JUV-0011-R7b-SM-5LZZG	Astro	0.0851181089111176
GTEX-13JUV-0011-R7b-SM-5LZZG	D1-SPN	0.00230595501330632
GTEX-13JUV-0011-R7b-SM-5LZZG	D2-SPN	0
GTEX-13JUV-0011-R7b-SM-5LZZG	OPC	0.0483620667533103
GTEX-13JUV-0011-R7b-SM-5LZZG	Inhib	0.000783401973073218
GTEX-13JUV-0011-R7b-SM-5LZZG	Immune	0.0135844314466572
GTEX-13JVG-0011-R7b-SM-5MR3Q	Oligo	0.58938735981107
GTEX-13JVG-0011-R7b-SM-5MR3Q	Micro	0.0169539708393328
GTEX-13JVG-0011-R7b-SM-5MR3Q	Astro	0.351508179402653
GTEX-13JVG-0011-R7b-SM-5MR3Q	D1-SPN	0
GTEX-13JVG-0011-R7b-SM-5MR3Q	D2-SPN	0.0150909995965789
GTEX-13JVG-0011-R7b-SM-5MR3Q	OPC	0.0200842254476532
GTEX-13JVG-0011-R7b-SM-5MR3Q	Inhib	0.00227100600393058
GTEX-13JVG-0011-R7b-SM-5MR3Q	Immune	0.00470425889878172
GTEX-13N1W-0011-R7b-SM-5MR4F	Oligo	0.420664981875715
GTEX-13N1W-0011-R7b-SM-5MR4F	Micro	0.0443262959965722
GTEX-13N1W-0011-R7b-SM-5MR4F	Astro	0.329616218658875
GTEX-13N1W-0011-R7b-SM-5MR4F	D1-SPN	0.00113499236359849
GTEX-13N1W-0011-R7b-SM-5MR4F	D2-SPN	0.182065130550806
GTEX-13N1W-0011-R7b-SM-5MR4F	OPC	0.0083527222261891
GTEX-13N1W-0011-R7b-SM-5MR4F	Inhib	0.00326319554787727
GTEX-13N1W-0011-R7b-SM-5MR4F	Immune	0.0105764627803675
GTEX-13N2G-0011-R7a-SM-5MR42	Oligo	0.821077029776472
GTEX-13N2G-0011-R7a-SM-5MR42	Micro	0.0347905007501026
GTEX-13N2G-0011-R7a-SM-5MR42	Astro	0.112996260085518
GTEX-13N2G-0011-R7a-SM-5MR42	D1-SPN	0.0048725690197145
GTEX-13N2G-0011-R7a-SM-5MR42	D2-SPN	0.0015717069852947
GTEX-13N2G-0011-R7a-SM-5MR42	OPC	0.00676723351202865
GTEX-13N2G-0011-R7a-SM-5MR42	Inhib	0.00373280649650804
GTEX-13N2G-0011-R7a-SM-5MR42	Immune	0.0141918933743622
GTEX-13NYB-0011-R7a-SM-5MR5D	Oligo	0.8233894621759
GTEX-13NYB-0011-R7a-SM-5MR5D	Micro	0.0229140957341623
GTEX-13NYB-0011-R7a-SM-5MR5D	Astro	0.135266331648212
GTEX-13NYB-0011-R7a-SM-5MR5D	D1-SPN	0
GTEX-13NYB-0011-R7a-SM-5MR5D	D2-SPN	0.00314526470416702
GTEX-13NYB-0011-R7a-SM-5MR5D	OPC	0.00546092495998156
GTEX-13NYB-0011-R7a-SM-5MR5D	Inhib	0.00497888902372125
GTEX-13NYB-0011-R7a-SM-5MR5D	Immune	0.00484503175385635
GTEX-13O3O-0011-R7b-SM-5P9GZ	Oligo	0.659182539175786
GTEX-13O3O-0011-R7b-SM-5P9GZ	Micro	0.0100425454914393
GTEX-13O3O-0011-R7b-SM-5P9GZ	Astro	0.206888849364207
GTEX-13O3O-0011-R7b-SM-5P9GZ	D1-SPN	0.000172771790373107
GTEX-13O3O-0011-R7b-SM-5P9GZ	D2-SPN	0.0994884882217897
GTEX-13O3O-0011-R7b-SM-5P9GZ	OPC	0.017762529028865
GTEX-13O3O-0011-R7b-SM-5P9GZ	Inhib	0.00417089303295687
GTEX-13O3O-0011-R7b-SM-5P9GZ	Immune	0.00229138389458292
GTEX-13O3Q-0011-R7a-SM-5KM38	Oligo	0.614301633285158
GTEX-13O3Q-0011-R7a-SM-5KM38	Micro	0.0534880408069354
GTEX-13O3Q-0011-R7a-SM-5KM38	Astro	0.20574970000103
GTEX-13O3Q-0011-R7a-SM-5KM38	D1-SPN	0.0204433588437663
GTEX-13O3Q-0011-R7a-SM-5KM38	D2-SPN	0.0944979838501811
GTEX-13O3Q-0011-R7a-SM-5KM38	OPC	0.00371754780172687
GTEX-13O3Q-0011-R7a-SM-5KM38	Inhib	0.00512807484533673
GTEX-13O3Q-0011-R7a-SM-5KM38	Immune	0.00267366056586601
GTEX-13OVH-0011-R7a-SM-GI4WY	Oligo	0.865014779180813
GTEX-13OVH-0011-R7a-SM-GI4WY	Micro	0.0087307652458501
GTEX-13OVH-0011-R7a-SM-GI4WY	Astro	0.10209035309634
GTEX-13OVH-0011-R7a-SM-GI4WY	D1-SPN	0
GTEX-13OVH-0011-R7a-SM-GI4WY	D2-SPN	0
GTEX-13OVH-0011-R7a-SM-GI4WY	OPC	0.0228721875495606
GTEX-13OVH-0011-R7a-SM-GI4WY	Inhib	0
GTEX-13OVH-0011-R7a-SM-GI4WY	Immune	0.0012919149274367
GTEX-13OVJ-0011-R7a-SM-5L3G1	Oligo	0.695683207995677
GTEX-13OVJ-0011-R7a-SM-5L3G1	Micro	0.0161089979128944
GTEX-13OVJ-0011-R7a-SM-5L3G1	Astro	0.248723304815736
GTEX-13OVJ-0011-R7a-SM-5L3G1	D1-SPN	0.00428824301141311
GTEX-13OVJ-0011-R7a-SM-5L3G1	D2-SPN	0
GTEX-13OVJ-0011-R7a-SM-5L3G1	OPC	0.0286189027988178
GTEX-13OVJ-0011-R7a-SM-5L3G1	Inhib	0.0038607724710997
GTEX-13OVJ-0011-R7a-SM-5L3G1	Immune	0.00271657099436276
GTEX-13OVL-0011-R7a-SM-5P9GW	Oligo	0.611181533571754
GTEX-13OVL-0011-R7a-SM-5P9GW	Micro	0.00293167774738552
GTEX-13OVL-0011-R7a-SM-5P9GW	Astro	0.333206727721016
GTEX-13OVL-0011-R7a-SM-5P9GW	D1-SPN	0.00159570275276933
GTEX-13OVL-0011-R7a-SM-5P9GW	D2-SPN	0
GTEX-13OVL-0011-R7a-SM-5P9GW	OPC	0.0459537113892156
GTEX-13OVL-0011-R7a-SM-5P9GW	Inhib	0.00120991965411927
GTEX-13OVL-0011-R7a-SM-5P9GW	Immune	0.00392072716373976
GTEX-13OW5-0011-R7a-SM-5O9C9	Oligo	0.442231397999754
GTEX-13OW5-0011-R7a-SM-5O9C9	Micro	0.034914034361522
GTEX-13OW5-0011-R7a-SM-5O9C9	Astro	0.447819152322112
GTEX-13OW5-0011-R7a-SM-5O9C9	D1-SPN	0.00642529363368185
GTEX-13OW5-0011-R7a-SM-5O9C9	D2-SPN	0.0101461820415801
GTEX-13OW5-0011-R7a-SM-5O9C9	OPC	0.0354169047678158
GTEX-13OW5-0011-R7a-SM-5O9C9	Inhib	0
GTEX-13OW5-0011-R7a-SM-5O9C9	Immune	0.0230470348735342
GTEX-13OW6-0011-R7b-SM-5L3H4	Oligo	0.746103988329744
GTEX-13OW6-0011-R7b-SM-5L3H4	Micro	0.0212847894805017
GTEX-13OW6-0011-R7b-SM-5L3H4	Astro	0.153310401027091
GTEX-13OW6-0011-R7b-SM-5L3H4	D1-SPN	0.00329476401853048
GTEX-13OW6-0011-R7b-SM-5L3H4	D2-SPN	0.0569771100857382
GTEX-13OW6-0011-R7b-SM-5L3H4	OPC	0.0108072060995367
GTEX-13OW6-0011-R7b-SM-5L3H4	Inhib	0.0048917884717887
GTEX-13OW6-0011-R7b-SM-5L3H4	Immune	0.00332995248706975
GTEX-13OW7-0011-R7b-SM-H6613	Oligo	0.564358829981297
GTEX-13OW7-0011-R7b-SM-H6613	Micro	0.0268037332745726
GTEX-13OW7-0011-R7b-SM-H6613	Astro	0.287361299025305
GTEX-13OW7-0011-R7b-SM-H6613	D1-SPN	0.00765542782077071
GTEX-13OW7-0011-R7b-SM-H6613	D2-SPN	0.0734801691117566
GTEX-13OW7-0011-R7b-SM-H6613	OPC	0.032985166618297
GTEX-13OW7-0011-R7b-SM-H6613	Inhib	0.00298855047969757
GTEX-13OW7-0011-R7b-SM-H6613	Immune	0.00436682368830344
GTEX-13OW8-0011-R7a-SM-5L3FP	Oligo	0.788524069928863
GTEX-13OW8-0011-R7a-SM-5L3FP	Micro	0.00782409435827273
GTEX-13OW8-0011-R7a-SM-5L3FP	Astro	0.184389553254988
GTEX-13OW8-0011-R7a-SM-5L3FP	D1-SPN	0
GTEX-13OW8-0011-R7a-SM-5L3FP	D2-SPN	0.00208088603435891
GTEX-13OW8-0011-R7a-SM-5L3FP	OPC	0.0137806485498043
GTEX-13OW8-0011-R7a-SM-5L3FP	Inhib	0.00167588341632827
GTEX-13OW8-0011-R7a-SM-5L3FP	Immune	0.00172486445738543
GTEX-13PVQ-0011-R7a-SM-5L3G3	Oligo	0.714266203342981
GTEX-13PVQ-0011-R7a-SM-5L3G3	Micro	0.0100904180693368
GTEX-13PVQ-0011-R7a-SM-5L3G3	Astro	0.223569498095421
GTEX-13PVQ-0011-R7a-SM-5L3G3	D1-SPN	0
GTEX-13PVQ-0011-R7a-SM-5L3G3	D2-SPN	0.0287841037405915
GTEX-13PVQ-0011-R7a-SM-5L3G3	OPC	0.0213327809234114
GTEX-13PVQ-0011-R7a-SM-5L3G3	Inhib	0.000842885536767345
GTEX-13PVQ-0011-R7a-SM-5L3G3	Immune	0.00111411029149088
GTEX-13QIC-0011-R7b-SM-GIN9M	Oligo	0.584420234684489
GTEX-13QIC-0011-R7b-SM-GIN9M	Micro	0.0203023126853555
GTEX-13QIC-0011-R7b-SM-GIN9M	Astro	0.328025001493374
GTEX-13QIC-0011-R7b-SM-GIN9M	D1-SPN	0.000228117829452569
GTEX-13QIC-0011-R7b-SM-GIN9M	D2-SPN	0
GTEX-13QIC-0011-R7b-SM-GIN9M	OPC	0.0509542198984661
GTEX-13QIC-0011-R7b-SM-GIN9M	Inhib	0.00501376875559768
GTEX-13QIC-0011-R7b-SM-GIN9M	Immune	0.0110563446532651
GTEX-13QJC-0011-R7b-SM-5PNUM	Oligo	0.744946477451857
GTEX-13QJC-0011-R7b-SM-5PNUM	Micro	0.0160402359546834
GTEX-13QJC-0011-R7b-SM-5PNUM	Astro	0.191501036269967
GTEX-13QJC-0011-R7b-SM-5PNUM	D1-SPN	0.000331237341986027
GTEX-13QJC-0011-R7b-SM-5PNUM	D2-SPN	0.000416876173692013
GTEX-13QJC-0011-R7b-SM-5PNUM	OPC	0.031493805668803
GTEX-13QJC-0011-R7b-SM-5PNUM	Inhib	0.00579211532116473
GTEX-13QJC-0011-R7b-SM-5PNUM	Immune	0.00947821581784644
GTEX-13RTJ-0011-R7b-SM-5P9JS	Oligo	0.694598423907305
GTEX-13RTJ-0011-R7b-SM-5P9JS	Micro	0.0395523794322364
GTEX-13RTJ-0011-R7b-SM-5P9JS	Astro	0.163529103095336
GTEX-13RTJ-0011-R7b-SM-5P9JS	D1-SPN	0
GTEX-13RTJ-0011-R7b-SM-5P9JS	D2-SPN	0.0798297799861555
GTEX-13RTJ-0011-R7b-SM-5P9JS	OPC	0.0129350592806951
GTEX-13RTJ-0011-R7b-SM-5P9JS	Inhib	0.00591307339477593
GTEX-13RTJ-0011-R7b-SM-5P9JS	Immune	0.00364218090349617
GTEX-13S7M-0011-R7a-SM-5O9DK	Oligo	0.722593879839399
GTEX-13S7M-0011-R7a-SM-5O9DK	Micro	0.0278543697686436
GTEX-13S7M-0011-R7a-SM-5O9DK	Astro	0.156459172080977
GTEX-13S7M-0011-R7a-SM-5O9DK	D1-SPN	0.000471701829045414
GTEX-13S7M-0011-R7a-SM-5O9DK	D2-SPN	0.0497334357093518
GTEX-13S7M-0011-R7a-SM-5O9DK	OPC	0.0324114878734844
GTEX-13S7M-0011-R7a-SM-5O9DK	Inhib	0.00616817695821332
GTEX-13S7M-0011-R7a-SM-5O9DK	Immune	0.0043077759408861
GTEX-13VXU-0011-R7b-SM-5SI72	Oligo	0.788272872693333
GTEX-13VXU-0011-R7b-SM-5SI72	Micro	0.0236435336460056
GTEX-13VXU-0011-R7b-SM-5SI72	Astro	0.114884626617841
GTEX-13VXU-0011-R7b-SM-5SI72	D1-SPN	0.000397798078590295
GTEX-13VXU-0011-R7b-SM-5SI72	D2-SPN	0.0240474604479736
GTEX-13VXU-0011-R7b-SM-5SI72	OPC	0.0262058473312233
GTEX-13VXU-0011-R7b-SM-5SI72	Inhib	0.0158353896629479
GTEX-13VXU-0011-R7b-SM-5SI72	Immune	0.00671247152208469
GTEX-13X6I-0011-R7b-SM-5PNWP	Oligo	0.567193311586457
GTEX-13X6I-0011-R7b-SM-5PNWP	Micro	0.0324719644440333
GTEX-13X6I-0011-R7b-SM-5PNWP	Astro	0.315898062283537
GTEX-13X6I-0011-R7b-SM-5PNWP	D1-SPN	0.0356539072321352
GTEX-13X6I-0011-R7b-SM-5PNWP	D2-SPN	0.00733216900623249
GTEX-13X6I-0011-R7b-SM-5PNWP	OPC	0.0338381975655453
GTEX-13X6I-0011-R7b-SM-5PNWP	Inhib	0.00462682845439958
GTEX-13X6I-0011-R7b-SM-5PNWP	Immune	0.0029855594276611
GTEX-13X6J-0011-R7b-SM-5PNUC	Oligo	0.814553848343239
GTEX-13X6J-0011-R7b-SM-5PNUC	Micro	0.0241528317476561
GTEX-13X6J-0011-R7b-SM-5PNUC	Astro	0.0873001579418068
GTEX-13X6J-0011-R7b-SM-5PNUC	D1-SPN	0
GTEX-13X6J-0011-R7b-SM-5PNUC	D2-SPN	0.0588089027009467
GTEX-13X6J-0011-R7b-SM-5PNUC	OPC	0.00824240393048511
GTEX-13X6J-0011-R7b-SM-5PNUC	Inhib	0.0067695864028162
GTEX-13X6J-0011-R7b-SM-5PNUC	Immune	0.000172268933050307
GTEX-13X6K-0011-R7b-SM-5P9K7	Oligo	0.594278578562494
GTEX-13X6K-0011-R7b-SM-5P9K7	Micro	0.0377312821988476
GTEX-13X6K-0011-R7b-SM-5P9K7	Astro	0.278218979163335
GTEX-13X6K-0011-R7b-SM-5P9K7	D1-SPN	0.000642581308936534
GTEX-13X6K-0011-R7b-SM-5P9K7	D2-SPN	0.0438176417121184
GTEX-13X6K-0011-R7b-SM-5P9K7	OPC	0.034616635406403
GTEX-13X6K-0011-R7b-SM-5P9K7	Inhib	0.00545695333035929
GTEX-13X6K-0011-R7b-SM-5P9K7	Immune	0.00523734831750568
GTEX-1445S-0011-R7b-SM-5PNUG	Oligo	0.708186430140897
GTEX-1445S-0011-R7b-SM-5PNUG	Micro	0.0185452133811934
GTEX-1445S-0011-R7b-SM-5PNUG	Astro	0.231673866906193
GTEX-1445S-0011-R7b-SM-5PNUG	D1-SPN	0
GTEX-1445S-0011-R7b-SM-5PNUG	D2-SPN	0.00639795533070593
GTEX-1445S-0011-R7b-SM-5PNUG	OPC	0.0266885774787849
GTEX-1445S-0011-R7b-SM-5PNUG	Inhib	0.00328730543363261
GTEX-1445S-0011-R7b-SM-5PNUG	Immune	0.00522065132859324
GTEX-144GL-0011-R7b-SM-5P9HX	Oligo	0.651260755908852
GTEX-144GL-0011-R7b-SM-5P9HX	Micro	0.0438557336965963
GTEX-144GL-0011-R7b-SM-5P9HX	Astro	0.241087246358149
GTEX-144GL-0011-R7b-SM-5P9HX	D1-SPN	0.000637643500619512
GTEX-144GL-0011-R7b-SM-5P9HX	D2-SPN	0.0232151114672629
GTEX-144GL-0011-R7b-SM-5P9HX	OPC	0.0286895455612854
GTEX-144GL-0011-R7b-SM-5P9HX	Inhib	0.00340541040684631
GTEX-144GL-0011-R7b-SM-5P9HX	Immune	0.00784855310038814
GTEX-144GO-0011-R7b-SM-5S2TT	Oligo	0.757217741397925
GTEX-144GO-0011-R7b-SM-5S2TT	Micro	0.0159108459449688
GTEX-144GO-0011-R7b-SM-5S2TT	Astro	0.185471659401431
GTEX-144GO-0011-R7b-SM-5S2TT	D1-SPN	0.000627219255232118
GTEX-144GO-0011-R7b-SM-5S2TT	D2-SPN	0.000379731145096381
GTEX-144GO-0011-R7b-SM-5S2TT	OPC	0.0313905486602939
GTEX-144GO-0011-R7b-SM-5S2TT	Inhib	0.000512267044550133
GTEX-144GO-0011-R7b-SM-5S2TT	Immune	0.00848998715050257
GTEX-145LS-0011-R7a-SM-5PNWM	Oligo	0.700976900456891
GTEX-145LS-0011-R7a-SM-5PNWM	Micro	0.0245464628220741
GTEX-145LS-0011-R7a-SM-5PNWM	Astro	0.132515789677697
GTEX-145LS-0011-R7a-SM-5PNWM	D1-SPN	0
GTEX-145LS-0011-R7a-SM-5PNWM	D2-SPN	0.101249737277597
GTEX-145LS-0011-R7a-SM-5PNWM	OPC	0.0227238148773263
GTEX-145LS-0011-R7a-SM-5PNWM	Inhib	0.00886765982868626
GTEX-145LS-0011-R7a-SM-5PNWM	Immune	0.00911963505972903
GTEX-145MG-0011-R7b-SM-5P9JY	Oligo	0.610373781078059
GTEX-145MG-0011-R7b-SM-5P9JY	Micro	0.0393787082416534
GTEX-145MG-0011-R7b-SM-5P9JY	Astro	0.244329946645904
GTEX-145MG-0011-R7b-SM-5P9JY	D1-SPN	0.0180704760519165
GTEX-145MG-0011-R7b-SM-5P9JY	D2-SPN	0.0241870049430623
GTEX-145MG-0011-R7b-SM-5P9JY	OPC	0.0560536061804712
GTEX-145MG-0011-R7b-SM-5P9JY	Inhib	0.0049250045344186
GTEX-145MG-0011-R7b-SM-5P9JY	Immune	0.00268147232451485
GTEX-145MH-0011-R7a-SM-5PNWH	Oligo	0.737761099035669
GTEX-145MH-0011-R7a-SM-5PNWH	Micro	0.0521077028102083
GTEX-145MH-0011-R7a-SM-5PNWH	Astro	0.0936223594990674
GTEX-145MH-0011-R7a-SM-5PNWH	D1-SPN	0.00435736170085984
GTEX-145MH-0011-R7a-SM-5PNWH	D2-SPN	0.0776856748166957
GTEX-145MH-0011-R7a-SM-5PNWH	OPC	0.0230747822364536
GTEX-145MH-0011-R7a-SM-5PNWH	Inhib	0.00546668267455686
GTEX-145MH-0011-R7a-SM-5PNWH	Immune	0.00592433722648907
GTEX-147GR-0011-R7a-SM-5S2RP	Oligo	0.589507911306899
GTEX-147GR-0011-R7a-SM-5S2RP	Micro	0.0441838900822382
GTEX-147GR-0011-R7a-SM-5S2RP	Astro	0.30576099605141
GTEX-147GR-0011-R7a-SM-5S2RP	D1-SPN	0.00739946023805481
GTEX-147GR-0011-R7a-SM-5S2RP	D2-SPN	3.14595851201688e-05
GTEX-147GR-0011-R7a-SM-5S2RP	OPC	0.0390828089131097
GTEX-147GR-0011-R7a-SM-5S2RP	Inhib	0.0111347488443642
GTEX-147GR-0011-R7a-SM-5S2RP	Immune	0.00289872497880338
GTEX-14ABY-0011-R7b-SM-5PNWS	Oligo	0.783733933059809
GTEX-14ABY-0011-R7b-SM-5PNWS	Micro	0.0400963213994552
GTEX-14ABY-0011-R7b-SM-5PNWS	Astro	0.117763059623038
GTEX-14ABY-0011-R7b-SM-5PNWS	D1-SPN	0.00214182096767733
GTEX-14ABY-0011-R7b-SM-5PNWS	D2-SPN	0.0291766844964099
GTEX-14ABY-0011-R7b-SM-5PNWS	OPC	0.0153792767059507
GTEX-14ABY-0011-R7b-SM-5PNWS	Inhib	0.00847700625583596
GTEX-14ABY-0011-R7b-SM-5PNWS	Immune	0.00323189749182378
GTEX-14ASI-0011-R7b-SM-5YY9G	Oligo	0.667284193747283
GTEX-14ASI-0011-R7b-SM-5YY9G	Micro	0.0334004038616802
GTEX-14ASI-0011-R7b-SM-5YY9G	Astro	0.20147582190109
GTEX-14ASI-0011-R7b-SM-5YY9G	D1-SPN	0
GTEX-14ASI-0011-R7b-SM-5YY9G	D2-SPN	0.0467268055990338
GTEX-14ASI-0011-R7b-SM-5YY9G	OPC	0.0410226774802551
GTEX-14ASI-0011-R7b-SM-5YY9G	Inhib	0.00791642834635755
GTEX-14ASI-0011-R7b-SM-5YY9G	Immune	0.00217366906430005
GTEX-14BIN-0011-R7b-SM-5S2RI	Oligo	0.699935592685907
GTEX-14BIN-0011-R7b-SM-5S2RI	Micro	0.0241904960732773
GTEX-14BIN-0011-R7b-SM-5S2RI	Astro	0.212078158679913
GTEX-14BIN-0011-R7b-SM-5S2RI	D1-SPN	0
GTEX-14BIN-0011-R7b-SM-5S2RI	D2-SPN	0.0362968416569806
GTEX-14BIN-0011-R7b-SM-5S2RI	OPC	0.0215172817083859
GTEX-14BIN-0011-R7b-SM-5S2RI	Inhib	0.00334752073223663
GTEX-14BIN-0011-R7b-SM-5S2RI	Immune	0.00263410846329987
GTEX-14BMV-0011-R7b-SM-5YY9J	Oligo	0.750760292688232
GTEX-14BMV-0011-R7b-SM-5YY9J	Micro	0.00994814615511474
GTEX-14BMV-0011-R7b-SM-5YY9J	Astro	0.207743525565009
GTEX-14BMV-0011-R7b-SM-5YY9J	D1-SPN	0
GTEX-14BMV-0011-R7b-SM-5YY9J	D2-SPN	0
GTEX-14BMV-0011-R7b-SM-5YY9J	OPC	0.0277000717790511
GTEX-14BMV-0011-R7b-SM-5YY9J	Inhib	0
GTEX-14BMV-0011-R7b-SM-5YY9J	Immune	0.00384796381259295
GTEX-14C5O-0011-R7b-SM-5YYAH	Oligo	0.600851625727216
GTEX-14C5O-0011-R7b-SM-5YYAH	Micro	0.01829298166935
GTEX-14C5O-0011-R7b-SM-5YYAH	Astro	0.167888332252331
GTEX-14C5O-0011-R7b-SM-5YYAH	D1-SPN	0.0311364024985808
GTEX-14C5O-0011-R7b-SM-5YYAH	D2-SPN	0.137166410805006
GTEX-14C5O-0011-R7b-SM-5YYAH	OPC	0.022852532230247
GTEX-14C5O-0011-R7b-SM-5YYAH	Inhib	0.0068804091919919
GTEX-14C5O-0011-R7b-SM-5YYAH	Immune	0.0149313056252774
GTEX-14E6D-0011-R7b-SM-G9ERK	Oligo	0.737415665825027
GTEX-14E6D-0011-R7b-SM-G9ERK	Micro	0.0216869509428618
GTEX-14E6D-0011-R7b-SM-G9ERK	Astro	0.19586495785449
GTEX-14E6D-0011-R7b-SM-G9ERK	D1-SPN	0.001940675072464
GTEX-14E6D-0011-R7b-SM-G9ERK	D2-SPN	0
GTEX-14E6D-0011-R7b-SM-G9ERK	OPC	0.0336421344900689
GTEX-14E6D-0011-R7b-SM-G9ERK	Inhib	0.00482775655972775
GTEX-14E6D-0011-R7b-SM-G9ERK	Immune	0.00462185925536076
GTEX-14E7W-0011-R7b-SM-5ZZV4	Oligo	0.664736626873857
GTEX-14E7W-0011-R7b-SM-5ZZV4	Micro	0.013982153239759
GTEX-14E7W-0011-R7b-SM-5ZZV4	Astro	0.285059475650831
GTEX-14E7W-0011-R7b-SM-5ZZV4	D1-SPN	0
GTEX-14E7W-0011-R7b-SM-5ZZV4	D2-SPN	0
GTEX-14E7W-0011-R7b-SM-5ZZV4	OPC	0.0238412436133432
GTEX-14E7W-0011-R7b-SM-5ZZV4	Inhib	0.00193397619649728
GTEX-14E7W-0011-R7b-SM-5ZZV4	Immune	0.0104465244257123
GTEX-14JFF-0011-R7b-SM-G9ERI	Oligo	0.707403390659984
GTEX-14JFF-0011-R7b-SM-G9ERI	Micro	0.0144347484417749
GTEX-14JFF-0011-R7b-SM-G9ERI	Astro	0.259228525099395
GTEX-14JFF-0011-R7b-SM-G9ERI	D1-SPN	0
GTEX-14JFF-0011-R7b-SM-G9ERI	D2-SPN	0
GTEX-14JFF-0011-R7b-SM-G9ERI	OPC	0.0139214467255142
GTEX-14JFF-0011-R7b-SM-G9ERI	Inhib	0.00108677757859153
GTEX-14JFF-0011-R7b-SM-G9ERI	Immune	0.0039251114947401
GTEX-14JG1-0011-R7b-SM-5YYAV	Oligo	0.760238130920364
GTEX-14JG1-0011-R7b-SM-5YYAV	Micro	0.032423540644038
GTEX-14JG1-0011-R7b-SM-5YYAV	Astro	0.177104716205381
GTEX-14JG1-0011-R7b-SM-5YYAV	D1-SPN	0.00143068934081384
GTEX-14JG1-0011-R7b-SM-5YYAV	D2-SPN	0
GTEX-14JG1-0011-R7b-SM-5YYAV	OPC	0.0180881104511554
GTEX-14JG1-0011-R7b-SM-5YYAV	Inhib	0.00416490875914752
GTEX-14JG1-0011-R7b-SM-5YYAV	Immune	0.00654990367910147
GTEX-14LZ3-0011-R7a-SM-69LQN	Oligo	0.571839911920417
GTEX-14LZ3-0011-R7a-SM-69LQN	Micro	0.0681365675394143
GTEX-14LZ3-0011-R7a-SM-69LQN	Astro	0.300916474198323
GTEX-14LZ3-0011-R7a-SM-69LQN	D1-SPN	0
GTEX-14LZ3-0011-R7a-SM-69LQN	D2-SPN	0
GTEX-14LZ3-0011-R7a-SM-69LQN	OPC	0.053329943544647
GTEX-14LZ3-0011-R7a-SM-69LQN	Inhib	0.00156481595625625
GTEX-14LZ3-0011-R7a-SM-69LQN	Immune	0.00421228684094217
GTEX-14PJM-0011-R7a-SM-6AJBX	Oligo	0.805270246155715
GTEX-14PJM-0011-R7a-SM-6AJBX	Micro	0.00603549533174356
GTEX-14PJM-0011-R7a-SM-6AJBX	Astro	0.147021850385404
GTEX-14PJM-0011-R7a-SM-6AJBX	D1-SPN	0.00187098908914811
GTEX-14PJM-0011-R7a-SM-6AJBX	D2-SPN	0.020768717255791
GTEX-14PJM-0011-R7a-SM-6AJBX	OPC	0.0142296746183058
GTEX-14PJM-0011-R7a-SM-6AJBX	Inhib	0.0026926586067345
GTEX-14PJM-0011-R7a-SM-6AJBX	Immune	0.00211036855715828
GTEX-14PJO-0011-R7a-SM-664NR	Oligo	0.601503283994821
GTEX-14PJO-0011-R7a-SM-664NR	Micro	0.0466102190401785
GTEX-14PJO-0011-R7a-SM-664NR	Astro	0.241882232304552
GTEX-14PJO-0011-R7a-SM-664NR	D1-SPN	0.00150091311554262
GTEX-14PJO-0011-R7a-SM-664NR	D2-SPN	0.0498630556938237
GTEX-14PJO-0011-R7a-SM-664NR	OPC	0.0483966643928814
GTEX-14PJO-0011-R7a-SM-664NR	Inhib	0.00830966635701623
GTEX-14PJO-0011-R7a-SM-664NR	Immune	0.00193396510118516
GTEX-14PN4-0011-R7b-SM-69LQQ	Oligo	0.532731406099972
GTEX-14PN4-0011-R7b-SM-69LQQ	Micro	0.107959595430854
GTEX-14PN4-0011-R7b-SM-69LQQ	Astro	0.112411459454969
GTEX-14PN4-0011-R7b-SM-69LQQ	D1-SPN	0
GTEX-14PN4-0011-R7b-SM-69LQQ	D2-SPN	0.148290659603608
GTEX-14PN4-0011-R7b-SM-69LQQ	OPC	0.0235522003803438
GTEX-14PN4-0011-R7b-SM-69LQQ	Inhib	0.00434365048107842
GTEX-14PN4-0011-R7b-SM-69LQQ	Immune	0.0707110285491741
GTEX-15CHQ-0011-R7b-SM-D4P1Q	Oligo	0.657901816395428
GTEX-15CHQ-0011-R7b-SM-D4P1Q	Micro	0.0216805025917502
GTEX-15CHQ-0011-R7b-SM-D4P1Q	Astro	0.170999450914336
GTEX-15CHQ-0011-R7b-SM-D4P1Q	D1-SPN	0
GTEX-15CHQ-0011-R7b-SM-D4P1Q	D2-SPN	0.120188104415315
GTEX-15CHQ-0011-R7b-SM-D4P1Q	OPC	0.0182976024997746
GTEX-15CHQ-0011-R7b-SM-D4P1Q	Inhib	0.00551788958716109
GTEX-15CHQ-0011-R7b-SM-D4P1Q	Immune	0.00541463359623502
GTEX-15DCD-0011-R7b-SM-6LPID	Oligo	0.735988844557168
GTEX-15DCD-0011-R7b-SM-6LPID	Micro	0.0457126732563581
GTEX-15DCD-0011-R7b-SM-6LPID	Astro	0.160792962876977
GTEX-15DCD-0011-R7b-SM-6LPID	D1-SPN	0
GTEX-15DCD-0011-R7b-SM-6LPID	D2-SPN	0.0135072936257861
GTEX-15DCD-0011-R7b-SM-6LPID	OPC	0.0258564583022292
GTEX-15DCD-0011-R7b-SM-6LPID	Inhib	0.00390525567088912
GTEX-15DCD-0011-R7b-SM-6LPID	Immune	0.014236511710593
GTEX-15DYW-0011-R7a-SM-7KULG	Oligo	0.837149316248915
GTEX-15DYW-0011-R7a-SM-7KULG	Micro	0.0137188685863115
GTEX-15DYW-0011-R7a-SM-7KULG	Astro	0.103992001713112
GTEX-15DYW-0011-R7a-SM-7KULG	D1-SPN	0
GTEX-15DYW-0011-R7a-SM-7KULG	D2-SPN	0.00325906437115189
GTEX-15DYW-0011-R7a-SM-7KULG	OPC	0.0251385549819899
GTEX-15DYW-0011-R7a-SM-7KULG	Inhib	0.0109936237881361
GTEX-15DYW-0011-R7a-SM-7KULG	Immune	0.00574857031038337
GTEX-15EO6-0011-R7a-SM-6M46Q	Oligo	0.394619470184332
GTEX-15EO6-0011-R7a-SM-6M46Q	Micro	0.037370220621619
GTEX-15EO6-0011-R7a-SM-6M46Q	Astro	0.473089063523363
GTEX-15EO6-0011-R7a-SM-6M46Q	D1-SPN	0.00443502274336847
GTEX-15EO6-0011-R7a-SM-6M46Q	D2-SPN	0
GTEX-15EO6-0011-R7a-SM-6M46Q	OPC	0.0619071469193588
GTEX-15EO6-0011-R7a-SM-6M46Q	Inhib	0.0179173343011992
GTEX-15EO6-0011-R7a-SM-6M46Q	Immune	0.0106617417067589
GTEX-15ER7-0011-R7a-SM-6M46N	Oligo	0.679328512747063
GTEX-15ER7-0011-R7a-SM-6M46N	Micro	0.0203254982909975
GTEX-15ER7-0011-R7a-SM-6M46N	Astro	0.183784710504329
GTEX-15ER7-0011-R7a-SM-6M46N	D1-SPN	0.0128774691708594
GTEX-15ER7-0011-R7a-SM-6M46N	D2-SPN	0.0806592302776073
GTEX-15ER7-0011-R7a-SM-6M46N	OPC	0.0142845103598109
GTEX-15ER7-0011-R7a-SM-6M46N	Inhib	0.00699809944348578
GTEX-15ER7-0011-R7a-SM-6M46N	Immune	0.00174196920584723
GTEX-15G19-0011-R7b-SM-6M479	Oligo	0.784899450085547
GTEX-15G19-0011-R7b-SM-6M479	Micro	0.0355938502947127
GTEX-15G19-0011-R7b-SM-6M479	Astro	0.132768854232452
GTEX-15G19-0011-R7b-SM-6M479	D1-SPN	0.0022730351657921
GTEX-15G19-0011-R7b-SM-6M479	D2-SPN	0
GTEX-15G19-0011-R7b-SM-6M479	OPC	0.0325380898429019
GTEX-15G19-0011-R7b-SM-6M479	Inhib	0.00609108873531428
GTEX-15G19-0011-R7b-SM-6M479	Immune	0.00583563164328033
GTEX-15RJE-0011-R7a-SM-7DHL9	Oligo	0.73653775907773
GTEX-15RJE-0011-R7a-SM-7DHL9	Micro	0.0440243900699163
GTEX-15RJE-0011-R7a-SM-7DHL9	Astro	0.10977215289449
GTEX-15RJE-0011-R7a-SM-7DHL9	D1-SPN	0.0206706413160829
GTEX-15RJE-0011-R7a-SM-7DHL9	D2-SPN	0.0618293117125838
GTEX-15RJE-0011-R7a-SM-7DHL9	OPC	0.0136598657758539
GTEX-15RJE-0011-R7a-SM-7DHL9	Inhib	0.00289632911493772
GTEX-15RJE-0011-R7a-SM-7DHL9	Immune	0.0106095500384057
GTEX-15SHU-0011-R7a-SM-GQ1DL	Oligo	0.709536604679219
GTEX-15SHU-0011-R7a-SM-GQ1DL	Micro	0.0431709034532785
GTEX-15SHU-0011-R7a-SM-GQ1DL	Astro	0.149726965033906
GTEX-15SHU-0011-R7a-SM-GQ1DL	D1-SPN	0.0137733133522461
GTEX-15SHU-0011-R7a-SM-GQ1DL	D2-SPN	0.0632892416908368
GTEX-15SHU-0011-R7a-SM-GQ1DL	OPC	0.0148063993017564
GTEX-15SHU-0011-R7a-SM-GQ1DL	Inhib	0.00500748840546835
GTEX-15SHU-0011-R7a-SM-GQ1DL	Immune	0.000689084083288756
GTEX-16GPK-0011-R7b-SM-H7OF8	Oligo	0.612520467631391
GTEX-16GPK-0011-R7b-SM-H7OF8	Micro	0.0296586447375837
GTEX-16GPK-0011-R7b-SM-H7OF8	Astro	0.301935401413774
GTEX-16GPK-0011-R7b-SM-H7OF8	D1-SPN	0.00139677216633505
GTEX-16GPK-0011-R7b-SM-H7OF8	D2-SPN	0.0001561916055052
GTEX-16GPK-0011-R7b-SM-H7OF8	OPC	0.0460337288012364
GTEX-16GPK-0011-R7b-SM-H7OF8	Inhib	0.00273208845290909
GTEX-16GPK-0011-R7b-SM-H7OF8	Immune	0.0055667051912665
GTEX-16XZZ-0011-R7b-SM-7MGVT	Oligo	0.611216647636422
GTEX-16XZZ-0011-R7b-SM-7MGVT	Micro	0.0124791805828045
GTEX-16XZZ-0011-R7b-SM-7MGVT	Astro	0.240723251199233
GTEX-16XZZ-0011-R7b-SM-7MGVT	D1-SPN	0
GTEX-16XZZ-0011-R7b-SM-7MGVT	D2-SPN	0
GTEX-16XZZ-0011-R7b-SM-7MGVT	OPC	0.119000535030942
GTEX-16XZZ-0011-R7b-SM-7MGVT	Inhib	0.00185424302946199
GTEX-16XZZ-0011-R7b-SM-7MGVT	Immune	0.0147261425211362
GTEX-16YQH-0011-R7a-SM-79ON1	Oligo	0.68917077971393
GTEX-16YQH-0011-R7a-SM-79ON1	Micro	0.0851880675825852
GTEX-16YQH-0011-R7a-SM-79ON1	Astro	0.0346443524861164
GTEX-16YQH-0011-R7a-SM-79ON1	D1-SPN	0
GTEX-16YQH-0011-R7a-SM-79ON1	D2-SPN	0.161495556543988
GTEX-16YQH-0011-R7a-SM-79ON1	OPC	0.022579496805391
GTEX-16YQH-0011-R7a-SM-79ON1	Inhib	0.00643825127007877
GTEX-16YQH-0011-R7a-SM-79ON1	Immune	0.000483495597910374
GTEX-16Z82-0011-R7a-SM-7MKGJ	Oligo	0.523986139092617
GTEX-16Z82-0011-R7a-SM-7MKGJ	Micro	0.0200877606744021
GTEX-16Z82-0011-R7a-SM-7MKGJ	Astro	0.200148183179619
GTEX-16Z82-0011-R7a-SM-7MKGJ	D1-SPN	0.000953168206698156
GTEX-16Z82-0011-R7a-SM-7MKGJ	D2-SPN	0.185435842522058
GTEX-16Z82-0011-R7a-SM-7MKGJ	OPC	0.0611517459938437
GTEX-16Z82-0011-R7a-SM-7MKGJ	Inhib	0.00425370376467839
GTEX-16Z82-0011-R7a-SM-7MKGJ	Immune	0.00398345656608318
GTEX-17EVP-0011-R7a-SM-7LTAN	Oligo	0.655449858728365
GTEX-17EVP-0011-R7a-SM-7LTAN	Micro	0.0476845889403667
GTEX-17EVP-0011-R7a-SM-7LTAN	Astro	0.114829022476307
GTEX-17EVP-0011-R7a-SM-7LTAN	D1-SPN	0
GTEX-17EVP-0011-R7a-SM-7LTAN	D2-SPN	0.158920870672845
GTEX-17EVP-0011-R7a-SM-7LTAN	OPC	0.0150321949187097
GTEX-17EVP-0011-R7a-SM-7LTAN	Inhib	0.00792810757237181
GTEX-17EVP-0011-R7a-SM-7LTAN	Immune	0.00015535669103498
GTEX-17EVQ-0011-R7a-SM-7EWDA	Oligo	0.709204748352174
GTEX-17EVQ-0011-R7a-SM-7EWDA	Micro	0.0440629043517211
GTEX-17EVQ-0011-R7a-SM-7EWDA	Astro	0.105439286195758
GTEX-17EVQ-0011-R7a-SM-7EWDA	D1-SPN	0.00113317852424385
GTEX-17EVQ-0011-R7a-SM-7EWDA	D2-SPN	0
GTEX-17EVQ-0011-R7a-SM-7EWDA	OPC	0.0715004269383595
GTEX-17EVQ-0011-R7a-SM-7EWDA	Inhib	0.000253633157099871
GTEX-17EVQ-0011-R7a-SM-7EWDA	Immune	0.0684058224806438
GTEX-17F97-0011-R7b-SM-7MGVY	Oligo	0.675279289791733
GTEX-17F97-0011-R7b-SM-7MGVY	Micro	0.055248935176658
GTEX-17F97-0011-R7b-SM-7MGVY	Astro	0.166616684917396
GTEX-17F97-0011-R7b-SM-7MGVY	D1-SPN	0
GTEX-17F97-0011-R7b-SM-7MGVY	D2-SPN	0.0664010651393248
GTEX-17F97-0011-R7b-SM-7MGVY	OPC	0.02038913407239
GTEX-17F97-0011-R7b-SM-7MGVY	Inhib	0.00824731366595538
GTEX-17F97-0011-R7b-SM-7MGVY	Immune	0.00781757723654312
GTEX-17HG3-0011-R7b-SM-7EPGR	Oligo	0.656238830370276
GTEX-17HG3-0011-R7b-SM-7EPGR	Micro	0.0325734667115528
GTEX-17HG3-0011-R7b-SM-7EPGR	Astro	0.263815341087822
GTEX-17HG3-0011-R7b-SM-7EPGR	D1-SPN	0.00348661993205792
GTEX-17HG3-0011-R7b-SM-7EPGR	D2-SPN	0.00590072915715098
GTEX-17HG3-0011-R7b-SM-7EPGR	OPC	0.0277251594117739
GTEX-17HG3-0011-R7b-SM-7EPGR	Inhib	0.0075259917015039
GTEX-17HG3-0011-R7b-SM-7EPGR	Immune	0.00273386162786258
GTEX-17HHY-0011-R7a-SM-718A1	Oligo	0.736732300507683
GTEX-17HHY-0011-R7a-SM-718A1	Micro	0.0219559101923648
GTEX-17HHY-0011-R7a-SM-718A1	Astro	0.219565430986507
GTEX-17HHY-0011-R7a-SM-718A1	D1-SPN	0
GTEX-17HHY-0011-R7a-SM-718A1	D2-SPN	0.00069985593572659
GTEX-17HHY-0011-R7a-SM-718A1	OPC	0.0177905929453879
GTEX-17HHY-0011-R7a-SM-718A1	Inhib	0.000728419635661692
GTEX-17HHY-0011-R7a-SM-718A1	Immune	0.00252748979666903
GTEX-17HII-0011-R7a-SM-79OMS	Oligo	0.544880460281647
GTEX-17HII-0011-R7a-SM-79OMS	Micro	0.0326489044039445
GTEX-17HII-0011-R7a-SM-79OMS	Astro	0.364503061153002
GTEX-17HII-0011-R7a-SM-79OMS	D1-SPN	0
GTEX-17HII-0011-R7a-SM-79OMS	D2-SPN	0
GTEX-17HII-0011-R7a-SM-79OMS	OPC	0.0466359822998701
GTEX-17HII-0011-R7a-SM-79OMS	Inhib	0
GTEX-17HII-0011-R7a-SM-79OMS	Immune	0.0113315918615365
GTEX-17MF6-0011-R7b-SM-7LG6J	Oligo	0.764212505019603
GTEX-17MF6-0011-R7b-SM-7LG6J	Micro	0.0252578681685662
GTEX-17MF6-0011-R7b-SM-7LG6J	Astro	0.186777593654457
GTEX-17MF6-0011-R7b-SM-7LG6J	D1-SPN	0
GTEX-17MF6-0011-R7b-SM-7LG6J	D2-SPN	0.00129437836624757
GTEX-17MF6-0011-R7b-SM-7LG6J	OPC	0.0205272711991294
GTEX-17MF6-0011-R7b-SM-7LG6J	Inhib	0
GTEX-17MF6-0011-R7b-SM-7LG6J	Immune	0.00193038359199667
GTEX-183WM-0011-R7b-SM-731AX	Oligo	0.74624656343904
GTEX-183WM-0011-R7b-SM-731AX	Micro	0.0469550801877247
GTEX-183WM-0011-R7b-SM-731AX	Astro	0.150993908966513
GTEX-183WM-0011-R7b-SM-731AX	D1-SPN	0.00444384154385951
GTEX-183WM-0011-R7b-SM-731AX	D2-SPN	0
GTEX-183WM-0011-R7b-SM-731AX	OPC	0.0194446188515696
GTEX-183WM-0011-R7b-SM-731AX	Inhib	0.00224718105281478
GTEX-183WM-0011-R7b-SM-731AX	Immune	0.029668805958479
GTEX-18465-0011-R7b-SM-7LG6V	Oligo	0.703482837119341
GTEX-18465-0011-R7b-SM-7LG6V	Micro	0.0116116937403037
GTEX-18465-0011-R7b-SM-7LG6V	Astro	0.225657438995609
GTEX-18465-0011-R7b-SM-7LG6V	D1-SPN	0.000893417023063125
GTEX-18465-0011-R7b-SM-7LG6V	D2-SPN	0.00215647363450363
GTEX-18465-0011-R7b-SM-7LG6V	OPC	0.0387598546039755
GTEX-18465-0011-R7b-SM-7LG6V	Inhib	0.00878708002437422
GTEX-18465-0011-R7b-SM-7LG6V	Immune	0.00865120485883031
GTEX-1A3MX-0011-R7a-SM-7DUEM	Oligo	0.682732332099744
GTEX-1A3MX-0011-R7a-SM-7DUEM	Micro	0.0437288165898464
GTEX-1A3MX-0011-R7a-SM-7DUEM	Astro	0.225688001046076
GTEX-1A3MX-0011-R7a-SM-7DUEM	D1-SPN	0.00217452059741902
GTEX-1A3MX-0011-R7a-SM-7DUEM	D2-SPN	0.0100184337186425
GTEX-1A3MX-0011-R7a-SM-7DUEM	OPC	0.0168239136870166
GTEX-1A3MX-0011-R7a-SM-7DUEM	Inhib	0.00331039231102219
GTEX-1A3MX-0011-R7a-SM-7DUEM	Immune	0.0155235899502336
GTEX-1A8G6-0011-R7b-SM-7MXTV	Oligo	0.677505865623923
GTEX-1A8G6-0011-R7b-SM-7MXTV	Micro	0.0159958556584363
GTEX-1A8G6-0011-R7b-SM-7MXTV	Astro	0.275793618284126
GTEX-1A8G6-0011-R7b-SM-7MXTV	D1-SPN	0.000812728078774247
GTEX-1A8G6-0011-R7b-SM-7MXTV	D2-SPN	0
GTEX-1A8G6-0011-R7b-SM-7MXTV	OPC	0.0169592786909302
GTEX-1A8G6-0011-R7b-SM-7MXTV	Inhib	0.00107811816142041
GTEX-1A8G6-0011-R7b-SM-7MXTV	Immune	0.0118545355023898
GTEX-1AX9I-0011-R7b-SM-7P8Q3	Oligo	0.847330175803726
GTEX-1AX9I-0011-R7b-SM-7P8Q3	Micro	0.0117680336586268
GTEX-1AX9I-0011-R7b-SM-7P8Q3	Astro	0.024330862126656
GTEX-1AX9I-0011-R7b-SM-7P8Q3	D1-SPN	0
GTEX-1AX9I-0011-R7b-SM-7P8Q3	D2-SPN	0.0994554775252448
GTEX-1AX9I-0011-R7b-SM-7P8Q3	OPC	0.00668191448509315
GTEX-1AX9I-0011-R7b-SM-7P8Q3	Inhib	0.00503465214949564
GTEX-1AX9I-0011-R7b-SM-7P8Q3	Immune	0.00539888425115732
GTEX-1B8L1-0011-R7b-SM-9OSVK	Oligo	0.694950697678683
GTEX-1B8L1-0011-R7b-SM-9OSVK	Micro	0.0413374435057589
GTEX-1B8L1-0011-R7b-SM-9OSVK	Astro	0.145852176685985
GTEX-1B8L1-0011-R7b-SM-9OSVK	D1-SPN	0
GTEX-1B8L1-0011-R7b-SM-9OSVK	D2-SPN	0.0907883153396279
GTEX-1B8L1-0011-R7b-SM-9OSVK	OPC	0.0163256308798366
GTEX-1B8L1-0011-R7b-SM-9OSVK	Inhib	0.0101578741694502
GTEX-1B8L1-0011-R7b-SM-9OSVK	Immune	0.000587861740657969
GTEX-1B8SF-0011-R7b-SM-9OSVM	Oligo	0.568551536197592
GTEX-1B8SF-0011-R7b-SM-9OSVM	Micro	0.0791469411251894
GTEX-1B8SF-0011-R7b-SM-9OSVM	Astro	0.22140680818531
GTEX-1B8SF-0011-R7b-SM-9OSVM	D1-SPN	0.00051876325978719
GTEX-1B8SF-0011-R7b-SM-9OSVM	D2-SPN	0.0644885410702549
GTEX-1B8SF-0011-R7b-SM-9OSVM	OPC	0.0535515225425542
GTEX-1B8SF-0011-R7b-SM-9OSVM	Inhib	0.00848934127919236
GTEX-1B8SF-0011-R7b-SM-9OSVM	Immune	0.0038465463401201
GTEX-1B933-0011-R7a-SM-7DUGX	Oligo	0.579380385393832
GTEX-1B933-0011-R7a-SM-7DUGX	Micro	0.0288069053033613
GTEX-1B933-0011-R7a-SM-7DUGX	Astro	0.19713914581526
GTEX-1B933-0011-R7a-SM-7DUGX	D1-SPN	0.0121567535313279
GTEX-1B933-0011-R7a-SM-7DUGX	D2-SPN	0.138529496512193
GTEX-1B933-0011-R7a-SM-7DUGX	OPC	0.0150600271779412
GTEX-1B933-0011-R7a-SM-7DUGX	Inhib	0.00412356430566902
GTEX-1B933-0011-R7a-SM-7DUGX	Immune	0.0248037219604155
GTEX-1B996-0011-R7b-SM-7IGNT	Oligo	0.787616434396778
GTEX-1B996-0011-R7b-SM-7IGNT	Micro	0.0118953039162948
GTEX-1B996-0011-R7b-SM-7IGNT	Astro	0.0931134950314361
GTEX-1B996-0011-R7b-SM-7IGNT	D1-SPN	0
GTEX-1B996-0011-R7b-SM-7IGNT	D2-SPN	0.0859285800780333
GTEX-1B996-0011-R7b-SM-7IGNT	OPC	0.0162943844052172
GTEX-1B996-0011-R7b-SM-7IGNT	Inhib	0.00483155444100442
GTEX-1B996-0011-R7b-SM-7IGNT	Immune	0.000320247731236177
GTEX-1C64N-0011-R7a-SM-7IGOI	Oligo	0.469317926676704
GTEX-1C64N-0011-R7a-SM-7IGOI	Micro	0.0447447262159687
GTEX-1C64N-0011-R7a-SM-7IGOI	Astro	0.457675792935354
GTEX-1C64N-0011-R7a-SM-7IGOI	D1-SPN	0.00688374276466494
GTEX-1C64N-0011-R7a-SM-7IGOI	D2-SPN	0
GTEX-1C64N-0011-R7a-SM-7IGOI	OPC	0.0153044650054942
GTEX-1C64N-0011-R7a-SM-7IGOI	Inhib	0
GTEX-1C64N-0011-R7a-SM-7IGOI	Immune	0.00607334640181414
GTEX-1C6WA-0011-R7b-SM-7P8S8	Oligo	0.810721734726231
GTEX-1C6WA-0011-R7b-SM-7P8S8	Micro	0.0797950081805624
GTEX-1C6WA-0011-R7b-SM-7P8S8	Astro	0.00254026632631359
GTEX-1C6WA-0011-R7b-SM-7P8S8	D1-SPN	0.0011989162907826
GTEX-1C6WA-0011-R7b-SM-7P8S8	D2-SPN	0.0798883587261104
GTEX-1C6WA-0011-R7b-SM-7P8S8	OPC	0.0101827040037074
GTEX-1C6WA-0011-R7b-SM-7P8S8	Inhib	0.00261030717383601
GTEX-1C6WA-0011-R7b-SM-7P8S8	Immune	0.0130627045724565
GTEX-1CB4G-0011-R7b-SM-9QEGP	Oligo	0.666003933235009
GTEX-1CB4G-0011-R7b-SM-9QEGP	Micro	0.0464667919508241
GTEX-1CB4G-0011-R7b-SM-9QEGP	Astro	0.191660023747205
GTEX-1CB4G-0011-R7b-SM-9QEGP	D1-SPN	0
GTEX-1CB4G-0011-R7b-SM-9QEGP	D2-SPN	0.0458199556065149
GTEX-1CB4G-0011-R7b-SM-9QEGP	OPC	0.0300351500442805
GTEX-1CB4G-0011-R7b-SM-9QEGP	Inhib	0.00772435855733477
GTEX-1CB4G-0011-R7b-SM-9QEGP	Immune	0.0122897868588323
GTEX-1CB4H-0011-R7b-SM-CJI27	Oligo	0.672952825050971
GTEX-1CB4H-0011-R7b-SM-CJI27	Micro	0.00390256636766867
GTEX-1CB4H-0011-R7b-SM-CJI27	Astro	0.282399163346222
GTEX-1CB4H-0011-R7b-SM-CJI27	D1-SPN	0.000795744976310318
GTEX-1CB4H-0011-R7b-SM-CJI27	D2-SPN	0
GTEX-1CB4H-0011-R7b-SM-CJI27	OPC	0.029894350006165
GTEX-1CB4H-0011-R7b-SM-CJI27	Inhib	0.00264689983480192
GTEX-1CB4H-0011-R7b-SM-CJI27	Immune	0.00740845041786063
GTEX-1E1VI-0011-R7b-SM-9QEGR	Oligo	0.641090143687539
GTEX-1E1VI-0011-R7b-SM-9QEGR	Micro	0.0102332504483047
GTEX-1E1VI-0011-R7b-SM-9QEGR	Astro	0.315390407180581
GTEX-1E1VI-0011-R7b-SM-9QEGR	D1-SPN	0
GTEX-1E1VI-0011-R7b-SM-9QEGR	D2-SPN	0.00250845676908886
GTEX-1E1VI-0011-R7b-SM-9QEGR	OPC	0.024981096660325
GTEX-1E1VI-0011-R7b-SM-9QEGR	Inhib	0.00117885448757781
GTEX-1E1VI-0011-R7b-SM-9QEGR	Immune	0.00461779076658335
GTEX-1E2YA-0011-R7a-SM-CJI1Z	Oligo	0.808663165859892
GTEX-1E2YA-0011-R7a-SM-CJI1Z	Micro	0.0151305587453763
GTEX-1E2YA-0011-R7a-SM-CJI1Z	Astro	0.15701983194887
GTEX-1E2YA-0011-R7a-SM-CJI1Z	D1-SPN	0
GTEX-1E2YA-0011-R7a-SM-CJI1Z	D2-SPN	0
GTEX-1E2YA-0011-R7a-SM-CJI1Z	OPC	0.0162831042770011
GTEX-1E2YA-0011-R7a-SM-CJI1Z	Inhib	0
GTEX-1E2YA-0011-R7a-SM-CJI1Z	Immune	0.00290333916886029
GTEX-1EH9U-0011-R7a-SM-9QEGU	Oligo	0.552685071768058
GTEX-1EH9U-0011-R7a-SM-9QEGU	Micro	0.00279467271848962
GTEX-1EH9U-0011-R7a-SM-9QEGU	Astro	0.390714051020362
GTEX-1EH9U-0011-R7a-SM-9QEGU	D1-SPN	0
GTEX-1EH9U-0011-R7a-SM-9QEGU	D2-SPN	0
GTEX-1EH9U-0011-R7a-SM-9QEGU	OPC	0.0335585265961964
GTEX-1EH9U-0011-R7a-SM-9QEGU	Inhib	0.00185551209972945
GTEX-1EH9U-0011-R7a-SM-9QEGU	Immune	0.0183921657971652
GTEX-1EKGG-0011-R7a-SM-CKZNN	Oligo	0.665972601211504
GTEX-1EKGG-0011-R7a-SM-CKZNN	Micro	0.0398731020250713
GTEX-1EKGG-0011-R7a-SM-CKZNN	Astro	0.234308007154883
GTEX-1EKGG-0011-R7a-SM-CKZNN	D1-SPN	0.0127750823924729
GTEX-1EKGG-0011-R7a-SM-CKZNN	D2-SPN	0
GTEX-1EKGG-0011-R7a-SM-CKZNN	OPC	0.0340967421857788
GTEX-1EKGG-0011-R7a-SM-CKZNN	Inhib	0.00882476267859076
GTEX-1EKGG-0011-R7a-SM-CKZNN	Immune	0.00414970235169951
GTEX-1EMGI-0011-R7b-SM-9QEH5	Oligo	0.736774541648549
GTEX-1EMGI-0011-R7b-SM-9QEH5	Micro	0.0571890013960051
GTEX-1EMGI-0011-R7b-SM-9QEH5	Astro	0.0959269739748933
GTEX-1EMGI-0011-R7b-SM-9QEH5	D1-SPN	0.000697247733192909
GTEX-1EMGI-0011-R7b-SM-9QEH5	D2-SPN	0.0806163990314222
GTEX-1EMGI-0011-R7b-SM-9QEH5	OPC	0.0126238745437342
GTEX-1EMGI-0011-R7b-SM-9QEH5	Inhib	0.00713762315242609
GTEX-1EMGI-0011-R7b-SM-9QEH5	Immune	0.00903433851977768
GTEX-1EN7A-0011-R7b-SM-9QEHX	Oligo	0.747857947887791
GTEX-1EN7A-0011-R7b-SM-9QEHX	Micro	0.00436579128361796
GTEX-1EN7A-0011-R7b-SM-9QEHX	Astro	0.22901004656527
GTEX-1EN7A-0011-R7b-SM-9QEHX	D1-SPN	0.00134347482222853
GTEX-1EN7A-0011-R7b-SM-9QEHX	D2-SPN	0
GTEX-1EN7A-0011-R7b-SM-9QEHX	OPC	0.0156613942232317
GTEX-1EN7A-0011-R7b-SM-9QEHX	Inhib	0.000302105416223615
GTEX-1EN7A-0011-R7b-SM-9QEHX	Immune	0.00145923980163777
GTEX-1EU9M-0011-R7b-SM-9OSVU	Oligo	0.654052880413955
GTEX-1EU9M-0011-R7b-SM-9OSVU	Micro	0.0049765482586077
GTEX-1EU9M-0011-R7b-SM-9OSVU	Astro	0.273749928007991
GTEX-1EU9M-0011-R7b-SM-9OSVU	D1-SPN	0.000870785633182849
GTEX-1EU9M-0011-R7b-SM-9OSVU	D2-SPN	0
GTEX-1EU9M-0011-R7b-SM-9OSVU	OPC	0.0321579568543125
GTEX-1EU9M-0011-R7b-SM-9OSVU	Inhib	0.000274536659763497
GTEX-1EU9M-0011-R7b-SM-9OSVU	Immune	0.0339173641721875
GTEX-1EX96-0011-R7a-SM-9OSVW	Oligo	0.730690238631869
GTEX-1EX96-0011-R7a-SM-9OSVW	Micro	0.0252361997165049
GTEX-1EX96-0011-R7a-SM-9OSVW	Astro	0.203897926140379
GTEX-1EX96-0011-R7a-SM-9OSVW	D1-SPN	0.0011381576420105
GTEX-1EX96-0011-R7a-SM-9OSVW	D2-SPN	0.00830938323719215
GTEX-1EX96-0011-R7a-SM-9OSVW	OPC	0.0194180520914504
GTEX-1EX96-0011-R7a-SM-9OSVW	Inhib	0.00646608978331815
GTEX-1EX96-0011-R7a-SM-9OSVW	Immune	0.00484395275727614
GTEX-1F48J-0011-R7a-SM-CJI2G	Oligo	0.773728748752555
GTEX-1F48J-0011-R7a-SM-CJI2G	Micro	0.0406073363444271
GTEX-1F48J-0011-R7a-SM-CJI2G	Astro	0.153432238131075
GTEX-1F48J-0011-R7a-SM-CJI2G	D1-SPN	0.000942691019449994
GTEX-1F48J-0011-R7a-SM-CJI2G	D2-SPN	0.000420402992526863
GTEX-1F48J-0011-R7a-SM-CJI2G	OPC	0.0144376038402885
GTEX-1F48J-0011-R7a-SM-CJI2G	Inhib	0.00131108080407864
GTEX-1F48J-0011-R7a-SM-CJI2G	Immune	0.0151198981155988
GTEX-1F52S-0011-R7b-SM-9QEH8	Oligo	0.55325506922353
GTEX-1F52S-0011-R7b-SM-9QEH8	Micro	0.0149210239667093
GTEX-1F52S-0011-R7b-SM-9QEH8	Astro	0.35187360449176
GTEX-1F52S-0011-R7b-SM-9QEH8	D1-SPN	0.00441361301278721
GTEX-1F52S-0011-R7b-SM-9QEH8	D2-SPN	0
GTEX-1F52S-0011-R7b-SM-9QEH8	OPC	0.0680146249716878
GTEX-1F52S-0011-R7b-SM-9QEH8	Inhib	0.00364644579178642
GTEX-1F52S-0011-R7b-SM-9QEH8	Immune	0.0038756185417394
GTEX-1F6I4-0011-R7a-SM-CJI24	Oligo	0.579030851639018
GTEX-1F6I4-0011-R7a-SM-CJI24	Micro	0.0183423507378869
GTEX-1F6I4-0011-R7a-SM-CJI24	Astro	0.353801548163171
GTEX-1F6I4-0011-R7a-SM-CJI24	D1-SPN	0.000735353882839276
GTEX-1F6I4-0011-R7a-SM-CJI24	D2-SPN	0
GTEX-1F6I4-0011-R7a-SM-CJI24	OPC	0.0339738424551731
GTEX-1F6I4-0011-R7a-SM-CJI24	Inhib	0.000517597710042725
GTEX-1F6I4-0011-R7a-SM-CJI24	Immune	0.0135984554118692
GTEX-1F75A-0011-R7b-SM-9QEHE	Oligo	0.746270206098336
GTEX-1F75A-0011-R7b-SM-9QEHE	Micro	0.00622763439217724
GTEX-1F75A-0011-R7b-SM-9QEHE	Astro	0.131198643305619
GTEX-1F75A-0011-R7b-SM-9QEHE	D1-SPN	0
GTEX-1F75A-0011-R7b-SM-9QEHE	D2-SPN	0.102816677805136
GTEX-1F75A-0011-R7b-SM-9QEHE	OPC	0.00714386272700525
GTEX-1F75A-0011-R7b-SM-9QEHE	Inhib	0.00503524513732766
GTEX-1F75A-0011-R7b-SM-9QEHE	Immune	0.00130773053439905
GTEX-1F75B-0011-R7a-SM-ARU84	Oligo	0.496499180150568
GTEX-1F75B-0011-R7a-SM-ARU84	Micro	0.00394588258878887
GTEX-1F75B-0011-R7a-SM-ARU84	Astro	0.458874919797196
GTEX-1F75B-0011-R7a-SM-ARU84	D1-SPN	0
GTEX-1F75B-0011-R7a-SM-ARU84	D2-SPN	0
GTEX-1F75B-0011-R7a-SM-ARU84	OPC	0.0376001985410115
GTEX-1F75B-0011-R7a-SM-ARU84	Inhib	0.000816194413589798
GTEX-1F75B-0011-R7a-SM-ARU84	Immune	0.00226362450884576
GTEX-1F75W-0011-R7a-SM-9QEI6	Oligo	0.696641742784858
GTEX-1F75W-0011-R7a-SM-9QEI6	Micro	0.0490377768588609
GTEX-1F75W-0011-R7a-SM-9QEI6	Astro	0.192925749994439
GTEX-1F75W-0011-R7a-SM-9QEI6	D1-SPN	0
GTEX-1F75W-0011-R7a-SM-9QEI6	D2-SPN	0.0138321219438458
GTEX-1F75W-0011-R7a-SM-9QEI6	OPC	0.0313575460160088
GTEX-1F75W-0011-R7a-SM-9QEI6	Inhib	0.00466224557333074
GTEX-1F75W-0011-R7a-SM-9QEI6	Immune	0.0115428168286566
GTEX-1GF9V-0011-R7a-SM-CJI2R	Oligo	0.740605596043638
GTEX-1GF9V-0011-R7a-SM-CJI2R	Micro	0.0289873668727431
GTEX-1GF9V-0011-R7a-SM-CJI2R	Astro	0.183800234831103
GTEX-1GF9V-0011-R7a-SM-CJI2R	D1-SPN	0.000863859130606664
GTEX-1GF9V-0011-R7a-SM-CJI2R	D2-SPN	0.000985575926562198
GTEX-1GF9V-0011-R7a-SM-CJI2R	OPC	0.0309153846365887
GTEX-1GF9V-0011-R7a-SM-CJI2R	Inhib	0.00534047347074003
GTEX-1GF9V-0011-R7a-SM-CJI2R	Immune	0.00850150908801875
GTEX-1GF9W-0011-R7b-SM-9QEIF	Oligo	0.609184825592922
GTEX-1GF9W-0011-R7b-SM-9QEIF	Micro	0.0369016375822748
GTEX-1GF9W-0011-R7b-SM-9QEIF	Astro	0.259960659416217
GTEX-1GF9W-0011-R7b-SM-9QEIF	D1-SPN	0.00162662825452219
GTEX-1GF9W-0011-R7b-SM-9QEIF	D2-SPN	0.0442454610231394
GTEX-1GF9W-0011-R7b-SM-9QEIF	OPC	0.0342855773559726
GTEX-1GF9W-0011-R7b-SM-9QEIF	Inhib	0.0111374670718352
GTEX-1GF9W-0011-R7b-SM-9QEIF	Immune	0.00265774370311725
GTEX-1GMR8-0011-R7b-SM-CJI2I	Oligo	0.650006308925517
GTEX-1GMR8-0011-R7b-SM-CJI2I	Micro	0.0241713715941792
GTEX-1GMR8-0011-R7b-SM-CJI2I	Astro	0.279573981410307
GTEX-1GMR8-0011-R7b-SM-CJI2I	D1-SPN	0
GTEX-1GMR8-0011-R7b-SM-CJI2I	D2-SPN	0.000131408488801391
GTEX-1GMR8-0011-R7b-SM-CJI2I	OPC	0.0414232597292804
GTEX-1GMR8-0011-R7b-SM-CJI2I	Inhib	0.00348200857126347
GTEX-1GMR8-0011-R7b-SM-CJI2I	Immune	0.00121166128065174
GTEX-1GMRU-0011-R7b-SM-A96TJ	Oligo	0.807415584246223
GTEX-1GMRU-0011-R7b-SM-A96TJ	Micro	0.00466731482189265
GTEX-1GMRU-0011-R7b-SM-A96TJ	Astro	0.160336509684338
GTEX-1GMRU-0011-R7b-SM-A96TJ	D1-SPN	0.000482405324937704
GTEX-1GMRU-0011-R7b-SM-A96TJ	D2-SPN	0.000690480887875601
GTEX-1GMRU-0011-R7b-SM-A96TJ	OPC	0.0196257609788335
GTEX-1GMRU-0011-R7b-SM-A96TJ	Inhib	0.00276084782136847
GTEX-1GMRU-0011-R7b-SM-A96TJ	Immune	0.00402109623453114
GTEX-1GN1U-0011-R7a-SM-CE6RE	Oligo	0.473957668103407
GTEX-1GN1U-0011-R7a-SM-CE6RE	Micro	0.12638893660175
GTEX-1GN1U-0011-R7a-SM-CE6RE	Astro	0.092309480404226
GTEX-1GN1U-0011-R7a-SM-CE6RE	D1-SPN	0.0257223458991257
GTEX-1GN1U-0011-R7a-SM-CE6RE	D2-SPN	0.117868554924032
GTEX-1GN1U-0011-R7a-SM-CE6RE	OPC	0.0414704999985414
GTEX-1GN1U-0011-R7a-SM-CE6RE	Inhib	0
GTEX-1GN1U-0011-R7a-SM-CE6RE	Immune	0.122282514068917
GTEX-1GN2E-0011-R7b-SM-9QEIJ	Oligo	0.656175920864771
GTEX-1GN2E-0011-R7b-SM-9QEIJ	Micro	0.0231807801765284
GTEX-1GN2E-0011-R7b-SM-9QEIJ	Astro	0.291133581590002
GTEX-1GN2E-0011-R7b-SM-9QEIJ	D1-SPN	0.00132316881688474
GTEX-1GN2E-0011-R7b-SM-9QEIJ	D2-SPN	0.000108805962621963
GTEX-1GN2E-0011-R7b-SM-9QEIJ	OPC	0.0213811756399655
GTEX-1GN2E-0011-R7b-SM-9QEIJ	Inhib	0.00311549789893067
GTEX-1GN2E-0011-R7b-SM-9QEIJ	Immune	0.00358106905029534
GTEX-1GN73-0011-R7a-SM-CJI2U	Oligo	0.854575239421424
GTEX-1GN73-0011-R7a-SM-CJI2U	Micro	0.0151146866424379
GTEX-1GN73-0011-R7a-SM-CJI2U	Astro	0.0537323039404175
GTEX-1GN73-0011-R7a-SM-CJI2U	D1-SPN	0
GTEX-1GN73-0011-R7a-SM-CJI2U	D2-SPN	0.0607913696031003
GTEX-1GN73-0011-R7a-SM-CJI2U	OPC	0.00866564072308225
GTEX-1GN73-0011-R7a-SM-CJI2U	Inhib	0.00454043266894868
GTEX-1GN73-0011-R7a-SM-CJI2U	Immune	0.0025803270005899
GTEX-1GTWX-0011-R7a-SM-A96RO	Oligo	0.718625222783215
GTEX-1GTWX-0011-R7a-SM-A96RO	Micro	0.0259156795855289
GTEX-1GTWX-0011-R7a-SM-A96RO	Astro	0.184330619126347
GTEX-1GTWX-0011-R7a-SM-A96RO	D1-SPN	0.00588676439215211
GTEX-1GTWX-0011-R7a-SM-A96RO	D2-SPN	0.0484697656095689
GTEX-1GTWX-0011-R7a-SM-A96RO	OPC	0.0115504240950237
GTEX-1GTWX-0011-R7a-SM-A96RO	Inhib	0.00520433933773108
GTEX-1GTWX-0011-R7a-SM-A96RO	Immune	1.71850704335706e-05
GTEX-1GZ2Q-0011-R7b-SM-9OSWN	Oligo	0.751855679712793
GTEX-1GZ2Q-0011-R7b-SM-9OSWN	Micro	0.00185294473892351
GTEX-1GZ2Q-0011-R7b-SM-9OSWN	Astro	0.227916670509354
GTEX-1GZ2Q-0011-R7b-SM-9OSWN	D1-SPN	0.000912093266475453
GTEX-1GZ2Q-0011-R7b-SM-9OSWN	D2-SPN	0
GTEX-1GZ2Q-0011-R7b-SM-9OSWN	OPC	0.0140551555428967
GTEX-1GZ2Q-0011-R7b-SM-9OSWN	Inhib	0.000697401894776832
GTEX-1GZ2Q-0011-R7b-SM-9OSWN	Immune	0.00271005433478044
GTEX-1GZ4I-0011-R7b-SM-ARU71	Oligo	0.602835677492659
GTEX-1GZ4I-0011-R7b-SM-ARU71	Micro	0.0265388110764272
GTEX-1GZ4I-0011-R7b-SM-ARU71	Astro	0.311520754717846
GTEX-1GZ4I-0011-R7b-SM-ARU71	D1-SPN	0
GTEX-1GZ4I-0011-R7b-SM-ARU71	D2-SPN	0.00362980274102865
GTEX-1GZ4I-0011-R7b-SM-ARU71	OPC	0.0473331484467978
GTEX-1GZ4I-0011-R7b-SM-ARU71	Inhib	0.00602974438814802
GTEX-1GZ4I-0011-R7b-SM-ARU71	Immune	0.00211206113709356
GTEX-1H1CY-0011-R7a-SM-CJI32	Oligo	0.743482852099749
GTEX-1H1CY-0011-R7a-SM-CJI32	Micro	0.0048785797484144
GTEX-1H1CY-0011-R7a-SM-CJI32	Astro	0.21343989089871
GTEX-1H1CY-0011-R7a-SM-CJI32	D1-SPN	0.00135432836942553
GTEX-1H1CY-0011-R7a-SM-CJI32	D2-SPN	0
GTEX-1H1CY-0011-R7a-SM-CJI32	OPC	0.0303016942076419
GTEX-1H1CY-0011-R7a-SM-CJI32	Inhib	0.00112927014502946
GTEX-1H1CY-0011-R7a-SM-CJI32	Immune	0.00541338453102968
GTEX-1H1DG-0011-R7b-SM-A96RR	Oligo	0.576389100990334
GTEX-1H1DG-0011-R7b-SM-A96RR	Micro	0.0363746630696228
GTEX-1H1DG-0011-R7b-SM-A96RR	Astro	0.309139692746695
GTEX-1H1DG-0011-R7b-SM-A96RR	D1-SPN	0.0130512271814921
GTEX-1H1DG-0011-R7b-SM-A96RR	D2-SPN	0.00928402016080092
GTEX-1H1DG-0011-R7b-SM-A96RR	OPC	0.0358525286566655
GTEX-1H1DG-0011-R7b-SM-A96RR	Inhib	0.000602587699299916
GTEX-1H1DG-0011-R7b-SM-A96RR	Immune	0.0193061794950897
GTEX-1H1ZS-0011-R7a-SM-CL54P	Oligo	0.666618666573019
GTEX-1H1ZS-0011-R7a-SM-CL54P	Micro	0.0252968401534403
GTEX-1H1ZS-0011-R7a-SM-CL54P	Astro	0.28166018154918
GTEX-1H1ZS-0011-R7a-SM-CL54P	D1-SPN	0
GTEX-1H1ZS-0011-R7a-SM-CL54P	D2-SPN	0.000874052124791001
GTEX-1H1ZS-0011-R7a-SM-CL54P	OPC	0.0189025142784011
GTEX-1H1ZS-0011-R7a-SM-CL54P	Inhib	0.00565407758429039
GTEX-1H1ZS-0011-R7a-SM-CL54P	Immune	0.000993667736878461
GTEX-1H23P-0011-R7b-SM-CKZP2	Oligo	0.731125525597766
GTEX-1H23P-0011-R7b-SM-CKZP2	Micro	0.00317737130586811
GTEX-1H23P-0011-R7b-SM-CKZP2	Astro	0.216547638289576
GTEX-1H23P-0011-R7b-SM-CKZP2	D1-SPN	0.00116076769308795
GTEX-1H23P-0011-R7b-SM-CKZP2	D2-SPN	0
GTEX-1H23P-0011-R7b-SM-CKZP2	OPC	0.0451423321863779
GTEX-1H23P-0011-R7b-SM-CKZP2	Inhib	0.000935817169636721
GTEX-1H23P-0011-R7b-SM-CKZP2	Immune	0.00191054775768737
GTEX-1H3NZ-0011-R7a-SM-A9SKD	Oligo	0.719474194423098
GTEX-1H3NZ-0011-R7a-SM-A9SKD	Micro	0.0275368727508403
GTEX-1H3NZ-0011-R7a-SM-A9SKD	Astro	0.178780441123317
GTEX-1H3NZ-0011-R7a-SM-A9SKD	D1-SPN	0.00813498288913661
GTEX-1H3NZ-0011-R7a-SM-A9SKD	D2-SPN	0.0421317261890747
GTEX-1H3NZ-0011-R7a-SM-A9SKD	OPC	0.0180111721345835
GTEX-1H3NZ-0011-R7a-SM-A9SKD	Inhib	0.00481404413332094
GTEX-1H3NZ-0011-R7a-SM-A9SKD	Immune	0.00111656635662884
GTEX-1H3O1-0011-R7a-SM-CE6SJ	Oligo	0.472559829267875
GTEX-1H3O1-0011-R7a-SM-CE6SJ	Micro	0.0627793253002814
GTEX-1H3O1-0011-R7a-SM-CE6SJ	Astro	0.311151352408524
GTEX-1H3O1-0011-R7a-SM-CE6SJ	D1-SPN	0
GTEX-1H3O1-0011-R7a-SM-CE6SJ	D2-SPN	0.123381623072112
GTEX-1H3O1-0011-R7a-SM-CE6SJ	OPC	0.0195137164599277
GTEX-1H3O1-0011-R7a-SM-CE6SJ	Inhib	0.0081580182132708
GTEX-1H3O1-0011-R7a-SM-CE6SJ	Immune	0.00245613527800962
GTEX-1H3VE-0011-R7b-SM-CE6S9	Oligo	0.438602036138812
GTEX-1H3VE-0011-R7b-SM-CE6S9	Micro	0.00406022194138301
GTEX-1H3VE-0011-R7b-SM-CE6S9	Astro	0.528381979542991
GTEX-1H3VE-0011-R7b-SM-CE6S9	D1-SPN	0
GTEX-1H3VE-0011-R7b-SM-CE6S9	D2-SPN	0
GTEX-1H3VE-0011-R7b-SM-CE6S9	OPC	0.0248213377950882
GTEX-1H3VE-0011-R7b-SM-CE6S9	Inhib	0
GTEX-1H3VE-0011-R7b-SM-CE6S9	Immune	0.00413442458172618
GTEX-1H4P4-0011-R7b-SM-ARU77	Oligo	0.75259905473541
GTEX-1H4P4-0011-R7b-SM-ARU77	Micro	0.0041735617407305
GTEX-1H4P4-0011-R7b-SM-ARU77	Astro	0.20777739883635
GTEX-1H4P4-0011-R7b-SM-ARU77	D1-SPN	0
GTEX-1H4P4-0011-R7b-SM-ARU77	D2-SPN	0
GTEX-1H4P4-0011-R7b-SM-ARU77	OPC	0.0291066250535306
GTEX-1H4P4-0011-R7b-SM-ARU77	Inhib	0
GTEX-1H4P4-0011-R7b-SM-ARU77	Immune	0.00634335963397838
GTEX-1HB9E-0011-R7b-SM-A9G1Q	Oligo	0.867444645891634
GTEX-1HB9E-0011-R7b-SM-A9G1Q	Micro	0.0339776017934316
GTEX-1HB9E-0011-R7b-SM-A9G1Q	Astro	0.025030144715797
GTEX-1HB9E-0011-R7b-SM-A9G1Q	D1-SPN	0.0111244341016794
GTEX-1HB9E-0011-R7b-SM-A9G1Q	D2-SPN	0.0399416940384815
GTEX-1HB9E-0011-R7b-SM-A9G1Q	OPC	0.00394123940195731
GTEX-1HB9E-0011-R7b-SM-A9G1Q	Inhib	0.00393499062050724
GTEX-1HB9E-0011-R7b-SM-A9G1Q	Immune	0.0146052494365119
GTEX-1HCU6-0011-R7b-SM-ARL77	Oligo	0.779371696855305
GTEX-1HCU6-0011-R7b-SM-ARL77	Micro	0.00954926613923875
GTEX-1HCU6-0011-R7b-SM-ARL77	Astro	0.151895228840491
GTEX-1HCU6-0011-R7b-SM-ARL77	D1-SPN	0.000756403309481154
GTEX-1HCU6-0011-R7b-SM-ARL77	D2-SPN	0
GTEX-1HCU6-0011-R7b-SM-ARL77	OPC	0.0519049824239133
GTEX-1HCU6-0011-R7b-SM-ARL77	Inhib	0.00156824250756878
GTEX-1HCU6-0011-R7b-SM-ARL77	Immune	0.00495417992400254
GTEX-1HCVE-0011-R7b-SM-A9G1I	Oligo	0.348447212607316
GTEX-1HCVE-0011-R7b-SM-A9G1I	Micro	0.0458528124768154
GTEX-1HCVE-0011-R7b-SM-A9G1I	Astro	0.447211827061293
GTEX-1HCVE-0011-R7b-SM-A9G1I	D1-SPN	0
GTEX-1HCVE-0011-R7b-SM-A9G1I	D2-SPN	0.119270435183367
GTEX-1HCVE-0011-R7b-SM-A9G1I	OPC	0.0265315192102623
GTEX-1HCVE-0011-R7b-SM-A9G1I	Inhib	0.00647014404503103
GTEX-1HCVE-0011-R7b-SM-A9G1I	Immune	0.00621604941591494
GTEX-1HFI6-0011-R7b-SM-CM2SS	Oligo	0.528790315660869
GTEX-1HFI6-0011-R7b-SM-CM2SS	Micro	0.145338102167696
GTEX-1HFI6-0011-R7b-SM-CM2SS	Astro	0.254512378425395
GTEX-1HFI6-0011-R7b-SM-CM2SS	D1-SPN	0.0171405310708315
GTEX-1HFI6-0011-R7b-SM-CM2SS	D2-SPN	0.0330893487849232
GTEX-1HFI6-0011-R7b-SM-CM2SS	OPC	0.010412140070293
GTEX-1HFI6-0011-R7b-SM-CM2SS	Inhib	0.00841258621011457
GTEX-1HFI6-0011-R7b-SM-CM2SS	Immune	0.0023045976098782
GTEX-1HGF4-0011-R7a-SM-A96S2	Oligo	0.543928539644425
GTEX-1HGF4-0011-R7a-SM-A96S2	Micro	0.0496245904362438
GTEX-1HGF4-0011-R7a-SM-A96S2	Astro	0.288280015008134
GTEX-1HGF4-0011-R7a-SM-A96S2	D1-SPN	0.0148902787282124
GTEX-1HGF4-0011-R7a-SM-A96S2	D2-SPN	0.0628604165729498
GTEX-1HGF4-0011-R7a-SM-A96S2	OPC	0.0299533483648514
GTEX-1HGF4-0011-R7a-SM-A96S2	Inhib	0.00467317911423057
GTEX-1HGF4-0011-R7a-SM-A96S2	Immune	0.00578963213095331
GTEX-1HT8W-0011-R7b-SM-CMKH8	Oligo	0.617692414173217
GTEX-1HT8W-0011-R7b-SM-CMKH8	Micro	0.0133210673309472
GTEX-1HT8W-0011-R7b-SM-CMKH8	Astro	0.161188416611995
GTEX-1HT8W-0011-R7b-SM-CMKH8	D1-SPN	0.00981021309242839
GTEX-1HT8W-0011-R7b-SM-CMKH8	D2-SPN	0.170534410715212
GTEX-1HT8W-0011-R7b-SM-CMKH8	OPC	0.0115692292937352
GTEX-1HT8W-0011-R7b-SM-CMKH8	Inhib	0.0158842487824647
GTEX-1HT8W-0011-R7b-SM-CMKH8	Immune	0
GTEX-1I1CD-0011-R7a-SM-CMKHA	Oligo	0.958194512923704
GTEX-1I1CD-0011-R7a-SM-CMKHA	Micro	0.00227655556705759
GTEX-1I1CD-0011-R7a-SM-CMKHA	Astro	0.025277344901421
GTEX-1I1CD-0011-R7a-SM-CMKHA	D1-SPN	0.00153425378779845
GTEX-1I1CD-0011-R7a-SM-CMKHA	D2-SPN	0
GTEX-1I1CD-0011-R7a-SM-CMKHA	OPC	0.0120212533443568
GTEX-1I1CD-0011-R7a-SM-CMKHA	Inhib	0.000627435884041011
GTEX-1I1CD-0011-R7a-SM-CMKHA	Immune	6.86435916208284e-05
GTEX-1I1GQ-0011-R7a-SM-CJI41	Oligo	0.770563074230324
GTEX-1I1GQ-0011-R7a-SM-CJI41	Micro	0.0235283922921533
GTEX-1I1GQ-0011-R7a-SM-CJI41	Astro	0.140969303803512
GTEX-1I1GQ-0011-R7a-SM-CJI41	D1-SPN	0
GTEX-1I1GQ-0011-R7a-SM-CJI41	D2-SPN	0.0534592150995106
GTEX-1I1GQ-0011-R7a-SM-CJI41	OPC	0.00685172910845734
GTEX-1I1GQ-0011-R7a-SM-CJI41	Inhib	0.00320386502420988
GTEX-1I1GQ-0011-R7a-SM-CJI41	Immune	0.00142442044183285
GTEX-1I1GS-0011-R7a-SM-CM2T6	Oligo	0.447993388491649
GTEX-1I1GS-0011-R7a-SM-CM2T6	Micro	0.0226509188215425
GTEX-1I1GS-0011-R7a-SM-CM2T6	Astro	0.442195255337039
GTEX-1I1GS-0011-R7a-SM-CM2T6	D1-SPN	0.00841922336619545
GTEX-1I1GS-0011-R7a-SM-CM2T6	D2-SPN	0
GTEX-1I1GS-0011-R7a-SM-CM2T6	OPC	0.0602638946444808
GTEX-1I1GS-0011-R7a-SM-CM2T6	Inhib	0.00651235192734679
GTEX-1I1GS-0011-R7a-SM-CM2T6	Immune	0.0119649674117471
GTEX-1I1GV-0011-R7a-SM-ARU6R	Oligo	0.787951399205869
GTEX-1I1GV-0011-R7a-SM-ARU6R	Micro	0.0146575449411645
GTEX-1I1GV-0011-R7a-SM-ARU6R	Astro	0.155682722159233
GTEX-1I1GV-0011-R7a-SM-ARU6R	D1-SPN	0.00227799361389701
GTEX-1I1GV-0011-R7a-SM-ARU6R	D2-SPN	0
GTEX-1I1GV-0011-R7a-SM-ARU6R	OPC	0.00663869170469987
GTEX-1I1GV-0011-R7a-SM-ARU6R	Inhib	0.00408304695505384
GTEX-1I1GV-0011-R7a-SM-ARU6R	Immune	0.0287086014200831
GTEX-1ICLZ-0011-R7a-SM-ARZLU	Oligo	0.787399923320111
GTEX-1ICLZ-0011-R7a-SM-ARZLU	Micro	0.0373899853468518
GTEX-1ICLZ-0011-R7a-SM-ARZLU	Astro	0.0341208209623534
GTEX-1ICLZ-0011-R7a-SM-ARZLU	D1-SPN	0.0120133791573193
GTEX-1ICLZ-0011-R7a-SM-ARZLU	D2-SPN	0.0920373763991815
GTEX-1ICLZ-0011-R7a-SM-ARZLU	OPC	0.00423854915984911
GTEX-1ICLZ-0011-R7a-SM-ARZLU	Inhib	0.00735060170167718
GTEX-1ICLZ-0011-R7a-SM-ARZLU	Immune	0.0254493639526571
GTEX-1IDJH-0011-R7a-SM-A9SM1	Oligo	0.57618824700647
GTEX-1IDJH-0011-R7a-SM-A9SM1	Micro	0.0559983402553726
GTEX-1IDJH-0011-R7a-SM-A9SM1	Astro	0.143729028039512
GTEX-1IDJH-0011-R7a-SM-A9SM1	D1-SPN	0.000871017419400927
GTEX-1IDJH-0011-R7a-SM-A9SM1	D2-SPN	0.201783182975215
GTEX-1IDJH-0011-R7a-SM-A9SM1	OPC	0.0133800256964964
GTEX-1IDJH-0011-R7a-SM-A9SM1	Inhib	0.00805015860753369
GTEX-1IDJH-0011-R7a-SM-A9SM1	Immune	0
GTEX-1IGQW-0011-R7a-SM-GPRXV	Oligo	0.706130370419533
GTEX-1IGQW-0011-R7a-SM-GPRXV	Micro	0.0185380711308505
GTEX-1IGQW-0011-R7a-SM-GPRXV	Astro	0.218532357988657
GTEX-1IGQW-0011-R7a-SM-GPRXV	D1-SPN	0.00501896365154228
GTEX-1IGQW-0011-R7a-SM-GPRXV	D2-SPN	0.0108684914623732
GTEX-1IGQW-0011-R7a-SM-GPRXV	OPC	0.0326856368949877
GTEX-1IGQW-0011-R7a-SM-GPRXV	Inhib	0.000632276811379282
GTEX-1IGQW-0011-R7a-SM-GPRXV	Immune	0.00759383164067733
GTEX-1IKJJ-0011-R7a-SM-ARZLH	Oligo	0.794029236698411
GTEX-1IKJJ-0011-R7a-SM-ARZLH	Micro	0.0237929823131812
GTEX-1IKJJ-0011-R7a-SM-ARZLH	Astro	0.10938972716646
GTEX-1IKJJ-0011-R7a-SM-ARZLH	D1-SPN	0.00125957362612439
GTEX-1IKJJ-0011-R7a-SM-ARZLH	D2-SPN	0.0514380042508321
GTEX-1IKJJ-0011-R7a-SM-ARZLH	OPC	0.0148454838615154
GTEX-1IKJJ-0011-R7a-SM-ARZLH	Inhib	0.00472762932298129
GTEX-1IKJJ-0011-R7a-SM-ARZLH	Immune	0.000517362760494803
GTEX-1IKK5-0011-R7b-SM-A9G39	Oligo	0.784493017290777
GTEX-1IKK5-0011-R7b-SM-A9G39	Micro	0.00646464551158194
GTEX-1IKK5-0011-R7b-SM-A9G39	Astro	0.112708465331016
GTEX-1IKK5-0011-R7b-SM-A9G39	D1-SPN	4.12625360925896e-05
GTEX-1IKK5-0011-R7b-SM-A9G39	D2-SPN	0.0821220287363981
GTEX-1IKK5-0011-R7b-SM-A9G39	OPC	0.0111497318256831
GTEX-1IKK5-0011-R7b-SM-A9G39	Inhib	0.00302084876845133
GTEX-1IKK5-0011-R7b-SM-A9G39	Immune	0
GTEX-1IKOH-0011-R7b-SM-CKZPH	Oligo	0.596015446930061
GTEX-1IKOH-0011-R7b-SM-CKZPH	Micro	0.0059718361889217
GTEX-1IKOH-0011-R7b-SM-CKZPH	Astro	0.376095275986412
GTEX-1IKOH-0011-R7b-SM-CKZPH	D1-SPN	0.00319745172608073
GTEX-1IKOH-0011-R7b-SM-CKZPH	D2-SPN	0
GTEX-1IKOH-0011-R7b-SM-CKZPH	OPC	0.014813158628714
GTEX-1IKOH-0011-R7b-SM-CKZPH	Inhib	0.00223614534474092
GTEX-1IKOH-0011-R7b-SM-CKZPH	Immune	0.00167068519506903
GTEX-1IOXB-0011-R7b-SM-HAUZE	Oligo	0.602374128378882
GTEX-1IOXB-0011-R7b-SM-HAUZE	Micro	0.022038819837052
GTEX-1IOXB-0011-R7b-SM-HAUZE	Astro	0.31492339014137
GTEX-1IOXB-0011-R7b-SM-HAUZE	D1-SPN	0.00936924383087333
GTEX-1IOXB-0011-R7b-SM-HAUZE	D2-SPN	0.0160349585471585
GTEX-1IOXB-0011-R7b-SM-HAUZE	OPC	0.0276258072247525
GTEX-1IOXB-0011-R7b-SM-HAUZE	Inhib	0.00317410089171368
GTEX-1IOXB-0011-R7b-SM-HAUZE	Immune	0.00445955114819783
GTEX-1IY9M-0011-R7a-SM-D4P49	Oligo	0.55281793689466
GTEX-1IY9M-0011-R7a-SM-D4P49	Micro	0.113943786501357
GTEX-1IY9M-0011-R7a-SM-D4P49	Astro	0.157040808804032
GTEX-1IY9M-0011-R7a-SM-D4P49	D1-SPN	0.000895292708125731
GTEX-1IY9M-0011-R7a-SM-D4P49	D2-SPN	0.13469050723149
GTEX-1IY9M-0011-R7a-SM-D4P49	OPC	0.0257648373553773
GTEX-1IY9M-0011-R7a-SM-D4P49	Inhib	0.00999469230363291
GTEX-1IY9M-0011-R7a-SM-D4P49	Immune	0.00485213820132466
GTEX-1J1OQ-0011-R7b-SM-H7OGB	Oligo	0.45767043918184
GTEX-1J1OQ-0011-R7b-SM-H7OGB	Micro	0.0407592879491111
GTEX-1J1OQ-0011-R7b-SM-H7OGB	Astro	0.404329376469215
GTEX-1J1OQ-0011-R7b-SM-H7OGB	D1-SPN	0.0122063442890807
GTEX-1J1OQ-0011-R7b-SM-H7OGB	D2-SPN	0.0399579320367513
GTEX-1J1OQ-0011-R7b-SM-H7OGB	OPC	0.0373226279584728
GTEX-1J1OQ-0011-R7b-SM-H7OGB	Inhib	0
GTEX-1J1OQ-0011-R7b-SM-H7OGB	Immune	0.00775399211552893
GTEX-1J8Q2-0011-R7a-SM-CKZPF	Oligo	0.569619031278389
GTEX-1J8Q2-0011-R7a-SM-CKZPF	Micro	0.035524903722074
GTEX-1J8Q2-0011-R7a-SM-CKZPF	Astro	0.265482350491756
GTEX-1J8Q2-0011-R7a-SM-CKZPF	D1-SPN	0.00881972430188919
GTEX-1J8Q2-0011-R7a-SM-CKZPF	D2-SPN	0.0776806575952711
GTEX-1J8Q2-0011-R7a-SM-CKZPF	OPC	0.0329861651181377
GTEX-1J8Q2-0011-R7a-SM-CKZPF	Inhib	0.00938842616630271
GTEX-1J8Q2-0011-R7a-SM-CKZPF	Immune	0.000498741326180325
GTEX-1JJ6O-0011-R7b-SM-EXUTB	Oligo	0.666971928037341
GTEX-1JJ6O-0011-R7b-SM-EXUTB	Micro	0.0187119510765249
GTEX-1JJ6O-0011-R7b-SM-EXUTB	Astro	0.265841435528407
GTEX-1JJ6O-0011-R7b-SM-EXUTB	D1-SPN	0
GTEX-1JJ6O-0011-R7b-SM-EXUTB	D2-SPN	0.0142141496520803
GTEX-1JJ6O-0011-R7b-SM-EXUTB	OPC	0.021470214474749
GTEX-1JJ6O-0011-R7b-SM-EXUTB	Inhib	0.00783607249401617
GTEX-1JJ6O-0011-R7b-SM-EXUTB	Immune	0.00495424873688257
GTEX-1JMLX-0011-R7a-SM-EY5ZK	Oligo	0.723259926751481
GTEX-1JMLX-0011-R7a-SM-EY5ZK	Micro	0.00849986302546019
GTEX-1JMLX-0011-R7a-SM-EY5ZK	Astro	0.180992852839953
GTEX-1JMLX-0011-R7a-SM-EY5ZK	D1-SPN	0
GTEX-1JMLX-0011-R7a-SM-EY5ZK	D2-SPN	0.0733403165984303
GTEX-1JMLX-0011-R7a-SM-EY5ZK	OPC	0.00885097536000468
GTEX-1JMLX-0011-R7a-SM-EY5ZK	Inhib	0.00505606542467049
GTEX-1JMLX-0011-R7a-SM-EY5ZK	Immune	0
GTEX-1JMOU-0011-R7b-SM-EY5YH	Oligo	0.581951001969573
GTEX-1JMOU-0011-R7b-SM-EY5YH	Micro	0.0455598893038277
GTEX-1JMOU-0011-R7b-SM-EY5YH	Astro	0.255341309066619
GTEX-1JMOU-0011-R7b-SM-EY5YH	D1-SPN	0.000581926688848275
GTEX-1JMOU-0011-R7b-SM-EY5YH	D2-SPN	0.0849875236962561
GTEX-1JMOU-0011-R7b-SM-EY5YH	OPC	0.0205721473299096
GTEX-1JMOU-0011-R7b-SM-EY5YH	Inhib	0.00888984780272605
GTEX-1JMOU-0011-R7b-SM-EY5YH	Immune	0.00211635414224019
GTEX-1JMPZ-0011-R7b-SM-F2TBB	Oligo	0.548064111258961
GTEX-1JMPZ-0011-R7b-SM-F2TBB	Micro	0.0389414038688815
GTEX-1JMPZ-0011-R7b-SM-F2TBB	Astro	0.365518264039007
GTEX-1JMPZ-0011-R7b-SM-F2TBB	D1-SPN	0.000406394807613087
GTEX-1JMPZ-0011-R7b-SM-F2TBB	D2-SPN	0.0131755158646986
GTEX-1JMPZ-0011-R7b-SM-F2TBB	OPC	0.0204785057986377
GTEX-1JMPZ-0011-R7b-SM-F2TBB	Inhib	0.00893850381213208
GTEX-1JMPZ-0011-R7b-SM-F2TBB	Immune	0.00447730055006929
GTEX-1JMQJ-0011-R7b-SM-F2TA7	Oligo	0.805985103402758
GTEX-1JMQJ-0011-R7b-SM-F2TA7	Micro	0.04310254864969
GTEX-1JMQJ-0011-R7b-SM-F2TA7	Astro	0.028916389289163
GTEX-1JMQJ-0011-R7b-SM-F2TA7	D1-SPN	0.00631758612168408
GTEX-1JMQJ-0011-R7b-SM-F2TA7	D2-SPN	0.0916088883642623
GTEX-1JMQJ-0011-R7b-SM-F2TA7	OPC	0.00292287029118343
GTEX-1JMQJ-0011-R7b-SM-F2TA7	Inhib	0.0148598179690477
GTEX-1JMQJ-0011-R7b-SM-F2TA7	Immune	0.00628679591221149
GTEX-1JMQK-0011-R7b-SM-EXUTF	Oligo	0.541610366929401
GTEX-1JMQK-0011-R7b-SM-EXUTF	Micro	0.049150524230231
GTEX-1JMQK-0011-R7b-SM-EXUTF	Astro	0.316482329565573
GTEX-1JMQK-0011-R7b-SM-EXUTF	D1-SPN	0.0194057825645131
GTEX-1JMQK-0011-R7b-SM-EXUTF	D2-SPN	0
GTEX-1JMQK-0011-R7b-SM-EXUTF	OPC	0.0542154687342464
GTEX-1JMQK-0011-R7b-SM-EXUTF	Inhib	0.0154698581384205
GTEX-1JMQK-0011-R7b-SM-EXUTF	Immune	0.00366566983761603
GTEX-1JMQL-0011-R7b-SM-F649W	Oligo	0.652413172826066
GTEX-1JMQL-0011-R7b-SM-F649W	Micro	0.0329776699679589
GTEX-1JMQL-0011-R7b-SM-F649W	Astro	0.300197475849033
GTEX-1JMQL-0011-R7b-SM-F649W	D1-SPN	0.000841267848775761
GTEX-1JMQL-0011-R7b-SM-F649W	D2-SPN	0
GTEX-1JMQL-0011-R7b-SM-F649W	OPC	0.00651340323339555
GTEX-1JMQL-0011-R7b-SM-F649W	Inhib	0.00113167051544828
GTEX-1JMQL-0011-R7b-SM-F649W	Immune	0.00592533975932254
GTEX-1JN6P-0011-R7a-SM-F2TA5	Oligo	0.770677838822954
GTEX-1JN6P-0011-R7a-SM-F2TA5	Micro	0.00641504860492817
GTEX-1JN6P-0011-R7a-SM-F2TA5	Astro	0.181818910076069
GTEX-1JN6P-0011-R7a-SM-F2TA5	D1-SPN	0.000528898234383247
GTEX-1JN6P-0011-R7a-SM-F2TA5	D2-SPN	0.000630654701561954
GTEX-1JN6P-0011-R7a-SM-F2TA5	OPC	0.0273779799088365
GTEX-1JN6P-0011-R7a-SM-F2TA5	Inhib	0.00376989193396772
GTEX-1JN6P-0011-R7a-SM-F2TA5	Immune	0.00878077771729971
GTEX-1KD5A-0011-R7a-SM-F3K5Y	Oligo	0.696318386487452
GTEX-1KD5A-0011-R7a-SM-F3K5Y	Micro	0.0086166048475734
GTEX-1KD5A-0011-R7a-SM-F3K5Y	Astro	0.261371639584901
GTEX-1KD5A-0011-R7a-SM-F3K5Y	D1-SPN	0.000217631154882246
GTEX-1KD5A-0011-R7a-SM-F3K5Y	D2-SPN	0
GTEX-1KD5A-0011-R7a-SM-F3K5Y	OPC	0.0299279594970692
GTEX-1KD5A-0011-R7a-SM-F3K5Y	Inhib	0.000395905240036478
GTEX-1KD5A-0011-R7a-SM-F3K5Y	Immune	0.00315187318808529
GTEX-1KWVE-0011-R7b-SM-F6486	Oligo	0.738698176407025
GTEX-1KWVE-0011-R7b-SM-F6486	Micro	0.00544029808186322
GTEX-1KWVE-0011-R7b-SM-F6486	Astro	0.228649621343186
GTEX-1KWVE-0011-R7b-SM-F6486	D1-SPN	0.00105507625279854
GTEX-1KWVE-0011-R7b-SM-F6486	D2-SPN	7.46270192177832e-05
GTEX-1KWVE-0011-R7b-SM-F6486	OPC	0.0207032153318964
GTEX-1KWVE-0011-R7b-SM-F6486	Inhib	0.00264496189777937
GTEX-1KWVE-0011-R7b-SM-F6486	Immune	0.00273402366623328
GTEX-1LG7Y-0011-R7a-SM-F341Q	Oligo	0.760517771150677
GTEX-1LG7Y-0011-R7a-SM-F341Q	Micro	0.030037791759521
GTEX-1LG7Y-0011-R7a-SM-F341Q	Astro	0.178892143409587
GTEX-1LG7Y-0011-R7a-SM-F341Q	D1-SPN	0.00414650798880263
GTEX-1LG7Y-0011-R7a-SM-F341Q	D2-SPN	0.00390342422576356
GTEX-1LG7Y-0011-R7a-SM-F341Q	OPC	0.0147159976040027
GTEX-1LG7Y-0011-R7a-SM-F341Q	Inhib	0.00590838438340636
GTEX-1LG7Y-0011-R7a-SM-F341Q	Immune	0.00187797947823931
GTEX-1LH75-0011-R7a-SM-EXOIF	Oligo	0.470616949868322
GTEX-1LH75-0011-R7a-SM-EXOIF	Micro	0.0480140858230887
GTEX-1LH75-0011-R7a-SM-EXOIF	Astro	0.226330235932043
GTEX-1LH75-0011-R7a-SM-EXOIF	D1-SPN	0.0427698530582935
GTEX-1LH75-0011-R7a-SM-EXOIF	D2-SPN	0.141063746175423
GTEX-1LH75-0011-R7a-SM-EXOIF	OPC	0.0411687005305953
GTEX-1LH75-0011-R7a-SM-EXOIF	Inhib	0.00997010891897516
GTEX-1LH75-0011-R7a-SM-EXOIF	Immune	0.0200663196932595
GTEX-1LSNL-0011-R7a-SM-EYYWI	Oligo	0.79233646183653
GTEX-1LSNL-0011-R7a-SM-EYYWI	Micro	0.012549836689108
GTEX-1LSNL-0011-R7a-SM-EYYWI	Astro	0.160457170722116
GTEX-1LSNL-0011-R7a-SM-EYYWI	D1-SPN	0.00290854683961149
GTEX-1LSNL-0011-R7a-SM-EYYWI	D2-SPN	0.00768173402310558
GTEX-1LSNL-0011-R7a-SM-EYYWI	OPC	0.0196404342890643
GTEX-1LSNL-0011-R7a-SM-EYYWI	Inhib	0.000746474806100903
GTEX-1LSNL-0011-R7a-SM-EYYWI	Immune	0.00367934079436376
GTEX-1LSVX-0011-R7b-SM-F2T9T	Oligo	0.732432541221463
GTEX-1LSVX-0011-R7b-SM-F2T9T	Micro	0.0192750043646282
GTEX-1LSVX-0011-R7b-SM-F2T9T	Astro	0.142125850111883
GTEX-1LSVX-0011-R7b-SM-F2T9T	D1-SPN	0
GTEX-1LSVX-0011-R7b-SM-F2T9T	D2-SPN	0.0905455387067948
GTEX-1LSVX-0011-R7b-SM-F2T9T	OPC	0.00720213746169736
GTEX-1LSVX-0011-R7b-SM-F2T9T	Inhib	0.00788652616413743
GTEX-1LSVX-0011-R7b-SM-F2T9T	Immune	0.000532401969395909
GTEX-1LVA9-0011-R7a-SM-EYYWG	Oligo	0.529802914104258
GTEX-1LVA9-0011-R7a-SM-EYYWG	Micro	0.00541744250764015
GTEX-1LVA9-0011-R7a-SM-EYYWG	Astro	0.449812637149863
GTEX-1LVA9-0011-R7a-SM-EYYWG	D1-SPN	0
GTEX-1LVA9-0011-R7a-SM-EYYWG	D2-SPN	0
GTEX-1LVA9-0011-R7a-SM-EYYWG	OPC	0.00927386378050023
GTEX-1LVA9-0011-R7a-SM-EYYWG	Inhib	0.000341103528061232
GTEX-1LVA9-0011-R7a-SM-EYYWG	Immune	0.00535203892967737
GTEX-1LVAO-0011-R7a-SM-EYYWZ	Oligo	0.741016950043322
GTEX-1LVAO-0011-R7a-SM-EYYWZ	Micro	0.0224448196159751
GTEX-1LVAO-0011-R7a-SM-EYYWZ	Astro	0.107204766008589
GTEX-1LVAO-0011-R7a-SM-EYYWZ	D1-SPN	0.00075668062641077
GTEX-1LVAO-0011-R7a-SM-EYYWZ	D2-SPN	0.0816122380610685
GTEX-1LVAO-0011-R7a-SM-EYYWZ	OPC	0.0231496130666904
GTEX-1LVAO-0011-R7a-SM-EYYWZ	Inhib	0.00945230258904564
GTEX-1LVAO-0011-R7a-SM-EYYWZ	Immune	0.0143626299888993
GTEX-1MA7X-0011-R7b-SM-EYYWS	Oligo	0.803460859249044
GTEX-1MA7X-0011-R7b-SM-EYYWS	Micro	0.0026624871073293
GTEX-1MA7X-0011-R7b-SM-EYYWS	Astro	0.18107528057387
GTEX-1MA7X-0011-R7b-SM-EYYWS	D1-SPN	0.000670069004005185
GTEX-1MA7X-0011-R7b-SM-EYYWS	D2-SPN	0
GTEX-1MA7X-0011-R7b-SM-EYYWS	OPC	0.00979044928019312
GTEX-1MA7X-0011-R7b-SM-EYYWS	Inhib	0.000516756246780248
GTEX-1MA7X-0011-R7b-SM-EYYWS	Immune	0.00182409853877805
GTEX-1MCQQ-0011-R7a-SM-F649U	Oligo	0.702592749953657
GTEX-1MCQQ-0011-R7a-SM-F649U	Micro	0.0596343723224113
GTEX-1MCQQ-0011-R7a-SM-F649U	Astro	0.210901362727639
GTEX-1MCQQ-0011-R7a-SM-F649U	D1-SPN	0
GTEX-1MCQQ-0011-R7a-SM-F649U	D2-SPN	0
GTEX-1MCQQ-0011-R7a-SM-F649U	OPC	0.0240773571581403
GTEX-1MCQQ-0011-R7a-SM-F649U	Inhib	0.00201290618762957
GTEX-1MCQQ-0011-R7a-SM-F649U	Immune	0.000781251650523212
GTEX-1MJK2-0011-R7a-SM-EXUS4	Oligo	0.697130669099757
GTEX-1MJK2-0011-R7a-SM-EXUS4	Micro	0.0386849043386184
GTEX-1MJK2-0011-R7a-SM-EXUS4	Astro	0.202834922536
GTEX-1MJK2-0011-R7a-SM-EXUS4	D1-SPN	0.00512215470669333
GTEX-1MJK2-0011-R7a-SM-EXUS4	D2-SPN	0.00286953799976528
GTEX-1MJK2-0011-R7a-SM-EXUS4	OPC	0.0297741405178176
GTEX-1MJK2-0011-R7a-SM-EXUS4	Inhib	0.0164207655082279
GTEX-1MJK2-0011-R7a-SM-EXUS4	Immune	0.00716290529312105
GTEX-1N2DW-0011-R7a-SM-EY5YE	Oligo	0.643178744963179
GTEX-1N2DW-0011-R7a-SM-EY5YE	Micro	0.00515364782947039
GTEX-1N2DW-0011-R7a-SM-EY5YE	Astro	0.332054638557597
GTEX-1N2DW-0011-R7a-SM-EY5YE	D1-SPN	0
GTEX-1N2DW-0011-R7a-SM-EY5YE	D2-SPN	0
GTEX-1N2DW-0011-R7a-SM-EY5YE	OPC	0.0124285859022853
GTEX-1N2DW-0011-R7a-SM-EY5YE	Inhib	0.00336372487068296
GTEX-1N2DW-0011-R7a-SM-EY5YE	Immune	0.00382065787678555
GTEX-1N2EE-0011-R7b-SM-F341E	Oligo	0.358646941412177
GTEX-1N2EE-0011-R7b-SM-F341E	Micro	0.059300935899162
GTEX-1N2EE-0011-R7b-SM-F341E	Astro	0.462092575770819
GTEX-1N2EE-0011-R7b-SM-F341E	D1-SPN	0
GTEX-1N2EE-0011-R7b-SM-F341E	D2-SPN	0
GTEX-1N2EE-0011-R7b-SM-F341E	OPC	0.0669027483963737
GTEX-1N2EE-0011-R7b-SM-F341E	Inhib	0.0176179244817133
GTEX-1N2EE-0011-R7b-SM-F341E	Immune	0.0354388740397557
GTEX-1N2EF-0011-R7a-SM-F2T9O	Oligo	0.821931487748935
GTEX-1N2EF-0011-R7a-SM-F2T9O	Micro	0.0152450996351814
GTEX-1N2EF-0011-R7a-SM-F2T9O	Astro	0.0817657219148075
GTEX-1N2EF-0011-R7a-SM-F2T9O	D1-SPN	0
GTEX-1N2EF-0011-R7a-SM-F2T9O	D2-SPN	0.0612298880974037
GTEX-1N2EF-0011-R7a-SM-F2T9O	OPC	0.0166619939972344
GTEX-1N2EF-0011-R7a-SM-F2T9O	Inhib	0.00316580860643809
GTEX-1N2EF-0011-R7a-SM-F2T9O	Immune	0
GTEX-1NV8Z-0011-R7a-SM-F3K4J	Oligo	0.48050257409604
GTEX-1NV8Z-0011-R7a-SM-F3K4J	Micro	0.0197894632685818
GTEX-1NV8Z-0011-R7a-SM-F3K4J	Astro	0.429572416049356
GTEX-1NV8Z-0011-R7a-SM-F3K4J	D1-SPN	0
GTEX-1NV8Z-0011-R7a-SM-F3K4J	D2-SPN	0
GTEX-1NV8Z-0011-R7a-SM-F3K4J	OPC	0.0611511011532095
GTEX-1NV8Z-0011-R7a-SM-F3K4J	Inhib	0.000694915528263855
GTEX-1NV8Z-0011-R7a-SM-F3K4J	Immune	0.0082895299045487
GTEX-1O9I2-0011-R7a-SM-F2TAI	Oligo	0.723288036479899
GTEX-1O9I2-0011-R7a-SM-F2TAI	Micro	0.00649681258422603
GTEX-1O9I2-0011-R7a-SM-F2TAI	Astro	0.243345930283381
GTEX-1O9I2-0011-R7a-SM-F2TAI	D1-SPN	0
GTEX-1O9I2-0011-R7a-SM-F2TAI	D2-SPN	0
GTEX-1O9I2-0011-R7a-SM-F2TAI	OPC	0.0237463473352207
GTEX-1O9I2-0011-R7a-SM-F2TAI	Inhib	0.00157034829486793
GTEX-1O9I2-0011-R7a-SM-F2TAI	Immune	0.00155252502240614
GTEX-1OJC4-0011-R7a-SM-EYYX4	Oligo	0.803332184694223
GTEX-1OJC4-0011-R7a-SM-EYYX4	Micro	0.0402093134517127
GTEX-1OJC4-0011-R7a-SM-EYYX4	Astro	0.129193379094957
GTEX-1OJC4-0011-R7a-SM-EYYX4	D1-SPN	0.00264615231208536
GTEX-1OJC4-0011-R7a-SM-EYYX4	D2-SPN	0.00103194754006163
GTEX-1OJC4-0011-R7a-SM-EYYX4	OPC	0.0115000300283025
GTEX-1OJC4-0011-R7a-SM-EYYX4	Inhib	0.00948451623785344
GTEX-1OJC4-0011-R7a-SM-EYYX4	Immune	0.00260247664080476
GTEX-1P4AB-0011-R7a-SM-F2TAP	Oligo	0.589204309287973
GTEX-1P4AB-0011-R7a-SM-F2TAP	Micro	0.0236390997185302
GTEX-1P4AB-0011-R7a-SM-F2TAP	Astro	0.276932141602505
GTEX-1P4AB-0011-R7a-SM-F2TAP	D1-SPN	0
GTEX-1P4AB-0011-R7a-SM-F2TAP	D2-SPN	0.0622969666917538
GTEX-1P4AB-0011-R7a-SM-F2TAP	OPC	0.0394116094162332
GTEX-1P4AB-0011-R7a-SM-F2TAP	Inhib	0.0029097515627101
GTEX-1P4AB-0011-R7a-SM-F2TAP	Immune	0.00560612172029489
GTEX-1PIIG-0011-R7b-SM-F2T9Y	Oligo	0.79743476757444
GTEX-1PIIG-0011-R7b-SM-F2T9Y	Micro	0.0188728887080946
GTEX-1PIIG-0011-R7b-SM-F2T9Y	Astro	0.117316238517335
GTEX-1PIIG-0011-R7b-SM-F2T9Y	D1-SPN	0
GTEX-1PIIG-0011-R7b-SM-F2T9Y	D2-SPN	0.0508941010506805
GTEX-1PIIG-0011-R7b-SM-F2T9Y	OPC	0.0103591484115653
GTEX-1PIIG-0011-R7b-SM-F2T9Y	Inhib	0.00380719265991051
GTEX-1PIIG-0011-R7b-SM-F2T9Y	Immune	0.00131566307797472
GTEX-1PPGY-0011-R7b-SM-F33YV	Oligo	0.495984037595879
GTEX-1PPGY-0011-R7b-SM-F33YV	Micro	0.135833181408526
GTEX-1PPGY-0011-R7b-SM-F33YV	Astro	0.0570511183358604
GTEX-1PPGY-0011-R7b-SM-F33YV	D1-SPN	0.0806125450544967
GTEX-1PPGY-0011-R7b-SM-F33YV	D2-SPN	0.000547736164869892
GTEX-1PPGY-0011-R7b-SM-F33YV	OPC	0.168636549048731
GTEX-1PPGY-0011-R7b-SM-F33YV	Inhib	0.0538537459260332
GTEX-1PPGY-0011-R7b-SM-F33YV	Immune	0.00748108646560417
GTEX-1PWST-0011-R7b-SM-F649N	Oligo	0.308217897652129
GTEX-1PWST-0011-R7b-SM-F649N	Micro	0.0336070444025823
GTEX-1PWST-0011-R7b-SM-F649N	Astro	0.420893331135161
GTEX-1PWST-0011-R7b-SM-F649N	D1-SPN	0
GTEX-1PWST-0011-R7b-SM-F649N	D2-SPN	0.192173004666875
GTEX-1PWST-0011-R7b-SM-F649N	OPC	0.0352203778798503
GTEX-1PWST-0011-R7b-SM-F649N	Inhib	0.00450164293519021
GTEX-1PWST-0011-R7b-SM-F649N	Immune	0.00538670132821267
GTEX-1QMI2-0011-R7a-SM-F648Q	Oligo	0.76426791450458
GTEX-1QMI2-0011-R7a-SM-F648Q	Micro	0.017552427348575
GTEX-1QMI2-0011-R7a-SM-F648Q	Astro	0.148540400863995
GTEX-1QMI2-0011-R7a-SM-F648Q	D1-SPN	0
GTEX-1QMI2-0011-R7a-SM-F648Q	D2-SPN	0.052933967190508
GTEX-1QMI2-0011-R7a-SM-F648Q	OPC	0.0104837656645909
GTEX-1QMI2-0011-R7a-SM-F648Q	Inhib	0.00188985209238695
GTEX-1QMI2-0011-R7a-SM-F648Q	Immune	0.00433167233536466
GTEX-1QP6S-0011-R7b-SM-F3K5R	Oligo	0.767526580335516
GTEX-1QP6S-0011-R7b-SM-F3K5R	Micro	0.00156343292048176
GTEX-1QP6S-0011-R7b-SM-F3K5R	Astro	0.178832901053144
GTEX-1QP6S-0011-R7b-SM-F3K5R	D1-SPN	0.00279104633096192
GTEX-1QP6S-0011-R7b-SM-F3K5R	D2-SPN	0
GTEX-1QP6S-0011-R7b-SM-F3K5R	OPC	0.0436864235011898
GTEX-1QP6S-0011-R7b-SM-F3K5R	Inhib	0.00174207800584346
GTEX-1QP6S-0011-R7b-SM-F3K5R	Immune	0.00385753785286362
GTEX-1R46S-0011-R7b-SM-EXUTH	Oligo	0.342993011874379
GTEX-1R46S-0011-R7b-SM-EXUTH	Micro	0.0415386695094073
GTEX-1R46S-0011-R7b-SM-EXUTH	Astro	0.513766004404185
GTEX-1R46S-0011-R7b-SM-EXUTH	D1-SPN	0.000759086457675281
GTEX-1R46S-0011-R7b-SM-EXUTH	D2-SPN	0
GTEX-1R46S-0011-R7b-SM-EXUTH	OPC	0.0911845271910237
GTEX-1R46S-0011-R7b-SM-EXUTH	Inhib	0.000864918605864033
GTEX-1R46S-0011-R7b-SM-EXUTH	Immune	0.00889378195746598
GTEX-1R9K4-0011-R7b-SM-F3K58	Oligo	0.728598876413423
GTEX-1R9K4-0011-R7b-SM-F3K58	Micro	0.0239982717007861
GTEX-1R9K4-0011-R7b-SM-F3K58	Astro	0.164865576315984
GTEX-1R9K4-0011-R7b-SM-F3K58	D1-SPN	0
GTEX-1R9K4-0011-R7b-SM-F3K58	D2-SPN	0.0675940810420074
GTEX-1R9K4-0011-R7b-SM-F3K58	OPC	0.00764907467367738
GTEX-1R9K4-0011-R7b-SM-F3K58	Inhib	0.00460489058157496
GTEX-1R9K4-0011-R7b-SM-F3K58	Immune	0.00268922927254726
GTEX-1R9PO-0011-R7b-SM-F342B	Oligo	0.850278037786293
GTEX-1R9PO-0011-R7b-SM-F342B	Micro	0.015803358909383
GTEX-1R9PO-0011-R7b-SM-F342B	Astro	0.0836625543699131
GTEX-1R9PO-0011-R7b-SM-F342B	D1-SPN	3.34688774581364e-06
GTEX-1R9PO-0011-R7b-SM-F342B	D2-SPN	0.0361499936550707
GTEX-1R9PO-0011-R7b-SM-F342B	OPC	0.00909480102413945
GTEX-1R9PO-0011-R7b-SM-F342B	Inhib	0.00323495331778071
GTEX-1R9PO-0011-R7b-SM-F342B	Immune	0.00177295404967394
GTEX-1RDX4-0011-R7b-SM-F2TBJ	Oligo	0.797072682651735
GTEX-1RDX4-0011-R7b-SM-F2TBJ	Micro	0.0132900619691136
GTEX-1RDX4-0011-R7b-SM-F2TBJ	Astro	0.171007621530034
GTEX-1RDX4-0011-R7b-SM-F2TBJ	D1-SPN	0
GTEX-1RDX4-0011-R7b-SM-F2TBJ	D2-SPN	0.000325957932550798
GTEX-1RDX4-0011-R7b-SM-F2TBJ	OPC	0.0134245402196274
GTEX-1RDX4-0011-R7b-SM-F2TBJ	Inhib	0.00336905530915438
GTEX-1RDX4-0011-R7b-SM-F2TBJ	Immune	0.00151008038778542
GTEX-1RQEC-0011-R7b-SM-EY5ZS	Oligo	0.79687641508007
GTEX-1RQEC-0011-R7b-SM-EY5ZS	Micro	0.0166436389461459
GTEX-1RQEC-0011-R7b-SM-EY5ZS	Astro	0.145285663760615
GTEX-1RQEC-0011-R7b-SM-EY5ZS	D1-SPN	0.000789718754157778
GTEX-1RQEC-0011-R7b-SM-EY5ZS	D2-SPN	0.0191701644455157
GTEX-1RQEC-0011-R7b-SM-EY5ZS	OPC	0.0161595020633925
GTEX-1RQEC-0011-R7b-SM-EY5ZS	Inhib	0.0050437820674742
GTEX-1RQEC-0011-R7b-SM-EY5ZS	Immune	3.11148826288866e-05
GTEX-N7MT-0011-R7a-SM-2I3FZ	Oligo	0.660563791367119
GTEX-N7MT-0011-R7a-SM-2I3FZ	Micro	0.065653223472099
GTEX-N7MT-0011-R7a-SM-2I3FZ	Astro	0.114556032019057
GTEX-N7MT-0011-R7a-SM-2I3FZ	D1-SPN	0.0115879611928664
GTEX-N7MT-0011-R7a-SM-2I3FZ	D2-SPN	0.0895245947551616
GTEX-N7MT-0011-R7a-SM-2I3FZ	OPC	0.0320995957657841
GTEX-N7MT-0011-R7a-SM-2I3FZ	Inhib	0.0065528172615922
GTEX-N7MT-0011-R7a-SM-2I3FZ	Immune	0.0194619841663204
GTEX-NPJ7-0011-R7a-SM-EV79B	Oligo	0.61958035038005
GTEX-NPJ7-0011-R7a-SM-EV79B	Micro	0.0273606123149745
GTEX-NPJ7-0011-R7a-SM-EV79B	Astro	0.1889030661257
GTEX-NPJ7-0011-R7a-SM-EV79B	D1-SPN	0
GTEX-NPJ7-0011-R7a-SM-EV79B	D2-SPN	0.00067616263347769
GTEX-NPJ7-0011-R7a-SM-EV79B	OPC	0.0486443939733009
GTEX-NPJ7-0011-R7a-SM-EV79B	Inhib	0.0212982488423625
GTEX-NPJ7-0011-R7a-SM-EV79B	Immune	0.093537165730134
GTEX-PVOW-0011-R7A-SM-H6Q8Q	Oligo	0.870774188963031
GTEX-PVOW-0011-R7A-SM-H6Q8Q	Micro	0.0170339814046311
GTEX-PVOW-0011-R7A-SM-H6Q8Q	Astro	0.0779811051721036
GTEX-PVOW-0011-R7A-SM-H6Q8Q	D1-SPN	0.00689187345257173
GTEX-PVOW-0011-R7A-SM-H6Q8Q	D2-SPN	0.0132904196968222
GTEX-PVOW-0011-R7A-SM-H6Q8Q	OPC	0.00436764507194502
GTEX-PVOW-0011-R7A-SM-H6Q8Q	Inhib	0.00752800128015141
GTEX-PVOW-0011-R7A-SM-H6Q8Q	Immune	0.00213278495874367
GTEX-Q2AG-0011-R7A-SM-2HMJP	Oligo	0.81677403653822
GTEX-Q2AG-0011-R7A-SM-2HMJP	Micro	0.041931542335586
GTEX-Q2AG-0011-R7A-SM-2HMJP	Astro	0.0736274243892292
GTEX-Q2AG-0011-R7A-SM-2HMJP	D1-SPN	0.014479399901739
GTEX-Q2AG-0011-R7A-SM-2HMJP	D2-SPN	0.0226228994109652
GTEX-Q2AG-0011-R7A-SM-2HMJP	OPC	0.0185155939199454
GTEX-Q2AG-0011-R7A-SM-2HMJP	Inhib	0.0102400153917076
GTEX-Q2AG-0011-R7A-SM-2HMJP	Immune	0.00180908811260756
GTEX-QDT8-0011-R7A-SM-32PKF	Oligo	0.415044512167693
GTEX-QDT8-0011-R7A-SM-32PKF	Micro	0.0541286680870564
GTEX-QDT8-0011-R7A-SM-32PKF	Astro	0.23212839596492
GTEX-QDT8-0011-R7A-SM-32PKF	D1-SPN	0.109143015344801
GTEX-QDT8-0011-R7A-SM-32PKF	D2-SPN	0.135444130672572
GTEX-QDT8-0011-R7A-SM-32PKF	OPC	0.0472169235158725
GTEX-QDT8-0011-R7A-SM-32PKF	Inhib	0.00425369131053576
GTEX-QDT8-0011-R7A-SM-32PKF	Immune	0.00264066293654945
GTEX-QMR6-0011-R7A-SM-32PKL	Oligo	0.782313056722579
GTEX-QMR6-0011-R7A-SM-32PKL	Micro	0.00887458993786901
GTEX-QMR6-0011-R7A-SM-32PKL	Astro	0.173440399020754
GTEX-QMR6-0011-R7A-SM-32PKL	D1-SPN	0
GTEX-QMR6-0011-R7A-SM-32PKL	D2-SPN	0.000706760870357839
GTEX-QMR6-0011-R7A-SM-32PKL	OPC	0.0175524189337267
GTEX-QMR6-0011-R7A-SM-32PKL	Inhib	0.0107730306677944
GTEX-QMR6-0011-R7A-SM-32PKL	Immune	0.00633974384691897
GTEX-QVJO-0011-R7A-SM-G8W5W	Oligo	0.392707095925846
GTEX-QVJO-0011-R7A-SM-G8W5W	Micro	0.0956015970103146
GTEX-QVJO-0011-R7A-SM-G8W5W	Astro	0.281145613950372
GTEX-QVJO-0011-R7A-SM-G8W5W	D1-SPN	0.0501947630142778
GTEX-QVJO-0011-R7A-SM-G8W5W	D2-SPN	0.109298333141327
GTEX-QVJO-0011-R7A-SM-G8W5W	OPC	0.0467085447728741
GTEX-QVJO-0011-R7A-SM-G8W5W	Inhib	0.00624835706323334
GTEX-QVJO-0011-R7A-SM-G8W5W	Immune	0.018095695121755
GTEX-RNOR-0011-R7A-SM-2TF4V	Oligo	0.7451401393831
GTEX-RNOR-0011-R7A-SM-2TF4V	Micro	0.0378155144107594
GTEX-RNOR-0011-R7A-SM-2TF4V	Astro	0.0523555589654067
GTEX-RNOR-0011-R7A-SM-2TF4V	D1-SPN	0.0161318251520125
GTEX-RNOR-0011-R7A-SM-2TF4V	D2-SPN	0.123105167001022
GTEX-RNOR-0011-R7A-SM-2TF4V	OPC	0.0208546218890737
GTEX-RNOR-0011-R7A-SM-2TF4V	Inhib	0.00167391246446632
GTEX-RNOR-0011-R7A-SM-2TF4V	Immune	0.00292326073415953
GTEX-T5JC-0011-R7A-SM-32PME	Oligo	0.687627148067124
GTEX-T5JC-0011-R7A-SM-32PME	Micro	0.0495409330023267
GTEX-T5JC-0011-R7A-SM-32PME	Astro	0.129161278782197
GTEX-T5JC-0011-R7A-SM-32PME	D1-SPN	0.0211318782670143
GTEX-T5JC-0011-R7A-SM-32PME	D2-SPN	0.0917671014663279
GTEX-T5JC-0011-R7A-SM-32PME	OPC	0.0171896572994377
GTEX-T5JC-0011-R7A-SM-32PME	Inhib	0.00358200311557258
GTEX-T5JC-0011-R7A-SM-32PME	Immune	0
GTEX-T6MN-0011-R7A-SM-32QP5	Oligo	0.3619684846205
GTEX-T6MN-0011-R7A-SM-32QP5	Micro	0.0418606514816127
GTEX-T6MN-0011-R7A-SM-32QP5	Astro	0.324113634343552
GTEX-T6MN-0011-R7A-SM-32QP5	D1-SPN	0.0829026651713333
GTEX-T6MN-0011-R7A-SM-32QP5	D2-SPN	0.150634350780059
GTEX-T6MN-0011-R7A-SM-32QP5	OPC	0.0286401738808361
GTEX-T6MN-0011-R7A-SM-32QP5	Inhib	0.00522606850989651
GTEX-T6MN-0011-R7A-SM-32QP5	Immune	0.00465397121221022
GTEX-WHSE-0011-R7A-SM-3P5YZ	Oligo	0.649560352714712
GTEX-WHSE-0011-R7A-SM-3P5YZ	Micro	0.046165397782355
GTEX-WHSE-0011-R7A-SM-3P5YZ	Astro	0.037079969083806
GTEX-WHSE-0011-R7A-SM-3P5YZ	D1-SPN	0
GTEX-WHSE-0011-R7A-SM-3P5YZ	D2-SPN	0.229595229474591
GTEX-WHSE-0011-R7A-SM-3P5YZ	OPC	0.0314263561328511
GTEX-WHSE-0011-R7A-SM-3P5YZ	Inhib	0.00595057520587069
GTEX-WHSE-0011-R7A-SM-3P5YZ	Immune	0.000222119605814174
GTEX-WL46-0011-R7A-SM-3LK7X	Oligo	0.718122326220256
GTEX-WL46-0011-R7A-SM-3LK7X	Micro	0.0680196207723665
GTEX-WL46-0011-R7A-SM-3LK7X	Astro	0.0331192926199114
GTEX-WL46-0011-R7A-SM-3LK7X	D1-SPN	0.0315474691313958
GTEX-WL46-0011-R7A-SM-3LK7X	D2-SPN	0.102483805125965
GTEX-WL46-0011-R7A-SM-3LK7X	OPC	0.0235475649753902
GTEX-WL46-0011-R7A-SM-3LK7X	Inhib	0.00222015942234643
GTEX-WL46-0011-R7A-SM-3LK7X	Immune	0.0209397617323693
GTEX-WVLH-0011-R7A-SM-3MJFB	Oligo	0.59517576322346
GTEX-WVLH-0011-R7A-SM-3MJFB	Micro	0.0556010981732741
GTEX-WVLH-0011-R7A-SM-3MJFB	Astro	0.27591105544152
GTEX-WVLH-0011-R7A-SM-3MJFB	D1-SPN	0
GTEX-WVLH-0011-R7A-SM-3MJFB	D2-SPN	0
GTEX-WVLH-0011-R7A-SM-3MJFB	OPC	0.0495167539837021
GTEX-WVLH-0011-R7A-SM-3MJFB	Inhib	0.0147756735619962
GTEX-WVLH-0011-R7A-SM-3MJFB	Immune	0.00901965561604767
GTEX-WWYW-0011-R7A-SM-3NB3H	Oligo	0.724997570368495
GTEX-WWYW-0011-R7A-SM-3NB3H	Micro	0.0467002668624348
GTEX-WWYW-0011-R7A-SM-3NB3H	Astro	0.174306580877218
GTEX-WWYW-0011-R7A-SM-3NB3H	D1-SPN	0.0169691731823819
GTEX-WWYW-0011-R7A-SM-3NB3H	D2-SPN	0.00106124419943425
GTEX-WWYW-0011-R7A-SM-3NB3H	OPC	0.025081215579572
GTEX-WWYW-0011-R7A-SM-3NB3H	Inhib	0.00292102856226126
GTEX-WWYW-0011-R7A-SM-3NB3H	Immune	0.00796292036820335
GTEX-WZTO-0011-R7B-SM-4E3IS	Oligo	0.858127857194981
GTEX-WZTO-0011-R7B-SM-4E3IS	Micro	0.00966980525692884
GTEX-WZTO-0011-R7B-SM-4E3IS	Astro	0.0873094945643478
GTEX-WZTO-0011-R7B-SM-4E3IS	D1-SPN	0
GTEX-WZTO-0011-R7B-SM-4E3IS	D2-SPN	0.0261521814856389
GTEX-WZTO-0011-R7B-SM-4E3IS	OPC	0.0117003113386084
GTEX-WZTO-0011-R7B-SM-4E3IS	Inhib	0.00601942040926761
GTEX-WZTO-0011-R7B-SM-4E3IS	Immune	0.00102092975022723
GTEX-X261-0011-R7A-SM-4E3JJ	Oligo	0.421599150328187
GTEX-X261-0011-R7A-SM-4E3JJ	Micro	0.0378844295709058
GTEX-X261-0011-R7A-SM-4E3JJ	Astro	0.431505799394041
GTEX-X261-0011-R7A-SM-4E3JJ	D1-SPN	0.000896785341068906
GTEX-X261-0011-R7A-SM-4E3JJ	D2-SPN	0
GTEX-X261-0011-R7A-SM-4E3JJ	OPC	0.10357608225975
GTEX-X261-0011-R7A-SM-4E3JJ	Inhib	0.000565450231591366
GTEX-X261-0011-R7A-SM-4E3JJ	Immune	0.00397230287445533
GTEX-X4EP-0011-R7B-SM-4PQZW	Oligo	0.286989500000435
GTEX-X4EP-0011-R7B-SM-4PQZW	Micro	0.00267683870979777
GTEX-X4EP-0011-R7B-SM-4PQZW	Astro	0.246771628764046
GTEX-X4EP-0011-R7B-SM-4PQZW	D1-SPN	0.0324119872605428
GTEX-X4EP-0011-R7B-SM-4PQZW	D2-SPN	0.408107616420834
GTEX-X4EP-0011-R7B-SM-4PQZW	OPC	0.0109820518853142
GTEX-X4EP-0011-R7B-SM-4PQZW	Inhib	0.00439354411090593
GTEX-X4EP-0011-R7B-SM-4PQZW	Immune	0.00766683284812464
GTEX-X4XX-0011-R7A-SM-46MWR	Oligo	0.823735653143333
GTEX-X4XX-0011-R7A-SM-46MWR	Micro	0.0166948125765214
GTEX-X4XX-0011-R7A-SM-46MWR	Astro	0.144515432724154
GTEX-X4XX-0011-R7A-SM-46MWR	D1-SPN	0.000420194255859975
GTEX-X4XX-0011-R7A-SM-46MWR	D2-SPN	0.000224739319493863
GTEX-X4XX-0011-R7A-SM-46MWR	OPC	0.00836317381830534
GTEX-X4XX-0011-R7A-SM-46MWR	Inhib	0.000887654413525543
GTEX-X4XX-0011-R7A-SM-46MWR	Immune	0.00515833974880661
GTEX-XLM4-0011-R7A-SM-4AT5L	Oligo	0.647162889557941
GTEX-XLM4-0011-R7A-SM-4AT5L	Micro	0.0730199510101527
GTEX-XLM4-0011-R7A-SM-4AT5L	Astro	0.140527856725596
GTEX-XLM4-0011-R7A-SM-4AT5L	D1-SPN	0
GTEX-XLM4-0011-R7A-SM-4AT5L	D2-SPN	0.0886366026440704
GTEX-XLM4-0011-R7A-SM-4AT5L	OPC	0.0183303390622152
GTEX-XLM4-0011-R7A-SM-4AT5L	Inhib	0.000826753249543492
GTEX-XLM4-0011-R7A-SM-4AT5L	Immune	0.0314956077504816
GTEX-Y8DK-0011-R7A-SM-4SOJZ	Oligo	0.660349296007159
GTEX-Y8DK-0011-R7A-SM-4SOJZ	Micro	0.00938832846840327
GTEX-Y8DK-0011-R7A-SM-4SOJZ	Astro	0.260200538497531
GTEX-Y8DK-0011-R7A-SM-4SOJZ	D1-SPN	0.000137315083574409
GTEX-Y8DK-0011-R7A-SM-4SOJZ	D2-SPN	0
GTEX-Y8DK-0011-R7A-SM-4SOJZ	OPC	0.054630703103489
GTEX-Y8DK-0011-R7A-SM-4SOJZ	Inhib	0.0115907656076947
GTEX-Y8DK-0011-R7A-SM-4SOJZ	Immune	0.00370305323214843
GTEX-YFC4-0011-R7b-SM-4V6E2	Oligo	0.527476471652929
GTEX-YFC4-0011-R7b-SM-4V6E2	Micro	0.0401398537047206
GTEX-YFC4-0011-R7b-SM-4V6E2	Astro	0.310965665049183
GTEX-YFC4-0011-R7b-SM-4V6E2	D1-SPN	0.011522046251051
GTEX-YFC4-0011-R7b-SM-4V6E2	D2-SPN	0.00344358637979086
GTEX-YFC4-0011-R7b-SM-4V6E2	OPC	0.0688123309159406
GTEX-YFC4-0011-R7b-SM-4V6E2	Inhib	0.0192924696036752
GTEX-YFC4-0011-R7b-SM-4V6E2	Immune	0.0183475764427098
GTEX-YJ89-0011-R7a-SM-4V6GO	Oligo	0.636600626666752
GTEX-YJ89-0011-R7a-SM-4V6GO	Micro	0.0407023434463254
GTEX-YJ89-0011-R7a-SM-4V6GO	Astro	0.233215134105775
GTEX-YJ89-0011-R7a-SM-4V6GO	D1-SPN	0.00742276171687297
GTEX-YJ89-0011-R7a-SM-4V6GO	D2-SPN	0.0158491365561481
GTEX-YJ89-0011-R7a-SM-4V6GO	OPC	0.0529986500758157
GTEX-YJ89-0011-R7a-SM-4V6GO	Inhib	0.00491410358599472
GTEX-YJ89-0011-R7a-SM-4V6GO	Immune	0.00829724384631549
GTEX-Z93S-0011-R7b-SM-4RGNK	Oligo	0.789956874084708
GTEX-Z93S-0011-R7b-SM-4RGNK	Micro	0.0282714204964868
GTEX-Z93S-0011-R7b-SM-4RGNK	Astro	0.0282855519556808
GTEX-Z93S-0011-R7b-SM-4RGNK	D1-SPN	0
GTEX-Z93S-0011-R7b-SM-4RGNK	D2-SPN	0.0606051297742801
GTEX-Z93S-0011-R7b-SM-4RGNK	OPC	0.0178948342247494
GTEX-Z93S-0011-R7b-SM-4RGNK	Inhib	0.072233635080261
GTEX-Z93S-0011-R7b-SM-4RGNK	Immune	0.00275255438383423
GTEX-ZAB4-0011-R7a-SM-4SOKE	Oligo	0.681639899072167
GTEX-ZAB4-0011-R7a-SM-4SOKE	Micro	0.0338699529124373
GTEX-ZAB4-0011-R7a-SM-4SOKE	Astro	0.153726233761817
GTEX-ZAB4-0011-R7a-SM-4SOKE	D1-SPN	0.00365548815838026
GTEX-ZAB4-0011-R7a-SM-4SOKE	D2-SPN	0.0992762965190245
GTEX-ZAB4-0011-R7a-SM-4SOKE	OPC	0.0177926938569982
GTEX-ZAB4-0011-R7a-SM-4SOKE	Inhib	0.00480465419103927
GTEX-ZAB4-0011-R7a-SM-4SOKE	Immune	0.00523478152813609
GTEX-ZAJG-0011-R7a-SM-GQ1CU	Oligo	0.707812088652331
GTEX-ZAJG-0011-R7a-SM-GQ1CU	Micro	0.0448295341800994
GTEX-ZAJG-0011-R7a-SM-GQ1CU	Astro	0.173884961567161
GTEX-ZAJG-0011-R7a-SM-GQ1CU	D1-SPN	0.00227677593333764
GTEX-ZAJG-0011-R7a-SM-GQ1CU	D2-SPN	0.0280196793587179
GTEX-ZAJG-0011-R7a-SM-GQ1CU	OPC	0.0296917814789143
GTEX-ZAJG-0011-R7a-SM-GQ1CU	Inhib	0.00383268873801046
GTEX-ZAJG-0011-R7a-SM-GQ1CU	Immune	0.00965249009142805
GTEX-ZAK1-0011-R7a-SM-H7OH1	Oligo	0.554268699254526
GTEX-ZAK1-0011-R7a-SM-H7OH1	Micro	0.0343873802801542
GTEX-ZAK1-0011-R7a-SM-H7OH1	Astro	0.347182361537173
GTEX-ZAK1-0011-R7a-SM-H7OH1	D1-SPN	0.00840650508879938
GTEX-ZAK1-0011-R7a-SM-H7OH1	D2-SPN	0.00479456101607776
GTEX-ZAK1-0011-R7a-SM-H7OH1	OPC	0.0453104074197174
GTEX-ZAK1-0011-R7a-SM-H7OH1	Inhib	0.00182230159583535
GTEX-ZAK1-0011-R7a-SM-H7OH1	Immune	0.00382778380771664
GTEX-ZDXO-0011-R7a-SM-4WWCU	Oligo	0.339031550829337
GTEX-ZDXO-0011-R7a-SM-4WWCU	Micro	0.0528410687748479
GTEX-ZDXO-0011-R7a-SM-4WWCU	Astro	0.558712200632004
GTEX-ZDXO-0011-R7a-SM-4WWCU	D1-SPN	0.0290593451128097
GTEX-ZDXO-0011-R7a-SM-4WWCU	D2-SPN	0
GTEX-ZDXO-0011-R7a-SM-4WWCU	OPC	0.0142764230038244
GTEX-ZDXO-0011-R7a-SM-4WWCU	Inhib	0.0018122701745261
GTEX-ZDXO-0011-R7a-SM-4WWCU	Immune	0.00426714147265029
GTEX-ZE7O-0011-R7a-SM-57WCU	Oligo	0.829426284575737
GTEX-ZE7O-0011-R7a-SM-57WCU	Micro	0.00858063141111665
GTEX-ZE7O-0011-R7a-SM-57WCU	Astro	0.14470017831184
GTEX-ZE7O-0011-R7a-SM-57WCU	D1-SPN	0.000730108747082806
GTEX-ZE7O-0011-R7a-SM-57WCU	D2-SPN	0
GTEX-ZE7O-0011-R7a-SM-57WCU	OPC	0.0136519979881605
GTEX-ZE7O-0011-R7a-SM-57WCU	Inhib	0.000629836657446495
GTEX-ZE7O-0011-R7a-SM-57WCU	Immune	0.00228096230861701
GTEX-ZE9C-0011-R7a-SM-4WWCX	Oligo	0.595950970460018
GTEX-ZE9C-0011-R7a-SM-4WWCX	Micro	0.0460857484264012
GTEX-ZE9C-0011-R7a-SM-4WWCX	Astro	0.274285333931255
GTEX-ZE9C-0011-R7a-SM-4WWCX	D1-SPN	0.034579223218364
GTEX-ZE9C-0011-R7a-SM-4WWCX	D2-SPN	0.0160919289518115
GTEX-ZE9C-0011-R7a-SM-4WWCX	OPC	0.0216479786056422
GTEX-ZE9C-0011-R7a-SM-4WWCX	Inhib	0.00691497847868967
GTEX-ZE9C-0011-R7a-SM-4WWCX	Immune	0.00444383792781817
GTEX-ZF28-0011-R7a-SM-4WKF5	Oligo	0.533438333268629
GTEX-ZF28-0011-R7a-SM-4WKF5	Micro	0.00942098288094561
GTEX-ZF28-0011-R7a-SM-4WKF5	Astro	0.360998305356438
GTEX-ZF28-0011-R7a-SM-4WKF5	D1-SPN	0
GTEX-ZF28-0011-R7a-SM-4WKF5	D2-SPN	0
GTEX-ZF28-0011-R7a-SM-4WKF5	OPC	0.0861725116500561
GTEX-ZF28-0011-R7a-SM-4WKF5	Inhib	0.00237658277757923
GTEX-ZF28-0011-R7a-SM-4WKF5	Immune	0.00759328406635158
GTEX-ZUA1-0011-R7b-SM-4YCDP	Oligo	0.500311564362238
GTEX-ZUA1-0011-R7b-SM-4YCDP	Micro	0.0513242656484735
GTEX-ZUA1-0011-R7b-SM-4YCDP	Astro	0.244817515447139
GTEX-ZUA1-0011-R7b-SM-4YCDP	D1-SPN	0.015335915572738
GTEX-ZUA1-0011-R7b-SM-4YCDP	D2-SPN	0.128820525537628
GTEX-ZUA1-0011-R7b-SM-4YCDP	OPC	0.0405171422916234
GTEX-ZUA1-0011-R7b-SM-4YCDP	Inhib	0.00697533738469775
GTEX-ZUA1-0011-R7b-SM-4YCDP	Immune	0.0118977337554616
GTEX-ZV68-0011-R7a-SM-51MT4	Oligo	0.507314415722244
GTEX-ZV68-0011-R7a-SM-51MT4	Micro	0.00331858569481987
GTEX-ZV68-0011-R7a-SM-51MT4	Astro	0.456745358110401
GTEX-ZV68-0011-R7a-SM-51MT4	D1-SPN	0
GTEX-ZV68-0011-R7a-SM-51MT4	D2-SPN	0
GTEX-ZV68-0011-R7a-SM-51MT4	OPC	0.0304626128952948
GTEX-ZV68-0011-R7a-SM-51MT4	Inhib	0.000368203643142917
GTEX-ZV68-0011-R7a-SM-51MT4	Immune	0.00179082393409792
GTEX-ZVT3-0011-R7a-SM-57WCO	Oligo	0.539596404110576
GTEX-ZVT3-0011-R7a-SM-57WCO	Micro	0.00783637776865452
GTEX-ZVT3-0011-R7a-SM-57WCO	Astro	0.330606018689012
GTEX-ZVT3-0011-R7a-SM-57WCO	D1-SPN	0.0148494037565576
GTEX-ZVT3-0011-R7a-SM-57WCO	D2-SPN	0
GTEX-ZVT3-0011-R7a-SM-57WCO	OPC	0.0933388646184412
GTEX-ZVT3-0011-R7a-SM-57WCO	Inhib	0.000240909064072403
GTEX-ZVT3-0011-R7a-SM-57WCO	Immune	0.0135320219926868
GTEX-ZVZQ-0011-R7b-SM-57WBB	Oligo	0.929654245041421
GTEX-ZVZQ-0011-R7b-SM-57WBB	Micro	0.00395999838495002
GTEX-ZVZQ-0011-R7b-SM-57WBB	Astro	0.0435746767807446
GTEX-ZVZQ-0011-R7b-SM-57WBB	D1-SPN	0.0026010410051862
GTEX-ZVZQ-0011-R7b-SM-57WBB	D2-SPN	0
GTEX-ZVZQ-0011-R7b-SM-57WBB	OPC	0.0163690778299607
GTEX-ZVZQ-0011-R7b-SM-57WBB	Inhib	0.00227399163413933
GTEX-ZVZQ-0011-R7b-SM-57WBB	Immune	0.00156696932359777
GTEX-ZXG5-0011-R7b-SM-57WCC	Oligo	0.855807480875128
GTEX-ZXG5-0011-R7b-SM-57WCC	Micro	0.00440930411444286
GTEX-ZXG5-0011-R7b-SM-57WCC	Astro	0.108528635500267
GTEX-ZXG5-0011-R7b-SM-57WCC	D1-SPN	0
GTEX-ZXG5-0011-R7b-SM-57WCC	D2-SPN	0
GTEX-ZXG5-0011-R7b-SM-57WCC	OPC	0.0293720649103062
GTEX-ZXG5-0011-R7b-SM-57WCC	Inhib	0.00120096351796607
GTEX-ZXG5-0011-R7b-SM-57WCC	Immune	0.000681551081890302
GTEX-ZYFD-0011-R7a-SM-GPI8Z	Oligo	0.493620014317872
GTEX-ZYFD-0011-R7a-SM-GPI8Z	Micro	0.0187565167360943
GTEX-ZYFD-0011-R7a-SM-GPI8Z	Astro	0.349366943080147
GTEX-ZYFD-0011-R7a-SM-GPI8Z	D1-SPN	0.01442328837896
GTEX-ZYFD-0011-R7a-SM-GPI8Z	D2-SPN	0.0861521639519243
GTEX-ZYFD-0011-R7a-SM-GPI8Z	OPC	0.0270622654065876
GTEX-ZYFD-0011-R7a-SM-GPI8Z	Inhib	0.0020671568872635
GTEX-ZYFD-0011-R7a-SM-GPI8Z	Immune	0.00855165124115099
GTEX-ZYY3-0011-R7a-SM-H7OGI	Oligo	0.124999547635252
GTEX-ZYY3-0011-R7a-SM-H7OGI	Micro	0.146975649782239
GTEX-ZYY3-0011-R7a-SM-H7OGI	Astro	0.414793516660972
GTEX-ZYY3-0011-R7a-SM-H7OGI	D1-SPN	0.0877052207461366
GTEX-ZYY3-0011-R7a-SM-H7OGI	D2-SPN	0.158523806318097
GTEX-ZYY3-0011-R7a-SM-H7OGI	OPC	0.0506262037290049
GTEX-ZYY3-0011-R7a-SM-H7OGI	Inhib	0.00302545144443323
GTEX-ZYY3-0011-R7a-SM-H7OGI	Immune	0.0133506036838645
GTEX-ZZPT-0011-R7a-SM-H7OH8	Oligo	0.607219295305152
GTEX-ZZPT-0011-R7a-SM-H7OH8	Micro	0.0234090129468366
GTEX-ZZPT-0011-R7a-SM-H7OH8	Astro	0.327806828044104
GTEX-ZZPT-0011-R7a-SM-H7OH8	D1-SPN	0.000542767193243477
GTEX-ZZPT-0011-R7a-SM-H7OH8	D2-SPN	0
GTEX-ZZPT-0011-R7a-SM-H7OH8	OPC	0.0213043363965669
GTEX-ZZPT-0011-R7a-SM-H7OH8	Inhib	0.00401940314396365
GTEX-ZZPT-0011-R7a-SM-H7OH8	Immune	0.0156983569701335
