# ALPHA = 0.05
# NUMBER_OF_TESTS = 388

# _SET1_  VARIABLE = gtex__cerebellum__M002 (set)
# _SET1_  NGENES = 513
# _SET1_  P-VALUE = 4.77551e-05
_SET1_   GENE        CHR      START       STOP  NSNPS  NPARAM       N        ZSTAT            P  ZFITTED_BASE  ZRESID_BASE
_SET1_   118424        1    1189292    1209234      3       1  138086     -0.99239       0.8282             0     -0.99239
_SET1_   199990        1    2115899    2144159     30       5  138086     -0.65067      0.68064             0     -0.65067
_SET1_   9696          1   17248445   17299474     72       9  138086      0.14522      0.36665   -2.7756e-17      0.14522
_SET1_   23400         1   17312453   17338467     53      11  138086       3.1505   0.00037061             0       3.1505
_SET1_   54896         1   19638740   19658925    112      19  138086       1.4551     0.044777             0       1.4551
_SET1_   84243         1   27153201   27184092     57      11  138086       1.3455      0.06013             0       1.3455
_SET1_   55116         1   32538503   32568467     39       6  138086      0.54239      0.24186             0      0.54239
_SET1_   1503          1   41445007   41478237    104      24  138086     -0.70162      0.67784             0     -0.70162
_SET1_   79654         1   45468220   45477027     35       9  138086     -0.41142      0.58543   -5.5511e-17     -0.41142
_SET1_   60313         1   46092976   46153782    166      14  138086     -0.64202       0.6582             0     -0.64202
_SET1_   7388          1   46769324   46782448     29      12  138086      -2.4109      0.98616             0      -2.4109
_SET1_   54432         1   54317392   54355487    132      14  138086      -1.3297      0.86248             0      -1.3297
_SET1_   83941         1   62146718   62191095    136      20  138086      0.14784      0.34961   -2.7756e-17      0.14784
_SET1_   84251         1   66999066   67210768    877      31  138086       1.7659     0.017782             0       1.7659
_SET1_   1486          1   85018804   85048039    128      28  138086     -0.52986      0.61863             0     -0.52986
_SET1_   50999         1   93615299   93646246     89      17  138086      0.48055      0.24023   -5.5511e-17      0.48055
_SET1_   30836         1   94335014   94345474     50      10  138086       1.3864     0.054523             0       1.3864
_SET1_   55170         1  107599267  107601916      5       3  138086     -0.15246      0.50426   -2.7756e-17     -0.15246
_SET1_   6301          1  109756515  109780804     57      20  138086       0.2837      0.30263   -5.5511e-17       0.2837
_SET1_   2947          1  110276554  110283660     18       6  138086      -1.0939      0.81527             0      -1.0939
_SET1_   10745         1  114239824  114302165    144      24  138086       0.2937      0.29567   -5.5511e-17       0.2937
_SET1_   4808          1  116378998  116383747     10       5  138086    -0.057086      0.45139   -3.4694e-17    -0.057086
_SET1_   54460         1  150266262  150281414     58       8  138086       1.3364     0.061084             0       1.3364
_SET1_   23557         1  153631130  153634328      5       2  138086       1.4871     0.052294             0       1.4871
_SET1_   23623         1  155290640  155300909      8       3  138086      -1.0864      0.83691             0      -1.0864
_SET1_   54856         1  155719450  155829185    171      16  138086      0.69734      0.17822             0      0.69734
_SET1_   5546          1  156737274  156770609     96      15  138086      0.98531      0.11167             0      0.98531
_SET1_   54935         1  159750730  159752333      6       3  138086      0.47681      0.27153   -5.5511e-17      0.47681
_SET1_   4720          1  161167209  161184185     61      25  138086     -0.15053      0.46868   -2.7756e-17     -0.15053
_SET1_   57795         1  177140058  177251558    259      37  138086      0.17186      0.33387   -2.7756e-17      0.17186
_SET1_   10440         1  201924619  201939789     47      11  138086        1.267     0.068875             0        1.267
_SET1_   1939          1  206764974  206785904     77      20  138086     -0.68098      0.67237             0     -0.68098
_SET1_   5208          1  207207761  207254368    123      19  138086       2.3879    0.0043443             0       2.3879
_SET1_   55105         1  217603834  217804426    666      68  138086      0.20525      0.31868   -2.7756e-17      0.20525
_SET1_   375056        1  222791444  222841351    126      13  138086      -1.4725      0.89451             0      -1.4725
_SET1_   4931          1  224415036  224517891    305      36  138086       2.1197    0.0092464             0       2.1197
_SET1_   79169         1  228288428  228293112      7       3  138086     -0.25419      0.55169   -5.5511e-17     -0.25419
_SET1_   27097         1  229728858  229761794     89      13  138086       1.8986     0.016588             0       1.8986
_SET1_   6894          1  234527059  234614863    441      52  138086      0.72625      0.16079             0      0.72625
_SET1_   52            2     264869     278283     29       7  138086        1.664     0.030924             0        1.664
_SET1_   10669         2   27322159   27341995     45      13  138086      0.18687       0.3407   -2.7756e-17      0.18687
_SET1_   8884          2   27422455   27435175     34       8  138086     -0.97426      0.78473             0     -0.97426
_SET1_   4358          2   27532360   27545969     25      12  138086      0.50023      0.24162             0      0.50023
_SET1_   64080         2   28004266   28113223    313      26  138086     -0.30493      0.52219   -5.5511e-17     -0.30493
_SET1_   80745         2   39963200   40006416    132      15  138086     0.050876      0.38567   -3.4694e-17     0.050876
_SET1_   130271        2   43864439   43995126    605      53  138086       2.2407    0.0057347             0       2.2407
_SET1_   9419          2   46844325   46852881     29      12  138086       1.0598      0.10142             0       1.0598
_SET1_   400954        2   54952149   55199157   1372     101  138086       1.6093     0.027702             0       1.6093
_SET1_   55704         2   55514978   55647057    608      27  138086     -0.80476      0.69709             0     -0.80476
_SET1_   5861          2   65313988   65357435    154      22  138086       1.7278     0.024638             0       1.7278
_SET1_   54465         2   67624442   67637540     54      12  138086       1.7064     0.027884             0       1.7064
_SET1_   27247         2   69623245   69664760    132      15  138086      0.75526      0.16004             0      0.75526
_SET1_   84908         2   70523108   70529293     19       5  138086      -1.3606      0.88322             0      -1.3606
_SET1_   25806         2   71127720   71160576    135      32  138086        1.769     0.022117             0        1.769
_SET1_   1639          2   74588281   74619214     49      11  138086      -1.2288      0.85104             0      -1.2288
_SET1_   84759         2   74732170   74735707      5       3  138086       0.2222      0.35688   -2.7756e-17       0.2222
_SET1_   10505         2   74881355   74910981     47       8  138086      -1.0248      0.80228             0      -1.0248
_SET1_   7844          2   86830516   86851000     50       9  138086        1.324     0.063015             0        1.324
_SET1_   64969         2   95752952   95787754     17       9  138086      0.80767      0.15732             0      0.80767
_SET1_   80146         2  106709759  106810795    390      50  138086     0.011096      0.39812   -3.6429e-17     0.011096
_SET1_   150465        2  113239743  113290223    140      24  138086       0.1785      0.33834   -2.7756e-17       0.1785
_SET1_   150472        2  114195268  114253781      9       3  138086       0.2755      0.33702   -5.5511e-17       0.2755
_SET1_   55339         2  128461808  128568761    323      37  138086      0.54548        0.213             0      0.54548
_SET1_   80097         2  130939248  130962365     39       3  138086      0.07239      0.41171   -4.1633e-17      0.07239
_SET1_   3760          2  155555093  155714864    612      67  138086     -0.66188      0.65295             0     -0.66188
_SET1_   130507        2  170684010  170940641    991      31  138086      -2.2918       0.9743             0      -2.2918
_SET1_   5163          2  173420101  173490351    220      17  138086     -0.72056      0.68809             0     -0.72056
_SET1_   150709        2  190539018  190625919    138      15  138086     -0.40075      0.57062   -5.5511e-17     -0.40075
_SET1_   94101         2  190634993  190649097     30       5  138086      -0.3015      0.55122   -5.5511e-17      -0.3015
_SET1_   285175        2  210636717  210864024    496      34  138086     -0.47523      0.57869   -5.5511e-17     -0.47523
_SET1_   79065         2  220084102  220094387     22       4  138086       1.7727     0.028138             0       1.7727
_SET1_   3300          2  220144040  220151622     20       5  138086       2.3761    0.0055601             0       2.3761
_SET1_   23704         2  223916648  223920355     14       5  138086      -0.6788      0.69695             0      -0.6788
_SET1_   56947         2  228189867  228222552    142      19  138086      -1.3298      0.86376             0      -1.3298
_SET1_   5757          2  232573235  232578251     30       8  138086      0.15733      0.36507   -2.7756e-17      0.15733
_SET1_   339768        2  239008951  239041928    174      23  138086      0.78797       0.1491             0      0.78797
_SET1_   132014        3    9944296    9958086     40       4  138086      0.21222      0.34893   -2.7756e-17      0.21222
_SET1_   491           3   10365707   10733131   1677     151  138086      0.24765      0.30602   -2.7756e-17      0.24765
_SET1_   64145         3   15111580   15140662     97      14  138086     -0.85911      0.74405             0     -0.85911
_SET1_   26061         3   15602239   15643359    131      37  138086    -0.011125      0.41955   -3.6429e-17    -0.011125
_SET1_   152100        3   28282838   28361264    214      31  138086     -0.29847      0.51784   -5.5511e-17     -0.29847
_SET1_   64343         3   28363844   28390915     40      10  138086       1.3792     0.055988             0       1.3792
_SET1_   4292          3   37034841   37092337    177      24  138086      -1.6813      0.92457             0      -1.6813
_SET1_   22907         3   47844399   47891686     54      11  138086       3.0342   0.00058171             0       3.0342
_SET1_   51517         3   48700419   48723366     43       8  138086       1.2815     0.071331             0       1.2815
_SET1_   29925         3   49758909   49761407      3       2  138086      -1.7359      0.95024             0      -1.7359
_SET1_   58515         3   53919226   53925989     23       6  138086        2.149    0.0097037             0        2.149
_SET1_   54899         3   58318617   58411815    401      21  138086      0.95791      0.10861             0      0.95791
_SET1_   9861          3   63996225   64009686     56      19  138086     -0.51415      0.61494             0     -0.51415
_SET1_   56999         3   64501330   64673676    659      64  138086      0.72261      0.15861             0      0.72261
_SET1_   9039          3   69103881   69129524     66      14  138086       -1.323      0.86249             0       -1.323
_SET1_   56954         3  100053483  100075844     68      16  138086       0.3836      0.27066   -5.5511e-17       0.3836
_SET1_   29114         3  111717586  111732735    100      24  138086      -1.3438      0.86373             0      -1.3438
_SET1_   8702          3  118930589  118959754    159      29  138086    -0.016622      0.41144   -3.8164e-17    -0.016622
_SET1_   51365         3  119316695  119348658    164      22  138086       1.4354       0.0465             0       1.4354
_SET1_   57461         3  128846259  128880409     61      16  138086      0.31971      0.30225   -5.5511e-17      0.31971
_SET1_   90288         3  129120164  129147494    123      12  138086       1.0249      0.11111             0       1.0249
_SET1_   28990         3  130732721  130745698     33       8  138086      0.32933       0.2988   -5.5511e-17      0.32933
_SET1_   4690          3  136581050  136670446    238      15  138086      -1.3247      0.85929             0      -1.3247
_SET1_   9616          3  141457051  141465645     29       7  138086     -0.23043      0.51985   -2.7756e-17     -0.23043
_SET1_   57088         3  145910122  145968966    295      24  138086      0.77774      0.14985             0      0.77774
_SET1_   2992          3  148709195  148745456    108      27  138086      0.28034      0.30196   -5.5511e-17      0.28034
_SET1_   1356          3  148880197  148939832    190      37  138086      -0.0748      0.43679   -4.1633e-17      -0.0748
_SET1_   25937         3  149235022  149421060    734      73  138086     -0.15845      0.45468   -2.7756e-17     -0.15845
_SET1_   85476         3  158362286  158410361    206      15  138086     -0.25682      0.50367   -5.5511e-17     -0.25682
_SET1_   55669         3  179065480  179111014    162      27  138086      0.37769      0.26978   -5.5511e-17      0.37769
_SET1_   1173          3  183892634  183901879     33      14  138086     0.037037      0.39591   -3.4694e-17     0.037037
_SET1_   131408        3  184053717  184064063     33      15  138086       1.5856     0.035563             0       1.5856
_SET1_   9175          3  185000729  185206882    530      31  138086     -0.53927      0.59971             0     -0.53927
_SET1_   5984          3  186507681  186524484     56      10  138086     -0.48221      0.60643   -5.5511e-17     -0.48221
_SET1_   3280          3  193853931  193856401      3       1  138086     -0.56182      0.70058             0     -0.56182
_SET1_   200933        3  196295725  196315930     28       4  138086     0.068696      0.40487   -4.1633e-17     0.068696
_SET1_   4241          3  196728611  196756687    104      22  138086       1.6986     0.026637             0       1.6986
_SET1_   89782         3  197687071  197770591    198      15  138086       -2.641      0.99221             0       -2.641
_SET1_   2580          4     843065     926174    385      37  138086       4.1416   5.2247e-06             0       4.1416
_SET1_   85013         4    4237269    4249965     98       5  138086      -1.7859      0.94541             0      -1.7859
_SET1_   166647        4   22388997   22517677    578      53  138086      0.13108      0.34328   -2.7756e-17      0.13108
_SET1_   91050         4   24807739   24981826    585      43  138086     -0.94695      0.74408             0     -0.94695
_SET1_   285429        4   41983713   41988484     11       3  138086        1.319     0.072046             0        1.319
_SET1_   57606         4   48343497   48428218    268      18  138086     -0.08037      0.43172   -4.1633e-17     -0.08037
_SET1_   26511         4   54874540   54931562     93      16  138086      0.20929      0.32946   -2.7756e-17      0.20929
_SET1_   27163         4   76831808   76862166    159      19  138086     -0.54228      0.61914             0     -0.54228
_SET1_   55589         4   79697532   79837519    298      16  138086      -2.4622      0.98772             0      -2.4622
_SET1_   51023         4   84377085   84382929      8       2  138086     -0.56095      0.66356             0     -0.56095
_SET1_   6622          4   90645250   90759447    460      38  138086      -0.4958      0.58688   -5.5511e-17      -0.4958
_SET1_   4126          4  103552643  103682151    467      34  138086     -0.33491      0.52332   -5.5511e-17     -0.33491
_SET1_   9255          4  107236767  107270382     74      10  138086      0.88044      0.13837             0      0.88044
_SET1_   11157         4  147096835  147111213     44       4  138086       1.1476     0.093785             0       1.1476
_SET1_   5481          4  159630279  159644552     27       7  138086       1.7685     0.024974             0       1.7685
_SET1_   26269         4  175157809  175205415    152      33  138086      0.60662      0.20024             0      0.60662
_SET1_   5810          5   34905365   34915780     23       8  138086      -1.8727      0.95461             0      -1.8727
_SET1_   65056         5   56469676   56560506    239      43  138086       -1.284      0.85023             0       -1.284
_SET1_   1161          5   60169659   60240905    182      23  138086       1.1837     0.075838             0       1.1837
_SET1_   10283         5   64064755   64314590    839      40  138086     -0.41968      0.53784   -5.5511e-17     -0.41968
_SET1_   8546          5   77298150   77590579    797      32  138086     -0.48836      0.56671   -5.5511e-17     -0.48836
_SET1_   83734         5   81267844   81551958    656      60  138086     -0.44088      0.56692   -5.5511e-17     -0.44088
_SET1_   1350          5   85913784   85916583      8       4  138086      -1.6563       0.9342             0      -1.6563
_SET1_   902           5   86687310   86708850     38      11  138086       1.2355     0.077037             0       1.2355
_SET1_   2745          5   95149553   95158577     20       7  138086      0.90365      0.13426             0      0.90365
_SET1_   91137         5  110073837  110100857     67      14  138086      0.33341      0.29444   -5.5511e-17      0.33341
_SET1_   6728          5  112196885  112228776    168      22  138086     -0.23945      0.49796   -2.7756e-17     -0.23945
_SET1_   8572          5  131593351  131609147     59      13  138086       1.0367      0.10326             0       1.0367
_SET1_   54819         5  132332677  132362275     81       7  138086     -0.15485      0.48494   -2.7756e-17     -0.15485
_SET1_   9879          5  134094461  134166811    172      31  138086       1.6231     0.032595             0       1.6231
_SET1_   3550          5  140027384  140042065     37       9  138086       2.6211    0.0023187             0       2.6211
_SET1_   54853         5  140044384  140051930     25       9  138086       2.5092    0.0033364             0       2.5092
_SET1_   81789         5  149372686  149380730     18       7  138086      0.41434      0.27064   -5.5511e-17      0.41434
_SET1_   63920         5  159820155  159827060     20      10  138086      0.25834      0.31933   -5.5511e-17      0.25834
_SET1_   1212          5  175819456  175843570     63      19  138086      -1.0186      0.78407             0      -1.0186
_SET1_   54825         5  175969512  176022769    215      28  138086       1.3001      0.06012             0       1.3001
_SET1_   11285         5  177027119  177037348     29       6  138086     -0.82547       0.7355             0     -0.82547
_SET1_   5601          5  179660594  179719071    299      41  138086      0.26336       0.3028   -5.5511e-17      0.26336
_SET1_   57380         6   24403141   24425816    161      23  138086      -1.0167      0.78189             0      -1.0167
_SET1_   7629          6   35226691   35263762    125      22  138086       2.4224    0.0041003             0       2.4224
_SET1_   1432          6   35995412   36079013    259      23  138086     -0.87286      0.73653             0     -0.87286
_SET1_   221443        6   41034526   41040207     20       5  138086      0.38783      0.28834   -5.5511e-17      0.38783
_SET1_   51069         6   43021767   43028259     19       6  138086      0.76101      0.17786             0      0.76101
_SET1_   10591         6   43193367   43197211     12       7  138086      -1.7376      0.94231             0      -1.7376
_SET1_   401262        6   43273211   43277005      7       3  138086      0.11578       0.3941   -4.1633e-17      0.11578
_SET1_   221336        6   56819773   56892450    168      13  138086     -0.14235       0.4675   -2.7756e-17     -0.14235
_SET1_   51715         6   57051790   57087112     34       7  138086       1.0143      0.11489             0       1.0143
_SET1_   23469         6   64345707   64424407    140      22  138086      -1.3631      0.87131             0      -1.3631
_SET1_   57579         6   71123107   71270877    582      26  138086     -0.56301      0.61277             0     -0.56301
_SET1_   5238          6   83874592   83903655     59      15  138086     -0.13175      0.46325   -2.7756e-17     -0.13175
_SET1_   10559         6   88182637   88222057    155      22  138086      0.92203      0.12167             0      0.92203
_SET1_   10957         6   89790429   89794879     15       6  138086       1.0402      0.11664             0       1.0402
_SET1_   26235         6   99321601   99395882    181      32  138086     -0.40668      0.56609   -5.5511e-17     -0.40668
_SET1_   100130890     6   99968870   99981061     45      14  138086      -2.0965      0.96934             0      -2.0965
_SET1_   60487         6  126307576  126360422     60       9  138086      0.42138      0.26297   -5.5511e-17      0.42138
_SET1_   51390         6  143381979  143661441    816      85  138086     -0.57853      0.62673             0     -0.57853
_SET1_   55005         6  151725897  151773316    231      29  138086      -1.0485      0.78794             0      -1.0485
_SET1_   79778         7    1473995    1499138     63       6  138086      0.89512      0.14283             0      0.89512
_SET1_   51622         7    5938341    5965605     23       7  138086      0.19968      0.34502   -2.7756e-17      0.19968
_SET1_   56913         7    7222178    7288282    478      34  138086    -0.062668       0.4168   -4.1633e-17    -0.062668
_SET1_   23333         7   34968491   35077653    400      21  138086     -0.20894      0.47503   -2.7756e-17     -0.20894
_SET1_   313           7   36552549   36764154    812      85  138086      0.86522      0.12811             0      0.86522
_SET1_   83930         7   38217808   38270272    175      24  138086     -0.43567      0.57305   -5.5511e-17     -0.43567
_SET1_   57002         7   39605984   39651681    214      32  138086     -0.46614      0.58874   -5.5511e-17     -0.46614
_SET1_   5683          7   42956460   42971805     44       7  138086       2.1165     0.011003             0       2.1165
_SET1_   64983         7   42971804   42977456     24       4  138086       2.0236     0.014965             0       2.0236
_SET1_   644           7   43798272   43846941    116      23  138086      0.38496      0.26579   -5.5511e-17      0.38496
_SET1_   222068        7   44617493   44621881     16       5  138086    -0.017058      0.43535   -3.8164e-17    -0.017058
_SET1_   10898         7   99036563   99054996     47       8  138086     -0.23487      0.52394   -2.7756e-17     -0.23487
_SET1_   221786        7   99143923   99156115     13       5  138086      0.73747      0.18613             0      0.73747
_SET1_   89122         7   99488030   99517223     83      13  138086      0.50106      0.23249             0      0.50106
_SET1_   10734         7   99775186   99812010     95      12  138086       1.8376     0.019481             0       1.8376
_SET1_   4034          7  100171634  100183806     31      11  138086       1.4719     0.047027             0       1.4719
_SET1_   51412         7  100240720  100254084     21      10  138086       0.2749      0.31719   -5.5511e-17       0.2749
_SET1_   54784         7  102096667  102105321     30       9  138086      0.66878      0.19177             0      0.66878
_SET1_   2845          7  107110502  107116125      9       4  138086      0.92642      0.13711             0      0.92642
_SET1_   800           7  134464164  134655480    700      65  138086      0.42041      0.24175   -5.5511e-17      0.42041
_SET1_   340351        7  134671259  134820530    448      26  138086       1.1609     0.074125             0       1.1609
_SET1_   154790        7  139208674  139229731     14       8  138086       1.5127     0.044607             0       1.5127
_SET1_   3361          7  154862034  154879102    124      15  138086       1.0851     0.095803             0       1.0851
_SET1_   79648         8    6264113    6501140   1397     103  138086      0.43262      0.22782   -5.5511e-17      0.43262
_SET1_   64760         8   21946695   21962405     41       9  138086       0.6187      0.20296             0       0.6187
_SET1_   8793          8   22993101   23021543    117      28  138086      -1.1844      0.82796             0      -1.1844
_SET1_   1978          8   37888020   37917883     24       3  138086      0.51215      0.25555             0      0.51215
_SET1_   114926        8   42396298   42408140     38       7  138086        2.619    0.0024043             0        2.619
_SET1_   137872        8   67344693   67384260    176      29  138086     -0.49981      0.59761   -5.5511e-17     -0.49981
_SET1_   4603          8   67474410   67525484    103      14  138086      -0.1987      0.50402   -2.7756e-17      -0.1987
_SET1_   116328        8   69242957   69731258   1757     124  138086       1.5244     0.032427             0       1.5244
_SET1_   51101         8   79578282   79632000    125      14  138086       1.4075     0.051239             0       1.4075
_SET1_   51001         8   97251645   97273796     48      12  138086      0.15402       0.3541   -2.7756e-17      0.15402
_SET1_   8667          8  117657055  117768258    255      22  138086     -0.59652      0.63667             0     -0.59652
_SET1_   84294         8  117778742  117792449     41      14  138086     0.051608      0.39467   -3.4694e-17     0.051608
_SET1_   51337         8  143808621  143818350     23       6  138086         1.12     0.093682             0         1.12
_SET1_   2738          8  144333524  144359101     68       6  138086       1.4826     0.046244             0       1.4826
_SET1_   7264          8  144694788  144700358     24       7  138086      0.12827      0.37242   -2.7756e-17      0.12827
_SET1_   84875         8  145051320  145060635     14       3  138086       2.0109     0.014914             0       2.0109
_SET1_   2907          8  145064226  145067596      3       1  138086       2.1694     0.011677             0       2.1694
_SET1_   113655        8  145733161  145736596      4       2  138086       2.1259     0.012169             0       2.1259
_SET1_   80728         8  145754563  145838891    200      14  138086       1.1623     0.085426             0       1.1623
_SET1_   6619          9   15422694   15466747    125      15  138086      0.07949      0.38433   -4.1633e-17      0.07949
_SET1_   54801         9   19053135   19102940    240      23  138086      -0.1357      0.45435   -2.7756e-17      -0.1357
_SET1_   123           9   19115759   19127604     44      12  138086     -0.62324      0.65776             0     -0.62324
_SET1_   138716        9   34610482   34612110      2       1  138086     0.037682      0.45995   -3.4694e-17     0.037682
_SET1_   11258         9   34613542   34620520      7       3  138086      0.53575      0.24604             0      0.53575
_SET1_   4882          9   35789962   35809728     43       9  138086     -0.79518      0.72212             0     -0.79518
_SET1_   84681         9   35812957   35815481      6       3  138086     -0.49628      0.63594   -5.5511e-17     -0.49628
_SET1_   401505        9   37588410   37592636     12       4  138086      -0.4521      0.61599   -5.5511e-17      -0.4521
_SET1_   23230         9   79792269   80032399    972      44  138086      0.37353      0.24154   -5.5511e-17      0.37353
_SET1_   7091          9   82186878   82341658    398      39  138086      0.74997      0.15675             0      0.74997
_SET1_   169841        9   97021578   97065291    207      28  138086      -2.4696      0.98666             0      -2.4696
_SET1_   375748        9   98637900   98731122    330      31  138086       1.7312     0.023281             0       1.7312
_SET1_   7507          9  100437191  100459691     77       8  138086      0.39432      0.28435   -5.5511e-17      0.39432
_SET1_   85365         9  101978707  101984246      8       1  138086       0.3546      0.34156   -5.5511e-17       0.3546
_SET1_   114987        9  116075502  116102620     75      16  138086      0.88627      0.13211             0      0.88627
_SET1_   51117         9  131084791  131096351     29       8  138086      0.87045      0.14674             0      0.87045
_SET1_   23404         9  133569158  133580452     27      13  138086      0.96428      0.12091             0      0.96428
_SET1_   11182         9  136336216  136344276     19       6  138086      0.36745      0.29172   -5.5511e-17      0.36745
_SET1_   51162         9  139553308  139567130     14       3  138086       1.1266     0.099637             0       1.1266
_SET1_   138311        9  139607024  139619170     13       4  138086      -1.9501      0.96317             0      -1.9501
_SET1_   55684         9  139702374  139735639     25       2  138086     -0.98582       0.8073             0     -0.98582
_SET1_   286257        9  139886870  139888428      1       1  138086       1.3839      0.06737             0       1.3839
_SET1_   54932         9  140201346  140317714      7       2  138086      0.12806      0.41403   -2.7756e-17      0.12806
_SET1_   774           9  140772241  141019076    371      23  138086     -0.32361      0.52546   -5.5511e-17     -0.32361
_SET1_   5214         10    3109667    3178997    441      57  138086      0.17451      0.32967   -2.7756e-17      0.17451
_SET1_   84991        10    6130949    6159422    145      35  138086      0.23433      0.32029   -2.7756e-17      0.23433
_SET1_   9397         10   15147771   15210703    268      30  138086      -1.2507      0.84322             0      -1.2507
_SET1_   6387         10   44865601   44880545     94      22  138086      0.43615       0.2527   -5.5511e-17      0.43615
_SET1_   100507027    10   61496748   61513203     60      17  138086     -0.68313       0.6747             0     -0.68313
_SET1_   9559         10   70883908   70932617    231      21  138086      -0.2303      0.49693   -2.7756e-17      -0.2303
_SET1_   56681        10   71909960   71930285     76      13  138086     -0.59499      0.64685             0     -0.59499
_SET1_   311          10   81914880   81965433    214      24  138086      0.29468      0.29297   -5.5511e-17      0.29468
_SET1_   23063        10   88195013   88281541    290      29  138086      0.75515      0.15832             0      0.75515
_SET1_   54537        10   88854953   88951225    168      17  138086      0.31184      0.28843   -5.5511e-17      0.31184
_SET1_   118924       10   95427640   95462329    106      11  138086       1.8312     0.019777             0       1.8312
_SET1_   51196        10   95753746   96088149   1124     104  138086     -0.51093      0.59494             0     -0.51093
_SET1_   81894        10  101370275  101419039    156      14  138086     -0.17076      0.47705   -2.7756e-17     -0.17076
_SET1_   79955        10  102767440  102790914     84      30  138086       3.1387   0.00035905             0       3.1387
_SET1_   84108        10  105062553  105110891    111      32  138086       0.9001      0.12733             0       0.9001
_SET1_   9184         10  124913760  124924886     22       4  138086       1.1877     0.091405             0       1.1877
_SET1_   56647        10  127512102  127542264     53      12  138086      0.14095      0.35682   -2.7756e-17      0.14095
_SET1_   93426        10  135367404  135381795    107       5  138086      0.95832       0.1311             0      0.95832
_SET1_   55367        11     799179     809872     42       9  138086     -0.77086      0.71066             0     -0.77086
_SET1_   66005        11     867859     915058    103      13  138086     -0.79426      0.71209             0     -0.79426
_SET1_   144132       11    6517994    6593255    269      40  138086      -1.2045      0.82788             0      -1.2045
_SET1_   81846        11    9800214   10315754   2168      53  138086      0.85329     0.089714             0      0.85329
_SET1_   113174       11   18101890   18127638    100       9  138086       0.6261      0.19957             0       0.6261
_SET1_   196294       11   31453948   31531169    117      17  138086     -0.61247      0.64792             0     -0.61247
_SET1_   3995         11   61640998   61659006     58      13  138086      -1.7192      0.93338             0      -1.7192
_SET1_   79064        11   62557787   62559486      6       3  138086     -0.86667        0.776             0     -0.86667
_SET1_   84304        11   63993730   63997491     11       5  138086     -0.94249      0.78188             0     -0.94249
_SET1_   23625        11   65339820   65341669      2       1  138086     -0.90504      0.80109             0     -0.90504
_SET1_   582          11   66278077   66301084     59      10  138086    -0.074243       0.4452   -4.1633e-17    -0.074243
_SET1_   5936         11   66406088   66435856     36      16  138086     -0.52664       0.6187             0     -0.52664
_SET1_   54961        11   67070919   67080078     17       7  138086     -0.84104      0.75277             0     -0.84104
_SET1_   6199         11   67195935   67202879     18       5  138086      0.49023      0.25013   -5.5511e-17      0.49023
_SET1_   55191        11   71164217   71212586    202      16  138086      -1.0535      0.79334             0      -1.0535
_SET1_   25906        11   71820633   71823822      6       2  138086        1.107      0.11467             0        1.107
_SET1_   51501        11   86013253   86056985    203      26  138086     0.054966      0.37953   -3.4694e-17     0.054966
_SET1_   120103       11   92880850   92931095    143      26  138086     -0.93734      0.75627             0     -0.93734
_SET1_   28970        11   93474769   93496250     85      11  138086     -0.51181      0.61454             0     -0.51181
_SET1_   143684       11   95502106   95522954     78      14  138086     -0.69869      0.68077             0     -0.69869
_SET1_   84259        11  102921413  102962944    109      29  138086      0.52739      0.22535             0      0.52739
_SET1_   57646        11  113668597  113746292    224      33  138086       1.4027     0.049694             0       1.4027
_SET1_   120425       11  118064442  118095809    131      18  138086     -0.42997      0.57451   -5.5511e-17     -0.42997
_SET1_   6309         11  121163388  121184119     26       6  138086      0.61323      0.21294             0      0.61323
_SET1_   29118        11  125774261  125793005     70      15  138086      0.65486      0.18805             0      0.65486
_SET1_   84318        12     498516     551811    202      44  138086      0.32271      0.28756   -5.5511e-17      0.32271
_SET1_   83695        12    2985424    2998691     23       2  138086      0.40061      0.29692   -5.5511e-17      0.40061
_SET1_   83461        12    6957972    6961128      4       2  138086      0.56504      0.24763             0      0.56504
_SET1_   9847         12   22601511   22697452    144       6  138086     -0.23491      0.52835   -2.7756e-17     -0.23491
_SET1_   23416        12   49932834   49952091     50       9  138086      0.62499       0.2079             0      0.62499
_SET1_   51474        12   50569563   50677353    174      16  138086       0.9843      0.10973             0       0.9843
_SET1_   5204         12   53689235   53693234     10       2  138086       1.1266      0.11471             0       1.1266
_SET1_   22864        12   57647547   57824782    271      18  138086       2.0359     0.010997             0       2.0359
_SET1_   64333        12   57866038   57882756     47      15  138086      0.34824      0.28549   -5.5511e-17      0.34824
_SET1_   6302         12   58138784   58142026      4       2  138086       4.6588   9.3927e-07             0       4.6588
_SET1_   9958         12   62654121   62803501    553      39  138086     -0.89222      0.72971             0     -0.89222
_SET1_   84298        12   66516849   66524533     15       3  138086      0.29631      0.32762   -5.5511e-17      0.29631
_SET1_   83591        12   72057677   72074428     35      11  138086      0.19799      0.34579   -2.7756e-17      0.19799
_SET1_   7334         12   93802088   93836026     98      23  138086     -0.53574      0.62299             0     -0.53574
_SET1_   7112         12   98909351   98944157    144      34  138086    -0.077139      0.43547   -4.1633e-17    -0.077139
_SET1_   160428       12  105413562  105478341    319      34  138086      0.37204      0.26096   -5.5511e-17      0.37204
_SET1_   28981        12  110562140  110656600    215      24  138086     -0.63617      0.65723             0     -0.63617
_SET1_   10906        12  112563349  112591408     31       7  138086     -0.45698      0.61281   -5.5511e-17     -0.45698
_SET1_   51347        12  118587606  118810750    537      28  138086      -2.4423      0.98463             0      -2.4423
_SET1_   51367        12  121016848  121019201     13       5  138086      0.31653      0.30804   -5.5511e-17      0.31653
_SET1_   64897        12  121440835  121454300     57      14  138086       1.3014     0.063137             0       1.3014
_SET1_   9026         12  123319045  123347508     88       9  138086      0.12016      0.37726   -4.1633e-17      0.12016
_SET1_   23457        12  123405498  123451056     74      12  138086       -1.116      0.82166             0       -1.116
_SET1_   79676        12  123459354  123464588     14       5  138086      -1.5187      0.91178             0      -1.5187
_SET1_   51329        12  123464607  123467460      7       2  138086      0.72962      0.20401             0      0.72962
_SET1_   57647        12  125431370  125473667    253      26  138086   -0.0099738      0.39927   -3.6429e-17   -0.0099738
_SET1_   6433         12  132195632  132284283    229      32  138086   -0.0030616      0.40159   -3.7297e-17   -0.0030616
_SET1_   23141        12  133302254  133338451    113      18  138086      0.33544      0.28165   -5.5511e-17      0.33544
_SET1_   55743        12  133416937  133481459    236      19  138086       -0.496      0.59551   -5.5511e-17       -0.496
_SET1_   7750         13   20531708   20665968    271      17  138086      -1.0156      0.78296             0      -1.0156
_SET1_   55835        13   25456412   25497027    173      32  138086     -0.82027      0.71708             0     -0.82027
_SET1_   2322         13   28577411   28682904    428      23  138086      0.44313      0.23528   -5.5511e-17      0.44313
_SET1_   10808        13   31710762   31737246     60       8  138086       -1.024      0.79183             0       -1.024
_SET1_   10443        13   33006625   33116839    259      16  138086      -1.0553      0.79276             0      -1.0553
_SET1_   11340        13   37574678   37583751     19       4  138086     -0.21373      0.52357   -2.7756e-17     -0.21373
_SET1_   9617         13   41790505   41837731     90       7  138086      0.87612      0.14012             0      0.87612
_SET1_   23143        13   47127296   47327176    652      44  138086      0.76083      0.14493             0      0.76083
_SET1_   10206        13   50571143   50592603     58      16  138086      0.92638      0.12607             0      0.92638
_SET1_   79587        13  111293757  111358480    311      22  138086      0.34563      0.27325   -5.5511e-17      0.34563
_SET1_   3183         14   21677295   21737638    106      11  138086      0.20298      0.33851   -2.7756e-17      0.20298
_SET1_   56339        14   21966282   21979517     45       9  138086        1.181     0.081752             0        1.181
_SET1_   122704       14   23299088   23304246     26       9  138086     -0.50787      0.61742             0     -0.50787
_SET1_   9362         14   24540046   24547309      9       4  138086     -0.37765      0.58261   -5.5511e-17     -0.37765
_SET1_   29082        14   24678787   24683036     10       5  138086     -0.79369      0.73458             0     -0.79369
_SET1_   5875         14   24734744   24740833     22       5  138086     -0.67538      0.68978             0     -0.67538
_SET1_   1241         14   24780705   24787242     12       5  138086     -0.30793      0.55253   -5.5511e-17     -0.30793
_SET1_   55632        14   31028329   31089046    167      26  138086       5.8748        5e-10             0       5.8748
_SET1_   29966        14   31362985   31495607    309      20  138086     -0.81164      0.70967             0     -0.81164
_SET1_   25938        14   31760994   31889788    279      18  138086     -0.47601      0.59291   -5.5511e-17     -0.47601
_SET1_   55320        14   45672393   45722714     92      11  138086     -0.65816      0.67828             0     -0.65816
_SET1_   8814         14   50796122   50883179    348      45  138086     -0.20977      0.47816   -2.7756e-17     -0.20977
_SET1_   1033         14   54863657   54886936     51      12  138086     -0.61615      0.65349             0     -0.61615
_SET1_   22863        14   55833109   55878576    191      21  138086      0.65671      0.18366             0      0.65671
_SET1_   729665       14   59971785   60043549    272      21  138086     -0.45335      0.57624   -5.5511e-17     -0.45335
_SET1_   3091         14   62162118   62214977    113      19  138086      -1.1922      0.83431             0      -1.1922
_SET1_   57452        14   69726681   69821190    380      52  138086      0.78185      0.14874             0      0.78185
_SET1_   8110         14   73085561   73360824   1149     108  138086      -0.4843      0.58562   -5.5511e-17      -0.4843
_SET1_   123016       14   89290574   89344335    151      26  138086       -1.119      0.80983             0       -1.119
_SET1_   4707         14   92582467   92588153     40       5  138086       1.0672      0.10621             0       1.0672
_SET1_   3429         14   94577079   94583033     19      10  138086     -0.85356      0.73898             0     -0.85356
_SET1_   10914        14   96968713   97033453    115      15  138086       1.0204      0.10724             0       1.0204
_SET1_   10858        14  100150755  100193638    143      24  138086     -0.85846      0.72901             0     -0.85846
_SET1_   5891         14  102690834  102771537    212      20  138086     -0.80684      0.71718             0     -0.80684
_SET1_   51550        14  102814619  102829253     27      12  138086      -0.3912      0.56835   -5.5511e-17      -0.3912
_SET1_   10572        14  105219470  105225996      5       1  138086       1.2298     0.091335             0       1.2298
_SET1_   3714         14  105607318  105635161     23       5  138086       1.8429     0.021546             0       1.8429
_SET1_   283710       15   31514970   31523050     41       9  138086       1.2072      0.07823             0       1.2072
_SET1_   90417        15   40674922   40686489     37       7  138086      0.16651      0.35968   -2.7756e-17      0.16651
_SET1_   161823       15   43622872   43646096     59       8  138086      0.29185      0.31257   -5.5511e-17      0.29185
_SET1_   1159         15   43885055   43891604      9       3  138086      0.49208      0.26744   -5.5511e-17      0.49208
_SET1_   53905        15   45422192   45457776     98      17  138086      -1.9896      0.95997             0      -1.9896
_SET1_   9236         15   55647421   55700708    212      21  138086       1.2503     0.067698             0       1.2503
_SET1_   1198         15   74898327   74922542     50      13  138086     -0.70853      0.69633             0     -0.70853
_SET1_   1445         15   75074425   75095539     64      13  138086      0.31709      0.29851   -5.5511e-17      0.31709
_SET1_   54939        15   75628352   75634268      8       5  138086     -0.83645      0.74301             0     -0.83645
_SET1_   2108         15   76508628   76603810    265      20  138086      0.55351      0.21034             0      0.55351
_SET1_   400410       15   80191182   80216096    176      20  138086      -1.6307      0.91692             0      -1.6307
_SET1_   23184        15   81239667   81282235     95       6  138086       1.4246     0.054696             0       1.4246
_SET1_   145864       15   89420519   89438857     90      14  138086     -0.86372       0.7366             0     -0.86372
_SET1_   56964        15   90234028   90286869    164       9  138086     0.017582      0.40336   -3.8164e-17     0.017582
_SET1_   55898        15   91473410   91497323     76      10  138086     0.055868      0.39642   -3.4694e-17     0.055868
_SET1_   28232        15   92396938   92715665   1259     100  138086         1.21     0.065083             0         1.21
_SET1_   10101        16    1832931    1839192     27       7  138086     -0.36397       0.5668   -5.5511e-17     -0.36397
_SET1_   1632         16    2289873    2302296     31       5  138086      0.10795      0.38815   -4.1633e-17      0.10795
_SET1_   6923         16    2821415    2827297     15       1  138086     -0.48044      0.65825   -5.5511e-17     -0.48044
_SET1_   7752         16    3272325    3286221     31       6  138086    -0.067898       0.4478   -4.1633e-17    -0.067898
_SET1_   9093         16    4475806    4506776     65       8  138086     -0.55785      0.63781             0     -0.55785
_SET1_   29035        16    9185537    9213555     62       9  138086       1.3527     0.058219             0       1.3527
_SET1_   51283        16   14726668   14763093     30       8  138086      -2.6552      0.99296             0      -2.6552
_SET1_   400506       16   19717673   19729726     44       7  138086      -0.7715      0.72262             0      -0.7715
_SET1_   5579         16   23847300   24231932   1387     115  138086       3.9293   1.2079e-05             0       3.9293
_SET1_   8479         16   30003642   30007417      2       1  138086       1.1977      0.10274             0       1.1977
_SET1_   79153        16   30115977   30125264     13       5  138086      0.47953       0.2527   -5.5511e-17      0.47953
_SET1_   65988        16   30541688   30546345      3       2  138086     -0.42171        0.627   -5.5511e-17     -0.42171
_SET1_   5261         16   30759574   30772497      9       6  138086   -0.0099498      0.43822   -3.6429e-17   -0.0099498
_SET1_   79001        16   31102175   31106699      7       3  138086      0.26634      0.33333   -5.5511e-17      0.26634
_SET1_   84148        16   31128985   31142714     23       4  138086      0.77446      0.17091             0      0.77446
_SET1_   23594        16   46723558   46732306      2       1  138086     -0.52236      0.66782             0     -0.52236
_SET1_   64127        16   50727507   50766990    107      20  138086      0.67636      0.17942             0      0.67636
_SET1_   4499         16   56666534   56667898     11       5  138086      -1.9507      0.96184             0      -1.9507
_SET1_   51647        16   66965958   66968326      4       2  138086       1.4847     0.055366             0       1.4847
_SET1_   283848       16   67022491   67043661     36      13  138086      0.99387      0.11734             0      0.99387
_SET1_   81577        16   67708436   67753273     91      19  138086        4.149   6.5272e-06             0        4.149
_SET1_   54496        16   68344877   68391169    171      23  138086      0.86964      0.13133             0      0.86964
_SET1_   197258       16   70488498   70514177     75      10  138086       2.6975    0.0020017             0       2.6975
_SET1_   55565        16   71893583   71918093     73      22  138086     -0.41652      0.57152   -5.5511e-17     -0.41652
_SET1_   9798         16   71928311   71964542    133      27  138086      -1.0125      0.77907             0      -1.0125
_SET1_   83657        16   80574854   80584713     44       6  138086      0.50277      0.24559             0      0.50277
_SET1_   83716        16   84853587   84943116    535      62  138086     -0.65203      0.64903             0     -0.65203
_SET1_   51693        16   88923465   88929086     29       6  138086      0.30092      0.31802   -5.5511e-17      0.30092
_SET1_   6687         16   89574802   89624174    192      15  138086     -0.57256       0.6272             0     -0.57256
_SET1_   1398         17    1324647    1359561    100      14  138086      -2.5014       0.9884             0      -2.5014
_SET1_   409          17    4613789    4624795     26       6  138086     -0.12742      0.47728   -2.7756e-17     -0.12742
_SET1_   9552         17    4862521    4871132     28      12  138086    -0.036178      0.43515   -3.4694e-17    -0.036178
_SET1_   1856         17    7128661    7137867     18       7  138086       1.3573     0.059572             0       1.3573
_SET1_   112483       17    7529552    7531194      4       2  138086      0.88215      0.15372             0      0.88215
_SET1_   23135        17    7737521    7758118     53      18  138086      0.83946      0.14648             0      0.83946
_SET1_   84314        17    8076296    8079723     14       5  138086        2.061     0.012592             0        2.061
_SET1_   399512       17    8191082    8198709     23      11  138086       1.9231     0.016601             0       1.9231
_SET1_   29098        17    8191745    8193409      7       3  138086      0.38122      0.31175   -5.5511e-17      0.38122
_SET1_   56953        17   17206680   17250977    155      24  138086     -0.55309      0.61993             0     -0.55309
_SET1_   91647        17   17921334   17942483     27       6  138086       1.4179     0.053797             0       1.4179
_SET1_   8148         17   34136459   34174246     65       7  138086     -0.12128       0.4772   -4.1633e-17     -0.12128
_SET1_   11072        17   35849951   35873603     62      13  138086       1.0637     0.098532             0       1.0637
_SET1_   11056        17   35972363   36003493     62      14  138086       2.0366      0.01196             0       2.0366
_SET1_   3858         17   38974369   38978863     10       4  138086       1.5477     0.043034             0       1.5477
_SET1_   83538        17   40086888   40117669     72      16  138086       2.7001    0.0017406             0       2.7001
_SET1_   6945         17   40719078   40725221     13       3  138086      0.73955      0.18352             0      0.73955
_SET1_   8678         17   40962150   40976310     12       5  138086       1.3657     0.064969             0       1.3657
_SET1_   314          17   40996609   41002724     11       8  138086       2.1589    0.0099938             0       2.1589
_SET1_   9755         17   45771441   45789429     56      17  138086    -0.056475      0.43259   -3.4694e-17    -0.056475
_SET1_   5164         17   48172101   48188733     54      12  138086        1.911     0.016583             0        1.911
_SET1_   51264        17   48445228   48450562     18       5  138086      -1.0821      0.81709             0      -1.0821
_SET1_   1101         17   48541853   48547242     14       5  138086      -1.5674       0.9163             0      -1.5674
_SET1_   59342        17   55055468   55084129     43       6  138086     0.017109      0.41601   -3.8164e-17     0.017109
_SET1_   762          17   58227302   58236907     11       3  138086      0.28829      0.33918   -5.5511e-17      0.28829
_SET1_   5705         17   61904770   61909387     11       5  138086      -1.7402      0.94023             0      -1.7402
_SET1_   1655         17   62494374   62503042     14       3  138086      0.13597       0.3939   -2.7756e-17      0.13597
_SET1_   8787         17   63133456   63223821    261      20  138086      -2.9801      0.99692             0      -2.9801
_SET1_   9382         17   71189070   71204646     40       8  138086      0.74545       0.1704             0      0.74545
_SET1_   283985       17   72873451   72889737     23       4  138086       2.9251    0.0010689             0       2.9251
_SET1_   79637        17   73106047   73126360     67      16  138086       1.2692     0.067699             0       1.2692
_SET1_   60386        17   73269061   73285530     62      10  138086        1.322     0.063129             0        1.322
_SET1_   3691         17   73717516   73753899     34       7  138086      0.12588      0.37267   -2.7756e-17      0.12588
_SET1_   6397         17   75084725   75213183    566      49  138086     -0.73357      0.67645             0     -0.73357
_SET1_   5986         17   80005778   80009650     12       1  138086      0.38487      0.31658   -5.5511e-17      0.38487
_SET1_   10966        17   80614943   80656598    120      22  138086     -0.44072       0.5762   -5.5511e-17     -0.44072
_SET1_   6904         17   80709938   80901062    690      30  138086     -0.12261      0.42407   -4.1633e-17     -0.12261
_SET1_   8774         18   10525873   10552766     90      11  138086     -0.37048      0.55826   -5.5511e-17     -0.37048
_SET1_   5771         18   12785477   12884337    311      33  138086       1.7085     0.024667             0       1.7085
_SET1_   84307        18   32820994   32838397     38      14  138086      0.99819      0.11116             0      0.99819
_SET1_   125476       18   33032194   33078110    120      30  138086      -2.0248      0.96288             0      -2.0248
_SET1_   4155         18   74690789   74844774    861     120  138086      0.24821      0.32218   -2.7756e-17      0.24821
_SET1_   80148        18   77662420   77711664    111      16  138086       1.7159     0.025335             0       1.7159
_SET1_   374291       19    1383526    1395588     20       4  138086      0.63478      0.20844             0      0.63478
_SET1_   25873        19    5690272    5691678      2       1  138086      -1.1461      0.86148             0      -1.1461
_SET1_   56949        19    7684411    7694439     26       3  138086     -0.55169      0.65628             0     -0.55169
_SET1_   100131801    19    7694671    7696510      4       1  138086      -0.5287      0.66511             0      -0.5287
_SET1_   148156       19    8920250    8942972     63       9  138086       2.1162     0.010035             0       2.1162
_SET1_   7730         19    9473696    9493293     53       5  138086      -1.5207      0.90869             0      -1.5207
_SET1_   59286        19    9938556    9940797      1       1  138086      -1.0654       0.8397             0      -1.0654
_SET1_   125950       19   10426888   10444314     63      14  138086       1.3295     0.061434             0       1.3295
_SET1_   11140        19   10501809   10514271     27      10  138086       1.2252     0.076268             0       1.2252
_SET1_   81890        19   10812112   10824043     31       8  138086       1.6727     0.030467             0       1.6727
_SET1_   5589         19   11546111   11561783     39       6  138086     -0.23044      0.53062   -2.7756e-17     -0.23044
_SET1_   4784         19   13106584   13209610     93      19  138086       0.4005      0.26313   -5.5511e-17       0.4005
_SET1_   10212        19   14519610   14530195     11       5  138086       -1.014      0.80145             0       -1.014
_SET1_   26993        19   15490859   15529916     57       5  138086       2.0449     0.013097             0       2.0449
_SET1_   58525        19   15532318   15560767     15       4  138086       2.3081    0.0067043             0       2.3081
_SET1_   58513        19   16466055   16582823    209      23  138086     -0.63095      0.65272             0     -0.63095
_SET1_   29086        19   17378200   17390162     50      12  138086       -1.959      0.95925             0       -1.959
_SET1_   84705        19   17445735   17453540     26       5  138086      -2.4176      0.98738             0      -2.4176
_SET1_   113835       19   22235126   22274276    183       8  138086    -0.039682      0.43209   -3.4694e-17    -0.039682
_SET1_   171392       19   23835583   23870036     64       9  138086     -0.47854      0.60789   -5.5511e-17     -0.47854
_SET1_   10775        19   30097170   30108162     59      14  138086     -0.94842      0.76511             0     -0.94842
_SET1_   84902        19   33369904   33462930    435      27  138086      0.17583      0.32448   -2.7756e-17      0.17583
_SET1_   79047        19   34287751   34306666     44      17  138086       0.9215      0.12411             0       0.9215
_SET1_   115703       19   36266417   36279724     37       8  138086     -0.62543      0.66224             0     -0.62543
_SET1_   79414        19   36428022   36436097     14       5  138086      0.35097      0.31117   -5.5511e-17      0.35097
_SET1_   5438         19   36604611   36606206      6       3  138086     -0.25717      0.54128   -5.5511e-17     -0.25717
_SET1_   374900       19   37407231   37488834    380      18  138086     -0.44264      0.56597   -5.5511e-17     -0.44264
_SET1_   94274        19   38741877   38747231     27       9  138086      0.94957      0.12413             0      0.94957
_SET1_   22933        19   39369195   39390502     72      24  138086       1.1822     0.078728             0       1.1822
_SET1_   10298        19   39616417   39670046    182      26  138086      0.12979      0.35079   -2.7756e-17      0.12979
_SET1_   64857        19   39903222   39919055     45      12  138086       1.3695     0.055705             0       1.3695
_SET1_   57731        19   40973050   41082365    301      48  138086     0.072401      0.37058   -4.1633e-17     0.072401
_SET1_   2828         19   46093022   46105466     33       9  138086       0.8898      0.13603             0       0.8898
_SET1_   444882       19   46543006   46544274      2       1  138086      0.58588      0.24608             0      0.58588
_SET1_   26093        19   47759731   47777329     47       4  138086     -0.68625      0.69515             0     -0.68625
_SET1_   6415         19   48281842   48287939     10       5  138086      -1.3504      0.87898             0      -1.3504
_SET1_   1628         19   49133817   49140639      8       2  138086      -1.0002      0.81101             0      -1.0002
_SET1_   284358       19   49215999   49222976     15       3  138086      0.10366      0.39434   -4.1633e-17      0.10366
_SET1_   64130        19   49617618   49621717     22       6  138086     -0.94832      0.77588             0     -0.94832
_SET1_   2217         19   50015536   50029685     37       9  138086     0.061075      0.40091   -3.4694e-17     0.061075
_SET1_   199800       19   50191942   50194247      5       3  138086      0.10573      0.41322   -4.1633e-17      0.10573
_SET1_   162962       19   52658039   52674896     53      13  138086      0.24115       0.3218   -2.7756e-17      0.24115
_SET1_   55786        19   53611132   53636173    111      19  138086       1.9629     0.013661             0       1.9629
_SET1_   91661        19   53898397   53915262      9       3  138086       -2.662      0.99396             0       -2.662
_SET1_   79763        19   55964345   55973070     43      15  138086     -0.59116      0.64254             0     -0.59116
_SET1_   10520        19   58144535   58155409     73       5  138086      0.83824      0.15795             0      0.83824
_SET1_   730051       19   58380747   58400442     39       9  138086     -0.83077      0.73367             0     -0.83077
_SET1_   7593         19   59073284   59085757     20       4  138086        0.339      0.30685   -5.5511e-17        0.339
_SET1_   140885       20    1874763    1920540     97      15  138086     -0.30138      0.52338   -5.5511e-17     -0.30138
_SET1_   79175        20    2462463    2489778     76      17  138086     -0.64511      0.65791             0     -0.64511
_SET1_   9762         20    3143263    3154238     37      14  138086        -1.04      0.79239             0        -1.04
_SET1_   54498        20    4129426    4168394    174      29  138086       1.1656     0.077393             0       1.1656
_SET1_   1789         20   31350191   31397162    179      19  138086      0.86303       0.1337             0      0.86303
_SET1_   83658        20   33104193   33128762     42      12  138086      -1.1956      0.83571             0      -1.1956
_SET1_   26133        20   33590207   33680618    285      16  138086       1.6538     0.028378             0       1.6538
_SET1_   9584         20   34291531   34330258    108       7  138086    -0.055397      0.44914   -3.4694e-17    -0.055397
_SET1_   79183        20   43104526   43123244     43      11  138086       1.4026     0.055016             0       1.4026
_SET1_   9217         20   56964175   57026157    183      22  138086       1.6962     0.025958             0       1.6962
_SET1_   128414       20   61872136   61885892    106      18  138086      0.26558      0.30621   -5.5511e-17      0.26558
_SET1_   94104        21   34106210   34144169     79      26  138086      0.18871      0.33706   -2.7756e-17      0.18871
_SET1_   873          21   37442285   37445462     17       7  138086      -1.3001      0.86651             0      -1.3001
_SET1_   89765        21   43892596   43916417     81      24  138086       1.3523     0.055623             0       1.3523
_SET1_   8568         21   45209418   45223983     95      16  138086      0.32118      0.29311   -5.5511e-17      0.32118
_SET1_   637          22   18216906   18257431     99      19  138086     -0.59439      0.63824             0     -0.59439
_SET1_   6598         22   24129150   24176705    342      24  138086      -1.9025      0.95035             0      -1.9025
_SET1_   23760        22   28247657   28315255    131      17  138086       1.3102     0.063222             0       1.3102
_SET1_   25807        22   29655844   29664147     16      10  138086     -0.29882      0.53762   -5.5511e-17     -0.29882
_SET1_   8897         22   30279149   30426857    450      39  138086      -1.2068      0.82502             0      -1.2068
_SET1_   652968       22   30681106   30685616      7       4  138086     -0.10032      0.47194   -4.1633e-17     -0.10032
_SET1_   56478        22   31835345   31885936    175      37  138086       4.2562   3.5289e-06             0       4.2562
_SET1_   23761        22   32014477   32058550    186      25  138086       3.6153   6.0658e-05             0       3.6153
_SET1_   11020        22   37154246   37172177     33       4  138086     -0.63514      0.68241             0     -0.63514
_SET1_   26088        22   38004481   38029571     63      10  138086    -0.058833      0.44731   -3.4694e-17    -0.058833
_SET1_   79159        22   38077680   38089718     45      14  138086      0.19982      0.33667   -2.7756e-17      0.19982
_SET1_   8398         22   38507502   38577857    299      17  138086       1.0095      0.10233             0       1.0095
_SET1_   91582        22   39925098   39928860      3       1  138086      -2.1333      0.97901             0      -2.1333
_SET1_   63929        22   41253085   41328823    137      23  138086     -0.26444      0.51693   -5.5511e-17     -0.26444
_SET1_   25817        22   48885288   49147744   1243      99  138086      0.12481      0.33256   -4.1633e-17      0.12481
_SET1_   56666        22   50609160   50618724     28      12  138086       2.1016     0.010183             0       2.1016

# _SET2_  VARIABLE = brainseq__caudate_sczd__M002 (set)
# _SET2_  NGENES = 1039
# _SET2_  P-VALUE = 8.3716e-05
_SET2_   GENE        CHR      START       STOP  NSNPS  NPARAM       N        ZSTAT            P  ZFITTED_BASE  ZRESID_BASE
_SET2_   29101         1    1477053    1510262     30       1  138086     -0.10316      0.50874   -4.1633e-17     -0.10316
_SET2_   65220         1    1682671    1711508     51       5  138086       1.7244     0.027707             0       1.7244
_SET2_   127262        1    3541556    3546695     10       3  138086    -0.063426      0.46485   -4.1633e-17    -0.063426
_SET2_   55966         1    4715105    4843851    757      93  138086     -0.79936      0.71011             0     -0.79936
_SET2_   11332         1    6324332    6453826    451      25  138086       0.7791      0.15016             0       0.7791
_SET2_   55735         1    6694228    6761966    190      29  138086       2.4097    0.0038681             0       2.4097
_SET2_   1325          1   10509776   10512060      5       2  138086      -1.1491      0.84783             0      -1.1491
_SET2_   51154         1   19578075   19586622     54       9  138086     -0.51691      0.62429             0     -0.51691
_SET2_   23252         1   20208356   20239438     80      16  138086      0.20996      0.33089   -2.7756e-17      0.20996
_SET2_   400745        1   21046225   21059133     42      11  138086      0.73168      0.17276             0      0.73168
_SET2_   8672          1   21132785   21503381    715      28  138086       1.3823     0.044771             0       1.3823
_SET2_   3352          1   23518388   23521222      7       4  138086      0.61009      0.21843             0      0.61009
_SET2_   57035         1   25568740   25574010      4       2  138086     -0.87108      0.77368             0     -0.87108
_SET2_   91544         1   26608773   26644756    152      16  138086    -0.063775      0.43295   -4.1633e-17    -0.063775
_SET2_   51441         1   29063133   29096287     70      14  138086      0.63123      0.19519             0      0.63123
_SET2_   4985          1   29138654   29190208    207      31  138086     -0.59815      0.63386             0     -0.59815
_SET2_   553115        1   32095463   32110838     28       5  138086      0.17014      0.36145   -2.7756e-17      0.17014
_SET2_   8565          1   33240840   33283633     83      13  138086     -0.42792      0.58233   -5.5511e-17     -0.42792
_SET2_   3208          1   33351688   33360247     13       5  138086     -0.38767      0.58679   -5.5511e-17     -0.38767
_SET2_   127703        1   36179477   36184790      6       3  138086      -2.0006      0.96905             0      -2.0006
_SET2_   284656        1   38181646   38230824    213      27  138086     -0.42726      0.56689   -5.5511e-17     -0.42726
_SET2_   51440         1   40144320   40157382     77      14  138086        1.216     0.073621             0        1.216
_SET2_   9783          1   41086352   41131324    149      26  138086       1.4826     0.041965             0       1.4826
_SET2_   284716        1   42846468   42889900    167      14  138086      -1.0727      0.79788             0      -1.0727
_SET2_   10969         1   43629845   43638241     42       6  138086      -1.3662      0.88052             0      -1.3662
_SET2_   5792          1   43991708   44089343    364      29  138086       1.7258      0.02294             0       1.7258
_SET2_   260293        1   47427036   47516423    308      23  138086      -1.2486        0.841             0      -1.2486
_SET2_   91408         1   52521857   52556388     87      14  138086       0.9964      0.11792             0       0.9964
_SET2_   9372          1   52607678   52812358    398      27  138086       1.5956     0.033375             0       1.5956
_SET2_   65260         1   53152014   53164038     34       8  138086      0.51971       0.2343             0      0.51971
_SET2_   79699         1   53192126   53293014    288      17  138086      0.24919      0.30721   -2.7756e-17      0.24919
_SET2_   9528          1   54497346   54519135     56      15  138086     -0.39549      0.57577   -5.5511e-17     -0.39549
_SET2_   5563          1   57110990   57181008    218      16  138086    -0.074688      0.42932   -4.1633e-17    -0.074688
_SET2_   51361         1   60280458   60342050    178      31  138086     -0.80047      0.71678             0     -0.80047
_SET2_   9829          1   65720133   65881552    511      34  138086     -0.84878      0.71147             0     -0.84878
_SET2_   5142          1   66258193   66840262   1852     113  138086    -0.081538      0.39201   -4.1633e-17    -0.081538
_SET2_   55631         1   70610485   70671361    122      21  138086     -0.11963      0.45833   -4.1633e-17     -0.11963
_SET2_   127254        1   75033795   75139422    198      25  138086       1.7258     0.023914             0       1.7258
_SET2_   26289         1   77747662   78025654   1261      91  138086      -1.2008      0.81344             0      -1.2008
_SET2_   79739         1   84335057   84464850    357      17  138086      -1.7537      0.93256             0      -1.7537
_SET2_   5567          1   84543745   84704181    258      22  138086      -0.6592      0.65519             0      -0.6592
_SET2_   80135         1   84944920   84964033    102      23  138086     -0.59391      0.64269             0     -0.59391
_SET2_   117178        1   85109390   85156440    163      26  138086     -0.72533      0.68698             0     -0.72533
_SET2_   253152        1   92495533   92529093    102      21  138086       1.0289      0.10361             0       1.0289
_SET2_   11146         1   92711955   92764566    101      20  138086       1.2776     0.065254             0       1.2776
_SET2_   388650        1   93298286   93427079    271      16  138086      0.34485      0.27639   -5.5511e-17      0.34485
_SET2_   9890          1   99729848   99775140    176      34  138086      -1.2594      0.84607             0      -1.2594
_SET2_   54112         1  101003728  101007583     11       5  138086      0.10154      0.38677   -4.1633e-17      0.10154
_SET2_   55170         1  107599267  107601916      5       3  138086     -0.15246      0.50426   -2.7756e-17     -0.15246
_SET2_   23155         1  109472130  109506121    141      30  138086      0.36139      0.27244   -5.5511e-17      0.36139
_SET2_   6301          1  109756515  109780804     57      20  138086       0.2837      0.30263   -5.5511e-17       0.2837
_SET2_   57463         1  110049446  110052336      5       3  138086      -0.8579       0.7611             0      -0.8579
_SET2_   388662        1  110693132  110744824    133      22  138086      0.48631      0.22894   -5.5511e-17      0.48631
_SET2_   148281        1  114631914  114696472    313      66  138086      0.67166      0.18096             0      0.67166
_SET2_   10286         1  115110178  115124265     40      16  138086      -2.0033      0.96285             0      -2.0033
_SET2_   90874         1  120162000  120190813     64      11  138086       1.4188     0.049746             0       1.4188
_SET2_   284615        1  145470508  145475647      1       1  138086        1.539        0.054             0        1.539
_SET2_   8799          1  145516165  145523732      5       2  138086      0.51269       0.2636             0      0.51269
_SET2_   9900          1  149874870  149889434     12       2  138086      0.21619      0.37326   -2.7756e-17      0.21619
_SET2_   2029          1  150594599  150602098     21      10  138086       1.5677     0.038172             0       1.5677
_SET2_   10962         1  151032151  151040973     20       5  138086      0.44361      0.27296   -5.5511e-17      0.44361
_SET2_   81609         1  151584454  151671559    183      29  138086   -0.0035567       0.4056   -3.7297e-17   -0.0035567
_SET2_   6284          1  153591275  153606582     32       6  138086      0.66527       0.1939             0      0.66527
_SET2_   55585         1  154521051  154531138     19       6  138086       2.0475     0.012937             0       2.0475
_SET2_   1141          1  154540257  154552354     29      14  138086       1.3228     0.062635             0       1.3228
_SET2_   56893         1  156002945  156023613     44      17  138086       1.0762     0.096115             0       1.0762
_SET2_   4209          1  156433513  156470634    105      20  138086      0.31596      0.29228   -5.5511e-17      0.31596
_SET2_   5202          1  161070346  161087866     54      15  138086      0.46587      0.24481   -5.5511e-17      0.46587
_SET2_   654790        1  161228517  161255240    115      23  138086     -0.93233       0.7546             0     -0.93233
_SET2_   8804          1  167510250  167523056     50      11  138086    -0.030928      0.42594   -3.8164e-17    -0.030928
_SET2_   25874         1  167885913  167906307     38      10  138086      0.93649      0.12799             0      0.93649
_SET2_   261726        1  168148171  168171352     70       9  138086      0.62961      0.20125             0      0.62961
_SET2_   22920         1  169890461  170043882    609      25  138086     -0.82371      0.70496             0     -0.82371
_SET2_   9293          1  174417212  174418683      1       1  138086      0.78907          0.2             0      0.78907
_SET2_   9462          1  178062864  178448649    928      42  138086      0.49775      0.20854   -5.5511e-17      0.49775
_SET2_   9917          1  178994939  179045702    201      28  138086     -0.84001      0.72154             0     -0.84001
_SET2_   9213          1  180601146  180859415    715      43  138086       1.7621     0.019601             0       1.7621
_SET2_   85397         1  182613036  182653502    131      19  138086    0.0095318      0.40867   -3.6429e-17    0.0095318
_SET2_   23057         1  183217372  183387634    552      38  138086    -0.050815      0.40458   -3.4694e-17    -0.050815
_SET2_   23179         1  183605208  183897666   1042      69  138086     0.044199       0.3572   -3.4694e-17     0.044199
_SET2_   5877          1  202847410  202858385     33       9  138086      0.48219      0.24523   -5.5511e-17      0.48219
_SET2_   92703         1  202976520  202993976     39      11  138086    -0.089644      0.44815   -4.1633e-17    -0.089644
_SET2_   127845        1  204167288  204183220     47      15  138086      -1.0758      0.80488             0      -1.0758
_SET2_   9911          1  205197038  205242471    162      24  138086       0.2935      0.29381   -5.5511e-17       0.2935
_SET2_   5362          1  208195587  208417665    865      84  138086      0.51367      0.21572             0      0.51367
_SET2_   27042         1  210001312  210030910    126      17  138086      0.86006      0.13616             0      0.86006
_SET2_   56256         1  210406195  210420252     42      19  138086       1.3581      0.05773             0       1.3581
_SET2_   55758         1  211432708  211489727    205      31  138086      -2.0911      0.96811             0      -2.0911
_SET2_   9926          1  211916799  212048531    499      41  138086      0.55489       0.2041             0      0.55489
_SET2_   79762         1  220863628  220872499     39       9  138086       1.1283     0.093306             0       1.1283
_SET2_   148362        1  222885906  222908529     31       8  138086      -1.6576      0.92868             0      -1.6576
_SET2_   55061         1  223394161  223537564    374      30  138086      -1.5323      0.89554             0      -1.5323
_SET2_   23219         1  224301789  224349749    228      24  138086       2.1695    0.0077838             0       2.1695
_SET2_   8476          1  227177566  227506193   1939      33  138086     -0.88735      0.66142             0     -0.88735
_SET2_   375           1  228270361  228286913     41      14  138086       1.6436     0.031888             0       1.6436
_SET2_   92815         1  228645065  228645560      1       1  138086      0.14787       0.4181   -2.7756e-17      0.14787
_SET2_   149603        1  228674277  228697598     96      22  138086     -0.61923      0.65328             0     -0.61923
_SET2_   54627         1  232940638  232946092     13       4  138086     -0.30831      0.56059   -5.5511e-17     -0.30831
_SET2_   3775          1  233749750  233808258    234      52  138086       1.4648     0.043827             0       1.4648
_SET2_   9804          1  235272656  235292256     42       5  138086     -0.62439      0.67235             0     -0.62439
_SET2_   6905          1  235530728  235612280    234      25  138086      -1.8011      0.93911             0      -1.8011
_SET2_   64388         1  240652873  240775462    311      51  138086     -0.47257      0.58456   -5.5511e-17     -0.47257
_SET2_   64216         1  246703863  246729565    174      22  138086     -0.38444      0.55202   -5.5511e-17     -0.38444
_SET2_   163882        1  246729639  246831884    373      44  138086      0.91707      0.11969             0      0.91707
_SET2_   57498         2    8865295    8977755    193      22  138086      0.10564      0.36156   -4.1633e-17      0.10564
_SET2_   3754          2   11052063   11054351      5       3  138086     -0.49739      0.63547   -5.5511e-17     -0.49739
_SET2_   1876          2   11584501   11606303     65       6  138086      0.34944      0.30018   -5.5511e-17      0.34944
_SET2_   51594         2   15307032   15701472   1000      33  138086     -0.45929      0.54123   -5.5511e-17     -0.45929
_SET2_   1653          2   15731745   15771235    132      15  138086     -0.44771      0.58464   -5.5511e-17     -0.44771
_SET2_   81553         2   16730727   16847134    285      50  138086      0.80187      0.14699             0      0.80187
_SET2_   57539         2   20110024   20189884    226      30  138086     -0.69869      0.67247             0     -0.69869
_SET2_   22979         2   25264973   25382004    390      47  138086      -1.9831      0.95766             0      -1.9831
_SET2_   3797          2   26149455   26205443    169      28  138086       1.0201      0.10365             0       1.0201
_SET2_   85465         2   26568954   26618759    159      24  138086        -0.26      0.50563   -5.5511e-17        -0.26
_SET2_   29959         2   27651473   27665126     35      12  138086     -0.40387      0.57542   -5.5511e-17     -0.40387
_SET2_   51072         2   32092892   32236116    375      26  138086      -1.8158       0.9411             0      -1.8158
_SET2_   6801          2   37064841   37193673    428      29  138086      -1.1561      0.81375             0      -1.1561
_SET2_   54497         2   37208153   37311485    345      33  138086      -1.4648      0.88482             0      -1.4648
_SET2_   64225         2   38522027   38604432    389      25  138086     0.047045      0.38027   -3.4694e-17     0.047045
_SET2_   57504         2   42721709   43011080    898      37  138086       1.4586     0.036101             0       1.4586
_SET2_   5581          2   45878454   46415129   2624     255  138086    -0.031794      0.36556   -3.4694e-17    -0.031794
_SET2_   9655          2   46926099   46989927    321      33  138086      0.39977      0.25572   -5.5511e-17      0.39977
_SET2_   805           2   47387221   47404229     51      16  138086      -1.0084      0.78558             0      -1.0084
_SET2_   9378          2   50145643   51259674   5131     192  138086       1.0421     0.077313             0       1.0421
_SET2_   57142         2   55199325   55307770    464      48  138086       0.2124       0.3159   -2.7756e-17       0.2124
_SET2_   6233          2   55459039   55462989     20      10  138086        1.633      0.03349             0        1.633
_SET2_   200728        2   62727356   62733604     35       8  138086      -1.5078      0.90456             0      -1.5078
_SET2_   4190          2   63815743   63834331     45      10  138086       2.0973     0.010438             0       2.0973
_SET2_   57162         2   64319786   64371605    153      23  138086     0.020781       0.3977   -3.8164e-17     0.020781
_SET2_   29094         2   64681327   64688517     20      11  138086      -1.0618      0.80161             0      -1.0618
_SET2_   54812         2   64751439   64820139    154      14  138086     -0.60609      0.64384             0     -0.60609
_SET2_   56902         2   68385005   68403091     47       8  138086     -0.44068      0.59164   -5.5511e-17     -0.44068
_SET2_   5534          2   68405979   68483392    173      16  138086     -0.32485      0.53123   -5.5511e-17     -0.32485
_SET2_   22848         2   69685127   69901566    653      34  138086       1.4475     0.040944             0       1.4475
_SET2_   84908         2   70523108   70529293     19       5  138086      -1.3606      0.88322             0      -1.3606
_SET2_   150726        2   73481810   73496758     25       9  138086       1.1307     0.090526             0       1.1307
_SET2_   10505         2   74881355   74910981     47       8  138086      -1.0248      0.80228             0      -1.0248
_SET2_   6869          2   75273590   75426645    490      59  138086       1.2043     0.070477             0       1.2043
_SET2_   9168          2   85132763   85133799      2       1  138086     -0.92203      0.80268             0     -0.92203
_SET2_   3631          2   99061321   99207496    313      28  138086        3.128   0.00035175             0        3.128
_SET2_   343990        2   99410309   99552684    481      36  138086      0.27599      0.29015   -5.5511e-17      0.27599
_SET2_   3899          2  100162326  100759037   1634      82  138086      0.43013      0.21054   -5.5511e-17      0.43013
_SET2_   64965         2  105654483  105716418    256      10  138086      -0.3414      0.54495   -5.5511e-17      -0.3414
_SET2_   60482         2  108602979  108630663     95      33  138086       -0.965       0.7662             0       -0.965
_SET2_   9648          2  109065577  109125854    232      24  138086       2.2385    0.0063327             0       2.2385
_SET2_   699           2  111395275  111435684     56      14  138086     -0.56082      0.64698             0     -0.56082
_SET2_   64682         2  112525214  112641765    163      15  138086      0.34857      0.27765   -5.5511e-17      0.34857
_SET2_   57628         2  115199899  116603328   4260     166  138086     -0.80339      0.66145             0     -0.80339
_SET2_   23332         2  122095352  122407052    773      18  138086      0.47324      0.22355   -5.5511e-17      0.47324
_SET2_   84365         2  122484521  122494503     35       7  138086       1.5421     0.043713             0       1.5421
_SET2_   11249         2  139426727  139537811    333      39  138086      0.89847      0.12261             0      0.89847
_SET2_   5000          2  148687966  148779173    225      24  138086      0.62148      0.19155             0      0.62148
_SET2_   785           2  152689285  152955593    807      39  138086      0.45882      0.21938   -5.5511e-17      0.45882
_SET2_   130399        2  158383279  158485399    137      24  138086      -1.0566      0.79278             0      -1.0566
_SET2_   5937          2  161128662  161350366    675      49  138086     -0.58082      0.61345             0     -0.58082
_SET2_   10010         2  161993438  162092687    235      31  138086     -0.53635      0.61821             0     -0.53635
_SET2_   57282         2  162480699  162841786   1038      36  138086      0.18137      0.30073   -2.7756e-17      0.18137
_SET2_   80034         2  166326157  166545917    690      72  138086        2.284    0.0053516             0        2.284
_SET2_   8708          2  168346692  168727366   1052      91  138086      0.17993      0.32081   -2.7756e-17      0.17993
_SET2_   253782        2  169312759  169631644   1374     101  138086     -0.16686      0.44705   -2.7756e-17     -0.16686
_SET2_   6741          2  170655322  170668574     37       9  138086      -1.4695      0.89792             0      -1.4695
_SET2_   130507        2  170684010  170940641    991      31  138086      -2.2918       0.9743             0      -2.2918
_SET2_   2571          2  171673200  171717661    120      18  138086     -0.67381      0.66908             0     -0.67381
_SET2_   1781          2  172543919  172606668    174      30  138086   -0.0096678      0.40883   -3.6429e-17   -0.0096678
_SET2_   151556        2  175296299  175351816    120      18  138086      0.82171      0.14318             0      0.82171
_SET2_   114880        2  179059208  179264160    772      65  138086      0.25513        0.294   -5.5511e-17      0.25513
_SET2_   142679        2  183943287  183964736     65      15  138086      0.88681      0.13357             0      0.88681
_SET2_   91752         2  185463093  185804214   1155      49  138086       1.0401     0.082404             0       1.0401
_SET2_   2744          2  191745547  191830278    175      29  138086      -0.1628      0.46782   -2.7756e-17      -0.1628
_SET2_   57181         2  196477798  196602426    291      27  138086     -0.12982      0.44955   -2.7756e-17     -0.12982
_SET2_   57520         2  197063971  197458416   1415      77  138086      0.28334      0.26427   -5.5511e-17      0.28334
_SET2_   285172        2  201838441  201936392    204      24  138086       1.8002     0.021164             0       1.8002
_SET2_   659           2  203241033  203432474    457      37  138086       0.3081      0.28197   -5.5511e-17       0.3081
_SET2_   55759         2  203745323  203776949     83      13  138086     -0.85946       0.7409             0     -0.85946
_SET2_   200726        2  207507142  207514173     29      13  138086      0.12614      0.36699   -2.7756e-17      0.12614
_SET2_   389072        2  208686012  208890284    438      53  138086      -2.6561      0.99155             0      -2.6561
_SET2_   389073        2  209030071  209054969    115      22  138086     -0.32333      0.53376   -5.5511e-17     -0.32333
_SET2_   10314         2  211295973  211342347    156      19  138086      0.19456      0.32868   -2.7756e-17      0.19456
_SET2_   7520          2  216972381  217071016    305      35  138086      -2.1232      0.96857             0      -2.1232
_SET2_   10109         2  219081817  219119071     95      14  138086     -0.21186      0.49314   -2.7756e-17     -0.21186
_SET2_   53632         2  219687083  219696526      9       3  138086     -0.99455      0.80547             0     -0.99455
_SET2_   10290         2  220299552  220358354     92      16  138086      0.37996      0.27202   -5.5511e-17      0.37996
_SET2_   6508          2  220492292  220506702     14       3  138086     -0.72177       0.7188             0     -0.72177
_SET2_   130367        2  223288771  223427342    407      57  138086      0.40933      0.25323   -5.5511e-17      0.40933
_SET2_   10056         2  223436162  223520827    213      28  138086       1.4674     0.042774             0       1.4674
_SET2_   7857          2  224461658  224467217     12       5  138086       2.0391     0.014629             0       2.0391
_SET2_   9208          2  238536224  238690290    736      56  138086     -0.46633       0.5689   -5.5511e-17     -0.46633
_SET2_   547           2  241653181  241759725    341      44  138086      0.74265      0.15743             0      0.74265
_SET2_   5510          2  242089012  242122439    127      20  138086      0.50231      0.22853             0      0.50231
_SET2_   10494         2  242434122  242449145     65      17  138086       1.5749     0.035244             0       1.5749
_SET2_   23192         2  242576775  242613272     21       3  138086     -0.49796      0.63887   -5.5511e-17     -0.49796
_SET2_   57633         3    3841121    3889708    185      29  138086     -0.57789      0.63025             0     -0.57789
_SET2_   55207         3    5163930    5222601    133      11  138086      -1.4365      0.88776             0      -1.4365
_SET2_   9901          3    9022275    9291369   1085     135  138086      0.24905      0.32033   -2.7756e-17      0.24905
_SET2_   375323        3    9540045    9595486    227      26  138086      -1.9728      0.95736             0      -1.9728
_SET2_   8536          3    9799029    9811676     24       9  138086     -0.37827      0.56991   -5.5511e-17     -0.37827
_SET2_   9797          3   10290177   10322906    138      27  138086      0.54789      0.21384             0      0.54789
_SET2_   491           3   10365707   10733131   1677     151  138086      0.24765      0.30602   -2.7756e-17      0.24765
_SET2_   6854          3   12182150   12233532    168      31  138086       1.0614     0.098106             0       1.0614
_SET2_   85403         3   15469064   15484120     46      14  138086     -0.14886      0.47717   -2.7756e-17     -0.14886
_SET2_   23171         3   32148003   32210207    293      25  138086     -0.39161      0.55111   -5.5511e-17     -0.39161
_SET2_   131405        3   32859510   32933771    243      43  138086      0.86023      0.13481             0      0.86023
_SET2_   23122         3   33537737   33759705    571      43  138086       0.1757      0.32516   -2.7756e-17       0.1757
_SET2_   10015         3   33840063   33911199    292      16  138086    -0.061014      0.42844   -3.4694e-17    -0.061014
_SET2_   9852          3   37027357   37034795     22       9  138086     -0.42753      0.58832   -5.5511e-17     -0.42753
_SET2_   10289         3   40351173   40353915     13       4  138086   -0.0039971      0.43674   -3.7297e-17   -0.0039971
_SET2_   25907         3   45265956   45267814      6       4  138086     -0.75918      0.73082             0     -0.75918
_SET2_   54585         3   45864808   45957216    292      44  138086     -0.28012      0.51351   -5.5511e-17     -0.28012
_SET2_   4134          3   47892180   48130769    304      22  138086        2.729    0.0014209             0        2.729
_SET2_   51246         3   48509197   48542259     60      12  138086     -0.38314      0.57053   -5.5511e-17     -0.38314
_SET2_   1951          3   48673896   48700348     34       7  138086      0.41127      0.27849   -5.5511e-17      0.41127
_SET2_   79012         3   49895414   49907655     26       8  138086     -0.10958      0.46143   -4.1633e-17     -0.10958
_SET2_   11334         3   50362341   50365668      4       2  138086       1.6384     0.041479             0       1.6384
_SET2_   9254          3   50400230   50540892    356      32  138086     -0.38518      0.55562   -5.5511e-17     -0.38518
_SET2_   1795          3   50712672   51421629   1662      27  138086      0.57663      0.16062             0      0.57663
_SET2_   25864         3   52007700   52015216      3       1  138086       0.6346      0.25127             0       0.6346
_SET2_   80335         3   52288438   52312659     47      11  138086       1.2279     0.075407             0       1.2279
_SET2_   8314          3   52435020   52444121     13       5  138086       1.5611      0.04386             0       1.5611
_SET2_   26059         3   55542336   56502391   3413     138  138086     -0.12332      0.37389   -4.1633e-17     -0.12332
_SET2_   378           3   57557090   57583215     88      17  138086     -0.50336      0.60736             0     -0.50336
_SET2_   132204        3   63263914   63602597   1659     133  138086    -0.038782      0.39747   -3.4694e-17    -0.038782
_SET2_   80145         3   63819546   63849597     76      24  138086     0.079536      0.38107   -4.1633e-17     0.079536
_SET2_   10550         3   69134090   69155239     83      16  138086      0.70311      0.17501             0      0.70311
_SET2_   27086         3   71003865   71633140   1636     147  138086      0.74167       0.1568             0      0.74167
_SET2_   317649        3   71728440   71803924    264      30  138086      0.98286      0.10727             0      0.98286
_SET2_   9868          3  100082303  100120242    115      20  138086      0.62578      0.19647             0      0.62578
_SET2_   348801        3  100120037  100175170    177      28  138086      0.37251      0.27243   -5.5511e-17      0.37251
_SET2_   961           3  107761941  107809935    127      29  138086     -0.40117      0.56346   -5.5511e-17     -0.40117
_SET2_   257068        3  111393523  111565294    798      61  138086       2.4661    0.0028755             0       2.4661
_SET2_   55347         3  111697723  111712215     75      13  138086      0.21722      0.33057   -2.7756e-17      0.21722
_SET2_   1814          3  113847499  113918254    269      36  138086      0.92701      0.12088             0      0.92701
_SET2_   2596          3  115342151  115440334    299      52  138086      0.77489      0.15212             0      0.77489
_SET2_   201562        3  123213363  123303924    266      17  138086       2.2168    0.0070292             0       2.2168
_SET2_   11222         3  131181045  131221860    104      20  138086      0.12062      0.36145   -4.1633e-17      0.12062
_SET2_   84129         3  132276982  132378975    201      26  138086    -0.014837      0.41211   -3.6429e-17    -0.014837
_SET2_   339855        3  134318765  134370522    180      16  138086      -1.2868      0.85221             0      -1.2868
_SET2_   25852         3  137906115  138017231    137      30  138086     -0.60508      0.64343             0     -0.60508
_SET2_   5291          3  138371540  138553780    276      12  138086     -0.35648      0.54353   -5.5511e-17     -0.35648
_SET2_   344838        3  142680073  142682818     11       5  138086      -1.3788      0.89198             0      -1.3788
_SET2_   5217          3  149682691  149688741     10       5  138086     -0.43315      0.59893   -5.5511e-17     -0.43315
_SET2_   5912          3  152880001  152888413     20      12  138086      -1.3601      0.87588             0      -1.3601
_SET2_   344758        3  154055461  154147504    265      25  138086    -0.065342      0.42389   -4.1633e-17    -0.065342
_SET2_   7881          3  155838337  156256927   1476      96  138086     -0.16055      0.43219   -2.7756e-17     -0.16055
_SET2_   51319         3  157823690  158262624   1647      33  138086      -1.1734      0.76924             0      -1.1734
_SET2_   5584          3  169940220  170023770    344      15  138086     -0.87207      0.73946             0     -0.87207
_SET2_   57709         3  170177342  170303863    439      62  138086     -0.26908      0.50859   -5.5511e-17     -0.26908
_SET2_   56648         3  170606204  170626426     49      11  138086     -0.25459      0.51783   -5.5511e-17     -0.25459
_SET2_   22871         3  173115570  174004434   2616     134  138086      0.48215       0.1836   -5.5511e-17      0.48215
_SET2_   5437          3  184079502  184086383     19       8  138086     0.059298      0.39847   -3.4694e-17     0.059298
_SET2_   23355         3  184529925  184770402    564      32  138086       1.2136     0.066708             0       1.2136
_SET2_   1608          3  185852896  186080023    516      81  138086     -0.16875      0.47039   -2.7756e-17     -0.16875
_SET2_   2257          3  191857033  192445388   1422     104  138086      0.25276       0.2834   -5.5511e-17      0.25276
_SET2_   151963        3  192514604  192635950    345      24  138086     -0.48915      0.58268   -5.5511e-17     -0.48915
_SET2_   23527         3  194995465  195163817    497      16  138086      -1.6686      0.91976             0      -1.6686
_SET2_   5504          3  195241221  195270224     30       4  138086     -0.45235      0.61244   -5.5511e-17     -0.45235
_SET2_   10336         4     699537     764428    244      34  138086        1.191     0.073937             0        1.191
_SET2_   118           4    2845454    2931803    292      27  138086      0.27865      0.29924   -5.5511e-17      0.27865
_SET2_   345222        4    3250766    3273465    141      18  138086      0.12989      0.35413   -2.7756e-17      0.12989
_SET2_   1400          4    5822491    5894785    343      58  138086      0.21799      0.32099   -2.7756e-17      0.21799
_SET2_   9079          4   16503164   16900424   1228     139  138086     -0.57695      0.63717             0     -0.57695
_SET2_   9353          4   20254566   20622184   1219     144  138086       1.9985     0.013543             0       1.9985
_SET2_   152831        4   39408473   39453153    173      40  138086     -0.44482      0.57788   -5.5511e-17     -0.44482
_SET2_   3093          4   39699664   39784412    292      21  138086      -1.8671       0.9468             0      -1.8671
_SET2_   386617        4   44175920   44450824    957      75  138086       0.1137      0.34227   -4.1633e-17       0.1137
_SET2_   54940         4   48832599   48863834     48      10  138086      0.85393      0.14271             0      0.85393
_SET2_   84708         4   54326437   54518653    741      74  138086     -0.18385      0.46252   -2.7756e-17     -0.18385
_SET2_   23284         4   62066949   62938168   2668     180  138086     -0.58346      0.59121             0     -0.58346
_SET2_   2044          4   66185281   66536529   1655      88  138086      -1.3236       0.8297             0      -1.3236
_SET2_   91746         4   69176105   69215824     57      11  138086     -0.73115      0.69564             0     -0.73115
_SET2_   9508          4   73146686   73434516    437      24  138086     -0.14152      0.44413   -2.7756e-17     -0.14152
_SET2_   25849         4   75858285   75975325    236      33  138086     -0.93318      0.75441             0     -0.93318
_SET2_   9908          4   76567953   76649709    230      25  138086      -2.0872      0.96641             0      -2.0872
_SET2_   8615          4   76649829   76735366    229      20  138086      -1.4476      0.88404             0      -1.4476
_SET2_   55752         4   77870895   77961307    307      27  138086      0.59758      0.19445             0      0.59758
_SET2_   65008         4   78783805   78873944    253      20  138086      0.05778      0.38092   -3.4694e-17      0.05778
_SET2_   1040          4   85504057   85572493    122      18  138086       1.9421     0.014709             0       1.9421
_SET2_   23001         4   85590690   85887544    343      28  138086     -0.66052        0.655             0     -0.66052
_SET2_   8916          4   89513574   89629693    304      22  138086      0.93575      0.11922             0      0.93575
_SET2_   266812        4   89617066   89619023      5       3  138086       1.1066      0.10439             0       1.1066
_SET2_   401145        4   91048684   92523370   5965     209  138086     -0.75883      0.64546             0     -0.75883
_SET2_   23173         4   99916788   99983960    194      19  138086     -0.02122      0.41556   -3.8164e-17     -0.02122
_SET2_   3015          4  100869242  100871512      6       2  138086     -0.26832      0.55684   -5.5511e-17     -0.26832
_SET2_   64116         4  103172198  103266655    368      45  138086     -0.49913      0.59351   -5.5511e-17     -0.49913
_SET2_   133308        4  103946647  103998480     80      25  138086     -0.64195      0.65846             0     -0.64195
_SET2_   27068         4  106290234  106395227    526      30  138086      0.55719      0.19836             0      0.55719
_SET2_   133022        4  118004710  118006736      1       1  138086      0.19839       0.3968   -2.7756e-17      0.19839
_SET2_   166379        4  123653857  123666098     40       8  138086        0.197      0.34768   -2.7756e-17        0.197
_SET2_   23158         4  141541936  141677471    421      47  138086      0.33478      0.27254   -5.5511e-17      0.33478
_SET2_   6059          4  146019156  146050676     25      10  138086      -1.4611      0.89445             0      -1.4611
_SET2_   166614        4  150999426  151178609    691      52  138086       1.1309     0.077342             0       1.1309
_SET2_   55294         4  153242410  153456393    237       9  138086      0.76432      0.16601             0      0.76432
_SET2_   85462         4  153857265  153900848    127      33  138086     -0.68692      0.66966             0     -0.68692
_SET2_   2983          4  156680126  156728783    151      32  138086      0.58874      0.20082             0      0.58874
_SET2_   2891          4  158141736  158287227    257      26  138086     -0.40574      0.56211   -5.5511e-17     -0.40574
_SET2_   59350         4  159442866  159574524    247      27  138086       1.1662     0.080215             0       1.1662
_SET2_   4750          4  170314421  170533778    641      24  138086       3.5678   5.7815e-05             0       3.5678
_SET2_   134111        5    6437460    6496834    263      56  138086      0.19635      0.33461   -2.7756e-17      0.19635
_SET2_   651746        5   10564435   10657928    288      26  138086     -0.91927      0.74107             0     -0.91927
_SET2_   10409         5   17216932   17276954    148      36  138086      -1.1551      0.81845             0      -1.1551
_SET2_   23037         5   31639345   32111038   2062     240  138086       2.3755    0.0037471             0       2.3755
_SET2_   55299         5   34915820   34925787     22      11  138086    -0.087686       0.4518   -4.1633e-17    -0.087686
_SET2_   92255         5   36103414   36152015    116      33  138086      -1.4971      0.89641             0      -1.4971
_SET2_   3977          5   38475065   38595507    148      16  138086     -0.47423      0.59153   -5.5511e-17     -0.47423
_SET2_   5019          5   41730167   41870791    329      29  138086     -0.34996       0.5393   -5.5511e-17     -0.34996
_SET2_   10605         5   43526369   43557521     89      14  138086    -0.056114      0.43033   -3.4694e-17    -0.056114
_SET2_   3670          5   50678958   50690564     28      12  138086       1.6194     0.033314             0       1.6194
_SET2_   53918         5   52083774   52098451     44      14  138086     -0.92477      0.75874             0     -0.92477
_SET2_   10769         5   57749809   57755966     29       7  138086      -1.6218      0.92314             0      -1.6218
_SET2_   115827        5   57877950   58155221   1156      90  138086     -0.71781      0.65978             0     -0.71781
_SET2_   3796          5   61601989   61683011    250      30  138086       1.7177     0.024173             0       1.7177
_SET2_   401190        5   63801774   63909285    389      58  138086      -1.4777      0.89065             0      -1.4777
_SET2_   54557         5   64961755   65018648    138      28  138086     0.003433      0.40067   -3.7297e-17     0.003433
_SET2_   5295          5   67511584   67597649    310      53  138086     -0.58554      0.63322             0     -0.58554
_SET2_   1022          5   68530622   68573257    127      16  138086      0.49357      0.23154   -5.5511e-17      0.49357
_SET2_   79810         5   71616200   71656544     64      19  138086       1.4363     0.048853             0       1.4363
_SET2_   84135         5   72861568   72878984     43       6  138086      0.38683      0.28075   -5.5511e-17      0.38683
_SET2_   3074          5   73935547   74017113    230      34  138086      -1.8361      0.94215             0      -1.8361
_SET2_   51426         5   74807657   74895646    189      29  138086      0.88932       0.1304             0      0.88932
_SET2_   22987         5   75378997   75649764   1233     102  138086      0.29144      0.27864   -5.5511e-17      0.29144
_SET2_   9456          5   78669647   78809659    429      37  138086       2.1025    0.0087792             0       2.1025
_SET2_   345778        5   79272539   79287088     42      10  138086      0.32223      0.29596   -5.5511e-17      0.32223
_SET2_   340120        5   79852574   79866304     48      17  138086      -1.2121      0.83873             0      -1.2121
_SET2_   5924          5   80256491   80525981   1196     127  138086     -0.98305       0.7709             0     -0.98305
_SET2_   153364        5   89754020   89770585     46      16  138086      0.68048      0.18565             0      0.68048
_SET2_   79772         5   94038280   94620279   2015     158  138086      0.66071      0.17207             0      0.66071
_SET2_   1946          5  106712590  107006596    997     139  138086      0.47003        0.253   -5.5511e-17      0.47003
_SET2_   814           5  110559947  110830584    854      54  138086      0.40588      0.23505   -5.5511e-17      0.40588
_SET2_   324           5  112043202  112181936    459      32  138086      0.54335      0.20595             0      0.54335
_SET2_   7905          5  112212081  112258339    224      26  138086     -0.51585      0.60315             0     -0.51585
_SET2_   1036          5  115140430  115152405     23       8  138086     -0.08041      0.45926   -4.1633e-17     -0.08041
_SET2_   337876        5  129240389  129522327    866      38  138086      0.50807       0.2031             0      0.50807
_SET2_   134548        5  132149033  132152489      6       2  138086       3.6532   7.9543e-05             0       3.6532
_SET2_   23105         5  132532152  132948223   1547     179  138086       1.3558     0.059484             0       1.3558
_SET2_   7416          5  133307566  133341300    111      23  138086     0.098391      0.36871   -4.1633e-17     0.098391
_SET2_   91368         5  133737756  133747598     15       5  138086      0.41409       0.2838   -5.5511e-17      0.41409
_SET2_   79770         5  134209427  134237323     53      16  138086       1.0814     0.098196             0       1.0814
_SET2_   202052        5  138745892  138780171     34       4  138086       1.4083     0.057374             0       1.4083
_SET2_   56114         5  140709388  140892546    690      54  138086     -0.92235      0.74158             0     -0.92235
_SET2_   5097          5  141232655  141258361     61      27  138086       1.6756     0.028209             0       1.6756
_SET2_   80762         5  141488324  141534008    215      23  138086      -1.5889      0.90898             0      -1.5889
_SET2_   57528         5  143550437  143858097    803      40  138086       1.9727      0.01109             0       1.9727
_SET2_   5521          5  145969067  146461083   1270      74  138086      -1.4039       0.8567             0      -1.4039
_SET2_   9832          5  146965002  147162411    537      30  138086      0.68049      0.16803             0      0.68049
_SET2_   22885         5  148521054  148640002    381      31  138086     -0.17412       0.4603   -2.7756e-17     -0.17412
_SET2_   815           5  149599054  149669403    214      45  138086      -1.2667      0.84692             0      -1.2667
_SET2_   11346         5  149980642  150038792     63      18  138086      0.89374      0.12814             0      0.89374
_SET2_   29093         5  154320633  154348971     71      13  138086      -1.4827      0.89943             0      -1.4827
_SET2_   134510        5  158690089  158713048     55      15  138086      0.70383      0.17549             0      0.70383
_SET2_   10569         5  159828648  159846168     58      13  138086      0.47602      0.24065   -5.5511e-17      0.47602
_SET2_   2561          5  160715426  160975130    895      70  138086    -0.073578      0.41634   -4.1633e-17    -0.073578
_SET2_   2566          5  161494648  161582545    190      38  138086      0.70029      0.17165             0      0.70029
_SET2_   27430         5  162930070  162946359     45      11  138086       1.7345     0.025454             0       1.7345
_SET2_   57451         5  166406083  167691162   3240     252  138086     -0.58038      0.56816             0     -0.58038
_SET2_   92181         5  171636648  171710795    245      16  138086     -0.61095      0.64125             0     -0.61095
_SET2_   51617         5  173472607  173536182    165      17  138086      0.14614      0.35683   -2.7756e-17      0.14614
_SET2_   1812          5  174867675  174871163      9       4  138086       1.3441     0.064375             0       1.3441
_SET2_   94081         5  174905514  174956745    252      20  138086      0.94431      0.11676             0      0.94431
_SET2_   1212          5  175819456  175843570     63      19  138086      -1.0186      0.78407             0      -1.0186
_SET2_   10960         5  176758563  176778885     33       7  138086       2.9426   0.00084922             0       2.9426
_SET2_   9260          5  176910395  176924606      1       1  138086       1.4842     0.061619             0       1.4842
_SET2_   51428         5  176938578  176943967      3       1  138086       1.0861      0.11748             0       1.0861
_SET2_   57396         5  178029664  178054093     54      15  138086       0.9717       0.1149             0       0.9717
_SET2_   821           5  179125019  179158642    104      20  138086        2.711    0.0015876             0        2.711
_SET2_   23061         5  179289071  179334879    141      28  138086     -0.35859       0.5464   -5.5511e-17     -0.35859
_SET2_   55819         5  179382067  179499118    418      39  138086       -1.538      0.89782             0       -1.538
_SET2_   5601          5  179660594  179719071    299      41  138086      0.26336       0.3028   -5.5511e-17      0.26336
_SET2_   63027         6    3269207    3456954    778      73  138086      0.72949      0.15515             0      0.72949
_SET2_   57128         6    5047395    5261172    987      65  138086      -1.1582      0.79999             0      -1.1582
_SET2_   9521          6    8073593    8102828     96      16  138086       1.8136     0.020257             0       1.8136
_SET2_   221710        6   11094266   11138971    217      25  138086      0.19368      0.33136   -2.7756e-17      0.19368
_SET2_   221692        6   12716888   13290476   1808      92  138086    -0.060649      0.37306   -3.4694e-17    -0.060649
_SET2_   10048         6   13621730   13711796    154      29  138086       1.9246     0.014888             0       1.9246
_SET2_   84062         6   15523032   15663289    459      39  138086        1.365     0.051384             0        1.365
_SET2_   10486         6   17393447   17558023    494      57  138086     -0.05777      0.41543   -3.4694e-17     -0.05777
_SET2_   63971         6   17759414   17987864    845      43  138086       1.6662      0.02355             0       1.6662
_SET2_   7172          6   18128542   18155374    110      21  138086       1.0787     0.093973             0       1.0787
_SET2_   2822          6   24426060   24495433    605      46  138086     -0.72157      0.66794             0     -0.72157
_SET2_   51567         6   24650205   24667115     94      19  138086     -0.36635      0.55704   -5.5511e-17     -0.36635
_SET2_   2289          6   35541362   35696360    430      43  138086      0.81429      0.14135             0      0.81429
_SET2_   116138        6   42981841   42989036     16       6  138086     -0.47868       0.6233   -5.5511e-17     -0.47868
_SET2_   221424        6   43474703   43478081     11       4  138086       2.5637    0.0035488             0       2.5637
_SET2_   9587          6   43597279   43608689     37       9  138086       2.7535     0.001702             0       2.7535
_SET2_   442213        6   47845157   48036425    823      64  138086      0.33161      0.26658   -5.5511e-17      0.33161
_SET2_   28978         6   52535884   52551386     64      10  138086     -0.39106      0.57153   -5.5511e-17     -0.39106
_SET2_   667           6   56322785   56819426   1280      50  138086      0.55202        0.179             0      0.55202
_SET2_   202559        6   62389865   62996100   1382      37  138086    -0.028692      0.35416   -3.8164e-17    -0.028692
_SET2_   23469         6   64345707   64424407    140      22  138086      -1.3631      0.87131             0      -1.3631
_SET2_   1310          6   70576448   70922157   1325     105  138086       0.1854      0.31589   -2.7756e-17       0.1854
_SET2_   135154        6   71276625   71298606    107      13  138086      0.35134       0.2845   -5.5511e-17      0.35134
_SET2_   22999         6   72596406   73112845   1890      67  138086     -0.11367      0.37545   -4.1633e-17     -0.11367
_SET2_   27145         6   76004607   76203516    532      32  138086      0.35604      0.26123   -5.5511e-17      0.35604
_SET2_   3351          6   78171948   78173120      3       1  138086     -0.12918      0.51686   -2.7756e-17     -0.12918
_SET2_   83699         6   80341000   80413369    253      37  138086      0.86882      0.13107             0      0.86882
_SET2_   6785          6   80624529   80657315    139      18  138086      0.79305      0.15504             0      0.79305
_SET2_   9892          6   84262604   84419127    408      35  138086       1.1044     0.084563             0       1.1044
_SET2_   112609        6   84732746   84800606    236      34  138086        1.838     0.018756             0        1.838
_SET2_   3354          6   87647024   87726397    252      25  138086       1.5531      0.03685             0       1.5531
_SET2_   57150         6   88032306   88052043    108      18  138086     -0.27529      0.51498   -5.5511e-17     -0.27529
_SET2_   55122         6   88384578   88411985    111      20  138086      0.73126      0.16824             0      0.73126
_SET2_   81491         6   97241998   97285353    157      27  138086      0.50525      0.22662             0      0.50525
_SET2_   29078         6   97337187   97345767     39      12  138086      0.80502      0.15316             0      0.80502
_SET2_   84553         6   99720793   99797594    320      30  138086      -1.0607      0.78766             0      -1.0607
_SET2_   51805         6   99817279   99842082     99      19  138086      -1.4806      0.89208             0      -1.4806
_SET2_   25957         6   99846534   99873263     71      14  138086       -1.842      0.94664             0       -1.842
_SET2_   892           6   99990263  100016849     86      16  138086     -0.70786      0.68305             0     -0.70786
_SET2_   2830          6  110299459  110301923      4       2  138086      -2.2028      0.98073             0      -2.2028
_SET2_   5980          6  111620234  111804421    451      33  138086       1.9165     0.014148             0       1.9165
_SET2_   222537        6  114376750  114663540    853      94  138086       2.1172    0.0088262             0       2.1172
_SET2_   23270         6  116571127  116575261     16       6  138086        0.746      0.17331             0        0.746
_SET2_   7259          6  116596022  116601280     16       4  138086        1.403     0.057701             0        1.403
_SET2_   57120         6  117881432  117923705    113      23  138086     -0.21436      0.49034   -2.7756e-17     -0.21436
_SET2_   116150        6  117996617  118031890    144      33  138086     -0.64587      0.66049             0     -0.64587
_SET2_   79632         6  119280992  119470552    820      65  138086       1.2736     0.058835             0       1.2736
_SET2_   4121          6  119498366  119671774    976      40  138086       1.1405      0.06935             0       1.1405
_SET2_   57515         6  122764493  122793051     80      14  138086      0.50393      0.23253             0      0.50393
_SET2_   134829        6  123317582  123385063    226      34  138086     -0.16365      0.46488   -2.7756e-17     -0.16365
_SET2_   7164          6  125474876  125584644    381      32  138086     0.094694      0.35779   -4.1633e-17     0.094694
_SET2_   2037          6  131160487  131384462    901      44  138086      -0.9547      0.73549             0      -0.9547
_SET2_   340146        6  137243402  137246777      5       3  138086     -0.44184      0.61888   -5.5511e-17     -0.44184
_SET2_   25901         6  139094657  139114456     82      15  138086      0.16794      0.34739   -2.7756e-17      0.16794
_SET2_   58527         6  139349819  139364439     53      11  138086     -0.30567      0.53221   -5.5511e-17     -0.30567
_SET2_   7402          6  144606434  145174170   1969     101  138086     -0.87874      0.69156             0     -0.87874
_SET2_   389432        6  147829807  148058677   1175      78  138086     -0.27975      0.48182   -5.5511e-17     -0.27975
_SET2_   10090         6  149068063  149398126   1289     132  138086       -1.587      0.90972             0       -1.587
_SET2_   5110          6  150070831  150132557    145       5  138086      0.87364      0.14385             0      0.87364
_SET2_   81706         6  150464188  150571528    558      69  138086     0.024384      0.39054   -3.8164e-17     0.024384
_SET2_   79624         6  151773422  151791236     65      14  138086     -0.28352      0.52429   -5.5511e-17     -0.28352
_SET2_   26575         6  153332026  153452389    542      33  138086      0.44726      0.22924   -5.5511e-17      0.44726
_SET2_   4988          6  154331631  154568001    943      88  138086      -1.8003      0.93659             0      -1.8003
_SET2_   57492         6  157098980  157531913   1287      93  138086       3.3578   0.00012214             0       3.3578
_SET2_   729515        6  157710054  157745253      1       1  138086     -0.53949       0.6846             0     -0.53949
_SET2_   57583         6  158957468  159056467    449      42  138086     -0.49126      0.58457   -5.5511e-17     -0.49126
_SET2_   29074         6  160211492  160219461     46       7  138086    -0.029881      0.43061   -3.8164e-17    -0.029881
_SET2_   4301          6  168227602  168372703    350      15  138086      0.72629      0.16294             0      0.72629
_SET2_   168002        6  168693510  168720459    123      35  138086       0.0806      0.37172   -4.1633e-17       0.0806
_SET2_   5575          7     588834     767313    284      28  138086      -0.7581      0.69227             0      -0.7581
_SET2_   90639         7    1004486    1015235     51      15  138086      -1.4512      0.89101             0      -1.4512
_SET2_   155185        7    2719163    2755069    154      30  138086     -0.89215      0.73834             0     -0.89215
_SET2_   60            7    5566779    5570232     12       4  138086       1.9831     0.015699             0       1.9831
_SET2_   221981        7   11410062   11871824   2140     138  138086      0.21758      0.28428   -2.7756e-17      0.21758
_SET2_   10124         7   12726452   12730559     24      11  138086      0.89658       0.1339             0      0.89658
_SET2_   2115          7   13930854   14031050    375      47  138086      0.98043       0.1062             0      0.98043
_SET2_   1607          7   14184674   14943281   3082     172  138086     -0.78635      0.65717             0     -0.78635
_SET2_   27075         7   16793351   16824161    192      36  138086      0.46448      0.23785   -5.5511e-17      0.46448
_SET2_   55975         7   23145353   23215040    268      16  138086     -0.25281      0.50277   -5.5511e-17     -0.25281
_SET2_   4852          7   24323807   24331484     44      13  138086      0.58881      0.20891             0      0.58881
_SET2_   221895        7   27870192   28220437   1423     122  138086       1.3323     0.053941             0       1.3323
_SET2_   23080         7   32535101   32628327    406      24  138086       1.3772     0.049224             0       1.3772
_SET2_   8621          7   39989959   40136733    372      28  138086      0.70311      0.16598             0      0.70311
_SET2_   4967          7   44646104   44748669    242      31  138086     -0.39968      0.56057   -5.5511e-17     -0.39968
_SET2_   5814          7   44915892   44924960     11       6  138086     -0.86862       0.7549             0     -0.86862
_SET2_   2887          7   50657760   50861159    781      42  138086       2.3415    0.0039196             0       2.3415
_SET2_   51373         7   56019611   56023034     15       6  138086      0.34561      0.29732   -5.5511e-17      0.34561
_SET2_   908           7   56119378   56131682     34      10  138086      0.89585       0.1341             0      0.89585
_SET2_   728927        7   63767815   63810017    206      26  138086       0.6238      0.19058             0       0.6238
_SET2_   154807        7   65338257   65424545    194      19  138086     -0.81726      0.71916             0     -0.81726
_SET2_   2969          7   74071991   74175022     74       8  138086      -1.9663      0.96147             0      -1.9663
_SET2_   4191          7   75677182   75696826     61      11  138086     -0.36889      0.56077   -5.5511e-17     -0.36889
_SET2_   222183        7   75831211   75916609    266      26  138086    -0.098628      0.44177   -4.1633e-17    -0.098628
_SET2_   7532          7   75956108   75988342     90      17  138086      0.64465      0.19011             0      0.64465
_SET2_   9863          7   77646374   79083121   5975     312  138086      -1.3202      0.81628             0      -1.3202
_SET2_   55972         7   87462885   87505692     93      16  138086      -1.2429      0.85085             0      -1.2429
_SET2_   5218          7   90225681   90839905   2200      77  138086      0.97166     0.075919             0      0.97166
_SET2_   64921         7   94138838   94186331    120      19  138086     -0.96033      0.76398             0     -0.96033
_SET2_   55607         7   94536949   94925727   1065      59  138086      0.12553      0.32309   -2.7756e-17      0.12553
_SET2_   1780          7   95401818   95739634   1194     108  138086       0.7618       0.1501             0       0.7618
_SET2_   1750          7   96635290   96640352      8       3  138086       1.9593     0.017278             0       1.9593
_SET2_   1749          7   96649702   96654143     10       6  138086     -0.24777        0.529   -2.7756e-17     -0.24777
_SET2_   22853         7   97736197   97838945    285      22  138086    -0.074989      0.43199   -4.1633e-17    -0.074989
_SET2_   222865        7   98444111   98467673     75      19  138086     -0.64125      0.66433             0     -0.64125
_SET2_   10552         7   98923496   98963885     84      16  138086      0.98445      0.11728             0      0.98445
_SET2_   51412         7  100240720  100254084     21      10  138086       0.2749      0.31719   -5.5511e-17       0.2749
_SET2_   10248         7  100303676  100305123      4       1  138086      0.14354      0.42081   -2.7756e-17      0.14354
_SET2_   64792         7  100956648  100965093     54      14  138086     -0.41847      0.57849   -5.5511e-17     -0.41847
_SET2_   79872         7  107383942  107402112     41       9  138086      -1.5922        0.916             0      -1.5922
_SET2_   4897          7  107788071  108096841   1349      65  138086     -0.36986      0.50279   -5.5511e-17     -0.36986
_SET2_   54329         7  112720468  112727833     23      10  138086      0.81474      0.15229             0      0.81474
_SET2_   3751          7  119913689  120390387   1201      59  138086     -0.81116      0.68369             0     -0.81116
_SET2_   10447         7  120988905  121036422    108       9  138086     -0.35285      0.55703   -5.5511e-17     -0.35285
_SET2_   8976          7  123321981  123389125    221      29  138086       2.2748     0.005676             0       2.2748
_SET2_   813           7  128379346  128413477     95      10  138086       0.9965      0.11147             0       0.9965
_SET2_   9296          7  128502857  128505903     12       4  138086      -1.0028      0.79975             0      -1.0028
_SET2_   23382         7  128864855  129070052    582      36  138086      -0.5833      0.61745             0      -0.5833
_SET2_   57464         7  129074274  129128240    149      24  138086      0.30258      0.29175   -5.5511e-17      0.30258
_SET2_   54927         7  132469623  132766839    717      39  138086        1.816     0.016678             0        1.816
_SET2_   84912         7  133974089  134001827    146      15  138086     -0.29939      0.52431   -5.5511e-17     -0.29939
_SET2_   231           7  134127107  134143888     59      23  138086     -0.65307      0.66085             0     -0.65307
_SET2_   136319        7  135611503  135662204    225      33  138086      -1.1431      0.81595             0      -1.1431
_SET2_   9162          7  137074385  137531609   1091      62  138086     0.082691      0.34059   -4.1633e-17     0.082691
_SET2_   673           7  140415749  140624564    354      15  138086       2.3966    0.0042028             0       2.3966
_SET2_   100507421     7  140774032  141180180   1162     106  138086      0.30274      0.28107   -5.5511e-17      0.30274
_SET2_   9747          7  143548461  143599278     39       9  138086    -0.030755      0.42924   -3.8164e-17    -0.030755
_SET2_   1020          7  150750899  150755052     12       6  138086      0.73306      0.17789             0      0.73306
_SET2_   137868        8   13947373   15095792   8737     236  138086      0.19434       0.2795   -2.7756e-17      0.19434
_SET2_   4023          8   19796582   19824770    156      31  138086     0.027229      0.39419   -3.8164e-17     0.027229
_SET2_   526           8   20054704   20079207     78      25  138086     -0.45536      0.58799   -5.5511e-17     -0.45536
_SET2_   1960          8   22545172   22550815      8       4  138086      -1.5307      0.91243             0      -1.5307
_SET2_   4747          8   24808468   24814383     18       9  138086     -0.46852       0.6065   -5.5511e-17     -0.46852
_SET2_   64641         8   25699246   25902640    891     122  138086       1.6999     0.027944             0       1.6999
_SET2_   10687         8   26362196   26371608     27      11  138086     -0.34308      0.55073   -5.5511e-17     -0.34308
_SET2_   100507341     8   30496117   30503473     20       8  138086       1.7278     0.026679             0       1.7278
_SET2_   2936          8   30535578   30585486    174      23  138086       0.6701      0.18256             0       0.6701
_SET2_   78986         8   33448848   33457546     19       4  138086      0.28075       0.3317   -5.5511e-17      0.28075
_SET2_   83877         8   38846327   38854335     21       5  138086     -0.31897       0.5517   -5.5511e-17     -0.31897
_SET2_   10947         8   42010464   42028701     52      13  138086      -1.4007      0.88107             0      -1.4007
_SET2_   7419          8   42249279   42263455     24       9  138086     -0.76042      0.72195             0     -0.76042
_SET2_   114926        8   42396298   42408140     38       7  138086        2.619    0.0024043             0        2.619
_SET2_   54212         8   50822349   51706171   3080      78  138086      -0.3088       0.4064   -5.5511e-17      -0.3088
_SET2_   4986          8   54138276   54164257    155      15  138086      -1.4758      0.89569             0      -1.4758
_SET2_   114786        8   56015017   56438714   1851     127  138086     -0.91917      0.72325             0     -0.91917
_SET2_   195814        8   57212570   57233335     65      19  138086     -0.29238      0.52489   -5.5511e-17     -0.29238
_SET2_   5862          8   61429469   61536203    378      25  138086      0.50698      0.22007             0      0.50698
_SET2_   55156         8   66514691   66546452    132      15  138086       1.2367     0.070367             0       1.2367
_SET2_   80124         8   67542488   67579452     71      14  138086      -1.3343      0.87314             0      -1.3343
_SET2_   9312          8   73449626   73850584   1576      93  138086       1.1825      0.06277             0       1.1825
_SET2_   5569          8   79428336   79517502    220      22  138086     0.037256      0.39216   -3.4694e-17     0.037256
_SET2_   138046        8   85095453   85834079   2039      65  138086     -0.49256      0.51457   -5.5511e-17     -0.49256
_SET2_   793           8   91070836   91095107     53      14  138086     -0.51184      0.61948             0     -0.51184
_SET2_   64168         8   91803921   91971630    402      20  138086      -1.4994      0.89049             0      -1.4994
_SET2_   54704         8   94929083   94938296     11       3  138086      -0.0387      0.45255   -3.4694e-17      -0.0387
_SET2_   85453         8   98285714   98290192     17       8  138086       1.8464     0.020639             0       1.8464
_SET2_   9699          8  104512426  105266656   3079      52  138086       1.7917    0.0087707             0       1.7917
_SET2_   441376        8  117950464  117956239     14       5  138086       1.6444     0.034366             0       1.6444
_SET2_   401474        8  119201694  119634184   1687     122  138086     -0.19749      0.45179   -2.7756e-17     -0.19749
_SET2_   114569        8  120220610  120257913     93      26  138086      -1.2867      0.85502             0      -1.2867
_SET2_   51571         8  130851839  131028897    502      56  138086       0.4405      0.24002   -5.5511e-17       0.4405
_SET2_   1936          8  144661867  144679845     89      12  138086      0.48202      0.24466   -5.5511e-17      0.48202
_SET2_   80728         8  145754563  145838891    200      14  138086       1.1623     0.085426             0       1.1623
_SET2_   6505          9    4490427    4587469    305      36  138086      -1.4346      0.87789             0      -1.4346
_SET2_   26953         9    6011019    6015640     12       6  138086      0.45232      0.26548   -5.5511e-17      0.45232
_SET2_   11168         9   15464064   15511003    133      20  138086     -0.21128        0.497   -2.7756e-17     -0.21128
_SET2_   6456          9   17578953   17797122   1271      71  138086     0.028843      0.35401   -3.8164e-17     0.028843
_SET2_   10670         9   19049372   19051023      3       2  138086    -0.036061      0.46809   -3.4694e-17    -0.036061
_SET2_   23349         9   34957484   34982541     82      27  138086      0.19048      0.33444   -2.7756e-17      0.19048
_SET2_   10497         9   35161976   35405334    551      41  138086      -0.5451      0.60597             0      -0.5451
_SET2_   7016          9   35605281   35610038     11       5  138086     0.057023      0.41024   -3.4694e-17     0.057023
_SET2_   51010         9   37779711   37785089     21       9  138086      0.17129       0.3521   -2.7756e-17      0.17129
_SET2_   347252        9   38406525   38424444     73      16  138086     -0.36604      0.55187   -5.5511e-17     -0.36604
_SET2_   253650        9   38543190   38620626      6       2  138086     0.054758      0.43233   -3.4694e-17     0.054758
_SET2_   26578         9   77703398   77762114    279      38  138086       1.0456     0.097445             0       1.0456
_SET2_   55312         9   79000433   79009444     45      13  138086      0.76874      0.16083             0      0.76874
_SET2_   81689         9   88879461   88897676     32      10  138086     -0.87424      0.74448             0     -0.87424
_SET2_   10927         9   91002584   91093623    143       3  138086      -1.3577      0.88971             0      -1.3577
_SET2_   54769         9   93372114   93405108    149      31  138086      -1.7504      0.93456             0      -1.7504
_SET2_   101929748     9   95567667   95570649     15       4  138086       1.8008     0.024691             0       1.8008
_SET2_   138639        9   96793076   96872138    192      40  138086     -0.14657      0.46198   -2.7756e-17     -0.14657
_SET2_   22927         9   99212414   99253618     72       8  138086      0.33157      0.29976   -5.5511e-17      0.33157
_SET2_   54187         9  100818959  100845365     54      10  138086      -1.5268      0.90503             0      -1.5268
_SET2_   84302         9  104235442  104249475     43      13  138086      -1.3783      0.87477             0      -1.3783
_SET2_   23732         9  111899581  111929571    136      28  138086      0.73848      0.16288             0      0.73848
_SET2_   445815        9  112542577  112934792   1709     169  138086      0.30024      0.29999   -5.5511e-17      0.30024
_SET2_   158399        9  114287439  114340124    225      44  138086     -0.14499      0.46146   -2.7756e-17     -0.14499
_SET2_   7357          9  114659206  114697649    217      43  138086       1.6442     0.030086             0       1.6442
_SET2_   203197        9  117373706  117408703    209      23  138086      0.94166      0.11812             0      0.94166
_SET2_   1620          9  121928907  122131739    627      62  138086      -2.3776      0.98218             0      -2.3776
_SET2_   4702          9  124894745  124922098    114      16  138086      0.86608      0.13534             0      0.86608
_SET2_   57706         9  126141933  126692423   1671      74  138086       1.9428     0.010027             0       1.9428
_SET2_   6812          9  130374486  130454995    183      26  138086     0.020837      0.40251   -3.8164e-17     0.020837
_SET2_   1759          9  130965634  131017528     99      15  138086      0.73394      0.16675             0      0.73394
_SET2_   10444         9  131492065  131534220     65      10  138086      0.15975      0.35823   -2.7756e-17      0.15975
_SET2_   56904         9  131770313  131790604     32       9  138086     -0.52657      0.62328             0     -0.52657
_SET2_   1861          9  132575221  132586441     35      11  138086       1.3815     0.056065             0       1.3815
_SET2_   23413         9  132934857  132999583    237      38  138086      -2.0337      0.96251             0      -2.0337
_SET2_   25            9  133588266  133763062    620      45  138086       1.1337     0.077899             0       1.1337
_SET2_   138162        9  138387026  138391761     15       2  138086      0.10588      0.40408   -4.1633e-17      0.10588
_SET2_   2902          9  140033609  140063214     28       5  138086     -0.01738      0.43175   -3.8164e-17     -0.01738
_SET2_   22884        10    1095423    1178237    395      43  138086     -0.15143       0.4581   -2.7756e-17     -0.15143
_SET2_   5209         10    6186843    6277508    316      68  138086     -0.18601      0.48075   -2.7756e-17     -0.18601
_SET2_   509          10    7830093    7849764     75      13  138086      0.67982      0.18282             0      0.67982
_SET2_   8872         10   12237961   12292589    207      34  138086     -0.10522      0.44212   -4.1633e-17     -0.10522
_SET2_   57118        10   12391583   12871735   2565     208  138086       0.2777      0.26477   -5.5511e-17       0.2777
_SET2_   8559         10   13628939   13672868    143      28  138086     -0.88957      0.74034             0     -0.88957
_SET2_   51182        10   14880159   14913740     69      19  138086     -0.33707      0.54871   -5.5511e-17     -0.33707
_SET2_   22921        10   23384427   23410942     97      21  138086      0.71404      0.17071             0      0.71404
_SET2_   57512        10   25464290   25891158   1954      69  138086      -1.2277      0.78515             0      -1.2277
_SET2_   2572         10   26505236   26593491    331      19  138086       1.9028     0.015872             0       1.9028
_SET2_   143098       10   28339922   28591953   1265      48  138086      0.26355        0.266   -5.5511e-17      0.26355
_SET2_   6935         10   31607825   31818742    325      19  138086      -1.0907      0.80448             0      -1.0907
_SET2_   1390         10   35415769   35501886    241      18  138086        1.108     0.087111             0        1.108
_SET2_   55753        10   50942687   50970425     88      14  138086       1.3892     0.052282             0       1.3892
_SET2_   100287932    10   51592080   51623386      5       2  138086     0.077409       0.4154   -4.1633e-17     0.077409
_SET2_   8030         10   61548505   61666414    504      30  138086     -0.75673      0.68037             0     -0.75673
_SET2_   84159        10   63661013   63856707    741      98  138086       1.0937     0.093087             0       1.0937
_SET2_   22891        10   64133916   64431771   1283     105  138086     -0.20937      0.46707   -2.7756e-17     -0.20937
_SET2_   347731       10   68685792   68861309    635      56  138086      -1.1216      0.79787             0      -1.1216
_SET2_   56521        10   69556427   69597937     88      19  138086       1.6597     0.029518             0       1.6597
_SET2_   220202       10   69990352   69991870      4       2  138086      0.94053      0.14395             0      0.94053
_SET2_   818          10   75572259   75634349     86      12  138086       2.1062    0.0099715             0       2.1062
_SET2_   6229         10   79793518   79816571     41       8  138086      0.43632      0.26803   -5.5511e-17      0.43632
_SET2_   84293        10   82167585   82192753     90      20  138086      -2.2833      0.97984             0      -2.2833
_SET2_   27069        10   85899185   85913311     52      13  138086      0.47831      0.24148   -5.5511e-17      0.47831
_SET2_   54462        10   86088342   86278276    697      34  138086      0.31744      0.26753   -5.5511e-17      0.31744
_SET2_   7093         10   98124363   98273683    619      61  138086      0.34278      0.26778   -5.5511e-17      0.34278
_SET2_   118812       10   99374310   99393913     65      17  138086      0.40107      0.26834   -5.5511e-17      0.40107
_SET2_   2805         10  101156627  101190530     96      27  138086      -1.0302      0.78929             0      -1.0302
_SET2_   55719        10  102672326  102724891    104      23  138086        0.696      0.17395             0        0.696
_SET2_   23082        10  103892787  103910090     35      19  138086     0.047768      0.39745   -3.4694e-17     0.047768
_SET2_   79176        10  104178979  104182894      6       4  138086      -1.5942      0.92579             0      -1.5942
_SET2_   403          10  104433484  104474190     99      24  138086      -1.2271       0.8383             0      -1.2271
_SET2_   9118         10  105036919  105050108     49      15  138086      0.91105      0.12879             0      0.91105
_SET2_   9748         10  105726943  105788991    250      27  138086     0.028845      0.39136   -3.8164e-17     0.028845
_SET2_   22986        10  106400859  107024993   2761      87  138086      0.11935       0.2618   -4.1633e-17      0.11935
_SET2_   114815       10  108333421  108924466   1989     143  138086       1.0938     0.079313             0       1.0938
_SET2_   143187       10  114206756  114578503    829      89  138086      0.65783      0.17986             0      0.65783
_SET2_   57700        10  116581503  116659586    303      23  138086       3.2069   0.00025726             0       3.2069
_SET2_   142940       10  116697952  116737439    114      20  138086       1.3373     0.057643             0       1.3373
_SET2_   26033        10  116853124  117708496   2759      56  138086      0.59685      0.12232             0      0.59685
_SET2_   59338        10  124134094  124191871    213      32  138086      -1.0345      0.78324             0      -1.0345
_SET2_   2849         10  125425871  125456915    131      35  138086       1.6739     0.027786             0       1.6739
_SET2_   51363        10  125765669  125853200    196      29  138086      0.17083       0.3326   -2.7756e-17      0.17083
_SET2_   3632         10  134351283  134596984    786      37  138086     0.087362      0.34708   -4.1633e-17     0.087362
_SET2_   10844        10  135092134  135125841     77      10  138086      -1.6796      0.93094             0      -1.6796
_SET2_   93426        10  135367404  135381795    107       5  138086      0.95832       0.1311             0      0.95832
_SET2_   23410        11     215030     236362    112      11  138086      0.15878      0.35155   -2.7756e-17      0.15878
_SET2_   64787        11     706120     727727     71      22  138086     -0.78615      0.70611             0     -0.78615
_SET2_   6786         11    3876933    4114440    742      37  138086       0.5604      0.19112             0       0.5604
_SET2_   887          11    6280841    6293363     62      11  138086       1.8939     0.017362             0       1.8939
_SET2_   56675        11    9002123    9025596    103      22  138086    -0.045233      0.42248   -3.4694e-17    -0.045233
_SET2_   23258        11    9160372    9286882    380      31  138086        2.082     0.009357             0        2.082
_SET2_   81846        11    9800214   10315754   2168      53  138086      0.85329     0.089714             0      0.85329
_SET2_   374383       11   17373279   17398868     82      18  138086      -1.3197      0.86076             0      -1.3197
_SET2_   3746         11   17757495   17804602    145      25  138086       1.2375     0.069269             0       1.2375
_SET2_   203859       11   22214199   22304913    251      16  138086        1.274     0.066041             0        1.274
_SET2_   258010       11   22843598   22851382     14       6  138086     -0.55895      0.64386             0     -0.55895
_SET2_   3739         11   30031288   30038577     11       5  138086     -0.61795      0.66983             0     -0.61795
_SET2_   5954         11   32112477   32127272     65      14  138086      0.51181      0.23013             0      0.51181
_SET2_   25758        11   33563877   33695648    423      48  138086      -1.6422      0.91594             0      -1.6422
_SET2_   57586        11   45261853   45307884    202      31  138086     -0.20508      0.48211   -2.7756e-17     -0.20508
_SET2_   1132         11   46405335   46413122     15      11  138086       1.1689      0.08813             0       1.1689
_SET2_   219541       11   57471182   57479804     20      12  138086       1.6763     0.029372             0       1.6763
_SET2_   220004       11   61248585   61258400     28       4  138086      0.31205      0.32716   -5.5511e-17      0.31205
_SET2_   390205       11   61276272   61278490      6       2  138086      0.81467      0.17685             0      0.81467
_SET2_   2785         11   62475066   62476678      4       2  138086     -0.92458      0.80009             0     -0.92458
_SET2_   221092       11   62480097   62494857     30       9  138086      -0.2368      0.51763   -2.7756e-17      -0.2368
_SET2_   1128         11   62676151   62689012     37      12  138086       -1.406      0.88579             0       -1.406
_SET2_   2011         11   63606400   63678492    145      18  138086        2.301    0.0054962             0        2.301
_SET2_   55611        11   63753325   63765892     28       8  138086      0.68308      0.18796             0      0.68308
_SET2_   10938        11   64620206   64647181     75      10  138086      -0.3023        0.543   -5.5511e-17      -0.3023
_SET2_   402          11   64781585   64789657     30      10  138086      0.36255      0.28926   -5.5511e-17      0.36255
_SET2_   89792        11   65808236   65816651     24       7  138086      0.67215      0.19429             0      0.67215
_SET2_   64837        11   66024765   66035332     23       8  138086      0.44487      0.25903   -5.5511e-17      0.44487
_SET2_   11041        11   66112843   66115161      1       1  138086     -0.71233       0.7358             0     -0.71233
_SET2_   5499         11   67165652   67169376      6       3  138086       -1.536      0.92158             0       -1.536
_SET2_   4723         11   67374323   67380012     15       6  138086       2.8906    0.0011019             0       2.8906
_SET2_   55291        11   68228186   68382802    391      27  138086      0.83856      0.13498             0      0.83856
_SET2_   5870         11   73386683   73472201    289      28  138086      0.30345      0.28957   -5.5511e-17      0.30345
_SET2_   283209       11   74041361   74109502    233      28  138086       1.2644     0.064326             0       1.2644
_SET2_   10825        11   74699950   74718743     44      17  138086      -1.8433      0.94748             0      -1.8433
_SET2_   24145        11   93862094   93918762    195      32  138086     -0.76656      0.69603             0     -0.76656
_SET2_   79659        11  102980160  103350591   1954      39  138086     -0.52243      0.51936             0     -0.52243
_SET2_   60496        11  105948292  105969419     46      13  138086       1.3262     0.062261             0       1.3262
_SET2_   2977         11  106544738  106889171   1356      78  138086     -0.98381      0.73932             0     -0.98381
_SET2_   91801        11  107373453  107436468    261      27  138086     -0.01508      0.40545   -3.6429e-17     -0.01508
_SET2_   399947       11  109292570  109299893      3       1  138086      -1.7312        0.949             0      -1.7312
_SET2_   4684         11  112831969  113149158   1203      74  138086     -0.36089      0.51145   -5.5511e-17     -0.36089
_SET2_   6330         11  118004092  118023630     76      16  138086      0.48074      0.23641   -5.5511e-17      0.48074
_SET2_   6327         11  118033519  118047337     72      21  138086      -1.9295      0.95603             0      -1.9295
_SET2_   56912        11  118415243  118436791     57       8  138086     -0.42081      0.59108   -5.5511e-17     -0.42081
_SET2_   84959        11  122526398  122685187    617      99  138086      0.82398      0.14784             0      0.82398
_SET2_   57476        11  123325191  123498478    846     100  138086       1.0151      0.10439             0       1.0151
_SET2_   219844       11  125753509  125770541     63      14  138086     -0.13937      0.46769   -2.7756e-17     -0.13937
_SET2_   55572        11  126138935  126148027     27      13  138086      -1.2132      0.83983             0      -1.2132
_SET2_   56980        11  129769601  129872730    338      40  138086     -0.57352      0.62724             0     -0.57352
_SET2_   50863        11  131240371  132206716   3860     292  138086      -1.1892      0.77991             0      -1.1892
_SET2_   112936       11  134094561  134117686     47      18  138086      0.75609      0.16357             0      0.75609
_SET2_   23085        12    1100404    1605099   1574      45  138086    -0.081632      0.36863   -4.1633e-17    -0.081632
_SET2_   3736         12    5019073    5027422     26      10  138086     -0.39123      0.56889   -5.5511e-17     -0.39123
_SET2_   8079         12    6857158    6862721     23       6  138086       3.3239   0.00022602             0       3.3239
_SET2_   2026         12    7023614    7032860     20       4  138086     -0.15664      0.50206   -2.7756e-17     -0.15664
_SET2_   23710        12   10365435   10375727     25       9  138086     -0.97831       0.7798             0     -0.97831
_SET2_   55359        12   10771538   10826917    197      19  138086       1.3949     0.049561             0       1.3949
_SET2_   1389         12   12764831   12798041     60       9  138086     -0.42098      0.58266   -5.5511e-17     -0.42098
_SET2_   85004        12   15260716   15374411    313      33  138086     -0.26583      0.49934   -5.5511e-17     -0.26583
_SET2_   55885        12   16701306   16761148    100      35  138086    -0.040644      0.42131   -3.4694e-17    -0.040644
_SET2_   55907        12   22199108   22218608     40       8  138086      0.57112      0.21982             0      0.57112
_SET2_   9847         12   22601511   22697452    144       6  138086     -0.23491      0.52835   -2.7756e-17     -0.23491
_SET2_   26127        12   27091305   27119581     84      20  138086      0.49679       0.2332   -5.5511e-17      0.49679
_SET2_   57542        12   27933187   27955973     60      16  138086      -1.5621        0.908             0      -1.5621
_SET2_   51067        12   32878195   32908895    133      15  138086      0.71585      0.17521             0      0.71585
_SET2_   114134       12   40148823   40499847   1100      83  138086       2.4202    0.0032391             0       2.4202
_SET2_   144165       12   42852140   42983572    579      72  138086     -0.66552      0.65938             0     -0.66552
_SET2_   377          12   49329987   49351309     72       9  138086      -1.0287      0.79217             0      -1.0287
_SET2_   23109        12   49388933   49393088      7       3  138086     -0.06663       0.4654   -4.1633e-17     -0.06663
_SET2_   81566        12   51454988   51477454     60      13  138086       2.5024     0.003224             0       2.5024
_SET2_   84926        12   53458100   53473204     32      10  138086      0.80842      0.15687             0      0.80842
_SET2_   5502         12   54969176   54982451     56      16  138086   -0.0020663      0.40774   -3.7297e-17   -0.0020663
_SET2_   1606         12   56324946   56347811     18       7  138086      0.73793      0.17869             0      0.73793
_SET2_   140465       12   56546040   56551771      2       1  138086     -0.68947      0.73124             0     -0.68947
_SET2_   27165        12   56864728   56882198     27       8  138086      0.95563      0.12337             0      0.95563
_SET2_   116986       12   58117544   58135984     42      13  138086       1.8563     0.019074             0       1.8563
_SET2_   23041        12   62860597   62991363    451      40  138086      0.72789      0.15816             0      0.72789
_SET2_   57522        12   64238276   64541643    747     107  138086       2.6735    0.0019163             0       2.6735
_SET2_   23592        12   65563351   65642141    162      31  138086     -0.45063      0.58405   -5.5511e-17     -0.45063
_SET2_   23390        12   77157854   77247481    364      24  138086     -0.79464      0.70322             0     -0.79464
_SET2_   6857         12   79257773   79845788   1335      62  138086       1.3503      0.04322             0       1.3503
_SET2_   8825         12   81191171   81331702    519      38  138086     -0.26663      0.49317   -5.5511e-17     -0.26663
_SET2_   55117        12   85253267   85306608    167      21  138086      0.57549      0.21076             0      0.57549
_SET2_   490          12   89981826   90103130    272      33  138086      0.97684      0.11105             0      0.97684
_SET2_   144193       12   96337071   96362370    125      14  138086    -0.076469      0.43468   -4.1633e-17    -0.076469
_SET2_   56899        12   99128569  100378512   3527     203  138086       1.5914     0.023615             0       1.5914
_SET2_   23074        12  100422233  100536642    407      34  138086       2.3192    0.0050898             0       2.3192
_SET2_   79158        12  102139275  102224645    256      26  138086      -1.8887      0.94906             0      -1.8887
_SET2_   3479         12  102789645  102875563    159      25  138086        1.447     0.046024             0        1.447
_SET2_   51559        12  104166081  104234975    397      28  138086     0.044033      0.37602   -3.4694e-17     0.044033
_SET2_   84102        12  105196331  105352476    504      27  138086       1.5231      0.03573             0       1.5231
_SET2_   55703        12  106751436  106903976    402      28  138086     -0.31895      0.51892   -5.5511e-17     -0.31895
_SET2_   11108        12  108126643  108155049    106      16  138086     -0.81852      0.71957             0     -0.81852
_SET2_   9671         12  108523511  108644314    365      34  138086      -1.3734      0.86498             0      -1.3734
_SET2_   55530        12  109304658  109372453    271      30  138086     -0.29575      0.51295   -5.5511e-17     -0.29575
_SET2_   9815         12  110367607  110434194    177      27  138086      -1.3706      0.87423             0      -1.3706
_SET2_   488          12  110719032  110788898    174      17  138086     -0.77722      0.71375             0     -0.77722
_SET2_   10094        12  110872695  110888222     50      11  138086      -1.9299      0.95874             0      -1.9299
_SET2_   283450       12  112597992  112820113    324      19  138086      -1.0747      0.80038             0      -1.0747
_SET2_   84900        12  117176096  117291436    439      36  138086      0.44526      0.24236   -5.5511e-17      0.44526
_SET2_   64426        12  118814358  118855840    123      13  138086      -1.7953      0.94227             0      -1.7953
_SET2_   9478         12  121078422  121105129    117      24  138086     -0.85211      0.72935             0     -0.85211
_SET2_   144404       12  122150658  122219974    198      24  138086     -0.89803      0.74409             0     -0.89803
_SET2_   57605        12  123468027  123635376    326      17  138086     -0.49945      0.60459   -5.5511e-17     -0.49945
_SET2_   949          12  125262174  125348519    318      52  138086      0.38403      0.26144   -5.5511e-17      0.38403
_SET2_   121260       12  129277739  129308541    146      14  138086      0.45753      0.24323   -5.5511e-17      0.45753
_SET2_   121256       12  129556271  130388212   3561     318  138086      0.35795      0.21636   -5.5511e-17      0.35795
_SET2_   2700         13   20712394   20735524     99      21  138086      0.91158      0.12404             0      0.91158
_SET2_   10810        13   27131840   27263082    550      33  138086      0.28464       0.2837   -5.5511e-17      0.28464
_SET2_   2835         13   27329337   27334922     13       5  138086        -0.24      0.52542   -2.7756e-17        -0.24
_SET2_   5412         13   30338545   30424820    258      18  138086      0.76039      0.15815             0      0.76039
_SET2_   10808        13   31710762   31737246     60       8  138086       -1.024      0.79183             0       -1.024
_SET2_   145173       13   31774112   31906413    334      27  138086      -1.2873      0.84656             0      -1.2873
_SET2_   11193        13   41634973   41658142     21      10  138086      0.62708      0.20227             0      0.62708
_SET2_   89890        13   41701709   41706936      4       2  138086        2.076     0.014725             0        2.076
_SET2_   160851       13   42614172   42804352    981      54  138086      -1.2792      0.82906             0      -1.2792
_SET2_   11215        13   42846261   42897403    207      33  138086      -1.3648      0.86924             0      -1.3648
_SET2_   387923       13   44947978   44971850     53      14  138086     -0.49118      0.60776   -5.5511e-17     -0.49118
_SET2_   283514       13   46354405   46425846    315      38  138086     -0.48976      0.58788   -5.5511e-17     -0.48976
_SET2_   3839         13   50273443   50367057    351      37  138086       2.3593    0.0044069             0       2.3593
_SET2_   81550        13   60970591   61148013    456      26  138086      0.13811      0.33937   -2.7756e-17      0.13811
_SET2_   440145       13   73282495   73301938     76      11  138086      0.57032      0.22117             0      0.57032
_SET2_   170622       13   76099350   76111991     51      15  138086       1.7506      0.02431             0       1.7506
_SET2_   122060       13   78271989   78338377    172      29  138086     -0.97768      0.77135             0     -0.97768
_SET2_   79596        13   79188421   79233314    146      21  138086     -0.70649      0.67992             0     -0.70649
_SET2_   160897       13   95254104   95286899     99      21  138086     -0.45611      0.58488   -5.5511e-17     -0.45611
_SET2_   266722       13   96743093   97491816   2288      99  138086     -0.72506      0.61372             0     -0.72506
_SET2_   5911         13   98086475   98120252     68      17  138086       1.0098      0.11114             0       1.0098
_SET2_   23348        13   99445741   99738660   1137      47  138086       1.5005     0.031446             0       1.5005
_SET2_   84932        14   21927179   21945132     50       6  138086      0.59971      0.21864             0      0.59971
_SET2_   122704       14   23299088   23304246     26       9  138086     -0.50787      0.61742             0     -0.50787
_SET2_   9362         14   24540046   24547309      9       4  138086     -0.37765      0.58261   -5.5511e-17     -0.37765
_SET2_   84684        14   36003248   36006260      5       3  138086     -0.23339      0.53588   -2.7756e-17     -0.23339
_SET2_   84312        14   36295524   36341169     95      14  138086     -0.10158      0.45671   -4.1633e-17     -0.10158
_SET2_   254170       14   39865577   39901704    122      18  138086      -1.1299      0.81379             0      -1.1299
_SET2_   23116        14   45431416   45543634    236      20  138086     -0.78108      0.71268             0     -0.78108
_SET2_   2287         14   45584802   45603732     36      13  138086     -0.96584      0.78039             0     -0.96584
_SET2_   51062        14   50999800   51099786    245      35  138086      0.25197        0.307   -5.5511e-17      0.25197
_SET2_   10979        14   53323989   53417856    344      35  138086      0.32221      0.28244   -5.5511e-17      0.32221
_SET2_   80821        14   53503458   53620046    296      28  138086     0.041863      0.38578   -3.4694e-17     0.041863
_SET2_   55860        14   58666833   58702354     78      17  138086       0.1801      0.33857   -2.7756e-17       0.1801
_SET2_   6252         14   60062694   60337557    732      43  138086     -0.21714      0.46341   -2.7756e-17     -0.21714
_SET2_   57570        14   61438159   61447888     10       3  138086       1.2124     0.089751             0       1.2124
_SET2_   9495         14   64932217   64941221     16       8  138086     -0.18158      0.49293   -2.7756e-17     -0.18158
_SET2_   10243        14   66974125   67648525   2166      21  138086     -0.29256      0.42723   -5.5511e-17     -0.29256
_SET2_   51382        14   67804581   67826720     80      12  138086     -0.27587      0.53371   -5.5511e-17     -0.27587
_SET2_   384          14   68086579   68118437    108      20  138086      -0.5682      0.63198             0      -0.5682
_SET2_   87           14   69340840   69446083    474      58  138086     -0.30874      0.52016   -5.5511e-17     -0.30874
_SET2_   23508        14   71108504   71142077    114      31  138086     -0.75975      0.69656             0     -0.75975
_SET2_   4293         14   71189243   71275912    390      34  138086     -0.71998      0.67382             0     -0.71998
_SET2_   26037        14   71788108   72207761   1219      26  138086     -0.96796      0.72901             0     -0.96796
_SET2_   9240         14   74178486   74181128      7       4  138086       1.0957      0.10446             0       1.0957
_SET2_   801          14   90863327   90874619     38      10  138086      0.27343       0.3152   -5.5511e-17      0.27343
_SET2_   145567       14   91006932   91282823    996      85  138086      0.22815      0.30233   -2.7756e-17      0.22815
_SET2_   10516        14   92335755   92414046    355      48  138086     -0.16725      0.46437   -2.7756e-17     -0.16725
_SET2_   123041       14   92788925   92967825    948      84  138086      -1.7986       0.9348             0      -1.7986
_SET2_   1113         14   93389445   93401638     59      16  138086    -0.079594      0.43965   -4.1633e-17    -0.079594
_SET2_   64112        14   93648541   93651249     10       6  138086      -0.4207      0.59306   -5.5511e-17      -0.4207
_SET2_   55148        14   93673401   93695561     95      19  138086       0.7304      0.16721             0       0.7304
_SET2_   57718        14   94640649   94746092    308      24  138086     0.056783      0.37809   -3.4694e-17     0.056783
_SET2_   51550        14  102814619  102829253     27      12  138086      -0.3912      0.56835   -5.5511e-17      -0.3912
_SET2_   3831         14  104095525  104167888    210      29  138086       1.4635     0.043228             0       1.4635
_SET2_   64423        14  105147902  105185947     10       2  138086       1.6071     0.039714             0       1.6071
_SET2_   122616       14  105452125  105466056     46       9  138086       1.4175     0.052629             0       1.4175
_SET2_   2562         15   26788693   27018935    786      84  138086      -1.4362      0.87834             0      -1.4362
_SET2_   23359        15   29412455   29862927   1239      80  138086      0.36493       0.2408   -5.5511e-17      0.36493
_SET2_   56160        15   29560353   29562020      2       1  138086      0.87903       0.1759             0      0.87903
_SET2_   6263         15   33603177   34158304   2888     238  138086       1.0307     0.075822             0       1.0307
_SET2_   57369        15   35044642   35046782      6       3  138086      -1.9845      0.96636             0      -1.9845
_SET2_   440275       15   40226331   40327797    338      31  138086     0.029596      0.38255   -3.8164e-17     0.029596
_SET2_   100131244    15   40573645   40574787      3       2  138086     -0.33804      0.58718   -5.5511e-17     -0.33804
_SET2_   3706         15   41786056   41795757     34       9  138086     -0.28371       0.5324   -5.5511e-17     -0.28371
_SET2_   146050       15   43650370   43663226     26       5  138086      0.15244      0.37241   -2.7756e-17      0.15244
_SET2_   7782         15   45774676   45815005     63      11  138086      -1.2273      0.84873             0      -1.2273
_SET2_   2200         15   48700503   48937985    574      24  138086     -0.52999      0.59955             0     -0.52999
_SET2_   9318         15   49417471   49447854     94      18  138086       0.1202      0.36128   -4.1633e-17       0.1202
_SET2_   29766        15   52121825   52204335    331      20  138086      0.40272      0.25311   -5.5511e-17      0.40272
_SET2_   5597         15   52296377   52358462    175      16  138086       1.2251     0.076131             0       1.2251
_SET2_   10017        15   52401490   52404972     21       6  138086      0.51683      0.24266             0      0.51683
_SET2_   10681        15   52413123   52483565    311      24  138086     -0.58447      0.63281             0     -0.58447
_SET2_   9236         15   55647421   55700708    212      21  138086       1.2503     0.067698             0       1.2503
_SET2_   54832        15   62144588   62352664    726      39  138086        3.201   0.00022439             0        3.201
_SET2_   7168         15   63334838   63364114    115      19  138086     -0.36799      0.55144   -5.5511e-17     -0.36799
_SET2_   8925         15   63900817   64126148    685      29  138086       1.6887     0.023034             0       1.6887
_SET2_   5604         15   66679182   66783882    376      38  138086      0.50711      0.22138             0      0.50711
_SET2_   55323        15   71123889   71146498     34       5  138086     -0.37529      0.57597   -5.5511e-17     -0.37529
_SET2_   5315         15   72491370   72523901     66      14  138086       2.6909    0.0018724             0       2.6909
_SET2_   56965        15   72533522   72564885     79      15  138086       2.7659    0.0014472             0       2.7659
_SET2_   192683       15   75287876   75313836     91      12  138086     -0.19797      0.49495   -2.7756e-17     -0.19797
_SET2_   1381         15   78632666   78640572     37      15  138086      0.71075      0.17764             0      0.71075
_SET2_   390616       15   79575146   79590581     38      11  138086       0.3825      0.27352   -5.5511e-17       0.3825
_SET2_   8120         15   83328033   83378660    173      40  138086       3.6336   5.3867e-05             0       3.6336
_SET2_   4205         15  100106133  100256688    224      20  138086      -1.2722      0.84489             0      -1.2722
_SET2_   51728        16      96979     103632      6       1  138086      0.65155      0.23139             0      0.65155
_SET2_   398          16     330606     333003      4       2  138086   -0.0053913      0.45645   -3.7297e-17   -0.0053913
_SET2_   8912         16    1203241    1271772     68      11  138086      -1.2423      0.84764             0      -1.2423
_SET2_   4716         16    2009517    2011976      5       2  138086      0.44506      0.28008   -5.5511e-17      0.44506
_SET2_   9143         16    2039946    2044276      5       2  138086     -0.33957      0.58193   -5.5511e-17     -0.33957
_SET2_   10921        16    2303100    2318413     18       4  138086     -0.52389      0.63549             0     -0.52389
_SET2_   5170         16    2587965    2653191      5       2  138086       1.5916     0.042666             0       1.5916
_SET2_   115          16    4012650    4166186    653      77  138086     -0.21226      0.48122   -2.7756e-17     -0.21226
_SET2_   54715        16    5289469    7763342  15746     619  138086    -0.083357      0.35241   -4.1633e-17    -0.083357
_SET2_   25880        16    8889037    8891505      9       3  138086      -1.0987      0.82676             0      -1.0987
_SET2_   8303         16   11762289   11773015     43       6  138086      0.47834      0.24998   -5.5511e-17      0.47834
_SET2_   57496        16   14165178   14360633    408      10  138086      -1.0872      0.80736             0      -1.0872
_SET2_   23420        16   14927643   14990014      2       1  138086       1.0319      0.13457             0       1.0319
_SET2_   9738         16   19535179   19564730    103      15  138086      0.57871      0.21156             0      0.57871
_SET2_   124274       16   20042981   20085100    191      28  138086      -1.8232      0.94229             0      -1.8232
_SET2_   7385         16   21964609   21994668     30       9  138086      0.33909      0.29796   -5.5511e-17      0.33909
_SET2_   730094       16   22019456   22095975     83      16  138086     -0.11365      0.45861   -4.1633e-17     -0.11365
_SET2_   84516        16   23652687   23685068     92       9  138086       -1.338      0.87472             0       -1.338
_SET2_   63928        16   23765948   23770272      7       4  138086       1.3808     0.060368             0       1.3808
_SET2_   5579         16   23847300   24231932   1387     115  138086       3.9293   1.2079e-05             0       3.9293
_SET2_   10368        16   24266874   24373737    450      76  138086       -1.492      0.89514             0       -1.492
_SET2_   5930         16   24550866   24584184     87      12  138086     0.054753      0.38997   -3.4694e-17     0.054753
_SET2_   51451        16   25123047   25189551    109       7  138086      -2.4348      0.98733             0      -2.4348
_SET2_   26470        16   29882480   29910585     15       3  138086     -0.45361      0.61599   -5.5511e-17     -0.45361
_SET2_   84148        16   31128985   31142714     23       4  138086      0.77446      0.17091             0      0.77446
_SET2_   11051        16   56463048   56485261     45      13  138086       2.1602    0.0087593             0       2.1602
_SET2_   10300        16   57769623   57791162     82      19  138086      -1.7995      0.94279             0      -1.7995
_SET2_   29105        16   58147496   58163296     49       9  138086      -1.4893      0.90577             0      -1.4893
_SET2_   2806         16   58741035   58768246    145      24  138086     -0.49259      0.60137   -5.5511e-17     -0.49259
_SET2_   1006         16   61681169   62070939    986      69  138086        1.468     0.037576             0        1.468
_SET2_   7084         16   66541906   66584315    149      17  138086     0.058964      0.39458   -3.4694e-17     0.058964
_SET2_   653319       16   67209505   67217883     19       9  138086     0.097626      0.39391   -4.1633e-17     0.097626
_SET2_   9114         16   67471917   67515089     72      17  138086       3.0764   0.00053493             0       3.0764
_SET2_   10204        16   67880819   67906470     58      15  138086       4.1356   7.2276e-06             0       4.1356
_SET2_   55794        16   68055177   68057770      4       2  138086       1.4475     0.059993             0       1.4475
_SET2_   84342        16   69362524   69373526     25       7  138086      0.38009      0.28564   -5.5511e-17      0.38009
_SET2_   51388        16   69373415   69377014     15       6  138086      0.17649      0.36026   -2.7756e-17      0.17649
_SET2_   28987        16   69775757   69788871     43      13  138086      -1.7177      0.93364             0      -1.7177
_SET2_   118460       16   70284134   70285833      1       1  138086      0.18954       0.4019   -2.7756e-17      0.18954
_SET2_   2734         16   74481325   74641042    602      33  138086   -0.0098988      0.38861   -3.6429e-17   -0.0098988
_SET2_   10428        16   75327608   75467387    567      19  138086      0.76795      0.14419             0      0.76795
_SET2_   11345        16   75600249   75611779     30       7  138086     -0.93502      0.77598             0     -0.93502
_SET2_   54386        16   75681602   75691340     34       8  138086     -0.42298      0.59708   -5.5511e-17     -0.42298
_SET2_   57687        16   77822483   78014001    852     111  138086      0.25609      0.31357   -5.5511e-17      0.25609
_SET2_   10200        16   82181767   82203829    223      16  138086      0.12347       0.3586   -4.1633e-17      0.12347
_SET2_   83693        16   84155744   84178800     68      15  138086      0.81888      0.14722             0      0.81888
_SET2_   57707        16   84509966   84538366    248      40  138086     -0.90292      0.74073             0     -0.90292
_SET2_   79791        16   87362942   87425708    250      44  138086      0.22321       0.3178   -2.7756e-17      0.22321
_SET2_   57338        16   87635441   87731762    654      79  138086     -0.63046      0.64559             0     -0.63046
_SET2_   27132        16   89642176   89663654     90      24  138086      0.28834       0.2995   -5.5511e-17      0.28834
_SET2_   22980        16   89939994   89977795    158      13  138086     -0.22257      0.50576   -2.7756e-17     -0.22257
_SET2_   10381        16   89988417   90002505     62      13  138086       1.9585       0.0149             0       1.9585
_SET2_   8447         17       6009      31421     13       1  138086      -1.3978      0.90711             0      -1.3978
_SET2_   55275        17     411908     618096    733      45  138086     -0.29629      0.49672   -5.5511e-17     -0.29629
_SET2_   29           17     906758    1090616    231      47  138086       1.6528     0.027894             0       1.6528
_SET2_   27043        17    4574679    4607712     92      11  138086    -0.033661      0.42771   -3.4694e-17    -0.033661
_SET2_   9552         17    4862521    4871132     28      12  138086    -0.036178      0.43515   -3.4694e-17    -0.036178
_SET2_   440400       17    6915736    6917852      3       1  138086      -1.2706      0.88463             0      -1.2706
_SET2_   1742         17    7093209    7123369     66      18  138086      0.16627      0.34524   -2.7756e-17      0.16627
_SET2_   9513         17    7494548    7518215     54      18  138086       2.1329    0.0089868             0       2.1329
_SET2_   1949         17    7608520    7614693     12       4  138086      0.83239      0.16098             0      0.83239
_SET2_   6844         17    8062465    8066293      7       3  138086       2.7189    0.0020456             0       2.7189
_SET2_   8533         17   17149938   17184617    129      17  138086      0.37462      0.26946   -5.5511e-17      0.37462
_SET2_   7732         17   19314491   19320589     10       2  138086        -1.17       0.8558             0        -1.17
_SET2_   51701        17   26369009   26523407    159      71  138086        3.483   0.00012102             0        3.483
_SET2_   399687       17   27400528   27507432    316      31  138086       1.0915     0.087822             0       1.0915
_SET2_   55352        17   30178884   30186326     11       5  138086      0.81671      0.16167             0      0.81671
_SET2_   64149        17   30655460   30677066     19       5  138086       1.4145     0.054841             0       1.4145
_SET2_   8851         17   30814105   30818271      3       1  138086       1.9535     0.020133             0       1.9535
_SET2_   91608        17   34058679   34070540     30       9  138086      -1.1621      0.83113             0      -1.1621
_SET2_   79893        17   34900737   34946278     68       9  138086       4.5636   8.8546e-07             0       4.5636
_SET2_   30837        17   36508007   36561846     67       6  138086       1.0724      0.10559             0       1.0724
_SET2_   8396         17   36921944   36956218    114      26  138086      0.33597      0.28337   -5.5511e-17      0.33597
_SET2_   782          17   37329709   37353956     53      18  138086    -0.092287      0.44594   -4.1633e-17    -0.092287
_SET2_   5709         17   38137021   38154213     70      10  138086       1.3371     0.059359             0       1.3371
_SET2_   55175        17   40009799   40021629     39       8  138086       1.8439     0.020742             0       1.8439
_SET2_   47           17   40023169   40086795    138      16  138086       1.9375     0.015214             0       1.9375
_SET2_   7266         17   40128439   40169715     62      13  138086        1.657     0.030655             0        1.657
_SET2_   79132        17   40253422   40264751     33       6  138086      0.90742      0.13942             0      0.90742
_SET2_   535          17   40610862   40674597     97      27  138086      0.63504      0.19294             0      0.63504
_SET2_   8506         17   40834632   40852011     31       9  138086     -0.49622      0.61217   -5.5511e-17     -0.49622
_SET2_   80755        17   41102543   41116515     14       4  138086     -0.50746       0.6326             0     -0.50746
_SET2_   100885848    17   41120105   41132545     13       3  138086     0.056867      0.41897   -3.4694e-17     0.056867
_SET2_   146923       17   41132527   41145713     21       9  138086      0.40085      0.27423   -5.5511e-17      0.40085
_SET2_   379          17   41476353   41478504      6       3  138086      0.25728      0.33831   -5.5511e-17      0.25728
_SET2_   1845         17   41843489   41856368     44       9  138086      0.54812      0.22667             0      0.54812
_SET2_   4137         17   43971702   44105700    749       8  138086       3.0005   0.00052108             0       3.0005
_SET2_   5164         17   48172101   48188733     54      12  138086        1.911     0.016583             0        1.911
_SET2_   84687        17   48211101   48227877     18       6  138086       2.1868    0.0086975             0       2.1868
_SET2_   3131         17   53342321   53402426    155      36  138086       2.9149   0.00078958             0       2.9149
_SET2_   23531        17   53469974   53499341     78      15  138086      0.42983      0.25338   -5.5511e-17      0.42983
_SET2_   140735       17   56160780   56167618      9       6  138086      0.88778      0.14368             0      0.88778
_SET2_   9110         17   56566893   56595271     62      11  138086     -0.75616      0.70794             0     -0.75616
_SET2_   4591         17   57059999   57184266    233      29  138086     -0.30338      0.51928   -5.5511e-17     -0.30338
_SET2_   1636         17   61554422   61575741     52       8  138086       2.0899     0.010696             0       2.0899
_SET2_   8787         17   63133456   63223821    261      20  138086      -2.9801      0.99692             0      -2.9801
_SET2_   27092        17   64960980   65029518    288      47  138086      0.32137      0.28691   -5.5511e-17      0.32137
_SET2_   6752         17   71161160   71168094     25       7  138086      0.32828       0.2988   -5.5511e-17      0.32828
_SET2_   10458        17   79008944   79091232    363      49  138086       2.2663    0.0057516             0       2.2663
_SET2_   255275       17   79897521   79905109      1       1  138086      0.20058       0.3742   -2.7756e-17      0.20058
_SET2_   1453         17   80197523   80231594      2       1  138086      0.14148      0.41032   -2.7756e-17      0.14148
_SET2_   64863        18    2537524    2571489    162      21  138086      0.33266      0.28229   -5.5511e-17      0.33266
_SET2_   10627        18    3247472    3256234     42       6  138086        1.274      0.07263             0        1.274
_SET2_   23136        18    5392380    5630662    812      81  138086      0.83091       0.1351             0      0.83091
_SET2_   5797         18    7567314    8406859   2920     183  138086      -1.1515      0.77916             0      -1.1515
_SET2_   4729         18    9102628    9134343     85      19  138086       1.1374     0.086665             0       1.1374
_SET2_   8774         18   10525873   10552766     90      11  138086     -0.37048      0.55826   -5.5511e-17     -0.37048
_SET2_   2774         18   11689014   11885684    544      27  138086     -0.73456      0.67349             0     -0.73456
_SET2_   57132        18   11851389   11854448      1       1  138086        1.697      0.03894             0        1.697
_SET2_   284252       18   24034874   24237365    684     102  138086      0.15149      0.35413   -2.7756e-17      0.15149
_SET2_   9331         18   29202209   29306560    291      37  138086      0.70503      0.16718             0      0.70503
_SET2_   8715         18   31431064   31803515   1003      65  138086     -0.12918      0.42589   -2.7756e-17     -0.12918
_SET2_   1837         18   32073254   32471808   1261      51  138086      -1.6954      0.90992             0      -1.6954
_SET2_   56853        18   34823003   35146000   1223     154  138086       0.5484      0.22831             0       0.5484
_SET2_   5289         18   39535165   39662272    172      14  138086      0.70173      0.17473             0      0.70173
_SET2_   6014         18   40323183   40695676   1266      78  138086     -0.46401      0.55514   -5.5511e-17     -0.46401
_SET2_   6860         18   40847857   40857615     13       5  138086       1.8859     0.020358             0       1.8859
_SET2_   498          18   43664110   43684199    101      12  138086      0.74685      0.16543             0      0.74685
_SET2_   51124        18   44681390   44702745     71      11  138086     -0.35497       0.5588   -5.5511e-17     -0.35497
_SET2_   8932         18   51677971   51751158    193      30  138086    -0.010147      0.40554   -3.6429e-17    -0.010147
_SET2_   5874         18   52385097   52562747    592      33  138086     0.069037      0.35753   -4.1633e-17     0.069037
_SET2_   23335        18   54318590   54697036   1379      68  138086      0.27368      0.26674   -5.5511e-17      0.27368
_SET2_   51046        18   55019721   55036162     48       9  138086      0.36945      0.28717   -5.5511e-17      0.36945
_SET2_   9480         18   55102917   55158530    216      26  138086      -1.0338      0.78506             0      -1.0338
_SET2_   23556        18   59711457   59854289    791      29  138086     -0.93519      0.73024             0     -0.93519
_SET2_   2531         18   60994971   61034506     99      16  138086      -1.4047      0.87846             0      -1.4047
_SET2_   220164       18   67068284   67516323   1913     159  138086      0.61822       0.1845             0      0.61822
_SET2_   10907        18   77732867   77748546     27       6  138086     -0.48292      0.61696   -5.5511e-17     -0.48292
_SET2_   2879         19    1103936    1106787      1       1  138086       1.4314      0.06253             0       1.4314
_SET2_   85300        19    3880618    3928080     42       8  138086     -0.86225      0.74193             0     -0.86225
_SET2_   8570         19    6413115    6424822     42       5  138086      -2.4122       0.9879             0      -2.4122
_SET2_   115704       19    7895161    7929862     91      13  138086      0.98213      0.11262             0      0.98213
_SET2_   374882       19   11453452   11457065      1       1  138086       2.3411     0.008251             0       2.3411
_SET2_   1725         19   12786531   12792701      3       2  138086       2.0875     0.013184             0       2.0875
_SET2_   7001         19   12907634   12912724     15       3  138086       1.3911     0.064799             0       1.3911
_SET2_   90480        19   13064970   13068068      3       2  138086       1.2049     0.097185             0       1.2049
_SET2_   113230       19   14183821   14185874      1       1  138086      0.53317       0.2657             0      0.53317
_SET2_   79041        19   16771938   16799830     72      11  138086       0.6207      0.20653             0       0.6207
_SET2_   79575        19   17402940   17414282     39      10  138086      -1.3674      0.87407             0      -1.3674
_SET2_   23025        19   17712137   17799123     93      21  138086       6.3273    2.433e-11             0       6.3273
_SET2_   23149        19   17858527   17899377    113      14  138086       3.5407   7.9415e-05             0       3.5407
_SET2_   5864         19   18307609   18314874     14       4  138086     -0.99628      0.79389             0     -0.99628
_SET2_   25789        19   18723682   18731849     32       9  138086     -0.22755      0.50591   -2.7756e-17     -0.22755
_SET2_   81931        19   20011722   20046382     99      15  138086     -0.83099      0.73165             0     -0.83099
_SET2_   5438         19   36604611   36606206      6       3  138086     -0.25717      0.54128   -5.5511e-17     -0.25717
_SET2_   6829         19   39936186   39967310    108      16  138086     -0.83369      0.72386             0     -0.83369
_SET2_   126272       19   40021630   40023494      6       4  138086       0.3442      0.30292   -5.5511e-17       0.3442
_SET2_   163126       19   40029446   40030838      5       3  138086      0.61117      0.22156             0      0.61117
_SET2_   4294         19   40697504   40721487     36       8  138086      -1.9815      0.96243             0      -1.9815
_SET2_   84518        19   42891171   42894444      5       1  138086     -0.34565      0.61145   -5.5511e-17     -0.34565
_SET2_   2067         19   45910591   45982241    233      38  138086     -0.19207      0.47621   -2.7756e-17     -0.19207
_SET2_   4858         19   46442771   46476657     80      18  138086      0.51617      0.22565             0      0.51617
_SET2_   57469        19   46994448   46999169     15       7  138086     0.075776      0.39632   -4.1633e-17     0.075776
_SET2_   808          19   47104512   47114039     24      10  138086      -0.2492      0.51347   -2.7756e-17      -0.2492
_SET2_   147906       19   47150869   47164395     24       8  138086     -0.28435      0.53064   -5.5511e-17     -0.28435
_SET2_   1175         19   47341423   47354203      6       2  138086      -1.0464       0.8177             0      -1.0464
_SET2_   83743        19   48949030   48957164     32       4  138086       1.2735     0.077496             0       1.2735
_SET2_   114783       19   48988528   49016446     52       7  138086     -0.69813      0.70473             0     -0.69813
_SET2_   770          19   49141272   49149451     11       3  138086     -0.66127      0.69892             0     -0.66127
_SET2_   51231        19   50479724   50529274    147      17  138086     -0.67119      0.67012             0     -0.67119
_SET2_   59283        19   54466290   54493469     56       7  138086     -0.92055      0.76175             0     -0.92055
_SET2_   7138         19   55644161   55660752     21       4  138086        2.358    0.0059921             0        2.358
_SET2_   6861         19   55682571   55691809     55       6  138086      0.79799      0.16841             0      0.79799
_SET2_   63934        19   56950693   56988770    100      15  138086      -1.7694      0.93734             0      -1.7694
_SET2_   201514       19   58919245   58929694     35       4  138086        1.056      0.10935             0        1.056
_SET2_   9040         19   59067079   59070343      4       2  138086      0.58681      0.23402             0      0.58681
_SET2_   3704         20    3189514    3204516     79      16  138086      -1.4166      0.88166             0      -1.4166
_SET2_   1114         20    5891974    5906007     51      10  138086     -0.45547      0.59466   -5.5511e-17     -0.45547
_SET2_   6616         20   10199477   10288068    260      38  138086     0.054881      0.37901   -3.4694e-17     0.054881
_SET2_   57419        20   19193290   19703541   2002     132  138086       1.5616     0.028541             0       1.5616
_SET2_   63908        20   23355156   23402156    226      25  138086     0.019624      0.39318   -3.8164e-17     0.019624
_SET2_   343702       20   30555805   30586256     65      20  138086       1.1064     0.089709             0       1.1064
_SET2_   9371         20   30865443   30922814     97      13  138086     -0.42561      0.57813   -5.5511e-17     -0.42561
_SET2_   191          20   32868071   32899608     59       7  138086       1.0366       0.1141             0       1.0366
_SET2_   83658        20   33104193   33128762     42      12  138086      -1.1956      0.83571             0      -1.1956
_SET2_   10893        20   33814539   33864804    126      23  138086     -0.54901      0.62624             0     -0.54901
_SET2_   51614        20   34129778   34145405     33       6  138086     -0.51481      0.63205             0     -0.51481
_SET2_   22839        20   34995444   35157040    199      31  138086       1.3518     0.054592             0       1.3518
_SET2_   57446        20   35280169   35374541     87      32  138086      0.24515      0.31711   -2.7756e-17      0.24515
_SET2_   25939        20   35519285   35580246    128      20  138086       0.6224      0.19336             0       0.6224
_SET2_   6185         20   35807454   35870026    213      15  138086      0.36789      0.27244   -5.5511e-17      0.36789
_SET2_   10904        20   36145819   36156333     17       6  138086     -0.23029      0.51661   -2.7756e-17     -0.23029
_SET2_   128434       20   36531499   36573752    152      26  138086      0.46512      0.23795   -5.5511e-17      0.46512
_SET2_   140679       20   37353105   37358015      5       2  138086     -0.90781      0.78181             0     -0.90781
_SET2_   26051        20   37434348   37551667    408      65  138086     -0.45803      0.58608   -5.5511e-17     -0.45803
_SET2_   140730       20   43380445   43438979    116      18  138086       1.8333     0.019264             0       1.8333
_SET2_   7529         20   43514240   43537173     74      14  138086     -0.34008      0.54591   -5.5511e-17     -0.34008
_SET2_   10953        20   43570771   43589114     46      14  138086      0.25136      0.31902   -5.5511e-17      0.25136
_SET2_   57468        20   44650329   44688789    176      30  138086      0.37306      0.27144   -5.5511e-17      0.37306
_SET2_   1434         20   47662783   47713497    145      18  138086      -1.0556      0.79183             0      -1.0556
_SET2_   3745         20   47988505   48099181    497      57  138086       1.5763     0.032981             0       1.5763
_SET2_   27304        20   49575351   49578400      4       2  138086      0.61547      0.23778             0      0.61547
_SET2_   10079        20   50213314   50384908    935      49  138086     0.092791      0.33521   -4.1633e-17     0.092791
_SET2_   57403        20   56884771   56942563    219      29  138086     -0.34637      0.54028   -5.5511e-17     -0.34637
_SET2_   1299         20   61448414   61472511     23       5  138086     -0.15677      0.49289   -2.7756e-17     -0.15677
_SET2_   50861        20   62271058   62284963     36       9  138086      0.30895      0.30104   -5.5511e-17      0.30895
_SET2_   7165         20   62496581   62522898     43       4  138086      0.94756      0.13649             0      0.94756
_SET2_   6782         21   15743436   15755509     59      14  138086     -0.57565       0.6376             0     -0.57565
_SET2_   1525         21   18885224   18965897    210      22  138086     -0.35225       0.5389   -5.5511e-17     -0.35225
_SET2_   351          21   27252861   27543446    971      87  138086      0.61932      0.18462             0      0.61932
_SET2_   10694        21   30428647   30446010     43      14  138086     -0.16161      0.47673   -2.7756e-17     -0.16161
_SET2_   54069        21   33640530   33651376     18       7  138086    -0.085529      0.45956   -4.1633e-17    -0.085529
_SET2_   8867         21   33997269   34100351    211      33  138086      0.19672      0.32665   -2.7756e-17      0.19672
_SET2_   3460         21   34775202   34809828    103      24  138086     -0.98022      0.77042             0     -0.98022
_SET2_   5121         21   41239347   41301322    279      46  138086     -0.12127      0.44652   -4.1633e-17     -0.12127
_SET2_   6612         21   46225532   46238044     57      14  138086      0.43834      0.25539   -5.5511e-17      0.43834
_SET2_   80781        21   46825058   46933634    510      39  138086      0.86613      0.12567             0      0.86613
_SET2_   8888         21   47655047   47706211    165      22  138086       2.1373    0.0084762             0       2.1373
_SET2_   23765        22   17565849   17596584     80      21  138086      0.81943      0.14253             0      0.81943
_SET2_   529          22   18074902   18111588    178      12  138086     -0.94517      0.76169             0     -0.94517
_SET2_   5297         22   21061979   21213100    349      12  138086     -0.91895      0.74615             0     -0.91895
_SET2_   29799        22   22051825   22090071    111      21  138086      0.51111      0.22568             0      0.51111
_SET2_   5594         22   22113946   22221970    255      18  138086       1.1512     0.080201             0       1.1512
_SET2_   57168        22   26825280   26840978     62      17  138086      0.60978      0.20038             0      0.60978
_SET2_   23760        22   28247657   28315255    131      17  138086       1.3102     0.063222             0       1.3102
_SET2_   8508         22   29950797   29977326    110      18  138086      0.39194      0.26484   -5.5511e-17      0.39194
_SET2_   4771         22   29999545   30094589    251      39  138086      -2.2185      0.97525             0      -2.2185
_SET2_   7533         22   32340479   32353590     44      10  138086       1.7627     0.024059             0       1.7627
_SET2_   79734        22   37447779   37459430     17       7  138086       2.2304    0.0080958             0       2.2304
_SET2_   114794       22   37764000   37823505    262      34  138086     -0.82917      0.71423             0     -0.82917
_SET2_   3761         22   38822332   38851205     74      14  138086       1.5457     0.038244             0       1.5457
_SET2_   10126        22   39174513   39190161     29       9  138086      -1.3177      0.86625             0      -1.3177
_SET2_   23466        22   39257468   39268258     24       8  138086     -0.48803       0.6159   -5.5511e-17     -0.48803
_SET2_   23492        22   39526777   39548661     70       9  138086     -0.22543       0.5039   -2.7756e-17     -0.22543
_SET2_   9145         22   39745954   39781593    120      16  138086       1.4317     0.047559             0       1.4317
_SET2_   23112        22   40440046   40731812    596      24  138086       1.8186     0.017122             0       1.8186
_SET2_   50           22   41865099   41924993    152      37  138086     0.066627      0.38552   -4.1633e-17     0.066627
_SET2_   5372         22   41972890   41985871     39       7  138086      -1.0329      0.80573             0      -1.0329
_SET2_   25830        22   44220387   44258378    170      23  138086     0.035218      0.38942   -3.4694e-17     0.035218
_SET2_   10762        22   45559726   45583892    104      13  138086       1.9395     0.015003             0       1.9395
_SET2_   25814        22   46067678   46241187    506      27  138086     -0.63955       0.6426             0     -0.63955
_SET2_   23542        22   51039131   51049979     56      12  138086     -0.63557      0.66203             0     -0.63557
