# ALPHA = 0.05
# NUMBER_OF_TESTS = 388

# _SET1_  VARIABLE = gtex__frontal_cortex_ba9__M000 (set)
# _SET1_  NGENES = 3188
# _SET1_  P-VALUE = 1.63571e-05
_SET1_   GENE        CHR      START       STOP  NSNPS  NPARAM       N        ZSTAT            P  ZFITTED_BASE  ZRESID_BASE
_SET1_   375790        1     955503     991499     10       1  500199      0.42115      0.23851   -5.5511e-17      0.42115
_SET1_   7293          1    1146706    1149703      4       1  500199       1.0096       0.1293             0       1.0096
_SET1_   126792        1    1167629    1170421      1       1  500199       1.5672      0.06781             0       1.5672
_SET1_   1855          1    1270658    1284509      9       2  500199       1.0692      0.11724             0       1.0692
_SET1_   65220         1    1682671    1711508     55       6  500199      -1.5214      0.86088             0      -1.5214
_SET1_   5590          1    1981909    2116834    316      18  500199     -0.62027      0.50301             0     -0.62027
_SET1_   79906         1    2251719    2323190    205      28  500199       1.0196     0.056981             0       1.0196
_SET1_   57470         1    3696784    3713068     72      12  500199     -0.45558       0.5175   -5.5511e-17     -0.45558
_SET1_   9731          1    3728645    3773797    286      15  500199     -0.90992      0.63135             0     -0.90992
_SET1_   55966         1    4715105    4843851    657      79  500199     -0.19787      0.30786   -2.7756e-17     -0.19787
_SET1_   8514          1    6052358    6161253    267      35  500199     -0.30582      0.40128   -5.5511e-17     -0.30582
_SET1_   26038         1    6161847    6240194    266      27  500199      -1.7233      0.87824             0      -1.7233
_SET1_   387509        1    6307406    6321035     35       2  500199      -1.2565      0.83854             0      -1.2565
_SET1_   11332         1    6324332    6453826    446      24  500199      0.87025     0.079415             0      0.87025
_SET1_   57449         1    6526152    6580121    151      25  500199      -0.1317      0.37556   -2.7756e-17      -0.1317
_SET1_   23261         1    6845384    7829766   2839     205  500199       1.4487    0.0004394             0       1.4487
_SET1_   473           1    8412464    8877699    746      32  500199       3.9272   7.1252e-07             0       3.9272
_SET1_   6518          1    9097005    9131763    121      17  500199      -2.4216      0.97435             0      -2.4216
_SET1_   5293          1    9711789    9789172    143      29  500199     0.069633      0.28923   -4.1633e-17     0.069633
_SET1_   22883         1    9789079    9884550    134      16  500199     -0.26254      0.46722   -5.5511e-17     -0.26254
_SET1_   64802         1   10003486   10045556     82      11  500199      -1.6152      0.90396             0      -1.6152
_SET1_   10277         1   10093041   10241297    324      18  500199      -1.2034      0.78297             0      -1.2034
_SET1_   1325          1   10509776   10512060      5       2  500199      0.33682      0.26363   -5.5511e-17      0.33682
_SET1_   1676          1   10520588   10532613     20       5  500199    -0.087775      0.38482   -4.1633e-17    -0.087775
_SET1_   5195          1   10535003   10690815    401      32  500199     -0.78575      0.55556             0     -0.78575
_SET1_   2475          1   11166588   11322614    311       9  500199     -0.27365      0.42624   -5.5511e-17     -0.27365
_SET1_   10459         1   11734537   11751678     60      11  500199       -1.935      0.93183             0       -1.935
_SET1_   7133          1   12227044   12269279    115      14  500199      0.50572      0.17818             0      0.50572
_SET1_   126755        1   13801445   13840242    144      28  500199      -1.9646      0.92869             0      -1.9646
_SET1_   7799          1   14026714   14151574    396      30  500199      -1.9078      0.91026             0      -1.9078
_SET1_   23254         1   14219646   15444544   4755     342  500199      0.62421    0.0053889             0      0.62421
_SET1_   23341         1   15853343   15898228    118      12  500199      -0.4354      0.48639   -5.5511e-17      -0.4354
_SET1_   79814         1   15898194   15911605     58       6  500199        -1.48      0.85419             0        -1.48
_SET1_   84301         1   15943953   15995539    117       6  500199     -0.35396      0.48928   -5.5511e-17     -0.35396
_SET1_   6390          1   17345217   17380665    120      12  500199      -2.1225        0.949             0      -2.1225
_SET1_   84966         1   18434240   18704977    989     122  500199       2.0643    0.0021037             0       2.0643
_SET1_   5081          1   18957500   19075360    355      55  500199     -0.72134      0.56678             0     -0.72134
_SET1_   23352         1   19401000   19536812    311      22  500199      0.86902     0.074377             0      0.86902
_SET1_   4681          1   19969723   19984949     57      16  500199      -1.1022       0.7357             0      -1.1022
_SET1_   3362          1   19991780   20006055     41       8  500199      0.64804      0.15324             0      0.64804
_SET1_   127733        1   20512578   20522540      9       3  500199     -0.65496      0.63382             0     -0.65496
_SET1_   55450         1   20808884   20812728      4       2  500199      0.71335      0.18412             0      0.71335
_SET1_   8672          1   21132785   21503381    777      30  500199       1.7177    0.0042595             0       1.7177
_SET1_   84224         1   21766583   21811393    150      15  500199      0.11978      0.27591   -4.1633e-17      0.11978
_SET1_   3339          1   22148737   22263750    386      40  500199     -0.78968      0.58526             0     -0.78968
_SET1_   23028         1   23345937   23410184     79      11  500199       0.5079      0.17102             0       0.5079
_SET1_   7798          1   23410516   23504301    184      22  500199      0.91732     0.078382             0      0.91732
_SET1_   55616         1   23755056   23810750    120      16  500199     -0.91522      0.69732             0     -0.91522
_SET1_   57095         1   24104876   24114722      9       4  500199       1.8129      0.01516             0       1.8129
_SET1_   56181         1   26146397   26159433     30       2  500199       1.8184     0.018393             0       1.8184
_SET1_   164091        1   26187975   26202461     12       3  500199       2.8649   0.00055344             0       2.8649
_SET1_   3925          1   26210670   26233368     28       5  500199       3.0588   0.00025418             0       3.0588
_SET1_   2134          1   26348266   26362955     21       6  500199     -0.48568      0.54345   -5.5511e-17     -0.48568
_SET1_   8289          1   27022522   27108601    122       9  500199     -0.17568      0.43974   -2.7756e-17     -0.17568
_SET1_   6548          1   27425300   27481621     70       9  500199       1.6041     0.021381             0       1.6041
_SET1_   23038         1   27561007   27635124    113      15  500199       1.6043     0.024702             0       1.6043
_SET1_   23673         1   28099694   28150963     57       5  500199      0.83632      0.20748             0      0.83632
_SET1_   4985          1   29138654   29190208    172      20  500199       2.7939   0.00043781             0       2.7939
_SET1_   10076         1   29563028   29653325    245      37  500199      -0.6795      0.56304             0      -0.6795
_SET1_   9698          1   31404353   31538838    262      18  500199     -0.42459      0.45028   -5.5511e-17     -0.42459
_SET1_   9410          1   31732415   31769644    106       9  500199      -1.2251      0.78377             0      -1.2251
_SET1_   2170          1   31838100   31845923     15       8  500199      0.36821      0.24194   -5.5511e-17      0.36821
_SET1_   553115        1   32095463   32110838     25       4  500199     -0.97625      0.72231             0     -0.97625
_SET1_   576           1   32192718   32230494     39       9  500199       1.5462     0.031023             0       1.5462
_SET1_   23633         1   32573644   32642169     83      11  500199     -0.16973      0.46048   -2.7756e-17     -0.16973
_SET1_   200081        1   32645293   32663886     26       6  500199     -0.57107      0.64545             0     -0.57107
_SET1_   5928          1   33116749   33151812     76       4  500199      -1.7681       0.9498             0      -1.7681
_SET1_   8565          1   33240840   33283633     83      11  500199      -1.0913       0.7507             0      -1.0913
_SET1_   204           1   33473541   33502512     55      11  500199       1.6592     0.019789             0       1.6592
_SET1_   113451        1   33546711   33586132     66      15  500199        1.466      0.03186             0        1.466
_SET1_   9202          1   35734444   35887545    180      13  500199      0.44303      0.24581   -5.5511e-17      0.44303
_SET1_   127703        1   36179477   36184790      9       4  500199      0.10608      0.36307   -4.1633e-17      0.10608
_SET1_   55700         1   36621751   36646450     26       5  500199       1.8744     0.011466             0       1.8744
_SET1_   79729         1   36771889   36793544     30       8  500199      0.98514      0.08464             0      0.98514
_SET1_   127700        1   36883507   36916086    134       7  500199    -0.099956      0.39564   -4.1633e-17    -0.099956
_SET1_   284656        1   38181646   38230824    200      23  500199        1.892    0.0073679             0        1.892
_SET1_   149175        1   38259721   38267278     12       6  500199       1.7475     0.016914             0       1.7475
_SET1_   3633          1   38326369   38412729    214      26  500199       1.3905     0.026792             0       1.3905
_SET1_   10946         1   38422647   38456019     95      12  500199      0.76421      0.11636             0      0.76421
_SET1_   84618         1   40124793   40137710     16       5  500199      0.51399      0.18093             0      0.51399
_SET1_   51440         1   40144320   40157382     74      12  500199       2.1838    0.0039714             0       2.1838
_SET1_   10487         1   40505912   40538321    112       8  500199     -0.62484      0.60035             0     -0.62484
_SET1_   9783          1   41086352   41131324    128      20  500199       2.7233   0.00067311             0       2.7233
_SET1_   9132          1   41249684   41306124    170      37  500199      0.71314      0.11057             0      0.71314
_SET1_   22955         1   41492871   41707815    559      23  500199     -0.16709      0.28996   -2.7756e-17     -0.16709
_SET1_   59269         1   41972036   42501596   1391      63  500199      -0.8387      0.31733             0      -0.8387
_SET1_   284716        1   42846468   42889900    146      10  500199      -1.7034      0.89065             0      -1.7034
_SET1_   79717         1   42921968   42939088     36       5  500199      -1.1906      0.78964             0      -1.1906
_SET1_   6513          1   43391046   43424847    123      16  500199     -0.15233      0.37766   -2.7756e-17     -0.15233
_SET1_   10969         1   43629845   43638241     36       4  500199      -1.1914      0.79919             0      -1.1914
_SET1_   149465        1   43638001   43720029    327      27  500199     -0.79751      0.59967             0     -0.79751
_SET1_   5792          1   43991708   44089343    259      18  500199      0.42853      0.15841   -5.5511e-17      0.42853
_SET1_   9682          1   44115797   44171189     92      16  500199       1.0451     0.063343             0       1.0451
_SET1_   6487          1   44173204   44396837    556      26  500199     0.089067      0.19962   -4.1633e-17     0.089067
_SET1_   8704          1   44444874   44456843     21       6  500199     -0.78299      0.67401             0     -0.78299
_SET1_   339541        1   45140370   45191263     91      30  500199     -0.38487      0.46838   -5.5511e-17     -0.38487
_SET1_   4678          1   46049660   46084578     56       9  500199      0.18883      0.27177   -2.7756e-17      0.18883
_SET1_   23139         1   46269269   46501796    508      13  500199      0.69063     0.080628             0      0.69063
_SET1_   8503          1   46505812   46642167    250      21  500199       1.1032     0.046741             0       1.1032
_SET1_   55624         1   46654353   46685977     52      11  500199      0.29849      0.23674   -5.5511e-17      0.29849
_SET1_   387338        1   46805849   46830824    184       3  500199       1.1976     0.061924             0       1.1976
_SET1_   2166          1   46859939   46879520     37      10  500199      0.11338      0.29038   -4.1633e-17      0.11338
_SET1_   9813          1   47140831   47184792     84       7  500199      -1.1794      0.77461             0      -1.1794
_SET1_   260293        1   47427036   47516423    183      20  500199       1.4511     0.025704             0       1.4511
_SET1_   51727         1   47799469   47844511    135      14  500199     -0.37316      0.45678   -5.5511e-17     -0.37316
_SET1_   84871         1   48998527   50489626   2526      66  500199       1.1092   0.00068184             0       1.1092
_SET1_   26994         1   51701945   51739119     46       9  500199      0.25349      0.31127   -5.5511e-17      0.25349
_SET1_   114883        1   52082546   52254891    218      21  500199     0.027647      0.33247   -4.1633e-17     0.027647
_SET1_   4898          1   52254864   52344609    220      26  500199       4.6034   1.8668e-07             0       4.6034
_SET1_   5865          1   52373628   52456436    163      20  500199       3.5718   2.7474e-05             0       3.5718
_SET1_   9372          1   52607678   52812358    262      18  500199      0.76494      0.12574             0      0.76494
_SET1_   65260         1   53152014   53164038     29       6  500199      0.37723      0.21278   -5.5511e-17      0.37723
_SET1_   79699         1   53192126   53293014    285      15  500199       1.4345     0.023156             0       1.4345
_SET1_   23648         1   54691104   54872068    505      71  500199       2.0348    0.0038709             0       2.0348
_SET1_   1718          1   55315300   55352921    140      18  500199      0.50369      0.16299             0      0.50369
_SET1_   5563          1   57110990   57181008    261      15  500199       1.3164     0.030091             0       1.3164
_SET1_   3725          1   59246463   59249785      2       1  500199      -2.2256      0.98363             0      -2.2256
_SET1_   51361         1   60280458   60342050    144      22  500199     -0.92671      0.71081             0     -0.92671
_SET1_   7398          1   62901975   62917475     31       4  500199      -1.1331      0.77902             0      -1.1331
_SET1_   85440         1   62920397   63154039    341      13  500199      -1.1504      0.71702             0      -1.1504
_SET1_   57685         1   64936476   65158741    493      68  500199      -2.2764      0.95816             0      -2.2764
_SET1_   55225         1   65210778   65298915    174      20  500199      -1.0934      0.73881             0      -1.0934
_SET1_   9829          1   65720133   65881552    454      32  500199      0.80268     0.066081             0      0.80268
_SET1_   5142          1   66258193   66840262   1520      82  500199       2.0475   0.00033992             0       2.0475
_SET1_   57708         1   67390578   67454302    147      15  500199       3.5422   3.3412e-05             0       3.5422
_SET1_   3595          1   67773047   67862583    259      18  500199     -0.73149      0.57473             0     -0.73149
_SET1_   57554         1   70033230   70589171   1649      75  500199      0.40101      0.03135   -5.5511e-17      0.40101
_SET1_   81573         1   70724685   70820471    153      24  500199     0.098279       0.2901   -4.1633e-17     0.098279
_SET1_   9406          1   71528974   71546972     31       9  500199        1.257        0.048             0        1.257
_SET1_   127254        1   75033795   75139422    170      20  500199       1.6874     0.013672             0       1.6874
_SET1_   204962        1   75667816   76081698   1068      39  500199       1.0965      0.01313             0       1.0965
_SET1_   26289         1   77747662   78025654   1087      75  500199      0.25057      0.10366   -5.5511e-17      0.25057
_SET1_   23032         1   78161672   78225564    100      20  500199      -1.6136      0.88348             0      -1.6136
_SET1_   374986        1   78245309   78345225    171      30  500199     -0.87285      0.67211             0     -0.87285
_SET1_   23266         1   82266082   82458107    563      38  500199       1.8357    0.0049625             0       1.8357
_SET1_   5567          1   84543745   84704181    243      23  500199       0.6066      0.11954             0       0.6066
_SET1_   1486          1   85018804   85048039     79      14  500199      -1.9209      0.93578             0      -1.9209
_SET1_   255631        1   86194916   86622121   1541      58  500199      0.71525     0.015419             0      0.71525
_SET1_   9403          1   87328128   87380107    155      13  500199       1.0323     0.076088             0       1.0323
_SET1_   23507         1   89989933   90063420    201      17  500199      -1.0674      0.69965             0      -1.0674
_SET1_   253152        1   92495533   92529093     84      14  500199       1.1367     0.059897             0       1.1367
_SET1_   79871         1   92764522   92853732    134      18  500199     -0.17445      0.38136   -2.7756e-17     -0.17445
_SET1_   54874         1   93913688   94020218    135      25  500199      -1.4334      0.83775             0      -1.4334
_SET1_   2152          1   94994732   95007413     27       8  500199     -0.89372      0.66838             0     -0.89372
_SET1_   58155         1   97187161   97280605    195      18  500199        1.769     0.010834             0        1.769
_SET1_   163404        1   99355801   99470449    459      45  500199     -0.38406      0.39898   -5.5511e-17     -0.38406
_SET1_   23443         1  100435345  100492535    179      14  500199     -0.78156      0.68179             0     -0.78156
_SET1_   127495        1  100614004  100643829     63      13  500199      -1.3077       0.8447             0      -1.3077
_SET1_   8634          1  100731714  100758325     67       7  500199     -0.51897      0.58825             0     -0.51897
_SET1_   8556          1  100810598  100985833    286      21  500199      -1.0143      0.68457             0      -1.0143
_SET1_   54112         1  101003728  101007583     10       4  500199      -0.3625      0.48163   -5.5511e-17      -0.3625
_SET1_   118427        1  102268126  102462790    704      68  500199     -0.25234      0.28679   -5.5511e-17     -0.25234
_SET1_   55599         1  104068323  104097861     49      12  500199      0.30266      0.22871   -5.5511e-17      0.30266
_SET1_   55170         1  107599267  107601916      3       2  500199       2.6165     0.001565             0       2.6165
_SET1_   22854         1  107682540  108024477    823      71  500199        1.286      0.01711             0        1.286
_SET1_   284611        1  109102653  109181949    139       9  500199     0.019914      0.38134   -4.1633e-17     0.019914
_SET1_   22911         1  109512835  109584860    203      22  500199      -1.3313      0.80534             0      -1.3313
_SET1_   6884          1  109606998  109618624     40      11  500199      -0.9965       0.7181             0      -0.9965
_SET1_   57535         1  109656585  109749403    341      35  500199     -0.43567      0.43403   -5.5511e-17     -0.43567
_SET1_   1952          1  109792641  109818378     78      15  500199        0.693      0.13332             0        0.693
_SET1_   6272          1  109852187  109940563    131      12  500199       1.4665     0.028071             0       1.4665
_SET1_   127002        1  110026533  110035426     12       4  500199       2.2089    0.0048592             0       2.2089
_SET1_   57463         1  110049446  110052336      2       1  500199    -0.021685      0.37586   -4.1633e-17    -0.021685
_SET1_   85369         1  110574199  110597263     35      12  500199      0.37074      0.20887   -5.5511e-17      0.37074
_SET1_   388662        1  110693132  110744824    115      16  500199      -1.5617      0.84861             0      -1.5617
_SET1_   3737          1  111136202  111174096    110      15  500199     -0.56814      0.56964             0     -0.56814
_SET1_   3738          1  111196182  111217655     46       8  500199     -0.29698      0.44728   -5.5511e-17     -0.29698
_SET1_   10390         1  111682249  111727724     82      19  500199      -2.1718      0.95839             0      -2.1718
_SET1_   5906          1  112162405  112256807    362      28  500199       1.6299     0.013123             0       1.6299
_SET1_   55924         1  112264686  112298419    128      23  500199        1.204     0.047747             0        1.204
_SET1_   3752          1  112318444  112532147    710      85  500199     -0.30424      0.34208   -5.5511e-17     -0.30424
_SET1_   6566          1  113454469  113498975     63      12  500199      0.46106      0.18373   -5.5511e-17      0.46106
_SET1_   260425        1  113933087  114228545    595      34  500199     -0.40168      0.35692   -5.5511e-17     -0.40168
_SET1_   476           1  116914802  116948069     52       6  500199      0.11913      0.38913   -4.1633e-17      0.11913
_SET1_   3321          1  117117020  117210377    124      25  500199     -0.52028      0.50988             0     -0.52028
_SET1_   5738          1  117452689  117532972    240      28  500199      0.91147     0.076356             0      0.91147
_SET1_   90874         1  120162000  120190813     70      13  500199      -1.7733      0.90015             0      -1.7733
_SET1_   9659          1  144851424  145076186      1       1  500199      -2.2303       0.9901             0      -2.2303
_SET1_   148741        1  145549209  145568526      9       3  500199      0.25309       0.2566   -5.5511e-17      0.25309
_SET1_   10401         1  145575257  145586546      3       2  500199      0.47929      0.19897   -5.5511e-17      0.47929
_SET1_   27246         1  145610990  145689005     25       6  500199      0.74253      0.12147             0      0.74253
_SET1_   51463         1  147400506  147465753      5       3  500199      -1.8367      0.95754             0      -1.8367
_SET1_   9900          1  149874870  149889434     25       7  500199      0.18914      0.31162   -2.7756e-17      0.18914
_SET1_   80222         1  150459840  150480085     65       8  500199      0.31842      0.22425   -5.5511e-17      0.31842
_SET1_   1893          1  150480487  150486265     14       5  500199      0.51314      0.17585             0      0.51314
_SET1_   2029          1  150594599  150602098     11       5  500199      -0.3614      0.47905   -5.5511e-17      -0.3614
_SET1_   29956         1  150937649  150947479     23       6  500199     -0.74238      0.63205             0     -0.74238
_SET1_   10962         1  151032151  151040973     19       5  500199     -0.12654      0.43495   -2.7756e-17     -0.12654
_SET1_   10500         1  151104161  151119146     51      12  500199     -0.13126      0.40616   -2.7756e-17     -0.13126
_SET1_   388695        1  151132224  151138424     13       3  500199     -0.88139      0.76276             0     -0.88139
_SET1_   6944          1  151148776  151162689     18       5  500199    -0.078887      0.43713   -4.1633e-17    -0.078887
_SET1_   5710          1  151227176  151239955     17       4  500199      -1.3719      0.84147             0      -1.3719
_SET1_   5692          1  151372041  151374412      2       1  500199       3.6359   4.6056e-05             0       3.6359
_SET1_   7286          1  151512781  151556059     86      16  500199      0.15463      0.25874   -2.7756e-17      0.15463
_SET1_   81609         1  151584454  151671559    115      15  500199     0.056249      0.29937   -4.1633e-17     0.056249
_SET1_   11189         1  151672534  151689290     33       6  500199      0.29133      0.24044   -5.5511e-17      0.29133
_SET1_   284486        1  151818220  151826173     14       3  500199       1.0152     0.085952             0       1.0152
_SET1_   117145        1  151843342  151882361     98      11  500199      0.39479      0.21625   -5.5511e-17      0.39479
_SET1_   7062          1  152078793  152087930     10       5  500199     -0.48661      0.53088   -5.5511e-17     -0.48661
_SET1_   26097         1  153606458  153618782     32       5  500199    -0.041153      0.35589   -4.1633e-17    -0.041153
_SET1_   3608          1  153634264  153643504     13       3  500199     -0.73975      0.63414             0     -0.73975
_SET1_   11000         1  153746830  153752633      7       4  500199      0.85158      0.13145             0      0.85158
_SET1_   9909          1  153901977  153919162     23       5  500199     0.076724      0.31936   -4.1633e-17     0.076724
_SET1_   9898          1  154192427  154243986     81      11  500199       1.0356      0.06631             0       1.0356
_SET1_   1141          1  154540257  154552354     21       8  500199    -0.023432      0.36725   -4.1633e-17    -0.023432
_SET1_   57326         1  154916553  154928624     14       7  500199     -0.15379      0.40265   -2.7756e-17     -0.15379
_SET1_   8751          1  155023748  155035252     21       7  500199       -1.197      0.77438             0       -1.197
_SET1_   1944          1  155051348  155060014     16       6  500199      -0.5487      0.54991             0      -0.5487
_SET1_   4580          1  155178490  155183625      7       3  500199     -0.52077      0.55068             0     -0.52077
_SET1_   5313          1  155259084  155278531     31       5  500199      0.36162      0.23586   -5.5511e-17      0.36162
_SET1_   2224          1  155278539  155290457     12       2  500199       1.0009     0.098284             0       1.0009
_SET1_   23623         1  155290640  155300909      5       3  500199     -0.54509      0.66463             0     -0.54509
_SET1_   54856         1  155719450  155829185    165      13  500199      0.90284     0.095756             0      0.90284
_SET1_   23208         1  155829260  155854990     33       7  500199      0.66304      0.15538             0      0.66304
_SET1_   6016          1  155867599  155881193     26       5  500199      0.60433      0.16359             0      0.60433
_SET1_   56893         1  156002945  156023613     34      11  500199     -0.46283      0.51158   -5.5511e-17     -0.46283
_SET1_   9673          1  156163728  156182587     33       6  500199      -1.0234      0.73558             0      -1.0234
_SET1_   7203          1  156278752  156308206     78       8  500199     -0.62506      0.57969             0     -0.62506
_SET1_   51093         1  156698263  156706752     14       5  500199     -0.22031      0.42186   -2.7756e-17     -0.22031
_SET1_   5546          1  156737274  156770609     93      13  500199      0.29313      0.22829   -5.5511e-17      0.29313
_SET1_   57863         1  159141377  159172932     77      18  500199     -0.37845      0.46919   -5.5511e-17     -0.37845
_SET1_   3766          1  160007257  160040051     67      16  500199     -0.46661      0.49289   -5.5511e-17     -0.46661
_SET1_   93185         1  160061129  160068650     12       3  500199     0.096461      0.32395   -4.1633e-17     0.096461
_SET1_   477           1  160085520  160113381     96      20  500199      0.93818     0.083543             0      0.93818
_SET1_   844           1  160160285  160171676     21       7  500199      0.42099      0.19357   -5.5511e-17      0.42099
_SET1_   23385         1  160313063  160328742     45      12  500199      -0.5023      0.53214             0      -0.5023
_SET1_   7391          1  161009041  161015769     23       5  500199      0.33537      0.23252   -5.5511e-17      0.33537
_SET1_   9191          1  161090767  161103192     13       5  500199     -0.87648      0.68318             0     -0.87648
_SET1_   84134         1  161195729  161200536      6       3  500199      0.11434      0.31034   -4.1633e-17      0.11434
_SET1_   654790        1  161228517  161255240    106      14  500199      0.52685      0.15758             0      0.52685
_SET1_   9722          1  162039581  162339813   1124      60  500199       2.7103   6.7471e-05             0       2.7103
_SET1_   5999          1  163038396  163046592     14       5  500199     -0.28323      0.43959   -5.5511e-17     -0.28323
_SET1_   5087          1  164528597  164821067    773      96  500199        1.069      0.03598             0        1.069
_SET1_   149297        1  166026663  166135992    315      23  500199      -0.2376      0.37792   -2.7756e-17      -0.2376
_SET1_   117143        1  166825747  166845654     66       8  500199       2.4417    0.0019566             0       2.4417
_SET1_   5451          1  167190066  167396582    409      24  500199       1.8433    0.0075093             0       1.8433
_SET1_   261726        1  168148171  168171352     71       9  500199      -1.1671      0.77613             0      -1.1671
_SET1_   481           1  169075947  169101960     97      17  500199       1.4664     0.024257             0       1.4664
_SET1_   22920         1  169890461  170043882    448      16  500199     -0.94075      0.63026             0     -0.94075
_SET1_   5279          1  172410597  172413230      5       2  500199     -0.77739       0.6577             0     -0.77739
_SET1_   51430         1  172501494  172580973    133      23  500199     -0.66906      0.57491             0     -0.66906
_SET1_   9293          1  174417212  174418683      2       1  500199       1.0554      0.13389             0       1.0554
_SET1_   7143          1  175291935  175712752   1293     116  500199      0.17683      0.11129   -2.7756e-17      0.17683
_SET1_   64326         1  175913967  176176386    678      30  500199       3.4343   1.1873e-05             0       3.4343
_SET1_   460           1  176826441  177134024    759      58  500199       2.7046    0.0002062             0       2.7046
_SET1_   9462          1  178062864  178448649    644      27  500199      -1.1247      0.65595             0      -1.1247
_SET1_   9917          1  178994939  179045702    180      20  500199      0.63177      0.12475             0      0.63177
_SET1_   163590        1  179809102  179847867    101      15  500199      0.41006      0.20479   -5.5511e-17      0.41006
_SET1_   9857          1  179923908  180084015    450      25  500199       0.3914      0.15565   -5.5511e-17       0.3914
_SET1_   9213          1  180601146  180859415    525      28  500199     -0.11815      0.27493   -4.1633e-17     -0.11815
_SET1_   777           1  181452447  181775920    835      66  500199       2.4928   0.00039985             0       2.4928
_SET1_   23057         1  183217372  183387634    468      33  500199     -0.73935      0.51271             0     -0.73935
_SET1_   10092         1  183595328  183605076     50       3  500199      0.94022      0.12952             0      0.94022
_SET1_   23179         1  183605208  183897666    873      49  500199      0.32602     0.098821   -5.5511e-17      0.32602
_SET1_   81563         1  184356150  184598155    620      41  500199     -0.42788      0.37359   -5.5511e-17     -0.42788
_SET1_   10625         1  185265520  185286461     28      10  500199     -0.63047      0.59701             0     -0.63047
_SET1_   5996          1  192544857  192549159     12       4  500199      -1.9258       0.9495             0      -1.9258
_SET1_   6738          1  193028552  193060907     58      11  500199      0.50827      0.18945             0      0.50827
_SET1_   51022         1  193065595  193075659     24       8  500199       1.0176     0.083569             0       1.0176
_SET1_   83479         1  200609935  200639126     82      13  500199     0.041613      0.33802   -4.1633e-17     0.041613
_SET1_   23046         1  200938514  200992828    148      17  500199       1.0672     0.059463             0       1.0672
_SET1_   55705         1  201798288  201853422    108      20  500199    -0.069121      0.34608   -4.1633e-17    -0.069121
_SET1_   10440         1  201924619  201939789     40       8  500199     -0.55751      0.55591             0     -0.55751
_SET1_   6051          1  201951766  201975275    125      16  500199       1.1166     0.051975             0       1.1166
_SET1_   9283          1  202092029  202098634     34      11  500199     -0.89966      0.69574             0     -0.89966
_SET1_   127829        1  202102532  202113871     21       7  500199      0.58032      0.15485             0      0.58032
_SET1_   5877          1  202847410  202858385     28       6  500199      0.19488      0.27616   -2.7756e-17      0.19488
_SET1_   92703         1  202976520  202993976     32       8  500199     -0.60078       0.5641             0     -0.60078
_SET1_   8497          1  202995649  203047864    184      28  500199      -1.6916      0.87409             0      -1.6916
_SET1_   493           1  203595915  203713209    290      35  500199     -0.71428      0.56765             0     -0.71428
_SET1_   22874         1  204187979  204329057    474      35  500199      -1.8077      0.86023             0      -1.8077
_SET1_   84919         1  204369781  204380945     18       6  500199     -0.77892      0.68062             0     -0.77892
_SET1_   148808        1  205538112  205572046    129      22  500199      0.86538     0.086086             0      0.86538
_SET1_   254428        1  205758221  205782887     71      17  500199       2.8283   0.00057443             0       2.8283
_SET1_   55432         1  207217194  207226325     18       6  500199      0.20033      0.26853   -2.7756e-17      0.20033
_SET1_   1604          1  207494817  207534311     57       8  500199      0.53876      0.17206             0      0.53876
_SET1_   5362          1  208195587  208417665    648      54  500199      -0.2061      0.28213   -2.7756e-17      -0.2061
_SET1_   57172         1  209757045  209787284    107      19  500199      0.35607      0.19862   -5.5511e-17      0.35607
_SET1_   27042         1  210001312  210030910    112      14  500199     -0.96835      0.69177             0     -0.96835
_SET1_   56256         1  210406195  210420252     19       9  500199       1.5497     0.024884             0       1.5497
_SET1_   3756          1  210851657  211307457   1538      89  500199     0.080171     0.080591   -4.1633e-17     0.080171
_SET1_   9926          1  211916799  212048531    428      31  500199     -0.61348      0.49888             0     -0.61348
_SET1_   25782         1  220321610  220445843    266      20  500199     0.081663      0.28845   -4.1633e-17     0.081663
_SET1_   79762         1  220863628  220872499     35       7  500199     -0.49226      0.56906   -5.5511e-17     -0.49226
_SET1_   148362        1  222885906  222908529     37      11  500199      -1.5566      0.88224             0      -1.5566
_SET1_   55061         1  223394161  223537564    350      26  500199      0.50739      0.12716             0      0.50739
_SET1_   7159          1  223967595  224033674    138      13  500199     -0.14531      0.39145   -2.7756e-17     -0.14531
_SET1_   23219         1  224301789  224349749    134      12  500199     -0.15197      0.36898   -2.7756e-17     -0.15197
_SET1_   80232         1  224572845  224622001     79       8  500199      -1.1111      0.76345             0      -1.1111
_SET1_   149111        1  224734563  224928269    572      29  500199      -2.5196      0.96053             0      -2.5196
_SET1_   142           1  226548392  226595801    132      13  500199      -2.0495      0.94604             0      -2.0495
_SET1_   375057        1  226736501  226796915    190      31  500199       1.2157     0.042435             0       1.2157
_SET1_   8476          1  227177566  227506193   1680      24  500199        1.375      0.00155             0        1.375
_SET1_   375           1  228270361  228286913     27       7  500199     0.022772      0.35493   -4.1633e-17     0.022772
_SET1_   149603        1  228674277  228697598     69      16  500199      -2.0464      0.94891             0      -2.0464
_SET1_   2590          1  230202956  230417875    867      65  500199       1.9995    0.0019015             0       1.9995
_SET1_   64801         1  231114823  231136479     78      12  500199      0.38889      0.20251   -5.5511e-17      0.38889
_SET1_   149371        1  231468482  231473578      9       3  500199    -0.040968       0.3798   -4.1633e-17    -0.040968
_SET1_   54583         1  231499497  231560790    291       8  500199     -0.49544      0.49057   -5.5511e-17     -0.49544
_SET1_   80003         1  233119855  233431459   1169      68  500199      -1.3901      0.62164             0      -1.3901
_SET1_   9804          1  235272656  235292256     48       7  500199       2.1473    0.0055795             0       2.1473
_SET1_   51742         1  235330210  235491532    397      13  500199       1.3033     0.026209             0       1.3033
_SET1_   1130          1  235824331  236047008    312      17  500199       1.1622     0.038637             0       1.1622
_SET1_   56605         1  236378422  236445339    352      12  500199     -0.38518      0.42627   -5.5511e-17     -0.38518
_SET1_   6262          1  237205510  237997288   2905     209  500199      0.33568     0.012895   -5.5511e-17      0.33568
_SET1_   56776         1  240255185  240638491   1319      79  500199     -0.21383      0.15689   -2.7756e-17     -0.21383
_SET1_   64388         1  240652873  240775462    383      67  500199     -0.71283      0.55997             0     -0.71283
_SET1_   1122          1  241792166  241799232     20       9  500199       1.5761      0.02269             0       1.5761
_SET1_   9859          1  243287730  243419284    181      20  500199      0.65166      0.12139             0      0.65166
_SET1_   10472         1  244212241  244220778      2       1  500199      0.58287      0.19734             0      0.58287
_SET1_   159           1  244571794  244615436    116      19  500199     -0.40669      0.47899   -5.5511e-17     -0.40669
_SET1_   3192          1  245013602  245027827     14       3  500199      0.99424     0.097995             0      0.99424
_SET1_   64216         1  246703863  246729565    172      19  500199      0.88626     0.077882             0      0.88626
_SET1_   163882        1  246729639  246831884    316      27  500199       1.1883     0.037899             0       1.1883
_SET1_   25909         1  247002400  247094726    214      27  500199      -1.2707      0.76575             0      -1.2707
_SET1_   93474         1  247197940  247242115    221      17  500199       1.7891     0.010214             0       1.7891
_SET1_   343171        1  248058889  248059833      6       2  500199      -1.0006      0.73037             0      -1.0006
_SET1_   284521        1  248100493  248264224    479      31  500199       1.1234     0.044804             0       1.1234
_SET1_   401994        1  248844580  248862258     56       2  500199     -0.33752      0.56936   -5.5511e-17     -0.33752
_SET1_   80851         1  249104645  249120154     23       4  500199    -0.036965      0.40445   -4.1633e-17    -0.036965
_SET1_   7260          2    3192741    3381653    776      30  500199      -1.9045      0.83894             0      -1.9045
_SET1_   246243        2    3592675    3605957     47      11  500199      -0.1017      0.37719   -4.1633e-17      -0.1017
_SET1_   129607        2    6980684    7006766     24      11  500199      -0.6418      0.60777             0      -0.6418
_SET1_   57498         2    8865295    8977755    202      24  500199     -0.30215      0.41695   -5.5511e-17     -0.30215
_SET1_   51692         2    9563666    9613239     77       7  500199     -0.15295      0.38755   -2.7756e-17     -0.15295
_SET1_   3241          2   10443015   10567743    539      63  500199      0.74811     0.073827             0      0.74811
_SET1_   3754          2   11052063   11054351      5       3  500199      -2.3038      0.97439             0      -2.3038
_SET1_   130813        2   11273179   11286916     55       6  500199      0.05379      0.38152   -4.1633e-17      0.05379
_SET1_   9475          2   11319894   11484711    472      21  500199     -0.31259      0.36018   -5.5511e-17     -0.31259
_SET1_   9687          2   11674242   11782914    344      40  500199      -1.7068      0.86414             0      -1.7068
_SET1_   28951         2   12856998   12882860     67      12  500199       1.0925     0.058996             0       1.0925
_SET1_   151354        2   14772810   14780170      6       3  500199     -0.38851      0.51149   -5.5511e-17     -0.38851
_SET1_   51594         2   15307032   15701472   1001      29  500199       2.1738   0.00053683             0       2.1738
_SET1_   4613          2   16080683   16087129      8       4  500199     -0.39356      0.50873   -5.5511e-17     -0.39356
_SET1_   81553         2   16730727   16847134    314      54  500199     -0.50401       0.4922             0     -0.50401
_SET1_   729475        2   17691851   17701847     32       3  500199      0.61047      0.21045             0      0.61047
_SET1_   151449        2   20866424   20871250     12       2  500199     -0.13954      0.42949   -2.7756e-17     -0.13954
_SET1_   80304         2   24252206   24270296     43      11  500199    -0.063831       0.3586   -4.1633e-17    -0.063831
_SET1_   375190        2   24346350   24392507    151      21  500199      -1.0544      0.71216             0      -1.0544
_SET1_   50618         2   24425733   24583647    330      18  500199      0.30404      0.20984   -5.5511e-17      0.30404
_SET1_   8648          2   24714919   24993571    632      29  500199     -0.05249      0.24048   -4.1633e-17     -0.05249
_SET1_   109           2   25042038   25142602    374      23  500199      0.77781     0.075852             0      0.77781
_SET1_   51277         2   25166505   25194963     58      12  500199       0.3871      0.21117   -5.5511e-17       0.3871
_SET1_   1838          2   25600067   25896516    499      56  500199      0.49444      0.12165   -5.5511e-17      0.49444
_SET1_   3797          2   26149455   26205443    166      25  500199      0.47514      0.17677   -5.5511e-17      0.47514
_SET1_   85465         2   26568954   26618759    126      16  500199      -1.6104      0.86804             0      -1.6104
_SET1_   3777          2   26915581   26954066     85      14  500199     -0.72226      0.58668             0     -0.72226
_SET1_   56896         2   27070969   27173219    162      12  500199      0.70931      0.11464             0      0.70931
_SET1_   22924         2   27193525   27250087     73       9  500199      0.50446      0.17426             0      0.50446
_SET1_   54867         2   27255774   27264565      7       3  500199     -0.44323      0.52728   -5.5511e-17     -0.44323
_SET1_   3795          2   27309611   27323619     19       4  500199     0.091799      0.31513   -4.1633e-17     0.091799
_SET1_   10669         2   27322159   27341995     40       9  500199     0.094665       0.2967   -4.1633e-17     0.094665
_SET1_   8884          2   27422455   27435175     33       7  500199      0.41805      0.23325   -5.5511e-17      0.41805
_SET1_   790           2   27440258   27466660     77      12  500199      0.38025      0.23007   -5.5511e-17      0.38025
_SET1_   5496          2   27604066   27632550     41       7  500199      0.87408     0.098012             0      0.87408
_SET1_   29959         2   27651473   27665126     18       4  500199      0.43695      0.20826   -5.5511e-17      0.43695
_SET1_   26160         2   27667240   27712575     75      10  500199      0.63453      0.14151             0      0.63453
_SET1_   84450         2   27805836   27846082     82      11  500199       1.5485     0.022857             0       1.5485
_SET1_   5500          2   28974614   29025806    120      14  500199     -0.60066      0.54429             0     -0.60066
_SET1_   55006         2   29072687   29093175     33       6  500199     -0.14902      0.38997   -2.7756e-17     -0.14902
_SET1_   79745         2   29320542   29406679    216      27  500199       1.0739     0.052841             0       1.0739
_SET1_   30845         2   31456880   31491260    113      14  500199      0.69606      0.11979             0      0.69606
_SET1_   51072         2   32092892   32236116    317      19  500199      0.78626      0.10087             0      0.78626
_SET1_   54497         2   37208153   37311485    312      25  500199       1.2676     0.032704             0       1.2676
_SET1_   23683         2   37477645   37551915    312      22  500199      -0.5644      0.50951             0      -0.5644
_SET1_   25797         2   37571742   37600465    106      22  500199     -0.51451      0.53232             0     -0.51451
_SET1_   10602         2   37869025   37899678    115      19  500199     -0.46208      0.49301   -5.5511e-17     -0.46208
_SET1_   8491          2   39476407   39664453    469      26  500199     -0.67727      0.53906             0     -0.67727
_SET1_   130733        2   39892638   39945103     84      11  500199      -1.5006      0.84996             0      -1.5006
_SET1_   6546          2   40339286   40739575   1614      97  500199      0.40115      0.04041   -5.5511e-17      0.40115
_SET1_   27436         2   42396490   42559688    509      20  500199      -1.9377      0.88693             0      -1.9377
_SET1_   10128         2   44113363   44223144    320      20  500199      -1.3214      0.76269             0      -1.3214
_SET1_   5581          2   45878454   46415129   2094     194  500199       -0.212     0.082255   -2.7756e-17       -0.212
_SET1_   2034          2   46524541   46613842    318      36  500199      -1.4131      0.78887             0      -1.4131
_SET1_   9419          2   46844325   46852881     21       6  500199      0.59568      0.15841             0      0.59568
_SET1_   9655          2   46926099   46989927    284      26  500199      0.11769      0.25799   -4.1633e-17      0.11769
_SET1_   56660         2   47747914   47797470    130      36  500199       1.6186     0.018153             0       1.6186
_SET1_   80204         2   48034059   48133524    304      21  500199     -0.22211      0.38924   -2.7756e-17     -0.22211
_SET1_   9378          2   50145643   51259674   3743     132  500199       1.6535    0.0002238             0       1.6535
_SET1_   51130         2   53897117   54014146    398      29  500199     -0.32997      0.38454   -5.5511e-17     -0.32997
_SET1_   10936         2   54080050   54087170     21       8  500199       2.3671    0.0030839             0       2.3671
_SET1_   6711          2   54683454   54898583    710      34  500199       1.3836     0.012832             0       1.3836
_SET1_   400954        2   54952149   55199157    892      68  500199     0.015715        0.177   -4.1633e-17     0.015715
_SET1_   57142         2   55199325   55307770    336      25  500199       2.0339    0.0042596             0       2.0339
_SET1_   4528          2   55463756   55496384     93      16  500199      0.26989      0.24691   -5.5511e-17      0.26989
_SET1_   57223         2   55774428   55844860    227      26  500199       0.6612      0.11739             0       0.6612
_SET1_   2202          2   56093097   56151298    204      29  500199      -1.0785      0.72159             0      -1.0785
_SET1_   114800        2   56411258   56613309    664      53  500199      0.36788      0.12718   -5.5511e-17      0.36788
_SET1_   53335         2   60678302   60780633    176      37  500199       2.1646    0.0036625             0       2.1646
_SET1_   23301         2   62900986   63273622    457      39  500199       1.1988     0.032654             0       1.1988
_SET1_   51542         2   64119280   64246526    430      37  500199       1.5668     0.015815             0       1.5668
_SET1_   29094         2   64681327   64688517     15       7  500199      -1.8563      0.92216             0      -1.8563
_SET1_   54812         2   64751439   64820139    127       8  500199     -0.95903      0.69441             0     -0.95903
_SET1_   23177         2   65283495   65314142     97      16  500199      0.67787      0.13278             0      0.67787
_SET1_   10438         2   68269332   68290159     33       7  500199      -1.7412      0.92057             0      -1.7412
_SET1_   5534          2   68405979   68483392    152      11  500199     -0.23363      0.39612   -2.7756e-17     -0.23363
_SET1_   200558        2   68694691   68839361    466      17  500199      -0.9635      0.66487             0      -0.9635
_SET1_   22848         2   69685127   69901566    355      29  500199     -0.29395      0.37449   -5.5511e-17     -0.29395
_SET1_   54980         2   70377017   70418151     99      13  500199      0.25097      0.25679   -5.5511e-17      0.25097
_SET1_   51449         2   70485231   70508317     44       4  500199      0.53402      0.20548             0      0.53402
_SET1_   84908         2   70523108   70529293     15       3  500199      0.27347      0.28275   -5.5511e-17      0.27347
_SET1_   119           2   70888334   70995375    388      26  500199      0.70258      0.08726             0      0.70258
_SET1_   27332         2   71503729   71662191    508      23  500199       2.5424   0.00061474             0       2.5424
_SET1_   8291          2   71680347   71913895    873      89  500199     0.099128      0.18136   -4.1633e-17     0.099128
_SET1_   150726        2   73481810   73496758     21       7  500199       1.2535     0.052027             0       1.2535
_SET1_   388962        2   74362528   74375039     33       5  500199       0.2587      0.25034   -5.5511e-17       0.2587
_SET1_   6869          2   75273590   75426645    431      49  500199      0.32419      0.16284   -5.5511e-17      0.32419
_SET1_   1496          2   79740060   80875993   3534     235  500199       2.3856    1.013e-05             0       2.3856
_SET1_   347730        2   80515481   80531718     26       7  500199      0.10368      0.29115   -4.1633e-17      0.10368
_SET1_   8802          2   84650647   84686586     96      10  500199      -2.0784      0.96889             0      -2.0784
_SET1_   10618         2   85545141   85555419     41       6  500199      -1.1926      0.77698             0      -1.1926
_SET1_   54884         2   85569078   85581821     33       9  500199      -2.6865      0.98832             0      -2.6865
_SET1_   10989         2   86371055   86423264    156       9  500199     0.021381       0.3029   -4.1633e-17     0.021381
_SET1_   51318         2   86426478   86440913     33       4  500199     0.041106       0.3315   -4.1633e-17     0.041106
_SET1_   65055         2   86441116   86565206    421      18  500199      0.54293      0.11553             0      0.54293
_SET1_   55818         2   86668271   86719839    117      17  500199       3.6608   2.2154e-05             0       3.6608
_SET1_   400986        2   96516914   96658068    127      18  500199       1.0725     0.060888             0       1.0725
_SET1_   56910         2   96850597   96874573     36       8  500199       2.4266     0.002674             0       2.4266
_SET1_   55683         2   97258892   97304116     45      15  500199       0.6165       0.1507             0       0.6165
_SET1_   54910         2   97525473   97536680      9       4  500199       1.3079     0.049511             0       1.3079
_SET1_   57730         2   98109009   98206708    113       4  500199       2.9503   0.00045892             0       2.9503
_SET1_   10120         2   98272402   98280561     15       4  500199       3.0967   0.00026377             0       3.0967
_SET1_   343990        2   99410309   99552684    400      24  500199      -0.3187      0.37937   -5.5511e-17      -0.3187
_SET1_   80705         2   99613724   99771187    448      21  500199     -0.75065      0.54229             0     -0.75065
_SET1_   51263         2   99797542   99816020     49       9  500199     -0.49834      0.53592   -5.5511e-17     -0.49834
_SET1_   164832        2  100889753  100939195    190      13  500199       1.6709     0.013543             0       1.6709
_SET1_   200407        2  101964816  102003965    114      14  500199       0.7153      0.12171             0       0.7153
_SET1_   8808          2  102803433  102856462    266      18  500199     -0.86459      0.62045             0     -0.86459
_SET1_   64965         2  105654483  105716418    230       9  500199       0.2657      0.22726   -5.5511e-17       0.2657
_SET1_   11250         2  105839595  105860085     52      11  500199     -0.22877      0.41476   -2.7756e-17     -0.22877
_SET1_   2274          2  105977272  106055230    280      42  500199     -0.51181      0.47565             0     -0.51181
_SET1_   9648          2  109065577  109125854    238      21  500199     -0.78564      0.59178             0     -0.78564
_SET1_   151011        2  110300372  110371783    193      23  500199     -0.86298      0.64127             0     -0.86298
_SET1_   64682         2  112525214  112641765    220      16  500199     -0.95271      0.66123             0     -0.95271
_SET1_   84910         2  112812800  112876895    174      26  500199      0.21874      0.23717   -2.7756e-17      0.21874
_SET1_   84172         2  113298676  113334727    110      14  500199       1.2336     0.043568             0       1.2336
_SET1_   57628         2  115199899  116603328   3605     131  500199      -1.2178      0.26723             0      -1.2178
_SET1_   165257        2  119913819  119916471      8       2  500199      0.65576      0.16176             0      0.65576
_SET1_   5775          2  120517207  120742496    441      23  500199      -1.6162      0.84189             0      -1.6162
_SET1_   57669         2  120770604  120936697    319      15  500199      -1.2736      0.76721             0      -1.2736
_SET1_   5899          2  120997646  121052287    166      12  500199     -0.91532      0.66855             0     -0.91532
_SET1_   23332         2  122095352  122407052    787      17  500199      -1.8542      0.86558             0      -1.8542
_SET1_   129684        2  124782864  125672954   2911     134  500199        2.799   1.6036e-06             0        2.799
_SET1_   55627         2  130908965  130940323     43       3  500199     0.086208      0.33649   -4.1633e-17     0.086208
_SET1_   84317         2  131095814  131100383      5       3  500199      0.89538      0.11136             0      0.89538
_SET1_   205147        2  131513077  131525707     11       3  500199      -2.1096       0.9742             0      -2.1096
_SET1_   50649         2  131594489  131804826    584      46  500199     -0.39368      0.38326   -5.5511e-17     -0.39368
_SET1_   130074        2  131805449  131851033     60       8  500199      0.82259      0.12988             0      0.82259
_SET1_   55041         2  131862420  131907425     52       7  500199      0.45106      0.22636   -5.5511e-17      0.45106
_SET1_   150786        2  132118065  132121731      7       3  500199      -1.0509       0.7956             0      -1.0509
_SET1_   29798         2  132479973  132524977    107       9  500199     -0.54759       0.5324             0     -0.54759
_SET1_   4249          2  134877502  135212192    974      87  500199      0.32812      0.11273   -5.5511e-17      0.32812
_SET1_   81615         2  135213330  135478219    732      48  500199       2.3756   0.00062762             0       2.3756
_SET1_   23190         2  136499189  136542633     40       6  500199      0.73233      0.16213             0      0.73233
_SET1_   1615          2  136664252  136743254     22       7  500199       1.6735     0.023173             0       1.6735
_SET1_   11249         2  139426727  139537811    370      47  500199     -0.98461      0.65588             0     -0.98461
_SET1_   92            2  148602086  148688396    134      20  500199      0.90124     0.083103             0      0.90124
_SET1_   5000          2  148687966  148779173    160      15  500199       1.0336     0.063168             0       1.0336
_SET1_   26122         2  149402560  149545136    327      16  500199       1.2485     0.040587             0       1.2485
_SET1_   785           2  152689285  152955593    666      34  500199      0.79559     0.054725             0      0.79559
_SET1_   3760          2  155555093  155714864    508      52  500199       1.4842     0.014738             0       1.4842
_SET1_   2820          2  157291965  157442915    322      19  500199     -0.52817      0.48235             0     -0.52817
_SET1_   64844         2  160568980  160625084    221      19  500199       1.3109     0.032765             0       1.3109
_SET1_   5937          2  161128662  161350366    542      34  500199       3.4498   1.4475e-05             0       3.4498
_SET1_   10213         2  162164786  162268228    182      24  500199       1.4115     0.030571             0       1.4115
_SET1_   10716         2  162272620  162282381      8       3  500199       1.6528     0.022697             0       1.6528
_SET1_   6328          2  165944030  166060577    292      24  500199      -1.0528       0.6912             0      -1.0528
_SET1_   6326          2  165986659  166248820    709      51  500199     -0.91529      0.53001             0     -0.91529
_SET1_   79809         2  166729872  166810348    158      17  500199     -0.28872      0.40989   -5.5511e-17     -0.28872
_SET1_   6323          2  166845670  167005642    593      29  500199      0.22641      0.15572   -2.7756e-17      0.22641
_SET1_   27347         2  168810530  169104105   1035      44  500199       1.1376     0.012715             0       1.1376
_SET1_   29081         2  170668267  170681439     46      11  500199     -0.94555      0.70978             0     -0.94555
_SET1_   2571          2  171673200  171717661    105      13  500199      0.35877      0.21071   -5.5511e-17      0.35877
_SET1_   9874          2  171847333  172087824    593      21  500199     -0.68084       0.4693             0     -0.68084
_SET1_   1781          2  172543919  172606668    123      17  500199       2.4377    0.0019119             0       2.4377
_SET1_   6670          2  174771187  174830430    204      26  500199       -1.059      0.71928             0       -1.059
_SET1_   29789         2  174937175  175113365    522      20  500199     -0.46315      0.39281   -5.5511e-17     -0.46315
_SET1_   100131390     2  175199769  175205859     20       7  500199      0.42721      0.20149   -5.5511e-17      0.42721
_SET1_   1123          2  175664042  175870671    327      22  500199      -1.1963      0.72244             0      -1.1963
_SET1_   10651         2  177134123  177202753    135      18  500199       -0.245      0.41143   -2.7756e-17       -0.245
_SET1_   10477         2  181845112  181928154    325      15  500199      -1.0001       0.6616             0      -1.0001
_SET1_   6744          2  182756472  182795465     65       9  500199      0.58662      0.21048             0      0.58662
_SET1_   142679        2  183943287  183964736     64      14  500199      -1.0264      0.72939             0      -1.0264
_SET1_   91752         2  185463093  185804214    765      27  500199      0.33632      0.11213   -5.5511e-17      0.33632
_SET1_   55854         2  187350885  187374088     49       8  500199      0.20798      0.26276   -2.7756e-17      0.20798
_SET1_   1290          2  189896641  190044668    421      17  500199      0.31126      0.18083   -5.5511e-17      0.31126
_SET1_   54529         2  190526125  190535557     22       5  500199  -0.00086946      0.36834   -4.1417e-17  -0.00086946
_SET1_   64172         2  190611386  190628020     24       6  500199      -1.0141      0.75427             0      -1.0141
_SET1_   54842         2  191273081  191367041    257      19  500199    -0.013371      0.29212   -4.1633e-17    -0.013371
_SET1_   4430          2  192110107  192290115    362      17  500199      -1.4433      0.79235             0      -1.4433
_SET1_   57181         2  196477798  196602426    237      26  500199      0.17718      0.23733   -2.7756e-17      0.17718
_SET1_   57520         2  197063971  197458416   1218      67  500199      0.26204     0.085608   -5.5511e-17      0.26204
_SET1_   9689          2  201676262  201688569     16       4  500199       1.7199     0.017088             0       1.7199
_SET1_   65062         2  202484907  202508252     37      12  500199      0.11662      0.28707   -4.1633e-17      0.11662
_SET1_   57679         2  202564986  202645895    261      19  500199       1.2191     0.040848             0       1.2191
_SET1_   79800         2  203776978  203851060    151      11  500199       1.0457     0.074904             0       1.0457
_SET1_   10152         2  204192597  204296892    164      25  500199      0.52599      0.16323             0      0.52599
_SET1_   65059         2  204298538  204400058    153      19  500199        1.421     0.031188             0        1.421
_SET1_   4719          2  206987803  207024243    115      13  500199       1.2189     0.043498             0       1.2189
_SET1_   8745          2  207308268  207485854    397      44  500199     -0.39885      0.42551   -5.5511e-17     -0.39885
_SET1_   10314         2  211295973  211342347    109       9  500199      0.97933     0.072537             0      0.97933
_SET1_   471           2  216176679  216214496    131      14  500199     0.062577      0.28897   -4.1633e-17     0.062577
_SET1_   57574         2  217122585  217236750    287      29  500199       1.0495     0.049946             0       1.0495
_SET1_   10109         2  219081817  219119071     75      10  500199      0.22964       0.2485   -2.7756e-17      0.22964
_SET1_   57695         2  219314974  219433084    210      11  500199      -2.3412      0.96681             0      -2.3412
_SET1_   80326         2  219745255  219758651     11       2  500199      -1.4887      0.89266             0      -1.4887
_SET1_   8941          2  219824350  219826877      5       1  500199       1.2741     0.096544             0       1.2741
_SET1_   79137         2  220042939  220050197     27       5  500199       2.9721   0.00042937             0       2.9721
_SET1_   10058         2  220074488  220083712     10       4  500199       1.6944     0.028583             0       1.6944
_SET1_   8576          2  220110192  220115059      6       2  500199       1.0351      0.10113             0       1.0351
_SET1_   3300          2  220144040  220151622     17       4  500199       1.7848     0.018054             0       1.7848
_SET1_   10290         2  220299552  220358354    110      20  500199    -0.020182       0.3198   -4.1633e-17    -0.020182
_SET1_   2043          2  222282747  222437010    449      41  500199      0.71662     0.079529             0      0.71662
_SET1_   10056         2  223436162  223520827    203      25  500199       1.3171     0.033514             0       1.3171
_SET1_   2181          2  223725732  223808119    252      17  500199      0.79634      0.09366             0      0.79634
_SET1_   7857          2  224461658  224467217      8       4  500199      0.99831      0.12402             0      0.99831
_SET1_   57624         2  226264426  226518734    506      41  500199       3.7733   3.9451e-06             0       3.7733
_SET1_   3667          2  227596033  227664545    154      13  500199      -1.0109      0.77634             0      -1.0109
_SET1_   3267          2  228336853  228425938    299      21  500199      0.53634      0.14118             0      0.53634
_SET1_   164781        2  228736325  228789131    240      19  500199       1.0664     0.049706             0       1.0664
_SET1_   55022         2  229888689  230136057    896      82  500199      -2.3559      0.92848             0      -2.3559
_SET1_   151473        2  230899690  230933715    131      17  500199      0.97561     0.068915             0      0.97561
_SET1_   51719         2  231577557  231685790    201      24  500199       1.6982     0.015193             0       1.6982
_SET1_   80210         2  232063294  232238606    480      42  500199      -2.4363      0.96369             0      -2.4363
_SET1_   64708         2  232646388  232673958     62      11  500199      0.04571      0.33383   -4.1633e-17      0.04571
_SET1_   79781         2  237232790  237416178    371      20  500199       -0.548      0.47594             0       -0.548
_SET1_   9208          2  238536224  238690290    597      40  500199      0.58519     0.091359             0      0.58519
_SET1_   8864          2  239152679  239198678    132      21  500199     -0.55834      0.55123             0     -0.55834
_SET1_   9759          2  239969864  240323346   1234      94  500199       1.7517    0.0023405             0       1.7517
_SET1_   4705          2  240896789  240964819    206      22  500199      -1.6621      0.86967             0      -1.6621
_SET1_   57140         2  241507952  241518149     25      10  500199   -0.0032708      0.33051     -4.12e-17   -0.0032708
_SET1_   5510          2  242089012  242122439     87      12  500199      0.69887      0.11957             0      0.69887
_SET1_   10494         2  242434122  242449145     53      12  500199       0.8891     0.087903             0       0.8891
_SET1_   10752         3     238279     451100    930      75  500199     -0.36898      0.29332   -5.5511e-17     -0.36898
_SET1_   27255         3    1134342    1445278   1509     103  500199     -0.96522      0.38739             0     -0.96522
_SET1_   51095         3    3168600    3190919    110      14  500199   -0.0054246      0.35297   -4.1633e-17   -0.0054246
_SET1_   3708          3    4535032    4889524   1293     149  500199        -1.28      0.63372             0        -1.28
_SET1_   55207         3    5163930    5222601    143      11  500199      0.23342      0.24725   -2.7756e-17      0.23342
_SET1_   25917         3    9404660    9428475     61      11  500199       2.0767    0.0064228             0       2.0767
_SET1_   375323        3    9540045    9595486    200      20  500199      0.31417      0.20579   -5.5511e-17      0.31417
_SET1_   151835        3    9745510    9771592     50      20  500199     -0.21333      0.40297   -2.7756e-17     -0.21333
_SET1_   55831         3   10005636   10029146     62       4  500199    -0.025751      0.40384   -4.1633e-17    -0.025751
_SET1_   55845         3   10157333   10168874     50       4  500199      -1.0475      0.78874             0      -1.0475
_SET1_   491           3   10365707   10733131   1434     121  500199       1.5807    0.0035231             0       1.5807
_SET1_   6529          3   11034420   11080935    172      40  500199     -0.91432      0.66337             0     -0.91432
_SET1_   9686          3   11597543   11762220    630      48  500199      0.19375      0.16586   -2.7756e-17      0.19375
_SET1_   6854          3   12182150   12233532    125      18  500199       2.4335    0.0023462             0       2.4335
_SET1_   5894          3   12625100   12705700    222      19  500199     0.061852      0.27448   -4.1633e-17     0.061852
_SET1_   79188         3   14166440   14185180     45      13  500199      -2.3214      0.97028             0      -2.3214
_SET1_   80852         3   14530396   14583588    216      26  500199      -0.5309      0.48987             0      -0.5309
_SET1_   64432         3   15083758   15106839     42      10  500199       1.0165     0.082442             0       1.0165
_SET1_   9467          3   15295860   15382901    268      45  500199       -2.326      0.96348             0       -2.326
_SET1_   131965        3   15422782   15469054    137      17  500199      -1.2133      0.78085             0      -1.2133
_SET1_   85403         3   15469064   15484120     35       9  500199      -1.1033      0.77113             0      -1.1033
_SET1_   23243         3   15708743   15901053    417      17  500199      -1.6003       0.8294             0      -1.6003
_SET1_   23180         3   16357352   16555222    660      68  500199      -1.0705      0.62548             0      -1.0705
_SET1_   6304          3   18389133   18480265    208      30  500199      -1.5074      0.83395             0      -1.5074
_SET1_   7325          3   23244498   23632296   1364      26  500199      -1.4987      0.56068             0      -1.4987
_SET1_   28512         3   23933552   23958537     60      12  500199      0.59443      0.15259             0      0.59443
_SET1_   9975          3   23986751   24022109    101      16  500199       0.6506      0.13442             0       0.6506
_SET1_   7068          3   24158644   24536772   1238     127  500199     -0.43215      0.30378   -5.5511e-17     -0.43215
_SET1_   54995         3   25831563   25836025      6       2  500199       1.2968     0.056704             0       1.2968
_SET1_   64343         3   28363844   28390915     26       6  500199     -0.42565      0.50426   -5.5511e-17     -0.42565
_SET1_   201595        3   31574130   31677556    197      21  500199    -0.039538      0.33258   -4.1633e-17    -0.039538
_SET1_   344787        3   32023266   32033228     47       8  500199       1.8587     0.013404             0       1.8587
_SET1_   23171         3   32148003   32210207    261      17  500199       2.0952    0.0039878             0       2.0952
_SET1_   51143         3   32567463   32612373     93      15  500199      0.62984      0.14964             0      0.62984
_SET1_   26032         3   33191537   33260707    250      27  500199      -1.6681      0.86565             0      -1.6681
_SET1_   25827         3   33318934   33445505    295      21  500199      0.79334     0.097617             0      0.79334
_SET1_   7342          3   33429828   33481897    141      16  500199        1.022     0.071181             0        1.022
_SET1_   23122         3   33537737   33759705    420      31  500199       1.3733     0.023036             0       1.3733
_SET1_   10777         3   35680666   35835988    360      38  500199      0.79258     0.080194             0      0.79258
_SET1_   9852          3   37027357   37034795      8       2  500199      -1.1922      0.79446             0      -1.1922
_SET1_   10217         3   37903669   38025960    296      26  500199       0.3809      0.19458   -5.5511e-17       0.3809
_SET1_   5333          3   38048987   38071154     76      14  500199      -1.4792      0.86057             0      -1.4792
_SET1_   30            3   38164201   38178733     18       5  500199     -0.25377      0.48647   -5.5511e-17     -0.25377
_SET1_   64689         3   39138090   39149854     38      11  500199      -1.4933      0.86947             0      -1.4933
_SET1_   199223        3   39149152   39180394    118      16  500199     -0.22555      0.41522   -2.7756e-17     -0.22555
_SET1_   10289         3   40351173   40353915      9       3  500199       1.3382     0.043835             0       1.3382
_SET1_   956           3   40428647   40470110     99       7  500199      0.51721      0.17974             0      0.51721
_SET1_   285268        3   40566376   40581043     32      10  500199      -1.3471      0.84199             0      -1.3471
_SET1_   885           3   42299315   42307662     21       5  500199       1.6531     0.018676             0       1.6531
_SET1_   9117          3   42589459   42642572    140      17  500199    -0.092775      0.36231   -4.1633e-17    -0.092775
_SET1_   25994         3   42824400   42846027     40      11  500199      -1.7125      0.89787             0      -1.7125
_SET1_   84892         3   43120721   43147575     51      10  500199      -1.6467      0.88944             0      -1.6467
_SET1_   54861         3   43328004   43392635     86      25  500199      0.83121      0.11206             0      0.83121
_SET1_   55129         3   43407818   43663560    475      29  500199       1.7761    0.0070186             0       1.7761
_SET1_   285343        3   44379574   44450940    160      17  500199       2.4736    0.0015064             0       2.4736
_SET1_   54585         3   45864808   45957216    196      31  500199      -1.3021      0.78751             0      -1.3021
_SET1_   79443         3   45959391   46037316    229      21  500199     -0.84827      0.61631             0     -0.84827
_SET1_   79442         3   46556875   46621589    259      20  500199       -1.369       0.7986             0       -1.369
_SET1_   5745          3   46919236   46945289     50      12  500199     -0.62328      0.58311             0     -0.62328
_SET1_   23218         3   47021173   47051194     46       7  500199       1.4466       0.0313             0       1.4466
_SET1_   23276         3   47324116   47388306     67      16  500199       1.5313     0.023975             0       1.5313
_SET1_   25930         3   47422383   47454931     38       7  500199      0.92573     0.089521             0      0.92573
_SET1_   22937         3   47455184   47517603     58      11  500199       1.1682     0.053541             0       1.1682
_SET1_   4134          3   47892180   48130769    270      17  500199      0.37228      0.18269   -5.5511e-17      0.37228
_SET1_   5364          3   48445261   48471460     29       7  500199       1.5922     0.021128             0       1.5922
_SET1_   7384          3   48636432   48647391     12       5  500199       1.2902     0.072197             0       1.2902
_SET1_   1951          3   48673896   48700348     28       4  500199    -0.089653      0.43698   -4.1633e-17    -0.089653
_SET1_   55152         3   49052832   49058504      6       3  500199       1.7769     0.018337             0       1.7769
_SET1_   3913          3   49158547   49170599     14       8  500199       4.4195   1.2593e-06             0       4.4195
_SET1_   7375          3   49314577   49377536     80      12  500199       2.6947   0.00084431             0       2.6947
_SET1_   275           3   49454211   49460111     11       3  500199       1.5821     0.023542             0       1.5821
_SET1_   8927          3   49591922   49708982    169      17  500199       4.3641   5.3551e-07             0       4.3641
_SET1_   9807          3   49761728   49823973    102      12  500199       3.5416   2.9116e-05             0       3.5416
_SET1_   79012         3   49895414   49907655     19       5  500199       2.4449    0.0020796             0       2.4449
_SET1_   6405          3   50192562   50226508     66      11  500199       2.3578    0.0024087             0       2.3578
_SET1_   24142         3   50333833   50336852      4       2  500199      0.33301      0.39532   -5.5511e-17      0.33301
_SET1_   8692          3   50355221   50360281      2       1  500199       0.4896      0.21521   -5.5511e-17       0.4896
_SET1_   11334         3   50362341   50365668      2       1  500199     -0.52442      0.65457             0     -0.52442
_SET1_   9254          3   50400230   50540892    267      18  500199      0.63022      0.14526             0      0.63022
_SET1_   1795          3   50712672   51421629   1316      17  500199      0.34569      0.06147   -5.5511e-17      0.34569
_SET1_   25864         3   52007700   52015216      8       5  500199       1.0105      0.09171             0       1.0105
_SET1_   211           3   52232099   52248343     20       4  500199       2.2867    0.0034919             0       2.2867
_SET1_   80335         3   52288438   52312659     42       9  500199      0.88141      0.10297             0      0.88141
_SET1_   11188         3   52489524   52527088     79       7  500199     0.038508      0.38413   -4.1633e-17     0.038508
_SET1_   6787          3   52744796   52804965    128      11  500199       3.3362   7.3217e-05             0       3.3362
_SET1_   7086          3   53258723   53290130    155      13  500199       2.6684   0.00077494             0       2.6684
_SET1_   26059         3   55542336   56502391   3056     108  500199       1.6912   0.00013936             0       1.6912
_SET1_   50650         3   56761446   57113336   1109      89  500199     -0.69112      0.37198             0     -0.69112
_SET1_   57406         3   58223233   58280463    213      20  500199    -0.086573      0.32441   -4.1633e-17    -0.086573
_SET1_   11102         3   58291972   58305920     49       8  500199      0.51334      0.18006             0      0.51334
_SET1_   54899         3   58318617   58411815    408      19  500199      0.68189     0.090708             0      0.68189
_SET1_   80145         3   63819546   63849597     56      15  500199     -0.69456      0.62462             0     -0.69456
_SET1_   166336        3   64079526   64253859    580      50  500199      0.67858     0.076268             0      0.67858
_SET1_   9223          3   65339200   66024511   2393     159  500199       1.1408    0.0015796             0       1.1408
_SET1_   26018         3   66429221   66551446    313      32  500199        1.139      0.04434             0        1.139
_SET1_   407738        3   68040734   68594772   1995      91  500199       1.2801    0.0015649             0       1.2801
_SET1_   285203        3   69024363   69063112    132      14  500199      0.52773      0.15113             0      0.52773
_SET1_   10550         3   69134090   69155239     75      13  500199      0.36682      0.20822   -5.5511e-17      0.36682
_SET1_   317649        3   71728440   71803924    265      30  500199       2.2282    0.0027299             0       2.2282
_SET1_   23024         3   73431582   73674072    650      74  500199      -2.4521      0.95732             0      -2.4521
_SET1_   6092          3   75955845   77699115   5683     243  500199      0.30355     0.015317   -5.5511e-17      0.30355
_SET1_   2042          3   89156674   89531284    755      29  500199      0.29039      0.11858   -5.5511e-17      0.29039
_SET1_   285220        3   96533425   97467786   1401      76  500199       1.0006     0.014871             0       1.0006
_SET1_   84864         3   97660661   97691295     42      13  500199       1.0474     0.067877             0       1.0474
_SET1_   55773         3   99979661  100044096    202      14  500199     -0.32293      0.45135   -5.5511e-17     -0.32293
_SET1_   9868          3  100082303  100120242    104      18  500199      -1.0817      0.74866             0      -1.0817
_SET1_   348801        3  100120037  100175170    124      23  500199     -0.67534      0.59967             0     -0.67534
_SET1_   54931         3  101280680  101285290     12       4  500199       3.7574   1.7784e-05             0       3.7574
_SET1_   27107         3  101368283  101395988     50       9  500199       1.7741     0.013975             0       1.7741
_SET1_   961           3  107761941  107809935    102      19  500199      0.78025      0.10711             0      0.78025
_SET1_   22989         3  108099216  108248169    372      37  500199       2.3265    0.0017201             0       2.3265
_SET1_   9666          3  108308337  108413693    156      18  500199       1.1055      0.05353             0       1.1055
_SET1_   25945         3  110790606  110913017    195      19  500199     -0.57248      0.59002             0     -0.57248
_SET1_   257068        3  111393523  111565294    640      46  500199      0.58693     0.085726             0      0.58693
_SET1_   55347         3  111697723  111712215     63       9  500199     0.028038      0.33263   -4.1633e-17     0.028038
_SET1_   55032         3  112280857  112303286     80      10  500199      -0.1185      0.47194   -4.1633e-17      -0.1185
_SET1_   54847         3  113251218  113348422    331      34  500199       2.0235    0.0046798             0       2.0235
_SET1_   205717        3  113367232  113415493     64       8  500199      0.23842      0.25545   -2.7756e-17      0.23842
_SET1_   523           3  113465866  113530905     92       6  500199      0.73265      0.12655             0      0.73265
_SET1_   254887        3  113666748  113705706     69      21  500199    -0.070314      0.34479   -4.1633e-17    -0.070314
_SET1_   2596          3  115342151  115440334    271      45  500199      0.31834      0.19024   -5.5511e-17      0.31834
_SET1_   55254         3  119147807  119182529     90      13  500199      0.26435      0.24128   -5.5511e-17      0.26435
_SET1_   2932          3  119540800  119813264    451      29  500199       1.7191    0.0092514             0       1.7191
_SET1_   51725         3  121312170  121349139    136      29  500199       1.5128     0.021171             0       1.5128
_SET1_   2804          3  121382046  121468662    165      20  500199      0.15554      0.26036   -2.7756e-17      0.15554
_SET1_   111           3  123001143  123167924    368      28  500199     -0.30725      0.36187   -5.5511e-17     -0.30725
_SET1_   54946         3  125725200  125820398    375      20  500199     -0.12359      0.30365   -4.1633e-17     -0.12359
_SET1_   10840         3  125822404  125900029    349      27  500199      0.03295      0.24972   -4.1633e-17      0.03295
_SET1_   79364         3  126156444  126194773    138      18  500199      -1.4324       0.8327             0      -1.4324
_SET1_   84303         3  126423063  126679263    660      29  500199     -0.73325       0.5002             0     -0.73325
_SET1_   5361          3  126707437  126756235    169      22  500199       1.0826     0.066638             0       1.0826
_SET1_   131601        3  127291907  127309602     21       9  500199      0.57066       0.1613             0      0.57066
_SET1_   50512         3  127348002  127391653     45      15  500199      0.28068      0.23735   -5.5511e-17      0.28068
_SET1_   11343         3  127407905  127542093    401      52  500199      0.39225      0.16004   -5.5511e-17      0.39225
_SET1_   29927         3  127770402  127790526     52       5  500199       1.2418     0.053343             0       1.2418
_SET1_   23129         3  129274056  129325582    168      20  500199      0.55852      0.15321             0      0.55852
_SET1_   27032         3  130569327  130735556    301      27  500199      0.99672     0.061942             0      0.99672
_SET1_   79858         3  130745694  131069309    760      32  500199       0.9767       0.0343             0       0.9767
_SET1_   51560         3  133543079  133614691    238      54  500199     -0.62144      0.55031             0     -0.62144
_SET1_   51421         3  134074187  134094321     34       7  500199      0.29031      0.23203   -5.5511e-17      0.29031
_SET1_   22808         3  138066490  138124377    146      15  500199      -1.4997      0.84905             0      -1.4997
_SET1_   55179         3  138327542  138352218     43       7  500199     -0.61452      0.56859             0     -0.61452
_SET1_   64084         3  139654027  140286919   2012     154  500199      -1.1107      0.35118             0      -1.1107
_SET1_   92369         3  140770743  140867453    203      22  500199      -0.5006      0.51645             0      -0.5006
_SET1_   92370         3  140950682  141013486    230      25  500199       1.2468     0.038695             0       1.2468
_SET1_   253461        3  141043055  141168634    279      26  500199     -0.27968      0.39865   -5.5511e-17     -0.27968
_SET1_   483           3  141595424  141645382    184      19  500199      0.91939      0.07782             0      0.91939
_SET1_   7029          3  141663270  141868386    740      20  500199       1.0523     0.030864             0       1.0523
_SET1_   5357          3  142315229  142432506    270      18  500199     -0.79106      0.58755             0     -0.79106
_SET1_   344838        3  142680073  142682818      7       2  500199     -0.79792      0.76933             0     -0.79792
_SET1_   9435          3  142838618  142842856      7       3  500199      0.56694      0.16626             0      0.56694
_SET1_   205428        3  143690640  143711210     47      11  500199      0.81584        0.107             0      0.81584
_SET1_   84343         3  148847371  148891305    188      28  500199      0.44376      0.17369   -5.5511e-17      0.44376
_SET1_   1356          3  148880197  148939832    186      34  500199    -0.086513      0.37129   -4.1633e-17    -0.086513
_SET1_   5217          3  149682691  149688741      7       3  500199      0.66965      0.14421             0      0.66965
_SET1_   4154          3  151962120  152183569    365      27  500199       1.3482     0.024695             0       1.3482
_SET1_   26084         3  153838792  153975616    353      25  500199     -0.56015      0.48771             0     -0.56015
_SET1_   170506        3  153993452  154042286     90      14  500199     -0.24047      0.41639   -2.7756e-17     -0.24047
_SET1_   9197          3  155544300  155572248     89      12  500199     -0.56348      0.57273             0     -0.56348
_SET1_   7881          3  155838337  156256927   1169      73  500199     -0.32847      0.22185   -5.5511e-17     -0.32847
_SET1_   57018         3  156864291  156878482     28       5  500199      0.16068      0.29979   -2.7756e-17      0.16068
_SET1_   29970         3  158991036  159615155   1557      96  500199       0.1148     0.079674   -4.1633e-17       0.1148
_SET1_   401097        3  159943423  159946000      5       2  500199     -0.71012      0.71213             0     -0.71012
_SET1_   10051         3  160117078  160152755     74      13  500199      -1.2193      0.78073             0      -1.2193
_SET1_   3840          3  160212783  160283376    133      18  500199      -1.3711      0.81015             0      -1.3711
_SET1_   151742        3  160473996  160788817    781      29  500199     -0.75642      0.44058             0     -0.75642
_SET1_   8706          3  160801671  160823160     42       6  500199     -0.67609      0.61358             0     -0.67609
_SET1_   165679        3  161062580  161090662    114      17  500199      0.78656      0.10459             0      0.78656
_SET1_   11235         3  167401692  167452693     77       6  500199    -0.051213      0.37536   -4.1633e-17    -0.051213
_SET1_   27333         3  167726457  167813712    210      24  500199      -1.2921      0.77426             0      -1.2921
_SET1_   5584          3  169940220  170023770    306      11  500199     -0.58882      0.57203             0     -0.58882
_SET1_   57709         3  170177342  170303863    304      37  500199       1.1035      0.04654             0       1.1035
_SET1_   56648         3  170606204  170626426     44       8  500199      -0.8089      0.66479             0      -0.8089
_SET1_   57552         3  172348435  172429207    244      43  500199     -0.25876      0.38073   -5.5511e-17     -0.25876
_SET1_   1894          3  172468425  172539264    155      16  500199      0.17737      0.25754   -2.7756e-17      0.17737
_SET1_   79718         3  176738542  176915048    465      36  500199       0.7564     0.073955             0       0.7564
_SET1_   64393         3  178735011  178790067    103      13  500199      -1.7268      0.89617             0      -1.7268
_SET1_   51193         3  179041551  179053325     32      10  500199       2.3121    0.0034805             0       2.3121
_SET1_   4711          3  179322575  179342288     33       6  500199     -0.83868      0.66712             0     -0.83868
_SET1_   131118        3  180701497  180707562      9       4  500199       1.6625     0.031936             0       1.6625
_SET1_   56922         3  182733006  182817373    173      14  500199     -0.12606      0.38299   -2.7756e-17     -0.12606
_SET1_   55689         3  183415587  183530413    221      18  500199     -0.79998      0.59267             0     -0.79998
_SET1_   8893          3  183852810  183863099     19       7  500199    0.0073717       0.3369   -4.1633e-17    0.0073717
_SET1_   1857          3  183873099  183891314     34       9  500199       1.0988     0.063557             0       1.0988
_SET1_   1173          3  183892634  183901879     24       8  500199     -0.61562      0.56854             0     -0.61562
_SET1_   55324         3  183903863  183911795     26       7  500199      0.45235      0.18952   -5.5511e-17      0.45235
_SET1_   90113         3  183948317  183960117     24       5  500199       3.3729   9.7879e-05             0       3.3729
_SET1_   9718          3  183967445  184010819     94      16  500199       3.3849   6.4126e-05             0       3.3849
_SET1_   94032         3  183977003  183979251      4       2  500199       3.5463    4.822e-05             0       3.5463
_SET1_   5708          3  184016886  184026842     17       7  500199       1.5083     0.027131             0       1.5083
_SET1_   1981          3  184032283  184053146     33      12  500199       2.2166    0.0041729             0       2.2166
_SET1_   5437          3  184079502  184086383     14       4  500199    -0.017312      0.36464   -4.1633e-17    -0.017312
_SET1_   8646          3  184097861  184107617     20       6  500199      0.65582      0.15589             0      0.65582
_SET1_   64110         3  184428155  184429836      3       1  500199      -1.2655      0.83137             0      -1.2655
_SET1_   5984          3  186507681  186524484     52       9  500199      -1.3441      0.82384             0      -1.3441
_SET1_   6480          3  186648315  186796341    586      71  500199     -0.65142      0.48543             0     -0.65142
_SET1_   132112        3  186915274  186919253     10       6  500199      -0.5548      0.56461             0      -0.5548
_SET1_   151963        3  192514604  192635950    382      26  500199      -1.3764      0.75471             0      -1.3764
_SET1_   79572         3  194123403  194188968    145      15  500199      -1.3202      0.82723             0      -1.3202
_SET1_   10188         3  195590235  195635880    137      26  500199      0.32833        0.212   -5.5511e-17      0.32833
_SET1_   7037          3  195776155  195809032    119      12  500199       1.5399     0.021891             0       1.5399
_SET1_   26043         3  196079745  196159411    146      21  500199      0.72145      0.10904             0      0.72145
_SET1_   165918        3  196195654  196230639    118      13  500199      -1.4006      0.82829             0      -1.4006
_SET1_   84984         3  196433144  196439131     27       5  500199       1.8415      0.01259             0       1.8415
_SET1_   54965         3  196439234  196462878    100      11  500199       2.4089    0.0020898             0       2.4089
_SET1_   205564        3  196594727  196661585    184      20  500199       2.1635    0.0036414             0       2.1635
_SET1_   1739          3  196769431  197026171    682      29  500199      -2.7355      0.97101             0      -2.7355
_SET1_   9711          3  197398259  197476568    185      14  500199      0.70063      0.14245             0      0.70063
_SET1_   10336         4     699537     764428    253      23  500199      -1.1621      0.73305             0      -1.1621
_SET1_   10815         4     778745     819945    184      26  500199      0.13324      0.25169   -2.7756e-17      0.13324
_SET1_   1609          4     952672     967348     46      10  500199      0.38211      0.20315   -5.5511e-17      0.38211
_SET1_   1487          4    1205228    1242908    125      16  500199      -2.3038      0.96627             0      -2.3038
_SET1_   10296         4    1283642    1333925    282      17  500199      -2.0055      0.93073             0      -2.0055
_SET1_   7468          4    1873123    1983934     68      27  500199      0.25314      0.28743   -5.5511e-17      0.25314
_SET1_   339983        4    2061239    2070816     11       2  500199      -2.1209      0.97209             0      -2.1209
_SET1_   118           4    2845454    2931803    193      24  500199       1.2732     0.038897             0       1.2732
_SET1_   3064          4    3076408    3245687    423      27  500199       3.1824   7.6202e-05             0       3.1824
_SET1_   85013         4    4237269    4249965    106       5  500199     0.031819      0.33735   -4.1633e-17     0.031819
_SET1_   27065         4    4387983    4420785    106      12  500199      -1.5951      0.87504             0      -1.5951
_SET1_   1400          4    5822491    5894785    290      44  500199      -1.9977      0.92492             0      -1.9977
_SET1_   389197        4    5899318    5992175    602      64  500199      -1.9328      0.88496             0      -1.9328
_SET1_   152789        4    6026661    6202318    604      99  500199       1.5559     0.016159             0       1.5559
_SET1_   1816          4    9783258    9785633      4       2  500199       1.0505      0.07642             0       1.0505
_SET1_   9957          4   11399988   11431255    103      32  500199     -0.60802      0.55264             0     -0.60802
_SET1_   26234         4   15606007   15661487    164      16  500199       3.3766   5.1222e-05             0       3.3766
_SET1_   9353          4   20254566   20622184   1037     108  500199       1.0675     0.026652             0       1.0675
_SET1_   80333         4   20730234   21950424   4816     187  500199      -1.5351      0.38418             0      -1.5351
_SET1_   10891         4   23793644   24474394   2086     161  500199      0.69164     0.012295             0      0.69164
_SET1_   55203         4   25000471   25032414    149      23  500199      0.73944      0.10372             0      0.73944
_SET1_   23231         4   25749049   25864647    281      47  500199      -2.2537      0.95441             0      -2.2537
_SET1_   57620         4   26859329   27027003    366      31  500199     -0.65864      0.52486             0     -0.65864
_SET1_   57495         4   37246690   37451087    687      64  500199      -2.3282      0.93956             0      -2.3282
_SET1_   23216         4   37889606   38140796    839      75  500199       1.3949     0.012315             0       1.3949
_SET1_   11019         4   39460644   39479273     77      14  500199      0.18855      0.26746   -2.7756e-17      0.18855
_SET1_   3093          4   39699664   39784412    263      17  500199      -1.6215      0.86524             0      -1.6215
_SET1_   7345          4   41258898   41270446     41       9  500199     -0.43593      0.51542   -5.5511e-17     -0.43593
_SET1_   389206        4   42112870   42154895    126      17  500199       3.4131   6.9377e-05             0       3.4131
_SET1_   10396         4   42410390   42659122    801      34  500199     -0.59404       0.3682             0     -0.59404
_SET1_   386617        4   44175920   44450824    720      55  500199     -0.51597      0.38722             0     -0.51597
_SET1_   2557          4   46920917   46996424    246      23  500199      0.65453      0.11171             0      0.65453
_SET1_   285527        4   48499380   48782329    380      25  500199        1.008     0.051008             0        1.008
_SET1_   65997         4   53728495   53733002     11       3  500199      -1.1525      0.79974             0      -1.1525
_SET1_   152579        4   53738797   54232242   1206      69  500199     -0.94935      0.42963             0     -0.94935
_SET1_   84708         4   54326437   54518653    635      52  500199      -2.6066      0.96527             0      -2.6066
_SET1_   3815          4   55524095   55606881    206      31  500199    -0.067575      0.31926   -4.1633e-17    -0.067575
_SET1_   57482         4   57036361   57196890    517      67  500199      -2.4024      0.95785             0      -2.4024
_SET1_   84273         4   57829516   57843826     42      10  500199      0.67379      0.13087             0      0.67379
_SET1_   23284         4   62066949   62938168   2068     132  500199      0.96189    0.0055937             0      0.96189
_SET1_   57050         4   71554196   71556268      2       1  500199     -0.65849      0.69957             0     -0.65849
_SET1_   22902         4   71570647   71674336    320      11  500199     -0.55179        0.599             0     -0.55179
_SET1_   8671          4   72053003   72437804    737      51  500199       1.1883     0.024526             0       1.1883
_SET1_   9508          4   73146686   73434516    528      31  500199       1.2651     0.022649             0       1.2651
_SET1_   25849         4   75858285   75975325    207      26  500199     -0.79768      0.62753             0     -0.79768
_SET1_   8999          4   76501704   76555721    134      12  500199      0.34091      0.20525   -5.5511e-17      0.34091
_SET1_   27163         4   76831808   76862166    145      14  500199     -0.72022      0.60352             0     -0.72022
_SET1_   53371         4   77035812   77069668    232       9  500199     -0.20962      0.40257   -2.7756e-17     -0.20962
_SET1_   345079        4   77816082   77819002      8       3  500199       2.5655    0.0016805             0       2.5655
_SET1_   55752         4   77870895   77961307    243      20  500199      0.68161      0.10764             0      0.68161
_SET1_   10983         4   77968308   77998719     61      13  500199      -1.5183      0.87488             0      -1.5183
_SET1_   65008         4   78783805   78873944    234      22  500199      0.99202     0.068071             0      0.99202
_SET1_   80144         4   78978724   79465423   1722      52  500199      -1.4509      0.43635             0      -1.4509
_SET1_   55589         4   79697532   79837519    237      13  500199     -0.31986      0.50616   -5.5511e-17     -0.31986
_SET1_   152559        4   79836364   79860582     70       7  500199      0.55197      0.19817             0      0.55197
_SET1_   56978         4   81105033   81125483     64      11  500199     -0.59477      0.57315             0     -0.59477
_SET1_   5593          4   82008643   82136271    323      20  500199      -1.6341      0.86934             0      -1.6341
_SET1_   22872         4   83739814   83812419    173      11  500199       1.8645    0.0093136             0       1.8645
_SET1_   51138         4   83956239   83996971     47       9  500199       2.9375   0.00038183             0       2.9375
_SET1_   1040          4   85504057   85572493    112      15  500199      0.15834      0.27166   -2.7756e-17      0.15834
_SET1_   83478         4   86068860   86923823   2947     101  500199      -2.8559      0.80684             0      -2.8559
_SET1_   5602          4   86933452   87374283   1276      48  500199     -0.52841      0.24502             0     -0.52841
_SET1_   4299          4   87855758   88062206    488      31  500199      0.37636      0.14173   -5.5511e-17      0.37636
_SET1_   6696          4   88896802   88904563     22       7  500199      0.33859      0.22133   -5.5511e-17      0.33859
_SET1_   8916          4   89513574   89629693    272      22  500199      -1.0165      0.70401             0      -1.0165
_SET1_   266812        4   89617066   89619023      5       3  500199      -1.1375      0.78436             0      -1.1375
_SET1_   10144         4   89647105   90032549   1213      46  500199     -0.88619      0.36543             0     -0.88619
_SET1_   401145        4   91048684   92523370   4804     167  500199       1.7893   0.00016169             0       1.7893
_SET1_   56916         4   95128759   95212443    184      13  500199       1.6117     0.016258             0       1.6117
_SET1_   10611         4   95373008   95589378    541      28  500199      -0.5431      0.41193             0      -0.5431
_SET1_   10098         4   99391518   99579812    564      61  500199       2.2335    0.0016443             0       2.2335
_SET1_   23173         4   99916788   99983960    181      16  500199      -2.0703      0.94916             0      -2.0703
_SET1_   93587         4  100467864  100485189     69      12  500199       1.9609    0.0090726             0       1.9609
_SET1_   79982         4  100817405  100867883     80      15  500199       0.1671      0.27442   -2.7756e-17       0.1671
_SET1_   3015          4  100869242  100871512      7       3  500199     -0.64174      0.61703             0     -0.64174
_SET1_   5530          4  101944587  102268655    775      44  500199       1.5327    0.0081286             0       1.5327
_SET1_   64116         4  103172198  103266655    270      30  500199       1.1822     0.039148             0       1.1822
_SET1_   133308        4  103946647  103998480     58      19  500199     -0.14052      0.37617   -2.7756e-17     -0.14052
_SET1_   255743        4  106816588  106892828    219      16  500199      0.31195       0.2364   -5.5511e-17      0.31195
_SET1_   79071         4  110970187  111120355    504      54  500199     -0.57887      0.46376             0     -0.57887
_SET1_   287           4  113739239  114304896   1771     131  500199     -0.13001      0.11332   -2.7756e-17     -0.13001
_SET1_   9348          4  118955500  119179789    724      27  500199      0.13932      0.16929   -2.7756e-17      0.13932
_SET1_   8492          4  119201193  119274053    190      29  500199       1.1168     0.054048             0       1.1168
_SET1_   54532         4  120133775  120216673    243      23  500199     -0.89493      0.63224             0     -0.89493
_SET1_   11107         4  121613070  121844013    920      37  500199      0.86807     0.031158             0      0.86807
_SET1_   5393          4  122722445  122738176     39       8  500199     -0.51049      0.53312             0     -0.51049
_SET1_   84162         4  123073488  123283914    451      29  500199       3.1408     9.63e-05             0       3.1408
_SET1_   57182         4  125585203  125633887     85      15  500199     0.012071      0.34625   -4.1633e-17     0.012071
_SET1_   55132         4  128982421  129144086    367      15  500199     -0.45107      0.44017   -5.5511e-17     -0.45107
_SET1_   79960         4  129730779  129796379     91      20  500199      0.50783      0.17113             0      0.50783
_SET1_   54510         4  138440072  138453629     35       9  500199       2.0633    0.0066174             0       2.0633
_SET1_   1047          4  141309607  141348815     97      11  500199      0.74951      0.13788             0      0.74951
_SET1_   23158         4  141541936  141677471    355      33  500199        0.487      0.13261   -5.5511e-17        0.487
_SET1_   57484         4  141786708  142054630    958      72  500199     0.070189      0.15341   -4.1633e-17     0.070189
_SET1_   8821          4  142949181  143767604   2372      92  500199       2.6097   2.7499e-06             0       2.6097
_SET1_   84640         4  144106070  144143141     75       8  500199     0.070778      0.30984   -4.1633e-17     0.070778
_SET1_   166752        4  144498560  144621828    262      19  500199     -0.43177      0.43756   -5.5511e-17     -0.43177
_SET1_   54726         4  146054802  146101768     50      17  500199      0.40978      0.20057   -5.5511e-17      0.40978
_SET1_   5188          4  152591808  152682175    248      16  500199      0.18298      0.22517   -2.7756e-17      0.18298
_SET1_   55294         4  153242410  153456393    435      14  500199      -1.0925      0.72155             0      -1.0925
_SET1_   23321         4  154073650  154260474    546      53  500199      -1.9391      0.88905             0      -1.9391
_SET1_   5356          4  155456149  155471585     51       5  500199     -0.34338      0.48344   -5.5511e-17     -0.34338
_SET1_   2983          4  156680126  156728783    153      31  500199       1.2257     0.042312             0       1.2257
_SET1_   2743          4  157997277  158093251    318      21  500199      0.15164      0.25955   -2.7756e-17      0.15164
_SET1_   2891          4  158141736  158287227    248      31  500199      0.28703      0.21323   -5.5511e-17      0.28703
_SET1_   51313         4  159045732  159094202    120      10  500199     -0.32635      0.48623   -5.5511e-17     -0.32635
_SET1_   5481          4  159630279  159644552     22       5  500199        2.778   0.00082638             0        2.778
_SET1_   9693          4  160025224  160281314    502      40  500199       1.9102    0.0041928             0       1.9102
_SET1_   56884         4  162305044  163085186   3061     107  500199      0.26744     0.013552   -5.5511e-17      0.26744
_SET1_   92345         4  164047860  164088073     77      14  500199     -0.76703      0.62969             0     -0.76703
_SET1_   4886          4  164245116  164265984     60      12  500199       0.8188      0.11492             0       0.8188
_SET1_   50859         4  167654535  168155741   1645      65  500199       1.0065    0.0066945             0       1.0065
_SET1_   23022         4  169418215  169849608   1397     111  500199      -1.5487      0.65182             0      -1.5487
_SET1_   4750          4  170314421  170533778    523      18  500199       1.2295      0.02976             0       1.2295
_SET1_   54969         4  170650619  170679093     62      11  500199     -0.48515      0.54175   -5.5511e-17     -0.48515
_SET1_   9848          4  170907748  170948371     99      15  500199       1.4754     0.026583             0       1.4754
_SET1_   51166         4  170981373  171012823     87      17  500199      0.24186      0.25845   -2.7756e-17      0.24186
_SET1_   26269         4  175157809  175205415    107      22  500199      0.66299      0.13451             0      0.66299
_SET1_   8001          4  175545367  175750465    800      57  500199     -0.42856      0.32288   -5.5511e-17     -0.42856
_SET1_   2823          4  176554088  176923842   1232      92  500199       2.0969    0.0008248             0       2.0969
_SET1_   60559         4  177241090  177253396     55       9  500199       1.2659     0.051738             0       1.2659
_SET1_   55714         4  183065112  183724177   2544     226  500199     -0.46144     0.076611   -5.5511e-17     -0.46144
_SET1_   1635          4  183811244  183838630    141      20  500199      -1.6814      0.89001             0      -1.6814
_SET1_   80014         4  184020463  184241930    442      46  500199     0.035845      0.25756   -4.1633e-17     0.035845
_SET1_   60684         4  184580420  184634747    180      15  500199     -0.18652      0.37422   -2.7756e-17     -0.18652
_SET1_   56977         4  184826509  184944679    383      60  500199     -0.68788      0.54577             0     -0.68788
_SET1_   3660          4  185308867  185395734    306      60  500199       0.8071     0.088268             0       0.8071
_SET1_   8470          4  186506598  186877870   1650     140  500199      -2.3197      0.86185             0      -2.3197
_SET1_   2195          4  187508937  187647876    449      66  500199      -1.2006      0.72642             0      -1.2006
_SET1_   55722         5     612405     655807    144      15  500199      -1.1987       0.7643             0      -1.1987
_SET1_   11076         5     659977     693510    129      14  500199     -0.31215      0.42558   -5.5511e-17     -0.31215
_SET1_   81037         5    1317869    1345180     84      12  500199      -1.1223      0.75044             0      -1.1223
_SET1_   79888         5    1461542    1525644    248      43  500199      -1.2655      0.75937             0      -1.2655
_SET1_   23379         5    5422786    5490347    124      14  500199      0.31137      0.23176   -5.5511e-17      0.31137
_SET1_   84246         5    6372039    6378639     19       5  500199      -1.6708      0.89168             0      -1.6708
_SET1_   134111        5    6437460    6496834    201      41  500199      -1.6339      0.87823             0      -1.6339
_SET1_   54888         5    6599352    6633473    152      17  500199     -0.77341       0.6032             0     -0.77341
_SET1_   11044         5    6714076    6757161    180      20  500199       0.7539      0.10336             0       0.7539
_SET1_   134145        5   10225619   10250145    140      23  500199     -0.49683      0.49764   -5.5511e-17     -0.49683
_SET1_   10299         5   10353751   10440500     97       9  500199      -2.0265      0.95488             0      -2.0265
_SET1_   651746        5   10564435   10657928    320      31  500199      0.11942      0.22567   -4.1633e-17      0.11942
_SET1_   1501          5   10971952   11904155   2838     201  500199     -0.75732      0.13817             0     -0.75732
_SET1_   7204          5   14143817   14510313    914      49  500199      -1.1177      0.56153             0      -1.1177
_SET1_   56172         5   14704909   14871887    458      46  500199        -1.51       0.7997             0        -1.51
_SET1_   10409         5   17216932   17276954    124      27  500199     -0.67352      0.57203             0     -0.67352
_SET1_   1016          5   19473140   20575972   3135     111  500199       1.4973   0.00029036             0       1.4973
_SET1_   1008          5   24487209   24645085    597      31  500199      0.38694      0.11802   -5.5511e-17      0.38694
_SET1_   1007          5   26880709   27038689    507      35  500199       2.4854   0.00067868             0       2.4854
_SET1_   55322         5   31532373   31555165     71      16  500199      -1.2262      0.78291             0      -1.2262
_SET1_   23037         5   31639345   32111038   1865     199  500199      -1.6854      0.60009             0      -1.6854
_SET1_   51663         5   32354456   32444844    261      20  500199      -1.3273      0.78825             0      -1.3273
_SET1_   23600         5   33987091   34008220     56       9  500199    0.0019182      0.33445   -4.1417e-17    0.0019182
_SET1_   133686        5   36192694   36242258    110      13  500199      0.70099      0.12913             0      0.70099
_SET1_   6507          5   36606457   36688436    222      49  500199      0.67491      0.11585             0      0.67491
_SET1_   23548         5   40711678   40756072    102      14  500199      -0.2649      0.41668   -5.5511e-17      -0.2649
_SET1_   345557        5   41307048   41510730    528      38  500199       1.1565     0.033638             0       1.1565
_SET1_   5019          5   41730167   41870791    217      20  500199       1.9532     0.007236             0       1.9532
_SET1_   100129792     5   42756920   42802539    139      16  500199       3.0607   0.00019082             0       3.0607
_SET1_   56477         5   43376747   43412488     83      11  500199      -1.3946      0.85714             0      -1.3946
_SET1_   10605         5   43526369   43557521     73      10  500199       1.2256     0.046227             0       1.2256
_SET1_   23530         5   43602791   43705668    273      12  500199       0.7193      0.13726             0       0.7193
_SET1_   3672          5   52084136   52249485    571      63  500199      -0.7385      0.50607             0      -0.7385
_SET1_   4724          5   52856464   52979171    381      26  500199     -0.50092      0.44841             0     -0.50092
_SET1_   8988          5   53751431   53752214      2       1  500199      -1.1969      0.79489             0      -1.1969
_SET1_   23517         5   54603576   54721409    273      11  500199      -2.8729      0.99274             0      -2.8729
_SET1_   4214          5   56110900   56191979    219      21  500199      0.10527      0.27265   -4.1633e-17      0.10527
_SET1_   10769         5   57749809   57755966     23       5  500199     -0.27316      0.45379   -5.5511e-17     -0.27316
_SET1_   115827        5   57877950   58155221    919      66  500199     0.051036      0.15512   -4.1633e-17     0.051036
_SET1_   3350          5   63255875   63258119      5       3  500199      0.16869      0.28313   -2.7756e-17      0.16869
_SET1_   401190        5   63801774   63909285    243      35  500199       1.4248     0.023657             0       1.4248
_SET1_   373           5   64885507   64920187    113      12  500199       3.1726   0.00013276             0       3.1726
_SET1_   80006         5   64920558   64961954    132      11  500199       2.9001   0.00036783             0       2.9001
_SET1_   54557         5   64961755   65018648    101      16  500199       2.4974    0.0013785             0       2.4974
_SET1_   57486         5   65018023   65125111    337      31  500199      0.72481     0.089434             0      0.72481
_SET1_   5295          5   67511584   67597649    253      40  500199      0.85709     0.082093             0      0.85709
_SET1_   891           5   68462837   68474072     32       4  500199     -0.47765      0.53416   -5.5511e-17     -0.47765
_SET1_   6880          5   68647551   68665840     24       5  500199     -0.29768      0.48231   -5.5511e-17     -0.29768
_SET1_   728340        5   68856001   68888730      4       2  500199     -0.13334      0.49738   -2.7756e-17     -0.13334
_SET1_   4131          5   71403118   71505397    227      49  500199     -0.38377       0.4504   -5.5511e-17     -0.38377
_SET1_   57763         5   72848025   72861521     43       7  500199     -0.90609      0.68875             0     -0.90609
_SET1_   64283         5   72921983   73237818    952      66  500199      0.27519      0.10619   -5.5511e-17      0.27519
_SET1_   8507          5   73923231   73937249     27       5  500199       1.3397     0.044062             0       1.3397
_SET1_   84340         5   74017029   74063196    100      12  500199    -0.085491      0.37943   -4.1633e-17    -0.085491
_SET1_   10412         5   74062816   74072737     25       6  500199      0.34057      0.24928   -5.5511e-17      0.34057
_SET1_   10087         5   74666928   74807806    259      20  500199     -0.46229      0.49466   -5.5511e-17     -0.46229
_SET1_   134359        5   74970023   75013313    165      13  500199      -1.3931      0.82405             0      -1.3931
_SET1_   22987         5   75378997   75649764   1002      71  500199     -0.92229      0.46787             0     -0.92229
_SET1_   55109         5   76326210   76361059     97      17  500199      -1.1286      0.74905             0      -1.1286
_SET1_   8622          5   76476082   76724081    717      55  500199      0.72247     0.060526             0      0.72247
_SET1_   10184         5   77781038   77944648    395      29  500199      0.20954      0.18436   -2.7756e-17      0.20954
_SET1_   29958         5   78293387   78365497    271      18  500199       1.3094     0.031115             0       1.3094
_SET1_   9456          5   78669647   78809659    349      27  500199      -1.2188      0.73084             0      -1.2188
_SET1_   167153        5   78908243   78982471    213      11  500199     -0.34435      0.47591   -5.5511e-17     -0.34435
_SET1_   345778        5   79272539   79287088     33       6  500199      0.66196      0.14321             0      0.66196
_SET1_   340120        5   79852574   79866304     37       9  500199      -1.6151       0.8864             0      -1.6151
_SET1_   4437          5   79950467   80172634    660      29  500199     -0.17754      0.25787   -2.7756e-17     -0.17754
_SET1_   1404          5   82934017   83016896    230      41  500199      -1.9585      0.92383             0      -1.9585
_SET1_   5921          5   86564070   86687743    185      22  500199      0.70195      0.12529             0      0.70195
_SET1_   4208          5   88014058   88199922    355      29  500199       3.7087   7.4741e-06             0       3.7087
_SET1_   1070          5   89689528   89705611      7       4  500199     0.033159      0.37193   -4.1633e-17     0.033159
_SET1_   116068        5   89811443   89825401     30       5  500199      -2.1295      0.95651             0      -2.1295
_SET1_   84059         5   89854617   90460254   1530      68  500199      0.02368     0.077655   -4.1633e-17      0.02368
_SET1_   79772         5   94038280   94620279   1613     121  500199     -0.79172      0.33044             0     -0.79172
_SET1_   5122          5   95726040   95768985     77      12  500199     -0.24562      0.40908   -2.7756e-17     -0.24562
_SET1_   285704        5   98104999   98132198     70      12  500199       -1.356      0.81682             0       -1.356
_SET1_   5066          5  102201527  102366809    325      19  500199     -0.31565      0.41033   -5.5511e-17     -0.31565
_SET1_   1946          5  106712590  107006596    777      93  500199      0.60921     0.086664             0      0.60921
_SET1_   64839         5  107194734  107718080   1269      42  500199       1.6346    0.0017962             0       1.6346
_SET1_   9867          5  108670410  108745675    272      14  500199      0.53249      0.15497             0      0.53249
_SET1_   91137         5  110073837  110100857     64      13  500199     -0.32809      0.49063   -5.5511e-17     -0.32809
_SET1_   814           5  110559947  110830584    756      43  500199      0.16189       0.1471   -2.7756e-17      0.16189
_SET1_   9315          5  111065000  111312628    753      51  500199       1.0249     0.031556             0       1.0249
_SET1_   7905          5  112212081  112258339    180      17  500199      0.65778      0.12098             0      0.65778
_SET1_   167227        5  112312399  112357892    134      20  500199       1.2896      0.03634             0       1.2896
_SET1_   55521         5  114460459  114516243    149      21  500199       1.5221     0.022809             0       1.5221
_SET1_   153733        5  114602885  114632458     58      11  500199      -1.1069      0.74598             0      -1.1069
_SET1_   57556         5  115779251  115910551    481      81  500199      -1.0861      0.70734             0      -1.0861
_SET1_   1657          5  118406839  118584822    285      35  500199     -0.35409      0.42622   -5.5511e-17     -0.35409
_SET1_   6643          5  122110691  122170234    230      23  500199      -1.3424      0.79056             0      -1.3424
_SET1_   65983         5  125695788  125829853    407      61  500199      0.21253      0.21714   -2.7756e-17      0.21253
_SET1_   51808         5  125936607  125962944     81       8  500199      -1.4516      0.86918             0      -1.4516
_SET1_   613212        5  126984713  126994322     28      11  500199      0.29432      0.22553   -5.5511e-17      0.29432
_SET1_   337876        5  129240389  129522327    540      21  500199       1.7578     0.006258             0       1.7578
_SET1_   3094          5  130494976  130501041     24       4  500199     -0.31432      0.51728   -5.5511e-17     -0.31432
_SET1_   56990         5  130599702  130730383    199      20  500199      0.74284      0.11117             0      0.74284
_SET1_   23305         5  131285666  131347761    117      18  500199     -0.32807      0.44773   -5.5511e-17     -0.32807
_SET1_   3659          5  131817301  131826465     40       3  500199       1.5071     0.031683             0       1.5071
_SET1_   23105         5  132532152  132948223   1252     136  500199       1.7257    0.0039791             0       1.7257
_SET1_   6500          5  133492082  133512724     36       7  500199      -1.2155      0.82209             0      -1.2155
_SET1_   5515          5  133532148  133561950     88       7  500199     -0.75323      0.65422             0     -0.75323
_SET1_   91368         5  133737756  133747598      8       3  500199     -0.89084      0.72054             0     -0.89084
_SET1_   9879          5  134094461  134166811    107      23  500199        1.213     0.058516             0        1.213
_SET1_   134553        5  134181370  134195425     20       9  500199       1.6972     0.026345             0       1.6972
_SET1_   79770         5  134209427  134237323     31       9  500199     -0.16088      0.41261   -2.7756e-17     -0.16088
_SET1_   26249         5  136953189  137150310    375      32  500199      0.50273      0.13051             0      0.50273
_SET1_   8382          5  137450861  137475132     44      11  500199       1.1714     0.054491             0       1.1714
_SET1_   51780         5  137688285  137772716    208      26  500199      0.56221      0.13957             0      0.56221
_SET1_   26045         5  138205079  138211057      6       2  500199       2.3489    0.0036402             0       2.3489
_SET1_   51247         5  138677519  138705409     29       8  500199     -0.14096      0.39756   -2.7756e-17     -0.14096
_SET1_   202052        5  138745892  138780171     36       5  500199      -2.1282      0.95903             0      -2.1282
_SET1_   56142         5  140207650  140391929    388      24  500199       1.1419     0.036175             0       1.1419
_SET1_   56138         5  140247149  140391932    322      19  500199      0.85549      0.07175             0      0.85549
_SET1_   56135         5  140306302  140391929    218      20  500199      0.88723     0.074082             0      0.88723
_SET1_   56134         5  140345747  140391929     69      17  500199     -0.33789      0.47809   -5.5511e-17     -0.33789
_SET1_   56132         5  140480234  140483406     13       5  500199       1.6242     0.022633             0       1.6242
_SET1_   56126         5  140571952  140575213     13       6  500199      0.23275      0.25949   -2.7756e-17      0.23275
_SET1_   56112         5  140723601  140892546    512      31  500199      0.15749      0.21787   -2.7756e-17      0.15749
_SET1_   56111         5  140734768  140892546    482      36  500199      0.23809       0.2007   -2.7756e-17      0.23809
_SET1_   56103         5  140739409  140892546    467      35  500199      0.28179      0.19062   -5.5511e-17      0.28179
_SET1_   56109         5  140749811  140892546    443      35  500199       0.3521      0.17536   -5.5511e-17       0.3521
_SET1_   56108         5  140762467  140892546    405      33  500199      0.32376      0.18797   -5.5511e-17      0.32376
_SET1_   8641          5  140767452  140892546    386      32  500199      0.36106      0.18094   -5.5511e-17      0.36106
_SET1_   56098         5  140864741  140892546     79      17  500199      0.41501      0.19706   -5.5511e-17      0.41501
_SET1_   56097         5  140868808  140892546     73      16  500199       0.4563      0.18558   -5.5511e-17       0.4563
_SET1_   5097          5  141232655  141258361     45      17  500199      -1.1615      0.76688             0      -1.1615
_SET1_   10007         5  141380234  141392620     26       7  500199     -0.23138      0.42649   -2.7756e-17     -0.23138
_SET1_   80762         5  141488324  141534008    186      17  500199     0.093925      0.26997   -4.1633e-17     0.093925
_SET1_   81848         5  141689992  141704620     27       9  500199        1.889     0.010141             0        1.889
_SET1_   2246          5  141971743  142077635    321      44  500199     -0.75563      0.57651             0     -0.75563
_SET1_   2908          5  142657496  143113322   1166      84  500199       1.2468     0.010225             0       1.2468
_SET1_   57528         5  143550437  143858097    579      25  500199       1.7923    0.0053328             0       1.7923
_SET1_   10915         5  145826873  145891071    129      15  500199       2.8603   0.00051176             0       2.8603
_SET1_   22885         5  148521054  148640002    312      23  500199     -0.33167      0.39268   -5.5511e-17     -0.33167
_SET1_   133522        5  149109815  149234585    417      43  500199      -1.2064      0.71802             0      -1.2064
_SET1_   6534          5  149569520  149590635     90      15  500199     0.021035      0.30332   -4.1633e-17     0.021035
_SET1_   11346         5  149980642  150038792    128      17  500199      0.37189      0.21577   -5.5511e-17      0.37189
_SET1_   55696         5  150070352  150080669     13       5  500199      -1.3842      0.85926             0      -1.3842
_SET1_   206358        5  150816553  150871940    176      22  500199       0.6793      0.11385             0       0.6793
_SET1_   2890          5  152870084  153193429   1277      67  500199        1.644    0.0021245             0        1.644
_SET1_   79685         5  153825517  153840613     27      13  500199      -1.2775      0.79756             0      -1.2775
_SET1_   23367         5  154062224  154197167    300      31  500199       1.3138     0.031958             0       1.3138
_SET1_   408263        5  156768607  156772729     19       6  500199      0.98468     0.085622             0      0.98468
_SET1_   8728          5  156822071  157002831    654      38  500199    -0.061932      0.22561   -4.1633e-17    -0.061932
_SET1_   134353        5  157170755  157183746     30       7  500199     -0.15857      0.39591   -2.7756e-17     -0.15857
_SET1_   9685          5  157212751  157286183    204      16  500199     -0.70539      0.58723             0     -0.70539
_SET1_   153830        5  158584417  158637061    116      21  500199     -0.26727      0.42082   -5.5511e-17     -0.26727
_SET1_   134510        5  158690089  158713048     44      10  500199       2.3795    0.0024078             0       2.3795
_SET1_   147           5  159343740  159400017    155      20  500199      -1.6011      0.87634             0      -1.6011
_SET1_   10569         5  159828648  159846168     52      10  500199       2.0396    0.0063633             0       2.0396
_SET1_   23120         5  159990127  160279219    925      69  500199     -0.41799      0.30726   -5.5511e-17     -0.41799
_SET1_   2554          5  161274197  161326965    144      18  500199       3.3682   6.0606e-05             0       3.3682
_SET1_   2566          5  161494648  161582545    173      31  500199      0.84672     0.088974             0      0.84672
_SET1_   23286         5  167719065  167899308    651      80  500199      -1.4549      0.77195             0      -1.4549
_SET1_   5917          5  167913463  167946311    154      11  500199      -1.1012       0.7486             0      -1.1012
_SET1_   79646         5  167982628  168006614     31       7  500199      -2.3429      0.97269             0      -2.3429
_SET1_   6586          5  168088738  168728133   2397     193  500199      -2.1999      0.64984             0      -2.1999
_SET1_   23291         5  171288553  171433877    219      23  500199     -0.57063      0.57668             0     -0.57063
_SET1_   6793          5  171469074  171615346    584      50  500199       -2.679      0.97411             0       -2.679
_SET1_   57222         5  172261223  172379688    369      55  500199       1.1216     0.044703             0       1.1216
_SET1_   51617         5  173472607  173536182    175      18  500199      0.16834      0.29207   -2.7756e-17      0.16834
_SET1_   1812          5  174867675  174871163      7       3  500199      -1.0483      0.73759             0      -1.0483
_SET1_   94081         5  174905514  174956745    207      18  500199      0.19119      0.24329   -2.7756e-17      0.19119
_SET1_   10814         5  175223542  175311024    229      35  500199    0.0030708      0.29121     -4.12e-17    0.0030708
_SET1_   285598        5  175792477  175800934     21       7  500199       -1.742      0.90892             0       -1.742
_SET1_   1212          5  175819456  175843570     57      15  500199       1.2418     0.045538             0       1.2418
_SET1_   22838         5  175953700  175965026     16       7  500199      0.36263      0.22393   -5.5511e-17      0.36263
_SET1_   114787        5  176022803  176044339     30      10  500199     -0.13097      0.38545   -2.7756e-17     -0.13097
_SET1_   6620          5  176047210  176057557     18       5  500199      0.38355      0.21362   -5.5511e-17      0.38355
_SET1_   64324         5  176560026  176727214    390      21  500199      -1.5479      0.84555             0      -1.5479
_SET1_   53917         5  176728199  176730744      5       3  500199     -0.38312      0.51476   -5.5511e-17     -0.38312
_SET1_   10636         5  176784704  176799599     23       6  500199      0.20756      0.27338   -2.7756e-17      0.20756
_SET1_   80758         5  176873796  176883287     13       4  500199      -1.9198      0.93307             0      -1.9198
_SET1_   23138         5  177540556  177553107     30       9  500199   -0.0044779      0.33867   -4.1633e-17   -0.0044779
_SET1_   3182          5  177631508  177638184     16       7  500199     -0.26313      0.44064   -5.5511e-17     -0.26313
_SET1_   57396         5  178029664  178054093     43      10  500199      -1.0993      0.74429             0      -1.0993
_SET1_   821           5  179125019  179158642     73      11  500199      0.84516      0.09659             0      0.84516
_SET1_   8878          5  179233388  179265078    120      24  500199     -0.37497      0.45073   -5.5511e-17     -0.37497
_SET1_   255426        5  179527795  179636130    478      71  500199      0.76349     0.082756             0      0.76349
_SET1_   643836        5  180272435  180288334     52       6  500199     -0.32901      0.49816   -5.5511e-17     -0.32901
_SET1_   90933         5  180650263  180662808     35       9  500199     -0.31039      0.50769   -5.5511e-17     -0.31039
_SET1_   340156        6    2663863    2765615    511      44  500199     -0.76267      0.52015             0     -0.76267
_SET1_   5272          6    2887499    2903546     44      15  500199      -1.3854      0.82251             0      -1.3854
_SET1_   8737          6    3064201    3115421    128      18  500199     -0.64873      0.60546             0     -0.64873
_SET1_   670           6    3118926    3153833     94       9  500199      -0.5039       0.5719             0      -0.5039
_SET1_   7280          6    3153900    3157783      5       2  500199     -0.82837      0.68618             0     -0.82837
_SET1_   57128         6    5047395    5261172    829      47  500199        1.295     0.013392             0        1.295
_SET1_   51299         6    5998232    6007838     35       7  500199      -1.0956      0.75292             0      -1.0956
_SET1_   9521          6    8073593    8102828     90      14  500199      0.61985      0.13905             0      0.61985
_SET1_   221710        6   11094266   11138971    170      16  500199     -0.22882      0.41137   -2.7756e-17     -0.22882
_SET1_   4739          6   11183531   11382581    659      86  500199      -1.1805      0.69128             0      -1.1805
_SET1_   221692        6   12716888   13290476   1503      77  500199     -0.18968      0.12505   -2.7756e-17     -0.18968
_SET1_   23408         6   13574506   13615390     64      12  500199       1.6202     0.018512             0       1.6202
_SET1_   10048         6   13621730   13711796    128      21  500199      0.74717      0.10733             0      0.74717
_SET1_   63933         6   13786781   13814794     58      16  500199     -0.23882      0.41505   -2.7756e-17     -0.23882
_SET1_   221687        6   13924677   13980240    116      13  500199     -0.73861      0.59127             0     -0.73861
_SET1_   6310          6   16299343   16761721   1545     153  500199       1.0905     0.013427             0       1.0905
_SET1_   10486         6   17393447   17558023    443      43  500199     -0.42392      0.39719   -5.5511e-17     -0.42392
_SET1_   51439         6   17600518   17611950     20       5  500199      0.45798      0.20427   -5.5511e-17      0.45798
_SET1_   7172          6   18128542   18155374     92      15  500199     -0.64979      0.57676             0     -0.64979
_SET1_   7913          6   18224400   18264799    102      22  500199      0.90804     0.088338             0      0.90804
_SET1_   1871          6   20402137   20493945    217      42  500199      -1.3173      0.79914             0      -1.3173
_SET1_   140767        6   24126414   24147757     56      20  500199       1.1693     0.053333             0       1.1693
_SET1_   2822          6   24426060   24495433    512      31  500199      0.65245     0.087291             0      0.65245
_SET1_   9750          6   24804512   24936275    438      49  500199  -0.00085468       0.2612   -4.1417e-17  -0.00085468
_SET1_   29993         6   34433838   34503000    171      29  500199     -0.52694       0.5109             0     -0.52694
_SET1_   6882          6   34845555   34855908     27       8  500199       1.8101     0.016099             0       1.8101
_SET1_   6732          6   35800811   35888957    216      11  500199     -0.99798      0.69209             0     -0.99798
_SET1_   27154         6   36164408   36200567     44      11  500199     -0.21025      0.42309   -2.7756e-17     -0.21025
_SET1_   51645         6   36822605   36842800     73      15  500199       1.3758     0.034827             0       1.3758
_SET1_   221477        6   36853640   36896740    150      14  500199       1.7068     0.015473             0       1.7068
_SET1_   55633         6   37225528   37300746    161      14  500199     -0.20688      0.40775   -2.7756e-17     -0.20688
_SET1_   23070         6   37400907   37450637     73      16  500199     -0.23715      0.41891   -2.7756e-17     -0.23715
_SET1_   57497         6   40359373   40555126    804      54  500199      -1.3243      0.66454             0      -1.3243
_SET1_   116113        6   41514164   41570122    144      21  500199    -0.027001      0.33271   -4.1633e-17    -0.027001
_SET1_   5961          6   42664333   42690692    101      11  500199       1.4639     0.025752             0       1.4639
_SET1_   6903          6   42712234   42713884      3       1  500199      0.47832      0.33122   -5.5511e-17      0.47832
_SET1_   116138        6   42981841   42989036     12       4  500199       2.2685    0.0058393             0       2.2685
_SET1_   51069         6   43021767   43028259     17       5  500199        2.558    0.0026125             0        2.558
_SET1_   23113         6   43149913   43192325     98      15  500199       1.4543     0.038531             0       1.4543
_SET1_   89845         6   43395282   43418163     55      16  500199        1.351     0.036158             0        1.351
_SET1_   93643         6   43445261   43474294     71      10  500199      -1.2547      0.84831             0      -1.2547
_SET1_   221424        6   43474703   43478081      6       2  500199      -2.3171      0.98664             0      -2.3171
_SET1_   57510         6   43490068   43543812     90      13  500199     -0.98211      0.74705             0     -0.98211
_SET1_   5429          6   43543878   43588260     57      12  500199      -1.0614      0.77801             0      -1.0614
_SET1_   9587          6   43597279   43608689     24       7  500199     -0.35644      0.51687   -5.5511e-17     -0.35644
_SET1_   2030          6   44187242   44201888     23      10  500199      -2.2989      0.96644             0      -2.2989
_SET1_   3326          6   44213903   44221625     32      10  500199      -3.2908      0.99792             0      -3.2908
_SET1_   441151        6   44238480   44247182     29       8  500199       -1.075      0.74708             0       -1.075
_SET1_   988           6   44355251   44418161    158      24  500199        0.509      0.19527             0        0.509
_SET1_   59084         6   46126922   46138737     41       7  500199      -2.9908      0.99454             0      -2.9908
_SET1_   10231         6   46188467   46459804    566      34  500199       1.0193     0.036338             0       1.0193
_SET1_   27242         6   47199263   47277683    173      35  500199      -2.9126      0.99225             0      -2.9126
_SET1_   28978         6   52535884   52551386     54       8  500199     -0.16395      0.40798   -2.7756e-17     -0.16395
_SET1_   2941          6   52842746   52860178     93      14  500199      0.93706     0.081246             0      0.93706
_SET1_   2729          6   53362139   53409927    173      18  500199       0.1698      0.26395   -2.7756e-17       0.1698
_SET1_   54511         6   55299171   55444012    640      27  500199      -1.7067      0.81095             0      -1.7067
_SET1_   577           6   69345210   70099403   2227      78  500199     -0.98693      0.17878             0     -0.98693
_SET1_   55788         6   70385641   70507049    403      15  500199       1.7865    0.0073544             0       1.7865
_SET1_   1310          6   70576448   70922157    890      63  500199        1.003      0.02719             0        1.003
_SET1_   57579         6   71123107   71270877    381      18  500199       1.3227     0.030262             0       1.3227
_SET1_   135154        6   71276625   71298606     93       9  500199       1.5432     0.027354             0       1.5432
_SET1_   60682         6   71377474   71571718    439      26  500199       1.4332     0.017601             0       1.4332
_SET1_   56479         6   73331571   73908574   1548     112  500199       2.7686   3.2892e-05             0       2.7686
_SET1_   80759         6   73951037   74019938    263      15  500199     -0.50586      0.51961             0     -0.50586
_SET1_   26503         6   74303102   74363737    363      11  500199     -0.23681      0.38183   -2.7756e-17     -0.23681
_SET1_   55754         6   75962638   75994632     59       7  500199      -1.5398      0.90691             0      -1.5398
_SET1_   27145         6   76004607   76203516    320      19  500199    -0.020375      0.28032   -4.1633e-17    -0.020375
_SET1_   3617          6   76631062   76782335    322      36  500199      0.70872     0.095649             0      0.70872
_SET1_   3351          6   78171948   78173120      3       1  500199       2.9355   0.00068438             0       2.9355
_SET1_   6785          6   80624529   80657315    116      12  500199     -0.75535      0.65322             0     -0.75535
_SET1_   112611        6   83903032   83908654      5       2  500199       1.5653      0.03062             0       1.5653
_SET1_   112609        6   84732746   84800606    169      19  500199      -1.1256      0.74902             0      -1.1256
_SET1_   57231         6   86215214   86303850    150      23  500199     -0.58531      0.53994             0     -0.58531
_SET1_   3354          6   87647024   87726397    202      23  500199     0.049583      0.31967   -4.1633e-17     0.049583
_SET1_   10559         6   88182637   88222057    127      16  500199      -1.3523      0.80983             0      -1.3523
_SET1_   55122         6   88384578   88411985     78      12  500199      -1.0541       0.7386             0      -1.0541
_SET1_   8732          6   89319988   89673440    751      27  500199      -2.0796      0.89578             0      -2.0796
_SET1_   57226         6   90341943   90348474     14       4  500199      -2.0448      0.95244             0      -2.0448
_SET1_   9994          6   90539619   90584155    104      20  500199      0.98365     0.073995             0      0.98365
_SET1_   6885          6   91223292   91297020    192      19  500199       2.3369    0.0023053             0       2.3369
_SET1_   81491         6   97241998   97285353    125      16  500199     -0.24769      0.41077   -2.7756e-17     -0.24769
_SET1_   29078         6   97337187   97345767     30       8  500199      0.79853      0.11166             0      0.79853
_SET1_   84553         6   99720793   99797594    265      21  500199       1.0655     0.053172             0       1.0655
_SET1_   892           6   99990263  100016849     75      12  500199      -1.0626      0.73138             0      -1.0626
_SET1_   84539         6  100367786  100442114    198      28  500199      -1.1277      0.72106             0      -1.1277
_SET1_   2898          6  101841584  102517958   2172     124  500199      -1.8456      0.57216             0      -1.8456
_SET1_   57531         6  105175968  105307794    307      16  500199      0.82559     0.080757             0      0.82559
_SET1_   64208         6  105605775  105627858     67       7  500199      0.45771      0.22731   -5.5511e-17      0.45771
_SET1_   55084         6  107811317  107982513    378      45  500199       1.6071     0.015639             0       1.6071
_SET1_   11231         6  108188960  108279482    157      13  500199         0.38       0.2162   -5.5511e-17         0.38
_SET1_   28962         6  108362613  108395941    130       9  500199      0.97361     0.084213             0      0.97361
_SET1_   2309          6  108881026  109005972    184      22  500199       1.6792     0.015255             0       1.6792
_SET1_   285755        6  109711418  109762374    141      14  500199      0.96131     0.074581             0      0.96131
_SET1_   9841          6  109783719  109804440     53      12  500199      0.89558     0.093539             0      0.89558
_SET1_   221264        6  109814059  110012415    680      18  500199      0.71768     0.059133             0      0.71768
_SET1_   9896          6  110012424  110146634    312      29  500199      0.15166       0.2303   -2.7756e-17      0.15166
_SET1_   8936          6  110421022  110501219    206      15  500199     -0.13441      0.41994   -2.7756e-17     -0.13441
_SET1_   23097         6  110931181  111136590    443      29  500199     -0.60315      0.49621             0     -0.60315
_SET1_   84154         6  111303274  111347299    247      16  500199     -0.45043      0.48467   -5.5511e-17     -0.45043
_SET1_   91749         6  111580482  111590263     29      10  500199       1.8082     0.013155             0       1.8082
_SET1_   51175         6  112391860  112408751     22       4  500199      -0.8147      0.67712             0      -0.8147
_SET1_   23270         6  116571127  116575261     11       3  500199      -1.7791      0.91889             0      -1.7791
_SET1_   7259          6  116596022  116601280     15       4  500199     -0.86296       0.6804             0     -0.86296
_SET1_   51389         6  116892583  116914438     54      11  500199      0.45156      0.19242   -5.5511e-17      0.45156
_SET1_   221302        6  116956781  116989973     89      11  500199      0.50946      0.17204             0      0.50946
_SET1_   285761        6  117803803  117891021    290      30  500199       1.6584     0.013334             0       1.6584
_SET1_   57120         6  117881432  117923705     91      15  500199       1.5605      0.02214             0       1.5605
_SET1_   116150        6  117996617  118031890    117      23  500199      -1.1837      0.77758             0      -1.1837
_SET1_   222553        6  118228689  118638839   1216      74  500199     -0.27322      0.19242   -5.5511e-17     -0.27322
_SET1_   221322        6  121400627  121655646   1044      23  500199      -2.1402      0.88081             0      -2.1402
_SET1_   2697          6  121756745  121770873     38       8  500199     -0.62409      0.61992             0     -0.62409
_SET1_   57515         6  122764493  122793051     74      12  500199       1.2476     0.046274             0       1.2476
_SET1_   134829        6  123317582  123385063    165      19  500199     -0.21392      0.38466   -2.7756e-17     -0.21392
_SET1_   7164          6  125474876  125584644    362      29  500199      -1.0276      0.66353             0      -1.0276
_SET1_   3908          6  129204286  129837711   1731      79  500199      0.77069     0.011276             0      0.77069
_SET1_   2037          6  131160487  131384462    694      31  500199      0.84625     0.046074             0      0.84625
_SET1_   9439          6  131895106  131949379     67      17  500199     -0.25614      0.45228   -5.5511e-17     -0.25614
_SET1_   8417          6  132778663  132834337    177      26  500199      -1.0713      0.72715             0      -1.0713
_SET1_   9519          6  134273308  134308638     83      10  500199     0.082427      0.31948   -4.1633e-17     0.082427
_SET1_   10767         6  135281516  135376036    216       9  500199       1.3257     0.031803             0       1.3257
_SET1_   27115         6  136172834  136516709    627      65  500199        1.473     0.013783             0        1.473
_SET1_   9053          6  136663419  136871957    323      16  500199      0.87753     0.090979             0      0.87753
_SET1_   3459          6  137518621  137540981     29       8  500199      0.53897      0.17266             0      0.53897
_SET1_   25901         6  139094657  139114456     66       9  500199      0.68777      0.13701             0      0.68777
_SET1_   85021         6  139225620  139309419    292      17  500199     -0.93844      0.65522             0     -0.93844
_SET1_   58527         6  139349819  139364439     52      11  500199    -0.032152       0.3317   -4.1633e-17    -0.032152
_SET1_   167838        6  139561198  139645148    190      22  500199      0.13437       0.2554   -2.7756e-17      0.13437
_SET1_   10370         6  139693392  139695787     10       5  500199     -0.84148      0.70403             0     -0.84148
_SET1_   9749          6  143929317  144152322    670      55  500199       1.0237      0.03298             0       1.0237
_SET1_   134957        6  147525494  147711612    308      19  500199       1.3009     0.031193             0       1.3009
_SET1_   389432        6  147829807  148058677   1043      67  500199       3.2111   1.1058e-05             0       3.2111
_SET1_   23118         6  149639436  149732747    282      16  500199        1.352     0.029071             0        1.352
_SET1_   5110          6  150070831  150132557    157       6  500199       2.4104    0.0022167             0       2.4104
_SET1_   84918         6  150139894  150186398    104      10  500199       2.2086    0.0040046             0       2.2086
_SET1_   81706         6  150464188  150571528    458      61  500199      -1.2321      0.73389             0      -1.2321
_SET1_   26575         6  153332026  153452389    414      20  500199       2.5648   0.00059015             0       2.5648
_SET1_   4988          6  154331631  154568001    729      62  500199      0.16945      0.16696   -2.7756e-17      0.16945
_SET1_   26034         6  154475618  154677900    751      71  500199     -0.59846      0.42504             0     -0.59846
_SET1_   154043        6  154726433  154831753    505      64  500199     -0.51245      0.44988             0     -0.51245
_SET1_   51106         6  155574495  155635631    287      21  500199     -0.61903      0.51652             0     -0.61903
_SET1_   729515        6  157710054  157745253     79      14  500199      0.96456      0.08035             0      0.96456
_SET1_   51429         6  158137078  158366109    817      39  500199     -0.37301      0.29639   -5.5511e-17     -0.37301
_SET1_   57583         6  158957468  159056467    339      27  500199      -1.2482      0.72951             0      -1.2482
_SET1_   6993          6  159057506  159065804     15       5  500199     -0.55468       0.5661             0     -0.55468
_SET1_   83861         6  159398077  159421424    141       7  500199      -1.9133      0.95222             0      -1.9133
_SET1_   117289        6  159455500  159466184     42       6  500199      0.35199      0.27071   -5.5511e-17      0.35199
_SET1_   4142          6  160320218  160329339     26       8  500199       1.0265     0.077458             0       1.0265
_SET1_   4216          6  161412816  161538417    394      28  500199     -0.78852      0.59916             0     -0.78852
_SET1_   4301          6  168227602  168372703    372      23  500199      -1.5339      0.82714             0      -1.5339
_SET1_   253769        6  169857303  170102159    772      28  500199      0.63268     0.066674             0      0.63268
_SET1_   84498         6  170615812  170716155    266      17  500199      0.94928     0.072186             0      0.94928
_SET1_   56975         7     192969     300740    112      19  500199      0.42393      0.17618   -5.5511e-17      0.42393
_SET1_   5575          7     588834     767313    445      43  500199      0.79058     0.073439             0      0.79058
_SET1_   23353         7     855194     914557    246      21  500199     -0.69367      0.55021             0     -0.69367
_SET1_   8379          7    1855428    2272583   1952      39  500199       1.6357   0.00032401             0       1.6357
_SET1_   29960         7    2273830    2281840     26       9  500199       1.0446     0.073996             0       1.0446
_SET1_   221927        7    2577444    2595392     68       9  500199      -0.6707      0.60557             0      -0.6707
_SET1_   23288         7    2598617    2654368    282      23  500199       1.7029      0.01111             0       1.7029
_SET1_   80727         7    2671603    2704436     87      19  500199       1.3843     0.029741             0       1.3843
_SET1_   26100         7    5229835    5273486    171      28  500199       1.2936     0.038244             0       1.2936
_SET1_   80028         7    5515428    5553423    166      16  500199        1.641     0.015285             0        1.641
_SET1_   60            7    5566779    5570232     14       4  500199       1.8682     0.012747             0       1.8682
_SET1_   6624          7    5632436    5646287     59      14  500199       1.0324      0.08466             0       1.0324
_SET1_   54476         7    5659672    5821361    588      27  500199      0.81253     0.070165             0      0.81253
_SET1_   113263        7    8008374    8128710    396      25  500199      0.19958      0.19914   -2.7756e-17      0.19958
_SET1_   3382          7    8152814    8302242    616      70  500199      -1.2798      0.72369             0      -1.2798
_SET1_   30010         7    8473585    8792593   1401      77  500199      0.27211     0.060631   -5.5511e-17      0.27211
_SET1_   9678          7   11013495   11209250    526      24  500199     -0.68067      0.48332             0     -0.68067
_SET1_   54664         7   12250848   12276890    176       8  500199       6.1451   1.6911e-11             0       6.1451
_SET1_   1607          7   14184674   14943281   2683     145  500199      -1.7355      0.46483             0      -1.7355
_SET1_   57037         7   16639401   16685442    188      25  500199     0.043469      0.28531   -4.1633e-17     0.043469
_SET1_   27075         7   16793351   16824161    126      19  500199      0.21697      0.23444   -2.7756e-17      0.21697
_SET1_   9771          7   22157908   22396751    775      55  500199     -0.50849      0.36301             0     -0.50849
_SET1_   55975         7   23145353   23215040    211      13  500199       1.4745      0.02407             0       1.4745
_SET1_   340277        7   23719231   23742269     88      16  500199      0.42159      0.18875   -5.5511e-17      0.42159
_SET1_   51678         7   24613007   24733322    401      12  500199       1.0715      0.05527             0       1.0715
_SET1_   54205         7   25158270   25164980     14       6  500199      0.94372     0.089822             0      0.94372
_SET1_   3181          7   26229547   26240413     22       5  500199       1.3407     0.061609             0       1.3407
_SET1_   8935          7   26697397   27034862    859      24  500199       0.3478     0.090407   -5.5511e-17       0.3478
_SET1_   8887          7   27778992   27869386    217      32  500199        0.466      0.16755   -5.5511e-17        0.466
_SET1_   221895        7   27870192   28220437   1092      89  500199     0.040114      0.15723   -4.1633e-17     0.040114
_SET1_   644150        7   29846170   29956682    386      35  500199       1.0473     0.045446             0       1.0473
_SET1_   9805          7   29959719   30029905    182      21  500199     -0.14903      0.39473   -2.7756e-17     -0.14903
_SET1_   2617          7   30634181   30673649    106      15  500199      -1.2943      0.81933             0      -1.2943
_SET1_   117           7   31092076   31151093    160      33  500199     -0.62822      0.55229             0     -0.62822
_SET1_   63974         7   31377075   31380538      5       2  500199     -0.66645      0.62732             0     -0.66645
_SET1_   10842         7   31726631   31748069     67      14  500199      -2.7692      0.99056             0      -2.7692
_SET1_   23080         7   32535101   32628327    314      16  500199        1.324      0.02732             0        1.324
_SET1_   11328         7   32997005   33046543    166      28  500199        -0.24       0.4016   -2.7756e-17        -0.24
_SET1_   989           7   35840596   35946715    208      15  500199     -0.91131      0.65429             0     -0.91131
_SET1_   54749         7   37960163   37991543    133      26  500199     -0.86502      0.63746             0     -0.86502
_SET1_   28988         7   44084239   44101315     61       8  500199       1.2447     0.052038             0       1.2447
_SET1_   5425          7   44154279   44163267     20       7  500199       -1.091      0.74693             0       -1.091
_SET1_   83605         7   45039345   45116069    276      17  500199      0.17466       0.2413   -2.7756e-17      0.17466
_SET1_   9238          7   45139699   45151346     44      12  500199      0.99102      0.07775             0      0.99102
_SET1_   107           7   45614125   45762715    457      53  500199     -0.21464      0.34133   -2.7756e-17     -0.21464
_SET1_   375567        7   49813257   49961546    326      32  500199       1.0119     0.053422             0       1.0119
_SET1_   2887          7   50657760   50861159    686      33  500199     -0.95909      0.54472             0     -0.95909
_SET1_   222008        7   54610019   54636948     85      15  500199       1.6365     0.020416             0       1.6365
_SET1_   81552         7   55538303   55640200    514      14  500199      -1.8369      0.89546             0      -1.8369
_SET1_   51373         7   56019611   56023034     11       4  500199      -1.0171      0.73591             0      -1.0171
_SET1_   908           7   56119378   56131682     33      10  500199      0.66214      0.13924             0      0.66214
_SET1_   51351         7   64434830   64451414     68       6  500199      0.63876      0.15447             0      0.63876
_SET1_   154807        7   65338257   65424545    166      13  500199       1.4992     0.025929             0       1.4992
_SET1_   27297         7   65579805   65619555     99      11  500199       1.5409     0.024122             0       1.5409
_SET1_   27342         7   66147151   66276451    409      18  500199      0.83438     0.072327             0      0.83438
_SET1_   51119         7   66452690   66460588     10       5  500199      0.81191      0.13157             0      0.81191
_SET1_   64409         7   70597523   71178586   2128     136  500199      0.36939     0.024396   -5.5511e-17      0.36939
_SET1_   83698         7   71244476   71912136   2054      70  500199        0.248     0.020268   -2.7756e-17        0.248
_SET1_   51085         7   73007524   73038903     75      10  500199     0.018943      0.34578   -4.1633e-17     0.018943
_SET1_   84277         7   73095248   73097781     13       3  500199      0.26656      0.26402   -5.5511e-17      0.26656
_SET1_   114049        7   73097898   73112551     49       7  500199      0.16481      0.28799   -2.7756e-17      0.16481
_SET1_   6804          7   73113535   73134032     38      10  500199     -0.98259      0.70506             0     -0.98259
_SET1_   3984          7   73498107   73536855     67      11  500199       1.4831     0.032031             0       1.4831
_SET1_   7458          7   73588706   73611429     18       6  500199      0.27495      0.29391   -5.5511e-17      0.27495
_SET1_   7461          7   73703805   73820273    254      17  500199       1.4279     0.024495             0       1.4279
_SET1_   389524        7   74508187   74565623      2       1  500199      0.65545      0.25508             0      0.65545
_SET1_   4191          7   75677182   75696826     51       7  500199       2.3838    0.0027253             0       2.3838
_SET1_   7532          7   75956108   75988342     77      13  500199        1.363     0.034711             0        1.363
_SET1_   54103         7   76940068   77045719    324      25  500199      -0.7989      0.59094             0      -0.7989
_SET1_   57157         7   77428109   77586821    366      24  500199      -1.7036      0.86954             0      -1.7036
_SET1_   9863          7   77646374   79083121   5508     268  500199       1.6946   0.00017882             0       1.6946
_SET1_   781           7   81575760   82073031   1597     102  500199       1.1174    0.0070637             0       1.1174
_SET1_   222223        7   86506222   86689014    448      19  500199       -1.289      0.73427             0       -1.289
_SET1_   9988          7   86781677   86825648    139      11  500199      -1.0925      0.79083             0      -1.0925
_SET1_   5243          7   87133179   87342639    460      42  500199     -0.95643      0.62705             0     -0.95643
_SET1_   154661        7   87257729   87461613    346      19  500199     -0.40507      0.49266   -5.5511e-17     -0.40507
_SET1_   55972         7   87462885   87505692     84      12  500199     -0.34471      0.53409   -5.5511e-17     -0.34471
_SET1_   10926         7   87505544   87538856     73      12  500199     -0.03009      0.39658   -4.1633e-17     -0.03009
_SET1_   53616         7   87563566   87832204    480      30  500199     -0.66238      0.47775             0     -0.66238
_SET1_   261729        7   89841000   89866992     79      12  500199     -0.72479      0.61456             0     -0.72479
_SET1_   9069          7   90032648   90045268     29      10  500199      0.29988      0.25029   -5.5511e-17      0.29988
_SET1_   5218          7   90225681   90839905   2009      67  500199       2.1655   4.3088e-05             0       2.1655
_SET1_   10142         7   91570181   91739987    317       8  500199       1.4705     0.021552             0       1.4705
_SET1_   64921         7   94138838   94186331    105      15  500199      -1.2021      0.76625             0      -1.2021
_SET1_   23089         7   94285637   94299007     21       8  500199     -0.55238      0.57925             0     -0.55238
_SET1_   1750          7   96635290   96640352      6       2  500199       -1.131      0.78134             0       -1.131
_SET1_   440           7   97481429   97501854     65      13  500199     -0.66617      0.57868             0     -0.66617
_SET1_   22853         7   97736197   97838945    270      18  500199      0.83914     0.092815             0      0.83914
_SET1_   25851         7   97844755   97881563     99      11  500199      -1.0785       0.7272             0      -1.0785
_SET1_   222865        7   98444111   98467673     44       8  500199     -0.23309      0.46312   -2.7756e-17     -0.23309
_SET1_   8295          7   98476113   98610866    297      17  500199      0.26729      0.23741   -5.5511e-17      0.26729
_SET1_   57154         7   98625058   98741743    228      40  500199     -0.57391      0.53181             0     -0.57391
_SET1_   285989        7   99070476   99085408     20       7  500199       1.1205     0.078236             0       1.1205
_SET1_   79027         7   99156034   99174076     34      11  500199        1.131     0.078608             0        1.131
_SET1_   6878          7   99704693   99717481     21       6  500199       1.8453     0.012159             0       1.8453
_SET1_   51412         7  100240720  100254084     19       8  500199      -1.0047      0.74192             0      -1.0047
_SET1_   2783          7  100271363  100276792      8       5  500199       1.6058     0.026768             0       1.6058
_SET1_   64599         7  100277130  100286870     25       9  500199       1.4388     0.033349             0       1.4388
_SET1_   10248         7  100303676  100305123      4       1  500199       2.5639    0.0040296             0       2.5639
_SET1_   8985          7  100849258  100861011     25       8  500199      0.70428      0.14241             0      0.70428
_SET1_   10603         7  101928405  101962178     77      19  500199      -1.0526      0.71259             0      -1.0526
_SET1_   80228         7  102073977  102097268     60      13  500199     -0.20449      0.40832   -2.7756e-17     -0.20449
_SET1_   27000         7  102952921  102985320     49      11  500199       2.4431    0.0025931             0       2.4431
_SET1_   5701          7  102984852  103009842     45       9  500199       1.3946     0.045766             0       1.3946
_SET1_   5649          7  103112231  103629963   2061     103  500199      -1.7153      0.50791             0      -1.7153
_SET1_   5001          7  103766788  103848495    267      17  500199      0.17192       0.2335   -2.7756e-17      0.17192
_SET1_   375612        7  103969104  104549005   1898     113  500199      -0.5732      0.17125             0      -0.5732
_SET1_   55904         7  104654637  104754532    175      16  500199     -0.65621      0.58208             0     -0.65621
_SET1_   6733          7  104754048  105039614    593      22  500199      -1.2402      0.67299             0      -1.2402
_SET1_   60561         7  105172532  105208131     77      10  500199       1.2985     0.044785             0       1.2985
_SET1_   1738          7  107531586  107561643     62       8  500199      0.68249      0.12887             0      0.68249
_SET1_   4897          7  107788071  108096841   1134      48  500199     -0.12572      0.15553   -2.7756e-17     -0.12572
_SET1_   50640         7  108110866  108168605    154      19  500199       1.2861     0.037447             0       1.2861
_SET1_   3475          7  112063199  112117258    196      27  500199      0.15177       0.2468   -2.7756e-17      0.15177
_SET1_   4233          7  116312406  116438440    216      38  500199     -0.97565      0.68001             0     -0.97565
_SET1_   830           7  116502533  116559315     68       8  500199       0.5079      0.17909             0       0.5079
_SET1_   1080          7  117120017  117308719    345      25  500199     0.020922      0.27262   -4.1633e-17     0.020922
_SET1_   83992         7  117350702  117513561    376      45  500199       3.3603   3.9038e-05             0       3.3603
_SET1_   3751          7  119913689  120390387    974      53  500199     -0.25957      0.25658   -5.5511e-17     -0.25957
_SET1_   54556         7  120590817  120615711     43       6  500199       1.8535     0.013535             0       1.8535
_SET1_   10447         7  120988905  121036422    113       9  500199      -1.4233      0.84461             0      -1.4233
_SET1_   5803          7  121513159  121702090    463      38  500199      0.65403      0.09061             0      0.65403
_SET1_   93664         7  121958478  122526813   1524      66  500199     -0.67227      0.23852             0     -0.67227
_SET1_   8976          7  123321981  123389125    169      17  500199       1.2799     0.035868             0       1.2799
_SET1_   381           7  127228406  127231759     11       4  500199      -1.6082      0.88571             0      -1.6082
_SET1_   27044         7  127292043  127732659    751      38  500199     -0.13269      0.23048   -2.7756e-17     -0.13269
_SET1_   64101         7  127667124  127671002      6       3  500199      0.84497      0.10949             0      0.84497
_SET1_   9296          7  128502857  128505903     11       4  500199       1.2394     0.054728             0       1.2394
_SET1_   100130705     7  128506464  128512101     39       5  500199     -0.11742      0.46473   -4.1633e-17     -0.11742
_SET1_   23534         7  128594234  128695227    237      26  500199      0.24488      0.21422   -2.7756e-17      0.24488
_SET1_   23382         7  128864855  129070052    455      31  500199       0.3315      0.16457   -5.5511e-17       0.3315
_SET1_   57464         7  129074274  129128240    123      15  500199      0.61432      0.13774             0      0.61432
_SET1_   23008         7  129710349  129775560    190      23  500199      -1.5141       0.8476             0      -1.5141
_SET1_   26958         7  130146079  130353598    238      23  500199     -0.82926      0.61703             0     -0.82926
_SET1_   4289          7  130794855  131181398   1018      90  500199      0.58789     0.063552             0      0.58789
_SET1_   91584         7  131808091  132333447   1752     134  500199      0.81067     0.018244             0      0.81067
_SET1_   60412         7  132937823  133750514   1512      38  500199      0.72036     0.014281             0      0.72036
_SET1_   84912         7  133974089  134001827    102       6  500199      0.59125      0.15451             0      0.59125
_SET1_   231           7  134127107  134143888     38      11  500199      -1.1507      0.75245             0      -1.1507
_SET1_   23165         7  135242662  135333501    415      19  500199     -0.40868      0.43688   -5.5511e-17     -0.40868
_SET1_   136319        7  135611503  135662204    182      23  500199      0.74229       0.1144             0      0.74229
_SET1_   64761         7  139723544  139764086    158      24  500199       2.3796    0.0023106             0       2.3796
_SET1_   90956         7  140372730  140395745     39       6  500199     -0.17037      0.44797   -2.7756e-17     -0.17037
_SET1_   673           7  140415749  140624564    351      15  500199      0.57661      0.14007             0      0.57661
_SET1_   100507421     7  140774032  141180180   1060      89  500199      0.79994      0.03909             0      0.79994
_SET1_   55750         7  141251078  141354209    157      13  500199      0.45099       0.2057   -5.5511e-17      0.45099
_SET1_   2051          7  142552776  142568847     42       8  500199    -0.011767      0.39208   -4.1633e-17    -0.011767
_SET1_   9747          7  143548461  143599278     38       7  500199       1.4925     0.028768             0       1.4925
_SET1_   26047         7  145813453  148118090   8749     321  500199     -0.27222     0.054228   -5.5511e-17     -0.27222
_SET1_   8454          7  148395631  148498202    238      23  500199      0.97995     0.061977             0      0.97995
_SET1_   9601          7  148700154  148725782     78       7  500199      0.91385      0.10317             0      0.91385
_SET1_   155061        7  149169884  149194928     42       6  500199      0.18003      0.27371   -2.7756e-17      0.18003
_SET1_   29803         7  150065361  150071133     16       2  500199      -1.0405      0.76993             0      -1.0405
_SET1_   1020          7  150750899  150755052      8       3  500199       1.6987     0.018619             0       1.6987
_SET1_   10061         7  150904923  150924460     73      11  500199       1.0454     0.072206             0       1.0454
_SET1_   54480         7  150929575  150935913     16       4  500199     -0.49687       0.5319   -5.5511e-17     -0.49687
_SET1_   63917         7  151722774  151819427    129       7  500199     -0.90263      0.75788             0     -0.90263
_SET1_   58508         7  151832010  152133090    276       9  500199       -1.776      0.92747             0       -1.776
_SET1_   6469          7  155595558  155604967      8       3  500199      -2.3283      0.98068             0      -2.3283
_SET1_   9690          7  156931655  157062066    419      18  500199      -1.8075      0.87855             0      -1.8075
_SET1_   157695        8     439790     495781    288      26  500199      0.11894      0.23988   -4.1633e-17      0.11894
_SET1_   9172          8    1993082    2093380    786      73  500199      -1.6651      0.80613             0      -1.6651
_SET1_   66036         8   11142000   11185655    126      12  500199        1.096      0.05543             0        1.096
_SET1_   2222          8   11653467   11696818    286      28  500199       0.7835     0.088264             0       0.7835
_SET1_   1508          8   11700033   11725646    148      19  500199       1.3855       0.0294             0       1.3855
_SET1_   91694         8   12579406   12612992     99      12  500199     -0.56783       0.5726             0     -0.56783
_SET1_   7991          8   15397596   15624158    944      35  500199     -0.15622      0.19076   -2.7756e-17     -0.15622
_SET1_   286097        8   16884747   16980148    320      29  500199      0.42613      0.15926   -5.5511e-17      0.42613
_SET1_   9108          8   17154306   17271040    598      43  500199      -2.3997      0.94879             0      -2.3997
_SET1_   6542          8   17354597   17428077    409      63  500199       1.3717     0.026016             0       1.3717
_SET1_   427           8   17913925   17942507    198      17  500199      -1.6601       0.8687             0      -1.6601
_SET1_   23362         8   18384813   18871196   2587     152  500199       -1.693      0.45131             0       -1.693
_SET1_   4023          8   19796582   19824770    116      19  500199      0.55864      0.15482             0      0.55864
_SET1_   526           8   20054704   20079207     60      16  500199      -1.6596       0.8907             0      -1.6596
_SET1_   2675          8   21549530   21672392    260      48  500199       1.9008    0.0075887             0       1.9008
_SET1_   23039         8   21777180   21864096    205      18  500199       1.1647     0.043761             0       1.1647
_SET1_   2039          8   21906660   21940036    118      12  500199    -0.062261      0.38404   -4.1633e-17    -0.062261
_SET1_   55806         8   21971932   21988566     51      10  500199     -0.78479      0.64227             0     -0.78479
_SET1_   203190        8   22004343   22014344     16       2  500199       0.5847      0.20192             0       0.5847
_SET1_   9796          8   22077216   22089851     42      13  500199     -0.70781      0.60845             0     -0.70781
_SET1_   5533          8   22298483   22398657    199      13  500199       2.2397    0.0027771             0       2.2397
_SET1_   1960          8   22545172   22550815      4       2  500199      0.11978      0.32218   -4.1633e-17      0.11978
_SET1_   23221         8   22844930   22877710     86      19  500199      0.72992      0.12308             0      0.72992
_SET1_   8795          8   22877646   22926700    147      25  500199      -1.7487      0.88999             0      -1.7487
_SET1_   91782         8   23101150   23119512     76      18  500199      0.22834      0.24213   -2.7756e-17      0.22834
_SET1_   9583          8   23284687   23315244     74      14  500199      -3.1208      0.99636             0      -3.1208
_SET1_   51312         8   23386363   23432976    277      20  500199      0.65568      0.11281             0      0.65568
_SET1_   4741          8   24770712   24776607      3       1  500199    -0.081926      0.44328   -4.1633e-17    -0.081926
_SET1_   4747          8   24808468   24814383     14       6  500199     0.066306      0.33291   -4.1633e-17     0.066306
_SET1_   5520          8   26149007   26230196    201      32  500199     -0.26799      0.41098   -5.5511e-17     -0.26799
_SET1_   10687         8   26362196   26371608     20       7  500199     0.053584      0.31607   -4.1633e-17     0.053584
_SET1_   2185          8   27168999   27316908    431      25  500199     -0.18165      0.30366   -2.7756e-17     -0.18165
_SET1_   1191          8   27454434   27472328     40       7  500199      0.63339       0.1434             0      0.63339
_SET1_   55246         8   27590833   27630170    148      12  500199      -1.4213      0.82137             0      -1.4213
_SET1_   157574        8   28285925   28347835    116      26  500199      0.85716      0.08609             0      0.85716
_SET1_   7976          8   28351722   28431785    142       6  500199     -0.15614       0.3904   -2.7756e-17     -0.15614
_SET1_   2137          8   28558990   28611207     68      12  500199     -0.57781      0.55772             0     -0.57781
_SET1_   51669         8   29920609   29940649     37       6  500199    -0.068463       0.4168   -4.1633e-17    -0.068463
_SET1_   100507341     8   30496117   30503473     15       5  500199     -0.18798      0.41145   -2.7756e-17     -0.18798
_SET1_   3084          8   31496820   32622558   3927     152  500199       3.0988   4.6757e-07             0       3.0988
_SET1_   78986         8   33448848   33457546     20       5  500199     -0.16243      0.43844   -2.7756e-17     -0.16243
_SET1_   9530          8   38034106   38070819     57       4  500199       1.0969     0.077735             0       1.0969
_SET1_   23259         8   38088861   38120351     36       7  500199       1.6488     0.021699             0       1.6488
_SET1_   2260          8   38268656   38326352     96      21  500199       1.3781     0.031727             0       1.3781
_SET1_   6867          8   38585704   38710546    258      24  500199     0.095634      0.25745   -4.1633e-17     0.095634
_SET1_   59339         8   38758753   38831431    209      48  500199     -0.92511      0.65868             0     -0.92511
_SET1_   8754          8   38854505   38962780    226      22  500199     -0.54675       0.4996             0     -0.54675
_SET1_   79698         8   40388109   40755345   1249      88  500199      0.50481     0.052842             0      0.50481
_SET1_   6422          8   41119476   41166990    119      15  500199      0.76975      0.10039             0      0.76975
_SET1_   10947         8   42010464   42028701     35       7  500199     -0.42933      0.50657   -5.5511e-17     -0.42933
_SET1_   5423          8   42195973   42229331     60       9  500199     -0.40281      0.55239   -5.5511e-17     -0.40281
_SET1_   7336          8   48920966   48977268     44      13  500199       1.3626     0.042367             0       1.3626
_SET1_   115294        8   52730140   52811735    305      13  500199     -0.68823       0.5737             0     -0.68823
_SET1_   51606         8   54628103   54756099    185      14  500199       1.0425     0.083607             0       1.0425
_SET1_   29088         8   55047781   55061074     32       5  500199       1.4283      0.04012             0       1.4283
_SET1_   114786        8   56015017   56438714   1297      77  500199     -0.70327      0.31214             0     -0.70327
_SET1_   137695        8   56651317   56685955    108      11  500199      0.87396        0.101             0      0.87396
_SET1_   79145         8   57124315   57131178     10       6  500199     -0.93624      0.73207             0     -0.93624
_SET1_   90362         8   58907068   59062277    397      28  500199      -1.3406      0.77986             0      -1.3406
_SET1_   137886        8   59323823   59364060     98      16  500199      0.79323      0.10489             0      0.79323
_SET1_   8439          8   59496063   59572404    204      23  500199      -1.9721      0.92559             0      -1.9721
_SET1_   5862          8   61429469   61536203    252      13  500199      0.42985      0.17015   -5.5511e-17      0.42985
_SET1_   27319         8   65492795   65496191      5       2  500199       1.0458     0.087857             0       1.0458
_SET1_   5150          8   66626569   66753969    348      26  500199       1.7192     0.011796             0       1.7192
_SET1_   1392          8   67088612   67090846      2       1  500199     -0.52271      0.62499             0     -0.52271
_SET1_   254778        8   67405491   67430759     60      14  500199      -1.9852      0.95661             0      -1.9852
_SET1_   10565         8   68085746   68255912    220      30  500199     -0.21387      0.39889   -2.7756e-17     -0.21387
_SET1_   9312          8   73449626   73850584   1224      72  500199     -0.72341      0.33885             0     -0.72341
_SET1_   7013          8   73921097   73959987     75      10  500199       1.7262     0.014533             0       1.7262
_SET1_   27067         8   74332604   74659943   1042      45  500199     -0.30739      0.22469   -5.5511e-17     -0.30739
_SET1_   56704         8   75146935   75233721    201      30  500199      -1.2261      0.76541             0      -1.2261
_SET1_   5828          8   77892494   77913280     51      12  500199      -0.0645      0.37153   -4.1633e-17      -0.0645
_SET1_   11075         8   80523049   80578410    180      26  500199      -0.6117      0.53941             0      -0.6117
_SET1_   11059         8   87354965   87480181    361      21  500199       1.2532     0.031431             0       1.2532
_SET1_   8895          8   87526656   87573726    155      23  500199       1.1658     0.047055             0       1.1658
_SET1_   54714         8   87586163   87755903    511      42  500199      0.19666      0.18443   -2.7756e-17      0.19666
_SET1_   4683          8   90945564   90996952    135      12  500199       1.4823     0.026362             0       1.4823
_SET1_   64168         8   91803921   91971630    376      17  500199      0.90562     0.064104             0      0.90562
_SET1_   51633         8   92082424   92099323     28       6  500199       1.0616     0.072201             0       1.0616
_SET1_   862           8   92967195   93115454    194      10  500199      0.51365      0.16893             0      0.51365
_SET1_   137392        8   94712480   94741481     48      13  500199       1.5455     0.024459             0       1.5455
_SET1_   91147         8   94767072   94831462     66      17  500199       3.6505   2.0193e-05             0       3.6505
_SET1_   25788         8   95384188   95487343    358      20  500199     0.040556      0.26147   -4.1633e-17     0.040556
_SET1_   79666         8   96145949   96168913     70       8  500199       1.5073     0.035144             0       1.5073
_SET1_   9791          8   97274167   97346774    137      22  500199      0.16977      0.25725   -2.7756e-17      0.16977
_SET1_   85453         8   98285714   98290192     13       6  500199    -0.061096      0.37121   -4.1633e-17    -0.061096
_SET1_   203111        8   99076750   99105838     57      14  500199     -0.70774        0.587             0     -0.70774
_SET1_   79815         8   99202054   99307444    230      37  500199    -0.066123      0.32128   -4.1633e-17    -0.066123
_SET1_   3788          8   99439250   99443025      2       1  500199      0.85887      0.13045             0      0.85887
_SET1_   157567        8  101521980  101572014    128      17  500199     0.011789      0.31007   -4.1633e-17     0.011789
_SET1_   26986         8  101715144  101734969     32       7  500199      0.28662      0.23727   -5.5511e-17      0.28662
_SET1_   7534          8  101930804  101965717     94      12  500199      0.58287      0.15884             0      0.58287
_SET1_   528           8  104033248  104085285    133      17  500199     -0.86894      0.65479             0     -0.86894
_SET1_   81034         8  104410866  104427563     59       8  500199       1.0955     0.064691             0       1.0955
_SET1_   23414         8  106330917  106816767   1157      93  500199     -0.21542       0.2083   -2.7756e-17     -0.21542
_SET1_   55074         8  107282406  107764922   1381      67  500199     0.022646     0.096537   -4.1633e-17     0.022646
_SET1_   340419        8  108911544  109095913    488      44  500199       -0.406      0.38831   -5.5511e-17       -0.406
_SET1_   3646          8  109213972  109260959    145      12  500199      0.31728       0.2073   -5.5511e-17      0.31728
_SET1_   55638         8  110586405  110704020    331      24  500199      0.54002      0.14125             0      0.54002
_SET1_   27012         8  110979233  110987963     14       4  500199      -1.1084      0.83281             0      -1.1084
_SET1_   7227          8  116420724  116713299    442      21  500199       2.5111   0.00063612             0       2.5111
_SET1_   5885          8  117858173  117887105     71       8  500199     -0.79916      0.67546             0     -0.79916
_SET1_   441376        8  117950464  117956239     10       3  500199     -0.28309      0.47183   -5.5511e-17     -0.28309
_SET1_   2131          8  118811602  119124058    796      54  500199       2.9198   6.9804e-05             0       2.9198
_SET1_   401474        8  119201694  119634184   1300      91  500199     0.036925      0.11618   -4.1633e-17     0.036925
_SET1_   114569        8  120220610  120257913     64      14  500199     -0.78363      0.64721             0     -0.78363
_SET1_   4856          8  120428552  120436678     49       4  500199       0.4291      0.23432   -5.5511e-17       0.4291
_SET1_   11244         8  124260690  124287781     23      11  500199      0.92003      0.11655             0      0.92003
_SET1_   55039         8  125463048  125465267      6       3  500199      -1.3403       0.8202             0      -1.3403
_SET1_   6713          8  126010720  126034525     93      10  500199     -0.48635      0.52936   -5.5511e-17     -0.48635
_SET1_   9897          8  126036502  126104061    279      11  500199     -0.34426      0.47609   -5.5511e-17     -0.34426
_SET1_   157638        8  127564683  127570717      5       3  500199      -1.0601      0.78223             0      -1.0601
_SET1_   51571         8  130851839  131028897    384      42  500199      0.47694      0.13446   -5.5511e-17      0.47694
_SET1_   50807         8  131064350  131455906   1338      40  500199       1.3549    0.0042547             0       1.3549
_SET1_   23167         8  132916356  133025889    366      26  500199    -0.058474      0.29413   -4.1633e-17    -0.058474
_SET1_   3786          8  133133105  133493004   1313      96  500199       -2.372      0.89243             0       -2.372
_SET1_   6482          8  134467091  134584697    470      82  500199       1.5356     0.017943             0       1.5356
_SET1_   10656         8  136469702  136669068    471      28  500199      0.26812      0.17136   -5.5511e-17      0.26812
_SET1_   51059         8  139142266  139509065   1304     113  500199      0.99041     0.019251             0      0.99041
_SET1_   57210         8  142217273  142310241    336      38  500199     -0.89421      0.60833             0     -0.89421
_SET1_   8629          8  143738874  143751412     53       5  500199      0.43714      0.20716   -5.5511e-17      0.43714
_SET1_   4062          8  144239331  144242053      7       2  500199       1.5175     0.031042             0       1.5175
_SET1_   1936          8  144661867  144679845     82      10  500199     -0.83335      0.68187             0     -0.83335
_SET1_   9831          8  144718183  144735900     54       8  500199     -0.87539      0.68263             0     -0.87539
_SET1_   286077        8  144806103  144822710     40       6  500199      -0.7373      0.65683             0      -0.7373
_SET1_   23513         8  144873090  144897890     61      12  500199     -0.35166      0.47644   -5.5511e-17     -0.35166
_SET1_   340371        8  144915755  144924200      8       3  500199     -0.10492       0.3918   -4.1633e-17     -0.10492
_SET1_   8733          8  145137064  145141119      4       1  500199       1.3684     0.067695             0       1.3684
_SET1_   1537          8  145149960  145152428      2       1  500199       1.1589      0.10121             0       1.1589
_SET1_   727957        8  145202919  145316843     67       6  500199      0.19205      0.29628   -2.7756e-17      0.19205
_SET1_   23246         8  145486056  145515120     34       4  500199      0.86879     0.099323             0      0.86879
_SET1_   83482         8  145554228  145559943      1       1  500199     0.037306       0.3789   -4.1633e-17     0.037306
_SET1_   29894         8  145618446  145634733     16       2  500199       0.2406      0.27959   -2.7756e-17       0.2406
_SET1_   90990         8  145691432  145699499      6       3  500199       1.7632     0.016009             0       1.7632
_SET1_   80728         8  145754563  145838891    149       9  500199    -0.050554      0.40332   -4.1633e-17    -0.050554
_SET1_   7553          8  146052855  146072893     59       7  500199     -0.13172      0.39276   -2.7756e-17     -0.13172
_SET1_   28991         8  146075551  146078932      6       2  500199    -0.078316      0.38947   -4.1633e-17    -0.078316
_SET1_   6595          9    2015342    2193624    667      82  500199       1.3082     0.024179             0       1.3082
_SET1_   7436          9    2621679    2654485    115      25  500199       1.0273     0.063468             0       1.0273
_SET1_   6505          9    4490427    4587469    337      42  500199        1.039     0.049388             0        1.039
_SET1_   57589         9    5629031    5776557    436      27  500199      -1.1144      0.67434             0      -1.1144
_SET1_   79956         9    5784572    5833081    121      12  500199   -0.0028624      0.32517     -4.12e-17   -0.0028624
_SET1_   158358        9    5919008    6008479    239      23  500199     -0.69111       0.5764             0     -0.69111
_SET1_   26953         9    6011019    6015640      8       4  500199     -0.89926      0.71247             0     -0.89926
_SET1_   115426        9    6413151    6507054    265      16  500199       1.8094     0.010587             0       1.8094
_SET1_   7306          9   12693385   12710285     52      11  500199    -0.011286      0.34461   -4.1633e-17    -0.011286
_SET1_   8777          9   13105700   13279660    297      32  500199    -0.071959      0.31256   -4.1633e-17    -0.071959
_SET1_   4781          9   14081842   14398982    775     119  500199      0.65928      0.10048             0      0.65928
_SET1_   340481        9   14611069   14693480    341      32  500199       3.7677   6.1141e-06             0       3.7677
_SET1_   158219        9   15170842   15307358    513      54  500199     -0.66698      0.49938             0     -0.66698
_SET1_   6456          9   17578953   17797122   1107      55  500199     -0.18334      0.17799   -2.7756e-17     -0.18334
_SET1_   10670         9   19049372   19051023      2       1  500199       -1.894      0.95186             0       -1.894
_SET1_   55667         9   19230763   19374137    446      26  500199    -0.093637      0.28561   -4.1633e-17    -0.093637
_SET1_   4300          9   20341663   20622514    503      55  500199      -1.4452      0.77907             0      -1.4452
_SET1_   54914         9   20658309   20995954    968      46  500199      -2.1025      0.85653             0      -2.1025
_SET1_   158038        9   27948084   29212998   4983     183  500199      0.33968     0.015886   -5.5511e-17      0.33968
_SET1_   65083         9   33461351   33473941     30       9  500199     -0.37307      0.47631   -5.5511e-17     -0.37307
_SET1_   5646          9   33750464   33799229    139      21  500199      0.13744      0.26269   -2.7756e-17      0.13744
_SET1_   55833         9   33921691   34048947    379      18  500199     -0.75139      0.55416             0     -0.75139
_SET1_   51271         9   34179003   34252521    165      16  500199      -1.1687      0.74176             0      -1.1687
_SET1_   318           9   34329504   34343711     34       8  500199     -0.43928      0.50227   -5.5511e-17     -0.43928
_SET1_   23349         9   34957484   34982541     53      14  500199     0.038469      0.30829   -4.1633e-17     0.038469
_SET1_   30968         9   35099888   35103184      5       2  500199     -0.79962      0.68681             0     -0.79962
_SET1_   80256         9   35104118   35116338     22       8  500199     -0.53059      0.53618             0     -0.53059
_SET1_   10497         9   35161976   35405334    395      29  500199      -0.2379        0.355   -2.7756e-17      -0.2379
_SET1_   7016          9   35605281   35610038      6       3  500199      0.56353      0.17407             0      0.56353
_SET1_   9827          9   35749277   35753264      6       3  500199      0.74354      0.12379             0      0.74354
_SET1_   26267         9   37510889   37576250    227      30  500199      0.42338      0.17568   -5.5511e-17      0.42338
_SET1_   51010         9   37779711   37785089     17       6  500199      -1.8152      0.91998             0      -1.8152
_SET1_   92014         9   37877572   37904350     46      12  500199      -2.8286      0.99249             0      -2.8286
_SET1_   347252        9   38406525   38424444     82      15  500199      -1.6158      0.87366             0      -1.6158
_SET1_   728577        9   43684885   43922476      4       2  500199      0.53844      0.31593             0      0.53844
_SET1_   116224        9   71394964   71398609      8       3  500199     -0.10939      0.43565   -4.1633e-17     -0.10939
_SET1_   9414          9   71714875   71870124    585      44  500199       1.3486     0.016987             0       1.3486
_SET1_   320           9   72042448   72287275    629      34  500199    -0.049911      0.22892   -4.1633e-17    -0.049911
_SET1_   9615          9   74729511   74867140    412      33  500199     -0.41117      0.40946   -5.5511e-17     -0.41117
_SET1_   26578         9   77703398   77762114    237      33  500199     -0.45708      0.47649   -5.5511e-17     -0.45708
_SET1_   55312         9   79000433   79009444     35       9  500199     -0.52687      0.53765             0     -0.52687
_SET1_   158471        9   79226292   79521136    994      82  500199     -0.87105      0.47238             0     -0.87105
_SET1_   414328        9   86237964   86259045     59      11  500199     -0.12884      0.37504   -2.7756e-17     -0.12884
_SET1_   29979         9   86274878   86323168    131      13  500199     -0.40435      0.46648   -5.5511e-17     -0.40435
_SET1_   3190          9   86582998   86595692     21       6  500199     -0.59739      0.57414             0     -0.59739
_SET1_   4915          9   87283417   87641985   1036      74  500199       2.3379   0.00046245             0       2.3379
_SET1_   23287         9   88161454   88356944    640      20  500199     -0.55745      0.44525             0     -0.55745
_SET1_   60560         9   88556009   88638350     98      23  500199       1.5735     0.024084             0       1.5735
_SET1_   81689         9   88879461   88897676     32       8  500199      0.89252     0.090606             0      0.89252
_SET1_   10927         9   91002584   91093623    165       5  500199      0.17525       0.3208   -2.7756e-17      0.17525
_SET1_   53358         9   91620686   91793682    547      46  500199      0.95775     0.053074             0      0.95775
_SET1_   10507         9   91975706   92112906    504      43  500199     -0.55196      0.44957             0     -0.55196
_SET1_   54769         9   93372114   93405108    133      24  500199      -0.8866      0.66733             0      -0.8866
_SET1_   10558         9   94793416   94877756    327      22  500199      -2.1428      0.95133             0      -2.1428
_SET1_   3376          9   94972489   95056038    200      18  500199      -2.2069      0.95796             0      -2.2069
_SET1_   64768         9   95375466   95432547    159      18  500199      -1.5573      0.87208             0      -1.5573
_SET1_   23299         9   95473645   95527083    144      14  500199      -2.1506      0.95467             0      -2.1506
_SET1_   101929748     9   95567667   95570649     17       5  500199      -2.5375      0.98492             0      -2.5375
_SET1_   83744         9   95607313   95640320     91      14  500199       -1.512      0.85289             0       -1.512
_SET1_   5253          9   96338909   96441869    479      31  500199       3.2099   4.4558e-05             0       3.2099
_SET1_   22927         9   99212414   99253618     86      11  500199      -0.6516      0.61065             0      -0.6516
_SET1_   7111          9  100263462  100367177    265      38  500199      -1.5818      0.84164             0      -1.5818
_SET1_   54187         9  100818959  100845365     47       7  500199      -1.2554      0.79951             0      -1.2554
_SET1_   7464          9  100883257  100954956    287      44  500199     -0.48617      0.47155   -5.5511e-17     -0.48617
_SET1_   9568          9  101050364  101471479   1666     143  500199      -1.5072      0.62178             0      -1.5072
_SET1_   84302         9  104235442  104249475     42      14  500199       1.3097     0.037937             0       1.3097
_SET1_   116443        9  104331634  104500862    683      29  500199     0.058973      0.18138   -4.1633e-17     0.058973
_SET1_   23446         9  108006906  108200785    464      28  500199     -0.76852      0.59329             0     -0.76852
_SET1_   5887          9  110045517  110094475    166      18  500199      0.30649      0.21322   -5.5511e-17      0.30649
_SET1_   8518          9  111629800  111696608    301      25  500199      -1.0372       0.6824             0      -1.0372
_SET1_   23731         9  111777415  111882225    392      26  500199     -0.43029      0.42947   -5.5511e-17     -0.43029
_SET1_   23732         9  111899581  111929571    132      23  500199      0.35332      0.20263   -5.5511e-17      0.35332
_SET1_   54566         9  111934254  112083021    401      59  500199     -0.21425      0.35191   -2.7756e-17     -0.21425
_SET1_   445815        9  112542577  112934792   1338     124  500199      -1.5679      0.70792             0      -1.5679
_SET1_   158399        9  114287439  114340124    175      28  500199      -2.2133      0.95774             0      -2.2133
_SET1_   22949         9  114312002  114362135    195      36  500199      -1.7664      0.89719             0      -1.7664
_SET1_   7357          9  114659206  114697649    171      28  500199     -0.88678      0.66462             0     -0.88678
_SET1_   58493         9  115448786  115480387     71      11  500199     -0.43622      0.52276   -5.5511e-17     -0.43622
_SET1_   23307         9  115927800  115983641    226      22  500199       -2.569      0.97788             0       -2.569
_SET1_   81932         9  116135698  116139289     28       7  500199      -1.3183      0.82201             0      -1.3183
_SET1_   54107         9  116169515  116173029      7       2  500199     -0.39433      0.56369   -5.5511e-17     -0.39433
_SET1_   203197        9  117373706  117408703    176      16  500199      -1.9986      0.93805             0      -1.9986
_SET1_   1620          9  121928907  122131739    479      50  500199       1.7317    0.0078622             0       1.7317
_SET1_   26190         9  123519254  123555740     53      11  500199      0.83828       0.1129             0      0.83828
_SET1_   26147         9  123617929  123657168     90      15  500199       2.3701    0.0022886             0       2.3701
_SET1_   51552         9  123940415  123964365     62      12  500199      0.85785     0.094124             0      0.85785
_SET1_   2934          9  124030380  124095122    200      26  500199     -0.41783       0.4589   -5.5511e-17     -0.41783
_SET1_   4702          9  124894745  124922098    106      13  500199       -1.471      0.84449             0       -1.471
_SET1_   92400         9  125001834  125027143     72      10  500199      0.19978       0.2561   -2.7756e-17      0.19978
_SET1_   54542         9  125606835  125667562    110      16  500199      0.31909      0.24705   -5.5511e-17      0.31909
_SET1_   23637         9  125703288  125867147    297      19  500199     0.088934      0.29051   -4.1633e-17     0.088934
_SET1_   2844          9  125795916  125801380      4       2  500199     -0.70698      0.73368             0     -0.70698
_SET1_   55342         9  125878338  126030855    179      27  500199      0.39196      0.21109   -5.5511e-17      0.39196
_SET1_   57706         9  126141933  126692423   1431      58  500199       3.6706   3.7231e-07             0       3.6706
_SET1_   9355          9  126773889  126795572     63       8  500199       1.8039     0.012207             0       1.8039
_SET1_   5695          9  127115744  127177752    102      13  500199       2.7691   0.00061854             0       2.7691
_SET1_   2800          9  127640573  127703386    101      10  500199       1.8714    0.0096494             0       1.8714
_SET1_   286205        9  127704887  127905838    351      21  500199       3.3522   3.3309e-05             0       3.3522
_SET1_   10244         9  127962821  127996438     75      12  500199       3.3104   8.3101e-05             0       3.3104
_SET1_   26130         9  128024073  128127290    150      13  500199        2.308    0.0024414             0        2.308
_SET1_   79109         9  128199673  128469513    488      28  500199      0.92902     0.052511             0      0.92902
_SET1_   23099         9  129567285  129600489     35      15  500199     -0.14693      0.40177   -2.7756e-17     -0.14693
_SET1_   9649          9  129677053  129985445    572      21  500199       2.1788    0.0015753             0       2.1788
_SET1_   29988         9  130159417  130170177     23       4  500199       0.6562      0.14427             0       0.6562
_SET1_   7633          9  130186653  130209525     61       5  500199       1.3933     0.036385             0       1.3933
_SET1_   90678         9  130213765  130265780    135      11  500199      0.99762     0.069319             0      0.99762
_SET1_   64855         9  130267618  130341268    231      29  500199        1.956    0.0062556             0        1.956
_SET1_   6812          9  130374486  130454995     95      19  500199     -0.23831      0.42964   -2.7756e-17     -0.23831
_SET1_   80142         9  130882972  130890741      4       2  500199       1.4105     0.047526             0       1.4105
_SET1_   1759          9  130965634  131017528    110      17  500199       1.6469     0.017196             0       1.6469
_SET1_   10999         9  131102839  131123749     38       7  500199      0.52761      0.20334             0      0.52761
_SET1_   6709          9  131314837  131395944     83       5  500199      -1.6484      0.91694             0      -1.6484
_SET1_   10444         9  131492065  131534220     46       8  500199     0.063713      0.32247   -4.1633e-17     0.063713
_SET1_   883           9  131595392  131644354     95      10  500199   -0.0011995      0.36204   -4.1417e-17   -0.0011995
_SET1_   1861          9  132575221  132586441     28       7  500199     -0.30317      0.47326   -5.5511e-17     -0.30317
_SET1_   23048         9  132649458  132805473    557      30  500199     -0.88889      0.59605             0     -0.88889
_SET1_   23413         9  132934857  132999583    220      30  500199       1.6458     0.014969             0       1.6458
_SET1_   445           9  133320094  133376661    140      26  500199       2.4972    0.0013537             0       2.4972
_SET1_   8021          9  134000948  134110057    222      17  500199      -2.0775      0.94848             0      -2.0775
_SET1_   84814         9  134165069  134184649     59       5  500199      0.25158      0.26425   -5.5511e-17      0.25158
_SET1_   84726         9  134305477  134375584    180      16  500199     -0.55344      0.55883             0     -0.55344
_SET1_   2889          9  134452157  134615364    442      30  500199      0.72721      0.08216             0      0.72721
_SET1_   7248          9  135766735  135820094    121      18  500199      0.66773      0.13406             0      0.66773
_SET1_   6837          9  136207751  136215011     16       6  500199      -1.1412      0.76154             0      -1.1412
_SET1_   1757          9  136528682  136605077    258      26  500199     -0.35281      0.39958   -5.5511e-17     -0.35281
_SET1_   7410          9  136627016  136857496    832      62  500199      -1.0887      0.57408             0      -1.0887
_SET1_   10439         9  137967089  138013030    208      35  500199      0.78675     0.096144             0      0.78675
_SET1_   402381        9  138585253  138591374     40       8  500199      0.57797       0.1754             0      0.57797
_SET1_   57582         9  138594031  138684993    319      35  500199      0.46644      0.14621   -5.5511e-17      0.46644
_SET1_   157922        9  138700333  138799060    158      19  500199       1.6048     0.019675             0       1.6048
_SET1_   90120         9  139006427  139010731      7       3  500199     -0.78144      0.64834             0     -0.78144
_SET1_   169714        9  139098179  139137687     98      12  500199      -1.3808      0.83186             0      -1.3808
_SET1_   56623         9  139323067  139334305     46       7  500199      -1.2714      0.80803             0      -1.2714
_SET1_   389813        9  139735733  139741884      3       1  500199     -0.48294      0.58265   -5.5511e-17     -0.48294
_SET1_   10771        10     180405     300577    230      25  500199     -0.44959      0.47162   -5.5511e-17     -0.44959
_SET1_   22884        10    1095423    1178237    259      23  500199      0.81366     0.090041             0      0.81366
_SET1_   10531        10    3179919    3215033    174      20  500199       1.0968     0.052205             0       1.0968
_SET1_   3601         10    5994334    6020150    130      29  500199      -1.9561      0.92989             0      -1.9561
_SET1_   22944        10    7792925    7829990    129      18  500199      0.70068      0.11662             0      0.70068
_SET1_   509          10    7830093    7849764     74      12  500199     -0.48784      0.51883   -5.5511e-17     -0.48784
_SET1_   10659        10   10838851   11378674   1850     137  500199       3.1463   3.1508e-06             0       3.1463
_SET1_   26019        10   11962021   12085169    447      23  500199       -0.689       0.5242             0       -0.689
_SET1_   8872         10   12237961   12292589    141      18  500199     -0.52281      0.50795             0     -0.52281
_SET1_   57118        10   12391583   12871735   1970     176  500199       1.7813   0.00052669             0       1.7813
_SET1_   83643        10   12938625   13141762    969      95  500199     0.080806      0.16717   -4.1633e-17     0.080806
_SET1_   83641        10   14560556   14816896   1067      92  500199      0.31354      0.10135   -5.5511e-17      0.31354
_SET1_   80013        10   15820173   15902519    110      18  500199      -1.0969       0.7634             0      -1.0969
_SET1_   9317         10   16478942   16555744    285      19  500199       1.2566     0.031727             0       1.2566
_SET1_   8027         10   17686124   17758823    328      18  500199      -1.4658      0.82342             0      -1.4658
_SET1_   221074       10   18240768   18332221    406      44  500199     0.014727      0.25541   -4.1633e-17     0.014727
_SET1_   10529        10   21068900   21463116   1015      65  500199       2.0968   0.00095336             0       2.0968
_SET1_   57512        10   25464290   25891158   1763      60  500199      -1.3121       0.3917             0      -1.3121
_SET1_   23590        10   26986353   27035727    162      19  500199       1.3386     0.030607             0       1.3386
_SET1_   22852        10   27284054   27389427    383      22  500199      -1.3913      0.79047             0      -1.3913
_SET1_   91452        10   27484143   27531068    299      13  500199     -0.57491      0.52994             0     -0.57491
_SET1_   1326         10   30722950   30750762     58      10  500199      -2.6448      0.98664             0      -2.6448
_SET1_   80314        10   32556644   32667726    307      20  500199     -0.51055      0.47638             0     -0.51055
_SET1_   8829         10   33466419   33623833    615      57  500199     -0.30039       0.3305   -5.5511e-17     -0.30039
_SET1_   57209        10   38065454   38147012    258      11  500199      0.30879      0.22258   -5.5511e-17      0.30879
_SET1_   219749       10   38238500   38265584     77      12  500199      0.59163      0.15745             0      0.59163
_SET1_   7582         10   43084532   43134016    112      13  500199       0.3353      0.22557   -5.5511e-17       0.3353
_SET1_   93550        10   46111039   46168251    178      11  500199      0.83109       0.1161             0      0.83109
_SET1_   644168       10   50574161   50604062     72      11  500199     -0.10648      0.40617   -4.1633e-17     -0.10648
_SET1_   55753        10   50942687   50970425     85      12  500199     -0.93739      0.67939             0     -0.93739
_SET1_   100287932    10   51592080   51623386      2       1  500199      0.43193      0.29424   -5.5511e-17      0.43193
_SET1_   23283        10   53455246   53459355     11       3  500199     -0.82094      0.70282             0     -0.82094
_SET1_   8030         10   61548505   61666414    410      24  500199     -0.44058      0.40851   -5.5511e-17     -0.44058
_SET1_   84159        10   63661013   63856707    524      60  500199     -0.67113      0.50647             0     -0.67113
_SET1_   22891        10   64133916   64431771    999      79  500199      0.51814      0.07001             0      0.51814
_SET1_   1959         10   64571756   64578927     14       5  500199      0.84279      0.14213             0      0.84279
_SET1_   221037       10   64926983   65225880    702      30  500199       0.3269      0.12391   -5.5511e-17       0.3269
_SET1_   347731       10   68685792   68861309    469      38  500199      0.23557      0.17101   -2.7756e-17      0.23557
_SET1_   56521        10   69556427   69597937     69      12  500199       2.6534    0.0010746             0       2.6534
_SET1_   220202       10   69990352   69991870      3       2  500199     -0.91895      0.71525             0     -0.91895
_SET1_   55680        10   70100864   70167051    145      11  500199       1.0924     0.073359             0       1.0924
_SET1_   6832         10   70939993   70968854     75      11  500199     0.054871      0.31545   -4.1633e-17     0.054871
_SET1_   6865         10   71163958   71176674     42       7  500199      0.10862      0.29072   -4.1633e-17      0.10862
_SET1_   219738       10   71390003   71393355     21       5  500199      -2.2533      0.96685             0      -2.2533
_SET1_   219699       10   72972292   73062635    295      35  500199      0.18935      0.22802   -2.7756e-17      0.18935
_SET1_   9806         10   73818792   73848790     91      10  500199     -0.55309      0.52809             0     -0.55309
_SET1_   10367        10   74127084   74385949    424      11  500199      -1.0469      0.65524             0      -1.0469
_SET1_   90550        10   74451889   74647452    199      17  500199      -1.2123      0.75807             0      -1.2123
_SET1_   23234        10   75002582   75007025     10       2  500199      -1.7372      0.94674             0      -1.7372
_SET1_   310          10   75135189   75173841     62       3  500199      -1.4451      0.90828             0      -1.4451
_SET1_   118490       10   75183337   75193319      6       2  500199      0.43852      0.27411   -5.5511e-17      0.43852
_SET1_   170384       10   75531830   75535977      6       2  500199      -1.5646      0.90262             0      -1.5646
_SET1_   23053        10   75545334   75561556      7       3  500199      -1.1558      0.78488             0      -1.1558
_SET1_   818          10   75572259   75634349     89      11  500199      -2.0834      0.95126             0      -2.0834
_SET1_   7417         10   76969912   76991206     47      11  500199       1.5584     0.025232             0       1.5584
_SET1_   3778         10   78629359   79397577   2265     159  500199     -0.95378      0.22934             0     -0.95378
_SET1_   9231         10   79550549   79686348    410      22  500199      -1.2799      0.73151             0      -1.2799
_SET1_   80195        10   81838402   81852307     50      10  500199      0.62762      0.14277             0      0.62762
_SET1_   27069        10   85899185   85913311     44      10  500199      0.07225       0.3068   -4.1633e-17      0.07225
_SET1_   92211        10   85954391   85979377     88      15  500199      -1.7946      0.90481             0      -1.7946
_SET1_   54462        10   86088342   86278276    591      23  500199     -0.55625      0.42662             0     -0.55625
_SET1_   6623         10   88717504   88723017     23       6  500199     -0.86167      0.67881             0     -0.86167
_SET1_   9060         10   89419476   89507462    289      31  500199     -0.73347      0.54616             0     -0.73347
_SET1_   143279       10   93169037   93274586    151      10  500199       1.2032     0.076032             0       1.2032
_SET1_   22849        10   93806452   94050875    357      21  500199        1.163     0.037003             0        1.163
_SET1_   3416         10   94211441   94333852    307      29  500199       2.2132    0.0030229             0       2.2132
_SET1_   338557       10   95326422   95349829     85      16  500199       1.3971     0.034635             0       1.3971
_SET1_   5950         10   95351593   95361101     43       5  500199     -0.96399       0.7397             0     -0.96399
_SET1_   9211         10   95517566   95557916    132      21  500199     -0.22473      0.40347   -2.7756e-17     -0.22473
_SET1_   159371       10   95653730   95663581     17       3  500199      -2.0278      0.94879             0      -2.0278
_SET1_   26123        10   97423153   97453900     71      15  500199      0.14895      0.27356   -2.7756e-17      0.14895
_SET1_   7093         10   98124363   98273683    463      44  500199      -1.8386      0.87432             0      -1.8386
_SET1_   6585         10   98757795   98945683    542      62  500199     -0.25646      0.33768   -5.5511e-17     -0.25646
_SET1_   5223         10   99186027   99193198     10       5  500199       1.3318      0.04283             0       1.3318
_SET1_   64210        10   99218081   99258521     83      16  500199       1.1513     0.052542             0       1.1513
_SET1_   118812       10   99374310   99393913     42       7  500199     -0.63191      0.61249             0     -0.63191
_SET1_   55361        10   99400443   99436187     77       8  500199      -1.2706      0.80532             0      -1.2706
_SET1_   60370        10   99437181   99447015     34       7  500199      -1.3152      0.81579             0      -1.3152
_SET1_   401647       10   99609995   99631335     39       7  500199      -0.6303      0.63802             0      -0.6303
_SET1_   2805         10  101156627  101190530     60      13  500199    -0.072022      0.37503   -4.1633e-17    -0.072022
_SET1_   23268        10  101635334  101769676    451      24  500199       1.7739     0.007108             0       1.7739
_SET1_   25956        10  102246397  102279711     54       5  500199     -0.25273      0.46951   -5.5511e-17     -0.25273
_SET1_   55662        10  102295641  102313681     49       5  500199     -0.27721      0.48392   -5.5511e-17     -0.27721
_SET1_   81855        10  102790996  102800998     18       9  500199      0.28327      0.23681   -5.5511e-17      0.28327
_SET1_   10724        10  103544200  103578930     48      11  500199       2.2367    0.0042071             0       2.2367
_SET1_   79591        10  103605356  103815932    303      29  500199       1.5338     0.019205             0       1.5338
_SET1_   79803        10  103825124  103827795      3       2  500199     -0.50612      0.58013             0     -0.50612
_SET1_   5662         10  104162374  104179691     24       9  500199       1.6279     0.019587             0       1.6279
_SET1_   79004        10  104183002  104192423     13       4  500199      0.80952      0.11411             0      0.80952
_SET1_   10121        10  104238986  104262580     75       5  500199        1.247     0.051191             0        1.247
_SET1_   81603        10  104403326  104418076     21       7  500199       1.3087     0.041463             0       1.3087
_SET1_   403          10  104433484  104474190     70      13  500199      0.79125      0.10577             0      0.79125
_SET1_   9118         10  105036919  105050108     37       9  500199       2.7267   0.00085428             0       2.7267
_SET1_   255022       10  105213144  105218648     14       6  500199        3.349   8.2346e-05             0        3.349
_SET1_   9148         10  105253735  105352309    276      30  500199     -0.11372       0.3209   -4.1633e-17     -0.11372
_SET1_   9644         10  105353784  105615195    710      70  500199      0.20505      0.16524   -2.7756e-17      0.20505
_SET1_   22986        10  106400859  107024993   1909      56  500199       6.0612   3.5067e-15             0       6.0612
_SET1_   114815       10  108333421  108924466   1737     113  500199     -0.56544      0.20799             0     -0.56544
_SET1_   4601         10  111967288  112047123    225      23  500199      0.80135      0.10013             0      0.80135
_SET1_   10285        10  112052798  112064707     26       7  500199      0.52201      0.17603             0      0.52201
_SET1_   150          10  112836790  112840665      7       3  500199     -0.32432      0.52063   -5.5511e-17     -0.32432
_SET1_   51703        10  114133916  114188138    109      14  500199      0.70481      0.11577             0      0.70481
_SET1_   143187       10  114206756  114578503    827      87  500199      0.21234      0.16311   -2.7756e-17      0.21234
_SET1_   9937         10  115594483  115614163     18       7  500199      -1.4972      0.87233             0      -1.4972
_SET1_   84632        10  116041248  116164515    348      53  500199     -0.30639      0.40494   -5.5511e-17     -0.30639
_SET1_   142940       10  116697952  116737439    103      16  500199       1.0193     0.069985             0       1.0193
_SET1_   26033        10  116853124  117708496   1942      41  500199      0.54687    0.0092293             0      0.54687
_SET1_   2674         10  117816436  118033126    674      65  500199      0.99196      0.03799             0      0.99196
_SET1_   2018         10  119301956  119309057     19       6  500199       2.2544    0.0042426             0       2.2544
_SET1_   2834         10  120352916  120355160     11       5  500199     -0.48348       0.5687   -5.5511e-17     -0.48348
_SET1_   143384       10  120433679  120514758    234      25  500199     -0.86153      0.64006             0     -0.86153
_SET1_   6001         10  121259339  121302222    134      21  500199      0.14167      0.27871   -2.7756e-17      0.14167
_SET1_   7073         10  121332977  121356541     32       8  500199     -0.21092      0.43485   -2.7756e-17     -0.21092
_SET1_   55717        10  122610687  122669038    215      11  500199    -0.078927      0.33231   -4.1633e-17    -0.078927
_SET1_   59338        10  124134094  124191871    153      18  500199      -1.9038      0.91977             0      -1.9038
_SET1_   2849         10  125425871  125456915     94      21  500199       2.5055     0.001407             0       2.5055
_SET1_   4942         10  126085872  126107545     73      10  500199      -1.1329      0.76285             0      -1.1329
_SET1_   23172        10  126490354  126525239     59      11  500199     -0.13918      0.40457   -2.7756e-17     -0.13918
_SET1_   54764        10  126605704  126676005    131      13  500199     -0.32656      0.46268   -5.5511e-17     -0.32656
_SET1_   1488         10  126676418  126849624    722      73  500199      0.39386      0.12379   -5.5511e-17      0.39386
_SET1_   55760        10  127524909  127569884     67      14  500199        1.129      0.05628             0        1.129
_SET1_   5791         10  129705325  129884180    737     102  500199     -0.63797      0.48647             0     -0.63797
_SET1_   256536       10  132890655  133109984   1167     128  500199      -1.5849      0.75603             0      -1.5849
_SET1_   55844        10  133747957  133770054     54       7  500199       0.6704      0.13772             0       0.6704
_SET1_   10570        10  133998564  134019280     53       8  500199       2.7183   0.00079561             0       2.7183
_SET1_   170394       10  134210702  134231363     75      16  500199     -0.68772      0.60348             0     -0.68772
_SET1_   3632         10  134351283  134596984    740      33  500199       1.1295      0.02661             0       1.1295
_SET1_   84435        10  134884433  134945179    105      14  500199       2.8724   0.00036769             0       2.8724
_SET1_   85442        10  134973971  135039916    216      19  500199       1.1089     0.046671             0       1.1089
_SET1_   92170        10  135207621  135234174     95      12  500199     -0.22497      0.43056   -2.7756e-17     -0.22497
_SET1_   51272        11     202924     207422     21       6  500199      -1.5985      0.88304             0      -1.5985
_SET1_   338707       11     369795     382117     18       3  500199       1.5155     0.028678             0       1.5155
_SET1_   347862       11     767222     777501     30       5  500199     -0.94133      0.69981             0     -0.94133
_SET1_   51286        11     787110     790126      5       2  500199     -0.86718       0.6939             0     -0.86718
_SET1_   161          11     925809    1012245    282       9  500199      -1.3576      0.78808             0      -1.3576
_SET1_   54472        11    1295598    1330892    112      21  500199     -0.32915      0.45363   -5.5511e-17     -0.32915
_SET1_   9024         11    1411129    1483919    330      29  500199     -0.34568      0.39488   -5.5511e-17     -0.34568
_SET1_   81532        11    1490685    1507948     47       7  500199     -0.37365      0.48839   -5.5511e-17     -0.37365
_SET1_   1509         11    1773982    1785222     34       6  500199     -0.96219      0.73973             0     -0.96219
_SET1_   975          11    2397391    2418649     23       2  500199      -1.6383      0.92034             0      -1.6383
_SET1_   10078        11    2421723    2425108      5       2  500199     -0.74154      0.76697             0     -0.74154
_SET1_   833          11    3022152    3078681    179      18  500199      0.98869      0.06472             0      0.98869
_SET1_   4928         11    3696240    3819022    372      24  500199     -0.41344      0.42415   -5.5511e-17     -0.41344
_SET1_   27315        11    3818954    3847601     87       8  500199     0.042594      0.33488   -4.1633e-17     0.042594
_SET1_   6240         11    4115791    4160116    123      13  500199     -0.97526      0.69315             0     -0.97526
_SET1_   887          11    6280841    6293363     67      11  500199      0.34107      0.22287   -5.5511e-17      0.34107
_SET1_   6609         11    6411644    6416228      8       2  500199     -0.70124      0.67555             0     -0.70124
_SET1_   7275         11    8040742    8127654    298      45  500199      -1.5383      0.83548             0      -1.5383
_SET1_   56675        11    9002123    9025596     64       9  500199       1.2325     0.045882             0       1.2325
_SET1_   10527        11    9406169    9469674    123      13  500199      -1.4088      0.82185             0      -1.4088
_SET1_   55031        11   11862970   11980872    235      26  500199       1.1258     0.047861             0       1.1258
_SET1_   27122        11   11984543   12031373    184      49  500199      0.12701      0.26769   -2.7756e-17      0.12701
_SET1_   9645         11   12132138   12285335    618      66  500199      -1.9145      0.88077             0      -1.9145
_SET1_   84280        11   13409555   13484838    195      16  500199     -0.21463      0.39268   -2.7756e-17     -0.21463
_SET1_   1315         11   14479049   14521441     73       9  500199      0.85336     0.096639             0      0.85336
_SET1_   10944        11   16760148   16779901     40       8  500199     0.084246      0.30548   -4.1633e-17     0.084246
_SET1_   4925         11   17281884   17371510    182      22  500199     -0.72205      0.57493             0     -0.72205
_SET1_   374383       11   17373279   17398868     65      12  500199     -0.83189      0.64695             0     -0.83189
_SET1_   6833         11   17414432   17498449    293      28  500199     -0.56511      0.48358             0     -0.56511
_SET1_   3746         11   17757495   17804602    144      24  500199       0.1671      0.26283   -2.7756e-17       0.1671
_SET1_   11234        11   18300217   18343751    121      15  500199     -0.44603      0.48973   -5.5511e-17     -0.44603
_SET1_   144110       11   18720351   18726332     16       7  500199      -1.3163      0.81239             0      -1.3163
_SET1_   57084        11   22359667   22401049    119      28  500199     -0.80619      0.62331             0     -0.80619
_SET1_   338645       11   24518516   25104186   2869     108  500199      0.54986    0.0057344             0      0.54986
_SET1_   63982        11   26210458   26684836   2523      71  500199      -3.2919      0.88454             0      -3.2919
_SET1_   91057        11   27360061   27384795     56      14  500199     -0.22714      0.41191   -2.7756e-17     -0.22714
_SET1_   55366        11   27387508   27494338    213      32  500199      0.54726      0.14288             0      0.54726
_SET1_   3739         11   30031288   30038577     10       4  500199     -0.51466      0.55767             0     -0.51466
_SET1_   120534       11   30344649   30359165     42       9  500199       2.3532    0.0025918             0       2.3532
_SET1_   25758        11   33563877   33695648    332      32  500199      0.44312      0.14838   -5.5511e-17      0.44312
_SET1_   966          11   33724556   33758025    113      21  500199     -0.59562      0.54719             0     -0.59562
_SET1_   4076         11   34073230   34124157    135       6  500199      0.84824      0.13377             0      0.84824
_SET1_   55226        11   34127111   34172581     99       7  500199      0.82763      0.13635             0      0.82763
_SET1_   8050         11   34937677   35017675    378      18  500199     -0.71081       0.5403             0     -0.71081
_SET1_   54765        11   35684353   35830930    185      31  500199      0.84819     0.091749             0      0.84819
_SET1_   29099        11   36293842   36310999     82       9  500199     -0.94131      0.69661             0     -0.94131
_SET1_   57689        11   40135524   41481186   3900     188  500199      -1.7584      0.46737             0      -1.7584
_SET1_   55761        11   43380435   43516483    304      30  500199      -1.7721      0.89245             0      -1.7721
_SET1_   2132         11   44117099   44266980    304      24  500199     -0.25865      0.37658   -5.5511e-17     -0.25865
_SET1_   57586        11   45261853   45307884    141      18  500199       1.0802     0.057358             0       1.0802
_SET1_   8534         11   45669239   45687206     49       7  500199       1.0569     0.069305             0       1.0569
_SET1_   8525         11   46354455   46402104     57      13  500199      0.78003       0.1223             0      0.78003
_SET1_   1132         11   46405335   46413122      5       3  500199      0.97816      0.11254             0      0.97816
_SET1_   4038         11   46878268   46940173    114      14  500199       2.2859    0.0036082             0       2.2859
_SET1_   84364        11   47185849   47199054     23       7  500199       2.2058    0.0042312             0       2.2058
_SET1_   8567         11   47290927   47351582    135      15  500199       1.9329    0.0083372             0       1.9329
_SET1_   10658        11   47487489   47574792    107      22  500199       3.0233   0.00025314             0       3.0233
_SET1_   55709        11   47593749   47600567      8       5  500199       2.6178    0.0016857             0       2.6178
_SET1_   4722         11   47600562   47606115      5       2  500199       3.3942   8.3125e-05             0       3.3942
_SET1_   114900       11   47611216   47615961      5       3  500199       3.2783    0.0001597             0       3.2783
_SET1_   85456        11   57067103   57092485     64      11  500199       1.9315     0.010131             0       1.9315
_SET1_   349667       11   57227926   57244384     21       9  500199     0.099249      0.30928   -4.1633e-17     0.099249
_SET1_   25921        11   57435223   57468659     54      11  500199       3.9289   5.7589e-06             0       3.9289
_SET1_   219541       11   57471182   57479804     10       5  500199       3.6665   2.1519e-05             0       3.6665
_SET1_   27339        11   60658019   60674061     29       6  500199       0.6291      0.14685             0       0.6291
_SET1_   1642         11   61066919   61100691     24      10  500199      -1.2693      0.84056             0      -1.2693
_SET1_   54949        11   61197514   61214239     28       4  500199        1.188     0.073666             0        1.188
_SET1_   9066         11   61281188   61348523    102      13  500199      0.65657      0.17735             0      0.65657
_SET1_   747          11   61447905   61514474    128      18  500199       2.4889     0.001414             0       2.4889
_SET1_   2237         11   61560109   61564716      3       2  500199       2.0236    0.0081448             0       2.0236
_SET1_   2495         11   61731757   61735132      5       3  500199     -0.33575      0.51505   -5.5511e-17     -0.33575
_SET1_   9219         11   62360675   62369312     12       3  500199       2.4871    0.0021176             0       2.4871
_SET1_   80789        11   62414320   62420774      4       2  500199       2.8443    0.0007254             0       2.8443
_SET1_   26580        11   62457734   62477091     39       7  500199      0.59047      0.17254             0      0.59047
_SET1_   2785         11   62475066   62476678      2       1  500199      0.97737      0.18993             0      0.97737
_SET1_   221092       11   62480097   62494857     21       5  500199      0.38593      0.23861   -5.5511e-17      0.38593
_SET1_   79064        11   62557787   62559486      3       2  500199     -0.28716      0.58478   -5.5511e-17     -0.28716
_SET1_   6520         11   62623484   62656355     32       9  500199     -0.53588      0.57295             0     -0.53588
_SET1_   1128         11   62676151   62689012     31      10  500199       0.8944      0.10853             0       0.8944
_SET1_   10313        11   63448922   63527363     90      11  500199     0.093968        0.323   -4.1633e-17     0.093968
_SET1_   283248       11   63678693   63684407      5       1  500199       1.4514     0.038577             0       1.4514
_SET1_   79829        11   63706442   63724799     37       6  500199       2.4102    0.0023514             0       2.4102
_SET1_   55611        11   63753325   63765892     17       4  500199       2.2077    0.0045453             0       2.2077
_SET1_   50801        11   64058774   64067503      7       2  500199       1.9868     0.012913             0       1.9868
_SET1_   25824        11   64085347   64089295      4       2  500199       2.8313   0.00078784             0       2.8313
_SET1_   5837         11   64513861   64528187     27       3  500199     -0.30083      0.54803   -5.5511e-17     -0.30083
_SET1_   5871         11   64556609   64570720     11       4  500199      -1.2039      0.82882             0      -1.2039
_SET1_   23130        11   64662004   64684722     41       5  500199     -0.99035      0.76939             0     -0.99035
_SET1_   5526         11   64692143   64701950     21       6  500199     -0.43177      0.53544   -5.5511e-17     -0.43177
_SET1_   113130       11   64833772   64851635     41      12  500199     -0.30127      0.45783   -5.5511e-17     -0.30127
_SET1_   5977         11   65101225   65120451     24       8  500199      0.98684     0.090732             0      0.98684
_SET1_   4054         11   65306030   65325858     20       6  500199       3.8465   1.2251e-05             0       3.8465
_SET1_   4296         11   65365226   65381720     31       8  500199       2.5332    0.0015081             0       2.5332
_SET1_   10992        11   65819264   65836382     31       6  500199     -0.33477       0.4629   -5.5511e-17     -0.33477
_SET1_   81876        11   66036056   66044963     20       7  500199      0.86698     0.096402             0      0.86698
_SET1_   254263       11   66045672   66051685      5       2  500199       2.0744    0.0081973             0       2.0744
_SET1_   9610         11   66099535   66104000     14       5  500199       1.4645     0.034079             0       1.4645
_SET1_   11041        11   66112843   66115161      1       1  500199     -0.01385       0.4051   -4.1633e-17     -0.01385
_SET1_   91683        11   66790190   66818334     31      12  500199       -1.339      0.84178             0       -1.339
_SET1_   156          11   67033905   67054029     21       6  500199      -1.2937      0.87708             0      -1.2937
_SET1_   5883         11   67159423   67165883     14       5  500199      -1.3333      0.86094             0      -1.3333
_SET1_   80194        11   67231819   67236748      5       3  500199      0.19787       0.3021   -2.7756e-17      0.19787
_SET1_   9600         11   67259231   67272843     12       7  500199    -0.064078      0.36909   -4.1633e-17    -0.064078
_SET1_   8500         11   70116806   70230607    256       9  500199      -1.3267      0.80935             0      -1.3267
_SET1_   22941        11   70313961   70935808   1884     144  500199       1.7085    0.0010073             0       1.7085
_SET1_   81570        11   72003469   72145724    263      16  500199       2.1255    0.0060133             0       2.1255
_SET1_   5138         11   72287184   72385497    289      29  500199      0.75838     0.087816             0      0.75838
_SET1_   9873         11   72547788   72853727    441      27  500199      -0.2527      0.36551   -5.5511e-17      -0.2527
_SET1_   84957        11   73087405   73108519     41       7  500199        1.071     0.078373             0        1.071
_SET1_   23201        11   73111837   73309234    375      22  500199      0.83006     0.087354             0      0.83006
_SET1_   51400        11   73881936   73965748    183      14  500199       0.3696      0.24161   -5.5511e-17       0.3696
_SET1_   283209       11   74041361   74109502    190      16  500199       0.2643      0.21573   -5.5511e-17       0.2643
_SET1_   10825        11   74699950   74718743     29      10  500199      0.15613      0.28048   -2.7756e-17      0.15613
_SET1_   100507050    11   74951950   74954749      4       1  500199     -0.81216      0.80175             0     -0.81216
_SET1_   6188         11   75110535   75133346     39      10  500199     0.046525      0.31759   -4.1633e-17     0.046525
_SET1_   4135         11   75297959   75379479    159      18  500199     0.025975      0.31053   -4.1633e-17     0.025975
_SET1_   56946        11   76155967   76263943    213      25  500199     -0.39715      0.45251   -5.5511e-17     -0.39715
_SET1_   282679       11   77300680   77321401     45       6  500199      0.16789      0.30886   -2.7756e-17      0.16789
_SET1_   1207         11   77327196   77348851     45       8  500199     0.077527      0.33204   -4.1633e-17     0.077527
_SET1_   57558        11   77899858   77925757     48       8  500199      -1.3362      0.82561             0      -1.3362
_SET1_   26011        11   78364328   79152014   2411     215  500199      -1.9743      0.54446             0      -1.9743
_SET1_   1740         11   83166055   85338314   6535     192  500199     -0.95899      0.20703             0     -0.95899
_SET1_   54843        11   85405264   85522197    301      21  500199      -2.2295      0.95319             0      -2.2295
_SET1_   10873        11   86152150   86383678    975      56  500199     -0.24496      0.22497   -2.7756e-17     -0.24496
_SET1_   2915         11   88237256   88796846   1812      46  500199       5.0212   1.1838e-11             0       5.0212
_SET1_   85459        11   93394816   93463524    158      14  500199      0.73967      0.13038             0      0.73967
_SET1_   79101        11   93463368   93474703     16       8  500199       1.3037     0.045557             0       1.3037
_SET1_   387804       11   93553735   93583668    101      16  500199      0.56772      0.15295             0      0.56772
_SET1_   24145        11   93862094   93918762    160      21  500199      0.21497      0.23096   -2.7756e-17      0.21497
_SET1_   10888        11   94110477   94134585    115      20  500199     -0.24158      0.40782   -2.7756e-17     -0.24158
_SET1_   57562        11  101785746  101871793    231      23  500199      -3.4995      0.99946             0      -3.4995
_SET1_   10413        11  101981151  102104154    302      18  500199     -0.67821      0.53172             0     -0.67821
_SET1_   79659        11  102980160  103350591   1778      31  500199     -0.33119     0.090132   -5.5511e-17     -0.33119
_SET1_   80310        11  103777914  104035027    918      68  500199        0.348     0.095488   -5.5511e-17        0.348
_SET1_   2893         11  105480800  105852819    843      42  500199     -0.54961      0.34241             0     -0.54961
_SET1_   60496        11  105948292  105969419     32       8  500199       1.0581     0.076812             0       1.0581
_SET1_   2977         11  106544738  106889171   1086      59  500199       -2.354      0.90137             0       -2.354
_SET1_   4863         11  108028117  108093365    112      16  500199    0.0034533      0.31826     -4.12e-17    0.0034533
_SET1_   399947       11  109292570  109299893      7       4  500199      0.24431      0.26813   -2.7756e-17      0.24431
_SET1_   23235        11  111473170  111597635    279      14  500199     -0.46285      0.48368   -5.5511e-17     -0.46285
_SET1_   85458        11  111797868  111893374    156      17  500199      -2.3016       0.9718             0      -2.3016
_SET1_   9177         11  113775518  113817283    137      21  500199      0.77333      0.11616             0      0.77333
_SET1_   7704         11  113930289  114126702    647      81  500199      -1.0691      0.64514             0      -1.0691
_SET1_   84811        11  116618886  116643714    100      19  500199      0.16137      0.26897   -2.7756e-17      0.16137
_SET1_   8882         11  116649276  116658739     24       9  500199      -0.8539      0.68595             0      -0.8539
_SET1_   23387        11  116714118  116969131    930      28  500199      0.14306      0.13855   -2.7756e-17      0.14306
_SET1_   5049         11  117015000  117048889    109      16  500199      0.30464      0.23615   -5.5511e-17      0.30464
_SET1_   23621        11  117156402  117186972     75      20  500199     -0.97615      0.69646             0     -0.97615
_SET1_   53826        11  117707691  117748201    137      22  500199      -1.3324      0.79592             0      -1.3324
_SET1_   6330         11  118004092  118023630     49       8  500199      -0.3857      0.46945   -5.5511e-17      -0.3857
_SET1_   6327         11  118033519  118047337     41      11  500199       1.4418     0.032441             0       1.4418
_SET1_   4297         11  118307205  118397539     93      12  500199       3.8086   1.9082e-05             0       3.8086
_SET1_   84866        11  118401803  118417313     49       4  500199      0.25244      0.30686   -5.5511e-17      0.25244
_SET1_   372          11  118443078  118473748     60       5  500199      0.97135      0.10281             0      0.97135
_SET1_   23187        11  118477213  118528748     93      16  500199       2.0345    0.0059946             0       2.0345
_SET1_   9854         11  118977771  118988304     29       6  500199       1.0158     0.076164             0       1.0158
_SET1_   64137        11  119019750  119033375     25       6  500199       1.7074     0.019685             0       1.7074
_SET1_   867          11  119076986  119178859    143      15  500199       1.6027     0.017693             0       1.6027
_SET1_   79102        11  119205210  119208024      7       3  500199      0.54378       0.1708             0      0.54378
_SET1_   9099         11  119225925  119252436     54      12  500199       1.2434     0.044725             0       1.2434
_SET1_   7007         11  120973375  121062202    286      21  500199     -0.90563      0.62189             0     -0.90563
_SET1_   6309         11  121163388  121184119     29       7  500199      -1.3685      0.83902             0      -1.3685
_SET1_   6653         11  121322912  121504471    398      57  500199      -1.0853      0.68854             0      -1.0853
_SET1_   84959        11  122526398  122685187    544      71  500199      0.99106     0.048853             0      0.99106
_SET1_   57476        11  123325191  123498478    643      96  500199     -0.95638      0.62852             0     -0.95638
_SET1_   64221        11  124735305  124751370     44      15  500199     -0.17873      0.38484   -2.7756e-17     -0.17873
_SET1_   63876        11  125034559  125303285    810      86  500199      0.35102      0.12995   -5.5511e-17      0.35102
_SET1_   9638         11  125315641  125366206    121      19  500199       2.1027    0.0048054             0       2.1027
_SET1_   219844       11  125753509  125770541     45       7  500199       1.0231     0.079881             0       1.0231
_SET1_   6734         11  126132814  126138877     18       6  500199     -0.44725      0.53587   -5.5511e-17     -0.44725
_SET1_   56980        11  129769601  129872730    298      33  500199      0.66688      0.12097             0      0.66688
_SET1_   334          11  129939716  130014706    253      15  500199     -0.44053      0.51837   -5.5511e-17     -0.44053
_SET1_   29068        11  130096572  130184663    242      12  500199      0.71503      0.14103             0      0.71503
_SET1_   11095        11  130274660  130298539     81      20  500199      -0.8579      0.65359             0      -0.8579
_SET1_   50863        11  131240371  132206716   3227     245  500199      0.48749     0.008423   -5.5511e-17      0.48749
_SET1_   23310        11  134022337  134094426    162      24  500199     -0.49983      0.51239   -5.5511e-17     -0.49983
_SET1_   112936       11  134094561  134117686     40      12  500199      0.15757      0.29026   -2.7756e-17      0.15757
_SET1_   440073       12     176049     287626    386      54  500199       1.9967    0.0044073             0       1.9967
_SET1_   654429       12    1929433    1945919     52      16  500199       1.0547     0.064371             0       1.0547
_SET1_   56341        12    3490515    3703139    548      83  500199      -2.7774      0.98576             0      -2.7774
_SET1_   894          12    4382901    4414522     64      18  500199      -2.0331       0.9394             0      -2.0331
_SET1_   57103        12    4430359    4469194    118      17  500199     -0.10223       0.3554   -4.1633e-17     -0.10223
_SET1_   57102        12    4596899    4647674     49       5  500199      -1.0069      0.77576             0      -1.0069
_SET1_   8798         12    4671375    4723041    179      28  500199     -0.56709      0.51289             0     -0.56709
_SET1_   26290        12    4829752    4881892    119      13  500199      0.17735      0.25181   -2.7756e-17      0.17735
_SET1_   3742         12    4918342    4961093    232      28  500199      -1.0139       0.6737             0      -1.0139
_SET1_   3736         12    5019073    5027422     22       7  500199       -2.177      0.95901             0       -2.177
_SET1_   2597         12    6643585    6647537     13       3  500199      -1.5666      0.88875             0      -1.5666
_SET1_   1108         12    6679248    6716551     80       9  500199     -0.79212      0.67209             0     -0.79212
_SET1_   8079         12    6857158    6862721     21       4  500199      0.68151      0.15579             0      0.68151
_SET1_   2784         12    6949375    6956564      2       1  500199     -0.79837      0.67089             0     -0.79837
_SET1_   23710        12   10365435   10375727     26       9  500199      0.63146      0.14934             0      0.63146
_SET1_   55359        12   10771538   10826917    157      10  500199     -0.77754      0.60973             0     -0.77754
_SET1_   54682        12   12482195   12503475     95      12  500199      0.84186      0.09952             0      0.84186
_SET1_   2842         12   12813995   12849121     87      17  500199      -1.1874      0.76518             0      -1.1874
_SET1_   57613        12   13197300   13236383     92       8  500199      -1.6142      0.89183             0      -1.6142
_SET1_   55729        12   14518566   14655864    399      29  500199      -1.4207      0.78594             0      -1.4207
_SET1_   51729        12   14937513   14956420     30       8  500199       1.2722     0.044209             0       1.2722
_SET1_   85004        12   15260716   15374411    310      31  500199     -0.64142      0.51631             0     -0.64142
_SET1_   2059         12   15773075   15942510    204      39  500199      -2.7949      0.99219             0      -2.7949
_SET1_   55885        12   16701306   16761148     78      24  500199       1.0656     0.062051             0       1.0656
_SET1_   79785        12   18233803   18243139     27       7  500199      -1.3605      0.83429             0      -1.3605
_SET1_   54477        12   19282626   19529334    671      36  500199     -0.36155      0.35541   -5.5511e-17     -0.36155
_SET1_   53919        12   20848289   20906320    237      25  500199     -0.11991      0.32283   -4.1633e-17     -0.11991
_SET1_   5965         12   21621844   21654603    124      20  500199    0.0082708      0.31326   -4.1633e-17    0.0082708
_SET1_   10060        12   21950323   22094797    316      33  500199     -0.92519      0.62447             0     -0.92519
_SET1_   55907        12   22199108   22218608     34       7  500199     -0.25408      0.43841   -5.5511e-17     -0.25408
_SET1_   586          12   24962958   25102393    546      46  500199     -0.65351      0.47019             0     -0.65351
_SET1_   4033         12   25205181   25261269    209      29  500199      0.10656      0.25544   -4.1633e-17      0.10656
_SET1_   55259        12   25261223   25348096    315      19  500199      0.26224      0.19734   -5.5511e-17      0.26224
_SET1_   144363       12   25348150   25357949     22       6  500199     -0.38847      0.48439   -5.5511e-17     -0.38847
_SET1_   3845         12   25358180   25403870    164      17  500199      -0.1091      0.34016   -4.1633e-17      -0.1091
_SET1_   8082         12   26348032   26387710    113      17  500199      -1.1692      0.76186             0      -1.1692
_SET1_   26127        12   27091305   27119581     73      15  500199      0.40882      0.20234   -5.5511e-17      0.40882
_SET1_   8496         12   27677045   27848497    569      45  500199     -0.74739      0.49344             0     -0.74739
_SET1_   60488        12   27863706   27909237     98      15  500199       1.3688     0.033624             0       1.3688
_SET1_   57542        12   27933187   27955973     56      14  500199       1.0296     0.068149             0       1.0296
_SET1_   55711        12   29301936   29488549    659      34  500199     0.082023      0.17836   -4.1633e-17     0.082023
_SET1_   65981        12   30862486   30907448    151      18  500199       2.2093    0.0032709             0       2.2093
_SET1_   160518       12   31535157   31743952    797      27  500199      0.81999     0.042113             0      0.81999
_SET1_   55196        12   32112353   32146041    153      22  500199       1.4637     0.024864             0       1.4637
_SET1_   10059        12   32832134   32898584    267       7  500199       1.7496     0.014696             0       1.7496
_SET1_   51067        12   32878195   32908895     91       7  500199        1.728     0.019218             0        1.728
_SET1_   144402       12   39046002   39300395    796      30  500199       2.2746   0.00080194             0       2.2746
_SET1_   55605        12   39687030   39837192    270      19  500199     -0.44027       0.4879   -5.5511e-17     -0.44027
_SET1_   114134       12   40148823   40499847    937      62  500199     -0.25419       0.2443   -5.5511e-17     -0.25419
_SET1_   1272         12   41086244   41466214   1329      59  500199       -0.307      0.16983   -5.5511e-17       -0.307
_SET1_   196527       12   45609770   45834187    571      24  500199      0.30033      0.18033   -5.5511e-17      0.30033
_SET1_   81539        12   46576838   46663208    197      38  500199       -1.073      0.71578             0       -1.073
_SET1_   347902       12   47469490   47473734     10       4  500199   -0.0053047       0.3559   -4.1633e-17   -0.0053047
_SET1_   10411        12   48128453   48164846    129      23  500199      -0.2432      0.40189   -2.7756e-17      -0.2432
_SET1_   29843        12   48436681   48500091    171      17  500199       -1.055      0.71038             0       -1.055
_SET1_   5213         12   48499656   48540187    112      18  500199      -1.0249      0.71278             0      -1.0249
_SET1_   387856       12   48577366   48579709      5       2  500199      0.37419      0.22751   -5.5511e-17      0.37419
_SET1_   784          12   49208215   49222726     22      10  500199      0.19308      0.26016   -2.7756e-17      0.19308
_SET1_   9416         12   49223539   49245957     39       9  500199       1.4241     0.030949             0       1.4241
_SET1_   377          12   49329987   49351309     69       8  500199     0.070303      0.30485   -4.1633e-17     0.070303
_SET1_   7480         12   49359123   49365641     11       4  500199       0.3884       0.2136   -5.5511e-17       0.3884
_SET1_   23109        12   49388933   49393088      6       3  500199     -0.18313      0.41844   -2.7756e-17     -0.18313
_SET1_   10376        12   49521565   49525304      6       1  500199      0.92795      0.11494             0      0.92795
_SET1_   23017        12   50260679   50297760    103      22  500199     -0.29095      0.42578   -5.5511e-17     -0.29095
_SET1_   25840        12   51317780   51326300     16       5  500199     0.010572      0.32665   -4.1633e-17     0.010572
_SET1_   81566        12   51454988   51477454     57      11  500199     -0.32997      0.46311   -5.5511e-17     -0.32997
_SET1_   5463         12   51580719   51611477     75      16  500199      -0.2772      0.42614   -5.5511e-17      -0.2772
_SET1_   9802         12   51632508   51640501     12       4  500199       0.3155      0.24552   -5.5511e-17       0.3155
_SET1_   401720       12   52211676   52242364     83      22  500199      0.28358      0.22162   -5.5511e-17      0.28358
_SET1_   91           12   52345451   52390863     77      13  500199       4.4579   6.0382e-07             0       4.4579
_SET1_   160622       12   52400729   52409673     18      10  500199       2.3165     0.003253             0       2.3165
_SET1_   84926        12   53458100   53473204     29       9  500199       1.2359     0.055781             0       1.2359
_SET1_   6667         12   53773979   53810230     77       8  500199       0.8025      0.12093             0       0.8025
_SET1_   54458        12   53835433   53840427      4       2  500199       2.1417    0.0075467             0       2.1417
_SET1_   7786         12   53873456   53893444     18       9  500199       2.6631    0.0011807             0       2.6631
_SET1_   25946        12   54762913   54785083     35       9  500199      0.69175      0.14387             0      0.69175
_SET1_   5153         12   54943177   54973023     84      22  500199     -0.20299      0.39643   -2.7756e-17     -0.20299
_SET1_   9840         12   55342087   55378965    179       9  500199      0.16348      0.27897   -2.7756e-17      0.16348
_SET1_   2065         12   56473809   56497291     34       9  500199     -0.95068      0.69391             0     -0.95068
_SET1_   140465       12   56546040   56551771      3       1  500199     -0.15018      0.50041   -2.7756e-17     -0.15018
_SET1_   4637         12   56552045   56555366      4       1  500199      -1.0197      0.80645             0      -1.0197
_SET1_   6601         12   56555636   56583351     23      10  500199     -0.93538      0.73142             0     -0.93538
_SET1_   10193        12   56596288   56615753     20       9  500199       1.4618     0.039826             0       1.4618
_SET1_   283373       12   56631591   56652143     26       5  500199       1.2974     0.064146             0       1.2974
_SET1_   1431         12   56665483   56694175     44       6  500199       1.1749     0.073919             0       1.1749
_SET1_   9924         12   56710007   56727837     25       5  500199       1.4298     0.047386             0       1.4298
_SET1_   6773         12   56735381   56754058     28       3  500199       1.4653     0.054255             0       1.4653
_SET1_   506          12   57031959   57039852     10       2  500199       3.7119    2.774e-05             0       3.7119
_SET1_   8630         12   57146237   57181574     55      14  500199       2.3141    0.0030055             0       2.3141
_SET1_   6866         12   57403781   57410344     11       3  500199       1.9202     0.015025             0       1.9202
_SET1_   23306        12   57449426   57472574     35       7  500199       1.5185     0.031338             0       1.5185
_SET1_   4035         12   57522282   57607142    135      24  500199     -0.23067      0.39933   -2.7756e-17     -0.23067
_SET1_   56901        12   57628686   57634545      2       1  500199     -0.34807      0.63493   -5.5511e-17     -0.34807
_SET1_   4141         12   57881736   57910438     38       4  500199      0.93342      0.11202             0      0.93342
_SET1_   10540        12   57923833   57941114     26       4  500199       1.2368     0.063152             0       1.2368
_SET1_   57460        12   63037762   63328665   1016     107  500199     -0.25095      0.27738   -5.5511e-17     -0.25095
_SET1_   2799         12   65107222   65153226     76       9  500199     -0.57391      0.55584             0     -0.57391
_SET1_   23426        12   66741178   67463014   2369     152  500199      -2.6796      0.81246             0      -2.6796
_SET1_   4193         12   69201952   69239324     97      17  500199     -0.41285      0.47748   -5.5511e-17     -0.41285
_SET1_   10576        12   69979206   70010595     96      13  500199     -0.86811      0.65581             0     -0.86811
_SET1_   196441       12   72003379   72057749     94      11  500199     0.031393      0.33022   -4.1633e-17     0.031393
_SET1_   64786        12   72233487   72320629    190      17  500199     -0.72989      0.62743             0     -0.72989
_SET1_   29953        12   72666314   73059422    924      43  500199      0.54631     0.064379             0      0.54631
_SET1_   552889       12   74931551   74935232      9       5  500199     -0.45033      0.52779   -5.5511e-17     -0.45033
_SET1_   84698        12   75669759   75784681    212      24  500199       1.4044     0.026184             0       1.4044
_SET1_   11010        12   75874513   75895716     50       8  500199       1.6266     0.019477             0       1.6266
_SET1_   22822        12   76419227   76425556     12       6  500199      -1.3753      0.83639             0      -1.3753
_SET1_   114882       12   76745577   76953589    454      23  500199      0.62386     0.098779             0      0.62386
_SET1_   89795        12   78224685   78606790   1334      78  500199      -1.2078      0.49669             0      -1.2078
_SET1_   283310       12   80583151   80772870    409      34  500199     -0.88269      0.60794             0     -0.88269
_SET1_   8825         12   81191171   81331702    415      27  500199      0.68127     0.091259             0      0.68127
_SET1_   79611        12   81471797   81650538    645      31  500199    -0.017317      0.20831   -4.1633e-17    -0.017317
_SET1_   8499         12   81652045   82153109   1251      70  500199     -0.75766      0.34693             0     -0.75766
_SET1_   160335       12   83080731   83528647   1285      91  500199      0.12986      0.11019   -2.7756e-17      0.12986
_SET1_   55117        12   85253267   85306608     80      13  500199      0.31904      0.22491   -5.5511e-17      0.31904
_SET1_   25834        12   86373037   87232681   2443      49  500199      0.92535    0.0011707             0      0.92535
_SET1_   91298        12   88429268   88443937     12       5  500199      -2.7235       0.9924             0      -2.7235
_SET1_   490          12   89981826   90103130    212      25  500199       0.9673     0.075816             0       0.9673
_SET1_   10154        12   94542499   94701451    586      65  500199      0.26137        0.168   -5.5511e-17      0.26137
_SET1_   55967        12   95365104   95397489    164      16  500199     -0.58045      0.52832             0     -0.58045
_SET1_   59277        12   96051583   96184565    536      45  500199    -0.016485      0.23412   -4.1633e-17    -0.016485
_SET1_   5250         12   98987403   98995778     17       7  500199     -0.19296      0.46833   -2.7756e-17     -0.19296
_SET1_   56899        12   99128569  100378512   3348     185  500199       2.3807     1.16e-05             0       2.3807
_SET1_   400          12  101786894  101802192     40      12  500199      -2.3255      0.97079             0      -2.3255
_SET1_   4604         12  101988709  102079658    400      33  500199      0.22355      0.19448   -2.7756e-17      0.22355
_SET1_   56994        12  102091417  102122852     82      16  500199      -2.7497       0.9889             0      -2.7497
_SET1_   79158        12  102139275  102224645    202      25  500199      -1.8174      0.90246             0      -1.8174
_SET1_   51019        12  102406717  102455902    109      18  500199     -0.13998       0.3973   -2.7756e-17     -0.13998
_SET1_   51559        12  104166081  104234975    319      18  500199      0.11323       0.2435   -4.1633e-17      0.11323
_SET1_   7184         12  104324112  104341708     77      20  500199     -0.61364      0.55625             0     -0.61364
_SET1_   9891         12  106457125  106533811    228      40  500199     -0.77352      0.59026             0     -0.77352
_SET1_   55703        12  106751436  106903976    361      21  500199     -0.25531      0.36528   -5.5511e-17     -0.25531
_SET1_   55188        12  107168077  107283094    193      28  500199       1.2038     0.045538             0       1.2038
_SET1_   121551       12  107712197  108053419    965      75  500199        1.777    0.0033155             0        1.777
_SET1_   11108        12  108126643  108155049     77       8  500199      0.47445      0.17886   -5.5511e-17      0.47445
_SET1_   9671         12  108523511  108644314    344      30  500199      -1.7115      0.86574             0      -1.7115
_SET1_   54434        12  109176466  109251359    181      28  500199      -1.9241      0.93297             0      -1.9241
_SET1_   55530        12  109304658  109372453    265      31  500199      -0.5553      0.49371             0      -0.5553
_SET1_   84749        12  109490380  109525831     52      12  500199      -1.0258      0.72773             0      -1.0258
_SET1_   7374         12  109535399  109548798     22       9  500199      0.55378      0.17197             0      0.55378
_SET1_   89910        12  109915215  109974510    167      22  500199       1.9314    0.0081975             0       1.9314
_SET1_   28981        12  110562140  110656600    195      20  500199      0.91631     0.094603             0      0.91631
_SET1_   488          12  110719032  110788898    163      16  500199      0.40183      0.23326   -5.5511e-17      0.40183
_SET1_   51434        12  110810705  110841535     99      14  500199      0.68373      0.15201             0      0.68373
_SET1_   51699        12  110929330  110939916     20       5  500199     -0.37527      0.55848   -5.5511e-17     -0.37527
_SET1_   160760       12  110972237  111021064    111      13  500199        1.211     0.062458             0        1.211
_SET1_   23316        12  111471828  111788358    431      35  500199      0.47549      0.14136   -5.5511e-17      0.47549
_SET1_   8315         12  112079950  112123790     45      11  500199     -0.90193      0.70306             0     -0.90193
_SET1_   89894        12  112369086  112451023    132       7  500199    -0.014981      0.37139   -4.1633e-17    -0.014981
_SET1_   5781         12  112856536  112947717     99      18  500199     -0.45955       0.5515   -5.5511e-17     -0.45955
_SET1_   22895        12  113229343  113336686    195      25  500199     -0.55321       0.5064             0     -0.55321
_SET1_   53373        12  113659260  113736390    142       7  500199       1.3987     0.043688             0       1.3987
_SET1_   196463       12  113796371  113827458     51       5  500199      -1.2637      0.85961             0      -1.2637
_SET1_   9904         12  114254543  114404176    624      38  500199        1.022     0.037082             0        1.022
_SET1_   23389        12  116396381  116714991    573      32  500199     -0.84057      0.56065             0     -0.84057
_SET1_   84900        12  117176096  117291436    352      28  500199      -1.4485      0.83067             0      -1.4485
_SET1_   283455       12  117890817  118406399   1840     178  500199     -0.21053      0.11872   -2.7756e-17     -0.21053
_SET1_   5985         12  118454506  118470044     61      16  500199       2.2026    0.0042493             0       2.2026
_SET1_   55884        12  118470492  118499979     75      10  500199      0.99897     0.083523             0      0.99897
_SET1_   5037         12  118573668  118583390     32       9  500199       2.8823   0.00049663             0       2.8823
_SET1_   64426        12  118814358  118855840    120      11  500199       3.8017   1.2799e-05             0       3.8017
_SET1_   84530        12  119419300  119600856    709      52  500199       1.3086     0.016992             0       1.3086
_SET1_   26353        12  119616595  119632551     48       9  500199      -1.0311      0.75432             0      -1.0311
_SET1_   11113        12  120123595  120315095    508      33  500199      0.24671      0.16941   -2.7756e-17      0.24671
_SET1_   11021        12  120532899  120554643     70      14  500199       1.5784     0.027488             0       1.5784
_SET1_   8683         12  120899471  120907558     24       7  500199      0.87616      0.09805             0      0.87616
_SET1_   8655         12  120907660  120936298     84      12  500199      0.49925      0.16917   -5.5511e-17      0.49925
_SET1_   9478         12  121078422  121105129    112      22  500199       3.9266   5.6353e-06             0       3.9266
_SET1_   9761         12  121124949  121139667     54      14  500199       2.1748    0.0048728             0       2.1748
_SET1_   84747        12  121148238  121161443     58      14  500199       1.7938     0.012736             0       1.7938
_SET1_   121665       12  121200313  121342155    442      23  500199        2.887   0.00018206             0        2.887
_SET1_   10645        12  121675495  121736111    177      30  500199       3.1338   0.00013796             0       3.1338
_SET1_   84678        12  121866899  122019110    282      26  500199       2.4059    0.0013928             0       2.4059
_SET1_   8562         12  123237371  123255953     38       5  500199      -1.5087      0.89887             0      -1.5087
_SET1_   84660        12  123259056  123311927    182      16  500199      -1.4795      0.86475             0      -1.4795
_SET1_   55206        12  123773656  123849756    272      13  500199       0.7856      0.11206             0       0.7856
_SET1_   65985        12  125549925  125627879    224      33  500199       1.0542     0.055183             0       1.0542
_SET1_   114795       12  125811162  126146915   1082     119  500199        0.921     0.036375             0        0.921
_SET1_   2054         12  131274145  131323819    163      10  500199     -0.48312      0.50007   -5.5511e-17     -0.48312
_SET1_   4326         12  132312941  132336316    101      17  500199      0.92368     0.078069             0      0.92368
_SET1_   8408         12  132379279  132407707     65      10  500199     -0.14171      0.41713   -2.7756e-17     -0.14171
_SET1_   80324        12  132413745  132428406     32       7  500199      0.91178      0.10634             0      0.91178
_SET1_   79050        12  132628993  132636986     14       7  500199     0.051701      0.31021   -4.1633e-17     0.051701
_SET1_   5426         12  133200344  133264050    203      12  500199      0.99355     0.063382             0      0.99355
_SET1_   55743        12  133416937  133481459    295      17  500199       1.6322     0.014099             0       1.6322
_SET1_   10795        12  133757995  133783698     75       6  500199       1.4575     0.030222             0       1.4575
_SET1_   6445         13   23755060   23899304   1016      60  500199     -0.78458      0.39265             0     -0.78458
_SET1_   4285         13   24304328   24463587    478      28  500199      0.72574     0.076225             0      0.72574
_SET1_   9818         13   25875222   25916561     43      15  500199      -3.2617      0.99796             0      -3.2617
_SET1_   51761        13   25946209   26599989   2217     124  500199        -1.31      0.34453             0        -1.31
_SET1_   10810        13   27131840   27263082    472      29  500199     -0.65908       0.4927             0     -0.65908
_SET1_   2835         13   27329337   27334922     14       5  500199      -2.2052       0.9663             0      -2.2052
_SET1_   255967       13   28710997   28869475    269      17  500199       0.4096      0.18963   -5.5511e-17       0.4096
_SET1_   283537       13   29274217   29293150     31       5  500199      -1.3007      0.81096             0      -1.3007
_SET1_   23281        13   29394485   30080084   2356     121  500199       -1.319      0.29761             0       -1.319
_SET1_   10208        13   31191830   31233687     69      13  500199       1.3647       0.0349             0       1.3647
_SET1_   10808        13   31710762   31737246     58       7  500199       3.6067   2.7284e-05             0       3.6067
_SET1_   23047        13   33160564   33352158    414      16  500199     -0.16554      0.30425   -2.7756e-17     -0.16554
_SET1_   90627        13   33677272   34250932   1659     114  500199      0.49898     0.034411   -5.5511e-17      0.49898
_SET1_   26960        13   35516424   36246874   2021      62  500199     -0.76706      0.16783             0     -0.76706
_SET1_   9201         13   36342789   36705514   1172      97  500199      0.58058     0.054277             0      0.58058
_SET1_   400120       13   37248049   37271976     56      12  500199      0.89524      0.09076             0      0.89524
_SET1_   55578        13   37583449   37633850     84      12  500199      0.99842     0.093216             0      0.99842
_SET1_   10240        13   41303432   41345347     42       6  500199      -2.4395      0.98019             0      -2.4395
_SET1_   89890        13   41701709   41706936      4       2  500199      -1.3727      0.88803             0      -1.3727
_SET1_   79612        13   41885341   41951166    158      12  500199     -0.24582      0.43849   -2.7756e-17     -0.24582
_SET1_   11215        13   42846261   42897403    133      17  500199      0.40824      0.19333   -5.5511e-17      0.40824
_SET1_   55068        13   43787335   44361116   1490      80  500199      0.34986     0.046592   -5.5511e-17      0.34986
_SET1_   387923       13   44947978   44971850     29       7  500199      -1.1559      0.77101             0      -1.1559
_SET1_   283514       13   46354405   46425846    256      27  500199    -0.036948      0.28976   -4.1633e-17    -0.036948
_SET1_   3936         13   46700058   46756459    164      28  500199     -0.45927      0.48157   -5.5511e-17     -0.45927
_SET1_   23143        13   47127296   47327176    548      30  500199      0.24384      0.16072   -2.7756e-17      0.24384
_SET1_   3356         13   47405677   47471211    244      41  500199     -0.57794      0.51746             0     -0.57794
_SET1_   55270        13   48611703   48621282     26       9  500199     -0.96651      0.73095             0     -0.96651
_SET1_   9445         13   48807274   48836232     44      10  500199       0.2399       0.2689   -2.7756e-17       0.2399
_SET1_   5925         13   48877883   49056026    376      19  500199       1.1495     0.054081             0       1.1495
_SET1_   1102         13   49063099   49107341     72      13  500199       1.4277      0.04102             0       1.4277
_SET1_   220107       13   51286759   51417885    421      36  500199      -1.5429      0.80665             0      -1.5429
_SET1_   51028        13   52986737   53024798     91      11  500199     -0.62271      0.60035             0     -0.62271
_SET1_   5100         13   53418109   53422775     10       3  500199     -0.72384      0.67673             0     -0.72384
_SET1_   81550        13   60970591   61148013    485      31  500199      -1.7428      0.85809             0      -1.7428
_SET1_   64881        13   61983818   61989655     11       4  500199       1.0051      0.08074             0       1.0051
_SET1_   5101         13   66876966   67804468   2310     135  500199       1.6733   0.00030449             0       1.6733
_SET1_   57626        13   70274725   70682625   1873      74  500199       -1.914      0.61188             0       -1.914
_SET1_   22894        13   73329540   73356344     61      14  500199      0.22113      0.25528   -2.7756e-17      0.22113
_SET1_   9882         13   75858809   76056782    577      61  500199        1.895     0.004575             0        1.895
_SET1_   7347         13   76123616   76180156    171      18  500199      -1.0224      0.69903             0      -1.0224
_SET1_   4008         13   76194570   76434006    689      53  500199      0.29421      0.13578   -5.5511e-17      0.29421
_SET1_   23077        13   77618792   77901177    555      26  500199     -0.70715      0.52068             0     -0.70715
_SET1_   79596        13   79188421   79233314    102      10  500199       1.5941     0.021197             0       1.5941
_SET1_   114798       13   84451340   84456528      5       2  500199       2.2526     0.011161             0       2.2526
_SET1_   266722       13   96743093   97491816   1823      68  500199       2.5835   1.3517e-05             0       2.5835
_SET1_   5911         13   98086475   98120252     49      11  500199       2.0057    0.0095319             0       2.0057
_SET1_   7174         13  103249286  103331524    314      14  500199       1.0149     0.052816             0       1.0149
_SET1_   728215       13  107820879  108519460   2643     223  500199     -0.48485     0.079862   -5.5511e-17     -0.48485
_SET1_   8874         13  111767624  111958081    593      46  500199       2.0437    0.0027481             0       2.0437
_SET1_   55795        13  113831853  113863335     44       8  500199       2.1804    0.0051319             0       2.1804
_SET1_   55208        13  114110134  114145024     73      12  500199     -0.51888      0.54264             0     -0.51888
_SET1_   2621         13  114523522  114567046    174      20  500199       -2.242      0.96168             0       -2.242
_SET1_   7011         14   20833826   20882331    180      26  500199     -0.51072      0.50899             0     -0.51072
_SET1_   3183         14   21677295   21737638    153      20  500199      0.38063      0.20618   -5.5511e-17      0.38063
_SET1_   11198        14   21819631   21852425     31       9  500199      0.69284      0.15388             0      0.69284
_SET1_   6297         14   21989231   22005337     22       4  500199      0.47006      0.18893   -5.5511e-17      0.47006
_SET1_   5693         14   23485752   23504429     28       7  500199     -0.35558      0.47807   -5.5511e-17     -0.35558
_SET1_   51310        14   23815520   23822380     11       3  500199      -1.4707       0.8927             0      -1.4707
_SET1_   84502        14   24037244   24048009      9       2  500199      0.80124      0.18384             0      0.80124
_SET1_   90668        14   24521206   24538937     52      17  500199     -0.79839      0.64037             0     -0.79839
_SET1_   55072        14   24616101   24629870     21       9  500199     -0.77123      0.62403             0     -0.77123
_SET1_   4738         14   24686057   24701576     32      11  500199      0.70221      0.14183             0      0.70221
_SET1_   51292        14   24701633   24708448      9       4  500199      0.30585      0.24782   -5.5511e-17      0.30585
_SET1_   4857         14   26915089   27067239    296      15  500199     -0.55096      0.51784             0     -0.55096
_SET1_   5587         14   30045685   30396899    889      50  500199      0.47632     0.078154   -5.5511e-17      0.47632
_SET1_   394          14   32545664   32628934     67      29  500199      0.30589       0.2434   -5.5511e-17      0.30589
_SET1_   55837        14   34985135   35008943     75      10  500199    -0.042606      0.34287   -4.1633e-17    -0.042606
_SET1_   84684        14   36003248   36006260      3       1  500199       1.7536     0.022997             0       1.7536
_SET1_   253959       14   36007558   36278432    369      17  500199       1.2622     0.035862             0       1.2622
_SET1_   84312        14   36295524   36341169     69       8  500199       1.3707     0.043414             0       1.3707
_SET1_   6751         14   38677204   38682268     12       4  500199      0.34466      0.22527   -5.5511e-17      0.34466
_SET1_   10484        14   39501123   39572447    178      24  500199       -1.119      0.73109             0       -1.119
_SET1_   122553       14   39617015   39639634     68      14  500199     -0.98061      0.70516             0     -0.98061
_SET1_   254170       14   39865577   39901704     97      12  500199      0.31775       0.2193   -5.5511e-17      0.31775
_SET1_   2287         14   45584802   45603732     22       5  500199     -0.73541      0.69499             0     -0.73541
_SET1_   161357       14   47308826   48144157   2684      86  500199      -1.0157      0.15135             0      -1.0157
_SET1_   9147         14   50250528   50319763     75      16  500199     -0.45245      0.52266   -5.5511e-17     -0.45245
_SET1_   8814         14   50796122   50883179    248      30  500199      0.50721       0.1357             0      0.50721
_SET1_   60485        14   51100298   51135071    102      13  500199     -0.41529      0.48054   -5.5511e-17     -0.41529
_SET1_   5836         14   51371935   51411248    171      20  500199      0.65175       0.1353             0      0.65175
_SET1_   57544        14   52897308   53019301    307      19  500199      0.81449     0.087289             0      0.81449
_SET1_   283554       14   53019866   53104431    198      27  500199        1.419     0.028549             0        1.419
_SET1_   5706         14   53173894   53194716     28       7  500199       1.6885     0.017185             0       1.6885
_SET1_   64841        14   53241911   53258386     18       5  500199       1.9494    0.0090905             0       1.9494
_SET1_   10979        14   53323989   53417856    218      26  500199      0.82533     0.091506             0      0.82533
_SET1_   10175        14   54890279   54908322     43       7  500199     -0.85169      0.70983             0     -0.85169
_SET1_   23034        14   55033815   55260033    604     105  500199       0.4909      0.14227   -5.5511e-17       0.4909
_SET1_   55030        14   55738021   55820329    270      15  500199       1.5023     0.020695             0       1.5023
_SET1_   54916        14   57046509   57116233    199      26  500199    -0.058256      0.33154   -4.1633e-17    -0.058256
_SET1_   23002        14   59655329   59838123    581      30  500199      -0.6688      0.46386             0      -0.6688
_SET1_   112849       14   59925698   59951281     81      12  500199     -0.75151      0.61646             0     -0.75151
_SET1_   51528        14   59951161   59972081     78       9  500199     -0.65509      0.58546             0     -0.65509
_SET1_   51635        14   60611496   60633034     65       3  500199       1.0276      0.10387             0       1.0276
_SET1_   5583         14   61788515   62017698    707      68  500199     0.097506      0.20766   -4.1633e-17     0.097506
_SET1_   83851        14   62331567   62573915    926      84  500199       3.3185   1.4081e-05             0       3.3185
_SET1_   27133        14   63173291   63511956   1064      61  500199      -1.6717      0.73146             0      -1.6717
_SET1_   5529         14   63839838   64010095    487      30  500199      -1.4164      0.78239             0      -1.4164
_SET1_   9495         14   64932217   64941221     14       6  500199       2.6766     0.001095             0       2.6766
_SET1_   22890        14   64971292   65000408     89       9  500199       2.0611    0.0066782             0       2.0611
_SET1_   6710         14   65213001   65346604    508      38  500199      -1.9189      0.89544             0      -1.9189
_SET1_   376267       14   65412532   65439016     80      13  500199      -3.4269      0.99919             0      -3.4269
_SET1_   4149         14   65472819   65569413    254      27  500199      -1.0998      0.71259             0      -1.0998
_SET1_   10243        14   66974125   67648525   2294      20  500199       -0.309      0.05316   -5.5511e-17       -0.309
_SET1_   51382        14   67804581   67826720     86      12  500199      0.14382      0.34462   -2.7756e-17      0.14382
_SET1_   161145       14   67913801   67982445    270      45  500199     -0.11972      0.34315   -4.1633e-17     -0.11972
_SET1_   57475        14   67999916   68056255    184      36  500199      0.57745      0.13823             0      0.57745
_SET1_   384          14   68086579   68118437     77      11  500199      0.16396      0.28133   -2.7756e-17      0.16396
_SET1_   87           14   69340840   69446083    403      45  500199    -0.047477      0.28724   -4.1633e-17    -0.047477
_SET1_   57452        14   69726681   69821190    349      43  500199      0.53646      0.12741             0      0.53646
_SET1_   55334        14   69865096   69929107    142      18  500199    -0.026802      0.31769   -4.1633e-17    -0.026802
_SET1_   400224       14   69951471   69995215    112      20  500199      0.13271      0.29086   -2.7756e-17      0.13271
_SET1_   56936        14   70036531   70041600      9       3  500199     -0.63752      0.63439             0     -0.63752
_SET1_   23508        14   71108504   71142077     99      25  500199     -0.55753       0.5288             0     -0.55753
_SET1_   4293         14   71189243   71275912    325      26  500199       1.0473     0.050508             0       1.0473
_SET1_   22990        14   71374122   71582099    640      28  500199     -0.13161       0.2597   -2.7756e-17     -0.13161
_SET1_   58517        14   73525221   73588749    130      21  500199       1.6658      0.01755             0       1.6658
_SET1_   79697        14   73957644   73960105      5       2  500199       -0.126      0.40098   -2.7756e-17       -0.126
_SET1_   83544        14   74111578   74170431    163      19  500199      0.97149     0.071289             0      0.97149
_SET1_   9240         14   74178486   74181128      3       2  500199    -0.099999       0.3847   -4.1633e-17    -0.099999
_SET1_   91748        14   74181825   74256988    200      35  500199      0.88924     0.080956             0      0.88924
_SET1_   4329         14   74524365   74551196     90      10  500199      0.20055      0.26492   -2.7756e-17      0.20055
_SET1_   91750        14   74551656   74667117    387      17  500199     -0.10346      0.30284   -4.1633e-17     -0.10346
_SET1_   5826         14   74751980   74769767     35       8  500199      -2.7442      0.99037             0      -2.7442
_SET1_   9870         14   75127955   75179807     66       9  500199       3.8386   9.9808e-06             0       3.8386
_SET1_   56252        14   75230025   75304013    128      11  500199       4.8887   3.9366e-08             0       4.8887
_SET1_   8892         14   75469612   75476294      8       2  500199     -0.54675      0.56497             0     -0.54675
_SET1_   97           14   75519924   75536181     24       4  500199       -1.262      0.80191             0       -1.262
_SET1_   2353         14   75745477   75748937      7       3  500199       1.1817     0.060135             0       1.1817
_SET1_   283576       14   77597613   77608134     25       9  500199     -0.27369      0.42779   -5.5511e-17     -0.27369
_SET1_   57156        14   77648102   77725838    371      28  500199      0.98548     0.052912             0      0.98548
_SET1_   58157        14   77731834   77737655     11       6  500199      0.51068      0.18054             0      0.51068
_SET1_   29954        14   77741299   77787225    162      28  500199     -0.12807      0.35713   -2.7756e-17     -0.12807
_SET1_   283578       14   77805102   77843396    101      16  500199      0.09712      0.29286   -4.1633e-17      0.09712
_SET1_   161394       14   77843762   77857587     34       4  500199      0.17953      0.28218   -2.7756e-17      0.17953
_SET1_   9517         14   77972340   78083110    454      45  500199      0.23725      0.17975   -2.7756e-17      0.23725
_SET1_   22938        14   78183942   78227542    157      17  500199       1.0209     0.064234             0       1.0209
_SET1_   57143        14   78266426   78400297    614      39  500199      0.24381      0.15342   -2.7756e-17      0.24381
_SET1_   85439        14   81726994   81902789    508      37  500199       1.0094     0.043346             0       1.0094
_SET1_   79882        14   89029253   89079853    104      20  500199      0.74521      0.11619             0      0.74521
_SET1_   801          14   90863327   90874619     26       6  500199     0.098259      0.31016   -4.1633e-17     0.098259
_SET1_   9252         14   91335086   91526993    441      32  500199        2.714   0.00037373             0        2.714
_SET1_   440193       14   91737667   91884188    479      68  500199      0.94693     0.062504             0      0.94693
_SET1_   55671        14   91923955   91976898    131      10  500199      0.76824      0.10506             0      0.76824
_SET1_   79890        14   92980125   93155339    672      83  500199     -0.90867       0.5742             0     -0.90867
_SET1_   9950         14   93260576   93306308    168      13  500199    -0.061337      0.33944   -4.1633e-17    -0.061337
_SET1_   1113         14   93389445   93401638     49      11  500199      0.27784       0.2354   -5.5511e-17      0.27784
_SET1_   3705         14   93403259   93582263    554      35  500199       2.2398    0.0016173             0       2.2398
_SET1_   64112        14   93648541   93651249      8       4  500199       1.0622     0.075986             0       1.0622
_SET1_   55727        14   93703896   93799385    278      17  500199       2.4664     0.001466             0       2.4664
_SET1_   57578        14   93799565   94174222    874      30  500199       2.4103   0.00038068             0       2.4103
_SET1_   78990        14   94489511   94515276     96      12  500199     -0.93781      0.68382             0     -0.93781
_SET1_   57718        14   94640649   94746092    291      19  500199     -0.76792      0.59717             0     -0.76792
_SET1_   56967        14   96505661   96560226    241      26  500199       2.8484   0.00032036             0       2.8484
_SET1_   55102        14   96747595   96829678    182      17  500199     -0.49904      0.49491   -5.5511e-17     -0.49904
_SET1_   51527        14   96829789   96853627     34       6  500199     -0.37914      0.48834   -5.5511e-17     -0.37914
_SET1_   10858        14  100150755  100193638    118      16  500199      0.49104      0.16296   -5.5511e-17      0.49104
_SET1_   51466        14  100485719  100610573    356      30  500199      -1.3279      0.78656             0      -1.3279
_SET1_   7528         14  100705102  100745371     85       8  500199      -1.3407      0.82398             0      -1.3407
_SET1_   1778         14  102430865  102517135    171      20  500199      0.85626      0.10304             0      0.85626
_SET1_   5891         14  102690834  102771537    227      22  500199      0.39512      0.20078   -5.5511e-17      0.39512
_SET1_   55778        14  102783714  102809511     68      16  500199       1.5526     0.027686             0       1.5526
_SET1_   122416       14  102973179  102976128      8       2  500199      0.27864      0.27043   -5.5511e-17      0.27864
_SET1_   7187         14  103243816  103377837    295      20  500199       4.0024   2.6975e-06             0       4.0024
_SET1_   7127         14  103589762  103603776     28       6  500199      0.88278     0.097907             0      0.88278
_SET1_   4140         14  103851701  103970168    291      11  500199        4.536    1.638e-07             0        4.536
_SET1_   3831         14  104095525  104167888    172      20  500199       4.9195   2.9254e-08             0       4.9195
_SET1_   9556         14  104378625  104387903     42       6  500199       0.2556       0.2899   -5.5511e-17       0.2556
_SET1_   64423        14  105147902  105185947    113      16  500199      -1.4192      0.82502             0      -1.4192
_SET1_   122622       14  105190534  105213662     65       9  500199     -0.28315      0.43702   -5.5511e-17     -0.28315
_SET1_   3714         14  105607318  105635161     50       7  500199     -0.51028       0.5362             0     -0.51028
_SET1_   256281       14  105639274  105647660     19       2  500199     -0.79868      0.68404             0     -0.79868
_SET1_   9112         14  105886186  105937066      7       3  500199      0.32167      0.23826   -5.5511e-17      0.32167
_SET1_   81614        15   23004684   23034427     24       7  500199     0.023154      0.33186   -4.1633e-17     0.023154
_SET1_   54551        15   23888696   23892993      3       1  500199      0.66532      0.16129             0      0.66532
_SET1_   4692         15   23930554   23932450      2       1  500199       2.2597     0.012826             0       2.2597
_SET1_   6638         15   25068794   25223730    611      91  500199     -0.82864      0.57632             0     -0.82864
_SET1_   7337         15   25582394   25684190    247      24  500199      -1.6548      0.88501             0      -1.6548
_SET1_   2567         15   27216429   27778373   1681     158  500199    -0.044244       0.1129   -4.1633e-17    -0.044244
_SET1_   23359        15   29412455   29862927   1450      88  500199     -0.18922      0.13617   -2.7756e-17     -0.18922
_SET1_   7082         15   29992338   30261038    702      58  500199     -0.17398      0.27606   -2.7756e-17     -0.17398
_SET1_   22909        15   31191703   31235311    107      16  500199     -0.89072      0.66209             0     -0.89072
_SET1_   51621        15   31619083   31670102    119      19  500199      -1.6301      0.86787             0      -1.6301
_SET1_   161725       15   31773884   32162875   1031      35  500199     -0.10609      0.16418   -4.1633e-17     -0.10609
_SET1_   9990         15   34522197   34630265    447      21  500199      -1.6621      0.85494             0      -1.6621
_SET1_   254531       15   34651089   34659397     18       7  500199      -1.1353       0.7585             0      -1.1353
_SET1_   23015        15   34671269   34729667     38       7  500199     -0.63675      0.63759             0     -0.63675
_SET1_   440270       15   34817296   34875836     69       8  500199     -0.14923      0.38976   -2.7756e-17     -0.14923
_SET1_   57369        15   35044642   35046782      4       2  500199       1.2332     0.055121             0       1.2332
_SET1_   54989        15   35270542   35280497     18       6  500199       1.2541     0.056997             0       1.2541
_SET1_   4212         15   37183222   37393500    450      68  500199      0.84941     0.074689             0      0.84941
_SET1_   283742       15   38746328   38777063    127      16  500199     -0.32016      0.47555   -5.5511e-17     -0.32016
_SET1_   10125        15   38780302   38857661    195      28  500199       1.7628     0.013199             0       1.7628
_SET1_   161835       15   39886422   40075039    666      28  500199     0.027166      0.20232   -4.1633e-17     0.027166
_SET1_   11245        15   40091223   40213093    291      32  500199     -0.69403      0.54927             0     -0.69403
_SET1_   100131244    15   40573645   40574787      1       1  500199       1.2188      0.05658             0       1.2188
_SET1_   85455        15   40650434   40663256     32       8  500199       2.0429     0.006799             0       2.0429
_SET1_   22893        15   40733411   40760441     31      11  500199       2.1261    0.0050811             0       2.1261
_SET1_   84936        15   41099274   41106767     25       5  500199      -1.0558      0.74536             0      -1.0558
_SET1_   171177       15   41164412   41166487      2       1  500199      -0.9861      0.77028             0      -0.9861
_SET1_   57617        15   41186628   41196173     24       4  500199      -1.5527      0.91906             0      -1.5527
_SET1_   11261        15   41523341   41574085    129      15  500199       1.0765     0.060096             0       1.0765
_SET1_   51103        15   41679547   41694658     38       8  500199      0.35763      0.22677   -5.5511e-17      0.35763
_SET1_   23168        15   41709302   41775761    145      17  500199      0.70794      0.12448             0      0.70794
_SET1_   7301         15   41851220   41871536     39       8  500199      0.26236      0.24077   -5.5511e-17      0.26236
_SET1_   23005        15   42066632   42120053     94      15  500199      0.73571      0.11256             0      0.73571
_SET1_   23339        15   42450899   42500524     99      12  500199    -0.097864      0.40315   -4.1633e-17    -0.097864
_SET1_   146057       15   43030928   43213037    240      32  500199      -1.1941      0.76229             0      -1.1941
_SET1_   197131       15   43235095   43398286    175      18  500199     -0.58676      0.55606             0     -0.58676
_SET1_   80021        15   43425722   43477342     51      14  500199     -0.96176      0.70748             0     -0.96176
_SET1_   7158         15   43695262   43802707    225      15  500199      0.29358      0.21863   -5.5511e-17      0.29358
_SET1_   4130         15   43803165   43823818     23       6  500199      0.85865      0.10836             0      0.85865
_SET1_   1159         15   43885055   43891604      1       1  500199      0.39769       0.2587   -5.5511e-17      0.39769
_SET1_   113201       15   44580909   44707959    186       9  500199      -0.3345      0.54514   -5.5511e-17      -0.3345
_SET1_   80208        15   44854894   44955876    131      22  500199      -0.5218      0.58779             0      -0.5218
_SET1_   26258        15   45879417   45901909     22       6  500199     -0.34568      0.51042   -5.5511e-17     -0.34568
_SET1_   80031        15   47476403   48066420   1940      69  500199       2.8079   3.1031e-06             0       2.8079
_SET1_   1854         15   48623215   48635570     12       4  500199   -0.0014434      0.38439   -4.1417e-17   -0.0014434
_SET1_   2200         15   48700503   48937985    472      20  500199      -2.2314      0.94705             0      -2.2314
_SET1_   196951       15   49618822   49913128    905      26  500199      0.16142      0.12353   -2.7756e-17      0.16142
_SET1_   11001        15   50474393   50528589    221      22  500199      0.90733     0.079785             0      0.90733
_SET1_   23312        15   51739921   51915030    431      19  500199       2.3856    0.0010126             0       2.3856
_SET1_   29767        15   52043758   52108560    200      14  500199       1.8467    0.0088195             0       1.8467
_SET1_   123169       15   52230222   52263995     82       7  500199       1.2093     0.050449             0       1.2093
_SET1_   10681        15   52413123   52483565    210      21  500199      -2.4096      0.97344             0      -2.4096
_SET1_   10776        15   52839384   52861436     70       9  500199      0.87139      0.11525             0      0.87139
_SET1_   440279       15   54270557   54920806   2769     117  500199      0.98256    0.0017665             0      0.98256
_SET1_   9236         15   55647421   55700708    204      16  500199      -1.3714      0.81437             0      -1.3714
_SET1_   54816        15   56922374   57026279    216      21  500199     -0.30638      0.41219   -5.5511e-17     -0.30638
_SET1_   8854         15   58245622   58358121    391      19  500199      -1.1657      0.69432             0      -1.1657
_SET1_   79811        15   59171244   59226323     76      12  500199     -0.77897      0.64614             0     -0.77897
_SET1_   54778        15   59279865   59389618    287      22  500199     -0.50316      0.47996             0     -0.50316
_SET1_   4643         15   59428168   59665071    781      63  500199       1.2015     0.021448             0       1.2015
_SET1_   145773       15   59730372   59815751    262      22  500199     -0.24398      0.38959   -2.7756e-17     -0.24398
_SET1_   54832        15   62144588   62352664    619      27  500199      -1.0145      0.58839             0      -1.0145
_SET1_   7168         15   63334838   63364114    109      17  500199      -1.7255      0.89662             0      -1.7255
_SET1_   8925         15   63900817   64126148    600      22  500199       2.2168    0.0014176             0       2.2168
_SET1_   84191        15   64364761   64386207     54       7  500199      0.32458      0.24491   -5.5511e-17      0.32458
_SET1_   51324        15   65255363   65282251     90      12  500199     -0.99905      0.71679             0     -0.99905
_SET1_   54956        15   65550436   65579212     61       9  500199     -0.57452      0.55223             0     -0.57452
_SET1_   54878        15   65734805   65810040    199      19  500199       1.1206     0.057709             0       1.1206
_SET1_   5604         15   66679182   66783882    317      22  500199       3.1125   0.00012525             0       3.1125
_SET1_   55055        15   66797431   66841823    142      18  500199       2.9661   0.00031192             0       2.9661
_SET1_   4088         15   67358036   67487533    404      58  500199      -1.1998       0.7172             0      -1.1998
_SET1_   5607         15   67835021   68099455    641      31  500199       0.1133      0.18251   -4.1633e-17       0.1133
_SET1_   8554         15   68346572   68483797    282      18  500199    -0.008892      0.30833   -4.1633e-17    -0.008892
_SET1_   10116        15   68570141   68583640     29       8  500199      -1.0527      0.73881             0      -1.0527
_SET1_   26035        15   69452921   69564546    195      16  500199         1.33     0.034071             0         1.33
_SET1_   54839        15   71145578   71342436    226      23  500199         2.08    0.0042773             0         2.08
_SET1_   60677        15   72577068   72612525     85       9  500199       1.3586     0.070148             0       1.3586
_SET1_   10021        15   73612200   73661605    154      29  500199     -0.11799      0.35731   -4.1633e-17     -0.11799
_SET1_   3671         15   74466087   74469212      9       2  500199       2.9065   0.00063672             0       2.9065
_SET1_   4351         15   75182377   75190581     14       5  500199      0.18238      0.26854   -2.7756e-17      0.18238
_SET1_   192683       15   75287876   75313836     76       8  500199       1.1078     0.071635             0       1.1078
_SET1_   25942        15   75661720   75748181     87       9  500199      0.24326      0.24275   -2.7756e-17      0.24326
_SET1_   55272        15   75931426   75941047     13       4  500199      0.40473      0.20832   -5.5511e-17      0.40473
_SET1_   145957       15   76234314   76304785    175       9  500199      0.96465     0.097312             0      0.96465
_SET1_   49855        15   76640526   77197796   1095      25  500199     -0.91811      0.41132             0     -0.91811
_SET1_   79834        15   77400498   77712446    479      26  500199    -0.033931      0.25576   -4.1633e-17    -0.033931
_SET1_   10363        15   77713018   77777945    117      12  500199     0.059394      0.31057   -4.1633e-17     0.059394
_SET1_   23102        15   78287327   78369994    282      25  500199      0.75448      0.10378             0      0.75448
_SET1_   55466        15   78556487   78574538     60      12  500199      -1.3045      0.79897             0      -1.3045
_SET1_   5685         15   78832747   78841562     38       6  500199       1.1137     0.063847             0       1.1137
_SET1_   5923         15   79252289   79383215    406      63  500199       0.9598     0.060709             0       0.9598
_SET1_   390616       15   79575146   79590581     30       7  500199     -0.91651      0.68685             0     -0.91651
_SET1_   23423        15   79603404   79675802    302      23  500199      -1.5675      0.83654             0      -1.5675
_SET1_   23251        15   79724858   79764642    133      22  500199      0.38413      0.18983   -5.5511e-17      0.38413
_SET1_   59274        15   81293295   81296345      4       2  500199      -1.3521      0.85879             0      -1.3521
_SET1_   64506        15   83211948   83316762    307      25  500199      0.81286     0.084699             0      0.81286
_SET1_   8120         15   83328033   83378660    126      22  500199       1.2172     0.045241             0       1.2172
_SET1_   83640        15   83654955   83659809      7       3  500199     -0.42213      0.58889   -5.5511e-17     -0.42213
_SET1_   53339        15   83685175   83736106    131      20  500199      0.83948     0.096042             0      0.83948
_SET1_   9640         15   85291818   85349663    157      24  500199       1.5413     0.021564             0       1.5413
_SET1_   5428         15   89859536   89878026     40       8  500199     -0.85573      0.66267             0     -0.85573
_SET1_   55897        15   90293098   90294540      7       4  500199     -0.17511      0.40468   -2.7756e-17     -0.17511
_SET1_   374655       15   90544197   90625432    169      23  500199      0.20192      0.23775   -2.7756e-17      0.20192
_SET1_   3418         15   90626283   90645730     54      11  500199      -1.3271      0.80424             0      -1.3271
_SET1_   10509        15   90727985   90772897    155      20  500199      -0.6772       0.5637             0      -0.6772
_SET1_   5045         15   91411885   91426687     32       7  500199       3.1602    0.0001823             0       3.1602
_SET1_   9055         15   91509268   91537881    107      13  500199      0.92713     0.088066             0      0.92713
_SET1_   9899         15   91642996   91844539    662      53  500199     -0.36505       0.3321   -5.5511e-17     -0.36505
_SET1_   8128         15   92937140   93011958    241      30  500199    -0.024782      0.28613   -4.1633e-17    -0.024782
_SET1_   400451       15   93160678   93199031    129      23  500199      -1.6116      0.87272             0      -1.6116
_SET1_   123355       15   99791567   99930934    455      32  500199       1.7335    0.0084988             0       1.7335
_SET1_   4205         15  100106133  100256688    258      20  500199       1.0317     0.055483             0       1.0317
_SET1_   145748       15  100267610  100273766     26       8  500199      0.91728     0.089852             0      0.91728
_SET1_   55180        15  101109428  101142445    151      16  500199       1.0167     0.065177             0       1.0167
_SET1_   220          15  101419897  101456831     86      14  500199       1.1278     0.056331             0       1.1278
_SET1_   51728        16      96979     103632     23       4  500199      -1.8409      0.93095             0      -1.8409
_SET1_   3049         16     230333     231178      2       1  500199     -0.27334      0.53567   -5.5511e-17     -0.27334
_SET1_   398          16     330606     333003      4       2  500199       -1.398      0.87785             0       -1.398
_SET1_   64714        16     333118     337215     19       7  500199     -0.30581      0.47172   -5.5511e-17     -0.30581
_SET1_   8312         16     337440     405244    219      20  500199    0.0043439      0.28847   -4.1633e-17    0.0043439
_SET1_   58986        16     420776     431950     58       6  500199      -0.7561      0.62807             0      -0.7561
_SET1_   9727         16     475649     572485    176      14  500199       1.5357     0.019731             0       1.5357
_SET1_   6650         16     577816     604636     16       2  500199       2.7826    0.0013672             0       2.7826
_SET1_   57799        16     639357     679273     97       5  500199      0.87832      0.10244             0      0.87832
_SET1_   89941        16     718083     724174     10       1  500199       0.9787      0.10814             0       0.9787
_SET1_   146330       16     742500     755825     16       1  500199     -0.62076      0.66374             0     -0.62076
_SET1_   8938         16    1383606    1399442     44      11  500199      -1.6446      0.88588             0      -1.6446
_SET1_   84572        16    1401900    1413352     18       6  500199    -0.077756      0.37522   -4.1633e-17    -0.077756
_SET1_   1186         16    1494934    1525085    174      15  500199      0.10285      0.27264   -4.1633e-17      0.10285
_SET1_   9894         16    1543352    1560460     58      11  500199      -1.7414      0.91762             0      -1.7414
_SET1_   23162        16    1756184    1820318    128      16  500199     -0.50165      0.53213             0     -0.50165
_SET1_   4832         16    1820321    1821743      1       1  500199      0.10151        0.324   -4.1633e-17      0.10151
_SET1_   197342       16    1823223    1826628      9       4  500199     -0.81889      0.66319             0     -0.81889
_SET1_   3029         16    1859104    1877195    148       8  500199      -1.2437      0.80209             0      -1.2437
_SET1_   81889        16    1877225    1890208    120       3  500199     -0.37435      0.53879   -5.5511e-17     -0.37435
_SET1_   6187         16    2012059    2014827     18       4  500199     -0.90604      0.72695             0     -0.90604
_SET1_   9143         16    2039946    2044276      6       2  500199      -1.4779       0.8741             0      -1.4779
_SET1_   57524        16    2227184    2246479     19       4  500199      -1.8032      0.91914             0      -1.8032
_SET1_   64223        16    2255178    2259418      7       2  500199      -1.6544      0.89317             0      -1.6544
_SET1_   283871       16    2261603    2264822     10       3  500199     -0.28403      0.44918   -5.5511e-17     -0.28403
_SET1_   10921        16    2303100    2318413     19       4  500199      0.69951      0.13498             0      0.69951
_SET1_   21           16    2325879    2390747     83      11  500199     0.034837      0.31335   -4.1633e-17     0.034837
_SET1_   57465        16    2525146    2555734     10       5  500199      -2.8448       0.9935             0      -2.8448
_SET1_   23524        16    2802330    2821413     30       8  500199      -2.2471      0.97012             0      -2.2471
_SET1_   79412        16    3014217    3018384     11       2  500199       1.0489      0.10395             0       1.0489
_SET1_   124222       16    3019342    3023485      7       3  500199       2.3791    0.0027706             0       2.3791
_SET1_   4992         16    3254247    3255185      2       1  500199      -1.2807      0.81362             0      -1.2807
_SET1_   115          16    4012650    4166186    596      66  500199      0.78865     0.068163             0      0.78865
_SET1_   3163         16    4524719    4560348    117      10  500199      0.36496       0.2233   -5.5511e-17      0.36496
_SET1_   29965        16    4560676    4588816     71       8  500199      0.27493      0.25193   -5.5511e-17      0.27493
_SET1_   26048        16    4800815    4817219     78      11  500199      0.56557      0.15827             0      0.56557
_SET1_   5493         16    4932508    4987136    218      35  500199       1.6165     0.017199             0       1.6165
_SET1_   56052        16    5121810    5137380     54       8  500199      -0.9115       0.6803             0      -0.9115
_SET1_   18           16    8768444    8878432    634      73  500199     -0.41982      0.38627   -5.5511e-17     -0.41982
_SET1_   7874         16    8985951    9057341    182      18  500199     -0.47696      0.49172   -5.5511e-17     -0.47696
_SET1_   2903         16    9847265   10276611   1910      55  500199       1.2247    0.0015628             0       1.2247
_SET1_   9516         16   11641578   11681322    174      25  500199       1.4364     0.024327             0       1.4364
_SET1_   51061        16   11772939   11836707    180      18  500199      -1.0051      0.67987             0      -1.0051
_SET1_   57496        16   14165178   14360633    462      15  500199     -0.80912      0.61176             0     -0.80912
_SET1_   123803       16   15131710   15149936     46       7  500199       2.4883    0.0018802             0       2.4883
_SET1_   123811       16   15959576   15982510    183       6  500199     -0.42552      0.54401   -5.5511e-17     -0.42552
_SET1_   408050       16   16326389   16388668     14       2  500199      -0.2347       0.5568   -2.7756e-17      -0.2347
_SET1_   23204        16   18802991   18812894     21       6  500199      -1.5277      0.87225             0      -1.5277
_SET1_   400506       16   19717673   19729726     34       5  500199     -0.71548      0.65671             0     -0.71548
_SET1_   51704        16   19870293   19897049     75      12  500199      0.22429      0.24462   -2.7756e-17      0.22429
_SET1_   112479       16   20791515   20817798     42      12  500199       1.3058     0.040908             0       1.3058
_SET1_   7385         16   21964609   21994668     31       9  500199       1.4559     0.037119             0       1.4559
_SET1_   730094       16   22019456   22095975     87      17  500199       1.4257     0.035547             0       1.4257
_SET1_   1039         16   22357257   22385938     19       9  500199      0.67273      0.15491             0      0.67273
_SET1_   91949        16   23399814   23464583    109      11  500199     -0.84846      0.68461             0     -0.84846
_SET1_   4706         16   23592335   23607639     53       8  500199      0.18954      0.31636   -2.7756e-17      0.18954
_SET1_   79728        16   23614481   23652678    106       9  500199      0.48552      0.21639   -5.5511e-17      0.48552
_SET1_   84516        16   23652687   23685068     98       9  500199     -0.49714      0.57742   -5.5511e-17     -0.49714
_SET1_   10368        16   24266874   24373737    381      60  500199     -0.82149      0.59206             0     -0.82149
_SET1_   5930         16   24550866   24584184     82      10  500199      0.35935      0.21153   -5.5511e-17      0.35935
_SET1_   51451        16   25123047   25189551    126       9  500199     -0.85069      0.66669             0     -0.85069
_SET1_   79831        16   27214807   27233089     33       8  500199     -0.43512      0.49706   -5.5511e-17     -0.43512
_SET1_   23214        16   28109297   28223281    129      10  500199       1.1927     0.051979             0       1.1927
_SET1_   388228       16   28270041   28335170     90      21  500199       0.6157      0.13683             0       0.6157
_SET1_   11273        16   28834369   28848558     27       3  500199     -0.56141      0.58359             0     -0.56141
_SET1_   25970        16   28872939   28885534     19       4  500199     -0.87056      0.68594             0     -0.87056
_SET1_   3835         16   29801383   29816706      3       2  500199      -0.9882      0.78242             0      -0.9882
_SET1_   112476       16   29823409   29827202      4       2  500199       1.6765     0.027035             0       1.6765
_SET1_   26470        16   29882480   29910585     21       5  500199      0.50072      0.18241             0      0.50072
_SET1_   197407       16   30389633   30411429     49      11  500199      0.39529      0.20784   -5.5511e-17      0.39529
_SET1_   79077        16   30435019   30441373      5       3  500199     -0.34692      0.49447   -5.5511e-17     -0.34692
_SET1_   22928        16   30454952   30457224      2       1  500199      0.53431      0.29548             0      0.53431
_SET1_   115509       16   30613879   30622096      2       1  500199     -0.98607      0.79439             0     -0.98607
_SET1_   112755       16   31000577   31021829     36       8  500199      0.25081      0.24679   -5.5511e-17      0.25081
_SET1_   79798        16   31469010   31478488     13       5  500199     -0.70312      0.62635             0     -0.70312
_SET1_   55737        16   46693589   46723144     20       4  500199      0.52727      0.19254             0      0.52727
_SET1_   91807        16   46736194   46797201     58       9  500199       0.4925      0.19191   -5.5511e-17       0.4925
_SET1_   84706        16   46918308   46965201     53      15  500199     -0.75663      0.66338             0     -0.75663
_SET1_   5257         16   47495047   47735434    231      25  500199      -0.2743      0.46341   -5.5511e-17      -0.2743
_SET1_   94160        16   48116884   48180681     49      15  500199      0.91757      0.10613             0      0.91757
_SET1_   83752        16   48278211   48387888    143      15  500199       1.6911     0.018608             0       1.6911
_SET1_   869          16   49311828   49315742     14       6  500199     -0.46412      0.54603   -5.5511e-17     -0.46412
_SET1_   255919       16   50059121   50070999     29       5  500199     -0.63771      0.62123             0     -0.63771
_SET1_   1540         16   50775961   50835847     90      14  500199      0.69199      0.12443             0      0.69199
_SET1_   80205        16   53088905   53361414    678      26  500199      -1.8263      0.83655             0      -1.8263
_SET1_   64400        16   53525192   53538323     20       5  500199      -1.1847      0.77928             0      -1.1847
_SET1_   2775         16   56225251   56391356    473      56  500199       2.8051   0.00029019             0       2.8051
_SET1_   11051        16   56463048   56485261     41      11  500199       1.1913     0.056498             0       1.1913
_SET1_   55239        16   56485424   56511407     70      12  500199      0.63967      0.15249             0      0.63967
_SET1_   583          16   56504301   56554008    114      16  500199      0.58483      0.16151             0      0.58483
_SET1_   9709         16   56965974   56977793     31       6  500199       -1.138      0.76401             0       -1.138
_SET1_   6376         16   57406414   57418956     42      11  500199      0.86638      0.10467             0      0.86638
_SET1_   57017        16   57481337   57495187     30       9  500199      0.12362      0.29495   -4.1633e-17      0.12362
_SET1_   10300        16   57769623   57791162     67      14  500199      -1.2392      0.80637             0      -1.2392
_SET1_   29105        16   58147496   58163296     44       7  500199     -0.32851      0.55064   -5.5511e-17     -0.32851
_SET1_   29070        16   58283840   58317740    154      15  500199     -0.27397       0.4138   -5.5511e-17     -0.27397
_SET1_   65009        16   58497549   58547523    128      34  500199     -0.52959       0.5215             0     -0.52959
_SET1_   23019        16   58553850   58663790    332      17  500199      0.53629      0.12732             0      0.53629
_SET1_   2806         16   58741035   58768246    111      14  500199     -0.83015      0.65552             0     -0.83015
_SET1_   8883         16   66836781   66864880     65      13  500199     -0.40367      0.48694   -5.5511e-17     -0.40367
_SET1_   23491        16   66995132   67009052     27       9  500199     -0.49844      0.60203   -5.5511e-17     -0.49844
_SET1_   80262        16   67143801   67182442     46      14  500199      -1.0182      0.76474             0      -1.0182
_SET1_   9114         16   67471917   67515089     56      13  500199      -2.0155      0.96254             0      -2.0155
_SET1_   55512        16   68392230   68482409    191      25  500199      -1.7737       0.8922             0      -1.7737
_SET1_   1001         16   68678151   68732959    169      19  500199      0.82107     0.089243             0      0.82107
_SET1_   79613        16   68877456   69119085    551      30  500199      -1.5375      0.80027             0      -1.5375
_SET1_   84342        16   69362524   69373526     21       5  500199     -0.25785      0.46925   -5.5511e-17     -0.25785
_SET1_   7014         16   69389464   69419891     38       8  500199     -0.59453      0.58533             0     -0.59453
_SET1_   80777        16   69458498   69500167    140      18  500199     -0.99263      0.69606             0     -0.99263
_SET1_   1728         16   69743304   69760849     45      11  500199       1.2042     0.054521             0       1.2042
_SET1_   6483         16   70413338   70472991     66      23  500199       2.4093    0.0023191             0       2.4093
_SET1_   23035        16   71678827   71757798    177      19  500199      0.77352     0.096926             0      0.77352
_SET1_   164          16   71762903   71843006    193      20  500199      0.68015      0.11302             0      0.68015
_SET1_   5713         16   74330673   74340186     26      10  500199      0.03935      0.35026   -4.1633e-17      0.03935
_SET1_   79152        16   74746853   74808729    231      38  500199     -0.49753      0.48972   -5.5511e-17     -0.49753
_SET1_   84937        16   75032915   75144892    252      19  500199      -1.1671      0.74707             0      -1.1671
_SET1_   9564         16   75262928   75301951    181      19  500199       1.2367      0.04461             0       1.2367
_SET1_   54386        16   75681602   75691340     33       8  500199     -0.88873       0.7332             0     -0.88873
_SET1_   57687        16   77822483   78014001    838     110  500199     -0.93694      0.58524             0     -0.93694
_SET1_   124359       16   80637675   80838175    794      53  500199      0.12296      0.16207   -4.1633e-17      0.12296
_SET1_   80790        16   81478775   81745367   1101     101  500199     -0.23543       0.2339   -2.7756e-17     -0.23543
_SET1_   10200        16   82181767   82203829    209      13  500199      0.35334      0.20373   -5.5511e-17      0.35334
_SET1_   1012         16   82660399   83830215   6886     346  500199       3.0942   2.9566e-07             0       3.0942
_SET1_   8720         16   84087368   84150517    306      31  500199     -0.44313      0.44762   -5.5511e-17     -0.44313
_SET1_   83693        16   84155744   84178800     67      12  500199     -0.69922      0.59975             0     -0.69922
_SET1_   9100         16   84733555   84813528    350      24  500199       1.8658    0.0065857             0       1.8658
_SET1_   79791        16   87362942   87425708    219      33  500199     -0.22463      0.37857   -2.7756e-17     -0.22463
_SET1_   23174        16   87439852   87525870    345      18  500199    -0.077554      0.33376   -4.1633e-17    -0.077554
_SET1_   57338        16   87635441   87731762    555      58  500199      -1.3217      0.73007             0      -1.3217
_SET1_   8140         16   87863629   87903100    180      24  500199       1.2104     0.040576             0       1.2104
_SET1_   124245       16   88636789   88698372    215      29  500199     0.061207      0.27479   -4.1633e-17     0.061207
_SET1_   29123        16   89334029   89556969    516      32  500199     -0.14534      0.27926   -2.7756e-17     -0.14534
_SET1_   6687         16   89574802   89624174    175      11  500199      -1.5546      0.84988             0      -1.5546
_SET1_   27132        16   89642176   89663654     86      18  500199      0.93178     0.082626             0      0.93178
_SET1_   8558         16   89753076   89762772     33       9  500199     -0.73271      0.61698             0     -0.73271
_SET1_   22980        16   89939994   89977795    151      11  500199      -1.2003      0.80617             0      -1.2003
_SET1_   10381        16   89988417   90002505     55      11  500199       1.5773      0.02426             0       1.5773
_SET1_   8447         17       6009      31421     54       5  500199      0.36587      0.24615   -5.5511e-17      0.36587
_SET1_   55275        17     411908     618096    709      34  500199      0.40018      0.10651   -5.5511e-17      0.40018
_SET1_   64359        17     702553     883017    825      96  500199      -1.3781      0.72451             0      -1.3781
_SET1_   29928        17     900357     905407      8       2  500199      0.10833      0.34738   -4.1633e-17      0.10833
_SET1_   29           17     906758    1090616    499      65  500199      -1.2761      0.72429             0      -1.2761
_SET1_   727857       17    1173858    1174565      1       1  500199      -1.2848       0.8208             0      -1.2848
_SET1_   5306         17    1421283    1466110    146      15  500199      0.19551      0.25688   -2.7756e-17      0.19551
_SET1_   10594        17    1553923    1588176     99       9  500199     -0.42844      0.54141   -5.5511e-17     -0.42844
_SET1_   5176         17    1665259    1680859     72      11  500199     -0.42065      0.48667   -5.5511e-17     -0.42065
_SET1_   146760       17    1837971    1928178    342      39  500199       1.1625     0.037016             0       1.1625
_SET1_   4335         17    2287354    2304258     46       8  500199     0.085282      0.32589   -4.1633e-17     0.085282
_SET1_   23277        17    2592680    2615053     40       7  500199      0.82794      0.10407             0      0.82794
_SET1_   101928991    17    2627204    2651794     52      15  500199       1.9174    0.0086674             0       1.9174
_SET1_   23108        17    2659050    2941035   1023     135  500199      0.58191     0.088361             0      0.58191
_SET1_   55421        17    3710042    3749545     96      13  500199     -0.69948      0.61651             0     -0.69948
_SET1_   84254        17    3763609    3796337     88      20  500199      0.47824       0.1637   -5.5511e-17      0.47824
_SET1_   124976       17    4402129    4443228    112      19  500199     -0.22702      0.39675   -2.7756e-17     -0.22702
_SET1_   409          17    4613789    4624795     22       4  500199       1.0307     0.084193             0       1.0307
_SET1_   388323       17    4691723    4693887      4       2  500199     -0.60356       0.5996             0     -0.60356
_SET1_   5694         17    4699439    4701798     10       5  500199      0.25046      0.26706   -5.5511e-17      0.25046
_SET1_   26001        17    4843328    4848517     12       5  500199      -1.1804      0.78885             0      -1.1804
_SET1_   7775         17    5009029    5026411     49      14  500199      -1.3056      0.80437             0      -1.3056
_SET1_   708          17    5336099    5342471     22       5  500199     -0.43696      0.52733   -5.5511e-17     -0.43696
_SET1_   83394        17    6354583    6459877    373      32  500199     -0.27523      0.35514   -5.5511e-17     -0.27523
_SET1_   1742         17    7093209    7123369     50      11  500199       -1.315      0.80953             0       -1.315
_SET1_   84461        17    7218947    7232644     24       7  500199     -0.85482      0.65686             0     -0.85482
_SET1_   57555        17    7311502    7323183     18       7  500199       1.9513    0.0088628             0       1.9513
_SET1_   1949         17    7608520    7614693      9       3  500199      0.99733     0.092488             0      0.99733
_SET1_   1107         17    7788096    7816075     44      14  500199     0.069975      0.32527   -4.1633e-17     0.069975
_SET1_   9196         17    7825177    7833180     17       5  500199    -0.099015      0.37587   -4.1633e-17    -0.099015
_SET1_   242          17    7975954    7991021     38      10  500199      -1.2995      0.79126             0      -1.2995
_SET1_   6844         17    8062465    8066293      6       3  500199       2.6807    0.0010988             0       2.6807
_SET1_   5198         17    8152596    8173809     65      14  500199      0.63115      0.15081             0      0.63115
_SET1_   81565        17    8316447    8371495     91      18  500199      0.29952      0.21254   -5.5511e-17      0.29952
_SET1_   4628         17    8377523    8534094    259      18  500199      0.37203      0.17304   -5.5511e-17      0.37203
_SET1_   8522         17    9813926   10101868   1099     143  500199      0.31626      0.13265   -5.5511e-17      0.31626
_SET1_   6416         17   11924135   12047148    202      21  500199     -0.51575      0.49926             0     -0.51575
_SET1_   9912         17   12692829   12894960    835      59  500199     -0.75966      0.45309             0     -0.75966
_SET1_   60528        17   12894929   12921381    163       8  500199       0.1229      0.28512   -4.1633e-17       0.1229
_SET1_   1352         17   13972719   14111996    415      43  500199     -0.85192      0.58502             0     -0.85192
_SET1_   54902        17   15902694   15932723     82       8  500199     -0.30298      0.46532   -5.5511e-17     -0.30298
_SET1_   9611         17   15933408   16118874    385      17  500199     -0.57203      0.47734             0     -0.57203
_SET1_   51393        17   16318856   16340317     63      11  500199      0.63404      0.13366             0      0.63404
_SET1_   57547        17   16524048   16557167     93       8  500199      0.26341      0.26903   -5.5511e-17      0.26341
_SET1_   10743        17   17584787   17714767    212      31  500199      0.34895      0.18915   -5.5511e-17      0.34895
_SET1_   6720         17   17714663   17740331     41       5  500199       1.3766      0.03727             0       1.3766
_SET1_   146691       17   17746822   17875784    204      10  500199      0.83357     0.088232             0      0.83357
_SET1_   51168        17   18012020   18083116    141      19  500199       2.0914    0.0044648             0       2.0914
_SET1_   54890        17   18086867   18113268     79      11  500199       1.4608     0.028741             0       1.4608
_SET1_   3996         17   18128907   18148189     43       6  500199       1.6372     0.020326             0       1.6372
_SET1_   7156         17   18177235   18218321     88       9  500199       2.6428    0.0010199             0       2.6428
_SET1_   140775       17   18218594   18231370     48       7  500199       2.5912    0.0012899             0       2.5912
_SET1_   27077        17   19240563   19281495     79       9  500199      0.60811      0.19279             0      0.60811
_SET1_   7732         17   19314491   19320589      8       2  500199     -0.31364      0.52675   -5.5511e-17     -0.31364
_SET1_   55244        17   19437167   19482346     92      14  500199      -1.2324      0.77417             0      -1.2324
_SET1_   224          17   19552064   19580908     79      14  500199      -1.0953       0.7448             0      -1.0953
_SET1_   9706         17   19674143   19771239    169      10  500199      0.72033      0.15873             0      0.72033
_SET1_   92521        17   19912649   20218072    770      22  500199      0.12507      0.14833   -2.7756e-17      0.12507
_SET1_   23326        17   20902906   20946722    164      13  500199       1.0652     0.059281             0       1.0652
_SET1_   3768         17   21279699   21323184     27       7  500199      -1.2347      0.77948             0      -1.2347
_SET1_   339263       17   21343211   21454941    149      20  500199   -0.0034237      0.30271     -4.12e-17   -0.0034237
_SET1_   8844         17   25799036   25950718    330      34  500199     -0.47008      0.44293   -5.5511e-17     -0.47008
_SET1_   4843         17   26083792   26127555    118      19  500199      -1.2942      0.78352             0      -1.2942
_SET1_   51701        17   26369009   26523407     99      38  500199      0.97857     0.087567             0      0.97857
_SET1_   9703         17   26941458   26972177     32      15  500199      -1.1156       0.7743             0      -1.1156
_SET1_   124925       17   27281923   27333458     68      12  500199     -0.79406      0.65226             0     -0.79406
_SET1_   399687       17   27400528   27507432    249      28  500199       1.6409     0.013908             0       1.6409
_SET1_   28964        17   27900487   27916610     30      10  500199      0.72017       0.1197             0      0.72017
_SET1_   124930       17   27920527   27941779     29      10  500199     -0.34519      0.46071   -5.5511e-17     -0.34519
_SET1_   55352        17   30178884   30186326     13       5  500199     -0.17116      0.43468   -2.7756e-17     -0.17116
_SET1_   55813        17   30190190   30228729    108      13  500199    -0.019892      0.35304   -4.1633e-17    -0.019892
_SET1_   23512        17   30264044   30328057    168       7  500199      -1.0705       0.7612             0      -1.0705
_SET1_   55288        17   30469473   30552746    115      13  500199       1.0004     0.080891             0       1.0004
_SET1_   7756         17   30677071   30697468     39       7  500199       1.2929     0.043192             0       1.2929
_SET1_   8851         17   30814105   30818271      3       1  500199       1.3301     0.049529             0       1.3301
_SET1_   26022        17   31254928   31268667     42       8  500199      0.24557      0.27304   -2.7756e-17      0.24557
_SET1_   40           17   31340105   32483825   3948     292  500199       1.4758   0.00034288             0       1.4758
_SET1_   400591       17   32901142   32906388     22       9  500199      0.58896      0.15343             0      0.58896
_SET1_   3980         17   33307517   33332088     28       9  500199      -2.4769      0.98035             0      -2.4769
_SET1_   91608        17   34058679   34070540     25       6  500199     -0.85294      0.68376             0     -0.85294
_SET1_   79148        17   34083316   34122711     90      12  500199     -0.26622        0.503   -5.5511e-17     -0.26622
_SET1_   80179        17   34851599   34891305     68      10  500199     -0.23017      0.43599   -2.7756e-17     -0.23017
_SET1_   284098       17   34890849   34895217      4       2  500199     -0.19059      0.44238   -2.7756e-17     -0.19059
_SET1_   79893        17   34900737   34946278     79      10  500199     -0.24907      0.42392   -2.7756e-17     -0.24907
_SET1_   31           17   35441927   35766902    513      32  500199      0.68518     0.087561             0      0.68518
_SET1_   6871         17   35766977   35839830    200      21  500199       1.0544     0.057102             0       1.0544
_SET1_   84311        17   36452989   36479101     32       5  500199     -0.23582      0.49115   -2.7756e-17     -0.23582
_SET1_   440435       17   36481493   36499693     25       6  500199     -0.37684      0.53083   -5.5511e-17     -0.37684
_SET1_   30837        17   36508007   36561846     85       9  500199      -1.4296      0.86102             0      -1.4296
_SET1_   57636        17   36584720   36668628    238      31  500199      -1.1083      0.70867             0      -1.1083
_SET1_   100170841    17   36827956   36831187      4       2  500199       1.9251      0.01371             0       1.9251
_SET1_   284106       17   36886510   36891858     11       5  500199      0.48371      0.18579   -5.5511e-17      0.48371
_SET1_   7703         17   36890150   36906070     45      12  500199     -0.29198      0.43119   -5.5511e-17     -0.29198
_SET1_   5691         17   36908978   36920484     26       9  500199        1.304     0.042607             0        1.304
_SET1_   8396         17   36921944   36956218     80      16  500199       2.0836    0.0057328             0       2.0836
_SET1_   3927         17   37026112   37078023    174      35  500199      0.12535      0.25226   -2.7756e-17      0.12535
_SET1_   782          17   37329709   37353956     34      12  500199      0.84306      0.10472             0      0.84306
_SET1_   342667       17   37366789   37382040     32       9  500199     -0.46635      0.53112   -5.5511e-17     -0.46635
_SET1_   84961        17   37408897   37558530    330      13  500199       1.3486     0.029782             0       1.3486
_SET1_   5469         17   37560538   37607527     86       8  500199       1.3557     0.041445             0       1.3557
_SET1_   4761         17   37760021   37764175      6       2  500199     -0.41912      0.58658   -5.5511e-17     -0.41912
_SET1_   10948        17   37793333   37820454     76      10  500199      0.33797      0.26757   -5.5511e-17      0.33797
_SET1_   5709         17   38137021   38154213     63       7  500199       2.3335    0.0027379             0       2.3335
_SET1_   9862         17   38175350   38210889     68       9  500199        3.669   1.8154e-05             0        3.669
_SET1_   339287       17   38278235   38293047     27       5  500199      0.99386      0.11665             0      0.99386
_SET1_   147179       17   38375556   38438944    111      12  500199       1.1766     0.064939             0       1.1766
_SET1_   55175        17   40009799   40021629     31       6  500199       0.7917      0.12303             0       0.7917
_SET1_   7266         17   40128439   40169715     63      12  500199       1.3018     0.045799             0       1.3018
_SET1_   28511        17   40169594   40177659     10       3  500199      0.59172       0.1921             0      0.59172
_SET1_   79132        17   40253422   40264751     29       5  500199      0.22463      0.29498   -2.7756e-17      0.22463
_SET1_   84514        17   40341105   40346550      4       2  500199      -0.7402      0.71391             0      -0.7402
_SET1_   6777         17   40351195   40428478     81      11  500199      -1.1907      0.77861             0      -1.1907
_SET1_   6776         17   40439565   40463961     58       8  500199     -0.12235       0.3986   -4.1633e-17     -0.12235
_SET1_   535          17   40610862   40674597     78      19  500199     -0.14229      0.38683   -2.7756e-17     -0.14229
_SET1_   80347        17   40713485   40718299      7       2  500199      -1.8804      0.93283             0      -1.8804
_SET1_   7283         17   40761358   40767256      3       2  500199      0.15016      0.30178   -2.7756e-17      0.15016
_SET1_   27175        17   40811266   40819024     10       3  500199     -0.64404      0.59094             0     -0.64404
_SET1_   8506         17   40834632   40852011     27       7  500199      0.55457      0.16344             0      0.55457
_SET1_   10197        17   40985159   40995777      5       3  500199      -2.2451      0.97546             0      -2.2451
_SET1_   80755        17   41102543   41116515     13       3  500199      -1.2623      0.81958             0      -1.2623
_SET1_   146923       17   41132527   41145713     16       6  500199     -0.49063      0.55186   -5.5511e-17     -0.49063
_SET1_   379          17   41476353   41478504      5       2  500199     -0.99731      0.73535             0     -0.99731
_SET1_   1659         17   41561330   41604185     73       5  500199     -0.91053      0.70678             0     -0.91053
_SET1_   1845         17   41843489   41856368     31       4  500199       1.3209     0.049253             0       1.3209
_SET1_   4355         17   41952727   41987079    109      14  500199      0.29637      0.23176   -5.5511e-17      0.29637
_SET1_   7343         17   42282401   42298994     25       6  500199     -0.15613      0.41409   -2.7756e-17     -0.15613
_SET1_   80174        17   42785976   42829637     87      19  500199    -0.074248      0.35757   -4.1633e-17    -0.074248
_SET1_   4185         17   42836405   42859214     59       9  500199     -0.73602      0.61622             0     -0.73602
_SET1_   79877        17   43100706   43138473    109      15  500199       0.8934     0.084278             0       0.8934
_SET1_   4836         17   43138322   43186384    181      22  500199      0.13533      0.25716   -2.7756e-17      0.13533
_SET1_   752          17   43299192   43324685     49       9  500199     -0.57808      0.57364             0     -0.57808
_SET1_   4137         17   43971702   44105700     90      13  500199     -0.71359      0.62334             0     -0.71359
_SET1_   4905         17   44668035   44834830     75      10  500199      0.13929      0.29767   -2.7756e-17      0.13929
_SET1_   9570         17   45000486   45044366    127      13  500199        2.648   0.00082678             0        2.648
_SET1_   996          17   45195310   45266665    164      24  500199       1.1018     0.056728             0       1.1018
_SET1_   9520         17   45600316   45700642    146      15  500199       0.2341       0.2302   -2.7756e-17       0.2341
_SET1_   9755         17   45771441   45789429     41       9  500199      -1.6878      0.89896             0      -1.6878
_SET1_   124995       17   45900638   45908907     39       7  500199     -0.19472      0.41125   -2.7756e-17     -0.19472
_SET1_   4779         17   46125686   46138907     28       8  500199     -0.13228      0.40083   -2.7756e-17     -0.13228
_SET1_   65264        17   46985731   47006422     59       4  500199      0.98519     0.085877             0      0.98519
_SET1_   22834        17   47366568   47439835    176      16  500199      0.70366       0.1109             0      0.70366
_SET1_   11248        17   47653298   47661172     18       6  500199      -1.9986      0.94525             0      -1.9986
_SET1_   11143        17   47865922   47906458     43      18  500199       0.6201       0.1629             0       0.6201
_SET1_   3675         17   48133340   48167849     76      11  500199     0.044735      0.34833   -4.1633e-17     0.044735
_SET1_   84687        17   48211101   48227877     22       8  500199       1.3091     0.041833             0       1.3091
_SET1_   8913         17   48638429   48704835    152      23  500199      0.73555      0.10151             0      0.73555
_SET1_   10140        17   48939584   48945339      7       3  500199      0.99072     0.082616             0      0.99072
_SET1_   51096        17   49337897   49375294    111      16  500199     -0.91702       0.6715             0     -0.91702
_SET1_   3131         17   53342321   53402426    139      29  500199       1.5957     0.018768             0       1.5957
_SET1_   8526         17   54911460   54946036     74       5  500199     -0.22686      0.44362   -2.7756e-17     -0.22686
_SET1_   8161         17   55015560   55038411     63      17  500199     -0.90552      0.68945             0     -0.90552
_SET1_   140735       17   56160780   56167618      6       3  500199       1.1283     0.068903             0       1.1283
_SET1_   9256         17   56378588   56406152     79      14  500199     -0.50036      0.53608             0     -0.50036
_SET1_   9110         17   56566893   56595271     43      11  500199     -0.53103      0.53343             0     -0.53103
_SET1_   5889         17   56769934   56811703     81      15  500199     -0.29875      0.43837   -5.5511e-17     -0.29875
_SET1_   22843        17   56833230   57062540    368      23  500199     -0.71661      0.53856             0     -0.71661
_SET1_   4591         17   57059999   57184266    214      24  500199      -1.1396      0.72833             0      -1.1396
_SET1_   284161       17   57297828   57353331    110      11  500199      0.87679     0.097039             0      0.87679
_SET1_   1213         17   57697050   57774317    122       9  500199      -1.3139       0.8232             0      -1.3139
_SET1_   84669        17   58254551   58469586    165      10  500199     -0.98299      0.76736             0     -0.98299
_SET1_   54828        17   58755172   59470199   1040      52  500199      -1.8421       0.7951             0      -1.8421
_SET1_   339175       17   60501246   60527454     24       6  500199       0.7244      0.15381             0       0.7244
_SET1_   1534         17   61509665   61523724     20       6  500199       2.2911    0.0032299             0       2.2911
_SET1_   81033        17   61600695   61626338     51      11  500199       1.7372     0.013796             0       1.7372
_SET1_   10238        17   61627796   61671641     43      11  500199      0.27517      0.24344   -5.5511e-17      0.27517
_SET1_   51204        17   61678231   61685725      6       3  500199     -0.75816      0.70154             0     -0.75816
_SET1_   80774        17   61773249   61778527      6       4  500199      0.22278      0.27506   -2.7756e-17      0.22278
_SET1_   11325        17   61851549   61896677     94       9  500199   -0.0091495      0.32741   -4.1633e-17   -0.0091495
_SET1_   6603         17   61909441   61920699     22       4  500199      0.31953      0.23346   -5.5511e-17      0.31953
_SET1_   1655         17   62494374   62503042     18       5  500199       1.1381     0.078094             0       1.1381
_SET1_   64750        17   62538400   62658386    197      11  500199      0.48858      0.22308   -5.5511e-17      0.48858
_SET1_   27091        17   64831235   64881941    211      46  500199     -0.98012      0.68801             0     -0.98012
_SET1_   3838         17   66031848   66042970     35       5  500199     -0.11502      0.41032   -4.1633e-17     -0.11502
_SET1_   22901        17   66255323   66425516    488      75  500199       1.5646     0.015215             0       1.5646
_SET1_   55062        17   66417422   66453653    104      19  500199       3.3172   6.8651e-05             0       3.3172
_SET1_   3773         17   68071348   68131749    217      13  500199       0.9075     0.087948             0       0.9075
_SET1_   6752         17   71161160   71168094     16       3  500199      0.32905      0.24023   -5.5511e-17      0.32905
_SET1_   55890        17   72427480   72447797     64      16  500199      0.90614      0.11142             0      0.90614
_SET1_   283985       17   72873451   72889737     35       7  500199     0.040519       0.3343   -4.1633e-17     0.040519
_SET1_   283987       17   72946837   72968900     43      10  500199     -0.86942      0.66634             0     -0.86942
_SET1_   10476        17   73034955   73043074     27       8  500199     -0.28399      0.47474   -5.5511e-17     -0.28399
_SET1_   23510        17   73043279   73061981     60      12  500199     0.053382      0.34128   -4.1633e-17     0.053382
_SET1_   51155        17   73131343   73150775     34       8  500199     -0.11225      0.39436   -4.1633e-17     -0.11225
_SET1_   23163        17   73232694   73258444     40       6  500199      0.30307      0.25734   -5.5511e-17      0.30307
_SET1_   9772         17   73452664   73496533    106      13  500199      -1.4658      0.85792             0      -1.4658
_SET1_   283989       17   73512609   73520821     43       7  500199     -0.17592       0.4301   -2.7756e-17     -0.17592
_SET1_   9400         17   73622925   73663270     55       9  500199       1.2586     0.045872             0       1.2586
_SET1_   64978        17   73894724   73901181     11       3  500199     -0.24433      0.46651   -2.7756e-17     -0.24433
_SET1_   6730         17   74034856   74068607     65       6  500199      0.60928       0.1545             0      0.60928
_SET1_   114804       17   74138534   74236448    240      31  500199       1.7404     0.011785             0       1.7404
_SET1_   114757       17   74523430   74533987     11       4  500199       1.7076     0.017971             0       1.7076
_SET1_   6427         17   74730197   74733493      3       2  500199     -0.40288      0.51276   -5.5511e-17     -0.40288
_SET1_   124583       17   76987798   77005899     73      14  500199     -0.15321      0.42521   -2.7756e-17     -0.15321
_SET1_   146713       17   77085427   77512230   1711     202  500199     0.032449     0.087507   -4.1633e-17     0.032449
_SET1_   125058       17   77906142   78009657    279      63  500199       1.0288      0.06258             0       1.0288
_SET1_   57674        17   78234643   78372586    470      55  500199       1.1414     0.038381             0       1.1414
_SET1_   10458        17   79008944   79091232    373      47  500199      0.61966       0.1115             0      0.61966
_SET1_   9625         17   79084285   79139877    227      38  500199       1.6484     0.013967             0       1.6484
_SET1_   255275       17   79897521   79905109     14       1  500199       1.0303       0.0976             0       1.0303
_SET1_   79058        17   79935426   79975282     30       7  500199      0.82243      0.10465             0      0.82243
_SET1_   64118        17   80015748   80023697     11       4  500199     -0.70409      0.62348             0     -0.70409
_SET1_   284004       17   80376240   80400516     55       8  500199      -0.3693      0.47901   -5.5511e-17      -0.3693
_SET1_   3607         17   80477594   80562483    368      36  500199       2.3838    0.0013573             0       2.3838
_SET1_   103910       18    3262111    3278282     87       5  500199      -2.0376       0.9641             0      -2.0376
_SET1_   23136        18    5392380    5630662    725      71  500199      0.40268      0.12077   -5.5511e-17      0.40268
_SET1_   5797         18    7567314    8406859   2634     158  500199      0.79702    0.0044427             0      0.79702
_SET1_   201475       18    8609443    8639380     91      10  500199     -0.24219      0.43953   -2.7756e-17     -0.24219
_SET1_   4729         18    9102628    9134343     67      13  500199       2.0056     0.008334             0       2.0056
_SET1_   9989         18    9546789    9614605    201      25  500199      0.98206     0.070977             0      0.98206
_SET1_   8774         18   10525873   10552766     65       6  500199     -0.31332      0.45605   -5.5511e-17     -0.31332
_SET1_   2774         18   11689014   11885684    632      34  500199     -0.62091      0.44631             0     -0.62091
_SET1_   57132        18   11851389   11854448      5       3  500199     -0.14102      0.44162   -2.7756e-17     -0.14102
_SET1_   56907        18   12446511   12661456    674      38  500199      -1.3164      0.68621             0      -1.3164
_SET1_   8731         18   13726659   13764555    114      18  500199     -0.55861      0.54648             0     -0.55861
_SET1_   8780         18   21032787   21063104     74      14  500199      -2.4499       0.9785             0      -2.4499
_SET1_   147463       18   21179977   21242849    110      25  500199     -0.57514      0.56486             0     -0.57514
_SET1_   125488       18   21572737   21715574    394      44  500199       0.5321      0.12978             0       0.5321
_SET1_   26256        18   21718920   21741564     52      11  500199       1.4331     0.031781             0       1.4331
_SET1_   6875         18   23806409   23971649    460      31  500199      -1.8604      0.88615             0      -1.8604
_SET1_   361          18   24432007   24445735     43      11  500199     0.044443      0.33153   -4.1633e-17     0.044443
_SET1_   9331         18   29202209   29306560    228      29  500199       2.0132    0.0050934             0       2.0132
_SET1_   57565        18   30252634   30353815    254      10  500199     -0.46832      0.47901   -5.5511e-17     -0.46832
_SET1_   8715         18   31431064   31803515    865      51  500199      0.10964       0.1513   -4.1633e-17      0.10964
_SET1_   1837         18   32073254   32471808    992      33  500199      0.44566      0.07507   -5.5511e-17      0.44566
_SET1_   100101467    18   32831023   32870196     91      18  500199       2.6152    0.0012899             0       2.6152
_SET1_   55197        18   33569787   33647538    165      18  500199       1.7556     0.013904             0       1.7556
_SET1_   6014         18   40323183   40695676    937      60  500199      0.39664     0.092383   -5.5511e-17      0.39664
_SET1_   6860         18   40847857   40857615      9       3  500199       1.2726     0.060028             0       1.2726
_SET1_   498          18   43664110   43684199     89       9  500199      -1.7341      0.90223             0      -1.7341
_SET1_   494470       18   43906772   44041159    387      60  500199     -0.99492      0.67476             0     -0.99492
_SET1_   9063         18   44388900   44500130    303      18  500199    -0.086301      0.32725   -4.1633e-17    -0.086301
_SET1_   9811         18   46065427   46389588   1155     131  500199      -1.3778      0.70262             0      -1.3778
_SET1_   54808        18   46567846   46987172   1135      29  500199      -1.0967      0.48935             0      -1.0967
_SET1_   5596         18   48086484   48258196    445      53  500199     -0.66016      0.49982             0     -0.66016
_SET1_   4200         18   48405432   48476165    141      16  500199      -1.1849      0.75678             0      -1.1849
_SET1_   1630         18   49866542   51062273   4802     116  500199       4.4115   1.4329e-10             0       4.4115
_SET1_   5874         18   52385097   52562747    590      32  500199       4.7806   1.5296e-08             0       4.7806
_SET1_   23335        18   54318590   54697036    939      49  500199      -0.8981      0.48324             0      -0.8981
_SET1_   51046        18   55019721   55036162     43       7  500199      -1.4965       0.8809             0      -1.4965
_SET1_   2235         18   55212073   55253969    136      24  500199       0.4084      0.17942   -5.5511e-17       0.4084
_SET1_   4677         18   55267888   55289177     66      11  500199      -1.1359      0.75515             0      -1.1359
_SET1_   23327        18   55711580   56068772   1153      95  500199      -2.6792       0.9506             0      -2.6792
_SET1_   10892        18   56338618   56417371    216      23  500199     -0.65664      0.55839             0     -0.65664
_SET1_   5366         18   57567153   57571538      9       5  500199     -0.87294      0.67104             0     -0.87294
_SET1_   23556        18   59711457   59854289    557      18  500199     -0.45843      0.38148   -5.5511e-17     -0.45843
_SET1_   54877        18   60190658   60254942    176      26  500199        2.222    0.0030679             0        2.222
_SET1_   54495        18   66340925   66382535    135      10  500199      0.04065      0.37874   -4.1633e-17      0.04065
_SET1_   220164       18   67068284   67516323   1699     130  500199    -0.093805      0.11335   -4.1633e-17    -0.093805
_SET1_   147381       18   70203915   70211723     26       5  500199     -0.28033        0.515   -5.5511e-17     -0.28033
_SET1_   81832        18   70409549   70534828    516      39  500199       1.0335     0.038498             0       1.0335
_SET1_   100505797    18   70535047   70548634     36      13  500199      0.49407      0.18144   -5.5511e-17      0.49407
_SET1_   55628        18   72265106   72777628    978      46  500199       0.2552      0.10528   -5.5511e-17       0.2552
_SET1_   27164        18   76740275   76759770     51      11  500199     -0.96914      0.74526             0     -0.96914
_SET1_   26251        18   77623668   77659816    145      16  500199      0.67914      0.11891             0      0.67914
_SET1_   54531        19     305575     344791    172      11  500199     -0.32304      0.45012   -5.5511e-17     -0.32304
_SET1_   126567       19     405443     409170      5       3  500199     -0.83441      0.69828             0     -0.83441
_SET1_   610          19     589893     617159      4       1  500199      -0.3173      0.58343   -5.5511e-17      -0.3173
_SET1_   91304        19    1009650    1021173      4       2  500199      0.34754        0.383   -5.5511e-17      0.34754
_SET1_   2879         19    1103936    1106787      2       1  500199     -0.81767      0.67567             0     -0.81767
_SET1_   22904        19    1107633    1174282     41       4  500199     -0.95896       0.7125             0     -0.95896
_SET1_   6794         19    1205798    1228434      1       1  500199    0.0058465       0.5152   -4.1633e-17    0.0058465
_SET1_   374291       19    1383526    1395588     15       3  500199      0.52334      0.17709             0      0.52334
_SET1_   26528        19    1407584    1435683     20       2  500199      0.81362       0.1783             0      0.81362
_SET1_   55643        19    1985437    2015702     28       4  500199       0.5979      0.16392             0       0.5979
_SET1_   148252       19    2714565    2721390     12       2  500199      -1.7077      0.91824             0      -1.7077
_SET1_   7064         19    2785464    2813599     52       4  500199     -0.11888      0.41226   -4.1633e-17     -0.11888
_SET1_   7089         19    2997636    3047846    139      23  500199       1.7082     0.013059             0       1.7082
_SET1_   56926        19    3185875    3209573     85       7  500199     -0.11309      0.36945   -4.1633e-17     -0.11309
_SET1_   60680        19    3224701    3297074    213      22  500199      0.63248      0.12053             0      0.63248
_SET1_   51343        19    3506261    3536755     49       5  500199      -1.0306      0.73951             0      -1.0306
_SET1_   23396        19    3630179    3700484    140      16  500199     -0.98452      0.68627             0     -0.98452
_SET1_   85300        19    3880618    3928080     48       8  500199     0.026054      0.31431   -4.1633e-17     0.026054
_SET1_   1613         19    3958451    3971097     22       4  500199       1.6555     0.020602             0       1.6555
_SET1_   1938         19    3976054    3985477     16       3  500199     -0.65692      0.64919             0     -0.65692
_SET1_   51341        19    4045216    4066816     26       4  500199      0.42986      0.22281   -5.5511e-17      0.42986
_SET1_   5605         19    4090319    4124126     63       9  500199      -1.0644      0.72903             0      -1.0644
_SET1_   170961       19    4182665    4224811    142      16  500199      -1.2722      0.78544             0      -1.2722
_SET1_   84954        19    4343524    4360083     39       7  500199      0.75784      0.11213             0      0.75784
_SET1_   6455         19    4360364    4400565     97      18  500199      0.40911      0.19669   -5.5511e-17      0.40911
_SET1_   10501        19    4542600    4559771     31       9  500199     -0.64457       0.5604             0     -0.64457
_SET1_   126282       19    4639527    4655580     54      13  500199     -0.45733      0.51621   -5.5511e-17     -0.45733
_SET1_   23030        19    4969123    5153609    591      39  500199        2.123    0.0018999             0        2.123
_SET1_   9667         19    5587007    5622991     95      14  500199       1.0507     0.081374             0       1.0507
_SET1_   9361         19    5691845    5720463     95      15  500199       0.7772      0.12099             0       0.7772
_SET1_   2962         19    6379580    6393291     43       6  500199      0.78731       0.1421             0      0.78731
_SET1_   79085        19    6436092    6460232     93      13  500199    -0.011922      0.34264   -4.1633e-17    -0.011922
_SET1_   718          19    6677846    6720662    183      24  500199     -0.69698      0.56167             0     -0.69698
_SET1_   80164        19    7933605    7939326     14       5  500199     -0.50203      0.53687             0     -0.50203
_SET1_   6618         19    7985194    7988136      2       1  500199      0.13379      0.32316   -2.7756e-17      0.13379
_SET1_   404217       19    7989381    7991051      3       2  500199      0.14292      0.31785   -2.7756e-17      0.14292
_SET1_   5300         19    9945883    9960365     31       9  500199      0.77592      0.11469             0      0.77592
_SET1_   93145        19    9964394   10047070    213      23  500199       1.1842     0.039883             0       1.1842
_SET1_   7087         19   10400655   10407454     23       6  500199       2.6406    0.0010722             0       2.6406
_SET1_   7297         19   10461204   10491248     81      14  500199     -0.28207      0.44611   -5.5511e-17     -0.28207
_SET1_   5141         19   10527449   10580307     95      13  500199     -0.29363      0.44166   -5.5511e-17     -0.29363
_SET1_   3609         19   10764937   10803095     55       7  500199     -0.25778      0.43688   -5.5511e-17     -0.25778
_SET1_   1785         19   10828729   10944169    314      29  500199      -1.1852      0.74273             0      -1.1852
_SET1_   9545         19   11432722   11450344     65       8  500199     -0.45949      0.55991   -5.5511e-17     -0.45949
_SET1_   126075       19   11457160   11465620     13       3  500199     0.013807      0.36623   -4.1633e-17     0.013807
_SET1_   163049       19   12721732   12740676     56       7  500199     -0.44669      0.52297   -5.5511e-17     -0.44669
_SET1_   84261        19   12799730   12807649     21       2  500199     -0.68202      0.79748             0     -0.68202
_SET1_   30000        19   12810008   12834838     59       4  500199     -0.47227      0.63634   -5.5511e-17     -0.47227
_SET1_   439          19   12848306   12859137      9       4  500199     -0.37598       0.5321   -5.5511e-17     -0.37598
_SET1_   22983        19   12949259   12985766     76       8  500199    -0.088825      0.38196   -4.1633e-17    -0.088825
_SET1_   2193         19   13033284   13044558     24       7  500199      0.68013      0.14196             0      0.68013
_SET1_   773          19   13317256   13617274   1041     111  500199       1.5283     0.008324             0       1.5283
_SET1_   90379        19   14063319   14072256      6       3  500199      -1.1265      0.75344             0      -1.1265
_SET1_   5566         19   14202500   14228559     14       2  500199    -0.020896      0.42235   -4.1633e-17    -0.020896
_SET1_   5585         19   14544166   14582679    103      22  500199      0.45307      0.17687   -5.5511e-17      0.45307
_SET1_   23476        19   15348301   15443354    122      20  500199       2.1943    0.0041563             0       2.1943
_SET1_   26993        19   15490859   15529916     69       7  500199       2.4991    0.0019556             0       2.4991
_SET1_   26017        19   16296235   16302857     15       4  500199     -0.64792      0.62326             0     -0.64792
_SET1_   8907         19   16308665   16346156    121       7  500199      -1.1882      0.78891             0      -1.1882
_SET1_   79939        19   16660648   16683193     30       8  500199     -0.94699       0.7196             0     -0.94699
_SET1_   79041        19   16771938   16799830     76      12  500199     0.086641      0.33691   -4.1633e-17     0.086641
_SET1_   79575        19   17402940   17414282     37       9  500199       1.5349     0.022939             0       1.5349
_SET1_   79709        19   17666511   17693968     80      16  500199     -0.86548      0.65767             0     -0.86548
_SET1_   23025        19   17712137   17799123    329      57  500199      -1.4228      0.80454             0      -1.4228
_SET1_   55201        19   17830303   17845324     63       8  500199       1.3208     0.039186             0       1.3208
_SET1_   3718         19   17935591   17958880     37       9  500199     -0.63757      0.57984             0     -0.63757
_SET1_   3780         19   18062111   18110133    107      16  500199     -0.91735      0.67874             0     -0.91735
_SET1_   5296         19   18263988   18281343     33       7  500199      0.19224      0.27284   -2.7756e-17      0.19224
_SET1_   5864         19   18307609   18314874     15       4  500199      0.31569      0.23739   -5.5511e-17      0.31569
_SET1_   25804        19   18417040   18434001     41       8  500199       2.5977    0.0013328             0       2.5977
_SET1_   8625         19   19303008   19312678     17       4  500199       2.4486    0.0034794             0       2.4486
_SET1_   126382       19   19312223   19314238      1       1  500199       1.6498     0.058599             0       1.6498
_SET1_   404037       19   19366450   19373596     18       3  500199      -0.1103      0.43301   -4.1633e-17      -0.1103
_SET1_   148206       19   21264953   21307897    163      12  500199       2.1066    0.0061281             0       2.1066
_SET1_   163227       19   21906417   21950430    189      14  500199       1.1495     0.059322             0       1.1495
_SET1_   7644         19   23540498   23578269    115      10  500199      -1.1936      0.77966             0      -1.1936
_SET1_   7386         19   29698167   29704136     20       6  500199       1.7686     0.018792             0       1.7686
_SET1_   83636        19   30189793   30206696     56      12  500199    -0.020392      0.34085   -4.1633e-17    -0.020392
_SET1_   898          19   30302805   30315224     28      10  500199      0.77535      0.11422             0      0.77535
_SET1_   8725         19   30414551   30507519    166      17  500199       3.0642   0.00030368             0       3.0642
_SET1_   55094        19   33571786   33621318    149      10  500199      -0.2501       0.4252   -5.5511e-17      -0.2501
_SET1_   1054         19   33864575   33873592     19       8  500199     -0.47997      0.53011   -5.5511e-17     -0.47997
_SET1_   5184         19   33877855   34012799    627      33  500199      -1.1311      0.63653             0      -1.1311
_SET1_   26065        19   34663352   34720420    157      13  500199     -0.42258      0.46602   -5.5511e-17     -0.42258
_SET1_   10054        19   34919264   34960798     84      14  500199      -1.4473      0.86279             0      -1.4473
_SET1_   55900        19   35168553   35177302     37       8  500199       1.0456     0.075892             0       1.0456
_SET1_   6324         19   35521555   35531353     24       6  500199       1.7338     0.017407             0       1.7338
_SET1_   5348         19   35629693   35633959      8       3  500199     0.085131      0.32196   -4.1633e-17     0.085131
_SET1_   25999        19   36505562   36523797     33      12  500199     -0.86846      0.66371             0     -0.86846
_SET1_   826          19   36630918   36641255     20       8  500199     -0.71758      0.64412             0     -0.71758
_SET1_   57711        19   37034517   37096178    133      16  500199     -0.38878      0.45673   -5.5511e-17     -0.38878
_SET1_   148266       19   37901778   37960167    108      18  500199     -0.35047      0.46592   -5.5511e-17     -0.35047
_SET1_   390927       19   37997323   38034239     73      19  500199     0.053969      0.30996   -4.1633e-17     0.053969
_SET1_   84775        19   38187264   38210691     61      12  500199     -0.45067      0.50445   -5.5511e-17     -0.45067
_SET1_   5714         19   38865190   38874464     29       7  500199      0.38827      0.28033   -5.5511e-17      0.38827
_SET1_   126433       19   39514661   39523198     28       6  500199      0.26173      0.24745   -5.5511e-17      0.26173
_SET1_   57622        19   39797457   39806740     12       4  500199       1.2335     0.080625             0       1.2335
_SET1_   6829         19   39936186   39967310    104      13  500199      0.19604      0.24888   -2.7756e-17      0.19604
_SET1_   92609        19   39971052   39981528     28       8  500199      0.33099      0.21913   -5.5511e-17      0.33099
_SET1_   126272       19   40021630   40023494      4       2  500199     -0.50903      0.55429             0     -0.50903
_SET1_   163126       19   40029446   40030838      4       2  500199     -0.66052      0.61849             0     -0.66052
_SET1_   5704         19   40476912   40487671     31       7  500199      -2.0688      0.96849             0      -2.0688
_SET1_   4294         19   40697504   40721487     37       9  500199     -0.18924      0.40821   -2.7756e-17     -0.18924
_SET1_   23646        19   40854302   40884392     85      20  500199      -1.1254      0.73953             0      -1.1254
_SET1_   112398       19   41305048   41314346     28       9  500199      -1.0941      0.75972             0      -1.0941
_SET1_   11100        19   41768391   41813811     68       7  500199      0.29021       0.2621   -5.5511e-17      0.29021
_SET1_   56915        19   41892275   41903289     20       2  500199      0.79032      0.13262             0      0.79032
_SET1_   1954         19   42829730   42882921     62       5  500199      -1.1008      0.80966             0      -1.1008
_SET1_   284346       19   44037244   44040290      5       2  500199      0.83906      0.11604             0      0.83906
_SET1_   126298       19   44088519   44100287     21       9  500199       1.9553    0.0081895             0       1.9553
_SET1_   56006        19   44232851   44259142     50       7  500199      0.19338      0.28791   -2.7756e-17      0.19338
_SET1_   284348       19   44300079   44324808     97      16  500199     -0.23321      0.39603   -2.7756e-17     -0.23321
_SET1_   7596         19   44416776   44439411     77       9  500199     0.085026      0.28675   -4.1633e-17     0.085026
_SET1_   7766         19   44556164   44572142     36       8  500199      0.08692      0.31275   -4.1633e-17      0.08692
_SET1_   7769         19   44669215   44682534     16       6  500199        -1.15      0.77642             0        -1.15
_SET1_   284352       19   45596431   45650543    145      14  500199      0.15322       0.2753   -2.7756e-17      0.15322
_SET1_   10849        19   45909467   45914024     20       5  500199      0.54677      0.18175             0      0.54677
_SET1_   6253         19   45988546   46000313     37       8  500199     -0.41217      0.49938   -5.5511e-17     -0.41217
_SET1_   24139        19   46112658   46148775    100      16  500199     -0.12064      0.35949   -4.1633e-17     -0.12064
_SET1_   26145        19   46386866   46389376      4       2  500199       2.2928    0.0045233             0       2.2928
_SET1_   339344       19   46393281   46405862     50      10  500199       1.8549     0.011277             0       1.8549
_SET1_   5536         19   46850251   46896238    121      17  500199       -1.735      0.89356             0       -1.735
_SET1_   55228        19   46969748   46974820     30       4  500199       1.3104     0.047665             0       1.3104
_SET1_   57469        19   46994448   46999169     13       6  500199      -1.2366      0.80845             0      -1.2366
_SET1_   29888        19   47222768   47250251     53      11  500199     -0.88252      0.66458             0     -0.88252
_SET1_   79147        19   47249303   47261832     24       9  500199      -1.4224      0.83435             0      -1.4224
_SET1_   1175         19   47341423   47354203     27      10  500199      0.01745      0.33539   -4.1633e-17      0.01745
_SET1_   2909         19   47421824   47508334    149      19  500199     -0.81848      0.64042             0     -0.81848
_SET1_   23211        19   47567444   47617009     69      10  500199     -0.44857      0.51044   -5.5511e-17     -0.44857
_SET1_   27113        19   47724079   47736023      7       4  500199      0.27594      0.25352   -5.5511e-17      0.27594
_SET1_   6543         19   47931274   47975307     97      14  500199      0.28252      0.24841   -5.5511e-17      0.28252
_SET1_   8775         19   47990891   48018515     55       9  500199      -0.1891       0.4562   -2.7756e-17      -0.1891
_SET1_   9266         19   48972465   48985571     36       5  500199     -0.38689      0.59795   -5.5511e-17     -0.38689
_SET1_   770          19   49141272   49149451     12       3  500199    -0.089777      0.42819   -4.1633e-17    -0.089777
_SET1_   10856        19   49496738   49519183     59       5  500199     -0.19819      0.43894   -2.7756e-17     -0.19819
_SET1_   64130        19   49617618   49621717     18       3  500199      -2.3585      0.97686             0      -2.3585
_SET1_   8541         19   49622646   49654287    105      17  500199      -1.4294      0.82435             0      -1.4294
_SET1_   54795        19   49661016   49715098    174      17  500199     -0.20387      0.38647   -2.7756e-17     -0.20387
_SET1_   57030        19   49932655   49945617     22       8  500199      -1.0476       0.7221             0      -1.0476
_SET1_   55011        19   49949550   49955266     15       2  500199      0.81661      0.12843             0      0.81661
_SET1_   57479        19   50094912   50129696    102      12  500199      0.77785      0.12096             0      0.77785
_SET1_   3661         19   50162826   50169132     14       3  500199      0.78084      0.13055             0      0.78084
_SET1_   23636        19   50410082   50432988     74      14  500199     -0.16898      0.38578   -2.7756e-17     -0.16898
_SET1_   3748         19   50818765   50832634     42      11  500199     -0.70819      0.60722             0     -0.70819
_SET1_   284361       19   50979736   50986608     17       6  500199        1.058     0.070571             0        1.058
_SET1_   84258        19   51125234   51143092     49       9  500199      0.41784      0.19961   -5.5511e-17      0.41784
_SET1_   50944        19   51163052   51220195     97      22  500199    -0.038512       0.3158   -4.1633e-17    -0.038512
_SET1_   402665       19   51815102   51834102     47       9  500199       2.0101    0.0066411             0       2.0101
_SET1_   284370       19   52494587   52511494     65       7  500199      -0.2547      0.44165   -5.5511e-17      -0.2547
_SET1_   5518         19   52693055   52729678    136      17  500199      0.26821      0.23644   -5.5511e-17      0.26821
_SET1_   5582         19   54385467   54410906     27       5  500199      0.11183      0.31671   -4.1633e-17      0.11183
_SET1_   59284        19   54412704   54447195     48      12  500199      0.50463      0.18006             0      0.50463
_SET1_   59283        19   54466290   54493469     80      11  500199      0.73033      0.11648             0      0.73033
_SET1_   55655        19   55476652   55512510    182      24  500199     0.027878      0.28838   -4.1633e-17     0.027878
_SET1_   57106        19   55996557   55998935      4       2  500199     -0.84993      0.67435             0     -0.84993
_SET1_   57573        19   57019212   57041581     84      11  500199     -0.10913      0.36464   -4.1633e-17     -0.10913
_SET1_   388566       19   57078401   57099965     69       8  500199     -0.49288      0.52266   -5.5511e-17     -0.49288
_SET1_   147670       19   57154527   57168614     55       7  500199      0.77384      0.11168             0      0.77384
_SET1_   57343        19   57862645   57871266     33      12  500199       2.1827    0.0041933             0       2.1827
_SET1_   7693         19   58125830   58133636     23       6  500199      0.74656      0.15907             0      0.74656
_SET1_   7710         19   58208594   58220579     37       9  500199      0.45965      0.18491   -5.5511e-17      0.45965
_SET1_   284312       19   58545434   58565999     40       6  500199      0.54308      0.18204             0      0.54308
_SET1_   1            19   58858172   58864865      7       1  500199      -2.8037       0.9968             0      -2.8037
_SET1_   388569       19   58962971   58969199     14       4  500199        2.801   0.00062269             0        2.801
_SET1_   7593         19   59073284   59085757     24       5  500199       2.8276   0.00070883             0       2.8276
_SET1_   128637       20     416124     443187     75      11  500199      -1.6331      0.88095             0      -1.6331
_SET1_   85508        20     642240     656823     22      10  500199      0.68777      0.12592             0      0.68777
_SET1_   27111        20    1290553    1309879     84      26  500199     -0.56098      0.52291             0     -0.56098
_SET1_   140885       20    1874763    1920540    169      23  500199      -1.1039      0.71387             0      -1.1039
_SET1_   64601        20    2821373    2847378     89      10  500199      0.74287      0.11846             0      0.74287
_SET1_   9762         20    3143263    3154238     34      13  500199      0.85077     0.098227             0      0.85077
_SET1_   8455         20    3451665    3631769    510      23  500199     -0.18294      0.30178   -2.7756e-17     -0.18294
_SET1_   80025        20    3869486    3904538     94      13  500199      -1.4638      0.83767             0      -1.4638
_SET1_   11237        20    3912068    3996216    225      19  500199     -0.18416      0.36454   -2.7756e-17     -0.18416
_SET1_   146          20    4201278    4229659    102      21  500199        1.155     0.049471             0        1.155
_SET1_   8760         20    5107407    5178533    187      20  500199      0.61657      0.13429             0      0.61657
_SET1_   1114         20    5891974    5906007     44       8  500199     -0.95342      0.69942             0     -0.95342
_SET1_   56255        20    7961713    8000393    100      11  500199      0.82175      0.11409             0      0.82175
_SET1_   5332         20    9049357    9461463    930      74  500199      0.11645      0.15542   -4.1633e-17      0.11645
_SET1_   24141        20    9495005    9511171     64      13  500199       1.6741     0.018121             0       1.6741
_SET1_   22903        20   11871377   11907243     86       9  500199      -1.2928      0.80637             0      -1.2928
_SET1_   11034        20   17549818   17588887     91      11  500199     -0.31286      0.47677   -5.5511e-17     -0.31286
_SET1_   26074        20   20033158   20341359   1003      60  500199    -0.012779      0.15878   -4.1633e-17    -0.012779
_SET1_   57186        20   20370202   20693281    429      26  500199      -1.3435      0.77714             0      -1.3435
_SET1_   6754         20   23016057   23017314      5       1  500199     -0.05126       0.4022   -4.1633e-17     -0.05126
_SET1_   64412        20   23342769   23353683     32       7  500199     -0.31891      0.46636   -5.5511e-17     -0.31891
_SET1_   63908        20   23355156   23402156    174      15  500199     -0.12203      0.35562   -4.1633e-17     -0.12203
_SET1_   79953        20   24449835   24647253    503      46  500199       1.5506     0.012814             0       1.5506
_SET1_   57136        20   24943566   24973610     99      11  500199       0.2384      0.25941   -2.7756e-17       0.2384
_SET1_   9837         20   25388323   25429191    110      11  500199     0.012358      0.31381   -4.1633e-17     0.012358
_SET1_   343702       20   30555805   30586256     63      21  500199       1.3206     0.038447             0       1.3206
_SET1_   9777         20   30697309   30755061    121      11  500199      0.18471      0.25682   -2.7756e-17      0.18471
_SET1_   23509        20   30795625   30826467     39       8  500199     -0.38287       0.4892   -5.5511e-17     -0.38287
_SET1_   9371         20   30865443   30922814     90      10  500199      0.45711      0.18223   -5.5511e-17      0.45711
_SET1_   171023       20   30946147   31027122    116      10  500199      0.59939       0.1439             0      0.59939
_SET1_   51654        20   31946645   31989375     58      11  500199     -0.45799      0.50463   -5.5511e-17     -0.45799
_SET1_   9139         20   32077928   32237837    145      31  500199      -0.5694      0.54526             0      -0.5694
_SET1_   84905        20   32319566   32380075     96      16  500199     -0.61816       0.5593             0     -0.61816
_SET1_   128866       20   32399110   32442173     48       9  500199      0.24876       0.2406   -2.7756e-17      0.24876
_SET1_   191          20   32868071   32899608     38       4  500199       1.1341     0.086136             0       1.1341
_SET1_   83658        20   33104193   33128762     26       7  500199      -1.1873      0.77215             0      -1.1873
_SET1_   84557        20   33134688   33148149     22       5  500199      -1.6906      0.89985             0      -1.6906
_SET1_   23054        20   33302578   33413433    180      17  500199       1.3582     0.029701             0       1.3582
_SET1_   2686         20   33432523   33460661     56       9  500199       1.8439      0.01169             0       1.8439
_SET1_   55902        20   33462766   33515769     92       8  500199      0.64948       0.1362             0      0.64948
_SET1_   26133        20   33590207   33680618    266      13  500199       1.1831      0.04258             0       1.1831
_SET1_   10893        20   33814539   33864804     90      13  500199      0.78304      0.12029             0      0.78304
_SET1_   11190        20   34042988   34105360    115       9  500199      -1.0942      0.75641             0      -1.0942
_SET1_   10137        20   34236847   34252878     42       7  500199      -0.2119      0.45879   -2.7756e-17      -0.2119
_SET1_   9584         20   34291531   34330258    114       8  500199      0.49219      0.20302   -5.5511e-17      0.49219
_SET1_   51230        20   34359923   34538292    460      16  500199       0.2027      0.22375   -2.7756e-17       0.2027
_SET1_   55969        20   35234137   35240960     10       5  500199     -0.38424      0.54573   -5.5511e-17     -0.38424
_SET1_   57446        20   35280169   35374541    105      35  500199     -0.80638      0.65809             0     -0.80638
_SET1_   10904        20   36145819   36156333     14       4  500199     -0.19761      0.42984   -2.7756e-17     -0.19761
_SET1_   4826         20   36149607   36152092      1       1  500199      0.55845        0.245             0      0.55845
_SET1_   128434       20   36531499   36573752    131      20  500199      -1.2591      0.77792             0      -1.2591
_SET1_   7052         20   36756863   36794910    104      16  500199        1.063     0.068233             0        1.063
_SET1_   140679       20   37353105   37358015      5       2  500199     -0.16517      0.43537   -2.7756e-17     -0.16517
_SET1_   26051        20   37434348   37551667    312      43  500199       1.8146    0.0087921             0       1.8146
_SET1_   7150         20   39657462   39753127    169      30  500199       2.2553    0.0034197             0       2.2553
_SET1_   6431         20   42086504   42092245     12       5  500199     -0.54181      0.57372             0     -0.54181
_SET1_   26013        20   42136320   42179590    130      18  500199     -0.52748      0.52591             0     -0.52748
_SET1_   128486       20   42935197   42939889     10       4  500199      0.39985       0.2261   -5.5511e-17      0.39985
_SET1_   10955        20   43124864   43150726     34       7  500199      0.59717      0.19188             0      0.59717
_SET1_   140730       20   43380445   43438979    112      17  500199      0.21623      0.25007   -2.7756e-17      0.21623
_SET1_   7529         20   43514240   43537173     45       6  500199      0.82336      0.10967             0      0.82336
_SET1_   10953        20   43570771   43589114     25       6  500199      0.37447      0.21726   -5.5511e-17      0.37447
_SET1_   3787         20   43720950   43729753     17       6  500199    -0.057259      0.35583   -4.1633e-17    -0.057259
_SET1_   90203        20   44462256   44471914     31      10  500199      0.74469      0.12553             0      0.74469
_SET1_   5476         20   44519591   44527459     18       5  500199      0.56866      0.16198             0      0.56866
_SET1_   64405        20   44802372   44937137    339      44  500199       2.5363   0.00089853             0       2.5363
_SET1_   51006        20   44978167   44993097     20       7  500199      0.39522      0.23214   -5.5511e-17      0.39522
_SET1_   23613        20   45837994   45985485    214      34  500199       2.6804   0.00069637             0       2.6804
_SET1_   8202         20   46130601   46285621    362      21  500199     -0.67857      0.53872             0     -0.67857
_SET1_   57580        20   47240787   47444420    724      42  500199      -1.1117      0.60327             0      -1.1117
_SET1_   10564        20   47538250   47653230    283      17  500199       1.1946     0.039364             0       1.1946
_SET1_   6780         20   47729876   47804907    166      19  500199       1.8491    0.0090494             0       1.8491
_SET1_   3745         20   47988505   48099181    424      42  500199       1.2411     0.030688             0       1.2411
_SET1_   9334         20   48249482   48330421    195      17  500199       -1.617      0.86319             0       -1.617
_SET1_   23315        20   48429250   48508779    255      19  500199       1.3387     0.029883             0       1.3387
_SET1_   7335         20   48697661   48732496     68       9  500199     -0.79833      0.64419             0     -0.79833
_SET1_   27304        20   49575351   49578400      4       2  500199       -0.781       0.7332             0       -0.781
_SET1_   140689       20   54572413   54580528      7       3  500199     -0.38535      0.52623   -5.5511e-17     -0.38535
_SET1_   1477         20   54967427   54979582     32       9  500199      0.01416      0.32933   -4.1633e-17      0.01416
_SET1_   57403        20   56884771   56942563    186      23  500199     -0.46811      0.49589   -5.5511e-17     -0.46811
_SET1_   8675         20   57226309   57254582     67      14  500199      0.16241       0.2726   -2.7756e-17      0.16241
_SET1_   2778         20   57414756   57486250    198      42  500199     -0.36822      0.44866   -5.5511e-17     -0.36822
_SET1_   10388        20   58438612   58508704    140       5  500199      -0.8177      0.73761             0      -0.8177
_SET1_   5688         20   60711783   60718514     15       2  500199      -2.1689      0.97158             0      -2.1689
_SET1_   26039        20   60718816   60757566    169      12  500199      -1.8256      0.92773             0      -1.8256
_SET1_   11255        20   60790017   60795323      7       4  500199      0.98871     0.084865             0      0.98871
_SET1_   9885         20   60813541   60871269    160      17  500199      0.27728      0.21529   -5.5511e-17      0.27728
_SET1_   81928        20   60963686   60982339     90      11  500199      -1.9012      0.92471             0      -1.9012
_SET1_   4923         20   61340189   61394123    179      26  500199        -1.38      0.81134             0        -1.38
_SET1_   1137         20   61974662   62009487    114      22  500199       1.0676     0.061941             0       1.0676
_SET1_   3785         20   62031561   62103993    232      26  500199       -1.887      0.90787             0       -1.887
_SET1_   1917         20   62119365   62130668     31       7  500199     -0.60217      0.55814             0     -0.60217
_SET1_   50861        20   62271058   62284963     39       7  500199      0.25541      0.24553   -5.5511e-17      0.25541
_SET1_   51750        20   62289163   62327606    161      17  500199      0.93868      0.07709             0      0.93868
_SET1_   140685       20   62375021   62463731    397      20  500199       1.4498     0.017897             0       1.4498
_SET1_   7165         20   62496581   62522898     61       9  500199     0.055649       0.3475   -4.1633e-17     0.055649
_SET1_   80331        20   62526455   62567384    138      14  500199       1.2664      0.04417             0       1.2664
_SET1_   6919         20   62688439   62703700     44      10  500199     -0.02157      0.33126   -4.1633e-17     -0.02157
_SET1_   2832         20   62737183   62738184      4       2  500199     -0.81486      0.67322             0     -0.81486
_SET1_   6782         21   15743436   15755509     47      10  500199     -0.62997      0.58094             0     -0.62997
_SET1_   4685         21   22370633   22913892   1834      97  500199     -0.70032      0.19848             0     -0.70032
_SET1_   29104        21   30244513   30257695     58       8  500199       -1.111      0.76035             0       -1.111
_SET1_   10694        21   30428647   30446010     33      10  500199      -1.9704      0.93942             0      -1.9704
_SET1_   6647         21   33031935   33041244     20       7  500199       -1.859      0.93118             0       -1.859
_SET1_   30811        21   33245628   33376377    453      56  500199      -1.4739      0.79818             0      -1.4739
_SET1_   8867         21   33997269   34100351    166      20  500199      0.80575      0.09362             0      0.80575
_SET1_   6651         21   34915344   34949820     33       9  500199      -0.9209      0.68855             0      -0.9209
_SET1_   6453         21   35014706   35261609    497      72  500199      -1.6044      0.84198             0      -1.6044
_SET1_   539          21   35275757   35288158     46      12  500199      0.45689      0.18193   -5.5511e-17      0.45689
_SET1_   23515        21   37692360   37749999    177      12  500199     -0.61838      0.57329             0     -0.61838
_SET1_   8208         21   37757689   37789125    112      13  500199      0.20882      0.28067   -2.7756e-17      0.20882
_SET1_   7267         21   38445554   38575408    455      16  500199      -1.1745      0.68204             0      -1.1745
_SET1_   3763         21   38996778   39288741   1006      73  500199     -0.77001      0.40883             0     -0.77001
_SET1_   5121         21   41239347   41301322    284      46  500199      0.10369      0.25652   -4.1633e-17      0.10369
_SET1_   4599         21   42792520   42831141    205      16  500199      0.52927      0.13831             0      0.52927
_SET1_   49854        21   43406940   43430496     62      12  500199      -1.8335      0.91643             0      -1.8335
_SET1_   54020        21   43919742   44001550    388      28  500199     -0.89026      0.59788             0     -0.89026
_SET1_   23076        21   45079432   45115960     53       6  500199       1.3727     0.037066             0       1.3727
_SET1_   8566         21   45138978   45182188    134      26  500199      -1.2855      0.78495             0      -1.2855
_SET1_   5211         21   45719925   45747261    114      12  500199       -1.252      0.78331             0       -1.252
_SET1_   7226         21   45770046   45862964    185      15  500199     -0.29022       0.4248   -5.5511e-17     -0.29022
_SET1_   6612         21   46225532   46238044     57      14  500199      -1.4425      0.84898             0      -1.4425
_SET1_   754          21   46269500   46294487    116      22  500199     -0.89019      0.66173             0     -0.89019
_SET1_   104          21   46494493   46646478    452      30  500199       3.1748   6.5436e-05             0       3.1748
_SET1_   1291         21   47401663   47424963     91      17  500199      0.86809     0.088324             0      0.86809
_SET1_   4047         21   47608360   47648738    134      16  500199      0.83636     0.091243             0      0.83636
_SET1_   8888         21   47655047   47706211    167      21  500199      0.94036     0.072618             0      0.94036
_SET1_   23181        21   47878862   47989926    414      27  500199      0.11634      0.21818   -4.1633e-17      0.11634
_SET1_   27439        22   17597189   17602257     23       7  500199     -0.31094      0.45869   -5.5511e-17     -0.31094
_SET1_   529          22   18074902   18111588    197      11  500199       1.4532     0.025833             0       1.4532
_SET1_   9993         22   19023795   19109967    339      15  500199     -0.13641      0.32614   -2.7756e-17     -0.13641
_SET1_   7290         22   19318221   19419247    210      17  500199      0.49062      0.17313   -5.5511e-17      0.49062
_SET1_   128977       22   19428409   19435755     14       5  500199       1.7235     0.017336             0       1.7235
_SET1_   1312         22   19929263   19957498    116      21  500199      0.34484      0.19549   -5.5511e-17      0.34484
_SET1_   421          22   19954126   20004325    208      25  500199       2.9813    0.0002345             0       2.9813
_SET1_   29801        22   20119364   20135530     49       9  500199       2.8806   0.00057211             0       2.8806
_SET1_   65078        22   20228938   20255816     21       5  500199      0.73147      0.11877             0      0.73147
_SET1_   84861        22   20795806   20850170    104       8  500199       1.7176     0.016383             0       1.7176
_SET1_   5297         22   21061979   21213100    388      14  500199      -1.5654       0.8218             0      -1.5654
_SET1_   1399         22   21271714   21308037     88       8  500199     -0.33663      0.47385   -5.5511e-17     -0.33663
_SET1_   6545         22   21382995   21387163     11       3  500199      0.73912      0.13859             0      0.73912
_SET1_   29799        22   22051825   22090071    129      25  500199       1.2114     0.045816             0       1.2114
_SET1_   5594         22   22113946   22221970    255      19  500199     -0.32621      0.41106   -5.5511e-17     -0.32621
_SET1_   140883       22   22838767   22863505     72       7  500199     -0.08846      0.42506   -4.1633e-17     -0.08846
_SET1_   27156        22   23401593   23495807    188      16  500199      0.12332      0.25471   -4.1633e-17      0.12332
_SET1_   2781         22   23412669   23467224    111      11  500199     -0.13241      0.37113   -2.7756e-17     -0.13241
_SET1_   613          22   23522402   23660224    397      32  500199      -1.1192      0.68166             0      -1.1192
_SET1_   66035        22   24199059   24227738     73      12  500199      -1.3846      0.82914             0      -1.3846
_SET1_   23384        22   24666785   24813708    365      17  500199     0.037713      0.29267   -4.1633e-17     0.037713
_SET1_   83606        22   24936406   24951901     43       7  500199     -0.68253      0.65093             0     -0.68253
_SET1_   6634         22   24951618   24970932     42       8  500199     -0.76189      0.68879             0     -0.76189
_SET1_   129049       22   25202136   25322813    520      61  500199       1.5415     0.013946             0       1.5415
_SET1_   85379        22   25348676   25593415    670      63  500199     -0.19357      0.28092   -2.7756e-17     -0.19357
_SET1_   157          22   25960861   26125259    420      20  500199     -0.18003      0.40052   -2.7756e-17     -0.18003
_SET1_   57168        22   26825280   26840978     45      10  500199      0.21445      0.25577   -2.7756e-17      0.21445
_SET1_   89781        22   26846848   26879829    104      16  500199      0.52097      0.18435             0      0.52097
_SET1_   23760        22   28247657   28315255    126      16  500199       1.1724     0.062166             0       1.1724
_SET1_   23331        22   28374002   29075853   1303      41  500199       1.0712       0.0112             0       1.0712
_SET1_   150275       22   29168662   29185283     52      10  500199       1.0808     0.073291             0       1.0808
_SET1_   4744         22   29876181   29887279     32       9  500199       1.3608     0.037045             0       1.3608
_SET1_   8508         22   29950797   29977326     74       9  500199      0.83757       0.1001             0      0.83757
_SET1_   10291        22   30727977   30752931     84      15  500199      0.42549      0.19145   -5.5511e-17      0.42549
_SET1_   23481        22   30972612   31003000    128      27  500199       1.7652     0.013264             0       1.7652
_SET1_   339665       22   31031793   31043862     59      15  500199     -0.33917      0.48182   -5.5511e-17     -0.33917
_SET1_   4733         22   31795539   31830172     73      12  500199      -1.2284      0.78634             0      -1.2284
_SET1_   9814         22   31892125   32014537    412      22  500199      -1.5008      0.82507             0      -1.5008
_SET1_   253143       22   32077333   32146120    159      19  500199       -1.126      0.76744             0       -1.126
_SET1_   7533         22   32340479   32353590     38       7  500199    -0.021641      0.35032   -4.1633e-17    -0.021641
_SET1_   51493        22   32783562   32808274    103      19  500199     -0.48604      0.51717   -5.5511e-17     -0.48604
_SET1_   25793        22   32870707   32894818     84       9  500199     -0.95018      0.68831             0     -0.95018
_SET1_   8224         22   32908539   33454377   1867     121  500199      -2.2723      0.79175             0      -2.2723
_SET1_   9215         22   33668509   34316464   2342     166  500199    -0.051219      0.04384   -4.1633e-17    -0.051219
_SET1_   23551        22   35936556   35950048     34       8  500199      0.98612     0.075311             0      0.98612
_SET1_   80832        22   36585176   36600879    121      15  500199     -0.57013      0.51793             0     -0.57013
_SET1_   23780        22   36622255   36636000     70      13  500199      0.20233       0.2498   -2.7756e-17      0.20233
_SET1_   4627         22   36677323   36784107    329      36  500199      -1.5866      0.84057             0      -1.5866
_SET1_   10369        22   36956916   37098690    399      48  500199       2.6929   0.00047907             0       2.6929
_SET1_   4357         22   37415683   37425863     34       9  500199      0.37655      0.21006   -5.5511e-17      0.37655
_SET1_   6753         22   37600277   37616472     63      11  500199        1.131     0.053874             0        1.131
_SET1_   114794       22   37764000   37823505    225      29  500199      -1.3344      0.77682             0      -1.3344
_SET1_   57026        22   38054737   38062939     21       4  500199     -0.37426      0.49589   -5.5511e-17     -0.37426
_SET1_   51386        22   38245379   38284789     50      10  500199    0.0055811      0.33268   -4.1633e-17    0.0055811
_SET1_   5435         22   38349674   38368463     22       3  500199      0.60056      0.17034             0      0.60056
_SET1_   3761         22   38822332   38851205     90      19  500199     -0.50642      0.52725             0     -0.50642
_SET1_   10521        22   38879443   38903622     38      10  500199       1.1557     0.066541             0       1.1557
_SET1_   10126        22   39174513   39190161     32       9  500199      -1.3883      0.83336             0      -1.3883
_SET1_   23466        22   39257468   39268258     23       9  500199     -0.23986      0.44013   -2.7756e-17     -0.23986
_SET1_   23492        22   39526777   39548661     71      10  500199     -0.94428      0.68746             0     -0.94428
_SET1_   9145         22   39745954   39781593    131      18  500199     -0.76781      0.61029             0     -0.76781
_SET1_   4248         22   39843235   39888199     86      16  500199     -0.75468      0.60841             0     -0.75468
_SET1_   54471        22   39898197   39914139     26       9  500199      0.40002      0.20237   -5.5511e-17      0.40002
_SET1_   23112        22   40440046   40731812    511      22  500199       2.6513   0.00034814             0       2.6513
_SET1_   2847         22   41075182   41078818      8       4  500199      0.65001      0.14422             0      0.65001
_SET1_   23264        22   41697507   41756151     91      10  500199       1.5879     0.021114             0       1.5879
_SET1_   10766        22   41829492   41844234     17       3  500199       0.7719      0.13798             0       0.7719
_SET1_   4809         22   42069937   42085296     52       6  500199       0.2471      0.28011   -2.7756e-17       0.2471
_SET1_   79640        22   42086547   42094140     11       3  500199    -0.080468       0.4228   -4.1633e-17    -0.080468
_SET1_   6721         22   42229083   42303312    183      26  500199     -0.99146      0.69575             0     -0.99146
_SET1_   55964        22   42372855   42394225     57      11  500199     -0.88214       0.6658             0     -0.88214
_SET1_   23170        22   43562628   43583137    103      18  500199      0.19798      0.25097   -2.7756e-17      0.19798
_SET1_   758          22   43807202   43903688    381      47  500199     -0.30476      0.37815   -5.5511e-17     -0.30476
_SET1_   25830        22   44220387   44258378    149      17  500199      0.25226      0.23133   -5.5511e-17      0.25226
_SET1_   25813        22   44351261   44392412    151      18  500199      -1.0887      0.71919             0      -1.0887
_SET1_   85352        22   44639545   44727470    310      50  500199     -0.36067      0.42106   -5.5511e-17     -0.36067
_SET1_   84247        22   44888450   44894005     24       3  500199        1.045     0.075682             0        1.045
_SET1_   10762        22   45559726   45583892     94      10  500199       1.8792     0.009698             0       1.8792
_SET1_   23151        22   46973124   47078652    488      37  500199    -0.015233       0.2446   -4.1633e-17    -0.015233
_SET1_   64781        22   47080307   47134152    206      35  500199     0.062733      0.27396   -4.1633e-17     0.062733
_SET1_   56666        22   50609160   50618724     29      12  500199     -0.54179      0.54364             0     -0.54179
_SET1_   83642        22   50639408   50656045     57      11  500199      0.19621       0.2524   -2.7756e-17      0.19621
_SET1_   85378        22   50656118   50683453    107      16  500199     -0.67537       0.6046             0     -0.67537
_SET1_   6300         22   50691331   50700248     41       7  500199      -0.6875       0.5999             0      -0.6875
_SET1_   23654        22   50713408   50746062     99      18  500199     -0.19755      0.38135   -2.7756e-17     -0.19755
_SET1_   9701         22   50781746   50883519    387      28  500199       0.3738      0.15646   -5.5511e-17       0.3738
_SET1_   6305         22   50883429   50913467     92      19  500199     -0.51956       0.5166             0     -0.51956
_SET1_   1890         22   50964181   50968514     11       5  500199      0.30195      0.24055   -5.5511e-17      0.30195
_SET1_   23542        22   51039131   51049979     59      12  500199       1.3733     0.036624             0       1.3733
_SET1_   85358        22   51113070   51171640    139      28  500199      -1.0276      0.69653             0      -1.0276

# _SET2_  VARIABLE = brainseq__hippocampus__M001 (set)
# _SET2_  NGENES = 574
# _SET2_  P-VALUE = 1.523e-05
_SET2_   GENE        CHR      START       STOP  NSNPS  NPARAM       N        ZSTAT            P  ZFITTED_BASE  ZRESID_BASE
_SET2_   80772         1    1260136    1264276      4       1  500199       1.0616      0.11502             0       1.0616
_SET2_   57470         1    3696784    3713068     72      12  500199     -0.45558       0.5175   -5.5511e-17     -0.45558
_SET2_   10277         1   10093041   10241297    324      18  500199      -1.2034      0.78297             0      -1.2034
_SET2_   5195          1   10535003   10690815    401      32  500199     -0.78575      0.55556             0     -0.78575
_SET2_   23013         1   16174359   16266951    155      20  500199      0.30195      0.22033   -5.5511e-17      0.30195
_SET2_   55707         1   16767167   16786585     51      13  500199      0.12218       0.2869   -4.1633e-17      0.12218
_SET2_   4681          1   19969723   19984949     57      16  500199      -1.1022       0.7357             0      -1.1022
_SET2_   8672          1   21132785   21503381    777      30  500199       1.7177    0.0042595             0       1.7177
_SET2_   5909          1   21922708   21996010    274      39  500199       2.0487    0.0048209             0       2.0487
_SET2_   23028         1   23345937   23410184     79      11  500199       0.5079      0.17102             0       0.5079
_SET2_   57185         1   24742245   24799473    178      18  500199      -1.5676      0.85037             0      -1.5676
_SET2_   8289          1   27022522   27108601    122       9  500199     -0.17568      0.43974   -2.7756e-17     -0.17568
_SET2_   23038         1   27561007   27635124    113      15  500199       1.6043     0.024702             0       1.6043
_SET2_   8073          1   32372022   32403988     40       9  500199      0.41754      0.22727   -5.5511e-17      0.41754
_SET2_   6421          1   35641981   35658766     25       2  500199      -1.4559      0.92293             0      -1.4559
_SET2_   9967          1   36690017   36770958    102      11  500199       1.0063     0.084718             0       1.0063
_SET2_   64769         1   37955561   37980420     84      15  500199       1.3702      0.03469             0       1.3702
_SET2_   4610          1   40361096   40367687     12       6  500199      0.35132      0.22625   -5.5511e-17      0.35132
_SET2_   1298          1   40766162   40782939     64      11  500199     -0.28255      0.48358   -5.5511e-17     -0.28255
_SET2_   64744         1   40839378   40888998    120      22  500199       1.6189     0.018907             0       1.6189
_SET2_   4904          1   43148060   43168024     36      11  500199     -0.92039      0.69018             0     -0.92039
_SET2_   4678          1   46049660   46084578     56       9  500199      0.18883      0.27177   -2.7756e-17      0.18883
_SET2_   54558         1   48761044   48937876    347      32  500199       1.0913     0.049764             0       1.0913
_SET2_   1600          1   57460453   58716211   3978     203  500199     0.088694     0.025496   -4.1633e-17     0.088694
_SET2_   57685         1   64936476   65158741    493      68  500199      -2.2764      0.95816             0      -2.2764
_SET2_   84251         1   66999066   67210768    771      25  500199       5.4468    9.734e-11             0       5.4468
_SET2_   57708         1   67390578   67454302    147      15  500199       3.5422   3.3412e-05             0       3.5422
_SET2_   1647          1   68150860   68154021      7       2  500199     -0.78759      0.66882             0     -0.78759
_SET2_   9406          1   71528974   71546972     31       9  500199        1.257        0.048             0        1.257
_SET2_   257194        1   71868625   72748533   1990     100  500199       4.3437   1.0964e-09             0       4.3437
_SET2_   34            1   76190043   76229355    150      13  500199     0.014181       0.3103   -4.1633e-17     0.014181
_SET2_   81849         1   77333126   77533223    511      34  500199      -2.2482      0.93703             0      -2.2482
_SET2_   11080         1   78444847   78483648     92      21  500199       0.2354      0.27663   -2.7756e-17       0.2354
_SET2_   79739         1   84335057   84464850    351      16  500199      0.11491      0.24254   -4.1633e-17      0.11491
_SET2_   84144         1   85623356   85667292    129      15  500199       0.1946       0.2685   -2.7756e-17       0.1946
_SET2_   23507         1   89989933   90063420    201      17  500199      -1.0674      0.69965             0      -1.0674
_SET2_   284695        1   90460678   90494101     50      13  500199     -0.97857      0.71919             0     -0.97857
_SET2_   1629          1  100652478  100715409    131      11  500199     -0.34895      0.49513   -5.5511e-17     -0.34895
_SET2_   148867        1  101361632  101552821    297      19  500199      0.61877      0.12549             0      0.61877
_SET2_   1301          1  103342023  103574052   1040      33  500199       1.0409     0.018464             0       1.0409
_SET2_   55599         1  104068323  104097861     49      12  500199      0.30266      0.22871   -5.5511e-17      0.30266
_SET2_   55119         1  109234932  109244425      7       4  500199      0.19454      0.30258   -2.7756e-17      0.19454
_SET2_   3752          1  112318444  112532147    710      85  500199     -0.30424      0.34208   -5.5511e-17     -0.30424
_SET2_   51592         1  114935399  115053781    304      19  500199       2.1369    0.0039973             0       2.1369
_SET2_   54834         1  118406107  118472302    153       9  500199   -0.0052845      0.38778   -4.1633e-17   -0.0052845
_SET2_   10885         1  118472372  118503049     70       8  500199      -0.3457      0.51026   -5.5511e-17      -0.3457
_SET2_   81609         1  151584454  151671559    115      15  500199     0.056249      0.29937   -4.1633e-17     0.056249
_SET2_   26097         1  153606458  153618782     32       5  500199    -0.041153      0.35589   -4.1633e-17    -0.041153
_SET2_   10899         1  153946745  153951096      2       1  500199       1.9212     0.013907             0       1.9212
_SET2_   9722          1  162039581  162339813   1124      60  500199       2.7103   6.7471e-05             0       2.7103
_SET2_   4921          1  162602228  162756409    409      32  500199     -0.08608      0.31648   -4.1633e-17     -0.08608
_SET2_   4259          1  165600110  165625373     97      19  500199      0.83883      0.09409             0      0.83883
_SET2_   5451          1  167190066  167396582    409      24  500199       1.8433    0.0075093             0       1.8433
_SET2_   5396          1  170633313  170708541    133      22  500199      0.16502      0.25758   -2.7756e-17      0.16502
_SET2_   27            1  179068462  179198819    318      21  500199     -0.34188          0.4   -5.5511e-17     -0.34188
_SET2_   777           1  181452447  181775920    835      66  500199       2.4928   0.00039985             0       2.4928
_SET2_   2752          1  182350839  182361341     35       8  500199     -0.17722      0.39447   -2.7756e-17     -0.17722
_SET2_   343450        1  196194913  196577690    701      22  500199    -0.073371      0.23966   -4.1633e-17    -0.073371
_SET2_   23418         1  197170592  197447585    449      47  500199       2.6753   0.00042345             0       2.6753
_SET2_   140609        1  198126108  198291550    518      22  500199       1.9502    0.0043083             0       1.9502
_SET2_   4660          1  202317830  202557697    354      20  500199      -0.4919      0.44103   -5.5511e-17      -0.4919
_SET2_   493           1  203595915  203713209    290      35  500199     -0.71428      0.56765             0     -0.71428
_SET2_   55432         1  207217194  207226325     18       6  500199      0.20033      0.26853   -2.7756e-17      0.20033
_SET2_   55758         1  211432708  211489727    196      26  500199      0.77888      0.11133             0      0.77888
_SET2_   7188          1  211499849  211548403    123      22  500199      0.77682      0.11889             0      0.77682
_SET2_   5525          1  212458879  212535205    179      23  500199       1.0761     0.056674             0       1.0761
_SET2_   55740         1  225674534  225840845    390      18  500199     -0.57911      0.51913             0     -0.57911
_SET2_   375           1  228270361  228286913     27       7  500199     0.022772      0.35493   -4.1633e-17     0.022772
_SET2_   10806         1  243419307  243663393    471      40  500199       1.8301    0.0062316             0       1.8301
_SET2_   80851         1  249104645  249120154     23       4  500199    -0.036965      0.40445   -4.1633e-17    -0.036965
_SET2_   151354        2   14772810   14780170      6       3  500199     -0.38851      0.51149   -5.5511e-17     -0.38851
_SET2_   5500          2   28974614   29025806    120      14  500199     -0.60066      0.54429             0     -0.60066
_SET2_   92906         2   38789120   38830178    106      16  500199      -1.0336      0.75519             0      -1.0336
_SET2_   6654          2   39208690   39347686    297      12  500199      -1.1655      0.77619             0      -1.1655
_SET2_   8491          2   39476407   39664453    469      26  500199     -0.67727      0.53906             0     -0.67727
_SET2_   5495          2   44395984   44471570    161      17  500199       1.5172     0.022951             0       1.5172
_SET2_   9581          2   44544746   44589001    127      14  500199      -1.5314      0.86062             0      -1.5314
_SET2_   9655          2   46926099   46989927    284      26  500199      0.11769      0.25799   -4.1633e-17      0.11769
_SET2_   3344          2   48541783   48606434    221      23  500199      0.79182     0.091299             0      0.79182
_SET2_   57142         2   55199325   55307770    336      25  500199       2.0339    0.0042596             0       2.0339
_SET2_   51057         2   63348518   63815867   1018      31  500199       1.4582    0.0052171             0       1.4582
_SET2_   5534          2   68405979   68483392    152      11  500199     -0.23363      0.39612   -2.7756e-17     -0.23363
_SET2_   2677          2   85771978   85788657     51      12  500199      -1.2744      0.80233             0      -1.2744
_SET2_   55818         2   86668271   86719839    117      17  500199       3.6608   2.2154e-05             0       3.6608
_SET2_   51011         2   96068439   96082357      9       5  500199       2.0919    0.0065828             0       2.0919
_SET2_   375248        2   97778923   97930258    114       8  500199       3.2444   0.00015093             0       3.2444
_SET2_   284996        2  101887681  101925178     67      14  500199       1.1981     0.048743             0       1.1981
_SET2_   79074         2  105953714  105976514     67      13  500199      -1.1777      0.76804             0      -1.1777
_SET2_   150472        2  114195268  114253781     28       2  500199     0.063179      0.38944   -4.1633e-17     0.063179
_SET2_   54520         2  118673054  118771739    341      24  500199       2.9202    0.0002149             0       2.9202
_SET2_   51141         2  118846033  118867604     50      16  500199      0.94012      0.08328             0      0.94012
_SET2_   57669         2  120770604  120936697    319      15  500199      -1.2736      0.76721             0      -1.2736
_SET2_   129684        2  124782864  125672954   2911     134  500199        2.799   1.6036e-06             0        2.799
_SET2_   55339         2  128461808  128568761    269      25  500199       1.2054     0.043941             0       1.2054
_SET2_   3176          2  138721808  138773934     93       7  500199      -1.6747       0.8988             0      -1.6747
_SET2_   55777         2  148778580  149271046   1093      50  500199      0.70288     0.034128             0      0.70288
_SET2_   2820          2  157291965  157442915    322      19  500199     -0.52817      0.48235             0     -0.52817
_SET2_   29994         2  160175490  160473059    899      58  500199       2.4295   0.00035376             0       2.4295
_SET2_   25801         2  163200583  163236525     38      21  500199    -0.028475      0.37329   -4.1633e-17    -0.028475
_SET2_   2888          2  165349323  165478360    233      36  500199       1.1356      0.04817             0       1.1356
_SET2_   129831        2  178977149  178994383     32      11  500199      -2.4965      0.98023             0      -2.4965
_SET2_   114880        2  179059208  179264160    621      43  500199      -2.1247      0.91269             0      -2.1247
_SET2_   3685          2  187454058  187545629    152      23  500199      0.26888      0.21811   -5.5511e-17      0.26888
_SET2_   10203         2  188206690  188313021    261      20  500199     -0.74139      0.57749             0     -0.74139
_SET2_   26275         2  191069355  191184771    368      11  500199     -0.38462      0.42573   -5.5511e-17     -0.38462
_SET2_   4664          2  191513621  191557492     98      15  500199        2.249    0.0032675             0        2.249
_SET2_   4430          2  192110107  192290115    362      17  500199      -1.4433      0.79235             0      -1.4433
_SET2_   23671         2  192770615  193059645    623      69  500199     0.063409      0.21886   -4.1633e-17     0.063409
_SET2_   23451         2  198256698  198299815     59      11  500199       2.6497    0.0010345             0       2.6497
_SET2_   4719          2  206987803  207024243    115      13  500199       1.2189     0.043498             0       1.2189
_SET2_   4133          2  210288733  210598842    813      31  500199      0.31999      0.12098   -5.5511e-17      0.31999
_SET2_   79137         2  220042939  220050197     27       5  500199       2.9721   0.00042937             0       2.9721
_SET2_   57624         2  226264426  226518734    506      41  500199       3.7733   3.9451e-06             0       3.7733
_SET2_   10920         2  237993870  238007489     35       7  500199      0.98638      0.10974             0      0.98638
_SET2_   7182          3   14989091   15090780    204      25  500199       0.2545      0.23483   -5.5511e-17       0.2545
_SET2_   23243         3   15708743   15901053    417      17  500199      -1.6003       0.8294             0      -1.6003
_SET2_   23228         3   16974582   17132098    427      24  500199      -1.0638      0.65671             0      -1.0638
_SET2_   64343         3   28363844   28390915     26       6  500199     -0.42565      0.50426   -5.5511e-17     -0.42565
_SET2_   7342          3   33429828   33481897    141      16  500199        1.022     0.071181             0        1.022
_SET2_   9209          3   37094117   37217992    235      15  500199      -1.0835      0.70116             0      -1.0835
_SET2_   54861         3   43328004   43392635     86      25  500199      0.83121      0.11206             0      0.83121
_SET2_   8994          3   45636323   45722755    321      20  500199     -0.39746      0.43834   -5.5511e-17     -0.39746
_SET2_   79443         3   45959391   46037316    229      21  500199     -0.84827      0.61631             0     -0.84827
_SET2_   5364          3   48445261   48471460     29       7  500199       1.5922     0.021128             0       1.5922
_SET2_   10181         3   50126341   50156397     31       7  500199       2.2964    0.0031213             0       2.2964
_SET2_   26060         3   57261765   57307499     79      13  500199      0.50117      0.17018             0      0.50117
_SET2_   57406         3   58223233   58280463    213      20  500199    -0.086573      0.32441   -4.1633e-17    -0.086573
_SET2_   11102         3   58291972   58305920     49       8  500199      0.51334      0.18006             0      0.51334
_SET2_   7110          3   69068978   69101484     66      11  500199     -0.23027      0.40738   -2.7756e-17     -0.23027
_SET2_   317649        3   71728440   71803924    265      30  500199       2.2282    0.0027299             0       2.2282
_SET2_   6091          3   78646388   79817059   2932     112  500199      -1.2469      0.24516             0      -1.2469
_SET2_   285220        3   96533425   97467786   1401      76  500199       1.0006     0.014871             0       1.0006
_SET2_   214           3  105085557  105295757    701      40  500199     -0.55777      0.39367             0     -0.55777
_SET2_   54847         3  113251218  113348422    331      34  500199       2.0235    0.0046798             0       2.0235
_SET2_   254887        3  113666748  113705706     69      21  500199    -0.070314      0.34479   -4.1633e-17    -0.070314
_SET2_   2932          3  119540800  119813264    451      29  500199       1.7191    0.0092514             0       1.7191
_SET2_   9515          3  120627050  121143608   1658      31  500199    -0.056971     0.069246   -4.1633e-17    -0.056971
_SET2_   26355         3  122103023  122128961     86      14  500199      0.69453      0.12261             0      0.69453
_SET2_   3836          3  122140748  122233786    219      25  500199       1.3109     0.032864             0       1.3109
_SET2_   80723         3  136537861  136574734    101       6  500199      0.46723      0.19136   -5.5511e-17      0.46723
_SET2_   54464         3  142025449  142166904    202      22  500199    -0.037478      0.31219   -4.1633e-17    -0.037478
_SET2_   7220          3  142443266  142526730    165      15  500199      -1.6906       0.8877             0      -1.6906
_SET2_   23350         3  142720366  142779567    117       9  500199       1.5985     0.019855             0       1.5985
_SET2_   205428        3  143690640  143711210     47      11  500199      0.81584        0.107             0      0.81584
_SET2_   170506        3  153993452  154042286     90      14  500199     -0.24047      0.41639   -2.7756e-17     -0.24047
_SET2_   8833          3  155588325  155657150    218      16  500199     -0.14764      0.37513   -2.7756e-17     -0.14764
_SET2_   5290          3  178866311  178952500    220      24  500199      -1.7763      0.90205             0      -1.7763
_SET2_   55669         3  179065480  179111014    104      16  500199       1.4137      0.03191             0       1.4137
_SET2_   151613        3  180319918  180336120     19       6  500199       1.2545     0.056531             0       1.2545
_SET2_   23200         3  182511291  182639423    257      11  500199    -0.056653      0.33154   -4.1633e-17    -0.056653
_SET2_   23101         3  182895831  183146031    781      50  500199     -0.43294      0.34208   -5.5511e-17     -0.43294
_SET2_   9175          3  185000729  185206882    498      29  500199       1.9519    0.0040715             0       1.9519
_SET2_   59343         3  185300284  185348889    123       9  500199     0.021466      0.32326   -4.1633e-17     0.021466
_SET2_   152137        3  191046874  191116459    316      21  500199      -2.5188      0.97163             0      -2.5188
_SET2_   84239         3  193119866  193272810    371      44  500199      0.44648      0.14798   -5.5511e-17      0.44648
_SET2_   255758        3  196018090  196045165     70       9  500199      -2.0528      0.94724             0      -2.0528
_SET2_   5158          4     619363     664681    153      11  500199       0.2871      0.26362   -5.5511e-17       0.2871
_SET2_   7884          4    1694527    1714421     51      11  500199      -0.5847      0.55354             0      -0.5847
_SET2_   3954          4    1813206    1857974     25      14  500199      0.21164      0.31443   -2.7756e-17      0.21164
_SET2_   79441         4    2230096    2243860     33       5  500199     -0.57415      0.63308             0     -0.57415
_SET2_   3064          4    3076408    3245687    423      27  500199       3.1824   7.6202e-05             0       3.1824
_SET2_   166647        4   22388997   22517677    491      47  500199      -1.7509      0.86634             0      -1.7509
_SET2_   91050         4   24807739   24981826    521      35  500199      -1.1112      0.65136             0      -1.1112
_SET2_   55296         4   26585546   26758232    223      15  500199     -0.90447      0.63962             0     -0.90447
_SET2_   57620         4   26859329   27027003    366      31  500199     -0.65864      0.52486             0     -0.65864
_SET2_   10463         4   41992516   42089551    362      10  500199       3.0778    0.0001548             0       3.0778
_SET2_   60558         4   44680433   44702944     44       7  500199       1.8194     0.012739             0       1.8194
_SET2_   57606         4   48343497   48428218    235      19  500199      0.46811      0.15539   -5.5511e-17      0.46811
_SET2_   6731          4   57333370   57369847    107      12  500199     -0.51965      0.53783             0     -0.51965
_SET2_   2044          4   66185281   66536529   1347      63  500199      -2.2349        0.833             0      -2.2349
_SET2_   2926          4   71681499   71705627     76       7  500199    -0.082688      0.49314   -4.1633e-17    -0.082688
_SET2_   26057         4   73940502   74124858    177      35  500199     -0.37462       0.4603   -5.5511e-17     -0.37462
_SET2_   152559        4   79836364   79860582     70       7  500199      0.55197      0.19817             0      0.55197
_SET2_   5602          4   86933452   87374283   1276      48  500199     -0.52841      0.24502             0     -0.52841
_SET2_   5530          4  101944587  102268655    775      44  500199       1.5327    0.0081286             0       1.5327
_SET2_   6164          4  109541722  109551640     16       4  500199      0.55139      0.17877             0      0.55139
_SET2_   11107         4  121613070  121844013    920      37  500199      0.86807     0.031158             0      0.86807
_SET2_   27152         4  128554087  128637934    162      21  500199    -0.025171      0.31749   -4.1633e-17    -0.025171
_SET2_   132320        4  129805148  130014764    469      28  500199     -0.17833      0.30095   -2.7756e-17     -0.17833
_SET2_   1998          4  139978871  140098372    220      27  500199      -2.3316      0.96793             0      -2.3316
_SET2_   79884         4  156263810  156298122    133      13  500199       3.2095   0.00010855             0       3.2095
_SET2_   23022         4  169418215  169849608   1397     111  500199      -1.5487      0.65182             0      -1.5487
_SET2_   10299         5   10353751   10440500     97       9  500199      -2.0265      0.95488             0      -2.0265
_SET2_   3977          5   38475065   38595507    179      22  500199      0.33713      0.19626   -5.5511e-17      0.33713
_SET2_   7690          5   43120985   43176351    246      20  500199     -0.34824      0.43449   -5.5511e-17     -0.34824
_SET2_   10884         5   44809027   44815616      9       3  500199       -1.308      0.82244             0       -1.308
_SET2_   166968        5   56215429   56247957    104      12  500199     -0.92675      0.69184             0     -0.92675
_SET2_   1161          5   60169659   60240905    185      22  500199     -0.92592      0.66162             0     -0.92592
_SET2_   375449        5   65892176   66465426   1660      96  500199      -1.7304      0.63261             0      -1.7304
_SET2_   891           5   68462837   68474072     32       4  500199     -0.47765      0.53416   -5.5511e-17     -0.47765
_SET2_   10087         5   74666928   74807806    259      20  500199     -0.46229      0.49466   -5.5511e-17     -0.46229
_SET2_   9522          5   77656339   77776562    326      15  500199       1.0462     0.049862             0       1.0462
_SET2_   7060          5   79331170   79379111    127      12  500199    -0.016268      0.31632   -4.1633e-17    -0.016268
_SET2_   1350          5   85913784   85916583      7       4  500199     -0.27673      0.49609   -5.5511e-17     -0.27673
_SET2_   153396        5   87485450   87564665    142      22  500199       3.7683   1.0676e-05             0       3.7683
_SET2_   91137         5  110073837  110100857     64      13  500199     -0.32809      0.49063   -5.5511e-17     -0.32809
_SET2_   134430        5  110427870  110466200    112      13  500199      0.46045      0.17542   -5.5511e-17      0.46045
_SET2_   814           5  110559947  110830584    756      43  500199      0.16189       0.1471   -2.7756e-17      0.16189
_SET2_   64848         5  112849391  112930984    346      19  500199       1.9683      0.00547             0       1.9683
_SET2_   57556         5  115779251  115910551    481      81  500199      -1.0861      0.70734             0      -1.0861
_SET2_   1657          5  118406839  118584822    285      35  500199     -0.35409      0.42622   -5.5511e-17     -0.35409
_SET2_   8697          5  137523337  137549032     42      11  500199       1.0427     0.070692             0       1.0427
_SET2_   84418         5  139554653  139623374    151      11  500199       1.8643       0.0102             0       1.8643
_SET2_   56110         5  140743729  140892546    459      35  500199      0.31234      0.18372   -5.5511e-17      0.31234
_SET2_   56109         5  140749811  140892546    443      35  500199       0.3521      0.17536   -5.5511e-17       0.3521
_SET2_   5098          5  140855569  140892546    105      20  500199      0.68878      0.12882             0      0.68878
_SET2_   9812          5  141303350  141330027     55       8  500199     -0.54525       0.5698             0     -0.54525
_SET2_   23092         5  142149881  142608572   1196      88  500199        1.853    0.0019946             0        1.853
_SET2_   51520         5  145492589  145562294    267       6  500199        1.581     0.020936             0        1.581
_SET2_   9832          5  146965002  147162411    481      28  500199       0.5901      0.10646             0       0.5901
_SET2_   22885         5  148521054  148640002    312      23  500199     -0.33167      0.39268   -5.5511e-17     -0.33167
_SET2_   6678          5  151040657  151066615     67      13  500199      0.95041     0.079248             0      0.95041
_SET2_   2890          5  152870084  153193429   1277      67  500199        1.644    0.0021245             0        1.644
_SET2_   114825        5  159502889  159546452     78      14  500199       1.5619     0.023172             0       1.5619
_SET2_   821           5  179125019  179158642     73      11  500199      0.84516      0.09659             0      0.84516
_SET2_   51439         6   17600518   17611950     20       5  500199      0.45798      0.20427   -5.5511e-17      0.45798
_SET2_   221656        6   18155619   18224085    269      27  500199      -1.6056      0.86269             0      -1.6056
_SET2_   1871          6   20402137   20493945    217      42  500199      -1.3173      0.79914             0      -1.3173
_SET2_   54901         6   20534688   21232635   2232      85  500199     0.027998     0.027613   -4.1633e-17     0.027998
_SET2_   221477        6   36853640   36896740    150      14  500199       1.7068     0.015473             0       1.7068
_SET2_   24149         6   43303808   43337181     49      11  500199      0.64156      0.14731             0      0.64156
_SET2_   85315         6   52226926   52272575    175      35  500199       1.4688     0.026029             0       1.4688
_SET2_   26036         6   56954808   57035103    106      11  500199      0.62713      0.15984             0      0.62713
_SET2_   202559        6   62389865   62996100   1610      42  500199      -1.1164      0.34087             0      -1.1164
_SET2_   135152        6   71566914   71667101    323      47  500199      0.47156      0.15111   -5.5511e-17      0.47156
_SET2_   22999         6   72596406   73112845   1449      48  500199     -0.28718      0.13716   -5.5511e-17     -0.28718
_SET2_   23036         6   87865269   87973926    296      13  500199       1.2232     0.035876             0       1.2232
_SET2_   58528         6   90074335   90121995    118      22  500199      0.29167       0.2227   -5.5511e-17      0.29167
_SET2_   8936          6  110421022  110501219    206      15  500199     -0.13441      0.41994   -2.7756e-17     -0.13441
_SET2_   51175         6  112391860  112408751     22       4  500199      -0.8147      0.67712             0      -0.8147
_SET2_   3841          6  117002367  117063030    106      14  500199       1.7919     0.013179             0       1.7919
_SET2_   222553        6  118228689  118638839   1216      74  500199     -0.27322      0.19242   -5.5511e-17     -0.27322
_SET2_   79632         6  119280992  119470552    605      43  500199       1.7045    0.0069225             0       1.7045
_SET2_   2037          6  131160487  131384462    694      31  500199      0.84625     0.046074             0      0.84625
_SET2_   134957        6  147525494  147711612    308      19  500199       1.3009     0.031193             0       1.3009
_SET2_   57492         6  157098980  157531913   1044      72  500199       1.7603    0.0029159             0       1.7603
_SET2_   79683         6  157802557  158098293   1159      88  500199      -1.0116      0.48043             0      -1.0116
_SET2_   6648          6  160100148  160114353     55       8  500199      0.16606      0.27215   -2.7756e-17      0.16606
_SET2_   9444          6  163835675  163999628    360      21  500199       1.0669     0.049453             0       1.0669
_SET2_   113402        6  166733516  166755991     50       6  500199      -1.2772      0.80624             0      -1.2772
_SET2_   4301          6  168227602  168372703    372      23  500199      -1.5339      0.82714             0      -1.5339
_SET2_   55274         6  170104001  170124106     34       7  500199      0.71141      0.13647             0      0.71141
_SET2_   84498         6  170615812  170716155    266      17  500199      0.94928     0.072186             0      0.94928
_SET2_   56975         7     192969     300740    112      19  500199      0.42393      0.17618   -5.5511e-17      0.42393
_SET2_   100131017     7    6676953    6697910     68      14  500199      0.90997     0.084968             0      0.90997
_SET2_   7559          7    6728064    6746566     46      11  500199     -0.14277        0.415   -2.7756e-17     -0.14277
_SET2_   56913         7    7222178    7288282    397      23  500199       1.0018     0.054754             0       1.0018
_SET2_   30010         7    8473585    8792593   1401      77  500199      0.27211     0.060631   -5.5511e-17      0.27211
_SET2_   85477         7   12609989   12693228    330      43  500199      0.36359      0.17217   -5.5511e-17      0.36359
_SET2_   3696          7   20370345   20455382    333      21  500199       1.4416     0.019945             0       1.4416
_SET2_   55975         7   23145353   23215040    211      13  500199       1.4745      0.02407             0       1.4745
_SET2_   115416        7   23338940   23349180     16       5  500199      0.32373      0.26843   -5.5511e-17      0.32373
_SET2_   51678         7   24613007   24733322    401      12  500199       1.0715      0.05527             0       1.0715
_SET2_   8621          7   39989959   40136733    283      20  500199      -1.9427      0.91437             0      -1.9427
_SET2_   23072         7   43152198   43603213   1472     116  500199      -1.6186      0.66578             0      -1.6186
_SET2_   23386         7   44421965   44530474    228      11  500199      0.45739      0.18404   -5.5511e-17      0.45739
_SET2_   83637         7   44788168   44809480     32       8  500199       1.4206     0.031194             0       1.4206
_SET2_   51119         7   66452690   66460588     10       5  500199      0.81191      0.13157             0      0.81191
_SET2_   64409         7   70597523   71178586   2128     136  500199      0.36939     0.024396   -5.5511e-17      0.36939
_SET2_   3082          7   81331444   81399452    138      14  500199     -0.57996      0.55835             0     -0.57996
_SET2_   85865         7   89975341   90020769    177      19  500199        -0.97      0.68847             0        -0.97
_SET2_   55607         7   94536949   94925727    768      37  500199     -0.68464      0.41312             0     -0.68464
_SET2_   25798         7   97910972   97952972    128       9  500199      0.82876     0.095348             0      0.82876
_SET2_   5001          7  103766788  103848495    267      17  500199      0.17192       0.2335   -2.7756e-17      0.17192
_SET2_   55904         7  104654637  104754532    175      16  500199     -0.65621      0.58208             0     -0.65621
_SET2_   83943         7  110303106  111202588   1937      82  500199      -1.8079      0.56551             0      -1.8079
_SET2_   7328          7  129470572  129592800    458      16  500199       1.0067     0.054147             0       1.0067
_SET2_   4289          7  130794855  131181398   1018      90  500199      0.58789     0.063552             0      0.58789
_SET2_   60412         7  132937823  133750514   1512      38  500199      0.72036     0.014281             0      0.72036
_SET2_   27153         7  149128454  149158053     64      10  500199     -0.69987      0.59134             0     -0.69987
_SET2_   64327         7  156470537  156685902    769      25  500199      -1.4156      0.71642             0      -1.4156
_SET2_   57488         7  158523688  158622729    433      18  500199       2.0027    0.0047407             0       2.0027
_SET2_   55112         7  158649269  158738883    287      19  500199       1.4832     0.020554             0       1.4832
_SET2_   90459         8    8860314    8890849    107      12  500199       2.9973   0.00025387             0       2.9973
_SET2_   137492        8   17104401   17155533    178      25  500199     -0.61386       0.5474             0     -0.61386
_SET2_   4741          8   24770712   24776607      3       1  500199    -0.081926      0.44328   -4.1633e-17    -0.081926
_SET2_   7486          8   30890778   31031277    323      28  500199    0.0019749      0.27527     -4.12e-17    0.0019749
_SET2_   23259         8   38088861   38120351     36       7  500199       1.6488     0.021699             0       1.6488
_SET2_   54904         8   38127217   38239872    160      16  500199       1.2396     0.045458             0       1.2396
_SET2_   84376         8   42752033   42885682    247      13  500199     -0.16313      0.44575   -2.7756e-17     -0.16313
_SET2_   2339          8   42911442   42940931     42       9  500199      -1.2837      0.84733             0      -1.2837
_SET2_   116328        8   69242957   69731258   1454      92  500199     -0.45718      0.21316   -5.5511e-17     -0.45718
_SET2_   619279        8   81540686   81787016    372      23  500199       -1.753      0.89172             0       -1.753
_SET2_   9791          8   97274167   97346774    137      22  500199      0.16977      0.25725   -2.7756e-17      0.16977
_SET2_   79139         8  124025404  124054663     77      14  500199     -0.29068      0.44247   -5.5511e-17     -0.29068
_SET2_   157378        8  125323159  125384940    167      20  500199     -0.13522       0.3802   -2.7756e-17     -0.13522
_SET2_   23167         8  132916356  133025889    366      26  500199    -0.058474      0.29413   -4.1633e-17    -0.058474
_SET2_   23246         8  145486056  145515120     34       4  500199      0.86879     0.099323             0      0.86879
_SET2_   55871         9     121038     179077     23       3  500199      0.95925      0.12196             0      0.95925
_SET2_   50808         9    4709556    4742043    183      20  500199     -0.13194      0.34019   -2.7756e-17     -0.13194
_SET2_   3717          9    4985245    5129948    411      19  500199     -0.23904       0.3373   -2.7756e-17     -0.23904
_SET2_   4300          9   20341663   20622514    503      55  500199      -1.4452      0.77907             0      -1.4452
_SET2_   55958         9   21331018   21335429      9       2  500199      0.34012      0.31285   -5.5511e-17      0.34012
_SET2_   9853          9   35490007   35561895    119      20  500199      0.83501     0.092775             0      0.83501
_SET2_   51010         9   37779711   37785089     17       6  500199      -1.8152      0.91998             0      -1.8152
_SET2_   9414          9   71714875   71870124    585      44  500199       1.3486     0.016987             0       1.3486
_SET2_   5125          9   78505560   78977255   1843     208  500199       -1.897      0.68338             0       -1.897
_SET2_   7091          9   82186878   82341658    326      29  500199     -0.12803      0.33865   -2.7756e-17     -0.12803
_SET2_   7088          9   84198598   84303596    346      70  500199       1.0673     0.055047             0       1.0673
_SET2_   4915          9   87283417   87641985   1036      74  500199       2.3379   0.00046245             0       2.3379
_SET2_   1612          9   90112601   90323566    798      72  500199     -0.42517      0.33398   -5.5511e-17     -0.42517
_SET2_   23196         9   96214173   96328397    336      20  500199       3.7262   7.9121e-06             0       3.7262
_SET2_   8013          9  102584137  102629173     51      13  500199      0.56961       0.1523             0      0.56961
_SET2_   27130         9  102861467  103063908    470      18  500199       1.0665     0.040539             0       1.0665
_SET2_   5887          9  110045517  110094475    166      18  500199      0.30649      0.21322   -5.5511e-17      0.30649
_SET2_   9991          9  114979995  115095944    327      12  500199        2.063    0.0039092             0        2.063
_SET2_   54542         9  125606835  125667562    110      16  500199      0.31909      0.24705   -5.5511e-17      0.31909
_SET2_   57706         9  126141933  126692423   1431      58  500199       3.6706   3.7231e-07             0       3.6706
_SET2_   80142         9  130882972  130890741      4       2  500199       1.4105     0.047526             0       1.4105
_SET2_   25792         9  130928344  130966662     89      10  500199       1.3089     0.040936             0       1.3089
_SET2_   1759          9  130965634  131017528    110      17  500199       1.6469     0.017196             0       1.6469
_SET2_   2733          9  131266971  131304580     69       9  500199       1.3401     0.045639             0       1.3401
_SET2_   140459        9  132396883  132404496     23       6  500199     0.076129      0.31439   -4.1633e-17     0.076129
_SET2_   55684         9  139702374  139735639     32       3  500199     -0.30025      0.50419   -5.5511e-17     -0.30025
_SET2_   389813        9  139735733  139741884      3       1  500199     -0.48294      0.58265   -5.5511e-17     -0.48294
_SET2_   8721          9  139756566  139760788      5       2  500199     -0.91067      0.72056             0     -0.91067
_SET2_   23185        10     852854     977645    317      18  500199      -1.3688      0.79056             0      -1.3688
_SET2_   83641        10   14560556   14816896   1067      92  500199      0.31354      0.10135   -5.5511e-17      0.31354
_SET2_   84898        10   20105118   20575199   2035      92  500199     -0.95246      0.22783             0     -0.95246
_SET2_   10529        10   21068900   21463116   1015      65  500199       2.0968   0.00095336             0       2.0968
_SET2_   57512        10   25464290   25891158   1763      60  500199      -1.3121       0.3917             0      -1.3121
_SET2_   8829         10   33466419   33623833    615      57  500199     -0.30039       0.3305   -5.5511e-17     -0.30039
_SET2_   7587         10   38383264   38412280    105       7  500199     -0.62829       0.5713             0     -0.62829
_SET2_   3189         10   70091768   70102953     20       5  500199      0.87201      0.12628             0      0.87201
_SET2_   55680        10   70100864   70167051    145      11  500199       1.0924     0.073359             0       1.0924
_SET2_   219699       10   72972292   73062635    295      35  500199      0.18935      0.22802   -2.7756e-17      0.18935
_SET2_   54536        10   94590887   94819251    621      29  500199     -0.88264      0.54551             0     -0.88264
_SET2_   81603        10  104403326  104418076     21       7  500199       1.3087     0.041463             0       1.3087
_SET2_   26033        10  116853124  117708496   1942      41  500199      0.54687    0.0092293             0      0.54687
_SET2_   57698        10  118642888  118886097    318      27  500199      0.91623      0.07526             0      0.91623
_SET2_   404636       10  120863594  120897496    104       6  500199      -2.2057      0.96254             0      -2.2057
_SET2_   22876        10  121485559  121588663    236      20  500199       2.0204    0.0062123             0       2.0204
_SET2_   9679         10  126307861  126432930    272      25  500199      0.29859      0.19463   -5.5511e-17      0.29859
_SET2_   5791         10  129705325  129884180    737     102  500199     -0.63797      0.48647             0     -0.63797
_SET2_   57104        11     818901     825573     15       5  500199     -0.50503      0.53323             0     -0.50503
_SET2_   4676         11    2965660    3013607    167      18  500199       0.6064      0.13348             0       0.6064
_SET2_   144132       11    6517994    6593255    219      28  500199      -1.6487      0.86159             0      -1.6487
_SET2_   8665         11    8008867    8017718     35       9  500199      0.25812      0.25078   -5.5511e-17      0.25812
_SET2_   23075        11    9685624    9774508    331      15  500199       -1.576      0.83934             0       -1.576
_SET2_   84280        11   13409555   13484838    195      16  500199     -0.21463      0.39268   -2.7756e-17     -0.21463
_SET2_   5140         11   14665191   14893605    335      27  500199      0.59716      0.11988             0      0.59716
_SET2_   55553        11   15987995   16497935    996      53  500199       2.5866   0.00014282             0       2.5866
_SET2_   2965         11   18343816   18388590     96      12  500199      -1.2187      0.77962             0      -1.2187
_SET2_   120534       11   30344649   30359165     42       9  500199       2.3532    0.0025918             0       2.3532
_SET2_   26610        11   31531297   31806073    388      17  500199       1.0678     0.045243             0       1.0678
_SET2_   55346        11   33060963   33095109    198      10  500199      0.10752       0.2664   -4.1633e-17      0.10752
_SET2_   8539         11   43333505   43366080     59      16  500199      -1.5963      0.88015             0      -1.5963
_SET2_   2132         11   44117099   44266980    304      24  500199     -0.25865      0.37658   -5.5511e-17     -0.25865
_SET2_   4038         11   46878268   46940173    114      14  500199       2.2859    0.0036082             0       2.2859
_SET2_   10658        11   47487489   47574792    107      22  500199       3.0233   0.00025314             0       3.0233
_SET2_   23360        11   47738055   47789012     90      12  500199       3.0434   0.00022058             0       3.0434
_SET2_   56834        11   64051781   64056972      7       4  500199       1.0738     0.074706             0       1.0738
_SET2_   7536         11   64532076   64546515     14       4  500199     -0.31427      0.53041   -5.5511e-17     -0.31427
_SET2_   9092         11   65729160   65747607     52       7  500199      -0.1654      0.40089   -2.7756e-17      -0.1654
_SET2_   6712         11   66449967   66496716     47      19  500199       4.4474   5.1638e-07             0       4.4474
_SET2_   219931       11   68816350   68858072    132       7  500199      -1.7985      0.90754             0      -1.7985
_SET2_   4135         11   75297959   75379479    159      18  500199     0.025975      0.31053   -4.1633e-17     0.025975
_SET2_   726          11   76777992   76837201    161      31  500199      -0.4852      0.49375   -5.5511e-17      -0.4852
_SET2_   1207         11   77327196   77348851     45       8  500199     0.077527      0.33204   -4.1633e-17     0.077527
_SET2_   51773        11   77371047   77531915    368      16  500199      0.17852      0.22708   -2.7756e-17      0.17852
_SET2_   9846         11   77926336   78128868    383       8  500199      -2.3436      0.96634             0      -2.3436
_SET2_   79731        11   78147007   78285909    384       8  500199      0.45624      0.16312   -5.5511e-17      0.45624
_SET2_   8301         11   85668214   85780923    338      20  500199      0.43206      0.15012   -5.5511e-17      0.43206
_SET2_   85463        11  109963673  110042566    294      16  500199      0.78035     0.086716             0      0.78035
_SET2_   4684         11  112831969  113149158    986      63  500199       3.1308   1.8453e-05             0       3.1308
_SET2_   51092        11  117049626  117068161     60      11  500199     -0.22849      0.45069   -2.7756e-17     -0.22849
_SET2_   257160       11  117103341  117156404    143      19  500199      -1.0365      0.70592             0      -1.0365
_SET2_   23621        11  117156402  117186972     75      20  500199     -0.97615      0.69646             0     -0.97615
_SET2_   372          11  118443078  118473748     60       5  500199      0.97135      0.10281             0      0.97135
_SET2_   4013         11  123986111  124017619     85      19  500199      0.61727       0.1423             0      0.61727
_SET2_   79607        11  126081619  126132879    114      20  500199      0.49125      0.16789   -5.5511e-17      0.49125
_SET2_   29068        11  130096572  130184663    242      12  500199      0.71503      0.14103             0      0.71503
_SET2_   196513       12    2055214    2113677    218      12  500199      -0.2563      0.42971   -5.5511e-17      -0.2563
_SET2_   5554         12   11033560   11036874     12       3  500199       1.9314     0.010483             0       1.9314
_SET2_   55766        12   14927270   14930936     13       6  500199      0.85339      0.10424             0      0.85339
_SET2_   51729        12   14937513   14956420     30       8  500199       1.2722     0.044209             0       1.2722
_SET2_   586          12   24962958   25102393    546      46  500199     -0.65351      0.47019             0     -0.65351
_SET2_   51290        12   29493579   29534143     84      12  500199      -1.2522       0.7971             0      -1.2522
_SET2_   55605        12   39687030   39837192    270      19  500199     -0.44027       0.4879   -5.5511e-17     -0.44027
_SET2_   9169         12   46312914   46385898    103      20  500199      -1.2601      0.78174             0      -1.2601
_SET2_   57701        12   50184929   50222208    125      14  500199      0.88472     0.089908             0      0.88472
_SET2_   196441       12   72003379   72057749     94      11  500199     0.031393      0.33022   -4.1633e-17     0.031393
_SET2_   4673         12   76438672   76478738     62       8  500199       0.4455      0.18852   -5.5511e-17       0.4455
_SET2_   4659         12   80167343   80329235    234      12  500199     -0.53986      0.57108             0     -0.53986
_SET2_   160418       12   88536073   88593664     91       7  500199      -1.2413      0.83856             0      -1.2413
_SET2_   694          12   92534054   92539673     16       7  500199       1.2987     0.044599             0       1.2987
_SET2_   11163        12   93771701   93797024     76      13  500199      0.15995      0.27939   -2.7756e-17      0.15995
_SET2_   10988        12   95867822   95909615    150      18  500199      0.64177      0.14167             0      0.64177
_SET2_   59277        12   96051583   96184565    536      45  500199    -0.016485      0.23412   -4.1633e-17    -0.016485
_SET2_   55681        12  100660918  100735502    129      16  500199       1.2182      0.05167             0       1.2182
_SET2_   84915        12  110152187  110208312    153      27  500199       1.3963     0.032079             0       1.3963
_SET2_   8550         12  112280032  112331228    102       5  500199    0.0038008      0.37644     -4.12e-17    0.0038008
_SET2_   80018        12  112464493  112546826     94      16  500199     -0.22541      0.44918   -2.7756e-17     -0.22541
_SET2_   196463       12  113796371  113827458     51       5  500199      -1.2637      0.85961             0      -1.2637
_SET2_   9904         12  114254543  114404176    624      38  500199        1.022     0.037082             0        1.022
_SET2_   64897        12  121440835  121454300     54      13  500199      0.78472      0.10904             0      0.78472
_SET2_   144404       12  122150658  122219974    186      20  500199     -0.54034      0.52836             0     -0.54034
_SET2_   144406       12  122356463  122441839    242      25  500199     -0.86366      0.63212             0     -0.86366
_SET2_   57605        12  123468027  123635376    205      27  500199       1.7304     0.013889             0       1.7304
_SET2_   353116       12  123955909  124018265    167      20  500199      -1.8575      0.91384             0      -1.8575
_SET2_   7750         13   20531708   20665968    269      15  500199     -0.79771       0.6388             0     -0.79771
_SET2_   219287       13   25735817   25746426     23       4  500199       1.0116      0.10616             0       1.0116
_SET2_   3146         13   31032877   31191942    379      64  500199      0.44508      0.15732   -5.5511e-17      0.44508
_SET2_   10808        13   31710762   31737246     58       7  500199       3.6067   2.7284e-05             0       3.6067
_SET2_   5983         13   34392206   34540695    420      32  500199        1.147     0.049127             0        1.147
_SET2_   10240        13   41303432   41345347     42       6  500199      -2.4395      0.98019             0      -2.4395
_SET2_   55425        13   45563673   45607743    118      18  500199       1.0998      0.07966             0       1.0998
_SET2_   2098         13   47345391   47371423     54      10  500199      0.95229      0.08468             0      0.95229
_SET2_   9445         13   48807274   48836232     44      10  500199       0.2399       0.2689   -2.7756e-17       0.2399
_SET2_   26512        13   51927678   52027275    292      18  500199      -1.6021      0.87909             0      -1.6021
_SET2_   1910         13   78469616   78549664    329      18  500199     -0.56769      0.52059             0     -0.56769
_SET2_   26050        13   88323931   88331871     12       6  500199       2.1544    0.0054811             0       2.1544
_SET2_   10160        13   98794893   99102023   1218     134  500199      0.69445     0.053506             0      0.69445
_SET2_   2259         13  102373205  103054124   2027     113  500199     -0.54531      0.13924             0     -0.54531
_SET2_   3916         13  113951436  113977746     10       6  500199     -0.83267      0.73193             0     -0.83267
_SET2_   7011         14   20833826   20882331    180      26  500199     -0.51072      0.50899             0     -0.51072
_SET2_   9878         14   21945335   21967319     61       8  500199       -1.056      0.72725             0       -1.056
_SET2_   90673        14   23764861   23772071     11       6  500199      0.75897        0.133             0      0.75897
_SET2_   2290         14   29236278   29239483      1       1  500199      0.21829       0.4308   -2.7756e-17      0.21829
_SET2_   55632        14   31028329   31089046    150      25  500199        1.139       0.0579             0        1.139
_SET2_   283635       14   35514113   35552589    144      18  500199       1.8631     0.010248             0       1.8631
_SET2_   51637        14   52456228   52471420     47      14  500199       0.9109     0.088013             0       0.9109
_SET2_   80821        14   53503458   53620046    225      20  500199     0.017339      0.31126   -4.1633e-17     0.017339
_SET2_   122830       14   57857271   57879466     26       5  500199      0.20931      0.32636   -2.7756e-17      0.20931
_SET2_   64582        14   59930240   59932059      3       1  500199     -0.22745      0.46074   -2.7756e-17     -0.22745
_SET2_   6252         14   60062694   60337557    560      29  500199       2.6508   0.00031539             0       2.6508
_SET2_   5494         14   60712470   60765805    103      10  500199      -2.5289       0.9823             0      -2.5289
_SET2_   4331         14   61201459   61435398    387      22  500199      0.45515      0.17081   -5.5511e-17      0.45515
_SET2_   5583         14   61788515   62017698    707      68  500199     0.097506      0.20766   -4.1633e-17     0.097506
_SET2_   83851        14   62331567   62573915    926      84  500199       3.3185   1.4081e-05             0       3.3185
_SET2_   22890        14   64971292   65000408     89       9  500199       2.0611    0.0066782             0       2.0611
_SET2_   677          14   69254372   69263184     21       6  500199      0.19022      0.26768   -2.7756e-17      0.19022
_SET2_   58517        14   73525221   73588749    130      21  500199       1.6658      0.01755             0       1.6658
_SET2_   5663         14   73603143   73690399    187      22  500199      0.83569     0.099417             0      0.83569
_SET2_   56252        14   75230025   75304013    128      11  500199       4.8887   3.9366e-08             0       4.8887
_SET2_   7528         14  100705102  100745371     85       8  500199      -1.3407      0.82398             0      -1.3407
_SET2_   1983         14  103800339  103811362     28       8  500199       1.2856     0.051257             0       1.2856
_SET2_   7337         15   25582394   25684190    247      24  500199      -1.6548      0.88501             0      -1.6548
_SET2_   57519        15   42867857   43013196    216      22  500199      -1.0313      0.71117             0      -1.0313
_SET2_   7158         15   43695262   43802707    225      15  500199      0.29358      0.21863   -5.5511e-17      0.29358
_SET2_   50804        15   48431629   48470714      3       1  500199      -0.3469      0.69799   -5.5511e-17      -0.3469
_SET2_   9318         15   49417471   49447854     74      14  500199       1.4136     0.031192             0       1.4136
_SET2_   83660        15   62682769   63136830   1287     111  500199     -0.26212      0.22115   -5.5511e-17     -0.26212
_SET2_   51065        15   63445539   63449741     21       4  500199      0.42743      0.23829   -5.5511e-17      0.42743
_SET2_   6642         15   64386275   64436433     83      11  500199      0.78194      0.12308             0      0.78194
_SET2_   55323        15   71123889   71146498     45       9  500199       3.0644   0.00023959             0       3.0644
_SET2_   51335        15   90808895   90815443      7       4  500199     -0.78573      0.69151             0     -0.78573
_SET2_   91433        15   91498106   91506355     31       6  500199       1.3901     0.036923             0       1.3901
_SET2_   28232        15   92396938   92715665   1166      92  500199       2.5428   0.00016826             0       2.5428
_SET2_   4205         15  100106133  100256688    258      20  500199       1.0317     0.055483             0       1.0317
_SET2_   4350         16     127018     135850     11       1  500199     0.041398      0.42197   -4.1633e-17     0.041398
_SET2_   23162        16    1756184    1820318    128      16  500199     -0.50165      0.53213             0     -0.50165
_SET2_   1632         16    2289873    2302296     28       4  500199     -0.80686      0.68309             0     -0.80686
_SET2_   84464        16    3631182    3661585     92       5  500199    -0.085663      0.44266   -4.1633e-17    -0.085663
_SET2_   84656        16    4853204    4897383    140      23  500199       1.8005      0.01195             0       1.8005
_SET2_   5373         16    8891670    8943194    286      21  500199     -0.86297      0.61773             0     -0.86297
_SET2_   51704        16   19870293   19897049     75      12  500199      0.22429      0.24462   -2.7756e-17      0.22429
_SET2_   27327        16   24741028   24837548    197      24  500199      0.62165      0.13177             0      0.62165
_SET2_   253980       16   29917657   29937545     35       6  500199        1.627     0.019144             0        1.627
_SET2_   64400        16   53525192   53538323     20       5  500199      -1.1847      0.77928             0      -1.1847
_SET2_   2775         16   56225251   56391356    473      56  500199       2.8051   0.00029019             0       2.8051
_SET2_   89970        16   57220026   57274385    102      15  500199     -0.47808       0.5422   -5.5511e-17     -0.47808
_SET2_   1006         16   61681169   62070939    965      66  500199      0.96245     0.027586             0      0.96245
_SET2_   84342        16   69362524   69373526     21       5  500199     -0.25785      0.46925   -5.5511e-17     -0.25785
_SET2_   23035        16   71678827   71757798    177      19  500199      0.77352     0.096926             0      0.77352
_SET2_   3281         16   83841508   83846607     10       4  500199      0.85184      0.11047             0      0.85184
_SET2_   23417        16   83932720   83962428    147      14  500199     -0.69415      0.62494             0     -0.69415
_SET2_   79786        16   84682131   84701187     90      15  500199      -1.9202      0.92587             0      -1.9202
_SET2_   4597         16   88718343   88729495     36       8  500199      -1.4902      0.85783             0      -1.4902
_SET2_   9780         16   88781746   88851372    328      34  500199       1.1749     0.035609             0       1.1749
_SET2_   27043        17    4574679    4607712     88       9  500199       1.2994     0.044322             0       1.2994
_SET2_   708          17    5336099    5342471     22       5  500199     -0.43696      0.52733   -5.5511e-17     -0.43696
_SET2_   57555        17    7311502    7323183     18       7  500199       1.9513    0.0088628             0       1.9513
_SET2_   1107         17    7788096    7816075     44      14  500199     0.069975      0.32527   -4.1633e-17     0.069975
_SET2_   136          17   15848231   15879210     58      12  500199     -0.57913      0.59256             0     -0.57913
_SET2_   201163       17   17115523   17140502     82      13  500199     -0.60897      0.56028             0     -0.60897
_SET2_   10743        17   17584787   17714767    212      31  500199      0.34895      0.18915   -5.5511e-17      0.34895
_SET2_   54890        17   18086867   18113268     79      11  500199       1.4608     0.028741             0       1.4608
_SET2_   224          17   19552064   19580908     79      14  500199      -1.0953       0.7448             0      -1.0953
_SET2_   9706         17   19674143   19771239    169      10  500199      0.72033      0.15873             0      0.72033
_SET2_   23326        17   20902906   20946722    164      13  500199       1.0652     0.059281             0       1.0652
_SET2_   339263       17   21343211   21454941    149      20  500199   -0.0034237      0.30271     -4.12e-17   -0.0034237
_SET2_   4763         17   29421945   29704695    383      11  500199     -0.20349      0.34862   -2.7756e-17     -0.20349
_SET2_   7756         17   30677071   30697468     39       7  500199       1.2929     0.043192             0       1.2929
_SET2_   5717         17   30771481   30810337     47      12  500199       1.4289     0.030156             0       1.4289
_SET2_   3980         17   33307517   33332088     28       9  500199      -2.4769      0.98035             0      -2.4769
_SET2_   162394       17   33570086   33594768     88      15  500199      0.42748      0.17754   -5.5511e-17      0.42748
_SET2_   8148         17   34136459   34174246     80       9  500199      0.21729      0.29668   -2.7756e-17      0.21729
_SET2_   31           17   35441927   35766902    513      32  500199      0.68518     0.087561             0      0.68518
_SET2_   3927         17   37026112   37078023    174      35  500199      0.12535      0.25226   -2.7756e-17      0.12535
_SET2_   339287       17   38278235   38293047     27       5  500199      0.99386      0.11665             0      0.99386
_SET2_   4077         17   41322498   41363707     78       3  500199      -1.2791      0.82904             0      -1.2791
_SET2_   23131        17   42472645   42580957    179      15  500199       1.2447     0.039194             0       1.2447
_SET2_   10882        17   43037061   43045644     31       9  500199     -0.44607      0.50052   -5.5511e-17     -0.44607
_SET2_   3837         17   45726861   45762037     51      11  500199       0.5749      0.15375             0       0.5749
_SET2_   114881       17   45884733   45899169     52       9  500199     -0.27962      0.43491   -5.5511e-17     -0.27962
_SET2_   22834        17   47366568   47439835    176      16  500199      0.70366       0.1109             0      0.70366
_SET2_   7716         17   56048908   56065615     25       6  500199       1.5298     0.036192             0       1.5298
_SET2_   6426         17   56078280   56084707     10       5  500199       1.0944     0.078539             0       1.0944
_SET2_   23461        17   67240576   67323323    185      19  500199       1.9081    0.0075436             0       1.9081
_SET2_   9382         17   71189070   71204646     42       6  500199      -2.1642       0.9599             0      -2.1642
_SET2_   9368         17   72744751   72765499     20       6  500199      -1.4111      0.84713             0      -1.4111
_SET2_   63893        17   74385613   74449288    175      22  500199     -0.77377      0.61388             0     -0.77377
_SET2_   6397         17   75084725   75213183    524      43  500199     -0.31218      0.35919   -5.5511e-17     -0.31218
_SET2_   339230       17   79633761   79640937     43       5  500199     0.052556      0.35384   -4.1633e-17     0.052556
_SET2_   23347        18    2655886    2805015    570      23  500199     -0.14621      0.27491   -2.7756e-17     -0.14621
_SET2_   2774         18   11689014   11885684    632      34  500199     -0.62091      0.44631             0     -0.62091
_SET2_   80000        18   18822203   19105384    298      18  500199     -0.97235      0.68112             0     -0.97235
_SET2_   57534        18   19321290   19450918    179      17  500199     -0.96743      0.70995             0     -0.96743
_SET2_   125488       18   21572737   21715574    394      44  500199       0.5321      0.12978             0       0.5321
_SET2_   114876       18   21742009   21977846    575      70  500199      0.39741      0.14072   -5.5511e-17      0.39741
_SET2_   1837         18   32073254   32471808    992      33  500199      0.44566      0.07507   -5.5511e-17      0.44566
_SET2_   9063         18   44388900   44500130    303      18  500199    -0.086301      0.32725   -4.1633e-17    -0.086301
_SET2_   54808        18   46567846   46987172   1135      29  500199      -1.0967      0.48935             0      -1.0967
_SET2_   4200         18   48405432   48476165    141      16  500199      -1.1849      0.75678             0      -1.1849
_SET2_   57614        18   59854506   59974355    395      23  500199     -0.52969      0.47112             0     -0.52969
_SET2_   81832        18   70409549   70534828    516      39  500199       1.0335     0.038498             0       1.0335
_SET2_   54531        19     305575     344791    172      11  500199     -0.32304      0.45012   -5.5511e-17     -0.32304
_SET2_   5442         19     617223     633665     14       2  500199      -2.1197      0.97678             0      -2.1197
_SET2_   6209         19    1438363    1440494      1       1  500199     -0.12257       0.4773   -4.1633e-17     -0.12257
_SET2_   148254       19    2841433    2860472     49       7  500199      -1.3958      0.83135             0      -1.3958
_SET2_   60680        19    3224701    3297074    213      22  500199      0.63248      0.12053             0      0.63248
_SET2_   4782         19    3359561    3469215    261      26  500199       -1.131      0.71649             0       -1.131
_SET2_   23396        19    3630179    3700484    140      16  500199     -0.98452      0.68627             0     -0.98452
_SET2_   9546         19    3750771    3761673     37       8  500199     0.026756      0.32148   -4.1633e-17     0.026756
_SET2_   1938         19    3976054    3985477     16       3  500199     -0.65692      0.64919             0     -0.65692
_SET2_   5605         19    4090319    4124126     63       9  500199      -1.0644      0.72903             0      -1.0644
_SET2_   2962         19    6379580    6393291     43       6  500199      0.78731       0.1421             0      0.78731
_SET2_   84106        19    8554940    8567538     30       8  500199      -1.1509      0.76753             0      -1.1509
_SET2_   93134        19    9718002    9731916     32       7  500199      0.26325       0.2751   -5.5511e-17      0.26325
_SET2_   53637        19   10623418   10628668     15       7  500199      0.10998      0.29852   -4.1633e-17      0.10998
_SET2_   440515       19   19896648   19932560    114      17  500199       1.1093     0.059697             0       1.1093
_SET2_   170959       19   21324813   21371070     88      12  500199       2.0217    0.0073172             0       2.0217
_SET2_   10775        19   30097170   30108162     50      11  500199      -1.6579      0.88904             0      -1.6579
_SET2_   8725         19   30414551   30507519    166      17  500199       3.0642   0.00030368             0       3.0642
_SET2_   4037         19   33685599   33699773     53       9  500199      0.82451      0.11369             0      0.82451
_SET2_   1054         19   33864575   33873592     19       8  500199     -0.47997      0.53011   -5.5511e-17     -0.47997
_SET2_   1155         19   36605888   36616849     26       7  500199     -0.67246      0.59185             0     -0.67246
_SET2_   826          19   36630918   36641255     20       8  500199     -0.71758      0.64412             0     -0.71758
_SET2_   84775        19   38187264   38210691     61      12  500199     -0.45067      0.50445   -5.5511e-17     -0.45067
_SET2_   55095        19   39833108   39876340    107      12  500199       1.4055     0.045785             0       1.4055
_SET2_   54623        19   39876269   39881835      9       2  500199      0.95079      0.14344             0      0.95079
_SET2_   478          19   42470628   42498428     23      11  500199        3.052   0.00031336             0        3.052
_SET2_   10780        19   44645710   44664462     31       7  500199      -0.6821        0.612             0      -0.6821
_SET2_   26145        19   46386866   46389376      4       2  500199       2.2928    0.0045233             0       2.2928
_SET2_   10055        19   47634080   47713893     82      15  500199      -1.0309      0.72195             0      -1.0309
_SET2_   6415         19   48281842   48287939     10       5  500199     -0.45034      0.51907   -5.5511e-17     -0.45034
_SET2_   58506        19   50145382   50161906     25       9  500199      0.63359       0.1522             0      0.63359
_SET2_   81857        19   50321319   50340237     44      11  500199     -0.94905      0.71118             0     -0.94905
_SET2_   284361       19   50979736   50986608     17       6  500199        1.058     0.070571             0        1.058
_SET2_   342926       19   53738638   53758219     92       7  500199         0.87     0.093851             0         0.87
_SET2_   100507290    19   56114880   56129911     29      12  500199      -1.4936      0.86283             0      -1.4936
_SET2_   147949       19   56915383   56936400     47       8  500199     -0.61134      0.56993             0     -0.61134
_SET2_   140612       19   57050317   57068170     51      12  500199     -0.72274      0.59912             0     -0.72274
_SET2_   10794        19   57790776   57805436     53      10  500199      0.43993      0.18825   -5.5511e-17      0.43993
_SET2_   84914        19   58331011   58379953    158      21  500199     -0.40003      0.46463   -5.5511e-17     -0.40003
_SET2_   22981        20   25433333   25566167    326      21  500199     -0.20511      0.35305   -2.7756e-17     -0.20511
_SET2_   9584         20   34291531   34330258    114       8  500199      0.49219      0.20302   -5.5511e-17      0.49219
_SET2_   2036         20   34679426   34820721    156      20  500199       1.5402     0.025142             0       1.5402
_SET2_   6431         20   42086504   42092245     12       5  500199     -0.54181      0.57372             0     -0.54181
_SET2_   10955        20   43124864   43150726     34       7  500199      0.59717      0.19188             0      0.59717
_SET2_   63925        20   44577292   44601560     68      16  500199       2.3141    0.0030282             0       2.3141
_SET2_   10564        20   47538250   47653230    283      17  500199       1.1946     0.039364             0       1.1946
_SET2_   1477         20   54967427   54979582     32       9  500199      0.01416      0.32933   -4.1633e-17      0.01416
_SET2_   54014        21   40556102   40685745    372      19  500199     -0.58578      0.48374             0     -0.58578
_SET2_   5211         21   45719925   45747261    114      12  500199       -1.252      0.78331             0       -1.252
_SET2_   27439        22   17597189   17602257     23       7  500199     -0.31094      0.45869   -5.5511e-17     -0.31094
_SET2_   7290         22   19318221   19419247    210      17  500199      0.49062      0.17313   -5.5511e-17      0.49062
_SET2_   85379        22   25348676   25593415    670      63  500199     -0.19357      0.28092   -2.7756e-17     -0.19357
_SET2_   4330         22   28144265   28197486    101      32  500199      -1.0702      0.72086             0      -1.0702
_SET2_   2130         22   29663998   29696515     56      15  500199     -0.13457      0.37702   -2.7756e-17     -0.13457
_SET2_   23112        22   40440046   40731812    511      22  500199       2.6513   0.00034814             0       2.6513
_SET2_   23313        22   45588123   45636650    193      23  500199       1.8222     0.008915             0       1.8222
_SET2_   83933        22   50683612   50689834     20       5  500199      -1.0802      0.77622             0      -1.0802
