# ALPHA = 0.05
# NUMBER_OF_TESTS = 625

# _SET1_  VARIABLE = gtex__amygdala__M000 (set)
# _SET1_  NGENES = 554
# _SET1_  P-VALUE = 1.82766e-07
_SET1_   GENE        CHR      START       STOP  NSNPS  NPARAM       N        ZSTAT            P  ZFITTED_BASE  ZRESID_BASE
_SET1_   126792        1    1167629    1170421      7       2  122074       0.1571      0.37757   -2.2204e-16       0.1571
_SET1_   5590          1    1981909    2116834    386      28  127531       1.6002    0.0030214   -2.2204e-16       1.6002
_SET1_   8514          1    6052358    6161253    299      44  128505     -0.85776      0.44016   -2.2204e-16     -0.85776
_SET1_   26038         1    6161847    6240194    264      28  129155       -1.119       0.5543   -2.2204e-16       -1.119
_SET1_   57449         1    6526152    6580121    136      23  129061       1.5541    0.0080058   -2.2204e-16       1.5541
_SET1_   22883         1    9789079    9884550    119      14  126857     -0.76408      0.50931   -2.2204e-16     -0.76408
_SET1_   5081          1   18957500   19075360    349      59  127472      0.78235     0.036314   -2.2204e-16      0.78235
_SET1_   57576         1   20990475   21044317    203      43  129656      0.68041       0.0539   -2.2204e-16      0.68041
_SET1_   8672          1   21132785   21503381    669      24  126237       1.4113    0.0024075   -2.2204e-16       1.4113
_SET1_   23028         1   23345937   23410184     77      10  126366     -0.58315      0.39172   -2.2204e-16     -0.58315
_SET1_   56181         1   26146397   26159433     30       3  128228      -1.3721      0.76251   -2.2204e-16      -1.3721
_SET1_   4985          1   29138654   29190208    156      19  129306       3.2727   1.3121e-05   -4.4409e-16       3.2727
_SET1_   10076         1   29563028   29653325    221      32  128122      0.73454      0.04476   -2.2204e-16      0.73454
_SET1_   2170          1   31838100   31845923     13       6  127132       1.6923    0.0086322   -2.2204e-16       1.6923
_SET1_   55108         1   32830704   32860062     21      11  121645     -0.55213      0.46606   -2.2204e-16     -0.55213
_SET1_   204           1   33473541   33502512     42       8  126161     -0.13417      0.25108   -2.2204e-16     -0.13417
_SET1_   127700        1   36883507   36916086    134       7  129317       0.3215      0.14977   -2.2204e-16       0.3215
_SET1_   5792          1   43991708   44089343    237      18  129084       4.4929    2.035e-08             0       4.4929
_SET1_   1996          1   50513686   50669442    186      30  128877       3.1853   1.9993e-05   -4.4409e-16       3.1853
_SET1_   22996         1   51752930   51810785     99      19  126059      0.32746      0.13725   -2.2204e-16      0.32746
_SET1_   5865          1   52373628   52456436    154      19  127765      -0.5981      0.38752   -2.2204e-16      -0.5981
_SET1_   84251         1   66999066   67210768    717      25  128897     0.074189     0.067315   -2.3592e-16     0.074189
_SET1_   5733          1   71318036   71513497    576      40  129401       1.0548    0.0099731   -2.2204e-16       1.0548
_SET1_   5567          1   84543745   84704181    226      21  128283      0.50821     0.065413   -2.2204e-16      0.50821
_SET1_   57535         1  109656585  109749403    328      35  128821      -2.0219      0.83454   -4.4409e-16      -2.0219
_SET1_   127002        1  110026533  110035426     10       3  127710      0.21987      0.17532   -2.2204e-16      0.21987
_SET1_   83873         1  110082494  110088487      7       2  130644       1.3074     0.032739   -2.2204e-16       1.3074
_SET1_   271           1  110162435  110174677     29       8  127964      0.99102     0.039007   -2.2204e-16      0.99102
_SET1_   9659          1  144851424  145076186     40      16  100891     -0.67602      0.49213   -2.2204e-16     -0.67602
_SET1_   10962         1  151032151  151040973     12       4  130203       1.0013     0.050431   -2.2204e-16       1.0013
_SET1_   1141          1  154540257  154552354     20       8  124230       2.1583    0.0016185   -4.4409e-16       2.1583
_SET1_   654790        1  161228517  161255240     91      15  128229     -0.51456      0.35712   -2.2204e-16     -0.51456
_SET1_   23215         1  171454652  171562650    245      19  128718     -0.27281      0.24457   -2.2204e-16     -0.27281
_SET1_   26052         1  171810618  172387606   1280      60  128686      0.43088     0.009893   -2.2204e-16      0.43088
_SET1_   85397         1  182613036  182653502    103      13  124300       1.1269     0.026841   -2.2204e-16       1.1269
_SET1_   9887          1  183441506  183523328     97      17  125696       1.6954    0.0045294   -2.2204e-16       1.6954
_SET1_   51022         1  193065595  193075659     23       7  110178       1.9494    0.0058212   -2.2204e-16       1.9494
_SET1_   5877          1  202847410  202858385     27       6  128999      -1.4504      0.75923   -2.2204e-16      -1.4504
_SET1_   493           1  203595915  203713209    273      37  127149      0.16221      0.12042   -2.2204e-16      0.16221
_SET1_   3756          1  210851657  211307457   1355      85  127201      -1.1528      0.23506   -2.2204e-16      -1.1528
_SET1_   2058          1  220141940  220220000    267      10  130066     -0.57537      0.36716   -2.2204e-16     -0.57537
_SET1_   79762         1  220863628  220872499     34       7  128701      0.46381      0.12883   -2.2204e-16      0.46381
_SET1_   51127         1  228594858  228604583     13       3  117365      -1.9837      0.91654   -2.2204e-16      -1.9837
_SET1_   79605         1  230457392  230561674    371      34  129065      0.38564     0.071542   -2.2204e-16      0.38564
_SET1_   80003         1  233119855  233431459   1070      60  126809      -0.2342     0.075402   -2.2204e-16      -0.2342
_SET1_   3775          1  233749750  233808258    184      37  127825      -1.8705      0.81463   -2.2204e-16      -1.8705
_SET1_   3964          1  236681514  236716281    201      11  129926     -0.91733      0.51259   -2.2204e-16     -0.91733
_SET1_   88            1  236849754  236927931    263      28  128269     -0.35298      0.26193   -2.2204e-16     -0.35298
_SET1_   64388         1  240652873  240775462    354      67  127453     -0.75945      0.39679   -2.2204e-16     -0.75945
_SET1_   6000          1  240938817  241520505   1828     151  128059      -0.9475      0.12082   -2.2204e-16      -0.9475
_SET1_   9859          1  243287730  243419284    149      14  127814       3.3235   1.0845e-05   -4.4409e-16       3.3235
_SET1_   10000         1  243651535  244014381    487      23  128291       4.5594    5.026e-09             0       4.5594
_SET1_   23040         2    1792885    2335147   1547      89  127919       1.1111   0.00094083   -2.2204e-16       1.1111
_SET1_   3754          2   11052063   11054351      4       2  130609      -2.4442      0.96748   -4.4409e-16      -2.4442
_SET1_   3777          2   26915581   26954066     78      12  129180       1.8342    0.0033454   -2.2204e-16       1.8342
_SET1_   7781          2   27477440   27501093     38       8  115348       2.0119    0.0029337   -4.4409e-16       2.0119
_SET1_   29959         2   27651473   27665126     14       3  126572        2.135    0.0020032   -4.4409e-16        2.135
_SET1_   30845         2   31456880   31491260    113      14  128553      -1.6142      0.76662   -2.2204e-16      -1.6142
_SET1_   6546          2   40339286   40739575   1463      90  127063       2.3594   8.0527e-06   -4.4409e-16       2.3594
_SET1_   57504         2   42721709   43011080    669      25  128531       -0.684      0.23472   -2.2204e-16       -0.684
_SET1_   114800        2   56411258   56613309    614      49  128822       1.9007   0.00079137   -2.2204e-16       1.9007
_SET1_   53335         2   60678302   60780633    161      32  127786       2.9024   5.4756e-05   -4.4409e-16       2.9024
_SET1_   23301         2   62900986   63273622    391      33  125634      0.98144     0.017077   -2.2204e-16      0.98144
_SET1_   7360          2   64068084   64118696    113      20  127189      -1.3213       0.6751   -2.2204e-16      -1.3213
_SET1_   54812         2   64751439   64820139    116       7  128547     -0.51597      0.38267   -2.2204e-16     -0.51597
_SET1_   10505         2   74881355   74910981     31       6  128269      0.36345      0.15547   -2.2204e-16      0.36345
_SET1_   347730        2   80515481   80531718     27       7  128814       0.1632       0.1654   -2.2204e-16       0.1632
_SET1_   9168          2   85132763   85133799      2       1  130644      -1.5866      0.88342   -2.2204e-16      -1.5866
_SET1_   3631          2   99061321   99207496    211      11  128234      0.86002     0.038983   -2.2204e-16      0.86002
_SET1_   343990        2   99410309   99552684    354      20  127218       -1.685      0.72803   -2.2204e-16       -1.685
_SET1_   3899          2  100162326  100759037   1161      54  127932     -0.46825     0.092511   -2.2204e-16     -0.46825
_SET1_   23332         2  122095352  122407052    685      13  128930       1.2172    0.0091038   -2.2204e-16       1.2172
_SET1_   50649         2  131594489  131804826    541      41  126022    -0.074119      0.12844   -2.3592e-16    -0.074119
_SET1_   23518         2  136289036  136482839    238      19  123926      -1.5708      0.71722   -2.2204e-16      -1.5708
_SET1_   11249         2  139426727  139537811    347      44  129483       1.9349    0.0015817   -2.2204e-16       1.9349
_SET1_   114793        2  153191684  153506348    952      55  128995      0.83842     0.008019   -2.2204e-16      0.83842
_SET1_   3760          2  155555093  155714864    462      54  128691     -0.27917      0.19465   -2.2204e-16     -0.27917
_SET1_   8502          2  159313476  159537941    618      24  125587       1.8933   0.00054522   -2.2204e-16       1.8933
_SET1_   57282         2  162480699  162841786    795      24  127106      0.24928      0.04495   -2.2204e-16      0.24928
_SET1_   2571          2  171673200  171717661    104      14  124423     -0.68663      0.41059   -2.2204e-16     -0.68663
_SET1_   1781          2  172543919  172606668    113      16  128361       2.8675   9.7611e-05   -4.4409e-16       2.8675
_SET1_   8604          2  172639915  172750816    240      26  127808       1.6524    0.0043983   -2.2204e-16       1.6524
_SET1_   1123          2  175664042  175870671    266      15  128121       1.2323     0.012631   -2.2204e-16       1.2323
_SET1_   5136          2  183004762  183387572   1079      51  126872      0.57459    0.0096305   -2.2204e-16      0.57459
_SET1_   91752         2  185463093  185804214    698      27  128155       2.8766   1.0244e-05   -4.4409e-16       2.8766
_SET1_   51454         2  189156396  189460653    615      26  125945       1.6819    0.0013851   -2.2204e-16       1.6819
_SET1_   10152         2  204192597  204296892    148      22  118778     -0.23413      0.24436   -2.2204e-16     -0.23413
_SET1_   4133          2  210288733  210598842    730      29  125097      0.94568    0.0099245   -2.2204e-16      0.94568
_SET1_   57574         2  217122585  217236750    280      27  127905      0.99624     0.019959   -2.2204e-16      0.99624
_SET1_   8941          2  219824350  219826877      6       2  128434     -0.10518      0.40872   -2.3592e-16     -0.10518
_SET1_   5798          2  220154345  220174295     47       9  126596    -0.037562      0.24181   -2.3592e-16    -0.037562
_SET1_   2043          2  222282747  222437010    375      34  129190     0.024435      0.12487   -2.3592e-16     0.024435
_SET1_   25791         2  233743396  233877951    485      46  128940       4.5733   3.9537e-09             0       4.5733
_SET1_   55054         2  234160217  234204320    106      10  129869     -0.36186      0.32018   -2.2204e-16     -0.36186
_SET1_   9208          2  238536224  238690290    602      39  129075      -1.0401      0.41329   -2.2204e-16      -1.0401
_SET1_   547           2  241653181  241759725    311      40  126202     -0.56529      0.30514   -2.2204e-16     -0.56529
_SET1_   10752         3     238279     451100    845      64  127872      0.39684     0.031684   -2.2204e-16      0.39684
_SET1_   3708          3    4535032    4889524   1214     140  127995     -0.60735      0.18978   -2.2204e-16     -0.60735
_SET1_   64419         3    9691117    9744078     76      13  127942     -0.36306      0.35611   -2.2204e-16     -0.36306
_SET1_   55845         3   10157333   10168874     47       4  130315       1.5541     0.018452   -2.2204e-16       1.5541
_SET1_   10533         3   11314010   11599139    591      20  128748     -0.80582      0.32112   -2.2204e-16     -0.80582
_SET1_   6138          3   23958295   23965187     12       5  130307       1.1727     0.029077   -2.2204e-16       1.1727
_SET1_   114884        3   31702317   32023342   1033     100  128246        0.747     0.012921   -2.2204e-16        0.747
_SET1_   25827         3   33318934   33445505    243      21  126891       2.2413   0.00071408   -4.4409e-16       2.2413
_SET1_   23122         3   33537737   33759705    311      23  126891       1.6474    0.0034063   -2.2204e-16       1.6474
_SET1_   10777         3   35680666   35835988    303      25  127552     -0.26689      0.21118   -2.2204e-16     -0.26689
_SET1_   4336          3   39509064   39570988    271       7  129617     -0.95848      0.55152   -2.2204e-16     -0.95848
_SET1_   51304         3   44956753   45017674     69       9  127267       1.1118     0.024506   -2.2204e-16       1.1118
_SET1_   4134          3   47892180   48130769    224      16  124599      0.64432     0.049965   -2.2204e-16      0.64432
_SET1_   79012         3   49895414   49907655     17       4  126802       2.8134   0.00015905   -4.4409e-16       2.8134
_SET1_   1795          3   50712672   51421629   1167      16  128423     -0.65255      0.14567   -2.2204e-16     -0.65255
_SET1_   2912          3   51741081   51752629      7       4  120868      0.60882      0.15077   -2.2204e-16      0.60882
_SET1_   8314          3   52435020   52444121      6       2  121479       2.3171    0.0020996   -4.4409e-16       2.3171
_SET1_   26059         3   55542336   56502391   2777      96  128039     -0.85162     0.035918   -2.2204e-16     -0.85162
_SET1_   8618          3   62384021   62861064   1787     100  129076      0.81448    0.0013467   -2.2204e-16      0.81448
_SET1_   6092          3   75955845   77699115   4991     220  127387    -0.089746    0.0070423   -2.3592e-16    -0.089746
_SET1_   84100         3   97483365   97520086     74      10  115124      0.83055     0.049386   -2.2204e-16      0.83055
_SET1_   11259         3   99551988   99833349    356      21  127988     -0.36369       0.2422   -2.2204e-16     -0.36369
_SET1_   961           3  107761941  107809935     92      16  128606       2.7796   0.00013576   -4.4409e-16       2.7796
_SET1_   55081         3  107879659  107941417    325       6  130099       3.2578   2.6925e-05   -4.4409e-16       3.2578
_SET1_   111           3  123001143  123167924    341      25  128975      -1.7444      0.73773   -2.2204e-16      -1.7444
_SET1_   64770         3  123616152  123680255     85      12  125266      -1.1149      0.58563   -2.2204e-16      -1.1149
_SET1_   55764         3  129158671  129239350    160       8  127415     -0.44903       0.3894   -2.2204e-16     -0.44903
_SET1_   131034        3  131252413  131759152   2014      64  129181      -2.6994      0.53863   -4.4409e-16      -2.6994
_SET1_   344838        3  142680073  142682818      7       2  127735      0.57828       0.1881   -2.2204e-16      0.57828
_SET1_   5217          3  149682691  149688741      8       4  123697      -0.1733      0.25622   -2.2204e-16      -0.1733
_SET1_   5912          3  152880001  152888413     10       5  122618      0.60188     0.080552   -2.2204e-16      0.60188
_SET1_   170506        3  153993452  154042286     81      12  126667       0.1448      0.15505   -2.2204e-16       0.1448
_SET1_   51319         3  157823690  158262624   1236      21  129410     -0.97317      0.17283   -2.2204e-16     -0.97317
_SET1_   401097        3  159943423  159946000      5       2  120751      -1.5794      0.86237   -2.2204e-16      -1.5794
_SET1_   165679        3  161062580  161090662    107      15  124044       3.1466   2.2928e-05   -4.4409e-16       3.1466
_SET1_   57552         3  172348435  172429207    237      41  128688      0.84346     0.031849   -2.2204e-16      0.84346
_SET1_   1857          3  183873099  183891314     29       8  128129     -0.52645      0.39342   -2.2204e-16     -0.52645
_SET1_   94032         3  183977003  183979251      4       2  129752     -0.73377       0.5363   -2.2204e-16     -0.73377
_SET1_   1981          3  184032283  184053146     30      11  127772    -0.062004      0.22298   -2.3592e-16    -0.062004
_SET1_   8646          3  184097861  184107617     17       5  128876      -1.1404      0.66131   -2.2204e-16      -1.1404
_SET1_   4241          3  196728611  196756687     84      15  121364      -1.0974      0.57682   -2.2204e-16      -1.0974
_SET1_   10336         4     699537     764428    234      32  129056       3.9934   3.6385e-07   -4.4409e-16       3.9934
_SET1_   5522          4    6322305    6565327    955      96  127778       1.1406    0.0049729   -2.2204e-16       1.1406
_SET1_   84448         4    7967037    8160559    754     102  128890    -0.090302      0.13619   -2.3592e-16    -0.090302
_SET1_   9079          4   16503164   16900424   1089     115  127907      0.78631     0.012719   -2.2204e-16      0.78631
_SET1_   57495         4   37246690   37451087    647      57  128924       1.0368     0.010172   -2.2204e-16       1.0368
_SET1_   3815          4   55524095   55606881    187      26  127666     -0.92892      0.47693   -2.2204e-16     -0.92892
_SET1_   84273         4   57829516   57843826     42      10  128963     -0.82259      0.49942   -2.2204e-16     -0.82259
_SET1_   2044          4   66185281   66536529   1246      66  129326       2.6296   4.3893e-06   -4.4409e-16       2.6296
_SET1_   345079        4   77816082   77819002      7       2  129780       0.8116     0.076833   -2.2204e-16       0.8116
_SET1_   55752         4   77870895   77961307    228      18  128036      -2.7788      0.96303   -4.4409e-16      -2.7788
_SET1_   80144         4   78978724   79465423   1574      50  128664     -0.73803     0.066648   -2.2204e-16     -0.73803
_SET1_   56978         4   81105033   81125483     61      10  128953        1.492     0.011785   -2.2204e-16        1.492
_SET1_   266812        4   89617066   89619023      5       3  125587      0.32727      0.14609   -2.2204e-16      0.32727
_SET1_   6622          4   90645250   90759447    357      23  128564       2.2195   0.00049673   -4.4409e-16       2.2195
_SET1_   133308        4  103946647  103998480     57      18  124430       3.1635   2.2682e-05   -4.4409e-16       3.1635
_SET1_   287           4  113739239  114304896   1612     120  128105      0.48832    0.0075786   -2.2204e-16      0.48832
_SET1_   817           4  114372188  114683669    710      50  128620     -0.83319      0.30392   -2.2204e-16     -0.83319
_SET1_   79625         4  121956782  121993673     97      15  129418      -1.6398      0.78802   -2.2204e-16      -1.6398
_SET1_   132332        4  122680085  122686516     22       6  127845       -1.484      0.76279   -2.2204e-16       -1.484
_SET1_   84162         4  123073488  123283914    291      22  128237      0.43167     0.079056   -2.2204e-16      0.43167
_SET1_   23158         4  141541936  141677471    335      31  127974     -0.86087      0.40652   -2.2204e-16     -0.86087
_SET1_   8821          4  142949181  143767604   2231      93  127962       1.2372   4.9329e-05   -2.2204e-16       1.2372
_SET1_   166614        4  150999426  151178609    501      38  127364      -0.2671      0.16951   -2.2204e-16      -0.2671
_SET1_   59350         4  159442866  159574524    152      12  128108      -1.2984      0.69115   -2.2204e-16      -1.2984
_SET1_   442117        4  172734575  173961559   2828     109  127928      -1.9348       0.2473   -2.2204e-16      -1.9348
_SET1_   8470          4  186506598  186877870   1512     130  128809     -0.87411      0.17938   -2.2204e-16     -0.87411
_SET1_   134111        5    6437460    6496834    191      39  128850     -0.84527      0.47897   -2.2204e-16     -0.84527
_SET1_   6715          5    6633500    6669675    143      17  127591       1.5969    0.0058029   -2.2204e-16       1.5969
_SET1_   1501          5   10971952   11904155   2541     186  125871     -0.23348     0.010196   -2.2204e-16     -0.23348
_SET1_   55322         5   31532373   31555165     66      14  126015     -0.51403      0.35773   -2.2204e-16     -0.51403
_SET1_   345557        5   41307048   41510730    470      36  128328      0.37862     0.065675   -2.2204e-16      0.37862
_SET1_   10605         5   43526369   43557521     67       9  120038    0.0082109      0.17939   -2.3592e-16    0.0082109
_SET1_   348980        5   45255052   45696220    481      32  126753       5.6936    3.055e-12             0       5.6936
_SET1_   115827        5   57877950   58155221    832      56  128847       2.5062   3.2223e-05   -4.4409e-16       2.5062
_SET1_   3350          5   63255875   63258119      4       2  113462      0.19898      0.18703   -2.2204e-16      0.19898
_SET1_   4208          5   88014058   88199922    320      27  127535        2.902   3.3716e-05   -4.4409e-16        2.902
_SET1_   5122          5   95726040   95768985     68       9  128712       1.5714     0.007973   -2.2204e-16       1.5714
_SET1_   5066          5  102201527  102366809    257      13  122377      -1.0566       0.5251   -2.2204e-16      -1.0566
_SET1_   55521         5  114460459  114516243    132      18  126098     -0.98142      0.52217   -2.2204e-16     -0.98142
_SET1_   10307         5  139937853  139944189      7       3  121450      0.37902      0.13711   -2.2204e-16      0.37902
_SET1_   56134         5  140345747  140391929     61      15  123210       2.8034   0.00012479   -4.4409e-16       2.8034
_SET1_   815           5  149599054  149669403    139      24  128145     -0.49864      0.32915   -2.2204e-16     -0.49864
_SET1_   2890          5  152870084  153193429   1184      67  127459    -0.056912      0.04084   -2.3592e-16    -0.056912
_SET1_   134353        5  157170755  157183746     27       6  129531      -1.4699      0.76059   -2.2204e-16      -1.4699
_SET1_   2561          5  160715426  160975130    600      37  128724      -2.0561      0.79701   -4.4409e-16      -2.0561
_SET1_   2554          5  161274197  161326965    134      16  128304      0.57988     0.071384   -2.2204e-16      0.57988
_SET1_   2566          5  161494648  161582545    156      26  129047       2.6572   0.00017713   -4.4409e-16       2.6572
_SET1_   57179         5  175773065  175788809     29       8  128191       1.1628     0.025348   -2.2204e-16       1.1628
_SET1_   114787        5  176022803  176044339     30      10  129556     -0.20178      0.28134   -2.2204e-16     -0.20178
_SET1_   6620          5  176047210  176057557     15       4  126058     -0.19013      0.27983   -2.2204e-16     -0.19013
_SET1_   10636         5  176784704  176799599     20       5  127443      -0.5181      0.40657   -2.2204e-16      -0.5181
_SET1_   23138         5  177540556  177553107     30       9  125015      0.43478     0.099258   -2.2204e-16      0.43478
_SET1_   51149         5  179263927  179285867     66      11  126306      0.51358     0.087213   -2.2204e-16      0.51358
_SET1_   63027         6    3269207    3456954    736      73  126516      -0.3878      0.16732   -2.2204e-16      -0.3878
_SET1_   221692        6   12716888   13290476   1382      66  127449       -0.708      0.10096   -2.2204e-16       -0.708
_SET1_   10486         6   17393447   17558023    389      36  128616      -1.0499      0.46343   -2.2204e-16      -1.0499
_SET1_   29993         6   34433838   34503000    142      23  126520      0.41099     0.085251   -2.2204e-16      0.41099
_SET1_   221424        6   43474703   43478081      6       2  127430       1.8567     0.012421   -2.2204e-16       1.8567
_SET1_   90523         6   53883714   54131078    519      27  127775      -1.4957      0.61038   -2.2204e-16      -1.4957
_SET1_   22999         6   72596406   73112845   1281      42  128133       2.4248   6.0284e-06   -4.4409e-16       2.4248
_SET1_   56479         6   73331571   73908574   1387     101  128571       1.1617    0.0016165   -2.2204e-16       1.1617
_SET1_   6785          6   80624529   80657315    108      10  129041     -0.34643      0.35781   -2.2204e-16     -0.34643
_SET1_   112611        6   83903032   83908654      4       2  130022       2.6788   0.00047255   -4.4409e-16       2.6788
_SET1_   9892          6   84262604   84419127    288      20  126272       4.4939   1.4351e-08             0       4.4939
_SET1_   3354          6   87647024   87726397    177      18  127043      0.76076     0.054956   -2.2204e-16      0.76076
_SET1_   1268          6   88849583   88876063     54      14  128408      -1.3508      0.69034   -2.2204e-16      -1.3508
_SET1_   2045          6   93949738   94129302    432      52  128647       1.6651    0.0027414   -2.2204e-16       1.6651
_SET1_   2898          6  101841584  102517958   1973     115  127824     -0.38148     0.026531   -2.2204e-16     -0.38148
_SET1_   23270         6  116571127  116575261     12       4  128993      0.48531      0.10612   -2.2204e-16      0.48531
_SET1_   85021         6  139225620  139309419    273      15  128299       -1.924      0.83245   -2.2204e-16       -1.924
_SET1_   2911          6  146286032  146758782    882      40  127837       1.2539    0.0024975   -2.2204e-16       1.2539
_SET1_   4988          6  154331631  154568001    641      49  129142     -0.28789      0.15916   -2.2204e-16     -0.28789
_SET1_   26230         6  155316488  155578857    976      98  127410      -1.3892      0.47087   -2.2204e-16      -1.3892
_SET1_   84498         6  170615812  170716155    254      16  129276       2.4635   0.00036693   -4.4409e-16       2.4635
_SET1_   155185        7    2719163    2755069    173      35  127063   -0.0067488      0.16665   -2.3592e-16   -0.0067488
_SET1_   26100         7    5229835    5273486    156      24  128344      0.28297      0.11905   -2.2204e-16      0.28297
_SET1_   1607          7   14184674   14943281   2387     134  128527      0.25336    0.0032314   -2.2204e-16      0.25336
_SET1_   29887         7   26331515   26413949    221      27  128929      -1.1505      0.56613   -2.2204e-16      -1.1505
_SET1_   63974         7   31377075   31380538      5       2  128926       1.9518    0.0046732   -2.2204e-16       1.9518
_SET1_   23072         7   43152198   43603213   1341     100  129365      -2.0573      0.61312   -4.4409e-16      -2.0573
_SET1_   816           7   44256749   44365230    289      24  127539     -0.81262      0.40738   -2.2204e-16     -0.81262
_SET1_   83637         7   44788168   44809480     34       9  127918       1.0423     0.029925   -2.2204e-16       1.0423
_SET1_   83605         7   45039345   45116069    254      15  128032      0.39923     0.088958   -2.2204e-16      0.39923
_SET1_   375567        7   49813257   49961546    307      31  129369      0.72766     0.039323   -2.2204e-16      0.72766
_SET1_   2887          7   50657760   50861159    655      34  128926      0.21861     0.058225   -2.2204e-16      0.21861
_SET1_   51085         7   73007524   73038903     73      10  128328      0.67813     0.076215   -2.2204e-16      0.67813
_SET1_   84277         7   73095248   73097781     13       3  130644     -0.82363      0.56966   -2.2204e-16     -0.82363
_SET1_   6804          7   73113535   73134032     35       9  130176      0.86638     0.048945   -2.2204e-16      0.86638
_SET1_   7532          7   75956108   75988342     63       9  128046     0.053258       0.1897   -2.3592e-16     0.053258
_SET1_   27445         7   82383321   82792197   1134      46  127781       3.0466   5.4313e-07   -4.4409e-16       3.0466
_SET1_   5218          7   90225681   90839905   1822      62  128094      -1.2967      0.12998   -2.2204e-16      -1.2967
_SET1_   440           7   97481429   97501854     62      12  130124      0.97816     0.035895   -2.2204e-16      0.97816
_SET1_   222865        7   98444111   98467673     42       7  129746     -0.22482       0.3255   -2.2204e-16     -0.22482
_SET1_   222950        7  100081550  100092425     19       5  124028       1.0676     0.034195   -2.2204e-16       1.0676
_SET1_   7036          7  100218039  100240332     35       7  129615       2.7617   0.00022387   -4.4409e-16       2.7617
_SET1_   5649          7  103112231  103629963   1969     105  127820      0.11868    0.0058833   -2.3592e-16      0.11868
_SET1_   375612        7  103969104  104549005   1678      98  128964      0.93199     0.001147   -2.2204e-16      0.93199
_SET1_   6733          7  104754048  105039614    502      19  127630       5.9375   3.4042e-13             0       5.9375
_SET1_   1738          7  107531586  107561643     58       7  128981       -1.411      0.72737   -2.2204e-16       -1.411
_SET1_   3912          7  107564244  107643804    184      34  128557      -2.1132      0.87157   -4.4409e-16      -2.1132
_SET1_   4897          7  107788071  108096841   1048      44  128130       1.7376   0.00028394   -2.2204e-16       1.7376
_SET1_   8976          7  123321981  123389125    152      14  126762       1.3104     0.011783   -2.2204e-16       1.3104
_SET1_   100130705     7  128506464  128512101     36       5  130235     0.066917      0.28652   -2.3592e-16     0.066917
_SET1_   54927         7  132469623  132766839    546      21  125083      0.83326     0.015855   -2.2204e-16      0.83326
_SET1_   1129          7  136553399  136703720    420      30  128740      0.75729     0.028172   -2.2204e-16      0.75729
_SET1_   55750         7  141251078  141354209    144      11  126105     -0.32205      0.32345   -2.2204e-16     -0.32205
_SET1_   26047         7  145813453  148118090   7881     292  128539      0.61439   0.00077581   -2.2204e-16      0.61439
_SET1_   116988        7  150782918  150841523    142      20  127576       1.5437    0.0063922   -2.2204e-16       1.5437
_SET1_   51422         7  151253200  151574316   1124     135  128090      0.52122     0.027518   -2.2204e-16      0.52122
_SET1_   64327         7  156470537  156685902    697      26  129334      -2.0276       0.7625   -4.4409e-16      -2.0276
_SET1_   10049         7  157129692  157210133    268      22  128411     -0.69005      0.36533   -2.2204e-16     -0.69005
_SET1_   9228          8     877021    1656642   3749     196  128136       1.6283   1.5975e-05   -2.2204e-16       1.6283
_SET1_   9172          8    1993082    2093380    765      71  129180     -0.26713      0.14566   -2.2204e-16     -0.26713
_SET1_   64478         8    2792875    4852328  15647     561  128222       2.5307   1.1433e-07   -4.4409e-16       2.5307
_SET1_   2039          8   21906660   21940036    118      13  127110      -1.4094      0.73701   -2.2204e-16      -1.4094
_SET1_   23221         8   22844930   22877710     77      16  126523     -0.31284      0.29222   -2.2204e-16     -0.31284
_SET1_   4741          8   24770712   24776607      6       3  123035      -1.8943      0.87445   -2.2204e-16      -1.8943
_SET1_   286133        8   27727399   27850369    522      48  128733     -0.24234      0.16312   -2.2204e-16     -0.24234
_SET1_   137970        8   35092975   35654068    944      51  127513      -1.6307      0.51567   -2.2204e-16      -1.6307
_SET1_   79698         8   40388109   40755345   1126      78  128627       2.5309   1.3844e-05   -4.4409e-16       2.5309
_SET1_   286           8   41510744   41754280    726      68  126961      0.50597      0.03192   -2.2204e-16      0.50597
_SET1_   7419          8   42249279   42263455     12       3  125777      -1.2445      0.78433   -2.2204e-16      -1.2445
_SET1_   4986          8   54138276   54164257    142      13  129292      -1.3058      0.71216   -2.2204e-16      -1.3058
_SET1_   9312          8   73449626   73850584   1097      59  129273      -2.7321      0.85123   -4.4409e-16      -2.7321
_SET1_   27067         8   74332604   74659943    883      39  129348      0.72319     0.012085   -2.2204e-16      0.72319
_SET1_   7163          8   80947103   81083836    393      19  128237     -0.61502      0.29678   -2.2204e-16     -0.61502
_SET1_   79752         8   82613566   82633539     69      12  129695     -0.89152      0.55021   -2.2204e-16     -0.89152
_SET1_   138046        8   85095453   85834079   1620      51  125363      -1.8625      0.33031   -2.2204e-16      -1.8625
_SET1_   85453         8   98285714   98290192      9       4  124132     -0.31277      0.31307   -2.2204e-16     -0.31277
_SET1_   7534          8  101930804  101965717     84       9  128527       1.1767     0.026051   -2.2204e-16       1.1767
_SET1_   25879         8  104426942  104455681     71       8  128996      0.38211      0.12051   -2.2204e-16      0.38211
_SET1_   340419        8  108911544  109095913    427      39  128556     -0.76656      0.35323   -2.2204e-16     -0.76656
_SET1_   3646          8  109213972  109260959    133      10  129228       2.0618    0.0016888   -4.4409e-16       2.0618
_SET1_   55638         8  110586405  110704020    278      21  121838      0.87721     0.028654   -2.2204e-16      0.87721
_SET1_   51571         8  130851839  131028897    319      31  127780       3.7347   7.1402e-07   -4.4409e-16       3.7347
_SET1_   7038          8  133879149  134147146    894      49  128974      -1.5062      0.46852   -2.2204e-16      -1.5062
_SET1_   6503          8  134048973  134115604    271      17  130019     -0.60707      0.34814   -2.2204e-16     -0.60707
_SET1_   57210         8  142217273  142310241    325      37  129361      0.52437     0.056689   -2.2204e-16      0.52437
_SET1_   9684          8  145743349  145750562     11       4  119911      0.58249     0.074684   -2.2204e-16      0.58249
_SET1_   55871         9     121038     179077     17       6  130602      0.23665       0.1712   -2.2204e-16      0.23665
_SET1_   5789          9    8314246   10612723   9718     456  127738      0.65795   0.00049358   -2.2204e-16      0.65795
_SET1_   158038        9   27948084   29212998   4416     163  129047     -0.11472     0.010073   -2.3592e-16     -0.11472
_SET1_   8395          9   71320188   71624092    867      42  127541      0.26624     0.035008   -2.2204e-16      0.26624
_SET1_   101929748     9   95567667   95570649     16       4  130122    -0.097397       0.2891   -2.3592e-16    -0.097397
_SET1_   9568          9  101050364  101471479   1512     129  127472       2.4256   1.2817e-05   -4.4409e-16       2.4256
_SET1_   64420         9  114803061  114937577    332      35  129313     -0.29086       0.2197   -2.2204e-16     -0.29086
_SET1_   4702          9  124894745  124922098    103      12  129904     -0.16338      0.25564   -2.2204e-16     -0.16338
_SET1_   26468         9  124964856  124991166     42      12  129490      -1.6107      0.77253   -2.2204e-16      -1.6107
_SET1_   57706         9  126141933  126692423   1267      51  128284       -1.999      0.56378   -2.2204e-16       -1.999
_SET1_   6812          9  130374486  130454995     81      15  127602      0.91222     0.041773   -2.2204e-16      0.91222
_SET1_   114789        9  130830479  130871537    114       4  129422     -0.56534      0.49221   -2.2204e-16     -0.56534
_SET1_   445           9  133320094  133376661    129      23  127131     -0.58517      0.35881   -2.2204e-16     -0.58517
_SET1_   10439         9  137967089  138013030    204      36  127913     0.012323      0.16623   -2.3592e-16     0.012323
_SET1_   57582         9  138594031  138684993    340      40  127200    -0.044519      0.15207   -2.3592e-16    -0.044519
_SET1_   54461         9  139834885  139839298      7       3  128466     -0.87145      0.54497   -2.2204e-16     -0.87145
_SET1_   20            9  139901686  139923374     41      11  126077     -0.44154      0.35633   -2.2204e-16     -0.44154
_SET1_   2902          9  140033609  140063214     39       8  127618    -0.091937      0.22792   -2.3592e-16    -0.091937
_SET1_   5209         10    6186843    6277508    370      84  128650        2.816   8.8965e-05   -4.4409e-16        2.816
_SET1_   2572         10   26505236   26593491    202      13  128973     -0.75492      0.45799   -2.2204e-16     -0.75492
_SET1_   221002       10   43689983   43762367    260      21  122126     -0.74244      0.37992   -2.2204e-16     -0.74244
_SET1_   100287932    10   51592080   51623386      7       3  130081      -2.5881      0.97002   -4.4409e-16      -2.5881
_SET1_   220202       10   69990352   69991870      3       2  119719     -0.41528        0.374   -2.2204e-16     -0.41528
_SET1_   818          10   75572259   75634349     75      10  127915      -3.8284      0.99924   -4.4409e-16      -3.8284
_SET1_   3778         10   78629359   79397577   2027     147  128508       1.9477   1.0809e-05   -2.2204e-16       1.9477
_SET1_   55361        10   99400443   99436187     68       7  128732      0.07759      0.19899   -2.3592e-16      0.07759
_SET1_   30819        10  103585731  103603769     25       8  128714       1.6694     0.006955   -2.2204e-16       1.6694
_SET1_   9118         10  105036919  105050108     20       5  128420       3.4861   9.8603e-06   -4.4409e-16       3.4861
_SET1_   255022       10  105213144  105218648     11       4  129235       1.1272     0.031123   -2.2204e-16       1.1272
_SET1_   143187       10  114206756  114578503    798      84  127021       0.7109     0.021779   -2.2204e-16       0.7109
_SET1_   64077        10  126150341  126302710    791      51  129474      0.34082     0.037665   -2.2204e-16      0.34082
_SET1_   85442        10  134973971  135039916    253      20  129138     -0.94853      0.47824   -2.2204e-16     -0.94853
_SET1_   79751        11     790475     798269      9       4  129436      -1.7133      0.85222   -2.2204e-16      -1.7133
_SET1_   9645         11   12132138   12285335    604      63  128393      -0.1876       0.1461   -2.2204e-16      -0.1876
_SET1_   3746         11   17757495   17804602    120      19  128558     -0.32491      0.28594   -2.2204e-16     -0.32491
_SET1_   57586        11   45261853   45307884    123      13  126772        2.326   0.00059276   -4.4409e-16        2.326
_SET1_   8525         11   46354455   46402104     54      13  125413       6.7005   2.8032e-14             0       6.7005
_SET1_   79096        11   46958240   47185932    302      18  126731       3.5217   2.7668e-06   -4.4409e-16       3.5217
_SET1_   26007        11   61100654   61120898      8       5  124806     -0.50384      0.48695   -2.2204e-16     -0.50384
_SET1_   2785         11   62475066   62476678      2       1  117304       3.2683   0.00040156   -4.4409e-16       3.2683
_SET1_   2011         11   63606400   63678492    105      10  128202       3.6483    3.259e-06   -4.4409e-16       3.6483
_SET1_   9379         11   64373646   64490660    140      12  128751       1.4164     0.012661   -2.2204e-16       1.4164
_SET1_   113130       11   64833772   64851635     41      12  124870      -1.0657       0.5877   -2.2204e-16      -1.0657
_SET1_   9610         11   66099535   66104000     12       4  129717     -0.63313      0.48529   -2.2204e-16     -0.63313
_SET1_   582          11   66278077   66301084     43       5  127162      0.63092     0.083627   -2.2204e-16      0.63092
_SET1_   6712         11   66449967   66496716     37      13  128463       1.7501    0.0048714   -2.2204e-16       1.7501
_SET1_   55291        11   68228186   68382802    302      15  123165      0.99235     0.021418   -2.2204e-16      0.99235
_SET1_   9633         11   68474908   68518988     74       8  127126      0.99813      0.03484   -2.2204e-16      0.99813
_SET1_   22941        11   70313961   70935808   1722     132  128394       1.2113   0.00072262   -2.2204e-16       1.2113
_SET1_   100507050    11   74951950   74954749      4       1  129406     -0.21775      0.53604   -2.2204e-16     -0.21775
_SET1_   5058         11   77033060   77185108    315      15  126102      -2.3216      0.89898   -4.4409e-16      -2.3216
_SET1_   1740         11   83166055   85338314   5794     174  128182      0.16152    0.0048439   -2.2204e-16      0.16152
_SET1_   54843        11   85405264   85522197    260      17  128491      -0.8473      0.45319   -2.2204e-16      -0.8473
_SET1_   10873        11   86152150   86383678    856      48  129504     -0.72361      0.22218   -2.2204e-16     -0.72361
_SET1_   399947       11  109292570  109299893      6       3  126235       1.3308     0.019679   -2.2204e-16       1.3308
_SET1_   9177         11  113775518  113817283    121      17  127778      0.99825     0.033766   -2.2204e-16      0.99825
_SET1_   3359         11  113845797  113861035     54      11  126408       0.6508     0.072703   -2.2204e-16       0.6508
_SET1_   7070         11  119288655  119294246     11       2  130631      0.87943     0.070376   -2.2204e-16      0.87943
_SET1_   55800        11  123499895  123525315    100      18  125689      -1.5028      0.72884   -2.2204e-16      -1.5028
_SET1_   654429       12    1929433    1945919     64      21  130129       1.3504     0.013703   -2.2204e-16       1.3504
_SET1_   196500       12    6802957    6810009      8       4  117215      -1.1202      0.72017   -2.2204e-16      -1.1202
_SET1_   55359        12   10771538   10826917    144       9  129454       1.2509     0.017111   -2.2204e-16       1.2509
_SET1_   2904         12   13713684   14133022   1300      87  128362     -0.34308     0.073134   -2.2204e-16     -0.34308
_SET1_   2059         12   15773075   15942510    159      27  125554     0.029436      0.19017   -2.3592e-16     0.029436
_SET1_   55885        12   16701306   16761148     64      19  121822      -1.3177      0.63761   -2.2204e-16      -1.3177
_SET1_   54477        12   19282626   19529334    622      34  128816      -1.1434      0.47585   -2.2204e-16      -1.1434
_SET1_   9847         12   22601511   22697452    153       7  128203    -0.065011      0.29143   -2.3592e-16    -0.065011
_SET1_   4033         12   25205181   25261269    198      28  129401     -0.96606      0.49964   -2.2204e-16     -0.96606
_SET1_   55711        12   29301936   29488549    562      26  129227      -0.6875      0.27659   -2.2204e-16      -0.6875
_SET1_   10059        12   32832134   32898584    233       5  128851      -2.7636      0.97855   -4.4409e-16      -2.7636
_SET1_   4753         12   44902058   45307711    910      52  127354      -1.2997      0.39032   -2.2204e-16      -1.2997
_SET1_   387856       12   48577366   48579709      4       2  130644     -0.45038      0.41663   -2.2204e-16     -0.45038
_SET1_   784          12   49208215   49222726     22      10  125385       1.6545    0.0055924   -2.2204e-16       1.6545
_SET1_   23416        12   49932834   49952091     37       6  129437        2.934   0.00018262   -4.4409e-16        2.934
_SET1_   6334         12   51984050   52206648    375      26  127605       1.6402    0.0038573   -2.2204e-16       1.6402
_SET1_   27165        12   56864728   56882198     21       6  125753       1.5924    0.0078419   -2.2204e-16       1.5924
_SET1_   6866         12   57403781   57410344     11       3  130601       0.6297      0.12687   -2.2204e-16       0.6297
_SET1_   23329        12   65218352   65274802     74      17  124068     -0.34565      0.31031   -2.2204e-16     -0.34565
_SET1_   5801         12   71031853   71314584    856      84  127255       1.5447    0.0018785   -2.2204e-16       1.5447
_SET1_   29953        12   72666314   73059422    792      33  128678      0.84242     0.010739   -2.2204e-16      0.84242
_SET1_   552889       12   74931551   74935232      7       3  130626      0.99623     0.051273   -2.2204e-16      0.99623
_SET1_   3747         12   75433858   75603584    432      32  129737      0.93165     0.019894   -2.2204e-16      0.93165
_SET1_   89795        12   78224685   78606790   1217      76  127949    -0.083653     0.044997   -2.3592e-16    -0.083653
_SET1_   6857         12   79257773   79845788   1362      67  126580      0.34192     0.011375   -2.2204e-16      0.34192
_SET1_   490          12   89981826   90103130    189      21  128578      0.42112     0.097135   -2.2204e-16      0.42112
_SET1_   56899        12   99128569  100378512   3028     170  128108       4.0601   2.4942e-11             0       4.0601
_SET1_   56994        12  102091417  102122852     79      16  127455    -0.082804      0.21042   -2.3592e-16    -0.082804
_SET1_   9671         12  108523511  108644314    325      26  127760       2.3089   0.00036308   -4.4409e-16       2.3089
_SET1_   55530        12  109304658  109372453    234      28  128701       -1.074      0.52818   -2.2204e-16       -1.074
_SET1_   51699        12  110929330  110939916     11       3  123606       4.0462   1.3784e-06             0       4.0462
_SET1_   22895        12  113229343  113336686    193      25  126598      -0.4892      0.30284   -2.2204e-16      -0.4892
_SET1_   283455       12  117890817  118406399   1732     175  128232       0.5979    0.0040437   -2.2204e-16       0.5979
_SET1_   11113        12  120123595  120315095    468      33  126370      0.67417     0.029647   -2.2204e-16      0.67417
_SET1_   9478         12  121078422  121105129     84      16  128273       2.4499   0.00042822   -4.4409e-16       2.4499
_SET1_   64897        12  121440835  121454300     53      12  128698       2.9553   7.7148e-05   -4.4409e-16       2.9553
_SET1_   10645        12  121675495  121736111    167      28  129443       1.9508    0.0021002   -2.2204e-16       1.9508
_SET1_   54509        12  122215660  122231594     43       6  128624       0.1464      0.20178   -2.2204e-16       0.1464
_SET1_   80212        12  124420955  124457373     77       7  129481       4.4447    9.642e-08             0       4.4447
_SET1_   78988        13   21750372   21753223      4       2  120055     -0.87935      0.57693   -2.2204e-16     -0.87935
_SET1_   10810        13   27131840   27263082    400      24  126517     -0.36436      0.21671   -2.2204e-16     -0.36436
_SET1_   26960        13   35516424   36246874   1753      60  128473      -1.5479      0.22673   -2.2204e-16      -1.5479
_SET1_   400120       13   37248049   37271976     57      12  128666      -1.1837      0.63752   -2.2204e-16      -1.1837
_SET1_   57511        13   40229764   40365802    349      16  129670     -0.22421      0.20386   -2.2204e-16     -0.22421
_SET1_   11215        13   42846261   42897403    102      11  129796       1.5407    0.0094165   -2.2204e-16       1.5407
_SET1_   283514       13   46354405   46425846    241      30  128665     0.070849      0.13483   -2.3592e-16     0.070849
_SET1_   79621        13   51483814   51544596    104      18  127531     -0.20321      0.24669   -2.2204e-16     -0.20321
_SET1_   5100         13   53418109   53422775      8       3  122230       2.3449    0.0012044   -4.4409e-16       2.3449
_SET1_   440145       13   73282495   73301938     29       9  121627      0.93268     0.034749   -2.2204e-16      0.93268
_SET1_   4008         13   76194570   76434006    617      49  128534      0.95201     0.012833   -2.2204e-16      0.95201
_SET1_   22873        13   96230456   96296960     83      17  126694       1.7089    0.0044898   -2.2204e-16       1.7089
_SET1_   266722       13   96743093   97491816   1684      68  128348        2.292   2.6813e-06   -4.4409e-16        2.292
_SET1_   23348        13   99445741   99738660    893      32  127252      -2.5969      0.83656   -4.4409e-16      -2.5969
_SET1_   728215       13  107820879  108519460   2411     213  128515     -0.26982       0.0108   -2.2204e-16     -0.26982
_SET1_   84502        14   24037244   24048009     12       4  124004      0.91832     0.058729   -2.2204e-16      0.91832
_SET1_   253959       14   36007558   36278432    334      15  128229     -0.83755       0.4557   -2.2204e-16     -0.83755
_SET1_   54331        14   52327022   52436518    381      42  126302     -0.54829      0.27774   -2.2204e-16     -0.54829
_SET1_   6710         14   65213001   65346604    480      43  129251     -0.99111      0.45348   -2.2204e-16     -0.99111
_SET1_   10243        14   66974125   67648525   1966      19  126347      0.26626    0.0028576   -2.2204e-16      0.26626
_SET1_   87           14   69340840   69446083    380      41  128136      0.67976     0.039482   -2.2204e-16      0.67976
_SET1_   56936        14   70036531   70041600      8       2  129170      0.61567      0.12374   -2.2204e-16      0.61567
_SET1_   23508        14   71108504   71142077     91      21  128747       1.6782    0.0050095   -2.2204e-16       1.6782
_SET1_   9369         14   78636716   80334633   4080     221  127433      0.31809    0.0021489   -2.2204e-16      0.31809
_SET1_   145567       14   91006932   91282823    887      71  128807       3.0557   3.4681e-06   -4.4409e-16       3.0557
_SET1_   51466        14  100485719  100610573    342      30  129108     0.049444      0.15625   -2.3592e-16     0.049444
_SET1_   7187         14  103243816  103377837    267      18  127285       2.7047   0.00011171   -4.4409e-16       2.7047
_SET1_   3831         14  104095525  104167888    155      17  128101       3.9189    6.553e-07   -4.4409e-16       3.9189
_SET1_   9112         14  105886186  105937066     51      21  122566     -0.19148       0.2514   -2.2204e-16     -0.19148
_SET1_   4692         15   23930554   23932450      2       1  130644      -1.6603      0.88241   -2.2204e-16      -1.6603
_SET1_   2562         15   26788693   27018935    676      75  127792      0.77696     0.019975   -2.2204e-16      0.77696
_SET1_   2558         15   27111866   27194357    233      39  129787      0.29639     0.098335   -2.2204e-16      0.29639
_SET1_   2567         15   27216429   27778373   1670     159  128773      -1.4427      0.30264   -2.2204e-16      -1.4427
_SET1_   321          15   29211570   29410518    583      29  128194     -0.15022      0.15365   -2.2204e-16     -0.15022
_SET1_   10125        15   38780302   38857661    172      22  120474       2.0139    0.0015353   -4.4409e-16       2.0139
_SET1_   11245        15   40091223   40213093    254      28  124735       1.6423    0.0034254   -2.2204e-16       1.6423
_SET1_   56924        15   40509629   40569688    153      36  129195       3.4065   7.0301e-06   -4.4409e-16       3.4065
_SET1_   171177       15   41164412   41166487      1       1  130644    -0.030297       0.2791   -2.3592e-16    -0.030297
_SET1_   23005        15   42066632   42120053     86      13  127565      -1.3557      0.67896   -2.2204e-16      -1.3557
_SET1_   23582        15   43477466   43489375     13       5  128612       2.1397    0.0026128   -4.4409e-16       2.1397
_SET1_   9677         15   43825660   43882451     30       6  128266       4.2889   3.0048e-07             0       4.2889
_SET1_   1159         15   43885055   43891604      5       1  130644       2.6782     0.001148   -4.4409e-16       2.6782
_SET1_   388121       15   51348798   51397473    103      13  128382       2.5935    0.0002729   -4.4409e-16       2.5935
_SET1_   23312        15   51739921   51915030    397      17  127278        1.065     0.012653   -2.2204e-16        1.065
_SET1_   440279       15   54270557   54920806   2496     107  129223     -0.13016    0.0066503   -2.2204e-16     -0.13016
_SET1_   8854         15   58245622   58358121    328      13  129283     -0.85483      0.42725   -2.2204e-16     -0.85483
_SET1_   7168         15   63334838   63364114     99      14  128574     -0.54382      0.37608   -2.2204e-16     -0.54382
_SET1_   5607         15   67835021   68099455    562      24  128376       2.6842   4.1183e-05   -4.4409e-16       2.6842
_SET1_   27020        15   73852344   73925753    121      14  126642      0.73601     0.058034   -2.2204e-16      0.73601
_SET1_   57184        15   75192328   75199462      9       3  130360      0.89283     0.058225   -2.2204e-16      0.89283
_SET1_   25942        15   75661720   75748181     91      10  128329       1.1781     0.020884   -2.2204e-16       1.1781
_SET1_   84894        15   77905369   77988490    219      23  128267       2.0864    0.0013317   -4.4409e-16       2.0864
_SET1_   1136         15   78885394   78913637     69       8  128623        6.382   2.8622e-13             0        6.382
_SET1_   5923         15   79252289   79383215    408      61  128866       1.1954     0.012263   -2.2204e-16       1.1954
_SET1_   8120         15   83328033   83378660    113      19  128810       5.4605   1.1926e-10             0       5.4605
_SET1_   9640         15   85291818   85349663    117      16  127530       5.3946   1.5393e-10             0       5.3946
_SET1_   8128         15   92937140   93011958    213      24  128442      0.61912     0.049742   -2.2204e-16      0.61912
_SET1_   101927751    15  101457587  101459437      7       2  130644      0.24907      0.17635   -2.2204e-16      0.24907
_SET1_   146330       16     742500     755825     25       4  128952       0.2629      0.17429   -2.2204e-16       0.2629
_SET1_   8912         16    1203241    1271772    242      49  126901       0.2529      0.11317   -2.2204e-16       0.2529
_SET1_   8938         16    1383606    1399442     47      14  126744      -1.2053      0.63455   -2.2204e-16      -1.2053
_SET1_   10921        16    2303100    2318413     26       7  127419      0.33609      0.12373   -2.2204e-16      0.33609
_SET1_   29965        16    4560676    4588816     67       8  127480       3.5589   6.8473e-06   -4.4409e-16       3.5589
_SET1_   54715        16    5289469    7763342  13762     593  128359       3.5707   2.1709e-10   -4.4409e-16       3.5707
_SET1_   23420        16   14927643   14990014      6       4  128637       0.6336      0.10693   -2.2204e-16       0.6336
_SET1_   89927        16   15528325   15682116    213      28  126584     -0.52519      0.31331   -2.2204e-16     -0.52519
_SET1_   51760        16   19179541   19279656    258      38  128756     -0.27452      0.22458   -2.2204e-16     -0.27452
_SET1_   1428         16   21269839   21314404    103      10  126631     0.028626      0.19213   -2.3592e-16     0.028626
_SET1_   5579         16   23847300   24231932   1156     101  127910       1.0847    0.0035756   -2.2204e-16       1.0847
_SET1_   10368        16   24266874   24373737    340      49  128820       1.4344    0.0064207   -2.2204e-16       1.4344
_SET1_   112476       16   29823409   29827202      5       3  124940        2.145    0.0027084   -4.4409e-16        2.145
_SET1_   8448         16   30016835   30023424     12       3  130644       6.4293   5.4427e-13             0       6.4293
_SET1_   83723        16   30035748   30064338     44       6  129029       5.1556   1.5211e-09             0       5.1556
_SET1_   64400        16   53525192   53538323     16       3  127424     -0.81979      0.53514   -2.2204e-16     -0.81979
_SET1_   2775         16   56225251   56391356    444      50  125646       1.1331      0.01099   -2.2204e-16       1.1331
_SET1_   1258         16   57916244   58005020    318      50  126285     -0.94936      0.45857   -2.2204e-16     -0.94936
_SET1_   65009        16   58497549   58547523    132      37  127248       2.4912   0.00032997   -4.4409e-16       2.4912
_SET1_   1012         16   82660399   83830215   6546     330  128306       1.3519   4.0433e-05   -2.2204e-16       1.3519
_SET1_   146760       17    1837971    1928178    310      38  128775       1.1458      0.01367   -2.2204e-16       1.1458
_SET1_   5026         17    3575156    3599698     66      11  127590       1.9108     0.002618   -2.2204e-16       1.9108
_SET1_   50488        17    4736635    4801356    170      18  128382      0.38656      0.10013   -2.2204e-16      0.38656
_SET1_   1742         17    7093209    7123369     43       9  128676        2.657   0.00026022   -4.4409e-16        2.657
_SET1_   1949         17    7608520    7614693      9       3  121420       1.0217     0.040111   -2.2204e-16       1.0217
_SET1_   9340         17    9729152    9794269    259      23  129632     -0.45685      0.29612   -2.2204e-16     -0.45685
_SET1_   9912         17   12692829   12894960    755      51  128713        3.387   9.1958e-07   -4.4409e-16        3.387
_SET1_   51168        17   18012020   18083116    133      17  129548       2.6487   0.00018355   -4.4409e-16       2.6487
_SET1_   339263       17   21343211   21454941    169      27  127272     -0.80165      0.42165   -2.2204e-16     -0.80165
_SET1_   399687       17   27400528   27507432    208      21  129190       1.7899    0.0029147   -2.2204e-16       1.7899
_SET1_   28964        17   27900487   27916610     28       9  126671       1.0649     0.027258   -2.2204e-16       1.0649
_SET1_   124930       17   27920527   27941779     26       9  126582      0.73225     0.055728   -2.2204e-16      0.73225
_SET1_   55288        17   30469473   30552746    102      10  129005      -1.1275      0.64806   -2.2204e-16      -1.1275
_SET1_   40           17   31340105   32483825   3637     274  128351     -0.14391    0.0068869   -2.2204e-16     -0.14391
_SET1_   100170841    17   36827956   36831187      3       2  130644     -0.46254      0.44615   -2.2204e-16     -0.46254
_SET1_   782          17   37329709   37353956     54      18  129494       1.8248    0.0039273   -2.2204e-16       1.8248
_SET1_   79132        17   40253422   40264751     29       5  129306    -0.092566      0.29225   -2.3592e-16    -0.092566
_SET1_   535          17   40610862   40674597     67      15  125713        2.002    0.0020769   -4.4409e-16        2.002
_SET1_   56970        17   42269173   42275747      9       5  123271        1.029     0.041794   -2.2204e-16        1.029
_SET1_   752          17   43299192   43324685     47       8  128579     0.026146      0.21522   -2.3592e-16     0.026146
_SET1_   4137         17   43971702   44105700    686       5  130259       4.4383   1.0922e-08             0       4.4383
_SET1_   4905         17   44668035   44834830     74       8  126091       4.2717    2.003e-07             0       4.2717
_SET1_   4779         17   46125686   46138907     23       7  128840       0.7251     0.070439   -2.2204e-16       0.7251
_SET1_   8913         17   48638429   48704835    142      21  127810       1.3242      0.01079   -2.2204e-16       1.3242
_SET1_   56934        17   49707674   50237377   1258      70  128469       1.7279   0.00017671   -2.2204e-16       1.7279
_SET1_   22843        17   56833230   57062540    329      20  122936       1.5299    0.0039957   -2.2204e-16       1.5299
_SET1_   1213         17   57697050   57774317    116      10  128909     -0.99519      0.58791   -2.2204e-16     -0.99519
_SET1_   146713       17   77085427   77512230   1941     232  128956     -0.11677     0.014169   -2.3592e-16     -0.11677
_SET1_   57674        17   78234643   78372586    399      46  128285      0.49222     0.057049   -2.2204e-16      0.49222
_SET1_   396          17   79825595   79829282      7       2  124665       1.3109     0.027909   -2.2204e-16       1.3109
_SET1_   255275       17   79897521   79905109     21       4  125795      0.56062     0.087108   -2.2204e-16      0.56062
_SET1_   23136        18    5392380    5630662    660      61  127834      0.88972      0.01455   -2.2204e-16      0.88972
_SET1_   2774         18   11689014   11885684    618      41  129741     -0.26394      0.16617   -2.2204e-16     -0.26394
_SET1_   284252       18   24034874   24237365    566      76  128488     -0.60788      0.29761   -2.2204e-16     -0.60788
_SET1_   1837         18   32073254   32471808    900      28  128175       1.1056    0.0043854   -2.2204e-16       1.1056
_SET1_   56853        18   34823003   35146000    833      91  128463    -0.028948     0.094544   -2.3592e-16    -0.028948
_SET1_   6860         18   40847857   40857615      9       3  130592       2.4288    0.0014393   -4.4409e-16       2.4288
_SET1_   494470       18   43906772   44041159    371      57  124046      0.40283     0.071821   -2.2204e-16      0.40283
_SET1_   9063         18   44388900   44500130    252      13  126230      0.80953     0.038784   -2.2204e-16      0.80953
_SET1_   23335        18   54318590   54697036    880      45  123239       -0.136     0.079711   -2.2204e-16       -0.136
_SET1_   220164       18   67068284   67516323   1579     120  129100      -1.8031      0.46129   -2.2204e-16      -1.8031
_SET1_   4155         18   74690789   74844774    677      98  128878     -0.32102      0.20841   -2.2204e-16     -0.32102
_SET1_   5064         19     708953     748330    198      39  125563      0.34225     0.087766   -2.2204e-16      0.34225
_SET1_   1675         19     859665     863624     10       4  122971    -0.055569      0.21522   -2.3592e-16    -0.055569
_SET1_   7089         19    2997636    3047846    208      40  129824      0.43812     0.085568   -2.2204e-16      0.43812
_SET1_   60680        19    3224701    3297074    237      28  129378      -1.5446      0.71424   -2.2204e-16      -1.5446
_SET1_   4145         19    3777967    3801810     59      17  128601      -1.2471      0.64233   -2.2204e-16      -1.2471
_SET1_   10501        19    4542600    4559771     56      17  129432      -1.9752      0.85964   -2.2204e-16      -1.9752
_SET1_   163059       19   12125532   12146525     35       6  126567       2.2448    0.0030341   -4.4409e-16       2.2448
_SET1_   773          19   13317256   13617274    993     114  128557       0.7989     0.015831   -2.2204e-16       0.7989
_SET1_   5585         19   14544166   14582679     95      21  127683      -1.8467       0.8267   -2.2204e-16      -1.8467
_SET1_   6511         19   15060845   15121455    361      31  129858      -1.0334       0.4782   -2.2204e-16      -1.0334
_SET1_   170463       19   18529679   18545372     24       5  123875      0.72188     0.063567   -2.2204e-16      0.72188
_SET1_   7386         19   29698167   29704136     13       3  121048     -0.58942       0.4688   -2.2204e-16     -0.58942
_SET1_   83636        19   30189793   30206696     55      11  130200     -0.23305      0.29409   -2.2204e-16     -0.23305
_SET1_   163175       19   35615417   35626178     36       5  128974      -1.8316      0.85854   -2.2204e-16      -1.8316
_SET1_   8193         19   38701649   38720317     56      11  128390       1.2923     0.015594   -2.2204e-16       1.2923
_SET1_   10653        19   38755098   38783254     76      16  127371     -0.44316      0.32928   -2.2204e-16     -0.44316
_SET1_   90522        19   38794200   38806615     37       9  129199       0.2698      0.15459   -2.2204e-16       0.2698
_SET1_   163126       19   40029446   40030838      4       2  130644       1.3409     0.024475   -2.2204e-16       1.3409
_SET1_   8425         19   41099072   41135725    101      12  128903      0.94831      0.03488   -2.2204e-16      0.94831
_SET1_   478          19   42470628   42498428     22      12  121566      0.71909     0.060359   -2.2204e-16      0.71909
_SET1_   57787        19   45754516   45808541    142      15  129081     -0.19606      0.24025   -2.2204e-16     -0.19606
_SET1_   6253         19   45988546   46000313     33       7  125743     -0.54153      0.39052   -2.2204e-16     -0.54153
_SET1_   1760         19   46272975   46285815     16       4  127811       0.1234      0.18756   -2.3592e-16       0.1234
_SET1_   339344       19   46393281   46405862     40       8  129394       0.4499      0.10916   -2.2204e-16       0.4499
_SET1_   29888        19   47222768   47250251     51      10  128055      -1.0283       0.5736   -2.2204e-16      -1.0283
_SET1_   8775         19   47990891   48018515     39       7  122499     -0.51879      0.41372   -2.2204e-16     -0.51879
_SET1_   3748         19   50818765   50832634     39       9  118283       1.0781     0.025298   -2.2204e-16       1.0781
_SET1_   5582         19   54385467   54410906     50      13  121945      -2.4745       0.9482   -4.4409e-16      -2.4745
_SET1_   59283        19   54466290   54493469     83      11  130317       2.6849   0.00023383   -4.4409e-16       2.6849
_SET1_   6861         19   55682571   55691809     58       7  129170       1.3209     0.029689   -2.2204e-16       1.3209
_SET1_   5173         20    1959402    1974931     40       7  129047      0.38533      0.13002   -2.2204e-16      0.38533
_SET1_   63908        20   23355156   23402156    165      14  128388      -1.8856      0.83772   -2.2204e-16      -1.8856
_SET1_   955          20   25176327   25207365     97      13  128616      0.93854     0.034116   -2.2204e-16      0.93854
_SET1_   598          20   30252261   30311752     88       8  128654      0.38687      0.12232   -2.2204e-16      0.38687
_SET1_   140688       20   31030862   31172875    243      25  125872       0.3777     0.083895   -2.2204e-16       0.3777
_SET1_   10893        20   33814539   33864804     84      12  122241       1.2491     0.018184   -2.2204e-16       1.2491
_SET1_   2036         20   34679426   34820721    142      17  128578      0.30786       0.1314   -2.2204e-16      0.30786
_SET1_   57446        20   35280169   35374541     91      32  124850      0.69036     0.059968   -2.2204e-16      0.69036
_SET1_   140679       20   37353105   37358015      4       2  124967       1.3531      0.01826   -2.2204e-16       1.3531
_SET1_   10953        20   43570771   43589114     19       4  130613        2.114    0.0024822   -4.4409e-16        2.114
_SET1_   3785         20   62031561   62103993    288      29  129300    -0.012689      0.16047   -2.3592e-16    -0.012689
_SET1_   1917         20   62119365   62130668     51      13  129119        3.273   1.8948e-05   -4.4409e-16        3.273
_SET1_   54014        21   40556102   40685745    335      16  128180       2.3857   0.00029339   -4.4409e-16       2.3857
_SET1_   54020        21   43919742   44001550    329      24  128966     -0.16785      0.18497   -2.2204e-16     -0.16785
_SET1_   104          21   46494493   46646478    411      25  127858      -1.1127      0.49939   -2.2204e-16      -1.1127
_SET1_   5413         22   19701987   19710845      2       1  122139    -0.015258      0.46474   -2.3592e-16    -0.015258
_SET1_   128989       22   20004554   20053449    166      24  127812       2.2546   0.00065227   -4.4409e-16       2.2546
_SET1_   1399         22   21271714   21308037     85       8  130305      0.62707     0.086097   -2.2204e-16      0.62707
_SET1_   57168        22   26825280   26840978     40       9  128150     -0.89557      0.52642   -2.2204e-16     -0.89557
_SET1_   23760        22   28247657   28315255    117      13  128712       2.0092    0.0031133   -4.4409e-16       2.0092
_SET1_   25775        22   32329507   32341336     38      10  128746      0.78231     0.056575   -2.2204e-16      0.78231
_SET1_   9215         22   33668509   34316464   2143     161  128030      0.55053    0.0013981   -2.2204e-16      0.55053
_SET1_   4627         22   36677323   36784107    308      33  126831     -0.52227      0.29288   -2.2204e-16     -0.52227
_SET1_   3761         22   38822332   38851205     81      16  125205       2.3775   0.00054937   -4.4409e-16       2.3775
_SET1_   57591        22   40806292   41032690    354      15  128260       1.6639    0.0039463   -2.2204e-16       1.6639
_SET1_   85352        22   44639545   44727470    319      60  128524       0.1177       0.1346   -2.3592e-16       0.1177
_SET1_   414918       22   50750392   50765517     56      10  129383      0.91352     0.044325   -2.2204e-16      0.91352
_SET1_   9701         22   50781746   50883519    330      25  128268      0.71017     0.037723   -2.2204e-16      0.71017
_SET1_   6305         22   50883429   50913467     83      16  128636     -0.63944      0.40738   -2.2204e-16     -0.63944
_SET1_   85358        22   51113070   51171640    130      29  128560        2.744   0.00012059   -4.4409e-16        2.744

# _SET2_  VARIABLE = gtex__hippocampus__M002 (set)
# _SET2_  NGENES = 421
# _SET2_  P-VALUE = 5.2613e-05
_SET2_   GENE     CHR      START       STOP  NSNPS  NPARAM       N        ZSTAT            P  ZFITTED_BASE  ZRESID_BASE
_SET2_   8514       1    6052358    6161253    299      44  128505     -0.85776      0.44016   -2.2204e-16     -0.85776
_SET2_   23254      1   14219646   15444544   4435     331  128705    -0.082136    0.0056245   -2.3592e-16    -0.082136
_SET2_   23352      1   19401000   19536812    249      21  128518      -1.0871      0.53559   -2.2204e-16      -1.0871
_SET2_   4681       1   19969723   19984949     50      14  127079    -0.028819       0.1928   -2.3592e-16    -0.028819
_SET2_   57576      1   20990475   21044317    203      43  129656      0.68041       0.0539   -2.2204e-16      0.68041
_SET2_   8672       1   21132785   21503381    669      24  126237       1.4113    0.0024075   -2.2204e-16       1.4113
_SET2_   56181      1   26146397   26159433     30       3  128228      -1.3721      0.76251   -2.2204e-16      -1.3721
_SET2_   9698       1   31404353   31538838    252      17  128285     0.050827      0.15052   -2.3592e-16     0.050827
_SET2_   55108      1   32830704   32860062     21      11  121645     -0.55213      0.46606   -2.2204e-16     -0.55213
_SET2_   64769      1   37955561   37980420     76      13  130061       1.7476    0.0053348   -2.2204e-16       1.7476
_SET2_   8761       1   40026485   40042522     33       9  130180       1.9588    0.0033707   -2.2204e-16       1.9588
_SET2_   22955      1   41492871   41707815    505      21  128172      0.16751     0.088447   -2.2204e-16      0.16751
_SET2_   6487       1   44173204   44396837    483      26  128379       3.5957   7.6967e-07   -4.4409e-16       3.5957
_SET2_   1996       1   50513686   50669442    186      30  128877       3.1853   1.9993e-05   -4.4409e-16       3.1853
_SET2_   22996      1   51752930   51810785     99      19  126059      0.32746      0.13725   -2.2204e-16      0.32746
_SET2_   57685      1   64936476   65158741    461      63  127792     0.034296      0.14767   -2.3592e-16     0.034296
_SET2_   9829       1   65720133   65881552    432      29  127891      -1.5083      0.62546   -2.2204e-16      -1.5083
_SET2_   5142       1   66258193   66840262   1346      78  127195       2.5607   3.8306e-06   -4.4409e-16       2.5607
_SET2_   84251      1   66999066   67210768    717      25  128897     0.074189     0.067315   -2.3592e-16     0.074189
_SET2_   127254     1   75033795   75139422    164      19  128059      -1.2398      0.61446   -2.2204e-16      -1.2398
_SET2_   57535      1  109656585  109749403    328      35  128821      -2.0219      0.83454   -4.4409e-16      -2.0219
_SET2_   9659       1  144851424  145076186     40      16  100891     -0.67602      0.49213   -2.2204e-16     -0.67602
_SET2_   80128      1  155145702  155157447     16       7  123624    0.0078588      0.19548   -2.3592e-16    0.0078588
_SET2_   10712      1  155216996  155225274     19       2  127661       1.3187      0.02785   -2.2204e-16       1.3187
_SET2_   64218      1  156117145  156147542     50      10  128242       0.1734      0.15531   -2.2204e-16       0.1734
_SET2_   9826       1  156904632  157015512    232      19  128960       2.4274   0.00038298   -4.4409e-16       2.4274
_SET2_   84134      1  161195729  161200536      5       3  125836     -0.98685      0.57614   -2.2204e-16     -0.98685
_SET2_   22920      1  169890461  170043882    408      12  128495      0.84462     0.031444   -2.2204e-16      0.84462
_SET2_   26052      1  171810618  172387606   1280      60  128686      0.43088     0.009893   -2.2204e-16      0.43088
_SET2_   85397      1  182613036  182653502    103      13  124300       1.1269     0.026841   -2.2204e-16       1.1269
_SET2_   9887       1  183441506  183523328     97      17  125696       1.6954    0.0045294   -2.2204e-16       1.6954
_SET2_   343450     1  196194913  196577690    643      18  127134      0.52092     0.036911   -2.2204e-16      0.52092
_SET2_   252839     1  201103900  201140710    130      21  129000     -0.45294      0.32578   -2.2204e-16     -0.45294
_SET2_   5877       1  202847410  202858385     27       6  128999      -1.4504      0.75923   -2.2204e-16      -1.4504
_SET2_   493        1  203595915  203713209    273      37  127149      0.16221      0.12042   -2.2204e-16      0.16221
_SET2_   83593      1  206680866  206762616    191      27  128834     -0.61726      0.35587   -2.2204e-16     -0.61726
_SET2_   2058       1  220141940  220220000    267      10  130066     -0.57537      0.36716   -2.2204e-16     -0.57537
_SET2_   84033      1  228395740  228566577    467      23  128278      -1.6749      0.67753   -2.2204e-16      -1.6749
_SET2_   80003      1  233119855  233431459   1070      60  126809      -0.2342     0.075402   -2.2204e-16      -0.2342
_SET2_   3964       1  236681514  236716281    201      11  129926     -0.91733      0.51259   -2.2204e-16     -0.91733
_SET2_   6000       1  240938817  241520505   1828     151  128059      -0.9475      0.12082   -2.2204e-16      -0.9475
_SET2_   10000      1  243651535  244014381    487      23  128291       4.5594    5.026e-09             0       4.5594
_SET2_   10472      1  244212241  244220778      5       3  110454      0.73487      0.09976   -2.2204e-16      0.73487
_SET2_   54221      2     946554    1371401   1812      63  129147      0.47269    0.0019138   -2.2204e-16      0.47269
_SET2_   23040      2    1792885    2335147   1547      89  127919       1.1111   0.00094083   -2.2204e-16       1.1111
_SET2_   57539      2   20110024   20189884    181      20  129115      -1.4441      0.70222   -2.2204e-16      -1.4441
_SET2_   9784       2   27593363   27600400      9       2  130644       2.2922    0.0018095   -4.4409e-16       2.2922
_SET2_   79623      2   31133331   31361592    824      54  126867      0.26106     0.037977   -2.2204e-16      0.26106
_SET2_   130733     2   39892638   39945103     60       5  128547       2.3478   0.00093303   -4.4409e-16       2.3478
_SET2_   9378       2   50145643   51259674   3413     123  128519       1.8498    6.385e-06   -2.2204e-16       1.8498
_SET2_   400954     2   54952149   55199157    788      56  128506       2.1078   0.00020284   -4.4409e-16       2.1078
_SET2_   114800     2   56411258   56613309    614      49  128822       1.9007   0.00079137   -2.2204e-16       1.9007
_SET2_   23301      2   62900986   63273622    391      33  125634      0.98144     0.017077   -2.2204e-16      0.98144
_SET2_   7360       2   64068084   64118696    113      20  127189      -1.3213       0.6751   -2.2204e-16      -1.3213
_SET2_   3899       2  100162326  100759037   1161      54  127932     -0.46825     0.092511   -2.2204e-16     -0.46825
_SET2_   57628      2  115199899  116603328   3331     124  128220      0.39973    0.0019533   -2.2204e-16      0.39973
_SET2_   50649      2  131594489  131804826    541      41  126022    -0.074119      0.12844   -2.3592e-16    -0.074119
_SET2_   23518      2  136289036  136482839    238      19  123926      -1.5708      0.71722   -2.2204e-16      -1.5708
_SET2_   785        2  152689285  152955593    623      33  128540      0.31605     0.052954   -2.2204e-16      0.31605
_SET2_   3760       2  155555093  155714864    462      54  128691     -0.27917      0.19465   -2.2204e-16     -0.27917
_SET2_   2820       2  157291965  157442915    284      18  120034       1.0362     0.017506   -2.2204e-16       1.0362
_SET2_   57282      2  162480699  162841786    795      24  127106      0.24928      0.04495   -2.2204e-16      0.24928
_SET2_   2571       2  171673200  171717661    104      14  124423     -0.68663      0.41059   -2.2204e-16     -0.68663
_SET2_   8604       2  172639915  172750816    240      26  127808       1.6524    0.0043983   -2.2204e-16       1.6524
_SET2_   1123       2  175664042  175870671    266      15  128121       1.2323     0.012631   -2.2204e-16       1.2323
_SET2_   151126     2  180306709  180726232   1505     102  129355      0.34603     0.012243   -2.2204e-16      0.34603
_SET2_   151242     2  182818968  182996109    378      38  128026        1.716    0.0024329   -2.2204e-16        1.716
_SET2_   6775       2  191894302  192037404    279      30  129583     -0.41927      0.27602   -2.2204e-16     -0.41927
_SET2_   285172     2  201838441  201936392    153      14  125805      -0.1684      0.26248   -2.2204e-16      -0.1684
_SET2_   4133       2  210288733  210598842    730      29  125097      0.94568    0.0099245   -2.2204e-16      0.94568
_SET2_   7277       2  220114433  220119330     10       3  115866    -0.090429      0.32684   -2.3592e-16    -0.090429
_SET2_   80210      2  232063294  232238606    392      34  128407     -0.99685      0.46633   -2.2204e-16     -0.99685
_SET2_   25791      2  233743396  233877951    485      46  128940       4.5733   3.9537e-09             0       4.5733
_SET2_   55054      2  234160217  234204320    106      10  129869     -0.36186      0.32018   -2.2204e-16     -0.36186
_SET2_   10752      3     238279     451100    845      64  127872      0.39684     0.031684   -2.2204e-16      0.39684
_SET2_   3708       3    4535032    4889524   1214     140  127995     -0.60735      0.18978   -2.2204e-16     -0.60735
_SET2_   78987      3    9975478    9987097     18       6  124091    -0.054199      0.23292   -2.3592e-16    -0.054199
_SET2_   491        3   10365707   10733131   1348     118  128200        1.983   0.00012683   -2.2204e-16        1.983
_SET2_   23066      3   12838171   12876313    117      22  128680   -0.0010635      0.18201   -2.3592e-16   -0.0010635
_SET2_   2199       3   13573824   13679922    390      45  129689     -0.47048      0.27582   -2.2204e-16     -0.47048
_SET2_   27258      3   14220228   14239869     27       5  129789      -1.6919      0.82431   -2.2204e-16      -1.6919
_SET2_   28512      3   23933552   23958537     48       9  126990      0.78255     0.054856   -2.2204e-16      0.78255
_SET2_   6138       3   23958295   23965187     12       5  130307       1.1727     0.029077   -2.2204e-16       1.1727
_SET2_   7068       3   24158644   24536772   1094     112  126281       4.1003   1.0707e-08             0       4.1003
_SET2_   23122      3   33537737   33759705    311      23  126891       1.6474    0.0034063   -2.2204e-16       1.6474
_SET2_   51304      3   44956753   45017674     69       9  127267       1.1118     0.024506   -2.2204e-16       1.1118
_SET2_   79012      3   49895414   49907655     17       4  126802       2.8134   0.00015905   -4.4409e-16       2.8134
_SET2_   8314       3   52435020   52444121      6       2  121479       2.3171    0.0020996   -4.4409e-16       2.3171
_SET2_   776        3   53529076   53847179    745      74  127301      0.16941     0.064767   -2.2204e-16      0.16941
_SET2_   26059      3   55542336   56502391   2777      96  128039     -0.85162     0.035918   -2.2204e-16     -0.85162
_SET2_   50650      3   56761446   57113336   1045      86  128448       1.4809    0.0011633   -2.2204e-16       1.4809
_SET2_   8618       3   62384021   62861064   1787     100  129076      0.81448    0.0013467   -2.2204e-16      0.81448
_SET2_   132204     3   63263914   63602597   1273      96  128448      0.68542    0.0072716   -2.2204e-16      0.68542
_SET2_   6092       3   75955845   77699115   4991     220  127387    -0.089746    0.0070423   -2.3592e-16    -0.089746
_SET2_   84319      3   99536678   99897476    441      23  127875     -0.55522      0.27815   -2.2204e-16     -0.55522
_SET2_   54847      3  113251218  113348422    304      29  127981     -0.44864       0.2782   -2.2204e-16     -0.44864
_SET2_   523        3  113465866  113530905     82       5  127936      0.65111     0.078243   -2.2204e-16      0.65111
_SET2_   254887     3  113666748  113705706     61      17  123554     -0.34167      0.27458   -2.2204e-16     -0.34167
_SET2_   11343      3  127407905  127542093    393      49  128026      -1.0459      0.48563   -2.2204e-16      -1.0459
_SET2_   170506     3  153993452  154042286     81      12  126667       0.1448      0.15505   -2.2204e-16       0.1448
_SET2_   23007      3  155197670  155462878    741      27  129438    -0.013882     0.082962   -2.3592e-16    -0.013882
_SET2_   51319      3  157823690  158262624   1236      21  129410     -0.97317      0.17283   -2.2204e-16     -0.97317
_SET2_   29970      3  158991036  159615155   1271      87  125867     -0.33273     0.072725   -2.2204e-16     -0.33273
_SET2_   22865      3  164902010  164914469     23       4  128689     -0.45379      0.43405   -2.2204e-16     -0.45379
_SET2_   10242      3  178254086  178562217    929      46  128943     -0.61154       0.1587   -2.2204e-16     -0.61154
_SET2_   5437       3  184079502  184086383     12       3  130644       -1.255      0.73039   -2.2204e-16       -1.255
_SET2_   8646       3  184097861  184107617     17       5  128876      -1.1404      0.66131   -2.2204e-16      -1.1404
_SET2_   3064       4    3076408    3245687    338      20  129043     -0.32034      0.24749   -2.2204e-16     -0.32034
_SET2_   27065      4    4387983    4420785    102      11  128997       1.2578     0.018672   -2.2204e-16       1.2578
_SET2_   5522       4    6322305    6565327    955      96  127778       1.1406    0.0049729   -2.2204e-16       1.1406
_SET2_   2555       4   46246470   46392056    307      18  126880       2.1316   0.00061664   -4.4409e-16       2.1316
_SET2_   3815       4   55524095   55606881    187      26  127666     -0.92892      0.47693   -2.2204e-16     -0.92892
_SET2_   2044       4   66185281   66536529   1246      66  129326       2.6296   4.3893e-06   -4.4409e-16       2.6296
_SET2_   6622       4   90645250   90759447    357      23  128564       2.2195   0.00049673   -4.4409e-16       2.2195
_SET2_   133308     4  103946647  103998480     57      18  124430       3.1635   2.2682e-05   -4.4409e-16       3.1635
_SET2_   817        4  114372188  114683669    710      50  128620     -0.83319      0.30392   -2.2204e-16     -0.83319
_SET2_   79625      4  121956782  121993673     97      15  129418      -1.6398      0.78802   -2.2204e-16      -1.6398
_SET2_   10393      4  145915727  146019693     98      17  126259     -0.63113      0.39324   -2.2204e-16     -0.63113
_SET2_   166614     4  150999426  151178609    501      38  127364      -0.2671      0.16951   -2.2204e-16      -0.2671
_SET2_   285533     4  154631312  154681387    182      12  130201       2.2932   0.00071455   -4.4409e-16       2.2932
_SET2_   59350      4  159442866  159574524    152      12  128108      -1.2984      0.69115   -2.2204e-16      -1.2984
_SET2_   8470       4  186506598  186877870   1512     130  128809     -0.87411      0.17938   -2.2204e-16     -0.87411
_SET2_   1501       5   10971952   11904155   2541     186  125871     -0.23348     0.010196   -2.2204e-16     -0.23348
_SET2_   1016       5   19473140   20575972   2755      99  126991     -0.26127    0.0078529   -2.2204e-16     -0.26127
_SET2_   4338       5   52391509   52405602     50       7  129621       1.0043     0.043711   -2.2204e-16       1.0043
_SET2_   5295       5   67511584   67597649    215      38  128942       0.9705     0.026824   -2.2204e-16       0.9705
_SET2_   1404       5   82934017   83016896    218      37  126125       1.1112     0.016215   -2.2204e-16       1.1112
_SET2_   4208       5   88014058   88199922    320      27  127535        2.902   3.3716e-05   -4.4409e-16        2.902
_SET2_   79772      5   94038280   94620279   1383     109  127393     -0.15675     0.054735   -2.2204e-16     -0.15675
_SET2_   5066       5  102201527  102366809    257      13  122377      -1.0566       0.5251   -2.2204e-16      -1.0566
_SET2_   55521      5  114460459  114516243    132      18  126098     -0.98142      0.52217   -2.2204e-16     -0.98142
_SET2_   51307      5  137673224  137685418     23       7  127879       2.4593   0.00054957   -4.4409e-16       2.4593
_SET2_   56134      5  140345747  140391929     61      15  123210       2.8034   0.00012479   -4.4409e-16       2.8034
_SET2_   56110      5  140743729  140892546    351      28  127571       1.3455    0.0090306   -2.2204e-16       1.3455
_SET2_   285613     5  141016517  141020918     13       5  128225       1.3784     0.017127   -2.2204e-16       1.3784
_SET2_   2561       5  160715426  160975130    600      37  128724      -2.0561      0.79701   -4.4409e-16      -2.0561
_SET2_   2554       5  161274197  161326965    134      16  128304      0.57988     0.071384   -2.2204e-16      0.57988
_SET2_   2566       5  161494648  161582545    156      26  129047       2.6572   0.00017713   -4.4409e-16       2.6572
_SET2_   1627       5  176883613  176900694     36       7  122423      -0.3452      0.30508   -2.2204e-16      -0.3452
_SET2_   7280       6    3153900    3157783      5       2  125751       1.0608     0.039283   -2.2204e-16       1.0608
_SET2_   221692     6   12716888   13290476   1382      66  127449       -0.708      0.10096   -2.2204e-16       -0.708
_SET2_   54438      6   13363587   13487869    319      30  128548       1.6789    0.0030438   -2.2204e-16       1.6789
_SET2_   221662     6   17281739   17294102     20       6  130319      -1.4661      0.77213   -2.2204e-16      -1.4661
_SET2_   9750       6   24804512   24936275    367      36  127140       1.5147    0.0041216   -2.2204e-16       1.5147
_SET2_   2914       6   33989623   34123399    431      44  125416       1.4985    0.0040081   -2.2204e-16       1.4985
_SET2_   6882       6   34845555   34855908     23       7  129165        1.597      0.01147   -2.2204e-16        1.597
_SET2_   55809      6   42192669   42419943    525      42  128190      -1.0458      0.46673   -2.2204e-16      -1.0458
_SET2_   64928      6   44081372   44095191     37       8  125702      0.86612     0.042288   -2.2204e-16      0.86612
_SET2_   2030       6   44187242   44201888     19       8  130431     -0.48566      0.37623   -2.2204e-16     -0.48566
_SET2_   22999      6   72596406   73112845   1281      42  128133       2.4248   6.0284e-06   -4.4409e-16       2.4248
_SET2_   1303       6   75794042   75915623    186      30  127299      -2.0412      0.87972   -4.4409e-16      -2.0412
_SET2_   27145      6   76004607   76203516    272      16  128706      -2.1502      0.87291   -4.4409e-16      -2.1502
_SET2_   9892       6   84262604   84419127    288      20  126272       4.4939   1.4351e-08             0       4.4939
_SET2_   1268       6   88849583   88876063     54      14  128408      -1.3508      0.69034   -2.2204e-16      -1.3508
_SET2_   2898       6  101841584  102517958   1973     115  127824     -0.38148     0.026531   -2.2204e-16     -0.38148
_SET2_   116150     6  117996617  118031890     89      16  130115       3.4051    1.413e-05   -4.4409e-16       3.4051
_SET2_   9519       6  134273308  134308638     77       9  127527      -1.3037      0.69767   -2.2204e-16      -1.3037
_SET2_   85021      6  139225620  139309419    273      15  128299       -1.924      0.83245   -2.2204e-16       -1.924
_SET2_   23345      6  152442819  152958534   1692     117  128572      0.93796    0.0014192   -2.2204e-16      0.93796
_SET2_   26230      6  155316488  155578857    976      98  127410      -1.3892      0.47087   -2.2204e-16      -1.3892
_SET2_   5071       6  161768590  163148834   4884     238  128922      0.24759    0.0025869   -2.2204e-16      0.24759
_SET2_   6196       6  166822854  167275948   1601     143  128302    -0.086137     0.037556   -2.3592e-16    -0.086137
_SET2_   84498      6  170615812  170716155    254      16  129276       2.4635   0.00036693   -4.4409e-16       2.4635
_SET2_   8379       7    1855428    2272583   1647      33  128130       6.1726   1.0286e-17             0       6.1726
_SET2_   26100      7    5229835    5273486    156      24  128344      0.28297      0.11905   -2.2204e-16      0.28297
_SET2_   9678       7   11013495   11209250    472      23  127423       1.6414    0.0022362   -2.2204e-16       1.6414
_SET2_   1607       7   14184674   14943281   2387     134  128527      0.25336    0.0032314   -2.2204e-16      0.25336
_SET2_   23072      7   43152198   43603213   1341     100  129365      -2.0573      0.61312   -4.4409e-16      -2.0573
_SET2_   23386      7   44421965   44530474    212      10  128305       2.7968    0.0001416   -4.4409e-16       2.7968
_SET2_   83637      7   44788168   44809480     34       9  127918       1.0423     0.029925   -2.2204e-16       1.0423
_SET2_   2887       7   50657760   50861159    655      34  128926      0.21861     0.058225   -2.2204e-16      0.21861
_SET2_   51085      7   73007524   73038903     73      10  128328      0.67813     0.076215   -2.2204e-16      0.67813
_SET2_   27445      7   82383321   82792197   1134      46  127781       3.0466   5.4313e-07   -4.4409e-16       3.0466
_SET2_   9069       7   90032648   90045268     28       9  126845      -1.3174      0.71035   -2.2204e-16      -1.3174
_SET2_   5218       7   90225681   90839905   1822      62  128094      -1.2967      0.12998   -2.2204e-16      -1.2967
_SET2_   5649       7  103112231  103629963   1969     105  127820      0.11868    0.0058833   -2.3592e-16      0.11868
_SET2_   375612     7  103969104  104549005   1678      98  128964      0.93199     0.001147   -2.2204e-16      0.93199
_SET2_   6733       7  104754048  105039614    502      19  127630       5.9375   3.4042e-13             0       5.9375
_SET2_   1738       7  107531586  107561643     58       7  128981       -1.411      0.72737   -2.2204e-16       -1.411
_SET2_   4897       7  107788071  108096841   1048      44  128130       1.7376   0.00028394   -2.2204e-16       1.7376
_SET2_   93664      7  121958478  122526813   1294      60  127772       1.0393    0.0015767   -2.2204e-16       1.0393
_SET2_   23382      7  128864855  129070052    400      25  127283      -1.6011       0.6886   -2.2204e-16      -1.6011
_SET2_   9162       7  137074385  137531609    767      65  127043       3.5104   5.0654e-07   -4.4409e-16       3.5104
_SET2_   55750      7  141251078  141354209    144      11  126105     -0.32205      0.32345   -2.2204e-16     -0.32205
_SET2_   26047      7  145813453  148118090   7881     292  128539      0.61439   0.00077581   -2.2204e-16      0.61439
_SET2_   116988     7  150782918  150841523    142      20  127576       1.5437    0.0063922   -2.2204e-16       1.5437
_SET2_   51422      7  151253200  151574316   1124     135  128090      0.52122     0.027518   -2.2204e-16      0.52122
_SET2_   2039       8   21906660   21940036    118      13  127110      -1.4094      0.73701   -2.2204e-16      -1.4094
_SET2_   23221      8   22844930   22877710     77      16  126523     -0.31284      0.29222   -2.2204e-16     -0.31284
_SET2_   4741       8   24770712   24776607      6       3  123035      -1.8943      0.87445   -2.2204e-16      -1.8943
_SET2_   137970     8   35092975   35654068    944      51  127513      -1.6307      0.51567   -2.2204e-16      -1.6307
_SET2_   54904      8   38127217   38239872    137      12  127715       4.2248   2.0004e-07             0       4.2248
_SET2_   286        8   41510744   41754280    726      68  126961      0.50597      0.03192   -2.2204e-16      0.50597
_SET2_   7419       8   42249279   42263455     12       3  125777      -1.2445      0.78433   -2.2204e-16      -1.2445
_SET2_   5179       8   57353513   57359282     18       4  129165      0.38051      0.13709   -2.2204e-16      0.38051
_SET2_   157807     8   62200514   62414204    403      44  126422       0.6904     0.034291   -2.2204e-16       0.6904
_SET2_   27067      8   74332604   74659943    883      39  129348      0.72319     0.012085   -2.2204e-16      0.72319
_SET2_   7163       8   80947103   81083836    393      19  128237     -0.61502      0.29678   -2.2204e-16     -0.61502
_SET2_   138046     8   85095453   85834079   1620      51  125363      -1.8625      0.33031   -2.2204e-16      -1.8625
_SET2_   25879      8  104426942  104455681     71       8  128996      0.38211      0.12051   -2.2204e-16      0.38211
_SET2_   9699       8  104512426  105266656   2269      29  128668     -0.31439    0.0049216   -2.2204e-16     -0.31439
_SET2_   340419     8  108911544  109095913    427      39  128556     -0.76656      0.35323   -2.2204e-16     -0.76656
_SET2_   3646       8  109213972  109260959    133      10  129228       2.0618    0.0016888   -4.4409e-16       2.0618
_SET2_   55638      8  110586405  110704020    278      21  121838      0.87721     0.028654   -2.2204e-16      0.87721
_SET2_   84294      8  117778742  117792449     29       8  129424     -0.39549      0.36667   -2.2204e-16     -0.39549
_SET2_   51571      8  130851839  131028897    319      31  127780       3.7347   7.1402e-07   -4.4409e-16       3.7347
_SET2_   23167      8  132916356  133025889    309      20  124087      -1.1085      0.51025   -2.2204e-16      -1.1085
_SET2_   66004      8  143845756  143859640     42      10  130039      0.40336      0.11369   -2.2204e-16      0.40336
_SET2_   727957     8  145202919  145316843     94      13  128457      -1.2745      0.68545   -2.2204e-16      -1.2745
_SET2_   9684       8  145743349  145750562     11       4  119911      0.58249     0.074684   -2.2204e-16      0.58249
_SET2_   5789       9    8314246   10612723   9718     456  127738      0.65795   0.00049358   -2.2204e-16      0.65795
_SET2_   54914      9   20658309   20995954    863      37  127769      0.79619    0.0088787   -2.2204e-16      0.79619
_SET2_   1993       9   23690097   23826342    342      35  128436         2.25    0.0005473   -4.4409e-16         2.25
_SET2_   3590       9   34652182   34661899     12       4  129689       1.5499     0.011818   -2.2204e-16       1.5499
_SET2_   10497      9   35161976   35405334    339      21  127981      0.64244     0.046411   -2.2204e-16      0.64244
_SET2_   1612       9   90112601   90323566    747      66  128974      -1.1365      0.40849   -2.2204e-16      -1.1365
_SET2_   22949      9  114312002  114362135    183      33  127989     -0.19205      0.22656   -2.2204e-16     -0.19205
_SET2_   64420      9  114803061  114937577    332      35  129313     -0.29086       0.2197   -2.2204e-16     -0.29086
_SET2_   26468      9  124964856  124991166     42      12  129490      -1.6107      0.77253   -2.2204e-16      -1.6107
_SET2_   57706      9  126141933  126692423   1267      51  128284       -1.999      0.56378   -2.2204e-16       -1.999
_SET2_   2801       9  131018108  131038286     29       4  130459     0.035346      0.30156   -2.3592e-16     0.035346
_SET2_   6709       9  131314837  131395944     98       7  127549       0.8061     0.068985   -2.2204e-16       0.8061
_SET2_   2889       9  134452157  134615364    398      26  127846      -1.0932      0.48645   -2.2204e-16      -1.0932
_SET2_   10439      9  137967089  138013030    204      36  127913     0.012323      0.16623   -2.3592e-16     0.012323
_SET2_   10771     10     180405     300577    198      20  127948      0.56155     0.066741   -2.2204e-16      0.56155
_SET2_   5209      10    6186843    6277508    370      84  128650        2.816   8.8965e-05   -4.4409e-16        2.816
_SET2_   10659     10   10838851   11378674   1696     129  127944      0.15427     0.016741   -2.2204e-16      0.15427
_SET2_   783       10   18429373   18830688   1501     112  127968       6.6188   9.0213e-18             0       6.6188
_SET2_   56243     10   23983675   24836772   2342     135  127982      -1.1055     0.086749   -2.2204e-16      -1.1055
_SET2_   55753     10   50942687   50970425     80      11  130020      -1.4151      0.72288   -2.2204e-16      -1.4151
_SET2_   11130     10   58117016   58121063      9       4  118017      -1.9005      0.86493   -2.2204e-16      -1.9005
_SET2_   90550     10   74451889   74647452    177      14  125966      -1.2725      0.62598   -2.2204e-16      -1.2725
_SET2_   5532      10   75196563   75255782     49       9  126013     -0.32868       0.3993   -2.2204e-16     -0.32868
_SET2_   3778      10   78629359   79397577   2027     147  128508       1.9477   1.0809e-05   -2.2204e-16       1.9477
_SET2_   9211      10   95517566   95557916    113      19  129672      0.37247      0.10872   -2.2204e-16      0.37247
_SET2_   5223      10   99186027   99193198     10       5  128744     -0.94525      0.58357   -2.2204e-16     -0.94525
_SET2_   403       10  104433484  104474190     64      11  129048       3.4426   9.7173e-06   -4.4409e-16       3.4426
_SET2_   11196     10  121652085  121704170    172      13  129088      -1.6292      0.78947   -2.2204e-16      -1.6292
_SET2_   10579     10  123748689  124014057    994     116  128943      0.57243     0.027679   -2.2204e-16      0.57243
_SET2_   5682      11   14526422   14665180    168      27  127354      -2.3549      0.91991   -4.4409e-16      -2.3549
_SET2_   9537      11   44907454   44972919    194      36  127334     -0.79631      0.42296   -2.2204e-16     -0.79631
_SET2_   8525      11   46354455   46402104     54      13  125413       6.7005   2.8032e-14             0       6.7005
_SET2_   55626     11   46417962   46615619    176      20  125106       6.5133   6.3892e-14             0       6.5133
_SET2_   79096     11   46958240   47185932    302      18  126731       3.5217   2.7668e-06   -4.4409e-16       3.5217
_SET2_   747       11   61447905   61514474    128      18  126852       1.4589    0.0081716   -2.2204e-16       1.4589
_SET2_   10313     11   63448922   63527363     88      11  127600       2.4542   0.00065272   -4.4409e-16       2.4542
_SET2_   10235     11   64494383   64512928     19       3  126485       -2.499       0.9764   -4.4409e-16       -2.499
_SET2_   823       11   64948686   64979477     56      10  129278      -2.1762      0.91547   -4.4409e-16      -2.1762
_SET2_   10534     11   65336651   65340075     10       3  130395    -0.018681      0.27553   -2.3592e-16    -0.018681
_SET2_   582       11   66278077   66301084     43       5  127162      0.63092     0.083627   -2.2204e-16      0.63092
_SET2_   6712      11   66449967   66496716     37      13  128463       1.7501    0.0048714   -2.2204e-16       1.7501
_SET2_   2017      11   70244612   70282690     74       8  129311      0.28095       0.1459   -2.2204e-16      0.28095
_SET2_   5058      11   77033060   77185108    315      15  126102      -2.3216      0.89898   -4.4409e-16      -2.3216
_SET2_   10873     11   86152150   86383678    856      48  129504     -0.72361      0.22218   -2.2204e-16     -0.72361
_SET2_   23387     11  116714118  116969131    875      25  129530    -0.023171     0.077265   -2.3592e-16    -0.023171
_SET2_   84866     11  118401803  118417313     45       4  128276       1.2019     0.036356   -2.2204e-16       1.2019
_SET2_   9099      11  119225925  119252436     53      11  128505      -1.1633      0.62897   -2.2204e-16      -1.1633
_SET2_   7070      11  119288655  119294246     11       2  130631      0.87943     0.070376   -2.2204e-16      0.87943
_SET2_   57476     11  123325191  123498478    571      80  128405       2.7589   5.1467e-05   -4.4409e-16       2.7589
_SET2_   23085     12    1100404    1605099   1585      46  128832     -0.80817     0.080434   -2.2204e-16     -0.80817
_SET2_   25900     12    6648694    6665249     42       6  127538     -0.94338       0.5731   -2.2204e-16     -0.94338
_SET2_   27239     12    6930963    6936583     18       8  127162        1.106     0.025649   -2.2204e-16        1.106
_SET2_   2026      12    7023614    7032860      8       2  130384      0.41558      0.15396   -2.2204e-16      0.41558
_SET2_   1911      12    9067292    9094063     58       9  130365      -1.7276      0.82784   -2.2204e-16      -1.7276
_SET2_   55885     12   16701306   16761148     64      19  121822      -1.3177      0.63761   -2.2204e-16      -1.3177
_SET2_   9847      12   22601511   22697452    153       7  128203    -0.065011      0.29143   -2.3592e-16    -0.065011
_SET2_   51768     12   27124503   27167360    113      22  127952     -0.51356      0.35085   -2.2204e-16     -0.51356
_SET2_   9412      12   27175455   27183606     18       7  130395     -0.25515      0.31488   -2.2204e-16     -0.25515
_SET2_   55711     12   29301936   29488549    562      26  129227      -0.6875      0.27659   -2.2204e-16      -0.6875
_SET2_   79022     12   48357330   48362661     15       5  129320       1.1967     0.024955   -2.2204e-16       1.1967
_SET2_   140461    12   48541572   48551377     22       6  128432      0.10423      0.18962   -2.3592e-16      0.10423
_SET2_   784       12   49208215   49222726     22      10  125385       1.6545    0.0055924   -2.2204e-16       1.6545
_SET2_   6334      12   51984050   52206648    375      26  127605       1.6402    0.0038573   -2.2204e-16       1.6402
_SET2_   25946     12   54762913   54785083     30       7  127396       1.6463     0.008469   -2.2204e-16       1.6463
_SET2_   27165     12   56864728   56882198     21       6  125753       1.5924    0.0078419   -2.2204e-16       1.5924
_SET2_   10956     12   58087738   58115340     42       8  128081      0.34273      0.12215   -2.2204e-16      0.34273
_SET2_   23329     12   65218352   65274802     74      17  124068     -0.34565      0.31031   -2.2204e-16     -0.34565
_SET2_   10576     12   69979206   70010595     86      11  128730       1.2913     0.016175   -2.2204e-16       1.2913
_SET2_   5801      12   71031853   71314584    856      84  127255       1.5447    0.0018785   -2.2204e-16       1.5447
_SET2_   89795     12   78224685   78606790   1217      76  127949    -0.083653     0.044997   -2.3592e-16    -0.083653
_SET2_   91298     12   88429268   88443937     11       4  126366      0.41321      0.14593   -2.2204e-16      0.41321
_SET2_   490       12   89981826   90103130    189      21  128578      0.42112     0.097135   -2.2204e-16      0.42112
_SET2_   56899     12   99128569  100378512   3028     170  128108       4.0601   2.4942e-11             0       4.0601
_SET2_   22895     12  113229343  113336686    193      25  126598      -0.4892      0.30284   -2.2204e-16      -0.4892
_SET2_   5985      12  118454506  118470044     54      14  129669     -0.21995       0.2845   -2.2204e-16     -0.21995
_SET2_   11113     12  120123595  120315095    468      33  126370      0.67417     0.029647   -2.2204e-16      0.67417
_SET2_   64897     12  121440835  121454300     53      12  128698       2.9553   7.7148e-05   -4.4409e-16       2.9553
_SET2_   80212     12  124420955  124457373     77       7  129481       4.4447    9.642e-08             0       4.4447
_SET2_   10810     13   27131840   27263082    400      24  126517     -0.36436      0.21671   -2.2204e-16     -0.36436
_SET2_   10129     13   32605269   32870794    766      60  128813      -2.4411      0.85271   -4.4409e-16      -2.4411
_SET2_   26960     13   35516424   36246874   1753      60  128473      -1.5479      0.22673   -2.2204e-16      -1.5479
_SET2_   23143     13   47127296   47327176    524      30  128427       3.0361   9.6777e-06   -4.4409e-16       3.0361
_SET2_   220107    13   51286759   51417885    365      32  127911     -0.89883      0.40676   -2.2204e-16     -0.89883
_SET2_   79758     13   52330614   52379667     79      19  128421      0.63978     0.068558   -2.2204e-16      0.63978
_SET2_   540       13   52506805   52586181    192      18  126595     -0.63777      0.35958   -2.2204e-16     -0.63777
_SET2_   7347      13   76123616   76180156    154      15  129584      0.27443      0.12426   -2.2204e-16      0.27443
_SET2_   4008      13   76194570   76434006    617      49  128534      0.95201     0.012833   -2.2204e-16      0.95201
_SET2_   22873     13   96230456   96296960     83      17  126694       1.7089    0.0044898   -2.2204e-16       1.7089
_SET2_   57820     14   20779527   20801471     62      10  128716      -2.8411      0.97822   -4.4409e-16      -2.8411
_SET2_   80344     14   24583906   24594451     16       3  129941      -1.0218      0.64581   -2.2204e-16      -1.0218
_SET2_   5587      14   30045685   30396899    762      43  126643       3.2276   1.4003e-06   -4.4409e-16       3.2276
_SET2_   54331     14   52327022   52436518    381      42  126302     -0.54829      0.27774   -2.2204e-16     -0.54829
_SET2_   10243     14   66974125   67648525   1966      19  126347      0.26626    0.0028576   -2.2204e-16      0.26626
_SET2_   9240      14   74178486   74181128      3       2  130644      -0.1832      0.31409   -2.2204e-16      -0.1832
_SET2_   9870      14   75127955   75179807     54       5  127607       1.4092     0.015122   -2.2204e-16       1.4092
_SET2_   145567    14   91006932   91282823    887      71  128807       3.0557   3.4681e-06   -4.4409e-16       3.0557
_SET2_   7443      14   97263684   97347951    198      19  129427      0.93456     0.031807   -2.2204e-16      0.93456
_SET2_   2009      14  100204056  100408397    598      45  129138      0.75542     0.020669   -2.2204e-16      0.75542
_SET2_   51466     14  100485719  100610573    342      30  129108     0.049444      0.15625   -2.3592e-16     0.049444
_SET2_   3831      14  104095525  104167888    155      17  128101       3.9189    6.553e-07   -4.4409e-16       3.9189
_SET2_   9112      14  105886186  105937066     51      21  122566     -0.19148       0.2514   -2.2204e-16     -0.19148
_SET2_   440270    15   34817296   34875836     60       8  129569       -1.137      0.63724   -2.2204e-16       -1.137
_SET2_   11245     15   40091223   40213093    254      28  124735       1.6423    0.0034254   -2.2204e-16       1.6423
_SET2_   56924     15   40509629   40569688    153      36  129195       3.4065   7.0301e-06   -4.4409e-16       3.4065
_SET2_   51103     15   41679547   41694658     27       6  118661        -1.26      0.67215   -2.2204e-16        -1.26
_SET2_   283748    15   42359881   42386752    115       8  129860     -0.35417      0.35272   -2.2204e-16     -0.35417
_SET2_   23582     15   43477466   43489375     13       5  128612       2.1397    0.0026128   -4.4409e-16       2.1397
_SET2_   9677      15   43825660   43882451     30       6  128266       4.2889   3.0048e-07             0       4.2889
_SET2_   11001     15   50474393   50528589    205      21  129064      0.75614      0.04853   -2.2204e-16      0.75614
_SET2_   388121    15   51348798   51397473    103      13  128382       2.5935    0.0002729   -4.4409e-16       2.5935
_SET2_   23312     15   51739921   51915030    397      17  127278        1.065     0.012653   -2.2204e-16        1.065
_SET2_   440279    15   54270557   54920806   2496     107  129223     -0.13016    0.0066503   -2.2204e-16     -0.13016
_SET2_   83660     15   62682769   63136830   1227     115  127867       1.9279    0.0002387   -2.2204e-16       1.9279
_SET2_   27020     15   73852344   73925753    121      14  126642      0.73601     0.058034   -2.2204e-16      0.73601
_SET2_   4351      15   75182377   75190581     13       4  125050       1.0468      0.03108   -2.2204e-16       1.0468
_SET2_   57184     15   75192328   75199462      9       3  130360      0.89283     0.058225   -2.2204e-16      0.89283
_SET2_   10073     15   75890424   75918719     47       6  125570     0.077494      0.19104   -2.3592e-16     0.077494
_SET2_   64506     15   83211948   83316762    240      25  128900        4.856   2.6477e-09             0        4.856
_SET2_   8120      15   83328033   83378660    113      19  128810       5.4605   1.1926e-10             0       5.4605
_SET2_   9640      15   85291818   85349663    117      16  127530       5.3946   1.5393e-10             0       5.3946
_SET2_   9055      15   91509268   91537881     97      11  129541       1.2048     0.023658   -2.2204e-16       1.2048
_SET2_   58986     16     420776     431950     58       7  129513       1.5821    0.0087121   -2.2204e-16       1.5821
_SET2_   23162     16    1756184    1820318    122      15  129076     -0.17948      0.26567   -2.2204e-16     -0.17948
_SET2_   5310      16    2138709    2185899     69      10  128180      0.18259      0.17768   -2.2204e-16      0.18259
_SET2_   57465     16    2525146    2555734     27      16  122808      0.57951     0.083354   -2.2204e-16      0.57951
_SET2_   29965     16    4560676    4588816     67       8  127480       3.5589   6.8473e-06   -4.4409e-16       3.5589
_SET2_   54715     16    5289469    7763342  13762     593  128359       3.5707   2.1709e-10   -4.4409e-16       3.5707
_SET2_   80063     16   10479912   10577495    261      15  128762       -1.624      0.73941   -2.2204e-16       -1.624
_SET2_   112476    16   29823409   29827202      5       3  124940        2.145    0.0027084   -4.4409e-16        2.145
_SET2_   5595      16   30125426   30134630     10       4  120536       4.6201   3.1585e-08             0       4.6201
_SET2_   2775      16   56225251   56391356    444      50  125646       1.1331      0.01099   -2.2204e-16       1.1331
_SET2_   65009     16   58497549   58547523    132      37  127248       2.4912   0.00032997   -4.4409e-16       2.4912
_SET2_   9114      16   67471917   67515089     49      11  127235       2.8366    0.0003158   -4.4409e-16       2.8366
_SET2_   1001      16   68678151   68732959    148      16  127688    -0.085925      0.19455   -2.3592e-16    -0.085925
_SET2_   3735      16   75661622   75681585     66      13  128632     -0.17769       0.2912   -2.2204e-16     -0.17769
_SET2_   1012      16   82660399   83830215   6546     330  128306       1.3519   4.0433e-05   -2.2204e-16       1.3519
_SET2_   23199     16   85203152   85709812   1781     222  127306     -0.52444     0.050185   -2.2204e-16     -0.52444
_SET2_   79791     16   87362942   87425708    199      30  125876       1.1009     0.017462   -2.2204e-16       1.1009
_SET2_   8558      16   89753076   89762772     29       7  129175       2.8471   0.00014237   -4.4409e-16       2.8471
_SET2_   5026      17    3575156    3599698     66      11  127590       1.9108     0.002618   -2.2204e-16       1.9108
_SET2_   1742      17    7093209    7123369     43       9  128676        2.657   0.00026022   -4.4409e-16        2.657
_SET2_   4628      17    8377523    8534094    221      13  128562       1.2426     0.013857   -2.2204e-16       1.2426
_SET2_   7156      17   18177235   18218321     77       8  129541      -0.0554      0.23182   -2.3592e-16      -0.0554
_SET2_   55288     17   30469473   30552746    102      10  129005      -1.1275      0.64806   -2.2204e-16      -1.1275
_SET2_   752       17   43299192   43324685     47       8  128579     0.026146      0.21522   -2.3592e-16     0.026146
_SET2_   4137      17   43971702   44105700    686       5  130259       4.4383   1.0922e-08             0       4.4383
_SET2_   4905      17   44668035   44834830     74       8  126091       4.2717    2.003e-07             0       4.2717
_SET2_   4779      17   46125686   46138907     23       7  128840       0.7251     0.070439   -2.2204e-16       0.7251
_SET2_   56934     17   49707674   50237377   1258      70  128469       1.7279   0.00017671   -2.2204e-16       1.7279
_SET2_   1213      17   57697050   57774317    116      10  128909     -0.99519      0.58791   -2.2204e-16     -0.99519
_SET2_   23163     17   73232694   73258444     42       6  128532       2.1963    0.0018228   -4.4409e-16       2.1963
_SET2_   60386     17   73269061   73285530     46       6  129622       1.0536      0.03924   -2.2204e-16       1.0536
_SET2_   27098     18     596998     650298    179      38  128618      -1.9995      0.85628   -2.2204e-16      -1.9995
_SET2_   23136     18    5392380    5630662    660      61  127834      0.88972      0.01455   -2.2204e-16      0.88972
_SET2_   23255     18    8705659    8832776    417      58  129122     -0.28772      0.21313   -2.2204e-16     -0.28772
_SET2_   56907     18   12446511   12661456    599      32  128177      -1.2388      0.46994   -2.2204e-16      -1.2388
_SET2_   125488    18   21572737   21715574    341      37  128306      -1.8581      0.79017   -2.2204e-16      -1.8581
_SET2_   284252    18   24034874   24237365    566      76  128488     -0.60788      0.29761   -2.2204e-16     -0.60788
_SET2_   8715      18   31431064   31803515    760      43  124886       1.5201    0.0013785   -2.2204e-16       1.5201
_SET2_   1837      18   32073254   32471808    900      28  128175       1.1056    0.0043854   -2.2204e-16       1.1056
_SET2_   56853     18   34823003   35146000    833      91  128463    -0.028948     0.094544   -2.3592e-16    -0.028948
_SET2_   494470    18   43906772   44041159    371      57  124046      0.40283     0.071821   -2.2204e-16      0.40283
_SET2_   9063      18   44388900   44500130    252      13  126230      0.80953     0.038784   -2.2204e-16      0.80953
_SET2_   23335     18   54318590   54697036    880      45  123239       -0.136     0.079711   -2.2204e-16       -0.136
_SET2_   10347     19    1040102    1065571    102      17  127656     -0.14649      0.22479   -2.2204e-16     -0.14649
_SET2_   7089      19    2997636    3047846    208      40  129824      0.43812     0.085568   -2.2204e-16      0.43812
_SET2_   10501     19    4542600    4559771     56      17  129432      -1.9752      0.85964   -2.2204e-16      -1.9752
_SET2_   81890     19   10812112   10824043     23       5  129211      -1.3963      0.74747   -2.2204e-16      -1.3963
_SET2_   64748     19   11466062   11476374     13       6  125056     -0.82481      0.51015   -2.2204e-16     -0.82481
_SET2_   30000     19   12810008   12834838     51       3  103098    -0.056925      0.42759   -2.3592e-16    -0.056925
_SET2_   84705     19   17445735   17453540     27       5  129347     -0.16664      0.29499   -2.2204e-16     -0.16664
_SET2_   23031     19   18208585   18262502    173      17  126944      0.19128      0.12579   -2.2204e-16      0.19128
_SET2_   170463    19   18529679   18545372     24       5  123875      0.72188     0.063567   -2.2204e-16      0.72188
_SET2_   7386      19   29698167   29704136     13       3  121048     -0.58942       0.4688   -2.2204e-16     -0.58942
_SET2_   10775     19   30097170   30108162     50      11  124491     -0.79637      0.46625   -2.2204e-16     -0.79637
_SET2_   83636     19   30189793   30206696     55      11  130200     -0.23305      0.29409   -2.2204e-16     -0.23305
_SET2_   6324      19   35521555   35531353     21       5  129203     -0.47638      0.41073   -2.2204e-16     -0.47638
_SET2_   8193      19   38701649   38720317     56      11  128390       1.2923     0.015594   -2.2204e-16       1.2923
_SET2_   10298     19   39616417   39670046    139      16  127843     -0.70091      0.40612   -2.2204e-16     -0.70091
_SET2_   2931      19   42734338   42746736     12       3  129524      -1.5144      0.82937   -2.2204e-16      -1.5144
_SET2_   57787     19   45754516   45808541    142      15  129081     -0.19606      0.24025   -2.2204e-16     -0.19606
_SET2_   8189      19   46318700   46366548    175      13  128393     -0.59382      0.39011   -2.2204e-16     -0.59382
_SET2_   8775      19   47990891   48018515     39       7  122499     -0.51879      0.41372   -2.2204e-16     -0.51879
_SET2_   126129    19   50194363   50216988     60      11  128162       1.2554      0.01969   -2.2204e-16       1.2554
_SET2_   23636     19   50410082   50432988     69      12  129727    0.0093504      0.20283   -2.3592e-16    0.0093504
_SET2_   79784     19   50706885   50813801    481      58  129455      0.57656     0.045543   -2.2204e-16      0.57656
_SET2_   6861      19   55682571   55691809     58       7  129170       1.3209     0.029689   -2.2204e-16       1.3209
_SET2_   22870     19   55741147   55770038     58      17  125914     -0.77491      0.45713   -2.2204e-16     -0.77491
_SET2_   80025     20    3869486    3904538     81      10  128851      0.70013     0.060052   -2.2204e-16      0.70013
_SET2_   23236     20    8112912    8865547   2319     156  128600     -0.68797     0.033927   -2.2204e-16     -0.68797
_SET2_   79133     20   13765672   13799067     99      15  129260     -0.28133      0.29848   -2.2204e-16     -0.28133
_SET2_   10621     20   18448033   18465287     52       9  121758      0.61657     0.076652   -2.2204e-16      0.61657
_SET2_   955       20   25176327   25207365     97      13  128616      0.93854     0.034116   -2.2204e-16      0.93854
_SET2_   9371      20   30865443   30922814     76       8  128845     -0.38533       0.3371   -2.2204e-16     -0.38533
_SET2_   128866    20   32399110   32442173     40       7  126422       1.3574     0.013676   -2.2204e-16       1.3574
_SET2_   2036      20   34679426   34820721    142      17  128578      0.30786       0.1314   -2.2204e-16      0.30786
_SET2_   140679    20   37353105   37358015      4       2  124967       1.3531      0.01826   -2.2204e-16       1.3531
_SET2_   26013     20   42136320   42179590    120      16  128023     -0.33376      0.29599   -2.2204e-16     -0.33376
_SET2_   3787      20   43720950   43729753     15       5  124955       2.5893   0.00030784   -4.4409e-16       2.5893
_SET2_   7267      21   38445554   38575408    407      14  122563      0.48169     0.046234   -2.2204e-16      0.48169
_SET2_   104       21   46494493   46646478    411      25  127858      -1.1127      0.49939   -2.2204e-16      -1.1127
_SET2_   5413      22   19701987   19710845      2       1  122139    -0.015258      0.46474   -2.3592e-16    -0.015258
_SET2_   56478     22   31835345   31885936    113      19  124442      0.77461      0.04546   -2.2204e-16      0.77461
_SET2_   9681      22   32149937   32303020    393      17  126357     -0.28249      0.24232   -2.2204e-16     -0.28249
_SET2_   9215      22   33668509   34316464   2143     161  128030      0.55053    0.0013981   -2.2204e-16      0.55053
_SET2_   5816      22   37196745   37215517     73      12  130321       2.3623   0.00075858   -4.4409e-16       2.3623
_SET2_   79734     22   37447779   37459430     13       4  129316      -1.6013       0.8546   -2.2204e-16      -1.6013
_SET2_   5372      22   41972890   41985871     11       4  124914       1.7176    0.0061622   -2.2204e-16       1.7176
_SET2_   414918    22   50750392   50765517     56      10  129383      0.91352     0.044325   -2.2204e-16      0.91352
_SET2_   9701      22   50781746   50883519    330      25  128268      0.71017     0.037723   -2.2204e-16      0.71017
_SET2_   6305      22   50883429   50913467     83      16  128636     -0.63944      0.40738   -2.2204e-16     -0.63944

# _SET3_  VARIABLE = gtex__hypothalamus__M000 (set)
# _SET3_  NGENES = 691
# _SET3_  P-VALUE = 2.6379e-05
_SET3_   GENE        CHR      START       STOP  NSNPS  NPARAM       N        ZSTAT            P  ZFITTED_BASE  ZRESID_BASE
_SET3_   148398        1     859993     879961     48      11  111742     -0.28558      0.33781   -2.2204e-16     -0.28558
_SET3_   643988        1    1533388    1535476      2       1  125396     -0.13243      0.32923   -2.2204e-16     -0.13243
_SET3_   26038         1    6161847    6240194    264      28  129155       -1.119       0.5543   -2.2204e-16       -1.119
_SET3_   57449         1    6526152    6580121    136      23  129061       1.5541    0.0080058   -2.2204e-16       1.5541
_SET3_   10911         1    7907672    7913551     25       9  126390     -0.15524      0.23882   -2.2204e-16     -0.15524
_SET3_   22883         1    9789079    9884550    119      14  126857     -0.76408      0.50931   -2.2204e-16     -0.76408
_SET3_   84328         1    9982168   10003460     41       8  126277      -1.4001       0.7482   -2.2204e-16      -1.4001
_SET3_   23352         1   19401000   19536812    249      21  128518      -1.0871      0.53559   -2.2204e-16      -1.0871
_SET3_   57576         1   20990475   21044317    203      43  129656      0.68041       0.0539   -2.2204e-16      0.68041
_SET3_   23028         1   23345937   23410184     77      10  126366     -0.58315      0.39172   -2.2204e-16     -0.58315
_SET3_   2517          1   24171567   24194859     34       5  128310      -0.2416       0.3203   -2.2204e-16      -0.2416
_SET3_   10772         1   24292935   24306953      5       2  128303      -2.2437      0.95144   -4.4409e-16      -2.2437
_SET3_   9698          1   31404353   31538838    252      17  128285     0.050827      0.15052   -2.3592e-16     0.050827
_SET3_   3061          1   32083290   32093214     24       4  124114     0.078306      0.19219   -2.3592e-16     0.078306
_SET3_   127700        1   36883507   36916086    134       7  129317       0.3215      0.14977   -2.2204e-16       0.3215
_SET3_   64769         1   37955561   37980420     76      13  130061       1.7476    0.0053348   -2.2204e-16       1.7476
_SET3_   5538          1   40538382   40563142     87      10  129966       -1.506      0.76585   -2.2204e-16       -1.506
_SET3_   8503          1   46505812   46642167    215      15  129011      -1.9946       0.8482   -2.2204e-16      -1.9946
_SET3_   1996          1   50513686   50669442    186      30  128877       3.1853   1.9993e-05   -4.4409e-16       3.1853
_SET3_   22996         1   51752930   51810785     99      19  126059      0.32746      0.13725   -2.2204e-16      0.32746
_SET3_   5865          1   52373628   52456436    154      19  127765      -0.5981      0.38752   -2.2204e-16      -0.5981
_SET3_   112970        1   52497777   52499472      3       1  130644    -0.082791      0.42693   -2.3592e-16    -0.082791
_SET3_   85440         1   62920397   63154039    286      10  127406      0.22774      0.11463   -2.2204e-16      0.22774
_SET3_   9829          1   65720133   65881552    432      29  127891      -1.5083      0.62546   -2.2204e-16      -1.5083
_SET3_   5142          1   66258193   66840262   1346      78  127195       2.5607   3.8306e-06   -4.4409e-16       2.5607
_SET3_   84251         1   66999066   67210768    717      25  128897     0.074189     0.067315   -2.3592e-16     0.074189
_SET3_   5733          1   71318036   71513497    576      40  129401       1.0548    0.0099731   -2.2204e-16       1.0548
_SET3_   127254        1   75033795   75139422    164      19  128059      -1.2398      0.61446   -2.2204e-16      -1.2398
_SET3_   23266         1   82266082   82458107    523      35  129089     -0.55986       0.2568   -2.2204e-16     -0.55986
_SET3_   5567          1   84543745   84704181    226      21  128283      0.50821     0.065413   -2.2204e-16      0.50821
_SET3_   54874         1   93913688   94020218    110      19  126946      -1.2567      0.64825   -2.2204e-16      -1.2567
_SET3_   118427        1  102268126  102462790    675      60  128294       1.4912    0.0022548   -2.2204e-16       1.4912
_SET3_   22854         1  107682540  108024477    760      63  127706      -1.6291      0.60318   -2.2204e-16      -1.6291
_SET3_   3752          1  112318444  112532147    634      75  128462       2.1618   0.00039192   -4.4409e-16       2.1618
_SET3_   148281        1  114631914  114696472    254      48  128208     -0.34095      0.25034   -2.2204e-16     -0.34095
_SET3_   9659          1  144851424  145076186     40      16  100891     -0.67602      0.49213   -2.2204e-16     -0.67602
_SET3_   148741        1  145549209  145568526     44       7  127886     -0.28428      0.28788   -2.2204e-16     -0.28428
_SET3_   10962         1  151032151  151040973     12       4  130203       1.0013     0.050431   -2.2204e-16       1.0013
_SET3_   64218         1  156117145  156147542     50      10  128242       0.1734      0.15531   -2.2204e-16       0.1734
_SET3_   9826          1  156904632  157015512    232      19  128960       2.4274   0.00038298   -4.4409e-16       2.4274
_SET3_   57821         1  169364108  169429907    194      21  128573      -1.4821      0.70157   -2.2204e-16      -1.4821
_SET3_   26052         1  171810618  172387606   1280      60  128686      0.43088     0.009893   -2.2204e-16      0.43088
_SET3_   777           1  181452447  181775920    765      56  128360     -0.99024      0.34372   -2.2204e-16     -0.99024
_SET3_   85397         1  182613036  182653502    103      13  124300       1.1269     0.026841   -2.2204e-16       1.1269
_SET3_   23179         1  183605208  183897666    820      49  128659      -1.5101      0.50826   -2.2204e-16      -1.5101
_SET3_   2494          1  199996730  200146552    499      60  128684      -1.4051       0.5981   -2.2204e-16      -1.4051
_SET3_   23046         1  200938514  200992828    128      13  127511       3.1295   2.8123e-05   -4.4409e-16       3.1295
_SET3_   647219        1  201083081  201084500      4       2  127671       1.3147     0.020803   -2.2204e-16       1.3147
_SET3_   23114         1  204797782  204991950    557      51  128533       2.8089   2.9581e-05   -4.4409e-16       2.8089
_SET3_   148808        1  205538112  205572046    121      20  128128       1.0755     0.022973   -2.2204e-16       1.0755
_SET3_   2058          1  220141940  220220000    267      10  130066     -0.57537      0.36716   -2.2204e-16     -0.57537
_SET3_   127602        1  225117356  225586996   1375      31  129115      -1.9384      0.48453   -2.2204e-16      -1.9384
_SET3_   5664          1  227057885  227083804     73       8  129626      0.94406     0.042342   -2.2204e-16      0.94406
_SET3_   149371        1  231468482  231473578      8       2  117841     -0.60334      0.47176   -2.2204e-16     -0.60334
_SET3_   80003         1  233119855  233431459   1070      60  126809      -0.2342     0.075402   -2.2204e-16      -0.2342
_SET3_   88            1  236849754  236927931    263      28  128269     -0.35298      0.26193   -2.2204e-16     -0.35298
_SET3_   6262          1  237205510  237997288   2649     199  127735      -1.1269     0.073261   -2.2204e-16      -1.1269
_SET3_   1131          1  239549876  240078750   1278      91  128484      0.73996    0.0062376   -2.2204e-16      0.73996
_SET3_   64388         1  240652873  240775462    354      67  127453     -0.75945      0.39679   -2.2204e-16     -0.75945
_SET3_   9859          1  243287730  243419284    149      14  127814       3.3235   1.0845e-05   -4.4409e-16       3.3235
_SET3_   10000         1  243651535  244014381    487      23  128291       4.5594    5.026e-09             0       4.5594
_SET3_   64216         1  246703863  246729565    143      15  126490       1.0323     0.022974   -2.2204e-16       1.0323
_SET3_   23040         2    1792885    2335147   1547      89  127919       1.1111   0.00094083   -2.2204e-16       1.1111
_SET3_   57539         2   20110024   20189884    181      20  129115      -1.4441      0.70222   -2.2204e-16      -1.4441
_SET3_   6382          2   20400558   20425194     68      10  129238     -0.93967      0.54075   -2.2204e-16     -0.93967
_SET3_   50618         2   24425733   24583647    311      17  126707        1.481     0.007441   -2.2204e-16        1.481
_SET3_   1838          2   25600067   25896516    409      45  127847     -0.13076      0.15717   -2.2204e-16     -0.13076
_SET3_   3032          2   26467616   26513333     73       8  126400     -0.55525       0.4122   -2.2204e-16     -0.55525
_SET3_   3777          2   26915581   26954066     78      12  129180       1.8342    0.0033454   -2.2204e-16       1.8342
_SET3_   29959         2   27651473   27665126     14       3  126572        2.135    0.0020032   -4.4409e-16        2.135
_SET3_   57504         2   42721709   43011080    669      25  128531       -0.684      0.23472   -2.2204e-16       -0.684
_SET3_   9378          2   50145643   51259674   3413     123  128519       1.8498    6.385e-06   -2.2204e-16       1.8498
_SET3_   53335         2   60678302   60780633    161      32  127786       2.9024   5.4756e-05   -4.4409e-16       2.9024
_SET3_   8291          2   71680347   71913895    814      81  128020      -1.0604       0.3906   -2.2204e-16      -1.0604
_SET3_   1639          2   74588281   74619214     34       7  129458      -1.8307      0.89206   -2.2204e-16      -1.8307
_SET3_   347730        2   80515481   80531718     27       7  128814       0.1632       0.1654   -2.2204e-16       0.1632
_SET3_   81562         2   97371666   97405813     39       6  128091       2.7079   0.00029764   -4.4409e-16       2.7079
_SET3_   130827        2  103378490  103450948    147      14  127553      0.92035     0.030878   -2.2204e-16      0.92035
_SET3_   11250         2  105839595  105860085     46       9  127011       1.0957     0.026023   -2.2204e-16       1.0957
_SET3_   80146         2  106709759  106810795    235      30  127450      -0.2251      0.23022   -2.2204e-16      -0.2251
_SET3_   84910         2  112812800  112876895    167      25  128289        1.094     0.021619   -2.2204e-16        1.094
_SET3_   57628         2  115199899  116603328   3331     124  128220      0.39973    0.0019533   -2.2204e-16      0.39973
_SET3_   23332         2  122095352  122407052    685      13  128930       1.2172    0.0091038   -2.2204e-16       1.2172
_SET3_   55627         2  130908965  130940323     41       3  128075      -2.6635      0.97695   -4.4409e-16      -2.6635
_SET3_   50649         2  131594489  131804826    541      41  126022    -0.074119      0.12844   -2.3592e-16    -0.074119
_SET3_   150786        2  132118065  132121731      4       1  120108     -0.75328      0.60487   -2.2204e-16     -0.75328
_SET3_   23518         2  136289036  136482839    238      19  123926      -1.5708      0.71722   -2.2204e-16      -1.5708
_SET3_   26122         2  149402560  149545136    304      13  128685      0.49304      0.08395   -2.2204e-16      0.49304
_SET3_   130576        2  149894981  150071776    546      36  127973     -0.65645      0.25995   -2.2204e-16     -0.65645
_SET3_   390           2  151324707  151344209     29       8  127237     0.053984      0.19392   -2.3592e-16     0.053984
_SET3_   785           2  152689285  152955593    623      33  128540      0.31605     0.052954   -2.2204e-16      0.31605
_SET3_   2820          2  157291965  157442915    284      18  120034       1.0362     0.017506   -2.2204e-16       1.0362
_SET3_   8502          2  159313476  159537941    618      24  125587       1.8933   0.00054522   -2.2204e-16       1.8933
_SET3_   57282         2  162480699  162841786    795      24  127106      0.24928      0.04495   -2.2204e-16      0.24928
_SET3_   6326          2  165986659  166248820    648      49  128564     -0.67724      0.25617   -2.2204e-16     -0.67724
_SET3_   6335          2  167051695  167232497    535      42  127150      0.92537     0.014249   -2.2204e-16      0.92537
_SET3_   6332          2  167260083  167343481    210      24  129070      0.86546      0.03506   -2.2204e-16      0.86546
_SET3_   8708          2  168346692  168727366    993      91  126501       1.0656    0.0054126   -2.2204e-16       1.0656
_SET3_   140469        2  171034655  171511674   1580     146  128907      -2.2217      0.64527   -4.4409e-16      -2.2217
_SET3_   1781          2  172543919  172606668    113      16  128361       2.8675   9.7611e-05   -4.4409e-16       2.8675
_SET3_   8604          2  172639915  172750816    240      26  127808       1.6524    0.0043983   -2.2204e-16       1.6524
_SET3_   91752         2  185463093  185804214    698      27  128155       2.8766   1.0244e-05   -4.4409e-16       2.8766
_SET3_   51454         2  189156396  189460653    615      26  125945       1.6819    0.0013851   -2.2204e-16       1.6819
_SET3_   6775          2  191894302  192037404    279      30  129583     -0.41927      0.27602   -2.2204e-16     -0.41927
_SET3_   285172        2  201838441  201936392    153      14  125805      -0.1684      0.26248   -2.2204e-16      -0.1684
_SET3_   57679         2  202564986  202645895    243      22  128956      0.46253     0.079057   -2.2204e-16      0.46253
_SET3_   10152         2  204192597  204296892    148      22  118778     -0.23413      0.24436   -2.2204e-16     -0.23413
_SET3_   4133          2  210288733  210598842    730      29  125097      0.94568    0.0099245   -2.2204e-16      0.94568
_SET3_   57574         2  217122585  217236750    280      27  127905      0.99624     0.019959   -2.2204e-16      0.99624
_SET3_   8941          2  219824350  219826877      6       2  128434     -0.10518      0.40872   -2.3592e-16     -0.10518
_SET3_   79137         2  220042939  220050197     18       3  130353       2.8584   0.00023197   -4.4409e-16       2.8584
_SET3_   79411         2  220101331  220110155     19       8  112432        1.656      0.01305   -2.2204e-16        1.656
_SET3_   7277          2  220114433  220119330     10       3  115866    -0.090429      0.32684   -2.3592e-16    -0.090429
_SET3_   10290         2  220299552  220358354     94      17  126974      0.38627      0.09362   -2.2204e-16      0.38627
_SET3_   6508          2  220492292  220506702     22       6  119199      -1.0862      0.63838   -2.2204e-16      -1.0862
_SET3_   2043          2  222282747  222437010    375      34  129190     0.024435      0.12487   -2.3592e-16     0.024435
_SET3_   130340        2  224616403  224702319    331      26  129544      -1.0588      0.49025   -2.2204e-16      -1.0588
_SET3_   80309         2  228844670  229046836    659      29  128882       3.2696   1.6637e-06   -4.4409e-16       3.2696
_SET3_   80210         2  232063294  232238606    392      34  128407     -0.99685      0.46633   -2.2204e-16     -0.99685
_SET3_   79781         2  237232790  237416178    360      21  126819      0.46518     0.059713   -2.2204e-16      0.46518
_SET3_   9208          2  238536224  238690290    602      39  129075      -1.0401      0.41329   -2.2204e-16      -1.0401
_SET3_   2817          2  241375115  241407495    150      32  128535       1.5231    0.0070409   -2.2204e-16       1.5231
_SET3_   23192         2  242576775  242613272    165      20  125135      0.18793      0.11814   -2.2204e-16      0.18793
_SET3_   10752         3     238279     451100    845      64  127872      0.39684     0.031684   -2.2204e-16      0.39684
_SET3_   3708          3    4535032    4889524   1214     140  127995     -0.60735      0.18978   -2.2204e-16     -0.60735
_SET3_   2917          3    6902802    7783218   2882     183  127826      0.44675     0.001336   -2.2204e-16      0.44675
_SET3_   84818         3    9958758    9975305     43      15  127370     -0.70752      0.42913   -2.2204e-16     -0.70752
_SET3_   23225         3   13357730   13461819    326      18  128095      0.54523     0.053443   -2.2204e-16      0.54523
_SET3_   80852         3   14530396   14583588    208      25  127259       0.5468     0.058969   -2.2204e-16       0.5468
_SET3_   6138          3   23958295   23965187     12       5  130307       1.1727     0.029077   -2.2204e-16       1.1727
_SET3_   114884        3   31702317   32023342   1033     100  128246        0.747     0.012921   -2.2204e-16        0.747
_SET3_   23122         3   33537737   33759705    311      23  126891       1.6474    0.0034063   -2.2204e-16       1.6474
_SET3_   9881          3   36868308   36986548    247      22  128192       3.5963   1.9654e-06   -4.4409e-16       3.5963
_SET3_   84892         3   43120721   43147575     46       9  129405     -0.13732      0.25924   -2.2204e-16     -0.13732
_SET3_   51304         3   44956753   45017674     69       9  127267       1.1118     0.024506   -2.2204e-16       1.1118
_SET3_   22907         3   47844399   47891686     40       6  125205      0.38928      0.11809   -2.2204e-16      0.38928
_SET3_   4134          3   47892180   48130769    224      16  124599      0.64432     0.049965   -2.2204e-16      0.64432
_SET3_   4485          3   49721380   49726196      7       3  129578       1.9522    0.0045196   -2.2204e-16       1.9522
_SET3_   79012         3   49895414   49907655     17       4  126802       2.8134   0.00015905   -4.4409e-16       2.8134
_SET3_   2912          3   51741081   51752629      7       4  120868      0.60882      0.15077   -2.2204e-16      0.60882
_SET3_   132158        3   52321836   52329272     12       3  130644       4.1289   1.0511e-06             0       4.1289
_SET3_   55799         3   54156620   55108584   2723     182  127986       1.0186   0.00018612   -2.2204e-16       1.0186
_SET3_   26059         3   55542336   56502391   2777      96  128039     -0.85162     0.035918   -2.2204e-16     -0.85162
_SET3_   50650         3   56761446   57113336   1045      86  128448       1.4809    0.0011633   -2.2204e-16       1.4809
_SET3_   8618          3   62384021   62861064   1787     100  129076      0.81448    0.0013467   -2.2204e-16      0.81448
_SET3_   132204        3   63263914   63602597   1273      96  128448      0.68542    0.0072716   -2.2204e-16      0.68542
_SET3_   6092          3   75955845   77699115   4991     220  127387    -0.089746    0.0070423   -2.3592e-16    -0.089746
_SET3_   961           3  107761941  107809935     92      16  128606       2.7796   0.00013576   -4.4409e-16       2.7796
_SET3_   54847         3  113251218  113348422    304      29  127981     -0.44864       0.2782   -2.2204e-16     -0.44864
_SET3_   523           3  113465866  113530905     82       5  127936      0.65111     0.078243   -2.2204e-16      0.65111
_SET3_   9515          3  120627050  121143608   1465      30  129146      -1.0827      0.15696   -2.2204e-16      -1.0827
_SET3_   50512         3  127348002  127391653     37      11  127298      -1.5273      0.75707   -2.2204e-16      -1.5273
_SET3_   5357          3  142315229  142432506    245      20  127967     -0.69888      0.37474   -2.2204e-16     -0.69888
_SET3_   185           3  148415658  148460790    122      17  128761      -1.5366      0.74795   -2.2204e-16      -1.5366
_SET3_   4154          3  151962120  152183569    325      22  128175      0.72466     0.037369   -2.2204e-16      0.72466
_SET3_   165679        3  161062580  161090662    107      15  124044       3.1466   2.2928e-05   -4.4409e-16       3.1466
_SET3_   22871         3  173115570  174004434   2338     129  128419      -0.6449     0.033631   -2.2204e-16      -0.6449
_SET3_   1857          3  183873099  183891314     29       8  128129     -0.52645      0.39342   -2.2204e-16     -0.52645
_SET3_   64110         3  184428155  184429836      3       1  130644      0.12454      0.25293   -2.3592e-16      0.12454
_SET3_   132112        3  186915274  186919253      8       4  125674     -0.76991      0.50157   -2.2204e-16     -0.76991
_SET3_   2257          3  191857033  192445388   1605     140  128550      0.90689     0.002776   -2.2204e-16      0.90689
_SET3_   151963        3  192514604  192635950    351      25  128688     -0.60094      0.29748   -2.2204e-16     -0.60094
_SET3_   152002        3  194789008  194991895    653      42  128376       1.5226    0.0024705   -2.2204e-16       1.5226
_SET3_   200931        3  195943383  195960301     53       8  130300       1.3556      0.01572   -2.2204e-16       1.3556
_SET3_   54965         3  196439234  196462878     76       7  129853    -0.046494      0.23394   -2.3592e-16    -0.046494
_SET3_   4241          3  196728611  196756687     84      15  121364      -1.0974      0.57682   -2.2204e-16      -1.0974
_SET3_   1739          3  196769431  197026171    622      25  127839       2.5656   4.7969e-05   -4.4409e-16       2.5656
_SET3_   84859         3  197518112  197615307    239      35  123302      0.24059      0.11074   -2.2204e-16      0.24059
_SET3_   27065         4    4387983    4420785    102      11  128997       1.2578     0.018672   -2.2204e-16       1.2578
_SET3_   1400          4    5822491    5894785    274      41  127746     -0.58763      0.33181   -2.2204e-16     -0.58763
_SET3_   7466          4    6271577    6304992    167      10  128430    -0.018261      0.19215   -2.3592e-16    -0.018261
_SET3_   5522          4    6322305    6565327    955      96  127778       1.1406    0.0049729   -2.2204e-16       1.1406
_SET3_   84448         4    7967037    8160559    754     102  128890    -0.090302      0.13619   -2.3592e-16    -0.090302
_SET3_   80333         4   20730234   21950424   4188     182  127268     -0.68093     0.032904   -2.2204e-16     -0.68093
_SET3_   5099          4   30721951   31148423   1178      60  127721       3.6737   2.0253e-08   -4.4409e-16       3.6737
_SET3_   57728         4   39184024   39287430    173      10  128610      -1.0257      0.54788   -2.2204e-16      -1.0257
_SET3_   22998         4   41362802   41702061    807      65  128663      -2.0987       0.7597   -4.4409e-16      -2.0987
_SET3_   10874         4   56461396   56502465    134      16  127383      0.32182      0.10887   -2.2204e-16      0.32182
_SET3_   1446          4   70796799   70812288     35       7  120801     -0.28589      0.28763   -2.2204e-16     -0.28589
_SET3_   55752         4   77870895   77961307    228      18  128036      -2.7788      0.96303   -4.4409e-16      -2.7788
_SET3_   80144         4   78978724   79465423   1574      50  128664     -0.73803     0.066648   -2.2204e-16     -0.73803
_SET3_   153020        4   82347547   82393082     94      16  125570     0.098448      0.16301   -2.3592e-16     0.098448
_SET3_   23001         4   85590690   85887544    316      22  128512        1.919    0.0017516   -2.2204e-16        1.919
_SET3_   132989        4   87797358   87824820     70       8  129860       2.0364    0.0024184   -4.4409e-16       2.0364
_SET3_   266812        4   89617066   89619023      5       3  125587      0.32727      0.14609   -2.2204e-16      0.32727
_SET3_   2895          4   93225453   94695707   3538     113  125528      -1.1893     0.084103   -2.2204e-16      -1.1893
_SET3_   133308        4  103946647  103998480     57      18  124430       3.1635   2.2682e-05   -4.4409e-16       3.1635
_SET3_   84570         4  109731877  110223799   1442      76  128383      -1.1018      0.18431   -2.2204e-16      -1.1018
_SET3_   287           4  113739239  114304896   1612     120  128105      0.48832    0.0075786   -2.2204e-16      0.48832
_SET3_   817           4  114372188  114683669    710      50  128620     -0.83319      0.30392   -2.2204e-16     -0.83319
_SET3_   84162         4  123073488  123283914    291      22  128237      0.43167     0.079056   -2.2204e-16      0.43167
_SET3_   8821          4  142949181  143767604   2231      93  127962       1.2372   4.9329e-05   -2.2204e-16       1.2372
_SET3_   10393         4  145915727  146019693     98      17  126259     -0.63113      0.39324   -2.2204e-16     -0.63113
_SET3_   166614        4  150999426  151178609    501      38  127364      -0.2671      0.16951   -2.2204e-16      -0.2671
_SET3_   285533        4  154631312  154681387    182      12  130201       2.2932   0.00071455   -4.4409e-16       2.2932
_SET3_   23022         4  169418215  169849608   1315      98  129079      -1.8029      0.51501   -2.2204e-16      -1.8029
_SET3_   2823          4  176554088  176923842   1090      74  127394       2.9741   2.0437e-06   -4.4409e-16       2.9741
_SET3_   8470          4  186506598  186877870   1512     130  128809     -0.87411      0.17938   -2.2204e-16     -0.87411
_SET3_   6531          5    1392905    1445543    162      25  128336     -0.46606      0.31025   -2.2204e-16     -0.46606
_SET3_   134111        5    6437460    6496834    191      39  128850     -0.84527      0.47897   -2.2204e-16     -0.84527
_SET3_   1016          5   19473140   20575972   2755      99  126991     -0.26127    0.0078529   -2.2204e-16     -0.26127
_SET3_   4883          5   32710284   32791830    227      28  129469     -0.51675      0.33283   -2.2204e-16     -0.51675
_SET3_   5618          5   35048861   35230823    509      32  128955     -0.47455      0.25423   -2.2204e-16     -0.47455
_SET3_   345557        5   41307048   41510730    470      36  128328      0.37862     0.065675   -2.2204e-16      0.37862
_SET3_   10605         5   43526369   43557521     67       9  120038    0.0082109      0.17939   -2.3592e-16    0.0082109
_SET3_   348980        5   45255052   45696220    481      32  126753       5.6936    3.055e-12             0       5.6936
_SET3_   3670          5   50678958   50690564     20       7  126244     -0.29194      0.30259   -2.2204e-16     -0.29194
_SET3_   115827        5   57877950   58155221    832      56  128847       2.5062   3.2223e-05   -4.4409e-16       2.5062
_SET3_   84059         5   89854617   90460254   1363      69  126821        3.337   5.5646e-08   -4.4409e-16        3.337
_SET3_   84250         5   93953086   94033326    216      16  128094       1.2279     0.015406   -2.2204e-16       1.2279
_SET3_   9652          5   94799599   94890709    165      12  129528     -0.72636      0.46769   -2.2204e-16     -0.72636
_SET3_   5122          5   95726040   95768985     68       9  128712       1.5714     0.007973   -2.2204e-16       1.5714
_SET3_   5066          5  102201527  102366809    257      13  122377      -1.0566       0.5251   -2.2204e-16      -1.0566
_SET3_   23105         5  132532152  132948223   1118     113  127850     0.056128     0.059361   -2.3592e-16     0.056128
_SET3_   57113         5  135548458  135701164    300      22  128463     -0.44495      0.27835   -2.2204e-16     -0.44495
_SET3_   56134         5  140345747  140391929     61      15  123210       2.8034   0.00012479   -4.4409e-16       2.8034
_SET3_   56109         5  140749811  140892546    340      28  127501       1.3293    0.0095632   -2.2204e-16       1.3293
_SET3_   285613        5  141016517  141020918     13       5  128225       1.3784     0.017127   -2.2204e-16       1.3784
_SET3_   10915         5  145826873  145891071    164      12  129834      0.64326     0.074017   -2.2204e-16      0.64326
_SET3_   815           5  149599054  149669403    139      24  128145     -0.49864      0.32915   -2.2204e-16     -0.49864
_SET3_   2890          5  152870084  153193429   1184      67  127459    -0.056912      0.04084   -2.3592e-16    -0.056912
_SET3_   134353        5  157170755  157183746     27       6  129531      -1.4699      0.76059   -2.2204e-16      -1.4699
_SET3_   2554          5  161274197  161326965    134      16  128304      0.57988     0.071384   -2.2204e-16      0.57988
_SET3_   2566          5  161494648  161582545    156      26  129047       2.6572   0.00017713   -4.4409e-16       2.6572
_SET3_   57451         5  166406083  167691162   2906     220  127809       1.3511   4.4287e-05   -2.2204e-16       1.3511
_SET3_   6586          5  168088738  168728133   2248     177  128279     -0.96315     0.060457   -2.2204e-16     -0.96315
_SET3_   10814         5  175223542  175311024    214      32  128465      0.51817     0.066135   -2.2204e-16      0.51817
_SET3_   57179         5  175773065  175788809     29       8  128191       1.1628     0.025348   -2.2204e-16       1.1628
_SET3_   114787        5  176022803  176044339     30      10  129556     -0.20178      0.28134   -2.2204e-16     -0.20178
_SET3_   90249         5  176237560  176307899    137      31  124173      -2.1175      0.90243   -4.4409e-16      -2.1175
_SET3_   23138         5  177540556  177553107     30       9  125015      0.43478     0.099258   -2.2204e-16      0.43478
_SET3_   63027         6    3269207    3456954    736      73  126516      -0.3878      0.16732   -2.2204e-16      -0.3878
_SET3_   221692        6   12716888   13290476   1382      66  127449       -0.708      0.10096   -2.2204e-16       -0.708
_SET3_   140767        6   24126414   24147757     53      18  126060       1.1093     0.023009   -2.2204e-16       1.1093
_SET3_   9750          6   24804512   24936275    367      36  127140       1.5147    0.0041216   -2.2204e-16       1.5147
_SET3_   29993         6   34433838   34503000    142      23  126520      0.41099     0.085251   -2.2204e-16      0.41099
_SET3_   54887         6   34759794   34845291    224      16  128164      0.36098     0.095639   -2.2204e-16      0.36098
_SET3_   222662        6   35773071   35791852     36       4  127874     -0.68564      0.49054   -2.2204e-16     -0.68564
_SET3_   5961          6   42664333   42690692     95      11  129219      0.52308     0.082214   -2.2204e-16      0.52308
_SET3_   6903          6   42712234   42713884      3       1  128609      -1.1906      0.85605   -2.2204e-16      -1.1906
_SET3_   9820          6   43005355   43021683     31       9  124937      0.43253      0.14214   -2.2204e-16      0.43253
_SET3_   221424        6   43474703   43478081      6       2  127430       1.8567     0.012421   -2.2204e-16       1.8567
_SET3_   2030          6   44187242   44201888     19       8  130431     -0.48566      0.37623   -2.2204e-16     -0.48566
_SET3_   28978         6   52535884   52551386     56       7  128797      0.77062     0.064989   -2.2204e-16      0.77062
_SET3_   1310          6   70576448   70922157    830      58  127174     -0.80493      0.25109   -2.2204e-16     -0.80493
_SET3_   22999         6   72596406   73112845   1281      42  128133       2.4248   6.0284e-06   -4.4409e-16       2.4248
_SET3_   56479         6   73331571   73908574   1387     101  128571       1.1617    0.0016165   -2.2204e-16       1.1617
_SET3_   6785          6   80624529   80657315    108      10  129041     -0.34643      0.35781   -2.2204e-16     -0.34643
_SET3_   112611        6   83903032   83908654      4       2  130022       2.6788   0.00047255   -4.4409e-16       2.6788
_SET3_   112609        6   84732746   84800606    158      17  126958      0.34959      0.10845   -2.2204e-16      0.34959
_SET3_   1268          6   88849583   88876063     54      14  128408      -1.3508      0.69034   -2.2204e-16      -1.3508
_SET3_   2045          6   93949738   94129302    432      52  128647       1.6651    0.0027414   -2.2204e-16       1.6651
_SET3_   6492          6  100832891  100912805    182      26  129130      -1.7777      0.80439   -2.2204e-16      -1.7777
_SET3_   2898          6  101841584  102517958   1973     115  127824     -0.38148     0.026531   -2.2204e-16     -0.38148
_SET3_   256380        6  108023361  108145521    359      27  128700       2.4821   0.00017019   -4.4409e-16       2.4821
_SET3_   23270         6  116571127  116575261     12       4  128993      0.48531      0.10612   -2.2204e-16      0.48531
_SET3_   116150        6  117996617  118031890     89      16  130115       3.4051    1.413e-05   -4.4409e-16       3.4051
_SET3_   5796          6  128289924  128841870    962      69  126069      0.26866     0.042167   -2.2204e-16      0.26866
_SET3_   154075        6  130465447  130686570    995      30  128892       1.7069   0.00037199   -2.2204e-16       1.7069
_SET3_   114801        6  130687426  130764569    224      20  128093        1.924    0.0022866   -2.2204e-16        1.924
_SET3_   2037          6  131160487  131384462    658      29  127119       1.6037    0.0014679   -2.2204e-16       1.6037
_SET3_   25901         6  139094657  139114456     63       9  129013     -0.99207      0.58812   -2.2204e-16     -0.99207
_SET3_   4988          6  154331631  154568001    641      49  129142     -0.28789      0.15916   -2.2204e-16     -0.28789
_SET3_   4018          6  160952506  161097478    247      21  128645      -2.0482      0.84947   -4.4409e-16      -2.0482
_SET3_   6196          6  166822854  167275948   1601     143  128302    -0.086137     0.037556   -2.3592e-16    -0.086137
_SET3_   4301          6  168227602  168372703    393      21  128008      -1.9324      0.79723   -2.2204e-16      -1.9324
_SET3_   5575          7     588834     767313    550      49  125485     -0.26242      0.15941   -2.2204e-16     -0.26242
_SET3_   8379          7    1855428    2272583   1647      33  128130       6.1726   1.0286e-17             0       6.1726
_SET3_   340267        7    7398244    7575460    567      24  128492      -1.4745      0.60173   -2.2204e-16      -1.4745
_SET3_   3382          7    8152814    8302242    583      68  126987      -1.9283      0.77053   -2.2204e-16      -1.9283
_SET3_   1607          7   14184674   14943281   2387     134  128527      0.25336    0.0032314   -2.2204e-16      0.25336
_SET3_   256130        7   19758938   19812404    189      17  127217     -0.45319       0.3328   -2.2204e-16     -0.45319
_SET3_   1395          7   30691559   30739719    126      25  123795      -1.8003      0.79808   -2.2204e-16      -1.8003
_SET3_   117           7   31092076   31151093    156      32  127655     -0.53094      0.34043   -2.2204e-16     -0.53094
_SET3_   27241         7   33169144   33645680   1346      50  127616      -2.4134      0.66562   -4.4409e-16      -2.4134
_SET3_   273           7   38423297   38671167   1088      62  126987      -1.1746      0.29596   -2.2204e-16      -1.1746
_SET3_   23072         7   43152198   43603213   1341     100  129365      -2.0573      0.61312   -4.4409e-16      -2.0573
_SET3_   2645          7   44183870   44229022    124      24  127542     -0.91744      0.49663   -2.2204e-16     -0.91744
_SET3_   816           7   44256749   44365230    289      24  127539     -0.81262      0.40738   -2.2204e-16     -0.81262
_SET3_   4967          7   44646104   44748669    217      25  127559       2.5707   0.00023587   -4.4409e-16       2.5707
_SET3_   375567        7   49813257   49961546    307      31  129369      0.72766     0.039323   -2.2204e-16      0.72766
_SET3_   1644          7   50526134   50633154    503      24  127427      0.59513     0.034482   -2.2204e-16      0.59513
_SET3_   2887          7   50657760   50861159    655      34  128926      0.21861     0.058225   -2.2204e-16      0.21861
_SET3_   26608         7   72983274   72993013     22       7  129307       1.1848     0.029894   -2.2204e-16       1.1848
_SET3_   84277         7   73095248   73097781     13       3  130644     -0.82363      0.56966   -2.2204e-16     -0.82363
_SET3_   7532          7   75956108   75988342     63       9  128046     0.053258       0.1897   -2.3592e-16     0.053258
_SET3_   27445         7   82383321   82792197   1134      46  127781       3.0466   5.4313e-07   -4.4409e-16       3.0466
_SET3_   9069          7   90032648   90045268     28       9  126845      -1.3174      0.71035   -2.2204e-16      -1.3174
_SET3_   5218          7   90225681   90839905   1822      62  128094      -1.2967      0.12998   -2.2204e-16      -1.2967
_SET3_   799           7   93053799   93204042    389      28  129062     -0.67652      0.32654   -2.2204e-16     -0.67652
_SET3_   7980          7   93514709   93520303     18       3  129289   -0.0015926      0.33528   -2.3592e-16   -0.0015926
_SET3_   64921         7   94138838   94186331     86      10  127997      0.37231      0.10979   -2.2204e-16      0.37231
_SET3_   222865        7   98444111   98467673     42       7  129746     -0.22482       0.3255   -2.2204e-16     -0.22482
_SET3_   55262         7   99752043   99756338      3       2  130644       -0.112       0.2857   -2.3592e-16       -0.112
_SET3_   7036          7  100218039  100240332     35       7  129615       2.7617   0.00022387   -4.4409e-16       2.7617
_SET3_   5649          7  103112231  103629963   1969     105  127820      0.11868    0.0058833   -2.3592e-16      0.11868
_SET3_   375612        7  103969104  104549005   1678      98  128964      0.93199     0.001147   -2.2204e-16      0.93199
_SET3_   6733          7  104754048  105039614    502      19  127630       5.9375   3.4042e-13             0       5.9375
_SET3_   1738          7  107531586  107561643     58       7  128981       -1.411      0.72737   -2.2204e-16       -1.411
_SET3_   4897          7  107788071  108096841   1048      44  128130       1.7376   0.00028394   -2.2204e-16       1.7376
_SET3_   9732          7  111366164  111846462   1128     124  126977       1.0372    0.0062959   -2.2204e-16       1.0372
_SET3_   7982          7  116593381  116870077    397      47  125825     -0.24822      0.20721   -2.2204e-16     -0.24822
_SET3_   7472          7  116916685  116963343     83      20  125396     -0.91807      0.48464   -2.2204e-16     -0.91807
_SET3_   8976          7  123321981  123389125    152      14  126762       1.3104     0.011783   -2.2204e-16       1.3104
_SET3_   54927         7  132469623  132766839    546      21  125083      0.83326     0.015855   -2.2204e-16      0.83326
_SET3_   9162          7  137074385  137531609    767      65  127043       3.5104   5.0654e-07   -4.4409e-16       3.5104
_SET3_   55750         7  141251078  141354209    144      11  126105     -0.32205      0.32345   -2.2204e-16     -0.32205
_SET3_   26047         7  145813453  148118090   7881     292  128539      0.61439   0.00077581   -2.2204e-16      0.61439
_SET3_   57488         7  158523688  158622729    393      16  129058     -0.29525      0.23925   -2.2204e-16     -0.29525
_SET3_   9228          8     877021    1656642   3749     196  128136       1.6283   1.5975e-05   -2.2204e-16       1.6283
_SET3_   64478         8    2792875    4852328  15647     561  128222       2.5307   1.1433e-07   -4.4409e-16       2.5307
_SET3_   2675          8   21549530   21672392    271      51  128176         -1.5      0.69949   -2.2204e-16         -1.5
_SET3_   2039          8   21906660   21940036    118      13  127110      -1.4094      0.73701   -2.2204e-16      -1.4094
_SET3_   1808          8   26371709   26515693    586      30  126692      0.20902     0.065721   -2.2204e-16      0.20902
_SET3_   100507341     8   30496117   30503473     11       3  130441      0.21536      0.18411   -2.2204e-16      0.21536
_SET3_   3084          8   31496820   32622558   3474     137  127501      -1.8942      0.28458   -2.2204e-16      -1.8942
_SET3_   137970        8   35092975   35654068    944      51  127513      -1.6307      0.51567   -2.2204e-16      -1.6307
_SET3_   6770          8   38000218   38008783      8       4  125925       1.3218      0.02648   -2.2204e-16       1.3218
_SET3_   79698         8   40388109   40755345   1126      78  128627       2.5309   1.3844e-05   -4.4409e-16       2.5309
_SET3_   7419          8   42249279   42263455     12       3  125777      -1.2445      0.78433   -2.2204e-16      -1.2445
_SET3_   4986          8   54138276   54164257    142      13  129292      -1.3058      0.71216   -2.2204e-16      -1.3058
_SET3_   5179          8   57353513   57359282     18       4  129165      0.38051      0.13709   -2.2204e-16      0.38051
_SET3_   157807        8   62200514   62414204    403      44  126422       0.6904     0.034291   -2.2204e-16       0.6904
_SET3_   23213         8   70378859   70573147    506      69  127314     -0.24138      0.18181   -2.2204e-16     -0.24138
_SET3_   81796         8   70584110   70747299    407      39  127832      -1.3631      0.58636   -2.2204e-16      -1.3631
_SET3_   9312          8   73449626   73850584   1097      59  129273      -2.7321      0.85123   -4.4409e-16      -2.7321
_SET3_   793           8   91070836   91095107     39       8  125011      0.81499     0.060501   -2.2204e-16      0.81499
_SET3_   55656         8   95835518   95892721    175      18  127237      0.77356     0.045768   -2.2204e-16      0.77356
_SET3_   85453         8   98285714   98290192      9       4  124132     -0.31277      0.31307   -2.2204e-16     -0.31277
_SET3_   55638         8  110586405  110704020    278      21  121838      0.87721     0.028654   -2.2204e-16      0.87721
_SET3_   169044        8  139600478  139926236   1125     115  126840       1.4233     0.001755   -2.2204e-16       1.4233
_SET3_   29894         8  145618446  145634733     21       4  128933     -0.21868      0.30365   -2.2204e-16     -0.21868
_SET3_   9684          8  145743349  145750562     11       4  119911      0.58249     0.074684   -2.2204e-16      0.58249
_SET3_   5789          9    8314246   10612723   9718     456  127738      0.65795   0.00049358   -2.2204e-16      0.65795
_SET3_   54914         9   20658309   20995954    863      37  127769      0.79619    0.0088787   -2.2204e-16      0.79619
_SET3_   158038        9   27948084   29212998   4416     163  129047     -0.11472     0.010073   -2.3592e-16     -0.11472
_SET3_   4882          9   35789962   35809728     31       5  128847     -0.21576      0.30512   -2.2204e-16     -0.21576
_SET3_   26267         9   37510889   37576250    189      23  127177      0.92977     0.029614   -2.2204e-16      0.92977
_SET3_   8395          9   71320188   71624092    867      42  127541      0.26624     0.035008   -2.2204e-16      0.26624
_SET3_   23230         9   79792269   80032399    627      24  126289      -0.2448       0.1402   -2.2204e-16      -0.2448
_SET3_   10507         9   91975706   92112906    472      47  127097      -1.5437      0.64827   -2.2204e-16      -1.5437
_SET3_   3376          9   94972489   95056038    182      16  129121      0.36117      0.11005   -2.2204e-16      0.36117
_SET3_   65268         9   95946437   96082854    390      29  128483     -0.52536      0.28633   -2.2204e-16     -0.52536
_SET3_   22949         9  114312002  114362135    183      33  127989     -0.19205      0.22656   -2.2204e-16     -0.19205
_SET3_   64420         9  114803061  114937577    332      35  129313     -0.29086       0.2197   -2.2204e-16     -0.29086
_SET3_   57706         9  126141933  126692423   1267      51  128284       -1.999      0.56378   -2.2204e-16       -1.999
_SET3_   10244         9  127962821  127996438     67      10  126490      0.39045      0.10416   -2.2204e-16      0.39045
_SET3_   84253         9  129986750  130155828    272      22  126440       0.1117       0.1212   -2.3592e-16       0.1117
_SET3_   114789        9  130830479  130871537    114       4  129422     -0.56534      0.49221   -2.2204e-16     -0.56534
_SET3_   1759          9  130965634  131017528    109      18  128802       1.3897     0.011862   -2.2204e-16       1.3897
_SET3_   6709          9  131314837  131395944     98       7  127549       0.8061     0.068985   -2.2204e-16       0.8061
_SET3_   10868         9  132597696  132644121    343      13  127897     -0.19957      0.23037   -2.2204e-16     -0.19957
_SET3_   445           9  133320094  133376661    129      23  127131     -0.58517      0.35881   -2.2204e-16     -0.58517
_SET3_   20            9  139901686  139923374     41      11  126077     -0.44154      0.35633   -2.2204e-16     -0.44154
_SET3_   1646         10    5029967    5060225    131      21  129802      -1.0545      0.57051   -2.2204e-16      -1.0545
_SET3_   5209         10    6186843    6277508    370      84  128650        2.816   8.8965e-05   -4.4409e-16        2.816
_SET3_   56243        10   23983675   24836772   2342     135  127982      -1.1055     0.086749   -2.2204e-16      -1.1055
_SET3_   221002       10   43689983   43762367    260      21  122126     -0.74244      0.37992   -2.2204e-16     -0.74244
_SET3_   220979       10   45493146   45496470      4       2  130644     -0.96896      0.65139   -2.2204e-16     -0.96896
_SET3_   818          10   75572259   75634349     75      10  127915      -3.8284      0.99924   -4.4409e-16      -3.8284
_SET3_   3778         10   78629359   79397577   2027     147  128508       1.9477   1.0809e-05   -2.2204e-16       1.9477
_SET3_   92211        10   85954391   85979377     80      12  128478      0.79863     0.047246   -2.2204e-16      0.79863
_SET3_   55361        10   99400443   99436187     68       7  128732      0.07759      0.19899   -2.3592e-16      0.07759
_SET3_   8945         10  103113790  103317078    390      15  128534       1.4407    0.0052264   -2.2204e-16       1.4407
_SET3_   79803        10  103825124  103827795      2       1  130644     -0.71125       0.5831   -2.2204e-16     -0.71125
_SET3_   9118         10  105036919  105050108     20       5  128420       3.4861   9.8603e-06   -4.4409e-16       3.4861
_SET3_   143187       10  114206756  114578503    798      84  127021       0.7109     0.021779   -2.2204e-16       0.7109
_SET3_   6934         10  114709978  114927437    466      64  127624      -1.2149      0.53491   -2.2204e-16      -1.2149
_SET3_   2674         10  117816436  118033126    657      64  128154      -2.2648      0.83297   -4.4409e-16      -2.2648
_SET3_   11196        10  121652085  121704170    172      13  129088      -1.6292      0.78947   -2.2204e-16      -1.6292
_SET3_   10579        10  123748689  124014057    994     116  128943      0.57243     0.027679   -2.2204e-16      0.57243
_SET3_   118672       10  124739556  124749906     34       5  129052      -1.2983      0.71875   -2.2204e-16      -1.2983
_SET3_   340784       10  124895567  124897247      1       1  126323      0.26079       0.3573   -2.2204e-16      0.26079
_SET3_   23172        10  126490354  126525239     54      10  127151       1.3297     0.017584   -2.2204e-16       1.3297
_SET3_   1488         10  126676418  126849624    673      66  129275     -0.98654      0.39518   -2.2204e-16     -0.98654
_SET3_   282973       10  133879367  133998482    597      44  128696     -0.15818      0.12685   -2.2204e-16     -0.15818
_SET3_   85442        10  134973971  135039916    253      20  129138     -0.94853      0.47824   -2.2204e-16     -0.94853
_SET3_   1571         10  135340300  135352627     58       9  129629      0.23897      0.17371   -2.2204e-16      0.23897
_SET3_   81490        11     450280     491399    105      13  128307       2.0695    0.0019366   -4.4409e-16       2.0695
_SET3_   79751        11     790475     798269      9       4  129436      -1.7133      0.85222   -2.2204e-16      -1.7133
_SET3_   3263         11    6452268    6462254     18       4  129996      -2.6775      0.97767   -4.4409e-16      -2.6775
_SET3_   56675        11    9002123    9025596     61       9  128692     -0.24881      0.27944   -2.2204e-16     -0.24881
_SET3_   81846        11    9800214   10315754   1624      37  128831      -3.1416      0.79979   -4.4409e-16      -3.1416
_SET3_   27122        11   11984543   12031373    176      46  129041    -0.009954      0.18117   -2.3592e-16    -0.009954
_SET3_   9645         11   12132138   12285335    604      63  128393      -0.1876       0.1461   -2.2204e-16      -0.1876
_SET3_   6833         11   17414432   17498449    283      28  128751       3.5684   1.9372e-06   -4.4409e-16       3.5684
_SET3_   26273        11   33762490   33796071     94      12  128542      -1.8492      0.83852   -2.2204e-16      -1.8492
_SET3_   57689        11   40135524   41481186   3529     168  128309    -0.093941    0.0082898   -2.3592e-16    -0.093941
_SET3_   55761        11   43380435   43516483    276      26  128053     -0.29953      0.25132   -2.2204e-16     -0.29953
_SET3_   7536         11   64532076   64546515     13       3  127962      -0.1131      0.34203   -2.3592e-16      -0.1131
_SET3_   823          11   64948686   64979477     56      10  129278      -2.1762      0.91547   -4.4409e-16      -2.1762
_SET3_   11041        11   66112843   66115161      1       1  130644      0.46379       0.1727   -2.2204e-16      0.46379
_SET3_   582          11   66278077   66301084     43       5  127162      0.63092     0.083627   -2.2204e-16      0.63092
_SET3_   51083        11   68451983   68458643     14       5  116858      0.70194     0.066843   -2.2204e-16      0.70194
_SET3_   22941        11   70313961   70935808   1722     132  128394       1.2113   0.00072262   -2.2204e-16       1.2113
_SET3_   9873         11   72547788   72853727    245      36  124610      -1.1533      0.54982   -2.2204e-16      -1.1533
_SET3_   4647         11   76839302   76926286    271      30  129045     -0.96627      0.46586   -2.2204e-16     -0.96627
_SET3_   1740         11   83166055   85338314   5794     174  128182      0.16152    0.0048439   -2.2204e-16      0.16152
_SET3_   8301         11   85668214   85780923    308      18  129712       1.0607     0.019204   -2.2204e-16       1.0607
_SET3_   10873        11   86152150   86383678    856      48  129504     -0.72361      0.22218   -2.2204e-16     -0.72361
_SET3_   53942        11   98891706  100229616   5307     206  127816      -1.0307     0.069873   -2.2204e-16      -1.0307
_SET3_   79659        11  102980160  103350591   1628      29  129739     -0.41251     0.030426   -2.2204e-16     -0.41251
_SET3_   80310        11  103777914  104035027    833      58  128717      -1.5033      0.50694   -2.2204e-16      -1.5033
_SET3_   55531        11  107461817  107537505    209      33  129370     -0.52834      0.34196   -2.2204e-16     -0.52834
_SET3_   4684         11  112831969  113149158    909      57  127160       2.8586   4.9339e-06   -4.4409e-16       2.8586
_SET3_   1813         11  113280317  113346413    169      23  129771       4.5758   1.9342e-08             0       4.5758
_SET3_   23387        11  116714118  116969131    875      25  129530    -0.023171     0.077265   -2.3592e-16    -0.023171
_SET3_   84866        11  118401803  118417313     45       4  128276       1.2019     0.036356   -2.2204e-16       1.2019
_SET3_   57476        11  123325191  123498478    571      80  128405       2.7589   5.1467e-05   -4.4409e-16       2.7589
_SET3_   55800        11  123499895  123525315    100      18  125689      -1.5028      0.72884   -2.2204e-16      -1.5028
_SET3_   50937        11  125826713  125933187    347      37  127656     -0.19867      0.18608   -2.2204e-16     -0.19867
_SET3_   84623        11  126293388  126870766   1920     148  128114       1.6818   4.9709e-05   -2.2204e-16       1.6818
_SET3_   9743         11  128834955  129062093    485      27  123422     -0.94035      0.37869   -2.2204e-16     -0.94035
_SET3_   29068        11  130096572  130184663    232      12  112170      -1.9907      0.90164   -2.2204e-16      -1.9907
_SET3_   4978         11  132284875  133402403   3620     265  128080       3.1235   5.7035e-09   -4.4409e-16       3.1235
_SET3_   23085        12    1100404    1605099   1585      46  128832     -0.80817     0.080434   -2.2204e-16     -0.80817
_SET3_   654429       12    1929433    1945919     64      21  130129       1.3504     0.013703   -2.2204e-16       1.3504
_SET3_   8798         12    4671375    4723041    159      24  129783     -0.45572      0.31893   -2.2204e-16     -0.45572
_SET3_   3742         12    4918342    4961093    226      28  129071     0.011703      0.15814   -2.3592e-16     0.011703
_SET3_   3741         12    5153085    5155954      4       2  123899     -0.26281      0.31798   -2.2204e-16     -0.26281
_SET3_   196500       12    6802957    6810009      8       4  117215      -1.1202      0.72017   -2.2204e-16      -1.1202
_SET3_   2784         12    6949375    6956564      8       4  125729      0.88405     0.048644   -2.2204e-16      0.88405
_SET3_   9746         12    7281681    7311541     52       8  129893       1.2465     0.024305   -2.2204e-16       1.2465
_SET3_   6515         12    8071824    8088895     25       5  128573       3.0813   5.9271e-05   -4.4409e-16       3.0813
_SET3_   1911         12    9067292    9094063     58       9  130365      -1.7276      0.82784   -2.2204e-16      -1.7276
_SET3_   55359        12   10771538   10826917    144       9  129454       1.2509     0.017111   -2.2204e-16       1.2509
_SET3_   5800         12   15475191   15751265    589      49  128158      0.91204     0.014435   -2.2204e-16      0.91204
_SET3_   55885        12   16701306   16761148     64      19  121822      -1.3177      0.63761   -2.2204e-16      -1.3177
_SET3_   54477        12   19282626   19529334    622      34  128816      -1.1434      0.47585   -2.2204e-16      -1.1434
_SET3_   9847         12   22601511   22697452    153       7  128203    -0.065011      0.29143   -2.3592e-16    -0.065011
_SET3_   55711        12   29301936   29488549    562      26  129227      -0.6875      0.27659   -2.2204e-16      -0.6875
_SET3_   65981        12   30862486   30907448    124      13  128606       1.4192     0.010196   -2.2204e-16       1.4192
_SET3_   341359       12   33528348   33592754    206      19  129091     0.091984      0.14785   -2.3592e-16     0.091984
_SET3_   55605        12   39687030   39837192    238      21  128749       2.9897   5.2612e-05   -4.4409e-16       2.9897
_SET3_   4753         12   44902058   45307711    910      52  127354      -1.2997      0.39032   -2.2204e-16      -1.2997
_SET3_   7421         12   48235320   48298814    174      38  128580     -0.46822      0.30778   -2.2204e-16     -0.46822
_SET3_   79022        12   48357330   48362661     15       5  129320       1.1967     0.024955   -2.2204e-16       1.1967
_SET3_   387856       12   48577366   48579709      4       2  130644     -0.45038      0.41663   -2.2204e-16     -0.45038
_SET3_   784          12   49208215   49222726     22      10  125385       1.6545    0.0055924   -2.2204e-16       1.6545
_SET3_   51303        12   49315742   49319330      7       3  130097       1.7328    0.0074896   -2.2204e-16       1.7328
_SET3_   23416        12   49932834   49952091     37       6  129437        2.934   0.00018262   -4.4409e-16        2.934
_SET3_   6334         12   51984050   52206648    375      26  127605       1.6402    0.0038573   -2.2204e-16       1.6402
_SET3_   3856         12   53290971   53343650    163      20  127144     -0.76529      0.42896   -2.2204e-16     -0.76529
_SET3_   3875         12   53342655   53346690      5       3  120888      0.11301      0.20474   -2.3592e-16      0.11301
_SET3_   22818        12   54718874   54745635     25       4  128648       1.1211     0.036008   -2.2204e-16       1.1211
_SET3_   283377       12   56862301   56864769      5       3  120861      0.29388      0.17198   -2.2204e-16      0.29388
_SET3_   6866         12   57403781   57410344     11       3  130601       0.6297      0.12687   -2.2204e-16       0.6297
_SET3_   2583         12   58019678   58027022     18       5  122010      0.30373      0.13269   -2.2204e-16      0.30373
_SET3_   5801         12   71031853   71314584    856      84  127255       1.5447    0.0018785   -2.2204e-16       1.5447
_SET3_   552889       12   74931551   74935232      7       3  130626      0.99623     0.051273   -2.2204e-16      0.99623
_SET3_   84698        12   75669759   75784681    187      20  129213     -0.23116      0.23937   -2.2204e-16     -0.23116
_SET3_   89795        12   78224685   78606790   1217      76  127949    -0.083653     0.044997   -2.3592e-16    -0.083653
_SET3_   6857         12   79257773   79845788   1362      67  126580      0.34192     0.011375   -2.2204e-16      0.34192
_SET3_   55117        12   85253267   85306608     74      12  126258      0.72228      0.05655   -2.2204e-16      0.72228
_SET3_   490          12   89981826   90103130    189      21  128578      0.42112     0.097135   -2.2204e-16      0.42112
_SET3_   56994        12  102091417  102122852     79      16  127455    -0.082804      0.21042   -2.3592e-16    -0.082804
_SET3_   121551       12  107712197  108053419    889      64  128496       0.3552     0.032863   -2.2204e-16       0.3552
_SET3_   9671         12  108523511  108644314    325      26  127760       2.3089   0.00036308   -4.4409e-16       2.3089
_SET3_   9815         12  110367607  110434194    117      14  127033       3.5136   1.0325e-05   -4.4409e-16       3.5136
_SET3_   22895        12  113229343  113336686    193      25  126598      -0.4892      0.30284   -2.2204e-16      -0.4892
_SET3_   283455       12  117890817  118406399   1732     175  128232       0.5979    0.0040437   -2.2204e-16       0.5979
_SET3_   5985         12  118454506  118470044     54      14  129669     -0.21995       0.2845   -2.2204e-16     -0.21995
_SET3_   11113        12  120123595  120315095    468      33  126370      0.67417     0.029647   -2.2204e-16      0.67417
_SET3_   144404       12  122150658  122219974    169      18  128788      -1.1619      0.61661   -2.2204e-16      -1.1619
_SET3_   65985        12  125549925  125627879    206      30  125445      -1.0605       0.5142   -2.2204e-16      -1.0605
_SET3_   51084        13   20977806   21100012    455      48  126434      -1.2023       0.5031   -2.2204e-16      -1.2023
_SET3_   10810        13   27131840   27263082    400      24  126517     -0.36436      0.21671   -2.2204e-16     -0.36436
_SET3_   9201         13   36342789   36705514   1093      92  129359      -1.0557      0.31011   -2.2204e-16      -1.0557
_SET3_   89890        13   41701709   41706936      3       2  117885     -0.33814      0.41653   -2.2204e-16     -0.33814
_SET3_   84078        13   41765711   41768702      3       1  130644     -0.41419      0.47179   -2.2204e-16     -0.41419
_SET3_   55270        13   48611703   48621282     23       7  128393      -1.0195      0.62796   -2.2204e-16      -1.0195
_SET3_   220107       13   51286759   51417885    365      32  127911     -0.89883      0.40676   -2.2204e-16     -0.89883
_SET3_   540          13   52506805   52586181    192      18  126595     -0.63777      0.35958   -2.2204e-16     -0.63777
_SET3_   5100         13   53418109   53422775      8       3  122230       2.3449    0.0012044   -4.4409e-16       2.3449
_SET3_   688          13   73629114   73651676     47      10  130002      0.61083     0.080998   -2.2204e-16      0.61083
_SET3_   4008         13   76194570   76434006    617      49  128534      0.95201     0.012833   -2.2204e-16      0.95201
_SET3_   266722       13   96743093   97491816   1684      68  128348        2.292   2.6813e-06   -4.4409e-16        2.292
_SET3_   10150        13   97874549   98046374    336      28  126636     -0.12092      0.16598   -2.3592e-16     -0.12092
_SET3_   10160        13   98794893   99102023   1117     122  128547      0.44397     0.029654   -2.2204e-16      0.44397
_SET3_   23348        13   99445741   99738660    893      32  127252      -2.5969      0.83656   -4.4409e-16      -2.5969
_SET3_   9358         13  102104944  102373207    764      53  128642      0.75323     0.015105   -2.2204e-16      0.75323
_SET3_   728215       13  107820879  108519460   2411     213  128515     -0.26982       0.0108   -2.2204e-16     -0.26982
_SET3_   23026        13  109248500  109860355   2292     154  128344      0.52953    0.0011792   -2.2204e-16      0.52953
_SET3_   6656         13  112721913  112726020      4       2  130613       2.1748    0.0028291   -4.4409e-16       2.1748
_SET3_   51062        14   50999800   51099786    161      16  129275      0.67768     0.057499   -2.2204e-16      0.67768
_SET3_   114088       14   51441979   51562422    471      42  128939       3.5866   9.4296e-07   -4.4409e-16       3.5866
_SET3_   54331        14   52327022   52436518    381      42  126302     -0.54829      0.27774   -2.2204e-16     -0.54829
_SET3_   1033         14   54863657   54886936     36       7  126370    -0.012108      0.20513   -2.3592e-16    -0.012108
_SET3_   317761       14   60902674   60952764     97       8  127710      0.34898      0.13947   -2.2204e-16      0.34898
_SET3_   4990         14   60975938   60978525      7       2  130624      0.75292      0.09739   -2.2204e-16      0.75292
_SET3_   6710         14   65213001   65346604    480      43  129251     -0.99111      0.45348   -2.2204e-16     -0.99111
_SET3_   10243        14   66974125   67648525   1966      19  126347      0.26626    0.0028576   -2.2204e-16      0.26626
_SET3_   87           14   69340840   69446083    380      41  128136      0.67976     0.039482   -2.2204e-16      0.67976
_SET3_   23508        14   71108504   71142077     91      21  128747       1.6782    0.0050095   -2.2204e-16       1.6782
_SET3_   79697        14   73957644   73960105      5       2  130133      0.68282     0.089636   -2.2204e-16      0.68282
_SET3_   9240         14   74178486   74181128      3       2  130644      -0.1832      0.31409   -2.2204e-16      -0.1832
_SET3_   64207        14   77490886   77495042      4       2  130022      0.45423      0.12839   -2.2204e-16      0.45423
_SET3_   58157        14   77731834   77737655     10       5  124258      0.88182     0.045407   -2.2204e-16      0.88182
_SET3_   283578       14   77805102   77843396     85      13  129457     -0.79549      0.48984   -2.2204e-16     -0.79549
_SET3_   145501       14   77940737   77965210     64      11  129661      0.16868      0.16988   -2.2204e-16      0.16868
_SET3_   9369         14   78636716   80334633   4080     221  127433      0.31809    0.0021489   -2.2204e-16      0.31809
_SET3_   161436       14   89079241   89259096    315      18  128566       1.0516      0.01853   -2.2204e-16       1.0516
_SET3_   2009         14  100204056  100408397    598      45  129138      0.75542     0.020669   -2.2204e-16      0.75542
_SET3_   51466        14  100485719  100610573    342      30  129108     0.049444      0.15625   -2.3592e-16     0.049444
_SET3_   388015       14  101346569  101359826     38      13  128028     -0.29653      0.28168   -2.2204e-16     -0.29653
_SET3_   4140         14  103851701  103970168    268      10  128744       2.6779   0.00013228   -4.4409e-16       2.6779
_SET3_   3831         14  104095525  104167888    155      17  128101       3.9189    6.553e-07   -4.4409e-16       3.9189
_SET3_   122402       14  104394776  104519004    409      19  122233       1.5218    0.0037079   -2.2204e-16       1.5218
_SET3_   374569       14  104552019  104579100     91      16  126413      -1.1726      0.61275   -2.2204e-16      -1.1726
_SET3_   9112         14  105886186  105937066     51      21  122566     -0.19148       0.2514   -2.2204e-16     -0.19148
_SET3_   54551        15   23888696   23892993      4       2  117318     -0.42485       0.3721   -2.2204e-16     -0.42485
_SET3_   4692         15   23930554   23932450      2       1  130644      -1.6603      0.88241   -2.2204e-16      -1.6603
_SET3_   2562         15   26788693   27018935    676      75  127792      0.77696     0.019975   -2.2204e-16      0.77696
_SET3_   2558         15   27111866   27194357    233      39  129787      0.29639     0.098335   -2.2204e-16      0.29639
_SET3_   2567         15   27216429   27778373   1670     159  128773      -1.4427      0.30264   -2.2204e-16      -1.4427
_SET3_   321          15   29211570   29410518    583      29  128194     -0.15022      0.15365   -2.2204e-16     -0.15022
_SET3_   56160        15   29560353   29562020      2       1  111394     -0.46361      0.61642   -2.2204e-16     -0.46361
_SET3_   22909        15   31191703   31235311    107      16  127615     -0.74882       0.4415   -2.2204e-16     -0.74882
_SET3_   51621        15   31619083   31670102    112      17  127846       2.3464   0.00051623   -4.4409e-16       2.3464
_SET3_   70           15   35080297   35087927     21      10  127153       1.4739    0.0094251   -2.2204e-16       1.4739
_SET3_   10125        15   38780302   38857661    172      22  120474       2.0139    0.0015353   -4.4409e-16       2.0139
_SET3_   11245        15   40091223   40213093    254      28  124735       1.6423    0.0034254   -2.2204e-16       1.6423
_SET3_   23005        15   42066632   42120053     86      13  127565      -1.3557      0.67896   -2.2204e-16      -1.3557
_SET3_   100137049    15   42131011   42140346     32       4  129599     -0.50884      0.44415   -2.2204e-16     -0.50884
_SET3_   23339        15   42450899   42500524     84      10  127400       1.3405     0.019452   -2.2204e-16       1.3405
_SET3_   9677         15   43825660   43882451     30       6  128266       4.2889   3.0048e-07             0       4.2889
_SET3_   1159         15   43885055   43891604      5       1  130644       2.6782     0.001148   -4.4409e-16       2.6782
_SET3_   80031        15   47476403   48066420   1696      64  125558       2.0803   4.7156e-06   -4.4409e-16       2.0803
_SET3_   1588         15   51500254   51630795    327      25  128513       1.9601    0.0011931   -2.2204e-16       1.9601
_SET3_   23312        15   51739921   51915030    397      17  127278        1.065     0.012653   -2.2204e-16        1.065
_SET3_   302          15   60639350   60690185    125      20  128202     -0.86113      0.47413   -2.2204e-16     -0.86113
_SET3_   83660        15   62682769   63136830   1227     115  127867       1.9279    0.0002387   -2.2204e-16       1.9279
_SET3_   7168         15   63334838   63364114     99      14  128574     -0.54382      0.37608   -2.2204e-16     -0.54382
_SET3_   53944        15   64457716   64665968    351      19  125538       3.1235   2.3798e-05   -4.4409e-16       3.1235
_SET3_   5607         15   67835021   68099455    562      24  128376       2.6842   4.1183e-05   -4.4409e-16       2.6842
_SET3_   57184        15   75192328   75199462      9       3  130360      0.89283     0.058225   -2.2204e-16      0.89283
_SET3_   79661        15   75639331   75647592      9       4  125329       1.1175     0.026812   -2.2204e-16       1.1175
_SET3_   123591       15   76352299   76497304    370      39  128384     -0.47258      0.26689   -2.2204e-16     -0.47258
_SET3_   10363        15   77713018   77777945    111      11  129713     0.047437      0.19981   -2.3592e-16     0.047437
_SET3_   5923         15   79252289   79383215    408      61  128866       1.1954     0.012263   -2.2204e-16       1.1954
_SET3_   390616       15   79575146   79590581     24       5  130538      0.53383      0.10273   -2.2204e-16      0.53383
_SET3_   64506        15   83211948   83316762    240      25  128900        4.856   2.6477e-09             0        4.856
_SET3_   8120         15   83328033   83378660    113      19  128810       5.4605   1.1926e-10             0       5.4605
_SET3_   57799        16     639357     679273    113       8  129705     -0.47563      0.37476   -2.2204e-16     -0.47563
_SET3_   89941        16     718083     724174     23       6  126641       2.1975    0.0013824   -4.4409e-16       2.1975
_SET3_   5310         16    2138709    2185899     69      10  128180      0.18259      0.17768   -2.2204e-16      0.18259
_SET3_   10921        16    2303100    2318413     26       7  127419      0.33609      0.12373   -2.2204e-16      0.33609
_SET3_   57465        16    2525146    2555734     27      16  122808      0.57951     0.083354   -2.2204e-16      0.57951
_SET3_   283953       16    8619502    8622226     13       4  130644      -1.9851      0.90747   -2.2204e-16      -1.9851
_SET3_   23274        16   11038345   11276046    658      27  128854      -1.8346      0.68279   -2.2204e-16      -1.8346
_SET3_   408050       16   16326389   16388668      7       3  129395     -0.31623      0.37419   -2.2204e-16     -0.31623
_SET3_   5579         16   23847300   24231932   1156     101  127910       1.0847    0.0035756   -2.2204e-16       1.0847
_SET3_   112476       16   29823409   29827202      5       3  124940        2.145    0.0027084   -4.4409e-16        2.145
_SET3_   8448         16   30016835   30023424     12       3  130644       6.4293   5.4427e-13             0       6.4293
_SET3_   6477         16   48394442   48419229     28       4  128943    0.0022636      0.27173   -2.3592e-16    0.0022636
_SET3_   2775         16   56225251   56391356    444      50  125646       1.1331      0.01099   -2.2204e-16       1.1331
_SET3_   1258         16   57916244   58005020    318      50  126285     -0.94936      0.45857   -2.2204e-16     -0.94936
_SET3_   374739       16   58010339   58022020     33       6  127739      -2.5604      0.96517   -4.4409e-16      -2.5604
_SET3_   7084         16   66541906   66584315     85       5  129539      0.40305      0.17644   -2.2204e-16      0.40305
_SET3_   6553         16   67282855   67306094     23       6  126214      0.50051      0.14334   -2.2204e-16      0.50051
_SET3_   65057        16   67691415   67694718      5       2  130644       1.5514     0.016225   -2.2204e-16       1.5514
_SET3_   55794        16   68055177   68057770      2       1  130644       1.1386     0.055323   -2.2204e-16       1.1386
_SET3_   54496        16   68344877   68391169    130      14  128025       2.4899   0.00033118   -4.4409e-16       2.4899
_SET3_   463          16   72816784   73092534    700      91  126159       2.3848   0.00017032   -4.4409e-16       2.3848
_SET3_   162239       16   75182392   75206132    106      11  128958      0.49257      0.10724   -2.2204e-16      0.49257
_SET3_   93517        16   82031251   82045093     23      11  122582      -1.0612      0.58364   -2.2204e-16      -1.0612
_SET3_   1012         16   82660399   83830215   6546     330  128306       1.3519   4.0433e-05   -2.2204e-16       1.3519
_SET3_   23199        16   85203152   85709812   1781     222  127306     -0.52444     0.050185   -2.2204e-16     -0.52444
_SET3_   50628        17     647661     656038     28       6  130555     -0.40411      0.37501   -2.2204e-16     -0.40411
_SET3_   29928        17     900357     905407     11       4  130644     -0.81372      0.56341   -2.2204e-16     -0.81372
_SET3_   29           17     906758    1090616    683      89  129109     0.059873      0.10497   -2.3592e-16     0.059873
_SET3_   101928991    17    2627204    2651794     57      19  128029      0.72691     0.052633   -2.2204e-16      0.72691
_SET3_   5026         17    3575156    3599698     66      11  127590       1.9108     0.002618   -2.2204e-16       1.9108
_SET3_   246          17    4534214    4545583     32       9  124707      -0.6777      0.41121   -2.2204e-16      -0.6777
_SET3_   50488        17    4736635    4801356    170      18  128382      0.38656      0.10013   -2.2204e-16      0.38656
_SET3_   83394        17    6354583    6459877    338      28  127726     -0.24253      0.19213   -2.2204e-16     -0.24253
_SET3_   1949         17    7608520    7614693      9       3  121420       1.0217     0.040111   -2.2204e-16       1.0217
_SET3_   4628         17    8377523    8534094    221      13  128562       1.2426     0.013857   -2.2204e-16       1.2426
_SET3_   8522         17    9813926   10101868   1090     146  129258      0.72622     0.018589   -2.2204e-16      0.72622
_SET3_   9912         17   12692829   12894960    755      51  128713        3.387   9.1958e-07   -4.4409e-16        3.387
_SET3_   201164       17   17104309   17109646     17       5  128439    -0.085397      0.26118   -2.3592e-16    -0.085397
_SET3_   10400        17   17408877   17495434    225      20  128561      0.41069     0.080271   -2.2204e-16      0.41069
_SET3_   1819         17   17991181   18011299     36       6  129670       3.2231   3.3872e-05   -4.4409e-16       3.2231
_SET3_   51168        17   18012020   18083116    133      17  129548       2.6487   0.00018355   -4.4409e-16       2.6487
_SET3_   140775       17   18218594   18231370     46       7  129671      0.28223      0.14518   -2.2204e-16      0.28223
_SET3_   92521        17   19912649   20218072    666      19  129498       2.2902   0.00013085   -4.4409e-16       2.2902
_SET3_   339263       17   21343211   21454941    169      27  127272     -0.80165      0.42165   -2.2204e-16     -0.80165
_SET3_   113235       17   26721661   26733230     15       3  129590      0.19686       0.1863   -2.2204e-16      0.19686
_SET3_   28964        17   27900487   27916610     28       9  126671       1.0649     0.027258   -2.2204e-16       1.0649
_SET3_   4763         17   29421945   29704695    331       8  128464      -1.6727      0.76072   -2.2204e-16      -1.6727
_SET3_   40           17   31340105   32483825   3637     274  128351     -0.14391    0.0068869   -2.2204e-16     -0.14391
_SET3_   57636        17   36584720   36668628    251      34  129874      -1.4176      0.67005   -2.2204e-16      -1.4176
_SET3_   9001         17   39878891   39890898     42       7  128713      -1.4745      0.76457   -2.2204e-16      -1.4745
_SET3_   55175        17   40009799   40021629     32       6  130027     -0.24144      0.32799   -2.2204e-16     -0.24144
_SET3_   47           17   40023169   40086795    110      11  128187     -0.61848      0.42682   -2.2204e-16     -0.61848
_SET3_   79132        17   40253422   40264751     29       5  129306    -0.092566      0.29225   -2.3592e-16    -0.092566
_SET3_   535          17   40610862   40674597     67      15  125713        2.002    0.0020769   -4.4409e-16        2.002
_SET3_   1394         17   43697710   43913194    976       9  129808       4.1398   6.7647e-09             0       4.1398
_SET3_   4137         17   43971702   44105700    686       5  130259       4.4383   1.0922e-08             0       4.4383
_SET3_   10241        17   46908350   46942607     81       8  128948       1.6123     0.010051   -2.2204e-16       1.6123
_SET3_   56934        17   49707674   50237377   1258      70  128469       1.7279   0.00017671   -2.2204e-16       1.7279
_SET3_   9110         17   56566893   56595271     36       9  126499       2.5818   0.00029509   -4.4409e-16       2.5818
_SET3_   5414         17   56597611   56618179     40      10  125191       2.5412   0.00031525   -4.4409e-16       2.5412
_SET3_   22843        17   56833230   57062540    329      20  122936       1.5299    0.0039957   -2.2204e-16       1.5299
_SET3_   1213         17   57697050   57774317    116      10  128909     -0.99519      0.58791   -2.2204e-16     -0.99519
_SET3_   22901        17   66255323   66425516    440      65  127832      0.11818      0.11564   -2.3592e-16      0.11818
_SET3_   26151        17   72766686   72772534     18       3  130644       0.6493     0.094942   -2.2204e-16       0.6493
_SET3_   146713       17   77085427   77512230   1941     232  128956     -0.11677     0.014169   -2.3592e-16     -0.11677
_SET3_   6448         17   78180515   78194199     58       8  126324      0.58779     0.074641   -2.2204e-16      0.58779
_SET3_   284129       17   78194200   78227308    126      18  128001      0.78903     0.043023   -2.2204e-16      0.78903
_SET3_   10458        17   79008944   79091232    367      46  128694      -1.2009      0.55808   -2.2204e-16      -1.2009
_SET3_   23255        18    8705659    8832776    417      58  129122     -0.28772      0.21313   -2.2204e-16     -0.28772
_SET3_   2774         18   11689014   11885684    618      41  129741     -0.26394      0.16617   -2.2204e-16     -0.26394
_SET3_   56907        18   12446511   12661456    599      32  128177      -1.2388      0.46994   -2.2204e-16      -1.2388
_SET3_   374860       18   14748239   14852737    139      14  127797      0.79347     0.040271   -2.2204e-16      0.79347
_SET3_   147463       18   21179977   21242849    100      23  124943     -0.32993      0.29495   -2.2204e-16     -0.32993
_SET3_   125488       18   21572737   21715574    341      37  128306      -1.8581      0.79017   -2.2204e-16      -1.8581
_SET3_   8715         18   31431064   31803515    760      43  124886       1.5201    0.0013785   -2.2204e-16       1.5201
_SET3_   1837         18   32073254   32471808    900      28  128175       1.1056    0.0043854   -2.2204e-16       1.1056
_SET3_   56853        18   34823003   35146000    833      91  128463    -0.028948     0.094544   -2.3592e-16    -0.028948
_SET3_   652991       18   44738460   44775554     85      11  127898      0.97564     0.032618   -2.2204e-16      0.97564
_SET3_   9811         18   46065427   46389588   1034     120  127945       1.0212    0.0089275   -2.2204e-16       1.0212
_SET3_   23335        18   54318590   54697036    880      45  123239       -0.136     0.079711   -2.2204e-16       -0.136
_SET3_   147381       18   70203915   70211723     23       4  128970      -1.6557      0.87024   -2.2204e-16      -1.6557
_SET3_   81832        18   70409549   70534828    498      45  126462     -0.66502      0.27878   -2.2204e-16     -0.66502
_SET3_   100505797    18   70535047   70548634     44      17  125868      0.32617      0.11564   -2.2204e-16      0.32617
_SET3_   4155         18   74690789   74844774    677      98  128878     -0.32102      0.20841   -2.2204e-16     -0.32102
_SET3_   126567       19     405443     409170     19       7  125580     -0.28565      0.29168   -2.2204e-16     -0.28565
_SET3_   10347        19    1040102    1065571    102      17  127656     -0.14649      0.22479   -2.2204e-16     -0.14649
_SET3_   51343        19    3506261    3536755     56       7  127430      -2.2888      0.93189   -4.4409e-16      -2.2888
_SET3_   4145         19    3777967    3801810     59      17  128601      -1.2471      0.64233   -2.2204e-16      -1.2471
_SET3_   84717        19    4472255    4502223    107      12  129707      0.34981      0.11616   -2.2204e-16      0.34981
_SET3_   23030        19    4969123    5153609    547      35  128960        1.794    0.0011801   -2.2204e-16        1.794
_SET3_   4298         19    6210392    6279959    197      17  128049      0.73266     0.050731   -2.2204e-16      0.73266
_SET3_   5141         19   10527449   10580307     88      11  129191        -0.45      0.36099   -2.2204e-16        -0.45
_SET3_   6597         19   11071598   11172958    260      20  128859     -0.49505      0.32478   -2.2204e-16     -0.49505
_SET3_   1725         19   12786531   12792701      8       5  113802       1.9807    0.0042753   -2.2204e-16       1.9807
_SET3_   29911        19   12873817   12889248     26       8  124244       1.4038     0.018908   -2.2204e-16       1.4038
_SET3_   773          19   13317256   13617274    993     114  128557       0.7989     0.015831   -2.2204e-16       0.7989
_SET3_   6511         19   15060845   15121455    361      31  129858      -1.0334       0.4782   -2.2204e-16      -1.0334
_SET3_   23031        19   18208585   18262502    173      17  126944      0.19128      0.12579   -2.2204e-16      0.19128
_SET3_   171392       19   23835583   23870036     62       8  128985     -0.70404      0.48313   -2.2204e-16     -0.70404
_SET3_   390916       19   33157186   33204702    163      25  128662       1.7436    0.0038463   -2.2204e-16       1.7436
_SET3_   55900        19   35168553   35177302     32       7  128449      0.27836      0.15196   -2.2204e-16      0.27836
_SET3_   93099        19   35988119   36004560     61      15  128420     -0.86123      0.49584   -2.2204e-16     -0.86123
_SET3_   6261         19   38924340   39078204    484      42  128561       1.1818     0.011104   -2.2204e-16       1.1818
_SET3_   57622        19   39797457   39806740     12       4  127652     -0.90091      0.66807   -2.2204e-16     -0.90091
_SET3_   163126       19   40029446   40030838      4       2  130644       1.3409     0.024475   -2.2204e-16       1.3409
_SET3_   8425         19   41099072   41135725    101      12  128903      0.94831      0.03488   -2.2204e-16      0.94831
_SET3_   478          19   42470628   42498428     22      12  121566      0.71909     0.060359   -2.2204e-16      0.71909
_SET3_   6253         19   45988546   46000313     33       7  125743     -0.54153      0.39052   -2.2204e-16     -0.54153
_SET3_   55228        19   46969748   46974820     27       4  129515      -1.3639       0.7507   -2.2204e-16      -1.3639
_SET3_   8775         19   47990891   48018515     39       7  122499     -0.51879      0.41372   -2.2204e-16     -0.51879
_SET3_   5582         19   54385467   54410906     50      13  121945      -2.4745       0.9482   -4.4409e-16      -2.4745
_SET3_   79143        19   54677106   54693733     42      12  129812     -0.47325      0.35136   -2.2204e-16     -0.47325
_SET3_   27300        19   58739960   58788923    153      16  128943      0.44517     0.084542   -2.2204e-16      0.44517
_SET3_   85364        20     278204     280965      4       2  129603      -0.3891      0.38269   -2.2204e-16      -0.3891
_SET3_   5173         20    1959402    1974931     40       7  129047      0.38533      0.13002   -2.2204e-16      0.38533
_SET3_   80025        20    3869486    3904538     81      10  128851      0.70013     0.060052   -2.2204e-16      0.70013
_SET3_   27131        20   17922244   17949490     95      10  129050      -1.1348      0.61797   -2.2204e-16      -1.1348
_SET3_   57419        20   19193290   19703541   1532     100  127427     -0.02824      0.02528   -2.3592e-16     -0.02824
_SET3_   63908        20   23355156   23402156    165      14  128388      -1.8856      0.83772   -2.2204e-16      -1.8856
_SET3_   22981        20   25433333   25566167    293      19  128505      0.83503     0.032812   -2.2204e-16      0.83503
_SET3_   343702       20   30555805   30586256     60      18  127095      0.76225     0.049826   -2.2204e-16      0.76225
_SET3_   140688       20   31030862   31172875    243      25  125872       0.3777     0.083895   -2.2204e-16       0.3777
_SET3_   10893        20   33814539   33864804     84      12  122241       1.2491     0.018184   -2.2204e-16       1.2491
_SET3_   2036         20   34679426   34820721    142      17  128578      0.30786       0.1314   -2.2204e-16      0.30786
_SET3_   57446        20   35280169   35374541     91      32  124850      0.69036     0.059968   -2.2204e-16      0.69036
_SET3_   140679       20   37353105   37358015      4       2  124967       1.3531      0.01826   -2.2204e-16       1.3531
_SET3_   11122        20   40701392   41818557   3248     230  126912       1.5431   1.8753e-05   -2.2204e-16       1.5431
_SET3_   26013        20   42136320   42179590    120      16  128023     -0.33376      0.29599   -2.2204e-16     -0.33376
_SET3_   128486       20   42935197   42939889      9       4  122006       0.6995     0.068889   -2.2204e-16       0.6995
_SET3_   80336        20   43538701   43587585     90      15  129193       2.3171   0.00067919   -4.4409e-16       2.3171
_SET3_   27304        20   49575351   49578400      5       3  121285      0.31651      0.19747   -2.2204e-16      0.31651
_SET3_   140689       20   54572413   54580528      8       4  126918     -0.53802      0.43534   -2.2204e-16     -0.53802
_SET3_   2778         20   57414756   57486250    175      36  127444      0.44705     0.080844   -2.2204e-16      0.44705
_SET3_   1137         20   61974662   62009487    201      36  128849      0.73443      0.05099   -2.2204e-16      0.73443
_SET3_   3785         20   62031561   62103993    288      29  129300    -0.012689      0.16047   -2.3592e-16    -0.012689
_SET3_   2114         21   40177231   40196879     40       8  128618      0.77644     0.055198   -2.2204e-16      0.77644
_SET3_   54014        21   40556102   40685745    335      16  128180       2.3857   0.00029339   -4.4409e-16       2.3857
_SET3_   1826         21   41384343   42219039   3031     197  128772      0.30729    0.0022362   -2.2204e-16      0.30729
_SET3_   54020        21   43919742   44001550    329      24  128966     -0.16785      0.18497   -2.2204e-16     -0.16785
_SET3_   3275         21   48055507   48085155     89      11  128322      -1.6414      0.80236   -2.2204e-16      -1.6414
_SET3_   421          22   19954126   20004325    200      24  127507       1.5852    0.0054481   -2.2204e-16       1.5852
_SET3_   6545         22   21382995   21387163     11       3  128353     -0.96711      0.61305   -2.2204e-16     -0.96711
_SET3_   66035        22   24199059   24227738     92      17  127724     -0.19449      0.23998   -2.2204e-16     -0.19449
_SET3_   57168        22   26825280   26840978     40       9  128150     -0.89557      0.52642   -2.2204e-16     -0.89557
_SET3_   23760        22   28247657   28315255    117      13  128712       2.0092    0.0031133   -4.4409e-16       2.0092
_SET3_   8398         22   38507502   38577857    265      13  128991       1.3368     0.010362   -2.2204e-16       1.3368
_SET3_   23112        22   40440046   40731812    437      20  129094      0.88468     0.020124   -2.2204e-16      0.88468
_SET3_   11252        22   43265772   43411184    411      14  129311        2.202   0.00044919   -4.4409e-16        2.202

# _SET4_  VARIABLE = brainseq__caudate__M009 (set)
# _SET4_  NGENES = 139
# _SET4_  P-VALUE = 5.8015e-05
_SET4_   GENE     CHR      START       STOP  NSNPS  NPARAM       N        ZSTAT            P  ZFITTED_BASE  ZRESID_BASE
_SET4_   11079      1    2323214    2336883     34      10  129842       1.2068     0.021992   -2.2204e-16       1.2068
_SET4_   400745     1   21046225   21059133     36       9  126109       1.6843    0.0061909   -2.2204e-16       1.6843
_SET4_   8672       1   21132785   21503381    669      24  126237       1.4113    0.0024075   -2.2204e-16       1.4113
_SET4_   399474     1   29445937   29450421     10       3  128439       2.7302   0.00046187   -4.4409e-16       2.7302
_SET4_   55108      1   32830704   32860062     21      11  121645     -0.55213      0.46606   -2.2204e-16     -0.55213
_SET4_   65243      1   40915774   40929390     49      14  127939      0.73713     0.064746   -2.2204e-16      0.73713
_SET4_   55929      1   44679104   44686351     10       4  129354       2.8949   0.00013916   -4.4409e-16       2.8949
_SET4_   26289      1   77747662   78025654    967      69  128645      -1.1065      0.33953   -2.2204e-16      -1.1065
_SET4_   55585      1  154521051  154531138     11       2  130412      0.81221     0.085918   -2.2204e-16      0.81221
_SET4_   5999       1  163038396  163046592     15       5  130405      -1.0664      0.62103   -2.2204e-16      -1.0664
_SET4_   261726     1  168148171  168171352     67       8  128470     -0.05768      0.23635   -2.3592e-16     -0.05768
_SET4_   23057      1  183217372  183387634    415      28  127846      0.47976     0.048884   -2.2204e-16      0.47976
_SET4_   5778       1  202116141  202130716     42      15  127364       -2.307       0.9243   -4.4409e-16       -2.307
_SET4_   255928     1  210111519  210337636    344      17  125674      0.98318     0.017283   -2.2204e-16      0.98318
_SET4_   23219      1  224301789  224349749    118      10  128702      -2.4793      0.94719   -4.4409e-16      -2.4793
_SET4_   8648       2   24714919   24993571    598      27  128891      0.14845     0.082591   -2.2204e-16      0.14845
_SET4_   9378       2   50145643   51259674   3413     123  128519       1.8498    6.385e-06   -2.2204e-16       1.8498
_SET4_   9451       2   88856259   88927094     78      14  127578      0.61242     0.070018   -2.2204e-16      0.61242
_SET4_   29798      2  132479973  132524977    106      10  129171     -0.55643      0.38419   -2.2204e-16     -0.55643
_SET4_   116987     2  236402733  237040444   1521     123  127937       1.3919   0.00057085   -2.2204e-16       1.3919
_SET4_   57633      3    3841121    3889708    149      21  128131     -0.17633      0.23395   -2.2204e-16     -0.17633
_SET4_   55207      3    5163930    5222601    138      12  128717      -1.1505       0.6187   -2.2204e-16      -1.1505
_SET4_   116135     3   26664300   26752267    209      28  125256      -0.6423      0.35555   -2.2204e-16      -0.6423
_SET4_   10289      3   40351173   40353915      8       2  127634     -0.16116      0.30958   -2.2204e-16     -0.16116
_SET4_   22907      3   47844399   47891686     40       6  125205      0.38928      0.11809   -2.2204e-16      0.38928
_SET4_   9254       3   50400230   50540892    220      21  116582      0.57189     0.071289   -2.2204e-16      0.57189
_SET4_   7086       3   53258723   53290130    150      12  129077       3.2708   1.6273e-05   -4.4409e-16       3.2708
_SET4_   317649     3   71728440   71803924    250      35  128674      -1.4348      0.67463   -2.2204e-16      -1.4348
_SET4_   201562     3  123213363  123303924    245      20  126515      -1.6815      0.76705   -2.2204e-16      -1.6815
_SET4_   27032      3  130569327  130735556    251      26  126596     -0.46822      0.29679   -2.2204e-16     -0.46822
_SET4_   5437       3  184079502  184086383     12       3  130644       -1.255      0.73039   -2.2204e-16       -1.255
_SET4_   9353       4   20254566   20622184    911     105  128156       1.0616    0.0085698   -2.2204e-16       1.0616
_SET4_   3977       5   38475065   38595507    169      21  126788      -1.5899      0.73296   -2.2204e-16      -1.5899
_SET4_   10884      5   44809027   44815616      9       3  125742       4.8861   8.0969e-09             0       4.8861
_SET4_   84135      5   72861568   72878984     36       4  130390      -0.7345      0.52104   -2.2204e-16      -0.7345
_SET4_   5097       5  141232655  141258361     47      18  122865      0.34631      0.10646   -2.2204e-16      0.34631
_SET4_   78991      5  148737570  148749221     15       5  128457       2.1763    0.0015201   -4.4409e-16       2.1763
_SET4_   1452       5  148873896  148931115     77      13  127088      0.51795     0.085256   -2.2204e-16      0.51795
_SET4_   10826      5  154196594  154230213     52      11  126729       1.0482     0.034516   -2.2204e-16       1.0482
_SET4_   9260       5  176910395  176924606     21       7  125668      0.91701     0.038988   -2.2204e-16      0.91701
_SET4_   5528       6   42952218   42980083     76      12  126813      0.35119      0.14837   -2.2204e-16      0.35119
_SET4_   2037       6  131160487  131384462    658      29  127119       1.6037    0.0014679   -2.2204e-16       1.6037
_SET4_   90639      7    1004486    1015235     38      10  130301     -0.73692      0.49972   -2.2204e-16     -0.73692
_SET4_   10124      7   12726452   12730559     18       7  130360      0.27512      0.15771   -2.2204e-16      0.27512
_SET4_   2115       7   13930854   14031050    374      47  129325      0.74986     0.034842   -2.2204e-16      0.74986
_SET4_   221895     7   27870192   28220437    894      78  127293       -1.451      0.50093   -2.2204e-16       -1.451
_SET4_   23386      7   44421965   44530474    212      10  128305       2.7968    0.0001416   -4.4409e-16       2.7968
_SET4_   2969       7   74071991   74175022    110      17  127540       1.9059    0.0031024   -2.2204e-16       1.9059
_SET4_   261729     7   89841000   89866992     75      11  128712     -0.65904      0.43843   -2.2204e-16     -0.65904
_SET4_   64792      7  100956648  100965093     38       8  128513      0.56353     0.090232   -2.2204e-16      0.56353
_SET4_   381        7  127228406  127231759      9       3  127905       1.2146     0.025057   -2.2204e-16       1.2146
_SET4_   116988     7  150782918  150841523    142      20  127576       1.5437    0.0063922   -2.2204e-16       1.5437
_SET4_   526        8   20054704   20079207     46      11  127866      0.30819      0.12758   -2.2204e-16      0.30819
_SET4_   80124      8   67542488   67579452     48       6  128621      0.52347      0.15547   -2.2204e-16      0.52347
_SET4_   51571      8  130851839  131028897    319      31  127780       3.7347   7.1402e-07   -4.4409e-16       3.7347
_SET4_   9853       9   35490007   35561895    107      17  127729       1.2237      0.01635   -2.2204e-16       1.2237
_SET4_   57582      9  138594031  138684993    340      40  127200    -0.044519      0.15207   -2.3592e-16    -0.044519
_SET4_   55684      9  139702374  139735639     42       6  126204     -0.59628      0.44376   -2.2204e-16     -0.59628
_SET4_   2902       9  140033609  140063214     39       8  127618    -0.091937      0.22792   -2.3592e-16    -0.091937
_SET4_   783       10   18429373   18830688   1501     112  127968       6.6188   9.0213e-18             0       6.6188
_SET4_   57512     10   25464290   25891158   1579      53  127570      0.35973    0.0050322   -2.2204e-16      0.35973
_SET4_   9806      10   73818792   73848790     86       9  129780      -1.1019       0.6039   -2.2204e-16      -1.1019
_SET4_   10718     10   83635070   84746935   3064     162  127886     0.018623    0.0063089   -2.3592e-16     0.018623
_SET4_   80007     10  124690419  124713919     30       6  126253      -1.4111      0.71921   -2.2204e-16      -1.4111
_SET4_   51363     10  125765669  125853200    208      32  128136      -1.1738      0.56679   -2.2204e-16      -1.1738
_SET4_   642938    10  128933690  128994436    120      14  126425     -0.38421      0.30554   -2.2204e-16     -0.38421
_SET4_   5791      10  129705325  129884180    683      91  127948     -0.13334      0.14728   -2.2204e-16     -0.13334
_SET4_   10844     10  135092134  135125841     96      16  127966      -1.6038      0.79531   -2.2204e-16      -1.6038
_SET4_   6786      11    3876933    4114440    539      23  128848      -1.9873      0.76999   -2.2204e-16      -1.9873
_SET4_   56672     11    8932701    8941626     35       6  128739     -0.10382      0.25729   -2.3592e-16     -0.10382
_SET4_   4076      11   34073230   34124157    126       5  128448       2.5462   0.00090419   -4.4409e-16       2.5462
_SET4_   79096     11   46958240   47185932    302      18  126731       3.5217   2.7668e-06   -4.4409e-16       3.5217
_SET4_   55611     11   63753325   63765892     17       4  130195       3.1433   5.8031e-05   -4.4409e-16       3.1433
_SET4_   10938     11   64620206   64647181     63       7  127630       2.8084   0.00026007   -4.4409e-16       2.8084
_SET4_   4054      11   65306030   65325858     17       5  127630      -0.5023      0.40805   -2.2204e-16      -0.5023
_SET4_   9600      11   67259231   67272843      7       4  112448       1.0771     0.040688   -2.2204e-16       1.0771
_SET4_   2017      11   70244612   70282690     74       8  129311      0.28095       0.1459   -2.2204e-16      0.28095
_SET4_   219899    11  120894802  120962787    100      10  128029      -2.6704      0.96869   -4.4409e-16      -2.6704
_SET4_   4637      12   56552045   56555366      5       2  126307     -0.74683      0.57429   -2.2204e-16     -0.74683
_SET4_   3479      12  102789645  102875563    140      20  125236    0.0078047       0.1825   -2.3592e-16    0.0078047
_SET4_   9671      12  108523511  108644314    325      26  127760       2.3089   0.00036308   -4.4409e-16       2.3089
_SET4_   89910     12  109915215  109974510    150      19  123349       2.7163   0.00012461   -4.4409e-16       2.7163
_SET4_   84900     12  117176096  117291436    324      28  127169      -2.7152      0.96197   -4.4409e-16      -2.7152
_SET4_   79596     13   79188421   79233314     90       8  127001      0.19866      0.15374   -2.2204e-16      0.19866
_SET4_   23250     13  113344358  113541482    579      44  128138       1.6061    0.0019777   -2.2204e-16       1.6061
_SET4_   5706      14   53173894   53194716     27       6  127846      0.21244      0.15831   -2.2204e-16      0.21244
_SET4_   376267    14   65412532   65439016     75      12  129234      -1.8164      0.84667   -2.2204e-16      -1.8164
_SET4_   161145    14   67913801   67982445    252      40  126804       0.2719      0.10117   -2.2204e-16       0.2719
_SET4_   145482    14   74318534   74352168    125       9  129884      -1.4746      0.73587   -2.2204e-16      -1.4746
_SET4_   64423     14  105147902  105185947    152      24  127823     -0.18352      0.22695   -2.2204e-16     -0.18352
_SET4_   56160     15   29560353   29562020      2       1  111394     -0.46361      0.61642   -2.2204e-16     -0.46361
_SET4_   56924     15   40509629   40569688    153      36  129195       3.4065   7.0301e-06   -4.4409e-16       3.4065
_SET4_   23339     15   42450899   42500524     84      10  127400       1.3405     0.019452   -2.2204e-16       1.3405
_SET4_   4644      15   52599480   52821247    561      16  129819       2.3149   0.00022346   -4.4409e-16       2.3149
_SET4_   123688    15   78799906   78829715     70       6  129874       4.2427   2.8247e-07             0       4.2427
_SET4_   11214     15   85923818   86292589   1215      38  128023      -2.6195      0.75834   -4.4409e-16      -2.6195
_SET4_   7329      16    1357420    1377019    110      10  129335      0.88193     0.049976   -2.2204e-16      0.88193
_SET4_   1186      16    1494934    1525085    175      16  128626      -1.8957      0.83459   -2.2204e-16      -1.8957
_SET4_   23524     16    2802330    2821413     29       7  127586      0.17816      0.18156   -2.2204e-16      0.17816
_SET4_   79903     16    3493611    3536963    178      16  129120      -1.8121      0.82592   -2.2204e-16      -1.8121
_SET4_   1387      16    3775055    3930121    126      32  121386      -0.6987       0.4235   -2.2204e-16      -0.6987
_SET4_   23295     16    4674825    4740975    265      19  127013       1.0891     0.019317   -2.2204e-16       1.0891
_SET4_   29855     16    4896666    4932363    131      17  128740       1.3673     0.011566   -2.2204e-16       1.3673
_SET4_   2903      16    9847265   10276611   1763      52  127050       2.3701   7.8243e-07   -4.4409e-16       2.3701
_SET4_   26470     16   29882480   29910585     23       6  126938      0.87881     0.046471   -2.2204e-16      0.87881
_SET4_   84148     16   31128985   31142714     21       4  130292       0.1358      0.19516   -2.2204e-16       0.1358
_SET4_   79791     16   87362942   87425708    199      30  125876       1.1009     0.017462   -2.2204e-16       1.1009
_SET4_   81565     17    8316447    8371495     84      16  128545        1.547    0.0071579   -2.2204e-16        1.547
_SET4_   4628      17    8377523    8534094    221      13  128562       1.2426     0.013857   -2.2204e-16       1.2426
_SET4_   8161      17   55015560   55038411     61      16  127963     -0.79014      0.49195   -2.2204e-16     -0.79014
_SET4_   9368      17   72744751   72765499     26       9  125755      0.80362     0.050861   -2.2204e-16      0.80362
_SET4_   1453      17   80197523   80231594     25      13  125871        1.147     0.024226   -2.2204e-16        1.147
_SET4_   2774      18   11689014   11885684    618      41  129741     -0.26394      0.16617   -2.2204e-16     -0.26394
_SET4_   114876    18   21742009   21977846    547      66  127936      -1.3831      0.58127   -2.2204e-16      -1.3831
_SET4_   284252    18   24034874   24237365    566      76  128488     -0.60788      0.29761   -2.2204e-16     -0.60788
_SET4_   55205     18   56529832   56653709    298      21  129781     -0.29403      0.24501   -2.2204e-16     -0.29403
_SET4_   55658     19     647526     663313     47      15  127941       1.0915     0.026296   -2.2204e-16       1.0915
_SET4_   5434      19    1086578    1095391     37      13  127243      0.74047     0.055343   -2.2204e-16      0.74047
_SET4_   6449      19    2754711    2783363     70       6  128206       1.8546    0.0049985   -2.2204e-16       1.8546
_SET4_   80700     19    4445003    4457791     39       8  127423     0.021265      0.19337   -2.3592e-16     0.021265
_SET4_   8498      19    5916150    5978320     90      17  123961      0.77934     0.045374   -2.2204e-16      0.77934
_SET4_   56927     19    6729925    6737633     30       9  126596     -0.39364      0.31466   -2.2204e-16     -0.39364
_SET4_   478       19   42470628   42498428     22      12  121566      0.71909     0.060359   -2.2204e-16      0.71909
_SET4_   10452     19   45394477   45406946     48      10  129100      -2.1557      0.90933   -4.4409e-16      -2.1557
_SET4_   147906    19   47150869   47164395     20       6  129644      0.53689     0.095122   -2.2204e-16      0.53689
_SET4_   23211     19   47567444   47617009     69      11  125288       1.6612    0.0058652   -2.2204e-16       1.6612
_SET4_   388566    19   57078401   57099965     66       7  129180       1.1005     0.029547   -2.2204e-16       1.1005
_SET4_   51340     20   20015005   20036690     78      10  129921      0.41255      0.12384   -2.2204e-16      0.41255
_SET4_   22981     20   25433333   25566167    293      19  128505      0.83503     0.032812   -2.2204e-16      0.83503
_SET4_   25939     20   35519285   35580246    106      14  129106     -0.33673      0.29822   -2.2204e-16     -0.33673
_SET4_   57468     20   44650329   44688789    122      16  126753       1.5085    0.0093306   -2.2204e-16       1.5085
_SET4_   27304     20   49575351   49578400      5       3  121285      0.31651      0.19747   -2.2204e-16      0.31651
_SET4_   1299      20   61448414   61472511    132      28  124277     0.093999      0.15027   -2.3592e-16     0.093999
_SET4_   6782      21   15743436   15755509     47      10  128534     -0.17053      0.26219   -2.2204e-16     -0.17053
_SET4_   51816     22   17659681   17702744    191      38  130088      -1.2279      0.60984   -2.2204e-16      -1.2279
_SET4_   5413      22   19701987   19710845      2       1  122139    -0.015258      0.46474   -2.3592e-16    -0.015258
_SET4_   6598      22   24129150   24176705    260      15  129191    -0.035719      0.19386   -2.3592e-16    -0.035719
_SET4_   4771      22   29999545   30094589    160      18  128264       1.8719    0.0023828   -2.2204e-16       1.8719
_SET4_   79734     22   37447779   37459430     13       4  129316      -1.6013       0.8546   -2.2204e-16      -1.6013

# _SET5_  VARIABLE = brainseq__hippocampus__M000 (set)
# _SET5_  NGENES = 373
# _SET5_  P-VALUE = 5.3494e-05
_SET5_   GENE        CHR      START       STOP  NSNPS  NPARAM       N        ZSTAT            P  ZFITTED_BASE  ZRESID_BASE
_SET5_   339453        1    1470158    1475740      8       3  125589       1.5147     0.011582   -2.2204e-16       1.5147
_SET5_   127262        1    3541556    3546695     12       4  129426      -1.4372      0.77536   -2.2204e-16      -1.4372
_SET5_   9903          1    6650784    6662958     30       9  127446       3.6234   4.0306e-06   -4.4409e-16       3.6234
_SET5_   114827        1   15573730   15724767    464      56  124369     -0.18846      0.15629   -2.2204e-16     -0.18846
_SET5_   79814         1   15898194   15911605     47       6  128543     -0.33142      0.32493   -2.2204e-16     -0.33142
_SET5_   11313         1   24117275   24122029      3       1  130644       1.5003     0.034023   -2.2204e-16       1.5003
_SET5_   3155          1   24128367   24165110     41       4  129816     -0.46541      0.40789   -2.2204e-16     -0.46541
_SET5_   127703        1   36179477   36184790      7       3  120209        4.041   1.8034e-06             0        4.041
_SET5_   55182         1   44870837   45117396    655      78  126580      0.88532     0.016666   -2.2204e-16      0.88532
_SET5_   260293        1   47427036   47516423    161      15  128115     -0.13326      0.21967   -2.2204e-16     -0.13326
_SET5_   6342          1   53392901   53517289    425      19  129768      -1.0326      0.52811   -2.2204e-16      -1.0326
_SET5_   84251         1   66999066   67210768    717      25  128897     0.074189     0.067315   -2.3592e-16     0.074189
_SET5_   23576         1   85784168   86044046    719      60  127886       1.6208    0.0014387   -2.2204e-16       1.6208
_SET5_   58155         1   97187161   97280605    170      14  128038       2.7109   0.00013339   -4.4409e-16       2.7109
_SET5_   23155         1  109472130  109506121    108      19  127757      -1.3028      0.65627   -2.2204e-16      -1.3028
_SET5_   6301          1  109756515  109780804     37      10  126681      -1.2965      0.66925   -2.2204e-16      -1.2965
_SET5_   5686          1  109941653  109969108     42       7  126333      0.06284      0.19509   -2.3592e-16      0.06284
_SET5_   57463         1  110049446  110052336      2       1  130644      0.40504      0.16279   -2.2204e-16      0.40504
_SET5_   3737          1  111136202  111174096     99      12  128695      0.55568      0.09213   -2.2204e-16      0.55568
_SET5_   55924         1  112264686  112298419    118      20  127099       1.4541    0.0093958   -2.2204e-16       1.4541
_SET5_   284615        1  145470508  145475647      7       5  121777      -1.4174      0.78192   -2.2204e-16      -1.4174
_SET5_   9900          1  149874870  149889434     25       7  127618      0.99285     0.046142   -2.2204e-16      0.99285
_SET5_   2029          1  150594599  150602098     11       5  119080      0.47462     0.094639   -2.2204e-16      0.47462
_SET5_   10962         1  151032151  151040973     12       4  130203       1.0013     0.050431   -2.2204e-16       1.0013
_SET5_   7170          1  154127780  154164611     52       9  129657       2.1984    0.0014236   -4.4409e-16       2.1984
_SET5_   1141          1  154540257  154552354     20       8  124230       2.1583    0.0016185   -4.4409e-16       2.1583
_SET5_   1944          1  155051348  155060014     12       4  130017       1.1326     0.031192   -2.2204e-16       1.1326
_SET5_   23208         1  155829260  155854990     34       7  128545    -0.092654      0.26668   -2.3592e-16    -0.092654
_SET5_   51430         1  172501494  172580973    112      17  126336     -0.41811      0.30718   -2.2204e-16     -0.41811
_SET5_   9917          1  178994939  179045702    154      17  129742      0.39294     0.099113   -2.2204e-16      0.39294
_SET5_   3140          1  181002561  181031074     93      19  125526     -0.75093      0.42502   -2.2204e-16     -0.75093
_SET5_   6041          1  182542769  182558420     30      10  127334      -2.0379      0.87601   -4.4409e-16      -2.0379
_SET5_   23179         1  183605208  183897666    820      49  128659      -1.5101      0.50826   -2.2204e-16      -1.5101
_SET5_   8707          1  193147860  193155743     14       4  108800       2.4287    0.0014627   -4.4409e-16       2.4287
_SET5_   23046         1  200938514  200992828    128      13  127511       3.1295   2.8123e-05   -4.4409e-16       3.1295
_SET5_   29089         1  202300785  202311094     11       3  130412      -1.6521      0.82583   -2.2204e-16      -1.6521
_SET5_   22874         1  204187979  204329057    454      32  128841       1.0658     0.011698   -2.2204e-16       1.0658
_SET5_   5129          1  205473684  205501921    119      31  127478      0.79976      0.04476   -2.2204e-16      0.79976
_SET5_   3775          1  233749750  233808258    184      37  127825      -1.8705      0.81463   -2.2204e-16      -1.8705
_SET5_   88            1  236849754  236927931    263      28  128269     -0.35298      0.26193   -2.2204e-16     -0.35298
_SET5_   6000          1  240938817  241520505   1828     151  128059      -0.9475      0.12082   -2.2204e-16      -0.9475
_SET5_   10806         1  243419307  243663393    421      34  127191          4.2   4.2999e-08             0          4.2
_SET5_   3241          2   10443015   10567743    507      60  129497      -1.0275      0.44805   -2.2204e-16      -1.0275
_SET5_   3790          2   18059105   18114225    178      27  129260        2.727   0.00012782   -4.4409e-16        2.727
_SET5_   29959         2   27651473   27665126     14       3  126572        2.135    0.0020032   -4.4409e-16        2.135
_SET5_   27436         2   42396490   42559688    463      21  128786      -1.3436       0.5619   -2.2204e-16      -1.3436
_SET5_   84542         2   61293005   61365169    115      20  127310     -0.86171      0.47174   -2.2204e-16     -0.86171
_SET5_   10097         2   65454829   65498387    110      12  128778      -1.2409      0.64241   -2.2204e-16      -1.2409
_SET5_   22848         2   69685127   69901566    255      18  127895      -1.8914      0.80771   -2.2204e-16      -1.8914
_SET5_   6869          2   75273590   75426645    410      49  128948     -0.43271      0.24721   -2.2204e-16     -0.43271
_SET5_   64969         2   95752952   95787754     21      12  121101     -0.95012      0.55135   -2.2204e-16     -0.95012
_SET5_   150472        2  114195268  114253781      7       2  130644     -0.22311      0.36594   -2.2204e-16     -0.22311
_SET5_   57628         2  115199899  116603328   3331     124  128220      0.39973    0.0019533   -2.2204e-16      0.39973
_SET5_   7247          2  122513121  122525429      6       3  123991      0.41921       0.1279   -2.2204e-16      0.41921
_SET5_   55627         2  130908965  130940323     41       3  128075      -2.6635      0.97695   -4.4409e-16      -2.6635
_SET5_   205147        2  131513077  131525707     14       5  126880        -1.23      0.75472   -2.2204e-16        -1.23
_SET5_   11249         2  139426727  139537811    347      44  129483       1.9349    0.0015817   -2.2204e-16       1.9349
_SET5_   9839          2  145141942  145277958    186      36  128378       5.2309   4.0224e-10             0       5.2309
_SET5_   114793        2  153191684  153506348    952      55  128995      0.83842     0.008019   -2.2204e-16      0.83842
_SET5_   6326          2  165986659  166248820    648      49  128564     -0.67724      0.25617   -2.2204e-16     -0.67724
_SET5_   253782        2  169312759  169631644    810      69  126000       2.1238   0.00021708   -4.4409e-16       2.1238
_SET5_   1781          2  172543919  172606668    113      16  128361       2.8675   9.7611e-05   -4.4409e-16       2.8675
_SET5_   8604          2  172639915  172750816    240      26  127808       1.6524    0.0043983   -2.2204e-16       1.6524
_SET5_   1745          2  172950208  172954402      5       3  122893       1.9841    0.0028832   -2.2204e-16       1.9841
_SET5_   5136          2  183004762  183387572   1079      51  126872      0.57459    0.0096305   -2.2204e-16      0.57459
_SET5_   10787         2  183789579  183903586    267      19  128596     -0.39003      0.31417   -2.2204e-16     -0.39003
_SET5_   200576        2  209130990  209223475    256      11  124159     -0.40469      0.35129   -2.2204e-16     -0.40469
_SET5_   2335          2  216225177  216300890    223      23  127560      -0.4537      0.28268   -2.2204e-16      -0.4537
_SET5_   57574         2  217122585  217236750    280      27  127905      0.99624     0.019959   -2.2204e-16      0.99624
_SET5_   1593          2  219646472  219680016     75       5  129230     -0.35397      0.33895   -2.2204e-16     -0.35397
_SET5_   8941          2  219824350  219826877      6       2  128434     -0.10518      0.40872   -2.3592e-16     -0.10518
_SET5_   10290         2  220299552  220358354     94      17  126974      0.38627      0.09362   -2.2204e-16      0.38627
_SET5_   151473        2  230899690  230933715    115      15  129083     -0.58688      0.37568   -2.2204e-16     -0.58688
_SET5_   116987        2  236402733  237040444   1521     123  127937       1.3919   0.00057085   -2.2204e-16       1.3919
_SET5_   10752         3     238279     451100    845      64  127872      0.39684     0.031684   -2.2204e-16      0.39684
_SET5_   3708          3    4535032    4889524   1214     140  127995     -0.60735      0.18978   -2.2204e-16     -0.60735
_SET5_   375323        3    9540045    9595486    183      17  129345     -0.17826      0.23503   -2.2204e-16     -0.17826
_SET5_   10533         3   11314010   11599139    591      20  128748     -0.80582      0.32112   -2.2204e-16     -0.80582
_SET5_   9881          3   36868308   36986548    247      22  128192       3.5963   1.9654e-06   -4.4409e-16       3.5963
_SET5_   956           3   40428647   40470110     86       5  126077     -0.43788       0.3728   -2.2204e-16     -0.43788
_SET5_   51304         3   44956753   45017674     69       9  127267       1.1118     0.024506   -2.2204e-16       1.1118
_SET5_   4134          3   47892180   48130769    224      16  124599      0.64432     0.049965   -2.2204e-16      0.64432
_SET5_   8927          3   49591922   49708982    159      15  127077        2.028    0.0014638   -4.4409e-16        2.028
_SET5_   2912          3   51741081   51752629      7       4  120868      0.60882      0.15077   -2.2204e-16      0.60882
_SET5_   2272          3   59735036   61237133   6150     339  128377       2.7736   3.8213e-08   -4.4409e-16       2.7736
_SET5_   10342         3  100428128  100467811     66       8  128482      0.17177      0.15866   -2.2204e-16      0.17177
_SET5_   50512         3  127348002  127391653     37      11  127298      -1.5273      0.75707   -2.2204e-16      -1.5273
_SET5_   28976         3  128598333  128631957    143      16  110231      -1.3821      0.75807   -2.2204e-16      -1.3821
_SET5_   131034        3  131252413  131759152   2014      64  129181      -2.6994      0.53863   -4.4409e-16      -2.6994
_SET5_   55573         3  133292434  133309118     39       7  128922      0.14011      0.20254   -2.2204e-16      0.14011
_SET5_   344838        3  142680073  142682818      7       2  127735      0.57828       0.1881   -2.2204e-16      0.57828
_SET5_   5217          3  149682691  149688741      8       4  123697      -0.1733      0.25622   -2.2204e-16      -0.1733
_SET5_   23007         3  155197670  155462878    741      27  129438    -0.013882     0.082962   -2.3592e-16    -0.013882
_SET5_   401097        3  159943423  159946000      5       2  120751      -1.5794      0.86237   -2.2204e-16      -1.5794
_SET5_   2119          3  185764106  185826901    102      14  128877       2.8534   0.00015357   -4.4409e-16       2.8534
_SET5_   3556          3  190231840  190378856    464      69  127845       1.5218    0.0047192   -2.2204e-16       1.5218
_SET5_   7037          3  195776155  195809032    111      11  130119        -1.63      0.78845   -2.2204e-16        -1.63
_SET5_   80235         3  196673214  196695742     81      19  126929      0.88469     0.033732   -2.2204e-16      0.88469
_SET5_   84223         3  197615946  197686982    192      17  128738      -1.2515      0.65306   -2.2204e-16      -1.2515
_SET5_   118           4    2845454    2931803    137      18  126935       1.0135     0.026102   -2.2204e-16       1.0135
_SET5_   57495         4   37246690   37451087    647      57  128924       1.0368     0.010172   -2.2204e-16       1.0368
_SET5_   23216         4   37889606   38140796    785      66  128185      0.23922     0.051379   -2.2204e-16      0.23922
_SET5_   57728         4   39184024   39287430    173      10  128610      -1.0257      0.54788   -2.2204e-16      -1.0257
_SET5_   285527        4   48499380   48782329    345      21  127670       1.0038     0.018528   -2.2204e-16       1.0038
_SET5_   54940         4   48832599   48863834     34       5  128929      0.98885     0.041979   -2.2204e-16      0.98885
_SET5_   84708         4   54326437   54518653    582      47  129067      0.57147     0.032651   -2.2204e-16      0.57147
_SET5_   23284         4   62066949   62938168   1802     113  127951       2.0246   1.3003e-05   -4.4409e-16       2.0246
_SET5_   55752         4   77870895   77961307    228      18  128036      -2.7788      0.96303   -4.4409e-16      -2.7788
_SET5_   5602          4   86933452   87374283   1139      48  127864      0.99976     0.002862   -2.2204e-16      0.99976
_SET5_   152926        4   89178761   89205983     48      10  110426      0.57599      0.10533   -2.2204e-16      0.57599
_SET5_   266812        4   89617066   89619023      5       3  125587      0.32727      0.14609   -2.2204e-16      0.32727
_SET5_   287           4  113739239  114304896   1612     120  128105      0.48832    0.0075786   -2.2204e-16      0.48832
_SET5_   55294         4  153242410  153456393    408      13  122189      -1.2065      0.58475   -2.2204e-16      -1.2065
_SET5_   56034         4  157682763  157892546    311      26  127118      -1.1267       0.5362   -2.2204e-16      -1.1267
_SET5_   134111        5    6437460    6496834    191      39  128850     -0.84527      0.47897   -2.2204e-16     -0.84527
_SET5_   651746        5   10564435   10657928    318      32  129264      0.59186     0.047755   -2.2204e-16      0.59186
_SET5_   1008          5   24487209   24645085    554      31  127157       1.3556    0.0039058   -2.2204e-16       1.3556
_SET5_   375444        5   43486803   43515273     59       9  115811     -0.25269      0.28031   -2.2204e-16     -0.25269
_SET5_   115827        5   57877950   58155221    832      56  128847       2.5062   3.2223e-05   -4.4409e-16       2.5062
_SET5_   3796          5   61601989   61683011    184      16  128167       2.0183    0.0015572   -4.4409e-16       2.0183
_SET5_   3350          5   63255875   63258119      4       2  113462      0.19898      0.18703   -2.2204e-16      0.19898
_SET5_   84059         5   89854617   90460254   1363      69  126821        3.337   5.5646e-08   -4.4409e-16        3.337
_SET5_   56990         5  130599702  130730383    142      13  127655     -0.24174      0.26924   -2.2204e-16     -0.24174
_SET5_   91368         5  133737756  133747598      7       3  130604      -1.0662      0.67671   -2.2204e-16      -1.0662
_SET5_   51307         5  137673224  137685418     23       7  127879       2.4593   0.00054957   -4.4409e-16       2.4593
_SET5_   1495          5  138089075  138270723    269       7  127175      0.91818     0.034709   -2.2204e-16      0.91818
_SET5_   5201          5  139624635  139682689     88       8  126825       1.5293    0.0083951   -2.2204e-16       1.5293
_SET5_   56135         5  140306302  140391929    197      17  126454       4.3293   4.6617e-08             0       4.3293
_SET5_   5521          5  145969067  146461083   1073      63  128191       2.4621   1.9461e-05   -4.4409e-16       2.4621
_SET5_   1452          5  148873896  148931115     77      13  127088      0.51795     0.085256   -2.2204e-16      0.51795
_SET5_   6534          5  149569520  149590635     86      14  129061     -0.50321      0.35282   -2.2204e-16     -0.50321
_SET5_   11346         5  149980642  150038792    120      16  119785      0.90242     0.036807   -2.2204e-16      0.90242
_SET5_   134353        5  157170755  157183746     27       6  129531      -1.4699      0.76059   -2.2204e-16      -1.4699
_SET5_   1212          5  175819456  175843570     51      13  130282    -0.049037       0.2277   -2.3592e-16    -0.049037
_SET5_   114787        5  176022803  176044339     30      10  129556     -0.20178      0.28134   -2.2204e-16     -0.20178
_SET5_   53917         5  176728199  176730744      5       3  130421      0.97216     0.054339   -2.2204e-16      0.97216
_SET5_   64777         5  177558002  177575567     51       8  124502     -0.32521      0.31645   -2.2204e-16     -0.32521
_SET5_   57699         6   36708549   36807220    353      53  128698      0.49366     0.062639   -2.2204e-16      0.49366
_SET5_   57497         6   40359373   40555126    753      56  128851      0.12818     0.063588   -2.2204e-16      0.12818
_SET5_   221424        6   43474703   43478081      6       2  127430       1.8567     0.012421   -2.2204e-16       1.8567
_SET5_   441151        6   44238480   44247182     26       7  121259     -0.45363      0.34526   -2.2204e-16     -0.45363
_SET5_   667           6   56322785   56819426    889      28  128727       1.6198   0.00075551   -2.2204e-16       1.6198
_SET5_   23033         6   83777385   83881069    154      13  127299       3.3258   1.3172e-05   -4.4409e-16       3.3258
_SET5_   57107         6  107473761  107780779    630      40  128030     -0.58393      0.22496   -2.2204e-16     -0.58393
_SET5_   23270         6  116571127  116575261     12       4  128993      0.48531      0.10612   -2.2204e-16      0.48531
_SET5_   51389         6  116892583  116914438     47       8  129740     -0.31455      0.33261   -2.2204e-16     -0.31455
_SET5_   57120         6  117881432  117923705     86      14  126326       2.9565   6.2038e-05   -4.4409e-16       2.9565
_SET5_   254394        6  119134612  119256327    327      16  126560      0.92714     0.027201   -2.2204e-16      0.92714
_SET5_   10924         6  123109601  123130865     58      12  129118      -1.2325      0.66462   -2.2204e-16      -1.2325
_SET5_   7402          6  144606434  145174170   1112      75  127215       1.3438    0.0013908   -2.2204e-16       1.3438
_SET5_   5110          6  150070831  150132557    145       5  129262      0.88726     0.049315   -2.2204e-16      0.88726
_SET5_   56895         6  161551057  161695107    431      42  129013      0.53024     0.052184   -2.2204e-16      0.53024
_SET5_   7975          7    1570368    1582679     38       7  127263      -1.8554      0.84973   -2.2204e-16      -1.8554
_SET5_   54476         7    5659672    5821361    540      23  128437       1.2655    0.0086919   -2.2204e-16       1.2655
_SET5_   729920        7   16127152   16460947   1017      40  127720     -0.92652      0.21566   -2.2204e-16     -0.92652
_SET5_   27075         7   16793351   16824161    116      16  125713    -0.039963       0.1791   -2.3592e-16    -0.039963
_SET5_   9844          7   36892511   37488895   1809     118  126762      -1.3593      0.21378   -2.2204e-16      -1.3593
_SET5_   51373         7   56019611   56023034     11       4  124310      0.91225      0.04423   -2.2204e-16      0.91225
_SET5_   7532          7   75956108   75988342     63       9  128046     0.053258       0.1897   -2.3592e-16     0.053258
_SET5_   8910          7   94214536   94285521     91       9  128405       2.1445     0.001763   -4.4409e-16       2.1445
_SET5_   22853         7   97736197   97838945    268      19  127245      0.20448      0.12714   -2.2204e-16      0.20448
_SET5_   352954        7   99798276   99869855    125      15  128996       1.1354     0.021953   -2.2204e-16       1.1354
_SET5_   54674         7  110731062  110765510     58       8  128890      0.59871      0.10688   -2.2204e-16      0.59871
_SET5_   3475          7  112063199  112117258    180      24  129072      0.88828     0.032711   -2.2204e-16      0.88828
_SET5_   64101         7  127667124  127671002      5       2  130579       4.1989   6.9854e-07             0       4.1989
_SET5_   23382         7  128864855  129070052    400      25  127283      -1.6011       0.6886   -2.2204e-16      -1.6011
_SET5_   54927         7  132469623  132766839    546      21  125083      0.83326     0.015855   -2.2204e-16      0.83326
_SET5_   154790        7  139208674  139229731     27       4  128944      -2.5501      0.98019   -4.4409e-16      -2.5501
_SET5_   100289678     7  148959262  148982085     82      14  129056      -1.2347      0.66634   -2.2204e-16      -1.2347
_SET5_   6522          7  150755299  150773614     49      11  129891       1.5878    0.0084995   -2.2204e-16       1.5878
_SET5_   116988        7  150782918  150841523    142      20  127576       1.5437    0.0063922   -2.2204e-16       1.5437
_SET5_   57488         7  158523688  158622729    393      16  129058     -0.29525      0.23925   -2.2204e-16     -0.29525
_SET5_   57604         8   12803183   12887286    526      31  129791       2.2465   0.00029269   -4.4409e-16       2.2465
_SET5_   2185          8   27168999   27316908    395      23  128211       2.4999   0.00012728   -4.4409e-16       2.4999
_SET5_   100507341     8   30496117   30503473     11       3  130441      0.21536      0.18411   -2.2204e-16      0.21536
_SET5_   6867          8   38585704   38710546    227      26  127841       1.6365    0.0041449   -2.2204e-16       1.6365
_SET5_   7419          8   42249279   42263455     12       3  125777      -1.2445      0.78433   -2.2204e-16      -1.2445
_SET5_   9312          8   73449626   73850584   1097      59  129273      -2.7321      0.85123   -4.4409e-16      -2.7321
_SET5_   7163          8   80947103   81083836    393      19  128237     -0.61502      0.29678   -2.2204e-16     -0.61502
_SET5_   401474        8  119201694  119634184   1152      77  128051      -0.5826      0.12615   -2.2204e-16      -0.5826
_SET5_   114569        8  120220610  120257913     56      12  128975      -1.0835       0.6192   -2.2204e-16      -1.0835
_SET5_   6503          8  134048973  134115604    271      17  130019     -0.60707      0.34814   -2.2204e-16     -0.60707
_SET5_   80728         8  145754563  145838891    156      12  126680     -0.28827      0.32864   -2.2204e-16     -0.28827
_SET5_   6505          9    4490427    4587469    324      40  128842      -2.1601      0.86335   -4.4409e-16      -2.1601
_SET5_   158358        9    5919008    6008479    209      19  120804      0.58647     0.057915   -2.2204e-16      0.58647
_SET5_   5789          9    8314246   10612723   9718     456  127738      0.65795   0.00049358   -2.2204e-16      0.65795
_SET5_   6456          9   17578953   17797122   1002      58  127513      -1.3431      0.38379   -2.2204e-16      -1.3431
_SET5_   92014         9   37877572   37904350     40      10  126426       0.7255     0.062253   -2.2204e-16       0.7255
_SET5_   80036         9   73143979   74061782   2736     114  127942      -0.2509    0.0097076   -2.2204e-16      -0.2509
_SET5_   4915          9   87283417   87641985    922      69  128347      -1.3417      0.44511   -2.2204e-16      -1.3417
_SET5_   9568          9  101050364  101471479   1512     129  127472       2.4256   1.2817e-05   -4.4409e-16       2.4256
_SET5_   54566         9  111934254  112083021    369      53  128743    -0.094447      0.16823   -2.3592e-16    -0.094447
_SET5_   80142         9  130882972  130890741      6       3  128275     -0.97008       0.6443   -2.2204e-16     -0.97008
_SET5_   2801          9  131018108  131038286     29       4  130459     0.035346      0.30156   -2.3592e-16     0.035346
_SET5_   6709          9  131314837  131395944     98       7  127549       0.8061     0.068985   -2.2204e-16       0.8061
_SET5_   8939          9  133454954  133513739    134      20  126892       2.4795    0.0003707   -4.4409e-16       2.4795
_SET5_   23203         9  139305110  139318213     45       9  128300       1.4211      0.01341   -2.2204e-16       1.4211
_SET5_   20            9  139901686  139923374     41      11  126077     -0.44154      0.35633   -2.2204e-16     -0.44154
_SET5_   3422         10    1085963    1095061     20       6  129881      -1.5085      0.77977   -2.2204e-16      -1.5085
_SET5_   221074       10   18240768   18332221    358      38  129517     -0.53249      0.29317   -2.2204e-16     -0.53249
_SET5_   56243        10   23983675   24836772   2342     135  127982      -1.1055     0.086749   -2.2204e-16      -1.1055
_SET5_   10006        10   27035525   27150016    341      19  128712       1.0025     0.019886   -2.2204e-16       1.0025
_SET5_   220972       10   45950033   46090354    448      13  129088      -2.1819      0.87793   -4.4409e-16      -2.1819
_SET5_   5599         10   49514682   49647403    270      19  127217     -0.26849      0.23708   -2.2204e-16     -0.26849
_SET5_   288          10   61786056   62493284   2102      80  128524       2.3121   3.5628e-07   -4.4409e-16       2.3121
_SET5_   84159        10   63661013   63856707    456      57  127464        2.672   7.4686e-05   -4.4409e-16        2.672
_SET5_   347731       10   68685792   68861309    445      37  128071       -1.085      0.45378   -2.2204e-16       -1.085
_SET5_   56521        10   69556427   69597937     69      13  127589      0.42651      0.10581   -2.2204e-16      0.42651
_SET5_   220202       10   69990352   69991870      3       2  119719     -0.41528        0.374   -2.2204e-16     -0.41528
_SET5_   219738       10   71390003   71393355     21       5  129902     -0.52148      0.41195   -2.2204e-16     -0.52148
_SET5_   818          10   75572259   75634349     75      10  127915      -3.8284      0.99924   -4.4409e-16      -3.8284
_SET5_   55328        10   90033621   90343611    676      37  127922      0.27799     0.047197   -2.2204e-16      0.27799
_SET5_   5950         10   95351593   95361101     46       6  130634     -0.12624      0.29637   -2.2204e-16     -0.12624
_SET5_   81855        10  102790996  102800998     18      10  127509     -0.48141      0.34935   -2.2204e-16     -0.48141
_SET5_   9118         10  105036919  105050108     20       5  128420       3.4861   9.8603e-06   -4.4409e-16       3.4861
_SET5_   22986        10  106400859  107024993   1760      48  128916       2.7364   1.3826e-07   -4.4409e-16       2.7364
_SET5_   3983         10  116190869  116444762    708      70  128349      0.44809      0.03941   -2.2204e-16      0.44809
_SET5_   11101        10  123499939  123688149    592      36  126773       1.6898    0.0013772   -2.2204e-16       1.6898
_SET5_   10570        10  133998564  134019280     53       9  130208       1.1342     0.026934   -2.2204e-16       1.1342
_SET5_   5719         11     236808     252984     99      13  129444      -2.6321      0.96308   -4.4409e-16      -2.6321
_SET5_   23258        11    9160372    9286882    254      15  128854     0.090893      0.14425   -2.3592e-16     0.090893
_SET5_   120227       11   14899551   14913874     13       5  123446     -0.38759      0.32676   -2.2204e-16     -0.38759
_SET5_   25758        11   33563877   33695648    296      29  126294     -0.45058      0.26517   -2.2204e-16     -0.45058
_SET5_   119710       11   36616043   36680841    228       9  126833       -1.147      0.63421   -2.2204e-16       -1.147
_SET5_   57586        11   45261853   45307884    123      13  126772        2.326   0.00059276   -4.4409e-16        2.326
_SET5_   1132         11   46405335   46413122      6       4  118591       4.8978   1.8012e-08             0       4.8978
_SET5_   84364        11   47185849   47199054     21       7  128928       4.5324   4.6174e-08             0       4.5324
_SET5_   8567         11   47290927   47351582    131      14  128670       1.0006     0.031563   -2.2204e-16       1.0006
_SET5_   349667       11   57227926   57244384     16       6  125791        1.827     0.004337   -2.2204e-16        1.827
_SET5_   747          11   61447905   61514474    128      18  126852       1.4589    0.0081716   -2.2204e-16       1.4589
_SET5_   2785         11   62475066   62476678      2       1  117304       3.2683   0.00040156   -4.4409e-16       3.2683
_SET5_   7108         11   64879326   64883707      8       2  130644     -0.44908      0.49212   -2.2204e-16     -0.44908
_SET5_   11041        11   66112843   66115161      1       1  130644      0.46379       0.1727   -2.2204e-16      0.46379
_SET5_   22941        11   70313961   70935808   1722     132  128394       1.2113   0.00072262   -2.2204e-16       1.2113
_SET5_   9873         11   72547788   72853727    245      36  124610      -1.1533      0.54982   -2.2204e-16      -1.1533
_SET5_   283209       11   74041361   74109502    163      15  128883       2.4564   0.00037622   -4.4409e-16       2.4564
_SET5_   1740         11   83166055   85338314   5794     174  128182      0.16152    0.0048439   -2.2204e-16      0.16152
_SET5_   10873        11   86152150   86383678    856      48  129504     -0.72361      0.22218   -2.2204e-16     -0.72361
_SET5_   79659        11  102980160  103350591   1628      29  129739     -0.41251     0.030426   -2.2204e-16     -0.41251
_SET5_   399947       11  109292570  109299893      6       3  126235       1.3308     0.019679   -2.2204e-16       1.3308
_SET5_   4684         11  112831969  113149158    909      57  127160       2.8586   4.9339e-06   -4.4409e-16       2.8586
_SET5_   6327         11  118033519  118047337     41      11  125954     -0.37273      0.32518   -2.2204e-16     -0.37273
_SET5_   4978         11  132284875  133402403   3620     265  128080       3.1235   5.7035e-09   -4.4409e-16       3.1235
_SET5_   56341        12    3490515    3703139    542      80  127626       -1.015      0.47532   -2.2204e-16       -1.015
_SET5_   894          12    4382901    4414522     63      16  129292    -0.035907      0.20126   -2.3592e-16    -0.035907
_SET5_   1911         12    9067292    9094063     58       9  130365      -1.7276      0.82784   -2.2204e-16      -1.7276
_SET5_   23710        12   10365435   10375727     26       9  128269     0.039515      0.20444   -2.3592e-16     0.039515
_SET5_   55359        12   10771538   10826917    144       9  129454       1.2509     0.017111   -2.2204e-16       1.2509
_SET5_   57613        12   13197300   13236383     89       8  125046      0.42433      0.11016   -2.2204e-16      0.42433
_SET5_   5800         12   15475191   15751265    589      49  128158      0.91204     0.014435   -2.2204e-16      0.91204
_SET5_   9847         12   22601511   22697452    153       7  128203    -0.065011      0.29143   -2.3592e-16    -0.065011
_SET5_   121512       12   32552518   32798984    893      48  128812      -1.2322      0.37312   -2.2204e-16      -1.2322
_SET5_   5756         12   44187526   44200178     24       7  127783     -0.65746      0.48234   -2.2204e-16     -0.65746
_SET5_   387856       12   48577366   48579709      4       2  130644     -0.45038      0.41663   -2.2204e-16     -0.45038
_SET5_   112          12   49159975   49182820     42       5  127268       1.8545    0.0057654   -2.2204e-16       1.8545
_SET5_   7480         12   49359123   49365641      9       3  126880       1.4158     0.014646   -2.2204e-16       1.4158
_SET5_   23109        12   49388933   49393088      6       3  122330       0.4522      0.10589   -2.2204e-16       0.4522
_SET5_   55716        12   49490334   49504683     13       3  129604     -0.57539      0.46653   -2.2204e-16     -0.57539
_SET5_   23017        12   50260679   50297760    111      23  125240      -1.5128      0.71093   -2.2204e-16      -1.5128
_SET5_   22864        12   57647547   57824782    203      15  126121       2.4434   0.00028567   -4.4409e-16       2.4434
_SET5_   4659         12   80167343   80329235    234      14  123535      -2.0721      0.89163   -4.4409e-16      -2.0721
_SET5_   490          12   89981826   90103130    189      21  128578      0.42112     0.097135   -2.2204e-16      0.42112
_SET5_   5128         12   96672039   96794366    269      22  129056      -1.5224      0.71028   -2.2204e-16      -1.5224
_SET5_   56899        12   99128569  100378512   3028     170  128108       4.0601   2.4942e-11             0       4.0601
_SET5_   9815         12  110367607  110434194    117      14  127033       3.5136   1.0325e-05   -4.4409e-16       3.5136
_SET5_   89894        12  112369086  112451023    127       6  129699     -0.87936      0.58817   -2.2204e-16     -0.87936
_SET5_   9478         12  121078422  121105129     84      16  128273       2.4499   0.00042822   -4.4409e-16       2.4499
_SET5_   65082        12  122714111  122751068     62       9  127656       2.7119   0.00023462   -4.4409e-16       2.7119
_SET5_   9201         13   36342789   36705514   1093      92  129359      -1.0557      0.31011   -2.2204e-16      -1.0557
_SET5_   55578        13   37583449   37633850     64       8  126610      -1.5386      0.80031   -2.2204e-16      -1.5386
_SET5_   11215        13   42846261   42897403    102      11  129796       1.5407    0.0094165   -2.2204e-16       1.5407
_SET5_   220107       13   51286759   51417885    365      32  127911     -0.89883      0.40676   -2.2204e-16     -0.89883
_SET5_   728215       13  107820879  108519460   2411     213  128515     -0.26982       0.0108   -2.2204e-16     -0.26982
_SET5_   23116        14   45431416   45543634    192      13  124558     0.069364      0.20877   -2.3592e-16     0.069364
_SET5_   56936        14   70036531   70041600      8       2  129170      0.61567      0.12374   -2.2204e-16      0.61567
_SET5_   23508        14   71108504   71142077     91      21  128747       1.6782    0.0050095   -2.2204e-16       1.6782
_SET5_   9240         14   74178486   74181128      3       2  130644      -0.1832      0.31409   -2.2204e-16      -0.1832
_SET5_   57578        14   93799565   94174222    786      26  128179       1.5733    0.0012042   -2.2204e-16       1.5733
_SET5_   57369        15   35044642   35046782      5       3  130644     0.068832      0.22289   -2.3592e-16     0.068832
_SET5_   3706         15   41786056   41795757     21       5  125829      -1.5676      0.78171   -2.2204e-16      -1.5676
_SET5_   23582        15   43477466   43489375     13       5  128612       2.1397    0.0026128   -4.4409e-16       2.1397
_SET5_   2200         15   48700503   48937985    364      14  127277     -0.10361      0.18114   -2.3592e-16     -0.10361
_SET5_   29106        15   51973550   52013223     87      13  126965     0.089177      0.16251   -2.3592e-16     0.089177
_SET5_   54832        15   62144588   62352664    508      19  127137     -0.04132      0.11704   -2.3592e-16     -0.04132
_SET5_   7168         15   63334838   63364114     99      14  128574     -0.54382      0.37608   -2.2204e-16     -0.54382
_SET5_   10260        15   65952954   66084631    243      15  128651      0.62388      0.06041   -2.2204e-16      0.62388
_SET5_   5923         15   79252289   79383215    408      61  128866       1.1954     0.012263   -2.2204e-16       1.1954
_SET5_   9915         15   80696692   80890278    497      57  125917        1.204    0.0082002   -2.2204e-16        1.204
_SET5_   64506        15   83211948   83316762    240      25  128900        4.856   2.6477e-09             0        4.856
_SET5_   11214        15   85923818   86292589   1215      38  128023      -2.6195      0.75834   -4.4409e-16      -2.6195
_SET5_   101927751    15  101457587  101459437      7       2  130644      0.24907      0.17635   -2.2204e-16      0.24907
_SET5_   57524        16    2227184    2246479     24       6  121891     -0.25287      0.27217   -2.2204e-16     -0.25287
_SET5_   899          16    2479395    2508859     68       5  128877     0.073743      0.20824   -2.3592e-16     0.073743
_SET5_   8303         16   11762289   11773015     41       6  128023      0.15267      0.17012   -2.2204e-16      0.15267
_SET5_   9738         16   19535179   19564730     91      12  130187        3.555   8.3557e-06   -4.4409e-16        3.555
_SET5_   124152       16   19727778   19869087    255      13  128322    -0.091998      0.20932   -2.3592e-16    -0.091998
_SET5_   10368        16   24266874   24373737    340      49  128820       1.4344    0.0064207   -2.2204e-16       1.4344
_SET5_   5930         16   24550866   24584184     77       9  129213       1.2267     0.021361   -2.2204e-16       1.2267
_SET5_   253980       16   29917657   29937545     33       5  130195       5.5379   1.5989e-10             0       5.5379
_SET5_   1540         16   50775961   50835847     82      11  126706       1.6366    0.0060731   -2.2204e-16       1.6366
_SET5_   6376         16   57406414   57418956     39       9  127361     -0.32622       0.3269   -2.2204e-16     -0.32622
_SET5_   79650        16   58033450   58055527     40       7  125187      -1.4652      0.75094   -2.2204e-16      -1.4652
_SET5_   7014         16   69389464   69419891     37       8  130091       3.1982    4.527e-05   -4.4409e-16       3.1982
_SET5_   54768        16   70841287   71264625    298      35  122502       1.7692    0.0021149   -2.2204e-16       1.7692
_SET5_   11345        16   75600249   75611779     26       6  128927      0.32126      0.17229   -2.2204e-16      0.32126
_SET5_   80790        16   81478775   81745367   1085     102  127905      0.43081     0.025306   -2.2204e-16      0.43081
_SET5_   123872       16   84178865   84211524    146      24  128567     -0.58608      0.36462   -2.2204e-16     -0.58608
_SET5_   79791        16   87362942   87425708    199      30  125876       1.1009     0.017462   -2.2204e-16       1.1009
_SET5_   146760       17    1837971    1928178    310      38  128775       1.1458      0.01367   -2.2204e-16       1.1458
_SET5_   440400       17    6915736    6917852      4       2  120731     -0.67395       0.5118   -2.2204e-16     -0.67395
_SET5_   22905        17   19140690   19240028    110      15  108244        3.689   1.1192e-05   -4.4409e-16        3.689
_SET5_   8851         17   30814105   30818271      3       1  130644       3.3767    4.204e-05   -4.4409e-16       3.3767
_SET5_   7067         17   38218446   38250120     42       9  129253       1.4763     0.011904   -2.2204e-16       1.4763
_SET5_   55175        17   40009799   40021629     32       6  130027     -0.24144      0.32799   -2.2204e-16     -0.24144
_SET5_   284069       17   42431101   42441235     13       6  127609      0.54484      0.09477   -2.2204e-16      0.54484
_SET5_   3675         17   48133340   48167849     80      12  127036   -0.0078994      0.22632   -2.3592e-16   -0.0078994
_SET5_   9043         17   49039535   49198226    181      17  126870       1.1908     0.015841   -2.2204e-16       1.1908
_SET5_   58488        17   53828340   53920522    267      13  129327     -0.53781      0.36892   -2.2204e-16     -0.53781
_SET5_   26207        17   65373397   65693379    838     112  127794         2.62   6.3716e-05   -4.4409e-16         2.62
_SET5_   6752         17   71161160   71168094     15       3  130644      0.32667      0.15872   -2.2204e-16      0.32667
_SET5_   9382         17   71189070   71204646     33       5  129100      -2.1685      0.92249   -4.4409e-16      -2.1685
_SET5_   51155        17   73131343   73150775     29       7  126106        2.148    0.0016993   -4.4409e-16        2.148
_SET5_   9267         17   76670130   76778376    216      18  125244      0.94894     0.026284   -2.2204e-16      0.94894
_SET5_   396          17   79825595   79829282      7       2  124665       1.3109     0.027909   -2.2204e-16       1.3109
_SET5_   81929        18   12947983   12987536     98      14  129203      0.65842      0.06551   -2.2204e-16      0.65842
_SET5_   8715         18   31431064   31803515    760      43  124886       1.5201    0.0013785   -2.2204e-16       1.5201
_SET5_   10982        18   32556892   32723434    359      32  127201     -0.54927       0.2933   -2.2204e-16     -0.54927
_SET5_   6014         18   40323183   40695676    831      49  128639      -1.7407      0.61532   -2.2204e-16      -1.7407
_SET5_   83473        18   44497565   44628614    317      20  126410        1.651    0.0031719   -2.2204e-16        1.651
_SET5_   51046        18   55019721   55036162     39       6  128982       -0.446      0.41968   -2.2204e-16       -0.446
_SET5_   79948        19     812488     821952     33       7  127654      -1.2544      0.67753   -2.2204e-16      -1.2544
_SET5_   148252       19    2714565    2721390     16       3  122792       1.7294    0.0070619   -2.2204e-16       1.7294
_SET5_   85300        19    3880618    3928080    128      33  127615      -1.7363      0.79286   -2.2204e-16      -1.7363
_SET5_   125988       19    5678425    5680911      3       1  119080       0.7504       0.1892   -2.2204e-16       0.7504
_SET5_   828          19    5913659    5916222      6       3  125159     0.018877      0.21588   -2.3592e-16     0.018877
_SET5_   57662        19    7660774    7683196     46       7  130469      -1.8833      0.87241   -2.2204e-16      -1.8833
_SET5_   404217       19    7989381    7991051      1       1  130644       2.8984    0.0003152   -4.4409e-16       2.8984
_SET5_   29911        19   12873817   12889248     26       8  124244       1.4038     0.018908   -2.2204e-16       1.4038
_SET5_   374887       19   19639670   19648393     17       3  125891       5.9648   1.4651e-11             0       5.9648
_SET5_   57622        19   39797457   39806740     12       4  127652     -0.90091      0.66807   -2.2204e-16     -0.90091
_SET5_   478          19   42470628   42498428     22      12  121566      0.71909     0.060359   -2.2204e-16      0.71909
_SET5_   5819         19   45349393   45392485    165      24  128012      -3.5145      0.99437   -4.4409e-16      -3.5145
_SET5_   339344       19   46393281   46405862     40       8  129394       0.4499      0.10916   -2.2204e-16       0.4499
_SET5_   57469        19   46994448   46999169     13       6  123655     -0.92135      0.55535   -2.2204e-16     -0.92135
_SET5_   770          19   49141272   49149451     13       3  128715       1.1241     0.045547   -2.2204e-16       1.1241
_SET5_   64130        19   49617618   49621717     16       3  125501       3.3745   1.9116e-05   -4.4409e-16       3.3745
_SET5_   160          19   50270180   50310369    108      16  127492      0.13933      0.15341   -2.2204e-16      0.13933
_SET5_   388566       19   57078401   57099965     66       7  129180       1.1005     0.029547   -2.2204e-16       1.1005
_SET5_   3420         20    2639041    2644865     12       2  130644       3.0673   0.00017522   -4.4409e-16       3.0673
_SET5_   5786         20    2844841    3019316    264      17  128930      0.92404     0.026864   -2.2204e-16      0.92404
_SET5_   164395       20   30458440   30532770    144      23  129357      0.33045      0.11252   -2.2204e-16      0.33045
_SET5_   22839        20   34995444   35157040    195      29  126636      0.42662     0.081386   -2.2204e-16      0.42662
_SET5_   4826         20   36149607   36152092      1       1  130644      0.14719       0.3211   -2.2204e-16      0.14719
_SET5_   128434       20   36531499   36573752    122      17  128994      0.23742      0.13011   -2.2204e-16      0.23742
_SET5_   9334         20   48249482   48330421    177      15  126319     -0.91096      0.47905   -2.2204e-16     -0.91096
_SET5_   23315        20   48429250   48508779    242      22  128975     -0.36116      0.26965   -2.2204e-16     -0.36116
_SET5_   55905        20   48552914   48570422     39       8  127723     -0.73022      0.46247   -2.2204e-16     -0.73022
_SET5_   10079        20   50213314   50384908    734      32  128448      -0.8092      0.26078   -2.2204e-16      -0.8092
_SET5_   57403        20   56884771   56942563    180      22  125253      -1.7143      0.77937   -2.2204e-16      -1.7143
_SET5_   7165         20   62496581   62522898     66      11  128436      0.82957      0.05909   -2.2204e-16      0.82957
_SET5_   8867         21   33997269   34100351    157      19  128308     -0.38954      0.29252   -2.2204e-16     -0.38954
_SET5_   1476         21   45193546   45196256      5       2  129569      0.14625      0.21471   -2.2204e-16      0.14625
_SET5_   80781        21   46825058   46933634    493      39  127836     -0.93688       0.4039   -2.2204e-16     -0.93688
_SET5_   128989       22   20004554   20053449    166      24  127812       2.2546   0.00065227   -4.4409e-16       2.2546
_SET5_   150209       22   21319418   21335649     56      13  130507     -0.17841      0.25411   -2.2204e-16     -0.17841
_SET5_   57168        22   26825280   26840978     40       9  128150     -0.89557      0.52642   -2.2204e-16     -0.89557
_SET5_   9215         22   33668509   34316464   2143     161  128030      0.55053    0.0013981   -2.2204e-16      0.55053
_SET5_   4627         22   36677323   36784107    308      33  126831     -0.52227      0.29288   -2.2204e-16     -0.52227
_SET5_   114794       22   37764000   37823505    209      26  129850     -0.11688      0.19466   -2.3592e-16     -0.11688
_SET5_   3761         22   38822332   38851205     81      16  125205       2.3775   0.00054937   -4.4409e-16       2.3775
_SET5_   2847         22   41075182   41078818      7       3  130644       1.6359    0.0093875   -2.2204e-16       1.6359
_SET5_   27341        22   42904341   42915829     47       8  129132      -1.0046      0.60442   -2.2204e-16      -1.0046
_SET5_   5600         22   50702142   50708779     18       7  128459       1.0882     0.031073   -2.2204e-16       1.0882
