rank	gene	n_regions	regions	modules	best_module_q	max_enrichment	mean_enrichment	n_regions_binding	n_regions_pheno_module	n_regions_go_invisible	n_regions_switch_active	module_roles	best_pheno_fdr	max_abs_switch_r	best_region	best_module	best_module_go	best_module_or	best_module_or_ci_low	best_module_or_ci_high	best_module_enrichment	best_module_hyper_q	best_module_q_glm	adjusted_or_ok	adjusted_ci_excludes_null	anchor_traits	anchor_kinds	anchor_max_clpp	anchor_verdict	anchor_class	anchor_splicing_led	has_anchor	eligible	gene_name
1	ENSG00000110237	2	frontal_cortex_ba9,putamen_basal_ganglia	M001,M002	0.011687272847475314	1.2936911487758946	1.2607168019590258	2	1	0	2	discordant	0.029361098554400673	0.7376256957909786	putamen_basal_ganglia	M001	cellular component organization, cellular component organization or biogenesis	2.0780183066065763	1.5222851634396763	2.8366302098320224	1.227742455142157	0.03251848043305147	0.0008863001285363532	True	True						False	False	True	ARHGEF17
2	ENSG00000146950	2	frontal_cortex_ba9,putamen_basal_ganglia	M001,M002	0.011687272847475314	1.2936911487758946	1.2607168019590258	2	1	0	2	coupled,discordant	0.029361098554400673	0.6317352306352279	putamen_basal_ganglia	M001	cellular component organization, cellular component organization or biogenesis	2.0780183066065763	1.5222851634396763	2.8366302098320224	1.227742455142157	0.03251848043305147	0.0008863001285363532	True	True						False	False	True	SHROOM2
3	ENSG00000101493	2	frontal_cortex_ba9,putamen_basal_ganglia	M001,M002	0.011687272847475314	1.2936911487758946	1.2607168019590258	2	1	0	1	abundance_only,coupled	0.029361098554400673	0.6026775205715327	putamen_basal_ganglia	M001	cellular component organization, cellular component organization or biogenesis	2.0780183066065763	1.5222851634396763	2.8366302098320224	1.227742455142157	0.03251848043305147	0.0008863001285363532	True	True						False	False	True	ZNF516
4	ENSG00000187147	2	frontal_cortex_ba9,putamen_basal_ganglia	M001,M002	0.011687272847475314	1.2936911487758946	1.2607168019590258	2	1	0	2	coupled,discordant	0.029361098554400673	0.3764146439551458	putamen_basal_ganglia	M001	cellular component organization, cellular component organization or biogenesis	2.0780183066065763	1.5222851634396763	2.8366302098320224	1.227742455142157	0.03251848043305147	0.0008863001285363532	True	True						False	False	True	RNF220
5	ENSG00000205220	2	frontal_cortex_ba9,putamen_basal_ganglia	M001,M002	0.011687272847475314	1.2936911487758946	1.2607168019590258	2	1	0	0	abundance_only,inactive	0.029361098554400673	0.1843035526224859	putamen_basal_ganglia	M001	cellular component organization, cellular component organization or biogenesis	2.0780183066065763	1.5222851634396763	2.8366302098320224	1.227742455142157	0.03251848043305147	0.0008863001285363532	True	True						False	False	True	PSMB10
6	ENSG00000066322	2	frontal_cortex_ba9,putamen_basal_ganglia	M001,M002	0.011687272847475314	1.2936911487758946	1.2607168019590258	2	1	0	0	abundance_only	0.029361098554400673		putamen_basal_ganglia	M001	cellular component organization, cellular component organization or biogenesis	2.0780183066065763	1.5222851634396763	2.8366302098320224	1.227742455142157	0.03251848043305147	0.0008863001285363532	True	True						False	False	True	ELOVL1
7	ENSG00000146005	2	frontal_cortex_ba9,putamen_basal_ganglia	M001,M002	0.011687272847475314	1.2936911487758946	1.2607168019590258	2	1	0	0	abundance_only,inactive	0.029361098554400673		putamen_basal_ganglia	M001	cellular component organization, cellular component organization or biogenesis	2.0780183066065763	1.5222851634396763	2.8366302098320224	1.227742455142157	0.03251848043305147	0.0008863001285363532	True	True						False	False	True	PSD2
8	ENSG00000164976	2	frontal_cortex_ba9,putamen_basal_ganglia	M001,M002	0.011687272847475314	1.2936911487758946	1.2607168019590258	2	1	0	0	abundance_only,inactive	0.029361098554400673		putamen_basal_ganglia	M001	cellular component organization, cellular component organization or biogenesis	2.0780183066065763	1.5222851634396763	2.8366302098320224	1.227742455142157	0.03251848043305147	0.0008863001285363532	True	True						False	False	True	MYORG
9	ENSG00000170759	2	frontal_cortex_ba9,putamen_basal_ganglia	M001,M002	0.011687272847475314	1.2936911487758946	1.2607168019590258	2	1	0	0	abundance_only,inactive	0.029361098554400673		putamen_basal_ganglia	M001	cellular component organization, cellular component organization or biogenesis	2.0780183066065763	1.5222851634396763	2.8366302098320224	1.227742455142157	0.03251848043305147	0.0008863001285363532	True	True						False	False	True	KIF5B
10	ENSG00000188976	2	caudate_sczd,putamen_basal_ganglia	M001,M006	0.03251848043305147	1.4607375132156473	1.3442399841789021	2	1	1	2	coupled,switch_only	0.017871150734486828	0.7680718776344304	putamen_basal_ganglia	M001	cellular component organization, cellular component organization or biogenesis	2.0780183066065763	1.5222851634396763	2.8366302098320224	1.227742455142157	0.03251848043305147	0.0008863001285363532	True	True						False	False	True	NOC2L
11	ENSG00000168481	2	caudate_sczd,putamen_basal_ganglia	M001,M006	0.03251848043305147	1.4607375132156473	1.3442399841789021	2	1	1	2	coupled,discordant	0.017871150734486828	0.7656939620928145	putamen_basal_ganglia	M001	cellular component organization, cellular component organization or biogenesis	2.0780183066065763	1.5222851634396763	2.8366302098320224	1.227742455142157	0.03251848043305147	0.0008863001285363532	True	True						False	False	True	LGI3
12	ENSG00000164880	2	caudate_sczd,putamen_basal_ganglia	M001,M006	0.03251848043305147	1.4607375132156473	1.3442399841789021	2	1	1	2	coupled,discordant	0.017871150734486828	0.7599866050756534	putamen_basal_ganglia	M001	cellular component organization, cellular component organization or biogenesis	2.0780183066065763	1.5222851634396763	2.8366302098320224	1.227742455142157	0.03251848043305147	0.0008863001285363532	True	True						False	False	True	INTS1
13	ENSG00000167861	2	caudate_sczd,putamen_basal_ganglia	M001,M006	0.03251848043305147	1.4607375132156473	1.3442399841789021	2	1	1	2	coupled,discordant	0.017871150734486828	0.6928027678457771	putamen_basal_ganglia	M001	cellular component organization, cellular component organization or biogenesis	2.0780183066065763	1.5222851634396763	2.8366302098320224	1.227742455142157	0.03251848043305147	0.0008863001285363532	True	True						False	False	True	HID1
14	ENSG00000090020	2	caudate_sczd,putamen_basal_ganglia	M001,M006	0.03251848043305147	1.4607375132156473	1.3442399841789021	2	1	1	2	coupled,switch_only	0.017871150734486828	0.6581797969519716	putamen_basal_ganglia	M001	cellular component organization, cellular component organization or biogenesis	2.0780183066065763	1.5222851634396763	2.8366302098320224	1.227742455142157	0.03251848043305147	0.0008863001285363532	True	True						False	False	True	SLC9A1
15	ENSG00000154856	3	caudate_sczd,cerebellar_hemisphere,frontal_cortex_ba9	M002,M003,M006	0.011687272847475314	1.4607375132156473	1.3506758356056914	3	2	1	1	abundance_only,discordant	0.017871150734486828	0.6795197246802259	caudate_sczd	M006		1.4919061641440825	1.007077669538425	2.2101413524850133	1.4607375132156473	0.04145860680532483	0.29589828451588807	True	True						False	False	True	APCDD1
16	ENSG00000143811	2	caudate_sczd,frontal_cortex_ba9	M002,M006	0.011687272847475314	1.4607375132156473	1.377214330995771	2	2	1	1	discordant,inactive	0.017871150734486828	0.4844470346713163	caudate_sczd	M006		1.4919061641440825	1.007077669538425	2.2101413524850133	1.4607375132156473	0.04145860680532483	0.29589828451588807	True	True						False	False	True	PYCR2
17	ENSG00000117266	2	caudate_sczd,frontal_cortex_ba9	M002,M006	0.011687272847475314	1.4607375132156473	1.377214330995771	2	2	1	2	discordant,switch_only	0.017871150734486828	0.2732405246657809	caudate_sczd	M006		1.4919061641440825	1.007077669538425	2.2101413524850133	1.4607375132156473	0.04145860680532483	0.29589828451588807	True	True						False	False	True	CDK18
18	ENSG00000159202	2	caudate_sczd,cerebellar_hemisphere	M003,M006	0.011826729967041393	1.4607375132156473	1.37916817902059	2	1	1	2	discordant	0.017871150734486828	0.859692563977434	caudate_sczd	M006		1.4919061641440825	1.007077669538425	2.2101413524850133	1.4607375132156473	0.04145860680532483	0.29589828451588807	True	True						False	False	True	UBE2Z
19	ENSG00000141540	2	caudate_sczd,cerebellar_hemisphere	M003,M006	0.011826729967041393	1.4607375132156473	1.37916817902059	2	1	1	2	discordant,switch_only	0.017871150734486828	0.7300879803413535	caudate_sczd	M006		1.4919061641440825	1.007077669538425	2.2101413524850133	1.4607375132156473	0.04145860680532483	0.29589828451588807	True	True						False	False	True	TTYH2
20	ENSG00000144043	2	caudate_sczd,cerebellar_hemisphere	M003,M006	0.011826729967041393	1.4607375132156473	1.37916817902059	2	1	1	2	discordant	0.017871150734486828	0.7269439417754036	caudate_sczd	M006		1.4919061641440825	1.007077669538425	2.2101413524850133	1.4607375132156473	0.04145860680532483	0.29589828451588807	True	True						False	False	True	TEX261
21	ENSG00000149243	2	caudate_sczd,cerebellar_hemisphere	M003,M006	0.011826729967041393	1.4607375132156473	1.37916817902059	2	1	1	2	coupled	0.017871150734486828	0.6392288104622785	caudate_sczd	M006		1.4919061641440825	1.007077669538425	2.2101413524850133	1.4607375132156473	0.04145860680532483	0.29589828451588807	True	True						False	False	True	KLHL35
22	ENSG00000071859	2	caudate_sczd,cerebellar_hemisphere	M003,M006	0.011826729967041393	1.4607375132156473	1.37916817902059	2	1	1	2	discordant	0.017871150734486828	0.6330530742303838	caudate_sczd	M006		1.4919061641440825	1.007077669538425	2.2101413524850133	1.4607375132156473	0.04145860680532483	0.29589828451588807	True	True						False	False	True	FAM50A
23	ENSG00000137834	2	caudate_sczd,cerebellar_hemisphere	M003,M006	0.011826729967041393	1.4607375132156473	1.37916817902059	2	1	1	2	discordant	0.017871150734486828	0.5005999782975372	caudate_sczd	M006		1.4919061641440825	1.007077669538425	2.2101413524850133	1.4607375132156473	0.04145860680532483	0.29589828451588807	True	True						False	False	True	SMAD6
24	ENSG00000246889	2	caudate_sczd,cerebellar_hemisphere	M003,M006	0.011826729967041393	1.4607375132156473	1.37916817902059	2	1	1	1	abundance_only,discordant	0.017871150734486828	0.4493410633665456	caudate_sczd	M006		1.4919061641440825	1.007077669538425	2.2101413524850133	1.4607375132156473	0.04145860680532483	0.29589828451588807	True	True						False	False	True	CTTN-DT
25	ENSG00000163463	1	caudate_sczd	M006	0.04145860680532483	1.4607375132156473	1.4607375132156473	1	1	1	1	switch_only	0.017871150734486828	0.8175067538073257	caudate_sczd	M006		1.4919061641440825	1.007077669538425	2.2101413524850133	1.4607375132156473	0.04145860680532483	0.29589828451588807	True	True						False	False	True	KRTCAP2
26	ENSG00000114648	1	caudate_sczd	M006	0.04145860680532483	1.4607375132156473	1.4607375132156473	1	1	1	1	switch_only	0.017871150734486828	0.8053248483127343	caudate_sczd	M006		1.4919061641440825	1.007077669538425	2.2101413524850133	1.4607375132156473	0.04145860680532483	0.29589828451588807	True	True						False	False	True	KLHL18
27	ENSG00000027847	1	caudate_sczd	M006	0.04145860680532483	1.4607375132156473	1.4607375132156473	1	1	1	1	discordant	0.017871150734486828	0.7867746569759323	caudate_sczd	M006		1.4919061641440825	1.007077669538425	2.2101413524850133	1.4607375132156473	0.04145860680532483	0.29589828451588807	True	True						False	False	True	B4GALT7
28	ENSG00000157350	1	caudate_sczd	M006	0.04145860680532483	1.4607375132156473	1.4607375132156473	1	1	1	1	switch_only	0.017871150734486828	0.7858260060454877	caudate_sczd	M006		1.4919061641440825	1.007077669538425	2.2101413524850133	1.4607375132156473	0.04145860680532483	0.29589828451588807	True	True						False	False	True	ST3GAL2
29	ENSG00000142409	1	caudate_sczd	M006	0.04145860680532483	1.4607375132156473	1.4607375132156473	1	1	1	1	discordant	0.017871150734486828	0.7792567495552768	caudate_sczd	M006		1.4919061641440825	1.007077669538425	2.2101413524850133	1.4607375132156473	0.04145860680532483	0.29589828451588807	True	True						False	False	True	ZNF787
30	ENSG00000110025	1	caudate_sczd	M006	0.04145860680532483	1.4607375132156473	1.4607375132156473	1	1	1	1	switch_only	0.017871150734486828	0.7690240528501602	caudate_sczd	M006		1.4919061641440825	1.007077669538425	2.2101413524850133	1.4607375132156473	0.04145860680532483	0.29589828451588807	True	True						False	False	True	SNX15
31	ENSG00000117480	1	caudate_sczd	M006	0.04145860680532483	1.4607375132156473	1.4607375132156473	1	1	1	1	discordant	0.017871150734486828	0.7676770793688835	caudate_sczd	M006		1.4919061641440825	1.007077669538425	2.2101413524850133	1.4607375132156473	0.04145860680532483	0.29589828451588807	True	True						False	False	True	FAAH
32	ENSG00000104946	1	caudate_sczd	M006	0.04145860680532483	1.4607375132156473	1.4607375132156473	1	1	1	1	discordant	0.017871150734486828	0.7539435984917343	caudate_sczd	M006		1.4919061641440825	1.007077669538425	2.2101413524850133	1.4607375132156473	0.04145860680532483	0.29589828451588807	True	True						False	False	True	TBC1D17
33	ENSG00000104774	1	caudate_sczd	M006	0.04145860680532483	1.4607375132156473	1.4607375132156473	1	1	1	1	discordant	0.017871150734486828	0.73659750289387	caudate_sczd	M006		1.4919061641440825	1.007077669538425	2.2101413524850133	1.4607375132156473	0.04145860680532483	0.29589828451588807	True	True						False	False	True	MAN2B1
34	ENSG00000104835	1	caudate_sczd	M006	0.04145860680532483	1.4607375132156473	1.4607375132156473	1	1	1	1	switch_only	0.017871150734486828	0.7182057025830669	caudate_sczd	M006		1.4919061641440825	1.007077669538425	2.2101413524850133	1.4607375132156473	0.04145860680532483	0.29589828451588807	True	True						False	False	True	SARS2
35	ENSG00000162909	1	caudate_sczd	M006	0.04145860680532483	1.4607375132156473	1.4607375132156473	1	1	1	1	discordant	0.017871150734486828	0.7081354197729802	caudate_sczd	M006		1.4919061641440825	1.007077669538425	2.2101413524850133	1.4607375132156473	0.04145860680532483	0.29589828451588807	True	True						False	False	True	CAPN2
36	ENSG00000168763	1	caudate_sczd	M006	0.04145860680532483	1.4607375132156473	1.4607375132156473	1	1	1	1	discordant	0.017871150734486828	0.6539784854478736	caudate_sczd	M006		1.4919061641440825	1.007077669538425	2.2101413524850133	1.4607375132156473	0.04145860680532483	0.29589828451588807	True	True						False	False	True	CNNM3
37	ENSG00000107317	1	caudate_sczd	M006	0.04145860680532483	1.4607375132156473	1.4607375132156473	1	1	1	1	discordant	0.017871150734486828	0.6456230783370024	caudate_sczd	M006		1.4919061641440825	1.007077669538425	2.2101413524850133	1.4607375132156473	0.04145860680532483	0.29589828451588807	True	True						False	False	True	PTGDS
38	ENSG00000219665	1	caudate_sczd	M006	0.04145860680532483	1.4607375132156473	1.4607375132156473	1	1	1	1	discordant	0.017871150734486828	0.6432366820729185	caudate_sczd	M006		1.4919061641440825	1.007077669538425	2.2101413524850133	1.4607375132156473	0.04145860680532483	0.29589828451588807	True	True						False	False	True	ZNF433-AS1
39	ENSG00000141934	1	caudate_sczd	M006	0.04145860680532483	1.4607375132156473	1.4607375132156473	1	1	1	1	discordant	0.017871150734486828	0.6406864504941391	caudate_sczd	M006		1.4919061641440825	1.007077669538425	2.2101413524850133	1.4607375132156473	0.04145860680532483	0.29589828451588807	True	True						False	False	True	PLPP2
40	ENSG00000103227	1	caudate_sczd	M006	0.04145860680532483	1.4607375132156473	1.4607375132156473	1	1	1	1	discordant	0.017871150734486828	0.6377127550493342	caudate_sczd	M006		1.4919061641440825	1.007077669538425	2.2101413524850133	1.4607375132156473	0.04145860680532483	0.29589828451588807	True	True	ALS	sQTL	0.0192852083986782	splicing (sQTL not resolved to switch pair)	splicing-unresolved	False	True	True	LMF1
41	ENSG00000168758	1	caudate_sczd	M006	0.04145860680532483	1.4607375132156473	1.4607375132156473	1	1	1	1	discordant	0.017871150734486828	0.6267237379193874	caudate_sczd	M006		1.4919061641440825	1.007077669538425	2.2101413524850133	1.4607375132156473	0.04145860680532483	0.29589828451588807	True	True						False	False	True	SEMA4C
42	ENSG00000118162	1	caudate_sczd	M006	0.04145860680532483	1.4607375132156473	1.4607375132156473	1	1	1	1	switch_only	0.017871150734486828	0.6252891877413131	caudate_sczd	M006		1.4919061641440825	1.007077669538425	2.2101413524850133	1.4607375132156473	0.04145860680532483	0.29589828451588807	True	True						False	False	True	KPTN
43	ENSG00000177666	1	caudate_sczd	M006	0.04145860680532483	1.4607375132156473	1.4607375132156473	1	1	1	1	discordant	0.017871150734486828	0.6182376510215114	caudate_sczd	M006		1.4919061641440825	1.007077669538425	2.2101413524850133	1.4607375132156473	0.04145860680532483	0.29589828451588807	True	True						False	False	True	PNPLA2
44	ENSG00000148384	1	caudate_sczd	M006	0.04145860680532483	1.4607375132156473	1.4607375132156473	1	1	1	1	discordant	0.017871150734486828	0.6176609235591404	caudate_sczd	M006		1.4919061641440825	1.007077669538425	2.2101413524850133	1.4607375132156473	0.04145860680532483	0.29589828451588807	True	True						False	False	True	INPP5E
45	ENSG00000158717	1	caudate_sczd	M006	0.04145860680532483	1.4607375132156473	1.4607375132156473	1	1	1	1	discordant	0.017871150734486828	0.6052446332855432	caudate_sczd	M006		1.4919061641440825	1.007077669538425	2.2101413524850133	1.4607375132156473	0.04145860680532483	0.29589828451588807	True	True						False	False	True	RNF166
46	ENSG00000179409	1	caudate_sczd	M006	0.04145860680532483	1.4607375132156473	1.4607375132156473	1	1	1	1	discordant	0.017871150734486828	0.5716140354196332	caudate_sczd	M006		1.4919061641440825	1.007077669538425	2.2101413524850133	1.4607375132156473	0.04145860680532483	0.29589828451588807	True	True						False	False	True	GEMIN4
47	ENSG00000250644	1	caudate_sczd	M006	0.04145860680532483	1.4607375132156473	1.4607375132156473	1	1	1	1	discordant	0.017871150734486828	0.5353456407970385	caudate_sczd	M006		1.4919061641440825	1.007077669538425	2.2101413524850133	1.4607375132156473	0.04145860680532483	0.29589828451588807	True	True						False	False	True	ENSG00000250644
48	ENSG00000044446	1	caudate_sczd	M006	0.04145860680532483	1.4607375132156473	1.4607375132156473	1	1	1	1	discordant	0.017871150734486828	0.5346878935518498	caudate_sczd	M006		1.4919061641440825	1.007077669538425	2.2101413524850133	1.4607375132156473	0.04145860680532483	0.29589828451588807	True	True						False	False	True	PHKA2
49	ENSG00000186166	1	caudate_sczd	M006	0.04145860680532483	1.4607375132156473	1.4607375132156473	1	1	1	1	discordant	0.017871150734486828	0.5291052201644296	caudate_sczd	M006		1.4919061641440825	1.007077669538425	2.2101413524850133	1.4607375132156473	0.04145860680532483	0.29589828451588807	True	True						False	False	True	CENATAC
50	ENSG00000070444	1	caudate_sczd	M006	0.04145860680532483	1.4607375132156473	1.4607375132156473	1	1	1	1	discordant	0.017871150734486828	0.528613184522293	caudate_sczd	M006		1.4919061641440825	1.007077669538425	2.2101413524850133	1.4607375132156473	0.04145860680532483	0.29589828451588807	True	True						False	False	True	MNT
51	ENSG00000213983	1	caudate_sczd	M006	0.04145860680532483	1.4607375132156473	1.4607375132156473	1	1	1	1	discordant	0.017871150734486828	0.5281479340897725	caudate_sczd	M006		1.4919061641440825	1.007077669538425	2.2101413524850133	1.4607375132156473	0.04145860680532483	0.29589828451588807	True	True						False	False	True	AP1G2
52	ENSG00000127511	1	caudate_sczd	M006	0.04145860680532483	1.4607375132156473	1.4607375132156473	1	1	1	1	discordant	0.017871150734486828	0.5256885074440711	caudate_sczd	M006		1.4919061641440825	1.007077669538425	2.2101413524850133	1.4607375132156473	0.04145860680532483	0.29589828451588807	True	True						False	False	True	SIN3B
53	ENSG00000092871	1	caudate_sczd	M006	0.04145860680532483	1.4607375132156473	1.4607375132156473	1	1	1	1	discordant	0.017871150734486828	0.5209227070536889	caudate_sczd	M006		1.4919061641440825	1.007077669538425	2.2101413524850133	1.4607375132156473	0.04145860680532483	0.29589828451588807	True	True						False	False	True	RFFL
54	ENSG00000174915	1	caudate_sczd	M006	0.04145860680532483	1.4607375132156473	1.4607375132156473	1	1	1	1	discordant	0.017871150734486828	0.4942244820762866	caudate_sczd	M006		1.4919061641440825	1.007077669538425	2.2101413524850133	1.4607375132156473	0.04145860680532483	0.29589828451588807	True	True						False	False	True	PTDSS2
55	ENSG00000198917	1	caudate_sczd	M006	0.04145860680532483	1.4607375132156473	1.4607375132156473	1	1	1	1	discordant	0.017871150734486828	0.42052499943746346	caudate_sczd	M006		1.4919061641440825	1.007077669538425	2.2101413524850133	1.4607375132156473	0.04145860680532483	0.29589828451588807	True	True						False	False	True	SPOUT1
56	ENSG00000147113	1	caudate_sczd	M006	0.04145860680532483	1.4607375132156473	1.4607375132156473	1	1	1	1	discordant	0.017871150734486828	0.4051389343621832	caudate_sczd	M006		1.4919061641440825	1.007077669538425	2.2101413524850133	1.4607375132156473	0.04145860680532483	0.29589828451588807	True	True						False	False	True	DIPK2B
57	ENSG00000124074	1	caudate_sczd	M006	0.04145860680532483	1.4607375132156473	1.4607375132156473	1	1	1	1	discordant	0.017871150734486828	0.38772111936053205	caudate_sczd	M006		1.4919061641440825	1.007077669538425	2.2101413524850133	1.4607375132156473	0.04145860680532483	0.29589828451588807	True	True						False	False	True	ENKD1
58	ENSG00000135587	1	caudate_sczd	M006	0.04145860680532483	1.4607375132156473	1.4607375132156473	1	1	1	1	discordant	0.017871150734486828	0.3776991145848649	caudate_sczd	M006		1.4919061641440825	1.007077669538425	2.2101413524850133	1.4607375132156473	0.04145860680532483	0.29589828451588807	True	True						False	False	True	SMPD2
59	ENSG00000264575	1	caudate_sczd	M006	0.04145860680532483	1.4607375132156473	1.4607375132156473	1	1	1	1	switch_only	0.017871150734486828	0.349010014183222	caudate_sczd	M006		1.4919061641440825	1.007077669538425	2.2101413524850133	1.4607375132156473	0.04145860680532483	0.29589828451588807	True	True						False	False	True	LINC00526
60	ENSG00000058335	1	caudate_sczd	M006	0.04145860680532483	1.4607375132156473	1.4607375132156473	1	1	1	1	discordant	0.017871150734486828	0.3278994319600997	caudate_sczd	M006		1.4919061641440825	1.007077669538425	2.2101413524850133	1.4607375132156473	0.04145860680532483	0.29589828451588807	True	True						False	False	True	RASGRF1
61	ENSG00000102030	2	cerebellar_hemisphere,frontal_cortex_ba9	M002,M003	0.011687272847475314	1.297598844825533	1.2956449968007138	2	1	0	2	discordant	0.029361098554400673	0.8065808836575785	frontal_cortex_ba9	M002	supramolecular fiber organization, cell migration, actin cytoskeleton organization	1.0804540811610523	0.8583973872513192	1.35995407119732	1.2936911487758946	0.011687272847475314	0.816595205413209	True	False						False	False	True	NAA10
62	ENSG00000100505	2	cerebellar_hemisphere,frontal_cortex_ba9	M002,M003	0.011687272847475314	1.297598844825533	1.2956449968007138	2	1	0	1	abundance_only,discordant	0.029361098554400673	0.7513903943240587	frontal_cortex_ba9	M002	supramolecular fiber organization, cell migration, actin cytoskeleton organization	1.0804540811610523	0.8583973872513192	1.35995407119732	1.2936911487758946	0.011687272847475314	0.816595205413209	True	False						False	False	True	TRIM9
63	ENSG00000100379	2	cerebellar_hemisphere,frontal_cortex_ba9	M002,M003	0.011687272847475314	1.297598844825533	1.2956449968007138	2	1	0	2	discordant	0.029361098554400673	0.6829180070832804	frontal_cortex_ba9	M002	supramolecular fiber organization, cell migration, actin cytoskeleton organization	1.0804540811610523	0.8583973872513192	1.35995407119732	1.2936911487758946	0.011687272847475314	0.816595205413209	True	False						False	False	True	KCTD17
64	ENSG00000141873	2	cerebellar_hemisphere,frontal_cortex_ba9	M002,M003	0.011687272847475314	1.297598844825533	1.2956449968007138	2	1	0	2	coupled,discordant	0.029361098554400673	0.5692841436246144	frontal_cortex_ba9	M002	supramolecular fiber organization, cell migration, actin cytoskeleton organization	1.0804540811610523	0.8583973872513192	1.35995407119732	1.2936911487758946	0.011687272847475314	0.816595205413209	True	False						False	False	True	SLC39A3
65	ENSG00000006015	2	cerebellar_hemisphere,frontal_cortex_ba9	M002,M003	0.011687272847475314	1.297598844825533	1.2956449968007138	2	1	0	1	abundance_only,discordant	0.029361098554400673	0.5545670375531251	frontal_cortex_ba9	M002	supramolecular fiber organization, cell migration, actin cytoskeleton organization	1.0804540811610523	0.8583973872513192	1.35995407119732	1.2936911487758946	0.011687272847475314	0.816595205413209	True	False						False	False	True	REX1BD
66	ENSG00000070010	2	cerebellar_hemisphere,frontal_cortex_ba9	M002,M003	0.011687272847475314	1.297598844825533	1.2956449968007138	2	1	0	2	discordant,switch_only	0.029361098554400673	0.47511493204197597	frontal_cortex_ba9	M002	supramolecular fiber organization, cell migration, actin cytoskeleton organization	1.0804540811610523	0.8583973872513192	1.35995407119732	1.2936911487758946	0.011687272847475314	0.816595205413209	True	False						False	False	True	UFD1
67	ENSG00000137216	2	cerebellar_hemisphere,frontal_cortex_ba9	M002,M003	0.011687272847475314	1.297598844825533	1.2956449968007138	2	1	0	1	abundance_only,discordant	0.029361098554400673	0.4160167692956632	frontal_cortex_ba9	M002	supramolecular fiber organization, cell migration, actin cytoskeleton organization	1.0804540811610523	0.8583973872513192	1.35995407119732	1.2936911487758946	0.011687272847475314	0.816595205413209	True	False						False	False	True	TMEM63B
68	ENSG00000257727	2	cerebellar_hemisphere,frontal_cortex_ba9	M002,M003	0.011687272847475314	1.297598844825533	1.2956449968007138	2	1	0	0	abundance_only	0.029361098554400673	0.15969290769645905	frontal_cortex_ba9	M002	supramolecular fiber organization, cell migration, actin cytoskeleton organization	1.0804540811610523	0.8583973872513192	1.35995407119732	1.2936911487758946	0.011687272847475314	0.816595205413209	True	False						False	False	True	CNPY2
69	ENSG00000176381	2	cerebellar_hemisphere,frontal_cortex_ba9	M002,M003	0.011687272847475314	1.297598844825533	1.2956449968007138	2	1	0	0	abundance_only,inactive	0.029361098554400673		frontal_cortex_ba9	M002	supramolecular fiber organization, cell migration, actin cytoskeleton organization	1.0804540811610523	0.8583973872513192	1.35995407119732	1.2936911487758946	0.011687272847475314	0.816595205413209	True	False						False	False	True	PRR18
70	ENSG00000163812	1	frontal_cortex_ba9	M002	0.011687272847475314	1.2936911487758946	1.2936911487758946	1	1	0	1	discordant	0.029361098554400673	0.9422157687987138	frontal_cortex_ba9	M002	supramolecular fiber organization, cell migration, actin cytoskeleton organization	1.0804540811610523	0.8583973872513192	1.35995407119732	1.2936911487758946	0.011687272847475314	0.816595205413209	True	False						False	False	True	ZDHHC3
71	ENSG00000113758	1	frontal_cortex_ba9	M002	0.011687272847475314	1.2936911487758946	1.2936911487758946	1	1	0	1	discordant	0.029361098554400673	0.9022571919826448	frontal_cortex_ba9	M002	supramolecular fiber organization, cell migration, actin cytoskeleton organization	1.0804540811610523	0.8583973872513192	1.35995407119732	1.2936911487758946	0.011687272847475314	0.816595205413209	True	False						False	False	True	DBN1
72	ENSG00000007047	1	frontal_cortex_ba9	M002	0.011687272847475314	1.2936911487758946	1.2936911487758946	1	1	0	1	discordant	0.029361098554400673	0.8918850308897586	frontal_cortex_ba9	M002	supramolecular fiber organization, cell migration, actin cytoskeleton organization	1.0804540811610523	0.8583973872513192	1.35995407119732	1.2936911487758946	0.011687272847475314	0.816595205413209	True	False						False	False	True	MARK4
73	ENSG00000158806	1	frontal_cortex_ba9	M002	0.011687272847475314	1.2936911487758946	1.2936911487758946	1	1	0	1	discordant	0.029361098554400673	0.8116160996798921	frontal_cortex_ba9	M002	supramolecular fiber organization, cell migration, actin cytoskeleton organization	1.0804540811610523	0.8583973872513192	1.35995407119732	1.2936911487758946	0.011687272847475314	0.816595205413209	True	False						False	False	True	NPM2
74	ENSG00000115255	1	frontal_cortex_ba9	M002	0.011687272847475314	1.2936911487758946	1.2936911487758946	1	1	0	1	switch_only	0.029361098554400673	0.7974357348649903	frontal_cortex_ba9	M002	supramolecular fiber organization, cell migration, actin cytoskeleton organization	1.0804540811610523	0.8583973872513192	1.35995407119732	1.2936911487758946	0.011687272847475314	0.816595205413209	True	False						False	False	True	REEP6
75	ENSG00000130005	1	frontal_cortex_ba9	M002	0.011687272847475314	1.2936911487758946	1.2936911487758946	1	1	0	1	discordant	0.029361098554400673	0.7940431069888793	frontal_cortex_ba9	M002	supramolecular fiber organization, cell migration, actin cytoskeleton organization	1.0804540811610523	0.8583973872513192	1.35995407119732	1.2936911487758946	0.011687272847475314	0.816595205413209	True	False						False	False	True	GAMT
76	ENSG00000142459	1	frontal_cortex_ba9	M002	0.011687272847475314	1.2936911487758946	1.2936911487758946	1	1	0	1	discordant	0.029361098554400673	0.7911725570902334	frontal_cortex_ba9	M002	supramolecular fiber organization, cell migration, actin cytoskeleton organization	1.0804540811610523	0.8583973872513192	1.35995407119732	1.2936911487758946	0.011687272847475314	0.816595205413209	True	False						False	False	True	EVI5L
77	ENSG00000160959	1	frontal_cortex_ba9	M002	0.011687272847475314	1.2936911487758946	1.2936911487758946	1	1	0	1	discordant	0.029361098554400673	0.7876362530785327	frontal_cortex_ba9	M002	supramolecular fiber organization, cell migration, actin cytoskeleton organization	1.0804540811610523	0.8583973872513192	1.35995407119732	1.2936911487758946	0.011687272847475314	0.816595205413209	True	False						False	False	True	LRRC14
78	ENSG00000130733	1	frontal_cortex_ba9	M002	0.011687272847475314	1.2936911487758946	1.2936911487758946	1	1	0	1	discordant	0.029361098554400673	0.7633722486826587	frontal_cortex_ba9	M002	supramolecular fiber organization, cell migration, actin cytoskeleton organization	1.0804540811610523	0.8583973872513192	1.35995407119732	1.2936911487758946	0.011687272847475314	0.816595205413209	True	False						False	False	True	YIPF2
79	ENSG00000107872	1	frontal_cortex_ba9	M002	0.011687272847475314	1.2936911487758946	1.2936911487758946	1	1	0	1	discordant	0.029361098554400673	0.7558928380750521	frontal_cortex_ba9	M002	supramolecular fiber organization, cell migration, actin cytoskeleton organization	1.0804540811610523	0.8583973872513192	1.35995407119732	1.2936911487758946	0.011687272847475314	0.816595205413209	True	False	SCZ	eQTL	0.0244488508403903	expression-led (eQTL gene-level)	expression-led	False	True	True	FBXL15
80	ENSG00000133265	1	frontal_cortex_ba9	M002	0.011687272847475314	1.2936911487758946	1.2936911487758946	1	1	0	1	discordant	0.029361098554400673	0.7096271573493368	frontal_cortex_ba9	M002	supramolecular fiber organization, cell migration, actin cytoskeleton organization	1.0804540811610523	0.8583973872513192	1.35995407119732	1.2936911487758946	0.011687272847475314	0.816595205413209	True	False						False	False	True	HSPBP1
81	ENSG00000198910	1	frontal_cortex_ba9	M002	0.011687272847475314	1.2936911487758946	1.2936911487758946	1	1	0	1	discordant	0.029361098554400673	0.6910283592555484	frontal_cortex_ba9	M002	supramolecular fiber organization, cell migration, actin cytoskeleton organization	1.0804540811610523	0.8583973872513192	1.35995407119732	1.2936911487758946	0.011687272847475314	0.816595205413209	True	False						False	False	True	L1CAM
82	ENSG00000117143	1	frontal_cortex_ba9	M002	0.011687272847475314	1.2936911487758946	1.2936911487758946	1	1	0	1	discordant	0.029361098554400673	0.6854429542532775	frontal_cortex_ba9	M002	supramolecular fiber organization, cell migration, actin cytoskeleton organization	1.0804540811610523	0.8583973872513192	1.35995407119732	1.2936911487758946	0.011687272847475314	0.816595205413209	True	False						False	False	True	UAP1
83	ENSG00000258986	1	frontal_cortex_ba9	M002	0.011687272847475314	1.2936911487758946	1.2936911487758946	1	1	0	1	discordant	0.029361098554400673	0.6831938698621888	frontal_cortex_ba9	M002	supramolecular fiber organization, cell migration, actin cytoskeleton organization	1.0804540811610523	0.8583973872513192	1.35995407119732	1.2936911487758946	0.011687272847475314	0.816595205413209	True	False						False	False	True	TMEM179
84	ENSG00000063241	1	frontal_cortex_ba9	M002	0.011687272847475314	1.2936911487758946	1.2936911487758946	1	1	0	1	discordant	0.029361098554400673	0.6539395889336644	frontal_cortex_ba9	M002	supramolecular fiber organization, cell migration, actin cytoskeleton organization	1.0804540811610523	0.8583973872513192	1.35995407119732	1.2936911487758946	0.011687272847475314	0.816595205413209	True	False						False	False	True	ISOC2
85	ENSG00000166780	1	frontal_cortex_ba9	M002	0.011687272847475314	1.2936911487758946	1.2936911487758946	1	1	0	1	discordant	0.029361098554400673	0.650561023454994	frontal_cortex_ba9	M002	supramolecular fiber organization, cell migration, actin cytoskeleton organization	1.0804540811610523	0.8583973872513192	1.35995407119732	1.2936911487758946	0.011687272847475314	0.816595205413209	True	False						False	False	True	BMERB1
86	ENSG00000147144	1	frontal_cortex_ba9	M002	0.011687272847475314	1.2936911487758946	1.2936911487758946	1	1	0	1	discordant	0.029361098554400673	0.6358282861781038	frontal_cortex_ba9	M002	supramolecular fiber organization, cell migration, actin cytoskeleton organization	1.0804540811610523	0.8583973872513192	1.35995407119732	1.2936911487758946	0.011687272847475314	0.816595205413209	True	False						False	False	True	CCDC120
87	ENSG00000158604	1	frontal_cortex_ba9	M002	0.011687272847475314	1.2936911487758946	1.2936911487758946	1	1	0	1	discordant	0.029361098554400673	0.6134237997847435	frontal_cortex_ba9	M002	supramolecular fiber organization, cell migration, actin cytoskeleton organization	1.0804540811610523	0.8583973872513192	1.35995407119732	1.2936911487758946	0.011687272847475314	0.816595205413209	True	False	SCZ	eQTL,sQTL	0.0586208334092142	splicing (sQTL not resolved to switch pair)	splicing-unresolved	False	True	True	TMED4
88	ENSG00000139725	1	frontal_cortex_ba9	M002	0.011687272847475314	1.2936911487758946	1.2936911487758946	1	1	0	1	discordant	0.029361098554400673	0.5760404818791343	frontal_cortex_ba9	M002	supramolecular fiber organization, cell migration, actin cytoskeleton organization	1.0804540811610523	0.8583973872513192	1.35995407119732	1.2936911487758946	0.011687272847475314	0.816595205413209	True	False						False	False	True	RHOF
89	ENSG00000115457	1	frontal_cortex_ba9	M002	0.011687272847475314	1.2936911487758946	1.2936911487758946	1	1	0	1	discordant	0.029361098554400673	0.5590935496193931	frontal_cortex_ba9	M002	supramolecular fiber organization, cell migration, actin cytoskeleton organization	1.0804540811610523	0.8583973872513192	1.35995407119732	1.2936911487758946	0.011687272847475314	0.816595205413209	True	False						False	False	True	IGFBP2
90	ENSG00000133315	1	frontal_cortex_ba9	M002	0.011687272847475314	1.2936911487758946	1.2936911487758946	1	1	0	1	switch_only	0.029361098554400673	0.5432722051664498	frontal_cortex_ba9	M002	supramolecular fiber organization, cell migration, actin cytoskeleton organization	1.0804540811610523	0.8583973872513192	1.35995407119732	1.2936911487758946	0.011687272847475314	0.816595205413209	True	False						False	False	True	MACROD1
91	ENSG00000099624	1	frontal_cortex_ba9	M002	0.011687272847475314	1.2936911487758946	1.2936911487758946	1	1	0	1	discordant	0.029361098554400673	0.5276563255489913	frontal_cortex_ba9	M002	supramolecular fiber organization, cell migration, actin cytoskeleton organization	1.0804540811610523	0.8583973872513192	1.35995407119732	1.2936911487758946	0.011687272847475314	0.816595205413209	True	False						False	False	True	ATP5F1D
92	ENSG00000101940	1	frontal_cortex_ba9	M002	0.011687272847475314	1.2936911487758946	1.2936911487758946	1	1	0	1	discordant	0.029361098554400673	0.5252859088740442	frontal_cortex_ba9	M002	supramolecular fiber organization, cell migration, actin cytoskeleton organization	1.0804540811610523	0.8583973872513192	1.35995407119732	1.2936911487758946	0.011687272847475314	0.816595205413209	True	False						False	False	True	WDR13
93	ENSG00000099797	1	frontal_cortex_ba9	M002	0.011687272847475314	1.2936911487758946	1.2936911487758946	1	1	0	1	switch_only	0.029361098554400673	0.5086276845993923	frontal_cortex_ba9	M002	supramolecular fiber organization, cell migration, actin cytoskeleton organization	1.0804540811610523	0.8583973872513192	1.35995407119732	1.2936911487758946	0.011687272847475314	0.816595205413209	True	False						False	False	True	TECR
94	ENSG00000133466	1	frontal_cortex_ba9	M002	0.011687272847475314	1.2936911487758946	1.2936911487758946	1	1	0	1	coupled	0.029361098554400673	0.5039154390120103	frontal_cortex_ba9	M002	supramolecular fiber organization, cell migration, actin cytoskeleton organization	1.0804540811610523	0.8583973872513192	1.35995407119732	1.2936911487758946	0.011687272847475314	0.816595205413209	True	False						False	False	True	C1QTNF6
95	ENSG00000277215	1	frontal_cortex_ba9	M002	0.011687272847475314	1.2936911487758946	1.2936911487758946	1	1	0	1	discordant	0.029361098554400673	0.5005400332385824	frontal_cortex_ba9	M002	supramolecular fiber organization, cell migration, actin cytoskeleton organization	1.0804540811610523	0.8583973872513192	1.35995407119732	1.2936911487758946	0.011687272847475314	0.816595205413209	True	False						False	False	True	SPANXA2-OT1
96	ENSG00000132563	1	frontal_cortex_ba9	M002	0.011687272847475314	1.2936911487758946	1.2936911487758946	1	1	0	1	discordant	0.029361098554400673	0.4923336164201827	frontal_cortex_ba9	M002	supramolecular fiber organization, cell migration, actin cytoskeleton organization	1.0804540811610523	0.8583973872513192	1.35995407119732	1.2936911487758946	0.011687272847475314	0.816595205413209	True	False						False	False	True	REEP2
97	ENSG00000132819	1	frontal_cortex_ba9	M002	0.011687272847475314	1.2936911487758946	1.2936911487758946	1	1	0	1	discordant	0.029361098554400673	0.47445065762236405	frontal_cortex_ba9	M002	supramolecular fiber organization, cell migration, actin cytoskeleton organization	1.0804540811610523	0.8583973872513192	1.35995407119732	1.2936911487758946	0.011687272847475314	0.816595205413209	True	False						False	False	True	RBM38
98	ENSG00000164051	1	frontal_cortex_ba9	M002	0.011687272847475314	1.2936911487758946	1.2936911487758946	1	1	0	1	discordant	0.029361098554400673	0.47374184129475755	frontal_cortex_ba9	M002	supramolecular fiber organization, cell migration, actin cytoskeleton organization	1.0804540811610523	0.8583973872513192	1.35995407119732	1.2936911487758946	0.011687272847475314	0.816595205413209	True	False						False	False	True	CCDC51
99	ENSG00000100949	1	frontal_cortex_ba9	M002	0.011687272847475314	1.2936911487758946	1.2936911487758946	1	1	0	1	discordant	0.029361098554400673	0.47351313215497237	frontal_cortex_ba9	M002	supramolecular fiber organization, cell migration, actin cytoskeleton organization	1.0804540811610523	0.8583973872513192	1.35995407119732	1.2936911487758946	0.011687272847475314	0.816595205413209	True	False						False	False	True	RABGGTA
100	ENSG00000215241	1	frontal_cortex_ba9	M002	0.011687272847475314	1.2936911487758946	1.2936911487758946	1	1	0	1	discordant	0.029361098554400673	0.4720448138414599	frontal_cortex_ba9	M002	supramolecular fiber organization, cell migration, actin cytoskeleton organization	1.0804540811610523	0.8583973872513192	1.35995407119732	1.2936911487758946	0.011687272847475314	0.816595205413209	True	False						False	False	True	LINC02449
101	ENSG00000175766	1	frontal_cortex_ba9	M002	0.011687272847475314	1.2936911487758946	1.2936911487758946	1	1	0	1	discordant	0.029361098554400673	0.4596651392160005	frontal_cortex_ba9	M002	supramolecular fiber organization, cell migration, actin cytoskeleton organization	1.0804540811610523	0.8583973872513192	1.35995407119732	1.2936911487758946	0.011687272847475314	0.816595205413209	True	False						False	False	True	EIF4E1B
102	ENSG00000105321	1	frontal_cortex_ba9	M002	0.011687272847475314	1.2936911487758946	1.2936911487758946	1	1	0	1	switch_only	0.029361098554400673	0.44373629444624446	frontal_cortex_ba9	M002	supramolecular fiber organization, cell migration, actin cytoskeleton organization	1.0804540811610523	0.8583973872513192	1.35995407119732	1.2936911487758946	0.011687272847475314	0.816595205413209	True	False						False	False	True	CCDC9
103	ENSG00000185347	1	frontal_cortex_ba9	M002	0.011687272847475314	1.2936911487758946	1.2936911487758946	1	1	0	1	discordant	0.029361098554400673	0.4260242953626854	frontal_cortex_ba9	M002	supramolecular fiber organization, cell migration, actin cytoskeleton organization	1.0804540811610523	0.8583973872513192	1.35995407119732	1.2936911487758946	0.011687272847475314	0.816595205413209	True	False						False	False	True	TEDC1
104	ENSG00000143486	1	frontal_cortex_ba9	M002	0.011687272847475314	1.2936911487758946	1.2936911487758946	1	1	0	1	switch_only	0.029361098554400673	0.42536299278958994	frontal_cortex_ba9	M002	supramolecular fiber organization, cell migration, actin cytoskeleton organization	1.0804540811610523	0.8583973872513192	1.35995407119732	1.2936911487758946	0.011687272847475314	0.816595205413209	True	False						False	False	True	EIF2D
105	ENSG00000167994	1	frontal_cortex_ba9	M002	0.011687272847475314	1.2936911487758946	1.2936911487758946	1	1	0	1	discordant	0.029361098554400673	0.4252546874259743	frontal_cortex_ba9	M002	supramolecular fiber organization, cell migration, actin cytoskeleton organization	1.0804540811610523	0.8583973872513192	1.35995407119732	1.2936911487758946	0.011687272847475314	0.816595205413209	True	False						False	False	True	RAB3IL1
106	ENSG00000125967	1	frontal_cortex_ba9	M002	0.011687272847475314	1.2936911487758946	1.2936911487758946	1	1	0	1	discordant	0.029361098554400673	0.4201677272449193	frontal_cortex_ba9	M002	supramolecular fiber organization, cell migration, actin cytoskeleton organization	1.0804540811610523	0.8583973872513192	1.35995407119732	1.2936911487758946	0.011687272847475314	0.816595205413209	True	False						False	False	True	NECAB3
107	ENSG00000285043	1	frontal_cortex_ba9	M002	0.011687272847475314	1.2936911487758946	1.2936911487758946	1	1	0	1	discordant	0.029361098554400673	0.4083167988772517	frontal_cortex_ba9	M002	supramolecular fiber organization, cell migration, actin cytoskeleton organization	1.0804540811610523	0.8583973872513192	1.35995407119732	1.2936911487758946	0.011687272847475314	0.816595205413209	True	False						False	False	True	ENSG00000285043
108	ENSG00000083535	1	frontal_cortex_ba9	M002	0.011687272847475314	1.2936911487758946	1.2936911487758946	1	1	0	1	switch_only	0.029361098554400673	0.40015048708284423	frontal_cortex_ba9	M002	supramolecular fiber organization, cell migration, actin cytoskeleton organization	1.0804540811610523	0.8583973872513192	1.35995407119732	1.2936911487758946	0.011687272847475314	0.816595205413209	True	False						False	False	True	PIBF1
109	ENSG00000244607	1	frontal_cortex_ba9	M002	0.011687272847475314	1.2936911487758946	1.2936911487758946	1	1	0	1	coupled	0.029361098554400673	0.3868554308355322	frontal_cortex_ba9	M002	supramolecular fiber organization, cell migration, actin cytoskeleton organization	1.0804540811610523	0.8583973872513192	1.35995407119732	1.2936911487758946	0.011687272847475314	0.816595205413209	True	False						False	False	True	CCDC13
110	ENSG00000181404	1	frontal_cortex_ba9	M002	0.011687272847475314	1.2936911487758946	1.2936911487758946	1	1	0	1	discordant	0.029361098554400673	0.37731735675670136	frontal_cortex_ba9	M002	supramolecular fiber organization, cell migration, actin cytoskeleton organization	1.0804540811610523	0.8583973872513192	1.35995407119732	1.2936911487758946	0.011687272847475314	0.816595205413209	True	False						False	False	True	WASHC1
111	ENSG00000136883	1	frontal_cortex_ba9	M002	0.011687272847475314	1.2936911487758946	1.2936911487758946	1	1	0	1	discordant	0.029361098554400673	0.374185453028812	frontal_cortex_ba9	M002	supramolecular fiber organization, cell migration, actin cytoskeleton organization	1.0804540811610523	0.8583973872513192	1.35995407119732	1.2936911487758946	0.011687272847475314	0.816595205413209	True	False						False	False	True	KIF12
112	ENSG00000019485	1	frontal_cortex_ba9	M002	0.011687272847475314	1.2936911487758946	1.2936911487758946	1	1	0	1	discordant	0.029361098554400673	0.3435571759468636	frontal_cortex_ba9	M002	supramolecular fiber organization, cell migration, actin cytoskeleton organization	1.0804540811610523	0.8583973872513192	1.35995407119732	1.2936911487758946	0.011687272847475314	0.816595205413209	True	False						False	False	True	PRDM11
113	ENSG00000277758	1	frontal_cortex_ba9	M002	0.011687272847475314	1.2936911487758946	1.2936911487758946	1	1	0	1	discordant	0.029361098554400673	0.3372679154876053	frontal_cortex_ba9	M002	supramolecular fiber organization, cell migration, actin cytoskeleton organization	1.0804540811610523	0.8583973872513192	1.35995407119732	1.2936911487758946	0.011687272847475314	0.816595205413209	True	False						False	False	True	SYT15B
114	ENSG00000076944	1	frontal_cortex_ba9	M002	0.011687272847475314	1.2936911487758946	1.2936911487758946	1	1	0	1	coupled	0.029361098554400673	0.33568450845198405	frontal_cortex_ba9	M002	supramolecular fiber organization, cell migration, actin cytoskeleton organization	1.0804540811610523	0.8583973872513192	1.35995407119732	1.2936911487758946	0.011687272847475314	0.816595205413209	True	False						False	False	True	STXBP2
115	ENSG00000196357	1	frontal_cortex_ba9	M002	0.011687272847475314	1.2936911487758946	1.2936911487758946	1	1	0	1	switch_only	0.029361098554400673	0.3307651577590053	frontal_cortex_ba9	M002	supramolecular fiber organization, cell migration, actin cytoskeleton organization	1.0804540811610523	0.8583973872513192	1.35995407119732	1.2936911487758946	0.011687272847475314	0.816595205413209	True	False						False	False	True	ZNF565
116	ENSG00000179698	1	frontal_cortex_ba9	M002	0.011687272847475314	1.2936911487758946	1.2936911487758946	1	1	0	1	discordant	0.029361098554400673	0.30662475495342456	frontal_cortex_ba9	M002	supramolecular fiber organization, cell migration, actin cytoskeleton organization	1.0804540811610523	0.8583973872513192	1.35995407119732	1.2936911487758946	0.011687272847475314	0.816595205413209	True	False						False	False	True	WDR97
117	ENSG00000156463	1	frontal_cortex_ba9	M002	0.011687272847475314	1.2936911487758946	1.2936911487758946	1	1	0	1	discordant	0.029361098554400673	0.30434079291441585	frontal_cortex_ba9	M002	supramolecular fiber organization, cell migration, actin cytoskeleton organization	1.0804540811610523	0.8583973872513192	1.35995407119732	1.2936911487758946	0.011687272847475314	0.816595205413209	True	False						False	False	True	SH3RF2
118	ENSG00000198467	1	frontal_cortex_ba9	M002	0.011687272847475314	1.2936911487758946	1.2936911487758946	1	1	0	1	switch_only	0.029361098554400673	0.2717878686930176	frontal_cortex_ba9	M002	supramolecular fiber organization, cell migration, actin cytoskeleton organization	1.0804540811610523	0.8583973872513192	1.35995407119732	1.2936911487758946	0.011687272847475314	0.816595205413209	True	False						False	False	True	TPM2
119	ENSG00000180104	1	frontal_cortex_ba9	M002	0.011687272847475314	1.2936911487758946	1.2936911487758946	1	1	0	1	discordant	0.029361098554400673	0.26248247043982514	frontal_cortex_ba9	M002	supramolecular fiber organization, cell migration, actin cytoskeleton organization	1.0804540811610523	0.8583973872513192	1.35995407119732	1.2936911487758946	0.011687272847475314	0.816595205413209	True	False						False	False	True	EXOC3
120	ENSG00000237159	1	frontal_cortex_ba9	M002	0.011687272847475314	1.2936911487758946	1.2936911487758946	1	1	0	1	discordant	0.029361098554400673	0.2621081916577586	frontal_cortex_ba9	M002	supramolecular fiber organization, cell migration, actin cytoskeleton organization	1.0804540811610523	0.8583973872513192	1.35995407119732	1.2936911487758946	0.011687272847475314	0.816595205413209	True	False						False	False	True	CNTFR-AS1
121	ENSG00000290696	1	frontal_cortex_ba9	M002	0.011687272847475314	1.2936911487758946	1.2936911487758946	1	1	0	1	discordant	0.029361098554400673	0.24418374463134576	frontal_cortex_ba9	M002	supramolecular fiber organization, cell migration, actin cytoskeleton organization	1.0804540811610523	0.8583973872513192	1.35995407119732	1.2936911487758946	0.011687272847475314	0.816595205413209	True	False						False	False	True	POM121L9P
122	ENSG00000267082	1	frontal_cortex_ba9	M002	0.011687272847475314	1.2936911487758946	1.2936911487758946	1	1	0	1	discordant	0.029361098554400673	0.23547485308884378	frontal_cortex_ba9	M002	supramolecular fiber organization, cell migration, actin cytoskeleton organization	1.0804540811610523	0.8583973872513192	1.35995407119732	1.2936911487758946	0.011687272847475314	0.816595205413209	True	False						False	False	True	DOCK6-AS1
123	ENSG00000270111	1	frontal_cortex_ba9	M002	0.011687272847475314	1.2936911487758946	1.2936911487758946	1	1	0	1	discordant	0.029361098554400673	0.22620544688218208	frontal_cortex_ba9	M002	supramolecular fiber organization, cell migration, actin cytoskeleton organization	1.0804540811610523	0.8583973872513192	1.35995407119732	1.2936911487758946	0.011687272847475314	0.816595205413209	True	False						False	False	True	CELF2-DT
124	ENSG00000103260	1	frontal_cortex_ba9	M002	0.011687272847475314	1.2936911487758946	1.2936911487758946	1	1	0	1	discordant	0.029361098554400673	0.21816777087526482	frontal_cortex_ba9	M002	supramolecular fiber organization, cell migration, actin cytoskeleton organization	1.0804540811610523	0.8583973872513192	1.35995407119732	1.2936911487758946	0.011687272847475314	0.816595205413209	True	False						False	False	True	METRN
125	ENSG00000255618	1	frontal_cortex_ba9	M002	0.011687272847475314	1.2936911487758946	1.2936911487758946	1	1	0	1	discordant	0.029361098554400673	0.20390774363249647	frontal_cortex_ba9	M002	supramolecular fiber organization, cell migration, actin cytoskeleton organization	1.0804540811610523	0.8583973872513192	1.35995407119732	1.2936911487758946	0.011687272847475314	0.816595205413209	True	False						False	False	True	LINC02440
126	ENSG00000107281	1	frontal_cortex_ba9	M002	0.011687272847475314	1.2936911487758946	1.2936911487758946	1	1	0	0	abundance_only	0.029361098554400673	0.17552370842885284	frontal_cortex_ba9	M002	supramolecular fiber organization, cell migration, actin cytoskeleton organization	1.0804540811610523	0.8583973872513192	1.35995407119732	1.2936911487758946	0.011687272847475314	0.816595205413209	True	False						False	False	True	NPDC1
127	ENSG00000273265	1	frontal_cortex_ba9	M002	0.011687272847475314	1.2936911487758946	1.2936911487758946	1	1	0	0	abundance_only	0.029361098554400673	0.16972777377767784	frontal_cortex_ba9	M002	supramolecular fiber organization, cell migration, actin cytoskeleton organization	1.0804540811610523	0.8583973872513192	1.35995407119732	1.2936911487758946	0.011687272847475314	0.816595205413209	True	False						False	False	True	CNNM3-DT
128	ENSG00000171840	1	frontal_cortex_ba9	M002	0.011687272847475314	1.2936911487758946	1.2936911487758946	1	1	0	0	abundance_only	0.029361098554400673	0.15911084690718783	frontal_cortex_ba9	M002	supramolecular fiber organization, cell migration, actin cytoskeleton organization	1.0804540811610523	0.8583973872513192	1.35995407119732	1.2936911487758946	0.011687272847475314	0.816595205413209	True	False						False	False	True	NINJ2
129	ENSG00000037280	1	frontal_cortex_ba9	M002	0.011687272847475314	1.2936911487758946	1.2936911487758946	1	1	0	0	abundance_only	0.029361098554400673	0.158265261309803	frontal_cortex_ba9	M002	supramolecular fiber organization, cell migration, actin cytoskeleton organization	1.0804540811610523	0.8583973872513192	1.35995407119732	1.2936911487758946	0.011687272847475314	0.816595205413209	True	False						False	False	True	FLT4
130	ENSG00000095906	1	frontal_cortex_ba9	M002	0.011687272847475314	1.2936911487758946	1.2936911487758946	1	1	0	0	inactive	0.029361098554400673	0.14421994602404825	frontal_cortex_ba9	M002	supramolecular fiber organization, cell migration, actin cytoskeleton organization	1.0804540811610523	0.8583973872513192	1.35995407119732	1.2936911487758946	0.011687272847475314	0.816595205413209	True	False						False	False	True	NUBP2
131	ENSG00000070404	1	frontal_cortex_ba9	M002	0.011687272847475314	1.2936911487758946	1.2936911487758946	1	1	0	0	abundance_only	0.029361098554400673	0.1416304555904607	frontal_cortex_ba9	M002	supramolecular fiber organization, cell migration, actin cytoskeleton organization	1.0804540811610523	0.8583973872513192	1.35995407119732	1.2936911487758946	0.011687272847475314	0.816595205413209	True	False						False	False	True	FSTL3
132	ENSG00000083807	1	frontal_cortex_ba9	M002	0.011687272847475314	1.2936911487758946	1.2936911487758946	1	1	0	0	inactive	0.029361098554400673	0.1360545379156117	frontal_cortex_ba9	M002	supramolecular fiber organization, cell migration, actin cytoskeleton organization	1.0804540811610523	0.8583973872513192	1.35995407119732	1.2936911487758946	0.011687272847475314	0.816595205413209	True	False						False	False	True	SLC27A5
133	ENSG00000104957	1	frontal_cortex_ba9	M002	0.011687272847475314	1.2936911487758946	1.2936911487758946	1	1	0	0	inactive	0.029361098554400673	0.10200673454683137	frontal_cortex_ba9	M002	supramolecular fiber organization, cell migration, actin cytoskeleton organization	1.0804540811610523	0.8583973872513192	1.35995407119732	1.2936911487758946	0.011687272847475314	0.816595205413209	True	False						False	False	True	YJU2B
134	ENSG00000149761	1	frontal_cortex_ba9	M002	0.011687272847475314	1.2936911487758946	1.2936911487758946	1	1	0	0	abundance_only	0.029361098554400673	0.04584386211269003	frontal_cortex_ba9	M002	supramolecular fiber organization, cell migration, actin cytoskeleton organization	1.0804540811610523	0.8583973872513192	1.35995407119732	1.2936911487758946	0.011687272847475314	0.816595205413209	True	False						False	False	True	NUDT22
135	ENSG00000157873	1	frontal_cortex_ba9	M002	0.011687272847475314	1.2936911487758946	1.2936911487758946	1	1	0	0	inactive	0.029361098554400673	0.008155617734477597	frontal_cortex_ba9	M002	supramolecular fiber organization, cell migration, actin cytoskeleton organization	1.0804540811610523	0.8583973872513192	1.35995407119732	1.2936911487758946	0.011687272847475314	0.816595205413209	True	False						False	False	True	TNFRSF14
136	ENSG00000016391	1	frontal_cortex_ba9	M002	0.011687272847475314	1.2936911487758946	1.2936911487758946	1	1	0	0	abundance_only	0.029361098554400673		frontal_cortex_ba9	M002	supramolecular fiber organization, cell migration, actin cytoskeleton organization	1.0804540811610523	0.8583973872513192	1.35995407119732	1.2936911487758946	0.011687272847475314	0.816595205413209	True	False						False	False	True	CHDH
137	ENSG00000043355	1	frontal_cortex_ba9	M002	0.011687272847475314	1.2936911487758946	1.2936911487758946	1	1	0	0	abundance_only	0.029361098554400673		frontal_cortex_ba9	M002	supramolecular fiber organization, cell migration, actin cytoskeleton organization	1.0804540811610523	0.8583973872513192	1.35995407119732	1.2936911487758946	0.011687272847475314	0.816595205413209	True	False						False	False	True	ZIC2
138	ENSG00000072840	1	frontal_cortex_ba9	M002	0.011687272847475314	1.2936911487758946	1.2936911487758946	1	1	0	0	abundance_only	0.029361098554400673		frontal_cortex_ba9	M002	supramolecular fiber organization, cell migration, actin cytoskeleton organization	1.0804540811610523	0.8583973872513192	1.35995407119732	1.2936911487758946	0.011687272847475314	0.816595205413209	True	False						False	False	True	EVC
139	ENSG00000074047	1	frontal_cortex_ba9	M002	0.011687272847475314	1.2936911487758946	1.2936911487758946	1	1	0	0	abundance_only	0.029361098554400673		frontal_cortex_ba9	M002	supramolecular fiber organization, cell migration, actin cytoskeleton organization	1.0804540811610523	0.8583973872513192	1.35995407119732	1.2936911487758946	0.011687272847475314	0.816595205413209	True	False						False	False	True	GLI2
140	ENSG00000075234	1	frontal_cortex_ba9	M002	0.011687272847475314	1.2936911487758946	1.2936911487758946	1	1	0	0	abundance_only	0.029361098554400673		frontal_cortex_ba9	M002	supramolecular fiber organization, cell migration, actin cytoskeleton organization	1.0804540811610523	0.8583973872513192	1.35995407119732	1.2936911487758946	0.011687272847475314	0.816595205413209	True	False						False	False	True	TTC38
141	ENSG00000087903	1	frontal_cortex_ba9	M002	0.011687272847475314	1.2936911487758946	1.2936911487758946	1	1	0	0	abundance_only	0.029361098554400673		frontal_cortex_ba9	M002	supramolecular fiber organization, cell migration, actin cytoskeleton organization	1.0804540811610523	0.8583973872513192	1.35995407119732	1.2936911487758946	0.011687272847475314	0.816595205413209	True	False						False	False	True	RFX2
142	ENSG00000099282	1	frontal_cortex_ba9	M002	0.011687272847475314	1.2936911487758946	1.2936911487758946	1	1	0	0	abundance_only	0.029361098554400673		frontal_cortex_ba9	M002	supramolecular fiber organization, cell migration, actin cytoskeleton organization	1.0804540811610523	0.8583973872513192	1.35995407119732	1.2936911487758946	0.011687272847475314	0.816595205413209	True	False						False	False	True	TSPAN15
143	ENSG00000102265	1	frontal_cortex_ba9	M002	0.011687272847475314	1.2936911487758946	1.2936911487758946	1	1	0	0	abundance_only	0.029361098554400673		frontal_cortex_ba9	M002	supramolecular fiber organization, cell migration, actin cytoskeleton organization	1.0804540811610523	0.8583973872513192	1.35995407119732	1.2936911487758946	0.011687272847475314	0.816595205413209	True	False						False	False	True	TIMP1
144	ENSG00000102760	1	frontal_cortex_ba9	M002	0.011687272847475314	1.2936911487758946	1.2936911487758946	1	1	0	0	abundance_only	0.029361098554400673		frontal_cortex_ba9	M002	supramolecular fiber organization, cell migration, actin cytoskeleton organization	1.0804540811610523	0.8583973872513192	1.35995407119732	1.2936911487758946	0.011687272847475314	0.816595205413209	True	False						False	False	True	RGCC
145	ENSG00000104689	1	frontal_cortex_ba9	M002	0.011687272847475314	1.2936911487758946	1.2936911487758946	1	1	0	0	abundance_only	0.029361098554400673		frontal_cortex_ba9	M002	supramolecular fiber organization, cell migration, actin cytoskeleton organization	1.0804540811610523	0.8583973872513192	1.35995407119732	1.2936911487758946	0.011687272847475314	0.816595205413209	True	False						False	False	True	TNFRSF10A
146	ENSG00000105355	1	frontal_cortex_ba9	M002	0.011687272847475314	1.2936911487758946	1.2936911487758946	1	1	0	0	abundance_only	0.029361098554400673		frontal_cortex_ba9	M002	supramolecular fiber organization, cell migration, actin cytoskeleton organization	1.0804540811610523	0.8583973872513192	1.35995407119732	1.2936911487758946	0.011687272847475314	0.816595205413209	True	False						False	False	True	PLIN3
147	ENSG00000105695	1	frontal_cortex_ba9	M002	0.011687272847475314	1.2936911487758946	1.2936911487758946	1	1	0	0	abundance_only	0.029361098554400673		frontal_cortex_ba9	M002	supramolecular fiber organization, cell migration, actin cytoskeleton organization	1.0804540811610523	0.8583973872513192	1.35995407119732	1.2936911487758946	0.011687272847475314	0.816595205413209	True	False						False	False	True	MAG
148	ENSG00000109610	1	frontal_cortex_ba9	M002	0.011687272847475314	1.2936911487758946	1.2936911487758946	1	1	0	0	abundance_only	0.029361098554400673		frontal_cortex_ba9	M002	supramolecular fiber organization, cell migration, actin cytoskeleton organization	1.0804540811610523	0.8583973872513192	1.35995407119732	1.2936911487758946	0.011687272847475314	0.816595205413209	True	False						False	False	True	SOD3
149	ENSG00000110090	1	frontal_cortex_ba9	M002	0.011687272847475314	1.2936911487758946	1.2936911487758946	1	1	0	0	abundance_only	0.029361098554400673		frontal_cortex_ba9	M002	supramolecular fiber organization, cell migration, actin cytoskeleton organization	1.0804540811610523	0.8583973872513192	1.35995407119732	1.2936911487758946	0.011687272847475314	0.816595205413209	True	False						False	False	True	CPT1A
150	ENSG00000119280	1	frontal_cortex_ba9	M002	0.011687272847475314	1.2936911487758946	1.2936911487758946	1	1	0	0	abundance_only	0.029361098554400673		frontal_cortex_ba9	M002	supramolecular fiber organization, cell migration, actin cytoskeleton organization	1.0804540811610523	0.8583973872513192	1.35995407119732	1.2936911487758946	0.011687272847475314	0.816595205413209	True	False						False	False	True	C1orf198
151	ENSG00000124942	1	frontal_cortex_ba9	M002	0.011687272847475314	1.2936911487758946	1.2936911487758946	1	1	0	0	abundance_only	0.029361098554400673		frontal_cortex_ba9	M002	supramolecular fiber organization, cell migration, actin cytoskeleton organization	1.0804540811610523	0.8583973872513192	1.35995407119732	1.2936911487758946	0.011687272847475314	0.816595205413209	True	False						False	False	True	AHNAK
152	ENSG00000126458	1	frontal_cortex_ba9	M002	0.011687272847475314	1.2936911487758946	1.2936911487758946	1	1	0	0	abundance_only	0.029361098554400673		frontal_cortex_ba9	M002	supramolecular fiber organization, cell migration, actin cytoskeleton organization	1.0804540811610523	0.8583973872513192	1.35995407119732	1.2936911487758946	0.011687272847475314	0.816595205413209	True	False						False	False	True	RRAS
153	ENSG00000127418	1	frontal_cortex_ba9	M002	0.011687272847475314	1.2936911487758946	1.2936911487758946	1	1	0	0	abundance_only	0.029361098554400673		frontal_cortex_ba9	M002	supramolecular fiber organization, cell migration, actin cytoskeleton organization	1.0804540811610523	0.8583973872513192	1.35995407119732	1.2936911487758946	0.011687272847475314	0.816595205413209	True	False						False	False	True	FGFRL1
154	ENSG00000128016	1	frontal_cortex_ba9	M002	0.011687272847475314	1.2936911487758946	1.2936911487758946	1	1	0	0	abundance_only	0.029361098554400673		frontal_cortex_ba9	M002	supramolecular fiber organization, cell migration, actin cytoskeleton organization	1.0804540811610523	0.8583973872513192	1.35995407119732	1.2936911487758946	0.011687272847475314	0.816595205413209	True	False						False	False	True	ZFP36
155	ENSG00000129244	1	frontal_cortex_ba9	M002	0.011687272847475314	1.2936911487758946	1.2936911487758946	1	1	0	0	abundance_only	0.029361098554400673		frontal_cortex_ba9	M002	supramolecular fiber organization, cell migration, actin cytoskeleton organization	1.0804540811610523	0.8583973872513192	1.35995407119732	1.2936911487758946	0.011687272847475314	0.816595205413209	True	False						False	False	True	ATP1B2
156	ENSG00000129250	1	frontal_cortex_ba9	M002	0.011687272847475314	1.2936911487758946	1.2936911487758946	1	1	0	0	abundance_only	0.029361098554400673		frontal_cortex_ba9	M002	supramolecular fiber organization, cell migration, actin cytoskeleton organization	1.0804540811610523	0.8583973872513192	1.35995407119732	1.2936911487758946	0.011687272847475314	0.816595205413209	True	False						False	False	True	KIF1C
157	ENSG00000131095	1	frontal_cortex_ba9	M002	0.011687272847475314	1.2936911487758946	1.2936911487758946	1	1	0	0	abundance_only	0.029361098554400673		frontal_cortex_ba9	M002	supramolecular fiber organization, cell migration, actin cytoskeleton organization	1.0804540811610523	0.8583973872513192	1.35995407119732	1.2936911487758946	0.011687272847475314	0.816595205413209	True	False						False	False	True	GFAP
158	ENSG00000131873	1	frontal_cortex_ba9	M002	0.011687272847475314	1.2936911487758946	1.2936911487758946	1	1	0	0	abundance_only	0.029361098554400673		frontal_cortex_ba9	M002	supramolecular fiber organization, cell migration, actin cytoskeleton organization	1.0804540811610523	0.8583973872513192	1.35995407119732	1.2936911487758946	0.011687272847475314	0.816595205413209	True	False						False	False	True	CHSY1
159	ENSG00000131941	1	frontal_cortex_ba9	M002	0.011687272847475314	1.2936911487758946	1.2936911487758946	1	1	0	0	abundance_only	0.029361098554400673		frontal_cortex_ba9	M002	supramolecular fiber organization, cell migration, actin cytoskeleton organization	1.0804540811610523	0.8583973872513192	1.35995407119732	1.2936911487758946	0.011687272847475314	0.816595205413209	True	False						False	False	True	RHPN2
160	ENSG00000132329	1	frontal_cortex_ba9	M002	0.011687272847475314	1.2936911487758946	1.2936911487758946	1	1	0	0	abundance_only	0.029361098554400673		frontal_cortex_ba9	M002	supramolecular fiber organization, cell migration, actin cytoskeleton organization	1.0804540811610523	0.8583973872513192	1.35995407119732	1.2936911487758946	0.011687272847475314	0.816595205413209	True	False						False	False	True	RAMP1
161	ENSG00000132613	1	frontal_cortex_ba9	M002	0.011687272847475314	1.2936911487758946	1.2936911487758946	1	1	0	0	abundance_only	0.029361098554400673		frontal_cortex_ba9	M002	supramolecular fiber organization, cell migration, actin cytoskeleton organization	1.0804540811610523	0.8583973872513192	1.35995407119732	1.2936911487758946	0.011687272847475314	0.816595205413209	True	False						False	False	True	MTSS2
162	ENSG00000132846	1	frontal_cortex_ba9	M002	0.011687272847475314	1.2936911487758946	1.2936911487758946	1	1	0	0	abundance_only	0.029361098554400673		frontal_cortex_ba9	M002	supramolecular fiber organization, cell migration, actin cytoskeleton organization	1.0804540811610523	0.8583973872513192	1.35995407119732	1.2936911487758946	0.011687272847475314	0.816595205413209	True	False						False	False	True	ZBED3
163	ENSG00000134013	1	frontal_cortex_ba9	M002	0.011687272847475314	1.2936911487758946	1.2936911487758946	1	1	0	0	abundance_only	0.029361098554400673		frontal_cortex_ba9	M002	supramolecular fiber organization, cell migration, actin cytoskeleton organization	1.0804540811610523	0.8583973872513192	1.35995407119732	1.2936911487758946	0.011687272847475314	0.816595205413209	True	False						False	False	True	LOXL2
164	ENSG00000136770	1	frontal_cortex_ba9	M002	0.011687272847475314	1.2936911487758946	1.2936911487758946	1	1	0	0	abundance_only	0.029361098554400673		frontal_cortex_ba9	M002	supramolecular fiber organization, cell migration, actin cytoskeleton organization	1.0804540811610523	0.8583973872513192	1.35995407119732	1.2936911487758946	0.011687272847475314	0.816595205413209	True	False						False	False	True	DNAJC1
165	ENSG00000136938	1	frontal_cortex_ba9	M002	0.011687272847475314	1.2936911487758946	1.2936911487758946	1	1	0	0	abundance_only	0.029361098554400673		frontal_cortex_ba9	M002	supramolecular fiber organization, cell migration, actin cytoskeleton organization	1.0804540811610523	0.8583973872513192	1.35995407119732	1.2936911487758946	0.011687272847475314	0.816595205413209	True	False						False	False	True	ANP32B
166	ENSG00000137076	1	frontal_cortex_ba9	M002	0.011687272847475314	1.2936911487758946	1.2936911487758946	1	1	0	0	abundance_only	0.029361098554400673		frontal_cortex_ba9	M002	supramolecular fiber organization, cell migration, actin cytoskeleton organization	1.0804540811610523	0.8583973872513192	1.35995407119732	1.2936911487758946	0.011687272847475314	0.816595205413209	True	False						False	False	True	TLN1
167	ENSG00000139433	1	frontal_cortex_ba9	M002	0.011687272847475314	1.2936911487758946	1.2936911487758946	1	1	0	0	abundance_only	0.029361098554400673		frontal_cortex_ba9	M002	supramolecular fiber organization, cell migration, actin cytoskeleton organization	1.0804540811610523	0.8583973872513192	1.35995407119732	1.2936911487758946	0.011687272847475314	0.816595205413209	True	False						False	False	True	GLTP
168	ENSG00000140807	1	frontal_cortex_ba9	M002	0.011687272847475314	1.2936911487758946	1.2936911487758946	1	1	0	0	abundance_only	0.029361098554400673		frontal_cortex_ba9	M002	supramolecular fiber organization, cell migration, actin cytoskeleton organization	1.0804540811610523	0.8583973872513192	1.35995407119732	1.2936911487758946	0.011687272847475314	0.816595205413209	True	False						False	False	True	NKD1
169	ENSG00000142227	1	frontal_cortex_ba9	M002	0.011687272847475314	1.2936911487758946	1.2936911487758946	1	1	0	0	abundance_only	0.029361098554400673		frontal_cortex_ba9	M002	supramolecular fiber organization, cell migration, actin cytoskeleton organization	1.0804540811610523	0.8583973872513192	1.35995407119732	1.2936911487758946	0.011687272847475314	0.816595205413209	True	False						False	False	True	EMP3
170	ENSG00000142627	1	frontal_cortex_ba9	M002	0.011687272847475314	1.2936911487758946	1.2936911487758946	1	1	0	0	abundance_only	0.029361098554400673		frontal_cortex_ba9	M002	supramolecular fiber organization, cell migration, actin cytoskeleton organization	1.0804540811610523	0.8583973872513192	1.35995407119732	1.2936911487758946	0.011687272847475314	0.816595205413209	True	False						False	False	True	EPHA2
171	ENSG00000144730	1	frontal_cortex_ba9	M002	0.011687272847475314	1.2936911487758946	1.2936911487758946	1	1	0	0	abundance_only	0.029361098554400673		frontal_cortex_ba9	M002	supramolecular fiber organization, cell migration, actin cytoskeleton organization	1.0804540811610523	0.8583973872513192	1.35995407119732	1.2936911487758946	0.011687272847475314	0.816595205413209	True	False						False	False	True	IL17RD
172	ENSG00000148411	1	frontal_cortex_ba9	M002	0.011687272847475314	1.2936911487758946	1.2936911487758946	1	1	0	0	abundance_only	0.029361098554400673		frontal_cortex_ba9	M002	supramolecular fiber organization, cell migration, actin cytoskeleton organization	1.0804540811610523	0.8583973872513192	1.35995407119732	1.2936911487758946	0.011687272847475314	0.816595205413209	True	False						False	False	True	NACC2
173	ENSG00000154319	1	frontal_cortex_ba9	M002	0.011687272847475314	1.2936911487758946	1.2936911487758946	1	1	0	0	abundance_only	0.029361098554400673		frontal_cortex_ba9	M002	supramolecular fiber organization, cell migration, actin cytoskeleton organization	1.0804540811610523	0.8583973872513192	1.35995407119732	1.2936911487758946	0.011687272847475314	0.816595205413209	True	False						False	False	True	FAM167A
174	ENSG00000158710	1	frontal_cortex_ba9	M002	0.011687272847475314	1.2936911487758946	1.2936911487758946	1	1	0	0	abundance_only	0.029361098554400673		frontal_cortex_ba9	M002	supramolecular fiber organization, cell migration, actin cytoskeleton organization	1.0804540811610523	0.8583973872513192	1.35995407119732	1.2936911487758946	0.011687272847475314	0.816595205413209	True	False						False	False	True	TAGLN2
175	ENSG00000159423	1	frontal_cortex_ba9	M002	0.011687272847475314	1.2936911487758946	1.2936911487758946	1	1	0	0	abundance_only	0.029361098554400673		frontal_cortex_ba9	M002	supramolecular fiber organization, cell migration, actin cytoskeleton organization	1.0804540811610523	0.8583973872513192	1.35995407119732	1.2936911487758946	0.011687272847475314	0.816595205413209	True	False						False	False	True	ALDH4A1
176	ENSG00000160712	1	frontal_cortex_ba9	M002	0.011687272847475314	1.2936911487758946	1.2936911487758946	1	1	0	0	abundance_only	0.029361098554400673		frontal_cortex_ba9	M002	supramolecular fiber organization, cell migration, actin cytoskeleton organization	1.0804540811610523	0.8583973872513192	1.35995407119732	1.2936911487758946	0.011687272847475314	0.816595205413209	True	False						False	False	True	IL6R
177	ENSG00000163884	1	frontal_cortex_ba9	M002	0.011687272847475314	1.2936911487758946	1.2936911487758946	1	1	0	0	abundance_only	0.029361098554400673		frontal_cortex_ba9	M002	supramolecular fiber organization, cell migration, actin cytoskeleton organization	1.0804540811610523	0.8583973872513192	1.35995407119732	1.2936911487758946	0.011687272847475314	0.816595205413209	True	False						False	False	True	KLF15
178	ENSG00000165507	1	frontal_cortex_ba9	M002	0.011687272847475314	1.2936911487758946	1.2936911487758946	1	1	0	0	abundance_only	0.029361098554400673		frontal_cortex_ba9	M002	supramolecular fiber organization, cell migration, actin cytoskeleton organization	1.0804540811610523	0.8583973872513192	1.35995407119732	1.2936911487758946	0.011687272847475314	0.816595205413209	True	False						False	False	True	DEPP1
179	ENSG00000167601	1	frontal_cortex_ba9	M002	0.011687272847475314	1.2936911487758946	1.2936911487758946	1	1	0	0	abundance_only	0.029361098554400673		frontal_cortex_ba9	M002	supramolecular fiber organization, cell migration, actin cytoskeleton organization	1.0804540811610523	0.8583973872513192	1.35995407119732	1.2936911487758946	0.011687272847475314	0.816595205413209	True	False						False	False	True	AXL
180	ENSG00000168899	1	frontal_cortex_ba9	M002	0.011687272847475314	1.2936911487758946	1.2936911487758946	1	1	0	0	abundance_only	0.029361098554400673		frontal_cortex_ba9	M002	supramolecular fiber organization, cell migration, actin cytoskeleton organization	1.0804540811610523	0.8583973872513192	1.35995407119732	1.2936911487758946	0.011687272847475314	0.816595205413209	True	False						False	False	True	VAMP5
181	ENSG00000172296	1	frontal_cortex_ba9	M002	0.011687272847475314	1.2936911487758946	1.2936911487758946	1	1	0	0	abundance_only	0.029361098554400673		frontal_cortex_ba9	M002	supramolecular fiber organization, cell migration, actin cytoskeleton organization	1.0804540811610523	0.8583973872513192	1.35995407119732	1.2936911487758946	0.011687272847475314	0.816595205413209	True	False						False	False	True	SPTLC3
182	ENSG00000183111	1	frontal_cortex_ba9	M002	0.011687272847475314	1.2936911487758946	1.2936911487758946	1	1	0	0	abundance_only	0.029361098554400673		frontal_cortex_ba9	M002	supramolecular fiber organization, cell migration, actin cytoskeleton organization	1.0804540811610523	0.8583973872513192	1.35995407119732	1.2936911487758946	0.011687272847475314	0.816595205413209	True	False						False	False	True	ARHGEF37
183	ENSG00000186951	1	frontal_cortex_ba9	M002	0.011687272847475314	1.2936911487758946	1.2936911487758946	1	1	0	0	abundance_only	0.029361098554400673		frontal_cortex_ba9	M002	supramolecular fiber organization, cell migration, actin cytoskeleton organization	1.0804540811610523	0.8583973872513192	1.35995407119732	1.2936911487758946	0.011687272847475314	0.816595205413209	True	False						False	False	True	PPARA
184	ENSG00000188338	1	frontal_cortex_ba9	M002	0.011687272847475314	1.2936911487758946	1.2936911487758946	1	1	0	0	abundance_only	0.029361098554400673		frontal_cortex_ba9	M002	supramolecular fiber organization, cell migration, actin cytoskeleton organization	1.0804540811610523	0.8583973872513192	1.35995407119732	1.2936911487758946	0.011687272847475314	0.816595205413209	True	False						False	False	True	SLC38A3
185	ENSG00000197892	1	frontal_cortex_ba9	M002	0.011687272847475314	1.2936911487758946	1.2936911487758946	1	1	0	0	abundance_only	0.029361098554400673		frontal_cortex_ba9	M002	supramolecular fiber organization, cell migration, actin cytoskeleton organization	1.0804540811610523	0.8583973872513192	1.35995407119732	1.2936911487758946	0.011687272847475314	0.816595205413209	True	False						False	False	True	KIF13B
186	ENSG00000204577	1	frontal_cortex_ba9	M002	0.011687272847475314	1.2936911487758946	1.2936911487758946	1	1	0	0	abundance_only	0.029361098554400673		frontal_cortex_ba9	M002	supramolecular fiber organization, cell migration, actin cytoskeleton organization	1.0804540811610523	0.8583973872513192	1.35995407119732	1.2936911487758946	0.011687272847475314	0.816595205413209	True	False						False	False	True	LILRB3
187	ENSG00000205364	1	frontal_cortex_ba9	M002	0.011687272847475314	1.2936911487758946	1.2936911487758946	1	1	0	0	abundance_only	0.029361098554400673		frontal_cortex_ba9	M002	supramolecular fiber organization, cell migration, actin cytoskeleton organization	1.0804540811610523	0.8583973872513192	1.35995407119732	1.2936911487758946	0.011687272847475314	0.816595205413209	True	False						False	False	True	MT1M
188	ENSG00000214456	1	frontal_cortex_ba9	M002	0.011687272847475314	1.2936911487758946	1.2936911487758946	1	1	0	0	abundance_only	0.029361098554400673		frontal_cortex_ba9	M002	supramolecular fiber organization, cell migration, actin cytoskeleton organization	1.0804540811610523	0.8583973872513192	1.35995407119732	1.2936911487758946	0.011687272847475314	0.816595205413209	True	False						False	False	True	PLIN5
189	ENSG00000230461	1	frontal_cortex_ba9	M002	0.011687272847475314	1.2936911487758946	1.2936911487758946	1	1	0	0	abundance_only	0.029361098554400673		frontal_cortex_ba9	M002	supramolecular fiber organization, cell migration, actin cytoskeleton organization	1.0804540811610523	0.8583973872513192	1.35995407119732	1.2936911487758946	0.011687272847475314	0.816595205413209	True	False						False	False	True	PROX1-AS1
190	ENSG00000255435	1	frontal_cortex_ba9	M002	0.011687272847475314	1.2936911487758946	1.2936911487758946	1	1	0	0	abundance_only	0.029361098554400673		frontal_cortex_ba9	M002	supramolecular fiber organization, cell migration, actin cytoskeleton organization	1.0804540811610523	0.8583973872513192	1.35995407119732	1.2936911487758946	0.011687272847475314	0.816595205413209	True	False						False	False	True	TTC36-AS1
191	ENSG00000289058	1	frontal_cortex_ba9	M002	0.011687272847475314	1.2936911487758946	1.2936911487758946	1	1	0	0	abundance_only	0.029361098554400673		frontal_cortex_ba9	M002	supramolecular fiber organization, cell migration, actin cytoskeleton organization	1.0804540811610523	0.8583973872513192	1.35995407119732	1.2936911487758946	0.011687272847475314	0.816595205413209	True	False						False	False	True	ENSG00000289058
192	ENSG00000107140	2	cerebellar_hemisphere,putamen_basal_ganglia	M001,M003	0.011826729967041393	1.297598844825533	1.262670649983845	2	0	0	2	coupled,discordant	0.4914345904277392	0.5096348007663769	putamen_basal_ganglia	M001	cellular component organization, cellular component organization or biogenesis	2.0780183066065763	1.5222851634396763	2.8366302098320224	1.227742455142157	0.03251848043305147	0.0008863001285363532	True	True						False	False	False	TESK1
193	ENSG00000116649	2	cerebellar_hemisphere,putamen_basal_ganglia	M001,M003	0.011826729967041393	1.297598844825533	1.262670649983845	2	0	0	1	abundance_only,coupled	0.4914345904277392	0.4578542206199844	putamen_basal_ganglia	M001	cellular component organization, cellular component organization or biogenesis	2.0780183066065763	1.5222851634396763	2.8366302098320224	1.227742455142157	0.03251848043305147	0.0008863001285363532	True	True						False	False	False	SRM
194	ENSG00000072182	2	cerebellar_hemisphere,putamen_basal_ganglia	M001,M003	0.011826729967041393	1.297598844825533	1.262670649983845	2	0	0	1	abundance_only,switch_only	0.4914345904277392	0.33937291226912236	putamen_basal_ganglia	M001	cellular component organization, cellular component organization or biogenesis	2.0780183066065763	1.5222851634396763	2.8366302098320224	1.227742455142157	0.03251848043305147	0.0008863001285363532	True	True						False	False	False	ASIC4
195	ENSG00000083857	1	putamen_basal_ganglia	M001	0.03251848043305147	1.227742455142157	1.227742455142157	1	0	0	1	coupled	0.621535394693187	0.8992285274032222	putamen_basal_ganglia	M001	cellular component organization, cellular component organization or biogenesis	2.0780183066065763	1.5222851634396763	2.8366302098320224	1.227742455142157	0.03251848043305147	0.0008863001285363532	True	True						False	False	False	FAT1
196	ENSG00000092201	1	putamen_basal_ganglia	M001	0.03251848043305147	1.227742455142157	1.227742455142157	1	0	0	1	coupled	0.621535394693187	0.8939803506936328	putamen_basal_ganglia	M001	cellular component organization, cellular component organization or biogenesis	2.0780183066065763	1.5222851634396763	2.8366302098320224	1.227742455142157	0.03251848043305147	0.0008863001285363532	True	True						False	False	False	SUPT16H
197	ENSG00000123384	1	putamen_basal_ganglia	M001	0.03251848043305147	1.227742455142157	1.227742455142157	1	0	0	1	coupled	0.621535394693187	0.8763183275539287	putamen_basal_ganglia	M001	cellular component organization, cellular component organization or biogenesis	2.0780183066065763	1.5222851634396763	2.8366302098320224	1.227742455142157	0.03251848043305147	0.0008863001285363532	True	True						False	False	False	LRP1
198	ENSG00000056097	1	putamen_basal_ganglia	M001	0.03251848043305147	1.227742455142157	1.227742455142157	1	0	0	1	coupled	0.621535394693187	0.861814487227054	putamen_basal_ganglia	M001	cellular component organization, cellular component organization or biogenesis	2.0780183066065763	1.5222851634396763	2.8366302098320224	1.227742455142157	0.03251848043305147	0.0008863001285363532	True	True						False	False	False	ZFR
199	ENSG00000107331	1	putamen_basal_ganglia	M001	0.03251848043305147	1.227742455142157	1.227742455142157	1	0	0	1	coupled	0.621535394693187	0.8424221196915244	putamen_basal_ganglia	M001	cellular component organization, cellular component organization or biogenesis	2.0780183066065763	1.5222851634396763	2.8366302098320224	1.227742455142157	0.03251848043305147	0.0008863001285363532	True	True						False	False	False	ABCA2
200	ENSG00000142798	1	putamen_basal_ganglia	M001	0.03251848043305147	1.227742455142157	1.227742455142157	1	0	0	1	coupled	0.621535394693187	0.8235587971544245	putamen_basal_ganglia	M001	cellular component organization, cellular component organization or biogenesis	2.0780183066065763	1.5222851634396763	2.8366302098320224	1.227742455142157	0.03251848043305147	0.0008863001285363532	True	True						False	False	False	HSPG2
201	ENSG00000130702	1	putamen_basal_ganglia	M001	0.03251848043305147	1.227742455142157	1.227742455142157	1	0	0	1	coupled	0.621535394693187	0.8213808657463947	putamen_basal_ganglia	M001	cellular component organization, cellular component organization or biogenesis	2.0780183066065763	1.5222851634396763	2.8366302098320224	1.227742455142157	0.03251848043305147	0.0008863001285363532	True	True						False	False	False	LAMA5
202	ENSG00000198837	1	putamen_basal_ganglia	M001	0.03251848043305147	1.227742455142157	1.227742455142157	1	0	0	1	coupled	0.621535394693187	0.8193618482130127	putamen_basal_ganglia	M001	cellular component organization, cellular component organization or biogenesis	2.0780183066065763	1.5222851634396763	2.8366302098320224	1.227742455142157	0.03251848043305147	0.0008863001285363532	True	True						False	False	False	DENND4B
203	ENSG00000197157	1	putamen_basal_ganglia	M001	0.03251848043305147	1.227742455142157	1.227742455142157	1	0	0	1	coupled	0.621535394693187	0.7989140906613057	putamen_basal_ganglia	M001	cellular component organization, cellular component organization or biogenesis	2.0780183066065763	1.5222851634396763	2.8366302098320224	1.227742455142157	0.03251848043305147	0.0008863001285363532	True	True						False	False	False	SND1
204	ENSG00000275832	1	putamen_basal_ganglia	M001	0.03251848043305147	1.227742455142157	1.227742455142157	1	0	0	1	coupled	0.621535394693187	0.7963249156909479	putamen_basal_ganglia	M001	cellular component organization, cellular component organization or biogenesis	2.0780183066065763	1.5222851634396763	2.8366302098320224	1.227742455142157	0.03251848043305147	0.0008863001285363532	True	True						False	False	False	ARHGAP23
205	ENSG00000181904	1	putamen_basal_ganglia	M001	0.03251848043305147	1.227742455142157	1.227742455142157	1	0	0	1	discordant	0.621535394693187	0.786604836955894	putamen_basal_ganglia	M001	cellular component organization, cellular component organization or biogenesis	2.0780183066065763	1.5222851634396763	2.8366302098320224	1.227742455142157	0.03251848043305147	0.0008863001285363532	True	True						False	False	False	C5orf24
206	ENSG00000058668	1	putamen_basal_ganglia	M001	0.03251848043305147	1.227742455142157	1.227742455142157	1	0	0	1	coupled	0.621535394693187	0.7845102475975504	putamen_basal_ganglia	M001	cellular component organization, cellular component organization or biogenesis	2.0780183066065763	1.5222851634396763	2.8366302098320224	1.227742455142157	0.03251848043305147	0.0008863001285363532	True	True						False	False	False	ATP2B4
207	ENSG00000197256	1	putamen_basal_ganglia	M001	0.03251848043305147	1.227742455142157	1.227742455142157	1	0	0	1	switch_only	0.621535394693187	0.777499927754331	putamen_basal_ganglia	M001	cellular component organization, cellular component organization or biogenesis	2.0780183066065763	1.5222851634396763	2.8366302098320224	1.227742455142157	0.03251848043305147	0.0008863001285363532	True	True						False	False	False	KANK2
208	ENSG00000134243	1	putamen_basal_ganglia	M001	0.03251848043305147	1.227742455142157	1.227742455142157	1	0	0	1	coupled	0.621535394693187	0.764863371775619	putamen_basal_ganglia	M001	cellular component organization, cellular component organization or biogenesis	2.0780183066065763	1.5222851634396763	2.8366302098320224	1.227742455142157	0.03251848043305147	0.0008863001285363532	True	True						False	False	False	SORT1
209	ENSG00000168743	1	putamen_basal_ganglia	M001	0.03251848043305147	1.227742455142157	1.227742455142157	1	0	0	1	coupled	0.621535394693187	0.7568144697072837	putamen_basal_ganglia	M001	cellular component organization, cellular component organization or biogenesis	2.0780183066065763	1.5222851634396763	2.8366302098320224	1.227742455142157	0.03251848043305147	0.0008863001285363532	True	True						False	False	False	NPNT
210	ENSG00000125912	1	putamen_basal_ganglia	M001	0.03251848043305147	1.227742455142157	1.227742455142157	1	0	0	1	coupled	0.621535394693187	0.7525882167696784	putamen_basal_ganglia	M001	cellular component organization, cellular component organization or biogenesis	2.0780183066065763	1.5222851634396763	2.8366302098320224	1.227742455142157	0.03251848043305147	0.0008863001285363532	True	True						False	False	False	NCLN
211	ENSG00000102057	1	putamen_basal_ganglia	M001	0.03251848043305147	1.227742455142157	1.227742455142157	1	0	0	1	coupled	0.621535394693187	0.7506081810581005	putamen_basal_ganglia	M001	cellular component organization, cellular component organization or biogenesis	2.0780183066065763	1.5222851634396763	2.8366302098320224	1.227742455142157	0.03251848043305147	0.0008863001285363532	True	True						False	False	False	KCND1
212	ENSG00000123728	1	putamen_basal_ganglia	M001	0.03251848043305147	1.227742455142157	1.227742455142157	1	0	0	1	discordant	0.621535394693187	0.7430323440929681	putamen_basal_ganglia	M001	cellular component organization, cellular component organization or biogenesis	2.0780183066065763	1.5222851634396763	2.8366302098320224	1.227742455142157	0.03251848043305147	0.0008863001285363532	True	True						False	False	False	RAP2C
213	ENSG00000077235	1	putamen_basal_ganglia	M001	0.03251848043305147	1.227742455142157	1.227742455142157	1	0	0	1	coupled	0.621535394693187	0.7424971147416315	putamen_basal_ganglia	M001	cellular component organization, cellular component organization or biogenesis	2.0780183066065763	1.5222851634396763	2.8366302098320224	1.227742455142157	0.03251848043305147	0.0008863001285363532	True	True						False	False	False	GTF3C1
214	ENSG00000157637	1	putamen_basal_ganglia	M001	0.03251848043305147	1.227742455142157	1.227742455142157	1	0	0	1	coupled	0.621535394693187	0.7323022359261374	putamen_basal_ganglia	M001	cellular component organization, cellular component organization or biogenesis	2.0780183066065763	1.5222851634396763	2.8366302098320224	1.227742455142157	0.03251848043305147	0.0008863001285363532	True	True						False	False	False	SLC38A10
215	ENSG00000088280	1	putamen_basal_ganglia	M001	0.03251848043305147	1.227742455142157	1.227742455142157	1	0	0	1	discordant	0.621535394693187	0.7315577727974876	putamen_basal_ganglia	M001	cellular component organization, cellular component organization or biogenesis	2.0780183066065763	1.5222851634396763	2.8366302098320224	1.227742455142157	0.03251848043305147	0.0008863001285363532	True	True						False	False	False	ASAP3
216	ENSG00000075618	1	putamen_basal_ganglia	M001	0.03251848043305147	1.227742455142157	1.227742455142157	1	0	0	1	coupled	0.621535394693187	0.7203197700521511	putamen_basal_ganglia	M001	cellular component organization, cellular component organization or biogenesis	2.0780183066065763	1.5222851634396763	2.8366302098320224	1.227742455142157	0.03251848043305147	0.0008863001285363532	True	True						False	False	False	FSCN1
217	ENSG00000103326	1	putamen_basal_ganglia	M001	0.03251848043305147	1.227742455142157	1.227742455142157	1	0	0	1	coupled	0.621535394693187	0.7161287475480219	putamen_basal_ganglia	M001	cellular component organization, cellular component organization or biogenesis	2.0780183066065763	1.5222851634396763	2.8366302098320224	1.227742455142157	0.03251848043305147	0.0008863001285363532	True	True						False	False	False	CAPN15
218	ENSG00000134030	1	putamen_basal_ganglia	M001	0.03251848043305147	1.227742455142157	1.227742455142157	1	0	0	1	coupled	0.621535394693187	0.6969957803818454	putamen_basal_ganglia	M001	cellular component organization, cellular component organization or biogenesis	2.0780183066065763	1.5222851634396763	2.8366302098320224	1.227742455142157	0.03251848043305147	0.0008863001285363532	True	True						False	False	False	CTIF
219	ENSG00000100726	1	putamen_basal_ganglia	M001	0.03251848043305147	1.227742455142157	1.227742455142157	1	0	0	1	coupled	0.621535394693187	0.6930496380139637	putamen_basal_ganglia	M001	cellular component organization, cellular component organization or biogenesis	2.0780183066065763	1.5222851634396763	2.8366302098320224	1.227742455142157	0.03251848043305147	0.0008863001285363532	True	True						False	False	False	TELO2
220	ENSG00000027075	1	putamen_basal_ganglia	M001	0.03251848043305147	1.227742455142157	1.227742455142157	1	0	0	1	coupled	0.621535394693187	0.6882561475944895	putamen_basal_ganglia	M001	cellular component organization, cellular component organization or biogenesis	2.0780183066065763	1.5222851634396763	2.8366302098320224	1.227742455142157	0.03251848043305147	0.0008863001285363532	True	True						False	False	False	PRKCH
221	ENSG00000167615	1	putamen_basal_ganglia	M001	0.03251848043305147	1.227742455142157	1.227742455142157	1	0	0	1	coupled	0.621535394693187	0.6752088356101431	putamen_basal_ganglia	M001	cellular component organization, cellular component organization or biogenesis	2.0780183066065763	1.5222851634396763	2.8366302098320224	1.227742455142157	0.03251848043305147	0.0008863001285363532	True	True						False	False	False	LENG8
222	ENSG00000099821	1	putamen_basal_ganglia	M001	0.03251848043305147	1.227742455142157	1.227742455142157	1	0	0	1	coupled	0.621535394693187	0.6722903526954331	putamen_basal_ganglia	M001	cellular component organization, cellular component organization or biogenesis	2.0780183066065763	1.5222851634396763	2.8366302098320224	1.227742455142157	0.03251848043305147	0.0008863001285363532	True	True						False	False	False	POLRMT
223	ENSG00000184110	1	putamen_basal_ganglia	M001	0.03251848043305147	1.227742455142157	1.227742455142157	1	0	0	1	coupled	0.621535394693187	0.6711653046298371	putamen_basal_ganglia	M001	cellular component organization, cellular component organization or biogenesis	2.0780183066065763	1.5222851634396763	2.8366302098320224	1.227742455142157	0.03251848043305147	0.0008863001285363532	True	True						False	False	False	EIF3C
224	ENSG00000106415	1	putamen_basal_ganglia	M001	0.03251848043305147	1.227742455142157	1.227742455142157	1	0	0	1	coupled	0.621535394693187	0.6651089888697937	putamen_basal_ganglia	M001	cellular component organization, cellular component organization or biogenesis	2.0780183066065763	1.5222851634396763	2.8366302098320224	1.227742455142157	0.03251848043305147	0.0008863001285363532	True	True						False	False	False	GLCCI1
225	ENSG00000105429	1	putamen_basal_ganglia	M001	0.03251848043305147	1.227742455142157	1.227742455142157	1	0	0	1	discordant	0.621535394693187	0.6617700892776412	putamen_basal_ganglia	M001	cellular component organization, cellular component organization or biogenesis	2.0780183066065763	1.5222851634396763	2.8366302098320224	1.227742455142157	0.03251848043305147	0.0008863001285363532	True	True						False	False	False	MEGF8
226	ENSG00000167972	1	putamen_basal_ganglia	M001	0.03251848043305147	1.227742455142157	1.227742455142157	1	0	0	1	coupled	0.621535394693187	0.661087773518688	putamen_basal_ganglia	M001	cellular component organization, cellular component organization or biogenesis	2.0780183066065763	1.5222851634396763	2.8366302098320224	1.227742455142157	0.03251848043305147	0.0008863001285363532	True	True						False	False	False	ABCA3
227	ENSG00000100304	1	putamen_basal_ganglia	M001	0.03251848043305147	1.227742455142157	1.227742455142157	1	0	0	1	coupled	0.621535394693187	0.6553644228505661	putamen_basal_ganglia	M001	cellular component organization, cellular component organization or biogenesis	2.0780183066065763	1.5222851634396763	2.8366302098320224	1.227742455142157	0.03251848043305147	0.0008863001285363532	True	True						False	False	False	TTLL12
228	ENSG00000120645	1	putamen_basal_ganglia	M001	0.03251848043305147	1.227742455142157	1.227742455142157	1	0	0	1	coupled	0.621535394693187	0.6472557616190138	putamen_basal_ganglia	M001	cellular component organization, cellular component organization or biogenesis	2.0780183066065763	1.5222851634396763	2.8366302098320224	1.227742455142157	0.03251848043305147	0.0008863001285363532	True	True						False	False	False	IQSEC3
229	ENSG00000166986	1	putamen_basal_ganglia	M001	0.03251848043305147	1.227742455142157	1.227742455142157	1	0	0	1	coupled	0.621535394693187	0.6313547778323204	putamen_basal_ganglia	M001	cellular component organization, cellular component organization or biogenesis	2.0780183066065763	1.5222851634396763	2.8366302098320224	1.227742455142157	0.03251848043305147	0.0008863001285363532	True	True						False	False	False	MARS1
230	ENSG00000179604	1	putamen_basal_ganglia	M001	0.03251848043305147	1.227742455142157	1.227742455142157	1	0	0	1	switch_only	0.621535394693187	0.6312684283131339	putamen_basal_ganglia	M001	cellular component organization, cellular component organization or biogenesis	2.0780183066065763	1.5222851634396763	2.8366302098320224	1.227742455142157	0.03251848043305147	0.0008863001285363532	True	True						False	False	False	CDC42EP4
231	ENSG00000111639	1	putamen_basal_ganglia	M001	0.03251848043305147	1.227742455142157	1.227742455142157	1	0	0	1	discordant	0.621535394693187	0.6305530610556709	putamen_basal_ganglia	M001	cellular component organization, cellular component organization or biogenesis	2.0780183066065763	1.5222851634396763	2.8366302098320224	1.227742455142157	0.03251848043305147	0.0008863001285363532	True	True						False	False	False	MRPL51
232	ENSG00000068976	1	putamen_basal_ganglia	M001	0.03251848043305147	1.227742455142157	1.227742455142157	1	0	0	1	switch_only	0.621535394693187	0.6255394457150324	putamen_basal_ganglia	M001	cellular component organization, cellular component organization or biogenesis	2.0780183066065763	1.5222851634396763	2.8366302098320224	1.227742455142157	0.03251848043305147	0.0008863001285363532	True	True						False	False	False	PYGM
233	ENSG00000182272	1	putamen_basal_ganglia	M001	0.03251848043305147	1.227742455142157	1.227742455142157	1	0	0	1	coupled	0.621535394693187	0.6216183865357437	putamen_basal_ganglia	M001	cellular component organization, cellular component organization or biogenesis	2.0780183066065763	1.5222851634396763	2.8366302098320224	1.227742455142157	0.03251848043305147	0.0008863001285363532	True	True						False	False	False	B4GALNT4
234	ENSG00000081760	1	putamen_basal_ganglia	M001	0.03251848043305147	1.227742455142157	1.227742455142157	1	0	0	1	coupled	0.621535394693187	0.6131823596532611	putamen_basal_ganglia	M001	cellular component organization, cellular component organization or biogenesis	2.0780183066065763	1.5222851634396763	2.8366302098320224	1.227742455142157	0.03251848043305147	0.0008863001285363532	True	True						False	False	False	AACS
235	ENSG00000163346	1	putamen_basal_ganglia	M001	0.03251848043305147	1.227742455142157	1.227742455142157	1	0	0	1	switch_only	0.621535394693187	0.6072814261309457	putamen_basal_ganglia	M001	cellular component organization, cellular component organization or biogenesis	2.0780183066065763	1.5222851634396763	2.8366302098320224	1.227742455142157	0.03251848043305147	0.0008863001285363532	True	True						False	False	False	PBXIP1
236	ENSG00000132361	1	putamen_basal_ganglia	M001	0.03251848043305147	1.227742455142157	1.227742455142157	1	0	0	1	coupled	0.621535394693187	0.5940839617232676	putamen_basal_ganglia	M001	cellular component organization, cellular component organization or biogenesis	2.0780183066065763	1.5222851634396763	2.8366302098320224	1.227742455142157	0.03251848043305147	0.0008863001285363532	True	True						False	False	False	CLUH
237	ENSG00000083290	1	putamen_basal_ganglia	M001	0.03251848043305147	1.227742455142157	1.227742455142157	1	0	0	1	discordant	0.621535394693187	0.5931518315336356	putamen_basal_ganglia	M001	cellular component organization, cellular component organization or biogenesis	2.0780183066065763	1.5222851634396763	2.8366302098320224	1.227742455142157	0.03251848043305147	0.0008863001285363532	True	True						False	False	False	ULK2
238	ENSG00000158773	1	putamen_basal_ganglia	M001	0.03251848043305147	1.227742455142157	1.227742455142157	1	0	0	1	discordant	0.621535394693187	0.576000596690928	putamen_basal_ganglia	M001	cellular component organization, cellular component organization or biogenesis	2.0780183066065763	1.5222851634396763	2.8366302098320224	1.227742455142157	0.03251848043305147	0.0008863001285363532	True	True						False	False	False	USF1
239	ENSG00000135144	1	putamen_basal_ganglia	M001	0.03251848043305147	1.227742455142157	1.227742455142157	1	0	0	1	coupled	0.621535394693187	0.5705156053121266	putamen_basal_ganglia	M001	cellular component organization, cellular component organization or biogenesis	2.0780183066065763	1.5222851634396763	2.8366302098320224	1.227742455142157	0.03251848043305147	0.0008863001285363532	True	True						False	False	False	DTX1
240	ENSG00000149582	1	putamen_basal_ganglia	M001	0.03251848043305147	1.227742455142157	1.227742455142157	1	0	0	1	coupled	0.621535394693187	0.5684606566304443	putamen_basal_ganglia	M001	cellular component organization, cellular component organization or biogenesis	2.0780183066065763	1.5222851634396763	2.8366302098320224	1.227742455142157	0.03251848043305147	0.0008863001285363532	True	True						False	False	False	TMEM25
241	ENSG00000140323	1	putamen_basal_ganglia	M001	0.03251848043305147	1.227742455142157	1.227742455142157	1	0	0	1	coupled	0.621535394693187	0.5617751578480996	putamen_basal_ganglia	M001	cellular component organization, cellular component organization or biogenesis	2.0780183066065763	1.5222851634396763	2.8366302098320224	1.227742455142157	0.03251848043305147	0.0008863001285363532	True	True						False	False	False	DISP2
242	ENSG00000105538	1	putamen_basal_ganglia	M001	0.03251848043305147	1.227742455142157	1.227742455142157	1	0	0	1	switch_only	0.621535394693187	0.5598663679855975	putamen_basal_ganglia	M001	cellular component organization, cellular component organization or biogenesis	2.0780183066065763	1.5222851634396763	2.8366302098320224	1.227742455142157	0.03251848043305147	0.0008863001285363532	True	True						False	False	False	RASIP1
243	ENSG00000178952	1	putamen_basal_ganglia	M001	0.03251848043305147	1.227742455142157	1.227742455142157	1	0	0	1	discordant	0.621535394693187	0.5555251613267151	putamen_basal_ganglia	M001	cellular component organization, cellular component organization or biogenesis	2.0780183066065763	1.5222851634396763	2.8366302098320224	1.227742455142157	0.03251848043305147	0.0008863001285363532	True	True						False	False	False	TUFM
244	ENSG00000136878	1	putamen_basal_ganglia	M001	0.03251848043305147	1.227742455142157	1.227742455142157	1	0	0	1	coupled	0.621535394693187	0.5458804457234749	putamen_basal_ganglia	M001	cellular component organization, cellular component organization or biogenesis	2.0780183066065763	1.5222851634396763	2.8366302098320224	1.227742455142157	0.03251848043305147	0.0008863001285363532	True	True						False	False	False	USP20
245	ENSG00000166813	1	putamen_basal_ganglia	M001	0.03251848043305147	1.227742455142157	1.227742455142157	1	0	0	1	coupled	0.621535394693187	0.5454806413834377	putamen_basal_ganglia	M001	cellular component organization, cellular component organization or biogenesis	2.0780183066065763	1.5222851634396763	2.8366302098320224	1.227742455142157	0.03251848043305147	0.0008863001285363532	True	True						False	False	False	KIF7
246	ENSG00000141858	1	putamen_basal_ganglia	M001	0.03251848043305147	1.227742455142157	1.227742455142157	1	0	0	1	discordant	0.621535394693187	0.5438040539407101	putamen_basal_ganglia	M001	cellular component organization, cellular component organization or biogenesis	2.0780183066065763	1.5222851634396763	2.8366302098320224	1.227742455142157	0.03251848043305147	0.0008863001285363532	True	True						False	False	False	SAMD1
247	ENSG00000205476	1	putamen_basal_ganglia	M001	0.03251848043305147	1.227742455142157	1.227742455142157	1	0	0	1	discordant	0.621535394693187	0.5383030728532805	putamen_basal_ganglia	M001	cellular component organization, cellular component organization or biogenesis	2.0780183066065763	1.5222851634396763	2.8366302098320224	1.227742455142157	0.03251848043305147	0.0008863001285363532	True	True						False	False	False	CCDC85C
248	ENSG00000196072	1	putamen_basal_ganglia	M001	0.03251848043305147	1.227742455142157	1.227742455142157	1	0	0	1	discordant	0.621535394693187	0.5352481422166195	putamen_basal_ganglia	M001	cellular component organization, cellular component organization or biogenesis	2.0780183066065763	1.5222851634396763	2.8366302098320224	1.227742455142157	0.03251848043305147	0.0008863001285363532	True	True						False	False	False	BLOC1S2
249	ENSG00000143375	1	putamen_basal_ganglia	M001	0.03251848043305147	1.227742455142157	1.227742455142157	1	0	0	1	coupled	0.621535394693187	0.5331074998255746	putamen_basal_ganglia	M001	cellular component organization, cellular component organization or biogenesis	2.0780183066065763	1.5222851634396763	2.8366302098320224	1.227742455142157	0.03251848043305147	0.0008863001285363532	True	True						False	False	False	CGN
250	ENSG00000136830	1	putamen_basal_ganglia	M001	0.03251848043305147	1.227742455142157	1.227742455142157	1	0	0	1	switch_only	0.621535394693187	0.5326638275401959	putamen_basal_ganglia	M001	cellular component organization, cellular component organization or biogenesis	2.0780183066065763	1.5222851634396763	2.8366302098320224	1.227742455142157	0.03251848043305147	0.0008863001285363532	True	True						False	False	False	NIBAN2
251	ENSG00000069122	1	putamen_basal_ganglia	M001	0.03251848043305147	1.227742455142157	1.227742455142157	1	0	0	1	switch_only	0.621535394693187	0.526861409712259	putamen_basal_ganglia	M001	cellular component organization, cellular component organization or biogenesis	2.0780183066065763	1.5222851634396763	2.8366302098320224	1.227742455142157	0.03251848043305147	0.0008863001285363532	True	True						False	False	False	ADGRF5
252	ENSG00000137841	1	putamen_basal_ganglia	M001	0.03251848043305147	1.227742455142157	1.227742455142157	1	0	0	1	coupled	0.621535394693187	0.5248062289824971	putamen_basal_ganglia	M001	cellular component organization, cellular component organization or biogenesis	2.0780183066065763	1.5222851634396763	2.8366302098320224	1.227742455142157	0.03251848043305147	0.0008863001285363532	True	True						False	False	False	PLCB2
253	ENSG00000139613	1	putamen_basal_ganglia	M001	0.03251848043305147	1.227742455142157	1.227742455142157	1	0	0	1	coupled	0.621535394693187	0.517934916280304	putamen_basal_ganglia	M001	cellular component organization, cellular component organization or biogenesis	2.0780183066065763	1.5222851634396763	2.8366302098320224	1.227742455142157	0.03251848043305147	0.0008863001285363532	True	True						False	False	False	SMARCC2
254	ENSG00000143641	1	putamen_basal_ganglia	M001	0.03251848043305147	1.227742455142157	1.227742455142157	1	0	0	1	coupled	0.621535394693187	0.5173671705271429	putamen_basal_ganglia	M001	cellular component organization, cellular component organization or biogenesis	2.0780183066065763	1.5222851634396763	2.8366302098320224	1.227742455142157	0.03251848043305147	0.0008863001285363532	True	True						False	False	False	GALNT2
255	ENSG00000175467	1	putamen_basal_ganglia	M001	0.03251848043305147	1.227742455142157	1.227742455142157	1	0	0	1	coupled	0.621535394693187	0.5101138049021132	putamen_basal_ganglia	M001	cellular component organization, cellular component organization or biogenesis	2.0780183066065763	1.5222851634396763	2.8366302098320224	1.227742455142157	0.03251848043305147	0.0008863001285363532	True	True						False	False	False	SART1
256	ENSG00000075240	1	putamen_basal_ganglia	M001	0.03251848043305147	1.227742455142157	1.227742455142157	1	0	0	1	coupled	0.621535394693187	0.5079349821118652	putamen_basal_ganglia	M001	cellular component organization, cellular component organization or biogenesis	2.0780183066065763	1.5222851634396763	2.8366302098320224	1.227742455142157	0.03251848043305147	0.0008863001285363532	True	True						False	False	False	GRAMD4
257	ENSG00000031823	1	putamen_basal_ganglia	M001	0.03251848043305147	1.227742455142157	1.227742455142157	1	0	0	1	coupled	0.621535394693187	0.5048410217110607	putamen_basal_ganglia	M001	cellular component organization, cellular component organization or biogenesis	2.0780183066065763	1.5222851634396763	2.8366302098320224	1.227742455142157	0.03251848043305147	0.0008863001285363532	True	True						False	False	False	RANBP3
258	ENSG00000143537	1	putamen_basal_ganglia	M001	0.03251848043305147	1.227742455142157	1.227742455142157	1	0	0	1	coupled	0.621535394693187	0.5020559228438214	putamen_basal_ganglia	M001	cellular component organization, cellular component organization or biogenesis	2.0780183066065763	1.5222851634396763	2.8366302098320224	1.227742455142157	0.03251848043305147	0.0008863001285363532	True	True	LBD	sQTL	0.0302228798643609	splicing (sQTL not resolved to switch pair)	splicing-unresolved	False	True	False	ADAM15
259	ENSG00000136367	1	putamen_basal_ganglia	M001	0.03251848043305147	1.227742455142157	1.227742455142157	1	0	0	1	coupled	0.621535394693187	0.5008737981968869	putamen_basal_ganglia	M001	cellular component organization, cellular component organization or biogenesis	2.0780183066065763	1.5222851634396763	2.8366302098320224	1.227742455142157	0.03251848043305147	0.0008863001285363532	True	True						False	False	False	ZFHX2
260	ENSG00000091622	1	putamen_basal_ganglia	M001	0.03251848043305147	1.227742455142157	1.227742455142157	1	0	0	1	coupled	0.621535394693187	0.5000889758341606	putamen_basal_ganglia	M001	cellular component organization, cellular component organization or biogenesis	2.0780183066065763	1.5222851634396763	2.8366302098320224	1.227742455142157	0.03251848043305147	0.0008863001285363532	True	True						False	False	False	PITPNM3
261	ENSG00000105290	1	putamen_basal_ganglia	M001	0.03251848043305147	1.227742455142157	1.227742455142157	1	0	0	1	coupled	0.621535394693187	0.4986371309991392	putamen_basal_ganglia	M001	cellular component organization, cellular component organization or biogenesis	2.0780183066065763	1.5222851634396763	2.8366302098320224	1.227742455142157	0.03251848043305147	0.0008863001285363532	True	True						False	False	False	APLP1
262	ENSG00000145214	1	putamen_basal_ganglia	M001	0.03251848043305147	1.227742455142157	1.227742455142157	1	0	0	1	coupled	0.621535394693187	0.487587924707814	putamen_basal_ganglia	M001	cellular component organization, cellular component organization or biogenesis	2.0780183066065763	1.5222851634396763	2.8366302098320224	1.227742455142157	0.03251848043305147	0.0008863001285363532	True	True	ALS,LBD,PD	eQTL	0.999905484189699	expression-led (eQTL gene-level)	expression-led	False	True	False	DGKQ
263	ENSG00000105088	1	putamen_basal_ganglia	M001	0.03251848043305147	1.227742455142157	1.227742455142157	1	0	0	1	switch_only	0.621535394693187	0.4867339091157714	putamen_basal_ganglia	M001	cellular component organization, cellular component organization or biogenesis	2.0780183066065763	1.5222851634396763	2.8366302098320224	1.227742455142157	0.03251848043305147	0.0008863001285363532	True	True						False	False	False	OLFM2
264	ENSG00000100156	1	putamen_basal_ganglia	M001	0.03251848043305147	1.227742455142157	1.227742455142157	1	0	0	1	coupled	0.621535394693187	0.4861466841746949	putamen_basal_ganglia	M001	cellular component organization, cellular component organization or biogenesis	2.0780183066065763	1.5222851634396763	2.8366302098320224	1.227742455142157	0.03251848043305147	0.0008863001285363532	True	True						False	False	False	SLC16A8
265	ENSG00000147457	1	putamen_basal_ganglia	M001	0.03251848043305147	1.227742455142157	1.227742455142157	1	0	0	1	coupled	0.621535394693187	0.4852554811870669	putamen_basal_ganglia	M001	cellular component organization, cellular component organization or biogenesis	2.0780183066065763	1.5222851634396763	2.8366302098320224	1.227742455142157	0.03251848043305147	0.0008863001285363532	True	True						False	False	False	CHMP7
266	ENSG00000120885	1	putamen_basal_ganglia	M001	0.03251848043305147	1.227742455142157	1.227742455142157	1	0	0	1	switch_only	0.621535394693187	0.4826085315271623	putamen_basal_ganglia	M001	cellular component organization, cellular component organization or biogenesis	2.0780183066065763	1.5222851634396763	2.8366302098320224	1.227742455142157	0.03251848043305147	0.0008863001285363532	True	True						False	False	False	CLU
267	ENSG00000072071	1	putamen_basal_ganglia	M001	0.03251848043305147	1.227742455142157	1.227742455142157	1	0	0	1	discordant	0.621535394693187	0.4668848452008767	putamen_basal_ganglia	M001	cellular component organization, cellular component organization or biogenesis	2.0780183066065763	1.5222851634396763	2.8366302098320224	1.227742455142157	0.03251848043305147	0.0008863001285363532	True	True						False	False	False	ADGRL1
268	ENSG00000262678	1	putamen_basal_ganglia	M001	0.03251848043305147	1.227742455142157	1.227742455142157	1	0	0	1	discordant	0.621535394693187	0.45520551546246263	putamen_basal_ganglia	M001	cellular component organization, cellular component organization or biogenesis	2.0780183066065763	1.5222851634396763	2.8366302098320224	1.227742455142157	0.03251848043305147	0.0008863001285363532	True	True						False	False	False	CAMTA2-AS1
269	ENSG00000196214	1	putamen_basal_ganglia	M001	0.03251848043305147	1.227742455142157	1.227742455142157	1	0	0	1	discordant	0.621535394693187	0.45468412451674745	putamen_basal_ganglia	M001	cellular component organization, cellular component organization or biogenesis	2.0780183066065763	1.5222851634396763	2.8366302098320224	1.227742455142157	0.03251848043305147	0.0008863001285363532	True	True						False	False	False	ZNF766
270	ENSG00000266074	1	putamen_basal_ganglia	M001	0.03251848043305147	1.227742455142157	1.227742455142157	1	0	0	1	coupled	0.621535394693187	0.44643683724559646	putamen_basal_ganglia	M001	cellular component organization, cellular component organization or biogenesis	2.0780183066065763	1.5222851634396763	2.8366302098320224	1.227742455142157	0.03251848043305147	0.0008863001285363532	True	True						False	False	False	BAHCC1
271	ENSG00000075426	1	putamen_basal_ganglia	M001	0.03251848043305147	1.227742455142157	1.227742455142157	1	0	0	1	coupled	0.621535394693187	0.41811416926801137	putamen_basal_ganglia	M001	cellular component organization, cellular component organization or biogenesis	2.0780183066065763	1.5222851634396763	2.8366302098320224	1.227742455142157	0.03251848043305147	0.0008863001285363532	True	True						False	False	False	FOSL2
272	ENSG00000036672	1	putamen_basal_ganglia	M001	0.03251848043305147	1.227742455142157	1.227742455142157	1	0	0	1	discordant	0.621535394693187	0.41593935782501207	putamen_basal_ganglia	M001	cellular component organization, cellular component organization or biogenesis	2.0780183066065763	1.5222851634396763	2.8366302098320224	1.227742455142157	0.03251848043305147	0.0008863001285363532	True	True						False	False	False	USP2
273	ENSG00000082781	1	putamen_basal_ganglia	M001	0.03251848043305147	1.227742455142157	1.227742455142157	1	0	0	1	switch_only	0.621535394693187	0.40575400048980736	putamen_basal_ganglia	M001	cellular component organization, cellular component organization or biogenesis	2.0780183066065763	1.5222851634396763	2.8366302098320224	1.227742455142157	0.03251848043305147	0.0008863001285363532	True	True						False	False	False	ITGB5
274	ENSG00000126001	1	putamen_basal_ganglia	M001	0.03251848043305147	1.227742455142157	1.227742455142157	1	0	0	1	coupled	0.621535394693187	0.37887874717548337	putamen_basal_ganglia	M001	cellular component organization, cellular component organization or biogenesis	2.0780183066065763	1.5222851634396763	2.8366302098320224	1.227742455142157	0.03251848043305147	0.0008863001285363532	True	True						False	False	False	CEP250
275	ENSG00000160209	1	putamen_basal_ganglia	M001	0.03251848043305147	1.227742455142157	1.227742455142157	1	0	0	1	discordant	0.621535394693187	0.37850159585639304	putamen_basal_ganglia	M001	cellular component organization, cellular component organization or biogenesis	2.0780183066065763	1.5222851634396763	2.8366302098320224	1.227742455142157	0.03251848043305147	0.0008863001285363532	True	True						False	False	False	PDXK
276	ENSG00000130810	1	putamen_basal_ganglia	M001	0.03251848043305147	1.227742455142157	1.227742455142157	1	0	0	1	discordant	0.621535394693187	0.3545429506971993	putamen_basal_ganglia	M001	cellular component organization, cellular component organization or biogenesis	2.0780183066065763	1.5222851634396763	2.8366302098320224	1.227742455142157	0.03251848043305147	0.0008863001285363532	True	True						False	False	False	PPAN
277	ENSG00000132837	1	putamen_basal_ganglia	M001	0.03251848043305147	1.227742455142157	1.227742455142157	1	0	0	1	discordant	0.621535394693187	0.3508270003629186	putamen_basal_ganglia	M001	cellular component organization, cellular component organization or biogenesis	2.0780183066065763	1.5222851634396763	2.8366302098320224	1.227742455142157	0.03251848043305147	0.0008863001285363532	True	True						False	False	False	DMGDH
278	ENSG00000187994	1	putamen_basal_ganglia	M001	0.03251848043305147	1.227742455142157	1.227742455142157	1	0	0	1	discordant	0.621535394693187	0.3395046805351602	putamen_basal_ganglia	M001	cellular component organization, cellular component organization or biogenesis	2.0780183066065763	1.5222851634396763	2.8366302098320224	1.227742455142157	0.03251848043305147	0.0008863001285363532	True	True						False	False	False	RINL
279	ENSG00000176485	1	putamen_basal_ganglia	M001	0.03251848043305147	1.227742455142157	1.227742455142157	1	0	0	1	discordant	0.621535394693187	0.3300021313021648	putamen_basal_ganglia	M001	cellular component organization, cellular component organization or biogenesis	2.0780183066065763	1.5222851634396763	2.8366302098320224	1.227742455142157	0.03251848043305147	0.0008863001285363532	True	True						False	False	False	PLAAT3
280	ENSG00000037757	1	putamen_basal_ganglia	M001	0.03251848043305147	1.227742455142157	1.227742455142157	1	0	0	1	discordant	0.621535394693187	0.316106689323111	putamen_basal_ganglia	M001	cellular component organization, cellular component organization or biogenesis	2.0780183066065763	1.5222851634396763	2.8366302098320224	1.227742455142157	0.03251848043305147	0.0008863001285363532	True	True						False	False	False	MRI1
281	ENSG00000177842	1	putamen_basal_ganglia	M001	0.03251848043305147	1.227742455142157	1.227742455142157	1	0	0	1	discordant	0.621535394693187	0.3159164314228592	putamen_basal_ganglia	M001	cellular component organization, cellular component organization or biogenesis	2.0780183066065763	1.5222851634396763	2.8366302098320224	1.227742455142157	0.03251848043305147	0.0008863001285363532	True	True						False	False	False	ZNF620
282	ENSG00000120896	1	putamen_basal_ganglia	M001	0.03251848043305147	1.227742455142157	1.227742455142157	1	0	0	1	switch_only	0.621535394693187	0.3010214201982891	putamen_basal_ganglia	M001	cellular component organization, cellular component organization or biogenesis	2.0780183066065763	1.5222851634396763	2.8366302098320224	1.227742455142157	0.03251848043305147	0.0008863001285363532	True	True						False	False	False	SORBS3
283	ENSG00000145016	1	putamen_basal_ganglia	M001	0.03251848043305147	1.227742455142157	1.227742455142157	1	0	0	1	discordant	0.621535394693187	0.2985861436071271	putamen_basal_ganglia	M001	cellular component organization, cellular component organization or biogenesis	2.0780183066065763	1.5222851634396763	2.8366302098320224	1.227742455142157	0.03251848043305147	0.0008863001285363532	True	True						False	False	False	RUBCN
284	ENSG00000261971	1	putamen_basal_ganglia	M001	0.03251848043305147	1.227742455142157	1.227742455142157	1	0	0	1	discordant	0.621535394693187	0.28169142716717344	putamen_basal_ganglia	M001	cellular component organization, cellular component organization or biogenesis	2.0780183066065763	1.5222851634396763	2.8366302098320224	1.227742455142157	0.03251848043305147	0.0008863001285363532	True	True						False	False	False	MMP25-AS1
285	ENSG00000106333	1	putamen_basal_ganglia	M001	0.03251848043305147	1.227742455142157	1.227742455142157	1	0	0	1	switch_only	0.621535394693187	0.27368584486396824	putamen_basal_ganglia	M001	cellular component organization, cellular component organization or biogenesis	2.0780183066065763	1.5222851634396763	2.8366302098320224	1.227742455142157	0.03251848043305147	0.0008863001285363532	True	True						False	False	False	PCOLCE
286	ENSG00000104825	1	putamen_basal_ganglia	M001	0.03251848043305147	1.227742455142157	1.227742455142157	1	0	0	1	coupled	0.621535394693187	0.26359391009573196	putamen_basal_ganglia	M001	cellular component organization, cellular component organization or biogenesis	2.0780183066065763	1.5222851634396763	2.8366302098320224	1.227742455142157	0.03251848043305147	0.0008863001285363532	True	True						False	False	False	NFKBIB
287	ENSG00000125656	1	putamen_basal_ganglia	M001	0.03251848043305147	1.227742455142157	1.227742455142157	1	0	0	1	discordant	0.621535394693187	0.2611491117279532	putamen_basal_ganglia	M001	cellular component organization, cellular component organization or biogenesis	2.0780183066065763	1.5222851634396763	2.8366302098320224	1.227742455142157	0.03251848043305147	0.0008863001285363532	True	True						False	False	False	CLPP
288	ENSG00000133665	1	putamen_basal_ganglia	M001	0.03251848043305147	1.227742455142157	1.227742455142157	1	0	0	0	abundance_only	0.621535394693187	0.1934385222805877	putamen_basal_ganglia	M001	cellular component organization, cellular component organization or biogenesis	2.0780183066065763	1.5222851634396763	2.8366302098320224	1.227742455142157	0.03251848043305147	0.0008863001285363532	True	True						False	False	False	DYDC2
289	ENSG00000167992	1	putamen_basal_ganglia	M001	0.03251848043305147	1.227742455142157	1.227742455142157	1	0	0	0	abundance_only	0.621535394693187	0.1432418664852793	putamen_basal_ganglia	M001	cellular component organization, cellular component organization or biogenesis	2.0780183066065763	1.5222851634396763	2.8366302098320224	1.227742455142157	0.03251848043305147	0.0008863001285363532	True	True						False	False	False	VWCE
290	ENSG00000014919	1	putamen_basal_ganglia	M001	0.03251848043305147	1.227742455142157	1.227742455142157	1	0	0	0	abundance_only	0.621535394693187	0.13039318288448165	putamen_basal_ganglia	M001	cellular component organization, cellular component organization or biogenesis	2.0780183066065763	1.5222851634396763	2.8366302098320224	1.227742455142157	0.03251848043305147	0.0008863001285363532	True	True						False	False	False	COX15
291	ENSG00000065600	1	putamen_basal_ganglia	M001	0.03251848043305147	1.227742455142157	1.227742455142157	1	0	0	0	abundance_only	0.621535394693187	0.1169769151644804	putamen_basal_ganglia	M001	cellular component organization, cellular component organization or biogenesis	2.0780183066065763	1.5222851634396763	2.8366302098320224	1.227742455142157	0.03251848043305147	0.0008863001285363532	True	True						False	False	False	PACC1
292	ENSG00000186174	1	putamen_basal_ganglia	M001	0.03251848043305147	1.227742455142157	1.227742455142157	1	0	0	0	abundance_only	0.621535394693187	0.11458657114197433	putamen_basal_ganglia	M001	cellular component organization, cellular component organization or biogenesis	2.0780183066065763	1.5222851634396763	2.8366302098320224	1.227742455142157	0.03251848043305147	0.0008863001285363532	True	True						False	False	False	BCL9L
293	ENSG00000172830	1	putamen_basal_ganglia	M001	0.03251848043305147	1.227742455142157	1.227742455142157	1	0	0	0	abundance_only	0.621535394693187	0.08955630195773333	putamen_basal_ganglia	M001	cellular component organization, cellular component organization or biogenesis	2.0780183066065763	1.5222851634396763	2.8366302098320224	1.227742455142157	0.03251848043305147	0.0008863001285363532	True	True						False	False	False	SSH3
294	ENSG00000291032	1	putamen_basal_ganglia	M001	0.03251848043305147	1.227742455142157	1.227742455142157	1	0	0	0	abundance_only	0.621535394693187	0.08443753840626737	putamen_basal_ganglia	M001	cellular component organization, cellular component organization or biogenesis	2.0780183066065763	1.5222851634396763	2.8366302098320224	1.227742455142157	0.03251848043305147	0.0008863001285363532	True	True						False	False	False	ENSG00000291032
295	ENSG00000157343	1	putamen_basal_ganglia	M001	0.03251848043305147	1.227742455142157	1.227742455142157	1	0	0	0	abundance_only	0.621535394693187	0.08146986552788058	putamen_basal_ganglia	M001	cellular component organization, cellular component organization or biogenesis	2.0780183066065763	1.5222851634396763	2.8366302098320224	1.227742455142157	0.03251848043305147	0.0008863001285363532	True	True						False	False	False	ARMC12
296	ENSG00000136295	1	putamen_basal_ganglia	M001	0.03251848043305147	1.227742455142157	1.227742455142157	1	0	0	0	abundance_only	0.621535394693187	0.06604741604703998	putamen_basal_ganglia	M001	cellular component organization, cellular component organization or biogenesis	2.0780183066065763	1.5222851634396763	2.8366302098320224	1.227742455142157	0.03251848043305147	0.0008863001285363532	True	True						False	False	False	TTYH3
297	ENSG00000238164	1	putamen_basal_ganglia	M001	0.03251848043305147	1.227742455142157	1.227742455142157	1	0	0	0	abundance_only	0.621535394693187	0.06569910564227147	putamen_basal_ganglia	M001	cellular component organization, cellular component organization or biogenesis	2.0780183066065763	1.5222851634396763	2.8366302098320224	1.227742455142157	0.03251848043305147	0.0008863001285363532	True	True						False	False	False	TNFRSF14-AS1
298	ENSG00000173039	1	cerebellar_hemisphere	M003	0.011826729967041393	1.297598844825533	1.297598844825533	1	0	0	1	discordant	0.4914345904277392	0.8474066991591441	cerebellar_hemisphere	M003	nucleoside triphosphate biosynthetic process, nucleotide biosynthetic process, ribonucleoside triphosphate biosynthetic process	0.8504717289089823	0.6756398098175843	1.070544025327219	1.297598844825533	0.011826729967041393	0.5400495864331183	False	False						False	False	False	RELA
299	ENSG00000105402	1	cerebellar_hemisphere	M003	0.011826729967041393	1.297598844825533	1.297598844825533	1	0	0	1	coupled	0.4914345904277392	0.8353643317753412	cerebellar_hemisphere	M003	nucleoside triphosphate biosynthetic process, nucleotide biosynthetic process, ribonucleoside triphosphate biosynthetic process	0.8504717289089823	0.6756398098175843	1.070544025327219	1.297598844825533	0.011826729967041393	0.5400495864331183	False	False						False	False	False	NAPA
300	ENSG00000229809	1	cerebellar_hemisphere	M003	0.011826729967041393	1.297598844825533	1.297598844825533	1	0	0	1	discordant	0.4914345904277392	0.8001288571943942	cerebellar_hemisphere	M003	nucleoside triphosphate biosynthetic process, nucleotide biosynthetic process, ribonucleoside triphosphate biosynthetic process	0.8504717289089823	0.6756398098175843	1.070544025327219	1.297598844825533	0.011826729967041393	0.5400495864331183	False	False						False	False	False	ZNF688
301	ENSG00000173011	1	cerebellar_hemisphere	M003	0.011826729967041393	1.297598844825533	1.297598844825533	1	0	0	1	discordant	0.4914345904277392	0.791642638198846	cerebellar_hemisphere	M003	nucleoside triphosphate biosynthetic process, nucleotide biosynthetic process, ribonucleoside triphosphate biosynthetic process	0.8504717289089823	0.6756398098175843	1.070544025327219	1.297598844825533	0.011826729967041393	0.5400495864331183	False	False						False	False	False	TADA2B
302	ENSG00000139200	1	cerebellar_hemisphere	M003	0.011826729967041393	1.297598844825533	1.297598844825533	1	0	0	1	discordant	0.4914345904277392	0.7796369700038316	cerebellar_hemisphere	M003	nucleoside triphosphate biosynthetic process, nucleotide biosynthetic process, ribonucleoside triphosphate biosynthetic process	0.8504717289089823	0.6756398098175843	1.070544025327219	1.297598844825533	0.011826729967041393	0.5400495864331183	False	False						False	False	False	PIANP
303	ENSG00000025770	1	cerebellar_hemisphere	M003	0.011826729967041393	1.297598844825533	1.297598844825533	1	0	0	1	discordant	0.4914345904277392	0.774868729020235	cerebellar_hemisphere	M003	nucleoside triphosphate biosynthetic process, nucleotide biosynthetic process, ribonucleoside triphosphate biosynthetic process	0.8504717289089823	0.6756398098175843	1.070544025327219	1.297598844825533	0.011826729967041393	0.5400495864331183	False	False						False	False	False	NCAPH2
304	ENSG00000102934	1	cerebellar_hemisphere	M003	0.011826729967041393	1.297598844825533	1.297598844825533	1	0	0	1	switch_only	0.4914345904277392	0.7548451583222949	cerebellar_hemisphere	M003	nucleoside triphosphate biosynthetic process, nucleotide biosynthetic process, ribonucleoside triphosphate biosynthetic process	0.8504717289089823	0.6756398098175843	1.070544025327219	1.297598844825533	0.011826729967041393	0.5400495864331183	False	False						False	False	False	PLLP
305	ENSG00000140854	1	cerebellar_hemisphere	M003	0.011826729967041393	1.297598844825533	1.297598844825533	1	0	0	1	discordant	0.4914345904277392	0.7457198895154781	cerebellar_hemisphere	M003	nucleoside triphosphate biosynthetic process, nucleotide biosynthetic process, ribonucleoside triphosphate biosynthetic process	0.8504717289089823	0.6756398098175843	1.070544025327219	1.297598844825533	0.011826729967041393	0.5400495864331183	False	False						False	False	False	KATNB1
306	ENSG00000163481	1	cerebellar_hemisphere	M003	0.011826729967041393	1.297598844825533	1.297598844825533	1	0	0	1	discordant	0.4914345904277392	0.7407777265524241	cerebellar_hemisphere	M003	nucleoside triphosphate biosynthetic process, nucleotide biosynthetic process, ribonucleoside triphosphate biosynthetic process	0.8504717289089823	0.6756398098175843	1.070544025327219	1.297598844825533	0.011826729967041393	0.5400495864331183	False	False						False	False	False	RNF25
307	ENSG00000167302	1	cerebellar_hemisphere	M003	0.011826729967041393	1.297598844825533	1.297598844825533	1	0	0	1	discordant	0.4914345904277392	0.7200480734630571	cerebellar_hemisphere	M003	nucleoside triphosphate biosynthetic process, nucleotide biosynthetic process, ribonucleoside triphosphate biosynthetic process	0.8504717289089823	0.6756398098175843	1.070544025327219	1.297598844825533	0.011826729967041393	0.5400495864331183	False	False						False	False	False	TEPSIN
308	ENSG00000178809	1	cerebellar_hemisphere	M003	0.011826729967041393	1.297598844825533	1.297598844825533	1	0	0	1	discordant	0.4914345904277392	0.7107245111218368	cerebellar_hemisphere	M003	nucleoside triphosphate biosynthetic process, nucleotide biosynthetic process, ribonucleoside triphosphate biosynthetic process	0.8504717289089823	0.6756398098175843	1.070544025327219	1.297598844825533	0.011826729967041393	0.5400495864331183	False	False						False	False	False	TRIM73
309	ENSG00000140365	1	cerebellar_hemisphere	M003	0.011826729967041393	1.297598844825533	1.297598844825533	1	0	0	1	discordant	0.4914345904277392	0.703745083252152	cerebellar_hemisphere	M003	nucleoside triphosphate biosynthetic process, nucleotide biosynthetic process, ribonucleoside triphosphate biosynthetic process	0.8504717289089823	0.6756398098175843	1.070544025327219	1.297598844825533	0.011826729967041393	0.5400495864331183	False	False						False	False	False	COMMD4
310	ENSG00000239857	1	cerebellar_hemisphere	M003	0.011826729967041393	1.297598844825533	1.297598844825533	1	0	0	1	discordant	0.4914345904277392	0.680138959972789	cerebellar_hemisphere	M003	nucleoside triphosphate biosynthetic process, nucleotide biosynthetic process, ribonucleoside triphosphate biosynthetic process	0.8504717289089823	0.6756398098175843	1.070544025327219	1.297598844825533	0.011826729967041393	0.5400495864331183	False	False						False	False	False	GET4
311	ENSG00000172590	1	cerebellar_hemisphere	M003	0.011826729967041393	1.297598844825533	1.297598844825533	1	0	0	1	coupled	0.4914345904277392	0.6772707746736203	cerebellar_hemisphere	M003	nucleoside triphosphate biosynthetic process, nucleotide biosynthetic process, ribonucleoside triphosphate biosynthetic process	0.8504717289089823	0.6756398098175843	1.070544025327219	1.297598844825533	0.011826729967041393	0.5400495864331183	False	False						False	False	False	MRPL52
312	ENSG00000132507	1	cerebellar_hemisphere	M003	0.011826729967041393	1.297598844825533	1.297598844825533	1	0	0	1	coupled	0.4914345904277392	0.6674315569778236	cerebellar_hemisphere	M003	nucleoside triphosphate biosynthetic process, nucleotide biosynthetic process, ribonucleoside triphosphate biosynthetic process	0.8504717289089823	0.6756398098175843	1.070544025327219	1.297598844825533	0.011826729967041393	0.5400495864331183	False	False						False	False	False	EIF5A
313	ENSG00000104866	1	cerebellar_hemisphere	M003	0.011826729967041393	1.297598844825533	1.297598844825533	1	0	0	1	discordant	0.4914345904277392	0.6546885150189412	cerebellar_hemisphere	M003	nucleoside triphosphate biosynthetic process, nucleotide biosynthetic process, ribonucleoside triphosphate biosynthetic process	0.8504717289089823	0.6756398098175843	1.070544025327219	1.297598844825533	0.011826729967041393	0.5400495864331183	False	False						False	False	False	PPP1R37
314	ENSG00000160446	1	cerebellar_hemisphere	M003	0.011826729967041393	1.297598844825533	1.297598844825533	1	0	0	1	coupled	0.4914345904277392	0.6518619140280074	cerebellar_hemisphere	M003	nucleoside triphosphate biosynthetic process, nucleotide biosynthetic process, ribonucleoside triphosphate biosynthetic process	0.8504717289089823	0.6756398098175843	1.070544025327219	1.297598844825533	0.011826729967041393	0.5400495864331183	False	False						False	False	False	ZDHHC12
315	ENSG00000110717	1	cerebellar_hemisphere	M003	0.011826729967041393	1.297598844825533	1.297598844825533	1	0	0	1	coupled	0.4914345904277392	0.6450052173944487	cerebellar_hemisphere	M003	nucleoside triphosphate biosynthetic process, nucleotide biosynthetic process, ribonucleoside triphosphate biosynthetic process	0.8504717289089823	0.6756398098175843	1.070544025327219	1.297598844825533	0.011826729967041393	0.5400495864331183	False	False						False	False	False	NDUFS8
316	ENSG00000180539	1	cerebellar_hemisphere	M003	0.011826729967041393	1.297598844825533	1.297598844825533	1	0	0	1	discordant	0.4914345904277392	0.6416568968066955	cerebellar_hemisphere	M003	nucleoside triphosphate biosynthetic process, nucleotide biosynthetic process, ribonucleoside triphosphate biosynthetic process	0.8504717289089823	0.6756398098175843	1.070544025327219	1.297598844825533	0.011826729967041393	0.5400495864331183	False	False						False	False	False	LINC02908
317	ENSG00000138107	1	cerebellar_hemisphere	M003	0.011826729967041393	1.297598844825533	1.297598844825533	1	0	0	1	coupled	0.4914345904277392	0.639456778481953	cerebellar_hemisphere	M003	nucleoside triphosphate biosynthetic process, nucleotide biosynthetic process, ribonucleoside triphosphate biosynthetic process	0.8504717289089823	0.6756398098175843	1.070544025327219	1.297598844825533	0.011826729967041393	0.5400495864331183	False	False						False	False	False	ACTR1A
318	ENSG00000117448	1	cerebellar_hemisphere	M003	0.011826729967041393	1.297598844825533	1.297598844825533	1	0	0	1	discordant	0.4914345904277392	0.6365286689158909	cerebellar_hemisphere	M003	nucleoside triphosphate biosynthetic process, nucleotide biosynthetic process, ribonucleoside triphosphate biosynthetic process	0.8504717289089823	0.6756398098175843	1.070544025327219	1.297598844825533	0.011826729967041393	0.5400495864331183	False	False						False	False	False	AKR1A1
319	ENSG00000242252	1	cerebellar_hemisphere	M003	0.011826729967041393	1.297598844825533	1.297598844825533	1	0	0	1	switch_only	0.4914345904277392	0.636042442254489	cerebellar_hemisphere	M003	nucleoside triphosphate biosynthetic process, nucleotide biosynthetic process, ribonucleoside triphosphate biosynthetic process	0.8504717289089823	0.6756398098175843	1.070544025327219	1.297598844825533	0.011826729967041393	0.5400495864331183	False	False						False	False	False	BGLAP
320	ENSG00000012779	1	cerebellar_hemisphere	M003	0.011826729967041393	1.297598844825533	1.297598844825533	1	0	0	1	discordant	0.4914345904277392	0.6276402502109388	cerebellar_hemisphere	M003	nucleoside triphosphate biosynthetic process, nucleotide biosynthetic process, ribonucleoside triphosphate biosynthetic process	0.8504717289089823	0.6756398098175843	1.070544025327219	1.297598844825533	0.011826729967041393	0.5400495864331183	False	False						False	False	False	ALOX5
321	ENSG00000125744	1	cerebellar_hemisphere	M003	0.011826729967041393	1.297598844825533	1.297598844825533	1	0	0	1	discordant	0.4914345904277392	0.6176805915961097	cerebellar_hemisphere	M003	nucleoside triphosphate biosynthetic process, nucleotide biosynthetic process, ribonucleoside triphosphate biosynthetic process	0.8504717289089823	0.6756398098175843	1.070544025327219	1.297598844825533	0.011826729967041393	0.5400495864331183	False	False						False	False	False	RTN2
322	ENSG00000105364	1	cerebellar_hemisphere	M003	0.011826729967041393	1.297598844825533	1.297598844825533	1	0	0	1	discordant	0.4914345904277392	0.6083799750706355	cerebellar_hemisphere	M003	nucleoside triphosphate biosynthetic process, nucleotide biosynthetic process, ribonucleoside triphosphate biosynthetic process	0.8504717289089823	0.6756398098175843	1.070544025327219	1.297598844825533	0.011826729967041393	0.5400495864331183	False	False						False	False	False	MRPL4
323	ENSG00000161036	1	cerebellar_hemisphere	M003	0.011826729967041393	1.297598844825533	1.297598844825533	1	0	0	1	discordant	0.4914345904277392	0.6001401082375073	cerebellar_hemisphere	M003	nucleoside triphosphate biosynthetic process, nucleotide biosynthetic process, ribonucleoside triphosphate biosynthetic process	0.8504717289089823	0.6756398098175843	1.070544025327219	1.297598844825533	0.011826729967041393	0.5400495864331183	False	False						False	False	False	LRWD1
324	ENSG00000104529	1	cerebellar_hemisphere	M003	0.011826729967041393	1.297598844825533	1.297598844825533	1	0	0	1	discordant	0.4914345904277392	0.5990387382847866	cerebellar_hemisphere	M003	nucleoside triphosphate biosynthetic process, nucleotide biosynthetic process, ribonucleoside triphosphate biosynthetic process	0.8504717289089823	0.6756398098175843	1.070544025327219	1.297598844825533	0.011826729967041393	0.5400495864331183	False	False						False	False	False	EEF1D
325	ENSG00000122386	1	cerebellar_hemisphere	M003	0.011826729967041393	1.297598844825533	1.297598844825533	1	0	0	1	discordant	0.4914345904277392	0.5974102733672599	cerebellar_hemisphere	M003	nucleoside triphosphate biosynthetic process, nucleotide biosynthetic process, ribonucleoside triphosphate biosynthetic process	0.8504717289089823	0.6756398098175843	1.070544025327219	1.297598844825533	0.011826729967041393	0.5400495864331183	False	False						False	False	False	ZNF205
326	ENSG00000090447	1	cerebellar_hemisphere	M003	0.011826729967041393	1.297598844825533	1.297598844825533	1	0	0	1	discordant	0.4914345904277392	0.5964999468991364	cerebellar_hemisphere	M003	nucleoside triphosphate biosynthetic process, nucleotide biosynthetic process, ribonucleoside triphosphate biosynthetic process	0.8504717289089823	0.6756398098175843	1.070544025327219	1.297598844825533	0.011826729967041393	0.5400495864331183	False	False						False	False	False	TFAP4
327	ENSG00000215375	1	cerebellar_hemisphere	M003	0.011826729967041393	1.297598844825533	1.297598844825533	1	0	0	1	discordant	0.4914345904277392	0.5960589101006871	cerebellar_hemisphere	M003	nucleoside triphosphate biosynthetic process, nucleotide biosynthetic process, ribonucleoside triphosphate biosynthetic process	0.8504717289089823	0.6756398098175843	1.070544025327219	1.297598844825533	0.011826729967041393	0.5400495864331183	False	False						False	False	False	MYL5
328	ENSG00000224729	1	cerebellar_hemisphere	M003	0.011826729967041393	1.297598844825533	1.297598844825533	1	0	0	1	discordant	0.4914345904277392	0.5953404454441317	cerebellar_hemisphere	M003	nucleoside triphosphate biosynthetic process, nucleotide biosynthetic process, ribonucleoside triphosphate biosynthetic process	0.8504717289089823	0.6756398098175843	1.070544025327219	1.297598844825533	0.011826729967041393	0.5400495864331183	False	False						False	False	False	PCOLCE-AS1
329	ENSG00000174871	1	cerebellar_hemisphere	M003	0.011826729967041393	1.297598844825533	1.297598844825533	1	0	0	1	coupled	0.4914345904277392	0.5919297446773044	cerebellar_hemisphere	M003	nucleoside triphosphate biosynthetic process, nucleotide biosynthetic process, ribonucleoside triphosphate biosynthetic process	0.8504717289089823	0.6756398098175843	1.070544025327219	1.297598844825533	0.011826729967041393	0.5400495864331183	False	False						False	False	False	CNIH2
330	ENSG00000105618	1	cerebellar_hemisphere	M003	0.011826729967041393	1.297598844825533	1.297598844825533	1	0	0	1	discordant	0.4914345904277392	0.5889887352046463	cerebellar_hemisphere	M003	nucleoside triphosphate biosynthetic process, nucleotide biosynthetic process, ribonucleoside triphosphate biosynthetic process	0.8504717289089823	0.6756398098175843	1.070544025327219	1.297598844825533	0.011826729967041393	0.5400495864331183	False	False						False	False	False	PRPF31
331	ENSG00000187244	1	cerebellar_hemisphere	M003	0.011826729967041393	1.297598844825533	1.297598844825533	1	0	0	1	switch_only	0.4914345904277392	0.5887704696310486	cerebellar_hemisphere	M003	nucleoside triphosphate biosynthetic process, nucleotide biosynthetic process, ribonucleoside triphosphate biosynthetic process	0.8504717289089823	0.6756398098175843	1.070544025327219	1.297598844825533	0.011826729967041393	0.5400495864331183	False	False						False	False	False	BCAM
332	ENSG00000204653	1	cerebellar_hemisphere	M003	0.011826729967041393	1.297598844825533	1.297598844825533	1	0	0	1	discordant	0.4914345904277392	0.5826006484439278	cerebellar_hemisphere	M003	nucleoside triphosphate biosynthetic process, nucleotide biosynthetic process, ribonucleoside triphosphate biosynthetic process	0.8504717289089823	0.6756398098175843	1.070544025327219	1.297598844825533	0.011826729967041393	0.5400495864331183	False	False						False	False	False	ASPDH
333	ENSG00000125354	1	cerebellar_hemisphere	M003	0.011826729967041393	1.297598844825533	1.297598844825533	1	0	0	1	discordant	0.4914345904277392	0.5698962845068162	cerebellar_hemisphere	M003	nucleoside triphosphate biosynthetic process, nucleotide biosynthetic process, ribonucleoside triphosphate biosynthetic process	0.8504717289089823	0.6756398098175843	1.070544025327219	1.297598844825533	0.011826729967041393	0.5400495864331183	False	False						False	False	False	SEPTIN6
334	ENSG00000141933	1	cerebellar_hemisphere	M003	0.011826729967041393	1.297598844825533	1.297598844825533	1	0	0	1	coupled	0.4914345904277392	0.5587254313748868	cerebellar_hemisphere	M003	nucleoside triphosphate biosynthetic process, nucleotide biosynthetic process, ribonucleoside triphosphate biosynthetic process	0.8504717289089823	0.6756398098175843	1.070544025327219	1.297598844825533	0.011826729967041393	0.5400495864331183	False	False						False	False	False	TPGS1
335	ENSG00000166886	1	cerebellar_hemisphere	M003	0.011826729967041393	1.297598844825533	1.297598844825533	1	0	0	1	coupled	0.4914345904277392	0.5552812784400953	cerebellar_hemisphere	M003	nucleoside triphosphate biosynthetic process, nucleotide biosynthetic process, ribonucleoside triphosphate biosynthetic process	0.8504717289089823	0.6756398098175843	1.070544025327219	1.297598844825533	0.011826729967041393	0.5400495864331183	False	False						False	False	False	NAB2
336	ENSG00000159761	1	cerebellar_hemisphere	M003	0.011826729967041393	1.297598844825533	1.297598844825533	1	0	0	1	coupled	0.4914345904277392	0.5500239594860918	cerebellar_hemisphere	M003	nucleoside triphosphate biosynthetic process, nucleotide biosynthetic process, ribonucleoside triphosphate biosynthetic process	0.8504717289089823	0.6756398098175843	1.070544025327219	1.297598844825533	0.011826729967041393	0.5400495864331183	False	False						False	False	False	C16orf86
337	ENSG00000241852	1	cerebellar_hemisphere	M003	0.011826729967041393	1.297598844825533	1.297598844825533	1	0	0	1	discordant	0.4914345904277392	0.5468865594185	cerebellar_hemisphere	M003	nucleoside triphosphate biosynthetic process, nucleotide biosynthetic process, ribonucleoside triphosphate biosynthetic process	0.8504717289089823	0.6756398098175843	1.070544025327219	1.297598844825533	0.011826729967041393	0.5400495864331183	False	False						False	False	False	C8orf58
338	ENSG00000100124	1	cerebellar_hemisphere	M003	0.011826729967041393	1.297598844825533	1.297598844825533	1	0	0	1	discordant	0.4914345904277392	0.5423061337205193	cerebellar_hemisphere	M003	nucleoside triphosphate biosynthetic process, nucleotide biosynthetic process, ribonucleoside triphosphate biosynthetic process	0.8504717289089823	0.6756398098175843	1.070544025327219	1.297598844825533	0.011826729967041393	0.5400495864331183	False	False	AD	eQTL	0.015458972150133	expression-led (eQTL gene-level)	expression-led	False	True	False	ANKRD54
339	ENSG00000091640	1	cerebellar_hemisphere	M003	0.011826729967041393	1.297598844825533	1.297598844825533	1	0	0	1	discordant	0.4914345904277392	0.5354593761709396	cerebellar_hemisphere	M003	nucleoside triphosphate biosynthetic process, nucleotide biosynthetic process, ribonucleoside triphosphate biosynthetic process	0.8504717289089823	0.6756398098175843	1.070544025327219	1.297598844825533	0.011826729967041393	0.5400495864331183	False	False						False	False	False	SPAG7
340	ENSG00000100347	1	cerebellar_hemisphere	M003	0.011826729967041393	1.297598844825533	1.297598844825533	1	0	0	1	coupled	0.4914345904277392	0.5275629227269689	cerebellar_hemisphere	M003	nucleoside triphosphate biosynthetic process, nucleotide biosynthetic process, ribonucleoside triphosphate biosynthetic process	0.8504717289089823	0.6756398098175843	1.070544025327219	1.297598844825533	0.011826729967041393	0.5400495864331183	False	False						False	False	False	SAMM50
341	ENSG00000103269	1	cerebellar_hemisphere	M003	0.011826729967041393	1.297598844825533	1.297598844825533	1	0	0	1	discordant	0.4914345904277392	0.5213666686469339	cerebellar_hemisphere	M003	nucleoside triphosphate biosynthetic process, nucleotide biosynthetic process, ribonucleoside triphosphate biosynthetic process	0.8504717289089823	0.6756398098175843	1.070544025327219	1.297598844825533	0.011826729967041393	0.5400495864331183	False	False						False	False	False	RHBDL1
342	ENSG00000099625	1	cerebellar_hemisphere	M003	0.011826729967041393	1.297598844825533	1.297598844825533	1	0	0	1	discordant	0.4914345904277392	0.5113669547649825	cerebellar_hemisphere	M003	nucleoside triphosphate biosynthetic process, nucleotide biosynthetic process, ribonucleoside triphosphate biosynthetic process	0.8504717289089823	0.6756398098175843	1.070544025327219	1.297598844825533	0.011826729967041393	0.5400495864331183	False	False						False	False	False	CBARP
343	ENSG00000243708	1	cerebellar_hemisphere	M003	0.011826729967041393	1.297598844825533	1.297598844825533	1	0	0	1	discordant	0.4914345904277392	0.504840212129379	cerebellar_hemisphere	M003	nucleoside triphosphate biosynthetic process, nucleotide biosynthetic process, ribonucleoside triphosphate biosynthetic process	0.8504717289089823	0.6756398098175843	1.070544025327219	1.297598844825533	0.011826729967041393	0.5400495864331183	False	False						False	False	False	PLA2G4B
344	ENSG00000178896	1	cerebellar_hemisphere	M003	0.011826729967041393	1.297598844825533	1.297598844825533	1	0	0	1	coupled	0.4914345904277392	0.49751894828695736	cerebellar_hemisphere	M003	nucleoside triphosphate biosynthetic process, nucleotide biosynthetic process, ribonucleoside triphosphate biosynthetic process	0.8504717289089823	0.6756398098175843	1.070544025327219	1.297598844825533	0.011826729967041393	0.5400495864331183	False	False						False	False	False	EXOSC4
345	ENSG00000310526	1	cerebellar_hemisphere	M003	0.011826729967041393	1.297598844825533	1.297598844825533	1	0	0	1	discordant	0.4914345904277392	0.48668777828249365	cerebellar_hemisphere	M003	nucleoside triphosphate biosynthetic process, nucleotide biosynthetic process, ribonucleoside triphosphate biosynthetic process	0.8504717289089823	0.6756398098175843	1.070544025327219	1.297598844825533	0.011826729967041393	0.5400495864331183	False	False						False	False	False	WASH7P
346	ENSG00000294531	1	cerebellar_hemisphere	M003	0.011826729967041393	1.297598844825533	1.297598844825533	1	0	0	1	discordant	0.4914345904277392	0.48250896647119385	cerebellar_hemisphere	M003	nucleoside triphosphate biosynthetic process, nucleotide biosynthetic process, ribonucleoside triphosphate biosynthetic process	0.8504717289089823	0.6756398098175843	1.070544025327219	1.297598844825533	0.011826729967041393	0.5400495864331183	False	False						False	False	False	ENSG00000294531
347	ENSG00000089351	1	cerebellar_hemisphere	M003	0.011826729967041393	1.297598844825533	1.297598844825533	1	0	0	1	coupled	0.4914345904277392	0.47945485800695226	cerebellar_hemisphere	M003	nucleoside triphosphate biosynthetic process, nucleotide biosynthetic process, ribonucleoside triphosphate biosynthetic process	0.8504717289089823	0.6756398098175843	1.070544025327219	1.297598844825533	0.011826729967041393	0.5400495864331183	False	False						False	False	False	GRAMD1A
348	ENSG00000171680	1	cerebellar_hemisphere	M003	0.011826729967041393	1.297598844825533	1.297598844825533	1	0	0	1	discordant	0.4914345904277392	0.47824720447191427	cerebellar_hemisphere	M003	nucleoside triphosphate biosynthetic process, nucleotide biosynthetic process, ribonucleoside triphosphate biosynthetic process	0.8504717289089823	0.6756398098175843	1.070544025327219	1.297598844825533	0.011826729967041393	0.5400495864331183	False	False						False	False	False	PLEKHG5
349	ENSG00000137824	1	cerebellar_hemisphere	M003	0.011826729967041393	1.297598844825533	1.297598844825533	1	0	0	1	discordant	0.4914345904277392	0.4774296326768271	cerebellar_hemisphere	M003	nucleoside triphosphate biosynthetic process, nucleotide biosynthetic process, ribonucleoside triphosphate biosynthetic process	0.8504717289089823	0.6756398098175843	1.070544025327219	1.297598844825533	0.011826729967041393	0.5400495864331183	False	False						False	False	False	RMDN3
350	ENSG00000198171	1	cerebellar_hemisphere	M003	0.011826729967041393	1.297598844825533	1.297598844825533	1	0	0	1	discordant	0.4914345904277392	0.47673069304427057	cerebellar_hemisphere	M003	nucleoside triphosphate biosynthetic process, nucleotide biosynthetic process, ribonucleoside triphosphate biosynthetic process	0.8504717289089823	0.6756398098175843	1.070544025327219	1.297598844825533	0.011826729967041393	0.5400495864331183	False	False						False	False	False	DDRGK1
351	ENSG00000013523	1	cerebellar_hemisphere	M003	0.011826729967041393	1.297598844825533	1.297598844825533	1	0	0	1	coupled	0.4914345904277392	0.47157163403466484	cerebellar_hemisphere	M003	nucleoside triphosphate biosynthetic process, nucleotide biosynthetic process, ribonucleoside triphosphate biosynthetic process	0.8504717289089823	0.6756398098175843	1.070544025327219	1.297598844825533	0.011826729967041393	0.5400495864331183	False	False						False	False	False	ANGEL1
352	ENSG00000070761	1	cerebellar_hemisphere	M003	0.011826729967041393	1.297598844825533	1.297598844825533	1	0	0	1	coupled	0.4914345904277392	0.47007664419809353	cerebellar_hemisphere	M003	nucleoside triphosphate biosynthetic process, nucleotide biosynthetic process, ribonucleoside triphosphate biosynthetic process	0.8504717289089823	0.6756398098175843	1.070544025327219	1.297598844825533	0.011826729967041393	0.5400495864331183	False	False						False	False	False	CFAP20
353	ENSG00000156381	1	cerebellar_hemisphere	M003	0.011826729967041393	1.297598844825533	1.297598844825533	1	0	0	1	discordant	0.4914345904277392	0.4634179992271454	cerebellar_hemisphere	M003	nucleoside triphosphate biosynthetic process, nucleotide biosynthetic process, ribonucleoside triphosphate biosynthetic process	0.8504717289089823	0.6756398098175843	1.070544025327219	1.297598844825533	0.011826729967041393	0.5400495864331183	False	False						False	False	False	ANKRD9
354	ENSG00000103942	1	cerebellar_hemisphere	M003	0.011826729967041393	1.297598844825533	1.297598844825533	1	0	0	1	discordant	0.4914345904277392	0.46246600883661054	cerebellar_hemisphere	M003	nucleoside triphosphate biosynthetic process, nucleotide biosynthetic process, ribonucleoside triphosphate biosynthetic process	0.8504717289089823	0.6756398098175843	1.070544025327219	1.297598844825533	0.011826729967041393	0.5400495864331183	False	False						False	False	False	HOMER2
355	ENSG00000183401	1	cerebellar_hemisphere	M003	0.011826729967041393	1.297598844825533	1.297598844825533	1	0	0	1	discordant	0.4914345904277392	0.4622531430338267	cerebellar_hemisphere	M003	nucleoside triphosphate biosynthetic process, nucleotide biosynthetic process, ribonucleoside triphosphate biosynthetic process	0.8504717289089823	0.6756398098175843	1.070544025327219	1.297598844825533	0.011826729967041393	0.5400495864331183	False	False						False	False	False	CCDC159
356	ENSG00000205560	1	cerebellar_hemisphere	M003	0.011826729967041393	1.297598844825533	1.297598844825533	1	0	0	1	discordant	0.4914345904277392	0.43598792895763083	cerebellar_hemisphere	M003	nucleoside triphosphate biosynthetic process, nucleotide biosynthetic process, ribonucleoside triphosphate biosynthetic process	0.8504717289089823	0.6756398098175843	1.070544025327219	1.297598844825533	0.011826729967041393	0.5400495864331183	False	False						False	False	False	CPT1B
357	ENSG00000286608	1	cerebellar_hemisphere	M003	0.011826729967041393	1.297598844825533	1.297598844825533	1	0	0	1	discordant	0.4914345904277392	0.42297145245917417	cerebellar_hemisphere	M003	nucleoside triphosphate biosynthetic process, nucleotide biosynthetic process, ribonucleoside triphosphate biosynthetic process	0.8504717289089823	0.6756398098175843	1.070544025327219	1.297598844825533	0.011826729967041393	0.5400495864331183	False	False						False	False	False	ENSG00000286608
358	ENSG00000104524	1	cerebellar_hemisphere	M003	0.011826729967041393	1.297598844825533	1.297598844825533	1	0	0	1	coupled	0.4914345904277392	0.4143305141023117	cerebellar_hemisphere	M003	nucleoside triphosphate biosynthetic process, nucleotide biosynthetic process, ribonucleoside triphosphate biosynthetic process	0.8504717289089823	0.6756398098175843	1.070544025327219	1.297598844825533	0.011826729967041393	0.5400495864331183	False	False						False	False	False	PYCR3
359	ENSG00000204220	1	cerebellar_hemisphere	M003	0.011826729967041393	1.297598844825533	1.297598844825533	1	0	0	1	coupled	0.4914345904277392	0.4127352774092097	cerebellar_hemisphere	M003	nucleoside triphosphate biosynthetic process, nucleotide biosynthetic process, ribonucleoside triphosphate biosynthetic process	0.8504717289089823	0.6756398098175843	1.070544025327219	1.297598844825533	0.011826729967041393	0.5400495864331183	False	False						False	False	False	PFDN6
360	ENSG00000189129	1	cerebellar_hemisphere	M003	0.011826729967041393	1.297598844825533	1.297598844825533	1	0	0	1	switch_only	0.4914345904277392	0.4115106273220389	cerebellar_hemisphere	M003	nucleoside triphosphate biosynthetic process, nucleotide biosynthetic process, ribonucleoside triphosphate biosynthetic process	0.8504717289089823	0.6756398098175843	1.070544025327219	1.297598844825533	0.011826729967041393	0.5400495864331183	False	False						False	False	False	PLAC9
361	ENSG00000269352	1	cerebellar_hemisphere	M003	0.011826729967041393	1.297598844825533	1.297598844825533	1	0	0	1	discordant	0.4914345904277392	0.40802750044692226	cerebellar_hemisphere	M003	nucleoside triphosphate biosynthetic process, nucleotide biosynthetic process, ribonucleoside triphosphate biosynthetic process	0.8504717289089823	0.6756398098175843	1.070544025327219	1.297598844825533	0.011826729967041393	0.5400495864331183	False	False						False	False	False	PTOV1-AS2
362	ENSG00000111215	1	cerebellar_hemisphere	M003	0.011826729967041393	1.297598844825533	1.297598844825533	1	0	0	1	discordant	0.4914345904277392	0.4078771792551737	cerebellar_hemisphere	M003	nucleoside triphosphate biosynthetic process, nucleotide biosynthetic process, ribonucleoside triphosphate biosynthetic process	0.8504717289089823	0.6756398098175843	1.070544025327219	1.297598844825533	0.011826729967041393	0.5400495864331183	False	False						False	False	False	PRR4
363	ENSG00000173272	1	cerebellar_hemisphere	M003	0.011826729967041393	1.297598844825533	1.297598844825533	1	0	0	1	coupled	0.4914345904277392	0.39783056147525186	cerebellar_hemisphere	M003	nucleoside triphosphate biosynthetic process, nucleotide biosynthetic process, ribonucleoside triphosphate biosynthetic process	0.8504717289089823	0.6756398098175843	1.070544025327219	1.297598844825533	0.011826729967041393	0.5400495864331183	False	False						False	False	False	MZT2A
364	ENSG00000125818	1	cerebellar_hemisphere	M003	0.011826729967041393	1.297598844825533	1.297598844825533	1	0	0	1	coupled	0.4914345904277392	0.3978235115796283	cerebellar_hemisphere	M003	nucleoside triphosphate biosynthetic process, nucleotide biosynthetic process, ribonucleoside triphosphate biosynthetic process	0.8504717289089823	0.6756398098175843	1.070544025327219	1.297598844825533	0.011826729967041393	0.5400495864331183	False	False						False	False	False	PSMF1
365	ENSG00000167925	1	cerebellar_hemisphere	M003	0.011826729967041393	1.297598844825533	1.297598844825533	1	0	0	1	discordant	0.4914345904277392	0.3952980337319947	cerebellar_hemisphere	M003	nucleoside triphosphate biosynthetic process, nucleotide biosynthetic process, ribonucleoside triphosphate biosynthetic process	0.8504717289089823	0.6756398098175843	1.070544025327219	1.297598844825533	0.011826729967041393	0.5400495864331183	False	False						False	False	False	GHDC
366	ENSG00000170430	1	cerebellar_hemisphere	M003	0.011826729967041393	1.297598844825533	1.297598844825533	1	0	0	1	coupled	0.4914345904277392	0.38500836167324126	cerebellar_hemisphere	M003	nucleoside triphosphate biosynthetic process, nucleotide biosynthetic process, ribonucleoside triphosphate biosynthetic process	0.8504717289089823	0.6756398098175843	1.070544025327219	1.297598844825533	0.011826729967041393	0.5400495864331183	False	False						False	False	False	MGMT
367	ENSG00000197182	1	cerebellar_hemisphere	M003	0.011826729967041393	1.297598844825533	1.297598844825533	1	0	0	1	switch_only	0.4914345904277392	0.3821128412204624	cerebellar_hemisphere	M003	nucleoside triphosphate biosynthetic process, nucleotide biosynthetic process, ribonucleoside triphosphate biosynthetic process	0.8504717289089823	0.6756398098175843	1.070544025327219	1.297598844825533	0.011826729967041393	0.5400495864331183	False	False						False	False	False	MIRLET7BHG
368	ENSG00000178026	1	cerebellar_hemisphere	M003	0.011826729967041393	1.297598844825533	1.297598844825533	1	0	0	1	discordant	0.4914345904277392	0.37749591701144475	cerebellar_hemisphere	M003	nucleoside triphosphate biosynthetic process, nucleotide biosynthetic process, ribonucleoside triphosphate biosynthetic process	0.8504717289089823	0.6756398098175843	1.070544025327219	1.297598844825533	0.011826729967041393	0.5400495864331183	False	False						False	False	False	LRRC75B
369	ENSG00000143994	1	cerebellar_hemisphere	M003	0.011826729967041393	1.297598844825533	1.297598844825533	1	0	0	1	discordant	0.4914345904277392	0.3671790924448596	cerebellar_hemisphere	M003	nucleoside triphosphate biosynthetic process, nucleotide biosynthetic process, ribonucleoside triphosphate biosynthetic process	0.8504717289089823	0.6756398098175843	1.070544025327219	1.297598844825533	0.011826729967041393	0.5400495864331183	False	False						False	False	False	ABHD1
370	ENSG00000204301	1	cerebellar_hemisphere	M003	0.011826729967041393	1.297598844825533	1.297598844825533	1	0	0	1	switch_only	0.4914345904277392	0.366282109873942	cerebellar_hemisphere	M003	nucleoside triphosphate biosynthetic process, nucleotide biosynthetic process, ribonucleoside triphosphate biosynthetic process	0.8504717289089823	0.6756398098175843	1.070544025327219	1.297598844825533	0.011826729967041393	0.5400495864331183	False	False						False	False	False	NOTCH4
371	ENSG00000181873	1	cerebellar_hemisphere	M003	0.011826729967041393	1.297598844825533	1.297598844825533	1	0	0	1	discordant	0.4914345904277392	0.36188991185324765	cerebellar_hemisphere	M003	nucleoside triphosphate biosynthetic process, nucleotide biosynthetic process, ribonucleoside triphosphate biosynthetic process	0.8504717289089823	0.6756398098175843	1.070544025327219	1.297598844825533	0.011826729967041393	0.5400495864331183	False	False						False	False	False	IBA57
372	ENSG00000185615	1	cerebellar_hemisphere	M003	0.011826729967041393	1.297598844825533	1.297598844825533	1	0	0	1	discordant	0.4914345904277392	0.3596512871849047	cerebellar_hemisphere	M003	nucleoside triphosphate biosynthetic process, nucleotide biosynthetic process, ribonucleoside triphosphate biosynthetic process	0.8504717289089823	0.6756398098175843	1.070544025327219	1.297598844825533	0.011826729967041393	0.5400495864331183	False	False						False	False	False	PDIA2
373	ENSG00000055070	1	cerebellar_hemisphere	M003	0.011826729967041393	1.297598844825533	1.297598844825533	1	0	0	1	switch_only	0.4914345904277392	0.3566905014294724	cerebellar_hemisphere	M003	nucleoside triphosphate biosynthetic process, nucleotide biosynthetic process, ribonucleoside triphosphate biosynthetic process	0.8504717289089823	0.6756398098175843	1.070544025327219	1.297598844825533	0.011826729967041393	0.5400495864331183	False	False						False	False	False	SZRD1
374	ENSG00000173638	1	cerebellar_hemisphere	M003	0.011826729967041393	1.297598844825533	1.297598844825533	1	0	0	1	discordant	0.4914345904277392	0.3506817783774782	cerebellar_hemisphere	M003	nucleoside triphosphate biosynthetic process, nucleotide biosynthetic process, ribonucleoside triphosphate biosynthetic process	0.8504717289089823	0.6756398098175843	1.070544025327219	1.297598844825533	0.011826729967041393	0.5400495864331183	False	False						False	False	False	SLC19A1
375	ENSG00000105255	1	cerebellar_hemisphere	M003	0.011826729967041393	1.297598844825533	1.297598844825533	1	0	0	1	discordant	0.4914345904277392	0.3482510960986791	cerebellar_hemisphere	M003	nucleoside triphosphate biosynthetic process, nucleotide biosynthetic process, ribonucleoside triphosphate biosynthetic process	0.8504717289089823	0.6756398098175843	1.070544025327219	1.297598844825533	0.011826729967041393	0.5400495864331183	False	False						False	False	False	FSD1
376	ENSG00000076356	1	cerebellar_hemisphere	M003	0.011826729967041393	1.297598844825533	1.297598844825533	1	0	0	1	discordant	0.4914345904277392	0.3476228120119851	cerebellar_hemisphere	M003	nucleoside triphosphate biosynthetic process, nucleotide biosynthetic process, ribonucleoside triphosphate biosynthetic process	0.8504717289089823	0.6756398098175843	1.070544025327219	1.297598844825533	0.011826729967041393	0.5400495864331183	False	False						False	False	False	PLXNA2
377	ENSG00000163956	1	cerebellar_hemisphere	M003	0.011826729967041393	1.297598844825533	1.297598844825533	1	0	0	1	coupled	0.4914345904277392	0.3451154726380337	cerebellar_hemisphere	M003	nucleoside triphosphate biosynthetic process, nucleotide biosynthetic process, ribonucleoside triphosphate biosynthetic process	0.8504717289089823	0.6756398098175843	1.070544025327219	1.297598844825533	0.011826729967041393	0.5400495864331183	False	False						False	False	False	LRPAP1
378	ENSG00000291077	1	cerebellar_hemisphere	M003	0.011826729967041393	1.297598844825533	1.297598844825533	1	0	0	1	discordant	0.4914345904277392	0.3417658517895929	cerebellar_hemisphere	M003	nucleoside triphosphate biosynthetic process, nucleotide biosynthetic process, ribonucleoside triphosphate biosynthetic process	0.8504717289089823	0.6756398098175843	1.070544025327219	1.297598844825533	0.011826729967041393	0.5400495864331183	False	False						False	False	False	ENSG00000291077
379	ENSG00000124602	1	cerebellar_hemisphere	M003	0.011826729967041393	1.297598844825533	1.297598844825533	1	0	0	1	discordant	0.4914345904277392	0.3405493038674562	cerebellar_hemisphere	M003	nucleoside triphosphate biosynthetic process, nucleotide biosynthetic process, ribonucleoside triphosphate biosynthetic process	0.8504717289089823	0.6756398098175843	1.070544025327219	1.297598844825533	0.011826729967041393	0.5400495864331183	False	False						False	False	False	UNC5CL
380	ENSG00000086159	1	cerebellar_hemisphere	M003	0.011826729967041393	1.297598844825533	1.297598844825533	1	0	0	1	switch_only	0.4914345904277392	0.32999229195362023	cerebellar_hemisphere	M003	nucleoside triphosphate biosynthetic process, nucleotide biosynthetic process, ribonucleoside triphosphate biosynthetic process	0.8504717289089823	0.6756398098175843	1.070544025327219	1.297598844825533	0.011826729967041393	0.5400495864331183	False	False						False	False	False	AQP6
381	ENSG00000286024	1	cerebellar_hemisphere	M003	0.011826729967041393	1.297598844825533	1.297598844825533	1	0	0	1	discordant	0.4914345904277392	0.3296930304643816	cerebellar_hemisphere	M003	nucleoside triphosphate biosynthetic process, nucleotide biosynthetic process, ribonucleoside triphosphate biosynthetic process	0.8504717289089823	0.6756398098175843	1.070544025327219	1.297598844825533	0.011826729967041393	0.5400495864331183	False	False						False	False	False	ENSG00000286024
382	ENSG00000149925	1	cerebellar_hemisphere	M003	0.011826729967041393	1.297598844825533	1.297598844825533	1	0	0	1	coupled	0.4914345904277392	0.3289650573549673	cerebellar_hemisphere	M003	nucleoside triphosphate biosynthetic process, nucleotide biosynthetic process, ribonucleoside triphosphate biosynthetic process	0.8504717289089823	0.6756398098175843	1.070544025327219	1.297598844825533	0.011826729967041393	0.5400495864331183	False	False						False	False	False	ALDOA
383	ENSG00000162804	1	cerebellar_hemisphere	M003	0.011826729967041393	1.297598844825533	1.297598844825533	1	0	0	1	discordant	0.4914345904277392	0.3249306317358574	cerebellar_hemisphere	M003	nucleoside triphosphate biosynthetic process, nucleotide biosynthetic process, ribonucleoside triphosphate biosynthetic process	0.8504717289089823	0.6756398098175843	1.070544025327219	1.297598844825533	0.011826729967041393	0.5400495864331183	False	False						False	False	False	SNED1
384	ENSG00000147465	1	cerebellar_hemisphere	M003	0.011826729967041393	1.297598844825533	1.297598844825533	1	0	0	1	discordant	0.4914345904277392	0.3227557231751268	cerebellar_hemisphere	M003	nucleoside triphosphate biosynthetic process, nucleotide biosynthetic process, ribonucleoside triphosphate biosynthetic process	0.8504717289089823	0.6756398098175843	1.070544025327219	1.297598844825533	0.011826729967041393	0.5400495864331183	False	False						False	False	False	STAR
385	ENSG00000253641	1	cerebellar_hemisphere	M003	0.011826729967041393	1.297598844825533	1.297598844825533	1	0	0	1	discordant	0.4914345904277392	0.31891858392694067	cerebellar_hemisphere	M003	nucleoside triphosphate biosynthetic process, nucleotide biosynthetic process, ribonucleoside triphosphate biosynthetic process	0.8504717289089823	0.6756398098175843	1.070544025327219	1.297598844825533	0.011826729967041393	0.5400495864331183	False	False						False	False	False	LINC03022
386	ENSG00000140688	1	cerebellar_hemisphere	M003	0.011826729967041393	1.297598844825533	1.297598844825533	1	0	0	1	coupled	0.4914345904277392	0.2982734634058285	cerebellar_hemisphere	M003	nucleoside triphosphate biosynthetic process, nucleotide biosynthetic process, ribonucleoside triphosphate biosynthetic process	0.8504717289089823	0.6756398098175843	1.070544025327219	1.297598844825533	0.011826729967041393	0.5400495864331183	False	False						False	False	False	RUSF1
387	ENSG00000177106	1	cerebellar_hemisphere	M003	0.011826729967041393	1.297598844825533	1.297598844825533	1	0	0	1	discordant	0.4914345904277392	0.2820321434356735	cerebellar_hemisphere	M003	nucleoside triphosphate biosynthetic process, nucleotide biosynthetic process, ribonucleoside triphosphate biosynthetic process	0.8504717289089823	0.6756398098175843	1.070544025327219	1.297598844825533	0.011826729967041393	0.5400495864331183	False	False						False	False	False	EPS8L2
388	ENSG00000107223	1	cerebellar_hemisphere	M003	0.011826729967041393	1.297598844825533	1.297598844825533	1	0	0	1	coupled	0.4914345904277392	0.2799559291031268	cerebellar_hemisphere	M003	nucleoside triphosphate biosynthetic process, nucleotide biosynthetic process, ribonucleoside triphosphate biosynthetic process	0.8504717289089823	0.6756398098175843	1.070544025327219	1.297598844825533	0.011826729967041393	0.5400495864331183	False	False						False	False	False	EDF1
389	ENSG00000307714	1	cerebellar_hemisphere	M003	0.011826729967041393	1.297598844825533	1.297598844825533	1	0	0	1	discordant	0.4914345904277392	0.27878590833679506	cerebellar_hemisphere	M003	nucleoside triphosphate biosynthetic process, nucleotide biosynthetic process, ribonucleoside triphosphate biosynthetic process	0.8504717289089823	0.6756398098175843	1.070544025327219	1.297598844825533	0.011826729967041393	0.5400495864331183	False	False						False	False	False	ENSG00000307714
390	ENSG00000138028	1	cerebellar_hemisphere	M003	0.011826729967041393	1.297598844825533	1.297598844825533	1	0	0	1	coupled	0.4914345904277392	0.2784186087500761	cerebellar_hemisphere	M003	nucleoside triphosphate biosynthetic process, nucleotide biosynthetic process, ribonucleoside triphosphate biosynthetic process	0.8504717289089823	0.6756398098175843	1.070544025327219	1.297598844825533	0.011826729967041393	0.5400495864331183	False	False						False	False	False	CGREF1
391	ENSG00000110104	1	cerebellar_hemisphere	M003	0.011826729967041393	1.297598844825533	1.297598844825533	1	0	0	1	discordant	0.4914345904277392	0.2744718516840621	cerebellar_hemisphere	M003	nucleoside triphosphate biosynthetic process, nucleotide biosynthetic process, ribonucleoside triphosphate biosynthetic process	0.8504717289089823	0.6756398098175843	1.070544025327219	1.297598844825533	0.011826729967041393	0.5400495864331183	False	False						False	False	False	CCDC86
392	ENSG00000255468	1	cerebellar_hemisphere	M003	0.011826729967041393	1.297598844825533	1.297598844825533	1	0	0	1	discordant	0.4914345904277392	0.27109358799529265	cerebellar_hemisphere	M003	nucleoside triphosphate biosynthetic process, nucleotide biosynthetic process, ribonucleoside triphosphate biosynthetic process	0.8504717289089823	0.6756398098175843	1.070544025327219	1.297598844825533	0.011826729967041393	0.5400495864331183	False	False						False	False	False	B4GAT1-DT
393	ENSG00000143224	1	cerebellar_hemisphere	M003	0.011826729967041393	1.297598844825533	1.297598844825533	1	0	0	1	coupled	0.4914345904277392	0.26726794274802773	cerebellar_hemisphere	M003	nucleoside triphosphate biosynthetic process, nucleotide biosynthetic process, ribonucleoside triphosphate biosynthetic process	0.8504717289089823	0.6756398098175843	1.070544025327219	1.297598844825533	0.011826729967041393	0.5400495864331183	False	False						False	False	False	PPOX
394	ENSG00000106992	1	cerebellar_hemisphere	M003	0.011826729967041393	1.297598844825533	1.297598844825533	1	0	0	1	coupled	0.4914345904277392	0.26498989185752286	cerebellar_hemisphere	M003	nucleoside triphosphate biosynthetic process, nucleotide biosynthetic process, ribonucleoside triphosphate biosynthetic process	0.8504717289089823	0.6756398098175843	1.070544025327219	1.297598844825533	0.011826729967041393	0.5400495864331183	False	False						False	False	False	AK1
395	ENSG00000176454	1	cerebellar_hemisphere	M003	0.011826729967041393	1.297598844825533	1.297598844825533	1	0	0	1	discordant	0.4914345904277392	0.26379140834581416	cerebellar_hemisphere	M003	nucleoside triphosphate biosynthetic process, nucleotide biosynthetic process, ribonucleoside triphosphate biosynthetic process	0.8504717289089823	0.6756398098175843	1.070544025327219	1.297598844825533	0.011826729967041393	0.5400495864331183	False	False						False	False	False	LPCAT4
396	ENSG00000141504	1	cerebellar_hemisphere	M003	0.011826729967041393	1.297598844825533	1.297598844825533	1	0	0	1	discordant	0.4914345904277392	0.26120722309119704	cerebellar_hemisphere	M003	nucleoside triphosphate biosynthetic process, nucleotide biosynthetic process, ribonucleoside triphosphate biosynthetic process	0.8504717289089823	0.6756398098175843	1.070544025327219	1.297598844825533	0.011826729967041393	0.5400495864331183	False	False						False	False	False	SAT2
397	ENSG00000135094	1	cerebellar_hemisphere	M003	0.011826729967041393	1.297598844825533	1.297598844825533	1	0	0	1	switch_only	0.4914345904277392	0.2602702560359835	cerebellar_hemisphere	M003	nucleoside triphosphate biosynthetic process, nucleotide biosynthetic process, ribonucleoside triphosphate biosynthetic process	0.8504717289089823	0.6756398098175843	1.070544025327219	1.297598844825533	0.011826729967041393	0.5400495864331183	False	False						False	False	False	SDS
398	ENSG00000026559	1	cerebellar_hemisphere	M003	0.011826729967041393	1.297598844825533	1.297598844825533	1	0	0	1	discordant	0.4914345904277392	0.2549359822134287	cerebellar_hemisphere	M003	nucleoside triphosphate biosynthetic process, nucleotide biosynthetic process, ribonucleoside triphosphate biosynthetic process	0.8504717289089823	0.6756398098175843	1.070544025327219	1.297598844825533	0.011826729967041393	0.5400495864331183	False	False						False	False	False	KCNG1
399	ENSG00000181392	1	cerebellar_hemisphere	M003	0.011826729967041393	1.297598844825533	1.297598844825533	1	0	0	1	coupled	0.4914345904277392	0.24908502302660557	cerebellar_hemisphere	M003	nucleoside triphosphate biosynthetic process, nucleotide biosynthetic process, ribonucleoside triphosphate biosynthetic process	0.8504717289089823	0.6756398098175843	1.070544025327219	1.297598844825533	0.011826729967041393	0.5400495864331183	False	False						False	False	False	SYNE4
400	ENSG00000130244	1	cerebellar_hemisphere	M003	0.011826729967041393	1.297598844825533	1.297598844825533	1	0	0	1	coupled	0.4914345904277392	0.24198031994845765	cerebellar_hemisphere	M003	nucleoside triphosphate biosynthetic process, nucleotide biosynthetic process, ribonucleoside triphosphate biosynthetic process	0.8504717289089823	0.6756398098175843	1.070544025327219	1.297598844825533	0.011826729967041393	0.5400495864331183	False	False						False	False	False	FAM98C
401	ENSG00000087074	1	cerebellar_hemisphere	M003	0.011826729967041393	1.297598844825533	1.297598844825533	1	0	0	1	switch_only	0.4914345904277392	0.22892779025873186	cerebellar_hemisphere	M003	nucleoside triphosphate biosynthetic process, nucleotide biosynthetic process, ribonucleoside triphosphate biosynthetic process	0.8504717289089823	0.6756398098175843	1.070544025327219	1.297598844825533	0.011826729967041393	0.5400495864331183	False	False						False	False	False	PPP1R15A
402	ENSG00000174886	1	cerebellar_hemisphere	M003	0.011826729967041393	1.297598844825533	1.297598844825533	1	0	0	1	discordant	0.4914345904277392	0.2176992828532297	cerebellar_hemisphere	M003	nucleoside triphosphate biosynthetic process, nucleotide biosynthetic process, ribonucleoside triphosphate biosynthetic process	0.8504717289089823	0.6756398098175843	1.070544025327219	1.297598844825533	0.011826729967041393	0.5400495864331183	False	False						False	False	False	NDUFA11
403	ENSG00000099904	1	cerebellar_hemisphere	M003	0.011826729967041393	1.297598844825533	1.297598844825533	1	0	0	1	discordant	0.4914345904277392	0.2143267277658738	cerebellar_hemisphere	M003	nucleoside triphosphate biosynthetic process, nucleotide biosynthetic process, ribonucleoside triphosphate biosynthetic process	0.8504717289089823	0.6756398098175843	1.070544025327219	1.297598844825533	0.011826729967041393	0.5400495864331183	False	False						False	False	False	ZDHHC8
404	ENSG00000246640	1	cerebellar_hemisphere	M003	0.011826729967041393	1.297598844825533	1.297598844825533	1	0	0	1	discordant	0.4914345904277392	0.21179407161889088	cerebellar_hemisphere	M003	nucleoside triphosphate biosynthetic process, nucleotide biosynthetic process, ribonucleoside triphosphate biosynthetic process	0.8504717289089823	0.6756398098175843	1.070544025327219	1.297598844825533	0.011826729967041393	0.5400495864331183	False	False						False	False	False	PICART1
405	ENSG00000076924	1	cerebellar_hemisphere	M003	0.011826729967041393	1.297598844825533	1.297598844825533	1	0	0	1	discordant	0.4914345904277392	0.21179337787773683	cerebellar_hemisphere	M003	nucleoside triphosphate biosynthetic process, nucleotide biosynthetic process, ribonucleoside triphosphate biosynthetic process	0.8504717289089823	0.6756398098175843	1.070544025327219	1.297598844825533	0.011826729967041393	0.5400495864331183	False	False						False	False	False	XAB2
406	ENSG00000116353	1	cerebellar_hemisphere	M003	0.011826729967041393	1.297598844825533	1.297598844825533	1	0	0	0	abundance_only	0.4914345904277392	0.1829383387296831	cerebellar_hemisphere	M003	nucleoside triphosphate biosynthetic process, nucleotide biosynthetic process, ribonucleoside triphosphate biosynthetic process	0.8504717289089823	0.6756398098175843	1.070544025327219	1.297598844825533	0.011826729967041393	0.5400495864331183	False	False						False	False	False	MECR
407	ENSG00000151725	1	cerebellar_hemisphere	M003	0.011826729967041393	1.297598844825533	1.297598844825533	1	0	0	0	abundance_only	0.4914345904277392	0.17244882966372532	cerebellar_hemisphere	M003	nucleoside triphosphate biosynthetic process, nucleotide biosynthetic process, ribonucleoside triphosphate biosynthetic process	0.8504717289089823	0.6756398098175843	1.070544025327219	1.297598844825533	0.011826729967041393	0.5400495864331183	False	False						False	False	False	CENPU
408	ENSG00000099849	1	cerebellar_hemisphere	M003	0.011826729967041393	1.297598844825533	1.297598844825533	1	0	0	0	abundance_only	0.4914345904277392	0.15615418165400394	cerebellar_hemisphere	M003	nucleoside triphosphate biosynthetic process, nucleotide biosynthetic process, ribonucleoside triphosphate biosynthetic process	0.8504717289089823	0.6756398098175843	1.070544025327219	1.297598844825533	0.011826729967041393	0.5400495864331183	False	False						False	False	False	RASSF7
409	ENSG00000083444	1	cerebellar_hemisphere	M003	0.011826729967041393	1.297598844825533	1.297598844825533	1	0	0	0	inactive	0.4914345904277392	0.15295604277780142	cerebellar_hemisphere	M003	nucleoside triphosphate biosynthetic process, nucleotide biosynthetic process, ribonucleoside triphosphate biosynthetic process	0.8504717289089823	0.6756398098175843	1.070544025327219	1.297598844825533	0.011826729967041393	0.5400495864331183	False	False						False	False	False	PLOD1
410	ENSG00000126457	1	cerebellar_hemisphere	M003	0.011826729967041393	1.297598844825533	1.297598844825533	1	0	0	0	abundance_only	0.4914345904277392	0.14677924978981138	cerebellar_hemisphere	M003	nucleoside triphosphate biosynthetic process, nucleotide biosynthetic process, ribonucleoside triphosphate biosynthetic process	0.8504717289089823	0.6756398098175843	1.070544025327219	1.297598844825533	0.011826729967041393	0.5400495864331183	False	False						False	False	False	PRMT1
411	ENSG00000132591	1	cerebellar_hemisphere	M003	0.011826729967041393	1.297598844825533	1.297598844825533	1	0	0	0	abundance_only	0.4914345904277392	0.14556357820335128	cerebellar_hemisphere	M003	nucleoside triphosphate biosynthetic process, nucleotide biosynthetic process, ribonucleoside triphosphate biosynthetic process	0.8504717289089823	0.6756398098175843	1.070544025327219	1.297598844825533	0.011826729967041393	0.5400495864331183	False	False						False	False	False	ERAL1
412	ENSG00000168490	1	cerebellar_hemisphere	M003	0.011826729967041393	1.297598844825533	1.297598844825533	1	0	0	0	abundance_only	0.4914345904277392	0.13607310339538659	cerebellar_hemisphere	M003	nucleoside triphosphate biosynthetic process, nucleotide biosynthetic process, ribonucleoside triphosphate biosynthetic process	0.8504717289089823	0.6756398098175843	1.070544025327219	1.297598844825533	0.011826729967041393	0.5400495864331183	False	False						False	False	False	PHYHIP
413	ENSG00000137101	1	cerebellar_hemisphere	M003	0.011826729967041393	1.297598844825533	1.297598844825533	1	0	0	0	inactive	0.4914345904277392	0.12525823574009198	cerebellar_hemisphere	M003	nucleoside triphosphate biosynthetic process, nucleotide biosynthetic process, ribonucleoside triphosphate biosynthetic process	0.8504717289089823	0.6756398098175843	1.070544025327219	1.297598844825533	0.011826729967041393	0.5400495864331183	False	False						False	False	False	CD72
414	ENSG00000151689	1	cerebellar_hemisphere	M003	0.011826729967041393	1.297598844825533	1.297598844825533	1	0	0	0	abundance_only	0.4914345904277392	0.06370615406207435	cerebellar_hemisphere	M003	nucleoside triphosphate biosynthetic process, nucleotide biosynthetic process, ribonucleoside triphosphate biosynthetic process	0.8504717289089823	0.6756398098175843	1.070544025327219	1.297598844825533	0.011826729967041393	0.5400495864331183	False	False						False	False	False	INPP1
415	ENSG00000100324	1	cerebellar_hemisphere	M003	0.011826729967041393	1.297598844825533	1.297598844825533	1	0	0	0	abundance_only	0.4914345904277392		cerebellar_hemisphere	M003	nucleoside triphosphate biosynthetic process, nucleotide biosynthetic process, ribonucleoside triphosphate biosynthetic process	0.8504717289089823	0.6756398098175843	1.070544025327219	1.297598844825533	0.011826729967041393	0.5400495864331183	False	False						False	False	False	TAB1
416	ENSG00000146090	1	cerebellar_hemisphere	M003	0.011826729967041393	1.297598844825533	1.297598844825533	1	0	0	0	abundance_only	0.4914345904277392		cerebellar_hemisphere	M003	nucleoside triphosphate biosynthetic process, nucleotide biosynthetic process, ribonucleoside triphosphate biosynthetic process	0.8504717289089823	0.6756398098175843	1.070544025327219	1.297598844825533	0.011826729967041393	0.5400495864331183	False	False						False	False	False	RASGEF1C
417	ENSG00000268858	1	cerebellar_hemisphere	M003	0.011826729967041393	1.297598844825533	1.297598844825533	1	0	0	0	abundance_only	0.4914345904277392		cerebellar_hemisphere	M003	nucleoside triphosphate biosynthetic process, nucleotide biosynthetic process, ribonucleoside triphosphate biosynthetic process	0.8504717289089823	0.6756398098175843	1.070544025327219	1.297598844825533	0.011826729967041393	0.5400495864331183	False	False						False	False	False	ENSG00000268858
