# ALPHA = 0.05
# NUMBER_OF_TESTS = 289

# _SET1_  VARIABLE = gtex__anterior_cingulate_cortex_ba24__M000 (set)
# _SET1_  NGENES = 1819
# _SET1_  P-VALUE = 3.53721e-05
_SET1_   GENE        CHR      START       STOP  NSNPS  NPARAM       N        ZSTAT            P  ZFITTED_BASE  ZRESID_BASE
_SET1_   375790        1     955503     991499     90      10  379918      0.92186     0.068169   -3.8858e-15      0.92186
_SET1_   142678        1    1550795    1565990     37       8  393354       2.4618    0.0012741   -3.9968e-15       2.4618
_SET1_   5590          1    1981909    2116834    382      27  388011       1.4501     0.013772   -3.7748e-15       1.4501
_SET1_   8514          1    6052358    6161253    297      43  389601     -0.97062      0.60593   -3.8858e-15     -0.97062
_SET1_   388591        1    6266189    6281359     34       5  400943        -1.19      0.78754   -3.7748e-15        -1.19
_SET1_   23463         1    6281253    6296044     30       5  400523     -0.21598      0.43242   -3.8858e-15     -0.21598
_SET1_   57449         1    6526152    6580121    136      23  396038      0.99635     0.055144   -3.8858e-15      0.99635
_SET1_   90326         1    6684925    6695646     31       6  399948      0.37358       0.1818   -3.8858e-15      0.37358
_SET1_   23261         1    6845384    7829766   2648     201  388137        1.512    0.0012105   -3.7748e-15        1.512
_SET1_   5293          1    9711789    9789172    130      25  396176      -1.5385      0.81919   -3.7748e-15      -1.5385
_SET1_   22883         1    9789079    9884550    119      14  382605      0.59401      0.13792   -3.8858e-15      0.59401
_SET1_   64802         1   10003486   10045556     74      11  396013       1.5529     0.021706   -3.7748e-15       1.5529
_SET1_   1185          1   11866153   11903201    187      14  397520      0.36733      0.17384   -3.8858e-15      0.36733
_SET1_   55187         1   12290101   12572099    355      29  339534     -0.93547      0.64753   -3.8858e-15     -0.93547
_SET1_   126755        1   13801445   13840242    164      34  396454    -0.056299      0.27633   -3.8788e-15    -0.056299
_SET1_   7799          1   14026714   14151574    361      27  391821      0.92054     0.055138   -3.8858e-15      0.92054
_SET1_   23254         1   14219646   15444544   4411     327  396916     -0.48496      0.14068   -3.8858e-15     -0.48496
_SET1_   79814         1   15898194   15911605     46       6  385357      0.50415      0.14648   -3.8858e-15      0.50415
_SET1_   84301         1   15943953   15995539    104       6  392229      0.36598      0.18524   -3.8858e-15      0.36598
_SET1_   5081          1   18957500   19075360    346      56  385084       0.2568      0.16753   -3.8858e-15       0.2568
_SET1_   23352         1   19401000   19536812    249      21  399088     -0.69545      0.50721   -3.8858e-15     -0.69545
_SET1_   4681          1   19969723   19984949     50      14  390763       3.7676   6.4225e-06   -3.9968e-15       3.7676
_SET1_   127733        1   20512578   20522540      9       3  384802       1.7197     0.015665   -3.7748e-15       1.7197
_SET1_   57576         1   20990475   21044317    203      43  397263       1.0057     0.047057   -3.7748e-15       1.0057
_SET1_   400745        1   21046225   21059133     36       9  391852      -1.6745      0.87325   -3.7748e-15      -1.6745
_SET1_   8672          1   21132785   21503381    654      23  388508    -0.048716      0.20632   -3.8788e-15    -0.048716
_SET1_   84196         1   22004791   22109688    336      29  390723     -0.25869      0.33472   -3.8858e-15     -0.25869
_SET1_   23028         1   23345937   23410184     73       9  402257      -0.8953      0.63177   -3.8858e-15      -0.8953
_SET1_   11313         1   24117275   24122029      3       1  404984     0.091596      0.36855   -3.8858e-15     0.091596
_SET1_   90529         1   24683489   24741587    148      16  400387      -2.0857      0.92694   -3.9968e-15      -2.0857
_SET1_   10250         1   24969594   24999772     28       6  367646      -1.3864      0.82668   -3.7748e-15      -1.3864
_SET1_   57035         1   25568740   25574010      5       3  370009     -0.68884      0.60885   -3.8858e-15     -0.68884
_SET1_   56181         1   26146397   26159433     30       3  389107      -1.1519       0.7542   -3.7748e-15      -1.1519
_SET1_   3925          1   26210670   26233368     30       6  383423     -0.85082      0.61964   -3.8858e-15     -0.85082
_SET1_   84243         1   27153201   27184092     43       6  378500      -1.1539       0.7447   -3.7748e-15      -1.1539
_SET1_   23038         1   27561007   27635124     93      12  379497      0.27498       0.2151   -3.8858e-15      0.27498
_SET1_   27245         1   27860756   27930463     66      11  379812     -0.15562      0.38946   -3.8858e-15     -0.15562
_SET1_   4985          1   29138654   29190208    156      19  401444      -1.3336      0.75383   -3.7748e-15      -1.3336
_SET1_   2035          1   29213603   29446558    382      24  397424      0.84137     0.059955   -3.8858e-15      0.84137
_SET1_   10076         1   29563028   29653325    219      32  392142      0.68028     0.089597   -3.8858e-15      0.68028
_SET1_   9698          1   31404353   31538838    249      21  400370       1.7284    0.0081068   -3.7748e-15       1.7284
_SET1_   2170          1   31838100   31845923     13       6  383339      0.46573      0.18179   -3.8858e-15      0.46573
_SET1_   553115        1   32095463   32110838     25       4  397385       1.5239     0.021358   -3.7748e-15       1.5239
_SET1_   576           1   32192718   32230494     38       8  386712     -0.50698      0.51955   -3.8858e-15     -0.50698
_SET1_   8668          1   32687971   32697205     11       2  381225     -0.55712      0.59257   -3.8858e-15     -0.55712
_SET1_   55108         1   32830704   32860062     21      11  369509       1.1926     0.061334   -3.7748e-15       1.1926
_SET1_   3208          1   33351688   33360247     11       4  364565        3.002    0.0002797   -3.9968e-15        3.002
_SET1_   204           1   33473541   33502512     41       7  380974      0.47702      0.15914   -3.8858e-15      0.47702
_SET1_   58512         1   35331037   35391083     94      26  388323       2.5399   0.00073671   -3.9968e-15       2.5399
_SET1_   55700         1   36621751   36646450     28       6  395800     -0.33709      0.42368   -3.8858e-15     -0.33709
_SET1_   79729         1   36771889   36793544     28       7  395753   -0.0069476      0.30915   -3.8823e-15   -0.0069476
_SET1_   127700        1   36883507   36916086    134       7  308893      -0.3749       0.4665   -3.8858e-15      -0.3749
_SET1_   64769         1   37955561   37980420     76      13  403042      0.98306     0.059634   -3.8858e-15      0.98306
_SET1_   79693         1   38268614   38273865      7       2  410949       1.8134     0.011492   -3.7748e-15       1.8134
_SET1_   8761          1   40026485   40042522     33       9  404596       2.6448   0.00074624   -3.9968e-15       2.6448
_SET1_   84618         1   40124793   40137710     16       5  399770      0.89312     0.080993   -3.8858e-15      0.89312
_SET1_   51440         1   40144320   40157382     71      12  406090      0.35501      0.17324   -3.8858e-15      0.35501
_SET1_   5538          1   40538382   40563142     87      10  395138     -0.15361      0.34081   -3.8858e-15     -0.15361
_SET1_   22955         1   41492871   41707815    509      20  397790       1.3782     0.016011   -3.7748e-15       1.3782
_SET1_   728621        1   43000560   43120335    356      19  402160        1.067     0.036985   -3.7748e-15        1.067
_SET1_   6513          1   43391046   43424847    104      13  392362     -0.50256      0.46311   -3.8858e-15     -0.50256
_SET1_   6487          1   44173204   44396837    478      25  381440       1.4625     0.012027   -3.7748e-15       1.4625
_SET1_   55182         1   44870837   45117396    635      78  386651      -1.1573      0.63173   -3.7748e-15      -1.1573
_SET1_   60313         1   46092976   46153782    117       7  398038     -0.18298      0.35288   -3.8858e-15     -0.18298
_SET1_   8503          1   46505812   46642167    217      16  402336      -1.6953      0.84847   -3.7748e-15      -1.6953
_SET1_   55624         1   46654353   46685977     47       9  393832      0.23828      0.21728   -3.8858e-15      0.23828
_SET1_   1996          1   50513686   50669442    188      31  402256       1.9487    0.0047853   -3.7748e-15       1.9487
_SET1_   22996         1   51752930   51810785     92      17  400348     -0.23329      0.39605   -3.8858e-15     -0.23329
_SET1_   114883        1   52082546   52254891    193      17  360576        1.712     0.011955   -3.7748e-15        1.712
_SET1_   5865          1   52373628   52456436    154      19  396908     -0.57987      0.49149   -3.8858e-15     -0.57987
_SET1_   9372          1   52607678   52812358    205      16  384761     -0.38778      0.44675   -3.8858e-15     -0.38778
_SET1_   7804          1   53708036   53793821    180      26  397315       2.9445   0.00014598   -3.9968e-15       2.9445
_SET1_   5563          1   57110990   57181008    240      18  390737     -0.25197      0.33377   -3.8858e-15     -0.25197
_SET1_   9829          1   65720133   65881552    432      29  389476       -2.071      0.90125   -3.9968e-15       -2.071
_SET1_   5142          1   66258193   66840262   1320      74  396737       -2.237      0.85939   -3.9968e-15       -2.237
_SET1_   84251         1   66999066   67210768    713      25  403119       1.7664     0.003841   -3.7748e-15       1.7664
_SET1_   57708         1   67390578   67454302    134      13  402197      -1.5126      0.82462   -3.7748e-15      -1.5126
_SET1_   3595          1   67773047   67862583    247      22  380733       1.3541     0.020941   -3.7748e-15       1.3541
_SET1_   81573         1   70724685   70820471    139      22  387981     -0.33172      0.39339   -3.8858e-15     -0.33172
_SET1_   51086         1   74701071   75010116    529      42  385296      -1.5294      0.76817   -3.7748e-15      -1.5294
_SET1_   127254        1   75033795   75139422    165      19  398729     -0.60315      0.48372   -3.8858e-15     -0.60315
_SET1_   81849         1   77333126   77533223    452      35  391127     -0.81095      0.51021   -3.8858e-15     -0.81095
_SET1_   26009         1   78028160   78149119    185      20  387774      0.68832     0.094181   -3.8858e-15      0.68832
_SET1_   23266         1   82266082   82458107    523      35  401779     -0.47959      0.37318   -3.8858e-15     -0.47959
_SET1_   5567          1   84543745   84704181    224      21  399189      0.31278      0.16085   -3.8858e-15      0.31278
_SET1_   148423        1   85715636   85725355     25       9  386241      0.44647      0.15954   -3.8858e-15      0.44647
_SET1_   57489         1   86812507   86862025    126      12  398788      -1.9186      0.90551   -3.7748e-15      -1.9186
_SET1_   55144         1   90286573   90401991    168      37  394351      0.49011      0.13009   -3.8858e-15      0.49011
_SET1_   54874         1   93913688   94020218    108      19  387284     -0.65758      0.52626   -3.8858e-15     -0.65758
_SET1_   8412          1   94027343   94312706    884      34  396265     -0.24079      0.24507   -3.8858e-15     -0.24079
_SET1_   9890          1   99729848   99775140    115      17  393790      0.16223      0.22436   -3.8858e-15      0.16223
_SET1_   23443         1  100435345  100492535    167      13  401759     -0.26072      0.42722   -3.8858e-15     -0.26072
_SET1_   8634          1  100731714  100758325     64       6  404707     -0.62696      0.57449   -3.8858e-15     -0.62696
_SET1_   118427        1  102268126  102462790    671      61  396240       1.3354     0.013244   -3.7748e-15       1.3354
_SET1_   55599         1  104068323  104097861     42       9  401213      0.40564      0.16994   -3.8858e-15      0.40564
_SET1_   22854         1  107682540  108024477    752      73  399012      -2.1986      0.90854   -3.9968e-15      -2.1986
_SET1_   57535         1  109656585  109749403    325      33  401909     -0.97552      0.60291   -3.8858e-15     -0.97552
_SET1_   6272          1  109852187  109940563    126      11  395078       2.8048   0.00035852   -3.9968e-15       2.8048
_SET1_   127002        1  110026533  110035426     10       3  388505       2.3394    0.0024523   -3.9968e-15       2.3394
_SET1_   271           1  110162435  110174677     29       8  397785     -0.63965      0.54868   -3.8858e-15     -0.63965
_SET1_   10390         1  111682249  111727724     67      14  384126        1.448     0.021811   -3.7748e-15        1.448
_SET1_   7482          1  113010040  113063910    134      25  397283    -0.044944      0.27849   -3.8788e-15    -0.044944
_SET1_   10717         1  114437370  114447741     15       5  411667      0.15105      0.25327   -3.8858e-15      0.15105
_SET1_   90874         1  120162000  120190813     64      11  403598     -0.69948       0.5424   -3.8858e-15     -0.69948
_SET1_   9659          1  144851424  145076186     37      15  179635     -0.41727      0.53585   -3.8858e-15     -0.41727
_SET1_   9939          1  145507557  145513536      2       1  311397       1.3461     0.046891   -3.7748e-15       1.3461
_SET1_   148741        1  145549209  145568526     40       7  229073        1.011     0.090204   -3.7748e-15        1.011
_SET1_   10623         1  145592605  145610972     19       4  223008      0.36838       0.2641   -3.8858e-15      0.36838
_SET1_   51463         1  147400506  147465753      9       2  378981      0.81496      0.12239   -3.8858e-15      0.81496
_SET1_   4170          1  150547027  150552214      9       5  361560        1.978    0.0074221   -3.7748e-15        1.978
_SET1_   6944          1  151148776  151162689      7       4  404751     0.032273      0.30807   -3.8788e-15     0.032273
_SET1_   7062          1  152078793  152087930      8       3  373387     -0.55288      0.52964   -3.8858e-15     -0.55288
_SET1_   65123         1  153700526  153746555     75      13  383752     -0.97487      0.65965   -3.8858e-15     -0.97487
_SET1_   7170          1  154127780  154164611     52       9  405196       2.5531   0.00095226   -3.9968e-15       2.5531
_SET1_   1141          1  154540257  154552354     20       8  375656      0.49226      0.16274   -3.8858e-15      0.49226
_SET1_   80128         1  155145702  155157447     15       6  387322       1.7695     0.011077   -3.7748e-15       1.7695
_SET1_   2629          1  155204239  155214653     17       3  364780     -0.44642      0.48891   -3.8858e-15     -0.44642
_SET1_   10712         1  155216996  155225274     19       2  374525     -0.42519      0.50253   -3.8858e-15     -0.42519
_SET1_   23623         1  155290640  155300909      2       1  404967      -1.5267      0.91693   -3.7748e-15      -1.5267
_SET1_   55870         1  155305052  155532324    169      21  377327      0.71131     0.092025   -3.8858e-15      0.71131
_SET1_   23208         1  155829260  155854990     34       7  388977      0.60938      0.13448   -3.8858e-15      0.60938
_SET1_   9181          1  155916431  155953396     44       6  404021      -1.0716        0.722   -3.7748e-15      -1.0716
_SET1_   10485         1  156374048  156426441     59      19  399880     -0.56128      0.49522   -3.8858e-15     -0.56128
_SET1_   5546          1  156737274  156770609     84      12  406255     -0.41106      0.43336   -3.8858e-15     -0.41106
_SET1_   9826          1  156904632  157015512    232      19  399525     -0.16622      0.31589   -3.8858e-15     -0.16622
_SET1_   3765          1  160051360  160059212     17       4  386386       1.2495     0.039237   -3.7748e-15       1.2495
_SET1_   93185         1  160061129  160068650     12       3  413362       1.6956      0.01561   -3.7748e-15       1.6956
_SET1_   8682          1  160175125  160185162     12       7  374804       0.1396      0.28348   -3.8858e-15       0.1396
_SET1_   5824          1  160246599  160254941      7       3  410069     0.074417      0.29904   -3.8858e-15     0.074417
_SET1_   51744         1  160799950  160832692     92       7  392349      -1.2344      0.75053   -3.7748e-15      -1.2344
_SET1_   9191          1  161090767  161103192     13       5  367519       0.7688      0.10079   -3.8858e-15       0.7688
_SET1_   84134         1  161195729  161200536      5       3  357188       2.1872    0.0037112   -3.9968e-15       2.1872
_SET1_   654790        1  161228517  161255240     91      15  394143      0.70437     0.095498   -3.8858e-15      0.70437
_SET1_   6675          1  162531296  162570379     72      12  391328      0.39833      0.16463   -3.8858e-15      0.39833
_SET1_   29922         1  169101258  169337186    820      23  401064     0.074651      0.15271   -3.8858e-15     0.074651
_SET1_   57821         1  169364108  169429907    194      21  395578      0.34843      0.15788   -3.8858e-15      0.34843
_SET1_   22920         1  169890461  170043882    403      12  400849       1.1996     0.030675   -3.7748e-15       1.1996
_SET1_   26052         1  171810618  172387606   1278      61  398782       1.1833    0.0095968   -3.7748e-15       1.1833
_SET1_   9293          1  174417212  174418683      2       1  404109       1.9424     0.018699   -3.7748e-15       1.9424
_SET1_   64326         1  175913967  176176386    551      24  369053       1.5031     0.010912   -3.7748e-15       1.5031
_SET1_   9462          1  178062864  178448649    574      23  396512    -0.045195      0.23819   -3.8788e-15    -0.045195
_SET1_   148753        1  179696912  179785333    275      30  393950     -0.14958        0.289   -3.8858e-15     -0.14958
_SET1_   777           1  181452447  181775920    763      58  397498      0.51729     0.078558   -3.8858e-15      0.51729
_SET1_   85397         1  182613036  182653502    102      13  376730      0.64048      0.12269   -3.8858e-15      0.64048
_SET1_   23179         1  183605208  183897666    821      51  399716     -0.26962      0.24859   -3.8858e-15     -0.26962
_SET1_   80267         1  184659625  184724041    116      14  376487      -1.1107      0.69316   -3.7748e-15      -1.1107
_SET1_   343450        1  196194913  196577690    641      20  398093     -0.89052      0.53756   -3.8858e-15     -0.89052
_SET1_   7139          1  201328136  201346836     82      11  381037      -1.5118      0.83508   -3.7748e-15      -1.5118
_SET1_   29089         1  202300785  202311094     11       3  412120     -0.98862      0.68903   -3.8858e-15     -0.98862
_SET1_   5877          1  202847410  202858385     27       6  405690      -1.4092      0.81529   -3.7748e-15      -1.4092
_SET1_   493           1  203595915  203713209    275      37  389138      -2.4226      0.95895   -3.9968e-15      -2.4226
_SET1_   23114         1  204797782  204991950    558      53  395443      0.92854     0.041512   -3.8858e-15      0.92854
_SET1_   5129          1  205473684  205501921    119      31  387206      -1.2736      0.74414   -3.7748e-15      -1.2736
_SET1_   148808        1  205538112  205572046    120      20  399109      0.13857      0.22173   -3.8858e-15      0.13857
_SET1_   1604          1  207494817  207534311     78       8  404693    -0.020271      0.29933   -3.8823e-15    -0.020271
_SET1_   3914          1  209788215  209825820    140      21  398783      -2.1795      0.94071   -3.9968e-15      -2.1795
_SET1_   3756          1  210851657  211307457   1350      83  393521     -0.74573      0.34313   -3.8858e-15     -0.74573
_SET1_   90806         1  213165524  213189168     32       7  402216       0.6424      0.12521   -3.8858e-15       0.6424
_SET1_   3776          1  215178885  215410436    592      27  396077      0.63306     0.068453   -3.8858e-15      0.63306
_SET1_   2058          1  220141940  220220000    266      10  404540      0.16853      0.20934   -3.8858e-15      0.16853
_SET1_   79762         1  220863628  220872499     34       7  408642     -0.51683      0.52452   -3.8858e-15     -0.51683
_SET1_   55061         1  223394161  223537564    303      20  393859    0.0020257      0.23709   -3.8819e-15    0.0020257
_SET1_   127602        1  225117356  225586996   1373      31  399278     -0.72295      0.32599   -3.8858e-15     -0.72295
_SET1_   116841        1  227922697  227968932    108      15  397926       0.3579      0.16958   -3.8858e-15       0.3579
_SET1_   51127         1  228594858  228604583     14       3  285544     -0.76629      0.69686   -3.8858e-15     -0.76629
_SET1_   79605         1  230457392  230561674    370      34  394465       0.4692        0.114   -3.8858e-15       0.4692
_SET1_   149371        1  231468482  231473578      8       2  363743      -1.6708      0.89369   -3.7748e-15      -1.6708
_SET1_   80003         1  233119855  233431459   1060      60  392990     -0.80212      0.41298   -3.8858e-15     -0.80212
_SET1_   3775          1  233749750  233808258    181      36  393320     -0.26608      0.34238   -3.8858e-15     -0.26608
_SET1_   23029         1  235294498  235324571     61       9  396149       2.2543     0.002716   -3.9968e-15       2.2543
_SET1_   9453          1  235491753  235507847     34       6  397212       1.1929     0.041931   -3.7748e-15       1.1929
_SET1_   6905          1  235530728  235612280    218      22  394052     -0.37375      0.38979   -3.8858e-15     -0.37375
_SET1_   56605         1  236378422  236445339    346      13  405955     -0.82439      0.55834   -3.8858e-15     -0.82439
_SET1_   6262          1  237205510  237997288   2621     203  393266     0.057603     0.056073   -3.8788e-15     0.057603
_SET1_   1131          1  239549876  240078750   1277      91  396642      -1.2751      0.56769   -3.7748e-15      -1.2751
_SET1_   56776         1  240255185  240638491   1204      70  399953      0.87433     0.023232   -3.8858e-15      0.87433
_SET1_   64388         1  240652873  240775462    348      65  398903     -0.52343      0.42462   -3.8858e-15     -0.52343
_SET1_   6000          1  240938817  241520505   1816     150  398891       2.7075   3.1172e-05   -3.9968e-15       2.7075
_SET1_   23596         1  241756452  241803701    122      27  394083      0.37885      0.15649   -3.8858e-15      0.37885
_SET1_   9859          1  243287730  243419284    149      14  355916       1.3604     0.023574   -3.7748e-15       1.3604
_SET1_   10000         1  243651535  244014381    485      23  394355    0.0030553      0.22124   -3.8819e-15    0.0030553
_SET1_   10472         1  244212241  244220778      5       3  311234      0.24083      0.26748   -3.8858e-15      0.24083
_SET1_   64216         1  246703863  246729565    145      16  392659       1.8021    0.0072537   -3.7748e-15       1.8021
_SET1_   51097         1  246887378  246931439    122      15  400298     -0.71679      0.54592   -3.8858e-15     -0.71679
_SET1_   343171        1  248058889  248059833      6       2  380025      -1.6546      0.88125   -3.7748e-15      -1.6546
_SET1_   23040         2    1792885    2335147   1529      88  389409      0.24053     0.073915   -3.8858e-15      0.24053
_SET1_   7260          2    3192741    3381653    653      29  395588     -0.42535      0.32714   -3.8858e-15     -0.42535
_SET1_   57498         2    8865295    8977755    193      22  373169       1.2639     0.027986   -3.7748e-15       1.2639
_SET1_   9270          2    9545810    9563698     48       7  391401     -0.12487      0.33619   -3.8858e-15     -0.12487
_SET1_   29841         2   10091792   10142412    218      20  390510     -0.11571      0.29462   -3.8858e-15     -0.11571
_SET1_   3241          2   10443015   10567743    508      60  391392     -0.61016      0.42328   -3.8858e-15     -0.61016
_SET1_   3754          2   11052063   11054351      4       2  411727      0.31691      0.23158   -3.8858e-15      0.31691
_SET1_   3790          2   18059105   18114225    177      27  402045      0.52402      0.12025   -3.8858e-15      0.52402
_SET1_   57539         2   20110024   20189884    180      19  396758     -0.90351      0.60638   -3.8858e-15     -0.90351
_SET1_   6382          2   20400558   20425194     68      10  396554      0.21121      0.21302   -3.8858e-15      0.21121
_SET1_   151449        2   20866424   20871250     11       2  410804      0.33757       0.2227   -3.8858e-15      0.33757
_SET1_   50618         2   24425733   24583647    312      17  388188       1.2357     0.031304   -3.7748e-15       1.2357
_SET1_   3030          2   26413504   26467665    100       4  404765    -0.076335      0.34549   -3.8858e-15    -0.076335
_SET1_   3777          2   26915581   26954066     78      12  400929       1.6538     0.011888   -3.7748e-15       1.6538
_SET1_   3795          2   27309611   27323619     15       2  402662      0.93052     0.085122   -3.8858e-15      0.93052
_SET1_   7781          2   27477440   27501093     37       8  313584       1.0336     0.069269   -3.7748e-15       1.0336
_SET1_   2976          2   27548716   27580243     23       6  404709       1.0374     0.059573   -3.7748e-15       1.0374
_SET1_   29959         2   27651473   27665126     14       3  386321     0.024497      0.30475   -3.8823e-15     0.024497
_SET1_   5500          2   28974614   29025806    104      11  399819        1.572     0.014905   -3.7748e-15        1.572
_SET1_   30845         2   31456880   31491260    113      14  405316     -0.36635      0.40543   -3.8858e-15     -0.36635
_SET1_   51072         2   32092892   32236116    287      15  373912     -0.56968      0.48708   -3.8858e-15     -0.56968
_SET1_   6432          2   38970741   38978636      5       1  413424     -0.58937      0.58926   -3.8858e-15     -0.58937
_SET1_   80745         2   39963200   40006416    109      10  403884      -1.3913      0.78788   -3.7748e-15      -1.3913
_SET1_   91461         2   42275161   42285668     34       5  409173      -1.9965      0.93405   -3.7748e-15      -1.9965
_SET1_   27436         2   42396490   42559688    459      21  399818     -0.49408      0.38777   -3.8858e-15     -0.49408
_SET1_   51626         2   44001178   44055095    186      17  380746     -0.47284      0.44707   -3.8858e-15     -0.47284
_SET1_   10128         2   44113363   44223144    289      17  403916     -0.59601      0.46208   -3.8858e-15     -0.59601
_SET1_   9581          2   44544746   44589001    113      12  405692      0.59223       0.1223   -3.8858e-15      0.59223
_SET1_   9378          2   50145643   51259674   3398     121  399165       1.9707   0.00026442   -3.7748e-15       1.9707
_SET1_   51130         2   53897117   54014146    370      26  392851      0.11183      0.20184   -3.8858e-15      0.11183
_SET1_   400954        2   54952149   55199157    785      57  398598       1.4219    0.0096151   -3.7748e-15       1.4219
_SET1_   57223         2   55774428   55844860    208      23  400369      -1.8639      0.88763   -3.7748e-15      -1.8639
_SET1_   114800        2   56411258   56613309    615      52  400475      -1.0992      0.60646   -3.7748e-15      -1.0992
_SET1_   55120         2   58386378   58468515    175      23  399208       1.7762    0.0086041   -3.7748e-15       1.7762
_SET1_   53335         2   60678302   60780633    160      32  390141       2.1127    0.0027491   -3.9968e-15       2.1127
_SET1_   23301         2   62900986   63273622    390      32  390823      0.72409     0.072265   -3.8858e-15      0.72409
_SET1_   51057         2   63348518   63815867    899      27  397590       1.3564    0.0092808   -3.7748e-15       1.3564
_SET1_   7360          2   64068084   64118696    112      20  385007      0.98791     0.057445   -3.8858e-15      0.98791
_SET1_   23177         2   65283495   65314142     87      14  387984        1.596     0.014943   -3.7748e-15        1.596
_SET1_   307           2   69947946   70053596    246      19  402108      0.52708      0.11279   -3.8858e-15      0.52708
_SET1_   4084          2   70142173   70170077     47       4  405963     -0.20872      0.38298   -3.8858e-15     -0.20872
_SET1_   7072          2   70436576   70475886     70       6  398055      0.67485      0.12372   -3.8858e-15      0.67485
_SET1_   55577         2   71295408   71305998     32       9  386869       0.9872     0.064272   -3.8858e-15       0.9872
_SET1_   8291          2   71680347   71913895    808      83  392407     -0.42803      0.32577   -3.8858e-15     -0.42803
_SET1_   10617         2   74056043   74100783    110      17  393794       1.2879     0.034665   -3.7748e-15       1.2879
_SET1_   1639          2   74588281   74619214     35       7  390747       0.9679     0.083003   -3.8858e-15       0.9679
_SET1_   6869          2   75273590   75426645    410      44  400134     -0.59319       0.4307   -3.8858e-15     -0.59319
_SET1_   1496          2   79740060   80875993   3202     225  396368      -1.5573      0.51451   -3.7748e-15      -1.5573
_SET1_   347730        2   80515481   80531718     27       7  396062      0.93015     0.069209   -3.8858e-15      0.93015
_SET1_   8869          2   86066271   86116157    147      14  402867     -0.74371      0.54755   -3.8858e-15     -0.74371
_SET1_   64969         2   95752952   95787754     20      11  364542   -0.0011022      0.31028   -3.8821e-15   -0.0011022
_SET1_   400986        2   96516914   96658068     87      14  389910       2.7269   0.00045958   -3.9968e-15       2.7269
_SET1_   55683         2   97258892   97304116     35      10  389467       3.1745   0.00010035   -3.9968e-15       3.1745
_SET1_   81562         2   97371666   97405813     39       6  398330       3.9818   3.7388e-06   -3.9968e-15       3.9818
_SET1_   80705         2   99613724   99771187    390      18  348465       1.8493    0.0053409   -3.7748e-15       1.8493
_SET1_   51263         2   99797542   99816020     47       8  378382      0.45139      0.16137   -3.8858e-15      0.45139
_SET1_   3899          2  100162326  100759037   1154      53  400585    0.0081466      0.13566   -3.8823e-15    0.0081466
_SET1_   4862          2  101436613  101613289    509      55  392848       -2.393      0.94533   -3.9968e-15       -2.393
_SET1_   11138         2  101623690  101767858    362      25  402560      -1.7105      0.83528   -3.7748e-15      -1.7105
_SET1_   8440          2  106361520  106510730    522      28  403218      -1.4684      0.74615   -3.7748e-15      -1.4684
_SET1_   80146         2  106709759  106810795    234      29  391229     -0.24011      0.34017   -3.8858e-15     -0.24011
_SET1_   84910         2  112812800  112876895    166      24  392287        1.694    0.0098459   -3.7748e-15        1.694
_SET1_   129804        2  112895962  112945793    122      20  385624       1.0801     0.043485   -3.7748e-15       1.0801
_SET1_   84172         2  113298676  113334727     95      11  402336       1.3922     0.023788   -3.7748e-15       1.3922
_SET1_   57628         2  115199899  116603328   3318     124  394809      -1.8216      0.63654   -3.7748e-15      -1.8216
_SET1_   200373        2  120302008  120414237    168      17  398871      0.91763     0.066185   -3.8858e-15      0.91763
_SET1_   57669         2  120770604  120936697    279      11  400896    -0.017796      0.27171   -3.8823e-15    -0.017796
_SET1_   23332         2  122095352  122407052    683      14  400638       1.3855     0.017473   -3.7748e-15       1.3855
_SET1_   55627         2  130908965  130940323     40       3  385521     -0.87276      0.65425   -3.8858e-15     -0.87276
_SET1_   84317         2  131095814  131100383      4       2  399736      -1.3234      0.82143   -3.7748e-15      -1.3234
_SET1_   150786        2  132118065  132121731      4       1  385605      0.84531      0.12745   -3.8858e-15      0.84531
_SET1_   29798         2  132479973  132524977    106      10  399895     -0.13408      0.32276   -3.8858e-15     -0.13408
_SET1_   905           2  135676363  135716915     72       7  404675       1.6527     0.013776   -3.7748e-15       1.6527
_SET1_   22930         2  135809835  135928280    156      12  346223      0.70301      0.10786   -3.8858e-15      0.70301
_SET1_   11249         2  139426727  139537811    347      44  402395      0.97014     0.046474   -3.8858e-15      0.97014
_SET1_   79712         2  144702502  145112578    506      30  390589      0.43648      0.13215   -3.8858e-15      0.43648
_SET1_   26122         2  149402560  149545136    302      13  400686      -1.2578      0.74459   -3.7748e-15      -1.2578
_SET1_   785           2  152689285  152955593    623      30  395989      0.64578     0.068724   -3.8858e-15      0.64578
_SET1_   3760          2  155555093  155714864    457      53  398568       2.1841    0.0015334   -3.9968e-15       2.1841
_SET1_   2820          2  157291965  157442915    282      17  338367      0.50834      0.12167   -3.8858e-15      0.50834
_SET1_   64844         2  160568980  160625084    204      17  395229      -1.2575      0.72923   -3.7748e-15      -1.2575
_SET1_   57282         2  162480699  162841786    785      23  383927        2.422   0.00046673   -3.9968e-15        2.422
_SET1_   25801         2  163200583  163236525     26      13  347332     -0.54347      0.51837   -3.8858e-15     -0.54347
_SET1_   6328          2  165944030  166060577    255      19  396906       1.9174     0.004991   -3.7748e-15       1.9174
_SET1_   79809         2  166729872  166810348    139      15  398037      -1.3958      0.77764   -3.7748e-15      -1.3958
_SET1_   6323          2  166845670  167005642    469      25  403773      0.27728      0.14282   -3.8858e-15      0.27728
_SET1_   6335          2  167051695  167232497    532      41  393044        1.375     0.014053   -3.7748e-15        1.375
_SET1_   27347         2  168810530  169104105    933      43  397753      0.90407     0.027628   -3.8858e-15      0.90407
_SET1_   2571          2  171673200  171717661    103      13  394520      -1.7471      0.87731   -3.7748e-15      -1.7471
_SET1_   1781          2  172543919  172606668    112      16  385327      0.72931     0.092649   -3.8858e-15      0.72931
_SET1_   8604          2  172639915  172750816    237      25  397291      0.41177      0.14355   -3.8858e-15      0.41177
_SET1_   100131390     2  175199769  175205859     19       7  393967       2.3687    0.0018813   -3.9968e-15       2.3687
_SET1_   1123          2  175664042  175870671    267      14  389918     -0.68692      0.50573   -3.8858e-15     -0.68692
_SET1_   80856         2  176790410  176867018    170      23  400906       0.8989     0.064493   -3.8858e-15       0.8989
_SET1_   10651         2  177134123  177202753    121      14  387727     -0.70354       0.5436   -3.8858e-15     -0.70354
_SET1_   220988        2  178076063  178088687     12       3  385819       1.5123     0.026325   -3.7748e-15       1.5123
_SET1_   151126        2  180306709  180726232   1504     101  401941     -0.83683      0.36242   -3.8858e-15     -0.83683
_SET1_   10477         2  181845112  181928154    292      13  402660       4.3343   2.8408e-07   -3.5527e-15       4.3343
_SET1_   91752         2  185463093  185804214    691      26  401937       2.4342   0.00047905   -3.9968e-15       2.4342
_SET1_   51454         2  189156396  189460653    613      26  391813      0.68344     0.066723   -3.8858e-15      0.68344
_SET1_   5378          2  190648710  190742355    183      20  398914     -0.23998      0.37414   -3.8858e-15     -0.23998
_SET1_   54842         2  191273081  191367041    210      19  404476     -0.55475      0.45617   -3.8858e-15     -0.55475
_SET1_   2744          2  191745547  191830278    111      14  403896      0.89545     0.068325   -3.8858e-15      0.89545
_SET1_   6775          2  191894302  192037404    279      30  403612      0.48854      0.11685   -3.8858e-15      0.48854
_SET1_   9330          2  197627756  197664492     35      12  371759      0.64882      0.12418   -3.8858e-15      0.64882
_SET1_   23314         2  200134223  200335989    244      21  395231       1.5006     0.016061   -3.7748e-15       1.5006
_SET1_   26010         2  201170604  201346986    391      40  402988       3.1657   4.4749e-05   -3.9968e-15       3.1657
_SET1_   1195          2  201717732  201729467     22       7  364860      0.19894      0.24997   -3.8858e-15      0.19894
_SET1_   285172        2  201838441  201936392    152      13  392630     -0.20665      0.37606   -3.8858e-15     -0.20665
_SET1_   57679         2  202564986  202645895    242      22  394958      -0.6927      0.51488   -3.8858e-15      -0.6927
_SET1_   10152         2  204192597  204296892    142      21  358688      0.61512      0.11282   -3.8858e-15      0.61512
_SET1_   65059         2  204298538  204400058    121      13  382913      0.49131      0.14288   -3.8858e-15      0.49131
_SET1_   1385          2  208394616  208470284    111      13  384020        2.969   0.00020649   -3.9968e-15        2.969
_SET1_   5746          2  209224569  209359231    299      23  398176      -1.0084      0.63449   -3.7748e-15      -1.0084
_SET1_   4133          2  210288733  210598842    713      31  379899      0.99074     0.033399   -3.8858e-15      0.99074
_SET1_   285175        2  210636717  210864024    432      25  384684     -0.22623      0.30649   -3.8858e-15     -0.22623
_SET1_   10314         2  211295973  211342347    104       9  404711      0.85329     0.073841   -3.8858e-15      0.85329
_SET1_   2066          2  212240442  213403879   4041     185  394378     -0.11466     0.084146   -3.8858e-15     -0.11466
_SET1_   57574         2  217122585  217236750    278      28  394305        -1.28      0.71497   -3.7748e-15        -1.28
_SET1_   79137         2  220042939  220050197     18       3  410282     -0.16282      0.38206   -3.8858e-15     -0.16282
_SET1_   130617        2  220071506  220074373      4       2  334486       0.6899      0.14318   -3.8858e-15       0.6899
_SET1_   7277          2  220114433  220119330     10       3  354521      0.73833      0.14122   -3.8858e-15      0.73833
_SET1_   2043          2  222282747  222437010    374      33  400732      0.26701      0.15159   -3.8858e-15      0.26701
_SET1_   130340        2  224616403  224702319    331      26  401996     -0.57157      0.43383   -3.8858e-15     -0.57157
_SET1_   56947         2  228189867  228222552     98      11  398681    -0.074996      0.31394   -3.8858e-15    -0.074996
_SET1_   80309         2  228844670  229046836    658      29  401606       1.5502    0.0074644   -3.7748e-15       1.5502
_SET1_   4691          2  232319459  232329208     21       6  411289      0.44078      0.16447   -3.8858e-15      0.44078
_SET1_   25791         2  233743396  233877951    482      45  403476       2.0792    0.0019783   -3.9968e-15       2.0792
_SET1_   55054         2  234160217  234204320    105      10  408691     -0.49635      0.46458   -3.8858e-15     -0.49635
_SET1_   116987        2  236402733  237040444   1516     118  393291     -0.51549      0.25374   -3.8858e-15     -0.51549
_SET1_   10920         2  237993870  238007489     22       6  325291     -0.15994      0.40774   -3.8858e-15     -0.15994
_SET1_   9208          2  238536224  238690290    600      38  401368       0.2211       0.1475   -3.8858e-15       0.2211
_SET1_   2817          2  241375115  241407495    151      32  392463      0.52233      0.12047   -3.8858e-15      0.52233
_SET1_   547           2  241653181  241759725    309      38  392076       2.7441   0.00027215   -3.9968e-15       2.7441
_SET1_   10494         2  242434122  242449145     44      10  393205      -2.1523      0.94212   -3.9968e-15      -2.1523
_SET1_   23192         2  242576775  242613272    162      19  364801      -1.5537      0.81727   -3.7748e-15      -1.5537
_SET1_   10752         3     238279     451100    848      62  393610      -1.6087      0.74785   -3.7748e-15      -1.6087
_SET1_   27255         3    1134342    1445278   1367     106  398464      0.81524     0.027027   -3.8858e-15      0.81524
_SET1_   152330        3    2140550    3099645   3998     301  398613      0.50228     0.019739   -3.8858e-15      0.50228
_SET1_   51095         3    3168600    3190919     79      11  376436     -0.71813      0.57119   -3.8858e-15     -0.71813
_SET1_   3708          3    4535032    4889524   1201     136  394822      -1.4152      0.66777   -3.7748e-15      -1.4152
_SET1_   2917          3    6902802    7783218   2811     174  397336      -1.7989      0.61281   -3.7748e-15      -1.7989
_SET1_   25917         3    9404660    9428475     58      10  393466       1.4738      0.02166   -3.7748e-15       1.4738
_SET1_   64419         3    9691117    9744078     76      13  381289       2.0295    0.0056704   -3.9968e-15       2.0295
_SET1_   10093         3    9834082    9848789     28       8  387552     -0.15657      0.35226   -3.8858e-15     -0.15657
_SET1_   26140         3    9851632    9878040    106      11  393453      0.81243     0.082096   -3.8858e-15      0.81243
_SET1_   78987         3    9975478    9987097     18       6  354897      -1.3121      0.79564   -3.7748e-15      -1.3121
_SET1_   285368        3    9987226    9994078     13       6  382616     -0.80322      0.63981   -3.8858e-15     -0.80322
_SET1_   491           3   10365707   10733131   1342     110  391632       2.2973    0.0003542   -3.9968e-15       2.2973
_SET1_   6529          3   11034420   11080935    157      37  396381       3.1529   7.0588e-05   -3.9968e-15       3.1529
_SET1_   10533         3   11314010   11599139    589      20  393241      0.42041      0.10726   -3.8858e-15      0.42041
_SET1_   9686          3   11597543   11762220    561      42  399082       1.9248    0.0030035   -3.7748e-15       1.9248
_SET1_   80746         3   12517748   12580672    237      15  385680      0.75001     0.082424   -3.8858e-15      0.75001
_SET1_   2199          3   13573824   13679922    390      45  398237      0.61929     0.086556   -3.8858e-15      0.61929
_SET1_   80852         3   14530396   14583588    200      23  400955      0.94312     0.052923   -3.8858e-15      0.94312
_SET1_   7182          3   14989091   15090780    180      22  398760      -0.8558      0.60027   -3.8858e-15      -0.8558
_SET1_   64432         3   15083758   15106839     37       9  394807      -1.6342      0.87108   -3.7748e-15      -1.6342
_SET1_   9467          3   15295860   15382901    246      43  374591     -0.48782      0.41928   -3.8858e-15     -0.48782
_SET1_   8292          3   15491640   15563277    220      23  402708      -1.9644      0.90123   -3.7748e-15      -1.9644
_SET1_   79750         3   21459911   22414132   4259     216  398235       1.0566    0.0050133   -3.7748e-15       1.0566
_SET1_   7068          3   24158644   24536772   1081     110  393388       1.5634    0.0056747   -3.7748e-15       1.5634
_SET1_   5915          3   25215638   25639423   1646      96  399904   0.00060987      0.10193   -3.8821e-15   0.00060987
_SET1_   152110        3   27257097   27410912    485      22  383862      0.45684      0.10672   -3.8858e-15      0.45684
_SET1_   64343         3   28363844   28390915     27       6  398644     -0.34652      0.42906   -3.8858e-15     -0.34652
_SET1_   114884        3   31702317   32023342   1029     102  397851     -0.23662      0.23347   -3.8858e-15     -0.23662
_SET1_   344787        3   32023266   32033228     40       6  392429      0.93547     0.077394   -3.8858e-15      0.93547
_SET1_   25827         3   33318934   33445505    244      21  383537    -0.067611       0.2859   -3.8858e-15    -0.067611
_SET1_   7342          3   33429828   33481897    124      13  389307     0.069586      0.25803   -3.8858e-15     0.069586
_SET1_   23122         3   33537737   33759705    308      22  382641      0.13615      0.20232   -3.8858e-15      0.13615
_SET1_   10777         3   35680666   35835988    301      25  390150      0.46042      0.12038   -3.8858e-15      0.46042
_SET1_   64689         3   39138090   39149854     34       9  381673     0.087551      0.27714   -3.8858e-15     0.087551
_SET1_   199223        3   39149152   39180394    109      15  387070     -0.54443      0.48357   -3.8858e-15     -0.54443
_SET1_   7433          3   42530791   42579065    110      23  392724        1.745     0.008841   -3.7748e-15        1.745
_SET1_   25994         3   42824400   42846027     36       9  396752      -2.8738      0.98974   -3.9968e-15      -2.8738
_SET1_   84892         3   43120721   43147575     46       9  396855     0.025424      0.28254   -3.8823e-15     0.025424
_SET1_   51304         3   44956753   45017674     69       9  399784      0.24227      0.20757   -3.8858e-15      0.24227
_SET1_   54585         3   45864808   45957216    180      26  399912      -1.9945      0.91185   -3.7748e-15      -1.9945
_SET1_   4134          3   47892180   48130769    223      15  384303      0.56335      0.11364   -3.8858e-15      0.56335
_SET1_   54681         3   49027304   49044582     11       3  411535      0.44673      0.18177   -3.8858e-15      0.44673
_SET1_   54870         3   49067140   49131504     50      10  402798      0.19024      0.23279   -3.8858e-15      0.19024
_SET1_   7375          3   49314577   49377536     70       9  398738      0.39209      0.17092   -3.8858e-15      0.39209
_SET1_   9807          3   49761728   49823973     86       9  404758      0.82687     0.080006   -3.8858e-15      0.82687
_SET1_   79012         3   49895414   49907655     17       4  386483       1.7632     0.011343   -3.7748e-15       1.7632
_SET1_   9254          3   50400230   50540892    186      17  387370        1.971    0.0053804   -3.7748e-15        1.971
_SET1_   1795          3   50712672   51421629   1162      16  397981      0.81575     0.033754   -3.8858e-15      0.81575
_SET1_   29890         3   51428699   51435339      8       4  399332      0.82698      0.11599   -3.8858e-15      0.82698
_SET1_   2912          3   51741081   51752629      7       4  392810       1.1258     0.097279   -3.7748e-15       1.1258
_SET1_   80335         3   52288438   52312659     35       6  388420       3.5991   2.0803e-05   -3.9968e-15       3.5991
_SET1_   8314          3   52435020   52444121      6       2  367574       1.7341     0.020066   -3.7748e-15       1.7341
_SET1_   51533         3   52444577   52457657     11       5  411360       4.0128   3.7855e-06   -3.5527e-15       4.0128
_SET1_   7086          3   53258723   53290130    149      12  399842       1.4746     0.018347   -3.7748e-15       1.4746
_SET1_   776           3   53529076   53847179    737      78  394130       2.2195   0.00099316   -3.9968e-15       2.2195
_SET1_   93973         3   53898959   53916229     49       8  397562     -0.40221      0.44718   -3.8858e-15     -0.40221
_SET1_   55799         3   54156620   55108584   2708     184  393084      -1.7661      0.60072   -3.7748e-15      -1.7661
_SET1_   26059         3   55542336   56502391   2742      97  388149     -0.93245      0.27213   -3.8858e-15     -0.93245
_SET1_   50650         3   56761446   57113336   1036      85  395461     -0.34045      0.25301   -3.8858e-15     -0.34045
_SET1_   201626        3   57541882   57640704    215      19  402046     -0.96427      0.62239   -3.8858e-15     -0.96427
_SET1_   7871          3   57741948   57915597    248      24  392719      -1.8904      0.88695   -3.7748e-15      -1.8904
_SET1_   11102         3   58291972   58305920     46       7  396540      0.61326      0.12791   -3.8858e-15      0.61326
_SET1_   8618          3   62384021   62861064   1780      94  396293      0.63541     0.024545   -3.8858e-15      0.63541
_SET1_   166336        3   64079526   64253859    546      43  401826      0.72621     0.060271   -3.8858e-15      0.72621
_SET1_   9223          3   65339200   66024511   2231     158  399630     -0.15207     0.089422   -3.8858e-15     -0.15207
_SET1_   407738        3   68040734   68594772   1828      85  398300      -1.4349      0.52026   -3.7748e-15      -1.4349
_SET1_   317649        3   71728440   71803924    248      34  399709     -0.19465      0.31433   -3.8858e-15     -0.19465
_SET1_   23024         3   73431582   73674072    587      60  399895      0.59919     0.076152   -3.8858e-15      0.59919
_SET1_   6092          3   75955845   77699115   4881     210  387499      -0.3889      0.13052   -3.8858e-15      -0.3889
_SET1_   84100         3   97483365   97520086     75      11  362686     -0.27655      0.38678   -3.8858e-15     -0.27655
_SET1_   27107         3  101368283  101395988     46       8  396824      -1.0316      0.68623   -3.7748e-15      -1.0316
_SET1_   961           3  107761941  107809935     92      16  391822       4.1759   9.0724e-07   -3.5527e-15       4.1759
_SET1_   55081         3  107879659  107941417    325       6  405609       2.7263   0.00051489   -3.9968e-15       2.7263
_SET1_   25945         3  110790606  110913017    159      19  382836       2.1375     0.004576   -3.9968e-15       2.1375
_SET1_   90102         3  111451327  111695364    857      48  403957      0.52575     0.067926   -3.8858e-15      0.52575
_SET1_   55779         3  113005777  113160986    528      19  403570     -0.37763      0.35514   -3.8858e-15     -0.37763
_SET1_   54847         3  113251218  113348422    303      29  397367      0.27132      0.16636   -3.8858e-15      0.27132
_SET1_   80218         3  113435307  113465120     32       5  391840      -2.0173       0.9325   -3.9968e-15      -2.0173
_SET1_   523           3  113465866  113530905     80       4  401336      -1.6215      0.86776   -3.7748e-15      -1.6215
_SET1_   254887        3  113666748  113705706     60      17  388091      0.31603      0.17905   -3.8858e-15      0.31603
_SET1_   55254         3  119147807  119182529     85      12  406302      0.77342     0.090197   -3.8858e-15      0.77342
_SET1_   9515          3  120627050  121143608   1463      30  394182       0.8536     0.018355   -3.8858e-15       0.8536
_SET1_   51725         3  121312170  121349139    119      24  398075      0.66162     0.095262   -3.8858e-15      0.66162
_SET1_   111           3  123001143  123167924    340      25  394522     -0.41245      0.36867   -3.8858e-15     -0.41245
_SET1_   64770         3  123616152  123680255     85      12  369563     -0.87809      0.61374   -3.8858e-15     -0.87809
_SET1_   84561         3  124801480  124931609    558      61  400017     -0.93879      0.55324   -3.8858e-15     -0.93879
_SET1_   50512         3  127348002  127391653     37      11  373903      -1.7672      0.88736   -3.7748e-15      -1.7672
_SET1_   57501         3  128689779  128719915     56      10  382323     -0.57271      0.49988   -3.8858e-15     -0.57271
_SET1_   55764         3  129158671  129239350    159       8  391839       1.4019     0.028477   -3.7748e-15       1.4019
_SET1_   27032         3  130569327  130735556    250      26  360966     -0.54778      0.45337   -3.8858e-15     -0.54778
_SET1_   79858         3  130745694  131069309    638      29  374826     -0.38136      0.32521   -3.8858e-15     -0.38136
_SET1_   51421         3  134074187  134094321     29       6  389662     -0.12095      0.33486   -3.8858e-15     -0.12095
_SET1_   55186         3  140660662  140698785     84       6  398959      0.33854      0.22806   -3.8858e-15      0.33854
_SET1_   92370         3  140950682  141013486    228      25  384742      -1.5763      0.82001   -3.7748e-15      -1.5763
_SET1_   483           3  141595424  141645382    172      17  403784       1.9324    0.0052931   -3.7748e-15       1.9324
_SET1_   5357          3  142315229  142432506    247      21  397732       1.4897     0.014771   -3.7748e-15       1.4897
_SET1_   23350         3  142720366  142779567    100       7  403183     -0.12394       0.3311   -3.8858e-15     -0.12394
_SET1_   9435          3  142838618  142842856      8       3  406245       1.4672     0.026349   -3.7748e-15       1.4672
_SET1_   11342         3  149530475  149679926    279      20  393846       1.2865      0.02874   -3.7748e-15       1.2865
_SET1_   285313        3  151153778  151179272     54       9  387437      -2.4289      0.97072   -3.9968e-15      -2.4289
_SET1_   4154          3  151962120  152183569    327      22  396122      -1.8823      0.87995   -3.7748e-15      -1.8823
_SET1_   5912          3  152880001  152888413     10       5  357259       1.9136    0.0082808   -3.7748e-15       1.9136
_SET1_   170506        3  153993452  154042286     78      12  408879     -0.42643      0.44159   -3.8858e-15     -0.42643
_SET1_   23007         3  155197670  155462878    741      27  399936       3.1123   3.0711e-05   -3.9968e-15       3.1123
_SET1_   51319         3  157823690  158262624   1235      21  401489      -1.8667      0.76303   -3.7748e-15      -1.8667
_SET1_   4291          3  158288953  158324249    104      11  405926      -2.3973      0.96417   -3.9968e-15      -2.3973
_SET1_   57560         3  159974774  160118028    180      22  383313        1.888    0.0056147   -3.7748e-15        1.888
_SET1_   3840          3  160212783  160283376    116      14  403705       1.9284    0.0056513   -3.7748e-15       1.9284
_SET1_   165679        3  161062580  161090662    107      15  387450      -1.8169      0.88788   -3.7748e-15      -1.8169
_SET1_   11235         3  167401692  167452693     67       4  396852      0.57335       0.1461   -3.8858e-15      0.57335
_SET1_   57552         3  172348435  172429207    236      41  398236     -0.19624      0.30639   -3.8858e-15     -0.19624
_SET1_   79718         3  176738542  176915048    422      35  398223      -0.3601      0.34158   -3.8858e-15      -0.3601
_SET1_   10242         3  178254086  178562217    925      45  397952       1.4409    0.0070664   -3.7748e-15       1.4409
_SET1_   51555         3  179512746  179754841    656      42  404099       1.1708     0.020223   -3.7748e-15       1.1708
_SET1_   8087          3  180630096  180700541    111      13  380827      0.64283      0.11233   -3.8858e-15      0.64283
_SET1_   1857          3  183873099  183891314     29       8  394977       2.1172    0.0039759   -3.9968e-15       2.1172
_SET1_   1981          3  184032283  184053146     30      11  385692       3.4218    3.547e-05   -3.9968e-15       3.4218
_SET1_   5437          3  184079502  184086383     12       3  407718       2.5987    0.0011056   -3.9968e-15       2.5987
_SET1_   8646          3  184097861  184107617     17       5  379590      0.83512     0.090928   -3.8858e-15      0.83512
_SET1_   64110         3  184428155  184429836      3       1  407594    -0.031952      0.36105   -3.8788e-15    -0.031952
_SET1_   23355         3  184529925  184770402    438      25  396225    -0.040469      0.23967   -3.8788e-15    -0.040469
_SET1_   59343         3  185300284  185348889    114       9  400631     -0.84782        0.609   -3.8858e-15     -0.84782
_SET1_   6434          3  185632356  185655924     36       8  401604      0.32085      0.19711   -3.8858e-15      0.32085
_SET1_   1608          3  185852896  186080023    542      83  395819       2.0596    0.0022881   -3.9968e-15       2.0596
_SET1_   132112        3  186915274  186919253      8       4  380115    -0.079506      0.34403   -3.8858e-15    -0.079506
_SET1_   6750          3  187386694  187388201      7       3  332478     -0.13116      0.40879   -3.8858e-15     -0.13116
_SET1_   151963        3  192514604  192635950    352      25  396472     -0.74146      0.49354   -3.8858e-15     -0.74146
_SET1_   79572         3  194123403  194188968    113      12  377449      0.15858      0.24293   -3.8858e-15      0.15858
_SET1_   23527         3  194995465  195163817    496      16  384582      0.91203     0.050549   -3.8858e-15      0.91203
_SET1_   4241          3  196728611  196756687     69      14  383405     -0.38611      0.42091   -3.8858e-15     -0.38611
_SET1_   1739          3  196769431  197026171    619      26  390529     -0.40926      0.32913   -3.8858e-15     -0.40926
_SET1_   84859         3  197518112  197615307    210      31  385076      -2.4301      0.96348   -3.9968e-15      -2.4301
_SET1_   10336         4     699537     764428    234      32  395028       1.4046     0.018967   -3.7748e-15       1.4046
_SET1_   1487          4    1205228    1242908    115      15  396769       1.2042     0.035427   -3.7748e-15       1.2042
_SET1_   7468          4    1873123    1983934     70      29  367810     0.015473      0.31711   -3.8823e-15     0.015473
_SET1_   27065         4    4387983    4420785    102      11  399279     -0.87459      0.61727   -3.8858e-15     -0.87459
_SET1_   152789        4    6026661    6202318    603     100  389987    -0.082351      0.25133   -3.8858e-15    -0.082351
_SET1_   5522          4    6322305    6565327    947      98  388591      0.57853     0.064683   -3.8858e-15      0.57853
_SET1_   27201         4    8581964    8591750     77      16  395730      0.53145      0.12731   -3.8858e-15      0.53145
_SET1_   1816          4    9783258    9785633      4       2  412146      0.80125      0.10158   -3.8858e-15      0.80125
_SET1_   9079          4   16503164   16900424   1086     115  391467     -0.39738       0.2878   -3.8858e-15     -0.39738
_SET1_   9353          4   20254566   20622184    910     106  390746     -0.87042      0.49197   -3.8858e-15     -0.87042
_SET1_   57620         4   26859329   27027003    286      23  382696      0.36445      0.14538   -3.8858e-15      0.36445
_SET1_   5099          4   30721951   31148423   1172      57  394703     -0.31135      0.21161   -3.8858e-15     -0.31135
_SET1_   57495         4   37246690   37451087    646      60  397346      0.43223     0.099892   -3.8858e-15      0.43223
_SET1_   7358          4   39500375   39529218    109      14  395227      0.52798      0.13099   -3.8858e-15      0.52798
_SET1_   10463         4   41992516   42089551    349      10  397404       1.3399     0.023783   -3.7748e-15       1.3399
_SET1_   10396         4   42410390   42659122    733      34  401558      -0.3565       0.2896   -3.8858e-15      -0.3565
_SET1_   2555          4   46246470   46392056    302      18  401108       3.3922   2.0121e-05   -3.9968e-15       3.3922
_SET1_   152579        4   53738797   54232242    997      62  388427      0.97383     0.023801   -3.8858e-15      0.97383
_SET1_   3815          4   55524095   55606881    185      26  400105       2.1901     0.002146   -3.9968e-15       2.1901
_SET1_   9575          4   56294068   56413076    409      13  401583      -1.0478      0.62338   -3.7748e-15      -1.0478
_SET1_   10874         4   56461396   56502465    135      16  367293       1.2598     0.030271   -3.7748e-15       1.2598
_SET1_   84273         4   57829516   57843826     41      10  397479      -2.2779      0.95625   -3.9968e-15      -2.2779
_SET1_   5431          4   57844944   57897334    153      19  402462       -2.171      0.93888   -3.9968e-15       -2.171
_SET1_   2044          4   66185281   66536529   1248      64  397293     0.078318      0.11314   -3.8858e-15     0.078318
_SET1_   1446          4   70796799   70812288     34       7  384829      0.18594       0.2351   -3.8858e-15      0.18594
_SET1_   22902         4   71570647   71674336    313      11  316171     0.055177      0.33587   -3.8788e-15     0.055177
_SET1_   26057         4   73940502   74124858    142      23  391200    0.0048227      0.26381   -3.8823e-15    0.0048227
_SET1_   419           4   76932333   77033955    503      17  404777       -2.062      0.89704   -3.9968e-15       -2.062
_SET1_   53371         4   77035812   77069668    212       8  405741     -0.44984      0.45199   -3.8858e-15     -0.44984
_SET1_   57619         4   77356253   77704406    954      56  400893     -0.12642      0.18928   -3.8858e-15     -0.12642
_SET1_   345079        4   77816082   77819002      7       2  352923     -0.23883      0.42329   -3.8858e-15     -0.23883
_SET1_   80144         4   78978724   79465423   1569      48  395301       -1.659       0.6309   -3.7748e-15       -1.659
_SET1_   55589         4   79697532   79837519    203      10  391527     -0.80823      0.64666   -3.8858e-15     -0.80823
_SET1_   152559        4   79836364   79860582     61       5  409336     -0.36135      0.47641   -3.8858e-15     -0.36135
_SET1_   56978         4   81105033   81125483     61      10  387843    -0.050046       0.3109   -3.8788e-15    -0.050046
_SET1_   651           4   81952119   81978685     55       8  404104      -1.5751      0.86294   -3.7748e-15      -1.5751
_SET1_   22872         4   83739814   83812419    163      10  395340     -0.53944      0.47378   -3.8858e-15     -0.53944
_SET1_   23001         4   85590690   85887544    316      22  397215      -2.3005      0.94788   -3.9968e-15      -2.3005
_SET1_   83478         4   86068860   86923823   2797      93  398751      -1.7979      0.59644   -3.7748e-15      -1.7979
_SET1_   5602          4   86933452   87374283   1137      46  397821       2.0318   0.00095294   -3.9968e-15       2.0318
_SET1_   56955         4   88742563   88767969     92      15  396297      -1.5894      0.83653   -3.7748e-15      -1.5894
_SET1_   10144         4   89647105   90032549   1135      43  395206     -0.55665      0.28941   -3.8858e-15     -0.55665
_SET1_   10098         4   99391518   99579812    511      52  399753       1.6559    0.0069616   -3.7748e-15       1.6559
_SET1_   5530          4  101944587  102268655    699      44  402735       1.1786     0.019944   -3.7748e-15       1.1786
_SET1_   133308        4  103946647  103998480     55      17  393292      0.64591      0.10884   -3.8858e-15      0.64591
_SET1_   27123         4  107842959  107957453    257      27  393680     -0.29223      0.36549   -3.8858e-15     -0.29223
_SET1_   287           4  113739239  114304896   1602     123  395717       1.8164    0.0013072   -3.7748e-15       1.8164
_SET1_   817           4  114372188  114683669    703      49  396342     -0.76352      0.45595   -3.8858e-15     -0.76352
_SET1_   8492          4  119201193  119274053    175      25  404423      0.49807      0.13035   -3.8858e-15      0.49807
_SET1_   132332        4  122680085  122686516     23       6  378837      0.26409      0.21838   -3.8858e-15      0.26409
_SET1_   5393          4  122722445  122738176     34       7  363979     -0.77789      0.59126   -3.8858e-15     -0.77789
_SET1_   84162         4  123073488  123283914    292      23  393502        2.939   0.00015668   -3.9968e-15        2.939
_SET1_   10424         4  129190392  129209984     23       8  392083        0.796     0.092142   -3.8858e-15        0.796
_SET1_   1998          4  139978871  140098372    176      25  338059     -0.96168      0.63984   -3.8858e-15     -0.96168
_SET1_   83452         4  140374961  140397070     49       5  375222     -0.97768      0.68118   -3.8858e-15     -0.97768
_SET1_   8821          4  142949181  143767604   2208      87  392899       2.1901   9.4078e-05   -3.9968e-15       2.1901
_SET1_   166614        4  150999426  151178609    485      37  400582      -1.5138      0.76553   -3.7748e-15      -1.5138
_SET1_   987           4  151185811  151936879   1328      38  393526      -2.6213      0.92695   -3.9968e-15      -2.6213
_SET1_   5188          4  152591808  152682175    198      10  401438       1.4881     0.016886   -3.7748e-15       1.4881
_SET1_   285533        4  154631312  154681387    181      12  410531      0.41978      0.14717   -3.8858e-15      0.41978
_SET1_   5356          4  155456149  155471585     44       3  399245      -0.6309       0.5637   -3.8858e-15      -0.6309
_SET1_   79884         4  156263810  156298122    117      11  388046       1.2665     0.030356   -3.7748e-15       1.2665
_SET1_   2743          4  157997277  158093251    311      21  396685      0.27334      0.18475   -3.8858e-15      0.27334
_SET1_   4750          4  170314421  170533778    478      18  404467     -0.20607      0.30393   -3.8858e-15     -0.20607
_SET1_   442117        4  172734575  173961559   2812     107  396778      -3.8738      0.99037   -3.9968e-15      -3.8738
_SET1_   26269         4  175157809  175205415     84      16  394749     -0.88243      0.61796   -3.8858e-15     -0.88243
_SET1_   8001          4  175545367  175750465    722      55  401272      0.76818     0.047966   -3.8858e-15      0.76818
_SET1_   55714         4  183065112  183724177   2258     203  396804    0.0087414     0.063388   -3.8823e-15    0.0087414
_SET1_   8470          4  186506598  186877870   1508     128  398225      0.59092     0.041133   -3.8858e-15      0.59092
_SET1_   2483          4  190861974  190884360     38       3  388074     0.058326      0.29842   -3.8788e-15     0.058326
_SET1_   11076         5     659977     693510    128      18  386947      -1.7119      0.85896   -3.7748e-15      -1.7119
_SET1_   81037         5    1317869    1345180     80      12  384035      -1.1815      0.72563   -3.7748e-15      -1.1815
_SET1_   170690        5    5140443    5320412    777      79  400414      -2.2512      0.91402   -3.9968e-15      -2.2512
_SET1_   1501          5   10971952   11904155   2471     181  393106      0.68542     0.014653   -3.8858e-15      0.68542
_SET1_   90441         5   16451628   16465894     31       7  404322      0.60791       0.1276   -3.8858e-15      0.60791
_SET1_   1016          5   19473140   20575972   2743     103  388658       -2.656      0.86799   -3.9968e-15       -2.656
_SET1_   1010          5   21750870   22853731   2611     104  389307      -2.6687      0.87249   -3.9968e-15      -2.6687
_SET1_   1008          5   24487209   24645085    553      30  386761      0.48981     0.092479   -3.8858e-15      0.48981
_SET1_   55322         5   31532373   31555165     64      14  384938     -0.90231      0.62573   -3.8858e-15     -0.90231
_SET1_   23600         5   33987091   34008220     48       7  408082     -0.56188      0.51033   -3.8858e-15     -0.56188
_SET1_   133686        5   36192694   36242258     94      10  321010      0.24799      0.22217   -3.8858e-15      0.24799
_SET1_   345557        5   41307048   41510730    459      34  403441      -1.1369      0.65322   -3.7748e-15      -1.1369
_SET1_   7690          5   43120985   43176351    218      18  401081     0.081116      0.23874   -3.8858e-15     0.081116
_SET1_   10605         5   43526369   43557521     57       6  394710     -0.92337      0.64638   -3.8858e-15     -0.92337
_SET1_   348980        5   45255052   45696220    480      32  386796      0.90109     0.047786   -3.8858e-15      0.90109
_SET1_   79668         5   49961733   50142356    298      18  400083     -0.80708      0.56276   -3.8858e-15     -0.80708
_SET1_   8988          5   53751431   53752214      2       1  413466      -1.6883      0.89781   -3.7748e-15      -1.6883
_SET1_   3350          5   63255875   63258119      3       1  400038      0.68667      0.13732   -3.8858e-15      0.68667
_SET1_   5295          5   67511584   67597649    212      37  376966      0.15826      0.20135   -3.8858e-15      0.15826
_SET1_   891           5   68462837   68474072     31       4  387594      0.69698       0.1126   -3.8858e-15      0.69698
_SET1_   3842          5   72112418   72210215    158      16  398247       1.0717      0.04586   -3.7748e-15       1.0717
_SET1_   57763         5   72848025   72861521     41       6  395957       -1.964      0.92457   -3.7748e-15       -1.964
_SET1_   3156          5   74632159   74657926     42       9  386963      0.83655      0.08229   -3.8858e-15      0.83655
_SET1_   22987         5   75378997   75649764    854      59  399493      -0.9662      0.50031   -3.8858e-15      -0.9662
_SET1_   55255         5   76727622   76788332    231      19  377348     -0.95009      0.60698   -3.8858e-15     -0.95009
_SET1_   9456          5   78669647   78809659    314      22  384334       1.2227     0.026975   -3.7748e-15       1.2227
_SET1_   1404          5   82934017   83016896    210      35  394530      0.22082       0.1824   -3.8858e-15      0.22082
_SET1_   4208          5   88014058   88199922    319      25  390064     -0.17508      0.29343   -3.8858e-15     -0.17508
_SET1_   84250         5   93953086   94033326    215      16  401502        2.832   0.00026803   -3.9968e-15        2.832
_SET1_   79772         5   94038280   94620279   1357     104  394692       2.1192   0.00064467   -3.9968e-15       2.1192
_SET1_   9652          5   94799599   94890709    165      12  400175     -0.60537      0.51296   -3.8858e-15     -0.60537
_SET1_   285704        5   98104999   98132198     58      10  395798      0.92752     0.066662   -3.8858e-15      0.92752
_SET1_   5066          5  102201527  102366809    256      13  335242      -1.2102      0.72539   -3.7748e-15      -1.2102
_SET1_   90355         5  102594442  102614361     42       3  394550       1.2689     0.042121   -3.7748e-15       1.2689
_SET1_   3781          5  113698016  113832197    297      33  390917       3.7315   4.4518e-06   -3.9968e-15       3.7315
_SET1_   55521         5  114460459  114516243    129      17  373583       2.0731    0.0036107   -3.9968e-15       2.0731
_SET1_   57556         5  115779251  115910551    437      73  399936      0.79703     0.065762   -3.8858e-15      0.79703
_SET1_   6643          5  122110691  122170234    200      19  403828       -1.921      0.89929   -3.7748e-15       -1.921
_SET1_   23105         5  132532152  132948223   1109     116  395635     -0.69709      0.39076   -3.8858e-15     -0.69709
_SET1_   6500          5  133492082  133512724     32       6  404512     -0.25801      0.43106   -3.8858e-15     -0.25801
_SET1_   9555          5  134670071  134735645     85      12  400928       1.1948      0.05195   -3.7748e-15       1.1948
_SET1_   51307         5  137673224  137685418     23       7  389037       2.3108    0.0021937   -3.9968e-15       2.3108
_SET1_   9782          5  138609441  138667366     47       7  383372       1.0597     0.054869   -3.7748e-15       1.0597
_SET1_   51523         5  139028301  139063467     55       9  356848     -0.35435      0.42251   -3.8858e-15     -0.35435
_SET1_   56138         5  140247149  140391932    281      15  391774       3.6082   8.6504e-06   -3.9968e-15       3.6082
_SET1_   56134         5  140345747  140391929     59      14  362723       2.5205    0.0010881   -3.9968e-15       2.5205
_SET1_   285613        5  141016517  141020918     13       5  406656      0.12678      0.27029   -3.8858e-15      0.12678
_SET1_   9812          5  141303350  141330027     47       5  380944     -0.68741      0.58335   -3.8858e-15     -0.68741
_SET1_   23092         5  142149881  142608572   1100      82  392091      -1.2486      0.59692   -3.7748e-15      -1.2486
_SET1_   51520         5  145492589  145562294    244       6  403093       2.7948   0.00037172   -3.9968e-15       2.7948
_SET1_   10915         5  145826873  145891071    163      12  405574        1.877    0.0071716   -3.7748e-15        1.877
_SET1_   3360          5  147830595  148034090    507      32  368641     -0.18377      0.26808   -3.8858e-15     -0.18377
_SET1_   78991         5  148737570  148749221     15       5  408238      0.89133     0.079181   -3.8858e-15      0.89133
_SET1_   11346         5  149980642  150038792    120      16  344401      -1.2359      0.75147   -3.7748e-15      -1.2359
_SET1_   309           5  150480267  150537443    214      38  403760     -0.13745      0.29284   -3.8858e-15     -0.13745
_SET1_   2890          5  152870084  153193429   1172      65  379668     -0.25504      0.19742   -3.8858e-15     -0.25504
_SET1_   23367         5  154062224  154197167    269      28  379234      -2.5312      0.96883   -3.9968e-15      -2.5312
_SET1_   9685          5  157212751  157286183    193      14  400881    -0.044309      0.28691   -3.8788e-15    -0.044309
_SET1_   153830        5  158584417  158637061    106      18  390004      -2.1733      0.94125   -3.9968e-15      -2.1733
_SET1_   2561          5  160715426  160975130    599      38  400584      0.95502      0.03978   -3.8858e-15      0.95502
_SET1_   2554          5  161274197  161326965    130      15  392535       1.7086       0.0103   -3.7748e-15       1.7086
_SET1_   27430         5  162930070  162946359     35       7  411814      -1.2428       0.7623   -3.7748e-15      -1.2428
_SET1_   57451         5  166406083  167691162   2874     213  395364       1.5489    0.0010777   -3.7748e-15       1.5489
_SET1_   3937          5  169675088  169724822    116      34  393634     -0.74966      0.54289   -3.8858e-15     -0.74966
_SET1_   80315         5  173315331  173387313    167      16  402752      -0.6138      0.49315   -3.8858e-15      -0.6138
_SET1_   1812          5  174867675  174871163      8       3  405841      0.12093      0.27498   -3.8858e-15      0.12093
_SET1_   84321         5  175386534  175395318      1       1  393957      -2.7686       0.9908   -3.9968e-15      -2.7686
_SET1_   57179         5  175773065  175788809     29       8  407367     -0.68315      0.56202   -3.8858e-15     -0.68315
_SET1_   114787        5  176022803  176044339     30      10  399884      -1.3469      0.78966   -3.7748e-15      -1.3469
_SET1_   90249         5  176237560  176307899    131      30  377470      -1.5414       0.8425   -3.7748e-15      -1.5414
_SET1_   10960         5  176758563  176778885     26       5  393074     -0.77151      0.60215   -3.8858e-15     -0.77151
_SET1_   10636         5  176784704  176799599     20       5  391299      -2.2369      0.95859   -3.9968e-15      -2.2369
_SET1_   1627          5  176883613  176900694     36       7  369630     -0.29855      0.40424   -3.8858e-15     -0.29855
_SET1_   23138         5  177540556  177553107     27       7  402384      -1.0911      0.71477   -3.7748e-15      -1.0911
_SET1_   91522         5  177664617  178017573   1332     116  396583      -1.3525      0.60816   -3.7748e-15      -1.3525
_SET1_   8878          5  179233388  179265078    103      23  377551    -0.081755      0.29082   -3.8858e-15    -0.081755
_SET1_   51149         5  179263927  179285867     65      10  393821    -0.092313      0.32315   -3.8858e-15    -0.092313
_SET1_   56940         6     292101     351355     49      23  298906      -3.0029      0.99483   -3.9968e-15      -3.0029
_SET1_   63027         6    3269207    3456954    713      69  394947     -0.34093      0.29636   -3.8858e-15     -0.34093
_SET1_   10667         6    5261251    5771816   1640     146  395200     -0.46824      0.23008   -3.8858e-15     -0.46824
_SET1_   55003         6   10695180   10710015     12       9  339794      -1.2788      0.85669   -3.7748e-15      -1.2788
_SET1_   84830         6   11711505   11779861    260      24  400117     0.025865      0.23826   -3.8823e-15     0.025865
_SET1_   221692        6   12716888   13290476   1363      68  391422        2.562   8.9663e-05   -3.9968e-15        2.562
_SET1_   221687        6   13924677   13980240    109      12  406654      0.90889     0.063857   -3.8858e-15      0.90889
_SET1_   6310          6   16299343   16761721   1370     152  389776        2.079   0.00081203   -3.9968e-15        2.079
_SET1_   221662        6   17281739   17294102     21       7  367156       2.4685    0.0013637   -3.9968e-15       2.4685
_SET1_   378884        6   18120718   18122851      6       2  408791       1.5482     0.027404   -3.7748e-15       1.5482
_SET1_   7172          6   18128542   18155374     82      12  406094      0.25266      0.20492   -3.8858e-15      0.25266
_SET1_   7913          6   18224400   18264799     72      15  390103      0.81351     0.081008   -3.8858e-15      0.81351
_SET1_   9750          6   24804512   24936275    359      35  397721       1.0257     0.038508   -3.7748e-15       1.0257
_SET1_   11165         6   34254971   34360457    220      11  400209    -0.025208      0.29565   -3.8823e-15    -0.025208
_SET1_   29993         6   34433838   34503000    141      22  395442      -1.8859      0.89416   -3.7748e-15      -1.8859
_SET1_   55633         6   37225528   37300746    142      12  402017       1.0219     0.055935   -3.7748e-15       1.0219
_SET1_   60685         6   37787272   38161637    986      25  399548       1.1299     0.016592   -3.7748e-15       1.1299
_SET1_   116113        6   41514164   41570122    158      20  390277     -0.48585      0.44787   -3.8858e-15     -0.48585
_SET1_   5961          6   42664333   42690692     94      10  404188       1.3775     0.024385   -3.7748e-15       1.3775
_SET1_   6903          6   42712234   42713884      3       1  336633     -0.36364      0.63391   -3.8858e-15     -0.36364
_SET1_   221424        6   43474703   43478081      6       2  410341       1.9171     0.016294   -3.7748e-15       1.9171
_SET1_   2030          6   44187242   44201888     19       8  400305      -1.6629      0.86492   -3.7748e-15      -1.6629
_SET1_   988           6   44355251   44418161    111      15  380402    -0.079213        0.334   -3.8858e-15    -0.079213
_SET1_   860           6   45296054   45518819    516      43  389699     -0.74048        0.477   -3.8858e-15     -0.74048
_SET1_   59084         6   46126922   46138737     33       5  395634      -1.8616       0.9075   -3.7748e-15      -1.8616
_SET1_   27242         6   47199263   47277683    176      33  394487      -0.9173      0.60584   -3.8858e-15      -0.9173
_SET1_   135398        6   49518113   49523166     12       1  227542      -1.0593      0.87712   -3.7748e-15      -1.0593
_SET1_   28978         6   52535884   52551386     56       7  400744      -1.5967      0.85924   -3.7748e-15      -1.5967
_SET1_   26268         6   52922586   52965671     59      12  363046     0.047282      0.29061   -3.8788e-15     0.047282
_SET1_   81578         6   55921388   56112544    665      16  402522     -0.43211       0.3371   -3.8858e-15     -0.43211
_SET1_   221336        6   56819773   56892450    144       9  400201     -0.17898      0.35528   -3.8858e-15     -0.17898
_SET1_   55788         6   70385641   70507049    312       9  401986     -0.75455      0.53406   -3.8858e-15     -0.75455
_SET1_   1310          6   70576448   70922157    815      54  392775      -0.6524        0.389   -3.8858e-15      -0.6524
_SET1_   57579         6   71123107   71270877    281       9  400329     -0.19902      0.34546   -3.8858e-15     -0.19902
_SET1_   56479         6   73331571   73908574   1388      99  396149         1.17      0.01091   -3.7748e-15         1.17
_SET1_   25821         6   74171454   74211179     94      13  406529      0.20816      0.22999   -3.8858e-15      0.20816
_SET1_   27145         6   76004607   76203516    271      15  394178      0.15288       0.2022   -3.8858e-15      0.15288
_SET1_   3617          6   76631062   76782335    293      33  399239     -0.85405      0.55688   -3.8858e-15     -0.85405
_SET1_   25998         6   82879956   82957448    195      12  404026     -0.25571      0.36089   -3.8858e-15     -0.25571
_SET1_   112611        6   83903032   83908654      4       2  410802      0.39345      0.20619   -3.8858e-15      0.39345
_SET1_   112609        6   84732746   84800606    157      17  385014       0.7998     0.081229   -3.8858e-15       0.7998
_SET1_   57231         6   86215214   86303850    137      20  407193     -0.77841        0.566   -3.8858e-15     -0.77841
_SET1_   10492         6   86317502   86353568     54      11  401731     -0.73552      0.57188   -3.8858e-15     -0.73552
_SET1_   3354          6   87647024   87726397    172      17  397562      0.90087     0.072442   -3.8858e-15      0.90087
_SET1_   23036         6   87865269   87973926    262      11  400789      0.02079      0.24908   -3.8823e-15      0.02079
_SET1_   1268          6   88849583   88876063     55      15  397365     -0.72881      0.55697   -3.8858e-15     -0.72881
_SET1_   22881         6   90142897   90343553    423      32  397180    -0.023993      0.23402   -3.8823e-15    -0.023993
_SET1_   57226         6   90341943   90348474     12       3  388497      -1.8151      0.91026   -3.7748e-15      -1.8151
_SET1_   2045          6   93949738   94129302    428      50  395790      0.15679      0.17898   -3.8858e-15      0.15679
_SET1_   81491         6   97241998   97285353    112      14  403376       -1.962       0.9143   -3.7748e-15       -1.962
_SET1_   2898          6  101841584  102517958   1964     116  393040       1.9722   0.00040533   -3.7748e-15       1.9722
_SET1_   57531         6  105175968  105307794    275      14  401545       -1.729      0.85666   -3.7748e-15       -1.729
_SET1_   64208         6  105605775  105627858     66       7  411410      -2.2975      0.96851   -3.9968e-15      -2.2975
_SET1_   84816         6  107018903  107077373    211      14  401298      -1.6032      0.83999   -3.7748e-15      -1.6032
_SET1_   9896          6  110012424  110146634    258      25  400763     -0.65406      0.48697   -3.8858e-15     -0.65406
_SET1_   91749         6  111580482  111590263     25       8  383846       0.5732      0.13408   -3.8858e-15       0.5732
_SET1_   2534          6  111981535  112194655    565      34  377156       1.8897    0.0036132   -3.7748e-15       1.8897
_SET1_   51175         6  112391860  112408751     20       3  400298       1.3532     0.035254   -3.7748e-15       1.3532
_SET1_   23270         6  116571127  116575261     12       4  402970       2.7494    0.0005549   -3.9968e-15       2.7494
_SET1_   57120         6  117881432  117923705     85      14  396674       1.4022     0.023542   -3.7748e-15       1.4022
_SET1_   116150        6  117996617  118031890     89      16  407255       1.7456     0.010604   -3.7748e-15       1.7456
_SET1_   57515         6  122764493  122793051     67      10  404196     -0.73281      0.56996   -3.8858e-15     -0.73281
_SET1_   135112        6  126102307  126253176    270      23  397339      0.91194     0.054589   -3.8858e-15      0.91194
_SET1_   5796          6  128289924  128841870    940      68  382584     -0.61564      0.38841   -3.8858e-15     -0.61564
_SET1_   114801        6  130687426  130764569    223      20  393177      0.38632      0.15678   -3.8858e-15      0.38632
_SET1_   2037          6  131160487  131384462    659      29  393004      -1.9871      0.86934   -3.7748e-15      -1.9871
_SET1_   9519          6  134273308  134308638     78       9  397890      0.68424      0.11166   -3.8858e-15      0.68424
_SET1_   10767         6  135281516  135376036    209       8  399987     -0.57619      0.47986   -3.8858e-15     -0.57619
_SET1_   54806         6  135604670  135818903    361      29  361055      -2.2103      0.93581   -3.9968e-15      -2.2103
_SET1_   9774          6  136578001  136611783     20       6  372151     -0.24271      0.41874   -3.8858e-15     -0.24271
_SET1_   9053          6  136663419  136871957    247      19  372065      -0.6529      0.52151   -3.8858e-15      -0.6529
_SET1_   57221         6  138483053  138665800    486      33  374887     -0.58265      0.45949   -3.8858e-15     -0.58265
_SET1_   25901         6  139094657  139114456     63       9  401970      0.18617      0.23463   -3.8858e-15      0.18617
_SET1_   85021         6  139225620  139309419    271      15  398977       1.3871     0.020926   -3.7748e-15       1.3871
_SET1_   167838        6  139561198  139645148    207      24  402934      0.13889      0.21159   -3.8858e-15      0.13889
_SET1_   51390         6  143381979  143661441    519      43  385652      0.71585     0.067041   -3.8858e-15      0.71585
_SET1_   5325          6  144261437  144385736    306      36  389208     -0.24165      0.32062   -3.8858e-15     -0.24165
_SET1_   84918         6  150139894  150186398     74       5  399081      0.50458      0.15203   -3.8858e-15      0.50458
_SET1_   81706         6  150464188  150571528    376      50  392316      -1.4108      0.75086   -3.7748e-15      -1.4108
_SET1_   23345         6  152442819  152958534   1684     120  394721       3.8318   1.8449e-07   -3.9968e-15       3.8318
_SET1_   4988          6  154331631  154568001    641      48  403112      -1.1375       0.6136   -3.7748e-15      -1.1375
_SET1_   26230         6  155316488  155578857    971      98  395789       1.3485     0.010716   -3.7748e-15       1.3485
_SET1_   51429         6  158137078  158366109    694      38  394634      -1.0632      0.57164   -3.7748e-15      -1.0632
_SET1_   57583         6  158957468  159056467    304      22  395841     0.023407      0.22813   -3.8823e-15     0.023407
_SET1_   83861         6  159398077  159421424    137       7  398854      0.94036     0.088212   -3.8858e-15      0.94036
_SET1_   6648          6  160100148  160114353     51       7  406719        1.586     0.016371   -3.7748e-15        1.586
_SET1_   9589          6  160147712  160177351     71      11  396950       1.6402     0.013622   -3.7748e-15       1.6402
_SET1_   4216          6  161412816  161538417    320      24  384156      -0.6977      0.52273   -3.8858e-15      -0.6977
_SET1_   6196          6  166822854  167275948   1590     142  395529        4.592   4.0403e-09   -3.5527e-15        4.592
_SET1_   4301          6  168227602  168372703    390      19  400312      0.78647     0.066304   -3.8858e-15      0.78647
_SET1_   84498         6  170615812  170716155    254      16  396141     -0.61001      0.49052   -3.8858e-15     -0.61001
_SET1_   5575          7     588834     767313    541      47  389918      0.74968     0.059625   -3.8858e-15      0.74968
_SET1_   8379          7    1855428    2272583   1634      32  378331       3.8127   1.2692e-07   -3.9968e-15       3.8127
_SET1_   29960         7    2273830    2281840     24       8  388605       3.6698   1.3695e-05   -3.9968e-15       3.6698
_SET1_   80727         7    2671603    2704436     87      19  389983        1.352     0.023794   -3.7748e-15        1.352
_SET1_   155185        7    2719163    2755069    170      34  383175      -1.2184      0.71007   -3.7748e-15      -1.2184
_SET1_   9907          7    4815262    4834026     98       9  388131      0.53713      0.17427   -3.8858e-15      0.53713
_SET1_   26100         7    5229835    5273486    153      24  398701     -0.83341      0.58517   -3.8858e-15     -0.83341
_SET1_   113263        7    8008374    8128710    323      18  397125      -1.2385      0.70258   -3.7748e-15      -1.2385
_SET1_   3382          7    8152814    8302242    581      67  389384      -2.2808       0.9314   -3.9968e-15      -2.2808
_SET1_   9678          7   11013495   11209250    458      23  389407       1.4478     0.013142   -3.7748e-15       1.4478
_SET1_   1607          7   14184674   14943281   2380     128  398219      0.55707     0.020667   -3.8858e-15      0.55707
_SET1_   256130        7   19758938   19812404    186      17  394826     -0.19019      0.34265   -3.8858e-15     -0.19019
_SET1_   9771          7   22157908   22396751    722      50  401678      -1.5285      0.73848   -3.7748e-15      -1.5285
_SET1_   55975         7   23145353   23215040    198      11  404012      0.57206      0.11837   -3.8858e-15      0.57206
_SET1_   54205         7   25158270   25164980     12       5  393296     -0.60617      0.54663   -3.8858e-15     -0.60617
_SET1_   1124          7   29233991   29553944   1103      92  397862      0.31734      0.09058   -3.8858e-15      0.31734
_SET1_   2617          7   30634181   30673649    104      14  338958       1.0127     0.063075   -3.7748e-15       1.0127
_SET1_   117           7   31092076   31151093    150      30  399664     -0.61032      0.48694   -3.8858e-15     -0.61032
_SET1_   63974         7   31377075   31380538      5       2  405547     -0.73583      0.61951   -3.8858e-15     -0.73583
_SET1_   27241         7   33169144   33645680   1338      51  389777     -0.89725      0.38759   -3.8858e-15     -0.89725
_SET1_   168667        7   33944523   34195484    494      53  393655      0.51101     0.096299   -3.8858e-15      0.51101
_SET1_   23333         7   34968491   35077653    346      17  401110     -0.24161      0.32158   -3.8858e-15     -0.24161
_SET1_   23366         7   36363759   36429734    167      24  392651       1.2597     0.028932   -3.7748e-15       1.2597
_SET1_   9844          7   36892511   37488895   1799     117  388331       -2.242      0.82818   -3.9968e-15       -2.242
_SET1_   8621          7   39989959   40136733    254      18  392664       0.7992     0.070438   -3.8858e-15       0.7992
_SET1_   23072         7   43152198   43603213   1344      99  396308      -1.9797      0.80255   -3.7748e-15      -1.9797
_SET1_   28988         7   44084239   44101315     58       8  383229     -0.38262      0.44188   -3.8858e-15     -0.38262
_SET1_   816           7   44256749   44365230    286      23  393001      0.71693     0.078812   -3.8858e-15      0.71693
_SET1_   23386         7   44421965   44530474    210      10  396826     -0.51067      0.47473   -3.8858e-15     -0.51067
_SET1_   5814          7   44915892   44924960      8       4  378383      0.16263      0.26664   -3.8858e-15      0.16263
_SET1_   375567        7   49813257   49961546    307      31  400962       1.1192      0.03365   -3.7748e-15       1.1192
_SET1_   2887          7   50657760   50861159    654      32  397112      0.79511     0.047645   -3.8858e-15      0.79511
_SET1_   23242         7   51083909   51384515    571      36  395049       1.6126    0.0071232   -3.7748e-15       1.6126
_SET1_   64409         7   70597523   71178586   2031     126  396379       1.2202    0.0044175   -3.7748e-15       1.2202
_SET1_   84277         7   73095248   73097781     13       3  411066      0.96656     0.076188   -3.8858e-15      0.96656
_SET1_   6804          7   73113535   73134032     35       9  396675       1.5062      0.01939   -3.7748e-15       1.5062
_SET1_   5982          7   73645832   73668788     38       8  386008       1.2655     0.044385   -3.7748e-15       1.2655
_SET1_   54103         7   76940068   77045719    305      23  405416      -2.3961      0.95722   -3.9968e-15      -2.3961
_SET1_   222194        7   77325743   77409120    221      19  391679     -0.97596      0.62158   -3.8858e-15     -0.97596
_SET1_   27445         7   82383321   82792197   1127      46  393992       3.3641   3.8498e-06   -3.9968e-15       3.3641
_SET1_   154661        7   87257729   87461613    293      15  393844       2.6794   0.00069481   -3.9968e-15       2.6794
_SET1_   85865         7   89975341   90020769    157      17  395908      -0.1122      0.30957   -3.8858e-15      -0.1122
_SET1_   9069          7   90032648   90045268     28       9  397423      0.24597      0.22886   -3.8858e-15      0.24597
_SET1_   5218          7   90225681   90839905   1812      63  397366      -1.5861      0.57119   -3.7748e-15      -1.5861
_SET1_   889           7   91828283   91875414     47       9  391392       1.4402     0.023052   -3.7748e-15       1.4402
_SET1_   257415        7   92190072   92219706     63      10  392359       1.1183     0.055124   -3.7748e-15       1.1183
_SET1_   64921         7   94138838   94186331     85      10  399436       1.3361     0.027526   -3.7748e-15       1.3361
_SET1_   23089         7   94285637   94299007     16       6  398651       1.1163     0.056242   -3.7748e-15       1.1163
_SET1_   440           7   97481429   97501854     62      12  402971    -0.044162       0.2948   -3.8788e-15    -0.044162
_SET1_   222865        7   98444111   98467673     42       7  399893      0.26114      0.22733   -3.8858e-15      0.26114
_SET1_   57154         7   98625058   98741743    202      36  388446      0.97677     0.051758   -3.8858e-15      0.97677
_SET1_   10980         7   99686583   99689823      3       1  401473      0.99404      0.11474   -3.8858e-15      0.99404
_SET1_   55262         7   99752043   99756338      3       2  412903       0.8754      0.09112   -3.8858e-15       0.8754
_SET1_   222950        7  100081550  100092425     19       5  383353       1.0232      0.06686   -3.7748e-15       1.0232
_SET1_   1174          7  100797685  100804557     26       4  398343       -0.656      0.56284   -3.8858e-15       -0.656
_SET1_   9512          7  102937873  102970349     44      14  401110     -0.24156      0.40316   -3.8858e-15     -0.24156
_SET1_   5701          7  102984852  103009842     44      10  391616     -0.16091       0.3862   -3.8858e-15     -0.16091
_SET1_   5649          7  103112231  103629963   1972     108  399792      -1.2075      0.41716   -3.7748e-15      -1.2075
_SET1_   375612        7  103969104  104549005   1675      99  398328  -7.7597e-05     0.099101   -3.8821e-15  -7.7597e-05
_SET1_   55904         7  104654637  104754532    132      10  397626        3.913    3.846e-06   -3.9968e-15        3.913
_SET1_   6733          7  104754048  105039614    504      18  396126       2.9796   7.9537e-05   -3.9968e-15       2.9796
_SET1_   10466         7  106842189  107204959    702      18  401822       1.0442     0.027715   -3.7748e-15       1.0442
_SET1_   55973         7  107220422  107263762     66       9  391716      0.81607     0.085714   -3.8858e-15      0.81607
_SET1_   5172          7  107301080  107358254     83      17  390166      0.50543      0.12864   -3.8858e-15      0.50543
_SET1_   79872         7  107383942  107402112     33       6  387607      0.12222       0.2531   -3.8858e-15      0.12222
_SET1_   1738          7  107531586  107561643     59       7  395179     -0.62734      0.52646   -3.8858e-15     -0.62734
_SET1_   4897          7  107788071  108096841   1045      46  391099       2.0428   0.00099206   -3.9968e-15       2.0428
_SET1_   830           7  116502533  116559315     58       6  398165      -1.0564       0.7035   -3.7748e-15      -1.0564
_SET1_   7982          7  116593381  116870077    391      47  386537        2.016     0.003285   -3.9968e-15        2.016
_SET1_   7472          7  116916685  116963343     80      19  400128     -0.10198       0.3021   -3.8858e-15     -0.10198
_SET1_   54556         7  120590817  120615711     40       5  407379     0.032211      0.30489   -3.8788e-15     0.032211
_SET1_   93664         7  121958478  122526813   1297      58  390322     -0.13947      0.15283   -3.8858e-15     -0.13947
_SET1_   8976          7  123321981  123389125    152      14  388794     -0.29119      0.36519   -3.8858e-15     -0.29119
_SET1_   381           7  127228406  127231759      9       3  409615    -0.004278      0.31667   -3.8823e-15    -0.004278
_SET1_   27044         7  127292043  127732659    669      33  393676       1.2438     0.017148   -3.7748e-15       1.2438
_SET1_   54927         7  132469623  132766839    541      22  391507      -1.2827      0.67833   -3.7748e-15      -1.2827
_SET1_   1129          7  136553399  136703720    419      30  400659      -1.0211      0.60058   -3.7748e-15      -1.0211
_SET1_   9162          7  137074385  137531609    765      64  390785         1.47    0.0091436   -3.7748e-15         1.47
_SET1_   51631         7  139025105  139108203    262       7  385979       1.2887     0.029471   -3.7748e-15       1.2887
_SET1_   55750         7  141251078  141354209    142      11  376676      -1.0316      0.69504   -3.7748e-15      -1.0316
_SET1_   26047         7  145813453  148118090   7842     292  398848      0.41428     0.025737   -3.8858e-15      0.41428
_SET1_   155061        7  149169884  149194928     34       5  382665     -0.40335      0.44668   -3.8858e-15     -0.40335
_SET1_   116988        7  150782918  150841523    138      19  391704       1.4528     0.018243   -3.7748e-15       1.4528
_SET1_   51422         7  151253200  151574316   1106     130  394872      0.34228     0.098857   -3.8858e-15      0.34228
_SET1_   64327         7  156470537  156685902    695      27  402132  -0.00095507      0.19996   -3.8821e-15  -0.00095507
_SET1_   10049         7  157129692  157210133    268      22  394991      -1.0707      0.64472   -3.7748e-15      -1.0707
_SET1_   9228          8     877021    1656642   3732     197  388573       1.6942   0.00067164   -3.7748e-15       1.6942
_SET1_   9920          8    1921949    1955109    155      20  398947     -0.91342      0.60759   -3.8858e-15     -0.91342
_SET1_   9172          8    1993082    2093380    723      81  399123      0.17605      0.15451   -3.8858e-15      0.17605
_SET1_   64478         8    2792875    4852328  15561     558  393045       1.0826    0.0037395   -3.7748e-15       1.0826
_SET1_   55326         8    6565878    6619024    171      20  397278    -0.092649      0.28944   -3.8858e-15    -0.092649
_SET1_   2222          8   11653467   11696818    240      26  393969       0.3633      0.14753   -3.8858e-15       0.3633
_SET1_   1508          8   11700033   11725646    136      16  397378      0.74027     0.086284   -3.8858e-15      0.74027
_SET1_   286097        8   16884747   16980148    289      25  399924     -0.19673      0.31412   -3.8858e-15     -0.19673
_SET1_   29883         8   17086737   17104387     40       8  394186       1.7523     0.012786   -3.7748e-15       1.7523
_SET1_   2675          8   21549530   21672392    269      50  384423      0.27124      0.16852   -3.8858e-15      0.27124
_SET1_   2039          8   21906660   21940036    117      13  386575      0.95665     0.069166   -3.8858e-15      0.95665
_SET1_   55806         8   21971932   21988566     50       9  384578        1.967    0.0059662   -3.7748e-15        1.967
_SET1_   57805         8   22462145   22477984     53       6  401150       2.0689    0.0047961   -3.9968e-15       2.0689
_SET1_   55909         8   22477931   22526661    129      16  397414        1.774    0.0083965   -3.7748e-15        1.774
_SET1_   23221         8   22844930   22877710     74      15  388072     0.045738      0.26867   -3.8788e-15     0.045738
_SET1_   4741          8   24770712   24776607      6       3  402338      -1.1878      0.77128   -3.7748e-15      -1.1878
_SET1_   5520          8   26149007   26230196    183      28  404112      0.58089      0.11222   -3.8858e-15      0.58089
_SET1_   1135          8   27317278   27336813     76      14  399568      -1.3578      0.78156   -3.7748e-15      -1.3578
_SET1_   1191          8   27454434   27472328     38       6  403758      -1.6716      0.87227   -3.7748e-15      -1.6716
_SET1_   7976          8   28351722   28431785    137       6  401357      -1.8694      0.90425   -3.7748e-15      -1.8694
_SET1_   51669         8   29920609   29940649     37       6  401963      0.21482      0.26052   -3.8858e-15      0.21482
_SET1_   23484         8   29952922   29995222     86      10  385069      0.31881      0.21057   -3.8858e-15      0.31881
_SET1_   100507341     8   30496117   30503473     11       3  412657       0.6576       0.1279   -3.8858e-15       0.6576
_SET1_   3084          8   31496820   32622558   3428     132  396380      0.40613     0.030686   -3.8858e-15      0.40613
_SET1_   137970        8   35092975   35654068    939      50  384890      0.84225     0.033323   -3.8858e-15      0.84225
_SET1_   6770          8   38000218   38008783      8       4  381309     -0.27774      0.46201   -3.8858e-15     -0.27774
_SET1_   23259         8   38088861   38120351     32       5  381840       3.2604   8.9556e-05   -3.9968e-15       3.2604
_SET1_   54904         8   38127217   38239872    137      12  392604       2.7614    0.0004211   -3.9968e-15       2.7614
_SET1_   8754          8   38854505   38962780    203      19  400091      0.79659     0.072868   -3.8858e-15      0.79659
_SET1_   79698         8   40388109   40755345   1118      76  400543     -0.31617      0.23191   -3.8858e-15     -0.31617
_SET1_   137964        8   41435702   41482520    123      12  385970     -0.20996      0.34229   -3.8858e-15     -0.20996
_SET1_   286           8   41510744   41754280    725      66  397800       1.6018    0.0066064   -3.7748e-15       1.6018
_SET1_   7419          8   42249279   42263455     14       4  386806      0.65325      0.17732   -3.8858e-15      0.65325
_SET1_   5591          8   48685669   48872743    143      21  384521      -0.5148      0.50079   -3.8858e-15      -0.5148
_SET1_   4173          8   48872763   48890720     11       4  400938      -1.0853      0.77219   -3.7748e-15      -1.0853
_SET1_   79645         8   49627474   49647870     44      14  361870      -2.3534      0.96713   -3.9968e-15      -2.3534
_SET1_   9821          8   53535018   53627026    110      22  389261     -0.10945      0.30585   -3.8858e-15     -0.10945
_SET1_   4986          8   54138276   54164257    141      13  401329      -1.4583      0.82409   -3.7748e-15      -1.4583
_SET1_   79145         8   57124315   57131178      8       5  402124     -0.63125      0.57772   -3.8858e-15     -0.63125
_SET1_   8439          8   59496063   59572404    177      19  384821     -0.89803      0.59711   -3.8858e-15     -0.89803
_SET1_   5862          8   61429469   61536203    206      12  404574      -1.7561      0.87009   -3.7748e-15      -1.7561
_SET1_   157807        8   62200514   62414204    400      44  377190      0.90527     0.049081   -3.8858e-15      0.90527
_SET1_   79848         8   67976588   68108849    138      12  393194     -0.37341      0.47243   -3.8858e-15     -0.37341
_SET1_   23213         8   70378859   70573147    494      76  396924      0.30658        0.142   -3.8858e-15      0.30658
_SET1_   9312          8   73449626   73850584   1097      64  398318      0.41635     0.070739   -3.8858e-15      0.41635
_SET1_   6129          8   74202874   74205869      8       4  411247      0.79666     0.099515   -3.8858e-15      0.79666
_SET1_   27067         8   74332604   74659943    884      38  401797      0.26107      0.10953   -3.8858e-15      0.26107
_SET1_   55284         8   74692332   74791145    124      18  391451     -0.56834      0.50651   -3.8858e-15     -0.56834
_SET1_   3612          8   82569151   82599029     76      16  366405     -0.51086      0.48437   -3.8858e-15     -0.51086
_SET1_   79752         8   82613566   82633539     69      12  351066     0.098157      0.26078   -3.8858e-15     0.098157
_SET1_   11059         8   87354965   87480181    332      19  395677      -2.1597      0.92821   -3.9968e-15      -2.1597
_SET1_   4683          8   90945564   90996952    131      11  399455       2.5326   0.00090936   -3.9968e-15       2.5326
_SET1_   793           8   91070836   91095107     38       8  384411        2.101    0.0049726   -3.9968e-15        2.101
_SET1_   55529         8   92006499   92053203     84      11  384351    0.0024984      0.27983   -3.8819e-15    0.0024984
_SET1_   286144        8   93895758   93978372    111      24  383731     -0.64917      0.51671   -3.8858e-15     -0.64917
_SET1_   91147         8   94767072   94831462     43       9  376092      -1.6298      0.85474   -3.7748e-15      -1.6298
_SET1_   54704         8   94929083   94938296      6       1  413466     -0.16921      0.41019   -3.8858e-15     -0.16921
_SET1_   85453         8   98285714   98290192      9       4  400732     -0.59835      0.54392   -3.8858e-15     -0.59835
_SET1_   4147          8   98881284   99048948    451      42  402196      -1.0988      0.62671   -3.7748e-15      -1.0988
_SET1_   7534          8  101930804  101965717     82       9  398247       1.3772       0.0279   -3.7748e-15       1.3772
_SET1_   79870         8  104152921  104242533    303      32  403294     -0.98675      0.61324   -3.8858e-15     -0.98675
_SET1_   25879         8  104426942  104455681     70       8  399795      -1.2114      0.74452   -3.7748e-15      -1.2114
_SET1_   29967         8  105501459  105601252    150      17  386160     -0.67421       0.5437   -3.8858e-15     -0.67421
_SET1_   340419        8  108911544  109095913    429      41  389306     -0.77112      0.50002   -3.8858e-15     -0.77112
_SET1_   3646          8  109213972  109260959    133      10  395961     -0.80562      0.57811   -3.8858e-15     -0.80562
_SET1_   9166          8  110551929  110578225     38      10  388578   -0.0091228      0.30085   -3.8823e-15   -0.0091228
_SET1_   55638         8  110586405  110704020    243      22  392844       -1.332      0.75299   -3.7748e-15       -1.332
_SET1_   27012         8  110979233  110987963     13       4  395743      0.10725      0.35191   -3.8858e-15      0.10725
_SET1_   114788        8  113235157  114449242   2873      68  402805      -1.9498       0.6358   -3.7748e-15      -1.9498
_SET1_   84294         8  117778742  117792449     29       8  397922     -0.89311      0.64787   -3.8858e-15     -0.89311
_SET1_   2131          8  118811602  119124058    712      51  392556     -0.62483      0.39197   -3.8858e-15     -0.62483
_SET1_   114907        8  124510127  124553493    125      27  401646      0.13151      0.23087   -3.8858e-15      0.13151
_SET1_   9788          8  125563025  125740730    639      72  399683      0.89169     0.043231   -3.8858e-15      0.89169
_SET1_   51571         8  130851839  131028897    321      30  395572     -0.96921      0.59591   -3.8858e-15     -0.96921
_SET1_   50807         8  131064350  131455906   1190      36  374799      -1.3141      0.58184   -3.7748e-15      -1.3141
_SET1_   23167         8  132916356  133025889    304      20  353732      -1.1355      0.67345   -3.7748e-15      -1.1355
_SET1_   3786          8  133133105  133493004   1207      91  397398      0.50086     0.058338   -3.8858e-15      0.50086
_SET1_   51105         8  133787604  133861052    122      13  394102      -2.3887      0.96175   -3.9968e-15      -2.3887
_SET1_   6503          8  134048973  134115604    272      17  401130      -2.1181      0.92304   -3.9968e-15      -2.1181
_SET1_   10656         8  136469702  136669068    430      27  390340     -0.36857      0.34851   -3.8858e-15     -0.36857
_SET1_   169044        8  139600478  139926236   1111     113  387853      -1.0861      0.54539   -3.7748e-15      -1.0861
_SET1_   5747          8  141668481  142011412    516      12  395865      -0.2401      0.29243   -3.8858e-15      -0.2401
_SET1_   8733          8  145137064  145141119      5       2  405769     0.011666      0.36354   -3.8823e-15     0.011666
_SET1_   84232         8  145159305  145162515      3       1  411363      0.20586      0.31061   -3.8858e-15      0.20586
_SET1_   29894         8  145618446  145634733     21       4  386799     -0.20287      0.37952   -3.8858e-15     -0.20287
_SET1_   51160         8  145648984  145653946      9       3  381999   -0.0086472      0.31527   -3.8823e-15   -0.0086472
_SET1_   9684          8  145743349  145750562     11       4  387043      -1.1602      0.73692   -3.7748e-15      -1.1602
_SET1_   6595          9    2015342    2193624    644      82  399551     -0.26188      0.29975   -3.8858e-15     -0.26188
_SET1_   403313        9    4662294    4665274      8       4  406023         2.96   0.00030495   -3.9968e-15         2.96
_SET1_   55664         9    4679566    4706594     70       7  402341       2.1065    0.0041056   -3.9968e-15       2.1065
_SET1_   158358        9    5919008    6008479    209      19  359751       -1.352      0.76551   -3.7748e-15       -1.352
_SET1_   2731          9    6532464    6645692    426      46  396901     0.025143      0.21139   -3.8823e-15     0.025143
_SET1_   5789          9    8314246   10612723   9670     451  395002     -0.86701       0.2397   -3.8858e-15     -0.86701
_SET1_   7306          9   12693385   12710285     39       7  407128      0.24987      0.21993   -3.8858e-15      0.24987
_SET1_   158326        9   14734664   14910993    701      84  396556      0.18709      0.15321   -3.8858e-15      0.18709
_SET1_   92949         9   18474079   18910948   1684     136  396017      0.10664     0.092392   -3.8858e-15      0.10664
_SET1_   10670         9   19049372   19051023      2       1  413361     -0.80466      0.68572   -3.8858e-15     -0.80466
_SET1_   4300          9   20341663   20622514    471      58  395211     -0.87551      0.54024   -3.8858e-15     -0.87551
_SET1_   54914         9   20658309   20995954    861      38  395789       1.5317    0.0060501   -3.7748e-15       1.5317
_SET1_   1993          9   23690097   23826342    341      34  400959      0.64415     0.091493   -3.8858e-15      0.64415
_SET1_   286319        9   25676387   25678856     17       4  410479      -1.5021      0.83877   -3.7748e-15      -1.5021
_SET1_   9373          9   26903368   26947468    140      14  394978       1.0892     0.051281   -3.7748e-15       1.0892
_SET1_   158038        9   27948084   29212998   4412     166  397567      0.43476     0.028347   -3.8858e-15      0.43476
_SET1_   54926         9   33817162   33920401    245      20  403247       1.5022     0.015316   -3.7748e-15       1.5022
_SET1_   55833         9   33921691   34048947    356      17  399390       1.9647    0.0038287   -3.7748e-15       1.9647
_SET1_   3590          9   34652182   34661899     12       4  409713      0.30875      0.21303   -3.8858e-15      0.30875
_SET1_   7415          9   35056065   35072739     32       7  390569      -1.3435      0.79454   -3.7748e-15      -1.3435
_SET1_   10497         9   35161976   35405334    337      20  399144     -0.73827      0.52052   -3.8858e-15     -0.73827
_SET1_   9853          9   35490007   35561895    106      16  389778     -0.38281      0.40767   -3.8858e-15     -0.38281
_SET1_   51754         9   35829222   35854844     37       7  411719      -1.0637       0.7011   -3.7748e-15      -1.0637
_SET1_   26267         9   37510889   37576250    187      22  401679       1.1101     0.040268   -3.7748e-15       1.1101
_SET1_   8395          9   71320188   71624092    866      43  389932     -0.52832      0.33171   -3.8858e-15     -0.52832
_SET1_   116224        9   71394964   71398609      9       3  409021       1.1957     0.050558   -3.7748e-15       1.1957
_SET1_   7763          9   74966341   74980163     30       5  405099     -0.56515      0.51485   -3.8858e-15     -0.56515
_SET1_   26578         9   77703398   77762114    212      28  394565       0.6962     0.089009   -3.8858e-15       0.6962
_SET1_   23552         9   90581356   90589695     18       5  397905      -2.0183      0.93324   -3.9968e-15      -2.0183
_SET1_   10507         9   91975706   92112906    468      40  388209     0.099828      0.19158   -3.8858e-15     0.099828
_SET1_   3376          9   94972489   95056038    182      16  398228      -1.0774      0.68197   -3.7748e-15      -1.0774
_SET1_   64768         9   95375466   95432547    143      15  348148       -1.824      0.89765   -3.7748e-15       -1.824
_SET1_   23299         9   95473645   95527083    133      12  385952      -1.8142      0.88949   -3.7748e-15      -1.8142
_SET1_   101929748     9   95567667   95570649     16       4  399207     -0.88978      0.66322   -3.8858e-15     -0.88978
_SET1_   65268         9   95946437   96082854    390      29  393777       1.9818    0.0033394   -3.7748e-15       1.9818
_SET1_   8577          9  103235520  103339918    218      18  401774     -0.28745       0.3758   -3.8858e-15     -0.28745
_SET1_   5774          9  112137974  112260593    320      27  395078      -1.0092      0.61948   -3.7748e-15      -1.0092
_SET1_   445815        9  112542577  112934792   1146     111  398295        4.358   4.5386e-08   -3.5527e-15        4.358
_SET1_   22949         9  114312002  114362135    183      33  396280      -0.5929      0.47767   -3.8858e-15      -0.5929
_SET1_   64420         9  114803061  114937577    332      33  399368      0.58064     0.094757   -3.8858e-15      0.58064
_SET1_   23307         9  115927800  115983641    209      20  404558     -0.40018      0.39585   -3.8858e-15     -0.40018
_SET1_   26468         9  124964856  124991166     42      12  395712      -1.3138      0.76287   -3.7748e-15      -1.3138
_SET1_   2844          9  125795916  125801380      3       2  330928      -1.3268      0.87422   -3.7748e-15      -1.3268
_SET1_   55342         9  125878338  126030855    155      23  368969     -0.68396      0.54792   -3.8858e-15     -0.68396
_SET1_   57706         9  126141933  126692423   1256      49  398311     -0.48436      0.26711   -3.8858e-15     -0.48436
_SET1_   10244         9  127962821  127996438     67      10  385782      -1.0428      0.67928   -3.7748e-15      -1.0428
_SET1_   26130         9  128024073  128127290    130      10  392266      0.66861       0.1007   -3.8858e-15      0.66861
_SET1_   79109         9  128199673  128469513    416      24  394952       1.7558    0.0061279   -3.7748e-15       1.7558
_SET1_   90678         9  130213765  130265780    113      10  403652      0.84571     0.074983   -3.8858e-15      0.84571
_SET1_   1025          9  130548305  130553052      9       3  388385      0.61573      0.13935   -3.8858e-15      0.61573
_SET1_   114789        9  130830479  130871537    114       4  380615      0.36015      0.20966   -3.8858e-15      0.36015
_SET1_   25792         9  130928344  130966662     80       9  399989      0.29385      0.19802   -3.8858e-15      0.29385
_SET1_   6709          9  131314837  131395944     96       7  395475     -0.45777      0.49513   -3.8858e-15     -0.45777
_SET1_   445           9  133320094  133376661    128      23  392192      0.22066      0.19522   -3.8858e-15      0.22066
_SET1_   59335         9  133539981  133558384     50      11  400750     -0.75262      0.57413   -3.8858e-15     -0.75262
_SET1_   8021          9  134000948  134110057    205      15  390765      -1.5619      0.83606   -3.7748e-15      -1.5619
_SET1_   10585         9  134378282  134399193     78       5  408597      -1.9947      0.94282   -3.7748e-15      -1.9947
_SET1_   10439         9  137967089  138013030    206      37  391311       1.7218    0.0085943   -3.7748e-15       1.7218
_SET1_   402381        9  138585253  138591374     33       6  384323      -1.3774      0.81257   -3.7748e-15      -1.3774
_SET1_   57582         9  138594031  138684993    337      38  382746      -1.8955      0.87984   -3.7748e-15      -1.8955
_SET1_   23203         9  139305110  139318213     45       9  392022      0.17423       0.2364   -3.8858e-15      0.17423
_SET1_   51162         9  139553308  139567130     38       7  403139      0.35946      0.18735   -3.8858e-15      0.35946
_SET1_   389812        9  139654086  139658965     17       3  378080      0.43827      0.18431   -3.8858e-15      0.43827
_SET1_   55684         9  139702374  139735639     42       6  387528       1.5704     0.019627   -3.7748e-15       1.5704
_SET1_   54461         9  139834885  139839298      7       3  348929      -0.1663      0.37144   -3.8858e-15      -0.1663
_SET1_   2902          9  140033609  140063214     39       8  342431      0.28069      0.20326   -3.8858e-15      0.28069
_SET1_   94107         9  140098534  140100090      2       1  340772       -1.014      0.82909   -3.7748e-15       -1.014
_SET1_   26012         9  140342022  140353808     14       6  316379      0.84151     0.095398   -3.8858e-15      0.84151
_SET1_   1646         10    5029967    5060225    131      21  398478     -0.15541      0.31996   -3.8858e-15     -0.15541
_SET1_   84991        10    6130949    6159422     83      18  385451      0.43068      0.15422   -3.8858e-15      0.43068
_SET1_   509          10    7830093    7849764     52       7  402043       2.3987    0.0016287   -3.9968e-15       2.3987
_SET1_   10659        10   10838851   11378674   1681     127  393368       1.1044     0.010025   -3.7748e-15       1.1044
_SET1_   8559         10   13628939   13672868    106      17  394158      -1.7641      0.87526   -3.7748e-15      -1.7641
_SET1_   56243        10   23983675   24836772   2334     136  390936      -2.5517      0.86088   -3.9968e-15      -2.5517
_SET1_   57584        10   24872538   25012597    174      18  386337     -0.96132      0.61996   -3.8858e-15     -0.96132
_SET1_   2572         10   26505236   26593491    202      13  399273      0.51909      0.13201   -3.8858e-15      0.51909
_SET1_   10006        10   27035525   27150016    340      19  405755      -0.2897      0.33971   -3.8858e-15      -0.2897
_SET1_   10730        10   27399040   27443349    156      13  405396     -0.41626      0.43214   -3.8858e-15     -0.41626
_SET1_   91452        10   27484143   27531068    280      12  402885   -0.0072471      0.27231   -3.8823e-15   -0.0072471
_SET1_   143098       10   28339922   28591953    875      34  400518      -1.0332        0.538   -3.7748e-15      -1.0332
_SET1_   1390         10   35415769   35501886    172       8  393441       1.3833     0.024051   -3.7748e-15       1.3833
_SET1_   57209        10   38065454   38147012    245      14  388871     -0.87735      0.60488   -3.8858e-15     -0.87735
_SET1_   7587         10   38383264   38412280     99       8  403854     -0.16253      0.33912   -3.8858e-15     -0.16253
_SET1_   221002       10   43689983   43762367    224      23  394356      0.25221      0.17891   -3.8858e-15      0.25221
_SET1_   220979       10   45493146   45496470      4       2  412412     -0.88633      0.68508   -3.8858e-15     -0.88633
_SET1_   143162       10   49364602   49482941    165      15  405716      -0.7458      0.55937   -3.8858e-15      -0.7458
_SET1_   55753        10   50942687   50970425     80      11  395402      -1.3786        0.785   -3.7748e-15      -1.3786
_SET1_   100287932    10   51592080   51623386      7       3  266127      0.80342      0.13927   -3.8858e-15      0.80342
_SET1_   56624        10   51947000   52008370     51       6  407754       0.9292      0.07489   -3.8858e-15       0.9292
_SET1_   23283        10   53455246   53459355     10       2  393739       1.6393     0.021704   -3.7748e-15       1.6393
_SET1_   11130        10   58117016   58121063      7       3  411606      0.71471      0.11718   -3.8858e-15      0.71471
_SET1_   288          10   61786056   62493284   2095      80  396467       3.0335   2.4517e-06   -3.9968e-15       3.0335
_SET1_   220202       10   69990352   69991870      3       2  401592       1.3938     0.034075   -3.7748e-15       1.3938
_SET1_   55680        10   70100864   70167051    132       9  382166     -0.67105      0.56664   -3.8858e-15     -0.67105
_SET1_   6832         10   70939993   70968854     68       9  390515      -1.5868      0.84956   -3.7748e-15      -1.5868
_SET1_   1305         10   71561644   71718904    699     103  399885      -1.3703      0.71831   -3.7748e-15      -1.3703
_SET1_   9806         10   73818792   73848790     86       9  396032      -1.5136      0.82099   -3.7748e-15      -1.5136
_SET1_   10367        10   74127084   74385949    378       8  393066      -1.4878      0.78882   -3.7748e-15      -1.4878
_SET1_   8509         10   75561669   75571589     11       4  405223      0.47205      0.17217   -3.8858e-15      0.47205
_SET1_   818          10   75572259   75634349     75      10  398189      0.99343     0.059666   -3.8858e-15      0.99343
_SET1_   7417         10   76969912   76991206     44      11  386032      -1.8414      0.90325   -3.7748e-15      -1.8414
_SET1_   3778         10   78629359   79397577   2001     151  397834       1.3157    0.0034379   -3.7748e-15       1.3157
_SET1_   84332        10   82104501   82127829     76       9  403835     -0.39146      0.43334   -3.8858e-15     -0.39146
_SET1_   92211        10   85954391   85979377     80      12  394244      0.35136      0.17074   -3.8858e-15      0.35136
_SET1_   53354        10   91339254   91405329    257      22  403664     -0.85387      0.56622   -3.8858e-15     -0.85387
_SET1_   3416         10   94211441   94333852    276      24  398676      -1.3745      0.76513   -3.7748e-15      -1.3745
_SET1_   9211         10   95517566   95557916    113      19  387243       1.1848     0.035991   -3.7748e-15       1.1848
_SET1_   10580        10   97071530   97321171    829      63  390214      -1.3118      0.65099   -3.7748e-15      -1.3118
_SET1_   55361        10   99400443   99436187     69       7  383786     -0.80441      0.60383   -3.8858e-15     -0.80441
_SET1_   60370        10   99437181   99447015     34       7  375505       -1.516      0.83566   -3.7748e-15       -1.516
_SET1_   118813       10   99496878   99520664     76       7  404387     0.026483      0.29291   -3.8823e-15     0.026483
_SET1_   3257         10  100175955  100206720    112      17  397681      0.42731       0.1526   -3.8858e-15      0.42731
_SET1_   26507        10  101088856  101154087    135      21  398638      0.51323      0.12963   -3.8858e-15      0.51323
_SET1_   25956        10  102246397  102279711     52       4  407842      -2.2107      0.96072   -3.9968e-15      -2.2107
_SET1_   8945         10  103113790  103317078    384      13  399544       1.1968     0.027219   -3.7748e-15       1.1968
_SET1_   79803        10  103825124  103827795      2       1  413466      0.95562     0.095508   -3.8858e-15      0.95562
_SET1_   8729         10  104005255  104142656    193      23  377493      0.47466      0.12887   -3.8858e-15      0.47466
_SET1_   403          10  104433484  104474190     64      11  404039       1.8998    0.0067107   -3.7748e-15       1.8998
_SET1_   22978        10  104847774  104953063    231      18  396165       1.9527    0.0044741   -3.7748e-15       1.9527
_SET1_   255022       10  105213144  105218648     11       4  390347      0.95657     0.071971   -3.8858e-15      0.95657
_SET1_   4601         10  111967288  112047123    202      20  397620       1.1553     0.038787   -3.7748e-15       1.1553
_SET1_   143187       10  114206756  114578503    793      80  384071     -0.30859      0.28796   -3.8858e-15     -0.30859
_SET1_   55088        10  115880615  115934364     99      10  406374      0.65728      0.11578   -3.8858e-15      0.65728
_SET1_   7073         10  121332977  121356541     29       7  410164      0.18679      0.24767   -3.8858e-15      0.18679
_SET1_   11196        10  121652085  121704170    170      12  405813     -0.29256      0.39166   -3.8858e-15     -0.29256
_SET1_   55717        10  122610687  122669038    195      10  392551     0.031722      0.25619   -3.8788e-15     0.031722
_SET1_   59338        10  124134094  124191871    140      15  392839      -1.1248      0.69194   -3.7748e-15      -1.1248
_SET1_   118672       10  124739556  124749906     34       5  386346     -0.74624      0.59358   -3.8858e-15     -0.74624
_SET1_   51363        10  125765669  125853200    206      31  397896      0.79642     0.069078   -3.8858e-15      0.79642
_SET1_   23172        10  126490354  126525239     54      10  401699       1.1007     0.052874   -3.7748e-15       1.1007
_SET1_   80313        10  134145614  134195010    187      18  377655     -0.63566      0.49377   -3.8858e-15     -0.63566
_SET1_   84435        10  134884433  134945179    251      40  370650       1.3338     0.021828   -3.7748e-15       1.3338
_SET1_   92170        10  135207621  135234174     74      10  384357       1.8193    0.0089604   -3.7748e-15       1.8193
_SET1_   1571         10  135340300  135352627     58       9  405118     -0.81049      0.62259   -3.8858e-15     -0.81049
_SET1_   347862       11     767222     777501     30       5  386337     -0.59073      0.52394   -3.8858e-15     -0.59073
_SET1_   79751        11     790475     798269      9       4  402244     -0.60231      0.55908   -3.8858e-15     -0.60231
_SET1_   161          11     925809    1012245    284      12  389605      0.22375       0.1813   -3.8858e-15      0.22375
_SET1_   81532        11    1490685    1507948     48       7  389586     -0.81845        0.611   -3.8858e-15     -0.81845
_SET1_   4046         11    1874200    1913493    180      28  385544     -0.35787      0.37712   -3.8858e-15     -0.35787
_SET1_   5002         11    2920951    2946476     91      20  383055      -1.2049      0.71385   -3.7748e-15      -1.2049
_SET1_   6786         11    3876933    4114440    533      23  390333      -2.1136      0.90299   -3.9968e-15      -2.1136
_SET1_   3263         11    6452268    6462254     18       4  408529      -1.2127      0.77022   -3.7748e-15      -1.2127
_SET1_   56675        11    9002123    9025596     61       9  398317     -0.52871      0.48206   -3.8858e-15     -0.52871
_SET1_   7702         11    9482512    9550071    121      14  401462       -0.946      0.63249   -3.8858e-15       -0.946
_SET1_   23075        11    9685624    9774508    267      10  397060      0.64204     0.099767   -3.8858e-15      0.64204
_SET1_   81846        11    9800214   10315754   1611      36  392464      -1.6887      0.63511   -3.7748e-15      -1.6887
_SET1_   9645         11   12132138   12285335    598      64  398403      -1.1688      0.63351   -3.7748e-15      -1.1688
_SET1_   10944        11   16760148   16779901     36       8  398415      -1.0972      0.70752   -3.7748e-15      -1.0972
_SET1_   6833         11   17414432   17498449    283      28  397720       1.6737    0.0084637   -3.7748e-15       1.6737
_SET1_   2965         11   18343816   18388590     88      10  396958         1.79    0.0090979   -3.7748e-15         1.79
_SET1_   84867        11   18749475   18814268    183      36  398252     -0.46533       0.4163   -3.8858e-15     -0.46533
_SET1_   89797        11   19372271   20143147   2283     224  398851      -1.1282      0.34302   -3.7748e-15      -1.1282
_SET1_   203859       11   22214199   22304913    144      12  402531     -0.24564      0.36922   -3.8858e-15     -0.24564
_SET1_   196074       11   28129798   28355054    297      16  386075     -0.68329      0.50262   -3.8858e-15     -0.68329
_SET1_   966          11   33724556   33758025     96      17  401143      -1.4014      0.78639   -3.7748e-15      -1.4014
_SET1_   26273        11   33762490   33796071     94      12  406862      -1.2186        0.736   -3.7748e-15      -1.2186
_SET1_   4076         11   34073230   34124157    126       5  394979      -1.3156      0.81602   -3.7748e-15      -1.3156
_SET1_   55226        11   34127111   34172581     91       6  390299      -1.6905      0.89629   -3.7748e-15      -1.6905
_SET1_   2132         11   44117099   44266980    264      20  394221       1.1213     0.036178   -3.7748e-15       1.1213
_SET1_   9537         11   44907454   44972919    192      35  383904     -0.45662      0.41256   -3.8858e-15     -0.45662
_SET1_   1132         11   46405335   46413122      6       4  348860       1.5676     0.028564   -3.7748e-15       1.5676
_SET1_   9776         11   46638826   46697569     52       7  385630       3.1838   0.00011118   -3.9968e-15       3.1838
_SET1_   79096        11   46958240   47185932    297      18  398727        1.403     0.019187   -3.7748e-15        1.403
_SET1_   84364        11   47185849   47199054     21       7  372534       1.4847     0.020784   -3.7748e-15       1.4847
_SET1_   83661        11   60467046   60483284      9       2  383583       1.6735     0.019467   -3.7748e-15       1.6735
_SET1_   1642         11   61066919   61100691     17       9  369844      -1.5984      0.88048   -3.7748e-15      -1.5984
_SET1_   26007        11   61100654   61120898      8       5  361353      0.84902      0.12899   -3.8858e-15      0.84902
_SET1_   54949        11   61197514   61214239     23       3  382002      0.32372       0.2337   -3.8858e-15      0.32372
_SET1_   9066         11   61281188   61348523     97      13  378337      0.22809      0.25095   -3.8858e-15      0.22809
_SET1_   23193        11   62392298   62414198     16       5  390436      0.78922     0.095696   -3.8858e-15      0.78922
_SET1_   80789        11   62414320   62420774      4       2  328540     -0.73595      0.62959   -3.8858e-15     -0.73595
_SET1_   6520         11   62623484   62656355     26       6  408371      0.29389      0.22472   -3.8858e-15      0.29389
_SET1_   10313        11   63448922   63527363     88      11  383333       0.3062      0.20376   -3.8858e-15       0.3062
_SET1_   2011         11   63606400   63678492    105      10  388546       4.2562   6.1971e-07   -3.5527e-15       4.2562
_SET1_   8986         11   64126625   64139687     22       3  404045       2.1273    0.0045457   -3.9968e-15       2.1273
_SET1_   10235        11   64494383   64512928     19       3  396922     -0.20345      0.44751   -3.8858e-15     -0.20345
_SET1_   738          11   64863587   64879332     25      10  386425      0.65278      0.12956   -3.8858e-15      0.65278
_SET1_   823          11   64948686   64979477     56      10  406025      -1.8026      0.89371   -3.7748e-15      -1.8026
_SET1_   5977         11   65101225   65120451     22       8  389420      -2.2516        0.961   -3.9968e-15      -2.2516
_SET1_   10534        11   65336651   65340075     10       3  392907      -2.1804      0.95854   -3.9968e-15      -2.1804
_SET1_   1072         11   65622282   65625804      9       2  391660      0.67186      0.12963   -3.8858e-15      0.67186
_SET1_   9610         11   66099535   66104000     12       4  394657       2.8174   0.00050621   -3.9968e-15       2.8174
_SET1_   11041        11   66112843   66115161      1       1  412564     0.010341         0.37   -3.8823e-15     0.010341
_SET1_   582          11   66278077   66301084     42       5  393471       2.6032   0.00092589   -3.9968e-15       2.6032
_SET1_   6712         11   66449967   66496716     37      13  391444       4.3457   4.4794e-07   -3.5527e-15       4.3457
_SET1_   9600         11   67259231   67272843      7       4  380318      -1.5013      0.84921   -3.7748e-15      -1.5013
_SET1_   9633         11   68474908   68518988     73       7  398469       1.9422    0.0065887   -3.7748e-15       1.9422
_SET1_   8500         11   70116806   70230607    225       9  398801     -0.86858      0.61438   -3.8858e-15     -0.86858
_SET1_   22941        11   70313961   70935808   1717     131  391641       3.4088   1.7475e-06   -3.9968e-15       3.4088
_SET1_   10809        11   72465774   72504750     75      10  392897      -0.7463      0.57215   -3.8858e-15      -0.7463
_SET1_   9873         11   72547788   72853727    239      34  391266     0.036203      0.23886   -3.8788e-15     0.036203
_SET1_   84957        11   73087405   73108519     41       7  403684      0.62757       0.1333   -3.8858e-15      0.62757
_SET1_   100507050    11   74951950   74954749      4       1  350453       1.0483      0.13357   -3.7748e-15       1.0483
_SET1_   5058         11   77033060   77185108    314      14  389953      0.51364      0.11737   -3.8858e-15      0.51364
_SET1_   1207         11   77327196   77348851     40       7  402532      -1.4316      0.82723   -3.7748e-15      -1.4316
_SET1_   57558        11   77899858   77925757     46       8  386761       1.7762     0.010296   -3.7748e-15       1.7762
_SET1_   338699       11   82904754   82967719    123      16  392243     -0.69158      0.52266   -3.8858e-15     -0.69158
_SET1_   1740         11   83166055   85338314   5797     179  390186     -0.59337        0.193   -3.8858e-15     -0.59337
_SET1_   8301         11   85668214   85780923    308      18  401933       2.1229    0.0024266   -3.9968e-15       2.1229
_SET1_   10873        11   86152150   86383678    853      44  400790      -1.3981      0.67075   -3.7748e-15      -1.3981
_SET1_   9440         11   93517405   93546496     42       6  395404       1.1857     0.044773   -3.7748e-15       1.1857
_SET1_   9702         11   95523625   95565857    135      13  401326      -1.3664      0.77733   -3.7748e-15      -1.3664
_SET1_   53942        11   98891706  100229616   5285     207  396150        3.618   1.5612e-07   -3.9968e-15        3.618
_SET1_   79659        11  102980160  103350591   1625      29  395870     -0.40456      0.17387   -3.8858e-15     -0.40456
_SET1_   2893         11  105480800  105852819    749      43  388682     -0.67794      0.40111   -3.8858e-15     -0.67794
_SET1_   55531        11  107461817  107537505    209      33  400394      -0.1216      0.29551   -3.8858e-15      -0.1216
_SET1_   4863         11  108028117  108093365     85      10  393921      0.35809       0.1739   -3.8858e-15      0.35809
_SET1_   1662         11  108535816  108811650    475      20  402370      0.23403      0.15934   -3.8858e-15      0.23403
_SET1_   79796        11  111652919  111742305    100      13  378709      0.58463      0.11624   -3.8858e-15      0.58463
_SET1_   1737         11  111895538  111935002     35       5  388953     0.071254       0.2794   -3.8858e-15     0.071254
_SET1_   4684         11  112831969  113149158    906      56  381221       3.5649   2.7313e-06   -3.9968e-15       3.5649
_SET1_   8882         11  116649276  116658739     22       7  398018   0.00070127      0.31377   -3.8821e-15   0.00070127
_SET1_   23387        11  116714118  116969131    870      25  401870        2.083    0.0014124   -3.9968e-15        2.083
_SET1_   23621        11  117156402  117186972     58      15  403880       1.1073      0.04448   -3.7748e-15       1.1073
_SET1_   84866        11  118401803  118417313     45       4  387985      0.82286      0.10584   -3.8858e-15      0.82286
_SET1_   3145         11  118955587  118964259     13       3  413450     -0.94414      0.67227   -3.8858e-15     -0.94414
_SET1_   9854         11  118977771  118988304     25       6  408094      -1.1516      0.73403   -3.7748e-15      -1.1516
_SET1_   4162         11  119179234  119189087     14       7  406159     -0.20144      0.36801   -3.8858e-15     -0.20144
_SET1_   79102        11  119205210  119208024      7       3  381812     -0.61557      0.54735   -3.8858e-15     -0.61557
_SET1_   9099         11  119225925  119252436     53      11  405948       1.1626     0.041965   -3.7748e-15       1.1626
_SET1_   7070         11  119288655  119294246     11       2  412666       1.3747     0.035471   -3.7748e-15       1.3747
_SET1_   23365        11  120207264  120360645    254      13  400612     0.042383      0.24342   -3.8788e-15     0.042383
_SET1_   57476        11  123325191  123498478    572      81  391527      0.51889     0.096619   -3.8858e-15      0.51889
_SET1_   55800        11  123499895  123525315    101      19  377815      0.69874     0.098073   -3.8858e-15      0.69874
_SET1_   54414        11  124505685  124546199     76       6  393533      0.88943      0.12727   -3.8858e-15      0.88943
_SET1_   63876        11  125034559  125303285    768      77  394945     -0.09414      0.21718   -3.8858e-15     -0.09414
_SET1_   56980        11  129769601  129872730    276      28  398983     -0.64818      0.50499   -3.8858e-15     -0.64818
_SET1_   29068        11  130096572  130184663    232      12  246099      -2.3729      0.98224   -3.9968e-15      -2.3729
_SET1_   112937       11  134145293  134189458    117      19  390120      -0.4569      0.42829   -3.8858e-15      -0.4569
_SET1_   283358       12     569543     671503    425      67  398156      0.79148     0.063849   -3.8858e-15      0.79148
_SET1_   23085        12    1100404    1605099   1577      43  394312     -0.85413       0.3266   -3.8858e-15     -0.85413
_SET1_   654429       12    1929433    1945919     65      22  394410     -0.40297      0.41703   -3.8858e-15     -0.40297
_SET1_   3742         12    4918342    4961093    226      28  403952   -0.0011432      0.24791   -3.8821e-15   -0.0011432
_SET1_   6843         12    6571403    6579843     25       4  401016      0.42272      0.17681   -3.8858e-15      0.42272
_SET1_   4839         12    6666036    6677498     16       6  402204     0.081525      0.30602   -3.8858e-15     0.081525
_SET1_   1108         12    6679248    6716551     71       8  384641    -0.025678      0.31923   -3.8823e-15    -0.025678
_SET1_   196500       12    6802957    6810009      8       4  366039     -0.18488      0.45365   -3.8858e-15     -0.18488
_SET1_   5763         12    6875255    6880118      9       2  383768     -0.79663       0.6359   -3.8858e-15     -0.79663
_SET1_   2026         12    7023614    7032860      8       2  411314       1.9612    0.0084049   -3.7748e-15       1.9612
_SET1_   9746         12    7281681    7311541     52       8  406840      -1.1426      0.73405   -3.7748e-15      -1.1426
_SET1_   6515         12    8071824    8088895     25       5  389576       0.8505      0.08421   -3.8858e-15       0.8505
_SET1_   1911         12    9067292    9094063     58       9  406224      0.36283      0.17801   -3.8858e-15      0.36283
_SET1_   55359        12   10771538   10826917    143       9  407152        1.707     0.010434   -3.7748e-15        1.707
_SET1_   55729        12   14518566   14655864    305      19  391749       1.4148     0.017554   -3.7748e-15       1.4148
_SET1_   5800         12   15475191   15751265    583      49  396526       1.7361    0.0050687   -3.7748e-15       1.7361
_SET1_   55885        12   16701306   16761148     62      18  357185     -0.13721       0.3183   -3.8858e-15     -0.13721
_SET1_   54477        12   19282626   19529334    622      34  401670       0.5998     0.084157   -3.8858e-15       0.5998
_SET1_   9847         12   22601511   22697452    153       7  397002     -0.51035      0.53291   -3.8858e-15     -0.51035
_SET1_   4033         12   25205181   25261269    198      28  401361      0.42277      0.13621   -3.8858e-15      0.42277
_SET1_   55259        12   25261223   25348096    278      16  401883       1.0475     0.042367   -3.7748e-15       1.0475
_SET1_   51768        12   27124503   27167360    113      22  394482      0.25488      0.19256   -3.8858e-15      0.25488
_SET1_   9412         12   27175455   27183606     19       7  408505      0.12546      0.26269   -3.8858e-15      0.12546
_SET1_   8496         12   27677045   27848497    558      43  402465     -0.46272      0.35396   -3.8858e-15     -0.46272
_SET1_   55711        12   29301936   29488549    560      27  404073       2.4423   0.00052473   -3.9968e-15       2.4423
_SET1_   65981        12   30862486   30907448    123      12  403276       1.2802      0.02941   -3.7748e-15       1.2802
_SET1_   51067        12   32878195   32908895     78       5  400719     -0.33965      0.44791   -3.8858e-15     -0.33965
_SET1_   144165       12   42852140   42983572    385      36  399926      0.13949      0.18635   -3.8858e-15      0.13949
_SET1_   83448        12   44121828   44152620     94       9  399578      0.38477      0.20238   -3.8858e-15      0.38477
_SET1_   4753         12   44902058   45307711    911      50  397309      -1.8482      0.80574   -3.7748e-15      -1.8482
_SET1_   79022        12   48357330   48362661     15       5  396657      0.81515     0.090427   -3.8858e-15      0.81515
_SET1_   5213         12   48499656   48540187    101      15  387389     -0.71601      0.54746   -3.8858e-15     -0.71601
_SET1_   140461       12   48541572   48551377     22       6  398070     -0.84469       0.6261   -3.8858e-15     -0.84469
_SET1_   387856       12   48577366   48579709      4       2  413466     -0.90973      0.67607   -3.8858e-15     -0.90973
_SET1_   784          12   49208215   49222726     21       9  377424       1.7987    0.0092404   -3.7748e-15       1.7987
_SET1_   7480         12   49359123   49365641      9       3  408054       1.6639     0.015873   -3.7748e-15       1.6639
_SET1_   5571         12   49396055   49413012     14       3  355667       3.1055   0.00017853   -3.9968e-15       3.1055
_SET1_   55716        12   49490334   49504683     13       3  392455       1.9394    0.0080445   -3.7748e-15       1.9394
_SET1_   7009         12   50135293   50158717     69       9  378539     -0.43207      0.50007   -3.8858e-15     -0.43207
_SET1_   6602         12   50478760   50494494     18       3  381639      0.49605       0.1613   -3.8858e-15      0.49605
_SET1_   6334         12   51984050   52206648    372      27  398315      0.65704     0.091433   -3.8858e-15      0.65704
_SET1_   401720       12   52211676   52242364     75      19  397657      0.33502      0.17187   -3.8858e-15      0.33502
_SET1_   3852         12   52908359   52914328     26       2  412780      0.80812      0.11675   -3.8858e-15      0.80812
_SET1_   54458        12   53835433   53840427      5       2  400720      0.86119       0.1096   -3.8858e-15      0.86119
_SET1_   7786         12   53873456   53893444     18      11  386653     -0.07936      0.33591   -3.8858e-15     -0.07936
_SET1_   517          12   54058944   54070512     21       4  375389      -1.4533      0.82958   -3.7748e-15      -1.4533
_SET1_   57658        12   54104902   54121307     41       9  399364      -1.5464      0.84621   -3.7748e-15      -1.5464
_SET1_   3178         12   54674480   54680871      5       2  410591        -0.14      0.39396   -3.8858e-15        -0.14
_SET1_   22818        12   54718874   54745635     25       4  391115     -0.68385      0.58265   -3.8858e-15     -0.68385
_SET1_   9840         12   55342087   55378965    168       8  409049      -0.7599      0.58364   -3.8858e-15      -0.7599
_SET1_   967          12   56119227   56123457      5       2  404315     -0.71318      0.65955   -3.8858e-15     -0.71318
_SET1_   5869         12   56367697   56390467     44       6  394444       1.0777     0.055707   -3.7748e-15       1.0777
_SET1_   10193        12   56596288   56615753     18       8  404643       1.4324     0.032607   -3.7748e-15       1.4324
_SET1_   283377       12   56862301   56864769      5       3  394370       1.4764     0.032134   -3.7748e-15       1.4764
_SET1_   3798         12   57943812   57980416     53      13  389206        1.946    0.0057824   -3.7748e-15        1.946
_SET1_   79837        12   57984942   57997211     20       5  335473       1.9171     0.010597   -3.7748e-15       1.9171
_SET1_   2583         12   58019678   58027022     16       4  396978      0.58824      0.14108   -3.8858e-15      0.58824
_SET1_   10956        12   58087738   58115340     42       8  402300       1.1822     0.041344   -3.7748e-15       1.1822
_SET1_   10102        12   58176528   58196639     26       4  408554      0.82538     0.093166   -3.8858e-15      0.82538
_SET1_   23426        12   66741178   67463014   2114     140  397801     -0.23262       0.1124   -3.8858e-15     -0.23262
_SET1_   552889       12   74931551   74935232      7       3  410272     -0.40372      0.48296   -3.8858e-15     -0.40372
_SET1_   89795        12   78224685   78606790   1207      75  397339      -1.0884      0.49547   -3.7748e-15      -1.0884
_SET1_   6857         12   79257773   79845788   1337      66  384561       1.5981    0.0029736   -3.7748e-15       1.5981
_SET1_   283310       12   80583151   80772870    371      31  392114       -1.335      0.73326   -3.7748e-15       -1.335
_SET1_   55117        12   85253267   85306608     73      12  394593     -0.53275      0.48487   -3.8858e-15     -0.53275
_SET1_   25834        12   86373037   87232681   2060      44  386718       1.1266    0.0038725   -3.7748e-15       1.1266
_SET1_   91298        12   88429268   88443937     11       4  389855     0.084825      0.31168   -3.8858e-15     0.084825
_SET1_   1848         12   89741837   89746296     20       4  406401    -0.011864      0.33395   -3.8823e-15    -0.011864
_SET1_   282809       12   89813495   89920039    264      17  397927      0.18862      0.19167   -3.8858e-15      0.18862
_SET1_   490          12   89981826   90103130    188      21  392719      -2.7469       0.9838   -3.9968e-15      -2.7469
_SET1_   59277        12   96051583   96184565    454      43  398833     0.031765      0.20421   -3.8788e-15     0.031765
_SET1_   5128         12   96672039   96794366    268      22  391199      -1.7101       0.8512   -3.7748e-15      -1.7101
_SET1_   56899        12   99128569  100378512   3000     166  394589       1.9153   0.00032673   -3.7748e-15       1.9153
_SET1_   55681        12  100660918  100735502    112      12  381435      0.75075     0.096038   -3.8858e-15      0.75075
_SET1_   56994        12  102091417  102122852     78      15  391033     -0.15246      0.32886   -3.8858e-15     -0.15246
_SET1_   51019        12  102406717  102455902    105      16  381721     -0.70062      0.55972   -3.8858e-15     -0.70062
_SET1_   5053         12  103232104  103311381    242      22  400290     -0.81951      0.55574   -3.8858e-15     -0.81951
_SET1_   83468        12  104382762  104457961    221      35  387132      0.72344     0.086105   -3.8858e-15      0.72344
_SET1_   160428       12  105413562  105478341    242      26  397165        1.354     0.019942   -3.7748e-15        1.354
_SET1_   121551       12  107712197  108053419    887      66  397375      -1.0595      0.54364   -3.7748e-15      -1.0595
_SET1_   11137        12  108079590  108106257     66      10  400143     -0.28216      0.38465   -3.8858e-15     -0.28216
_SET1_   9671         12  108523511  108644314    321      26  391820       4.1444   5.9166e-07   -3.5527e-15       4.1444
_SET1_   9733         12  108915991  108955165    126      10  400372      0.64843      0.11302   -3.8858e-15      0.64843
_SET1_   400073       12  110465401  110505500     69      13  396904       1.2868     0.036705   -3.7748e-15       1.2868
_SET1_   51434        12  110810705  110841535     63       8  393580       1.7485     0.012767   -3.7748e-15       1.7485
_SET1_   51699        12  110929330  110939916     11       3  383308      0.92741     0.092637   -3.8858e-15      0.92741
_SET1_   8315         12  112079950  112123790     38       8  378601       1.0411     0.061414   -3.7748e-15       1.0411
_SET1_   283450       12  112597992  112820113    218      18  388761       1.0065     0.058081   -3.7748e-15       1.0065
_SET1_   22895        12  113229343  113336686    193      25  388773      0.13837      0.20928   -3.8858e-15      0.13837
_SET1_   8437         12  113536624  113574044    137      11  391692      -1.9362       0.9175   -3.7748e-15      -1.9362
_SET1_   5985         12  118454506  118470044     54      14  403914       2.1761    0.0031663   -3.9968e-15       2.1761
_SET1_   84530        12  119419300  119600856    652      45  402628      0.55638     0.078828   -3.8858e-15      0.55638
_SET1_   11113        12  120123595  120315095    470      33  393804     -0.85865      0.53105   -3.8858e-15     -0.85865
_SET1_   6175         12  120634502  120639014      8       4  370507       1.8764    0.0095135   -3.7748e-15       1.8764
_SET1_   9478         12  121078422  121105129     81      15  395282       2.2117     0.002445   -3.9968e-15       2.2117
_SET1_   9761         12  121124949  121139667     40       9  398793       2.7136   0.00057715   -3.9968e-15       2.7136
_SET1_   121665       12  121200313  121342155    413      23  402926         2.39   0.00084688   -3.9968e-15         2.39
_SET1_   64897        12  121440835  121454300     53      12  387118       2.6011    0.0007504   -3.9968e-15       2.6011
_SET1_   10645        12  121675495  121736111    170      29  398093         1.79    0.0074486   -3.7748e-15         1.79
_SET1_   84678        12  121866899  122019110    266      25  390238       2.2005    0.0018717   -3.9968e-15       2.2005
_SET1_   283385       12  122089024  122110531     50      10  330661     0.053493      0.28951   -3.8788e-15     0.053493
_SET1_   144404       12  122150658  122219974    169      18  393113      0.47286      0.14105   -3.8858e-15      0.47286
_SET1_   54509        12  122215660  122231594     43       6  400557       2.8283   0.00046758   -3.9968e-15       2.8283
_SET1_   65117        12  122989190  123011560     34       4  396525       1.1041     0.052831   -3.7748e-15       1.1041
_SET1_   65985        12  125549925  125627879    206      30  373332     0.050791      0.23313   -3.8788e-15     0.050791
_SET1_   144423       12  129337985  129469513    499      70  391817      0.45563      0.10898   -3.8858e-15      0.45563
_SET1_   5426         12  133200344  133264050    197      12  398805      -1.0354      0.65149   -3.7748e-15      -1.0354
_SET1_   100289635    12  133498019  133532908     29       6  368753      -1.4719      0.82277   -3.7748e-15      -1.4719
_SET1_   51084        13   20977806   21100012    449      46  389388      0.27477      0.14459   -3.8858e-15      0.27477
_SET1_   10284        13   21714653   21723224     19       6  387880      -1.5394      0.84144   -3.7748e-15      -1.5394
_SET1_   51761        13   25946209   26599989   2010     109  397405      -1.0276      0.34633   -3.7748e-15      -1.0276
_SET1_   10810        13   27131840   27263082    399      25  397642      -1.0811      0.63287   -3.7748e-15      -1.0811
_SET1_   10129        13   32605269   32870794    766      60  398410      -2.4522      0.93853   -3.9968e-15      -2.4522
_SET1_   10443        13   33006625   33116839    144      15  401749     -0.66589      0.51702   -3.8858e-15     -0.66589
_SET1_   23047        13   33160564   33352158    331       9  394632     -0.74773      0.52484   -3.8858e-15     -0.74773
_SET1_   26960        13   35516424   36246874   1745      57  397899      -2.1568      0.79186   -3.9968e-15      -2.1568
_SET1_   9201         13   36342789   36705514   1096      94  399098     -0.98387      0.49048   -3.8858e-15     -0.98387
_SET1_   400120       13   37248049   37271976     57      12  400020       0.8131     0.083213   -3.8858e-15       0.8131
_SET1_   57511        13   40229764   40365802    349      16  404130      -1.1641      0.67381   -3.7748e-15      -1.1641
_SET1_   11193        13   41634973   41658142     19       9  402389      -1.4659      0.82905   -3.7748e-15      -1.4659
_SET1_   89890        13   41701709   41706936      3       2  395286     -0.19061      0.45352   -3.8858e-15     -0.19061
_SET1_   84078        13   41765711   41768702      3       1  413466      -2.6603      0.98956   -3.9968e-15      -2.6603
_SET1_   11215        13   42846261   42897403    102      11  410485      0.97097     0.061668   -3.8858e-15      0.97097
_SET1_   55068        13   43787335   44361116   1390      70  399397       1.0012     0.014047   -3.7748e-15       1.0012
_SET1_   283514       13   46354405   46425846    239      30  403896     -0.12709      0.28231   -3.8858e-15     -0.12709
_SET1_   23143        13   47127296   47327176    520      29  397702     -0.91243      0.54278   -3.8858e-15     -0.91243
_SET1_   3356         13   47405677   47471211    240      39  400610      -1.5116      0.79682   -3.7748e-15      -1.5116
_SET1_   55270        13   48611703   48621282     23       7  403913      -1.2387      0.78081   -3.7748e-15      -1.2387
_SET1_   9445         13   48807274   48836232     34       7  343315     -0.45398      0.48297   -3.8858e-15     -0.45398
_SET1_   81602        13   49822047   49867622     71       5  402159      -0.9896      0.68109   -3.8858e-15      -0.9896
_SET1_   220107       13   51286759   51417885    358      30  395079      -2.8516      0.98211   -3.9968e-15      -2.8516
_SET1_   79621        13   51483814   51544596    102      17  401471       1.0191     0.053202   -3.7748e-15       1.0191
_SET1_   540          13   52506805   52586181    190      17  403552     -0.27573      0.35365   -3.8858e-15     -0.27573
_SET1_   5100         13   53418109   53422775      7       2  379634      0.58746       0.1645   -3.8858e-15      0.58746
_SET1_   81550        13   60970591   61148013    358      20  396273      0.19656      0.18226   -3.8858e-15      0.19656
_SET1_   4008         13   76194570   76434006    612      50  400935      0.35368      0.11678   -3.8858e-15      0.35368
_SET1_   79596        13   79188421   79233314     89       8  389475       1.3366     0.029118   -3.7748e-15       1.3366
_SET1_   54602        13   80055259   80130212    117      12  400741       3.6019   1.4139e-05   -3.9968e-15       3.6019
_SET1_   266722       13   96743093   97491816   1677      66  395503       2.2455   0.00016984   -3.9968e-15       2.2455
_SET1_   3843         13   98605914   98676550    114      13  387196        2.039    0.0041965   -3.9968e-15        2.039
_SET1_   23348        13   99445741   99738660    877      32  391874      -1.3643      0.64714   -3.7748e-15      -1.3643
_SET1_   7174         13  103249286  103331524    291      12  405711       3.4394   1.9149e-05   -3.9968e-15       3.4394
_SET1_   728215       13  107820879  108519460   2394     215  391431     -0.47381      0.14563   -3.8858e-15     -0.47381
_SET1_   23026        13  109248500  109860355   2267     151  402224       1.0643    0.0053391   -3.7748e-15       1.0643
_SET1_   55795        13  113831853  113863335     42       8  380185       4.3753   4.7158e-07   -3.5527e-15       4.3753
_SET1_   8881         13  115000320  115038150     87      10  400648      0.80159     0.087354   -3.8858e-15      0.80159
_SET1_   11198        14   21819631   21852425     73       9  388952      0.95217     0.079686   -3.8858e-15      0.95217
_SET1_   55072        14   24616101   24629870     19       8  361007       1.0086     0.057857   -3.7748e-15       1.0086
_SET1_   5875         14   24734744   24740833     19       4  380940      0.78233      0.10059   -3.8858e-15      0.78233
_SET1_   4857         14   26915089   27067239    237      13  396083      -1.8827      0.89728   -3.7748e-15      -1.8827
_SET1_   5587         14   30045685   30396899    751      51  380048       3.3431   1.0721e-05   -3.9968e-15       3.3431
_SET1_   394          14   32545664   32628934     58      26  349568      0.23407        0.223   -3.8858e-15      0.23407
_SET1_   9472         14   32798479   33302268   1567     137  397674      0.44982      0.05348   -3.8858e-15      0.44982
_SET1_   58533        14   35030615   35099366    161      15  395833     -0.92032       0.6131   -3.8858e-15     -0.92032
_SET1_   84684        14   36003248   36006260      4       2  345997       2.1396    0.0057039   -3.9968e-15       2.1396
_SET1_   253959       14   36007558   36278432    333      14  392985       2.5295   0.00078728   -3.9968e-15       2.5295
_SET1_   6751         14   38677204   38682268     10       3  412520       0.1206      0.27328   -3.8858e-15       0.1206
_SET1_   8487         14   39583488   39606177     62      12  400648       1.4404     0.022397   -3.7748e-15       1.4404
_SET1_   51062        14   50999800   51099786    161      16  402371      0.41205      0.14979   -3.8858e-15      0.41205
_SET1_   51199        14   51186481   51297839    262      33  395429      0.63479     0.091972   -3.8858e-15      0.63479
_SET1_   81542        14   51706886   51724373     40       8  381769       3.2183   8.1083e-05   -3.9968e-15       3.2183
_SET1_   54331        14   52327022   52436518    379      42  371098     -0.63984      0.45543   -3.8858e-15     -0.63984
_SET1_   55745        14   57735606   57756797     21       6  382132       1.6595     0.018829   -3.7748e-15       1.6595
_SET1_   51339        14   59100786   59115039     27       7  397435     -0.94455      0.67303   -3.8858e-15     -0.94455
_SET1_   23002        14   59655329   59838123    555      29  398661      0.47519      0.09881   -3.8858e-15      0.47519
_SET1_   4331         14   61201459   61435398    228      38  370697     -0.63593      0.50509   -3.8858e-15     -0.63593
_SET1_   4522         14   64854754   64926725    196      27  395785      0.35806      0.16173   -3.8858e-15      0.35806
_SET1_   22890        14   64971292   65000408     81       8  400234      0.14932      0.24431   -3.8858e-15      0.14932
_SET1_   6710         14   65213001   65346604    476      38  397336      0.92976     0.046247   -3.8858e-15      0.92976
_SET1_   376267       14   65412532   65439016     75      12  383095      0.84132     0.080031   -3.8858e-15      0.84132
_SET1_   10243        14   66974125   67648525   1961      19  397413      0.42983     0.035704   -3.8858e-15      0.42983
_SET1_   51109        14   68143517   68162510     29       7  394408     -0.37395      0.44791   -3.8858e-15     -0.37395
_SET1_   87           14   69340840   69446083    377      41  393213     -0.80712      0.53124   -3.8858e-15     -0.80712
_SET1_   56936        14   70036531   70041600      8       2  409228    -0.087483      0.38721   -3.8858e-15    -0.087483
_SET1_   6547         14   70510934   70655787    566      35  403131       1.4383     0.012087   -3.7748e-15       1.4383
_SET1_   10001        14   71050306   71067401     63       9  392309      0.54051      0.14644   -3.8858e-15      0.54051
_SET1_   9240         14   74178486   74181128      3       2  413466     -0.19272      0.39775   -3.8858e-15     -0.19272
_SET1_   145483       14   74399695   74417117     60       8  402615     -0.82438      0.60092   -3.8858e-15     -0.82438
_SET1_   51004        14   74416637   74429815     46       9  398106     -0.59079      0.51058   -3.8858e-15     -0.59079
_SET1_   91750        14   74551656   74667117    362      15  403414      -1.2554      0.71128   -3.7748e-15      -1.2554
_SET1_   9870         14   75127955   75179807     53       5  392132      0.56415      0.13883   -3.8858e-15      0.56415
_SET1_   64207        14   77490886   77495042      4       2  411542       0.3123      0.22094   -3.8858e-15       0.3123
_SET1_   283578       14   77805102   77843396     85      13  397146      0.49792      0.14055   -3.8858e-15      0.49792
_SET1_   10598        14   77924373   77935815     52       7  355785       2.5802     0.000848   -3.9968e-15       2.5802
_SET1_   9369         14   78636716   80334633   4042     227  389749        2.611   1.8742e-05   -3.9968e-15        2.611
_SET1_   145567       14   91006932   91282823    885      71  392326      0.98589     0.027174   -3.8858e-15      0.98589
_SET1_   123041       14   92788925   92967825    739      54  399076       1.4926    0.0083186   -3.7748e-15       1.4926
_SET1_   3705         14   93403259   93582263    509      32  400406      -1.1425      0.64491   -3.7748e-15      -1.1425
_SET1_   57578        14   93799565   94174222    777      24  395260     -0.74532      0.43563   -3.8858e-15     -0.74532
_SET1_   57062        14   94517268   94547558     86       7  407967      -1.9522      0.92032   -3.7748e-15      -1.9522
_SET1_   7443         14   97263684   97347951    198      19  401895       1.5307     0.014927   -3.7748e-15       1.5307
_SET1_   64919        14   99635624   99738514    263      34  378390       4.9232   8.6856e-09   -3.5527e-15       4.9232
_SET1_   2009         14  100204056  100408397    595      43  401805       3.9895   6.5566e-07   -3.9968e-15       3.9895
_SET1_   51466        14  100485719  100610573    342      30  399130       1.8867    0.0054874   -3.7748e-15       1.8867
_SET1_   1778         14  102430865  102517135    166      19  377231     -0.23236      0.36993   -3.8858e-15     -0.23236
_SET1_   5891         14  102690834  102771537    211      20  391204      0.10749      0.24384   -3.8858e-15      0.10749
_SET1_   55778        14  102783714  102809511     62      14  404130       1.9692    0.0066164   -3.7748e-15       1.9692
_SET1_   7187         14  103243816  103377837    263      16  395091       2.3009    0.0015954   -3.9968e-15       2.3009
_SET1_   1983         14  103800339  103811362     26       6  384844      0.39348      0.19448   -3.8858e-15      0.39348
_SET1_   4140         14  103851701  103970168    270      10  375391        1.954     0.004413   -3.7748e-15        1.954
_SET1_   3831         14  104095525  104167888    157      18  397764       2.4943   0.00089175   -3.9968e-15       2.4943
_SET1_   23368        14  104200088  104315116    243      13  402853       3.7707   4.7719e-06   -3.9968e-15       3.7707
_SET1_   64423        14  105147902  105185947    151      24  376601      -1.4384       0.7876   -3.7748e-15      -1.4384
_SET1_   3714         14  105607318  105635161     57       9  367642      0.29449      0.19532   -3.8858e-15      0.29449
_SET1_   2972         14  105675623  105781914    242      18  382749      0.14981      0.20652   -3.8858e-15      0.14981
_SET1_   9112         14  105886186  105937066     51      21  363899      0.45397      0.15937   -3.8858e-15      0.45397
_SET1_   81614        15   23004684   23034427    137      14  224143      -1.7696      0.92142   -3.7748e-15      -1.7696
_SET1_   54551        15   23888696   23892993      4       2  382257      -1.5425      0.85986   -3.7748e-15      -1.5425
_SET1_   4692         15   23930554   23932450      2       1  411548    -0.093046      0.40429   -3.8858e-15    -0.093046
_SET1_   2562         15   26788693   27018935    674      74  391073       0.9726     0.033785   -3.8858e-15       0.9726
_SET1_   2558         15   27111866   27194357    233      39  401121     -0.52299      0.42827   -3.8858e-15     -0.52299
_SET1_   4948         15   28000021   28344483    957      48  404171     -0.35554      0.25425   -3.8858e-15     -0.35554
_SET1_   321          15   29211570   29410518    582      29  377712       1.7719    0.0057323   -3.7748e-15       1.7719
_SET1_   51621        15   31619083   31670102    112      17  392018      0.11704      0.22619   -3.8858e-15      0.11704
_SET1_   6447         15   32933757   32989299    168      43  392013      -1.2347      0.72082   -3.7748e-15      -1.2347
_SET1_   342184       15   33057745   33486934   1843     116  393560      -1.5423      0.58398   -3.7748e-15      -1.5423
_SET1_   254531       15   34651089   34659397     19       7  400344      -1.3948      0.80549   -3.7748e-15      -1.3948
_SET1_   440270       15   34817296   34875836     60       8  393595       1.4763     0.020914   -3.7748e-15       1.4763
_SET1_   57369        15   35044642   35046782      5       3  413424   -0.0088817      0.32125   -3.8823e-15   -0.0088817
_SET1_   10125        15   38780302   38857661    172      22  373426      0.68902     0.097219   -3.8858e-15      0.68902
_SET1_   85455        15   40650434   40663256     30       8  391361      0.45549      0.15721   -3.8858e-15      0.45549
_SET1_   84936        15   41099274   41106767     22       4  318853       2.6649   0.00090668   -3.9968e-15       2.6649
_SET1_   171177       15   41164412   41166487      1       1  413466      -1.1811       0.7803   -3.7748e-15      -1.1811
_SET1_   23005        15   42066632   42120053     84      12  402393      -1.4009      0.79075   -3.7748e-15      -1.4009
_SET1_   80021        15   43425722   43477342     34       9  398905      0.95304     0.068755   -3.8858e-15      0.95304
_SET1_   23582        15   43477466   43489375     13       5  391531      0.67482      0.13251   -3.8858e-15      0.67482
_SET1_   27229        15   43663257   43698258     47       6  405805       1.5374     0.020994   -3.7748e-15       1.5374
_SET1_   9677         15   43825660   43882451     30       6  399530       1.1757     0.048952   -3.7748e-15       1.1757
_SET1_   1159         15   43885055   43891604      5       1  409943       1.5302     0.034407   -3.7748e-15       1.5302
_SET1_   161497       15   43891685   44002286    100      11  388398       1.0293      0.05789   -3.7748e-15       1.0293
_SET1_   2923         15   44038326   44064804     33       5  394226       1.1623     0.050522   -3.7748e-15       1.1623
_SET1_   567          15   45003685   45010357     14       5  385388       1.0908     0.067918   -3.7748e-15       1.0908
_SET1_   80031        15   47476403   48066420   1658      62  386987      0.56235     0.027917   -3.8858e-15      0.56235
_SET1_   1854         15   48623215   48635570     11       4  354327     -0.22561       0.4191   -3.8858e-15     -0.22561
_SET1_   2200         15   48700503   48937985    364      14  394657     -0.97159      0.62038   -3.8858e-15     -0.97159
_SET1_   9318         15   49417471   49447854     70      12  398457      0.43017      0.15595   -3.8858e-15      0.43017
_SET1_   11001        15   50474393   50528589    204      21  396622     -0.62114      0.49697   -3.8858e-15     -0.62114
_SET1_   23312        15   51739921   51915030    397      17  383430       1.2638     0.021394   -3.7748e-15       1.2638
_SET1_   55930        15   52484515   52587995    269      27  383827      0.66084      0.10003   -3.8858e-15      0.66084
_SET1_   4644         15   52599480   52821247    560      15  402281       2.2006     0.001429   -3.9968e-15       2.2006
_SET1_   10776        15   52839384   52861436     65       7  405427       1.3581     0.033784   -3.7748e-15       1.3581
_SET1_   8854         15   58245622   58358121    327      13  398533      0.47505      0.11935   -3.8858e-15      0.47505
_SET1_   54778        15   59279865   59389618    264      18  395798      0.27987      0.17323   -3.8858e-15      0.27987
_SET1_   83660        15   62682769   63136830   1217     115  396519       0.6096      0.05297   -3.8858e-15       0.6096
_SET1_   8925         15   63900817   64126148    550      20  383042       1.3303     0.016439   -3.7748e-15       1.3303
_SET1_   55055        15   66797431   66841823    128      15  398900      0.65404       0.1073   -3.8858e-15      0.65404
_SET1_   79719        15   67493013   67547536    100       8  402919       2.3578    0.0017464   -3.9968e-15       2.3578
_SET1_   145853       15   67813522   67819641     10       4  406165       2.6476   0.00081392   -3.9968e-15       2.6476
_SET1_   5607         15   67835021   68099455    560      23  400414       1.9818    0.0026584   -3.7748e-15       1.9818
_SET1_   54982        15   68499330   68522081     43       5  382614       -2.944      0.99206   -3.9968e-15       -2.944
_SET1_   10391        15   68851614   69020145    504      47  392703       2.1778    0.0015113   -3.9968e-15       2.1778
_SET1_   8125         15   69070874   69113261     81      16  346273      -1.8023      0.89359   -3.7748e-15      -1.8023
_SET1_   55323        15   71123889   71146498     40       7  386420     -0.90657      0.64268   -3.8858e-15     -0.90657
_SET1_   54839        15   71145578   71342436    211      21  382862     -0.44589      0.41057   -3.8858e-15     -0.44589
_SET1_   4649         15   72114632   72410440    427      17  387970     -0.59593      0.46256   -3.8858e-15     -0.59593
_SET1_   5315         15   72491370   72523901     49      10  383635     -0.42493      0.47125   -3.8858e-15     -0.42493
_SET1_   27020        15   73852344   73925753    119      13  393461       1.6805     0.012722   -3.7748e-15       1.6805
_SET1_   57611        15   74420544   74429143      4       2  365595       1.4309     0.036304   -3.7748e-15       1.4309
_SET1_   57184        15   75192328   75199462      9       3  406153       1.7602     0.012704   -3.7748e-15       1.7602
_SET1_   25942        15   75661720   75748181     91      10  394657     -0.65584      0.52644   -3.8858e-15     -0.65584
_SET1_   2108         15   76508628   76603810    190      14  405182      0.54561      0.12047   -3.8858e-15      0.54561
_SET1_   49855        15   76640526   77197796   1019      21  399747      0.77749      0.03543   -3.8858e-15      0.77749
_SET1_   10363        15   77713018   77777945    111      11  406027       0.9424     0.065948   -3.8858e-15       0.9424
_SET1_   3419         15   78441698   78462884     49       9  356386       1.1407     0.044761   -3.7748e-15       1.1407
_SET1_   55466        15   78556487   78574538     56      11  409320        1.115     0.045099   -3.7748e-15        1.115
_SET1_   10933        15   79132903   79190081    192      15  400149     -0.28448      0.36207   -3.8858e-15     -0.28448
_SET1_   5923         15   79252289   79383215    409      61  394432      -1.5623       0.7945   -3.7748e-15      -1.5623
_SET1_   390616       15   79575146   79590581     26       6  396327    0.0052935      0.29264   -3.8823e-15    0.0052935
_SET1_   9915         15   80696692   80890278    490      59  396456        1.498     0.011372   -3.7748e-15        1.498
_SET1_   64506        15   83211948   83316762    240      25  393284       2.8047   0.00024852   -3.9968e-15       2.8047
_SET1_   8120         15   83328033   83378660    113      19  401389       3.1708   7.9725e-05   -3.9968e-15       3.1708
_SET1_   83640        15   83654955   83659809      6       2  305655    -0.010467      0.41794   -3.8823e-15    -0.010467
_SET1_   9640         15   85291818   85349663    117      16  398158       5.4141   8.6441e-10   -3.5527e-15       5.4141
_SET1_   11214        15   85923818   86292589   1216      39  397584      0.18402     0.090704   -3.8858e-15      0.18402
_SET1_   123624       15   86623137   87572283   3675     151  390156      0.49822     0.024775   -3.8858e-15      0.49822
_SET1_   5428         15   89859536   89878026     34       5  390826     -0.77086      0.59612   -3.8858e-15     -0.77086
_SET1_   4122         15   91447420   91465815     63      12  359602     -0.26421      0.38961   -3.8858e-15     -0.26421
_SET1_   9055         15   91509268   91537881     97      11  402378      0.94331     0.067268   -3.8858e-15      0.94331
_SET1_   9899         15   91642996   91844539    605      44  402978       0.2853      0.12819   -3.8858e-15       0.2853
_SET1_   101927751    15  101457587  101459437      7       2  413196      0.23536      0.23962   -3.8858e-15      0.23536
_SET1_   10573        16     417384     420584     14       4  383272      0.27686      0.22344   -3.8858e-15      0.27686
_SET1_   9091         16     619968     634136     57       4  381798      0.14066      0.25635   -3.8858e-15      0.14066
_SET1_   197335       16     699363     717833     69       4  397739      0.89709     0.081094   -3.8858e-15      0.89709
_SET1_   89941        16     718083     724174     23       6  389929      0.59373      0.13254   -3.8858e-15      0.59373
_SET1_   10273        16     730115     732768      5       3  383480      0.15033      0.27675   -3.8858e-15      0.15033
_SET1_   51764        16     848041     850733     11       3  304685      -1.1216      0.77842   -3.7748e-15      -1.1216
_SET1_   8912         16    1203241    1271772    241      49  379153       1.1995      0.03133   -3.7748e-15       1.1995
_SET1_   7329         16    1357420    1377019    110      10  389717     -0.33609      0.41634   -3.8858e-15     -0.33609
_SET1_   8938         16    1383606    1399442     47      14  382066     -0.10198      0.31946   -3.8858e-15     -0.10198
_SET1_   7249         16    2097472    2138713     87      28  381005       1.9411     0.005568   -3.7748e-15       1.9411
_SET1_   5310         16    2138709    2185899     69      10  387331        1.371      0.02968   -3.7748e-15        1.371
_SET1_   10921        16    2303100    2318413     26       7  373954       1.0748     0.052455   -3.7748e-15       1.0748
_SET1_   80178        16    2510115    2514964      7       4  371210      -1.6173      0.87477   -3.7748e-15      -1.6173
_SET1_   57465        16    2525146    2555734     28      17  367238       0.2951      0.21663   -3.8858e-15       0.2951
_SET1_   84256        16    2961943    3001209    218      27  395193       2.1756    0.0021085   -3.9968e-15       2.1756
_SET1_   7755         16    3162563    3170528     13       2  396940    -0.077844      0.35147   -3.8858e-15    -0.077844
_SET1_   4992         16    3254247    3255185      2       1  411573      0.14134      0.28392   -3.8858e-15      0.14134
_SET1_   79903        16    3493611    3536963    175      15  397702      -1.6419      0.84988   -3.7748e-15      -1.6419
_SET1_   3163         16    4524719    4560348    103       8  405797        1.287     0.035205   -3.7748e-15        1.287
_SET1_   29965        16    4560676    4588816     68       8  388803      0.69413       0.1089   -3.8858e-15      0.69413
_SET1_   23295        16    4674825    4740975    265      18  374244     -0.56267      0.46534   -3.8858e-15     -0.56267
_SET1_   26048        16    4800815    4817219     73      10  381170      0.23732      0.20978   -3.8858e-15      0.23732
_SET1_   56052        16    5121810    5137380     56       9  403799      -1.6549      0.86161   -3.7748e-15      -1.6549
_SET1_   54715        16    5289469    7763342  13662     586  395632       1.8934   0.00023408   -3.7748e-15       1.8934
_SET1_   18           16    8768444    8878432    571      66  394522      0.37386      0.11883   -3.8858e-15      0.37386
_SET1_   7874         16    8985951    9057341    183      19  395572     -0.43704      0.42194   -3.8858e-15     -0.43704
_SET1_   23274        16   11038345   11276046    657      26  396620      0.51907      0.08222   -3.8858e-15      0.51907
_SET1_   23420        16   14927643   14990014      6       4  353696      0.56636      0.16948   -3.8858e-15      0.56636
_SET1_   9665         16   15688226   15737023     85      21  344689       1.9725    0.0054553   -3.7748e-15       1.9725
_SET1_   4363         16   16043434   16236931    693      53  391186      -0.9187      0.51575   -3.8858e-15      -0.9187
_SET1_   408050       16   16326389   16388668      7       3  376963       1.0932     0.062453   -3.7748e-15       1.0932
_SET1_   51760        16   19179541   19279656    255      40  399185     -0.67227      0.48453   -3.8858e-15     -0.67227
_SET1_   51573        16   19513015   19533450     60       8  405345     -0.67303      0.56013   -3.8858e-15     -0.67303
_SET1_   1428         16   21269839   21314404    103      10  374061     -0.65746      0.53594   -3.8858e-15     -0.65746
_SET1_   7385         16   21964609   21994668     26       7  407314      0.47732      0.17579   -3.8858e-15      0.47732
_SET1_   55718        16   22308696   22346424     51       9  360857      -1.3335      0.81655   -3.7748e-15      -1.3335
_SET1_   23062        16   23474863   23521815     82      11  360759       2.2296    0.0030955   -3.9968e-15       2.2296
_SET1_   5579         16   23847300   24231932   1143      97  395132       3.8048   6.5811e-07   -3.9968e-15       3.8048
_SET1_   2975         16   27471934   27561251    103      11  388590      -1.5134      0.83629   -3.7748e-15      -1.5134
_SET1_   7284         16   28853732   28857729      7       2  411610        1.032     0.069258   -3.7748e-15        1.032
_SET1_   3835         16   29801383   29816706      6       4  398659       2.1198    0.0074547   -3.9968e-15       2.1198
_SET1_   4150         16   29817417   29822504      2       1  276400       3.0133   0.00069411   -3.9968e-15       3.0133
_SET1_   112476       16   29823409   29827202      5       3  389631       2.9046   0.00051394   -3.9968e-15       2.9046
_SET1_   283899       16   30007485   30017112     25       6  395600       3.6549   1.4423e-05   -3.9968e-15       3.6549
_SET1_   8448         16   30016835   30023424     12       3  392724       3.2552   8.7404e-05   -3.9968e-15       3.2552
_SET1_   226          16   30064411   30081741     11       4  382829       2.5522    0.0010991   -3.9968e-15       2.5522
_SET1_   5595         16   30125426   30134630     10       4  350915       3.5955   2.3486e-05   -3.9968e-15       3.5955
_SET1_   197407       16   30389633   30411429     39       8  360241      0.86471     0.080329   -3.8858e-15      0.86471
_SET1_   22928        16   30454952   30457224      2       1  279409      0.50589      0.32796   -3.8858e-15      0.50589
_SET1_   5261         16   30759574   30772497      5       3  394608      0.64928       0.1504   -3.8858e-15      0.64928
_SET1_   23361        16   30789770   30798564      1       1  411573      -2.2327       0.9679   -3.9968e-15      -2.2327
_SET1_   6810         16   31044416   31051489     12       3  412139     -0.57904      0.53734   -3.8858e-15     -0.57904
_SET1_   2521         16   31191431   31206192     10       4  353112     -0.62452      0.55854   -3.8858e-15     -0.62452
_SET1_   23594        16   46723558   46732306      5       2  399309     0.048978       0.3169   -3.8788e-15     0.048978
_SET1_   91807        16   46736194   46797201     51       7  394257      0.48316       0.1606   -3.8858e-15      0.48316
_SET1_   10294        16   46989274   47007625     16       6  388911      0.28359      0.23289   -3.8858e-15      0.28359
_SET1_   5257         16   47495047   47735434    177      16  395833     -0.51899      0.50655   -3.8858e-15     -0.51899
_SET1_   94160        16   48116884   48180681     41      11  389483      0.03935      0.30484   -3.8788e-15      0.03935
_SET1_   55027        16   50099881   50139392    106       9  401559       1.1701     0.043219   -3.7748e-15       1.1701
_SET1_   80205        16   53088905   53361414    631      25  397962     -0.13255      0.23422   -3.8858e-15     -0.13255
_SET1_   64400        16   53525192   53538323     17       4  391659     -0.65688      0.55666   -3.8858e-15     -0.65688
_SET1_   79068        16   53737875   54148379   1271     105  392273      0.63983     0.042287   -3.8858e-15      0.63983
_SET1_   2775         16   56225251   56391356    443      47  395534      -1.3272      0.71512   -3.7748e-15      -1.3272
_SET1_   55239        16   56485424   56511407     62      10  391955     -0.61843      0.53599   -3.8858e-15     -0.61843
_SET1_   3801         16   57792129   57896957    366      42  395161       1.3401     0.020277   -3.7748e-15       1.3401
_SET1_   1258         16   57916244   58005020    316      53  390761      0.46545      0.12045   -3.8858e-15      0.46545
_SET1_   23019        16   58553850   58663790    313      14  405204       2.4065   0.00099166   -3.9968e-15       2.4065
_SET1_   7084         16   66541906   66584315     86       5  400001    -0.045869      0.36464   -3.8788e-15    -0.045869
_SET1_   283848       16   67022491   67043661     19       6  380835     -0.22657      0.42364   -3.8858e-15     -0.22657
_SET1_   3299         16   67197288   67203848      3       2  401485      -1.1583      0.84645   -3.7748e-15      -1.1583
_SET1_   6553         16   67282855   67306094     23       6  375468     0.032933      0.35079   -3.8788e-15     0.032933
_SET1_   9114         16   67471917   67515089     50      11  402703       3.1802   0.00020176   -3.9968e-15       3.1802
_SET1_   79567        16   67562717   67580691     23       7  400046       1.2386     0.053014   -3.7748e-15       1.2386
_SET1_   146206       16   67679030   67691472     16       3  384334       3.3905   9.0269e-05   -3.9968e-15       3.3905
_SET1_   50855        16   67694851   67696681      1       1  412840       3.7158    5.067e-05   -3.9968e-15       3.7158
_SET1_   80152        16   67862060   67881361     20       4  410671       3.6797   2.3368e-05   -3.9968e-15       3.6797
_SET1_   10204        16   67880819   67906470     38       8  392782        3.558   3.3187e-05   -3.9968e-15        3.558
_SET1_   55794        16   68055177   68057770      2       1  315233       -1.083      0.78708   -3.7748e-15       -1.083
_SET1_   54496        16   68344877   68391169    129      14  396232       2.3891    0.0012996   -3.9968e-15       2.3891
_SET1_   84916        16   69166499   69202937     58      15  390479       3.2552   7.9795e-05   -3.9968e-15       3.2552
_SET1_   80777        16   69458498   69500167    130      16  400529      0.78448     0.081836   -3.8858e-15      0.78448
_SET1_   11269        16   70323670   70367735     28      12  337307      0.29453      0.21858   -3.8858e-15      0.29453
_SET1_   2734         16   74481325   74641042    437      24  390176     -0.41408      0.36545   -3.8858e-15     -0.41408
_SET1_   79583        16   75572015   75590184     66       7  404185      0.86533     0.082549   -3.8858e-15      0.86533
_SET1_   3735         16   75661622   75681585     67      13  393634      -1.2395       0.7693   -3.7748e-15      -1.2395
_SET1_   80790        16   81478775   81745367   1074     102  391743      0.84891     0.033241   -3.8858e-15      0.84891
_SET1_   1012         16   82660399   83830215   6479     322  398147       1.3689    0.0017733   -3.7748e-15       1.3689
_SET1_   79791        16   87362942   87425708    198      30  377259    -0.019706      0.25733   -3.8823e-15    -0.019706
_SET1_   54971        16   87984231   88110924    557      19  395248      0.28903      0.13206   -3.8858e-15      0.28903
_SET1_   197322       16   89160217   89222171    316      18  389547    -0.038127      0.26176   -3.8788e-15    -0.038127
_SET1_   6687         16   89574802   89624174    161      10  392270       2.4852   0.00093842   -3.9968e-15       2.4852
_SET1_   6137         16   89613324   89633237     56       5  402355       2.9015   0.00036527   -3.9968e-15       2.9015
_SET1_   8558         16   89753076   89762772     29       7  402847       2.0441    0.0049219   -3.9968e-15       2.0441
_SET1_   84501        16   89894883   89937727    123      13  392881       2.7886   0.00035002   -3.9968e-15       2.7886
_SET1_   55275        17     411908     618096    608      30  387947      -1.1624      0.62724   -3.7748e-15      -1.1624
_SET1_   29928        17     900357     905407     11       4  409871      0.40132      0.19375   -3.8858e-15      0.40132
_SET1_   29           17     906758    1090616    669      95  392502      0.11142      0.17763   -3.8858e-15      0.11142
_SET1_   7531         17    1247833    1303669    188      22  397095       4.1357   8.5239e-07   -3.5527e-15       4.1357
_SET1_   1398         17    1324647    1359561     88      11  392223       2.4576    0.0011664   -3.9968e-15       2.4576
_SET1_   146760       17    1837971    1928178    307      38  389542       2.9571   0.00011319   -3.9968e-15       2.9571
_SET1_   5026         17    3575156    3599698     66      11  392457      -1.4104      0.79304   -3.7748e-15      -1.4104
_SET1_   84254        17    3763609    3796337    112      28  393149      0.16782      0.20833   -3.8858e-15      0.16782
_SET1_   409          17    4613789    4624795     20       4  383942     -0.73135      0.59788   -3.8858e-15     -0.73135
_SET1_   50488        17    4736635    4801356    170      18  390886      -0.7104      0.53717   -3.8858e-15      -0.7104
_SET1_   8402         17    4840425    4843462      3       1  343753     -0.56619      0.65106   -3.8858e-15     -0.56619
_SET1_   7775         17    5009029    5026411     43      13  381235      0.50118      0.14201   -3.8858e-15      0.50118
_SET1_   432          17    7076750    7082883     11       5  345359       1.2763     0.047148   -3.7748e-15       1.2763
_SET1_   1742         17    7093209    7123369     43       9  386554      -0.6732      0.54444   -3.8858e-15      -0.6732
_SET1_   1984         17    7210318    7215782     12       4  387130       1.2127     0.041286   -3.7748e-15       1.2127
_SET1_   84461        17    7218947    7232644     22       7  392519      0.45739      0.15513   -3.8858e-15      0.45739
_SET1_   1973         17    7476024    7482324     20       6  396397       1.1264     0.052951   -3.7748e-15       1.1264
_SET1_   9526         17    7486965    7491530      7       4  412019       1.1598     0.049621   -3.7748e-15       1.1598
_SET1_   1949         17    7608520    7614693      9       3  286047      -1.1591      0.79769   -3.7748e-15      -1.1591
_SET1_   146754       17    7620631    7737058    241      32  390702     -0.41259      0.38647   -3.8858e-15     -0.41259
_SET1_   1107         17    7788096    7816075     40      12  383952     -0.60956      0.53631   -3.8858e-15     -0.60956
_SET1_   58485        17    7833663    7835317      3       1  409623     -0.55403      0.66377   -3.8858e-15     -0.55403
_SET1_   242          17    7975954    7991021     44      13  401134     -0.77122      0.56688   -3.8858e-15     -0.77122
_SET1_   80169        17    8128139    8151413     62      12  396550     -0.61366      0.52666   -3.8858e-15     -0.61366
_SET1_   4628         17    8377523    8534094    222      14  398904        1.564     0.013142   -3.7748e-15        1.564
_SET1_   8522         17    9813926   10101868   1090     143  397992      -2.1368      0.88492   -3.9968e-15      -2.1368
_SET1_   9912         17   12692829   12894960    748      58  399800       1.2391     0.016855   -3.7748e-15       1.2391
_SET1_   60528        17   12894929   12921381    143       7  409349       1.6142     0.014938   -3.7748e-15       1.6142
_SET1_   353149       17   15635591   15648098     19       4  409043      -1.6257       0.8697   -3.7748e-15      -1.6257
_SET1_   54902        17   15902694   15932723     74       6  396656     -0.21643      0.38356   -3.8858e-15     -0.21643
_SET1_   9611         17   15933408   16118874    305      12  392677      -1.0341      0.63916   -3.7748e-15      -1.0341
_SET1_   201164       17   17104309   17109646     17       5  391174      -1.6144      0.86906   -3.7748e-15      -1.6144
_SET1_   51168        17   18012020   18083116    132      17  393772     -0.12938      0.30393   -3.8858e-15     -0.12938
_SET1_   125170       17   18163848   18169095     11       5  409055     -0.20825      0.38793   -3.8858e-15     -0.20825
_SET1_   7156         17   18177235   18218321     77       8  404744     -0.25614      0.38186   -3.8858e-15     -0.25614
_SET1_   140775       17   18218594   18231370     46       7  392107     -0.16951      0.35126   -3.8858e-15     -0.16951
_SET1_   55244        17   19437167   19482346     89      13  385666      -0.4984      0.45758   -3.8858e-15      -0.4984
_SET1_   9706         17   19674143   19771239    153       9  391307      -1.2797      0.80369   -3.7748e-15      -1.2797
_SET1_   92521        17   19912649   20218072    663      18  402452     -0.88136      0.50508   -3.8858e-15     -0.88136
_SET1_   23326        17   20902906   20946722    150      13  396936      0.62491      0.10713   -3.8858e-15      0.62491
_SET1_   339263       17   21343211   21454941    165      27  382379     -0.82198      0.55866   -3.8858e-15     -0.82198
_SET1_   8844         17   25799036   25950718    306      30  397059       1.3252     0.020256   -3.7748e-15       1.3252
_SET1_   94005        17   26880405   26898887     13       4  376064       1.5605     0.021114   -3.7748e-15       1.5605
_SET1_   124925       17   27281923   27333458     61      11  395465     -0.27557      0.39436   -3.8858e-15     -0.27557
_SET1_   399687       17   27400528   27507432    206      20  403270       2.5162   0.00073655   -3.9968e-15       2.5162
_SET1_   28964        17   27900487   27916610     28       9  395790       1.7931    0.0093648   -3.7748e-15       1.7931
_SET1_   124930       17   27920527   27941779     26       9  373048       1.6269     0.014338   -3.7748e-15       1.6269
_SET1_   4763         17   29421945   29704695    328       7  399522       1.0703     0.044016   -3.7748e-15       1.0703
_SET1_   55288        17   30469473   30552746    103      11  393974     -0.78494      0.59747   -3.8858e-15     -0.78494
_SET1_   40           17   31340105   32483825   3621     270  396547       2.1302    0.0001163   -3.9968e-15       2.1302
_SET1_   3980         17   33307517   33332088     23       6  406676       1.4923     0.022587   -3.7748e-15       1.4923
_SET1_   163          17   33913918   34053436    396      21  401279     -0.42011      0.38108   -3.8858e-15     -0.42011
_SET1_   31           17   35441927   35766902    454      32  379787       -0.974      0.58748   -3.8858e-15       -0.974
_SET1_   30837        17   36508007   36561846     87      11  381803      0.48266       0.1576   -3.8858e-15      0.48266
_SET1_   100170841    17   36827956   36831187      3       2  413257      -1.5381      0.87057   -3.7748e-15      -1.5381
_SET1_   782          17   37329709   37353956     54      18  384856      0.52801      0.13221   -3.8858e-15      0.52801
_SET1_   10948        17   37793333   37820454     73       9  354791      0.54851      0.16371   -3.8858e-15      0.54851
_SET1_   5914         17   38465423   38513895     60      11  386093      0.39897      0.19795   -3.8858e-15      0.39897
_SET1_   6605         17   38781214   38805658     38       8  390966      0.41442      0.16895   -3.8858e-15      0.41442
_SET1_   55175        17   40009799   40021629     32       6  395715      -1.3604      0.80603   -3.7748e-15      -1.3604
_SET1_   47           17   40023169   40086795    108      10  397607     -0.88784      0.63346   -3.8858e-15     -0.88784
_SET1_   7266         17   40128439   40169715     53      10  403395       0.5823      0.13528   -3.8858e-15       0.5823
_SET1_   28511        17   40169594   40177659     10       3  381316      0.49224      0.18407   -3.8858e-15      0.49224
_SET1_   79132        17   40253422   40264751     29       5  408371      -0.7122       0.6038   -3.8858e-15      -0.7122
_SET1_   79990        17   40819932   40829048      7       3  406537      0.58007       0.1478   -3.8858e-15      0.58007
_SET1_   80755        17   41102543   41116515     10       2  390674       -1.671      0.89051   -3.7748e-15       -1.671
_SET1_   7343         17   42282401   42298994     24       6  378037       5.4366   1.3902e-09   -3.5527e-15       5.4366
_SET1_   3674         17   42449550   42466873     18       4  384498       1.1544     0.048078   -3.7748e-15       1.1544
_SET1_   9343         17   42927655   42976993    139      16  393392     -0.35384       0.3973   -3.8858e-15     -0.35384
_SET1_   4836         17   43138322   43186384    142      15  403806       2.0613    0.0036158   -3.9968e-15       2.0613
_SET1_   113026       17   43189008   43209891     55      14  382367       1.5144     0.017258   -3.7748e-15       1.5144
_SET1_   752          17   43299192   43324685     47       8  380157      0.19361      0.23402   -3.8858e-15      0.19361
_SET1_   1394         17   43697710   43913194    974       9  403311      0.23707      0.11719   -3.8858e-15      0.23707
_SET1_   4137         17   43971702   44105700    686       5  399731      0.71117     0.070182   -3.8858e-15      0.71117
_SET1_   284058       17   44107282   44302740    727       6  336626      0.65805     0.074384   -3.8858e-15      0.65805
_SET1_   4905         17   44668035   44834830     73       8  384001      0.96433     0.067056   -3.8858e-15      0.96433
_SET1_   9570         17   45000486   45044366    119      12  394799      0.82363     0.075057   -3.8858e-15      0.82363
_SET1_   9755         17   45771441   45789429     39       9  367377       2.1545    0.0034884   -3.9968e-15       2.1545
_SET1_   4779         17   46125686   46138907     23       7  406487     -0.47113      0.48643   -3.8858e-15     -0.47113
_SET1_   10241        17   46908350   46942607     81       8  395822       -2.225      0.95713   -3.9968e-15       -2.225
_SET1_   8405         17   47676246   47755525     89      21  384649      -2.6585      0.98021   -3.9968e-15      -2.6585
_SET1_   3675         17   48133340   48167849     80      12  396914       2.0107    0.0058916   -3.9968e-15       2.0107
_SET1_   55040        17   48610043   48621111     31      10  390019       1.3931     0.025912   -3.7748e-15       1.3931
_SET1_   8913         17   48638429   48704835    142      21  389758       1.4199     0.018747   -3.7748e-15       1.4199
_SET1_   56934        17   49707674   50237377   1254      72  393574      0.37873     0.065112   -3.8858e-15      0.37873
_SET1_   6426         17   56078280   56084707     11       5  350915      0.20381      0.26811   -3.8858e-15      0.20381
_SET1_   140735       17   56160780   56167618      5       3  411169       0.2021      0.26284   -3.8858e-15       0.2021
_SET1_   9110         17   56566893   56595271     36       9  376538       1.4805     0.020535   -3.7748e-15       1.4805
_SET1_   22843        17   56833230   57062540    328      19  351714       1.5836     0.011178   -3.7748e-15       1.5836
_SET1_   1213         17   57697050   57774317    115       9  393437     0.019354      0.28875   -3.8823e-15     0.019354
_SET1_   81671        17   57784553   57919610    202      19  394411      0.61713      0.10385   -3.8858e-15      0.61713
_SET1_   339175       17   60501246   60527454     23       8  371081      0.13202      0.28139   -3.8858e-15      0.13202
_SET1_   11011        17   60554447   60692842    150      15  389409      0.40747      0.15168   -3.8858e-15      0.40747
_SET1_   26115        17   61043913   61505067    741      27  389166        1.159      0.02036   -3.7748e-15        1.159
_SET1_   1655         17   62494374   62503042     18       5  407247     -0.92505      0.69807   -3.8858e-15     -0.92505
_SET1_   5718         17   65336619   65362721     52      13  383912      -0.1219       0.3239   -3.8858e-15      -0.1219
_SET1_   3838         17   66031848   66042970     34       5  379624      0.77604      0.10301   -3.8858e-15      0.77604
_SET1_   22901        17   66255323   66425516    439      65  387993     -0.17162      0.28268   -3.8858e-15     -0.17162
_SET1_   26151        17   72766686   72772534     18       3  400418   -0.0060165      0.31617   -3.8823e-15   -0.0060165
_SET1_   23163        17   73232694   73258444     42       6  401452       2.2005    0.0035329   -3.9968e-15       2.2005
_SET1_   60386        17   73269061   73285530     46       6  406414       1.8557    0.0091782   -3.7748e-15       1.8557
_SET1_   283989       17   73512609   73520821     45       8  407335       1.5718     0.019339   -3.7748e-15       1.5718
_SET1_   6730         17   74034856   74068607     55       5  392401      0.75993     0.099021   -3.8858e-15      0.75993
_SET1_   63893        17   74385613   74449288    160      20  387777       0.6017      0.11046   -3.8858e-15       0.6017
_SET1_   439921       17   74669748   74707056    123      12  400068       1.7095     0.010148   -3.7748e-15       1.7095
_SET1_   6427         17   74730197   74733493      3       2  333008       1.2779     0.044079   -3.7748e-15       1.2779
_SET1_   146713       17   77085427   77512230   1933     236  391928      0.51591     0.026967   -3.8858e-15      0.51591
_SET1_   57674        17   78234643   78372586    420      48  373644      0.47998      0.10971   -3.8858e-15      0.47998
_SET1_   10458        17   79008944   79091232    365      47  391229     -0.15869      0.28465   -3.8858e-15     -0.15869
_SET1_   9625         17   79084285   79139877    239      41  384798     -0.53485      0.43719   -3.8858e-15     -0.53485
_SET1_   9146         17   79650962   79669151     83      10  391154       0.5599      0.14144   -3.8858e-15       0.5599
_SET1_   6182         17   79670400   79674556     18       5  388463       1.1329     0.054101   -3.7748e-15       1.1329
_SET1_   5034         17   79801034   79818566     34       3  401960      0.79988      0.11023   -3.8858e-15      0.79988
_SET1_   396          17   79825595   79829282      7       2  405711      0.54559      0.18075   -3.8858e-15      0.54559
_SET1_   5833         17   79860777   79869340      4       2  347840      0.42517      0.23621   -3.8858e-15      0.42517
_SET1_   64118        17   80015748   80023697     16       6  391414      0.29127      0.21362   -3.8858e-15      0.29127
_SET1_   2194         17   80036214   80056106     49      11  379271       1.7814    0.0089502   -3.7748e-15       1.7814
_SET1_   10966        17   80614943   80656598    147      28  377553     -0.68666      0.51454   -3.8858e-15     -0.68666
_SET1_   6904         17   80709938   80901062    663      26  391274     -0.70391       0.4299   -3.8858e-15     -0.70391
_SET1_   23136        18    5392380    5630662    657      59  387113     -0.21649       0.2618   -3.8858e-15     -0.21649
_SET1_   23255        18    8705659    8832776    415      57  400533      0.60942     0.086167   -3.8858e-15      0.60942
_SET1_   2774         18   11689014   11885684    618      41  401865      -2.4495      0.94851   -3.9968e-15      -2.4495
_SET1_   56907        18   12446511   12661456    597      32  400166       0.7287     0.057856   -3.8858e-15       0.7287
_SET1_   5771         18   12785477   12884337    237      25  401768      0.21513      0.19144   -3.8858e-15      0.21513
_SET1_   374860       18   14748239   14852737    134      13  398486       1.4597     0.018031   -3.7748e-15       1.4597
_SET1_   85019        18   20875977   21017925    256      23  396176       1.9374    0.0045093   -3.7748e-15       1.9374
_SET1_   29919        18   21083434   21113311     39       5  409569      0.15695      0.24683   -3.8858e-15      0.15695
_SET1_   125488       18   21572737   21715574    341      37  399854      -1.3398      0.73491   -3.7748e-15      -1.3398
_SET1_   26256        18   21718920   21741564     39       7  400175      -0.6645      0.55248   -3.8858e-15      -0.6645
_SET1_   114876       18   21742009   21977846    540      60  397790     -0.71045      0.46363   -3.8858e-15     -0.71045
_SET1_   6875         18   23806409   23971649    399      24  400974     0.018844      0.22842   -3.8823e-15     0.018844
_SET1_   284252       18   24034874   24237365    566      80  395574      0.58186     0.086397   -3.8858e-15      0.58186
_SET1_   22878        18   29409136   29523175    251      20  402238      -1.5216      0.80291   -3.7748e-15      -1.5216
_SET1_   8715         18   31431064   31803515    756      42  363527       2.3032   0.00065845   -3.9968e-15       2.3032
_SET1_   1837         18   32073254   32471808    887      26  398117    -0.046336      0.18986   -3.8788e-15    -0.046336
_SET1_   55197        18   33569787   33647538    143      14  394811       -1.488      0.81829   -3.7748e-15       -1.488
_SET1_   25941        18   34359513   34409179     90       6  397627     -0.66789      0.56394   -3.8858e-15     -0.66789
_SET1_   498          18   43664110   43684199     81       8  403951      -0.6195      0.52442   -3.8858e-15      -0.6195
_SET1_   494470       18   43906772   44041159    365      55  388213      0.17742      0.18945   -3.8858e-15      0.17742
_SET1_   9063         18   44388900   44500130    253      13  397845      0.77406     0.080773   -3.8858e-15      0.77406
_SET1_   84064        18   44633781   44676891    135      16  403018      0.77561     0.086836   -3.8858e-15      0.77561
_SET1_   54808        18   46567846   46987172    989      27  398055      0.24978      0.10793   -3.8858e-15      0.24978
_SET1_   4645         18   47349156   47721542   1322      56  393891      0.32548     0.065359   -3.8858e-15      0.32548
_SET1_   23335        18   54318590   54697036    881      44  377742      0.90566     0.032894   -3.8858e-15      0.90566
_SET1_   23327        18   55711580   56068772   1064      85  397132     -0.11557      0.18326   -3.8858e-15     -0.11557
_SET1_   57614        18   59854506   59974355    325      17  407304      0.99748     0.047607   -3.8858e-15      0.99748
_SET1_   7776         18   74535149   74682688    359      20  394896       1.2929     0.023068   -3.7748e-15       1.2929
_SET1_   5064         19     708953     748330    198      39  356128      -1.0881      0.66088   -3.7748e-15      -1.0881
_SET1_   5725         19     797392     812327     54      12  387099      -1.1826      0.73911   -3.7748e-15      -1.1826
_SET1_   10025        19     867961     893218     89      14  378685      -2.2173      0.94706   -3.9968e-15      -2.2173
_SET1_   10347        19    1040102    1065571    102      17  392044       0.2642      0.19034   -3.8858e-15       0.2642
_SET1_   1153         19    1269267    1274809      6       1  396182     0.094761      0.32903   -3.8858e-15     0.094761
_SET1_   26528        19    1407584    1435683     42       9  386497     -0.74798       0.6202   -3.8858e-15     -0.74798
_SET1_   55643        19    1985437    2015702    121      20  388219       3.1044   9.5141e-05   -3.9968e-15       3.1044
_SET1_   7089         19    2997636    3047846    209      41  385073     -0.85763      0.57301   -3.8858e-15     -0.85763
_SET1_   9546         19    3750771    3761673     41       9  391326    -0.077407      0.31363   -3.8858e-15    -0.077407
_SET1_   4145         19    3777967    3801810     58      16  394892      0.44278      0.14812   -3.8858e-15      0.44278
_SET1_   1613         19    3958451    3971097     24       4  390596     -0.52513      0.51167   -3.8858e-15     -0.52513
_SET1_   79187        19    4304591    4323843     56      12  393880     0.025384      0.29071   -3.8823e-15     0.025384
_SET1_   80700        19    4445003    4457791     39       8  383796       1.6902     0.012036   -3.7748e-15       1.6902
_SET1_   84717        19    4472255    4502223    107      12  392986     -0.27462      0.37205   -3.8858e-15     -0.27462
_SET1_   10501        19    4542600    4559771     56      17  403474    -0.052992      0.28595   -3.8788e-15    -0.052992
_SET1_   23030        19    4969123    5153609    546      33  389612     -0.10738      0.23676   -3.8858e-15     -0.10738
_SET1_   5802         19    5205514    5340814    466      70  393986       1.1402     0.029787   -3.7748e-15       1.1402
_SET1_   9667         19    5587007    5622991     80      15  370277      -1.9013      0.91436   -3.7748e-15      -1.9013
_SET1_   6294         19    5623046    5668489     75      11  395645     -0.96545      0.68776   -3.8858e-15     -0.96545
_SET1_   8570         19    6413115    6424822     40       5  384463     0.082396      0.30197   -3.8858e-15     0.082396
_SET1_   4670         19    8509460    8554002    129      15  401291     -0.77472      0.58297   -3.8858e-15     -0.77472
_SET1_   5300         19    9945883    9960365     25       6  395235       1.9286    0.0070446   -3.7748e-15       1.9286
_SET1_   1786         19   10244021   10305783    114      14  388527     -0.28749      0.38124   -3.8858e-15     -0.28749
_SET1_   7297         19   10461204   10491248     77      13  400018      -1.2757      0.76555   -3.7748e-15      -1.2757
_SET1_   11140        19   10501809   10514271     19       6  394556     -0.56661      0.52538   -3.8858e-15     -0.56661
_SET1_   5141         19   10527449   10580307     88      11  403435      -0.1471      0.33834   -3.8858e-15      -0.1471
_SET1_   10498        19   10982253   11033453     71      10  363733       2.2059    0.0028374   -3.9968e-15       2.2059
_SET1_   6597         19   11071598   11172958    258      20  398707        1.711    0.0091025   -3.7748e-15        1.711
_SET1_   374882       19   11453452   11457065      1       1  390299      -0.8153        0.762   -3.8858e-15      -0.8153
_SET1_   1995         19   11562143   11591806     75      12  388064      0.34348      0.19971   -3.8858e-15      0.34348
_SET1_   1725         19   12786531   12792701      8       5  321264       0.6585      0.14764   -3.8858e-15       0.6585
_SET1_   30000        19   12810008   12834838     51       3  187011      0.23013      0.39405   -3.8858e-15      0.23013
_SET1_   29911        19   12873817   12889248     24       7  400933      0.76069      0.12207   -3.8858e-15      0.76069
_SET1_   4784         19   13106584   13209610    140      16  391600       1.9732    0.0054984   -3.7748e-15       1.9732
_SET1_   773          19   13317256   13617274    988     112  391398     -0.35709      0.28755   -3.8858e-15     -0.35709
_SET1_   5585         19   14544166   14582679     95      21  390303      -1.9912      0.91542   -3.7748e-15      -1.9912
_SET1_   6511         19   15060845   15121455    359      32  402808      0.18685      0.17521   -3.8858e-15      0.18685
_SET1_   26993        19   15490859   15529916     61       6  387195      0.27584       0.2129   -3.8858e-15      0.27584
_SET1_   4218         19   16222490   16244445     64       8  399700      0.79721     0.089066   -3.8858e-15      0.79721
_SET1_   8907         19   16308665   16346156    129       9  396512      0.78864     0.089775   -3.8858e-15      0.78864
_SET1_   58513        19   16466055   16582823    206      28  394340       1.7143    0.0099055   -3.7748e-15       1.7143
_SET1_   79939        19   16660648   16683193     32       9  402940       1.1437     0.050172   -3.7748e-15       1.1437
_SET1_   3780         19   18062111   18110133    114      19  395301      -2.4526      0.96782   -3.9968e-15      -2.4526
_SET1_   23031        19   18208585   18262502    170      17  390069       1.2571     0.028943   -3.7748e-15       1.2571
_SET1_   5296         19   18263988   18281343     34       7  396493       1.6462     0.014741   -3.7748e-15       1.6462
_SET1_   5143         19   18318771   18359010     99      12  400082     -0.68809      0.53147   -3.8858e-15     -0.68809
_SET1_   170463       19   18529679   18545372     23       4  387524       0.1682      0.25523   -3.8858e-15       0.1682
_SET1_   79036        19   18668572   18680197     29       4  376569       1.1391     0.049598   -3.7748e-15       1.1391
_SET1_   23373        19   18794425   18893143    253      26  379467       1.2365     0.027797   -3.7748e-15       1.2365
_SET1_   93436        19   19144387   19168987     52       8  403132      -0.3997      0.46387   -3.8858e-15      -0.3997
_SET1_   54929        19   19230425   19249310     43       9  400364     0.016403      0.29403   -3.8823e-15     0.016403
_SET1_   171392       19   23835583   23870036     61       8  401719     -0.28477      0.40517   -3.8858e-15     -0.28477
_SET1_   7386         19   29698167   29704136     14       4  382667     -0.45306      0.50666   -3.8858e-15     -0.45306
_SET1_   83636        19   30189793   30206696     55      11  388404      0.80605     0.085861   -3.8858e-15      0.80605
_SET1_   898          19   30302805   30315224     22       8  370065      -1.2782       0.7698   -3.7748e-15      -1.2782
_SET1_   4037         19   33685599   33699773     53       9  391572      -0.5173      0.49716   -3.8858e-15      -0.5173
_SET1_   26065        19   34663352   34720420    147      11  397741     -0.56008      0.47745   -3.8858e-15     -0.56008
_SET1_   2821         19   34855645   34893318     74      15  389627     -0.12618      0.35113   -3.8858e-15     -0.12618
_SET1_   10054        19   34919264   34960798     81      13  398414     0.039141      0.29377   -3.8788e-15     0.039141
_SET1_   163175       19   35615417   35626178     36       5  397057     -0.50364      0.49034   -3.8858e-15     -0.50364
_SET1_   93099        19   35988119   36004560     61      15  383345      -1.2963      0.75715   -3.7748e-15      -1.2963
_SET1_   644096       19   36486090   36487220      2       1  412383     -0.30485      0.49346   -3.8858e-15     -0.30485
_SET1_   199704       19   37638340   37663643     51      10  387597     -0.37288      0.42814   -3.8858e-15     -0.37288
_SET1_   8193         19   38701649   38720317     56      11  387235      -0.1407      0.32636   -3.8858e-15      -0.1407
_SET1_   10653        19   38755098   38783254     75      15  389030      0.15802      0.22625   -3.8858e-15      0.15802
_SET1_   90522        19   38794200   38806615     37       9  387645     0.069446      0.27635   -3.8858e-15     0.069446
_SET1_   5714         19   38865190   38874464     28       7  388362       1.7634     0.018128   -3.7748e-15       1.7634
_SET1_   1891         19   39306062   39322497     44       8  384746      0.68421      0.11028   -3.8858e-15      0.68421
_SET1_   10298        19   39616417   39670046    138      16  395489      -1.5544      0.82088   -3.7748e-15      -1.5544
_SET1_   55588        19   39881893   39891203     23       4  394079      -1.3001       0.7899   -3.7748e-15      -1.3001
_SET1_   126526       19   40826967   40854434     61      11  386244      0.17023      0.22946   -3.8858e-15      0.17023
_SET1_   8425         19   41099072   41135725    101      12  395449      0.37215      0.16513   -3.8858e-15      0.37215
_SET1_   9253         19   41171810   41196556     68      14  402403      -0.7984      0.58485   -3.8858e-15      -0.7984
_SET1_   11100        19   41768391   41813811     71       8  386901     -0.93095      0.66291   -3.8858e-15     -0.93095
_SET1_   478          19   42470628   42498428     22      12  363085       1.9213    0.0075776   -3.7748e-15       1.9213
_SET1_   284348       19   44300079   44324808     95      16  390009      0.76572     0.082416   -3.8858e-15      0.76572
_SET1_   57787        19   45754516   45808541    142      15  399728    0.0008803      0.26549   -3.8821e-15    0.0008803
_SET1_   24139        19   46112658   46148775     90      14  398334      -1.5353      0.82393   -3.7748e-15      -1.5353
_SET1_   26145        19   46386866   46389376      4       2  408965      -0.3392      0.49085   -3.8858e-15      -0.3392
_SET1_   339344       19   46393281   46405862     39       7  406579      -1.0491      0.69795   -3.7748e-15      -1.0491
_SET1_   55228        19   46969748   46974820     27       4  410137      0.84978     0.091387   -3.8858e-15      0.84978
_SET1_   29888        19   47222768   47250251     51      10  392418       1.2306     0.035685   -3.7748e-15       1.2306
_SET1_   8775         19   47990891   48018515     40       8  398831       2.8905    0.0003896   -3.9968e-15       2.8905
_SET1_   29997        19   48248793   48260323     57      10  374388      0.62868      0.11829   -3.8858e-15      0.62868
_SET1_   6625         19   49588465   49611870     46      15  385419     -0.22057      0.36148   -3.8858e-15     -0.22057
_SET1_   54795        19   49661016   49715098    162      16  400368     -0.84781      0.59105   -3.8858e-15     -0.84781
_SET1_   3661         19   50162826   50169132     11       2  394510       3.0498   0.00024999   -3.9968e-15       3.0498
_SET1_   126129       19   50194363   50216988     58      10  390402     -0.16866      0.35254   -3.8858e-15     -0.16866
_SET1_   160          19   50270180   50310369    107      16  390656      0.87135     0.070678   -3.8858e-15      0.87135
_SET1_   23636        19   50410082   50432988     69      12  392503      0.93166     0.064758   -3.8858e-15      0.93166
_SET1_   3748         19   50818765   50832634     39       9  395317       2.7855   0.00041598   -3.9968e-15       2.7855
_SET1_   84258        19   51125234   51143092     51      11  386852     -0.22822      0.36776   -3.8858e-15     -0.22822
_SET1_   91663        19   54369611   54379689     19       4  395623      0.40568      0.22254   -3.8858e-15      0.40568
_SET1_   5582         19   54385467   54410906     49      13  372830     -0.18117      0.36099   -3.8858e-15     -0.18117
_SET1_   59283        19   54466290   54493469     83      11  403525      0.22533      0.20923   -3.8858e-15      0.22533
_SET1_   6861         19   55682571   55691809     58       7  399675       2.0366    0.0074083   -3.9968e-15       2.0366
_SET1_   22870        19   55741147   55770038     59      17  385875       -0.538      0.48403   -3.8858e-15       -0.538
_SET1_   57343        19   57862645   57871266     30      10  400602      0.79623     0.087387   -3.8858e-15      0.79623
_SET1_   7710         19   58208594   58220579     30       7  401837      0.88646     0.076267   -3.8858e-15      0.88646
_SET1_   79673        19   58637695   58666477     75      14  393188       0.8128     0.079672   -3.8858e-15       0.8128
_SET1_   27300        19   58739960   58788923    152      16  389902       1.3904     0.020884   -3.7748e-15       1.3904
_SET1_   1457         20     463338     524482     99      15  397963      -1.4743      0.81759   -3.7748e-15      -1.4743
_SET1_   9491         20    1093872    1149017    127      23  387063     -0.87593      0.59787   -3.8858e-15     -0.87593
_SET1_   140885       20    1874763    1920540    155      28  391331     -0.33838       0.3733   -3.8858e-15     -0.33838
_SET1_   5173         20    1959402    1974931     40       7  404423     -0.90397      0.65152   -3.8858e-15     -0.90397
_SET1_   80025        20    3869486    3904538     79      10  382598       1.8242    0.0077296   -3.7748e-15       1.8242
_SET1_   11237        20    3912068    3996216    210      18  380582      0.98678      0.05058   -3.8858e-15      0.98678
_SET1_   54675        20    5986739    6020699     89      11  399769      -1.3819      0.79354   -3.7748e-15      -1.3819
_SET1_   23236        20    8112912    8865547   2319     158  398566      0.12042     0.052773   -3.8858e-15      0.12042
_SET1_   5332         20    9049357    9461463    884      72  397288       -0.268      0.25526   -3.8858e-15       -0.268
_SET1_   8195         20   10385428   10414887    105       9  396978      0.27897      0.21027   -3.8858e-15      0.27897
_SET1_   26074        20   20033158   20341359    935      51  401964     -0.74313      0.40368   -3.8858e-15     -0.74313
_SET1_   6754         20   23016057   23017314      4       1  413466      0.54276      0.17155   -3.8858e-15      0.54276
_SET1_   955          20   25176327   25207365     97      13  381621     -0.36567      0.40213   -3.8858e-15     -0.36567
_SET1_   9837         20   25388323   25429191    101       9  398915      -1.9404      0.91247   -3.7748e-15      -1.9404
_SET1_   22981        20   25433333   25566167    290      18  389258      -1.2084      0.70169   -3.7748e-15      -1.2084
_SET1_   9371         20   30865443   30922814     76       8  403049      -1.4193      0.80515   -3.7748e-15      -1.4193
_SET1_   140688       20   31030862   31172875    238      24  395673      -1.6613      0.84283   -3.7748e-15      -1.6613
_SET1_   84905        20   32319566   32380075     83      12  396241     -0.11731      0.31872   -3.8858e-15     -0.11731
_SET1_   128866       20   32399110   32442173     40       7  385098      0.71615      0.10102   -3.8858e-15      0.71615
_SET1_   83737        20   32951041   33099198    176      11  398547       2.4145    0.0011449   -3.9968e-15       2.4145
_SET1_   10893        20   33814539   33864804     83      12  379544    -0.072002      0.31946   -3.8858e-15    -0.072002
_SET1_   2036         20   34679426   34820721    141      17  388967       1.4614     0.021284   -3.7748e-15       1.4614
_SET1_   57148        20   37101486   37207504    171      18  393044     -0.47458      0.48487   -3.8858e-15     -0.47458
_SET1_   140679       20   37353105   37358015      4       2  340855       1.0151      0.07311   -3.7748e-15       1.0151
_SET1_   11122        20   40701392   41818557   3163     226  394657       1.7923    0.0004602   -3.7748e-15       1.7923
_SET1_   26013        20   42136320   42179590    120      16  405017    -0.025586      0.28622   -3.8823e-15    -0.025586
_SET1_   128486       20   42935197   42939889      9       4  388172     0.017935      0.31051   -3.8823e-15     0.017935
_SET1_   3172         20   42984441   43061485    214      37  400900      0.40969      0.13581   -3.8858e-15      0.40969
_SET1_   3787         20   43720950   43729753     14       4  379706       3.4703   3.4303e-05   -3.9968e-15       3.4703
_SET1_   51604        20   44044707   44054885     17       6  384446      -1.1823      0.73865   -3.7748e-15      -1.1823
_SET1_   6780         20   47729876   47804907    141      16  380425       1.9676    0.0046624   -3.7748e-15       1.9676
_SET1_   9334         20   48249482   48330421    176      15  390995      0.62901      0.10265   -3.8858e-15      0.62901
_SET1_   23315        20   48429250   48508779    242      22  393072       1.6753    0.0094342   -3.7748e-15       1.6753
_SET1_   27304        20   49575351   49578400      5       3  305188     -0.94794      0.76995   -3.8858e-15     -0.94794
_SET1_   140689       20   54572413   54580528      8       4  368332     -0.44155      0.49729   -3.8858e-15     -0.44155
_SET1_   51507        20   55043641   55093942    107       9  398757     -0.96951      0.64817   -3.8858e-15     -0.96951
_SET1_   2778         20   57414756   57486250    172      35  379284       2.4638   0.00090297   -3.9968e-15       2.4638
_SET1_   1002         20   59827482   60515673   2886     241  392914     -0.87496      0.25232   -3.8858e-15     -0.87496
_SET1_   26164        20   60758081   60778624    105      21  397650       1.0054     0.051778   -3.7748e-15       1.0054
_SET1_   9885         20   60813541   60871269    156      16  400800       4.7929   2.9155e-08   -3.5527e-15       4.7929
_SET1_   4923         20   61340189   61394123    222      31  378834     -0.59228      0.47745   -3.8858e-15     -0.59228
_SET1_   55738        20   61904137   61921145     40       4  409674       1.4185     0.032032   -3.7748e-15       1.4185
_SET1_   1137         20   61974662   62009487    201      36  396545       1.0948     0.041894   -3.7748e-15       1.0948
_SET1_   3785         20   62031561   62103993    286      28  397762        1.294     0.023412   -3.7748e-15        1.294
_SET1_   1917         20   62119365   62130668     50      13  402078       3.0461    0.0001413   -3.9968e-15       3.0461
_SET1_   10139        20   62329995   62339365     14       2  399162      0.94243     0.087543   -3.8858e-15      0.94243
_SET1_   57473        20   62588057   62601223     32       8  374728       2.5643   0.00094422   -3.9968e-15       2.5643
_SET1_   55251        20   62887048   62907583     51       7  391661        1.026      0.05736   -3.7748e-15        1.026
_SET1_   351          21   27252861   27543446    727      56  396322     -0.76648      0.45543   -3.8858e-15     -0.76648
_SET1_   10069        21   30378080   30391685     19       5  411264      0.13104       0.2647   -3.8858e-15      0.13104
_SET1_   9946         21   34961647   35014160     57      17  388757      0.53834      0.13015   -3.8858e-15      0.53834
_SET1_   1827         21   35888782   35987382    443      26  408681       -2.206      0.92544   -3.9968e-15       -2.206
_SET1_   9980         21   37529080   37666572    540      43  396347       1.8173    0.0041525   -3.7748e-15       1.8173
_SET1_   7267         21   38445554   38575408    358      11  407260      -1.8682      0.87745   -3.7748e-15      -1.8682
_SET1_   1859         21   38739859   38887679    368      21  395537       1.4538     0.015112   -3.7748e-15       1.4538
_SET1_   2114         21   40177231   40196879     40       8  402554       2.2784    0.0022852   -3.9968e-15       2.2784
_SET1_   54014        21   40556102   40685745    334      16  403670      0.25537      0.17065   -3.8858e-15      0.25537
_SET1_   1826         21   41384343   42219039   3026     196  398186     -0.93306      0.28084   -3.8858e-15     -0.93306
_SET1_   54020        21   43919742   44001550    329      21  397150     -0.37561      0.36723   -3.8858e-15     -0.37561
_SET1_   7327         21   46188495   46221751    110      16  401786       1.7989    0.0080238   -3.7748e-15       1.7989
_SET1_   104          21   46494493   46646478    407      27  394907        1.291     0.021355   -3.7748e-15        1.291
_SET1_   4047         21   47608360   47648738    119      14  404774       2.2405    0.0021705   -3.9968e-15       2.2405
_SET1_   5116         21   47743976   47865682    467      27  384158       2.3616   0.00092768   -3.9968e-15       2.3616
_SET1_   23181        21   47878862   47989926    371      25  393471       2.2795     0.001256   -3.9968e-15       2.2795
_SET1_   3275         21   48055507   48085155     87      11  385669    -0.011817      0.29423   -3.8823e-15    -0.011817
_SET1_   5413         22   19701987   19710845      2       1  333910      0.30729      0.41407   -3.8858e-15      0.30729
_SET1_   421          22   19954126   20004325    195      23  386440       1.4541     0.017679   -3.7748e-15       1.4541
_SET1_   27037        22   20099389   20104818     16       6  409994       2.2742    0.0028576   -3.9968e-15       2.2742
_SET1_   65078        22   20228938   20255816     43      13  387654     -0.23082      0.35597   -3.8858e-15     -0.23082
_SET1_   51586        22   20861849   20941919    208      18  396968      -1.1243      0.68735   -3.7748e-15      -1.1243
_SET1_   1399         22   21271714   21308037     85       8  399102     -0.52218      0.49225   -3.8858e-15     -0.52218
_SET1_   150209       22   21319418   21335649     56      13  410771      -2.0907      0.93288   -3.9968e-15      -2.0907
_SET1_   23759        22   22020273   22052202    128      16  402880      0.53245      0.12601   -3.8858e-15      0.53245
_SET1_   613          22   23522402   23660224    383      32  393810     -0.15204      0.27677   -3.8858e-15     -0.15204
_SET1_   66035        22   24199059   24227738     92      17  397411     -0.83068      0.58768   -3.8858e-15     -0.83068
_SET1_   23544        22   26565440   26779563    747      77  396572       1.1082     0.023248   -3.7748e-15       1.1082
_SET1_   57168        22   26825280   26840978     40       9  404937      -1.4518      0.81484   -3.7748e-15      -1.4518
_SET1_   24144        22   26887893   26908462     56      14  389418      -1.6152       0.8559   -3.7748e-15      -1.6152
_SET1_   23760        22   28247657   28315255    117      13  395297       -1.367        0.805   -3.7748e-15       -1.367
_SET1_   4744         22   29876181   29887279     28       7  385331       1.0336      0.05808   -3.7748e-15       1.0336
_SET1_   8897         22   30279149   30426857    342      22  396708     -0.78541      0.53252   -3.8858e-15     -0.78541
_SET1_   23762        22   31089769   31303811    574      46  390036      0.54402     0.085345   -3.8858e-15      0.54402
_SET1_   56478        22   31835345   31885936    110      18  395331       2.1046    0.0035046   -3.9968e-15       2.1046
_SET1_   9681         22   32149937   32303020    390      18  387583       1.7675    0.0082139   -3.7748e-15       1.7675
_SET1_   25775        22   32329507   32341336     38      10  391370       1.7044     0.012027   -3.7748e-15       1.7044
_SET1_   9215         22   33668509   34316464   2133     158  393420     -0.64496      0.20905   -3.8858e-15     -0.64496
_SET1_   4627         22   36677323   36784107    305      35  382121      -2.2672      0.94005   -3.9968e-15      -2.2672
_SET1_   80020        22   36883233   36903148     64       8  404109      -1.2133      0.75174   -3.7748e-15      -1.2133
_SET1_   5816         22   37196745   37215517     73      12  398698     -0.13352      0.32665   -3.8858e-15     -0.13352
_SET1_   79734        22   37447779   37459430     13       4  392842       1.3387     0.043068   -3.7748e-15       1.3387
_SET1_   129138       22   38226862   38240353      8       4  406942     -0.30522      0.44387   -3.8858e-15     -0.30522
_SET1_   51386        22   38245379   38284789     48       9  395335      -1.3657      0.79282   -3.7748e-15      -1.3657
_SET1_   1454         22   38686697   38714089     51      13  376113       -0.973      0.67249   -3.8858e-15       -0.973
_SET1_   158          22   40742504   40762577     29       8  381435       1.8931    0.0095355   -3.7748e-15       1.8931
_SET1_   6767         22   41220539   41253012     38       7  397329       2.6349   0.00092072   -3.9968e-15       2.6349
_SET1_   5905         22   41640781   41682255     82      11  400860       1.4923     0.018584   -3.7748e-15       1.4923
_SET1_   7008         22   41763337   41795332     57       6  378062     -0.31115        0.415   -3.8858e-15     -0.31115
_SET1_   84247        22   44888450   44894005     23       2  413301       1.5044     0.025636   -3.7748e-15       1.5044
_SET1_   414918       22   50750392   50765517     56      10  385029     -0.53179      0.48896   -3.8858e-15     -0.53179
_SET1_   9701         22   50781746   50883519    330      25  392063     -0.83237      0.54572   -3.8858e-15     -0.83237
_SET1_   6305         22   50883429   50913467     83      16  396312     -0.97721       0.6461   -3.8858e-15     -0.97721
_SET1_   29781        22   50946645   50963209     54      12  396654    -0.090403      0.33169   -3.8858e-15    -0.090403
_SET1_   85358        22   51113070   51171640    131      30  396390       2.0642    0.0033782   -3.9968e-15       2.0642

# _SET2_  VARIABLE = gtex__frontal_cortex_ba9__M009 (set)
# _SET2_  NGENES = 467
# _SET2_  P-VALUE = 1.8666e-07
_SET2_   GENE        CHR      START       STOP  NSNPS  NPARAM       N        ZSTAT            P  ZFITTED_BASE  ZRESID_BASE
_SET2_   339453        1    1470158    1475740      8       3  400712      0.21024      0.24778   -3.8858e-15      0.21024
_SET2_   643988        1    1533388    1535476      2       1  406436       2.1503    0.0063431   -3.9968e-15       2.1503
_SET2_   2563          1    1950768    1962192     29       7  382373      -1.6277       0.8674   -3.7748e-15      -1.6277
_SET2_   127281        1    2517899    2522908     10       4  384566       2.7518   0.00057798   -3.9968e-15       2.7518
_SET2_   8514          1    6052358    6161253    297      43  389601     -0.97062      0.60593   -3.8858e-15     -0.97062
_SET2_   26038         1    6161847    6240194    261      27  398742      -1.6881      0.84376   -3.7748e-15      -1.6881
_SET2_   387509        1    6307406    6321035     36       3  362007     -0.30647      0.43888   -3.8858e-15     -0.30647
_SET2_   50651         1    8378171    8404227     79      12  388396     -0.22247      0.35009   -3.8858e-15     -0.22247
_SET2_   22883         1    9789079    9884550    119      14  382605      0.59401      0.13792   -3.8858e-15      0.59401
_SET2_   93611         1   11714432   11723384     23       7  391397     -0.22819      0.39752   -3.8858e-15     -0.22819
_SET2_   23400         1   17312453   17338467     52      10  374344       1.3594     0.026345   -3.7748e-15       1.3594
_SET2_   84966         1   18434240   18704977    969     121  400505   -0.0072656      0.18811   -3.8823e-15   -0.0072656
_SET2_   3362          1   19991780   20006055     39       7  389662       4.5855   1.7807e-07   -3.5527e-15       4.5855
_SET2_   57576         1   20990475   21044317    203      43  397263       1.0057     0.047057   -3.7748e-15       1.0057
_SET2_   400745        1   21046225   21059133     36       9  391852      -1.6745      0.87325   -3.7748e-15      -1.6745
_SET2_   2134          1   26348266   26362955     22       7  401092       2.1647    0.0037671   -3.9968e-15       2.1647
_SET2_   388610        1   27320189   27327377      7       3  349537      0.64088      0.14713   -3.8858e-15      0.64088
_SET2_   4985          1   29138654   29190208    156      19  401444      -1.3336      0.75383   -3.7748e-15      -1.3336
_SET2_   3208          1   33351688   33360247     11       4  364565        3.002    0.0002797   -3.9968e-15        3.002
_SET2_   58512         1   35331037   35391083     94      26  388323       2.5399   0.00073671   -3.9968e-15       2.5399
_SET2_   284656        1   38181646   38230824    175      18  402121      0.33395      0.16208   -3.8858e-15      0.33395
_SET2_   149175        1   38259721   38267278      7       3  407840        2.032    0.0063472   -3.9968e-15        2.032
_SET2_   9783          1   41086352   41131324    116      17  388246       1.3895     0.022459   -3.7748e-15       1.3895
_SET2_   9132          1   41249684   41306124    175      37  396136       1.1002     0.038736   -3.7748e-15       1.1002
_SET2_   81849         1   77333126   77533223    452      35  391127     -0.81095      0.51021   -3.8858e-15     -0.81095
_SET2_   388662        1  110693132  110744824    108      14  403220     -0.74542      0.54383   -3.8858e-15     -0.74542
_SET2_   3749          1  110753336  110776674     47      12  383587     -0.58003      0.49132   -3.8858e-15     -0.58003
_SET2_   55924         1  112264686  112298419    115      19  388183     -0.15063      0.32532   -3.8858e-15     -0.15063
_SET2_   284615        1  145470508  145475647      7       5  245095       1.0401       0.1252   -3.7748e-15       1.0401
_SET2_   9900          1  149874870  149889434     25       7  392059       1.2777     0.041171   -3.7748e-15       1.2777
_SET2_   1141          1  154540257  154552354     20       8  375656      0.49226      0.16274   -3.8858e-15      0.49226
_SET2_   1944          1  155051348  155060014     12       4  408217      -1.8032      0.90316   -3.7748e-15      -1.8032
_SET2_   10763         1  156638555  156647189     18       3  331839     -0.34451      0.45386   -3.8858e-15     -0.34451
_SET2_   57863         1  159141377  159172932     70      15  392769      0.24535        0.203   -3.8858e-15      0.24535
_SET2_   9722          1  162039581  162339813   1072      58  390039       1.5468    0.0046548   -3.7748e-15       1.5468
_SET2_   777           1  181452447  181775920    763      58  397498      0.51729     0.078558   -3.8858e-15      0.51729
_SET2_   8497          1  202995649  203047864    167      24  402895      0.10671       0.2202   -3.8858e-15      0.10671
_SET2_   10446         1  204586298  204654597    173      23  398803      0.59818      0.10179   -3.8858e-15      0.59818
_SET2_   57172         1  209757045  209787284    104      18  397621     -0.60219      0.49266   -3.8858e-15     -0.60219
_SET2_   55061         1  223394161  223537564    303      20  393859    0.0020257      0.23709   -3.8819e-15    0.0020257
_SET2_   51127         1  228594858  228604583     14       3  285544     -0.76629      0.69686   -3.8858e-15     -0.76629
_SET2_   79605         1  230457392  230561674    370      34  394465       0.4692        0.114   -3.8858e-15       0.4692
_SET2_   80003         1  233119855  233431459   1060      60  392990     -0.80212      0.41298   -3.8858e-15     -0.80212
_SET2_   1131          1  239549876  240078750   1277      91  396642      -1.2751      0.56769   -3.7748e-15      -1.2751
_SET2_   3754          2   11052063   11054351      4       2  411727      0.31691      0.23158   -3.8858e-15      0.31691
_SET2_   130813        2   11273179   11286916     52       5  391622      0.12705      0.30132   -3.8858e-15      0.12705
_SET2_   2281          2   24272584   24286551     25       6  401640    -0.078558      0.33795   -3.8858e-15    -0.078558
_SET2_   3777          2   26915581   26954066     78      12  400929       1.6538     0.011888   -3.7748e-15       1.6538
_SET2_   22924         2   27193525   27250087     61       6  384023       1.0049     0.061167   -3.7748e-15       1.0049
_SET2_   10669         2   27322159   27341995     28       6  406680       1.2519     0.037265   -3.7748e-15       1.2519
_SET2_   7781          2   27477440   27501093     37       8  313584       1.0336     0.069269   -3.7748e-15       1.0336
_SET2_   130733        2   39892638   39945103     61       5  387169      -0.9034      0.64383   -3.8858e-15      -0.9034
_SET2_   56660         2   47747914   47797470    117      31  395641       1.2491     0.029899   -3.7748e-15       1.2491
_SET2_   2016          2   73144604   73162020     20       6  387946      0.84366     0.090027   -3.8858e-15      0.84366
_SET2_   150726        2   73481810   73496758     29      11  396057      0.98413     0.061093   -3.8858e-15      0.98413
_SET2_   10120         2   98272402   98280561     14       3  408137       1.5721     0.021498   -3.7748e-15       1.5721
_SET2_   343990        2   99410309   99552684    356      21  386330       2.2916    0.0013304   -3.9968e-15       2.2916
_SET2_   205147        2  131513077  131525707     14       5  378179      0.30427      0.26237   -3.8858e-15      0.30427
_SET2_   57574         2  217122585  217236750    278      28  394305        -1.28      0.71497   -3.7748e-15        -1.28
_SET2_   8941          2  219824350  219826877      6       2  401773      0.79334      0.16098   -3.8858e-15      0.79334
_SET2_   5798          2  220154345  220174295     46       9  395580   -0.0058425      0.31439   -3.8823e-15   -0.0058425
_SET2_   130612        2  220408385  220415317     12       3  400700      0.10398      0.27509   -3.8858e-15      0.10398
_SET2_   6508          2  220492292  220506702     21       6  313904     0.013239      0.33714   -3.8823e-15     0.013239
_SET2_   25791         2  233743396  233877951    482      45  403476       2.0792    0.0019783   -3.9968e-15       2.0792
_SET2_   9901          3    9022275    9291369    805      89  397113      0.61989     0.064995   -3.8858e-15      0.61989
_SET2_   375323        3    9540045    9595486    184      17  398572     -0.82147       0.5761   -3.8858e-15     -0.82147
_SET2_   151835        3    9745510    9771592     49      19  394423      0.13343      0.23375   -3.8858e-15      0.13343
_SET2_   285368        3    9987226    9994078     13       6  382616     -0.80322      0.63981   -3.8858e-15     -0.80322
_SET2_   491           3   10365707   10733131   1342     110  391632       2.2973    0.0003542   -3.9968e-15       2.2973
_SET2_   23066         3   12838171   12876313    120      23  398486      0.89404     0.063854   -3.8858e-15      0.89404
_SET2_   9922          3   12938542   13114652    496      68  394910      -0.6819       0.4636   -3.8858e-15      -0.6819
_SET2_   885           3   42299315   42307662     21       5  394416      -1.0436      0.69523   -3.7748e-15      -1.0436
_SET2_   1951          3   48673896   48700348     27       4  383893      0.57159      0.16334   -3.8858e-15      0.57159
_SET2_   8927          3   49591922   49708982    159      15  398290       1.9405    0.0050555   -3.7748e-15       1.9405
_SET2_   63891         3   49726950   49758962     49       9  399063      0.88106     0.073167   -3.8858e-15      0.88106
_SET2_   79012         3   49895414   49907655     17       4  386483       1.7632     0.011343   -3.7748e-15       1.7632
_SET2_   84315         3   49946302   49967445     28       8  376444       1.4893     0.020705   -3.7748e-15       1.4893
_SET2_   2912          3   51741081   51752629      7       4  392810       1.1258     0.097279   -3.7748e-15       1.1258
_SET2_   29114         3  111717586  111732735     82      17  407503     -0.33129      0.38992   -3.8858e-15     -0.33129
_SET2_   5361          3  126707437  126756235    161      20  355079        1.858    0.0076707   -3.7748e-15        1.858
_SET2_   50512         3  127348002  127391653     37      11  373903      -1.7672      0.88736   -3.7748e-15      -1.7672
_SET2_   55167         3  135867760  135915522     46      10  390250      0.21327      0.22284   -3.8858e-15      0.21327
_SET2_   94032         3  183977003  183979251      4       2  410880        3.668   2.0691e-05   -3.9968e-15        3.668
_SET2_   131408        3  184053717  184064063     23       9  403718       3.5459   2.3841e-05   -3.9968e-15       3.5459
_SET2_   10815         4     778745     819945    172      25  389072      0.36097      0.15246   -3.8858e-15      0.36097
_SET2_   3064          4    3076408    3245687    338      19  396271      0.26693      0.17219   -3.8858e-15      0.26693
_SET2_   389197        4    5899318    5992175    516      50  398320      0.59367     0.079588   -3.8858e-15      0.59367
_SET2_   84448         4    7967037    8160559    753     103  398009      -1.3634      0.70382   -3.7748e-15      -1.3634
_SET2_   441061        5   16067474   16179897    172      23  385334     -0.37466      0.38828   -3.8858e-15     -0.37466
_SET2_   1946          5  106712590  107006596    719      89  392575      0.95609     0.035843   -3.8858e-15      0.95609
_SET2_   23105         5  132532152  132948223   1109     116  395635     -0.69709      0.39076   -3.8858e-15     -0.69709
_SET2_   6534          5  149569520  149590635     86      14  399301       1.1219     0.041639   -3.7748e-15       1.1219
_SET2_   11346         5  149980642  150038792    120      16  344401      -1.2359      0.75147   -3.7748e-15      -1.2359
_SET2_   147           5  159343740  159400017    149      19  400080     -0.64108      0.51932   -3.8858e-15     -0.64108
_SET2_   51617         5  173472607  173536182    155      15  397978      0.81259     0.090593   -3.8858e-15      0.81259
_SET2_   3274          5  175084847  175136239     97      16  401365      0.11243      0.26102   -3.8858e-15      0.11243
_SET2_   10814         5  175223542  175311024    213      32  403754    -0.033639      0.26027   -3.8788e-15    -0.033639
_SET2_   22838         5  175953700  175965026     16       7  398466      -1.7219      0.88735   -3.7748e-15      -1.7219
_SET2_   114787        5  176022803  176044339     30      10  399884      -1.3469      0.78966   -3.7748e-15      -1.3469
_SET2_   6620          5  176047210  176057557     14       4  405159     -0.97695      0.68417   -3.8858e-15     -0.97695
_SET2_   7172          6   18128542   18155374     82      12  406094      0.25266      0.20492   -3.8858e-15      0.25266
_SET2_   29993         6   34433838   34503000    141      22  395442      -1.8859      0.89416   -3.7748e-15      -1.8859
_SET2_   57699         6   36708549   36807220    355      54  398233      0.78701     0.065452   -3.8858e-15      0.78701
_SET2_   114781        6   38136227   38608202   1069      70  385297       1.1671     0.013508   -3.7748e-15       1.1671
_SET2_   57497         6   40359373   40555126    750      56  384715      0.90187     0.034703   -3.8858e-15      0.90187
_SET2_   116138        6   42981841   42989036     10       3  390083     -0.34407      0.48793   -3.8858e-15     -0.34407
_SET2_   401262        6   43273211   43277005      3       1  348204       2.8213    0.0006155   -3.9968e-15       2.8213
_SET2_   65989         6   43418090   43423786     11       3  392006      0.48208      0.17802   -3.8858e-15      0.48208
_SET2_   221424        6   43474703   43478081      6       2  410341       1.9171     0.016294   -3.7748e-15       1.9171
_SET2_   441151        6   44238480   44247182     23       5  395804      0.10334      0.27129   -3.8858e-15      0.10334
_SET2_   3354          6   87647024   87726397    172      17  397562      0.90087     0.072442   -3.8858e-15      0.90087
_SET2_   55084         6  107811317  107982513    325      37  364033      -0.1956      0.31351   -3.8858e-15      -0.1956
_SET2_   5575          7     588834     767313    541      47  389918      0.74968     0.059625   -3.8858e-15      0.74968
_SET2_   80028         7    5515428    5553423    151      15  399614      -1.5675       0.8253   -3.7748e-15      -1.5675
_SET2_   644150        7   29846170   29956682    362      32  395742       3.4845    1.183e-05   -3.9968e-15       3.4845
_SET2_   63974         7   31377075   31380538      5       2  405547     -0.73583      0.61951   -3.8858e-15     -0.73583
_SET2_   816           7   44256749   44365230    286      23  393001      0.71693     0.078812   -3.8858e-15      0.71693
_SET2_   83605         7   45039345   45116069    251      19  397764       1.3227     0.023995   -3.7748e-15       1.3227
_SET2_   64409         7   70597523   71178586   2031     126  396379       1.2202    0.0044175   -3.7748e-15       1.2202
_SET2_   6804          7   73113535   73134032     35       9  396675       1.5062      0.01939   -3.7748e-15       1.5062
_SET2_   3984          7   73498107   73536855     68      11  390472       1.6867     0.013892   -3.7748e-15       1.6867
_SET2_   222865        7   98444111   98467673     42       7  399893      0.26114      0.22733   -3.8858e-15      0.26114
_SET2_   222950        7  100081550  100092425     19       5  383353       1.0232      0.06686   -3.7748e-15       1.0232
_SET2_   7036          7  100218039  100240332     35       7  386560       1.7065     0.012568   -3.7748e-15       1.7065
_SET2_   51412         7  100240720  100254084     15       6  352810       2.0026     0.006625   -3.9968e-15       2.0026
_SET2_   43            7  100487615  100493754     14       6  408637       3.6754     1.36e-05   -3.9968e-15       3.6754
_SET2_   7425          7  100805790  100810862      4       2  346972      -1.4104      0.84568   -3.7748e-15      -1.4104
_SET2_   136227        7  101006101  101202304   1019      56  398712       1.7301    0.0028395   -3.7748e-15       1.7301
_SET2_   154790        7  139208674  139229731     28       5  401928       1.2901     0.049064   -3.7748e-15       1.2901
_SET2_   2051          7  142552776  142568847     43       9  367469      0.52303       0.1668   -3.8858e-15      0.52303
_SET2_   1020          7  150750899  150755052      8       3  413155       1.4492     0.027573   -3.7748e-15       1.4492
_SET2_   2675          8   21549530   21672392    269      50  384423      0.27124      0.16852   -3.8858e-15      0.27124
_SET2_   2039          8   21906660   21940036    117      13  386575      0.95665     0.069166   -3.8858e-15      0.95665
_SET2_   64760         8   21946695   21962405     44      10  390349       2.3691    0.0016695   -3.9968e-15       2.3691
_SET2_   9796          8   22077216   22089851     39      13  377977      -1.2903       0.7624   -3.7748e-15      -1.2903
_SET2_   79698         8   40388109   40755345   1118      76  400543     -0.31617      0.23191   -3.8858e-15     -0.31617
_SET2_   1392          8   67088612   67090846      2       1  412544      0.83429      0.12862   -3.8858e-15      0.83429
_SET2_   9312          8   73449626   73850584   1097      64  398318      0.41635     0.070739   -3.8858e-15      0.41635
_SET2_   79815         8   99202054   99307444    218      35  389844      0.08518      0.22446   -3.8858e-15      0.08518
_SET2_   51305         8  140613081  140715299    269      41  395835       2.6742   0.00036147   -3.9968e-15       2.6742
_SET2_   57210         8  142217273  142310241    325      37  401244      0.36796      0.13601   -3.8858e-15      0.36796
_SET2_   66004         8  143845756  143859640     42      10  400916       1.2397     0.035366   -3.7748e-15       1.2397
_SET2_   4062          8  144239331  144242053      6       2  411996     -0.23319      0.41363   -3.8858e-15     -0.23319
_SET2_   286077        8  144806103  144822710     42       7  380925      0.62175      0.13242   -3.8858e-15      0.62175
_SET2_   83482         8  145554228  145559943      5       3  398886       1.7976     0.012392   -3.7748e-15       1.7976
_SET2_   90990         8  145691432  145699499      7       4  358216      -1.1083      0.73231   -3.7748e-15      -1.1083
_SET2_   113655        8  145733161  145736596      4       2  408589       -1.627      0.88778   -3.7748e-15       -1.627
_SET2_   5646          9   33750464   33799229    124      19  389716        1.246     0.030389   -3.7748e-15        1.246
_SET2_   23349         9   34957484   34982541     46      12  399018      -2.6183      0.97911   -3.9968e-15      -2.6183
_SET2_   53358         9   91620686   91793682    482      44  395223      0.85255     0.055145   -3.8858e-15      0.85255
_SET2_   65268         9   95946437   96082854    390      29  393777       1.9818    0.0033394   -3.7748e-15       1.9818
_SET2_   9568          9  101050364  101471479   1506     137  393185       1.2872    0.0081261   -3.7748e-15       1.2872
_SET2_   54566         9  111934254  112083021    369      53  400505     -0.70019      0.48725   -3.8858e-15     -0.70019
_SET2_   1620          9  121928907  122131739    428      41  403519       1.9478    0.0032346   -3.7748e-15       1.9478
_SET2_   138429        9  130683808  130693076     12       3  372218       0.5673      0.18164   -3.8858e-15       0.5673
_SET2_   1759          9  130965634  131017528    108      17  398266      0.12686      0.23314   -3.8858e-15      0.12686
_SET2_   10444         9  131492065  131534220     41       7  396072     -0.87249      0.63546   -3.8858e-15     -0.87249
_SET2_   23413         9  132934857  132999583    219      33  401712     -0.17579      0.31221   -3.8858e-15     -0.17579
_SET2_   84814         9  134165069  134184649     60       7  393921      0.24437      0.21601   -3.8858e-15      0.24437
_SET2_   642968        9  136442141  136474472    134      21  397844     0.095307      0.23164   -3.8858e-15     0.095307
_SET2_   389813        9  139735733  139741884      4       1  350575       3.3113   0.00013022   -3.9968e-15       3.3113
_SET2_   2902          9  140033609  140063214     39       8  342431      0.28069      0.20326   -3.8858e-15      0.28069
_SET2_   727800        9  140114699  140115775      1       1  339483      0.67002       0.2452   -3.8858e-15      0.67002
_SET2_   26012         9  140342022  140353808     14       6  316379      0.84151     0.095398   -3.8858e-15      0.84151
_SET2_   774           9  140772241  141019076    375      29  323612       1.2097     0.030064   -3.7748e-15       1.2097
_SET2_   55753        10   50942687   50970425     80      11  395402      -1.3786        0.785   -3.7748e-15      -1.3786
_SET2_   220202       10   69990352   69991870      3       2  401592       1.3938     0.034075   -3.7748e-15       1.3938
_SET2_   55222        10   72058726   72142406    301      29  398132     -0.54218      0.43514   -3.8858e-15     -0.54218
_SET2_   6623         10   88717504   88723017     22       5  382143      0.49377       0.1589   -3.8858e-15      0.49377
_SET2_   84333        10   92922769   93044088    257      21  398510     -0.13889      0.30489   -3.8858e-15     -0.13889
_SET2_   5950         10   95351593   95361101     46       6  411735     -0.22214      0.39607   -3.8858e-15     -0.22214
_SET2_   6585         10   98757795   98945683    520      58  393536     -0.29132       0.3085   -3.8858e-15     -0.29132
_SET2_   401647       10   99609995   99631335     38       7  408229      0.98635      0.07444   -3.8858e-15      0.98635
_SET2_   26507        10  101088856  101154087    135      21  398638      0.51323      0.12963   -3.8858e-15      0.51323
_SET2_   79955        10  102767440  102790914     65      20  387154      0.43287      0.14662   -3.8858e-15      0.43287
_SET2_   5662         10  104162374  104179691     22       8  391946      0.90288     0.074065   -3.8858e-15      0.90288
_SET2_   79176        10  104178979  104182894      3       2  339073     -0.59249      0.58621   -3.8858e-15     -0.59249
_SET2_   255022       10  105213144  105218648     11       4  390347      0.95657     0.071971   -3.8858e-15      0.95657
_SET2_   9148         10  105253735  105352309    252      26  402510       1.4472     0.016326   -3.7748e-15       1.4472
_SET2_   256536       10  132890655  133109984   1085     118  397504     -0.22198      0.23376   -3.8858e-15     -0.22198
_SET2_   282974       10  133996038  134145377    600      51  375621      0.56803     0.078941   -3.8858e-15      0.56803
_SET2_   170394       10  134210702  134231363     74      17  383166      -1.5098      0.82357   -3.7748e-15      -1.5098
_SET2_   84435        10  134884433  134945179    251      40  370650       1.3338     0.021828   -3.7748e-15       1.3338
_SET2_   85442        10  134973971  135039916    251      26  399912      0.22819       0.1769   -3.8858e-15      0.22819
_SET2_   50632        10  135138928  135150482     25       8  388034      0.98946     0.075197   -3.8858e-15      0.98946
_SET2_   503542       10  135234170  135238623     10       3  400577       2.3476    0.0025349   -3.9968e-15       2.3476
_SET2_   8045         11     560309     564025     11       5  382180      -1.6224      0.88653   -3.7748e-15      -1.6224
_SET2_   10522        11     644225     695740    184      16  379729      -2.2621      0.94687   -3.9968e-15      -2.2621
_SET2_   51286        11     787110     790126      6       3  363091     -0.54021      0.52402   -3.8858e-15     -0.54021
_SET2_   54472        11    1295598    1330892    110      21  393776      0.06104      0.25943   -3.8788e-15      0.06104
_SET2_   1850         11    1575281    1593150     59       7  380881      0.72507     0.098709   -3.8858e-15      0.72507
_SET2_   402778       11    1753640    1771824     53       6  383478     -0.29868      0.41792   -3.8858e-15     -0.29868
_SET2_   887          11    6280841    6293363     62      11  396753      0.11344      0.24983   -3.8858e-15      0.11344
_SET2_   3767         11   17406795   17410878      9       3  410541      0.36346      0.19872   -3.8858e-15      0.36346
_SET2_   3746         11   17757495   17804602    122      19  396321       0.2731      0.18747   -3.8858e-15       0.2731
_SET2_   84867        11   18749475   18814268    183      36  398252     -0.46533       0.4163   -3.8858e-15     -0.46533
_SET2_   56981        11   45115564   45256675    283      24  398016       2.9637   0.00012624   -3.9968e-15       2.9637
_SET2_   1132         11   46405335   46413122      6       4  348860       1.5676     0.028564   -3.7748e-15       1.5676
_SET2_   114900       11   47611216   47615961      6       4  397491      0.93444     0.086495   -3.8858e-15      0.93444
_SET2_   349667       11   57227926   57244384     16       6  381052      -0.2189      0.38541   -3.8858e-15      -0.2189
_SET2_   747          11   61447905   61514474    128      18  378455       3.1548   7.6058e-05   -3.9968e-15       3.1548
_SET2_   2785         11   62475066   62476678      2       1  292363      0.67473      0.30639   -3.8858e-15      0.67473
_SET2_   79064        11   62557787   62559486      2       1  409948      0.76603       0.1838   -3.8858e-15      0.76603
_SET2_   1128         11   62676151   62689012     24       6  380492        1.463     0.027307   -3.7748e-15        1.463
_SET2_   50801        11   64058774   64067503      6       2  396369     -0.86426      0.68341   -3.8858e-15     -0.86426
_SET2_   9379         11   64373646   64490660    141      12  399354       3.2759   5.9808e-05   -3.9968e-15       3.2759
_SET2_   5871         11   64556609   64570720      8       3  410776      0.10667       0.3124   -3.8858e-15      0.10667
_SET2_   254102       11   65343509   65360121     26       7  397534      -1.7633      0.88654   -3.7748e-15      -1.7633
_SET2_   254122       11   65601305   65621578     26      12  386310      0.91744     0.071398   -3.8858e-15      0.91744
_SET2_   89792        11   65808236   65816651     17       4  383967       4.1244   2.0797e-06   -3.5527e-15       4.1244
_SET2_   64837        11   66024765   66035332     14       4  367852       3.8632   6.2092e-06   -3.9968e-15       3.8632
_SET2_   254263       11   66045672   66051685      5       2  412515       4.2353   1.6565e-06   -3.5527e-15       4.2353
_SET2_   6712         11   66449967   66496716     37      13  391444       4.3457   4.4794e-07   -3.5527e-15       4.3457
_SET2_   91683        11   66790190   66818334     26      10  370532       1.4397     0.027723   -3.7748e-15       1.4397
_SET2_   156          11   67033905   67054029     18       5  265325      0.43192      0.33262   -3.8858e-15      0.43192
_SET2_   9600         11   67259231   67272843      7       4  380318      -1.5013      0.84921   -3.7748e-15      -1.5013
_SET2_   22941        11   70313961   70935808   1717     131  391641       3.4088   1.7475e-06   -3.9968e-15       3.4088
_SET2_   100507050    11   74951950   74954749      4       1  350453       1.0483      0.13357   -3.7748e-15       1.0483
_SET2_   4135         11   75297959   75379479    145      15  389799      0.71427     0.094075   -3.8858e-15      0.71427
_SET2_   10888        11   94110477   94134585     89      15  395734        2.615   0.00066873   -3.9968e-15        2.615
_SET2_   84866        11  118401803  118417313     45       4  387985      0.82286      0.10584   -3.8858e-15      0.82286
_SET2_   9854         11  118977771  118988304     25       6  408094      -1.1516      0.73403   -3.7748e-15      -1.1516
_SET2_   64137        11  119019750  119033375     23       5  388297    0.0042672      0.31548   -3.8823e-15    0.0042672
_SET2_   7070         11  119288655  119294246     11       2  412666       1.3747     0.035471   -3.7748e-15       1.3747
_SET2_   57476        11  123325191  123498478    572      81  391527      0.51889     0.096619   -3.8858e-15      0.51889
_SET2_   4900         11  124609829  124617102     12       3  410885       3.0356   0.00023757   -3.9968e-15       3.0356
_SET2_   63876        11  125034559  125303285    768      77  394945     -0.09414      0.21718   -3.8858e-15     -0.09414
_SET2_   112937       11  134145293  134189458    117      19  390120      -0.4569      0.42829   -3.8858e-15      -0.4569
_SET2_   654429       12    1929433    1945919     65      22  394410     -0.40297      0.41703   -3.8858e-15     -0.40297
_SET2_   56341        12    3490515    3703139    537      81  391190      0.18811      0.17551   -3.8858e-15      0.18811
_SET2_   26290        12    4829752    4881892    112      11  400423     -0.84903      0.59724   -3.8858e-15     -0.84903
_SET2_   196500       12    6802957    6810009      8       4  366039     -0.18488      0.45365   -3.8858e-15     -0.18488
_SET2_   27239        12    6930963    6936583     18       8  355081      0.94414     0.068219   -3.8858e-15      0.94414
_SET2_   9746         12    7281681    7311541     52       8  406840      -1.1426      0.73405   -3.7748e-15      -1.1426
_SET2_   387856       12   48577366   48579709      4       2  413466     -0.90973      0.67607   -3.8858e-15     -0.90973
_SET2_   784          12   49208215   49222726     21       9  377424       1.7987    0.0092404   -3.7748e-15       1.7987
_SET2_   7480         12   49359123   49365641      9       3  408054       1.6639     0.015873   -3.7748e-15       1.6639
_SET2_   23109        12   49388933   49393088      6       3  369255       3.7111   1.3791e-05   -3.9968e-15       3.7111
_SET2_   23017        12   50260679   50297760    107      22  383979      -2.2094      0.94295   -3.9968e-15      -2.2094
_SET2_   6334         12   51984050   52206648    372      27  398315      0.65704     0.091433   -3.8858e-15      0.65704
_SET2_   5153         12   54943177   54973023     79      21  393091      0.97972     0.056595   -3.8858e-15      0.97972
_SET2_   27165        12   56864728   56882198     21       6  387773       1.1233     0.049159   -3.7748e-15       1.1233
_SET2_   4035         12   57522282   57607142    106      15  400377       0.1137      0.23448   -3.8858e-15       0.1137
_SET2_   115557       12   58003963   58011028     11       5  372269       2.5194    0.0011923   -3.9968e-15       2.5194
_SET2_   2583         12   58019678   58027022     16       4  396978      0.58824      0.14108   -3.8858e-15      0.58824
_SET2_   116986       12   58117544   58135984     24       6  374340       1.4623     0.023304   -3.7748e-15       1.4623
_SET2_   23316        12  111471828  111788358    403      32  399506      0.29049      0.15991   -3.8858e-15      0.29049
_SET2_   84934        12  113623342  113630169     12       2  411406      -1.9727      0.94614   -3.7748e-15      -1.9727
_SET2_   84530        12  119419300  119600856    652      45  402628      0.55638     0.078828   -3.8858e-15      0.55638
_SET2_   9478         12  121078422  121105129     81      15  395282       2.2117     0.002445   -3.9968e-15       2.2117
_SET2_   10645        12  121675495  121736111    170      29  398093         1.79    0.0074486   -3.7748e-15         1.79
_SET2_   79369        12  122688228  122692677      5       2  409818       1.4758      0.02738   -3.7748e-15       1.4758
_SET2_   101060200    12  133696111  133707059     36       7  387483      -1.7055      0.87611   -3.7748e-15      -1.7055
_SET2_   23281        13   29394485   30080084   2117     117  398745     -0.61886      0.19712   -3.8858e-15     -0.61886
_SET2_   2155         13  113760102  113774995     22       5  396008     -0.18964      0.38461   -3.8858e-15     -0.18964
_SET2_   84502        14   24037244   24048009     12       4  381552       -0.972       0.7178   -3.8858e-15       -0.972
_SET2_   376267       14   65412532   65439016     75      12  383095      0.84132     0.080031   -3.8858e-15      0.84132
_SET2_   161145       14   67913801   67982445    252      40  391738      -1.5486       0.8078   -3.7748e-15      -1.5486
_SET2_   9628         14   72398817   73033238   2270     107  386522       1.0068    0.0056153   -3.7748e-15       1.0068
_SET2_   57156        14   77648102   77725838    340      25  404541       2.0637    0.0026943   -3.9968e-15       2.0637
_SET2_   58157        14   77731834   77737655     10       5  396663     -0.35181      0.44292   -3.8858e-15     -0.35181
_SET2_   8111         14   91698876   91730898     93      10  395101       1.7923     0.010355   -3.7748e-15       1.7923
_SET2_   1113         14   93389445   93401638     44       9  383919       0.2008      0.22247   -3.8858e-15       0.2008
_SET2_   10858        14  100150755  100193638    109      14  403717       1.2312     0.032812   -3.7748e-15       1.2312
_SET2_   57596        14  101003484  101036131     82      13  390038       2.7221   0.00044964   -3.9968e-15       2.7221
_SET2_   388021       14  105059330  105071097     42       6  390652       1.9916    0.0060676   -3.7748e-15       1.9916
_SET2_   283638       14  105331650  105363107    107      11  388375       1.7509    0.0095852   -3.7748e-15       1.7509
_SET2_   256281       14  105639274  105647660     18       2  388942      0.20484      0.25626   -3.8858e-15      0.20484
_SET2_   23359        15   29412455   29862927   1391      96  397670       1.7287    0.0019338   -3.7748e-15       1.7287
_SET2_   85455        15   40650434   40663256     30       8  391361      0.45549      0.15721   -3.8858e-15      0.45549
_SET2_   22893        15   40733411   40760441     26       8  338011         2.52     0.001131   -3.9968e-15         2.52
_SET2_   3706         15   41786056   41795757     21       5  384049      0.58261      0.13687   -3.8858e-15      0.58261
_SET2_   1159         15   43885055   43891604      5       1  409943       1.5302     0.034407   -3.7748e-15       1.5302
_SET2_   283659       15   55903738   56035847    324      22  400706       3.0602   8.2779e-05   -3.9968e-15       3.0602
_SET2_   57611        15   74420544   74429143      4       2  365595       1.4309     0.036304   -3.7748e-15       1.4309
_SET2_   192683       15   75287876   75313836     74       8  399642     -0.35689      0.44061   -3.8858e-15     -0.35689
_SET2_   123591       15   76352299   76497304    368      41  401505      0.93987     0.046717   -3.8858e-15      0.93987
_SET2_   84894        15   77905369   77988490    218      23  391746      0.98276     0.053441   -3.8858e-15      0.98276
_SET2_   398          16     330606     333003      5       2  372465      0.44919      0.20125   -3.8858e-15      0.44919
_SET2_   4833         16     446752     450754     16       3  407385       1.5967     0.019497   -3.7748e-15       1.5967
_SET2_   9727         16     475649     572485    249      25  397403       1.4454     0.016635   -3.7748e-15       1.4454
_SET2_   57799        16     639357     679273    113       8  383441     -0.75355      0.57101   -3.8858e-15     -0.75355
_SET2_   9028         16     725666     728268      1       1  405771     -0.29324       0.4678   -3.8858e-15     -0.29324
_SET2_   51764        16     848041     850733     11       3  304685      -1.1216      0.77842   -3.7748e-15      -1.1216
_SET2_   9143         16    2039946    2044276      5       2  411999      -0.1741      0.39961   -3.8858e-15      -0.1741
_SET2_   57524        16    2227184    2246479     22       5  379995     -0.90292      0.64674   -3.8858e-15     -0.90292
_SET2_   283871       16    2261603    2264822     10       3  390112      -2.0945      0.94429   -3.9968e-15      -2.0945
_SET2_   1428         16   21269839   21314404    103      10  374061     -0.65746      0.53594   -3.8858e-15     -0.65746
_SET2_   10368        16   24266874   24373737    340      49  402366     -0.65185      0.46917   -3.8858e-15     -0.65185
_SET2_   388228       16   28270041   28335170    105      24  381266     -0.32955      0.38532   -3.8858e-15     -0.32955
_SET2_   26470        16   29882480   29910585     24       6  383046       2.3488    0.0020287   -3.9968e-15       2.3488
_SET2_   83723        16   30035748   30064338     44       6  392967       1.6497     0.014206   -3.7748e-15       1.6497
_SET2_   90835        16   30768733   30773598      7       4  395099      0.37522      0.22669   -3.8858e-15      0.37522
_SET2_   54620        16   30934392   30960104     25       3  394251     -0.57017      0.53493   -3.8858e-15     -0.57017
_SET2_   112755       16   31000577   31021829     26       5  376312      -0.4125      0.45242   -3.8858e-15      -0.4125
_SET2_   55715        16   57505870   57520385     46      13  397411       1.6063     0.015518   -3.7748e-15       1.6063
_SET2_   10300        16   57769623   57791162     71      16  396230      0.30953      0.20171   -3.8858e-15      0.30953
_SET2_   146227       16   66461200   66527432    130      21  399736     -0.37901      0.41035   -3.8858e-15     -0.37901
_SET2_   766          16   66878282   66888052     13       3  395717       1.6814     0.014694   -3.7748e-15       1.6814
_SET2_   146206       16   67679030   67691472     16       3  384334       3.3905   9.0269e-05   -3.9968e-15       3.3905
_SET2_   55512        16   68392230   68482409    180      22  387111       2.1956    0.0021256   -3.9968e-15       2.1956
_SET2_   6483         16   70413338   70472991     60      20  383042       1.9104    0.0064741   -3.7748e-15       1.9104
_SET2_   146433       16   70613798   70694585    219      19  383950      0.93538     0.053173   -3.8858e-15      0.93538
_SET2_   9764         16   85061374   85127836    311      26  394511     -0.94087      0.59866   -3.8858e-15     -0.94087
_SET2_   57338        16   87635441   87731762    491      54  400467       0.1397      0.17606   -3.8858e-15       0.1397
_SET2_   863          16   88941263   89043568    427      37  382693     -0.61128      0.45089   -3.8858e-15     -0.61128
_SET2_   84501        16   89894883   89937727    123      13  392881       2.7886   0.00035002   -3.9968e-15       2.7886
_SET2_   79007        16   90071279   90085937     55      13  387087       2.1224    0.0037468   -3.9968e-15       2.1224
_SET2_   8447         17       6009      31421     78      10  402522      -1.4757      0.82668   -3.7748e-15      -1.4757
_SET2_   146760       17    1837971    1928178    307      38  389542       2.9571   0.00011319   -3.9968e-15       2.9571
_SET2_   101928991    17    2627204    2651794     57      19  377778      -2.1557      0.93908   -3.9968e-15      -2.1557
_SET2_   84254        17    3763609    3796337    112      28  393149      0.16782      0.20833   -3.8858e-15      0.16782
_SET2_   23125        17    4871287    4890960     53      10  378054     -0.25355       0.3826   -3.8858e-15     -0.25355
_SET2_   9196         17    7825177    7833180     18       6  390991     -0.70376      0.56346   -3.8858e-15     -0.70376
_SET2_   7732         17   19314491   19320589      9       2  222778     -0.15774      0.51488   -3.8858e-15     -0.15774
_SET2_   124925       17   27281923   27333458     61      11  395465     -0.27557      0.39436   -3.8858e-15     -0.27557
_SET2_   40           17   31340105   32483825   3621     270  396547       2.1302    0.0001163   -3.9968e-15       2.1302
_SET2_   91608        17   34058679   34070540     25       6  411296     -0.54821      0.52291   -3.8858e-15     -0.54821
_SET2_   440435       17   36481493   36499693     33      10  389341      -1.1131      0.73946   -3.7748e-15      -1.1131
_SET2_   100170841    17   36827956   36831187      3       2  413257      -1.5381      0.87057   -3.7748e-15      -1.5381
_SET2_   8396         17   36921944   36956218     73      14  399643       1.4773     0.019809   -3.7748e-15       1.4773
_SET2_   782          17   37329709   37353956     54      18  384856      0.52801      0.13221   -3.8858e-15      0.52801
_SET2_   342667       17   37366789   37382040     28       8  408916      0.60967       0.1277   -3.8858e-15      0.60967
_SET2_   84961        17   37408897   37558530    288      10  381401       1.4955     0.016981   -3.7748e-15       1.4955
_SET2_   4761         17   37760021   37764175      6       2  287551       1.9632     0.014779   -3.7748e-15       1.9632
_SET2_   27175        17   40811266   40819024      8       3  413285     -0.10149      0.35079   -3.8858e-15     -0.10149
_SET2_   56970        17   42269173   42275747      9       5  374493       3.8969   8.0381e-06   -3.9968e-15       3.8969
_SET2_   10900        17   42385786   42396039     16       6  352258      -1.3851      0.80758   -3.7748e-15      -1.3851
_SET2_   284069       17   42431101   42441235     13       6  374719      0.63427      0.12749   -3.8858e-15      0.63427
_SET2_   4185         17   42836405   42859214     53       7  403483      -1.0262      0.68456   -3.7748e-15      -1.0262
_SET2_   162466       17   47300728   47309009     21       5  408635      0.91124     0.084966   -3.8858e-15      0.91124
_SET2_   84687        17   48211101   48227877     25      10  381353      0.98131     0.063219   -3.8858e-15      0.98131
_SET2_   114804       17   74138534   74236448    211      26  391129     -0.82889      0.56962   -3.8858e-15     -0.82889
_SET2_   114757       17   74523430   74533987     13       5  368485      0.53259       0.1462   -3.8858e-15      0.53259
_SET2_   146664       17   74864798   74946472    454      52  400103     -0.53909      0.40811   -3.8858e-15     -0.53909
_SET2_   146713       17   77085427   77512230   1933     236  391928      0.51591     0.026967   -3.8858e-15      0.51591
_SET2_   255275       17   79897521   79905109     21       4  376732     -0.73812      0.58702   -3.8858e-15     -0.73812
_SET2_   494470       18   43906772   44041159    365      55  388213      0.17742      0.18945   -3.8858e-15      0.17742
_SET2_   51046        18   55019721   55036162     39       6  406254      0.27631      0.23272   -3.8858e-15      0.27631
_SET2_   220164       18   67068284   67516323   1574     116  400757       0.7627     0.024826   -3.8858e-15       0.7627
_SET2_   126567       19     405443     409170     19       7  367619     -0.73032      0.57843   -3.8858e-15     -0.73032
_SET2_   610          19     589893     617159    136      32  385227    -0.039168         0.27   -3.8788e-15    -0.039168
_SET2_   79948        19     812488     821952     33       7  395329     -0.97217      0.66995   -3.8858e-15     -0.97217
_SET2_   57455        19    1815245    1848520     73      10  357646       0.1131      0.24497   -3.8858e-15       0.1131
_SET2_   55643        19    1985437    2015702    121      20  388219       3.1044   9.5141e-05   -3.9968e-15       3.1044
_SET2_   148252       19    2714565    2721390     15       3  340134       2.8885     0.000427   -3.9968e-15       2.8885
_SET2_   166          19    3052908    3062964     33      10  394899      -1.1243      0.70908   -3.7748e-15      -1.1243
_SET2_   60680        19    3224701    3297074    236      28  393435     -0.50365      0.42838   -3.8858e-15     -0.50365
_SET2_   23396        19    3630179    3700484    177      24  394805     -0.34097      0.38045   -3.8858e-15     -0.34097
_SET2_   4145         19    3777967    3801810     58      16  394892      0.44278      0.14812   -3.8858e-15      0.44278
_SET2_   23217        19    3804022    3869027    208      26  396528      -0.7799      0.54142   -3.8858e-15      -0.7799
_SET2_   85300        19    3880618    3928080    131      34  372300      0.89918     0.062483   -3.8858e-15      0.89918
_SET2_   51341        19    4045216    4066816     36       7  396601      0.23525      0.23216   -3.8858e-15      0.23525
_SET2_   170961       19    4182665    4224811    140      22  394992       1.0666     0.042691   -3.7748e-15       1.0666
_SET2_   79187        19    4304591    4323843     56      12  393880     0.025384      0.29071   -3.8823e-15     0.025384
_SET2_   84954        19    4343524    4360083     52      12  396844       1.5788     0.014413   -3.7748e-15       1.5788
_SET2_   10501        19    4542600    4559771     56      17  403474    -0.052992      0.28595   -3.8788e-15    -0.052992
_SET2_   126282       19    4639527    4655580     53      13  369405      0.21507       0.2191   -3.8858e-15      0.21507
_SET2_   374875       19    5680776    5688534      7       4  375189     -0.34925      0.44561   -3.8858e-15     -0.34925
_SET2_   79085        19    6436092    6460232     96      14  385968      0.15605      0.23347   -3.8858e-15      0.15605
_SET2_   57662        19    7660774    7683196     46       7  398628     -0.68733      0.55769   -3.8858e-15     -0.68733
_SET2_   80164        19    7933605    7939326     11       4  374154      0.58708      0.13588   -3.8858e-15      0.58708
_SET2_   404217       19    7989381    7991051      1       1  216999      0.54066       0.2544   -3.8858e-15      0.54066
_SET2_   5141         19   10527449   10580307     88      11  403435      -0.1471      0.33834   -3.8858e-15      -0.1471
_SET2_   1032         19   10677138   10679655      3       1  411787       1.3314     0.050644   -3.7748e-15       1.3314
_SET2_   83546        19   12936291   12946242     14       4  401078      -1.2116      0.78932   -3.7748e-15      -1.2116
_SET2_   22983        19   12949259   12985766     71       8  381262      -1.0082      0.68192   -3.7748e-15      -1.0082
_SET2_   811          19   13049414   13055304      6       3  390726       1.2606     0.040402   -3.7748e-15       1.2606
_SET2_   112939       19   13228813   13251961     36       9  388739       1.6532     0.013843   -3.7748e-15       1.6532
_SET2_   22859        19   14258549   14316997    129      25  381802      0.68248     0.098165   -3.8858e-15      0.68248
_SET2_   5585         19   14544166   14582679     95      21  390303      -1.9912      0.91542   -3.7748e-15      -1.9912
_SET2_   79041        19   16771938   16799830     64      10  390462     -0.18642      0.38414   -3.8858e-15     -0.18642
_SET2_   79575        19   17402940   17414282     34       7  371661     -0.16072      0.34483   -3.8858e-15     -0.16072
_SET2_   23025        19   17712137   17799123    346      65  391636       0.4294      0.12759   -3.8858e-15       0.4294
_SET2_   3780         19   18062111   18110133    114      19  395301      -2.4526      0.96782   -3.9968e-15      -2.4526
_SET2_   23031        19   18208585   18262502    170      17  390069       1.2571     0.028943   -3.7748e-15       1.2571
_SET2_   5864         19   18307609   18314874     15       4  385998     -0.07798      0.33388   -3.8858e-15     -0.07798
_SET2_   25789        19   18723682   18731849     29       8  384212       1.2695     0.033809   -3.7748e-15       1.2695
_SET2_   404037       19   19366450   19373596     17       3  398040       4.4258   6.1815e-07   -3.5527e-15       4.4258
_SET2_   9141         19   33072071   33078358     14       5  409920       1.2965     0.035983   -3.7748e-15       1.2965
_SET2_   6324         19   35521555   35531353     21       5  377438      -1.7593      0.89709   -3.7748e-15      -1.7593
_SET2_   79414        19   36428022   36436097     13       4  359638      0.94932      0.11506   -3.8858e-15      0.94932
_SET2_   25999        19   36505562   36523797     35      13  388233     -0.55397      0.49347   -3.8858e-15     -0.55397
_SET2_   8193         19   38701649   38720317     56      11  387235      -0.1407      0.32636   -3.8858e-15      -0.1407
_SET2_   126433       19   39514661   39523198     27       6  391806      0.76327     0.096071   -3.8858e-15      0.76327
_SET2_   57622        19   39797457   39806740     12       4  389987     -0.65244      0.64363   -3.8858e-15     -0.65244
_SET2_   9149         19   40315990   40324841     17       5  382177     -0.35001      0.43337   -3.8858e-15     -0.35001
_SET2_   23646        19   40854302   40884392     74      16  397777      0.72848     0.090611   -3.8858e-15      0.72848
_SET2_   57731        19   40973050   41082365    253      35  393835      0.76231     0.071189   -3.8858e-15      0.76231
_SET2_   6253         19   45988546   46000313     33       7  394450      -0.4748      0.47757   -3.8858e-15      -0.4748
_SET2_   339344       19   46393281   46405862     39       7  406579      -1.0491      0.69795   -3.7748e-15      -1.0491
_SET2_   57469        19   46994448   46999169     13       6  402768       1.0027     0.069949   -3.7748e-15       1.0027
_SET2_   4861         19   47523077   47549033     68      24  367438       1.4354     0.020018   -3.7748e-15       1.4354
_SET2_   6543         19   47931274   47975307    103      16  405404     -0.14198      0.34043   -3.8858e-15     -0.14198
_SET2_   56848        19   49122548   49133974     12       5  361180      -0.1296       0.3728   -3.8858e-15      -0.1296
_SET2_   770          19   49141272   49149451     13       3  390407       1.3247     0.042765   -3.7748e-15       1.3247
_SET2_   8541         19   49622646   49654287     83      14  392373      0.81451     0.076554   -3.8858e-15      0.81451
_SET2_   57030        19   49932655   49945617     24       7  390568      0.35039      0.18213   -3.8858e-15      0.35039
_SET2_   58506        19   50145382   50161906     23       8  366877       2.3244    0.0022429   -3.9968e-15       2.3244
_SET2_   3748         19   50818765   50832634     39       9  395317       2.7855   0.00041598   -3.9968e-15       2.7855
_SET2_   112703       19   50970045   50980085     16       5  382372       2.5373    0.0011455   -3.9968e-15       2.5373
_SET2_   84258        19   51125234   51143092     51      11  386852     -0.22822      0.36776   -3.8858e-15     -0.22822
_SET2_   50944        19   51163052   51220195    134      34  397471      0.41163      0.14262   -3.8858e-15      0.41163
_SET2_   402665       19   51815102   51834102     45       9  390132       2.3239    0.0018417   -3.9968e-15       2.3239
_SET2_   59284        19   54412704   54447195     72      19  356809     -0.70801      0.54384   -3.8858e-15     -0.70801
_SET2_   59283        19   54466290   54493469     83      11  403525      0.22533      0.20923   -3.8858e-15      0.22533
_SET2_   6861         19   55682571   55691809     58       7  399675       2.0366    0.0074083   -3.9968e-15       2.0366
_SET2_   23640        19   55773591   55791751     34       8  395687    -0.031869      0.30181   -3.8788e-15    -0.031869
_SET2_   57106        19   55996557   55998935      4       2  411573       1.6315     0.018204   -3.7748e-15       1.6315
_SET2_   29924        19   56186561   56207141     67      11  402510     -0.19831      0.39678   -3.8858e-15     -0.19831
_SET2_   84878        19   59024897   59031845     10       6  406408       1.9806    0.0066029   -3.7748e-15       1.9806
_SET2_   80023        20     326789     335512     17       6  391080       1.3361     0.041298   -3.7748e-15       1.3361
_SET2_   85508        20     642240     656823     35      12  405982      -1.2643      0.75288   -3.7748e-15      -1.2643
_SET2_   55321        20    1161213    1166077      9       6  399613      -0.3759      0.45385   -3.8858e-15      -0.3759
_SET2_   9762         20    3143263    3154238     33      12  392228      0.14126      0.23992   -3.8858e-15      0.14126
_SET2_   25876        20    3758151    3762113      7       3  354469       2.5633    0.0010957   -3.9968e-15       2.5633
_SET2_   146          20    4201278    4229659     87      17  403105     -0.83174      0.58583   -3.8858e-15     -0.83174
_SET2_   24141        20    9495005    9511171     59      12  393717      -2.0585       0.9321   -3.9968e-15      -2.0585
_SET2_   79953        20   24449835   24647253    419      42  391253     -0.93832       0.5706   -3.8858e-15     -0.93832
_SET2_   343702       20   30555805   30586256     60      18  388587      0.61792      0.11323   -3.8858e-15      0.61792
_SET2_   63941        20   32244893   32262264     14       5  375328     -0.42131      0.45773   -3.8858e-15     -0.42131
_SET2_   10893        20   33814539   33864804     83      12  379544    -0.072002      0.31946   -3.8858e-15    -0.072002
_SET2_   22839        20   34995444   35157040    195      29  371649       0.8688     0.064077   -3.8858e-15       0.8688
_SET2_   4826         20   36149607   36152092      1       1  410272     -0.28119        0.534   -3.8858e-15     -0.28119
_SET2_   128434       20   36531499   36573752    123      18  388149      0.72059     0.089208   -3.8858e-15      0.72059
_SET2_   84969        20   42543492   42698256    418      61  387180      -1.1184      0.65105   -3.7748e-15      -1.1184
_SET2_   78997        20   42875739   42909557     71       8  403740      0.70936      0.11269   -3.8858e-15      0.70936
_SET2_   140730       20   43380445   43438979    104      15  400200       1.4826     0.019136   -3.7748e-15       1.4826
_SET2_   57468        20   44650329   44688789    122      16  330735      0.81541      0.08758   -3.8858e-15      0.81541
_SET2_   64405        20   44802372   44937137    286      39  386378      0.66336     0.083904   -3.8858e-15      0.66336
_SET2_   3745         20   47988505   48099181    389      39  394555       4.9879   5.1677e-09   -3.5527e-15       4.9879
_SET2_   3755         20   49620193   49639675     49       9  388250       3.0155   0.00018207   -3.9968e-15       3.0155
_SET2_   11255        20   60790017   60795323      8       5  351615        2.435    0.0017475   -3.9968e-15        2.435
_SET2_   3785         20   62031561   62103993    286      28  397762        1.294     0.023412   -3.7748e-15        1.294
_SET2_   1917         20   62119365   62130668     50      13  402078       3.0461    0.0001413   -3.9968e-15       3.0461
_SET2_   50861        20   62271058   62284963     32       8  385290       1.8801    0.0073365   -3.7748e-15       1.8801
_SET2_   140700       20   62605466   62611182     17       2  396491       2.4136      0.00258   -3.9968e-15       2.4136
_SET2_   4987         20   62711451   62731996     37       9  365763     -0.73874      0.57309   -3.8858e-15     -0.73874
_SET2_   3763         21   38996778   39288741    952      75  383767      0.23114      0.11134   -3.8858e-15      0.23114
_SET2_   7226         21   45770046   45862964    207      19  369542     -0.78518      0.55959   -3.8858e-15     -0.78518
_SET2_   27439        22   17597189   17602257     19       5  412271      -1.0368      0.70547   -3.7748e-15      -1.0368
_SET2_   65078        22   20228938   20255816     43      13  387654     -0.23082      0.35597   -3.8858e-15     -0.23082
_SET2_   6545         22   21382995   21387163     11       3  403276       -1.178      0.76493   -3.7748e-15       -1.178
_SET2_   129049       22   25202136   25322813    491      59  397061       1.6485    0.0078228   -3.7748e-15       1.6485
_SET2_   57168        22   26825280   26840978     40       9  404937      -1.4518      0.81484   -3.7748e-15      -1.4518
_SET2_   150275       22   29168662   29185283     50      10  388380      -1.0177      0.69076   -3.7748e-15      -1.0177
_SET2_   27124        22   31518893   31530683     21       6  412124     0.020916      0.29588   -3.8823e-15     0.020916
_SET2_   23551        22   35936556   35950048     34       8  406159     -0.25748      0.38215   -3.8858e-15     -0.25748
_SET2_   5816         22   37196745   37215517     73      12  398698     -0.13352      0.32665   -3.8858e-15     -0.13352
_SET2_   79734        22   37447779   37459430     13       4  392842       1.3387     0.043068   -3.7748e-15       1.3387
_SET2_   6753         22   37600277   37616472     60      10  401480      -1.0923      0.69408   -3.7748e-15      -1.0923
_SET2_   114794       22   37764000   37823505    209      26  403031      -1.4145      0.76734   -3.7748e-15      -1.4145
_SET2_   57026        22   38054737   38062939     18       3  384160      0.30302        0.215   -3.8858e-15      0.30302
_SET2_   3761         22   38822332   38851205     81      16  366624      0.92012     0.066806   -3.8858e-15      0.92012
_SET2_   23466        22   39257468   39268258     19       7  383060      0.27007      0.21675   -3.8858e-15      0.27007
_SET2_   23492        22   39526777   39548661     63       8  399638       2.2705    0.0022814   -3.9968e-15       2.2705
_SET2_   9145         22   39745954   39781593    105      14  401151     -0.56927      0.48548   -3.8858e-15     -0.56927
_SET2_   4248         22   39843235   39888199     77      14  373553     -0.72096      0.54352   -3.8858e-15     -0.72096
_SET2_   8911         22   39966758   40085740    262      23  393483       1.6855    0.0084036   -3.7748e-15       1.6855
_SET2_   23170        22   43562628   43583137     98      19  395138      0.17499      0.21597   -3.8858e-15      0.17499
_SET2_   758          22   43807202   43903688    340      39  383906     -0.86335      0.55033   -3.8858e-15     -0.86335
_SET2_   25830        22   44220387   44258378    136      15  402667      -1.0093      0.65709   -3.7748e-15      -1.0093
_SET2_   150379       22   44275558   44287893     59       9  386392     -0.65195      0.52832   -3.8858e-15     -0.65195
_SET2_   85352        22   44639545   44727470    318      59  396526       2.1266     0.002344   -3.9968e-15       2.1266
_SET2_   400935       22   50432942   50451055     59      10  389007       2.1912    0.0027182   -3.9968e-15       2.1912
_SET2_   56666        22   50609160   50618724     24      10  375339     -0.39779      0.43786   -3.8858e-15     -0.39779
_SET2_   23542        22   51039131   51049979     54      11  400003       1.0524     0.054989   -3.7748e-15       1.0524

# _SET3_  VARIABLE = gtex__nucleus_accumbens_basal_ganglia__M000 (set)
# _SET3_  NGENES = 2606
# _SET3_  P-VALUE = 1.4723e-07
_SET3_   GENE        CHR      START       STOP  NSNPS  NPARAM       N        ZSTAT            P  ZFITTED_BASE  ZRESID_BASE
_SET3_   26155         1     879583     894679     50       8  362015      -2.0131      0.94153   -3.9968e-15      -2.0131
_SET3_   2782          1    1716725    1822552    143      19  391476        1.263     0.029604   -3.7748e-15        1.263
_SET3_   2563          1    1950768    1962192     29       7  382373      -1.6277       0.8674   -3.7748e-15      -1.6277
_SET3_   5590          1    1981909    2116834    382      27  388011       1.4501     0.013772   -3.7748e-15       1.4501
_SET3_   79906         1    2251719    2323190    298      36  394056      -1.8984      0.88132   -3.7748e-15      -1.8984
_SET3_   8514          1    6052358    6161253    297      43  389601     -0.97062      0.60593   -3.8858e-15     -0.97062
_SET3_   23463         1    6281253    6296044     30       5  400523     -0.21598      0.43242   -3.8858e-15     -0.21598
_SET3_   57449         1    6526152    6580121    136      23  396038      0.99635     0.055144   -3.8858e-15      0.99635
_SET3_   23261         1    6845384    7829766   2648     201  388137        1.512    0.0012105   -3.7748e-15        1.512
_SET3_   22883         1    9789079    9884550    119      14  382605      0.59401      0.13792   -3.8858e-15      0.59401
_SET3_   84328         1    9982168   10003460     39       7  408827       1.5823     0.020386   -3.7748e-15       1.5823
_SET3_   23095         1   10270606   10441664    521      16  395334      0.51413      0.10127   -3.8858e-15      0.51413
_SET3_   23435         1   11072462   11085549     21       4  361352      0.63735      0.14069   -3.8858e-15      0.63735
_SET3_   10747         1   11086580   11107296     53       7  319837      0.33622       0.2195   -3.8858e-15      0.33622
_SET3_   1185          1   11866153   11903201    187      14  397520      0.36733      0.17384   -3.8858e-15      0.36733
_SET3_   9927          1   12040238   12073572     74       8  398302        1.262     0.034146   -3.7748e-15        1.262
_SET3_   943           1   12123434   12204264    208      40  394568      0.70618     0.083517   -3.8858e-15      0.70618
_SET3_   23254         1   14219646   15444544   4411     327  396916     -0.48496      0.14068   -3.8858e-15     -0.48496
_SET3_   23341         1   15853343   15898228    107      10  393987      0.11401      0.24191   -3.8858e-15      0.11401
_SET3_   84301         1   15943953   15995539    104       6  392229      0.36598      0.18524   -3.8858e-15      0.36598
_SET3_   23207         1   16010632   16061264    142      12  389954      0.39815      0.16498   -3.8858e-15      0.39815
_SET3_   7709          1   16268364   16302627     48      10  403318      0.18591      0.23122   -3.8858e-15      0.18591
_SET3_   23352         1   19401000   19536812    249      21  399088     -0.69545      0.50721   -3.8858e-15     -0.69545
_SET3_   4681          1   19969723   19984949     50      14  390763       3.7676   6.4225e-06   -3.9968e-15       3.7676
_SET3_   3362          1   19991780   20006055     39       7  389662       4.5855   1.7807e-07   -3.5527e-15       4.5855
_SET3_   57576         1   20990475   21044317    203      43  397263       1.0057     0.047057   -3.7748e-15       1.0057
_SET3_   400745        1   21046225   21059133     36       9  391852      -1.6745      0.87325   -3.7748e-15      -1.6745
_SET3_   50809         1   21069170   21113808     92      15  376829     -0.11464      0.31514   -3.8858e-15     -0.11464
_SET3_   8672          1   21132785   21503381    654      23  388508    -0.048716      0.20632   -3.8788e-15    -0.048716
_SET3_   84196         1   22004791   22109688    336      29  390723     -0.25869      0.33472   -3.8858e-15     -0.25869
_SET3_   23028         1   23345937   23410184     73       9  402257      -0.8953      0.63177   -3.8858e-15      -0.8953
_SET3_   11313         1   24117275   24122029      3       1  404984     0.091596      0.36855   -3.8858e-15     0.091596
_SET3_   90529         1   24683489   24741587    148      16  400387      -2.0857      0.92694   -3.9968e-15      -2.0857
_SET3_   10250         1   24969594   24999772     28       6  367646      -1.3864      0.82668   -3.7748e-15      -1.3864
_SET3_   57190         1   26126667   26144713     43       5  402271     -0.23077      0.39236   -3.8858e-15     -0.23077
_SET3_   56181         1   26146397   26159433     30       3  389107      -1.1519       0.7542   -3.7748e-15      -1.1519
_SET3_   79947         1   26758773   26797797     58      14  398737     -0.70516      0.55299   -3.8858e-15     -0.70516
_SET3_   8289          1   27022522   27108601    115       8  389081     -0.63466      0.56049   -3.8858e-15     -0.63466
_SET3_   55650         1   27113739   27124894     15       4  386096     -0.11841      0.39888   -3.8858e-15     -0.11841
_SET3_   84243         1   27153201   27184092     43       6  378500      -1.1539       0.7447   -3.7748e-15      -1.1539
_SET3_   23038         1   27561007   27635124     93      12  379497      0.27498       0.2151   -3.8858e-15      0.27498
_SET3_   5511          1   28157252   28178183     23       4  267710       1.3421      0.07969   -3.7748e-15       1.3421
_SET3_   2140          1   28296855   28415173    193      18  350243     -0.76604      0.55566   -3.8858e-15     -0.76604
_SET3_   4985          1   29138654   29190208    156      19  401444      -1.3336      0.75383   -3.7748e-15      -1.3336
_SET3_   2035          1   29213603   29446558    382      24  397424      0.84137     0.059955   -3.8858e-15      0.84137
_SET3_   51102         1   29519385   29557460     92      15  387580      0.47887      0.15131   -3.8858e-15      0.47887
_SET3_   10076         1   29563028   29653325    219      32  392142      0.68028     0.089597   -3.8858e-15      0.68028
_SET3_   9698          1   31404353   31538838    249      21  400370       1.7284    0.0081068   -3.7748e-15       1.7284
_SET3_   51538         1   31769832   31838569    162      11  397206    -0.091225      0.30201   -3.8858e-15    -0.091225
_SET3_   2170          1   31838100   31845923     13       6  383339      0.46573      0.18179   -3.8858e-15      0.46573
_SET3_   576           1   32192718   32230494     38       8  386712     -0.50698      0.51955   -3.8858e-15     -0.50698
_SET3_   8668          1   32687971   32697205     11       2  381225     -0.55712      0.59257   -3.8858e-15     -0.55712
_SET3_   81629         1   32818365   32830098      4       2  378484      0.66493      0.23736   -3.8858e-15      0.66493
_SET3_   55108         1   32830704   32860062     21      11  369509       1.1926     0.061334   -3.7748e-15       1.1926
_SET3_   5928          1   33116749   33151812     72       4  403794      -0.2225      0.46865   -3.8858e-15      -0.2225
_SET3_   64766         1   33282368   33324480     56       9  399955        3.092   0.00014556   -3.9968e-15        3.092
_SET3_   3208          1   33351688   33360247     11       4  364565        3.002    0.0002797   -3.9968e-15        3.002
_SET3_   204           1   33473541   33502512     41       7  380974      0.47702      0.15914   -3.8858e-15      0.47702
_SET3_   58512         1   35331037   35391083     94      26  388323       2.5399   0.00073671   -3.9968e-15       2.5399
_SET3_   9202          1   35734444   35887545    162      12  388736       1.4863     0.030978   -3.7748e-15       1.4863
_SET3_   127703        1   36179477   36184790      7       3  368941       1.1589     0.066814   -3.7748e-15       1.1589
_SET3_   127700        1   36883507   36916086    134       7  308893      -0.3749       0.4665   -3.8858e-15      -0.3749
_SET3_   64769         1   37955561   37980420     76      13  403042      0.98306     0.059634   -3.8858e-15      0.98306
_SET3_   8761          1   40026485   40042522     33       9  404596       2.6448   0.00074624   -3.9968e-15       2.6448
_SET3_   4610          1   40361096   40367687     13       6  354983       3.0377   0.00020638   -3.9968e-15       3.0377
_SET3_   10487         1   40505912   40538321    107       8  407916      0.46047      0.16402   -3.8858e-15      0.46047
_SET3_   4802          1   41157242   41237275    193      18  392306       1.1746     0.035388   -3.7748e-15       1.1746
_SET3_   22955         1   41492871   41707815    509      20  397790       1.3782     0.016011   -3.7748e-15       1.3782
_SET3_   22887         1   42642210   42801548    261      12  391849      0.77024     0.079884   -3.8858e-15      0.77024
_SET3_   728621        1   43000560   43120335    356      19  402160        1.067     0.036985   -3.7748e-15        1.067
_SET3_   6513          1   43391046   43424847    104      13  392362     -0.50256      0.46311   -3.8858e-15     -0.50256
_SET3_   10969         1   43629845   43638241     33       3  403568     -0.13235      0.37231   -3.8858e-15     -0.13235
_SET3_   9670          1   44412478   44433694     32       5  404682        2.252     0.003323   -3.9968e-15        2.252
_SET3_   8503          1   46505812   46642167    217      16  402336      -1.6953      0.84847   -3.7748e-15      -1.6953
_SET3_   55624         1   46654353   46685977     47       9  393832      0.23828      0.21728   -3.8858e-15      0.23828
_SET3_   8438          1   46713367   46744145     35      10  399549      0.77889     0.094654   -3.8858e-15      0.77889
_SET3_   10489         1   46744072   46769038     21       9  400906       1.2352     0.041326   -3.7748e-15       1.2352
_SET3_   9813          1   47140831   47184792     77       6  390114      -1.9436      0.91894   -3.7748e-15      -1.9436
_SET3_   51727         1   47799469   47844511    102       9  398719    -0.089492      0.31156   -3.8858e-15    -0.089492
_SET3_   22996         1   51752930   51810785     92      17  400348     -0.23329      0.39605   -3.8858e-15     -0.23329
_SET3_   114883        1   52082546   52254891    193      17  360576        1.712     0.011955   -3.7748e-15        1.712
_SET3_   5865          1   52373628   52456436    154      19  396908     -0.57987      0.49149   -3.8858e-15     -0.57987
_SET3_   112970        1   52497777   52499472      3       1  412578      -1.3963      0.88569   -3.7748e-15      -1.3963
_SET3_   9372          1   52607678   52812358    205      16  384761     -0.38778      0.44675   -3.8858e-15     -0.38778
_SET3_   79699         1   53192126   53293014    262      15  333809      0.80231     0.073836   -3.8858e-15      0.80231
_SET3_   6342          1   53392901   53517289    424      19  397913     -0.49725      0.43923   -3.8858e-15     -0.49725
_SET3_   7804          1   53708036   53793821    180      26  397315       2.9445   0.00014598   -3.9968e-15       2.9445
_SET3_   23648         1   54691104   54872068    460      69  389938      0.75381     0.065693   -3.8858e-15      0.75381
_SET3_   7268          1   55181495   55208330    141       4  402733     -0.40419      0.49715   -3.8858e-15     -0.40419
_SET3_   5563          1   57110990   57181008    240      18  390737     -0.25197      0.33377   -3.8858e-15     -0.25197
_SET3_   51361         1   60280458   60342050    128      18  369275       -2.658      0.98339   -3.9968e-15       -2.658
_SET3_   85440         1   62920397   63154039    279       9  394679      -2.5292      0.97072   -3.9968e-15      -2.5292
_SET3_   57685         1   64936476   65158741    458      61  393755      -1.6817      0.83767   -3.7748e-15      -1.6817
_SET3_   3716          1   65298906   65432593    356      27  399013     0.059177      0.22545   -3.8788e-15     0.059177
_SET3_   9829          1   65720133   65881552    432      29  389476       -2.071      0.90125   -3.9968e-15       -2.071
_SET3_   3953          1   65886335   66103176    563      26  387133      -1.1696      0.62914   -3.7748e-15      -1.1696
_SET3_   5142          1   66258193   66840262   1320      74  396737       -2.237      0.85939   -3.9968e-15       -2.237
_SET3_   84251         1   66999066   67210768    713      25  403119       1.7664     0.003841   -3.7748e-15       1.7664
_SET3_   57708         1   67390578   67454302    134      13  402197      -1.5126      0.82462   -3.7748e-15      -1.5126
_SET3_   57554         1   70033230   70589171   1486      68  401604     -0.45856      0.21721   -3.8858e-15     -0.45856
_SET3_   9295          1   70671365   70717703     56       8  385440      -1.1831      0.76764   -3.7748e-15      -1.1831
_SET3_   81573         1   70724685   70820471    139      22  387981     -0.33172      0.39339   -3.8858e-15     -0.33172
_SET3_   127254        1   75033795   75139422    165      19  398729     -0.60315      0.48372   -3.8858e-15     -0.60315
_SET3_   81849         1   77333126   77533223    452      35  391127     -0.81095      0.51021   -3.8858e-15     -0.81095
_SET3_   26009         1   78028160   78149119    185      20  387774      0.68832     0.094181   -3.8858e-15      0.68832
_SET3_   23032         1   78161672   78225564     87      17  383399      0.32083      0.18656   -3.8858e-15      0.32083
_SET3_   374986        1   78245309   78345225    154      25  380880       0.2238      0.20937   -3.8858e-15       0.2238
_SET3_   64123         1   79355449   79472495    485      28  402970      0.77424     0.061165   -3.8858e-15      0.77424
_SET3_   23266         1   82266082   82458107    523      35  401779     -0.47959      0.37318   -3.8858e-15     -0.47959
_SET3_   5567          1   84543745   84704181    224      21  399189      0.31278      0.16085   -3.8858e-15      0.31278
_SET3_   117178        1   85109390   85156440    118      15  403943       2.3273    0.0018622   -3.9968e-15       2.3273
_SET3_   148423        1   85715636   85725355     25       9  386241      0.44647      0.15954   -3.8858e-15      0.44647
_SET3_   55144         1   90286573   90401991    168      37  394351      0.49011      0.13009   -3.8858e-15      0.49011
_SET3_   284697        1   92545862   92613397    125      10  399983     -0.37945      0.41781   -3.8858e-15     -0.37945
_SET3_   7813          1   92974253   93257961    537      12  401170      -1.8088      0.85475   -3.7748e-15      -1.8088
_SET3_   54874         1   93913688   94020218    108      19  387284     -0.65758      0.52626   -3.8858e-15     -0.65758
_SET3_   8412          1   94027343   94312706    884      34  396265     -0.24079      0.24507   -3.8858e-15     -0.24079
_SET3_   9411          1   94634463   94713251    128      24  361563     -0.50573      0.45841   -3.8858e-15     -0.50573
_SET3_   2152          1   94994732   95007413     25       7  402752      -1.3808      0.79586   -3.7748e-15      -1.3808
_SET3_   126969        1   95285898   95360803    270      42  397073      -0.1054      0.27483   -3.8858e-15      -0.1054
_SET3_   58155         1   97187161   97280605    173      15  395057      0.70374     0.089519   -3.8858e-15      0.70374
_SET3_   163404        1   99355801   99470449    440      43  399190      -1.5664       0.7926   -3.7748e-15      -1.5664
_SET3_   9890          1   99729848   99775140    115      17  393790      0.16223      0.22436   -3.8858e-15      0.16223
_SET3_   23443         1  100435345  100492535    167      13  401759     -0.26072      0.42722   -3.8858e-15     -0.26072
_SET3_   8634          1  100731714  100758325     64       6  404707     -0.62696      0.57449   -3.8858e-15     -0.62696
_SET3_   54112         1  101003728  101007583      8       3  413109      0.70235      0.11807   -3.8858e-15      0.70235
_SET3_   51611         1  101455179  101491365     44       6  404232      0.90191     0.080362   -3.8858e-15      0.90191
_SET3_   118427        1  102268126  102462790    671      61  396240       1.3354     0.013244   -3.7748e-15       1.3354
_SET3_   55599         1  104068323  104097861     42       9  401213      0.40564      0.16994   -3.8858e-15      0.40564
_SET3_   22854         1  107682540  108024477    752      73  399012      -2.1986      0.90854   -3.9968e-15      -2.1986
_SET3_   55119         1  109234932  109244425      8       5  334853      0.13287      0.29158   -3.8858e-15      0.13287
_SET3_   22911         1  109512835  109584860    182      19  395064     -0.36922      0.40621   -3.8858e-15     -0.36922
_SET3_   57535         1  109656585  109749403    325      33  401909     -0.97552      0.60291   -3.8858e-15     -0.97552
_SET3_   6272          1  109852187  109940563    126      11  395078       2.8048   0.00035852   -3.9968e-15       2.8048
_SET3_   271           1  110162435  110174677     29       8  397785     -0.63965      0.54868   -3.8858e-15     -0.63965
_SET3_   3737          1  111136202  111174096     99      12  398503      0.67978      0.11154   -3.8858e-15      0.67978
_SET3_   10390         1  111682249  111727724     67      14  384126        1.448     0.021811   -3.7748e-15        1.448
_SET3_   5906          1  112162405  112256807    296      20  403162      0.61908     0.097304   -3.8858e-15      0.61908
_SET3_   3752          1  112318444  112532147    632      72  397819      0.99303     0.035048   -3.8858e-15      0.99303
_SET3_   4343          1  113217048  113243368     51       9  375550      0.65048      0.11324   -3.8858e-15      0.65048
_SET3_   10717         1  114437370  114447741     15       5  411667      0.15105      0.25327   -3.8858e-15      0.15105
_SET3_   7812          1  115259534  115300671     64       9  404675       3.0263   0.00018039   -3.9968e-15       3.0263
_SET3_   400818        1  144811743  144830407      1       1  118037       1.7648      0.02817   -3.7748e-15       1.7648
_SET3_   9659          1  144851424  145076186     37      15  179635     -0.41727      0.53585   -3.8858e-15     -0.41727
_SET3_   10623         1  145592605  145610972     19       4  223008      0.36838       0.2641   -3.8858e-15      0.36838
_SET3_   51463         1  147400506  147465753      9       2  378981      0.81496      0.12239   -3.8858e-15      0.81496
_SET3_   80222         1  150459840  150480085     55       8  398353       3.4723    2.722e-05   -3.9968e-15       3.4723
_SET3_   4170          1  150547027  150552214      9       5  361560        1.978    0.0074221   -3.7748e-15        1.978
_SET3_   2029          1  150594599  150602098     11       5  389470       2.0066    0.0058556   -3.9968e-15       2.0066
_SET3_   10962         1  151032151  151040973     12       4  408454      0.76187      0.11296   -3.8858e-15      0.76187
_SET3_   10500         1  151104161  151119146     38       8  392173       1.1031     0.053712   -3.7748e-15       1.1031
_SET3_   6944          1  151148776  151162689      7       4  404751     0.032273      0.30807   -3.8788e-15     0.032273
_SET3_   5298          1  151264273  151300191     33       7  393028      0.33653      0.19068   -3.8858e-15      0.33653
_SET3_   23126         1  151375200  151445753     90       6  385133       1.9559    0.0074093   -3.7748e-15       1.9559
_SET3_   81609         1  151584454  151671559    100      13  381032      0.47542      0.14145   -3.8858e-15      0.47542
_SET3_   65123         1  153700526  153746555     75      13  383752     -0.97487      0.65965   -3.8858e-15     -0.97487
_SET3_   25912         1  154179183  154193273     18       5  408512       1.8158    0.0097089   -3.7748e-15       1.8158
_SET3_   9898          1  154192427  154243986     78      11  366421       2.6785   0.00052786   -3.9968e-15       2.6785
_SET3_   1141          1  154540257  154552354     20       8  375656      0.49226      0.16274   -3.8858e-15      0.49226
_SET3_   103           1  154554533  154600456     84       8  399230    -0.086292      0.31206   -3.8858e-15    -0.086292
_SET3_   80128         1  155145702  155157447     15       6  387322       1.7695     0.011077   -3.7748e-15       1.7695
_SET3_   4582          1  155158300  155162768      4       2  390605      0.35031       0.2231   -3.8858e-15      0.35031
_SET3_   10712         1  155216996  155225274     19       2  374525     -0.42519      0.50253   -3.8858e-15     -0.42519
_SET3_   55870         1  155305052  155532324    169      21  377327      0.71131     0.092025   -3.8858e-15      0.71131
_SET3_   54856         1  155719450  155829185    145      11  399445     -0.29864      0.40282   -3.8858e-15     -0.29864
_SET3_   6016          1  155867599  155881193     21       4  388040      -1.8137       0.9067   -3.7748e-15      -1.8137
_SET3_   9181          1  155916431  155953396     44       6  404021      -1.0716        0.722   -3.7748e-15      -1.0716
_SET3_   7203          1  156278752  156308206     67       6  391686      -1.4714      0.82548   -3.7748e-15      -1.4714
_SET3_   54865         1  156564100  156571288     40       4  386236      -1.1561      0.78277   -3.7748e-15      -1.1561
_SET3_   3068          1  156711899  156722240     17       6  383837     -0.10939        0.338   -3.8858e-15     -0.10939
_SET3_   5546          1  156737274  156770609     84      12  406255     -0.41106      0.43336   -3.8858e-15     -0.41106
_SET3_   4914          1  156785542  156851642    154      28  395529      -1.8497       0.8916   -3.7748e-15      -1.8497
_SET3_   2532          1  159173803  159176290      9       4  360083      -1.4072      0.81648   -3.7748e-15      -1.4072
_SET3_   3766          1  160007257  160040051     60      13  402129       1.3117     0.028149   -3.7748e-15       1.3117
_SET3_   93185         1  160061129  160068650     12       3  413362       1.6956      0.01561   -3.7748e-15       1.6956
_SET3_   8682          1  160175125  160185162     12       7  374804       0.1396      0.28348   -3.8858e-15       0.1396
_SET3_   5824          1  160246599  160254941      7       3  410069     0.074417      0.29904   -3.8858e-15     0.074417
_SET3_   1314          1  160258377  160313354     84      14  390032     -0.13138      0.32083   -3.8858e-15     -0.13138
_SET3_   27005         1  161129248  161135516      4       2  412317      0.44826      0.21711   -3.8858e-15      0.44826
_SET3_   8703          1  161141100  161147758      7       3  411329      0.99845     0.071836   -3.8858e-15      0.99845
_SET3_   84134         1  161195729  161200536      5       3  357188       2.1872    0.0037112   -3.9968e-15       2.1872
_SET3_   9970          1  161199456  161208432     26       8  390759       2.5724     0.000878   -3.9968e-15       2.5724
_SET3_   654790        1  161228517  161255240     91      15  394143      0.70437     0.095498   -3.8858e-15      0.70437
_SET3_   149297        1  166026663  166135992    295      20  343123      -1.4997       0.8009   -3.7748e-15      -1.4997
_SET3_   5451          1  167190066  167396582    355      21  386957      -2.2058      0.93634   -3.9968e-15      -2.2058
_SET3_   57821         1  169364108  169429907    194      21  395578      0.34843      0.15788   -3.8858e-15      0.34843
_SET3_   22920         1  169890461  170043882    403      12  400849       1.1996     0.030675   -3.7748e-15       1.1996
_SET3_   26052         1  171810618  172387606   1278      61  398782       1.1833    0.0095968   -3.7748e-15       1.1833
_SET3_   51430         1  172501494  172580973    108      15  393606      -1.9003      0.90247   -3.7748e-15      -1.9003
_SET3_   9910          1  174128552  174964445   1609      21  400738       2.5997   4.7506e-05   -3.9968e-15       2.5997
_SET3_   9293          1  174417212  174418683      2       1  404109       1.9424     0.018699   -3.7748e-15       1.9424
_SET3_   9462          1  178062864  178448649    574      23  396512    -0.045195      0.23819   -3.8788e-15    -0.045195
_SET3_   55103         1  178694300  178890975    371      20  382762     0.063945      0.22435   -3.8858e-15     0.063945
_SET3_   27            1  179068462  179198819    279      18  397190    -0.063985      0.26786   -3.8858e-15    -0.063985
_SET3_   163590        1  179809102  179847867     67      10  401812      0.49347      0.14743   -3.8858e-15      0.49347
_SET3_   9857          1  179923908  180084015    372      18  402048     -0.67811      0.49846   -3.8858e-15     -0.67811
_SET3_   777           1  181452447  181775920    763      58  397498      0.51729     0.078558   -3.8858e-15      0.51729
_SET3_   2752          1  182350839  182361341     31       6  374711       1.4321     0.024002   -3.7748e-15       1.4321
_SET3_   85397         1  182613036  182653502    102      13  376730      0.64048      0.12269   -3.8858e-15      0.64048
_SET3_   10092         1  183595328  183605076     43       2  399681     -0.14359      0.42567   -3.8858e-15     -0.14359
_SET3_   23179         1  183605208  183897666    821      51  399716     -0.26962      0.24859   -3.8858e-15     -0.26962
_SET3_   51022         1  193065595  193075659     16       5  374563      0.46496      0.16918   -3.8858e-15      0.46496
_SET3_   23528         1  200374075  200379186      2       1  413017       -0.454      0.54535   -3.8858e-15       -0.454
_SET3_   23271         1  200708686  200829832    225      22  405202       2.0521    0.0036027   -3.9968e-15       2.0521
_SET3_   23046         1  200938514  200992828    126      13  403021       1.8083    0.0079313   -3.7748e-15       1.8083
_SET3_   5778          1  202116141  202130716     42      15  382086    -0.019026      0.28644   -3.8823e-15    -0.019026
_SET3_   29089         1  202300785  202311094     11       3  412120     -0.98862      0.68903   -3.8858e-15     -0.98862
_SET3_   5877          1  202847410  202858385     27       6  405690      -1.4092      0.81529   -3.7748e-15      -1.4092
_SET3_   8497          1  202995649  203047864    167      24  402895      0.10671       0.2202   -3.8858e-15      0.10671
_SET3_   493           1  203595915  203713209    275      37  389138      -2.4226      0.95895   -3.9968e-15      -2.4226
_SET3_   22874         1  204187979  204329057    453      32  399000      0.50966     0.095666   -3.8858e-15      0.50966
_SET3_   148808        1  205538112  205572046    120      20  399109      0.13857      0.22173   -3.8858e-15      0.13857
_SET3_   83593         1  206680866  206762616    186      27  398540      0.44274      0.13119   -3.8858e-15      0.44274
_SET3_   5208          1  207207761  207254368     58       8  404847       1.2315     0.035966   -3.7748e-15       1.2315
_SET3_   55432         1  207217194  207226325     14       4  398469        1.368     0.030556   -3.7748e-15        1.368
_SET3_   1604          1  207494817  207534311     78       8  404693    -0.020271      0.29933   -3.8823e-15    -0.020271
_SET3_   3756          1  210851657  211307457   1350      83  393521     -0.74573      0.34313   -3.8858e-15     -0.74573
_SET3_   55758         1  211432708  211489727    173      23  349139      0.16085      0.23092   -3.8858e-15      0.16085
_SET3_   55248         1  212537816  212588267    113      19  383323       -0.518      0.46309   -3.8858e-15       -0.518
_SET3_   79805         1  213123887  213164986    116      19  394705      0.43311      0.15232   -3.8858e-15      0.43311
_SET3_   90806         1  213165524  213189168     32       7  402216       0.6424      0.12521   -3.8858e-15       0.6424
_SET3_   3776          1  215178885  215410436    592      27  396077      0.63306     0.068453   -3.8858e-15      0.63306
_SET3_   2058          1  220141940  220220000    266      10  404540      0.16853      0.20934   -3.8858e-15      0.16853
_SET3_   25782         1  220321610  220445843    223      20  393484       2.0183    0.0042651   -3.9968e-15       2.0183
_SET3_   79762         1  220863628  220872499     34       7  408642     -0.51683      0.52452   -3.8858e-15     -0.51683
_SET3_   148362        1  222885906  222908529     33       9  383779        1.789     0.011062   -3.7748e-15        1.789
_SET3_   55061         1  223394161  223537564    303      20  393859    0.0020257      0.23709   -3.8819e-15    0.0020257
_SET3_   7159          1  223967595  224033674    128      13  399079     -0.55293      0.49573   -3.8858e-15     -0.55293
_SET3_   4931          1  224415036  224517891    194      18  392425     -0.28909      0.39736   -3.8858e-15     -0.28909
_SET3_   149111        1  224734563  224928269    538      27  395860       -1.688      0.80921   -3.7748e-15       -1.688
_SET3_   6726          1  225965515  225978168     35       8  405366       1.4717     0.021612   -3.7748e-15       1.4717
_SET3_   3707          1  226819391  226927028    184      28  387527       1.3739     0.021099   -3.7748e-15       1.3739
_SET3_   51127         1  228594858  228604583     14       3  285544     -0.76629      0.69686   -3.8858e-15     -0.76629
_SET3_   79605         1  230457392  230561674    370      34  394465       0.4692        0.114   -3.8858e-15       0.4692
_SET3_   80003         1  233119855  233431459   1060      60  392990     -0.80212      0.41298   -3.8858e-15     -0.80212
_SET3_   359948        1  234740015  234745271     10       4  398109       1.4008     0.028986   -3.7748e-15       1.4008
_SET3_   23029         1  235294498  235324571     61       9  396149       2.2543     0.002716   -3.9968e-15       2.2543
_SET3_   51742         1  235330210  235491532    340      11  397621      0.82513     0.064852   -3.8858e-15      0.82513
_SET3_   9453          1  235491753  235507847     34       6  397212       1.1929     0.041931   -3.7748e-15       1.1929
_SET3_   1130          1  235824331  236047008    277      15  396044      0.16249      0.19737   -3.8858e-15      0.16249
_SET3_   4811          1  236139130  236228481    253      26  381478     -0.93195      0.58871   -3.8858e-15     -0.93195
_SET3_   56605         1  236378422  236445339    346      13  405955     -0.82439      0.55834   -3.8858e-15     -0.82439
_SET3_   6262          1  237205510  237997288   2621     203  393266     0.057603     0.056073   -3.8788e-15     0.057603
_SET3_   1131          1  239549876  240078750   1277      91  396642      -1.2751      0.56769   -3.7748e-15      -1.2751
_SET3_   64388         1  240652873  240775462    348      65  398903     -0.52343      0.42462   -3.8858e-15     -0.52343
_SET3_   6000          1  240938817  241520505   1816     150  398891       2.7075   3.1172e-05   -3.9968e-15       2.7075
_SET3_   9859          1  243287730  243419284    149      14  355916       1.3604     0.023574   -3.7748e-15       1.3604
_SET3_   10000         1  243651535  244014381    485      23  394355    0.0030553      0.22124   -3.8819e-15    0.0030553
_SET3_   3192          1  245013602  245027827     18       6  358558     -0.18259       0.3869   -3.8858e-15     -0.18259
_SET3_   84288         1  245133171  245288530    419      18  399664     -0.68362      0.47068   -3.8858e-15     -0.68362
_SET3_   64216         1  246703863  246729565    145      16  392659       1.8021    0.0072537   -3.7748e-15       1.8021
_SET3_   51097         1  246887378  246931439    122      15  400298     -0.71679      0.54592   -3.8858e-15     -0.71679
_SET3_   55657         1  249144203  249153315     10       2  355566       1.6835     0.024726   -3.7748e-15       1.6835
_SET3_   23040         2    1792885    2335147   1529      88  389409      0.24053     0.073915   -3.8858e-15      0.24053
_SET3_   129607        2    6980684    7006766     24      10  398594     -0.20983      0.38682   -3.8858e-15     -0.20983
_SET3_   57498         2    8865295    8977755    193      22  373169       1.2639     0.027986   -3.7748e-15       1.2639
_SET3_   9270          2    9545810    9563698     48       7  391401     -0.12487      0.33619   -3.8858e-15     -0.12487
_SET3_   3754          2   11052063   11054351      4       2  411727      0.31691      0.23158   -3.8858e-15      0.31691
_SET3_   151354        2   14772810   14780170      6       3  400069       1.0206     0.070113   -3.7748e-15       1.0206
_SET3_   4613          2   16080683   16087129      8       4  403301      0.26542      0.23149   -3.8858e-15      0.26542
_SET3_   7447          2   17721807   17837706    384      16  400501      0.68183     0.087585   -3.8858e-15      0.68183
_SET3_   57539         2   20110024   20189884    180      19  396758     -0.90351      0.60638   -3.8858e-15     -0.90351
_SET3_   23369         2   20448453   20550585    196      17  395320      -0.7493      0.54744   -3.8858e-15      -0.7493
_SET3_   50618         2   24425733   24583647    312      17  388188       1.2357     0.031304   -3.7748e-15       1.2357
_SET3_   109           2   25042038   25142602    355      21  401304      -1.2262      0.68838   -3.7748e-15      -1.2262
_SET3_   51277         2   25166505   25194963     49       9  393234     -0.62411      0.53319   -3.8858e-15     -0.62411
_SET3_   1788          2   25451421   25565459    198      38  396169      0.65438     0.090819   -3.8858e-15      0.65438
_SET3_   1838          2   25600067   25896516    409      45  395736      -1.6901      0.82302   -3.7748e-15      -1.6901
_SET3_   3030          2   26413504   26467665    100       4  404765    -0.076335      0.34549   -3.8858e-15    -0.076335
_SET3_   10669         2   27322159   27341995     28       6  406680       1.2519     0.037265   -3.7748e-15       1.2519
_SET3_   790           2   27440258   27466660     67       9  357546       1.1528     0.049402   -3.7748e-15       1.1528
_SET3_   2976          2   27548716   27580243     23       6  404709       1.0374     0.059573   -3.7748e-15       1.0374
_SET3_   29959         2   27651473   27665126     14       3  386321     0.024497      0.30475   -3.8823e-15     0.024497
_SET3_   26160         2   27667240   27712575     61       7  397553       0.6654       0.1129   -3.8858e-15       0.6654
_SET3_   84450         2   27805836   27846082     71       9  360586       3.0087   0.00017324   -3.9968e-15       3.0087
_SET3_   11321         2   27851515   27873713     41       7  383094       1.1548     0.043102   -3.7748e-15       1.1548
_SET3_   151056        2   28718938   28866654    550      64  392028     -0.14194      0.25356   -3.8858e-15     -0.14194
_SET3_   5500          2   28974614   29025806    104      11  399819        1.572     0.014905   -3.7748e-15        1.572
_SET3_   79745         2   29320542   29406679    193      23  401963    -0.053166      0.27121   -3.8788e-15    -0.053166
_SET3_   4052          2   33172221   33624576   1848      78  394266     -0.57073      0.20443   -3.8858e-15     -0.57073
_SET3_   23683         2   37477645   37551915    256      16  400149       2.6441   0.00051762   -3.9968e-15       2.6441
_SET3_   10602         2   37869025   37899678    102      15  398210       0.1943      0.21235   -3.8858e-15       0.1943
_SET3_   64225         2   38522027   38604432    172      16  365366    -0.087748      0.29305   -3.8858e-15    -0.087748
_SET3_   6546          2   40339286   40739575   1465      87  393099      0.96172     0.015548   -3.8858e-15      0.96172
_SET3_   27436         2   42396490   42559688    459      21  399818     -0.49408      0.38777   -3.8858e-15     -0.49408
_SET3_   10128         2   44113363   44223144    289      17  403916     -0.59601      0.46208   -3.8858e-15     -0.59601
_SET3_   9581          2   44544746   44589001    113      12  405692      0.59223       0.1223   -3.8858e-15      0.59223
_SET3_   6496          2   45169037   45173216     15       5  385527      0.16733      0.25391   -3.8858e-15      0.16733
_SET3_   9419          2   46844325   46852881     16       5  396073     -0.37544      0.44725   -3.8858e-15     -0.37544
_SET3_   9655          2   46926099   46989927    231      24  400435       2.2456    0.0018641   -3.9968e-15       2.2456
_SET3_   4436          2   47630206   47739716    318      22  395843       1.5742     0.011725   -3.7748e-15       1.5742
_SET3_   2956          2   48010221   48034092     75      12  384746       1.0946     0.047427   -3.7748e-15       1.0946
_SET3_   80204         2   48034059   48133524    250      19  393355       1.5531     0.014718   -3.7748e-15       1.5531
_SET3_   9378          2   50145643   51259674   3398     121  399165       1.9707   0.00026442   -3.7748e-15       1.9707
_SET3_   51130         2   53897117   54014146    370      26  392851      0.11183      0.20184   -3.8858e-15      0.11183
_SET3_   10936         2   54080050   54087170     16       6  398076       1.2479     0.041644   -3.7748e-15       1.2479
_SET3_   400954        2   54952149   55199157    785      57  398598       1.4219    0.0096151   -3.7748e-15       1.4219
_SET3_   55704         2   55514978   55647057    399      20  381057     -0.31399      0.34097   -3.8858e-15     -0.31399
_SET3_   57223         2   55774428   55844860    208      23  400369      -1.8639      0.88763   -3.7748e-15      -1.8639
_SET3_   2202          2   56093097   56151298    179      24  345052      -0.8584      0.59565   -3.8858e-15      -0.8584
_SET3_   114800        2   56411258   56613309    615      52  400475      -1.0992      0.60646   -3.7748e-15      -1.0992
_SET3_   55120         2   58386378   58468515    175      23  399208       1.7762    0.0086041   -3.7748e-15       1.7762
_SET3_   53335         2   60678302   60780633    160      32  390141       2.1127    0.0027491   -3.9968e-15       2.1127
_SET3_   23301         2   62900986   63273622    390      32  390823      0.72409     0.072265   -3.8858e-15      0.72409
_SET3_   51057         2   63348518   63815867    899      27  397590       1.3564    0.0092808   -3.7748e-15       1.3564
_SET3_   7360          2   64068084   64118696    112      20  385007      0.98791     0.057445   -3.8858e-15      0.98791
_SET3_   23177         2   65283495   65314142     87      14  387984        1.596     0.014943   -3.7748e-15        1.596
_SET3_   10438         2   68269332   68290159     31       7  374328     0.010281      0.30891   -3.8823e-15     0.010281
_SET3_   5534          2   68405979   68483392    140      10  391472       1.3644     0.024027   -3.7748e-15       1.3644
_SET3_   307           2   69947946   70053596    246      19  402108      0.52708      0.11279   -3.8858e-15      0.52708
_SET3_   7072          2   70436576   70475886     70       6  398055      0.67485      0.12372   -3.8858e-15      0.67485
_SET3_   27332         2   71503729   71662191    459      25  401997      -1.0581      0.61969   -3.7748e-15      -1.0581
_SET3_   8291          2   71680347   71913895    808      83  392407     -0.42803      0.32577   -3.8858e-15     -0.42803
_SET3_   10574         2   73461364   73480150     48       9  388858       1.9883    0.0060048   -3.7748e-15       1.9883
_SET3_   7840          2   73612886   73837047    368      12  394662        3.342   2.8607e-05   -3.9968e-15        3.342
_SET3_   10617         2   74056043   74100783    110      17  393794       1.2879     0.034665   -3.7748e-15       1.2879
_SET3_   1639          2   74588281   74619214     35       7  390747       0.9679     0.083003   -3.8858e-15       0.9679
_SET3_   1496          2   79740060   80875993   3202     225  396368      -1.5573      0.51451   -3.7748e-15      -1.5573
_SET3_   347730        2   80515481   80531718     27       7  396062      0.93015     0.069209   -3.8858e-15      0.93015
_SET3_   8869          2   86066271   86116157    147      14  402867     -0.74371      0.54755   -3.8858e-15     -0.74371
_SET3_   55037         2   86333305   86369280     87      10  398353       1.0039     0.061634   -3.7748e-15       1.0039
_SET3_   55818         2   86668271   86719839    106      15  399172       0.8809     0.074582   -3.8858e-15       0.8809
_SET3_   51652         2   86730553   86790620    149      19  403686       1.0204     0.050344   -3.7748e-15       1.0204
_SET3_   51315         2   88326724   88355315     45       7  388695      -1.5154      0.84889   -3.7748e-15      -1.5154
_SET3_   9451          2   88856259   88927094     78      14  390771     -0.64431      0.52363   -3.8858e-15     -0.64431
_SET3_   64969         2   95752952   95787754     20      11  364542   -0.0011022      0.31028   -3.8821e-15   -0.0011022
_SET3_   400986        2   96516914   96658068     87      14  389910       2.7269   0.00045958   -3.9968e-15       2.7269
_SET3_   55683         2   97258892   97304116     35      10  389467       3.1745   0.00010035   -3.9968e-15       3.1745
_SET3_   81562         2   97371666   97405813     39       6  398330       3.9818   3.7388e-06   -3.9968e-15       3.9818
_SET3_   343990        2   99410309   99552684    356      21  386330       2.2916    0.0013304   -3.9968e-15       2.2916
_SET3_   51455         2  100016938  100106480    195      15  398257       2.7972   0.00028358   -3.9968e-15       2.7972
_SET3_   3899          2  100162326  100759037   1154      53  400585    0.0081466      0.13566   -3.8823e-15    0.0081466
_SET3_   4862          2  101436613  101613289    509      55  392848       -2.393      0.94533   -3.9968e-15       -2.393
_SET3_   11138         2  101623690  101767858    362      25  402560      -1.7105      0.83528   -3.7748e-15      -1.7105
_SET3_   130827        2  103378490  103450948    145      13  399893      0.88876     0.064476   -3.8858e-15      0.88876
_SET3_   80146         2  106709759  106810795    234      29  391229     -0.24011      0.34017   -3.8858e-15     -0.24011
_SET3_   60482         2  108602979  108630663     71      21  398970      0.30662      0.18238   -3.8858e-15      0.30662
_SET3_   10461         2  112656056  112797293    469      20  398391      0.13812      0.17844   -3.8858e-15      0.13812
_SET3_   84910         2  112812800  112876895    166      24  392287        1.694    0.0098459   -3.7748e-15        1.694
_SET3_   150465        2  113239743  113290223     84      10  393654        0.625      0.11635   -3.8858e-15        0.625
_SET3_   84172         2  113298676  113334727     95      11  402336       1.3922     0.023788   -3.7748e-15       1.3922
_SET3_   150472        2  114195268  114253781      7       2  382612      -1.7083      0.90091   -3.7748e-15      -1.7083
_SET3_   10096         2  114647511  114719131    225      17  387162      0.71197     0.096991   -3.8858e-15      0.71197
_SET3_   57628         2  115199899  116603328   3318     124  394809      -1.8216      0.63654   -3.7748e-15      -1.8216
_SET3_   57669         2  120770604  120936697    279      11  400896    -0.017796      0.27171   -3.8823e-15    -0.017796
_SET3_   23332         2  122095352  122407052    683      14  400638       1.3855     0.017473   -3.7748e-15       1.3855
_SET3_   7247          2  122513121  122525429      6       3  351415      0.94176     0.085208   -3.8858e-15      0.94176
_SET3_   55627         2  130908965  130940323     40       3  385521     -0.87276      0.65425   -3.8858e-15     -0.87276
_SET3_   84317         2  131095814  131100383      4       2  399736      -1.3234      0.82143   -3.7748e-15      -1.3234
_SET3_   26469         2  131113580  131132982     24       3  388875      0.75335      0.11913   -3.8858e-15      0.75335
_SET3_   50649         2  131594489  131804826    515      40  383493      0.19998      0.16651   -3.8858e-15      0.19998
_SET3_   29798         2  132479973  132524977    106      10  399895     -0.13408      0.32276   -3.8858e-15     -0.13408
_SET3_   905           2  135676363  135716915     72       7  404675       1.6527     0.013776   -3.7748e-15       1.6527
_SET3_   22930         2  135809835  135928280    156      12  346223      0.70301      0.10786   -3.8858e-15      0.70301
_SET3_   23518         2  136289036  136482839    238      19  334414      0.80819     0.076722   -3.8858e-15      0.80819
_SET3_   1615          2  136664252  136743254     67       4  392203     -0.10258      0.35027   -3.8858e-15     -0.10258
_SET3_   9839          2  145141942  145277958    183      35  400457     -0.90798      0.60749   -3.8858e-15     -0.90798
_SET3_   55777         2  148778580  149271046    940      46  389845      -1.7953      0.78254   -3.7748e-15      -1.7953
_SET3_   26122         2  149402560  149545136    302      13  400686      -1.2578      0.74459   -3.7748e-15      -1.2578
_SET3_   390           2  151324707  151344209     29       8  393709       0.1082      0.25986   -3.8858e-15       0.1082
_SET3_   4703          2  152341853  152591001    386      33  396243     0.068577      0.20938   -3.8858e-15     0.068577
_SET3_   785           2  152689285  152955593    623      30  395989      0.64578     0.068724   -3.8858e-15      0.64578
_SET3_   3760          2  155555093  155714864    457      53  398568       2.1841    0.0015334   -3.9968e-15       2.1841
_SET3_   2820          2  157291965  157442915    282      17  338367      0.50834      0.12167   -3.8858e-15      0.50834
_SET3_   130399        2  158383279  158485399    134      23  395472      -2.0232       0.9218   -3.9968e-15      -2.0232
_SET3_   90            2  158592958  158732374    184      32  387474       1.5596     0.014895   -3.7748e-15       1.5596
_SET3_   130940        2  159027869  159313297   1096      45  387951       1.2861    0.0093206   -3.7748e-15       1.2861
_SET3_   8502          2  159313476  159537941    639      24  385364      0.95734     0.034438   -3.8858e-15      0.95734
_SET3_   151525        2  160092304  160143304    211      14  401195      -0.8246      0.56734   -3.8858e-15      -0.8246
_SET3_   29994         2  160175490  160473059    839      49  390089      -2.3423      0.91626   -3.9968e-15      -2.3423
_SET3_   5937          2  161128662  161350366    470      34  382910      0.16839      0.16994   -3.8858e-15      0.16839
_SET3_   57282         2  162480699  162841786    785      23  383927        2.422   0.00046673   -3.9968e-15        2.422
_SET3_   25801         2  163200583  163236525     26      13  347332     -0.54347      0.51837   -3.8858e-15     -0.54347
_SET3_   6328          2  165944030  166060577    255      19  396906       1.9174     0.004991   -3.7748e-15       1.9174
_SET3_   79809         2  166729872  166810348    139      15  398037      -1.3958      0.77764   -3.7748e-15      -1.3958
_SET3_   6323          2  166845670  167005642    469      25  403773      0.27728      0.14282   -3.8858e-15      0.27728
_SET3_   6335          2  167051695  167232497    532      41  393044        1.375     0.014053   -3.7748e-15        1.375
_SET3_   8708          2  168346692  168727366    980      85  384399     -0.50121      0.32403   -3.8858e-15     -0.50121
_SET3_   27347         2  168810530  169104105    933      43  397753      0.90407     0.027628   -3.8858e-15      0.90407
_SET3_   29081         2  170668267  170681439     43      10  410428       1.2487     0.038722   -3.7748e-15       1.2487
_SET3_   1781          2  172543919  172606668    112      16  385327      0.72931     0.092649   -3.8858e-15      0.72931
_SET3_   8604          2  172639915  172750816    237      25  397291      0.41177      0.14355   -3.8858e-15      0.41177
_SET3_   29789         2  174937175  175113365    489      20  398225       3.0624   5.8818e-05   -3.9968e-15       3.0624
_SET3_   100131390     2  175199769  175205859     19       7  393967       2.3687    0.0018813   -3.9968e-15       2.3687
_SET3_   1123          2  175664042  175870671    267      14  389918     -0.68692      0.50573   -3.8858e-15     -0.68692
_SET3_   80856         2  176790410  176867018    170      23  400906       0.8989     0.064493   -3.8858e-15       0.8989
_SET3_   10651         2  177134123  177202753    121      14  387727     -0.70354       0.5436   -3.8858e-15     -0.70354
_SET3_   4780          2  178095031  178129859     48      10  401103      0.16789      0.22977   -3.8858e-15      0.16789
_SET3_   65977         2  179345199  179369783     49       9  389665      -1.6669      0.87868   -3.7748e-15      -1.6669
_SET3_   151126        2  180306709  180726232   1504     101  401941     -0.83683      0.36242   -3.8858e-15     -0.83683
_SET3_   10477         2  181845112  181928154    292      13  402660       4.3343   2.8408e-07   -3.5527e-15       4.3343
_SET3_   6744          2  182756472  182795465     60       7  388616      0.45691      0.20832   -3.8858e-15      0.45691
_SET3_   10787         2  183789579  183903586    267      19  368961       2.2333     0.002307   -3.9968e-15       2.2333
_SET3_   91752         2  185463093  185804214    691      26  401937       2.4342   0.00047905   -3.9968e-15       2.4342
_SET3_   3685          2  187454058  187545629    130      18  396440        0.593      0.11035   -3.8858e-15        0.593
_SET3_   51454         2  189156396  189460653    613      26  391813      0.68344     0.066723   -3.8858e-15      0.68344
_SET3_   5378          2  190648710  190742355    183      20  398914     -0.23998      0.37414   -3.8858e-15     -0.23998
_SET3_   54842         2  191273081  191367041    210      19  404476     -0.55475      0.45617   -3.8858e-15     -0.55475
_SET3_   2744          2  191745547  191830278    111      14  403896      0.89545     0.068325   -3.8858e-15      0.89545
_SET3_   6772          2  191833762  191878976     98      18  397598      0.88591     0.069934   -3.8858e-15      0.88591
_SET3_   6775          2  191894302  192037404    279      30  403612      0.48854      0.11685   -3.8858e-15      0.48854
_SET3_   9330          2  197627756  197664492     35      12  371759      0.64882      0.12418   -3.8858e-15      0.64882
_SET3_   80055         2  197697728  197791454    150       9  402188      0.75449      0.10451   -3.8858e-15      0.75449
_SET3_   23314         2  200134223  200335989    244      21  395231       1.5006     0.016061   -3.7748e-15       1.5006
_SET3_   26010         2  201170604  201346986    391      40  402988       3.1657   4.4749e-05   -3.9968e-15       3.1657
_SET3_   4999          2  201774894  201828424     66      10  393024     0.043622      0.29007   -3.8788e-15     0.043622
_SET3_   285172        2  201838441  201936392    152      13  392630     -0.20665      0.37606   -3.8858e-15     -0.20665
_SET3_   8837          2  201980877  202037411    125      14  384198     0.054442      0.25706   -3.8788e-15     0.054442
_SET3_   65062         2  202484907  202508252     35      10  377377      0.15117      0.23412   -3.8858e-15      0.15117
_SET3_   57679         2  202564986  202645895    242      22  394958      -0.6927      0.51488   -3.8858e-15      -0.6927
_SET3_   79800         2  203776978  203851060    137      10  387284       1.8176    0.0092156   -3.7748e-15       1.8176
_SET3_   10152         2  204192597  204296892    142      21  358688      0.61512      0.11282   -3.8858e-15      0.61512
_SET3_   65059         2  204298538  204400058    121      13  382913      0.49131      0.14288   -3.8858e-15      0.49131
_SET3_   4719          2  206987803  207024243     93       9  402120      0.94683     0.062793   -3.8858e-15      0.94683
_SET3_   8609          2  207938861  208031970    281      36  400755     -0.87925      0.56878   -3.8858e-15     -0.87925
_SET3_   1385          2  208394616  208470284    111      13  384020        2.969   0.00020649   -3.9968e-15        2.969
_SET3_   4133          2  210288733  210598842    713      31  379899      0.99074     0.033399   -3.8858e-15      0.99074
_SET3_   285175        2  210636717  210864024    432      25  384684     -0.22623      0.30649   -3.8858e-15     -0.22623
_SET3_   10314         2  211295973  211342347    104       9  404711      0.85329     0.073841   -3.8858e-15      0.85329
_SET3_   2066          2  212240442  213403879   4041     185  394378     -0.11466     0.084146   -3.8858e-15     -0.11466
_SET3_   2335          2  216225177  216300890    220      22  398718       1.0934     0.037674   -3.7748e-15       1.0934
_SET3_   57574         2  217122585  217236750    278      28  394305        -1.28      0.71497   -3.7748e-15        -1.28
_SET3_   7145          2  218664512  218808796    425      61  390638      0.11088       0.1927   -3.8858e-15      0.11088
_SET3_   10109         2  219081817  219119071     69       9  397743       -1.105      0.70355   -3.7748e-15       -1.105
_SET3_   57695         2  219314974  219433084    203      12  393387     -0.46702      0.43396   -3.8858e-15     -0.46702
_SET3_   8941          2  219824350  219826877      6       2  401773      0.79334      0.16098   -3.8858e-15      0.79334
_SET3_   79137         2  220042939  220050197     18       3  410282     -0.16282      0.38206   -3.8858e-15     -0.16282
_SET3_   3300          2  220144040  220151622     17       4  402276      -1.0911      0.74271   -3.7748e-15      -1.0911
_SET3_   5798          2  220154345  220174295     46       9  395580   -0.0058425      0.31439   -3.8823e-15   -0.0058425
_SET3_   114790        2  220462593  220481173     20       8  398715      -1.4958       0.8516   -3.7748e-15      -1.4958
_SET3_   2043          2  222282747  222437010    374      33  400732      0.26701      0.15159   -3.8858e-15      0.26701
_SET3_   130367        2  223288771  223427342    355      50  385454      0.99009     0.043109   -3.8858e-15      0.99009
_SET3_   2181          2  223725732  223808119    216      18  402467     -0.78962      0.55676   -3.8858e-15     -0.78962
_SET3_   130340        2  224616403  224702319    331      26  401996     -0.57157      0.43383   -3.8858e-15     -0.57157
_SET3_   65080         2  224822121  224832431     18       3  412405      -1.7816      0.90301   -3.7748e-15      -1.7816
_SET3_   55619         2  225629807  225907330    712      52  395208      0.58695     0.069592   -3.8858e-15      0.58695
_SET3_   1285          2  228029281  228179508    738      64  404770      -1.6751      0.78903   -3.7748e-15      -1.6751
_SET3_   9320          2  230631098  230786763    184      22  379272      -2.1337      0.92982   -3.9968e-15      -2.1337
_SET3_   81618         2  231729546  231743963     59      12  396175     -0.78575      0.57392   -3.8858e-15     -0.78575
_SET3_   4691          2  232319459  232329208     21       6  411289      0.44078      0.16447   -3.8858e-15      0.44078
_SET3_   25791         2  233743396  233877951    482      45  403476       2.0792    0.0019783   -3.9968e-15       2.0792
_SET3_   55054         2  234160217  234204320    105      10  408691     -0.49635      0.46458   -3.8858e-15     -0.49635
_SET3_   6295          2  234216309  234255701    131      17  405259     -0.16479      0.32723   -3.8858e-15     -0.16479
_SET3_   401036        2  237103515  237172988    266      15  396784     -0.89134      0.60002   -3.8858e-15     -0.89134
_SET3_   79781         2  237232790  237416178    353      21  389644     -0.83276      0.54806   -3.8858e-15     -0.83276
_SET3_   10920         2  237993870  238007489     22       6  325291     -0.15994      0.40774   -3.8858e-15     -0.15994
_SET3_   9208          2  238536224  238690290    600      38  401368       0.2211       0.1475   -3.8858e-15       0.2211
_SET3_   8864          2  239152679  239198678    121      18  375584     -0.57877      0.49976   -3.8858e-15     -0.57877
_SET3_   26146         2  239229185  239309541    218      19  403213     0.076368      0.23943   -3.8858e-15     0.076368
_SET3_   2817          2  241375115  241407495    151      32  392463      0.52233      0.12047   -3.8858e-15      0.52233
_SET3_   547           2  241653181  241759725    309      38  392076       2.7441   0.00027215   -3.9968e-15       2.7441
_SET3_   23178         2  242045514  242089394    186      20  399243      0.12356      0.22347   -3.8858e-15      0.12356
_SET3_   9855          2  242295664  242434256    327      22  395860      -2.0162      0.90515   -3.9968e-15      -2.0162
_SET3_   10494         2  242434122  242449145     44      10  393205      -2.1523      0.94212   -3.9968e-15      -2.1523
_SET3_   10752         3     238279     451100    848      62  393610      -1.6087      0.74785   -3.7748e-15      -1.6087
_SET3_   152330        3    2140550    3099645   3998     301  398613      0.50228     0.019739   -3.8858e-15      0.50228
_SET3_   3708          3    4535032    4889524   1201     136  394822      -1.4152      0.66777   -3.7748e-15      -1.4152
_SET3_   2917          3    6902802    7783218   2811     174  397336      -1.7989      0.61281   -3.7748e-15      -1.7989
_SET3_   9901          3    9022275    9291369    805      89  397113      0.61989     0.064995   -3.8858e-15      0.61989
_SET3_   25917         3    9404660    9428475     58      10  393466       1.4738      0.02166   -3.7748e-15       1.4738
_SET3_   55209         3    9439384    9519838    142      14  388797    -0.088892      0.33841   -3.8858e-15    -0.088892
_SET3_   64419         3    9691117    9744078     76      13  381289       2.0295    0.0056704   -3.9968e-15       2.0295
_SET3_   8536          3    9799029    9811676     20       7  359500      0.72341      0.10879   -3.8858e-15      0.72341
_SET3_   10093         3    9834082    9848789     28       8  387552     -0.15657      0.35226   -3.8858e-15     -0.15657
_SET3_   78987         3    9975478    9987097     18       6  354897      -1.3121      0.79564   -3.7748e-15      -1.3121
_SET3_   2177          3   10068113   10143614    182       7  398959     -0.68153      0.56509   -3.8858e-15     -0.68153
_SET3_   55845         3   10157333   10168874     47       4  397753     -0.44409      0.51274   -3.8858e-15     -0.44409
_SET3_   7428          3   10183319   10195354     44       8  397187     -0.91178       0.6502   -3.8858e-15     -0.91178
_SET3_   491           3   10365707   10733131   1342     110  391632       2.2973    0.0003542   -3.9968e-15       2.2973
_SET3_   6529          3   11034420   11080935    157      37  396381       3.1529   7.0588e-05   -3.9968e-15       3.1529
_SET3_   10533         3   11314010   11599139    589      20  393241      0.42041      0.10726   -3.8858e-15      0.42041
_SET3_   9686          3   11597543   11762220    561      42  399082       1.9248    0.0030035   -3.7748e-15       1.9248
_SET3_   6854          3   12182150   12233532    117      16  398876       2.6833   0.00062522   -3.9968e-15       2.6833
_SET3_   80746         3   12517748   12580672    237      15  385680      0.75001     0.082424   -3.8858e-15      0.75001
_SET3_   23225         3   13357730   13461819    322      16  362429      0.11764       0.2058   -3.8858e-15      0.11764
_SET3_   27258         3   14220228   14239869     27       5  399365      0.64108      0.11997   -3.8858e-15      0.64108
_SET3_   6533          3   14444076   14530857    230      42  391768      0.17163      0.19346   -3.8858e-15      0.17163
_SET3_   80852         3   14530396   14583588    200      23  400955      0.94312     0.052923   -3.8858e-15      0.94312
_SET3_   7182          3   14989091   15090780    180      22  398760      -0.8558      0.60027   -3.8858e-15      -0.8558
_SET3_   64432         3   15083758   15106839     37       9  394807      -1.6342      0.87108   -3.7748e-15      -1.6342
_SET3_   64145         3   15111580   15140662     58       4  399503      0.17377      0.28601   -3.8858e-15      0.17377
_SET3_   9467          3   15295860   15382901    246      43  374591     -0.48782      0.41928   -3.8858e-15     -0.48782
_SET3_   8292          3   15491640   15563277    220      23  402708      -1.9644      0.90123   -3.7748e-15      -1.9644
_SET3_   23243         3   15708743   15901053    352      13  397828      -1.9286      0.89069   -3.7748e-15      -1.9286
_SET3_   9779          3   17198654   17784240   1276      15  390842       0.5109      0.05008   -3.8858e-15       0.5109
_SET3_   6304          3   18389133   18480265    177      25  393563      0.32118      0.16183   -3.8858e-15      0.32118
_SET3_   28512         3   23933552   23958537     47       9  397103     -0.57022       0.5101   -3.8858e-15     -0.57022
_SET3_   6138          3   23958295   23965187     12       5  391069      0.20575      0.23724   -3.8858e-15      0.20575
_SET3_   7068          3   24158644   24536772   1081     110  393388       1.5634    0.0056747   -3.7748e-15       1.5634
_SET3_   152110        3   27257097   27410912    485      22  383862      0.45684      0.10672   -3.8858e-15      0.45684
_SET3_   64343         3   28363844   28390915     27       6  398644     -0.34652      0.42906   -3.8858e-15     -0.34652
_SET3_   7048          3   30647994   30735634    288      37  393809      -1.4158      0.75744   -3.7748e-15      -1.4158
_SET3_   114884        3   31702317   32023342   1029     102  397851     -0.23662      0.23347   -3.8858e-15     -0.23662
_SET3_   131405        3   32859510   32933771    161      27  313804     -0.67594      0.53412   -3.8858e-15     -0.67594
_SET3_   10491         3   33155450   33189265     69      11  410933      -1.4458      0.81319   -3.7748e-15      -1.4458
_SET3_   25827         3   33318934   33445505    244      21  383537    -0.067611       0.2859   -3.8858e-15    -0.067611
_SET3_   23122         3   33537737   33759705    308      22  382641      0.13615      0.20232   -3.8858e-15      0.13615
_SET3_   10015         3   33840063   33911199    222      12  380526     -0.31939      0.38577   -3.8858e-15     -0.31939
_SET3_   10777         3   35680666   35835988    301      25  390150      0.46042      0.12038   -3.8858e-15      0.46042
_SET3_   85443         3   36753913   36781352     51      12  371637      0.72778     0.096197   -3.8858e-15      0.72778
_SET3_   9881          3   36868308   36986548    246      22  394266        5.052   4.7073e-09   -3.5527e-15        5.052
_SET3_   4292          3   37034841   37092337    100      10  397673        3.046   0.00014136   -3.9968e-15        3.046
_SET3_   9209          3   37094117   37217992    207      12  394994       2.8127    0.0002677   -3.9968e-15       2.8127
_SET3_   64689         3   39138090   39149854     34       9  381673     0.087551      0.27714   -3.8858e-15     0.087551
_SET3_   199223        3   39149152   39180394    109      15  387070     -0.54443      0.48357   -3.8858e-15     -0.54443
_SET3_   7433          3   42530791   42579065    110      23  392724        1.745     0.008841   -3.7748e-15        1.745
_SET3_   9117          3   42589459   42642572    125      14  401140      0.25373      0.20355   -3.8858e-15      0.25373
_SET3_   4820          3   42642147   42690233    113      10  387763     -0.17485      0.35367   -3.8858e-15     -0.17485
_SET3_   25994         3   42824400   42846027     36       9  396752      -2.8738      0.98974   -3.9968e-15      -2.8738
_SET3_   84892         3   43120721   43147575     46       9  396855     0.025424      0.28254   -3.8823e-15     0.025424
_SET3_   54861         3   43328004   43392635     62      16  393088      -1.2366      0.75547   -3.7748e-15      -1.2366
_SET3_   285343        3   44379574   44450940    134      12  394872       2.1634    0.0028259   -3.9968e-15       2.1634
_SET3_   56992         3   44803209   44894748     82      11  382563       3.9903   2.3257e-06   -3.9968e-15       3.9903
_SET3_   51304         3   44956753   45017674     69       9  399784      0.24227      0.20757   -3.8858e-15      0.24227
_SET3_   25907         3   45265956   45267814      3       2  407631    -0.087062      0.39584   -3.8858e-15    -0.087062
_SET3_   54585         3   45864808   45957216    180      26  399912      -1.9945      0.91185   -3.7748e-15      -1.9945
_SET3_   151903        3   46963220   47023500     74       9  397764      0.82118     0.082031   -3.8858e-15      0.82118
_SET3_   25930         3   47422383   47454931     31       4  367744      0.87164     0.084702   -3.8858e-15      0.87164
_SET3_   4134          3   47892180   48130769    223      15  384303      0.56335      0.11364   -3.8858e-15      0.56335
_SET3_   10425         3   48956265   49022974     61      10  394484      0.26256      0.20655   -3.8858e-15      0.26256
_SET3_   54870         3   49067140   49131504     50      10  402798      0.19024      0.23279   -3.8858e-15      0.19024
_SET3_   7375          3   49314577   49377536     70       9  398738      0.39209      0.17092   -3.8858e-15      0.39209
_SET3_   84276         3   49459766   49466777      8       4  403495       1.3925     0.029115   -3.7748e-15       1.3925
_SET3_   327           3   49711427   49720936      8       3  368557       1.9722    0.0066292   -3.7748e-15       1.9722
_SET3_   79012         3   49895414   49907655     17       4  386483       1.7632     0.011343   -3.7748e-15       1.7632
_SET3_   84315         3   49946302   49967445     28       8  376444       1.4893     0.020705   -3.7748e-15       1.4893
_SET3_   10181         3   50126341   50156397     27       5  404961       1.7718     0.010881   -3.7748e-15       1.7718
_SET3_   9254          3   50400230   50540892    186      17  387370        1.971    0.0053804   -3.7748e-15        1.971
_SET3_   1795          3   50712672   51421629   1162      16  397981      0.81575     0.033754   -3.8858e-15      0.81575
_SET3_   29890         3   51428699   51435339      8       4  399332      0.82698      0.11599   -3.8858e-15      0.82698
_SET3_   80335         3   52288438   52312659     35       6  388420       3.5991   2.0803e-05   -3.9968e-15       3.5991
_SET3_   8314          3   52435020   52444121      6       2  367574       1.7341     0.020066   -3.7748e-15       1.7341
_SET3_   51533         3   52444577   52457657     11       5  411360       4.0128   3.7855e-06   -3.5527e-15       4.0128
_SET3_   26354         3   52719936   52728513     11       3  410391       5.2918   3.7122e-09   -3.5527e-15       5.2918
_SET3_   6787          3   52744796   52804965    117      10  398811       5.7405   1.2507e-10   -3.5527e-15       5.7405
_SET3_   7086          3   53258723   53290130    149      12  399842       1.4746     0.018347   -3.7748e-15       1.4746
_SET3_   776           3   53529076   53847179    737      78  394130       2.2195   0.00099316   -3.9968e-15       2.2195
_SET3_   93973         3   53898959   53916229     49       8  397562     -0.40221      0.44718   -3.8858e-15     -0.40221
_SET3_   55799         3   54156620   55108584   2708     184  393084      -1.7661      0.60072   -3.7748e-15      -1.7661
_SET3_   26059         3   55542336   56502391   2742      97  388149     -0.93245      0.27213   -3.8858e-15     -0.93245
_SET3_   201626        3   57541882   57640704    215      19  402046     -0.96427      0.62239   -3.8858e-15     -0.96427
_SET3_   7871          3   57741948   57915597    248      24  392719      -1.8904      0.88695   -3.7748e-15      -1.8904
_SET3_   2272          3   59735036   61237133   6093     338  396680      0.54001     0.018037   -3.8858e-15      0.54001
_SET3_   8618          3   62384021   62861064   1780      94  396293      0.63541     0.024545   -3.8858e-15      0.63541
_SET3_   132204        3   63263914   63602597   1264      98  398886     -0.93912      0.43573   -3.8858e-15     -0.93912
_SET3_   6314          3   63849785   63989240    193      23  383305       2.4333    0.0011158   -3.9968e-15       2.4333
_SET3_   166336        3   64079526   64253859    546      43  401826      0.72621     0.060271   -3.8858e-15      0.72621
_SET3_   9223          3   65339200   66024511   2231     158  399630     -0.15207     0.089422   -3.8858e-15     -0.15207
_SET3_   285203        3   69024363   69063112    120      12  405580       1.6106      0.01315   -3.7748e-15       1.6106
_SET3_   9039          3   69103881   69129524     47       7  392233       1.6948     0.012172   -3.7748e-15       1.6948
_SET3_   23150         3   69219146   69435430    660      58  395627      -1.5631      0.76072   -3.7748e-15      -1.5631
_SET3_   27086         3   71003865   71633140   1264     112  396026      0.95143     0.022022   -3.8858e-15      0.95143
_SET3_   317649        3   71728440   71803924    248      34  399709     -0.19465      0.31433   -3.8858e-15     -0.19465
_SET3_   151987        3   73045985   73118349    240      10  397899       2.3392    0.0013734   -3.9968e-15       2.3392
_SET3_   6092          3   75955845   77699115   4881     210  387499      -0.3889      0.13052   -3.8858e-15      -0.3889
_SET3_   2632          3   81538850   81810950    458      28  393735      -1.2061      0.66852   -3.7748e-15      -1.2061
_SET3_   84100         3   97483365   97520086     75      11  362686     -0.27655      0.38678   -3.8858e-15     -0.27655
_SET3_   25890         3  100468179  100712336    663      51  403125       -1.226      0.64092   -3.7748e-15       -1.226
_SET3_   57092         3  101292997  101313281     51      10  405709     -0.43311      0.44746   -3.8858e-15     -0.43311
_SET3_   27107         3  101368283  101395988     46       8  396824      -1.0316      0.68623   -3.7748e-15      -1.0316
_SET3_   91775         3  101498029  101547075     82      11  383284      -0.4918      0.46278   -3.8858e-15      -0.4918
_SET3_   961           3  107761941  107809935     92      16  391822       4.1759   9.0724e-07   -3.5527e-15       4.1759
_SET3_   55081         3  107879659  107941417    325       6  405609       2.7263   0.00051489   -3.9968e-15       2.7263
_SET3_   25945         3  110790606  110913017    159      19  382836       2.1375     0.004576   -3.9968e-15       2.1375
_SET3_   55032         3  112280857  112303286     63       7  365402      -3.0981      0.99727   -3.9968e-15      -3.0981
_SET3_   205717        3  113367232  113415493     56       6  392680      -1.0103      0.68297   -3.7748e-15      -1.0103
_SET3_   80218         3  113435307  113465120     32       5  391840      -2.0173       0.9325   -3.9968e-15      -2.0173
_SET3_   523           3  113465866  113530905     80       4  401336      -1.6215      0.86776   -3.7748e-15      -1.6215
_SET3_   254887        3  113666748  113705706     60      17  388091      0.31603      0.17905   -3.8858e-15      0.31603
_SET3_   57577         3  113682984  113775460    120      19  397387      -2.2387      0.94962   -3.9968e-15      -2.2387
_SET3_   79691         3  113775582  113807269     58      10  397060       -1.738      0.88047   -3.7748e-15       -1.738
_SET3_   1814          3  113847499  113918254    194      26  399945      -1.6888      0.85914   -3.7748e-15      -1.6888
_SET3_   7348          3  118892425  118924000    102      21  393256     -0.93371      0.62042   -3.8858e-15     -0.93371
_SET3_   89876         3  119421869  119485949    137      16  375456    -0.067191      0.29968   -3.8858e-15    -0.067191
_SET3_   2932          3  119540800  119813264    396      23  388119     0.056782      0.21904   -3.8788e-15     0.056782
_SET3_   11167         3  120113061  120169918    160      21  401230     -0.91212      0.60341   -3.8858e-15     -0.91212
_SET3_   285282        3  120405528  120461384     92      17  394905      0.33419      0.17846   -3.8858e-15      0.33419
_SET3_   9515          3  120627050  121143608   1463      30  394182       0.8536     0.018355   -3.8858e-15       0.8536
_SET3_   2804          3  121382046  121468662    147      17  395613      -1.6627      0.85297   -3.7748e-15      -1.6627
_SET3_   3836          3  122140748  122233786    199      21  394090      0.50846      0.12263   -3.8858e-15      0.50846
_SET3_   54625         3  122399672  122449687    171      21  397536      -2.4641      0.96752   -3.9968e-15      -2.4641
_SET3_   111           3  123001143  123167924    340      25  394522     -0.41245      0.36867   -3.8858e-15     -0.41245
_SET3_   64770         3  123616152  123680255     85      12  369563     -0.87809      0.61374   -3.8858e-15     -0.87809
_SET3_   8997          3  123813558  124440036   1859      86  399813       -1.622      0.58432   -3.7748e-15       -1.622
_SET3_   3693          3  124480795  124606500    395      27  399370      -1.0887      0.64342   -3.7748e-15      -1.0887
_SET3_   79364         3  126156444  126194773    126      16  389661       1.5843     0.014349   -3.7748e-15       1.5843
_SET3_   11343         3  127407905  127542093    387      47  397261       1.1773     0.027871   -3.7748e-15       1.1773
_SET3_   56941         3  128997680  129025029     50       4  404257      0.57694      0.16036   -3.8858e-15      0.57694
_SET3_   55764         3  129158671  129239350    159       8  391839       1.4019     0.028477   -3.7748e-15       1.4019
_SET3_   27032         3  130569327  130735556    250      26  360966     -0.54778      0.45337   -3.8858e-15     -0.54778
_SET3_   131870        3  131100515  131107674      7       4  372385       1.2783     0.052225   -3.7748e-15       1.2783
_SET3_   11222         3  131181045  131221860     79      12  349478      0.30666      0.19251   -3.8858e-15      0.30666
_SET3_   131034        3  131252413  131759152   2020      65  401270      -1.0422      0.31867   -3.7748e-15      -1.0422
_SET3_   79876         3  132373290  132397467     23       7  345133      0.08706       0.2891   -3.8858e-15      0.08706
_SET3_   11073         3  133319449  133380762    164      16  376051     -0.85758      0.60093   -3.8858e-15     -0.85758
_SET3_   51560         3  133543079  133614691    205      44  389580      -1.3649      0.75576   -3.7748e-15      -1.3649
_SET3_   51421         3  134074187  134094321     29       6  389662     -0.12095      0.33486   -3.8858e-15     -0.12095
_SET3_   80723         3  136537861  136574734     95       6  394832       2.2261    0.0027927   -3.9968e-15       2.2261
_SET3_   55179         3  138327542  138352218     39       6  406052      -1.9282       0.9181   -3.7748e-15      -1.9282
_SET3_   55186         3  140660662  140698785     84       6  398959      0.33854      0.22806   -3.8858e-15      0.33854
_SET3_   92369         3  140770743  140867453    191      20  395154      -0.8463      0.59679   -3.8858e-15      -0.8463
_SET3_   92370         3  140950682  141013486    228      25  384742      -1.5763      0.82001   -3.7748e-15      -1.5763
_SET3_   253461        3  141043055  141168634    255      22  390106    0.0071743      0.25261   -3.8823e-15    0.0071743
_SET3_   483           3  141595424  141645382    172      17  403784       1.9324    0.0052931   -3.7748e-15       1.9324
_SET3_   7029          3  141663270  141868386    665      17  403871      0.72068     0.063899   -3.8858e-15      0.72068
_SET3_   545           3  142168077  142297668    268      14  387615      0.36872      0.15717   -3.8858e-15      0.36872
_SET3_   344838        3  142680073  142682818      7       2  397678      -1.1736      0.84284   -3.7748e-15      -1.1736
_SET3_   23350         3  142720366  142779567    100       7  403183     -0.12394       0.3311   -3.8858e-15     -0.12394
_SET3_   9435          3  142838618  142842856      8       3  406245       1.4672     0.026349   -3.7748e-15       1.4672
_SET3_   205428        3  143690640  143711210     37       8  390760        -0.32      0.40958   -3.8858e-15        -0.32
_SET3_   5352          3  145787225  145879282    265      10  403913     0.033233      0.24543   -3.8788e-15     0.033233
_SET3_   5359          3  146232967  146262628    136      14  410825     -0.39807      0.42296   -3.8858e-15     -0.39807
_SET3_   11342         3  149530475  149679926    279      20  393846       1.2865      0.02874   -3.7748e-15       1.2865
_SET3_   51714         3  150321066  150348234     51      11  395141      -1.3037      0.77018   -3.7748e-15      -1.3037
_SET3_   4154          3  151962120  152183569    327      22  396122      -1.8823      0.87995   -3.7748e-15      -1.8823
_SET3_   5912          3  152880001  152888413     10       5  357259       1.9136    0.0082808   -3.7748e-15       1.9136
_SET3_   170506        3  153993452  154042286     78      12  408879     -0.42643      0.44159   -3.8858e-15     -0.42643
_SET3_   344758        3  154055461  154147504    232      25  395069      -1.0115      0.63342   -3.7748e-15      -1.0115
_SET3_   9197          3  155544300  155572248     71      10  383882        1.747     0.011188   -3.7748e-15        1.747
_SET3_   7881          3  155838337  156256927   1077      59  364168       -0.238      0.20764   -3.8858e-15       -0.238
_SET3_   51319         3  157823690  158262624   1235      21  401489      -1.8667      0.76303   -3.7748e-15      -1.8667
_SET3_   4291          3  158288953  158324249    104      11  405926      -2.3973      0.96417   -3.9968e-15      -2.3973
_SET3_   57560         3  159974774  160118028    180      22  383313        1.888    0.0056147   -3.7748e-15        1.888
_SET3_   10051         3  160117078  160152755     64      11  379221       2.1205    0.0035115   -3.9968e-15       2.1205
_SET3_   3840          3  160212783  160283376    116      14  403705       1.9284    0.0056513   -3.7748e-15       1.9284
_SET3_   165679        3  161062580  161090662    107      15  387450      -1.8169      0.88788   -3.7748e-15      -1.8169
_SET3_   22865         3  164902010  164914469     23       4  404357     -0.29919       0.4479   -3.8858e-15     -0.29919
_SET3_   11235         3  167401692  167452693     67       4  396852      0.57335       0.1461   -3.8858e-15      0.57335
_SET3_   27333         3  167726457  167813712    179      21  402136      -1.7955      0.87404   -3.7748e-15      -1.7955
_SET3_   57709         3  170177342  170303863    261      29  390324     0.029729      0.23412   -3.8823e-15     0.029729
_SET3_   23043         3  170780292  171178197   1018     103  399844     -0.52642       0.3347   -3.8858e-15     -0.52642
_SET3_   57552         3  172348435  172429207    236      41  398236     -0.19624      0.30639   -3.8858e-15     -0.19624
_SET3_   22871         3  173115570  174004434   2312     125  394854     0.074427     0.060483   -3.8858e-15     0.074427
_SET3_   79718         3  176738542  176915048    422      35  398223      -0.3601      0.34158   -3.8858e-15      -0.3601
_SET3_   51193         3  179041551  179053325     17       5  382062      0.22404      0.23091   -3.8858e-15      0.22404
_SET3_   8975          3  179370933  179507189    355      38  386751      0.61347     0.087481   -3.8858e-15      0.61347
_SET3_   8087          3  180630096  180700541    111      13  380827      0.64283      0.11233   -3.8858e-15      0.64283
_SET3_   23200         3  182511291  182639423    239      14  401284       3.3932   2.8484e-05   -3.9968e-15       3.3932
_SET3_   56922         3  182733006  182817373    163      13  406302       2.7238   0.00051044   -3.9968e-15       2.7238
_SET3_   1857          3  183873099  183891314     29       8  394977       2.1172    0.0039759   -3.9968e-15       2.1172
_SET3_   90113         3  183948317  183960117     22       4  402785       3.5238   3.3578e-05   -3.9968e-15       3.5238
_SET3_   1981          3  184032283  184053146     30      11  385692       3.4218    3.547e-05   -3.9968e-15       3.4218
_SET3_   8646          3  184097861  184107617     17       5  379590      0.83512     0.090928   -3.8858e-15      0.83512
_SET3_   64110         3  184428155  184429836      3       1  407594    -0.031952      0.36105   -3.8788e-15    -0.031952
_SET3_   23355         3  184529925  184770402    438      25  396225    -0.040469      0.23967   -3.8788e-15    -0.040469
_SET3_   200879        3  185225570  185270369    134      13  403840      0.38593      0.16385   -3.8858e-15      0.38593
_SET3_   59343         3  185300284  185348889    114       9  400631     -0.84782        0.609   -3.8858e-15     -0.84782
_SET3_   6434          3  185632356  185655924     36       8  401604      0.32085      0.19711   -3.8858e-15      0.32085
_SET3_   6480          3  186648315  186796341    562      67  399528     0.099857      0.18369   -3.8858e-15     0.099857
_SET3_   2257          3  191857033  192445388   1598     135  398473       3.0407   1.2471e-05   -3.9968e-15       3.0407
_SET3_   4976          3  193310933  193415600    251      16  402603      -1.6068       0.8234   -3.7748e-15      -1.6068
_SET3_   79572         3  194123403  194188968    113      12  377449      0.15858      0.24293   -3.8858e-15      0.15858
_SET3_   152002        3  194789008  194991895    650      42  396540       1.6457    0.0065765   -3.7748e-15       1.6457
_SET3_   5504          3  195241221  195270224     73      11  397010      -1.8353      0.89559   -3.7748e-15      -1.8353
_SET3_   10188         3  195590235  195635880    125      24  368166      -1.6109       0.8377   -3.7748e-15      -1.6109
_SET3_   26043         3  196079745  196159411    122      16  387414       1.0186     0.049734   -3.7748e-15       1.0186
_SET3_   1739          3  196769431  197026171    619      26  390529     -0.40926      0.32913   -3.8858e-15     -0.40926
_SET3_   84248         3  197476424  197511317     49       6  361171     -0.52274       0.5284   -3.8858e-15     -0.52274
_SET3_   89782         3  197687071  197770591    213      18  383682     -0.82744      0.60095   -3.8858e-15     -0.82744
_SET3_   728262        3  197879039  197907728      3       2  404176     -0.14372      0.44405   -3.8858e-15     -0.14372
_SET3_   54872         4     492989     533320    145      10  394238      0.74302      0.10202   -3.8858e-15      0.74302
_SET3_   53834         4    1004712    1020686     59      12  403351      0.58253      0.12483   -3.8858e-15      0.58253
_SET3_   1487          4    1205228    1242908    115      15  396769       1.2042     0.035427   -3.7748e-15       1.2042
_SET3_   6452          4    2794750    2842823    186      27  395184      0.36813      0.15296   -3.8858e-15      0.36813
_SET3_   6002          4    3315874    3441640    290      36  393569       2.7273   0.00030349   -3.9968e-15       2.7273
_SET3_   4043          4    3505324    3534224    150      20  397572     -0.13737      0.31037   -3.8858e-15     -0.13737
_SET3_   27065         4    4387983    4420785    102      11  399279     -0.87459      0.61727   -3.8858e-15     -0.87459
_SET3_   5522          4    6322305    6565327    947      98  388591      0.57853     0.064683   -3.8858e-15      0.57853
_SET3_   23324         4    6576902    6624188    141      21  363083       1.8386    0.0063954   -3.7748e-15       1.8386
_SET3_   60312         4    7760440    7941653    900      40  400146      -1.7864      0.78592   -3.7748e-15      -1.7864
_SET3_   85460         4   10441497   10459032     36      12  371951     -0.37467       0.4246   -3.8858e-15     -0.37467
_SET3_   26234         4   15606007   15661487    154      15  404329     -0.79552      0.56809   -3.8858e-15     -0.79552
_SET3_   9079          4   16503164   16900424   1086     115  391467     -0.39738       0.2878   -3.8858e-15     -0.39738
_SET3_   9353          4   20254566   20622184    910     106  390746     -0.87042      0.49197   -3.8858e-15     -0.87042
_SET3_   80333         4   20730234   21950424   4314     176  381766      -2.8556      0.91342   -3.9968e-15      -2.8556
_SET3_   166647        4   22388997   22517677    458      43  395044      -2.1881      0.92484   -3.9968e-15      -2.1881
_SET3_   23231         4   25749049   25864647    263      40  395467      -1.2514       0.7077   -3.7748e-15      -1.2514
_SET3_   3516          4   26165077   26436753    457      51  390600     -0.87329       0.5337   -3.8858e-15     -0.87329
_SET3_   57620         4   26859329   27027003    286      23  382696      0.36445      0.14538   -3.8858e-15      0.36445
_SET3_   57728         4   39184024   39287430    173      10  402162     -0.16544       0.3249   -3.8858e-15     -0.16544
_SET3_   5981          4   39289069   39368001    117      10  394702     -0.48111      0.44863   -3.8858e-15     -0.48111
_SET3_   7358          4   39500375   39529218    109      14  395227      0.52798      0.13099   -3.8858e-15      0.52798
_SET3_   323           4   40812044   41218731   1401      75  396849     -0.23805      0.17235   -3.8858e-15     -0.23805
_SET3_   10463         4   41992516   42089551    349      10  397404       1.3399     0.023783   -3.7748e-15       1.3399
_SET3_   285527        4   48499380   48782329    347      21  389443       2.4093    0.0008845   -3.9968e-15       2.4093
_SET3_   132299        4   48887405   48908815     27       7  390207       1.6885     0.013952   -3.7748e-15       1.6885
_SET3_   64854         4   53457126   53525502     80       6  397891      -1.1598      0.76049   -3.7748e-15      -1.1598
_SET3_   3815          4   55524095   55606881    185      26  400105       2.1901     0.002146   -3.9968e-15       2.1901
_SET3_   6731          4   57333370   57369847    105      11  401893     -0.25116      0.37917   -3.8858e-15     -0.25116
_SET3_   84273         4   57829516   57843826     41      10  397479      -2.2779      0.95625   -3.9968e-15      -2.2779
_SET3_   23284         4   62066949   62938168   1800     113  392664       1.6621    0.0014298   -3.7748e-15       1.6621
_SET3_   91746         4   69176105   69215824     63      13  392631     -0.94975      0.64588   -3.8858e-15     -0.94975
_SET3_   2926          4   71681499   71705627     72       8  311523        0.602      0.21626   -3.8858e-15        0.602
_SET3_   8671          4   72053003   72437804    668      39  392653    -0.062923      0.22075   -3.8858e-15    -0.062923
_SET3_   26057         4   73940502   74124858    142      23  391200    0.0048227      0.26381   -3.8823e-15    0.0048227
_SET3_   25849         4   75858285   75975325    186      21  393281      0.23634       0.1981   -3.8858e-15      0.23634
_SET3_   950           4   77079890   77135052    172      15  393454     -0.22015      0.35301   -3.8858e-15     -0.22015
_SET3_   80144         4   78978724   79465423   1569      48  395301       -1.659       0.6309   -3.7748e-15       -1.659
_SET3_   152559        4   79836364   79860582     61       5  409336     -0.36135      0.47641   -3.8858e-15     -0.36135
_SET3_   118429        4   80822771   80994626    460      26  402940      -1.8625      0.85984   -3.7748e-15      -1.8625
_SET3_   5593          4   82008643   82136271    291      19  398600      -2.3914      0.96119   -3.9968e-15      -2.3914
_SET3_   153020        4   82347547   82393082     92      15  395822      0.34099      0.17964   -3.8858e-15      0.34099
_SET3_   58478         4   83351726   83382245     71      18  400166       1.6997     0.011647   -3.7748e-15       1.6997
_SET3_   22872         4   83739814   83812419    163      10  395340     -0.53944      0.47378   -3.8858e-15     -0.53944
_SET3_   132660        4   83845756   83934097    178      10  403774       0.6622      0.10025   -3.8858e-15       0.6622
_SET3_   23001         4   85590690   85887544    316      22  397215      -2.3005      0.94788   -3.9968e-15      -2.3005
_SET3_   83478         4   86068860   86923823   2797      93  398751      -1.7979      0.59644   -3.7748e-15      -1.7979
_SET3_   4299          4   87855758   88062206    457      30  398828      0.48086       0.1053   -3.8858e-15      0.48086
_SET3_   6696          4   88896802   88904563     19       6  377909      -1.6078       0.8573   -3.7748e-15      -1.6078
_SET3_   266812        4   89617066   89619023      5       3  351133     -0.48657      0.51803   -3.8858e-15     -0.48657
_SET3_   10144         4   89647105   90032549   1135      43  395206     -0.55665      0.28941   -3.8858e-15     -0.55665
_SET3_   6622          4   90645250   90759447    355      21  404298       1.8335     0.005488   -3.7748e-15       1.8335
_SET3_   2895          4   93225453   94695707   3479     110  370646     -0.69297      0.21074   -3.8858e-15     -0.69297
_SET3_   658           4   95679128   96079601   1232      53  382488       1.8812    0.0012069   -3.7748e-15       1.8812
_SET3_   1977          4   99799607   99851786    140      20  394337       2.2255    0.0023657   -3.9968e-15       2.2255
_SET3_   5530          4  101944587  102268655    699      44  402735       1.1786     0.019944   -3.7748e-15       1.1786
_SET3_   133308        4  103946647  103998480     55      17  393292      0.64591      0.10884   -3.8858e-15      0.64591
_SET3_   57117         4  106603784  106629881     49       6  398877      -1.4947      0.85414   -3.7748e-15      -1.4947
_SET3_   79807         4  106629935  106768882    316      12  393337       -1.865      0.89863   -3.7748e-15       -1.865
_SET3_   255743        4  106816588  106892828    194      13  360617      -0.5172      0.49055   -3.8858e-15      -0.5172
_SET3_   79071         4  110970187  111120355    472      63  395564     -0.78769      0.51262   -3.8858e-15     -0.78769
_SET3_   55435         4  113152893  113191211     58      11  382257      -2.2012      0.94704   -3.9968e-15      -2.2012
_SET3_   287           4  113739239  114304896   1602     123  395717       1.8164    0.0013072   -3.7748e-15       1.8164
_SET3_   817           4  114372188  114683669    703      49  396342     -0.76352      0.45595   -3.8858e-15     -0.76352
_SET3_   9348          4  118955500  119179789    659      24  404647       2.2342    0.0011164   -3.9968e-15       2.2342
_SET3_   54532         4  120133775  120216673    224      21  403650      -1.1438      0.68319   -3.7748e-15      -1.1438
_SET3_   8654          4  120415550  120549981    364      16  401547      -1.4231      0.76374   -3.7748e-15      -1.4231
_SET3_   7222          4  122800183  122872909    131      18  355224        0.838     0.071998   -3.8858e-15        0.838
_SET3_   84162         4  123073488  123283914    292      23  393502        2.939   0.00015668   -3.9968e-15        2.939
_SET3_   256471        4  128838960  128887185     57       8  389979     -0.42985      0.51071   -3.8858e-15     -0.42985
_SET3_   10424         4  129190392  129209984     23       8  392083        0.796     0.092142   -3.8858e-15        0.796
_SET3_   79960         4  129730779  129796379     75      14  390856       3.2479   6.5492e-05   -3.9968e-15       3.2479
_SET3_   54510         4  138440072  138453629     27       6  387546     -0.92306      0.65672   -3.8858e-15     -0.92306
_SET3_   1998          4  139978871  140098372    176      25  338059     -0.96168      0.63984   -3.8858e-15     -0.96168
_SET3_   83452         4  140374961  140397070     49       5  375222     -0.97768      0.68118   -3.8858e-15     -0.97768
_SET3_   27309         4  142142049  142155851     21       5  406707    -0.060579       0.3285   -3.8788e-15    -0.060579
_SET3_   8821          4  142949181  143767604   2208      87  392899       2.1901   9.4078e-05   -3.9968e-15       2.1901
_SET3_   84640         4  144106070  144143141     72       7  409824      0.96835     0.065609   -3.8858e-15      0.96835
_SET3_   54726         4  146054802  146101768     42      14  377794     0.097469      0.25471   -3.8858e-15     0.097469
_SET3_   4086          4  146402951  146480328     91      11  394038      -1.6267       0.8604   -3.7748e-15      -1.6267
_SET3_   152485        4  146681874  146859607    306      37  396376        1.041     0.039583   -3.7748e-15        1.041
_SET3_   90826         4  148558936  148605381     47       5  350831      0.79512      0.18233   -3.8858e-15      0.79512
_SET3_   4306          4  148999915  149365850    884      66  404241      0.80679     0.038699   -3.8858e-15      0.80679
_SET3_   166614        4  150999426  151178609    485      37  400582      -1.5138      0.76553   -3.7748e-15      -1.5138
_SET3_   987           4  151185811  151936879   1328      38  393526      -2.6213      0.92695   -3.9968e-15      -2.6213
_SET3_   85462         4  153857265  153900848    108      26  400846      -0.2584      0.35355   -3.8858e-15      -0.2584
_SET3_   23321         4  154073650  154260474    464      52  401772      -2.1094      0.90775   -3.9968e-15      -2.1094
_SET3_   285533        4  154631312  154681387    181      12  410531      0.41978      0.14717   -3.8858e-15      0.41978
_SET3_   54798         4  155155527  155412930    710      48  396277     -0.27715      0.26533   -3.8858e-15     -0.27715
_SET3_   5356          4  155456149  155471585     44       3  399245      -0.6309       0.5637   -3.8858e-15      -0.6309
_SET3_   79884         4  156263810  156298122    117      11  388046       1.2665     0.030356   -3.7748e-15       1.2665
_SET3_   2983          4  156680126  156728783    135      26  395778      -0.4048      0.40668   -3.8858e-15      -0.4048
_SET3_   2743          4  157997277  158093251    311      21  396685      0.27334      0.18475   -3.8858e-15      0.27334
_SET3_   51313         4  159045732  159094202    114       9  408017       1.0464     0.060794   -3.7748e-15       1.0464
_SET3_   59350         4  159442866  159574524    151      12  394943     -0.59218       0.5163   -3.8858e-15     -0.59218
_SET3_   92345         4  164047860  164088073     76      15  390851      -1.6983      0.86913   -3.7748e-15      -1.6983
_SET3_   55016         4  164445450  165305093   2653     111  394951      0.28249      0.03628   -3.8858e-15      0.28249
_SET3_   201931        4  165997230  166034024     92      18  367859      -1.7522      0.87573   -3.7748e-15      -1.7522
_SET3_   6307          4  166248818  166264316     60      12  381362      0.11306      0.23791   -3.8858e-15      0.11306
_SET3_   4750          4  170314421  170533778    478      18  404467     -0.20607      0.30393   -3.8858e-15     -0.20607
_SET3_   1182          4  170541672  170644338    239      22  390611     0.088031      0.22722   -3.8858e-15     0.088031
_SET3_   9848          4  170907748  170948371     95      14  401013       2.2106    0.0025646   -3.9968e-15       2.2106
_SET3_   442117        4  172734575  173961559   2812     107  396778      -3.8738      0.99037   -3.9968e-15      -3.8738
_SET3_   2823          4  176554088  176923842   1076      78  392170       1.7073    0.0033046   -3.7748e-15       1.7073
_SET3_   80014         4  184020463  184241930    389      39  394819      0.02703      0.22617   -3.8823e-15      0.02703
_SET3_   3660          4  185308867  185395734    305      60  393179      0.56367      0.10258   -3.8858e-15      0.56367
_SET3_   441054        4  186347220  186370982     69      10  405159      -1.8912      0.91695   -3.7748e-15      -1.8912
_SET3_   8470          4  186506598  186877870   1508     128  398225      0.59092     0.041133   -3.8858e-15      0.59092
_SET3_   285440        4  187112565  187134617     80      11  404585     -0.36901       0.4092   -3.8858e-15     -0.36901
_SET3_   2195          4  187508937  187647876    395      55  397982      0.85836     0.055127   -3.8858e-15      0.85836
_SET3_   205860        4  189012427  189030416    111      17  385907      0.55188      0.12311   -3.8858e-15      0.55188
_SET3_   389257        5     191626     195468     11       3  400592     -0.62256      0.56831   -3.8858e-15     -0.62256
_SET3_   9319          5     892764     918164     54       4  391190      0.12887      0.33048   -3.8858e-15      0.12887
_SET3_   81037         5    1317869    1345180     80      12  384035      -1.1815      0.72563   -3.7748e-15      -1.1815
_SET3_   134111        5    6437460    6496834    190      39  398192      0.39716      0.15099   -3.8858e-15      0.39716
_SET3_   134145        5   10225619   10250145    135      23  399477     -0.65484      0.50846   -3.8858e-15     -0.65484
_SET3_   134147        5   10277707   10308168    109      14  399101     0.045956      0.26213   -3.8788e-15     0.045956
_SET3_   10299         5   10353751   10440500    101      10  364558      0.38238      0.18953   -3.8858e-15      0.38238
_SET3_   1501          5   10971952   11904155   2471     181  393106      0.68542     0.014653   -3.8858e-15      0.68542
_SET3_   23194         5   15500305   15939905    932      44  395615     -0.35637      0.25878   -3.8858e-15     -0.35637
_SET3_   90441         5   16451628   16465894     31       7  404322      0.60791       0.1276   -3.8858e-15      0.60791
_SET3_   1016          5   19473140   20575972   2743     103  388658       -2.656      0.86799   -3.9968e-15       -2.656
_SET3_   1010          5   21750870   22853731   2611     104  389307      -2.6687      0.87249   -3.9968e-15      -2.6687
_SET3_   1004          5   31193762   31329253    263      30  401432      -2.2411      0.93888   -3.9968e-15      -2.2411
_SET3_   55322         5   31532373   31555165     64      14  384938     -0.90231      0.62573   -3.8858e-15     -0.90231
_SET3_   23037         5   31639345   32111038   1808     202  393608     -0.16928      0.12257   -3.8858e-15     -0.16928
_SET3_   81792         5   33523640   33892319   1151      74  395163     -0.73221      0.35979   -3.8858e-15     -0.73221
_SET3_   23600         5   33987091   34008220     48       7  408082     -0.56188      0.51033   -3.8858e-15     -0.56188
_SET3_   6502          5   36152091   36184143     99      13  392772      0.67554      0.11395   -3.8858e-15      0.67554
_SET3_   133686        5   36192694   36242258     94      10  321010      0.24799      0.22217   -3.8858e-15      0.24799
_SET3_   253260        5   38938022   39074505    258      12  393871        1.097     0.045825   -3.7748e-15        1.097
_SET3_   1601          5   39371776   39425335    172      18  374224      0.63924      0.10786   -3.8858e-15      0.63924
_SET3_   23548         5   40711678   40756072     91      12  404306     -0.48499      0.45811   -3.8858e-15     -0.48499
_SET3_   345557        5   41307048   41510730    459      34  403441      -1.1369      0.65322   -3.7748e-15      -1.1369
_SET3_   6414          5   42799982   42812024     22       4  398698      -1.3344      0.79779   -3.7748e-15      -1.3344
_SET3_   3157          5   43287572   43313614     47       4  371742      0.14265       0.2555   -3.8858e-15      0.14265
_SET3_   10605         5   43526369   43557521     57       6  394710     -0.92337      0.64638   -3.8858e-15     -0.92337
_SET3_   23530         5   43602791   43705668    249      13  397376     -0.56152      0.51974   -3.8858e-15     -0.56152
_SET3_   348980        5   45255052   45696220    480      32  386796      0.90109     0.047786   -3.8858e-15      0.90109
_SET3_   3672          5   52084136   52249485    522      56  395169     -0.72485      0.46416   -3.8858e-15     -0.72485
_SET3_   3572          5   55230923   55290821     89      12  343790      -1.4671      0.83165   -3.7748e-15      -1.4671
_SET3_   4214          5   56110900   56191979    199      18  394122      0.28131      0.18175   -3.8858e-15      0.28131
_SET3_   3796          5   61601989   61683011    182      16  402798      0.22615      0.19454   -3.8858e-15      0.22615
_SET3_   3350          5   63255875   63258119      3       1  400038      0.68667      0.13732   -3.8858e-15      0.68667
_SET3_   80006         5   64920558   64961954    117      10  380906       1.0211     0.052554   -3.7748e-15       1.0211
_SET3_   57486         5   65018023   65125111    300      26  403743       0.4355      0.12539   -3.8858e-15       0.4355
_SET3_   55914         5   65222382   65376851    155      17  371483     -0.05204      0.30776   -3.8788e-15     -0.05204
_SET3_   140890        5   65440046   65479444     57       8  401054      0.62921      0.12919   -3.8858e-15      0.62921
_SET3_   375449        5   65892176   66465426   1402      79  391957     -0.69404      0.30997   -3.8858e-15     -0.69404
_SET3_   5295          5   67511584   67597649    212      37  376966      0.15826      0.20135   -3.8858e-15      0.15826
_SET3_   891           5   68462837   68474072     31       4  387594      0.69698       0.1126   -3.8858e-15      0.69698
_SET3_   728340        5   68856001   68888730      1       1  372646       1.8509      0.03526   -3.7748e-15       1.8509
_SET3_   64087         5   70883115   70954533    154      16  394075    0.0091763      0.25917   -3.8823e-15    0.0091763
_SET3_   23107         5   71515236   71616084    138      17  403501       1.0764      0.04826   -3.7748e-15       1.0764
_SET3_   3842          5   72112418   72210215    158      16  398247       1.0717      0.04586   -3.7748e-15       1.0717
_SET3_   26049         5   74073399   74163832    192      14  395174      0.17374      0.21986   -3.8858e-15      0.17374
_SET3_   3156          5   74632159   74657926     42       9  386963      0.83655      0.08229   -3.8858e-15      0.83655
_SET3_   10087         5   74666928   74807806    235      21  394940       1.2494     0.031094   -3.7748e-15       1.2494
_SET3_   8622          5   76476082   76724081    663      49  399799     -0.70593      0.43441   -3.8858e-15     -0.70593
_SET3_   55255         5   76727622   76788332    231      19  377348     -0.95009      0.60698   -3.8858e-15     -0.95009
_SET3_   9522          5   77656339   77776562    291      12  397767       2.4001    0.0010619   -3.9968e-15       2.4001
_SET3_   10184         5   77781038   77944648    352      23  391009       1.3233      0.01874   -3.7748e-15       1.3233
_SET3_   29958         5   78293387   78365497    254      18  379956     -0.16474      0.30625   -3.8858e-15     -0.16474
_SET3_   9456          5   78669647   78809659    314      22  384334       1.2227     0.026975   -3.7748e-15       1.2227
_SET3_   167153        5   78908243   78982471    195       9  405900       1.2113     0.040626   -3.7748e-15       1.2113
_SET3_   9765          5   79703386   79775498    143       9  388407       0.7776      0.10159   -3.8858e-15       0.7776
_SET3_   340120        5   79852574   79866304     31       8  389321      0.66022      0.11818   -3.8858e-15      0.66022
_SET3_   1404          5   82934017   83016896    210      35  394530      0.22082       0.1824   -3.8858e-15      0.22082
_SET3_   4208          5   88014058   88199922    319      25  390064     -0.17508      0.29343   -3.8858e-15     -0.17508
_SET3_   84250         5   93953086   94033326    215      16  401502        2.832   0.00026803   -3.9968e-15        2.832
_SET3_   79772         5   94038280   94620279   1357     104  394692       2.1192   0.00064467   -3.9968e-15       2.1192
_SET3_   9652          5   94799599   94890709    165      12  400175     -0.60537      0.51296   -3.8858e-15     -0.60537
_SET3_   285704        5   98104999   98132198     58      10  395798      0.92752     0.066662   -3.8858e-15      0.92752
_SET3_   1105          5   98189689   98264522    148      16  396414     -0.54841      0.48015   -3.8858e-15     -0.54841
_SET3_   5066          5  102201527  102366809    256      13  335242      -1.2102      0.72539   -3.7748e-15      -1.2102
_SET3_   23262         5  102455958  102539224    177      12  278824      -1.2342      0.79594   -3.7748e-15      -1.2342
_SET3_   814           5  110559947  110830584    690      42  398693      -1.7689      0.80953   -3.7748e-15      -1.7689
_SET3_   134429        5  110831731  110848234     22       6  400643      0.33159        0.203   -3.8858e-15      0.33159
_SET3_   55521         5  114460459  114516243    129      17  373583       2.0731    0.0036107   -3.9968e-15       2.0731
_SET3_   153733        5  114602885  114632458     51       9  407207     -0.61867      0.52436   -3.8858e-15     -0.61867
_SET3_   9140          5  115163893  115177548     19       5  395922     -0.23574      0.39264   -3.8858e-15     -0.23574
_SET3_   57556         5  115779251  115910551    437      73  399936      0.79703     0.065762   -3.8858e-15      0.79703
_SET3_   3295          5  118788138  118878030    205      18  395316     -0.54144      0.45384   -3.8858e-15     -0.54144
_SET3_   6643          5  122110691  122170234    200      19  403828       -1.921      0.89929   -3.7748e-15       -1.921
_SET3_   153241        5  122680579  122759286    218      13  398173     0.077174      0.23068   -3.8858e-15     0.077174
_SET3_   1456          5  122847793  122952739    164      14  408822       1.7872    0.0078312   -3.7748e-15       1.7872
_SET3_   501           5  125877533  125931104    159      26  396636     -0.13738      0.30546   -3.8858e-15     -0.13738
_SET3_   23305         5  131285666  131347761     95      13  384728      0.49848      0.13754   -3.8858e-15      0.49848
_SET3_   6584          5  131705396  131731306     84       9  405882     0.051289      0.26736   -3.8788e-15     0.051289
_SET3_   134548        5  132149033  132152489      5       2  413424       2.8829   0.00048848   -3.9968e-15       2.8829
_SET3_   23105         5  132532152  132948223   1109     116  395635     -0.69709      0.39076   -3.8858e-15     -0.69709
_SET3_   5515          5  133532148  133561950     81       6  405918     -0.12101      0.35636   -3.8858e-15     -0.12101
_SET3_   9879          5  134094461  134166811     77      21  335473       1.8231    0.0095365   -3.7748e-15       1.8231
_SET3_   9555          5  134670071  134735645     85      12  400928       1.1948      0.05195   -3.7748e-15       1.1948
_SET3_   4090          5  135468536  135518422    116       5  402273      -1.6755       0.8752   -3.7748e-15      -1.6755
_SET3_   51306         5  137273638  137387650    207      16  380675      0.45118      0.13903   -3.8858e-15      0.45118
_SET3_   51780         5  137688285  137772716    183      22  396530       3.1599   7.0696e-05   -3.9968e-15       3.1599
_SET3_   3313          5  137890571  137911318     35       7  406010       3.2006   0.00010052   -3.9968e-15       3.2006
_SET3_   9782          5  138609441  138667366     47       7  383372       1.0597     0.054869   -3.7748e-15       1.0597
_SET3_   51523         5  139028301  139063467     55       9  356848     -0.35435      0.42251   -3.8858e-15     -0.35435
_SET3_   54882         5  139781399  139919441     92      18  376981        2.245    0.0021634   -3.9968e-15        2.245
_SET3_   56138         5  140247149  140391932    281      15  391774       3.6082   8.6504e-06   -3.9968e-15       3.6082
_SET3_   56134         5  140345747  140391929     59      14  362723       2.5205    0.0010881   -3.9968e-15       2.5205
_SET3_   56109         5  140749811  140892546    335      29  397988       1.4369     0.017465   -3.7748e-15       1.4369
_SET3_   8641          5  140767452  140892546    290      26  397509       1.5188     0.014881   -3.7748e-15       1.5188
_SET3_   9812          5  141303350  141330027     47       5  380944     -0.68741      0.58335   -3.8858e-15     -0.68741
_SET3_   23092         5  142149881  142608572   1100      82  392091      -1.2486      0.59692   -3.7748e-15      -1.2486
_SET3_   51520         5  145492589  145562294    244       6  403093       2.7948   0.00037172   -3.9968e-15       2.7948
_SET3_   10915         5  145826873  145891071    163      12  405574        1.877    0.0071716   -3.7748e-15        1.877
_SET3_   3360          5  147830595  148034090    507      32  368641     -0.18377      0.26808   -3.8858e-15     -0.18377
_SET3_   78991         5  148737570  148749221     15       5  408238      0.89133     0.079181   -3.8858e-15      0.89133
_SET3_   815           5  149599054  149669403    138      23  386829     -0.26646      0.35222   -3.8858e-15     -0.26646
_SET3_   11346         5  149980642  150038792    120      16  344401      -1.2359      0.75147   -3.7748e-15      -1.2359
_SET3_   10318         5  150409504  150467221    188      29  405812      0.23615      0.19104   -3.8858e-15      0.23615
_SET3_   6678          5  151040657  151066615     65      12  411635      -0.2743       0.3823   -3.8858e-15      -0.2743
_SET3_   2890          5  152870084  153193429   1172      65  379668     -0.25504      0.19742   -3.8858e-15     -0.25504
_SET3_   23367         5  154062224  154197167    269      28  379234      -2.5312      0.96883   -3.9968e-15      -2.5312
_SET3_   9337          5  154237755  154256352     25       4  342020      -1.9673      0.94328   -3.7748e-15      -1.9673
_SET3_   26999         5  156693091  156822606    395      20  407606     -0.99115      0.60111   -3.8858e-15     -0.99115
_SET3_   9685          5  157212751  157286183    193      14  400881    -0.044309      0.28691   -3.8788e-15    -0.044309
_SET3_   153830        5  158584417  158637061    106      18  390004      -2.1733      0.94125   -3.9968e-15      -2.1733
_SET3_   2561          5  160715426  160975130    599      38  400584      0.95502      0.03978   -3.8858e-15      0.95502
_SET3_   2554          5  161274197  161326965    130      15  392535       1.7086       0.0103   -3.7748e-15       1.7086
_SET3_   2566          5  161494648  161582545    155      26  401192       -1.239      0.72605   -3.7748e-15       -1.239
_SET3_   900           5  162864573  162872022      8       4  383636      -1.4899      0.83921   -3.7748e-15      -1.4899
_SET3_   27430         5  162930070  162946359     35       7  411814      -1.2428       0.7623   -3.7748e-15      -1.2428
_SET3_   57451         5  166406083  167691162   2874     213  395364       1.5489    0.0010777   -3.7748e-15       1.5489
_SET3_   23286         5  167719065  167899308    586      72  399559      -1.1729      0.64062   -3.7748e-15      -1.1729
_SET3_   23291         5  171288553  171433877    165      16  382079     -0.40366      0.45129   -3.8858e-15     -0.40366
_SET3_   57222         5  172261223  172379688    347      53  398933      -1.4557      0.76932   -3.7748e-15      -1.4557
_SET3_   8992          5  172410763  172461900     88      19  368861      -1.0492      0.68308   -3.7748e-15      -1.0492
_SET3_   80315         5  173315331  173387313    167      16  402752      -0.6138      0.49315   -3.8858e-15      -0.6138
_SET3_   1812          5  174867675  174871163      8       3  405841      0.12093      0.27498   -3.8858e-15      0.12093
_SET3_   10814         5  175223542  175311024    213      32  403754    -0.033639      0.26027   -3.8788e-15    -0.033639
_SET3_   57179         5  175773065  175788809     29       8  407367     -0.68315      0.56202   -3.8858e-15     -0.68315
_SET3_   90249         5  176237560  176307899    131      30  377470      -1.5414       0.8425   -3.7748e-15      -1.5414
_SET3_   53917         5  176728199  176730744      5       3  372744      0.40675      0.19691   -3.8858e-15      0.40675
_SET3_   10636         5  176784704  176799599     20       5  391299      -2.2369      0.95859   -3.9968e-15      -2.2369
_SET3_   1627          5  176883613  176900694     36       7  369630     -0.29855      0.40424   -3.8858e-15     -0.29855
_SET3_   8878          5  179233388  179265078    103      23  377551    -0.081755      0.29082   -3.8858e-15    -0.081755
_SET3_   23061         5  179289071  179334879     71       9  392506     -0.98172       0.6583   -3.8858e-15     -0.98172
_SET3_   5601          5  179660594  179719071    161      21  394603      0.11841      0.21978   -3.8858e-15      0.11841
_SET3_   90933         5  180650263  180662808     33       9  371919       1.0822     0.062972   -3.7748e-15       1.0822
_SET3_   56940         6     292101     351355     49      23  298906      -3.0029      0.99483   -3.9968e-15      -3.0029
_SET3_   2762          6    1624035    2245868   1518     107  391630     0.063656      0.10282   -3.8858e-15     0.063656
_SET3_   5272          6    2887499    2903546     46      15  404048     -0.65696      0.52651   -3.8858e-15     -0.65696
_SET3_   8737          6    3064201    3115421    119      22  378622      0.34724      0.17589   -3.8858e-15      0.34724
_SET3_   670           6    3118926    3153833     75       7  399718       2.3101     0.002747   -3.9968e-15       2.3101
_SET3_   63027         6    3269207    3456954    713      69  394947     -0.34093      0.29636   -3.8858e-15     -0.34093
_SET3_   9425          6    4706393    4955778    636      60  397546     -0.34016      0.32054   -3.8858e-15     -0.34016
_SET3_   10667         6    5261251    5771816   1640     146  395200     -0.46824      0.23008   -3.8858e-15     -0.46824
_SET3_   6745          6    7281283    7313541    165      16  394396       2.4031    0.0011373   -3.9968e-15       2.4031
_SET3_   221692        6   12716888   13290476   1363      68  391422        2.562   8.9663e-05   -3.9968e-15        2.562
_SET3_   221662        6   17281739   17294102     21       7  367156       2.4685    0.0013637   -3.9968e-15       2.4685
_SET3_   51439         6   17600518   17611950     19       4  400680      0.89875      0.08565   -3.8858e-15      0.89875
_SET3_   63971         6   17759414   17987864    588      25  403238      0.74835     0.057687   -3.8858e-15      0.74835
_SET3_   7913          6   18224400   18264799     72      15  390103      0.81351     0.081008   -3.8858e-15      0.81351
_SET3_   54901         6   20534688   21232635   2092      75  398487      -1.8829      0.63515   -3.7748e-15      -1.8829
_SET3_   9750          6   24804512   24936275    359      35  397721       1.0257     0.038508   -3.7748e-15       1.0257
_SET3_   64771         6   34555065   34664625    212      18  401004      0.24727      0.19038   -3.8858e-15      0.24727
_SET3_   54887         6   34759794   34845291    225      16  399437     -0.21057      0.33363   -3.8858e-15     -0.21057
_SET3_   116369        6   35911291   35992413    199      23  390293      0.35419      0.15412   -3.8858e-15      0.35419
_SET3_   6428          6   36562090   36572244     31       4  390345     -0.82777      0.68517   -3.8858e-15     -0.82777
_SET3_   60685         6   37787272   38161637    986      25  399548       1.1299     0.016592   -3.7748e-15       1.1299
_SET3_   116113        6   41514164   41570122    158      20  390277     -0.48585      0.44787   -3.8858e-15     -0.48585
_SET3_   129685        6   42018251   42055093    135      25  401096      0.24237      0.18836   -3.8858e-15      0.24237
_SET3_   6903          6   42712234   42713884      3       1  336633     -0.36364      0.63391   -3.8858e-15     -0.36364
_SET3_   285855        6   42847354   42857627     30       7  390152     -0.24421      0.40771   -3.8858e-15     -0.24421
_SET3_   6722          6   43138920   43149244     12       4  385488       3.2938   0.00013858   -3.9968e-15       3.2938
_SET3_   221424        6   43474703   43478081      6       2  410341       1.9171     0.016294   -3.7748e-15       1.9171
_SET3_   2030          6   44187242   44201888     19       8  400305      -1.6629      0.86492   -3.7748e-15      -1.6629
_SET3_   59084         6   46126922   46138737     33       5  395634      -1.8616       0.9075   -3.7748e-15      -1.8616
_SET3_   10231         6   46188467   46459804    526      33  371456      0.59737     0.077109   -3.8858e-15      0.59737
_SET3_   114327        6   52284994   52360583    212      29  401511       1.3544     0.023137   -3.7748e-15       1.3544
_SET3_   28978         6   52535884   52551386     56       7  400744      -1.5967      0.85924   -3.7748e-15      -1.5967
_SET3_   2729          6   53362139   53409927    170      18  389422       1.9039    0.0060236   -3.7748e-15       1.9039
_SET3_   202559        6   62389865   62996100   1391      37  398690     -0.27086       0.1685   -3.8858e-15     -0.27086
_SET3_   577           6   69345210   70099403   2026      67  401852       1.1333    0.0040498   -3.7748e-15       1.1333
_SET3_   55788         6   70385641   70507049    312       9  401986     -0.75455      0.53406   -3.8858e-15     -0.75455
_SET3_   1310          6   70576448   70922157    815      54  392775      -0.6524        0.389   -3.8858e-15      -0.6524
_SET3_   22999         6   72596406   73112845   1275      43  400800       3.4804   1.6966e-06   -3.9968e-15       3.4804
_SET3_   56479         6   73331571   73908574   1388      99  396149         1.17      0.01091   -3.7748e-15         1.17
_SET3_   25821         6   74171454   74211179     94      13  406529      0.20816      0.22999   -3.8858e-15      0.20816
_SET3_   27145         6   76004607   76203516    271      15  394178      0.15288       0.2022   -3.8858e-15      0.15288
_SET3_   26054         6   76311596   76427997    274      18  396232     -0.30096      0.35305   -3.8858e-15     -0.30096
_SET3_   3351          6   78171948   78173120      3       1  400189       1.6027     0.024523   -3.7748e-15       1.6027
_SET3_   6785          6   80624529   80657315    108      10  368166      -1.6329      0.86953   -3.7748e-15      -1.6329
_SET3_   25998         6   82879956   82957448    195      12  404026     -0.25571      0.36089   -3.8858e-15     -0.25571
_SET3_   9892          6   84262604   84419127    277      19  399582       3.1203   7.1711e-05   -3.9968e-15       3.1203
_SET3_   112609        6   84732746   84800606    157      17  385014       0.7998     0.081229   -3.8858e-15       0.7998
_SET3_   57231         6   86215214   86303850    137      20  407193     -0.77841        0.566   -3.8858e-15     -0.77841
_SET3_   10492         6   86317502   86353568     54      11  401731     -0.73552      0.57188   -3.8858e-15     -0.73552
_SET3_   3354          6   87647024   87726397    172      17  397562      0.90087     0.072442   -3.8858e-15      0.90087
_SET3_   23036         6   87865269   87973926    262      11  400789      0.02079      0.24908   -3.8823e-15      0.02079
_SET3_   1268          6   88849583   88876063     55      15  397365     -0.72881      0.55697   -3.8858e-15     -0.72881
_SET3_   57226         6   90341943   90348474     12       3  388497      -1.8151      0.91026   -3.7748e-15      -1.8151
_SET3_   9994          6   90539619   90584155     92      17  398563      -1.2561      0.74627   -3.7748e-15      -1.2561
_SET3_   2898          6  101841584  102517958   1964     116  393040       1.9722   0.00040533   -3.7748e-15       1.9722
_SET3_   57531         6  105175968  105307794    275      14  401545       -1.729      0.85666   -3.7748e-15       -1.729
_SET3_   64208         6  105605775  105627858     66       7  411410      -2.2975      0.96851   -3.9968e-15      -2.2975
_SET3_   84816         6  107018903  107077373    211      14  401298      -1.6032      0.83999   -3.7748e-15      -1.6032
_SET3_   2309          6  108881026  109005972    171      20  388867      0.98962     0.053317   -3.8858e-15      0.98962
_SET3_   9841          6  109783719  109804440     39       8  406384     0.078358      0.26832   -3.8858e-15     0.078358
_SET3_   221264        6  109814059  110012415    478      13  401404     -0.93769       0.5683   -3.8858e-15     -0.93769
_SET3_   9896          6  110012424  110146634    258      25  400763     -0.65406      0.48697   -3.8858e-15     -0.65406
_SET3_   8936          6  110421022  110501219    198      14  400109       1.2309     0.043414   -3.7748e-15       1.2309
_SET3_   117247        6  111408728  111544608    219      20  393362      0.32902      0.16155   -3.8858e-15      0.32902
_SET3_   51175         6  112391860  112408751     20       3  400298       1.3532     0.035254   -3.7748e-15       1.3532
_SET3_   3910          6  112429134  112575924    357      37  399942      0.73452     0.069289   -3.8858e-15      0.73452
_SET3_   23270         6  116571127  116575261     12       4  402970       2.7494    0.0005549   -3.9968e-15       2.7494
_SET3_   7259          6  116596022  116601280     14       3  392414       1.8283     0.010582   -3.7748e-15       1.8283
_SET3_   57120         6  117881432  117923705     85      14  396674       1.4022     0.023542   -3.7748e-15       1.4022
_SET3_   116150        6  117996617  118031890     89      16  407255       1.7456     0.010604   -3.7748e-15       1.7456
_SET3_   222553        6  118228689  118638839   1024      58  399514      0.41202     0.073192   -3.8858e-15      0.41202
_SET3_   79632         6  119280992  119470552    534      39  397616     -0.89739       0.5351   -3.8858e-15     -0.89739
_SET3_   4121          6  119498366  119671774    636      27  404181       0.1549      0.15434   -3.8858e-15       0.1549
_SET3_   2697          6  121756745  121770873     36       8  352927      0.71978      0.11666   -3.8858e-15      0.71978
_SET3_   3298          6  122720696  122754264     64       8  401790     -0.42967      0.45251   -3.8858e-15     -0.42967
_SET3_   57515         6  122764493  122793051     67      10  404196     -0.73281      0.56996   -3.8858e-15     -0.73281
_SET3_   5570          6  122793062  123047518    604      40  398196      -1.1668      0.62378   -3.7748e-15      -1.1668
_SET3_   23493         6  126066211  126082415     29       4  384600        1.123     0.050685   -3.7748e-15        1.123
_SET3_   135112        6  126102307  126253176    270      23  397339      0.91194     0.054589   -3.8858e-15      0.91194
_SET3_   5796          6  128289924  128841870    940      68  382584     -0.61564      0.38841   -3.8858e-15     -0.61564
_SET3_   2037          6  131160487  131384462    659      29  393004      -1.9871      0.86934   -3.7748e-15      -1.9871
_SET3_   9439          6  131895106  131949379     54      12  403475     -0.49995      0.49516   -3.8858e-15     -0.49995
_SET3_   9519          6  134273308  134308638     78       9  397890      0.68424      0.11166   -3.8858e-15      0.68424
_SET3_   10767         6  135281516  135376036    209       8  399987     -0.57619      0.47986   -3.8858e-15     -0.57619
_SET3_   4602          6  135502453  135540311     62      10  400871      -1.4138      0.79871   -3.7748e-15      -1.4138
_SET3_   54806         6  135604670  135818903    361      29  361055      -2.2103      0.93581   -3.9968e-15      -2.2103
_SET3_   9774          6  136578001  136611783     20       6  372151     -0.24271      0.41874   -3.8858e-15     -0.24271
_SET3_   9053          6  136663419  136871957    247      19  372065      -0.6529      0.52151   -3.8858e-15      -0.6529
_SET3_   340146        6  137243402  137246777      3       2  410577       -1.472      0.85718   -3.7748e-15       -1.472
_SET3_   57221         6  138483053  138665800    486      33  374887     -0.58265      0.45949   -3.8858e-15     -0.58265
_SET3_   25901         6  139094657  139114456     63       9  401970      0.18617      0.23463   -3.8858e-15      0.18617
_SET3_   85021         6  139225620  139309419    271      15  398977       1.3871     0.020926   -3.7748e-15       1.3871
_SET3_   167838        6  139561198  139645148    207      24  402934      0.13889      0.21159   -3.8858e-15      0.13889
_SET3_   51390         6  143381979  143661441    519      43  385652      0.71585     0.067041   -3.8858e-15      0.71585
_SET3_   5325          6  144261437  144385736    306      36  389208     -0.24165      0.32062   -3.8858e-15     -0.24165
_SET3_   7402          6  144606434  145174170   1118      73  389973     -0.44495      0.27838   -3.8858e-15     -0.44495
_SET3_   7957          6  145946440  146057128    238      15  388963      0.81956     0.069331   -3.8858e-15      0.81956
_SET3_   23345         6  152442819  152958534   1684     120  394721       3.8318   1.8449e-07   -3.9968e-15       3.8318
_SET3_   4988          6  154331631  154568001    641      48  403112      -1.1375       0.6136   -3.7748e-15      -1.1375
_SET3_   26034         6  154475618  154677900    688      63  397367      -1.3056      0.67337   -3.7748e-15      -1.3056
_SET3_   154043        6  154726433  154831753    431      59  393466     -0.65319      0.46173   -3.8858e-15     -0.65319
_SET3_   22828         6  155054512  155282708    483      55  396939       1.7392     0.005755   -3.7748e-15       1.7392
_SET3_   26230         6  155316488  155578857    971      98  395789       1.3485     0.010716   -3.7748e-15       1.3485
_SET3_   57492         6  157098980  157531913    937      73  398024       1.3291     0.011044   -3.7748e-15       1.3291
_SET3_   51429         6  158137078  158366109    694      38  394634      -1.0632      0.57164   -3.7748e-15      -1.0632
_SET3_   57583         6  158957468  159056467    304      22  395841     0.023407      0.22813   -3.8823e-15     0.023407
_SET3_   83861         6  159398077  159421424    137       7  398854      0.94036     0.088212   -3.8858e-15      0.94036
_SET3_   6648          6  160100148  160114353     51       7  406719        1.586     0.016371   -3.7748e-15        1.586
_SET3_   9589          6  160147712  160177351     71      11  396950       1.6402     0.013622   -3.7748e-15       1.6402
_SET3_   5071          6  161768590  163148834   4857     237  400114      -2.5768      0.85261   -3.9968e-15      -2.5768
_SET3_   9444          6  163835675  163999628    330      18  399476       3.2343   4.5529e-05   -3.9968e-15       3.2343
_SET3_   10846         6  165740776  166075588   1136     111  398152      -1.0977      0.54408   -3.7748e-15      -1.0977
_SET3_   6196          6  166822854  167275948   1590     142  395529        4.592   4.0403e-09   -3.5527e-15        4.592
_SET3_   4301          6  168227602  168372703    390      19  400312      0.78647     0.066304   -3.8858e-15      0.78647
_SET3_   84498         6  170615812  170716155    254      16  396141     -0.61001      0.49052   -3.8858e-15     -0.61001
_SET3_   29960         7    2273830    2281840     24       8  388605       3.6698   1.3695e-05   -3.9968e-15       3.6698
_SET3_   155185        7    2719163    2755069    170      34  383175      -1.2184      0.71007   -3.7748e-15      -1.2184
_SET3_   26100         7    5229835    5273486    153      24  398701     -0.83341      0.58517   -3.8858e-15     -0.83341
_SET3_   54476         7    5659672    5821361    540      23  400756      -1.4597      0.77133   -3.7748e-15      -1.4597
_SET3_   729852        7    7680342    7918854   1106      99  400183      -1.8267      0.79317   -3.7748e-15      -1.8267
_SET3_   113263        7    8008374    8128710    323      18  397125      -1.2385      0.70258   -3.7748e-15      -1.2385
_SET3_   3382          7    8152814    8302242    581      67  389384      -2.2808       0.9314   -3.9968e-15      -2.2808
_SET3_   9678          7   11013495   11209250    458      23  389407       1.4478     0.013142   -3.7748e-15       1.4478
_SET3_   54664         7   12250848   12276890    161       8  403364       1.7648    0.0090658   -3.7748e-15       1.7648
_SET3_   85477         7   12609989   12693228    314      38  399361     -0.79692      0.53398   -3.8858e-15     -0.79692
_SET3_   2115          7   13930854   14031050    371      46  400901      -2.5661      0.96619   -3.9968e-15      -2.5661
_SET3_   1607          7   14184674   14943281   2380     128  398219      0.55707     0.020667   -3.8858e-15      0.55707
_SET3_   9734          7   18126572   19039135   2247     160  391763     -0.84445      0.26307   -3.8858e-15     -0.84445
_SET3_   256130        7   19758938   19812404    186      17  394826     -0.19019      0.34265   -3.8858e-15     -0.19019
_SET3_   9771          7   22157908   22396751    722      50  401678      -1.5285      0.73848   -3.7748e-15      -1.5285
_SET3_   55975         7   23145353   23215040    198      11  404012      0.57206      0.11837   -3.8858e-15      0.57206
_SET3_   340277        7   23719231   23742269     77      13  395678     -0.34452      0.40361   -3.8858e-15     -0.34452
_SET3_   54205         7   25158270   25164980     12       5  393296     -0.60617      0.54663   -3.8858e-15     -0.60617
_SET3_   8887          7   27778992   27869386    191      26  382817       3.4155   2.4831e-05   -3.9968e-15       3.4155
_SET3_   1124          7   29233991   29553944   1103      92  397862      0.31734      0.09058   -3.8858e-15      0.31734
_SET3_   644150        7   29846170   29956682    362      32  395742       3.4845    1.183e-05   -3.9968e-15       3.4845
_SET3_   2617          7   30634181   30673649    104      14  338958       1.0127     0.063075   -3.7748e-15       1.0127
_SET3_   117           7   31092076   31151093    150      30  399664     -0.61032      0.48694   -3.8858e-15     -0.61032
_SET3_   27241         7   33169144   33645680   1338      51  389777     -0.89725      0.38759   -3.8858e-15     -0.89725
_SET3_   168667        7   33944523   34195484    494      53  393655      0.51101     0.096299   -3.8858e-15      0.51101
_SET3_   23333         7   34968491   35077653    346      17  401110     -0.24161      0.32158   -3.8858e-15     -0.24161
_SET3_   23366         7   36363759   36429734    167      24  392651       1.2597     0.028932   -3.7748e-15       1.2597
_SET3_   9844          7   36892511   37488895   1799     117  388331       -2.242      0.82818   -3.9968e-15       -2.242
_SET3_   27072         7   38763543   38948800    593      25  399954      -1.1104      0.60695   -3.7748e-15      -1.1104
_SET3_   8621          7   39989959   40136733    254      18  392664       0.7992     0.070438   -3.8858e-15       0.7992
_SET3_   23072         7   43152198   43603213   1344      99  396308      -1.9797      0.80255   -3.7748e-15      -1.9797
_SET3_   28988         7   44084239   44101315     58       8  383229     -0.38262      0.44188   -3.8858e-15     -0.38262
_SET3_   5425          7   44154279   44163267     19       7  384756     -0.37658       0.4386   -3.8858e-15     -0.37658
_SET3_   816           7   44256749   44365230    286      23  393001      0.71693     0.078812   -3.8858e-15      0.71693
_SET3_   23386         7   44421965   44530474    210      10  396826     -0.51067      0.47473   -3.8858e-15     -0.51067
_SET3_   4967          7   44646104   44748669    216      25  336590       2.4677    0.0010459   -3.9968e-15       2.4677
_SET3_   5814          7   44915892   44924960      8       4  378383      0.16263      0.26664   -3.8858e-15      0.16263
_SET3_   154664        7   48211057   48687091   1725      61  398271     -0.17513      0.11772   -3.8858e-15     -0.17513
_SET3_   1644          7   50526134   50633154    502      30  398607      -1.1462      0.63796   -3.7748e-15      -1.1462
_SET3_   2887          7   50657760   50861159    654      32  397112      0.79511     0.047645   -3.8858e-15      0.79511
_SET3_   222008        7   54610019   54636948     72      13  398733     -0.83508       0.6132   -3.8858e-15     -0.83508
_SET3_   51351         7   64434830   64451414     64       6  407158       2.6361   0.00081295   -3.9968e-15       2.6361
_SET3_   26053         7   69063905   70257885   2415      83  391866    -0.079747     0.070579   -3.8858e-15    -0.079747
_SET3_   84277         7   73095248   73097781     13       3  411066      0.96656     0.076188   -3.8858e-15      0.96656
_SET3_   114049        7   73097898   73112551     45       6  402629      0.79821     0.094416   -3.8858e-15      0.79821
_SET3_   5982          7   73645832   73668788     38       8  386008       1.2655     0.044385   -3.7748e-15       1.2655
_SET3_   389524        7   74508187   74565623      2       1  192880      0.79456      0.27685   -3.8858e-15      0.79456
_SET3_   100101267     7   75046060   75115565     94      16  384369       1.2128     0.036219   -3.7748e-15       1.2128
_SET3_   57414         7   75508317   75518244     16       5  383436     -0.44373      0.48475   -3.8858e-15     -0.44373
_SET3_   7532          7   75956108   75988342     63       9  387939       1.5357     0.017774   -3.7748e-15       1.5357
_SET3_   5782          7   77166773   77269388    259      16  390789       -1.115      0.68117   -3.7748e-15       -1.115
_SET3_   222194        7   77325743   77409120    221      19  391679     -0.97596      0.62158   -3.8858e-15     -0.97596
_SET3_   57157         7   77428109   77586821    335      20  387005      -1.5954      0.81957   -3.7748e-15      -1.5954
_SET3_   9863          7   77646374   79083121   5149     247  396587       1.4295    0.0015872   -3.7748e-15       1.4295
_SET3_   27445         7   82383321   82792197   1127      46  393992       3.3641   3.8498e-06   -3.9968e-15       3.3641
_SET3_   154661        7   87257729   87461613    293      15  393844       2.6794   0.00069481   -3.9968e-15       2.6794
_SET3_   10926         7   87505544   87538856     63       9  400723       2.4371      0.00205   -3.9968e-15       2.4371
_SET3_   261729        7   89841000   89866992     76      11  401593      -1.2343      0.74939   -3.7748e-15      -1.2343
_SET3_   9069          7   90032648   90045268     28       9  397423      0.24597      0.22886   -3.8858e-15      0.24597
_SET3_   5218          7   90225681   90839905   1812      63  397366      -1.5861      0.57119   -3.7748e-15      -1.5861
_SET3_   889           7   91828283   91875414     47       9  391392       1.4402     0.023052   -3.7748e-15       1.4402
_SET3_   5189          7   92116337   92157845     58       9  406981       1.3205     0.036891   -3.7748e-15       1.3205
_SET3_   440           7   97481429   97501854     62      12  402971    -0.044162       0.2948   -3.8788e-15    -0.044162
_SET3_   25851         7   97844755   97881563     92      10  400661      -1.8408      0.89405   -3.7748e-15      -1.8408
_SET3_   222865        7   98444111   98467673     42       7  399893      0.26114      0.22733   -3.8858e-15      0.26114
_SET3_   285989        7   99070476   99085408     19       7  407104       2.5104    0.0016659   -3.9968e-15       2.5104
_SET3_   79027         7   99156034   99174076     30       9  384585       2.1089    0.0055781   -3.9968e-15       2.1089
_SET3_   10980         7   99686583   99689823      3       1  401473      0.99404      0.11474   -3.8858e-15      0.99404
_SET3_   222950        7  100081550  100092425     19       5  383353       1.0232      0.06686   -3.7748e-15       1.0232
_SET3_   3268          7  100136834  100165843     30       5  382456       1.3824     0.034886   -3.7748e-15       1.3824
_SET3_   2783          7  100271363  100276792      7       4  376958       1.5693     0.022864   -3.7748e-15       1.5693
_SET3_   56996         7  100450337  100464634     26       5  400056       3.2142   9.0481e-05   -3.9968e-15       3.2142
_SET3_   51593         7  100472701  100486285     30       6  373354       2.1628    0.0033834   -3.9968e-15       2.1628
_SET3_   43            7  100487615  100493754     14       6  408637       3.6754     1.36e-05   -3.9968e-15       3.6754
_SET3_   1174          7  100797685  100804557     26       4  398343       -0.656      0.56284   -3.8858e-15       -0.656
_SET3_   222236        7  102740023  102791081     73      12  396776     -0.81804       0.6289   -3.8858e-15     -0.81804
_SET3_   9512          7  102937873  102970349     44      14  401110     -0.24156      0.40316   -3.8858e-15     -0.24156
_SET3_   5701          7  102984852  103009842     44      10  391616     -0.16091       0.3862   -3.8858e-15     -0.16091
_SET3_   5649          7  103112231  103629963   1972     108  399792      -1.2075      0.41716   -3.7748e-15      -1.2075
_SET3_   375612        7  103969104  104549005   1675      99  398328  -7.7597e-05     0.099101   -3.8821e-15  -7.7597e-05
_SET3_   55904         7  104654637  104754532    132      10  397626        3.913    3.846e-06   -3.9968e-15        3.913
_SET3_   6733          7  104754048  105039614    504      18  396126       2.9796   7.9537e-05   -3.9968e-15       2.9796
_SET3_   10135         7  105888731  105926373     87      13  394168     -0.28047      0.38251   -3.8858e-15     -0.28047
_SET3_   55973         7  107220422  107263762     66       9  391716      0.81607     0.085714   -3.8858e-15      0.81607
_SET3_   5172          7  107301080  107358254     83      17  390166      0.50543      0.12864   -3.8858e-15      0.50543
_SET3_   79872         7  107383942  107402112     33       6  387607      0.12222       0.2531   -3.8858e-15      0.12222
_SET3_   1738          7  107531586  107561643     59       7  395179     -0.62734      0.52646   -3.8858e-15     -0.62734
_SET3_   3912          7  107564244  107643804    182      33  396308      -0.1889      0.31217   -3.8858e-15      -0.1889
_SET3_   4897          7  107788071  108096841   1045      46  391099       2.0428   0.00099206   -3.9968e-15       2.0428
_SET3_   50640         7  108110866  108168605    137      16  398998       1.9115    0.0057409   -3.7748e-15       1.9115
_SET3_   93986         7  113726365  114333827    873      50  378780    -0.074162      0.18784   -3.8858e-15    -0.074162
_SET3_   858           7  116139655  116148595     32       5  403933     -0.53087      0.50667   -3.8858e-15     -0.53087
_SET3_   830           7  116502533  116559315     58       6  398165      -1.0564       0.7035   -3.7748e-15      -1.0564
_SET3_   7982          7  116593381  116870077    391      47  386537        2.016     0.003285   -3.9968e-15        2.016
_SET3_   83992         7  117350702  117513561    342      41  395870       1.8029     0.005899   -3.7748e-15       1.8029
_SET3_   23554         7  120427374  120498420     99      12  393678      0.10962      0.25366   -3.8858e-15      0.10962
_SET3_   5803          7  121513159  121702090    427      35  398181     -0.44497      0.37306   -3.8858e-15     -0.44497
_SET3_   4698          7  123181083  123197958     31       6  381371      -1.0961        0.717   -3.7748e-15      -1.0961
_SET3_   8976          7  123321981  123389125    152      14  388794     -0.29119      0.36519   -3.8858e-15     -0.29119
_SET3_   381           7  127228406  127231759      9       3  409615    -0.004278      0.31667   -3.8823e-15    -0.004278
_SET3_   55131         7  127950429  127983962     67       9  395307      -1.5002      0.82935   -3.7748e-15      -1.5002
_SET3_   23382         7  128864855  129070052    394      25  397943       0.1106       0.2024   -3.8858e-15       0.1106
_SET3_   57464         7  129074274  129128240     98      10  391146      0.65018      0.10838   -3.8858e-15      0.65018
_SET3_   5420          7  131185021  131241376    177      37  395324      -1.1616      0.69343   -3.7748e-15      -1.1616
_SET3_   54927         7  132469623  132766839    541      22  391507      -1.2827      0.67833   -3.7748e-15      -1.2827
_SET3_   800           7  134464164  134655480    474      42  398723      -1.0698      0.60883   -3.7748e-15      -1.0698
_SET3_   9162          7  137074385  137531609    765      64  390785         1.47    0.0091436   -3.7748e-15         1.47
_SET3_   55750         7  141251078  141354209    142      11  376676      -1.0316      0.69504   -3.7748e-15      -1.0316
_SET3_   26047         7  145813453  148118090   7842     292  398848      0.41428     0.025737   -3.8858e-15      0.41428
_SET3_   116988        7  150782918  150841523    138      19  391704       1.4528     0.018243   -3.7748e-15       1.4528
_SET3_   51422         7  151253200  151574316   1106     130  394872      0.34228     0.098857   -3.8858e-15      0.34228
_SET3_   63917         7  151722774  151819427    137       9  386030      0.27038      0.25394   -3.8858e-15      0.27038
_SET3_   58508         7  151832010  152133090    297      12  255844       0.3334      0.27936   -3.8858e-15       0.3334
_SET3_   57180         7  152456834  152552464    172      20  357571      0.03539      0.25466   -3.8788e-15      0.03539
_SET3_   155435        7  155437188  155574179    352      11  402406       1.8265    0.0068394   -3.7748e-15       1.8265
_SET3_   64327         7  156470537  156685902    695      27  402132  -0.00095507      0.19996   -3.8821e-15  -0.00095507
_SET3_   10049         7  157129692  157210133    268      22  394991      -1.0707      0.64472   -3.7748e-15      -1.0707
_SET3_   5799          7  157331750  158380482   3645     239  389249      0.50269     0.020998   -3.8858e-15      0.50269
_SET3_   157697        8     606733     681226    391      32  392676       1.2176     0.024563   -3.7748e-15       1.2176
_SET3_   9228          8     877021    1656642   3732     197  388573       1.6942   0.00067164   -3.7748e-15       1.6942
_SET3_   64478         8    2792875    4852328  15561     558  393045       1.0826    0.0037395   -3.7748e-15       1.0826
_SET3_   79648         8    6264113    6501140   1218      83  377784      0.36142     0.073679   -3.8858e-15      0.36142
_SET3_   55326         8    6565878    6619024    171      20  397278    -0.092649      0.28944   -3.8858e-15    -0.092649
_SET3_   2222          8   11653467   11696818    240      26  393969       0.3633      0.14753   -3.8858e-15       0.3633
_SET3_   1508          8   11700033   11725646    136      16  397378      0.74027     0.086284   -3.8858e-15      0.74027
_SET3_   7991          8   15397596   15624158    828      26  392207      -1.0835      0.55057   -3.7748e-15      -1.0835
_SET3_   29883         8   17086737   17104387     40       8  394186       1.7523     0.012786   -3.7748e-15       1.7523
_SET3_   6542          8   17354597   17428077    401      61  385423      0.13354      0.19422   -3.8858e-15      0.13354
_SET3_   57509         8   17501303   17658729    870      61  399321       0.4398     0.083553   -3.8858e-15       0.4398
_SET3_   5108          8   17780364   17887457    457      22  392240      0.33589      0.13762   -3.8858e-15      0.33589
_SET3_   427           8   17913925   17942507    171      15  397305      0.32814      0.16553   -3.8858e-15      0.32814
_SET3_   4023          8   19796582   19824770    114      18  396402      -1.0883      0.68782   -3.7748e-15      -1.0883
_SET3_   11178         8   20103676   20161492    215      42  389884       1.8236    0.0059804   -3.7748e-15       1.8236
_SET3_   2039          8   21906660   21940036    117      13  386575      0.95665     0.069166   -3.8858e-15      0.95665
_SET3_   10174         8   22402228   22433008     64      20  384526       1.4148      0.02031   -3.7748e-15       1.4148
_SET3_   57805         8   22462145   22477984     53       6  401150       2.0689    0.0047961   -3.9968e-15       2.0689
_SET3_   55909         8   22477931   22526661    129      16  397414        1.774    0.0083965   -3.7748e-15        1.774
_SET3_   23221         8   22844930   22877710     74      15  388072     0.045738      0.26867   -3.8788e-15     0.045738
_SET3_   4741          8   24770712   24776607      6       3  402338      -1.1878      0.77128   -3.7748e-15      -1.1878
_SET3_   64641         8   25699246   25902640    582      68  395163      0.26597      0.13889   -3.8858e-15      0.26597
_SET3_   5520          8   26149007   26230196    183      28  404112      0.58089      0.11222   -3.8858e-15      0.58089
_SET3_   1191          8   27454434   27472328     38       6  403758      -1.6716      0.87227   -3.7748e-15      -1.6716
_SET3_   7976          8   28351722   28431785    137       6  401357      -1.8694      0.90425   -3.7748e-15      -1.8694
_SET3_   51669         8   29920609   29940649     37       6  401963      0.21482      0.26052   -3.8858e-15      0.21482
_SET3_   23484         8   29952922   29995222     86      10  385069      0.31881      0.21057   -3.8858e-15      0.31881
_SET3_   3084          8   31496820   32622558   3428     132  396380      0.40613     0.030686   -3.8858e-15      0.40613
_SET3_   137970        8   35092975   35654068    939      50  384890      0.84225     0.033323   -3.8858e-15      0.84225
_SET3_   6770          8   38000218   38008783      8       4  381309     -0.27774      0.46201   -3.8858e-15     -0.27774
_SET3_   9530          8   38034106   38070819     54       4  389898       2.8488   0.00043783   -3.9968e-15       2.8488
_SET3_   54904         8   38127217   38239872    137      12  392604       2.7614    0.0004211   -3.9968e-15       2.7614
_SET3_   2260          8   38268656   38326352     81      16  403287       2.8607   0.00027061   -3.9968e-15       2.8607
_SET3_   6867          8   38585704   38710546    226      25  390668      0.38084      0.14458   -3.8858e-15      0.38084
_SET3_   8754          8   38854505   38962780    203      19  400091      0.79659     0.072868   -3.8858e-15      0.79659
_SET3_   79698         8   40388109   40755345   1118      76  400543     -0.31617      0.23191   -3.8858e-15     -0.31617
_SET3_   6422          8   41119476   41166990    117      15  403821      0.23486      0.19349   -3.8858e-15      0.23486
_SET3_   137964        8   41435702   41482520    123      12  385970     -0.20996      0.34229   -3.8858e-15     -0.20996
_SET3_   286           8   41510744   41754280    725      66  397800       1.6018    0.0066064   -3.7748e-15       1.6018
_SET3_   10947         8   42010464   42028701     29       5  397025     0.057671      0.28296   -3.8788e-15     0.057671
_SET3_   7419          8   42249279   42263455     14       4  386806      0.65325      0.17732   -3.8858e-15      0.65325
_SET3_   84197         8   42948649   42978323     40       7  397569     -0.01665       0.3659   -3.8823e-15     -0.01665
_SET3_   5591          8   48685669   48872743    143      21  384521      -0.5148      0.50079   -3.8858e-15      -0.5148
_SET3_   7336          8   48920966   48977268     35      10  376998      -1.3668      0.80531   -3.7748e-15      -1.3668
_SET3_   4986          8   54138276   54164257    141      13  401329      -1.4583      0.82409   -3.7748e-15      -1.4583
_SET3_   79145         8   57124315   57131178      8       5  402124     -0.63125      0.57772   -3.8858e-15     -0.63125
_SET3_   5179          8   57353513   57359282     18       4  387258      -1.4309      0.82442   -3.7748e-15      -1.4309
_SET3_   8439          8   59496063   59572404    177      19  384821     -0.89803      0.59711   -3.8858e-15     -0.89803
_SET3_   5862          8   61429469   61536203    206      12  404574      -1.7561      0.87009   -3.7748e-15      -1.7561
_SET3_   157807        8   62200514   62414204    400      44  377190      0.90527     0.049081   -3.8858e-15      0.90527
_SET3_   444           8   62413115   62627199    488      37  400461       2.1425     0.001747   -3.9968e-15       2.1425
_SET3_   5150          8   66626569   66753969    294      20  395341     0.085421      0.23197   -3.8858e-15     0.085421
_SET3_   137872        8   67344693   67384260    126      15  400287      0.92788     0.060157   -3.8858e-15      0.92788
_SET3_   23678         8   67624653   67774257    236      11  390708      0.80348      0.10657   -3.8858e-15      0.80348
_SET3_   79848         8   67976588   68108849    138      12  393194     -0.37341      0.47243   -3.8858e-15     -0.37341
_SET3_   23213         8   70378859   70573147    494      76  396924      0.30658        0.142   -3.8858e-15      0.30658
_SET3_   81796         8   70584110   70747299    406      38  374972      -1.5331      0.77819   -3.7748e-15      -1.5331
_SET3_   51110         8   71549501   71581447     99      13  397582     -0.45047       0.4413   -3.8858e-15     -0.45047
_SET3_   7013          8   73921097   73959987     66       8  397130       1.0581     0.052391   -3.7748e-15       1.0581
_SET3_   6129          8   74202874   74205869      8       4  411247      0.79666     0.099515   -3.8858e-15      0.79666
_SET3_   27067         8   74332604   74659943    884      38  401797      0.26107      0.10953   -3.8858e-15      0.26107
_SET3_   83690         8   75896708   75946793    156      19  365429      -1.3694      0.78266   -3.7748e-15      -1.3694
_SET3_   5828          8   77892494   77913280     49      11  369744     -0.21924      0.37853   -3.8858e-15     -0.21924
_SET3_   3612          8   82569151   82599029     76      16  366405     -0.51086      0.48437   -3.8858e-15     -0.51086
_SET3_   79752         8   82613566   82633539     69      12  351066     0.098157      0.26078   -3.8858e-15     0.098157
_SET3_   138046        8   85095453   85834079   1573      47  387270     -0.16351      0.12536   -3.8858e-15     -0.16351
_SET3_   11059         8   87354965   87480181    332      19  395677      -2.1597      0.92821   -3.9968e-15      -2.1597
_SET3_   4683          8   90945564   90996952    131      11  399455       2.5326   0.00090936   -3.9968e-15       2.5326
_SET3_   793           8   91070836   91095107     38       8  384411        2.101    0.0049726   -3.9968e-15        2.101
_SET3_   100127983     8   91970706   91997485     44       7  401911      0.27642      0.21129   -3.8858e-15      0.27642
_SET3_   55529         8   92006499   92053203     84      11  384351    0.0024984      0.27983   -3.8819e-15    0.0024984
_SET3_   862           8   92967195   93115454    171       7  398455       2.6277   0.00073361   -3.9968e-15       2.6277
_SET3_   286144        8   93895758   93978372    111      24  383731     -0.64917      0.51671   -3.8858e-15     -0.64917
_SET3_   91147         8   94767072   94831462     43       9  376092      -1.6298      0.85474   -3.7748e-15      -1.6298
_SET3_   54704         8   94929083   94938296      6       1  413466     -0.16921      0.41019   -3.8858e-15     -0.16921
_SET3_   55656         8   95835518   95892721    166      16  403248      0.42979      0.15067   -3.8858e-15      0.42979
_SET3_   9791          8   97274167   97346774    137      18  389009        3.407   2.6815e-05   -3.9968e-15        3.407
_SET3_   6383          8   97505579   97624037    329      40  395740      0.69767     0.077891   -3.8858e-15      0.69767
_SET3_   85453         8   98285714   98290192      9       4  400732     -0.59835      0.54392   -3.8858e-15     -0.59835
_SET3_   25897         8  101269285  101348446    133       8  398908      -1.6757       0.8617   -3.7748e-15      -1.6757
_SET3_   7534          8  101930804  101965717     82       9  398247       1.3772       0.0279   -3.7748e-15       1.3772
_SET3_   51366         8  103264501  103424947    410      29  399295      0.75699     0.073042   -3.8858e-15      0.75699
_SET3_   25879         8  104426942  104455681     70       8  399795      -1.2114      0.74452   -3.7748e-15      -1.2114
_SET3_   9699          8  104512426  105266656   2244      30  402599      0.39276     0.021891   -3.8858e-15      0.39276
_SET3_   1807          8  105391652  105479281    244      35  395415       -1.285      0.72751   -3.7748e-15       -1.285
_SET3_   29967         8  105501459  105601252    150      17  386160     -0.67421       0.5437   -3.8858e-15     -0.67421
_SET3_   55074         8  107282406  107764922   1247      58  390863      -1.0866      0.47836   -3.7748e-15      -1.0866
_SET3_   3646          8  109213972  109260959    133      10  395961     -0.80562      0.57811   -3.8858e-15     -0.80562
_SET3_   9166          8  110551929  110578225     38      10  388578   -0.0091228      0.30085   -3.8823e-15   -0.0091228
_SET3_   55638         8  110586405  110704020    243      22  392844       -1.332      0.75299   -3.7748e-15       -1.332
_SET3_   27012         8  110979233  110987963     13       4  395743      0.10725      0.35191   -3.8858e-15      0.10725
_SET3_   114788        8  113235157  114449242   2873      68  402805      -1.9498       0.6358   -3.7748e-15      -1.9498
_SET3_   8667          8  117657055  117768258    211      21  396271      -1.9925      0.91315   -3.7748e-15      -1.9925
_SET3_   169026        8  117962512  118188953    407      27  400791      -2.3022      0.94062   -3.9968e-15      -2.3022
_SET3_   2131          8  118811602  119124058    712      51  392556     -0.62483      0.39197   -3.8858e-15     -0.62483
_SET3_   114569        8  120220610  120257913     56      12  385684      -0.9028      0.63902   -3.8858e-15      -0.9028
_SET3_   84933         8  124232196  124253656      5       3  280870       1.2499     0.065324   -3.7748e-15       1.2499
_SET3_   4715          8  125551343  125580751    122      19  402528      0.80383     0.075673   -3.8858e-15      0.80383
_SET3_   9788          8  125563025  125740730    639      72  399683      0.89169     0.043231   -3.8858e-15      0.89169
_SET3_   50807         8  131064350  131455906   1190      36  374799      -1.3141      0.58184   -3.7748e-15      -1.3141
_SET3_   23167         8  132916356  133025889    304      20  353732      -1.1355      0.67345   -3.7748e-15      -1.1355
_SET3_   51105         8  133787604  133861052    122      13  394102      -2.3887      0.96175   -3.9968e-15      -2.3887
_SET3_   6503          8  134048973  134115604    272      17  401130      -2.1181      0.92304   -3.9968e-15      -2.1181
_SET3_   6482          8  134467091  134584697    444      76  387902      0.23491      0.16626   -3.8858e-15      0.23491
_SET3_   57210         8  142217273  142310241    325      37  401244      0.36796      0.13601   -3.8858e-15      0.36796
_SET3_   8629          8  143738874  143751412     50       4  395485      0.81576     0.095083   -3.8858e-15      0.81576
_SET3_   51337         8  143808621  143818350     24       6  387009      -0.1667      0.35322   -3.8858e-15      -0.1667
_SET3_   66004         8  143845756  143859640     42      10  400916       1.2397     0.035366   -3.7748e-15       1.2397
_SET3_   642475        8  144648362  144654928     21       5  393105      0.22066      0.22445   -3.8858e-15      0.22066
_SET3_   23513         8  144873090  144897890     65      14  383986      0.65577      0.11292   -3.8858e-15      0.65577
_SET3_   22827         8  144898514  144911556     28       7  383435      0.87132     0.086004   -3.8858e-15      0.87132
_SET3_   5339          8  144989321  145050913    154       9  382993       4.9182    1.603e-08   -3.5527e-15       4.9182
_SET3_   84232         8  145159305  145162515      3       1  411363      0.20586      0.31061   -3.8858e-15      0.20586
_SET3_   3297          8  145515270  145538385     39       3  385196     -0.61685      0.54746   -3.8858e-15     -0.61685
_SET3_   29894         8  145618446  145634733     21       4  386799     -0.20287      0.37952   -3.8858e-15     -0.20287
_SET3_   51160         8  145648984  145653946      9       3  381999   -0.0086472      0.31527   -3.8823e-15   -0.0086472
_SET3_   84988         8  145703365  145727504     33       8  368763     -0.28904      0.38944   -3.8858e-15     -0.28904
_SET3_   9684          8  145743349  145750562     11       4  387043      -1.1602      0.73692   -3.7748e-15      -1.1602
_SET3_   6595          9    2015342    2193624    644      82  399551     -0.26188      0.29975   -3.8858e-15     -0.26188
_SET3_   403313        9    4662294    4665274      8       4  406023         2.96   0.00030495   -3.9968e-15         2.96
_SET3_   55664         9    4679566    4706594     70       7  402341       2.1065    0.0041056   -3.9968e-15       2.1065
_SET3_   79956         9    5784572    5833081    111      10  390120     -0.18297      0.34503   -3.8858e-15     -0.18297
_SET3_   158358        9    5919008    6008479    209      19  359751       -1.352      0.76551   -3.7748e-15       -1.352
_SET3_   115426        9    6413151    6507054    234      17  400363       1.3737     0.022727   -3.7748e-15       1.3737
_SET3_   23081         9    6720863    7175648   1995     108  400787      -1.9558      0.70151   -3.7748e-15      -1.9558
_SET3_   5789          9    8314246   10612723   9670     451  395002     -0.86701       0.2397   -3.8858e-15     -0.86701
_SET3_   92949         9   18474079   18910948   1684     136  396017      0.10664     0.092392   -3.8858e-15      0.10664
_SET3_   10670         9   19049372   19051023      2       1  413361     -0.80466      0.68572   -3.8858e-15     -0.80466
_SET3_   55667         9   19230763   19374137    405      23  393849     -0.27385      0.32227   -3.8858e-15     -0.27385
_SET3_   4300          9   20341663   20622514    471      58  395211     -0.87551      0.54024   -3.8858e-15     -0.87551
_SET3_   1993          9   23690097   23826342    341      34  400959      0.64415     0.091493   -3.8858e-15      0.64415
_SET3_   286319        9   25676387   25678856     17       4  410479      -1.5021      0.83877   -3.7748e-15      -1.5021
_SET3_   9373          9   26903368   26947468    140      14  394978       1.0892     0.051281   -3.7748e-15       1.0892
_SET3_   158038        9   27948084   29212998   4412     166  397567      0.43476     0.028347   -3.8858e-15      0.43476
_SET3_   23586         9   32455300   32526322    177      17  389458    -0.021557      0.26292   -3.8823e-15    -0.021557
_SET3_   4799          9   33290418   33371155    110      17  383561     -0.20881      0.35663   -3.8858e-15     -0.20881
_SET3_   54926         9   33817162   33920401    245      20  403247       1.5022     0.015316   -3.7748e-15       1.5022
_SET3_   1271          9   34551425   34590713    111      17  402586     -0.50149      0.46887   -3.8858e-15     -0.50149
_SET3_   3590          9   34652182   34661899     12       4  409713      0.30875      0.21303   -3.8858e-15      0.30875
_SET3_   7415          9   35056065   35072739     32       7  390569      -1.3435      0.79454   -3.7748e-15      -1.3435
_SET3_   2189          9   35073833   35080043     10       5  353638     -0.76571       0.6045   -3.8858e-15     -0.76571
_SET3_   84720         9   35087028   35096598     13       6  379860      -1.2297      0.76582   -3.7748e-15      -1.2297
_SET3_   10497         9   35161976   35405334    337      20  399144     -0.73827      0.52052   -3.8858e-15     -0.73827
_SET3_   9853          9   35490007   35561895    106      16  389778     -0.38281      0.40767   -3.8858e-15     -0.38281
_SET3_   4882          9   35789962   35809728     31       5  397053      -2.0917      0.94366   -3.9968e-15      -2.0917
_SET3_   152006        9   36336395   36487568    218      28  387630     -0.34306      0.37277   -3.8858e-15     -0.34306
_SET3_   26267         9   37510889   37576250    187      22  401679       1.1101     0.040268   -3.7748e-15       1.1101
_SET3_   347252        9   38406525   38424444     66      14  408476     -0.08355      0.30668   -3.8858e-15     -0.08355
_SET3_   2650          9   79034752   79122332    328      28  403112     -0.21101      0.30618   -3.8858e-15     -0.21101
_SET3_   158471        9   79226292   79521136    892      72  395228      -1.6621      0.76184   -3.7748e-15      -1.6621
_SET3_   7091          9   82186878   82341658    278      25  395947      0.37586      0.14989   -3.8858e-15      0.37586
_SET3_   4915          9   87283417   87641985    915      66  400789     -0.79312        0.438   -3.8858e-15     -0.79312
_SET3_   1612          9   90112601   90323566    747      71  398706        0.322      0.11152   -3.8858e-15        0.322
_SET3_   10507         9   91975706   92112906    468      40  388209     0.099828      0.19158   -3.8858e-15     0.099828
_SET3_   3376          9   94972489   95056038    182      16  398228      -1.0774      0.68197   -3.7748e-15      -1.0774
_SET3_   55035         9   95059640   95087876     65       9  393194      -1.1096      0.73213   -3.7748e-15      -1.1096
_SET3_   64768         9   95375466   95432547    143      15  348148       -1.824      0.89765   -3.7748e-15       -1.824
_SET3_   23299         9   95473645   95527083    133      12  385952      -1.8142      0.88949   -3.7748e-15      -1.8142
_SET3_   101929748     9   95567667   95570649     16       4  399207     -0.88978      0.66322   -3.8858e-15     -0.88978
_SET3_   65268         9   95946437   96082854    390      29  393777       1.9818    0.0033394   -3.7748e-15       1.9818
_SET3_   23196         9   96214173   96328397    313      18  370969       2.0985     0.002614   -3.9968e-15       2.0985
_SET3_   5253          9   96338909   96441869    420      24  378894       1.1769     0.025734   -3.7748e-15       1.1769
_SET3_   5727          9   98205264   98279247    159      18  374605       1.4609      0.01949   -3.7748e-15       1.4609
_SET3_   8555          9   99252807   99382112    111      19  394733     -0.44465      0.44676   -3.8858e-15     -0.44465
_SET3_   1515          9   99791959   99801925     18       3  405550      -1.4674      0.85235   -3.7748e-15      -1.4674
_SET3_   7046          9  101867412  101916474     84      10  361196      0.87663     0.078965   -3.8858e-15      0.87663
_SET3_   8013          9  102584137  102629173     41       9  378740      -1.6521       0.8601   -3.7748e-15      -1.6521
_SET3_   8577          9  103235520  103339918    218      18  401774     -0.28745       0.3758   -3.8858e-15     -0.28745
_SET3_   445815        9  112542577  112934792   1146     111  398295        4.358   4.5386e-08   -3.5527e-15        4.358
_SET3_   22949         9  114312002  114362135    183      33  396280      -0.5929      0.47767   -3.8858e-15      -0.5929
_SET3_   64420         9  114803061  114937577    332      33  399368      0.58064     0.094757   -3.8858e-15      0.58064
_SET3_   23307         9  115927800  115983641    209      20  404558     -0.40018      0.39585   -3.8858e-15     -0.40018
_SET3_   7099          9  120466453  120479769     28       8  407951     -0.75862      0.60897   -3.8858e-15     -0.75862
_SET3_   727           9  123714613  123812554    210      20  402674     -0.87506      0.58976   -3.8858e-15     -0.87506
_SET3_   51552         9  123940415  123964365     57      10  382349     -0.80628      0.58929   -3.8858e-15     -0.80628
_SET3_   2934          9  124030380  124095122    147      18  394949      -0.1859      0.32399   -3.8858e-15      -0.1859
_SET3_   153090        9  124329162  124547809    438      63  393785       -1.617      0.80981   -3.7748e-15       -1.617
_SET3_   4702          9  124894745  124922098    102      12  404338      -2.0725      0.93174   -3.9968e-15      -2.0725
_SET3_   26468         9  124964856  124991166     42      12  395712      -1.3138      0.76287   -3.7748e-15      -1.3138
_SET3_   57706         9  126141933  126692423   1256      49  398311     -0.48436      0.26711   -3.8858e-15     -0.48436
_SET3_   26130         9  128024073  128127290    130      10  392266      0.66861       0.1007   -3.8858e-15      0.66861
_SET3_   79109         9  128199673  128469513    416      24  394952       1.7558    0.0061279   -3.7748e-15       1.7558
_SET3_   23099         9  129567285  129600489     26      10  375673     -0.60569      0.53377   -3.8858e-15     -0.60569
_SET3_   84253         9  129986750  130155828    270      21  389159       1.7582    0.0071246   -3.7748e-15       1.7582
_SET3_   90678         9  130213765  130265780    113      10  403652      0.84571     0.074983   -3.8858e-15      0.84571
_SET3_   6812          9  130374486  130454995     81      15  388508     -0.26809      0.38631   -3.8858e-15     -0.26809
_SET3_   51117         9  131084791  131096351     28       7  397825       1.2152     0.050313   -3.7748e-15       1.2152
_SET3_   10999         9  131102839  131123749     40      10  397686      0.55735       0.1537   -3.8858e-15      0.55735
_SET3_   6709          9  131314837  131395944     96       7  395475     -0.45777      0.49513   -3.8858e-15     -0.45777
_SET3_   6418          9  131445934  131458675     10       5  388890     -0.52171      0.57529   -3.8858e-15     -0.52171
_SET3_   883           9  131595392  131644354     89       9  387833      0.74853       0.1049   -3.8858e-15      0.74853
_SET3_   56262         9  131644391  131680318     71      10  388810      0.55717      0.14785   -3.8858e-15      0.55717
_SET3_   51759         9  132589564  132597572     46       3  386250      -1.1459      0.75407   -3.7748e-15      -1.1459
_SET3_   10868         9  132597696  132644121    340      12  388379      -1.1028      0.68589   -3.7748e-15      -1.1028
_SET3_   445           9  133320094  133376661    128      23  392192      0.22066      0.19522   -3.8858e-15      0.22066
_SET3_   8021          9  134000948  134110057    205      15  390765      -1.5619      0.83606   -3.7748e-15      -1.5619
_SET3_   84726         9  134305477  134375584    142      11  387527     -0.78825      0.59803   -3.8858e-15     -0.78825
_SET3_   10585         9  134378282  134399193     78       5  408597      -1.9947      0.94282   -3.7748e-15      -1.9947
_SET3_   7248          9  135766735  135820094    104      14  392786      -1.0529      0.68392   -3.7748e-15      -1.0529
_SET3_   5900          9  135973107  136024607    131      17  391301     0.066976      0.23886   -3.8858e-15     0.066976
_SET3_   138162        9  138387026  138391761     17       3  408589       0.7177      0.11511   -3.8858e-15       0.7177
_SET3_   57582         9  138594031  138684993    337      38  382746      -1.8955      0.87984   -3.7748e-15      -1.8955
_SET3_   157922        9  138700333  138799060    145      18  389407      -1.5476      0.82872   -3.7748e-15      -1.5476
_SET3_   23203         9  139305110  139318213     45       9  392022      0.17423       0.2364   -3.8858e-15      0.17423
_SET3_   55684         9  139702374  139735639     42       6  387528       1.5704     0.019627   -3.7748e-15       1.5704
_SET3_   54461         9  139834885  139839298      7       3  348929      -0.1663      0.37144   -3.8858e-15      -0.1663
_SET3_   20            9  139901686  139923374     41      11  326719     -0.26492      0.40815   -3.8858e-15     -0.26492
_SET3_   2902          9  140033609  140063214     39       8  342431      0.28069      0.20326   -3.8858e-15      0.28069
_SET3_   79813         9  140513444  140730579    463      31  331971      0.31294      0.14716   -3.8858e-15      0.31294
_SET3_   23185        10     852854     977645    273      13  391371      0.55459      0.11438   -3.8858e-15      0.55459
_SET3_   84893        10    5931535    5979558    161      18  392300       1.9665    0.0047671   -3.7748e-15       1.9665
_SET3_   84991        10    6130949    6159422     83      18  385451      0.43068      0.15422   -3.8858e-15      0.43068
_SET3_   5209         10    6186843    6277508    369      82  395037      -1.6902      0.84071   -3.7748e-15      -1.6902
_SET3_   57713        10    7200586    7453448    907      66  394016     -0.98891      0.51558   -3.8858e-15     -0.98891
_SET3_   80760        10    7601232    7708961    441      58  315470      0.17164      0.18912   -3.8858e-15      0.17164
_SET3_   509          10    7830093    7849764     52       7  402043       2.3987    0.0016287   -3.9968e-15       2.3987
_SET3_   10659        10   10838851   11378674   1681     127  393368       1.1044     0.010025   -3.7748e-15       1.1044
_SET3_   8559         10   13628939   13672868    106      17  394158      -1.7641      0.87526   -3.7748e-15      -1.7641
_SET3_   55691        10   13685706   14372866   2741     210  392460     -0.57488      0.16929   -3.8858e-15     -0.57488
_SET3_   221074       10   18240768   18332221    358      38  403342      0.25666      0.15929   -3.8858e-15      0.25666
_SET3_   56243        10   23983675   24836772   2334     136  390936      -2.5517      0.86088   -3.9968e-15      -2.5517
_SET3_   57584        10   24872538   25012597    174      18  386337     -0.96132      0.61996   -3.8858e-15     -0.96132
_SET3_   56952        10   25137536   25242680    348      33  387113     0.093132      0.20487   -3.8858e-15     0.093132
_SET3_   57512        10   25464290   25891158   1573      54  394968       1.1316    0.0075914   -3.7748e-15       1.1316
_SET3_   53904        10   26223002   26501465   1153      23  404463      0.11679      0.11092   -3.8858e-15      0.11679
_SET3_   54518        10   26727253   26856732    418      48  397755      0.43987      0.11227   -3.8858e-15      0.43987
_SET3_   22852        10   27284054   27389427    351      19  403532     -0.89552      0.58712   -3.8858e-15     -0.89552
_SET3_   143098       10   28339922   28591953    875      34  400518      -1.0332        0.538   -3.7748e-15      -1.0332
_SET3_   6935         10   31607825   31818742    227      13  392967      -1.2724       0.7709   -3.7748e-15      -1.2724
_SET3_   94134        10   32094326   32217804    202      16  402398     -0.39354      0.39476   -3.8858e-15     -0.39354
_SET3_   1390         10   35415769   35501886    172       8  393441       1.3833     0.024051   -3.7748e-15       1.3833
_SET3_   57209        10   38065454   38147012    245      14  388871     -0.87735      0.60488   -3.8858e-15     -0.87735
_SET3_   219749       10   38238500   38265584     69      10  404421     -0.20948      0.37104   -3.8858e-15     -0.20948
_SET3_   7587         10   38383264   38412280     99       8  403854     -0.16253      0.33912   -3.8858e-15     -0.16253
_SET3_   7582         10   43084532   43134016    104      11  395523       -1.018      0.67851   -3.7748e-15       -1.018
_SET3_   9790         10   43277954   43330385    137      13  401452      0.85358     0.072712   -3.8858e-15      0.85358
_SET3_   221002       10   43689983   43762367    224      23  394356      0.25221      0.17891   -3.8858e-15      0.25221
_SET3_   1103         10   50817141   50873150    155      28  398579      0.25669      0.18049   -3.8858e-15      0.25669
_SET3_   6572         10   50818347   50820766      4       2  409060       1.7648     0.018916   -3.7748e-15       1.7648
_SET3_   55753        10   50942687   50970425     80      11  395402      -1.3786        0.785   -3.7748e-15      -1.3786
_SET3_   5592         10   52750911   54058110   4083     209  397245       2.0316    0.0002019   -3.9968e-15       2.0316
_SET3_   23283        10   53455246   53459355     10       2  393739       1.6393     0.021704   -3.7748e-15       1.6393
_SET3_   220963       10   61410522   61469649    156      22  389951      -1.2214       0.7201   -3.7748e-15      -1.2214
_SET3_   288          10   61786056   62493284   2095      80  396467       3.0335   2.4517e-06   -3.9968e-15       3.0335
_SET3_   22891        10   64133916   64431771    885      69  388558       3.8354   8.3279e-07   -3.9968e-15       3.8354
_SET3_   1959         10   64571756   64578927     12       4  399075        3.161   0.00022386   -3.9968e-15        3.161
_SET3_   55680        10   70100864   70167051    132       9  382166     -0.67105      0.56664   -3.8858e-15     -0.67105
_SET3_   8034         10   70242090   70287280    161      13  398336     -0.91841      0.64916   -3.8858e-15     -0.91841
_SET3_   9559         10   70883908   70932617    110      11  396710       -1.191      0.72969   -3.7748e-15       -1.191
_SET3_   6832         10   70939993   70968854     68       9  390515      -1.5868      0.84956   -3.7748e-15      -1.5868
_SET3_   10367        10   74127084   74385949    378       8  393066      -1.4878      0.78882   -3.7748e-15      -1.4878
_SET3_   90550        10   74451889   74647452    173      13  383613      -2.0773        0.927   -3.9968e-15      -2.0773
_SET3_   310          10   75135189   75173841     64       4  392461       1.0312     0.088357   -3.7748e-15       1.0312
_SET3_   8509         10   75561669   75571589     11       4  405223      0.47205      0.17217   -3.8858e-15      0.47205
_SET3_   7414         10   75757836   75879918    185      24  384317       1.9126    0.0050283   -3.7748e-15       1.9126
_SET3_   26985        10   75880015   75910826     61       7  398476       2.1411    0.0039237   -3.9968e-15       2.1411
_SET3_   23522        10   76584685   76792380    232      18  389675      0.17051      0.23474   -3.8858e-15      0.17051
_SET3_   7417         10   76969912   76991206     44      11  386032      -1.8414      0.90325   -3.7748e-15      -1.8414
_SET3_   3778         10   78629359   79397577   2001     151  397834       1.3157    0.0034379   -3.7748e-15       1.3157
_SET3_   11128        10   79734907   79789298     75      13  390322      0.15106      0.24761   -3.8858e-15      0.15106
_SET3_   4143         10   82031576   82049721     59      11  407375       0.7849     0.087613   -3.8858e-15       0.7849
_SET3_   10718        10   83635070   84746935   3047     153  394822     -0.13342     0.091479   -3.8858e-15     -0.13342
_SET3_   92211        10   85954391   85979377     80      12  394244      0.35136      0.17074   -3.8858e-15      0.35136
_SET3_   2746         10   88809959   88854776     96      14  343711     -0.39076      0.42653   -3.8858e-15     -0.39076
_SET3_   5728         10   89623195   89728532    126      27  395811      -1.2721       0.7578   -3.7748e-15      -1.2721
_SET3_   355          10   90750288   90775542    102      13  402567      -1.9476      0.90859   -3.7748e-15      -1.9476
_SET3_   9211         10   95517566   95557916    113      19  387243       1.1848     0.035991   -3.7748e-15       1.1848
_SET3_   10580        10   97071530   97321171    829      63  390214      -1.3118      0.65099   -3.7748e-15      -1.3118
_SET3_   26123        10   97423153   97453900     63      14  400753      -1.0488      0.67973   -3.7748e-15      -1.0488
_SET3_   84986        10   98981930   99052430    204      15  400540      0.82951     0.076632   -3.8858e-15      0.82951
_SET3_   55361        10   99400443   99436187     69       7  383786     -0.80441      0.60383   -3.8858e-15     -0.80441
_SET3_   26507        10  101088856  101154087    135      21  398638      0.51323      0.12963   -3.8858e-15      0.51323
_SET3_   25956        10  102246397  102279711     52       4  407842      -2.2107      0.96072   -3.9968e-15      -2.2107
_SET3_   79955        10  102767440  102790914     65      20  387154      0.43287      0.14662   -3.8858e-15      0.43287
_SET3_   8945         10  103113790  103317078    384      13  399544       1.1968     0.027219   -3.7748e-15       1.1968
_SET3_   10724        10  103544200  103578930     42       8  399580      0.40352      0.18008   -3.8858e-15      0.40352
_SET3_   8729         10  104005255  104142656    193      23  377493      0.47466      0.12887   -3.8858e-15      0.47466
_SET3_   5662         10  104162374  104179691     22       8  391946      0.90288     0.074065   -3.8858e-15      0.90288
_SET3_   81603        10  104403326  104418076     20       7  393558      0.81083      0.08822   -3.8858e-15      0.81083
_SET3_   403          10  104433484  104474190     64      11  404039       1.8998    0.0067107   -3.7748e-15       1.8998
_SET3_   22978        10  104847774  104953063    231      18  396165       1.9527    0.0044741   -3.7748e-15       1.9527
_SET3_   9118         10  105036919  105050108     20       5  399058     -0.30716      0.41342   -3.8858e-15     -0.30716
_SET3_   79991        10  105637316  105678045     95       9  404969      -0.5794      0.49903   -3.8858e-15      -0.5794
_SET3_   114815       10  108333421  108924466   1553     105  380648     -0.97952      0.41058   -3.8858e-15     -0.97952
_SET3_   120          10  111765627  111895323    160      19  394009       5.3341   1.6937e-09   -3.5527e-15       5.3341
_SET3_   4601         10  111967288  112047123    202      20  397620       1.1553     0.038787   -3.7748e-15       1.1553
_SET3_   27250        10  112631553  112659764     58      12  404366       0.6752       0.1207   -3.8858e-15       0.6752
_SET3_   143187       10  114206756  114578503    793      80  384071     -0.30859      0.28796   -3.8858e-15     -0.30859
_SET3_   9937         10  115594483  115614163     15       5  339844       1.0238      0.06962   -3.7748e-15       1.0238
_SET3_   55088        10  115880615  115934364     99      10  406374      0.65728      0.11578   -3.8858e-15      0.65728
_SET3_   3983         10  116190869  116444762    703      65  401426       2.0387    0.0017992   -3.9968e-15       2.0387
_SET3_   26033        10  116853124  117708496   1711      34  392617     -0.48912      0.17927   -3.8858e-15     -0.48912
_SET3_   2674         10  117816436  118033126    649      61  393769      -0.7592      0.45889   -3.8858e-15      -0.7592
_SET3_   2018         10  119301956  119309057     17       4  395832      0.21659        0.244   -3.8858e-15      0.21659
_SET3_   7073         10  121332977  121356541     29       7  410164      0.18679      0.24767   -3.8858e-15      0.18679
_SET3_   22876        10  121485559  121588663    213      17  396052     -0.73119      0.55036   -3.8858e-15     -0.73119
_SET3_   11196        10  121652085  121704170    170      12  405813     -0.29256      0.39166   -3.8858e-15     -0.29256
_SET3_   11101        10  123499939  123688149    585      33  391364       1.0547     0.029821   -3.7748e-15       1.0547
_SET3_   10579        10  123748689  124014057    993     112  390002      0.10347      0.15133   -3.8858e-15      0.10347
_SET3_   59338        10  124134094  124191871    140      15  392839      -1.1248      0.69194   -3.7748e-15      -1.1248
_SET3_   51363        10  125765669  125853200    206      31  397896      0.79642     0.069078   -3.8858e-15      0.79642
_SET3_   23172        10  126490354  126525239     54      10  401699       1.1007     0.052874   -3.7748e-15       1.1007
_SET3_   1488         10  126676418  126849624    671      66  400058      0.48456     0.092071   -3.8858e-15      0.48456
_SET3_   55760        10  127524909  127569884     56      10  400134       2.0523    0.0043773   -3.9968e-15       2.0523
_SET3_   8038         10  127700960  128077127   1322     103  400611      -1.0475      0.47272   -3.7748e-15      -1.0475
_SET3_   642938       10  128933690  128994436    118      13  388723        0.202      0.21398   -3.8858e-15        0.202
_SET3_   5791         10  129705325  129884180    678      91  397699      0.85673     0.047871   -3.8858e-15      0.85673
_SET3_   1571         10  135340300  135352627     58       9  405118     -0.81049      0.62259   -3.8858e-15     -0.81049
_SET3_   338707       11     369795     382117     41       7  387808     -0.32085      0.41561   -3.8858e-15     -0.32085
_SET3_   81490        11     450280     491399    105      13  390156      -2.7216      0.98437   -3.9968e-15      -2.7216
_SET3_   115399       11     536722     554916    100      15  383007      -1.9808       0.9179   -3.7748e-15      -1.9808
_SET3_   347862       11     767222     777501     30       5  386337     -0.59073      0.52394   -3.8858e-15     -0.59073
_SET3_   79751        11     790475     798269      9       4  402244     -0.60231      0.55908   -3.8858e-15     -0.60231
_SET3_   161          11     925809    1012245    284      12  389605      0.22375       0.1813   -3.8858e-15      0.22375
_SET3_   81532        11    1490685    1507948     48       7  389586     -0.81845        0.611   -3.8858e-15     -0.81845
_SET3_   1509         11    1773982    1785222     36       7  383015       1.5303     0.022011   -3.7748e-15       1.5303
_SET3_   975          11    2397391    2418649     29       4  383094     -0.75515      0.62092   -3.8858e-15     -0.75515
_SET3_   4928         11    3696240    3819022    332      21  392159      -1.8943      0.88466   -3.7748e-15      -1.8943
_SET3_   6240         11    4115791    4160116    110      11  391531     -0.41806      0.43048   -3.8858e-15     -0.41806
_SET3_   3263         11    6452268    6462254     18       4  408529      -1.2127      0.77022   -3.7748e-15      -1.2127
_SET3_   1200         11    6633997    6640692     13       5  377486     -0.33754      0.43116   -3.8858e-15     -0.33754
_SET3_   63875        11    6701616    6704632     12       2  412164     -0.40443      0.51936   -3.8858e-15     -0.40443
_SET3_   6764         11    8714899    8932498    550      28  380448      -0.6123      0.41431   -3.8858e-15      -0.6123
_SET3_   56674        11    8968840    8986553     47       6  395919     -0.16824       0.3561   -3.8858e-15     -0.16824
_SET3_   56675        11    9002123    9025596     61       9  398317     -0.52871      0.48206   -3.8858e-15     -0.52871
_SET3_   7702         11    9482512    9550071    121      14  401462       -0.946      0.63249   -3.8858e-15       -0.946
_SET3_   23075        11    9685624    9774508    267      10  397060      0.64204     0.099767   -3.8858e-15      0.64204
_SET3_   81846        11    9800214   10315754   1611      36  392464      -1.6887      0.63511   -3.7748e-15      -1.6887
_SET3_   10335        11   10594638   10715535    391      42  395253       2.1734     0.001717   -3.9968e-15       2.1734
_SET3_   27122        11   11984543   12031373    174      45  403186        2.064    0.0032558   -3.9968e-15        2.064
_SET3_   9645         11   12132138   12285335    598      64  398403      -1.1688      0.63351   -3.7748e-15      -1.1688
_SET3_   406          11   13299325   13408813    257      34  394497       3.9676   1.6673e-06   -3.9968e-15       3.9676
_SET3_   10944        11   16760148   16779901     36       8  398415      -1.0972      0.70752   -3.7748e-15      -1.0972
_SET3_   144100       11   16809207   17035963    730      46  385817      0.38914     0.095423   -3.8858e-15      0.38914
_SET3_   4925         11   17281884   17371510    163      18  404206      0.93941     0.056458   -3.8858e-15      0.93941
_SET3_   6833         11   17414432   17498449    283      28  397720       1.6737    0.0084637   -3.7748e-15       1.6737
_SET3_   11234        11   18300217   18343751    105      11  405196          2.3    0.0019784   -3.9968e-15          2.3
_SET3_   2965         11   18343816   18388590     88      10  396958         1.79    0.0090979   -3.7748e-15         1.79
_SET3_   4745         11   20691117   21597232   2885     226  396847      -2.4102      0.81266   -3.9968e-15      -2.4102
_SET3_   203859       11   22214199   22304913    144      12  402531     -0.24564      0.36922   -3.8858e-15     -0.24564
_SET3_   63982        11   26210458   26684836   2331      68  396907    -0.099173     0.067745   -3.8858e-15    -0.099173
_SET3_   196074       11   28129798   28355054    297      16  386075     -0.68329      0.50262   -3.8858e-15     -0.68329
_SET3_   26610        11   31531297   31806073    328      13  389220       1.1909     0.030302   -3.7748e-15       1.1909
_SET3_   7490         11   32408789   32457104    170      17  401251      -1.0781      0.68009   -3.7748e-15      -1.0781
_SET3_   10480        11   32605313   32624037     50      10  399635      0.39461      0.16922   -3.8858e-15      0.39461
_SET3_   966          11   33724556   33758025     96      17  401143      -1.4014      0.78639   -3.7748e-15      -1.4014
_SET3_   26273        11   33762490   33796071     94      12  406862      -1.2186        0.736   -3.7748e-15      -1.2186
_SET3_   4076         11   34073230   34124157    126       5  394979      -1.3156      0.81602   -3.7748e-15      -1.3156
_SET3_   55226        11   34127111   34172581     91       6  390299      -1.6905      0.89629   -3.7748e-15      -1.6905
_SET3_   6506         11   35272752   35441610    512      33  396545      -2.4583      0.94914   -3.9968e-15      -2.4583
_SET3_   55761        11   43380435   43516483    274      25  403312      0.40993      0.14443   -3.8858e-15      0.40993
_SET3_   2132         11   44117099   44266980    264      20  394221       1.1213     0.036178   -3.7748e-15       1.1213
_SET3_   3732         11   44587141   44641339    200      35  389993      0.66021     0.090647   -3.8858e-15      0.66021
_SET3_   51317        11   45950870   46142985    305      17  396766      0.66313     0.094512   -3.8858e-15      0.66313
_SET3_   8525         11   46354455   46402104     53      12  391913       2.9623   0.00024446   -3.9968e-15       2.9623
_SET3_   1132         11   46405335   46413122      6       4  348860       1.5676     0.028564   -3.7748e-15       1.5676
_SET3_   9776         11   46638826   46697569     52       7  385630       3.1838   0.00011118   -3.9968e-15       3.1838
_SET3_   84364        11   47185849   47199054     21       7  372534       1.4847     0.020784   -3.7748e-15       1.4847
_SET3_   5702         11   47440320   47448024     13       4  377159      0.71578      0.10839   -3.8858e-15      0.71578
_SET3_   6749         11   57093459   57103351     19       4  383300     -0.32888        0.467   -3.8858e-15     -0.32888
_SET3_   25921        11   57435223   57468659     51      10  386395       1.5861      0.01528   -3.7748e-15       1.5861
_SET3_   80829        11   58346587   58389023     72      13  394430      0.48404      0.14428   -3.8858e-15      0.48404
_SET3_   26007        11   61100654   61120898      8       5  361353      0.84902      0.12899   -3.8858e-15      0.84902
_SET3_   390205       11   61276272   61278490      5       1  413424      0.99721     0.099176   -3.8858e-15      0.99721
_SET3_   9066         11   61281188   61348523     97      13  378337      0.22809      0.25095   -3.8858e-15      0.22809
_SET3_   747          11   61447905   61514474    128      18  378455       3.1548   7.6058e-05   -3.9968e-15       3.1548
_SET3_   9415         11   61583675   61634826    133      17  400570       6.3264   1.8805e-12   -3.5527e-15       6.3264
_SET3_   23193        11   62392298   62414198     16       5  390436      0.78922     0.095696   -3.8858e-15      0.78922
_SET3_   2785         11   62475066   62476678      2       1  292363      0.67473      0.30639   -3.8858e-15      0.67473
_SET3_   6520         11   62623484   62656355     26       6  408371      0.29389      0.22472   -3.8858e-15      0.29389
_SET3_   1128         11   62676151   62689012     24       6  380492        1.463     0.027307   -3.7748e-15        1.463
_SET3_   2011         11   63606400   63678492    105      10  388546       4.2562   6.1971e-07   -3.5527e-15       4.2562
_SET3_   9379         11   64373646   64490660    141      12  399354       3.2759   5.9808e-05   -3.9968e-15       3.2759
_SET3_   10235        11   64494383   64512928     19       3  396922     -0.20345      0.44751   -3.8858e-15     -0.20345
_SET3_   738          11   64863587   64879332     25      10  386425      0.65278      0.12956   -3.8858e-15      0.65278
_SET3_   823          11   64948686   64979477     56      10  406025      -1.8026      0.89371   -3.7748e-15      -1.8026
_SET3_   10534        11   65336651   65340075     10       3  392907      -2.1804      0.95854   -3.9968e-15      -2.1804
_SET3_   10524        11   65479473   65487077     22       5  413222      0.41583       0.1787   -3.8858e-15      0.41583
_SET3_   91056        11   65541369   65548062     10       3  413228     -0.23841      0.40162   -3.8858e-15     -0.23841
_SET3_   1072         11   65622282   65625804      9       2  391660      0.67186      0.12963   -3.8858e-15      0.67186
_SET3_   9610         11   66099535   66104000     12       4  394657       2.8174   0.00050621   -3.9968e-15       2.8174
_SET3_   11041        11   66112843   66115161      1       1  412564     0.010341         0.37   -3.8823e-15     0.010341
_SET3_   582          11   66278077   66301084     42       5  393471       2.6032   0.00092589   -3.9968e-15       2.6032
_SET3_   6712         11   66449967   66496716     37      13  391444       4.3457   4.4794e-07   -3.5527e-15       4.3457
_SET3_   91683        11   66790190   66818334     26      10  370532       1.4397     0.027723   -3.7748e-15       1.4397
_SET3_   22992        11   66886740   67025553    128      18  313574      0.37375      0.23884   -3.8858e-15      0.37375
_SET3_   4728         11   67798084   67804114     12       4  411075      0.51352      0.15955   -3.8858e-15      0.51352
_SET3_   55291        11   68228186   68382802    299      15  392863      -1.0085      0.63859   -3.7748e-15      -1.0085
_SET3_   9633         11   68474908   68518988     73       7  398469       1.9422    0.0065887   -3.7748e-15       1.9422
_SET3_   3508         11   68671319   68708070     96      10  398785      0.77656     0.086226   -3.8858e-15      0.77656
_SET3_   8500         11   70116806   70230607    225       9  398801     -0.86858      0.61438   -3.8858e-15     -0.86858
_SET3_   22941        11   70313961   70935808   1717     131  391641       3.4088   1.7475e-06   -3.9968e-15       3.4088
_SET3_   4926         11   71713910   71791732    152       9  391053      -1.1268      0.75685   -3.7748e-15      -1.1268
_SET3_   81570        11   72003469   72145724    212      14  382255      0.39909      0.17747   -3.8858e-15      0.39909
_SET3_   84957        11   73087405   73108519     41       7  403684      0.62757       0.1333   -3.8858e-15      0.62757
_SET3_   5870         11   73386683   73472201    213      23  298685      -0.8969      0.63365   -3.8858e-15      -0.8969
_SET3_   26005        11   73723759   73882064    313      18  382607       1.2318     0.028921   -3.7748e-15       1.2318
_SET3_   51400        11   73881936   73965748    161      11  376039        2.023    0.0062909   -3.9968e-15        2.023
_SET3_   283209       11   74041361   74109502    164      15  387322      0.11156      0.22761   -3.8858e-15      0.11156
_SET3_   9789         11   74660292   74690076     54       9  382614      -1.5817      0.84259   -3.7748e-15      -1.5817
_SET3_   84649        11   75479778   75512581     31       5  386296      -1.0196       0.7273   -3.7748e-15      -1.0196
_SET3_   56946        11   76155967   76263943    199      22  399708      0.80438     0.073925   -3.8858e-15      0.80438
_SET3_   5058         11   77033060   77185108    314      14  389953      0.51364      0.11737   -3.8858e-15      0.51364
_SET3_   1207         11   77327196   77348851     40       7  402532      -1.4316      0.82723   -3.7748e-15      -1.4316
_SET3_   92105        11   77589766   77705771    253      14  399463      0.10319        0.222   -3.8858e-15      0.10319
_SET3_   79053        11   77811988   77850699    210       9  406015       1.3101     0.028538   -3.7748e-15       1.3101
_SET3_   27314        11   82684177   82782965    189      23  383349     -0.43401      0.41136   -3.8858e-15     -0.43401
_SET3_   1740         11   83166055   85338314   5797     179  390186     -0.59337        0.193   -3.8858e-15     -0.59337
_SET3_   54843        11   85405264   85522197    259      16  373486       1.9827    0.0041568   -3.7748e-15       1.9827
_SET3_   8301         11   85668214   85780923    308      18  401933       2.1229    0.0024266   -3.9968e-15       2.1229
_SET3_   10873        11   86152150   86383678    853      44  400790      -1.3981      0.67075   -3.7748e-15      -1.3981
_SET3_   2915         11   88237256   88796846   1668      42  396450       1.5396    0.0018968   -3.7748e-15       1.5396
_SET3_   10003        11   89867772   89926062    232      14  402922       1.9977    0.0040197   -3.7748e-15       1.9977
_SET3_   9440         11   93517405   93546496     42       6  395404       1.1857     0.044773   -3.7748e-15       1.1857
_SET3_   9702         11   95523625   95565857    135      13  401326      -1.3664      0.77733   -3.7748e-15      -1.3664
_SET3_   8898         11   95566044   95657371    222      22  385348      -1.1292      0.67808   -3.7748e-15      -1.1292
_SET3_   143872       11  100558407  100861656   1245      55  398593      -2.9529      0.96551   -3.9968e-15      -2.9529
_SET3_   114908       11  102267056  102323775    109      12  398007      -1.1975      0.75913   -3.7748e-15      -1.1975
_SET3_   79659        11  102980160  103350591   1625      29  395870     -0.40456      0.17387   -3.8858e-15     -0.40456
_SET3_   2893         11  105480800  105852819    749      43  388682     -0.67794      0.40111   -3.8858e-15     -0.67794
_SET3_   84437        11  105878629  105892981     24       5  409977       0.6027      0.13522   -3.8858e-15       0.6027
_SET3_   4863         11  108028117  108093365     85      10  393921      0.35809       0.1739   -3.8858e-15      0.35809
_SET3_   472          11  108093559  108239829    183      12  395518      0.42276      0.14578   -3.8858e-15      0.42276
_SET3_   399947       11  109292570  109299893      6       3  398684      0.42496      0.18927   -3.8858e-15      0.42496
_SET3_   5962         11  110045605  110167437    173      13  387874      0.42436      0.14214   -3.8858e-15      0.42436
_SET3_   79796        11  111652919  111742305    100      13  378709      0.58463      0.11624   -3.8858e-15      0.58463
_SET3_   85458        11  111797868  111893374     72      11  372073      0.37961      0.17083   -3.8858e-15      0.37961
_SET3_   4684         11  112831969  113149158    906      56  381221       3.5649   2.7313e-06   -3.9968e-15       3.5649
_SET3_   1813         11  113280317  113346413    170      23  402436       3.8362   3.6479e-06   -3.9968e-15       3.8362
_SET3_   23705        11  115039933  115375241    567      46  397579      -1.4265      0.72429   -3.7748e-15      -1.4265
_SET3_   8882         11  116649276  116658739     22       7  398018   0.00070127      0.31377   -3.8821e-15   0.00070127
_SET3_   23387        11  116714118  116969131    870      25  401870        2.083    0.0014124   -3.9968e-15        2.083
_SET3_   22897        11  117184792  117283982    236      27  401298       1.5359     0.013795   -3.7748e-15       1.5359
_SET3_   4297         11  118307205  118397539     84       9  382527     -0.61965      0.55983   -3.8858e-15     -0.61965
_SET3_   84866        11  118401803  118417313     45       4  387985      0.82286      0.10584   -3.8858e-15      0.82286
_SET3_   3145         11  118955587  118964259     13       3  413450     -0.94414      0.67227   -3.8858e-15     -0.94414
_SET3_   9854         11  118977771  118988304     25       6  408094      -1.1516      0.73403   -3.7748e-15      -1.1516
_SET3_   64137        11  119019750  119033375     23       5  388297    0.0042672      0.31548   -3.8823e-15    0.0042672
_SET3_   4162         11  119179234  119189087     14       7  406159     -0.20144      0.36801   -3.8858e-15     -0.20144
_SET3_   9099         11  119225925  119252436     53      11  405948       1.1626     0.041965   -3.7748e-15       1.1626
_SET3_   7070         11  119288655  119294246     11       2  412666       1.3747     0.035471   -3.7748e-15       1.3747
_SET3_   219902       11  120195838  120204397     14       3  387431      0.18387      0.25163   -3.8858e-15      0.18387
_SET3_   23365        11  120207264  120360645    254      13  400612     0.042383      0.24342   -3.8788e-15     0.042383
_SET3_   2900         11  120382465  120859514   1367     125  393892       1.2199     0.010713   -3.7748e-15       1.2199
_SET3_   7007         11  120973375  121062202    242      18  396074      -1.2321      0.70808   -3.7748e-15      -1.2321
_SET3_   57476        11  123325191  123498478    572      81  391527      0.51889     0.096619   -3.8858e-15      0.51889
_SET3_   84897        11  124492742  124505822     24      11  402689       1.6055     0.015611   -3.7748e-15       1.6055
_SET3_   54414        11  124505685  124546199     76       6  393533      0.88943      0.12727   -3.8858e-15      0.88943
_SET3_   9538         11  125439298  125454575     33       6  399445       1.2513     0.039685   -3.7748e-15       1.2513
_SET3_   84623        11  126293388  126870766   1907     147  391820     -0.14463      0.11501   -3.8858e-15     -0.14463
_SET3_   9743         11  128834955  129062093    484      28  383083     -0.70709      0.46991   -3.8858e-15     -0.70709
_SET3_   4798         11  129733670  129765490     61       9  404161      -1.2732      0.75889   -3.7748e-15      -1.2732
_SET3_   29068        11  130096572  130184663    232      12  246099      -2.3729      0.98224   -3.9968e-15      -2.3729
_SET3_   11095        11  130274660  130298539     75      19  376682      -1.3875      0.78339   -3.7748e-15      -1.3875
_SET3_   399979       11  130745766  130786382    212      12  403350       2.0269    0.0037547   -3.9968e-15       2.0269
_SET3_   23310        11  134022337  134094426    137      18  389536        2.152    0.0029233   -3.9968e-15        2.152
_SET3_   112937       11  134145293  134189458    117      19  390120      -0.4569      0.42829   -3.8858e-15      -0.4569
_SET3_   283358       12     569543     671503    425      67  398156      0.79148     0.063849   -3.8858e-15      0.79148
_SET3_   5893         12    1021255    1099774    229      39  394207      -0.7049       0.5098   -3.8858e-15      -0.7049
_SET3_   23085        12    1100404    1605099   1577      43  394312     -0.85413       0.3266   -3.8858e-15     -0.85413
_SET3_   654429       12    1929433    1945919     65      22  394410     -0.40297      0.41703   -3.8858e-15     -0.40297
_SET3_   83695        12    2985424    2998691     28       3  403862       1.3976     0.030833   -3.7748e-15       1.3976
_SET3_   3741         12    5153085    5155954      4       2  406682     -0.77237      0.63132   -3.8858e-15     -0.77237
_SET3_   4839         12    6666036    6677498     16       6  402204     0.081525      0.30602   -3.8858e-15     0.081525
_SET3_   1108         12    6679248    6716551     71       8  384641    -0.025678      0.31923   -3.8823e-15    -0.025678
_SET3_   171017       12    6775643    6798738     14       5  404223    0.0052132      0.33705   -3.8823e-15    0.0052132
_SET3_   196500       12    6802957    6810009      8       4  366039     -0.18488      0.45365   -3.8858e-15     -0.18488
_SET3_   2784         12    6949375    6956564      7       3  379636       2.4662    0.0016662   -3.9968e-15       2.4662
_SET3_   8078         12    6961285    6975796     10       4  382478       2.3652    0.0021258   -3.9968e-15       2.3652
_SET3_   2026         12    7023614    7032860      8       2  411314       1.9612    0.0084049   -3.7748e-15       1.9612
_SET3_   9746         12    7281681    7311541     52       8  406840      -1.1426      0.73405   -3.7748e-15      -1.1426
_SET3_   6515         12    8071824    8088895     25       5  389576       0.8505      0.08421   -3.8858e-15       0.8505
_SET3_   1911         12    9067292    9094063     58       9  406224      0.36283      0.17801   -3.8858e-15      0.36283
_SET3_   55359        12   10771538   10826917    143       9  407152        1.707     0.010434   -3.7748e-15        1.707
_SET3_   118426       12   12509967   12637587    388      31  391496     -0.57023      0.42863   -3.8858e-15     -0.57023
_SET3_   2842         12   12813995   12849121     87      17  394114     -0.77718      0.57043   -3.8858e-15     -0.77718
_SET3_   2012         12   13349602   13369708     46      12  407658     -0.64193      0.52589   -3.8858e-15     -0.64193
_SET3_   2904         12   13713684   14133022   1286      83  398016      0.97048     0.018276   -3.8858e-15      0.97048
_SET3_   55729        12   14518566   14655864    305      19  391749       1.4148     0.017554   -3.7748e-15       1.4148
_SET3_   2059         12   15773075   15942510    158      26  375940      -1.1422      0.72015   -3.7748e-15      -1.1422
_SET3_   55885        12   16701306   16761148     62      18  357185     -0.13721       0.3183   -3.8858e-15     -0.13721
_SET3_   54477        12   19282626   19529334    622      34  401670       0.5998     0.084157   -3.8858e-15       0.5998
_SET3_   53919        12   20848289   20906320    206      21  402491     -0.37279      0.37864   -3.8858e-15     -0.37279
_SET3_   5965         12   21621844   21654603    118      19  398764      -1.2736      0.74523   -3.7748e-15      -1.2736
_SET3_   10060        12   21950323   22094797    286      28  395349      -2.7006      0.97651   -3.9968e-15      -2.7006
_SET3_   9847         12   22601511   22697452    153       7  397002     -0.51035      0.53291   -3.8858e-15     -0.51035
_SET3_   11228        12   26111964   26232825    492      36  400395     -0.62138       0.4389   -3.8858e-15     -0.62138
_SET3_   8082         12   26348032   26387710    107      15  405445       0.7788     0.086116   -3.8858e-15       0.7788
_SET3_   51768        12   27124503   27167360    113      22  394482      0.25488      0.19256   -3.8858e-15      0.25488
_SET3_   9412         12   27175455   27183606     19       7  408505      0.12546      0.26269   -3.8858e-15      0.12546
_SET3_   8496         12   27677045   27848497    558      43  402465     -0.46272      0.35396   -3.8858e-15     -0.46272
_SET3_   55711        12   29301936   29488549    560      27  404073       2.4423   0.00052473   -3.9968e-15       2.4423
_SET3_   51290        12   29493579   29534143     77      10  401707       1.1902     0.041012   -3.7748e-15       1.1902
_SET3_   83857        12   29653746   29937692   1037      71  401025       1.2258     0.012273   -3.7748e-15       1.2258
_SET3_   65981        12   30862486   30907448    123      12  403276       1.2802      0.02941   -3.7748e-15       1.2802
_SET3_   58516        12   31433356   31479159     34      10  396998      -1.5831       0.8507   -3.7748e-15      -1.5831
_SET3_   10059        12   32832134   32898584    231       5  400980     -0.10951      0.33896   -3.8858e-15     -0.10951
_SET3_   51067        12   32878195   32908895     78       5  400719     -0.33965      0.44791   -3.8858e-15     -0.33965
_SET3_   5318         12   32943680   33049780    333      26  389161     -0.93918      0.59872   -3.8858e-15     -0.93918
_SET3_   341359       12   33528348   33592754    205      19  396886      -1.1399       0.6845   -3.7748e-15      -1.1399
_SET3_   120892       12   40618813   40763087    458      32  405317      0.41604      0.11729   -3.8858e-15      0.41604
_SET3_   83448        12   44121828   44152620     94       9  399578      0.38477      0.20238   -3.8858e-15      0.38477
_SET3_   4753         12   44902058   45307711    911      50  397309      -1.8482      0.80574   -3.7748e-15      -1.8482
_SET3_   196527       12   45609770   45834187    479      21  390691     -0.13576      0.29858   -3.8858e-15     -0.13576
_SET3_   79022        12   48357330   48362661     15       5  396657      0.81515     0.090427   -3.8858e-15      0.81515
_SET3_   29843        12   48436681   48500091    160      16  395261      -0.9681      0.63353   -3.8858e-15      -0.9681
_SET3_   5213         12   48499656   48540187    101      15  387389     -0.71601      0.54746   -3.8858e-15     -0.71601
_SET3_   140461       12   48541572   48551377     22       6  398070     -0.84469       0.6261   -3.8858e-15     -0.84469
_SET3_   784          12   49208215   49222726     21       9  377424       1.7987    0.0092404   -3.7748e-15       1.7987
_SET3_   377          12   49329987   49351309     63       7  404563       1.1964     0.040469   -3.7748e-15       1.1964
_SET3_   7480         12   49359123   49365641      9       3  408054       1.6639     0.015873   -3.7748e-15       1.6639
_SET3_   23109        12   49388933   49393088      6       3  369255       3.7111   1.3791e-05   -3.9968e-15       3.7111
_SET3_   8085         12   49412758   49453935     34       7  397767       3.0249   0.00019227   -3.9968e-15       3.0249
_SET3_   23416        12   49932834   49952091     37       6  404005      0.87763     0.092498   -3.8858e-15      0.87763
_SET3_   91010        12   50031724   50101197    103      10  383242     -0.29552      0.43536   -3.8858e-15     -0.29552
_SET3_   7009         12   50135293   50158717     69       9  378539     -0.43207      0.50007   -3.8858e-15     -0.43207
_SET3_   6602         12   50478760   50494494     18       3  381639      0.49605       0.1613   -3.8858e-15      0.49605
_SET3_   466          12   51157789   51214943    110      12  392428       1.2064     0.034998   -3.7748e-15       1.2064
_SET3_   25840        12   51317780   51326300     16       7  374732      -1.0139      0.67535   -3.7748e-15      -1.0139
_SET3_   5463         12   51580719   51611477     69      13  394726      -1.0125       0.6652   -3.7748e-15      -1.0125
_SET3_   9802         12   51632508   51640501     11       4  372245      0.25479      0.23221   -3.8858e-15      0.25479
_SET3_   6334         12   51984050   52206648    372      27  398315      0.65704     0.091433   -3.8858e-15      0.65704
_SET3_   84926        12   53458100   53473204     28       8  411033      0.72657      0.11521   -3.8858e-15      0.72657
_SET3_   6667         12   53773979   53810230     67       9  389640     -0.22989      0.38619   -3.8858e-15     -0.22989
_SET3_   54458        12   53835433   53840427      5       2  400720      0.86119       0.1096   -3.8858e-15      0.86119
_SET3_   5094         12   53845886   53874946     23       5  401700     -0.43073      0.46856   -3.8858e-15     -0.43073
_SET3_   7786         12   53873456   53893444     18      11  386653     -0.07936      0.33591   -3.8858e-15     -0.07936
_SET3_   57658        12   54104902   54121307     41       9  399364      -1.5464      0.84621   -3.7748e-15      -1.5464
_SET3_   22818        12   54718874   54745635     25       4  391115     -0.68385      0.58265   -3.8858e-15     -0.68385
_SET3_   3679         12   56078352   56109821     57       7  386451     0.093046      0.25442   -3.8858e-15     0.093046
_SET3_   5869         12   56367697   56390467     44       6  394444       1.0777     0.055707   -3.7748e-15       1.0777
_SET3_   5036         12   56498103   56507694      6       2  363236      -1.2196      0.80567   -3.7748e-15      -1.2196
_SET3_   23344        12   56521985   56547259     25      13  401759       1.4866     0.025183   -3.7748e-15       1.4866
_SET3_   10193        12   56596288   56615753     18       8  404643       1.4324     0.032607   -3.7748e-15       1.4324
_SET3_   6773         12   56735381   56754058     22       2  375018      0.45959      0.22904   -3.8858e-15      0.45959
_SET3_   8914         12   56810157   56843200     78       7  402765     -0.30779      0.40017   -3.8858e-15     -0.30779
_SET3_   283377       12   56862301   56864769      5       3  394370       1.4764     0.032134   -3.7748e-15       1.4764
_SET3_   27165        12   56864728   56882198     21       6  387773       1.1233     0.049159   -3.7748e-15       1.1233
_SET3_   8630         12   57146237   57181574     37       9  394287      0.29436      0.19928   -3.8858e-15      0.29436
_SET3_   23306        12   57449426   57472574     35       7  403675       1.4828     0.024837   -3.7748e-15       1.4828
_SET3_   22864        12   57647547   57824782    201      14  386995       1.6024     0.012027   -3.7748e-15       1.6024
_SET3_   3798         12   57943812   57980416     53      13  389206        1.946    0.0057824   -3.7748e-15        1.946
_SET3_   2583         12   58019678   58027022     16       4  396978      0.58824      0.14108   -3.8858e-15      0.58824
_SET3_   116986       12   58117544   58135984     24       6  374340       1.4623     0.023304   -3.7748e-15       1.4623
_SET3_   2799         12   65107222   65153226     55       6  386773     0.072077      0.26788   -3.8858e-15     0.072077
_SET3_   23426        12   66741178   67463014   2114     140  397801     -0.23262       0.1124   -3.8858e-15     -0.23262
_SET3_   55832        12   67663061   67708388    133      12  402770      0.30361       0.1844   -3.8858e-15      0.30361
_SET3_   5908         12   69004619   69054385     90      14  388629      0.26555      0.21066   -3.8858e-15      0.26555
_SET3_   4848         12   70636774   70748773    274      16  378175      0.12476      0.21865   -3.8858e-15      0.12476
_SET3_   5801         12   71031853   71314584    852      82  386247        2.914   7.1703e-05   -3.9968e-15        2.914
_SET3_   64786        12   72233487   72320629    170      15  396154     -0.85149      0.62022   -3.8858e-15     -0.85149
_SET3_   29953        12   72666314   73059422    782      33  401108     -0.23767      0.24912   -3.8858e-15     -0.23767
_SET3_   552889       12   74931551   74935232      7       3  410272     -0.40372      0.48296   -3.8858e-15     -0.40372
_SET3_   3747         12   75433858   75603584    431      32  404886       1.4612     0.013135   -3.7748e-15       1.4612
_SET3_   84698        12   75669759   75784681    186      19  399538      0.04711      0.24311   -3.8788e-15      0.04711
_SET3_   22822        12   76419227   76425556     13       7  410143     -0.51931      0.49739   -3.8858e-15     -0.51931
_SET3_   114882       12   76745577   76953589    346      15  393237       1.1947     0.028999   -3.7748e-15       1.1947
_SET3_   89795        12   78224685   78606790   1207      75  397339      -1.0884      0.49547   -3.7748e-15      -1.0884
_SET3_   6857         12   79257773   79845788   1337      66  384561       1.5981    0.0029736   -3.7748e-15       1.5981
_SET3_   374462       12   80838126   81073968    565      41  385380      -1.0379      0.58776   -3.7748e-15      -1.0379
_SET3_   79611        12   81471797   81650538    531      22  402072      -1.0413      0.58926   -3.7748e-15      -1.0413
_SET3_   160335       12   83080731   83528647   1203      88  384253     -0.39603      0.25607   -3.8858e-15     -0.39603
_SET3_   55117        12   85253267   85306608     73      12  394593     -0.53275      0.48487   -3.8858e-15     -0.53275
_SET3_   91298        12   88429268   88443937     11       4  389855     0.084825      0.31168   -3.8858e-15     0.084825
_SET3_   4254         12   88886570   88974250    185      11  388042       1.9429    0.0061594   -3.7748e-15       1.9429
_SET3_   1848         12   89741837   89746296     20       4  406401    -0.011864      0.33395   -3.8823e-15    -0.011864
_SET3_   282809       12   89813495   89920039    264      17  397927      0.18862      0.19167   -3.8858e-15      0.18862
_SET3_   490          12   89981826   90103130    188      21  392719      -2.7469       0.9838   -3.9968e-15      -2.7469
_SET3_   51134        12   94702056   94853764    284      23  390598      -1.9545      0.90174   -3.7748e-15      -1.9545
_SET3_   55591        12   95611522   95696566    258      19  401597      0.27561      0.17783   -3.8858e-15      0.27561
_SET3_   5128         12   96672039   96794366    268      22  391199      -1.7101       0.8512   -3.7748e-15      -1.7101
_SET3_   121441       12   97301001   97347474     78       8  392698      0.27113      0.19777   -3.8858e-15      0.27113
_SET3_   5250         12   98987403   98995778     14       6  407735      0.67076      0.14272   -3.8858e-15      0.67076
_SET3_   317          12   99039078   99129211    166      17  401820      0.36856      0.16617   -3.8858e-15      0.36856
_SET3_   56899        12   99128569  100378512   3000     166  394589       1.9153   0.00032673   -3.7748e-15       1.9153
_SET3_   55681        12  100660918  100735502    112      12  381435      0.75075     0.096038   -3.8858e-15      0.75075
_SET3_   51019        12  102406717  102455902    105      16  381721     -0.70062      0.55972   -3.8858e-15     -0.70062
_SET3_   7184         12  104324112  104341708     71      18  387506      0.91321     0.064326   -3.8858e-15      0.91321
_SET3_   83468        12  104382762  104457961    221      35  387132      0.72344     0.086105   -3.8858e-15      0.72344
_SET3_   4801         12  104510858  104532040     40      10  358594     -0.21782      0.38603   -3.8858e-15     -0.21782
_SET3_   55188        12  107168077  107283094    174      23  374856     -0.83151      0.58028   -3.8858e-15     -0.83151
_SET3_   11137        12  108079590  108106257     66      10  400143     -0.28216      0.38465   -3.8858e-15     -0.28216
_SET3_   9671         12  108523511  108644314    321      26  391820       4.1444   5.9166e-07   -3.5527e-15       4.1444
_SET3_   9733         12  108915991  108955165    126      10  400372      0.64843      0.11302   -3.8858e-15      0.64843
_SET3_   84749        12  109490380  109525831     47      10  408590     -0.76418      0.58912   -3.8858e-15     -0.76418
_SET3_   83892        12  109886460  109915165    114       9  399995     -0.82584      0.60899   -3.8858e-15     -0.82584
_SET3_   89910        12  109915215  109974510    129      15  401138     -0.53145      0.47456   -3.8858e-15     -0.53145
_SET3_   9815         12  110367607  110434194    114      13  392874      0.16333      0.25539   -3.8858e-15      0.16333
_SET3_   488          12  110719032  110788898     83      17  399290       2.6286   0.00078122   -3.9968e-15       2.6286
_SET3_   51434        12  110810705  110841535     63       8  393580       1.7485     0.012767   -3.7748e-15       1.7485
_SET3_   51699        12  110929330  110939916     11       3  383308      0.92741     0.092637   -3.8858e-15      0.92741
_SET3_   79600        12  111051832  111086935     38       9  397334       1.7954     0.010537   -3.7748e-15       1.7954
_SET3_   80018        12  112464493  112546826     89      15  375740       1.3397      0.03187   -3.7748e-15       1.3397
_SET3_   283450       12  112597992  112820113    218      18  388761       1.0065     0.058081   -3.7748e-15       1.0065
_SET3_   22895        12  113229343  113336686    193      25  388773      0.13837      0.20928   -3.8858e-15      0.13837
_SET3_   53373        12  113659260  113736390    138       7  393476      -1.8011      0.90749   -3.7748e-15      -1.8011
_SET3_   23389        12  116396381  116714991    504      26  393511      0.92401     0.047573   -3.8858e-15      0.92401
_SET3_   283455       12  117890817  118406399   1720     169  388448       1.6256    0.0019114   -3.7748e-15       1.6256
_SET3_   5985         12  118454506  118470044     54      14  403914       2.1761    0.0031663   -3.9968e-15       2.1761
_SET3_   11113        12  120123595  120315095    470      33  393804     -0.85865      0.53105   -3.8858e-15     -0.85865
_SET3_   6175         12  120634502  120639014      8       4  370507       1.8764    0.0095135   -3.7748e-15       1.8764
_SET3_   9761         12  121124949  121139667     40       9  398793       2.7136   0.00057715   -3.9968e-15       2.7136
_SET3_   121665       12  121200313  121342155    413      23  402926         2.39   0.00084688   -3.9968e-15         2.39
_SET3_   64897        12  121440835  121454300     53      12  387118       2.6011    0.0007504   -3.9968e-15       2.6011
_SET3_   10645        12  121675495  121736111    170      29  398093         1.79    0.0074486   -3.7748e-15         1.79
_SET3_   84678        12  121866899  122019110    266      25  390238       2.2005    0.0018717   -3.9968e-15       2.2005
_SET3_   283385       12  122089024  122110531     50      10  330661     0.053493      0.28951   -3.8788e-15     0.053493
_SET3_   144404       12  122150658  122219974    169      18  393113      0.47286      0.14105   -3.8858e-15      0.47286
_SET3_   54509        12  122215660  122231594     43       6  400557       2.8283   0.00046758   -3.9968e-15       2.8283
_SET3_   79369        12  122688228  122692677      5       2  409818       1.4758      0.02738   -3.7748e-15       1.4758
_SET3_   65117        12  122989190  123011560     34       4  396525       1.1041     0.052831   -3.7748e-15       1.1041
_SET3_   10198        12  123640943  123717785    189      10  396745      0.80767     0.081174   -3.8858e-15      0.80767
_SET3_   65985        12  125549925  125627879    206      30  373332     0.050791      0.23313   -3.8788e-15     0.050791
_SET3_   23504        12  130880681  131200828   1325     132  391932     -0.93135       0.4552   -3.8858e-15     -0.93135
_SET3_   4326         12  132312941  132336316    113      21  363397      -1.9986      0.91489   -3.7748e-15      -1.9986
_SET3_   57634        12  132434465  132565011    186      17  391722      0.57575      0.12904   -3.8858e-15      0.57575
_SET3_   57666        12  133067041  133161774    368      31  352299      -2.0016       0.8985   -3.9968e-15      -2.0016
_SET3_   5426         12  133200344  133264050    197      12  398805      -1.0354      0.65149   -3.7748e-15      -1.0354
_SET3_   2802         12  133345495  133405659    198      25  392670     -0.92757      0.60345   -3.8858e-15     -0.92757
_SET3_   7750         13   20531708   20665968    247      18  395255      0.89995     0.067808   -3.8858e-15      0.89995
_SET3_   78988        13   21750372   21753223      4       2  390112       -2.447      0.97929   -3.9968e-15       -2.447
_SET3_   221178       13   24553765   24881212   1361     148  399209      -1.5117      0.66573   -3.7748e-15      -1.5117
_SET3_   9818         13   25875222   25916561     37      10  359321      -1.0561      0.70281   -3.7748e-15      -1.0561
_SET3_   51761        13   25946209   26599989   2010     109  397405      -1.0276      0.34633   -3.7748e-15      -1.0276
_SET3_   10810        13   27131840   27263082    399      25  397642      -1.0811      0.63287   -3.7748e-15      -1.0811
_SET3_   2835         13   27329337   27334922     13       5  411508       2.4047    0.0020104   -3.9968e-15       2.4047
_SET3_   10208        13   31191830   31233687     55       9  375191        1.567     0.016429   -3.7748e-15        1.567
_SET3_   122046       13   31506834   31549639    135      18  393066       1.0703      0.04563   -3.7748e-15       1.0703
_SET3_   10129        13   32605269   32870794    766      60  398410      -2.4522      0.93853   -3.9968e-15      -2.4522
_SET3_   10443        13   33006625   33116839    144      15  401749     -0.66589      0.51702   -3.8858e-15     -0.66589
_SET3_   26960        13   35516424   36246874   1745      57  397899      -2.1568      0.79186   -3.9968e-15      -2.1568
_SET3_   9201         13   36342789   36705514   1096      94  399098     -0.98387      0.49048   -3.8858e-15     -0.98387
_SET3_   55578        13   37583449   37633850     64       8  397955     -0.49399      0.51244   -3.8858e-15     -0.49399
_SET3_   57511        13   40229764   40365802    349      16  404130      -1.1641      0.67381   -3.7748e-15      -1.1641
_SET3_   11193        13   41634973   41658142     19       9  402389      -1.4659      0.82905   -3.7748e-15      -1.4659
_SET3_   160851       13   42614172   42804352    680      33  383049     -0.51499      0.35348   -3.8858e-15     -0.51499
_SET3_   11215        13   42846261   42897403    102      11  410485      0.97097     0.061668   -3.8858e-15      0.97097
_SET3_   55068        13   43787335   44361116   1390      70  399397       1.0012     0.014047   -3.7748e-15       1.0012
_SET3_   387923       13   44947978   44971850     28       6  400792     -0.51231      0.49774   -3.8858e-15     -0.51231
_SET3_   26747        13   45513384   45563613     61      13  398935     -0.68651      0.58268   -3.8858e-15     -0.68651
_SET3_   386618       13   45766988   45775175     11       3  404227       1.2337      0.04749   -3.7748e-15       1.2337
_SET3_   283514       13   46354405   46425846    239      30  403896     -0.12709      0.28231   -3.8858e-15     -0.12709
_SET3_   8803         13   48516791   48612125    405      20  397645      -1.7654      0.85608   -3.7748e-15      -1.7654
_SET3_   55270        13   48611703   48621282     23       7  403913      -1.2387      0.78081   -3.7748e-15      -1.2387
_SET3_   9445         13   48807274   48836232     34       7  343315     -0.45398      0.48297   -3.8858e-15     -0.45398
_SET3_   5925         13   48877883   49056026    224      20  334745      -1.2769      0.76388   -3.7748e-15      -1.2769
_SET3_   1102         13   49063099   49107341     43       8  305491      -1.4003      0.83918   -3.7748e-15      -1.4003
_SET3_   22862        13   49550048   49783915    270      17  384040      0.62689     0.097583   -3.8858e-15      0.62689
_SET3_   57213        13   50486842   50510626     41       7  381665      0.34211      0.20093   -3.8858e-15      0.34211
_SET3_   220107       13   51286759   51417885    358      30  395079      -2.8516      0.98211   -3.9968e-15      -2.8516
_SET3_   540          13   52506805   52586181    190      17  403552     -0.27573      0.35365   -3.8858e-15     -0.27573
_SET3_   440138       13   52586523   52603784     26       7  395042     -0.16844       0.3609   -3.8858e-15     -0.16844
_SET3_   5100         13   53418109   53422775      7       2  379634      0.58746       0.1645   -3.8858e-15      0.58746
_SET3_   81550        13   60970591   61148013    358      20  396273      0.19656      0.18226   -3.8858e-15      0.19656
_SET3_   5101         13   66876966   67804468   2087     122  395164      0.63216     0.018928   -3.8858e-15      0.63216
_SET3_   57626        13   70274725   70682625   1670      68  401406      0.32533     0.049451   -3.8858e-15      0.32533
_SET3_   22894        13   73329540   73356344     53      11  382530      0.65475      0.11094   -3.8858e-15      0.65475
_SET3_   688          13   73629114   73651676     47      10  407187       2.9384   0.00023867   -3.9968e-15       2.9384
_SET3_   9882         13   75858809   76056782    505      58  396396       2.1913    0.0014129   -3.9968e-15       2.1913
_SET3_   7347         13   76123616   76180156    154      15  405144       1.3924     0.022302   -3.7748e-15       1.3924
_SET3_   4008         13   76194570   76434006    612      50  400935      0.35368      0.11678   -3.8858e-15      0.35368
_SET3_   79596        13   79188421   79233314     89       8  389475       1.3366     0.029118   -3.7748e-15       1.3366
_SET3_   64062        13   79885962   79980393    236       9  397941       2.9095   0.00018746   -3.9968e-15       2.9095
_SET3_   54602        13   80055259   80130212    117      12  400741       3.6019   1.4139e-05   -3.9968e-15       3.6019
_SET3_   114798       13   84451340   84456528      5       2  399259      0.44131      0.29253   -3.8858e-15      0.44131
_SET3_   266722       13   96743093   97491816   1677      66  395503       2.2455   0.00016984   -3.9968e-15       2.2455
_SET3_   3843         13   98605914   98676550    114      13  387196        2.039    0.0041965   -3.9968e-15        2.039
_SET3_   10160        13   98794893   99102023   1121     124  398935      0.21318      0.12028   -3.8858e-15      0.21318
_SET3_   8428         13   99102455   99229396    348      26  383575       1.4317     0.015246   -3.7748e-15       1.4317
_SET3_   23348        13   99445741   99738660    877      32  391874      -1.3643      0.64714   -3.7748e-15      -1.3643
_SET3_   5095         13  100741269  101182691    825      42  397651      -0.4188       0.2946   -3.8858e-15      -0.4188
_SET3_   84899        13  101256090  101327103    202      15  401684      0.32405      0.16555   -3.8858e-15      0.32405
_SET3_   7174         13  103249286  103331524    291      12  405711       3.4394   1.9149e-05   -3.9968e-15       3.4394
_SET3_   54841        13  103451399  103493888    120      13  399571     -0.82533      0.59079   -3.8858e-15     -0.82533
_SET3_   2073         13  103498191  103528351     69       9  396742     -0.79591      0.58659   -3.8858e-15     -0.79591
_SET3_   55608        13  111530887  111567454     92       8  396680     -0.15742      0.33885   -3.8858e-15     -0.15742
_SET3_   23250        13  113344358  113541482    577      44  394803     -0.73146      0.45886   -3.8858e-15     -0.73146
_SET3_   55208        13  114110134  114145024     74      12  393733       2.0302    0.0049041   -3.9968e-15       2.0302
_SET3_   8881         13  115000320  115038150     87      10  400648      0.80159     0.087354   -3.8858e-15      0.80159
_SET3_   283489       13  115079965  115092803     26       4  400666        0.498      0.18741   -3.8858e-15        0.498
_SET3_   6038         14   21152259   21168761     76      14  407543      0.26711      0.20266   -3.8858e-15      0.26711
_SET3_   64745        14   21457432   21465194     23       7  401785     -0.29226      0.40462   -3.8858e-15     -0.29226
_SET3_   57447        14   21484922   21539098    170      49  380509      -1.8841      0.89073   -3.7748e-15      -1.8841
_SET3_   51310        14   23815520   23822380      9       2  404536      0.69953      0.14947   -3.8858e-15      0.69953
_SET3_   84502        14   24037244   24048009     12       4  381552       -0.972       0.7178   -3.8858e-15       -0.972
_SET3_   4857         14   26915089   27067239    237      13  396083      -1.8827      0.89728   -3.7748e-15      -1.8827
_SET3_   5587         14   30045685   30396899    751      51  380048       3.3431   1.0721e-05   -3.9968e-15       3.3431
_SET3_   55632        14   31028329   31089046    136      21  395569      -1.2322      0.74274   -3.7748e-15      -1.2322
_SET3_   23256        14   31091460   31205034    262      19  400235     -0.80753       0.5635   -3.8858e-15     -0.80753
_SET3_   25831        14   31569323   31677266    126      13  405894       1.6124     0.013832   -3.7748e-15       1.6124
_SET3_   394          14   32545664   32628934     58      26  349568      0.23407        0.223   -3.8858e-15      0.23407
_SET3_   9472         14   32798479   33302268   1567     137  397674      0.44982      0.05348   -3.8858e-15      0.44982
_SET3_   4792         14   35870716   35873960     10       4  413040     -0.11006      0.34671   -3.8858e-15     -0.11006
_SET3_   253959       14   36007558   36278432    333      14  392985       2.5295   0.00078728   -3.9968e-15       2.5295
_SET3_   122553       14   39617015   39639634     61      12  403876       1.4489     0.022071   -3.7748e-15       1.4489
_SET3_   9147         14   50250528   50319763     62      12  368643     -0.32756      0.41718   -3.8858e-15     -0.32756
_SET3_   8814         14   50796122   50883179    229      26  398802      0.70561     0.079825   -3.8858e-15      0.70561
_SET3_   51062        14   50999800   51099786    161      16  402371      0.41205      0.14979   -3.8858e-15      0.41205
_SET3_   51199        14   51186481   51297839    262      33  395429      0.63479     0.091972   -3.8858e-15      0.63479
_SET3_   114088       14   51441979   51562422    472      43  398384       1.3869     0.014658   -3.7748e-15       1.3869
_SET3_   54331        14   52327022   52436518    379      42  371098     -0.63984      0.45543   -3.8858e-15     -0.63984
_SET3_   10979        14   53323989   53417856    186      20  396616       2.0701     0.003448   -3.9968e-15       2.0701
_SET3_   80821        14   53503458   53620046    198      15  361030     -0.39807      0.41944   -3.8858e-15     -0.39807
_SET3_   2643         14   55308723   55369603    164      17  397107       -1.621       0.8448   -3.7748e-15       -1.621
_SET3_   55030        14   55738021   55820329    188      11  401354      -1.3428      0.76463   -3.7748e-15      -1.3428
_SET3_   3895         14   56046925   56151302    294      11  402337      0.88043     0.067767   -3.8858e-15      0.88043
_SET3_   54916        14   57046509   57116233    179      22  353558     -0.54108      0.46614   -3.8858e-15     -0.54108
_SET3_   10640        14   57669194   57735726     78      10  378293       1.5936     0.018838   -3.7748e-15       1.5936
_SET3_   55745        14   57735606   57756797     21       6  382132       1.6595     0.018829   -3.7748e-15       1.6595
_SET3_   112849       14   59925698   59951281     74      10  402976       2.0457    0.0044532   -3.9968e-15       2.0457
_SET3_   5494         14   60712470   60765805     88       8  401386       2.9148   0.00027217   -3.9968e-15       2.9148
_SET3_   4331         14   61201459   61435398    228      38  370697     -0.63593      0.50509   -3.8858e-15     -0.63593
_SET3_   5583         14   61788515   62017698    659      61  369595     -0.80169      0.49587   -3.8858e-15     -0.80169
_SET3_   4522         14   64854754   64926725    196      27  395785      0.35806      0.16173   -3.8858e-15      0.35806
_SET3_   9495         14   64932217   64941221     10       4  412092      0.76857      0.10588   -3.8858e-15      0.76857
_SET3_   22890        14   64971292   65000408     81       8  400234      0.14932      0.24431   -3.8858e-15      0.14932
_SET3_   6710         14   65213001   65346604    476      38  397336      0.92976     0.046247   -3.8858e-15      0.92976
_SET3_   376267       14   65412532   65439016     75      12  383095      0.84132     0.080031   -3.8858e-15      0.84132
_SET3_   2530         14   65877310   66210839    728      30  394255    -0.062571      0.20636   -3.8858e-15    -0.062571
_SET3_   10243        14   66974125   67648525   1961      19  397413      0.42983     0.035704   -3.8858e-15      0.42983
_SET3_   64398        14   67708012   67802778    288      12  401756      0.81574     0.097192   -3.8858e-15      0.81574
_SET3_   1965         14   67827034   67853233     65      10  391860      0.89144     0.095471   -3.8858e-15      0.89144
_SET3_   57475        14   67999916   68056255    164      30  384469      -1.7299       0.8578   -3.7748e-15      -1.7299
_SET3_   51109        14   68143517   68162510     29       7  394408     -0.37395      0.44791   -3.8858e-15     -0.37395
_SET3_   87           14   69340840   69446083    377      41  393213     -0.80712      0.53124   -3.8858e-15     -0.80712
_SET3_   55218        14   69658194   69710737     98      11  395371     -0.82048      0.58826   -3.8858e-15     -0.82048
_SET3_   55334        14   69865096   69929107    128      16  393322     -0.44184      0.42814   -3.8858e-15     -0.44184
_SET3_   23508        14   71108504   71142077     91      21  404003      -1.1075      0.68828   -3.7748e-15      -1.1075
_SET3_   26037        14   71788108   72207761    557      29  352970      0.56105     0.086418   -3.8858e-15      0.56105
_SET3_   58517        14   73525221   73588749    116      18  402857        1.587      0.01525   -3.7748e-15        1.587
_SET3_   9240         14   74178486   74181128      3       2  413466     -0.19272      0.39775   -3.8858e-15     -0.19272
_SET3_   91748        14   74181825   74256988    185      31  380793     -0.11808      0.29219   -3.8858e-15     -0.11808
_SET3_   145483       14   74399695   74417117     60       8  402615     -0.82438      0.60092   -3.8858e-15     -0.82438
_SET3_   51004        14   74416637   74429815     46       9  398106     -0.59079      0.51058   -3.8858e-15     -0.59079
_SET3_   4329         14   74524365   74551196     85       9  403527     -0.86311      0.62213   -3.8858e-15     -0.86311
_SET3_   5826         14   74751980   74769767     22       5  373850     -0.38087      0.44117   -3.8858e-15     -0.38087
_SET3_   646658       14   74872596   74892805     55       8  383819     0.057268      0.26348   -3.8788e-15     0.057268
_SET3_   9870         14   75127955   75179807     53       5  392132      0.56415      0.13883   -3.8858e-15      0.56415
_SET3_   91754        14   75548818   75593778     63       4  388973     -0.43397      0.46449   -3.8858e-15     -0.43397
_SET3_   10598        14   77924373   77935815     52       7  355785       2.5802     0.000848   -3.9968e-15       2.5802
_SET3_   9369         14   78636716   80334633   4042     227  389749        2.611   1.8742e-05   -3.9968e-15        2.611
_SET3_   85439        14   81726994   81902789    464      38  399733     -0.87649      0.53942   -3.8858e-15     -0.87649
_SET3_   1112         14   89622516   90085506   1293     130  397123       2.4688   0.00023128   -3.9968e-15       2.4688
_SET3_   801          14   90863327   90874619     24       5  390690     -0.20172       0.3797   -3.8858e-15     -0.20172
_SET3_   145567       14   91006932   91282823    885      71  392326      0.98589     0.027174   -3.8858e-15      0.98589
_SET3_   9252         14   91335086   91526993    392      25  399541       1.4678     0.013793   -3.7748e-15       1.4678
_SET3_   123041       14   92788925   92967825    739      54  399076       1.4926    0.0083186   -3.7748e-15       1.4926
_SET3_   3705         14   93403259   93582263    509      32  400406      -1.1425      0.64491   -3.7748e-15      -1.1425
_SET3_   57578        14   93799565   94174222    777      24  395260     -0.74532      0.43563   -3.8858e-15     -0.74532
_SET3_   57062        14   94517268   94547558     86       7  407967      -1.9522      0.92032   -3.7748e-15      -1.9522
_SET3_   23405        14   95552565   95623759     93      15  399279     -0.33579      0.40901   -3.8858e-15     -0.33579
_SET3_   7443         14   97263684   97347951    198      19  401895       1.5307     0.014927   -3.7748e-15       1.5307
_SET3_   64919        14   99635624   99738514    263      34  378390       4.9232   8.6856e-09   -3.5527e-15       4.9232
_SET3_   8812         14   99947695   99977852     24       5  387996        1.125     0.048697   -3.7748e-15        1.125
_SET3_   2009         14  100204056  100408397    595      43  401805       3.9895   6.5566e-07   -3.9968e-15       3.9895
_SET3_   51466        14  100485719  100610573    342      30  399130       1.8867    0.0054874   -3.7748e-15       1.8867
_SET3_   7453         14  100800125  100842680    113       7  406510     -0.80804      0.61235   -3.8858e-15     -0.80804
_SET3_   1778         14  102430865  102517135    166      19  377231     -0.23236      0.36993   -3.8858e-15     -0.23236
_SET3_   5891         14  102690834  102771537    211      20  391204      0.10749      0.24384   -3.8858e-15      0.10749
_SET3_   55778        14  102783714  102809511     62      14  404130       1.9692    0.0066164   -3.7748e-15       1.9692
_SET3_   1983         14  103800339  103811362     26       6  384844      0.39348      0.19448   -3.8858e-15      0.39348
_SET3_   4140         14  103851701  103970168    270      10  375391        1.954     0.004413   -3.7748e-15        1.954
_SET3_   3831         14  104095525  104167888    157      18  397764       2.4943   0.00089175   -3.9968e-15       2.4943
_SET3_   23368        14  104200088  104315116    243      13  402853       3.7707   4.7719e-06   -3.9968e-15       3.7707
_SET3_   64423        14  105147902  105185947    151      24  376601      -1.4384       0.7876   -3.7748e-15      -1.4384
_SET3_   3714         14  105607318  105635161     57       9  367642      0.29449      0.19532   -3.8858e-15      0.29449
_SET3_   23241        14  105767170  105864484     61      29  366152      0.11183       0.2656   -3.8858e-15      0.11183
_SET3_   9112         14  105886186  105937066     51      21  363899      0.45397      0.15937   -3.8858e-15      0.45397
_SET3_   81614        15   23004684   23034427    137      14  224143      -1.7696      0.92142   -3.7748e-15      -1.7696
_SET3_   54551        15   23888696   23892993      4       2  382257      -1.5425      0.85986   -3.7748e-15      -1.5425
_SET3_   4692         15   23930554   23932450      2       1  411548    -0.093046      0.40429   -3.8858e-15    -0.093046
_SET3_   57194        15   25923859   26110304    784      75  400958      -2.6879      0.96335   -3.9968e-15      -2.6879
_SET3_   2562         15   26788693   27018935    674      74  391073       0.9726     0.033785   -3.8858e-15       0.9726
_SET3_   2558         15   27111866   27194357    233      39  401121     -0.52299      0.42827   -3.8858e-15     -0.52299
_SET3_   321          15   29211570   29410518    582      29  377712       1.7719    0.0057323   -3.7748e-15       1.7719
_SET3_   7082         15   29992338   30261038    621      47  398662     -0.15069      0.25006   -3.8858e-15     -0.15069
_SET3_   283710       15   31514970   31523050     41       9  405874      -1.7801      0.89192   -3.7748e-15      -1.7801
_SET3_   51621        15   31619083   31670102    112      17  392018      0.11704      0.22619   -3.8858e-15      0.11704
_SET3_   6263         15   33603177   34158304   2190     183  399249     -0.83073      0.25095   -3.8858e-15     -0.83073
_SET3_   9990         15   34522197   34630265    440      20  383894     -0.37137       0.3691   -3.8858e-15     -0.37137
_SET3_   440270       15   34817296   34875836     60       8  393595       1.4763     0.020914   -3.7748e-15       1.4763
_SET3_   9716         15   35148552   35261995    248      20  385953      0.16177      0.20872   -3.8858e-15      0.16177
_SET3_   4212         15   37183222   37393500    423      69  389508       -1.463       0.7675   -3.7748e-15       -1.463
_SET3_   10125        15   38780302   38857661    172      22  373426      0.68902     0.097219   -3.8858e-15      0.68902
_SET3_   11245        15   40091223   40213093    248      34  395500     -0.66914       0.4911   -3.8858e-15     -0.66914
_SET3_   701          15   40453210   40513337     84       8  406698      -1.9512      0.91764   -3.7748e-15      -1.9512
_SET3_   56924        15   40509629   40569688    152      36  387489        1.091     0.039444   -3.7748e-15        1.091
_SET3_   100131244    15   40573645   40574787      1       1  413466      0.43512       0.2004   -3.8858e-15      0.43512
_SET3_   27079        15   40861503   40866666     12       4  363282       1.3307     0.035163   -3.7748e-15       1.3307
_SET3_   51103        15   41679547   41694658     27       6  308369       2.0187     0.006734   -3.9968e-15       2.0187
_SET3_   3706         15   41786056   41795757     21       5  384049      0.58261      0.13687   -3.8858e-15      0.58261
_SET3_   4058         15   41795840   41806085     27       7  395665     -0.47473      0.46795   -3.8858e-15     -0.47473
_SET3_   23269        15   41913432   42062141    266      17  388659     -0.87042      0.58737   -3.8858e-15     -0.87042
_SET3_   23005        15   42066632   42120053     84      12  402393      -1.4009      0.79075   -3.7748e-15      -1.4009
_SET3_   23339        15   42450899   42500524     82       9  387358       3.1264   0.00015099   -3.9968e-15       3.1264
_SET3_   825          15   42646545   42704515    106      11  393642        2.968   0.00024604   -3.9968e-15        2.968
_SET3_   80021        15   43425722   43477342     34       9  398905      0.95304     0.068755   -3.8858e-15      0.95304
_SET3_   23582        15   43477466   43489375     13       5  391531      0.67482      0.13251   -3.8858e-15      0.67482
_SET3_   7158         15   43695262   43802707    197      11  398734       1.5244     0.017175   -3.7748e-15       1.5244
_SET3_   9677         15   43825660   43882451     30       6  399530       1.1757     0.048952   -3.7748e-15       1.1757
_SET3_   1159         15   43885055   43891604      5       1  409943       1.5302     0.034407   -3.7748e-15       1.5302
_SET3_   2923         15   44038326   44064804     33       5  394226       1.1623     0.050522   -3.7748e-15       1.1623
_SET3_   6652         15   45315302   45367287    110      15  373274     -0.56721       0.5419   -3.8858e-15     -0.56721
_SET3_   2628         15   45653322   45670980     39       4  399637      -1.1748      0.75394   -3.7748e-15      -1.1748
_SET3_   1854         15   48623215   48635570     11       4  354327     -0.22561       0.4191   -3.8858e-15     -0.22561
_SET3_   2200         15   48700503   48937985    364      14  394657     -0.97159      0.62038   -3.8858e-15     -0.97159
_SET3_   9318         15   49417471   49447854     70      12  398457      0.43017      0.15595   -3.8858e-15      0.43017
_SET3_   11001        15   50474393   50528589    204      21  396622     -0.62114      0.49697   -3.8858e-15     -0.62114
_SET3_   54822        15   50849351   50979012    386      17  397775      0.87331     0.053881   -3.8858e-15      0.87331
_SET3_   84888        15   50999730   51057910    202      16  380911      0.50595       0.1278   -3.8858e-15      0.50595
_SET3_   342035       15   51633713   51700210    279      25  403061    -0.039313      0.26137   -3.8788e-15    -0.039313
_SET3_   23312        15   51739921   51915030    397      17  383430       1.2638     0.021394   -3.7748e-15       1.2638
_SET3_   10681        15   52413123   52483565    195      19  393448      0.34951      0.16849   -3.8858e-15      0.34951
_SET3_   55930        15   52484515   52587995    269      27  383827      0.66084      0.10003   -3.8858e-15      0.66084
_SET3_   4644         15   52599480   52821247    560      15  402281       2.2006     0.001429   -3.9968e-15       2.2006
_SET3_   10776        15   52839384   52861436     65       7  405427       1.3581     0.033784   -3.7748e-15       1.3581
_SET3_   56204        15   52873518   52971569    183      16  394862        1.599     0.014306   -3.7748e-15        1.599
_SET3_   440279       15   54270557   54920806   2496     107  400910      0.40221     0.026653   -3.8858e-15      0.40221
_SET3_   9488         15   55611133   55647906    109      16  396533    -0.064558      0.30565   -3.8858e-15    -0.064558
_SET3_   54816        15   56922374   57026279    188      17  397077       2.0554    0.0035193   -3.9968e-15       2.0554
_SET3_   102          15   58887403   59042177    298      17  401204       2.0089    0.0038004   -3.9968e-15       2.0089
_SET3_   79811        15   59171244   59226323     64       9  409247       3.4824   3.0723e-05   -3.9968e-15       3.4824
_SET3_   54778        15   59279865   59389618    264      18  395798      0.27987      0.17323   -3.8858e-15      0.27987
_SET3_   4643         15   59428168   59665071    707      62  393895       0.1795       0.1489   -3.8858e-15       0.1795
_SET3_   54832        15   62144588   62352664    504      20  388168       1.9214    0.0033455   -3.7748e-15       1.9214
_SET3_   83660        15   62682769   63136830   1217     115  396519       0.6096      0.05297   -3.8858e-15       0.6096
_SET3_   7168         15   63334838   63364114     99      14  393835     -0.16597      0.33394   -3.8858e-15     -0.16597
_SET3_   771          15   63615730   63674326    134      23  374384      0.10392      0.23891   -3.8858e-15      0.10392
_SET3_   8925         15   63900817   64126148    550      20  383042       1.3303     0.016439   -3.7748e-15       1.3303
_SET3_   10260        15   65952954   66084631    242      15  400048     -0.16881      0.32113   -3.8858e-15     -0.16881
_SET3_   115752       15   66585633   66626236    107      19  393460     0.030532      0.26579   -3.8823e-15     0.030532
_SET3_   55055        15   66797431   66841823    128      15  398900      0.65404       0.1073   -3.8858e-15      0.65404
_SET3_   4088         15   67358036   67487533    368      50  401965       2.6621   0.00032209   -3.9968e-15       2.6621
_SET3_   79719        15   67493013   67547536    100       8  402919       2.3578    0.0017464   -3.9968e-15       2.3578
_SET3_   54982        15   68499330   68522081     43       5  382614       -2.944      0.99206   -3.9968e-15       -2.944
_SET3_   10391        15   68851614   69020145    504      47  392703       2.1778    0.0015113   -3.9968e-15       2.1778
_SET3_   8125         15   69070874   69113261     81      16  346273      -1.8023      0.89359   -3.7748e-15      -1.8023
_SET3_   26035        15   69452921   69564546    185      15  397158      0.28717      0.18232   -3.8858e-15      0.28717
_SET3_   7090         15   70340129   70390274    143      23  364201      -1.7244      0.86125   -3.7748e-15      -1.7244
_SET3_   55323        15   71123889   71146498     40       7  386420     -0.90657      0.64268   -3.8858e-15     -0.90657
_SET3_   54839        15   71145578   71342436    211      21  382862     -0.44589      0.41057   -3.8858e-15     -0.44589
_SET3_   4649         15   72114632   72410440    427      17  387970     -0.59593      0.46256   -3.8858e-15     -0.59593
_SET3_   196996       15   72452147   72490136     50      10  393946     -0.88134      0.64346   -3.8858e-15     -0.88134
_SET3_   5315         15   72491370   72523901     49      10  383635     -0.42493      0.47125   -3.8858e-15     -0.42493
_SET3_   4756         15   73344056   73597547    540      23  399163     -0.80256      0.49694   -3.8858e-15     -0.80256
_SET3_   27020        15   73852344   73925753    119      13  393461       1.6805     0.012722   -3.7748e-15       1.6805
_SET3_   4016         15   74218789   74244478    114      16  405824      0.47617      0.13874   -3.8858e-15      0.47617
_SET3_   4351         15   75182377   75190581     13       4  385568      0.61309      0.12931   -3.8858e-15      0.61309
_SET3_   57184        15   75192328   75199462      9       3  406153       1.7602     0.012704   -3.7748e-15       1.7602
_SET3_   4123         15   75648133   75661455      9       5  382561     -0.50612      0.49464   -3.8858e-15     -0.50612
_SET3_   25942        15   75661720   75748181     91      10  394657     -0.65584      0.52644   -3.8858e-15     -0.65584
_SET3_   26263        15   76196200   76227609     54       7  347866      0.31813      0.22851   -3.8858e-15      0.31813
_SET3_   2108         15   76508628   76603810    190      14  405182      0.54561      0.12047   -3.8858e-15      0.54561
_SET3_   49855        15   76640526   77197796   1019      21  399747      0.77749      0.03543   -3.8858e-15      0.77749
_SET3_   79834        15   77400498   77712446    430      21  402703       1.8865    0.0042583   -3.7748e-15       1.8865
_SET3_   84894        15   77905369   77988490    218      23  391746      0.98276     0.053441   -3.8858e-15      0.98276
_SET3_   3419         15   78441698   78462884     49       9  356386       1.1407     0.044761   -3.7748e-15       1.1407
_SET3_   23205        15   78463187   78527049    172      31  381999      0.63815     0.095943   -3.8858e-15      0.63815
_SET3_   1136         15   78885394   78913637     68       8  401064       1.9622      0.00569   -3.7748e-15       1.9622
_SET3_   1512         15   79214092   79237436     78       9  402646       1.1225     0.048085   -3.7748e-15       1.1225
_SET3_   5923         15   79252289   79383215    409      61  394432      -1.5623       0.7945   -3.7748e-15      -1.5623
_SET3_   9915         15   80696692   80890278    490      59  396456        1.498     0.011372   -3.7748e-15        1.498
_SET3_   59274        15   81293295   81296345      4       2  411587      0.35835      0.23252   -3.8858e-15      0.35835
_SET3_   64506        15   83211948   83316762    240      25  393284       2.8047   0.00024852   -3.9968e-15       2.8047
_SET3_   8120         15   83328033   83378660    113      19  401389       3.1708   7.9725e-05   -3.9968e-15       3.1708
_SET3_   50810        15   83806804   83876770    122      10  398106       3.8863   4.7132e-06   -3.9968e-15       3.8863
_SET3_   54993        15   85144249   85166947     37      10  402367       5.2829   2.5234e-09   -3.5527e-15       5.2829
_SET3_   9640         15   85291818   85349663    117      16  398158       5.4141   8.6441e-10   -3.5527e-15       5.4141
_SET3_   11214        15   85923818   86292589   1216      39  397584      0.18402     0.090704   -3.8858e-15      0.18402
_SET3_   123624       15   86623137   87572283   3675     151  390156      0.49822     0.024775   -3.8858e-15      0.49822
_SET3_   4916         15   88419948   88800026    833      65  392862       1.2865      0.01345   -3.7748e-15       1.2865
_SET3_   5428         15   89859536   89878026     34       5  390826     -0.77086      0.59612   -3.8858e-15     -0.77086
_SET3_   64784        15   91073118   91188577    317      19  395964        1.604     0.010777   -3.7748e-15        1.604
_SET3_   4122         15   91447420   91465815     63      12  359602     -0.26421      0.38961   -3.8858e-15     -0.26421
_SET3_   9055         15   91509268   91537881     97      11  402378      0.94331     0.067268   -3.8858e-15      0.94331
_SET3_   9899         15   91642996   91844539    605      44  402978       0.2853      0.12819   -3.8858e-15       0.2853
_SET3_   1106         15   93442286   93571237    346      26  397765       1.4355     0.015078   -3.7748e-15       1.4355
_SET3_   283777       15   98980391   99057611    236      21  397918      -1.6455       0.8374   -3.7748e-15      -1.6455
_SET3_   55180        15  101109428  101142445    140      15  405135      0.10201      0.23608   -3.8858e-15      0.10201
_SET3_   101927751    15  101457587  101459437      7       2  413196      0.23536      0.23962   -3.8858e-15      0.23536
_SET3_   9727         16     475649     572485    249      25  397403       1.4454     0.016635   -3.7748e-15       1.4454
_SET3_   57799        16     639357     679273    113       8  383441     -0.75355      0.57101   -3.8858e-15     -0.75355
_SET3_   197335       16     699363     717833     69       4  397739      0.89709     0.081094   -3.8858e-15      0.89709
_SET3_   89941        16     718083     724174     23       6  389929      0.59373      0.13254   -3.8858e-15      0.59373
_SET3_   10273        16     730115     732768      5       3  383480      0.15033      0.27675   -3.8858e-15      0.15033
_SET3_   63922        16     838622     848074     62      11  335499      -1.0137      0.70717   -3.7748e-15      -1.0137
_SET3_   8912         16    1203241    1271772    241      49  379153       1.1995      0.03133   -3.7748e-15       1.1995
_SET3_   7329         16    1357420    1377019    110      10  389717     -0.33609      0.41634   -3.8858e-15     -0.33609
_SET3_   8938         16    1383606    1399442     47      14  382066     -0.10198      0.31946   -3.8858e-15     -0.10198
_SET3_   1186         16    1494934    1525085    172      16  380287      -1.1771      0.70443   -3.7748e-15      -1.1771
_SET3_   23162        16    1756184    1820318    123      16  386436      0.64068       0.1122   -3.8858e-15      0.64068
_SET3_   197342       16    1823223    1826628      9       4  384962    -0.066053      0.33404   -3.8858e-15    -0.066053
_SET3_   3029         16    1859104    1877195    141       8  401229       1.3119     0.032308   -3.7748e-15       1.3119
_SET3_   5310         16    2138709    2185899     69      10  387331        1.371      0.02968   -3.7748e-15        1.371
_SET3_   10921        16    2303100    2318413     26       7  373954       1.0748     0.052455   -3.7748e-15       1.0748
_SET3_   21           16    2325879    2390747     96      17  392828      0.73442     0.090582   -3.8858e-15      0.73442
_SET3_   57465        16    2525146    2555734     28      17  367238       0.2951      0.21663   -3.8858e-15       0.2951
_SET3_   23524        16    2802330    2821413     29       7  397978       1.5836     0.019144   -3.7748e-15       1.5836
_SET3_   4992         16    3254247    3255185      2       1  411573      0.14134      0.28392   -3.8858e-15      0.14134
_SET3_   79903        16    3493611    3536963    175      15  397702      -1.6419      0.84988   -3.7748e-15      -1.6419
_SET3_   3163         16    4524719    4560348    103       8  405797        1.287     0.035205   -3.7748e-15        1.287
_SET3_   29965        16    4560676    4588816     68       8  388803      0.69413       0.1089   -3.8858e-15      0.69413
_SET3_   23295        16    4674825    4740975    265      18  374244     -0.56267      0.46534   -3.8858e-15     -0.56267
_SET3_   54715        16    5289469    7763342  13662     586  395632       1.8934   0.00023408   -3.7748e-15       1.8934
_SET3_   18           16    8768444    8878432    571      66  394522      0.37386      0.11883   -3.8858e-15      0.37386
_SET3_   5373         16    8891670    8943194    224      25  392069      0.34934      0.15481   -3.8858e-15      0.34934
_SET3_   23589        16    8946799    8962869     91      17  401130     -0.40289      0.42395   -3.8858e-15     -0.40289
_SET3_   7874         16    8985951    9057341    183      19  395572     -0.43704      0.42194   -3.8858e-15     -0.43704
_SET3_   2903         16    9847265   10276611   1745      51  395496       3.8513   7.6215e-08   -3.9968e-15       3.8513
_SET3_   80063        16   10479912   10577495    256      13  403631      -0.7686      0.54567   -3.8858e-15      -0.7686
_SET3_   23274        16   11038345   11276046    657      26  396620      0.51907      0.08222   -3.8858e-15      0.51907
_SET3_   9516         16   11641578   11681322    173      25  401461      -0.5894      0.47127   -3.8858e-15      -0.5894
_SET3_   57496        16   14165178   14360633    440      13  397628     -0.84141      0.59067   -3.8858e-15     -0.84141
_SET3_   23420        16   14927643   14990014      6       4  353696      0.56636      0.16948   -3.8858e-15      0.56636
_SET3_   9665         16   15688226   15737023     85      21  344689       1.9725    0.0054553   -3.7748e-15       1.9725
_SET3_   4363         16   16043434   16236931    693      53  391186      -0.9187      0.51575   -3.8858e-15      -0.9187
_SET3_   408050       16   16326389   16388668      7       3  376963       1.0932     0.062453   -3.7748e-15       1.0932
_SET3_   283820       16   18511182   18573434      4       2  386412      -1.0577      0.75103   -3.7748e-15      -1.0577
_SET3_   124152       16   19727778   19869087    252      13  383707      -0.7802      0.56475   -3.8858e-15      -0.7802
_SET3_   51704        16   19870293   19897049     70      11  396371       1.1898     0.037724   -3.7748e-15       1.1898
_SET3_   57146        16   21169703   21191937     42       8  396513      -0.6638      0.54276   -3.8858e-15      -0.6638
_SET3_   1428         16   21269839   21314404    103      10  374061     -0.65746      0.53594   -3.8858e-15     -0.65746
_SET3_   51108        16   21608543   21668792     76      18  384948       2.0958    0.0037986   -3.9968e-15       2.0958
_SET3_   7385         16   21964609   21994668     26       7  407314      0.47732      0.17579   -3.8858e-15      0.47732
_SET3_   55718        16   22308696   22346424     51       9  360857      -1.3335      0.81655   -3.7748e-15      -1.3335
_SET3_   23062        16   23474863   23521815     82      11  360759       2.2296    0.0030955   -3.9968e-15       2.2296
_SET3_   79728        16   23614481   23652678     95       8  389355       1.0707     0.065934   -3.7748e-15       1.0707
_SET3_   5579         16   23847300   24231932   1143      97  395132       3.8048   6.5811e-07   -3.9968e-15       3.8048
_SET3_   10368        16   24266874   24373737    340      49  402366     -0.65185      0.46917   -3.8858e-15     -0.65185
_SET3_   27327        16   24741028   24837548    178      21  371389      0.74942     0.083385   -3.8858e-15      0.74942
_SET3_   23214        16   28109297   28223281    123       9  399134       0.4179      0.16331   -3.8858e-15       0.4179
_SET3_   11273        16   28834369   28848558     24       2  411948      0.54086      0.16611   -3.8858e-15      0.54086
_SET3_   7284         16   28853732   28857729      7       2  411610        1.032     0.069258   -3.7748e-15        1.032
_SET3_   3835         16   29801383   29816706      6       4  398659       2.1198    0.0074547   -3.9968e-15       2.1198
_SET3_   112476       16   29823409   29827202      5       3  389631       2.9046   0.00051394   -3.9968e-15       2.9046
_SET3_   26470        16   29882480   29910585     24       6  383046       2.3488    0.0020287   -3.9968e-15       2.3488
_SET3_   8448         16   30016835   30023424     12       3  392724       3.2552   8.7404e-05   -3.9968e-15       3.2552
_SET3_   226          16   30064411   30081741     11       4  382829       2.5522    0.0010991   -3.9968e-15       2.5522
_SET3_   5595         16   30125426   30134630     10       4  350915       3.5955   2.3486e-05   -3.9968e-15       3.5955
_SET3_   6810         16   31044416   31051489     12       3  412139     -0.57904      0.53734   -3.8858e-15     -0.57904
_SET3_   2521         16   31191431   31206192     10       4  353112     -0.62452      0.55854   -3.8858e-15     -0.62452
_SET3_   493829       16   31225342   31236510      6       2  378304     -0.56547      0.54027   -3.8858e-15     -0.56547
_SET3_   388272       16   46835959   46865074     20       3  375048      0.54178      0.16687   -3.8858e-15      0.54178
_SET3_   10294        16   46989274   47007625     16       6  388911      0.28359      0.23289   -3.8858e-15      0.28359
_SET3_   81831        16   47115431   47177936     50       6  392214      -1.4406      0.85195   -3.7748e-15      -1.4406
_SET3_   5257         16   47495047   47735434    177      16  395833     -0.51899      0.50655   -3.8858e-15     -0.51899
_SET3_   83752        16   48278211   48387888    128      12  394804     -0.36917      0.43448   -3.8858e-15     -0.36917
_SET3_   55027        16   50099881   50139392    106       9  401559       1.1701     0.043219   -3.7748e-15       1.1701
_SET3_   80205        16   53088905   53361414    631      25  397962     -0.13255      0.23422   -3.8858e-15     -0.13255
_SET3_   64400        16   53525192   53538323     17       4  391659     -0.65688      0.55666   -3.8858e-15     -0.65688
_SET3_   79068        16   53737875   54148379   1271     105  392273      0.63983     0.042287   -3.8858e-15      0.63983
_SET3_   79190        16   55358406   55364672     26       5  405718     -0.68945      0.57064   -3.8858e-15     -0.68945
_SET3_   2775         16   56225251   56391356    443      47  395534      -1.3272      0.71512   -3.7748e-15      -1.3272
_SET3_   55239        16   56485424   56511407     62      10  391955     -0.61843      0.53599   -3.8858e-15     -0.61843
_SET3_   583          16   56504301   56554008    102      13  392067      -0.5301       0.4949   -3.8858e-15      -0.5301
_SET3_   9688         16   56764017   56882637    249      29  399449      -1.4192      0.77316   -3.7748e-15      -1.4192
_SET3_   89970        16   57220026   57274385     92      14  396300     -0.84796      0.62705   -3.8858e-15     -0.84796
_SET3_   3801         16   57792129   57896957    366      42  395161       1.3401     0.020277   -3.7748e-15       1.3401
_SET3_   23019        16   58553850   58663790    313      14  405204       2.4065   0.00099166   -3.9968e-15       2.4065
_SET3_   1009         16   64916794   65160015    806      34  399382      0.56749     0.066868   -3.8858e-15      0.56749
_SET3_   7084         16   66541906   66584315     86       5  400001    -0.045869      0.36464   -3.8788e-15    -0.045869
_SET3_   283848       16   67022491   67043661     19       6  380835     -0.22657      0.42364   -3.8858e-15     -0.22657
_SET3_   6553         16   67282855   67306094     23       6  375468     0.032933      0.35079   -3.8788e-15     0.032933
_SET3_   79567        16   67562717   67580691     23       7  400046       1.2386     0.053014   -3.7748e-15       1.2386
_SET3_   50855        16   67694851   67696681      1       1  412840       3.7158    5.067e-05   -3.9968e-15       3.7158
_SET3_   80152        16   67862060   67881361     20       4  410671       3.6797   2.3368e-05   -3.9968e-15       3.6797
_SET3_   10204        16   67880819   67906470     38       8  392782        3.558   3.3187e-05   -3.9968e-15        3.558
_SET3_   55794        16   68055177   68057770      2       1  315233       -1.083      0.78708   -3.7748e-15       -1.083
_SET3_   54496        16   68344877   68391169    129      14  396232       2.3891    0.0012996   -3.9968e-15       2.3891
_SET3_   1001         16   68678151   68732959    147      15  395922     -0.69165      0.52278   -3.8858e-15     -0.69165
_SET3_   80777        16   69458498   69500167    130      16  400529      0.78448     0.081836   -3.8858e-15      0.78448
_SET3_   55308        16   70380764   70407286     27       9  381198      0.49754      0.14414   -3.8858e-15      0.49754
_SET3_   23450        16   70557691   70611571     75       8  388463      0.36538      0.17437   -3.8858e-15      0.36538
_SET3_   54768        16   70841287   71264625    281      33  379945       1.8929    0.0047563   -3.7748e-15       1.8929
_SET3_   2734         16   74481325   74641042    437      24  390176     -0.41408      0.36545   -3.8858e-15     -0.41408
_SET3_   79726        16   74907468   75019026    360      40  388513     -0.87029      0.55076   -3.8858e-15     -0.87029
_SET3_   162239       16   75182392   75206132    106      11  397813      -2.4147       0.9704   -3.9968e-15      -2.4147
_SET3_   79583        16   75572015   75590184     66       7  404185      0.86533     0.082549   -3.8858e-15      0.86533
_SET3_   23536        16   75622718   75657221    115      16  401455      -1.3062       0.7819   -3.7748e-15      -1.3062
_SET3_   3735         16   75661622   75681585     67      13  393634      -1.2395       0.7693   -3.7748e-15      -1.2395
_SET3_   80790        16   81478775   81745367   1074     102  391743      0.84891     0.033241   -3.8858e-15      0.84891
_SET3_   1012         16   82660399   83830215   6479     322  398147       1.3689    0.0017733   -3.7748e-15       1.3689
_SET3_   83693        16   84155744   84178800     56      11  387357      0.41782       0.1605   -3.8858e-15      0.41782
_SET3_   9764         16   85061374   85127836    311      26  394511     -0.94087      0.59866   -3.8858e-15     -0.94087
_SET3_   23199        16   85203152   85709812   1774     218  391928     -0.75404      0.28505   -3.8858e-15     -0.75404
_SET3_   79791        16   87362942   87425708    198      30  377259    -0.019706      0.25733   -3.8823e-15    -0.019706
_SET3_   54971        16   87984231   88110924    557      19  395248      0.28903      0.13206   -3.8858e-15      0.28903
_SET3_   115992       16   88762903   88772829     54      16  393229       1.5972      0.01387   -3.7748e-15       1.5972
_SET3_   6687         16   89574802   89624174    161      10  392270       2.4852   0.00093842   -3.9968e-15       2.4852
_SET3_   5119         16   89710839   89724193     43       8  393692       2.3383    0.0018204   -3.9968e-15       2.3383
_SET3_   8558         16   89753076   89762772     29       7  402847       2.0441    0.0049219   -3.9968e-15       2.0441
_SET3_   55275        17     411908     618096    608      30  387947      -1.1624      0.62724   -3.7748e-15      -1.1624
_SET3_   29           17     906758    1090616    669      95  392502      0.11142      0.17763   -3.8858e-15      0.11142
_SET3_   7531         17    1247833    1303669    188      22  397095       4.1357   8.5239e-07   -3.5527e-15       4.1357
_SET3_   4641         17    1367480    1396001     99      29  389166       2.7608   0.00035562   -3.9968e-15       2.7608
_SET3_   10594        17    1553923    1588176    103      10  397847     -0.10778      0.35211   -3.8858e-15     -0.10778
_SET3_   1801         17    1933431    1947183     35      11  398076      0.75342     0.094526   -3.8858e-15      0.75342
_SET3_   9905         17    2240806    2284353    149      23  396626      0.65813     0.095205   -3.8858e-15      0.65813
_SET3_   5048         17    2496923    2588909    174      12  396117      -2.3245      0.95725   -3.9968e-15      -2.3245
_SET3_   23277        17    2592680    2615053     36       6  390147      -0.4221      0.45091   -3.8858e-15      -0.4221
_SET3_   5026         17    3575156    3599698     66      11  392457      -1.4104      0.79304   -3.7748e-15      -1.4104
_SET3_   55421        17    3710042    3749545    101      16  370746     -0.11514       0.3252   -3.8858e-15     -0.11514
_SET3_   84254        17    3763609    3796337    112      28  393149      0.16782      0.20833   -3.8858e-15      0.16782
_SET3_   409          17    4613789    4624795     20       4  383942     -0.73135      0.59788   -3.8858e-15     -0.73135
_SET3_   8402         17    4840425    4843462      3       1  343753     -0.56619      0.65106   -3.8858e-15     -0.56619
_SET3_   7775         17    5009029    5026411     43      13  381235      0.50118      0.14201   -3.8858e-15      0.50118
_SET3_   708          17    5336099    5342471     22       5  408574     -0.57697      0.53673   -3.8858e-15     -0.57697
_SET3_   83394        17    6354583    6459877    335      28  379315        1.783    0.0057824   -3.7748e-15        1.783
_SET3_   54739        17    6658716    6678966     46      10  392710     -0.18141      0.35513   -3.8858e-15     -0.18141
_SET3_   1742         17    7093209    7123369     43       9  386554      -0.6732      0.54444   -3.8858e-15      -0.6732
_SET3_   1984         17    7210318    7215782     12       4  387130       1.2127     0.041286   -3.7748e-15       1.2127
_SET3_   84461        17    7218947    7232644     22       7  392519      0.45739      0.15513   -3.8858e-15      0.45739
_SET3_   8711         17    7284293    7293093     32       9  381658     -0.61047      0.52904   -3.8858e-15     -0.61047
_SET3_   1973         17    7476024    7482324     20       6  396397       1.1264     0.052951   -3.7748e-15       1.1264
_SET3_   9526         17    7486965    7491530      7       4  412019       1.1598     0.049621   -3.7748e-15       1.1598
_SET3_   1949         17    7608520    7614693      9       3  286047      -1.1591      0.79769   -3.7748e-15      -1.1591
_SET3_   146754       17    7620631    7737058    241      32  390702     -0.41259      0.38647   -3.8858e-15     -0.41259
_SET3_   58485        17    7833663    7835317      3       1  409623     -0.55403      0.66377   -3.8858e-15     -0.55403
_SET3_   242          17    7975954    7991021     44      13  401134     -0.77122      0.56688   -3.8858e-15     -0.77122
_SET3_   80169        17    8128139    8151413     62      12  396550     -0.61366      0.52666   -3.8858e-15     -0.61366
_SET3_   5198         17    8152596    8173809     53      11  391560     -0.83436      0.61725   -3.8858e-15     -0.83436
_SET3_   4628         17    8377523    8534094    222      14  398904        1.564     0.013142   -3.7748e-15        1.564
_SET3_   8522         17    9813926   10101868   1090     143  397992      -2.1368      0.88492   -3.9968e-15      -2.1368
_SET3_   388336       17   11144740   11467380   1090     103  396902        1.886    0.0019863   -3.7748e-15        1.886
_SET3_   9912         17   12692829   12894960    748      58  399800       1.2391     0.016855   -3.7748e-15       1.2391
_SET3_   60528        17   12894929   12921381    143       7  409349       1.6142     0.014938   -3.7748e-15       1.6142
_SET3_   54902        17   15902694   15932723     74       6  396656     -0.21643      0.38356   -3.8858e-15     -0.21643
_SET3_   9611         17   15933408   16118874    305      12  392677      -1.0341      0.63916   -3.7748e-15      -1.0341
_SET3_   57336        17   16453626   16472520     24       4  349719     -0.91167       0.7233   -3.8858e-15     -0.91167
_SET3_   201164       17   17104309   17109646     17       5  391174      -1.6144      0.86906   -3.7748e-15      -1.6144
_SET3_   6720         17   17714663   17740331     36       5  402350      0.28693      0.20807   -3.8858e-15      0.28693
_SET3_   146691       17   17746822   17875784    177       8  394385    -0.015415      0.27582   -3.8823e-15    -0.015415
_SET3_   51168        17   18012020   18083116    132      17  393772     -0.12938      0.30393   -3.8858e-15     -0.12938
_SET3_   125170       17   18163848   18169095     11       5  409055     -0.20825      0.38793   -3.8858e-15     -0.20825
_SET3_   7156         17   18177235   18218321     77       8  404744     -0.25614      0.38186   -3.8858e-15     -0.25614
_SET3_   140775       17   18218594   18231370     46       7  392107     -0.16951      0.35126   -3.8858e-15     -0.16951
_SET3_   51030        17   18684458   18710027     38       7  389271      0.14038        0.245   -3.8858e-15      0.14038
_SET3_   27077        17   19240563   19281495     64       9  264929      0.19956      0.35372   -3.8858e-15      0.19956
_SET3_   92521        17   19912649   20218072    663      18  402452     -0.88136      0.50508   -3.8858e-15     -0.88136
_SET3_   339263       17   21343211   21454941    165      27  382379     -0.82198      0.55866   -3.8858e-15     -0.82198
_SET3_   26118        17   25621106   25640659     35       7  382071    -0.009369      0.29962   -3.8823e-15    -0.009369
_SET3_   90410        17   26655351   26662515      6       3  397223      -1.0361      0.77589   -3.7748e-15      -1.0361
_SET3_   113235       17   26721661   26733230     15       3  409027       1.0798     0.059308   -3.7748e-15       1.0798
_SET3_   124923       17   26934799   26941377      5       3  367585      0.65012      0.17924   -3.8858e-15      0.65012
_SET3_   124925       17   27281923   27333458     61      11  395465     -0.27557      0.39436   -3.8858e-15     -0.27557
_SET3_   399687       17   27400528   27507432    206      20  403270       2.5162   0.00073655   -3.9968e-15       2.5162
_SET3_   28964        17   27900487   27916610     28       9  395790       1.7931    0.0093648   -3.7748e-15       1.7931
_SET3_   124930       17   27920527   27941779     26       9  373048       1.6269     0.014338   -3.7748e-15       1.6269
_SET3_   4763         17   29421945   29704695    328       7  399522       1.0703     0.044016   -3.7748e-15       1.0703
_SET3_   55813        17   30190190   30228729     95      11  400073      -2.4125       0.9702   -3.9968e-15      -2.4125
_SET3_   23512        17   30264044   30328057    137       6  394752       -2.157      0.95132   -3.9968e-15       -2.157
_SET3_   55288        17   30469473   30552746    103      11  393974     -0.78494      0.59747   -3.8858e-15     -0.78494
_SET3_   40           17   31340105   32483825   3621     270  396547       2.1302    0.0001163   -3.9968e-15       2.1302
_SET3_   3980         17   33307517   33332088     23       6  406676       1.4923     0.022587   -3.7748e-15       1.4923
_SET3_   163          17   33913918   34053436    396      21  401279     -0.42011      0.38108   -3.8858e-15     -0.42011
_SET3_   79893        17   34900737   34946278     77      11  394436       2.5159   0.00097692   -3.9968e-15       2.5159
_SET3_   31           17   35441927   35766902    454      32  379787       -0.974      0.58748   -3.8858e-15       -0.974
_SET3_   6871         17   35766977   35839830    182      19  388265       1.0847     0.041489   -3.7748e-15       1.0847
_SET3_   11072        17   35849951   35873603     55      11  404932       1.4156     0.023603   -3.7748e-15       1.4156
_SET3_   57636        17   36584720   36668628    247      34  402052      -1.8378        0.875   -3.7748e-15      -1.8378
_SET3_   51755        17   37617739   37721398    190      12  390339       1.7671    0.0090053   -3.7748e-15       1.7671
_SET3_   10948        17   37793333   37820454     73       9  354791      0.54851      0.16371   -3.8858e-15      0.54851
_SET3_   339287       17   38278235   38293047     26       4  387786       1.0111     0.090491   -3.7748e-15       1.0111
_SET3_   22794        17   38296507   38328431     40       7  391620       1.3484     0.046477   -3.7748e-15       1.3484
_SET3_   5914         17   38465423   38513895     60      11  386093      0.39897      0.19795   -3.8858e-15      0.39897
_SET3_   6605         17   38781214   38805658     38       8  390966      0.41442      0.16895   -3.8858e-15      0.41442
_SET3_   55175        17   40009799   40021629     32       6  395715      -1.3604      0.80603   -3.7748e-15      -1.3604
_SET3_   7266         17   40128439   40169715     53      10  403395       0.5823      0.13528   -3.8858e-15       0.5823
_SET3_   28511        17   40169594   40177659     10       3  381316      0.49224      0.18407   -3.8858e-15      0.49224
_SET3_   79132        17   40253422   40264751     29       5  408371      -0.7122       0.6038   -3.8858e-15      -0.7122
_SET3_   6776         17   40439565   40463961     51       7  384679      0.34842      0.19285   -3.8858e-15      0.34842
_SET3_   6774         17   40465342   40540586    129      11  392470     -0.31171      0.38944   -3.8858e-15     -0.31171
_SET3_   535          17   40610862   40674597     66      14  375510     -0.61808      0.52124   -3.8858e-15     -0.61808
_SET3_   80755        17   41102543   41116515     10       2  390674       -1.671      0.89051   -3.7748e-15       -1.671
_SET3_   7343         17   42282401   42298994     24       6  378037       5.4366   1.3902e-09   -3.5527e-15       5.4366
_SET3_   284071       17   42733762   42755673     25      10  369721      -1.1888       0.7489   -3.7748e-15      -1.1888
_SET3_   9343         17   42927655   42976993    139      16  393392     -0.35384       0.3973   -3.8858e-15     -0.35384
_SET3_   752          17   43299192   43324685     47       8  380157      0.19361      0.23402   -3.8858e-15      0.19361
_SET3_   9020         17   43340488   43394414     97      14  397175     -0.15998      0.33079   -3.8858e-15     -0.15998
_SET3_   201176       17   43471268   43510282     92       6  399208       0.7108      0.10643   -3.8858e-15       0.7108
_SET3_   4137         17   43971702   44105700    686       5  399731      0.71117     0.070182   -3.8858e-15      0.71117
_SET3_   284058       17   44107282   44302740    727       6  336626      0.65805     0.074384   -3.8858e-15      0.65805
_SET3_   4905         17   44668035   44834830     73       8  384001      0.96433     0.067056   -3.8858e-15      0.96433
_SET3_   9570         17   45000486   45044366    119      12  394799      0.82363     0.075057   -3.8858e-15      0.82363
_SET3_   388394       17   45055522   45056614      1       1  413466      -1.6802       0.9134   -3.7748e-15      -1.6802
_SET3_   9520         17   45600316   45700642    113      14  371785       1.8552    0.0067581   -3.7748e-15       1.8552
_SET3_   3837         17   45726861   45762037     47       9  350412       1.8399    0.0083029   -3.7748e-15       1.8399
_SET3_   4779         17   46125686   46138907     23       7  406487     -0.47113      0.48643   -3.8858e-15     -0.47113
_SET3_   29916        17   46184911   46200109     49       8  403538     -0.74923      0.58712   -3.8858e-15     -0.74923
_SET3_   10241        17   46908350   46942607     81       8  395822       -2.225      0.95713   -3.9968e-15       -2.225
_SET3_   22834        17   47366568   47439835    156      14  393555      0.59953      0.10962   -3.8858e-15      0.59953
_SET3_   8405         17   47676246   47755525     89      21  384649      -2.6585      0.98021   -3.9968e-15      -2.6585
_SET3_   10237        17   47778296   47785313      7       3  413271      0.30076      0.23484   -3.8858e-15      0.30076
_SET3_   11143        17   47865922   47906458     32      12  371287     -0.87279      0.64139   -3.8858e-15     -0.87279
_SET3_   3675         17   48133340   48167849     80      12  396914       2.0107    0.0058916   -3.9968e-15       2.0107
_SET3_   10140        17   48939584   48945339      6       3  378663       1.2146     0.042733   -3.7748e-15       1.2146
_SET3_   9043         17   49039535   49198226    177      16  386728       1.5618     0.013947   -3.7748e-15       1.5618
_SET3_   54799        17   49254786   49337788    180      14  398733       3.7944   4.5872e-06   -3.9968e-15       3.7944
_SET3_   56934        17   49707674   50237377   1254      72  393574      0.37873     0.065112   -3.8858e-15      0.37873
_SET3_   404093       17   55938604   56032684    258      39  396391      -1.4197      0.76917   -3.7748e-15      -1.4197
_SET3_   7716         17   56048908   56065615     25       6  385840      0.22892      0.26381   -3.8858e-15      0.22892
_SET3_   6426         17   56078280   56084707     11       5  350915      0.20381      0.26811   -3.8858e-15      0.20381
_SET3_   140735       17   56160780   56167618      5       3  411169       0.2021      0.26284   -3.8858e-15       0.2021
_SET3_   4591         17   57059999   57184266    187      20  350189       1.7455     0.008418   -3.7748e-15       1.7455
_SET3_   1213         17   57697050   57774317    115       9  393437     0.019354      0.28875   -3.8823e-15     0.019354
_SET3_   81671        17   57784553   57919610    202      19  394411      0.61713      0.10385   -3.8858e-15      0.61713
_SET3_   54828        17   58755172   59470199   1007      55  394017      -1.6563      0.74824   -3.7748e-15      -1.6563
_SET3_   83990        17   59756547   59940920    274      18  387908     -0.55111      0.44675   -3.8858e-15     -0.55111
_SET3_   339175       17   60501246   60527454     23       8  371081      0.13202      0.28139   -3.8858e-15      0.13202
_SET3_   11011        17   60554447   60692842    150      15  389409      0.40747      0.15168   -3.8858e-15      0.40747
_SET3_   26115        17   61043913   61505067    741      27  389166        1.159      0.02036   -3.7748e-15        1.159
_SET3_   1636         17   61554422   61575741     42       5  382071       1.2338     0.038144   -3.7748e-15       1.2338
_SET3_   4215         17   61699404   61773670     88       7  391871      -1.7724       0.8925   -3.7748e-15      -1.7724
_SET3_   6603         17   61909441   61920699     17       3  399472      -1.4804      0.83798   -3.7748e-15      -1.4804
_SET3_   92340        17   62075711   62081645      8       3  365629       1.1544     0.047836   -3.7748e-15       1.1544
_SET3_   90799        17   62502878   62534069     51       8  384441      -1.3792      0.85566   -3.7748e-15      -1.3792
_SET3_   27092        17   64960980   65029518    197      35  386751       -1.093      0.67436   -3.7748e-15       -1.093
_SET3_   5718         17   65336619   65362721     52      13  383912      -0.1219       0.3239   -3.8858e-15      -0.1219
_SET3_   2186         17   65821644   65980494    261      14  385488      0.55409      0.11664   -3.8858e-15      0.55409
_SET3_   23461        17   67240576   67323323    170      17  405686     -0.70763      0.52871   -3.8858e-15     -0.70763
_SET3_   201266       17   70642085   71088853   1493     151  395132      -1.0733      0.47302   -3.7748e-15      -1.0733
_SET3_   55890        17   72427480   72447797     45      13  349110     -0.39176      0.46423   -3.8858e-15     -0.39176
_SET3_   23163        17   73232694   73258444     42       6  401452       2.2005    0.0035329   -3.9968e-15       2.2005
_SET3_   60386        17   73269061   73285530     46       6  406414       1.8557    0.0091782   -3.7748e-15       1.8557
_SET3_   9772         17   73452664   73496533     98      13  398237       1.7014     0.012379   -3.7748e-15       1.7014
_SET3_   3691         17   73717516   73753899     80      19  380549       1.2105     0.034797   -3.7748e-15       1.2105
_SET3_   6730         17   74034856   74068607     55       5  392401      0.75993     0.099021   -3.8858e-15      0.75993
_SET3_   63893        17   74385613   74449288    160      20  387777       0.6017      0.11046   -3.8858e-15       0.6017
_SET3_   439921       17   74669748   74707056    123      12  400068       1.7095     0.010148   -3.7748e-15       1.7095
_SET3_   6427         17   74730197   74733493      3       2  333008       1.2779     0.044079   -3.7748e-15       1.2779
_SET3_   6397         17   75084725   75213183    445      42  384496     -0.76124      0.50399   -3.8858e-15     -0.76124
_SET3_   7083         17   76170160   76183285     53      12  399245      -1.7252      0.88222   -3.7748e-15      -1.7252
_SET3_   9489         17   76374705   76420740    183      17  392704      0.73673     0.082407   -3.8858e-15      0.73673
_SET3_   146713       17   77085427   77512230   1933     236  391928      0.51591     0.026967   -3.8858e-15      0.51591
_SET3_   6448         17   78180515   78194199     58       8  392289     -0.54757       0.4933   -3.8858e-15     -0.54757
_SET3_   57674        17   78234643   78372586    420      48  373644      0.47998      0.10971   -3.8858e-15      0.47998
_SET3_   4884         17   78440633   78450404     33       8  387067       2.9047   0.00025957   -3.9968e-15       2.9047
_SET3_   57521        17   78518625   78940173   1636      65  399225       1.9053    0.0005996   -3.7748e-15       1.9053
_SET3_   10458        17   79008944   79091232    365      47  391229     -0.15869      0.28465   -3.8858e-15     -0.15869
_SET3_   9625         17   79084285   79139877    239      41  384798     -0.53485      0.43719   -3.8858e-15     -0.53485
_SET3_   57597        17   79373540   79433358    169      36  391796       1.5891     0.012188   -3.7748e-15       1.5891
_SET3_   55666        17   79523913   79604138    332      19  395757       2.1179    0.0024104   -3.9968e-15       2.1179
_SET3_   9146         17   79650962   79669151     83      10  391154       0.5599      0.14144   -3.8858e-15       0.5599
_SET3_   5034         17   79801034   79818566     34       3  401960      0.79988      0.11023   -3.8858e-15      0.79988
_SET3_   396          17   79825595   79829282      7       2  405711      0.54559      0.18075   -3.8858e-15      0.54559
_SET3_   51547        17   79869815   79876058      3       2  389237     -0.54483      0.57827   -3.8858e-15     -0.54483
_SET3_   255275       17   79897521   79905109     21       4  376732     -0.73812      0.58702   -3.8858e-15     -0.73812
_SET3_   64118        17   80015748   80023697     16       6  391414      0.29127      0.21362   -3.8858e-15      0.29127
_SET3_   10966        17   80614943   80656598    147      28  377553     -0.68666      0.51454   -3.8858e-15     -0.68666
_SET3_   23347        18    2655886    2805015    535      20  396261     -0.65432      0.44691   -3.8858e-15     -0.65432
_SET3_   9663         18    2916992    3013313    263      20  383811     -0.13881      0.30361   -3.8858e-15     -0.13881
_SET3_   23136        18    5392380    5630662    657      59  387113     -0.21649       0.2618   -3.8858e-15     -0.21649
_SET3_   5797         18    7567314    8406859   2411     146  387605      -1.4243      0.48117   -3.7748e-15      -1.4243
_SET3_   23255        18    8705659    8832776    415      57  400533      0.60942     0.086167   -3.8858e-15      0.60942
_SET3_   9989         18    9546789    9614605    174      20  404175      -2.2796      0.95189   -3.9968e-15      -2.2796
_SET3_   147495       18   10454625   10488698    110      17  404276     -0.14093      0.30825   -3.8858e-15     -0.14093
_SET3_   2774         18   11689014   11885684    618      41  401865      -2.4495      0.94851   -3.9968e-15      -2.4495
_SET3_   56907        18   12446511   12661456    597      32  400166       0.7287     0.057856   -3.8858e-15       0.7287
_SET3_   5771         18   12785477   12884337    237      25  401768      0.21513      0.19144   -3.8858e-15      0.21513
_SET3_   8731         18   13726659   13764555     92      13  400788      0.31253      0.18914   -3.8858e-15      0.31253
_SET3_   374860       18   14748239   14852737    134      13  398486       1.4597     0.018031   -3.7748e-15       1.4597
_SET3_   91768        18   20714528   20840434    237      37  365031      -0.4395      0.41672   -3.8858e-15      -0.4395
_SET3_   8780         18   21032787   21063104     69      12  408701      0.47712      0.15202   -3.8858e-15      0.47712
_SET3_   125488       18   21572737   21715574    341      37  399854      -1.3398      0.73491   -3.7748e-15      -1.3398
_SET3_   26256        18   21718920   21741564     39       7  400175      -0.6645      0.55248   -3.8858e-15      -0.6645
_SET3_   114876       18   21742009   21977846    540      60  397790     -0.71045      0.46363   -3.8858e-15     -0.71045
_SET3_   6875         18   23806409   23971649    399      24  400974     0.018844      0.22842   -3.8823e-15     0.018844
_SET3_   284252       18   24034874   24237365    566      80  395574      0.58186     0.086397   -3.8858e-15      0.58186
_SET3_   22878        18   29409136   29523175    251      20  402238      -1.5216      0.80291   -3.7748e-15      -1.5216
_SET3_   51444        18   29671818   29711524     81      13  408428      0.47109      0.14542   -3.8858e-15      0.47109
_SET3_   8715         18   31431064   31803515    756      42  363527       2.3032   0.00065845   -3.9968e-15       2.3032
_SET3_   1837         18   32073254   32471808    887      26  398117    -0.046336      0.18986   -3.8788e-15    -0.046336
_SET3_   55197        18   33569787   33647538    143      14  394811       -1.488      0.81829   -3.7748e-15       -1.488
_SET3_   55250        18   33709837   33754688    126      13  407235     0.066861      0.25044   -3.8858e-15     0.066861
_SET3_   56853        18   34823003   35146000    826      87  394872    -0.074725      0.20308   -3.8858e-15    -0.074725
_SET3_   6563         18   43304088   43332485    114       7  403523      -1.4507       0.8085   -3.7748e-15      -1.4507
_SET3_   498          18   43664110   43684199     81       8  403951      -0.6195      0.52442   -3.8858e-15      -0.6195
_SET3_   494470       18   43906772   44041159    365      55  388213      0.17742      0.18945   -3.8858e-15      0.17742
_SET3_   125336       18   44056935   44236996    574      58  399570      -0.9008      0.53611   -3.8858e-15      -0.9008
_SET3_   9063         18   44388900   44500130    253      13  397845      0.77406     0.080773   -3.8858e-15      0.77406
_SET3_   84064        18   44633781   44676891    135      16  403018      0.77561     0.086836   -3.8858e-15      0.77561
_SET3_   9811         18   46065427   46389588   1040     119  389728       0.3478      0.10355   -3.8858e-15       0.3478
_SET3_   54808        18   46567846   46987172    989      27  398055      0.24978      0.10793   -3.8858e-15      0.24978
_SET3_   4200         18   48405432   48476165    123      14  391724      -1.3733      0.77687   -3.7748e-15      -1.3733
_SET3_   11201        18   51795849   51837583    117       9  403261      0.89817     0.070747   -3.8858e-15      0.89817
_SET3_   5874         18   52385097   52562747    536      26  399151       2.9507   8.8347e-05   -3.9968e-15       2.9507
_SET3_   23335        18   54318590   54697036    881      44  377742      0.90566     0.032894   -3.8858e-15      0.90566
_SET3_   23327        18   55711580   56068772   1064      85  397132     -0.11557      0.18326   -3.8858e-15     -0.11557
_SET3_   55205        18   56529832   56653709    298      21  398746     0.071463      0.22532   -3.8858e-15     0.071463
_SET3_   23556        18   59711457   59854289    521      14  403477      0.74833     0.063208   -3.8858e-15      0.74833
_SET3_   57614        18   59854506   59974355    325      17  407304      0.99748     0.047607   -3.8858e-15      0.99748
_SET3_   1005         18   63417488   63548175    383      19  400293      0.47059      0.11497   -3.8858e-15      0.47059
_SET3_   220164       18   67068284   67516323   1574     116  400757       0.7627     0.024826   -3.8858e-15       0.7627
_SET3_   25914        18   67671040   67872962    459      21  390984     -0.40032      0.43098   -3.8858e-15     -0.40032
_SET3_   10194        18   72922710   73001905    255      28  390251      -1.2242      0.70951   -3.7748e-15      -1.2242
_SET3_   9658         18   74069637   74207146    400      37  396262       2.4819   0.00063033   -3.9968e-15       2.4819
_SET3_   7776         18   74535149   74682688    359      20  394896       1.2929     0.023068   -3.7748e-15       1.2929
_SET3_   26251        18   77623668   77659816    130      16  404612       3.2301     5.91e-05   -3.9968e-15       3.2301
_SET3_   610          19     589893     617159    136      32  385227    -0.039168         0.27   -3.8788e-15    -0.039168
_SET3_   5442         19     617223     633665     75      14  379375      0.51243      0.13563   -3.8858e-15      0.51243
_SET3_   5064         19     708953     748330    198      39  356128      -1.0881      0.66088   -3.7748e-15      -1.0881
_SET3_   5725         19     797392     812327     54      12  387099      -1.1826      0.73911   -3.7748e-15      -1.1826
_SET3_   10025        19     867961     893218     89      14  378685      -2.2173      0.94706   -3.9968e-15      -2.2173
_SET3_   10347        19    1040102    1065571    102      17  392044       0.2642      0.19034   -3.8858e-15       0.2642
_SET3_   2879         19    1103936    1106787      7       4  371668      0.95921     0.073575   -3.8858e-15      0.95921
_SET3_   1153         19    1269267    1274809      6       1  396182     0.094761      0.32903   -3.8858e-15     0.094761
_SET3_   26528        19    1407584    1435683     42       9  386497     -0.74798       0.6202   -3.8858e-15     -0.74798
_SET3_   51690        19    2321520    2328614     28       6  392733      -1.6607      0.87309   -3.7748e-15      -1.6607
_SET3_   7089         19    2997636    3047846    209      41  385073     -0.85763      0.57301   -3.8858e-15     -0.85763
_SET3_   166          19    3052908    3062964     33      10  394899      -1.1243      0.70908   -3.7748e-15      -1.1243
_SET3_   4782         19    3359561    3469215    353      44  398828     -0.32209      0.34716   -3.8858e-15     -0.32209
_SET3_   4145         19    3777967    3801810     58      16  394892      0.44278      0.14812   -3.8858e-15      0.44278
_SET3_   80700        19    4445003    4457791     39       8  383796       1.6902     0.012036   -3.7748e-15       1.6902
_SET3_   10501        19    4542600    4559771     56      17  403474    -0.052992      0.28595   -3.8788e-15    -0.052992
_SET3_   91039        19    4675239    4723855     90      18  400807      -2.1248      0.93625   -3.9968e-15      -2.1248
_SET3_   23030        19    4969123    5153609    546      33  389612     -0.10738      0.23676   -3.8858e-15     -0.10738
_SET3_   5802         19    5205514    5340814    466      70  393986       1.1402     0.029787   -3.7748e-15       1.1402
_SET3_   9667         19    5587007    5622991     80      15  370277      -1.9013      0.91436   -3.7748e-15      -1.9013
_SET3_   6294         19    5623046    5668489     75      11  395645     -0.96545      0.68776   -3.8858e-15     -0.96545
_SET3_   400673       19    5904852    5910263     23       5  408895      0.10743      0.26782   -3.8858e-15      0.10743
_SET3_   8498         19    5916150    5978320     92      18  377779      -1.1095      0.69712   -3.7748e-15      -1.1095
_SET3_   8570         19    6413115    6424822     40       5  384463     0.082396      0.30197   -3.8858e-15     0.082396
_SET3_   6813         19    7701987    7712760     25       5  365417      -1.0081      0.68343   -3.7748e-15      -1.0081
_SET3_   4670         19    8509460    8554002    129      15  401291     -0.77472      0.58297   -3.8858e-15     -0.77472
_SET3_   1786         19   10244021   10305783    114      14  388527     -0.28749      0.38124   -3.8858e-15     -0.28749
_SET3_   7297         19   10461204   10491248     77      13  400018      -1.2757      0.76555   -3.7748e-15      -1.2757
_SET3_   5141         19   10527449   10580307     88      11  403435      -0.1471      0.33834   -3.8858e-15      -0.1471
_SET3_   81890        19   10812112   10824043     23       5  397670       2.9131   0.00031231   -3.9968e-15       2.9131
_SET3_   10498        19   10982253   11033453     71      10  363733       2.2059    0.0028374   -3.9968e-15       2.2059
_SET3_   6597         19   11071598   11172958    258      20  398707        1.711    0.0091025   -3.7748e-15        1.711
_SET3_   374882       19   11453452   11457065      1       1  390299      -0.8153        0.762   -3.8858e-15      -0.8153
_SET3_   7620         19   11998633   12025366     67      10  370007      -1.2166      0.74851   -3.7748e-15      -1.2166
_SET3_   1725         19   12786531   12792701      8       5  321264       0.6585      0.14764   -3.8858e-15       0.6585
_SET3_   30000        19   12810008   12834838     51       3  187011      0.23013      0.39405   -3.8858e-15      0.23013
_SET3_   29911        19   12873817   12889248     24       7  400933      0.76069      0.12207   -3.8858e-15      0.76069
_SET3_   4784         19   13106584   13209610    140      16  391600       1.9732    0.0054984   -3.7748e-15       1.9732
_SET3_   773          19   13317256   13617274    988     112  391398     -0.35709      0.28755   -3.8858e-15     -0.35709
_SET3_   5566         19   14202500   14228559     30       8  385474       1.2798     0.039702   -3.7748e-15       1.2798
_SET3_   5585         19   14544166   14582679     95      21  390303      -1.9912      0.91542   -3.7748e-15      -1.9912
_SET3_   84449        19   14800711   14844558    150      20  388820       1.1069     0.039247   -3.7748e-15       1.1069
_SET3_   6511         19   15060845   15121455    359      32  402808      0.18685      0.17521   -3.8858e-15      0.18685
_SET3_   26993        19   15490859   15529916     61       6  387195      0.27584       0.2129   -3.8858e-15      0.27584
_SET3_   4218         19   16222490   16244445     64       8  399700      0.79721     0.089066   -3.8858e-15      0.79721
_SET3_   8907         19   16308665   16346156    129       9  396512      0.78864     0.089775   -3.8858e-15      0.78864
_SET3_   79939        19   16660648   16683193     32       9  402940       1.1437     0.050172   -3.7748e-15       1.1437
_SET3_   84705        19   17445735   17453540     27       5  386965      0.41891      0.17873   -3.8858e-15      0.41891
_SET3_   23025        19   17712137   17799123    346      65  391636       0.4294      0.12759   -3.8858e-15       0.4294
_SET3_   23031        19   18208585   18262502    170      17  390069       1.2571     0.028943   -3.7748e-15       1.2571
_SET3_   5296         19   18263988   18281343     34       7  396493       1.6462     0.014741   -3.7748e-15       1.6462
_SET3_   170463       19   18529679   18545372     23       4  387524       0.1682      0.25523   -3.8858e-15       0.1682
_SET3_   79036        19   18668572   18680197     29       4  376569       1.1391     0.049598   -3.7748e-15       1.1391
_SET3_   23373        19   18794425   18893143    253      26  379467       1.2365     0.027797   -3.7748e-15       1.2365
_SET3_   93436        19   19144387   19168987     52       8  403132      -0.3997      0.46387   -3.8858e-15      -0.3997
_SET3_   23383        19   19431496   19469563     72       9  394796       2.7733   0.00045207   -3.9968e-15       2.7733
_SET3_   57130        19   19756007   19774512     50      12  348363       3.4912   3.3958e-05   -3.9968e-15       3.4912
_SET3_   284443       19   21579921   21610297    104      11  394330       -1.277      0.75235   -3.7748e-15       -1.277
_SET3_   163227       19   21906417   21950430    185      14  404619      0.26359      0.20693   -3.8858e-15      0.26359
_SET3_   171392       19   23835583   23870036     61       8  401719     -0.28477      0.40517   -3.8858e-15     -0.28477
_SET3_   7386         19   29698167   29704136     14       4  382667     -0.45306      0.50666   -3.8858e-15     -0.45306
_SET3_   83636        19   30189793   30206696     55      11  388404      0.80605     0.085861   -3.8858e-15      0.80605
_SET3_   898          19   30302805   30315224     22       8  370065      -1.2782       0.7698   -3.7748e-15      -1.2782
_SET3_   4037         19   33685599   33699773     53       9  391572      -0.5173      0.49716   -3.8858e-15      -0.5173
_SET3_   26065        19   34663352   34720420    147      11  397741     -0.56008      0.47745   -3.8858e-15     -0.56008
_SET3_   2821         19   34855645   34893318     74      15  389627     -0.12618      0.35113   -3.8858e-15     -0.12618
_SET3_   10054        19   34919264   34960798     81      13  398414     0.039141      0.29377   -3.8788e-15     0.039141
_SET3_   339318       19   35225103   35233774     16       7  364914     -0.90907      0.64567   -3.8858e-15     -0.90907
_SET3_   6324         19   35521555   35531353     21       5  377438      -1.7593      0.89709   -3.7748e-15      -1.7593
_SET3_   7392         19   35759896   35770724     32       5  404025     -0.21165      0.38641   -3.8858e-15     -0.21165
_SET3_   93099        19   35988119   36004560     61      15  383345      -1.2963      0.75715   -3.7748e-15      -1.2963
_SET3_   4868         19   36316274   36342895     52      16  387439       1.3799     0.025536   -3.7748e-15       1.3799
_SET3_   79414        19   36428022   36436097     13       4  359638      0.94932      0.11506   -3.8858e-15      0.94932
_SET3_   826          19   36630918   36641255     22      10  392898      -1.2721      0.78285   -3.7748e-15      -1.2721
_SET3_   92283        19   37128283   37157740     61      10  401181       1.1095     0.045885   -3.7748e-15       1.1095
_SET3_   199704       19   37638340   37663643     51      10  387597     -0.37288      0.42814   -3.8858e-15     -0.37288
_SET3_   163255       19   38042273   38105080    112      14  408052      0.79345     0.082438   -3.8858e-15      0.79345
_SET3_   8193         19   38701649   38720317     56      11  387235      -0.1407      0.32636   -3.8858e-15      -0.1407
_SET3_   10653        19   38755098   38783254     75      15  389030      0.15802      0.22625   -3.8858e-15      0.15802
_SET3_   90522        19   38794200   38806615     37       9  387645     0.069446      0.27635   -3.8858e-15     0.069446
_SET3_   1891         19   39306062   39322497     44       8  384746      0.68421      0.11028   -3.8858e-15      0.68421
_SET3_   57622        19   39797457   39806740     12       4  389987     -0.65244      0.64363   -3.8858e-15     -0.65244
_SET3_   92609        19   39971052   39981528     22       5  399093       1.1895     0.043011   -3.7748e-15       1.1895
_SET3_   10683        19   39989557   39999121     25       3  395359      0.56375      0.14936   -3.8858e-15      0.56375
_SET3_   163126       19   40029446   40030838      4       2  364668      -2.0033      0.94009   -3.9968e-15      -2.0033
_SET3_   147746       19   40885178   40896094     20       6  410543       1.1336     0.049305   -3.7748e-15       1.1336
_SET3_   8425         19   41099072   41135725    101      12  395449      0.37215      0.16513   -3.8858e-15      0.37215
_SET3_   9253         19   41171810   41196556     68      14  402403      -0.7984      0.58485   -3.8858e-15      -0.7984
_SET3_   11100        19   41768391   41813811     71       8  386901     -0.93095      0.66291   -3.8858e-15     -0.93095
_SET3_   478          19   42470628   42498428     22      12  363085       1.9213    0.0075776   -3.7748e-15       1.9213
_SET3_   2931         19   42734338   42746736     12       3  391385       1.9167      0.01019   -3.7748e-15       1.9167
_SET3_   1954         19   42829730   42882921     57       4  382218      0.29043      0.25091   -3.8858e-15      0.29043
_SET3_   3991         19   42905664   42931578     11       4  359091     -0.10212      0.37608   -3.8858e-15     -0.10212
_SET3_   56006        19   44232851   44259142     46       6  386114      -2.3289      0.96609   -3.9968e-15      -2.3289
_SET3_   1209         19   45457842   45496604    113      15  394222        1.744     0.009669   -3.7748e-15        1.744
_SET3_   57787        19   45754516   45808541    142      15  399728    0.0008803      0.26549   -3.8821e-15    0.0008803
_SET3_   147700       19   45843998   45854864     29       6  395292     -0.13978      0.34794   -3.8858e-15     -0.13978
_SET3_   2068         19   45854649   45873845     50      10  404740      0.69924     0.099484   -3.8858e-15      0.69924
_SET3_   8189         19   46318700   46366548    172      12  402964      -1.4426      0.80271   -3.7748e-15      -1.4426
_SET3_   26145        19   46386866   46389376      4       2  408965      -0.3392      0.49085   -3.8858e-15      -0.3392
_SET3_   339344       19   46393281   46405862     39       7  406579      -1.0491      0.69795   -3.7748e-15      -1.0491
_SET3_   5536         19   46850251   46896238    111      16  389213       1.1638     0.037692   -3.7748e-15       1.1638
_SET3_   55228        19   46969748   46974820     27       4  410137      0.84978     0.091387   -3.8858e-15      0.84978
_SET3_   808          19   47104512   47114039     17       6  382011       1.0029     0.061113   -3.7748e-15       1.0029
_SET3_   29888        19   47222768   47250251     51      10  392418       1.2306     0.035685   -3.7748e-15       1.2306
_SET3_   23211        19   47567444   47617009     69      11  366129     -0.28706      0.39165   -3.8858e-15     -0.28706
_SET3_   56917        19   47906375   47922785     26       8  401864      0.22308      0.23148   -3.8858e-15      0.22308
_SET3_   3978         19   48618702   48673852    215      17  391658     -0.49128      0.43019   -3.8858e-15     -0.49128
_SET3_   83743        19   48949030   48957164     31       4  362628      0.36099      0.21594   -3.8858e-15      0.36099
_SET3_   1628         19   49133817   49140639     11       4  390671       1.0665     0.067033   -3.7748e-15       1.0665
_SET3_   6625         19   49588465   49611870     46      15  385419     -0.22057      0.36148   -3.8858e-15     -0.22057
_SET3_   3661         19   50162826   50169132     11       2  394510       3.0498   0.00024999   -3.9968e-15       3.0498
_SET3_   126129       19   50194363   50216988     58      10  390402     -0.16866      0.35254   -3.8858e-15     -0.16866
_SET3_   23636        19   50410082   50432988     69      12  392503      0.93166     0.064758   -3.8858e-15      0.93166
_SET3_   3748         19   50818765   50832634     39       9  395317       2.7855   0.00041598   -3.9968e-15       2.7855
_SET3_   284361       19   50979736   50986608     17       6  344351       3.1223   0.00013907   -3.9968e-15       3.1223
_SET3_   94030        19   51020149   51071302    132      34  391664       2.4653   0.00090162   -3.9968e-15       2.4653
_SET3_   284370       19   52494587   52511494     57       6  405339       1.1703     0.045479   -3.7748e-15       1.1703
_SET3_   90321        19   52772824   52795979    128      16  401153      0.78927     0.085304   -3.8858e-15      0.78927
_SET3_   90333        19   53341785   53360902     80      10  405683      -1.5191      0.83113   -3.7748e-15      -1.5191
_SET3_   55422        19   54024177   54083523    305      31  401978      -1.2734      0.71379   -3.7748e-15      -1.2734
_SET3_   114823       19   54959605   54973196     56      10  352815       -1.156      0.72511   -3.7748e-15       -1.156
_SET3_   55655        19   55476652   55512510    176      25  383101     -0.62661      0.48739   -3.8858e-15     -0.62661
_SET3_   22870        19   55741147   55770038     59      17  385875       -0.538      0.48403   -3.8858e-15       -0.538
_SET3_   388566       19   57078401   57099965     66       7  402693      0.90776     0.072291   -3.8858e-15      0.90776
_SET3_   5178         19   57285730   57352121     98      17  376244       1.2826     0.028525   -3.7748e-15       1.2826
_SET3_   57343        19   57862645   57871266     30      10  400602      0.79623     0.087387   -3.8858e-15      0.79623
_SET3_   7710         19   58208594   58220579     30       7  401837      0.88646     0.076267   -3.8858e-15      0.88646
_SET3_   730051       19   58380747   58400442     32       6  402464      0.54292      0.14445   -3.8858e-15      0.54292
_SET3_   147687       19   58417142   58427978     29       6  388622      0.23724      0.22093   -3.8858e-15      0.23724
_SET3_   79673        19   58637695   58666477     75      14  393188       0.8128     0.079672   -3.8858e-15       0.8128
_SET3_   27300        19   58739960   58788923    152      16  389902       1.3904     0.020884   -3.7748e-15       1.3904
_SET3_   10616        20     388696     411610     66      13  390088       -1.399      0.79409   -3.7748e-15       -1.399
_SET3_   128637       20     416124     443187     68      10  398817     -0.18226      0.34704   -3.8858e-15     -0.18226
_SET3_   1457         20     463338     524482     99      15  397963      -1.4743      0.81759   -3.7748e-15      -1.4743
_SET3_   9491         20    1093872    1149017    127      23  387063     -0.87593      0.59787   -3.8858e-15     -0.87593
_SET3_   140885       20    1874763    1920540    155      28  391331     -0.33838       0.3733   -3.8858e-15     -0.33838
_SET3_   5173         20    1959402    1974931     40       7  404423     -0.90397      0.65152   -3.8858e-15     -0.90397
_SET3_   9762         20    3143263    3154238     33      12  392228      0.14126      0.23992   -3.8858e-15      0.14126
_SET3_   80025        20    3869486    3904538     79      10  382598       1.8242    0.0077296   -3.7748e-15       1.8242
_SET3_   23236        20    8112912    8865547   2319     158  398566      0.12042     0.052773   -3.8858e-15      0.12042
_SET3_   63926        20   10015697   10037407     48       9  399888    -0.095662      0.31993   -3.8858e-15    -0.095662
_SET3_   140733       20   13976146   16033842   6115     309  394112       2.5771   1.9398e-05   -3.9968e-15       2.5771
_SET3_   11034        20   17549818   17588887     83      10  399243     -0.78307      0.60382   -3.8858e-15     -0.78307
_SET3_   6238         20   17594323   17662934    141      24  403727       2.0431    0.0038749   -3.9968e-15       2.0431
_SET3_   27131        20   17922244   17949490     94       9  404727      -1.0591      0.68744   -3.7748e-15      -1.0591
_SET3_   57419        20   19193290   19703541   1530      98  375328     -0.36515      0.19666   -3.8858e-15     -0.36515
_SET3_   26074        20   20033158   20341359    935      51  401964     -0.74313      0.40368   -3.8858e-15     -0.74313
_SET3_   57186        20   20370202   20693281    397      25  393500       1.2073     0.029189   -3.7748e-15       1.2073
_SET3_   9837         20   25388323   25429191    101       9  398915      -1.9404      0.91247   -3.7748e-15      -1.9404
_SET3_   22981        20   25433333   25566167    290      18  389258      -1.2084      0.70169   -3.7748e-15      -1.2084
_SET3_   9371         20   30865443   30922814     76       8  403049      -1.4193      0.80515   -3.7748e-15      -1.4193
_SET3_   140688       20   31030862   31172875    238      24  395673      -1.6613      0.84283   -3.7748e-15      -1.6613
_SET3_   9139         20   32077928   32237837    110      19  385290      0.10931      0.23713   -3.8858e-15      0.10931
_SET3_   84905        20   32319566   32380075     83      12  396241     -0.11731      0.31872   -3.8858e-15     -0.11731
_SET3_   128866       20   32399110   32442173     40       7  385098      0.71615      0.10102   -3.8858e-15      0.71615
_SET3_   8894         20   32676115   32700085     23       5  389789       1.4017     0.027493   -3.7748e-15       1.4017
_SET3_   83737        20   32951041   33099198    176      11  398547       2.4145    0.0011449   -3.9968e-15       2.4145
_SET3_   2686         20   33432523   33460661     51       8  374750       3.3685   4.3787e-05   -3.9968e-15       3.3685
_SET3_   10893        20   33814539   33864804     83      12  379544    -0.072002      0.31946   -3.8858e-15    -0.072002
_SET3_   11190        20   34042988   34105360    106       8  374104      0.16337      0.23992   -3.8858e-15      0.16337
_SET3_   10137        20   34236847   34252878     41       7  382770        1.776     0.012379   -3.7748e-15        1.776
_SET3_   2036         20   34679426   34820721    141      17  388967       1.4614     0.021284   -3.7748e-15       1.4614
_SET3_   57446        20   35280169   35374541     88      31  376384       2.6436   0.00064778   -3.9968e-15       2.6436
_SET3_   10904        20   36145819   36156333     13       4  386138       -2.402      0.97165   -3.9968e-15       -2.402
_SET3_   57148        20   37101486   37207504    171      18  393044     -0.47458      0.48487   -3.8858e-15     -0.47458
_SET3_   140679       20   37353105   37358015      4       2  340855       1.0151      0.07311   -3.7748e-15       1.0151
_SET3_   79913        20   37376933   37401089     97      11  404214       3.7767   6.7908e-06   -3.9968e-15       3.7767
_SET3_   11122        20   40701392   41818557   3163     226  394657       1.7923    0.0004602   -3.7748e-15       1.7923
_SET3_   26013        20   42136320   42179590    120      16  405017    -0.025586      0.28622   -3.8823e-15    -0.025586
_SET3_   128486       20   42935197   42939889      9       4  388172     0.017935      0.31051   -3.8823e-15     0.017935
_SET3_   80336        20   43538701   43587585     90      15  395775       1.3774     0.023034   -3.7748e-15       1.3774
_SET3_   10953        20   43570771   43589114     19       4  389002       1.2741     0.037357   -3.7748e-15       1.2741
_SET3_   63916        20   44994689   45035690     47       7  396326     -0.86097      0.65859   -3.8858e-15     -0.86097
_SET3_   10564        20   47538250   47653230    245      19  401481        1.478      0.01568   -3.7748e-15        1.478
_SET3_   6780         20   47729876   47804907    141      16  380425       1.9676    0.0046624   -3.7748e-15       1.9676
_SET3_   57169        20   47862437   47894756    105      11  402808       1.5695     0.016108   -3.7748e-15       1.5695
_SET3_   9334         20   48249482   48330421    176      15  390995      0.62901      0.10265   -3.8858e-15      0.62901
_SET3_   23315        20   48429250   48508779    242      22  393072       1.6753    0.0094342   -3.7748e-15       1.6753
_SET3_   10079        20   50213314   50384908    728      32  394108       2.1858   0.00095471   -3.9968e-15       2.1858
_SET3_   1591         20   52769985   52790516    102      19  400789     -0.31945      0.38501   -3.8858e-15     -0.31945
_SET3_   140689       20   54572413   54580528      8       4  368332     -0.44155      0.49729   -3.8858e-15     -0.44155
_SET3_   1477         20   54967427   54979582     28       9  386660      -2.3643      0.96549   -3.9968e-15      -2.3643
_SET3_   51507        20   55043641   55093942    107       9  398757     -0.96951      0.64817   -3.8858e-15     -0.96951
_SET3_   8480         20   55926145   55953519     90       6  395252    -0.071129      0.35891   -3.8858e-15    -0.071129
_SET3_   2778         20   57414756   57486250    172      35  379284       2.4638   0.00090297   -3.9968e-15       2.4638
_SET3_   6874         20   60549854   60640866    261      13  377132       2.9804   0.00013545   -3.9968e-15       2.9804
_SET3_   26164        20   60758081   60778624    105      21  397650       1.0054     0.051778   -3.7748e-15       1.0054
_SET3_   9885         20   60813541   60871269    156      16  400800       4.7929   2.9155e-08   -3.5527e-15       4.7929
_SET3_   4923         20   61340189   61394123    222      31  378834     -0.59228      0.47745   -3.8858e-15     -0.59228
_SET3_   1137         20   61974662   62009487    201      36  396545       1.0948     0.041894   -3.7748e-15       1.0948
_SET3_   3785         20   62031561   62103993    286      28  397762        1.294     0.023412   -3.7748e-15        1.294
_SET3_   1917         20   62119365   62130668     50      13  402078       3.0461    0.0001413   -3.9968e-15       3.0461
_SET3_   51750        20   62289163   62327606    163      19  395071       1.0703     0.044713   -3.7748e-15       1.0703
_SET3_   10139        20   62329995   62339365     14       2  399162      0.94243     0.087543   -3.8858e-15      0.94243
_SET3_   80331        20   62526455   62567384    135      15  397764       2.8349   0.00031591   -3.9968e-15       2.8349
_SET3_   57473        20   62588057   62601223     32       8  374728       2.5643   0.00094422   -3.9968e-15       2.5643
_SET3_   24148        20   62612417   62664453     95      11  395959       2.3592    0.0018387   -3.9968e-15       2.3592
_SET3_   55251        20   62887048   62907583     51       7  391661        1.026      0.05736   -3.7748e-15        1.026
_SET3_   4685         21   22370633   22913892   1705      94  390789     -0.72743      0.27607   -3.8858e-15     -0.72743
_SET3_   2551         21   27107258   27144771     47       7  410165     -0.36778      0.45987   -3.8858e-15     -0.36778
_SET3_   351          21   27252861   27543446    727      56  396322     -0.76648      0.45543   -3.8858e-15     -0.76648
_SET3_   10600        21   30396938   30426809     39      11  399495       0.1184      0.25448   -3.8858e-15       0.1184
_SET3_   10694        21   30428647   30446010     27       8  402865     -0.22299        0.376   -3.8858e-15     -0.22299
_SET3_   8867         21   33997269   34100351    156      18  400114      0.26461      0.18414   -3.8858e-15      0.26461
_SET3_   6651         21   34915344   34949820     28       7  392168    -0.040396       0.3082   -3.8788e-15    -0.040396
_SET3_   9946         21   34961647   35014160     57      17  388757      0.53834      0.13015   -3.8858e-15      0.53834
_SET3_   6453         21   35014706   35261609    410      59  394880      0.49748      0.10839   -3.8858e-15      0.49748
_SET3_   1827         21   35888782   35987382    443      26  408681       -2.206      0.92544   -3.9968e-15       -2.206
_SET3_   9980         21   37529080   37666572    540      43  396347       1.8173    0.0041525   -3.7748e-15       1.8173
_SET3_   23515        21   37692360   37749999    168      11  392857      -1.0134      0.67147   -3.7748e-15      -1.0134
_SET3_   7267         21   38445554   38575408    358      11  407260      -1.8682      0.87745   -3.7748e-15      -1.8682
_SET3_   1859         21   38739859   38887679    368      21  395537       1.4538     0.015112   -3.7748e-15       1.4538
_SET3_   2114         21   40177231   40196879     40       8  402554       2.2784    0.0022852   -3.9968e-15       2.2784
_SET3_   54014        21   40556102   40685745    334      16  403670      0.25537      0.17065   -3.8858e-15      0.25537
_SET3_   3150         21   40714241   40721047     27       5  410969      0.25428      0.22059   -3.8858e-15      0.25428
_SET3_   150084       21   41117334   41174023    322      17  401994      -1.1594      0.67772   -3.7748e-15      -1.1594
_SET3_   49854        21   43406940   43430496     60      12  405022      -1.4953      0.82118   -3.7748e-15      -1.4953
_SET3_   9619         21   43619799   43724497    370      54  393992        1.933    0.0038831   -3.7748e-15        1.933
_SET3_   54020        21   43919742   44001550    329      21  397150     -0.37561      0.36723   -3.8858e-15     -0.37561
_SET3_   54084        21   45917775   46131495    832      56  395450      0.89022     0.033717   -3.8858e-15      0.89022
_SET3_   7327         21   46188495   46221751    110      16  401786       1.7989    0.0080238   -3.7748e-15       1.7989
_SET3_   754          21   46269500   46294487    100      18  395790       1.4617     0.019293   -3.7748e-15       1.4617
_SET3_   54039        21   47268023   47362368    310      17  396620       2.3267    0.0012173   -3.9968e-15       2.3267
_SET3_   4047         21   47608360   47648738    119      14  404774       2.2405    0.0021705   -3.9968e-15       2.2405
_SET3_   5116         21   47743976   47865682    467      27  384158       2.3616   0.00092768   -3.9968e-15       2.3616
_SET3_   23181        21   47878862   47989926    371      25  393471       2.2795     0.001256   -3.9968e-15       2.2795
_SET3_   637          22   18216906   18257431    142      29  383553      0.68637     0.091626   -3.8858e-15      0.68637
_SET3_   57553        22   18270415   18507325    902      60  393937      0.79171     0.038454   -3.8858e-15      0.79171
_SET3_   5413         22   19701987   19710845      2       1  333910      0.30729      0.41407   -3.8858e-15      0.30729
_SET3_   29801        22   20119364   20135530     47       8  391094       2.4222    0.0016966   -3.9968e-15       2.4222
_SET3_   84861        22   20795806   20850170     99       8  392446     -0.45479      0.46006   -3.8858e-15     -0.45479
_SET3_   23119        22   21771693   21805752     14       4  402671    -0.092656      0.36348   -3.8858e-15    -0.092656
_SET3_   29799        22   22051825   22090071    121      23  391198       1.3433      0.02499   -3.7748e-15       1.3433
_SET3_   613          22   23522402   23660224    383      32  393810     -0.15204      0.27677   -3.8858e-15     -0.15204
_SET3_   66035        22   24199059   24227738     92      17  397411     -0.83068      0.58768   -3.8858e-15     -0.83068
_SET3_   23384        22   24666785   24813708    320      14  371183      -1.0348      0.66397   -3.7748e-15      -1.0348
_SET3_   135          22   24819565   24838328     39      10  387783       -1.316      0.78835   -3.7748e-15       -1.316
_SET3_   85379        22   25348676   25593415    622      59  391416     -0.26469       0.2804   -3.8858e-15     -0.26469
_SET3_   57168        22   26825280   26840978     40       9  404937      -1.4518      0.81484   -3.7748e-15      -1.4518
_SET3_   23760        22   28247657   28315255    117      13  395297       -1.367        0.805   -3.7748e-15       -1.367
_SET3_   4744         22   29876181   29887279     28       7  385331       1.0336      0.05808   -3.7748e-15       1.0336
_SET3_   164633       22   30116344   30127822     31       7  395162     0.065129      0.27148   -3.8858e-15     0.065129
_SET3_   8897         22   30279149   30426857    342      22  396708     -0.78541      0.53252   -3.8858e-15     -0.78541
_SET3_   9514         22   30950622   30970572     56      20  397775       1.4398     0.022002   -3.7748e-15       1.4398
_SET3_   4733         22   31795539   31830172     60       9  387069       2.6787   0.00060458   -3.9968e-15       2.6787
_SET3_   9814         22   31892125   32014537    387      20  391363       1.6392     0.010621   -3.7748e-15       1.6392
_SET3_   25775        22   32329507   32341336     38      10  391370       1.7044     0.012027   -3.7748e-15       1.7044
_SET3_   9215         22   33668509   34316464   2133     158  393420     -0.64496      0.20905   -3.8858e-15     -0.64496
_SET3_   23543        22   36134783   36424679    330      20  399172      -1.4176      0.78978   -3.7748e-15      -1.4176
_SET3_   4627         22   36677323   36784107    305      35  382121      -2.2672      0.94005   -3.9968e-15      -2.2672
_SET3_   80020        22   36883233   36903148     64       8  404109      -1.2133      0.75174   -3.7748e-15      -1.2133
_SET3_   8664         22   36906897   36925277     96      11  411028      -0.7778      0.60644   -3.8858e-15      -0.7778
_SET3_   79734        22   37447779   37459430     13       4  392842       1.3387     0.043068   -3.7748e-15       1.3387
_SET3_   51386        22   38245379   38284789     48       9  395335      -1.3657      0.79282   -3.7748e-15      -1.3657
_SET3_   3761         22   38822332   38851205     81      16  366624      0.92012     0.066806   -3.8858e-15      0.92012
_SET3_   646851       22   38974125   39052634    169      12  389841       1.8029    0.0080025   -3.7748e-15       1.8029
_SET3_   150350       22   40139049   40289794    187      17  392609       0.4875       0.1428   -3.8858e-15       0.4875
_SET3_   158          22   40742504   40762577     29       8  381435       1.8931    0.0095355   -3.7748e-15       1.8931
_SET3_   6767         22   41220539   41253012     38       7  397329       2.6349   0.00092072   -3.9968e-15       2.6349
_SET3_   2033         22   41488614   41576081    140      16  397779       1.0059     0.051526   -3.7748e-15       1.0059
_SET3_   5905         22   41640781   41682255     82      11  400860       1.4923     0.018584   -3.7748e-15       1.4923
_SET3_   10766        22   41829492   41844234     18       2  379767      0.38676      0.21259   -3.8858e-15      0.38676
_SET3_   4809         22   42069937   42085296     30       3  388674     -0.85033      0.65863   -3.8858e-15     -0.85033
_SET3_   1727         22   43013846   43045405     99      14  394732     -0.80964       0.5793   -3.8858e-15     -0.80964
_SET3_   85378        22   50656118   50683453     62      17  392447      -0.2881      0.37961   -3.8858e-15      -0.2881
_SET3_   23654        22   50713408   50746062    104      19  391275     -0.14647      0.31472   -3.8858e-15     -0.14647
_SET3_   414918       22   50750392   50765517     56      10  385029     -0.53179      0.48896   -3.8858e-15     -0.53179
_SET3_   9701         22   50781746   50883519    330      25  392063     -0.83237      0.54572   -3.8858e-15     -0.83237
_SET3_   6305         22   50883429   50913467     83      16  396312     -0.97721       0.6461   -3.8858e-15     -0.97721
_SET3_   1375         22   51007290   51017096     42       8  406077       1.0186     0.066444   -3.7748e-15       1.0186
_SET3_   85358        22   51113070   51171640    131      30  396390       2.0642    0.0033782   -3.9968e-15       2.0642

# _SET4_  VARIABLE = gtex__putamen_basal_ganglia__M004 (set)
# _SET4_  NGENES = 524
# _SET4_  P-VALUE = 8.2465e-08
_SET4_   GENE        CHR      START       STOP  NSNPS  NPARAM       N        ZSTAT            P  ZFITTED_BASE  ZRESID_BASE
_SET4_   339453        1    1470158    1475740      8       3  400712      0.21024      0.24778   -3.8858e-15      0.21024
_SET4_   55966         1    4715105    4843851    629      76  400195        1.102     0.028061   -3.7748e-15        1.102
_SET4_   23463         1    6281253    6296044     30       5  400523     -0.21598      0.43242   -3.8858e-15     -0.21598
_SET4_   93611         1   11714432   11723384     23       7  391397     -0.22819      0.39752   -3.8858e-15     -0.22819
_SET4_   3362          1   19991780   20006055     39       7  389662       4.5855   1.7807e-07   -3.5527e-15       4.5855
_SET4_   400745        1   21046225   21059133     36       9  391852      -1.6745      0.87325   -3.7748e-15      -1.6745
_SET4_   5909          1   21922708   21996010    258      37  396818       1.7957    0.0066568   -3.7748e-15       1.7957
_SET4_   2134          1   26348266   26362955     22       7  401092       2.1647    0.0037671   -3.9968e-15       2.1647
_SET4_   91544         1   26608773   26644756    122      10  398507      -1.4855      0.82139   -3.7748e-15      -1.4855
_SET4_   388610        1   27320189   27327377      7       3  349537      0.64088      0.14713   -3.8858e-15      0.64088
_SET4_   6548          1   27425300   27481621     60       7  391817      0.42883      0.16622   -3.8858e-15      0.42883
_SET4_   576           1   32192718   32230494     38       8  386712     -0.50698      0.51955   -3.8858e-15     -0.50698
_SET4_   3208          1   33351688   33360247     11       4  364565        3.002    0.0002797   -3.9968e-15        3.002
_SET4_   58512         1   35331037   35391083     94      26  388323       2.5399   0.00073671   -3.9968e-15       2.5399
_SET4_   23154         1   36023311   36032380      8       2  402354       1.5375     0.039423   -3.7748e-15       1.5375
_SET4_   149175        1   38259721   38267278      7       3  407840        2.032    0.0063472   -3.9968e-15        2.032
_SET4_   51440         1   40144320   40157382     71      12  406090      0.35501      0.17324   -3.8858e-15      0.35501
_SET4_   9783          1   41086352   41131324    116      17  388246       1.3895     0.022459   -3.7748e-15       1.3895
_SET4_   284716        1   42846468   42889900    136       9  402740       2.5202   0.00094061   -3.9968e-15       2.5202
_SET4_   23648         1   54691104   54872068    460      69  389938      0.75381     0.065693   -3.8858e-15      0.75381
_SET4_   51361         1   60280458   60342050    128      18  369275       -2.658      0.98339   -3.9968e-15       -2.658
_SET4_   257194        1   71868625   72748533   1721      87  394420     -0.34544      0.16133   -3.8858e-15     -0.34544
_SET4_   117178        1   85109390   85156440    118      15  403943       2.3273    0.0018622   -3.9968e-15       2.3273
_SET4_   253152        1   92495533   92529093     71      11  398744      0.35479      0.18212   -3.8858e-15      0.35479
_SET4_   163404        1   99355801   99470449    440      43  399190      -1.5664       0.7926   -3.7748e-15      -1.5664
_SET4_   9890          1   99729848   99775140    115      17  393790      0.16223      0.22436   -3.8858e-15      0.16223
_SET4_   23443         1  100435345  100492535    167      13  401759     -0.26072      0.42722   -3.8858e-15     -0.26072
_SET4_   54112         1  101003728  101007583      8       3  413109      0.70235      0.11807   -3.8858e-15      0.70235
_SET4_   57535         1  109656585  109749403    325      33  401909     -0.97552      0.60291   -3.8858e-15     -0.97552
_SET4_   57463         1  110049446  110052336      2       1  413330     -0.62208      0.58872   -3.8858e-15     -0.62208
_SET4_   83873         1  110082494  110088487      7       2  411929     -0.52038      0.55285   -3.8858e-15     -0.52038
_SET4_   284615        1  145470508  145475647      7       5  245095       1.0401       0.1252   -3.7748e-15       1.0401
_SET4_   9900          1  149874870  149889434     25       7  392059       1.2777     0.041171   -3.7748e-15       1.2777
_SET4_   10962         1  151032151  151040973     12       4  408454      0.76187      0.11296   -3.8858e-15      0.76187
_SET4_   1141          1  154540257  154552354     20       8  375656      0.49226      0.16274   -3.8858e-15      0.49226
_SET4_   1944          1  155051348  155060014     12       4  408217      -1.8032      0.90316   -3.7748e-15      -1.8032
_SET4_   10712         1  155216996  155225274     19       2  374525     -0.42519      0.50253   -3.8858e-15     -0.42519
_SET4_   56893         1  156002945  156023613     26       7  353023       0.6513      0.11821   -3.8858e-15       0.6513
_SET4_   57863         1  159141377  159172932     70      15  392769      0.24535        0.203   -3.8858e-15      0.24535
_SET4_   654790        1  161228517  161255240     91      15  394143      0.70437     0.095498   -3.8858e-15      0.70437
_SET4_   149297        1  166026663  166135992    295      20  343123      -1.4997       0.8009   -3.7748e-15      -1.4997
_SET4_   163589        1  179560748  179660407    282      15  394240       1.8564    0.0057369   -3.7748e-15       1.8564
_SET4_   777           1  181452447  181775920    763      58  397498      0.51729     0.078558   -3.8858e-15      0.51729
_SET4_   85397         1  182613036  182653502    102      13  376730      0.64048      0.12269   -3.8858e-15      0.64048
_SET4_   23057         1  183217372  183387634    412      29  393542      0.80205     0.057546   -3.8858e-15      0.80205
_SET4_   127833        1  202559724  202679551    277      37  402019    -0.063686      0.25676   -3.8858e-15    -0.063686
_SET4_   57172         1  209757045  209787284    104      18  397621     -0.60219      0.49266   -3.8858e-15     -0.60219
_SET4_   3776          1  215178885  215410436    592      27  396077      0.63306     0.068453   -3.8858e-15      0.63306
_SET4_   55061         1  223394161  223537564    303      20  393859    0.0020257      0.23709   -3.8819e-15    0.0020257
_SET4_   79605         1  230457392  230561674    370      34  394465       0.4692        0.114   -3.8858e-15       0.4692
_SET4_   84451         1  233463514  233520894    200      22  402570      -2.5692      0.97099   -3.9968e-15      -2.5692
_SET4_   3754          2   11052063   11054351      4       2  411727      0.31691      0.23158   -3.8858e-15      0.31691
_SET4_   151354        2   14772810   14780170      6       3  400069       1.0206     0.070113   -3.7748e-15       1.0206
_SET4_   2281          2   24272584   24286551     25       6  401640    -0.078558      0.33795   -3.8858e-15    -0.078558
_SET4_   3797          2   26149455   26205443    160      25  383583     -0.13405      0.31835   -3.8858e-15     -0.13405
_SET4_   10669         2   27322159   27341995     28       6  406680       1.2519     0.037265   -3.7748e-15       1.2519
_SET4_   100271715     2   39146504   39202590     88      15  385522      0.71962      0.10735   -3.8858e-15      0.71962
_SET4_   6496          2   45169037   45173216     15       5  385527      0.16733      0.25391   -3.8858e-15      0.16733
_SET4_   5581          2   45878454   46415129   1915     182  396677      0.67484     0.020373   -3.8858e-15      0.67484
_SET4_   4072          2   47596287   47614167     46       9  405932       1.3689     0.028657   -3.7748e-15       1.3689
_SET4_   5534          2   68405979   68483392    140      10  391472       1.3644     0.024027   -3.7748e-15       1.3644
_SET4_   119           2   70888334   70995375    353      21  400722      0.25626       0.1623   -3.8858e-15      0.25626
_SET4_   150726        2   73481810   73496758     29      11  396057      0.98413     0.061093   -3.8858e-15      0.98413
_SET4_   80059         2   76974849   77749502   2316      90  391354      -1.0539      0.30401   -3.7748e-15      -1.0539
_SET4_   1768          2   84743579   85046713    707      21  380462      0.32954      0.13026   -3.8858e-15      0.32954
_SET4_   65055         2   86441116   86565206    400      17  393708      0.32219      0.14537   -3.8858e-15      0.32219
_SET4_   343990        2   99410309   99552684    356      21  386330       2.2916    0.0013304   -3.9968e-15       2.2916
_SET4_   164832        2  100889753  100939195    168      10  398464      -1.1563       0.7019   -3.7748e-15      -1.1563
_SET4_   205147        2  131513077  131525707     14       5  378179      0.30427      0.26237   -3.8858e-15      0.30427
_SET4_   130399        2  158383279  158485399    134      23  395472      -2.0232       0.9218   -3.9968e-15      -2.0232
_SET4_   6326          2  165986659  166248820    645      43  398501       1.5059    0.0086674   -3.7748e-15       1.5059
_SET4_   80034         2  166326157  166545917    410      35  398981       1.3982     0.015045   -3.7748e-15       1.3982
_SET4_   151556        2  175296299  175351816    100      13  397197       1.5245     0.016316   -3.7748e-15       1.5245
_SET4_   2744          2  191745547  191830278    111      14  403896      0.89545     0.068325   -3.8858e-15      0.89545
_SET4_   285172        2  201838441  201936392    152      13  392630     -0.20665      0.37606   -3.8858e-15     -0.20665
_SET4_   8745          2  207308268  207485854    354      34  394573      0.91418     0.052274   -3.8858e-15      0.91418
_SET4_   389073        2  209030071  209054969     93      15  407583       1.1015     0.046216   -3.7748e-15       1.1015
_SET4_   4133          2  210288733  210598842    713      31  379899      0.99074     0.033399   -3.8858e-15      0.99074
_SET4_   285175        2  210636717  210864024    432      25  384684     -0.22623      0.30649   -3.8858e-15     -0.22623
_SET4_   57574         2  217122585  217236750    278      28  394305        -1.28      0.71497   -3.7748e-15        -1.28
_SET4_   7475          2  219724546  219738954     16       4  404402     -0.50753      0.52967   -3.8858e-15     -0.50753
_SET4_   80326         2  219745255  219758651     13       4  383315     -0.42471      0.49711   -3.8858e-15     -0.42471
_SET4_   8941          2  219824350  219826877      6       2  401773      0.79334      0.16098   -3.8858e-15      0.79334
_SET4_   6508          2  220492292  220506702     21       6  313904     0.013239      0.33714   -3.8823e-15     0.013239
_SET4_   7857          2  224461658  224467217      7       3  369421  -0.00039838      0.40397   -3.8821e-15  -0.00039838
_SET4_   80309         2  228844670  229046836    658      29  401606       1.5502    0.0074644   -3.7748e-15       1.5502
_SET4_   25791         2  233743396  233877951    482      45  403476       2.0792    0.0019783   -3.9968e-15       2.0792
_SET4_   375323        3    9540045    9595486    184      17  398572     -0.82147       0.5761   -3.8858e-15     -0.82147
_SET4_   285368        3    9987226    9994078     13       6  382616     -0.80322      0.63981   -3.8858e-15     -0.80322
_SET4_   9922          3   12938542   13114652    496      68  394910      -0.6819       0.4636   -3.8858e-15      -0.6819
_SET4_   152110        3   27257097   27410912    485      22  383862      0.45684      0.10672   -3.8858e-15      0.45684
_SET4_   85443         3   36753913   36781352     51      12  371637      0.72778     0.096197   -3.8858e-15      0.72778
_SET4_   956           3   40428647   40470110     86       5  394840        1.127     0.050508   -3.7748e-15        1.127
_SET4_   25907         3   45265956   45267814      3       2  407631    -0.087062      0.39584   -3.8858e-15    -0.087062
_SET4_   8927          3   49591922   49708982    159      15  398290       1.9405    0.0050555   -3.7748e-15       1.9405
_SET4_   63891         3   49726950   49758962     49       9  399063      0.88106     0.073167   -3.8858e-15      0.88106
_SET4_   79012         3   49895414   49907655     17       4  386483       1.7632     0.011343   -3.7748e-15       1.7632
_SET4_   8314          3   52435020   52444121      6       2  367574       1.7341     0.020066   -3.7748e-15       1.7341
_SET4_   27086         3   71003865   71633140   1264     112  396026      0.95143     0.022022   -3.8858e-15      0.95143
_SET4_   56954         3  100053483  100075844     55      11  390603      0.21496      0.21984   -3.8858e-15      0.21496
_SET4_   55076         3  100211463  100296297    203      14  400966       0.8882     0.061567   -3.8858e-15       0.8882
_SET4_   257068        3  111393523  111565294    590      38  404086       1.2432     0.019083   -3.7748e-15       1.2432
_SET4_   2596          3  115342151  115440334    246      47  401693       1.0329     0.042312   -3.7748e-15       1.0329
_SET4_   111           3  123001143  123167924    340      25  394522     -0.41245      0.36867   -3.8858e-15     -0.41245
_SET4_   80325         3  127391781  127399769     11       5  394009      -0.6103      0.54263   -3.8858e-15      -0.6103
_SET4_   344838        3  142680073  142682818      7       2  397678      -1.1736      0.84284   -3.7748e-15      -1.1736
_SET4_   4311          3  154797436  154901518    227      42  400026     -0.39867      0.39415   -3.8858e-15     -0.39867
_SET4_   7881          3  155838337  156256927   1077      59  364168       -0.238      0.20764   -3.8858e-15       -0.238
_SET4_   10057         3  183637722  183735803    224      19  402679       1.0629     0.041573   -3.7748e-15       1.0629
_SET4_   2257          3  191857033  192445388   1598     135  398473       3.0407   1.2471e-05   -3.9968e-15       3.0407
_SET4_   345222        4    3250766    3273465     85       7  402640       1.5206     0.018346   -3.7748e-15       1.5206
_SET4_   4043          4    3505324    3534224    150      20  397572     -0.13737      0.31037   -3.8858e-15     -0.13737
_SET4_   152           4    3768296    3770253      3       2  296609       1.3606     0.046306   -3.7748e-15       1.3606
_SET4_   389197        4    5899318    5992175    516      50  398320      0.59367     0.079588   -3.8858e-15      0.59367
_SET4_   84448         4    7967037    8160559    753     103  398009      -1.3634      0.70382   -3.7748e-15      -1.3634
_SET4_   80333         4   20730234   21950424   4314     176  381766      -2.8556      0.91342   -3.9968e-15      -2.8556
_SET4_   7345          4   41258898   41270446     40       8  399510      0.21892      0.23039   -3.8858e-15      0.21892
_SET4_   386617        4   44175920   44450824    624      45  392211       -3.508      0.99616   -3.9968e-15       -3.508
_SET4_   132299        4   48887405   48908815     27       7  390207       1.6885     0.013952   -3.7748e-15       1.6885
_SET4_   84708         4   54326437   54518653    579      47  404118      0.89342     0.041459   -3.8858e-15      0.89342
_SET4_   9508          4   73146686   73434516    488      31  397014     -0.38619      0.34223   -3.8858e-15     -0.38619
_SET4_   8999          4   76501704   76555721    113      11  374367      0.61646      0.11123   -3.8858e-15      0.61646
_SET4_   285513        4   90162427   90229161    177      26  401441      0.81119     0.068518   -3.8858e-15      0.81119
_SET4_   5530          4  101944587  102268655    699      44  402735       1.1786     0.019944   -3.7748e-15       1.1786
_SET4_   9348          4  118955500  119179789    659      24  404647       2.2342    0.0011164   -3.9968e-15       2.2342
_SET4_   23158         4  141541936  141677471    333      31  399379      -0.0138      0.23625   -3.8823e-15      -0.0138
_SET4_   285533        4  154631312  154681387    181      12  410531      0.41978      0.14717   -3.8858e-15      0.41978
_SET4_   2983          4  156680126  156728783    135      26  395778      -0.4048      0.40668   -3.8858e-15      -0.4048
_SET4_   134111        5    6437460    6496834    190      39  398192      0.39716      0.15099   -3.8858e-15      0.39716
_SET4_   10409         5   17216932   17276954    117      24  391770       1.5361     0.015048   -3.7748e-15       1.5361
_SET4_   115827        5   57877950   58155221    830      56  396948       1.0825     0.020653   -3.7748e-15       1.0825
_SET4_   8507          5   73923231   73937249     29       6  376997     -0.27098      0.40529   -3.8858e-15     -0.27098
_SET4_   22987         5   75378997   75649764    854      59  399493      -0.9662      0.50031   -3.8858e-15      -0.9662
_SET4_   9456          5   78669647   78809659    314      22  384334       1.2227     0.026975   -3.7748e-15       1.2227
_SET4_   340120        5   79852574   79866304     31       8  389321      0.66022      0.11818   -3.8858e-15      0.66022
_SET4_   79772         5   94038280   94620279   1357     104  394692       2.1192   0.00064467   -3.9968e-15       2.1192
_SET4_   814           5  110559947  110830584    690      42  398693      -1.7689      0.80953   -3.7748e-15      -1.7689
_SET4_   171019        5  128796103  129074376    687      29  404535         2.72   0.00017872   -3.9968e-15         2.72
_SET4_   134548        5  132149033  132152489      5       2  413424       2.8829   0.00048848   -3.9968e-15       2.8829
_SET4_   9499          5  137203536  137223540     17       6  376200         2.16    0.0039661   -3.9968e-15         2.16
_SET4_   57528         5  143550437  143858097    512      20  396358     -0.71345      0.47091   -3.8858e-15     -0.71345
_SET4_   2172          5  159614374  159665729    251      28  391123       1.0132     0.044582   -3.7748e-15       1.0132
_SET4_   51617         5  173472607  173536182    155      15  397978      0.81259     0.090593   -3.8858e-15      0.81259
_SET4_   1812          5  174867675  174871163      8       3  405841      0.12093      0.27498   -3.8858e-15      0.12093
_SET4_   3274          5  175084847  175136239     97      16  401365      0.11243      0.26102   -3.8858e-15      0.11243
_SET4_   10814         5  175223542  175311024    213      32  403754    -0.033639      0.26027   -3.8788e-15    -0.033639
_SET4_   90249         5  176237560  176307899    131      30  377470      -1.5414       0.8425   -3.7748e-15      -1.5414
_SET4_   54438         6   13363587   13487869    318      30  388337       1.8771    0.0046486   -3.7748e-15       1.8771
_SET4_   10486         6   17393447   17558023    387      36  400044      -1.3648       0.7254   -3.7748e-15      -1.3648
_SET4_   29993         6   34433838   34503000    141      22  395442      -1.8859      0.89416   -3.7748e-15      -1.8859
_SET4_   57699         6   36708549   36807220    355      54  398233      0.78701     0.065452   -3.8858e-15      0.78701
_SET4_   114781        6   38136227   38608202   1069      70  385297       1.1671     0.013508   -3.7748e-15       1.1671
_SET4_   65989         6   43418090   43423786     11       3  392006      0.48208      0.17802   -3.8858e-15      0.48208
_SET4_   221424        6   43474703   43478081      6       2  410341       1.9171     0.016294   -3.7748e-15       1.9171
_SET4_   441151        6   44238480   44247182     23       5  395804      0.10334      0.27129   -3.8858e-15      0.10334
_SET4_   6785          6   80624529   80657315    108      10  368166      -1.6329      0.86953   -3.7748e-15      -1.6329
_SET4_   7162          6   83072923   83077134      9       3  381667     -0.26854      0.41779   -3.8858e-15     -0.26854
_SET4_   134701        6   84562985   84567234     11       2  406468       1.7123     0.025299   -3.7748e-15       1.7123
_SET4_   1268          6   88849583   88876063     55      15  397365     -0.72881      0.55697   -3.8858e-15     -0.72881
_SET4_   2830          6  110299459  110301923      3       1  413466       1.3952       0.0381   -3.7748e-15       1.3952
_SET4_   8936          6  110421022  110501219    198      14  400109       1.2309     0.043414   -3.7748e-15       1.2309
_SET4_   7259          6  116596022  116601280     14       3  392414       1.8283     0.010582   -3.7748e-15       1.8283
_SET4_   134829        6  123317582  123385063    147      16  375121        1.962    0.0047324   -3.7748e-15        1.962
_SET4_   2911          6  146286032  146758782    878      38  394078      0.71627      0.04625   -3.8858e-15      0.71627
_SET4_   26575         6  153332026  153452389    380      17  405518       3.8575   2.1817e-06   -3.9968e-15       3.8575
_SET4_   26034         6  154475618  154677900    688      63  397367      -1.3056      0.67337   -3.7748e-15      -1.3056
_SET4_   135138        6  163148164  163736524   1730     119  394331       -2.039      0.77576   -3.9968e-15       -2.039
_SET4_   168002        6  168693510  168720459    105      27  400196      -1.4486       0.7928   -3.7748e-15      -1.4486
_SET4_   5575          7     588834     767313    541      47  389918      0.74968     0.059625   -3.8858e-15      0.74968
_SET4_   8379          7    1855428    2272583   1634      32  378331       3.8127   1.2692e-07   -3.9968e-15       3.8127
_SET4_   27075         7   16793351   16824161    116      16  387782       3.4829   1.9512e-05   -3.9968e-15       3.4829
_SET4_   256130        7   19758938   19812404    186      17  394826     -0.19019      0.34265   -3.8858e-15     -0.19019
_SET4_   644150        7   29846170   29956682    362      32  395742       3.4845    1.183e-05   -3.9968e-15       3.4845
_SET4_   273           7   38423297   38671167   1040      60  403325       -2.734       0.9558   -3.9968e-15       -2.734
_SET4_   23072         7   43152198   43603213   1344      99  396308      -1.9797      0.80255   -3.7748e-15      -1.9797
_SET4_   64409         7   70597523   71178586   2031     126  396379       1.2202    0.0044175   -3.7748e-15       1.2202
_SET4_   781           7   81575760   82073031   1483     101  393629      0.18961     0.083643   -3.8858e-15      0.18961
_SET4_   261729        7   89841000   89866992     76      11  401593      -1.2343      0.74939   -3.7748e-15      -1.2343
_SET4_   55607         7   94536949   94925727    637      29  394670      0.73177     0.054168   -3.8858e-15      0.73177
_SET4_   1750          7   96635290   96640352      6       2  396915      -1.6047      0.87628   -3.7748e-15      -1.6047
_SET4_   1749          7   96649702   96654143     10       6  378594     -0.34144      0.46177   -3.8858e-15     -0.34144
_SET4_   6863          7   97361271   97369784     26       4  408511      0.83745     0.095967   -3.8858e-15      0.83745
_SET4_   22853         7   97736197   97838945    268      19  372147     0.015606      0.26058   -3.8823e-15     0.015606
_SET4_   222865        7   98444111   98467673     42       7  399893      0.26114      0.22733   -3.8858e-15      0.26114
_SET4_   222950        7  100081550  100092425     19       5  383353       1.0232      0.06686   -3.7748e-15       1.0232
_SET4_   51412         7  100240720  100254084     15       6  352810       2.0026     0.006625   -3.9968e-15       2.0026
_SET4_   1174          7  100797685  100804557     26       4  398343       -0.656      0.56284   -3.8858e-15       -0.656
_SET4_   3751          7  119913689  120390387    903      45  396216      0.40319     0.094873   -3.8858e-15      0.40319
_SET4_   57464         7  129074274  129128240     98      10  391146      0.65018      0.10838   -3.8858e-15      0.65018
_SET4_   91584         7  131808091  132333447   1489     120  393689       2.3481   0.00025442   -3.9968e-15       2.3481
_SET4_   9162          7  137074385  137531609    765      64  390785         1.47    0.0091436   -3.7748e-15         1.47
_SET4_   2051          7  142552776  142568847     43       9  367469      0.52303       0.1668   -3.8858e-15      0.52303
_SET4_   9747          7  143548461  143599278     36       8  392221     -0.42069       0.4508   -3.8858e-15     -0.42069
_SET4_   29803         7  150065361  150071133     16       3  403421        2.768   0.00060564   -3.9968e-15        2.768
_SET4_   3757          7  150642044  150675402     73      12  393973    -0.045923      0.29271   -3.8788e-15    -0.045923
_SET4_   1020          7  150750899  150755052      8       3  413155       1.4492     0.027573   -3.7748e-15       1.4492
_SET4_   116988        7  150782918  150841523    138      19  391704       1.4528     0.018243   -3.7748e-15       1.4528
_SET4_   6604          7  150936059  150974231    102      18  406928       2.3127     0.001656   -3.9968e-15       2.3127
_SET4_   5799          7  157331750  158380482   3645     239  389249      0.50269     0.020998   -3.8858e-15      0.50269
_SET4_   2039          8   21906660   21940036    117      13  386575      0.95665     0.069166   -3.8858e-15      0.95665
_SET4_   9796          8   22077216   22089851     39      13  377977      -1.2903       0.7624   -3.7748e-15      -1.2903
_SET4_   4747          8   24808468   24814383     13       6  389566     -0.73966      0.59818   -3.8858e-15     -0.73966
_SET4_   10687         8   26362196   26371608     18       6  408706      0.79119     0.094666   -3.8858e-15      0.79119
_SET4_   7976          8   28351722   28431785    137       6  401357      -1.8694      0.90425   -3.7748e-15      -1.8694
_SET4_   78986         8   33448848   33457546     20       5  375393       1.2883     0.040715   -3.7748e-15       1.2883
_SET4_   114786        8   56015017   56438714   1069      69  398341       1.2417     0.011027   -3.7748e-15       1.2417
_SET4_   56704         8   75146935   75233721    144      23  374296       1.9911    0.0042266   -3.7748e-15       1.9911
_SET4_   11075         8   80523049   80578410    165      23  401328      0.17359      0.20742   -3.8858e-15      0.17359
_SET4_   54704         8   94929083   94938296      6       1  413466     -0.16921      0.41019   -3.8858e-15     -0.16921
_SET4_   203111        8   99076750   99105838     77      21  397975      0.97405     0.053473   -3.8858e-15      0.97405
_SET4_   3788          8   99439250   99443025      1       1  413466       1.4706      0.03037   -3.7748e-15       1.4706
_SET4_   27012         8  110979233  110987963     13       4  395743      0.10725      0.35191   -3.8858e-15      0.10725
_SET4_   114569        8  120220610  120257913     56      12  385684      -0.9028      0.63902   -3.8858e-15      -0.9028
_SET4_   3786          8  133133105  133493004   1207      91  397398      0.50086     0.058338   -3.8858e-15      0.50086
_SET4_   8629          8  143738874  143751412     50       4  395485      0.81576     0.095083   -3.8858e-15      0.81576
_SET4_   23246         8  145486056  145515120     39       6  396870      0.64908      0.11467   -3.8858e-15      0.64908
_SET4_   83482         8  145554228  145559943      5       3  398886       1.7976     0.012392   -3.7748e-15       1.7976
_SET4_   90990         8  145691432  145699499      7       4  358216      -1.1083      0.73231   -3.7748e-15      -1.1083
_SET4_   6456          9   17578953   17797122    993      56  396937     -0.91282      0.45862   -3.8858e-15     -0.91282
_SET4_   54914         9   20658309   20995954    861      38  395789       1.5317    0.0060501   -3.7748e-15       1.5317
_SET4_   23349         9   34957484   34982541     46      12  399018      -2.6183      0.97911   -3.9968e-15      -2.6183
_SET4_   347252        9   38406525   38424444     66      14  408476     -0.08355      0.30668   -3.8858e-15     -0.08355
_SET4_   320           9   72042448   72287275    547      32  396376      0.76735     0.056649   -3.8858e-15      0.76735
_SET4_   138199        9   77595936   77643326     87      13  393981     -0.93121      0.64117   -3.8858e-15     -0.93121
_SET4_   54769         9   93372114   93405108    119      21  402509       1.6537     0.012309   -3.7748e-15       1.6537
_SET4_   101929748     9   95567667   95570649     16       4  399207     -0.88978      0.66322   -3.8858e-15     -0.88978
_SET4_   9568          9  101050364  101471479   1506     137  393185       1.2872    0.0081261   -3.7748e-15       1.2872
_SET4_   23732         9  111899581  111929571    113      20  402601     -0.58641      0.49067   -3.8858e-15     -0.58641
_SET4_   54836         9  116111812  116133513    110      14  402083     -0.12986      0.31461   -3.8858e-15     -0.12986
_SET4_   203197        9  117373706  117408703    163      14  406149       1.3624     0.025754   -3.7748e-15       1.3624
_SET4_   286205        9  127704887  127905838    302      16  401612      -1.4881      0.78535   -3.7748e-15      -1.4881
_SET4_   10444         9  131492065  131534220     41       7  396072     -0.87249      0.63546   -3.8858e-15     -0.87249
_SET4_   23413         9  132934857  132999583    219      33  401712     -0.17579      0.31221   -3.8858e-15     -0.17579
_SET4_   90120         9  139006427  139010731      9       5  283395       1.4024     0.037235   -3.7748e-15       1.4024
_SET4_   55684         9  139702374  139735639     42       6  387528       1.5704     0.019627   -3.7748e-15       1.5704
_SET4_   389813        9  139735733  139741884      4       1  350575       3.3113   0.00013022   -3.9968e-15       3.3113
_SET4_   2902          9  140033609  140063214     39       8  342431      0.28069      0.20326   -3.8858e-15      0.28069
_SET4_   727800        9  140114699  140115775      1       1  339483      0.67002       0.2452   -3.8858e-15      0.67002
_SET4_   774           9  140772241  141019076    375      29  323612       1.2097     0.030064   -3.7748e-15       1.2097
_SET4_   10659        10   10838851   11378674   1681     127  393368       1.1044     0.010025   -3.7748e-15       1.1044
_SET4_   57118        10   12391583   12871735   1689     167  397471      0.30569     0.059626   -3.8858e-15      0.30569
_SET4_   57512        10   25464290   25891158   1573      54  394968       1.1316    0.0075914   -3.7748e-15       1.1316
_SET4_   2572         10   26505236   26593491    202      13  399273      0.51909      0.13201   -3.8858e-15      0.51909
_SET4_   221002       10   43689983   43762367    224      23  394356      0.25221      0.17891   -3.8858e-15      0.25221
_SET4_   347731       10   68685792   68861309    441      36  402220      -1.1304      0.63325   -3.7748e-15      -1.1304
_SET4_   56521        10   69556427   69597937     69      13  397352       2.3838    0.0016452   -3.9968e-15       2.3838
_SET4_   340745       10   85980241   85985339     20       6  379736      -1.2589      0.76705   -3.7748e-15      -1.2589
_SET4_   5950         10   95351593   95361101     46       6  411735     -0.22214      0.39607   -3.8858e-15     -0.22214
_SET4_   26507        10  101088856  101154087    135      21  398638      0.51323      0.12963   -3.8858e-15      0.51323
_SET4_   5662         10  104162374  104179691     22       8  391946      0.90288     0.074065   -3.8858e-15      0.90288
_SET4_   9118         10  105036919  105050108     20       5  399058     -0.30716      0.41342   -3.8858e-15     -0.30716
_SET4_   9148         10  105253735  105352309    252      26  402510       1.4472     0.016326   -3.7748e-15       1.4472
_SET4_   22986        10  106400859  107024993   1748      50  399594       2.0811   0.00025372   -3.9968e-15       2.0811
_SET4_   114815       10  108333421  108924466   1553     105  380648     -0.97952      0.41058   -3.8858e-15     -0.97952
_SET4_   26033        10  116853124  117708496   1711      34  392617     -0.48912      0.17927   -3.8858e-15     -0.48912
_SET4_   22876        10  121485559  121588663    213      17  396052     -0.73119      0.55036   -3.8858e-15     -0.73119
_SET4_   51363        10  125765669  125853200    206      31  397896      0.79642     0.069078   -3.8858e-15      0.79642
_SET4_   282974       10  133996038  134145377    600      51  375621      0.56803     0.078941   -3.8858e-15      0.56803
_SET4_   170394       10  134210702  134231363     74      17  383166      -1.5098      0.82357   -3.7748e-15      -1.5098
_SET4_   3632         10  134351283  134596984    714      36  363977      -2.0431      0.88545   -3.9968e-15      -2.0431
_SET4_   101          10  135075920  135090489     46       5  375648      0.86122     0.098501   -3.8858e-15      0.86122
_SET4_   50632        10  135138928  135150482     25       8  388034      0.98946     0.075197   -3.8858e-15      0.98946
_SET4_   115399       11     536722     554916    100      15  383007      -1.9808       0.9179   -3.7748e-15      -1.9808
_SET4_   8045         11     560309     564025     11       5  382180      -1.6224      0.88653   -3.7748e-15      -1.6224
_SET4_   1850         11    1575281    1593150     59       7  380881      0.72507     0.098709   -3.8858e-15      0.72507
_SET4_   7761         11    7020549    7041586     67       7  410184      -0.9589      0.66347   -3.8858e-15      -0.9589
_SET4_   63982        11   26210458   26684836   2331      68  396907    -0.099173     0.067745   -3.8858e-15    -0.099173
_SET4_   159963       11   26688566   26743574    180      31  395934      -1.0867      0.66759   -3.7748e-15      -1.0867
_SET4_   3739         11   30031288   30038577      9       4  397448      -2.1631      0.95319   -3.9968e-15      -2.1631
_SET4_   25758        11   33563877   33695648    293      27  398053      0.34185       0.1479   -3.8858e-15      0.34185
_SET4_   57586        11   45261853   45307884    124      14  390634       2.2424    0.0021166   -3.9968e-15       2.2424
_SET4_   1132         11   46405335   46413122      6       4  348860       1.5676     0.028564   -3.7748e-15       1.5676
_SET4_   390205       11   61276272   61278490      5       1  413424      0.99721     0.099176   -3.8858e-15      0.99721
_SET4_   2785         11   62475066   62476678      2       1  292363      0.67473      0.30639   -3.8858e-15      0.67473
_SET4_   1128         11   62676151   62689012     24       6  380492        1.463     0.027307   -3.7748e-15        1.463
_SET4_   50801        11   64058774   64067503      6       2  396369     -0.86426      0.68341   -3.8858e-15     -0.86426
_SET4_   8986         11   64126625   64139687     22       3  404045       2.1273    0.0045457   -3.9968e-15       2.1273
_SET4_   10235        11   64494383   64512928     19       3  396922     -0.20345      0.44751   -3.8858e-15     -0.20345
_SET4_   89792        11   65808236   65816651     17       4  383967       4.1244   2.0797e-06   -3.5527e-15       4.1244
_SET4_   254263       11   66045672   66051685      5       2  412515       4.2353   1.6565e-06   -3.5527e-15       4.2353
_SET4_   6712         11   66449967   66496716     37      13  391444       4.3457   4.4794e-07   -3.5527e-15       4.3457
_SET4_   91683        11   66790190   66818334     26      10  370532       1.4397     0.027723   -3.7748e-15       1.4397
_SET4_   9600         11   67259231   67272843      7       4  380318      -1.5013      0.84921   -3.7748e-15      -1.5013
_SET4_   22941        11   70313961   70935808   1717     131  391641       3.4088   1.7475e-06   -3.9968e-15       3.4088
_SET4_   283209       11   74041361   74109502    164      15  387322      0.11156      0.22761   -3.8858e-15      0.11156
_SET4_   51585        11   82868137   82896836     40       5  386803       0.9452     0.082214   -3.8858e-15       0.9452
_SET4_   57562        11  101785746  101871793    198      17  390861      0.60222      0.11039   -3.8858e-15      0.60222
_SET4_   2977         11  106544738  106889171    975      56  397036      0.29642     0.097727   -3.8858e-15      0.29642
_SET4_   55531        11  107461817  107537505    209      33  400394      -0.1216      0.29551   -3.8858e-15      -0.1216
_SET4_   399947       11  109292570  109299893      6       3  398684      0.42496      0.18927   -3.8858e-15      0.42496
_SET4_   1813         11  113280317  113346413    170      23  402436       3.8362   3.6479e-06   -3.9968e-15       3.8362
_SET4_   6330         11  118004092  118023630     48       7  397484     -0.44222      0.45128   -3.8858e-15     -0.44222
_SET4_   6327         11  118033519  118047337     39      11  380023       1.2137     0.039323   -3.7748e-15       1.2137
_SET4_   9854         11  118977771  118988304     25       6  408094      -1.1516      0.73403   -3.7748e-15      -1.1516
_SET4_   64137        11  119019750  119033375     23       5  388297    0.0042672      0.31548   -3.8823e-15    0.0042672
_SET4_   7070         11  119288655  119294246     11       2  412666       1.3747     0.035471   -3.7748e-15       1.3747
_SET4_   79864        11  122753236  122830430    216      32  394464     0.069108      0.23091   -3.8858e-15     0.069108
_SET4_   4900         11  124609829  124617102     12       3  410885       3.0356   0.00023757   -3.9968e-15       3.0356
_SET4_   4978         11  132284875  133402403   3583     263  394066     -0.27845      0.10412   -3.8858e-15     -0.27845
_SET4_   56341        12    3490515    3703139    537      81  391190      0.18811      0.17551   -3.8858e-15      0.18811
_SET4_   3736         12    5019073    5027422     19       6  390215     -0.77436      0.59073   -3.8858e-15     -0.77436
_SET4_   196500       12    6802957    6810009      8       4  366039     -0.18488      0.45365   -3.8858e-15     -0.18488
_SET4_   83461        12    6957972    6961128      2       1  381200       2.6027    0.0014386   -3.9968e-15       2.6027
_SET4_   2904         12   13713684   14133022   1286      83  398016      0.97048     0.018276   -3.8858e-15      0.97048
_SET4_   377          12   49329987   49351309     63       7  404563       1.1964     0.040469   -3.7748e-15       1.1964
_SET4_   23109        12   49388933   49393088      6       3  369255       3.7111   1.3791e-05   -3.9968e-15       3.7111
_SET4_   23017        12   50260679   50297760    107      22  383979      -2.2094      0.94295   -3.9968e-15      -2.2094
_SET4_   5463         12   51580719   51611477     69      13  394726      -1.0125       0.6652   -3.7748e-15      -1.0125
_SET4_   6334         12   51984050   52206648    372      27  398315      0.65704     0.091433   -3.8858e-15      0.65704
_SET4_   84926        12   53458100   53473204     28       8  411033      0.72657      0.11521   -3.8858e-15      0.72657
_SET4_   5153         12   54943177   54973023     79      21  393091      0.97972     0.056595   -3.8858e-15      0.97972
_SET4_   5502         12   54969176   54982451     39       8  378548        1.651     0.013137   -3.7748e-15        1.651
_SET4_   116986       12   58117544   58135984     24       6  374340       1.4623     0.023304   -3.7748e-15       1.4623
_SET4_   114882       12   76745577   76953589    346      15  393237       1.1947     0.028999   -3.7748e-15       1.1947
_SET4_   55188        12  107168077  107283094    174      23  374856     -0.83151      0.58028   -3.8858e-15     -0.83151
_SET4_   55530        12  109304658  109372453    234      28  397054     -0.42995      0.39783   -3.8858e-15     -0.42995
_SET4_   283455       12  117890817  118406399   1720     169  388448       1.6256    0.0019114   -3.7748e-15       1.6256
_SET4_   9478         12  121078422  121105129     81      15  395282       2.2117     0.002445   -3.9968e-15       2.2117
_SET4_   79369        12  122688228  122692677      5       2  409818       1.4758      0.02738   -3.7748e-15       1.4758
_SET4_   23457        12  123405498  123451056     34       9  394886       1.1361     0.050486   -3.7748e-15       1.1361
_SET4_   144423       12  129337985  129469513    499      70  391817      0.45563      0.10898   -3.8858e-15      0.45563
_SET4_   4326         12  132312941  132336316    113      21  363397      -1.9986      0.91489   -3.7748e-15      -1.9986
_SET4_   8408         12  132379279  132407707     63      10  392978     -0.20382      0.38185   -3.8858e-15     -0.20382
_SET4_   2254         13   22245215   22278640     66       9  403456      -1.4331      0.80892   -3.7748e-15      -1.4331
_SET4_   26278        13   23902962   24007867    317      37  397529     -0.32604      0.34763   -3.8858e-15     -0.32604
_SET4_   2835         13   27329337   27334922     13       5  411508       2.4047    0.0020104   -3.9968e-15       2.4047
_SET4_   23281        13   29394485   30080084   2117     117  398745     -0.61886      0.19712   -3.8858e-15     -0.61886
_SET4_   145173       13   31774112   31906413    296      22  393605       2.6328   0.00044317   -3.9968e-15       2.6328
_SET4_   8900         13   37005257   37017019     21       4  402135      -1.2647      0.78076   -3.7748e-15      -1.2647
_SET4_   160851       13   42614172   42804352    680      33  383049     -0.51499      0.35348   -3.8858e-15     -0.51499
_SET4_   283514       13   46354405   46425846    239      30  403896     -0.12709      0.28231   -3.8858e-15     -0.12709
_SET4_   5100         13   53418109   53422775      7       2  379634      0.58746       0.1645   -3.8858e-15      0.58746
_SET4_   1602         13   72012098   72441330    585      66  376219       1.1401     0.028384   -3.7748e-15       1.1401
_SET4_   440145       13   73282495   73301938     29       9  376555     -0.28466      0.39447   -3.8858e-15     -0.28466
_SET4_   266722       13   96743093   97491816   1677      66  395503       2.2455   0.00016984   -3.9968e-15       2.2455
_SET4_   2259         13  102373205  103054124   1737     102  397782     -0.73785      0.28083   -3.8858e-15     -0.73785
_SET4_   84502        14   24037244   24048009     12       4  381552       -0.972       0.7178   -3.8858e-15       -0.972
_SET4_   6252         14   60062694   60337557    514      24  391299      0.24873      0.14477   -3.8858e-15      0.24873
_SET4_   83851        14   62331567   62573915    804      64  381932       2.9332   5.9013e-05   -3.9968e-15       2.9332
_SET4_   9495         14   64932217   64941221     10       4  412092      0.76857      0.10588   -3.8858e-15      0.76857
_SET4_   376267       14   65412532   65439016     75      12  383095      0.84132     0.080031   -3.8858e-15      0.84132
_SET4_   23508        14   71108504   71142077     91      21  404003      -1.1075      0.68828   -3.7748e-15      -1.1075
_SET4_   4293         14   71189243   71275912    305      23  395071     -0.33661      0.35915   -3.8858e-15     -0.33661
_SET4_   26037        14   71788108   72207761    557      29  352970      0.56105     0.086418   -3.8858e-15      0.56105
_SET4_   646658       14   74872596   74892805     55       8  383819     0.057268      0.26348   -3.8788e-15     0.057268
_SET4_   440193       14   91737667   91884188    396      55  395842       1.7307    0.0070215   -3.7748e-15       1.7307
_SET4_   57718        14   94640649   94746092    233      17  397284     -0.42898      0.41844   -3.8858e-15     -0.42898
_SET4_   64919        14   99635624   99738514    263      34  378390       4.9232   8.6856e-09   -3.5527e-15       4.9232
_SET4_   10858        14  100150755  100193638    109      14  403717       1.2312     0.032812   -3.7748e-15       1.2312
_SET4_   283638       14  105331650  105363107    107      11  388375       1.7509    0.0095852   -3.7748e-15       1.7509
_SET4_   2562         15   26788693   27018935    674      74  391073       0.9726     0.033785   -3.8858e-15       0.9726
_SET4_   23359        15   29412455   29862927   1391      96  397670       1.7287    0.0019338   -3.7748e-15       1.7287
_SET4_   6447         15   32933757   32989299    168      43  392013      -1.2347      0.72082   -3.7748e-15      -1.2347
_SET4_   84529        15   36871812   37102449    575      40  401882    -0.074166      0.22462   -3.8858e-15    -0.074166
_SET4_   56924        15   40509629   40569688    152      36  387489        1.091     0.039444   -3.7748e-15        1.091
_SET4_   100131244    15   40573645   40574787      1       1  413466      0.43512       0.2004   -3.8858e-15      0.43512
_SET4_   3706         15   41786056   41795757     21       5  384049      0.58261      0.13687   -3.8858e-15      0.58261
_SET4_   255189       15   42433332   42448839     52      11  395228       1.6676     0.012964   -3.7748e-15       1.6676
_SET4_   1159         15   43885055   43891604      5       1  409943       1.5302     0.034407   -3.7748e-15       1.5302
_SET4_   10017        15   52401490   52404972     12       2  397252       1.0213     0.074924   -3.7748e-15       1.0213
_SET4_   10681        15   52413123   52483565    195      19  393448      0.34951      0.16849   -3.8858e-15      0.34951
_SET4_   83660        15   62682769   63136830   1217     115  396519       0.6096      0.05297   -3.8858e-15       0.6096
_SET4_   57611        15   74420544   74429143      4       2  365595       1.4309     0.036304   -3.7748e-15       1.4309
_SET4_   25989        15   75128459   75135552     16       3  389771       1.1302      0.05339   -3.7748e-15       1.1302
_SET4_   192683       15   75287876   75313836     74       8  399642     -0.35689      0.44061   -3.8858e-15     -0.35689
_SET4_   342132       15   90895477   90905884     28       5  401220       1.2401     0.042589   -3.7748e-15       1.2401
_SET4_   398          16     330606     333003      5       2  372465      0.44919      0.20125   -3.8858e-15      0.44919
_SET4_   57799        16     639357     679273    113       8  383441     -0.75355      0.57101   -3.8858e-15     -0.75355
_SET4_   146330       16     742500     755825     25       4  384781        1.214     0.045268   -3.7748e-15        1.214
_SET4_   9143         16    2039946    2044276      5       2  411999      -0.1741      0.39961   -3.8858e-15      -0.1741
_SET4_   57524        16    2227184    2246479     22       5  379995     -0.90292      0.64674   -3.8858e-15     -0.90292
_SET4_   283871       16    2261603    2264822     10       3  390112      -2.0945      0.94429   -3.9968e-15      -2.0945
_SET4_   5170         16    2587965    2653191     16       8  379863      -2.1602      0.95019   -3.9968e-15      -2.1602
_SET4_   4992         16    3254247    3255185      2       1  411573      0.14134      0.28392   -3.8858e-15      0.14134
_SET4_   115          16    4012650    4166186    575      67  400071      0.63537     0.075619   -3.8858e-15      0.63537
_SET4_   124274       16   20042981   20085100    161      20  380296     -0.98667      0.63863   -3.8858e-15     -0.98667
_SET4_   1039         16   22357257   22385938     16       7  379084      -0.1771      0.38604   -3.8858e-15      -0.1771
_SET4_   10368        16   24266874   24373737    340      49  402366     -0.65185      0.46917   -3.8858e-15     -0.65185
_SET4_   146395       16   27798850   28074830    867      88  400276      -1.9294      0.84317   -3.7748e-15      -1.9294
_SET4_   54620        16   30934392   30960104     25       3  394251     -0.57017      0.53493   -3.8858e-15     -0.57017
_SET4_   112755       16   31000577   31021829     26       5  376312      -0.4125      0.45242   -3.8858e-15      -0.4125
_SET4_   81831        16   47115431   47177936     50       6  392214      -1.4406      0.85195   -3.7748e-15      -1.4406
_SET4_   23322        16   53633818   53737771    212      21  403908     -0.44631      0.43916   -3.8858e-15     -0.44631
_SET4_   10300        16   57769623   57791162     71      16  396230      0.30953      0.20171   -3.8858e-15      0.30953
_SET4_   766          16   66878282   66888052     13       3  395717       1.6814     0.014694   -3.7748e-15       1.6814
_SET4_   146206       16   67679030   67691472     16       3  384334       3.3905   9.0269e-05   -3.9968e-15       3.3905
_SET4_   81577        16   67708436   67753273     55       9  379870       3.4975   3.7229e-05   -3.9968e-15       3.4975
_SET4_   55512        16   68392230   68482409    180      22  387111       2.1956    0.0021256   -3.9968e-15       2.1956
_SET4_   6483         16   70413338   70472991     60      20  383042       1.9104    0.0064741   -3.7748e-15       1.9104
_SET4_   146433       16   70613798   70694585    219      19  383950      0.93538     0.053173   -3.8858e-15      0.93538
_SET4_   57687        16   77822483   78014001    811     105  398352       -1.506      0.74523   -3.7748e-15       -1.506
_SET4_   54550        16   84002237   84036379    267      21  390604     0.059655      0.25795   -3.8788e-15     0.059655
_SET4_   57338        16   87635441   87731762    491      54  400467       0.1397      0.17606   -3.8858e-15       0.1397
_SET4_   9905         17    2240806    2284353    149      23  396626      0.65813     0.095205   -3.8858e-15      0.65813
_SET4_   84254        17    3763609    3796337    112      28  393149      0.16782      0.20833   -3.8858e-15      0.16782
_SET4_   83394        17    6354583    6459877    335      28  379315        1.783    0.0057824   -3.7748e-15        1.783
_SET4_   1742         17    7093209    7123369     43       9  386554      -0.6732      0.54444   -3.8858e-15      -0.6732
_SET4_   1949         17    7608520    7614693      9       3  286047      -1.1591      0.79769   -3.7748e-15      -1.1591
_SET4_   8522         17    9813926   10101868   1090     143  397992      -2.1368      0.88492   -3.9968e-15      -2.1368
_SET4_   9912         17   12692829   12894960    748      58  399800       1.2391     0.016855   -3.7748e-15       1.2391
_SET4_   7732         17   19314491   19320589      9       2  222778     -0.15774      0.51488   -3.8858e-15     -0.15774
_SET4_   124925       17   27281923   27333458     61      11  395465     -0.27557      0.39436   -3.8858e-15     -0.27557
_SET4_   8851         17   30814105   30818271      3       1  412187      -1.3875       0.8401   -3.7748e-15      -1.3875
_SET4_   91608        17   34058679   34070540     25       6  411296     -0.54821      0.52291   -3.8858e-15     -0.54821
_SET4_   246176       17   34071530   34079897     24       7  400175      0.54179      0.17609   -3.8858e-15      0.54179
_SET4_   8396         17   36921944   36956218     73      14  399643       1.4773     0.019809   -3.7748e-15       1.4773
_SET4_   782          17   37329709   37353956     54      18  384856      0.52801      0.13221   -3.8858e-15      0.52801
_SET4_   342667       17   37366789   37382040     28       8  408916      0.60967       0.1277   -3.8858e-15      0.60967
_SET4_   125113       17   38811872   38821416     15       3  379169      0.13353      0.26435   -3.8858e-15      0.13353
_SET4_   115024       17   39981334   39992523     38       3  406579      -1.3052      0.80555   -3.7748e-15      -1.3052
_SET4_   23415        17   40308910   40333296     28       7  356619      0.17127      0.27951   -3.8858e-15      0.17127
_SET4_   8506         17   40834632   40852011     22       5  409413     -0.82392      0.62102   -3.8858e-15     -0.82392
_SET4_   10900        17   42385786   42396039     16       6  352258      -1.3851      0.80758   -3.7748e-15      -1.3851
_SET4_   4905         17   44668035   44834830     73       8  384001      0.96433     0.067056   -3.8858e-15      0.96433
_SET4_   388394       17   45055522   45056614      1       1  413466      -1.6802       0.9134   -3.7748e-15      -1.6802
_SET4_   84687        17   48211101   48227877     25      10  381353      0.98131     0.063219   -3.8858e-15      0.98131
_SET4_   8526         17   54911460   54946036     79       6  407271      0.22685      0.22689   -3.8858e-15      0.22685
_SET4_   1534         17   61509665   61523724     20       6  386479       1.3838     0.027152   -3.7748e-15       1.3838
_SET4_   27092        17   64960980   65029518    197      35  386751       -1.093      0.67436   -3.7748e-15       -1.093
_SET4_   146664       17   74864798   74946472    454      52  400103     -0.53909      0.40811   -3.8858e-15     -0.53909
_SET4_   5833         17   79860777   79869340      4       2  347840      0.42517      0.23621   -3.8858e-15      0.42517
_SET4_   255275       17   79897521   79905109     21       4  376732     -0.73812      0.58702   -3.8858e-15     -0.73812
_SET4_   2774         18   11689014   11885684    618      41  401865      -2.4495      0.94851   -3.9968e-15      -2.4495
_SET4_   6875         18   23806409   23971649    399      24  400974     0.018844      0.22842   -3.8823e-15     0.018844
_SET4_   9331         18   29202209   29306560    197      23  404757      -1.5549       0.8122   -3.7748e-15      -1.5549
_SET4_   6860         18   40847857   40857615      9       3  411755       1.2973     0.045423   -3.7748e-15       1.2973
_SET4_   494470       18   43906772   44041159    365      55  388213      0.17742      0.18945   -3.8858e-15      0.17742
_SET4_   1630         18   49866542   51062273   4352     111  397893     0.018916     0.064247   -3.8823e-15     0.018916
_SET4_   51046        18   55019721   55036162     39       6  406254      0.27631      0.23272   -3.8858e-15      0.27631
_SET4_   9480         18   55102917   55158530    191      22  398196      -2.4255      0.96448   -3.9968e-15      -2.4255
_SET4_   220164       18   67068284   67516323   1574     116  400757       0.7627     0.024826   -3.8858e-15       0.7627
_SET4_   610          19     589893     617159    136      32  385227    -0.039168         0.27   -3.8788e-15    -0.039168
_SET4_   79948        19     812488     821952     33       7  395329     -0.97217      0.66995   -3.8858e-15     -0.97217
_SET4_   83855        19    1852398    1863564     27       5  359758      0.76047      0.10316   -3.8858e-15      0.76047
_SET4_   645191       19    2289774    2308156     55      12  393783     -0.49947      0.48101   -3.8858e-15     -0.49947
_SET4_   2788         19    2511218    2702746    793      93  387879       2.5249   0.00034951   -3.9968e-15       2.5249
_SET4_   148252       19    2714565    2721390     15       3  340134       2.8885     0.000427   -3.9968e-15       2.8885
_SET4_   166          19    3052908    3062964     33      10  394899      -1.1243      0.70908   -3.7748e-15      -1.1243
_SET4_   23217        19    3804022    3869027    208      26  396528      -0.7799      0.54142   -3.8858e-15      -0.7799
_SET4_   85300        19    3880618    3928080    131      34  372300      0.89918     0.062483   -3.8858e-15      0.89918
_SET4_   51341        19    4045216    4066816     36       7  396601      0.23525      0.23216   -3.8858e-15      0.23525
_SET4_   374875       19    5680776    5688534      7       4  375189     -0.34925      0.44561   -3.8858e-15     -0.34925
_SET4_   79085        19    6436092    6460232     96      14  385968      0.15605      0.23347   -3.8858e-15      0.15605
_SET4_   57662        19    7660774    7683196     46       7  398628     -0.68733      0.55769   -3.8858e-15     -0.68733
_SET4_   404217       19    7989381    7991051      1       1  216999      0.54066       0.2544   -3.8858e-15      0.54066
_SET4_   5141         19   10527449   10580307     88      11  403435      -0.1471      0.33834   -3.8858e-15      -0.1471
_SET4_   1032         19   10677138   10679655      3       1  411787       1.3314     0.050644   -3.7748e-15       1.3314
_SET4_   79575        19   17402940   17414282     34       7  371661     -0.16072      0.34483   -3.8858e-15     -0.16072
_SET4_   23025        19   17712137   17799123    346      65  391636       0.4294      0.12759   -3.8858e-15       0.4294
_SET4_   5864         19   18307609   18314874     15       4  385998     -0.07798      0.33388   -3.8858e-15     -0.07798
_SET4_   25789        19   18723682   18731849     29       8  384212       1.2695     0.033809   -3.7748e-15       1.2695
_SET4_   23373        19   18794425   18893143    253      26  379467       1.2365     0.027797   -3.7748e-15       1.2365
_SET4_   374887       19   19639670   19648393     16       3  408820       3.8885   7.3425e-06   -3.9968e-15       3.8885
_SET4_   4037         19   33685599   33699773     53       9  391572      -0.5173      0.49716   -3.8858e-15      -0.5173
_SET4_   8193         19   38701649   38720317     56      11  387235      -0.1407      0.32636   -3.8858e-15      -0.1407
_SET4_   9149         19   40315990   40324841     17       5  382177     -0.35001      0.43337   -3.8858e-15     -0.35001
_SET4_   2901         19   42502468   42574278     50      13  373350        2.561    0.0011366   -3.9968e-15        2.561
_SET4_   84518        19   42891171   42894444      6       1  399076      0.48633      0.23331   -3.8858e-15      0.48633
_SET4_   339344       19   46393281   46405862     39       7  406579      -1.0491      0.69795   -3.7748e-15      -1.0491
_SET4_   4858         19   46442771   46476657     59      12  379181      0.31183      0.18207   -3.8858e-15      0.31183
_SET4_   57469        19   46994448   46999169     13       6  402768       1.0027     0.069949   -3.7748e-15       1.0027
_SET4_   808          19   47104512   47114039     17       6  382011       1.0029     0.061113   -3.7748e-15       1.0029
_SET4_   6543         19   47931274   47975307    103      16  405404     -0.14198      0.34043   -3.8858e-15     -0.14198
_SET4_   770          19   49141272   49149451     13       3  390407       1.3247     0.042765   -3.7748e-15       1.3247
_SET4_   64130        19   49617618   49621717     15       3  393027      -2.0953      0.94641   -3.9968e-15      -2.0953
_SET4_   8541         19   49622646   49654287     83      14  392373      0.81451     0.076554   -3.8858e-15      0.81451
_SET4_   3748         19   50818765   50832634     39       9  395317       2.7855   0.00041598   -3.9968e-15       2.7855
_SET4_   94030        19   51020149   51071302    132      34  391664       2.4653   0.00090162   -3.9968e-15       2.4653
_SET4_   84258        19   51125234   51143092     51      11  386852     -0.22822      0.36776   -3.8858e-15     -0.22822
_SET4_   59283        19   54466290   54493469     83      11  403525      0.22533      0.20923   -3.8858e-15      0.22533
_SET4_   22870        19   55741147   55770038     59      17  385875       -0.538      0.48403   -3.8858e-15       -0.538
_SET4_   23640        19   55773591   55791751     34       8  395687    -0.031869      0.30181   -3.8788e-15    -0.031869
_SET4_   729956       19   55940105   55954230     17       6  383862     -0.37249      0.43593   -3.8858e-15     -0.37249
_SET4_   29903        19   56158934   56164527     12       3  292682     -0.34479      0.51888   -3.8858e-15     -0.34479
_SET4_   9751         20    1246948    1289971    118      24  403558      -1.1685      0.70805   -3.7748e-15      -1.1685
_SET4_   9762         20    3143263    3154238     33      12  392228      0.14126      0.23992   -3.8858e-15      0.14126
_SET4_   25876        20    3758151    3762113      7       3  354469       2.5633    0.0010957   -3.9968e-15       2.5633
_SET4_   146          20    4201278    4229659     87      17  403105     -0.83174      0.58583   -3.8858e-15     -0.83174
_SET4_   1114         20    5891974    5906007     37       6  401213     -0.33456       0.4203   -3.8858e-15     -0.33456
_SET4_   164312       20    6021192    6034726     42       8  394460      -1.0139      0.68355   -3.7748e-15      -1.0139
_SET4_   23236        20    8112912    8865547   2319     158  398566      0.12042     0.052773   -3.8858e-15      0.12042
_SET4_   24141        20    9495005    9511171     59      12  393717      -2.0585       0.9321   -3.9968e-15      -2.0585
_SET4_   57144        20    9518037    9819687    967      80  397047      -2.3684      0.91689   -3.9968e-15      -2.3684
_SET4_   140733       20   13976146   16033842   6115     309  394112       2.5771   1.9398e-05   -3.9968e-15       2.5771
_SET4_   5126         20   17206752   17465223    922      55  385781      -2.1379      0.87483   -3.9968e-15      -2.1379
_SET4_   63908        20   23355156   23402156    164      14  396754      0.43946      0.14514   -3.8858e-15      0.43946
_SET4_   10893        20   33814539   33864804     83      12  379544    -0.072002      0.31946   -3.8858e-15    -0.072002
_SET4_   10904        20   36145819   36156333     13       4  386138       -2.402      0.97165   -3.9968e-15       -2.402
_SET4_   4826         20   36149607   36152092      1       1  410272     -0.28119        0.534   -3.8858e-15     -0.28119
_SET4_   140679       20   37353105   37358015      4       2  340855       1.0151      0.07311   -3.7748e-15       1.0151
_SET4_   11122        20   40701392   41818557   3163     226  394657       1.7923    0.0004602   -3.7748e-15       1.7923
_SET4_   78997        20   42875739   42909557     71       8  403740      0.70936      0.11269   -3.8858e-15      0.70936
_SET4_   140730       20   43380445   43438979    104      15  400200       1.4826     0.019136   -3.7748e-15       1.4826
_SET4_   10953        20   43570771   43589114     19       4  389002       1.2741     0.037357   -3.7748e-15       1.2741
_SET4_   57468        20   44650329   44688789    122      16  330735      0.81541      0.08758   -3.8858e-15      0.81541
_SET4_   64405        20   44802372   44937137    286      39  386378      0.66336     0.083904   -3.8858e-15      0.66336
_SET4_   3745         20   47988505   48099181    389      39  394555       4.9879   5.1677e-09   -3.5527e-15       4.9879
_SET4_   1917         20   62119365   62130668     50      13  402078       3.0461    0.0001413   -3.9968e-15       3.0461
_SET4_   50861        20   62271058   62284963     32       8  385290       1.8801    0.0073365   -3.7748e-15       1.8801
_SET4_   9980         21   37529080   37666572    540      43  396347       1.8173    0.0041525   -3.7748e-15       1.8173
_SET4_   10317        21   40928369   41034816    326      34  404830      -0.8389      0.54354   -3.8858e-15      -0.8389
_SET4_   5121         21   41239347   41301322    288      47  400931      0.65492     0.088284   -3.8858e-15      0.65492
_SET4_   89765        21   43892596   43916417     62      16  403589     -0.16364      0.33394   -3.8858e-15     -0.16364
_SET4_   7226         21   45770046   45862964    207      19  369542     -0.78518      0.55959   -3.8858e-15     -0.78518
_SET4_   23765        22   17565849   17596584     86      23  400093     0.011032      0.25742   -3.8823e-15     0.011032
_SET4_   27439        22   17597189   17602257     19       5  412271      -1.0368      0.70547   -3.7748e-15      -1.0368
_SET4_   84861        22   20795806   20850170     99       8  392446     -0.45479      0.46006   -3.8858e-15     -0.45479
_SET4_   29799        22   22051825   22090071    121      23  391198       1.3433      0.02499   -3.7748e-15       1.3433
_SET4_   129049       22   25202136   25322813    491      59  397061       1.6485    0.0078228   -3.7748e-15       1.6485
_SET4_   57168        22   26825280   26840978     40       9  404937      -1.4518      0.81484   -3.7748e-15      -1.4518
_SET4_   8224         22   32908539   33454377   1609     111  394312      0.19473     0.076957   -3.8858e-15      0.19473
_SET4_   23551        22   35936556   35950048     34       8  406159     -0.25748      0.38215   -3.8858e-15     -0.25748
_SET4_   23543        22   36134783   36424679    330      20  399172      -1.4176      0.78978   -3.7748e-15      -1.4176
_SET4_   79734        22   37447779   37459430     13       4  392842       1.3387     0.043068   -3.7748e-15       1.3387
_SET4_   164656       22   37461476   37499693    130      14  387590      -1.0694       0.6677   -3.7748e-15      -1.0694
_SET4_   57026        22   38054737   38062939     18       3  384160      0.30302        0.215   -3.8858e-15      0.30302
_SET4_   3761         22   38822332   38851205     81      16  366624      0.92012     0.066806   -3.8858e-15      0.92012
_SET4_   23466        22   39257468   39268258     19       7  383060      0.27007      0.21675   -3.8858e-15      0.27007
_SET4_   23492        22   39526777   39548661     63       8  399638       2.2705    0.0022814   -3.9968e-15       2.2705
_SET4_   8911         22   39966758   40085740    262      23  393483       1.6855    0.0084036   -3.7748e-15       1.6855
_SET4_   7008         22   41763337   41795332     57       6  378062     -0.31115        0.415   -3.8858e-15     -0.31115
_SET4_   25830        22   44220387   44258378    136      15  402667      -1.0093      0.65709   -3.7748e-15      -1.0093
_SET4_   150379       22   44275558   44287893     59       9  386392     -0.65195      0.52832   -3.8858e-15     -0.65195
_SET4_   414918       22   50750392   50765517     56      10  385029     -0.53179      0.48896   -3.8858e-15     -0.53179

# _SET5_  VARIABLE = brainseq__hippocampus__M003 (set)
# _SET5_  NGENES = 468
# _SET5_  P-VALUE = 0.0001367
_SET5_   GENE     CHR      START       STOP  NSNPS  NPARAM       N        ZSTAT            P  ZFITTED_BASE  ZRESID_BASE
_SET5_   80772      1    1260136    1264276     11       2  369165      0.33064      0.26141   -3.8858e-15      0.33064
_SET5_   388591     1    6266189    6281359     34       5  400943        -1.19      0.78754   -3.7748e-15        -1.19
_SET5_   57449      1    6526152    6580121    136      23  396038      0.99635     0.055144   -3.8858e-15      0.99635
_SET5_   5195       1   10535003   10690815    357      26  386122    -0.095241      0.26059   -3.8858e-15    -0.095241
_SET5_   6723       1   11114649   11120091      7       2  375606     -0.75895       0.6532   -3.8858e-15     -0.75895
_SET5_   8672       1   21132785   21503381    654      23  388508    -0.048716      0.20632   -3.8788e-15    -0.048716
_SET5_   23028      1   23345937   23410184     73       9  402257      -0.8953      0.63177   -3.8858e-15      -0.8953
_SET5_   10250      1   24969594   24999772     28       6  367646      -1.3864      0.82668   -3.7748e-15      -1.3864
_SET5_   65979      1   28696093   28826881    363      10  395931     -0.22416      0.32818   -3.8858e-15     -0.22416
_SET5_   55108      1   32830704   32860062     21      11  369509       1.1926     0.061334   -3.7748e-15       1.1926
_SET5_   192669     1   36396364   36522360     97      10  397305       1.4268     0.029954   -3.7748e-15       1.4268
_SET5_   6513       1   43391046   43424847    104      13  392362     -0.50256      0.46311   -3.8858e-15     -0.50256
_SET5_   5792       1   43991708   44089343    238      18  397468       1.8312    0.0059789   -3.7748e-15       1.8312
_SET5_   51727      1   47799469   47844511    102       9  398719    -0.089492      0.31156   -3.8858e-15    -0.089492
_SET5_   51361      1   60280458   60342050    128      18  369275       -2.658      0.98339   -3.9968e-15       -2.658
_SET5_   57708      1   67390578   67454302    134      13  402197      -1.5126      0.82462   -3.7748e-15      -1.5126
_SET5_   57554      1   70033230   70589171   1486      68  401604     -0.45856      0.21721   -3.8858e-15     -0.45856
_SET5_   34         1   76190043   76229355    137      12  401955       1.6821     0.011212   -3.7748e-15       1.6821
_SET5_   5876       1   76251879   76260775     21       7  396261     -0.51148      0.49229   -3.8858e-15     -0.51148
_SET5_   374986     1   78245309   78345225    154      25  380880       0.2238      0.20937   -3.8858e-15       0.2238
_SET5_   8880       1   78409740   78444839     67      11  397585     -0.80078      0.62983   -3.8858e-15     -0.80078
_SET5_   55599      1  104068323  104097861     42       9  401213      0.40564      0.16994   -3.8858e-15      0.40564
_SET5_   55119      1  109234932  109244425      8       5  334853      0.13287      0.29158   -3.8858e-15      0.13287
_SET5_   10768      1  110527387  110566364     25      10  364909       0.3249      0.19201   -3.8858e-15       0.3249
_SET5_   10390      1  111682249  111727724     67      14  384126        1.448     0.021811   -3.7748e-15        1.448
_SET5_   54665      1  114304454  114355070     67      13  398815      0.79007      0.08416   -3.8858e-15      0.79007
_SET5_   51592      1  114935399  115053781    278      16  403092     -0.31782      0.37922   -3.8858e-15     -0.31782
_SET5_   56957      1  149912229  149982686     72      11  375637      0.88411     0.082315   -3.8858e-15      0.88411
_SET5_   23248      1  150336624  150449042    312      13  400655       3.6502   7.2956e-06   -3.9968e-15       3.6502
_SET5_   9898       1  154192427  154243986     78      11  366421       2.6785   0.00052786   -3.9968e-15       2.6785
_SET5_   3766       1  160007257  160040051     60      13  402129       1.3117     0.028149   -3.7748e-15       1.3117
_SET5_   5824       1  160246599  160254941      7       3  410069     0.074417      0.29904   -3.8858e-15     0.074417
_SET5_   1314       1  160258377  160313354     84      14  390032     -0.13138      0.32083   -3.8858e-15     -0.13138
_SET5_   5498       1  161135832  161148136     16       4  411112      0.82435     0.097514   -3.8858e-15      0.82435
_SET5_   22926      1  161736034  161933860    550      18  399484     -0.21304      0.29878   -3.8858e-15     -0.21304
_SET5_   4921       1  162602228  162756409    360      26  395738      -1.3256      0.74446   -3.7748e-15      -1.3256
_SET5_   5087       1  164528597  164821067    767     101  395903     -0.31294      0.30133   -3.8858e-15     -0.31294
_SET5_   5451       1  167190066  167396582    355      21  386957      -2.2058      0.93634   -3.9968e-15      -2.2058
_SET5_   481        1  169075947  169101960     95      17  400157     -0.69957      0.52834   -3.8858e-15     -0.69957
_SET5_   9910       1  174128552  174964445   1609      21  400738       2.5997   4.7506e-05   -3.9968e-15       2.5997
_SET5_   7143       1  175291935  175712752   1190     108  398320       2.6845   0.00010295   -3.9968e-15       2.6845
_SET5_   460        1  176826441  177134024    696      56  396680      -2.2391      0.91514   -3.9968e-15      -2.2391
_SET5_   9462       1  178062864  178448649    574      23  396512    -0.045195      0.23819   -3.8788e-15    -0.045195
_SET5_   2752       1  182350839  182361341     31       6  374711       1.4321     0.024002   -3.7748e-15       1.4321
_SET5_   23127      1  183898988  184006904    340      30  404320      -1.8505      0.87158   -3.7748e-15      -1.8505
_SET5_   6738       1  193028552  193060907     33       8  398681      0.54866      0.13974   -3.8858e-15      0.54866
_SET5_   79577      1  193091088  193223945    183      16  387508       1.0416     0.047187   -3.7748e-15       1.0416
_SET5_   23418      1  197170592  197447585    388      36  400462       1.1427     0.028922   -3.7748e-15       1.1427
_SET5_   140609     1  198126108  198291550    459      24  394042       1.9474    0.0036105   -3.7748e-15       1.9474
_SET5_   493        1  203595915  203713209    275      37  389138      -2.4226      0.95895   -3.9968e-15      -2.4226
_SET5_   6900       1  205012340  205047173    127      16  401236     -0.52409      0.46552   -3.8858e-15     -0.52409
_SET5_   55248      1  212537816  212588267    113      19  383323       -0.518      0.46309   -3.8858e-15       -0.518
_SET5_   51133      1  215740528  215795149     27      10  375244     -0.87468      0.62967   -3.8858e-15     -0.87468
_SET5_   3930       1  225589204  225616557     73      13  399336      0.33292      0.18676   -3.8858e-15      0.33292
_SET5_   5867       1  229406809  229441641     73       8  395122      -1.0082      0.67128   -3.7748e-15      -1.0082
_SET5_   359948     1  234740015  234745271     10       4  398109       1.4008     0.028986   -3.7748e-15       1.4008
_SET5_   3398       2    8822113    8824583      3       2  412055      0.99643     0.095778   -3.8858e-15      0.99643
_SET5_   4613       2   16080683   16087129      8       4  403301      0.26542      0.23149   -3.8858e-15      0.26542
_SET5_   92906      2   38789120   38830178     82      12  336787       1.8358     0.010423   -3.7748e-15       1.8358
_SET5_   5281       2   46808413   46844251     79      12  404449     -0.37313      0.42153   -3.8858e-15     -0.37313
_SET5_   2956       2   48010221   48034092     75      12  384746       1.0946     0.047427   -3.7748e-15       1.0946
_SET5_   53335      2   60678302   60780633    160      32  390141       2.1127    0.0027491   -3.9968e-15       2.1127
_SET5_   23177      2   65283495   65314142     87      14  387984        1.596     0.014943   -3.7748e-15        1.596
_SET5_   5534       2   68405979   68483392    140      10  391472       1.3644     0.024027   -3.7748e-15       1.3644
_SET5_   51652      2   86730553   86790620    149      19  403686       1.0204     0.050344   -3.7748e-15       1.0204
_SET5_   3631       2   99061321   99207496    214      12  393487       2.3425     0.001501   -3.9968e-15       2.3425
_SET5_   5775       2  120517207  120742496    384      18  393719     -0.58267       0.4568   -3.8858e-15     -0.58267
_SET5_   129684     2  124782864  125672954   2590     118  399347    -0.031687     0.070334   -3.8788e-15    -0.031687
_SET5_   55339      2  128461808  128568761    228      27  389574     -0.62729      0.49471   -3.8858e-15     -0.62729
_SET5_   55041      2  131862420  131907425     40       4  397597       2.1904    0.0044843   -3.9968e-15       2.1904
_SET5_   79712      2  144702502  145112578    506      30  390589      0.43648      0.13215   -3.8858e-15      0.43648
_SET5_   55777      2  148778580  149271046    940      46  389845      -1.7953      0.78254   -3.7748e-15      -1.7953
_SET5_   2820       2  157291965  157442915    282      17  338367      0.50834      0.12167   -3.8858e-15      0.50834
_SET5_   6335       2  167051695  167232497    532      41  393044        1.375     0.014053   -3.7748e-15        1.375
_SET5_   1386       2  175936978  176032934    194      15  399342       1.0842     0.049549   -3.7748e-15       1.0842
_SET5_   4780       2  178095031  178129859     48      10  401103      0.16789      0.22977   -3.8858e-15      0.16789
_SET5_   114880     2  179059208  179264160    565      39  392877    -0.026161      0.21289   -3.8823e-15    -0.026161
_SET5_   6744       2  182756472  182795465     60       7  388616      0.45691      0.20832   -3.8858e-15      0.45691
_SET5_   130132     2  198435524  198540774    138      11  399263         3.93   2.7842e-06   -3.9968e-15         3.93
_SET5_   23314      2  200134223  200335989    244      21  395231       1.5006     0.016061   -3.7748e-15       1.5006
_SET5_   1933       2  207024318  207027653      2       1  413466      0.46679      0.18365   -3.8858e-15      0.46679
_SET5_   151050     2  210885435  211036068    112      22  384507       1.2108     0.033976   -3.7748e-15       1.2108
_SET5_   10314      2  211295973  211342347    104       9  404711      0.85329     0.073841   -3.8858e-15      0.85329
_SET5_   22807      2  213864408  214016379    361      24  392964    -0.016687      0.23307   -3.8823e-15    -0.016687
_SET5_   5270       2  224839765  224904036    209      27  390452      0.30246      0.16441   -3.8858e-15      0.30246
_SET5_   257407     2  231902281  231914429     31       7  408860     -0.20473      0.38802   -3.8858e-15     -0.20473
_SET5_   9759       2  239969864  240323346   1122      86  388201       1.3782    0.0078538   -3.7748e-15       1.3782
_SET5_   547        2  241653181  241759725    309      38  392076       2.7441   0.00027215   -3.9968e-15       2.7441
_SET5_   4735       2  242254723  242293442     83      12  394020      -1.5958      0.84418   -3.7748e-15      -1.5958
_SET5_   7182       3   14989091   15090780    180      22  398760      -0.8558      0.60027   -3.8858e-15      -0.8558
_SET5_   9467       3   15295860   15382901    246      43  374591     -0.48782      0.41928   -3.8858e-15     -0.48782
_SET5_   28512      3   23933552   23958537     47       9  397103     -0.57022       0.5101   -3.8858e-15     -0.57022
_SET5_   6138       3   23958295   23965187     12       5  391069      0.20575      0.23724   -3.8858e-15      0.20575
_SET5_   5915       3   25215638   25639423   1646      96  399904   0.00060987      0.10193   -3.8821e-15   0.00060987
_SET5_   3680       3   37493813   37861281    935      74  394919       1.5506     0.005746   -3.7748e-15       1.5506
_SET5_   54861      3   43328004   43392635     62      16  393088      -1.2366      0.75547   -3.7748e-15      -1.2366
_SET5_   10181      3   50126341   50156397     27       5  404961       1.7718     0.010881   -3.7748e-15       1.7718
_SET5_   5793       3   61547243   62280573   2187     154  391175      -1.5722      0.53937   -3.7748e-15      -1.5722
_SET5_   26018      3   66429221   66551446    285      27  394145      0.61036     0.097341   -3.8858e-15      0.61036
_SET5_   8545       3   88101100   88199016    211       6  403134     -0.60663      0.53508   -3.8858e-15     -0.60663
_SET5_   200894     3   93698983   93774522     51      10  399993      0.51615      0.14283   -3.8858e-15      0.51615
_SET5_   131566     3   98514814   98620566    241      20  399866      -1.1809      0.69354   -3.7748e-15      -1.1809
_SET5_   27107      3  101368283  101395988     46       8  396824      -1.0316      0.68623   -3.7748e-15      -1.0316
_SET5_   64332      3  101546834  101579869     31      10  385272      -1.3354      0.77765   -3.7748e-15      -1.3354
_SET5_   214        3  105085557  105295757    604      34  399916       2.3918   0.00061423   -3.9968e-15       2.3918
_SET5_   54762      3  113557671  113666021    224      32  400317      -0.1557      0.29563   -3.8858e-15      -0.1557
_SET5_   26137      3  114033348  114866132   1491     102  391155      0.48419      0.05197   -3.8858e-15      0.48419
_SET5_   152404     3  118619477  118864915    581      38  393954      0.88021     0.045058   -3.8858e-15      0.88021
_SET5_   2932       3  119540800  119813264    396      23  388119     0.056782      0.21904   -3.8788e-15     0.056782
_SET5_   3693       3  124480795  124606500    395      27  399370      -1.0887      0.64342   -3.7748e-15      -1.0887
_SET5_   10274      3  136055077  136471245    589      25  387664      0.95563     0.037087   -3.8858e-15      0.95563
_SET5_   253461     3  141043055  141168634    255      22  390106    0.0071743      0.25261   -3.8823e-15    0.0071743
_SET5_   483        3  141595424  141645382    172      17  403784       1.9324    0.0052931   -3.7748e-15       1.9324
_SET5_   54464      3  142025449  142166904    174      17  389548       1.0497     0.045272   -3.7748e-15       1.0497
_SET5_   23350      3  142720366  142779567    100       7  403183     -0.12394       0.3311   -3.8858e-15     -0.12394
_SET5_   84343      3  148847371  148891305    156      22  400105     -0.29542      0.36962   -3.8858e-15     -0.29542
_SET5_   51714      3  150321066  150348234     51      11  395141      -1.3037      0.77018   -3.7748e-15      -1.3037
_SET5_   116931     3  150803452  151154465    900      44  369542   -0.0046618      0.16315   -3.8823e-15   -0.0046618
_SET5_   4154       3  151962120  152183569    327      22  396122      -1.8823      0.87995   -3.7748e-15      -1.8823
_SET5_   170506     3  153993452  154042286     78      12  408879     -0.42643      0.44159   -3.8858e-15     -0.42643
_SET5_   7881       3  155838337  156256927   1077      59  364168       -0.238      0.20764   -3.8858e-15       -0.238
_SET5_   57560      3  159974774  160118028    180      22  383313        1.888    0.0056147   -3.7748e-15        1.888
_SET5_   80012      3  169805368  169899537    121      14  393056       1.4214     0.021279   -3.7748e-15       1.4214
_SET5_   23043      3  170780292  171178197   1018     103  399844     -0.52642       0.3347   -3.8858e-15     -0.52642
_SET5_   23200      3  182511291  182639423    239      14  401284       3.3932   2.8484e-05   -3.9968e-15       3.3932
_SET5_   9175       3  185000729  185206882    479      29  401752      -1.0465       0.6096   -3.7748e-15      -1.0465
_SET5_   6434       3  185632356  185655924     36       8  401604      0.32085      0.19711   -3.8858e-15      0.32085
_SET5_   604        3  187439165  187463513     72      14  398422    -0.049707      0.29933   -3.8788e-15    -0.049707
_SET5_   79572      3  194123403  194188968    113      12  377449      0.15858      0.24293   -3.8858e-15      0.15858
_SET5_   622        3  197236654  197300194    245      29  396626       -2.953      0.98882   -3.9968e-15       -2.953
_SET5_   9711       3  197398259  197476568    146      10  389155       1.2215     0.041655   -3.7748e-15       1.2215
_SET5_   10336      4     699537     764428    234      32  395028       1.4046     0.018967   -3.7748e-15       1.4046
_SET5_   5522       4    6322305    6565327    947      98  388591      0.57853     0.064683   -3.8858e-15      0.57853
_SET5_   93624      4    7045156    7059679     50      10  398603     -0.35961      0.42963   -3.8858e-15     -0.35961
_SET5_   259282     4   13570362   13629334     96      15  399023     -0.57109      0.49748   -3.8858e-15     -0.57109
_SET5_   202018     4   16162128   16228161    218      21  402829      0.21836      0.18959   -3.8858e-15      0.21836
_SET5_   22998      4   41362802   41702061    805      65  393728     -0.87126      0.48455   -3.8858e-15     -0.87126
_SET5_   55161      4   41937137   41962824     72       7  398553     -0.16503      0.41515   -3.8858e-15     -0.16503
_SET5_   57606      4   48343497   48428218    214      15  401874       1.3136     0.025019   -3.7748e-15       1.3136
_SET5_   2044       4   66185281   66536529   1248      64  397293     0.078318      0.11314   -3.8858e-15     0.078318
_SET5_   25898      4   76404247   76439884     89      12  396194      0.52038      0.13149   -3.8858e-15      0.52038
_SET5_   56978      4   81105033   81125483     61      10  387843    -0.050046       0.3109   -3.8788e-15    -0.050046
_SET5_   5311       4   88928799   88998931    152      25  392187     -0.39686      0.40966   -3.8858e-15     -0.39686
_SET5_   56916      4   95128759   95212443    165      10  402798       2.0275    0.0040826   -3.9968e-15       2.0275
_SET5_   55132      4  128982421  129144086    312      12  388714       0.3189      0.16163   -3.8858e-15       0.3189
_SET5_   23321      4  154073650  154260474    464      52  401772      -2.1094      0.90775   -3.9968e-15      -2.1094
_SET5_   79884      4  156263810  156298122    117      11  388046       1.2665     0.030356   -3.7748e-15       1.2665
_SET5_   55016      4  164445450  165305093   2653     111  394951      0.28249      0.03628   -3.8858e-15      0.28249
_SET5_   50859      4  167654535  168155741   1504      67  380322      0.23317     0.070558   -3.8858e-15      0.23317
_SET5_   79888      5    1461542    1525644    230      39  391018     0.045172      0.22831   -3.8788e-15     0.045172
_SET5_   23194      5   15500305   15939905    932      44  395615     -0.35637      0.25878   -3.8858e-15     -0.35637
_SET5_   1016       5   19473140   20575972   2743     103  388658       -2.656      0.86799   -3.9968e-15       -2.656
_SET5_   166968     5   56215429   56247957    101      12  394130    -0.022591      0.29207   -3.8823e-15    -0.022591
_SET5_   373        5   64885507   64920187    109      11  376360       0.8228     0.076869   -3.8858e-15       0.8228
_SET5_   5295       5   67511584   67597649    212      37  376966      0.15826      0.20135   -3.8858e-15      0.15826
_SET5_   57763      5   72848025   72861521     41       6  395957       -1.964      0.92457   -3.7748e-15       -1.964
_SET5_   3156       5   74632159   74657926     42       9  386963      0.83655      0.08229   -3.8858e-15      0.83655
_SET5_   55255      5   76727622   76788332    231      19  377348     -0.95009      0.60698   -3.8858e-15     -0.95009
_SET5_   4012       5   96271346   96365115    204      12  405150      -1.8017       0.8792   -3.7748e-15      -1.8017
_SET5_   83594      5  102884556  102898493     38       6  408017      -3.0732      0.99451   -3.9968e-15      -3.0732
_SET5_   167227     5  112312399  112357892    114      15  384107      0.47913       0.1345   -3.8858e-15      0.47913
_SET5_   65983      5  125695788  125829853    396      55  392703     -0.28713      0.32836   -3.8858e-15     -0.28713
_SET5_   4090       5  135468536  135518422    116       5  402273      -1.6755       0.8752   -3.7748e-15      -1.6755
_SET5_   54882      5  139781399  139919441     92      18  376981        2.245    0.0021634   -3.9968e-15        2.245
_SET5_   56110      5  140743729  140892546    346      29  397728       1.4239     0.017905   -3.7748e-15       1.4239
_SET5_   10915      5  145826873  145891071    163      12  405574        1.877    0.0071716   -3.7748e-15        1.877
_SET5_   6678       5  151040657  151066615     65      12  411635      -0.2743       0.3823   -3.8858e-15      -0.2743
_SET5_   2890       5  152870084  153193429   1172      65  379668     -0.25504      0.19742   -3.8858e-15     -0.25504
_SET5_   114825     5  159502889  159546452     62      11  385043      -2.1837      0.94702   -3.9968e-15      -2.1837
_SET5_   80315      5  173315331  173387313    167      16  402752      -0.6138      0.49315   -3.8858e-15      -0.6138
_SET5_   54540      5  176946790  176981548     51       7  392986      -1.8882      0.91581   -3.7748e-15      -1.8882
_SET5_   57396      5  178029664  178054093     37       8  383469      0.88482     0.074198   -3.8858e-15      0.88482
_SET5_   10399      5  180663928  180671209     31       6  383093       0.4157      0.20537   -3.8858e-15       0.4157
_SET5_   23408      6   13574506   13615390     61      11  399994       1.4442     0.021293   -3.7748e-15       1.4442
_SET5_   221662     6   17281739   17294102     21       7  367156       2.4685    0.0013637   -3.9968e-15       2.4685
_SET5_   221656     6   18155619   18224085    248      29  404594      -1.0504      0.65437   -3.7748e-15      -1.0504
_SET5_   57691      6   56911343   56920023      6       2  412629     -0.88862      0.68972   -3.8858e-15     -0.88862
_SET5_   55788      6   70385641   70507049    312       9  401986     -0.75455      0.53406   -3.8858e-15     -0.75455
_SET5_   9892       6   84262604   84419127    277      19  399582       3.1203   7.1711e-05   -3.9968e-15       3.1203
_SET5_   253714     6   97590037   97731126    266      15  389627     -0.16788      0.30949   -3.8858e-15     -0.16788
_SET5_   57531      6  105175968  105307794    275      14  401545       -1.729      0.85666   -3.7748e-15       -1.729
_SET5_   28962      6  108362613  108395941    121       8  405388       1.7298     0.011707   -3.7748e-15       1.7298
_SET5_   51362      6  110501624  110553423    125      15  402625       1.3214     0.035078   -3.7748e-15       1.3214
_SET5_   2534       6  111981535  112194655    565      34  377156       1.8897    0.0036132   -3.7748e-15       1.8897
_SET5_   154214     6  125283680  125413779    285      40  392765     -0.79427      0.53051   -3.8858e-15     -0.79427
_SET5_   9053       6  136663419  136871957    247      19  372065      -0.6529      0.52151   -3.8858e-15      -0.6529
_SET5_   2911       6  146286032  146758782    878      38  394078      0.71627      0.04625   -3.8858e-15      0.71627
_SET5_   134957     6  147525494  147711612    278      15  397962       1.3105      0.02447   -3.7748e-15       1.3105
_SET5_   23118      6  149639436  149732747    257      14  401492       -1.535       0.8128   -3.7748e-15       -1.535
_SET5_   9590       6  151561134  151679694    464      54  397926      0.36856      0.12511   -3.8858e-15      0.36856
_SET5_   57492      6  157098980  157531913    937      73  398024       1.3291     0.011044   -3.7748e-15       1.3291
_SET5_   79683      6  157802557  158098293   1045      73  396418      0.99609     0.021196   -3.8858e-15      0.99609
_SET5_   8871       6  158402888  158520208    380      39  394895       1.6232    0.0082783   -3.7748e-15       1.6232
_SET5_   5879       7    6414126    6443598    121      18  400229      0.52671       0.1307   -3.8858e-15      0.52671
_SET5_   3382       7    8152814    8302242    581      67  389384      -2.2808       0.9314   -3.9968e-15      -2.2808
_SET5_   3696       7   20370345   20455382    317      19  403789      0.83045     0.062676   -3.8858e-15      0.83045
_SET5_   115416     7   23338940   23349180     14       4  385915       1.4701     0.029435   -3.7748e-15       1.4701
_SET5_   54205      7   25158270   25164980     12       5  393296     -0.60617      0.54663   -3.8858e-15     -0.60617
_SET5_   9586       7   28338940   28865511   1623     142  395480      0.78462     0.023716   -3.8858e-15      0.78462
_SET5_   989        7   35840596   35946715    191      12  400373       1.8749    0.0062725   -3.7748e-15       1.8749
_SET5_   55744      7   43648052   43769140    346      14  399830     -0.69952      0.50043   -3.8858e-15     -0.69952
_SET5_   23386      7   44421965   44530474    210      10  396826     -0.51067      0.47473   -3.8858e-15     -0.51067
_SET5_   5782       7   77166773   77269388    259      16  390789       -1.115      0.68117   -3.7748e-15       -1.115
_SET5_   222194     7   77325743   77409120    221      19  391679     -0.97596      0.62158   -3.8858e-15     -0.97596
_SET5_   9863       7   77646374   79083121   5149     247  396587       1.4295    0.0015872   -3.7748e-15       1.4295
_SET5_   2770       7   79764140   79848725    194      28  383746      -1.4559      0.78949   -3.7748e-15      -1.4559
_SET5_   3082       7   81331444   81399452    114       9  400550      -1.9279       0.9164   -3.7748e-15      -1.9279
_SET5_   6717       7   87834430   87856308     31       7  393250       1.9187     0.007271   -3.7748e-15       1.9187
_SET5_   85865      7   89975341   90020769    157      17  395908      -0.1122      0.30957   -3.8858e-15      -0.1122
_SET5_   5218       7   90225681   90839905   1812      63  397366      -1.5861      0.57119   -3.7748e-15      -1.5861
_SET5_   440        7   97481429   97501854     62      12  402971    -0.044162       0.2948   -3.8788e-15    -0.044162
_SET5_   7586       7   99613204   99642803     45      10  386624       1.6331     0.013331   -3.7748e-15       1.6331
_SET5_   2783       7  100271363  100276792      7       4  376958       1.5693     0.022864   -3.7748e-15       1.5693
_SET5_   64792      7  100956648  100965093     37       7  393778       0.7633     0.099229   -3.8858e-15       0.7633
_SET5_   6733       7  104754048  105039614    504      18  396126       2.9796   7.9537e-05   -3.9968e-15       2.9796
_SET5_   5294       7  106505723  106547592     74      16  395389       1.0746     0.048955   -3.7748e-15       1.0746
_SET5_   91584      7  131808091  132333447   1489     120  393689       2.3481   0.00025442   -3.9968e-15       2.3481
_SET5_   673        7  140415749  140624564    309      13  396547       1.5655     0.014962   -3.7748e-15       1.5655
_SET5_   55750      7  141251078  141354209    142      11  376676      -1.0316      0.69504   -3.7748e-15      -1.0316
_SET5_   27153      7  149128454  149158053     57       8  401906      0.41037      0.16306   -3.8858e-15      0.41037
_SET5_   58508      7  151832010  152133090    297      12  255844       0.3334      0.27936   -3.8858e-15       0.3334
_SET5_   57180      7  152456834  152552464    172      20  357571      0.03539      0.25466   -3.8788e-15      0.03539
_SET5_   8658       8    9412756    9639856    752      19  398997       1.8176    0.0035398   -3.7748e-15       1.8176
_SET5_   66036      8   11142000   11185655    105       9  396504       1.5404     0.016237   -3.7748e-15       1.5404
_SET5_   7991       8   15397596   15624158    828      26  392207      -1.0835      0.55057   -3.7748e-15      -1.0835
_SET5_   29883      8   17086737   17104387     40       8  394186       1.7523     0.012786   -3.7748e-15       1.7523
_SET5_   23362      8   18384813   18871196   2409     146  387400        -1.11      0.35872   -3.7748e-15        -1.11
_SET5_   1808       8   26371709   26515693    585      30  394501      -1.0461       0.5884   -3.7748e-15      -1.0461
_SET5_   84750      8   33228057   33330664    291      17  397036      -0.1653      0.30195   -3.8858e-15      -0.1653
_SET5_   137970     8   35092975   35654068    939      50  384890      0.84225     0.033323   -3.8858e-15      0.84225
_SET5_   9530       8   38034106   38070819     54       4  389898       2.8488   0.00043783   -3.9968e-15       2.8488
_SET5_   59339      8   38758753   38831431    198      43  393242       3.8875   2.4871e-06   -3.9968e-15       3.8875
_SET5_   6422       8   41119476   41166990    117      15  403821      0.23486      0.19349   -3.8858e-15      0.23486
_SET5_   51606      8   54628103   54756099    144       9  390912       0.8763      0.09008   -3.8858e-15       0.8763
_SET5_   767        8   61101423   61193954    303      24  390882     -0.29121      0.32992   -3.8858e-15     -0.29121
_SET5_   253943     8   64081112   64125346     61      13  381873     -0.58399      0.52273   -3.8858e-15     -0.58399
_SET5_   10499      8   71021997   71316062    445      21  399323      0.21631      0.17964   -3.8858e-15      0.21631
_SET5_   23471      8   71485453   71520694     74      10  405635     -0.28152      0.40906   -3.8858e-15     -0.28152
_SET5_   4325       8   89049460   89339717    629      52  396077      0.19936      0.15015   -3.8858e-15      0.19936
_SET5_   4683       8   90945564   90996952    131      11  399455       2.5326   0.00090936   -3.9968e-15       2.5326
_SET5_   92140      8   98656375   98742488    146      14  400353      0.65924      0.10664   -3.8858e-15      0.65924
_SET5_   23414      8  106330917  106816767   1032      83  399193       1.1328      0.01651   -3.7748e-15       1.1328
_SET5_   2131       8  118811602  119124058    712      51  392556     -0.62483      0.39197   -3.8858e-15     -0.62483
_SET5_   157769     8  124780679  124827692    103      12  402737       1.8473    0.0086521   -3.7748e-15       1.8473
_SET5_   23167      8  132916356  133025889    304      20  353732      -1.1355      0.67345   -3.7748e-15      -1.1355
_SET5_   23144      8  144519825  144624449    297      28  393761      0.93372     0.048937   -3.8858e-15      0.93372
_SET5_   23246      8  145486056  145515120     39       6  396870      0.64908      0.11467   -3.8858e-15      0.64908
_SET5_   4781       9   14081842   14398982    739     132  395061       1.0177      0.03914   -3.7748e-15       1.0177
_SET5_   340481     9   14611069   14693480    306      31  395748       1.9438    0.0039413   -3.7748e-15       1.9438
_SET5_   9414       9   71714875   71870124    528      38  399300      -1.1012      0.60979   -3.7748e-15      -1.1012
_SET5_   375743     9   72324438   72374916     87      13  396992      0.18971      0.21982   -3.8858e-15      0.18971
_SET5_   51531      9  100662380  100684852     59       7  403580      0.33039      0.18697   -3.8858e-15      0.33039
_SET5_   91283      9  103189495  103214016     61       5  410173       -1.486      0.84882   -3.7748e-15       -1.486
_SET5_   23731      9  111777415  111882225    368      25  386322      0.65231     0.086353   -3.8858e-15      0.65231
_SET5_   445815     9  112542577  112934792   1146     111  398295        4.358   4.5386e-08   -3.5527e-15        4.358
_SET5_   23245      9  119187504  120177317   2931     147  392326       1.0848    0.0051141   -3.7748e-15       1.0848
_SET5_   54542      9  125606835  125667562     89      12  366644     -0.96347      0.67543   -3.8858e-15     -0.96347
_SET5_   55342      9  125878338  126030855    155      23  368969     -0.68396      0.54792   -3.8858e-15     -0.68396
_SET5_   9355       9  126773889  126795572     56       6  395193       0.6491       0.1153   -3.8858e-15       0.6491
_SET5_   6812       9  130374486  130454995     81      15  388508     -0.26809      0.38631   -3.8858e-15     -0.26809
_SET5_   203        9  130628759  130640022     29      10  388525      -0.8446      0.61022   -3.8858e-15      -0.8446
_SET5_   774        9  140772241  141019076    375      29  323612       1.2097     0.030064   -3.7748e-15       1.2097
_SET5_   22884     10    1095423    1178237    238      29  394200     -0.74541      0.53136   -3.8858e-15     -0.74541
_SET5_   84991     10    6130949    6159422     83      18  385451      0.43068      0.15422   -3.8858e-15      0.43068
_SET5_   83641     10   14560556   14816896    990      90  400485     -0.67586      0.38756   -3.8858e-15     -0.67586
_SET5_   783       10   18429373   18830688   1491     109  399537       4.3843   1.3551e-08   -3.5527e-15       4.3843
_SET5_   56952     10   25137536   25242680    348      33  387113     0.093132      0.20487   -3.8858e-15     0.093132
_SET5_   8829      10   33466419   33623833    565      50  401010      -1.7177      0.81644   -3.7748e-15      -1.7177
_SET5_   2074      10   50662526   50747169    171      21  403750      0.42566       0.1458   -3.8858e-15      0.42566
_SET5_   7019      10   60144903   60158990     44      10  363046      0.25498      0.21091   -3.8858e-15      0.25498
_SET5_   310       10   75135189   75173841     64       4  392461       1.0312     0.088357   -3.7748e-15       1.0312
_SET5_   5532      10   75196563   75255782     49       9  358405       0.6684      0.15183   -3.8858e-15       0.6684
_SET5_   657       10   88516396   88684945    385      24  398936       1.1383     0.031626   -3.7748e-15       1.1383
_SET5_   3988      10   90973326   91011660    104      21  396977     -0.77896      0.55585   -3.8858e-15     -0.77896
_SET5_   84458     10   98592017   98724198    161      12  337274       1.0451       0.0625   -3.7748e-15       1.0451
_SET5_   282991    10  102033035  102046469     22       6  369383       3.8118   7.5731e-06   -3.9968e-15       3.8118
_SET5_   81603     10  104403326  104418076     20       7  393558      0.81083      0.08822   -3.8858e-15      0.81083
_SET5_   120       10  111765627  111895323    160      19  394009       5.3341   1.6937e-09   -3.5527e-15       5.3341
_SET5_   2263      10  123237844  123357972    214      44  394558     -0.83718      0.56382   -3.8858e-15     -0.83718
_SET5_   399818    10  126434336  126480439     82      11  398544       0.8923     0.070972   -3.8858e-15       0.8923
_SET5_   6786      11    3876933    4114440    533      23  390333      -2.1136      0.90299   -3.9968e-15      -2.1136
_SET5_   7275      11    8040742    8127654    273      42  393435     0.095337      0.21305   -3.8858e-15     0.095337
_SET5_   23075     11    9685624    9774508    267      10  397060      0.64204     0.099767   -3.8858e-15      0.64204
_SET5_   10944     11   16760148   16779901     36       8  398415      -1.0972      0.70752   -3.7748e-15      -1.0972
_SET5_   55346     11   33060963   33095109    187      10  405395       0.5592      0.11814   -3.8858e-15       0.5592
_SET5_   4038      11   46878268   46940173    107      13  386187       1.1576     0.043917   -3.7748e-15       1.1576
_SET5_   10658     11   47487489   47574792    101      21  383007       1.9893    0.0048122   -3.7748e-15       1.9893
_SET5_   1072      11   65622282   65625804      9       2  391660      0.67186      0.12963   -3.8858e-15      0.67186
_SET5_   2017      11   70244612   70282690     74       8  397224      -1.3278      0.78202   -3.7748e-15      -1.3278
_SET5_   11309     11   74862032   74917445    141      26  390915     -0.13838      0.31547   -3.8858e-15     -0.13838
_SET5_   56946     11   76155967   76263943    199      22  399708      0.80438     0.073925   -3.8858e-15      0.80438
_SET5_   60492     11   82972498   82997445     68       9  378932    -0.015567       0.2881   -3.8823e-15    -0.015567
_SET5_   2915      11   88237256   88796846   1668      42  396450       1.5396    0.0018968   -3.7748e-15       1.5396
_SET5_   26973     11   89933597   89956532     72       8  406523       0.5414      0.13382   -3.8858e-15       0.5414
_SET5_   8065      11  107879408  107978495    200      19  398659      0.49462      0.12875   -3.8858e-15      0.49462
_SET5_   38        11  107992258  108018895     53      10  395225      0.90474     0.068845   -3.8858e-15      0.90474
_SET5_   4297      11  118307205  118397539     84       9  382527     -0.61965      0.55983   -3.8858e-15     -0.61965
_SET5_   51399     11  118889241  118894384     23       4  370103       1.4142      0.03024   -3.7748e-15       1.4142
_SET5_   2900      11  120382465  120859514   1367     125  393892       1.2199     0.010713   -3.7748e-15       1.2199
_SET5_   6653      11  121322912  121504471    368      49  393792     -0.69677      0.48508   -3.8858e-15     -0.69677
_SET5_   220296    11  124789089  124806308     41      14  386472       1.1944     0.038618   -3.7748e-15       1.1944
_SET5_   2313      11  128556430  128683162    403      58  401721      0.88561     0.051754   -3.8858e-15      0.88561
_SET5_   50863     11  131240371  132206716   2957     226  393540       2.3688    4.761e-05   -3.9968e-15       2.3688
_SET5_   775       12    2079952    2807115   1963     175  396684       5.2499   1.7613e-11   -3.5527e-15       5.2499
_SET5_   57102     12    4596899    4647674     44       4  409885       0.7845      0.11999   -3.8858e-15       0.7845
_SET5_   4704      12    4758264    4796720    122      17  400998       -1.901      0.89889   -3.7748e-15       -1.901
_SET5_   928       12    6309482    6347437     64       9  379749      0.38588      0.16481   -3.8858e-15      0.38588
_SET5_   1108      12    6679248    6716551     71       8  384641    -0.025678      0.31923   -3.8823e-15    -0.025678
_SET5_   25977     12    8234807    8250373     16       4  395197      0.05009      0.28494   -3.8788e-15      0.05009
_SET5_   55885     12   16701306   16761148     62      18  357185     -0.13721       0.3183   -3.8858e-15     -0.13721
_SET5_   54477     12   19282626   19529334    622      34  401670       0.5998     0.084157   -3.8858e-15       0.5998
_SET5_   6660      12   23682438   24715383   2880     216  396413      0.71736     0.012525   -3.8858e-15      0.71736
_SET5_   11228     12   26111964   26232825    492      36  400395     -0.62138       0.4389   -3.8858e-15     -0.62138
_SET5_   144402    12   39046002   39300395    594      27  380054       1.2936     0.017004   -3.7748e-15       1.2936
_SET5_   904       12   49082241   49110781     63      10  388231      0.55885      0.13015   -3.8858e-15      0.55885
_SET5_   23416     12   49932834   49952091     37       6  404005      0.87763     0.092498   -3.8858e-15      0.87763
_SET5_   57609     12   50898768   51142450    416      20  393323       1.4677      0.01359   -3.7748e-15       1.4677
_SET5_   25840     12   51317780   51326300     16       7  374732      -1.0139      0.67535   -3.7748e-15      -1.0139
_SET5_   23041     12   62860597   62991363    302      19  402114      0.66686     0.086795   -3.8858e-15      0.66686
_SET5_   114882    12   76745577   76953589    346      15  393237       1.1947     0.028999   -3.7748e-15       1.1947
_SET5_   23390     12   77157854   77247481    289      13  315798     -0.23637      0.36125   -3.8858e-15     -0.23637
_SET5_   89795     12   78224685   78606790   1207      75  397339      -1.0884      0.49547   -3.7748e-15      -1.0884
_SET5_   7334      12   93802088   93836026     45      12  387551        -2.39      0.96696   -3.9968e-15        -2.39
_SET5_   7181      12   95414005   95467404    127      20  398949     -0.34381      0.40606   -3.8858e-15     -0.34381
_SET5_   56994     12  102091417  102122852     78      15  391033     -0.15246      0.32886   -3.8858e-15     -0.15246
_SET5_   9733      12  108915991  108955165    126      10  400372      0.64843      0.11302   -3.8858e-15      0.64843
_SET5_   83892     12  109886460  109915165    114       9  399995     -0.82584      0.60899   -3.8858e-15     -0.82584
_SET5_   488       12  110719032  110788898     83      17  399290       2.6286   0.00078122   -3.9968e-15       2.6286
_SET5_   8550      12  112280032  112331228     96       4  403826      0.78841      0.10804   -3.8858e-15      0.78841
_SET5_   84934     12  113623342  113630169     12       2  411406      -1.9727      0.94614   -3.7748e-15      -1.9727
_SET5_   23389     12  116396381  116714991    504      26  393511      0.92401     0.047573   -3.8858e-15      0.92401
_SET5_   64897     12  121440835  121454300     53      12  387118       2.6011    0.0007504   -3.9968e-15       2.6011
_SET5_   144404    12  122150658  122219974    169      18  393113      0.47286      0.14105   -3.8858e-15      0.47286
_SET5_   192111    12  133287393  133299323     48      12  390381      0.63131      0.11155   -3.8858e-15      0.63131
_SET5_   10804     13   20796101   20806534     27       8  379485      0.34937      0.18124   -3.8858e-15      0.34937
_SET5_   51761     13   25946209   26599989   2010     109  397405      -1.0276      0.34633   -3.7748e-15      -1.0276
_SET5_   2321      13   28874483   29069265    461      43  397177      0.74661      0.06515   -3.8858e-15      0.74661
_SET5_   5983      13   34392206   34540695    319      22  387335      0.13566      0.22919   -3.8858e-15      0.13566
_SET5_   1997      13   41506055   41635544    217      17  394149     -0.67725      0.51051   -3.8858e-15     -0.67725
_SET5_   11278     13   74260149   74708400   1306     110  398394        1.793    0.0021013   -3.7748e-15        1.793
_SET5_   9375      13  100153628  100216302    135      19  394614     -0.30521       0.3856   -3.8858e-15     -0.30521
_SET5_   5587      14   30045685   30396899    751      51  380048       3.3431   1.0721e-05   -3.9968e-15       3.3431
_SET5_   29966     14   31362985   31495607    303      18  397461       1.5418     0.013089   -3.7748e-15       1.5418
_SET5_   6655      14   50583846   50698596    318      18  400076     -0.86278      0.57576   -3.8858e-15     -0.86278
_SET5_   51637     14   52456228   52471420     40      10  397388      -1.8277      0.89832   -3.7748e-15      -1.8277
_SET5_   23002     14   59655329   59838123    555      29  398661      0.47519      0.09881   -3.8858e-15      0.47519
_SET5_   677       14   69254372   69263184     17       4  378681      0.37322      0.18675   -3.8858e-15      0.37322
_SET5_   145483    14   74399695   74417117     60       8  402615     -0.82438      0.60092   -3.8858e-15     -0.82438
_SET5_   80127     14   74486054   74532795    139      15  406099     -0.85216      0.59865   -3.8858e-15     -0.85216
_SET5_   23768     14   85996411   86095040    327      34  399402      0.08251      0.21064   -3.8858e-15      0.08251
_SET5_   1112      14   89622516   90085506   1293     130  397123       2.4688   0.00023128   -3.9968e-15       2.4688
_SET5_   5641      14   93170152   93215047     92      19  396978      0.52905      0.12346   -3.8858e-15      0.52905
_SET5_   9112      14  105886186  105937066     51      21  363899      0.45397      0.15937   -3.8858e-15      0.45397
_SET5_   7082      15   29992338   30261038    621      47  398662     -0.15069      0.25006   -3.8858e-15     -0.15069
_SET5_   23015     15   34671269   34729667     29       8  388262      -1.3149      0.79803   -3.7748e-15      -1.3149
_SET5_   255252    15   42834720   42841002      9       4  404622       4.7559   1.1414e-07   -3.5527e-15       4.7559
_SET5_   51496     15   44719579   44819455    152      10  387924      0.81223      0.11739   -3.8858e-15      0.81223
_SET5_   567       15   45003685   45010357     14       5  385388       1.0908     0.067918   -3.7748e-15       1.0908
_SET5_   2628      15   45653322   45670980     39       4  399637      -1.1748      0.75394   -3.7748e-15      -1.1748
_SET5_   9728      15   49280835   49338760    107      13  389385      0.66726      0.10428   -3.8858e-15      0.66726
_SET5_   6095      15   60780483   61521502   1980     209  400873      -1.2175      0.41996   -3.7748e-15      -1.2175
_SET5_   51065     15   63445539   63449741     19       3  392461      -1.9193      0.93488   -3.7748e-15      -1.9193
_SET5_   8554      15   68346572   68483797    159      20  390022    -0.077076      0.28441   -3.8858e-15    -0.077076
_SET5_   8125      15   69070874   69113261     81      16  346273      -1.8023      0.89359   -3.7748e-15      -1.8023
_SET5_   3419      15   78441698   78462884     49       9  356386       1.1407     0.044761   -3.7748e-15       1.1407
_SET5_   23205     15   78463187   78527049    172      31  381999      0.63815     0.095943   -3.8858e-15      0.63815
_SET5_   55466     15   78556487   78574538     56      11  409320        1.115     0.045099   -3.7748e-15        1.115
_SET5_   3418      15   90626283   90645730     48       9  396200      0.15009      0.23279   -3.8858e-15      0.15009
_SET5_   4205      15  100106133  100256688    250      24  401298       2.1987     0.001952   -3.9968e-15       2.1987
_SET5_   22856     15  101715928  101792137    270      19  370794      -1.0177      0.63791   -3.7748e-15      -1.0177
_SET5_   57465     16    2525146    2555734     28      17  367238       0.2951      0.21663   -3.8858e-15       0.2951
_SET5_   84656     16    4853204    4897383    129      20  390379       2.1085    0.0033961   -3.9968e-15       2.1085
_SET5_   11151     16   30194731   30200397      5       2  371370       2.1934    0.0040554   -3.9968e-15       2.1934
_SET5_   81533     16   47188302   47495018    258      17  385230     -0.56503      0.50353   -3.8858e-15     -0.56503
_SET5_   23090     16   49524515   49891830   1060     101  395380      0.63099     0.053604   -3.8858e-15      0.63099
_SET5_   64400     16   53525192   53538323     17       4  391659     -0.65688      0.55666   -3.8858e-15     -0.65688
_SET5_   23322     16   53633818   53737771    212      21  403908     -0.44631      0.43916   -3.8858e-15     -0.44631
_SET5_   2775      16   56225251   56391356    443      47  395534      -1.3272      0.71512   -3.7748e-15      -1.3272
_SET5_   9688      16   56764017   56882637    249      29  399449      -1.4192      0.77316   -3.7748e-15      -1.4192
_SET5_   10300     16   57769623   57791162     71      16  396230      0.30953      0.20171   -3.8858e-15      0.30953
_SET5_   6483      16   70413338   70472991     60      20  383042       1.9104    0.0064741   -3.7748e-15       1.9104
_SET5_   23450     16   70557691   70611571     75       8  388463      0.36538      0.17437   -3.8858e-15      0.36538
_SET5_   5713      16   74330673   74340186     13       6  405555     -0.16174      0.36964   -3.8858e-15     -0.16174
_SET5_   79066     17    2319343    2415200    199      27  375952     -0.32631      0.38766   -3.8858e-15     -0.32631
_SET5_   51479     17    4066665    4167274    187      16  354223     -0.49137      0.44248   -3.8858e-15     -0.49137
_SET5_   56919     17    5344232    5372380     81      18  377517       1.1396     0.042767   -3.7748e-15       1.1396
_SET5_   51009     17    5377582    5389520     33       9  403288        1.903    0.0077107   -3.7748e-15        1.903
_SET5_   23399     17    7146906    7155259      6       2  411638      0.18466      0.26198   -3.8858e-15      0.18466
_SET5_   26168     17    7465309    7475287     22       7  370555       2.0336    0.0051169   -3.9968e-15       2.0336
_SET5_   6416      17   11924135   12047148    182      18  392986     -0.80408      0.56435   -3.8858e-15     -0.80408
_SET5_   60528     17   12894929   12921381    143       7  409349       1.6142     0.014938   -3.7748e-15       1.6142
_SET5_   9611      17   15933408   16118874    305      12  392677      -1.0341      0.63916   -3.7748e-15      -1.0341
_SET5_   23164     17   16945790   17095962    338      20  393812      0.72952     0.084498   -3.8858e-15      0.72952
_SET5_   26118     17   25621106   25640659     35       7  382071    -0.009369      0.29962   -3.8823e-15    -0.009369
_SET5_   57551     17   27717943   27878921    274      14  394149       1.3624     0.020463   -3.7748e-15       1.3624
_SET5_   4763      17   29421945   29704695    328       7  399522       1.0703     0.044016   -3.7748e-15       1.0703
_SET5_   84440     17   29718642   29865232    405      51  393420      0.77757     0.061875   -3.8858e-15      0.77757
_SET5_   5469      17   37560538   37607527     77       7  394053       1.8108     0.010005   -3.7748e-15       1.8108
_SET5_   6774      17   40465342   40540586    129      11  392470     -0.31171      0.38944   -3.8858e-15     -0.31171
_SET5_   10197     17   40985159   40995777      4       2  381098     -0.11991      0.40099   -3.8858e-15     -0.11991
_SET5_   7716      17   56048908   56065615     25       6  385840      0.22892      0.26381   -3.8858e-15      0.22892
_SET5_   6426      17   56078280   56084707     11       5  350915      0.20381      0.26811   -3.8858e-15      0.20381
_SET5_   4591      17   57059999   57184266    187      20  350189       1.7455     0.008418   -3.7748e-15       1.7455
_SET5_   6198      17   57970407   58027787     87      11  399373      0.98016     0.060146   -3.8858e-15      0.98016
_SET5_   63897     17   58118790   58156292     43       4  394338     -0.30194      0.47266   -3.8858e-15     -0.30194
_SET5_   11011     17   60554447   60692842    150      15  389409      0.40747      0.15168   -3.8858e-15      0.40747
_SET5_   80774     17   61773249   61778527      5       3  365461     -0.43984      0.49161   -3.8858e-15     -0.43984
_SET5_   6397      17   75084725   75213183    445      42  384496     -0.76124      0.50399   -3.8858e-15     -0.76124
_SET5_   57690     17   76000194   76104916    178      21  379830     -0.66486      0.53642   -3.8858e-15     -0.66486
_SET5_   57674     17   78234643   78372586    420      48  373644      0.47998      0.10971   -3.8858e-15      0.47998
_SET5_   10966     17   80614943   80656598    147      28  377553     -0.68666      0.51454   -3.8858e-15     -0.68666
_SET5_   23347     18    2655886    2805015    535      20  396261     -0.65432      0.44691   -3.8858e-15     -0.65432
_SET5_   23136     18    5392380    5630662    657      59  387113     -0.21649       0.2618   -3.8858e-15     -0.21649
_SET5_   9218      18    9913955    9960018    127      19  404478       1.3418     0.026479   -3.7748e-15       1.3418
_SET5_   147495    18   10454625   10488698    110      17  404276     -0.14093      0.30825   -3.8858e-15     -0.14093
_SET5_   56907     18   12446511   12661456    597      32  400166       0.7287     0.057856   -3.8858e-15       0.7287
_SET5_   8731      18   13726659   13764555     92      13  400788      0.31253      0.18914   -3.8858e-15      0.31253
_SET5_   2589      18   33207400   33291798    197      11  399987      -1.0014      0.67191   -3.7748e-15      -1.0014
_SET5_   6139      18   47014851   47018935     10       3  411530      -1.5489      0.86223   -3.7748e-15      -1.5489
_SET5_   4200      18   48405432   48476165    123      14  391724      -1.3733      0.77687   -3.7748e-15      -1.3733
_SET5_   4089      18   48556583   48611412     56       7  403619     -0.39288      0.44164   -3.8858e-15     -0.39288
_SET5_   57614     18   59854506   59974355    325      17  407304      0.99748     0.047607   -3.8858e-15      0.99748
_SET5_   2531      18   60994971   61034506     88      12  402312      0.62919      0.11137   -3.8858e-15      0.62919
_SET5_   8943      19    2100987    2151556    194      20  392422      0.82386     0.072175   -3.8858e-15      0.82386
_SET5_   166       19    3052908    3062964     33      10  394899      -1.1243      0.70908   -3.7748e-15      -1.1243
_SET5_   53637     19   10623418   10628668     16       7  393727      0.67409      0.11459   -3.8858e-15      0.67409
_SET5_   3609      19   10764937   10803095     49       7  392706       3.5365    2.216e-05   -3.9968e-15       3.5365
_SET5_   115950    19   11594242   11616738     70       7  364794       0.2042      0.27251   -3.8858e-15       0.2042
_SET5_   90379     19   14063319   14072256     10       5  352979      -1.0537      0.70225   -3.7748e-15      -1.0537
_SET5_   79575     19   17402940   17414282     34       7  371661     -0.16072      0.34483   -3.8858e-15     -0.16072
_SET5_   333       19   36358806   36370699     18       1  384013       1.1272      0.12806   -3.7748e-15       1.1272
_SET5_   55588     19   39881893   39891203     23       4  394079      -1.3001       0.7899   -3.7748e-15      -1.3001
_SET5_   26145     19   46386866   46389376      4       2  408965      -0.3392      0.49085   -3.8858e-15      -0.3392
_SET5_   65251     19   52392488   52408305     40       6  392783       1.7179     0.014793   -3.7748e-15       1.7179
_SET5_   58491     19   57106664   57135550    116      16  407294       -1.692      0.85971   -3.7748e-15       -1.692
_SET5_   7694      19   58570607   58581123     31       6  384842      -1.4456      0.81433   -3.7748e-15      -1.4456
_SET5_   182       20   10618332   10654694    113      24  392015      -1.1568      0.70139   -3.7748e-15      -1.1568
_SET5_   10483     20   18488188   18542059    171      13  393331      0.34886      0.17368   -3.8858e-15      0.34886
_SET5_   54453     20   19738254   19983103    878      96  396896        -1.39      0.68879   -3.7748e-15        -1.39
_SET5_   10137     20   34236847   34252878     41       7  382770        1.776     0.012379   -3.7748e-15        1.776
_SET5_   140710    20   35405845   35492087    113      23  380748       3.4261   2.4551e-05   -3.9968e-15       3.4261
_SET5_   58490     20   36661864   36756182    157      14  397287     -0.84994       0.6002   -3.8858e-15     -0.84994
_SET5_   84181     20   40030741   40247133    493      31  395792     -0.63925      0.45245   -3.8858e-15     -0.63925
_SET5_   10564     20   47538250   47653230    245      19  401481        1.478      0.01568   -3.7748e-15        1.478
_SET5_   3745      20   47988505   48099181    389      39  394555       4.9879   5.1677e-09   -3.5527e-15       4.9879
_SET5_   387521    20   48740274   48770335     41       9  394367      0.59202      0.12236   -3.8858e-15      0.59202
_SET5_   9217      20   56964175   57026157    165      18  406729     -0.27004       0.3627   -3.8858e-15     -0.27004
_SET5_   63939     20   58508819   58523735     10       5  350764      0.75278      0.12424   -3.8858e-15      0.75278
_SET5_   140700    20   62605466   62611182     17       2  396491       2.4136      0.00258   -3.9968e-15       2.4136
_SET5_   4685      21   22370633   22913892   1705      94  390789     -0.72743      0.27607   -3.8858e-15     -0.72743
_SET5_   757       21   34804793   34852316    153      10  399472     -0.51318      0.45935   -3.8858e-15     -0.51318
_SET5_   6453      21   35014706   35261609    410      59  394880      0.49748      0.10839   -3.8858e-15      0.49748
_SET5_   1859      21   38739859   38887679    368      21  395537       1.4538     0.015112   -3.7748e-15       1.4538
_SET5_   9619      21   43619799   43724497    370      54  393992        1.933    0.0038831   -3.7748e-15        1.933
_SET5_   104       21   46494493   46646478    407      27  394907        1.291     0.021355   -3.7748e-15        1.291
_SET5_   8888      21   47655047   47706211    141      17  398454       1.6302     0.011808   -3.7748e-15       1.6302
_SET5_   7353      22   19437464   19466818     74      10  403120      -1.2106      0.73724   -3.7748e-15      -1.2106
_SET5_   8216      22   21336558   21353326     45      13  397922      0.32845      0.17726   -3.8858e-15      0.32845
_SET5_   7332      22   21903736   21978323    107       6  380970     -0.26815       0.4044   -3.8858e-15     -0.26815
_SET5_   6634      22   24951618   24970932     37       7  300095      0.82355      0.12388   -3.8858e-15      0.82355
_SET5_   162       22   29723669   29784754    112      15  398901       0.2705      0.19042   -3.8858e-15       0.2705
_SET5_   23541     22   30792930   30821291     69      12  406548     0.091447       0.2532   -3.8858e-15     0.091447
_SET5_   23112     22   40440046   40731812    439      20  400753      -1.3342      0.71276   -3.7748e-15      -1.3342
_SET5_   158       22   40742504   40762577     29       8  381435       1.8931    0.0095355   -3.7748e-15       1.8931
_SET5_   64800     22   43924624   44208217    798      29  398092      0.17635       0.1344   -3.8858e-15      0.17635
_SET5_   25830     22   44220387   44258378    136      15  402667      -1.0093      0.65709   -3.7748e-15      -1.0093
_SET5_   29780     22   44395091   44565113    608      94  394727      -1.1136      0.62905   -3.7748e-15      -1.1136
_SET5_   23209     22   50497820   50524358    153      12  398675      0.89235     0.069411   -3.8858e-15      0.89235
