# ALPHA = 0.05
# NUMBER_OF_TESTS = 625

# _SET1_  VARIABLE = gtex__amygdala__M000 (set)
# _SET1_  NGENES = 547
# _SET1_  P-VALUE = 5.85393e-07
_SET1_   GENE        CHR      START       STOP  NSNPS  NPARAM       N        ZSTAT            P  ZFITTED_BASE  ZRESID_BASE
_SET1_   5590          1    1981909    2116834    347      21  105318       2.0418    0.0010624   -4.4409e-16       2.0418
_SET1_   8514          1    6052358    6161253    275      38  105318     -0.15084      0.21026   -3.8858e-16     -0.15084
_SET1_   26038         1    6161847    6240194    262      26  105318     -0.49429        0.326   -3.8858e-16     -0.49429
_SET1_   57449         1    6526152    6580121    126      19  105318       2.2343    0.0011642   -4.4409e-16       2.2343
_SET1_   22883         1    9789079    9884550    110      11  105318      0.13226      0.21226   -3.8858e-16      0.13226
_SET1_   5081          1   18957500   19075360    321      48  105318      0.38497     0.088762   -3.8858e-16      0.38497
_SET1_   57576         1   20990475   21044317    205      41  105318       1.1512     0.019968   -4.4409e-16       1.1512
_SET1_   8672          1   21132785   21503381    679      21  105318       1.9923   0.00051702   -4.4409e-16       1.9923
_SET1_   23028         1   23345937   23410184     67       7  105318     -0.64504      0.46504   -4.4409e-16     -0.64504
_SET1_   56181         1   26146397   26159433     29       2  105318      -1.3139      0.77879   -4.4409e-16      -1.3139
_SET1_   4985          1   29138654   29190208    159      17  105318       2.5016   0.00035038   -4.4409e-16       2.5016
_SET1_   10076         1   29563028   29653325    224      31  105318    -0.037665      0.19196   -3.9552e-16    -0.037665
_SET1_   2170          1   31838100   31845923     11       5  105318       2.9851   0.00018112   -4.4409e-16       2.9851
_SET1_   55108         1   32830704   32860062     18       9  105318     -0.40216      0.46537   -3.8858e-16     -0.40216
_SET1_   204           1   33473541   33502512     39       6  105318      0.37671      0.14495   -3.8858e-16      0.37671
_SET1_   127700        1   36883507   36916086    129       6  105318      0.14805      0.20238   -3.8858e-16      0.14805
_SET1_   5792          1   43991708   44089343    234      17  105318       4.0914   2.4239e-07             0       4.0914
_SET1_   1996          1   50513686   50669442    177      28  105318       3.6938   2.4694e-06   -4.4409e-16       3.6938
_SET1_   22996         1   51752930   51810785    103      20  105318      0.42998      0.13181   -3.8858e-16      0.42998
_SET1_   5865          1   52373628   52456436    157      18  105318      -1.0175      0.57673   -4.4409e-16      -1.0175
_SET1_   84251         1   66999066   67210768    736      25  105318     -0.18622       0.1228   -3.8858e-16     -0.18622
_SET1_   5733          1   71318036   71513497    585      40  105318      0.44059     0.048818   -3.8858e-16      0.44059
_SET1_   5567          1   84543745   84704181    232      21  105318         0.39     0.090959   -3.8858e-16         0.39
_SET1_   57535         1  109656585  109749403    321      31  105318      -2.5636      0.94141   -4.4409e-16      -2.5636
_SET1_   127002        1  110026533  110035426     10       3  105318     -0.34708      0.38991   -3.8858e-16     -0.34708
_SET1_   83873         1  110082494  110088487      7       2  105318      0.65689      0.11911   -4.4409e-16      0.65689
_SET1_   271           1  110162435  110174677     26       7  105318      0.21802      0.18112   -3.8858e-16      0.21802
_SET1_   10962         1  151032151  151040973     12       4  105318        1.356     0.024634   -4.4409e-16        1.356
_SET1_   1141          1  154540257  154552354     16       5  105318      0.78971     0.077984   -4.4409e-16      0.78971
_SET1_   654790        1  161228517  161255240    105      13  105318      0.85696     0.046902   -4.4409e-16      0.85696
_SET1_   23215         1  171454652  171562650    258      15  105318      0.17359      0.13978   -3.8858e-16      0.17359
_SET1_   26052         1  171810618  172387606   1345      65  105318      -0.3948     0.080701   -3.8858e-16      -0.3948
_SET1_   85397         1  182613036  182653502    103      12  105318       1.5762     0.011578   -4.4409e-16       1.5762
_SET1_   9887          1  183441506  183523328     94      17  105318       1.0079     0.034257   -4.4409e-16       1.0079
_SET1_   51022         1  193065595  193075659     20       5  105318       2.3004    0.0017424   -4.4409e-16       2.3004
_SET1_   5877          1  202847410  202858385     29       6  105318     -0.21441      0.31512   -3.8858e-16     -0.21441
_SET1_   493           1  203595915  203713209    261      29  105318     -0.48656      0.32759   -3.8858e-16     -0.48656
_SET1_   3756          1  210851657  211307457   1423      86  105318      -1.2679      0.30729   -4.4409e-16      -1.2679
_SET1_   2058          1  220141940  220220000    282      11  105318      0.14575      0.14371   -3.8858e-16      0.14575
_SET1_   79762         1  220863628  220872499     33       6  105318      0.56211      0.12131   -4.4409e-16      0.56211
_SET1_   51127         1  228594858  228604583     10       3  105318      -1.0935      0.70871   -4.4409e-16      -1.0935
_SET1_   79605         1  230457392  230561674    388      35  105318      0.52664     0.058326   -4.4409e-16      0.52664
_SET1_   80003         1  233119855  233431459   1087      56  105318      -1.0101      0.29324   -4.4409e-16      -1.0101
_SET1_   3775          1  233749750  233808258    179      35  105318      -1.8298      0.82122   -4.4409e-16      -1.8298
_SET1_   3964          1  236681514  236716281    204       8  105318     -0.46721      0.35681   -3.8858e-16     -0.46721
_SET1_   88            1  236849754  236927931    257      25  105318     -0.21239      0.23512   -3.8858e-16     -0.21239
_SET1_   64388         1  240652873  240775462    340      58  105318         -2.2      0.88866   -4.4409e-16         -2.2
_SET1_   6000          1  240938817  241520505   1857     142  105318    -0.078485     0.026761   -4.0246e-16    -0.078485
_SET1_   9859          1  243287730  243419284    158      13  105318       3.3011   1.6089e-05   -4.4409e-16       3.3011
_SET1_   10000         1  243651535  244014381    461      20  105318       4.4449   1.6437e-08             0       4.4449
_SET1_   23040         2    1792885    2335147    722      66  105318      0.85493     0.019925   -4.4409e-16      0.85493
_SET1_   3754          2   11052063   11054351      4       2  105318     -0.31672      0.40145   -3.8858e-16     -0.31672
_SET1_   3777          2   26915581   26954066     79      12  105318       1.5154    0.0095186   -4.4409e-16       1.5154
_SET1_   7781          2   27477440   27501093     38       8  105318       1.9465    0.0044109   -4.4409e-16       1.9465
_SET1_   29959         2   27651473   27665126     14       3  105318        2.276    0.0017679   -4.4409e-16        2.276
_SET1_   30845         2   31456880   31491260    112      14  105318      -1.2989      0.67952   -4.4409e-16      -1.2989
_SET1_   6546          2   40339286   40739575   1502      89  105318       2.8024   1.8866e-06   -4.4409e-16       2.8024
_SET1_   57504         2   42721709   43011080    689      26  105318      -1.0248      0.38086   -4.4409e-16      -1.0248
_SET1_   114800        2   56411258   56613309    626      50  105318      0.69399     0.029301   -4.4409e-16      0.69399
_SET1_   53335         2   60678302   60780633    160      31  105318       3.5539   4.3428e-06   -4.4409e-16       3.5539
_SET1_   23301         2   62900986   63273622    393      31  105318       2.0233    0.0011119   -4.4409e-16       2.0233
_SET1_   7360          2   64068084   64118696    115      20  105318     -0.52569      0.39205   -4.4409e-16     -0.52569
_SET1_   54812         2   64751439   64820139    124       8  105318      -0.4036      0.34894   -3.8858e-16      -0.4036
_SET1_   10505         2   74881355   74910981     27       5  105318     -0.63532      0.51833   -4.4409e-16     -0.63532
_SET1_   347730        2   80515481   80531718     26       7  105318      0.81013     0.060015   -4.4409e-16      0.81013
_SET1_   9168          2   85132763   85133799      3       1  105318      -0.8754      0.70171   -4.4409e-16      -0.8754
_SET1_   3631          2   99061321   99207496    211      11  105318       0.1504       0.1579   -3.8858e-16       0.1504
_SET1_   343990        2   99410309   99552684    364      19  105318     -0.49483      0.30598   -3.8858e-16     -0.49483
_SET1_   3899          2  100162326  100759037   1193      52  105318      0.46002     0.016035   -3.8858e-16      0.46002
_SET1_   23332         2  122095352  122407052    697      13  105318      -0.4088      0.24435   -3.8858e-16      -0.4088
_SET1_   50649         2  131594489  131804826    429      30  105318       1.4947    0.0055195   -4.4409e-16       1.4947
_SET1_   23518         2  136289036  136482839    128       8  105318   -0.0021859       0.2248   -3.9682e-16   -0.0021859
_SET1_   11249         2  139426727  139537811    344      42  105318       1.5869     0.005032   -4.4409e-16       1.5869
_SET1_   114793        2  153191684  153506348    952      58  105318      0.64614     0.017457   -4.4409e-16      0.64614
_SET1_   3760          2  155555093  155714864    478      54  105318      0.49565      0.05575   -3.8858e-16      0.49565
_SET1_   8502          2  159313476  159537941    626      21  105318       1.6982    0.0016436   -4.4409e-16       1.6982
_SET1_   57282         2  162480699  162841786    818      24  105318     0.099942     0.073518   -4.0246e-16     0.099942
_SET1_   2571          2  171673200  171717661    104      13  105318      -1.0756       0.6107   -4.4409e-16      -1.0756
_SET1_   1781          2  172543919  172606668    116      15  105318       3.1389   4.0661e-05   -4.4409e-16       3.1389
_SET1_   8604          2  172639915  172750816    247      25  105318       2.0729    0.0014265   -4.4409e-16       2.0729
_SET1_   1123          2  175664042  175870671    266      13  105318      0.82471     0.039383   -4.4409e-16      0.82471
_SET1_   5136          2  183004762  183387572   1124      48  105318       -0.742      0.18119   -4.4409e-16       -0.742
_SET1_   91752         2  185463093  185804214    697      27  105318       2.5558   6.0951e-05   -4.4409e-16       2.5558
_SET1_   51454         2  189156396  189460653    609      24  105318       1.2284    0.0078683   -4.4409e-16       1.2284
_SET1_   10152         2  204192597  204296892    143      19  105318      0.80617     0.052246   -4.4409e-16      0.80617
_SET1_   4133          2  210288733  210598842    735      29  105318       0.5421     0.036072   -4.4409e-16       0.5421
_SET1_   57574         2  217122585  217236750    276      27  105318      0.52757     0.065367   -4.4409e-16      0.52757
_SET1_   8941          2  219824350  219826877      6       1  105318       1.1865     0.084634   -4.4409e-16       1.1865
_SET1_   5798          2  220154345  220174295     37       6  105318      0.26825      0.18484   -3.8858e-16      0.26825
_SET1_   2043          2  222282747  222437010    392      34  105318     -0.13074       0.1702   -3.8858e-16     -0.13074
_SET1_   25791         2  233743396  233877951    518      40  105318       6.0885   1.9397e-13             0       6.0885
_SET1_   55054         2  234160217  234204320    105      10  105318      -2.5465      0.95922   -4.4409e-16      -2.5465
_SET1_   9208          2  238536224  238690290    600      36  105318      0.25971     0.072549   -3.8858e-16      0.25971
_SET1_   547           2  241653181  241759725    301      34  105318     -0.66151      0.37419   -4.4409e-16     -0.66151
_SET1_   10752         3     238279     451100    880      64  105318     -0.72402      0.25387   -4.4409e-16     -0.72402
_SET1_   3708          3    4535032    4889524   1186     131  105318    -0.064462     0.090045   -4.0246e-16    -0.064462
_SET1_   64419         3    9691117    9744078     73      12  105318      -1.3459      0.74979   -4.4409e-16      -1.3459
_SET1_   55845         3   10157333   10168874     51       4  105318       1.1585     0.044214   -4.4409e-16       1.1585
_SET1_   10533         3   11314010   11599139    631      19  105318      0.35746     0.056482   -3.8858e-16      0.35746
_SET1_   6138          3   23958295   23965187     11       5  105318      0.36083      0.15322   -3.8858e-16      0.36083
_SET1_   114884        3   31702317   32023342   1026     101  105318     -0.32887      0.14599   -3.8858e-16     -0.32887
_SET1_   25827         3   33318934   33445505    255      16  105318       2.4683   0.00042924   -4.4409e-16       2.4683
_SET1_   23122         3   33537737   33759705    321      22  105318       1.4379     0.007814   -4.4409e-16       1.4379
_SET1_   10777         3   35680666   35835988    306      28  105318     -0.24084      0.22515   -3.8858e-16     -0.24084
_SET1_   4336          3   39509064   39570988    284       7  105318      -1.8882      0.85478   -4.4409e-16      -1.8882
_SET1_   51304         3   44956753   45017674     69       9  105318    -0.073464      0.24137   -4.0246e-16    -0.073464
_SET1_   4134          3   47892180   48130769    222      14  105318       1.0178     0.028448   -4.4409e-16       1.0178
_SET1_   79012         3   49895414   49907655     16       4  105318       1.6547    0.0094751   -4.4409e-16       1.6547
_SET1_   1795          3   50712672   51421629   1207      15  105318     -0.60266       0.1563   -4.4409e-16     -0.60266
_SET1_   2912          3   51741081   51752629      3       2  105318      0.47815      0.23296   -3.8858e-16      0.47815
_SET1_   8314          3   52435020   52444121      5       2  105318      0.72397      0.12107   -4.4409e-16      0.72397
_SET1_   26059         3   55542336   56502391   2837      98  105318      0.12014    0.0055838   -4.0246e-16      0.12014
_SET1_   8618          3   62384021   62861064   1780      89  105318       1.5652   0.00014393   -4.4409e-16       1.5652
_SET1_   6092          3   75955845   77699115   5029     205  105318     -0.14072     0.012951   -3.8858e-16     -0.14072
_SET1_   84100         3   97483365   97520086     74      10  105318       1.1202     0.030732   -4.4409e-16       1.1202
_SET1_   11259         3   99551988   99833349    351      21  105318     -0.14915      0.19886   -3.8858e-16     -0.14915
_SET1_   961           3  107761941  107809935     94      16  105318       2.4968   0.00047845   -4.4409e-16       2.4968
_SET1_   55081         3  107879659  107941417    327       6  105318       2.1626    0.0015455   -4.4409e-16       2.1626
_SET1_   111           3  123001143  123167924    335      24  105318      -1.2024      0.56345   -4.4409e-16      -1.2024
_SET1_   64770         3  123616152  123680255     76       8  105318     -0.14555      0.27071   -3.8858e-16     -0.14555
_SET1_   55764         3  129158671  129239350    160       7  105318     -0.90309      0.58969   -4.4409e-16     -0.90309
_SET1_   131034        3  131252413  131759152   2038      62  105318      -1.3864      0.15425   -4.4409e-16      -1.3864
_SET1_   344838        3  142680073  142682818      7       2  105318      -0.7382      0.69102   -4.4409e-16      -0.7382
_SET1_   5217          3  149682691  149688741      6       2  105318     0.044791      0.26049   -3.9552e-16     0.044791
_SET1_   5912          3  152880001  152888413      9       5  105318      0.63149     0.097072   -4.4409e-16      0.63149
_SET1_   170506        3  153993452  154042286     80      11  105318      0.29309      0.14229   -3.8858e-16      0.29309
_SET1_   51319         3  157823690  158262624   1331      19  105318      -2.1892      0.63141   -4.4409e-16      -2.1892
_SET1_   401097        3  159943423  159946000      4       2  105318     -0.10116      0.38533   -4.0246e-16     -0.10116
_SET1_   165679        3  161062580  161090662    110      15  105318       3.6727   3.6409e-06   -4.4409e-16       3.6727
_SET1_   57552         3  172348435  172429207    233      37  105318       0.6371     0.055093   -4.4409e-16       0.6371
_SET1_   1857          3  183873099  183891314     34       8  105318       0.9632     0.043974   -4.4409e-16       0.9632
_SET1_   94032         3  183977003  183979251      4       2  105318      -1.6545      0.85742   -4.4409e-16      -1.6545
_SET1_   1981          3  184032283  184053146     30      11  105318     0.035382      0.21925   -3.9552e-16     0.035382
_SET1_   8646          3  184097861  184107617     17       5  105318      0.53311      0.11568   -4.4409e-16      0.53311
_SET1_   4241          3  196728611  196756687     75      13  105318      0.16868      0.17164   -3.8858e-16      0.16868
_SET1_   10336         4     699537     764428    262      24  105318       3.0983   2.6656e-05   -4.4409e-16       3.0983
_SET1_   5522          4    6322305    6565327    883      80  105318     -0.46072      0.18633   -3.8858e-16     -0.46072
_SET1_   84448         4    7967037    8160559    729      97  105318     -0.96713       0.4292   -4.4409e-16     -0.96713
_SET1_   9079          4   16503164   16900424   1040     101  105318     -0.69818      0.24651   -4.4409e-16     -0.69818
_SET1_   57495         4   37246690   37451087    673      58  105318      0.37518     0.054016   -3.8858e-16      0.37518
_SET1_   3815          4   55524095   55606881    187      26  105318     -0.22699      0.24676   -3.8858e-16     -0.22699
_SET1_   84273         4   57829516   57843826     43      10  105318      -1.4217      0.74494   -4.4409e-16      -1.4217
_SET1_   2044          4   66185281   66536529   1288      58  105318       1.9539   0.00010438   -4.4409e-16       1.9539
_SET1_   345079        4   77816082   77819002      7       2  105318      0.31315       0.1877   -3.8858e-16      0.31315
_SET1_   55752         4   77870895   77961307    234      19  105318      -1.1308      0.57893   -4.4409e-16      -1.1308
_SET1_   80144         4   78978724   79465423   1681      46  105318     -0.87499      0.10084   -4.4409e-16     -0.87499
_SET1_   56978         4   81105033   81125483     64      10  105318       1.6961    0.0075188   -4.4409e-16       1.6961
_SET1_   266812        4   89617066   89619023      5       3  105318     -0.30976      0.38695   -3.8858e-16     -0.30976
_SET1_   6622          4   90645250   90759447    365      22  105318       1.2422     0.011879   -4.4409e-16       1.2422
_SET1_   133308        4  103946647  103998480     49      14  105318       3.2195   3.1289e-05   -4.4409e-16       3.2195
_SET1_   287           4  113739239  114304896   1618     122  105318       0.4334     0.013015   -3.8858e-16       0.4334
_SET1_   817           4  114372188  114683669    723      53  105318     0.025466     0.097491   -3.9552e-16     0.025466
_SET1_   79625         4  121956782  121993673     98      15  105318     -0.66055      0.44344   -4.4409e-16     -0.66055
_SET1_   132332        4  122680085  122686516     22       6  105318      -1.1367      0.67285   -4.4409e-16      -1.1367
_SET1_   84162         4  123073488  123283914    285      20  105318      0.67745     0.055005   -4.4409e-16      0.67745
_SET1_   23158         4  141541936  141677471    331      31  105318     -0.85109      0.43206   -4.4409e-16     -0.85109
_SET1_   8821          4  142949181  143767604   2218      80  105318       2.1236   2.2296e-06   -4.4409e-16       2.1236
_SET1_   166614        4  150999426  151178609    516      35  105318    -0.093328      0.14606   -4.0246e-16    -0.093328
_SET1_   59350         4  159442866  159574524    159      10  105318     -0.79647      0.52151   -4.4409e-16     -0.79647
_SET1_   442117        4  172734575  173961559   2806     100  105318      -2.5575      0.54744   -4.4409e-16      -2.5575
_SET1_   8470          4  186506598  186877870   1560     124  105318      -1.4565      0.38446   -4.4409e-16      -1.4565
_SET1_   134111        5    6437460    6496834    191      38  105318     -0.20235      0.25566   -3.8858e-16     -0.20235
_SET1_   6715          5    6633500    6669675    146      17  105318      0.76443     0.052533   -4.4409e-16      0.76443
_SET1_   1501          5   10971952   11904155   2425     174  105318     -0.96631     0.083326   -4.4409e-16     -0.96631
_SET1_   55322         5   31532373   31555165     63      13  105318       0.2436      0.15435   -3.8858e-16       0.2436
_SET1_   345557        5   41307048   41510730    490      38  105318      0.49385     0.057706   -3.8858e-16      0.49385
_SET1_   10605         5   43526369   43557521     55       6  105318     -0.36076      0.35227   -3.8858e-16     -0.36076
_SET1_   348980        5   45255052   45696220    405      19  105318       5.0258   6.8506e-10             0       5.0258
_SET1_   115827        5   57877950   58155221    857      55  105318     0.077366     0.067329   -4.0246e-16     0.077366
_SET1_   3350          5   63255875   63258119      4       2  105318       1.1213     0.041277   -4.4409e-16       1.1213
_SET1_   4208          5   88014058   88199922    322      24  105318       2.5704   0.00017564   -4.4409e-16       2.5704
_SET1_   5122          5   95726040   95768985     68       9  105318       1.1251     0.028102   -4.4409e-16       1.1251
_SET1_   5066          5  102201527  102366809    254      13  105318      -1.4971      0.73209   -4.4409e-16      -1.4971
_SET1_   55521         5  114460459  114516243    136      18  105318      0.39937      0.10882   -3.8858e-16      0.39937
_SET1_   10307         5  139937853  139944189      5       2  105318    -0.028638      0.30031   -3.9552e-16    -0.028638
_SET1_   56134         5  140345747  140391929     60      13  105318       2.2992    0.0012445   -4.4409e-16       2.2992
_SET1_   815           5  149599054  149669403    134      22  105318      0.22328      0.13685   -3.8858e-16      0.22328
_SET1_   2890          5  152870084  153193429   1222      65  105318     -0.89239      0.21344   -4.4409e-16     -0.89239
_SET1_   134353        5  157170755  157183746     28       6  105318      -1.9571      0.89367   -4.4409e-16      -1.9571
_SET1_   2561          5  160715426  160975130    611      38  105318      -2.0861      0.82131   -4.4409e-16      -2.0861
_SET1_   2554          5  161274197  161326965    132      15  105318     -0.21747      0.27123   -3.8858e-16     -0.21747
_SET1_   2566          5  161494648  161582545    161      27  105318       1.8526    0.0032106   -4.4409e-16       1.8526
_SET1_   57179         5  175773065  175788809     25       6  105318     -0.25805      0.33087   -3.8858e-16     -0.25805
_SET1_   114787        5  176022803  176044339     32      11  105318     -0.76038      0.50952   -4.4409e-16     -0.76038
_SET1_   6620          5  176047210  176057557     16       4  105318      0.43715      0.13328   -3.8858e-16      0.43715
_SET1_   10636         5  176784704  176799599     18       4  105318      -1.0321      0.64616   -4.4409e-16      -1.0321
_SET1_   23138         5  177540556  177553107     30       9  105318        1.162     0.029285   -4.4409e-16        1.162
_SET1_   51149         5  179263927  179285867     75      12  105318      0.43173      0.11553   -3.8858e-16      0.43173
_SET1_   63027         6    3269207    3456954    720      68  105318      0.48029     0.041826   -3.8858e-16      0.48029
_SET1_   221692        6   12716888   13290476   1347      64  105318      -1.4798       0.3785   -4.4409e-16      -1.4798
_SET1_   10486         6   17393447   17558023    405      37  105318    -0.049973      0.14955   -3.9552e-16    -0.049973
_SET1_   29993         6   34433838   34503000    144      23  105318      0.87049     0.041068   -4.4409e-16      0.87049
_SET1_   221424        6   43474703   43478081      5       2  105318       2.7681   0.00095336   -4.4409e-16       2.7681
_SET1_   90523         6   53883714   54131078    520      26  105318     -0.78048      0.36139   -4.4409e-16     -0.78048
_SET1_   22999         6   72596406   73112845   1351      43  105318      0.86711    0.0033412   -4.4409e-16      0.86711
_SET1_   56479         6   73331571   73908574   1447      98  105318       2.4378     1.58e-05   -4.4409e-16       2.4378
_SET1_   6785          6   80624529   80657315    108      10  105318     -0.22638      0.32214   -3.8858e-16     -0.22638
_SET1_   112611        6   83903032   83908654      4       2  105318       1.3008     0.030123   -4.4409e-16       1.3008
_SET1_   9892          6   84262604   84419127    283      18  105318       5.8016   6.8375e-12             0       5.8016
_SET1_   3354          6   87647024   87726397    171      16  105318     0.069414      0.20145   -4.0246e-16     0.069414
_SET1_   1268          6   88849583   88876063     54      14  105318     -0.32273      0.32141   -3.8858e-16     -0.32273
_SET1_   2045          6   93949738   94129302    436      50  105318       1.0555     0.017059   -4.4409e-16       1.0555
_SET1_   2898          6  101841584  102517958   1972     110  105318     -0.14905     0.023243   -3.8858e-16     -0.14905
_SET1_   23270         6  116571127  116575261     11       3  105318     -0.13832      0.30724   -3.8858e-16     -0.13832
_SET1_   85021         6  139225620  139309419    281      16  105318      -0.7895      0.44882   -4.4409e-16      -0.7895
_SET1_   2911          6  146286032  146758782    895      39  105318     -0.48006      0.16641   -3.8858e-16     -0.48006
_SET1_   4988          6  154331631  154568001    682      49  105318      -1.0609      0.42513   -4.4409e-16      -1.0609
_SET1_   26230         6  155316488  155578857   1005      87  105318     -0.52785      0.18366   -4.4409e-16     -0.52785
_SET1_   84498         6  170615812  170716155    252      15  105318       2.2392   0.00090847   -4.4409e-16       2.2392
_SET1_   155185        7    2719163    2755069    171      33  105318     -0.47239       0.3356   -3.8858e-16     -0.47239
_SET1_   26100         7    5229835    5273486    149      22  105318      0.40874      0.10538   -3.8858e-16      0.40874
_SET1_   1607          7   14184674   14943281   2406     128  105318      0.56607      0.00199   -4.4409e-16      0.56607
_SET1_   29887         7   26331515   26413949    229      28  105318      -1.5281       0.7228   -4.4409e-16      -1.5281
_SET1_   63974         7   31377075   31380538      5       2  105318       2.4891    0.0010786   -4.4409e-16       2.4891
_SET1_   23072         7   43152198   43603213   1378     100  105318      -3.1737      0.93056   -4.4409e-16      -3.1737
_SET1_   816           7   44256749   44365230    284      24  105318     -0.32061       0.2572   -3.8858e-16     -0.32061
_SET1_   83637         7   44788168   44809480     31       7  105318       1.1087     0.032693   -4.4409e-16       1.1087
_SET1_   83605         7   45039345   45116069    252      14  105318      0.17054       0.1452   -3.8858e-16      0.17054
_SET1_   375567        7   49813257   49961546    310      30  105318     -0.48792      0.30658   -3.8858e-16     -0.48792
_SET1_   2887          7   50657760   50861159    647      30  105318       2.0646   0.00043238   -4.4409e-16       2.0646
_SET1_   51085         7   73007524   73038903     73       9  105318      0.99738     0.044885   -4.4409e-16      0.99738
_SET1_   84277         7   73095248   73097781     13       3  105318      -0.4916      0.44536   -3.8858e-16      -0.4916
_SET1_   6804          7   73113535   73134032     33       8  105318     -0.19166      0.28967   -3.8858e-16     -0.19166
_SET1_   7532          7   75956108   75988342     65      10  105318     -0.80741      0.51343   -4.4409e-16     -0.80741
_SET1_   27445         7   82383321   82792197   1151      44  105318       3.4005   1.7175e-07   -4.4409e-16       3.4005
_SET1_   5218          7   90225681   90839905   1895      60  105318     -0.13782     0.016347   -3.8858e-16     -0.13782
_SET1_   440           7   97481429   97501854     64      12  105318       1.2511       0.0204   -4.4409e-16       1.2511
_SET1_   222865        7   98444111   98467673     39       6  105318      0.11262      0.22839   -4.0246e-16      0.11262
_SET1_   222950        7  100081550  100092425     21       6  105318      0.82461     0.068745   -4.4409e-16      0.82461
_SET1_   7036          7  100218039  100240332     35       7  105318       3.1187   6.4046e-05   -4.4409e-16       3.1187
_SET1_   5649          7  103112231  103629963   1970     102  105318      0.52533    0.0031983   -4.4409e-16      0.52533
_SET1_   375612        7  103969104  104549005   1773      92  105318       2.6795   1.0457e-06   -4.4409e-16       2.6795
_SET1_   6733          7  104754048  105039614    508      17  105318       4.7388   1.9269e-09             0       4.7388
_SET1_   1738          7  107531586  107561643     57       6  105318      -1.0702      0.63131   -4.4409e-16      -1.0702
_SET1_   3912          7  107564244  107643804    170      29  105318      -1.7066       0.7841   -4.4409e-16      -1.7066
_SET1_   4897          7  107788071  108096841   1075      47  105318       1.1787    0.0027892   -4.4409e-16       1.1787
_SET1_   8976          7  123321981  123389125    146      12  105318       1.6381    0.0063907   -4.4409e-16       1.6381
_SET1_   100130705     7  128506464  128512101     37       5  105318        1.876    0.0088042   -4.4409e-16        1.876
_SET1_   54927         7  132469623  132766839    551      21  105318       1.5263    0.0033123   -4.4409e-16       1.5263
_SET1_   1129          7  136553399  136703720    425      29  105318      0.60161     0.045126   -4.4409e-16      0.60161
_SET1_   55750         7  141251078  141354209    140      10  105318      -1.1267      0.66617   -4.4409e-16      -1.1267
_SET1_   26047         7  145813453  148118090   8098     284  105318     0.086252    0.0063517   -4.0246e-16     0.086252
_SET1_   116988        7  150782918  150841523    142      19  105318       2.3298   0.00068336   -4.4409e-16       2.3298
_SET1_   51422         7  151253200  151574316   1089     121  105318     -0.20991       0.1258   -3.8858e-16     -0.20991
_SET1_   64327         7  156470537  156685902    710      27  105318     -0.88376      0.35314   -4.4409e-16     -0.88376
_SET1_   10049         7  157129692  157210133    256      18  105318     -0.15492      0.21205   -3.8858e-16     -0.15492
_SET1_   9228          8     877021    1656642      1       1  105318       1.0619       0.0515   -4.4409e-16       1.0619
_SET1_   9172          8    1993082    2093380    713      77  105318      0.47912     0.047788   -3.8858e-16      0.47912
_SET1_   64478         8    2792875    4852328  16354     553  105318        3.208   6.0246e-09   -4.4409e-16        3.208
_SET1_   2039          8   21906660   21940036    113      11  105318      -2.5298      0.96636   -4.4409e-16      -2.5298
_SET1_   23221         8   22844930   22877710     75      15  105318     -0.89771      0.55116   -4.4409e-16     -0.89771
_SET1_   4741          8   24770712   24776607      4       2  105318      -1.8498      0.90979   -4.4409e-16      -1.8498
_SET1_   286133        8   27727399   27850369    520      47  105318      -1.1949      0.51536   -4.4409e-16      -1.1949
_SET1_   137970        8   35092975   35654068    903      44  105318      -1.4772      0.51008   -4.4409e-16      -1.4772
_SET1_   79698         8   40388109   40755345   1158      73  105318       1.1271     0.003228   -4.4409e-16       1.1271
_SET1_   286           8   41510744   41754280    723      65  105318     -0.23882      0.15571   -3.8858e-16     -0.23882
_SET1_   7419          8   42249279   42263455     13       4  105318      -1.2658      0.80882   -4.4409e-16      -1.2658
_SET1_   4986          8   54138276   54164257    139      12  105318      -1.0762      0.63928   -4.4409e-16      -1.0762
_SET1_   9312          8   73449626   73850584   1141      66  105318      -2.4381      0.79974   -4.4409e-16      -2.4381
_SET1_   27067         8   74332604   74659943    939      40  105318       2.1148    0.0001597   -4.4409e-16       2.1148
_SET1_   7163          8   80947103   81083836    409      19  105318     -0.30788      0.21713   -3.8858e-16     -0.30788
_SET1_   79752         8   82613566   82633539     69      12  105318      -2.4509      0.95661   -4.4409e-16      -2.4509
_SET1_   138046        8   85095453   85834079   1546      47  105318     -0.57635     0.075756   -4.4409e-16     -0.57635
_SET1_   85453         8   98285714   98290192     11       5  105318      -1.8312      0.87738   -4.4409e-16      -1.8312
_SET1_   7534          8  101930804  101965717     84       9  105318       2.0256    0.0029155   -4.4409e-16       2.0256
_SET1_   25879         8  104426942  104455681     72       8  105318      0.68145     0.076172   -4.4409e-16      0.68145
_SET1_   340419        8  108911544  109095913    467      40  105318     -0.96873      0.44427   -4.4409e-16     -0.96873
_SET1_   3646          8  109213972  109260959    135      10  105318      0.68469     0.064877   -4.4409e-16      0.68469
_SET1_   55638         8  110586405  110704020    259      18  105318       1.3356     0.012979   -4.4409e-16       1.3356
_SET1_   51571         8  130851839  131028897    339      30  105318        3.259   9.1786e-06   -4.4409e-16        3.259
_SET1_   7038          8  133879149  134147146    887      46  105318      -3.0444      0.94103   -4.4409e-16      -3.0444
_SET1_   6503          8  134048973  134115604    276      17  105318      -1.8711      0.81534   -4.4409e-16      -1.8711
_SET1_   57210         8  142217273  142310241    336      38  105318      0.62808       0.0496   -4.4409e-16      0.62808
_SET1_   9684          8  145743349  145750562     11       4  105318       1.1944     0.028014   -4.4409e-16       1.1944
_SET1_   55871         9     121038     179077     66       7  105318      0.96542     0.049028   -4.4409e-16      0.96542
_SET1_   5789          9    8314246   10612723   9936     435  105318  -0.00064002    0.0068961   -3.9671e-16  -0.00064002
_SET1_   158038        9   27948084   29212998   4617     161  105318     -0.57267     0.041184   -4.4409e-16     -0.57267
_SET1_   8395          9   71320188   71624092    870      41  105318       1.8862   0.00046205   -4.4409e-16       1.8862
_SET1_   101929748     9   95567667   95570649     15       4  105318    -0.065344      0.28428   -4.0246e-16    -0.065344
_SET1_   9568          9  101050364  101471479   1567     128  105318       3.6289   4.7077e-08   -4.4409e-16       3.6289
_SET1_   64420         9  114803061  114937577    325      31  105318     -0.54786      0.31926   -4.4409e-16     -0.54786
_SET1_   4702          9  124894745  124922098    103      12  105318      -1.4258      0.73469   -4.4409e-16      -1.4258
_SET1_   26468         9  124964856  124991166     42      12  105318     -0.02832      0.21793   -3.9552e-16     -0.02832
_SET1_   57706         9  126141933  126692423   1243      47  105318      -1.5497       0.4465   -4.4409e-16      -1.5497
_SET1_   6812          9  130374486  130454995     85      15  105318    0.0073005      0.22373   -3.9638e-16    0.0073005
_SET1_   114789        9  130830479  130871537    111       2  105318     -0.49333      0.50266   -3.8858e-16     -0.49333
_SET1_   445           9  133320094  133376661    134      24  105318       1.0841     0.025499   -4.4409e-16       1.0841
_SET1_   10439         9  137967089  138013030    206      34  105318     -0.49158      0.34072   -3.8858e-16     -0.49158
_SET1_   57582         9  138594031  138684993    329      34  105318       1.0947      0.01819   -4.4409e-16       1.0947
_SET1_   54461         9  139834885  139839298      6       2  105318     -0.63221      0.49945   -4.4409e-16     -0.63221
_SET1_   20            9  139901686  139923374     34       8  105318     -0.70792      0.50241   -4.4409e-16     -0.70792
_SET1_   2902          9  140033609  140063214     27       3  105318       1.1792     0.033908   -4.4409e-16       1.1792
_SET1_   5209         10    6186843    6277508    317      66  105318      0.30431      0.10751   -3.8858e-16      0.30431
_SET1_   2572         10   26505236   26593491    204      13  105318     -0.56552      0.39456   -4.4409e-16     -0.56552
_SET1_   221002       10   43689983   43762367    257      20  105318      -2.0257      0.86498   -4.4409e-16      -2.0257
_SET1_   26095        10   48737042   48827942      1       1  105318     -0.54201        0.473   -4.4409e-16     -0.54201
_SET1_   100287932    10   51592080   51623386      6       3  105318      -1.6906      0.85328   -4.4409e-16      -1.6906
_SET1_   220202       10   69990352   69991870      3       2  105318       -0.711      0.55307   -4.4409e-16       -0.711
_SET1_   818          10   75572259   75634349     69       7  105318      -2.8254      0.98207   -4.4409e-16      -2.8254
_SET1_   3778         10   78629359   79397577   2042     142  105318      0.41884    0.0049217   -3.8858e-16      0.41884
_SET1_   55361        10   99400443   99436187     73       7  105318     -0.71373      0.49611   -4.4409e-16     -0.71373
_SET1_   30819        10  103585731  103603769     24       7  105318       3.0238   9.4512e-05   -4.4409e-16       3.0238
_SET1_   9118         10  105036919  105050108     20       5  105318       3.5098   1.1881e-05   -4.4409e-16       3.5098
_SET1_   255022       10  105213144  105218648     12       5  105318       2.4048    0.0009634   -4.4409e-16       2.4048
_SET1_   143187       10  114206756  114578503    767      77  105318      0.27061     0.068249   -3.8858e-16      0.27061
_SET1_   64077        10  126150341  126302710    817      51  105318      0.34989     0.041346   -3.8858e-16      0.34989
_SET1_   85442        10  134973971  135039916    258      18  105318      -0.2399       0.2335   -3.8858e-16      -0.2399
_SET1_   79751        11     790475     798269     10       5  105318      -1.7618      0.87093   -4.4409e-16      -1.7618
_SET1_   9645         11   12132138   12285335    601      61  105318       1.4418    0.0044303   -4.4409e-16       1.4418
_SET1_   3746         11   17757495   17804602    110      16  105318     -0.48046      0.36599   -3.8858e-16     -0.48046
_SET1_   57586        11   45261853   45307884    126      14  105318       1.6536     0.006368   -4.4409e-16       1.6536
_SET1_   8525         11   46354455   46402104     44       9  105318       6.4147   5.6984e-13             0       6.4147
_SET1_   79096        11   46958240   47185932    292      16  105318       2.7927   9.7727e-05   -4.4409e-16       2.7927
_SET1_   26007        11   61100654   61120898      7       4  105318        0.897     0.096214   -4.4409e-16        0.897
_SET1_   2785         11   62475066   62476678      1       1  105318       2.4174       0.0052   -4.4409e-16       2.4174
_SET1_   2011         11   63606400   63678492    106       9  105318       2.6371   0.00030239   -4.4409e-16       2.6371
_SET1_   9379         11   64373646   64490660    140      11  105318       2.3243   0.00096545   -4.4409e-16       2.3243
_SET1_   113130       11   64833772   64851635     37      11  105318      -0.6458      0.46635   -4.4409e-16      -0.6458
_SET1_   9610         11   66099535   66104000     12       4  105318       0.1181       0.2281   -4.0246e-16       0.1181
_SET1_   582          11   66278077   66301084     44       5  105318      0.15675      0.20185   -3.8858e-16      0.15675
_SET1_   6712         11   66449967   66496716     39      14  105318       1.5102     0.011419   -4.4409e-16       1.5102
_SET1_   55291        11   68228186   68382802    298      14  105318       2.4781   0.00035056   -4.4409e-16       2.4781
_SET1_   9633         11   68474908   68518988     68       6  105318       2.0168    0.0032294   -4.4409e-16       2.0168
_SET1_   22941        11   70313961   70935808   1779     124  105318      -1.6345      0.38745   -4.4409e-16      -1.6345
_SET1_   100507050    11   74951950   74954749      4       1  105318    -0.082152      0.49358   -4.0246e-16    -0.082152
_SET1_   5058         11   77033060   77185108    322      14  105318      -2.1507      0.88471   -4.4409e-16      -2.1507
_SET1_   1740         11   83166055   85338314   5980     176  105318      0.26516    0.0052497   -3.8858e-16      0.26516
_SET1_   54843        11   85405264   85522197    266      16  105318     -0.03277      0.18947   -3.9552e-16     -0.03277
_SET1_   10873        11   86152150   86383678    959      50  105318     -0.21357      0.10119   -3.8858e-16     -0.21357
_SET1_   399947       11  109292570  109299893      5       3  105318       1.8049    0.0073051   -4.4409e-16       1.8049
_SET1_   9177         11  113775518  113817283    123      17  105318      0.55311     0.092165   -4.4409e-16      0.55311
_SET1_   3359         11  113845797  113861035     50      10  105318      0.10562      0.20798   -4.0246e-16      0.10562
_SET1_   7070         11  119288655  119294246     11       2  105318     -0.61915      0.51567   -4.4409e-16     -0.61915
_SET1_   55800        11  123499895  123525315     93      16  105318     -0.72951      0.47432   -4.4409e-16     -0.72951
_SET1_   654429       12    1929433    1945919     55      17  105318      0.42223      0.10817   -3.8858e-16      0.42223
_SET1_   196500       12    6802957    6810009      7       3  105318      -1.4534      0.85322   -4.4409e-16      -1.4534
_SET1_   55359        12   10771538   10826917    145       8  105318       1.1037     0.027153   -4.4409e-16       1.1037
_SET1_   2904         12   13713684   14133022   1321      86  105318     0.023571     0.043673   -3.9552e-16     0.023571
_SET1_   2059         12   15773075   15942510    143      22  105318    -0.051585      0.24067   -3.9552e-16    -0.051585
_SET1_   55885        12   16701306   16761148     64      18  105318      0.93869     0.039138   -4.4409e-16      0.93869
_SET1_   54477        12   19282626   19529334    617      31  105318      -1.6959      0.71128   -4.4409e-16      -1.6959
_SET1_   9847         12   22601511   22697452    154       6  105318      0.54815      0.12903   -4.4409e-16      0.54815
_SET1_   4033         12   25205181   25261269    205      28  105318     -0.91574      0.49468   -4.4409e-16     -0.91574
_SET1_   55711        12   29301936   29488549    581      27  105318      0.83141     0.019662   -4.4409e-16      0.83141
_SET1_   10059        12   32832134   32898584    244       4  105318      -2.0377      0.90887   -4.4409e-16      -2.0377
_SET1_   4753         12   44902058   45307711    922      49  105318       -1.202      0.39505   -4.4409e-16       -1.202
_SET1_   387856       12   48577366   48579709      5       2  105318    -0.021959      0.27907   -3.9552e-16    -0.021959
_SET1_   784          12   49208215   49222726     21       9  105318      0.81193     0.059598   -4.4409e-16      0.81193
_SET1_   23416        12   49932834   49952091     40       6  105318       1.6397     0.012031   -4.4409e-16       1.6397
_SET1_   6334         12   51984050   52206648    384      25  105318       1.0599     0.021279   -4.4409e-16       1.0599
_SET1_   27165        12   56864728   56882198     21       6  105318      0.36042      0.14274   -3.8858e-16      0.36042
_SET1_   6866         12   57403781   57410344     11       3  105318      0.90439     0.079267   -4.4409e-16      0.90439
_SET1_   23329        12   65218352   65274802     68      13  105318    -0.093387       0.2681   -4.0246e-16    -0.093387
_SET1_   5801         12   71031853   71314584    863      76  105318       0.8163     0.017146   -4.4409e-16       0.8163
_SET1_   29953        12   72666314   73059422    803      34  105318      0.27131     0.050191   -3.8858e-16      0.27131
_SET1_   552889       12   74931551   74935232      7       3  105318       1.1397     0.040296   -4.4409e-16       1.1397
_SET1_   3747         12   75433858   75603584    439      31  105318       0.1422      0.10878   -3.8858e-16       0.1422
_SET1_   89795        12   78224685   78606790   1226      74  105318       -1.072       0.2794   -4.4409e-16       -1.072
_SET1_   6857         12   79257773   79845788   1285      57  105318       1.8683   0.00016087   -4.4409e-16       1.8683
_SET1_   490          12   89981826   90103130    194      22  105318     0.011839      0.19832   -3.9725e-16     0.011839
_SET1_   56899        12   99128569  100378512   3082     163  105318       3.4241   3.9782e-09   -4.4409e-16       3.4241
_SET1_   56994        12  102091417  102122852     79      16  105318      -1.2949      0.68715   -4.4409e-16      -1.2949
_SET1_   9671         12  108523511  108644314    317      26  105318        2.487   0.00025148   -4.4409e-16        2.487
_SET1_   55530        12  109304658  109372453    243      28  105318    -0.027754      0.17729   -3.9552e-16    -0.027754
_SET1_   51699        12  110929330  110939916     11       3  105318       4.1107   1.7999e-06             0       4.1107
_SET1_   22895        12  113229343  113336686    174      20  105318      0.13882      0.14953   -3.8858e-16      0.13882
_SET1_   283455       12  117890817  118406399   1773     165  105318       1.1832    0.0008363   -4.4409e-16       1.1832
_SET1_   11113        12  120123595  120315095    474      32  105318      0.79028     0.028471   -4.4409e-16      0.79028
_SET1_   9478         12  121078422  121105129     84      16  105318       1.8952    0.0033243   -4.4409e-16       1.8952
_SET1_   64897        12  121440835  121454300     53      12  105318       2.0541    0.0023762   -4.4409e-16       2.0541
_SET1_   10645        12  121675495  121736111    167      27  105318       2.3841    0.0005544   -4.4409e-16       2.3841
_SET1_   54509        12  122215660  122231594     41       5  105318       1.8483    0.0066977   -4.4409e-16       1.8483
_SET1_   80212        12  124420955  124457373     81       7  105318       3.8037    2.788e-06   -4.4409e-16       3.8037
_SET1_   78988        13   21750372   21753223      3       2  105318      -1.0452      0.67813   -4.4409e-16      -1.0452
_SET1_   10810        13   27131840   27263082    415      23  105318      -0.8997      0.43713   -4.4409e-16      -0.8997
_SET1_   26960        13   35516424   36246874   1799      49  105318      -2.4159        0.598   -4.4409e-16      -2.4159
_SET1_   400120       13   37248049   37271976     50       9  105318     -0.41834      0.36996   -3.8858e-16     -0.41834
_SET1_   57511        13   40229764   40365802    360      16  105318       1.0691     0.018234   -4.4409e-16       1.0691
_SET1_   11215        13   42846261   42897403    102      11  105318       1.0239     0.035143   -4.4409e-16       1.0239
_SET1_   283514       13   46354405   46425846    237      28  105318      0.57774     0.060584   -4.4409e-16      0.57774
_SET1_   79621        13   51483814   51544596    104      17  105318       1.0166     0.033891   -4.4409e-16       1.0166
_SET1_   5100         13   53418109   53422775      9       3  105318        2.961   0.00023191   -4.4409e-16        2.961
_SET1_   440145       13   73282495   73301938     28       8  105318        1.785    0.0060026   -4.4409e-16        1.785
_SET1_   4008         13   76194570   76434006    659      49  105318    -0.028062      0.11245   -3.9552e-16    -0.028062
_SET1_   22873        13   96230456   96296960     84      17  105318       1.0406     0.031816   -4.4409e-16       1.0406
_SET1_   266722       13   96743093   97491816   1688      64  105318       1.3332   0.00031988   -4.4409e-16       1.3332
_SET1_   23348        13   99445741   99738660    874      29  105318      -1.9652      0.69115   -4.4409e-16      -1.9652
_SET1_   728215       13  107820879  108519460   2402     211  105318       2.1282    2.943e-06   -4.4409e-16       2.1282
_SET1_   84502        14   24037244   24048009      9       2  105318      -1.1067      0.78704   -4.4409e-16      -1.1067
_SET1_   253959       14   36007558   36278432    341      14  105318      0.63255     0.061886   -4.4409e-16      0.63255
_SET1_   54331        14   52327022   52436518    381      42  105318      0.39391     0.075966   -3.8858e-16      0.39391
_SET1_   6710         14   65213001   65346604    485      41  105318     -0.58132      0.31241   -4.4409e-16     -0.58132
_SET1_   10243        14   66974125   67648525   2134      17  105318    -0.052402    0.0099367   -3.9552e-16    -0.052402
_SET1_   87           14   69340840   69446083    383      40  105318     -0.54226      0.31704   -4.4409e-16     -0.54226
_SET1_   56936        14   70036531   70041600      8       2  105318     -0.53043      0.51177   -4.4409e-16     -0.53043
_SET1_   23508        14   71108504   71142077     88      20  105318       1.0585     0.028967   -4.4409e-16       1.0585
_SET1_   9369         14   78636716   80334633   4022     213  105318       2.2394   2.0475e-06   -4.4409e-16       2.2394
_SET1_   145567       14   91006932   91282823    885      68  105318       2.0537   0.00031255   -4.4409e-16       2.0537
_SET1_   51466        14  100485719  100610573    347      28  105318     -0.44064      0.31236   -3.8858e-16     -0.44064
_SET1_   7187         14  103243816  103377837    264      16  105318       2.4677   0.00036747   -4.4409e-16       2.4677
_SET1_   3831         14  104095525  104167888    159      17  105318       4.6622   1.6753e-08             0       4.6622
_SET1_   9112         14  105886186  105937066     17       5  105318      0.66959     0.087416   -4.4409e-16      0.66959
_SET1_   2562         15   26788693   27018935    659      71  105318      0.98028     0.014716   -4.4409e-16      0.98028
_SET1_   2558         15   27111866   27194357     64      13  105318      0.25254      0.13659   -3.8858e-16      0.25254
_SET1_   2567         15   27216429   27778373   1616     143  105318       -1.581      0.41219   -4.4409e-16       -1.581
_SET1_   321          15   29211570   29410518    533      20  105318    -0.057805      0.16099   -3.9552e-16    -0.057805
_SET1_   10125        15   38780302   38857661    178      23  105318       2.3325   0.00076931   -4.4409e-16       2.3325
_SET1_   11245        15   40091223   40213093    261      28  105318        1.301     0.012084   -4.4409e-16        1.301
_SET1_   56924        15   40509629   40569688    146      33  105318       3.1873   2.2545e-05   -4.4409e-16       3.1873
_SET1_   171177       15   41164412   41166487      2       1  105318      -1.4391      0.83909   -4.4409e-16      -1.4391
_SET1_   23005        15   42066632   42120053     83      12  105318     -0.94604      0.55529   -4.4409e-16     -0.94604
_SET1_   23582        15   43477466   43489375     13       5  105318       1.3368     0.026994   -4.4409e-16       1.3368
_SET1_   9677         15   43825660   43882451     33       6  105318       3.3183   3.5965e-05   -4.4409e-16       3.3183
_SET1_   1159         15   43885055   43891604      6       1  105318       1.0815     0.073127   -4.4409e-16       1.0815
_SET1_   388121       15   51348798   51397473    105      13  105318       2.0607    0.0020398   -4.4409e-16       2.0607
_SET1_   23312        15   51739921   51915030    414      17  105318       1.9595    0.0011368   -4.4409e-16       1.9595
_SET1_   440279       15   54270557   54920806   2591     110  105318      0.37877    0.0028183   -3.8858e-16      0.37877
_SET1_   8854         15   58245622   58358121    319      13  105318      -1.8832      0.81446   -4.4409e-16      -1.8832
_SET1_   7168         15   63334838   63364114     95      13  105318     -0.24248       0.2881   -3.8858e-16     -0.24248
_SET1_   5607         15   67835021   68099455    560      22  105318       1.7916    0.0015202   -4.4409e-16       1.7916
_SET1_   27020        15   73852344   73925753    123      13  105318      -1.0349      0.60819   -4.4409e-16      -1.0349
_SET1_   57184        15   75192328   75199462      8       3  105318     0.048417      0.24045   -3.9552e-16     0.048417
_SET1_   25942        15   75661720   75748181     82       8  105318       1.1141     0.029382   -4.4409e-16       1.1141
_SET1_   84894        15   77905369   77988490    222      23  105318       1.2343     0.017845   -4.4409e-16       1.2343
_SET1_   1136         15   78885394   78913637     80       8  105318       5.2455   8.5416e-10             0       5.2455
_SET1_   5923         15   79252289   79383215    383      55  105318      -0.3368      0.25076   -3.8858e-16      -0.3368
_SET1_   8120         15   83328033   83378660    114      19  105318       5.2437    6.235e-10             0       5.2437
_SET1_   9640         15   85291818   85349663    128      18  105318       4.5067   4.5572e-08             0       4.5067
_SET1_   8128         15   92937140   93011958    213      24  105318      -1.3559      0.65396   -4.4409e-16      -1.3559
_SET1_   101927751    15  101457587  101459437      7       2  105318        2.103    0.0030277   -4.4409e-16        2.103
_SET1_   146330       16     742500     755825     24       3  105318     -0.88175      0.61512   -4.4409e-16     -0.88175
_SET1_   8912         16    1203241    1271772    112      17  105318      0.09707      0.17588   -4.0246e-16      0.09707
_SET1_   8938         16    1383606    1399442     50      13  105318     -0.90467      0.55249   -4.4409e-16     -0.90467
_SET1_   10921        16    2303100    2318413     21       5  105318       -0.677      0.48906   -4.4409e-16       -0.677
_SET1_   29965        16    4560676    4588816     67       7  105318       4.1394   6.3048e-07             0       4.1394
_SET1_   54715        16    5289469    7763342  13820     574  105318       4.6601   3.6939e-13             0       4.6601
_SET1_   23420        16   14927643   14990014     11       4  105318       1.4086     0.020259   -4.4409e-16       1.4086
_SET1_   89927        16   15528325   15682116    212      27  105318      0.16027      0.13911   -3.8858e-16      0.16027
_SET1_   51760        16   19179541   19279656    229      34  105318     -0.90031       0.4737   -4.4409e-16     -0.90031
_SET1_   1428         16   21269839   21314404    106       9  105318      -1.2984      0.70815   -4.4409e-16      -1.2984
_SET1_   5579         16   23847300   24231932   1149      96  105318        2.718   1.1706e-05   -4.4409e-16        2.718
_SET1_   10368        16   24266874   24373737    342      50  105318      0.66758     0.047489   -4.4409e-16      0.66758
_SET1_   112476       16   29823409   29827202      4       2  105318       1.4785     0.025327   -4.4409e-16       1.4785
_SET1_   8448         16   30016835   30023424     12       2  105318        5.846   5.7148e-11             0        5.846
_SET1_   83723        16   30035748   30064338     45       6  105318       4.5378   6.8929e-08             0       4.5378
_SET1_   64400        16   53525192   53538323     16       3  105318      -1.6589      0.84458   -4.4409e-16      -1.6589
_SET1_   2775         16   56225251   56391356    427      48  105318      0.77854     0.033824   -4.4409e-16      0.77854
_SET1_   1258         16   57916244   58005020    291      46  105318     -0.65189      0.37892   -4.4409e-16     -0.65189
_SET1_   65009        16   58497549   58547523    125      33  105318          3.5    6.766e-06   -4.4409e-16          3.5
_SET1_   146760       17    1837971    1928178    338      39  105318       2.0456    0.0010655   -4.4409e-16       2.0456
_SET1_   5026         17    3575156    3599698     65      11  105318       1.1819     0.023345   -4.4409e-16       1.1819
_SET1_   50488        17    4736635    4801356    171      17  105318      0.81549     0.048654   -4.4409e-16      0.81549
_SET1_   1742         17    7093209    7123369     43       9  105318       2.7617    0.0002192   -4.4409e-16       2.7617
_SET1_   1949         17    7608520    7614693      9       3  105318    -0.086032      0.30816   -4.0246e-16    -0.086032
_SET1_   9340         17    9729152    9794269    235      20  105318       -1.289      0.63563   -4.4409e-16       -1.289
_SET1_   9912         17   12692829   12894960    758      48  105318       1.8656   0.00073836   -4.4409e-16       1.8656
_SET1_   51168        17   18012020   18083116    131      16  105318        3.198   2.3602e-05   -4.4409e-16        3.198
_SET1_   339263       17   21343211   21454941     58       5  105318     -0.12985      0.27513   -3.8858e-16     -0.12985
_SET1_   399687       17   27400528   27507432    208      20  105318       1.2688     0.014224   -4.4409e-16       1.2688
_SET1_   28964        17   27900487   27916610     26       8  105318     -0.46105      0.38454   -3.8858e-16     -0.46105
_SET1_   124930       17   27920527   27941779     28       9  105318       0.2905      0.15037   -3.8858e-16       0.2905
_SET1_   55288        17   30469473   30552746    101       9  105318      -2.2382      0.93662   -4.4409e-16      -2.2382
_SET1_   40           17   31340105   32483825   3658     261  105318      0.57448    0.0013243   -4.4409e-16      0.57448
_SET1_   100170841    17   36827956   36831187      3       2  105318     0.058399      0.26809   -3.9552e-16     0.058399
_SET1_   782          17   37329709   37353956     44      13  105318       1.5803    0.0093407   -4.4409e-16       1.5803
_SET1_   79132        17   40253422   40264751     28       4  105318      -1.3797      0.78865   -4.4409e-16      -1.3797
_SET1_   535          17   40610862   40674597     63      13  105318       2.0089    0.0028127   -4.4409e-16       2.0089
_SET1_   56970        17   42269173   42275747      8       5  105318       1.0812     0.047994   -4.4409e-16       1.0812
_SET1_   752          17   43299192   43324685     47       8  105318     -0.18275      0.29924   -3.8858e-16     -0.18275
_SET1_   4137         17   43971702   44105700    570       2  105318       2.7623   0.00012895   -4.4409e-16       2.7623
_SET1_   4905         17   44668035   44834830     60       5  105318       2.7769   0.00029965   -4.4409e-16       2.7769
_SET1_   4779         17   46125686   46138907     24       6  105318       2.9161   0.00016943   -4.4409e-16       2.9161
_SET1_   8913         17   48638429   48704835    148      21  105318       2.9151   6.8285e-05   -4.4409e-16       2.9151
_SET1_   56934        17   49707674   50237377   1256      64  105318      0.96601    0.0035795   -4.4409e-16      0.96601
_SET1_   22843        17   56833230   57062540    293      16  105318       2.6495   0.00015005   -4.4409e-16       2.6495
_SET1_   1213         17   57697050   57774317    111       7  105318      -2.2289       0.9365   -4.4409e-16      -2.2289
_SET1_   146713       17   77085427   77512230   1868     208  105318      -2.0269      0.47508   -4.4409e-16      -2.0269
_SET1_   57674        17   78234643   78372586    435      48  105318      0.75925     0.035598   -4.4409e-16      0.75925
_SET1_   396          17   79825595   79829282      4       1  105318      0.23916        0.244   -3.8858e-16      0.23916
_SET1_   255275       17   79897521   79905109     18       2  105318      0.07244      0.25179   -4.0246e-16      0.07244
_SET1_   23136        18    5392380    5630662    673      62  105318       1.0191     0.012777   -4.4409e-16       1.0191
_SET1_   2774         18   11689014   11885684    593      30  105318      0.34531     0.063488   -3.8858e-16      0.34531
_SET1_   284252       18   24034874   24237365    565      74  105318     -0.30173      0.21481   -3.8858e-16     -0.30173
_SET1_   1837         18   32073254   32471808    921      29  105318      0.76431     0.014371   -4.4409e-16      0.76431
_SET1_   56853        18   34823003   35146000    835      88  105318    -0.077943      0.11416   -4.0246e-16    -0.077943
_SET1_   6860         18   40847857   40857615      9       3  105318       1.1504     0.045717   -4.4409e-16       1.1504
_SET1_   494470       18   43906772   44041159    351      54  105318      0.69244     0.050032   -4.4409e-16      0.69244
_SET1_   9063         18   44388900   44500130    261      13  105318       1.4847    0.0090382   -4.4409e-16       1.4847
_SET1_   23335        18   54318590   54697036    876      40  105318     -0.61157      0.21937   -4.4409e-16     -0.61157
_SET1_   220164       18   67068284   67516323   1639     120  105318      -1.0918      0.23057   -4.4409e-16      -1.0918
_SET1_   4155         18   74690789   74844774    693      95  105318      0.87323     0.023181   -4.4409e-16      0.87323
_SET1_   5064         19     708953     748330    116      19  105318     -0.51522      0.36067   -4.4409e-16     -0.51522
_SET1_   1675         19     859665     863624     12       3  105318     -0.57318      0.46301   -4.4409e-16     -0.57318
_SET1_   7089         19    2997636    3047846    155      25  105318    0.0066908      0.18456   -3.9638e-16    0.0066908
_SET1_   60680        19    3224701    3297074    203      20  105318     -0.23597      0.24929   -3.8858e-16     -0.23597
_SET1_   4145         19    3777967    3801810     51      13  105318      -1.9076      0.86606   -4.4409e-16      -1.9076
_SET1_   10501        19    4542600    4559771     37      10  105318      -1.0196      0.58483   -4.4409e-16      -1.0196
_SET1_   163059       19   12125532   12146525     34       5  105318       2.8997   0.00047532   -4.4409e-16       2.8997
_SET1_   773          19   13317256   13617274    996     109  105318       1.6044    0.0017726   -4.4409e-16       1.6044
_SET1_   5585         19   14544166   14582679     93      19  105318      -3.1207      0.98905   -4.4409e-16      -3.1207
_SET1_   6511         19   15060845   15121455    374      33  105318       -1.414      0.63859   -4.4409e-16       -1.414
_SET1_   170463       19   18529679   18545372     24       5  105318       1.9219    0.0046541   -4.4409e-16       1.9219
_SET1_   7386         19   29698167   29704136     14       3  105318     -0.40314      0.44432   -3.8858e-16     -0.40314
_SET1_   83636        19   30189793   30206696     55      12  105318     -0.97284      0.58404   -4.4409e-16     -0.97284
_SET1_   163175       19   35615417   35626178     32       3  105318      -1.0497      0.66034   -4.4409e-16      -1.0497
_SET1_   8193         19   38701649   38720317     56      11  105318       1.7914    0.0048044   -4.4409e-16       1.7914
_SET1_   10653        19   38755098   38783254     76      16  105318      -1.1463      0.63346   -4.4409e-16      -1.1463
_SET1_   90522        19   38794200   38806615     36       8  105318      0.46781      0.12363   -3.8858e-16      0.46781
_SET1_   163126       19   40029446   40030838      4       2  105318    -0.013613      0.28173   -3.9725e-16    -0.013613
_SET1_   8425         19   41099072   41135725    106      12  105318     -0.67633      0.44346   -4.4409e-16     -0.67633
_SET1_   478          19   42470628   42498428     22      10  105318       1.4417     0.015775   -4.4409e-16       1.4417
_SET1_   57787        19   45754516   45808541    139      13  105318     -0.12267      0.23469   -4.0246e-16     -0.12267
_SET1_   6253         19   45988546   46000313     33       7  105318       -0.988      0.60599   -4.4409e-16       -0.988
_SET1_   1760         19   46272975   46285815     16       4  105318       1.1092     0.036953   -4.4409e-16       1.1092
_SET1_   339344       19   46393281   46405862     46       9  105318      0.26802      0.15585   -3.8858e-16      0.26802
_SET1_   29888        19   47222768   47250251     49       9  105318   -0.0070129      0.22436   -3.9638e-16   -0.0070129
_SET1_   8775         19   47990891   48018515     35       5  105318     -0.78184      0.57575   -4.4409e-16     -0.78184
_SET1_   3748         19   50818765   50832634     39       9  105318       1.7071    0.0070249   -4.4409e-16       1.7071
_SET1_   5582         19   54385467   54410906     13       3  105318     -0.65394      0.50302   -4.4409e-16     -0.65394
_SET1_   59283        19   54466290   54493469     76       9  105318        1.498     0.011411   -4.4409e-16        1.498
_SET1_   6861         19   55682571   55691809     58       7  105318      0.96606     0.063205   -4.4409e-16      0.96606
_SET1_   5173         20    1959402    1974931     40       7  105318      0.32128      0.15438   -3.8858e-16      0.32128
_SET1_   63908        20   23355156   23402156    167      13  105318      -1.4525      0.72886   -4.4409e-16      -1.4525
_SET1_   955          20   25176327   25207365     97      13  105318      0.65874     0.068753   -4.4409e-16      0.65874
_SET1_   598          20   30252261   30311752     82       7  105318     -0.99164      0.60652   -4.4409e-16     -0.99164
_SET1_   140688       20   31030862   31172875    225      21  105318      0.50909     0.080107   -4.4409e-16      0.50909
_SET1_   10893        20   33814539   33864804     82      11  105318       1.1393     0.031504   -4.4409e-16       1.1393
_SET1_   2036         20   34679426   34820721    139      16  105318     -0.98954      0.58846   -4.4409e-16     -0.98954
_SET1_   57446        20   35280169   35374541     92      29  105318       0.8844      0.04872   -4.4409e-16       0.8844
_SET1_   140679       20   37353105   37358015      4       2  105318       2.1413     0.003075   -4.4409e-16       2.1413
_SET1_   10953        20   43570771   43589114     19       4  105318       2.0544    0.0031787   -4.4409e-16       2.0544
_SET1_   3785         20   62031561   62103993    298      28  105318      0.48526      0.07242   -3.8858e-16      0.48526
_SET1_   1917         20   62119365   62130668     48      13  105318       1.5779     0.008793   -4.4409e-16       1.5779
_SET1_   128989       22   20004554   20053449    163      24  105318       2.8166   0.00010615   -4.4409e-16       2.8166
_SET1_   1399         22   21271714   21308037     90       8  105318     -0.39878      0.36789   -3.8858e-16     -0.39878
_SET1_   57168        22   26825280   26840978     43       9  105318      -1.1828      0.66467   -4.4409e-16      -1.1828
_SET1_   23760        22   28247657   28315255    118      13  105318       1.7402    0.0074288   -4.4409e-16       1.7402
_SET1_   25775        22   32329507   32341336     42      10  105318      -1.1778      0.66528   -4.4409e-16      -1.1778
_SET1_   9215         22   33668509   34316464   2172     158  105318     -0.72298     0.058465   -4.4409e-16     -0.72298
_SET1_   4627         22   36677323   36784107    302      31  105318     -0.15094      0.20279   -3.8858e-16     -0.15094
_SET1_   3761         22   38822332   38851205     85      17  105318       2.1218     0.001839   -4.4409e-16       2.1218
_SET1_   57591        22   40806292   41032690    351      12  105318       2.4376   0.00038455   -4.4409e-16       2.4376
_SET1_   85352        22   44639545   44727470    287      48  105318     0.040801      0.15903   -3.9552e-16     0.040801
_SET1_   414918       22   50750392   50765517     51       8  105318       1.3519     0.018541   -4.4409e-16       1.3519
_SET1_   9701         22   50781746   50883519    358      24  105318      0.36929     0.081695   -3.8858e-16      0.36929
_SET1_   6305         22   50883429   50913467     84      16  105318       1.1205      0.02622   -4.4409e-16       1.1205
_SET1_   85358        22   51113070   51171640    137      27  105318       1.4443      0.01005   -4.4409e-16       1.4443

# _SET2_  VARIABLE = gtex__cerebellar_hemisphere__M001 (set)
# _SET2_  NGENES = 657
# _SET2_  P-VALUE = 6.3419e-06
_SET2_   GENE        CHR      START       STOP  NSNPS  NPARAM       N        ZSTAT            P  ZFITTED_BASE  ZRESID_BASE
_SET2_   2563          1    1950768    1962192      1       1  105318       -0.144        0.519   -3.8858e-16       -0.144
_SET2_   8514          1    6052358    6161253    275      38  105318     -0.15084      0.21026   -3.8858e-16     -0.15084
_SET2_   8718          1    6520787    6527432     18       5  105318       1.8533    0.0079697   -4.4409e-16       1.8533
_SET2_   22883         1    9789079    9884550    110      11  105318      0.13226      0.21226   -3.8858e-16      0.13226
_SET2_   23435         1   11072462   11085549     20       3  105318      0.52355      0.14193   -4.4409e-16      0.52355
_SET2_   10459         1   11734537   11751678     57      11  105318      -2.1536      0.91725   -4.4409e-16      -2.1536
_SET2_   84966         1   18434240   18704977    915     107  105318       2.2242    0.0002451   -4.4409e-16       2.2242
_SET2_   4681          1   19969723   19984949     54      15  105318     -0.68879       0.4522   -4.4409e-16     -0.68879
_SET2_   56181         1   26146397   26159433     29       2  105318      -1.3139      0.77879   -4.4409e-16      -1.3139
_SET2_   64793         1   26560644   26605529    136      11  105318      0.41928      0.11262   -3.8858e-16      0.41928
_SET2_   84243         1   27153201   27184092     44       6  105318       1.6815    0.0095473   -4.4409e-16       1.6815
_SET2_   23038         1   27561007   27635124    100      12  105318       1.2973     0.023289   -4.4409e-16       1.2973
_SET2_   5511          1   28157252   28178183     20       3  105318      0.31388      0.25805   -3.8858e-16      0.31388
_SET2_   64769         1   37955561   37980420     75      12  105318      0.88229     0.048798   -4.4409e-16      0.88229
_SET2_   8761          1   40026485   40042522     33       9  105318       1.4186     0.016154   -4.4409e-16       1.4186
_SET2_   64789         1   40974391   40982228     31       7  105318       1.1782     0.030543   -4.4409e-16       1.1782
_SET2_   4802          1   41157242   41237275    192      17  105318       1.8216    0.0036038   -4.4409e-16       1.8216
_SET2_   533           1   44440118   44443972      9       4  105318       3.7218   8.4266e-06   -4.4409e-16       3.7218
_SET2_   55929         1   44679104   44686351     11       4  105318       2.5583   0.00059784   -4.4409e-16       2.5583
_SET2_   7389          1   45477805   45481341      6       2  105318      0.45218      0.16328   -3.8858e-16      0.45218
_SET2_   10327         1   46016455   46035723     36       5  105318     -0.14918      0.28374   -3.8858e-16     -0.14918
_SET2_   55624         1   46654353   46685977     47       9  105318     -0.81017      0.53198   -4.4409e-16     -0.81017
_SET2_   10489         1   46744072   46769038     23       9  105318     -0.12992       0.2851   -3.8858e-16     -0.12992
_SET2_   2166          1   46859939   46879520     30       7  105318      -0.6983      0.48699   -4.4409e-16      -0.6983
_SET2_   3725          1   59246463   59249785      2       1  105318      0.43006      0.24655   -3.8858e-16      0.43006
_SET2_   55225         1   65210778   65298915    159      17  105318       1.2964      0.01758   -4.4409e-16       1.2964
_SET2_   9829          1   65720133   65881552    423      27  105318       -2.138      0.85058   -4.4409e-16       -2.138
_SET2_   81573         1   70724685   70820471    143      21  105318     -0.59562      0.41243   -4.4409e-16     -0.59562
_SET2_   5876          1   76251879   76260775     20       6  105318     -0.19884      0.30865   -3.8858e-16     -0.19884
_SET2_   23266         1   82266082   82458107    532      34  105318     -0.36958      0.21505   -3.8858e-16     -0.36958
_SET2_   148423        1   85715636   85725355     29       8  105318    -0.054539      0.24835   -3.9552e-16    -0.054539
_SET2_   8317          1   91966338   91991321     46       9  105318      0.63542     0.083282   -4.4409e-16      0.63542
_SET2_   126969        1   95285898   95360803    288      43  105318     -0.50744      0.32286   -4.4409e-16     -0.50744
_SET2_   8634          1  100731714  100758325     62       5  105318      -0.7239      0.55605   -4.4409e-16      -0.7239
_SET2_   55119         1  109234932  109244425      8       5  105318      -1.2595      0.74842   -4.4409e-16      -1.2595
_SET2_   2949          1  110254406  110260890     30       9  105318      0.64403     0.086779   -4.4409e-16      0.64403
_SET2_   85369         1  110574199  110597263     25       8  105318       1.1484     0.028923   -4.4409e-16       1.1484
_SET2_   10390         1  111682249  111727724     70      14  105318       1.3492     0.016853   -4.4409e-16       1.3492
_SET2_   11218         1  112298190  112310199     45       7  105318      0.59687      0.10175   -4.4409e-16      0.59687
_SET2_   10717         1  114437370  114447741     15       5  105318       -1.201      0.69109   -4.4409e-16       -1.201
_SET2_   9939          1  145507557  145513536      3       2  105318     -0.49124      0.46775   -3.8858e-16     -0.49124
_SET2_   10623         1  145592605  145610972     14       2  105318      0.88557      0.07045   -4.4409e-16      0.88557
_SET2_   5174          1  145727662  145764207     11       3  105318       2.1204    0.0027767   -4.4409e-16       2.1204
_SET2_   56882         1  151023447  151032125     12       6  105318      -0.2297      0.34085   -3.8858e-16      -0.2297
_SET2_   6944          1  151148776  151162689      7       4  105318     -0.69783      0.52396   -4.4409e-16     -0.69783
_SET2_   5692          1  151372041  151374412      2       1  105318       2.5955    0.0010615   -4.4409e-16       2.5955
_SET2_   6097          1  151778547  151804348     59      13  105318      0.43871      0.10511   -3.8858e-16      0.43871
_SET2_   25912         1  154179183  154193273     18       4  105318       1.6588    0.0095806   -4.4409e-16       1.6588
_SET2_   9181          1  155916431  155953396     41       5  105318       1.4142     0.020417   -4.4409e-16       1.4142
_SET2_   5546          1  156737274  156770609     87      12  105318     -0.24024      0.29134   -3.8858e-16     -0.24024
_SET2_   3765          1  160051360  160059212     18       5  105318      0.30265      0.15689   -3.8858e-16      0.30265
_SET2_   93185         1  160061129  160068650     13       3  105318       1.1965     0.033831   -4.4409e-16       1.1965
_SET2_   8682          1  160175125  160185162     10       6  105318       2.3448    0.0016542   -4.4409e-16       2.3448
_SET2_   5824          1  160246599  160254941      7       3  105318       3.0665   0.00011552   -4.4409e-16       3.0665
_SET2_   1314          1  160258377  160313354     74      11  105318       2.9413   9.6269e-05   -4.4409e-16       2.9413
_SET2_   8703          1  161141100  161147758      7       3  105318      0.23553      0.19276   -3.8858e-16      0.23553
_SET2_   919           1  167399877  167487847    294      52  105318     -0.93351      0.50127   -4.4409e-16     -0.93351
_SET2_   25874         1  167885913  167906307     27       6  105318      0.13553       0.2143   -3.8858e-16      0.13553
_SET2_   92344         1  170501263  170522974     31       8  105318       1.5705     0.010047   -4.4409e-16       1.5705
_SET2_   777           1  181452447  181775920    758      54  105318        0.679     0.023719   -4.4409e-16        0.679
_SET2_   2752          1  182350839  182361341     31       6  105318       2.4659   0.00070807   -4.4409e-16       2.4659
_SET2_   10440         1  201924619  201939789     39       8  105318      0.57528     0.095272   -4.4409e-16      0.57528
_SET2_   9283          1  202092029  202098634     31       9  105318      -0.3477      0.36691   -3.8858e-16      -0.3477
_SET2_   3290          1  209859525  209908295     94      12  105318      -0.9275      0.57293   -4.4409e-16      -0.9275
_SET2_   3756          1  210851657  211307457   1423      86  105318      -1.2679      0.30729   -4.4409e-16      -1.2679
_SET2_   55061         1  223394161  223537564    308      21  105318      -0.9403      0.47443   -4.4409e-16      -0.9403
_SET2_   375           1  228270361  228286913     24       6  105318     -0.89649      0.60008   -4.4409e-16     -0.89649
_SET2_   79605         1  230457392  230561674    388      35  105318      0.52664     0.058326   -4.4409e-16      0.52664
_SET2_   359948        1  234740015  234745271     10       4  105318      0.34173      0.15411   -3.8858e-16      0.34173
_SET2_   23029         1  235294498  235324571     59       8  105318      -1.6896      0.83817   -4.4409e-16      -1.6896
_SET2_   3192          1  245013602  245027827     12       2  105318     -0.41062      0.46374   -3.8858e-16     -0.41062
_SET2_   93474         1  247197940  247242115    212      16  105318      -1.5287      0.73631   -4.4409e-16      -1.5287
_SET2_   4953          2   10580507   10588680     18       5  105318     -0.10253      0.29023   -4.0246e-16     -0.10253
_SET2_   7447          2   17721807   17837706    397      17  105318      -1.1284      0.56006   -4.4409e-16      -1.1284
_SET2_   22924         2   27193525   27250087     57       5  105318       2.8892   0.00016561   -4.4409e-16       2.8892
_SET2_   51374         2   27434899   27440046     13       4  105318       1.7295     0.010314   -4.4409e-16       1.7295
_SET2_   2976          2   27548716   27580243     23       5  105318       2.2583    0.0016112   -4.4409e-16       2.2583
_SET2_   84450         2   27805836   27846082     74       9  105318       2.6509   0.00031472   -4.4409e-16       2.6509
_SET2_   11321         2   27851515   27873713     40       6  105318       2.7751   0.00022928   -4.4409e-16       2.7751
_SET2_   51646         2   30369750   30383399     25       8  105318     -0.27562      0.32762   -3.8858e-16     -0.27562
_SET2_   51072         2   32092892   32236116    288      16  105318      0.28759      0.12608   -3.8858e-16      0.28759
_SET2_   55471         2   37458774   37476303     55      10  105318       2.2606    0.0012077   -4.4409e-16       2.2606
_SET2_   80745         2   39963200   40006416    109      10  105318       2.8246   0.00013918   -4.4409e-16       2.8246
_SET2_   9167          2   42577640   42596150     27       5  105318      -2.1566       0.9277   -4.4409e-16      -2.1566
_SET2_   9655          2   46926099   46989927    230      24  105318        -1.67      0.77782   -4.4409e-16        -1.67
_SET2_   6233          2   55459039   55462989     13       5  105318     -0.75364      0.54445   -4.4409e-16     -0.75364
_SET2_   23301         2   62900986   63273622    393      31  105318       2.0233    0.0011119   -4.4409e-16       2.0233
_SET2_   7360          2   64068084   64118696    115      20  105318     -0.52569      0.39205   -4.4409e-16     -0.52569
_SET2_   6637          2   70508510   70520869     20       3  105318     -0.12971      0.33458   -3.8858e-16     -0.12971
_SET2_   8291          2   71680347   71913895    824      79  105318      -1.9997      0.76596   -4.4409e-16      -1.9997
_SET2_   10574         2   73461364   73480150     47       9  105318       2.3958   0.00094902   -4.4409e-16       2.3958
_SET2_   8869          2   86066271   86116157    145      13  105318      0.60745     0.072228   -4.4409e-16      0.60745
_SET2_   25885         2   86253451   86333278    184      16  105318     -0.17025      0.25188   -3.8858e-16     -0.17025
_SET2_   55654         2   96915946   96931751     11       4  105318       2.7258   0.00036683   -4.4409e-16       2.7258
_SET2_   129804        2  112895962  112945793    129      20  105318      0.61279     0.070322   -4.4409e-16      0.61279
_SET2_   10096         2  114647511  114719131    228      17  105318      0.58406     0.080856   -4.4409e-16      0.58406
_SET2_   84317         2  131095814  131100383      4       2  105318      0.70615      0.10697   -4.4409e-16      0.70615
_SET2_   29798         2  132479973  132524977     57       4  105318     -0.54548      0.44738   -4.4409e-16     -0.54548
_SET2_   1615          2  136664252  136743254     70       4  105318     -0.19876      0.32562   -3.8858e-16     -0.19876
_SET2_   55777         2  148778580  149271046    996      41  105318       1.2812    0.0022329   -4.4409e-16       1.2812
_SET2_   26122         2  149402560  149545136    294      11  105318      0.22423      0.14526   -3.8858e-16      0.22423
_SET2_   1781          2  172543919  172606668    116      15  105318       3.1389   4.0661e-05   -4.4409e-16       3.1389
_SET2_   29789         2  174937175  175113365    492      19  105318       3.1873   7.7339e-06   -4.4409e-16       3.1873
_SET2_   1123          2  175664042  175870671    266      13  105318      0.82471     0.039383   -4.4409e-16      0.82471
_SET2_   10477         2  181845112  181928154    303      13  105318      -2.2638      0.90568   -4.4409e-16      -2.2638
_SET2_   3329          2  198351308  198364998     18       4  105318        5.011    6.947e-09             0        5.011
_SET2_   26010         2  201170604  201346986    396      43  105318       6.5165   1.8995e-14             0       6.5165
_SET2_   4709          2  201936462  201950473     33       5  105318     -0.42035      0.47522   -3.8858e-16     -0.42035
_SET2_   7341          2  203070903  203103322     65      10  105318         1.92    0.0035925   -4.4409e-16         1.92
_SET2_   14            2  219128852  219134893      6       2  105318       1.0792       0.0514   -4.4409e-16       1.0792
_SET2_   9125          2  219433303  219461158     45       4  105318      0.17492      0.20062   -3.8858e-16      0.17492
_SET2_   79137         2  220042939  220050197     19       4  105318       3.2615   4.2906e-05   -4.4409e-16       3.2615
_SET2_   130612        2  220408385  220415317     10       2  105318     -0.82655      0.58444   -4.4409e-16     -0.82655
_SET2_   4691          2  232319459  232329208     21       6  105318       1.6362    0.0089215   -4.4409e-16       1.6362
_SET2_   5757          2  232573235  232578251     23       6  105318      -1.0885      0.67788   -4.4409e-16      -1.0885
_SET2_   10920         2  237993870  238007489     17       4  105318     -0.58836      0.51619   -4.4409e-16     -0.58836
_SET2_   2817          2  241375115  241407495    154      31  105318     -0.48804      0.34801   -3.8858e-16     -0.48804
_SET2_   130916        2  242026509  242041747     37       6  105318       1.6431     0.011364   -4.4409e-16       1.6431
_SET2_   5510          2  242089012  242122439     84      11  105318     -0.82337      0.50632   -4.4409e-16     -0.82337
_SET2_   10494         2  242434122  242449145     47      10  105318    -0.009563      0.22022   -3.9725e-16    -0.009563
_SET2_   7862          3    9773413    9789699     27      10  105318      0.57027      0.10332   -4.4409e-16      0.57027
_SET2_   10093         3    9834082    9848789     25       6  105318      0.98753     0.046708   -4.4409e-16      0.98753
_SET2_   78987         3    9975478    9987097     26       5  105318      -1.0776      0.66806   -4.4409e-16      -1.0776
_SET2_   491           3   10365707   10733131   1336     106  105318       2.7126   7.7272e-06   -4.4409e-16       2.7126
_SET2_   10533         3   11314010   11599139    631      19  105318      0.35746     0.056482   -3.8858e-16      0.35746
_SET2_   7182          3   14989091   15090780    190      22  105318      -0.4768      0.35886   -3.8858e-16      -0.4768
_SET2_   9467          3   15295860   15382901    247      42  105318      -1.2451      0.62227   -4.4409e-16      -1.2451
_SET2_   6138          3   23958295   23965187     11       5  105318      0.36083      0.15322   -3.8858e-16      0.36083
_SET2_   7155          3   25639396   25706396    130      11  105318    -0.031698      0.22724   -3.9552e-16    -0.031698
_SET2_   64343         3   28363844   28390915     24       5  105318     -0.17933       0.3039   -3.8858e-16     -0.17933
_SET2_   201595        3   31574130   31677556    174      17  105318      0.82328      0.04917   -4.4409e-16      0.82328
_SET2_   9045          3   40498783   40503863      9       3  105318      0.20065      0.21059   -3.8858e-16      0.20065
_SET2_   23395         3   45430053   45590334    325      20  105318      0.34914     0.091878   -3.8858e-16      0.34914
_SET2_   275           3   49454211   49460111      9       2  105318       1.5924     0.013524   -4.4409e-16       1.5924
_SET2_   7866          3   50325163   50330648      3       2  105318       1.8135    0.0082772   -4.4409e-16       1.8135
_SET2_   9254          3   50400230   50540892    195      18  105318      0.52922     0.092162   -4.4409e-16      0.52922
_SET2_   51368         3   51705191   51738339     33      13  105318      0.86161     0.066754   -4.4409e-16      0.86161
_SET2_   57060         3   51991470   52001482      2       1  105318     -0.91063      0.66954   -4.4409e-16     -0.91063
_SET2_   91869         3   53122499   53164480     97       7  105318       1.5925    0.0093535   -4.4409e-16       1.5925
_SET2_   27086         3   71003865   71633140   1277     107  105318       5.7954   8.2991e-14             0       5.7954
_SET2_   84864         3   97660661   97691295     36      10  105318       1.0088       0.0385   -4.4409e-16       1.0088
_SET2_   55081         3  107879659  107941417    327       6  105318       2.1626    0.0015455   -4.4409e-16       2.1626
_SET2_   55254         3  119147807  119182529     86      12  105318      0.89271      0.04776   -4.4409e-16      0.89271
_SET2_   26355         3  122103023  122128961     83      13  105318     -0.39805      0.34184   -3.8858e-16     -0.39805
_SET2_   80325         3  127391781  127399769     10       4  105318       1.4241     0.018816   -4.4409e-16       1.4241
_SET2_   11222         3  131181045  131221860     82      13  105318     -0.32831      0.32763   -3.8858e-16     -0.32831
_SET2_   23317         3  132136361  132257876    240      24  105318      -1.9597      0.84921   -4.4409e-16      -1.9597
_SET2_   51421         3  134074187  134094321     29       5  105318      0.58099     0.097852   -4.4409e-16      0.58099
_SET2_   55167         3  135867760  135915522     47      10  105318       3.6215   6.3442e-06   -4.4409e-16       3.6215
_SET2_   5096          3  135969167  136056737    131      17  105318       5.0157   2.2974e-09             0       5.0157
_SET2_   5291          3  138371540  138553780    227       9  105318       2.1151    0.0013116   -4.4409e-16       2.1151
_SET2_   92370         3  140950682  141013486    213      21  105318      0.18103      0.14086   -3.8858e-16      0.18103
_SET2_   483           3  141595424  141645382    173      17  105318     -0.73421       0.4494   -4.4409e-16     -0.73421
_SET2_   9175          3  185000729  185206882    489      28  105318     -0.34029      0.22028   -3.8858e-16     -0.34029
_SET2_   10644         3  185361527  185542827    271      28  105318       1.3981    0.0096757   -4.4409e-16       1.3981
_SET2_   1487          4    1205228    1242908    120      15  105318       1.6012    0.0075661   -4.4409e-16       1.6012
_SET2_   339983        4    2061239    2070816     10       1  105318     0.043272        0.347   -3.9552e-16     0.043272
_SET2_   27065         4    4387983    4420785    103      11  105318       1.3852     0.015068   -4.4409e-16       1.3852
_SET2_   152789        4    6026661    6202318    556      87  105318       1.2258     0.012086   -4.4409e-16       1.2258
_SET2_   57620         4   26859329   27027003    282      22  105318      0.99639     0.025384   -4.4409e-16      0.99639
_SET2_   7358          4   39500375   39529218    112      14  105318      0.41042      0.11065   -3.8858e-16      0.41042
_SET2_   10463         4   41992516   42089551    342       8  105318      0.76024     0.050353   -4.4409e-16      0.76024
_SET2_   54940         4   48832599   48863834     37       6  105318       1.4694     0.014686   -4.4409e-16       1.4694
_SET2_   152579        4   53738797   54232242   1109      56  105318      0.12914     0.041937   -3.8858e-16      0.12914
_SET2_   84273         4   57829516   57843826     43      10  105318      -1.4217      0.74494   -4.4409e-16      -1.4217
_SET2_   57619         4   77356253   77704406    986      55  105318        -1.02      0.31004   -4.4409e-16        -1.02
_SET2_   22872         4   83739814   83812419    151       7  105318      0.65527     0.074795   -4.4409e-16      0.65527
_SET2_   56916         4   95128759   95212443    168      10  105318       1.5748     0.007544   -4.4409e-16       1.5748
_SET2_   5910          4   99182527   99365012    311      10  105318     -0.63563      0.43672   -4.4409e-16     -0.63563
_SET2_   1977          4   99799607   99851786    143      20  105318     -0.48658      0.37081   -3.8858e-16     -0.48658
_SET2_   79642         4  114821432  114901281    241      22  105318     -0.99139      0.51992   -4.4409e-16     -0.99139
_SET2_   83452         4  140374961  140397070     56       6  105318     -0.15805       0.2976   -3.8858e-16     -0.15805
_SET2_   27309         4  142142049  142155851     20       4  105318      0.91296     0.058564   -4.4409e-16      0.91296
_SET2_   2743          4  157997277  158093251    290      17  105318     -0.76063      0.46038   -4.4409e-16     -0.76063
_SET2_   1363          4  166300097  166419482    516      22  105318       0.5458     0.042836   -4.4409e-16       0.5458
_SET2_   22948         5   10250041   10266501     75       4  105318      -1.4319      0.79941   -4.4409e-16      -1.4319
_SET2_   90441         5   16451628   16465894     31       7  105318     -0.49948      0.41355   -3.8858e-16     -0.49948
_SET2_   1016          5   19473140   20575972   2620      87  105318      -1.2668      0.11088   -4.4409e-16      -1.2668
_SET2_   7690          5   43120985   43176351    234      18  105318      0.45483     0.090202   -3.8858e-16      0.45483
_SET2_   10605         5   43526369   43557521     55       6  105318     -0.36076      0.35227   -3.8858e-16     -0.36076
_SET2_   23517         5   54603576   54721409    250      10  105318       -1.708      0.82212   -4.4409e-16       -1.708
_SET2_   10283         5   64064755   64314590    465      21  105318     0.032541      0.12025   -3.9552e-16     0.032541
_SET2_   140890        5   65440046   65479444     53       7  105318      -2.0068      0.90969   -4.4409e-16      -2.0068
_SET2_   64087         5   70883115   70954533    142      12  105318      0.56493     0.078781   -4.4409e-16      0.56493
_SET2_   2745          5   95149553   95158577     18       6  105318     -0.36663      0.36048   -3.8858e-16     -0.36663
_SET2_   4001          5  126112315  126172712    170      22  105318     -0.20422      0.25566   -3.8858e-16     -0.20422
_SET2_   1495          5  138089075  138270723    262       7  105318     -0.52875      0.37823   -4.4409e-16     -0.52875
_SET2_   9782          5  138609441  138667366     44       5  105318     -0.87051      0.57496   -4.4409e-16     -0.87051
_SET2_   51247         5  138677519  138705409     25       6  105318     -0.28618      0.34553   -3.8858e-16     -0.28618
_SET2_   51523         5  139028301  139063467     50       7  105318       3.6784   5.5522e-06   -4.4409e-16       3.6784
_SET2_   3550          5  140027384  140042065     19       2  105318       3.9913   2.3775e-06   -4.4409e-16       3.9913
_SET2_   153527        5  140078265  140086248     12       2  105318       3.9002   3.2899e-06   -4.4409e-16       3.9002
_SET2_   56133         5  140474195  140476964      8       2  105318       2.4579    0.0015449   -4.4409e-16       2.4579
_SET2_   6678          5  151040657  151066615     63      11  105318     -0.10376      0.24922   -4.0246e-16     -0.10376
_SET2_   26999         5  156693091  156822606    406      22  105318     -0.50763      0.28809   -4.4409e-16     -0.50763
_SET2_   9685          5  157212751  157286183    191      14  105318      0.60801     0.073479   -4.4409e-16      0.60801
_SET2_   27430         5  162930070  162946359     36       7  105318      0.56708      0.09784   -4.4409e-16      0.56708
_SET2_   6793          5  171469074  171615346    554      45  105318      -1.3405      0.57158   -4.4409e-16      -1.3405
_SET2_   8992          5  172410763  172461900     84      17  105318       1.6388    0.0077953   -4.4409e-16       1.6388
_SET2_   84321         5  175386534  175395318      2       1  105318      0.48989       0.1938   -3.8858e-16      0.48989
_SET2_   1627          5  176883613  176900694      1       1  105318     -0.27648       0.3651   -3.8858e-16     -0.27648
_SET2_   821           5  179125019  179158642     69      10  105318       1.0694     0.031683   -4.4409e-16       1.0694
_SET2_   8878          5  179233388  179265078    120      23  105318      0.83776     0.044704   -4.4409e-16      0.83776
_SET2_   5601          5  179660594  179719071    162      21  105318     -0.23877      0.25659   -3.8858e-16     -0.23877
_SET2_   10399         5  180663928  180671209     27       4  105318     -0.63616      0.55252   -4.4409e-16     -0.63616
_SET2_   221687        6   13924677   13980240    112      13  105318     -0.38041      0.31794   -3.8858e-16     -0.38041
_SET2_   81688         6   24705089   24721064     31       9  105318         0.74      0.07151   -4.4409e-16         0.74
_SET2_   11165         6   34254971   34360457    226      11  105318     -0.26171      0.29837   -3.8858e-16     -0.26171
_SET2_   6428          6   36562090   36572244     36       5  105318      -1.0409       0.7148   -4.4409e-16      -1.0409
_SET2_   55633         6   37225528   37300746    151      11  105318     -0.21225      0.28625   -3.8858e-16     -0.21225
_SET2_   129685        6   42018251   42055093    141      26  105318       0.9723     0.032384   -4.4409e-16       0.9723
_SET2_   988           6   44355251   44418161    113      15  105318      -1.5478      0.80219   -4.4409e-16      -1.5478
_SET2_   2941          6   52842746   52860178     87      12  105318     -0.05071      0.22946   -3.9552e-16     -0.05071
_SET2_   25821         6   74171454   74211179    100      13  105318      0.14324       0.1887   -3.8858e-16      0.14324
_SET2_   1915          6   74225473   74230755     11       2  105318      -1.9158      0.91223   -4.4409e-16      -1.9158
_SET2_   23036         6   87865269   87973926    273      10  105318       0.7442     0.048098   -4.4409e-16       0.7442
_SET2_   57038         6   88223656   88299735    248      16  105318      0.55658     0.073603   -4.4409e-16      0.55658
_SET2_   2045          6   93949738   94129302    436      50  105318       1.0555     0.017059   -4.4409e-16       1.0555
_SET2_   84816         6  107018903  107077373    218      14  105318      -1.0218      0.56823   -4.4409e-16      -1.0218
_SET2_   23270         6  116571127  116575261     11       3  105318     -0.13832      0.30724   -3.8858e-16     -0.13832
_SET2_   3298          6  122720696  122754264     67       9  105318     -0.71846      0.48487   -4.4409e-16     -0.71846
_SET2_   57515         6  122764493  122793051     69      11  105318     -0.97108       0.5813   -4.4409e-16     -0.97108
_SET2_   9053          6  136663419  136871957    183       9  105318      0.44448      0.11654   -3.8858e-16      0.44448
_SET2_   85021         6  139225620  139309419    281      16  105318      -0.7895      0.44882   -4.4409e-16      -0.7895
_SET2_   51390         6  143381979  143661441    519      44  105318       1.8545    0.0015279   -4.4409e-16       1.8545
_SET2_   2519          6  143815949  143833020     29       3  105318      0.78046     0.079816   -4.4409e-16      0.78046
_SET2_   5325          6  144261437  144385736    305      33  105318      -1.3123      0.63111   -4.4409e-16      -1.3123
_SET2_   23118         6  149639436  149732747    263      14  105318      -1.9723      0.85605   -4.4409e-16      -1.9723
_SET2_   26230         6  155316488  155578857   1005      87  105318     -0.52785      0.18366   -4.4409e-16     -0.52785
_SET2_   51429         6  158137078  158366109    734      39  105318      -1.1428      0.43143   -4.4409e-16      -1.1428
_SET2_   8635          6  167342992  167370077     85      19  105318     -0.25171       0.2916   -3.8858e-16     -0.25171
_SET2_   84498         6  170615812  170716155    252      15  105318       2.2392   0.00090847   -4.4409e-16       2.2392
_SET2_   26100         7    5229835    5273486    149      22  105318      0.40874      0.10538   -3.8858e-16      0.40874
_SET2_   3382          7    8152814    8302242    587      67  105318      -1.3698      0.60187   -4.4409e-16      -1.3698
_SET2_   4697          7   10971580   10979813     23       6  105318       0.0595      0.22035   -3.9552e-16       0.0595
_SET2_   55975         7   23145353   23215040    196      11  105318      0.72085     0.058251   -4.4409e-16      0.72085
_SET2_   54205         7   25158270   25164980     12       4  105318     -0.78849      0.55847   -4.4409e-16     -0.78849
_SET2_   8887          7   27778992   27869386    179      23  105318       1.5034    0.0088597   -4.4409e-16       1.5034
_SET2_   2617          7   30634181   30673649     98      13  105318     -0.78522      0.52706   -4.4409e-16     -0.78522
_SET2_   27241         7   33169144   33645680   1372      45  105318      -1.8924      0.51728   -4.4409e-16      -1.8924
_SET2_   23072         7   43152198   43603213   1378     100  105318      -3.1737      0.93056   -4.4409e-16      -3.1737
_SET2_   5425          7   44154279   44163267     19       6  105318      -2.1412      0.92457   -4.4409e-16      -2.1412
_SET2_   816           7   44256749   44365230    284      24  105318     -0.32061       0.2572   -3.8858e-16     -0.32061
_SET2_   23386         7   44421965   44530474    215       9  105318       2.6805    0.0002637   -4.4409e-16       2.6805
_SET2_   26053         7   69063905   70257885   2455      85  105318     -0.92862     0.063678   -4.4409e-16     -0.92862
_SET2_   2006          7   73442119   73484237     65      15  105318      0.13177      0.19004   -3.8858e-16      0.13177
_SET2_   3984          7   73498107   73536855     62       9  105318       2.0301    0.0033518   -4.4409e-16       2.0301
_SET2_   57414         7   75508317   75518244     17       5  105318     0.029135      0.25106   -3.9552e-16     0.029135
_SET2_   4191          7   75677182   75696826     47       6  105318      -2.4156      0.95687   -4.4409e-16      -2.4156
_SET2_   7532          7   75956108   75988342     65      10  105318     -0.80741      0.51343   -4.4409e-16     -0.80741
_SET2_   889           7   91828283   91875414     44       7  105318      0.86357      0.05655   -4.4409e-16      0.86357
_SET2_   8910          7   94214536   94285521     91       9  105318       3.4167   1.6979e-05   -4.4409e-16       3.4167
_SET2_   10980         7   99686583   99689823      5       2  105318     0.098767      0.32575   -4.0246e-16     0.098767
_SET2_   222950        7  100081550  100092425     21       6  105318      0.82461     0.068745   -4.4409e-16      0.82461
_SET2_   2783          7  100271363  100276792      7       4  105318       3.7042   9.4676e-06   -4.4409e-16       3.7042
_SET2_   1174          7  100797685  100804557     28       5  105318      0.88976     0.056705   -4.4409e-16      0.88976
_SET2_   4897          7  107788071  108096841   1075      47  105318       1.1787    0.0027892   -4.4409e-16       1.1787
_SET2_   830           7  116502533  116559315     59       6  105318       1.0875     0.036379   -4.4409e-16       1.0875
_SET2_   54556         7  120590817  120615711     37       4  105318       1.6253      0.01243   -4.4409e-16       1.6253
_SET2_   381           7  127228406  127231759      9       3  105318       1.1902     0.032651   -4.4409e-16       1.1902
_SET2_   51631         7  139025105  139108203    236       5  105318      0.72514     0.066679   -4.4409e-16      0.72514
_SET2_   8454          7  148395631  148498202    215      18  105318     -0.14022      0.21711   -3.8858e-16     -0.14022
_SET2_   3757          7  150642044  150675402     72      12  105318     -0.29771      0.30797   -3.8858e-16     -0.29771
_SET2_   116988        7  150782918  150841523    142      19  105318       2.3298   0.00068336   -4.4409e-16       2.3298
_SET2_   3361          7  154862034  154879102     58       7  105318       2.2022    0.0016944   -4.4409e-16       2.2022
_SET2_   10049         7  157129692  157210133    256      18  105318     -0.15492      0.21205   -3.8858e-16     -0.15492
_SET2_   10174         8   22402228   22433008     61      18  105318       1.7601    0.0045608   -4.4409e-16       1.7601
_SET2_   4741          8   24770712   24776607      4       2  105318      -1.8498      0.90979   -4.4409e-16      -1.8498
_SET2_   1191          8   27454434   27472328     38       6  105318       4.2448   3.4014e-07             0       4.2448
_SET2_   23484         8   29952922   29995222     77       7  105318     -0.78094      0.56002   -4.4409e-16     -0.78094
_SET2_   3084          8   31496820   32622558   3557     132  105318      -1.2805      0.15448   -4.4409e-16      -1.2805
_SET2_   9070          8   37962483   37997598     11       4  105318     -0.32834      0.39068   -3.8858e-16     -0.32834
_SET2_   5423          8   42195973   42229331     57       7  105318       1.3155     0.030675   -4.4409e-16       1.3155
_SET2_   7419          8   42249279   42263455     13       4  105318      -1.2658      0.80882   -4.4409e-16      -1.2658
_SET2_   5591          8   48685669   48872743    127      16  105318      0.48208      0.12115   -3.8858e-16      0.48208
_SET2_   51606         8   54628103   54756099    142       8  105318      -1.1302      0.68972   -4.4409e-16      -1.1302
_SET2_   29088         8   55047781   55061074     29       4  105318      -1.2923      0.75703   -4.4409e-16      -1.2923
_SET2_   79145         8   57124315   57131178      9       5  105318     -0.38556      0.42549   -3.8858e-16     -0.38556
_SET2_   444           8   62413115   62627199    504      32  105318    -0.073644      0.14735   -4.0246e-16    -0.073644
_SET2_   23212         8   67341263   67342968      5       2  105318      0.08191      0.36712   -4.0246e-16      0.08191
_SET2_   6129          8   74202874   74205869      8       4  105318       1.3112     0.023897   -4.4409e-16       1.3112
_SET2_   27067         8   74332604   74659943    939      40  105318       2.1148    0.0001597   -4.4409e-16       2.1148
_SET2_   5828          8   77892494   77913280     48      10  105318      -1.1033      0.65439   -4.4409e-16      -1.1033
_SET2_   3612          8   82569151   82599029     76      15  105318       -2.358      0.94753   -4.4409e-16       -2.358
_SET2_   79752         8   82613566   82633539     69      12  105318      -2.4509      0.95661   -4.4409e-16      -2.4509
_SET2_   11059         8   87354965   87480181    334      18  105318      -1.4399      0.67492   -4.4409e-16      -1.4399
_SET2_   7534          8  101930804  101965717     84       9  105318       2.0256    0.0029155   -4.4409e-16       2.0256
_SET2_   79870         8  104152921  104242533    307      33  105318      0.55034     0.063484   -4.4409e-16      0.55034
_SET2_   9166          8  110551929  110578225     39      10  105318     0.090462      0.21201   -4.0246e-16     0.090462
_SET2_   55638         8  110586405  110704020    259      18  105318       1.3356     0.012979   -4.4409e-16       1.3356
_SET2_   79139         8  124025404  124054663     72      12  105318     0.034404      0.21236   -3.9552e-16     0.034404
_SET2_   116447        8  144391494  144442147    168      16  105318    0.0046237       0.1894   -3.9638e-16    0.0046237
_SET2_   642475        8  144648362  144654928     24       5  105318       1.2399     0.025314   -4.4409e-16       1.2399
_SET2_   84232         8  145159305  145162515      3       1  105318     -0.16113      0.41212   -3.8858e-16     -0.16113
_SET2_   26233         8  145579088  145582183      3       1  105318      0.66645      0.11589   -4.4409e-16      0.66645
_SET2_   51160         8  145648984  145653946      7       2  105318      0.87692     0.068269   -4.4409e-16      0.87692
_SET2_   6132          8  146015152  146017805      4       2  105318     -0.48265       0.4455   -3.8858e-16     -0.48265
_SET2_   23081         9    6720863    7175648   2093      99  105318       1.9029   1.2056e-05   -4.4409e-16       1.9029
_SET2_   4300          9   20341663   20622514    450      48  105318     -0.31562      0.22092   -3.8858e-16     -0.31562
_SET2_   1993          9   23690097   23826342    354      35  105318       1.5612    0.0056778   -4.4409e-16       1.5612
_SET2_   9373          9   26903368   26947468    149      15  105318       2.1209    0.0020268   -4.4409e-16       2.1209
_SET2_   364           9   33384948   33402643     41       9  105318       0.5866     0.091695   -4.4409e-16       0.5866
_SET2_   1271          9   34551425   34590713    113      17  105318       1.7657    0.0052612   -4.4409e-16       1.7657
_SET2_   7415          9   35056065   35072739     31       7  105318       1.8863    0.0048368   -4.4409e-16       1.8863
_SET2_   2189          9   35073833   35080043     10       5  105318       1.9464    0.0043503   -4.4409e-16       1.9464
_SET2_   26206         9   35807782   35812269      4       2  105318      -0.1283      0.32548   -3.8858e-16      -0.1283
_SET2_   414328        9   86237964   86259045     52       9  105318        1.405     0.015121   -4.4409e-16        1.405
_SET2_   10507         9   91975706   92112906    464      42  105318      -1.7618      0.75163   -4.4409e-16      -1.7618
_SET2_   64768         9   95375466   95432547    145      15  105318    -0.077369      0.24448   -4.0246e-16    -0.077369
_SET2_   55755         9  123151147  123342448    245      22  105318      -0.7595      0.47013   -4.4409e-16      -0.7595
_SET2_   1025          9  130548305  130553052      8       2  105318      0.23665      0.20451   -3.8858e-16      0.23665
_SET2_   25792         9  130928344  130966662     85       9  105318       1.9776    0.0031216   -4.4409e-16       1.9776
_SET2_   51759         9  132589564  132597572     48       3  105318       1.1978     0.036197   -4.4409e-16       1.1978
_SET2_   8021          9  134000948  134110057    203      14  105318      0.82803     0.051491   -4.4409e-16      0.82803
_SET2_   10439         9  137967089  138013030    206      34  105318     -0.49158      0.34072   -3.8858e-16     -0.49158
_SET2_   54461         9  139834885  139839298      6       2  105318     -0.63221      0.49945   -4.4409e-16     -0.63221
_SET2_   54932         9  140201346  140317714      1       1  105318     -0.76237       0.7473   -4.4409e-16     -0.76237
_SET2_   84991        10    6130949    6159422     84      18  105318      0.51742     0.095831   -4.4409e-16      0.51742
_SET2_   509          10    7830093    7849764     56       7  105318     -0.26996      0.32211   -3.8858e-16     -0.26996
_SET2_   10730        10   27399040   27443349    160      13  105318      0.02833      0.19965   -3.9552e-16      0.02833
_SET2_   51008        10   73855790   73976892    189      14  105318       2.3045   0.00097695   -4.4409e-16       2.3045
_SET2_   54788        10   74092588   74114907     57       3  105318     -0.59858      0.59132   -4.4409e-16     -0.59858
_SET2_   11319        10   74894282   74927853     76       1  105318      0.53458      0.22308   -4.4409e-16      0.53458
_SET2_   7414         10   75757836   75879918    166      19  105318      -1.4867      0.72621   -4.4409e-16      -1.4867
_SET2_   7417         10   76969912   76991206     42       9  105318      -0.8593      0.56015   -4.4409e-16      -0.8593
_SET2_   54708        10   94050920   94113721     79      10  105318       0.7147     0.065074   -4.4409e-16       0.7147
_SET2_   51013        10   99195666   99205808     23       6  105318      -1.3583      0.75296   -4.4409e-16      -1.3583
_SET2_   64210        10   99218081   99258521     68      11  105318     -0.30826      0.31529   -3.8858e-16     -0.30826
_SET2_   56652        10  102747293  102754159     13       2  105318     -0.17292       0.3647   -3.8858e-16     -0.17292
_SET2_   79892        10  121588916  121633140    130      10  105318     -0.50726      0.41404   -4.4409e-16     -0.50726
_SET2_   11196        10  121652085  121704170    175      12  105318     0.075162      0.19357   -4.0246e-16     0.075162
_SET2_   1488         10  126676418  126849624    677      67  105318     -0.88561      0.37735   -4.4409e-16     -0.88561
_SET2_   55844        10  133747957  133770054     50       7  105318      -0.2714      0.31994   -3.8858e-16      -0.2714
_SET2_   5719         11     236808     252984     84      10  105318      -1.4569       0.7516   -4.4409e-16      -1.4569
_SET2_   64787        11     706120     727727     73      19  105318    -0.092102      0.23007   -4.0246e-16    -0.092102
_SET2_   79751        11     790475     798269     10       5  105318      -1.7618      0.87093   -4.4409e-16      -1.7618
_SET2_   81532        11    1490685    1507948     48       7  105318        1.148     0.031098   -4.4409e-16        1.148
_SET2_   1509         11    1773982    1785222     37       7  105318     -0.69167      0.52061   -4.4409e-16     -0.69167
_SET2_   975          11    2397391    2418649     24       2  105318     -0.38333       0.4536   -3.8858e-16     -0.38333
_SET2_   283298       11    7506600    7533128    108      13  105318      -1.6388      0.80171   -4.4409e-16      -1.6388
_SET2_   79608        11    8127597    8190590    192      17  105318      0.49766     0.095442   -3.8858e-16      0.49766
_SET2_   56674        11    8968840    8986553     46       6  105318      -1.4914      0.77833   -4.4409e-16      -1.4914
_SET2_   7702         11    9482512    9550071    129      14  105318     -0.53077      0.37908   -4.4409e-16     -0.53077
_SET2_   10944        11   16760148   16779901     38       8  105318       1.5669      0.01047   -4.4409e-16       1.5669
_SET2_   7251         11   18501858   18548503    114      12  105318     0.030031      0.20188   -3.9552e-16     0.030031
_SET2_   55761        11   43380435   43516483    284      26  105318     0.051241      0.16647   -3.9552e-16     0.051241
_SET2_   9537         11   44907454   44972919    188      33  105318      0.47447     0.082451   -3.8858e-16      0.47447
_SET2_   29763        11   47199073   47208010     17       5  105318       2.6913   0.00039565   -4.4409e-16       2.6913
_SET2_   9246         11   57319128   57335803     46       8  105318       1.5858    0.0095619   -4.4409e-16       1.5858
_SET2_   26007        11   61100654   61120898      7       4  105318        0.897     0.096214   -4.4409e-16        0.897
_SET2_   26580        11   62457734   62477091     34       5  105318      -1.0709      0.67043   -4.4409e-16      -1.0709
_SET2_   55611        11   63753325   63765892     18       4  105318       3.0119   0.00011464   -4.4409e-16       3.0119
_SET2_   10235        11   64494383   64512928     18       3  105318       0.0167      0.31879   -3.9552e-16       0.0167
_SET2_   10938        11   64620206   64647181     58       6  105318       2.6676   0.00054115   -4.4409e-16       2.6676
_SET2_   738          11   64863587   64879332     24       9  105318     -0.53514      0.46019   -4.4409e-16     -0.53514
_SET2_   10534        11   65336651   65340075     10       3  105318      0.97367     0.058804   -4.4409e-16      0.97367
_SET2_   91056        11   65541369   65548062     10       3  105318       3.6013    9.926e-06   -4.4409e-16       3.6013
_SET2_   30008        11   65633912   65640405      9       2  105318     -0.16955       0.3232   -3.8858e-16     -0.16955
_SET2_   10432        11   66384053   66397405      7       3  105318      -0.7536       0.5572   -4.4409e-16      -0.7536
_SET2_   5936         11   66406088   66435856     24       9  105318       0.8714     0.053968   -4.4409e-16       0.8714
_SET2_   338692       11   67056762   67069955     14       4  105318      0.59421      0.15887   -4.4409e-16      0.59421
_SET2_   3508         11   68671319   68708070     95       9  105318     -0.03635      0.22554   -3.9552e-16     -0.03635
_SET2_   55004        11   71805371   71814433     12       3  105318       1.0124     0.058962   -4.4409e-16       1.0124
_SET2_   9789         11   74660292   74690076     52       8  105318    -0.020784      0.22815   -3.9552e-16    -0.020784
_SET2_   79053        11   77811988   77850699    220       9  105318       1.7477    0.0049376   -4.4409e-16       1.7477
_SET2_   8301         11   85668214   85780923    317      18  105318       1.1542     0.016288   -4.4409e-16       1.1542
_SET2_   9702         11   95523625   95565857    137      12  105318       0.4138      0.10772   -3.8858e-16       0.4138
_SET2_   6392         11  111957548  111966525      5       2  105318       -0.752      0.56085   -4.4409e-16       -0.752
_SET2_   1798         11  118967213  118973124     11       3  105318     0.038171      0.24544   -3.9552e-16     0.038171
_SET2_   9854         11  118977771  118988304     27       5  105318     -0.38058       0.3742   -3.8858e-16     -0.38058
_SET2_   7070         11  119288655  119294246     11       2  105318     -0.61915      0.51567   -4.4409e-16     -0.61915
_SET2_   23365        11  120207264  120360645    244      15  105318      0.81965     0.040387   -4.4409e-16      0.81965
_SET2_   79864        11  122753236  122830430    223      32  105318       2.5431   0.00027329   -4.4409e-16       2.5431
_SET2_   54414        11  124505685  124546199     71       5  105318       1.7286     0.019264   -4.4409e-16       1.7286
_SET2_   334          11  129939716  130014706    226      13  105318      0.99053     0.042014   -4.4409e-16      0.99053
_SET2_   112937       11  134145293  134189458    132      21  105318        0.852     0.042193   -4.4409e-16        0.852
_SET2_   1108         12    6679248    6716551     72       7  105318     -0.69948      0.51882   -4.4409e-16     -0.69948
_SET2_   1911         12    9067292    9094063     62       9  105318      -2.1409      0.91644   -4.4409e-16      -2.1409
_SET2_   51729        12   14937513   14956420     29       8  105318       2.3689   0.00093525   -4.4409e-16       2.3689
_SET2_   51768        12   27124503   27167360    118      22  105318     0.049867      0.18881   -3.9552e-16     0.049867
_SET2_   9412         12   27175455   27183606     18       7  105318     -0.93307      0.59724   -4.4409e-16     -0.93307
_SET2_   5213         12   48499656   48540187     99      14  105318       0.4543      0.10461   -3.8858e-16       0.4543
_SET2_   377          12   49329987   49351309     68       8  105318      -2.5164      0.96013   -4.4409e-16      -2.5164
_SET2_   6602         12   50478760   50494494     16       3  105318       2.9936   0.00012775   -4.4409e-16       2.9936
_SET2_   2819         12   50497602   50505103      6       3  105318       3.0932   9.1521e-05   -4.4409e-16       3.0932
_SET2_   60314        12   53693132   53700965      8       3  105318       1.4154     0.024109   -4.4409e-16       1.4154
_SET2_   7786         12   53873456   53893444     15       7  105318       3.2765   4.0592e-05   -4.4409e-16       3.2765
_SET2_   3178         12   54674480   54680871      5       2  105318      0.89263      0.07417   -4.4409e-16      0.89263
_SET2_   967          12   56119227   56123457      5       2  105318      -1.5347      0.86971   -4.4409e-16      -1.5347
_SET2_   1017         12   56360556   56366573      7       4  105318     -0.28031      0.37994   -3.8858e-16     -0.28031
_SET2_   5036         12   56498103   56507694      7       3  105318     -0.90266      0.65261   -4.4409e-16     -0.90266
_SET2_   4637         12   56552045   56555366      4       1  105318      0.25615      0.26378   -3.8858e-16      0.25615
_SET2_   10193        12   56596288   56615753     19       8  105318     -0.70889       0.5516   -4.4409e-16     -0.70889
_SET2_   8914         12   56810157   56843200     79       6  105318        1.422     0.015122   -4.4409e-16        1.422
_SET2_   55508        12   69139910   69159853     36      12  105318     -0.82165      0.52915   -4.4409e-16     -0.82165
_SET2_   552889       12   74931551   74935232      7       3  105318       1.1397     0.040296   -4.4409e-16       1.1397
_SET2_   694          12   92534054   92539673     15       6  105318      -0.5516      0.44993   -4.4409e-16      -0.5516
_SET2_   51019        12  102406717  102455902    100      15  105318      -2.3999      0.95156   -4.4409e-16      -2.3999
_SET2_   9733         12  108915991  108955165    128      11  105318      -1.2941      0.69561   -4.4409e-16      -1.2941
_SET2_   51434        12  110810705  110841535     69       9  105318       4.1844   6.0813e-07             0       4.1844
_SET2_   8550         12  112280032  112331228     96       4  105318      0.45785      0.14368   -3.8858e-16      0.45785
_SET2_   79039        12  113594978  113623284     46       4  105318      0.58816      0.13079   -4.4409e-16      0.58816
_SET2_   64897        12  121440835  121454300     53      12  105318       2.0541    0.0023762   -4.4409e-16       2.0541
_SET2_   5715         12  122326637  122355771     72       9  105318       1.3155     0.018433   -4.4409e-16       1.3155
_SET2_   65117        12  122989190  123011560     34       4  105318       2.5757   0.00055612   -4.4409e-16       2.5757
_SET2_   84660        12  123259056  123311927    169      13  105318      0.48549       0.1146   -3.8858e-16      0.48549
_SET2_   387893       12  123868704  123893900     54       8  105318       5.1828   2.1418e-09             0       5.1828
_SET2_   80324        12  132413745  132428406     30       6  105318        1.545     0.015076   -4.4409e-16        1.545
_SET2_   100289635    12  133498019  133532908     20       5  105318      0.77717     0.067868   -4.4409e-16      0.77717
_SET2_   2254         13   22245215   22278640     62       8  105318     -0.11123      0.26182   -4.0246e-16     -0.11123
_SET2_   23143        13   47127296   47327176    521      28  105318       2.3023   0.00026834   -4.4409e-16       2.3023
_SET2_   7347         13   76123616   76180156    154      14  105318     -0.68979      0.43814   -4.4409e-16     -0.68979
_SET2_   9375         13  100153628  100216302    139      20  105318      -0.7905      0.49149   -4.4409e-16      -0.7905
_SET2_   2621         13  114523522  114567046    172      18  105318      -1.1756      0.63199   -4.4409e-16      -1.1756
_SET2_   5875         14   24734744   24740833     20       4  105318       0.8354     0.068723   -4.4409e-16       0.8354
_SET2_   4857         14   26915089   27067239    231      11  105318       1.0292     0.030743   -4.4409e-16       1.0292
_SET2_   25831        14   31569323   31677266    129      13  105318        2.308   0.00090098   -4.4409e-16        2.308
_SET2_   4792         14   35870716   35873960     12       4  105318      -0.3296      0.36399   -3.8858e-16      -0.3296
_SET2_   9147         14   50250528   50319763     55       9  105318      0.40686      0.13375   -3.8858e-16      0.40686
_SET2_   11183        14   50885211   50999376    190      20  105318      0.74256     0.065018   -4.4409e-16      0.74256
_SET2_   81542        14   51706886   51724373     43       8  105318       0.7242     0.071695   -4.4409e-16       0.7242
_SET2_   55745        14   57735606   57756797     24       5  105318      -1.4849      0.83093   -4.4409e-16      -1.4849
_SET2_   5684         14   58711523   58738727     45       8  105318       1.8044    0.0058839   -4.4409e-16       1.8044
_SET2_   22890        14   64971292   65000408     83       8  105318       1.5281     0.011752   -4.4409e-16       1.5281
_SET2_   51109        14   68143517   68162510     30       8  105318      0.69144     0.082678   -4.4409e-16      0.69144
_SET2_   87           14   69340840   69446083    383      40  105318     -0.54226      0.31704   -4.4409e-16     -0.54226
_SET2_   6430         14   70233812   70238722      6       3  105318      0.30066      0.18461   -3.8858e-16      0.30066
_SET2_   58517        14   73525221   73588749    124      19  105318       0.5102     0.095603   -4.4409e-16       0.5102
_SET2_   91754        14   75548818   75593778     64       4  105318     -0.61132      0.46644   -4.4409e-16     -0.61132
_SET2_   10598        14   77924373   77935815     53       7  105318      0.95521     0.043857   -4.4409e-16      0.95521
_SET2_   22938        14   78183942   78227542    158      16  105318      -1.7369      0.80994   -4.4409e-16      -1.7369
_SET2_   9369         14   78636716   80334633   4022     213  105318       2.2394   2.0475e-06   -4.4409e-16       2.2394
_SET2_   55775        14   90421944   90511108    223      13  105318      -2.2481      0.95329   -4.4409e-16      -2.2481
_SET2_   145567       14   91006932   91282823    885      68  105318       2.0537   0.00031255   -4.4409e-16       2.0537
_SET2_   57062        14   94517268   94547558     87       6  105318      0.76883     0.067415   -4.4409e-16      0.76883
_SET2_   123099       14  100612753  100626012     39       9  105318       1.1084     0.033074   -4.4409e-16       1.1084
_SET2_   91833        14  102606189  102690010    182      20  105318      -0.1569      0.26726   -3.8858e-16      -0.1569
_SET2_   79038        14  104182081  104200005     42       9  105318       6.3863   4.3071e-13             0       6.3863
_SET2_   23368        14  104200088  104315116    246      12  105318       6.0834   1.3157e-12             0       6.0834
_SET2_   81614        15   23004684   23034427    133      13  105318      0.39732      0.11374   -3.8858e-16      0.39732
_SET2_   8926         15   25200070   25223729     37       7  105318     -0.66218       0.4866   -4.4409e-16     -0.66218
_SET2_   6727         15   40327891   40331389     12       4  105318     -0.12144      0.29922   -4.0246e-16     -0.12144
_SET2_   6692         15   41136246   41149853     39       5  105318     -0.87065      0.59794   -4.4409e-16     -0.87065
_SET2_   2923         15   44038326   44064804     34       5  105318       3.2469   5.1511e-05   -4.4409e-16       3.2469
_SET2_   90525        15   45459412   45493373     56       9  105318      -2.4437       0.9532   -4.4409e-16      -2.4437
_SET2_   1854         15   48623215   48635570      5       1  105318      0.42499      0.18807   -3.8858e-16      0.42499
_SET2_   9318         15   49417471   49447854     75      12  105318       1.6619    0.0071005   -4.4409e-16       1.6619
_SET2_   54822        15   50849351   50979012    392      17  105318      -1.3797      0.62924   -4.4409e-16      -1.3797
_SET2_   10681        15   52413123   52483565    204      19  105318      -2.5926       0.9597   -4.4409e-16      -2.5926
_SET2_   10776        15   52839384   52861436     64       7  105318       1.8691    0.0060371   -4.4409e-16       1.8691
_SET2_   56204        15   52873518   52971569    188      16  105318       2.9548   8.1935e-05   -4.4409e-16       2.9548
_SET2_   2958         15   59930261   59949737     62       6  105318      0.56128      0.10045   -4.4409e-16      0.56128
_SET2_   84465        15   66187634   66546075   1117     107  105318     -0.95436      0.32025   -4.4409e-16     -0.95436
_SET2_   10302        15   66782666   66790146     15       6  105318     -0.85625      0.58003   -4.4409e-16     -0.85625
_SET2_   8125         15   69070874   69113261     72      13  105318      -0.4018      0.36117   -3.8858e-16      -0.4018
_SET2_   55323        15   71123889   71146498     39       7  105318     -0.26874      0.32384   -3.8858e-16     -0.26874
_SET2_   5315         15   72491370   72523901     41       7  105318       0.3842      0.15289   -3.8858e-16       0.3842
_SET2_   27020        15   73852344   73925753    123      13  105318      -1.0349      0.60819   -4.4409e-16      -1.0349
_SET2_   8482         15   74701630   74726299     65      14  105318      0.98939     0.041206   -4.4409e-16      0.98939
_SET2_   49855        15   76640526   77197796   1070      21  105318     -0.12888     0.069243   -3.8858e-16     -0.12888
_SET2_   84894        15   77905369   77988490    222      23  105318       1.2343     0.017845   -4.4409e-16       1.2343
_SET2_   5685         15   78832747   78841562     30       4  105318       2.7415    0.0003156   -4.4409e-16       2.7415
_SET2_   50810        15   83806804   83876770    119      10  105318       1.1474     0.029275   -4.4409e-16       1.1474
_SET2_   5428         15   89859536   89878026     30       4  105318        1.984    0.0038958   -4.4409e-16        1.984
_SET2_   348110       15   90443832   90456222     26       8  105318  -0.00071327      0.23037   -3.9671e-16  -0.00071327
_SET2_   10573        16     417384     420584     17       5  105318       1.4786     0.015996   -4.4409e-16       1.4786
_SET2_   10273        16     730115     732768      4       2  105318       -1.108      0.71009   -4.4409e-16       -1.108
_SET2_   7329         16    1357420    1377019    110       9  105318        1.515     0.012182   -4.4409e-16        1.515
_SET2_   84572        16    1401900    1413352     21       8  105318       1.0788     0.037146   -4.4409e-16       1.0788
_SET2_   9351         16    2076869    2089027     28       7  105318      -2.4865      0.96188   -4.4409e-16      -2.4865
_SET2_   25837        16    2198145    2204141      6       2  105318     -0.58122      0.51136   -4.4409e-16     -0.58122
_SET2_   527          16    2563727    2570224      1       1  105318       1.6757       0.0369   -4.4409e-16       1.6757
_SET2_   79228        16    3074032    3077756      8       4  105318     -0.51628      0.43867   -4.4409e-16     -0.51628
_SET2_   29965        16    4560676    4588816     67       7  105318       4.1394   6.3048e-07             0       4.1394
_SET2_   26048        16    4800815    4817219     77      10  105318       1.2929      0.01958   -4.4409e-16       1.2929
_SET2_   408050       16   16326389   16388668      6       1  105318     -0.66523      0.57627   -4.4409e-16     -0.66523
_SET2_   57146        16   21169703   21191937     45       9  105318     -0.16654      0.27725   -3.8858e-16     -0.16654
_SET2_   51108        16   21608543   21668792     66      14  105318        2.589   0.00040569   -4.4409e-16        2.589
_SET2_   7385         16   21964609   21994668     24       6  105318       3.4612   2.3149e-05   -4.4409e-16       3.4612
_SET2_   23062        16   23474863   23521815     70       7  105318      0.84629     0.068522   -4.4409e-16      0.84629
_SET2_   7284         16   28853732   28857729      7       2  105318       2.0788    0.0036162   -4.4409e-16       2.0788
_SET2_   4150         16   29817417   29822504      2       1  105318       1.8911     0.010176   -4.4409e-16       1.8911
_SET2_   112476       16   29823409   29827202      4       2  105318       1.4785     0.025327   -4.4409e-16       1.4785
_SET2_   8448         16   30016835   30023424     12       2  105318        5.846   5.7148e-11             0        5.846
_SET2_   11151        16   30194731   30200397      6       3  105318       1.9568    0.0047195   -4.4409e-16       1.9568
_SET2_   6810         16   31044416   31051489     12       3  105318      0.12571      0.21609   -3.8858e-16      0.12571
_SET2_   10294        16   46989274   47007625     14       5  105318       0.1615      0.22647   -3.8858e-16       0.1615
_SET2_   5257         16   47495047   47735434    172      13  105318       1.1988     0.029809   -4.4409e-16       1.1988
_SET2_   55027        16   50099881   50139392    102       8  105318      0.80278     0.062756   -4.4409e-16      0.80278
_SET2_   64400        16   53525192   53538323     16       3  105318      -1.6589      0.84458   -4.4409e-16      -1.6589
_SET2_   55239        16   56485424   56511407     60       9  105318      0.97119     0.047313   -4.4409e-16      0.97119
_SET2_   89970        16   57220026   57274385     94      13  105318      0.68598     0.081836   -4.4409e-16      0.68598
_SET2_   64785        16   58426298   58440048     33       8  105318     -0.26557      0.36913   -3.8858e-16     -0.26557
_SET2_   65009        16   58497549   58547523    125      33  105318          3.5    6.766e-06   -4.4409e-16          3.5
_SET2_   9114         16   67471917   67515089     49      10  105318       2.7527   0.00054897   -4.4409e-16       2.7527
_SET2_   79567        16   67562717   67580691     23       7  105318       1.4646     0.023536   -4.4409e-16       1.4646
_SET2_   1001         16   68678151   68732959    146      14  105318     -0.17689        0.246   -3.8858e-16     -0.17689
_SET2_   2734         16   74481325   74641042    463      24  105318        3.262   6.3835e-06   -4.4409e-16        3.262
_SET2_   9564         16   75262928   75301951    163      16  105318     -0.98545       0.5663   -4.4409e-16     -0.98545
_SET2_   3735         16   75661622   75681585     69      13  105318     -0.25729      0.33715   -3.8858e-16     -0.25729
_SET2_   79791        16   87362942   87425708    203      29  105318      0.25308      0.12185   -3.8858e-16      0.25308
_SET2_   54971        16   87984231   88110924     75       6  105318      -1.7681      0.84878   -4.4409e-16      -1.7681
_SET2_   55275        17     411908     618096    684      30  105318     0.063951     0.089093   -4.0246e-16     0.063951
_SET2_   7531         17    1247833    1303669    201      23  105318       3.4655   6.1568e-06   -4.4409e-16       3.4655
_SET2_   51763        17    1397869    1420182     77      12  105318      0.64668     0.081698   -4.4409e-16      0.64668
_SET2_   10514        17    4442191    4458921     27       8  105318      0.21357      0.17959   -3.8858e-16      0.21357
_SET2_   8402         17    4840425    4843462      3       1  105318      -2.5977      0.99065   -4.4409e-16      -2.5977
_SET2_   7775         17    5009029    5026411     43      11  105318       1.3952     0.015436   -4.4409e-16       1.3952
_SET2_   1742         17    7093209    7123369     43       9  105318       2.7617    0.0002192   -4.4409e-16       2.7617
_SET2_   1984         17    7210318    7215782     11       3  105318     -0.59647      0.47424   -4.4409e-16     -0.59647
_SET2_   1973         17    7476024    7482324     20       6  105318       0.4594      0.13172   -3.8858e-16       0.4594
_SET2_   116840       17    7835442    7853237     45       4  105318       1.9862    0.0037681   -4.4409e-16       1.9862
_SET2_   6154         17    8280834    8286565     13       3  105318     0.070987      0.23845   -4.0246e-16     0.070987
_SET2_   60528        17   12894929   12921381    155       7  105318       2.9377   0.00010198   -4.4409e-16       2.9377
_SET2_   7156         17   18177235   18218321     80       7  105318     -0.23139      0.30219   -3.8858e-16     -0.23139
_SET2_   51030        17   18684458   18710027     57       8  105318       2.5709   0.00043568   -4.4409e-16       2.5709
_SET2_   5636         17   18759612   18834600    243      14  105318       1.9972    0.0016987   -4.4409e-16       1.9972
_SET2_   3980         17   33307517   33332088     22       6  105318     -0.21803      0.31554   -3.8858e-16     -0.21803
_SET2_   3975         17   35294772   35301915     13       4  105318      0.40661      0.23464   -3.8858e-16      0.40661
_SET2_   10948        17   37793333   37820454     69       8  105318       1.4443      0.02143   -4.4409e-16       1.4443
_SET2_   10197        17   40985159   40995777      4       2  105318        0.222      0.23905   -3.8858e-16        0.222
_SET2_   80755        17   41102543   41116515     11       2  105318        1.365     0.026608   -4.4409e-16        1.365
_SET2_   79877        17   43100706   43138473     97      12  105318       1.1903     0.022476   -4.4409e-16       1.1903
_SET2_   4836         17   43138322   43186384    146      16  105318       1.7456    0.0045117   -4.4409e-16       1.7456
_SET2_   29916        17   46184911   46200109     52       9  105318       2.9973   9.6913e-05   -4.4409e-16       2.9973
_SET2_   8405         17   47676246   47755525     86      19  105318      -1.3512      0.70869   -4.4409e-16      -1.3512
_SET2_   201191       17   48188673   48207246     34      11  105318      0.43715      0.11935   -3.8858e-16      0.43715
_SET2_   51747        17   48796926   48830072     72      12  105318     -0.63387      0.44597   -4.4409e-16     -0.63387
_SET2_   10140        17   48939584   48945339      6       3  105318     -0.44878      0.41194   -3.8858e-16     -0.44878
_SET2_   51096        17   49337897   49375294     88      10  105318      0.99092     0.037738   -4.4409e-16      0.99092
_SET2_   404093       17   55938604   56032684    257      38  105318      -1.6503      0.76278   -4.4409e-16      -1.6503
_SET2_   6426         17   56078280   56084707      9       4  105318      0.05564      0.26625   -3.9552e-16      0.05564
_SET2_   140735       17   56160780   56167618      6       3  105318     -0.23794      0.35625   -3.8858e-16     -0.23794
_SET2_   5414         17   56597611   56618179     34       8  105318       2.8092   0.00018799   -4.4409e-16       2.8092
_SET2_   22843        17   56833230   57062540    293      16  105318       2.6495   0.00015005   -4.4409e-16       2.6495
_SET2_   81671        17   57784553   57919610    185      15  105318     -0.53311      0.36932   -4.4409e-16     -0.53311
_SET2_   63897        17   58118790   58156292     37       3  105318       1.1306     0.055432   -4.4409e-16       1.1306
_SET2_   55062        17   66417422   66453653    102      18  105318   0.00021056      0.19942   -3.9671e-16   0.00021056
_SET2_   9368         17   72744751   72765499     19       4  105318      0.12249      0.21925   -4.0246e-16      0.12249
_SET2_   51155        17   73131343   73150775     27       6  105318       2.2363    0.0017213   -4.4409e-16       2.2363
_SET2_   6613         17   73163825   73179098     20       6  105318       2.8321   0.00022191   -4.4409e-16       2.8321
_SET2_   51081        17   73257749   73262457      9       2  105318       1.6709      0.01298   -4.4409e-16       1.6709
_SET2_   6730         17   74034856   74068607     52       3  105318      -1.3157      0.75294   -4.4409e-16      -1.3157
_SET2_   439921       17   74669748   74707056    125      10  105318       2.0713    0.0019042   -4.4409e-16       2.0713
_SET2_   10801        17   75277492   75496678    634      59  105318     -0.89966      0.37322   -4.4409e-16     -0.89966
_SET2_   125058       17   77906142   78009657    314      65  105318     -0.27041      0.25864   -3.8858e-16     -0.27041
_SET2_   4884         17   78440633   78450404     34       9  105318       3.3307   2.0384e-05   -4.4409e-16       3.3307
_SET2_   9146         17   79650962   79669151     74       8  105318        0.185      0.19494   -3.8858e-16        0.185
_SET2_   5034         17   79801034   79818566     29       2  105318      0.63548       0.1265   -4.4409e-16      0.63548
_SET2_   2873         17   80009746   80015346      9       3  105318     0.088002      0.24354   -4.0246e-16     0.088002
_SET2_   23136        18    5392380    5630662    673      62  105318       1.0191     0.012777   -4.4409e-16       1.0191
_SET2_   5932         18   20513295   20606451    191      17  105318      0.92086     0.037504   -4.4409e-16      0.92086
_SET2_   284252       18   24034874   24237365    565      74  105318     -0.30173      0.21481   -3.8858e-16     -0.30173
_SET2_   25800        18   33688494   33709357     42       4  105318       1.1426     0.034415   -4.4409e-16       1.1426
_SET2_   4152         18   47793252   47808144     26       6  105318       1.7644    0.0069175   -4.4409e-16       1.7644
_SET2_   1005         18   63417488   63548175    389      20  105318      0.74444     0.036531   -4.4409e-16      0.74444
_SET2_   2879         19    1103936    1106787      7       4  105318       1.5457     0.013907   -4.4409e-16       1.5457
_SET2_   1153         19    1269267    1274809      5       1  105318      0.16371      0.26348   -3.8858e-16      0.16371
_SET2_   26528        19    1407584    1435683     28       3  105318      0.85419     0.094817   -4.4409e-16      0.85419
_SET2_   55643        19    1985437    2015702     81      18  105318        1.824    0.0037768   -4.4409e-16        1.824
_SET2_   2872         19    2037470    2051243     34       9  105318      -1.1802      0.67213   -4.4409e-16      -1.1802
_SET2_   7089         19    2997636    3047846    155      25  105318    0.0066908      0.18456   -3.9638e-16    0.0066908
_SET2_   166          19    3052908    3062964     17       4  105318     -0.95246       0.6005   -4.4409e-16     -0.95246
_SET2_   51343        19    3506261    3536755     57       7  105318      -1.7914      0.85525   -4.4409e-16      -1.7914
_SET2_   9546         19    3750771    3761673     40       9  105318      0.37069      0.12941   -3.8858e-16      0.37069
_SET2_   84717        19    4472255    4502223    106      11  105318      0.53863     0.088699   -4.4409e-16      0.53863
_SET2_   10501        19    4542600    4559771     37      10  105318      -1.0196      0.58483   -4.4409e-16      -1.0196
_SET2_   6294         19    5623046    5668489     77      11  105318      0.60631      0.10551   -4.4409e-16      0.60631
_SET2_   8570         19    6413115    6424822     37       5  105318      -1.4013       0.7954   -4.4409e-16      -1.4013
_SET2_   23370        19    7420481    7537371    476      19  105318       -1.459      0.63063   -4.4409e-16       -1.459
_SET2_   4670         19    8509460    8554002    125      13  105318      0.64684     0.078826   -4.4409e-16      0.64684
_SET2_   1786         19   10244021   10305783    120      14  105318      -1.8558      0.85294   -4.4409e-16      -1.8558
_SET2_   9817         19   10596796   10614054     40       6  105318     -0.78967      0.54816   -4.4409e-16     -0.78967
_SET2_   284390       19   12075796   12091214     70       4  105318       1.5679      0.02062   -4.4409e-16       1.5679
_SET2_   163059       19   12125532   12146525     34       5  105318       2.8997   0.00047532   -4.4409e-16       2.8997
_SET2_   90589        19   12255705   12267546     17       4  105318      0.95332     0.060615   -4.4409e-16      0.95332
_SET2_   7695         19   12273872   12300064     40       8  105318       1.0595       0.0428   -4.4409e-16       1.0595
_SET2_   22983        19   12949259   12985766     72       7  105318      0.91061     0.053279   -4.4409e-16      0.91061
_SET2_   54862        19   14016956   14041693     23       5  105318       -1.606       0.8264   -4.4409e-16       -1.606
_SET2_   9524         19   14640379   14676792    110      17  105318       2.7802    0.0001321   -4.4409e-16       2.7802
_SET2_   55201        19   17830303   17845324     60       7  105318      0.47214      0.11131   -3.8858e-16      0.47214
_SET2_   170463       19   18529679   18545372     24       5  105318       1.9219    0.0046541   -4.4409e-16       1.9219
_SET2_   79036        19   18668572   18680197     32       4  105318      -1.0631      0.65134   -4.4409e-16      -1.0631
_SET2_   23373        19   18794425   18893143    254      26  105318      0.30096      0.10826   -3.8858e-16      0.30096
_SET2_   93436        19   19144387   19168987     48       7  105318     -0.27939      0.35169   -3.8858e-16     -0.27939
_SET2_   26065        19   34663352   34720420    152      12  105318        1.169     0.021438   -4.4409e-16        1.169
_SET2_   2821         19   34855645   34893318     70      13  105318     0.058736      0.22848   -3.9552e-16     0.058736
_SET2_   199704       19   37638340   37663643     54      10  105318      -1.6648      0.82082   -4.4409e-16      -1.6648
_SET2_   1891         19   39306062   39322497     43       7  105318      0.72176     0.076426   -4.4409e-16      0.72176
_SET2_   4793         19   39390340   39399534     23       6  105318       1.8952    0.0042661   -4.4409e-16       1.8952
_SET2_   5704         19   40476912   40487671     27       5  105318      0.29547      0.22748   -3.8858e-16      0.29547
_SET2_   11100        19   41768391   41813811     64       7  105318      0.88026     0.060028   -4.4409e-16      0.88026
_SET2_   478          19   42470628   42498428     22      10  105318       1.4417     0.015775   -4.4409e-16       1.4417
_SET2_   57787        19   45754516   45808541    139      13  105318     -0.12267      0.23469   -4.0246e-16     -0.12267
_SET2_   808          19   47104512   47114039     17       6  105318      0.57165     0.097446   -4.4409e-16      0.57165
_SET2_   29997        19   48248793   48260323     51       8  105318     -0.42404      0.38087   -3.8858e-16     -0.42404
_SET2_   56848        19   49122548   49133974     11       3  105318       1.8309    0.0082726   -4.4409e-16       1.8309
_SET2_   1628         19   49133817   49140639      8       2  105318      0.84129     0.088108   -4.4409e-16      0.84129
_SET2_   6625         19   49588465   49611870     44      13  105318       1.0241     0.036355   -4.4409e-16       1.0241
_SET2_   3661         19   50162826   50169132     12       2  105318       5.7087    1.795e-10             0       5.7087
_SET2_   3276         19   50180409   50191707     13       8  105318       3.9995   1.2119e-06   -4.4409e-16       3.9995
_SET2_   79735        19   50380682   50392007     17       4  105318       0.2883      0.17429   -3.8858e-16       0.2883
_SET2_   23636        19   50410082   50432988     68      12  105318      0.07129      0.19436   -4.0246e-16      0.07129
_SET2_   284361       19   50979736   50986608     15       5  105318       1.8879    0.0049608   -4.4409e-16       1.8879
_SET2_   90317        19   52616344   52643191     84      12  105318      0.38048      0.13784   -3.8858e-16      0.38048
_SET2_   90321        19   52772824   52795979    131      16  105318      -1.6674      0.80799   -4.4409e-16      -1.6674
_SET2_   22870        19   55741147   55770038     56      15  105318      -1.7847      0.84405   -4.4409e-16      -1.7847
_SET2_   6158         19   55897300   55914616     87      16  105318     -0.15652      0.26912   -3.8858e-16     -0.15652
_SET2_   29903        19   56158934   56164527     12       3  105318      0.81538     0.090313   -4.4409e-16      0.81538
_SET2_   79673        19   58637695   58666477     90      15  105318    -0.040236       0.2175   -3.9552e-16    -0.040236
_SET2_   9491         20    1093872    1149017    131      23  105318     -0.37296      0.31574   -3.8858e-16     -0.37296
_SET2_   64601        20    2821373    2847378     66       5  105318      0.68991     0.082236   -4.4409e-16      0.68991
_SET2_   9762         20    3143263    3154238     30      10  105318      0.19306      0.17301   -3.8858e-16      0.19306
_SET2_   6629         20   16710609   16722417     41      10  105318      0.34751      0.13544   -3.8858e-16      0.34751
_SET2_   92675        20   18568556   18744561    676      24  105318     -0.94302       0.3629   -4.4409e-16     -0.94302
_SET2_   55857        20   21106624   21227260    184       9  105318       1.3961     0.013126   -4.4409e-16       1.3961
_SET2_   22803        20   21283942   21370463    167      14  105318       2.0585    0.0019833   -4.4409e-16       2.0585
_SET2_   9837         20   25388323   25429191     96       8  105318      0.31721      0.13602   -3.8858e-16      0.31721
_SET2_   9139         20   32077928   32237837    105      18  105318     -0.70703      0.45729   -4.4409e-16     -0.70703
_SET2_   8904         20   34213953   34252878     91       8  105318      -1.5616      0.81425   -4.4409e-16      -1.5616
_SET2_   5335         20   39766159   39804359     54      16  105318       2.8358   0.00015731   -4.4409e-16       2.8358
_SET2_   5476         20   44519591   44527459     16       4  105318     -0.10511      0.28245   -4.0246e-16     -0.10511
_SET2_   9334         20   48249482   48330421    185      15  105318     -0.63164      0.40168   -4.4409e-16     -0.63164
_SET2_   51507        20   55043641   55093942    103       8  105318      0.03259      0.20594   -3.9552e-16      0.03259
_SET2_   8480         20   55926145   55953519     91       6  105318       1.0302     0.053406   -4.4409e-16       1.0302
_SET2_   2778         20   57414756   57486250    183      36  105318       1.5425    0.0076441   -4.4409e-16       1.5425
_SET2_   514          20   57603733   57607422      4       2  105318      -1.1495      0.69665   -4.4409e-16      -1.1495
_SET2_   26164        20   60758081   60778624    110      22  105318       1.6394    0.0064241   -4.4409e-16       1.6394
_SET2_   9885         20   60813541   60871269    158      16  105318       1.3929     0.011839   -4.4409e-16       1.3929
_SET2_   55738        20   61904137   61921145     36       3  105318      0.23663      0.21614   -3.8858e-16      0.23663
_SET2_   1917         20   62119365   62130668     48      13  105318       1.5779     0.008793   -4.4409e-16       1.5779
_SET2_   24148        20   62612417   62664453    106      11  105318      0.11033      0.19499   -4.0246e-16      0.11033
_SET2_   57466        21   33043313   33104431    125      15  105318     -0.51308      0.40419   -4.4409e-16     -0.51308
_SET2_   29980        21   34937165   34961019      1       1  105318      0.97566     0.079299   -4.4409e-16      0.97566
_SET2_   1827         21   35888782   35987382     14       6  105318     0.031715      0.21698   -3.9552e-16     0.031715
_SET2_   637          22   18216906   18257431    140      26  105318     -0.25547      0.26728   -3.8858e-16     -0.25547
_SET2_   7353         22   19437464   19466818     72      10  105318       1.1497     0.026521   -4.4409e-16       1.1497
_SET2_   421          22   19954126   20004325    193      22  105318       0.4266     0.094536   -3.8858e-16       0.4266
_SET2_   27037        22   20099389   20104818     17       7  105318       3.5939   9.4481e-06   -4.4409e-16       3.5939
_SET2_   150209       22   21319418   21335649     53      12  105318    -0.018319      0.21595   -3.9552e-16    -0.018319
_SET2_   613          22   23522402   23660224    403      31  105318     -0.17089      0.18525   -3.8858e-16     -0.17089
_SET2_   129049       22   25202136   25322813    515      57  105318       1.0218      0.01718   -4.4409e-16       1.0218
_SET2_   10291        22   30727977   30752931     73      11  105318          2.7   0.00026233   -4.4409e-16          2.7
_SET2_   4733         22   31795539   31830172     70      11  105318       0.7599     0.063292   -4.4409e-16       0.7599
_SET2_   4174         22   35796116   35820495     70      15  105318      -1.1116      0.61918   -4.4409e-16      -1.1116
_SET2_   23780        22   36622255   36636000     70      13  105318     -0.74143      0.47303   -4.4409e-16     -0.74143
_SET2_   25828        22   36863083   36878072     62       8  105318       1.5475      0.01285   -4.4409e-16       1.5475
_SET2_   8664         22   36906897   36925277     97      11  105318      0.91316     0.053324   -4.4409e-16      0.91316
_SET2_   6767         22   41220539   41253012     37       6  105318        1.803    0.0072428   -4.4409e-16        1.803
_SET2_   91689        22   42475695   42480288      5       2  105318       5.4876   5.9811e-10             0       5.4876
_SET2_   1727         22   43013846   43045405    101      13  105318     -0.23985      0.28027   -3.8858e-16     -0.23985
_SET2_   84247        22   44888450   44894005     25       2  105318     -0.13988      0.32425   -3.8858e-16     -0.13988
_SET2_   25814        22   46067678   46241187    417      26  105318     -0.63001      0.34873   -4.4409e-16     -0.63001
_SET2_   55687        22   46731298   46753237     36       5  105318      -1.2584      0.75632   -4.4409e-16      -1.2584
_SET2_   85378        22   50656118   50683453     65      16  105318      0.53426     0.090706   -4.4409e-16      0.53426
_SET2_   9701         22   50781746   50883519    358      24  105318      0.36929     0.081695   -3.8858e-16      0.36929
_SET2_   440836       22   50968836   50971008      4       1  105318       1.5091     0.039531   -4.4409e-16       1.5091

# _SET3_  VARIABLE = gtex__hippocampus__M000 (set)
# _SET3_  NGENES = 802
# _SET3_  P-VALUE = 2.6213e-05
_SET3_   GENE        CHR      START       STOP  NSNPS  NPARAM       N        ZSTAT            P  ZFITTED_BASE  ZRESID_BASE
_SET3_   2782          1    1716725    1822552    110      10  105318    -0.052052      0.22625   -3.9552e-16    -0.052052
_SET3_   23261         1    6845384    7829766   2676     196  105318        -1.86      0.29939   -4.4409e-16        -1.86
_SET3_   22883         1    9789079    9884550    110      11  105318      0.13226      0.21226   -3.8858e-16      0.13226
_SET3_   23095         1   10270606   10441664    521      15  105318       0.7784     0.029938   -4.4409e-16       0.7784
_SET3_   1185          1   11866153   11903201    194      14  105318      0.87989     0.046757   -4.4409e-16      0.87989
_SET3_   7799          1   14026714   14151574    364      26  105318     -0.10685      0.19858   -4.0246e-16     -0.10685
_SET3_   23341         1   15853343   15898228    111      10  105318     -0.64291      0.43813   -4.4409e-16     -0.64291
_SET3_   23207         1   16010632   16061264    144      11  105318     -0.59069      0.42599   -4.4409e-16     -0.59069
_SET3_   7798          1   23410516   23504301    170      19  105318      -0.8642      0.50119   -4.4409e-16      -0.8642
_SET3_   10236         1   23635953   23671143     33       5  105318      -0.1788      0.32522   -3.8858e-16      -0.1788
_SET3_   55219         1   25757388   25826700     82       2  105318     -0.84442      0.59633   -4.4409e-16     -0.84442
_SET3_   79947         1   26758773   26797797     54      12  105318      -1.3076      0.70647   -4.4409e-16      -1.3076
_SET3_   84243         1   27153201   27184092     44       6  105318       1.6815    0.0095473   -4.4409e-16       1.6815
_SET3_   576           1   32192718   32230494     36       7  105318      -0.8135      0.58329   -4.4409e-16      -0.8135
_SET3_   8565          1   33240840   33283633     74       9  105318      0.33124      0.14294   -3.8858e-16      0.33124
_SET3_   23499         1   39549839   39952810    745      30  105318       1.8441   0.00085565   -4.4409e-16       1.8441
_SET3_   533           1   44440118   44443972      9       4  105318       3.7218   8.4266e-06   -4.4409e-16       3.7218
_SET3_   8503          1   46505812   46642167    225      16  105318     -0.99445      0.52596   -4.4409e-16     -0.99445
_SET3_   10489         1   46744072   46769038     23       9  105318     -0.12992       0.2851   -3.8858e-16     -0.12992
_SET3_   387338        1   46805849   46830824    184       3  105318      -0.9661      0.61588   -4.4409e-16      -0.9661
_SET3_   9813          1   47140831   47184792     80       6  105318      -1.4814      0.77352   -4.4409e-16      -1.4814
_SET3_   51727         1   47799469   47844511    104       9  105318     0.053956      0.19808   -3.9552e-16     0.053956
_SET3_   2060          1   51819935   51985026    493      20  105318      0.36615     0.096282   -3.8858e-16      0.36615
_SET3_   3725          1   59246463   59249785      2       1  105318      0.43006      0.24655   -3.8858e-16      0.43006
_SET3_   3716          1   65298906   65432593    345      27  105318       1.8489    0.0023585   -4.4409e-16       1.8489
_SET3_   9406          1   71528974   71546972     28       7  105318      0.98307      0.04663   -4.4409e-16      0.98307
_SET3_   23032         1   78161672   78225564     90      17  105318     -0.82679       0.5238   -4.4409e-16     -0.82679
_SET3_   374986        1   78245309   78345225    158      26  105318      0.22018      0.15377   -3.8858e-16      0.22018
_SET3_   11080         1   78444847   78483648     87      19  105318      0.57121      0.10281   -4.4409e-16      0.57121
_SET3_   148423        1   85715636   85725355     29       8  105318    -0.054539      0.24835   -3.9552e-16    -0.054539
_SET3_   57489         1   86812507   86862025    130      13  105318       -1.213      0.64732   -4.4409e-16       -1.213
_SET3_   284697        1   92545862   92613397    135      11  105318     -0.57076      0.40457   -4.4409e-16     -0.57076
_SET3_   7813          1   92974253   93257961    595      12  105318       1.0091     0.015624   -4.4409e-16       1.0091
_SET3_   58155         1   97187161   97280605    176      14  105318       3.0783   3.8679e-05   -4.4409e-16       3.0783
_SET3_   163404        1   99355801   99470449    446      42  105318       0.4334     0.067545   -3.8858e-16       0.4334
_SET3_   8556          1  100810598  100985833    239      18  105318     -0.13045      0.22042   -3.8858e-16     -0.13045
_SET3_   118427        1  102268126  102462790    647      55  105318       1.9608   0.00064584   -4.4409e-16       1.9608
_SET3_   55599         1  104068323  104097861     43       9  105318      0.61877     0.085893   -4.4409e-16      0.61877
_SET3_   55119         1  109234932  109244425      8       5  105318      -1.2595      0.74842   -4.4409e-16      -1.2595
_SET3_   5906          1  112162405  112256807    302      20  105318       1.5526     0.006034   -4.4409e-16       1.5526
_SET3_   3752          1  112318444  112532147    651      75  105318        3.952   1.6969e-07   -4.4409e-16        3.952
_SET3_   7812          1  115259534  115300671     65       9  105318       3.2255   3.7267e-05   -4.4409e-16       3.2255
_SET3_   10623         1  145592605  145610972     14       2  105318      0.88557      0.07045   -4.4409e-16      0.88557
_SET3_   1520          1  150702672  150738433     66       8  105318      0.64814     0.081727   -4.4409e-16      0.64814
_SET3_   6944          1  151148776  151162689      7       4  105318     -0.69783      0.52396   -4.4409e-16     -0.69783
_SET3_   8394          1  151171021  151222007     70       8  105318     -0.74892      0.50824   -4.4409e-16     -0.74892
_SET3_   5298          1  151264273  151300191     32       6  105318     -0.27293      0.33368   -3.8858e-16     -0.27293
_SET3_   23126         1  151375200  151445753     81       4  105318        2.488    0.0010518   -4.4409e-16        2.488
_SET3_   81609         1  151584454  151671559    106      12  105318       1.5594    0.0090597   -4.4409e-16       1.5594
_SET3_   65123         1  153700526  153746555     71      11  105318     -0.15475      0.27671   -3.8858e-16     -0.15475
_SET3_   9898          1  154192427  154243986     72       9  105318       1.6806     0.006827   -4.4409e-16       1.6806
_SET3_   55585         1  154521051  154531138     11       2  105318       2.1271    0.0037905   -4.4409e-16       2.1271
_SET3_   8751          1  155023748  155035252     21       7  105318       2.9381   0.00011846   -4.4409e-16       2.9381
_SET3_   55870         1  155305052  155532324    161      17  105318       1.7113    0.0055347   -4.4409e-16       1.7113
_SET3_   55249         1  155629233  155658823     24       6  105318       2.3152    0.0013901   -4.4409e-16       2.3152
_SET3_   9181          1  155916431  155953396     41       5  105318       1.4142     0.020417   -4.4409e-16       1.4142
_SET3_   93185         1  160061129  160068650     13       3  105318       1.1965     0.033831   -4.4409e-16       1.1965
_SET3_   5824          1  160246599  160254941      7       3  105318       3.0665   0.00011552   -4.4409e-16       3.0665
_SET3_   257106        1  161016731  161039760     44      10  105318     -0.31581      0.33139   -3.8858e-16     -0.31581
_SET3_   27005         1  161129248  161135516      4       2  105318     -0.43657      0.49106   -3.8858e-16     -0.43657
_SET3_   5451          1  167190066  167396582    339      19  105318      0.62067     0.058074   -4.4409e-16      0.62067
_SET3_   51430         1  172501494  172580973    118      17  105318     -0.93417       0.5412   -4.4409e-16     -0.93417
_SET3_   9462          1  178062864  178448649    581      22  105318      0.71911     0.033446   -4.4409e-16      0.71911
_SET3_   163590        1  179809102  179847867     68      10  105318      0.30345      0.14596   -3.8858e-16      0.30345
_SET3_   9857          1  179923908  180084015    382      17  105318      -1.0234      0.51829   -4.4409e-16      -1.0234
_SET3_   2752          1  182350839  182361341     31       6  105318       2.4659   0.00070807   -4.4409e-16       2.4659
_SET3_   10092         1  183595328  183605076     48       3  105318       0.7244      0.11324   -4.4409e-16       0.7244
_SET3_   23179         1  183605208  183897666    839      42  105318     -0.68014      0.22959   -4.4409e-16     -0.68014
_SET3_   3075          1  196621008  196716634    216      15  105318       1.1649     0.018536   -4.4409e-16       1.1649
_SET3_   4660          1  202317830  202557697    288      13  105318      -1.2828      0.62252   -4.4409e-16      -1.2828
_SET3_   59349         1  202860230  202897766     81       7  105318     0.077759      0.20929   -4.0246e-16     0.077759
_SET3_   148808        1  205538112  205572046    125      20  105318        1.333     0.014284   -4.4409e-16        1.333
_SET3_   55758         1  211432708  211489727    184      23  105318     0.077626      0.18819   -4.0246e-16     0.077626
_SET3_   90806         1  213165524  213189168     34       7  105318     -0.64144      0.48222   -4.4409e-16     -0.64144
_SET3_   148362        1  222885906  222908529     15       4  105318       1.7914    0.0087811   -4.4409e-16       1.7914
_SET3_   7159          1  223967595  224033674    128      11  105318       2.5644   0.00044478   -4.4409e-16       2.5644
_SET3_   4931          1  224415036  224517891    193      16  105318      0.45747      0.11226   -3.8858e-16      0.45747
_SET3_   55740         1  225674534  225840845    344      15  105318      -1.1647      0.60706   -4.4409e-16      -1.1647
_SET3_   359948        1  234740015  234745271     10       4  105318      0.34173      0.15411   -3.8858e-16      0.34173
_SET3_   51742         1  235330210  235491532    346      10  105318     -0.66085      0.37667   -4.4409e-16     -0.66085
_SET3_   9453          1  235491753  235507847     33       6  105318     -0.39021      0.36891   -3.8858e-16     -0.39021
_SET3_   6905          1  235530728  235612280    231      21  105318      -1.3588      0.67163   -4.4409e-16      -1.3588
_SET3_   1130          1  235824331  236047008    263      11  105318     -0.10556      0.20503   -4.0246e-16     -0.10556
_SET3_   9859          1  243287730  243419284    158      13  105318       3.3011   1.6089e-05   -4.4409e-16       3.3011
_SET3_   10806         1  243419307  243663393    408      32  105318       5.2188   1.6932e-10             0       5.2188
_SET3_   25909         1  247002400  247094726    195      22  105318     -0.19945       0.2356   -3.8858e-16     -0.19945
_SET3_   57498         2    8865295    8977755    178      18  105318      0.41272      0.10015   -3.8858e-16      0.41272
_SET3_   23369         2   20448453   20550585    205      18  105318      0.80013     0.046929   -4.4409e-16      0.80013
_SET3_   109           2   25042038   25142602    359      21  105318     -0.65814      0.34982   -4.4409e-16     -0.65814
_SET3_   1838          2   25600067   25896516    430      43  105318     -0.62063      0.32115   -4.4409e-16     -0.62063
_SET3_   8884          2   27422455   27435175     31       6  105318       1.9196    0.0059437   -4.4409e-16       1.9196
_SET3_   26160         2   27667240   27712575     62       7  105318       2.6011   0.00041922   -4.4409e-16       2.6011
_SET3_   5500          2   28974614   29025806    109      12  105318       3.3076   1.7718e-05   -4.4409e-16       3.3076
_SET3_   25940         2   33808727   33824362     38       8  105318      -1.5366      0.78488   -4.4409e-16      -1.5366
_SET3_   23683         2   37477645   37551915    262      15  105318       3.4915    5.955e-06   -4.4409e-16       3.4915
_SET3_   4436          2   47630206   47739716    349      22  105318      0.32692     0.093514   -3.8858e-16      0.32692
_SET3_   10936         2   54080050   54087170     20       7  105318       2.4044    0.0011064   -4.4409e-16       2.4044
_SET3_   55704         2   55514978   55647057    418      20  105318       1.0423     0.018732   -4.4409e-16       1.0423
_SET3_   57223         2   55774428   55844860    210      23  105318      -0.9573      0.52248   -4.4409e-16      -0.9573
_SET3_   2202          2   56093097   56151298    184      24  105318       1.5118    0.0087995   -4.4409e-16       1.5118
_SET3_   7514          2   61705069   61765440     99       9  105318     -0.14241      0.25874   -3.8858e-16     -0.14241
_SET3_   10438         2   68269332   68290159     31       6  105318      -1.4439      0.78793   -4.4409e-16      -1.4439
_SET3_   307           2   69947946   70053596    248      18  105318        1.241     0.014066   -4.4409e-16        1.241
_SET3_   11017         2   70121075   70132368     18       3  105318       1.4768     0.017111   -4.4409e-16       1.4768
_SET3_   7072          2   70436576   70475886     72       5  105318     -0.18361      0.33054   -3.8858e-16     -0.18361
_SET3_   27332         2   71503729   71662191    479      24  105318       1.2511    0.0094337   -4.4409e-16       1.2511
_SET3_   7840          2   73612886   73837047    370      11  105318       4.5441   1.7685e-08             0       4.5441
_SET3_   8869          2   86066271   86116157    145      13  105318      0.60745     0.072228   -4.4409e-16      0.60745
_SET3_   55818         2   86668271   86719839    104      14  105318     -0.56874      0.42202   -4.4409e-16     -0.56874
_SET3_   56910         2   96850597   96874573     34       7  105318       2.2398    0.0018821   -4.4409e-16       2.2398
_SET3_   55683         2   97258892   97304116     32       9  105318       1.4654     0.014173   -4.4409e-16       1.4654
_SET3_   4862          2  101436613  101613289    529      58  105318       2.0996   0.00066248   -4.4409e-16       2.0996
_SET3_   8440          2  106361520  106510730    531      27  105318     -0.71481      0.32427   -4.4409e-16     -0.71481
_SET3_   9648          2  109065577  109125854    215      17  105318      0.18385      0.13583   -3.8858e-16      0.18385
_SET3_   84172         2  113298676  113334727     97      11  105318       1.0399     0.032523   -4.4409e-16       1.0399
_SET3_   150472        2  114195268  114253781      9       3  105318    -0.018703      0.28024   -3.9552e-16    -0.018703
_SET3_   55627         2  130908965  130940323     37       2  105318      -1.0849      0.69672   -4.4409e-16      -1.0849
_SET3_   84317         2  131095814  131100383      4       2  105318      0.70615      0.10697   -4.4409e-16      0.70615
_SET3_   905           2  135676363  135716915     73       7  105318       1.7387     0.006432   -4.4409e-16       1.7387
_SET3_   23190         2  136499189  136542633     68       5  105318    -0.023338      0.25391   -3.9552e-16    -0.023338
_SET3_   1615          2  136664252  136743254     70       4  105318     -0.19876      0.32562   -3.8858e-16     -0.19876
_SET3_   55777         2  148778580  149271046    996      41  105318       1.2812    0.0022329   -4.4409e-16       1.2812
_SET3_   26122         2  149402560  149545136    294      11  105318      0.22423      0.14526   -3.8858e-16      0.22423
_SET3_   29994         2  160175490  160473059    854      50  105318      0.77516     0.014256   -4.4409e-16      0.77516
_SET3_   25801         2  163200583  163236525     23      10  105318     -0.40428       0.3949   -3.8858e-16     -0.40428
_SET3_   6328          2  165944030  166060577    269      20  105318       1.7686    0.0034717   -4.4409e-16       1.7686
_SET3_   27347         2  168810530  169104105    956      42  105318      -1.5806      0.52175   -4.4409e-16      -1.5806
_SET3_   29789         2  174937175  175113365    492      19  105318       3.1873   7.7339e-06   -4.4409e-16       3.1873
_SET3_   4780          2  178095031  178129859     48      10  105318     -0.39062      0.35058   -3.8858e-16     -0.39062
_SET3_   10477         2  181845112  181928154    303      13  105318      -2.2638      0.90568   -4.4409e-16      -2.2638
_SET3_   6744          2  182756472  182795465     54       6  105318     -0.57404      0.53641   -4.4409e-16     -0.57404
_SET3_   10787         2  183789579  183903586    267      19  105318      0.60384     0.074798   -4.4409e-16      0.60384
_SET3_   10203         2  188206690  188313021    233      21  105318     -0.63829      0.38735   -4.4409e-16     -0.63829
_SET3_   5378          2  190648710  190742355    179      18  105318      0.55198     0.093249   -4.4409e-16      0.55198
_SET3_   54842         2  191273081  191367041    229      20  105318       1.1319       0.0192   -4.4409e-16       1.1319
_SET3_   6772          2  191833762  191878976     99      18  105318       1.4696     0.011613   -4.4409e-16       1.4696
_SET3_   5334          2  198669426  199014608    611      30  105318       4.8735   4.3062e-10             0       4.8735
_SET3_   843           2  202047621  202094129     69       8  105318      0.10319      0.20925   -4.0246e-16      0.10319
_SET3_   65062         2  202484907  202508252     32       9  105318      -1.4941      0.76699   -4.4409e-16      -1.4941
_SET3_   57679         2  202564986  202645895    243      21  105318     -0.20995      0.24281   -3.8858e-16     -0.20995
_SET3_   79800         2  203776978  203851060    136       9  105318       1.4057     0.016499   -4.4409e-16       1.4057
_SET3_   4719          2  206987803  207024243    100       9  105318      0.67185     0.070206   -4.4409e-16      0.67185
_SET3_   8609          2  207938861  208031970    283      36  105318      0.96197      0.02633   -4.4409e-16      0.96197
_SET3_   10314         2  211295973  211342347    108       9  105318       -1.882       0.8568   -4.4409e-16       -1.882
_SET3_   2335          2  216225177  216300890    225      22  105318      -2.4736      0.93624   -4.4409e-16      -2.4736
_SET3_   7145          2  218664512  218808796    416      57  105318      0.19034      0.10945   -3.8858e-16      0.19034
_SET3_   79065         2  220084102  220094387     16       3  105318     -0.22316      0.39264   -3.8858e-16     -0.22316
_SET3_   56947         2  228189867  228222552     96      11  105318      -1.3745       0.7301   -4.4409e-16      -1.3745
_SET3_   9320          2  230631098  230786763    178      20  105318      0.33721      0.10958   -3.8858e-16      0.33721
_SET3_   10920         2  237993870  238007489     17       4  105318     -0.58836      0.51619   -4.4409e-16     -0.58836
_SET3_   8864          2  239152679  239198678    119      17  105318     -0.18664      0.27499   -3.8858e-16     -0.18664
_SET3_   547           2  241653181  241759725    301      34  105318     -0.66151      0.37419   -4.4409e-16     -0.66151
_SET3_   55209         3    9439384    9519838    145      14  105318       1.7984    0.0063755   -4.4409e-16       1.7984
_SET3_   64419         3    9691117    9744078     73      12  105318      -1.3459      0.74979   -4.4409e-16      -1.3459
_SET3_   6529          3   11034420   11080935    150      35  105318      0.71091     0.055968   -4.4409e-16      0.71091
_SET3_   9686          3   11597543   11762220    589      42  105318      0.56997      0.03819   -4.4409e-16      0.56997
_SET3_   23225         3   13357730   13461819     12       3  105318      0.78395     0.073547   -4.4409e-16      0.78395
_SET3_   7182          3   14989091   15090780    190      22  105318      -0.4768      0.35886   -3.8858e-16      -0.4768
_SET3_   64145         3   15111580   15140662     60       4  105318       1.1641     0.045345   -4.4409e-16       1.1641
_SET3_   9467          3   15295860   15382901    247      42  105318      -1.2451      0.62227   -4.4409e-16      -1.2451
_SET3_   85403         3   15469064   15484120     19       5  105318     -0.78256      0.54415   -4.4409e-16     -0.78256
_SET3_   26061         3   15602239   15643359     76      17  105318     -0.55074      0.44491   -4.4409e-16     -0.55074
_SET3_   9779          3   17198654   17784240   1288      14  105318       2.7851   2.7358e-06   -4.4409e-16       2.7851
_SET3_   6304          3   18389133   18480265    193      26  105318      0.91578     0.033758   -4.4409e-16      0.91578
_SET3_   7155          3   25639396   25706396    130      11  105318    -0.031698      0.22724   -3.9552e-16    -0.031698
_SET3_   64343         3   28363844   28390915     24       5  105318     -0.17933       0.3039   -3.8858e-16     -0.17933
_SET3_   25827         3   33318934   33445505    255      16  105318       2.4683   0.00042924   -4.4409e-16       2.4683
_SET3_   64689         3   39138090   39149854     34       9  105318      0.57717      0.10547   -4.4409e-16      0.57717
_SET3_   4820          3   42642147   42690233    115      11  105318      0.59112     0.089288   -4.4409e-16      0.59112
_SET3_   25994         3   42824400   42846027     40      10  105318      -1.4724      0.76405   -4.4409e-16      -1.4724
_SET3_   25930         3   47422383   47454931     29       4  105318     -0.33013      0.36673   -3.8858e-16     -0.33013
_SET3_   65010         3   48663156   48672926     12       2  105318       1.4918     0.024774   -4.4409e-16       1.4918
_SET3_   54870         3   49067140   49131504     53       9  105318       1.3978     0.016925   -4.4409e-16       1.3978
_SET3_   7375          3   49314577   49377536     72       9  105318       1.9101    0.0038199   -4.4409e-16       1.9101
_SET3_   9807          3   49761728   49823973     94      10  105318       1.0955     0.028836   -4.4409e-16       1.0955
_SET3_   211           3   52232099   52248343     15       2  105318       3.4792   2.1927e-05   -4.4409e-16       3.4792
_SET3_   80335         3   52288438   52312659     38       7  105318       2.7651   0.00028882   -4.4409e-16       2.7651
_SET3_   6787          3   52744796   52804965    122       9  105318       4.3521   1.3686e-07             0       4.3521
_SET3_   201626        3   57541882   57640704    229      19  105318     0.027239      0.17295   -3.9552e-16     0.027239
_SET3_   7871          3   57741948   57915597    243      22  105318     0.090357       0.1532   -4.0246e-16     0.090357
_SET3_   57406         3   58223233   58280463    212      18  105318      0.89182     0.035431   -4.4409e-16      0.89182
_SET3_   9223          3   65339200   66024511   2264     148  105318      -1.7132      0.26318   -4.4409e-16      -1.7132
_SET3_   9039          3   69103881   69129524     52       8  105318      0.20414      0.16558   -3.8858e-16      0.20414
_SET3_   6091          3   78646388   79817059   2574      90  105318     -0.47671     0.023313   -3.8858e-16     -0.47671
_SET3_   57092         3  101292997  101313281     53      10  105318      -1.4199      0.74339   -4.4409e-16      -1.4199
_SET3_   27107         3  101368283  101395988     45       7  105318     -0.65452      0.47381   -4.4409e-16     -0.65452
_SET3_   55081         3  107879659  107941417    327       6  105318       2.1626    0.0015455   -4.4409e-16       2.1626
_SET3_   25945         3  110790606  110913017    150      11  105318     -0.41053      0.40749   -3.8858e-16     -0.41053
_SET3_   205717        3  113367232  113415493     58       6  105318     -0.42271      0.38605   -3.8858e-16     -0.42271
_SET3_   80218         3  113435307  113465120     34       5  105318     -0.77483      0.53388   -4.4409e-16     -0.77483
_SET3_   2804          3  121382046  121468662    160      18  105318     -0.45974      0.34772   -3.8858e-16     -0.45974
_SET3_   111           3  123001143  123167924    335      24  105318      -1.2024      0.56345   -4.4409e-16      -1.2024
_SET3_   27032         3  130569327  130735556    260      20  105318      0.25556      0.12197   -3.8858e-16      0.25556
_SET3_   11222         3  131181045  131221860     82      13  105318     -0.32831      0.32763   -3.8858e-16     -0.32831
_SET3_   55167         3  135867760  135915522     47      10  105318       3.6215   6.3442e-06   -4.4409e-16       3.6215
_SET3_   25852         3  137906115  138017231     84      20  105318       1.0545      0.03052   -4.4409e-16       1.0545
_SET3_   55179         3  138327542  138352218     43       6  105318       1.4689     0.013987   -4.4409e-16       1.4689
_SET3_   253461        3  141043055  141168634    244      27  105318     -0.63663      0.38924   -4.4409e-16     -0.63663
_SET3_   5352          3  145787225  145879282    265      10  105318     -0.25111      0.25083   -3.8858e-16     -0.25111
_SET3_   5359          3  146232967  146262628    137      15  105318       -1.156      0.62825   -4.4409e-16       -1.156
_SET3_   51714         3  150321066  150348234     56      12  105318       1.0191     0.037025   -4.4409e-16       1.0191
_SET3_   57018         3  156864291  156878482     27       5  105318      -1.4968      0.79771   -4.4409e-16      -1.4968
_SET3_   4291          3  158288953  158324249    116      11  105318      -1.2115       0.6497   -4.4409e-16      -1.2115
_SET3_   10051         3  160117078  160152755     68      11  105318     -0.87534      0.54192   -4.4409e-16     -0.87534
_SET3_   11235         3  167401692  167452693     65       3  105318     -0.54705      0.48084   -4.4409e-16     -0.54705
_SET3_   27333         3  167726457  167813712    205      22  105318     -0.19103      0.23527   -3.8858e-16     -0.19103
_SET3_   79718         3  176738542  176915048    409      29  105318       1.2227     0.010645   -4.4409e-16       1.2227
_SET3_   51193         3  179041551  179053325     18       5  105318     -0.31625      0.35814   -3.8858e-16     -0.31625
_SET3_   151613        3  180319918  180336120     17       5  105318        2.812   0.00031525   -4.4409e-16        2.812
_SET3_   8087          3  180630096  180700541    106      12  105318       6.0371   4.9949e-12             0       6.0371
_SET3_   54165         3  182660153  182703731     49       8  105318     0.055043      0.21842   -3.9552e-16     0.055043
_SET3_   1981          3  184032283  184053146     30      11  105318     0.035382      0.21925   -3.9552e-16     0.035382
_SET3_   59343         3  185300284  185348889    118       8  105318      -0.5316       0.4074   -4.4409e-16      -0.5316
_SET3_   6480          3  186648315  186796341    569      68  105318      -1.1446      0.50918   -4.4409e-16      -1.1446
_SET3_   5504          3  195241221  195270224     43       6  105318     -0.59808      0.45747   -4.4409e-16     -0.59808
_SET3_   10188         3  195590235  195635880    130      23  105318       1.1057     0.025375   -4.4409e-16       1.1057
_SET3_   84248         3  197476424  197511317     53       5  105318       -1.846      0.90191   -4.4409e-16       -1.846
_SET3_   89782         3  197687071  197770591    204      14  105318     -0.82299      0.51987   -4.4409e-16     -0.82299
_SET3_   6002          4    3315874    3441640    296      36  105318      -1.7191      0.77394   -4.4409e-16      -1.7191
_SET3_   7466          4    6271577    6304992    159       9  105318     0.025863      0.19778   -3.9552e-16     0.025863
_SET3_   26234         4   15606007   15661487    165      15  105318      0.49435     0.086882   -3.8858e-16      0.49435
_SET3_   23216         4   37889606   38140796    796      64  105318      0.77424     0.018277   -4.4409e-16      0.77424
_SET3_   5981          4   39289069   39368001    117      10  105318     -0.59076      0.40508   -4.4409e-16     -0.59076
_SET3_   7358          4   39500375   39529218    112      14  105318      0.41042      0.11065   -3.8858e-16      0.41042
_SET3_   10463         4   41992516   42089551    342       8  105318      0.76024     0.050353   -4.4409e-16      0.76024
_SET3_   64854         4   53457126   53525502     73       4  105318      0.57514      0.12886   -4.4409e-16      0.57514
_SET3_   6731          4   57333370   57369847    101      10  105318       1.4889     0.012373   -4.4409e-16       1.4889
_SET3_   23284         4   62066949   62938168   1886     109  105318       1.4046   0.00023501   -4.4409e-16       1.4046
_SET3_   8671          4   72053003   72437804    429      34  105318      -0.8159      0.41412   -4.4409e-16      -0.8159
_SET3_   57619         4   77356253   77704406    986      55  105318        -1.02      0.31004   -4.4409e-16        -1.02
_SET3_   56978         4   81105033   81125483     64      10  105318       1.6961    0.0075188   -4.4409e-16       1.6961
_SET3_   22872         4   83739814   83812419    151       7  105318      0.65527     0.074795   -4.4409e-16      0.65527
_SET3_   5602          4   86933452   87374283   1203      45  105318       1.3341    0.0012779   -4.4409e-16       1.3341
_SET3_   10144         4   89647105   90032549   1183      43  105318      -1.4615      0.39843   -4.4409e-16      -1.4615
_SET3_   8649          4  100799495  100815703     21       6  105318      0.94471     0.049994   -4.4409e-16      0.94471
_SET3_   79807         4  106629935  106768882    305      10  105318      0.44791      0.10311   -3.8858e-16      0.44791
_SET3_   55435         4  113152893  113191211     56       8  105318     -0.21046      0.28985   -3.8858e-16     -0.21046
_SET3_   80216         4  113218480  113363774    421      54  105318      -1.8848      0.79756   -4.4409e-16      -1.8848
_SET3_   54532         4  120133775  120216673    231      20  105318      0.49416     0.077074   -3.8858e-16      0.49416
_SET3_   84162         4  123073488  123283914    285      20  105318      0.67745     0.055005   -4.4409e-16      0.67745
_SET3_   10424         4  129190392  129209984     24       8  105318      0.77552     0.067973   -4.4409e-16      0.77552
_SET3_   54510         4  138440072  138453629     29       6  105318     -0.13167      0.28746   -3.8858e-16     -0.13167
_SET3_   27309         4  142142049  142155851     20       4  105318      0.91296     0.058564   -4.4409e-16      0.91296
_SET3_   152485        4  146681874  146859607    307      30  105318     -0.40921       0.2782   -3.8858e-16     -0.40921
_SET3_   1909          4  148402069  148466106    114      13  105318     -0.29132      0.29903   -3.8858e-16     -0.29132
_SET3_   90826         4  148558936  148605381     45       4  105318     -0.72401      0.69509   -4.4409e-16     -0.72401
_SET3_   23321         4  154073650  154260474    488      54  105318      -1.1846      0.53053   -4.4409e-16      -1.1846
_SET3_   79884         4  156263810  156298122    116      10  105318        1.648    0.0069052   -4.4409e-16        1.648
_SET3_   2743          4  157997277  158093251    290      17  105318     -0.76063      0.46038   -4.4409e-16     -0.76063
_SET3_   2110          4  159593277  159629842     33      12  105318     -0.73604      0.50025   -4.4409e-16     -0.73604
_SET3_   9693          4  160025224  160281314    456      32  105318       0.5056     0.050948   -4.4409e-16       0.5056
_SET3_   6307          4  166248818  166264316     61      11  105318    0.0046598       0.2111   -3.9638e-16    0.0046598
_SET3_   91351         4  169277886  169401665    442      34  105318     -0.12253      0.16296   -4.0246e-16     -0.12253
_SET3_   4750          4  170314421  170533778    497      17  105318       1.9579    0.0012763   -4.4409e-16       1.9579
_SET3_   1182          4  170541672  170644338    239      21  105318       3.6901   2.1217e-06   -4.4409e-16       3.6901
_SET3_   80014         4  184020463  184241930    395      37  105318        -0.58      0.32921   -4.4409e-16        -0.58
_SET3_   3660          4  185308867  185395734    293      55  105318        1.115     0.019446   -4.4409e-16        1.115
_SET3_   134145        5   10225619   10250145    136      22  105318      -3.4823      0.99556   -4.4409e-16      -3.4823
_SET3_   22948         5   10250041   10266501     75       4  105318      -1.4319      0.79941   -4.4409e-16      -1.4319
_SET3_   10299         5   10353751   10440500     78       5  105318      -1.8623      0.89672   -4.4409e-16      -1.8623
_SET3_   55322         5   31532373   31555165     63      13  105318       0.2436      0.15435   -3.8858e-16       0.2436
_SET3_   23037         5   31639345   32111038   1842     198  105318      -1.8403      0.41364   -4.4409e-16      -1.8403
_SET3_   202151        5   36247950   36302011    125      14  105318       1.2529      0.02026   -4.4409e-16       1.2529
_SET3_   3157          5   43287572   43313614     50       5  105318      0.37919      0.13765   -3.8858e-16      0.37919
_SET3_   23530         5   43602791   43705668    263      11  105318      0.88708     0.051039   -4.4409e-16      0.88708
_SET3_   3572          5   55230923   55290821     90      11  105318     -0.72355      0.50996   -4.4409e-16     -0.72355
_SET3_   4214          5   56110900   56191979    199      17  105318     -0.77981      0.46825   -4.4409e-16     -0.77981
_SET3_   80006         5   64920558   64961954    124      10  105318      0.71629     0.062994   -4.4409e-16      0.71629
_SET3_   57486         5   65018023   65125111    312      27  105318     -0.41842      0.27797   -3.8858e-16     -0.41842
_SET3_   891           5   68462837   68474072     31       4  105318      -1.3024      0.73094   -4.4409e-16      -1.3024
_SET3_   64087         5   70883115   70954533    142      12  105318      0.56493     0.078781   -4.4409e-16      0.56493
_SET3_   3842          5   72112418   72210215    160      15  105318      -0.9747      0.55323   -4.4409e-16      -0.9747
_SET3_   10087         5   74666928   74807806    233      20  105318       2.4272   0.00052219   -4.4409e-16       2.4272
_SET3_   8622          5   76476082   76724081    673      49  105318     0.094104     0.087612   -4.0246e-16     0.094104
_SET3_   9522          5   77656339   77776562    317      13  105318       1.9116    0.0019486   -4.4409e-16       1.9116
_SET3_   167153        5   78908243   78982471    191       8  105318      0.66139     0.082207   -4.4409e-16      0.66139
_SET3_   9765          5   79703386   79775498    162      10  105318     -0.39993      0.38203   -3.8858e-16     -0.39993
_SET3_   1105          5   98189689   98264522    148      15  105318       1.8516     0.003811   -4.4409e-16       1.8516
_SET3_   153733        5  114602885  114632458     52       9  105318       1.1536     0.027972   -4.4409e-16       1.1536
_SET3_   9140          5  115163893  115177548     21       6  105318     -0.16923      0.29941   -3.8858e-16     -0.16923
_SET3_   501           5  125877533  125931104    163      25  105318      0.63999     0.064188   -4.4409e-16      0.63999
_SET3_   51735         5  130759614  130970929    289      11  105318     -0.86349      0.49389   -4.4409e-16     -0.86349
_SET3_   6584          5  131705396  131731306     82       8  105318     -0.12234      0.26027   -4.0246e-16     -0.12234
_SET3_   10111         5  131892616  131980313    109       6  105318      0.28984      0.16388   -3.8858e-16      0.28984
_SET3_   6500          5  133492082  133512724     32       6  105318      -2.1035      0.93541   -4.4409e-16      -2.1035
_SET3_   4090          5  135468536  135518422    120       5  105318      -1.3547      0.73993   -4.4409e-16      -1.3547
_SET3_   51306         5  137273638  137387650    219      15  105318       1.5187    0.0083565   -4.4409e-16       1.5187
_SET3_   10902         5  137475455  137514358     46       9  105318       1.1348     0.030106   -4.4409e-16       1.1348
_SET3_   9782          5  138609441  138667366     44       5  105318     -0.87051      0.57496   -4.4409e-16     -0.87051
_SET3_   54882         5  139781399  139919441    109      18  105318        3.041   5.3275e-05   -4.4409e-16        3.041
_SET3_   56112         5  140723601  140892546    415      32  105318        1.638    0.0042821   -4.4409e-16        1.638
_SET3_   9604          5  141346402  141369856     66       7  105318      0.37995      0.14144   -3.8858e-16      0.37995
_SET3_   81555         5  143537723  143550278     42       7  105318     -0.44409      0.39056   -3.8858e-16     -0.44409
_SET3_   78991         5  148737570  148749221     15       5  105318       2.6582   0.00038255   -4.4409e-16       2.6582
_SET3_   6678          5  151040657  151066615     63      11  105318     -0.10376      0.24922   -4.0246e-16     -0.10376
_SET3_   10827         5  153369723  153418497    114       7  105318       3.7222   3.5328e-06   -4.4409e-16       3.7222
_SET3_   23367         5  154062224  154197167    286      29  105318      0.70944     0.050538   -4.4409e-16      0.70944
_SET3_   9337          5  154237755  154256352     25       4  105318      0.25151      0.21836   -3.8858e-16      0.25151
_SET3_   9685          5  157212751  157286183    191      14  105318      0.60801     0.073479   -4.4409e-16      0.60801
_SET3_   153830        5  158584417  158637061    106      18  105318       2.2565    0.0010396   -4.4409e-16       2.2565
_SET3_   900           5  162864573  162872022      8       4  105318      -0.6405      0.49032   -4.4409e-16      -0.6405
_SET3_   27430         5  162930070  162946359     36       7  105318      0.56708      0.09784   -4.4409e-16      0.56708
_SET3_   23291         5  171288553  171433877    137      10  105318      0.10208      0.21774   -4.0246e-16      0.10208
_SET3_   57222         5  172261223  172379688    337      45  105318      0.20656      0.11433   -3.8858e-16      0.20656
_SET3_   54540         5  176946790  176981548     12       1  105318       1.0235     0.062198   -4.4409e-16       1.0235
_SET3_   5272          6    2887499    2903546     48      16  105318       -1.033      0.59026   -4.4409e-16       -1.033
_SET3_   8737          6    3064201    3115421     60      17  105318      0.40635      0.11282   -3.8858e-16      0.40635
_SET3_   6745          6    7281283    7313541    168      16  105318       1.6576    0.0054139   -4.4409e-16       1.6576
_SET3_   23787         6   36935911   36954327     80      10  105318      0.55519     0.098322   -4.4409e-16      0.55519
_SET3_   60685         6   37787272   38161637   1006      23  105318       0.2761     0.035505   -3.8858e-16       0.2761
_SET3_   116113        6   41514164   41570122    146      17  105318       1.8687    0.0034827   -4.4409e-16       1.8687
_SET3_   129685        6   42018251   42055093    141      26  105318       0.9723     0.032384   -4.4409e-16       0.9723
_SET3_   221395        6   46820242   46922681    337      34  105318     0.076566      0.14372   -4.0246e-16     0.076566
_SET3_   2729          6   53362139   53409927    164      16  105318       1.2072     0.021495   -4.4409e-16       1.2072
_SET3_   667           6   56322785   56819426    934      27  105318       3.4835   3.3356e-07   -4.4409e-16       3.4835
_SET3_   577           6   69345210   70099403   2099      65  105318       2.1547   2.0884e-06   -4.4409e-16       2.1547
_SET3_   55788         6   70385641   70507049    391      14  105318      0.69383     0.041438   -4.4409e-16      0.69383
_SET3_   25821         6   74171454   74211179    100      13  105318      0.14324       0.1887   -3.8858e-16      0.14324
_SET3_   55754         6   75962638   75994632     49       5  105318      -2.9839      0.99372   -4.4409e-16      -2.9839
_SET3_   83699         6   80341000   80413369    187      24  105318      -1.5666      0.74778   -4.4409e-16      -1.5666
_SET3_   57226         6   90341943   90348474     12       3  105318      -0.5693      0.47823   -4.4409e-16      -0.5693
_SET3_   57531         6  105175968  105307794    303      14  105318      -2.6219      0.95238   -4.4409e-16      -2.6219
_SET3_   64208         6  105605775  105627858     68       7  105318      0.40666      0.15588   -3.8858e-16      0.40666
_SET3_   9896          6  110012424  110146634    270      24  105318       -1.777      0.79191   -4.4409e-16       -1.777
_SET3_   10758         6  111876581  111927477    143      18  105318       3.5391   5.4637e-06   -4.4409e-16       3.5391
_SET3_   221294        6  116421999  116566853    323      21  105318     -0.67863      0.37705   -4.4409e-16     -0.67863
_SET3_   135112        6  126102307  126253176    271      22  105318     0.061978      0.15365   -3.9552e-16     0.061978
_SET3_   9439          6  131895106  131949379     52      11  105318       1.3662     0.019749   -4.4409e-16       1.3662
_SET3_   10767         6  135281516  135376036    204       8  105318     -0.73223      0.44631   -4.4409e-16     -0.73223
_SET3_   9053          6  136663419  136871957    183       9  105318      0.44448      0.11654   -3.8858e-16      0.44448
_SET3_   7402          6  144606434  145174170   1117      72  105318      0.58567     0.017121   -4.4409e-16      0.58567
_SET3_   7957          6  145946440  146057128    254      12  105318     -0.29318       0.2705   -3.8858e-16     -0.29318
_SET3_   23118         6  149639436  149732747    263      14  105318      -1.9723      0.85605   -4.4409e-16      -1.9723
_SET3_   22828         6  155054512  155282708    476      51  105318     -0.54279      0.28779   -4.4409e-16     -0.54279
_SET3_   57492         6  157098980  157531913    928      74  105318       2.0048   0.00034742   -4.4409e-16       2.0048
_SET3_   57583         6  158957468  159056467    327      21  105318      -1.5452      0.69906   -4.4409e-16      -1.5452
_SET3_   6648          6  160100148  160114353     51       7  105318      0.63123     0.084125   -4.4409e-16      0.63123
_SET3_   9444          6  163835675  163999628    323      17  105318       2.5278   0.00025073   -4.4409e-16       2.5278
_SET3_   23353         7     855194     914557    212      16  105318      0.90531     0.034065   -4.4409e-16      0.90531
_SET3_   54476         7    5659672    5821361    549      23  105318       1.4628    0.0058249   -4.4409e-16       1.4628
_SET3_   729852        7    7680342    7918854   1126      94  105318      -2.6667      0.87859   -4.4409e-16      -2.6667
_SET3_   54664         7   12250848   12276890    171       7  105318      0.14782      0.16821   -3.8858e-16      0.14782
_SET3_   23161         7   17830385   17980141    317      17  105318     -0.86451      0.44637   -4.4409e-16     -0.86451
_SET3_   84668         7   22980878   23053814    202      18  105318      0.30487      0.11117   -3.8858e-16      0.30487
_SET3_   55975         7   23145353   23215040    196      11  105318      0.72085     0.058251   -4.4409e-16      0.72085
_SET3_   340277        7   23719231   23742269     79      13  105318       1.9114    0.0034164   -4.4409e-16       1.9114
_SET3_   54205         7   25158270   25164980     12       4  105318     -0.78849      0.55847   -4.4409e-16     -0.78849
_SET3_   8887          7   27778992   27869386    179      23  105318       1.5034    0.0088597   -4.4409e-16       1.5034
_SET3_   2617          7   30634181   30673649     98      13  105318     -0.78522      0.52706   -4.4409e-16     -0.78522
_SET3_   23366         7   36363759   36429734    169      24  105318       1.1486     0.021909   -4.4409e-16       1.1486
_SET3_   28988         7   44084239   44101315     54       6  105318      -1.1369      0.67797   -4.4409e-16      -1.1369
_SET3_   5425          7   44154279   44163267     19       6  105318      -2.1412      0.92457   -4.4409e-16      -2.1412
_SET3_   23148         7   45120036   45128493     25       5  105318     -0.52958      0.43633   -4.4409e-16     -0.52958
_SET3_   51351         7   64434830   64451414     65       5  105318      0.31967      0.16037   -3.8858e-16      0.31967
_SET3_   26053         7   69063905   70257885   2455      85  105318     -0.92862     0.063678   -4.4409e-16     -0.92862
_SET3_   100101267     7   75046060   75115565    100      12  105318      0.63522      0.07704   -4.4409e-16      0.63522
_SET3_   54103         7   76940068   77045719    313      23  105318    -0.073866      0.18783   -4.0246e-16    -0.073866
_SET3_   57157         7   77428109   77586821    327      20  105318      -1.3602      0.65753   -4.4409e-16      -1.3602
_SET3_   5243          7   87133179   87342639    412      35  105318       3.5206   2.6015e-06   -4.4409e-16       3.5206
_SET3_   889           7   91828283   91875414     44       7  105318      0.86357      0.05655   -4.4409e-16      0.86357
_SET3_   8910          7   94214536   94285521     91       9  105318       3.4167   1.6979e-05   -4.4409e-16       3.4167
_SET3_   285989        7   99070476   99085408     15       4  105318     -0.74262      0.58549   -4.4409e-16     -0.74262
_SET3_   79027         7   99156034   99174076     29       8  105318     -0.27303      0.38401   -3.8858e-16     -0.27303
_SET3_   51593         7  100472701  100486285     27       5  105318        2.789   0.00023379   -4.4409e-16        2.789
_SET3_   1174          7  100797685  100804557     28       5  105318      0.88976     0.056705   -4.4409e-16      0.88976
_SET3_   222236        7  102740023  102791081     71      10  105318       0.6821     0.090535   -4.4409e-16       0.6821
_SET3_   55973         7  107220422  107263762     68       9  105318     -0.42683      0.37272   -3.8858e-16     -0.42683
_SET3_   11179         7  111846643  111983989    235      20  105318       0.9373     0.037199   -4.4409e-16       0.9373
_SET3_   54329         7  112720468  112727833     19       7  105318     -0.24522       0.3217   -3.8858e-16     -0.24522
_SET3_   4233          7  116312406  116438440    194      32  105318      0.69529      0.05606   -4.4409e-16      0.69529
_SET3_   830           7  116502533  116559315     59       6  105318       1.0875     0.036379   -4.4409e-16       1.0875
_SET3_   83992         7  117350702  117513561    341      41  105318       1.8131    0.0025483   -4.4409e-16       1.8131
_SET3_   54556         7  120590817  120615711     37       4  105318       1.6253      0.01243   -4.4409e-16       1.6253
_SET3_   5803          7  121513159  121702090    420      33  105318       -1.183      0.54079   -4.4409e-16       -1.183
_SET3_   4698          7  123181083  123197958     30       5  105318     -0.41137      0.39803   -3.8858e-16     -0.41137
_SET3_   55131         7  127950429  127983962     66       9  105318     -0.94619      0.58142   -4.4409e-16     -0.94619
_SET3_   5420          7  131185021  131241376    171      34  105318      -2.4816      0.94448   -4.4409e-16      -2.4816
_SET3_   800           7  134464164  134655480    482      42  105318       2.0556   0.00073108   -4.4409e-16       2.0556
_SET3_   58508         7  151832010  152133090    180       5  105318     -0.89768      0.64757   -4.4409e-16     -0.89768
_SET3_   155435        7  155437188  155574179    340       9  105318       1.5778    0.0068522   -4.4409e-16       1.5778
_SET3_   64327         7  156470537  156685902    710      27  105318     -0.88376      0.35314   -4.4409e-16     -0.88376
_SET3_   10049         7  157129692  157210133    256      18  105318     -0.15492      0.21205   -3.8858e-16     -0.15492
_SET3_   79648         8    6264113    6501140   1217      77  105318      -4.3003      0.99621             0      -4.3003
_SET3_   55326         8    6565878    6619024    167      18  105318      -2.7697      0.97052   -4.4409e-16      -2.7697
_SET3_   1508          8   11700033   11725646    140      16  105318      -1.0247      0.56793   -4.4409e-16      -1.0247
_SET3_   6542          8   17354597   17428077    355      53  105318      -1.3119      0.62852   -4.4409e-16      -1.3119
_SET3_   5108          8   17780364   17887457    458      21  105318      -1.1185      0.51501   -4.4409e-16      -1.1185
_SET3_   11178         8   20103676   20161492    222      42  105318      0.13647      0.14256   -3.8858e-16      0.13647
_SET3_   5520          8   26149007   26230196    184      28  105318       2.5606   0.00030207   -4.4409e-16       2.5606
_SET3_   51669         8   29920609   29940649     31       4  105318      0.61461      0.12453   -4.4409e-16      0.61461
_SET3_   23259         8   38088861   38120351     27       4  105318       4.9744   1.0509e-08             0       4.9744
_SET3_   6867          8   38585704   38710546    232      25  105318       2.5098   0.00028417   -4.4409e-16       2.5098
_SET3_   137964        8   41435702   41482520    124      12  105318      0.63421     0.070523   -4.4409e-16      0.63421
_SET3_   79145         8   57124315   57131178      9       5  105318     -0.38556      0.42549   -3.8858e-16     -0.38556
_SET3_   6386          8   59465566   59495419     46       3  105318      -1.5104      0.81079   -4.4409e-16      -1.5104
_SET3_   444           8   62413115   62627199    504      32  105318    -0.073644      0.14735   -4.0246e-16    -0.073644
_SET3_   51110         8   71549501   71581447     98      12  105318      0.99558     0.035766   -4.4409e-16      0.99558
_SET3_   55284         8   74692332   74791145    119      16  105318     -0.59495      0.44051   -4.4409e-16     -0.59495
_SET3_   83690         8   75896708   75946793    160      19  105318      -1.8373      0.84994   -4.4409e-16      -1.8373
_SET3_   5828          8   77892494   77913280     48      10  105318      -1.1033      0.65439   -4.4409e-16      -1.1033
_SET3_   3612          8   82569151   82599029     76      15  105318       -2.358      0.94753   -4.4409e-16       -2.358
_SET3_   79752         8   82613566   82633539     69      12  105318      -2.4509      0.95661   -4.4409e-16      -2.4509
_SET3_   11059         8   87354965   87480181    334      18  105318      -1.4399      0.67492   -4.4409e-16      -1.4399
_SET3_   4683          8   90945564   90996952    133      11  105318        1.571    0.0088782   -4.4409e-16        1.571
_SET3_   55529         8   92006499   92053203     83      11  105318       2.1222    0.0018443   -4.4409e-16       2.1222
_SET3_   51633         8   92082424   92099323     22       4  105318      0.92632     0.056017   -4.4409e-16      0.92632
_SET3_   286144        8   93895758   93978372    113      24  105318      -1.2635      0.67281   -4.4409e-16      -1.2635
_SET3_   6383          8   97505579   97624037    337      39  105318      0.27248      0.10048   -3.8858e-16      0.27248
_SET3_   4147          8   98881284   99048948    456      39  105318      -3.0394      0.97361   -4.4409e-16      -3.0394
_SET3_   51366         8  103264501  103424947    432      30  105318      0.16115         0.12   -3.8858e-16      0.16115
_SET3_   81034         8  104410866  104427563     56       7  105318      0.73121      0.07228   -4.4409e-16      0.73121
_SET3_   29967         8  105501459  105601252    161      18  105318     -0.90761      0.55166   -4.4409e-16     -0.90761
_SET3_   55074         8  107282406  107764922   1306      59  105318      -2.1984      0.66762   -4.4409e-16      -2.1984
_SET3_   9166          8  110551929  110578225     39      10  105318     0.090462      0.21201   -4.0246e-16     0.090462
_SET3_   114788        8  113235157  114449242   2909      63  105318     -0.46124     0.017272   -3.8858e-16     -0.46124
_SET3_   5885          8  117858173  117887105     66       7  105318     -0.73911       0.5323   -4.4409e-16     -0.73911
_SET3_   2131          8  118811602  119124058    712      51  105318       1.5485    0.0022195   -4.4409e-16       1.5485
_SET3_   50807         8  131064350  131455906   1199      38  105318       2.9692   1.5856e-06   -4.4409e-16       2.9692
_SET3_   51105         8  133787604  133861052    119      13  105318      -1.4232      0.72005   -4.4409e-16      -1.4232
_SET3_   6482          8  134467091  134584697    432      72  105318      0.64885     0.050765   -4.4409e-16      0.64885
_SET3_   10656         8  136469702  136669068    422      23  105318     0.051181      0.13214   -3.9552e-16     0.051181
_SET3_   8629          8  143738874  143751412     50       4  105318       4.1977   6.0507e-07             0       4.1977
_SET3_   23513         8  144873090  144897890     57      11  105318       2.1552    0.0019055   -4.4409e-16       2.1552
_SET3_   5339          8  144989321  145050913    133       5  105318      -1.8885      0.87256   -4.4409e-16      -1.8885
_SET3_   8733          8  145137064  145141119      4       1  105318      0.22347      0.28748   -3.8858e-16      0.22347
_SET3_   23189         9     470294     746106   1390      43  105318     -0.77452      0.13285   -4.4409e-16     -0.77452
_SET3_   6595          9    2015342    2193624    614      75  105318     -0.87004      0.41014   -4.4409e-16     -0.87004
_SET3_   79956         9    5784572    5833081    112      10  105318       1.0808     0.030915   -4.4409e-16       1.0808
_SET3_   158358        9    5919008    6008479    177      15  105318       1.5354    0.0087671   -4.4409e-16       1.5354
_SET3_   55667         9   19230763   19374137    427      24  105318     0.018019      0.13954   -3.9552e-16     0.018019
_SET3_   4300          9   20341663   20622514    450      48  105318     -0.31562      0.22092   -3.8858e-16     -0.31562
_SET3_   23586         9   32455300   32526322    181      17  105318       1.5952    0.0062761   -4.4409e-16       1.5952
_SET3_   9853          9   35490007   35561895    107      16  105318       0.5886     0.077277   -4.4409e-16       0.5886
_SET3_   152006        9   36336395   36487568    224      28  105318       3.9336   6.2237e-07   -4.4409e-16       3.9336
_SET3_   375743        9   72324438   72374916     85      12  105318      0.83572     0.052775   -4.4409e-16      0.83572
_SET3_   4915          9   87283417   87641985    928      63  105318      -1.2342      0.42994   -4.4409e-16      -1.2342
_SET3_   23299         9   95473645   95527083    125      10  105318     -0.49227       0.3861   -3.8858e-16     -0.49227
_SET3_   8555          9   99252807   99382112    108      18  105318      0.86459     0.049558   -4.4409e-16      0.86459
_SET3_   7046          9  101867412  101916474     84       9  105318     -0.78152      0.52836   -4.4409e-16     -0.78152
_SET3_   54886         9  103791031  104087417    900      55  105318      0.81411     0.012229   -4.4409e-16      0.81411
_SET3_   445815        9  112542577  112934792   1235     111  105318      -1.3075      0.42624   -4.4409e-16      -1.3075
_SET3_   51552         9  123940415  123964365     53       9  105318       2.1659    0.0016573   -4.4409e-16       2.1659
_SET3_   55342         9  125878338  126030855    156      21  105318      0.44864      0.11142   -3.8858e-16      0.44864
_SET3_   79109         9  128199673  128469513    447      24  105318     -0.20601      0.18948   -3.8858e-16     -0.20601
_SET3_   23099         9  129567285  129600489     29      11  105318      0.44424      0.11959   -3.8858e-16      0.44424
_SET3_   27433         9  130493803  130497628     13       4  105318      -1.4183      0.77356   -4.4409e-16      -1.4183
_SET3_   6418          9  131445934  131458675      3       2  105318    -0.068119      0.33029   -4.0246e-16    -0.068119
_SET3_   7248          9  135766735  135820094    106      14  105318      -1.2985      0.69788   -4.4409e-16      -1.2985
_SET3_   54461         9  139834885  139839298      6       2  105318     -0.63221      0.49945   -4.4409e-16     -0.63221
_SET3_   11253         9  139981379  140003639     33       5  105318     -0.76476      0.52288   -4.4409e-16     -0.76476
_SET3_   509          10    7830093    7849764     56       7  105318     -0.26996      0.32211   -3.8858e-16     -0.26996
_SET3_   221074       10   18240768   18332221    374      38  105318     -0.39946      0.25865   -3.8858e-16     -0.39946
_SET3_   91452        10   27484143   27531068    291      12  105318       0.3172       0.1164   -3.8858e-16       0.3172
_SET3_   143098       10   28339922   28591953    912      34  105318     -0.28676      0.12587   -3.8858e-16     -0.28676
_SET3_   6935         10   31607825   31818742    245      12  105318       1.0033     0.039925   -4.4409e-16       1.0033
_SET3_   57209        10   38065454   38147012    238      11  105318     -0.98983      0.56567   -4.4409e-16     -0.98983
_SET3_   5599         10   49514682   49647403    275      19  105318       1.0575      0.02415   -4.4409e-16       1.0575
_SET3_   8034         10   70242090   70287280    165      13  105318      -1.4698      0.76562   -4.4409e-16      -1.4698
_SET3_   310          10   75135189   75173841     56       2  105318      0.41191      0.22671   -3.8858e-16      0.41191
_SET3_   8509         10   75561669   75571589      9       3  105318       -1.994      0.91496   -4.4409e-16       -1.994
_SET3_   26985        10   75880015   75910826     60       6  105318     -0.11906       0.2866   -4.0246e-16     -0.11906
_SET3_   23522        10   76584685   76792380    213      14  105318     -0.58067      0.43347   -4.4409e-16     -0.58067
_SET3_   7417         10   76969912   76991206     42       9  105318      -0.8593      0.56015   -4.4409e-16      -0.8593
_SET3_   92211        10   85954391   85979377     81      13  105318      0.36359      0.11855   -3.8858e-16      0.36359
_SET3_   2746         10   88809959   88854776     98      14  105318      -2.1687      0.91411   -4.4409e-16      -2.1687
_SET3_   9562         10   89264223   89313218     82      14  105318      -0.7694      0.48825   -4.4409e-16      -0.7694
_SET3_   5728         10   89623195   89728532    130      27  105318       1.1532      0.02674   -4.4409e-16       1.1532
_SET3_   355          10   90750288   90775542    104      13  105318    0.0023983      0.19944   -3.9682e-16    0.0023983
_SET3_   143279       10   93169037   93274586    136       6  105318    -0.020527      0.31866   -3.9552e-16    -0.020527
_SET3_   84458        10   98592017   98724198    145      10  105318      -1.4089      0.76726   -4.4409e-16      -1.4089
_SET3_   84986        10   98981930   99052430    210      15  105318      0.35214      0.11719   -3.8858e-16      0.35214
_SET3_   8945         10  103113790  103317078    403      14  105318       1.5777    0.0041884   -4.4409e-16       1.5777
_SET3_   8729         10  104005255  104142656    202      24  105318      0.72736     0.051682   -4.4409e-16      0.72736
_SET3_   120          10  111765627  111895323    160      18  105318      -2.6324      0.96742   -4.4409e-16      -2.6324
_SET3_   55088        10  115880615  115934364     99      10  105318     -0.56473      0.42976   -4.4409e-16     -0.56473
_SET3_   11101        10  123499939  123688149    607      31  105318       1.6829    0.0018812   -4.4409e-16       1.6829
_SET3_   1488         10  126676418  126849624    677      67  105318     -0.88561      0.37735   -4.4409e-16     -0.88561
_SET3_   80313        10  134145614  134195010    200      19  105318     -0.31074      0.27812   -3.8858e-16     -0.31074
_SET3_   338707       11     369795     382117      2       1  105318       1.6468     0.025787   -4.4409e-16       1.6468
_SET3_   347862       11     767222     777501     30       5  105318      -1.3429      0.73679   -4.4409e-16      -1.3429
_SET3_   161          11     925809    1012245    291      10  105318      0.60896     0.059915   -4.4409e-16      0.60896
_SET3_   6786         11    3876933    4114440    561      22  105318      -1.0318      0.43498   -4.4409e-16      -1.0318
_SET3_   81846        11    9800214   10315754   1673      35  105318      -3.1935      0.85174   -4.4409e-16      -3.1935
_SET3_   10335        11   10594638   10715535    395      41  105318     -0.95483       0.4612   -4.4409e-16     -0.95483
_SET3_   55031        11   11862970   11980872    219      22  105318        0.299      0.11225   -3.8858e-16        0.299
_SET3_   406          11   13299325   13408813    256      30  105318       1.4685    0.0080869   -4.4409e-16       1.4685
_SET3_   10944        11   16760148   16779901     38       8  105318       1.5669      0.01047   -4.4409e-16       1.5669
_SET3_   144100       11   16809207   17035963    748      48  105318     -0.83481      0.30732   -4.4409e-16     -0.83481
_SET3_   5286         11   17108108   17229543    201      18  105318       2.9183   6.3187e-05   -4.4409e-16       2.9183
_SET3_   54503        11   19138681   19197967    133      14  105318      0.09223      0.18354   -4.0246e-16      0.09223
_SET3_   55366        11   27387508   27494338    196      27  105318      0.46237     0.087088   -3.8858e-16      0.46237
_SET3_   196074       11   28129798   28355054    302      16  105318       1.4334      0.00853   -4.4409e-16       1.4334
_SET3_   966          11   33724556   33758025     98      17  105318      -2.7075      0.96992   -4.4409e-16      -2.7075
_SET3_   4076         11   34073230   34124157    125       4  105318        2.469     0.001342   -4.4409e-16        2.469
_SET3_   25891        11   35453374   35551848    361      38  105318      0.93408     0.024109   -4.4409e-16      0.93408
_SET3_   9776         11   46638826   46697569     47       6  105318       6.1052   6.4178e-12             0       6.1052
_SET3_   84364        11   47185849   47199054     21       6  105318       3.7084   4.7787e-06   -4.4409e-16       3.7084
_SET3_   25921        11   57435223   57468659     51       9  105318       5.1964   1.2682e-09             0       5.1964
_SET3_   9415         11   61583675   61634826    132      16  105318      -1.2998      0.67625   -4.4409e-16      -1.2998
_SET3_   23193        11   62392298   62414198     20       5  105318     -0.75239      0.52498   -4.4409e-16     -0.75239
_SET3_   2011         11   63606400   63678492    106       9  105318       2.6371   0.00030239   -4.4409e-16       2.6371
_SET3_   8722         11   66330935   66336047     11       3  105318      0.90771     0.061332   -4.4409e-16      0.90771
_SET3_   22992        11   66886740   67025553    124      15  105318      0.34761      0.18437   -3.8858e-16      0.34761
_SET3_   81570        11   72003469   72145724    209      14  105318     -0.31236      0.33705   -3.8858e-16     -0.31236
_SET3_   1207         11   77327196   77348851     40       6  105318      -1.0708       0.6651   -4.4409e-16      -1.0708
_SET3_   27314        11   82684177   82782965    195      23  105318     -0.88995      0.49638   -4.4409e-16     -0.88995
_SET3_   79101        11   93463368   93474703      9       4  105318     -0.64027      0.49226   -4.4409e-16     -0.64027
_SET3_   114908       11  102267056  102323775    110      12  105318      -1.9499      0.89866   -4.4409e-16      -1.9499
_SET3_   5962         11  110045605  110167437    175      13  105318     0.083313      0.16639   -4.0246e-16     0.083313
_SET3_   79796        11  111652919  111742305     94      11  105318     -0.23902      0.28505   -3.8858e-16     -0.23902
_SET3_   4684         11  112831969  113149158    905      54  105318       1.8612   0.00048272   -4.4409e-16       1.8612
_SET3_   23705        11  115039933  115375241    563      47  105318       1.4003    0.0049505   -4.4409e-16       1.4003
_SET3_   8882         11  116649276  116658739     22       7  105318      -2.0184       0.9138   -4.4409e-16      -2.0184
_SET3_   10525        11  118914896  118927951     20       6  105318       2.0124    0.0032826   -4.4409e-16       2.0124
_SET3_   9854         11  118977771  118988304     27       5  105318     -0.38058       0.3742   -3.8858e-16     -0.38058
_SET3_   6309         11  121163388  121184119     25       6  105318     -0.59635      0.46749   -4.4409e-16     -0.59635
_SET3_   79864        11  122753236  122830430    223      32  105318       2.5431   0.00027329   -4.4409e-16       2.5431
_SET3_   84897        11  124492742  124505822     21       9  105318         1.29     0.021275   -4.4409e-16         1.29
_SET3_   29068        11  130096572  130184663    235      11  105318      -1.0886      0.64826   -4.4409e-16      -1.0886
_SET3_   399979       11  130745766  130786382    221      13  105318       3.7978    1.232e-06   -4.4409e-16       3.7978
_SET3_   8078         12    6961285    6975796     10       4  105318     -0.31493      0.36652   -3.8858e-16     -0.31493
_SET3_   55729        12   14518566   14655864    318      19  105318      -0.8405      0.44365   -4.4409e-16      -0.8405
_SET3_   5965         12   21621844   21654603    117      18  105318      -0.2448      0.27875   -3.8858e-16      -0.2448
_SET3_   10060        12   21950323   22094797    297      28  105318     -0.76758      0.40907   -4.4409e-16     -0.76758
_SET3_   8082         12   26348032   26387710    107      15  105318    -0.097715      0.24081   -4.0246e-16    -0.097715
_SET3_   8496         12   27677045   27848497    570      43  105318     -0.49653      0.23824   -3.8858e-16     -0.49653
_SET3_   5318         12   32943680   33049780    326      26  105318      0.11009      0.14232   -4.0246e-16      0.11009
_SET3_   120892       12   40618813   40763087    494      33  105318      0.62398     0.039594   -4.4409e-16      0.62398
_SET3_   51135        12   44152747   44183346     75       9  105318     -0.51191      0.45437   -4.4409e-16     -0.51191
_SET3_   91010        12   50031724   50101197    101       9  105318       1.2662     0.030005   -4.4409e-16       1.2662
_SET3_   6602         12   50478760   50494494     16       3  105318       2.9936   0.00012775   -4.4409e-16       2.9936
_SET3_   466          12   51157789   51214943    109      11  105318       2.6653   0.00025165   -4.4409e-16       2.6653
_SET3_   6667         12   53773979   53810230     74       8  105318       1.6008     0.010704   -4.4409e-16       1.6008
_SET3_   5094         12   53845886   53874946     23       5  105318       4.2209   4.6358e-07             0       4.2209
_SET3_   1606         12   56324946   56347811     15       5  105318    -0.019942      0.26475   -3.9552e-16    -0.019942
_SET3_   64375        12   56401268   56432219     30       6  105318    -0.028707      0.28241   -3.9552e-16    -0.028707
_SET3_   10193        12   56596288   56615753     19       8  105318     -0.70889       0.5516   -4.4409e-16     -0.70889
_SET3_   10728        12   57057125   57082138     58      11  105318      0.16411      0.18342   -3.8858e-16      0.16411
_SET3_   3798         12   57943812   57980416     48      11  105318       0.9796     0.040101   -4.4409e-16       0.9796
_SET3_   2799         12   65107222   65153226     53       5  105318       1.1752     0.029754   -4.4409e-16       1.1752
_SET3_   55832        12   67663061   67708388    134      12  105318       1.0894     0.028309   -4.4409e-16       1.0894
_SET3_   5908         12   69004619   69054385    100      16  105318     -0.67854      0.47549   -4.4409e-16     -0.67854
_SET3_   5787         12   70910630   71031220    439      51  105318     -0.32702      0.23475   -3.8858e-16     -0.32702
_SET3_   64786        12   72233487   72320629    171      13  105318       3.1012   6.0161e-05   -4.4409e-16       3.1012
_SET3_   4673         12   76438672   76478738     55       6  105318       1.4793     0.013556   -4.4409e-16       1.4793
_SET3_   79611        12   81471797   81650538    546      26  105318       -2.236      0.84937   -4.4409e-16       -2.236
_SET3_   1634         12   91539035   91576806     37       5  105318      0.42685      0.16413   -3.8858e-16      0.42685
_SET3_   55591        12   95611522   95696566    272      21  105318      -2.3849      0.92804   -4.4409e-16      -2.3849
_SET3_   55681        12  100660918  100735502    118      12  105318       1.6501    0.0082429   -4.4409e-16       1.6501
_SET3_   7184         12  104324112  104341708     73      18  105318      0.84383     0.048542   -4.4409e-16      0.84383
_SET3_   255394       12  106696570  106741365    103      14  105318       2.0424    0.0020225   -4.4409e-16       2.0424
_SET3_   55188        12  107168077  107283094    175      23  105318     -0.49365        0.359   -3.8858e-16     -0.49365
_SET3_   121551       12  107712197  108053419    914      64  105318      0.97297    0.0085905   -4.4409e-16      0.97297
_SET3_   83892        12  109886460  109915165    127      11  105318       3.2195   3.3399e-05   -4.4409e-16       3.2195
_SET3_   10906        12  112563349  112591408     26       6  105318    -0.095554      0.32242   -4.0246e-16    -0.095554
_SET3_   23389        12  116396381  116714991    515      26  105318     -0.21454      0.19278   -3.8858e-16     -0.21454
_SET3_   84678        12  121866899  122019110    261      22  105318     0.064671      0.15243   -4.0246e-16     0.064671
_SET3_   65117        12  122989190  123011560     34       4  105318       2.5757   0.00055612   -4.4409e-16       2.5757
_SET3_   2054         12  131274145  131323819    150       8  105318      0.66938     0.069917   -4.4409e-16      0.66938
_SET3_   283383       12  131438452  131626010    836      58  105318     -0.52205      0.19916   -4.4409e-16     -0.52205
_SET3_   2802         12  133345495  133405659    216      24  105318      0.98135     0.028206   -4.4409e-16      0.98135
_SET3_   221178       13   24553765   24881212   1394     143  105318      -1.9671      0.63477   -4.4409e-16      -1.9671
_SET3_   9445         13   48807274   48836232     33       6  105318       2.1373    0.0025673   -4.4409e-16       2.1373
_SET3_   5925         13   48877883   49056026    225      18  105318      0.97849     0.037379   -4.4409e-16      0.97849
_SET3_   22862        13   49550048   49783915    273      18  105318     -0.81853      0.45405   -4.4409e-16     -0.81853
_SET3_   22894        13   73329540   73356344     56      12  105318       1.8977    0.0039094   -4.4409e-16       1.8977
_SET3_   64062        13   79885962   79980393    242       9  105318       3.9247   6.7459e-07   -4.4409e-16       3.9247
_SET3_   54602        13   80055259   80130212    116      12  105318       3.6689   3.9935e-06   -4.4409e-16       3.6689
_SET3_   114798       13   84451340   84456528      5       2  105318      -1.5416      0.91369   -4.4409e-16      -1.5416
_SET3_   3843         13   98605914   98676550    101      10  105318     -0.56211      0.41231   -4.4409e-16     -0.56211
_SET3_   84899        13  101256090  101327103    208      16  105318     -0.61619      0.38514   -4.4409e-16     -0.61619
_SET3_   57680        14   21853353   21924276    117      10  105318      0.24112      0.18989   -3.8858e-16      0.24112
_SET3_   10419        14   23389733   23398789     15       3  105318       2.3919    0.0012054   -4.4409e-16       2.3919
_SET3_   55632        14   31028329   31089046    136      21  105318      -1.0006      0.58233   -4.4409e-16      -1.0006
_SET3_   23256        14   31091460   31205034    267      19  105318      -0.4201      0.31189   -3.8858e-16      -0.4201
_SET3_   5687         14   35747811   35786680    115      13  105318     -0.24778      0.32178   -3.8858e-16     -0.24778
_SET3_   9147         14   50250528   50319763     55       9  105318      0.40686      0.13375   -3.8858e-16      0.40686
_SET3_   3895         14   56046925   56151302    298      10  105318       1.2857     0.015957   -4.4409e-16       1.2857
_SET3_   10640        14   57669194   57735726    113       8  105318     -0.54666      0.46773   -4.4409e-16     -0.54666
_SET3_   5494         14   60712470   60765805     90       7  105318       2.0829    0.0024819   -4.4409e-16       2.0829
_SET3_   5583         14   61788515   62017698    637      57  105318      0.80215     0.025601   -4.4409e-16      0.80215
_SET3_   23224        14   64319683   64693167    937      45  105318      -1.3453      0.44766   -4.4409e-16      -1.3453
_SET3_   2530         14   65877310   66210839    747      30  105318    -0.037829      0.10038   -3.9552e-16    -0.037829
_SET3_   64398        14   67708012   67802778    316      14  105318      0.21235      0.17278   -3.8858e-16      0.21235
_SET3_   51109        14   68143517   68162510     30       8  105318      0.69144     0.082678   -4.4409e-16      0.69144
_SET3_   55218        14   69658194   69710737     96      10  105318     -0.99916      0.57856   -4.4409e-16     -0.99916
_SET3_   6430         14   70233812   70238722      6       3  105318      0.30066      0.18461   -3.8858e-16      0.30066
_SET3_   26037        14   71788108   72207761    549      29  105318       2.6307   7.6006e-05   -4.4409e-16       2.6307
_SET3_   8110         14   73085561   73360824    801      63  105318     -0.42842      0.18547   -3.8858e-16     -0.42842
_SET3_   58517        14   73525221   73588749    124      19  105318       0.5102     0.095603   -4.4409e-16       0.5102
_SET3_   89932        14   73704205   73741348    108      21  105318       1.0928     0.026905   -4.4409e-16       1.0928
_SET3_   91748        14   74181825   74256988    194      32  105318      0.15096      0.14612   -3.8858e-16      0.15096
_SET3_   145483       14   74399695   74417117     62       8  105318       1.0685       0.0329   -4.4409e-16       1.0685
_SET3_   10598        14   77924373   77935815     53       7  105318      0.95521     0.043857   -4.4409e-16      0.95521
_SET3_   85439        14   81726994   81902789    466      36  105318     -0.26205      0.19899   -3.8858e-16     -0.26205
_SET3_   54207        14   88646452   88793256    547      51  105318     -0.44257      0.24077   -3.8858e-16     -0.44257
_SET3_   9252         14   91335086   91526993    387      27  105318      0.47714     0.063992   -3.8858e-16      0.47714
_SET3_   3705         14   93403259   93582263    518      29  105318      0.10236      0.11163   -4.0246e-16      0.10236
_SET3_   57062        14   94517268   94547558     87       6  105318      0.76883     0.067415   -4.4409e-16      0.76883
_SET3_   1778         14  102430865  102517135    159      17  105318       -1.041      0.61026   -4.4409e-16       -1.041
_SET3_   1983         14  103800339  103811362     26       7  105318       2.5986   0.00058849   -4.4409e-16       2.5986
_SET3_   23241        14  105767170  105864484      6       1  105318     -0.25956      0.58749   -3.8858e-16     -0.25956
_SET3_   81614        15   23004684   23034427    133      13  105318      0.39732      0.11374   -3.8858e-16      0.39732
_SET3_   57194        15   25923859   26110304    799      76  105318      -1.1214      0.43362   -4.4409e-16      -1.1214
_SET3_   7082         15   29992338   30261038    625      47  105318      0.26963     0.072086   -3.8858e-16      0.26963
_SET3_   9990         15   34522197   34630265    438      19  105318     -0.47413      0.29783   -3.8858e-16     -0.47413
_SET3_   254531       15   34651089   34659397     18       7  105318       3.5337   1.0105e-05   -4.4409e-16       3.5337
_SET3_   4212         15   37183222   37393500    423      66  105318     -0.75571      0.40401   -4.4409e-16     -0.75571
_SET3_   7158         15   43695262   43802707    202      11  105318       3.3854   1.3013e-05   -4.4409e-16       3.3854
_SET3_   6652         15   45315302   45367287    103      11  105318      -1.8993      0.89934   -4.4409e-16      -1.8993
_SET3_   2628         15   45653322   45670980     37       4  105318     -0.74639      0.53605   -4.4409e-16     -0.74639
_SET3_   9728         15   49280835   49338760    109      13  105318       1.7925    0.0047909   -4.4409e-16       1.7925
_SET3_   9318         15   49417471   49447854     75      12  105318       1.6619    0.0071005   -4.4409e-16       1.6619
_SET3_   84888        15   50999730   51057910    188      14  105318      0.61245     0.071492   -4.4409e-16      0.61245
_SET3_   10681        15   52413123   52483565    204      19  105318      -2.5926       0.9597   -4.4409e-16      -2.5926
_SET3_   102          15   58887403   59042177    277      14  105318       2.9207   6.5508e-05   -4.4409e-16       2.9207
_SET3_   79811        15   59171244   59226323     64       8  105318       2.7378   0.00028601   -4.4409e-16       2.7378
_SET3_   4643         15   59428168   59665071    674      56  105318      0.24576     0.070675   -3.8858e-16      0.24576
_SET3_   54832        15   62144588   62352664    551      21  105318     -0.99738      0.42893   -4.4409e-16     -0.99738
_SET3_   9960         15   63796710   63886839    213      19  105318     0.026783      0.17826   -3.9552e-16     0.026783
_SET3_   8925         15   63900817   64126148    548      19  105318      -0.3542      0.21028   -3.8858e-16      -0.3542
_SET3_   80301        15   65134082   65160201     74       9  105318      -0.6782      0.46329   -4.4409e-16      -0.6782
_SET3_   123263       15   65293850   65321977     76      11  105318      -1.8354      0.86095   -4.4409e-16      -1.8354
_SET3_   10260        15   65952954   66084631    259      11  105318     -0.78855      0.47009   -4.4409e-16     -0.78855
_SET3_   84465        15   66187634   66546075   1117     107  105318     -0.95436      0.32025   -4.4409e-16     -0.95436
_SET3_   6124         15   66791653   66816870     75      13  105318      -0.6301      0.45037   -4.4409e-16      -0.6301
_SET3_   79719        15   67493013   67547536     98       8  105318     -0.38453       0.3504   -3.8858e-16     -0.38453
_SET3_   10391        15   68851614   69020145    491      53  105318      -1.5908      0.69221   -4.4409e-16      -1.5908
_SET3_   8125         15   69070874   69113261     72      13  105318      -0.4018      0.36117   -3.8858e-16      -0.4018
_SET3_   26035        15   69452921   69564546    169      12  105318       2.2733   0.00094841   -4.4409e-16       2.2733
_SET3_   55323        15   71123889   71146498     39       7  105318     -0.26874      0.32384   -3.8858e-16     -0.26874
_SET3_   5315         15   72491370   72523901     41       7  105318       0.3842      0.15289   -3.8858e-16       0.3842
_SET3_   4756         15   73344056   73597547    559      21  105318       1.3635    0.0054165   -4.4409e-16       1.3635
_SET3_   25942        15   75661720   75748181     82       8  105318       1.1141     0.029382   -4.4409e-16       1.1141
_SET3_   49855        15   76640526   77197796   1070      21  105318     -0.12888     0.069243   -3.8858e-16     -0.12888
_SET3_   10099        15   77336359   77363570     16       5  105318       1.2749     0.025297   -4.4409e-16       1.2749
_SET3_   11214        15   85923818   86292589   1236      36  105318     -0.77182      0.15758   -4.4409e-16     -0.77182
_SET3_   5428         15   89859536   89878026     30       4  105318        1.984    0.0038958   -4.4409e-16        1.984
_SET3_   64784        15   91073118   91188577    332      19  105318     -0.28732      0.24094   -3.8858e-16     -0.28732
_SET3_   9899         15   91642996   91844539    614      45  105318      -1.9203      0.75544   -4.4409e-16      -1.9203
_SET3_   55180        15  101109428  101142445    150      16  105318     -0.79848       0.4766   -4.4409e-16     -0.79848
_SET3_   197342       16    1823223    1826628      9       4  105318    -0.094521       0.2843   -4.0246e-16    -0.094521
_SET3_   3029         16    1859104    1877195    148       8  105318      0.57275     0.094242   -4.4409e-16      0.57275
_SET3_   21           16    2325879    2390747     87      11  105318     -0.41355      0.35223   -3.8858e-16     -0.41355
_SET3_   23524        16    2802330    2821413     29       7  105318      0.97843     0.050954   -4.4409e-16      0.97843
_SET3_   79903        16    3493611    3536963    184      15  105318       -1.222      0.64943   -4.4409e-16       -1.222
_SET3_   26048        16    4800815    4817219     77      10  105318       1.2929      0.01958   -4.4409e-16       1.2929
_SET3_   56052        16    5121810    5137380     48       8  105318     -0.61333      0.44089   -4.4409e-16     -0.61333
_SET3_   7874         16    8985951    9057341    165      15  105318      0.56349     0.078834   -4.4409e-16      0.56349
_SET3_   9665         16   15688226   15737023     89      21  105318    -0.067772       0.2342   -4.0246e-16    -0.067772
_SET3_   408050       16   16326389   16388668      6       1  105318     -0.66523      0.57627   -4.4409e-16     -0.66523
_SET3_   124152       16   19727778   19869087    250      13  105318       1.0062     0.031254   -4.4409e-16       1.0062
_SET3_   51108        16   21608543   21668792     66      14  105318        2.589   0.00040569   -4.4409e-16        2.589
_SET3_   23062        16   23474863   23521815     70       7  105318      0.84629     0.068522   -4.4409e-16      0.84629
_SET3_   27327        16   24741028   24837548    178      20  105318     0.069698      0.17604   -4.0246e-16     0.069698
_SET3_   2975         16   27471934   27561251    106      12  105318        1.577     0.010528   -4.4409e-16        1.577
_SET3_   11273        16   28834369   28848558     24       2  105318       2.1314    0.0034308   -4.4409e-16       2.1314
_SET3_   3835         16   29801383   29816706      2       1  105318     -0.33968      0.51424   -3.8858e-16     -0.33968
_SET3_   4150         16   29817417   29822504      2       1  105318       1.8911     0.010176   -4.4409e-16       1.8911
_SET3_   5261         16   30759574   30772497      5       3  105318       1.3468     0.031005   -4.4409e-16       1.3468
_SET3_   81831        16   47115431   47177936     50       6  105318      0.96538     0.066404   -4.4409e-16      0.96538
_SET3_   5257         16   47495047   47735434    172      13  105318       1.1988     0.029809   -4.4409e-16       1.1988
_SET3_   83752        16   48278211   48387888    119      10  105318      0.17467      0.18792   -3.8858e-16      0.17467
_SET3_   55027        16   50099881   50139392    102       8  105318      0.80278     0.062756   -4.4409e-16      0.80278
_SET3_   80205        16   53088905   53361414    634      23  105318   -0.0065278      0.10585   -3.9638e-16   -0.0065278
_SET3_   64400        16   53525192   53538323     16       3  105318      -1.6589      0.84458   -4.4409e-16      -1.6589
_SET3_   55239        16   56485424   56511407     60       9  105318      0.97119     0.047313   -4.4409e-16      0.97119
_SET3_   1009         16   64916794   65160015    830      34  105318      0.62879     0.021249   -4.4409e-16      0.62879
_SET3_   10204        16   67880819   67906470     37       8  105318       3.5888   1.4455e-05   -4.4409e-16       3.5888
_SET3_   80777        16   69458498   69500167    132      16  105318       1.0023     0.033354   -4.4409e-16       1.0023
_SET3_   23450        16   70557691   70611571     70       6  105318      -0.3322      0.34325   -3.8858e-16      -0.3322
_SET3_   2734         16   74481325   74641042    463      24  105318        3.262   6.3835e-06   -4.4409e-16        3.262
_SET3_   23536        16   75622718   75657221    117      16  105318      0.11353      0.20176   -4.0246e-16      0.11353
_SET3_   23300        16   81069458   81080955     23       3  105318     0.029225      0.30743   -3.9552e-16     0.029225
_SET3_   80790        16   81478775   81745367   1046      95  105318     0.091814     0.064929   -4.0246e-16     0.091814
_SET3_   54971        16   87984231   88110924     75       6  105318      -1.7681      0.84878   -4.4409e-16      -1.7681
_SET3_   4641         17    1367480    1396001     94      27  105318       1.6047    0.0073392   -4.4409e-16       1.6047
_SET3_   114826       17    1682829    1733175    184      17  105318     -0.42891      0.32238   -3.8858e-16     -0.42891
_SET3_   5048         17    2496923    2588909    188      12  105318       1.9903    0.0023164   -4.4409e-16       1.9903
_SET3_   23277        17    2592680    2615053     40       7  105318      0.28435      0.15213   -3.8858e-16      0.28435
_SET3_   7775         17    5009029    5026411     43      11  105318       1.3952     0.015436   -4.4409e-16       1.3952
_SET3_   54739        17    6658716    6678966     45       9  105318      -2.0715      0.90983   -4.4409e-16      -2.0715
_SET3_   84461        17    7218947    7232644     24       7  105318     -0.31351      0.32984   -3.8858e-16     -0.31351
_SET3_   1973         17    7476024    7482324     20       6  105318       0.4594      0.13172   -3.8858e-16       0.4594
_SET3_   7157         17    7571720    7590868     50      11  105318      -1.0642      0.65164   -4.4409e-16      -1.0642
_SET3_   9611         17   15933408   16118874    306      10  105318      0.62205     0.059567   -4.4409e-16      0.62205
_SET3_   51030        17   18684458   18710027     57       8  105318       2.5709   0.00043568   -4.4409e-16       2.5709
_SET3_   26118        17   25621106   25640659     38       7  105318      -1.3429        0.734   -4.4409e-16      -1.3429
_SET3_   124925       17   27281923   27333458     64      11  105318        1.076     0.035337   -4.4409e-16        1.076
_SET3_   399687       17   27400528   27507432    208      20  105318       1.2688     0.014224   -4.4409e-16       1.2688
_SET3_   3980         17   33307517   33332088     22       6  105318     -0.21803      0.31554   -3.8858e-16     -0.21803
_SET3_   163          17   33913918   34053436    391      21  105318      0.67866     0.043921   -4.4409e-16      0.67866
_SET3_   31           17   35441927   35766902    395      25  105318      0.99085     0.021609   -4.4409e-16      0.99085
_SET3_   51755        17   37617739   37721398    188      10  105318       3.1691   3.4753e-05   -4.4409e-16       3.1691
_SET3_   2064         17   37844167   37884915     47       7  105318        1.291     0.023421   -4.4409e-16        1.291
_SET3_   339287       17   38278235   38293047     26       4  105318     -0.77742      0.63329   -4.4409e-16     -0.77742
_SET3_   6605         17   38781214   38805658     36       7  105318       0.3388       0.1458   -3.8858e-16       0.3388
_SET3_   6776         17   40439565   40463961     51       6  105318     -0.94754      0.60534   -4.4409e-16     -0.94754
_SET3_   6774         17   40465342   40540586    142      11  105318    -0.073286      0.22965   -4.0246e-16    -0.073286
_SET3_   80755        17   41102543   41116515     11       2  105318        1.365     0.026608   -4.4409e-16        1.365
_SET3_   7343         17   42282401   42298994     24       6  105318       2.1319     0.002504   -4.4409e-16       2.1319
_SET3_   9520         17   45600316   45700642    148      14  105318      -1.4061      0.70698   -4.4409e-16      -1.4061
_SET3_   8405         17   47676246   47755525     86      19  105318      -1.3512      0.70869   -4.4409e-16      -1.3512
_SET3_   9043         17   49039535   49198226    182      16  105318       1.7011    0.0050062   -4.4409e-16       1.7011
_SET3_   6426         17   56078280   56084707      9       4  105318      0.05564      0.26625   -3.9552e-16      0.05564
_SET3_   54828        17   58755172   59470199    911      46  105318       1.0799    0.0061498   -4.4409e-16       1.0799
_SET3_   339175       17   60501246   60527454     22       5  105318     -0.30484      0.39795   -3.8858e-16     -0.30484
_SET3_   57003        17   61822610   61851088     56       5  105318      0.70148     0.079295   -4.4409e-16      0.70148
_SET3_   6603         17   61909441   61920699     19       3  105318      0.79408     0.073304   -4.4409e-16      0.79408
_SET3_   5718         17   65336619   65362721     49      11  105318      -1.2029      0.66563   -4.4409e-16      -1.2029
_SET3_   2186         17   65821644   65980494    234       7  105318      -1.2087      0.66021   -4.4409e-16      -1.2087
_SET3_   201266       17   70642085   71088853   1534     140  105318      -1.9936      0.60518   -4.4409e-16      -1.9936
_SET3_   3691         17   73717516   73753899     74      14  105318     -0.52431      0.39061   -4.4409e-16     -0.52431
_SET3_   6427         17   74730197   74733493      2       1  105318      0.45923       0.1603   -3.8858e-16      0.45923
_SET3_   6397         17   75084725   75213183    481      49  105318      -1.6176      0.71001   -4.4409e-16      -1.6176
_SET3_   9267         17   76670130   76778376    214      16  105318      0.18986      0.14238   -3.8858e-16      0.18986
_SET3_   57521        17   78518625   78940173   1705      65  105318       2.5819   1.3221e-06   -4.4409e-16       2.5819
_SET3_   9625         17   79084285   79139877    256      36  105318     -0.33714      0.26895   -3.8858e-16     -0.33714
_SET3_   57597        17   79373540   79433358    108      21  105318       1.0331     0.029931   -4.4409e-16       1.0331
_SET3_   80233        17   79506911   79519429     39       7  105318       2.2343    0.0015758   -4.4409e-16       2.2343
_SET3_   1453         17   80197523   80231594     20       9  105318      0.15586      0.18994   -3.8858e-16      0.15586
_SET3_   23347        18    2655886    2805015    547      20  105318      0.42368     0.057412   -3.8858e-16      0.42368
_SET3_   5797         18    7567314    8406859   2370     145  105318     -0.39643     0.027166   -3.8858e-16     -0.39643
_SET3_   9989         18    9546789    9614605    182      20  105318      0.27805      0.12857   -3.8858e-16      0.27805
_SET3_   2774         18   11689014   11885684    593      30  105318      0.34531     0.063488   -3.8858e-16      0.34531
_SET3_   55125        18   12991352   13125052    379      22  105318      0.40594     0.076495   -3.8858e-16      0.40594
_SET3_   91768        18   20714528   20840434    243      37  105318        0.201      0.13671   -3.8858e-16        0.201
_SET3_   3909         18   21269562   21535030    419      17  105318     -0.51401      0.29943   -4.4409e-16     -0.51401
_SET3_   114876       18   21742009   21977846    537      59  105318      -1.1207      0.49855   -4.4409e-16      -1.1207
_SET3_   6875         18   23806409   23971649    420      25  105318      0.10217      0.12444   -4.0246e-16      0.10217
_SET3_   55197        18   33569787   33647538    145      14  105318       1.2432      0.02096   -4.4409e-16       1.2432
_SET3_   25941        18   34359513   34409179     91       6  105318      -2.1798      0.93247   -4.4409e-16      -2.1798
_SET3_   84064        18   44633781   44676891    139      16  105318      0.76099     0.058725   -4.4409e-16      0.76099
_SET3_   9811         18   46065427   46389588   1056     120  105318      0.85775     0.015748   -4.4409e-16      0.85775
_SET3_   6925         18   52889562   53303252    667      52  105318       7.2812   1.0228e-17             0       7.2812
_SET3_   55205        18   56529832   56653709    316      22  105318     -0.28632      0.24576   -3.8858e-16     -0.28632
_SET3_   25914        18   67671040   67872962    453      16  105318     -0.84918      0.50068   -4.4409e-16     -0.84918
_SET3_   5442         19     617223     633665     75      11  105318      0.15621      0.17437   -3.8858e-16      0.15621
_SET3_   10025        19     867961     893218     79       8  105318     -0.94109      0.57008   -4.4409e-16     -0.94109
_SET3_   26528        19    1407584    1435683     28       3  105318      0.85419     0.094817   -4.4409e-16      0.85419
_SET3_   29985        19    2729925    2740074     29       7  105318       2.0811     0.002802   -4.4409e-16       2.0811
_SET3_   4782         19    3359561    3469215    231      30  105318    0.0017067      0.17177    -3.966e-16    0.0017067
_SET3_   79187        19    4304591    4323843     57      12  105318      -2.1478      0.92218   -4.4409e-16      -2.1478
_SET3_   5802         19    5205514    5340814    470      68  105318      0.97518     0.022733   -4.4409e-16      0.97518
_SET3_   8498         19    5916150    5978320     90      17  105318      -0.1432      0.25787   -3.8858e-16      -0.1432
_SET3_   8570         19    6413115    6424822     37       5  105318      -1.4013       0.7954   -4.4409e-16      -1.4013
_SET3_   4670         19    8509460    8554002    125      13  105318      0.64684     0.078826   -4.4409e-16      0.64684
_SET3_   1786         19   10244021   10305783    120      14  105318      -1.8558      0.85294   -4.4409e-16      -1.8558
_SET3_   976          19   14491403   14519537     50      15  105318     -0.95101      0.55306   -4.4409e-16     -0.95101
_SET3_   23476        19   15348301   15443354     96      12  105318     -0.75229      0.49227   -4.4409e-16     -0.75229
_SET3_   26993        19   15490859   15529916     56       4  105318      -1.3127      0.74863   -4.4409e-16      -1.3127
_SET3_   8907         19   16308665   16346156    115       6  105318      0.17921      0.18856   -3.8858e-16      0.17921
_SET3_   79939        19   16660648   16683193     30       8  105318      -1.4818      0.79051   -4.4409e-16      -1.4818
_SET3_   4650         19   17186591   17324104    529      50  105318      -1.9411      0.78835   -4.4409e-16      -1.9411
_SET3_   23383        19   19431496   19469563     73       8  105318       5.0252   4.4251e-09             0       5.0252
_SET3_   54815        19   19496642   19619741    169      12  105318        5.762   2.2245e-11             0        5.762
_SET3_   10054        19   34919264   34960798     75      11  105318     0.072899      0.22766   -4.0246e-16     0.072899
_SET3_   57655        19   35485688   35517375    101       9  105318      0.54951     0.092364   -4.4409e-16      0.54951
_SET3_   199746       19   36233428   36236409     11       5  105318     -0.23398      0.35425   -3.8858e-16     -0.23398
_SET3_   333          19   36358806   36370699     18       1  105318     -0.86458      0.80376   -4.4409e-16     -0.86458
_SET3_   11100        19   41768391   41813811     64       7  105318      0.88026     0.060028   -4.4409e-16      0.88026
_SET3_   1954         19   42829730   42882921     57       4  105318        1.548     0.020183   -4.4409e-16        1.548
_SET3_   56006        19   44232851   44259142     39       4  105318     -0.48848      0.44732   -3.8858e-16     -0.48848
_SET3_   284352       19   45596431   45650543    134      12  105318     -0.43818      0.36361   -3.8858e-16     -0.43818
_SET3_   29888        19   47222768   47250251     49       9  105318   -0.0070129      0.22436   -3.9638e-16   -0.0070129
_SET3_   22900        19   48711343   48759203    162      18  105318     -0.69862      0.42636   -4.4409e-16     -0.69862
_SET3_   91663        19   54369611   54379689     12       1  105318     -0.90296      0.74424   -4.4409e-16     -0.90296
_SET3_   114823       19   54959605   54973196     56      10  105318       0.7676     0.063811   -4.4409e-16       0.7676
_SET3_   388566       19   57078401   57099965     66       7  105318      0.80135     0.060839   -4.4409e-16      0.80135
_SET3_   5178         19   57285730   57352121     99      17  105318      -1.1241      0.61344   -4.4409e-16      -1.1241
_SET3_   57343        19   57862645   57871266     30      10  105318     -0.64904      0.45602   -4.4409e-16     -0.64904
_SET3_   128637       20     416124     443187     72       9  105318      -1.0614      0.61337   -4.4409e-16      -1.0614
_SET3_   9762         20    3143263    3154238     30      10  105318      0.19306      0.17301   -3.8858e-16      0.19306
_SET3_   6238         20   17594323   17662934    142      23  105318     -0.54711      0.38249   -4.4409e-16     -0.54711
_SET3_   57186        20   20370202   20693281    381      21  105318    -0.064022      0.18514   -4.0246e-16    -0.064022
_SET3_   81502        20   30102213   30158178    110       6  105318     -0.70327       0.5176   -4.4409e-16     -0.70327
_SET3_   171023       20   30946147   31027122     95       6  105318     -0.29417      0.32626   -3.8858e-16     -0.29417
_SET3_   9139         20   32077928   32237837    105      18  105318     -0.70703      0.45729   -4.4409e-16     -0.70703
_SET3_   11190        20   34042988   34105360    102       7  105318      0.31388      0.15226   -3.8858e-16      0.31388
_SET3_   10137        20   34236847   34252878     39       6  105318      -1.1109      0.69269   -4.4409e-16      -1.1109
_SET3_   57148        20   37101486   37207504    167      16  105318     -0.29963      0.34195   -3.8858e-16     -0.29963
_SET3_   10564        20   47538250   47653230    258      15  105318       1.8646    0.0026066   -4.4409e-16       1.8646
_SET3_   6780         20   47729876   47804907    152      16  105318        2.709   0.00017479   -4.4409e-16        2.709
_SET3_   387521       20   48740274   48770335     39       7  105318      -1.9505      0.88585   -4.4409e-16      -1.9505
_SET3_   1477         20   54967427   54979582     25       7  105318     -0.67039      0.47539   -4.4409e-16     -0.67039
_SET3_   8675         20   57226309   57254582     57      10  105318       3.3398   2.1007e-05   -4.4409e-16       3.3398
_SET3_   6874         20   60549854   60640866    251      14  105318          1.1      0.02131   -4.4409e-16          1.1
_SET3_   51750        20   62289163   62327606    164      17  105318     0.099238       0.1692   -4.0246e-16     0.099238
_SET3_   55251        20   62887048   62907583     52       7  105318     -0.89917      0.56384   -4.4409e-16     -0.89917
_SET3_   4685         21   22370633   22913892   1723      90  105318     -0.10122     0.026226   -4.0246e-16     -0.10122
_SET3_   351          21   27252861   27543446    737      55  105318      -0.1079       0.1216   -4.0246e-16      -0.1079
_SET3_   94104        21   34106210   34144169      2       1  105318      0.31093      0.21387   -3.8858e-16      0.31093
_SET3_   6651         21   34915344   34949820      2       1  105318      0.91696     0.076839   -4.4409e-16      0.91696
_SET3_   1827         21   35888782   35987382     14       6  105318     0.031715      0.21698   -3.9552e-16     0.031715
_SET3_   54487        22   20067755   20099400    105      12  105318       3.3539   1.8421e-05   -4.4409e-16       3.3539
_SET3_   29801        22   20119364   20135530     46       8  105318       3.8962   2.3415e-06   -4.4409e-16       3.8962
_SET3_   10521        22   38879443   38903622     35       9  105318     -0.45329      0.42041   -3.8858e-16     -0.45329
_SET3_   27352        22   40766571   40806293     47       6  105318       2.0836    0.0033662   -4.4409e-16       2.0836
_SET3_   6767         22   41220539   41253012     37       6  105318        1.803    0.0072428   -4.4409e-16        1.803
_SET3_   2033         22   41488614   41576081    143      15  105318       3.0515   4.7148e-05   -4.4409e-16       3.0515
_SET3_   4809         22   42069937   42085296     35       3  105318       1.1097     0.045182   -4.4409e-16       1.1097
_SET3_   85378        22   50656118   50683453     65      16  105318      0.53426     0.090706   -4.4409e-16      0.53426

# _SET4_  VARIABLE = gtex__spinal_cord_cervical_c_1__M002 (set)
# _SET4_  NGENES = 501
# _SET4_  P-VALUE = 1.2618e-05
_SET4_   GENE        CHR      START       STOP  NSNPS  NPARAM       N        ZSTAT            P  ZFITTED_BASE  ZRESID_BASE
_SET4_   1855          1    1270658    1284509     12       1  105318      0.54067      0.20568   -4.4409e-16      0.54067
_SET4_   9651          1    2407754    2436964     62      10  105318      0.18373      0.16424   -3.8858e-16      0.18373
_SET4_   26038         1    6161847    6240194    262      26  105318     -0.49429        0.326   -3.8858e-16     -0.49429
_SET4_   387509        1    6307406    6321035     34       2  105318     -0.24707      0.38233   -3.8858e-16     -0.24707
_SET4_   8718          1    6520787    6527432     18       5  105318       1.8533    0.0079697   -4.4409e-16       1.8533
_SET4_   126755        1   13801445   13840242    152      29  105318      -1.3305       0.6747   -4.4409e-16      -1.3305
_SET4_   127731        1   20617412   20681662    241      29  105318     0.046287       0.1653   -3.9552e-16     0.046287
_SET4_   163933        1   20878932   20881513      3       1  105318       1.4074     0.029544   -4.4409e-16       1.4074
_SET4_   23028         1   23345937   23410184     67       7  105318     -0.64504      0.46504   -4.4409e-16     -0.64504
_SET4_   3352          1   23518388   23521222      5       2  105318      0.56911      0.12675   -4.4409e-16      0.56911
_SET4_   79947         1   26758773   26797797     54      12  105318      -1.3076      0.70647   -4.4409e-16      -1.3076
_SET4_   2035          1   29213603   29446558    391      22  105318       1.4227    0.0072811   -4.4409e-16       1.4227
_SET4_   58512         1   35331037   35391083     87      23  105318       1.4858    0.0095598   -4.4409e-16       1.4858
_SET4_   23154         1   36023311   36032380      6       1  105318      0.67023      0.19386   -4.4409e-16      0.67023
_SET4_   127700        1   36883507   36916086    129       6  105318      0.14805      0.20238   -3.8858e-16      0.14805
_SET4_   284656        1   38181646   38230824    181      18  105318       1.0785     0.023745   -4.4409e-16       1.0785
_SET4_   8643          1   45285516   45309226     45       6  105318       1.1239     0.036169   -4.4409e-16       1.1239
_SET4_   148930        1   47011316   47016887     14       4  105318      0.51247      0.11421   -4.4409e-16      0.51247
_SET4_   84871         1   48998527   50489626   2029      48  105318       1.7957   1.2097e-05   -4.4409e-16       1.7957
_SET4_   1996          1   50513686   50669442    177      28  105318       3.6938   2.4694e-06   -4.4409e-16       3.6938
_SET4_   22996         1   51752930   51810785    103      20  105318      0.42998      0.13181   -3.8858e-16      0.42998
_SET4_   5865          1   52373628   52456436    157      18  105318      -1.0175      0.57673   -4.4409e-16      -1.0175
_SET4_   51361         1   60280458   60342050    128      18  105318     -0.13466      0.27988   -3.8858e-16     -0.13466
_SET4_   5733          1   71318036   71513497    585      40  105318      0.44059     0.048818   -3.8858e-16      0.44059
_SET4_   127254        1   75033795   75139422    147      15  105318      0.49541     0.086777   -3.8858e-16      0.49541
_SET4_   81849         1   77333126   77533223    457      32  105318     -0.95956      0.43745   -4.4409e-16     -0.95956
_SET4_   255631        1   86194916   86622121   1519      55  105318     -0.81935      0.12401   -4.4409e-16     -0.81935
_SET4_   10451         1  108113782  108507545   1285      78  105318       1.0482    0.0032582   -4.4409e-16       1.0482
_SET4_   3749          1  110753336  110776674     45      11  105318       1.3054     0.017757   -4.4409e-16       1.3054
_SET4_   284615        1  145470508  145475647      4       2  105318      -1.4619      0.85397   -4.4409e-16      -1.4619
_SET4_   10962         1  151032151  151040973     12       4  105318        1.356     0.024634   -4.4409e-16        1.356
_SET4_   11189         1  151672534  151689290     32       5  105318       1.3465     0.020656   -4.4409e-16       1.3465
_SET4_   339398        1  151772765  151777882      5       1  105318      0.22918      0.22305   -3.8858e-16      0.22918
_SET4_   654790        1  161228517  161255240    105      13  105318      0.85696     0.046902   -4.4409e-16      0.85696
_SET4_   5999          1  163038396  163046592     15       5  105318      0.69951     0.078154   -4.4409e-16      0.69951
_SET4_   149297        1  166026663  166135992    257      17  105318     -0.74458      0.43309   -4.4409e-16     -0.74458
_SET4_   26052         1  171810618  172387606   1345      65  105318      -0.3948     0.080701   -3.8858e-16      -0.3948
_SET4_   23057         1  183217372  183387634    420      26  105318      0.44309     0.061733   -3.8858e-16      0.44309
_SET4_   22874         1  204187979  204329057    454      31  105318      0.35174     0.068734   -3.8858e-16      0.35174
_SET4_   57172         1  209757045  209787284    101      17  105318       0.6402     0.069562   -4.4409e-16       0.6402
_SET4_   2058          1  220141940  220220000    282      11  105318      0.14575      0.14371   -3.8858e-16      0.14575
_SET4_   55061         1  223394161  223537564    308      21  105318      -0.9403      0.47443   -4.4409e-16      -0.9403
_SET4_   84033         1  228395740  228566577    473      24  105318      -1.3152      0.56815   -4.4409e-16      -1.3152
_SET4_   101927401     1  228549180  228554500     24       5  105318     -0.47183      0.41132   -3.8858e-16     -0.47183
_SET4_   2786          1  235710985  235814054    334      32  105318        1.736    0.0026714   -4.4409e-16        1.736
_SET4_   1131          1  239549876  240078750   1311      92  105318       1.5909   0.00057453   -4.4409e-16       1.5909
_SET4_   64388         1  240652873  240775462    340      58  105318         -2.2      0.88866   -4.4409e-16         -2.2
_SET4_   6000          1  240938817  241520505   1857     142  105318    -0.078485     0.026761   -4.0246e-16    -0.078485
_SET4_   23040         2    1792885    2335147    722      66  105318      0.85493     0.019925   -4.4409e-16      0.85493
_SET4_   3754          2   11052063   11054351      4       2  105318     -0.31672      0.40145   -3.8858e-16     -0.31672
_SET4_   3777          2   26915581   26954066     79      12  105318       1.5154    0.0095186   -4.4409e-16       1.5154
_SET4_   7781          2   27477440   27501093     38       8  105318       1.9465    0.0044109   -4.4409e-16       1.9465
_SET4_   29959         2   27651473   27665126     14       3  105318        2.276    0.0017679   -4.4409e-16        2.276
_SET4_   30845         2   31456880   31491260    112      14  105318      -1.2989      0.67952   -4.4409e-16      -1.2989
_SET4_   400954        2   54952149   55199157    814      60  105318       2.3643   0.00010399   -4.4409e-16       2.3643
_SET4_   53335         2   60678302   60780633    160      31  105318       3.5539   4.3428e-06   -4.4409e-16       3.5539
_SET4_   8291          2   71680347   71913895    824      79  105318      -1.9997      0.76596   -4.4409e-16      -1.9997
_SET4_   1961          2   73518057   73520829      2       1  105318       1.7634     0.017257   -4.4409e-16       1.7634
_SET4_   1639          2   74588281   74619214     36       8  105318      -1.8269      0.89437   -4.4409e-16      -1.8269
_SET4_   10505         2   74881355   74910981     27       5  105318     -0.63532      0.51833   -4.4409e-16     -0.63532
_SET4_   6869          2   75273590   75426645    405      44  105318      0.21581     0.099274   -3.8858e-16      0.21581
_SET4_   60482         2  108602979  108630663     73      21  105318      0.22984      0.14778   -3.8858e-16      0.22984
_SET4_   129804        2  112895962  112945793    129      20  105318      0.61279     0.070322   -4.4409e-16      0.61279
_SET4_   339761        2  127941412  127977654    108      15  105318     -0.70998      0.44835   -4.4409e-16     -0.70998
_SET4_   205147        2  131513077  131525707      6       1  105318      0.58596      0.26162   -4.4409e-16      0.58596
_SET4_   11249         2  139426727  139537811    344      42  105318       1.5869     0.005032   -4.4409e-16       1.5869
_SET4_   56475         2  154333852  154335322      2       1  105318      -2.5796      0.97921   -4.4409e-16      -2.5796
_SET4_   6332          2  167260083  167343481    212      23  105318       1.0567     0.024921   -4.4409e-16       1.0567
_SET4_   8708          2  168346692  168727366    914      73  105318       1.6366    0.0012743   -4.4409e-16       1.6366
_SET4_   2571          2  171673200  171717661    104      13  105318      -1.0756       0.6107   -4.4409e-16      -1.0756
_SET4_   91752         2  185463093  185804214    697      27  105318       2.5558   6.0951e-05   -4.4409e-16       2.5558
_SET4_   10152         2  204192597  204296892    143      19  105318      0.80617     0.052246   -4.4409e-16      0.80617
_SET4_   4133          2  210288733  210598842    735      29  105318       0.5421     0.036072   -4.4409e-16       0.5421
_SET4_   57574         2  217122585  217236750    276      27  105318      0.52757     0.065367   -4.4409e-16      0.52757
_SET4_   8941          2  219824350  219826877      6       1  105318       1.1865     0.084634   -4.4409e-16       1.1865
_SET4_   7277          2  220114433  220119330      6       1  105318     -0.36378       0.5096   -3.8858e-16     -0.36378
_SET4_   5798          2  220154345  220174295     37       6  105318      0.26825      0.18484   -3.8858e-16      0.26825
_SET4_   389075        2  220192131  220197899     19       2  105318     -0.19128      0.36157   -3.8858e-16     -0.19128
_SET4_   6508          2  220492292  220506702     18       4  105318     -0.10158      0.31808   -4.0246e-16     -0.10158
_SET4_   7857          2  224461658  224467217      7       3  105318       1.5153     0.031861   -4.4409e-16       1.5153
_SET4_   57624         2  226264426  226518734    448      37  105318     -0.22317      0.19258   -3.8858e-16     -0.22317
_SET4_   80309         2  228844670  229046836    691      26  105318       2.1991   0.00021416   -4.4409e-16       2.1991
_SET4_   9208          2  238536224  238690290    600      36  105318      0.25971     0.072549   -3.8858e-16      0.25971
_SET4_   10494         2  242434122  242449145     47      10  105318    -0.009563      0.22022   -3.9725e-16    -0.009563
_SET4_   3708          3    4535032    4889524   1186     131  105318    -0.064462     0.090045   -4.0246e-16    -0.064462
_SET4_   2917          3    6902802    7783218   2831     163  105318     -0.79497      0.05773   -4.4409e-16     -0.79497
_SET4_   151835        3    9745510    9771592     47      18  105318      0.38624      0.11854   -3.8858e-16      0.38624
_SET4_   491           3   10365707   10733131   1336     106  105318       2.7126   7.7272e-06   -4.4409e-16       2.7126
_SET4_   6854          3   12182150   12233532    121      17  105318       2.1825    0.0017036   -4.4409e-16       2.1825
_SET4_   79750         3   21459911   22414132   4399     216  105318      0.93512    0.0004466   -4.4409e-16      0.93512
_SET4_   114884        3   31702317   32023342   1026     101  105318     -0.32887      0.14599   -3.8858e-16     -0.32887
_SET4_   10777         3   35680666   35835988    306      28  105318     -0.24084      0.22515   -3.8858e-16     -0.24084
_SET4_   6769          3   36421842   36589499    678      40  105318       1.0495     0.012023   -4.4409e-16       1.0495
_SET4_   85443         3   36753913   36781352     52      12  105318      -1.4603      0.75475   -4.4409e-16      -1.4603
_SET4_   956           3   40428647   40470110     77       4  105318     0.071018      0.23186   -4.0246e-16     0.071018
_SET4_   22906         3   42055294   42267382    579      37  105318       1.2532    0.0068203   -4.4409e-16       1.2532
_SET4_   25907         3   45265956   45267814      6       2  105318     -0.58253      0.50545   -4.4409e-16     -0.58253
_SET4_   79442         3   46556875   46621589    246      23  105318      0.30504      0.10947   -3.8858e-16      0.30504
_SET4_   4134          3   47892180   48130769    222      14  105318       1.0178     0.028448   -4.4409e-16       1.0178
_SET4_   79012         3   49895414   49907655     16       4  105318       1.6547    0.0094751   -4.4409e-16       1.6547
_SET4_   9254          3   50400230   50540892    195      18  105318      0.52922     0.092162   -4.4409e-16      0.52922
_SET4_   55799         3   54156620   55108584   2802     178  105318      0.62494    0.0013793   -4.4409e-16      0.62494
_SET4_   8618          3   62384021   62861064   1780      89  105318       1.5652   0.00014393   -4.4409e-16       1.5652
_SET4_   132204        3   63263914   63602597   1242      94  105318       1.6361   0.00056964   -4.4409e-16       1.6361
_SET4_   407738        3   68040734   68594772   1876      77  105318      -1.1314      0.14151   -4.4409e-16      -1.1314
_SET4_   6092          3   75955845   77699115   5029     205  105318     -0.14072     0.012951   -3.8858e-16     -0.14072
_SET4_   285220        3   96533425   97467786   1184      59  105318     -0.75946      0.20648   -4.4409e-16     -0.75946
_SET4_   961           3  107761941  107809935     94      16  105318       2.4968   0.00047845   -4.4409e-16       2.4968
_SET4_   257068        3  111393523  111565294    615      40  105318      -1.6377      0.66277   -4.4409e-16      -1.6377
_SET4_   57501         3  128689779  128719915     54       9  105318      0.32042      0.13976   -3.8858e-16      0.32042
_SET4_   131034        3  131252413  131759152   2038      62  105318      -1.3864      0.15425   -4.4409e-16      -1.3864
_SET4_   344838        3  142680073  142682818      7       2  105318      -0.7382      0.69102   -4.4409e-16      -0.7382
_SET4_   4311          3  154797436  154901518    221      40  105318   -0.0045388      0.18381   -3.9638e-16   -0.0045388
_SET4_   23007         3  155197670  155462878    766      23  105318      0.54185     0.029879   -4.4409e-16      0.54185
_SET4_   401097        3  159943423  159946000      4       2  105318     -0.10116      0.38533   -4.0246e-16     -0.10116
_SET4_   165679        3  161062580  161090662    110      15  105318       3.6727   3.6409e-06   -4.4409e-16       3.6727
_SET4_   94032         3  183977003  183979251      4       2  105318      -1.6545      0.85742   -4.4409e-16      -1.6545
_SET4_   6750          3  187386694  187388201      5       2  105318      -2.5518      0.97972   -4.4409e-16      -2.5518
_SET4_   1400          4    5822491    5894785    277      40  105318      0.38664     0.089801   -3.8858e-16      0.38664
_SET4_   84448         4    7967037    8160559    729      97  105318     -0.96713       0.4292   -4.4409e-16     -0.96713
_SET4_   1816          4    9783258    9785633      4       2  105318      0.93204     0.057657   -4.4409e-16      0.93204
_SET4_   64151         4   17812436   17846488     60       7  105318       1.2966     0.025776   -4.4409e-16       1.2966
_SET4_   80333         4   20730234   21950424   4521     174  105318      -1.3297      0.15641   -4.4409e-16      -1.3297
_SET4_   57495         4   37246690   37451087    673      58  105318      0.37518     0.054016   -3.8858e-16      0.37518
_SET4_   2557          4   46920917   46996424    234      21  105318      -1.3318      0.65345   -4.4409e-16      -1.3318
_SET4_   7294          4   48068410   48136273    160      18  105318       1.5152    0.0081604   -4.4409e-16       1.5152
_SET4_   3815          4   55524095   55606881    187      26  105318     -0.22699      0.24676   -3.8858e-16     -0.22699
_SET4_   10874         4   56461396   56502465    140      16  105318      0.33677      0.11956   -3.8858e-16      0.33677
_SET4_   55752         4   77870895   77961307    234      19  105318      -1.1308      0.57893   -4.4409e-16      -1.1308
_SET4_   80144         4   78978724   79465423   1681      46  105318     -0.87499      0.10084   -4.4409e-16     -0.87499
_SET4_   651           4   81952119   81978685     54       8  105318      0.31256      0.16539   -3.8858e-16      0.31256
_SET4_   5593          4   82008643   82136271    285      16  105318      0.23576      0.13348   -3.8858e-16      0.23576
_SET4_   1040          4   85504057   85572493    106      13  105318        1.058     0.032258   -4.4409e-16        1.058
_SET4_   266812        4   89617066   89619023      5       3  105318     -0.30976      0.38695   -3.8858e-16     -0.30976
_SET4_   6870          4  104510625  104640973    382      25  105318     -0.15928      0.19279   -3.8858e-16     -0.15928
_SET4_   7222          4  122800183  122872909    129      18  105318      0.52279      0.08476   -4.4409e-16      0.52279
_SET4_   8821          4  142949181  143767604   2218      80  105318       2.1236   2.2296e-06   -4.4409e-16       2.1236
_SET4_   10586         4  151503077  151505845      2       1  105318      0.81852      0.12117   -4.4409e-16      0.81852
_SET4_   2891          4  158141736  158287227    211      22  105318     -0.80772      0.47051   -4.4409e-16     -0.80772
_SET4_   442117        4  172734575  173961559   2806     100  105318      -2.5575      0.54744   -4.4409e-16      -2.5575
_SET4_   8001          4  175545367  175750465    766      53  105318     -0.89592       0.3303   -4.4409e-16     -0.89592
_SET4_   134111        5    6437460    6496834    191      38  105318     -0.20235      0.25566   -3.8858e-16     -0.20235
_SET4_   1016          5   19473140   20575972   2620      87  105318      -1.2668      0.11088   -4.4409e-16      -1.2668
_SET4_   10923         5   32585605   32604185     30       5  105318       1.4734     0.019063   -4.4409e-16       1.4734
_SET4_   345557        5   41307048   41510730    490      38  105318      0.49385     0.057706   -3.8858e-16      0.49385
_SET4_   348980        5   45255052   45696220    405      19  105318       5.0258   6.8506e-10             0       5.0258
_SET4_   79722         5   55395507   55529186    437      52  105318     -0.02867      0.16033   -3.9552e-16     -0.02867
_SET4_   115827        5   57877950   58155221    857      55  105318     0.077366     0.067329   -4.0246e-16     0.077366
_SET4_   3350          5   63255875   63258119      4       2  105318       1.1213     0.041277   -4.4409e-16       1.1213
_SET4_   22987         5   75378997   75649764    931      62  105318      -1.7782      0.62585   -4.4409e-16      -1.7782
_SET4_   340120        5   79852574   79866304     35       8  105318       0.9219     0.051159   -4.4409e-16       0.9219
_SET4_   1404          5   82934017   83016896    212      35  105318      0.31855      0.10539   -3.8858e-16      0.31855
_SET4_   5122          5   95726040   95768985     68       9  105318       1.1251     0.028102   -4.4409e-16       1.1251
_SET4_   1946          5  106712590  107006596    719      88  105318        3.451   1.8498e-06   -4.4409e-16        3.451
_SET4_   2201          5  127593601  127873735    619      37  105318       1.4212    0.0042281   -4.4409e-16       1.4212
_SET4_   23305         5  131285666  131347761     91      11  105318      -1.3194      0.70465   -4.4409e-16      -1.3194
_SET4_   23105         5  132532152  132948223   1129     115  105318     -0.19192      0.11218   -3.8858e-16     -0.19192
_SET4_   285613        5  141016517  141020918     12       4  105318        1.578     0.013411   -4.4409e-16        1.578
_SET4_   6534          5  149569520  149590635     88      14  105318     -0.15292      0.24901   -3.8858e-16     -0.15292
_SET4_   815           5  149599054  149669403    134      22  105318      0.22328      0.13685   -3.8858e-16      0.22328
_SET4_   10146         5  151151476  151184915     74      11  105318     -0.53779      0.40743   -4.4409e-16     -0.53779
_SET4_   2890          5  152870084  153193429   1222      65  105318     -0.89239      0.21344   -4.4409e-16     -0.89239
_SET4_   26999         5  156693091  156822606    406      22  105318     -0.50763      0.28809   -4.4409e-16     -0.50763
_SET4_   408263        5  156768607  156772729     16       5  105318      -1.1515      0.68467   -4.4409e-16      -1.1515
_SET4_   134353        5  157170755  157183746     28       6  105318      -1.9571      0.89367   -4.4409e-16      -1.9571
_SET4_   147           5  159343740  159400017    145      17  105318    -0.072435      0.23159   -4.0246e-16    -0.072435
_SET4_   2566          5  161494648  161582545    161      27  105318       1.8526    0.0032106   -4.4409e-16       1.8526
_SET4_   30012         5  170736288  170739138      3       2  105318     -0.17451      0.34681   -3.8858e-16     -0.17451
_SET4_   10814         5  175223542  175311024    219      32  105318      0.46575     0.081436   -3.8858e-16      0.46575
_SET4_   114787        5  176022803  176044339     32      11  105318     -0.76038      0.50952   -4.4409e-16     -0.76038
_SET4_   6620          5  176047210  176057557     16       4  105318      0.43715      0.13328   -3.8858e-16      0.43715
_SET4_   90249         5  176237560  176307899    120      23  105318      -2.2682        0.938   -4.4409e-16      -2.2682
_SET4_   285596        5  177150365  177207505      6       2  105318     -0.26315      0.36486   -3.8858e-16     -0.26315
_SET4_   23138         5  177540556  177553107     30       9  105318        1.162     0.029285   -4.4409e-16        1.162
_SET4_   389362        6    3259162    3268300     87       4  105318       1.2916     0.030587   -4.4409e-16       1.2916
_SET4_   29993         6   34433838   34503000    144      23  105318      0.87049     0.041068   -4.4409e-16      0.87049
_SET4_   222662        6   35773071   35791852     38       4  105318      0.67514     0.092023   -4.4409e-16      0.67514
_SET4_   2740          6   39016557   39056657    181      22  105318     -0.40899      0.30595   -3.8858e-16     -0.40899
_SET4_   221424        6   43474703   43478081      5       2  105318       2.7681   0.00095336   -4.4409e-16       2.7681
_SET4_   135398        6   49518113   49523166     12       1  105318     -0.54116      0.64445   -4.4409e-16     -0.54116
_SET4_   56479         6   73331571   73908574   1447      98  105318       2.4378     1.58e-05   -4.4409e-16       2.4378
_SET4_   6785          6   80624529   80657315    108      10  105318     -0.22638      0.32214   -3.8858e-16     -0.22638
_SET4_   9892          6   84262604   84419127    283      18  105318       5.8016   6.8375e-12             0       5.8016
_SET4_   112609        6   84732746   84800606    161      17  105318      0.66138     0.069609   -4.4409e-16      0.66138
_SET4_   57150         6   88032306   88052043     87       8  105318     0.088782      0.19258   -4.0246e-16     0.088782
_SET4_   2898          6  101841584  102517958   1972     110  105318     -0.14905     0.023243   -3.8858e-16     -0.14905
_SET4_   7164          6  125474876  125584644    347      25  105318      0.27755      0.10069   -3.8858e-16      0.27755
_SET4_   4829          6  142396745  142409936     22       4  105318       1.5154     0.013912   -4.4409e-16       1.5154
_SET4_   81706         6  150464188  150571528    429      56  105318     -0.75113      0.39255   -4.4409e-16     -0.75113
_SET4_   4988          6  154331631  154568001    682      49  105318      -1.0609      0.42513   -4.4409e-16      -1.0609
_SET4_   5575          7     588834     767313     45       7  105318      0.35914      0.13504   -3.8858e-16      0.35914
_SET4_   27075         7   16793351   16824161    113      15  105318       1.0677      0.02762   -4.4409e-16       1.0677
_SET4_   256130        7   19758938   19812404    187      16  105318      -1.6852      0.80708   -4.4409e-16      -1.6852
_SET4_   4852          7   24323807   24331484     32       7  105318    -0.041049       0.2509   -3.9552e-16    -0.041049
_SET4_   1395          7   30691559   30739719    112      21  105318      -1.3809      0.70529   -4.4409e-16      -1.3809
_SET4_   63974         7   31377075   31380538      5       2  105318       2.4891    0.0010786   -4.4409e-16       2.4891
_SET4_   10842         7   31726631   31748069     60      11  105318     -0.87888      0.55332   -4.4409e-16     -0.87888
_SET4_   168667        7   33944523   34195484    480      47  105318       1.1988     0.010368   -4.4409e-16       1.1988
_SET4_   273           7   38423297   38671167   1064      62  105318     -0.86186      0.24635   -4.4409e-16     -0.86186
_SET4_   2645          7   44183870   44229022    121      21  105318       1.1147     0.024599   -4.4409e-16       1.1147
_SET4_   816           7   44256749   44365230    284      24  105318     -0.32061       0.2572   -3.8858e-16     -0.32061
_SET4_   4967          7   44646104   44748669    216      24  105318       2.4468   0.00047646   -4.4409e-16       2.4468
_SET4_   375567        7   49813257   49961546    310      30  105318     -0.48792      0.30658   -3.8858e-16     -0.48792
_SET4_   222008        7   54610019   54636948     78      13  105318      0.50531      0.10531   -4.4409e-16      0.50531
_SET4_   389493        7   56182374   56184090      3       1  105318       1.5027     0.020891   -4.4409e-16       1.5027
_SET4_   7532          7   75956108   75988342     65      10  105318     -0.80741      0.51343   -4.4409e-16     -0.80741
_SET4_   5218          7   90225681   90839905   1895      60  105318     -0.13782     0.016347   -3.8858e-16     -0.13782
_SET4_   51412         7  100240720  100254084     14       5  105318       2.4616    0.0010099   -4.4409e-16       2.4616
_SET4_   5649          7  103112231  103629963   1970     102  105318      0.52533    0.0031983   -4.4409e-16      0.52533
_SET4_   375612        7  103969104  104549005   1773      92  105318       2.6795   1.0457e-06   -4.4409e-16       2.6795
_SET4_   4897          7  107788071  108096841   1075      47  105318       1.1787    0.0027892   -4.4409e-16       1.1787
_SET4_   401399        7  127990379  128001739     23       7  105318      0.11183      0.21131   -4.0246e-16      0.11183
_SET4_   54927         7  132469623  132766839    551      21  105318       1.5263    0.0033123   -4.4409e-16       1.5263
_SET4_   1129          7  136553399  136703720    425      29  105318      0.60161     0.045126   -4.4409e-16      0.60161
_SET4_   26047         7  145813453  148118090   8098     284  105318     0.086252    0.0063517   -4.0246e-16     0.086252
_SET4_   6469          7  155595558  155604967     11       4  105318      -1.2823      0.74887   -4.4409e-16      -1.2823
_SET4_   2675          8   21549530   21672392    247      49  105318      0.34362      0.10277   -3.8858e-16      0.34362
_SET4_   10361         8   21881621   21894408     28       9  105318      -3.6922      0.99851   -4.4409e-16      -3.6922
_SET4_   2039          8   21906660   21940036    113      11  105318      -2.5298      0.96636   -4.4409e-16      -2.5298
_SET4_   64641         8   25699246   25902640    587      65  105318      0.46606     0.052593   -3.8858e-16      0.46606
_SET4_   1135          8   27317278   27336813     79      14  105318       2.4784   0.00054749   -4.4409e-16       2.4784
_SET4_   5368          8   28174562   28200872     95       6  105318     -0.87411      0.54824   -4.4409e-16     -0.87411
_SET4_   3084          8   31496820   32622558   3557     132  105318      -1.2805      0.15448   -4.4409e-16      -1.2805
_SET4_   137970        8   35092975   35654068    903      44  105318      -1.4772      0.51008   -4.4409e-16      -1.4772
_SET4_   6770          8   38000218   38008783      1       1  105318     -0.46596       0.4718   -3.8858e-16     -0.46596
_SET4_   79698         8   40388109   40755345   1158      73  105318       1.1271     0.003228   -4.4409e-16       1.1271
_SET4_   286           8   41510744   41754280    723      65  105318     -0.23882      0.15571   -3.8858e-16     -0.23882
_SET4_   7419          8   42249279   42263455     13       4  105318      -1.2658      0.80882   -4.4409e-16      -1.2658
_SET4_   4986          8   54138276   54164257    139      12  105318      -1.0762      0.63928   -4.4409e-16      -1.0762
_SET4_   5179          8   57353513   57359282     18       4  105318     -0.43401      0.41042   -3.8858e-16     -0.43401
_SET4_   793           8   91070836   91095107     37       7  105318       1.4286     0.019541   -4.4409e-16       1.4286
_SET4_   137392        8   94712480   94741481     37       8  105318      -2.6274      0.97171   -4.4409e-16      -2.6274
_SET4_   91147         8   94767072   94831462     47       9  105318      -2.0304      0.89761   -4.4409e-16      -2.0304
_SET4_   3788          8   99439250   99443025      2       1  105318      0.57144      0.14932   -4.4409e-16      0.57144
_SET4_   9699          8  104512426  105266656   2337      31  105318     -0.67256     0.025123   -4.4409e-16     -0.67256
_SET4_   114569        8  120220610  120257913     61      13  105318      -1.4326      0.75684   -4.4409e-16      -1.4326
_SET4_   51305         8  140613081  140715299    276      38  105318       1.4135    0.0083864   -4.4409e-16       1.4135
_SET4_   57210         8  142217273  142310241    336      38  105318      0.62808       0.0496   -4.4409e-16      0.62808
_SET4_   389692        8  144510230  144512602      5       3  105318      -0.6283      0.51255   -4.4409e-16      -0.6283
_SET4_   83482         8  145554228  145559943      4       2  105318     -0.11858      0.30815   -4.0246e-16     -0.11858
_SET4_   5789          9    8314246   10612723   9936     435  105318  -0.00064002    0.0068961   -3.9671e-16  -0.00064002
_SET4_   92949         9   18474079   18910948   1812     133  105318       -2.206      0.60051   -4.4409e-16       -2.206
_SET4_   1993          9   23690097   23826342    354      35  105318       1.5612    0.0056778   -4.4409e-16       1.5612
_SET4_   158038        9   27948084   29212998   4617     161  105318     -0.57267     0.041184   -4.4409e-16     -0.57267
_SET4_   441459        9   33524347   33602658    229      35  105318     0.079827      0.15707   -4.0246e-16     0.079827
_SET4_   5646          9   33750464   33799229    124      17  105318      0.93885     0.036938   -4.4409e-16      0.93885
_SET4_   347252        9   38406525   38424444     81      15  105318      -1.1846      0.64407   -4.4409e-16      -1.1846
_SET4_   8395          9   71320188   71624092    870      41  105318       1.8862   0.00046205   -4.4409e-16       1.8862
_SET4_   101929748     9   95567667   95570649     15       4  105318    -0.065344      0.28428   -4.0246e-16    -0.065344
_SET4_   65268         9   95946437   96082854    387      30  105318      -0.5348      0.31034   -4.4409e-16      -0.5348
_SET4_   9568          9  101050364  101471479   1567     128  105318       3.6289   4.7077e-08   -4.4409e-16       3.6289
_SET4_   570           9  104122699  104147287     53       6  105318      -1.2106      0.70436   -4.4409e-16      -1.2106
_SET4_   64420         9  114803061  114937577    325      31  105318     -0.54786      0.31926   -4.4409e-16     -0.54786
_SET4_   5069          9  118916071  119164600    419      64  105318     -0.55911      0.32329   -4.4409e-16     -0.55911
_SET4_   4010          9  129376722  129463311    256      31  105318      0.57335     0.062806   -4.4409e-16      0.57335
_SET4_   114789        9  130830479  130871537    111       2  105318     -0.49333      0.50266   -3.8858e-16     -0.49333
_SET4_   1759          9  130965634  131017528    103      15  105318       1.6055    0.0078093   -4.4409e-16       1.6055
_SET4_   445           9  133320094  133376661    134      24  105318       1.0841     0.025499   -4.4409e-16       1.0841
_SET4_   57582         9  138594031  138684993    329      34  105318       1.0947      0.01819   -4.4409e-16       1.0947
_SET4_   2572         10   26505236   26593491    204      13  105318     -0.56552      0.39456   -4.4409e-16     -0.56552
_SET4_   5979         10   43572517   43625799    205      22  105318      -1.3083      0.64961   -4.4409e-16      -1.3083
_SET4_   644168       10   50574161   50604062     60       8  105318     -0.22698       0.3354   -3.8858e-16     -0.22698
_SET4_   1103         10   50817141   50873150    153      27  105318     -0.40362      0.31301   -3.8858e-16     -0.40362
_SET4_   6572         10   50818347   50820766      3       1  105318      0.20988      0.28545   -3.8858e-16      0.20988
_SET4_   56624        10   51947000   52008370     50       6  105318      0.51034      0.11466   -4.4409e-16      0.51034
_SET4_   10367        10   74127084   74385949    354       5  105318     -0.44561      0.32634   -3.8858e-16     -0.44561
_SET4_   818          10   75572259   75634349     69       7  105318      -2.8254      0.98207   -4.4409e-16      -2.8254
_SET4_   6585         10   98757795   98945683    511      53  105318      -1.3154      0.58138   -4.4409e-16      -1.3154
_SET4_   5076         10  102495316  102589698    191      23  105318     -0.18731      0.24829   -3.8858e-16     -0.18731
_SET4_   10660        10  102986733  102989954      3       2  105318       1.3424     0.029614   -4.4409e-16       1.3424
_SET4_   30819        10  103585731  103603769     24       7  105318       3.0238   9.4512e-05   -4.4409e-16       3.0238
_SET4_   5662         10  104162374  104179691     22       8  105318       1.2095     0.025997   -4.4409e-16       1.2095
_SET4_   9118         10  105036919  105050108     20       5  105318       3.5098   1.1881e-05   -4.4409e-16       3.5098
_SET4_   9148         10  105253735  105352309    266      27  105318       3.0194   3.3526e-05   -4.4409e-16       3.0194
_SET4_   150          10  112836790  112840665      6       3  105318     -0.14549      0.34455   -3.8858e-16     -0.14549
_SET4_   2674         10  117816436  118033126    599      53  105318     -0.94905      0.39863   -4.4409e-16     -0.94905
_SET4_   2849         10  125425871  125456915     87      19  105318       1.0025     0.033383   -4.4409e-16       1.0025
_SET4_   253738       10  131633496  131762546    228      53  105318      0.33639      0.10827   -3.8858e-16      0.33639
_SET4_   256536       10  132890655  133109984   1117     114  105318     -0.16291      0.10991   -3.8858e-16     -0.16291
_SET4_   85442        10  134973971  135039916    258      18  105318      -0.2399       0.2335   -3.8858e-16      -0.2399
_SET4_   116534       11    3249041    3253616     20       7  105318     -0.68694      0.48836   -4.4409e-16     -0.68694
_SET4_   887          11    6280841    6293363     63      10  105318     -0.44258       0.3766   -3.8858e-16     -0.44258
_SET4_   797          11   15095143   15103888     20       3  105318     -0.72878      0.54731   -4.4409e-16     -0.72878
_SET4_   3746         11   17757495   17804602    110      16  105318     -0.48046      0.36599   -3.8858e-16     -0.48046
_SET4_   84867        11   18749475   18814268    176      33  105318     -0.34497      0.28424   -3.8858e-16     -0.34497
_SET4_   9152         11   20620946   20676610    221      29  105318      -1.6873      0.77058   -4.4409e-16      -1.6873
_SET4_   4745         11   20691117   21597232   2990     223  105318      -1.4228      0.16554   -4.4409e-16      -1.4228
_SET4_   57084        11   22359667   22401049    108      25  105318      0.26833      0.13022   -3.8858e-16      0.26833
_SET4_   63982        11   26210458   26684836   2422      67  105318      -2.5855      0.51635   -4.4409e-16      -2.5855
_SET4_   3739         11   30031288   30038577     10       4  105318      0.22234      0.19498   -3.8858e-16      0.22234
_SET4_   9537         11   44907454   44972919    188      33  105318      0.47447     0.082451   -3.8858e-16      0.47447
_SET4_   57586        11   45261853   45307884    126      14  105318       1.6536     0.006368   -4.4409e-16       1.6536
_SET4_   8567         11   47290927   47351582    126      13  105318      0.65013     0.072821   -4.4409e-16      0.65013
_SET4_   2785         11   62475066   62476678      1       1  105318       2.4174       0.0052   -4.4409e-16       2.4174
_SET4_   10313        11   63448922   63527363     77       7  105318       1.0362     0.044734   -4.4409e-16       1.0362
_SET4_   28992        11   63766006   63933602    374      45  105318       3.4069   4.7461e-06   -4.4409e-16       3.4069
_SET4_   50801        11   64058774   64067503      5       1  105318      0.70365      0.13166   -4.4409e-16      0.70365
_SET4_   91683        11   66790190   66818334     25       8  105318     -0.32584      0.37974   -3.8858e-16     -0.32584
_SET4_   9633         11   68474908   68518988     68       6  105318       2.0168    0.0032294   -4.4409e-16       2.0168
_SET4_   22941        11   70313961   70935808   1779     124  105318      -1.6345      0.38745   -4.4409e-16      -1.6345
_SET4_   9873         11   72547788   72853727    242      32  105318      0.77397     0.044441   -4.4409e-16      0.77397
_SET4_   25884        11   74407474   74442227     84      22  105318    -0.097712      0.22875   -4.0246e-16    -0.097712
_SET4_   100507050    11   74951950   74954749      4       1  105318    -0.082152      0.49358   -4.0246e-16    -0.082152
_SET4_   7481         11   75897370   75921803     70      13  105318      -1.5955      0.78419   -4.4409e-16      -1.5955
_SET4_   2915         11   88237256   88796846   1708      41  105318      -1.3867      0.22134   -4.4409e-16      -1.3867
_SET4_   387804       11   93553735   93583668     89      13  105318      -1.4027      0.72819   -4.4409e-16      -1.4027
_SET4_   10888        11   94110477   94134585    100      15  105318     -0.40281      0.33961   -3.8858e-16     -0.40281
_SET4_   55531        11  107461817  107537505    211      33  105318        1.291     0.014122   -4.4409e-16        1.291
_SET4_   399947       11  109292570  109299893      5       3  105318       1.8049    0.0073051   -4.4409e-16       1.8049
_SET4_   57646        11  113668597  113746292    147      15  105318      0.81269     0.051439   -4.4409e-16      0.81269
_SET4_   6330         11  118004092  118023630     49       7  105318      -2.5156      0.96051   -4.4409e-16      -2.5156
_SET4_   64137        11  119019750  119033375     23       5  105318      0.35693      0.16128   -3.8858e-16      0.35693
_SET4_   112937       11  134145293  134189458    132      21  105318        0.852     0.042193   -4.4409e-16        0.852
_SET4_   654429       12    1929433    1945919     55      17  105318      0.42223      0.10817   -3.8858e-16      0.42223
_SET4_   775          12    2079952    2807115   1951     164  105318        6.098   1.2499e-16             0        6.098
_SET4_   10867        12    3186521    3395730    961      88  105318      -1.5892      0.57829   -4.4409e-16      -1.5892
_SET4_   56341        12    3490515    3703139    525      74  105318      0.83082     0.031283   -4.4409e-16      0.83082
_SET4_   2784         12    6949375    6956564      8       4  105318      0.51264      0.12292   -4.4409e-16      0.51264
_SET4_   9746         12    7281681    7311541     52       8  105318      0.82611     0.062212   -4.4409e-16      0.82611
_SET4_   1272         12   41086244   41466214   1229      49  105318      0.92374    0.0040295   -4.4409e-16      0.92374
_SET4_   1280         12   48366748   48398285    125      16  105318      0.20767      0.14537   -3.8858e-16      0.20767
_SET4_   387856       12   48577366   48579709      5       2  105318    -0.021959      0.27907   -3.9552e-16    -0.021959
_SET4_   784          12   49208215   49222726     21       9  105318      0.81193     0.059598   -4.4409e-16      0.81193
_SET4_   7480         12   49359123   49365641      9       3  105318      -1.4332      0.78187   -4.4409e-16      -1.4332
_SET4_   8620         12   53900472   53901422      1       1  105318       -2.342       0.9865   -4.4409e-16       -2.342
_SET4_   10193        12   56596288   56615753     19       8  105318     -0.70889       0.5516   -4.4409e-16     -0.70889
_SET4_   11247        12   57610578   57620232     16       5  105318      0.81949     0.067149   -4.4409e-16      0.81949
_SET4_   2735         12   57853918   57866051     31       5  105318     -0.72988      0.51901   -4.4409e-16     -0.72988
_SET4_   2583         12   58019678   58027022     18       5  105318       1.1698     0.032927   -4.4409e-16       1.1698
_SET4_   5801         12   71031853   71314584    863      76  105318       0.8163     0.017146   -4.4409e-16       0.8163
_SET4_   29953        12   72666314   73059422    803      34  105318      0.27131     0.050191   -3.8858e-16      0.27131
_SET4_   3747         12   75433858   75603584    439      31  105318       0.1422      0.10878   -3.8858e-16       0.1422
_SET4_   6857         12   79257773   79845788   1285      57  105318       1.8683   0.00016087   -4.4409e-16       1.8683
_SET4_   55117        12   85253267   85306608     72      11  105318      0.62061     0.082872   -4.4409e-16      0.62061
_SET4_   4922         12   86268073   86276770     23       3  105318       0.0799      0.25522   -4.0246e-16       0.0799
_SET4_   490          12   89981826   90103130    194      22  105318     0.011839      0.19832   -3.9725e-16     0.011839
_SET4_   55530        12  109304658  109372453    243      28  105318    -0.027754      0.17729   -3.9552e-16    -0.027754
_SET4_   23316        12  111471828  111788358    370      27  105318     0.033629      0.15501   -3.9552e-16     0.033629
_SET4_   22895        12  113229343  113336686    174      20  105318      0.13882      0.14953   -3.8858e-16      0.13882
_SET4_   64211        12  113900694  113909877     20       3  105318      -1.0381      0.71623   -4.4409e-16      -1.0381
_SET4_   283455       12  117890817  118406399   1773     165  105318       1.1832    0.0008363   -4.4409e-16       1.1832
_SET4_   84530        12  119419300  119600856    676      43  105318      0.89946     0.015432   -4.4409e-16      0.89946
_SET4_   54509        12  122215660  122231594     41       5  105318       1.8483    0.0066977   -4.4409e-16       1.8483
_SET4_   144423       12  129337985  129469513    484      64  105318      -1.1381      0.52532   -4.4409e-16      -1.1381
_SET4_   10804        13   20796101   20806534     36      10  105318      0.19571      0.16396   -3.8858e-16      0.19571
_SET4_   2254         13   22245215   22278640     62       8  105318     -0.11123      0.26182   -4.0246e-16     -0.11123
_SET4_   23281        13   29394485   30080084   2195     114  105318     -0.45928     0.029627   -3.8858e-16     -0.45928
_SET4_   9201         13   36342789   36705514   1111      88  105318     -0.73054      0.22041   -4.4409e-16     -0.73054
_SET4_   400120       13   37248049   37271976     50       9  105318     -0.41834      0.36996   -3.8858e-16     -0.41834
_SET4_   283514       13   46354405   46425846    237      28  105318      0.57774     0.060584   -4.4409e-16      0.57774
_SET4_   266722       13   96743093   97491816   1688      64  105318       1.3332   0.00031988   -4.4409e-16       1.3332
_SET4_   728215       13  107820879  108519460   2402     211  105318       2.1282    2.943e-06   -4.4409e-16       2.1282
_SET4_   9362         14   24540046   24547309      9       4  105318       1.1726     0.030514   -4.4409e-16       1.1726
_SET4_   6751         14   38677204   38682268     10       3  105318      -1.2852      0.73506   -4.4409e-16      -1.2852
_SET4_   145581       14   42076764   42373752    955      35  105318      0.12946     0.050659   -3.8858e-16      0.12946
_SET4_   114088       14   51441979   51562422    469      41  105318       2.3908   0.00022532   -4.4409e-16       2.3908
_SET4_   27133        14   63173291   63511956    977      54  105318      -1.0972      0.34528   -4.4409e-16      -1.0972
_SET4_   6710         14   65213001   65346604    485      41  105318     -0.58132      0.31241   -4.4409e-16     -0.58132
_SET4_   57452        14   69726681   69821190    335      41  105318     -0.71706      0.38797   -4.4409e-16     -0.71706
_SET4_   4293         14   71189243   71275912    305      22  105318      0.25174      0.10989   -3.8858e-16      0.25174
_SET4_   58157        14   77731834   77737655     10       5  105318       1.7883    0.0070159   -4.4409e-16       1.7883
_SET4_   161436       14   89079241   89259096    315      17  105318       1.2132     0.014354   -4.4409e-16       1.2132
_SET4_   1113         14   93389445   93401638     44       9  105318     -0.52072      0.40724   -4.4409e-16     -0.52072
_SET4_   8788         14  101193202  101201467     21       8  105318      0.84541     0.059285   -4.4409e-16      0.84541
_SET4_   388015       14  101346569  101359826     32      10  105318      0.66833     0.073904   -4.4409e-16      0.66833
_SET4_   5527         14  102226910  102394329    449      41  105318     -0.85689       0.4419   -4.4409e-16     -0.85689
_SET4_   23368        14  104200088  104315116    246      12  105318       6.0834   1.3157e-12             0       6.0834
_SET4_   54551        15   23888696   23892993      2       1  105318     -0.55685      0.49024   -4.4409e-16     -0.55685
_SET4_   2558         15   27111866   27194357     64      13  105318      0.25254      0.13659   -3.8858e-16      0.25254
_SET4_   2567         15   27216429   27778373   1616     143  105318       -1.581      0.41219   -4.4409e-16       -1.581
_SET4_   321          15   29211570   29410518    533      20  105318    -0.057805      0.16099   -3.9552e-16    -0.057805
_SET4_   23359        15   29412455   29862927   1368      82  105318      -1.5157      0.40102   -4.4409e-16      -1.5157
_SET4_   51621        15   31619083   31670102    112      17  105318       1.0681     0.026776   -4.4409e-16       1.0681
_SET4_   11245        15   40091223   40213093    261      28  105318        1.301     0.012084   -4.4409e-16        1.301
_SET4_   56924        15   40509629   40569688    146      33  105318       3.1873   2.2545e-05   -4.4409e-16       3.1873
_SET4_   23005        15   42066632   42120053     83      12  105318     -0.94604      0.55529   -4.4409e-16     -0.94604
_SET4_   1159         15   43885055   43891604      6       1  105318       1.0815     0.073127   -4.4409e-16       1.0815
_SET4_   90525        15   45459412   45493373     56       9  105318      -2.4437       0.9532   -4.4409e-16      -2.4437
_SET4_   80119        15   65107831   65117867     38       6  105318     -0.92764      0.57277   -4.4409e-16     -0.92764
_SET4_   5607         15   67835021   68099455    560      22  105318       1.7916    0.0015202   -4.4409e-16       1.7916
_SET4_   56965        15   72533522   72564885     61       8  105318     -0.10827      0.29563   -4.0246e-16     -0.10827
_SET4_   10021        15   73612200   73661605    138      24  105318       3.2271   2.2697e-05   -4.4409e-16       3.2271
_SET4_   1136         15   78885394   78913637     80       8  105318       5.2455   8.5416e-10             0       5.2455
_SET4_   390616       15   79575146   79590581     25       5  105318        0.679     0.083428   -4.4409e-16        0.679
_SET4_   8912         16    1203241    1271772    112      17  105318      0.09707      0.17588   -4.0246e-16      0.09707
_SET4_   8938         16    1383606    1399442     50      13  105318     -0.90467      0.55249   -4.4409e-16     -0.90467
_SET4_   9143         16    2039946    2044276      6       2  105318     -0.72623      0.56114   -4.4409e-16     -0.72623
_SET4_   25837        16    2198145    2204141      6       2  105318     -0.58122      0.51136   -4.4409e-16     -0.58122
_SET4_   54715        16    5289469    7763342  13820     574  105318       4.6601   3.6939e-13             0       4.6601
_SET4_   23274        16   11038345   11276046    659      27  105318     -0.85243      0.33543   -4.4409e-16     -0.85243
_SET4_   729993       16   12995477   13334273   1391      91  105318     -0.52635        0.116   -4.4409e-16     -0.52635
_SET4_   89927        16   15528325   15682116    212      27  105318      0.16027      0.13911   -3.8858e-16      0.16027
_SET4_   10368        16   24266874   24373737    342      50  105318      0.66758     0.047489   -4.4409e-16      0.66758
_SET4_   112476       16   29823409   29827202      4       2  105318       1.4785     0.025327   -4.4409e-16       1.4785
_SET4_   8448         16   30016835   30023424     12       2  105318        5.846   5.7148e-11             0        5.846
_SET4_   83723        16   30035748   30064338     45       6  105318       4.5378   6.8929e-08             0       4.5378
_SET4_   55715        16   57505870   57520385     45      12  105318       -1.567      0.79368   -4.4409e-16       -1.567
_SET4_   1258         16   57916244   58005020    291      46  105318     -0.65189      0.37892   -4.4409e-16     -0.65189
_SET4_   65009        16   58497549   58547523    125      33  105318          3.5    6.766e-06   -4.4409e-16          3.5
_SET4_   55282        16   67360747   67419109     97       9  105318       2.1293    0.0035197   -4.4409e-16       2.1293
_SET4_   3291         16   67465036   67471456     10       3  105318       2.9234   0.00028683   -4.4409e-16       2.9234
_SET4_   146206       16   67679030   67691472     16       3  105318       2.4535    0.0017579   -4.4409e-16       2.4535
_SET4_   80152        16   67862060   67881361     20       4  105318       3.0168   0.00019177   -4.4409e-16       3.0168
_SET4_   794          16   71392616   71424341     92      10  105318       2.7595   0.00018761   -4.4409e-16       2.7595
_SET4_   57338        16   87635441   87731762    513      51  105318      0.95765     0.018341   -4.4409e-16      0.95765
_SET4_   8447         17       6009      31421     39       3  105318       1.0474     0.051492   -4.4409e-16       1.0474
_SET4_   146760       17    1837971    1928178    338      39  105318       2.0456    0.0010655   -4.4409e-16       2.0456
_SET4_   101928991    17    2627204    2651794     52      14  105318     0.045971      0.19557   -3.9552e-16     0.045971
_SET4_   23108        17    2659050    2941035    990     134  105318        1.199    0.0071448   -4.4409e-16        1.199
_SET4_   1949         17    7608520    7614693      9       3  105318    -0.086032      0.30816   -4.0246e-16    -0.086032
_SET4_   4628         17    8377523    8534094    232      14  105318       0.8234     0.040547   -4.4409e-16       0.8234
_SET4_   9912         17   12692829   12894960    758      48  105318       1.8656   0.00073836   -4.4409e-16       1.8656
_SET4_   51168        17   18012020   18083116    131      16  105318        3.198   2.3602e-05   -4.4409e-16        3.198
_SET4_   84940        17   27941774   27949926      9       3  105318      0.11171      0.22162   -4.0246e-16      0.11171
_SET4_   40           17   31340105   32483825   3658     261  105318      0.57448    0.0013243   -4.4409e-16      0.57448
_SET4_   400591       17   32901142   32906388     21       8  105318      -1.3152      0.72253   -4.4409e-16      -1.3152
_SET4_   3975         17   35294772   35301915     13       4  105318      0.40661      0.23464   -3.8858e-16      0.40661
_SET4_   440435       17   36481493   36499693     22       5  105318     -0.47827      0.45449   -3.8858e-16     -0.47827
_SET4_   57636        17   36584720   36668628    253      26  105318     0.037794      0.16121   -3.9552e-16     0.037794
_SET4_   342667       17   37366789   37382040     30       7  105318     0.013152      0.23852   -3.9725e-16     0.013152
_SET4_   535          17   40610862   40674597     63      13  105318       2.0089    0.0028127   -4.4409e-16       2.0089
_SET4_   752          17   43299192   43324685     47       8  105318     -0.18275      0.29924   -3.8858e-16     -0.18275
_SET4_   1394         17   43697710   43913194    772       2  105318       2.3806   0.00028942   -4.4409e-16       2.3806
_SET4_   4137         17   43971702   44105700    570       2  105318       2.7623   0.00012895   -4.4409e-16       2.7623
_SET4_   3215         17   46668619   46671103      9       4  105318      0.29446      0.18591   -3.8858e-16      0.29446
_SET4_   3675         17   48133340   48167849     78      11  105318      0.63005     0.093091   -4.4409e-16      0.63005
_SET4_   55040        17   48610043   48621111     28       9  105318        1.513     0.012147   -4.4409e-16        1.513
_SET4_   8913         17   48638429   48704835    148      21  105318       2.9151   6.8285e-05   -4.4409e-16       2.9151
_SET4_   56934        17   49707674   50237377   1256      64  105318      0.96601    0.0035795   -4.4409e-16      0.96601
_SET4_   4591         17   57059999   57184266    148      13  105318       3.0917   3.9357e-05   -4.4409e-16       3.0917
_SET4_   81033        17   61600695   61626338     50      10  105318       1.2421     0.021631   -4.4409e-16       1.2421
_SET4_   6752         17   71161160   71168094     15       3  105318      -2.0009      0.91141   -4.4409e-16      -2.0009
_SET4_   326624       17   72667256   72743474    108      17  105318     -0.87568      0.53812   -4.4409e-16     -0.87568
_SET4_   283985       17   72873451   72889737     33       7  105318     -0.57587      0.44997   -4.4409e-16     -0.57587
_SET4_   146664       17   74864798   74946472    450      50  105318      0.77316       0.0321   -4.4409e-16      0.77316
_SET4_   146713       17   77085427   77512230   1868     208  105318      -2.0269      0.47508   -4.4409e-16      -2.0269
_SET4_   51547        17   79869815   79876058      1       1  105318     0.071877       0.4332   -4.0246e-16     0.071877
_SET4_   255275       17   79897521   79905109     18       2  105318      0.07244      0.25179   -4.0246e-16      0.07244
_SET4_   642597       18    5143672    5197507    172      28  105318   -0.0093795      0.18135   -3.9725e-16   -0.0093795
_SET4_   374860       18   14748239   14852737    109       5  105318       1.3498     0.017616   -4.4409e-16       1.3498
_SET4_   56853        18   34823003   35146000    835      88  105318    -0.077943      0.11416   -4.0246e-16    -0.077943
_SET4_   6860         18   40847857   40857615      9       3  105318       1.1504     0.045717   -4.4409e-16       1.1504
_SET4_   652991       18   44738460   44775554     87      12  105318       0.7102     0.064561   -4.4409e-16       0.7102
_SET4_   5874         18   52385097   52562747    532      24  105318        1.495    0.0040858   -4.4409e-16        1.495
_SET4_   23327        18   55711580   56068772   1075      85  105318     -0.28187      0.11274   -3.8858e-16     -0.28187
_SET4_   2922         18   56887400   56898003     38       3  105318      0.43912      0.18596   -3.8858e-16      0.43912
_SET4_   220164       18   67068284   67516323   1639     120  105318      -1.0918      0.23057   -4.4409e-16      -1.0918
_SET4_   147381       18   70203915   70211723     24       4  105318     0.057547      0.28836   -3.9552e-16     0.057547
_SET4_   81832        18   70409549   70534828    438      36  105318     -0.67372      0.32731   -4.4409e-16     -0.67372
_SET4_   126567       19     405443     409170      5       1  105318     -0.33704      0.43995   -3.8858e-16     -0.33704
_SET4_   79948        19     812488     821952     36       7  105318    -0.012551      0.23836   -3.9725e-16    -0.012551
_SET4_   60680        19    3224701    3297074    203      20  105318     -0.23597      0.24929   -3.8858e-16     -0.23597
_SET4_   85300        19    3880618    3928080     90      18  105318     -0.68582      0.43787   -4.4409e-16     -0.68582
_SET4_   404217       19    7989381    7991051      6       4  105318       2.1628     0.002338   -4.4409e-16       2.1628
_SET4_   22983        19   12949259   12985766     72       7  105318      0.91061     0.053279   -4.4409e-16      0.91061
_SET4_   6511         19   15060845   15121455    374      33  105318       -1.414      0.63859   -4.4409e-16       -1.414
_SET4_   79575        19   17402940   17414282     35       8  105318     -0.75084       0.4952   -4.4409e-16     -0.75084
_SET4_   3780         19   18062111   18110133    115      18  105318      0.21344      0.15014   -3.8858e-16      0.21344
_SET4_   404037       19   19366450   19373596     17       3  105318       4.0457   2.0498e-06             0       4.0457
_SET4_   93099        19   35988119   36004560     61      15  105318     0.064851      0.19242   -4.0246e-16     0.064851
_SET4_   57622        19   39797457   39806740     11       3  105318       1.0256     0.081765   -4.4409e-16       1.0256
_SET4_   478          19   42470628   42498428     22      10  105318       1.4417     0.015775   -4.4409e-16       1.4417
_SET4_   2906         19   48898132   48948188    113      22  105318     -0.42427       0.3436   -3.8858e-16     -0.42427
_SET4_   8541         19   49622646   49654287    102      16  105318       1.9206    0.0028284   -4.4409e-16       1.9206
_SET4_   79784        19   50706885   50813801    508      52  105318     -0.38116      0.23197   -3.8858e-16     -0.38116
_SET4_   402665       19   51815102   51834102     46       8  105318     -0.21378      0.28872   -3.8858e-16     -0.21378
_SET4_   5582         19   54385467   54410906     13       3  105318     -0.65394      0.50302   -4.4409e-16     -0.65394
_SET4_   59283        19   54466290   54493469     76       9  105318        1.498     0.011411   -4.4409e-16        1.498
_SET4_   6861         19   55682571   55691809     58       7  105318      0.96606     0.063205   -4.4409e-16      0.96606
_SET4_   147670       19   57154527   57168614     52       6  105318      0.78767      0.06309   -4.4409e-16      0.78767
_SET4_   85508        20     642240     656823     33      10  105318       0.1996      0.16156   -3.8858e-16       0.1996
_SET4_   5173         20    1959402    1974931     40       7  105318      0.32128      0.15438   -3.8858e-16      0.32128
_SET4_   146          20    4201278    4229659     90      17  105318       1.8632    0.0034401   -4.4409e-16       1.8632
_SET4_   5126         20   17206752   17465223    980      58  105318     0.034488     0.063882   -3.9552e-16     0.034488
_SET4_   57419        20   19193290   19703541   1526      92  105318      -1.4298       0.3388   -4.4409e-16      -1.4298
_SET4_   343702       20   30555805   30586256     58      17  105318      0.31101      0.13365   -3.8858e-16      0.31101
_SET4_   10893        20   33814539   33864804     82      11  105318       1.1393     0.031504   -4.4409e-16       1.1393
_SET4_   2036         20   34679426   34820721    139      16  105318     -0.98954      0.58846   -4.4409e-16     -0.98954
_SET4_   22839        20   34995444   35157040    190      26  105318      0.33415      0.11134   -3.8858e-16      0.33415
_SET4_   57446        20   35280169   35374541     92      29  105318       0.8844      0.04872   -4.4409e-16       0.8844
_SET4_   128434       20   36531499   36573752    124      18  105318      -1.5025      0.74385   -4.4409e-16      -1.5025
_SET4_   140679       20   37353105   37358015      4       2  105318       2.1413     0.003075   -4.4409e-16       2.1413
_SET4_   140730       20   43380445   43438979     99      13  105318    -0.050479       0.2291   -3.9552e-16    -0.050479
_SET4_   57468        20   44650329   44688789    121      16  105318       1.7798     0.005417   -4.4409e-16       1.7798
_SET4_   3745         20   47988505   48099181    395      38  105318       3.5259   2.5608e-06   -4.4409e-16       3.5259
_SET4_   3755         20   49620193   49639675     44       7  105318       2.6004   0.00044034   -4.4409e-16       2.6004
_SET4_   140689       20   54572413   54580528      7       3  105318      0.20926      0.21727   -3.8858e-16      0.20926
_SET4_   2778         20   57414756   57486250    183      36  105318       1.5425    0.0076441   -4.4409e-16       1.5425
_SET4_   3785         20   62031561   62103993    298      28  105318      0.48526      0.07242   -3.8858e-16      0.48526
_SET4_   6545         22   21382995   21387163     10       3  105318      0.83458     0.072362   -4.4409e-16      0.83458
_SET4_   57168        22   26825280   26840978     43       9  105318      -1.1828      0.66467   -4.4409e-16      -1.1828
_SET4_   23760        22   28247657   28315255    118      13  105318       1.7402    0.0074288   -4.4409e-16       1.7402
_SET4_   2130         22   29663998   29696515     50      13  105318      0.68051     0.072441   -4.4409e-16      0.68051
_SET4_   4744         22   29876181   29887279     28       7  105318       1.8722    0.0048047   -4.4409e-16       1.8722
_SET4_   164633       22   30116344   30127822     33       8  105318       1.1168     0.031379   -4.4409e-16       1.1168
_SET4_   10369        22   36956916   37098690    379      43  105318      0.94167      0.02469   -4.4409e-16      0.94167
_SET4_   5816         22   37196745   37215517     69      11  105318       1.6486    0.0075103   -4.4409e-16       1.6486
_SET4_   6753         22   37600277   37616472     63      10  105318     -0.66074      0.44616   -4.4409e-16     -0.66074
_SET4_   3761         22   38822332   38851205     85      17  105318       2.1218     0.001839   -4.4409e-16       2.1218
_SET4_   2847         22   41075182   41078818      6       2  105318       2.2489    0.0022002   -4.4409e-16       2.2489
_SET4_   85352        22   44639545   44727470    287      48  105318     0.040801      0.15903   -3.9552e-16     0.040801

# _SET5_  VARIABLE = brainseq__caudate__M009 (set)
# _SET5_  NGENES = 137
# _SET5_  P-VALUE = 1.9373e-05
_SET5_   GENE     CHR      START       STOP  NSNPS  NPARAM       N        ZSTAT            P  ZFITTED_BASE  ZRESID_BASE
_SET5_   11079      1    2323214    2336883     35      10  105318       1.7842    0.0053633   -4.4409e-16       1.7842
_SET5_   400745     1   21046225   21059133     34       8  105318       1.4918     0.013953   -4.4409e-16       1.4918
_SET5_   8672       1   21132785   21503381    679      21  105318       1.9923   0.00051702   -4.4409e-16       1.9923
_SET5_   399474     1   29445937   29450421      9       3  105318       1.9266    0.0067821   -4.4409e-16       1.9266
_SET5_   55108      1   32830704   32860062     18       9  105318     -0.40216      0.46537   -3.8858e-16     -0.40216
_SET5_   65243      1   40915774   40929390     50      15  105318     -0.20196      0.30378   -3.8858e-16     -0.20196
_SET5_   55929      1   44679104   44686351     11       4  105318       2.5583   0.00059784   -4.4409e-16       2.5583
_SET5_   26289      1   77747662   78025654    988      66  105318     0.014687     0.071014   -3.9725e-16     0.014687
_SET5_   55585      1  154521051  154531138     11       2  105318       2.1271    0.0037905   -4.4409e-16       2.1271
_SET5_   5999       1  163038396  163046592     15       5  105318      0.69951     0.078154   -4.4409e-16      0.69951
_SET5_   261726     1  168148171  168171352     65       8  105318      0.37751       0.1343   -3.8858e-16      0.37751
_SET5_   23057      1  183217372  183387634    420      26  105318      0.44309     0.061733   -3.8858e-16      0.44309
_SET5_   5778       1  202116141  202130716     35      11  105318     -0.24224      0.30293   -3.8858e-16     -0.24224
_SET5_   255928     1  210111519  210337636    360      17  105318      0.26948     0.096216   -3.8858e-16      0.26948
_SET5_   23219      1  224301789  224349749    122       9  105318     0.070798      0.19099   -4.0246e-16     0.070798
_SET5_   8648       2   24714919   24993571    607      26  105318     -0.11152      0.14262   -4.0246e-16     -0.11152
_SET5_   9378       2   50145643   51259674   3461     120  105318       2.2799   1.9619e-06   -4.4409e-16       2.2799
_SET5_   9451       2   88856259   88927094     73      12  105318      0.93992     0.042833   -4.4409e-16      0.93992
_SET5_   29798      2  132479973  132524977     57       4  105318     -0.54548      0.44738   -4.4409e-16     -0.54548
_SET5_   116987     2  236402733  237040444   1455     107  105318      0.67677    0.0077767   -4.4409e-16      0.67677
_SET5_   57633      3    3841121    3889708    142      19  105318     0.019062      0.19522   -3.9552e-16     0.019062
_SET5_   55207      3    5163930    5222601    127       8  105318      -1.0265      0.60256   -4.4409e-16      -1.0265
_SET5_   116135     3   26664300   26752267    210      27  105318     -0.82226      0.46477   -4.4409e-16     -0.82226
_SET5_   10289      3   40351173   40353915      8       2  105318      0.18213      0.22437   -3.8858e-16      0.18213
_SET5_   22907      3   47844399   47891686     40       6  105318      0.47692      0.12156   -3.8858e-16      0.47692
_SET5_   9254       3   50400230   50540892    195      18  105318      0.52922     0.092162   -4.4409e-16      0.52922
_SET5_   7086       3   53258723   53290130    150      12  105318       3.1048   3.8856e-05   -4.4409e-16       3.1048
_SET5_   317649     3   71728440   71803924    249      33  105318      0.31196      0.10637   -3.8858e-16      0.31196
_SET5_   201562     3  123213363  123303924    237      18  105318     -0.37195      0.31219   -3.8858e-16     -0.37195
_SET5_   27032      3  130569327  130735556    260      20  105318      0.25556      0.12197   -3.8858e-16      0.25556
_SET5_   5437       3  184079502  184086383     14       4  105318      -1.6904       0.8537   -4.4409e-16      -1.6904
_SET5_   9353       4   20254566   20622184    924     104  105318      0.11839     0.083023   -4.0246e-16      0.11839
_SET5_   3977       5   38475065   38595507    138      14  105318      -3.1196      0.98826   -4.4409e-16      -3.1196
_SET5_   10884      5   44809027   44815616      6       1  105318       4.2017   1.2704e-06             0       4.2017
_SET5_   84135      5   72861568   72878984     37       4  105318      -1.8052      0.87241   -4.4409e-16      -1.8052
_SET5_   5097       5  141232655  141258361     45      17  105318       1.7221    0.0064125   -4.4409e-16       1.7221
_SET5_   78991      5  148737570  148749221     15       5  105318       2.6582   0.00038255   -4.4409e-16       2.6582
_SET5_   1452       5  148873896  148931115     78      12  105318      0.24787      0.15514   -3.8858e-16      0.24787
_SET5_   10826      5  154196594  154230213     56      11  105318       1.2164       0.0281   -4.4409e-16       1.2164
_SET5_   5528       6   42952218   42980083     79      12  105318       1.8305    0.0069917   -4.4409e-16       1.8305
_SET5_   2037       6  131160487  131384462    668      29  105318       1.4493    0.0032965   -4.4409e-16       1.4493
_SET5_   90639      7    1004486    1015235     44      12  105318       -2.609      0.97057   -4.4409e-16       -2.609
_SET5_   10124      7   12726452   12730559     18       7  105318      0.10218      0.21241   -4.0246e-16      0.10218
_SET5_   2115       7   13930854   14031050    372      43  105318       1.2121     0.012403   -4.4409e-16       1.2121
_SET5_   221895     7   27870192   28220437    887      75  105318    0.0067206     0.087655   -3.9638e-16    0.0067206
_SET5_   23386      7   44421965   44530474    215       9  105318       2.6805    0.0002637   -4.4409e-16       2.6805
_SET5_   2969       7   74071991   74175022     73       8  105318       1.7402     0.007278   -4.4409e-16       1.7402
_SET5_   261729     7   89841000   89866992     73      10  105318     -0.57561      0.42865   -4.4409e-16     -0.57561
_SET5_   64792      7  100956648  100965093     39       8  105318      0.10178      0.20752   -4.0246e-16      0.10178
_SET5_   381        7  127228406  127231759      9       3  105318       1.1902     0.032651   -4.4409e-16       1.1902
_SET5_   116988     7  150782918  150841523    142      19  105318       2.3298   0.00068336   -4.4409e-16       2.3298
_SET5_   526        8   20054704   20079207     45      11  105318     -0.27226      0.31412   -3.8858e-16     -0.27226
_SET5_   80124      8   67542488   67579452     50       6  105318     -0.14592      0.36406   -3.8858e-16     -0.14592
_SET5_   51571      8  130851839  131028897    339      30  105318        3.259   9.1786e-06   -4.4409e-16        3.259
_SET5_   9853       9   35490007   35561895    107      16  105318       0.5886     0.077277   -4.4409e-16       0.5886
_SET5_   57582      9  138594031  138684993    329      34  105318       1.0947      0.01819   -4.4409e-16       1.0947
_SET5_   55684      9  139702374  139735639     35       3  105318     -0.52658      0.48275   -4.4409e-16     -0.52658
_SET5_   2902       9  140033609  140063214     27       3  105318       1.1792     0.033908   -4.4409e-16       1.1792
_SET5_   783       10   18429373   18830688   1510     103  105318       6.1569   9.4529e-16             0       6.1569
_SET5_   57512     10   25464290   25891158   1666      50  105318      -0.4089     0.045781   -3.8858e-16      -0.4089
_SET5_   9806      10   73818792   73848790     82       8  105318     -0.25903      0.29705   -3.8858e-16     -0.25903
_SET5_   10718     10   83635070   84746935   3019     147  105318       1.0965   0.00033534   -4.4409e-16       1.0965
_SET5_   80007     10  124690419  124713919     32       7  105318      -1.6493      0.81837   -4.4409e-16      -1.6493
_SET5_   51363     10  125765669  125853200    188      26  105318      -1.5042       0.7167   -4.4409e-16      -1.5042
_SET5_   642938    10  128933690  128994436    115      13  105318      0.49111     0.098225   -3.8858e-16      0.49111
_SET5_   5791      10  129705325  129884180    667      86  105318      0.94702     0.019062   -4.4409e-16      0.94702
_SET5_   10844     10  135092134  135125841     76      10  105318     -0.68914      0.50416   -4.4409e-16     -0.68914
_SET5_   6786      11    3876933    4114440    561      22  105318      -1.0318      0.43498   -4.4409e-16      -1.0318
_SET5_   56672     11    8932701    8941626     34       5  105318     -0.77691      0.54002   -4.4409e-16     -0.77691
_SET5_   4076      11   34073230   34124157    125       4  105318        2.469     0.001342   -4.4409e-16        2.469
_SET5_   79096     11   46958240   47185932    292      16  105318       2.7927   9.7727e-05   -4.4409e-16       2.7927
_SET5_   55611     11   63753325   63765892     18       4  105318       3.0119   0.00011464   -4.4409e-16       3.0119
_SET5_   10938     11   64620206   64647181     58       6  105318       2.6676   0.00054115   -4.4409e-16       2.6676
_SET5_   4054      11   65306030   65325858     19       5  105318      -0.2667      0.35209   -3.8858e-16      -0.2667
_SET5_   9600      11   67259231   67272843      8       4  105318      0.46694      0.13017   -3.8858e-16      0.46694
_SET5_   2017      11   70244612   70282690     75       7  105318     -0.25137      0.31784   -3.8858e-16     -0.25137
_SET5_   219899    11  120894802  120962787    103      10  105318     -0.75572      0.49877   -4.4409e-16     -0.75572
_SET5_   4637      12   56552045   56555366      4       1  105318      0.25615      0.26378   -3.8858e-16      0.25615
_SET5_   3479      12  102789645  102875563    145      20  105318      -2.7463      0.97362   -4.4409e-16      -2.7463
_SET5_   9671      12  108523511  108644314    317      26  105318        2.487   0.00025148   -4.4409e-16        2.487
_SET5_   89910     12  109915215  109974510    154      19  105318       3.0194   5.9233e-05   -4.4409e-16       3.0194
_SET5_   84900     12  117176096  117291436    317      25  105318   -0.0073049      0.19481   -3.9638e-16   -0.0073049
_SET5_   79596     13   79188421   79233314     94       8  105318       0.7796     0.062809   -4.4409e-16       0.7796
_SET5_   23250     13  113344358  113541482    592      44  105318      0.70333     0.028119   -4.4409e-16      0.70333
_SET5_   5706      14   53173894   53194716     25       6  105318      0.20582      0.17746   -3.8858e-16      0.20582
_SET5_   376267    14   65412532   65439016     77      12  105318     -0.55926      0.41924   -4.4409e-16     -0.55926
_SET5_   161145    14   67913801   67982445    256      40  105318      -0.3814      0.29417   -3.8858e-16      -0.3814
_SET5_   145482    14   74318534   74352168    136       9  105318      0.93757     0.038869   -4.4409e-16      0.93757
_SET5_   64423     14  105147902  105185947     99      13  105318     -0.36136      0.32175   -3.8858e-16     -0.36136
_SET5_   56160     15   29560353   29562020      2       1  105318      -1.8357      0.95196   -4.4409e-16      -1.8357
_SET5_   56924     15   40509629   40569688    146      33  105318       3.1873   2.2545e-05   -4.4409e-16       3.1873
_SET5_   23339     15   42450899   42500524     90       9  105318        2.977   0.00014002   -4.4409e-16        2.977
_SET5_   4644      15   52599480   52821247    584      16  105318       1.1803    0.0093892   -4.4409e-16       1.1803
_SET5_   123688    15   78799906   78829715     72       6  105318       3.2747   2.9882e-05   -4.4409e-16       3.2747
_SET5_   11214     15   85923818   86292589   1236      36  105318     -0.77182      0.15758   -4.4409e-16     -0.77182
_SET5_   7329      16    1357420    1377019    110       9  105318        1.515     0.012182   -4.4409e-16        1.515
_SET5_   1186      16    1494934    1525085    179      16  105318      -3.2452      0.99104   -4.4409e-16      -3.2452
_SET5_   23524     16    2802330    2821413     29       7  105318      0.97843     0.050954   -4.4409e-16      0.97843
_SET5_   79903     16    3493611    3536963    184      15  105318       -1.222      0.64943   -4.4409e-16       -1.222
_SET5_   1387      16    3775055    3930121    127      31  105318     -0.42944      0.36417   -3.8858e-16     -0.42944
_SET5_   23295     16    4674825    4740975    263      18  105318       1.2882     0.014191   -4.4409e-16       1.2882
_SET5_   29855     16    4896666    4932363    133      17  105318      0.95649     0.035022   -4.4409e-16      0.95649
_SET5_   2903      16    9847265   10276611   1789      51  105318       1.4015   0.00014856   -4.4409e-16       1.4015
_SET5_   26470     16   29882480   29910585     19       4  105318      0.79484     0.071523   -4.4409e-16      0.79484
_SET5_   84148     16   31128985   31142714     22       4  105318      0.73277     0.077312   -4.4409e-16      0.73277
_SET5_   79791     16   87362942   87425708    203      29  105318      0.25308      0.12185   -3.8858e-16      0.25308
_SET5_   81565     17    8316447    8371495     84      15  105318      0.26016      0.13644   -3.8858e-16      0.26016
_SET5_   4628      17    8377523    8534094    232      14  105318       0.8234     0.040547   -4.4409e-16       0.8234
_SET5_   8161      17   55015560   55038411     59      14  105318     -0.87151      0.54689   -4.4409e-16     -0.87151
_SET5_   9368      17   72744751   72765499     19       4  105318      0.12249      0.21925   -4.0246e-16      0.12249
_SET5_   1453      17   80197523   80231594     20       9  105318      0.15586      0.18994   -3.8858e-16      0.15586
_SET5_   2774      18   11689014   11885684    593      30  105318      0.34531     0.063488   -3.8858e-16      0.34531
_SET5_   114876    18   21742009   21977846    537      59  105318      -1.1207      0.49855   -4.4409e-16      -1.1207
_SET5_   284252    18   24034874   24237365    565      74  105318     -0.30173      0.21481   -3.8858e-16     -0.30173
_SET5_   55205     18   56529832   56653709    316      22  105318     -0.28632      0.24576   -3.8858e-16     -0.28632
_SET5_   55658     19     647526     663313     39      11  105318      0.44923       0.1154   -3.8858e-16      0.44923
_SET5_   5434      19    1086578    1095391     37      13  105318    -0.097316      0.25255   -4.0246e-16    -0.097316
_SET5_   6449      19    2754711    2783363     62       3  105318       1.9071    0.0063167   -4.4409e-16       1.9071
_SET5_   80700     19    4445003    4457791     38       7  105318     -0.61703      0.44881   -4.4409e-16     -0.61703
_SET5_   8498      19    5916150    5978320     90      17  105318      -0.1432      0.25787   -3.8858e-16      -0.1432
_SET5_   56927     19    6729925    6737633     23       6  105318     -0.89257      0.56093   -4.4409e-16     -0.89257
_SET5_   478       19   42470628   42498428     22      10  105318       1.4417     0.015775   -4.4409e-16       1.4417
_SET5_   10452     19   45394477   45406946     48      10  105318      -2.2663      0.93319   -4.4409e-16      -2.2663
_SET5_   147906    19   47150869   47164395     22       7  105318      0.56936     0.096349   -4.4409e-16      0.56936
_SET5_   23211     19   47567444   47617009     56       6  105318       1.3138     0.022001   -4.4409e-16       1.3138
_SET5_   388566    19   57078401   57099965     66       7  105318      0.80135     0.060839   -4.4409e-16      0.80135
_SET5_   51340     20   20015005   20036690     80      10  105318      0.24202      0.16598   -3.8858e-16      0.24202
_SET5_   22981     20   25433333   25566167    286      15  105318      0.39911     0.090584   -3.8858e-16      0.39911
_SET5_   25939     20   35519285   35580246    110      14  105318    -0.049046      0.21944   -3.9552e-16    -0.049046
_SET5_   57468     20   44650329   44688789    121      16  105318       1.7798     0.005417   -4.4409e-16       1.7798
_SET5_   27304     20   49575351   49578400      3       2  105318     -0.70853      0.61491   -4.4409e-16     -0.70853
_SET5_   1299      20   61448414   61472511    111      20  105318     -0.66135      0.43699   -4.4409e-16     -0.66135
_SET5_   6782      21   15743436   15755509     46       9  105318     -0.19306      0.29391   -3.8858e-16     -0.19306
_SET5_   51816     22   17659681   17702744    200      38  105318      -1.2516      0.62625   -4.4409e-16      -1.2516
_SET5_   6598      22   24129150   24176705    259      14  105318     -0.69369      0.43033   -4.4409e-16     -0.69369
_SET5_   4771      22   29999545   30094589    168      18  105318       1.5048    0.0082796   -4.4409e-16       1.5048
_SET5_   79734     22   37447779   37459430     13       4  105318     -0.41306      0.45457   -3.8858e-16     -0.41306
