	SNP_PC1	SNP_PC2	SNP_PC3	SNP_PC4	SNP_PC5	RIN	mito_rate	mapping_rate	Sex_M	Dx_Control	Dx_MDD	Dx_SCZD	HF1	HF2	HF3	HF4	HF5	HF6	HF7	HF8	HF9	HF10	HF11	HF12	HF13	HF14	HF15	HF16	HF17	HF18	HF19	HF20	HF21	HF22	HF23	HF24	HF25	HF26	HF27	HF28	HF29	HF30
Br1303	0.0314249	-0.0042259	0.00186403	0.00657301	0.00508409	9.6	0.0267663147431256	0.972979	0.0	0.0	0.0	1.0	0.4643979745741123	-0.3929522704283787	0.5202800774490617	-0.45811891581867425	0.9976529054714718	-0.6490248410820186	0.1547987364655297	-1.068020801933128	1.0186193030163992	-0.8790845717478925	0.7742815444510551	-0.6207794825957077	1.2738856137086503	-0.8255403565554232	0.25123100683020316	-1.6274428579494609	-0.8036970603564605	1.2118688245015237	-0.019323610137509835	0.15499123229525527	-0.642450068852868	0.44112927973992394	-0.13180607158419996	1.8794417797203773	-1.3601116242690916	0.44440445320052485	-0.10901057775795932	1.6920678979549337	-0.20364405983506587	0.12854430405415732
Br1320	0.0375983	-0.00521579	-0.00194832	-0.004587	-0.00336603	9.5	0.0156849726835088	0.972369	1.0	0.0	0.0	1.0	-0.5858148859590122	1.5840474218341312	0.41945623889737904	0.8747962762452735	-0.5543308767190385	0.32372872194594005	-0.48825403643020726	-0.33356248444750103	0.9941653234789906	-1.2673166723755243	-0.6520211109131085	0.5167562843609225	0.09127594256756606	-0.9154384656364944	-0.4579648886450081	0.12271254268376375	-0.12332775508146623	0.6524831894437125	-0.29249014557716124	0.20292542363980237	0.9415477224463011	-0.1229144144456841	-0.311946542197413	0.8830266691557133	-1.0905216997749971	-0.19240682031609985	0.12268497360994995	0.44150184148892185	1.183280329912309	-1.520263215484952
Br1321	0.0400717	-0.00409757	-0.000693309	-0.00170721	-0.00156014	9.1	0.010085947443324	0.97637	0.0	0.0	0.0	1.0	-0.9450378910124868	-0.9036156258143869	0.24554683743584182	0.2599578618062201	1.1286345875683654	0.019629981930518393	0.7060911980732204	0.9638499032169434	0.1787188828223133	-0.7570548768305947	0.21205043125165615	-0.11553409550658343	0.6207458660000733	-2.4147645128240036	0.5752744927117976	0.9961576447110001	-0.23001653266051028	0.3406121239655944	-0.2816773615485303	0.04060681059647086	-2.0335808811105527	0.2910513310760716	1.3987156497453508	-1.423067983864236	-0.6895563398319546	-1.1529920757721874	-0.615509246231898	0.38168681144418415	-0.7202968235164376	0.3416796819866842
Br1326	0.0408517	-0.00506262	0.00244566	-0.00207013	0.00338246	9.2	0.0255467269705157	0.975144	1.0	0.0	0.0	1.0	-2.1871098017297146	-0.833272700959965	-1.640425661448774	-1.1376886300605893	0.13113581065852697	-0.42545906324286314	0.2772773448573323	0.6679205531873823	-0.08755411612341761	0.6226533751702195	0.2530326782572685	-0.4437418263982534	-1.0723352514174362	0.7752199009341995	0.8806899215175482	0.46201213947749753	-0.5429390502172343	0.39001889006494483	-0.006884302437617442	0.5004506092914347	-0.16854069042271433	-1.4587855774183778	-0.4460221624609201	1.808590283899255	2.6322415606118175	0.4050881965932327	-0.0008312093329775571	-0.23288770078288668	-0.23347611380589864	0.56579296313466
Br1418	0.0317977	-0.00142702	-0.00321558	-0.0017113	-0.0099898	9.5	0.0219940533901928	0.979285	1.0	0.0	0.0	1.0	-2.4035620522101917	-0.27093429616084547	2.0182976436154623	-2.06017834761904	-1.434181145137814	-1.2352519126213475	-2.3955887389100625	0.2536148361414706	0.24662880951824998	0.0786644775365396	0.37412154930266606	-0.38514683779379	-4.1122170694571665	-1.985565862939092	-1.2703992634740953	2.481436921375838	0.4444327149610424	0.5274106262865017	0.5911048614477871	0.8361117554743628	0.2090582711210772	-0.8892600008314876	-0.4479313540591201	0.20717118829855252	-0.1419647552267247	0.9351137777935213	2.5544748009365352	1.77748125113656	-0.8736774029541593	1.6020840271406025
Br1420	0.0258478	-0.0044419	-0.00213888	0.00290169	0.00448812	9.1	0.0093544518609151	0.971339	0.0	0.0	0.0	1.0	-2.017085721081232	-0.09381726742276997	-0.2089011347403683	-1.3023908467919425	1.6084577683419996	0.7780187554963162	1.6790658946654209	-0.2673375230898258	0.8783460247940894	0.27033722973919355	0.4328756594293362	0.7197697475252437	-0.4182080691291829	-0.5629850995174945	-0.594340449093955	0.5060196837509804	-0.5089022215050817	-0.34208619650073935	2.020945832024086	1.306986393456368	-1.7563522676770977	0.5986919411285396	0.30143083032026435	0.5135514403612148	0.06332038319462416	0.4545088388832623	-0.47469960986860116	-0.6424607729701953	-1.8824011431860315	0.2010802010188866
Br1436	-0.00976158	0.0163599	0.00640017	0.042575	-0.00169148	9.6	0.0283904836183317	0.964728	1.0	0.0	0.0	1.0	1.0223650835633884	1.6131206703505372	0.3517994806932225	-0.6546128437063252	0.15862254888575217	0.3744513738476542	2.3734206469954735	1.4011829641907452	-0.6930110417099934	0.45276874067227213	-2.0223979635448406	0.5606551587317782	-1.2690090742677504	0.2589431483548696	0.4099551537429819	0.5438856277195535	-1.0511324917934128	-0.19455640898599486	0.1977422155562184	-1.8108409343786027	0.9798675967602299	0.2674430091248743	-0.4208810221148934	1.8770346916443301	-0.07093529031352101	-0.26586003068016073	-0.08575376913066565	-0.861937220701903	1.7301524624927773	0.0445043486169524
Br1441	0.0308211	-0.00177359	-0.000587769	-0.00265393	-0.0013311	9.6	0.0205039623623632	0.970734	1.0	0.0	0.0	1.0	-1.1063059618545965	0.46249261882087045	-0.9322961728289463	0.8005162331041612	-0.4133073857281031	-1.4322463280342788	0.2954349186461683	1.274430466771523	0.2695562927044326	0.8620285335604579	-0.28272090861258	-3.777301372638168	-2.706472371462478	-2.7884291740277742	0.752226503068834	-0.5717990977030396	-2.305700071526302	-0.7043297680608389	-1.9051724926804525	1.252879872642731	1.3756132186447396	-3.714636526327332	2.0145293891141574	1.629158251814113	-0.6721110068893174	0.780365605318137	-3.6977626814912674	-2.264715942454348	-1.69924304098045	-3.3354112699829046
Br1157	0.0411003	-0.0053979	0.000347823	-0.00498653	-0.00466397	9.4	0.0118757744471789	0.975147	1.0	1.0	0.0	0.0	-0.012964867904099482	0.08700086676826085	0.21589206155374074	-1.6052929458380087	0.7770593894109292	0.8599252329553688	-0.5618502555854954	-0.2593607849418871	0.4860673677889567	0.22685915075375132	0.03182528556295136	-0.5602965665862417	-1.3709048113345093	0.9998574876271887	1.3608546572728093	-0.8688749794031616	0.051781842632529204	0.20644502352699512	0.351148330503792	1.2671092565298065	-1.1399639649568132	-0.7611398238128821	0.31027736023762087	-0.46572767717374053	-1.4276850874647147	-0.18269540411308194	-0.4596369054950255	0.49352287663253797	0.6489654361947267	0.5101086681640097
Br1167	0.0278394	-0.00313463	0.00854952	-0.00138293	-0.00532143	9.6	0.0237749713557576	0.972076	1.0	1.0	0.0	0.0	-1.3001041966508795	0.8983076280871085	0.5022015138048584	0.49104905389733494	1.5028747931991364	-0.6828278740835807	0.011342463654690873	-0.8992024584799484	0.005590374797229483	-0.7512170367155674	-1.368662571686283	0.32465308494614686	-0.3339702435060873	0.15756048544317092	0.9430044784584481	-1.186412542475777	-0.44709299836412675	0.4643876550127	-0.4513608848520897	0.24376937542054575	0.5942432904061663	0.2968063199662333	0.19938018354478743	0.44462200546512143	-1.211940973831825	-0.7123447246349448	0.5079991886386106	-0.3763680541134386	-0.11535197033270941	0.34597233100776364
Br1185	0.0359338	-0.00445866	0.00123968	-0.0081643	-0.00446446	9.9	0.0214566128768156	0.972519	0.0	1.0	0.0	0.0	-1.589080830184359	-0.2291481640790708	1.241831027998844	0.6103469783228324	0.20240334267315654	0.3225068868848764	0.6631224487841582	-0.3869245206538784	0.7230292357280974	-0.23634902395013227	-0.18034769691869276	0.44763231136935094	1.0036782290445372	-2.1047040302188273	0.07076117622888856	-0.26869543654417627	0.23487442945186807	0.8791392592749337	1.0960871669724177	-0.1969484581487056	1.7364082557455676	0.49541500133771893	0.07071191648897532	0.24066133996094233	-0.13755563715173297	-2.888484686442631	-0.08033572861000578	-0.6046537912984402	1.7780268495296188	0.8007934347224123
Br1187	0.0312803	-0.00177936	0.00126192	-0.00132939	0.0042332	9.7	0.0252399737956115	0.971072	0.0	1.0	0.0	0.0	-0.6605801668169741	0.4216858626722312	-1.1619648895143948	0.45626010009539003	-0.017572860955739473	-0.3625956299605056	-0.784746260045197	0.7666662624536573	-0.05185870930257043	1.5764648463910143	0.9405618700521395	1.256043999832762	0.1001771023670672	-1.1907370728285018	-0.15454644666194958	-0.20460009685109784	0.4641049467059779	0.07239222758661872	0.09997503149609673	-0.921579318307954	-0.7339517226044616	1.216843517303303	-0.24034089287672866	0.8673316608365648	-0.8043998394483488	-0.3798684066969122	-0.14180798788788937	-0.31552023914325755	-0.22511988789974985	0.6704340785560193
Br1263	0.038801	-0.0057682	-0.00149775	8.61521e-05	-0.00683322	9.7	0.0196669231661768	0.981144	0.0	1.0	0.0	0.0	-0.6984741421335685	0.04135160574751811	0.7039168129441491	0.29663168183022554	-0.7476603818629216	-0.6294455724617151	0.4575071602754092	0.35444202202376823	-0.38764871593724276	2.018653844713425	-0.9256891651177814	-1.7342013860423504	1.093020296141954	1.2094158911416961	1.0554299939709741	-0.930179801486032	2.4351452662646498	0.028797944450414392	0.7097207723115487	0.33852441930455796	-0.0144606925152503	0.09672283556641076	1.390819952038659	-0.8279050013850132	0.4137416745531488	-0.5225595624782171	-0.4505376427297078	1.153456769817349	0.13914728531678883	-0.28808865389611804
Br1280	0.0386464	-0.00667244	-0.00451491	0.00066181	-0.00552489	9.3	0.01940898221634	0.971334	0.0	0.0	0.0	1.0	-1.0095132318881939	0.6062477771212971	0.4388601785640154	-0.1964788535090629	-2.269202591083345	-0.971499591700131	1.6985174721057346	0.3760823943358321	-1.0484334645717366	4.262625745619095	-1.9879032826393077	-2.848356552752391	0.7596781709175652	1.7814827040753338	-1.0184965878611776	-2.703786859740843	1.557979705692118	-0.7576520260594699	-0.24552308633096503	1.3174009839150247	3.274954066713868	1.6289696041067714	0.831897001845965	-4.408358860328377	2.8301606152381953	0.3030216285885522	2.5310428507571663	-0.26817181303204124	1.20974182592063	0.12922446211780292
Br1183	-0.0127485	-0.00695354	-0.00319519	-0.00227993	0.0032841	9.4	0.0217275636210941	0.975639	0.0	0.0	0.0	1.0	0.5922935143181062	-0.4585444689153061	-1.1275703518371278	-1.0759794183215907	0.7252064074800508	-0.293288429340544	-1.8204284054861766	-0.3649020989909524	0.7802877556513539	1.4151352151872552	0.883990270750561	0.02968878380379999	0.6343788467846858	-0.5616222193000504	-0.24544409571957881	0.7006464149482087	0.520609011270592	1.0611714359942284	-1.1004588570779157	-0.48100129030141797	1.954235598857577	0.6511953965689715	-0.20747912770654559	0.1278082003241475	-0.014837585743464953	-0.8597227864571992	2.1818217075766597	0.5278991950928148	-0.09468273882199708	0.7914281174376079
Br1265	0.0399431	-0.00290966	-0.00286284	0.00554977	-0.0061491	9.4	0.0325972555857513	0.978482	1.0	0.0	0.0	1.0	-0.4330995939889448	0.37186402660361484	-0.2510175211530752	0.05338414923730872	0.1786181318692957	1.1798355660782085	-0.30286227931609006	-0.8860196586132594	0.08142599517386542	-0.6382085452024694	0.5889289280489579	-0.7967081823401305	0.2975499072012941	0.6215605991272838	0.06630344303339586	-0.6696802756337149	0.24018159208110934	0.45552134861583915	0.3768075193178789	0.5860703566775963	-0.036685647622594686	-0.0697079527748341	-1.6813333102431511	0.34367622501911144	0.13656453660180623	-0.2403719884824513	0.5067370375319344	0.6066780431011817	-0.26677848490015516	1.0417710170057175
Br1305	0.0339332	-0.00351907	-0.00194472	-0.00257686	-0.00697477	7.0	0.0134415660185894	0.976631	1.0	1.0	0.0	0.0	-1.101365827680646	-1.248073996098227	-0.2622497041040023	-0.4769996139107552	1.3293320038465777	0.15187013931792262	0.9737943969865365	0.1601874609582694	0.3895450771704598	-0.9024882982495428	-1.8222759477842143	-0.24879201689595465	-1.1218915246571985	-0.8302699478290823	0.8830596573968056	-0.12180860799002327	-1.1112497570299353	-0.3005033724547005	0.25688562613062693	-0.13485150916807012	0.5330268449088913	-1.1468825112624337	-0.17223503115596353	-0.3453713978648949	0.8950176396483902	0.44086789323804293	0.7770637360066294	0.8576946737416682	-0.2854815806367263	0.028369336064428968
Br1315	0.0376936	-0.000853585	-0.000276797	0.00968724	0.00148324	9.1	0.0108935746251408	0.968316	0.0	0.0	0.0	1.0	-0.9144124069012581	0.12803687880624404	-0.015249224134850463	-0.34671076076380136	0.8815806749243493	0.595138344461353	1.536728804148462	2.1713672747544552	-0.23492924697877587	3.0800122075450975	0.20044122343855322	-0.05198043649470362	-1.6361467372236076	-1.3875749259123904	-2.2695540857299217	0.2632753196630185	-1.949859574501889	0.4088060668647201	0.8412689827446569	-0.8287437392365824	-0.1237531979148118	-0.00998809359263931	0.07423403085484845	0.07900734419780543	-1.2522059741191771	-2.06443837147976	-1.0448345914500916	1.5816988270336152	0.5512434374663632	0.7616990736653094
Br1324	0.0304747	-0.00397165	-0.000149978	-0.000107699	0.00137135	6.9	0.0276889089149265	0.97695	0.0	1.0	0.0	0.0	-0.11005664797884951	-0.843340118445172	-1.5724924310443176	1.219061833965369	0.9696508659846266	-1.1235704743883845	-0.32597390683455557	-0.48479588941172086	0.2696441206283807	1.1906259232237286	-0.835975813196583	1.0440940203642535	0.07750044002221922	-0.7689508259673744	-1.1994998300530952	-0.7398432333324267	0.4203997570634728	-0.15468534858547503	-0.415356802088732	0.09027207340401794	0.5082655424979872	0.6892779695445705	0.45269226501722076	-0.6652156257203516	-0.9595757216817765	0.7459729824021201	-0.6110596158108087	-0.6872228525927677	0.49826446690342424	-0.9942605515060923
Br1325	0.032893	-0.00476862	-0.00187297	-0.0025161	-0.00391572	6.5	0.0215597388211436	0.974986	0.0	1.0	0.0	0.0	0.5437555039969846	3.0858976773645934	0.1967967740554031	-0.195850347908452	-1.4611214687989544	-0.35159314729369	3.5925035760730273	-0.24071955328357073	0.5930160577753799	5.23697613357177	1.2398210319177876	-1.4402761256575642	-1.0477918410735407	0.8864104049987254	-0.04953296528241741	-3.7860442824162486	-1.0410963644596307	0.9637425777577974	0.48358911889458345	2.822275614985563	3.5828321940118926	-0.3857591360057085	-0.44403382478371956	-0.6433257247100733	-3.3364041528634334	2.133753097641246	-0.8977371541663546	0.8673297057447042	-2.461385926719566	-1.1931316491349493
Br1610	-0.00518456	0.0719299	-0.00388294	-0.0339279	0.00365933	9.9	0.0236197710363455	0.978205	1.0	0.0	0.0	1.0	0.5535038350912018	-0.8553671092736197	0.4285311006005718	-0.4656718142649462	-0.11262129371269101	0.614747156919488	-0.769507150155716	0.026012295758849526	0.4232577185364428	0.7693912615180494	-0.8409761669167256	0.9234744991743311	0.5351912567691166	-0.5103708034035056	0.5560951752026518	0.07608264762661093	-0.06191067972596701	-0.14150035340372422	0.03360570870048576	0.051569903797633335	0.6880582899442963	0.272818551567781	0.12372808961847899	-0.5584810861865356	0.33872501496115853	-0.1485196486665552	-0.8030270991192906	0.520329723627186	0.13399067605523174	-0.2999913346160054
Br1958	-0.0123988	-0.0040996	-0.00299711	-0.00331383	0.0021443	9.6	0.0313073525370066	0.971743	0.0	0.0	0.0	1.0	1.5173385004615574	1.1830551833717609	0.4334576559208465	-0.5192876428510322	1.4603100644636318	-0.9846763190451925	1.912420032050806	2.952007557672662	-0.9903676378113031	1.7270650032770989	-1.9304897422271472	-2.55154121430261	0.2921429912900428	0.6498050190852926	-0.9680595525587347	0.28729673550968365	-0.6113572025871165	-3.1243339531916616	2.424456662351093	-2.06861658769869	1.5172223796504307	-0.25294975392451385	0.1598904618896158	0.874661454038336	-4.180795474379672	2.5549127508274014	2.6566642296319696	-0.5911710435943011	1.119103140204007	-1.5297813225923966
Br1989	0.0358311	-0.00339247	0.00245048	0.00149778	-0.000379594	9.1	0.036687242231267	0.971654	1.0	0.0	0.0	1.0	-1.412048025661193	-1.767804468252686	0.029640328332358013	1.4192476548899022	0.786298891985817	-0.665229720844775	-0.4680379745002034	0.5892875370739978	-2.2358567756651815	-0.7927505260165987	2.4611858314612487	-1.019948513506531	-1.525165440272027	4.369243119422582	-0.5209332560633696	-0.8331362948383544	-2.236266733796476	0.927132437340286	-1.1471699962055606	-1.288603309523055	-0.3691971919161938	1.5303409581608007	2.028317303709501	0.18764279630774966	0.4040901663300983	0.7352319398790819	-0.06927885202776603	2.2361009614996115	-0.287343535802725	0.954514409453937
Br2470	-0.0129292	-0.00307781	-0.00527069	-0.00292256	-9.39669e-05	9.0	0.031612955586753	0.974465	0.0	0.0	0.0	1.0	-0.1230696994776383	1.018483155864483	-1.2086382122720751	-0.2190555080562937	0.9320091627084879	-0.040392886512570496	-0.7101636497238093	-1.2246242143114234	0.569376932024997	0.647446897709562	0.5137412110475212	0.2795467299066406	-0.055894009652768466	0.3257338138200671	-0.4982462217938681	0.34857492638433707	0.8472896193803772	-0.37090102688028	0.565104602502811	0.36628665839494645	-0.27781177969113424	0.37424125613223347	-0.011326972153549017	0.12251690936075799	0.9416800572183828	0.04924249206077319	-0.1473204984820011	-0.40183051681326826	0.567059040170709	-0.673471981232749
Br2481	0.0405215	-0.00325666	-0.000679315	-0.00196344	-0.00737491	9.0	0.0166755315574347	0.970219	1.0	0.0	0.0	1.0	-1.206057268409723	-0.8514794127438342	-1.2707727139619986	-1.2242740029064407	-1.6584716752496536	-1.4642248095869321	-1.86812489395368	-0.5224515673616218	-0.7490107756094028	0.9182941727175823	0.2694651804972892	-2.388117003007537	0.3494065474836033	-0.7890204819056199	-0.7620698744651149	0.12871462641458525	1.0430686754058376	0.14961822810443484	0.09434195580890176	1.3097910506452086	1.0143793547938162	1.2357909164688692	0.06757091115250849	0.3707003117668733	1.724767857461154	0.8503445928507493	1.1286861214725457	-1.4227311379552858	1.4200852816127834	-0.22333459871476743
Br1227	0.034603	-0.00377223	-0.00015495	-0.00392674	-0.00195259	7.2	0.0269496564234928	0.974057	0.0	1.0	0.0	0.0	-0.6057078349801134	0.7723079077867692	-0.810231691569963	-0.6665511355945982	-0.08158579677586378	-0.3883312822319929	-0.4125087802217173	1.1987837172076259	-0.26049447766737566	1.4759646802387558	-1.7820600390242072	0.1178390397488291	1.1935726477916946	1.1819374219947625	-0.5287507508237874	0.1385966485600012	0.9172685974411317	1.2944142217761516	0.07101858765221766	0.8025391493649551	-0.5641463099166957	-2.040673020586476	0.9682737954140308	0.3442045158238934	-0.9840527211325104	-1.0932373479213155	0.12064026185229172	0.9337403026743546	0.73811183816993	0.29013566512094713
Br1271	-0.0126432	-0.00347912	-0.00636072	-0.0026899	0.00280232	7.2	0.0447371423200946	0.977174	1.0	1.0	0.0	0.0	0.4768208139773188	0.9233038583771379	0.7459038154434139	1.0971696760588232	0.1574717513852355	-1.500698126834214	-0.053803804326179885	0.22795762260753605	-0.3470044645719207	-1.3717630524442652	-0.3327776682057801	0.9326911893237555	-0.5027848047609188	0.5893016750092823	-0.31413372345535506	-0.2631796914253685	-0.4167091747825862	-0.2936769710190068	0.4231871734646128	0.43225265785094275	-1.3462159369334106	-0.16395984771608207	0.5924183752565284	-1.2278903734014688	0.25291432138041386	-0.17891520567700503	-0.9368108616283943	-0.27161510773290776	0.595940322668496	1.7973398981706363
Br1275	0.0358563	-0.0041618	0.00139308	0.00133048	-0.00290525	7.9	0.0147247499074101	0.966514	1.0	1.0	0.0	0.0	1.3055602518013616	0.3794603227703305	0.2087511690698273	-0.9864302951025249	0.8696948280829011	-0.21157595619629077	0.015400434698949588	-0.2163322442038939	0.8203725852633352	-0.0900537640394476	0.6971227816602684	-0.6918570561547474	0.09517250548496602	0.4369211318853501	-0.27114219355811114	1.0255410853938067	-0.07056157327555776	0.9158757496700018	1.2058533863972023	1.069833909987648	-0.7261410336801556	-0.325269536521003	-0.8096839399331538	-0.38786508717487056	-0.28255404089695735	-0.16778436868670313	-0.17057756924902617	-0.10740612271946592	0.8005403504153364	0.32102760729897056
Br1279	-0.0124362	-0.0029589	-0.00676985	-0.0016701	0.00231811	7.1	0.0254178580838588	0.977412	1.0	1.0	0.0	0.0	0.8297503401030645	0.24660541511791498	-0.529346904322179	-0.1966718903934968	0.29255437867980344	0.5773926971895084	-0.5828383879553853	-0.6090806150119749	0.16718969588479893	1.8770324550075994	-0.3086151927112935	-0.09503183222653966	-0.8092919384010384	-0.12226532436830276	1.5754199369290747	-0.03767545936204752	0.20592674297462035	-0.9272962697055249	0.06022659029110637	-0.7068438605511161	-0.0679752696915067	-0.5944721615387221	0.6468985156961261	1.8781454726481845	0.08855677346645409	-2.117310589985624	-0.6720780341016771	0.060709376756260494	-0.06959424736024092	0.5168515414288622
Br1281	0.0274893	-0.00444846	-0.00523461	-0.00328414	-0.00364899	7.8	0.0326131339161314	0.97732	1.0	1.0	0.0	0.0	0.901579153385633	0.4836450737767401	0.13948831846155987	0.03388289544567733	-0.5736041110760932	-0.694954493883541	-0.47320221813528945	0.374671847821736	-1.5149160975325087	0.9917394071247028	-1.2771509445616864	0.49271818041070914	1.2478859990546856	0.8171960945812159	-0.032861077540403696	0.9900901471305719	0.454242672706039	0.7721303227777154	1.5925777666496594	1.0527693600897405	-0.4234475678707143	-2.67916887512796	0.046250954413497344	0.593231751709437	-0.6019835459785463	-0.4667589129972112	-0.5711327795274436	1.0060368650334637	-0.5500466632997583	0.3002396622683159
Br1283	0.0424423	-0.00240387	-0.000199076	0.00126626	-0.00181694	7.3	0.0279238288860409	0.976859	1.0	0.0	0.0	1.0	0.5886714112826199	-0.9584055886067605	-1.6159392647596378	0.18132853049960512	1.1973576464660411	-0.860336676330862	-1.259461546322827	0.39325679276651415	0.7048492628100218	0.7718406694449614	-0.1889017582752165	-0.5954169073100397	0.2868630923792117	0.8850118198027372	0.11133112911602885	-0.6089953947964344	0.24804306664453032	-0.09699953739739157	-1.9644213853068253	-0.5927241299182756	1.499859752806312	-1.094942488020062	-0.10135385844726451	0.11233431453131082	0.025872122478333363	-0.6908377972761301	0.32905086751301454	1.2352351257743157	-0.6876993285949974	1.1141335664382135
Br1285	0.0279063	-0.00321575	-0.000310118	0.00218315	-0.00584131	7.6	0.0132194674298381	0.973435	1.0	1.0	0.0	0.0	0.7530167458475163	-0.4243727244978215	-0.3963379175327104	0.03734892787893482	-0.46069110021124965	0.6496163384522391	1.6206678728039055	0.8852677227727921	0.48593819477866185	-0.17935108751210485	0.37058045805019774	0.06256772249114699	-0.06157321350935666	-0.040501309568641244	2.0723022779060476	0.11788336245018613	-0.4929147805966224	0.14096193829492273	0.13456819229906608	0.27441008935424915	-1.6526743737283787	-0.39590163354141433	-0.6571667837323429	-1.0309173047409586	-0.9068182102469238	-0.8350035163079779	-0.6736471583627907	-1.2178632049105806	-0.6360848717433634	0.6876655768135559
Br1447	0.0299191	-0.000722732	-0.00107939	0.00307298	-0.00241855	6.5	0.0120083232266403	0.973615	1.0	0.0	0.0	1.0	-1.22252306903945	0.12299534174337312	-0.80950205905972	-1.5166084967480744	-0.5730381080342167	-1.048924503406213	1.3785837971631643	-0.333846700448426	0.6763498031850659	0.7236960658283016	0.19777950880539072	1.7568945709498511	0.7975687320960486	0.017925388984734038	0.24058057862573448	2.0897793256589936	-0.4332772641367262	1.3518818854016672	0.5825280364077516	0.15128568154113264	-2.2888317898835595	-0.3927919864445087	0.0027424987288562895	0.6464512672211108	-1.3274135644676002	-1.6243633516457745	1.368832347340861	0.05640531256071012	-1.4330713520810834	-0.6906623222048806
Br1448	0.0107883	-0.00329049	-0.00762126	-0.00372061	-0.00326294	7.3	0.0138254386991689	0.968296	1.0	0.0	0.0	1.0	1.1333634352721318	-0.05255272923069135	0.9915443619031215	0.04675937187629653	2.8457269700004137	-0.8401046851972661	-1.3542129001775256	-0.5503834653834266	-0.3227185838683491	2.6255735145908523	-0.00915016379624823	1.3371957259308118	-1.2285145000054483	0.6411371691236519	0.7768286842009946	-0.587685370262811	0.24045340875679824	-0.5606835276822956	0.17723692595326793	-0.8466635081931522	-0.8729464789666321	0.6322642542127151	-1.2714470779796436	-0.13073786763098075	1.0614588611210243	0.5142857984057645	0.13710826931847073	1.0302974513266703	-0.9816890602120549	1.272746327549347
Br1464	0.03574	-0.00602181	0.000514995	-0.00129796	0.00423747	6.0	0.0377997549037238	0.981901	0.0	0.0	0.0	1.0	-0.6586303926332304	1.3020266746491747	1.403940999586352	-0.9800274428195163	-0.39647102699156506	-0.5925123808704129	-0.2222456271988913	2.009354011795703	-1.6365336535641066	-0.7445398089237897	1.2490048787207124	1.2404006235547804	-2.017771184498714	1.054009052744073	-1.6232180433240384	-1.057317066746947	1.5246927610604302	-1.2211216614124796	1.3435000078106687	1.4753738625044068	-1.3638919673721588	2.4803103324149336	0.21751431125044177	-0.3385646325577115	2.007527796191576	0.7267003666020867	-0.7677884543831011	-1.485011162450137	3.7336395072670547	-1.3036401547841279
Br1479	0.0381289	-0.00377605	0.00112436	-0.00399195	-0.0020136	7.1	0.0276432989771794	0.978468	1.0	0.0	0.0	1.0	0.2832419289535473	0.9005513651279219	0.6116704606229052	0.37383774497917927	0.8063285318847592	0.8758443754703239	-0.3716756181763167	-1.711767330663396	-1.4898844905652882	-0.5200553119103152	0.9789237609091533	0.31345523488757643	-0.44328304858237233	0.132459910911793	-0.598183932952417	-0.31800411999719963	0.5892581047629982	-1.729866990243441	0.695455467514289	0.33675171301395257	-1.0257106896014292	-0.5753960089830008	-0.3430137577919127	0.2707415507170686	-0.028515821537622683	-0.8258608314007079	0.5614311193920349	-0.6384507986511588	0.126810262245646	-0.4471277762229677
Br1987	-0.0115461	0.000102893	0.00537497	0.00712032	-0.00404993	7.6	0.0205281316413672	0.976447	1.0	1.0	0.0	0.0	1.176624832526707	-0.9881885475816344	2.5984120822491765	-0.11953605153770842	0.4303243117515831	0.6710091693946705	0.7868786654320881	-0.6161054838174564	-0.1374934578438974	-0.30721050873575967	-0.11838209255110316	-0.3868531695882665	0.216349040948211	0.4344689690965416	-0.3952689043637145	1.0624423020914804	0.24397800933124497	-1.236510006192328	-1.1145154925638312	-0.1527173726518021	-0.0345453640686029	-1.4294006995684094	0.6891134831874234	1.885395931644748	0.9159595727682095	0.8978159165773815	0.15631077846830516	-0.9549950997008191	-0.15268328414084395	1.3210484539913085
Br1994	0.0274087	-0.00377561	-0.000380305	-0.00228114	-0.00731154	7.2	0.0120057482762115	0.973774	1.0	0.0	0.0	1.0	1.5269925848737247	-0.4600922302653848	-0.9563969172007902	-0.06852630917603722	1.3264426931031772	-0.37605851290121306	-0.7447951963301972	-0.20817978713625437	0.019531317158749992	0.27887360192627253	0.7323962926545532	-0.41857744137017344	-0.42635257252933945	-0.126038928613825	0.943898017045704	-1.0626162408133482	0.06221815647626527	0.5409075628345416	1.9934929938382329	1.0883201940752518	-0.37416552034622197	0.057255125011355185	-0.7616496523699269	0.08798261326590062	1.3026545193934038	-0.6019399534996758	-0.08111262577119485	0.9355273457819986	-0.012687825208632084	0.09235083103873888
Br2020	0.0331714	-0.00305432	-0.00075396	0.00263915	-0.00782798	7.3	0.0124945968099995	0.971272	1.0	0.0	0.0	1.0	0.5124253580499983	-0.11496566665929517	-0.6650547467777543	0.6814877803792542	2.224850826816276	0.23131248629356205	2.160120017955919	0.4252185659197696	0.7422120964437746	0.7658581537469191	0.40476086263516486	-0.009695409451911663	1.0752237572727217	-1.5358430347812038	-0.47551562041461726	0.13655917546255072	-0.09364714219009991	0.38191285156489235	1.6175560687357406	-0.4092282145279611	-1.149676657016812	0.9539925497570779	-0.1824235291672068	-1.8603523192892906	-2.7340811177248123	-1.8848137232358713	-1.0198695384273548	-1.4947640548738874	0.07791891157775928	0.07338457108271239
Br2038	0.0360595	-0.00331995	-0.00225428	0.00206411	-0.00634392	7.1	0.0143993010167793	0.973873	1.0	0.0	0.0	1.0	0.8738002939895542	-1.9783466355462251	-0.4963159069526083	0.15514838410548715	1.2171644788616751	0.04494372046377873	-1.106173871967028	0.7125157917714033	-0.6442614503613372	0.4851087294591539	1.1696345017882306	-0.32117664557092107	0.8492637289381982	-0.5078892782532254	0.0651946767532133	-1.7309544955526872	-0.4221699924034726	-0.5105440970430137	0.5350935757396443	0.837500979976384	0.33453186723650996	-0.5963151284156631	-1.4401105307286954	-0.09182889549336522	0.20710791038989504	0.10133218704440558	-0.0047683487591103045	0.33369540341744747	-0.4130386351879195	0.028714133147907328
Br2261	0.029096	-0.00286223	-0.000484548	-0.002577	-0.00333856	7.1	0.0164880711056667	0.971671	1.0	0.0	0.0	1.0	-0.09117310102597027	-0.43164299480446755	-0.1671467849206938	0.9770970506106426	0.8728442662610975	-0.2645150544092658	0.14539678356371005	-0.6625360473772876	0.017733487855351844	-0.6406018253303043	0.24642874655631142	-0.041170042192034934	0.17181064217138967	-1.7000602668760125	-0.6169011250749579	-1.373738686986931	0.7395988889454186	1.4532139441475345	0.7315550882668758	-0.5678359860412123	0.06969435110421346	-1.118402556861573	-0.3917427520300495	1.8605683348734714	-0.3761085081099097	0.42831112140531763	-0.04740302508567088	1.6160514384492954	1.220049858422032	0.5843935729959029
Br2353	-0.012705	-0.00562794	0.00098456	-0.00117249	-0.00185837	7.2	0.0224101665364826	0.977087	1.0	0.0	0.0	1.0	-0.13076118972332826	-1.9010113664294332	-0.25540418797084924	0.01042443751235658	0.8117391994296449	1.2026896438979502	0.348917581720212	0.1223397401792193	-0.8228666067808623	-0.3684338464905126	0.8019225310562523	-0.016761769271932726	-0.6317503004204674	0.04811907298080773	-1.2022449511127242	-1.7233629838517985	0.8546068074679297	-0.26514289415732945	-0.8939966071894012	-0.28244107380958616	-0.3841377914980091	0.2501154994992135	-0.1313126167614606	0.9007445484306109	-1.3958935969169095	1.6042482494299692	0.8577895119005289	1.0763499876974398	1.432037112952263	0.4560305216399227
Br2509	0.0328723	-0.00323157	-0.00160433	0.00177304	0.000283334	7.5	0.0224058709403097	0.973896	1.0	0.0	0.0	1.0	0.0573963083074194	-0.5704994390214781	-0.7403404970409277	0.31288596298577903	-2.596319095410314	-0.8719760610163546	1.7308271737550414	-1.0911603091070228	0.03891129874168407	1.1786728966669286	2.206230638440366	1.6960740865807944	0.3871386133158691	0.19976492535604212	0.18758489909454726	0.838633814251198	-0.6388014346563552	0.5639494253447667	-1.1668099337341322	1.0396670195557922	0.3568083162224744	-0.16959977436473347	-1.3539223544373966	0.3092002503633878	0.4472846220801917	-0.16944603559207858	0.6616980087152322	0.5961474331627957	3.273793519122563	0.8674745619748675
Br2585	0.0389259	-0.00478269	-0.000111312	-0.00508938	-0.00664935	7.2	0.0140496674567329	0.970402	0.0	0.0	0.0	1.0	0.4490109029843742	-1.425187919693455	-0.06903497185523601	0.918170850748421	1.3479835106131792	-0.826645568660941	-0.12568118932878755	0.3610518622572089	-0.48126125539369097	-0.23582160016430448	0.5228889569168405	0.16752504285373518	-0.4828050903474244	-1.1931899136964361	1.2981668381960343	-0.21696673693096097	-1.5593035116479625	-1.1450790210565382	1.309672307897954	0.6517130692181583	-0.2546856846306441	-0.8128381977537941	-0.9040463729846088	0.45616171731709887	0.8422236214285317	-1.6232333110132364	-0.5676174797102524	-0.39994893477933446	0.07418503080086104	0.6460875226363657
Br1306	0.033214	-0.00287853	0.000495994	-0.00180722	-0.00642599	7.0	0.0381795062596266	0.973619	1.0	1.0	0.0	0.0	0.9771385131876008	-0.006297959597917598	-0.16385870698481145	-0.6241475295195957	1.8668911194383562	-2.6528140271968024	1.0499883262746876	-0.5601395316059252	-1.1296831484006202	1.2735207225847527	-0.909030310339185	0.3981950563812975	-0.18425689270672438	-1.0847772151159987	0.8745602997460045	1.6057588289191367	0.30798164465172595	-0.07054423055412003	-0.8221092091431293	-1.3640623094886228	0.3880414886765742	-0.4925752290486443	-0.7189519828320134	0.4738288224302989	1.0575422290689893	1.6727351039934952	-0.6453806364246563	1.4741219739602398	0.2203049580385212	-0.3757586598029327
Br1314	0.0321087	-0.00206716	-0.00207913	-0.00579751	-0.000871152	6.7	0.0212930950862005	0.974314	0.0	1.0	0.0	0.0	-0.08006585099910304	-1.2466393085711942	-1.0451244870485388	-0.6381300546705866	-2.3849000696338973	-2.2178724400198204	1.0596616157438183	-2.7441184260500244	1.4576525311830875	0.8502503673324908	0.16241027381890008	1.6824373363556446	-0.024200318917766646	0.8401222357113528	-0.49668818998704234	0.7975028681435636	-0.3137444253889465	1.64447757483859	-0.9434606004319508	-0.6290900708181559	1.0500353365958106	0.5730628335236038	-3.3242561964352966	0.02530963902250526	-1.0776819981794337	0.16581550167173456	0.3232912515547765	-0.9844791801458105	0.4620005141770258	-0.7146558734988536
Br1346	0.0348517	-0.00407452	0.00095407	-0.000835202	-0.00143391	7.1	0.0127450885761847	0.97283	1.0	1.0	0.0	0.0	0.7718346623756065	-1.8258647102601302	0.9243377053533979	0.09167804247957277	0.2709504916830931	0.2023133570802437	-0.7892662398344663	0.5243921044223164	0.3228100263595289	1.0334337700627505	0.8776403776707764	0.019122330694440127	-0.49588940916864416	-0.8877136641691461	0.7625905990625182	-0.08593442538593753	0.2299535116940647	-2.0177456418733666	-0.5501191798089206	0.28218971601398535	-1.0830768353508518	-0.9950075365528331	-1.3441620729675026	-0.4270203804413016	0.6215455973424834	-0.28475692187751805	-1.0366145264527902	0.8257500894967369	0.7533397855047925	-0.3369836211892513
Br1348	0.041473	-0.00379908	0.00158249	0.000397756	-0.00541068	7.0	0.0106010629909343	0.977044	0.0	1.0	0.0	0.0	0.13640098268107537	-1.3370283125957143	0.31690204005173594	-0.08540968499073455	0.9388326323936693	0.6780429891854075	0.45417463835229255	0.5443018212252835	0.39784634049215256	0.46681028231616434	-1.3636716244974163	-0.5629513440639693	0.3305654836732418	-0.5756510481917925	0.4324681035141052	-0.6503534804263323	0.39218728122191476	0.68028101506225	-0.3136936637925056	0.6394407123182883	-1.0826749421359763	0.5767646931098024	0.7296312149002032	-1.1335124587950491	-0.7919005238201049	0.6791091389193022	-1.6461546835535774	0.5962918188573688	0.49540532741203636	-1.0029161014885175
Br1351	-0.012317	-0.00386084	0.00166108	-0.00481321	-0.00227865	7.2	0.0364621244333397	0.971683	1.0	1.0	0.0	0.0	0.047890166639742805	-0.9435078297446964	-1.5028118431829147	-0.19176781488240935	-0.23108426947440053	0.10199886227412787	0.02834726387437388	0.41307857119938535	-1.004164699605992	-0.6805922039448588	-0.6900896355636711	0.28099753280371553	-1.0034667354464097	-1.2458854684046472	0.7008736923137433	0.5699553445174846	0.7611741667290295	-1.0942581191327567	-0.24369342126712198	-0.2595646905649851	1.3359796232741539	-1.940588811916498	-1.2026073295829411	-0.2687073409073213	-0.46783190242681183	0.43661627615236875	-0.6960405499012787	0.37338490127128926	1.9144967769700292	-1.4854094531338489
Br1927	0.036346	-0.00448981	0.000411506	-0.00276217	-0.002678	7.3	0.0142107833763509	0.970682	1.0	1.0	0.0	0.0	-0.035326614906621666	-0.8052938046542378	-1.5210967458539055	-0.644012436334606	-1.3453415912280307	-1.630996981172894	0.7861791078905546	-1.2329756601890294	1.290101905238588	-0.3483954476763427	0.6890545463275607	1.737216150700866	2.1060006554758357	0.19619413499503371	0.20473303938472476	0.5551486127008611	0.5983695180532057	-1.114685086625783	-0.5483921064152355	-1.011381462793734	0.0984024753360778	1.5027373691363133	-0.18805077833178072	0.675796557725636	-0.9280921612496321	1.1170037327292632	0.6144262453741102	-0.6564819583715441	0.5957452062265355	-1.1340199283167784
Br2378	-0.00890573	0.0393911	-0.00337573	0.0969052	-0.00415454	7.0	0.0337904014007016	0.971422	1.0	0.0	0.0	1.0	1.3231642775930417	-0.794872446219972	-0.8613135634504588	0.9699275461512207	-0.07047987543730386	-0.4304498852726997	0.14271445489147283	-1.1260599587109663	1.2609733935634693	0.9269004723976761	-0.7072315045077622	0.8625750856158132	0.3235016376201427	-1.962053275580843	-0.33326667838273544	-0.037468166819257784	0.06139447788187391	-0.29554770080109444	0.6965213485798774	0.8624712762337814	0.26886238894485465	-1.088012453814595	0.8583639706941937	0.1699652274115146	0.13663580536896414	0.10063054210527222	0.42097035018426154	0.06325615270342043	0.06676509453271046	-0.5315101083629657
Br2393	0.0375156	-0.00503799	0.000905944	-0.00416779	-0.004771	7.0	0.0238909439633312	0.974788	0.0	0.0	0.0	1.0	1.0881959165643749	0.5575659323246802	-0.9231058488535944	0.579447719450828	1.814188878893371	-1.3990398596310307	0.8029977972881038	-0.2993525606120358	-0.5656543713501203	-0.6009597548620723	-0.22630868679990113	0.5599625928669681	-0.5371581426668369	-0.606764667878929	0.8015495413712554	0.5682530405192686	1.2987323182099626	-0.4563947583608372	1.427806767234702	-1.0147125305300713	0.3047730173884173	-0.11489185662897443	0.022929365079334314	0.44123206927240965	-1.108103036386629	1.756092478060028	0.8856442056222804	-0.9857703683468695	0.5417094403768461	0.34498787768707745
Br2464	-0.0130816	-0.00431226	-0.00551281	-0.00207062	0.0030373	7.1	0.0267406527831988	0.975147	1.0	0.0	0.0	1.0	0.22232445884209484	-1.3361711553370064	-2.0305762164125842	-0.12440499834427349	1.534050320237907	-0.319481785800358	-0.19727374929938665	-1.0631045780482917	-0.9025754323116695	0.7229438429507984	0.46357407775252524	-0.829617741416101	-0.7951397824087069	-1.366674731561635	-0.61965658041817	-1.3708048127149077	0.7084181814086372	1.4145765634968093	-0.3207940615979319	0.08038953132102275	0.14894057778746472	0.4769678156429203	-1.551733258820515	0.486886539092289	-0.22992794986895793	1.1045156559267062	0.052445647608459094	0.4691263546640544	-0.5429312426771864	-0.09800126252482769
Br2494	0.0365569	-0.00221949	0.000862503	-0.00222252	-0.00192328	7.4	0.0376536067754713	0.972677	1.0	0.0	0.0	1.0	0.2839694727098167	-0.7861537518373257	-0.22276905543741657	1.1352121085565325	0.48733877319332863	-0.5730750495098439	0.009490020154911917	-0.8014470116454439	-1.1576685404328633	0.6124896777142591	1.7346639729160702	-1.6907736277808973	0.6396536959408259	-0.4188481449815934	-0.43063606977182506	0.3653624278261003	0.9109904703008512	-0.5127269804818286	1.306733969314523	1.8840744827857105	-1.1355443383741282	-0.5018510417405365	0.9695274439653727	-0.6958329599115552	-0.9905091703705631	-0.5998407651503899	0.3393383202361947	0.6940634535694735	-0.48525792277584984	-0.723538072661382
Br1384	-0.00918921	0.00154932	0.0345841	-0.00360804	-0.0127049	7.6	0.0288705785207745	0.967296	1.0	1.0	0.0	0.0	0.0648402477589199	-0.9138093351276007	-1.2179070374534908	-0.4589194510758925	-0.9807965708501653	-0.11215048195625416	-0.18174665936320128	1.1571818272889158	-1.359551033342026	-0.555113144985506	0.07198250188098154	0.1523841835878946	0.08240231469119026	-1.1066610368825835	0.4311345080687009	0.13189896215518523	1.6513336637039966	0.26589835013182056	1.0162605548689307	0.8746337548897752	-0.1853624933917757	-1.233698078657737	0.2363110038561509	0.35010068327761096	-0.03316300611537799	-0.7172986354424968	-1.0193915198533985	0.17489435423509	0.26806118220841363	-0.05501918527470881
Br1390	0.0358931	-0.00518657	-0.000753113	-0.00284446	-0.00118993	8.2	0.0338579617812065	0.974581	0.0	1.0	0.0	0.0	0.22707472847816176	0.5437110052371033	-1.5373662080687247	-0.1971496033859591	-1.1191220435083806	-1.6392622686144735	-0.06130745526161289	-0.8312624608993933	0.8897461352247027	-1.1451337149744474	-0.5818812924845294	1.0447709782488306	0.1272796868323949	0.10260759480608178	1.3818147593654833	0.6501234159190193	-0.5442149626160431	0.015354433673309603	-0.10391661283625159	-0.12032721896616991	-1.1041357071922893	0.21436526187967686	-0.1807518070817064	-0.6143163288256239	-0.11797906525753997	0.8452334441529022	0.9904612344750157	0.973422942928118	0.19858393952472464	-0.6837093592634824
Br1408	0.0321574	-0.00595137	-0.00153124	-0.00546977	-0.00808738	8.0	0.0253553637497961	0.973027	1.0	1.0	0.0	0.0	0.2776886493889206	-0.2143295133596585	0.9970022227121084	-0.1588070961611096	-0.4823403871269908	1.3089385527985904	-0.34658734189783624	-0.6539799999116628	-0.09886998726044983	1.298707538119715	0.07553055897972258	2.155007371760083	-1.3969656787374547	0.33609524704970317	1.2198436444294873	-0.7896914813346403	1.056005703337075	0.9117736146618798	0.8986763937341143	-0.543431093657949	-0.4539408343666733	-0.25643177124795036	0.16255000192661764	1.5928832946620333	-0.9873997332879397	0.6175312428339548	-0.12905546655192876	0.49975563716281857	0.13569479840592252	-0.593781919311437
Br1410	0.0381464	-0.00292126	0.00208757	0.0023768	0.000172019	9.2	0.0283884743308347	0.975595	1.0	1.0	0.0	0.0	1.313320936158205	-0.0865297207020297	0.9512915881060088	-1.5451765132244986	-0.9643734800684582	2.1050386419359546	-0.5001244563131836	-0.48488594364109316	-0.5779973019875815	0.34409848862282	-0.10819250926684333	-0.005575593643739346	0.3554120141577398	-0.7637321786280911	0.4099055246049881	1.1222815095258492	-0.5070768646047217	-0.014531400545781325	-1.2099945375957208	-0.4812888772555477	0.08719508951905977	0.9325759911206599	0.17250636314970377	-0.09700278847647581	-0.15833127947951264	0.6052958810996519	-0.24087047960204644	-0.03343045620270417	-1.1560262115770457	-0.5785783143546639
Br1412	-0.0124601	-0.00445132	-0.0021114	0.000438267	5.03588e-05	9.2	0.0236500178380139	0.975968	0.0	1.0	0.0	0.0	1.2077432469077194	-0.16920690344131237	1.815289601466255	-0.035668808600711505	-0.12287420130747097	0.4597988199929338	-0.8633036244132783	-0.20087194131590685	-1.014384414604736	1.9586800617663607	-0.7024200899147122	0.8704159621017179	0.057362033667355775	-1.0553349408185162	1.3427581912253916	0.16116355982175654	-1.5479018804555718	-0.2595782972533577	1.1209875110063103	0.2094282650163382	0.9021005706956146	0.5072573592184665	0.4974410848151269	1.8916839568571875	1.9804222938202576	-0.18205810879820689	0.5294459484592141	-0.6016414705270032	-0.3974888169528462	-1.2718453950280388
Br2064	0.024254	-0.00307059	0.00125895	-0.00360205	-0.00738027	8.1	0.0155043772035579	0.969663	1.0	1.0	0.0	0.0	-1.585682311376098	0.5969415677290882	-2.3963874580474003	-0.36336182527486866	-0.026557977150806787	0.27073019182706964	-0.7314770263312733	-0.7136419972782616	-1.3082721626071576	0.3477963666254953	1.044976550431884	-0.9750439317471462	1.0126824869373274	-0.05906871422687017	0.03501885588748857	1.0597322523302128	-1.1962788107806621	0.6916983675026459	-0.14790443793302577	0.7019579120498995	-0.7005206597419367	-0.2359110409995733	-0.4494609343138061	1.7336383240274578	0.13840459859914644	-0.42589105747465233	0.9724738125954078	-0.7242954972863603	1.3027912141131206	-0.0720827928302542
Br5073	0.0246434	-0.00378937	-0.00769823	-0.00500214	-0.0052125	8.2	0.0320276637739808	0.977116	1.0	0.0	0.0	1.0	-0.15008796856566825	0.23774497336854955	-0.4601160580834723	0.8988783096421564	0.9049446059985848	-0.3777759814949903	0.0014100495337952274	-1.1869519774579687	0.6669314862775824	-0.369126064610861	-0.20569424737233233	0.14340462606271032	-1.0157319493950523	-0.08886752208556373	0.5598754629451472	-0.9318852544608424	-0.055343792097382556	0.8164774118775426	1.539235624426141	0.599578486773261	-0.5918756113684125	-0.7249243676578466	-0.7443540235028435	0.9256033119519633	-0.8012458630800342	-1.6591387633130659	1.7530751326493768	-0.6038308964171674	-0.3908763182060189	-0.4801238245801271
Br5179	0.0277424	-0.00505515	-0.00122818	0.000289385	-0.00304713	8.3	0.0253349168492664	0.968771	1.0	0.0	0.0	1.0	-0.3072223714068606	1.0670737918251414	-1.3620407914600672	0.8468255873349506	-0.3273791132123394	-0.4387658503684793	2.954797207981991	2.1772352512127164	-1.1407452145647776	2.7075523094229847	-0.6080801506850771	-0.7372790211708485	-1.3466782504737722	-2.075947837803806	0.22333339263905572	-0.1041810989710681	-0.9703580582468478	-0.9142591890564364	0.5581179057951854	0.05369259770488984	-0.8382496773002782	0.5402892069118618	-1.3172007141641078	0.14503699423219515	-1.3381210316372405	1.3706159586696496	2.147154076266969	-2.096564377230473	1.4188811430498274	0.87703170858759
Br5217	-0.0129445	-0.00396781	-0.00282055	-0.00463275	0.00160318	6.0	0.0364752993489129	0.973616	1.0	0.0	0.0	1.0	0.9970719129536841	-0.40846420329750993	0.07675903690806125	0.6877225023209871	0.7739602829877865	-0.18369881513653166	0.10323747388568186	-1.0102368236975827	1.1574713421328962	1.075973941170905	-1.0016499971468649	0.2591781967707216	-0.7522585334368699	-1.927482343126607	-0.041147060469772456	0.8739269313886605	0.43156941663999465	-1.6787074585567785	-1.0053867639622336	-0.8689827909018221	0.5126988692999839	-0.32558026796019596	0.7653686728747786	-1.6405419153115364	0.6863211192195702	-2.262416451504232	-0.8245198114983965	-1.0595473333076535	0.9622573435602678	-1.0252029569290144
Br5224	-0.0126225	-0.0041561	-0.000910873	-0.0023371	0.00251431	8.1	0.0228922917172809	0.973841	1.0	0.0	0.0	1.0	-0.7059734919059344	0.30729536965432125	-1.1045950260827544	1.6974898790482853	-0.15449839015613842	-0.21774920064945233	-0.931593772496482	1.0282062437290391	0.8929745479704942	-0.7464587316923035	-1.4876200879034875	0.11310152168318256	0.27789242835529343	-0.4007524878013934	-0.8385787823697738	-1.8138616164900603	-0.78600061656593	1.4673061350797847	0.07091929237295592	0.2696774547318121	0.5086827420803022	-0.14194354929088443	0.6563662848162055	0.3617346086406046	-0.6187235463238799	-0.8057897136655577	-0.5071510688372876	1.0592832262121208	0.5528559563059053	0.12512215018318693
Br5234	-0.0129851	-0.00457681	-0.000844221	-0.00385167	-0.000740371	8.1	0.0286844779335494	0.975716	1.0	0.0	0.0	1.0	0.08666842921464657	-1.3989231086987755	-0.6715178088332534	-0.11712585810220605	-0.27180495002151966	0.6870568144445396	-0.3831549530915206	0.07339629282522878	0.48086515705498806	0.027437096702658547	-0.05763470913349138	0.35976406269902333	-0.6818763964486528	0.35777491137836454	0.15424422244387698	-1.5805469650293409	1.186536974153374	0.6984712951068532	-0.4698114409039521	-0.5218489892638336	1.0507178854911103	0.9676179252495004	0.585918758348606	-0.07106467407747578	0.07120571080997677	1.7178284628491107	-0.7182086941703499	0.3451182780808799	-0.9110541263516357	-0.13114104657087322
Br5282	-0.0119112	-0.00432828	-0.00547264	-0.00210898	0.0014952	8.4	0.057888359257905	0.976824	1.0	0.0	0.0	1.0	-0.06217302836031304	0.6698268002491823	-0.8139239085522144	0.12013174678841046	-0.3350303808750622	0.6532470784630192	0.35539613856926916	-0.806451883719335	0.7783057601387672	-1.0691349756924755	-0.42517721482061227	-0.4066722191671489	0.3236117967257883	0.4417977659545504	-0.2157768152195067	-0.4325292166472358	-1.3943452600987156	0.4409934739644061	0.8101654061134769	1.5465308394156694	-1.0390759796391154	0.5727463113410104	-0.705315612581124	-1.887445092123884	0.14257151905218854	-1.4687295726621268	-0.6908734722608366	0.3361292766322628	-0.4468840054115186	-0.7103296685749232
Br5295	0.0349146	-0.00260652	0.00147262	0.00408837	-0.00639977	8.4	0.0284767500208944	0.967155	1.0	0.0	0.0	1.0	0.2691467677139114	0.2424090387100098	-0.4636543635169733	-0.5277409226264855	-0.5112825812262819	-1.3117618607023032	-0.8213213869766639	0.6014299248048565	-1.4213484597919985	-0.46380810616380136	0.20752165632259148	-0.20834073950700502	1.8329958498702499	-0.1529949109688642	0.3008671905122655	-0.4363931329747631	1.6272804505557885	0.4473243243924819	1.0238785616916677	2.141083135375916	-2.557412582296383	-0.780078732021455	2.039246658311186	1.0002567303670227	-1.8423072206789322	-0.4664266102438971	-0.7504356885826534	-0.8643410926014786	0.5950689981272982	0.1301002292404057
Br5319	-0.0127035	-0.00437451	-0.00309056	-0.00293116	-0.000809088	8.0	0.0235123644399624	0.971859	1.0	0.0	0.0	1.0	-0.7638071940355516	-1.272195295788689	-1.9245690064677698	-0.9911456297534211	-0.9954860359758481	-0.33689118326999296	0.014250226396562782	-0.9471116454949978	1.5911848055588056	-0.4838369758544623	0.21920823569898756	0.42495028861249623	2.661079235514172	1.9375788991423684	1.099494005336324	-0.4943425892491236	0.009390991325382817	-0.0298199641201338	-0.40550605596483885	-1.5087855655287727	1.7654009625003446	0.49163617554407235	-1.5923361331903034	0.36362392416165357	0.19570882040164933	0.5933329848467781	0.11391188363078737	1.4257864943672571	0.39756217142653466	-0.74710948368941
Br5355	-0.0127565	-0.00472517	-0.000400409	-0.003887	0.00280897	6.9	0.0433927919245969	0.978591	1.0	0.0	0.0	1.0	-0.9986955795164166	2.3436663122748453	0.6360896089376485	-3.217590695123994	-0.28180063134764827	0.22996940500109073	0.17763445325902	2.0278134621142083	-1.2205367138049086	0.6804613515910778	0.914281368384343	-0.2214221155444342	0.979025968591075	-0.5987476353662681	1.7554367274799871	-0.6018847724200509	2.140064334440465	0.2408767425164787	0.9401624657234934	2.0247939872804075	0.027613019151505536	-0.5049774597228095	0.7334573599980604	-0.3727535935582349	-1.3798371248526087	-0.965072986329306	1.1784278109807895	-0.9171252663269281	2.2290547549858992	0.3906055215242533
Br5359	-0.0126147	-0.0043057	-0.00585517	-0.0022372	-0.000771178	9.5	0.0279448975979249	0.959691	1.0	0.0	0.0	1.0	0.9100678071663914	0.6820443830068863	0.4398753620384409	-1.1545955844966715	-0.523671724156018	1.1852944805776897	-0.11889496195304174	0.7038583295304872	0.8028105336111396	-0.2318123353101147	-0.41552837664812686	0.011345946276768474	0.01627727340286356	1.2997874927978827	-0.1329232701524657	1.69426399933409	0.0453628829163692	1.7959927581231874	1.1020148244549746	-0.7262633064863593	1.128434685328146	0.04965149073220334	-0.13095862075120246	0.49684470803320574	-2.583174737365467	2.5315250945011543	0.8730044048693174	-0.6122491711081046	-0.9068108365221486	-0.10596282270204421
Br5372	0.0325572	-0.00362294	0.00590084	-0.00031746	-5.02217e-06	7.5	0.0290246801315816	0.97766	1.0	0.0	0.0	1.0	-1.6159103538582669	0.24130154733674092	-0.9771839786904183	-0.2666401171224275	0.40636024764916157	-0.651054128983786	-0.9294269239179159	0.7432033811398743	3.177345220184222	1.188333666960278	-1.2645607219851482	0.42333756615589707	-0.06446331865300749	1.29742013330836	-1.2217967415584787	1.2954776287597018	-0.2934548312778702	0.9783943099741168	-0.061158045676392936	-0.5970196091537169	-0.7075969085728736	-0.2777294537989615	0.1458367452318515	1.4969933424786497	0.9533548183151032	0.7796795830070081	-1.1137325130397713	1.054527568667503	-0.690370513632165	-0.2786639896774811
Br5373	-0.0130255	-0.0044658	-0.00391955	0.00197392	0.00415619	8.9	0.0122320776613406	0.968408	1.0	0.0	0.0	1.0	0.42273233381184533	-0.17506980719244358	-1.3638981451194823	-0.683109852254433	0.3845733469515353	-0.8549027015017773	-1.113375739785971	1.3750332659869697	0.9428705324915496	-1.0918325207513797	-0.13214967924050522	1.2767437461132776	-0.0007670654299266876	1.0377511112492483	0.9383311430250785	-0.765813991286422	-0.3821011509829102	0.9129359945711343	0.52701420966171	-0.5368929130942578	0.6501219411807418	-0.02809487261544898	-0.9091380381096857	-0.5345185563868159	-0.2689981650190331	-0.41591547337176077	-0.37964867894522236	1.5233757824818424	0.30391415008458533	0.6823732057974707
Br5398	-0.0126064	-0.00463718	0.00067309	-0.00645202	0.00202759	8.8	0.0203387312949308	0.972771	1.0	0.0	0.0	1.0	0.3051456903299443	0.24795328745550724	-0.7178444235191147	-0.12222616287026707	0.3818816491551534	0.690912854039739	0.646742917581283	-0.08703106481971395	0.28535412571885665	0.5752991524551995	-0.17636984428120517	-0.04619321413393085	0.727709470146033	0.253402088357734	-0.5108861519397575	-0.053466554037899267	0.5971147276958282	-0.4620450971885745	-1.3740597854411285	0.0023087885656359083	-0.0806399792915253	0.05858245078994734	0.44420990798352655	0.5324443713661877	-0.800642670185259	0.36294063637957164	-0.3685612761912379	-1.6223462042148094	0.37025109585486105	-0.5403422231416398
Br1424	0.0349571	-0.00254636	-0.00130046	-0.00248066	-0.00662509	8.5	0.0240158971681119	0.972089	1.0	1.0	0.0	0.0	0.22852906249686078	-1.1301587650893141	0.12767888932766147	-0.19441045255214084	0.042853234149297564	0.38459867414174087	-0.39698931271080146	-0.05389414958490271	-0.6212186147358092	-0.1939231532955561	-0.46937204734433025	-0.48702313263285496	0.4892135545461316	-1.660682824849615	-0.43899086343060406	-0.7365041591715203	0.24619481844463345	-0.0692088618385049	-0.9134935705429668	1.2075274257294248	0.12573017783290924	0.5934526031378349	1.426230509905358	-1.0496216042825781	-0.06368316439796515	-0.47056619846699604	0.49503699639819854	-1.3145983586147312	-0.6993564425628218	-0.5828168235156252
Br1494	0.036163	-0.00395223	0.00165156	-0.000630669	-0.00970856	7.8	0.0276265874836418	0.978434	0.0	1.0	0.0	0.0	-1.0735641953072799	-1.687661637555285	-0.06407500162428566	0.10461369602827274	0.40005575536761284	1.3064837061405792	-0.01760112268182103	-0.09107670609468967	-1.151736770024306	-0.3237890045343756	-0.4566377307289698	1.0135589634148943	-1.1132808806304189	1.0154753998796582	-1.398657349608954	-1.5993078511341556	-0.10801606199486326	-0.497742293539869	-1.1516325792922868	-0.008971365366740626	-0.31541756301721463	0.30978360341207123	-0.9856641305761645	-0.9511566661212096	0.025547883756138607	0.6110445220456501	-0.22586690669501383	0.25533550087103546	-0.47609546604694714	0.5167122256136251
Br1504	0.0338443	-0.00416901	0.00423547	-0.00242996	4.60064e-05	8.2	0.0209351627602147	0.974468	1.0	1.0	0.0	0.0	-0.18989927278806681	-0.8541647758813693	2.1184529335913895	0.577598174929035	-0.5038477444927687	0.8844786694556543	0.708354084484225	-0.9075211355895373	0.02962627738515574	-0.8913678606460639	-1.2838547463374235	0.9143435162527346	0.21010813251730218	-1.1291985447192372	0.4057536084555621	-0.41587613213596847	0.4199485775365599	-0.7414201088069752	-0.16826412431529	0.5486184845071534	-0.5400206729317228	0.7601724923070382	1.1159737648695054	-0.5052980308068244	0.11613571003400963	1.070403951629642	0.18383222446036926	-0.47252058303129935	0.2068538736066362	-0.12736601697825542
Br1531	0.0384332	-0.00354722	-0.000638854	-0.00175623	-0.00329758	8.4	0.0226072512747596	0.975423	1.0	1.0	0.0	0.0	0.26086178896459616	0.793540073326843	-1.4412684623741467	-0.9667518893859854	-0.28297544704470806	1.0829144088944052	-1.6980744207170184	-0.7770217240392578	-1.0576898762399323	2.471297620634947	0.5239853241292604	0.6411433290791082	-0.3238289570670399	-1.843682977110302	0.3851863900900843	-0.27683922996016763	-0.35865248194099913	-0.6705589631035939	0.8434491484913582	0.5027187546742423	-0.9297523237384482	0.13980290874908197	0.4354971614354268	1.2934998484391906	0.6992992353253057	0.4848167177564929	-0.0962006714331219	-0.15267373090822287	-0.1664520583936144	-0.24520830978915237
Br1909	-0.0124398	-0.00368729	-0.00618731	-0.00432524	-0.00386099	7.5	0.0072504873488935	0.971179	1.0	1.0	0.0	0.0	-1.0791590546701997	1.5415456968692351	-0.04173035203076397	-0.4716281421692014	0.5572593624082555	1.6796119457818874	-0.34736583174071356	-1.5824139072079688	-1.6703876410910448	-0.1788734008115583	1.4933589302896733	-0.35942558282644427	-0.6043082056869461	0.24347239039472343	-0.49994532221878907	0.22860150870414112	-0.2690412168572819	0.0044928673739326125	-0.011607603800090068	0.21173560943712394	0.5367492457319453	-0.5541697857861704	-1.3025119399749685	0.4780309023956021	-0.11329800890450295	-1.3971100325274357	0.11499477065470445	0.6557891812137321	-0.5603691477548207	-1.9728032370584292
Br2046	0.0365083	-0.00381287	0.000594443	0.00471556	0.0017563	8.7	0.0122320148670994	0.967238	1.0	1.0	0.0	0.0	0.23824777256169435	-0.6669983857106795	0.4595845222612477	-0.20157849511307108	0.17672297826127642	-0.9804174054238699	-1.2151599785758525	1.0324517948575964	0.24490357215168984	-0.24974402440733007	1.8426017648382413	-0.4319360661950362	0.15848949135984808	-0.25757235611944534	-0.3779943735472688	0.4584405991597045	0.4467190427860637	0.6226234118431153	0.2519651251699526	0.7783652846855649	-0.05331135268505147	-0.005836345484575087	-1.5762516792338606	-0.6117112199698216	-0.2569471177608112	0.7430772863858095	0.7333612727426715	-0.6326850965266073	-0.1742092152353491	0.8698167195719264
Br5467	0.0391148	-0.00309764	-0.000315415	-0.0020773	-0.00684874	8.6	0.0161320389649428	0.980675	1.0	0.0	0.0	1.0	0.593179882054454	0.8437293840738409	0.9787185185610074	0.8115389114397838	-0.18812958464898175	-0.7490595303416026	0.6591586109156533	-0.30282283112800745	0.8761945142940419	0.718645334273963	0.5979932355191847	0.771366760341247	-0.6280424923015367	-0.8889663830140704	-0.21289007181491382	-0.5415669628219127	1.376843614052739	1.0933608475479573	-0.042730298592048716	0.5734452373029014	-0.878705344796917	0.5489223414009452	-0.016166086952671556	1.8519979010871899	0.5918109017045	1.896526386543762	0.19903060025368696	-0.675266405038232	0.5769142296022756	0.8203196419025063
Br5475	0.0359975	-0.00512959	7.93403e-07	-0.0046736	-0.00390365	8.2	0.0165942720708639	0.966901	1.0	0.0	0.0	1.0	0.7987217329745435	-0.302674766596615	1.8194688499608243	-0.13450187378311934	0.980382501113835	-0.5328798090096891	-0.6217442585808185	0.735858831806599	1.7569871415698592	-0.8321675292125552	-0.21452937607437916	0.10939739946219885	-1.531836884074705	0.4908139257516058	0.22984468353043544	1.068648941804601	0.49546528896210196	-0.19431004527814003	-0.5895475001525718	0.6687043781788011	-0.5620888308749179	-0.7827358605815874	-0.13703075648734633	-1.817027008178134	-1.5155327957456664	-1.280042228858002	-0.14249239154073748	-0.2835576376609863	1.6440442841365093	0.33058870357689246
Br2053	0.0371544	-0.00413444	-0.00299071	-0.003294	-0.00332212	8.3	0.0252723657983337	0.967823	1.0	1.0	0.0	0.0	-0.009942940448713841	-0.37859789683679224	-0.711212714384367	-0.9327409614084584	-0.2959964233136894	1.5569124467583058	0.07963811185475954	-0.7937359255309173	-0.4756221948053755	-0.16749409468477983	0.8804830761996086	-1.3115502706513127	0.6897921262919674	-1.1452639584638094	-0.6399138010582723	-0.35602168055905054	0.8558835870139975	-0.37385963607152106	-0.27618067558138404	0.5039887657949128	0.08070156006655302	0.16385133667689492	0.12499713532154687	-0.1654303661100682	0.9967178182758983	-0.29673323048484707	-0.20138546064463522	0.2646630124944138	1.1460334192430577	-0.7454822284256861
Br2063	-0.012571	-0.00321073	0.000305146	-0.0032358	-0.00109994	6.4	0.0229165539914043	0.977913	1.0	1.0	0.0	0.0	-1.0779701134961284	2.1387709981749476	0.5377878877067743	0.5198195155232733	1.2630980445661333	-0.19798730145492366	-0.9000600727882827	2.2650761134155175	1.2624672707324216	-0.06456085654335121	1.0956463013903985	-1.1467214557706196	1.9151193565463294	-1.1033915104497185	0.39617661313095215	-2.0690650470162733	0.4915098350039671	1.1571697345265812	0.18762187977334532	-1.0031891349897504	0.8186734906913905	-0.639041581729107	-3.086764297873003	0.07515384350658405	-0.07225614274403207	0.25326958612385053	-0.5030210475478455	0.4459220135451027	-0.41423117919687935	0.24525759983581016
Br2074	0.0386791	-0.00592023	-0.00276479	-0.00119284	-0.00354007	7.6	0.0159755964814434	0.970429	1.0	1.0	0.0	0.0	1.5724548956197761	-0.16490284413444123	0.9433032212351101	-0.4520878136162747	2.4925835277381103	-2.401619605316184	-0.019225784200872734	-0.3358990194057373	0.7279948857847701	-0.2623393938153765	-0.04251724325451051	0.7740477410088117	-0.038238299289348576	0.5977793652782585	-0.2332720995678288	-0.5371129673459982	-0.1775160062540156	-0.6284241997394742	-0.10873577386856201	0.5554195748609199	-0.9378465175523386	0.5798012081464063	0.6231751481500768	-2.248441313811551	0.10687178775841699	0.12438926040673301	0.1288357114652296	-1.2539714798151658	-0.8406986126716692	-0.11011707428989301
Br2076	0.0303484	-0.00473007	-0.00396406	-0.00341708	-0.000583308	7.3	0.0108681679701995	0.975894	1.0	1.0	0.0	0.0	-0.5137229691013105	-1.4813493285815746	2.240144850044431	0.7518846430721182	1.2025408907290431	0.5918656533945443	1.1810592964967588	-0.5399126083464854	0.6682984944124959	0.15583478545715707	0.9874026232377946	-1.786846460989382	-0.1925532259546087	1.4670015466463258	-0.7377528191239258	2.7598239993413936	1.0582100640558614	-0.31325240204067006	-1.0369716227223709	-1.5514661687900853	2.2421438922597248	-0.7111871991118075	0.7807629970381004	2.466876800421797	0.6840606204161171	-2.1896724150293054	2.6699874219199256	-2.640761094558679	-0.9185098768142682	1.2061499761789918
Br2080	-0.0125947	-0.00479915	0.0021307	-0.00127651	0.00145331	7.8	0.0279910758141362	0.972149	1.0	1.0	0.0	0.0	0.17590245431652493	-0.5833517792108972	1.3495787753751407	0.39192320481186455	1.3261568459015116	-0.967002344266008	-0.3260515707447715	-0.8992314916484441	-0.619839514077243	0.13021448030075225	-0.8518786306878081	0.6314298397075314	-1.0322837120614938	-0.4819911795033317	1.4771887087853297	-0.961052406979628	0.19640053031780583	-0.5645221905162263	-0.25481713492703856	0.048050420466385003	0.9365378598462448	-0.06335628329133158	0.5527913068573969	-0.1437121355735764	-0.24624418081255006	-0.051856154717664776	1.0629969209773684	-0.6494995084904193	-0.23911790777736744	-0.3652708557805678
Br2267	0.0319575	-0.00341034	-0.000168231	-0.00536559	-0.00132493	5.9	0.0287285912279751	0.975082	1.0	1.0	0.0	0.0	-1.5464132271738964	-0.14860161542042521	0.8028688245658625	-1.5232436607017756	1.110435102225837	0.11578330787489616	-0.19161888314679434	-0.14556363958822618	-0.018771129301878152	-0.05716440627681656	-0.5750576887395289	-0.13636843284935724	-0.410193745505844	-0.23599506230675968	0.6159822628559631	0.7797461103470216	0.5532042504265954	-0.15043010111679378	0.7492444010606791	0.2346041198184329	0.3101195087844381	1.1083021664929247	0.5977218338391618	0.010203281295564519	1.190036755824886	0.8061526517255616	0.7003542923958395	-1.1013708407808198	0.591644220200603	-1.1948818815030178
Br2285	-0.0127711	-0.00553278	-0.00363131	-0.00535021	0.0049894	7.9	0.0395268442054494	0.962168	1.0	1.0	0.0	0.0	0.34163861509627774	-0.6462201670556995	0.6966969570648243	-0.2200949838587676	-0.9954486438925753	1.2959167684935098	0.6678195292991712	0.5846693140588439	0.534620501224367	-0.5841581165484531	-0.4064982205722331	-0.4889463927671857	0.21964217828953664	-0.09431417337497966	-0.03566288317945704	0.10492343687645565	0.47141262155780805	-0.979460000613519	-0.6488322608883256	-0.7166138986270194	0.7282713830052362	0.4393026347789654	-0.9173583054614368	0.3394014396390672	0.17334928292706125	-0.6027676986876574	-1.1433208928946814	0.7157800304949895	0.6119660940663909	-0.5274021058010598
Br2288	-0.012953	-0.00459354	-0.00513984	-0.00391577	0.00136792	8.5	0.0165560106114665	0.966008	1.0	1.0	0.0	0.0	1.059734367549521	0.3787321539598754	0.2367533602818398	-1.1940406995495367	0.28647150636114616	0.9169964860509369	-0.26622252820464826	0.6153597824614025	0.2458178527375769	0.318881420380358	0.6664498795300755	-0.46614710381146296	-0.6760240081151124	0.3772070939005758	0.09155934427527601	0.4371589220992434	-0.5956210998006494	-0.059656152099021705	1.3706293059263142	0.48826133543625055	-0.6014342079268332	0.21867991952963375	-1.4006079585902425	-1.4412089854815247	0.9863956485415757	-1.0825347107720722	-0.7511256154479367	-0.5939084998462547	-0.5601779340234816	0.19871044324955295
Br2474	-0.0109551	-0.00262049	0.011677	-0.00371312	-0.00122991	7.5	0.0288219358913541	0.969659	1.0	1.0	0.0	0.0	-0.5975343252985912	-1.55521453907879	-0.24854069418035085	1.097495384171261	-0.3928742941758983	-0.49818390270495183	0.010407030884040182	0.10913795741266313	-0.059863480665221624	0.015920585868688924	2.1885340936791478	-0.3845299959664543	-0.7621989572577631	1.2548607262967113	0.9786964474110449	0.08154423916968023	-0.13343712108670147	-0.3049032476190463	0.8217375993985173	-0.14128785368419713	-0.5862042359506414	-0.3489181889406632	0.6255816106238661	0.7743036760923845	-0.6226433258739708	1.3480261259900137	1.2255888676945943	0.4052097284865128	0.15633051903054968	1.2043660526216433
Br2476	-0.0128215	-0.00321778	-0.00123421	-0.00328841	0.00236343	7.5	0.0336761792924316	0.976423	1.0	1.0	0.0	0.0	0.6060424861303414	0.7257598642630871	-0.2945971047316579	0.43218533422324384	1.3777910443522368	-1.1718285030397693	0.16544268108801466	0.13919999087966653	-0.7392182635079557	-0.8201678249613221	-0.3029992027126211	0.20368188676927923	-0.8896625404495343	0.7209782007018278	0.6667633666867444	-0.8287974807258952	0.7408411632720404	-1.243892966596885	-0.550190838266233	-0.9116819013502907	-0.8014480133953357	0.604764682396593	0.5777010547901512	-0.22963302289922966	-0.44234491667156645	0.05303684449401115	-0.020654917308603297	0.04777970218910961	0.6870537098192656	1.1416336854222655
Br2513	0.0435505	-0.00479018	0.000795229	-0.00266314	-0.0051812	7.7	0.0266592160091409	0.976818	1.0	1.0	0.0	0.0	0.3245031769262179	-0.41617464270218985	-1.382048766728465	-0.6856358660765742	0.2909347575108379	0.3256040246107258	-0.5929164970709712	-1.0707038572843204	-0.9516392121833271	-0.035805341713943596	0.06355766425901646	-1.0532285547253057	-0.07047904522339736	-0.09793639875110524	0.9193208559801307	0.08216564474024364	0.7336276628611188	-0.7486507970296044	-0.6813691840080645	0.2979043885103555	0.518180950367917	-0.075226751794027	0.09528328718509434	-0.6907542064360344	-0.20182030887476188	0.6428181512417892	0.9231815830493876	-1.1101673322454344	-0.3526596552816378	0.16452373683314417
Br2521	-0.0129704	-0.00610802	-0.00220176	-0.00038085	-7.08016e-07	7.0	0.0336805352818081	0.973276	1.0	1.0	0.0	0.0	0.895262769706483	-0.5783850106456224	0.20833611067179236	0.1763906288727196	1.5415679583379165	-1.535613188314685	0.5246734135645832	-0.7181203413091678	0.20159060112471944	-0.5649106749751485	0.06434060427683302	-0.33268564496610936	-0.016331309326493168	-0.5774274665391452	0.24669322086102094	-0.9172325997400185	0.7379270621186848	-0.9631713404603163	-0.36467472412331686	-0.1860934108463652	0.7341579379941344	0.5624648771121507	0.8399797109968208	-0.5360322150896468	0.34275347070558554	0.5283905192836101	0.1547148966154211	-1.0671358930697048	-0.22300878518730236	0.6462944919854596
Br2533	-0.00950033	0.000743384	0.0300694	-0.0036903	-0.0100089	7.4	0.0397131118220989	0.974221	1.0	1.0	0.0	0.0	0.7029737414082404	-0.07011530152975065	-1.243539377040027	-0.056205711598307444	1.5264435167738573	-1.367346924348757	0.30584424591094916	-0.3460625041992503	-0.10222453828656972	-0.24681363314992996	0.5660486136933792	0.49305487419896654	-0.03184000450462289	-0.6640968088409397	-1.0342199859851817	-1.0181255371653817	-0.10531558444383436	-0.9147101663043845	0.21381287956663797	0.11540929471447556	-0.2638370041881285	0.8987958009351614	-0.21685281486813518	-0.6014187906539962	-0.02074596802453221	-0.5372331266182687	0.4070493959812774	-0.387654125149618	0.9971596472658466	0.026508727394211565
Br2534	-0.0126586	-0.00552294	-0.00373589	0.00208752	-0.00202468	7.4	0.0315718555848511	0.96464	1.0	1.0	0.0	0.0	-0.587422299783414	-0.5866213432865516	0.6800860691825777	0.8547568747790683	0.700195715391663	-0.11980911811088284	0.2222872551191982	-0.7866601129593153	-0.42157483790678907	0.2013969899050378	1.2446178984975995	0.40127697129501044	-0.3465612238202717	0.3741253199342856	1.1235119524543742	-1.0055415888559651	1.2468362865067217	-0.9775652222851914	0.13091888099411145	-0.41654870866806903	-0.6936723066549927	0.668764283980677	-0.40520862544581765	1.1004389375105181	-0.29254465096495696	0.11464921824602581	1.4416585220073934	0.5480981417186379	-0.2501196582084964	0.38642428316258676
Br2539	0.0272686	-0.00449083	-0.00421932	0.00113811	-0.00188241	7.3	0.0253357029294687	0.9725	1.0	1.0	0.0	0.0	0.14889258366927477	0.34372553668280403	-1.388597087246608	-0.7686346642849533	-0.3871702297273798	-0.6534514462958606	1.1629001813579833	0.49145320726659825	-0.9346185496811757	0.8162142574919801	-1.212320186981427	-1.4600296462935127	1.1836626170632831	0.7463027797162401	0.18183926296744019	-0.2777920903258679	4.3023688318592175	0.7198609088589117	0.37171841553475077	0.05841406808651092	0.2818790501562653	-1.2338446926737565	0.7447667937935332	-0.8216197371934444	0.41929852339649604	-0.9849890739495538	-1.2523454131522558	1.1466242495183885	-0.01751774506261579	0.15196221393417536
Br2557	-0.0108543	-0.00420145	-0.00638179	-0.0011483	0.00586248	7.3	0.0141407585721278	0.968579	1.0	1.0	0.0	0.0	-1.5055463569922938	-0.7100467137265155	0.5458019880934126	-0.581847509807742	0.9119152025063277	-0.24143001484259394	-0.532198384508888	0.8125990321349318	1.426132692974295	0.6694353140485196	-0.8072281590104226	-0.36462682944221453	1.043435998148188	0.3138506086730351	-0.8407745157161743	0.9619813628593818	0.11143513700836459	0.5600966443660732	0.3032189186617279	1.3194846507039373	0.2934415540809816	-1.1069827540939319	-0.4921335467625601	-0.4511901444378318	0.268837037685744	1.287949919240871	-0.8274887204126898	-0.5773220948791893	0.4749466961745096	-0.3706222666837317
Br2573	-0.0125175	-0.00182095	-0.00159215	-0.00555205	0.00395238	8.2	0.0277916923057784	0.976331	1.0	1.0	0.0	0.0	0.11332982388781863	-0.8751892655424087	1.0873486061468818	0.14305025151722583	0.11045686715978398	-0.39272590000714375	0.0524631683738499	-0.47127015833022423	-0.4428476661219775	0.26951667745481395	0.3950223930333895	0.3549897640520188	0.11570199018033964	-0.4646799705560229	-1.228592001811801	0.23952448783727193	0.025900048331768833	0.08597252273577534	0.24944968486642616	0.7597252436646105	0.6167359208591372	-0.8810068273451299	-1.4699884541814288	0.662980896282825	0.4266416942427107	-0.348376759605005	0.22492397917587553	-1.0035133374325316	-0.8309862923127777	1.1918757526652033
Br2587	0.0359931	-0.0048574	-0.000303802	-0.00139156	-0.00426619	7.4	0.0171998897982506	0.969074	1.0	1.0	0.0	0.0	0.8460356105124364	-0.9541891205404438	-0.2912658034157248	-0.398404725399123	2.467307959465335	-1.8783777311043361	0.18693623100365772	0.13685098944238053	0.2628212830832748	-0.668365944486057	0.8251489226346979	-0.28243590652013667	-0.2172110997761161	-0.369666376660576	-0.09969911242447982	-1.0828536048874042	-0.11126078974691501	0.6900051999225705	0.5803457681277181	-0.5485516500838223	1.1591703258949233	1.068351298875175	-1.4584428084218926	-0.99330671394114	0.12749747406402856	-1.2700964948461144	-0.5142184543689835	-2.0904668950611516	0.0848346314542508	0.2662658683853209
Br5315	-0.011582	-0.00172446	0.00868771	-0.0054895	-0.00397194	8.2	0.0282013572360574	0.972318	1.0	0.0	0.0	1.0	0.18633025996325245	1.0748906774321616	0.29863167862445644	0.1729099559862536	0.4800661818412389	-0.0716721322139418	-0.8263432062311129	-1.5160230008857392	0.8428041885362655	1.0471432095967332	-0.8201240100620387	1.0633810677378017	-0.7476841163098047	-0.2764210320993572	0.06952821172256296	0.308660262749392	0.8192949233785803	-1.4166995410592278	-0.7459685725831168	0.36969124206707166	0.21568174185461808	-0.48147753868783605	0.8824898547837625	0.41537512299507073	-0.11839837313716153	-0.7783578839090274	0.32199725791567463	0.4889872093253124	0.3667778919874595	-0.4587978469396914
Br2542	-0.0131844	-0.00477325	-0.00353449	-0.00290772	0.00238068	8.2	0.0265881831600797	0.971484	1.0	1.0	0.0	0.0	-0.06379078310375212	0.27290408523590426	-0.7167702764897824	0.4633444052237041	-0.7902821338347623	-0.20128685580302053	-0.4521368916349851	-0.8411798676395248	0.8450078105677489	0.2997232234595326	-0.17586273085832924	-1.060839594111809	-0.6273065459065713	-0.03673694413990471	1.2612843518055092	0.4017439899683402	0.6833340507478562	-0.01928130517318833	0.47619618652609036	0.41413640019887	0.1904056595524607	0.049203966480553536	0.3975224044930323	0.8775796350142634	0.6154627159815342	-0.3218334617088338	0.9675320758909004	-0.1651580862449942	-0.38954094192103655	-0.028335144732601472
Br2543	0.0291472	-0.000707085	-0.00465852	-0.00500536	-0.00185862	8.1	0.0289450294598073	0.975228	1.0	1.0	0.0	0.0	1.198847610599882	-0.6672974388182316	-0.19024104288022173	-1.028693140224037	1.2107312505668668	-0.5254861217857799	0.3858917305926309	-0.7314435083265225	0.6195074845353971	0.6709720773504338	0.5388076530283377	-1.7465201955003413	0.7604796468161742	-0.614294149889897	-0.6970921808300818	0.21451777630509472	0.7393680129947727	0.39099344467961644	-0.4862435261297912	-0.012339644449633399	0.29313275477437345	0.17257467369792182	0.8795494022038538	0.47956488460248914	0.028471811924798824	1.7119468350441613	0.9852292397274879	-0.31037543262443945	-1.2424956397466584	-0.12697077010247648
Br2582	-0.0128786	-0.00395255	-0.00533234	0.00244535	0.000127297	8.1	0.0196189869399366	0.977841	1.0	1.0	0.0	0.0	1.5344659277268735	0.4130805845174377	1.3469535929413712	0.38019259435768765	0.6224512206943807	-0.7023287932693079	2.0185831452478453	1.3772039216819483	-0.6858113574931165	0.45844605132502614	-0.16312200543124405	-0.7170091242432205	-1.2819859751468485	0.8901636279876087	1.7114060440403873	1.2741136900925565	0.03390453371907655	-0.9304666713336371	1.4744124327230712	-0.7417173851257921	0.17613878807224717	0.10171992469457039	-1.299492308869257	-1.1950229883539794	1.0961447353511151	-0.47181236778428387	-0.9821388160206156	0.20825127097680554	1.380875750844972	-0.18575373582425717
Br5005	-0.00957751	2.81044e-06	0.0300119	-0.00360685	-0.0122647	8.3	0.0325334665734016	0.966946	0.0	1.0	0.0	0.0	0.11975129796130136	-0.058715443001006076	-0.7375109948581798	0.25176030980212344	-0.026931890240449795	0.034500239130905386	0.09144993469652575	-0.8445926595902964	1.1250899668385639	0.21484086096232372	0.9380057961637182	0.043879296846587486	-0.6219221966876048	1.2408963655775973	0.6091028915404485	-0.565968392483698	1.7983984941964746	0.6472294322020294	1.5018943964715672	0.4296252011876493	-0.43009064694347765	0.012898100239198726	-0.12197540759033265	0.9292613360387023	-0.035052691185945645	0.8850046853778831	-0.2578140099315197	0.48610082167932034	-0.34030738150178513	0.18451467932645244
Br5024	-0.0110594	-0.00393245	-0.00322031	-0.00262246	-0.00569309	6.3	0.0464084196674443	0.97372	1.0	1.0	0.0	0.0	-2.85683256214042	-0.15469182520104544	0.5394678054122248	-0.09040619982194456	0.02710202480192353	-0.6236789406372606	1.7097820794322593	0.4409120357746294	-1.071755794314822	0.19689789563049745	1.5324713509009835	0.10057195508829223	1.5541996005968515	2.0481227875372605	0.915669535045711	3.0982541871983327	-3.2587072888290862	3.1295972868878374	1.6027161724101708	-0.25405242236892633	-0.5668350669188575	2.272705794099096	2.256264820989171	-0.8659810624399848	1.211922415886549	-1.7328473808703442	1.485247340946871	0.15677293921099159	-0.8954487587581061	-4.041973789233354
Br5026	-0.0127954	-0.00548297	-0.00858076	-5.05457e-05	0.00267665	7.9	0.0317832433918945	0.979516	1.0	1.0	0.0	0.0	-1.0069386513911602	-0.5456306876416898	-0.43653672121027154	0.4849508073969447	0.2505632487457525	-0.023333466319986146	1.3577573938773813	0.05446179301606182	0.740485386149069	-0.9222944167283145	-1.267869327295797	0.19593272680812143	0.16079970458135248	0.7192018297756468	-1.6133559551251222	-0.17854767997315493	-0.42211424268256403	0.8048749534575903	-0.05166254426907684	0.795689286730003	0.7414622135367742	-1.9054420219651378	-1.649257147138037	0.44873544545247473	-0.29376676381435496	-0.7667174510502882	-0.2603867389517171	-0.9243943546847041	-0.5302752100954884	-0.2838263773318358
Br5053	0.0282242	-0.00590779	0.00400475	-0.00540421	-0.00401962	8.7	0.0398142897974724	0.97776	1.0	1.0	0.0	0.0	-1.4877676467778407	-0.46178017886387634	-0.3109932918011249	-0.2624770972116203	0.839740844040039	-0.6819317817235148	0.12779154164763873	-0.5621579225749345	-1.258685580981451	-0.07941634276905454	-0.2252964076000493	0.8022589188072367	-1.087870029127178	0.14529911905190104	0.5570880394311378	-0.7505937882872955	-0.23996860460300898	0.8306494914607948	-0.04517897665304212	0.3794292568290024	0.4278072373183686	-0.22417448967813638	-0.5490738439576416	-1.4077231535492551	-0.27975088473442333	-0.022827630220003836	-0.612183274279764	-0.22362504849338236	0.3520850430064068	-0.009891873464986895
Br5062	-0.0126675	-0.00417189	-0.000705788	-0.00333213	0.00353376	8.2	0.0263634604380985	0.967874	1.0	1.0	0.0	0.0	0.042045833553428696	-0.5430096056528985	0.003200388931504672	-1.1489569466590202	-0.17234535915545743	1.0944938386573482	1.1720937505702231	-0.17812393119352313	0.280288117130992	-1.0746627450132535	-1.0258071336393366	1.548713110256055	-1.2716872375623407	1.5755938931154483	0.27310427474371085	-1.4786115548322414	1.363600810064664	-0.23075665354494976	0.28282385246731345	-0.8952434813311044	0.6691521782979762	0.2059091779041369	0.8974701336369084	0.6993305834446147	0.10336011606620779	-0.00752678029800658	-0.9933828429900006	-0.9586481433116789	-0.5785122671616709	0.04289949555535372
Br5066	-0.0122932	-0.0028396	0.00187667	-0.00212561	-0.000469391	7.5	0.0442441381201743	0.963261	1.0	1.0	0.0	0.0	0.17521671961931629	0.03636426341828363	1.0437763999723328	0.10285873545209828	0.9030717016111299	-1.4380972330093518	-0.8366797378311945	-0.5377805259287854	0.1457265390316513	2.0613661046294953	-0.38959902504135613	1.437352612460479	-1.2315107402079228	-0.616844367587218	0.5791122320525794	-0.08172145932402454	0.2992922382221986	-0.6717901387248724	0.2299071683497599	-0.5607866701518095	0.5144613445552156	-0.4124075660284073	-0.31194007635104165	0.2885864680542778	0.40575264433224656	0.8571048442580219	-0.19876562700844927	0.19511267069696955	-0.8632017579363103	1.04128238702401
Br5135	0.0395974	-0.0024387	0.000293359	-0.000315989	-0.0114092	7.7	0.0151713820893245	0.972205	1.0	1.0	0.0	0.0	-0.215998190646122	-0.5984298024765274	0.7452628911019067	-0.42601558484379326	0.07290729893870607	-0.925305617291734	-0.6619608336568227	0.862574508225987	-1.550842385894686	-0.573607466381562	-2.0789707697381794	1.5524682556720242	1.6161268843107375	-0.7505087040369063	1.2359200669626886	-0.09167100961923969	-0.40102531671985403	0.7785096448450146	0.08600183999269886	0.9593935981837478	1.1247032346564272	-1.3587047142830195	1.7842122896856745	0.9856903447931651	-0.5447699921631136	-0.926041022289792	0.5039405068306276	-1.0597310334639949	0.6222472220149854	0.09374244274494413
Br5154	-0.0124429	-0.00416315	0.0142521	-0.0120618	-0.00767723	9.1	0.035570780607676	0.973943	1.0	1.0	0.0	0.0	1.1738662848730121	1.2048368234940052	-1.1147079350967213	-0.09751212799934951	0.12882823213128253	-0.14478595844350903	0.1654855619763172	1.5749817632436833	1.934351944198737	-0.5405401335601275	-0.43746805667019556	-0.651313560619836	-0.33718318218378335	2.0676301362068474	-1.4543990982776263	0.8806618555828374	-0.24118119043734468	0.7916984081754932	-1.1385816879306423	-1.1380566756490418	0.8234789709374315	0.345064907918395	-0.2727958320942178	0.811347847055345	-0.2232515292582515	-1.7124973476902658	-0.1261331112700711	1.1317532930024277	0.5679826060056161	-0.9623713227935914
Br5155	0.0421595	-0.00481342	-0.00200128	-0.00275117	-0.00975895	6.9	0.0368037041369205	0.975418	0.0	1.0	0.0	0.0	-1.8572909964866977	-0.31420001179840445	-1.369970082743764	-1.0665541255000843	1.2282989158481552	-0.3242615501157162	-0.40041133946329965	1.8140429212342766	0.2172202557881409	0.3606285383991535	-0.4838995051881952	-0.5855406900585489	-0.11398061797304965	0.24709189830368303	-0.665722038953913	0.31904519998785635	-2.0505693042402138	-0.1893810215779574	1.3689748323517463	1.307974504491652	-1.2242723229865737	-2.2195856956590934	0.025743679327203017	1.4646338815252786	0.5397492506048165	0.22058444180768422	-0.06211630761137531	-0.699678981406806	0.5374770934728776	1.436924237621553
Br5161	-0.0128899	-0.00634037	-0.0024869	-0.002311	-0.000792831	8.4	0.0178849365209588	0.968387	1.0	1.0	0.0	0.0	0.9139209851143009	-0.7220522487092647	1.5223640696867773	-1.236494939457927	1.0377217034887851	0.08244757183696937	0.17508188378763503	-0.08475693955973712	0.8524284304539665	-0.6572257018537365	-0.0902867053061391	0.008688538411503443	-0.506819273871676	0.9251846921836336	0.9355784309658517	-0.8124496748914534	0.1439970668660826	0.5107001165521569	0.0676425269253704	0.39557764689171077	-0.00795529535906351	-1.0265538142466546	-0.8721041839177467	-0.4205977742752369	-0.20794452880921657	-0.32301094462217134	-1.2274687901718493	0.21681477542799318	0.3542174011422894	0.2874121997003094
Br5165	-0.0117129	-0.0033684	-0.00690681	-0.000812129	-0.00188007	7.9	0.0404241476411674	0.979571	1.0	1.0	0.0	0.0	-0.4647403072619776	-0.9985937777622109	-0.1590234044043734	0.563435128055573	-0.6057069512062013	0.4499903018934837	0.25162787638110673	-1.2032379562220152	-0.24573007478553519	0.10468364367189291	0.7634020987256611	0.0903919086933645	0.07242092450151642	0.006545328028143895	-0.24766675779446698	-0.6052557371473628	-0.1492389988606708	-0.6512198722971085	0.533213403785209	1.5724498720917224	-0.15242073601354586	-0.8338713100970353	-1.6317746176792023	-0.9608735223960599	-0.10496886884677867	0.025594649068414816	-0.3403719141280996	0.41992748416080555	-0.6067337180531669	0.0007550752124543261
Br5168	-0.012923	-0.00368234	0.00222033	-0.00203288	-0.00240709	6.6	0.0425311659108114	0.979415	1.0	1.0	0.0	0.0	-1.6872213508406222	0.9153959743398584	0.6305937840805854	-1.6570108058807504	0.7843432620372568	0.17227430597649152	-0.2998602814667702	1.4263246511408292	1.2012246782033196	-1.3586131447556113	1.057178670305352	-0.3984369513167631	0.30744114018122104	0.21543162606766006	-0.391550800444539	-1.4945680216565211	0.8784822446533673	-0.11966720752156375	0.5729002374956377	0.22331994045347742	-0.5480492860109301	1.1847368983928572	-0.5101234137782902	-0.44293212600642473	2.0502385738700393	0.6640930512114409	-0.3195796216074342	-0.7955356793033241	0.5122851039186282	-0.4966468122568089
Br5182	-0.0131355	-0.00506145	-0.00368318	-0.00328591	-0.000157854	9.4	0.0357457337312787	0.974966	1.0	1.0	0.0	0.0	-1.0500512932722663	-0.3520181439794247	-2.329044630142117	-0.10267002212975095	-0.05263591496888376	-0.9086392538083571	-0.43841042445873313	0.3415977910361444	0.9781356143431188	0.42081943234614894	1.6467345517433067	-1.1395309175967447	-0.45647542911640193	0.654433015467565	1.3426103275414853	-0.26195995327181987	-0.25338096158444745	-0.4309861665086083	1.1185237589587558	-0.12278609855244417	-0.17472695112247097	0.10293984685115345	-0.5662538356262539	1.8948516192271994	0.27850641055444836	-1.3037644596167874	-0.5809072390737164	-0.12788219732097053	1.0636000236315672	0.3846856991746545
Br5190	-0.00949742	0.00114636	0.0349535	-0.00464925	-0.0109884	7.7	0.0241628087789538	0.979745	1.0	1.0	0.0	0.0	-2.114679994414312	1.1895979240504624	-0.3110586497740519	0.8493267419946313	1.0028182584411893	1.0329227700887489	0.4625462871636715	1.1574497748790276	1.723181600662754	-0.5937280336544908	-0.26676886502819	-1.9376142533736664	0.7058440475950544	0.37190070935976854	0.23966702877948506	-0.46187970833680786	0.1941048459323362	1.2512490081532106	0.7552897427175992	-0.27049474582517047	1.107899292363875	-0.19744052345359317	-1.4879014779429722	0.984059649918125	0.2986881683950621	0.8285309497523655	-0.3693650045399085	0.19094043272481373	-1.0186214502556212	-0.10265892096557895
Br5200	-0.0119368	-0.00453955	-0.0034422	0.000186568	0.00295797	7.1	0.0304354582789736	0.973651	1.0	1.0	0.0	0.0	1.5770376922626974	0.3960570716815262	0.3867073409048822	-0.31264675071175796	0.7718700543372855	-1.3915684150040428	0.6090569714034938	-0.9423790126784438	0.2114717788123256	-1.5601887500693763	-0.764958235925368	0.724974487303246	-0.5436928990113765	0.6486529263173907	-0.6833083360507062	-0.9809738492935762	-0.2843278311173097	1.317654878391619	0.6821971649012163	0.3919377835658898	-0.20470788752089517	-0.48352534888099424	1.105835055009349	0.7459632002410199	-0.18180030833633265	1.4319864580709525	1.003153916777913	0.1532044147586186	-0.4095264965833413	-0.3287750713927506
Br5205	-0.0100521	-0.00349591	0.0131658	-0.0054959	-0.00843258	7.6	0.0304036873433883	0.976297	1.0	1.0	0.0	0.0	0.38623118517126953	0.4545861137593104	-0.8593623592338769	0.6587796069001494	0.560093223007235	0.44146931726321526	0.8413092519914984	-0.43676058391458805	0.545982195986503	-0.2286828761960584	-1.2252796223865405	0.3494910216338892	-0.8263379686056552	0.4020211418374064	0.7864329089837673	-0.26028397982050394	0.6935157138935515	-0.6700412645010133	0.009097676504938711	-0.9099892533769673	-0.20684058286195045	0.2877565218827186	-0.37566818963598514	0.37049883951210066	0.12822172296084697	-0.22244973404425103	0.05243784235032836	0.36072981821644506	-0.7616679876240173	0.5089803875729358
Br5207	-0.0106919	-0.00171778	0.018778	-0.000899814	-0.0064385	7.4	0.042587069739812	0.973608	1.0	1.0	0.0	0.0	0.06855948752664456	0.5065856211433923	-0.1160525406908134	2.0495920900965596	-0.557131573217849	0.13217414418016316	0.8067595070554898	0.11162866256972487	0.6137709523627858	-0.2305564613395394	-0.5603960396170343	0.8332277405597701	0.1124656293607961	-0.42228400232362023	-0.3923309556551664	-0.9721294987470833	-0.09593628230354294	0.8563473021234673	1.0757743745240655	0.3410553085971298	-0.5930327393873864	0.32049656108841124	-0.41897615831500573	-0.9755391665155894	-0.5890938626603863	-0.31110138010173005	0.15016222034643936	1.1265527297812221	-0.012531630480633391	-0.036421986725720244
Br5212	-0.0130922	-0.00405189	0.000333573	-0.00297521	-0.00197118	8.2	0.0183590854680534	0.9768	1.0	1.0	0.0	0.0	1.0722720433435675	-0.4286652580789337	0.48882213705288696	-0.4401671167713768	0.45332608123198886	0.5409396118016949	0.3010263036324271	0.54278888463397	0.9625770571195654	0.6386475526772092	0.32377941441804536	-0.3930844839932525	-1.2060593392379302	0.03668606604854255	1.1278901267919137	-0.21837873129456978	-0.36555159213607924	0.49461384167103006	1.1791143695742077	0.7808474073663374	-1.6229435000538603	0.5021029343765729	0.8116281102930941	-1.1628155514853529	0.0926372064965625	0.2445766928169045	-0.6263361837995208	0.19346655714297906	0.6386596232712008	-0.2530944598553361
Br5228	-0.0123685	-0.00511712	-0.00105022	-0.00071676	-0.000671742	7.8	0.0275839830196356	0.96406	0.0	1.0	0.0	0.0	0.022765242228148047	0.890320067683859	0.5726720267001637	0.011137752959345834	0.45992973575835444	0.3029121575665605	-0.08379729703700885	-2.060476327193118	0.09409663276892764	0.09059367628318901	-0.7285040238144452	-0.21628996790826452	-0.5936735730821451	0.4714693160999594	0.6857736506493143	0.20166166430249538	1.0658850964956472	-0.18617861146924292	-0.30764542652208626	0.5678643426097351	-0.2713345463945052	-0.9890549727249025	0.1521803919112305	0.604897432004674	-0.3767748376163885	0.18884722144394916	-0.05458732195159493	-0.1564753259920245	-0.06008510116467473	0.19707007817239988
Br5232	0.0334969	0.000449947	-0.00076917	0.00142888	0.00068031	7.0	0.0353774464822659	0.976434	0.0	1.0	0.0	0.0	-0.9961267872526997	1.1464248205493481	2.2293583786532922	-3.4181931259103395	-2.224973028238166	-1.7607413682964084	-0.7868847914143919	2.3605461524629185	-0.21599430362228247	-0.9770083374160086	2.97858231697505	-1.45158261372191	-5.628250743211845	-2.5991165290494394	0.09613130886520373	0.1773547428445581	1.5741281717784645	2.4342686054018734	-0.7095056374830789	0.29192526568269095	0.46369034089406935	3.408134568455424	0.24669046932238411	-0.8904033408114634	1.346521236820066	0.5265617716357711	1.1232358094970094	0.442402144161714	0.5302433841225492	-0.2489071078246456
Br5235	-0.0106259	-0.00352999	0.0102683	-0.00489391	-0.00473598	7.8	0.029640209514617	0.977119	1.0	1.0	0.0	0.0	-1.5613641952235684	-0.08260437867906453	-1.1485171913574264	0.4390584764102502	0.46341453528997	0.3060735285418417	-0.3451493565445551	0.5221691807171279	0.744040595331321	0.5772391463345813	-1.5282729780285762	1.2461252313752467	-0.2173193390292773	0.6756593387981612	-0.7997839216885648	-0.48808294046904716	-0.36456886265585936	0.38295533997218506	0.1363182775090926	0.17917677462218282	0.2023115484617695	0.44502584869383127	-0.3090296891711414	-0.9520555719561192	0.15216725107147686	0.8622381344684518	0.5137105544875005	-0.8021175746612553	-1.3369348691236749	0.44428904256730045
Br5237	-0.0127179	-0.00534651	-0.00640074	-0.00359569	0.00442139	7.8	0.0087243419019828	0.970059	1.0	1.0	0.0	0.0	-0.7740792633239787	0.2653619838843932	-1.2339016199425412	0.36421314110394687	0.4387483516001689	0.988364858972145	0.8304930022242887	-0.4872710581064406	-0.09167798296917715	-0.2317696551226301	0.029906408419389408	-1.0860546341164707	-0.8620986214480634	0.8412777724629081	0.4648502165056945	0.17122979427227045	-0.7449132624633811	0.006497682279861054	0.3249804869249262	0.8003999835208582	-0.5930549730911426	-0.9284253730517587	-1.0735659502582002	-1.4186667661221226	-0.7062700814820468	0.5300329115871014	0.2769344491324274	0.9579770402142052	-2.2794074292249835	0.1394769464027214
Br5239	-0.0132803	-0.0052969	-0.0119669	-0.00238411	0.00226424	7.2	0.0262665842783497	0.974606	0.0	1.0	0.0	0.0	-1.1717102567880973	2.682565987101455	-0.5246154797701147	-0.031617309729195145	-0.39864308953201755	1.1360490697576375	-0.29575472484452475	-0.7484488049604748	0.19620472406385359	-0.9615544512398612	0.13554883436857143	-0.6594040891577629	0.5624162143784146	0.28459012939960593	0.6991198002484854	-0.6602692494510779	1.252938592140754	0.20549394711439173	0.2851187145095262	0.4062387346589473	-0.09342100939399031	-0.3172537458378638	-1.337796504331374	0.2220633272223538	-0.16612319942654896	0.9931373222393638	-1.5568183301575855	0.40473260679561773	-1.5005607259142955	-0.8506948028923186
Br5243	-0.0127368	-0.00684206	-0.00602788	0.000131489	-0.000556004	8.2	0.0342493995329608	0.979158	1.0	1.0	0.0	0.0	-0.5424065349044508	-1.2116630785637017	-1.2554707388810034	-0.4282264901411125	-1.6399617658988035	-0.44257701989623544	1.1239852603230736	-1.3162008305398012	0.4494715432526734	-1.4085577577975976	0.5339078831171141	1.4113489543244713	-0.3709453296341105	0.153512048705363	0.23991913597644207	-0.1882368973831562	0.05176017906141773	0.5869392113606277	0.31543240876382916	0.09211415977598221	-0.5300232107453026	0.9490183544205845	-1.1647947461749881	-0.4948919776741821	-0.11800192669716189	0.15571028454091582	0.469651289646253	0.29927895895079604	-1.201946376500505	-0.24088600735428384
Br5250	-0.012401	-0.00361989	0.00235847	-0.00202341	0.00255235	8.3	0.0180648649684316	0.97395	1.0	1.0	0.0	0.0	-0.1414490306998412	0.12992612963508787	0.7279693516159832	0.4038154507638422	-0.8909343652315317	-1.2496326884382274	1.3784432190105242	-1.1494545075199207	1.3514639615158446	-1.839920480202616	-0.5394826607230018	1.0795963448730985	0.32860814252789095	-0.10115170157003732	1.1731325936566634	-0.5304520610211416	0.14994585952770592	0.006259662913982707	0.5000499155821424	-0.32508074347230453	-0.44880370594074787	-0.4733464131061932	1.0828400634716449	1.123613952604641	0.541631395836995	0.3999744560630164	0.47368556970124864	1.396237446340663	0.18896471542891766	-0.9371766124719711
Br5253	0.0442912	-0.00337483	0.00104967	0.00518977	-0.00263441	8.2	0.0150468876558238	0.972277	1.0	1.0	0.0	0.0	-1.0720479872363484	-1.3059984820711454	0.9357658153443261	-0.015015145638135842	-0.5175612986810183	0.7101787489720677	1.408472133948256	-2.2158556436722323	0.2162447244863499	-0.4557669257420148	-0.902547286476528	0.8597298201145949	-0.20583826371263433	-0.23519234631493433	-0.48415737402577574	-1.8503874416960369	0.5311075481729869	0.04127628706131018	0.6958001805678903	0.07892715447760477	-0.7632965134200564	0.7887892438437939	1.273303873386582	1.5823819517292934	0.17006810611546325	0.0356613809358366	-0.5095317916096348	-0.7611383155599311	0.2892783305783317	-2.0068803309675904
Br5259	0.0108021	-0.00489694	-0.00295791	-0.00723182	-0.00242014	8.1	0.0243673613463913	0.975175	1.0	1.0	0.0	0.0	0.752906367298197	0.3179456762685755	-1.4705160909609607	-1.0793538572743264	-0.1382761534521619	0.8828057798802187	-0.0406944551362408	-0.5337368602907011	0.6434499655464979	0.10095332159158746	-0.3290859261058002	-0.24369574477609876	-0.5764698224935073	1.0017691976975704	1.355840158846317	-0.1778382342397298	1.1223064978666089	-0.07900303781841715	0.5731138749574769	-0.2253719509161357	-0.19395582454296098	-0.13213487131241625	0.7453510277718962	0.15923099924901857	-0.5556455548991331	-0.05475663959169648	1.1377921386485803	-0.3474715898882797	-0.9495234301283224	-0.6673687719849472
Br5262	-0.0128446	-0.00470309	-0.00146039	-0.000228065	0.000746362	8.1	0.013198532376372	0.975859	1.0	1.0	0.0	0.0	0.8095947161250548	-1.290581036602229	1.069788740302991	0.053982357082732496	0.26344107691451885	0.39100491441093005	0.48999653179682817	0.3355650751474358	1.1676483908609891	-0.4640218712259643	0.6295154047205513	-1.6501449409999382	0.1648895435107024	-0.5823580624978746	0.962033346256092	-0.6819456528222383	0.1088841702270005	0.13433571294211286	0.28571500227523317	1.248236672668523	-0.9567765956057639	0.5806789963297996	-0.3852229133046633	-0.16822355822490861	0.33667012771341964	0.3408183295877478	-0.5729864910077427	0.6134617462605585	0.5861779516043367	-0.3589558382999134
Br5264	0.0344608	-0.00533902	-0.00114402	-0.000871824	0.00109756	8.1	0.0284853628760269	0.971439	0.0	1.0	0.0	0.0	-0.24331699556607625	-0.28365728087325	-0.6450374388762136	0.8457624652454148	-0.2588010505846107	0.40846492429901415	-1.2421282915925362	0.09904774621085162	0.880604386417347	1.7689400634802883	0.11950500832820557	-0.18506194412750163	-0.7231927490102285	1.5443208071117869	1.2144460653214981	0.3743993296533241	0.3387598755673567	-1.0578426312551683	-0.6688034169443845	-0.03030847999995149	-0.7531332140653346	0.5517253015711743	-0.3811698622342	1.1256599581844724	-1.3491297726445877	0.11410614712159838	1.4343380766125422	0.7894629458538573	0.600268125753447	0.4048721388773299
Br5276	-0.0127244	-0.00504547	-0.00844834	-0.00343173	0.00452554	6.8	0.0280797686219931	0.975767	1.0	1.0	0.0	0.0	-2.364690605736274	-0.6366405738275766	0.29014313953222926	0.367107112198532	0.24015295678007478	-0.16153236667292584	1.683320314269614	1.4869838048034243	0.2424360858156975	-0.13579199218148247	-0.08642441481833187	0.13341157062448175	0.7320201837537244	-0.49707688570465247	1.0406697076764015	1.7700918408568969	-0.04487770865981934	0.17015007079406372	0.04518667882461891	-0.8988808131382674	-1.2245354111202136	0.6168823598905865	-0.04357152265423894	0.5371094410685479	1.8060880551972172	0.12848853360669876	0.8611758129589511	-0.9104181049322173	-0.8812114738780861	-0.32532763933001274
Br5280	-0.0132402	-0.00419951	-0.00325825	-0.000231156	0.0041715	8.3	0.0255005781201618	0.974722	0.0	1.0	0.0	0.0	0.14307287315381761	-0.2574573595021175	1.7965103194884064	1.9283340818819996	-0.47156262167343216	-0.10767522378409461	0.06129137510381778	0.23883661403109657	0.7605730158123936	-0.3005146556656422	-0.4761405487881938	-0.33836504626859176	0.33206270091564405	-1.4251353427771087	0.3781646206647728	-0.570256779763886	0.2142697644681856	-0.11265643073913816	0.43034716050690475	1.2160920582080537	-0.20446836084156675	0.12789066181408262	0.7667068156460469	0.628456812182943	-0.3877013662366731	0.05834551734990647	1.3267843821429268	0.2013995886579675	0.016361841530882743	-0.35066824186389295
Br5286	0.0461496	-0.00611578	-0.000362237	-0.00300164	-0.00345776	7.4	0.0242183899271465	0.971472	0.0	1.0	0.0	0.0	-1.3681254571465786	-0.15618505662856433	-1.3894218713887665	0.05950220685012895	0.8412120574745586	0.07245979034880212	-0.15543110670510676	-0.26936103093957603	-0.2610822791433861	0.44388158851364945	-0.6071159529054787	0.8665944419923549	-0.4173254540286142	1.0480853955972225	0.7587764948356382	0.1583593843320247	-0.8398868556232099	-2.40726182367161	1.1484184026964532	-0.8169006876177447	0.37732187467920353	-0.4207901723926603	0.5462225899081472	1.1886553880839172	0.7349622748142292	-1.128905054973367	0.5757455310316743	-0.4470493130678493	-0.10295586387687324	-0.28612726459957794
Br5287	-0.012181	-0.00359209	-0.0047932	-0.00559485	-0.00111026	8.3	0.0462152290729175	0.975554	1.0	1.0	0.0	0.0	0.14236259131157286	0.8016617549105945	-0.5658126895563322	0.7591864716404363	-0.2961563840598156	-1.174169161890247	-0.21229595820179806	0.160347892521173	1.3478949191436758	-0.14173451523969294	-0.5289859896296498	0.05142507941691137	-0.4150931615586122	-0.25127763430336875	-0.7086002307023851	0.40457024161950994	-0.24617894065668516	1.1185554842939007	0.44804734216918185	0.6867211418409107	0.435185085296154	0.1749620658740922	-0.290627996311807	-1.189630770368673	-0.14115221505996206	-0.5010316200740259	0.08854208741682802	-0.30272102915755134	-1.0110307554860272	0.2201654243142429
Br5292	-0.0129566	-0.00486817	-0.00052273	-0.00628136	0.00205462	8.0	0.0287135724772642	0.978002	1.0	1.0	0.0	0.0	0.3720801962819782	-0.2624243621228504	-0.9758265470045716	0.9924214108264082	-0.2990810656425324	-0.5972851749111504	-0.8637283672459806	0.4567102061930108	0.8046360258883728	1.3808004175908335	0.007777156153135143	1.5416206807951396	0.06807484152667861	-0.5671799391279805	-0.20947963440245226	-0.9253567249981915	0.33175180976246726	-0.49203042476062164	0.7613904677778539	0.36604928314156604	-0.7380220358589569	0.47053973134668237	0.2387117174126599	0.3275762413380927	-0.6540243540161998	0.7506867342509156	1.3652016807722795	-0.214227458394525	-0.6023032748539584	0.08222533549118187
Br5310	-0.0128292	-0.0042269	-0.00473569	-0.00133043	0.0004643	6.5	0.0316041013954114	0.974717	1.0	1.0	0.0	0.0	-0.9692954252233322	-0.9462772029648797	-0.8467699465883367	-0.2882314958547621	1.4929942670250504	-0.12120829175419914	1.4542557871120476	0.20944609597982863	1.6590891203357847	-0.33222439471236787	-2.011855506208282	-0.4972448836937984	-0.20188597258655555	1.1441540893831341	-1.1480183784302591	-0.47386248459783376	-0.17270866687317887	-0.7342862425389157	-1.0310429878442866	0.717212518132064	-0.05801375040240312	-1.278955711981976	0.7727533504527667	-0.1198789603020861	-0.20711119607753753	0.4086197611888362	-0.625865084893826	-0.46354090165352735	-0.558400920094702	-1.166588740221639
Br5314	-0.0125597	-0.00591028	-0.00621456	-0.00319664	-0.000592456	7.9	0.0224638411273922	0.974091	0.0	1.0	0.0	0.0	0.17869677708519627	-1.4183548255866727	0.8017181781782888	0.9615724534862009	0.2664651579120784	-0.5869641238311083	-0.6106051269947003	0.31463113983283	-0.25759524457424904	-1.1475833100843678	-1.9157603128933898	0.3460476998885395	0.9508122606656587	-0.23334539463580156	0.7150290834871867	-0.8784677200412943	-0.06738284375965058	-0.1695389340043753	-0.5097741389626748	0.8653244180598423	2.464081581204544	-0.5227910313641219	0.35709377487004856	0.12684898821544818	-0.5739987689028532	1.1228525233033029	0.5055682271462758	-0.5846688361494646	1.0349801104007026	-1.3332378058937628
Br5323	0.0347485	-0.00560765	0.00111757	-0.00150308	-0.00208043	7.9	0.0231599471383309	0.971621	1.0	1.0	0.0	0.0	-0.013093222081013775	1.4453510949786146	-0.31709976487744834	0.21797311778009515	0.19796303059946493	0.24501732625475706	-0.602879848368322	-0.9158175462944911	-0.05401119425673473	0.6716960891684083	-0.5208086848181589	-0.15372756594065026	-0.6714795235146461	-0.31387618073594925	0.3320718073566504	0.3307695912551054	0.6761761131681955	-1.1411340348176597	0.027603604684541677	0.32792736584681165	-0.17357402143006984	-0.5968953049525018	-0.043202528104318835	1.3687215735071365	0.0577399846003448	-0.5867651902964177	-0.4953789781924442	0.25317418855606183	0.5055919325543503	-0.7533356785509753
Br5324	-0.0127458	-0.00496229	-0.00203518	0.000302493	-0.000361715	8.2	0.0374766996072956	0.975742	1.0	1.0	0.0	0.0	0.6870266435427529	-0.6192290398060958	-0.2409253868119107	-0.48731680161736296	0.2775562226083221	0.46390067331517126	0.8505321536446411	-0.42385793186114823	1.0760178883077898	-0.16428524223572563	0.3964198968972574	-2.1091695836285362	0.5040809721447856	-0.9730625681164874	0.1812758041682592	0.3827502886329024	0.6725675763557204	-0.5527530153951142	-0.7951568576771068	-0.026315050221601806	0.5091822446280576	0.12519257287128135	0.6874123746788404	0.303141879334291	0.841447744052753	-1.0884590296824705	-0.013263358255903938	0.677908623298069	0.2350076990181679	-0.9558508156099076
Br5330	0.0320796	-0.0028907	0.00345106	0.000552257	-0.00156795	8.0	0.0325152069909777	0.963716	1.0	1.0	0.0	0.0	-1.276569849762379	-0.48504203068934587	-1.1432357738918226	0.26460515644548654	-0.5777712247365613	0.7634301066812347	-0.33029588928304404	0.6457480268635891	0.2468576411509281	-0.4156397525169147	-0.8617936943703337	-0.19499853122020383	0.08816893095984289	-0.05529778283333922	-0.5088491402003987	-0.7495015527092426	-0.10277093301989368	0.6622781364252471	-0.22179094954996434	0.03860190297025736	0.479119964461675	0.36922160395422354	0.230986723865323	-0.7073755524360475	-0.9285754354705398	-1.2184454875155277	-0.1609867210042705	-0.09411001416808737	-0.7213467688146442	0.17630480885047337
Br5338	0.0318818	-0.00383615	-0.000531373	-0.00217902	-0.00339843	7.5	0.0299006076406945	0.975223	1.0	1.0	0.0	0.0	-1.3232934727836716	0.3810550732330424	-1.1998406739172727	0.5482893880925761	0.47859983251766985	-0.5331523843823119	-0.9224141674014139	-1.34472937296159	-1.065895466822151	1.172324920644829	-0.9829844938506632	1.7162381049111908	-1.3731356147933949	-0.5075686705827938	0.32889133719637503	0.9309992647600068	-0.4436628060869664	-0.6565002464077718	0.3443003351957525	0.07078354125244393	0.7104526469653254	-0.7001547378390037	-0.8905876879328252	-0.9731173398117636	1.0357705619772932	-1.1529659871490399	-0.28570749523400507	-0.7674541447911593	-0.03729835400352437	-0.28314051306713617
Br5347	-0.0120209	-0.00297237	-0.00190202	-0.00353929	0.00238545	7.8	0.0317204109836582	0.972846	0.0	1.0	0.0	0.0	0.5887520699055977	0.6979660864550997	-1.1109216666944162	-1.2158703594508669	1.6552424688745486	-0.3945623903470334	1.1711572862490078	-1.2911734393732106	-0.352163676877271	-0.4975463126429226	0.09459138080380317	0.25655286440992237	-0.6550154471293079	1.2096135903004557	-0.012050489103766085	-0.47981996633638285	2.1014634229591502	0.1330426687344972	-0.7091337824073528	-0.2184950920954064	-0.47435375133376934	-0.4034911269041785	0.17021225021066685	0.16149994116028832	-0.6296115328206949	-0.580758902973336	-0.19220387747307463	-0.0449808767580426	-0.3118819541999149	-0.12234377469726959
Br5348	-0.0123667	-0.00601314	0.000672574	-0.00588324	0.00106393	8.2	0.0204043086163834	0.976014	1.0	1.0	0.0	0.0	-0.8735528083343976	0.8636492769428458	-0.9914994106782743	0.5711256214463247	-0.8053215119996503	0.38683961094282915	-0.5042764069003863	-0.7570612838238652	-0.3366916091514102	0.22828486408026133	-0.9382881932649317	0.06852367403775361	-0.5501215317346675	-0.3306472374981661	-0.5552000831696408	0.1388019182876364	-0.0750434592227162	0.9154264310233008	-0.11903011054259037	1.036035050163599	0.6251398738982338	-0.028693625994469528	-0.20389950540256302	-0.8149284492017295	-0.41876395026490193	-0.4097937814560975	0.10180123148344136	-0.12235620222700583	-0.8793949004612385	0.5466873821083699
Br5367	-0.0124562	-0.0040505	0.00178044	0.00205489	-0.000670872	7.4	0.0174923085939156	0.975441	0.0	1.0	0.0	0.0	-0.44783084663842215	-0.6440233113012097	-0.5195835944847933	0.2881085775717898	1.4326214396667794	0.21469769691492602	-0.2047511384271569	0.47034357469230337	0.030838723481946675	1.0835977362539693	-1.278795261242132	1.18133227396275	-0.09994173830207038	0.21213596531031212	0.270552657306976	0.07902294085043378	-0.17538512361445124	0.24361691237603936	-1.5164209731964753	-0.4277485741598875	-0.5925977208234363	0.47497581149617696	-0.14513598169083197	-1.9745941919580308	-1.1636894352495664	0.3489537359430707	-0.9135150482414047	0.609812788266995	0.23600387589448818	-0.6380581021213501
Br5370	0.034548	-0.00487359	0.00125448	-0.00239174	-0.00787675	7.6	0.0242595419235261	0.978535	0.0	1.0	0.0	0.0	-1.3408212525020207	0.15361226557911878	0.755317023948914	0.6497988453359088	1.0270992641332268	0.47678398398029115	-0.5340726522340031	0.14295437029859717	-0.1622232334422441	0.9749689370558824	-2.33689652306662	1.589881339787812	-0.5777340205302492	1.1229066110635924	-1.0458920803696663	0.2744304944870444	0.00041089654350518845	0.48188970007768916	-0.7164411125623533	0.4554338840194812	-0.6414330255141432	-0.38974854958502814	-0.5920513377484415	0.6418130838078787	0.029013486108601626	-0.1901723761313028	-0.24136432056907015	-0.1464274156319378	-0.3380651392564373	-0.252411827361317
Br5401	-0.0127546	-0.0027244	-0.00124508	-0.00214265	0.00561474	7.6	0.0260404822263535	0.979287	1.0	1.0	0.0	0.0	-0.9047970346878912	-0.9875755428058127	-1.1215208543789736	-0.9558477266319281	0.031998394908351394	0.2043559406531175	0.40187181840328595	1.1690117666382716	-0.12018248741413703	-1.733287525822316	0.16645500241194616	0.4324670518410888	-0.3820099803183577	1.7603998045230542	-1.6982192522236204	-0.41899640196197724	1.1135487576359426	-0.7033143939362276	-0.9649108255226769	-0.00851653458263895	0.32234806300742597	-1.3796563211784412	-0.9501111423879144	0.3037911602519091	0.047436586789584435	1.1002334251506247	1.001316263389318	1.058328479695124	-0.2303348952995739	0.7660923958954109
Br5422	-0.0131466	-0.00544847	-0.00360711	-0.00316201	-0.000195035	8.0	0.0240562084609142	0.965787	1.0	1.0	0.0	0.0	-0.322971412866904	-0.8190831570472277	-0.8659432646001397	-2.050607257769437	-0.4161475650726136	0.9140414198479794	-0.8956605961651954	-0.6605107459634731	-0.9969957924014171	0.020188402304411688	-0.4416481530640229	0.2889956072766658	-0.592015764106668	0.29117134410675677	-0.27397842738368755	-0.5492810905376269	-0.6468624924883197	-0.6903475387573716	-0.6765471605686046	1.324625218950042	0.4649230126561128	-0.7506367518372022	0.9026013091407442	0.1362675454905462	-0.6043852330407931	0.2495478936207849	0.45512447517382765	-1.1806195698322084	1.0005784170216927	-0.6024813523282713
Br5426	0.0374111	-0.00517562	0.00216561	-0.000997624	0.00116632	7.5	0.0257232869293334	0.974298	0.0	1.0	0.0	0.0	0.014645351797943478	-0.268411735564403	-1.7064498010828402	-0.5687465361304451	1.1977574191412992	-0.8503046477114116	-0.33059796425623317	-0.50981746581	0.09758674745399691	-0.19836118013668338	-0.7596435720396235	-0.2195047818017244	-0.8532677155351142	1.1619367253876463	0.9998141713476748	0.582632431296498	1.0657012024968415	-0.21228476472938113	-1.553618305497778	-0.9088909663315348	1.2607862968903287	-0.5054413748907148	0.21827612844895242	0.5859132389146963	-1.3722209555056322	-1.4818659748982936	-0.10623961387029264	-0.6779469597914393	0.3407398553515448	-0.4929457567527322
Br5551	-0.00905774	0.00238369	0.0261505	-0.002444	-0.00813078	6.6	0.0118832907689461	0.971973	1.0	1.0	0.0	0.0	-0.3574247608074805	0.744151713576207	1.321265011802595	-1.3757835899574962	-1.5481624682877195	-1.4444726705838706	-0.0572578700128053	2.2994450985927277	1.3445143007687723	1.1214058633273978	-0.5503806978953139	1.2489329618833251	1.974440780366633	0.26622090887313615	0.5337657536503384	0.6538178608590556	0.6433792541141733	-0.9600898770635679	0.20459063603993613	0.9127972793352093	2.3343802900197668	-1.6334584677117332	0.7006159149970884	-1.0923991861496771	0.8971336547138896	-1.2017986271165126	2.0551421173319175	0.05545786415845683	1.1889890715211815	2.8736432486305707
Br5584	-0.0129723	-0.00475002	2.19734e-05	-0.00346986	0.00118685	8.2	0.0104514961129478	0.962683	1.0	1.0	0.0	0.0	-0.05684929576376352	0.9949639069072628	-0.09306666681044604	0.7410626875406123	0.30837605041641886	-0.44344842406051155	-0.03022699148097852	0.12807263744316721	1.2351047396792474	-0.30263630734598557	0.4386456478697577	-0.599867533641767	0.19832454640782574	0.23869582647207746	-0.14644315527142795	-0.3700592151442254	-0.767308245535906	-0.11187728182763193	-0.12399893090995079	0.8294670727040768	-1.0603694460864812	0.2533806960028976	-0.3513151434025058	-1.087195332285768	0.46742022752273554	-0.10802933849544162	0.43600483378685206	0.8832073954607143	-0.5972322936836921	-0.038191951450289814
Br2083	-0.0125687	-0.00213827	-0.0028524	-0.000745127	0.00114363	8.5	0.0232836202706103	0.971218	0.0	0.0	0.0	0.0	0.6474697080593728	-0.17426034828508713	0.40769372027576445	0.04820149762088845	-0.5898664895980069	-0.6404314081185799	0.9306772652614366	-0.20894371369184678	0.6659756950486212	-0.33821556072824704	1.047716391329896	-0.583834218035693	0.43039097558536316	-1.824156716552999	0.06936242538498345	-0.18292347454507285	-1.1880185207887737	1.0066675274651482	1.8595547251665252	0.9653358043486312	1.1630178013597487	-0.43324531176350545	-0.6191904561620534	2.4459308163632	1.0670822741351196	1.0266669660926453	-0.07959306695634716	-0.3557643702492941	1.240238124974691	1.4194921501671354
Br5242	-0.0131113	-0.00541224	-0.00128819	-0.00240283	-0.000680688	7.9	0.0161295968451454	0.977577	1.0	1.0	0.0	0.0	0.437381710742905	1.9481273214866592	-1.631357301891645	0.10687699657163766	-0.25648945617469376	-0.02628509881043564	0.3700393942771094	1.4322546777110856	-1.4443323009654245	-0.8333126286589448	-0.8793133440611051	-0.3620436942634918	-0.7498475250068264	0.4200826012251185	0.5551704345803194	0.5285957108315632	0.3594453081454978	-0.06412223775757733	-1.282155534791613	-0.4811345896351634	-0.1873694618900258	-0.28072170028879223	-0.9958293949506972	0.12637364561061146	0.24389711985852502	2.202009666233131	0.542736157238355	1.7004755672484007	0.1883634357684351	0.8537876291472944
Br5417	0.0247796	-0.00446722	-0.000132562	-0.000309076	-0.0056951	7.3	0.0251330309208476	0.973578	0.0	1.0	0.0	0.0	-1.2948115779878941	-0.4412416664454684	0.2349714803845882	-1.7436039118759117	-0.036454088676529	1.0099272218359097	3.13086133381294	2.730847742253284	-1.0213496213810018	0.8695123394641127	-0.5020417919455691	0.24764580425774374	-3.3282881650125136	-2.388052804191042	-2.5668624609306945	0.14241845388926946	0.36771153869008827	-1.7291562895921566	1.3371068229767988	-0.5825269692897965	-0.6157161097695911	0.24312516396541906	0.9015986878817768	-0.40364269062095137	1.4117168150164154	0.08160864453266053	2.5348389758379315	1.043183730001205	-0.8752267616192532	-0.057095550922333614
Br5460	0.0363039	-0.00451715	0.00103255	-0.00139885	-0.000416458	8.1	0.0268157508431184	0.973413	1.0	1.0	0.0	0.0	0.5024626167274706	-0.9020084726970182	-1.053499522425986	-0.8970586170436048	-0.2359663354321042	0.2434350388871851	-0.2079993099311619	0.482159374571306	-0.35946673691805014	-0.6326344477946416	0.03533723776906942	-1.5663910297922463	1.0082222919180686	-0.3572962841910058	-0.4240471317521788	-0.3151759683249113	1.255450560789668	-0.5541927755523678	-1.3940294847532528	0.9061703953906505	0.3710677701819943	-1.6319063949763324	0.9728316914432947	1.0249177038962853	-1.233846355095898	-1.090578194854585	-0.8241332920005796	0.42878032179193853	1.548103596301378	-1.6474829445453067
Br5488	-0.0131919	-0.00599813	-0.00333954	-0.00339768	0.00374848	8.3	0.0317129517618491	0.976412	1.0	0.0	0.0	1.0	0.8571792820419362	1.2245226599874641	2.2664023527824737	0.017820378110777867	0.659293654697518	0.8513170873763434	-0.3476971109410128	-1.0234184640364032	0.24890432460352505	0.512885546199717	-1.433155669994167	1.2803614019596967	-0.5308645473927229	0.2605116741591267	0.7245816491862483	0.7624963281288011	0.11897363346455465	0.6938068390648412	0.2208044068632166	-0.23780010370051685	-0.21967663515828353	-0.751650438061885	1.297649194431068	0.32537118628277817	-1.5275988999333387	0.10371723197604012	-0.259597012673638	0.3414804743195989	0.9804524808050493	-1.014941727807721
Br5529	0.0379908	-0.00433807	0.000326504	-0.00407604	-0.00868092	6.1	0.0240708339582959	0.974455	0.0	1.0	0.0	0.0	-1.0719957392305635	0.611688572942575	1.694016595684322	-1.1594940276203993	1.1250207130618703	0.09087386664507714	-0.5974331364285123	0.6378707788465292	0.799390721901994	-1.087815290393702	-0.8031079401380389	0.37352056566118946	-0.2519362254890826	-0.6108519806180911	0.1296878780670149	-1.5509851574105382	0.6597999180029948	1.0672235841817324	-0.061495623884591684	0.4647844390224693	0.046170490359374226	-0.28254257960391166	-0.21469644743853147	1.9272599192746362	0.3163796927208342	-0.6439706723117616	1.283148367685314	-0.4629957486603508	1.264866671233838	-1.556594290661526
Br5555	-0.0125482	-0.0030866	-0.00511675	0.000205482	0.00254878	7.2	0.0129887283573772	0.973739	1.0	1.0	0.0	0.0	-0.6947633070632555	-0.7234781629420455	0.5912943711161591	2.3277285603004505	0.805742789513312	-0.1031256060913019	-0.32653359094729545	-0.30676087274236596	0.1253217788439761	2.385016437845043	0.7901561983179223	-1.0698478972433827	-0.38823592036668797	1.6740314183431004	1.739451647465603	1.0968149686677582	-1.1331207284827387	-0.7937914963724424	1.1071234353516308	0.6998824300960487	-1.0645668808495805	0.7109470516205193	0.8794584382183931	-0.4099731198348682	0.016220190557720535	0.9075332693390755	-0.25008005504286035	0.7402056464000031	-0.44318087459984706	-0.2728173245133262
Br5556	-0.0120066	-0.00404459	-0.00600455	-0.00207788	0.00230995	5.5	0.0182263651683166	0.97384	1.0	0.0	0.0	1.0	-0.5717867241344232	2.0704950504471746	1.3556865987902507	-0.48663589296293974	0.42654284102476564	-0.6864323075618677	0.0937145278582392	0.597911465482042	-0.3518011559001259	0.2641935752713241	0.7703234972713344	-1.7068204070181765	0.416618473011222	-0.08313160994336968	3.619479683095602	0.2632213853269886	-1.1557267431513467	2.604520859437174	-1.2595393472857812	-0.23877435559702567	1.4885167261913093	1.1365289610748992	-2.6792721811422986	-0.6040994222077859	-0.15456969477174382	0.8999814137305377	4.843022099213619e-05	-3.091306271452611	1.0664584197883	-0.10917848584718329
Br5590	-0.012853	-0.00340792	0.000959151	-0.0023265	0.000119972	8.1	0.0251443724196436	0.972464	0.0	0.0	0.0	1.0	-0.05496133694086959	-0.33031393992595603	-2.0322497439073635	-0.37870767603777844	-0.31872153855451407	1.5127283339708415	-1.317499413641634	-0.4390861085354046	-1.111527859614007	0.1142273999638381	0.719087662318253	-1.2172170239661142	1.009224629168784	-0.10958371858002705	-0.585549418579494	0.4043874154439877	-0.23768699233913754	0.5651125074742002	-0.2224658771820616	0.7016713270017401	0.3603447852495982	0.8040159479196566	0.26296238309574005	-1.2050792238559938	0.07699305976177324	-0.33772520292323804	0.18282986684204747	-0.3357130116884811	0.7385973680877744	0.7568547330013242
Br1309	0.0413506	-0.0049618	0.00371461	0.00116667	-0.00450435	8.5	0.0301622570371696	0.969018	1.0	0.0	0.0	0.0	0.17690960429632394	0.8036298186664518	0.5141579553703501	-3.5260910156698155e-05	2.185402552989489	-2.3103363340929204	-0.5010241546917519	-1.6899313363762454	1.1456863851522985	-0.5634392597583061	-0.3511265467416599	-0.905529320440112	-0.21113013663522195	0.19462189414357586	-0.843907198563002	-0.1299562500285429	0.6904503525281077	0.3184784704100643	-1.062699407638049	-0.33517597477612354	1.3512355596918864	-0.34131162268105225	0.6673371439248865	-0.49932629891697466	0.07470646601644565	1.5044571859679086	-0.8855413200818041	-0.8387231418141681	-0.8221123849268469	0.7632732981752653
Br1327	-0.0126834	-0.00462644	-0.00365033	-0.0029017	0.000543207	7.4	0.0303041131640447	0.979808	1.0	0.0	0.0	0.0	1.6391816692350925	1.0235290106145496	-0.4667511084814247	-0.24041739913918825	0.9561068064324643	1.1192885527718195	0.37008939620128856	-1.308699025303205	1.2032880816681972	0.5261631890127964	-1.2159511344520202	-1.577078455922462	-0.26148304860844823	0.2837544451095241	-1.207057298325045	1.2684855090454745	0.48067889402305297	0.9960140972060261	-1.003287317357392	-0.6285673669266673	-0.16583395056525746	0.8190316018457072	-0.1183939706553568	-0.521162094857342	0.7636937379639753	0.4537251570792423	-0.44442635336486297	0.6165328988176629	-1.2752175718000864	-0.697586555811006
Br1437	-0.0129212	-0.00390614	-0.00788707	-0.000794841	0.00198831	9.3	0.0339788646696814	0.971982	1.0	0.0	0.0	0.0	-0.854532445443002	-0.2568602041480833	-1.2505363517855828	-0.8326289109894016	-0.7198926245356776	0.7573119791510181	0.18224055315342408	-0.09721176102400385	0.6614177555897667	-1.7948190583653445	0.06997108867408966	0.46146430594603605	0.048008558173886176	0.79386278511845	-1.4954814000365233	-1.335503645084596	0.14426155670571758	-0.9714358277382718	-0.08593969527637609	0.9111166569412295	0.5189367666845223	1.2199105096349272	0.4694065287881542	-1.0087794727652306	-0.5166127825162837	1.8195147719875202	-1.1154362011660077	-1.3513112766768762	0.6933096678824389	0.2976028543356476
Br1511	-0.012893	-0.00544747	-0.000607466	-0.00547183	0.00389147	9.3	0.0211411649027314	0.976686	0.0	0.0	0.0	0.0	-0.9480076273472036	0.8229859133722255	-1.7714129402341432	0.5630319636414214	-0.6628611530087084	-0.21328455863192583	0.18395680349152196	1.0552163860525436	0.9414897024007436	-0.6562552814014668	-0.03144882790700734	-0.09354051397828983	0.305742007157386	1.2943777821703917	0.6256916178696381	-0.4859033616075588	-1.4800644581195705	-0.9585031705495628	0.3920586088217154	-0.16039574412209723	0.22869390529245115	0.26185483036917784	0.3302466250621604	1.1459932436777502	-0.17891090552962646	-0.36682284388769515	1.008192022731539	0.14105936061762508	2.4592887067051104	1.146573869043593
Br1759	0.0254774	-0.00349609	-0.00139961	0.00035375	-0.00563916	6.4	0.0286137946461656	0.978071	1.0	0.0	0.0	0.0	-0.83415451918634	1.0227523363089286	2.053810773114458	-3.2650724258117423	-0.6531331306272846	-0.10570683280159278	0.14848291167736252	0.7316978972854544	2.8051384076031485	-1.3781320185869717	0.6298610148665871	0.6990895280940437	2.2421547971892313	-1.7342087002923146	1.8270928166777245	-2.588098106517156	-1.9751713020244934	-4.522798419326039	-2.9795698733580713	0.4590169685151407	-0.13166754005200357	-0.7654684515157462	1.6588261700648776	0.2508310135883844	-3.068322674165606	0.5201503168667014	2.369553390062408	2.178476379836614	-3.366002587965306	2.19525111054217
Br1921	-0.0129769	-0.00518282	-0.00831824	-0.00327776	-0.00101101	8.8	0.0197005201762129	0.981328	1.0	0.0	0.0	0.0	-2.441885887390003	1.029161025422043	0.34017730586442174	-1.5754206427224415	0.42998424543964336	1.449224362162583	0.255681619250336	-0.5693463331454686	1.2029849420453083	0.2561889404461977	-0.16480989841264304	0.9753300654543852	-0.31815605844937855	-0.8193703972476969	0.2203861516867431	1.828977251578752	1.1203177715140926	-0.3910075940925917	-0.2818540158171223	-0.32396582809378555	-1.0267322488774095	1.1251955278359358	1.1061880939093418	0.23335873444969935	0.5902508442552723	0.22310122050981498	-0.8695910896443828	0.16660412116767898	-0.9560380390318681	0.47049774942879113
Br1947	-0.0131479	-0.00586158	-0.00256177	-0.00328644	0.00275894	7.0	0.0185236887334355	0.972949	0.0	0.0	0.0	0.0	-1.2292663171872076	-1.4136487405683298	0.44385135491365546	-0.22900299488379092	1.5366539621089625	-1.1860864626618866	0.24112916227861028	0.47202660772298677	-0.49019853285756243	-0.9247891124978372	1.4744598791741028	-0.5212175060962995	-1.891057035960724	2.1018185110126466	-2.384442141593335	1.6407886465798156	-3.203767963082089	1.9359800875122577	-0.592700809162626	-0.3949194736586126	1.5223879890830072	-1.76838455000987	1.7100494162610103	1.3202188965980346	-1.165837947821604	-1.4167897023217004	-0.08653582664937506	2.1827277489460783	-1.9145001769958017	-2.116488631164011
Br1984	-0.0128361	-0.00509923	-0.0056641	-0.00151492	0.00101371	8.7	0.0287378684217733	0.966461	1.0	0.0	0.0	0.0	-3.170350578695332	0.6624569074641987	0.1829113395741919	-0.7732799800915436	0.22608640304558733	0.3319239679224986	-1.8634076054829998	0.6256768744091185	-1.8179630718058162	0.29928595373452765	-1.119645771929149	-0.15334199673903526	1.7319809553144552	-0.6873794611231712	0.8006389655194966	2.239370271440913	1.0280642352691804	1.0927103882712101	-0.26224529742868596	1.4821884275904427	-1.166120358006008	0.31552908486091585	0.019302547517738158	-0.0010828041993014154	-0.2934518504592762	-0.01668216083909067	0.22536932193122802	-0.39999715258916163	-1.8543985856408944	0.6390955043954563
Br1992	-0.0124506	-0.00144329	0.00167351	-0.00348716	-0.000654509	9.3	0.0288564932804741	0.969256	1.0	0.0	0.0	0.0	-1.407575618850033	1.3689830106407004	0.4749870562261684	1.4640878245227855	-1.6227668573402878	0.8374930335189501	-1.2406587212898228	0.7499032873424751	0.9133287102840797	0.9880786145211835	5.2381897051168504	0.476068556959793	0.3982083624041758	-0.6026825952907436	-0.1586119682603963	-3.463669647053297	0.7066461713737174	2.7426539923096063	0.8694783664530498	-8.582696387846099	-4.042607929465065	-8.819311397819119	1.260943120572414	-5.929550459327498	0.18675188918643604	1.517972521999667	3.42730680801761	-6.285640151877365	0.3686824130249989	-2.966363803333384
Br2022	-0.0130263	-0.00456022	-0.00516358	-0.00182627	0.00246965	10.0	0.023149541392298	0.976476	1.0	0.0	0.0	0.0	-1.0272606590015205	0.08093551784953387	0.34805490670346645	1.5205658308939138	-0.626304733136066	0.5472833717468832	-0.7252390925747859	0.8159767175930146	0.38233453985497645	-0.25656728172198756	0.06865751295541801	0.18219440794853567	-0.10395308560427659	-0.03335049059527786	0.37531481186135185	-1.8372988953280056	0.7636633953601314	-0.23427961034911987	0.8126004123228846	-0.9514159101695496	1.511570826249702	1.3905675742465191	-1.595864931584001	1.047493770711104	2.6590994977249744	-0.6624207302590754	0.3920938376677206	0.6132154886554709	-0.8918985254169026	0.14940205182123256
Br2269	-0.0121516	-0.0036517	-0.00741005	-0.000286504	0.00303601	8.5	0.0326944246625524	0.976181	1.0	0.0	0.0	0.0	-0.8117584061158711	-0.0538222019125637	0.834645207803673	0.22777810872522156	0.2672524877405257	-2.157873941726244	0.7742262725669089	-1.6713297427056724	-0.782973453148616	-0.6446634489041243	0.7866311513483246	2.060425848727091	0.5869259319645939	0.3090648575582354	0.1300800241344674	0.32260673911703047	-0.308023015054289	-0.5055656756066768	-1.2424312183762858	0.54350545995641	0.10026232898852674	0.7407815922359433	-0.4483580788028164	-0.30973806128074294	0.9588469055637681	-0.78909038650925	-0.9962752041775359	-2.1203708565912853	0.14946401521163943	-0.6230078643012142
Br1414	-0.0132113	-0.00442855	-0.00147574	-0.00209262	-0.000873107	8.2	0.0363825713790228	0.977777	1.0	0.0	0.0	0.0	1.0547065487747258	1.2344351514797416	2.193845478964226	-0.34780118895896406	1.131984239655224	-1.5138666129507128	1.82474387081474	0.7418023694891824	-2.6054910383757526	-0.507270227923288	-1.9227159498170576	-0.2304921437624779	1.9352748154652768	1.2005170250333053	0.05203269604465687	2.3196517209483654	0.38164467310093236	1.0816362484109903	-1.4603086955375346	0.46589992375996475	-1.3726579717184701	-0.6503314273693664	-3.053676684298765	0.20670406587745357	-1.3743115045649883	0.7572159448830995	-0.15536462158199835	0.33931047895852107	-1.0026280351636359	0.9065165065133376
Br1677	-0.0116588	-0.00328841	0.00160461	0.00384712	-0.000182004	7.6	0.0399803373900182	0.97546	1.0	0.0	0.0	0.0	1.3158359833004867	0.7397421726857665	-1.154516033128707	-0.9341020141591744	1.1768345634043569	-2.1186321414974696	0.22963675397722463	0.5520265717130165	-0.9315982121571627	-0.4378564917572818	-0.22548682197040426	0.9451205584525778	-0.7830566338539217	-0.1140594218616245	-0.2916312986578266	1.5207502259058756	0.2291417840471255	-0.2269256345644582	0.5344452506635508	-0.7025093015655209	2.2777702612514146	-0.708324866966559	-0.22489192386211612	-0.38563334761860785	-0.5911606737372387	2.4934667042548533	-1.3147696795499058	1.168905595418595	2.53182156425594	-1.113741866604772
Br1724	-0.0127391	-0.0051091	-0.00297923	-0.0028596	0.00149249	7.5	0.0363282127429381	0.974383	1.0	0.0	0.0	0.0	0.06761775071706597	0.02679525980380444	0.5634784312452735	1.25746090448491	1.0865954290044293	-0.498165342212449	0.12190491455094855	-1.7169602286029921	0.6452088363640817	0.9532576310594691	-0.21092698546390862	-0.41871896648859597	0.6339949837366807	-1.4047321652475344	-0.06747936780040764	-0.7818594982415009	-0.48185885416225477	0.3634951767111174	1.361514135419845	1.013472043877624	0.01869727722571027	0.5504413923952212	0.5361482822208674	0.45183822390191747	1.401013539653539	-1.206429446204349	0.0008303143197741838	1.0653131716918594	-0.016700605314405557	-0.27417660498872654
Br1734	-0.0123119	-0.00432498	0.000547582	-0.00294397	0.00141965	8.1	0.0267323411428082	0.971246	1.0	0.0	0.0	0.0	0.1928303097291422	1.0950327393477732	-0.07958252941856937	-0.3869774421671492	0.47473656149219834	1.6480338853059908	-0.575315978628408	-1.0471288778934842	-0.26693171601903837	1.306154793952861	-0.1865933732628743	-0.4156043415350989	-0.2480091617315724	-0.3238797575108472	0.09610928242584237	0.39091559061878317	-0.5516275095244139	-0.7416017548206509	0.768564427767498	-0.02302116344696387	-0.4326241698990904	0.8681251831695823	1.0962734448380924	0.237090617510538	1.1695506176144992	0.3358070770756425	-0.06422319437089327	-0.06703992384262408	-0.11109556441383445	0.9979716401960149
Br1760	-0.0122124	-0.00337671	-0.00208287	-0.00129654	0.000938854	8.0	0.0192418573153233	0.971479	1.0	0.0	0.0	0.0	1.133651626445007	0.4371746206282661	1.0994376236198695	0.3752068657304152	-0.8618977098519633	-0.3818714152777371	3.226343139589605	2.1705721748644695	0.09055778533833586	1.3047367845744282	-0.27111253135080343	-1.0549703148998375	-0.8491187899227576	1.9488876270454023	1.7256455218924447	-1.6657918272226302	-1.8132848662822267	-0.0012305740747723282	-1.453730862991369	1.5943966425004281	-1.9242331654251055	1.377227792620975	-0.20602264412545884	-0.4358420652778412	0.7220985615449707	-2.405811236131861	0.3545195112705382	-1.4465269545828443	1.6434289336970744	0.32408184211096186
Br1931	-0.012718	-0.00334234	-0.0046788	0.000425441	0.000857202	8.3	0.031470427451338	0.973146	1.0	0.0	0.0	0.0	1.3706098967529559	0.793680392928052	0.7553518975851935	0.1828805622044978	0.2119670228486873	0.01823199446729579	1.5617193216539536	1.3844492012366472	-0.45751294570788253	-0.3191182318574894	-2.6187010864584805	-0.17578111260432402	-0.6589082940511152	-1.129611910645179	-0.937685313727574	0.2773532769284717	-1.5699803739334657	0.19742580836317	3.0133425540896095	-1.948763805683283	0.7299747434134217	0.4078417349459157	-0.9293225468114505	1.326794619973296	-2.9763688326273177	1.3492428227906479	2.7612939187641774	1.3548487374032985	0.18170152817340837	-2.7842429517173564
Br1163	-0.00918646	0.00111719	0.0267951	-0.00474513	-0.0154143	9.0	0.0225589997237963	0.973096	0.0	0.0	0.0	0.0	0.32676075420233974	1.888760329177346	-0.4844738864313482	0.3663394576369215	-0.16092777270355565	0.0910181671361369	1.4541031760682193	1.478761411891812	-1.294535491342762	-0.15254556328555058	-1.5015860810345643	-0.19993464008749734	1.119129870774261	-0.5768325806143509	1.4243036820203838	-0.5757892036512474	1.1335297890620364	-0.05316884672653459	-0.21749813478951746	-0.8010811382212091	-2.0355246717023725	1.1531662170572967	-2.521675562008277	1.5177780567176329	-0.20063867481345418	0.8102322926812013	0.967565877940223	0.5450166308243776	-0.022124865876089746	0.3407025477401664
Br1415	-0.0127848	-0.00319474	-0.00338768	-0.00448007	0.00118121	8.0	0.021901180690757	0.973794	1.0	0.0	0.0	0.0	-1.387817550965865	-0.16341297334043683	-0.5712769079431196	0.10253819527906305	0.05767695418689699	1.8992315803429478	-0.13706115401098484	0.7728414447325355	-1.0465255205626793	-0.10990020217570609	-1.1166242555985633	0.408989860873969	-0.5980931112874187	-0.2721444728217083	0.5208593418981029	0.015250702295218799	0.9459900443328234	0.20475450510977486	-0.29310596609314404	-0.7999770536923176	0.5917952056848007	0.9284502755803248	0.6241549188224974	-0.25472611175555554	-1.1504571546464057	-0.2471189171362633	-1.0299956192470563	0.010064336414159365	-1.0128951285096919	0.14643189787644453
Br1430	-0.00951649	-0.000396005	0.0337353	-0.00497255	-0.0123778	6.8	0.0294967432282799	0.973923	0.0	0.0	0.0	0.0	-1.76714024836326	-0.42001583150823973	-0.09455921430719902	2.1588988738059207	-0.6149712488043544	-1.4163423512139581	-1.2779842597080204	-0.8240579695184025	-0.0708428239676805	0.33860667740751615	-0.5568484473739576	-1.1972437177838937	0.0021936870117398913	2.362291959613058	1.2093896252873013	2.510054748072088	-0.8694328326442781	1.9795281853145468	2.261180624095768	0.7261667015195272	1.4414275720065797	0.38058972321758905	3.840854679378849	-1.587067090822636	-0.19711852661197002	1.3287398539784898	-1.3564577984551638	-0.14626019458115944	1.1313420931042375	-0.12558730363580053
Br1454	-0.0127331	-0.00439739	-0.00422177	-0.00217662	-0.00200547	8.1	0.0105827992349344	0.976825	0.0	0.0	0.0	0.0	0.9237056607008477	-1.6463216414168393	0.4633130578265977	-0.7101259509456506	-0.760183775628503	0.30699389153083323	-2.3660701334983054	0.910064023770981	-0.81266235810207	1.7392015960601448	0.5184084267196213	1.4113854822955922	-0.5806085574623124	0.2669906985914074	1.6591339343030824	-0.18691019445093368	1.008139464724562	1.1537410265694086	-0.8826177178134692	0.2989662436672845	1.9105114102520568	-0.9339961024351914	1.1915139423216035	-3.0996969090912803	-0.6845097195247434	-2.2039313035361445	-0.4359019555617051	2.401651352718474	0.5269159455290607	0.005094924932428508
Br1554	-0.0131297	-0.00464418	-0.000694165	-0.000332171	0.00261197	7.4	0.0219014782774545	0.975241	0.0	0.0	0.0	0.0	-0.6977025348806044	0.02844769216426462	-0.6983282710058291	-0.38342042666193576	-1.6606945962476047	-1.0483798519192933	0.8552626412171226	-2.065324782073421	1.028456145802639	1.5268401709715809	-0.8368537944031534	0.8332269431121313	-0.7843954782724882	2.3104081241486165	1.3523763301260614	-0.46912636362299376	-0.45395506278214004	0.875037586380567	-2.7895284827114684	0.7837374949663892	-0.6496112591647154	0.5574985580235078	0.12043362559771922	1.142097058678546	0.5705880510945551	0.8484250591204064	-0.9773755303409616	-2.6547119518281352	1.3183970246480623	1.0707260160287884
Br1562	-0.0127879	-0.00539406	-0.00136308	-0.00295854	0.00294701	8.1	0.0162450204439284	0.973885	1.0	0.0	0.0	0.0	0.25598417391716555	-1.3418769885030404	-0.8074106549990646	-0.36517034708888974	-1.2639873705349185	-0.796168105225655	-2.3357284324111935	0.26404020944799067	0.3974678988979407	-1.1312254081306692	0.9896351486948506	0.8583927382466062	-1.0744203690697927	0.9416037161732747	1.704232306961163	-0.6388322504786716	-0.45189071563564087	0.2650222902716798	1.459913737253049	0.6059275446343759	0.36876490807951023	0.8191484111767777	-1.4260111865907208	-0.07526543713655855	-0.7705333429032228	0.40916249516442493	0.11361842430167551	1.2130345585780362	0.6352101992481782	-0.0483657099854332
Br1630	-0.0122668	-0.00485813	-0.004431	-0.00333541	0.00677408	7.7	0.0252221823685224	0.972939	1.0	0.0	0.0	0.0	-0.6353607797694343	-1.772009756359291	0.644795434620407	0.5310768752583561	-0.06265348552837963	0.7805171415978347	-0.41606921541616015	-0.2350955795325245	-0.14284802539047592	-0.11391130885944453	-0.7066715889365244	0.0006764101069014341	-0.42347275511355326	-0.8232547776058894	0.3288286028305431	-1.1872531324814812	-0.8563064682435401	0.36843956571832903	0.3248803950179957	0.47538577571172247	1.80393562112255	0.7637077905516818	1.2531708992030484	-0.14178662697603475	-1.1141624194641655	-0.8389950265864861	-0.7500891946300227	-0.4607384041212629	0.3999468211964441	-0.8792576285147939
Br1713	-0.011748	-0.00326785	0.00431844	-0.00237215	-0.000846941	7.7	0.0171508618380062	0.972272	1.0	0.0	0.0	0.0	1.4879958900604977	0.12736908437594108	0.9280783529998323	-1.2678669793261117	1.7467174797562777	-0.6999931403178065	-1.4519896599995001	-0.7230283053363606	0.21715727130093115	1.8350533381047371	0.04120529804976254	1.2655777463880467	-0.638983165595852	0.29883829450362537	-0.689222441959092	0.7840922116365141	-0.7763212094819152	-1.169528798635	0.7057744104751151	1.0052844348813414	0.34601515436533126	-0.25967492419660115	0.001018521426741133	-0.8252571425126299	0.5319387463805145	0.4379076886156223	-0.09640260691461043	-1.4757657091549932	0.25000607828741983	1.0770413205934113
Br1744	-0.012888	-0.00240207	-0.00460722	0.000782528	0.00362121	6.9	0.0269013626733963	0.970989	0.0	0.0	0.0	0.0	0.419751138971795	-0.9336349154599967	-1.2985162658178502	-1.604910874470766	1.0115919086098828	-1.2041010113360067	0.37947441210073946	0.04707472117034903	-1.8757517439148215	0.08557362522766372	0.5466485530966911	0.9380076450573968	3.245218329284099	-1.947358443031238	-1.1472756741169412	0.6348960061547381	0.977189562565131	1.4059271922074434	-2.7601297031652035	-0.2650414086968031	-0.39747992343996374	0.6921372400805135	1.208364713485908	0.17219481025600478	-0.23552019838397883	-1.0236137146703723	0.5192181118411514	1.709324438703177	0.34695703172885034	-0.6404198897999165
Br1752	-0.0132531	-0.00461343	-0.00374933	-0.00110901	0.00167402	7.7	0.031382930980688	0.977348	0.0	0.0	0.0	0.0	-0.4357092255968798	-0.29563681450439605	-0.0340126931342091	-0.0285646892040275	-0.39012033333503066	0.13247215518329214	0.9275714106721619	-0.8109780698510892	-0.10022765810480669	-1.2887062803581995	-0.2890563405348785	0.5344505024611376	-0.24548698828973303	0.47242570431440334	-0.6137832583118441	1.0413522260362509	-0.06086581642170004	0.2929768972805946	-0.717356465843326	-0.21637699421302875	0.948182008669765	-0.4755807969738191	-1.2714328648980555	0.0342480948763368	0.47984447173838635	-1.4768534136996851	-1.6451540963066449	-0.8453374936017264	-0.07679945676759632	0.04598474168412944
Br1821	-0.0123264	-0.00394942	-0.00123859	-0.00295849	0.00132513	7.6	0.0256493085613847	0.978844	1.0	0.0	0.0	0.0	1.1748654222203982	-0.14407360818247933	-0.15346194441110528	-0.31506884073583497	0.4456921340412841	-0.6331930999800476	-0.6707097332687849	-0.6063548524129494	0.29482272475716376	-0.39930199853149606	0.9457591008655287	-0.5709001062067437	0.3934587524504153	-0.9149049262171047	-1.529274057436359	0.13155255323565548	0.6895632737714377	-0.9977184913180752	0.5886286777099351	0.7028059880584695	-0.3491356021675011	0.4513101882905173	0.20617549129009505	1.3434650305213793	0.6187752807449628	2.4237424938044727	0.332400718681332	-1.3131847928512506	0.3215085588782955	1.2162745556229155
Br1896	-0.012562	-0.00386133	-0.000429597	0.00115841	0.000897397	7.4	0.0143507975351324	0.966689	1.0	0.0	0.0	0.0	0.5112793942083528	-1.4430079969821652	-0.7224950740787112	0.034459345324766695	-0.756284397737081	0.8028954656689523	1.0119457702889993	1.6627410362942372	-0.09112576432264079	-0.6260261692516222	0.5859901338666542	0.5432328884447543	-0.4225609237148808	0.3121380224014957	0.8120915826172461	-0.4275490484282432	-1.7142982537795262	-1.6499518142614547	0.5424565644074846	0.017590782666611852	-1.3442410533014644	0.21087563355946412	-1.8168867184545534	0.8473525575525447	1.112442122836957	-1.281985286215816	-1.6400297429564372	1.130965041349074	1.1361075665270814	-0.48055633506498496
Br1901	-0.0130691	-0.00397964	-0.00454382	-0.00266121	0.000846809	7.1	0.0156731985669762	0.972857	1.0	0.0	0.0	0.0	1.5438258216778364	-0.5311081444114789	0.45673579743700415	-1.9576153314385545	-0.8082449735616699	0.2079226230515457	3.6621342881546464	-0.5371475617234122	0.007569005633523745	1.7118735802952776	0.07220103699954063	-1.5801319977010042	1.691654542768947	1.2226400891933558	-1.027050968380782	-1.9328840657580546	-2.2587352152501907	0.4698270544192261	-0.5067248356213331	2.4592526448242844	0.24916962407319865	-1.2912667513619194	-1.3289403989395507	-0.9955906620053899	0.6584458593769589	-0.9072441326862497	2.034063155030396	1.2453276460804794	0.3279858036081076	-0.8014997450119767
Br1404	-0.0126777	-0.00434981	-0.000327894	-0.000950096	0.00310387	7.1	0.0154015721326609	0.97592	1.0	0.0	0.0	0.0	-0.2987010755259639	0.21471379740620866	0.2090650521816175	0.32002743088422675	0.12047457080829853	0.7344718436155766	-1.047113642725001	-0.3127835821116692	1.1283928422072835	0.5173460242898109	0.08147664427416712	0.09832323414155608	-0.34932325004207165	1.4982453767323753	0.0656394802794758	0.4719592795725673	0.6981287913215517	-0.36870871199886357	1.0927690466761844	1.319701611640718	-0.60667038732801	-0.8037218255210855	0.27218461106194436	-0.25785922400514105	-1.0738972233004422	0.0686971165233231	0.20581171810630622	1.0781825106199476	1.4376374513788046	0.2644538181292363
Br1651	-0.0130407	-0.00456726	-0.00389093	0.001982	0.00125884	6.7	0.0360430820405558	0.972797	0.0	0.0	0.0	0.0	-0.1628359940021999	-0.16003997087369268	-0.41119364537043074	1.11479269787767	0.9089117902337671	-0.388327986882319	-0.19589151501514743	-1.9640846248198471	1.0941504366256425	0.46740032197026676	0.4527460847219616	-1.2011718068367228	0.08232159983304738	0.11691136883212823	0.900047159581392	1.4744342275455697	1.264230702643818	-2.232297675324003	-0.4919273218459934	0.8189246332966196	0.3291854320365394	-0.859703016328456	0.3856584943613084	-0.9865119690120886	0.09143948401794091	-0.8282355099008244	0.7269000799532792	0.6394897079408953	0.40773507875668613	-0.6526165806293956
Br2040	-0.0128416	-0.00325093	-0.00361865	-0.00270954	0.00185579	7.4	0.0203920548395025	0.979811	0.0	0.0	0.0	0.0	0.560925745910174	-1.5628886924371592	0.25933974588863806	0.8846616161948613	-0.8678974321350332	0.9952486813419962	0.5187474487712039	-0.5599196326548205	1.045591758261066	-0.6784694065925382	0.267912164818472	-1.3952549666474456	-1.6169607516296869	-0.8665460275977268	0.516737573602053	-1.4377611217752018	1.620738378246566	1.1526986016607863	-1.5336778810420413	-1.0637842711908587	-0.16924671119404255	0.5603192942694228	-0.6680881283517539	1.0935508642770442	1.0276150191857851	0.09109870093406261	-1.432218580935751	1.5254778386689976	0.3934157254561504	0.23033218384504053
Br2071	-0.00971498	0.00247342	0.031075	-0.00405642	-0.0125657	6.5	0.0137812447170199	0.968583	0.0	0.0	0.0	0.0	-0.2593369713600291	-1.3469424300082167	-0.08879520685217536	-0.4044764675075109	2.4897877596558615	0.7291195378342152	0.2184412834716162	1.5138894050911909	-2.2827669597201616	-0.5904636958422406	-0.30389143016476483	0.4986270267990937	-2.1500592978656727	0.8495723147952335	-0.3656445552129364	-0.9181024493736147	-1.2587142680364272	-0.9720570476715297	0.48608584928096277	-1.599687121041428	1.0152446599508176	0.6247777091834498	-0.5391394654019055	1.2586361477374912	0.28195353914359406	-2.4370419281549656	-0.0037784898012587866	-0.022709832759881202	-0.86433628942739	0.5138937172203711
Br2078	-0.0127535	-0.00385471	-0.00355297	-0.00029377	0.00394955	7.3	0.0325870400374449	0.969757	0.0	0.0	0.0	0.0	1.030281221204537	-0.43686906256825825	-1.4745701788639505	-0.4390423062662111	0.17516561546809356	0.07632650091539897	1.3694092927517703	-0.26788237482378396	0.5796181435420437	-1.1562255957962324	-0.11504384670498437	-0.26354590754666996	-0.8814027435256605	-0.5071686343419265	0.0715164140586303	-1.3201294289133223	1.1645986597563738	-0.028994221768932238	-0.055639009258425	-1.4308591394128416	-0.5690530551570053	1.1216952915337237	-0.8367793620895851	1.1125756176695263	0.7739489833277555	-0.6501912292445172	-2.0644149975837953	0.303859613886711	-0.4817433294678672	-1.0121694014665539
Br2262	-0.0129164	-0.00519508	-0.00784679	-0.000756241	0.00314278	7.1	0.0290049817369955	0.977305	0.0	0.0	0.0	0.0	0.8603890449377889	-0.3483801313756251	-0.3727867285021418	1.522885047612725	-1.527594994478415	-0.021743287444125285	-1.83760525624196	1.0717659619183675	-0.023880084043774154	-1.4304656787067491	-0.792673328005252	0.9010342652090704	-0.880168553300976	0.26406904761674704	-1.130938471152112	-0.5631635487907523	-0.6958252031692207	-1.1706442122146319	0.3041837697915915	0.8361140430661562	0.4624842352499977	0.10726679777185356	0.41942088267935196	-0.49943074249638003	-0.2531315390979097	-1.504650468598542	0.34045700557264846	-1.4197131568384456	1.1136672316128164	-0.5137171252423209
Br2272	-0.0112752	-0.0035774	0.015474	0.000610399	-0.00626224	7.4	0.0193549061589467	0.973853	0.0	0.0	0.0	0.0	1.0281637676202182	0.8850789415158693	0.27655780762763144	-0.09756520107513716	-0.19789717578083496	0.7692112189270288	-0.5618828039079902	-0.1678076908808371	-3.77544708582466	-0.623485969569317	-0.4132067733345369	-0.5875471441350187	1.2558086504014068	0.34017080996788096	0.7684067560135398	1.7307508228074107	2.6116644234154593	-0.32667005676497257	0.7101036952637634	1.2742869968331487	-1.562491217239314	-0.8942251430519964	0.6810388521406767	0.6776523943684387	-1.0855255138240454	0.13051721374645558	1.4741098307175804	-0.2332656762573612	-1.8730973032057843	-0.09577397097269179
Br2294	-0.0133268	-0.00629305	-0.00848082	-0.00162626	-0.00122729	7.6	0.0199878313358932	0.972232	1.0	0.0	0.0	0.0	-0.2553239050208911	0.5452440779725294	-0.6058646316797301	1.2868626511042012	-0.8669057493503745	1.0122936204773052	-0.4034089162623454	1.1542951344801118	2.2999091075586686	0.35665109597937444	0.5909700636682211	-0.41106486884573795	-0.44194508494470447	-0.5653225451918992	-1.0260103162530096	0.4122208533665518	1.983186381829539	-0.4117202779161043	-0.027425887528928126	-0.4286524621690568	-0.6813259740572362	0.7051138785421236	0.7794547578433049	-0.012078969559228922	0.03306415565609323	0.3220793432666774	-0.3364539481056491	0.8042848476933271	0.44181750175194673	0.1584415399702977
Br2309	-0.0130989	-0.00607306	-0.00076281	-0.00365274	0.00161916	7.4	0.027787389653148	0.974565	1.0	0.0	0.0	0.0	0.49850801316818166	-0.4139700001700703	0.8494690370446177	0.05973477174234078	-0.6096052987580729	2.3251401390762565	-0.31006293804643376	-1.4920872105279306	-0.4407364978367773	-0.20087866127623288	0.08099588506167563	-0.9764880799113517	-0.8803961749892201	-0.5525632532042352	0.2798079030460997	-0.7630257450460528	0.3761650147206781	-0.4806122685276332	0.9410302218064874	0.4740046567378173	-0.5885373029946867	0.5841267906501132	-0.7804631034993039	0.055029698729166174	2.6631507258041744	0.2093494296583619	0.3514276624215128	-0.04155866841871561	-1.2653879545991422	0.5584551960859471
Br2321	0.0263121	-0.00546797	0.000652452	0.000103503	0.003272	7.2	0.0285504487203874	0.97472	1.0	0.0	0.0	0.0	-0.08764990262082639	0.30708897014418635	-0.1340340495745671	1.6070336046398555	-0.6770905561745184	0.46727242538508496	-0.5540604756475315	-0.30893708216966825	1.2190150309923222	0.2900607251942232	-0.2449177616931765	-1.1453930668502388	0.2933170046108883	-1.6537863168220344	-2.0430213882032207	1.4183473732898473	0.4539676057454546	0.35910584110435295	1.3032275091919066	1.1619884770567461	0.5093781325659665	-0.6096074585639625	-0.6817765552789541	-0.388278411144894	-0.40274813799399883	-0.07298865273560873	-0.2520248952885021	-0.44970249070031015	0.3430341121572443	0.19710128048065553
Br0922	-0.0123636	-0.00202301	-0.00326789	-0.00229064	0.00280779	6.5	0.0350217846881201	0.972113	1.0	1.0	0.0	0.0	-0.7907397345543908	-2.414310806689937	-0.06858374151247483	1.348343658148597	-0.5122198934116233	0.0030090371349257043	-0.04142206208780174	0.3452254590346692	-1.7123026040825424	-0.8386770390288882	1.0227096064682706	-1.5569168697950089	-1.0443134784990584	2.6243458661133423	-0.19242824547620285	0.5603511826992709	-1.7955163403618029	0.5439882040927863	-0.759507898992007	-0.5501220068430421	-0.9141725605588276	-0.028491249716527094	1.6273204110262494	-0.7945020333333758	-0.21117797133581964	2.6103183119105005	0.8598279109967196	1.780605500503992	0.8570714077808961	0.44760244928121967
Br1003	0.0381077	-0.00363576	-0.000106236	-0.00285507	-0.00121494	7.6	0.0198284889596592	0.97289	0.0	1.0	0.0	0.0	1.8794567773958064	0.12161647463355309	-0.8997011076296801	-0.9814133613378745	-0.7818219598049085	0.5542399278785063	0.39797443508347674	1.4095808747421512	-1.0588246612475158	-1.3787745856420786	-0.18191848683786688	-0.39213763302247256	0.3736426911451556	-0.5403945405809039	0.7265792601463478	1.7016301802464395	0.09495818898612801	-1.8181326696896865	1.7677924756288736	-1.1638653243777008	0.864554983292952	0.28985362632984485	1.0068438092963463	-0.2097130069317657	0.9275558238958115	0.11182752449160886	0.5186286646108088	-0.9231697285959047	0.2946995190204463	0.053937687200004115
Br1004	0.0334534	-0.00575511	-0.00365793	0.00132076	-0.00279541	7.3	0.0456412414063765	0.978815	1.0	1.0	0.0	0.0	-0.16050064591856658	-0.3611658267114788	-0.4585158997457767	0.8141386271547916	-0.8105886798779339	-0.9882288584400039	0.20221530859739206	1.6756676772533172	-2.092503911454118	0.7572954139705242	-1.511926534387086	1.516362434146586	-0.09248149703448605	-1.6124274520644473	0.8532980388108364	0.8840762972431949	-0.19615587251223537	0.44546316770948624	-0.5628837013031927	-0.6620827414371495	0.24474455944979767	-0.37724401174277983	-2.10633929334145	-2.056536031736797	-0.46023419451275716	-0.022685439183183373	-1.325966915491789	1.881127888656873	0.6471569294593401	-1.4067321238141133
Br1006	0.0350426	-0.00646115	-0.00163086	-0.00497335	-0.00356427	7.4	0.0169961991628788	0.97666	1.0	1.0	0.0	0.0	0.15447618745625807	0.6708136382497552	0.4192719022524831	0.4856381815192093	-2.3636420956900883	-3.0630401916804777	-1.5759323725419898	0.5530297848237411	-3.4252472527749136	-1.553474473802093	-1.3834934272347628	-1.8242032106553434	2.3515777512771803	2.027963946619663	-1.8591610475263984	-0.980342210492149	2.1389580215524284	-2.2067084478294032	2.349867142850599	0.5080732081204575	-0.3588056115517374	-2.9669599618753133	0.6616853354527091	-0.20222558789563483	-0.5594946382084529	-2.755037691607367	-0.9595833855105801	1.4042212817173254	-0.6779971788532005	1.9527493004293734
Br1007	0.0415284	-0.00516461	0.000629034	-0.00162224	-0.00399176	6.9	0.0199076733003348	0.976875	1.0	1.0	0.0	0.0	-0.409692656914953	-1.0839287510011593	-0.5721721223689599	-1.413694812801664	-3.5342635488849328	-2.490371633896239	-0.01354094619471807	-1.5521217674969359	-0.039216364565086786	-0.49808299472393863	-0.17148290365487706	1.8027473300342856	-1.4524239006578608	-0.4144363366242484	-0.8629893923352958	1.1854999927132182	-1.2457799646054413	-0.2289777274732999	0.8930217852692891	-0.9165181202398927	0.6578752833506369	0.8223872243200513	-0.922312785847429	-0.5662509702732763	-1.481066335425693	-0.6097536229458562	1.629450642881805	-0.5082623587923359	-0.010067322597131204	0.899756573510945
Br1016	-0.0125518	-0.00417527	0.00415725	-0.00217898	0.00124374	7.7	0.0279175813724336	0.973196	1.0	0.0	0.0	1.0	1.6015557941698277	-0.4264011178373151	0.7470733814836141	0.6416878579978651	0.0985401162085741	0.49406740213781314	-1.3809678246441313	0.12294700912426346	-0.2869276590620909	1.4768170385219577	0.43140875967319364	0.048297558610261006	0.017803546829009392	-1.0700662664727727	0.35860067892725866	0.04065586855675722	-1.8978058898317955	0.1230777751722073	1.745255249921003	0.7730293628126249	0.3635368888963643	0.438596609565853	0.10054648311782388	1.5412645912818266	0.6012642666254593	-0.5844878422922323	0.18879975325617382	0.08820637038604305	0.6871377804690126	-1.3086191505870368
Br1017	0.0410942	-0.0043512	0.00196209	-0.00616857	-0.00354058	6.9	0.0227438054167429	0.974228	0.0	1.0	0.0	0.0	-1.675150015715006	1.8776287009574488	1.4759496333640092	1.0414610506550728	0.455528666199547	0.8561688425991761	-0.7665856638946379	0.3474442990301258	0.31121375508918475	-0.6541526402203421	-1.1061010260684558	-1.4276716122979496	1.1264482595934284	-1.103938925825234	1.3853308779982618	-1.7532476297579849	-0.24761732343307213	2.1128623555951513	0.9809864112657749	-0.23693410844888346	0.7122471604625413	-0.08326698334185874	-0.9257083988124402	0.7249645571891722	0.11246168939474198	-0.015679986633989354	-0.7267739700710714	0.1433404848166332	0.8848386547465364	-0.5243368582448289
Br1021	0.0374652	-0.00457853	0.00134247	-0.00198435	-0.00486563	7.9	0.0088927082283113	0.976233	1.0	0.0	0.0	1.0	0.3002988901393009	0.7063820153287772	0.5669757368399164	0.7664512975882469	-0.4147866934650223	-1.1609910645474595	0.41944893008215894	-0.6805612860825814	1.8864454305420848	-1.7924605038307133	-0.03173075653883319	-0.03653232159464177	-0.633610038784587	-0.23790171807265298	1.406816599098339	1.3018070184728467	-0.4399563647537669	-0.30240943480525784	0.15525393643520813	-0.031353879011235236	-1.2953297414498945	-1.1400160800526296	-0.06675506998158079	-1.6258821544734638	1.3802645885309885	-0.2636406360569734	-0.2504096619622571	2.813170628379364	0.06624889290792212	-0.5034520173773044
Br1025	0.0240614	-0.00330138	0.00140309	0.00219946	-0.00240601	7.4	0.0320945970708768	0.978939	0.0	0.0	0.0	1.0	-1.5933402277576592	-0.5238414934649842	1.3801648446657528	-1.2807076394208265	0.9129532602015127	0.7261723224546186	-0.6024013369621773	1.3797154963105354	0.28177294225276583	-0.9929200283171017	-0.2551018428093905	1.325970584170913	1.2777730230340358	2.72873205163066	0.2856239309804626	-1.5248160706027096	-1.603061331432511	-3.3058331188240277	1.3692292681032194	-0.0817855684076354	-1.4935725048941246	-0.38967199380239165	-0.6072628534600016	1.0660630592147147	2.0218589029586234	1.554292014858882	1.006456156495126	-0.2068621548407509	-0.2976435207432769	-1.0630015373826496
Br1030	0.0204873	-0.00455322	-0.003179	0.00177213	-0.00876656	8.2	0.028219185575981	0.978192	0.0	0.0	0.0	1.0	1.4548873990405655	-0.09147120416720111	1.6726950581837228	0.9299225726439742	-0.6034391472915479	1.1049366401152714	-0.7549609302672969	0.1618739913201114	0.5150486519905402	-1.133944702598258	-0.186611903645006	-0.07427697625318712	-0.7557336184798271	1.7778235677350653	0.23805915352051293	-0.017889574499901747	-0.520986734169578	1.3781935395013627	-0.6029152070896316	-0.28403609993773776	0.311546949158791	-1.43739527505148	-1.5874814175870338	0.0971380883317102	-0.611872435839177	0.4555416301315981	-1.2057426416163086	-1.2623269828316745	-1.0644466866963176	1.0889257033985782
Br1039	0.0286352	-0.0031289	-0.00242607	-0.00499283	-0.00116361	7.8	0.0125095250970385	0.965838	0.0	1.0	0.0	0.0	0.04169241659504846	-1.479617359510302	0.2390783693082487	-0.3289065271118851	0.10329578104912678	0.3255567112162766	-0.7004852607335852	0.7661128330499462	0.7197414166413448	0.33412156031134965	-0.5213986772563607	0.33440456403367014	0.42164489118594045	1.0392704914762987	-0.3889852202360393	-0.20198840280210564	0.025760813605581488	0.09154972680765884	-0.29565842592859815	1.3176178680300181	-0.5095972643804243	0.23366456480155995	0.5286994645658392	-1.292962775535036	-0.5644586788276506	0.1391895028847888	-1.361161247684887	-0.5462428731154668	0.2900812502792265	-0.6966507668845788
Br1040	0.0302332	-0.00482354	0.00365867	-0.000724505	-0.00528983	8.3	0.029813238553859	0.977705	1.0	1.0	0.0	0.0	1.2627275879057938	-0.5876904112933224	1.3274178994072579	-0.5285089797017476	-0.375444625331497	1.1335267644339544	-0.9292813423277274	-0.06093577746282055	-0.2851102177429755	1.1921583299680212	0.007354619161882439	0.34227024170179793	-0.01491139204708697	0.15079298264388807	-0.5705963838995333	1.4399266515916151	-1.2843948654374648	0.3469734746917277	-0.298405125280074	0.1814957127065047	0.34253689663486964	-0.767861409099718	-1.2666901986647623	0.1446471774083498	-0.6884769085284631	0.38688036821991717	-0.4070630859116004	-0.7420324910800545	-1.049575876052793	0.851576069906192
Br1041	0.0366099	-0.00326231	0.00553199	0.000166282	-0.000541084	7.0	0.025178074865394	0.970196	0.0	0.0	0.0	1.0	-1.8065560209540292	1.2009809751861489	1.0233279411891336	1.63420343319362	1.1696421742049312	0.13303031654929362	-0.6382606025851143	0.8724405809431287	1.1910580276821154	-0.2503604212996203	-0.48682120153018427	-0.6891091592244409	1.8606881951419445	0.4540974064197026	-0.18178719559709003	0.19159502158802338	0.31538583191288555	0.42130685952439334	-0.6868265411986685	-1.153475153614435	-0.3041654396106541	1.20620027036982	-0.3591012251806107	-0.5170222649499236	0.7972477946557724	0.5430228704543721	0.2513082493583145	0.9227207145552643	-0.08360454418195017	-0.10822902074991896
Br1050	0.0404394	-0.00552665	0.00390104	-0.00132048	0.00367017	8.4	0.0337580948181892	0.973957	1.0	0.0	0.0	1.0	1.321143009784423	0.8534869766950826	0.8598174625316165	-0.4894761867922035	0.5857418254681179	0.5298780983260948	0.27413581896537886	-0.5908490184403359	0.42773137162520664	-0.6180096278121855	-0.4101381601706467	0.3693504363325668	-0.11476463180030978	0.4675649215907862	0.2324992149760384	-1.37375080053799	-1.1125748936536772	1.3988446935354049	0.7996381493435029	-0.4832543519353984	-0.7639195737399656	0.07010876166862606	1.1578096891884024	0.8236334934530032	0.553458294996824	-0.7335931155887795	1.0091655058720048	1.6228531677326146	-0.45130466502357125	0.41450096867546427
Br1053	0.0354094	-0.00460735	0.000945525	-0.00326907	0.00177112	7.7	0.0362788433534566	0.97443	0.0	1.0	0.0	0.0	-2.051333709238712	0.7858091183826673	2.827592809613621	-1.7592037571276817	0.5822804135323311	-0.11273723908581396	-1.1233894997751075	1.756816398839886	0.8532419010107357	-1.1056242202451483	0.9208273880589791	0.036342892835178685	0.7263223782294819	0.5355506992040001	-0.21310861358633026	-0.3703382354274246	-0.04485864165798976	0.8298614292660271	0.379315381974264	0.051430298203503845	0.4929485626395403	0.8406135644307876	0.44842578859167614	1.0707228176113062	0.5982752565311561	-0.8209064509232812	0.7616020281233866	0.47690075267759646	1.2605857737335247	-1.571598319322563
Br1054	0.0273285	-0.00391847	0.000496184	-0.00023529	0.00149166	8.2	0.0120902516238276	0.975935	1.0	1.0	0.0	0.0	-0.12535916225279742	2.9811538165494307	-1.755865793043636	0.032711360354913205	-0.15860457326417057	0.7674823301872628	-0.8889412618685482	-0.5229938445279849	-1.1237132332823767	-0.7541560208833863	0.40511109592063016	-0.34348078989426517	-1.3750356910845938	0.38280470398516836	-1.064993867550499	-0.9406732120453406	-0.8973208238949983	-0.9177458087593333	-0.6985355811940929	0.623377823762084	-0.41990452408474677	0.6888464454132713	0.06986915400248805	0.24136226175125536	-0.21357293617797818	0.7006248444661872	0.4249876709759065	0.3625144598907862	-0.47826972130574896	-0.7223228995120585
Br1056	0.039161	-0.00332912	0.00126079	-0.00372453	0.00434248	8.2	0.0229444529864245	0.975496	1.0	1.0	0.0	0.0	-0.509087355587198	0.37602866796369455	2.1348655191098307	2.194732116925533	-0.9560903352705783	1.0142673584654924	0.38195584724444687	0.8720592662449385	1.0918146921535536	-0.2573326932965617	0.6040445559039721	-1.3093565518116395	0.2597152533284273	0.3500102276134952	0.09218249279375673	1.8302649877272115	0.9313654273672856	-1.6814928549682095	-0.6920266505206846	-1.219378780585699	-0.6288186939806399	-1.2824893890335753	-0.5085474363986274	0.42958437884069045	-0.08098903163243577	-0.3888847761177601	-1.4436415908958522	-0.39712965952436796	0.35638203471547597	2.1518132042390596
Br1067	0.0195079	-0.00372504	-0.00288436	-0.000488544	-0.0036065	8.5	0.0301246973677141	0.969996	1.0	0.0	0.0	1.0	1.2267536732081967	0.059390743007744946	0.8130146765617686	-0.5875726537155697	-1.4900415332196502	-0.3799537327660408	0.9434318527303787	0.11367576654589283	0.37807625320276844	1.51397544144298	-1.0561819787378295	-1.447123536115117	0.22025473633083484	2.757832895869052	1.054351780079829	-1.7282232936605475	2.952829379972311	0.7875902345858475	1.0791651810963179	-0.21207134109207698	0.9367005622458493	-1.1024692135060477	0.18347821732835223	0.45469221624443956	3.3326429256068293	0.6014121163901408	0.8039528838459277	1.232795378672062	-2.2814380088568185	-1.4310171208311402
Br1069	0.0415515	-0.000806048	-0.00284922	0.00200103	-0.0091811	8.6	0.025836311671988	0.970725	0.0	1.0	0.0	0.0	-0.300995123405118	-1.3567474541215296	-1.4296599011859916	1.114545477049091	-0.9674406426600021	0.15801526426146031	-0.4325084663355388	0.8098859635989701	-0.05880492938234089	-0.6096053294559309	2.4918774759538636	-1.6143398529026365	0.0757445965282612	1.65154860625854	-0.38343895780694015	-0.05187777187095798	-0.4267918465544294	0.6436097827709228	-0.21625032268369193	0.5599543959077233	-0.4489401901783381	0.6497196041878885	0.5099425994251612	-0.010724511206044313	-1.428651107743191	1.2100612675864857	1.2368970318238568	0.6559734253798465	1.8567655214210643	-0.16991739374027856
Br1081	0.0291885	-0.00430591	7.17088e-05	-0.000343438	-0.00908933	9.0	0.0166058201890393	0.967969	1.0	0.0	0.0	1.0	1.5035038219093493	-0.1382905489793354	0.41450543295368003	-0.8407630777662342	1.3888322071209394	-1.0404288794802863	-0.3659934542205984	0.7453844852918874	1.4940636441759874	-1.0880129001089671	0.9618383061517273	-0.5474113835906079	0.023574648552670503	0.9392635210825548	-0.02717116266729692	0.018366717221930375	-0.19789019680098582	1.8356626698516614	0.7762722605897645	0.8926565015081196	-0.9182030593099825	0.9029813786770554	-1.0738074888120381	-0.689105596281935	-0.3059416824883349	0.4483479716362629	-1.228885605214631	-0.09187332077151075	-1.0174313241466955	0.24009955008779396
Br1084	0.0406519	-0.00140999	7.89747e-06	-0.000391911	-0.00797489	8.3	0.02217809783378	0.974195	0.0	0.0	0.0	1.0	0.918757753770235	0.7382664414667082	0.17663301133835202	0.2788396307815286	-1.3543194466568174	-0.47159006240696305	1.778309191885018	0.9080005875365201	-0.5420298817789413	0.5975957276546872	-0.7615512177470039	1.0048723592742215	1.4678157298356365	1.1340358969729922	1.0654410270397967	0.556128808309139	1.6887461900326124	-0.20859274375739054	0.4207164705561912	-1.3912140051829651	0.591210384016588	-0.6180387906612645	2.1992827387753584	-1.1823181173210124	2.05200038891384	-1.7177533626472425	-0.6300912609306256	2.8577470383197543	0.4195786830487632	1.9301677663420227
Br1092	-0.0125062	-0.00326905	0.00146332	0.00122781	-0.000134977	8.4	0.0230578332255185	0.968854	1.0	1.0	0.0	0.0	0.45644654310299765	2.386064500778529	-0.4767271143052289	1.7132286239540953	-1.3837103442656866	-0.6239407179773953	-0.8333744938295747	1.7258929824487064	1.3639347424455854	-1.0676305522384768	0.004193089696833956	0.22765582254077668	-0.5457788050689271	0.34628852469419025	-1.979701843223678	0.11479946010037258	-0.5223744376976706	-0.12440475613894506	-1.858985906631471	-0.5522424305640128	-0.7716015665438584	0.5374164434335514	1.8561026870765387	-0.4584954330371411	0.9310819512116226	-0.7342417600503783	0.41807137056794064	1.8536989811008118	-0.6206819524161132	-0.0618134029597441
Br1093	-0.0123743	-0.00586678	0.000278612	-0.00306214	-0.000719103	8.1	0.029768420402535	0.97046	0.0	0.0	0.0	1.0	-1.5512918852186004	-0.5993374529356259	-0.9939612326512293	0.26429995561969644	-0.10091074698932312	-0.5004476318268649	0.10375526929349484	-0.09282468685317223	0.5636471624015401	-0.7994031944774767	-0.5397716098481087	1.2343449062326273	-0.7166497063141267	0.8279613976081004	0.8557859204508006	0.7839777817178171	0.056763162574154556	-1.5655412683190595	1.1886757742642116	0.5270684946254304	-1.5189723567078515	-1.4163927700162677	0.5497794216119515	0.34558649722612367	1.7285000192174123	0.7487623487781038	-0.26425068915653527	-0.35987524530956405	-1.294064370843807	0.9127565649452574
Br1102	0.0414362	-0.00357127	0.0024779	0.00150005	0.003523	8.3	0.0411685336164259	0.969247	1.0	0.0	0.0	1.0	0.42767092510438265	1.0329558516643922	-0.0031317483659910237	-0.24042427618167683	1.0638893068353803	-0.17553460644674232	-0.34300285714400347	-0.6828875151361535	0.4587359060447872	0.38032452923904025	-0.17378048742305896	-0.15031459483330226	-0.47010500088422064	0.7272309897529107	0.0538968906602018	-0.5569723944421452	0.5192739100798796	0.02806454145036715	0.11415164842174773	-0.7556342593337346	0.20871231380063626	-0.2585771959633498	0.1550089631430924	0.4932040125432037	1.3324729987147463	-0.38256489859347453	-1.2300656503085325	0.5641443374068017	-0.13409232161457812	1.304886800109721
Br1109	-0.0126406	-0.005532	-0.00379138	-0.000664396	0.000885565	8.1	0.0294802193784949	0.972455	0.0	1.0	0.0	0.0	-0.07423701335568422	0.1619250772892488	-1.689750240553971	1.3262198578571867	-0.3217327284704487	-0.28982055827515096	-0.46338477135973244	0.5136975072539669	0.7262743060813803	0.3314954744559672	0.2326628103624324	-0.33397444848025465	-0.029948816275581006	-0.12764782737121744	0.12083117174764067	-0.8195433330063387	0.3212468760435132	0.05785955721036896	0.7941580299872817	0.8853508427753478	-0.4482714298448125	0.8072646356129898	0.7379011408507654	-0.44919501367744913	-0.4351291046088367	-0.891738621925806	0.3390110861740958	-0.6078095342000027	-0.32294787336958214	1.0804020257566893
Br1113	-0.00795688	-0.00172694	0.00265763	0.0101497	-0.00140484	8.6	0.0139148641377606	0.970804	0.0	1.0	0.0	0.0	1.1297324463732985	-0.11320053729245695	-0.09624491817739131	0.11884638361445655	1.0808054078424136	-1.9261977944703972	-0.8686864307094839	1.197549987084589	0.10670897276337069	-1.5497017971039133	0.32522279532902443	0.5567603819624424	-0.010932226186939956	0.7605916477755448	0.500790578330064	-0.7904769635716891	0.13236933001735082	-0.4719544179369242	0.44416753552240845	0.6143037090736286	-0.21202039772571324	-0.37766666637513385	-0.521946208779343	-0.06581048528298987	0.5565999400819444	-0.8818093762551442	-0.8246199188758159	-0.611584784427554	0.47095317110484713	-0.002969898182072133
Br1122	0.0346512	-0.00336495	-0.00121841	-0.00160575	-0.00291859	8.2	0.0139307876841258	0.971977	1.0	1.0	0.0	0.0	-0.3832726356559709	1.1984851694823204	0.6838083655995445	0.4065695034483144	-2.6316508818345214	-0.3430771443437178	2.22914944470849	-0.6638651202411133	0.5288241813139732	0.9113233500511435	-0.10189249482573999	1.9634670640018483	0.37894748955464574	0.5161518693091874	1.2252293656004354	-0.4758978483820168	-1.2643765477327356	0.07820228431278882	-2.805223364734848	-0.03823242268273147	1.215085406445602	0.15109334392247797	-0.6346441909592725	-0.019274525803123554	-0.2795353839347367	0.8694256510706403	1.5609960522596276	0.1304856045117769	1.5316150836851448	0.529664110821072
Br1134	0.0258755	-0.00397764	-0.00224943	3.25744e-06	-0.00128673	8.7	0.0222657428466989	0.974812	0.0	1.0	0.0	0.0	-0.2212421964205029	1.8450563139574696	-1.431492674958612	1.626214204786777	-0.03905499225238813	-0.7314743089782734	-1.20503629725112	0.6047085870712129	-0.24149692412683182	0.1661680336374038	0.004627527592416607	1.00308300050129	-0.601351580259642	-0.08178513045824945	-1.1976648900646372	-1.165713360288748	-0.679138728177979	-1.1448199647570356	-0.9664483650636289	0.13043520234704808	-1.1322354594698842	0.5705655219232649	0.3426916071456869	-0.4661472742118999	-0.10785895749985279	0.9209205708948501	0.41264663310755256	1.1188516519021328	0.8648009324868298	0.22214348934656356
Br1135	0.0318012	-0.00394035	0.000510869	-0.000736157	0.00253262	8.3	0.021631886644469	0.960667	1.0	1.0	0.0	0.0	-0.5405826566895185	0.7112342041137925	-1.147319837914667	-0.278389943659607	-0.957527677731979	0.036929267643799744	0.6481547235045247	-0.3043430370780165	0.9385689382357582	-0.907332945215382	0.1810018830306811	1.4056786707234439	0.26843962671752397	0.3967584724964111	-1.3866921598893407	-0.639322393145626	1.5559834468540599	0.6227308286481287	0.0777030943921668	-0.4105618697860799	1.2894761829350938	1.0411314741900828	0.33082707239267695	0.019636421318262706	0.7818998155086625	0.3172567670450081	-1.9653476744676146	-1.0341798544607672	-1.0181914345945906	0.4322126338146584
Br1137	0.0344856	-0.00484262	0.00262911	-0.00306194	-0.00160208	8.1	0.0265641453103841	0.973512	1.0	1.0	0.0	0.0	-0.20754875149942575	-0.9749292355129261	0.9580198990753631	0.3907273368858474	-0.8356568668911744	1.6335620167103586	0.5114313530651646	-0.8361811690461174	-0.2311616945551772	-0.4561218839874018	0.5683603537708865	-0.6123959842444232	0.1807574833536575	-1.1599145205729486	0.267867962654301	-0.3632055024907558	0.868376152438433	1.3187299885392987	0.18454023981751405	0.5274886687020904	0.04257553639886434	0.643812741109353	0.023169764244191073	-0.7680351609921354	-0.1864550755868728	-0.708984312106447	-0.45578398240425116	1.3494514004732725	0.22645245468111933	-0.6369062923359814
Br1148	0.0402347	-0.00546797	-0.000585708	-0.00185963	-0.0111024	8.6	0.0352979344607918	0.96969	1.0	1.0	0.0	0.0	0.43291796211029754	-0.10153413098902157	-0.5639517939031082	-0.6544621843390163	-0.06506352006909522	-0.23243411139711556	-1.5887622486491226	0.06351653349458422	0.5677815772903743	0.8088380206604501	0.944170411952533	-0.31491122488620543	0.29835353028470246	-0.7730283796125235	0.42923493965449583	-0.3973602132029127	-0.6327640605726462	-0.08716835433328014	-0.1693199674743078	0.21972952219016123	-0.39005120709371927	0.24407375489325844	0.2106982323359587	0.48707175643031714	0.04593440123503542	0.37947909362654786	-0.8489079796985542	-0.4666864794028799	0.3564081371912515	0.5947844848401433
Br1156	0.0364914	-0.00414122	0.00209563	-0.00136883	0.00299401	8.7	0.0233487777044576	0.980666	0.0	1.0	0.0	0.0	1.4857108291686285	-0.030028506723006304	0.5445680843860984	-0.6996558981713548	-0.474169206175656	1.6739889140879656	0.3067048268265175	-0.47157899996392677	-0.09143269040173141	-0.871651504690608	0.25208075681174974	-0.8846635634034594	-0.38031839096043063	1.2022089888626788	0.7847945341527348	-0.33339206160548857	0.07886757269831803	0.15061738505528316	-0.0066832808106240755	-0.5809378366607915	-1.4536860251107457	0.5684598156774474	1.4538914702577115	0.2715219942113753	0.4486418887265315	0.24112719380868816	-1.4721073276172854	-0.001250908396531127	0.337639389603251	0.2963963756763265
Br1160	0.0321542	-0.00222514	0.00308731	0.00266229	-0.00270331	7.9	0.0209441726323096	0.974121	1.0	1.0	0.0	0.0	-0.8430341632270791	-1.0928357052414734	-0.31505547008606843	-0.4598902295918651	-0.12891579259104172	1.1936990051979641	0.04670943018926017	-0.39473768424848604	-0.5508048336669865	-1.1287863250539554	-1.1515710541209618	0.3492522467021103	-0.6765182912172728	-0.3658345933878606	-0.1183681840520084	-1.6354207126152929	0.19334851521461446	0.15603149335109393	-0.46437828977854956	0.12421576717181418	1.1905628953795848	-0.24978967986303796	0.6857443678125075	-0.2950878432214584	-1.1981949083165628	-0.23412556732066284	-0.273248896219653	-0.4628305442949343	0.28219977063125146	-0.686592284374208
Br1164	0.0369336	-0.00251718	-0.00280117	0.00282528	0.000324801	8.5	0.0232584644208876	0.971119	0.0	1.0	0.0	0.0	0.694868141651736	0.41176520086395757	1.0436947226604403	1.2312234098381718	-0.6839073033676641	-0.7274547172118163	-0.6029323120307966	0.44720026797129375	0.9600423788424461	-0.6749510694271851	-0.49818886013862157	0.22585040849711827	0.4094624949764229	-0.3470743962448935	-0.45411997548019617	0.2215646678038851	0.11193079904993562	0.7878583971944715	0.37094165468870494	0.8455663079186867	0.16961870017599912	0.25993708317834324	0.5152616151349593	0.18585838137376287	0.09326633534279634	0.2545144036181978	0.4893803122588742	-0.4202776611353469	0.10003166888573728	-0.13841982429786368
Br1189	-0.0132037	-0.00548407	-0.00548966	-4.6347e-05	0.00164135	8.4	0.0242527660854912	0.964594	0.0	0.0	0.0	1.0	0.7509538893153958	-0.10273944842417045	-0.31679310055248133	-0.4141797263294779	-1.4962684966469646	0.57374443262561	-0.14903310527289707	0.7513325932753293	0.13730613316250057	-1.7781728232602965	-0.06828017770019452	1.4029852619426124	-0.37080336474122266	0.12951900096333846	0.7881175375293779	0.28073716055877795	0.25602148159031785	-0.24959191427734376	0.7138770964953915	-1.054601127509263	1.3396443812537744	0.04987274143477858	1.0089613560945536	-0.7541023347072477	1.0554951770600602	-0.30550290687893594	0.1752907447849218	-0.4785345513989947	-0.4805273081322258	1.5487484457284855
Br1191	0.0293218	-0.00452495	-0.00193423	0.000344124	-7.06557e-05	8.2	0.0159696033044506	0.979537	1.0	1.0	0.0	0.0	2.726958681183744	0.693129134342699	0.6058412549855904	-0.8927118484252334	1.0861845392681397	-1.9720700963040345	0.26416454511005955	1.7281403390401573	-0.5192813331827942	-0.13926241356466576	-0.25543041956554036	0.6644807941999782	0.18348338227690697	0.72497323223919	0.08802837547685766	1.2943142569715342	-0.2912113976641212	1.2112467977730312	0.6245967096594051	-0.1867335916205162	-1.1218977705488764	0.09305368677916828	-0.5447287420873815	-0.9147244873831512	0.285007488314894	2.071951802773847	-0.8491295728483235	1.3681064696722256	-0.015035167343088289	-1.685938111830071
Br1193	0.0324451	-0.00613204	-0.00108163	-0.00706116	-0.0121019	8.1	0.0234964700941823	0.977669	1.0	1.0	0.0	0.0	1.220760272341369	-0.7103097318918601	2.2874128550672403	0.20860951764094204	0.2524901720740734	1.616158702442967	1.0697776437106996	0.3616303648929452	0.6212781341693137	-0.5948460417186101	0.29030309303452845	-2.0366727508617	1.0672613824293091	-0.40990939370709567	-1.2316338557779511	2.201573960340266	0.4387868167398939	-0.6371797830024468	-2.008100782353449	-1.6306402100087143	0.45057248942737865	0.16155478307772647	-0.6409237703121229	0.476771016478158	1.0085452193997884	-0.05935573272298116	-0.555222109972665	-0.23423904194745968	0.3197322928749035	-0.017188148717104102
Br1203	-0.0126477	-0.00458922	-0.00655583	-0.000886605	-0.00186211	8.6	0.0309435050996425	0.974874	1.0	0.0	0.0	1.0	0.8291703056876877	-0.2966641423645917	0.4280921528076413	0.5998653713334647	-0.68468932305671	0.7242421822719177	-1.2827219851592258	0.9210581610528544	0.7704510934072056	0.9430319316334984	0.35603947610884945	0.5835291694812109	1.0891662454718276	-1.0125943748418633	-0.9454128967645361	1.038598413826643	-0.6233473918249387	0.5903856869457915	-0.6130968728366527	0.6743368222818257	0.3874254060192846	0.7374957487033523	-1.2679221675485317	-0.4730672342022761	-1.0953350331055258	-0.08731603850363646	0.019807666926117462	-0.10627995095663409	-0.8043963397490623	0.43076225100632676
Br1204	-0.0127873	-0.00544049	0.000334529	-0.00426978	-2.19058e-06	9.1	0.0321848998657004	0.97365	1.0	1.0	0.0	0.0	1.0094611908045883	-0.0512736984061141	-1.6920853585400915	-0.41303392870610334	-0.4767125423967009	-0.5326838117322225	-1.2415168579633975	1.0328143936144116	1.517433282911492	0.9252357609524271	0.2496749615451426	-0.4382395120377883	1.4920459413880995	-0.0364220705057443	-0.6986176384180379	1.2005806288950926	-1.1960267484722045	0.8321573365833297	-0.49318631803898294	-0.1692574894208412	0.9667865720055088	1.0748068404191782	0.5443596384224311	0.09127708522749732	0.31544427638388123	-0.7710663677334378	-0.022814351955338343	-0.7872732009507784	-1.8283913325197056	-0.9942808116209656
Br1214	-0.0126261	-0.00627569	-0.00662533	-0.00393174	0.000900914	8.4	0.0324650056973656	0.97499	1.0	1.0	0.0	0.0	-0.21268050641205744	1.3965652941113464	-0.372451149095265	0.3224849855088973	-0.9128568411523177	1.6595843110894308	0.4799496578554792	-0.5874359021519799	0.44712940575635973	0.3156358086592585	0.015293332022027848	-0.2697055306990387	-0.310000959088237	0.5670623212117163	0.3385577403277274	0.3644667378282314	0.9645993240687045	-0.6968084540231653	0.0693066431208228	0.09962004397053192	-1.3351809288714223	-0.6807206003738013	0.5741992152436537	-0.12741251477006327	-0.07298290029004127	-0.5602915562321765	-1.0254205487181345	-0.07610793443194698	-0.5034555808085779	0.4495174901892513
Br1221	0.0407928	-0.00293224	0.000669603	-0.00174004	-0.00867079	8.8	0.0162368923395294	0.967517	0.0	1.0	0.0	0.0	1.1886379049445894	-0.7137156725528653	0.47214588853453726	-0.34171786197673704	-0.19925929726449446	0.2705430139507315	-1.270865698265048	1.5931161097447548	0.7981229432858944	-0.17983765261157583	0.23347100199730741	0.3010452620506748	-0.39979711833639364	1.3067093485561188	0.7405496425370729	-0.1404553240337844	-1.3767999607169221	-0.28044149018433356	0.4351056851424617	0.6767638036529633	-1.060132874075094	0.011187301757097487	-0.86775768411314	-1.4245362634182686	-1.020986299298829	0.48291890692579104	-0.43679619037297396	-0.8680943815293624	0.1181632370490713	0.32333609707648925
Br1228	0.0267411	-0.00496955	0.00216997	0.00257903	-0.00120088	8.1	0.0207807771553744	0.967753	1.0	1.0	0.0	0.0	-1.0805921506398402	-0.8875248472972431	-0.011666588060845777	0.100019363198958	-0.8205139173903524	0.2478513593754322	0.14705736539102096	0.2803949497558321	0.7382340737149151	-0.51707636432682	-0.3157076556056205	-0.9573176255464622	-1.9406940145268632	-0.17925520062656333	-0.9146717461707635	1.1503896059101988	0.3292251597260552	1.5630578619019069	-0.024480543934479165	-0.762852112285792	2.0470344511812555	-1.4023849828619137	-0.2539284631170496	0.27674690445894734	-0.09565971678230818	0.7689646936282019	0.3448649200197886	0.3129904411096141	-0.08533765498177734	2.0176733973329637
Br1245	-0.00975804	-0.00235558	0.0205113	-0.000860031	-0.0145292	7.7	0.0141559649213874	0.972468	1.0	0.0	0.0	1.0	-0.5157131843581787	-1.671994802890233	1.6001619398567806	-1.4980678017210736	-3.098544663390675	-4.269722597392007	-1.9359224503411707	-0.5487002747714167	-1.8609517307197645	0.2516934418064908	-3.9624507507966045	-3.830101191483859	-0.8878770695383579	0.5934242825033295	-4.213502148283292	-3.1085039548043136	-0.16929987946175268	-1.5157207927402716	1.938057924674837	-2.879305113138377	-1.0897211244145673	3.115615442367812	-1.708321218058256	-0.5006507130053223	-0.6832400885411544	-2.0036538757792193	1.1433433375175968	-0.6679767995675558	-2.212563011387855	-2.2498792201389883
Br1249	0.0298364	-0.00447165	-0.000772846	-0.000510797	-0.00736977	8.1	0.0115014323302341	0.975732	0.0	1.0	0.0	0.0	0.29141001195149796	-1.7590443184580589	-0.9218737830160011	-0.8340548905834162	1.2303114764627145	-0.10879814643704103	-0.5106675509306791	1.0822759590325475	0.4201981067721684	0.11408220203021761	-1.4857107847348188	0.3758075762807653	0.3276105922717765	0.1849420986426273	-1.4103305310029182	-1.2040226193440369	-1.352585710152252	0.7059771796245297	-1.2569004087874067	1.0934734550756697	0.22433450650036524	0.9320626861028851	0.8862208783941687	-1.6160399848873803	-0.2630116013476386	0.16428669975809812	-1.2706776783839802	-0.28009684951092695	-0.0373730554533952	-1.3667274337057436
Br1250	0.022614	-0.00381484	-0.00508967	0.00277493	-0.00334655	9.0	0.0377750198169911	0.976442	1.0	1.0	0.0	0.0	0.8438533353870985	-0.4730578226598646	0.9543416091027244	-0.37349233326631387	-0.5976289330569596	1.0883859092480697	-0.9990330888277563	0.745178898624962	-0.5971239783210096	0.5362482526061718	0.16982887576587027	0.6212328323117055	-0.2257294412498725	-0.1588905309472486	0.23495271477824775	0.2418669874287377	-1.8676018564909176	-0.4126268784699606	-0.8910639151083345	-0.8106077510312505	-0.505554681383528	0.6635267229747887	-1.7359225260761806	-0.5942968090493052	0.008314937353056513	0.9093484100312174	-0.7502882516189627	0.3991927272168538	-0.6863579884833391	-0.16213875741787634
Br1276	0.0293797	-0.00196152	-0.000695546	0.00656966	-0.0097603	8.6	0.0205315640763383	0.980157	1.0	1.0	0.0	0.0	1.7757664822997186	-0.3505893087321263	0.8600014850126869	-0.27451953739191215	-0.07843266262972058	-0.7010549787183051	-1.704471681896468	1.2256253014997305	0.428903254919614	-0.22999601665215838	0.30431723776872033	-0.4577097156142534	0.09321042333631795	0.6433107315499081	-0.19269794821727496	0.9464470023900436	-1.4884229957730142	-0.6090250074599627	-1.1289398159041668	-0.0782012091350459	1.126555050533921	-0.23711954876224942	2.2840539505849304	1.820740728228763	0.4011391173227129	-0.14898989356862233	2.162699299427749	-2.810678503653376	-1.3943947704851258	2.7056419671375376
Br1288	-0.0127796	-0.00611951	-0.00537396	0.00158254	0.000756499	8.8	0.024280684120169	0.974947	1.0	1.0	0.0	0.0	-0.001566595733433212	-0.1730184571678896	0.3735977034490878	0.7083752838678092	-0.4250929037133526	-0.1288425926423102	-0.22464960951239846	0.9483746763719341	0.16158917930185412	0.017435754232303095	-0.21266660256081277	2.019056836756843	0.5336264952127759	-0.4657220278913691	-0.23634815834759942	-0.654550797068818	-0.48660931198158264	0.4642826360657929	0.9194416397656936	0.23650884070358394	0.4378152211340442	0.4875191949731307	0.4717524077448288	0.7759390478046807	-0.5541192037186143	0.36698579519952135	0.0038861885521249886	0.02695052253011982	1.266403976547928	0.268970087562147
Br1297	0.0251383	-0.00326598	-0.000577583	0.0024606	-0.00382238	8.2	0.0223818242134232	0.972213	1.0	1.0	0.0	0.0	1.8339127948903113	1.0641441620102576	-1.3364099687933875	-1.3484442910059555	-0.2024261313020111	1.0194613607034468	1.3141242912144484	1.239780349604984	0.1340764585389813	-1.5261973987437638	0.34132083246766426	-0.1312969856148231	0.6690938363927669	1.1321439392217068	-0.35984439508762117	1.718677637230413	-0.016050072490520807	-0.8611978196428394	1.7163406146414917	-2.202384084701113	1.4273548793201216	0.5624505363508782	0.5805041204854284	0.08571045210732489	-0.3841607786220761	-0.7478991007146012	-0.28571951568374937	-0.594423425650366	-0.41211262816802413	0.5119898161692266
Br1298	0.0330959	-0.00452452	0.00134591	-0.00109509	0.00130763	6.3	0.0227058346514402	0.971301	1.0	0.0	0.0	1.0	1.5364268306258029	-0.5243775528252301	1.2176695882360757	0.9365408805534761	0.5054193692817281	0.26886440246850013	-0.11403228094999579	-0.47845589321425125	0.5405012256708571	-1.0573814335846943	-0.3884354411832791	-0.5279473016802528	-0.46546974914995637	-0.44090677799985994	-0.42555467540520825	-0.5905919103015915	1.6763321003446074	0.487966247984411	-0.9425485410673596	-0.6279825369678295	-0.4274745238160532	1.0770831284010975	0.3873716119999811	-0.5608557193468724	0.8943351277818204	-1.3734207792973203	2.138465469912748	-0.7531237484573008	-2.5254512440251338	1.6374484543472385
Br1340	0.0337791	-0.00216496	-0.00315972	0.00300769	-0.0107748	6.4	0.019580809845588	0.974071	0.0	1.0	0.0	0.0	1.2812035959706616	-0.5376434320534332	-0.5081712558317585	1.2743205176045294	-0.1683777420357007	0.8214664710690524	-1.1298717390222672	-0.15000866012788014	0.5194077078899738	1.9304986599018654	0.09135961220526642	-0.6891292846408261	0.04573641741898748	0.053114969830028454	1.14422286939146	0.7219605394377302	0.5828320064928043	-0.7815412812691551	-0.7306797541463481	-0.07326303367475329	-0.8627849292313751	0.3133668612414733	0.27643622602483753	0.7076466412940537	-0.6909353397591823	0.6338526781188926	-0.3327257327732248	-0.7486471585857228	-0.3108052841786239	0.42816647363074894
Br1356	-0.0126358	-0.00354923	-0.000441472	-0.000903487	0.000366775	7.6	0.0309325579414725	0.972812	1.0	1.0	0.0	0.0	1.2289299426430005	0.12382716814949955	-1.4685579280423593	-0.7161710393276273	0.15179409706659125	1.162333669810076	0.23156314246424148	-0.1766212632882511	0.44294666431516366	0.5803920724598093	-0.4864334048787272	-0.47718946558207614	-0.7871231168456068	0.646303547369753	-0.38202401486284215	0.7173790763455428	0.6116477257574323	-0.2966876447922598	-1.244034139940775	-0.7548055911789938	-0.2490706039316352	0.719255336223836	0.23029616772971645	-0.07794705322288775	-0.6929341028192145	-1.7061026064491498	1.5980370224495462	0.12770322457274574	-0.016745283598830287	-1.381171813604782
Br1358	0.0341822	-0.0040841	-0.000334944	0.00449193	-0.00579062	6.4	0.0198520875481917	0.978159	1.0	0.0	0.0	1.0	0.5686434814213203	-0.3936845310018287	-0.08124456637192051	0.15710674127815305	-1.1853950086576954	0.6988514184157619	2.5414000879523004	0.528588304098935	-1.3408548384052854	3.223345487846719	1.6491763697397412	1.3435275160465348	-1.505490043021266	1.3401831032855347	-1.0836485035942809	-2.0997793615295604	0.5498875688647408	-0.5419120996189477	0.29687970971200717	-0.1761793407425059	3.6916727587880147	-1.2355064900784323	1.6091308549286503	-0.3464077717262993	1.8072441299533173	1.5208067005491852	-2.0195772743236997	1.1144667701441988	-0.6084327007537706	5.691926973605226
Br1371	0.0305545	-0.00531121	0.00121781	-0.00493796	-0.00454867	5.7	0.0195975003154958	0.978264	1.0	0.0	0.0	1.0	0.520600553415277	-1.0668311077962525	-0.8037731228638836	0.900592593664132	1.126907236452407	0.6318501916731198	0.7981019603098317	-0.4518575339333302	-1.5618733880317457	-0.6246880098247906	0.1465218345642146	-0.5553130499872119	-0.22607861378189378	0.29579870145854115	1.8810492645575139	1.1629161366175635	0.3900315793572674	0.7432292003402248	0.23834414278779606	-1.1892718053823106	0.48560135558082074	2.320642822215691	1.1801961528872804	-1.019267830539487	-1.2954063571151981	-0.6072779132442058	0.41905988388466386	-1.4010845343009992	-1.6794196493383329	1.024736735894879
Br1383	-0.0119659	-0.00456439	0.00395027	-0.00150494	-0.000986164	6.5	0.0317261871482686	0.972551	1.0	0.0	0.0	1.0	2.453730210829001	0.8017943286771303	-1.4114540203468673	-0.6842141422203353	-1.5943647517889397	1.4408032835128415	-0.831473369522185	-0.12548266217706158	1.205963586764281	0.8301591194003406	-0.1355879409778953	-0.5723639477175423	-0.972098689918571	1.4053145289600477	0.2534952765180863	1.8368685623444598	0.8641038809905227	0.7463840015302595	0.7223434213103022	0.09136969662442167	0.252504559411336	-1.6625173549534236	0.5125664054509512	0.6622253198869249	-0.6329057370346419	1.5164162087178483	-0.22055092446851993	0.017474363949619914	1.253609106844196	-1.7846658693331545
Br1389	-0.0111641	-0.00596424	0.0019409	-0.000724157	-0.00605503	7.3	0.0291640033826516	0.972502	1.0	1.0	0.0	0.0	1.0231302812885095	-0.8297022910048185	-0.23636560001898604	0.39184169069045505	-0.6049381473938871	0.8623226136377391	-0.9841765228039443	0.8930843052132108	1.285242163423197	1.6414892103077108	0.904190027317984	-0.4212644093880721	0.785091665087583	-0.05805236570893084	0.18460906805460026	1.1695003618777915	0.5553872249901544	-0.4983969869625465	-1.1530113394385308	-0.6565650097101836	-0.2830239030249794	0.07528987123530045	0.3154690804447022	0.29922843135238286	-0.31125061211737526	-0.3043588268956287	0.29260279343272694	-0.10253120961071789	-0.14432391339552358	0.3826332084102025
Br1399	0.0257676	-0.00447164	-0.00225458	-0.00355714	-0.000757692	6.7	0.0276997115611554	0.971684	0.0	0.0	0.0	1.0	1.3843882762768052	0.8593518606000858	0.03695294058552516	0.3234452692474799	1.0557940738627885	0.581823495490379	-0.5540763008267361	-1.9198303770369471	-0.7412298473986506	-0.11765459620878008	-1.0042417557599177	0.3135536460818603	0.43464143390047494	0.5535032390667864	0.17484657828062905	-1.011539901780115	0.39689576362972434	1.2692887051819113	0.3515619033453724	0.04303493576151712	0.4950545786846775	0.09123730703121016	-1.2041491486877796	0.32153731119594026	0.12973674920252704	-0.6432191955749266	1.3105094614007466	-0.1582318275354878	-1.0205166748521444	0.0011788283095292126
Br1442	0.0399204	-0.00540506	1.83979e-05	-0.00674509	-0.00575595	6.9	0.029964279025464	0.973847	1.0	1.0	0.0	0.0	1.3376891892127494	-0.35838416136259615	-0.46512887656547963	0.3918711159351672	-0.4840636777968536	0.6116119649454936	-0.09892313840481787	0.16634358921845246	0.5906151085656608	-0.14146668267822932	-0.1594475003409432	-0.5129402512393425	0.1978446957262059	-0.1283287267792337	0.09403888205152038	-0.3176351338097901	-0.061033548921310916	0.3712998778445318	0.6213998747332165	-0.6064209934010283	0.1216666396205648	0.07821911933720846	0.5254020078578105	0.4137373365090983	-0.04101745390011298	-0.49117750759984113	-1.3779739867768364	-0.24126863359051315	0.42632442874454357	0.16269187433312582
Br1453	-0.00740694	0.013756	-0.00098374	0.0386823	-0.00448538	7.8	0.0197617960892427	0.977673	0.0	0.0	0.0	1.0	-1.0340402532628448	0.050204623024990895	1.516914790432114	-1.3339574787546171	-2.1405918384007556	-1.302053387173383	-2.2095574527275286	-1.6850476848399922	0.5215964689264199	0.9082160133466375	-2.074998538709288	-2.6163259271463106	-0.18334038515124365	1.5600905804366794	-0.22794910461898435	0.6799479308334037	0.14807803087554572	-0.3947424924847242	1.1025999944209233	-4.02147248789839	-2.3020607874181596	1.9625339327360654	-0.7545595519248003	0.23965874398284875	-1.1849418002541023	-0.6665826052926005	-2.0060537654844253	-1.315273764948703	0.7785499537907575	2.5709973013150793
Br1455	0.00259509	-0.00472219	0.0046318	0.000114389	0.00376591	7.0	0.0361160479775731	0.974487	1.0	0.0	0.0	1.0	1.5655446941252729	0.39672932229636515	0.38460785534756037	1.1559461982340422	-0.561074486024707	0.3911766756791548	-1.1799488494468162	0.25948455723468716	0.5944471482803767	1.360077551784495	-0.28198743595910764	1.003218945395819	-0.1620073123604343	-0.805426712837655	0.004968838147606612	-0.2463103629925689	-0.5134831087668729	-0.5694686301001686	0.8552100431602814	-0.2837939821853926	-0.35393594710446585	-0.2523113722241421	0.16847633740338758	0.8453573657970392	1.4175936691325333	-0.6366070683601863	-1.3719360699352097	0.2090086952814317	0.34516372104358994	0.14064118072705628
Br1459	0.0379671	-0.003012	-0.00249682	-5.10018e-05	0.0014586	5.8	0.0145459195558968	0.97864	0.0	1.0	0.0	0.0	-0.6583862158819876	0.38103063022696865	1.3457244493544254	-1.997591908230813	0.8756545992819077	1.7453688312487494	-0.8277463688748651	0.35901155298837933	0.9804345332640503	0.2703035403501217	-0.07507629014104322	0.018689841257868423	-0.2938520536537842	0.5467640763295516	1.0608711695091717	-0.28180681485563885	1.31466249720286	0.6138221680775541	-0.02114091238970241	-0.7879331108894005	-0.8284393895166041	0.8258375031034749	0.5192628788504283	0.32544121866007314	0.07250388812398603	-0.24642887300607463	-0.15035965195520912	-0.6210150319068376	0.14903756071385335	-1.1015197276305062
Br1474	-0.00992705	0.000202791	0.0118554	-0.00221847	-0.00396283	7.0	0.0355480768273629	0.97466	0.0	1.0	0.0	0.0	1.400560491818563	-0.6241314274038572	-0.6461510002157834	0.504303398921458	-1.7034599679413063	-0.05845875972486501	0.08299405270285287	1.7354624720791314	-1.095665230704556	0.1724236727004066	-0.12286441419273436	-0.19425448912588042	0.9682903691594237	-2.398559886537673	0.08667290278833147	1.076194900946235	-0.06775408795166894	-0.3127172938943187	0.5289607470320433	0.1251109045950567	-1.4054086097196778	-0.4271350934376356	0.23461262136785593	-1.1520128066828632	0.800794755369313	2.0485684769695776	-0.37598422232368367	1.233397518421632	0.26962534923211506	-0.4879133618676603
Br1485	0.0193894	-0.00357027	-0.00312278	0.000138177	0.00390343	6.1	0.0370667515369846	0.977844	1.0	0.0	0.0	1.0	-1.4446108196813514	-0.05362281190823053	-1.2387813114813364	-0.6851560354822741	0.32078387160302774	0.2673883267497776	0.29695360725634407	1.3312992640123968	1.6639152270375335	1.1233434938310214	0.09563030552107228	0.6561155247020836	-0.1323369032563338	1.2221685438487078	-1.3666280701982065	0.3040591945315135	0.1534280734288174	0.4197934846166234	0.3772789605514376	0.26597640097025466	-1.5353053019892338	0.46670745964473515	0.37254455470506004	1.2334388868798805	0.9179645988862128	-0.19634806621444278	0.014671244237680216	-0.9052637286991572	-0.12691421233746047	-0.3297738309235893
Br1487	-0.0125718	-0.00320429	-0.00452408	-0.00318626	0.00222047	6.5	0.0196200596664446	0.977076	1.0	0.0	0.0	1.0	1.0745116133203767	-0.43859845565214933	-0.5955941970226996	-1.0032935395090228	-1.0178129371145361	-0.7583227731901485	1.9774265397033863	-0.9382567219626744	0.44503043027911254	-0.4516379021460627	1.2397553490694402	0.15103060249564562	-0.22829216704000432	-0.5514208780280124	-1.3757032795046888	1.3109769205408168	1.1820725806546093	2.0485115391019226	-1.5510887214578328	-0.6422941283382749	-0.6403302271552525	0.1271375559715366	1.2575350680319972	1.8018141750948478	1.026170824434857	0.14979247840809434	0.7125109317472265	0.5814693955714776	3.0388204093945155	0.3020719893330683
Br1492	0.0377483	-0.00221217	-0.00372201	0.00241338	-0.011288	6.3	0.0112196200092545	0.969699	1.0	0.0	0.0	1.0	-1.4256748538344808	1.3923397178667736	0.007613784333448344	3.1390550275115405	-0.8249686104433877	-1.5399560032527724	-0.08360036692250339	-0.4113193143457113	0.6687963682409211	-0.5667121000012704	-0.3963187452016532	-1.8609285593400693	-0.6090061819894703	-1.184069258642814	0.6418264902196169	1.536512560826027	-1.038245365313289	0.16752554205076675	-2.0546531315536174	-0.8211564321078446	0.7137861574336859	0.6280955347841157	-1.5358761855410747	-0.23320438061711132	2.1197562955283846	3.074021892299223	-0.9169264700039134	-0.08222659651012923	-0.13396199459550295	-0.6683165345431157
Br1373	-0.0127501	-0.00569937	-0.00167511	-0.00524315	-0.000956627	7.0	0.026103580834063	0.977792	0.0	0.0	1.0	0.0	-5.006070005267497e-15	-1.4305674559994222e-15	1.39341094828117e-14	-8.379328682301177e-15	-4.893954515683895e-15	-4.44573467144478e-15	-3.798386201171165e-16	4.155345373896241e-15	-5.624747581461194e-15	-6.323771609602598e-15	7.649904197344667e-15	3.87096840328895e-15	8.236095432083894e-15	-4.751877895261515e-16	-9.994093478757932e-15	6.9165029930208716e-15	-3.3651591449656603e-15	3.5573997081158966e-16	-2.3390581661094403e-15	-8.395870830639158e-16	3.485580636489614e-15	-1.9050817644817043e-16	-3.1389938740127156e-15	4.499667084811702e-15	4.953886637896449e-15	-9.820415543382565e-16	4.68604936700839e-15	-3.4206064782556913e-15	3.9431680676821635e-15	4.656483514857894e-15
Br1498	-0.0125879	-0.00372675	-0.00381043	0.000844494	0.00290376	6.9	0.0067393492705076	0.970592	0.0	0.0	0.0	1.0	1.1745816594439789	1.5916633568825023	-0.9007054205730971	-1.3464784819410545	-1.96610614916349	-0.7686469161505484	0.11192463241973892	-1.7329059800141648	0.6009157278393932	-0.8089241049703786	0.2480452785306796	0.8940219737289754	-2.3584616821761197	-0.6345206734355628	-1.289618543448018	1.7362326210576071	-0.7754271705974919	0.2911480822766327	0.5806013739759276	1.8716424516395522	-1.9693722981405357	-0.6325459846712564	0.9932946220047258	-2.1921507417783257	0.2850461843407012	1.1765461107490611	-0.01659117318653686	1.389486647018501	-0.987072203944579	0.15838640540913707
Br1503	0.0262988	-0.00404361	-0.00253941	0.000234892	-0.00176914	7.3	0.0251653360867966	0.963168	0.0	0.0	0.0	1.0	1.4762769777907105	0.6583456610298231	-1.3347046786834096	-1.511853695299856	-0.13578941738409664	1.3886591088489084	-0.09071107159682008	-1.4492760513476415	-0.4458312704019926	-0.7261537516175418	-0.3625144853970908	1.3800862902153355	-1.4691832645358218	1.8768306904453653	-0.5162399894352949	-1.4390117055794767	0.9286718727454591	1.0569892282093512	0.7841421893920181	-0.4469995006696347	1.4289976016641563	0.7909479030209533	-0.41054626635785796	0.8144666880018978	0.17119463292465262	0.1384795614367627	-0.904704957036777	-1.8867142768873684	-1.2301088465423766	0.583710763837357
Br1507	-0.0123873	-0.00340378	0.000111928	-0.00145876	-0.00200037	7.5	0.0371132712278733	0.978687	1.0	0.0	0.0	1.0	2.176382318211723	0.0832680705802719	0.683001942284132	0.7386838117209418	-0.7009462011643002	0.2649074045013599	-0.9806585794187662	1.3196835947858399	0.6132457314293616	-0.5890847269023956	-0.23948689701072248	0.4396380635848852	-0.6685375322880629	0.9258580296828609	-1.8628079726775457	1.1964537006067555	-1.7795475362643265	-0.30726758192484677	0.03688458141734102	0.04544276135834405	0.15709387180116638	-0.7965330268780967	-1.2990029005647048	0.9549491185622643	-0.4407646906352071	-1.3949934979925944	-1.0993169088710433	-2.033380067431802	-0.13012849186488867	0.09572881915756326
Br1509	0.0371914	-0.0051615	-0.000349591	0.00240973	-0.00593305	7.2	0.0113680684056122	0.97367	1.0	0.0	0.0	1.0	0.011916930891513062	2.94380955527968	-0.2000415582613017	2.5161640853088216	0.1303420082105009	0.8456969575185703	-0.4913251629491008	-0.0002929846164904401	-0.6958133593427059	-0.753907043868054	-0.032226683106226735	-1.0896866628004842	-0.2722320756330013	-0.5990550691300236	-0.6475858361607598	0.3417783536175232	-1.754350721842859	-1.3898359924301884	-1.6741261116137722	-0.11136795727458897	-0.07049776982550983	1.5842594240250216	0.6141588926460498	-0.8638543123858494	-0.4601923937909499	0.3937539077384485	-0.20638484694594175	0.7714631366415573	-0.11110537095184349	-0.9189917265203156
Br1517	0.0357259	-0.00445361	-0.000203604	-0.000901732	-0.00940327	7.8	0.0241005886173437	0.97625	0.0	1.0	0.0	0.0	1.8543048397760244	-0.4563079880891511	-0.07634453818335146	-0.2991167742342668	-0.37543193872353386	0.622242058867835	-0.2754398769012086	-0.04249472435815812	1.2829582170477378	1.103525677458069	0.9249009901748203	-1.2538986981284328	0.9294097759009443	-0.5246432803730264	-1.47585275252347	1.1908401013437606	0.22720167145647602	0.20852884301008653	-0.2456537810321563	0.14350776456694198	0.028862438260182265	-0.3443616864926616	-0.2685803461946069	1.2519793296445543	0.5657200534806446	0.3773429464241389	0.6391752460814351	-0.8019053974442398	-1.0661913011757749	-1.8420459215519183
Br1522	0.0178829	-0.00593535	-0.00149412	-0.000261626	4.54032e-05	7.3	0.0267901820161948	0.977554	0.0	1.0	0.0	0.0	0.4876947998147496	-0.7240875305016463	0.7745597131774034	1.0375366145059353	-0.45496433846667655	0.5206750731424095	1.0518811705348339	-0.4425911227431064	-0.535418654127118	-1.2992071946807648	0.5540788575803176	0.06050189942739656	1.2971527076623774	0.14578740425690123	-0.28036636432935086	-0.1915640774371193	-0.2004396978562559	-0.5140311337153255	1.3933738160483435	-0.11358143870799683	-0.6010777242904014	-0.34109271908118416	-1.5720681754133825	0.7847427557926927	0.12124150775455927	0.8922834152942356	-0.7626034433947659	0.5454966512539708	1.2028320302385356	0.8638945675932149
Br1525	0.0340255	-0.00283513	-0.000206818	-0.00238567	-0.0113159	7.7	0.0286395953734991	0.974066	0.0	1.0	0.0	0.0	0.44889818308898943	-0.8424546839706223	0.773486412554083	0.9419390422782495	-0.12912931896203442	0.7248492340892264	0.16736616155548914	-0.28450027934398986	0.7124063109128925	0.08110314033119102	-0.37592586485986706	0.18972753028193196	1.02570022926581	-0.06403101419143031	-0.9206383268559217	0.6159096967280376	0.6518708055265646	0.30817259857464613	-0.7303722581584848	0.307012988670541	0.5363053419036852	-0.5697525253455977	-2.0460120601093577	-0.5697621558498749	-1.1524304988062526	-0.5652074751973347	-0.4552509155705884	-1.2410489259579316	-1.0946002787463658	-0.3492323867215131
Br1526	-0.0126224	-0.00376475	-0.00185619	-0.00320632	0.00131387	6.6	0.0278291951335592	0.972433	1.0	0.0	0.0	1.0	-0.29216119013580677	-0.9125648966345726	-0.36327030040052877	-0.4633015307398173	0.1675709563117966	0.6467138606049663	-0.716790509496571	2.1914286656524427	-2.19659983092809	-0.6302626173220011	-0.9489873990371747	1.4007807948126694	1.746526003600431	-0.5486928527062593	-0.8389095389974405	0.19026113950882861	0.9182442021819813	0.3366077091464149	-1.2905838319349423	0.001387755306069528	-1.2895182304627144	0.3755167566492297	0.06095318765452291	-0.8535135423692093	-0.0976191724257809	0.8738239914398459	-0.329687148553865	0.035573718285557415	-1.9755144119346517	1.7280982046606053
Br1527	0.0380838	-0.00478088	0.000857709	-0.00351507	-0.00502923	7.7	0.0137760256826456	0.974639	0.0	0.0	0.0	1.0	2.0665467236654607	-0.6727983346419852	-0.4893810277032014	-1.4250435335942782	-0.4177625530627289	0.5242106706132825	1.2044638165082144	-0.2425755608626078	-0.20195456928696345	-1.62954830646144	0.3257573467704096	0.7749245708283543	1.3340828532013735	0.6040617971897368	1.8363715682219175	-0.663367126257453	-0.8655625352122934	-2.646612015376841	1.829758084886184	-0.9762392174710308	-0.511306403419483	-0.3213812127097246	-0.08030844688459897	-2.4129657522132706	2.2776743313551866	1.0431803062734157	0.6019115282204165	1.4790347430272173	-0.15481473497252948	-2.4846931279822813
Br1532	-0.0116373	0.000266897	0.00951726	-0.00552923	-0.00295661	7.3	0.0212938244907437	0.973113	1.0	1.0	0.0	0.0	-0.13491492115431789	0.3321641264246736	0.842844615301729	1.7518707222690082	-0.7470521349014287	0.5455489331446405	0.09532110208081435	-0.6013310547776293	-0.0010038397443417736	0.1427434867760943	-0.06839228174219472	1.3247826738916684	-0.11488902182733737	-0.7414303916128121	0.7345923287194986	-0.2232392244361383	0.35553341909272623	-0.2923804232509236	1.1582200613834102	-0.08715187404649966	-0.33122444014398156	-0.15962960451902314	0.6894982142139436	-0.04215542650280519	-0.4850956100855526	0.013298687771118426	0.02788703175995534	0.9692942897981669	0.322534787038669	0.07194386290611303
Br1536	0.027069	-0.00593718	-0.00587619	-0.00275273	-0.0108969	7.5	0.022693000142556	0.973404	1.0	1.0	0.0	0.0	0.3349601100013359	-0.10610571743164347	0.7232634726853034	1.0481792837459996	0.45093755508927175	0.21524061737248068	0.5656682045866416	0.185643787202125	0.660955589649722	-0.4503340504612441	-0.5748217175714145	0.6400396450323241	0.022543123891198794	-0.4185667160023958	-0.31325118092437393	-0.5656158779960921	0.23895035703532896	0.7315150670470512	-0.06347530157695158	-0.5726377367256261	-0.5639938401317416	0.05058247390101744	0.2143565009288475	0.1398761043706981	-0.6649533256102441	0.30024730146594464	0.4649821036706289	1.2350670596209752	0.7800452665955007	0.49004378536287113
Br1537	-0.0128279	-0.00633185	-0.00476181	-0.00294671	-0.00197942	5.8	0.0176778297796941	0.975521	0.0	1.0	0.0	0.0	-0.6704202301687534	2.0868363508717858	0.6636917288021829	-0.6875895288334303	0.5172946132596642	1.0717533117107245	-1.2497361818222654	0.12539099270777435	-2.836426018743789	-1.956255185693939	1.4387685962890298	-1.8716604207490697	-0.47644790706555035	1.0049488858037057	2.179028267603325	0.24667269820422802	-0.6712508615556088	1.6794819148947862	1.3921799669387764	-0.510288893853183	2.955721276600613	1.4423970029481537	-0.07849205559852235	1.640065171401964	0.20269950838341566	0.2264607729550022	-0.2427939369504836	-1.353840752839943	0.4531972310673484	-1.164470904710633
Br1538	0.040311	-0.00668206	-0.000153223	-0.00122213	-0.00380165	7.3	0.0204036549697116	0.97254	0.0	0.0	0.0	1.0	0.6271235167068082	1.9139958280304887	-1.6959334399758734	1.5975625272792047	0.47266718665562585	0.8328267129387351	0.06730441054833868	-0.26396030490520556	-0.8765212764505971	-0.1829955811421002	0.8483154689404515	-1.1036935155084129	0.4136993132388335	1.3414688801064274	0.5477455308112157	1.2573916484875673	1.022272656732629	-2.3511626254790805	0.4249760848292683	-0.9820403629995573	-0.2462806581629422	0.33966966225283257	-0.29515236041071113	-0.14698371944445615	-1.4083764612891945	0.42659666752829417	-0.504671445898607	0.48046077353106414	1.1475251080001998	-0.6337916583656229
Br1539	0.0418455	-0.00265308	-0.000330676	-0.00215158	0.00246444	6.9	0.0284461421581247	0.963155	0.0	1.0	0.0	0.0	-0.08960055887575327	-1.6806519015292671	0.4694367402534266	1.967223517417223	-0.408411876617654	0.02530376684861244	0.1274657685161082	-0.6446886318516424	-0.6828024940829489	0.5925757537697244	1.6857985202525478	-1.1159000155403025	0.0665666559750074	0.8378918597451572	-0.4142968866872585	0.44623632633479005	0.3323819792915659	0.25866025703414725	0.3500932000663404	1.0602947717002773	-0.39643719105570635	0.6461258882921576	0.06032532689392301	0.2839343541556644	-1.2034250858359667	-0.020036914557911324	1.613065090993407	-0.5364289310679394	-1.4734764307751926	0.07931522766192975
Br1548	0.0233555	-0.00556816	-0.00604456	-0.00591176	-0.0015749	7.4	0.0141266601289853	0.971926	1.0	1.0	0.0	0.0	0.2547040010310914	3.1109701992028063	-0.31969024608887525	1.7999918095532426	-0.6585299783741049	-1.032986343374402	-1.1404060501630526	0.266397487244599	-0.30709465043187684	-1.5964070470229663	0.10009242243400901	0.15241188023729768	-0.5983487993268842	-0.9034070346816747	-3.3389193590651947	-1.5497803833808812	-1.778825466260399	-1.5183984069854166	-2.099371965991063	0.5507778743354809	-0.34985176081955927	-0.2821545333263885	0.6416051761943454	0.46104502043816337	0.967664307173315	-1.4376205028494136	0.24220217667588936	2.3978390875929985	0.3495996145400117	-2.0582290844135764
Br1550	-0.0121499	-0.00457288	-0.00409419	-0.000778644	-0.00475871	7.2	0.0163954626508925	0.974044	1.0	1.0	0.0	0.0	0.7809892785917437	1.1955012285936877	0.517305077009727	-0.2486781819598911	-0.22837072159197908	1.94621242658884	-0.8656783964744197	-1.4106252788275215	-1.7407437070661465	0.32444206062535413	-0.7585462663350023	0.8403342943633756	0.25391697686727277	-0.6083612291548093	0.5243561089179136	0.08146120328510591	-2.1377680078037455	0.46453881502327304	0.34250632175478585	0.011487197126241914	0.3332250438038477	0.0020403057285270972	0.8390235469766983	1.3408727276216073	0.9248805578751763	-0.5258727997645191	0.6804055304433193	0.855831625080012	0.8588136769688606	-1.458314798837406
Br1552	0.0370997	-0.00503777	-0.00396544	-0.00474186	-0.00814203	7.7	0.0124015941166165	0.965131	0.0	0.0	0.0	1.0	1.7189770287653658	0.16929642530349712	0.9371404016235374	-0.9279972519845608	1.5068086386689041	0.3304867332545686	0.5054708898454888	-0.4411626684544102	0.7715172226515626	-0.7846687008273597	1.6351537652786807	-0.4647749500771891	-0.529276131040879	1.2052503999968145	-1.051586644479906	0.9278556734168129	1.512323741610665	0.6949220185040621	0.6557098946367992	0.645479977927563	-0.6371246170930213	-0.6678857279602779	-2.007547313687921	-0.7205248998258618	-0.4839982773050903	-0.4320418675587386	-0.4097155842903809	1.2041205442996619	0.5814979154653884	-0.42403289532080607
Br1553	-0.0125814	-0.00504866	-0.00262038	-0.00126589	0.00150892	7.5	0.0201703129701705	0.973468	0.0	1.0	0.0	0.0	-0.8206380091774289	0.6838616144957191	0.0007543862987726851	-1.0936821739371134	0.39796934591621663	-0.843366151050435	-2.0770370314840654	3.3944656872105217	1.691056907688842	1.253249066238453	-0.8272942750101459	1.2500936636965174	1.0626214164568015	0.21778782740891917	-1.1370087019267519	-0.5358668602282131	-0.6119692013120615	1.0116244395442	0.16859324641193993	0.1463994355203066	-0.7161797277717585	-1.1583051374506725	-0.3146545554101913	0.8410168071049342	1.2531680225825947	-1.1222253738107886	-0.41734840618185015	0.34379963326197277	-0.3368346318140726	1.7120753368264945
Br1556	0.0365817	-0.00423142	0.00167181	-0.00134237	-0.00640127	7.5	0.0293038100930576	0.970559	0.0	1.0	0.0	0.0	0.8775369128752529	-0.03882090118761775	-0.07416046774602243	0.5438689214610222	0.30820330141317953	-1.067147468211673	-0.26020024527130514	-0.24067402730213414	1.2749818439786005	0.6064913767443203	-0.5909609637734206	0.29054251763154243	0.08994603891271528	-0.47229477088031646	0.18326934598511443	0.2891213756090134	-0.4745602829077159	-0.18931743894890288	0.005431479837031065	-0.5470801580078963	-0.008692088948876067	-0.35071875940288505	0.5561107720255084	1.2519865865180444	-0.1807233528262454	0.23681663515320625	-0.13718363317768636	-0.4443879440934849	-0.45921498645601827	0.5050244908271438
Br1558	-0.0121498	-0.0048882	0.00086555	-0.00449152	0.00177309	7.2	0.02749739777321	0.977647	0.0	1.0	0.0	0.0	-0.71359544257044	1.9114638221893043	-1.2335550211016053	-1.0622034954308297	0.7404182966402539	0.2690254682616983	-1.5137699694195472	1.6091756993015218	0.745758712851178	0.07117143263897775	-1.0308923644661139	-0.40138104832479105	1.7291928568867758	1.3012972825437201	0.3979102870153974	-0.08653042227679124	-0.034147819849929276	0.41810499219018227	0.0806693319723095	-0.1933789867292731	0.41767505089738854	-0.030450861375357813	-0.5423993628388684	0.6154143084704035	0.1935784417932466	0.32388012631761237	0.30529567156797177	-0.4213347799799786	0.5809660942563319	1.3425546469674778
Br1563	0.0357882	-0.00453087	0.000304588	-0.00229106	-0.00994589	7.8	0.0167003215601869	0.970225	0.0	1.0	0.0	0.0	2.1232028283542075	-0.24053331321273086	-0.041591501899774994	-0.10818510169427363	0.4696980964376402	-1.1949145607042144	-1.418385009847577	0.7134122992631562	1.666339755615423	1.4584831069663804	0.6669653098416457	-0.14034153567956859	0.21005965919379238	0.013079644674688015	-0.31301383543292455	1.050153366833598	-1.3118908947095735	0.07638550709270779	0.8584080525864661	1.0243257837677222	-1.2396733088311924	0.32175630777187914	-1.056309936327903	-0.4665565692833443	1.7315980180341435	-0.571424756610392	-0.4588233378564114	-1.4295880121275326	-1.3044864304898143	-0.6476313220117108
Br1565	-0.0128595	-0.00486435	-0.00286177	-0.00348916	-0.000485544	7.8	0.0347350733362932	0.97619	1.0	1.0	0.0	0.0	0.6850658540902295	-0.23853914100372636	0.4245887023120584	0.28963626140843923	-0.15297210262897948	-0.19818338880696357	0.13541587881741884	-0.04534176626075702	0.7160655088391319	-0.5360391658157775	-0.6753731069642163	0.7328879693162158	-0.22082427675347552	-0.3424239627182773	0.28306600750011984	-0.08826663688841348	0.7258179158990802	0.3077542434743032	0.3283426402706199	0.034211310062455	0.8806436674445202	-0.9267311292945553	0.12203992062097943	0.27353090441343353	-0.4195526131491734	-0.5822485887680547	0.43613481626705	0.011115895133975432	-0.48442125760541255	-0.521520788319971
Br1568	-0.0132757	-0.00590997	0.000224052	-0.00137406	-0.00108007	7.8	0.0271633041346509	0.974527	1.0	1.0	0.0	0.0	0.2871799734623207	-0.9895701518911101	-0.5980520437260834	-0.18258364621234455	-0.6066714511594075	1.5457138193025923	-0.19296500869576805	0.21589790536660805	-0.01787639628110485	0.671831247973421	1.154517623703649	-1.1224538578358771	1.0800866550820445	-0.006404969838294067	0.29170534552061367	1.0722284724360374	-0.12725110432051503	-0.6379294872464756	-0.6844955083682197	0.1823938397923906	-0.3722640344958739	0.7029776766447816	0.34211943843086196	0.11473427850541354	-0.17683461336606926	-0.5813151501645212	0.015592665812156785	0.23002491276818884	1.0770784960029125	0.22479707168160284
Br1571	0.039326	-0.00284828	0.000211065	-0.000809387	-0.00156709	7.6	0.0296122793217261	0.972793	1.0	1.0	0.0	0.0	0.9082608277135299	-1.3792628408433518	-0.5063298250446102	-0.23143013581067984	-0.6986160643396716	0.5737179391384052	-0.6990432724852251	1.017549020909227	-0.9343102725730075	0.03867050162374115	-0.071970060373756	0.544798651062121	1.0868687247140993	-1.057717804711398	-0.8685394674387854	-1.2688016796026438	-0.38214807665924255	-0.21562353144687862	-0.7505298775732084	-0.29996716911471066	0.8622628827008204	0.5776833544764081	-1.257504808220107	-0.9919375370319505	-1.2077301392379247	0.7861775486103612	-0.3512145965847028	-0.2989560343380001	-0.9996145969466691	-0.09936959666314914
Br1573	0.0322005	0.000596495	-0.000499231	0.00690358	-0.00196658	7.4	0.0143894874782165	0.976235	1.0	0.0	0.0	1.0	-1.0345272343000562	0.825329756285579	-2.1354847324481945	0.10554076012231806	0.8023371213106688	0.28264818956382565	-0.41701918875271954	-0.38463150568528454	0.7214283202072135	-0.8245102087717104	-1.1050270983309685	-1.2536267868042859	1.7003632928849732	-0.1883391292292249	1.4055602616135279	0.6960899411523838	-0.8666171450801249	-1.0704992739557266	-0.5030864972301482	-0.8279421547984154	0.5613506033479843	1.069979902253589	0.4504198741517567	-0.47433846723943257	0.40401469868181505	1.217497069752524	0.21955190448722578	-0.4198923612273854	-0.3876368611443992	0.11385722987574956
Br1576	0.0436684	-0.00286209	0.00451537	0.00515774	-0.00242568	8.1	0.0237003078894676	0.972894	0.0	0.0	0.0	1.0	0.7283117893618514	-0.7726409574193265	0.5983191297643506	0.9301520461428727	-0.7373648551102067	0.8463856665706355	-0.2869404341852998	0.5032905659771245	-0.44128294252757916	-0.8961078987116784	-0.5147573817739706	1.1668626852777046	-0.44693682387707573	-0.28489782682029297	-0.4315687195484815	-1.6154931309130718	1.4432990618224475	0.755015614777682	-0.27439072940998155	-0.16566838793996788	0.5272782524997002	0.07305507636947414	0.26686390431904056	-0.17981372892494074	0.8780244410713721	-0.6059527720343554	-0.09312352466103528	0.418145115940584	-0.5786693148976468	-1.1079097537103997
Br1578	-0.0130395	-0.00467447	-0.00650951	-0.00368674	0.00567442	8.2	0.0314514784363689	0.981138	1.0	0.0	0.0	1.0	0.34348358400353696	-0.8535397036275468	0.2664586330914045	0.4016834928182521	-0.5388791695255405	1.0231329238992732	-1.0354217705356816	-0.2542014762357905	-1.6644959661093737	-1.6213940659158335	-0.1719579963404622	-0.5269706778930476	0.5854285415070103	-0.45605688990523424	-0.2371937227250088	0.11395446265155705	-1.8157316931236653	-0.006563145385652003	-0.09547739720926725	0.5417682758781542	2.475612618062923	-0.9627829561831719	-2.101582852654869	-1.2309042774562784	-0.307781005822003	-0.3322623358181996	-0.36191587055186086	-1.0499110135517733	1.3944000604958189	0.46870401274568896
Br1579	0.039394	-0.00427554	0.00242531	-0.0061134	-0.000430261	7.8	0.014611483248286	0.975481	1.0	0.0	0.0	1.0	-1.7417583311193003	-1.0326160671947149	1.3222437253124621	-0.24985139341974058	1.029934687677847	0.8429242338036879	0.6352679750301112	1.1791434525293123	1.4518216428439845	2.4896805453125173	-0.8066877627378813	1.0696889040222903	2.825104012109559	2.2136260329538064	0.6203472813617391	0.057734641164490945	0.19657820651525057	-3.1577828391224454	0.36379453287258284	-2.079114301489326	0.8571606252597516	-0.21407628619982885	-0.4698695909907587	-0.5217767183701963	1.9948255134783524	-0.8549878449230419	0.3765786157417026	1.3864790374545672	-2.375176186966527	-3.62150155143648
Br1580	-0.0125342	-0.00314978	-0.00162829	-0.00120021	0.0037221	8.3	0.0215951940723947	0.971419	0.0	0.0	0.0	1.0	0.11316044796835709	-0.652341961888094	0.49983274857058285	0.9574236857903692	-2.158434696957008	-2.3017641781585283	1.0454745416925944	0.12928417804562417	-1.22244378375656	-1.4076301466762842	-1.1264952669907276	-1.3126314584146757	0.0144866326134554	-1.6874911965568	1.0052117433548078	0.24728754284915555	0.14619443789405612	1.1687416301594826	-0.08912713199319512	0.29285871549747355	-0.9618548286609807	-1.4831847150933435	2.0197926756062614	0.9121110380243003	0.9826746497989322	-1.081369635609457	-3.303843224273624	-1.532781894530789	-1.4772010050468776	-1.9084435815745557
Br1585	0.0378943	-0.00379294	0.0012127	0.00033597	-0.00092147	8.2	0.020020886582158	0.96613	0.0	0.0	0.0	1.0	0.8308817400665317	-1.6533898897131283	-0.5019302726268723	-1.0281433893228933	-0.7581942758320345	0.7937333292063165	-1.4157075748140922	-0.3798151236891136	-0.49124950398757045	-1.4410898947257398	1.0905445654594594	0.178413789734733	1.0559110753476433	-0.6090982761370198	-0.12882359233264587	-1.3162317074042826	0.9277608795629514	-0.820813480890632	-0.9129742597932419	-0.03761150674557542	1.5654099343902215	0.7307984004454348	-1.3082058658353855	-0.2192190658145116	0.9885214609902021	1.5090663521774546	0.7535978762924661	0.2555182862900276	-0.0048390182274070555	-0.027531549607575673
Br1588	0.0322888	-0.00457052	-0.00586732	-0.00176389	-0.00880861	7.2	0.0121048965992013	0.98226	1.0	0.0	0.0	1.0	-0.6969572188566732	2.679510538414117	2.9127204780134135	-0.3338627962151376	-1.3480060373952352	-1.4579769415963337	0.5581891936247348	0.7638104170906812	-2.181570597066396	0.842419375546908	7.331047643430558	3.4832435102642982	2.0051595402251152	0.7028090764690299	-1.980817021804624	1.089258886302466	1.3338831215800804	-1.5945652050550947	0.4330263581906227	-0.6969081302246378	3.8993452037520475	2.4394983546052944	2.708260003962824	1.2561781793264084	-3.220275803436636	-0.09261760984482054	-5.982694326623274	0.05286899626217181	-2.776705566476284	-2.4682702722063117
Br1590	0.0417934	-0.00321305	-0.000624124	-0.00588936	-0.00100606	7.7	0.02568933302283	0.965915	1.0	0.0	0.0	1.0	-2.169839696056091	-0.07585899721345882	-0.4661077598738879	-1.7361534714165003	-0.03317910822318213	1.2583734261552715	1.0087411496826615	-0.08982773233155596	1.979800534118062	-0.3452262977227684	-0.503233734806594	0.6986665214869895	-0.7443102880379476	-1.4282823567689988	-1.749513372881103	1.4181701190845148	0.045816613778254814	0.2868974025431474	1.8301293074620644	0.23175504572303574	0.07014105179134195	-0.21945211490200806	0.5476546724572712	0.2675213694509842	0.21878947174807886	0.8610584516611459	-0.6984359237517256	0.42079996396606156	0.4932118892975869	0.18911295081558427
Br1594	-0.0127449	-0.00313444	-0.00466138	-0.00196396	0.00309469	7.8	0.0185349166564997	0.974106	1.0	0.0	0.0	1.0	-0.7799966589354285	-0.7311265233897886	-0.4678072451031408	0.8592056108434677	-0.042922946743336465	-0.7640849377703696	0.6612739812648316	0.4830301121554058	-0.07623133998950896	-1.893384123381543	-0.2523151134518661	-0.3769085548236241	0.7089421971474972	-2.3778076519361973	0.08103944719865946	0.3823779803524828	0.7703799259369862	1.649871643401594	-0.2213213234650024	-0.6852426053717913	0.24934640116853315	0.6343637943689093	1.11389551688672	-0.5334940473853551	0.06581027470894489	0.86044554887921	0.15830172430760361	1.011370035432906	-0.35099326388912866	1.1204643725184835
Br1595	-0.0127909	-0.00286879	-0.00555627	-0.000887622	0.00072069	7.4	0.0258948922114618	0.982288	0.0	0.0	0.0	1.0	-1.7330949587334854	0.5124148957832143	0.24487455468713837	-1.5108805070390257	0.47232965625536805	0.4951188037476622	-0.06526333435397233	-0.3438417812641803	1.6420328848331691	-0.6678280783575125	-0.10734662027957899	-0.6166647848207977	-0.05115059591608389	-1.050567564842879	2.70172410025221	1.259075551180151	-0.5430956210496645	-0.6953478524684518	0.6706052416685891	-1.312473104158609	-0.3807973105341034	1.1428099620545242	1.0061334247207347	-0.08651850775814218	-0.7428889820886164	1.254652636239743	-0.1498620228678576	-0.021287438308098445	0.14330974708337532	1.5815388054608366
Br1602	-0.0127422	-0.00646022	-0.00353664	-0.00554183	0.0017007	8.3	0.0264474453117413	0.976732	0.0	0.0	0.0	1.0	-2.0470864192622558	-0.743693591061351	3.5649171393474828	-0.6151918511673272	0.16842606529947907	1.6895592010232134	1.0329277393860603	-0.3730267243160404	1.9032786495366973	-0.3446803963139753	-0.9768462670520155	1.550656427052193	-0.8690666712726323	0.8032427214158417	-2.1625474415359665	2.2875430107484944	1.5994768605581222	-1.3080487005785162	-1.2373185676888705	1.5905567412442838	-0.13832820984780164	-2.3091092741940993	-2.749522301319748	-1.1213607255005325	0.11842615062147586	1.5665727184227627	-0.7490735345380664	0.2645117539397418	-0.8676769327361539	-1.3229636884655065
Br1604	0.0334649	-0.0022835	-0.00144279	-0.00217116	-0.000599959	8.6	0.0409456466786948	0.96966	1.0	1.0	0.0	0.0	1.311046548756513	0.6389336343912473	0.02191191973929613	-1.629350717837341	0.644893326768292	-1.6297357202138383	-0.1746741905000898	0.02024307770260719	-0.5084334707604004	0.0492085824586612	0.22640947203378897	-0.4043361397639475	1.183764350503665	-0.18882888481046708	-0.6116911820001264	1.9440668696546015	-1.3060136519140562	1.2034681984824742	-0.8133013140456187	-0.5187777516113552	0.07097711948816209	-0.7024893876160772	-0.6331193003644583	0.35437220334124897	1.0532274779313164	2.224117809669281	-1.747310553226349	1.7250939133158238	-0.19682865234687388	-0.3080901133500304
Br1605	0.0283403	-0.00506843	-0.000793262	-0.00412713	-0.00053381	8.1	0.0110876010657108	0.975565	1.0	0.0	0.0	1.0	-0.06667521022663316	-1.4429716809506632	0.5116644303356295	-0.18580697956080713	0.5692150732953118	-0.6019225509118351	-0.05961318762435269	-0.3502310815086284	1.0422801490209157	-0.599141665481612	0.20626071118128306	-1.6016435787871004	2.2491809631207405	-0.5147071825930764	1.245957083983412	1.0981466109147906	-0.9589887854965162	0.05956263753727021	-0.791961410807055	0.5197406513759855	0.9843107529312725	0.5073216284946139	0.26325284111620295	-2.0472076767031866	-0.10642750545219633	0.7527337843277447	0.42694953343496445	1.0040147735194138	1.8257992416195736	0.03982447133389146
Br1611	0.0335959	-0.00471531	0.00281457	-0.000552412	0.00822169	9.2	0.0283107497679687	0.977479	0.0	1.0	0.0	0.0	0.4648552591356135	-0.648613703814045	0.7533638021890157	-0.21860453464886861	-1.2650023243557418	0.27890327316274194	0.10701968850156482	-0.1549876396118203	-0.16985869931046593	-2.0942502674729955	1.0168397081881393	-0.39333278497509544	0.0788791070380277	0.5287664854162502	-0.2885657985262834	0.044341524617985274	-0.5533747816053876	-0.004984827643078114	0.7661751331470725	1.1604186799859038	0.8663105031261747	-1.3161647961965615	-2.0441359594365562	0.4250087203825477	-0.6939621196370966	-0.21092723782093825	-0.5030364044924998	-0.5810529405629683	-1.2125478865108301	1.0094054444976868
Br1613	-0.0129204	-0.00521499	-0.00377299	-0.00670178	-0.000680634	8.6	0.0270313975203118	0.970893	1.0	1.0	0.0	0.0	0.6886744545159378	-0.745029774836604	-0.012859274635429345	-1.0059813533887498	-1.0614926459231981	1.4162973600041207	0.14405432600891402	0.006817345895671591	0.09901540346506303	-1.2045619811113115	0.9076455919966282	-1.3768929890887411	1.4762423979338744	0.24325768733275516	-0.4100920877639151	0.5837938013483989	0.13332234369178694	-0.1429458398857968	0.3040885597009749	0.860468070864125	0.8355425218936601	-0.12291196403119001	-0.5418634444665709	0.42303924002654664	0.19225505394301834	0.9864743506621557	1.1045041909311788	-0.2597358880835742	0.16028658912247024	-0.009895838972657549
Br1615	0.03696	-0.00370375	-0.00254542	-0.00222812	-0.00438703	8.3	0.0288401625857633	0.975764	0.0	1.0	0.0	0.0	-0.4861380171176515	-0.7755713428988766	-0.6207866162069429	-0.2974703295767892	-1.6200663148597658	0.38521887594823306	1.6223924220664079	-1.8772502861592568	0.09106496713591104	-1.1366860868174302	0.8046049573953965	1.3901720835714446	-0.3162388991561924	-0.26217998465806824	1.73721641153696	1.0455426773980339	-1.2309428926746646	-0.9173904794967312	1.519666044020942	-0.3934717628821252	-0.30818443409045826	-0.002024164919989299	-0.864826224872499	-0.8791970169819651	-0.1878227006063814	0.8249151986008699	-0.20046074008480616	0.1614000516753921	-1.097291690372552	0.6417986960362951
Br1624	-0.0124691	-0.00291764	-0.00223079	-0.000498466	0.000953796	8.0	0.0235666223745577	0.976739	0.0	0.0	0.0	1.0	-0.2077093675236871	-1.85358258230024	-0.5577586154822847	-0.521713806980921	-0.6923557075658398	-1.0516841028412114	0.2774178571608754	1.4172298049917047	-1.5101199577989812	-1.4518108029976386	-0.088956540960829	-1.5748854002898167	-1.6951065494724533	-0.8220668694191424	0.6576770164354392	-0.062399789357403715	-1.2299168830393228	-0.9777152154212191	-1.6029934816169369	0.9436119338928344	0.7382521093484748	-3.2965705035997903	1.3760726973552777	0.9494284973914304	2.064059113177568	1.018742679014924	-1.0562339887052752	-0.6149081749059345	-3.410298628858877	-1.5697669408154387
Br1644	0.0371657	-0.00433912	-0.00247109	-0.00133012	-0.00683675	8.0	0.0215933788574727	0.973334	1.0	1.0	0.0	0.0	-0.8762304440273655	-1.2092285885534646	-1.9709493949248242	-0.5408173413105944	-0.23085996106981824	-0.2930618763785854	-0.25212725929178165	-0.16803076831194808	-0.05876176648096791	-1.0906416472705327	0.05446115170640567	0.4848158783707781	1.0134884682422498	0.5792331576838392	1.288728075677093	-0.33862090471674294	-1.6587822844167865	-0.4033721627996483	0.3521242653331147	-0.19481266602405106	-0.7284575995312347	-0.0023695316685810844	0.22926971603454502	0.5474498872281826	-0.5735006612748419	-0.0426962860553041	1.2394199909153851	0.26379857597944556	-0.763773801354544	-0.25277071887567487
Br1654	-0.00960007	0.00359478	0.131728	0.0166513	-0.0848198	8.6	0.0290688234473963	0.971057	1.0	1.0	0.0	0.0	0.3050806829863927	-0.6426518772314989	-0.908681596129996	0.23641733986341787	0.31550725710199023	1.2488215430308556	0.011781287628650178	-0.08506796144218401	1.6097856758458025	-0.7049445895186981	0.6287751504249341	0.42399447691375963	-0.3621988624279917	0.1661964536418905	-0.028024394660770353	-0.2963533116667621	0.07102055536017696	0.620861163993676	-1.0500087630409864	1.0443959827604683	0.1531770478354409	0.15280918142960215	0.8108598406132318	0.6836056403536077	0.568059573704086	0.21900548641758297	-0.7382727498414553	0.10912214003026807	0.7006361265676395	-0.6972324470192424
Br1657	0.0362148	-0.00388811	-0.00201141	0.00114226	-0.00358197	8.6	0.0235520005977737	0.971681	1.0	1.0	0.0	0.0	0.31194553444810513	1.256803538138662	-0.6253138272404077	0.036850397769339065	-0.7444916177299816	1.6144434009668474	-0.8098492483892014	0.08025011852467825	-0.21611990035091289	0.6827031438703297	-0.9389646714334638	1.0150979276464	-1.0546691337855376	0.45866661303631046	0.6159631663921582	-0.34184177631558693	-0.20468987681532308	-0.6568920709738374	-0.6205114076121672	-0.7389084309782966	-0.9003052478729167	0.9213299994246837	-0.055027046522789044	1.031260266368721	-0.15903654010511248	0.2840319740704847	-0.10156809083947953	0.9066775252105763	-0.16561152430222373	-0.7834957663840423
Br1663	0.0278257	-0.00240548	-0.00085442	-0.00565886	0.0021111	8.6	0.0230268963983683	0.972481	1.0	0.0	0.0	1.0	0.559071336797214	1.210041229335588	0.46597551242496055	-0.0038371863940388985	-1.0748654046858652	-1.796568625884698	1.6601671851928463	1.031444948597497	-1.9902408864010122	0.731169576816682	-0.6723855959379218	-1.0235165376080286	0.5424769776458185	0.962896903206909	1.5470007017847438	0.07380079763608802	0.6209789089813363	1.4921730272963627	-1.9970124379291567	1.0551910509676627	-2.7922000276120165	0.04170564285302271	-0.35342046144220474	1.9409254244609313	2.3234624548510667	-0.5054803085944848	0.5059359079651736	-1.4306432866585386	-0.48202692802877456	0.06999751745720793
Br1664	0.0262527	-0.00487126	-0.00207551	0.00471572	-0.00435298	8.2	0.0252147772084549	0.968238	1.0	0.0	0.0	1.0	-0.5146098202177027	0.6304143402223277	-1.4999860952737214	0.9293874156709258	-0.5373069456988147	-1.254260390366087	0.14975382874078388	0.07083990283848837	1.0920947388036737	-1.7076892797074932	0.536905049847841	-0.04710769483264001	3.2755659601806824	-0.5148099766616079	1.4383063645982521	-0.09201588888764392	-1.1335009919947925	-3.446266911085143	1.1789759929077692	-1.8112440236441514	1.5135727443832452	0.2142285367535728	-0.3518724334023594	-0.3687909698090799	1.1109920759549454	-0.3828798604841841	-1.4009185143039191	-0.07722357325447332	0.153919283097108	-0.8253932219063664
Br1665	0.0384146	-0.00462785	0.000545897	-0.00256221	-0.00544043	8.2	0.0177409034594581	0.973267	0.0	0.0	0.0	1.0	-0.3148903740926975	0.8302150506312205	1.5340342594026866	2.554986343382226	-0.1566942930142227	-0.8433289874876043	-0.8374971773847933	-0.8787012147173094	1.1670487738478803	-0.6450789345114885	-1.0618847259395303	0.3554340719255463	-0.42649476986359736	-1.6184119760844866	0.3347263258364731	0.3688413110570377	0.14667277789201738	-0.46311725698141826	-0.7720303361656526	-0.17150522634730517	0.3348813951111463	-0.7205347749958744	0.3343959126083374	-0.163797104789974	0.2847567227502129	-0.630009702638468	0.5157436372161848	0.6411081337498035	0.5822673175300105	-1.263347981163717
Br1669	-0.0129612	-0.00540442	-0.00494392	0.00126254	-0.00030442	8.6	0.0332645328509642	0.963807	0.0	1.0	0.0	0.0	0.4301945374389452	-0.21946649483129355	1.0204468910651687	0.059969759000340475	-0.480464455740346	1.7185878021150278	3.9750832501032867	1.3520912684629267	-0.5512726720001699	0.22276195284611947	-0.30384236205939247	-1.9428638278080599	-0.8777662941680123	-2.2546894424277135	-1.5790312487557379	-0.43925399847245533	-1.4475166394461374	-1.3251861238013245	1.5952182918032656	-1.2658890457406773	0.7941929939616186	0.5506019096329863	0.07441654395863537	0.10981680813327134	-0.44014812273384746	-0.25294077902846146	-1.2584940662521389	-0.6650558003102085	-0.16414036517852737	0.7430760449675813
Br1670	-0.0125521	-0.00528117	0.00144704	-0.00115811	-0.000475213	8.6	0.0506571503664319	0.97516	0.0	1.0	0.0	0.0	0.0698807565838971	-0.10700500504318682	0.43907212291956926	2.275718507091803	-0.9549335890925542	-0.0421296187122155	-1.3164070756056594	-0.0023893672650165403	0.35167236742636965	2.326768135486526	1.2440225386061095	-0.24271219357746712	-0.3345232563560689	-0.21944393420623015	1.9644026391829432	1.0433078170975894	-0.16314790974832905	-1.2573822684386105	-0.14688895392616697	-0.5477246463630941	-0.5426870450296113	0.08437146580084326	-1.03367602984536	-1.0159242597504334	0.8445036289764435	-0.05017704510325633	0.03887008892580766	1.8457328084681746	-1.3381971574427927	-0.014103080049655103
Br1672	0.043658	-0.00549681	0.00138686	0.000208385	-0.00506565	8.1	0.0274349577850508	0.976822	0.0	0.0	0.0	1.0	0.22232849700548346	1.1750209833523257	-1.1616237022615028	0.1078775204975916	-0.08571936554327222	0.07378202326362503	-0.13187444070906726	-1.1730985354869394	-0.45207352080489593	-0.12672232558205784	-0.13965101979348346	1.3152747673713427	-1.3151549019119655	-0.23294423987430554	0.6750176023599277	0.7949250548177658	-0.7955604062709101	1.6098814975220914	0.7460865400808837	0.01178993569859444	-0.17536170487106753	-0.7072053056201505	0.4031468469111617	-0.6539011467336711	0.5828605309283998	-2.062878963763361	1.0376802020766673	0.997217760998001	-0.612872483360941	2.370461762432925
Br1674	-0.0124607	-0.00497475	-0.00033852	-0.00578862	-0.0013718	8.6	0.0266884256999639	0.981348	1.0	1.0	0.0	0.0	0.9133108934677749	-0.24425683153888306	-0.49305181467449366	0.5033919236884254	-0.21868445308017628	0.23230071507649885	-0.30767737242330717	1.4351581329774687	0.60966210784004	0.14005519221092216	0.06055142503010978	-0.37764022206904047	-0.9599091247336496	0.11773879713767113	0.3361838895920443	-0.19698576895398134	0.4984363565740536	-0.09989383572339526	-0.8563350899252635	-0.8766047248893598	0.049386134703823234	1.1375798630567842	1.1908704952552263	0.38139710686788725	0.4153221300648503	-1.214335600168694	-0.8299166508569424	0.7458268641786311	-0.2503931087017632	0.18221780351283393
Br1676	-0.0102866	0.00123626	0.029399	-0.00489917	-0.015765	8.5	0.0252221514913536	0.978875	1.0	0.0	0.0	1.0	-0.15756763080446248	0.22761869828440517	-0.5214159545905246	0.23345837807867487	-0.17895046460141587	0.9571263768404178	1.6816932388191765	0.05088366966286473	-0.06978838795596162	-1.3293858958554872	-0.4315310505641366	1.0630062901322919	0.11164170628054149	0.15572087151555528	-0.6502933319316632	0.7170651283181787	-1.2428701960300674	-0.13375260263695615	-0.05135099963958258	0.5495496530087738	0.9015351898900229	-1.2130656128309074	-0.3466127208498428	-1.0148251435929778	0.6981290318341771	-0.15286958098441994	0.00999125142114315	-0.9699304307702142	-0.27221646065101407	1.4220424737101092
Br1688	0.036188	-0.00345065	-1.04438e-05	-0.00277146	-0.00238243	8.2	0.0242986525003744	0.973047	1.0	0.0	0.0	1.0	1.0605138607083922	0.4234472468186365	0.10418927731407121	-1.085811644791163	0.3250533095863032	2.262354580839041	-0.1569988570088781	-0.00014720457639957326	0.6315928600695783	0.360455862974211	-0.7030310827474195	-0.7768794393297112	-0.608343130736674	1.1679073081977658	-0.39423640741229277	2.0500229337214413	0.4876938873687696	-0.34403179777454346	-1.2213498231392788	-1.1668985766922497	0.17357413739572977	0.6194406781956736	0.9470643732789449	-0.7684610519461084	-1.671609986431342	-0.1188825179319162	0.17098835492066736	-0.5060927390862732	1.7042833943258495	-0.27955030319253676
Br1691	0.0341796	-0.00423223	-0.00465953	0.00180509	-0.0132757	7.4	0.0311328871223879	0.965789	0.0	1.0	0.0	0.0	-2.2408545363986545	-1.459602159810637	0.7176657810756412	1.020557080871474	-0.010583500951288127	1.16756848998074	-0.6293703483873274	-0.400228265070863	-1.077422530461027	0.6140505736760741	-0.5433909422719543	0.3710795787713975	0.09004966427379191	1.2681084936852842	0.38960725866419044	1.6765593758482504	-0.27664767229596976	0.8049109911782161	-0.4500230073813595	0.168921635293244	0.6404815017545454	1.3176802509269243	0.4580677527208034	-2.0530102280266256	-0.7288898718659007	0.40265764581480623	-0.09841131696337277	-0.03497148706315456	-0.6496730659732151	-0.4014708191263378
Br1693	0.0376602	-0.00488155	-0.000169848	-0.00118447	-0.00762685	7.8	0.0250151853110611	0.976512	1.0	0.0	0.0	1.0	-0.5605726843106548	0.5736715092350005	0.121138157240299	1.5035400331160396	-0.5970056475174566	-0.3419967655401693	2.662375011104933	0.6789930408306545	0.010182597927648944	-0.29905742962612586	-1.4497095267454996	0.059471243542123804	-0.12552700588764862	0.5423104194488261	0.8840386832008804	0.10740677469126124	0.32681273123344207	1.1200852103482446	-1.072675343490291	-0.07579811399864514	1.2555704568095962	0.33838151949271766	-0.3675842059422841	-2.320827448556856	1.017153357676074	-0.8292860755125553	2.1238695167543162	-1.1159383841108426	-0.43924406679741357	1.401322634160168
Br1695	-0.00994431	0.00102351	0.0340428	-0.00737715	-0.0145092	8.6	0.0294534886090332	0.974559	1.0	1.0	0.0	0.0	0.2852429704432573	-0.7689287489295932	0.8640439857765998	-0.3393251179487252	0.4927059138841534	0.6710236312968573	0.910427347331971	-0.6339875492376961	-0.48057435063118786	-1.2203029698261407	0.3536448800152363	-0.923121349631457	1.3445220085628629	-0.5883924237923714	-1.2395782829527933	-0.2912162102435098	-1.2880294309856684	0.13098380270489318	0.26979645350812465	1.2867649759448612	-0.5195196380550327	0.8648593278691289	1.0582236894966521	-0.3978769965462774	0.8456366310412872	0.24688498751234444	-0.3205954906125361	-1.0945173942287771	0.4662836609059842	0.5300524868511207
Br1697	-0.0113539	-0.00204715	0.0160478	-0.00172024	-0.00385359	8.0	0.0293275934928752	0.979144	1.0	1.0	0.0	0.0	-0.7688907219860024	-0.6196268137457458	0.9894343422687137	2.438856369946918	-0.4236227884199683	-0.4779760403961979	-0.46226191075569073	-0.07442675968998289	-0.48890692105930844	0.5141571173007571	1.2231006981900114	0.07864736472904019	0.13220974599867266	0.1931960868312325	-0.4563796480699046	0.8673691665758715	-0.5257971856499039	-0.9608603462223764	0.5397812522085249	1.1948851452261218	0.2938194603564277	-0.6660956512279441	-0.6336214915348505	0.01988397917956933	0.13561275575274578	-0.5928878977497676	0.9819976401665041	0.22830171030967766	0.8464323419193013	0.4460136979813729
Br1700	0.0127627	-0.0041972	-0.00262394	0.00123526	-0.000202821	8.4	0.0270864524369486	0.974423	1.0	0.0	0.0	1.0	0.06025387213756368	-0.6008833074871573	-1.3532432852756697	-0.4286896624111518	-0.9989118896756166	-0.5038261233829469	1.4607347361477778	0.4240369063083511	-0.1740408615670538	-1.6279970378902124	0.5381419792976568	0.9365570086934761	1.582450206592061	0.21145915295012466	1.4941943519018672	-1.6737735038150998	-1.4724618416838928	0.84208905135747	-1.0270741926687783	-0.3596229631182755	-0.9813394318454344	0.6108606988774882	1.6463550356306604	0.08482696200405868	0.06951045095014284	-1.5750350074211628	-0.10480595555353817	-0.5425555400962517	-0.30892797566889124	0.7390877620704067
Br1703	0.037747	-0.00441385	-0.00345478	0.000604638	-0.00674006	8.5	0.0246567715354672	0.972439	1.0	0.0	0.0	1.0	1.2694578345336058	0.4129639787022899	-1.8609121004336522	-1.7390564763449985	-0.4906231037139719	1.7976664716323876	-0.612236199828389	0.19574644401015884	-1.5637555274641772	0.028030095040160682	0.615209126617747	-0.41517384390080864	-0.02701952479815686	-0.15423756809728584	-0.012343893699515107	1.0933406006341322	0.20619908835518505	0.22183864156968142	-0.16976036269533312	0.4489804954135061	-1.337659780662479	0.042571130604966485	0.43688288356595395	0.07628223866421992	0.19779656729676734	-1.009426284286255	2.0689141139785723	-0.7696895418139565	-1.1630871909429155	-1.364148040830866
Br1722	0.0394696	-0.00488931	0.00236921	-0.001071	-0.00330202	7.8	0.0269750049682869	0.974561	1.0	1.0	0.0	0.0	-0.24197940656635147	-0.9234889475450889	-0.8567049740662438	-0.3963558178967041	0.5614737752586709	-0.37698642830170354	0.7710514513010072	0.35979319300002677	-0.7241254886126735	-1.3807750868235904	-0.09662601514360997	-0.32169247137876295	0.4604358576366392	-1.257938618125784	1.795905466638058	0.681149902849811	-0.6294563143934772	-0.11833156655482853	-0.053003960667896366	-1.3569677603512846	-0.09673687639069584	0.0014043089310566978	0.32458602479877957	0.3843204265553522	-1.314057819738526	-1.0377423505565582	0.6602188267234287	-0.08057802453963764	-0.6512475125351014	1.1324834420793846
Br1735	-0.0125334	-0.00430522	-0.00183524	-0.00448545	-0.00128671	7.6	0.0258762243429101	0.96985	1.0	1.0	0.0	0.0	0.3447603767935342	0.8667574895246568	0.5483069509335219	-0.3140799156856027	-0.7211478645479079	1.724668077955017	-0.6188318343961029	-0.41661894894220336	-1.3330999406390533	-0.24160453543471466	-1.1648852015081954	0.22430397734479143	0.12018765476459688	-0.21109929914502365	-0.34217713003389844	0.6560737604041516	-0.41960490380823473	-0.5054989376419994	-1.416313053382649	0.22374062526516159	0.4527675011378378	0.45112273984318857	1.651286916711981	-1.2186738002020356	0.7134196209360505	-0.8954705769864704	-0.4468200345222213	-0.3177100106108866	0.4990343822663833	0.11987569083600791
Br1740	0.0371558	-0.00492599	-0.00278718	-0.00844613	-0.00297951	7.5	0.0241342119220156	0.958832	0.0	0.0	0.0	1.0	0.7069556101540715	0.02391400380518991	0.7995916622741365	1.0235975398211397	-0.6422855078625713	0.4443008150015117	1.5985022363316184	0.3940058745016524	1.2294906679755928	-0.6360923937108393	-0.8700962858643503	0.0320944919589391	0.2655618310296582	0.4098017044139776	-0.6614291089004988	0.5562004289529675	-0.5162006888437223	-0.3273266172867132	-1.6947406550910782	0.6529286214156433	-1.010849646406879	1.1372519363480416	1.1225026299256702	0.13004073857568793	-0.13955334892883625	-0.5416303444715133	-0.7710998212144541	-2.198494667587588	0.8700619697011598	1.9535799739635125
Br1750	-0.0128262	-0.00611556	-0.00924176	-0.00373873	0.0042707	7.7	0.0438183750821737	0.965044	1.0	1.0	0.0	0.0	0.4184936835631951	0.21267527010056642	-0.8346648603634392	-0.24998711329649273	-0.5345955282106207	0.750930769998419	0.8092421837445001	-0.3852586205397636	0.5221394262744412	-0.1648959390939387	-0.4246726529295745	-0.09311397841229381	-0.04699982460587254	-0.45043001453223985	-0.477467943654939	-0.5339662281770614	-0.7279516999327793	0.3921926237595465	0.7465323324815046	-0.41677476993548856	-0.4226861813198305	1.5387889007153455	0.38651456863021233	-0.8054745857283884	0.28997876820920926	-1.1150457634228519	-0.20625364601643323	-0.29575772888865476	-0.28324814342127347	-0.2938382326735952
Br1751	0.0404666	-0.00588138	0.000776933	0.00403863	-0.00457519	8.9	0.018843843107479	0.973079	1.0	0.0	0.0	1.0	-1.5086061993576891	-0.17551456633299065	-0.0009034802312193859	-0.07490872857213957	0.906222523137606	1.4029394749776214	-0.1679935951888662	0.11682804119785861	-0.24996296754371516	-0.12942187493166885	-1.4499649780719701	0.387511087634554	-0.3132616927835226	-0.6521260203449513	0.09702861585595868	-0.09567368437015834	-0.6413982093140272	-0.010248820725012682	-0.05394714177099199	0.10713582956437723	-0.07085899141640825	0.09826361345054686	0.9789905455586128	0.0597608569420583	-1.1985602299532767	0.31125216612588796	-0.8297670513085885	-0.07458122520715309	0.7425124277549849	-0.12671895186594528
Br1753	-0.0125961	-0.00386359	-0.00562323	-0.000810783	-0.0011537	7.8	0.0137144531760405	0.977154	0.0	1.0	0.0	0.0	0.19640840211694857	2.2326851685616207	-0.14666585030715337	1.3897086027537722	-0.07795526204688626	0.15364462115372596	-0.6172689794011105	-0.4085640641132017	-1.0842433147277115	-0.8280581033037374	0.2236689193495226	0.650778754781858	-0.4595718863918846	0.07837304251398945	-1.7447032553342132	-0.1910903066627855	-0.24146408344793632	-0.8332752048967068	-1.4085524169200723	0.5136432410071996	-0.12319954392788084	-0.2739165399804506	-0.6263909834110748	-0.018075030668131115	-0.0944819292406322	0.14998304904552853	0.784035915698264	0.796422951800074	-0.5278585212071816	-1.1648651232719356
Br1756	-0.0129726	-0.00477343	-0.00266325	-0.00320624	-0.000308189	7.4	0.0297824420015076	0.972435	0.0	1.0	0.0	0.0	0.6468956108645572	-0.9016427696885437	-0.3299618863708821	1.180935562391548	-0.045179841585357115	0.11163795496848304	0.5449703910260228	-0.45603006017586767	0.362920737014284	-0.4048859364281907	1.74297188522376	-1.6460007919948791	0.9831374101577073	-0.2652803697856174	-0.028054635690392106	-0.15982477074459345	1.344685414025364	0.4303033688233071	-0.6033201548951571	-0.26702814270655645	-1.0126564594401268	1.026740989313789	-0.956675665414595	0.3069336639865411	-0.8387856937150856	1.0333518274393332	0.7945113556640914	1.207069767767575	-0.5072086874392709	0.5224961176719393
Br1761	-0.013433	-0.00650389	-0.00201317	-0.00314494	-0.000292958	7.6	0.0158493328078373	0.971112	1.0	1.0	0.0	0.0	1.918888386724623	-0.22278625522875073	0.20259430205007517	-0.3364112593471986	-0.5606095579455913	-0.17082565509420833	-1.3678577308517692	1.6224425426043836	0.461738352111806	0.3859959607280339	0.5797707634953234	1.1016482107379115	-0.061965644968868874	-0.17035883149316913	-0.47155291545396083	0.357007466356031	-0.9360384195910953	0.08412746430732894	0.5683000303397236	0.5455135785178719	-0.4230306079343924	1.0389520952770535	-0.41166552185223	-1.3545009507260872	1.0182458323160972	-1.2309239696544392	-0.5463671075149586	-0.5827060528989709	-0.021384744850173668	-0.2782494732343994
Br1832	0.0456602	-0.00606589	-0.00181422	-0.00280308	-0.00391053	7.4	0.0256706168292323	0.973534	1.0	1.0	0.0	0.0	-0.7047314651239016	-1.4742472130423165	-0.3030716400365375	0.735570828126296	-0.8037712999541369	0.9415271138372101	0.04050888504124183	0.5556869324424304	0.4138728762452027	-0.38936829821760205	0.24051085384243046	-0.24678607899228308	-0.0527991907315508	-0.551913532411515	0.47538082893356143	-0.41244484835161016	0.8446981055955335	-0.16012094527772644	0.2607642799884067	-1.4064248632796454	0.9388522686466823	0.2617437366018527	-1.1597405984824132	-0.4215979159448532	-0.6006000273035985	0.3625542469966125	-0.9677603118710747	0.11009999309995089	0.017439605407150987	0.37623165722655916
Br1840	0.0337095	-0.00202595	-2.2324e-05	-0.000322628	0.00212055	7.3	0.0181397635981929	0.974096	1.0	0.0	0.0	1.0	0.2813496011159412	-0.36058552806717015	-2.2546652871531245	0.3658874514354195	-0.03563407733395684	-0.3011854705522661	-0.9221050421273115	0.304309792055281	-1.0762652396515655	-0.9380648576604949	0.11864720829914899	-0.9735801114928684	-0.9507539543318803	-0.2814339446753305	0.9651200218054228	0.7474163795672518	-0.7636961840754389	0.8472130854146622	0.3727866734030552	-0.9645210916226157	2.3366364390026417	0.16757172386237013	-0.16464828804230014	0.0674081386977027	2.0103655698535183	-1.3054443201141477	1.1762567127629104	0.16411562166643276	0.8867549839607631	-0.603956292775318
Br1842	-0.0129792	-0.00492182	-0.00057997	-0.000955991	-0.00364146	7.7	0.0243530127046238	0.974434	1.0	0.0	0.0	1.0	1.739618145770012	-0.40585068648970646	1.499550536024902	0.6891110192908828	-0.6651860388185297	0.6486407840779761	-2.2404885574044413	0.7308662994772321	-1.0302753922239345	0.5028629922794513	-0.4384000249947099	1.4830370414443146	-0.16402358311236456	-0.046560147923227026	0.8086776808279729	-0.15057797444187201	-0.5367001366134336	0.8856401774389642	-0.7037428749522062	-0.06373713637260875	0.5343248736274473	0.5389286836074024	0.09921145604632077	0.22002276990262415	-0.23536998433519976	0.9854749545577848	1.591486739328448	0.19291650122787987	-0.699880815491763	0.21057671439664444
Br1848	-0.0120275	-0.00477292	-0.00214409	0.000921899	-0.00306623	7.0	0.0186216599820528	0.976039	1.0	1.0	0.0	0.0	-1.354880327800258	-0.21084033863495855	-1.1056706817280486	-1.1693863768012818	0.2509671198256266	-0.19811006324856467	-1.526235580254487	-1.939462899175798	-1.0146142518954524	2.226527350009605	-1.885480305986414	-1.8559580138409741	1.7331033919456587	-1.325880865698995	-0.3376035362079845	-1.739868648047076	-2.2370433933715725	0.9554175314977907	0.5216365541042497	-2.434721552139625	-1.1668141490011763	-0.13900435702701663	2.0652131107587683	-0.2702543363358614	-0.20694985340699987	1.7748788185515612	-3.0209016117566243	0.13203681860791663	1.157553181510464	3.4268537077219214
Br1856	-0.0130714	-0.00501039	-0.00469781	-0.00165963	0.000918115	7.6	0.026401927230342	0.973301	0.0	1.0	0.0	0.0	1.9549615089612844	1.0562697157934	0.8310540470372108	-1.0244312993647084	0.882179927279972	0.24297485337946584	0.21613303951058332	-1.5145990695600628	-0.6390620053907521	0.6310186033522441	-0.07838694770847272	0.6541640472284103	2.5047978879529484	-0.49857778384922447	-2.41520762436487	-0.31648474465614207	-3.7132160989725627	2.5384021839943354	-0.2260354016137221	-2.6552878392657777	-0.3164880642518009	-1.3242271115315378	2.154484226733354	-0.4931295666338372	2.8349589176117713	1.0169867841511835	-0.11816432312438198	1.5328315232317145	0.8521398152649746	1.365329842785765
Br1865	-0.0126572	-0.00619144	-0.000423656	-0.00305159	0.00430117	7.7	0.0426541669703395	0.974645	0.0	1.0	0.0	0.0	1.8335986189145506	0.3041838761327297	0.17777117061245337	-1.2165538810163186	-0.09186417122541748	0.30325898260410894	-0.22191650275292282	-0.826692266956192	1.2046694431871043	1.3179776959583016	0.040315490783756645	-0.07036271726572427	1.11321675323081	-0.6957931132777019	-1.1846758151036356	1.2407471598974038	-1.795603959757368	-0.30838444374328006	-0.39637459717572493	-0.4151132585657253	0.4514589847847025	0.9248900878643483	1.1129080260112758	0.07648222392106303	2.2657059560455015	0.07711263841293418	-0.9578772682993573	-0.6280422134863425	-1.1052143684894562	0.6108745672620275
Br1883	0.034981	-0.00256097	-0.00103496	0.00348851	0.00038091	7.6	0.032666158368509	0.97405	1.0	1.0	0.0	0.0	1.8952310756528679	0.38598861980350174	0.750755363726476	0.04095527901090044	-0.6728275642876743	0.09200459089104422	-0.2572197526858468	0.10240536087139548	0.34139030081179905	-1.0427442445611514	-0.5728510714674534	-0.0756863865572479	0.5320111314976057	0.33889797722667675	-0.4770738256027943	0.20145927587003443	-1.051288226919029	1.4585103335551814	0.47598123255411046	0.2475832494081745	0.0768850050304433	0.1281953265559085	1.1005217617466132	0.13154271150299873	-0.13660315278838017	0.39938148642073074	-0.40265509135887345	-0.8582206610329902	-1.077033954505528	-0.155651973648346
Br1898	0.0388098	-0.00339979	-0.000430058	0.000877986	-0.00449674	7.4	0.0122230366509607	0.928398	1.0	1.0	0.0	0.0	-1.729625516195464	1.4168081324603796	1.9582307325042945	0.28704016369457747	-1.0173959131009551	0.8890269254118155	-1.8117648289563508	-0.3710426284390771	-1.3278135811765996	-0.8308075985533655	-0.3332700194531487	0.6758611118717306	0.3072534396246055	-0.020230112955707084	-0.6565499626284603	0.7947541583500068	-0.8814302335281968	-1.1303029863576222	-1.2642791881947246	0.48771189249847435	0.761973109449545	-0.41193035620272683	-0.45172428890098254	1.101185021299403	1.0189159329389303	1.029046454168	1.0579832920277932	0.7694200277334798	0.7878153223061258	1.1967481424750468
Br1905	0.0277074	-0.00375138	-0.0013103	0.00196198	-0.00352803	7.7	0.0195882836937272	0.980141	1.0	1.0	0.0	0.0	0.9384853417462065	-0.4508284268227142	-0.07367941583154043	0.4776070939310677	-0.5438998469529968	0.11844629653271338	-0.5765170716781894	0.6212758706950741	0.7841778250704976	-0.5332251914124008	-1.5048120039418043	0.9567659407696357	-1.572106335513674	0.865318120738885	1.2084154640128622	-0.14633082129372424	0.6731347030554593	0.6265550083301651	-1.7441904287309014	-1.7925681283012702	-0.11709880928367744	0.710634853617897	1.1143396031231911	0.16402425508772342	-1.448115769403746	0.3299844390291958	-0.322415610213139	-0.9900172128619863	-0.4525298340550026	-0.2442846531561341
Br1912	0.0146955	-0.0045674	-0.00342626	0.000813732	0.00272226	7.0	0.0200424541257363	0.972763	0.0	0.0	0.0	1.0	-1.2743799444509445	-0.46774993939364035	-0.9042460886902278	1.4428990370379315	0.9069804732136841	0.40448996821987976	0.1804700534019819	-0.5239396366633441	1.4476475936986815	-0.3665493284168194	-1.9381495956930184	-1.5255285287362201	0.4306991315778804	-0.8799153961556119	-1.1924084027040138	0.46730137500230834	0.26447720839047206	-0.651734003013072	-1.0083972026661008	0.49637479091323716	0.17824060912913617	-0.6151751372261784	-0.7041956015683956	-0.9556146069056247	0.6678985922079452	2.0154787209814686	-0.14766931485822615	0.3097663646843049	-0.2306424250865753	0.06545994599354907
Br1918	0.0346731	-0.00445328	-0.00141983	-0.00326941	0.00111352	7.4	0.0226835131727963	0.97759	0.0	1.0	0.0	0.0	0.8535829486566884	-0.8291530882573586	0.45915938444306015	1.44933329969528	1.1559817020312333	-0.16686068256898476	0.4901452806173244	-0.06642645725230306	-0.16261785647423668	0.3967325066768089	0.8756110691694527	-1.9687794866308292	0.5784913245015335	-0.45904946255655826	-0.23480800882987535	-0.10504499170106857	0.6418186705174483	-0.763812435849661	-0.9442826644612704	-0.5736231240516095	-0.9862672890285169	1.3118915120034738	-0.3357893597067779	0.9174086356190407	-0.5203674643585026	0.2705971175253495	0.4621821152169218	0.4387899987548726	0.9800937361532943	0.5707772954195842
Br1941	0.0275089	-0.00471304	-0.000372367	-0.00470571	-0.00160597	7.6	0.02349708798269	0.975453	1.0	0.0	0.0	1.0	1.1890882124939468	0.5483398339507767	1.3292879000416422	0.7603578262096062	0.9501584717301909	0.6489887053591085	0.6111267910171078	-1.391426297948597	0.37514030470472803	-0.12700795735008083	-0.7013904886194117	0.013866368746016254	0.47800143224759256	0.3713350577392765	0.30743538913972723	-1.6072746851576365	-0.6080353059777501	2.0202705117951156	1.3845437436877335	0.36516764477528374	-0.9258042665861523	-0.9284298697957555	0.8190826381031457	2.0784836482321998	-0.6803209833646231	0.7981989441844123	0.13758245545522468	1.1953199689162628	-0.5747625945067917	0.6448366391140293
Br1946	-0.0130143	-0.00385865	-0.00620212	-0.00079048	0.00294224	7.3	0.0214712978369136	0.97562	0.0	0.0	0.0	1.0	-0.012753867866588485	-2.525807338828048	0.23142184709385855	0.19916131211916277	0.7764602452278668	0.44594732687251953	-0.5766856199106472	0.9803907101863388	-1.7256421877176262	0.19762379157812907	0.4731781888551772	0.41075544120509866	-1.0804760426266302	0.6940664716230294	-0.33204283977845095	-1.8708879515294567	0.5249055785070368	0.8094778217763253	-2.7077327885450755	-2.233597590640611	0.23148989678265772	-1.054204722568886	0.03107374389551907	0.9740874937732024	0.3981110141182337	0.6965331160273807	0.9998878085015787	0.18296301027644857	-1.8830732919065762	-0.39403034665381936
Br1960	-0.0124962	-0.00325397	-0.00101689	-0.003498	4.11762e-05	7.5	0.0305383040258052	0.976864	1.0	1.0	0.0	0.0	-0.8118295910363932	0.3851591283407557	-0.653097120667687	1.0032927055607797	-0.3726880672627573	1.6377181753849974	0.6509078704710993	-1.149140100904277	-0.7446647808870699	0.5473752766310573	0.010022510568931801	-0.6060865661505934	0.07740188420818744	-0.648423958422787	-1.0580176877719476	0.39165552617161764	-0.4289254161288654	0.10450227813865334	0.41678088741556696	1.0329299397424676	-0.38883220705784466	-0.13023297309255685	-1.3561797053675704	-1.228596210127586	-0.014934963616665988	-0.569617638356671	-0.41979883546021884	-0.2072916156689786	-0.41047862200401536	0.8560873982209191
Br1965	0.0417719	-0.00383947	-0.0013083	0.00199992	-0.00415335	7.6	0.0247101061999725	0.980298	0.0	1.0	0.0	0.0	0.2248250684026177	0.40309712329865016	0.4646902888799942	-1.1023838899857545	0.2966084188593545	3.4300314632352524	-0.6116586949167335	-2.71991811693885	-2.509064100679688	1.4363448556581666	0.4692395610312312	-0.10985059331837178	0.7755334016842205	-0.8908537943234304	-0.32735611989501273	-1.5333000678849817	-3.2328521842808664	1.580784307192445	-0.9373041067810316	-3.817733012003326	-0.19758317279824755	-1.001887720034655	-0.8771435403815466	-1.3747645491267972	1.1299216688757128	-0.4777166251715162	-0.987296506336965	0.2948156070602745	1.8964451268415845	1.2230840726280738
Br1988	-0.0124837	-0.00468218	-0.00900789	-0.00132051	0.0061369	7.6	0.0263001446316684	0.978316	1.0	0.0	0.0	1.0	0.6028212455689649	-1.0279749155697722	0.09782960663910135	0.9958667226222685	-0.6234247165560677	0.7088387142588926	-0.8675313414175257	0.06710395569785717	-0.5557479576424482	-0.5580578354437108	-0.20827800564656487	0.42170271605735227	-1.1299252204605315	-0.5788644937210689	-0.3744031474499889	-0.29249849986119714	0.850138859174051	-0.3883428863023227	-0.10695520035573168	0.7373278890819325	-0.07279926815196225	-0.31912968753802956	-0.06363726457743021	0.10415991679949563	-1.1154774525228208	-0.41842698107977316	0.7811620757618022	-0.7811883577650103	0.3772758099035109	-1.316642355262006
Br1995	-0.0127593	-0.005039	-0.00455175	-0.00336002	0.00327615	7.6	0.0322443890872624	0.97432	1.0	1.0	0.0	0.0	1.287409371318186	-0.43481721100385334	-1.2149392233558205	0.40330969397035055	-2.1957562717724715	-0.08826157841425948	-2.0258863830583715	1.7735784761047158	0.32582380260015154	-0.06287226133824071	0.5051454122334861	-0.07255030258328234	-0.4777352101840489	0.559957794209485	-0.19950868540193642	0.5390554601482567	0.2911382817903319	-0.18149529738290496	-0.9466271023087924	-0.06606169000206814	-0.061703256710877105	-0.31928395194532483	0.5686184041458389	0.06781494910535207	-0.06206600914565549	0.05377499296240901	-0.3332500743872014	0.2124769446846414	0.5994319439461514	0.16465192107892762
Br2001	-0.0129325	-0.00500163	0.000244952	-0.00322186	0.00121031	7.3	0.0286712122267629	0.97935	0.0	0.0	0.0	1.0	1.0683197509295705	-0.5046324803049557	0.6254027488263239	1.2042765617334723	-0.6072215285648855	0.540076884743158	-0.26730905010113376	0.2940898151505078	0.2522953443636483	-1.0827071952137706	0.5973490129710902	-0.895289030414959	0.21255173079711154	-0.10205603059046664	-0.9364139002738713	0.39371640717720335	-0.15624260896865658	-0.03417043829027598	-0.1166392156166352	0.9053511390664274	0.6361857281280947	-1.1316028586378202	-0.47554309269843686	-0.33580339876923215	-0.7559535586526208	-0.7157846691664779	0.6658779092081624	0.1326837850730923	1.3328210801335043	1.6677055778195828
Br2003	0.0375603	-0.00352789	-0.000320365	-0.00116621	-0.000334288	7.3	0.0216527543733998	0.976048	1.0	1.0	0.0	0.0	0.3406277140850718	1.6781272554901028	-0.11051514034959722	2.5114760919328756	-0.7659302790516216	-1.0925490347661069	-0.3007996174376134	0.7207460542780103	0.02181660102933542	-1.6494361685487888	0.8979572881604347	0.10945577639738499	-0.10495506584018427	0.615188349587848	-1.9142198848304504	-0.5269525894067494	-0.1579043973939335	-0.010381946028219824	0.064275997202106	0.863479314157715	-0.7507691791105026	0.08090105458636575	0.03885867227267055	0.35916827717283567	0.5775341791988153	-0.12231814403974295	0.059421108923944664	0.08861170917737465	-0.12417523301662808	0.6095560466365346
Br2009	-0.0124527	-0.00506464	-0.00351706	-0.0045946	0.00173341	7.2	0.0365621339886397	0.972751	1.0	0.0	0.0	1.0	-0.4496517236741272	-1.725879720058777	2.1028396297051746	2.3449540210148876	0.28097502553148884	0.626704899610945	0.7647747155158772	-0.2603997762079922	-0.7446083526764221	0.3030560552313861	1.935921370280234	-0.6039387816290717	-0.21947792533429034	2.5636019477593943	-0.1824009864031885	-0.2720697755499733	-1.9830675879031439	0.07945161913206025	1.2501131882939671	0.8895988812182369	-1.6060657774492597	-0.31143126132091964	1.7555378460523712	1.3432735838014846	-2.285062862833853	1.561649935136141	0.17372205775976168	1.185461440095453	2.073364983360173	-0.46408427063922064
Br2015	-0.0110018	-0.00167793	0.0178465	-0.00184209	-0.00594719	6.9	0.0282584509697587	0.971793	1.0	1.0	0.0	0.0	0.7977549016546118	-0.03366739094719246	0.5704666230948106	1.323739846847885	-0.21717143485422627	0.20382081144145975	0.7745102088805399	0.40143661367225203	0.5338636231663183	-0.04297047290189081	-0.24943205184948902	0.6717461181208307	-0.4479930854883757	-0.8727991622890002	-0.3714626620593561	0.006739169096642472	0.24973020511988106	0.8579913339117226	1.2732130836562199	-0.33813897394124515	-0.18446782803014425	0.22271861928776537	0.2647742959255622	0.6191823680593576	0.30299516832385204	-0.6129412473487215	0.1486391799183857	0.03291721607783666	0.11225175181738503	0.2462895392698801
Br2026	-0.0134291	-0.00441928	-0.00933664	-0.00263797	0.00217566	6.9	0.0090161248028609	0.969992	1.0	1.0	0.0	0.0	-0.05716257902490984	-0.5278606064268265	-1.823758168010183	-0.965275080124088	-0.035232598654690056	0.2599749466310848	1.2096595392689462	0.3545637706367737	-0.24752064452518813	-0.6291274050175846	0.6860507598077972	1.5926034782005503	-0.3200290464438766	0.1196468105589921	-0.29285219006057406	-0.08500094483137285	0.2829515832440852	0.4477991060934984	2.4394001455026353	-0.03447557554877685	-0.6926154194696844	0.112395729715461	0.03243751537358283	-1.0566496404641135	0.42354080371019515	1.3606305343599954	-0.3500966359763692	-0.47308431822533914	-0.469391699762094	0.008511329957988005
Br2027	-0.0114228	-0.00387494	0.0154269	-0.00401597	-0.000358182	6.7	0.0315188044365152	0.977816	1.0	0.0	0.0	1.0	-1.4693902403086876	0.13241087681860755	0.40107239773450465	-0.7242575409360071	0.8821081667700046	1.1407794946761878	-0.554750635718038	0.4150471385676392	0.33461520389466853	-0.3081634686194932	-0.6383969173441632	-0.039596313176339465	1.4388482565080452	0.02859643240208219	-1.7340385551847395	0.5869992033569948	0.44157824296756465	0.18874646247582444	0.3814309281937296	1.4051766064455506	0.37304633384353164	-0.00387088564495985	-0.7892235143837878	-0.8079255260222244	0.7807964664172105	0.9419463822375108	0.09883093243671194	-1.1247213018265758	0.8373380137154884	0.18320679001788778
Br2039	-0.00987181	0.0119567	-0.000382217	-0.001727	-0.000993973	7.0	0.0300750774650121	0.978878	1.0	0.0	0.0	1.0	0.06799255519534808	-0.6718955808008227	-0.6397630637251357	0.6560834404099468	0.703602869976101	0.9710871160154847	0.2267838196401289	0.018926155871379934	-0.5739734006742375	0.44060590591531024	0.44095050202297403	0.8098398123963549	-1.5603370729718862	0.6418801488919881	-1.5080314933016163	-0.8226744807972193	0.42723750546695277	-0.1116349648982581	0.7899969408614403	-0.06832127916496328	0.11361860684939522	-0.027616786931255494	-1.0506776934171718	0.8570900900383297	-1.333867042593942	-1.165929049617324	-0.758547530690711	-1.0358463308637416	0.6492669586341332	1.1625381175546017
Br2044	-0.0121963	-0.00533767	-0.00742116	-0.00171429	0.00202578	7.2	0.026791853629905	0.967856	1.0	1.0	0.0	0.0	0.37911216744972615	-0.48992883681681976	0.4800748880767582	1.4036658936681723	-1.1047325491690172	0.36835540486245266	-0.008191481594178998	0.9946218866753098	0.7881984858743277	-0.6387826518593834	-0.2665667267969695	0.006158456610387237	0.4348980004532881	-0.6717327326960217	-0.03744044488922782	0.044412866837641465	0.8531426154798128	-0.7984844228594001	-0.4178664124838817	-0.6059758736965131	0.055559503941299535	0.7867785118138002	1.192170666492773	-0.5446539695908399	-0.46689349741498215	-0.01718729467377845	0.132739030050532	-0.7433938933308352	0.004809967398352496	0.02086023627251814
Br2052	-0.011846	-0.0033248	-0.000591619	-0.00347424	0.000532747	7.4	0.0245192733575849	0.971655	1.0	1.0	0.0	0.0	0.3307526940465534	0.8566037007739014	-0.4783035918674605	0.378498573949936	0.182265363356556	0.6525217141917699	0.07550734805397452	-1.0836598520448864	-0.38656350497236114	0.572952888036356	-0.9423006329687872	1.0307190621562607	0.47140094268641936	-0.37063454208840557	0.4995846485133023	-0.3772783317490055	-0.4352217294555854	0.573954328083135	0.8903667677296996	0.46661372459919276	0.05451880081031223	0.48644117221693883	-0.0342513684888939	-0.30795491465515784	-1.1156793660499456	0.4977363625467147	1.0766612569449119	0.2542489288493606	-0.6388766226424946	0.20243082454393485
Br2073	-0.0120384	-0.00396148	0.00219203	-0.00447371	0.00231697	7.2	0.0153154675692398	0.980557	0.0	0.0	0.0	1.0	-0.28484292886941365	-0.6246876717992298	-0.22579300227136656	1.5895319692077092	-0.4553351428366402	-1.1169421550783762	2.0831176083770306	0.8306956057984739	-1.384955848054727	0.7630837582005598	-0.685104173262144	1.2668087470033775	1.647245098253427	-0.20172824739043224	-0.09255122702910182	-0.32173022091063214	-0.09242330586647879	1.755113366763332	-3.3554806384722506	1.118223675381312	-2.8623621473075365	0.5959151187830838	1.2201502688164119	1.8011191119265668	-0.8919441618065707	0.09547062256568246	0.19926130614154247	-2.5838771751942726	-0.8913972090341562	0.6248103659330498
Br2075	0.0370091	-0.00327828	0.00106384	-0.00117361	-0.00042652	7.8	0.0304764917995615	0.981005	1.0	0.0	0.0	1.0	1.8906818945996728	-0.1357922090295556	0.4778182865555293	1.409707314665616	-1.2877707508344431	0.05388797353240086	-1.1807663054122075	1.0141797549329001	0.6289159720916971	-0.878123577646536	-0.4926381041635293	0.40771240424059707	-0.4034674627785306	0.033243820477714875	0.2267001562989494	-0.30849209217598905	0.2058836088986047	0.8379881132654289	0.6323439778868253	0.4044158388145301	0.6159215731809675	0.7367645785710938	0.955015224689375	-0.008428957151063636	-0.25317286036222786	0.47563331897723493	0.7414894971020866	-1.5560769620430028	-0.25433628320205975	-1.4945569170646755
Br2084	-0.0110855	-0.00482985	0.00662912	0.000502057	-0.00350109	6.2	0.0139921148489087	0.976988	1.0	1.0	0.0	0.0	-0.5163108795279401	1.99496386056915	-0.5150154940211974	-0.8787631326905737	0.8700731080123741	0.6019577245648093	-1.1522643892875652	0.7862007221872894	-0.3676142629451722	-0.023336466892316787	0.5692252022462067	-0.7098250654883633	0.6264332538648756	-0.16113717539208666	0.8557457138811735	-1.065665925598851	1.1109038868069367	0.640681471005004	1.0947694731612474	0.28405417565732094	0.4884464923728386	-0.49396061218207693	-0.7037401053595185	0.4294577312459104	-0.29832298029438514	-0.1701946801991186	-0.953085054324528	-0.47515383769210445	-0.42113351188330567	-0.4637813749505257
Br2242	-0.0126595	-0.00439752	0.000688298	-0.00367873	-0.00125402	7.5	0.018285907974185	0.973896	0.0	0.0	0.0	1.0	1.7960297132252034	-1.0256266318514777	1.3182812275769122	0.6468332316425215	-0.9271955864803808	-0.4365140716203968	-0.9641273304002376	-0.4168135031036595	0.14621110208124877	-0.8127413762517978	-0.47179276242642004	2.039274748241506	2.4901338924365892	0.4872404205506693	0.6994930512155484	-0.789833687985257	0.04530707481921834	0.11877361219379753	1.0071280323071843	0.011716579640325013	2.0124058516391328	0.877211280099252	-0.2539301602914636	0.5966004392242468	1.1131691041184717	1.5602452397442403	2.04335491071314	-1.1729177663632746	0.4557013296673262	-1.5895910107815419
Br2257	-0.00961615	0.00105669	0.0290008	-0.00645873	-0.0116462	6.4	0.0155622997836466	0.976309	1.0	1.0	0.0	0.0	-0.7821617860864607	-1.2065787074396266	0.29956832804973016	-1.689485263156037	-2.9499179350741858	-2.2407565616896576	0.4836680310369708	-2.6500725953811624	1.044079382688403	0.5481107475491259	-0.1427315588369974	-0.6247129254372193	-0.5832714720345278	-0.29403906559387677	-2.7498789729609228	0.5906515524239899	0.08490606233211945	-0.7723409301814104	2.0759319095598476	-3.134834256380416	-1.1151014047038714	0.06354230998565559	0.28081539803846156	0.5040094575656107	-1.3467952948186255	0.09489910618030006	-0.10497520693721121	2.057441217410904	-1.4577188029501935	0.5605585851124939
Br2271	-0.0134857	-0.00568866	-0.00462573	-0.00163608	-0.000621842	7.7	0.0217668158453652	0.966598	1.0	0.0	0.0	1.0	-0.6004842055735765	-0.7215791446652884	-0.4317438255799836	-0.04798573562582866	-1.4302900166016796	-0.5590974825588166	-0.4456967888273082	0.7195324116195825	-2.2818814928991045	0.07283371463081381	-0.5996754778083047	-1.0495618322380265	-2.2376339202990603	-1.710134166801918	2.6993369743679145	0.7202254834187901	0.19888264724865903	0.23220309760547808	-0.5133570688463724	0.6320126327062509	0.06105568657853343	-2.6721804843733397	0.06063025735673411	1.2966197580986334	1.9676660888790196	1.9676797257121794	-2.4015668582293817	-0.7783629638898294	-2.191901365077057	-0.7119908953085011
Br2287	0.0386796	-0.00284715	0.00466985	0.000475005	0.00326126	7.3	0.0090637656482544	0.968398	0.0	1.0	0.0	0.0	1.0909113379080977	1.0062441231024661	-0.4588653004213609	-0.350662622580168	0.48442127444997624	0.39092224054829167	0.2882072782811251	-0.3585925385740125	0.17109632742684985	0.1895428882101268	0.28978619378787596	0.12753198308572766	-1.1051424612245175	-0.5628003277306911	-1.3659216513070762	0.8026049410910759	0.168686115837754	0.21122701388276682	-0.22115284618303205	0.510565871105391	-1.061982825281489	0.05749905830206828	-0.6403088129511512	-1.7721025499503187	-0.4179174268851841	-0.9456906932479516	-0.3638339336970636	-0.9585473018352673	0.11203551292140855	-0.5421422079311017
Br2291	-0.0130472	-0.00430707	0.00168844	-0.00260003	-0.00042592	6.9	0.0368877393931186	0.97213	1.0	0.0	0.0	1.0	-1.6995499203808127	0.7846933057453853	0.9635299222721615	-1.6910874397311595	0.699424142868008	0.6420694171601062	-1.780502601441097	2.2827020931384685	1.571936350421138	0.08247524210229189	0.6227513054629429	0.3136867515741587	1.8717281789149545	-1.0746207666925836	-1.218824019626986	-0.730815822619942	0.256569820167596	-0.8435869841197176	-0.08409072260370892	0.41370928474884044	-0.115313939560964	0.18094536782691847	-0.5204500482947365	0.20530198975124192	0.615429581235929	0.3496816698912052	-0.0617618895415856	0.39540469422329605	2.01855092687144	0.5552332375230441
Br2292	-0.0128435	-0.0026511	-0.00035648	-0.000689976	0.00107797	7.3	0.0255988007780819	0.975031	1.0	0.0	0.0	1.0	-0.8178468628404496	-1.898393631585198	-0.6319961413418852	-1.2706400627726457	-1.5552916830684955	-1.0804928498047763	-0.840107176071393	-0.10773933394996403	-1.3171613255395742	2.256774459246404	-0.5230040846537253	0.21353965968069472	-0.011136229033287108	1.2251488961691	-0.9701240702869218	0.3130910963397404	0.09514960738536253	0.6974360890104745	-3.2534775317763196	-0.7297997896579175	-2.651395280291059	0.3055671842443079	-2.036787650952332	2.674063878580414	0.2101168393081081	-2.4017023000739437	0.043866923747036275	-0.2943719894813854	2.0074736490100027	-2.745034416773995
Br2295	0.0423244	-0.00595764	0.000551793	0.00106538	-0.00354221	7.9	0.0171228845003455	0.976867	0.0	0.0	0.0	1.0	0.21055260095169356	-0.6702800653627824	-0.7181602572707156	0.14337352103576537	-0.5705484056490279	0.5258152778266705	0.7113733122229624	-1.7030598199663152	-0.4144126718791125	-1.409905737597535	0.137233725562422	0.6670810986821504	0.02192718416041058	-0.4069095971035407	0.195320586814979	0.9051162574976419	-0.34109002162893315	-0.31678255929300486	0.8983141795516574	-0.4786870933419513	0.7418484942131363	0.2129402117096075	-0.8539030849964334	0.15156208267331403	1.1166077827935217	-0.17202411936280704	-0.8237135346198614	-0.8111110771841673	1.185623144975858	-0.21670420146528016
Br2298	0.0348837	-0.00320426	0.0015477	0.000887577	-0.00505166	7.9	0.0176529195437904	0.975822	1.0	0.0	0.0	1.0	-0.28788685222899274	0.8638015909371677	-1.4611065769943714	1.1806375091014631	0.27898805280733996	0.2450503130187514	-0.11845744158346312	-0.05291630824809098	0.24834332109759505	-0.2627646897337622	0.8525956117956234	0.9680664488470786	-0.2555026028213724	-0.29140564741180697	-0.753681137445954	-1.036576920685534	0.6724348116834593	-2.624216331055618	0.7071480632599214	-0.9034329758089341	-0.2475676086043001	-0.4858232908630213	-0.013576433562512143	0.8817090890111438	0.196538880672364	-0.14156969397051417	-0.3889160442923096	-0.9971315838517545	-0.15365761364964287	-0.44307818041412306
Br2301	-0.0122775	-0.00321894	-0.00250657	0.00359797	0.000643376	7.5	0.0311940915162476	0.967842	1.0	1.0	0.0	0.0	-0.764473985077183	-1.4163429027423315	1.2429269788464705	1.2258474539078477	-0.12643601775935912	0.5328781515723883	-0.1341459957309421	0.3286676099923691	-0.12669102902497367	0.8784524076593948	1.100809197038598	-0.6239478319249763	-0.0118594210806382	0.24850094881683418	0.21191666473667295	-0.08203594935741629	0.4866331997379617	-1.396943218473304	-0.3750978076866685	0.3675811706320203	-0.3139849410640124	-0.18631996470010231	0.12612269903739434	1.2977151701528322	-0.18240179222216912	-0.6805157553327867	-0.21408462457258487	-0.1147317921226545	0.2374685822131082	0.6439537982951662
Br2304	0.0223907	0.0412623	-0.00100914	0.107969	-0.0117197	7.3	0.0399881672611538	0.97782	1.0	1.0	0.0	0.0	-1.1381486274719335	0.13840891265517538	0.6699916517257042	-0.6535006209644078	-0.2565578183025782	1.0511722468984956	-0.10944362536334051	0.6843802229927771	-0.2071052494795887	-1.1056156906360017	0.38816006479927373	0.5264786181791651	0.5410958349861498	2.051404737016348	-0.4350206638053707	-0.08254987737140097	0.18958786359278107	0.3517210044436495	-0.2334745659002106	1.6159536911997772	-0.08047802642998653	-0.6425648635574458	-1.1001574476735536	-0.13613047771741804	-0.006542928653289532	-0.6063388285499874	0.6783901553727291	-0.12257756263598	-0.7355485891084029	-0.8344246619305283
Br2305	0.0365473	-0.00406341	-0.000216862	-0.00348269	-0.00296006	7.8	0.0213581648733032	0.972853	0.0	1.0	0.0	0.0	-0.46179035045147976	-0.3478595651740839	0.7521014831587325	2.0984036997842552	0.20896539073396844	0.03080754596188505	0.2369605486601695	-0.016828150594034166	0.14144362303636546	-0.09516435838786334	-0.2193974307718157	0.04265075178247881	0.2630877765032038	-0.9355594103940833	-0.3591729638336086	-1.3340052848970545	0.7413044680219093	0.7378322293275601	0.7298980721810804	0.19409899675742803	-0.01448496135541143	0.4513987920614955	-0.15413677454995733	0.8475304159918399	-0.062018578667861535	0.0627905169128472	-0.57172900878543	-0.1773660308623393	0.36982546380360243	0.30305752572095673
Br2313	0.0399162	-0.00486481	-0.00287692	0.00256174	-0.00506072	8.2	0.0119082908508887	0.975199	1.0	0.0	0.0	1.0	-0.5967545624256446	-1.377583006296968	0.16788102154039694	-1.8723730658832678	-1.0614804664627688	0.34259029025897986	0.7303637391196224	-0.19093667803527772	-1.0216708722758334	0.6910144643513538	-1.4839796179631697	0.8480401503300579	-0.10880534726927195	0.6425439964129682	0.37913584923148497	0.401392119006069	0.5721282108316005	0.17583163379409825	-0.0714088179508092	1.519532040253926	-0.3132298033546828	-1.0225595114758153	0.5636720749917679	-2.409604104639223	0.26180597717411613	1.9976258929826336	-1.3609074600580016	0.897189161029664	2.5711023642080795	-1.012394398819791
Br2322	-0.0133878	-0.00604258	-0.00860206	0.000307375	0.000862161	7.9	0.0221342926132138	0.964381	1.0	1.0	0.0	0.0	-0.9811970497703693	-0.5286962708809719	0.45197359393119757	0.46082843245574234	-0.7656496363461123	0.6898508857118127	0.8972904002812068	0.7657122230106796	0.24894933869805064	-0.8838618523429745	-0.05327043453086572	0.8791847041282355	-0.2448700174414413	0.07885066973876625	-0.4952529509760463	-0.09118947149928283	0.7094917686914698	0.011431180834820753	-0.5067265653072728	-1.3264320527813576	0.15114413624935996	-0.30900601768668234	0.6718980194646298	1.0905441337676096	0.003612992897816867	-0.2620922770575736	-0.28406244741948616	0.2832823792761609	0.4246712858224287	0.4047145474714211
Br2333	-0.00879093	0.0157333	0.0114502	0.0435535	-0.00310726	7.3	0.0132437768843992	0.976387	0.0	1.0	0.0	0.0	-0.7746070511695381	1.9274683855861319	-0.5630196441847505	0.6344567696490614	0.0951624574332908	0.6443705712099065	-0.5782028536600916	0.32328464820305797	0.4970756077045922	-0.213700578268032	0.6301383100583722	-1.179544877575798	-0.02956575570882799	-0.5207786375379009	1.3298321457171558	0.42368771721657505	0.5352362116113282	1.4807509121337383	0.026484965354028344	-0.2839894219157578	0.4402403459478937	1.521105911083639	-0.27210909341481926	-1.4887900098990516	0.6238658616019833	0.04404607276936343	-1.70602253382018	-0.25195444191344424	-0.9139906402923298	-0.31512471238951845
Br2337	-0.0126097	-0.00430934	-0.000969218	-0.00120715	0.00181392	8.0	0.0226356189014867	0.973397	1.0	0.0	0.0	1.0	-0.38720153980771044	-0.2703469115132357	0.5870538808890842	1.3587770986940801	0.049826242070153556	0.45220990465865224	-0.7989141128183788	-0.5563786769368446	0.1923576557565791	1.2014331783536925	0.017183714008200086	-0.5451824174967171	-0.7952040204717583	0.21118872863139307	0.4208873825922133	0.46881418128113933	-0.2729635706600198	-1.684200655778469	0.34319255302413365	0.9314499699306029	-0.22378837961656806	-0.6010701440234737	1.426075393214047	0.5469028357293254	-0.6163875461482234	-0.6099338112112419	-0.3124511720839711	-0.749218279457427	1.5002571931927355	0.09587594813427944
Br2343	-0.010294	-0.0021422	0.0169135	-0.00312109	-0.00820376	4.9	0.0325241747195753	0.979391	0.0	0.0	0.0	1.0	0.012455607777709892	1.160760190023121	1.6038577195990256	-3.400084760208454	-1.7746449831281879	-0.5984020476705025	-1.5704611041783794	-0.18488556137659234	1.7289830090994458	-1.971961219829692	0.4027869780872751	-2.4060588311094175	-2.366213142904056	-3.568585217254257	1.853519983026295	-0.9755553048843427	-0.39221541717688474	-1.6250010415008824	-1.1693116098891996	-0.9389859436868385	-1.081382509039995	0.43403549083255993	-0.13616280148069557	-0.793389203999192	-2.327795971474968	-1.5229987657633788	0.8327597871690662	1.3449253418496956	-0.10359289191718149	0.8228055530036817
Br2345	0.0368118	-0.00486406	0.000182447	-0.00224231	-0.00571062	8.6	0.0116157324097421	0.971348	1.0	0.0	0.0	1.0	-0.34046579501959756	0.23488114811813762	-0.08122295114635195	-0.2742835726389805	1.6478997047301116	0.6741460410043194	-1.2066035440583487	-0.32413417788995286	-0.7998747381850445	0.8855468961175229	1.2655639137051684	0.5974238030367045	-0.33985838941301955	0.03819469066120008	-0.3032420194869199	-0.3562620787064346	-0.32888134530135354	0.5516074448503715	0.38545160317143273	0.0695701271633946	-1.0268660199363135	0.6642722762772649	-0.9546840161220701	0.5932901173238712	0.6924649767628546	-1.357422029608605	0.9509113087633722	0.5452644134687412	-1.040744879148966	0.14704055780029987
Br2346	-0.0130437	-0.00315863	-0.000837493	-0.00132913	0.000743703	8.5	0.041081754661871	0.959156	1.0	0.0	0.0	1.0	-0.04734096370873866	-1.4367706864193213	0.6476997088925655	-0.44321785470954983	-1.0708102806412982	0.7404814571601717	-0.2704091341876198	2.1069224905515034	-2.6157676547350324	0.7022567035045341	-0.4013600412310704	0.7846756838902657	1.5404480176068778	-1.4654848391718058	1.97064901232048	-0.37361169788279636	-0.4718854271907003	0.7046473893337981	-1.7989859223820093	-0.654728671937735	-2.528053020927458	0.6831966532668449	-2.3572210512716785	0.5211757724281533	-1.1024803416379385	0.22179379064187765	-1.0300321454030412	2.4251893871684813	-1.4262973705859543	-0.15778558195916942
Br2348	0.0374798	-0.00452472	0.00192893	-0.00158951	-0.00640242	8.3	0.0196446547127349	0.973216	0.0	0.0	0.0	1.0	-1.0700018291408115	-0.8221980969411041	0.30542460873727706	1.0821761111351085	0.3189007202097429	0.474338220412275	0.2797042719401388	-1.3238140507962732	-0.18209022945670628	-0.7686489638372307	-0.0005114522429557638	0.7608405062603567	0.6917224601464513	-0.2178369796003566	0.7621735096719806	0.2019011233436268	0.6939641539617541	0.06391432194426189	0.165848097934926	0.2783049927726832	-1.0507476960693722	0.4283798192409185	-0.12526239674116726	0.5243398599936909	0.027429356656272733	-0.2864351304234803	0.07734281559982736	0.26291492818239803	-0.37637462757639467	-0.18632322883219998
Br2351	0.0241555	-0.00306471	0.000358734	-0.00190306	-0.00608372	8.5	0.0160205720775939	0.974107	1.0	0.0	0.0	1.0	0.830911692331566	2.592713363644507	0.3048479215339901	-0.7607494951773034	-0.34818101494373976	2.261771988670825	-1.3290457326125478	-0.1357453384104184	-1.0779941545517866	-1.536575500816041	-1.4041532436508504	-0.015832039720022475	-1.1801060173638038	2.1423706220848135	-0.050159154712824346	-0.11316843199643767	-1.347264938403867	-0.5816111611546195	-2.3672505675021944	0.5242803868659888	-0.38392986342578	0.6329035219915418	1.5952412777381009	-0.7095104837026782	-0.5154608899418701	0.8241330552464471	0.38391513605168653	-0.0032147023832920702	-0.24757648201458282	0.45362932435274494
Br2371	-0.013308	-0.00442858	-0.00544518	0.00272262	0.00050545	7.4	0.019115189847621	0.971871	1.0	1.0	0.0	0.0	-0.8323413861673216	-0.7498359885379939	1.0627496311918607	0.04230666532985313	-0.2992263211997822	-0.8831421490099199	-1.1124789090275626	-0.8426736541259288	0.641552918539779	0.9598654629541176	-1.5245088731788792	2.4602151030150403	0.560155797805168	-0.7923724224701563	0.9513606261967357	-0.15250401811577624	0.013739317798581811	0.356099741308889	0.649208651678153	-0.5487958548424898	1.0771643684443635	-0.06973064043152306	1.0260306679259439	0.7784772757488045	-0.7053247192625638	0.8137172801053033	1.0582171666301725	-0.405807351652516	1.5746346630651147	-1.0691282344623791
Br2374	-0.0120826	-0.00400721	0.0107754	0.000297023	-0.0043639	8.3	0.0269179362637788	0.979124	0.0	0.0	0.0	0.0	0.4911211012118173	-0.27921631695307186	-1.6251790208664925	0.5300415493689505	0.3221593719342903	-0.7044222548407546	-1.9766380191368325	1.0102189006732372	-0.6595422237237432	1.8202588490761105	0.7064572912481772	1.5671671783361425	0.8973656257958433	-2.0298968602595644	-0.5772078881323716	0.4577210222233232	1.4961809823585812	0.15330014155354504	0.36860561698130945	0.261820587875265	-0.18284693154253948	0.8774630229089676	-0.7712511809581049	0.2938295667260412	-1.1030811509801748	1.2556237123172114	0.42732230433978513	-0.5053503056544119	-1.9926427732713259	0.6908796513051039
Br2377	0.0299413	-0.00481274	-0.000428247	0.00185101	-0.00709862	8.2	0.0154022573227962	0.976562	0.0	1.0	0.0	0.0	-0.22150171751080136	1.6424580427015716	-0.1496756031801109	0.7030806637593267	-0.9365056832896526	-0.2509250038425804	1.1228245224447428	0.0456177096231621	-2.0568632415251167	-0.9791492871249554	-0.48348248654520093	0.8595851761483552	0.5592444438526512	-0.575082226723022	0.41812172151384897	2.41575726107933	0.6949101286284098	-0.32301523497758067	-0.30832678816365444	0.22947442312419547	-0.22387946563402109	-1.1022171211705936	-1.9225254531689044	-0.49196951251773674	-0.8176962793168013	-0.2439665092364659	1.1131550154371124	0.6416904328622447	-1.0730608423659906	0.5610022000102733
Br2405	0.0321294	-0.00538944	0.000513456	-0.0046068	-0.012072	7.6	0.0093981774661337	0.976523	0.0	1.0	0.0	0.0	-0.8752799926016691	1.3271577499168874	-0.9205572257755941	0.43493027963738484	-2.174661060855363	-1.247050236885088	0.41751649006254793	-1.8300218624206306	0.05999892663844001	1.0335155321701883	0.37218531471079197	1.1353751093851983	-0.8723467973937296	-0.1976559108013011	-0.3685424458101397	0.6538480188054956	-1.4242221191665223	-0.5862216656621368	-1.333188532526479	-0.2189218781793675	0.33689435260911654	-1.0467793212971488	-2.939480525061004	1.2189228398931948	-0.16519615236510798	0.49572691751686465	0.6837179848883834	-0.9120071128333316	1.6371037348629711	-0.23529610458922276
Br2421	-0.0132709	-0.00582549	-0.00742518	-0.00325501	0.00185068	8.3	0.0231879123055732	0.968781	1.0	0.0	0.0	1.0	-0.9365526370622889	0.4394163456494504	-0.20483069401927562	1.7489657209705618	0.08333077014693785	0.0741976133247121	0.9349220429430573	0.13552437015871227	-0.1800389993964826	0.2398732787883892	1.273213084750203	1.6115191490367828	1.0336083734099406	-0.4703149686925514	-1.5550262847191874	0.37587789507252145	0.7445423688974725	1.2621771977284104	0.6867477239932797	0.029877098167951817	0.2695495163969424	1.9273160954486037	-0.7114131145754413	-0.24549159666733653	0.49760725655121263	-1.4366739842879876	0.5895602876401298	-1.0617685474492666	-2.3941200894225334	0.8473931208306678
Br2423	-0.0126036	-0.00582659	-0.00177626	-0.00387172	-0.00364309	8.8	0.0098422285349748	0.977461	1.0	0.0	0.0	1.0	-0.3072340143416781	2.347298116551052	-1.5245254731585376	0.37224522000417376	-0.1925684099625998	-0.48009064572343296	0.9268865121634268	0.19107190841283692	-0.5673568108079483	0.3820192168964431	2.143228481268657	1.2617350092181498	1.5046410874820237	0.08295500628431275	-0.23768488177125652	-0.03961662248235699	0.2988522355547282	-2.1871157690805982	-1.1657350756045108	0.007242430810436148	-0.01727361267615592	0.5887924224445602	-0.4851863517368775	1.6656250102998813	0.2669708918692892	1.0750999983430904	-0.8127362911872553	-1.5811483760693632	-0.4991453541397705	-0.6827711795691752
Br2425	-0.0131078	-0.00449893	-0.00651456	-0.00267283	6.29249e-05	8.4	0.0283730424029909	0.973655	1.0	1.0	0.0	0.0	-0.29860862230482665	0.04431798530678607	-0.24046013746545716	0.32063336695962125	-0.4951665852141567	0.5222302607280592	1.3019759348285633	-0.11892768226419247	-0.3486944855803519	0.4928475099908633	-0.6073024429705141	0.4121091267681497	0.9444466950540255	-1.1177519653900383	0.3059847303621589	-0.39034395342528044	0.4163810947079151	1.1303045525245916	1.3116136336447821	0.062145512838709234	0.8140084963438862	0.46948164614542454	-0.24301279895322297	0.3090552446539493	0.20945209549827482	0.23786017087057443	-0.10838829804102784	-0.30056674954437596	0.16838086078609824	-0.10158144709476973
Br2453	0.0315062	-0.00397821	-0.0030724	0.000256367	-0.00744414	7.2	0.0131906508773374	0.973854	0.0	1.0	0.0	0.0	-0.5534219915128431	1.2693688036489117	0.35437742912548714	-0.6246745353543496	1.4148031353036132	0.24806538327809677	0.025718973354824842	-1.011746019515567	-1.1694379334023146	-0.5152943326485236	1.276564869885629	1.0009084147100609	1.40286317817174	-1.037275284830327	-3.0216356657012327	-1.5303708562982197	-0.22468900518672583	2.0422841828227254	-0.08265283424239588	-2.1075299604711732	0.053201177730239524	-2.8934543413121627	1.6872995114019285	0.8145904949676245	0.41842935094334904	0.008667970462837645	0.018747169096938292	1.4085780796482759	1.370045842491685	0.42822995332954017
Br2454	-0.0126805	-0.00514437	-0.00444094	0.00154029	0.0023857	8.0	0.0213709777565812	0.970793	0.0	1.0	0.0	0.0	-0.16789475420503241	-0.005076216893746725	-0.053328212096483266	-0.2105155824375251	-0.7633965028657768	0.7867797373545939	-0.35385497348024253	-0.5262569786393909	-1.8073116563076883	0.15980137786083456	0.6300452515427901	0.2816147606430906	1.198169777635612	0.2328022292345738	-0.7228390271846493	1.1386908750925981	2.7529005656037535	-0.46235585279257513	0.21149895124002271	0.9864679454721331	0.3713643184760714	-1.3985369613900893	0.25851287078643426	-0.046269996054977114	0.08120384807832363	-0.45708777441689935	-0.8294173354266701	-0.30543247822318154	0.07274991102645079	0.5669596857155378
Br1023	-0.00928093	0.0011762	0.0306142	-0.00248069	-0.0156221	8.9	0.0168946761325369	0.974979	1.0	1.0	0.0	0.0	-0.17445529827794015	0.402823193932332	0.31273600669256196	-0.4178493878345417	0.8496088330233935	-1.2397056329376612	2.740290672266469	1.1892019884231417	-0.498714754863016	0.21216980905688662	0.9805699000003673	0.6018496560469254	-1.336793891210563	-0.4598953832927834	-0.3636980526719425	-0.6874370869989982	1.946863253402484	1.3723967497383645	-2.1120776728928257	-0.014745533382080202	-1.7014833896759929	0.29048574554943235	-0.5252252048453687	0.26529777111754244	0.8800808256557401	-1.0198881093871384	-0.49873209086881864	-0.5398941609358098	2.579289493764971	-0.21618301645208296
Br1033	-0.0123983	-0.00305911	-0.000279086	-0.000772801	-0.00047457	8.9	0.0345238099679074	0.968029	0.0	1.0	0.0	0.0	0.16945087459148125	1.415460716352252	0.8649951473101727	-0.7348077472007278	2.0707316089806933	-2.192895530064669	-0.977570981050124	-1.5327822789122019	-0.9392778668400221	-0.3471309107041739	-0.3223626820864469	1.4179605141058167	-1.1198088499186427	0.678060122359162	0.5525924977418306	-0.21347793803624476	0.8821041161059774	-1.191154259978056	-1.4024994905881778	-0.457309402026743	0.36088121983029936	-0.09233226775879472	0.6071592599486374	-0.704200864874703	0.23298094704179786	0.2026994658725819	0.24477832411538317	-0.37612045232065794	0.7766341853662375	-0.4359455028395447
Br1034	-0.0130502	-0.00370658	0.00147753	0.00312665	-0.00173695	9.4	0.0344730112215203	0.971639	1.0	1.0	0.0	0.0	-0.9993461954940215	0.344970380931132	-1.27720748847134	-0.13679005878427478	0.9455399465779429	-0.7064827973151178	0.09583816592610299	0.17469243793385408	1.1084271314195482	0.03133774296930259	0.6640954909583677	-0.9287820102430847	-0.9535582843080899	0.40760956666218334	1.1854052273886393	0.10058422783689985	1.3916331182586972	0.0270983059697854	-0.4537280812031386	-1.396562449594558	0.7717341009156771	-0.5910016950228273	0.5198578569773323	0.01776104232586127	-0.5319302981321324	-1.3997476447745203	-0.6462670563854241	0.9693824965447889	1.3391359126432159	0.07362032015910983
Br1139	-0.013125	-0.00395938	-0.00908127	0.000244394	0.00192269	8.9	0.0182137661654303	0.974152	0.0	0.0	0.0	1.0	-0.22500689076190167	-1.100300940766444	-0.17759850001383434	-0.8659719033141291	1.1518076269990307	-1.53819681141569	0.2372813564823588	-0.34201716252688413	0.8402812571268903	-0.34206368731114867	1.3669212528846275	0.9329789470165333	-0.7371750383092923	-1.2213262737462303	1.26871011344085	1.1563999452067026	-0.7133235773333972	-0.10017481546450112	0.0452178858418126	-0.2906954241030849	0.9471650578012534	-0.939742524630428	-0.07738945307972293	-0.780484427928935	-1.0143817184361892	-2.5464970674446765	0.16907902673375627	1.125319553573641	0.7720836684745029	0.2825158059387693
Br1243	-0.00267739	0.0507765	0.010697	-0.0137335	-0.000288973	8.5	0.0148885303501622	0.968341	1.0	1.0	0.0	0.0	-0.2828896133383918	1.3022225345073504	-0.7209385837103408	0.9119997659745999	0.37267074733152494	-0.2418315174794865	0.21341033807659712	-0.24971967711979845	-0.7122211199686584	-1.2622951419322446	0.8911263413436333	-0.9535997993186129	-0.073205842677725	1.3541247310316913	-0.03522631391735696	-0.3931404922903795	-0.40247882487757375	-0.7878826275941248	-0.368808014696778	0.5291117112681277	-0.20353431038837166	0.10553724830085096	-0.08805658273218854	0.1121029720088668	-0.35266209528274894	0.8238640255557876	0.14038306379415758	-0.17584045166306358	-0.3619512388502398	0.3838536437657335
Br1264	-0.0125279	-0.00402983	-0.000437545	-0.00270426	-0.00120043	7.8	0.0189793264586419	0.979673	0.0	1.0	0.0	0.0	-1.288833853054046	-1.2853216079019945	-1.576418044999862	0.5607297887017781	0.8123334937247729	-0.5569490642768629	1.6141459651741268	1.7298060372243202	-0.3575430188924069	0.06529179043378222	0.5100715919994415	0.6313330659841144	-0.7344976350769185	-0.9117436204943111	-0.4293442480075795	1.7181810775251913	-0.8774907244629373	-0.694252953027904	2.0884371656871292	-0.37189627459542235	1.7451146149597734	0.7809736326425633	1.6470989315787288	0.25515580231094337	-0.5871186472633209	0.3615758115554445	1.5228984170657576	0.16430025859878963	-1.5852466205671694	1.3360464007120423
Br1304	-0.0126107	-0.00524484	-0.0087914	0.00524816	0.00320493	9.2	0.0236059556587949	0.972089	1.0	1.0	0.0	0.0	-1.070832287319769	0.32595540632606895	0.873647611387782	-0.03348493177272192	0.24990219379482345	0.7103004352842694	-0.07734853983853829	-1.4296613513635734	-1.0724244473450983	-0.08217993412898814	0.19712845191610767	-0.3627920719055677	0.09937321312917494	-1.1391422477465365	1.1035215451992069	-0.0052808630573284365	0.5047874999268324	0.3035828417239712	0.4687833662307543	0.8061361353724329	0.7563878574310553	0.4229852338185793	0.6347484081027287	-0.5509074673813039	-0.1554463774921355	-0.10596525866077187	1.3467054452138083	0.0018867576089226287	0.35578377486228085	0.12968528233975313
Br1339	-0.012749	-0.0045938	-0.001595	0.00172525	-0.000531346	9.3	0.0250804972026	0.971213	0.0	0.0	0.0	1.0	-0.958549327959398	-1.5125306936783227	0.16663749977488834	-0.47420574606075866	0.7442476341371185	1.0375995985138686	-0.3922811886188241	-0.9604520006358849	0.45891754493089637	0.9469503305066556	0.3964563017563051	0.15881896975672083	0.40832779535140085	-0.3658533784544491	-0.4978151246206403	-1.1048027541018042	0.035906952022576655	-0.9510325485361696	-0.9486527272483549	1.2338415779833187	0.1591286447159301	-0.3658490064613826	0.14808191085302871	0.407552312944539	-1.5358663916726398	0.791990928126268	-0.03494275238830624	-0.2722108041883391	0.6535098765570119	-0.9493240499503612
Br1350	-0.0113189	0.000816706	0.46048	-0.0303026	0.0191567	9.2	0.0361112494884664	0.965897	1.0	1.0	0.0	0.0	0.03668719514466372	0.09424998023570239	0.2602149008281475	-0.09862991840565115	-0.08506978921085052	0.08551017265333383	-0.0892802007199339	-0.26027144627382454	-0.37468377221255866	0.5089210166082997	0.16574751889368666	0.18244108304451695	0.15284366385049258	-0.030222999902541105	0.23439433975041415	0.2430363812909452	-0.3351681030529622	-0.15648806667577358	-0.39104944889454635	-0.15494379108461506	0.27192729439730523	-0.06264536430307635	-0.3724513216811838	-0.39616165531263975	-0.3454475686761691	0.10798875911726746	0.006688698829563666	-0.0667907680534835	-0.40799285457084417	-0.2792292572909009
Br1378	-0.011217	-0.00280512	0.0124119	-0.00314573	-0.00161998	7.5	0.0330050486833841	0.974752	1.0	1.0	0.0	0.0	0.11536429909511274	1.7174495659594304	0.4478403702017919	0.5509043511743087	0.45230238464507727	0.000530049352704852	-0.09348716992674963	-1.9478628462046028	-1.6819101697888057	-0.3840586310311222	-0.788872884654737	0.30949413642216145	-0.43107236946764416	-0.1793352830258845	0.6354351892144657	-0.24420837480355148	-0.6763963059771873	0.13876501776709674	0.3186096170726035	0.7796666247151265	-0.6471889929976725	0.4716245268851271	1.0497230160313977	-1.0549951537991393	0.609184251397688	0.13428727411768837	-0.07475303014080933	0.08569873049936157	-0.03626046206097283	0.4468611133177036
Br1416	-0.0125124	0.00211247	-0.00395899	0.00895605	-0.00034628	9.3	0.0244956568952989	0.971209	1.0	0.0	0.0	1.0	-0.5944900344109699	1.8158384790478848	-0.39492860352251374	1.5558328781036823	0.8094882302925921	0.5243080105116488	-0.2915215350965577	-1.4969329861971055	-0.8541246682850749	0.9682233361943944	0.4546399083784302	-0.25828148637663023	-0.1582525158355889	-0.8084977777798704	-0.31754589150095697	-0.08275001665640433	-0.446380238391811	0.3039298504074554	0.04595088013927443	0.21609118806918665	0.8370041969391794	0.8883934783542802	-0.20341048645664667	-0.812688939244384	0.9414818673812362	-0.6432083717113529	1.2478088871306185	1.5024943576356478	-0.890063264294354	-1.0344893950910194
Br1443	-0.0129542	-0.00564481	-0.00704837	-0.00398859	0.00460015	9.1	0.0287760178622932	0.975304	1.0	1.0	0.0	0.0	-0.10556203079034836	1.0833790903612714	-0.047346629534618705	-0.1788929039936491	-0.02561149492590265	1.0080582234236442	0.2652876060672637	-0.23756632316234952	-0.4255611270616414	-0.2117252013924773	-0.30149639923099997	0.07028432171944872	-0.44597423298003463	0.1363918795686512	-1.1774355096791334	0.21459955208162804	-0.16760770202323863	0.9444422698800302	-0.28594303591666387	0.5362663370053778	-0.14938878080358595	1.3937847215371852	0.005788667574849522	-1.0506110950054786	-0.22185322361156207	-1.2033500435825493	1.1533055424702108	0.1546998380917158	-0.23240944347973688	0.2983421514428132
Br1446	-0.0116955	-0.00192068	0.00655704	-0.00522472	-0.0038382	9.7	0.0259130535851451	0.972852	1.0	1.0	0.0	0.0	-0.5674361251588407	-0.6707952393840552	1.3030676290327783	-0.6663744596129901	-0.6406629192619439	0.9832989104234273	0.590627226780931	0.019642089204691467	-0.3033495544362411	0.6353025772888123	0.4224629068762374	0.44182428520159905	0.29603418678794036	-0.8345027108636337	0.7226732209568923	-0.478492834887785	-0.5181379623643866	0.2819316993017748	-0.5039234692383969	-0.25915058461733465	-0.6637828758851879	1.173549340914518	-0.15416908068646404	0.5926614613170664	0.4505285257391188	1.4969839554075521	-0.28410558024749577	0.04161850920325203	0.5035313425690512	0.5886625163009233
Br1499	-0.0121918	-0.00106748	0.00630139	-0.00423028	-0.000319725	9.4	0.0273019082548472	0.974677	0.0	0.0	0.0	1.0	0.030085169599926402	-0.38177847545972404	-0.7886446183802611	-1.8595110898553073	0.19370613978810872	1.1525448558792963	1.8672867483912292	-1.3723693596829896	1.370259758148599	-0.9498963434486367	0.6838534790760366	-0.19993404059554015	0.09429597506433782	0.04488181567632532	-0.8198927588644219	0.9068721129619279	0.01070938658334283	-1.0003420311934095	-0.4264420338877278	0.7481422253380102	-0.9783387176366934	-0.25771912427370375	2.0902648828764465	-1.009649932733813	-0.6278230705119507	0.3049455356936784	0.6653861278397334	-0.25831856518565205	0.3418430157194028	-0.8398944198634917
Br1529	-0.0129366	-0.00456869	-0.00505662	-0.000996232	-0.000482983	7.6	0.0275896316980504	0.967793	1.0	0.0	0.0	1.0	-0.24017243604143024	1.1252361012217555	-1.1447867463252388	0.7838730221252134	0.9739517374408305	0.12831461026432744	0.597035409404651	-0.5157844978868531	-0.3596269714533893	-0.6077483304012108	-0.26991243688569183	-0.002841454435672268	0.06048210877763191	-0.05297198819844325	-1.537880558020912	-0.9329787069236386	0.9382973284164284	-1.4622307652574604	-0.8338082090195127	0.9389079984319472	-0.6386124591288576	0.01633681114116647	0.41968382343477173	-1.3887345631306107	0.17533075166755366	0.27051818411361706	0.7293927376100465	0.47098549506511234	0.26016665908994546	0.3203680223752773
Br1637	-0.0127194	-0.00426638	-0.00224754	0.00144001	-0.000454193	7.2	0.0332180264286092	0.978728	1.0	0.0	0.0	1.0	-1.1585500349699622	-0.19188702794061802	0.3113568588414642	-0.20654535684276215	0.5666655257960397	1.081378595279798	-0.35915161700606746	-0.3125677432480475	-1.2011252610160637	0.31665099970196386	-0.5021836334088485	1.746855764782169	0.3085342205619712	-0.5351429453089686	-0.6237356811924508	0.4252336096942551	0.016355825450934634	-0.7628250696144794	0.022432517651709553	0.5039563703649944	0.1239731407642146	0.6555963273841015	-0.06528894633083346	-2.1141392755305697	-0.3213086812603713	1.379188159403906	-0.34107123357249175	-1.3432483349605284	0.2545239425598554	0.6524035706929878
Br1646	-0.0111888	-0.0018494	0.019546	-0.00445513	-0.00337567	9.1	0.019868292426712	0.971727	1.0	0.0	0.0	1.0	0.1141139041558244	0.040172967770453163	0.8246151092958447	-0.6657657643048772	-1.286197648311028	-0.04103533658034502	0.5156783428574864	-1.5424027669487916	0.5055569635418531	-1.1659725569776749	-0.46823086314546347	-0.5435850564197199	0.8070564555330935	-0.15432953379790426	0.10027522137202691	-0.21326922509220206	2.0272469210654926	2.2429907186883775	1.6112047742263045	1.18391715476967	1.2159012735670043	-1.2921696493308241	0.9522442781040241	0.6475259695682367	0.5019062776475391	-1.223880183524316	1.1153454026160026	1.2403288346868016	-0.7301943101559619	0.20010784675524584
Br1648	-0.0126174	-0.00488115	-0.00709118	-0.00215096	-0.000290335	5.4	0.0484660725464255	0.970002	0.0	0.0	0.0	1.0	-0.627211883074153	2.360257042099388	0.5390173132979261	-2.477396196244853	-2.157079974115542	-0.6661326128612016	1.2878601033011936	-1.251767997320034	2.006739635332603	0.9581249635111775	2.4729914557709853	-0.6074732043634202	0.5404295148357554	-0.05721083122401677	2.855140686927703	-3.111050569926703	-3.016829990057725	-0.9761184546737839	-2.520102517367611	1.8462247558940683	1.3403497301054759	-1.774216894376428	-0.030703470126526237	-0.2856617557026304	-2.58216622911747	-2.4325032279640197	-0.4398889868945321	0.2352112119968262	-2.0983998504765196	1.0162432268840988
Br1649	-0.00942566	0.0168724	0.00215098	0.0430852	-0.00183234	8.7	0.0277461572281019	0.980002	1.0	1.0	0.0	0.0	-0.055591297605897275	-1.1131340480680458	0.5326771325096027	0.26533340244109055	1.4048485654605012	-0.6065963605400005	0.43155116601236854	-1.0463775456202618	-0.7738788885692905	-0.06987724704433856	2.346776560416641	-0.7242267652107557	0.42261234433793404	-0.5677229808372684	0.33959147005728185	0.12116462947088458	1.0795476572458778	-0.7880166102729586	-1.0677219722468858	-0.20496897439779	0.3805389095283668	-0.07537560686173456	0.377705156032404	-0.5566622277788222	-0.1841105398780869	0.08895261236336699	2.0580059282004215	1.467840261414593	0.12464604866706411	-0.7900396103826264
Br1678	-0.0131515	-0.00439214	-0.00693005	-0.00318646	0.000610719	8.4	0.0231825983492319	0.968842	1.0	0.0	0.0	1.0	-1.1756436890723905	-0.8664935348601301	1.4286511666830817	1.8847518410881918	2.0512068338123335	-0.8966913682341672	-0.41942109457560367	0.2805091003072635	0.29799296714961704	1.4046717986501873	1.589392230429336	-0.2639973138075384	-0.817073332036919	1.6908466415841001	-0.06015420801985224	0.9501073689734761	0.9369519731375271	0.7428049684976548	-0.4249564313377536	-0.7891891628090676	1.0730695585159997	0.6067290018584413	-0.2784789527377345	-1.9998995213668558	-0.2813015323276237	-0.7526305788858362	0.2913435607945083	1.0920455411652183	0.593260682751225	-0.6552948811114968
Br1738	-0.0127714	-0.00497331	-0.00389118	-0.00121183	0.00170123	8.2	0.0165440323961043	0.978991	1.0	0.0	0.0	1.0	-1.4071337055144764	-0.4425434749495695	0.9024507926101846	-1.315140629155679	-1.3299157680352913	-0.5282383633015261	-1.3996596071087593	-2.922082128186017	-1.071293383878989	-0.5011897309714195	-2.141202865633983	-3.5925818263127702	1.9271217840752881	1.5240258454271887	-1.4948162871648567	0.17007017959083878	-1.0088741460046182	-0.729125747035506	2.1709542714040864	-1.9068118430881198	-0.9968200541557651	0.29137224720169336	-1.5413007378505328	-0.40006298863268797	-2.617763901627346	-1.0444139848617442	-2.065200792374938	-0.6800557213445895	0.9984548383650896	1.5349752330371598
Br1432	-0.0124036	-0.00548912	-0.00327299	-0.00199264	0.00140516	9.4	0.018848559064682	0.970275	1.0	1.0	0.0	0.0	0.6097743089577324	-0.37132863104225816	0.03793116299304653	-1.264448567164687	2.0144829379504143	-2.235782682790144	-0.3657870566693828	-0.10300146120937417	0.6854803079102609	-0.3554077711245494	0.12734015929823517	-0.22293129244830104	-0.29321577367056406	0.8248308248674358	0.9966333138964849	-1.240395114349544	-0.3396116305162377	0.21406022041065445	-0.22801967553330968	1.000836149379257	0.14718814124668533	-0.04677459870680954	-0.7196362299831376	-1.3100582510494134	-0.34355051906317546	0.20904790871186904	-0.8744827933371104	-0.888020626049833	-1.2992767256828324	-0.01484735078484582
Br1458	-0.0129025	-0.00609015	-0.00597536	-0.006401	-0.00384191	9.4	0.0271465962741355	0.965594	1.0	1.0	0.0	0.0	-1.1025034724479108	-0.23928214783170618	3.084884450779899	-0.7322577104563472	-2.619135156005333	-3.2448744319683254	-0.12309103649452315	-2.926844094707592	-0.05107910066797314	1.244908717052066	-0.07954532013199306	0.13651327432307958	0.26461973743150446	0.6592230022130763	-0.24932195177626204	-0.3471467460105417	0.569037751064071	-1.331079174819675	0.6524828234078358	-1.636038008199021	-2.151322183707245	1.805512495522222	-0.4268397331635653	0.22608316487170024	-0.37310416926986395	0.2851527366309185	-1.8549861639562022	-0.0786999698197371	-0.3016510262057815	-0.6245461480413619
Br1463	-0.0123956	-0.00228425	0.00192409	0.00349867	-0.00253114	9.3	0.0312007838798247	0.976028	1.0	1.0	0.0	0.0	0.28242937146147723	0.19040436765890037	0.6630508911347978	-0.438713107804822	1.9937769963435183	-3.3502021010361434	-0.3276319521576663	-0.29065447732105243	-0.7617006010802285	-1.3147188180049207	0.8329115303802702	-0.8289567114852624	-0.11475365237300042	-0.40520676696688873	-0.45327085939200173	-1.5707002761408133	-0.7584536451690796	-0.7546214567233404	-0.38528742190674353	1.1906315481152165	-0.8406213307876605	1.1632670158241283	1.6288041334992474	-1.1869941788811618	0.6105999057630931	2.5587413546125375	-0.23846566985184153	-1.2281344562822472	0.030742786045591778	1.4203606541421339
Br1581	-0.0122102	-0.00424242	-0.00509613	-0.00290021	-0.00293395	9.4	0.0242268895618748	0.974805	1.0	1.0	0.0	0.0	-0.65067395454951	1.1920403612094945	0.5134862727310869	0.2755644896827012	1.5631679727922365	-0.7211082541921412	0.02166289697298129	-1.0030833474266827	-0.793112689281772	-0.4086622560326307	0.25224586852381775	-0.0079102082685047	-0.8161022951163792	-0.2146334065684949	0.366739036222206	0.4532999658046934	0.9827455040304053	-0.7907922823965851	-1.3193362296645004	-0.9161329333667645	1.0621897637713686	0.043326594931998766	-0.07724940558939057	-0.6045548891509267	-0.23090530142879306	-0.9873253383553574	0.8146918221233368	0.041759870462366365	-0.2840212535661745	-0.10015407969846865
Br1682	-0.0132961	-0.00436453	-0.00790008	-0.000758403	0.000949289	9.3	0.0369943582978356	0.961768	1.0	0.0	0.0	1.0	-0.4942858299022448	0.26979312004902256	0.8858113423281143	-0.5798235882565973	2.5028282768745593	-1.662362495038108	0.5350845774689791	0.5054335843528638	-1.2271805792991035	-0.7946506224240308	0.08647466588243952	0.5397689702932058	-0.41824139872984445	-0.6679107022071338	0.5485964818854155	1.091689644551523	1.0545875189731622	0.721800351505569	-0.7329972130437595	-2.0266570397058583	0.7516105272592705	-0.08847801604963981	-0.6308473997038484	-0.5976003824778272	-2.369368730760058	-0.06829162532262381	-1.3463296383960597	0.7864275811962222	0.5006745075788224	1.3513678077827185
Br1890	-0.0114454	-0.00396775	0.00868489	-0.00183009	-0.00684947	9.0	0.0432496728343798	0.976772	1.0	1.0	0.0	0.0	-1.1631712831827723	0.5797448850824475	1.0344434758773078	-0.6683973442185405	2.2331243321931016	-0.94095869565001	0.6042277207721106	-1.7577774989409363	-2.4126070124306365	-1.099715426536359	1.5351120204398938	-0.15873544849897314	-0.45942474727196403	0.22773472123014982	0.04284974957123794	0.2954090839550215	-0.9989746757484511	-2.1244751032733507	-0.2396009110076507	0.4169631912633235	0.4374696152777584	-1.1308562032161111	-1.625429803412469	-1.0164046143602936	1.4955675897583764	-1.2636493104638584	-0.5486559156504491	-0.5709534985825875	1.1517587319393312	0.2523545402168453
Br1980	-0.0121822	-0.00434406	0.000837917	4.02143e-05	-0.00113293	9.3	0.0267633193229632	0.971805	1.0	1.0	0.0	0.0	0.17222703148102597	-0.966910917109527	0.07435290762996745	-1.9299205217508073	1.5698201423299436	-0.3133732622469605	0.5822454592085405	-0.6290484781792338	0.01028074374825308	1.1416940122509895	1.2310597685069489	-0.6003506166227244	1.5964674804130474	-1.700037076764826	-1.3409408088723067	0.4639166840654571	0.18191677740499942	-1.2462540391494945	-0.7389675115299026	-0.14818294964672582	-0.10386393406744236	-0.26973251754539995	0.7184182377255156	0.7678262376981112	1.037383019411916	-0.43431536715826186	-0.1418773555187904	0.46569053564357926	0.2666523906623794	-0.46996900167780964
Br1998	-0.0124936	-0.00508762	-0.00118975	-0.00327519	0.00218973	7.3	0.0263003385214712	0.969149	0.0	1.0	0.0	0.0	0.9244338533446315	0.8909890712018694	-0.724411699202179	-0.7119610310703894	1.7173934196820926	-0.7406960355759905	0.21025532563824764	-2.333505198945007	-0.3902708151447551	0.025865999564376768	0.435547883395289	-1.633774626670497	0.7895673582207045	0.08512338640730664	-1.5445865893283186	0.860481367009978	-0.08600950199212844	-0.22264737517168023	-1.1624823792302068	-0.05954069433554365	0.0023999910555278724	-0.6117895431963633	-0.1656786646926137	0.2803479154603496	1.1799134786062733	-0.4411279163402984	1.8442827644054272	-0.31394651689233044	0.13425821953443837	0.22721975706268102
