sample_id	donor_id	genotype_sample_id	bam	phaser_vcf
R10424	Br5168	Br5168	/projects/b1042/HEART-GeN-Lab/brainseq_data/bsp2_dlpfc/star-wasp/aligned_bams/R10424_Aligned.sortedByCoord.out.bam	/projects/b1213/resources/processed-data/ase-files/dlpfc/phASER/R10424.vcf.gz
R12195	Br5073	Br5073	/projects/b1042/HEART-GeN-Lab/brainseq_data/bsp2_dlpfc/star-wasp/aligned_bams/R12195_Aligned.sortedByCoord.out.bam	/projects/b1213/resources/processed-data/ase-files/dlpfc/phASER/R12195.vcf.gz
R12198	Br5217	Br5217	/projects/b1042/HEART-GeN-Lab/brainseq_data/bsp2_dlpfc/star-wasp/aligned_bams/R12198_Aligned.sortedByCoord.out.bam	/projects/b1213/resources/processed-data/ase-files/dlpfc/phASER/R12198.vcf.gz
R12199	Br5234	Br5234	/projects/b1042/HEART-GeN-Lab/brainseq_data/bsp2_dlpfc/star-wasp/aligned_bams/R12199_Aligned.sortedByCoord.out.bam	/projects/b1213/resources/processed-data/ase-files/dlpfc/phASER/R12199.vcf.gz
R12200	Br5372	Br5372	/projects/b1042/HEART-GeN-Lab/brainseq_data/bsp2_dlpfc/star-wasp/aligned_bams/R12200_Aligned.sortedByCoord.out.bam	/projects/b1213/resources/processed-data/ase-files/dlpfc/phASER/R12200.vcf.gz
R12246	Br2448	Br2448	/projects/b1042/HEART-GeN-Lab/brainseq_data/bsp2_dlpfc/star-wasp/aligned_bams/R12246_Aligned.sortedByCoord.out.bam	/projects/b1213/resources/processed-data/ase-files/dlpfc/phASER/R12246.vcf.gz
R12258	Br5005	Br5005	/projects/b1042/HEART-GeN-Lab/brainseq_data/bsp2_dlpfc/star-wasp/aligned_bams/R12258_Aligned.sortedByCoord.out.bam	/projects/b1213/resources/processed-data/ase-files/dlpfc/phASER/R12258.vcf.gz
R12259	Br5024	Br5024	/projects/b1042/HEART-GeN-Lab/brainseq_data/bsp2_dlpfc/star-wasp/aligned_bams/R12259_Aligned.sortedByCoord.out.bam	/projects/b1213/resources/processed-data/ase-files/dlpfc/phASER/R12259.vcf.gz
R12260	Br5053	Br5053	/projects/b1042/HEART-GeN-Lab/brainseq_data/bsp2_dlpfc/star-wasp/aligned_bams/R12260_Aligned.sortedByCoord.out.bam	/projects/b1213/resources/processed-data/ase-files/dlpfc/phASER/R12260.vcf.gz
R12261	Br5066	Br5066	/projects/b1042/HEART-GeN-Lab/brainseq_data/bsp2_dlpfc/star-wasp/aligned_bams/R12261_Aligned.sortedByCoord.out.bam	/projects/b1213/resources/processed-data/ase-files/dlpfc/phASER/R12261.vcf.gz
R12263	Br5146	Br5146	/projects/b1042/HEART-GeN-Lab/brainseq_data/bsp2_dlpfc/star-wasp/aligned_bams/R12263_Aligned.sortedByCoord.out.bam	/projects/b1213/resources/processed-data/ase-files/dlpfc/phASER/R12263.vcf.gz
R12264	Br5154	Br5154	/projects/b1042/HEART-GeN-Lab/brainseq_data/bsp2_dlpfc/star-wasp/aligned_bams/R12264_Aligned.sortedByCoord.out.bam	/projects/b1213/resources/processed-data/ase-files/dlpfc/phASER/R12264.vcf.gz
R12265	Br5155	Br5155	/projects/b1042/HEART-GeN-Lab/brainseq_data/bsp2_dlpfc/star-wasp/aligned_bams/R12265_Aligned.sortedByCoord.out.bam	/projects/b1213/resources/processed-data/ase-files/dlpfc/phASER/R12265.vcf.gz
R12266	Br5161	Br5161	/projects/b1042/HEART-GeN-Lab/brainseq_data/bsp2_dlpfc/star-wasp/aligned_bams/R12266_Aligned.sortedByCoord.out.bam	/projects/b1213/resources/processed-data/ase-files/dlpfc/phASER/R12266.vcf.gz
R12276	Br763	Br0763	/projects/b1042/HEART-GeN-Lab/brainseq_data/bsp2_dlpfc/star-wasp/aligned_bams/R12276_Aligned.sortedByCoord.out.bam	/projects/b1213/resources/processed-data/ase-files/dlpfc/phASER/R12276.vcf.gz
R12277	Br823	Br0823	/projects/b1042/HEART-GeN-Lab/brainseq_data/bsp2_dlpfc/star-wasp/aligned_bams/R12277_Aligned.sortedByCoord.out.bam	/projects/b1213/resources/processed-data/ase-files/dlpfc/phASER/R12277.vcf.gz
R12278	Br845	Br0845	/projects/b1042/HEART-GeN-Lab/brainseq_data/bsp2_dlpfc/star-wasp/aligned_bams/R12278_Aligned.sortedByCoord.out.bam	/projects/b1213/resources/processed-data/ase-files/dlpfc/phASER/R12278.vcf.gz
R12279	Br846	Br0846	/projects/b1042/HEART-GeN-Lab/brainseq_data/bsp2_dlpfc/star-wasp/aligned_bams/R12279_Aligned.sortedByCoord.out.bam	/projects/b1213/resources/processed-data/ase-files/dlpfc/phASER/R12279.vcf.gz
R12280	Br852	Br0852	/projects/b1042/HEART-GeN-Lab/brainseq_data/bsp2_dlpfc/star-wasp/aligned_bams/R12280_Aligned.sortedByCoord.out.bam	/projects/b1213/resources/processed-data/ase-files/dlpfc/phASER/R12280.vcf.gz
R12281	Br855	Br0855	/projects/b1042/HEART-GeN-Lab/brainseq_data/bsp2_dlpfc/star-wasp/aligned_bams/R12281_Aligned.sortedByCoord.out.bam	/projects/b1213/resources/processed-data/ase-files/dlpfc/phASER/R12281.vcf.gz
R12282	Br856	Br0856	/projects/b1042/HEART-GeN-Lab/brainseq_data/bsp2_dlpfc/star-wasp/aligned_bams/R12282_Aligned.sortedByCoord.out.bam	/projects/b1213/resources/processed-data/ase-files/dlpfc/phASER/R12282.vcf.gz
R12283	Br884	Br0884	/projects/b1042/HEART-GeN-Lab/brainseq_data/bsp2_dlpfc/star-wasp/aligned_bams/R12283_Aligned.sortedByCoord.out.bam	/projects/b1213/resources/processed-data/ase-files/dlpfc/phASER/R12283.vcf.gz
R12284	Br888	Br0888	/projects/b1042/HEART-GeN-Lab/brainseq_data/bsp2_dlpfc/star-wasp/aligned_bams/R12284_Aligned.sortedByCoord.out.bam	/projects/b1213/resources/processed-data/ase-files/dlpfc/phASER/R12284.vcf.gz
R12285	Br894	Br0894	/projects/b1042/HEART-GeN-Lab/brainseq_data/bsp2_dlpfc/star-wasp/aligned_bams/R12285_Aligned.sortedByCoord.out.bam	/projects/b1213/resources/processed-data/ase-files/dlpfc/phASER/R12285.vcf.gz
R12286	Br898	Br0898	/projects/b1042/HEART-GeN-Lab/brainseq_data/bsp2_dlpfc/star-wasp/aligned_bams/R12286_Aligned.sortedByCoord.out.bam	/projects/b1213/resources/processed-data/ase-files/dlpfc/phASER/R12286.vcf.gz
R12287	Br914	Br0914	/projects/b1042/HEART-GeN-Lab/brainseq_data/bsp2_dlpfc/star-wasp/aligned_bams/R12287_Aligned.sortedByCoord.out.bam	/projects/b1213/resources/processed-data/ase-files/dlpfc/phASER/R12287.vcf.gz
R12288	Br926	Br0926	/projects/b1042/HEART-GeN-Lab/brainseq_data/bsp2_dlpfc/star-wasp/aligned_bams/R12288_Aligned.sortedByCoord.out.bam	/projects/b1213/resources/processed-data/ase-files/dlpfc/phASER/R12288.vcf.gz
R12289	Br938	Br0938	/projects/b1042/HEART-GeN-Lab/brainseq_data/bsp2_dlpfc/star-wasp/aligned_bams/R12289_Aligned.sortedByCoord.out.bam	/projects/b1213/resources/processed-data/ase-files/dlpfc/phASER/R12289.vcf.gz
R12290	Br948	Br0948	/projects/b1042/HEART-GeN-Lab/brainseq_data/bsp2_dlpfc/star-wasp/aligned_bams/R12290_Aligned.sortedByCoord.out.bam	/projects/b1213/resources/processed-data/ase-files/dlpfc/phASER/R12290.vcf.gz
R12291	Br949	Br0949	/projects/b1042/HEART-GeN-Lab/brainseq_data/bsp2_dlpfc/star-wasp/aligned_bams/R12291_Aligned.sortedByCoord.out.bam	/projects/b1213/resources/processed-data/ase-files/dlpfc/phASER/R12291.vcf.gz
R12292	Br957	Br0957	/projects/b1042/HEART-GeN-Lab/brainseq_data/bsp2_dlpfc/star-wasp/aligned_bams/R12292_Aligned.sortedByCoord.out.bam	/projects/b1213/resources/processed-data/ase-files/dlpfc/phASER/R12292.vcf.gz
R12293	Br963	Br0963	/projects/b1042/HEART-GeN-Lab/brainseq_data/bsp2_dlpfc/star-wasp/aligned_bams/R12293_Aligned.sortedByCoord.out.bam	/projects/b1213/resources/processed-data/ase-files/dlpfc/phASER/R12293.vcf.gz
R12295	Br973	Br0973	/projects/b1042/HEART-GeN-Lab/brainseq_data/bsp2_dlpfc/star-wasp/aligned_bams/R12295_Aligned.sortedByCoord.out.bam	/projects/b1213/resources/processed-data/ase-files/dlpfc/phASER/R12295.vcf.gz
R12296	Br978	Br0978	/projects/b1042/HEART-GeN-Lab/brainseq_data/bsp2_dlpfc/star-wasp/aligned_bams/R12296_Aligned.sortedByCoord.out.bam	/projects/b1213/resources/processed-data/ase-files/dlpfc/phASER/R12296.vcf.gz
R12297	Br983	Br0983	/projects/b1042/HEART-GeN-Lab/brainseq_data/bsp2_dlpfc/star-wasp/aligned_bams/R12297_Aligned.sortedByCoord.out.bam	/projects/b1213/resources/processed-data/ase-files/dlpfc/phASER/R12297.vcf.gz
R12298	Br989	Br0989	/projects/b1042/HEART-GeN-Lab/brainseq_data/bsp2_dlpfc/star-wasp/aligned_bams/R12298_Aligned.sortedByCoord.out.bam	/projects/b1213/resources/processed-data/ase-files/dlpfc/phASER/R12298.vcf.gz
R12299	Br993	Br0993	/projects/b1042/HEART-GeN-Lab/brainseq_data/bsp2_dlpfc/star-wasp/aligned_bams/R12299_Aligned.sortedByCoord.out.bam	/projects/b1213/resources/processed-data/ase-files/dlpfc/phASER/R12299.vcf.gz
R12300	Br1003	Br1003	/projects/b1042/HEART-GeN-Lab/brainseq_data/bsp2_dlpfc/star-wasp/aligned_bams/R12300_Aligned.sortedByCoord.out.bam	/projects/b1213/resources/processed-data/ase-files/dlpfc/phASER/R12300.vcf.gz
R12301	Br1006	Br1006	/projects/b1042/HEART-GeN-Lab/brainseq_data/bsp2_dlpfc/star-wasp/aligned_bams/R12301_Aligned.sortedByCoord.out.bam	/projects/b1213/resources/processed-data/ase-files/dlpfc/phASER/R12301.vcf.gz
R12302	Br1007	Br1007	/projects/b1042/HEART-GeN-Lab/brainseq_data/bsp2_dlpfc/star-wasp/aligned_bams/R12302_Aligned.sortedByCoord.out.bam	/projects/b1213/resources/processed-data/ase-files/dlpfc/phASER/R12302.vcf.gz
R12303	Br1017	Br1017	/projects/b1042/HEART-GeN-Lab/brainseq_data/bsp2_dlpfc/star-wasp/aligned_bams/R12303_Aligned.sortedByCoord.out.bam	/projects/b1213/resources/processed-data/ase-files/dlpfc/phASER/R12303.vcf.gz
R12304	Br1021	Br1021	/projects/b1042/HEART-GeN-Lab/brainseq_data/bsp2_dlpfc/star-wasp/aligned_bams/R12304_Aligned.sortedByCoord.out.bam	/projects/b1213/resources/processed-data/ase-files/dlpfc/phASER/R12304.vcf.gz
R12305	Br1023	Br1023	/projects/b1042/HEART-GeN-Lab/brainseq_data/bsp2_dlpfc/star-wasp/aligned_bams/R12305_Aligned.sortedByCoord.out.bam	/projects/b1213/resources/processed-data/ase-files/dlpfc/phASER/R12305.vcf.gz
R12306	Br1025	Br1025	/projects/b1042/HEART-GeN-Lab/brainseq_data/bsp2_dlpfc/star-wasp/aligned_bams/R12306_Aligned.sortedByCoord.out.bam	/projects/b1213/resources/processed-data/ase-files/dlpfc/phASER/R12306.vcf.gz
R12307	Br1030	Br1030	/projects/b1042/HEART-GeN-Lab/brainseq_data/bsp2_dlpfc/star-wasp/aligned_bams/R12307_Aligned.sortedByCoord.out.bam	/projects/b1213/resources/processed-data/ase-files/dlpfc/phASER/R12307.vcf.gz
R12308	Br1034	Br1034	/projects/b1042/HEART-GeN-Lab/brainseq_data/bsp2_dlpfc/star-wasp/aligned_bams/R12308_Aligned.sortedByCoord.out.bam	/projects/b1213/resources/processed-data/ase-files/dlpfc/phASER/R12308.vcf.gz
R12309	Br1051	Br1051	/projects/b1042/HEART-GeN-Lab/brainseq_data/bsp2_dlpfc/star-wasp/aligned_bams/R12309_Aligned.sortedByCoord.out.bam	/projects/b1213/resources/processed-data/ase-files/dlpfc/phASER/R12309.vcf.gz
R12310	Br1053	Br1053	/projects/b1042/HEART-GeN-Lab/brainseq_data/bsp2_dlpfc/star-wasp/aligned_bams/R12310_Aligned.sortedByCoord.out.bam	/projects/b1213/resources/processed-data/ase-files/dlpfc/phASER/R12310.vcf.gz
R12311	Br1054	Br1054	/projects/b1042/HEART-GeN-Lab/brainseq_data/bsp2_dlpfc/star-wasp/aligned_bams/R12311_Aligned.sortedByCoord.out.bam	/projects/b1213/resources/processed-data/ase-files/dlpfc/phASER/R12311.vcf.gz
R12312	Br1056	Br1056	/projects/b1042/HEART-GeN-Lab/brainseq_data/bsp2_dlpfc/star-wasp/aligned_bams/R12312_Aligned.sortedByCoord.out.bam	/projects/b1213/resources/processed-data/ase-files/dlpfc/phASER/R12312.vcf.gz
R12313	Br1061	Br1061	/projects/b1042/HEART-GeN-Lab/brainseq_data/bsp2_dlpfc/star-wasp/aligned_bams/R12313_Aligned.sortedByCoord.out.bam	/projects/b1213/resources/processed-data/ase-files/dlpfc/phASER/R12313.vcf.gz
R12314	Br1069	Br1069	/projects/b1042/HEART-GeN-Lab/brainseq_data/bsp2_dlpfc/star-wasp/aligned_bams/R12314_Aligned.sortedByCoord.out.bam	/projects/b1213/resources/processed-data/ase-files/dlpfc/phASER/R12314.vcf.gz
R12316	Br1084	Br1084	/projects/b1042/HEART-GeN-Lab/brainseq_data/bsp2_dlpfc/star-wasp/aligned_bams/R12316_Aligned.sortedByCoord.out.bam	/projects/b1213/resources/processed-data/ase-files/dlpfc/phASER/R12316.vcf.gz
R12317	Br1093	Br1093	/projects/b1042/HEART-GeN-Lab/brainseq_data/bsp2_dlpfc/star-wasp/aligned_bams/R12317_Aligned.sortedByCoord.out.bam	/projects/b1213/resources/processed-data/ase-files/dlpfc/phASER/R12317.vcf.gz
R12318	Br1096	Br1096	/projects/b1042/HEART-GeN-Lab/brainseq_data/bsp2_dlpfc/star-wasp/aligned_bams/R12318_Aligned.sortedByCoord.out.bam	/projects/b1213/resources/processed-data/ase-files/dlpfc/phASER/R12318.vcf.gz
R12319	Br1099	Br1099	/projects/b1042/HEART-GeN-Lab/brainseq_data/bsp2_dlpfc/star-wasp/aligned_bams/R12319_Aligned.sortedByCoord.out.bam	/projects/b1213/resources/processed-data/ase-files/dlpfc/phASER/R12319.vcf.gz
R12320	Br1102	Br1102	/projects/b1042/HEART-GeN-Lab/brainseq_data/bsp2_dlpfc/star-wasp/aligned_bams/R12320_Aligned.sortedByCoord.out.bam	/projects/b1213/resources/processed-data/ase-files/dlpfc/phASER/R12320.vcf.gz
R12321	Br1105	Br1105	/projects/b1042/HEART-GeN-Lab/brainseq_data/bsp2_dlpfc/star-wasp/aligned_bams/R12321_Aligned.sortedByCoord.out.bam	/projects/b1213/resources/processed-data/ase-files/dlpfc/phASER/R12321.vcf.gz
R12322	Br1111	Br1111	/projects/b1042/HEART-GeN-Lab/brainseq_data/bsp2_dlpfc/star-wasp/aligned_bams/R12322_Aligned.sortedByCoord.out.bam	/projects/b1213/resources/processed-data/ase-files/dlpfc/phASER/R12322.vcf.gz
R12323	Br1113	Br1113	/projects/b1042/HEART-GeN-Lab/brainseq_data/bsp2_dlpfc/star-wasp/aligned_bams/R12323_Aligned.sortedByCoord.out.bam	/projects/b1213/resources/processed-data/ase-files/dlpfc/phASER/R12323.vcf.gz
R12324	Br1119	Br1119	/projects/b1042/HEART-GeN-Lab/brainseq_data/bsp2_dlpfc/star-wasp/aligned_bams/R12324_Aligned.sortedByCoord.out.bam	/projects/b1213/resources/processed-data/ase-files/dlpfc/phASER/R12324.vcf.gz
R12325	Br1134	Br1134	/projects/b1042/HEART-GeN-Lab/brainseq_data/bsp2_dlpfc/star-wasp/aligned_bams/R12325_Aligned.sortedByCoord.out.bam	/projects/b1213/resources/processed-data/ase-files/dlpfc/phASER/R12325.vcf.gz
R12326	Br1135	Br1135	/projects/b1042/HEART-GeN-Lab/brainseq_data/bsp2_dlpfc/star-wasp/aligned_bams/R12326_Aligned.sortedByCoord.out.bam	/projects/b1213/resources/processed-data/ase-files/dlpfc/phASER/R12326.vcf.gz
R12327	Br1137	Br1137	/projects/b1042/HEART-GeN-Lab/brainseq_data/bsp2_dlpfc/star-wasp/aligned_bams/R12327_Aligned.sortedByCoord.out.bam	/projects/b1213/resources/processed-data/ase-files/dlpfc/phASER/R12327.vcf.gz
R12328	Br1139	Br1139	/projects/b1042/HEART-GeN-Lab/brainseq_data/bsp2_dlpfc/star-wasp/aligned_bams/R12328_Aligned.sortedByCoord.out.bam	/projects/b1213/resources/processed-data/ase-files/dlpfc/phASER/R12328.vcf.gz
R12329	Br1142	Br1142	/projects/b1042/HEART-GeN-Lab/brainseq_data/bsp2_dlpfc/star-wasp/aligned_bams/R12329_Aligned.sortedByCoord.out.bam	/projects/b1213/resources/processed-data/ase-files/dlpfc/phASER/R12329.vcf.gz
R12330	Br1143	Br1143	/projects/b1042/HEART-GeN-Lab/brainseq_data/bsp2_dlpfc/star-wasp/aligned_bams/R12330_Aligned.sortedByCoord.out.bam	/projects/b1213/resources/processed-data/ase-files/dlpfc/phASER/R12330.vcf.gz
R12331	Br1156	Br1156	/projects/b1042/HEART-GeN-Lab/brainseq_data/bsp2_dlpfc/star-wasp/aligned_bams/R12331_Aligned.sortedByCoord.out.bam	/projects/b1213/resources/processed-data/ase-files/dlpfc/phASER/R12331.vcf.gz
R12332	Br1157	Br1157	/projects/b1042/HEART-GeN-Lab/brainseq_data/bsp2_dlpfc/star-wasp/aligned_bams/R12332_Aligned.sortedByCoord.out.bam	/projects/b1213/resources/processed-data/ase-files/dlpfc/phASER/R12332.vcf.gz
R12333	Br1160	Br1160	/projects/b1042/HEART-GeN-Lab/brainseq_data/bsp2_dlpfc/star-wasp/aligned_bams/R12333_Aligned.sortedByCoord.out.bam	/projects/b1213/resources/processed-data/ase-files/dlpfc/phASER/R12333.vcf.gz
R12334	Br1164	Br1164	/projects/b1042/HEART-GeN-Lab/brainseq_data/bsp2_dlpfc/star-wasp/aligned_bams/R12334_Aligned.sortedByCoord.out.bam	/projects/b1213/resources/processed-data/ase-files/dlpfc/phASER/R12334.vcf.gz
R12335	Br1183	Br1183	/projects/b1042/HEART-GeN-Lab/brainseq_data/bsp2_dlpfc/star-wasp/aligned_bams/R12335_Aligned.sortedByCoord.out.bam	/projects/b1213/resources/processed-data/ase-files/dlpfc/phASER/R12335.vcf.gz
R12336	Br1185	Br1185	/projects/b1042/HEART-GeN-Lab/brainseq_data/bsp2_dlpfc/star-wasp/aligned_bams/R12336_Aligned.sortedByCoord.out.bam	/projects/b1213/resources/processed-data/ase-files/dlpfc/phASER/R12336.vcf.gz
R12337	Br1203	Br1203	/projects/b1042/HEART-GeN-Lab/brainseq_data/bsp2_dlpfc/star-wasp/aligned_bams/R12337_Aligned.sortedByCoord.out.bam	/projects/b1213/resources/processed-data/ase-files/dlpfc/phASER/R12337.vcf.gz
R12338	Br1214	Br1214	/projects/b1042/HEART-GeN-Lab/brainseq_data/bsp2_dlpfc/star-wasp/aligned_bams/R12338_Aligned.sortedByCoord.out.bam	/projects/b1213/resources/processed-data/ase-files/dlpfc/phASER/R12338.vcf.gz
R12339	Br1221	Br1221	/projects/b1042/HEART-GeN-Lab/brainseq_data/bsp2_dlpfc/star-wasp/aligned_bams/R12339_Aligned.sortedByCoord.out.bam	/projects/b1213/resources/processed-data/ase-files/dlpfc/phASER/R12339.vcf.gz
R12340	Br1228	Br1228	/projects/b1042/HEART-GeN-Lab/brainseq_data/bsp2_dlpfc/star-wasp/aligned_bams/R12340_Aligned.sortedByCoord.out.bam	/projects/b1213/resources/processed-data/ase-files/dlpfc/phASER/R12340.vcf.gz
R12341	Br1235	Br1235	/projects/b1042/HEART-GeN-Lab/brainseq_data/bsp2_dlpfc/star-wasp/aligned_bams/R12341_Aligned.sortedByCoord.out.bam	/projects/b1213/resources/processed-data/ase-files/dlpfc/phASER/R12341.vcf.gz
R12342	Br1243	Br1243	/projects/b1042/HEART-GeN-Lab/brainseq_data/bsp2_dlpfc/star-wasp/aligned_bams/R12342_Aligned.sortedByCoord.out.bam	/projects/b1213/resources/processed-data/ase-files/dlpfc/phASER/R12342.vcf.gz
R12343	Br1249	Br1249	/projects/b1042/HEART-GeN-Lab/brainseq_data/bsp2_dlpfc/star-wasp/aligned_bams/R12343_Aligned.sortedByCoord.out.bam	/projects/b1213/resources/processed-data/ase-files/dlpfc/phASER/R12343.vcf.gz
R12344	Br1264	Br1264	/projects/b1042/HEART-GeN-Lab/brainseq_data/bsp2_dlpfc/star-wasp/aligned_bams/R12344_Aligned.sortedByCoord.out.bam	/projects/b1213/resources/processed-data/ase-files/dlpfc/phASER/R12344.vcf.gz
R12345	Br1271	Br1271	/projects/b1042/HEART-GeN-Lab/brainseq_data/bsp2_dlpfc/star-wasp/aligned_bams/R12345_Aligned.sortedByCoord.out.bam	/projects/b1213/resources/processed-data/ase-files/dlpfc/phASER/R12345.vcf.gz
R12346	Br1275	Br1275	/projects/b1042/HEART-GeN-Lab/brainseq_data/bsp2_dlpfc/star-wasp/aligned_bams/R12346_Aligned.sortedByCoord.out.bam	/projects/b1213/resources/processed-data/ase-files/dlpfc/phASER/R12346.vcf.gz
R12347	Br1279	Br1279	/projects/b1042/HEART-GeN-Lab/brainseq_data/bsp2_dlpfc/star-wasp/aligned_bams/R12347_Aligned.sortedByCoord.out.bam	/projects/b1213/resources/processed-data/ase-files/dlpfc/phASER/R12347.vcf.gz
R12348	Br1280	Br1280	/projects/b1042/HEART-GeN-Lab/brainseq_data/bsp2_dlpfc/star-wasp/aligned_bams/R12348_Aligned.sortedByCoord.out.bam	/projects/b1213/resources/processed-data/ase-files/dlpfc/phASER/R12348.vcf.gz
R12349	Br1285	Br1285	/projects/b1042/HEART-GeN-Lab/brainseq_data/bsp2_dlpfc/star-wasp/aligned_bams/R12349_Aligned.sortedByCoord.out.bam	/projects/b1213/resources/processed-data/ase-files/dlpfc/phASER/R12349.vcf.gz
R12350	Br1288	Br1288	/projects/b1042/HEART-GeN-Lab/brainseq_data/bsp2_dlpfc/star-wasp/aligned_bams/R12350_Aligned.sortedByCoord.out.bam	/projects/b1213/resources/processed-data/ase-files/dlpfc/phASER/R12350.vcf.gz
R12351	Br1289	Br1289	/projects/b1042/HEART-GeN-Lab/brainseq_data/bsp2_dlpfc/star-wasp/aligned_bams/R12351_Aligned.sortedByCoord.out.bam	/projects/b1213/resources/processed-data/ase-files/dlpfc/phASER/R12351.vcf.gz
R12352	Br1290	Br1290	/projects/b1042/HEART-GeN-Lab/brainseq_data/bsp2_dlpfc/star-wasp/aligned_bams/R12352_Aligned.sortedByCoord.out.bam	/projects/b1213/resources/processed-data/ase-files/dlpfc/phASER/R12352.vcf.gz
R12353	Br1297	Br1297	/projects/b1042/HEART-GeN-Lab/brainseq_data/bsp2_dlpfc/star-wasp/aligned_bams/R12353_Aligned.sortedByCoord.out.bam	/projects/b1213/resources/processed-data/ase-files/dlpfc/phASER/R12353.vcf.gz
R12355	Br1303	Br1303	/projects/b1042/HEART-GeN-Lab/brainseq_data/bsp2_dlpfc/star-wasp/aligned_bams/R12355_Aligned.sortedByCoord.out.bam	/projects/b1213/resources/processed-data/ase-files/dlpfc/phASER/R12355.vcf.gz
R12356	Br1305	Br1305	/projects/b1042/HEART-GeN-Lab/brainseq_data/bsp2_dlpfc/star-wasp/aligned_bams/R12356_Aligned.sortedByCoord.out.bam	/projects/b1213/resources/processed-data/ase-files/dlpfc/phASER/R12356.vcf.gz
R12357	Br1314	Br1314	/projects/b1042/HEART-GeN-Lab/brainseq_data/bsp2_dlpfc/star-wasp/aligned_bams/R12357_Aligned.sortedByCoord.out.bam	/projects/b1213/resources/processed-data/ase-files/dlpfc/phASER/R12357.vcf.gz
R12358	Br1315	Br1315	/projects/b1042/HEART-GeN-Lab/brainseq_data/bsp2_dlpfc/star-wasp/aligned_bams/R12358_Aligned.sortedByCoord.out.bam	/projects/b1213/resources/processed-data/ase-files/dlpfc/phASER/R12358.vcf.gz
R12359	Br1321	Br1321	/projects/b1042/HEART-GeN-Lab/brainseq_data/bsp2_dlpfc/star-wasp/aligned_bams/R12359_Aligned.sortedByCoord.out.bam	/projects/b1213/resources/processed-data/ase-files/dlpfc/phASER/R12359.vcf.gz
R12360	Br1324	Br1324	/projects/b1042/HEART-GeN-Lab/brainseq_data/bsp2_dlpfc/star-wasp/aligned_bams/R12360_Aligned.sortedByCoord.out.bam	/projects/b1213/resources/processed-data/ase-files/dlpfc/phASER/R12360.vcf.gz
R12361	Br1348	Br1348	/projects/b1042/HEART-GeN-Lab/brainseq_data/bsp2_dlpfc/star-wasp/aligned_bams/R12361_Aligned.sortedByCoord.out.bam	/projects/b1213/resources/processed-data/ase-files/dlpfc/phASER/R12361.vcf.gz
R12362	Br1350	Br1350	/projects/b1042/HEART-GeN-Lab/brainseq_data/bsp2_dlpfc/star-wasp/aligned_bams/R12362_Aligned.sortedByCoord.out.bam	/projects/b1213/resources/processed-data/ase-files/dlpfc/phASER/R12362.vcf.gz
R12363	Br1356	Br1356	/projects/b1042/HEART-GeN-Lab/brainseq_data/bsp2_dlpfc/star-wasp/aligned_bams/R12363_Aligned.sortedByCoord.out.bam	/projects/b1213/resources/processed-data/ase-files/dlpfc/phASER/R12363.vcf.gz
R12364	Br1370	Br1370	/projects/b1042/HEART-GeN-Lab/brainseq_data/bsp2_dlpfc/star-wasp/aligned_bams/R12364_Aligned.sortedByCoord.out.bam	/projects/b1213/resources/processed-data/ase-files/dlpfc/phASER/R12364.vcf.gz
R12365	Br1371	Br1371	/projects/b1042/HEART-GeN-Lab/brainseq_data/bsp2_dlpfc/star-wasp/aligned_bams/R12365_Aligned.sortedByCoord.out.bam	/projects/b1213/resources/processed-data/ase-files/dlpfc/phASER/R12365.vcf.gz
R12366	Br1378	Br1378	/projects/b1042/HEART-GeN-Lab/brainseq_data/bsp2_dlpfc/star-wasp/aligned_bams/R12366_Aligned.sortedByCoord.out.bam	/projects/b1213/resources/processed-data/ase-files/dlpfc/phASER/R12366.vcf.gz
R12367	Br1383	Br1383	/projects/b1042/HEART-GeN-Lab/brainseq_data/bsp2_dlpfc/star-wasp/aligned_bams/R12367_Aligned.sortedByCoord.out.bam	/projects/b1213/resources/processed-data/ase-files/dlpfc/phASER/R12367.vcf.gz
R12368	Br1389	Br1389	/projects/b1042/HEART-GeN-Lab/brainseq_data/bsp2_dlpfc/star-wasp/aligned_bams/R12368_Aligned.sortedByCoord.out.bam	/projects/b1213/resources/processed-data/ase-files/dlpfc/phASER/R12368.vcf.gz
R12369	Br1399	Br1399	/projects/b1042/HEART-GeN-Lab/brainseq_data/bsp2_dlpfc/star-wasp/aligned_bams/R12369_Aligned.sortedByCoord.out.bam	/projects/b1213/resources/processed-data/ase-files/dlpfc/phASER/R12369.vcf.gz
R12371	Br1420	Br1420	/projects/b1042/HEART-GeN-Lab/brainseq_data/bsp2_dlpfc/star-wasp/aligned_bams/R12371_Aligned.sortedByCoord.out.bam	/projects/b1213/resources/processed-data/ase-files/dlpfc/phASER/R12371.vcf.gz
R12372	Br1424	Br1424	/projects/b1042/HEART-GeN-Lab/brainseq_data/bsp2_dlpfc/star-wasp/aligned_bams/R12372_Aligned.sortedByCoord.out.bam	/projects/b1213/resources/processed-data/ase-files/dlpfc/phASER/R12372.vcf.gz
R12373	Br1425	Br1425	/projects/b1042/HEART-GeN-Lab/brainseq_data/bsp2_dlpfc/star-wasp/aligned_bams/R12373_Aligned.sortedByCoord.out.bam	/projects/b1213/resources/processed-data/ase-files/dlpfc/phASER/R12373.vcf.gz
R12377	Br1447	Br1447	/projects/b1042/HEART-GeN-Lab/brainseq_data/bsp2_dlpfc/star-wasp/aligned_bams/R12377_Aligned.sortedByCoord.out.bam	/projects/b1213/resources/processed-data/ase-files/dlpfc/phASER/R12377.vcf.gz
R12378	Br1448	Br1448	/projects/b1042/HEART-GeN-Lab/brainseq_data/bsp2_dlpfc/star-wasp/aligned_bams/R12378_Aligned.sortedByCoord.out.bam	/projects/b1213/resources/processed-data/ase-files/dlpfc/phASER/R12378.vcf.gz
R12379	Br1455	Br1455	/projects/b1042/HEART-GeN-Lab/brainseq_data/bsp2_dlpfc/star-wasp/aligned_bams/R12379_Aligned.sortedByCoord.out.bam	/projects/b1213/resources/processed-data/ase-files/dlpfc/phASER/R12379.vcf.gz
R12380	Br1456	Br1456	/projects/b1042/HEART-GeN-Lab/brainseq_data/bsp2_dlpfc/star-wasp/aligned_bams/R12380_Aligned.sortedByCoord.out.bam	/projects/b1213/resources/processed-data/ase-files/dlpfc/phASER/R12380.vcf.gz
R12381	Br1458	Br1458	/projects/b1042/HEART-GeN-Lab/brainseq_data/bsp2_dlpfc/star-wasp/aligned_bams/R12381_Aligned.sortedByCoord.out.bam	/projects/b1213/resources/processed-data/ase-files/dlpfc/phASER/R12381.vcf.gz
R12382	Br1459	Br1459	/projects/b1042/HEART-GeN-Lab/brainseq_data/bsp2_dlpfc/star-wasp/aligned_bams/R12382_Aligned.sortedByCoord.out.bam	/projects/b1213/resources/processed-data/ase-files/dlpfc/phASER/R12382.vcf.gz
R12383	Br1464	Br1464	/projects/b1042/HEART-GeN-Lab/brainseq_data/bsp2_dlpfc/star-wasp/aligned_bams/R12383_Aligned.sortedByCoord.out.bam	/projects/b1213/resources/processed-data/ase-files/dlpfc/phASER/R12383.vcf.gz
R12384	Br1474	Br1474	/projects/b1042/HEART-GeN-Lab/brainseq_data/bsp2_dlpfc/star-wasp/aligned_bams/R12384_Aligned.sortedByCoord.out.bam	/projects/b1213/resources/processed-data/ase-files/dlpfc/phASER/R12384.vcf.gz
R12386	Br1485	Br1485	/projects/b1042/HEART-GeN-Lab/brainseq_data/bsp2_dlpfc/star-wasp/aligned_bams/R12386_Aligned.sortedByCoord.out.bam	/projects/b1213/resources/processed-data/ase-files/dlpfc/phASER/R12386.vcf.gz
R12387	Br1494	Br1494	/projects/b1042/HEART-GeN-Lab/brainseq_data/bsp2_dlpfc/star-wasp/aligned_bams/R12387_Aligned.sortedByCoord.out.bam	/projects/b1213/resources/processed-data/ase-files/dlpfc/phASER/R12387.vcf.gz
R12388	Br1373	Br1373	/projects/b1042/HEART-GeN-Lab/brainseq_data/bsp2_dlpfc/star-wasp/aligned_bams/R12388_Aligned.sortedByCoord.out.bam	/projects/b1213/resources/processed-data/ase-files/dlpfc/phASER/R12388.vcf.gz
R12389	Br1498	Br1498	/projects/b1042/HEART-GeN-Lab/brainseq_data/bsp2_dlpfc/star-wasp/aligned_bams/R12389_Aligned.sortedByCoord.out.bam	/projects/b1213/resources/processed-data/ase-files/dlpfc/phASER/R12389.vcf.gz
R12390	Br1499	Br1499	/projects/b1042/HEART-GeN-Lab/brainseq_data/bsp2_dlpfc/star-wasp/aligned_bams/R12390_Aligned.sortedByCoord.out.bam	/projects/b1213/resources/processed-data/ase-files/dlpfc/phASER/R12390.vcf.gz
R12391	Br1503	Br1503	/projects/b1042/HEART-GeN-Lab/brainseq_data/bsp2_dlpfc/star-wasp/aligned_bams/R12391_Aligned.sortedByCoord.out.bam	/projects/b1213/resources/processed-data/ase-files/dlpfc/phASER/R12391.vcf.gz
R12392	Br1504	Br1504	/projects/b1042/HEART-GeN-Lab/brainseq_data/bsp2_dlpfc/star-wasp/aligned_bams/R12392_Aligned.sortedByCoord.out.bam	/projects/b1213/resources/processed-data/ase-files/dlpfc/phASER/R12392.vcf.gz
R12393	Br1505	Br1505	/projects/b1042/HEART-GeN-Lab/brainseq_data/bsp2_dlpfc/star-wasp/aligned_bams/R12393_Aligned.sortedByCoord.out.bam	/projects/b1213/resources/processed-data/ase-files/dlpfc/phASER/R12393.vcf.gz
R12394	Br1507	Br1507	/projects/b1042/HEART-GeN-Lab/brainseq_data/bsp2_dlpfc/star-wasp/aligned_bams/R12394_Aligned.sortedByCoord.out.bam	/projects/b1213/resources/processed-data/ase-files/dlpfc/phASER/R12394.vcf.gz
R12395	Br1509	Br1509	/projects/b1042/HEART-GeN-Lab/brainseq_data/bsp2_dlpfc/star-wasp/aligned_bams/R12395_Aligned.sortedByCoord.out.bam	/projects/b1213/resources/processed-data/ase-files/dlpfc/phASER/R12395.vcf.gz
R12396	Br1512	Br1512	/projects/b1042/HEART-GeN-Lab/brainseq_data/bsp2_dlpfc/star-wasp/aligned_bams/R12396_Aligned.sortedByCoord.out.bam	/projects/b1213/resources/processed-data/ase-files/dlpfc/phASER/R12396.vcf.gz
R12398	Br1522	Br1522	/projects/b1042/HEART-GeN-Lab/brainseq_data/bsp2_dlpfc/star-wasp/aligned_bams/R12398_Aligned.sortedByCoord.out.bam	/projects/b1213/resources/processed-data/ase-files/dlpfc/phASER/R12398.vcf.gz
R12399	Br1524	Br1524	/projects/b1042/HEART-GeN-Lab/brainseq_data/bsp2_dlpfc/star-wasp/aligned_bams/R12399_Aligned.sortedByCoord.out.bam	/projects/b1213/resources/processed-data/ase-files/dlpfc/phASER/R12399.vcf.gz
R12400	Br1525	Br1525	/projects/b1042/HEART-GeN-Lab/brainseq_data/bsp2_dlpfc/star-wasp/aligned_bams/R12400_Aligned.sortedByCoord.out.bam	/projects/b1213/resources/processed-data/ase-files/dlpfc/phASER/R12400.vcf.gz
R12401	Br1527	Br1527	/projects/b1042/HEART-GeN-Lab/brainseq_data/bsp2_dlpfc/star-wasp/aligned_bams/R12401_Aligned.sortedByCoord.out.bam	/projects/b1213/resources/processed-data/ase-files/dlpfc/phASER/R12401.vcf.gz
R12402	Br1528	Br1528	/projects/b1042/HEART-GeN-Lab/brainseq_data/bsp2_dlpfc/star-wasp/aligned_bams/R12402_Aligned.sortedByCoord.out.bam	/projects/b1213/resources/processed-data/ase-files/dlpfc/phASER/R12402.vcf.gz
R12403	Br1529	Br1529	/projects/b1042/HEART-GeN-Lab/brainseq_data/bsp2_dlpfc/star-wasp/aligned_bams/R12403_Aligned.sortedByCoord.out.bam	/projects/b1213/resources/processed-data/ase-files/dlpfc/phASER/R12403.vcf.gz
R12404	Br1532	Br1532	/projects/b1042/HEART-GeN-Lab/brainseq_data/bsp2_dlpfc/star-wasp/aligned_bams/R12404_Aligned.sortedByCoord.out.bam	/projects/b1213/resources/processed-data/ase-files/dlpfc/phASER/R12404.vcf.gz
R12405	Br1536	Br1536	/projects/b1042/HEART-GeN-Lab/brainseq_data/bsp2_dlpfc/star-wasp/aligned_bams/R12405_Aligned.sortedByCoord.out.bam	/projects/b1213/resources/processed-data/ase-files/dlpfc/phASER/R12405.vcf.gz
R12406	Br1537	Br1537	/projects/b1042/HEART-GeN-Lab/brainseq_data/bsp2_dlpfc/star-wasp/aligned_bams/R12406_Aligned.sortedByCoord.out.bam	/projects/b1213/resources/processed-data/ase-files/dlpfc/phASER/R12406.vcf.gz
R12407	Br1539	Br1539	/projects/b1042/HEART-GeN-Lab/brainseq_data/bsp2_dlpfc/star-wasp/aligned_bams/R12407_Aligned.sortedByCoord.out.bam	/projects/b1213/resources/processed-data/ase-files/dlpfc/phASER/R12407.vcf.gz
R12408	Br1550	Br1550	/projects/b1042/HEART-GeN-Lab/brainseq_data/bsp2_dlpfc/star-wasp/aligned_bams/R12408_Aligned.sortedByCoord.out.bam	/projects/b1213/resources/processed-data/ase-files/dlpfc/phASER/R12408.vcf.gz
R12409	Br1565	Br1565	/projects/b1042/HEART-GeN-Lab/brainseq_data/bsp2_dlpfc/star-wasp/aligned_bams/R12409_Aligned.sortedByCoord.out.bam	/projects/b1213/resources/processed-data/ase-files/dlpfc/phASER/R12409.vcf.gz
R12410	Br1568	Br1568	/projects/b1042/HEART-GeN-Lab/brainseq_data/bsp2_dlpfc/star-wasp/aligned_bams/R12410_Aligned.sortedByCoord.out.bam	/projects/b1213/resources/processed-data/ase-files/dlpfc/phASER/R12410.vcf.gz
R12411	Br1573	Br1573	/projects/b1042/HEART-GeN-Lab/brainseq_data/bsp2_dlpfc/star-wasp/aligned_bams/R12411_Aligned.sortedByCoord.out.bam	/projects/b1213/resources/processed-data/ase-files/dlpfc/phASER/R12411.vcf.gz
R12412	Br1579	Br1579	/projects/b1042/HEART-GeN-Lab/brainseq_data/bsp2_dlpfc/star-wasp/aligned_bams/R12412_Aligned.sortedByCoord.out.bam	/projects/b1213/resources/processed-data/ase-files/dlpfc/phASER/R12412.vcf.gz
R12413	Br1580	Br1580	/projects/b1042/HEART-GeN-Lab/brainseq_data/bsp2_dlpfc/star-wasp/aligned_bams/R12413_Aligned.sortedByCoord.out.bam	/projects/b1213/resources/processed-data/ase-files/dlpfc/phASER/R12413.vcf.gz
R12414	Br1581	Br1581	/projects/b1042/HEART-GeN-Lab/brainseq_data/bsp2_dlpfc/star-wasp/aligned_bams/R12414_Aligned.sortedByCoord.out.bam	/projects/b1213/resources/processed-data/ase-files/dlpfc/phASER/R12414.vcf.gz
R12415	Br1587	Br1587	/projects/b1042/HEART-GeN-Lab/brainseq_data/bsp2_dlpfc/star-wasp/aligned_bams/R12415_Aligned.sortedByCoord.out.bam	/projects/b1213/resources/processed-data/ase-files/dlpfc/phASER/R12415.vcf.gz
R12416	Br1588	Br1588	/projects/b1042/HEART-GeN-Lab/brainseq_data/bsp2_dlpfc/star-wasp/aligned_bams/R12416_Aligned.sortedByCoord.out.bam	/projects/b1213/resources/processed-data/ase-files/dlpfc/phASER/R12416.vcf.gz
R12417	Br1590	Br1590	/projects/b1042/HEART-GeN-Lab/brainseq_data/bsp2_dlpfc/star-wasp/aligned_bams/R12417_Aligned.sortedByCoord.out.bam	/projects/b1213/resources/processed-data/ase-files/dlpfc/phASER/R12417.vcf.gz
R12418	Br1594	Br1594	/projects/b1042/HEART-GeN-Lab/brainseq_data/bsp2_dlpfc/star-wasp/aligned_bams/R12418_Aligned.sortedByCoord.out.bam	/projects/b1213/resources/processed-data/ase-files/dlpfc/phASER/R12418.vcf.gz
R12419	Br1595	Br1595	/projects/b1042/HEART-GeN-Lab/brainseq_data/bsp2_dlpfc/star-wasp/aligned_bams/R12419_Aligned.sortedByCoord.out.bam	/projects/b1213/resources/processed-data/ase-files/dlpfc/phASER/R12419.vcf.gz
R12420	Br1602	Br1602	/projects/b1042/HEART-GeN-Lab/brainseq_data/bsp2_dlpfc/star-wasp/aligned_bams/R12420_Aligned.sortedByCoord.out.bam	/projects/b1213/resources/processed-data/ase-files/dlpfc/phASER/R12420.vcf.gz
R12421	Br1604	Br1604	/projects/b1042/HEART-GeN-Lab/brainseq_data/bsp2_dlpfc/star-wasp/aligned_bams/R12421_Aligned.sortedByCoord.out.bam	/projects/b1213/resources/processed-data/ase-files/dlpfc/phASER/R12421.vcf.gz
R12422	Br1605	Br1605	/projects/b1042/HEART-GeN-Lab/brainseq_data/bsp2_dlpfc/star-wasp/aligned_bams/R12422_Aligned.sortedByCoord.out.bam	/projects/b1213/resources/processed-data/ase-files/dlpfc/phASER/R12422.vcf.gz
R12423	Br1611	Br1611	/projects/b1042/HEART-GeN-Lab/brainseq_data/bsp2_dlpfc/star-wasp/aligned_bams/R12423_Aligned.sortedByCoord.out.bam	/projects/b1213/resources/processed-data/ase-files/dlpfc/phASER/R12423.vcf.gz
R12424	Br1613	Br1613	/projects/b1042/HEART-GeN-Lab/brainseq_data/bsp2_dlpfc/star-wasp/aligned_bams/R12424_Aligned.sortedByCoord.out.bam	/projects/b1213/resources/processed-data/ase-files/dlpfc/phASER/R12424.vcf.gz
R12425	Br1615	Br1615	/projects/b1042/HEART-GeN-Lab/brainseq_data/bsp2_dlpfc/star-wasp/aligned_bams/R12425_Aligned.sortedByCoord.out.bam	/projects/b1213/resources/processed-data/ase-files/dlpfc/phASER/R12425.vcf.gz
R12426	Br1637	Br1637	/projects/b1042/HEART-GeN-Lab/brainseq_data/bsp2_dlpfc/star-wasp/aligned_bams/R12426_Aligned.sortedByCoord.out.bam	/projects/b1213/resources/processed-data/ase-files/dlpfc/phASER/R12426.vcf.gz
R12427	Br1649	Br1649	/projects/b1042/HEART-GeN-Lab/brainseq_data/bsp2_dlpfc/star-wasp/aligned_bams/R12427_Aligned.sortedByCoord.out.bam	/projects/b1213/resources/processed-data/ase-files/dlpfc/phASER/R12427.vcf.gz
R12428	Br1654	Br1654	/projects/b1042/HEART-GeN-Lab/brainseq_data/bsp2_dlpfc/star-wasp/aligned_bams/R12428_Aligned.sortedByCoord.out.bam	/projects/b1213/resources/processed-data/ase-files/dlpfc/phASER/R12428.vcf.gz
R12429	Br1663	Br1663	/projects/b1042/HEART-GeN-Lab/brainseq_data/bsp2_dlpfc/star-wasp/aligned_bams/R12429_Aligned.sortedByCoord.out.bam	/projects/b1213/resources/processed-data/ase-files/dlpfc/phASER/R12429.vcf.gz
R12430	Br1664	Br1664	/projects/b1042/HEART-GeN-Lab/brainseq_data/bsp2_dlpfc/star-wasp/aligned_bams/R12430_Aligned.sortedByCoord.out.bam	/projects/b1213/resources/processed-data/ase-files/dlpfc/phASER/R12430.vcf.gz
R12431	Br1665	Br1665	/projects/b1042/HEART-GeN-Lab/brainseq_data/bsp2_dlpfc/star-wasp/aligned_bams/R12431_Aligned.sortedByCoord.out.bam	/projects/b1213/resources/processed-data/ase-files/dlpfc/phASER/R12431.vcf.gz
R12432	Br1667	Br1667	/projects/b1042/HEART-GeN-Lab/brainseq_data/bsp2_dlpfc/star-wasp/aligned_bams/R12432_Aligned.sortedByCoord.out.bam	/projects/b1213/resources/processed-data/ase-files/dlpfc/phASER/R12432.vcf.gz
R12433	Br1669	Br1669	/projects/b1042/HEART-GeN-Lab/brainseq_data/bsp2_dlpfc/star-wasp/aligned_bams/R12433_Aligned.sortedByCoord.out.bam	/projects/b1213/resources/processed-data/ase-files/dlpfc/phASER/R12433.vcf.gz
R12435	Br1674	Br1674	/projects/b1042/HEART-GeN-Lab/brainseq_data/bsp2_dlpfc/star-wasp/aligned_bams/R12435_Aligned.sortedByCoord.out.bam	/projects/b1213/resources/processed-data/ase-files/dlpfc/phASER/R12435.vcf.gz
R12436	Br1676	Br1676	/projects/b1042/HEART-GeN-Lab/brainseq_data/bsp2_dlpfc/star-wasp/aligned_bams/R12436_Aligned.sortedByCoord.out.bam	/projects/b1213/resources/processed-data/ase-files/dlpfc/phASER/R12436.vcf.gz
R12437	Br1678	Br1678	/projects/b1042/HEART-GeN-Lab/brainseq_data/bsp2_dlpfc/star-wasp/aligned_bams/R12437_Aligned.sortedByCoord.out.bam	/projects/b1213/resources/processed-data/ase-files/dlpfc/phASER/R12437.vcf.gz
R12438	Br1682	Br1682	/projects/b1042/HEART-GeN-Lab/brainseq_data/bsp2_dlpfc/star-wasp/aligned_bams/R12438_Aligned.sortedByCoord.out.bam	/projects/b1213/resources/processed-data/ase-files/dlpfc/phASER/R12438.vcf.gz
R12439	Br1688	Br1688	/projects/b1042/HEART-GeN-Lab/brainseq_data/bsp2_dlpfc/star-wasp/aligned_bams/R12439_Aligned.sortedByCoord.out.bam	/projects/b1213/resources/processed-data/ase-files/dlpfc/phASER/R12439.vcf.gz
R12440	Br1690	Br1690	/projects/b1042/HEART-GeN-Lab/brainseq_data/bsp2_dlpfc/star-wasp/aligned_bams/R12440_Aligned.sortedByCoord.out.bam	/projects/b1213/resources/processed-data/ase-files/dlpfc/phASER/R12440.vcf.gz
R12441	Br1693	Br1693	/projects/b1042/HEART-GeN-Lab/brainseq_data/bsp2_dlpfc/star-wasp/aligned_bams/R12441_Aligned.sortedByCoord.out.bam	/projects/b1213/resources/processed-data/ase-files/dlpfc/phASER/R12441.vcf.gz
R12442	Br1695	Br1695	/projects/b1042/HEART-GeN-Lab/brainseq_data/bsp2_dlpfc/star-wasp/aligned_bams/R12442_Aligned.sortedByCoord.out.bam	/projects/b1213/resources/processed-data/ase-files/dlpfc/phASER/R12442.vcf.gz
R12443	Br1697	Br1697	/projects/b1042/HEART-GeN-Lab/brainseq_data/bsp2_dlpfc/star-wasp/aligned_bams/R12443_Aligned.sortedByCoord.out.bam	/projects/b1213/resources/processed-data/ase-files/dlpfc/phASER/R12443.vcf.gz
R12444	Br1703	Br1703	/projects/b1042/HEART-GeN-Lab/brainseq_data/bsp2_dlpfc/star-wasp/aligned_bams/R12444_Aligned.sortedByCoord.out.bam	/projects/b1213/resources/processed-data/ase-files/dlpfc/phASER/R12444.vcf.gz
R12445	Br1729	Br1729	/projects/b1042/HEART-GeN-Lab/brainseq_data/bsp2_dlpfc/star-wasp/aligned_bams/R12445_Aligned.sortedByCoord.out.bam	/projects/b1213/resources/processed-data/ase-files/dlpfc/phASER/R12445.vcf.gz
R12446	Br1733	Br1733	/projects/b1042/HEART-GeN-Lab/brainseq_data/bsp2_dlpfc/star-wasp/aligned_bams/R12446_Aligned.sortedByCoord.out.bam	/projects/b1213/resources/processed-data/ase-files/dlpfc/phASER/R12446.vcf.gz
R12447	Br1753	Br1753	/projects/b1042/HEART-GeN-Lab/brainseq_data/bsp2_dlpfc/star-wasp/aligned_bams/R12447_Aligned.sortedByCoord.out.bam	/projects/b1213/resources/processed-data/ase-files/dlpfc/phASER/R12447.vcf.gz
R12449	Br1832	Br1832	/projects/b1042/HEART-GeN-Lab/brainseq_data/bsp2_dlpfc/star-wasp/aligned_bams/R12449_Aligned.sortedByCoord.out.bam	/projects/b1213/resources/processed-data/ase-files/dlpfc/phASER/R12449.vcf.gz
R12450	Br1842	Br1842	/projects/b1042/HEART-GeN-Lab/brainseq_data/bsp2_dlpfc/star-wasp/aligned_bams/R12450_Aligned.sortedByCoord.out.bam	/projects/b1213/resources/processed-data/ase-files/dlpfc/phASER/R12450.vcf.gz
R12451	Br1854	Br1854	/projects/b1042/HEART-GeN-Lab/brainseq_data/bsp2_dlpfc/star-wasp/aligned_bams/R12451_Aligned.sortedByCoord.out.bam	/projects/b1213/resources/processed-data/ase-files/dlpfc/phASER/R12451.vcf.gz
R12452	Br1859	Br1859	/projects/b1042/HEART-GeN-Lab/brainseq_data/bsp2_dlpfc/star-wasp/aligned_bams/R12452_Aligned.sortedByCoord.out.bam	/projects/b1213/resources/processed-data/ase-files/dlpfc/phASER/R12452.vcf.gz
R12453	Br1877	Br1877	/projects/b1042/HEART-GeN-Lab/brainseq_data/bsp2_dlpfc/star-wasp/aligned_bams/R12453_Aligned.sortedByCoord.out.bam	/projects/b1213/resources/processed-data/ase-files/dlpfc/phASER/R12453.vcf.gz
R12454	Br1878	Br1878	/projects/b1042/HEART-GeN-Lab/brainseq_data/bsp2_dlpfc/star-wasp/aligned_bams/R12454_Aligned.sortedByCoord.out.bam	/projects/b1213/resources/processed-data/ase-files/dlpfc/phASER/R12454.vcf.gz
R12456	Br1883	Br1883	/projects/b1042/HEART-GeN-Lab/brainseq_data/bsp2_dlpfc/star-wasp/aligned_bams/R12456_Aligned.sortedByCoord.out.bam	/projects/b1213/resources/processed-data/ase-files/dlpfc/phASER/R12456.vcf.gz
R12457	Br1884	Br1884	/projects/b1042/HEART-GeN-Lab/brainseq_data/bsp2_dlpfc/star-wasp/aligned_bams/R12457_Aligned.sortedByCoord.out.bam	/projects/b1213/resources/processed-data/ase-files/dlpfc/phASER/R12457.vcf.gz
R12458	Br1898	Br1898	/projects/b1042/HEART-GeN-Lab/brainseq_data/bsp2_dlpfc/star-wasp/aligned_bams/R12458_Aligned.sortedByCoord.out.bam	/projects/b1213/resources/processed-data/ase-files/dlpfc/phASER/R12458.vcf.gz
R12460	Br1905	Br1905	/projects/b1042/HEART-GeN-Lab/brainseq_data/bsp2_dlpfc/star-wasp/aligned_bams/R12460_Aligned.sortedByCoord.out.bam	/projects/b1213/resources/processed-data/ase-files/dlpfc/phASER/R12460.vcf.gz
R12461	Br1908	Br1908	/projects/b1042/HEART-GeN-Lab/brainseq_data/bsp2_dlpfc/star-wasp/aligned_bams/R12461_Aligned.sortedByCoord.out.bam	/projects/b1213/resources/processed-data/ase-files/dlpfc/phASER/R12461.vcf.gz
R12462	Br1918	Br1918	/projects/b1042/HEART-GeN-Lab/brainseq_data/bsp2_dlpfc/star-wasp/aligned_bams/R12462_Aligned.sortedByCoord.out.bam	/projects/b1213/resources/processed-data/ase-files/dlpfc/phASER/R12462.vcf.gz
R12463	Br1927	Br1927	/projects/b1042/HEART-GeN-Lab/brainseq_data/bsp2_dlpfc/star-wasp/aligned_bams/R12463_Aligned.sortedByCoord.out.bam	/projects/b1213/resources/processed-data/ase-files/dlpfc/phASER/R12463.vcf.gz
R12464	Br1936	Br1936	/projects/b1042/HEART-GeN-Lab/brainseq_data/bsp2_dlpfc/star-wasp/aligned_bams/R12464_Aligned.sortedByCoord.out.bam	/projects/b1213/resources/processed-data/ase-files/dlpfc/phASER/R12464.vcf.gz
R12465	Br1958	Br1958	/projects/b1042/HEART-GeN-Lab/brainseq_data/bsp2_dlpfc/star-wasp/aligned_bams/R12465_Aligned.sortedByCoord.out.bam	/projects/b1213/resources/processed-data/ase-files/dlpfc/phASER/R12465.vcf.gz
R12466	Br1960	Br1960	/projects/b1042/HEART-GeN-Lab/brainseq_data/bsp2_dlpfc/star-wasp/aligned_bams/R12466_Aligned.sortedByCoord.out.bam	/projects/b1213/resources/processed-data/ase-files/dlpfc/phASER/R12466.vcf.gz
R12467	Br1963	Br1963	/projects/b1042/HEART-GeN-Lab/brainseq_data/bsp2_dlpfc/star-wasp/aligned_bams/R12467_Aligned.sortedByCoord.out.bam	/projects/b1213/resources/processed-data/ase-files/dlpfc/phASER/R12467.vcf.gz
R12468	Br1964	Br1964	/projects/b1042/HEART-GeN-Lab/brainseq_data/bsp2_dlpfc/star-wasp/aligned_bams/R12468_Aligned.sortedByCoord.out.bam	/projects/b1213/resources/processed-data/ase-files/dlpfc/phASER/R12468.vcf.gz
R12470	Br1974	Br1974	/projects/b1042/HEART-GeN-Lab/brainseq_data/bsp2_dlpfc/star-wasp/aligned_bams/R12470_Aligned.sortedByCoord.out.bam	/projects/b1213/resources/processed-data/ase-files/dlpfc/phASER/R12470.vcf.gz
R12471	Br1981	Br1981	/projects/b1042/HEART-GeN-Lab/brainseq_data/bsp2_dlpfc/star-wasp/aligned_bams/R12471_Aligned.sortedByCoord.out.bam	/projects/b1213/resources/processed-data/ase-files/dlpfc/phASER/R12471.vcf.gz
R12472	Br1988	Br1988	/projects/b1042/HEART-GeN-Lab/brainseq_data/bsp2_dlpfc/star-wasp/aligned_bams/R12472_Aligned.sortedByCoord.out.bam	/projects/b1213/resources/processed-data/ase-files/dlpfc/phASER/R12472.vcf.gz
R12473	Br1989	Br1989	/projects/b1042/HEART-GeN-Lab/brainseq_data/bsp2_dlpfc/star-wasp/aligned_bams/R12473_Aligned.sortedByCoord.out.bam	/projects/b1213/resources/processed-data/ase-files/dlpfc/phASER/R12473.vcf.gz
R12474	Br1994	Br1994	/projects/b1042/HEART-GeN-Lab/brainseq_data/bsp2_dlpfc/star-wasp/aligned_bams/R12474_Aligned.sortedByCoord.out.bam	/projects/b1213/resources/processed-data/ase-files/dlpfc/phASER/R12474.vcf.gz
R12475	Br2001	Br2001	/projects/b1042/HEART-GeN-Lab/brainseq_data/bsp2_dlpfc/star-wasp/aligned_bams/R12475_Aligned.sortedByCoord.out.bam	/projects/b1213/resources/processed-data/ase-files/dlpfc/phASER/R12475.vcf.gz
R12476	Br2002	Br2002	/projects/b1042/HEART-GeN-Lab/brainseq_data/bsp2_dlpfc/star-wasp/aligned_bams/R12476_Aligned.sortedByCoord.out.bam	/projects/b1213/resources/processed-data/ase-files/dlpfc/phASER/R12476.vcf.gz
R12477	Br2003	Br2003	/projects/b1042/HEART-GeN-Lab/brainseq_data/bsp2_dlpfc/star-wasp/aligned_bams/R12477_Aligned.sortedByCoord.out.bam	/projects/b1213/resources/processed-data/ase-files/dlpfc/phASER/R12477.vcf.gz
R12478	Br2009	Br2009	/projects/b1042/HEART-GeN-Lab/brainseq_data/bsp2_dlpfc/star-wasp/aligned_bams/R12478_Aligned.sortedByCoord.out.bam	/projects/b1213/resources/processed-data/ase-files/dlpfc/phASER/R12478.vcf.gz
R12479	Br2027	Br2027	/projects/b1042/HEART-GeN-Lab/brainseq_data/bsp2_dlpfc/star-wasp/aligned_bams/R12479_Aligned.sortedByCoord.out.bam	/projects/b1213/resources/processed-data/ase-files/dlpfc/phASER/R12479.vcf.gz
R12480	Br2044	Br2044	/projects/b1042/HEART-GeN-Lab/brainseq_data/bsp2_dlpfc/star-wasp/aligned_bams/R12480_Aligned.sortedByCoord.out.bam	/projects/b1213/resources/processed-data/ase-files/dlpfc/phASER/R12480.vcf.gz
R12481	Br2052	Br2052	/projects/b1042/HEART-GeN-Lab/brainseq_data/bsp2_dlpfc/star-wasp/aligned_bams/R12481_Aligned.sortedByCoord.out.bam	/projects/b1213/resources/processed-data/ase-files/dlpfc/phASER/R12481.vcf.gz
R12482	Br2053	Br2053	/projects/b1042/HEART-GeN-Lab/brainseq_data/bsp2_dlpfc/star-wasp/aligned_bams/R12482_Aligned.sortedByCoord.out.bam	/projects/b1213/resources/processed-data/ase-files/dlpfc/phASER/R12482.vcf.gz
R12483	Br2064	Br2064	/projects/b1042/HEART-GeN-Lab/brainseq_data/bsp2_dlpfc/star-wasp/aligned_bams/R12483_Aligned.sortedByCoord.out.bam	/projects/b1213/resources/processed-data/ase-files/dlpfc/phASER/R12483.vcf.gz
R12485	Br2076	Br2076	/projects/b1042/HEART-GeN-Lab/brainseq_data/bsp2_dlpfc/star-wasp/aligned_bams/R12485_Aligned.sortedByCoord.out.bam	/projects/b1213/resources/processed-data/ase-files/dlpfc/phASER/R12485.vcf.gz
R12486	Br2080	Br2080	/projects/b1042/HEART-GeN-Lab/brainseq_data/bsp2_dlpfc/star-wasp/aligned_bams/R12486_Aligned.sortedByCoord.out.bam	/projects/b1213/resources/processed-data/ase-files/dlpfc/phASER/R12486.vcf.gz
R12487	Br2084	Br2084	/projects/b1042/HEART-GeN-Lab/brainseq_data/bsp2_dlpfc/star-wasp/aligned_bams/R12487_Aligned.sortedByCoord.out.bam	/projects/b1213/resources/processed-data/ase-files/dlpfc/phASER/R12487.vcf.gz
R12488	Br2229	Br2229	/projects/b1042/HEART-GeN-Lab/brainseq_data/bsp2_dlpfc/star-wasp/aligned_bams/R12488_Aligned.sortedByCoord.out.bam	/projects/b1213/resources/processed-data/ase-files/dlpfc/phASER/R12488.vcf.gz
R12489	Br2233	Br2233	/projects/b1042/HEART-GeN-Lab/brainseq_data/bsp2_dlpfc/star-wasp/aligned_bams/R12489_Aligned.sortedByCoord.out.bam	/projects/b1213/resources/processed-data/ase-files/dlpfc/phASER/R12489.vcf.gz
R12490	Br2242	Br2242	/projects/b1042/HEART-GeN-Lab/brainseq_data/bsp2_dlpfc/star-wasp/aligned_bams/R12490_Aligned.sortedByCoord.out.bam	/projects/b1213/resources/processed-data/ase-files/dlpfc/phASER/R12490.vcf.gz
R12491	Br2257	Br2257	/projects/b1042/HEART-GeN-Lab/brainseq_data/bsp2_dlpfc/star-wasp/aligned_bams/R12491_Aligned.sortedByCoord.out.bam	/projects/b1213/resources/processed-data/ase-files/dlpfc/phASER/R12491.vcf.gz
R12493	Br2263	Br2263	/projects/b1042/HEART-GeN-Lab/brainseq_data/bsp2_dlpfc/star-wasp/aligned_bams/R12493_Aligned.sortedByCoord.out.bam	/projects/b1213/resources/processed-data/ase-files/dlpfc/phASER/R12493.vcf.gz
R12494	Br2267	Br2267	/projects/b1042/HEART-GeN-Lab/brainseq_data/bsp2_dlpfc/star-wasp/aligned_bams/R12494_Aligned.sortedByCoord.out.bam	/projects/b1213/resources/processed-data/ase-files/dlpfc/phASER/R12494.vcf.gz
R12495	Br2271	Br2271	/projects/b1042/HEART-GeN-Lab/brainseq_data/bsp2_dlpfc/star-wasp/aligned_bams/R12495_Aligned.sortedByCoord.out.bam	/projects/b1213/resources/processed-data/ase-files/dlpfc/phASER/R12495.vcf.gz
R12496	Br2285	Br2285	/projects/b1042/HEART-GeN-Lab/brainseq_data/bsp2_dlpfc/star-wasp/aligned_bams/R12496_Aligned.sortedByCoord.out.bam	/projects/b1213/resources/processed-data/ase-files/dlpfc/phASER/R12496.vcf.gz
R12497	Br2287	Br2287	/projects/b1042/HEART-GeN-Lab/brainseq_data/bsp2_dlpfc/star-wasp/aligned_bams/R12497_Aligned.sortedByCoord.out.bam	/projects/b1213/resources/processed-data/ase-files/dlpfc/phASER/R12497.vcf.gz
R12498	Br2288	Br2288	/projects/b1042/HEART-GeN-Lab/brainseq_data/bsp2_dlpfc/star-wasp/aligned_bams/R12498_Aligned.sortedByCoord.out.bam	/projects/b1213/resources/processed-data/ase-files/dlpfc/phASER/R12498.vcf.gz
R12499	Br2292	Br2292	/projects/b1042/HEART-GeN-Lab/brainseq_data/bsp2_dlpfc/star-wasp/aligned_bams/R12499_Aligned.sortedByCoord.out.bam	/projects/b1213/resources/processed-data/ase-files/dlpfc/phASER/R12499.vcf.gz
R12501	Br2304	Br2304	/projects/b1042/HEART-GeN-Lab/brainseq_data/bsp2_dlpfc/star-wasp/aligned_bams/R12501_Aligned.sortedByCoord.out.bam	/projects/b1213/resources/processed-data/ase-files/dlpfc/phASER/R12501.vcf.gz
R12503	Br2322	Br2322	/projects/b1042/HEART-GeN-Lab/brainseq_data/bsp2_dlpfc/star-wasp/aligned_bams/R12503_Aligned.sortedByCoord.out.bam	/projects/b1213/resources/processed-data/ase-files/dlpfc/phASER/R12503.vcf.gz
R12505	Br2333	Br2333	/projects/b1042/HEART-GeN-Lab/brainseq_data/bsp2_dlpfc/star-wasp/aligned_bams/R12505_Aligned.sortedByCoord.out.bam	/projects/b1213/resources/processed-data/ase-files/dlpfc/phASER/R12505.vcf.gz
R12506	Br2343	Br2343	/projects/b1042/HEART-GeN-Lab/brainseq_data/bsp2_dlpfc/star-wasp/aligned_bams/R12506_Aligned.sortedByCoord.out.bam	/projects/b1213/resources/processed-data/ase-files/dlpfc/phASER/R12506.vcf.gz
R12507	Br2350	Br2350	/projects/b1042/HEART-GeN-Lab/brainseq_data/bsp2_dlpfc/star-wasp/aligned_bams/R12507_Aligned.sortedByCoord.out.bam	/projects/b1213/resources/processed-data/ase-files/dlpfc/phASER/R12507.vcf.gz
R12508	Br2353	Br2353	/projects/b1042/HEART-GeN-Lab/brainseq_data/bsp2_dlpfc/star-wasp/aligned_bams/R12508_Aligned.sortedByCoord.out.bam	/projects/b1213/resources/processed-data/ase-files/dlpfc/phASER/R12508.vcf.gz
R12509	Br2365	Br2365	/projects/b1042/HEART-GeN-Lab/brainseq_data/bsp2_dlpfc/star-wasp/aligned_bams/R12509_Aligned.sortedByCoord.out.bam	/projects/b1213/resources/processed-data/ase-files/dlpfc/phASER/R12509.vcf.gz
R12510	Br2371	Br2371	/projects/b1042/HEART-GeN-Lab/brainseq_data/bsp2_dlpfc/star-wasp/aligned_bams/R12510_Aligned.sortedByCoord.out.bam	/projects/b1213/resources/processed-data/ase-files/dlpfc/phASER/R12510.vcf.gz
R12511	Br2377	Br2377	/projects/b1042/HEART-GeN-Lab/brainseq_data/bsp2_dlpfc/star-wasp/aligned_bams/R12511_Aligned.sortedByCoord.out.bam	/projects/b1213/resources/processed-data/ase-files/dlpfc/phASER/R12511.vcf.gz
R12512	Br2378	Br2378	/projects/b1042/HEART-GeN-Lab/brainseq_data/bsp2_dlpfc/star-wasp/aligned_bams/R12512_Aligned.sortedByCoord.out.bam	/projects/b1213/resources/processed-data/ase-files/dlpfc/phASER/R12512.vcf.gz
R12514	Br2388	Br2388	/projects/b1042/HEART-GeN-Lab/brainseq_data/bsp2_dlpfc/star-wasp/aligned_bams/R12514_Aligned.sortedByCoord.out.bam	/projects/b1213/resources/processed-data/ase-files/dlpfc/phASER/R12514.vcf.gz
R12515	Br2393	Br2393	/projects/b1042/HEART-GeN-Lab/brainseq_data/bsp2_dlpfc/star-wasp/aligned_bams/R12515_Aligned.sortedByCoord.out.bam	/projects/b1213/resources/processed-data/ase-files/dlpfc/phASER/R12515.vcf.gz
R12516	Br2405	Br2405	/projects/b1042/HEART-GeN-Lab/brainseq_data/bsp2_dlpfc/star-wasp/aligned_bams/R12516_Aligned.sortedByCoord.out.bam	/projects/b1213/resources/processed-data/ase-files/dlpfc/phASER/R12516.vcf.gz
R12517	Br2425	Br2425	/projects/b1042/HEART-GeN-Lab/brainseq_data/bsp2_dlpfc/star-wasp/aligned_bams/R12517_Aligned.sortedByCoord.out.bam	/projects/b1213/resources/processed-data/ase-files/dlpfc/phASER/R12517.vcf.gz
R12519	Br2429	Br2429	/projects/b1042/HEART-GeN-Lab/brainseq_data/bsp2_dlpfc/star-wasp/aligned_bams/R12519_Aligned.sortedByCoord.out.bam	/projects/b1213/resources/processed-data/ase-files/dlpfc/phASER/R12519.vcf.gz
R12520	Br2447	Br2447	/projects/b1042/HEART-GeN-Lab/brainseq_data/bsp2_dlpfc/star-wasp/aligned_bams/R12520_Aligned.sortedByCoord.out.bam	/projects/b1213/resources/processed-data/ase-files/dlpfc/phASER/R12520.vcf.gz
R12521	Br2453	Br2453	/projects/b1042/HEART-GeN-Lab/brainseq_data/bsp2_dlpfc/star-wasp/aligned_bams/R12521_Aligned.sortedByCoord.out.bam	/projects/b1213/resources/processed-data/ase-files/dlpfc/phASER/R12521.vcf.gz
R12522	Br2454	Br2454	/projects/b1042/HEART-GeN-Lab/brainseq_data/bsp2_dlpfc/star-wasp/aligned_bams/R12522_Aligned.sortedByCoord.out.bam	/projects/b1213/resources/processed-data/ase-files/dlpfc/phASER/R12522.vcf.gz
R12523	Br2464	Br2464	/projects/b1042/HEART-GeN-Lab/brainseq_data/bsp2_dlpfc/star-wasp/aligned_bams/R12523_Aligned.sortedByCoord.out.bam	/projects/b1213/resources/processed-data/ase-files/dlpfc/phASER/R12523.vcf.gz
R12524	Br2470	Br2470	/projects/b1042/HEART-GeN-Lab/brainseq_data/bsp2_dlpfc/star-wasp/aligned_bams/R12524_Aligned.sortedByCoord.out.bam	/projects/b1213/resources/processed-data/ase-files/dlpfc/phASER/R12524.vcf.gz
R12525	Br2474	Br2474	/projects/b1042/HEART-GeN-Lab/brainseq_data/bsp2_dlpfc/star-wasp/aligned_bams/R12525_Aligned.sortedByCoord.out.bam	/projects/b1213/resources/processed-data/ase-files/dlpfc/phASER/R12525.vcf.gz
R12526	Br2476	Br2476	/projects/b1042/HEART-GeN-Lab/brainseq_data/bsp2_dlpfc/star-wasp/aligned_bams/R12526_Aligned.sortedByCoord.out.bam	/projects/b1213/resources/processed-data/ase-files/dlpfc/phASER/R12526.vcf.gz
R12527	Br2481	Br2481	/projects/b1042/HEART-GeN-Lab/brainseq_data/bsp2_dlpfc/star-wasp/aligned_bams/R12527_Aligned.sortedByCoord.out.bam	/projects/b1213/resources/processed-data/ase-files/dlpfc/phASER/R12527.vcf.gz
R12530	Br2509	Br2509	/projects/b1042/HEART-GeN-Lab/brainseq_data/bsp2_dlpfc/star-wasp/aligned_bams/R12530_Aligned.sortedByCoord.out.bam	/projects/b1213/resources/processed-data/ase-files/dlpfc/phASER/R12530.vcf.gz
R12531	Br2521	Br2521	/projects/b1042/HEART-GeN-Lab/brainseq_data/bsp2_dlpfc/star-wasp/aligned_bams/R12531_Aligned.sortedByCoord.out.bam	/projects/b1213/resources/processed-data/ase-files/dlpfc/phASER/R12531.vcf.gz
R12533	Br2534	Br2534	/projects/b1042/HEART-GeN-Lab/brainseq_data/bsp2_dlpfc/star-wasp/aligned_bams/R12533_Aligned.sortedByCoord.out.bam	/projects/b1213/resources/processed-data/ase-files/dlpfc/phASER/R12533.vcf.gz
R12535	Br2539	Br2539	/projects/b1042/HEART-GeN-Lab/brainseq_data/bsp2_dlpfc/star-wasp/aligned_bams/R12535_Aligned.sortedByCoord.out.bam	/projects/b1213/resources/processed-data/ase-files/dlpfc/phASER/R12535.vcf.gz
R12536	Br2542	Br2542	/projects/b1042/HEART-GeN-Lab/brainseq_data/bsp2_dlpfc/star-wasp/aligned_bams/R12536_Aligned.sortedByCoord.out.bam	/projects/b1213/resources/processed-data/ase-files/dlpfc/phASER/R12536.vcf.gz
R12537	Br2543	Br2543	/projects/b1042/HEART-GeN-Lab/brainseq_data/bsp2_dlpfc/star-wasp/aligned_bams/R12537_Aligned.sortedByCoord.out.bam	/projects/b1213/resources/processed-data/ase-files/dlpfc/phASER/R12537.vcf.gz
R12538	Br2557	Br2557	/projects/b1042/HEART-GeN-Lab/brainseq_data/bsp2_dlpfc/star-wasp/aligned_bams/R12538_Aligned.sortedByCoord.out.bam	/projects/b1213/resources/processed-data/ase-files/dlpfc/phASER/R12538.vcf.gz
R12539	Br2582	Br2582	/projects/b1042/HEART-GeN-Lab/brainseq_data/bsp2_dlpfc/star-wasp/aligned_bams/R12539_Aligned.sortedByCoord.out.bam	/projects/b1213/resources/processed-data/ase-files/dlpfc/phASER/R12539.vcf.gz
R12540	Br2585	Br2585	/projects/b1042/HEART-GeN-Lab/brainseq_data/bsp2_dlpfc/star-wasp/aligned_bams/R12540_Aligned.sortedByCoord.out.bam	/projects/b1213/resources/processed-data/ase-files/dlpfc/phASER/R12540.vcf.gz
R12551	Br5165	Br5165	/projects/b1042/HEART-GeN-Lab/brainseq_data/bsp2_dlpfc/star-wasp/aligned_bams/R12551_Aligned.sortedByCoord.out.bam	/projects/b1213/resources/processed-data/ase-files/dlpfc/phASER/R12551.vcf.gz
R12553	Br5182	Br5182	/projects/b1042/HEART-GeN-Lab/brainseq_data/bsp2_dlpfc/star-wasp/aligned_bams/R12553_Aligned.sortedByCoord.out.bam	/projects/b1213/resources/processed-data/ase-files/dlpfc/phASER/R12553.vcf.gz
R12554	Br5205	Br5205	/projects/b1042/HEART-GeN-Lab/brainseq_data/bsp2_dlpfc/star-wasp/aligned_bams/R12554_Aligned.sortedByCoord.out.bam	/projects/b1213/resources/processed-data/ase-files/dlpfc/phASER/R12554.vcf.gz
R12555	Br5212	Br5212	/projects/b1042/HEART-GeN-Lab/brainseq_data/bsp2_dlpfc/star-wasp/aligned_bams/R12555_Aligned.sortedByCoord.out.bam	/projects/b1213/resources/processed-data/ase-files/dlpfc/phASER/R12555.vcf.gz
R12557	Br5228	Br5228	/projects/b1042/HEART-GeN-Lab/brainseq_data/bsp2_dlpfc/star-wasp/aligned_bams/R12557_Aligned.sortedByCoord.out.bam	/projects/b1213/resources/processed-data/ase-files/dlpfc/phASER/R12557.vcf.gz
R12558	Br5232	Br5232	/projects/b1042/HEART-GeN-Lab/brainseq_data/bsp2_dlpfc/star-wasp/aligned_bams/R12558_Aligned.sortedByCoord.out.bam	/projects/b1213/resources/processed-data/ase-files/dlpfc/phASER/R12558.vcf.gz
R12560	Br5235	Br5235	/projects/b1042/HEART-GeN-Lab/brainseq_data/bsp2_dlpfc/star-wasp/aligned_bams/R12560_Aligned.sortedByCoord.out.bam	/projects/b1213/resources/processed-data/ase-files/dlpfc/phASER/R12560.vcf.gz
R12561	Br5250	Br5250	/projects/b1042/HEART-GeN-Lab/brainseq_data/bsp2_dlpfc/star-wasp/aligned_bams/R12561_Aligned.sortedByCoord.out.bam	/projects/b1213/resources/processed-data/ase-files/dlpfc/phASER/R12561.vcf.gz
R12562	Br5259	Br5259	/projects/b1042/HEART-GeN-Lab/brainseq_data/bsp2_dlpfc/star-wasp/aligned_bams/R12562_Aligned.sortedByCoord.out.bam	/projects/b1213/resources/processed-data/ase-files/dlpfc/phASER/R12562.vcf.gz
R12563	Br5262	Br5262	/projects/b1042/HEART-GeN-Lab/brainseq_data/bsp2_dlpfc/star-wasp/aligned_bams/R12563_Aligned.sortedByCoord.out.bam	/projects/b1213/resources/processed-data/ase-files/dlpfc/phASER/R12563.vcf.gz
R12564	Br5270	Br5270	/projects/b1042/HEART-GeN-Lab/brainseq_data/bsp2_dlpfc/star-wasp/aligned_bams/R12564_Aligned.sortedByCoord.out.bam	/projects/b1213/resources/processed-data/ase-files/dlpfc/phASER/R12564.vcf.gz
R12565	Br5280	Br5280	/projects/b1042/HEART-GeN-Lab/brainseq_data/bsp2_dlpfc/star-wasp/aligned_bams/R12565_Aligned.sortedByCoord.out.bam	/projects/b1213/resources/processed-data/ase-files/dlpfc/phASER/R12565.vcf.gz
R12566	Br5286	Br5286	/projects/b1042/HEART-GeN-Lab/brainseq_data/bsp2_dlpfc/star-wasp/aligned_bams/R12566_Aligned.sortedByCoord.out.bam	/projects/b1213/resources/processed-data/ase-files/dlpfc/phASER/R12566.vcf.gz
R12567	Br5287	Br5287	/projects/b1042/HEART-GeN-Lab/brainseq_data/bsp2_dlpfc/star-wasp/aligned_bams/R12567_Aligned.sortedByCoord.out.bam	/projects/b1213/resources/processed-data/ase-files/dlpfc/phASER/R12567.vcf.gz
R12568	Br5292	Br5292	/projects/b1042/HEART-GeN-Lab/brainseq_data/bsp2_dlpfc/star-wasp/aligned_bams/R12568_Aligned.sortedByCoord.out.bam	/projects/b1213/resources/processed-data/ase-files/dlpfc/phASER/R12568.vcf.gz
R12569	Br5314	Br5314	/projects/b1042/HEART-GeN-Lab/brainseq_data/bsp2_dlpfc/star-wasp/aligned_bams/R12569_Aligned.sortedByCoord.out.bam	/projects/b1213/resources/processed-data/ase-files/dlpfc/phASER/R12569.vcf.gz
R12570	Br5323	Br5323	/projects/b1042/HEART-GeN-Lab/brainseq_data/bsp2_dlpfc/star-wasp/aligned_bams/R12570_Aligned.sortedByCoord.out.bam	/projects/b1213/resources/processed-data/ase-files/dlpfc/phASER/R12570.vcf.gz
R2809	Br1245	Br1245	/projects/b1042/HEART-GeN-Lab/brainseq_data/bsp2_dlpfc/star-wasp/aligned_bams/R2809_Aligned.sortedByCoord.out.bam	/projects/b1213/resources/processed-data/ase-files/dlpfc/phASER/R2809.vcf.gz
R2816	Br1585	Br1585	/projects/b1042/HEART-GeN-Lab/brainseq_data/bsp2_dlpfc/star-wasp/aligned_bams/R2816_Aligned.sortedByCoord.out.bam	/projects/b1213/resources/processed-data/ase-files/dlpfc/phASER/R2816.vcf.gz
R2824	Br1633	Br1633	/projects/b1042/HEART-GeN-Lab/brainseq_data/bsp2_dlpfc/star-wasp/aligned_bams/R2824_Aligned.sortedByCoord.out.bam	/projects/b1213/resources/processed-data/ase-files/dlpfc/phASER/R2824.vcf.gz
R2827	Br1684	Br1684	/projects/b1042/HEART-GeN-Lab/brainseq_data/bsp2_dlpfc/star-wasp/aligned_bams/R2827_Aligned.sortedByCoord.out.bam	/projects/b1213/resources/processed-data/ase-files/dlpfc/phASER/R2827.vcf.gz
R2840	Br1648	Br1648	/projects/b1042/HEART-GeN-Lab/brainseq_data/bsp2_dlpfc/star-wasp/aligned_bams/R2840_Aligned.sortedByCoord.out.bam	/projects/b1213/resources/processed-data/ase-files/dlpfc/phASER/R2840.vcf.gz
R2867	Br1740	Br1740	/projects/b1042/HEART-GeN-Lab/brainseq_data/bsp2_dlpfc/star-wasp/aligned_bams/R2867_Aligned.sortedByCoord.out.bam	/projects/b1213/resources/processed-data/ase-files/dlpfc/phASER/R2867.vcf.gz
R2905	Br959	Br0959	/projects/b1042/HEART-GeN-Lab/brainseq_data/bsp2_dlpfc/star-wasp/aligned_bams/R2905_Aligned.sortedByCoord.out.bam	/projects/b1213/resources/processed-data/ase-files/dlpfc/phASER/R2905.vcf.gz
R2947	Br1571	Br1571	/projects/b1042/HEART-GeN-Lab/brainseq_data/bsp2_dlpfc/star-wasp/aligned_bams/R2947_Aligned.sortedByCoord.out.bam	/projects/b1213/resources/processed-data/ase-files/dlpfc/phASER/R2947.vcf.gz
R2948	Br1578	Br1578	/projects/b1042/HEART-GeN-Lab/brainseq_data/bsp2_dlpfc/star-wasp/aligned_bams/R2948_Aligned.sortedByCoord.out.bam	/projects/b1213/resources/processed-data/ase-files/dlpfc/phASER/R2948.vcf.gz
R3002	Br1227	Br1227	/projects/b1042/HEART-GeN-Lab/brainseq_data/bsp2_dlpfc/star-wasp/aligned_bams/R3002_Aligned.sortedByCoord.out.bam	/projects/b1213/resources/processed-data/ase-files/dlpfc/phASER/R3002.vcf.gz
R3029	Br1560	Br1560	/projects/b1042/HEART-GeN-Lab/brainseq_data/bsp2_dlpfc/star-wasp/aligned_bams/R3029_Aligned.sortedByCoord.out.bam	/projects/b1213/resources/processed-data/ase-files/dlpfc/phASER/R3029.vcf.gz
R3030	Br1576	Br1576	/projects/b1042/HEART-GeN-Lab/brainseq_data/bsp2_dlpfc/star-wasp/aligned_bams/R3030_Aligned.sortedByCoord.out.bam	/projects/b1213/resources/processed-data/ase-files/dlpfc/phASER/R3030.vcf.gz
R3036	Br1067	Br1067	/projects/b1042/HEART-GeN-Lab/brainseq_data/bsp2_dlpfc/star-wasp/aligned_bams/R3036_Aligned.sortedByCoord.out.bam	/projects/b1213/resources/processed-data/ase-files/dlpfc/phASER/R3036.vcf.gz
R3050	Br1004	Br1004	/projects/b1042/HEART-GeN-Lab/brainseq_data/bsp2_dlpfc/star-wasp/aligned_bams/R3050_Aligned.sortedByCoord.out.bam	/projects/b1213/resources/processed-data/ase-files/dlpfc/phASER/R3050.vcf.gz
R3063	Br1033	Br1033	/projects/b1042/HEART-GeN-Lab/brainseq_data/bsp2_dlpfc/star-wasp/aligned_bams/R3063_Aligned.sortedByCoord.out.bam	/projects/b1213/resources/processed-data/ase-files/dlpfc/phASER/R3063.vcf.gz
R3070	Br1646	Br1646	/projects/b1042/HEART-GeN-Lab/brainseq_data/bsp2_dlpfc/star-wasp/aligned_bams/R3070_Aligned.sortedByCoord.out.bam	/projects/b1213/resources/processed-data/ase-files/dlpfc/phASER/R3070.vcf.gz
R3073	Br890	Br0890	/projects/b1042/HEART-GeN-Lab/brainseq_data/bsp2_dlpfc/star-wasp/aligned_bams/R3073_Aligned.sortedByCoord.out.bam	/projects/b1213/resources/processed-data/ase-files/dlpfc/phASER/R3073.vcf.gz
R3375	Br1446	Br1446	/projects/b1042/HEART-GeN-Lab/brainseq_data/bsp2_dlpfc/star-wasp/aligned_bams/R3375_Aligned.sortedByCoord.out.bam	/projects/b1213/resources/processed-data/ase-files/dlpfc/phASER/R3375.vcf.gz
R3377	Br1794	Br1794	/projects/b1042/HEART-GeN-Lab/brainseq_data/bsp2_dlpfc/star-wasp/aligned_bams/R3377_Aligned.sortedByCoord.out.bam	/projects/b1213/resources/processed-data/ase-files/dlpfc/phASER/R3377.vcf.gz
R3391	Br1801	Br1801	/projects/b1042/HEART-GeN-Lab/brainseq_data/bsp2_dlpfc/star-wasp/aligned_bams/R3391_Aligned.sortedByCoord.out.bam	/projects/b1213/resources/processed-data/ase-files/dlpfc/phASER/R3391.vcf.gz
R3393	Br859	Br0859	/projects/b1042/HEART-GeN-Lab/brainseq_data/bsp2_dlpfc/star-wasp/aligned_bams/R3393_Aligned.sortedByCoord.out.bam	/projects/b1213/resources/processed-data/ase-files/dlpfc/phASER/R3393.vcf.gz
R3401	Br1795	Br1795	/projects/b1042/HEART-GeN-Lab/brainseq_data/bsp2_dlpfc/star-wasp/aligned_bams/R3401_Aligned.sortedByCoord.out.bam	/projects/b1213/resources/processed-data/ase-files/dlpfc/phASER/R3401.vcf.gz
R3402	Br1798	Br1798	/projects/b1042/HEART-GeN-Lab/brainseq_data/bsp2_dlpfc/star-wasp/aligned_bams/R3402_Aligned.sortedByCoord.out.bam	/projects/b1213/resources/processed-data/ase-files/dlpfc/phASER/R3402.vcf.gz
R3403	Br1814	Br1814	/projects/b1042/HEART-GeN-Lab/brainseq_data/bsp2_dlpfc/star-wasp/aligned_bams/R3403_Aligned.sortedByCoord.out.bam	/projects/b1213/resources/processed-data/ase-files/dlpfc/phASER/R3403.vcf.gz
R3404	Br1825	Br1825	/projects/b1042/HEART-GeN-Lab/brainseq_data/bsp2_dlpfc/star-wasp/aligned_bams/R3404_Aligned.sortedByCoord.out.bam	/projects/b1213/resources/processed-data/ase-files/dlpfc/phASER/R3404.vcf.gz
R3413	Br1788	Br1788	/projects/b1042/HEART-GeN-Lab/brainseq_data/bsp2_dlpfc/star-wasp/aligned_bams/R3413_Aligned.sortedByCoord.out.bam	/projects/b1213/resources/processed-data/ase-files/dlpfc/phASER/R3413.vcf.gz
R3417	Br885	Br0885	/projects/b1042/HEART-GeN-Lab/brainseq_data/bsp2_dlpfc/star-wasp/aligned_bams/R3417_Aligned.sortedByCoord.out.bam	/projects/b1213/resources/processed-data/ase-files/dlpfc/phASER/R3417.vcf.gz
R3427	Br1786	Br1786	/projects/b1042/HEART-GeN-Lab/brainseq_data/bsp2_dlpfc/star-wasp/aligned_bams/R3427_Aligned.sortedByCoord.out.bam	/projects/b1213/resources/processed-data/ase-files/dlpfc/phASER/R3427.vcf.gz
R3440	Br1824	Br1824	/projects/b1042/HEART-GeN-Lab/brainseq_data/bsp2_dlpfc/star-wasp/aligned_bams/R3440_Aligned.sortedByCoord.out.bam	/projects/b1213/resources/processed-data/ase-files/dlpfc/phASER/R3440.vcf.gz
R3446	Br1263	Br1263	/projects/b1042/HEART-GeN-Lab/brainseq_data/bsp2_dlpfc/star-wasp/aligned_bams/R3446_Aligned.sortedByCoord.out.bam	/projects/b1213/resources/processed-data/ase-files/dlpfc/phASER/R3446.vcf.gz
R3449	Br1777	Br1777	/projects/b1042/HEART-GeN-Lab/brainseq_data/bsp2_dlpfc/star-wasp/aligned_bams/R3449_Aligned.sortedByCoord.out.bam	/projects/b1213/resources/processed-data/ase-files/dlpfc/phASER/R3449.vcf.gz
R3450	Br1784	Br1784	/projects/b1042/HEART-GeN-Lab/brainseq_data/bsp2_dlpfc/star-wasp/aligned_bams/R3450_Aligned.sortedByCoord.out.bam	/projects/b1213/resources/processed-data/ase-files/dlpfc/phASER/R3450.vcf.gz
R3451	Br1787	Br1787	/projects/b1042/HEART-GeN-Lab/brainseq_data/bsp2_dlpfc/star-wasp/aligned_bams/R3451_Aligned.sortedByCoord.out.bam	/projects/b1213/resources/processed-data/ase-files/dlpfc/phASER/R3451.vcf.gz
R3456	Br1276	Br1276	/projects/b1042/HEART-GeN-Lab/brainseq_data/bsp2_dlpfc/star-wasp/aligned_bams/R3456_Aligned.sortedByCoord.out.bam	/projects/b1213/resources/processed-data/ase-files/dlpfc/phASER/R3456.vcf.gz
R3461	Br1778	Br1778	/projects/b1042/HEART-GeN-Lab/brainseq_data/bsp2_dlpfc/star-wasp/aligned_bams/R3461_Aligned.sortedByCoord.out.bam	/projects/b1213/resources/processed-data/ase-files/dlpfc/phASER/R3461.vcf.gz
R3462	Br1782	Br1782	/projects/b1042/HEART-GeN-Lab/brainseq_data/bsp2_dlpfc/star-wasp/aligned_bams/R3462_Aligned.sortedByCoord.out.bam	/projects/b1213/resources/processed-data/ase-files/dlpfc/phASER/R3462.vcf.gz
R3464	Br1811	Br1811	/projects/b1042/HEART-GeN-Lab/brainseq_data/bsp2_dlpfc/star-wasp/aligned_bams/R3464_Aligned.sortedByCoord.out.bam	/projects/b1213/resources/processed-data/ase-files/dlpfc/phASER/R3464.vcf.gz
R3469	Br1167	Br1167	/projects/b1042/HEART-GeN-Lab/brainseq_data/bsp2_dlpfc/star-wasp/aligned_bams/R3469_Aligned.sortedByCoord.out.bam	/projects/b1213/resources/processed-data/ase-files/dlpfc/phASER/R3469.vcf.gz
R3470	Br1407	Br1407	/projects/b1042/HEART-GeN-Lab/brainseq_data/bsp2_dlpfc/star-wasp/aligned_bams/R3470_Aligned.sortedByCoord.out.bam	/projects/b1213/resources/processed-data/ase-files/dlpfc/phASER/R3470.vcf.gz
R3475	Br1793	Br1793	/projects/b1042/HEART-GeN-Lab/brainseq_data/bsp2_dlpfc/star-wasp/aligned_bams/R3475_Aligned.sortedByCoord.out.bam	/projects/b1213/resources/processed-data/ase-files/dlpfc/phASER/R3475.vcf.gz
R3476	Br1797	Br1797	/projects/b1042/HEART-GeN-Lab/brainseq_data/bsp2_dlpfc/star-wasp/aligned_bams/R3476_Aligned.sortedByCoord.out.bam	/projects/b1213/resources/processed-data/ase-files/dlpfc/phASER/R3476.vcf.gz
R3477	Br1204	Br1204	/projects/b1042/HEART-GeN-Lab/brainseq_data/bsp2_dlpfc/star-wasp/aligned_bams/R3477_Aligned.sortedByCoord.out.bam	/projects/b1213/resources/processed-data/ase-files/dlpfc/phASER/R3477.vcf.gz
R3482	Br1531	Br1531	/projects/b1042/HEART-GeN-Lab/brainseq_data/bsp2_dlpfc/star-wasp/aligned_bams/R3482_Aligned.sortedByCoord.out.bam	/projects/b1213/resources/processed-data/ase-files/dlpfc/phASER/R3482.vcf.gz
R3485	Br1803	Br1803	/projects/b1042/HEART-GeN-Lab/brainseq_data/bsp2_dlpfc/star-wasp/aligned_bams/R3485_Aligned.sortedByCoord.out.bam	/projects/b1213/resources/processed-data/ase-files/dlpfc/phASER/R3485.vcf.gz
R3491	Br1225	Br1225	/projects/b1042/HEART-GeN-Lab/brainseq_data/bsp2_dlpfc/star-wasp/aligned_bams/R3491_Aligned.sortedByCoord.out.bam	/projects/b1213/resources/processed-data/ase-files/dlpfc/phASER/R3491.vcf.gz
R3494	Br1281	Br1281	/projects/b1042/HEART-GeN-Lab/brainseq_data/bsp2_dlpfc/star-wasp/aligned_bams/R3494_Aligned.sortedByCoord.out.bam	/projects/b1213/resources/processed-data/ase-files/dlpfc/phASER/R3494.vcf.gz
R3496	Br1436	Br1436	/projects/b1042/HEART-GeN-Lab/brainseq_data/bsp2_dlpfc/star-wasp/aligned_bams/R3496_Aligned.sortedByCoord.out.bam	/projects/b1213/resources/processed-data/ase-files/dlpfc/phASER/R3496.vcf.gz
R3498	Br1858	Br1858	/projects/b1042/HEART-GeN-Lab/brainseq_data/bsp2_dlpfc/star-wasp/aligned_bams/R3498_Aligned.sortedByCoord.out.bam	/projects/b1213/resources/processed-data/ase-files/dlpfc/phASER/R3498.vcf.gz
R3500	Br1879	Br1879	/projects/b1042/HEART-GeN-Lab/brainseq_data/bsp2_dlpfc/star-wasp/aligned_bams/R3500_Aligned.sortedByCoord.out.bam	/projects/b1213/resources/processed-data/ase-files/dlpfc/phASER/R3500.vcf.gz
R3506	Br1473	Br1473	/projects/b1042/HEART-GeN-Lab/brainseq_data/bsp2_dlpfc/star-wasp/aligned_bams/R3506_Aligned.sortedByCoord.out.bam	/projects/b1213/resources/processed-data/ase-files/dlpfc/phASER/R3506.vcf.gz
R3510	Br1866	Br1866	/projects/b1042/HEART-GeN-Lab/brainseq_data/bsp2_dlpfc/star-wasp/aligned_bams/R3510_Aligned.sortedByCoord.out.bam	/projects/b1213/resources/processed-data/ase-files/dlpfc/phASER/R3510.vcf.gz
R3511	Br1870	Br1870	/projects/b1042/HEART-GeN-Lab/brainseq_data/bsp2_dlpfc/star-wasp/aligned_bams/R3511_Aligned.sortedByCoord.out.bam	/projects/b1213/resources/processed-data/ase-files/dlpfc/phASER/R3511.vcf.gz
R3512	Br1875	Br1875	/projects/b1042/HEART-GeN-Lab/brainseq_data/bsp2_dlpfc/star-wasp/aligned_bams/R3512_Aligned.sortedByCoord.out.bam	/projects/b1213/resources/processed-data/ase-files/dlpfc/phASER/R3512.vcf.gz
R3517	Br1390	Br1390	/projects/b1042/HEART-GeN-Lab/brainseq_data/bsp2_dlpfc/star-wasp/aligned_bams/R3517_Aligned.sortedByCoord.out.bam	/projects/b1213/resources/processed-data/ase-files/dlpfc/phASER/R3517.vcf.gz
R3523	Br1857	Br1857	/projects/b1042/HEART-GeN-Lab/brainseq_data/bsp2_dlpfc/star-wasp/aligned_bams/R3523_Aligned.sortedByCoord.out.bam	/projects/b1213/resources/processed-data/ase-files/dlpfc/phASER/R3523.vcf.gz
R3537	Br1039	Br1039	/projects/b1042/HEART-GeN-Lab/brainseq_data/bsp2_dlpfc/star-wasp/aligned_bams/R3537_Aligned.sortedByCoord.out.bam	/projects/b1213/resources/processed-data/ase-files/dlpfc/phASER/R3537.vcf.gz
R3540	Br1265	Br1265	/projects/b1042/HEART-GeN-Lab/brainseq_data/bsp2_dlpfc/star-wasp/aligned_bams/R3540_Aligned.sortedByCoord.out.bam	/projects/b1213/resources/processed-data/ase-files/dlpfc/phASER/R3540.vcf.gz
R3543	Br1442	Br1442	/projects/b1042/HEART-GeN-Lab/brainseq_data/bsp2_dlpfc/star-wasp/aligned_bams/R3543_Aligned.sortedByCoord.out.bam	/projects/b1213/resources/processed-data/ase-files/dlpfc/phASER/R3543.vcf.gz
R3545	Br1855	Br1855	/projects/b1042/HEART-GeN-Lab/brainseq_data/bsp2_dlpfc/star-wasp/aligned_bams/R3545_Aligned.sortedByCoord.out.bam	/projects/b1213/resources/processed-data/ase-files/dlpfc/phASER/R3545.vcf.gz
R3547	Br1872	Br1872	/projects/b1042/HEART-GeN-Lab/brainseq_data/bsp2_dlpfc/star-wasp/aligned_bams/R3547_Aligned.sortedByCoord.out.bam	/projects/b1213/resources/processed-data/ase-files/dlpfc/phASER/R3547.vcf.gz
R3548	Br1881	Br1881	/projects/b1042/HEART-GeN-Lab/brainseq_data/bsp2_dlpfc/star-wasp/aligned_bams/R3548_Aligned.sortedByCoord.out.bam	/projects/b1213/resources/processed-data/ase-files/dlpfc/phASER/R3548.vcf.gz
R3549	Br822	Br0822	/projects/b1042/HEART-GeN-Lab/brainseq_data/bsp2_dlpfc/star-wasp/aligned_bams/R3549_Aligned.sortedByCoord.out.bam	/projects/b1213/resources/processed-data/ase-files/dlpfc/phASER/R3549.vcf.gz
R3550	Br847	Br0847	/projects/b1042/HEART-GeN-Lab/brainseq_data/bsp2_dlpfc/star-wasp/aligned_bams/R3550_Aligned.sortedByCoord.out.bam	/projects/b1213/resources/processed-data/ase-files/dlpfc/phASER/R3550.vcf.gz
R3551	Br1269	Br1269	/projects/b1042/HEART-GeN-Lab/brainseq_data/bsp2_dlpfc/star-wasp/aligned_bams/R3551_Aligned.sortedByCoord.out.bam	/projects/b1213/resources/processed-data/ase-files/dlpfc/phASER/R3551.vcf.gz
R3552	Br1287	Br1287	/projects/b1042/HEART-GeN-Lab/brainseq_data/bsp2_dlpfc/star-wasp/aligned_bams/R3552_Aligned.sortedByCoord.out.bam	/projects/b1213/resources/processed-data/ase-files/dlpfc/phASER/R3552.vcf.gz
R3555	Br1427	Br1427	/projects/b1042/HEART-GeN-Lab/brainseq_data/bsp2_dlpfc/star-wasp/aligned_bams/R3555_Aligned.sortedByCoord.out.bam	/projects/b1213/resources/processed-data/ase-files/dlpfc/phASER/R3555.vcf.gz
R3556	Br1670	Br1670	/projects/b1042/HEART-GeN-Lab/brainseq_data/bsp2_dlpfc/star-wasp/aligned_bams/R3556_Aligned.sortedByCoord.out.bam	/projects/b1213/resources/processed-data/ase-files/dlpfc/phASER/R3556.vcf.gz
R3557	Br1860	Br1860	/projects/b1042/HEART-GeN-Lab/brainseq_data/bsp2_dlpfc/star-wasp/aligned_bams/R3557_Aligned.sortedByCoord.out.bam	/projects/b1213/resources/processed-data/ase-files/dlpfc/phASER/R3557.vcf.gz
R3558	Br1868	Br1868	/projects/b1042/HEART-GeN-Lab/brainseq_data/bsp2_dlpfc/star-wasp/aligned_bams/R3558_Aligned.sortedByCoord.out.bam	/projects/b1213/resources/processed-data/ase-files/dlpfc/phASER/R3558.vcf.gz
R3563	Br1190	Br1190	/projects/b1042/HEART-GeN-Lab/brainseq_data/bsp2_dlpfc/star-wasp/aligned_bams/R3563_Aligned.sortedByCoord.out.bam	/projects/b1213/resources/processed-data/ase-files/dlpfc/phASER/R3563.vcf.gz
R3564	Br1282	Br1282	/projects/b1042/HEART-GeN-Lab/brainseq_data/bsp2_dlpfc/star-wasp/aligned_bams/R3564_Aligned.sortedByCoord.out.bam	/projects/b1213/resources/processed-data/ase-files/dlpfc/phASER/R3564.vcf.gz
R3573	Br826	Br0826	/projects/b1042/HEART-GeN-Lab/brainseq_data/bsp2_dlpfc/star-wasp/aligned_bams/R3573_Aligned.sortedByCoord.out.bam	/projects/b1213/resources/processed-data/ase-files/dlpfc/phASER/R3573.vcf.gz
R3574	Br906	Br0906	/projects/b1042/HEART-GeN-Lab/brainseq_data/bsp2_dlpfc/star-wasp/aligned_bams/R3574_Aligned.sortedByCoord.out.bam	/projects/b1213/resources/processed-data/ase-files/dlpfc/phASER/R3574.vcf.gz
R3575	Br1283	Br1283	/projects/b1042/HEART-GeN-Lab/brainseq_data/bsp2_dlpfc/star-wasp/aligned_bams/R3575_Aligned.sortedByCoord.out.bam	/projects/b1213/resources/processed-data/ase-files/dlpfc/phASER/R3575.vcf.gz
R3580	Br1708	Br1708	/projects/b1042/HEART-GeN-Lab/brainseq_data/bsp2_dlpfc/star-wasp/aligned_bams/R3580_Aligned.sortedByCoord.out.bam	/projects/b1213/resources/processed-data/ase-files/dlpfc/phASER/R3580.vcf.gz
R3585	Br982	Br0982	/projects/b1042/HEART-GeN-Lab/brainseq_data/bsp2_dlpfc/star-wasp/aligned_bams/R3585_Aligned.sortedByCoord.out.bam	/projects/b1213/resources/processed-data/ase-files/dlpfc/phASER/R3585.vcf.gz
R3590	Br1627	Br1627	/projects/b1042/HEART-GeN-Lab/brainseq_data/bsp2_dlpfc/star-wasp/aligned_bams/R3590_Aligned.sortedByCoord.out.bam	/projects/b1213/resources/processed-data/ase-files/dlpfc/phASER/R3590.vcf.gz
R3591	Br1845	Br1845	/projects/b1042/HEART-GeN-Lab/brainseq_data/bsp2_dlpfc/star-wasp/aligned_bams/R3591_Aligned.sortedByCoord.out.bam	/projects/b1213/resources/processed-data/ase-files/dlpfc/phASER/R3591.vcf.gz
R3592	Br1847	Br1847	/projects/b1042/HEART-GeN-Lab/brainseq_data/bsp2_dlpfc/star-wasp/aligned_bams/R3592_Aligned.sortedByCoord.out.bam	/projects/b1213/resources/processed-data/ase-files/dlpfc/phASER/R3592.vcf.gz
R3593	Br1849	Br1849	/projects/b1042/HEART-GeN-Lab/brainseq_data/bsp2_dlpfc/star-wasp/aligned_bams/R3593_Aligned.sortedByCoord.out.bam	/projects/b1213/resources/processed-data/ase-files/dlpfc/phASER/R3593.vcf.gz
R3594	Br1852	Br1852	/projects/b1042/HEART-GeN-Lab/brainseq_data/bsp2_dlpfc/star-wasp/aligned_bams/R3594_Aligned.sortedByCoord.out.bam	/projects/b1213/resources/processed-data/ase-files/dlpfc/phASER/R3594.vcf.gz
R3597	Br836	Br0836	/projects/b1042/HEART-GeN-Lab/brainseq_data/bsp2_dlpfc/star-wasp/aligned_bams/R3597_Aligned.sortedByCoord.out.bam	/projects/b1213/resources/processed-data/ase-files/dlpfc/phASER/R3597.vcf.gz
R3603	Br1244	Br1244	/projects/b1042/HEART-GeN-Lab/brainseq_data/bsp2_dlpfc/star-wasp/aligned_bams/R3603_Aligned.sortedByCoord.out.bam	/projects/b1213/resources/processed-data/ase-files/dlpfc/phASER/R3603.vcf.gz
R3604	Br1292	Br1292	/projects/b1042/HEART-GeN-Lab/brainseq_data/bsp2_dlpfc/star-wasp/aligned_bams/R3604_Aligned.sortedByCoord.out.bam	/projects/b1213/resources/processed-data/ase-files/dlpfc/phASER/R3604.vcf.gz
R3606	Br1434	Br1434	/projects/b1042/HEART-GeN-Lab/brainseq_data/bsp2_dlpfc/star-wasp/aligned_bams/R3606_Aligned.sortedByCoord.out.bam	/projects/b1213/resources/processed-data/ase-files/dlpfc/phASER/R3606.vcf.gz
R3611	Br1050	Br1050	/projects/b1042/HEART-GeN-Lab/brainseq_data/bsp2_dlpfc/star-wasp/aligned_bams/R3611_Aligned.sortedByCoord.out.bam	/projects/b1213/resources/processed-data/ase-files/dlpfc/phASER/R3611.vcf.gz
R3614	Br1339	Br1339	/projects/b1042/HEART-GeN-Lab/brainseq_data/bsp2_dlpfc/star-wasp/aligned_bams/R3614_Aligned.sortedByCoord.out.bam	/projects/b1213/resources/processed-data/ase-files/dlpfc/phASER/R3614.vcf.gz
R3616	Br1416	Br1416	/projects/b1042/HEART-GeN-Lab/brainseq_data/bsp2_dlpfc/star-wasp/aligned_bams/R3616_Aligned.sortedByCoord.out.bam	/projects/b1213/resources/processed-data/ase-files/dlpfc/phASER/R3616.vcf.gz
R3627	Br1379	Br1379	/projects/b1042/HEART-GeN-Lab/brainseq_data/bsp2_dlpfc/star-wasp/aligned_bams/R3627_Aligned.sortedByCoord.out.bam	/projects/b1213/resources/processed-data/ase-files/dlpfc/phASER/R3627.vcf.gz
R3628	Br1452	Br1452	/projects/b1042/HEART-GeN-Lab/brainseq_data/bsp2_dlpfc/star-wasp/aligned_bams/R3628_Aligned.sortedByCoord.out.bam	/projects/b1213/resources/processed-data/ase-files/dlpfc/phASER/R3628.vcf.gz
R3639	Br1463	Br1463	/projects/b1042/HEART-GeN-Lab/brainseq_data/bsp2_dlpfc/star-wasp/aligned_bams/R3639_Aligned.sortedByCoord.out.bam	/projects/b1213/resources/processed-data/ase-files/dlpfc/phASER/R3639.vcf.gz
R3645	Br873	Br0873	/projects/b1042/HEART-GeN-Lab/brainseq_data/bsp2_dlpfc/star-wasp/aligned_bams/R3645_Aligned.sortedByCoord.out.bam	/projects/b1213/resources/processed-data/ase-files/dlpfc/phASER/R3645.vcf.gz
R3646	Br891	Br0891	/projects/b1042/HEART-GeN-Lab/brainseq_data/bsp2_dlpfc/star-wasp/aligned_bams/R3646_Aligned.sortedByCoord.out.bam	/projects/b1213/resources/processed-data/ase-files/dlpfc/phASER/R3646.vcf.gz
R3650	Br1380	Br1380	/projects/b1042/HEART-GeN-Lab/brainseq_data/bsp2_dlpfc/star-wasp/aligned_bams/R3650_Aligned.sortedByCoord.out.bam	/projects/b1213/resources/processed-data/ase-files/dlpfc/phASER/R3650.vcf.gz
R3652	Br1490	Br1490	/projects/b1042/HEART-GeN-Lab/brainseq_data/bsp2_dlpfc/star-wasp/aligned_bams/R3652_Aligned.sortedByCoord.out.bam	/projects/b1213/resources/processed-data/ase-files/dlpfc/phASER/R3652.vcf.gz
R3660	Br1342	Br1342	/projects/b1042/HEART-GeN-Lab/brainseq_data/bsp2_dlpfc/star-wasp/aligned_bams/R3660_Aligned.sortedByCoord.out.bam	/projects/b1213/resources/processed-data/ase-files/dlpfc/phASER/R3660.vcf.gz
R3663	Br1435	Br1435	/projects/b1042/HEART-GeN-Lab/brainseq_data/bsp2_dlpfc/star-wasp/aligned_bams/R3663_Aligned.sortedByCoord.out.bam	/projects/b1213/resources/processed-data/ase-files/dlpfc/phASER/R3663.vcf.gz
R3666	Br1840	Br1840	/projects/b1042/HEART-GeN-Lab/brainseq_data/bsp2_dlpfc/star-wasp/aligned_bams/R3666_Aligned.sortedByCoord.out.bam	/projects/b1213/resources/processed-data/ase-files/dlpfc/phASER/R3666.vcf.gz
R3669	Br905	Br0905	/projects/b1042/HEART-GeN-Lab/brainseq_data/bsp2_dlpfc/star-wasp/aligned_bams/R3669_Aligned.sortedByCoord.out.bam	/projects/b1213/resources/processed-data/ase-files/dlpfc/phASER/R3669.vcf.gz
R3670	Br1016	Br1016	/projects/b1042/HEART-GeN-Lab/brainseq_data/bsp2_dlpfc/star-wasp/aligned_bams/R3670_Aligned.sortedByCoord.out.bam	/projects/b1213/resources/processed-data/ase-files/dlpfc/phASER/R3670.vcf.gz
R3683	Br1791	Br1791	/projects/b1042/HEART-GeN-Lab/brainseq_data/bsp2_dlpfc/star-wasp/aligned_bams/R3683_Aligned.sortedByCoord.out.bam	/projects/b1213/resources/processed-data/ase-files/dlpfc/phASER/R3683.vcf.gz
R3709	Br1800	Br1800	/projects/b1042/HEART-GeN-Lab/brainseq_data/bsp2_dlpfc/star-wasp/aligned_bams/R3709_Aligned.sortedByCoord.out.bam	/projects/b1213/resources/processed-data/ase-files/dlpfc/phASER/R3709.vcf.gz
R3715	Br1826	Br1826	/projects/b1042/HEART-GeN-Lab/brainseq_data/bsp2_dlpfc/star-wasp/aligned_bams/R3715_Aligned.sortedByCoord.out.bam	/projects/b1213/resources/processed-data/ase-files/dlpfc/phASER/R3715.vcf.gz
R3716	Br1873	Br1873	/projects/b1042/HEART-GeN-Lab/brainseq_data/bsp2_dlpfc/star-wasp/aligned_bams/R3716_Aligned.sortedByCoord.out.bam	/projects/b1213/resources/processed-data/ase-files/dlpfc/phASER/R3716.vcf.gz
R3765	Br1092	Br1092	/projects/b1042/HEART-GeN-Lab/brainseq_data/bsp2_dlpfc/star-wasp/aligned_bams/R3765_Aligned.sortedByCoord.out.bam	/projects/b1213/resources/processed-data/ase-files/dlpfc/phASER/R3765.vcf.gz
R3771	Br1750	Br1750	/projects/b1042/HEART-GeN-Lab/brainseq_data/bsp2_dlpfc/star-wasp/aligned_bams/R3771_Aligned.sortedByCoord.out.bam	/projects/b1213/resources/processed-data/ase-files/dlpfc/phASER/R3771.vcf.gz
R3774	Br1761	Br1761	/projects/b1042/HEART-GeN-Lab/brainseq_data/bsp2_dlpfc/star-wasp/aligned_bams/R3774_Aligned.sortedByCoord.out.bam	/projects/b1213/resources/processed-data/ase-files/dlpfc/phASER/R3774.vcf.gz
R3775	Br1942	Br1942	/projects/b1042/HEART-GeN-Lab/brainseq_data/bsp2_dlpfc/star-wasp/aligned_bams/R3775_Aligned.sortedByCoord.out.bam	/projects/b1213/resources/processed-data/ase-files/dlpfc/phASER/R3775.vcf.gz
R3875	Br1792	Br1792	/projects/b1042/HEART-GeN-Lab/brainseq_data/bsp2_dlpfc/star-wasp/aligned_bams/R3875_Aligned.sortedByCoord.out.bam	/projects/b1213/resources/processed-data/ase-files/dlpfc/phASER/R3875.vcf.gz
R3877	Br1804	Br1804	/projects/b1042/HEART-GeN-Lab/brainseq_data/bsp2_dlpfc/star-wasp/aligned_bams/R3877_Aligned.sortedByCoord.out.bam	/projects/b1213/resources/processed-data/ase-files/dlpfc/phASER/R3877.vcf.gz
R3878	Br1806	Br1806	/projects/b1042/HEART-GeN-Lab/brainseq_data/bsp2_dlpfc/star-wasp/aligned_bams/R3878_Aligned.sortedByCoord.out.bam	/projects/b1213/resources/processed-data/ase-files/dlpfc/phASER/R3878.vcf.gz
R3879	Br1808	Br1808	/projects/b1042/HEART-GeN-Lab/brainseq_data/bsp2_dlpfc/star-wasp/aligned_bams/R3879_Aligned.sortedByCoord.out.bam	/projects/b1213/resources/processed-data/ase-files/dlpfc/phASER/R3879.vcf.gz
R3880	Br1813	Br1813	/projects/b1042/HEART-GeN-Lab/brainseq_data/bsp2_dlpfc/star-wasp/aligned_bams/R3880_Aligned.sortedByCoord.out.bam	/projects/b1213/resources/processed-data/ase-files/dlpfc/phASER/R3880.vcf.gz
R3887	Br1250	Br1250	/projects/b1042/HEART-GeN-Lab/brainseq_data/bsp2_dlpfc/star-wasp/aligned_bams/R3887_Aligned.sortedByCoord.out.bam	/projects/b1213/resources/processed-data/ase-files/dlpfc/phASER/R3887.vcf.gz
R3888	Br858	Br0858	/projects/b1042/HEART-GeN-Lab/brainseq_data/bsp2_dlpfc/star-wasp/aligned_bams/R3888_Aligned.sortedByCoord.out.bam	/projects/b1213/resources/processed-data/ase-files/dlpfc/phASER/R3888.vcf.gz
R3891	Br1058	Br1058	/projects/b1042/HEART-GeN-Lab/brainseq_data/bsp2_dlpfc/star-wasp/aligned_bams/R3891_Aligned.sortedByCoord.out.bam	/projects/b1213/resources/processed-data/ase-files/dlpfc/phASER/R3891.vcf.gz
R3894	Br1405	Br1405	/projects/b1042/HEART-GeN-Lab/brainseq_data/bsp2_dlpfc/star-wasp/aligned_bams/R3894_Aligned.sortedByCoord.out.bam	/projects/b1213/resources/processed-data/ase-files/dlpfc/phASER/R3894.vcf.gz
R3895	Br1410	Br1410	/projects/b1042/HEART-GeN-Lab/brainseq_data/bsp2_dlpfc/star-wasp/aligned_bams/R3895_Aligned.sortedByCoord.out.bam	/projects/b1213/resources/processed-data/ase-files/dlpfc/phASER/R3895.vcf.gz
R3900	Br0653	Br0653	/projects/b1042/HEART-GeN-Lab/brainseq_data/bsp2_dlpfc/star-wasp/aligned_bams/R3900_Aligned.sortedByCoord.out.bam	/projects/b1213/resources/processed-data/ase-files/dlpfc/phASER/R3900.vcf.gz
R3901	Br827	Br0827	/projects/b1042/HEART-GeN-Lab/brainseq_data/bsp2_dlpfc/star-wasp/aligned_bams/R3901_Aligned.sortedByCoord.out.bam	/projects/b1213/resources/processed-data/ase-files/dlpfc/phASER/R3901.vcf.gz
R3907	Br1107	Br1107	/projects/b1042/HEART-GeN-Lab/brainseq_data/bsp2_dlpfc/star-wasp/aligned_bams/R3907_Aligned.sortedByCoord.out.bam	/projects/b1213/resources/processed-data/ase-files/dlpfc/phASER/R3907.vcf.gz
R3910	Br1453	Br1453	/projects/b1042/HEART-GeN-Lab/brainseq_data/bsp2_dlpfc/star-wasp/aligned_bams/R3910_Aligned.sortedByCoord.out.bam	/projects/b1213/resources/processed-data/ase-files/dlpfc/phASER/R3910.vcf.gz
R3912	Br1538	Br1538	/projects/b1042/HEART-GeN-Lab/brainseq_data/bsp2_dlpfc/star-wasp/aligned_bams/R3912_Aligned.sortedByCoord.out.bam	/projects/b1213/resources/processed-data/ase-files/dlpfc/phASER/R3912.vcf.gz
R3915	Br1848	Br1848	/projects/b1042/HEART-GeN-Lab/brainseq_data/bsp2_dlpfc/star-wasp/aligned_bams/R3915_Aligned.sortedByCoord.out.bam	/projects/b1213/resources/processed-data/ase-files/dlpfc/phASER/R3915.vcf.gz
R3921	Br0922	Br0922	/projects/b1042/HEART-GeN-Lab/brainseq_data/bsp2_dlpfc/star-wasp/aligned_bams/R3921_Aligned.sortedByCoord.out.bam	/projects/b1213/resources/processed-data/ase-files/dlpfc/phASER/R3921.vcf.gz
R3927	Br1179	Br1179	/projects/b1042/HEART-GeN-Lab/brainseq_data/bsp2_dlpfc/star-wasp/aligned_bams/R3927_Aligned.sortedByCoord.out.bam	/projects/b1213/resources/processed-data/ase-files/dlpfc/phASER/R3927.vcf.gz
R3929	Br1298	Br1298	/projects/b1042/HEART-GeN-Lab/brainseq_data/bsp2_dlpfc/star-wasp/aligned_bams/R3929_Aligned.sortedByCoord.out.bam	/projects/b1213/resources/processed-data/ase-files/dlpfc/phASER/R3929.vcf.gz
R3931	Br1340	Br1340	/projects/b1042/HEART-GeN-Lab/brainseq_data/bsp2_dlpfc/star-wasp/aligned_bams/R3931_Aligned.sortedByCoord.out.bam	/projects/b1213/resources/processed-data/ase-files/dlpfc/phASER/R3931.vcf.gz
R3932	Br1351	Br1351	/projects/b1042/HEART-GeN-Lab/brainseq_data/bsp2_dlpfc/star-wasp/aligned_bams/R3932_Aligned.sortedByCoord.out.bam	/projects/b1213/resources/processed-data/ase-files/dlpfc/phASER/R3932.vcf.gz
R3939	Br1556	Br1556	/projects/b1042/HEART-GeN-Lab/brainseq_data/bsp2_dlpfc/star-wasp/aligned_bams/R3939_Aligned.sortedByCoord.out.bam	/projects/b1213/resources/processed-data/ase-files/dlpfc/phASER/R3939.vcf.gz
R3944	Br1644	Br1644	/projects/b1042/HEART-GeN-Lab/brainseq_data/bsp2_dlpfc/star-wasp/aligned_bams/R3944_Aligned.sortedByCoord.out.bam	/projects/b1213/resources/processed-data/ase-files/dlpfc/phASER/R3944.vcf.gz
R3977	Br1700	Br1700	/projects/b1042/HEART-GeN-Lab/brainseq_data/bsp2_dlpfc/star-wasp/aligned_bams/R3977_Aligned.sortedByCoord.out.bam	/projects/b1213/resources/processed-data/ase-files/dlpfc/phASER/R3977.vcf.gz
R3978	Br1738	Br1738	/projects/b1042/HEART-GeN-Lab/brainseq_data/bsp2_dlpfc/star-wasp/aligned_bams/R3978_Aligned.sortedByCoord.out.bam	/projects/b1213/resources/processed-data/ase-files/dlpfc/phASER/R3978.vcf.gz
R3997	Br1610	Br1610	/projects/b1042/HEART-GeN-Lab/brainseq_data/bsp2_dlpfc/star-wasp/aligned_bams/R3997_Aligned.sortedByCoord.out.bam	/projects/b1213/resources/processed-data/ase-files/dlpfc/phASER/R3997.vcf.gz
R4005	Br1975	Br1975	/projects/b1042/HEART-GeN-Lab/brainseq_data/bsp2_dlpfc/star-wasp/aligned_bams/R4005_Aligned.sortedByCoord.out.bam	/projects/b1213/resources/processed-data/ase-files/dlpfc/phASER/R4005.vcf.gz
R4025	Br1691	Br1691	/projects/b1042/HEART-GeN-Lab/brainseq_data/bsp2_dlpfc/star-wasp/aligned_bams/R4025_Aligned.sortedByCoord.out.bam	/projects/b1213/resources/processed-data/ase-files/dlpfc/phASER/R4025.vcf.gz
R4028	Br1856	Br1856	/projects/b1042/HEART-GeN-Lab/brainseq_data/bsp2_dlpfc/star-wasp/aligned_bams/R4028_Aligned.sortedByCoord.out.bam	/projects/b1213/resources/processed-data/ase-files/dlpfc/phASER/R4028.vcf.gz
R4029	Br1865	Br1865	/projects/b1042/HEART-GeN-Lab/brainseq_data/bsp2_dlpfc/star-wasp/aligned_bams/R4029_Aligned.sortedByCoord.out.bam	/projects/b1213/resources/processed-data/ase-files/dlpfc/phASER/R4029.vcf.gz
R4043	Br1941	Br1941	/projects/b1042/HEART-GeN-Lab/brainseq_data/bsp2_dlpfc/star-wasp/aligned_bams/R4043_Aligned.sortedByCoord.out.bam	/projects/b1213/resources/processed-data/ase-files/dlpfc/phASER/R4043.vcf.gz
R4046	Br1979	Br1979	/projects/b1042/HEART-GeN-Lab/brainseq_data/bsp2_dlpfc/star-wasp/aligned_bams/R4046_Aligned.sortedByCoord.out.bam	/projects/b1213/resources/processed-data/ase-files/dlpfc/phASER/R4046.vcf.gz
R4047	Br1980	Br1980	/projects/b1042/HEART-GeN-Lab/brainseq_data/bsp2_dlpfc/star-wasp/aligned_bams/R4047_Aligned.sortedByCoord.out.bam	/projects/b1213/resources/processed-data/ase-files/dlpfc/phASER/R4047.vcf.gz
R4074	Br1985	Br1985	/projects/b1042/HEART-GeN-Lab/brainseq_data/bsp2_dlpfc/star-wasp/aligned_bams/R4074_Aligned.sortedByCoord.out.bam	/projects/b1213/resources/processed-data/ase-files/dlpfc/phASER/R4074.vcf.gz
R4107	Br1041	Br1041	/projects/b1042/HEART-GeN-Lab/brainseq_data/bsp2_dlpfc/star-wasp/aligned_bams/R4107_Aligned.sortedByCoord.out.bam	/projects/b1213/resources/processed-data/ase-files/dlpfc/phASER/R4107.vcf.gz
R4108	Br1320	Br1320	/projects/b1042/HEART-GeN-Lab/brainseq_data/bsp2_dlpfc/star-wasp/aligned_bams/R4108_Aligned.sortedByCoord.out.bam	/projects/b1213/resources/processed-data/ase-files/dlpfc/phASER/R4108.vcf.gz
R4109	Br1326	Br1326	/projects/b1042/HEART-GeN-Lab/brainseq_data/bsp2_dlpfc/star-wasp/aligned_bams/R4109_Aligned.sortedByCoord.out.bam	/projects/b1213/resources/processed-data/ase-files/dlpfc/phASER/R4109.vcf.gz
R4111	Br1418	Br1418	/projects/b1042/HEART-GeN-Lab/brainseq_data/bsp2_dlpfc/star-wasp/aligned_bams/R4111_Aligned.sortedByCoord.out.bam	/projects/b1213/resources/processed-data/ase-files/dlpfc/phASER/R4111.vcf.gz
R4114	Br1469	Br1469	/projects/b1042/HEART-GeN-Lab/brainseq_data/bsp2_dlpfc/star-wasp/aligned_bams/R4114_Aligned.sortedByCoord.out.bam	/projects/b1213/resources/processed-data/ase-files/dlpfc/phASER/R4114.vcf.gz
R4121	Br1552	Br1552	/projects/b1042/HEART-GeN-Lab/brainseq_data/bsp2_dlpfc/star-wasp/aligned_bams/R4121_Aligned.sortedByCoord.out.bam	/projects/b1213/resources/processed-data/ase-files/dlpfc/phASER/R4121.vcf.gz
R4162	Br1721	Br1721	/projects/b1042/HEART-GeN-Lab/brainseq_data/bsp2_dlpfc/star-wasp/aligned_bams/R4162_Aligned.sortedByCoord.out.bam	/projects/b1213/resources/processed-data/ase-files/dlpfc/phASER/R4162.vcf.gz
R4166	Br863	Br0863	/projects/b1042/HEART-GeN-Lab/brainseq_data/bsp2_dlpfc/star-wasp/aligned_bams/R4166_Aligned.sortedByCoord.out.bam	/projects/b1213/resources/processed-data/ase-files/dlpfc/phASER/R4166.vcf.gz
R4171	Br1346	Br1346	/projects/b1042/HEART-GeN-Lab/brainseq_data/bsp2_dlpfc/star-wasp/aligned_bams/R4171_Aligned.sortedByCoord.out.bam	/projects/b1213/resources/processed-data/ase-files/dlpfc/phASER/R4171.vcf.gz
R4177	Br848	Br0848	/projects/b1042/HEART-GeN-Lab/brainseq_data/bsp2_dlpfc/star-wasp/aligned_bams/R4177_Aligned.sortedByCoord.out.bam	/projects/b1213/resources/processed-data/ase-files/dlpfc/phASER/R4177.vcf.gz
R4179	Br991	Br0991	/projects/b1042/HEART-GeN-Lab/brainseq_data/bsp2_dlpfc/star-wasp/aligned_bams/R4179_Aligned.sortedByCoord.out.bam	/projects/b1213/resources/processed-data/ase-files/dlpfc/phASER/R4179.vcf.gz
R4181	Br1187	Br1187	/projects/b1042/HEART-GeN-Lab/brainseq_data/bsp2_dlpfc/star-wasp/aligned_bams/R4181_Aligned.sortedByCoord.out.bam	/projects/b1213/resources/processed-data/ase-files/dlpfc/phASER/R4181.vcf.gz
R4185	Br1553	Br1553	/projects/b1042/HEART-GeN-Lab/brainseq_data/bsp2_dlpfc/star-wasp/aligned_bams/R4185_Aligned.sortedByCoord.out.bam	/projects/b1213/resources/processed-data/ase-files/dlpfc/phASER/R4185.vcf.gz
R4194	Br1331	Br1331	/projects/b1042/HEART-GeN-Lab/brainseq_data/bsp2_dlpfc/star-wasp/aligned_bams/R4194_Aligned.sortedByCoord.out.bam	/projects/b1213/resources/processed-data/ase-files/dlpfc/phASER/R4194.vcf.gz
R4196	Br1412	Br1412	/projects/b1042/HEART-GeN-Lab/brainseq_data/bsp2_dlpfc/star-wasp/aligned_bams/R4196_Aligned.sortedByCoord.out.bam	/projects/b1213/resources/processed-data/ase-files/dlpfc/phASER/R4196.vcf.gz
R4200	Br1657	Br1657	/projects/b1042/HEART-GeN-Lab/brainseq_data/bsp2_dlpfc/star-wasp/aligned_bams/R4200_Aligned.sortedByCoord.out.bam	/projects/b1213/resources/processed-data/ase-files/dlpfc/phASER/R4200.vcf.gz
R4207	Br1517	Br1517	/projects/b1042/HEART-GeN-Lab/brainseq_data/bsp2_dlpfc/star-wasp/aligned_bams/R4207_Aligned.sortedByCoord.out.bam	/projects/b1213/resources/processed-data/ase-files/dlpfc/phASER/R4207.vcf.gz
R4222	Br1647	Br1647	/projects/b1042/HEART-GeN-Lab/brainseq_data/bsp2_dlpfc/star-wasp/aligned_bams/R4222_Aligned.sortedByCoord.out.bam	/projects/b1213/resources/processed-data/ase-files/dlpfc/phASER/R4222.vcf.gz
R4226	Br946	Br0946	/projects/b1042/HEART-GeN-Lab/brainseq_data/bsp2_dlpfc/star-wasp/aligned_bams/R4226_Aligned.sortedByCoord.out.bam	/projects/b1213/resources/processed-data/ase-files/dlpfc/phASER/R4226.vcf.gz
R4244	Br1526	Br1526	/projects/b1042/HEART-GeN-Lab/brainseq_data/bsp2_dlpfc/star-wasp/aligned_bams/R4244_Aligned.sortedByCoord.out.bam	/projects/b1213/resources/processed-data/ase-files/dlpfc/phASER/R4244.vcf.gz
R4251	Br1961	Br1961	/projects/b1042/HEART-GeN-Lab/brainseq_data/bsp2_dlpfc/star-wasp/aligned_bams/R4251_Aligned.sortedByCoord.out.bam	/projects/b1213/resources/processed-data/ase-files/dlpfc/phASER/R4251.vcf.gz
R4258	Br1968	Br1968	/projects/b1042/HEART-GeN-Lab/brainseq_data/bsp2_dlpfc/star-wasp/aligned_bams/R4258_Aligned.sortedByCoord.out.bam	/projects/b1213/resources/processed-data/ase-files/dlpfc/phASER/R4258.vcf.gz
R4269	Br1780	Br1780	/projects/b1042/HEART-GeN-Lab/brainseq_data/bsp2_dlpfc/star-wasp/aligned_bams/R4269_Aligned.sortedByCoord.out.bam	/projects/b1213/resources/processed-data/ase-files/dlpfc/phASER/R4269.vcf.gz
R4273	Br2192	Br2192	/projects/b1042/HEART-GeN-Lab/brainseq_data/bsp2_dlpfc/star-wasp/aligned_bams/R4273_Aligned.sortedByCoord.out.bam	/projects/b1213/resources/processed-data/ase-files/dlpfc/phASER/R4273.vcf.gz
R4279	Br2202	Br2202	/projects/b1042/HEART-GeN-Lab/brainseq_data/bsp2_dlpfc/star-wasp/aligned_bams/R4279_Aligned.sortedByCoord.out.bam	/projects/b1213/resources/processed-data/ase-files/dlpfc/phASER/R4279.vcf.gz
R4321	Br2097	Br2097	/projects/b1042/HEART-GeN-Lab/brainseq_data/bsp2_dlpfc/star-wasp/aligned_bams/R4321_Aligned.sortedByCoord.out.bam	/projects/b1213/resources/processed-data/ase-files/dlpfc/phASER/R4321.vcf.gz
R4337	Br2094	Br2094	/projects/b1042/HEART-GeN-Lab/brainseq_data/bsp2_dlpfc/star-wasp/aligned_bams/R4337_Aligned.sortedByCoord.out.bam	/projects/b1213/resources/processed-data/ase-files/dlpfc/phASER/R4337.vcf.gz
R4338	Br2096	Br2096	/projects/b1042/HEART-GeN-Lab/brainseq_data/bsp2_dlpfc/star-wasp/aligned_bams/R4338_Aligned.sortedByCoord.out.bam	/projects/b1213/resources/processed-data/ase-files/dlpfc/phASER/R4338.vcf.gz
R4339	Br2098	Br2098	/projects/b1042/HEART-GeN-Lab/brainseq_data/bsp2_dlpfc/star-wasp/aligned_bams/R4339_Aligned.sortedByCoord.out.bam	/projects/b1213/resources/processed-data/ase-files/dlpfc/phASER/R4339.vcf.gz
R4346	Br2212	Br2212	/projects/b1042/HEART-GeN-Lab/brainseq_data/bsp2_dlpfc/star-wasp/aligned_bams/R4346_Aligned.sortedByCoord.out.bam	/projects/b1213/resources/processed-data/ase-files/dlpfc/phASER/R4346.vcf.gz
R4351	Br2219	Br2219	/projects/b1042/HEART-GeN-Lab/brainseq_data/bsp2_dlpfc/star-wasp/aligned_bams/R4351_Aligned.sortedByCoord.out.bam	/projects/b1213/resources/processed-data/ase-files/dlpfc/phASER/R4351.vcf.gz
R4355	Br2214	Br2214	/projects/b1042/HEART-GeN-Lab/brainseq_data/bsp2_dlpfc/star-wasp/aligned_bams/R4355_Aligned.sortedByCoord.out.bam	/projects/b1213/resources/processed-data/ase-files/dlpfc/phASER/R4355.vcf.gz
R4357	Br2221	Br2221	/projects/b1042/HEART-GeN-Lab/brainseq_data/bsp2_dlpfc/star-wasp/aligned_bams/R4357_Aligned.sortedByCoord.out.bam	/projects/b1213/resources/processed-data/ase-files/dlpfc/phASER/R4357.vcf.gz
R4359	Br2223	Br2223	/projects/b1042/HEART-GeN-Lab/brainseq_data/bsp2_dlpfc/star-wasp/aligned_bams/R4359_Aligned.sortedByCoord.out.bam	/projects/b1213/resources/processed-data/ase-files/dlpfc/phASER/R4359.vcf.gz
R4364	Br2228	Br2228	/projects/b1042/HEART-GeN-Lab/brainseq_data/bsp2_dlpfc/star-wasp/aligned_bams/R4364_Aligned.sortedByCoord.out.bam	/projects/b1213/resources/processed-data/ase-files/dlpfc/phASER/R4364.vcf.gz
R4366	Br2236	Br2236	/projects/b1042/HEART-GeN-Lab/brainseq_data/bsp2_dlpfc/star-wasp/aligned_bams/R4366_Aligned.sortedByCoord.out.bam	/projects/b1213/resources/processed-data/ase-files/dlpfc/phASER/R4366.vcf.gz
R4367	Br2163	Br2163	/projects/b1042/HEART-GeN-Lab/brainseq_data/bsp2_dlpfc/star-wasp/aligned_bams/R4367_Aligned.sortedByCoord.out.bam	/projects/b1213/resources/processed-data/ase-files/dlpfc/phASER/R4367.vcf.gz
R4373	Br2186	Br2186	/projects/b1042/HEART-GeN-Lab/brainseq_data/bsp2_dlpfc/star-wasp/aligned_bams/R4373_Aligned.sortedByCoord.out.bam	/projects/b1213/resources/processed-data/ase-files/dlpfc/phASER/R4373.vcf.gz
R4381	Br2170	Br2170	/projects/b1042/HEART-GeN-Lab/brainseq_data/bsp2_dlpfc/star-wasp/aligned_bams/R4381_Aligned.sortedByCoord.out.bam	/projects/b1213/resources/processed-data/ase-files/dlpfc/phASER/R4381.vcf.gz
R4383	Br2177	Br2177	/projects/b1042/HEART-GeN-Lab/brainseq_data/bsp2_dlpfc/star-wasp/aligned_bams/R4383_Aligned.sortedByCoord.out.bam	/projects/b1213/resources/processed-data/ase-files/dlpfc/phASER/R4383.vcf.gz
R4384	Br2178	Br2178	/projects/b1042/HEART-GeN-Lab/brainseq_data/bsp2_dlpfc/star-wasp/aligned_bams/R4384_Aligned.sortedByCoord.out.bam	/projects/b1213/resources/processed-data/ase-files/dlpfc/phASER/R4384.vcf.gz
R4386	Br2180	Br2180	/projects/b1042/HEART-GeN-Lab/brainseq_data/bsp2_dlpfc/star-wasp/aligned_bams/R4386_Aligned.sortedByCoord.out.bam	/projects/b1213/resources/processed-data/ase-files/dlpfc/phASER/R4386.vcf.gz
R4387	Br2183	Br2183	/projects/b1042/HEART-GeN-Lab/brainseq_data/bsp2_dlpfc/star-wasp/aligned_bams/R4387_Aligned.sortedByCoord.out.bam	/projects/b1213/resources/processed-data/ase-files/dlpfc/phASER/R4387.vcf.gz
R4388	Br2184	Br2184	/projects/b1042/HEART-GeN-Lab/brainseq_data/bsp2_dlpfc/star-wasp/aligned_bams/R4388_Aligned.sortedByCoord.out.bam	/projects/b1213/resources/processed-data/ase-files/dlpfc/phASER/R4388.vcf.gz
R4393	Br2146	Br2146	/projects/b1042/HEART-GeN-Lab/brainseq_data/bsp2_dlpfc/star-wasp/aligned_bams/R4393_Aligned.sortedByCoord.out.bam	/projects/b1213/resources/processed-data/ase-files/dlpfc/phASER/R4393.vcf.gz
R4407	Br2148	Br2148	/projects/b1042/HEART-GeN-Lab/brainseq_data/bsp2_dlpfc/star-wasp/aligned_bams/R4407_Aligned.sortedByCoord.out.bam	/projects/b1213/resources/processed-data/ase-files/dlpfc/phASER/R4407.vcf.gz
R4414	Br2160	Br2160	/projects/b1042/HEART-GeN-Lab/brainseq_data/bsp2_dlpfc/star-wasp/aligned_bams/R4414_Aligned.sortedByCoord.out.bam	/projects/b1213/resources/processed-data/ase-files/dlpfc/phASER/R4414.vcf.gz
R4417	Br2144	Br2144	/projects/b1042/HEART-GeN-Lab/brainseq_data/bsp2_dlpfc/star-wasp/aligned_bams/R4417_Aligned.sortedByCoord.out.bam	/projects/b1213/resources/processed-data/ase-files/dlpfc/phASER/R4417.vcf.gz
R4706	Br2048	Br2048	/projects/b1042/HEART-GeN-Lab/brainseq_data/bsp2_dlpfc/star-wasp/aligned_bams/R4706_Aligned.sortedByCoord.out.bam	/projects/b1213/resources/processed-data/ase-files/dlpfc/phASER/R4706.vcf.gz
R4707	Br2049	Br2049	/projects/b1042/HEART-GeN-Lab/brainseq_data/bsp2_dlpfc/star-wasp/aligned_bams/R4707_Aligned.sortedByCoord.out.bam	/projects/b1213/resources/processed-data/ase-files/dlpfc/phASER/R4707.vcf.gz
R4708	Br2050	Br2050	/projects/b1042/HEART-GeN-Lab/brainseq_data/bsp2_dlpfc/star-wasp/aligned_bams/R4708_Aligned.sortedByCoord.out.bam	/projects/b1213/resources/processed-data/ase-files/dlpfc/phASER/R4708.vcf.gz
R5597	Br2020	Br2020	/projects/b1042/HEART-GeN-Lab/brainseq_data/bsp2_dlpfc/star-wasp/aligned_bams/R5597_Aligned.sortedByCoord.out.bam	/projects/b1213/resources/processed-data/ase-files/dlpfc/phASER/R5597.vcf.gz
R5600	Br2038	Br2038	/projects/b1042/HEART-GeN-Lab/brainseq_data/bsp2_dlpfc/star-wasp/aligned_bams/R5600_Aligned.sortedByCoord.out.bam	/projects/b1213/resources/processed-data/ase-files/dlpfc/phASER/R5600.vcf.gz
R5608	Br1946	Br1946	/projects/b1042/HEART-GeN-Lab/brainseq_data/bsp2_dlpfc/star-wasp/aligned_bams/R5608_Aligned.sortedByCoord.out.bam	/projects/b1213/resources/processed-data/ase-files/dlpfc/phASER/R5608.vcf.gz
R5618	Br1912	Br1912	/projects/b1042/HEART-GeN-Lab/brainseq_data/bsp2_dlpfc/star-wasp/aligned_bams/R5618_Aligned.sortedByCoord.out.bam	/projects/b1213/resources/processed-data/ase-files/dlpfc/phASER/R5618.vcf.gz
R5622	Br2046	Br2046	/projects/b1042/HEART-GeN-Lab/brainseq_data/bsp2_dlpfc/star-wasp/aligned_bams/R5622_Aligned.sortedByCoord.out.bam	/projects/b1213/resources/processed-data/ase-files/dlpfc/phASER/R5622.vcf.gz
R5623	Br2074	Br2074	/projects/b1042/HEART-GeN-Lab/brainseq_data/bsp2_dlpfc/star-wasp/aligned_bams/R5623_Aligned.sortedByCoord.out.bam	/projects/b1213/resources/processed-data/ase-files/dlpfc/phASER/R5623.vcf.gz
R5743	Br2266	Br2266	/projects/b1042/HEART-GeN-Lab/brainseq_data/bsp2_dlpfc/star-wasp/aligned_bams/R5743_Aligned.sortedByCoord.out.bam	/projects/b1213/resources/processed-data/ase-files/dlpfc/phASER/R5743.vcf.gz
R5747	Br2276	Br2276	/projects/b1042/HEART-GeN-Lab/brainseq_data/bsp2_dlpfc/star-wasp/aligned_bams/R5747_Aligned.sortedByCoord.out.bam	/projects/b1213/resources/processed-data/ase-files/dlpfc/phASER/R5747.vcf.gz
R5785	Br2397	Br2397	/projects/b1042/HEART-GeN-Lab/brainseq_data/bsp2_dlpfc/star-wasp/aligned_bams/R5785_Aligned.sortedByCoord.out.bam	/projects/b1213/resources/processed-data/ase-files/dlpfc/phASER/R5785.vcf.gz
R5810	Br2412	Br2412	/projects/b1042/HEART-GeN-Lab/brainseq_data/bsp2_dlpfc/star-wasp/aligned_bams/R5810_Aligned.sortedByCoord.out.bam	/projects/b1213/resources/processed-data/ase-files/dlpfc/phASER/R5810.vcf.gz
R5815	Br2415	Br2415	/projects/b1042/HEART-GeN-Lab/brainseq_data/bsp2_dlpfc/star-wasp/aligned_bams/R5815_Aligned.sortedByCoord.out.bam	/projects/b1213/resources/processed-data/ase-files/dlpfc/phASER/R5815.vcf.gz
R5824	Br1874	Br1874	/projects/b1042/HEART-GeN-Lab/brainseq_data/bsp2_dlpfc/star-wasp/aligned_bams/R5824_Aligned.sortedByCoord.out.bam	/projects/b1213/resources/processed-data/ase-files/dlpfc/phASER/R5824.vcf.gz
R5848	Br887	Br0887	/projects/b1042/HEART-GeN-Lab/brainseq_data/bsp2_dlpfc/star-wasp/aligned_bams/R5848_Aligned.sortedByCoord.out.bam	/projects/b1213/resources/processed-data/ase-files/dlpfc/phASER/R5848.vcf.gz
R5853	Br1385	Br1385	/projects/b1042/HEART-GeN-Lab/brainseq_data/bsp2_dlpfc/star-wasp/aligned_bams/R5853_Aligned.sortedByCoord.out.bam	/projects/b1213/resources/processed-data/ase-files/dlpfc/phASER/R5853.vcf.gz
R5859	Br1563	Br1563	/projects/b1042/HEART-GeN-Lab/brainseq_data/bsp2_dlpfc/star-wasp/aligned_bams/R5859_Aligned.sortedByCoord.out.bam	/projects/b1213/resources/processed-data/ase-files/dlpfc/phASER/R5859.vcf.gz
R5861	Br1122	Br1122	/projects/b1042/HEART-GeN-Lab/brainseq_data/bsp2_dlpfc/star-wasp/aligned_bams/R5861_Aligned.sortedByCoord.out.bam	/projects/b1213/resources/processed-data/ase-files/dlpfc/phASER/R5861.vcf.gz
R5863	Br1193	Br1193	/projects/b1042/HEART-GeN-Lab/brainseq_data/bsp2_dlpfc/star-wasp/aligned_bams/R5863_Aligned.sortedByCoord.out.bam	/projects/b1213/resources/processed-data/ase-files/dlpfc/phASER/R5863.vcf.gz
R5865	Br1325	Br1325	/projects/b1042/HEART-GeN-Lab/brainseq_data/bsp2_dlpfc/star-wasp/aligned_bams/R5865_Aligned.sortedByCoord.out.bam	/projects/b1213/resources/processed-data/ase-files/dlpfc/phASER/R5865.vcf.gz
R5868	Br1722	Br1722	/projects/b1042/HEART-GeN-Lab/brainseq_data/bsp2_dlpfc/star-wasp/aligned_bams/R5868_Aligned.sortedByCoord.out.bam	/projects/b1213/resources/processed-data/ase-files/dlpfc/phASER/R5868.vcf.gz
R5871	Br1880	Br1880	/projects/b1042/HEART-GeN-Lab/brainseq_data/bsp2_dlpfc/star-wasp/aligned_bams/R5871_Aligned.sortedByCoord.out.bam	/projects/b1213/resources/processed-data/ase-files/dlpfc/phASER/R5871.vcf.gz
R5885	Br1384	Br1384	/projects/b1042/HEART-GeN-Lab/brainseq_data/bsp2_dlpfc/star-wasp/aligned_bams/R5885_Aligned.sortedByCoord.out.bam	/projects/b1213/resources/processed-data/ase-files/dlpfc/phASER/R5885.vcf.gz
R5905	Br2194	Br2194	/projects/b1042/HEART-GeN-Lab/brainseq_data/bsp2_dlpfc/star-wasp/aligned_bams/R5905_Aligned.sortedByCoord.out.bam	/projects/b1213/resources/processed-data/ase-files/dlpfc/phASER/R5905.vcf.gz
R6530	Br2073	Br2073	/projects/b1042/HEART-GeN-Lab/brainseq_data/bsp2_dlpfc/star-wasp/aligned_bams/R6530_Aligned.sortedByCoord.out.bam	/projects/b1213/resources/processed-data/ase-files/dlpfc/phASER/R6530.vcf.gz
R6531	Br2075	Br2075	/projects/b1042/HEART-GeN-Lab/brainseq_data/bsp2_dlpfc/star-wasp/aligned_bams/R6531_Aligned.sortedByCoord.out.bam	/projects/b1213/resources/processed-data/ase-files/dlpfc/phASER/R6531.vcf.gz
R6532	Br2291	Br2291	/projects/b1042/HEART-GeN-Lab/brainseq_data/bsp2_dlpfc/star-wasp/aligned_bams/R6532_Aligned.sortedByCoord.out.bam	/projects/b1213/resources/processed-data/ase-files/dlpfc/phASER/R6532.vcf.gz
R6533	Br2298	Br2298	/projects/b1042/HEART-GeN-Lab/brainseq_data/bsp2_dlpfc/star-wasp/aligned_bams/R6533_Aligned.sortedByCoord.out.bam	/projects/b1213/resources/processed-data/ase-files/dlpfc/phASER/R6533.vcf.gz
R6534	Br2346	Br2346	/projects/b1042/HEART-GeN-Lab/brainseq_data/bsp2_dlpfc/star-wasp/aligned_bams/R6534_Aligned.sortedByCoord.out.bam	/projects/b1213/resources/processed-data/ase-files/dlpfc/phASER/R6534.vcf.gz
R6535	Br2351	Br2351	/projects/b1042/HEART-GeN-Lab/brainseq_data/bsp2_dlpfc/star-wasp/aligned_bams/R6535_Aligned.sortedByCoord.out.bam	/projects/b1213/resources/processed-data/ase-files/dlpfc/phASER/R6535.vcf.gz
R6572	Br2313	Br2313	/projects/b1042/HEART-GeN-Lab/brainseq_data/bsp2_dlpfc/star-wasp/aligned_bams/R6572_Aligned.sortedByCoord.out.bam	/projects/b1213/resources/processed-data/ase-files/dlpfc/phASER/R6572.vcf.gz
R6574	Br2337	Br2337	/projects/b1042/HEART-GeN-Lab/brainseq_data/bsp2_dlpfc/star-wasp/aligned_bams/R6574_Aligned.sortedByCoord.out.bam	/projects/b1213/resources/processed-data/ase-files/dlpfc/phASER/R6574.vcf.gz
R6576	Br2345	Br2345	/projects/b1042/HEART-GeN-Lab/brainseq_data/bsp2_dlpfc/star-wasp/aligned_bams/R6576_Aligned.sortedByCoord.out.bam	/projects/b1213/resources/processed-data/ase-files/dlpfc/phASER/R6576.vcf.gz
R6577	Br2348	Br2348	/projects/b1042/HEART-GeN-Lab/brainseq_data/bsp2_dlpfc/star-wasp/aligned_bams/R6577_Aligned.sortedByCoord.out.bam	/projects/b1213/resources/processed-data/ase-files/dlpfc/phASER/R6577.vcf.gz
R6578	Br2421	Br2421	/projects/b1042/HEART-GeN-Lab/brainseq_data/bsp2_dlpfc/star-wasp/aligned_bams/R6578_Aligned.sortedByCoord.out.bam	/projects/b1213/resources/processed-data/ase-files/dlpfc/phASER/R6578.vcf.gz
R6579	Br2423	Br2423	/projects/b1042/HEART-GeN-Lab/brainseq_data/bsp2_dlpfc/star-wasp/aligned_bams/R6579_Aligned.sortedByCoord.out.bam	/projects/b1213/resources/processed-data/ase-files/dlpfc/phASER/R6579.vcf.gz
