gtex__amygdala__M000	29916	56603	6542	23129	5965	3980	81691	5577	3675	57157	51265	5048	3720	1951	29954	51533	23166	2534	55727	54476	54443	933	5010	55703	9604	440193	27032	477	23187	4331	9369	57210	57476	11171	11231	4285	5583	7133	55591	56052	57554	2530	25897	55773	9099	7204	1008	5685	54884	1495	5256	9734	10659	23196	4052	81037	23327	9603	80143	55761	23105	51742	23095	23201	23118	58508	55283	51663	5318	57095	493	65125	23504	1431	63916	124925	3029	55726	8625	55711	5378	23536	23013	55248	51665	1496	27107	9950	10565	9650	4756	7132	7813	5590	89795	57595	9759	80347	4205	24140	57217	5837	10060	10681	4040	54916	8218	9993	79364	23210	26986	26031	9948	537	28951	53615	5566	22859	51095	6793	2121	83642	10979	6480	1207	55421	11343	59277	51175	23151	27332	29090	5250	2355	27091	285527	6624	1739	22920	25930	113235	88455	83992	10529	5289	57103	8871	2782	117	4898	6507	8556	29843	4983	1785	2037	8417	8671	6595	22839	260425	65985	9812	56113	9689	55322	905	4779	2932	3693	23033	9706	3842	10325	2195	56910	200081	790	57531	22911	29957	5243	8895	4528	23259	2060	55624	23139	27292	51194	8898	4313	10992	51290	55616	8550	9962	84678	10961	55760	8425	6548	10558	51324	10795	27327	114882	4897	11069	54890	83394	51310	11198	825	51430	4214	372	79956	8829	5442	421	200312	23384	23481	55964	4627	8664	23313	114088	10668	10490	2954	9786	23002	22938	3705	9894	9252	394	9837	51098	57446	6789	80331	5332	9777	26051	9218	8731	8780	10857	5422	10735	340554	3750	2332	56062	10916	27286	3356	54602	80777	79918	79152	83693	9100	8140	79791	6650	124454	23062	9738	79719	123263	57722	64927	80381	25963	7082	79848	1666	6422	9694	6713	7991	51231	93145	10994	8725	11100	79784	8775	1954	54922	54531	30000	23080	26959	22797	8887	84725	7586	8662	5803	8985	113263	54664	4232	7458	158471	203	57589	7016	2889	320	23268	5599	219699	10367	9562	81855	57584	22849	64077	23185	219771	9110	4591	9400	55813	40	4355	64750	1845	5957	54940	8649	4126	51166	7468	2743	83891	91057	7704	7007	6309	23130	9828	22897	329	867	6506	29099	11234	2965	10536	8496	217	2054	5869	2597	23074	8078	2026	4739	79632	135112	1871	9439	10767	7957	55754	57666	4124	3157	10902	23530	1007	8622	4437	900	5515	2246	2908	80006	79770	5917	23286	1809	57222	10051	7029	590	8087	64689	25981	6787	55683	57669	9595	64135	7841	57142	55704	10314	55818	79954	10153	23683	1615	2034	2043	23341	4139	7143	79906	127428	3749	80267	127544	54856	9181	3953	6738	23046	4811	51440	4548	10765	6675	79033	8503	1810	2152	58155	23443	3925	8289	1509	4297	83479	9331	4033	23120	9789	27145	9994	26234	103910	5918	64747	894	7320	9414	5887	6418	26147	79109	84878	56252	51077	9870	57862	10936	54454	29094	4601	10285	26123	55717	79591	440073	10808	29880	51780	7181	317	10174	64786	576	114784	92	11155	5395	989	80820	55975	30010	84668	11328	48	11113	28981	23389	8082	5585	540	57486	4035	262	29078	57826	2181	90203	57580	6431	10564	5105	23326	7596	57510	57699	55831	23019	7270	84172	8192	5469	63908	128637	56926	10236	11190	8242	826	10054	51119	117154	3895	55288	55906	79717	5322	23352	23030	10142	8910	10606	23780	9732	222256	4289	8924	57705	90417	54832	23022	3746	1635	1032	84962	7011	9459	79709	10844	3911	23211	56342	54897	7317	126299	7700	10487	23473	64145	7691	90379	84034	23167	23277	85013	64208	27183	22903	9826	29958	10207	10208	1024	23164	254428	123811	23037	90956	694	3845	9811	10752	89978	6272	5738	4853	57498	9475	129607	84893	80763	4038	9698	747	337867	11095	23670	23287	8728	84749	84900	1840	50640	57231	167691	55226	10956	54806	5570	2799	4193	54583	9857	9654	9470	375248	1102	3936	9805	64759	28988	83605	80727	10241	51204	10238	6434	2058	51133	26750	84317	23392	9314	64855	2800	55833	152006	55667	63971	2766	93643	6941	9656	51439	54843	84811	5962	440279	79811	204962	11117	953	54536	22891	471	9360	6744	26035	5593	84162	5910	27163	950	144402	53919	121260	9818	283537	6601	60314	23344	5925	376267	81614	9990	10169	2108	5428	463	221184	2653	23174	9611	55275	54828	6875	2774	55197	114876	4864	114804	56270	494470	5596	10907	5211	1291	126374	23521	473	3339	26135	22823	1952	481	64326	5546	81875	81609	5298	81611	29956	55061	9898	3608	2590	79573	1130	142	27436	51542	23020	94097	23190	151194	85403	26018	22989	10840	9353	8893	81608	57205	493856	92345	10299	5921	153830	26249	54511	221322	154214	57583	9202	357	6567	55086	526	79618	51312	6867	29967	4781	26267	84131	54886	25792	9919	254427	80013	221074	6935	2746	57689	10480	85456	84364	10658	6188	26007	9219	22866	23284	27250	2823	5805	121551	9231	152485	5281	54842	6868	80014	60485	51594	79750	130074	120534	498	5163	127933	255967	285313	4154	133686	23171	2697	85445	51351	3140	51061	5903	25909	10461	5937	6328	50807	79888	154043	221895	3773	9320	252969	91694	728577	51560	81552	221264	51582	51633	23097	29761	65983	6566	23367	23165	130535	65062	114	90550	91748	29104	7102	7074	23552	6832	159090	1915	25921	60685	23522	9941	9372	6529	3084	415	132949	4643	139221	257397	124565	8764	22808	26053	340348	9753	65018	56990	2035	6651	149473	23515	11189	57519	9813	29	9619	54020	8566	23387	60680	55324	221496	58191	124222	57190	91624	2634	115361	178	10092	23385	148362	3760	10611	23248	10602	84142	57326	55249	285203	476	7203	5584	23001	57406	84343	54861	79443	8314	26043	133308	51385	5364	80335	79884	54726	90826	25836	133619	202333	167153	134510	10412	84340	10370	222962	5828	5885	26173	25962	91147	9897	51271	11244	57526	65083	143279	51585	9147	8559	169714	7248	6297	85459	11245	83700	84706	2200	9221	221120	6609	159195	6764	144100	113201	9665	374654	54893	4088	4130	10999	1398	23102	6786	64359	283987	21	1642	6520	3921	55788	3800	54899	115294	7148	203190	157638	134218	255743	10098	85476	4204	367	25849	23099	23214	4330	8706	284004	9079	163590	51621	65988	1107	84640	2720	166614	5209	23204	143425	79145	84864	79188	203062	4534	27094	29071	118812	203245	55863	3752	27115	22883	10243	596	4300	361	10231	4299	3054	10125	79612	283848	23491	8824	10777	111	54625	91749	91683	49854	4296	64801	5797	257364	1106	163049	27333	126074	10594	23612	253959	389524	158038	55196	10897	170506	92369	5708	4023	387787	51642	146691	285489	84747	116068	9807	6051	9699	205717	9632	80205	347862	3737	253461	7182	79718	28976	222183	56975	253639	259173	114798	196403	23512	57184	124989	5198	7284	127254	124904701	160335	5781	3119	10472	727957	284023	9378	157695	222166	53637	253832	118442	25994	205428	10193	134553	55228	30820	23641	2131	7325	338707	23236	7267	51335	28970	162967	124976	164684	29119	754	9802	219621	2275	51118	253143	55243	131675794	8663	5101	5463	253769	340542	9968	752	286256	6092	56899	149175	64409	25840	9899	6667	399694	4733	286183	23299	220107	150763	4675	3638	7328	53373	5465	375612	1282	9742	342977	125704	126432	285180	5359	54914	1121	57186	6613	340277	147694	388336	339287	642938	26155	23450	50859	79633	57573	487	3376	165679	6925	51399	100287569	112479	4763	64771	57730	2316	57181	170384	388566	27044	10438	23061	25959	8831	104	26037	23556	6709	5253	6884	85236	23230	5557	57209	777	11325	10724	147949	7594	285989	27347	9652	10479	22834	9578	25829	4860	283489	22876	9909	7150	6721	51490	9755	9848	7052	9867	286411	148418	3633	65979	84243	6015	3304	3303	7916	90233	83538	444882	400553	149837	5150	100144603	3823	10921	131965	246181	338799	84986	339210	51400	64506	400954	340267	440270	64601	388815	55628	100506302	375190	5520	6293	642852	101927027	285954	100505996	221710	554203	100506474	65010	101928118	440078	56967	100287225	441072	285962	114796	201229	100996590	100507261	101929372	439949	101927248	10432	158	102723430	5098	57026	727956	8420	128977	23089	347689	56134	154881	100132247	10137	7335	720	386627	101929595	645323	283131	286189	162972	55000	5591	400046	100506649	100287944	51750	283624	6038	100130855	283932	100128881	100128822	283887	400612	57597	108783654	100505549	149013	84548	101929243	100129550	101060684	57223	31	107984345	107986669	84726	654466
gtex__amygdala__M001	23072	3927	23028	84254	7982	55904	5164	10368	4293	55750	3475	9912	60528	115098	9703	4145	8938	6853	6792	57172	23221	54497	9690	5081	51085	10048	11188	3423	5646	6534	26993	9066	58525	2556	55148	30845	57709	57586	2554	51022	25901	51230	23633	8635	8498	535	321	159	26009	27175	9765	5874	1175	7504	55885	23518	84321	54477	5798	84957	114800	5218	5923	5662	55359	2983	10513	770	51768	23534	54929	3735	55633	55854	6416	1994	6857	3421	492	5165	55593	4943	65055	3796	5526	55737	8514	483	6710	4335	10947	114049	6720	1400	54847	4185	8726	6620	51495	26034	3785	119	4140	7879	9733	10615	51412	5063	88	4133	9063	273	3093	7419	54472	3991	2222	5019	84273	57613	51729	3797	22996	55054	27102	54749	51701	2775	57544	57542	2778	10059	339175	8570	2767	2036	1795	8455	22895	1114	9843	29965	8079	25977	10726	29888	8646	9727	57106	1738	23335	2271	22861	9552	84502	54822	7301	1808	10762	1312	23468	29911	54566	7093	28978	3326	988	11332	22931	55506	5714	54620	112755	4507	29801	84861	1399	29799	5594	157	402055	51386	4809	9701	6305	23170	23492	9145	8897	54471	5905	23264	27351	2287	5706	51382	283578	4522	5693	84312	140730	5688	4923	55738	1917	8760	81502	9751	128866	191	84557	57136	8715	5634	6855	5931	9016	8266	83692	8237	2245	64840	5935	56271	8428	3839	5257	23090	5432	5713	10273	51760	9810	8120	23312	171177	57617	5157	54928	5327	56704	3646	11075	66036	4741	427	3191	1209	64130	284352	55011	57030	22870	2821	208	23646	79187	25999	7087	64748	5518	59284	22983	3780	5296	5864	25789	136319	64327	2887	6804	2617	8976	1174	27075	55069	3984	10927	727	4969	23189	23413	57582	6456	20	54926	1855	26033	5532	9148	8030	9211	28964	5709	8506	84687	9343	3131	1949	55161	5602	23158	57620	27087	4013	55291	27339	887	1656	25758	8050	55531	11108	41	9761	10645	506	56341	8914	7167	55907	11021	51020	7164	9750	221692	10486	8936	60682	55084	84498	26054	59084	55914	23107	3156	10087	55819	7265	2566	10007	93973	604	55186	11334	54946	523	10289	8745	10120	29959	9784	5136	83444	23301	80219	3069	5510	10494	55041	26003	9167	22848	10056	27101	9917	26038	4985	6723	9887	10745	127700	9783	57576	6513	2166	23215	8674	9890	114883	6794	6543	6785	81573	118427	25782	5537	92400	57706	64207	57718	54812	2805	84918	5110	56243	400	1191	2185	64236	23435	8161	10237	55269	9479	2170	51193	3208	57179	1314	83637	11335	3181	644150	29960	55234	23349	170685	9559	26994	11059	5153	23583	10376	9643	51209	51604	5335	78997	57403	6780	5184	29993	116138	51299	7913	2806	84899	79085	2962	57187	6253	8189	27111	56255	6238	5126	10893	83658	3831	58506	5582	10245	22890	8021	5605	3188	51309	59353	64768	79575	5300	23309	9143	9088	146330	7277	85378	57168	7533	9296	64101	10651	6638	8854	10776	7905	6861	23039	9667	51429	51250	83861	4142	4301	23025	25830	10439	157922	445	4294	57470	7776	22927	529	51132	7187	9779	3748	10197	80762	60412	10948	8799	83636	5894	51318	5901	23108	5176	23558	4147	2319	6616	128434	10955	6860	51761	23281	2835	9201	57511	84707	55859	55643	10313	84246	23608	84332	9645	51669	78986	23508	25917	55207	7482	10717	8774	377	4677	57614	902	85004	8933	8565	51361	22873	29979	6733	80759	10492	55122	967	27165	116986	23017	9053	80003	2752	51719	80705	50649	10154	5100	9882	9445	6326	10716	274	8027	6812	1317	9568	5695	79139	116113	7280	5547	53826	23005	54839	3706	54874	8634	85465	87178	10097	80204	10128	10121	403	310	51008	79800	29789	10152	55032	90525	9908	55752	23162	85352	23710	9746	84934	7786	64062	84530	4857	6252	83851	85455	49855	7168	1039	10300	1009	22980	8533	50488	3607	54808	60681	90378	6455	57410	757	207	59283	5694	51070	5195	127703	79932	54707	23038	126969	261726	9213	4170	2029	65005	8751	51097	375	5899	79137	57574	80852	2803	10550	9711	9515	2044	817	287	285533	10769	5066	2561	23138	10814	153527	22838	84553	113130	4191	30011	55869	9203	114569	80142	114789	56623	818	9118	92170	84280	8525	9177	4863	60496	9651	6327	84866	5531	1740	1737	57512	7068	114134	10873	83643	132321	2059	29087	112936	143187	143384	7073	144423	460	130733	9456	814	5213	115827	152789	3192	5789	10428	116150	26289	135154	57338	56172	9868	7345	518	8470	27342	80028	528	64210	55361	2890	134353	10670	92370	116442	23362	3788	57497	9530	375323	23057	491	6854	23648	55799	145773	203197	9478	10239	26100	2134	64084	8450	3745	2039	84134	9900	65264	8208	5710	23400	84303	9114	808	55108	203547	4047	10444	9159	1141	55129	9673	56893	8878	1857	1173	114757	50944	160622	51728	22941	2785	79699	553115	55450	64123	127002	8682	79762	347730	3754	151354	150726	7447	388695	92703	10109	201595	166336	64419	54585	113444	5437	59343	84448	23173	10424	8927	79012	2912	9348	23379	94081	22853	1508	107	55074	1020	7534	54704	54769	79698	84302	26130	7415	30968	283209	402381	23172	3251	57447	5702	64112	3747	55530	55662	84936	654429	1152	10576	8065	143570	222865	7184	10904	9640	164	89927	124491	89797	84516	54386	7529	2923	129049	51704	7644	146713	112476	126298	10653	90522	85300	1938	10501	51031	90990	84926	6730	64223	57524	26580	956	5871	5049	4992	3761	149603	7266	359948	9796	1128	2675	8754	27065	3354	10116	84632	5865	10636	114787	8988	25942	200894	5747	5093	64118	3185	1501	9185	9758	7532	9283	51617	143162	55890	222008	160518	4862	164832	5272	55669	5581	219738	4884	283742	3777	84287	283455	8941	5356	8507	6919	170394	11346	115196	2596	253152	114900	10248	8801	64137	9915	1072	80011	283985	1717	26960	156	22885	79834	51134	1964	9804	57495	5306	488	55055	10302	170261	26047	148808	7368	11041	9610	81876	26470	80124	22843	10540	56675	219749	1212	64770	79772	10458	200407	126792	55254	339344	163126	126272	84277	148252	8851	10409	55884	9240	345778	284716	11253	3738	64110	125170	266812	51046	79751	401474	79605	387856	55152	205147	25970	5339	441151	63917	6879	79415	399668	55030	2193	79730	23302	23241	220202	7710	22864	118672	401097	400120	1132	23513	23510	23760	100287171	9625	79673	3418	10159	2567	8905	122553	23265	4692	50614	2130	9112	161	57118	2842	126567	80164	9403	284656	2903	388121	23466	386617	8508	3786	5504	283871	256714	645974	26039	1850	340061	5413	6612	140597	255275	387263	266722	126282	10336	8224	399947	80333	527	146760	84871	84937	345079	340529	23621	260293	4674	401190	23040	613	758	349667	23270	11261	7874	94107	2563	10507	284677	29978	65998	51463	375790	5575	390927	345630	389073	375567	149297	25920	5649	9516	51155	401994	7259	400745	203068	6829	1604	131034	8295	55190	51434	399687	4122	55966	55684	961	343990	10447	199704	644596	309	4097	85379	388662	51703	23507	84435	3064	50861	142678	1675	54557	81553	28512	140885	337876	439	444	2673	9747	221477	801	55705	124930	116443	192683	9722	57692	375057	2664	221424	340543	158931	53344	80863	7936	4758	57469	84912	55366	6643	25851	51451	220164	57194	201475	114786	84258	10962	3672	57128	387804	137886	134111	729515	56900	6844	5534	91584	1159	3115	721	400765	107985820	100996635	102724593	84968	339400	91368	4830	51373	10687	10552	398	11230	10443	654790	100507043	85358	552889	57132	105370015	26065	10381	29890	23732	103344931	644242	100507421	106456574	5175	100507050	83482	100505576	140735	80755	56936	147670	375196	112398	152217	728841	338758	284615	11165	2904	112441426	6880	8396	110806277	4747	6753	84311	283267	359809	113523639	101929748	122319436	441666	1556	728554
gtex__amygdala__M002	889	4074	7035	23098	10180	55610	115703	10943	114881	64847	2115	90273	5080	9254	9091	29116	9043	9862	7095	7812	9031	51603	3077	22955	3097	1185	9902	54903	51099	54799	5725	51629	10463	1272	25960	114879	2273	9921	211	3459	286	9497	5606	5981	8452	26064	84883	3937	4134	57120	168850	4254	51528	27122	7984	9709	1112	8574	55745	10079	3757	26999	57602	23369	2665	9474	57458	29927	4659	54432	6515	55650	1301	11178	10838	9627	1606	84217	4287	2263	55623	5255	9399	30836	865	8692	2261	27248	29121	5597	23446	11099	79658	7037	64398	10335	949	4905	23332	60	23609	32	7155	2975	1781	54715	9452	58476	22999	11158	23011	27244	28962	57092	11266	93664	114899	7514	11342	64744	10269	102157402	9522	55230	2346	54469	56970	8544	2280	57655	23193	51726	2323	16	23256	9878	79968	1384	10580	51322	3096	25	8317	3983	4670	997	23523	23541	23759	25809	10043	23543	50	23774	1690	3091	5700	89932	22985	57820	80344	5360	23613	23394	1522	26205	9770	113278	79863	23347	412	4168	5230	9767	5127	81617	26512	10204	10664	79650	55697	54985	4833	1186	9093	5934	23420	10391	54332	51101	51366	54758	4173	4125	2997	1760	81857	11024	85360	898	92609	333	5802	22900	2901	154661	10135	29062	94239	23242	835	3614	95681	2737	26468	54662	8395	23064	11101	657	84445	91452	9644	7511	64081	22794	8787	51174	55163	4927	51003	5573	54757	7531	5376	7323	2549	7466	1182	7358	29118	1410	1075	3312	83480	55572	79073	26973	1982	5002	4928	441631	4891	51411	10988	55110	23329	56890	57122	2784	1911	5992	387119	5467	22858	55776	221662	81688	51053	7101	117247	6908	23438	55374	4001	1452	23567	5096	25852	57088	51555	1181	4691	55240	6711	1796	2202	64895	2677	84812	3554	80146	151393	5334	1386	4780	2956	9528	57535	10067	9927	9295	57568	34	59349	4179	10560	1266	7292	57035	55758	57134	79947	5955	56912	84215	23271	23632	60526	56171	5524	84263	26094	23093	2103	55051	1788	10171	79886	29126	57480	91687	6950	80209	83690	9227	22865	55791	311	27241	51251	800	11319	55297	466	55709	29994	23549	8675	4552	11017	57380	83732	6662	79902	23550	84266	80025	154796	23769	10131	27245	64430	23065	23499	6049	2770	25913	3712	5682	3609	57153	57509	112487	81533	3949	547	4705	85441	375775	57693	4354	5638	23345	55902	4772	5538	10401	3337	54862	23225	51540	25957	2926	4678	4628	25778	54885	57180	83857	1875	272	22800	3295	5977	4221	57578	8650	148281	91543	23175	79577	284252	80206	2073	3703	1514	9413	51347	577	2045	57224	10574	1368	79786	85397	55654	9648	55681	79621	55213	1910	7716	57129	11311	9856	79969	132864	11309	5612	338699	23213	6386	64776	834	27229	102	80031	109	5495	1545	1838	26509	81556	51191	3184	658	901	27068	79807	839	5530	64116	5998	91445	58516	121536	7009	81624	122830	112840	10516	91833	146050	663	2958	6727	92912	10099	9960	5045	79631	79068	9785	5170	1213	284111	7157	57521	4152	3454	9980	23421	5567	64129	25874	55827	5451	27	26092	57592	8394	23126	51686	7159	4931	3707	92906	11159	3899	8502	51281	152330	8994	91653	58478	55016	4651	55814	64924	81545	10146	57451	10667	54438	54901	4794	26230	3486	57502	8573	7403	8473	5631	8601	54904	51110	92140	50808	549	23245	84895	220965	26091	10556	8038	27315	51074	79780	1813	472	256364	51092	220064	7108	6911	143098	51503	116966	54545	85458	120379	3606	90488	9223	64067	27034	1909	2313	196394	26278	55835	26272	121256	29970	253635	26040	24138	53354	7402	10283	1601	4929	22925	3621	80790	54463	26207	55740	388650	2551	9510	146857	23228	84532	5799	55326	152992	64092	4343	9056	25769	137492	84108	9791	3098	27020	142891	137970	1974	1376	22976	203328	3815	1859	2078	2114	84187	84255	55698	127262	195827	1780	56946	201176	8883	10020	64699	6464	103	200186	23623	79957	10898	84939	80228	55260	25946	91010	10482	84447	3716	11080	467	55083	824	27185	8545	204851	91156	57650	55139	79885	23114	5274	5783	132204	7871	6259	55193	7884	64789	114625	256471	2982	80817	81789	836	84135	7098	10559	221955	168667	7559	23462	23514	23353	501	203238	6850	55798	3190	55342	84720	94134	220972	1073	220963	123016	509	219736	282974	259217	29951	783	154810	2562	119504	81832	79608	55839	23300	5598	5579	27018	219539	348094	6778	399665	64174	124045	148137	51293	7775	137695	117245	89849	1499	3516	84879	6890	60684	6575	161823	153241	3187	9197	6335	196074	9839	2873	22871	7360	6091	375484	220988	55031	4798	80196	11214	8493	9788	90338	90161	9637	883	84522	2186	2857	79029	5621	51030	10869	5859	257019	79736	7572	79694	93550	55222	169270	339122	4615	79877	51504	2101	256130	256643	3267	6777	23333	5936	947	253827	57659	3981	6124	90806	3177	51574	6731	152815	201626	256356	56674	5029	79666	63893	7525	11145	344148	54503	5426	57453	196527	55367	57104	25945	9772	3766	2885	25915	54762	9659	117608	389072	767	2066	147991	286499	144348	116135	22827	10194	90411	374986	169200	404201	728294	64219	124842	7485	11022	6472	23336	6304	22906	2894	8241	6000	56849	54880	57634	23194	128989	7378	146223	114781	219527	23258	374977	116447	9276	10587	5142	4753	10801	9923	201501	155435	26985	2157	7469	23768	283820	3563	54622	9146	93349	7026	169611	5034	10933	2124	79896	84924	100129196	7626	115560	54331	11118	347240	284018	4673	339327	9863	6917	79048	65243	284434	1287	51114	79844	196528	219348	285016	3556	11122	653319	83931	64218	9901	55340	79754	2547	6399	27010	3066	55532	7442	150472	3482	1778	123096	6584	4644	91966	9719	613037	27233	9814	65251	144717	11060	7620	11169	338811	23116	5365	6263	11179	830	339448	26128	387066	26071	26146	55219	659	3108	100129029	780	6992	65986	8293	100128946	10866	11116	51075	91664	26140	157574	730005	114044	729852	100128264	101927621	107985194	283089	8505	100506885	107075310	107984948	100996539	7726	92249	3112	101927111	3109	9907	729013	729082	100131067	11344	100233209	100533182	100874002	100885776	100129917	255167	101927359	2738	339874	101927963	728888	56112	102724301	81488	100506411	124903732	148189	9939	92335	80022	100130522	26974	25832	105377633	100101267	388685	7772	100506207	56260	114819	727758	728262	132241	100505687	147166	349152	283693	100093631	100130887	253039
gtex__amygdala__M003	6405	55471	10181	381	204	55013	30812	26022	80853	221	55735	7384	57467	57658	5704	23324	1195	55830	22902	11285	54480	84908	23517	90326	8481	64848	57101	57646	26262	1535	29945	27095	51602	26099	7185	55540	55718	6894	11054	9410	30	81671	57143	10147	10362	91526	4710	8621	5141	60487	782	7216	79990	56850	57560	9488	5423	29105	9130	5134	8243	2213	37	9744	57719	55160	23505	5362	55094	5909	9138	51548	2191	51150	51661	3835	56650	4036	440515	10998	231	363	55696	9509	6452	116154	57017	83959	53827	57060	5996	51776	55644	55632	57556	27285	117584	8697	1725	54187	25861	25805	54873	7593	1153	4616	27037	27443	83874	5625	1565	10633	8563	27352	11020	4689	83746	5372	9889	5684	57452	328	8106	9985	10110	10005	9663	4092	11201	2742	6901	55757	55578	10240	23295	11151	80152	1723	65057	4832	58189	408050	6810	1936	6625	11129	55111	81576	10859	9441	51073	11140	9266	26121	51599	57794	3249	56006	79846	27000	10282	6671	84182	3315	56913	24146	6424	64983	51010	7763	83937	22841	6387	1787	10539	5023	9570	9144	2648	51264	8821	1665	51091	55805	23360	26273	84680	4192	55846	80724	80018	4055	283383	11052	10384	26235	7942	55171	51185	3280	85461	2976	8890	8604	6654	4999	51253	3065	3399	64175	10969	22868	6446	64858	845	80235	11064	8013	7045	10987	6909	55268	65982	10657	8743	219402	3164	5393	84080	55905	27296	55577	88745	399512	55321	55795	10436	22863	54973	50809	1892	10875	5189	84060	51691	1854	4016	8930	84268	55320	23383	25759	55780	6303	57572	5589	51337	147965	10095	27237	93974	55337	91574	116983	10742	3996	65249	4148	55556	80895	85451	9406	2874	1116	84923	84250	54663	10894	8536	79768	1837	55858	55082	7174	301	57639	6610	23479	2317	55901	313	11173	3142	55339	9649	55755	2356	54881	158427	11258	89953	4926	54816	10561	26160	10113	29081	51176	3033	51380	54939	80349	585	145864	90381	64755	7385	55114	8720	10650	6563	94015	56931	84970	3491	148932	7371	27005	57530	8991	11221	116841	9580	84874	64969	113419	6574	6323	132001	114790	51143	1609	285440	1016	25816	170954	51390	222255	56996	92399	56904	6877	196294	871	117532	90952	8448	5305	132320	23310	667	284948	117143	9397	130271	200132	166647	64682	57407	124402	7342	163175	221302	123872	81559	7508	201163	56934	81894	333926	129831	10694	6103	51001	57798	115817	57728	26119	2176	171586	8365	124245	130617	7391	4720	54461	94104	11267	89970	149483	51249	55721	83858	23076	326	3689	51043	51149	222229	126321	93099	199746	84911	2232	3678	80174	2256	1973	124093	7542	54987	84328	114803	25992	51205	92291	79677	79005	64320	23122	9861	84818	130557	9204	55689	79753	50650	56898	91137	57763	10466	54468	79778	221656	84270	221154	11164	6621	64745	55701	840	79101	116173	146562	114780	81565	9382	117155	5347	4141	51755	64122	7769	4597	90313	84436	57701	284339	1613	124997	3489	4723	199223	4054	54541	132158	200845	197259	649	2339	154007	2948	53407	55308	388969	129303	4144	5480	3965	65110	10960	53917	79628	283899	201255	79058	5881	4071	2990	131616	2353	2941	64080	147807	5293	93426	163255	5394	566	25988	118487	148203	90288	254122	51162	55191	5970	64859	1267	162333	2787	54872	9416	582	400986	148014	9662	126328	545	8665	8607	4482	9832	286262	284001	2290	29882	339487	254531	200958	84942	64787	9849	283417	375759	5187	122525	340390	29075	1731	3059	401563	404093	64928	64782	285973	91304	28955	375748	51329	81532	54059	55256	389114	126075	4600	84206	441061	64410	131096	79174	80213	9735	348013	7327	10572	10519	114659	4582	64714	89782	54014	159013	55599	402573	338657	5333	957	55182	4501	4059	51547	54932	57048	285093	6300	401541	137392	7730	1806	401024	134637	165186	399948	441191	9883	162993	90592	837	92714	91373	645811	84188	222662	100499483	440295	85028	55035	65992	54870	388558	7919	64423	92565	134701	84455	124900275	4855	643008	6499	7920	84501	339453	1874	3150	9946	55779	50840	1427	51239	2946	84342	3931	10011	10379	644246	92482	728130	285830	84461	79716	79741	101928464	3995	343263	100505696	101410535	100506159	84627	101927117	440498	101928222	100505538	728537	401251	7503	105376736	728730	101927765	124902477	28985	55853	414765	339260	79940	729978	344	100129250	645676	154790	100132273	105378580	81567	84129	25764	632	401074	340526	3588	100137049	64968	103695433	100289388	101929402	390595	644192	100505894	100506668	124901151	100507487	105375666	100499484	102724064	283177	196475	1519	10597	7768	101101773	26589	100507303	123706545	9236	124900372	100505797	83593	284276	100505495	339192	100996660	80054	677769	386758	112812	55957	101669766	8517	100293516	100507551	100270804	100506516	285796	101928059	105369547	112268239	102724646	100132101	441242	401577	107984974	220729	3139	728411	155370	641977	150776	130872
gtex__amygdala__M004	2729	8837	54677	25998	55049	9244	9855	10157	7756	9546	5536	2067	1774	65980	6301	54888	23644	79567	55812	10863	89801	9498	10319	9454	2296	23224	57475	8531	6433	10188	23041	8943	7629	2065	119391	4802	64834	5214	79641	51447	23198	7353	8518	2046	10290	51009	9175	4854	25956	23016	5939	4034	832	369	10411	6604	3682	966	5016	10573	4849	55857	51433	2521	55285	57062	83719	10296	84572	84196	7018	8487	1299	10013	8086	10101	113177	2872	51586	8216	89781	25793	162	56948	11154	80821	6430	79038	79882	5721	10139	10528	10406	284217	79868	64743	8260	2717	8874	3299	83752	51090	25839	56942	8312	64428	9028	6923	84148	64799	26015	56986	3551	55174	157697	79735	53635	9141	7297	4099	221927	653857	5919	165	9275	54981	169792	56654	5730	3257	11196	10531	79991	7473	80279	1655	79132	26118	90410	9094	9693	79829	5450	84867	25766	65981	23371	4048	57097	57696	8683	6428	23113	8899	9096	9685	5924	4883	10723	5159	84223	51011	25801	374291	550	55120	23451	49856	6421	81563	10625	5129	9129	9670	8548	56181	25936	9324	57404	8727	81932	85365	112752	27030	5826	9913	114818	51123	1	79712	51426	2971	4952	5930	8034	9904	79809	55509	6560	55661	64344	5269	9208	745	3659	10485	9322	56261	4149	63941	3397	79654	55112	2671	5447	135	200316	79706	64172	94101	83448	6192	51690	7837	84326	139728	51751	10328	261734	6627	22889	50717	93611	6341	196441	1573	23318	79587	219855	51280	4005	3679	6302	29109	1660	10457	11097	3364	91875	4836	150472	1318	51531	9380	84300	23787	56267	9411	80745	8884	57559	51063	51196	317662	57337	10144	6843	9169	282809	4060	84260	6895	8620	146059	79661	4123	55466	55898	23478	5373	79798	497190	89941	2588	51651	10966	1453	6904	26502	105372481	6518	57645	8490	58497	23557	65123	128061	79169	29920	8497	9391	80775	151313	130507	129563	9125	6167	9879	6993	9589	64599	51631	7552	27316	203228	23412	51501	283212	6876	84304	121053	1646	22944	79819	9987	130940	25827	80309	200014	23461	375056	23643	30827	5018	122402	7547	90993	79856	127281	144406	91544	114822	83850	55179	54933	85414	115992	64760	56683	148523	117145	1487	79140	8568	23308	84221	23181	7757	4634	563	84449	622	93210	29115	5635	6427	284361	51005	4116	54587	83941	8880	284695	100288142	91461	554226	129880	128240	151613	25898	51304	91869	29896	6619	23588	11092	138311	90809	56339	79789	1353	196951	1528	84460	65084	80975	4837	23339	91433	51117	81605	26263	83473	64772	28227	51693	29123	124923	114823	84717	55311	2875	55611	148156	25837	7439	7536	55209	388753	84289	23192	91949	8313	79663	26000	23117	7881	126669	123591	4648	116840	6419	202051	28991	80305	55657	6902	57449	4815	10465	7064	83886	57571	348938	80194	2745	653784	84733	83759	9973	1649	23015	1139	4087	57804	6199	169841	1196	28232	4642	374819	388886	8225	80034	285908	120103	400410	79813	347736	388341	284459	283870	164091	80781	8214	51807	130502	6900	59307	340371	267002	8558	123283	388567	148254	55922	116985	90668	84307	51393	550631	353116	121642	2272	3146	51466	100131755	100289635	6477	23654	283970	147686	100129858	7697	219927	171392	55753	373156	56882	79607	51710	9228	23334	54963	10455	116228	85026	283999	1797	55937	730051	4340	5987	100268168	5699	317762	6606	10215	440944	280636	83463	101060200	153684	4636	606495	55672	221786	81669	107985246	105375304	100128071	107984921	9277	100288428	91316	100506274	146542	84320	101929147	378805	102723508	101929947	100129060	389023	100507557	90271	105378828	1159	652968	23559	5297	85014	100506068	101929524	55766	100507401	374887	100874204	27239	100499177	101929709	102524628	2297	100507316	157376	90024	493900	286103	3145	102723895	56242	120766144	10330	145438	102724814	107985879	101927751	105371414	100506581	101927288	388677	100507218	400622	8148	9757	105369201	9326	7703	116828	117134596	352962	340591	84820	84278	283922	121676924	162632	389033	339483	493754	101926918	124906262	344405	147081
gtex__amygdala__M005	79007	84058	57787	1634	51667	23154	6683	578	3631	84062	84067	57504	4084	65056	10402	57418	9892	25791	5315	10420	490	6196	87	7163	57579	1741	23085	5475	5744	55968	57506	55184	114327	3594	513	9524	9681	171568	7165	140679	56853	1478	6594	54457	8848	9688	55565	51172	4363	2553	6511	26093	478	2931	4967	11033	54927	55744	168391	1759	79176	10900	51195	23125	9379	8567	9847	1432	9896	2762	2030	10307	1627	4968	1716	9381	92840	2744	2274	3241	22930	7799	3964	23266	533	57488	55259	6185	9270	26507	30819	2891	11340	113	29990	654231	1211	79586	57468	23096	10617	10396	2914	6631	24139	9491	51614	6487	25775	64753	2571	54982	79057	57631	81	170463	10298	84929	4861	10514	1742	9911	55425	28992	116988	26136	22881	9840	10505	84865	2016	9764	3775	50853	23143	2572	113220	63027	3159	8870	408	58487	56965	56924	10579	144165	8499	54509	10150	122481	6938	5371	90507	773	29985	641649	7226	351	114783	115704	5792	23432	3756	79805	56950	22874	1745	65065	29114	57552	6715	6502	51473	255426	79930	90523	90060	26260	55630	286257	1006	3708	93589	775	140609	5800	56955	56978	2911	5801	51571	925	4685	285381	9601	9844	83873	3778	114793	79623	81544	222068	10361	8867	124995	8997	5152	56894	755	54058	84446	54865	9592	129285	134	22950	54859	64769	23176	57107	285613	137994	55503	145581	219654	5979	26012	9200	121457	55800	717	322	374868	784	84940	121268	374875	84514	624	11142	5604	51305	728673	9229	98	5569	59350	598	1826	84978	57834	253782	338692	10534	6599	79703	162466	6712	345757	51319	131408	5870	253314	159371	627	60626	284485	51341	242	5179	219902	255101	79701	90355	439921	50863	84536	389677	84319	374659	7625	283643	2558	4771	5138	129080	349136	145873	389541	284338	10772	285193	284697	23254	60312	8912	57591	6334	3914	9260	160	642968	6714	140688	955	163059	26052	2870	7169	11321	118472	114824	3897	221002	10919	1639	101928906	100130311	6453	79958	27040	100996307	55670	96459	100506599	101929407	124902280	51326	100131801	105370670	768097	6892	107985040	441869	7955	728978	105373390	53938	100131176	152206	100289274	104310351	5820	105379057	101929176	101928136	100130155	100128233	105369329	388021	79178	107984813	106660606	100287616	284395	100885848	118597831	283483	123706513	146850	80725	102724488	79154	112694756	645485	101928092	106660612	91695	729375	442523	138649	440104	114814
gtex__amygdala__M006	3920	163	5689	8540	23274	1767	54908	54960	2824	23223	4826	55850	29085	10806	5610	8908	9914	1117	23294	9351	139341	5217	8907	54456	56666	54825	9620	114880	334	8668	22924	55608	4637	23464	79734	28231	55815	65009	5438	828	57817	2077	7461	56647	29098	79864	605	26127	4820	10213	51652	6509	8643	84251	83982	97	79696	2281	51646	51248	7750	51538	51622	79072	55715	23157	79637	8195	140823	3661	7014	10810	84125	5025	5959	3300	4711	8737	7453	6457	116	51529	5686	2212	8444	7170	149111	23671	151050	9686	9922	84630	4841	80728	4915	2934	23590	6001	4684	740	196383	387923	221336	9910	284312	5529	84897	4900	25890	118813	5097	5521	445815	84262	3017	5692	6002	29101	339123	51375	285368	80167	11168	55323	55273	25961	201161	64400	125058	124935	10073	201254	58485	3856	94031	124583	23261	10605	203054	200933	254359	8061	158135	23625	8834	729614	127003	124808	255252	51021	100652824	4707	4978	23585	83656	80233	339512	29780	23660	51108	353088	258010	8528	1616	550643	54065	131118	2086	113179	4207	440400	25817	100505783	117751736	339804	84964	3692	55861	105369147	57604	100133315	105374419	103752584	91612	10418	54460	5691	284106	11056	643707	126661	101928737	221442	10778
gtex__amygdala__M007	4706	292	8913	54902	4007	11345	51121	54969	64951	8655	5037	645	51650	4708	4713	2079	5753	5303	56061	10671	28974	11316	51142	10952	8721	79004	4717	4728	51699	1347	10923	9616	57415	7341	11315	28956	64960	6390	4709	4702	81892	9217	514	4694	51081	6633	11034	1340	25824	10975	55837	4738	58986	1327	1349	84313	10266	4695	10542	55312	2647	1329	7295	10063	326625	4716	6647	51506	10456	52	4726	55651	192286	5440	29982	22984	55004	10205	26521	6921	522	9556	7791	84661	112942	80145	116832	4724	27089	4712	25911	51700	375607	10632	7001	10476	4725	7386	7336	3094	83443	27258	10474	84233	5223	55352	78988	7388	84833	65003	10589	7351	54998	401505	1351	475	55272	4729	84987	9377	27335	1537	4947	55505	51218	116541	28958	55967	25880	4700	64976	54584	126520	51079	729967	4697	140465	8270	59286	6048	28973	163486	255758	6827	4722	9551	539	55052	106480796	55845	6182	119139901	100287932	114841035
gtex__amygdala__M008	5980	8193	6591	53340	4638	55658	6160	4292	143684	80183	7329	7138	10775	23217	374882	857	6158	9487	6164	4598	10973	3485	115353	6146	51102	90025	9330	8111	23155	6125	221443	9349	2123	10365	84817	10452	7376	79228	55860	3939	517	9924	9550	90871	51332	55345	11107	4704	122953	3801	123920	84299	6135	221960	9638	7316	339105	283635	291	153478	65258	133383	7381	78987	4338	154791	220979	84881	57608	122509	4745	6881	4645	1632	7324	23587	11337	79042	4696	6227	6169	6138	253982	125144	9092	7025	7694	286075	6165	391356	146198	51065	200728	64170	23036	147929	6168	83694	26058	54458	730087	29803	79086	101928000	60674	115557	6173	541565	729991	91893	105370526	283547	100130950	105371941	124900758	400322	5380
gtex__amygdala__M009	4784	2978	56681	8761	3183	5064	25807	51635	55671	4150	9639	4946	58509	6223	8896	6119	683	9404	4256	50813	6500	8992	58515	51300	5947	28972	56655	81849	8702	11019	84293	4495	56731	25873	64981	1802	56259	55748	80896	81853	92579	112483	126147	57140	8476	6637	6161	401262	2768	28957	221143	4718	636	285172	115416	347734	8741	79081	79656	79722	1345	84267	440026	80700	521	27247	4493	64979	51545	28998	669	51126	440574	286205	55486	255043	84698	91689	140739	170622	6277	100289678	55851	255919	54978	104355426	100507057	4509	6234	9278	100507524	283140	124944	5348	118568828	84773
gtex__amygdala__M010	65220	1890	23593	23101	91746	51257	23539	150274	150356	10419	55969	27324	10423	6618	27113	56917	2584	708	9368	10675	80303	55700	8704	25927	1271	101410538	117166	4357	50632	10155	84152	2330	4076	11137	28969	85439	162494	85369	165257	90113	6834	122416	123803	4681	5745	10603	11282	51727	9249	317649	84283	25798	3636	50810	55897	2495	81603	198437	10287	653583	4062	497661	51333	126003	168544	575	90135	9361	132946	127687	257407	727800	4056	51517	284184	100507533	55009	100505771	387882	401115	102577424	400916	27164	115804232	79148
gtex__amygdala__M011	10771	116254	3430	27440	65993	2260	5794	3781	7760	43	23351	1471	10166	65990	79006	729440	9149	2022	6484	7060	64224	2868	92675	23149	64793	94030	7322	91107	10971	9415	4907	56262	81873	51754	10817	115024	11000	58190	84310	196743	26229	738	78994	11030	162989	4000	619279	79870	118881	6137	94274	51181	25924	2018	10446	84331	29903	8722	64837	8636	5827	100506380	8073	79581	7390	7741	147906	4828	8733	51157	1454	6150	7866	101927021	100996842	8742	387521	29964
gtex__amygdala__M012	695	7305	240	7454	972	50619	6916	6688	6813	54518	2533	7462	54209	27128	3055	63905	951	64926	10148	81704	51225	5777	9450	942	54440	3071	718	79651	241	1794	84868	10868	7097	64098	3394	4542	963	2209	112616	2207	714	861	7805	1520	1536	3903	11314	3684	929	719	713	712	10333	1436	57121	10320	257106	11006	51284	2214	3111	3122	199	63940	3113	127138868	400550	284021
gtex__amygdala__M013	9940	10233	79645	27067	9576	93233	8701	345895	168090	159686	80129	27019	164781	2302	7137	948	26298	26206	85016	55329	91807	90506	114827	83853	60494	130540	200162	54768	375307	127731	84229	286207	151651	286464	219681	79841	146845	83659	83657	200403	341019	83450	220136	201625	146177	196996	387885	138428	144535	257177	401124	196385	80217	642574	79583	441054	402160	25790	1396	149465	283152	283948	83481	728798
gtex__amygdala__M014	5238	54896	6307	55749	51167	6557	5337	5527	7042	10478	9692	8767	23770	858	7091	54868	4790	27309	7915	11120	80315	23150	26084	2591	63892	6342	7139	56122	8089	64921	56984	26297	9467	6622	9705	55638	9871	132	261729	55276	92595	284076	257194	128439	222194	6006	5718	10210	128	653308	400710	29902	645121	5500	100506826	57665	100289187	101927459
gtex__amygdala__M015	4057	3755	5188	10640	51668	55239	7597	27156	51550	10084	64779	9455	26511	51258	6489	26355	79031	2531	3276	8543	123	57325	1831	8833	7086	63877	3429	84064	93107	83877	114825	2783	11163	9001	5771	147912	100506504	51186	199777	83862	11152	1500	401260	151484	266655	400456	23380	100131691	124909397
gtex__amygdala__M016	843	51364	55692	6540	54814	51474	10076	55741	57192	79157	5641	653390	10469	1297	25972	54853	10799	3663	5819	29893	26284	22880	64780	50624	113230	285150	130951	10922	91252	6447	5653	123099	2705	83452	682	1662	253650	6525	56971	56624	23054	56114	1241	55384	84561	378881	100506421	100506070	150244
gtex__amygdala__M017	27072	10747	60481	1355	822	10203	113791	84271	1983	8717	57821	3437	23363	7978	54857	341	7326	201266	91298	8803	5607	55589	128346	55224	285282	23429	51752	55335	55172	10015	246184	54344	284273	285753	283149	26020	399818	105378753	101752399	100506012
gtex__amygdala__M018	6224	6141	6193	6128	6122	6217	6142	6143	6207	6206	6152	6209	6230	6144	5204	6204	6155	6210	11224	6194	6229	6205	6202	6233	6189	6134	6130	2197	11326	6156	6154	6159	6157	6201	10209	6232	64856	6218	6147	4736	6170	6235	1937	6139
gtex__amygdala__M019	55732	23649	5601	84061	23484	23658	10014	7781	81847	3433	7166	4037	51520	85019	1558	51125	7436	220869	22878	93185	7048	26269	153733	10495	5271	79089	2915	221749	83591	84333	1364	5657	169436	148413	7268	105378696	105372079	57234
gtex__amygdala__M020	1659	51109	4208	3030	26090	5595	8099	3836	23463	23075	23416	9107	805	84504	149986	389	219287	10421	120526	493753	6120	4541	4513	4519	4536	4540	4512	4537	4538	4535	4508	4514	414919	192111	100507373
gtex__amygdala__M021	1407	7089	51816	65263	51747	705	1063	5033	81578	389549	93058	55605	5058	285367	138162	113026	80232	5984	4085	29117	55602	26115	1051	22992	339855	399664	101929977	374890	339829
gtex__amygdala__M022	53616	6717	7066	81602	8131	64788	27429	85320	387496	79934	8239	79639	842	55362	84888	140459	134359	5245	9024	5441	11194	80742	790955	57461	497258	202781	389741
gtex__amygdala__M023	51306	9846	28996	8537	9448	6579	5414	1154	7852	400961	1059	10749	1783	57471	23500	10618	25780	91369	9903	4176	4336	4303	57698	284759	4155	1902	23	100506036	84798
gtex__amygdala__M024	63932	7077	6605	23417	23091	23111	9704	8608	126526	1293	100128398	79077	339500	147650	5813	4603	307	84288	7923	100128788	23564	401398	101928823	100129195	401612	145783
gtex__amygdala__M025	7869	330	11218	51016	2321	9325	60672	55075	1848	57721	9472	56477	5900	55314	253190	3665	101059918	2595	100506161	102724768	388011	4701	4500
gtex__amygdala__M026	23338	57605	57761	54555	4669	84759	8881	55544	79161	10785	55220	25976	51705	79064	207063	100049716	64478	79892	728568	101929302
gtex__amygdala__M027	9489	5494	26133	57130	79611	1757	7389	6094	1793	219670	138241	54965	84059	3818	80227	440556	6888	84856	30849	101928053	100874047	124902114
gtex__amygdala__M028	60343	6913	9097	256227	79269	1965	23452	570	54499	10172	152137	1070	11167	10910	80723	4261	143879	2242	254956	101928673	388963
gtex__amygdala__M029	4267	54879	4481	8220	7111	90933	27151	9255	122769	84191	2072	84232	1104	84065	54470
gtex__amygdala__M030	79017	64857	51283	2217	22916	3155	64342	84693	284800	58488	11023	140890	6271	26168	84316	729993	401232	124907726	163115
gtex__amygdala__M031	112885	92960	4939	6242	1394	84626	79020	7099	25912	340351	57477	199745	84629	716	554235	102724919	101926904	101927752
gtex__amygdala__M032	7105	57414	5891	64149	2257	55825	4201	3727	153020	516	58526	200035	5478	92283	100505933	105378663	100507032
gtex__anterior_cingulate_cortex_ba24__M000	889	3927	4074	9108	381	204	23028	84254	4706	7982	996	8935	56919	3980	10943	55904	26022	10368	6376	8913	4293	55750	57157	3475	9912	60528	5048	9703	8522	8938	6853	57172	1534	84954	23221	54497	9690	5081	51085	10048	7384	11188	3423	5646	7752	22955	11313	26993	51096	54902	9066	23637	2556	51360	55148	30845	57709	112611	823	27032	22902	8540	57586	54764	6683	2554	55778	4719	11215	51022	25901	51230	8630	10953	23633	9519	55334	286	7260	10061	2530	535	11345	84908	159	10858	26009	9099	27175	7204	23274	23035	27067	65078	5874	90326	55775	1175	22884	51606	1356	7504	57102	4134	57120	9734	10659	81037	91522	9564	9709	54477	55761	4826	51742	140689	84957	10827	114800	54969	54542	5218	5923	493	5188	5662	55359	10076	586	10787	2983	1001	1431	81671	10513	124925	6047	22998	23534	53339	5378	4942	55633	55854	6416	1994	9682	27107	2009	4649	782	7216	5590	55699	6857	3421	5165	80347	79990	4943	2182	3632	27238	56850	65055	5526	55737	8514	10060	139341	483	10681	5217	6710	4335	440	10947	26986	29105	26031	490	8440	9948	54556	6400	537	6929	26528	29894	55117	87	84708	7224	55743	29953	1400	79041	1183	4185	10979	6480	4905	23332	6620	9891	54878	26034	51175	9671	3785	6865	55972	119	7587	4140	6624	1739	7879	9733	7374	113235	5362	10615	83992	5915	5063	56915	88	2260	9063	56922	3093	862	2222	3835	1785	2037	6595	11043	3781	5891	23431	384	79876	22869	440515	65985	56142	3595	1310	23136	79728	57226	22894	81550	23047	5019	1540	84273	54434	334	57613	51729	3797	22924	57531	4216	5243	231	22996	55054	55624	51510	27102	54749	56605	51701	55239	118	57544	57542	2778	10059	339175	5775	1795	54675	23368	8455	8655	27131	29058	84678	1114	5037	8315	3476	9843	29965	8079	78990	10296	29888	10081	8646	9727	84572	57106	1738	23335	2271	26575	4345	84502	51310	55072	3183	8487	7301	4637	10762	1312	23468	4436	29911	54566	1384	54187	55280	7093	55118	28978	3326	988	7738	11332	51100	55506	387680	5714	112755	421	29801	84861	1399	9127	10291	23759	29799	6634	5594	9647	339665	157	7290	89781	51386	9929	9701	6305	10126	4744	23170	23492	9145	8897	54471	4627	25813	23264	50	27351	64781	2287	56948	79609	8814	5706	64841	10668	51382	283578	161394	22990	51527	5693	7528	394	80344	84312	10484	5875	63935	9837	140730	1477	80331	26164	5688	4923	55738	1917	8760	81502	10483	5173	5332	9371	58490	128866	140679	191	26051	84557	79953	57136	64863	8715	5634	28952	778	6855	5931	9016	7355	2010	6611	8266	83692	8237	9468	27336	2245	5935	3356	54602	8874	55578	3839	23361	5257	869	5432	29070	5713	79613	55512	83693	9100	26048	4363	408050	1428	3163	79719	8925	8120	23359	23312	171177	57617	26258	79848	4683	54928	56704	5862	11075	1936	66036	4741	54758	665	10382	1209	64130	284352	55011	57030	26017	22870	93145	898	208	23646	1155	25999	7087	7297	9266	93233	3036	54531	57664	5518	22983	3718	3780	5296	5864	25789	64763	136319	51678	23288	8887	2887	23242	6804	2617	2051	4885	8976	10842	57037	27075	7458	3984	6505	9355	10927	23731	7464	22949	1759	1993	7016	57582	9827	2889	6456	20	54926	1855	26033	9806	10367	5532	9562	81855	8729	79004	91452	9148	9644	114815	8036	8030	56521	9211	28964	84961	7343	5709	5414	9570	26001	8402	10743	27077	64149	9267	8506	9343	3131	1949	55161	2557	54940	57482	5602	23158	8821	7466	80273	7468	57620	2743	10891	10553	6309	27087	29907	23220	27339	887	57562	1656	5818	8050	29099	5715	8496	11108	65981	9761	81566	10645	506	8825	57460	56341	8437	81539	5985	2597	56994	8078	7167	79158	2026	51559	64426	55907	11021	26127	55003	4739	8732	57515	7164	9750	4988	221692	23195	10486	81491	892	8936	2822	55084	10767	57221	7957	84498	51069	55770	1347	55754	26054	59084	55722	11044	23530	1007	3550	10087	55819	9685	2566	10007	6500	5515	2246	373	80006	23548	5917	604	55186	11334	54946	50512	23276	10289	23007	6787	8745	1716	55683	81562	10120	2820	4358	29959	51130	6869	55120	23301	80219	8576	5510	3241	55041	26003	25797	22930	8604	5000	22848	51449	4780	10056	1718	9917	26038	148479	57535	4985	3749	55870	6723	81563	9829	7799	79814	7709	127700	149371	84618	51440	9783	23266	6390	6675	5999	57576	64175	6513	79033	8503	2166	58155	27042	163404	9890	23443	3925	23673	114883	10849	6794	6543	9331	9789	57558	6785	27145	81573	118427	6696	10983	25782	5493	27253	4709	9615	205564	2733	51552	26190	4702	92400	79109	57706	91754	83544	9870	57718	4329	51004	54812	26503	4601	26123	60370	55717	2805	1394	84918	89866	39	55068	11193	51307	51247	5357	400	2185	5533	23435	8161	55269	23024	9479	64786	576	2170	51193	92	57179	79871	5395	55975	3181	644150	84668	23349	170685	11130	11113	23389	26994	64168	11059	23597	10133	5153	60673	10376	262	9643	51209	206358	9926	10888	3787	51604	5335	78997	10564	128611	57403	6780	27304	55653	5184	10396	2914	6903	9587	116138	51299	7913	9521	9208	80262	2806	5911	9375	3659	7737	23157	4987	84172	2962	6253	8189	27111	80025	63908	56255	140901	6238	128637	10893	83658	3831	10054	25824	3661	58506	51119	5582	10245	22890	55288	8021	5605	3188	51309	59353	64768	79575	5300	79939	9143	146330	51764	5447	65997	85378	57168	7533	2781	4248	2847	7732	9296	64101	23008	10651	1123	2571	440275	29767	146057	8854	1854	10776	25870	60559	3746	84932	599	55837	4738	7905	58986	79948	26290	51295	84337	5589	23039	9667	51429	83861	4142	4301	23025	25804	25830	10439	157922	445	59335	4294	57470	7776	10277	22927	84905	2686	23229	529	51132	7187	64432	9467	9779	3748	7283	10197	80762	60412	8500	4131	54521	10948	10656	8799	5160	83636	84261	10489	26515	51318	23108	23277	5176	64208	55915	23558	9406	1742	7014	23208	128434	10955	6860	51164	51761	23281	10810	2835	4628	9201	57511	90627	84707	79589	55859	10250	55643	10313	123811	9215	90956	23608	91298	79572	9645	51669	78986	23508	891	8536	25917	55207	27255	10542	10717	8774	56907	377	10971	4613	63982	10440	4677	57614	902	85004	8933	9363	8565	51361	1837	7174	2113	9315	26578	29979	60560	81689	50640	6733	577	80759	10492	112609	55122	51317	4076	967	9840	23017	91	9053	8763	54806	8291	10200	80003	9857	65080	3300	80210	51719	80705	84804	9648	64965	26122	50649	23479	10154	5100	51028	9882	23143	8803	4008	9445	55270	1102	9771	28988	83605	3658	80774	4711	6326	10716	55627	84317	8027	10730	7295	1861	9649	9568	5695	10244	79139	4856	26953	3590	55833	219	347252	116113	51645	23070	7280	670	8737	9873	4926	60492	84811	53826	91801	5607	79811	23005	51103	54839	3706	80021	54874	8634	85465	10669	10097	80204	10128	10121	403	310	1763	29081	6741	57520	6744	10152	10144	8916	22872	84162	55589	9908	55752	80144	8999	23162	85352	23710	55605	51067	58516	9746	6843	11010	1848	7786	55716	5925	54509	8562	84530	4857	83851	376267	27133	4236	256586	11001	85455	49855	7168	60677	5045	1039	10300	1009	81631	1012	6187	22980	9611	8533	79018	1213	6875	50488	432	3607	494470	54808	115024	342667	60681	773	5211	6455	30811	6647	9875	114783	59283	5694	402665	5195	127703	79932	23038	5567	3321	90874	481	261726	64326	51506	5546	844	9213	23179	7286	80222	4170	65005	55204	55061	8751	9898	1944	57459	6016	51097	1130	23219	375	149111	142	127829	23233	5899	84524	11249	6323	57282	57624	151835	9686	79137	57574	80852	85403	51143	84892	10550	55347	57552	9730	8893	2044	287	54532	285533	83853	1016	10769	5295	23635	1393	5066	64839	153830	78991	23138	26045	153527	27242	22838	255426	54511	57038	134829	58527	57583	113130	5814	4191	908	55262	30011	9203	29934	5631	3358	526	91782	11212	7013	55638	340419	5440	114569	51059	80728	4915	414328	53358	84909	58493	401548	54107	90678	56623	9712	92211	11128	818	2746	9118	80313	92170	9446	84280	8525	6749	26011	9177	4863	60496	9538	6327	84866	64405	81928	22866	53942	150	1740	1737	130813	57512	3742	7068	89910	196463	114134	2132	10873	80224	57182	83643	2059	29087	112936	23310	143187	10570	80014	387923	2555	143384	7073	144423	29970	84539	460	4249	81615	130733	79596	6014	6695	117143	2977	9456	284309	814	55521	5213	2893	2697	53354	56978	651	51351	115827	5352	152789	55203	1047	1070	84910	6328	25827	64795	55022	8526	221302	284161	116150	5529	26289	147463	135154	123872	56172	84959	1010	9868	7345	126731	57630	728577	8470	4685	27342	80746	80028	129684	51633	64210	55361	118813	81894	4343	6566	23367	2890	79831	56776	134353	10670	92370	116442	23426	23362	90550	145483	2776	3778	9508	123720	10694	7102	22986	9556	5097	3788	57497	219541	9530	115509	375323	23057	9372	491	6529	6854	3084	23648	9069	146433	3815	54778	145773	139221	84187	203197	673	9478	10239	56896	26100	116987	2134	55179	64084	3745	9334	90121	55607	26958	3362	84134	57685	6651	9900	65264	57369	8208	5710	7062	197131	9813	84303	1487	9114	284348	1676	55108	203547	54020	5900	4047	10444	84814	9159	2224	9673	56893	84988	80228	51149	5701	60680	1857	1173	55324	4868	114757	25946	124801	160622	51728	197335	57465	22941	81570	10825	2785	283130	65260	79699	5563	126755	553115	55450	64123	22854	284611	127002	343450	57863	3765	79762	148362	64216	163882	347730	129450	3754	151354	3760	150726	115677	388695	6944	2071	4880	152559	317649	92703	80128	10109	7203	201595	23122	8802	56648	151742	80145	152926	201895	11102	78987	64419	57456	79442	51725	5437	55764	8314	54965	84448	23173	3015	133308	8927	79012	2912	1849	132160	80335	8492	9348	79884	26269	23379	153733	651746	55109	4724	3360	134266	253260	167153	134510	84340	23305	2898	94081	114801	134957	63974	54329	10569	285613	6469	22853	1508	107	27012	5001	55074	157753	1020	221937	7534	81034	158326	54704	11168	54769	79698	3190	84302	6990	26130	7415	283209	63876	9147	57156	89890	402381	23172	27069	7248	3251	116225	142940	26287	64112	3747	79101	55530	55662	4714	84936	654429	9529	10576	55800	717	54765	7275	124359	222865	123169	23423	81565	10904	9640	113201	164	89797	84516	54386	10369	7529	23582	64400	11051	129049	51704	7644	54920	146713	112476	126298	7769	121274	85300	1938	10501	51031	90990	55720	55611	283248	84926	7001	283987	10476	6730	146664	64223	1642	26580	956	5049	4992	3761	149603	55788	125488	7266	359948	440957	3800	57215	84684	51362	55806	203190	9796	2237	1128	2675	8754	27065	3354	123355	10815	10116	7386	5604	3667	254778	90362	5865	10636	8706	114787	8988	65008	23251	25942	3094	83640	1816	64118	1501	9185	161725	7532	9196	285596	51617	23235	57484	84520	56980	91752	160518	202052	79697	4862	164832	5036	23204	5272	26145	83787	195814	79145	84669	84864	9778	79188	4534	55006	155066	5581	219738	4884	283742	3777	5223	11076	283455	8941	147179	4135	5356	22883	8507	55729	6919	57687	23261	85442	4300	55178	246243	146	7857	2596	253152	54205	1051	10605	55352	10248	64137	2783	408263	10125	93550	387357	80011	283985	167227	23491	1717	10777	156	78988	65059	111	22885	91749	91683	158399	8658	56977	79834	90441	286205	9804	57674	81033	84984	285704	57495	54931	5306	9416	253959	488	55055	170261	26047	148808	7368	9024	11041	9610	26470	155185	170506	1488	9435	79683	132112	80851	388403	5708	22843	9776	85007	56675	219749	285598	1212	5122	64770	57628	7025	401505	23399	10458	200407	79666	379	400224	116068	126792	339344	163126	126272	84277	283377	148252	9920	8851	256536	10409	55884	9240	140775	345778	283576	196527	8408	284716	157807	80205	11253	3738	7156	253461	29928	64110	266812	51046	401474	23283	28976	25945	387856	55272	9659	4729	205147	441151	63917	282679	3350	196403	55175	9852	23512	54913	285668	27132	4351	6879	399668	51341	127254	55030	27335	93621	1537	2193	9500	256472	79730	1960	24147	10472	139065	388394	220202	727957	9495	284023	7710	22864	22928	401097	4947	400120	374986	221687	85453	151963	6752	1132	5464	64388	23510	23760	283554	1728	79147	284439	25994	389197	92815	155061	9625	5912	57463	55343	10193	79673	100996455	25834	283989	51329	10159	7325	3739	2567	338707	8905	128553	51218	6304	4692	7267	9312	1397	345557	50614	6000	6734	9112	161	57118	145748	166752	2842	5877	147372	9403	9831	284656	158358	126075	10946	2903	407738	55039	23466	10293	386617	8508	3786	3768	5504	64061	283871	56660	254887	6586	150147	645974	26039	51286	5142	138046	5413	56478	642273	55967	23762	1812	25880	6612	140597	752	56899	255275	56160	387263	9230	64409	8558	266722	126282	51263	400451	9899	10336	5087	8224	730094	399947	80333	5833	54584	527	257240	146760	255022	55599	23299	220107	54103	84871	157567	23396	84937	345079	340529	4675	23621	260293	3840	4674	401190	23131	4771	84981	116985	139599	90624	613	758	349667	5333	6585	342865	23270	79659	11261	7874	378884	28986	404037	26059	94107	2563	10507	116224	29978	65998	51463	5575	374383	5359	345630	344838	84247	375567	340277	199953	149297	26155	4697	51155	401994	54510	145853	7259	23254	23708	400745	139735	4604	50859	7633	54737	9687	203068	6829	2917	1604	1995	11091	8295	55190	80778	140465	51434	399687	165679	55966	55684	57473	154807	961	160760	343990	10447	199704	644596	8270	163227	309	4097	85379	388662	23507	84435	9583	10438	135398	128486	84301	400591	3064	50861	142678	4644	6709	222662	23315	55924	8733	54557	81553	28512	115948	63925	84549	140885	337876	27300	54989	57708	10905	258010	219844	340578	439	50618	9747	158586	148741	51441	339541	9874	27347	801	4018	286319	55705	124930	10497	81706	347731	57154	91603	116443	192683	9909	146923	85457	7150	6721	9666	9722	57692	1756	1122	375057	389432	387066	2664	221424	340543	158931	1290	5089	64978	7920	728215	7917	7916	440894	2794	90333	653316	57469	56143	84912	644096	5150	613212	6643	10527	54458	25851	255919	100506731	51451	144363	727857	10921	220164	57194	201475	348801	114786	22908	28638	339263	10962	23234	4722	5500	7693	729399	57128	79729	387804	401562	92482	51400	221092	84461	137886	285696	134111	440270	1654	283514	729515	100131390	55714	440400	729852	6844	5534	91584	5520	118460	6293	1159	285954	285878	721	105373377	100507171	105378732	150538	440465	56967	386597	107985820	643837	100996635	122539212	100506679	284798	100131244	107986618	102724593	378805	114821	100129620	101927590	150786	100506527	107985040	51275	8629	101928537	390616	84968	91368	51373	158	90639	10687	399829	257068	101929335	27297	10552	8577	539	23600	56098	56134	11230	149465	84450	9054	147007	10137	7335	10443	105369147	654790	25864	56138	100996645	388569	100507043	85358	157627	124902062	100507341	56110	56108	552889	56109	8641	105376114	54551	55845	57132	23741	400046	283459	105369758	51750	10381	112267983	29890	647979	23732	150967	100287559	343702	103344931	100507421	23246	106456574	100507050	148189	100505576	140735	100287932	27246	284565	108783654	80755	101927943	101927151	56936	147670	84548	100505761	112398	152217	728841	338758	284615	11165	8447	102723582	112441426	100170841	389856	6880	30837	140883	57223	57636	114791	6871	8396	284098	100287808	80725	440435	110806277	4747	6753	79893	31	84311	100130148	283267	101241892	359809	401442	113523639	55056	101929059	124902301	124900989	29798	112267986	101929748	122319436	84726	84820	100131998	400322	1556	100505687	728554	654466	121456	93164	80862
gtex__anterior_cingulate_cortex_ba24__M001	3075	51056	29916	79007	6542	5965	23077	3675	79017	10926	3720	6792	65220	53616	1951	6482	5310	23166	10867	55727	54476	58525	5536	23177	8284	5704	5010	1195	1774	1355	440193	10771	23386	1272	477	23187	114879	57210	23071	3298	11231	3755	4285	5583	54480	57554	55773	54888	84245	259282	27430	1008	5685	54884	5256	80243	395	51491	23196	23327	9603	23105	23101	23095	57475	23201	23118	58508	23369	51663	57095	8975	29927	84256	65125	55749	9410	23504	6433	56848	3029	55726	8625	11218	9423	23536	23013	55248	51665	8621	4904	5141	1496	9950	10565	2235	4756	7158	1659	89795	57595	9759	4205	24140	5837	221395	4040	8518	23446	54916	9993	79364	6160	6196	28951	53615	5566	22859	22905	10290	7037	6720	51095	6793	23291	2121	51009	10335	83642	6389	1207	55421	11343	59277	23151	27332	29090	9462	2355	27091	285527	22920	25930	8786	88455	55094	5909	54431	23032	143684	10529	5289	8871	117	4898	5108	9139	57644	6507	7145	8556	29843	55604	8417	8671	22839	260425	57092	8555	56113	9689	4200	55322	4779	2932	3693	9706	10325	2195	56910	1307	81929	22911	8895	23259	23139	55696	4313	10992	51290	55616	57017	55857	8550	22895	10961	25977	55760	6548	10558	57060	51324	27327	114882	3912	51776	23231	54890	83394	11198	57556	51430	4214	372	5742	114327	1832	79956	8829	5442	8216	200312	23481	11078	4809	55964	410	8664	27352	23313	5905	11154	5836	114088	10175	23002	9517	22938	3705	4522	79882	9894	9252	26133	51098	57446	55969	10398	9777	9218	11201	8780	10857	10735	2000	340554	3750	10389	10240	80777	79918	64779	8140	79791	6650	23062	4150	9738	400506	123263	23205	80381	25963	7082	80208	51201	79752	1666	6422	3646	9694	7227	6713	11129	2217	79735	6618	51231	10994	8725	11100	51343	27113	8775	56917	1954	8605	54922	30000	56006	23080	64327	8662	5803	8985	113263	54664	653857	5683	7461	158471	57589	8395	320	23268	22841	219699	54462	57584	22849	55149	10531	219771	9110	4591	9400	708	55813	1655	40	2648	4355	1845	4126	23321	9693	91057	7704	8882	79864	23130	10938	9828	329	867	6506	79829	11234	2965	41	65117	79611	80724	5869	11052	51258	1108	23074	2784	84727	8683	51389	6428	1871	9439	55856	60682	8724	9841	23113	57666	55914	4124	8622	4437	900	2908	79770	23286	1809	55171	27031	7337	80321	590	8087	10675	57599	64689	1981	57669	51277	79745	6711	57142	55704	10314	9736	80303	23451	79031	55818	3069	79954	10153	23683	1615	2034	2043	23341	7143	127428	80267	5906	54856	85440	10625	6738	1429	10745	23046	55700	4548	10969	8704	8548	1810	2152	56181	25936	8289	1509	4297	83479	23120	9994	26234	103910	2309	894	56171	7320	9414	5887	6418	26147	56252	80127	112752	10577	5826	8892	57862	10936	54454	29094	53335	3433	10285	79591	25902	80314	440073	51780	7181	83468	317	1191	8795	10174	7750	989	80820	30010	11328	92014	9904	28981	8082	5585	57486	4035	23583	29078	57826	90203	57580	6431	23326	7596	8239	29993	88745	57510	9972	55831	23019	583	7270	56731	54520	5469	2354	24139	64412	8195	11034	56926	22913	11190	8242	826	83786	3276	22826	117154	3895	79717	5322	23352	23030	10142	3092	8910	79644	10606	54487	80833	4357	23780	25913	222256	4289	6183	57705	54832	23022	8424	1032	84962	7011	6397	25759	1804	79709	170463	3911	9885	23211	84660	56342	4037	54897	55902	126299	7700	23199	10487	23473	23180	64145	54882	84152	7691	90379	84034	23378	23167	79781	80895	5791	85013	3021	6388	27183	22903	10207	93611	842	10208	23164	254428	9911	55425	23037	694	3845	51241	9811	10752	89978	6272	5738	9475	129607	3939	84893	4038	9698	747	9704	337867	11095	23670	23287	8728	84749	84900	1840	60561	57231	55226	10574	2799	4193	54583	1660	10253	3936	9805	64759	10457	1607	3364	80727	85446	10241	4836	51204	10238	6434	64844	2058	51133	64855	10868	2800	55667	89953	63971	55362	93643	84300	9656	132864	5612	54843	29088	7274	96764	85016	2542	5962	440279	54816	51332	204962	26160	109	11117	953	22891	471	79800	9360	29789	55032	26035	5593	27163	950	8615	83606	144402	4704	347902	92979	114795	121260	84260	9818	283537	6601	60314	55206	10150	81614	9990	10169	663	2108	64755	79798	7385	463	8720	23174	55275	54828	2774	55197	64762	114876	27043	4864	114804	56270	5596	55520	147381	10907	90378	1291	207	126374	105372481	10498	112703	23521	51070	6518	473	6135	84224	3339	26135	126969	85369	5686	1952	81875	57530	81609	29956	7159	3608	65123	2590	79573	9580	22874	27436	805	51542	84874	23020	64969	94097	165257	23190	285175	2177	10217	26018	22989	90102	10840	9353	9718	90113	1609	81608	57205	6622	493856	92345	10299	6167	10184	5921	23092	64777	91272	10814	84249	26249	84553	221322	154214	9202	221960	64599	357	6567	55634	4841	8473	55086	139818	50814	79618	51312	6867	4781	123	54801	203228	6834	9919	254427	22921	23590	80013	221074	6935	5995	85450	57689	64852	7761	10480	85456	84364	10658	6188	26007	9219	9638	149951	51267	84159	55208	23284	27250	2823	85458	54995	121551	9472	22944	5281	54842	6868	120224	60485	51594	667	130074	120534	498	5163	127933	9397	284312	255967	285313	4154	23171	9453	51061	64682	3192	5903	25909	10461	5937	50807	22878	79888	7342	154043	221895	3773	1054	781	64221	375056	252969	91694	55740	285381	51560	81552	133383	23165	138241	130535	65062	114	91748	7074	7381	51001	6832	159090	1915	25921	23522	55093	78994	9941	123803	261729	221481	4643	4599	25966	257397	124565	5192	55113	22808	340348	23382	124245	9753	85414	115992	4681	7391	65018	56990	23515	11189	57519	146206	29	23076	8566	6285	23387	103	5745	4796	8878	284361	221496	58191	26168	339123	124222	51727	57190	84328	255104	7398	2634	10092	93185	23385	165055	79677	56916	10611	23248	10602	57326	128240	476	64343	5584	23001	57406	84343	54861	56992	79443	131601	55689	26043	5364	4085	54726	25836	84059	133619	202333	1879	10412	10370	9263	55536	23462	5828	5885	79778	26173	25962	91147	9897	51271	11244	65083	143279	1073	51585	158584	8559	169714	63877	57608	57447	55701	6297	143872	145567	122509	85459	11245	83700	2200	27343	221120	25820	6609	1200	81832	159195	84460	6764	57494	7184	374654	55897	23306	23339	6809	54893	4088	4130	4141	10999	1398	23102	10632	125058	4645	29123	57701	114823	729359	64359	148156	21	54949	2495	6520	5871	10980	115294	8313	157638	134218	255743	10098	85476	4204	367	25849	23099	4330	90693	26000	53917	7881	169044	5099	163590	51621	65988	79724	1107	9283	84640	55890	143425	55038	93622	79042	29071	118812	203245	81603	124583	3752	27115	147807	2186	10243	5053	79029	596	5394	361	10892	25988	10231	4299	3054	79612	1657	26960	10855	54625	49854	4296	64801	5797	7423	257364	6777	10276	163049	27333	165324	23269	54872	10594	23612	389524	400986	55196	9975	9662	92369	23015	5771	4023	9092	55844	146691	146712	4482	84747	79898	9807	6051	9699	254531	205717	4062	6197	347862	3737	79718	222183	56975	2314	253639	1176	25970	114798	84875	57184	5198	7284	160335	285343	5781	729614	255043	157695	222166	51276	53637	404093	23513	347736	205428	22820	200205	134553	55228	3418	91304	30820	23641	2131	26233	122553	51335	221178	124976	2621	754	9802	27439	728340	51118	253143	56941	57528	55243	131675794	130502	8663	5463	9968	90135	391356	6092	10509	122622	51186	285755	25840	4733	56479	348793	200942	286183	148254	7328	90668	147645	100101467	53373	55182	9863	375612	1282	57335	125704	126432	137392	54914	1121	10772	57186	375743	389073	388336	387921	9045	339287	23450	1364	285016	132660	165186	9729	282991	90321	57573	3376	54413	9361	222553	5770	148266	132946	4666	100287569	112479	7582	4763	64771	2316	57181	170384	307	388566	5094	399909	27044	146540	23061	25959	25788	8831	79027	91373	3182	26037	5253	197342	6884	85236	342926	9019	57209	777	10724	374900	388558	9060	9086	2153	22834	9578	25829	2475	22876	11179	169436	830	4215	51490	9937	9755	9848	7052	9867	84288	286411	3633	65979	6015	169981	90233	57540	83538	444882	790955	400553	286144	149837	55366	388135	317762	414918	131965	727800	10011	51517	1192	23564	534	2013	3672	29803	644246	64506	23053	64601	388815	55628	114044	55672	375190	642852	100505996	221710	107985246	401399	554203	101060691	440823	101928118	440078	114796	100505771	101928000	101928153	400242	90271	284900	439949	90120	101927248	10432	280	5098	57026	727956	8420	128977	23089	347689	7268	1650	720	645323	101929524	55766	124901151	400456	101929544	100289230	55000	56103	56099	56112	729991	101927531	102606463	27164	283624	102724814	79178	105371240	100128822	56111	23380	677769	112812	149013	401612	101927837	79148	105369201	26220	100129550	150590	101060684	100131997	146850	162632	339184	440248	349152	124906262	100131454
gtex__anterior_cingulate_cortex_ba24__M002	23072	56603	10180	55610	5577	57414	25998	51573	9254	9091	29116	9862	7095	7812	25900	3097	1185	54799	9604	10463	25960	9369	9921	57476	11171	51177	9497	54908	3937	168850	23518	4254	11174	89801	51528	27122	9498	1112	55745	10079	26999	57602	9474	57504	4659	54432	5128	11178	10838	55711	8943	1606	4287	9650	865	27248	5597	4925	6557	60	25996	57662	7155	2975	5527	2782	9452	9984	1653	22999	5794	27244	28962	11266	7514	3842	9522	7760	2060	51194	29887	10573	54469	8898	51593	56970	2280	55614	23193	393	51726	8761	16	11069	23256	9878	51322	22931	3091	6547	5700	55245	23613	23394	26205	57761	57144	56853	9663	23347	8731	412	79868	2332	5230	9767	56062	1821	2717	80183	81617	26512	10204	10664	79650	1186	5934	23420	9810	10391	50804	54332	64089	427	4924	81857	92609	333	22900	2901	10135	1124	1174	95681	4232	26468	80709	55664	54662	23064	11101	657	7511	8453	22794	4927	5573	7531	8649	7323	6164	7358	29118	9379	10612	26973	1982	4891	23329	56890	57122	50813	387119	135112	5467	22858	221662	2070	117247	6908	11120	1452	57222	25852	2257	2632	57088	51555	4691	2202	64895	3554	9167	390	1386	2956	4139	55103	9528	11315	9295	54955	57568	34	59349	4179	57035	55758	57134	5955	23271	90025	6446	5524	8013	26094	58517	8111	1788	25940	10171	29126	6950	84318	83690	59342	64282	55791	29066	79903	343099	11335	51251	800	23549	9217	1908	4552	10199	83732	55026	2868	23163	79143	84266	718	56927	10236	80818	10131	64430	55112	83744	23499	5782	2770	64921	6638	91860	5682	3609	112487	81533	6192	6861	547	51250	23404	9473	57693	6535	25926	7317	23345	5538	11127	7322	2926	9826	56259	1131	25778	83857	22800	8650	1965	55140	7428	2947	148281	10390	4803	51535	79577	51765	22873	3703	1514	51347	9988	2045	6885	10956	2016	55654	55681	55213	28969	11143	57129	11311	152006	79731	23213	6386	57569	102	5495	1838	54536	3184	55132	79807	5530	91445	5830	8499	4060	145389	122830	112840	146050	6727	92912	9960	55070	79068	5170	10939	80816	57521	91039	3454	9980	114827	22823	25874	55827	9869	5298	8394	23126	79805	4931	92906	6233	8502	493911	5746	66000	9711	285150	93627	64924	81545	10318	54438	57502	1807	29967	54886	23245	774	26091	55327	79780	57325	79980	7108	143098	221143	4253	54545	120379	5805	9871	64067	26278	26272	121256	9910	26040	57724	24138	10283	1601	80790	148103	54463	79705	518	9510	56934	5799	55529	29761	55005	137492	84108	9791	3098	142891	137970	23355	1974	1859	9162	84255	8764	127262	9542	8703	64760	4720	8883	9715	10020	10785	6464	200186	55129	55260	91010	899	51005	6159	114803	23528	100288142	84542	27185	56997	132789	204851	55249	285203	134	79885	5274	3428	5783	132204	7871	54716	113444	59343	7884	64789	114625	2982	4889	90826	79993	84135	221955	168667	7559	619279	23514	23353	501	8323	203238	221656	94134	123016	26012	55088	259217	29951	783	9221	2562	119504	8495	23300	80323	9665	124491	10982	399665	81605	57171	6786	10653	137695	89849	3921	29063	753	9677	22847	1876	3187	9839	375484	55031	2720	10678	80196	8493	90338	90161	9637	238	883	84287	2110	598	5621	83660	51030	257019	28998	79694	55222	29942	55731	51504	79703	3267	284131	57659	3981	10302	90806	3177	6731	152815	201626	256356	149420	10540	56674	7525	11145	284424	153129	7182	2885	25915	54762	2066	284485	147991	286499	144348	22827	285331	169200	255252	284406	64219	7485	56963	23265	23236	2894	64478	54880	114781	23258	256714	116447	9276	253769	162239	10801	155435	23768	54622	9146	169611	5034	51326	5727	84924	3852	120227	10623	54331	11118	23040	23275	339327	10123	2963	7784	399473	5649	284521	64218	2547	9858	6399	2104	54834	6536	4646	3066	6925	23365	7697	221785	1778	10242	100506658	58491	26052	9228	9814	65251	144717	11060	987	338811	9652	10479	23116	23127	29883	4976	150771	339448	2812	503542	26146	55219	1616	7936	54535	6311	79583	9289	100144603	6606	10866	11116	414919	8906	26140	730005	400954	606495	57232	100505783	387486	414764	8505	100506930	100129434	7726	92249	100132891	7955	101927609	103352539	100506994	5297	145837	644873	100129917	255167	90423	728888	100506411	119746555	100820829	100130522	503538	25832	100101267	84740	80039	7703	389741	7772	285796	105374338	124902204	107985115	150244	132241	730101	337875	728798
gtex__anterior_cingulate_cortex_ba24__M003	81887	57679	4257	57467	8193	55349	25937	1992	30846	55591	578	57514	56052	321	79567	3631	7546	1495	84062	57545	55173	55187	9341	3757	6515	65056	4058	10402	28996	9892	57217	7049	8218	10272	23210	79901	55515	6605	2736	55020	5939	9618	9138	1781	7107	7289	7419	27098	4983	4208	9262	93664	23239	1741	23085	4528	5744	5990	55968	3383	4897	5172	22861	79776	26227	10580	997	9681	7078	706	171568	63874	1690	4792	6789	655	79133	22919	28316	10627	1478	4935	5355	6594	6102	7076	143	9688	65057	51172	83716	10404	63898	10859	7040	10226	79784	2931	11033	9678	5599	59	84445	79991	9487	6649	55805	1410	55572	55291	1374	10114	3736	2054	83461	9847	23328	9896	5528	2030	23107	3977	1962	8850	11222	92840	2888	2591	2744	2677	117583	9887	79971	3964	533	23215	57488	5918	57539	84886	57678	10672	284058	63970	56243	7045	157506	113	847	3208	79269	9469	3709	9111	57468	6385	23096	6239	860	79026	4502	6662	22918	1059	10616	6237	84662	171017	57381	64919	84239	53834	79689	7538	10739	5880	9732	64753	6608	84952	54982	968	482	25938	79651	23677	348	57631	81	4046	10298	6249	1736	79228	22856	85415	3958	6538	3691	92154	5509	114904	7482	4853	57498	2012	9071	29968	10505	55336	183	55619	64114	55198	79621	274	7094	63027	79969	408	23650	58472	56965	56267	79172	10579	83478	57619	5998	121512	144165	121227	51228	9107	85416	55647	122953	5073	3801	57336	22901	112483	1453	10609	8612	641649	7226	351	115704	89790	63976	5792	223	56950	5872	6279	27173	3782	116841	127833	8446	83607	57007	54756	115286	29114	817	115265	9180	23262	2561	7162	26230	84310	1956	4478	55869	6872	90060	11160	51125	28957	55630	7436	2040	114789	138151	1979	83706	26524	2308	3708	23657	775	9223	140609	132321	5800	341880	9531	83439	678	56955	5796	5801	153478	3621	5789	130888	140890	26207	23461	147495	7273	1836	25769	9630	132	419	10600	5521	55799	114793	79623	10163	222068	8407	10361	8867	1465	1827	8659	5681	8997	755	84446	3570	9684	84911	2905	8613	54587	4774	4921	55220	9261	7447	3625	6282	2565	375295	3490	57650	81788	8833	84818	22950	151636	28999	50650	51246	256471	64850	308	4338	202151	22836	256987	23176	57107	25879	120114	145581	219654	11067	84881	11092	8879	322	115811	89927	115752	29946	558	51435	124401	114990	11170	4735	11031	6774	10768	10791	23620	79740	84632	5747	51305	6335	25932	84168	7360	81844	9758	143162	166614	3035	5209	9229	98	3790	3799	126014	1901	59350	1826	10782	3400	7690	8801	55970	171024	339122	132884	29984	56834	1605	5936	345757	148979	285590	131408	196996	5870	253314	93129	627	283933	387758	391	57513	2828	4808	2629	1662	5339	146547	2731	788	22882	2262	242	100128927	9378	54952	55785	23526	55526	6657	768211	220382	50863	28970	2130	4703	390637	29933	84133	128989	7378	149563	84319	220323	401145	1435	84441	9021	25923	55015	7625	285600	283643	54072	727910	677	8519	51082	5138	5465	285382	7003	284677	375790	10991	344901	8326	23036	4128	399827	131034	60312	57591	3914	9260	124411	81031	92689	54898	444	51062	1500	919	3897	84456	4668	26071	3133	1639	728568	4489	6453	79958	100128714	283673	54741	27040	30851	120376	440503	10809	55384	678655	285780	1052	63920	389668	80830	9842	101929428	642345	196047	768097	642597	100873947	102606465	729978	101928335	102724019	1945	442213	101929066	101929468	101928174	100874204	105379057	101929089	105374419	105370015	105369329	1519	100862680	85027	101928290	388021	729911	107984813	9236	5175	10418	2969	56957	729654	100885848	105372097	100132406	128077	118597831	442421	105373429	100996763	105373299	106660612	100887750	729375	201283	79963	114814
gtex__anterior_cingulate_cortex_ba24__M004	30812	221	1352	55735	1407	23324	23357	81551	6591	11285	23604	23517	140876	54875	64848	51474	10319	55850	27095	51602	55540	11054	57143	5476	9627	10362	4710	79091	57560	9130	5134	8974	37	57719	23505	4034	51150	131544	51668	6604	966	29992	363	581	9509	7597	55214	84196	9552	55644	55632	27285	9942	10013	8697	1725	29760	25805	1153	4616	27037	56241	10633	11020	83746	55687	5372	5684	89932	8106	57680	9985	25876	55757	23295	11151	80152	1723	4832	23417	6810	9455	65263	7993	6625	9441	51073	11140	374882	26121	57817	57130	10282	6671	84182	56913	203	83937	6387	1787	10539	9144	51264	29098	57649	1665	26273	84680	25766	55846	4055	10384	116369	9025	55776	26235	9444	730	51185	3280	80325	1154	55240	7781	2976	7841	23178	1746	4999	51253	3065	64960	3399	9129	27130	84878	10987	6909	55268	10657	84293	10212	3164	10608	84080	55905	5105	79072	55577	5269	64284	51081	10485	55795	50809	10875	84060	5471	51234	51691	84268	84817	81926	6303	147965	10844	93974	55337	91574	54991	4148	55556	85451	2874	1116	84250	54663	6441	406	55858	55082	79070	301	22881	4005	2317	11097	3142	55339	54881	158427	11258	58487	4091	1558	153020	11107	51176	3033	282809	80349	585	145864	90381	23478	29948	90507	10650	6563	94015	10256	3491	9095	7371	4259	5498	27005	51093	127018	8991	148327	128061	130497	113419	6574	151313	114790	114884	141	84466	81786	51390	56996	92399	92715	282969	871	26229	90952	284948	200132	9987	166647	124402	146556	163175	54538	81559	7508	201163	333926	26119	2176	81035	129531	653361	130617	54461	94104	29980	89970	149483	51249	29101	10898	222229	126321	2232	6427	1973	124093	7542	54987	51375	114548	467	824	129880	200539	9861	285368	79753	56898	55314	91137	57763	27089	29896	10466	84270	203522	3636	221154	11164	91252	116173	146845	9382	144100	117155	91433	375607	51755	64122	4597	90313	284339	124997	4723	1877	7439	4054	54541	132158	200845	6890	93107	80346	649	2339	55602	154007	2948	55308	92305	5480	65110	283899	23119	201255	5881	22871	4071	131616	4648	136	2941	93426	163255	7064	10869	1798	118487	254122	51162	55191	5970	203054	254102	3728	9001	2787	582	148014	126328	1466	8665	169841	8607	29882	339487	200958	29952	158056	389812	54681	114932	283284	54344	1198	122525	8575	10692	3059	64782	375748	81532	55256	6546	84206	64410	6525	126382	79174	11066	7327	10572	59307	4582	80233	54014	402573	152100	4501	4059	51547	285093	29780	399948	441191	55959	837	113835	373156	84188	163059	89848	8227	65992	92565	134701	84455	339229	4855	643008	6499	1460	84501	339453	1874	100128946	100128788	50840	338799	2532	1427	51239	2946	84342	1241	100996307	10379	730087	619207	4636	100506302	101928464	100125288	3995	343263	101927993	124906608	101927174	106478958	101927117	440498	113178	100506725	105376736	105370670	728730	28985	55853	79940	100129250	645676	154790	100132273	339822	84964	51608	84129	3112	25764	51537	632	26063	340526	64968	100289274	100996385	100131089	374887	101927459	105375666	100499484	100129129	283177	26589	102723670	100507303	100507599	283887	101926896	100505797	121725015	55957	115290	101669766	8517	101929243	101243555	105378696	388524	286554	107984974	2630	155370	503639	150776	130872
gtex__anterior_cingulate_cortex_ba24__M005	90529	6405	55471	10181	23098	56928	9256	163	64847	2115	5080	9043	4784	5980	29954	9902	9546	54903	5725	9961	53832	23034	2273	64429	211	51306	1462	4481	1767	26064	2824	26262	10806	112885	10758	8908	2665	84217	2263	55623	5255	2261	10420	9744	80216	23016	11176	8527	58476	23011	10847	9812	114899	11342	79891	10269	3732	55230	94005	6452	22795	54498	57655	7430	55357	25	8317	3983	23523	5625	6576	23598	6663	10042	9786	51635	22985	10278	5106	5360	22981	28231	57642	9770	113278	140699	55125	284217	91851	9780	9093	84148	3551	2267	4125	2997	85360	79846	29062	256227	94239	857	835	24146	28959	165	64081	8787	51003	3384	4669	54757	54868	5376	2549	54433	1182	3312	9404	83480	975	441631	10988	6539	5777	1911	5992	26271	4172	81688	7101	9749	705	55603	2690	5201	23567	5096	10342	57415	4820	1181	85461	55825	25843	84812	151393	127544	965	10000	387338	10329	64858	64747	60526	84263	55051	3437	5110	57480	51248	80209	80298	9227	51538	22865	7852	64224	5033	1017	1757	29994	79183	57169	60437	4337	745	27109	79902	284800	154796	27245	10436	8273	54850	23065	5189	7263	813	8924	57153	57509	3949	10095	80726	85441	27237	4772	6533	10401	3337	23225	85363	63827	64900	55544	23111	54885	201266	55748	84125	1875	272	83876	23175	91768	29015	9415	9413	57224	80896	1910	9238	7716	56262	9314	23452	7099	11309	4750	51008	81556	658	901	839	64116	84915	85478	81624	81542	1583	9785	92579	284111	7157	10026	6258	2212	57592	1513	8444	3707	54465	84696	51281	58190	8994	51365	275	7873	55646	56034	4651	54901	3547	137902	8601	137872	92140	9166	50808	83938	710	256364	51092	5331	2209	1793	90488	1909	2313	91409	57105	10172	7402	9425	4929	201134	118611	388650	9989	84532	27201	64092	128338	56911	64319	11030	1376	22976	57798	197258	1831	2078	347734	8365	158787	56946	60313	203260	64699	57731	284086	84447	9903	50651	51205	55083	1520	126668	113510	8545	91156	84283	23114	2992	54585	55193	153396	81789	3818	6522	55798	84267	58526	220972	220963	220979	79841	154810	5654	10818	55273	114780	5598	80975	5346	348094	162681	7008	5090	64174	146705	90007	57348	11314	117245	1499	10004	3516	84879	79064	6575	54910	4144	3635	153241	9197	6383	6091	92595	23587	4798	10446	152518	57148	11214	9788	84522	55092	7764	140733	7572	253725	5916	285268	4615	54674	2101	27129	114897	220416	947	8722	6124	51574	201625	9934	27257	286262	2290	1196	9884	147912	54503	6888	3766	80034	5187	50628	7681	144811	116135	91663	200150	90411	404201	124842	11022	23336	3985	22906	9628	8241	389114	57634	23194	146223	150209	131096	9923	201501	146198	26985	10519	79184	89782	399694	55693	7626	347240	8372	4673	6917	79048	8632	388335	284434	51114	79979	4661	9901	55340	79754	2050	55532	90592	26020	6693	9719	55153	7620	83699	11321	5365	6263	8528	196051	659	780	57139	3150	22828	1903	102724826	339231	768206	100130894	728130	84627	283089	100507533	91316	100507336	100506409	154822	100132169	9278	58486	100289098	387723	645434	358	57553	100505894	285505	100874002	342184	100874047	100133315	105370525	283692	10780	80022	26974	100506036	79873	729732	105369154	100132341	147166	352954	253039	10778
gtex__anterior_cingulate_cortex_ba24__M006	2729	54677	55049	7756	2067	57658	51667	65980	6301	23644	55812	9454	23224	26099	54929	10147	7629	119391	4802	79641	51447	23198	7353	2046	5817	54475	4854	64778	10411	3682	10998	4849	2521	55285	64857	7018	10101	113177	25793	57452	6430	79038	328	9692	5721	10406	10005	79863	9097	64743	8260	3299	83752	56942	8312	64428	9028	55174	157697	81576	53635	9141	79187	5919	9275	56654	5730	27143	79132	9094	84867	4048	57696	283383	4839	84830	222658	8899	10723	9555	5159	51011	374291	550	49856	271	6421	10459	5129	9670	79947	9324	80212	114818	51123	1	65982	51426	2971	8034	65244	79809	55509	55661	27296	64344	57187	9322	56261	4149	63941	79654	14	200316	79706	64172	94101	51690	7837	84326	139728	10328	6627	3996	5894	22889	4678	2048	196441	55119	3679	2583	29109	9411	51626	8884	57559	51196	317662	9169	54939	55466	55898	89941	1506	51651	10966	6904	7409	757	57140	57645	79169	29920	9391	129563	9125	90933	6993	9589	51631	7552	27316	26260	84131	23412	2620	51501	117532	128853	84304	57536	84735	57647	9231	22925	925	200014	30827	5018	129831	3798	5261	285367	127281	138639	4817	149473	117145	79140	84221	23181	84449	29115	5635	80174	4116	6339	554226	388962	64769	91869	6619	23588	138311	90809	56339	112937	1353	6881	1528	51117	26263	64772	124923	90522	84717	55311	55209	388753	23192	11273	53407	79663	23117	126669	79058	123591	2018	80305	5293	1503	10465	115196	83886	80194	338692	2745	84733	9973	11146	28232	2300	374819	2902	4524	84942	80324	9772	388886	8225	81575	285908	144132	11336	284459	219790	164091	80781	286256	51065	340371	64714	353322	55922	79955	349136	342977	51393	353116	6300	121642	2272	3146	9725	29068	51466	9819	100131755	6477	147686	100129858	171392	56882	79607	85028	55035	54870	54963	10455	116228	80863	1797	55937	4340	29902	5699	9946	10215	55779	255758	3931	101060200	81669	207107	100128071	100288428	146542	84320	102723508	101929947	201229	121853075	441869	105378828	1159	652968	23559	100506068	100289388	283596	101928847	100507401	550112	104310351	101929709	107986980	90024	493900	286103	10330	101927751	83593	100507218	284408	10984	8148	105377633	9326	102724488	116828	112694756	117134596	340591	84278	114819	138649	641977	147081
gtex__anterior_cingulate_cortex_ba24__M007	26224	3920	27072	3082	84883	54960	2065	51167	7089	8611	8907	9175	5250	369	114880	5050	91746	8668	2017	2346	79944	55608	9352	151887	51257	26517	23464	162	958	9388	79576	158866	1203	10295	56986	828	10430	7392	23770	3249	27000	7472	56647	6158	64854	51088	4192	5924	10923	22993	9595	51652	28956	8643	50999	29937	84251	64342	57404	10783	83982	2281	7112	4801	311	5208	79637	79144	3397	140823	7067	1350	8459	58504	64097	5920	8932	79022	6210	219855	6610	27097	5279	5270	7507	4609	23787	834	55075	51374	51138	7453	6457	497190	2653	51529	266675	54499	79590	7170	6726	2987	23671	151050	57721	55651	4684	6094	196513	55691	221336	152137	84897	4900	5137	7804	445815	84262	54933	3017	2207	714	516	6002	79957	126119	113026	8741	6154	199990	130814	51023	23429	29083	4043	25798	138716	116328	80318	55503	220296	219287	79789	29117	55323	65084	2879	92162	521	207063	7480	58485	10972	134492	26115	2857	94103	2845	22992	713	712	254359	339855	4878	4087	6199	158135	23625	64787	7334	254251	8834	767	10620	401563	8334	399664	25825	8214	4707	441061	51807	29796	22888	11124	27445	7373	342132	23660	80345	57522	51108	353088	9745	92241	5696	114769	54065	246181	91664	101929407	401251	100131213	728591	4831	55861	100533182	400916	103752584	101927288	100128881	101928251	54460	80054	404672	123624	284106	11056	4500
gtex__anterior_cingulate_cortex_ba24__M008	51226	113000	60481	22802	51121	80143	6894	23041	8537	9620	29089	6579	10914	368	55105	5434	8220	27349	54207	8846	10110	10732	128414	10916	81602	2321	51283	23217	4099	26959	10049	64077	26098	443	26511	10227	605	10973	10884	9616	66008	51086	3155	10327	8673	10808	11340	2322	400961	23408	6745	80207	4435	8678	83543	8930	26297	10749	23639	83475	10585	51751	8572	29893	5468	60678	23135	9633	6341	94240	84923	4629	81846	79587	6302	1783	10588	57471	55755	87178	79675	11226	145407	5373	54925	55244	8543	2029	57657	52	29097	79634	7941	23500	8667	220869	120	11023	84504	8479	5305	196383	91369	54819	83873	7547	64897	4690	114822	5152	23308	30815	54784	213	116441	54859	25886	64399	222962	4712	55172	118426	9318	196951	51700	27018	84191	81628	79001	5653	4336	23255	10421	7059	201254	6773	28991	120526	5569	257194	653784	83591	83759	84002	79635	389337	8302	116448	79135	3665	3858	64170	84527	56624	7730	6284	728661	11194	4155	3792	1902	7405	339883	54470	154442	4795	10206	643965	55851	56953	131118	440944	2595	339210	25817	348262	105375304	401260	4509	100131801	100505879	101929147	729993	102724768	3692	11037	85014	107986898	101928069	161582	124907392	109729181	100506581	202020	100131691	105378083	440896	102724859	728743	101928737	595135	352887
gtex__anterior_cingulate_cortex_ba24__M009	8813	6863	9855	57787	51533	54896	23026	5601	8653	5315	6093	602	55679	55663	60509	64147	51291	10044	80270	8848	8714	8567	10312	10111	1627	4968	5576	8287	25981	6185	64411	84083	1211	78996	64756	55154	51614	155051	2791	57572	84705	3508	25974	56	150472	5330	85452	128346	1939	23557	55224	57451	51256	549	25792	79925	6728	10069	9246	9364	171586	11094	93099	163589	5194	51304	200931	117289	27199	4745	374868	79759	7083	624	766	126129	2172	54811	3669	10924	1464	57804	55076	2275	100288072	7122	374659	27124	284018	25794	129293	91404	5657	9612	160	10919	80742	4499	4539	9311	124902439	6171	100302692	80069	151484	105373390	9884	100287482	161497	103695433	152206	100507602	283140	5591	101929473	196475	106660606	10628	5348	400622	105373085	727758	246126
gtex__anterior_cingulate_cortex_ba24__M010	55732	4057	4331	53340	3796	54825	6717	11018	56952	4174	79006	6923	23484	7991	3191	28974	9033	23560	8153	5957	10902	3313	56954	84223	6146	51102	9330	387496	84081	10975	10452	7376	23743	10894	3178	11137	7111	90871	65082	84299	6161	220965	5058	10284	22948	7316	291	79750	64417	79833	23589	65258	119392	60685	7567	63875	11167	7048	151651	23272	51705	51752	6208	54468	4982	119032	51693	51293	1632	84309	11337	4696	6169	200933	253982	125144	440556	5441	6635	100506504	6165	80764	124751	5813	730098	10445	83862	6168	121504	619208	177	285141	145553	79086	101928111	115557	6173	154881	284276	100526820	100507032	100131320	100133091
gtex__anterior_cingulate_cortex_ba24__M011	8498	2978	3074	84545	23063	5494	51260	56061	4946	64420	217	51020	8992	58515	51300	26355	56655	85320	8702	101410538	58513	5338	25873	1349	23647	5901	10514	3159	93343	29922	6637	51601	2768	28989	10556	219670	121053	9184	6921	51643	115416	92822	55823	112942	79005	63891	11157	154791	203286	6157	3359	784	51252	388969	4493	84233	669	148203	440574	29903	10209	80227	441951	92949	64856	84698	1436	91689	552900	3654	221491	170622	6613	100499483	6277	401431	221786	107984948	100506178	100506421	414245	124944	9939	29964	283922
gtex__anterior_cingulate_cortex_ba24__M012	54455	64951	79763	492	51619	57715	55168	8045	80821	51292	23125	135152	84759	23184	2531	10617	221443	84269	83460	7979	83448	3572	2922	5168	84681	79035	2098	25912	4211	221935	340351	7484	85395	199745	5824	9204	84315	3419	55839	197257	1841	161823	80723	83877	114825	9482	55863	65989	26156	81490	246184	4094	81858	9282	90843	79701	5571	164684	80213	4887	4603	57801	613126	339318	147949	6235	79741	51192	100505696	60674	266655	400945	388677	118827814	105370333	724102	645485
gtex__anterior_cingulate_cortex_ba24__M013	65993	51161	7042	84144	54620	23351	1522	1471	6901	5127	10166	65990	3783	729440	9149	2022	6484	54516	7060	84634	92675	631	10365	2671	10155	94030	64087	60484	1284	79161	4907	26056	81873	51754	123920	10899	55502	3486	196743	92105	738	7791	162989	4000	83590	118881	6137	147015	94274	374875	51181	10491	51112	5728	84331	54998	8636	144347	2624	126003	84629	219527	8073	6006	7390	642968	147906	4828	118472	51157	1454	6150	101927021	51236	387521	79154
gtex__anterior_cingulate_cortex_ba24__M014	23609	23541	51676	64788	4948	64748	2077	4899	3837	51147	7915	2762	30818	60386	6487	286336	7277	25953	3727	4221	80206	54840	56924	58488	4152	80856	10280	79869	808	118424	23623	284069	2786	27247	1072	79877	9793	63893	79369	79605	140461	388121	10933	2558	285193	29966	91966	85026	56114	8293	53938	57461	9907	729013	11344	400657
gtex__anterior_cingulate_cortex_ba24__M015	1634	6307	5318	102157402	7023	79968	51199	55671	4092	8767	4173	92960	27309	56133	11235	23150	26084	65977	6342	56122	25950	466	1824	53346	83939	51110	116966	8880	11080	139324	5579	29091	55276	3185	151827	222194	5718	10210	6120	128	55251	96459	7311	100506826	100130155	81488	91893	100287616
gtex__anterior_cingulate_cortex_ba24__M016	51534	4052	548645	11099	64431	55763	51816	8563	23543	2742	2553	23373	51715	6654	57213	84693	5111	114034	6926	11173	55759	84993	57117	27	10957	84623	253635	9337	57466	57477	5763	3678	10085	83986	10713	10015	100049716	1850	159013	101059918	7923	6257	23	643723	105377023	101752399
gtex__anterior_cingulate_cortex_ba24__M017	1535	10347	79960	150356	10423	64926	9368	25927	1271	64377	117166	84190	83878	50632	64784	113230	83547	284004	198437	497661	57104	51333	575	9742	219348	92070	10865	127687	257407	284184	439994	100506599	100132677	55009	401115	102577424	115804232	220729
gtex__anterior_cingulate_cortex_ba24__M018	26073	60487	10129	402055	9751	55531	3836	10286	150946	216	5436	387893	643155	3841	10533	7975	4513	4519	4536	4540	4537	4538	4535	4508	4514	51406
gtex__anterior_cingulate_cortex_ba24__M019	949	8726	2920	57506	57716	8835	55860	10677	9550	64776	10099	116159	4837	80700	221749	28	7026	79896	26058	348751	101927612	123706545	284395	2749
gtex__anterior_cingulate_cortex_ba24__M020	57455	645	57605	90249	523	8089	47	7569	339105	288	528	55698	29800	56672	84894	29944	56971	57048	83931	340385	22909	728190	100137049
gtex__anterior_cingulate_cortex_ba24__M021	91526	83641	57192	25861	9889	1760	51599	57639	55114	1456	115817	148423	55139	5347	6778	4881	374977	284739	613037	3588	2904	100093631
gtex__anterior_cingulate_cortex_ba24__M022	8439	57623	10084	84167	51053	22916	23469	7137	10742	3295	56905	60684	3622	5029	120356739	26010	148413	104355139
gtex__anterior_cingulate_cortex_ba24__M023	10157	8531	25807	27324	3083	57821	261734	1745	54540	83657	2990	119559	7469	64757	79788	100996539	5820	145438	26102	7608
gtex__anterior_cingulate_cortex_ba24__M024	115703	28990	273	113791	84271	4858	7265	51646	7010	80760	65109	2892	10228	3176	8986	130132	57453	167359	105376748
gtex__caudate_basal_ganglia__M000	23072	90293	3382	9108	23028	84254	115703	4706	7982	5577	10368	6376	1750	4293	2115	55750	3475	9912	60528	8522	4145	9254	6853	6792	57172	53616	51188	23221	54497	5081	51085	3423	11313	26993	54902	9066	55148	57709	3670	57586	9369	55655	11215	51022	51230	10953	23633	51106	6301	535	321	11345	7414	10858	27175	23274	5874	90326	1175	51606	56204	7504	5954	340533	54477	83714	5798	84957	114800	54542	5923	5662	55359	55749	23504	60488	2983	84649	124925	1975	770	55711	23294	55854	6416	9748	7089	84679	5141	9682	2009	7216	5590	6857	3421	492	5165	55593	4943	2182	3632	56850	65055	3796	10235	5526	55737	8514	139341	5217	6710	22844	440	10947	29105	815	29894	27330	84708	6720	55743	51095	1400	79041	1183	4185	4905	6620	771	51495	26034	3785	119	7587	4140	27092	6624	7879	9733	10615	7163	5909	51412	5915	5063	56915	1781	54518	88	10003	4133	9063	3093	54715	1620	3991	2222	3835	2037	22999	11043	22839	5788	22869	55322	23136	3776	56256	5026	22894	5019	1540	84273	334	51729	22979	3797	22924	9522	22911	22996	55054	27102	51701	55239	57544	2778	10059	8570	2036	23348	1795	8455	2280	9762	22895	1114	9843	29965	8079	8425	10296	29888	8646	9727	84572	16	57106	114882	4897	23335	11069	83394	4345	84502	51310	54822	10762	1312	23468	29911	54566	7093	10580	28978	114327	11332	22931	54620	112755	610	29801	29799	5594	402055	51386	9701	6305	10126	4744	23551	23492	9145	8897	8911	23112	79734	5905	2287	51382	1113	22990	5693	51016	10484	140730	7165	26164	55738	1917	54976	343637	8760	5173	57144	140679	191	81610	8715	340547	10857	5634	6855	9016	7355	83692	8237	27328	2245	1821	54457	51566	56271	2259	688	55578	160851	5257	9688	23568	50855	65009	55512	4363	3163	8925	8120	23359	23312	171177	7782	26258	5157	23087	793	56704	54332	5862	11075	4741	54758	427	10382	1209	22870	23646	79187	25999	79784	7087	8775	84518	64748	54531	5518	3780	5296	5864	6324	1749	136319	1124	2887	6804	2051	8976	1174	9678	4232	57037	27075	51422	10927	4969	22949	23189	23413	7016	57582	6456	20	54926	1855	26033	9806	5532	79004	9148	114815	8030	56521	9211	28964	5709	8787	4591	9570	57003	8506	84687	786	9343	3131	1949	1998	23158	8821	2743	83891	3338	55291	27339	1656	25758	55531	11108	9761	10645	506	56341	51699	81539	2054	8914	2597	2026	55907	55188	26127	57515	7164	221692	10486	81491	202559	8936	84498	5528	3617	3910	59084	55722	1007	10087	56132	57396	55819	2566	10923	10007	23548	3274	55186	11235	11334	8087	7348	57501	10289	1981	8745	1716	10120	29959	51130	1768	23301	7475	10058	3069	10494	55041	26003	22930	8604	9167	22848	10056	1718	27101	9917	23463	26038	11315	271	6723	9887	7799	127700	9783	10000	6390	80135	5999	117178	6513	79033	2166	8674	163404	9890	4297	6543	79630	6785	1268	81573	4602	118427	2733	54836	4702	57706	9480	84878	91754	57718	79696	4329	51004	54812	53335	4072	2805	84918	5110	39	56243	440073	400	83468	2185	5533	23435	3764	576	2170	55116	51193	3208	92	22987	2971	57179	1314	127495	83637	3181	644150	29960	23349	800	170685	1959	11130	9559	11113	79039	11059	5153	9643	51209	130399	10888	5335	78997	57403	5740	6780	29993	4337	6903	9587	116138	4201	57699	7913	9521	9208	2806	84899	7737	4987	79085	6253	8189	27111	80023	6238	5126	24141	128637	10893	3831	84063	5582	117154	171017	10245	55288	8021	5605	3188	51309	59353	64768	64919	79575	5300	79939	9143	146330	25953	57168	7533	7732	9296	57464	64101	10651	1123	2571	6638	10776	3746	84932	4738	7905	2258	83855	58986	79948	6861	79057	51295	1804	23039	9667	51690	51429	51250	83861	4301	4705	23025	25830	157922	6295	140700	1571	10298	445	4294	57470	7776	10277	22927	23345	84905	2686	23229	529	51132	7187	3748	80762	8500	8799	83636	51318	10514	1742	6616	128434	10955	6860	51761	23281	10810	2835	1131	4628	57511	84707	79589	55859	55643	10313	9215	23608	116988	78986	23508	55207	8774	377	57498	63982	4677	57614	84893	51765	8565	51361	22873	7174	3703	152831	55312	29979	3351	80759	10492	112609	967	27165	116986	5502	2583	23017	9053	85021	6553	80003	2752	85397	80326	80210	51719	9648	64965	50649	84102	5100	79621	9882	9771	1607	28988	6326	55627	2572	4957	1861	9568	5695	347252	670	7172	85462	9873	84811	57569	23005	51103	54839	3706	80021	10017	54874	8634	85465	10669	10097	80204	10128	1838	84896	310	29081	29789	10152	55032	83478	8916	84162	55752	80144	9061	5530	23162	23710	55605	51067	6843	22822	79035	7786	55716	122060	64062	84530	4857	83851	376267	10516	6938	85455	49855	7168	1039	10300	3394	22980	9611	8533	28987	1213	6875	2774	409	50488	342667	773	6455	757	114783	59283	5694	5195	127703	79932	23038	3321	481	261726	25874	64326	5546	80222	2029	3756	55061	7170	10456	1944	6016	375	79823	51057	57282	285175	57624	9686	79137	57574	80852	85403	84892	2803	10550	9515	817	285533	8001	1016	10769	5066	64839	171019	2561	78991	23138	10814	26045	153527	22838	29777	7162	84553	134829	2830	58527	4191	30011	94122	7592	1730	3358	526	7013	55638	114569	51059	80728	53358	84909	54886	54107	80142	114789	23590	221061	92211	9118	84280	159963	8525	1813	4863	60496	9651	6327	85449	64405	8448	22866	1737	775	7068	114134	2132	10873	8872	112936	1814	1646	10570	387923	143384	7073	144423	130733	6014	2977	9456	814	5213	133686	115827	152789	5801	6328	25827	5789	148103	8526	781	284161	26289	135154	57338	1010	9868	7345	518	8470	27342	80028	129684	5799	528	2890	10670	92370	116442	23426	3798	23362	138199	145483	3778	9508	22986	5097	3788	27020	9530	23355	375323	23057	9372	491	6854	23648	3361	9069	3815	9162	203197	673	9478	56896	26100	2134	22808	8450	3745	55607	1780	3362	124044	2039	84134	2035	124995	9900	57369	8208	5710	7062	1636	10417	84303	9114	808	55108	8997	4047	138162	10444	80308	1141	9673	56893	60680	1857	4868	25946	284069	160622	51728	7627	115	22941	2785	65260	50651	553115	55450	54587	8880	64123	127002	57863	163589	79762	163882	574407	347730	3754	151354	150726	130367	133015	388695	6944	152519	55249	317649	92703	80128	10109	7203	201595	23122	56648	8618	132204	85443	64419	54585	113444	59343	54965	84448	23173	3015	133308	8927	79012	9348	2982	26269	4886	4889	651746	4724	3360	1879	94081	168002	23366	22853	1508	107	27012	5001	1020	501	7534	55656	54704	54769	79698	84302	6990	26130	65268	7415	83550	283209	3251	282974	57447	64112	783	55530	27079	84936	654429	1152	2562	55800	322	124359	222865	123169	5579	23423	7184	10904	9640	3359	89927	89797	84516	54386	10369	63928	114794	7529	129049	5245	57611	6668	51704	7644	146713	125058	112476	121274	84940	90522	85300	80700	90990	283248	84926	283987	6730	146664	57524	26580	956	4992	3761	149603	28511	7266	359948	57215	54899	3660	84684	51362	9796	2237	1128	27065	3354	10815	7386	84632	7336	5865	10636	114787	7881	25942	59339	3094	64118	22871	50834	1501	9185	9758	7532	9283	51617	57484	56980	91752	55890	222008	160518	84305	164832	5272	9229	195814	2850	27258	90161	883	5581	9655	4884	283742	3777	283455	8941	65989	5356	8507	6919	57687	23261	4807	170394	246243	7857	11346	2596	253152	114900	1798	55352	8708	10248	10231	64137	9854	10125	122704	80011	283985	26960	338692	10777	111	22885	158399	3642	256130	79834	29903	286205	9804	91646	57674	81033	253959	488	10302	170261	26047	127845	7368	11041	9610	254263	26470	155185	344758	170506	9435	55690	89792	56675	219749	1212	5122	64770	79772	10458	379	9832	153364	55254	339344	80059	25914	163126	126272	84277	148252	2788	8851	10409	9240	10522	345778	6330	8408	284716	157807	80205	3738	7156	64110	441951	125170	266812	7182	51046	401474	9332	222183	3766	387856	1176	55272	9659	205147	441151	63917	7766	3350	404217	80034	27132	144347	79415	399668	51341	55030	93621	2193	9500	23302	1960	3352	400126	388394	220202	9495	7710	22864	118672	8575	124274	85453	1132	5464	64388	283554	64219	389197	9625	23109	5912	54112	57463	10193	3418	10159	3739	2567	338707	8905	785	23265	9951	4692	9312	340146	1397	55794	6000	6734	2130	9112	5121	57118	2842	5877	80164	9403	27439	284656	646658	9241	23466	10293	57528	386617	51807	28958	8508	3786	152	126382	283871	6586	256714	645974	26039	3751	340542	51286	1850	84189	138046	5413	56478	1812	6612	140597	752	79050	6092	389257	56899	57419	137868	149175	255275	27124	55015	64409	266722	6450	400451	374920	9899	8224	5453	399947	80333	527	257240	146760	220107	84871	23396	340529	23621	260293	4674	401190	4771	139599	613	758	387978	164656	342865	23270	1630	7874	378884	54932	404037	94107	2563	10507	729956	29978	51463	375790	5575	170622	345630	344838	149297	345222	5649	340120	51155	401994	145853	7259	23708	400745	11122	50859	151525	6829	2917	29068	8295	55190	140465	51434	399687	4122	4311	8912	55966	55684	643836	961	343990	6334	10447	199704	644596	309	85379	388662	23507	135398	104	3064	50861	142678	6709	222662	8733	54557	81553	28512	140885	337876	777	642489	5178	219844	340578	50618	4914	9747	51441	51062	339541	9874	6262	801	55705	124930	10497	347731	192683	6263	146923	6721	57692	134548	375057	389432	9293	387066	2664	340745	221424	340543	53344	340527	55219	5089	6048	7936	440894	2794	653316	57469	440145	390205	441376	84912	613212	7114	100506731	51451	339674	6453	403313	10921	220164	201475	201562	348801	131405	114786	339263	441518	84258	10962	125113	2086	402	594855	4722	5500	729399	3672	8906	646951	51400	400954	221092	137886	134111	440270	1654	283514	100131390	29092	440400	645191	6844	5534	91584	1159	347549	285954	285878	105373377	107985190	100507171	100129480	440823	440465	100506714	102723341	57291	100505538	107985820	100507336	401288	100506274	100131244	151484	100506930	100303755	150786	728192	105372840	100505881	105373507	200726	150568	390616	84968	91368	400958	100189589	440132	51373	10687	257068	57026	8577	23600	398	23089	103695433	10443	338817	100131067	654790	25864	56138	101926904	222537	25907	642797	100507043	102524628	157627	388610	100507341	347051	552889	56109	157376	105376541	54551	55845	493861	23741	400046	26065	647979	23732	150967	100287559	343702	9236	103344931	644242	100507421	106456574	100507050	83482	79585	100129781	105371735	100505576	140735	80755	284408	100507433	147670	29057	100289341	375196	100505761	152217	91608	338758	284615	11165	84740	8447	26220	2904	112441426	6880	140883	157285	8396	4747	641467	79893	84311	105377031	64881	359809	401442	113523639	55056	105372432	101929059	29798	100129223	124903640	101929748	122319436	100131998	441242	400322	100132288	729375	728554	105373383	79986	80862	283777
gtex__caudate_basal_ganglia__M001	8813	3075	29916	79007	6542	5965	3980	9256	3675	57157	1352	3720	23166	55727	54443	23177	8491	7869	5704	5010	1195	55703	1355	440193	27032	92745	1272	8540	477	57210	57476	4719	3298	11231	8635	4285	5583	55591	55334	2530	55773	8452	26009	9099	27430	1008	5685	54884	1495	5256	5431	1356	23196	4052	81037	23327	51528	9603	9709	23105	23101	51742	23095	23201	26999	23118	58508	23369	51663	57095	8975	29927	493	6894	65125	9410	1001	1431	3029	55726	28996	8625	5378	2065	23536	23013	55248	51665	1496	27107	10565	4756	89795	57595	4205	24140	221395	10060	10681	4040	8518	4925	23446	54916	9993	79364	26986	8440	9448	537	28951	55117	5566	22859	10290	7037	6793	23291	83642	6605	10979	6480	1207	11343	59277	51175	27332	9462	5250	2355	27091	285527	55973	22920	25930	7374	88455	83992	23032	10529	5289	57103	8871	2782	117	4898	5108	83737	57644	6507	7145	8556	29843	55604	8417	8671	6595	260425	55218	65985	9812	56113	2533	9689	114899	905	4779	2932	3693	23085	23033	9706	3842	10325	2195	56910	57613	200081	790	57531	29957	5243	8895	4528	23259	55624	23139	2196	55696	79796	4313	118	10992	51290	55616	6614	84678	10961	55900	25977	55760	6548	10558	51324	10795	8761	27327	3912	1738	54890	11198	825	117584	51430	4436	4214	372	51100	3983	79956	387680	5442	2872	51733	23481	55964	27156	4627	8664	11154	51199	10668	26520	22938	3705	4522	9894	9252	394	57446	80331	10732	9777	51654	26051	9218	8731	9388	8780	4281	10735	340554	3750	10389	56062	10916	54602	8874	10725	29070	79918	79152	83693	4833	408050	1186	8140	6650	9738	57020	79719	25963	2553	80208	4683	1666	6422	3646	9694	54108	6713	10994	8725	25865	11100	7297	1954	54922	30000	56006	23080	64327	3955	23288	8887	23242	2617	8662	5803	8985	113263	54664	653857	168391	7458	158471	23586	320	23268	5599	219699	10367	54462	57584	79991	9126	219771	9110	9400	9527	55813	1655	9267	40	10014	4355	64750	1845	5957	5602	51166	23321	7468	9693	25854	91057	7704	8882	7007	27087	23130	10938	329	867	6506	4928	2965	8496	79611	10988	283383	51258	1108	23074	2784	8078	4739	79632	135112	9750	9439	55856	8724	10767	7957	9444	55754	26054	57666	55914	4124	10902	23530	8622	3702	9685	4437	900	5515	2246	2908	373	80006	79770	5917	23286	10915	1809	57222	604	7337	7029	590	523	57599	64689	6787	55683	57669	2820	2888	6711	10314	2202	55818	79954	6801	10153	23683	1615	63892	2034	4780	2043	7840	23341	7143	9731	127428	80267	5906	55870	54856	9181	85440	3953	6738	10745	23046	4811	51440	4548	1486	10327	8503	8548	1810	23215	2152	58155	57035	8289	1509	83479	9331	23120	9789	9994	26234	103910	6696	56171	7320	9414	5887	6418	26147	79109	56252	10577	8892	57862	54454	29094	3437	3433	4601	10285	26123	79591	80314	9499	51780	8795	10174	64282	7750	64786	989	80820	55975	30010	11328	28981	23389	8082	5585	466	4035	262	29078	9926	57826	2181	90203	57580	8202	56937	55661	23326	7596	8239	10385	23408	57510	55831	23019	583	23157	5469	84938	718	2354	11034	56926	10236	11190	8242	79639	826	10054	51119	5199	22863	22890	83744	79717	5787	5322	23352	23030	10142	2770	8910	54487	80833	25913	222256	4289	8924	56984	57705	440275	90416	54832	1315	23022	8424	1635	51105	1032	84962	58533	7011	9459	6192	547	79709	25804	3911	23211	55902	7700	23199	23473	23180	64145	54882	10656	7691	2643	90379	84034	23167	23277	85013	6388	27183	9826	10207	10208	254428	9911	55425	123811	23037	90956	694	91298	79572	81846	9811	891	10752	89978	6272	5738	9475	4613	129607	902	85004	80763	4038	1837	337867	11095	23670	23287	84749	84900	1840	50640	60561	6733	55226	3178	8763	2799	4193	1783	54583	9857	9654	26122	2317	8803	9445	1102	3936	9805	9238	10588	10241	10238	86	2058	51133	84317	64855	10868	10244	2800	55833	55667	116113	63971	55362	9656	51439	11309	60492	79731	8836	440279	79811	10964	204962	109	9585	953	22891	471	79800	9360	6744	26035	5593	27163	950	83606	144402	58516	53919	347902	121260	283537	6601	64403	85439	9990	10169	256586	2108	64784	463	221184	1009	23174	8844	10140	55275	54828	10939	116	114876	4864	114804	56270	5596	5366	10907	90378	7409	1291	10498	55244	23521	473	84224	3339	22823	1952	23179	57530	81609	81611	29956	7159	3608	1130	8476	142	8497	22874	27436	51542	23020	94097	23190	151194	26018	22989	9711	9353	8893	1609	57205	493856	54532	92345	10299	10184	5921	25816	57451	26249	7941	54511	221322	57583	9202	357	55869	6567	8473	55086	6134	79618	6867	29967	4781	123	26267	414328	9919	254427	80013	6935	84504	57689	10480	85456	10658	6188	9219	10205	84866	84159	23284	2823	85458	57512	89910	288	2059	22944	54842	6868	80014	79682	60485	51594	56477	130074	2895	120534	498	5163	127933	134359	64421	255967	4154	23171	2697	51351	51061	1070	3192	5903	25909	10461	5937	50807	79888	154043	221895	80790	9320	1054	124540	221302	54463	375056	91694	728577	6921	63895	65258	51560	91369	81552	51633	23097	64210	65983	6566	23367	23165	79831	130535	90550	7102	7074	6832	159090	1915	25921	23522	6529	132949	4643	84187	257397	124565	5192	55179	26053	340348	56946	9753	85414	7391	65018	56990	6651	861	23515	23400	11189	57519	267	9813	29	9619	54020	8566	6285	57731	23387	5701	55324	6427	284361	221496	124222	57190	3716	84328	7398	2634	115361	10092	93185	23385	148362	10611	57326	285203	476	5584	23001	5783	57406	323	84818	25898	84343	54861	79443	55689	8314	26043	5364	80335	79884	51313	54726	25836	84059	153733	133619	202333	167153	57763	134510	10412	84340	2898	10370	5828	5885	26173	81034	25962	9897	11168	51271	3190	11244	65083	143279	9147	169714	64324	57608	6297	143872	145567	85459	11245	83700	84706	8945	6609	81832	84460	6764	144100	113201	374654	23306	6809	54893	4088	4130	64400	4141	80221	10999	1398	23102	8085	10653	64359	55769	1632	21	1642	3921	5871	55788	3800	115294	1841	203190	8754	157638	255743	10098	85476	255189	4204	367	25849	23099	23214	4330	8706	9197	5747	9839	163590	51621	65988	79724	1107	7324	2018	166614	5209	23204	79145	93622	84864	79188	286046	203062	55006	27094	29071	118812	203245	124583	3752	27115	22883	2186	57449	55729	10243	4300	361	54205	257019	257194	7690	2783	3054	5883	79612	54961	8824	6670	4615	60495	283450	54625	91683	49854	4296	64801	254102	5797	1106	6573	163049	27333	10594	148808	55196	9662	10897	1488	545	5708	10540	23015	5771	4023	9092	5029	146691	122046	79666	84747	163259	116068	79898	9807	6051	205717	7298	196527	347862	3737	253461	79718	3725	56975	253639	254251	340152	5339	114798	284241	84875	23512	57184	5198	7284	127254	160335	285343	5781	23241	10472	9378	66004	157695	222166	374986	55432	53637	25994	205428	22820	79673	134553	55228	30820	23641	2131	7325	122553	23236	7267	51335	23705	124976	83698	754	9802	158358	51118	253143	283298	286826	55243	10766	130502	8663	9276	348013	25840	7026	6667	399694	4733	56479	23299	283149	84937	4675	7328	147645	375612	7100	51393	10445	5359	54914	1121	57186	6613	375743	387707	340277	147694	339287	642938	26155	23450	1364	54510	132660	165186	9729	282991	79633	57573	3376	9361	222553	5770	2050	148266	165679	100287569	112479	64771	2316	57181	170384	163227	399909	27044	146540	10438	23061	25959	25788	8831	79027	55753	26037	5253	6884	100506658	121504	85236	57209	10724	285989	23054	27347	9652	9060	10479	22834	9578	2475	22876	4976	9909	11179	100129792	830	7150	9937	9848	7052	9867	3633	65979	1290	55777	7920	7916	90233	80742	57540	83538	286144	149837	55366	54458	317762	1375	57194	131873	55779	131965	440944	22908	727800	84986	51517	92482	23053	340267	84461	644019	55628	729852	375190	5520	100506100	6293	642852	101927027	100505996	221710	107985246	400765	554203	101928118	643837	122539212	114796	643699	101928000	8629	387882	90271	9884	90120	101927248	81567	10432	5098	80301	727956	128977	101929238	347689	56134	7268	1650	10137	152206	729678	645323	100289388	121233923	124901151	90342	100499177	55000	5591	105375624	388327	91612	51750	283624	6038	105370648	105371240	92002	202020	57597	677769	503538	124900758	100129550	101060684	100131997	57223	57636	1602	284098	31	107984345	123706524	107986669	162632	440248	654466	399815
gtex__caudate_basal_ganglia__M002	90529	8379	56603	23129	10180	55610	10943	10127	5048	5080	9091	29116	9043	10157	23542	9862	7095	7812	29954	51603	22955	3097	1185	9902	54903	54799	5725	5286	10463	10903	53832	25960	2273	64429	11171	29781	51306	56052	9497	5981	9172	1462	26064	54908	3937	4134	57120	168850	4254	27122	7984	23223	1112	55745	10079	57602	112885	2665	57458	4659	54432	6916	4084	5128	55650	11178	10838	22998	8943	91526	3735	2263	55623	5255	7813	30836	2261	27248	54549	5597	11099	79658	5134	64398	8974	10335	3993	5743	23332	5522	6557	23151	5337	23609	5609	7155	2975	5527	9452	58476	9984	1653	5794	23011	27244	28962	57092	55100	7514	11342	55663	7760	2060	55230	51194	54469	55787	8310	8898	94005	56970	9489	51161	57506	57655	23193	393	2802	55763	23231	2099	23256	9878	1384	10044	51322	3096	8317	23523	23759	6663	23543	9786	23002	51635	5700	22985	57820	5106	55245	23613	23394	1522	26205	9770	113278	9675	23347	115201	412	79868	2332	5230	158866	2717	80183	3356	81617	26512	10204	10664	7249	9093	5934	23322	23420	10391	7082	51366	4173	4125	2997	54938	2217	11024	92609	9149	22900	7639	154661	85865	10135	29062	94239	835	95681	2737	7046	54829	1842	26468	23064	7763	3257	657	91452	23185	9644	7511	8453	64081	22794	4927	51003	27077	7531	5376	8649	7323	2549	6164	7466	54433	1182	51091	55325	7358	29118	1075	28960	79073	10612	26973	1982	975	4891	51411	6539	4939	5869	56890	57122	1911	5992	387119	22858	51715	1297	60682	81688	5191	6908	55603	2690	7060	4001	23398	1452	10342	2632	57088	51555	54800	4820	4691	84695	2335	64895	3554	9173	80146	8576	60482	390	1386	2956	65977	4139	9528	57535	3749	81563	9927	9295	1429	34	59349	4179	10560	387338	1266	7292	55758	3925	57134	25936	5955	23271	4033	6446	64747	5524	26190	8013	26094	58517	55051	1788	25940	79627	7010	10171	79886	29126	80177	6950	80209	7045	9227	9034	55791	79712	7852	5395	64224	84668	51251	11319	55297	29994	51604	57169	60437	8675	83732	745	55026	79902	84266	154796	23769	6776	10131	27245	64430	6495	55112	8273	23065	23499	6049	5782	5189	7263	91860	3609	57509	112487	81533	55274	85441	6874	7317	4772	5538	6533	47	7322	64087	55860	3337	54862	10693	23225	85363	51540	64208	7818	50717	56259	64900	23164	25778	57180	83857	85444	1875	23075	22800	3295	4221	57578	8650	7428	23175	79577	1794	55143	29015	27202	2113	1514	51347	6926	577	7024	10956	57224	79786	84284	1660	55654	55681	55213	1910	83852	53346	7716	11143	57129	11311	9314	23452	55755	152006	51754	9856	132864	23213	6386	64776	102	5495	79172	51196	51008	81556	51191	3184	658	55132	901	57619	27068	79807	1950	64116	5998	91445	5830	4060	54934	60314	81624	145389	122830	112840	146050	663	92912	10099	9960	5045	79068	9785	5170	57521	4152	3454	9980	5567	6258	57592	1513	5298	8394	23126	8444	8751	65123	84451	3707	92906	8502	9922	8994	91653	58478	93627	285440	4651	55814	64924	81545	10318	54438	84630	64418	57502	8573	7403	2719	8601	54904	51110	92140	23245	84895	221074	26091	2746	710	79780	51524	3619	51092	5331	143098	51503	55208	219854	221143	116966	54545	120379	5805	90488	9223	64067	1909	3628	2313	2555	26278	667	121256	29970	9910	253635	57105	57724	24138	3087	7402	85445	10283	9425	1601	10018	79705	201134	55740	388650	9510	23228	84532	51582	55529	55326	118813	64092	29761	9337	138241	285172	65062	25769	84108	3098	142891	1974	11030	1376	22976	1859	2078	347734	127262	2176	114928	115584	57685	8883	9715	10020	149076	3689	6464	103	84939	80228	55260	6159	84447	11080	431707	7412	23528	100288142	55083	824	130132	27185	1520	10602	113510	204851	91156	23114	55193	7884	114625	51705	22824	6059	90826	153396	79993	836	84135	7098	23305	10559	168667	7559	23462	619279	23514	23353	6522	8323	91147	203238	6850	55798	84267	58526	94134	220963	123016	7248	259217	154810	9221	10818	119504	1200	159195	8495	5598	8509	4176	27018	9665	162681	6778	115752	10982	399665	57171	3481	64174	6240	148137	137695	117245	1499	3516	6890	6575	6774	134218	22847	3635	153241	1876	7059	4881	6335	196074	1677	7360	6091	3684	10477	2720	4798	10446	57148	11214	8493	9788	90338	9637	4534	84522	84287	171023	93134	92342	5728	5621	83660	51030	7764	5859	28998	140733	10978	7572	79694	93550	339122	1717	55731	10655	5707	947	253827	144577	54872	9416	57659	23051	3981	6124	266743	90806	51574	6731	201626	51319	256356	56674	55508	7525	9699	11145	344148	200958	54503	153129	57453	11253	79605	28976	2885	54762	25970	143888	389072	2731	2066	2859	147991	79818	5187	144348	144811	116135	727957	22827	10194	90411	169200	404201	124842	91351	23336	6304	1436	100506380	28970	6546	54880	57634	23194	128989	146223	114781	219527	8073	23258	140739	5463	116447	253769	162239	5142	9923	155435	146198	26985	2157	283820	6948	79184	169611	89782	10933	79896	84924	120227	55693	7626	342035	115560	54331	11118	257106	347240	23275	4673	79659	9863	1282	6917	79048	284434	7477	282973	643155	147837	284521	3556	284759	9901	2547	79711	55660	23654	3066	6925	55532	7442	147686	221785	3482	1778	51703	6584	147906	4644	58491	613037	9814	144717	7620	11321	29883	4860	9853	57713	339448	1756	26128	124900275	26146	659	3304	3303	8449	5987	8293	3150	10866	253018	11116	22828	51075	1903	26140	401397	728130	388815	100302401	65010	400619	8505	92249	100507582	100874058	100499405	101927891	57461	23761	9907	79168	283104	105369192	257396	285505	100874002	342184	100885776	339874	728888	56112	284276	80022	149013	124904535	25832	100101267	80039	7772	126661	6905	145783	101928737	105369154	106660612	114819	100132341	132241	147166	352954	100093631	79963	253039	10778
gtex__caudate_basal_ganglia__M003	55471	381	23098	1856	55013	26022	51330	221	79090	55735	5689	1407	83930	57467	2067	23324	22902	6591	114879	6050	11285	54480	84908	2324	259282	23517	140876	9820	8481	64848	51474	10319	9564	1535	55850	27095	51602	55540	8531	11054	10147	10362	4710	782	79091	79990	57560	602	55658	4335	5423	6949	9130	87	37	8578	57719	23505	5362	55094	4034	369	51150	1638	440515	51668	29093	3682	79891	29992	231	363	581	6790	57017	8550	4938	5829	51605	2521	57060	57192	51776	9552	23594	55644	55632	57556	4637	8697	1725	54187	25861	54873	113177	4616	8216	83874	56241	200312	2678	129138	1565	23170	27352	11020	9978	83746	55687	5372	9889	5684	6430	89932	9985	8480	28231	25876	10406	10005	9663	5935	55757	10240	23295	11151	80152	9057	58189	64428	6810	3551	6674	1936	7993	157697	6625	11129	64130	92960	55111	9441	22898	51073	4818	11140	9266	25789	57130	79846	10282	6671	50617	79989	84725	84182	3315	56913	24146	6424	64983	54981	203	1787	9562	8729	22852	56647	10539	2584	3384	9144	2648	6945	51225	29098	26151	90410	57620	55805	23360	64231	26273	969	55846	80018	4055	79676	1967	57696	10384	6428	26235	10973	8382	5067	51185	80325	1154	85461	2976	7841	550	10190	4999	3065	6421	965	64960	3964	3399	64175	10969	283571	80127	10965	10987	6909	55268	9409	57413	64333	3164	5393	84080	55905	5105	55795	10436	50809	7979	10875	85378	51691	84268	55320	79651	25759	81926	55780	6303	147965	80726	10844	84326	27237	93974	91574	85313	64432	261734	10948	10401	6627	4148	55556	10346	80895	25957	9406	4678	1116	8471	84250	54663	66035	114904	406	8536	79768	1573	55858	55082	79070	301	5025	4005	23479	55901	9649	2356	54881	158427	11258	89953	4926	4750	4091	54816	5876	55589	306	3033	282809	80349	585	145864	64755	7385	55114	8720	2588	2622	10650	6563	94015	1453	55520	91978	7371	27005	51093	23557	128061	84874	64969	113419	6574	284992	132001	114790	29926	51143	114884	55164	93109	2966	154214	56996	7552	84186	92715	92170	283212	871	117532	256364	26229	196383	3758	91409	81615	83734	117143	166647	64682	9481	124402	7342	7508	201163	81894	333926	10694	9556	51001	121665	8365	129531	124245	130617	94104	65264	89970	79140	55721	29101	7307	23076	326	755	284086	26097	2224	4796	51149	222229	126321	2905	2232	3678	80174	7542	54987	51375	467	51205	92291	200185	64320	9861	285368	130557	9204	79753	56898	10424	91137	285761	9263	29896	10466	26266	79778	221656	55503	84270	3636	221154	122945	158584	116225	90809	55701	145376	91252	116173	27343	221120	116159	201161	5347	64122	762	4597	57701	51031	51293	4723	1877	132158	80346	2339	55602	154007	2948	53407	55308	4144	5480	3965	3187	65110	10960	53917	283899	23119	201255	5881	4071	131616	4648	9121	2353	136	4862	80305	284076	2941	55863	81831	51013	51545	93426	163255	5394	10465	10869	566	25988	118487	254122	51162	2787	23592	7096	582	148014	126328	80851	1466	55486	146712	8607	375757	340481	286262	29882	339487	6470	29952	55367	158056	283417	1198	122525	340390	91663	3059	1728	64782	64582	200205	91304	51329	81532	3770	55256	2621	84206	253190	441061	64410	256281	89876	79174	9021	7327	10572	10519	3297	3563	8558	4582	54014	54093	55599	402573	114826	339327	4501	4059	51547	339451	285093	57801	401541	137392	1806	144404	134637	196528	441239	4661	399948	441191	440348	7695	90592	837	11152	203102	6799	219927	91373	54798	373156	57799	645811	84188	65250	1675	85028	65992	54870	388558	7975	64423	84288	92565	134701	84455	6920	4855	80863	643008	8859	1797	6499	1460	3134	84501	339453	1874	9946	100128788	50840	338799	2532	9534	255758	51239	1147	2946	84342	102724826	10379	4207	619207	644246	4636	100130449	2189	3995	124906608	729467	84627	2074	100506392	101927117	100288428	101928222	101929212	113178	112268276	102682016	7503	105376736	100132948	101927541	28985	55853	79940	100129434	729978	344	158376	645676	154790	58486	401491	100506922	105378828	100132273	5863	387723	84964	51608	84129	57002	112817	25764	632	401074	340526	100137049	64968	284080	100129917	441046	101929191	105375666	123466203	100499484	127138868	10597	2342	100287944	101101773	379025	107985879	26589	642366	100507303	105371414	119139901	23380	400622	101669766	8517	101929243	101752399	79159	79873	100130890	130932201	107984273	124901966	128125822	105374254	107986626	388524	105376860	107984974	2630	652276	150776	130872
gtex__caudate_basal_ganglia__M004	64063	84058	57414	5164	151531	57787	54879	55692	25900	51533	10867	8193	2137	23649	23584	23154	6683	2554	578	7204	3631	84062	10659	25875	5601	84067	5291	3757	5318	9474	57504	6515	51564	10188	65056	4058	11218	9892	1308	119391	25791	5315	57217	10272	490	949	8463	60	79960	273	7419	114880	56681	11158	6604	1741	60509	3030	43	2775	5744	55968	5172	22861	53904	513	997	11252	171568	1690	79609	114088	5494	26090	6789	5332	7125	56853	10627	55125	1478	2742	4168	6594	8848	55565	54550	51172	57214	50804	2138	55174	3783	4858	28974	10469	51231	6511	23217	333	478	3978	93436	80714	2931	2901	4967	11033	54504	3614	54927	727	1759	79176	10900	23125	54940	55294	4013	9379	9828	8567	9600	84867	65981	4598	3736	23329	83461	9847	5467	1432	221662	2762	2030	10307	29102	5144	1627	942	2257	11222	9381	92840	57142	2591	2744	2677	5510	6342	4209	9829	23266	10765	57576	57488	90025	6185	57539	9615	9270	11064	85365	2281	26507	30819	2891	84318	10808	11340	317	943	29990	84083	11155	343099	1211	84650	10102	57468	23096	79177	2914	6631	2892	57187	80025	63908	83541	51614	6487	23263	58506	26030	83543	286336	135	9732	64753	55930	57153	84074	10452	57631	81	55201	10439	50632	84929	6249	139728	1736	54897	2161	9467	29893	79228	3597	84152	145447	23108	9201	10250	84626	84332	51520	4212	148281	7482	4803	51303	3939	79161	26136	57231	2045	6885	9840	9924	23416	54806	10505	84865	9764	64114	4008	313	26750	150472	7111	113220	3590	63027	6941	79969	408	5607	56965	5330	56924	9581	1558	50624	10579	90525	144165	8499	9107	91012	10150	122953	84656	3801	22901	26502	2886	641649	351	115704	112703	5792	55827	9970	51686	127833	10130	11159	129804	3899	6323	151126	1745	64708	115286	29114	57552	55840	287	6715	9180	5295	81786	26230	55262	90060	139818	51312	54212	51125	7436	220869	140459	286257	774	5995	57325	220064	1006	1740	151242	3708	5800	8853	79750	341880	55835	53354	6728	130940	51571	125476	153478	925	80309	140890	7070	26207	10350	4685	80746	152992	9844	83873	419	10600	118980	122402	5521	3084	55799	114793	55698	79623	9542	222068	8407	10361	8867	148523	5152	10785	7410	54058	84446	54865	9684	1173	3699	255104	6339	9077	127795	91624	114548	284525	55220	79677	554226	200539	6282	134	57650	7048	5274	213	7871	132014	2992	54859	55764	64789	51246	4338	7015	23176	134957	79722	348980	285613	364	120114	11067	161436	509	402381	120939	11092	26012	4745	3747	121457	717	374868	440026	81565	6447	6786	51693	784	10501	374875	89849	114990	2786	23255	79089	753	146212	129303	2915	5604	126129	146395	2705	9079	375484	55031	6588	143162	10678	3035	98	55038	5569	59350	1826	151827	253782	54796	10534	79703	3267	162466	6712	345757	148979	253980	64837	131408	196996	57628	5870	7025	7694	283933	284424	284358	4524	5426	8541	284485	286499	242	144132	1003	253650	7054	23526	5179	55076	29072	285973	90355	375748	439921	22906	50863	150084	4703	51428	54039	119559	10317	148641	131675794	84319	401145	340061	4753	9074	7490	7625	5071	283643	8519	84856	126520	2558	728621	23040	5138	3861	83715	55182	284677	145873	84527	284338	7784	56624	389073	7390	120892	23036	90835	63929	283601	60491	56164	131034	147929	9819	60312	4646	4763	3914	23365	9260	160	642968	7741	84619	6714	10242	955	6120	26052	23230	9228	2870	161145	83694	444	83699	118472	1500	987	3897	221002	100128531	100113403	10919	3133	1639	29902	56114	79583	65986	5699	6606	100130311	79958	27040	1192	147699	79086	768206	10195	10809	55384	353149	100128264	63920	84561	378881	102724224	101060691	101929407	102724094	107985194	91149	386597	124902439	101927768	284798	105370670	768097	80069	6892	100873947	100506697	121853075	105371574	101928335	415056	105373390	102724019	26063	161497	101929468	283131	729082	728081	101927233	283731	641700	101928174	100287592	100128233	124902694	286103	105369329	161582	102606463	105370423	388021	100506411	79178	101927751	106660606	5175	100287616	284395	400612	100885848	101929733	118597831	283483	9757	6348	102724488	79154	105374338	105373780	100421372	112694756	645485	124902128	105373299	124902204	90499	100131320	29774	84820	260294	150244	595135	91695	2749	5387	100505687	645784	349152	440934	114814
gtex__caudate_basal_ganglia__M005	2729	54677	55049	1951	8798	7756	9546	54476	5536	51667	1774	355	65980	54888	23644	89801	9454	23224	57475	6433	23063	81671	7629	4802	6550	5214	79641	51447	23198	7353	2046	55421	79023	832	10411	57579	10998	2017	2346	10573	55857	55285	10914	83719	51650	7023	79603	84196	7018	55072	1299	10101	51586	25793	57452	79038	328	9692	5721	5875	10139	140699	79863	64743	8260	3299	83752	56942	8312	64788	9028	10295	26015	56986	79735	81576	53635	84167	9141	374882	221927	23658	5919	5683	9275	56654	5730	11196	27143	81855	10531	79132	9094	83871	79829	10944	5715	25766	23371	4048	8683	23113	8899	22993	27031	11068	51011	374291	55120	9736	23451	49856	10459	10625	2633	5129	1889	9129	9670	56181	79947	9324	84251	57404	80212	81932	112752	114818	51123	84902	1	51426	8034	9904	79809	5208	6431	27296	55577	64344	5269	3659	10485	9322	56261	4149	63941	7389	79654	84306	2671	64921	200316	79706	64172	94101	84817	55337	51751	10328	22907	5894	2926	2874	51308	22889	63827	93611	6341	201266	196441	9988	3679	29109	10228	3300	11097	3364	91875	4836	80774	55339	51531	9380	84300	23787	10561	51626	80745	8884	57559	317662	10144	9169	146059	54939	79661	4123	55466	55898	8826	23478	5373	79798	497190	89941	51651	11322	10966	6904	93343	57140	105372481	6518	23421	57645	81875	79169	29920	9391	151313	130507	129563	9125	9140	23092	90933	401262	6993	9589	64599	51631	27316	2796	203228	23412	10556	51501	726	84304	8479	57647	9231	132320	29087	26272	9397	79925	9987	22925	200014	23461	30827	54819	5018	64319	5261	7547	285367	54768	144406	195827	83850	54933	81544	115992	57805	54461	56683	117145	1487	4882	8568	5900	84221	23181	3275	563	84449	84988	11282	622	93210	29115	5635	51005	4116	83941	129450	56997	388962	90957	128240	151613	51304	5984	91869	79982	23588	138311	56339	142940	122509	79101	1353	196951	6881	118490	1528	5271	65084	80975	84191	23339	26585	11051	51117	81605	26263	83473	64772	7769	28227	124923	1613	84717	55311	2875	124997	55611	148156	7439	388753	200845	84289	23192	91949	11273	3592	79663	26000	23117	126669	79058	116840	28991	55657	6902	7064	83886	80194	5970	2745	84733	9973	1649	4087	57804	158135	169841	254531	28232	4642	374819	2902	9772	196403	8225	80169	285908	122809	284406	347736	284459	219790	283870	164091	9284	8214	4707	4978	6900	11066	80213	286256	51065	317781	59307	340371	51186	441549	5034	54584	388567	148254	353322	55922	90668	79955	64170	353116	6300	1287	10772	285193	121642	2272	284443	51466	91661	100289635	162993	283970	100129858	353088	11194	171392	56882	197342	55035	27300	11325	7919	10455	9755	116228	101928673	286411	55937	199	730051	4340	643965	10215	131118	280636	81890	100131187	96459	101928464	221786	81669	100128071	440078	440498	55009	146542	100131801	84320	378805	102723508	101929947	201229	553103	51275	389023	441869	100129250	100507261	1159	652968	23559	280	115557	5297	140290	57553	100506068	101929524	101928053	100507401	374887	100874204	27239	101929709	100133315	493900	103752584	100506551	10330	102724814	90799	100505797	27246	100507218	8148	101928965	9326	116828	101928059	117134596	84278	283922	121676924	100506012
gtex__caudate_basal_ganglia__M006	80342	57146	4190	3082	9846	51121	26262	2978	4065	28968	9351	60343	203427	11266	4986	7205	79944	8544	55741	26523	29760	54209	25809	51527	9751	100101490	11040	8717	27324	64799	54793	1891	7138	51599	26959	5764	5118	644	2645	8395	22841	80351	64149	55296	683	55626	5450	605	84727	7915	705	4883	3836	57415	56987	9595	3485	9068	89866	6883	7181	4801	8743	10212	65244	27109	5690	3276	8678	25775	3663	9513	25873	84816	10095	84660	10882	10266	23135	55544	7178	79710	89796	53	1368	51204	23392	9128	4609	11107	839	144193	326625	57161	1583	57707	5636	58488	92579	79258	128346	2212	116841	55224	80775	134728	222255	89122	7569	3547	5058	6094	283078	4253	1456	57700	5281	64417	10618	56978	4929	57407	23460	10069	7567	1831	57822	653361	8703	11094	126119	79622	51035	6811	283130	148423	23498	130162	126668	151987	285521	6259	22950	349565	200931	25886	54468	158234	84881	26287	9200	56935	55273	7589	124045	3489	84514	8309	4725	51252	92305	10421	83987	4584	7314	64979	198437	91647	669	142684	9158	10924	54674	653784	125144	28	7352	7351	80227	402682	79369	79635	4808	2629	10949	285498	400410	79692	84890	9798	55666	102723701	54988	84851	81931	54732	8971	140707	267002	2124	157567	11006	885	10123	374897	6284	12	285971	132946	7697	5718	9719	54963	55153	79973	5365	114769	100507436	444882	4496	255919	153657	645426	23636	113179	91664	147040	100996307	25817	23467	343263	100505783	101927420	122455337	101930421	101927084	4509	3113	102724699	100506178	100507398	751580	101928085	9551	3692	100289187	101928100	100506282	729013	101928847	106480796	100505875	145694	100130950	5348	80054	105371899	100507551	112268241	123624	728229	285796	100507547	56260	105373273	340591	100134869	84798
gtex__caudate_basal_ganglia__M007	6936	3920	3674	163	79017	5238	23357	81551	7260	2824	29085	26099	23041	6196	51009	9175	91746	966	53827	23415	9352	368	57715	9274	162	410	80832	80821	79882	26133	10110	9097	91851	7329	2935	114294	5438	57817	79974	7461	59	6158	6347	1410	54414	5777	51389	5201	56954	6747	51652	8643	29937	64858	196483	51646	55717	51248	56943	65982	311	79903	80148	11335	79269	5033	79072	88745	6745	55715	79637	284800	8195	140823	2123	54850	8459	813	25870	341	84705	23111	54885	1965	8932	79022	23418	90853	6302	5279	80727	4711	570	7507	5962	79739	84993	51138	7453	6457	8996	4716	51529	5686	54499	25912	2987	149111	84696	65065	151050	84236	10217	4726	55651	64777	253714	2934	818	6001	4684	740	291	221336	79833	152137	51128	130888	5529	84897	4900	7804	445815	114822	57477	6002	219931	5824	51072	51023	8545	11167	25871	50650	4043	116328	10910	29117	9382	146705	57348	284339	116071	56947	521	7580	7480	7584	58485	2172	53343	134492	126014	26115	10287	10605	203054	254359	246330	339855	54998	2524	23625	7334	8834	114932	54344	81858	51333	54952	219902	94039	51021	23762	100130771	123283	348793	6228	116985	5104	29780	79844	284697	342132	100131755	57522	307	51108	92283	8227	258010	51490	353	5696	50854	55851	54065	401562	101927174	100302692	121832810	5698	101927056	4831	55766	105369147	100233209	100131089	3240	64150	54460	112812	105377023	404672	7703	11056	724102	641977
gtex__caudate_basal_ganglia__M008	51364	9244	1770	9940	10233	695	1890	4593	79645	1767	4826	639	10610	9620	9576	7161	24137	27285	25805	55815	4948	93233	828	8701	218	79864	2348	10114	23086	345895	135138	168090	84223	54760	3664	55259	5493	159686	80129	27019	81578	2302	7137	164395	1262	26166	8900	84125	948	80705	26206	85016	23650	55329	22915	4547	85478	161253	122481	56964	91807	90506	55036	114827	6097	7483	51281	6423	83853	10788	51473	93663	60494	132851	374618	285313	200132	79819	123872	136332	130540	200162	118491	159091	92749	91544	254050	199221	3017	158787	375307	127731	149483	84229	89765	286207	220004	9903	127733	128153	132671	200373	152110	151651	200844	348807	729830	154865	136288	286464	55342	219681	79841	146562	115811	146845	80095	352909	83659	83657	200403	79740	4920	55130	3185	341019	54777	83450	3603	220136	221421	90288	162333	128344	220416	201625	146177	440836	129852	286187	220388	256815	79730	127003	146802	225689	255101	100652824	80258	100288072	83656	285600	254956	66002	387885	642987	64800	138428	374407	550631	342979	401944	387712	144535	257177	728780	128312	401124	341676	1288	196385	80217	7169	9182	642574	400710	402160	283673	1396	730112	100287898	92340	389333	107986809	642819	149465	255130	283152	57604	283948	83481	101927288	83593	100133941	154313	105377540	124906280	101929355	388963	440905
gtex__caudate_basal_ganglia__M009	51226	6863	9569	2534	60481	7077	54896	54929	8537	60487	7030	55105	8220	84271	25807	128414	81602	2321	51283	51101	10049	51010	6387	5414	26511	1665	10227	113246	55776	79906	3155	22868	1441	64091	11019	78996	23583	400961	221443	80207	83658	8930	23639	6035	5819	10585	9633	84923	5977	55119	26160	87178	79675	6821	54925	84916	126374	79573	340351	55630	84131	120	11023	79723	10950	285381	153769	60685	10901	23308	54784	116441	138716	51084	55172	11164	55323	9318	51700	79001	54949	84309	4336	201254	220988	6773	1503	84978	83591	257364	83759	126074	2072	6199	147912	64785	29119	8302	79135	374395	1762	3858	54413	84154	4155	1902	7405	25829	54470	84243	7917	4676	1241	2595	100506302	222234	387486	348262	101926971	105371450	102724768	85014	255403	124944	100506070	100128881	100288122	100131691	284106	57594	283755	221442
gtex__caudate_basal_ganglia__M010	65220	3755	23593	4904	8611	29090	2260	8668	55168	255057	51257	5435	23539	150356	55969	56061	10423	1512	6618	27113	6119	708	9368	4728	51020	6500	58515	51300	56655	80303	3241	55700	8704	57821	2309	25927	1271	55653	2868	101410538	79644	4357	4430	1854	10155	1349	80758	79412	23647	4076	51374	10040	162494	8543	4259	9580	6637	165257	7873	2768	6834	28989	9184	122416	123803	11079	55113	4681	5745	8878	51727	25798	154791	10495	55897	348093	2879	29123	83547	2495	4054	440957	84913	10713	4493	64080	81603	440574	11163	10209	23612	6138	4062	497661	57104	60626	9377	84698	126003	168544	575	283989	91689	90135	10509	122622	53373	127687	147658	257407	284184	100507533	100505771	100131213	401115	102577424	400916	27164	100507588	115804232	100128822	79148	124907726
gtex__caudate_basal_ganglia__M011	23071	211	54960	8574	10806	1459	51006	9933	4670	5434	25839	79006	4150	55284	284352	4946	54662	3312	10094	9896	23567	84100	26084	6242	4358	8890	23093	8702	9217	4495	56927	24139	10606	5160	5901	79587	6252	6727	10055	136853	79648	8667	54788	79096	219670	121053	129831	9791	197258	11267	26168	81570	9249	199990	112942	79005	55139	23272	56905	114823	199223	197259	388969	598	1051	4485	8665	4729	728294	161	4303	51334	646851	221491	54834	100499483	1427	55559	112597	100188954	154860	107984948	7726	2738	339290	9939
gtex__caudate_basal_ganglia__M012	5976	5980	65993	5625	23351	1471	6901	5127	10166	4832	65990	3191	729440	8896	2022	6484	114971	54516	10675	27086	6794	97	79586	56897	92675	631	10365	53947	1284	4907	26056	81873	4240	123920	115024	3491	85369	11000	55502	58190	90113	153830	3486	6836	25792	196743	1633	25966	162989	4000	130814	79870	5654	125336	6137	147015	284004	11236	84331	8722	8636	2290	440556	84232	5813	200728	6006	4828	503542	51157	1454	6150	51236	9278	8742	387521	101929089	730183	400684	728743	729870
gtex__caudate_basal_ganglia__M013	1634	6307	6646	53340	10203	3843	10797	84217	51109	6717	102157402	79968	7042	10478	6767	23774	4092	8767	858	54868	27309	6309	50813	51053	51421	23150	28972	55825	2274	10286	845	56122	83690	59342	11017	51141	8089	25821	58487	51203	7009	145407	91833	10026	11221	275	81555	1069	4718	79691	196394	3621	137492	132	171586	51249	7109	8209	1073	90693	285596	1072	51134	63893	84529	222194	148398	83862	150472	10210	128	55251	148418	550643	105378663	100506826	53938	5822	100289274	286189	100130155	81488	91893	442523
gtex__caudate_basal_ganglia__M014	55732	928	2006	6160	4713	5688	10273	6923	7991	7867	6146	51077	514	10975	7376	23743	1329	9550	90871	4704	83608	84299	8612	132299	6167	221960	10284	7316	339105	115416	8764	27089	119032	10251	11337	4696	26108	6227	6169	147687	253982	6197	5441	90480	84629	6165	83943	391356	256329	4697	54543	100190938	6168	79892	26058	3108	100316904	100128946	400941	83463	10011	2013	642345	84973	100506119	3109	11344	101927503	386758	142913	101929780
gtex__caudate_basal_ganglia__M015	54814	5606	4234	4638	9399	10179	51726	10043	5641	81502	8131	4924	81857	7036	84445	1819	55110	4839	117247	51086	533	56912	9465	23155	79143	7277	8881	4354	284252	64780	28969	10730	55759	121536	6895	113230	5631	7108	738	83723	2209	23310	150709	375295	79885	10922	23300	79759	6520	123099	55222	4482	6472	7378	9146	79581	653319	64218	55959	123096	63934	4194	26071	169981	157574	7866	55670	100506421	100287482	154881	92335	112398	107985892	440104
gtex__caudate_basal_ganglia__M016	57679	6540	54165	3700	51619	7301	1120	3263	84759	6675	2635	25950	10617	65109	55154	7978	83448	196883	219855	84681	27229	2098	283385	8125	5409	84310	10280	56288	220965	80313	51267	90993	84124	199745	284695	84315	134549	7536	79064	80723	27247	169270	9282	90843	2242	120356739	347344	112770	728568	728190	100507057	102724919	144448	101927832	51537	91948	729991	11232	729911	105378268	286042
gtex__caudate_basal_ganglia__M017	4057	79567	11284	998	55118	55671	26093	80709	8036	57616	9491	28992	22880	51280	55332	23143	5861	29766	9123	266675	26260	54935	9592	64769	9255	378	11142	200894	84617	27445	199777	2710	83849	9289	441094	100507602	100144602	121952	101929415	101927278
gtex__caudate_basal_ganglia__M018	204	54498	151887	11018	23541	284217	85360	64077	3959	2145	5096	83549	5111	51669	91768	9415	80896	118663	60681	137872	50808	146556	5763	715	64699	133584	5090	3622	51523	716	3985	6525	10587	10801	780	57139	102724691
gtex__caudate_basal_ganglia__M019	51573	6143	6207	6206	6152	1933	6230	6144	5737	5204	6204	9349	6155	6210	6229	6205	6135	6202	6233	6161	2197	6156	6154	6157	55669	6201	6218	163081	6191	6147	4736	6170	6222	6139
gtex__caudate_basal_ganglia__M020	26073	57418	50	23484	7265	81847	22913	348	10247	805	6835	118424	5036	120526	64802	159371	493753	387893	4541	4513	4519	4536	4540	4512	4537	4538	4535	4508	4514	4539	114841035
gtex__caudate_basal_ganglia__M021	843	54875	816	65263	51147	10329	85320	10616	2318	85451	5168	10957	57466	29800	85395	8833	220972	83877	114825	4603	3931	6235	101927905	9842	60674	266655	1519
gtex__caudate_basal_ganglia__M022	5452	2817	9627	7593	10528	2254	7422	25981	51611	1939	5778	115817	84911	5436	79701	284739	101410535	101928403	101927612	84548	389033
gtex__caudate_basal_ganglia__M023	4708	1337	1347	9616	4694	6633	10870	1340	1350	1327	4715	1345	4714	10632	10476	84833	401505	84987	55967	51079	8270	539
gtex__caudate_basal_ganglia__M024	330	3074	55588	2077	10846	26297	84260	79930	11182	64343	51385	7753	253558	51126	256643	255043	9311	100996842	3112	109729181
gtex__caudate_basal_ganglia__M025	10175	22995	5810	79031	6636	81614	2958	84276	9472	4085	10085	63877	2845	148203	340252	27129	4094	113835	147949	285141	730087
gtex__caudate_basal_ganglia__M026	8942	22865	79020	834	79656	23350	840	2990	10015	399473	55340	65251	721	51406	105378580	720	100132101
gtex__caudate_basal_ganglia__M027	23062	51102	51463	4037	83605	4211	7761	9159	55314	64399	2861	84942	790955	23564	728730	101928290
gtex__cerebellar_hemisphere__M000	57147	2729	81887	54467	889	5893	29916	4074	56603	57679	84254	4706	6521	5976	56919	3980	56928	6936	55904	57414	5164	3675	51573	6833	2115	57157	10926	3475	60528	9703	8522	9254	3720	6792	65220	53616	6482	54497	51534	51085	7756	23166	3423	3097	10867	55727	54476	54902	9066	23395	23637	23177	8491	57146	2137	8284	57658	11183	5704	57709	5238	55703	1355	440193	27032	477	54764	9369	9716	1373	2554	57210	57476	4719	11215	51022	11171	1244	51230	1890	11231	23633	8635	4285	55591	9519	55334	54480	535	8554	7414	55773	26009	54455	259282	7204	23517	23035	27067	65078	79142	1008	5685	54884	5256	8481	51606	5431	7175	4134	51773	23196	23518	4254	8863	57492	23327	340533	9603	51474	9564	9709	57600	55761	23105	83714	9967	51742	23095	23224	57475	23201	3757	51663	54542	57095	8975	5218	55718	493	9877	55781	84256	65125	10076	9410	60488	1001	7771	1431	63916	23063	81671	10513	29998	3029	6047	55726	50937	23534	8625	5476	10347	11218	53339	22904	5378	6882	7629	9351	54887	3843	4942	9423	23536	23013	55854	51665	23216	8621	84679	55810	4904	5141	1994	6602	9682	6550	10565	4649	5315	7158	7216	51018	1659	55699	492	2182	24140	23250	221395	8514	139341	10681	4040	5217	6710	23446	54916	23293	8218	9993	79364	5423	55062	440	490	11320	6196	54556	28951	26528	6596	5566	22859	27330	22905	27125	7321	2011	6793	23291	1400	51009	54847	83642	1183	6605	5927	10979	6480	10129	8301	23332	1207	11343	54878	55205	51495	51175	9671	3785	8672	79023	23151	27332	29090	119	9462	7587	2355	285527	6624	1739	55973	22920	25996	25930	27252	55094	22978	83992	51412	7155	56889	23032	1781	79960	2260	4133	9063	56922	10529	5289	5527	8028	117	4898	5108	9139	1620	83737	6507	7520	7145	10411	29843	23152	2222	4983	3835	55604	1785	8671	11043	10847	23431	260425	28962	1005	55218	9812	93664	56113	51668	55100	9689	114899	4200	55322	1310	23136	1741	2932	3693	23085	80036	79728	23033	9706	3842	22894	23047	5019	10325	25799	2195	56910	84273	200081	3797	3030	790	102157402	57531	57590	4216	5243	8895	4528	23139	29887	22929	2196	55696	54469	10075	8898	9489	2775	55239	8602	57544	10992	57542	2778	10059	116154	28971	339175	55616	1795	57017	8455	9762	22803	6128	84678	10985	22895	1114	55900	393	55760	55668	6548	51324	8646	9727	84196	27327	4897	3912	1738	23335	23231	54890	83394	26575	84502	51310	25831	11198	8487	54822	4637	1808	1312	9117	23468	51430	4436	4214	372	55280	9044	10580	27154	22931	387680	7593	4650	5714	9274	1153	4670	113177	2872	421	1399	10291	23384	6634	5594	23616	11078	51386	6663	79879	23539	55964	9701	25807	8563	23170	23543	54471	4627	8664	27352	11154	64841	10668	9786	23002	9517	22938	3091	4522	9894	22990	9252	55671	328	394	4792	84312	10484	63935	26090	9837	22981	23613	57446	55969	1477	80331	24148	26164	10732	55738	1917	10139	1457	8760	9751	10483	55612	5332	9777	3420	9675	58490	26051	57136	79863	29906	55125	8731	11201	5932	8780	10857	5422	158800	10735	340554	5931	3750	2332	84061	83692	9468	27336	259232	54602	23078	5257	9688	83752	80777	29070	4832	79918	79613	83693	26048	408050	64788	1186	84264	8140	79791	10273	6650	56061	57478	3163	84148	23420	57020	400506	8925	123263	8120	23205	8766	25963	64397	7082	23312	80208	79752	7976	4683	54928	6422	55353	11075	54108	6713	55174	66036	4741	7991	54758	4173	1209	11129	79735	6618	22870	6795	8725	2821	23646	9253	25999	333	11100	79784	7297	56917	1954	22900	8605	54922	5518	30000	5296	79036	57794	56006	23080	154661	79872	136319	64327	23288	6742	8887	2887	23242	2617	8662	5803	8985	113263	54664	55744	55069	51422	5425	10652	7461	7458	10927	158471	22949	57589	23189	57582	9827	2889	320	6456	54926	51010	7763	1855	23268	8661	59338	219699	64072	10367	54462	56652	8729	57584	22849	79004	10531	9126	8030	23232	7343	22794	54894	5414	9110	80279	10951	9400	23125	642	57003	11216	55813	40	4355	64750	1845	9343	9368	6830	54940	5602	1998	23158	7466	80273	51091	23321	7468	152503	10227	2743	9693	7704	8882	23360	7007	23220	23130	5007	28960	27339	3263	9828	329	867	10114	26273	8050	6506	8567	79829	975	10944	9600	11234	2965	5715	8496	11108	41	4891	10645	57460	4048	51699	3736	80824	1389	57696	5985	2054	283383	8914	51258	2597	1108	23074	2784	84727	11021	1911	26127	57515	51020	1432	6428	221692	266727	22858	26268	23195	9439	8936	2822	202	60682	9841	57221	7957	9444	23113	55754	26054	3617	8899	11120	57666	59084	55914	4124	11044	23530	3313	23107	8622	9685	900	6500	5515	2908	80006	5917	10915	1809	4090	57222	55171	51185	604	5096	7337	25852	80321	7029	54464	11235	1294	7375	8087	56987	523	22937	64689	1181	1981	6508	55683	200576	4691	57669	51277	2820	10213	5136	7841	79745	57142	55704	10314	2744	55825	9736	23301	23451	55818	51652	80146	23178	3241	4953	79954	55041	10153	1615	9167	63892	51449	2034	4780	2043	23341	7143	79906	9731	127428	49856	51253	6146	80267	79084	515	5906	55870	9181	4209	81563	9829	10625	9927	9887	7799	6738	51086	23207	55700	4811	51440	4548	10765	6675	5129	6513	8704	8503	387338	1810	3925	56181	6195	25936	8289	1509	4297	83479	22926	22868	8609	9331	23120	9994	1268	81573	5325	26234	103910	2309	84071	118427	29855	7320	5887	2733	51552	26147	92400	79109	57706	56252	283571	64207	9870	5826	1743	79696	58517	8892	57862	10936	114818	54454	29094	55719	3416	10285	79591	284058	79646	2891	64411	80314	440073	84318	9617	29880	64374	51247	51780	7181	7112	51019	317	1191	8795	23435	8405	1	65982	89884	7750	64786	576	10657	5290	23244	79712	92	5412	84248	1314	79871	5395	989	55975	30010	84668	11328	55234	11319	9559	9904	11113	28981	23389	11059	23597	5585	540	57486	4035	9926	57826	23363	6560	57580	57468	8202	514	84181	6431	10564	1434	6780	55661	4552	5184	23096	10199	10396	23326	7596	8239	2914	29993	57510	6310	7913	55831	23019	80262	3659	54520	57187	5469	64412	63908	56255	5126	11034	6629	128637	56926	22913	101410538	3831	23263	826	79171	83786	57479	6776	22890	55288	8273	5605	3188	59353	821	64768	79717	144453	117177	5322	23352	79939	146330	63922	23499	6597	23030	10142	64921	135	80115	23780	92521	9732	4289	1123	8924	6638	29767	1854	54982	54832	1315	3746	51105	3609	57153	1032	599	64097	7905	54552	1804	23039	9667	547	79709	25796	51429	55278	170463	25830	157922	64793	3911	9885	10155	23211	6249	84660	56342	1786	10277	7317	9590	55902	7700	1349	7187	64432	9467	23473	64145	10197	54882	80762	60412	54521	10948	5914	10656	9557	5160	57343	90379	10489	5894	23167	10989	8864	5791	23108	23277	10514	25957	2926	3021	1742	57127	22889	9826	23208	3508	56259	10207	6860	51761	10208	64328	4628	23164	254428	9201	10250	10313	123811	23037	66035	694	79572	3845	51520	29080	272	81846	196441	51669	8932	891	1022	8536	25917	55207	27255	10752	89978	6272	5738	10717	56907	51535	79022	10971	57498	9475	23418	4677	4038	51765	9698	23318	1837	747	9704	337867	2073	7174	3703	29979	60560	23287	81689	8728	79616	84749	23014	84900	1840	9988	60561	577	80759	22832	57231	2045	6885	51317	55226	967	27165	116986	9924	9053	23493	5570	85021	10574	2799	4193	29109	6553	80003	54583	1660	9857	57695	9470	51719	51455	55654	79074	375248	26122	50649	160428	50853	26586	9882	8803	9445	10253	1102	9805	9771	9238	80727	91875	3658	6426	10238	6326	64844	2058	51133	26750	55627	84317	56886	8027	10730	9649	64855	27090	7111	6812	29988	7539	10868	158427	10244	2800	81873	55833	55667	116113	51645	63971	63027	9656	51439	408	4926	54843	79731	29088	84811	5962	53826	440279	51103	56965	54839	54816	79739	54874	5876	204962	8634	26160	3032	109	8884	80204	10579	953	23317	310	22891	471	9360	6744	10152	55032	9728	26035	10144	8916	22872	84162	27163	55589	9908	950	8615	3033	83606	23710	55605	144402	55500	4704	9169	121260	9815	9818	283537	90634	6601	5925	55206	64062	64403	4857	122786	376267	91833	81614	9990	6938	10169	146059	8125	2108	10363	49855	10499	4123	55466	7168	9960	55180	79748	5428	11057	374655	55898	5045	8826	84656	55114	23174	3394	89941	9611	10140	55275	1213	51651	6875	2774	25800	64762	409	6904	114804	56270	494470	54808	5596	54877	10907	90378	1291	7226	57410	757	105372481	10498	6518	79932	9064	54707	23038	84224	3339	26135	10026	113451	1952	481	261726	27005	81875	1382	23179	57530	81609	29956	2029	10500	405	3756	55061	8751	11000	9898	3608	2590	79573	1130	142	8497	92906	27436	51542	55252	6637	4211	9391	84874	23020	23233	94097	165257	3899	23190	114805	8502	130507	165215	2803	10217	26018	64332	64422	57552	9515	9353	8893	90113	1609	57205	54532	10299	1016	5921	54826	64924	64839	9140	9879	153830	2559	10814	26249	84553	57583	9589	9202	11011	357	27147	4478	55869	6567	55634	4841	29934	93953	84443	79648	79618	51312	91782	54212	9705	6867	7013	6129	340419	51059	4781	26267	4915	549	401548	114789	56904	57720	9919	6935	11128	26091	818	2746	10556	54788	84504	6877	23082	8525	10480	85456	10658	10525	26007	9219	84304	738	84159	23284	4253	27250	22948	134145	85458	89910	2132	2241	26019	2059	112936	152485	54842	51594	64417	667	7073	130340	9910	460	130074	4249	26040	120534	147339	5163	127933	134359	284312	255967	5213	2893	79925	4154	133686	23171	53354	9453	85445	152789	51061	1070	3192	25909	5937	6328	50807	22878	79888	25827	7342	64795	136895	221895	3773	9320	1054	140890	1105	124540	781	5529	84897	9868	201134	91694	8470	4685	201163	285381	9989	51560	2047	81552	80028	5799	23097	64210	6566	5018	23367	130535	65062	56254	92370	114	116442	90550	91748	157657	29104	10069	7102	7074	57466	5097	5521	6832	159090	1915	25921	27020	23522	55093	78994	64319	7862	23057	9372	491	6529	22976	261729	23648	776	132949	257397	673	57728	84465	11079	55698	116987	55113	22808	114928	26053	23382	9334	124245	1780	26958	56946	4681	7391	4817	57805	2035	79053	54461	8867	94104	124995	6651	1827	23515	3141	5710	23400	11189	57519	197131	112950	60313	9813	7791	29	4882	252995	131076	54020	23076	8566	8568	4047	5116	23181	57551	103	1141	23218	9401	84449	10603	8878	6132	222236	5701	60680	4356	284361	80174	29127	339123	57465	124222	80150	51727	57643	10691	57190	3716	55225	84328	5928	7398	2634	115361	164045	178	148867	10092	114548	23385	148362	129285	51127	27185	3760	112942	56916	10611	23248	200539	6944	55677	388962	90957	54876	152559	204851	285203	128240	476	92703	201595	5584	8618	23001	6314	152926	8833	7871	57406	323	54861	57456	23160	79443	55689	5437	6184	8314	7086	26354	200931	26043	165918	23173	56898	51385	5364	327	256471	2912	1849	54726	55751	4338	25836	153733	133619	55109	202333	253260	167153	57763	134510	7098	10412	84340	2898	134957	79685	222223	22853	1508	107	5885	54919	55074	79778	154791	7534	25879	25962	9897	203259	11168	51271	203286	11244	1536	158405	5277	26130	84270	65268	65083	84720	254065	203522	9147	158584	509	7417	118987	169714	64324	27069	5979	9188	51222	6297	5702	85459	79101	9702	11245	83700	112937	8945	10576	55800	1353	54765	118490	1528	79608	143570	254225	222865	123169	50810	7184	80095	164	84191	124491	54386	23306	219988	79837	4130	64400	4141	11051	5245	201191	10999	6668	51704	1398	23102	84064	146713	112476	29123	124045	124923	121274	784	8085	84436	57701	90522	1938	10501	55311	64359	55720	148156	7775	283987	83986	64223	21	23524	54949	26580	199223	3921	5049	4992	55209	3516	55788	125488	28511	440957	27249	115294	55159	55806	23255	2339	60684	8754	157638	753	11142	79867	9677	10098	53407	27065	85476	56884	5604	3187	3667	4204	25849	23099	255738	23214	4330	7059	7881	202374	25942	5747	51305	169044	9839	283899	7798	83985	64118	1501	163590	51621	23414	79724	126789	1107	7532	10477	84640	55031	10446	160518	164832	79071	23204	5272	6773	134492	11016	5429	143425	79145	84669	84864	79188	84437	55006	5581	9655	118812	55657	203245	81603	4884	2548	124583	541468	3752	283455	24149	2110	4135	5356	22883	10782	2186	55729	10243	57687	4300	51112	246243	10465	221037	8462	54205	10605	7690	80765	64137	2783	9854	150678	4299	9158	10125	93550	79612	90288	326624	23491	6670	1657	55191	26960	253558	10777	283450	65059	4580	54625	22885	91749	2804	8658	49854	56977	64801	254102	5797	79834	11163	5707	10209	57674	10276	163049	6712	27333	115123	23269	10594	5306	253959	389524	6124	170261	26047	148808	124152	9024	9975	6731	51319	26470	170506	1488	79683	545	56945	200197	253559	5708	22843	5095	10540	23015	56674	56675	8665	219749	4023	55844	79772	57628	146691	55508	169841	79666	84747	116068	9807	55254	114926	29882	6051	9699	283377	205717	8851	644809	2902	9240	140775	4524	340485	196527	80324	80205	347862	3737	7156	64110	7182	10425	51046	79751	79718	126069	3725	2629	56975	3766	253639	7334	30832	205327	9659	55152	85460	25970	5339	63917	11180	55175	23512	2907	9377	151176	57184	5198	7284	127254	80010	55030	285343	144348	9500	54734	23241	23580	284023	9378	79077	157695	222166	23060	221687	387640	55432	160298	404093	23513	25994	5430	347736	9625	339500	29072	205428	22820	414196	64864	10193	134553	64785	55228	3418	7485	7562	2131	81532	7325	338707	388323	785	122553	55666	100506380	50863	7267	164091	51335	64746	8241	221178	9112	23705	124976	161	57118	164684	2842	83698	91689	754	9802	9403	27439	158358	10946	339039	728340	140460	4600	51118	253143	54039	56941	8214	10186	29110	150209	386617	89876	10766	130502	8663	3768	116448	220	80213	6586	26039	10587	84189	5142	9968	10801	9074	55328	90135	6612	79050	6092	2157	10509	5813	64409	6948	51263	64754	25840	26013	9899	6667	5087	4733	51479	257240	55599	121006	23299	84859	57711	51741	283149	84937	340529	4675	55922	3840	10168	4674	401190	23040	221491	7328	116985	80829	613	4137	2248	642987	23270	23048	79659	9863	338645	7874	57335	10507	7621	339451	126432	29978	6300	5575	729262	374383	163087	137392	54914	1121	284325	4077	57186	6613	84247	375743	23029	440603	147694	339287	339977	163081	5649	83862	1364	54510	162966	284697	145853	132660	90321	6261	84458	57573	284443	9883	54413	55888	1604	9361	222553	7699	5770	91661	148266	140465	2104	55660	51434	60312	4666	399687	165679	729533	162993	7582	4763	55534	89853	64771	10447	161424	57181	100129858	199704	170384	388566	163227	1778	399909	51703	27044	146540	10438	25959	25788	84301	79027	104	79674	23729	3182	4644	26037	57799	284371	6709	5253	222662	114112	79892	197342	6884	23315	339318	4641	28512	6687	10793	54708	9814	57209	161145	54989	84775	54870	9931	5178	444	50618	10724	9747	388558	148741	51441	9874	26112	6262	55958	23054	801	55705	124930	64093	22834	57154	9578	23127	2475	25925	113402	283489	22876	4976	9909	26046	85457	7150	4215	3897	6721	9937	79065	9737	9755	57692	1756	9848	7052	9867	170958	387066	3633	257407	65979	6257	6046	6891	64978	7920	7916	90233	2794	90317	56143	56144	400553	149837	65986	55366	5150	10527	54458	255919	317762	6606	91750	353512	9946	8292	338799	339263	727800	23636	10962	5500	534	7693	730087	26140	29803	8904	79729	55384	64506	23053	221092	729920	340267	100130357	84461	137886	440270	1654	388815	55628	79716	8718	96459	51192	51025	375190	5534	2189	5520	6293	642852	101927027	645939	342371	221710	101410535	9842	100507171	554203	101060691	100129480	401264	440465	100506392	440078	493812	100131193	100127907	643837	26134	100131526	122539212	101927895	101929147	100507073	100419436	100505771	643699	102606465	105376748	51275	8629	266655	105371574	100507398	220930	101927164	441094	81567	10432	105378645	158	5098	53938	387521	57026	10552	80301	25764	727956	23600	140290	128977	23089	56098	9907	161497	56134	100132247	84450	105377105	10137	729678	645323	100505648	101929524	283104	285512	984	124901151	102467147	643783	101927592	100873193	353511	401172	85358	100506258	56100	56108	552889	56109	56106	105375666	8641	105376541	54984	56099	56112	91056	644169	23642	7768	57189	283459	1523	51750	283624	388021	23732	100507421	100128822	148189	56107	200030	400657	140735	284395	57597	55957	101669766	400818	401612	728841	25832	100421415	101060226	11165	9757	26220	100129550	101060684	8926	54883	100131997	30837	57223	8396	93474	641467	80179	79893	31	283267	101241892	359809	122526780	100421372	113691	389906	101929059	105374727	107985953	123706524	107986626	106660612	147947	283922	162632	440434	102724316	100505687	728448	554236	349152	154761	155400	641977	105371814	100134368	124906262	79986	100131454	80862
gtex__cerebellar_hemisphere__M001	2288	115703	1856	3920	64847	4293	9912	57787	1770	55735	6853	4784	7752	54443	58525	29881	100533107	11285	65980	28990	10858	54888	2824	55187	5954	51528	5601	1535	4826	23101	29085	10806	84957	84545	6894	51660	6433	65056	79763	11338	10203	60487	10734	5214	30836	79641	7030	23198	22933	55737	7049	9488	55743	51095	56666	9175	64431	38	9620	60	5939	5609	143684	51548	7419	56681	3320	55437	4258	3301	94005	5990	79175	29965	10914	84572	10683	7018	4345	3183	825	55105	25805	10101	11332	4713	5902	6598	26088	89781	5435	150274	162	10478	5706	1033	10598	57452	51550	9362	80344	5721	2937	26133	7165	5688	128414	10528	128866	284217	64743	5355	5973	6594	6901	7076	56271	79153	10204	80152	55565	8312	54550	51172	79006	1428	51283	9325	51101	7264	64130	4946	8677	84167	10775	9141	5438	26093	1628	374882	54555	10430	23474	5445	56829	10049	3268	9678	653857	5683	644	9275	7091	56654	6387	11196	56647	6158	64081	10900	9487	9267	2648	25979	26118	26511	4126	23788	6309	10938	55572	9379	55626	25766	4598	605	79611	55110	79676	113246	9847	1337	51389	2570	2178	11329	55776	51715	10591	7265	5810	58515	56954	9616	3373	57415	7372	1716	150465	4358	79031	10494	22930	8604	25806	6697	6429	54856	28956	79971	51377	1429	127700	1486	3155	9129	51107	64175	8548	50999	57488	6794	9324	84251	140803	80212	84886	23307	85365	2531	26094	83982	25927	56943	6883	10808	59342	84902	8702	29990	55116	11019	51426	2322	57179	5930	311	54537	57489	80148	51622	92014	1211	800	9469	10212	84650	64333	5204	5208	6615	4835	221443	4502	399512	79637	54776	84269	5623	6633	80025	83658	51614	8242	435	2537	171017	64430	22863	54973	58513	14	25775	7263	64753	6183	90417	55320	6397	84705	79016	51690	4301	65975	10844	10298	445	23404	84326	26061	11127	314	10742	55860	22907	85013	3691	23135	6388	29958	8546	93611	9205	10810	7178	84923	54663	116988	9645	54407	10440	53	51444	25941	9415	10906	23416	54806	84284	27097	3300	80705	55332	23143	1101	150472	55339	25934	9128	7507	11258	84681	255488	84259	58472	55075	56924	87178	80745	5861	57559	170392	6229	90525	84993	6636	114795	8608	2958	79661	6457	5073	497190	1009	29948	84916	10939	83608	27043	284111	50488	432	10966	51529	113230	8543	57645	79590	58497	1939	56950	5872	23557	52	4931	2987	79169	29920	51601	151313	79634	285175	151050	9686	9039	29114	6622	890	4726	6715	23262	91272	51390	84310	221960	55262	340351	7569	27316	6134	84675	137872	28957	8667	84294	55630	123	54801	84131	2040	80142	92715	774	196294	51074	726	4684	91894	117532	8479	124446	196383	57647	775	93081	51562	1646	8853	729665	55835	221336	23704	80097	5784	284948	83734	9397	5884	166647	10283	6728	125476	80309	79047	54463	23461	375056	9184	118611	6921	92106	54819	55005	137492	137682	7381	51001	9246	5261	7547	9941	11030	64897	4690	171586	54933	222068	54935	56683	149473	873	203260	79140	118424	5152	85395	5900	84221	3275	138162	2224	10898	54784	1173	199746	29115	92591	91010	125950	79622	115	84447	4116	81629	54587	199990	83941	51278	128308	79677	2071	132789	51023	200185	64343	23122	9447	9861	56999	64419	116441	131601	64769	28999	5984	114625	79714	10393	202151	81789	27089	23366	6208	1020	6619	318	157378	116328	80318	4712	26050	51084	51585	138311	64745	259217	122961	3429	9318	196951	5579	51647	9382	81628	51117	10632	79001	51693	121268	84790	113655	124935	55611	51293	84309	388753	4336	123099	84289	23192	10963	3622	79064	161823	9836	55308	92305	56947	1876	53944	84632	53917	284004	79058	81844	2990	65988	2172	98	195814	1056	2941	55786	112464	5569	286046	55669	64080	64979	54811	8841	93426	83695	1503	57834	91647	6606	9338	79694	54971	30008	283985	54961	51162	2745	203523	257364	7388	100874114	162466	5936	200933	2787	54872	112	488	400073	582	131408	1649	5771	83638	146712	54998	375757	221060	79369	1196	9884	23141	10009	4808	55367	66005	6232	2731	84875	6415	84314	811	5886	285908	645212	201164	729614	7710	51333	284273	223075	285331	8334	4081	389362	23760	255252	79777	399664	91050	64963	375061	375748	7318	51329	285429	283870	84316	9831	119559	5613	6525	56478	79135	728118	51065	267002	51186	3563	79184	5719	4603	140691	93273	51079	64757	3858	2301	147645	84307	100101467	55182	5757	54932	340602	8632	10445	550631	284677	353116	123904	375341	56624	7730	144404	399473	63929	162962	84163	29068	283970	29966	307	51108	353088	135398	84154	100499483	51710	23230	4155	85028	28977	59286	147949	10455	10497	6526	54470	26071	414189	84243	6499	10919	50854	3305	4439	7917	4795	730051	6992	29902	728568	56114	56141	55851	4499	4676	8110	6827	81890	55559	4722	51517	1388	2968	145553	9080	2595	339210	285830	100130449	440400	25817	63920	221786	3995	101928111	100505996	199800	148413	100128071	101927621	401260	100506714	100507027	105374845	401093	100131801	3281	728730	100270827	102723508	55853	440350	79940	100129250	284900	751580	91368	729993	7844	57002	649024	101927866	401232	402778	7335	10443	55766	550112	100507602	100996385	100874204	100499177	25850	388610	100506365	101927752	29082	692247	2342	100286844	643246	102724814	79178	101927751	283710	105371049	124903619	9236	115830329	23246	124900372	2969	100820829	102724508	101927688	54460	100507218	100996660	677769	112812	100507551	8148	100418814	100507331	101929351	9326	79159	107984539	11072	11056	100130890	126661	283521	284933	122455342	107984345	101928737	260294	121676924	54441	286042	643253	440934	652276	6458	100505915
gtex__cerebellar_hemisphere__M002	4800	90293	10180	55610	7982	5577	25998	23077	7543	9020	9855	151531	5048	9091	29116	9043	9862	7095	7812	10178	29954	83932	22955	1185	9902	54799	5286	5536	9604	1272	23187	25960	6683	2273	55778	64429	51071	58528	3459	286	51306	10908	2530	9846	321	5981	27430	3937	22884	57120	9734	168850	10659	2006	89801	27122	25875	9498	10198	23223	1112	8574	10079	26999	57602	58508	23369	6646	9474	29927	4659	6515	1301	11178	10188	124925	10838	22998	91526	10797	1496	27107	4287	2263	9650	89795	2261	4205	55593	55117	55421	55160	64778	9733	11176	7374	113235	2975	832	54715	2782	58476	7161	1653	22999	6595	27244	4208	905	4779	7514	7994	54434	8648	22911	7760	2060	55230	27292	51194	10573	51593	22795	51161	57506	10961	23193	10558	2802	30835	16	11069	9878	79968	51816	55357	51322	3096	3983	79956	57828	23523	23759	9681	10521	6942	80020	22985	5687	23394	11083	5753	26205	9770	23509	57144	8715	79868	10389	5230	9767	8874	26512	10664	79650	9057	5934	9810	79719	10391	1512	54332	9694	64089	4125	2997	10270	92609	10156	10135	94239	54504	1124	835	1174	95681	4232	7046	1759	54662	23064	5599	657	91452	8453	4927	51003	8714	5573	7531	54868	5376	4790	7323	2549	6164	83891	55325	3312	51111	57562	1982	4928	65981	9761	10988	8099	5869	56890	57122	8078	5992	55188	4739	387119	79632	135112	9896	7922	6908	55603	55819	4437	2566	2246	79770	23286	1452	23567	57088	57599	51555	4820	27086	6787	10096	85461	6711	2591	64895	84812	3554	6382	5334	1386	7341	607	4139	11315	9295	34	11126	4179	10560	58155	23443	55758	57134	79947	114883	23271	5311	64747	57539	55127	6418	8013	79627	4601	26123	55717	10171	29126	6909	9409	2170	7852	4952	29066	127495	84146	343099	51251	55297	10133	5153	262	79809	29994	1908	60437	8675	79177	583	55026	79143	9349	56927	56261	10236	80818	154796	3895	26030	55112	8021	59269	23065	79689	2770	5189	8910	10651	56984	8854	3712	10776	91860	904	57509	112487	9070	55274	51250	85441	6874	25926	23345	84905	23229	1327	5538	6533	1729	54862	5901	63979	27183	22903	10621	50717	4678	25778	57511	55425	23075	406	22800	5977	57578	8650	1965	83876	7428	10390	29841	79577	324	23670	9413	6926	50640	23595	4076	3679	7024	3178	8763	79786	9654	55681	2317	55213	1910	3364	55316	7716	11143	57129	9314	23452	9550	152006	25822	9856	8737	9873	27314	64776	57569	5607	51187	5495	10097	6519	84896	9101	2250	84803	79807	5530	58516	8499	6895	8620	54934	54509	10150	145389	8747	8816	112840	145482	146050	6727	55070	79631	79068	9785	221184	2653	6187	5170	8533	8844	9520	54828	55197	114799	57521	3454	9980	10055	23521	473	6135	5567	22823	54499	5451	27	9869	5298	81611	23126	65123	9859	3707	8476	6233	5899	57282	339768	80852	84892	152404	116931	1060	2044	93627	817	57721	4651	6502	5066	55814	2561	81545	10146	54438	54901	221322	154214	8573	7403	8473	3547	526	92140	29967	7436	115426	54886	23245	28989	25792	90678	9712	221074	220965	79780	6188	472	3619	79980	143098	3688	55208	219854	116966	54545	5805	3708	57512	55768	90488	288	9231	64067	23310	6868	2313	79750	26278	26272	253635	24138	7402	55351	55024	1601	5903	130888	200014	79705	252969	388650	135295	2551	23228	84532	51582	51633	55326	29761	23165	9601	25769	2334	3798	128338	9791	23355	54768	1859	150082	114991	9162	56896	5192	26100	138639	2140	2176	55179	8450	84919	4720	56990	3455	8883	9715	6002	150275	10020	7410	57731	23387	200186	55129	79957	84939	5635	26168	124093	22941	1996	205	284695	23528	57863	467	100288142	55083	824	150726	80128	79885	57577	5783	285368	113444	55193	23272	7884	166929	80335	79884	90826	153396	79993	836	1879	84135	54329	168667	7559	55536	23514	6522	94241	139324	7415	143279	220963	7248	55088	29763	783	154810	9221	2562	10818	54838	159195	374868	8495	6764	23300	7702	8509	4176	27018	9640	113201	9665	162681	6809	10982	6786	6240	7571	54815	84940	10653	55769	6730	137695	1632	1499	29063	7266	3800	54899	203190	2668	22847	54851	388969	10251	153241	8706	200894	4881	196074	1677	5099	6091	25924	7324	373509	2720	4798	57148	26115	90338	883	84522	23261	5728	361	83660	115196	257019	253782	3603	7572	3054	84750	283848	55731	165082	6777	947	57659	148979	3981	1240	90806	55196	152815	10025	9776	7525	55346	11145	84901	153129	5426	253461	8541	3615	25915	54762	2066	80034	147991	79415	160335	5781	10472	727957	22864	122809	10692	90411	374986	169200	404201	284406	51287	56963	23336	23265	6304	22906	80254	6546	57596	54880	57634	23194	4978	146223	10607	10317	389677	8073	23258	5463	401145	254887	116447	9276	9735	253769	162239	138046	9923	155435	146198	26985	377677	55015	169611	89782	10933	5727	286183	84924	120227	23131	4673	374955	339327	2650	79048	57697	9516	196528	23254	9729	3556	25894	9901	3376	56164	8295	2050	6925	55532	7442	6334	57730	7697	221785	3482	123096	84435	23061	6840	6584	8351	4217	83875	284370	6120	121504	26052	27233	57708	7620	84914	83699	11321	1500	987	9745	27347	10479	22909	26049	2710	22887	919	8528	55680	55219	659	169981	7936	64901	6311	286144	6643	9289	100128788	23243	81856	11116	22828	23234	414919	3672	8906	55739	606495	29092	399821	643072	100652865	105378065	101927300	2074	50652	8505	100505538	386597	101929302	101927590	84973	92249	100507557	81571	5863	105378580	100131434	398	154881	9054	100874002	255167	101929176	55000	5591	171391	3145	90589	283440	100130855	146429	119746555	642658	283887	339290	9939	100287082	102724684	284408	149013	23619	100996569	100101267	80039	94059	7772	105374338	101928059	102724643	105370174	84726	6817	105369154	100130015	114819	730101	100887750	286101	79970	337875	647121	138649	57212	152195	101928303	253039
gtex__cerebellar_hemisphere__M003	381	81691	84058	26224	3674	55049	163	79017	5689	1407	9690	8798	83930	25900	8193	7869	51360	240	23324	23357	9782	81551	22902	6591	58473	3298	29781	3755	9135	6301	79645	26751	9172	79567	54896	9440	9820	1495	54875	64848	56204	51491	23593	29945	27095	51602	26099	64718	8531	64951	57418	4710	744	387	3430	79990	483	7353	55658	29105	6949	9130	29894	5134	55515	4775	37	57719	9605	23505	10179	4292	5362	56949	9984	8569	6604	29093	57226	5351	91746	6579	22924	966	231	55624	363	23645	581	4849	54675	55857	29058	51605	2521	57655	57060	83719	4708	10296	29888	7023	7066	79603	57192	9552	5720	55072	7301	1725	25861	55506	255057	4507	8045	4616	29801	51586	83874	129138	9463	27156	1120	10454	25813	23112	79734	9978	50	55687	5372	2287	56948	114088	5641	6430	79038	5875	30813	6789	1522	10005	55916	8260	9016	10240	23295	51090	1723	65057	56942	54985	64428	65990	9028	7329	6923	9093	4150	9455	79848	10397	65263	1936	7993	157697	284352	55011	55111	53635	6449	10859	10994	79187	51073	2109	29086	8775	10945	828	26121	25789	6324	2931	2901	10282	51678	84182	3315	23658	54981	203	7016	8777	8721	8395	5264	1787	10539	54906	28964	5709	5216	26001	1655	79132	6945	29098	57649	2483	55805	79864	79080	50862	4728	10312	5554	4055	56994	10162	55907	6206	51596	8382	5201	10087	411	27031	26355	10641	59345	80325	57501	1154	28972	29959	550	33	2677	3336	6509	4999	22848	7072	51102	3065	6723	10459	10286	51463	2582	3399	10969	10327	57035	29937	54996	81847	6185	80235	11064	9525	91754	27030	1394	4488	79886	39	51248	11340	5533	10987	55268	55269	256051	51538	84265	7755	3181	5033	79002	57213	6491	5393	3623	78997	10617	55809	5269	222643	9521	65109	23157	51081	23163	30833	55154	6253	9491	7389	55795	84306	7067	3276	8678	4974	83543	8089	84286	54850	50809	7979	7978	5471	85359	79706	64792	64172	58504	8930	6665	968	84817	83448	6192	81926	55780	6303	3949	57631	147965	55695	27243	54958	93974	55337	4354	54897	22927	9584	10328	5119	8639	4695	54991	84240	10401	3958	23647	85451	1984	26284	54496	51388	114034	1024	5983	84246	23608	91298	301	10993	375616	22881	2647	6302	2583	57224	9958	183	10228	5279	4008	55852	4711	274	51531	971	9380	89953	55362	10211	23787	8836	55177	4091	10669	10121	29081	27068	51176	85437	196500	55716	2098	54939	80349	585	10066	23478	64755	7385	10300	22980	5636	10650	114876	4864	112483	94015	1453	10609	29985	91978	112703	7371	5498	8490	51093	10456	25912	128061	149111	9580	84696	51002	113419	6574	3329	84236	64708	51143	55164	6988	84276	9730	81608	287	92610	55651	64777	2676	81786	255426	54511	257218	56996	2041	6770	83940	93100	84186	84909	23412	80013	51144	6749	79096	84364	283212	871	7108	226	84735	120379	196513	55293	79691	150709	3628	79682	81615	2895	10557	9987	64682	4929	9481	124402	925	57630	30827	147495	152992	81894	333926	138241	118491	10694	122416	9556	84295	285367	6396	11269	9478	121665	57477	129531	130617	516	65264	148523	11267	51706	89970	51249	1636	388284	55721	55108	755	11182	84885	80308	4796	222229	93210	2232	6427	1973	220004	79081	6811	7542	114803	127253	127002	4921	5824	25992	165055	129880	79005	8545	64320	55139	84818	78987	51304	54585	9204	79753	91869	4043	84448	3015	133308	10424	64399	11157	23176	4982	10922	138050	58526	30968	221154	63876	23588	402381	118881	63877	10935	23203	116225	282974	90809	26012	221120	146562	56672	81565	219539	5479	89797	4665	23582	81605	7644	146705	64122	4597	53916	284339	51031	4723	10476	84514	5436	144097	124401	54541	5162	200845	11170	1841	6890	9796	2948	51255	375704	65110	10960	23119	201254	5881	22871	7584	375484	220988	9482	55890	4255	4862	10474	51282	51013	6902	57449	198437	6919	2628	257194	27254	83886	118487	122704	254122	338692	10524	93624	5970	54674	203054	9657	653784	29925	6573	9986	84833	162515	148014	11146	254263	126328	253982	80851	22845	4087	51642	8607	286262	1479	79643	10301	664	339487	285800	254531	197322	29952	9632	84942	64787	493829	475	9332	497661	977	158056	60626	388886	54681	4094	8225	4351	375593	26873	54512	114932	54344	1537	23302	22827	8575	4947	3059	401563	4869	163183	200205	439921	55256	2130	125061	2621	126075	84206	493753	64410	100288332	29944	126382	79174	220323	8398	25880	752	22888	10519	27124	8558	9146	123283	4582	64714	54014	79581	5833	3916	54093	100379224	89958	57496	101059918	115560	56971	79955	5333	730098	4059	51547	79840	222696	389541	10383	285193	653820	121642	219348	7259	51466	9819	91392	51399	2316	837	644596	11152	5094	400931	219927	55753	142678	645811	56882	79607	92283	255119	342926	89848	8227	115948	65992	55153	3151	169436	55170	109729141	64423	134701	84455	85026	1616	10471	4855	80863	8859	1797	55777	1460	554235	1639	1874	84324	1375	6453	131965	50840	2532	9311	51239	83463	84342	125113	2086	51075	6235	51024	401562	92482	100188893	751071	101059938	11331	4636	79741	25858	1052	100506100	100129845	401398	101927215	348262	100996437	93653	113178	100507057	55009	643988	146542	84320	105376736	100873998	105378853	100506421	100506054	100996590	100129060	51236	100507261	101927661	645676	150291	58486	100874094	105378828	101927983	652968	84964	23559	51608	84129	541565	632	55052	340526	9553	100137049	64968	728769	284080	221409	10016	100505616	101929191	90024	100499484	102724064	283177	101928416	10597	11232	100129128	26065	10330	124944	100507118	90799	26589	100134229	102724362	100507599	105371115	79585	80755	100288123	112268269	100289341	79917	105374758	101929243	6880	102723471	284106	724102	105372432	57594	728233	285905	652972	132241	650794	5387	200810	352954	100132057	100093631	650655
gtex__cerebellar_hemisphere__M004	57185	572	5965	51364	57019	27072	5010	23649	23386	4331	9921	9821	50619	51177	23279	84245	11284	5982	9454	6307	55749	10787	23041	6141	29924	55588	28996	55248	6688	25885	51447	10272	2046	6389	9187	88455	54431	4034	57103	51619	114880	3991	131544	4036	440515	57579	55663	1307	546	55892	81929	51171	51720	4313	55608	54498	55968	8655	55285	9352	54930	990	5742	11018	56952	51257	26517	283638	5434	200312	113791	56993	1727	25809	27349	4174	8897	5816	5905	51199	10175	8846	51635	1983	79882	4776	958	51098	5203	10398	6640	7125	9663	79959	4092	1478	79576	5358	2259	55815	8131	2935	23062	23475	9738	8669	50804	1666	55284	23484	6625	166	2091	51343	6223	29997	495	23770	2077	6671	6009	10488	83937	22841	5532	23560	55149	219771	27338	64149	8153	10014	27346	2557	57606	27309	55296	3083	1410	91057	27087	114971	3875	217	8683	10973	11149	135152	51053	8724	10767	1347	56133	6678	80315	4968	5947	55186	11222	2976	3676	51130	92840	80303	7701	27101	10745	9048	23215	9588	25949	23184	1385	23469	64342	4709	9330	112752	55051	2281	25902	5110	56122	10174	10237	11335	8805	55847	23091	80760	10102	9367	5105	79072	64344	88745	6631	51000	84899	9375	79144	5690	79414	3661	22826	1350	84239	3425	10975	83460	7277	8459	51234	25913	222256	3663	26297	5338	81533	80185	25759	348	10452	25873	64981	84816	1289	25814	11047	78992	139728	4037	85313	51751	126299	7376	47	79228	6117	23480	5111	51526	23743	51371	6341	23111	79710	84106	51241	92259	2947	10542	3572	902	91408	29923	26136	6610	1329	11137	3936	10588	92856	4957	23392	2356	570	11224	90871	84300	60492	58487	96764	6176	51332	10964	9581	51196	29789	84925	53371	839	84298	92979	282809	84260	9107	7786	122953	54849	58488	60681	25888	51070	5686	4170	8394	805	51057	79998	6323	23671	114790	285282	10861	493856	6167	5295	10957	22932	79742	6872	26548	50814	55909	10280	92399	6837	286257	22921	29982	92170	196743	54805	22984	7761	84623	5531	57536	9472	140609	132321	5860	291	79833	55676	146556	90268	10350	55740	518	5137	522	7273	9844	132	60685	3084	3361	90993	84262	114793	9364	63875	83850	81035	340348	137964	10361	64760	8659	4731	6285	7757	9159	55585	4061	84765	147872	284069	115950	400569	51728	899	91624	22854	130132	151354	2560	84142	23429	57018	245711	51246	27152	64850	11341	4085	26269	10085	51752	116842	222962	23462	25798	501	79870	55656	2395	158234	10910	219654	84457	55172	84881	11164	11092	123228	25820	8065	119032	119504	3419	6157	90701	65084	89927	84516	2923	129049	6632	26995	51755	64772	10449	2819	83696	84717	3489	146664	7083	54986	10980	3660	378	80346	8313	53353	7336	55276	93380	7580	9283	114825	11337	7314	84305	53343	80305	55038	79042	203062	29071	79801	147807	55144	151827	115727	5394	11346	10892	2845	25988	53342	5499	10924	1072	340252	51504	51126	440574	7423	1106	29903	3267	165324	283951	254359	201232	55055	10302	442117	6138	81490	125988	125144	9793	5870	4482	340481	285489	79898	26471	54621	284358	23625	125170	1176	84987	646023	84667	64856	81858	255043	9282	51276	53637	79701	100287171	90355	23641	79087	100506504	83733	29796	84319	80764	124751	54732	391356	286256	11124	80233	7026	527	200942	402573	55217	126520	388567	148254	23621	6228	27445	53373	91582	1645	125704	64170	388335	3006	7477	51463	199777	9045	4697	6284	165186	282991	342132	285971	9612	100287569	10865	160	136051	10210	388536	128	9019	5557	10920	9652	92241	4540	149345	84288	619208	7918	3134	790955	9752	10206	388135	414918	54065	246181	7247	4539	1427	286827	27040	23564	2013	644246	4515	644019	134121	101927905	109286553	100125288	23467	100996485	729467	100505696	102723566	100652939	284576	101927667	100170229	57291	124902280	91149	4509	439931	388789	285958	105376070	100996842	90271	100132273	102724768	58496	57665	27297	6173	539	8420	348110	347689	4831	7268	1650	147007	85014	100289187	152206	100289274	100131089	106480796	148898	23354	91893	123706545	100128881	730183	202020	10929	23380	284565	100507373	8517	101927837	401492	118827814	404672	118597831	118568828	101752399	102723582	123706513	100506036	389741	101243555	105377294	84278	493754	5380	57234	442524	127239154
gtex__cerebellar_hemisphere__M005	8813	843	10127	51507	84067	4065	816	1606	91283	79091	10420	53615	54475	23016	3682	55763	29911	997	5442	8220	5494	51016	51292	64840	5935	2553	55621	81576	4858	898	64748	3614	58498	9562	64077	5717	64854	1665	65117	7164	26036	10846	4001	373	84836	117178	533	57864	26507	2971	23408	4337	55715	140823	8409	55906	4698	94101	25870	8881	91574	25980	7818	55643	10001	285148	84893	83605	84904	53905	54956	55827	80222	80856	151194	129563	92345	79930	57038	51501	4863	220064	83643	284309	26207	81559	80746	7071	1974	8822	2618	5692	10785	7617	51149	622	199745	8986	219931	8880	129450	285521	84126	84315	4724	134549	57107	382	29117	717	245812	79759	114823	90990	9881	2675	26505	126129	8233	83877	7555	5986	9121	10491	3035	345275	10869	6199	200958	6470	283229	25945	6748	90843	79692	5571	28955	11022	65265	50614	51428	84851	51807	83943	8694	353274	3665	282973	613126	4661	284739	100289635	54834	7088	541578	79830	955	84671	147658	353	26095	441054	5699	339231	387804	55672	728190	100873912	91316	114796	284798	6892	1159	109729137	440288	101926904	389203	101928203	162972	101927503	79290	102723670	100507588	100506070	105372321	124904620	102724859	145783	124902114	124900848	729870	105370705	155060	220729	124221	147081
gtex__cerebellar_hemisphere__M006	4843	55692	920	1774	84908	395	57646	3074	11054	10147	8537	10362	782	5774	10640	6929	3993	617	7319	10998	8886	8812	2271	23594	23428	84271	11020	83746	80821	5684	994	79133	9097	51231	9441	55101	11140	4521	56913	10467	64983	6603	51264	1801	90410	29118	3338	25906	9976	80018	6489	10384	9025	26235	3157	10111	662	64838	25801	84759	965	9419	29095	64756	55905	6745	79654	5582	53834	23309	84060	10606	84268	863	4705	10585	6627	4221	2949	84991	55858	79587	51347	4005	23479	54881	3590	91012	122830	122616	54925	1292	126374	64129	114884	2631	203228	282969	149951	23457	117143	221302	8764	144406	91544	117145	89765	9673	1857	126433	126133	26027	6746	27148	151613	4241	91137	9263	155368	94134	56339	6881	146227	56905	1877	7536	83657	129303	3094	145957	57099	28991	55863	5481	163255	28998	80194	148203	83759	128439	85007	8815	401505	84002	1662	122525	144132	116135	400410	716	4707	26276	10572	2972	3297	1762	152100	4501	339559	10772	158293	399948	100131755	55684	11194	171392	440295	140885	1902	55713	10230	6920	444882	100130958	339453	84960	2946	1241	400954	100128264	1159	124906608	100506159	8847	124902477	727993	154790	151516	386627	102723313	100133315	379025	109729181	100507303	100131691	123706533	283876	100507173	105376020	388524	221442
gtex__cerebellar_hemisphere__M007	79007	4145	5980	26993	5606	116254	30	83641	57595	10290	949	65993	3781	27131	57106	4320	5625	25793	23351	1471	5127	10166	8717	10423	2068	729440	27113	57130	25854	10536	54516	10342	10675	2956	97	4072	83690	83637	79269	1271	2181	79586	56897	2868	92675	631	6487	10365	2671	10439	23199	7322	64087	10247	60484	22873	51280	26056	51131	51754	10817	11270	84915	123920	115024	23476	3491	85369	1513	10899	91653	3486	80728	6834	339105	341880	389	56911	7079	1376	90139	30815	162989	6271	10712	4000	84988	160622	221496	6339	93185	55220	84283	219287	5654	6137	147015	57348	94274	83547	25837	29901	79029	84331	339122	84153	8722	3265	797	8636	284346	2885	144811	126003	283989	26233	149175	114659	8651	256329	79896	200728	3767	2563	7390	2707	642968	4828	8733	100996571	144717	118472	503542	100316904	51157	6150	284184	29994	100131814	643355	387882	9278	90120	8742	642819	55861	100131067	124904535	117134601	79154	105373780	728743	150244	442523
gtex__cerebellar_hemisphere__M008	23072	10233	211	8504	81037	25791	7132	26986	11099	537	23368	22861	8086	23541	24144	57761	760	81857	10469	6511	24146	708	117247	84498	29102	23398	51300	64960	54955	79630	64858	10965	3437	51076	64282	9643	10385	7270	4987	7408	10616	51119	10739	51295	1736	6616	55544	55748	22880	51303	284252	28988	113220	9373	10113	57619	121536	10099	3801	4716	84299	351	114783	81794	115286	55840	84870	51631	26260	90952	84866	83723	10284	29087	219743	115416	115817	286527	115992	9191	5763	267	120425	6159	9464	27236	55342	399665	6520	221749	27247	23587	4696	1826	1296	10218	169270	6169	1717	162968	64837	89792	7025	404216	167359	5441	117608	5179	56849	7625	11104	170622	55959	3066	54543	7741	283807	6168	10554	3150	387104	7866	3115	100303728	440498	100506930	100506235	399697	729978	3112	80864	3109	729013	101928062	100129195	112398	84809
gtex__cerebellar_hemisphere__M009	55750	5080	1634	8630	5318	998	51109	8974	23609	9452	79876	22837	55862	56853	55578	5862	3191	2146	23081	8939	8649	7358	26973	221662	1297	10923	8723	23150	6747	6342	7292	163404	5955	9789	6446	7010	6045	466	11017	10054	112849	83744	5782	5420	5589	164395	57180	3612	10894	3295	79161	25821	4609	79969	6386	55212	7009	122060	11001	11221	83939	58478	81555	64418	51125	51110	55638	57689	80014	29970	57724	60592	3621	25890	55529	6103	11080	4760	129401	57650	5274	9255	51705	8323	221656	3190	29951	10845	5867	10678	1000	51030	55871	345757	57804	79635	10265	157807	151188	51027	254251	285237	79642	64582	56899	643155	340277	150472	91120	83694	51062	830	55251	550643	401397	123706550	400619	102723775	100132215	378805	100287482	81488	6038	442421	10778
gtex__cerebellar_hemisphere__M010	2534	1462	84321	54432	5188	10402	9627	8440	10644	5076	11266	55741	51726	23598	171568	26520	80183	25839	3646	4924	54938	2217	54433	51088	5467	5528	23438	9670	56912	5524	9913	6950	9479	65244	57380	83732	3834	84172	84081	5819	27293	79781	51540	2319	63827	4212	219855	10956	338699	81556	55132	144165	60314	283927	22901	8444	116841	10318	50808	57325	51524	9344	65258	65983	10600	79856	79623	55260	25946	55249	11073	349565	22836	84267	161436	4745	780776	8800	26585	89849	5650	79663	2873	93134	598	51523	55277	79703	28232	627	9495	2894	6000	28970	5034	199953	50859	79754	51321	147686	55210	7004	55035	2870	10921	283673	9534	255758	1454	51400	100271715	392862	55670	201229	100996342	24142	100505738	105375624	196475	729911	100885848	105376244	84798
gtex__cerebellar_hemisphere__M011	4257	57514	153	80243	116984	51015	79901	2736	2239	108	151887	26227	7042	23209	5360	8406	64131	7227	7040	3696	5764	169792	1374	1610	23328	26084	2202	9414	4329	130399	6239	6662	9459	6451	8500	4147	4853	6660	187	29969	2752	5077	5270	64114	90865	347733	10413	2247	658	2120	90050	3782	1956	83604	8601	286204	23657	7068	2555	678	2697	5578	83648	2890	64849	57685	1465	8613	9672	2565	308	51313	23305	5260	57462	120114	57447	8642	80221	558	51435	114990	11031	116236	84168	5209	153572	1901	4163	8801	55970	8534	414149	387758	6657	220382	55137	57537	677	85379	641	26020	54898	65124	9760	6096	375035	644139	11037	105369147	9865
gtex__cerebellar_hemisphere__M012	23028	114881	7021	972	5798	6160	7224	54825	4140	1136	25977	9388	28974	51174	9094	1822	9457	55856	58512	81892	2892	2571	91107	51308	79921	313	2572	6194	7746	7020	670	1838	79675	6843	81577	93343	11132	64969	10840	7873	2768	220869	5331	221143	121551	4718	10309	7345	129684	118813	22986	137970	3815	9542	55823	126755	1345	201161	91949	11273	146395	5865	9758	58485	669	56834	246330	10897	64770	253650	27319	84698	6635	6165	4303	30849	309	6277	6147	196051	3122	283514	100505876	105374250	122455337	105376752	6234	101928537	100505678	654790	100129917	2738	56242	100130950	28755
gtex__cerebellar_hemisphere__M013	8379	90326	6193	51260	653390	6217	3249	85865	55131	6143	4717	6207	10884	6152	6209	5396	6230	81932	91687	6144	6125	6204	6155	55829	6210	55901	5830	7453	56931	6205	6202	6726	6161	6189	6130	2197	8448	3606	285172	6156	6154	51205	147798	123591	6227	6201	27257	286128	6218	23660	140612	7169	6170	402160	91664	10809	440600	6222	101927870	101929402	1937	6139
gtex__cerebellar_hemisphere__M014	80853	55830	2665	57504	23294	6857	57560	27248	57605	2099	4669	2145	51809	3836	84263	10131	7743	102	54536	51281	130271	5789	1633	84255	50650	203238	220296	5598	7551	54893	84879	9229	94103	55222	5091	54503	146754	157567	55693	144233	6917	647135	26146	26058	55779	65010	100505641	101927577
gtex__cerebellar_hemisphere__M015	3927	9546	4084	55176	60343	7879	7163	1311	7511	79073	506	2651	5000	3664	1788	51646	51141	5682	10505	23005	57117	91445	285533	92105	144423	498	10618	10172	3098	84134	8682	56997	64112	7529	10015	9637	171023	5621	10231	23042	79673	4753	2547	91966	5365	339448	387111	100499405
gtex__cerebellar_hemisphere__M016	204	26022	5652	8943	51433	8216	10278	7036	83892	22865	6238	84190	196883	1514	5211	91039	207	85452	256364	9223	10160	50651	84936	83473	148137	1642	7360	2859	5187	58491	613037	285989	9722	84258	10379	101928464	101927117	118568799	5297	101927612	100506668	80022	79873	554206
gtex__cerebellar_hemisphere__M017	10903	55540	10758	10419	20	29907	3280	5825	2791	25938	51337	55119	57639	6993	26229	79839	378108	284086	126321	54987	132014	51368	116173	90313	10791	123606	90594	84107	253314	64782	50801	253190	5413	83931	961	373156	7932	101928153	56138	201477	2630
gtex__cerebellar_hemisphere__M018	8913	22844	489	23676	4744	64781	140679	793	3780	10842	230	23316	81491	23463	54836	22987	203447	51764	10875	85397	3706	30811	57626	4880	56648	6623	127845	126006	9435	767	9951	4692	5121	3786	83715	404037	92737	399474	388630	4747
gtex__cerebellar_hemisphere__M019	8228	51629	578	9150	5996	26277	1445	587	59	1819	5447	26502	84958	9015	6876	112616	9131	8703	84446	26097	51160	55324	220979	123016	8559	10495	23423	55167	55486	199699	54952	728294	339883	4860	54923	57232	378881	100505783	9277	103352539	124902718
gtex__cerebellar_hemisphere__M020	8439	9892	51150	8668	8106	84557	3299	268	2584	23142	4839	56940	2593	10912	50632	10267	51374	126147	56257	150223	25898	51252	79155	201255	51181	3185	57104	3014	102577424	400916	5348
gtex__cerebellar_hemisphere__M021	26073	79657	8891	1891	8402	54414	51639	3208	5433	84280	322	80700	5036	6203	92815	256714	56901	6191	4541	4513	4519	4536	4512	4537	4538	4535	4508	4514	5032
gtex__cerebellar_hemisphere__M022	51533	57217	57704	3028	26281	51654	27229	80021	7508	84124	4735	6575	80723	3856	147837	8293	102724699	124902204	440044
gtex__cerebellar_hemisphere__M023	548645	2254	23659	54606	317662	57575	161253	401262	10682	27201	3017	1346	152519	7753	27129	390928	84631	23761	4701
gtex__cerebellum__M000	2729	4074	56603	204	10180	84254	5976	3980	56928	1387	9256	6936	57414	23077	3675	51573	2115	55750	57157	3475	60528	5048	9703	9254	3720	65220	53616	51085	55727	54476	54902	9066	8491	5704	5010	1355	440193	477	23187	9369	57210	9921	64429	57476	4719	11171	1890	29781	11231	9519	55334	8498	7414	54888	27430	7204	65078	1008	54884	51606	4134	23196	23518	8863	2006	57492	23327	3074	27122	9603	9564	51742	5798	23095	57475	23201	51602	3757	8454	23369	51663	57095	5923	64718	6515	9410	1001	7771	1431	3029	5476	22904	5378	23013	55248	9892	51665	23216	8621	4904	5141	6602	9682	10565	4756	5315	1659	6857	57595	492	80347	79990	4205	56850	24140	10681	4040	5217	6710	54916	23293	9993	79364	5423	55062	26986	490	6196	54556	28951	26528	29894	51109	5566	22859	23503	6720	6793	1400	54847	83642	6605	10644	8301	23332	1207	771	11343	51175	9671	8672	27332	2355	6624	1739	22920	8786	55094	22978	83992	54431	2260	9063	273	56922	10529	9139	6507	10411	23152	2222	3835	55604	1785	55183	22839	260425	28962	1005	9812	93664	6604	55100	9689	23136	2932	3693	79728	9706	22894	2195	56910	334	200081	546	102157402	22911	4216	23139	2196	55696	43	4313	10992	10059	116154	1795	57017	55857	84678	10985	22895	1114	8079	55760	6548	51324	8646	9727	10795	8761	84196	27327	3912	23335	54890	83394	84502	51310	25831	11198	54822	7301	9117	4214	372	1390	27154	11332	387680	4650	9274	4670	51257	113177	421	27443	23759	11078	79879	23539	55964	9701	6305	23170	4627	27352	10478	23264	50	11154	51199	114088	23002	79890	22938	3705	9894	9252	55671	394	22981	23613	57446	55969	80331	24148	26164	10732	1917	79133	81502	9751	10483	5332	9777	26051	79863	29906	8731	4092	8780	10735	340554	3750	2332	27344	8874	10240	3299	5257	9688	83752	65057	4832	79918	9057	83693	7249	26048	64788	8140	79791	1428	6650	9780	56061	4150	10295	23420	8925	23205	8766	25963	23312	4683	6422	9694	6713	23484	4741	427	1209	11129	268	8677	81857	22870	8725	9253	333	11100	51343	79784	56917	1954	9266	22900	54922	30000	59284	57794	6324	2931	56006	23080	26959	11033	64327	23288	8887	2887	23242	2617	8662	5803	113263	51422	5425	7461	7458	158471	22949	57589	23081	57582	768	8939	9827	56654	320	7763	1855	23268	8661	219699	64072	10367	54462	8729	57584	55149	9126	219771	7343	22794	5414	9110	55163	9400	708	55813	40	2648	51747	1845	9343	9368	5602	7466	23321	57620	2743	9693	7704	23360	23130	9828	329	867	10114	6506	8567	79829	10944	4928	2965	41	4891	4048	51699	3736	57696	51258	2597	1108	23074	2784	1911	79632	51020	6428	221692	266727	26268	9439	135152	8724	7957	9444	55754	26054	11120	57666	4124	10902	23530	55819	9685	900	6500	2908	10915	57222	80315	604	51421	7375	8087	523	64689	1981	55683	4691	57669	2820	85461	6711	57142	56655	10314	2744	80303	23301	10058	3241	10153	1615	9167	63892	22848	2034	4780	2043	23341	7143	79906	9731	127428	49856	6146	515	9181	10459	10625	7799	6738	51086	23207	23046	55700	51463	6513	10969	8704	8503	1810	3290	56181	6195	25936	8289	4297	83479	9331	81573	5325	9465	26234	10329	103910	2309	6696	7320	5887	6418	51552	26147	79109	57706	56252	91754	5826	58517	8892	54454	29094	25927	55719	3416	4601	10285	79591	80314	440073	51780	51019	1191	10174	23435	8405	64282	55269	65982	64786	51426	1314	5930	989	55975	11328	11319	11113	79039	8082	11059	23597	5585	4035	57826	23363	57580	57468	1434	6780	23096	10396	23326	29993	57510	9972	55831	23019	23163	79902	79144	51141	84172	54520	5469	8189	63908	5126	11034	56926	22913	101410538	8242	6487	3831	23263	55795	826	79171	5582	171017	112849	22890	821	64768	59269	84219	146330	23499	23030	10142	64921	163131	85378	92521	9732	222256	58504	1854	54982	1315	26297	3746	1032	79709	25796	51429	55278	25804	25830	50632	64793	3911	9885	10155	54958	23211	4294	25926	10277	7317	9590	55902	7700	1349	9467	23473	54882	10656	57343	90379	5894	23167	80895	5791	23277	2926	91107	9406	1742	2319	6616	5786	9826	56259	10207	51761	9205	10810	23164	254428	57511	55425	10313	23037	694	3845	51520	29080	3295	196441	51669	27255	10752	5738	56907	51535	57498	9475	3939	3572	4038	9698	1837	9704	55858	337867	7174	3703	60560	23670	23287	79616	84749	84900	1840	9988	60561	375616	577	57231	51317	55226	116986	9924	9053	2799	54583	55654	26122	84101	79621	26586	9445	10253	1102	9805	9771	80727	10588	4836	6426	10238	11143	6326	64844	2058	51133	55627	84317	92856	4957	9649	64855	7111	29988	10868	158427	2800	81873	55833	25822	116113	63971	9656	408	4926	29088	84811	440279	56965	54816	51187	54874	87178	80204	51374	10579	953	310	22891	10152	55032	26035	10144	22872	84162	950	3033	8499	92979	84260	9818	283537	90634	6601	283373	55206	64062	10150	8451	4857	376267	9990	6938	8125	49855	55466	55180	79748	5428	79068	7385	9785	23174	3394	89941	9611	10140	55275	54828	6875	4864	50488	26502	114804	5596	10907	90378	1291	757	10498	51070	6518	79932	3339	23421	3491	10026	1952	481	27005	81875	23179	57530	81609	29956	10500	55061	8751	7170	11000	3608	2590	9859	116841	8497	92906	27436	805	51542	6637	4211	9391	23020	94097	3899	23190	8502	9686	2803	26018	9515	90113	1609	57205	10299	1016	5295	5921	5066	64924	153830	10814	26249	81786	9589	9202	2768	84310	11011	6567	4841	8473	79618	51312	54212	9705	6867	6129	4781	26267	84131	549	9919	22921	23590	11128	818	2746	10556	8525	10658	79780	4863	26007	9219	84623	64405	738	124446	22866	23284	27250	116966	9871	57512	89910	2132	1646	54842	387923	51594	667	7073	130074	255967	5213	4154	23171	55676	9453	85445	51351	5884	51061	1070	3192	25909	22878	79888	25827	221895	124540	781	23461	91694	518	6921	4685	51560	7566	81552	80028	29761	6566	5018	23367	2890	9443	92370	114	90550	91748	3778	10694	7102	7074	57466	6832	25921	23522	78994	7862	9941	23057	6529	776	132949	257397	11079	55698	55113	22808	340348	56946	9753	4681	4817	65018	2039	57805	51735	54461	8867	3455	6651	1827	11267	23515	11189	57519	6002	29	54020	23076	8566	4047	5116	6285	84446	9159	103	23218	5745	9401	10603	8878	222236	5701	60680	25946	284361	80174	221496	339123	57465	124222	80150	7542	51727	10092	3765	51127	112942	10611	6944	152559	55249	128240	476	5584	23429	23001	57406	54861	79443	131601	55689	8314	26043	5364	8927	327	256471	1849	54726	25836	153733	202333	253260	167153	57763	134510	10412	84340	2898	134957	107	5885	54919	7534	203259	11168	51271	2395	203286	11244	84270	65268	65083	84720	51585	9147	11164	509	7417	169714	64324	7248	90809	55701	6297	79841	85459	79101	11245	83700	112937	6692	2200	25820	1353	1200	84460	6764	222865	7702	50810	7184	80095	113201	81628	4130	64400	4141	2923	129049	201191	2801	10999	51704	23102	7644	6786	112476	2879	57701	10501	64359	83547	374875	4723	7775	283987	83986	57524	21	23524	1642	9881	199223	55788	3800	115294	2339	157638	53353	11142	79867	10098	27065	56884	5604	4204	23099	126129	4330	23117	8706	7881	5747	51305	169044	9839	51181	163590	79724	1107	10477	9283	84640	55031	10446	166614	23204	5272	80196	5429	143425	79188	55006	55657	203245	81603	541468	283455	4135	22883	5394	4300	51112	221037	7064	8462	54205	10892	7690	64137	2783	9854	10125	93550	79612	326624	6670	283450	51504	22885	49854	254102	5797	79834	5707	10276	6712	27333	165324	23269	23612	389524	148808	90806	9024	55196	9975	6731	9610	170506	79683	545	125144	56945	200197	5708	23015	4023	79772	57628	146691	84747	79898	9807	29882	6051	205717	10522	80205	347862	3737	7156	7182	51046	497661	3725	56975	2885	440836	9659	5339	11180	23512	9377	5198	7284	127254	80169	5886	23241	161882	9378	79077	222166	374986	221687	55432	404093	23513	25994	347736	205428	22820	64864	10193	134553	64785	55228	23641	7325	388323	785	55666	11248	50863	7267	51335	50614	8241	2130	9112	124976	161	83698	91689	754	9802	27439	158358	339039	253143	54039	146223	150209	10766	7404	130502	8663	84319	5142	9968	5413	90135	79050	10509	149175	340371	64409	25840	80233	7026	6667	10336	5034	4733	527	23299	220107	148254	353322	55922	10168	23040	7328	100101467	53373	4137	2248	3767	7874	125704	3006	729967	5575	374383	54914	1121	57186	6613	375743	144404	388336	9045	339287	163081	162966	23254	165186	282991	11122	6261	6829	284443	9883	1604	9361	5770	30849	60312	399687	165679	51399	7582	64771	57181	199704	170384	388566	163227	3482	1778	399909	27044	146540	10438	25959	84301	79027	104	3064	3182	1305	57799	6709	5253	197342	6884	28512	127687	10793	2870	9814	57209	161145	84775	50618	10724	148741	6262	55958	23054	27347	10479	57154	9578	2475	9909	3897	6721	9867	3633	257407	65979	55219	6046	64978	7936	90233	780	57540	29902	56143	56144	55851	5699	5150	54458	317762	91750	23243	246181	338799	339263	727800	11116	255758	6827	4722	534	79086	64506	23053	340267	84461	440270	1654	388815	55628	375190	642852	101927027	221710	401399	554203	440078	100505771	8629	440829	342918	100507557	100507261	645676	105371574	100874058	10432	5098	84129	387521	27297	57026	100131434	5297	727956	128977	56098	9907	161497	56134	7268	401232	100507602	124901151	102467147	102577424	100129917	400916	401172	100499177	85358	283624	388021	100128881	100128822	148189	730183	339290	57597	92335	677769	386758	56936	29057	115290	400818	401612	728841	79148	100129550	202781	57223	101243555	359809	107985953	107986626	84726	388524	100133036	554236	349152	442524	100131454
gtex__cerebellum__M001	23072	7982	5577	25998	1352	29116	9043	7095	7812	10178	3097	1185	54799	5286	10463	1272	6683	2273	2554	211	51071	58528	2530	5606	8452	9765	9440	57120	168850	5954	81037	89801	9498	1112	10079	4659	4084	5128	65125	124925	1496	27107	4287	2263	89795	55593	9488	11099	998	537	54475	10129	9462	285527	23609	7374	23032	832	54715	2782	26281	9452	1653	22999	9817	8671	27244	57092	79876	114899	4779	3842	8648	9522	57531	2060	54469	51593	56970	2280	23193	25977	10558	51726	11069	23231	22861	4345	9878	26277	57556	79968	55862	4436	51322	3189	8317	3983	6942	5905	23774	23405	5700	57144	56853	23253	79868	5230	158866	10664	79650	5934	9810	9325	3646	51366	3191	1760	478	858	1124	5599	657	23185	54906	4927	5573	5376	8649	7323	2549	7358	26973	55531	10645	10988	8099	23329	56890	50813	8078	4739	387119	135112	1297	81688	51053	117247	6908	56133	23107	79770	9555	1452	5096	6787	10096	64895	3554	8604	1386	4139	6342	9528	11315	80267	6421	9295	34	4179	58155	55758	3925	57134	5511	114883	5955	56912	23271	9789	6446	9194	5311	57539	2103	9913	1788	54812	26123	10171	29126	2891	6883	80209	51123	27241	64224	3181	51251	79269	23389	55297	262	29994	8675	11017	55026	6238	10236	84306	10054	51119	84081	55112	83744	6049	5782	79689	5189	10739	4698	6638	56984	54832	91860	57509	7011	8881	547	81	10439	6874	56342	1736	84905	5538	7322	55860	23225	25957	6388	50717	1024	57180	79572	22800	8650	1965	7428	51303	29841	79577	57614	284252	53	324	79161	25821	4076	7024	3178	79786	375248	55681	55213	11097	28988	7716	57129	10006	9314	6812	23452	9373	152006	84904	8737	79969	9873	338699	5547	6386	10413	79739	109	5495	10113	6744	81556	57575	57619	79807	5530	55605	58516	6895	54934	60314	5925	122060	122786	6252	145389	8816	112840	92912	10099	55070	5045	221184	8533	8844	9520	51529	351	9980	207	114783	473	22823	57645	55827	5451	4170	81611	2029	9015	11221	151126	115286	116931	55840	1060	58478	817	54532	92345	285440	55814	81545	78991	10318	10146	54438	154214	51631	7403	26260	526	55909	55638	29967	50808	220869	54886	23245	90678	220965	51074	5058	6188	2900	57325	51524	3619	84866	9344	143098	10284	5805	3708	288	9223	2059	29087	2313	636	26278	29970	253635	2895	10618	127933	53354	1601	5903	5801	6328	153478	925	1105	23228	84532	56934	5799	55326	27201	285172	145483	1633	10600	6103	219743	27020	1859	56896	5192	138639	79623	171586	8450	115992	9191	8883	9813	9715	10020	8997	85395	200186	6159	11080	148362	55083	824	4760	7447	204851	80128	6746	134	57650	7048	79885	5274	132204	11073	113444	7884	80335	79884	64399	90826	1879	168667	7559	619279	23514	55074	8323	84267	3190	58526	143279	220963	63877	11092	51222	783	84706	9221	2562	374868	8495	8509	57494	9665	8800	10982	399665	6240	7171	54815	55762	10653	55769	6520	26005	3921	1499	29063	7266	79663	9197	1677	4798	10678	5036	79145	8493	90338	9637	883	4884	10243	10218	83660	51030	115196	257019	10231	3054	1657	4615	345757	54872	55055	6124	246330	201626	89792	7025	79666	7525	9699	627	79635	10265	157807	253461	25945	9849	151188	2066	147991	5187	160335	144348	5781	10472	727957	22827	10194	90411	284406	79813	6472	23336	23265	6304	22906	6000	83733	57634	51118	4978	84851	51807	5463	401145	256714	162239	138046	155435	114659	55015	285513	10933	5727	120227	11104	4673	2650	79048	170622	643155	340277	199953	345222	5649	196528	9729	8295	2104	3066	6925	57730	23365	140688	23061	4217	91966	9719	26052	83694	285989	1500	23127	113402	283489	7150	221002	26128	55251	55680	659	10554	80863	55777	653316	5987	64901	6311	286144	4056	8906	55739	79729	7866	4515	392862	644019	606495	96459	57232	101927420	8505	378805	100506930	100506235	399697	440567	7726	92249	100506881	1159	5863	283131	729082	100131067	100874002	728723	5591	101928062	146429	102723670	106660606	284565	149013	122539214	124904535	105377023	84740	284106	7772	283521	105374338	124900848	260294	283922	150244	162632	100887750	286042	84809	440248	152195
gtex__cerebellum__M002	115703	1856	10943	5164	3920	4784	83930	7752	26993	58525	5238	1774	637	25937	100533107	11285	6301	28990	84908	10858	54896	5256	2824	1356	57646	1161	51474	5601	9696	54432	6894	6433	65056	23063	79763	7629	60487	10734	5214	30836	7030	22933	55743	56666	9175	54825	4292	56949	51412	4034	143684	56681	5891	57579	5705	1789	54498	79175	9762	10914	64857	9552	23594	55632	3183	55105	10101	7593	513	6598	26088	25807	8897	11020	8814	1033	57452	3091	51550	9362	5875	26133	128414	64743	5355	6594	7076	79153	55565	83716	6923	9093	51283	84148	400506	1445	51101	7264	64130	2217	10775	5438	26093	29086	11140	1628	56913	5683	64983	644	7091	6387	56647	8787	1655	6945	51264	29098	57606	26511	4126	29118	6309	25906	79676	83461	9847	1432	51715	26235	51069	10591	3550	5810	58515	56954	9616	3280	57088	150465	4358	374291	84759	55704	80146	25806	54856	10745	1486	50999	23184	84251	23469	85365	9419	54853	84318	9617	10808	11340	7112	59342	84902	10520	8702	7750	55116	2322	311	54537	80148	51622	800	9559	28981	10212	64333	5204	5208	79183	9217	57380	221443	399512	79637	60386	83658	79654	79414	8678	22863	54973	1350	58513	94101	90417	25938	55320	6397	5589	51337	25873	84705	10298	23404	84326	9026	9584	26061	64145	8572	314	22907	85013	3691	23135	54496	8546	81846	2947	8774	10440	84991	902	79587	51347	10906	6302	23416	10505	9958	27097	3300	160428	23143	313	1101	150472	55339	7507	11258	84681	84259	53905	10669	80745	5861	8884	51196	27163	55589	84298	54939	2108	145864	56964	55898	81577	409	112483	10966	6904	5546	1939	23557	52	4931	79169	54465	64969	130507	285175	339768	9039	29114	51365	6622	9879	401262	10957	51390	89122	340351	7552	27316	79648	137872	8667	84294	80728	123	54801	114987	286257	774	118924	196294	51501	84304	8479	23457	57647	150709	729665	55835	221336	23704	80097	5163	83734	9397	130271	166647	10283	6728	125476	79047	375056	9184	81894	54819	55005	84108	51001	159090	5261	491	3361	197258	64897	4690	222068	54935	64760	4720	94104	873	23400	60313	4882	118424	89765	8568	11182	57731	120425	23623	10898	54784	1173	125950	199990	83941	3760	51023	64343	9861	56999	132014	2992	5984	4241	9255	26269	11157	91137	81789	10559	79778	138716	6619	116328	123016	138311	56339	3429	5579	51647	9382	113174	51117	1398	64127	51367	79001	762	51693	94274	113655	148156	1632	54899	79064	83657	161823	85476	56947	27247	5986	65988	55786	55669	64080	5481	93426	83695	1503	91647	2845	122704	90288	283985	283848	54961	51162	55191	2745	203523	83591	8793	29925	7388	23333	5936	200933	582	131408	5771	1212	6199	54998	401505	169841	114926	28232	284358	23141	23625	2828	4808	55367	66005	7334	84875	2907	2580	6415	84314	54344	9500	1198	144132	729614	284023	22864	120103	400410	23760	100287171	91050	9798	375748	51329	285429	29035	28970	4707	8398	56478	79135	3714	10572	2157	89782	4603	3858	84307	79955	91582	152100	5757	54932	1978	10772	7730	63929	162962	91661	55684	29966	128312	11152	541578	113835	171392	6687	23230	4155	140885	59286	374900	57795	55170	79065	9755	54470	26071	84243	7923	6499	50854	3304	3303	4795	730051	6992	83538	1639	444882	10206	56953	4499	8110	81890	51517	1241	400954	100128890	25817	63920	221786	3995	1159	105374250	199800	9277	100507027	100507057	386597	105374845	401251	100131801	728730	100507073	102723508	8705	154790	441094	652968	7844	100126793	57461	57002	23761	8420	10443	100505678	283596	2738	29082	379025	102724814	283710	100507303	9236	105371115	92002	54460	100996660	100131691	8148	79159	11072	11056	100130890	102724859	126661	283876	124902114	124907726	101928737	221442	643253	100129534	79986
gtex__cerebellum__M003	889	84058	26224	114881	9020	6833	80853	55692	5689	9690	23177	1195	81551	22902	8540	9821	5452	11345	54875	64848	51491	23593	55761	27095	8975	9877	11054	63916	81671	4710	744	9399	387	483	7353	4925	29105	8891	9130	5134	4775	8726	23505	55973	23016	5362	88455	7319	9984	3991	231	8895	55624	4849	8886	5829	2521	57655	8812	83719	4708	10296	57192	55763	2271	1299	4637	1725	23555	55506	255057	4616	2872	8216	200312	113791	23598	129138	9463	84271	4174	25813	9978	83746	2287	8846	51016	9985	6789	1522	994	10139	10005	9097	8260	9016	10084	2321	56942	54985	64428	65990	9028	57020	55284	7993	55011	55111	4946	53635	6449	79187	8775	374882	10282	55744	7016	10531	5709	5216	51003	5717	57649	2483	1665	55572	26273	65117	80018	55907	55188	8683	3157	10087	57396	55299	23567	27031	7337	25852	10641	868	80325	1181	28972	2976	64838	3676	2677	3336	6509	4999	5396	51253	6429	3065	3155	2582	29937	22868	9324	6185	25782	80212	11064	81932	83982	27030	84795	1843	64411	51248	1958	10987	256051	576	84265	55791	8805	79002	10133	79809	10385	6310	7913	4502	55154	2354	56261	4149	7389	10131	84060	5471	79706	60559	6665	64097	863	1804	1571	11047	10585	4354	22927	10328	4695	10948	10401	6627	3958	23647	26284	114034	4628	84707	84106	84246	91298	4221	6210	1643	55082	29979	27165	2647	5270	23479	55852	6434	54881	9380	55362	55177	26160	10121	3417	55759	3184	85437	196500	6636	80349	4123	585	64755	22980	10650	1453	10609	29985	56931	126374	84958	7371	1893	10456	128061	6726	113419	6574	3329	64708	51143	114884	55164	8893	287	6715	64777	257218	93100	7436	203228	6835	23412	282969	92170	283212	8448	55208	57536	84735	85458	196513	27034	112936	23310	117143	64682	60592	4929	124402	140890	221302	5137	7508	9556	285367	6396	9372	22976	9478	121665	26119	2176	81035	129531	84134	65264	7832	89970	55108	5900	3275	55585	9592	4796	84939	150223	1346	6427	126133	55225	284611	57863	2071	64320	55139	131474	8618	78987	151613	130557	51304	84448	3015	23353	55656	26130	30968	203522	220972	221154	63876	55172	23588	10935	116225	9702	84936	55800	7753	23423	81565	219539	81605	10632	64122	7769	4597	53916	51031	10476	7536	54541	388753	5162	23255	6575	53407	54851	51255	3187	84632	10960	3094	283899	201255	22871	7360	2990	58485	55890	3035	28991	10474	55863	3726	51013	198437	163255	257194	3603	53342	9158	5499	118487	5883	30008	148203	285268	338692	10777	7423	6573	9986	83759	105370792	148014	11146	126328	64837	80851	1649	10540	4087	8665	146712	374819	84942	475	28976	9772	2314	60626	25970	54512	1960	122525	116135	11336	163183	7562	439921	55256	8214	26276	29796	79174	25880	752	22888	3297	51186	54014	5833	3916	100379224	23396	23621	730098	4501	23048	2563	375298	653820	158293	7259	9819	100131755	140465	6817	140612	100129858	84188	56882	58491	85028	65992	55713	4494	10455	3151	134701	286411	84455	339229	1460	23	3104	339453	1874	4676	1375	6606	6453	131965	51239	84342	2086	2592	11331	100129845	100288428	101926971	105376736	101927661	84964	23559	358	115557	79897	541565	347689	100132247	64968	152206	729678	105369147	285512	10016	162972	728888	2342	10330	91612	90799	26589	23246	23380	80022	79917	100996569	9326	84820	132241	650794	130872
gtex__cerebellum__M004	5893	55471	55049	163	10127	79017	5080	1407	240	23324	23357	9782	23386	3298	54165	56204	26262	25875	84067	84256	23041	64951	10402	57418	79091	55737	53615	51095	37	51009	6389	57719	7587	25930	5108	51619	8569	51668	10325	10998	91746	966	57544	54675	29058	51605	29965	57106	4897	9352	51430	56952	4507	8045	29801	51586	8220	1120	150356	56948	5641	6430	11083	10528	51654	6901	5935	1203	51090	1723	8312	1186	9738	114294	9455	79848	157697	4125	284352	4858	2821	57716	8605	828	25789	2901	79846	221927	3614	9678	54981	7046	1759	203	59338	84445	79132	54940	64854	10227	55805	79864	25766	10162	51389	6206	5201	7265	84100	26355	22916	81562	6242	550	23178	7072	5906	28956	10286	10327	23215	57035	11133	81847	2733	112752	114818	2281	79684	2185	55268	5033	57213	3623	78997	55809	6631	6745	3659	65109	23157	51081	30833	6253	9491	10616	7067	3276	6776	79717	8089	84286	50809	83460	7979	85359	51234	64753	64172	83448	112487	83549	27243	93974	25980	84240	7326	3021	51388	22889	5983	55643	23608	116988	5977	51241	10001	55119	91408	22881	2583	57224	28969	9238	4711	570	51531	23787	11309	4091	5876	29081	79675	29789	84993	9908	79035	7786	55716	2098	54509	55215	55114	8720	55036	2064	91978	105372481	5686	80222	27173	25912	5664	29920	127833	6233	11159	80856	114790	493856	92610	9140	54511	2631	56996	7013	84909	92715	80013	54788	84364	7108	226	79682	120534	79925	24138	9987	9412	9481	7342	201163	30827	152992	333926	166968	138241	129831	122416	84295	163786	8764	83850	57477	2618	51249	1487	388284	79140	755	84885	199746	2232	29115	4116	127002	5824	25992	23248	84818	54585	9204	133308	10424	55314	6059	4724	134549	10922	138050	382	23203	282974	221120	3611	56672	84191	4665	6809	146705	55311	132158	200845	1841	55806	9796	80723	8233	93380	284004	201254	5881	84894	375484	220988	9121	114825	10491	56980	4862	53343	26156	6919	10869	83886	9338	80194	169270	93624	5970	340252	203054	9657	3728	84833	253959	85007	54968	253314	8607	10458	286262	1479	2902	6470	977	158056	388886	8834	4094	375593	79818	114932	23302	81858	23042	9282	79701	64582	51287	5571	51021	122553	283870	126075	84206	128989	6525	126382	80213	55328	27124	9146	123283	64714	105	79581	286183	55599	116985	4059	6300	348645	121642	29068	342132	51466	100289635	51434	126068	7741	92714	5094	400931	142678	955	92283	8227	115948	65251	84288	6257	1302	7916	554235	3150	54065	7247	22828	2532	286827	9311	55559	414919	51075	6235	2595	29803	51024	401562	100188893	100287898	79741	25858	55672	728190	729467	9842	348262	101929407	283089	93653	100505538	55009	146542	101929302	105378853	150291	101927983	51608	101927974	632	55052	9553	101927612	109729137	101928053	56100	101927752	26065	124944	100507118	100507599	79585	10929	284395	112398	25832	118827814	100506036	102723471	101928583	57594	155060	352954	2630	641977	652276	84773	651337	100093631
gtex__cerebellum__M005	8813	843	728642	5725	5536	57658	65980	51306	8554	79645	23101	29945	4065	816	1301	51660	9627	79641	25885	23198	117	7419	5050	440515	4200	29093	81929	29992	55054	10573	94005	51433	55285	10683	9209	1384	22931	5442	5902	5435	171568	5706	5494	79882	80344	51292	55245	7165	5688	57136	64840	56271	8428	80152	1936	79735	9141	64763	10049	6742	9275	8721	11196	9211	10900	51111	3263	23195	26036	10846	7942	5528	8899	55722	51300	51185	2257	1716	7701	51107	64175	8548	39	9409	2971	25950	84650	3164	88745	83732	10485	8409	3425	14	468	91574	126299	83636	55556	51540	29109	1607	11311	9128	8836	1838	57559	51163	6229	90525	55435	5830	122953	2958	91862	29948	27043	94015	1292	57410	84696	65065	129563	285282	79930	7569	51125	56904	85450	79096	117532	26229	79839	196383	55024	80309	162282	81559	7071	64210	9844	1974	6854	26100	130617	137964	7391	8822	56683	5692	29101	4731	2224	51149	1857	162417	91010	79622	8986	219931	284695	388962	200185	57018	64769	84126	51246	84315	10393	2173	6208	25798	80318	116173	29117	65084	125058	121268	114823	83696	90990	124935	55611	84879	26505	9677	55308	53917	1942	83877	98	112	162515	400073	84107	1488	6232	284273	8575	4081	389362	6748	90843	79692	28955	84316	2621	126567	353274	283643	79184	5719	51479	140691	221491	51393	137392	613126	130612	54834	7088	307	51108	100499483	84671	613037	26275	777	444	9358	118472	7919	9652	919	728568	730087	26140	55670	100505696	100144595	65010	100132677	84320	284798	100873998	3281	729978	266655	91368	7335	100505738	100885776	100874204	100505616	100506365	101927503	1519	100507588	100507218	8517	100505761	101752399	107984345	145783	124904601	105370705	220729	440934	285407
gtex__cerebellum__M006	55610	27072	4331	6050	79567	3309	54477	6307	23105	64834	10294	6160	22905	6717	369	114880	23011	25799	51171	55608	151887	26517	5434	51386	26090	10398	9218	9663	79959	79576	10204	8669	5157	760	1666	7991	166	28974	55131	3268	95681	23560	8153	2557	27309	55296	51088	23788	54414	6678	10923	55081	23150	11222	9588	9890	64858	9330	55051	4488	56122	55847	80760	466	51000	9375	6629	10975	81533	147965	55695	79016	25814	64432	7376	54991	6117	85451	10208	51371	6341	7178	8536	8728	84284	11137	90871	79731	96764	834	79811	84925	4704	9746	9107	7009	10169	84299	64326	5433	57007	10861	57721	6167	84553	64418	50814	1030	84504	54805	4684	9638	7316	9472	55691	291	196394	79833	2893	7545	146556	1054	137492	7381	115416	23648	445815	63875	7484	84449	256126	58191	79081	8880	80232	130132	57326	7086	23272	27152	27089	116842	25962	4712	26050	10910	84457	123228	119032	6157	90701	780776	89927	84516	10845	6632	10449	29123	124923	2819	84717	5867	55276	4493	11337	9482	7314	55038	4696	25988	10924	6169	440574	147687	3267	10302	9793	26471	5441	1176	117608	64856	9625	51649	200205	84629	2131	100506504	6165	9403	728340	131675794	124751	391356	51065	11124	84631	6228	1645	222194	4697	83862	85012	353088	26020	10210	6168	10920	619208	26058	550643	790955	388135	102724826	2013	109286553	102723775	642597	100506922	58496	6173	25764	3692	348110	147007	55766	157627	81488	91893	404672	100506710	105377294	10778
gtex__cerebellum__M007	57787	4257	2534	7431	578	57514	321	1495	10659	2296	55540	10758	2769	7049	79901	2736	4854	2239	108	905	3776	1307	2017	2512	5990	55968	11213	26227	1312	7078	91289	706	5836	79038	655	182	6640	143	8848	4833	8797	7040	10226	3696	56829	4967	6878	5118	6461	9124	59	28964	6649	1075	1374	7450	1610	79611	56994	26127	23328	10475	7922	9096	3977	5159	590	2771	59345	92840	79630	4329	2331	1211	9469	64344	6239	6662	22918	51614	6237	4958	2791	57153	23677	1264	445	8500	3597	4853	6660	9071	26136	29969	3679	8291	2752	64114	50649	63027	347733	255488	58472	10516	10066	23478	5872	3782	2052	167410	3779	1956	357	83604	4478	4915	2040	2934	286204	26091	120	51144	6876	57158	23657	775	83643	5784	654	5578	83648	55740	5521	64319	11030	8407	1465	3570	3699	8613	9672	54587	7412	2487	6282	2565	3490	308	22836	23305	57107	9263	5260	57462	25841	322	8642	80221	558	5436	51435	11031	10791	5480	25932	6091	5028	81844	5209	79192	1901	11346	3400	8801	55970	23133	344558	79812	79660	488	9776	8534	5870	414149	387758	283229	6657	220382	716	633	64410	283298	256435	7122	644538	57537	56901	677	6345	8519	6256	101059918	5333	387763	4128	961	2316	160	373156	6281	54898	54863	7169	5350	9760	6096	90196	3133	375035	10379	440503	1052	644139	11185	112817	386627	641700	389203	9865	3690	5175	285905
gtex__cerebellum__M008	79657	55904	8798	22955	9546	7869	9604	535	10806	29927	55781	5188	5662	1459	2046	8440	55876	4905	4140	4898	5663	8310	51637	10961	57062	84572	55644	23256	825	51816	23523	10490	22985	81617	25839	79006	79719	54332	4924	93145	2091	10430	1174	2889	7511	7531	9094	6164	29099	55110	5869	51147	2026	26084	5768	58512	9670	57821	51077	6950	79903	65244	5153	79177	57187	56927	7692	8195	64430	5447	8910	80115	10651	84817	3609	23229	5901	51308	27183	93611	842	891	25941	10956	10228	1660	2572	471	121536	6843	84656	2588	57521	3454	126147	11132	5298	56950	165545	5331	51503	221143	10160	200014	252969	118611	3798	9791	148523	55823	55129	51160	622	23385	79005	90957	202915	158326	64745	201161	23339	83473	80700	254552	6730	3516	91949	203190	11273	51252	23214	123591	3185	2720	3856	598	28998	2787	10594	55486	11253	8541	285525	25915	55095	51333	401563	728294	5179	57596	51428	10607	23258	4303	10801	9923	2972	728621	9742	10123	401541	285193	3146	647135	284739	51321	221785	309	55753	26037	79607	55035	2812	196051	26146	9289	10921	51400	10809	55449	29092	100505876	23089	101929423	102723313	101928590	346702	283440	109729181	6818	100294362	9939	26220	101928311
gtex__cerebellum__M009	79007	4145	6853	2137	55778	56052	116254	30	7089	10290	65993	5522	58476	7161	3781	3682	64744	7760	363	55741	27131	25861	5064	5625	25793	80020	23351	10278	57761	1471	5127	10166	55815	10423	729440	898	27113	57130	8896	54780	51195	6603	83891	10536	54516	10342	10675	6508	5510	2956	3749	339488	1266	97	83637	1271	56897	2868	84266	92675	631	10365	2671	23022	4037	23199	94030	84152	84330	1284	22873	51280	84868	4907	1961	26056	1593	51754	10817	84915	2653	115024	85369	10899	8476	55502	84892	91653	3486	55262	6834	196743	256364	79750	341880	9425	112616	9246	90139	127281	267	162989	4000	84124	84988	160622	205	93185	55220	79870	219287	64112	154810	5654	89797	146713	6137	147015	57348	284339	3489	25837	89849	79042	203062	79029	5728	84153	4580	8722	83638	8636	284346	339456	375759	126003	92815	124842	91304	283989	26233	100506380	8073	1850	7625	8651	256329	2707	642968	84435	147906	4828	55210	144717	22887	100316904	51157	6150	284184	643355	90120	8742	123706513	57636	641467	79154	728743	6817
gtex__cerebellum__M010	3927	115098	11313	4190	5981	4826	29085	57504	10362	60	4986	2683	23368	7018	26523	990	23464	5372	10419	3055	11040	54550	54793	4066	3249	8395	80351	64077	6158	64149	79080	50862	3945	7915	10007	55240	3399	440730	84263	9479	84292	1017	9521	3397	140823	8459	5420	9513	2593	348	10882	84261	51805	5111	79710	66035	301	6610	5279	51455	23392	7099	51332	51626	57161	6457	64129	79590	1513	6993	79742	22984	92105	57700	81615	285381	389	150946	29980	11094	138162	84765	92591	115950	84447	57190	56916	151987	4085	26266	158234	122961	389941	79759	3660	79155	83987	4255	64979	54811	1826	94103	142684	653784	10534	947	254359	402682	200958	253639	767	4351	90355	84890	56849	10078	8971	286256	140707	402573	27445	1187	339451	199777	389541	3014	140680	25788	147949	4541	4519	92241	4512	4537	4508	100130958	4539	113179	100125288	23467	101928527	57291	400238	101928537	100132273	550112	100996385	56138	101929709	5348	100507373	724102	101928059
gtex__cerebellum__M011	4800	57679	1951	286	8481	57602	10076	25791	57217	4133	1638	51006	58538	10269	54434	22795	23348	2802	9786	2997	9441	79935	587	7392	1998	1982	9761	5992	23113	4820	9736	6382	10000	84215	23632	26507	4952	60437	89845	583	154796	23352	79066	8924	3727	85441	23345	54862	4678	55544	22880	406	9470	11173	91445	5170	9905	23476	91039	127294	9869	65123	57282	66000	7220	51316	56257	56623	472	9651	9231	7402	5789	2551	25769	3098	114991	57728	2140	112950	23387	132789	57577	55536	221656	139324	159195	440026	5598	148137	124997	11259	22847	146395	134492	26108	51523	284307	54971	10025	2524	54503	54762	64782	8905	145748	23194	253769	729238	400966	51463	9901	7442	283970	123096	63934	84914	2710	79583	283673	7106	101929680	154881	55000	100133315	90589	101929408	10780	100506713	112812	100101267	114791	54055	79970	554206
gtex__cerebellum__M012	8228	10867	972	11338	55588	7216	29090	8668	22924	4799	8655	51260	6625	81576	6223	2109	2077	975	217	4256	6489	9025	56940	5947	25949	2531	5110	5393	6431	79143	25759	5119	79921	6194	84300	9581	6727	6187	51651	113230	23521	113451	6161	221960	83938	726	1740	4718	54463	7345	84262	114793	5763	808	1476	284069	113026	4043	285613	65991	5479	10980	7336	80305	29071	147807	55144	151827	10209	283951	55167	81490	5827	286128	6635	29944	51082	51547	149345	7932	1427	101927905	102723566	4509	114796	101929147	6234	101927870	100129060	90673	340526	4831	100137047	100130855	123706545	101927288	100130950
gtex__cerebellum__M013	920	55623	87	2775	23541	89781	8563	79036	54662	64756	84080	23309	6533	79022	64780	3590	5373	84276	10682	115426	9673	6339	1953	402381	4054	54910	339122	147912	1762	7390	80055	440295	84960	100128264	401260	105378580	24142	101928136	4701	440104
gtex__cerebellum__M014	55971	51629	8943	55515	57506	8086	57820	11201	51596	9643	4201	5211	128346	124995	6132	220004	6811	22854	283234	9416	253982	50628	4582	219348	6799	284371	1616	79716	100137049	23642	102723548
gtex__cerebellum__M015	26022	23274	10188	11176	57226	23313	9770	9267	5136	11126	10560	57678	84918	5395	80818	6535	3364	773	80142	23165	81544	55193	55088	9640	8085	64478	23131	6334	284900	101929176	80179
gtex__cerebellum__M016	9855	7756	10787	25996	55239	5684	10945	10467	10539	3338	84680	10384	892	25801	79031	5825	25934	56924	60496	29800	126321	57099	123606	27129	25855	3265	84002	101927621
gtex__cerebellum__M017	5609	1891	3837	8402	4598	84498	10494	64960	26094	57179	10606	54487	5819	54536	317662	79631	57592	54540	220064	64419	80817	123099	79642	6399	79711	177	84548
gtex__cerebellum__M018	28996	10397	4099	3306	83543	11135	10749	57471	11226	90933	5305	5860	23176	5653	2861	348938	391	128218	9725	23303	57165	643965	7311	55861
gtex__cerebellum__M019	23034	23338	91526	10640	3551	10884	64342	22865	55212	122830	4152	285888	51205	91433	1106	10137
gtex__cerebellum__M020	1462	6550	6511	605	4015	84812	27293	85397	1793	22941	285368	4745	8841	125988	5592	83715	100271715	5032
gtex__cortex__M000	889	23072	4074	56603	3382	9108	204	23028	84254	4706	7982	996	8935	57414	23077	26022	10368	8913	4293	55750	10083	9912	5048	4843	9703	8522	8938	6853	6792	57172	53616	1534	23221	54497	9690	5081	51085	7384	3423	22955	6534	54902	9066	2556	30845	57709	57586	9369	2554	55778	4719	51022	23633	9519	286	535	9172	10858	26009	9099	27175	7204	23274	27067	65078	5874	1175	51606	1356	7504	4134	10659	81037	51742	140689	84957	3757	8454	26999	114800	10758	5218	5923	493	5188	5662	55359	10076	2983	1001	1431	81671	124925	770	23534	22904	55854	6416	7089	23216	8621	84679	6602	27107	782	5590	3421	5165	8692	79990	55593	4943	2182	3632	65055	5526	55737	8514	10060	483	10681	8518	5217	6710	4335	5423	10947	26986	29105	490	79658	537	26528	29894	55117	87	10290	84708	7224	55743	79041	8907	1183	4185	4905	23332	11343	9891	26034	51175	9671	3785	8672	119	7587	4140	6624	1739	25956	9733	10615	22978	83992	51412	5915	5063	1781	79960	2260	9063	273	56922	3093	1620	54472	2222	3835	55604	2037	285220	3781	5891	22839	1005	4208	65985	93664	56142	55322	1310	23136	1741	54437	5019	84273	334	57613	22979	3797	22924	790	57531	4216	22996	55624	54749	51701	118	57542	2778	10059	1795	8455	9762	84678	1114	5037	8315	29965	8079	78990	29888	8646	9727	16	57106	1738	23335	51168	84502	51310	1312	10013	4436	29911	54566	55118	11332	5714	112755	610	421	29801	84861	23759	157	51386	9701	6305	4744	23551	23170	23492	9145	80832	4627	23264	11154	5706	51382	1113	79882	9362	84312	140730	7165	80331	11255	26164	4923	55738	1137	1917	8760	9751	10483	57144	9371	128866	140679	191	26051	79953	29906	100101490	5634	6855	5931	9016	2332	7355	84061	8266	83692	8237	9468	2245	5935	2259	3356	55578	65009	5713	79613	55512	26048	1428	79719	8925	8120	23359	7082	23312	57617	11075	83988	1936	66036	4741	427	1209	55011	57030	93145	2821	23646	5438	25999	11100	22898	7087	8775	9266	22900	54531	5518	59284	22983	3780	5296	5864	495	4233	64327	221927	8887	2887	23242	6804	2617	2051	6878	9678	27075	3984	7464	22949	1759	1993	23413	7016	57582	9827	8395	2889	6456	20	51010	1855	26033	5599	91452	9148	9644	114815	9211	28964	84961	5709	23125	26001	10743	55813	8506	9343	3131	1949	5602	23158	8821	57620	2743	27087	3338	27339	887	25758	8567	55531	84867	8496	11108	65981	9761	10645	506	57460	56341	51699	23316	5985	2784	56994	7167	2026	51559	55907	11021	1911	26127	1303	7164	9750	221692	221662	10486	1871	8936	2822	55084	9896	7957	896	84498	51069	23113	2030	59084	57396	55819	9685	2566	10007	6500	5917	10915	51421	11235	11334	54946	5361	23276	25981	6787	8745	55683	10120	7781	29959	2888	6869	55120	23301	10058	3069	5510	23178	3241	55041	22930	9167	22848	10056	1718	27101	9917	26038	57535	4985	3749	81563	10459	9829	7799	79814	23046	127700	51440	57568	9783	23266	5999	84966	57576	8503	58155	3925	114883	6794	6543	55259	4033	6785	81573	118427	6696	10983	5493	23314	9615	4702	79109	57706	9870	57718	58517	4329	51004	54812	53335	26123	2805	2891	5110	51019	2185	5533	23435	64282	55269	23024	7750	64786	576	2170	22987	4952	57489	55975	3181	23349	170685	1959	23389	11059	65244	5153	60673	10376	9643	51209	2181	3787	57468	78997	6780	27304	10199	10396	29993	6903	9587	116138	51299	7913	9208	80262	2806	23157	4987	2962	6253	27111	80025	63908	56255	80023	5126	24141	10236	10893	83658	3831	55795	10054	3661	58506	51119	5582	171017	22890	8021	5605	59353	821	64768	79575	79939	9143	146330	65997	85378	57168	7533	2781	4248	2847	7732	92521	9732	64101	64753	4430	10651	1123	2571	94101	10776	3746	599	4738	7905	6861	1804	23039	9667	51429	4142	4301	23025	55201	25830	10439	157922	10844	445	4294	57470	7776	22927	2686	23229	529	7187	64432	9467	3748	80762	60412	8500	4131	10948	10656	3996	83636	84261	23108	5176	25957	64208	55915	1742	2319	6616	6754	23208	10955	6860	51761	23281	2835	4628	9201	8900	57511	84707	55859	55643	10313	9215	66035	90956	91298	79572	9645	51669	78986	23508	8536	25917	10717	8774	56907	51535	377	4613	63982	10440	4677	8565	1837	747	9315	26578	55312	29979	81689	6733	25821	577	80759	10492	112609	51317	9840	2583	23017	9924	9053	57224	26056	80003	9857	51719	55654	11250	50649	10154	5100	23143	8803	4008	9445	9771	11097	1607	28988	83605	80727	11143	4711	6326	10716	64844	55627	84317	8027	1861	7111	9568	5695	116113	7280	670	8737	7172	9873	408	4926	53826	57569	23005	51103	3706	80021	80031	54874	8634	85465	10669	3795	51626	1838	310	6775	29081	10152	90525	83478	10144	51138	22872	84162	55589	55752	80144	23162	85352	23710	9746	6843	347902	84934	7786	5925	8562	122060	84530	10150	6751	4857	376267	81614	256586	11001	85455	49855	7168	8826	1039	10300	22980	9611	8533	81577	10140	55275	9520	1213	6875	409	50488	3607	494470	54808	5366	342667	773	6455	30811	757	10055	114783	57140	59283	402665	5195	127703	79932	23038	5567	3321	481	261726	25874	5546	23179	80222	3756	55061	7170	6016	151449	92906	5899	11249	6323	285175	57624	151835	9686	79137	57574	80852	152330	51143	2803	93109	9711	9515	287	54532	285533	8001	1016	10769	5295	5066	153830	78991	23138	10814	57451	26045	153527	27242	22838	255426	54511	134829	57583	113130	4191	64599	51631	8573	9203	5631	526	7013	55638	340419	114569	51059	80728	4915	53358	9919	92211	11128	818	2746	9118	80313	92170	84280	57689	8525	5058	9177	6327	64405	8448	22866	1740	3708	57512	3742	7068	55768	10873	112936	23310	143187	10570	54842	80014	387923	79750	2555	667	7073	144423	29970	84539	460	81615	6014	498	9456	814	55521	5213	2893	56978	25859	115827	152789	64682	1070	6328	25827	221895	8526	284161	26289	57338	56172	84959	64221	9868	23461	7345	126731	2849	518	8470	4685	23228	56934	80028	129684	5799	528	55361	81894	23367	2890	134353	10670	92370	116442	23362	145483	3778	23552	22986	9556	5097	9791	3788	57497	5603	7547	23355	375323	23057	9372	491	6529	6854	23648	9069	145773	139221	203197	673	9478	56896	26100	116987	2134	55179	3745	56946	3362	65018	2039	84134	57685	8867	6651	9900	65264	57369	8208	5710	8883	84303	9114	284348	808	1676	55108	54020	4047	84814	9159	1141	23623	9673	136227	84988	5701	60680	1857	1173	126433	25946	50944	160622	51728	57465	22941	2785	1996	65260	79699	50651	81493	55450	1953	22854	284611	127002	57863	3765	79762	148362	64216	91461	347730	3754	3760	150726	7447	6944	388962	152559	317649	92703	201595	151742	8618	78987	84343	51304	54585	113444	5437	59343	55764	7086	50650	84448	23173	133308	8927	79012	80335	8492	9348	26269	153733	651746	167153	134510	23305	94081	114801	134957	63974	10569	22853	1508	107	27012	5001	23353	55074	1020	501	7534	25879	54769	79698	84302	55342	26130	65268	7415	145581	283209	63876	9147	509	402381	7248	3251	282974	259217	64112	4745	79101	112937	55530	84936	2200	654429	8945	54765	222865	123169	23423	10904	9640	84516	54386	10369	114794	79837	7529	23582	64400	4141	2923	129049	5245	2801	51704	7644	146713	6786	112476	126298	784	85300	1613	10501	90990	55769	283248	84926	7775	283987	6730	146664	64223	57524	54949	26580	956	57691	3761	149603	55788	125488	7266	359948	3800	54899	55806	203190	9796	2237	1128	2675	27065	2915	7386	254778	90362	7336	5865	10636	53917	8706	114787	65008	25942	3094	64118	1501	7480	9185	9758	7532	51617	147	91752	202052	164832	23204	5429	79145	84864	90161	9637	55006	5581	118812	219738	4884	124583	3777	11076	283455	8941	147179	4135	22883	8507	2186	10243	23261	85442	4300	146	83660	11346	2596	253152	257019	10605	257194	55352	10248	10231	64137	9854	10125	80194	80011	283985	23491	26960	156	283450	91683	56977	79102	90441	286205	64802	9804	3267	57674	57495	54931	5306	488	170261	26047	148808	9024	11041	254263	26470	170506	1488	9435	132112	22843	10540	9776	56675	219749	1212	5122	57628	10458	200407	79666	55254	339344	80059	163126	148252	8851	10409	55884	2902	9240	51301	345778	6330	283576	284716	80324	3738	7156	64110	266812	51046	401474	79605	222183	25945	9772	387856	55272	55929	9659	55152	205147	5339	441151	63917	3350	55175	399668	51341	127254	55030	2193	23302	1960	242	727957	9495	401097	400120	85453	151963	1132	64388	84698	23760	25994	389197	9625	23109	57463	10193	2131	81532	10159	3739	2567	338707	8905	6304	4692	7267	9312	9628	345557	50614	8241	6000	6734	9112	161	6546	57118	166752	2842	5877	284656	2903	339039	407738	55039	4978	23466	57528	386617	8508	3786	126382	152579	3768	283871	56660	5587	26576	1946	256714	645974	3751	11156	340542	51286	8303	90134	138046	5413	1812	140597	3714	752	56899	149175	64409	266722	126282	400451	26013	9899	10336	56901	8224	399947	80333	527	257240	146760	255022	55599	220107	54103	84871	23396	84937	338557	345079	340529	4675	23621	4674	401190	23040	4771	84981	116985	5138	758	4137	885	6585	23270	79659	11261	7874	28986	404037	26059	94107	2563	5575	374383	170622	388228	2844	345630	344838	375567	340277	130612	149297	5649	51155	7259	132660	23254	9729	400745	11122	4604	29068	8295	51434	399687	165679	3908	55966	55684	154807	961	343990	10447	644596	11152	163227	4097	85379	388662	6714	23507	84435	9583	10438	84301	104	3064	142678	4644	6709	197342	55924	8733	54557	81553	28512	6687	140885	161145	777	5178	439	50618	9747	148741	51062	339541	6262	27347	801	10479	22909	55705	124930	10497	81706	347731	57154	116443	192683	9909	146923	4215	6721	9722	57692	1122	375057	503542	387066	2664	221424	340543	158931	80863	7936	7407	80737	55777	728215	7916	221545	440894	2794	57469	56143	84912	613212	54458	25851	100506731	51451	220164	348801	114786	339263	84258	23636	11116	10962	84960	125113	57128	387804	51400	221092	84461	285696	134111	440270	388815	283514	729515	100131390	55714	6844	5534	91584	5520	642852	285878	284930	221710	100507171	105378732	150538	440465	100506714	56967	112268276	102724593	378805	114821	100506930	100506527	338651	51275	8629	150568	100272228	390616	84968	81571	91368	51373	10687	56097	1325	101927832	10552	398	56134	10137	105369147	654790	342184	56138	100996645	100507043	100506791	101927963	100507341	552889	54551	26065	23732	150967	9236	103344931	100507421	100507050	148189	100505576	140735	80755	728752	56936	400818	91608	284615	8447	26220	2904	112441426	100170841	389856	30837	57636	8396	7703	440435	110806277	4747	6753	84311	283267	101241892	359809	113523639	101929059	124902301	112267986	101929748	122319436	84726	84820	100131998	728554	554236	2630	349152	652276	121456
gtex__cortex__M001	8813	29916	57679	381	5965	3980	5577	9256	6936	3675	3920	51573	163	79017	55735	5689	3720	1407	9862	5536	8491	2067	8284	5704	23324	1195	1355	440193	81551	92745	22902	1272	477	114879	57210	57476	6050	29781	11231	3755	4285	6642	55334	54480	57554	27430	23644	23517	1008	5685	5256	2824	64848	51773	23196	23327	9603	23105	27095	23201	51602	51663	57095	9410	51564	6433	23041	23063	29998	3029	55726	54929	10147	23536	4710	9950	10565	8611	4756	1659	89795	24140	57560	7353	4040	54916	9993	55658	79364	9448	54556	28951	9130	5566	22859	6793	1400	54847	83642	1207	6620	55421	59277	29090	9462	5250	27091	23505	22920	25930	5362	88455	55094	7155	4034	369	10529	57103	4898	114880	6507	23152	9812	56113	6604	9689	4779	2932	9706	10325	2195	91746	56910	200081	231	23259	23139	363	55696	581	4313	10992	51290	55616	57017	55857	22895	51605	25977	55760	6548	10296	57192	51776	54890	83394	55644	55072	11198	57556	4637	4214	1725	372	54187	27154	8829	113177	83874	23384	23481	129138	5435	9463	55964	150274	10633	162	9978	5372	2287	5684	22938	3705	51635	9894	9252	55671	9985	30813	26133	26090	57446	81502	9777	51654	9218	8780	10735	340554	3750	55757	10240	83752	50855	23417	83693	65990	8140	9028	6650	4150	6810	25963	793	6422	9694	6713	10994	8725	27134	51343	51073	11140	1954	30000	26121	25789	7392	56006	23080	9512	27000	84182	5803	64598	56913	8985	10467	113263	7461	7458	9355	158471	2022	203	320	23268	54462	22849	56647	9110	4591	9400	40	2648	6945	1845	9693	55805	1410	7704	7007	23130	329	867	26273	6506	29099	10944	4928	55846	3736	80724	2597	51389	9025	26235	9439	55754	57666	4124	5201	1007	10087	8622	4437	900	5515	2908	79770	57222	51300	51185	7337	1154	57599	64689	26084	1981	1716	2976	7841	550	10314	64895	79031	10153	2034	2043	7143	9528	49856	51253	5906	127544	54856	10765	1486	51463	10969	10327	25936	8289	1509	4297	83479	9331	9789	9994	84251	103910	56171	7320	6418	81932	84878	56252	83982	80127	8892	54454	4601	10285	79591	51248	440073	51780	7181	1191	10987	65982	10657	11019	79712	7852	219402	30010	11328	9904	23597	1017	4035	55709	1757	29078	57826	23363	57580	1434	23326	88745	57510	55831	23019	583	5469	718	8195	11034	56926	63941	22913	8242	826	7067	3276	117154	10436	54973	5322	23030	10142	5447	23780	7425	4289	54832	3671	84268	3609	1032	55320	83475	25759	5589	79709	3911	9885	23211	93974	7317	9584	55902	7700	10328	23473	23180	10401	5160	57343	7691	90379	23167	80895	9406	6388	26284	10810	6341	23164	254428	84330	54663	23037	694	196441	8932	10752	6272	5738	9475	23175	4038	1912	11095	301	23670	23287	84749	84900	1840	57231	55226	10956	2799	4193	54583	10228	1660	5279	3300	10253	9805	9238	51204	10238	51133	9649	64855	10868	54881	158427	2800	11258	89953	63971	29088	4750	84811	440279	54816	204962	26160	109	8884	51374	22891	471	7222	306	839	5530	83606	8499	92979	283537	8608	23344	10363	80349	55466	9960	585	145864	90381	5373	64755	79798	7385	9785	8720	23174	89941	54828	55197	112483	1453	114804	56270	5596	55520	147381	115024	10907	90378	1291	473	26135	5686	1952	7371	54499	64326	51093	57530	81609	5298	29956	3608	2590	1130	6726	375	27436	84696	23020	64969	6574	23190	23671	151050	114790	114884	55164	26018	9353	9718	1609	81608	57205	10299	5921	64777	91272	10667	26249	84553	9202	221935	8473	55086	6867	54904	29967	4781	2934	80142	56904	23590	80013	221074	29982	85456	84364	10658	4684	89944	26007	9219	9638	84623	84304	7108	55208	27250	2823	54995	121551	89910	9231	9223	1646	22944	60485	51594	221336	130074	26353	120534	117143	255967	4154	23171	2697	9987	51061	79888	57407	124402	7342	221302	4900	91694	5137	7508	201163	51560	23165	65062	3798	90550	91748	10694	7102	7381	51001	6832	25921	9797	11269	4643	4599	257397	124565	84262	22808	124245	9753	7391	56990	516	11267	11189	57519	89970	29	23076	8566	755	5116	23181	7757	11093	23387	55129	2224	79957	222229	126321	55324	221496	26168	6154	124093	124222	54987	84328	10092	93185	23385	151354	56916	10611	23248	476	64343	5584	23429	23001	57406	285368	130557	79443	55689	4043	10424	4085	55314	54726	25836	91137	202333	133584	10412	84340	10370	23462	5885	26173	25962	9897	318	51271	55503	11244	84270	4712	65083	3636	51585	158584	169714	116225	90809	91252	85459	11245	83700	221120	25820	55273	6609	81832	84460	81565	9382	113201	219539	374654	54893	4088	4130	10999	23102	57701	284339	51031	4723	10476	21	1642	6520	132158	115294	79064	157638	255743	2948	10098	5604	3187	25849	23214	4330	10960	283899	284004	79058	5881	51621	65988	79724	58485	10446	222008	4862	83787	79188	203062	883	55863	3752	5293	6919	163255	5394	361	10465	7064	5859	10892	1798	3054	118487	122704	5883	79612	254122	8824	1657	51162	60495	10777	203054	2745	49854	4296	64801	7423	5707	27333	165324	9973	23269	23612	158038	582	148014	339855	55196	126328	253980	80851	5708	23015	4023	146691	54998	169841	8607	375757	9807	29882	339487	6051	254531	28232	205717	23625	29952	64787	347862	3737	79751	79718	56975	7334	51272	6232	55620	114798	54681	23512	5198	7284	80169	10472	729614	11336	283860	23526	374986	1728	205428	22820	134553	55228	375748	23641	51329	7325	122553	23236	51335	100506504	124976	2621	754	9802	51118	253143	4707	146223	51807	256281	130502	8663	5463	9735	79050	2157	340371	25840	54014	4733	56479	348793	200942	23299	148254	6228	27445	90668	53373	5333	23048	9863	375612	51393	3006	285093	54914	1121	57186	6613	29780	9045	26155	23450	165186	284521	282991	50859	79633	9687	6261	3376	9883	222553	2547	162993	64771	57181	170384	51108	399909	27044	146540	23061	25788	8831	219927	55753	5253	222662	6884	100506658	55035	65992	55153	10724	388558	23054	9578	2475	7150	9755	9848	9867	3633	65979	339229	4855	7920	1460	57540	554235	5987	400553	339453	55851	5150	56953	9946	10921	55779	131965	246181	338799	51239	84342	534	10379	8904	339210	92482	64506	340267	4636	55628	79716	55672	343263	101927174	102724691	101929407	284618	100288428	114796	6222	124902477	28985	101928000	389023	400242	645676	10432	84964	23559	280	358	57002	101929335	57026	25764	727956	128977	26063	340526	347689	57553	64968	55861	7335	124901151	101929544	100131089	100129917	374887	85358	55000	56110	56109	105375666	101928416	10597	11232	26589	105371240	101927275	57597	677769	112812	8517	284021	100129550	57223	80725	284106	31	105372079	128125822	105372432	105371672	162632	352954	654466	150776
gtex__cortex__M002	10180	10943	25998	114881	54972	29116	25900	3097	1185	51629	9604	823	25937	23154	25960	58473	6683	2273	11171	6301	56052	2530	9846	321	3631	57120	57545	23518	4254	89801	25875	9498	728464	5798	23224	10079	57602	9474	57504	6515	11178	10188	10402	5378	8943	1606	9892	119391	10797	4802	25791	5214	9399	7216	6857	56850	27248	9488	27440	8440	54475	55876	8726	23609	11176	7163	57662	2975	88	4133	54715	2782	7419	9984	11158	9817	27244	28962	11266	905	64744	2060	55054	29887	10573	8310	8898	56970	2775	5744	55741	2036	51161	2280	55968	51291	57062	8425	7023	51726	79603	4897	5172	22861	4345	23256	9878	8487	26227	51322	7738	55506	513	997	51586	23598	9681	10043	171568	1690	5641	51676	6547	4522	5700	57820	55245	57761	56853	1478	412	79868	64743	8260	6901	5230	64840	94121	1821	81617	79650	25839	56942	51172	64788	1186	9093	5934	23322	23420	1445	57214	10404	54332	64089	54758	4125	54938	284352	1760	53635	81857	28974	10469	6511	898	79187	333	79784	478	56917	64748	93436	2931	2901	4967	11033	8662	3614	1174	2737	64420	55664	54662	23185	7511	8402	4927	1819	9267	5573	9094	54940	7323	1998	2549	51809	10553	4013	55572	10612	26973	441631	4598	51411	23329	5869	4839	50813	8078	2070	117247	6908	5528	2762	9555	1452	10342	51555	4691	9784	374291	55825	3485	84173	8604	151393	6382	1386	2956	4139	6342	11315	271	6421	4209	9887	9295	23207	3964	10000	59349	533	57134	51060	56912	84215	57539	5524	85365	26094	9913	3416	30819	1394	10171	63970	56243	80209	83468	317	59342	8405	55116	3208	2971	57179	79903	5395	83637	51251	7291	11113	262	55509	6385	64344	57699	83732	6310	7270	79143	51141	84172	56927	8189	4821	10616	92667	128637	6237	10131	64430	57381	55112	286336	6597	25953	6049	2770	54487	10739	81533	51295	1264	8881	547	51690	4046	10298	6874	23404	6249	55337	4354	25926	23345	84905	5538	55860	54862	51540	2926	51308	27183	9826	50717	3508	1131	23640	114904	23608	57180	23075	22800	5977	8650	7428	7482	29841	284252	22873	7174	1514	29968	51347	6885	10677	27165	93058	54806	64780	10505	2016	9764	80210	79621	28969	4836	274	6812	9550	9373	152006	9380	63027	79969	6386	56965	56924	10121	57559	54536	50485	8482	3184	55132	27163	9908	57619	121536	144165	6895	6252	112840	122953	10516	10099	5045	79631	5073	3801	9905	22901	10939	432	10966	26502	57521	4152	113230	3454	57410	351	85452	5792	22823	55827	57592	56950	65123	116841	4931	2987	8497	64241	805	11159	3899	8502	57282	151126	1745	5746	84892	115286	9039	29114	275	58478	93627	817	167410	23262	55814	2561	51256	51473	90523	30011	55869	26260	10280	220869	84909	54886	114789	84895	774	23412	57325	9651	51092	84866	79980	220064	226	53942	143098	5805	775	5800	27034	26272	121256	130340	127933	5796	10283	5801	51571	5789	26207	79705	388650	118813	29761	7273	285172	9630	83873	10600	5521	159091	3098	219743	27020	137970	1974	285367	115817	776	55799	127281	144406	79623	127262	114928	1780	222068	115992	10361	8703	4720	57805	56683	23569	23400	9715	8997	29941	57731	84446	80308	6464	103	84939	55260	51005	84447	4116	54587	4774	8880	79961	100288142	55220	554226	56997	55249	80128	79885	5274	23122	57577	132204	64419	441024	349565	8314	64789	132332	79884	90826	4338	153396	23176	221955	23514	157378	58526	120114	23588	123016	11092	138311	26012	55088	29951	783	121457	2562	1353	374868	5598	89927	9665	89797	6447	10982	399665	81605	7769	199786	54815	51693	84940	90522	55611	7083	137695	89849	9881	283234	29063	388753	23192	83657	134218	53407	10251	79740	79663	84632	146395	7059	5747	51305	1677	27247	123591	7360	81844	375484	2720	3035	53343	9229	80196	3790	8493	598	1826	79029	5621	221037	7690	253782	9915	55222	339122	5916	338692	22885	56834	256130	79703	6712	345757	54872	9416	253959	246330	51574	6731	64837	256356	131408	55486	89792	56674	83638	7025	253314	161176	627	157807	11253	7182	2885	2731	788	22882	144347	79415	286499	285908	23042	22827	79077	66004	5179	284459	11022	9798	23265	22906	100506380	56849	28970	2130	102723701	390637	128989	119559	7378	389677	114781	131675794	219527	10078	253769	4753	10801	56478	55015	7625	283643	84856	5727	3852	10623	55693	55922	54331	79955	23275	284677	375790	284338	389073	399473	85302	653319	64218	131034	5657	60312	57591	3066	7442	51321	4763	147686	10865	6334	3914	23365	642968	221785	309	1778	123096	140688	124411	50861	10533	10242	955	1803	347344	9719	26052	9814	83694	54870	144717	444	11060	338811	2710	3897	339448	26128	55219	6311	1639	29902	1375	3150	6453	283673	255758	30851	8906	55739	26140	79086	157574	79729	7866	125150	55670	100131187	606495	378881	285954	101410535	401398	440823	101927621	8505	386597	100996635	100506274	84320	414777	768097	100132169	1589	101927590	107985040	100996842	441869	92249	100129250	1159	105373390	100189589	9884	57461	5297	729082	100885776	255167	27239	157627	101928136	100130155	103752584	105369329	100862680	51750	145438	388021	107984813	106660606	100507534	340393	284395	5348	100885848	149013	29057	84548	112398	100101267	102724488	105374338	124902204	105377294	106660612	114819	150244	132241	100132288	1556	100093631	79963
gtex__cortex__M003	84058	9855	60528	414	57787	4257	1774	55349	55591	578	57514	7414	1495	84062	9341	5291	2296	1301	65056	10203	6882	1496	2009	2235	5315	23210	2121	56666	6605	2736	4854	55020	5939	9618	9138	3566	832	7107	7289	117	5794	9262	23085	5475	5990	7066	1299	10044	56241	706	10478	63874	114088	10668	51550	5332	22919	10627	6594	143	28984	8848	9688	65057	4363	653390	51101	7993	51231	7040	10226	11062	3955	79974	653857	4969	84445	79991	10900	1748	90410	6649	55291	1374	3263	9828	10114	2965	2054	9847	23328	1432	10475	10279	9096	29102	5159	1627	55171	4968	8850	1181	81562	30818	5136	92840	25801	57142	2744	7701	79954	117583	79971	6675	64175	23215	5825	6195	57488	79630	6446	6185	84886	4053	26507	4801	10520	8702	847	29990	25950	1211	9469	79039	3709	60437	23096	6239	79026	6662	55154	9491	51614	155051	53834	84286	23499	2791	10875	8910	6608	84952	8854	482	23677	57631	81	85415	3958	3691	4853	57498	285148	2012	55336	183	85397	116496	55619	64114	9470	55198	55332	91875	7094	93643	8870	23787	58472	10561	10579	8615	121512	121260	54509	64062	85416	55647	93649	6760	207	115704	79258	63976	7159	5872	23557	27173	2052	9389	54756	10840	57552	9180	23092	3779	81786	7162	26230	9589	340351	357	4478	90060	7436	2040	286257	26091	1979	6876	57158	83723	1006	219854	26524	2308	93589	29087	5281	83439	114908	6728	30827	65983	1622	9844	23522	55707	114793	10163	8407	54935	8822	54461	1465	1827	8659	388284	56063	9684	199745	433	3699	8613	255104	6339	9261	2487	2565	57326	375295	8833	2992	54859	51246	308	22836	57107	9263	84720	219654	161436	717	322	1200	57494	4645	558	94274	84514	11170	4735	11031	1281	6774	10768	11142	766	9677	10791	23620	7881	84168	23119	2990	143162	5209	143425	1901	2110	8462	566	8801	55970	171024	116535	54796	10534	1464	29903	5771	5870	2303	253461	2629	81575	9500	144132	1003	22864	9378	10692	255101	100287171	768211	220382	2242	50863	84133	150209	5613	5101	220323	1435	84441	27124	374395	2124	8519	5465	54932	4128	8644	60491	9260	2316	160	51703	171392	92689	6277	54863	7169	5350	1500	22876	1756	101928673	10919	3133	5699	4499	79958	3105	375035	2532	54741	27040	1192	4207	440503	353149	25858	100128264	107985246	196047	80069	6892	101929947	101927248	11185	8771	103695433	152206	644873	338817	5820	100874204	105379057	100505616	100129129	196475	1519	85027	107984516	100130855	100505573	101927751	147429	100287559	83482	10418	2969	10628	388630	100505761	105378083	118597831	388963	645485	101928092	105369154	155060	91695	729375	442523	114814
gtex__cortex__M004	51226	9569	55692	4784	83930	26993	54814	60481	51667	84908	51474	1535	55761	84256	6894	56848	7629	60487	55623	5134	51548	5108	51661	10914	8761	64857	55632	55105	10101	27037	6598	23786	200312	23541	8220	27156	84271	25807	8897	11020	55687	1033	8846	57452	6430	128414	994	10139	113278	3420	10005	9097	2321	51283	10295	50804	9639	9441	8605	29062	10049	64983	56654	5730	3257	6387	27143	59	3837	51264	26511	1665	10227	113246	7942	10884	80006	56954	22916	9595	64427	2677	84812	9068	5129	3155	50999	22868	8727	10808	10804	23155	8034	5208	399512	4149	79654	8678	22863	8930	1635	170463	10585	8572	6627	85013	23135	2874	55425	5920	55119	79587	6302	27097	10588	55339	55755	7743	7507	5876	10964	87178	80745	79675	57575	85437	6821	145407	54939	55898	23478	55114	1009	29948	54925	84916	11322	6904	126374	27005	8444	57657	79573	29920	54465	401262	89122	27316	28989	120	11023	79780	8479	124446	9397	166647	64092	54819	5018	64897	114822	54933	64760	861	8568	5900	11182	10898	54784	129880	9861	116441	256471	222962	26266	138716	116328	55172	9318	125058	146705	79001	148156	92162	124401	123099	201254	220988	6773	28991	55669	84287	93426	148203	203523	83591	257364	83759	3981	2072	79369	4808	66005	8225	57184	4351	54952	79701	219790	29035	8302	116448	23762	79135	10572	3297	285600	89782	1762	200728	51547	342977	388335	10772	345222	6284	90835	63929	2917	54834	29966	353088	11194	342926	4155	59286	7405	5365	25829	54470	4795	10206	163154	81890	5500	51517	2595	96459	63920	101928111	112597	348262	729658	100128071	100131801	101929372	729993	652968	7844	3692	85014	284080	23354	162972	124902062	124907392	100506581	202020	115290	79159	285796	105374254	124907726	101928737	221442	595135	84773	130872
gtex__cortex__M005	64847	8228	65220	9546	8635	54960	3074	27122	10319	23593	23101	58508	6550	2355	8871	102157402	55892	8550	57060	51324	84572	4670	51257	5434	150356	51199	10490	5494	55969	10389	27344	4832	84264	56061	10423	123263	1512	268	4946	8677	6618	10775	27113	54922	26468	219699	708	7531	9368	6164	10938	1982	114971	975	9600	217	51020	6428	7915	135152	8992	58515	26355	5947	56655	80303	9731	515	55700	8704	8548	163404	23443	2309	5887	25927	10174	989	5585	79002	90203	9217	2868	101410538	79717	117166	4357	6638	1854	23022	84817	7011	25804	50632	54958	1349	80758	79412	5914	84152	10489	23647	5901	23277	10514	79921	2947	902	746	4076	84300	5607	6744	55605	282809	6727	2774	29985	91978	126147	8543	85369	11000	9580	22874	6233	6637	165257	90113	134728	2768	6834	83938	10556	4863	256364	219670	3192	375056	9184	6921	81552	122416	78994	123803	55113	4681	149483	2539	55823	5745	9592	10603	8878	6427	51727	112942	79005	131601	23272	5364	81789	1345	11164	9200	5654	29117	55800	50810	55897	348093	2879	29123	64359	83547	7439	2495	440957	661	388969	4493	126789	214	80305	64080	81603	51013	198437	28998	2783	6670	4580	440574	10209	80230	4062	10522	497661	3725	57104	60626	1198	388394	51333	575	6635	91304	50801	83698	91689	27439	219621	388121	4303	90135	2972	10509	122622	7026	5034	221491	7328	3767	57801	3014	285193	339287	219348	9361	30849	25959	57799	127687	1438	149345	26071	257407	780	727800	55559	6235	644246	10809	100505876	221786	284184	401399	9277	4509	6234	90120	401115	102577424	400916	124902718	27164	124944	109729181	100507588	115804232	100128822	9939	79148	100131997	57594	283922
gtex__cortex__M006	843	23098	7748	7756	54476	2137	23357	65980	7077	54455	54875	8481	56204	26262	816	64951	79763	79091	492	23198	53615	51009	57719	5909	57644	51619	51668	10998	9489	54675	29058	55285	9352	9552	3183	7301	7430	57715	9274	2937	55815	51090	54985	23062	400506	8766	9455	157697	11129	81576	4858	9141	1787	10531	3384	1655	79132	64854	79829	25766	65117	4048	26036	9444	26054	8899	8087	84223	84759	10494	7072	127428	51102	4179	9129	57035	29937	11133	114818	9956	7755	5033	79072	55577	5269	221443	6745	55715	65109	51081	50809	83460	7979	79706	25870	83448	147965	54991	22889	93611	10208	79022	80763	29109	3364	2356	570	51531	84681	27229	4091	51332	79035	2098	6938	663	2108	57336	90507	10650	27043	105372481	25912	9391	130507	129563	10217	253714	56996	54212	203228	51501	10284	23284	196383	132320	152137	79925	1601	9481	162282	138241	22976	8764	83850	57477	7484	84221	622	29115	148423	5824	51205	51072	51023	5783	9204	57654	84315	11157	134549	25798	10922	159195	56672	65084	51117	26263	762	55311	7536	84309	200845	1841	54910	80723	126669	83877	5986	114825	10491	81831	203859	3913	10869	93624	5970	3728	6199	286262	100129827	388886	79818	114932	81858	4261	9282	90843	64582	283870	56941	22888	51186	4059	79048	6300	121642	342132	56882	84671	85028	115948	10455	51490	353	64423	6046	6891	50854	7918	80742	728568	317762	9311	51075	3073	29803	401562	100125288	2189	729467	100507057	101929302	100505881	60674	266655	100506469	415056	387723	101927891	285550	632	100137049	255403	90024	7768	10330	107985879	102723670	100507599	388677	23380	101929243	101752399	100506036	724102	101928059	107984974	155370	641977
gtex__cortex__M007	55365	57019	8798	4190	147948	6591	23034	5981	8531	4058	28968	84217	3430	602	64398	9933	4986	8544	28971	57655	26523	27285	51816	11018	8045	6576	113791	24144	23464	1727	10278	10406	284217	91851	2000	11040	7076	57020	54793	3783	55111	23770	85865	6119	28959	644	10652	80351	9487	28960	84727	3945	5191	1809	23567	3836	80325	33	25843	64342	57404	2103	56943	9617	54537	23583	55653	64794	284800	11190	80833	7263	4698	1315	5338	9513	80185	91574	10882	10247	51388	1116	54885	53	9704	9415	6926	5025	79020	9128	113220	51754	11107	57117	83758	9107	57161	122481	122616	80119	6518	3491	8394	52	5433	493856	4794	5723	54539	8667	54801	25792	282969	22984	26229	5331	57700	253635	200132	146556	3621	130535	197258	117145	60313	284086	8741	79622	55083	130026	151987	51385	51752	54919	84881	389941	10818	7753	6778	81628	375607	55762	10713	79155	92305	83987	4071	2941	93134	142684	152002	80227	402682	374786	200958	100049716	125170	2828	10949	284485	54512	54344	144811	157695	8334	84890	55666	389084	441061	374977	8971	140707	59307	267002	4582	54584	3858	147645	8784	339559	10123	401024	100131755	132946	23660	100129858	79788	100499483	147949	8528	1616	7932	100130958	4496	57139	54065	10215	4539	113179	101928464	23467	100505696	84627	389634	106478958	101927117	440078	401251	201229	751580	401074	2738	107986898	100133315	90799	105371414	730183	101060226	105369201	101060684	283876	101243555	140	729732	283755	142913	7608	100131454
gtex__cortex__M008	5976	7095	4331	2730	4234	54884	10806	25771	53340	4638	4904	6160	22905	23291	949	6717	25996	58476	2920	23033	79891	23368	2521	56952	54620	6663	4174	56948	10398	23253	81602	79006	6923	3646	7991	1891	6625	166	92609	374882	23560	6158	6143	27077	7448	54433	79864	2735	10988	1297	55856	81688	51053	56133	3313	10923	5096	57415	6146	55758	1063	9330	10965	57862	11340	55847	84329	55297	10485	23263	10365	10975	91860	10452	84816	6155	25974	23743	79363	81846	1965	83876	79577	2073	3178	84284	4609	90871	9856	58487	84888	1950	4704	7009	10169	84299	112703	51070	6135	11221	6161	132299	6167	221960	254427	84504	6188	51503	3176	7316	121053	9472	6868	2313	291	53918	7545	9425	23589	4929	1054	65258	23097	388272	114	115416	81035	5763	55721	25903	80232	285521	22824	133619	27089	4982	8559	57608	9702	119032	6881	6157	144100	10845	10632	80700	1632	117245	3921	3622	84913	207063	6383	163688	7324	11337	10972	79042	4696	29071	51112	54971	6169	6124	201626	253982	8665	7694	9699	5441	9849	146547	9377	147991	160335	64856	84629	6218	6165	84316	9403	124751	391356	51065	11124	5813	730098	7373	4697	55660	51399	6168	26058	169981	83538	149837	388135	402160	2013	53345	84561	101928161	102723775	440567	101927554	654434	90271	100287482	115557	6173	283131	100289274	100144602	102606463	102724814	6038	115409980	101927957	386758	8148	404672	105372703	105373429	100133091	730101	8418
gtex__cortex__M009	55732	115703	55049	9244	4145	9091	2534	58525	27032	168850	55040	116254	10787	11218	11099	60343	65993	7760	7205	43	7042	84144	5064	5625	7494	25793	23351	1522	1471	5127	10166	10204	23475	3191	729440	9149	57130	1124	54780	6484	10536	54516	51715	10675	27086	1266	97	64224	79269	56897	84266	92675	631	3397	2671	26297	112487	4705	10155	23199	94030	7322	3337	91107	60484	1284	8728	79161	4907	9314	81873	10817	10113	84915	2653	123920	10899	58190	3486	6836	220965	738	150709	54463	124739	389	132	11030	162989	10712	4000	58191	199990	130814	22950	7884	79870	220963	6137	147015	57348	51181	10477	5728	84331	4615	8722	148979	8636	7525	2290	57085	84232	116135	126003	124842	283989	84206	8073	2558	1282	7390	2707	728661	147906	91966	4828	55210	3304	3303	51157	6150	101927021	51236	9278	8742	387521	101928058	83593	123706513	79154	728743	5387	57212
gtex__cortex__M010	29954	5725	5286	26064	1112	8574	112885	2665	29927	4659	54432	6929	285527	8671	11342	6193	3732	55230	23193	79968	25	3983	79890	89932	22985	9692	26205	9770	79863	10084	2997	6217	6142	835	23064	22794	3959	5376	7466	3312	5992	22858	7101	93973	9736	80267	23271	9465	79627	7010	83690	22865	29994	79183	6431	4337	154796	23352	5189	8924	85441	375775	4772	5111	63827	5287	25778	8471	22880	91768	55213	11173	7716	56262	102	153020	146050	79068	5170	9980	6205	23521	27	3707	94097	8994	56034	54438	23245	472	51524	116966	64067	53354	9453	51351	84532	25769	55193	7559	619279	6522	219736	9221	8495	23339	56905	148137	1499	6091	57148	134492	84522	10594	90806	11145	54503	54762	3418	716	728340	57634	9923	155435	26985	7626	284434	7477	401541	340719	9901	55340	55959	6925	283970	135398	7620	6263	196051	6827	100130894	122455337	728888	10780	79873	253039
gtex__cortex__M011	10463	9440	6307	5318	57458	5128	51109	9452	440515	9522	11069	8697	23774	23347	56062	90459	4173	10135	858	7586	23658	55149	22943	51003	64149	8649	27309	29118	6309	55110	56890	5067	604	2202	3554	65977	10286	51086	34	5955	1788	55717	4488	56122	466	11017	56261	112849	8089	5782	3727	4148	64900	10894	55681	29079	57129	79739	5495	5861	901	2958	92912	80816	6622	64924	81545	64418	51125	51110	50808	3619	54545	85458	120379	9871	4718	196394	26278	55326	137492	11080	285203	57650	9255	202151	91147	221656	84267	3190	94134	143279	1073	84457	63877	23300	5579	27018	5867	55276	9839	3185	10678	84305	4534	151827	51030	669	93550	387357	1106	389072	144348	79642	64219	80781	54880	116447	10933	11104	643155	147837	100129583	4646	150472	5718	10210	6120	128	830	84288	55251	134121	729178	100506826	81488	104355139	25832	389741
gtex__cortex__M012	8837	9043	7812	51534	972	3082	3298	355	2324	1462	5610	23504	4775	9175	2533	966	55608	7018	151887	51016	1203	3299	8312	828	57664	94239	1577	55131	3268	5919	9275	8787	1182	51088	9749	5144	5396	8643	51646	7045	8835	9409	51426	311	3659	79637	56731	140823	51691	813	10095	7014	6210	23452	23213	834	122830	7453	2212	6993	222255	6134	196513	9910	79833	7402	22925	84897	55740	118611	1376	1831	445815	3017	55607	6002	29101	51149	9077	2634	131474	79753	84059	219287	118426	79789	90007	6575	26115	94103	8061	4482	767	169200	399664	51649	27158	55532	57522	307	23230	7919	64093	92241	659	3122	55937	3113	79940	8420	4831	55766	100820829	54460	101928963	11056	56260
gtex__cortex__M013	79090	11285	54908	9454	10362	23161	6196	55160	56949	56650	114899	3682	8886	54498	55900	4616	4809	83746	9889	23295	57817	79036	10282	64077	80018	4055	5924	51011	84128	1746	4999	965	57413	4502	9026	51751	4678	55858	23479	8836	4864	284111	128061	4211	29926	90952	284948	154043	4343	94104	7542	824	2071	64320	220972	220296	55701	116173	64122	54541	5480	131616	4648	136	55191	84153	653784	200933	1649	85007	7298	122525	3059	401563	6748	404093	80213	348013	5142	4501	837	91120	9745	54923	84455	84335	84129
gtex__cortex__M014	54443	933	7869	23187	57475	2065	83641	64834	23446	5151	5337	2346	825	23555	10110	79152	4099	443	23150	11155	5354	745	2123	6035	57471	1318	5168	5046	94015	8612	9705	5305	85414	23308	64399	51148	5653	79628	2705	2861	4815	4118	57571	348938	1267	7368	145270	285800	666	128218	118442	6900	3665	342035	10507	8632	1287	9725	80345	93377	23303	283999	4340	643965	286827	100287225	101927459	100130370	101928583
gtex__cortex__M015	2729	79602	28996	8537	28513	6579	10397	57584	5414	6711	845	400961	1059	2864	3306	26030	83543	10749	9911	3295	1783	10541	64776	23500	9586	80005	140609	91369	284361	116362	4176	4336	222166	23336	29119	148641	613	55182	57698	3792	1902	100505832	100509894	100506365	101929089	107985209
gtex__cortex__M016	51447	2046	5721	58189	57696	8683	8576	9670	80212	6560	64860	14	57153	84326	4221	5270	6457	57645	6715	9140	726	9344	90993	3275	83941	1528	124923	3489	98	9788	115196	353116	2272	3146	51466	5094	6584	280636	3995	55009	101928053	100507401	9326	84278
gtex__cortex__M017	5310	23026	55663	1592	27352	5875	81855	55296	5467	6242	2166	84306	83549	116983	8291	50853	23066	79714	9232	158326	4837	147687	284001	728294	339059	55328	64757	56971	56624	65250	8718	124902280	7726	23089	283731	727758	100132341	100887750	138649	344405
gtex__cortex__M018	65125	4205	131544	546	27327	51258	23074	10973	10902	6738	10745	26147	112752	4435	57705	3939	337867	9656	3339	81875	79742	79618	85450	7761	84735	200185	10653	53353	79898	253639	5781	23513	347736	4603	101929524	5591	283624
gtex__cortex__M019	63932	9627	79641	998	10732	2531	2593	55556	25941	6229	64129	4170	130497	90933	51312	130271	200014	7048	79759	2339	92342	10276	947	84002	11066	401431	25817	441459	401612	124902114
gtex__cortex__M020	2006	55850	55540	7030	5996	10384	3280	3399	54996	3164	5105	51337	90634	56931	123	467	1398	2353	84617	51710	199	2946	1159	692247
gtex__cortex__M021	23166	9150	1307	3083	1967	5147	150946	121665	284069	80198	1850	3916	114826	4541	4513	4519	4536	4540	29883	4512	4537	4538	4535	4508	4514
gtex__cortex__M022	54477	8428	2254	7358	9890	7277	26750	10730	79930	7553	113622	152992	159090	59350	1072	283417	222194	6399	2870	100289230	283483
gtex__cortex__M023	51056	5010	54997	10916	1666	4066	79846	1810	55274	6636	81542	6132	10085	84191	2845	340252	284697	140612	643008	730087	100505641
gtex__cortex__M024	55610	51666	655	6640	81847	57678	84269	2752	64759	64403	114876	55840	147495	6565	57462	6297	414149	2262	286183	400945	5098
gtex__frontal_cortex_ba9__M000	2729	6405	1080	9957	8379	3927	4074	3382	57679	9108	6542	381	23129	204	23028	84254	5965	4706	996	8935	3980	80256	10943	9256	55904	23077	3675	26022	6833	10368	6376	8913	1750	4293	55750	57157	10926	3475	1352	9912	60528	4843	9703	8522	9254	8938	6853	57172	65220	53616	1534	1951	84954	6482	23542	9862	23221	54497	9690	5081	29954	51085	10048	8798	7756	7384	11188	3423	5646	695	22955	6534	55727	26993	51096	54476	54902	9066	23637	5536	23177	8491	2556	51360	2137	30845	5704	57709	112611	55703	440193	10771	27032	92745	22902	1272	477	23187	57586	54764	23034	2554	55655	57210	55778	57476	4719	211	11215	51022	25901	51230	8630	1890	10953	11231	23633	4285	5583	3459	7133	9519	55334	51106	7260	56052	10061	54480	57554	535	8554	84908	8439	159	55773	9172	10858	9099	27175	54888	7204	23517	23035	27067	65078	1008	5874	5685	54884	1175	2042	2824	22884	51606	1356	7504	57102	4134	57120	55885	10659	81037	23327	51528	27122	63933	9564	9709	54477	55761	23105	4826	51742	57475	140689	23201	84957	8454	23118	58508	114800	54969	51663	54542	57095	5218	29927	5923	493	64761	5188	5662	55359	10076	9410	30	586	60488	2983	10188	1001	1431	124925	770	57143	3029	23534	8625	5476	53339	55711	22904	6882	4942	2065	55633	55854	6416	7089	83641	23216	84679	5141	1496	9682	27107	9950	55102	10565	2235	782	7158	1659	5590	89795	3421	492	5165	8692	9759	80347	4205	55593	4943	2182	3632	24140	65055	5526	5837	55737	8514	10060	483	10681	8518	4925	5217	6710	23446	54916	9993	4335	79364	5423	55062	440	10947	26986	29105	490	54556	114049	537	28951	26528	29894	55117	5566	87	27330	10290	84708	224	7037	6720	7224	55743	29953	51095	6793	23291	1400	54847	79041	8907	56666	83642	1183	4185	10979	6480	4905	23332	1207	6620	55421	11343	59277	9891	54878	26034	51175	9671	3785	6865	8672	23151	27332	55972	119	9462	4140	5250	27091	285527	6624	60	1739	25956	22920	25930	7374	5362	55094	83992	51412	23032	5063	56915	1781	79960	2260	9063	56922	10529	3093	57103	117	4898	9139	1620	54472	862	6507	8556	10411	29843	2222	3835	1785	2037	8417	51006	285220	8671	6595	11043	5891	260425	28962	384	4208	65985	93664	56142	3595	9689	4200	55322	57579	1310	23136	1741	56256	4779	2932	79728	57226	9706	22894	81550	23047	5019	10325	1540	2195	56910	84273	54434	334	57613	51729	200081	8648	3797	22924	790	966	102157402	57531	22911	4216	5243	231	8895	4528	23259	55624	23139	54749	3049	55696	56605	51701	2775	55239	118	57544	10992	57542	2778	10059	339175	5775	55616	1795	57017	8455	9762	8655	84678	26074	22895	1114	5037	8315	3476	55900	29965	8079	78990	170961	55760	6548	10558	5996	10296	29888	51324	8646	9727	84572	10795	57106	114882	4897	1738	23335	23676	23231	51168	54890	83394	57084	26575	84502	51310	55072	3183	11198	57556	7301	4637	10762	1312	9117	51430	4214	372	54566	54187	7093	6732	27154	28978	3326	988	7738	11332	79956	8829	7593	5714	112755	610	421	29801	84861	1399	6545	10291	23384	29799	6634	23481	5594	339665	157	7290	89781	51386	4809	5435	23331	55964	10521	27156	51493	25793	9701	6305	10126	4744	23551	23170	23492	9145	54471	80832	4627	25813	23112	23264	64781	2287	8814	5836	5706	64841	10175	51382	283578	161394	23002	9517	79890	22938	1113	3705	51635	57452	79882	9894	22990	51527	9252	55671	5693	7528	394	84312	10484	51292	26133	9837	23613	57446	55969	140730	1477	7165	80331	11255	5688	4923	1137	1917	11237	8760	5332	9777	23509	9371	51654	128866	140679	191	26051	84557	79953	57136	8731	8715	8780	10857	158800	5634	10735	4168	6855	5358	340554	3750	9016	10389	7355	8266	83692	8237	9468	56062	2564	2245	64840	11279	54457	3356	8874	6445	55578	10240	5257	83752	869	80777	29070	4832	65009	5713	79613	55512	79152	8312	83693	9100	26048	408050	1186	8140	79791	6650	3163	400506	8925	8120	23359	7082	23312	80208	171177	57617	26258	7976	4683	6422	79815	56704	5862	3646	11075	7227	1936	6713	66036	4741	7991	427	64130	284352	55011	57030	6618	26017	93145	898	8725	92609	23646	25999	11100	51343	27113	7087	7297	8775	1954	9266	9545	54531	5518	30000	59284	22983	3718	3780	5296	5864	6324	56006	23080	154661	27000	136319	51678	4233	221927	23288	8887	2887	6804	2617	2051	5803	6878	8976	10842	8985	113263	9678	54664	57037	27075	5425	7461	7458	3984	6505	9355	10927	23731	158471	7464	22949	1759	57589	23413	7016	57582	7306	9827	8777	2889	320	6456	20	51010	1855	26033	23268	59338	219699	9806	10367	54462	81855	22849	79004	22852	91452	9148	9644	10531	1326	114815	8030	56521	9211	28964	84961	7343	5709	5889	9110	4591	9570	9400	26001	10743	708	6603	27077	55813	1655	40	79132	8506	84687	4355	64750	1845	3131	1949	2557	57482	5602	23158	8821	51166	23321	55294	7468	57620	2743	9693	10891	91057	7704	8882	7007	6309	23130	27339	887	24145	57562	867	25758	8050	29099	8567	79829	833	975	10944	9600	4928	11234	8496	11108	65981	9761	81566	10645	506	8825	79611	57460	56341	51699	23316	54682	3736	81539	79785	5985	2054	2597	1108	2784	56994	7167	79158	2026	51559	64426	55907	11021	1911	55188	8683	26127	51389	4739	8732	57515	7164	9750	4988	221692	10486	81491	892	1871	9439	8936	2822	60682	55084	10767	9841	9896	9749	84498	5961	51069	23113	55754	3617	2030	59084	55722	11044	8382	23530	1007	10087	56132	8622	57396	9685	4437	2566	10007	6500	5515	2246	2908	373	80006	79770	23548	5917	23286	10915	57222	10051	51421	7337	7029	11235	7375	1894	11334	54946	5361	523	50512	23276	22937	79858	64689	10289	26084	1981	6787	8745	55683	10120	57669	51277	2820	29959	10213	51130	5496	374291	79745	6711	57142	6869	10314	2202	23301	55818	8808	2274	10058	8576	5510	10494	3241	55041	23683	25797	1615	5000	22848	54980	51449	2034	2043	10056	1718	23341	7143	79906	9731	9917	26038	57535	4985	5906	54856	85440	81563	10459	9829	10625	7799	6738	79814	23046	55700	127700	149371	84618	51440	9132	9783	23266	6390	1486	5999	84966	6513	10969	8704	8503	2166	387338	2152	58155	27042	163404	23443	3925	56181	8289	23673	114883	10849	1509	6794	4297	6543	83479	9331	55259	4033	23120	57558	6785	27145	9994	81573	26234	103910	2309	118427	6696	10983	25782	5493	7347	894	9615	9414	51692	205564	5887	23307	51552	26190	26147	4702	81932	92400	79109	57706	56252	97	83544	9870	5826	57718	58517	4329	8892	10936	54867	54812	29094	53335	9419	26503	3416	4601	10285	2834	26123	60370	55717	79591	2805	79646	2891	84918	5110	56126	80314	440073	55068	10808	51247	51780	5357	400	51019	1191	8795	2185	5533	8161	1	23024	64786	576	2170	51193	11019	92	22987	4952	5930	127495	79871	989	55975	3181	644150	30010	11328	29960	92014	23349	170685	1959	9904	11113	28981	23389	26994	8082	64168	11059	23597	5585	57486	5153	4035	10376	55709	1757	29078	9643	51209	79809	206358	9926	57826	5393	10888	164781	2181	90203	57580	3787	8202	6431	10564	57403	6780	27304	8675	5184	23096	10396	23326	7596	29993	23408	57510	89845	346157	6903	9587	116138	51299	6310	7913	9521	9208	55831	23019	583	80262	2806	5911	3659	23157	23163	2832	84172	79085	2962	5469	718	6253	24139	27111	80025	64412	63908	56255	11034	24141	128637	56926	4149	10893	83658	11190	101410538	6487	3831	55795	826	10054	25824	3661	57479	51119	6776	5582	117154	10245	112849	22890	55288	8021	5605	3188	51309	59353	821	64768	83744	59269	79717	79575	5300	23352	79939	9143	146330	51764	23030	10142	64921	57622	65997	85378	57168	7533	2781	4248	2847	4357	23780	7732	92521	9296	57464	4289	64101	23008	4430	10651	1123	2571	64172	6638	29767	146057	8854	1854	10776	54832	3671	1315	23022	60559	3746	1635	3609	55837	4738	7011	7905	58986	26290	54857	6303	1804	23039	9667	79709	51429	83861	4142	4301	4705	23025	55201	25804	54795	25830	10439	157922	140685	9885	445	23211	4294	57470	84660	10277	22927	7317	9584	84905	2686	55902	23229	529	80758	10487	51132	7187	64432	9467	23180	3748	7283	10197	80762	60412	8500	79412	4131	10948	10656	10401	57343	3996	83636	84261	90379	5894	23167	10989	51318	79781	8864	5791	23108	23277	5176	85013	64208	57050	9406	1742	7014	22903	6754	23208	4678	128434	10955	29958	6860	51761	23281	10208	10810	2835	4628	254428	9201	90627	84707	79589	55859	55643	10313	123811	84246	23037	9215	66035	90956	91298	79572	80195	3845	9645	196441	51669	78986	5977	57578	23508	9811	891	25917	55207	27255	10752	4212	6272	5738	10390	8774	56907	377	57498	9475	4613	129607	63982	10440	4677	3601	85004	4038	8933	51765	9698	8565	51361	1837	747	7174	11095	9315	26578	55312	29979	60560	23287	81689	8728	84749	84900	9988	50640	60561	6733	577	3351	80759	57231	112609	55122	6885	55226	4076	9840	23017	9924	91	9053	85021	8291	2799	4193	10200	80003	54583	9857	5279	57695	3300	80326	80210	51719	80705	9648	64965	11250	26122	50649	10154	5100	51028	9882	23143	4008	9445	55270	1102	3936	9805	9771	1607	9238	28988	83605	80727	4836	51204	10238	80774	11143	4711	6326	10716	64844	55627	84317	8027	1861	9649	64855	7111	6812	29988	9568	5695	10244	2800	4856	26953	55833	347252	55667	116113	51645	23070	93643	7280	670	8737	10211	7172	51439	9873	54843	29088	4750	6653	84811	10413	53826	5607	440279	79811	23005	51103	23168	54839	80021	54816	80031	54874	204962	8634	26160	85465	10669	3795	109	8884	80204	10128	1838	10121	403	5950	310	22891	471	79800	54529	29081	57520	29789	6744	10152	55032	26035	54956	10021	83478	10144	8916	51138	5593	22872	84162	55132	11107	27163	53371	55589	55752	80144	8999	5530	64116	23162	83606	85352	23710	55605	144402	51067	53919	9746	347902	8499	11010	22822	114795	9818	283537	6601	7786	283373	5925	55206	8562	84530	6751	4857	161357	83851	376267	27133	85439	81614	9990	11001	22893	85455	10363	49855	55466	59274	7168	55180	60677	5428	374655	8128	5045	79798	7385	1039	91807	94160	10300	8720	1012	23174	89941	6187	22980	9611	8844	10140	55275	9520	22901	1213	54828	6875	2774	55197	409	3607	114804	494470	54808	5596	54877	147381	5366	342667	773	90378	23476	5211	6455	30811	1291	6647	7226	57140	105372481	59283	55244	5694	402665	6518	473	5195	127703	23038	84224	3339	5567	113451	5792	3321	90874	85369	1952	481	261726	5451	64326	5546	51093	844	9213	23179	7286	1893	80222	81609	29956	2029	10500	3756	55061	7159	8751	11000	9898	1944	3608	6016	5313	2590	1130	9859	23219	375	8476	149111	142	8497	22874	127829	151449	27436	51542	5899	165257	23190	11249	6323	57624	64708	151835	9686	79137	57574	80852	85403	51143	84892	10217	10550	26018	22989	55347	10840	57552	9711	275	9353	8893	9718	90113	1609	93587	287	54532	92345	8001	10299	1016	10769	5295	1404	10184	5921	5066	64839	9879	153830	23138	10814	340156	26045	26249	90933	27242	22838	255426	54511	84553	221322	134829	58527	6993	57583	9202	113130	4191	908	64599	6567	55634	9203	4841	8473	29934	55086	84443	3358	27316	526	55246	51312	91782	6867	1392	7013	55638	340419	114569	51059	7553	80728	7436	115426	4781	26267	4915	414328	53358	58493	7357	2934	54107	6837	80142	90678	56623	23590	80013	221074	92211	818	9118	92170	6001	84280	57689	27315	8525	85456	84364	10658	26011	6188	9177	4863	60496	9219	9638	6327	84866	64405	81928	22866	84159	57626	55208	23284	150	2823	161835	1740	134145	85458	130813	3708	57512	3742	7068	54995	144110	121551	89910	196463	9231	114134	9223	2132	10873	57182	26019	8872	83643	2059	112936	23310	143187	10570	22944	54842	80014	60485	387923	51594	56477	2674	143384	7073	29970	84539	460	130074	4249	81615	26353	130733	79596	6014	120534	498	10618	134359	117143	2977	9456	284312	814	55521	255967	5213	2893	4154	133686	23171	2697	56978	51351	115827	140767	152789	55203	51061	64682	1047	1070	3192	25909	84910	5937	6328	51571	50807	79888	25827	7342	154043	221895	80790	3773	55022	1054	8526	781	221302	284161	116150	5529	26289	26256	147463	135154	57338	56172	84959	64221	9868	7345	91694	2849	728577	8470	4685	27342	9989	51560	81552	139322	80028	129684	221264	528	51633	23097	158219	64210	55361	401647	6782	65983	6566	23367	2890	23165	9601	79831	65062	56776	133522	134353	10670	92370	116442	286097	23426	23362	90550	91748	3778	9508	29104	10694	7102	6103	122416	22986	9556	5097	9791	3788	6832	57497	25921	219541	9530	115509	375323	123803	23057	9372	491	6529	6854	3084	261729	23648	9069	6483	3815	54778	145773	4643	139221	3763	4599	257397	445815	203197	673	9478	121665	56896	26100	2134	22808	55179	64084	387509	3745	23382	9334	124245	84919	26958	56946	9753	4681	3362	7391	9191	2039	84134	57685	56990	8867	124995	6651	9900	65264	57369	23515	8208	5710	5692	11189	117145	7062	197131	8883	9813	84303	1487	9114	29	284348	150275	2909	1676	54020	23076	8566	4047	7410	8888	23181	148206	10444	84814	23387	26097	1141	55129	2224	23623	9673	23218	5745	56893	80228	10603	8878	5701	60680	1857	1173	55324	126433	114757	6427	25946	284361	50944	80174	160622	221496	51728	57465	124222	115	22941	81570	10825	2785	51727	65260	79699	5563	55225	126755	553115	5928	127733	55450	7398	22854	284611	127002	10092	57863	93185	23385	79762	148362	64216	163882	80232	347730	51072	3754	151354	3760	142679	150726	80304	151473	56916	10611	388695	6944	388962	10602	152559	57326	285203	476	317649	92703	10109	7203	64343	201595	23122	8802	5584	56648	151742	1040	80145	166336	57018	11102	57406	84343	54861	54585	79443	79442	51725	131601	55689	5437	94032	5984	7086	50650	26043	165918	54965	23173	79982	3015	133308	5364	8927	79012	80335	8492	9348	26269	51313	4886	23379	54726	84059	91137	153733	651746	55109	4724	167153	57763	134510	10412	84340	23305	10559	2898	167838	10370	285761	94081	134957	79685	63974	10569	222223	6469	117289	22853	1508	107	5828	5885	27012	5001	23353	55074	1020	51808	7534	81034	91147	9897	318	51271	54769	79698	3190	84302	11244	6990	55342	26130	65083	30968	143279	254170	203522	283209	63876	9147	57156	58157	89890	158584	644168	509	7417	402381	23172	169714	64324	27069	7248	3251	6297	142940	283310	64112	9317	85459	79101	11245	55530	84706	55662	84936	2200	654429	79803	10576	196951	6609	54765	81832	118490	7275	84460	124359	222865	123169	54495	23423	81565	7184	10904	9640	113201	164	100128252	84191	55897	84516	54386	10369	6866	23306	23339	114794	7529	4088	4130	64400	4141	11051	129049	10999	51704	23102	7644	146713	125058	6240	112476	126298	7769	2879	29123	784	85300	1613	1938	10501	64359	90990	55611	283248	84926	7775	283987	10476	6730	137695	84514	64223	57524	21	23524	54949	1642	2495	26580	6520	199223	956	4054	5871	5049	4992	3761	149603	55788	125488	28511	7266	3800	57215	54899	115294	3660	84684	91949	55806	203190	11273	9796	2237	60684	1128	2675	79064	8754	157638	255743	54910	10098	27065	3354	56884	123355	2915	10815	10116	7386	5604	3667	4204	367	254778	25849	90362	84632	7336	23099	23214	5865	10636	53917	8706	114787	8988	7881	65008	23251	9197	25942	59339	3094	83640	200558	7798	284004	1816	79058	64118	145957	1501	7480	9185	163590	161725	51621	9758	23414	57555	1107	7532	10477	9196	9283	51617	23235	57484	84640	147	55031	54714	56980	2353	2018	91752	55890	222008	160518	202052	79697	164832	79071	23204	5272	6773	26145	28991	5429	79145	84669	84864	79188	2941	80310	883	55006	5581	9655	118812	81603	219738	283742	124583	3777	5223	11076	3752	27115	283455	8941	171023	147179	5481	255631	4761	4135	5356	22883	5293	8507	57449	55729	6919	10243	57687	23261	85442	170394	4300	246243	146	361	7857	221037	11346	7064	2596	253152	3913	54205	10892	10605	114900	55352	10248	10231	64137	2783	9854	4299	3054	408263	10125	5883	80194	64393	93550	79612	283985	167227	23491	6670	1657	285268	26960	79877	10777	156	65059	4580	111	22885	91749	91683	2804	158399	6623	49854	56977	4296	64801	79102	5797	79834	286205	64802	1964	26032	9804	3267	6777	57674	81033	163049	27333	84984	285704	57495	54931	10594	5306	9416	253959	389524	488	55055	170261	26047	158038	400986	148808	9024	11041	55196	9975	9610	254263	81876	26470	170506	1488	9435	132112	92369	80851	5708	22843	10540	8534	23015	56675	219749	285598	1212	5122	4023	55844	79772	57628	146691	10458	200407	340481	79666	379	84747	400224	116068	126792	9807	55254	339344	159371	6051	163126	126272	84277	254531	284346	148252	205717	8851	256536	10409	55884	2902	9240	4062	140775	345778	5426	6330	283576	196527	8408	284716	80324	80205	347862	3738	3737	7156	253461	29928	8541	64110	266812	203111	51046	79718	401474	3725	23283	56975	25945	9772	3766	387856	51272	55272	9659	4729	55152	205147	25970	441151	63917	114798	282679	26251	7766	3350	55175	404217	9852	23512	54913	27132	4351	5198	399668	51341	127254	55030	1537	160335	2193	285343	5781	1960	10472	242	139065	400126	220202	727957	9495	284023	7710	9378	22928	79077	197407	401097	81889	157695	400120	374986	221687	85453	151963	6752	55432	1132	27319	64388	84698	23513	23510	286077	23760	283554	1728	79147	25994	389197	155061	9625	23109	54112	205428	57463	10193	134553	55228	25834	3418	91304	283989	2131	81532	7325	3739	2567	338707	388323	785	122553	161779	50801	3838	6304	11248	4692	50863	7267	9312	164091	345557	50614	8241	6734	9112	124976	161	6546	5121	18	57118	145748	2621	166752	2842	5877	83698	126567	10856	80164	754	9802	9403	27439	9831	284656	158358	126075	10946	2903	339039	728340	253143	407738	55039	23466	57528	386617	256281	29944	10766	8663	8508	3786	126382	152579	3768	283871	5101	220	56660	5463	10078	5587	401145	254887	6586	1946	150147	645974	26039	3751	253769	340542	51286	5142	5413	55967	1812	6612	140597	3714	752	79050	6092	2157	10509	56899	80789	149175	122622	255275	340371	7127	285755	64409	8558	266722	126282	51263	25840	400451	26013	9899	6667	64714	10336	5087	56901	8224	730094	4733	399947	56479	80333	5833	339983	527	257240	146760	255022	55599	23299	57711	220107	54103	84871	157567	23396	84937	338557	345079	57496	340529	4675	23621	260293	3840	4674	401190	151011	5138	90668	139599	613	758	100101467	53373	7293	4137	349667	5333	885	6585	23270	23048	79659	1630	9863	338645	375612	11261	7874	28986	404037	26059	81848	51393	94107	2563	10507	116224	29978	51463	6300	375790	5575	374383	390927	388228	137392	54914	2844	1121	57186	345630	344838	84247	375567	340277	389206	149297	339287	26155	5649	9516	340120	51155	401994	54510	7259	23254	23708	139735	284521	10388	4604	50859	7633	9687	203068	6829	57573	3376	29068	54413	1604	9361	8295	55190	222553	51466	284486	148266	140465	51434	399687	165679	3908	23654	55966	643836	112479	7582	154807	961	92070	160760	343990	57730	2316	10447	57181	100129858	170384	644596	388566	163227	7741	4097	85379	1778	388662	51703	23507	27044	84435	9583	10438	25788	8831	128486	84301	400591	79027	104	344787	3064	55753	3182	50861	84154	57799	23556	57547	284370	6709	57565	5253	197342	6884	23315	55924	8733	54557	81553	28512	6687	140885	9814	57209	337876	161145	54989	57708	84775	777	11325	89894	219844	340578	439	50618	10724	9747	158586	148741	339541	285989	9874	4326	6262	23054	27347	221477	801	9060	22909	55705	124930	10497	81706	347731	22834	57154	116443	2475	192683	2710	9909	146923	100129792	55170	830	7150	9055	6721	9666	9937	9722	9737	9755	57692	9848	7052	9867	170958	64423	1122	375057	389432	9293	84852	387066	2664	286411	221424	340543	158931	3633	55680	6046	1290	63943	64978	7920	1460	728215	7917	7916	440894	2794	80352	6992	57469	401431	441376	400553	84912	55366	5150	613212	6643	10527	54458	25851	255919	100506731	51451	91750	144363	6453	727857	10921	131118	220164	201475	348801	23243	131965	114786	28638	339263	727800	84258	23636	10962	84342	23234	4722	5500	7693	3672	29803	157574	57128	79729	387804	51400	64506	400954	23053	221092	729475	64283	84461	137886	134111	440270	1654	64601	388815	85508	55628	283514	729515	100131390	55714	55672	375190	6844	5534	91584	5520	118460	6293	1159	257000	642852	105374235	101927027	285954	285878	284930	721	221710	105373377	400765	100507171	105378732	100505641	440823	440465	440078	56967	107985820	643988	643837	112268276	122539212	400839	100506679	100131244	105370670	107986618	107105282	105371450	102724593	114821	102724699	389813	100505771	643699	100506930	100129620	101927590	84973	150786	100506527	101927502	8629	654434	101928537	150568	390616	84968	81571	91368	100506866	440132	103352539	90120	343171	51373	10687	56097	257068	27297	57026	1325	539	5297	23600	398	128977	23089	56098	56134	11230	24142	642819	149465	84450	103695433	10137	7335	720	386627	105369147	124901151	56135	654790	25864	643783	56138	388569	100507043	100499177	85358	157627	55000	100507341	56108	552889	56109	56103	8641	56112	54551	55845	57132	27164	26065	105369758	51750	102724814	10381	112267983	647979	23732	150967	100287559	343702	9236	103344931	644242	119545627	100507421	23246	401720	106456574	100128822	100507050	83482	148189	56111	105371735	100505576	100505797	140735	100287932	27246	108783654	5348	80755	100507218	101927943	56936	105372321	147670	29057	375196	84548	100505761	400818	112398	152217	91608	79148	338758	284615	8447	100130705	100506286	100129550	112441426	100170841	389856	6880	30837	283683	140883	57223	57636	6871	8396	284098	100287808	101928991	7703	440435	93474	110806277	4747	5691	284106	6753	80179	79893	31	84311	64881	283267	101241892	102723099	359809	401442	113691	113523639	55056	645485	101929059	124902301	124900989	124900848	29798	112267986	105377727	124902606	101929748	122319436	84726	147947	107985911	100131998	283922	162632	440248	728554	728448	201283	57234	654466	121456	105373383	11191	93164	124906262	79986	79640	100131454	80862
gtex__frontal_cortex_ba9__M001	90293	7035	55471	10180	55610	115703	3052	25998	51573	80853	2115	5048	5080	64285	29116	9043	4784	7095	7812	10747	9031	83930	3097	1185	9902	54799	5725	5286	9604	10463	25960	6683	9369	2273	64429	51177	58528	8635	286	51306	2530	9497	5981	8452	27430	23644	1462	26064	54908	54896	140876	23338	2978	4254	89801	3074	51474	23223	1112	8574	55745	10806	10079	26999	57602	23369	112885	2665	57458	57504	4659	54432	5128	11178	10838	22998	10147	5378	8943	91526	4287	2263	55623	9650	30836	79091	7216	2261	27248	5597	10420	11099	8440	6929	26469	64398	5522	9733	23016	23609	11176	4292	7155	2975	4133	5527	2782	58476	9984	1653	22999	27244	10847	56650	57092	779	9812	55100	7514	11342	3842	79891	3732	9522	7760	2060	55230	27292	51194	10573	54469	79796	8310	8898	94005	9489	6790	2036	51161	79175	9843	23193	393	2802	8761	16	11069	23256	9878	79968	7430	51816	4436	57715	56165	51322	25	8317	3983	4670	51586	8216	23786	23523	23759	27128	23598	6663	410	23543	80020	9889	23209	10490	9786	5494	4522	5700	89932	22985	10278	57680	80344	5360	22981	11083	26205	9770	113278	81502	9675	412	79868	2332	5230	1821	51566	54602	81617	26512	10204	10664	79650	25839	7249	9780	23062	9093	5934	23322	10295	84148	9810	79719	10391	123263	57214	26015	3551	54332	9694	55174	2997	51599	29062	94239	857	23242	835	24146	95681	7046	1842	7091	54662	23064	27143	657	9562	7511	8453	64081	22794	8787	4927	57003	2145	7531	5376	7323	1998	2549	6164	7466	1182	51809	29118	1410	1075	3312	79073	10612	1982	4891	51411	6539	55110	8099	1967	5869	57122	11052	8078	5777	5992	29940	135112	5467	22858	23195	51715	1297	7915	81688	7101	7957	10279	1004	1452	93973	604	5096	25852	2257	8087	57088	7867	51555	10096	85461	6772	64895	25843	84812	3554	151393	9167	390	1386	7341	2956	65977	11315	80267	9181	9927	9295	23207	1429	57568	10000	59349	4179	57035	55758	25936	84215	23271	9465	6446	9194	64747	60526	23314	55127	6418	22954	84263	8013	55051	1788	7010	29126	57480	84318	80209	7045	317	83690	80218	9409	55791	79712	7852	5395	64224	11335	51251	800	11319	55297	262	5354	29994	79183	51604	9217	1908	10199	4337	55026	79902	56927	6238	10236	80818	154796	10131	27245	64430	55112	55906	79000	6597	6049	5189	8910	54487	80115	7263	8924	91860	57509	112487	4901	6861	3949	547	51250	85441	375775	6874	23404	57693	6535	91574	25926	25980	4772	6533	47	10742	3337	65249	54862	54558	23225	5901	10514	2926	63827	9826	50717	23164	25778	57511	55425	54885	79921	55748	22880	84125	83857	1875	272	22800	8650	1965	83876	7428	79768	2947	10717	91768	1794	9415	27202	9743	3703	2113	1514	23670	9413	51347	6926	5025	57639	22832	10492	967	7024	3178	10956	8763	1368	79786	1783	1660	80896	9654	55681	55213	1910	11173	7716	57129	11311	56262	9314	23452	7099	5168	152006	25822	6194	11309	5547	23213	6386	84259	2542	27229	56924	102	51187	5495	51163	51008	55759	81556	84803	658	901	27068	79807	5998	91445	5830	4060	54934	65082	145389	122830	146050	6727	92912	2108	10099	4123	9960	79631	84656	79068	9785	221184	5170	2588	8533	9905	10939	80816	57521	4152	3454	23521	10256	64129	22823	25874	54499	27	57592	5298	23126	65123	4931	3707	6233	94097	8502	130507	58190	9922	6161	8994	93627	56034	285440	4651	55814	64924	2561	81545	10318	54438	54901	84630	202500	5723	64418	57502	3547	54212	137872	92140	50808	54886	23245	28989	9712	6935	26091	2746	79780	51524	256364	3619	51092	5331	51503	55002	221143	3176	116966	54545	1793	120379	3606	5805	55768	90488	64067	1909	2313	2555	26278	667	121256	9910	57105	26040	130271	24138	53354	7402	9453	85445	5884	9425	1601	10018	118611	388650	518	2551	9510	146857	23228	84532	56934	51582	64092	29761	9337	285172	25769	3798	1633	84108	3098	142891	23355	1376	22976	57798	197258	1859	347734	9162	57728	84255	2140	115992	8703	79053	60313	9715	10020	55108	83858	149076	9619	64699	3689	3275	284086	6464	103	79957	9592	84939	58191	51005	6159	84447	249	11080	64123	23528	51205	55083	150962	27185	2071	204851	56203	57577	5783	7871	11073	113444	59343	55193	90826	153396	79993	202151	84135	7098	7559	55536	619279	54919	6522	501	203238	216	84267	58526	57526	139324	7415	220963	220979	11164	222389	138311	5979	26012	55088	259217	29951	154810	9221	374868	8495	23300	5598	8509	27018	80975	144100	9665	8800	124491	162681	6778	54893	115752	150290	399665	81605	51148	83473	7733	79759	148137	10653	83986	117245	3921	1499	3516	359948	388753	84879	55602	154007	6575	90075	134218	10713	4144	153241	1876	79740	26000	4881	9839	10015	2720	57148	8493	93622	9788	126014	90338	9637	84522	51523	79029	596	51112	5728	83660	5859	28998	7572	79694	54971	29942	80011	5916	8824	1717	4615	55731	54674	256130	10209	23333	114897	128344	947	144577	54872	57659	3981	55167	90806	51574	6731	152815	201626	125144	256356	9793	56674	5029	7525	9699	56888	11145	9884	7298	200958	54503	57453	10425	28976	57104	25915	54762	117608	389072	2066	2859	57184	147991	5187	55095	144348	4261	144811	116135	22827	10194	90411	169200	404201	284406	79813	124842	94039	7485	11022	23336	716	23265	22906	23236	144608	57634	51118	23194	146223	389677	114781	130502	219527	387893	131096	8073	23258	9276	9735	4303	162239	9923	201501	155435	9823	646851	26985	23768	123283	169611	89782	10718	10933	79896	84197	84924	64757	55693	7626	342035	11104	347240	55615	23275	4673	57698	339327	1282	6917	2175	8632	284434	10123	7477	401541	27158	51114	643155	196528	100507206	165186	9729	3556	83931	64218	90321	9901	9883	55340	647135	79754	2547	30849	6399	2104	3066	6925	55532	7442	29966	8187	23365	7697	3482	23061	340385	6584	147906	54798	4644	100506658	55035	9228	613037	27233	65251	26275	11060	7620	83699	7919	338811	10479	5365	23127	29883	4860	22887	4976	6263	339448	353	2812	196051	55251	124900275	26146	53344	26058	1616	10554	7936	55777	8449	780	5987	286144	9289	57139	100144603	10866	22908	11116	22828	6827	102724826	1454	55739	26140	339231	387104	728130	55449	606495	3115	100505783	642659	101410535	101927300	84627	65010	2074	283089	124902280	8505	100129434	105376748	7726	51275	9278	58486	7955	4830	100131434	9907	101928847	100505894	100506668	285505	100874002	100885776	100996645	2738	728888	100499484	23642	8972	283440	6038	90799	119746555	9939	80022	100130522	26974	149013	25832	100101267	84740	80039	26220	2904	7772	126661	389906	56260	114819	132241	100887750	645784	641977	100093631	253039	10778
gtex__frontal_cortex_ba9__M002	8837	952	5166	7982	84058	51666	55049	9855	414	79602	57787	54879	6856	4257	57467	10867	2067	55349	22802	25937	63932	56981	58473	1992	7431	65980	578	57514	6301	321	7077	2324	23274	79567	55812	7546	1495	80243	56474	84062	55841	57545	55173	55187	1298	9563	9341	91522	728464	2296	10758	65125	23041	65056	81671	56848	79763	10402	28996	2139	23294	7629	9423	9892	119391	5525	57609	64834	23471	5315	51447	3796	23198	7049	7353	10272	55658	23210	2046	79901	28513	2121	54475	6605	2736	55020	5939	2329	9618	9138	6813	88	832	7107	7289	7419	4983	5933	9262	23239	594	5026	3682	10464	10998	55663	6579	2512	5990	55968	55184	55285	3383	11213	1947	54918	51776	22861	79776	8773	26227	1299	55151	10044	55118	10101	5125	6319	23555	513	9524	7078	706	79734	171568	63874	79609	6655	114088	80821	51550	4792	5875	6789	655	10139	22919	182	6640	9658	8736	55125	54941	1478	4935	64743	2742	5355	8260	6594	5251	6102	7076	143	28984	8848	9688	65057	55565	9013	51172	83716	4363	79006	6299	653390	51285	2553	10404	10397	51101	63898	8797	81576	53635	51231	9141	26093	7040	10226	79784	4099	3696	56829	4967	3614	54927	56654	3257	11196	59	6468	57584	79176	79991	23232	443	30850	6649	152503	55291	1374	9828	10114	57097	8909	51147	23328	1432	26036	10973	11149	10475	2762	7422	10307	10111	3977	1809	5159	1627	8850	10342	23007	1716	81562	92840	84759	2888	55704	2744	3485	79954	117583	58480	79971	11240	6675	5129	1889	23215	1063	57488	81847	6185	5918	9270	80212	84886	27130	85365	23433	114818	3433	57678	26507	30819	10672	1394	157506	113	65982	91614	847	29990	3208	84083	2971	57179	7291	1211	9469	35	3709	57213	84650	64333	9111	6385	400961	8239	6631	6239	860	79026	4502	11166	65109	6662	2892	2354	22918	1059	9491	4821	63941	51614	6237	84662	57381	3306	83543	5908	53834	2791	3092	10875	79689	7978	7538	11135	9732	79706	64753	6608	94101	84952	482	10749	83448	57153	25938	79649	2593	23677	1264	57631	51690	54858	4046	78992	6249	139728	5638	353497	2670	10328	117248	3597	22856	85415	3958	6538	10267	51308	92154	25974	55544	5509	84327	9911	23640	28992	114904	116988	3295	4017	7482	4853	84991	2012	84950	25941	9071	79070	29968	4440	26136	2583	10505	55336	29109	183	2752	116496	3915	64114	55198	55332	2317	10241	57471	92856	10006	64215	1318	113220	10541	7094	84904	55362	63027	55227	132864	408	4926	7274	5962	58472	56267	57559	10579	6229	30061	8615	121512	121260	51228	11226	115825	2098	54509	122060	85416	55647	122953	256586	663	91947	23478	85407	90507	6760	50488	432	10966	113230	29985	641649	757	2014	115704	85452	63976	1969	223	1939	5872	6279	27173	3782	29920	9391	8446	129563	54756	115286	29114	285150	817	115265	9180	167410	9140	23092	51256	84249	23500	167681	26230	9589	9586	1956	357	83604	4478	90060	80005	11160	5375	84294	123	84909	2040	114789	286257	138151	23412	1979	51501	3992	220064	83707	84304	83706	1006	26524	220108	7424	84735	5305	2308	23657	775	283464	5756	140609	132321	5860	55835	9531	23704	83439	678	114908	79925	10309	25859	6728	113622	5789	140890	23461	375056	83648	55740	54149	147495	91369	1622	7273	9844	1836	9630	153769	5521	9246	23522	285367	1831	114793	8764	10163	222068	8407	54935	50848	10361	6781	1465	1827	3141	23569	8659	5681	4882	56063	8997	81543	84446	3570	9684	93099	80178	4041	8613	116362	255104	54587	4774	9261	554226	3625	6282	7039	2565	116064	25802	3490	81788	2992	51304	151636	64769	28999	26508	79714	51246	64850	308	64399	4338	22836	256987	23176	57107	9263	55568	57462	219654	11067	7570	23588	11092	90809	8879	1353	252983	717	322	1528	159195	57494	567	89927	219539	89797	51117	124923	121268	558	55311	5653	5866	54986	79725	54541	11170	4735	23192	11031	23255	83657	6774	10768	11142	2948	116236	79155	10791	23620	126129	10421	11238	25932	84168	3987	123591	7360	5028	81844	2172	10826	143162	136	5209	98	3799	2861	195814	3344	85315	1901	8862	2110	2186	4815	4118	51315	3400	566	253782	55304	8801	55970	83886	171024	348938	5139	338692	132884	2745	56834	79660	6599	8793	1464	29903	79703	6712	345757	64837	65108	131408	10106	9134	196996	162655	5771	5870	6199	253314	93129	84617	339487	7694	285800	246184	63951	28232	51115	4642	627	666	387758	391	440556	57513	2828	284119	4808	2629	254827	58529	5339	788	8225	22882	112574	168537	9500	143458	2262	285908	144132	100128927	340390	1003	22864	54952	11336	55785	5062	118442	55526	100287171	6657	90355	285195	768211	220382	375061	375748	64764	8905	2055	2242	439921	28970	2130	23705	389337	4166	390637	84133	119559	390928	150209	5613	54954	6900	11066	220323	1435	84441	10587	11156	9021	25923	644538	23764	51186	7625	84614	283643	374395	727910	113146	440097	677	8519	286183	55217	4771	116985	144233	25794	147645	79955	5465	285382	55182	91404	349136	387763	54932	1978	353116	10991	284338	10772	387707	121642	347	4128	2272	3146	9725	147929	5657	9612	8912	1612	2760	3914	9260	160	11152	171392	81031	142678	65250	6281	51710	388536	23303	6277	54898	3792	54863	1902	65124	83694	444	7169	51062	7576	1500	987	28514	10455	57165	4215	3897	1756	84288	100113403	84243	10919	55937	7940	80742	11025	3133	2550	1639	728568	643965	65986	5699	4489	4499	162073	90861	375035	54741	147699	30851	101060200	79086	440503	125150	55670	101927905	400123	51192	1052	284293	80830	9842	729658	106478958	107985194	196047	100505832	768097	105378909	100996539	6892	100289178	100873947	100996842	399697	3106	441869	415056	1159	101927891	105373390	652968	23559	100506144	152206	729678	100506068	100507401	285512	100874204	6414	101929709	286186	56099	90024	493900	105369250	101929089	283177	286103	105370015	400046	105369329	1519	102723895	10330	388021	100506411	3690	101927751	107986266	5175	101927009	10418	2969	56957	10628	100507373	400617	100506033	8148	100132406	128077	105378083	283481	100506497	100506036	56101	619455	338328	102724488	105372079	388963	112694756	100996763	117134596	112268239	101928092	155060	29774	101929780	729375	220729	728411	114814
gtex__frontal_cortex_ba9__M003	57185	29916	55013	51226	54677	26224	5164	27072	79090	3720	51533	23166	54443	58525	4057	8284	5010	23649	1355	9782	23386	3082	4331	114879	9921	23071	51071	55591	51121	54455	259282	5256	23196	4052	23101	23095	23224	51602	8975	6894	23504	51660	10787	6433	55588	55726	23536	23013	55248	51665	4904	4802	4756	7132	57595	23250	221395	4040	6160	6196	53615	5134	22859	22905	51009	10335	6389	55160	2355	88455	7319	5289	8871	8028	5108	57644	114880	7145	23152	55604	131544	56113	114899	3693	23085	8668	1307	3030	81929	4313	51290	55608	54997	8550	10961	7597	57060	27327	9352	151887	55105	11018	56952	26517	5434	9342	200312	8220	11078	25809	27349	4174	8897	5905	11154	5684	8846	6430	1983	5721	4776	51098	4773	10732	1457	10398	7125	9218	5931	10916	81602	3299	57149	6923	9738	57020	23205	25963	8669	5157	1666	55353	23484	157697	2217	8605	1628	54922	26959	5683	54981	10488	5730	83937	22841	1787	55149	219771	6158	6143	51003	8153	27346	57606	4126	79864	10938	329	6506	2965	25766	23371	10988	4048	80724	51258	23074	84727	6428	55856	8724	9444	8899	55914	4124	10902	23107	55819	900	80315	55171	56954	3836	57599	150465	51011	4691	8890	27429	9736	23451	51652	10153	80067	27101	127428	49856	6146	51102	515	10745	127396	8548	1810	9588	25949	22868	1385	9324	845	56171	9330	84878	80127	112752	10577	10965	57862	54454	404636	10174	7750	8743	51426	2322	1314	80820	48	8805	55847	23583	79586	221443	6745	79144	57187	80207	56261	5126	22913	8242	23263	79414	22826	22863	3895	5322	30817	10975	5471	80833	8459	25913	222256	56984	57705	26297	1032	6397	80185	348	25873	26152	3911	10585	56342	4037	85313	126299	7700	1327	23473	64145	8572	7691	10693	84034	55037	10247	6388	22889	3508	10207	93611	842	6341	84250	694	10894	51241	79022	3939	3572	6660	80763	80206	9704	337867	1840	8676	11137	8803	64759	10457	3364	91875	10588	6426	6434	2058	51133	26750	10730	55755	90871	63971	9656	60492	2615	96764	6176	55075	51332	10964	87178	9585	953	9360	84888	51191	950	306	4704	9169	121227	92979	84260	60314	10150	64403	10169	54939	55898	55114	2653	54925	51651	114876	27043	4864	56270	10907	126374	51070	6135	5686	8490	27005	81875	57530	4170	79573	9580	805	84874	23020	64969	79634	57205	493856	6167	64777	154214	221960	7403	7592	50814	6134	79618	203228	6834	254427	22921	84504	85450	7761	25891	283212	26007	90952	84623	7108	8479	124446	51267	10284	27250	22948	1737	341640	196383	121053	9472	51562	5281	120224	291	79833	5163	127933	10160	166647	60592	5903	22878	9320	252969	285381	65258	389	129831	130535	114	10069	7381	159090	1915	55093	7547	9941	3361	124565	64897	5192	63875	4690	81035	340348	137964	85414	64760	714	57519	6002	118424	6285	138162	57731	9159	55585	4796	54784	84765	339123	57190	84328	2634	114548	79677	115677	129880	51023	128240	200185	7048	131474	130026	23429	23001	116441	9255	51385	4085	55314	11157	25836	133619	81789	51752	202333	6208	222962	54468	25798	115330	26173	25962	10910	8559	63877	57608	65991	55701	145567	83700	123228	221120	9318	25820	119032	119504	3419	6764	7589	90701	65084	374654	348093	6809	81628	2923	6632	1398	26263	10632	4645	10449	51693	55762	2819	83696	80700	124935	148156	146664	1632	7439	10980	84309	624	8313	766	51252	161823	85476	51255	1285	4330	55276	283899	65988	79724	11337	134492	143425	55038	203062	27094	29071	203245	147807	5053	5394	2845	25988	10924	340252	51504	54625	713	51126	254102	83591	7423	257364	51134	11163	3728	10276	84733	5936	165324	200933	23269	127435	6124	442117	9662	81490	253982	253980	545	8665	55508	79898	286262	5827	6197	125170	497661	66005	253639	1176	7334	4094	2907	9377	124989	7284	64856	729614	9282	222166	51276	144321	53637	126375	404093	22820	30820	23641	25825	389084	51335	100506504	83733	164684	8302	441061	286826	29796	84319	80213	80764	124751	79135	90135	391356	286256	51065	11124	5813	7026	399694	200942	100379224	148254	353322	7328	730098	125704	64170	123688	375743	9045	642938	4697	23450	162966	132660	282991	79633	5770	9819	162993	100287569	64771	307	399909	146540	25959	373156	26037	6120	79892	128	89848	9019	7405	147949	388558	9652	9086	9578	25829	11179	169436	51490	54470	619208	257407	65979	90233	57540	83538	444882	790955	10206	149837	388135	317762	414918	79958	55779	4539	163486	286827	3931	51075	51517	534	2013	4207	134121	79716	109286553	63920	100505996	107985246	554203	348262	100128071	101928118	100192379	100288428	100506725	4509	51326	114796	100302692	8847	101927541	201229	79940	101928000	389023	90271	100505588	100507398	101060544	10432	280	5098	25764	727956	8420	348110	347689	57553	154881	100132247	7268	1650	401232	283131	101929524	388011	55766	11344	100131089	10016	100144602	100508120	162972	5591	102606463	283624	124907392	79178	92002	202020	388677	23380	57597	100505549	677769	386758	401612	404672	283483	101929243	101060684	105370333	440896	1602	285796	728743	101928059	107986669	84278	349152	127239154
gtex__frontal_cortex_ba9__M004	10181	23098	3920	3674	163	221	79017	55692	55735	728642	1407	80199	7869	23324	23357	1774	6591	972	9821	3298	355	3755	11285	1767	822	54960	64848	1535	23593	55850	27095	26099	55540	8908	9696	84256	8531	11218	8537	10362	9351	4710	51167	60487	8611	57560	22933	6949	9130	9744	9175	8301	23505	25996	4162	5909	4034	369	51150	57455	6604	23033	91746	2017	4799	363	2346	581	9509	6452	54498	55857	29058	51605	2521	9552	55644	55632	8697	1725	25861	25805	51257	283638	113177	4616	27037	6598	83874	5625	113791	84271	10633	162	27352	11020	83746	55687	5372	9985	28231	128414	25876	79133	10005	4092	9388	284217	79576	84061	259232	55757	2321	23295	8717	11151	80152	1723	22879	23417	64428	84264	65990	9028	1428	51283	4150	6810	9455	56986	793	65263	7993	6625	11129	268	9441	10994	208	51073	6223	29086	11140	828	57664	26121	25789	57817	7392	10282	84725	84182	3268	56913	64983	165	727	203	64077	56647	10539	2648	51264	29098	5957	26151	57649	64854	1665	10227	55805	51088	3338	26273	55846	217	4055	283383	113246	10384	9025	26235	7942	10591	26054	10884	5201	6678	10923	8992	3274	23567	58515	51185	9616	57415	84223	22916	7781	2976	550	79031	9173	1746	4999	51253	3065	10067	51086	64960	3155	64175	8643	50999	29937	7139	84251	23469	64342	7320	83982	51646	51248	56943	7112	80298	10987	256051	8702	311	80148	5033	9559	1017	5208	10608	55905	55577	84693	88745	55715	399512	51081	79637	9322	284800	140823	10436	54973	1350	50809	84060	51234	51691	5420	813	3663	84268	84817	83475	25759	81926	5589	170463	10844	84326	27237	93974	55337	60401	54991	5160	6627	23647	23378	80895	25957	85451	26284	54496	114034	1116	54663	8932	23175	6210	91408	55858	55082	79587	301	4005	6302	57224	6610	84865	27097	5270	23479	11097	55339	570	54881	8818	158427	51531	11258	23787	58487	55177	4091	5876	51626	51374	79675	84993	57575	7222	83758	282809	145407	122616	7453	80349	1583	585	145864	6457	5373	3687	64755	90506	6563	94015	1453	51529	6904	55520	56931	126147	148932	8543	7371	4259	79590	7170	128061	52	6726	2987	4211	113419	6574	23671	284992	151050	114790	114884	55164	25816	55651	50636	222255	79742	54539	9166	92399	56904	282969	871	4684	117532	196513	55691	221336	91409	152137	9987	57407	124402	146556	163175	84897	4900	9184	5137	7508	201163	81894	333926	51001	84262	150946	55698	26119	64849	54933	3017	129531	55607	92822	7484	54461	94104	516	11267	89970	29101	131076	755	5900	7757	11182	6271	222229	126321	2905	29115	126119	113026	8741	1973	6154	283130	7542	54987	5824	824	112942	91156	64320	9861	285368	130557	4043	51705	91942	55255	10466	23462	79870	138716	116328	80318	55503	84270	4712	364	220972	220296	221154	219287	118426	57447	91252	79789	116173	29117	27343	9382	117155	348094	91433	51755	64122	79001	90007	4597	84436	57701	284339	94274	51031	2875	4723	1877	200845	4336	649	2339	29100	26505	55308	3187	10960	201255	201254	4493	5881	686	6091	4071	131616	4648	58485	220988	114825	10972	202051	4862	284076	94031	26115	55863	198437	93426	163255	57834	7764	10465	10869	94103	1798	9158	118487	122704	30008	254122	51162	55191	5970	22992	203054	653784	1267	2787	23612	400073	582	148014	126328	56945	1466	158135	169841	8607	375757	29882	100128398	23625	29952	55367	977	6232	8834	54681	767	114932	128218	122525	81858	8575	3059	401563	255252	91351	79701	51649	285973	7318	51021	3985	8214	4707	64410	79174	116448	374977	26576	7327	10572	10519	3297	59307	4582	54014	402573	84631	6228	27445	4501	5757	51547	79048	3006	285093	57801	3014	340719	29780	345222	284697	399948	441191	342132	132946	80345	57522	837	51108	353088	341676	91373	84188	222662	92283	4155	8227	65992	54870	59286	374900	64093	92241	149345	92565	134701	54923	84455	659	7923	339229	5696	4855	643008	23	554235	84501	339453	55851	1874	56953	100128946	9946	653082	402160	50840	51239	2946	2086	10379	8904	100130894	100188893	644019	4636	101928464	3995	343263	124906608	101929407	101927117	113178	100507057	124902439	102724919	105376736	728730	101929147	3113	102723854	28985	6234	645676	154790	105378828	100132273	729993	102724768	101927248	84964	51608	58496	84129	101929335	26063	340526	161497	9553	4831	100137049	64968	55861	101929595	101929544	374887	400916	100874047	388610	105375666	101928424	103752584	7768	11232	105370526	109729181	26589	100507303	10780	10929	54460	112812	100131691	93429	101669766	8517	105377023	79873	80725	11056	101930276	145783	105369547	105372432	158160	103091866	352954
gtex__frontal_cortex_ba9__M005	889	23072	56603	5577	57414	25900	2534	823	11171	3631	23026	168850	23518	9498	84321	3757	5318	9474	6515	1301	6141	1606	4638	55176	2009	9399	865	29121	9488	949	3993	8726	64778	7163	5915	54715	27098	11158	3781	11266	22996	55054	29887	51593	56970	5744	55741	2280	7023	51726	5172	4345	23428	8487	84144	23541	9681	10043	1120	1690	5641	51676	57820	55245	55738	57761	5173	57144	56853	29906	5127	2717	9057	23420	1445	50804	64089	4924	1760	81857	28974	6511	333	3036	54555	93436	2901	1124	1174	26468	64420	55664	1993	5599	11101	8036	1819	5573	9094	4013	55572	26973	55626	4598	2305	23329	4839	50813	55776	2070	117247	6908	5528	7372	57501	9784	2677	22930	7072	4139	6342	271	9887	3964	10765	533	10560	57134	5511	5955	56912	57539	5524	26094	9913	284058	91687	6950	63970	56243	83468	59342	8405	64282	22865	65244	83732	79143	8189	8273	64919	23499	2770	10739	968	8881	10298	83549	84929	1736	4354	23345	23199	5538	26061	29893	55860	51540	6616	56259	1131	51303	29841	22873	22881	10677	1019	2016	9764	85397	55654	79621	51131	28969	9373	9856	3159	79969	338699	79731	64776	57569	56965	79172	54536	6775	8482	3184	144165	6895	55716	112840	10516	6938	55070	5073	3801	26502	351	9980	57645	55827	9869	79805	84451	116841	127833	80775	11159	57282	1745	285175	5746	9389	9039	66000	9515	55840	285533	23262	78991	90523	11011	30011	55869	5631	26260	55909	29967	220869	220965	472	57325	9651	79980	226	83723	53942	143098	5800	1646	101	26272	144423	56955	5796	5352	5801	3621	54463	26207	79705	118813	83873	10600	159091	137970	1974	55799	138639	79623	127262	114928	4720	115584	10785	5116	80308	200186	55260	1996	284695	343450	79961	100288142	55220	7447	56997	132789	375295	55249	80128	79885	5274	132204	8833	23350	64419	54716	55764	8314	7884	64789	256471	132332	79884	2982	836	114801	168667	23514	25879	94134	120114	123016	27199	783	9702	2562	55800	5579	50810	80323	23582	10982	57171	6786	7171	55769	89849	2786	51362	753	9677	53407	10251	56947	5650	146395	5747	51305	1677	5099	2990	84140	10446	3035	5036	9229	80196	3790	11236	238	598	1826	92342	115196	7690	9915	55222	339122	5091	148979	246330	149420	80227	7025	147912	153129	157807	11253	7182	2885	140461	2731	284485	286499	29072	6000	4703	51428	128989	7378	256714	116447	10801	56478	83943	55015	9146	5034	5727	3852	10623	55922	23040	84981	284677	170622	2963	6006	344901	399473	199953	9858	6536	55959	51321	4763	10865	6334	221785	123096	140688	10533	10242	955	1803	347344	26052	54963	144717	112770	23116	26049	919	22876	114824	221002	26128	128387	26071	55219	26095	169981	221545	6311	29902	56114	79583	283673	8906	55384	285780	57232	220980	101927621	401260	144920	400619	642345	84320	284798	642597	102606465	92249	100507582	339400	115557	8637	101929066	101929468	644873	100505678	729013	100129917	255167	101927963	101929473	100862680	107984813	100507534	83593	100885848	105377633	118597831	79154	105374338	101928505	124902204	107985115	106660612	84820	150244	84809	1556	2630	728798
gtex__frontal_cortex_ba9__M006	55732	55365	5444	54903	60481	4190	79645	4234	548645	29924	9627	10797	84217	3430	8463	5050	4986	2646	79944	8544	57655	64857	26523	5742	55168	8045	23464	5816	1033	2000	11040	51260	1203	55815	124454	54793	3783	8677	5764	8896	644	2645	8395	64115	80351	3959	3083	605	3945	6242	9068	28956	60672	57404	8835	85320	387496	10212	64344	57380	3397	5690	8678	84190	9513	84816	10095	3727	10882	5111	23743	5920	2949	53	51280	3142	150472	9128	84681	8870	839	57161	122481	112703	8991	5433	7162	84310	221935	8667	83940	10280	92105	26229	29087	57700	200132	30827	1636	30815	10712	79622	8986	4116	151987	6259	79753	200931	389941	7008	84790	3622	92305	221749	207063	6383	83987	2705	51181	163688	51545	203859	9451	51319	1649	27257	402682	84002	100049716	10949	255043	399664	64582	200205	84890	55666	54732	8971	140707	3858	56971	221491	200728	201181	388335	728661	284739	23660	6799	79973	10920	4541	4513	4519	4536	4540	4512	4537	4538	4535	4508	4514	8528	10471	7918	6606	83463	27040	23564	91664	730087	51025	25817	23467	51406	441459	101929947	60674	387723	358	57461	100507098	401115	100289187	5820	101929176	107986898	100130155	100133315	91612	123706513	29964	105369588	114841035	123706524	124907726	728233	142913	650368	7608	84773	503639
gtex__frontal_cortex_ba9__M007	1634	9440	6307	10203	51109	10179	9452	2920	440515	7042	22931	23774	51199	5203	51012	9663	23347	80183	2254	8767	4173	3191	166	22900	23770	85865	858	23081	8939	22943	54868	8649	27309	11275	55296	56890	221662	11120	56133	4015	5067	5576	2632	23150	11222	6747	2591	4780	10286	34	9789	56122	11340	55269	84293	11130	466	11017	171017	8089	5782	81533	81	11127	26057	57180	79577	57614	25821	10228	53346	4609	5861	85437	7009	81624	91833	2958	10026	92906	58478	6622	81555	10957	51125	51110	84186	5995	55327	9871	6868	196394	23589	1105	10350	55529	55326	133383	137492	27020	171586	51249	8880	130132	3020	57650	29896	4982	8323	1073	84457	10845	5867	5480	29091	10678	4534	151827	2628	51030	257194	1106	79635	151188	4291	254251	64219	54880	84206	84851	5071	4603	2124	222194	83862	131034	55660	4646	7088	150472	5718	10210	550643	401397	92482	7311	401093	100874058	400945	100506826	3692	100289274	81488	91893	284565	442421	101243555	100506710	727758	100505687	100506012	105371814
gtex__frontal_cortex_ba9__M008	9546	23154	330	4084	4058	27440	5774	57704	113235	57662	5794	9933	22839	64744	5475	51291	1592	56241	80336	8480	4948	22870	2821	23217	55101	478	5802	84445	10900	51195	51174	8402	4790	84867	57696	9595	6382	3749	6195	51060	90025	4801	60437	55809	57699	10799	9375	80023	58495	84306	84081	286336	27183	23111	4221	284252	54606	3706	10097	153020	1950	6252	8826	112483	115024	58497	8394	151126	51454	2044	81786	54540	137902	83938	5058	149986	8448	10172	130940	80309	5799	5018	144406	81544	57805	23400	199745	5635	115950	26168	50651	84283	2199	8618	349565	84448	54704	221656	4745	9881	23117	375484	84287	10978	3177	28	286122	80153	225689	5179	157693	29933	374659	138046	285600	120227	339559	342979	56624	147837	399827	91120	135398	56882	9719	85026	414777	80069	100506178	100506054	64288	100289230	27239	124902718	196475	106660606	101927151	118827814	340591	389033	442523	138649	79963	440104
gtex__frontal_cortex_ba9__M009	5976	9244	4145	9091	51629	5606	55040	116254	65993	8527	7066	54620	1565	23351	1522	1471	6901	10166	729440	9149	2022	83891	51111	6484	10536	54516	10675	6508	8869	1266	2281	79269	55653	56897	2868	84266	92675	631	10365	2671	10452	94030	7322	84152	60484	51535	1284	79161	4907	26056	1593	274	9550	81873	51754	10817	84915	123920	201456	3491	10899	84696	3486	6836	196743	738	124739	219743	11030	127281	267	162989	4000	130814	203259	118881	6137	147015	57348	3489	25837	126789	79042	5621	84331	8722	89792	8636	2290	92949	84232	126003	51329	26233	100506380	79581	7390	4666	642968	55210	118472	503542	80863	8293	3150	503637	51157	6150	51236	8742	387521	112817	3588	645323	340393	100506207	105369154
gtex__frontal_cortex_ba9__M010	51087	7752	54814	23584	5214	7030	815	9620	51548	10914	7018	26088	25807	10478	10528	3420	10049	5919	26511	83461	84173	81849	84902	57616	8930	6035	84705	27243	55119	7743	90634	29948	1513	57657	64241	401262	11023	9397	90268	51643	9577	8568	10898	10922	55172	56672	51647	90522	123099	79089	5569	64979	83759	2072	79369	144347	811	84316	388121	1762	129080	342977	90835	63929	2917	54834	11194	4340	100130958	105377203	9311	81890	2595	96459	100128264	84561	112597	148413	100131801	85014	100506365	161582	124944	100506581	100287616	101928737	283755	286042
gtex__frontal_cortex_ba9__M011	10127	8481	8974	57719	51668	57506	8086	9274	2937	10110	9097	5935	51090	54985	4858	9275	23178	27030	25950	23363	84269	10616	79654	8409	7979	54982	261734	285148	902	79035	283385	4240	284111	25912	80856	55262	340351	253635	138241	29800	2539	23114	91869	84315	7536	1841	80723	83877	5986	53343	81831	10534	10260	90843	255101	5571	65265	283820	11118	6284	100289635	541578	339318	115948	147658	338799	6235	7866	353149	81669	285045	101929302	266655	632	100129129	100130950	101752399	124902114
gtex__frontal_cortex_ba9__M012	114881	8498	23063	1459	60343	29090	10615	79876	51637	5064	26520	54758	4946	10775	2077	2931	10652	9343	51020	84100	26355	5947	56655	2531	55116	58513	1349	5914	84300	6636	10055	6637	7873	2768	10556	219670	4718	83734	6921	115416	55823	55139	63891	154791	1345	9200	6881	5271	146167	7083	388969	214	440574	55486	60626	10692	283870	91689	131675794	2972	6613	162962	309	7932	79600	100505876	221786	9277	100505738	100505573	100294362	100131997	100506516
gtex__frontal_cortex_ba9__M013	843	30812	54875	2006	11054	2817	79641	203427	1638	10013	1154	9129	64858	51123	55268	7755	84329	55154	7270	147965	9473	4148	55556	50853	3590	80119	10650	1382	11221	29926	56996	284948	81559	64319	2176	57477	3678	9077	78987	9204	10085	5347	124045	114823	196403	90134	10345	4059	1806	90987	150771	6920	100506302	100125288	388759	100188953	100506159	729978	100129250	100506469	101927612	102724064	730183	260294	130872
gtex__frontal_cortex_ba9__M014	51056	8228	9774	64951	2011	273	5705	80024	990	5106	140699	55313	4066	10430	2737	64149	135152	30818	5396	8603	14	25870	91107	5786	84925	1292	146183	5147	6811	148423	3429	113655	93380	55144	54777	283951	374403	50628	91523	101059918	26020	102723508	100507599	105372097	101060226	9326	724102
gtex__frontal_cortex_ba9__M015	115098	53340	54825	6717	402055	1891	84167	374882	23658	3313	80325	80760	84080	514	10485	6629	112399	84106	84284	84299	132299	7316	5763	8545	27089	6157	27247	9482	4696	6169	9332	5441	84629	6165	85012	51399	6168	2870	102723775	100287482	6173
gtex__frontal_cortex_ba9__M016	8193	55214	150356	54207	91851	56061	10423	27338	10014	9368	80303	3069	25927	29899	9956	1271	56731	117166	50632	10155	2874	56257	11079	55113	11282	284069	51375	5654	83547	80305	51282	10522	51333	575	285193	219348	127687	10809	284184	55009	102577424	115804232
gtex__frontal_cortex_ba9__M017	10347	55876	546	84336	2091	6489	79630	80235	57468	84286	3872	51337	27165	91012	93343	23557	134728	25792	115817	51149	128308	4241	6447	80198	3265	253650	64782	414189	1427	55559	8718	440498	100996635	100505664	100506421	91695
gtex__frontal_cortex_ba9__M018	26073	79603	997	328	10406	64788	8662	6421	64794	10066	9125	7552	22925	622	221955	4837	26585	79663	5707	79415	1198	284459	4978	255758	728190
gtex__frontal_cortex_ba9__M019	6857	6547	8428	23185	9555	55825	58512	9670	4698	8520	2319	81542	114987	4253	7352	6888	2558	11122	101928053
gtex__frontal_cortex_ba9__M020	7105	57130	3280	6654	3399	5105	79930	29980	79628	203523	85007	283417	114826	440295	1147	55853	105378580	729732
gtex__hippocampus__M000	3075	54467	29916	6542	5965	3980	57019	5244	57414	3675	54972	55750	57157	5048	1770	8938	3720	1951	6482	5310	29954	7756	23166	55727	26993	54476	23177	8491	7869	8284	57658	5704	5010	55703	9604	1355	440193	10771	27032	92745	477	54764	9369	2554	57210	11231	56895	4285	5583	55591	9519	8498	8100	56052	2530	55773	26009	9099	84245	7204	27067	1008	5685	90326	54884	1495	5256	116984	23196	9341	81037	23327	79810	9603	63933	55761	23101	51742	23095	23201	10827	23118	58508	51663	57095	493	6894	65125	9410	51564	6433	1001	1431	23063	124925	3029	55726	8625	10147	11218	5378	1606	2065	23536	23013	55248	51665	1496	27107	9950	4756	7158	5590	89795	57595	4205	24140	23250	57217	221395	10681	4040	8518	4925	23446	54916	8218	9993	79364	8440	9448	9948	23161	54556	537	28951	26528	53615	55117	5566	22859	27330	22905	7037	51095	6793	23291	51009	83642	80216	6480	1207	55421	11343	59277	55205	27332	29090	9462	2355	27091	285527	6624	22920	25930	113235	88455	55094	22978	83992	4034	2260	10529	5289	8871	2782	117	4898	5108	9139	57644	6507	8556	10411	2222	4983	1785	8417	8671	6595	55218	65985	9812	9689	4200	55322	905	4779	2932	3693	23085	7514	23033	57226	7994	9706	3842	10325	6193	2195	56910	57613	200081	790	81929	22911	5243	8895	2017	4528	23259	2060	55624	23139	27292	80271	55696	8898	4313	55239	10992	51290	339175	55616	2036	57017	6614	8550	84678	57655	8079	57062	55760	6548	10558	51324	8761	27327	114882	1738	23231	54890	26575	285	55644	51310	11198	825	117584	55105	51430	4436	4214	372	55280	7738	3189	79956	8829	387680	5714	5442	421	1399	23384	23481	55964	25777	4174	4627	8664	23313	54207	6655	51199	114088	10175	23002	9517	22938	3705	9894	9252	394	63935	9837	51098	57446	1477	80331	5688	25876	11237	128674	81502	10398	9777	51654	26051	9097	9218	55125	8731	8780	10857	10735	340554	3750	2332	10389	56062	10916	56271	54602	143	80777	29070	79918	79152	83693	9100	7249	26048	408050	64779	8140	79791	7329	6650	6299	23420	9738	400506	79719	123263	26015	25963	7082	79848	1666	6422	3646	55156	6713	9639	54758	23370	79735	51231	93145	8725	92609	11100	8775	1954	8605	54922	54531	6142	23770	56006	23080	85865	4233	64327	79974	8887	23242	2617	8662	5803	8985	113263	54664	6424	7458	158471	23586	320	20	3257	23268	8661	5599	219699	10367	9562	81855	8729	57584	22849	10531	219771	9211	5414	9110	4591	9570	4927	6603	55813	1655	40	79132	4355	64750	1845	54940	4126	1998	7466	57620	2743	9693	10553	91057	7704	8882	6309	23130	10938	64231	27339	9828	22897	329	867	6506	29099	79829	11234	2965	8496	80724	217	5869	11052	51258	2597	1108	23074	2784	8078	2026	8683	135112	222658	11149	9439	55856	10767	5191	5528	23113	55754	26054	8899	55914	4124	10902	23530	8622	4437	900	5515	2246	2908	79770	5917	23286	1809	22993	57222	55171	604	7029	590	7375	8087	56987	22937	57599	64689	1981	55683	57669	7781	5136	25801	55704	10314	2335	6772	23451	79031	55818	3069	79954	10153	23683	1615	6432	2034	2043	23341	7143	127428	9528	5768	57535	80267	5906	54856	9181	10625	6738	10745	23046	55700	4811	51440	4548	1486	57576	5129	10969	10327	8503	8548	2166	387338	1810	2152	3925	25936	8289	114883	1509	4297	83479	22868	9331	55259	23120	27145	9994	26234	10329	103910	29855	894	9414	5887	23307	6418	26147	79109	56252	80127	27030	5826	58517	8892	57862	10936	9913	54454	25940	29094	3433	4601	10285	26123	79591	80314	51780	7181	317	1191	10174	23435	64282	23024	10804	576	114784	92	219402	311	7755	5395	989	55975	30010	84668	11328	11130	9904	28981	23389	8082	11059	5585	57486	5153	4035	262	57826	6560	90203	57580	8202	51604	10564	6780	55661	5184	10199	10396	23326	7596	8239	88745	57510	55831	23019	583	84172	8192	5469	718	56927	80207	24139	8189	6238	11034	128637	56926	4435	4149	11190	8242	826	10054	51119	117154	79717	5322	23352	79939	6597	23030	10142	3092	5447	8910	65997	10606	85378	54487	80833	23780	9732	4289	8924	57705	54832	1315	23022	8424	1032	57509	84962	6397	9459	6192	55780	547	79709	10422	3911	10585	23211	4037	7317	23345	126299	7700	2161	4772	10487	64432	23473	23180	64145	54882	8799	57343	7691	2643	90379	10489	5894	23167	80895	8864	5791	5901	23277	85013	64208	4147	27183	22903	9826	23208	10207	93611	842	10208	4628	23164	254428	9911	55425	5158	4629	123811	23037	90956	694	80195	3845	196441	51669	9811	25917	10752	89978	6272	5738	51303	9475	23418	84893	85004	80763	4038	51765	143689	29889	9704	337867	7174	79587	11095	55312	60560	23670	23287	8728	84749	84900	1840	50640	60561	57231	55226	4076	10956	10574	26056	2799	4193	1783	54583	9857	9654	57695	3300	9648	375248	26122	55901	9445	1102	3936	9805	64759	3364	28988	85446	10241	10238	11143	64844	2058	51133	26750	84317	64855	55755	10868	158427	2800	55833	7094	55667	89953	63971	9656	129685	51439	4926	54843	84259	5962	440279	51332	54874	204962	8634	26160	109	87178	8884	11117	1838	51063	9585	953	54536	22891	79800	9360	6744	55032	26035	84162	5910	27163	950	83606	23710	144402	53919	4704	121260	9818	283537	6601	55206	64062	10150	6252	9990	10169	8125	55180	5045	64784	79798	7385	85407	463	497190	221184	1009	23174	89941	54925	2588	9611	55275	54828	6875	10939	2774	4864	409	432	56270	5596	90378	23476	5211	6455	1291	57410	105372481	10498	55244	23521	6518	473	84224	3339	113451	22823	85369	1952	481	7371	5451	5546	81875	23179	7286	57530	81609	8394	29956	8751	9898	3608	65123	2590	79573	1130	9859	29097	8476	142	27436	23020	94097	6574	23190	26018	22989	9711	9353	8893	9718	1609	2044	57205	493856	92345	4726	10299	1016	5921	5066	23092	153830	55651	26249	154214	57583	9202	221960	340351	357	27147	30011	7403	6567	55634	8473	5631	55086	27316	50814	526	79618	51312	8601	6867	84296	55638	29967	4781	123	54801	26267	54886	90678	254427	23590	80013	221074	6935	2746	10556	80313	10480	85456	84364	10658	6188	57325	26007	9219	51092	84866	8479	22866	84159	55208	10284	23284	27250	1737	57512	54995	121053	121551	89910	9231	9472	132320	374618	22944	5281	54842	6868	60485	51594	667	7073	130074	120534	498	5163	134359	284312	55521	255967	2893	285313	4154	23171	56978	85445	51351	166647	51061	64682	1070	8467	3192	5903	25909	10461	5937	6328	50807	22878	79888	154043	221895	3773	1054	140890	1105	221302	23461	375056	91694	55740	728577	4685	9989	51560	91369	23097	6566	23367	133383	23165	65062	114	3798	90550	91748	145483	10694	7102	7074	51001	6832	159090	1915	25921	60685	23522	10813	9941	9372	23648	776	54778	4643	4599	25966	257397	124565	8764	5192	22808	10163	64849	340348	124245	9753	115992	7391	65018	57805	56990	6651	1827	23515	5710	11189	57519	8883	9813	29	131076	9619	23076	8566	23181	6285	57731	9442	23387	6464	4796	84939	60680	55324	93210	80174	160622	221496	58191	57465	124222	57190	55225	84328	10630	2634	115361	10092	93185	23385	148362	3760	79677	10611	6944	10602	7855	57326	55249	476	7203	64343	5584	23001	57406	64419	151613	84343	54861	79443	55689	7086	26043	9255	5364	84126	80335	132332	79884	26269	54726	90826	202151	25836	133619	256987	202333	167153	134510	10412	84340	23305	2898	10370	23366	221458	1278	1508	5885	55074	79778	26173	81034	25962	9897	51271	11244	55342	65083	143279	3636	221035	51585	9147	158584	8559	169714	63877	64324	7248	90809	6297	145567	9317	85459	11245	83700	84706	2200	27343	9221	221120	10576	119032	6609	1200	118490	9710	84460	254225	114780	57494	7184	113201	374654	23306	6809	79837	54893	4130	4141	10999	51704	1398	23102	4645	29123	114823	64359	148156	283987	1632	21	1642	6520	4054	7536	5871	3516	3800	54899	115294	7148	203190	11273	8313	157638	255743	54910	10098	85476	367	254778	25849	23099	23214	4330	26000	126669	25942	25932	200558	81844	163590	51621	79724	1107	10477	7324	6419	166614	5209	23204	3308	28991	83787	143425	55038	79145	84669	84864	79188	203062	27094	29071	118812	203245	3752	171023	65989	5356	22883	5293	2186	55729	10243	93426	5394	4300	361	257019	28998	25988	2783	9854	10125	80194	79612	6670	1717	4615	283450	111	54625	91749	49854	4296	64801	83591	5797	257364	163049	27333	54872	10594	23612	389524	400986	246330	55196	253982	170506	545	5708	10540	9776	23015	5771	4023	9092	55844	146691	169841	84747	116068	79898	9807	29882	6051	254531	205717	100128398	157807	6197	347862	11253	3737	7156	253461	7182	79718	3725	56975	9772	84552	114798	80034	84875	23512	57184	124989	5198	7284	127254	80169	5781	1198	23241	10472	23580	727957	22827	157695	222166	51276	374986	53637	23513	79813	347736	91351	205428	22820	10193	79673	134553	64785	55228	3418	91304	11022	64764	23641	2131	7325	122553	3985	23236	7267	51335	6000	124976	161	164684	29119	754	9802	158358	51118	253143	56941	55243	130502	71	8663	140739	11066	5463	10078	253769	348013	391356	79050	149175	64409	25840	9899	6667	399694	4733	56479	348793	79581	23299	120227	283149	388567	148254	4675	342035	3638	23040	7328	5333	730098	23048	9863	375612	1282	7874	10507	125704	6300	54914	1121	57186	84247	375743	147694	339287	158293	26155	23450	54510	23254	165186	282991	50859	79633	90321	57573	3376	9361	222553	5770	91661	148266	165679	55959	162993	6925	51399	4763	64771	150472	57730	2316	57181	100129858	199704	170384	307	7697	388566	541578	399909	51703	27044	146540	23061	25959	79027	91373	6709	5253	197342	6884	8733	85236	342926	115948	57209	54989	444	10724	285989	27347	9652	10479	23116	9578	22876	9909	7150	6721	9755	9848	7052	9867	619208	286411	3633	65979	26095	6015	55777	4439	7920	7916	90233	57540	2550	83538	400553	286144	149837	55366	5150	613212	317762	100506731	8110	79958	10921	131965	246181	22908	196792	84986	5500	339210	51400	64506	400954	84461	440270	1654	55628	79716	285780	375190	5520	6293	642852	285954	342371	221710	107985246	400765	554203	101928118	440078	440498	56967	146542	122539212	114796	101929147	100996842	8629	100507261	101927248	10432	102723430	5098	80301	727956	23600	23089	101929238	9907	347689	56134	154881	7268	84450	1650	720	386627	101929595	101929524	124901151	27239	339874	100499177	55000	5591	56109	56112	101928416	100506606	2342	51750	283624	102724814	5175	200030	56957	57597	108783654	100507218	386758	149013	100129195	84548	401612	100129550	101060684	100131997	57223	440896	31	29798	283922	440248	124906262	100130887
gtex__hippocampus__M001	51056	3927	3382	23028	84254	7982	996	5577	5164	10368	6376	4293	3475	9912	60528	9703	4145	6853	57172	23221	54497	9690	10178	5081	51085	10048	7384	3423	5646	6534	54902	9066	58525	2556	30845	112611	923	57586	57476	51022	25901	10953	23633	6301	535	321	9168	10858	23274	5874	1175	51606	7504	10659	54477	51154	5798	84957	54969	5218	5923	5188	5662	10076	23504	2983	10188	770	23534	53339	55854	6416	5141	782	6857	3421	492	5165	55593	4943	27238	65055	55737	8514	483	5217	6710	4335	815	10290	6720	7224	29953	1400	4185	10979	4905	8726	6620	51495	3785	119	4140	7879	9733	7163	57662	51412	29089	5063	1781	88	4133	9063	273	3093	54715	7419	1620	83737	54472	2037	285220	22839	23136	1741	3776	22894	5019	84273	51729	22979	3797	22996	55054	27102	54749	29887	2775	57544	2778	10059	23348	8655	22895	1114	5037	29965	29888	8646	9727	16	57106	4897	23335	83394	84502	1312	29911	7093	988	11332	54620	112755	5434	29801	84861	10291	5594	157	23544	24144	51386	9701	6305	10126	4744	23170	23492	9145	8897	8911	23112	5905	50	27351	2287	5706	51382	1113	4522	5693	84312	140730	7165	26164	55738	1917	8760	9751	10483	5173	9371	3420	84557	8715	6855	9016	7355	2010	8266	8237	2245	2259	2254	3839	23361	65057	5432	65009	5713	55512	8120	23359	23312	171177	26258	79815	5327	11075	83988	10671	2936	4741	427	1209	55011	57030	26017	22870	6511	2821	208	23646	79187	25999	23217	79784	7087	56917	9545	64748	5518	22983	3780	5296	5864	6324	136319	51678	6804	51142	8976	1174	27075	55069	51422	3984	10927	7464	727	4969	22949	1759	23413	7016	57582	2889	6456	54926	1855	26033	9806	5532	79176	64077	9148	8030	28964	10900	5709	80279	26001	8402	5878	8506	84687	9343	3131	1949	2557	23158	4013	55291	887	25758	8050	55531	4728	84867	9761	8825	56341	56994	7167	51559	55907	11021	57515	51020	7164	9750	221692	10486	8936	55084	84498	59084	10307	3156	10087	55819	2566	10923	90249	11334	54946	5361	523	50512	23007	6508	8745	10120	29959	2744	23301	80219	10494	55041	26003	25797	22930	8604	22848	7341	10056	27101	9917	26038	11315	4985	271	6723	9887	252839	127700	7257	3964	117178	6513	8674	163404	9890	6794	6543	6785	81573	6696	25782	2733	4702	92400	57706	84878	57718	54812	25927	53335	26507	2805	56243	440073	51247	1846	2185	5533	2170	3208	57179	1314	127495	83637	644150	23349	26994	9643	51209	9217	5335	78997	128611	57403	29993	116138	4201	51299	7913	9208	84899	23157	79085	2962	57187	6633	6253	63908	80023	5126	24141	10893	83658	3831	23263	1340	5582	112849	22890	55288	8021	5605	59353	64768	79575	79000	5300	9143	9088	146330	7277	25953	57622	57168	7533	4248	2847	7732	9296	64101	1123	6638	10776	3746	7905	83855	79948	6861	79057	5589	23039	9667	51429	83861	4142	4301	23025	25830	10439	157922	445	4294	57470	7776	23229	529	51132	7187	3748	80762	10948	5160	83636	23108	5176	54496	6616	5786	6754	128434	10955	6860	51761	23281	10810	2835	9201	57511	84707	55859	55643	1455	10313	9215	23608	116988	84332	9645	78986	11161	8536	55207	377	63982	10440	4677	57614	902	51361	22873	56	9315	29979	81689	92558	6733	112609	55122	51317	967	27165	116986	2583	23017	91	9053	54806	10200	9764	80003	2752	80210	51719	84804	50649	9882	6434	6326	10716	10730	1861	6812	9568	5695	51754	116113	7280	5547	29088	23005	56965	3706	85465	10669	10097	80204	10128	310	1763	29081	29789	10152	83478	55752	23162	85352	51067	9746	347902	7786	8562	84530	4857	83851	376267	256586	11001	85455	7168	10300	81631	8533	8844	29919	50488	26502	114804	494470	342667	30811	6647	757	59283	51070	402665	5195	127703	23038	261726	2029	65005	55061	7170	1944	6016	375	149111	805	6233	11249	57282	285175	57624	79137	57574	85403	2803	115286	55347	9515	287	285533	8001	10769	5295	2561	78991	10814	57451	153527	134829	58527	113130	4191	55262	55869	29934	55909	5440	114569	51059	53358	80142	114789	774	818	9118	92170	84280	8525	26011	4863	60496	9651	6327	1740	775	7068	2132	10873	8872	112936	143187	2555	144423	460	130733	6014	9456	814	5213	53354	2911	115827	152789	51571	5789	26289	135154	57338	9868	7345	518	8470	27342	80028	129684	528	55361	401647	2890	134353	10670	23362	2776	9556	5097	5521	3788	57497	219541	27020	9530	375323	23057	491	6854	261729	6483	55799	145773	3763	203197	9478	127281	26100	2134	64084	387509	3745	3362	2039	84134	124995	9900	65264	51094	23400	5692	84303	9114	284348	2909	808	55108	203547	4047	9159	1141	2224	9673	56893	136227	84988	1857	114757	25946	50944	284069	51728	80178	22941	2785	1996	79699	553115	64123	284611	127002	343450	57863	79762	347730	3754	142679	150726	7447	388962	92703	80128	201595	23122	8618	166336	285368	23350	54585	113444	94032	55764	8314	50650	54965	3015	8927	79012	2912	132160	9348	92255	651746	55109	94081	63974	285613	222962	22853	107	27012	1020	7534	55656	54704	54769	203286	84302	6990	57526	26130	65268	7415	283209	57156	7417	402381	23172	27069	3251	116225	57447	26012	142940	64112	3747	55530	27079	84936	1152	79803	2562	55800	7275	222865	123169	10904	9640	89927	124491	89797	84516	54386	10369	114794	7529	2923	129049	7644	146713	112476	85300	1938	10501	90990	84926	7001	6730	57524	26580	956	4992	3761	149603	125488	7266	359948	9796	23255	1128	2675	4725	766	27065	3354	7386	293	7336	10636	114787	64118	1501	9758	7532	51617	56980	91752	160518	79697	164832	155066	5581	79095	219738	4884	5223	283455	8941	8507	57449	6919	85442	170394	55178	11346	115196	2596	55352	8708	10248	64137	9915	80011	283985	26960	10777	156	65059	22885	91683	79834	51134	57674	57495	54931	5306	253959	488	170261	26047	148808	11041	9610	254263	81876	26470	22843	89792	8534	56675	219749	1212	64770	79772	10458	200407	126792	339344	79369	163126	126272	84277	148252	8851	10409	374819	9240	10522	345778	6330	284716	80205	3738	29928	64110	441951	125170	266812	51046	79751	222183	387856	55272	4729	205147	441151	63917	26251	3350	404217	79415	399668	51341	55030	1537	2193	9500	23302	1960	400126	220202	9495	22864	22928	66004	400120	168620	6752	1132	389197	23109	5912	57463	55343	10159	3739	2567	338707	8905	50801	9951	4692	9312	55794	50614	2130	9112	57118	57596	2842	80164	9403	126075	2903	388121	4978	23466	150209	57528	51807	146754	28958	8508	3786	64061	283871	254887	6586	256714	645974	340542	51286	1850	8303	5413	56478	6612	140597	752	6092	57419	387263	55015	5071	266722	126282	5600	64754	10336	54014	399947	80333	5833	339983	527	146760	84871	23396	199974	340529	23621	260293	4674	401190	4771	139599	613	349667	6585	23270	1630	11261	26059	94107	2563	116224	29978	65998	51463	5575	388228	345630	344838	149297	5649	9516	51155	401994	7259	23708	400745	2917	8295	55190	140465	51434	399687	4122	55966	55684	1612	961	160760	343990	10447	644596	8270	11152	309	4097	85379	388662	84435	104	3064	50861	142678	57799	955	163059	55924	54557	81553	28512	9228	140885	337876	27300	777	219844	340578	439	9747	51062	221477	801	55705	124930	116443	29883	192683	146923	9722	57692	134548	375057	2664	221424	340543	158931	80863	6499	728215	7917	653316	57469	440145	54458	25851	51451	220164	57194	201475	114786	339263	84258	10962	125113	4722	54492	387804	134111	388815	283514	729515	55714	6844	5534	91584	1159	105373377	65010	440465	643988	100996635	389895	102724593	124902477	389813	150786	100505881	84968	91368	51373	101928085	358	10687	257068	57026	10093	398	9054	10443	11344	25864	4671	25907	642797	100507043	85358	157627	100507341	56108	54551	57132	26065	729911	29890	23732	150967	343702	103344931	644242	119545627	100507421	106456574	83482	6182	105371735	100505576	100287932	80755	112812	56936	147670	375196	100505761	152217	728841	91608	338758	284615	8447	102723582	2904	112441426	389856	6880	30837	140883	57636	8396	101928991	110806277	4747	5691	6753	79893	359809	401442	113523639	101929059	105377727	101929748	122319436	84820	100131998	103091866	400322	645700	728554	121456	11191
gtex__hippocampus__M002	81887	889	4074	55471	10180	55610	10943	25998	23077	51573	26022	2115	9855	1352	5080	9091	55735	29116	4784	23542	9862	7095	7812	80342	51603	3097	1185	9902	51099	54799	5725	54443	1663	10463	1272	23187	25960	114879	2273	9921	64429	4719	23071	211	11171	50619	51177	3459	6642	2896	51306	5606	27430	23644	26064	54908	23338	3937	2824	4134	57120	168850	4254	11174	57492	89801	51528	27122	9709	23223	1112	55745	10806	10079	26999	57602	23369	6646	2665	639	9474	57458	29927	4659	55718	54432	4084	5128	55650	1301	11178	10838	22998	8943	3735	55176	10797	4287	2263	5255	30836	865	27248	5597	27440	1459	11099	6196	26469	64398	23332	23609	25996	5609	7155	2975	1641	5527	9984	1653	5794	23011	27244	10847	3781	28962	57092	11266	55100	79891	64744	10269	8668	9522	29957	7760	51194	54469	9489	8544	55741	51161	2280	23193	51726	11069	2099	23256	9878	7430	1384	25861	51322	3983	22931	23523	10043	23351	10419	1690	51635	3091	79882	7443	5700	22985	5106	9692	80344	55245	23613	80336	23394	5203	8480	1522	28231	10139	9675	9663	23347	115201	412	79868	4168	5230	1821	81617	8428	26512	83752	10664	79650	55697	1186	9093	5934	23322	57020	9810	10391	64927	55284	3551	54332	9694	90459	157697	4173	4125	2997	54938	6449	333	154661	79846	10135	29062	79989	94239	54504	835	24146	95681	4232	83856	23064	11101	59338	657	10360	9644	7511	8453	64081	22794	51003	2145	5573	7531	5376	7323	5602	8821	2549	6164	1182	1665	7358	29118	1075	79073	10612	26973	2348	1982	4928	4891	10988	55110	80018	1967	2054	56890	57122	1911	5992	57150	4739	387119	6428	4172	22858	26268	23195	1297	7915	60682	81688	117247	9749	7957	4188	6908	11120	23438	2690	9685	1452	5096	25852	2257	10342	57088	51555	4820	1181	4691	10096	55240	85461	6711	57142	2202	64895	55825	84812	3554	9167	390	1386	2956	4139	10067	3953	10286	9295	1429	57568	34	10765	59349	4179	1266	55157	57035	55758	57134	79947	5955	23271	9465	6446	64342	60526	23314	55127	5524	84263	26094	112752	79696	55051	1788	51646	10171	29126	57480	6950	80209	29880	51123	83690	9227	653247	6045	9409	22865	11019	55791	84947	84146	64224	11335	51251	55297	1017	29994	57169	4552	11017	57380	83732	79902	84266	154796	10131	27245	10436	64430	55112	8273	23065	23499	79066	6049	2770	5189	4698	94101	3712	91860	25870	3609	57153	112487	4901	81533	3949	51250	81	85441	23404	57693	56342	164395	55902	1327	5538	6533	7322	5914	10401	3337	54862	85363	10514	2926	50717	56259	25778	57180	83857	22800	4221	8650	1965	83876	7428	4212	10390	10717	23175	89796	29015	26519	27202	2073	3703	1514	9413	51347	6926	577	22832	6302	7024	3178	85397	1660	160428	55681	55213	1910	83852	54606	7716	11311	9314	229	11309	6386	2542	27229	102	5495	26509	55759	81556	3184	901	79807	5530	91445	58516	4060	84934	6895	145389	122830	112840	91833	146050	663	6727	92912	2108	10099	9960	8826	79631	84656	79068	9785	2653	8720	5170	7157	57521	4152	3454	207	81794	79932	5567	25874	54499	64326	27005	58497	57592	5298	23126	116841	4931	3707	54465	8502	284992	51281	8994	81608	55646	58478	93627	55016	56034	285440	4651	23635	55814	64924	81545	10146	54438	51473	54540	4794	3486	5723	64418	57502	8573	3547	92140	50808	10280	23245	4851	26091	54788	196743	8038	710	79780	92105	472	51524	256364	3619	7108	143098	51503	219854	221143	54545	85458	120379	9223	64067	27034	1909	2313	196394	26278	121256	29970	9910	253635	57105	57724	10172	9397	24138	7402	10283	1601	10018	54463	201134	388650	9510	30827	84532	5799	55326	118813	29761	9337	25769	137492	9791	3098	137970	23355	1974	1376	1859	2078	347734	9162	84255	127262	2176	171586	114928	54933	9542	55607	56946	115584	79053	715	9715	10020	83858	103	622	51005	10482	6159	84447	3716	11080	113802	7412	23528	55083	824	27185	51072	1520	132789	285203	84283	55139	23114	5783	7871	2992	6259	55193	23272	7884	2982	80817	153396	79993	836	84135	7098	10559	168667	7559	23462	619279	114788	23514	23353	6522	501	91147	6850	221656	84267	84720	220963	123016	120939	840	259217	29951	4745	154810	10818	119504	81832	159195	374868	5598	5579	23423	27018	144100	9665	23339	6778	115752	150290	5090	138429	81605	57171	6786	7171	54815	124045	147015	51293	137695	83986	117245	3921	1499	29063	388753	84879	60684	6575	79089	161823	22847	388969	80723	3635	153241	1876	3187	8706	196074	9839	4493	7360	6091	55031	2720	23587	4798	10678	57148	80196	11214	8493	9788	9637	883	84522	84287	93134	115727	51112	5728	5621	4118	10869	5859	9451	10605	10978	79694	93550	8824	79877	55731	51504	54674	2101	2804	5707	3267	10209	5936	947	8722	253827	345757	9416	57659	3981	6124	10302	55167	90806	51574	6731	152815	201626	9934	256356	56674	55508	79666	7525	25914	9699	28232	11145	344148	7298	54503	153129	57453	196527	28976	57104	25945	2885	25915	54762	9659	1662	285676	25970	117608	389072	147991	54344	5187	144348	144811	51333	10194	90411	169200	404201	284406	64219	7485	56963	5890	23336	716	23265	6304	22906	100506380	2894	8241	56849	80254	144608	54880	57634	23194	146223	389677	114781	23258	116447	9276	162239	5142	4753	9923	155435	26985	2157	23768	283820	340371	54622	7026	169611	89782	5034	5719	10933	51326	79896	84924	100129196	55693	7058	7626	3840	54331	11118	347240	4673	57698	339327	2701	148398	79048	10445	57697	284434	401541	283726	29780	219348	9729	3556	653319	9901	79754	2547	6399	4646	3066	55532	7442	147686	92070	221785	3482	1778	26020	6584	147906	4644	91966	7004	58491	613037	27233	9814	23334	11060	7620	11169	4194	22834	2710	4976	11179	9853	57713	830	339448	353	26128	2812	387066	26071	26146	1616	659	550643	143903	54535	8449	6992	5987	642475	65986	8293	10866	81856	11116	22828	51075	26140	606495	96459	100505783	101410535	439994	101927300	101927215	84627	2074	8505	91149	100302692	378805	84973	51275	92249	100189589	57665	10552	100131434	23761	57553	101929468	643911	644873	729082	644192	100506668	100885776	255167	101927359	100133315	100506581	148189	9939	80022	26974	25832	100101267	123706533	26220	100419515	7703	80725	7772	283521	101928059	6905	145783	106660612	114819	100505687	352954	100093631	253039
gtex__hippocampus__M003	572	54677	8913	57787	53616	64386	51533	2067	4057	2137	1774	23584	6683	65980	9774	578	57554	7077	51121	79567	3631	55812	84062	84067	84321	3757	57504	6515	65056	81671	56848	23294	7629	10565	5315	79641	51447	23198	7353	10272	490	28513	87	6605	9671	79960	6604	3682	10998	5475	9509	5744	4849	55968	55857	55285	25977	10914	83719	3383	7066	84572	55763	368	23594	25831	54566	10044	55118	10101	9524	6598	200312	27156	25793	23543	171568	79038	51550	5721	51292	6789	1457	5332	10528	1478	64743	2742	8260	6594	10084	54457	8874	8848	9688	8312	51172	4363	64428	9028	653390	10423	10295	84148	23205	2553	1936	55174	7993	8677	4858	28974	9141	5438	26093	23373	4967	6878	5054	9678	653857	54927	5683	9275	26468	56654	5730	7763	1787	11196	54462	26098	79991	9400	23125	1145	27077	8153	10014	90410	23142	8567	10944	65981	4048	1432	26036	2762	1627	10641	84223	9381	92840	374291	2888	9736	3241	6342	49856	58512	7799	23266	6675	23215	57488	7139	9324	6185	5918	9615	80235	80212	81932	8013	114818	30819	2891	10808	4801	85320	84902	57616	256051	29990	29899	2971	3181	1211	8805	78996	8034	57213	84650	65244	64756	57468	56937	23096	10617	55577	6631	6745	4495	65109	399512	22918	9491	63941	6487	84306	171017	10245	54973	84286	7538	200316	64753	8854	84817	83448	27180	2593	1264	57631	51690	170463	10298	84929	6249	139728	54897	11046	10328	51659	29893	10656	6627	1742	22889	23640	28992	22880	55303	51520	2922	85019	2012	79161	167691	6885	3679	9924	23416	5570	85021	10505	2016	29109	80896	55332	23143	83605	91875	4836	6426	51204	150472	92856	2356	113220	63027	3159	79969	23787	408	7057	51203	56924	56267	5876	79172	57559	317662	6229	130752	90525	9908	6843	9169	8499	60314	2098	122060	55647	122953	6938	23478	51651	55197	284111	396	10966	10907	29985	1292	351	114783	115704	5792	1513	29920	2052	22874	9391	8446	129563	9125	29926	64651	57552	817	6715	9140	90523	54511	9589	90060	26260	137872	55630	7436	203228	140459	220965	51501	5058	6094	220064	83707	84304	84735	3708	129787	140609	5800	4306	150709	79750	114908	10309	10160	6728	125476	153478	113622	80309	162282	522	136332	138241	9844	83873	122402	9246	78994	64319	285367	1831	114793	1780	222068	54935	10361	54461	8867	117145	1636	146206	8997	54058	3275	7757	11094	84446	9592	84911	5635	284361	115950	8741	9077	83941	8880	114548	129285	91461	129450	554226	134	7048	8833	54859	64769	51385	11157	57107	134957	84624	11168	55503	364	26050	94134	145581	219654	23588	11092	138311	322	6881	1528	3419	84191	5346	5245	64772	51693	124923	784	121268	55311	55611	89849	54986	4336	91949	11142	53407	2915	221749	5650	79740	7881	9197	51305	3576	83877	283899	23119	79058	9079	123591	9229	98	5569	26156	6902	4135	201514	7064	257194	253782	171024	10924	55222	23023	55871	338692	340252	2745	56834	1600	6599	8793	64802	79703	162466	84733	6712	83759	81490	125988	131408	55486	1649	84285	5870	8061	339487	159371	7694	627	2902	5426	8541	2828	284119	253639	1176	284241	196403	8225	284485	124904701	286499	79077	7054	9282	414235	374860	400410	90843	388341	79701	100287171	90355	91050	147650	439921	50863	2621	84536	493753	54039	4707	401145	9021	146198	51065	51186	7625	8558	283643	54072	440345	126520	54103	2558	5138	144233	8372	79955	387978	138428	349136	342977	550631	353116	199777	389541	729262	284338	285193	1364	284697	2272	441239	90835	8464	60491	131034	147929	647135	9612	60312	4666	8912	9260	160	7741	5094	6714	140688	6120	222662	26052	55035	161145	83694	54963	147949	7169	1500	10455	114824	3897	221002	109729141	84288	503542	90196	26058	653308	84243	10471	6257	6046	80742	100268168	1639	56114	5699	9289	6606	6453	100131094	280636	2532	147699	10195	100130894	10809	55384	55670	100131187	25817	63920	221786	400713	84561	100505696	148413	401398	9842	101928470	101929407	100128071	107985194	100507057	100506885	100507254	643837	642345	105370670	768097	728730	144448	6892	102723508	100505683	101929947	100873947	201229	440567	441869	105373390	23559	280	5297	85014	152206	7335	100506068	101928053	100507401	100996385	286189	102577424	374887	105379057	101929176	100505616	91948	162972	441046	493900	729991	101929089	286103	105369329	161582	102606463	100506411	120766138	100130855	79178	101927751	100507588	9236	101927009	101928738	92002	100505797	400657	400612	27246	284276	400617	440446	8517	105372097	8148	105377633	100507032	283483	100506497	9326	102724488	105374338	105372079	112694756	645485	124902114	105373085	124909397	105373299	100129223	101928092	90499	155060	84278	595135	101929780	286554	352887	442523	64940	440934	138649	101928079	114814
gtex__hippocampus__M004	8813	90529	381	23098	204	55049	163	221	79017	79090	5689	1407	57467	80199	57146	23324	22902	6591	3755	11285	84908	23517	64848	51491	10319	23593	4826	55850	27095	29085	51602	26099	8975	30	57143	5476	4710	79091	7216	79990	57560	10640	29105	6949	998	9130	29894	37	9744	617	23505	5362	5909	51548	832	5891	4036	51668	114899	29093	10464	334	22924	966	231	363	581	6452	22795	57091	2521	55900	7597	9552	4637	8697	1725	1153	255057	2872	8216	83874	129138	27352	11020	79734	9978	83746	55687	5372	9889	80821	5684	6430	5875	10005	79576	10240	23295	8717	11151	80152	4832	25839	23417	58189	84264	65990	6810	9455	4948	793	6625	11129	64130	55111	9441	22898	51073	11140	9266	25789	10282	84182	3315	56913	54981	51010	56647	10539	6158	2648	51264	29098	2483	26273	4192	25766	55846	26127	51389	9025	26235	8382	51185	7841	550	84128	3336	28956	64960	9129	64175	54996	7320	9270	97	51248	10987	65982	10657	29078	5393	23363	55905	79072	51081	7270	7389	55795	3276	50809	14	7979	80115	51234	51691	84268	25759	81926	6303	147965	376497	10844	93974	55337	91574	23647	9406	8471	54663	5920	66035	91298	5977	57578	55858	79070	301	10228	80705	23479	9649	54881	11258	9380	55177	54816	80031	403	471	306	3033	5830	92979	282809	9815	122616	7453	585	90381	64755	4716	22980	10650	94015	1453	51529	3607	5686	4259	11221	25912	64969	151313	23671	151050	84236	9686	51143	114884	55164	80728	4915	23412	133	196294	283212	4684	117532	1646	387923	221336	91409	117143	9987	4929	124402	25827	7342	163175	7508	201163	81894	333926	9797	7567	3017	8365	129531	9825	130617	4720	4359	94104	516	11267	89970	51249	6002	29101	326	138162	51160	51149	222229	126321	1973	7542	219931	54987	51205	200185	64320	29083	9861	78987	51304	9204	133308	10424	91137	4724	57763	27089	29896	10466	117289	116328	220972	221154	63876	11164	122509	79101	255394	116173	1353	146227	201161	91433	64400	51117	64122	7769	2879	162963	57701	284339	1613	80700	51031	124935	4723	10476	5162	200845	2339	55602	154007	51252	2948	55308	10960	53917	79628	5747	201255	5881	131616	7584	116840	58485	114825	4862	2941	51013	55092	2628	10465	118487	254122	51162	5970	203054	2787	254359	400073	582	148014	151790	126328	80851	8607	375757	9832	286262	29952	64787	122525	118672	401563	126375	23760	64782	55076	28955	375748	81532	54059	55256	9284	253190	64410	219527	79174	5101	90135	10572	10519	100130771	3297	159013	339512	54093	55599	402573	84937	114826	200728	129080	55182	4059	51547	54932	391013	285093	5104	388115	340719	345222	134637	6284	399948	441191	51466	203102	219927	171392	645811	84188	79607	92283	8227	85028	26275	65992	50618	388558	25829	92565	134701	84455	6920	64978	643008	1460	56658	84501	339453	1874	100128946	9946	153657	50840	338799	727800	51239	1147	2946	2086	730087	4207	79086	728130	414152	678655	4636	51025	101928464	3995	343263	101927117	104355426	101928222	113178	105376736	28985	55853	100996590	266655	100129250	414245	105378828	100132273	105378580	101927891	101927609	84964	51608	84129	115557	57002	112817	25764	632	340526	4831	64968	101928100	101928725	100129917	100507377	100507487	105375666	101927752	101928424	56145	196475	10597	7768	379025	91612	26589	730183	283887	101926896	10780	284395	55957	101669766	101929243	101752399	100270804	128125822	107984974	147166	2630	155370	130872
gtex__hippocampus__M005	2534	54814	51629	23154	4058	57418	9892	4802	25791	2009	5214	9399	56850	60343	55743	949	60	284403	22999	11158	10573	94005	56970	5829	57192	5172	22861	4345	79157	997	51586	23541	23598	9681	2954	5641	5494	57820	26090	57761	56853	64840	2717	8131	9325	64089	284352	1760	81857	10469	29086	478	5802	54555	93436	2931	2901	11033	2051	5919	54662	51195	1819	9094	55296	9404	55572	9379	4598	51411	3736	23329	50813	5467	221662	9896	84100	28972	9784	2274	5510	6421	81849	533	51060	56912	84215	4033	56171	5110	80148	79143	51141	631	51614	286336	4016	5682	8881	83549	1736	4354	51540	26284	10621	1802	55544	1131	55748	406	284252	80206	2045	64780	55654	79621	28969	274	5607	10579	121536	144165	1280	91012	55466	3801	58488	112483	773	23421	55827	1939	56950	8497	11159	3899	1745	29114	170954	50636	134728	84310	93100	286257	27315	149986	738	226	83723	1006	2823	5805	5801	55079	7070	79705	80746	152992	10600	90993	79623	130951	29800	353355	755	30815	80228	1173	55260	91010	79656	50651	100288142	55220	56997	79885	2199	5274	132204	114625	63891	4338	10922	203238	509	282974	56339	783	717	6764	81565	4837	6447	10982	399665	79759	25837	2786	23192	10251	5604	79663	146395	23117	27247	2873	375484	9121	3035	238	9533	598	83660	83452	1798	682	339122	10534	6777	23051	148979	128439	64837	7025	63893	79605	5441	60626	284459	51428	29933	128989	7378	84319	10801	138046	27124	9146	84856	728621	284677	342527	7390	147837	64218	57591	6334	642968	123096	11194	340385	56882	347344	2870	79366	54870	10497	55219	221545	255758	81669	378881	100132677	84320	642597	107985040	121853075	101928335	202299	1159	102724019	53938	57461	729013	283731	124902718	388021	107984813	106660606	100507534	92335	100885848	112398	79154	105377294	105369154	340591	100289656	132241	84809	201283	652276
gtex__hippocampus__M006	3920	27072	8540	7092	9454	8908	23041	9627	1258	8907	56666	9175	771	64431	5250	57103	91746	55608	64857	51776	55632	7301	10580	4809	10406	51260	56986	64926	7392	2077	5446	57003	64149	10227	79864	3338	54414	605	79611	79676	84727	7942	56954	1716	51652	8576	4999	25806	6146	10459	8643	84251	1441	84955	7750	51538	10212	29095	79809	55509	5208	27296	79637	284800	140823	84239	813	64097	25957	7014	29958	23595	57224	27097	5279	4008	51626	57575	81614	6904	4089	52	84874	9180	84553	6993	1730	9166	115426	92399	89944	9538	8448	3176	196383	29087	25859	22925	5529	84897	26207	84108	7381	7547	22976	64897	7484	5900	4116	128308	130557	10393	2661	55701	55323	25820	117155	79001	84289	92305	201254	220988	10972	196410	6773	134492	26115	23261	79029	94103	10892	2845	84750	150684	27129	126074	220416	200933	65003	339855	6199	158135	23625	7334	767	135932	284273	8334	399664	26137	128553	23585	51082	6228	27445	401944	10772	7730	51108	353088	91120	8831	258010	7405	92241	169436	170371	177	4795	10206	55779	91664	401093	107984948	100506178	60489	140290	128977	100289388	105369147	57604	100874047	102524628	91893	124944	101927288	54460	123624	284106	11056	124907726	107986669	101928737
gtex__hippocampus__M007	933	22802	57475	6558	64834	54820	5151	5337	3991	5663	1371	2346	5027	7018	57556	23555	10110	54941	51090	4099	3249	51104	3988	23232	443	26118	30850	51809	2444	28965	51421	23150	6242	6801	6814	58480	5311	55719	79817	11155	54482	5354	3759	745	2864	3306	2123	7103	11135	54982	6035	158747	4705	5638	163782	79899	57471	1318	5168	93643	55227	54839	9635	51228	11226	5046	11322	8612	126626	4211	9586	80005	9705	2934	56904	84504	90952	10435	220108	25780	118611	54149	63895	57477	85414	23308	151647	55356	55314	3673	133121	23176	222223	382	5653	79725	2705	10826	79905	11016	2861	3344	4815	154141	57571	348938	10655	1267	7368	388403	9134	145270	285800	4642	391	221294	160335	128218	118442	219902	9625	80781	6900	56899	84614	114792	11104	84307	400673	8632	1287	51114	9725	6536	23303	84671	9745	5365	57165	283999	4340	643965	286827	401022	122455334	100287225	102723854	100271702	57000	105375483	55861	6414	101927459	283547	10984	107985209	101926918
gtex__hippocampus__M008	55365	10181	56928	6540	54903	140876	51474	25875	5423	10420	55168	11154	113278	9780	23678	65263	2267	51599	23360	969	441631	4939	55776	1004	5067	80325	1154	9595	127544	79630	84318	51019	51193	57413	1908	55715	55026	55154	9514	2318	196883	23383	158046	10095	9473	3996	55860	55556	5287	23075	79768	91543	55082	5025	313	8549	92579	6563	85452	10256	10840	51256	221322	1456	10618	57798	10901	115817	55698	149483	60313	284086	84124	27306	8545	91156	3818	348094	51148	3481	254552	123099	6890	80346	4144	7059	4071	124583	7572	5916	285268	64859	114897	1466	7352	283933	200958	10425	3766	55095	7681	124842	285753	131096	374977	7327	201501	22888	267002	84197	10345	388335	7373	284325	56624	55340	284739	285971	54834	65251	144717	154442	169981	122455337	283089	100507533	401251	100996539	100506421	7726	101927612	109729137	390595	100874002	100130370	5348	115290	284021	221442
gtex__hippocampus__M009	51364	9244	9940	10233	4593	79645	1767	60529	23210	10610	54825	9620	9576	27285	57715	328	55815	64799	93233	828	8701	345895	135138	168090	3664	159686	80129	63970	27019	3598	222256	2302	7137	1262	26166	84125	948	26206	23213	85016	55329	161253	122481	1583	56964	91807	90506	55036	114827	83853	60494	79925	133690	200132	79819	153643	123872	9056	130540	200162	118491	54768	150082	92749	91544	254050	199221	158787	375307	127731	84229	89765	286207	93099	124093	220004	9903	127795	126820	128153	132671	151651	7802	348807	286464	219681	79841	146562	146845	352909	83659	83657	200403	55130	3185	143162	83450	220136	90288	162333	128344	201625	146177	440836	127003	146802	255101	100652824	399949	100288072	83656	254956	387885	642987	440585	374407	400891	144535	257177	401124	341676	1288	196385	80217	9182	642574	400710	441054	56245	402160	283673	25790	730112	389333	149465	255130	283152	283948	246176	154313	105377540	105371267	388963	339829	349152
gtex__hippocampus__M010	113000	60481	3082	55734	1535	79763	8611	5134	55614	10961	3183	27037	8220	84271	25807	10633	1033	26133	128414	81602	2321	51283	51101	81576	57817	26959	10049	55149	26511	1007	26355	4968	3155	85365	84080	4502	9322	22863	1678	8930	1635	353497	8572	23135	2874	6388	3508	6341	84923	84106	10894	9958	10588	55339	7507	84681	8870	54939	55898	5373	29948	113230	126374	79590	79634	114790	90933	222255	89122	1029	220869	120	11023	79839	196513	8853	9481	3361	54784	116441	56898	4982	51084	55172	9318	51700	146705	84309	64979	566	10897	2072	284358	147912	84232	54952	25825	8302	131675794	79135	1762	3858	100101467	4501	63929	4155	22909	54470	730051	444882	4496	9311	51517	348262	401260	100131801	102724768	8420	26063	497258	388011	10016	388610	102724064	105370526	100507303	100506070	202020	100131691	101928963	107984539	285796	100421372	283755	286042
gtex__hippocampus__M011	55013	9961	23649	53340	54929	6160	6717	54997	990	11018	150274	56948	79006	23484	3191	166	23185	26271	5576	27086	4953	51102	515	9588	9330	8835	8743	84083	80760	64344	221443	9521	10485	23550	9349	79639	10975	55320	10452	7376	51371	285148	1837	4609	90871	84888	145407	57707	84299	27	8991	5778	84696	65065	6161	57721	6167	3779	2768	6770	84131	29982	128853	291	56477	79833	3621	146857	65258	63875	27151	79081	51023	84818	91869	11341	51752	6208	123228	10632	113655	7083	200894	11337	4696	6169	348180	125144	387787	64856	6635	84629	148641	286256	5813	64170	170622	4697	728661	79711	6168	55713	79973	51490	399818	100130958	414918	23564	2013	101927021	102723775	3281	154822	102724699	127814295	105376748	6173	100289187	283131	100144602	100129129	115409980	100130950	388677	100507551	389741	105373273	4500	440104
gtex__hippocampus__M012	151531	1634	1195	8439	4481	10863	6307	55749	51167	55973	9452	440515	102157402	7023	79968	7042	3594	4689	4092	55565	8767	22797	858	7091	54868	27309	23788	51699	27031	11235	26084	4780	9789	5325	57404	56122	6883	7852	25950	466	2181	8195	8089	25913	56984	26297	65975	3727	9467	79577	4711	4957	338699	58487	79731	834	839	85437	7009	81624	2958	10026	92906	6323	83939	6622	81555	10957	51125	51110	282969	116966	79691	3087	51582	64092	1633	159091	9131	114803	130162	126668	57650	55335	1073	84457	23300	10845	7439	5867	90693	55276	126014	51030	1106	28970	84851	51227	2124	151011	79659	222194	6917	100129583	84163	5718	10210	79892	128	338811	55251	101928906	147040	2595	401397	51406	643723	105371450	339789	100506826	100289274	101928847	100233209	124901076	25850	100499484	81488	105372482	650794	442524
gtex__hippocampus__M013	115703	3074	55588	28996	55160	11176	10615	151887	5435	56061	4946	6223	6119	573	114971	975	23371	57696	51596	8992	58515	51300	56655	6654	4709	8702	84293	10749	5819	25873	55201	25804	11047	1349	6155	5111	84284	9128	84300	57117	94	6457	57645	6637	58190	9638	4718	1360	146556	129831	115416	144406	2539	8878	6427	26168	112942	285025	154791	1345	219736	9200	6157	4176	90007	521	669	9338	440574	84987	255043	84698	9798	6165	91689	4303	339559	6613	6006	4661	100499483	6277	112770	55851	4509	6234
gtex__hippocampus__M014	5980	84883	65993	43	57060	55506	1471	6901	5127	10166	4833	6923	4150	729440	2091	9149	2022	83871	6484	5002	10536	54516	7060	5144	79269	2868	92675	10365	2671	23199	60484	10971	4907	7111	81873	55362	84915	201456	115024	10899	11000	129804	6836	90488	9425	11030	84187	57685	162989	10712	4000	219287	5654	116159	6137	94274	2018	10446	84331	54998	8636	2290	666	116135	126003	575	389084	8073	400931	118472	3134	51157	1241	6150	100505641	389634	101927554	9278	4830	8742	387521	728743	56260
gtex__hippocampus__M015	5976	65220	26986	51257	150356	55969	2000	268	27106	708	9368	80303	9731	1647	8704	101410538	117166	4357	1854	50632	84326	80758	79412	29988	9775	126147	165257	90113	6834	124739	122416	123803	4681	5745	11282	51727	25798	121457	55897	83547	2495	284004	79042	81603	147807	198437	54961	8665	4062	497661	9377	81858	404093	400499	3182	127687	257407	284184	100288428	55009	90120	401115	400916	115804232	100128822	100526820	79148	79970	554236
gtex__hippocampus__M016	26224	25897	54875	64951	10203	7030	23368	9352	5358	23062	26121	8896	5118	8437	10973	730	23178	85440	23184	54537	48	85451	84250	51535	3572	11137	80774	96764	7552	85450	7761	84623	85395	55129	8986	255104	4241	54468	138716	4712	65991	7589	51755	7480	81831	55191	10276	442117	100506504	101059918	1806	342132	125	7088	101927905	154790	339804	1519	100507599	101243555	645784
gtex__hippocampus__M017	11188	5536	119391	79944	2935	55744	59	8787	51088	83480	9444	79858	51011	84759	51086	79654	7978	79022	570	51531	23410	170690	26272	152137	83850	29115	90957	25871	51246	10910	65084	26263	93107	80305	54811	203859	4087	66005	140461	285908	283870	123283	100289635	373156	7918	157574	125150	101928489	100287482	90024	23642	10330	112268241	117134596	163115
gtex__hippocampus__M018	5601	10787	3030	64147	56952	64788	8099	3836	23463	79033	81847	2281	51426	114034	9581	84260	9107	79742	55002	83643	132321	389	92370	5261	121665	8450	8703	493869	10495	79789	51647	6383	1072	9024	4541	4513	4519	4536	4540	4512	4537	4538	4535	4508	4514	101928287	79600	4539	284080	192111	400456	100131089
gtex__hippocampus__M019	90293	51265	147948	8452	112885	1117	84217	57704	79175	51366	3614	4899	23567	8942	64919	54885	90865	64776	658	10516	9905	84895	285172	149076	6339	5979	8800	92162	7580	27257	56888	91663	79087	6450	200035	29966	100190938	55753	7919	100130311	163486	100129434	100506282	285505	100130522	400622	124902204
gtex__hippocampus__M020	695	7305	240	7454	972	6916	6688	54518	2533	7462	3055	5777	9450	942	54440	3071	968	79651	241	1794	7097	64098	4542	963	2212	221472	2209	112616	118788	2207	714	3689	7805	3903	11314	3684	929	719	713	712	10333	3059	1436	10320	257106	11006	2214	3122	199	3115	3113	11027	2210
gtex__hippocampus__M021	2729	23376	1356	5318	10060	51175	57531	10668	4683	22900	6671	8649	80006	6787	25843	58155	55269	64786	10236	3895	58533	81846	4613	25821	49855	5366	7013	2059	80014	9412	6921	51633	6529	84465	55179	153733	3190	55788	3660	8754	5272	4534	25994	5359	340277	1604	10438	259230	92482	729852	101927027	400046
gtex__hippocampus__M022	5742	4818	7461	4055	51253	27130	2531	7112	80820	22913	84034	51374	6636	8543	6134	4900	130535	4690	81035	3678	130814	4085	29117	54949	54777	254102	1479	729614	124751	59307	200942	23660	100287569	837	534	100505996	105372971	344	677769
gtex__hippocampus__M023	8574	51660	2261	58476	2920	57506	10296	7593	10278	2217	85360	945	857	84445	4669	6539	7010	800	84693	56261	1573	11173	123920	130271	26119	8509	148137	4881	440556	50628	728294	6525	4855	100289678	57139	112597	100130417	101927957	100506036	100132101
gtex__hippocampus__M024	843	57623	3430	57719	55663	9274	5625	10652	51053	23632	5033	83460	6610	4091	56996	339105	81559	10069	5824	84315	58526	5436	1841	197259	5986	9283	284207	114932	957	728568	101929302	3588	100137049	11232	724102	91695
gtex__hippocampus__M025	9546	4331	29121	8086	3783	2645	80273	29940	3749	80025	79706	219855	51280	51163	64417	79005	221955	23203	10980	79064	10713	93622	51545	29903	80227	55210	147658	7932	339674	27040	100505876	102724919	100505573	29964
gtex__hippocampus__M026	23129	2006	10402	7089	55679	89781	4776	958	83937	3083	5269	22826	3663	1558	11107	4170	221935	3778	79957	22950	148203	353322	162966	790955	51024	339529	101928736	100507373
gtex__hippocampus__M027	55540	51150	25805	4616	3280	152015	3399	3164	5105	81578	3659	84190	10817	3491	23557	871	26229	57466	467	3429	2353	6606	3603	84617	8214	60674	127138868	6348
gtex__hippocampus__M028	114881	26262	9933	2976	23093	2103	6835	2114	7109	8209	23623	9382	1503	84206	162962	63934	100506274	285958	5822	2738
gtex__hippocampus__M029	64847	822	55187	6576	55805	27243	27237	94030	84152	23111	9415	5270	3142	84993	275	114987	79184	3006	728192
gtex__hypothalamus__M000	3075	6405	29916	57679	6542	23028	84254	5965	3980	79657	57414	23077	3675	54972	55750	57157	3475	85477	9254	8938	6401	6853	3720	65220	1951	6482	23221	51085	7756	928	23166	7752	55727	26993	23637	23177	8491	933	4057	8284	11183	5704	5010	55703	9604	1355	440193	27032	92745	1272	477	54764	9369	114879	2554	57210	4719	11231	8635	4285	5583	7133	55591	9519	55334	8498	8100	56052	54480	2530	535	55773	26009	27430	23644	7204	1008	90326	54884	1495	5256	22884	56204	1356	57120	23196	81037	23327	9603	9564	23105	23101	51742	23095	23224	57475	23201	84957	51602	10827	23118	114800	51663	57095	8975	23200	493	6894	5662	65125	55650	10076	9410	23041	1431	23063	124925	3029	55726	8625	11218	55711	5378	23294	23536	23013	55248	51665	10797	5141	1496	8832	27107	9950	10565	9650	4756	7813	7158	7216	1659	5590	55699	89795	9759	2182	24140	221395	10681	4040	8518	4925	5217	54916	8218	9993	79364	23210	440	26986	8440	9948	54556	537	6929	28951	29894	5566	23503	22905	10290	7037	6720	6793	1400	51009	83642	6480	1207	55421	11343	59277	51175	3785	8672	27332	29090	9462	2355	27091	285527	6624	5337	22920	25930	113235	88455	55094	83992	51412	5915	1781	143684	2260	10529	5289	57103	8871	2782	117	5108	57644	6507	7145	10411	5050	4983	1785	8417	8671	6595	5788	79876	9812	9689	55322	4779	2932	3693	79728	57226	9706	3842	22894	10325	2195	56910	57613	22924	790	966	57531	22911	5243	8895	4528	23259	55054	55624	23139	79796	51593	581	4313	55239	118	10992	51290	339175	55616	1795	57017	6614	9762	55857	27131	84678	22895	10961	57655	8079	55760	6548	10558	51324	55214	9727	2802	27327	57106	114882	4897	3912	1738	23335	23231	54890	22861	83394	2099	51310	3183	11198	54822	1299	1312	51430	4436	4214	372	1384	55280	27154	79956	22931	8829	387680	23031	5714	5442	421	1399	8216	23384	23481	24144	55964	25793	9701	6305	410	23170	4627	8664	27352	11154	5836	114088	10668	23002	22938	3705	4522	9894	89932	9252	7528	394	80344	84312	9985	51292	5875	63935	9837	55969	80331	4923	10732	1917	81502	10483	5173	9777	26051	9218	55125	9388	11201	8780	6907	10857	2742	10735	4168	340554	3750	9016	2332	10389	84061	10916	3356	22862	10240	79758	5257	29070	79613	83693	9100	7249	8140	6650	23062	23420	79719	123263	8120	23205	80381	25963	7082	4683	1666	6422	6788	3646	55156	6713	157697	4741	54758	11129	79735	10859	22870	898	8725	92609	25865	11100	51073	1954	8605	64748	54922	54531	5518	56006	23080	26959	8701	4233	64327	11112	8887	2887	23242	2617	7586	8662	5803	8985	113263	9678	54664	7458	22949	1759	57589	7016	23586	2889	320	23268	8661	1787	11101	59338	219699	10367	54462	9562	8729	57584	22849	22852	23185	10531	9126	219771	9211	5414	9110	4591	9570	9400	55813	9267	40	79132	2648	4355	64750	1845	8649	5602	1998	7466	80273	51166	7468	2743	10553	91057	7704	8882	7007	6309	3338	23130	10938	64231	27339	22897	329	867	29099	79829	11234	2965	84867	8496	9976	41	65981	51699	80724	8437	79785	283383	51258	2597	1108	23074	2784	8078	2026	8683	23195	221662	202559	9439	10767	7957	9444	84498	5528	23113	55754	26054	8899	57666	4124	10902	23530	8622	9685	4437	900	6500	5515	2246	2908	80006	79770	5917	23286	10915	4090	57222	51421	7337	80321	590	1294	8287	8087	523	64689	6787	55683	57669	9381	51130	25801	374291	79745	10314	2202	6772	23451	79031	25843	55818	3069	10153	80067	22930	1615	63892	2034	2043	23341	7143	127428	49856	11315	57535	271	3749	54856	6723	3953	10625	6738	1429	10745	7709	23046	4811	51440	4548	1486	10969	8503	8548	2166	387338	1810	2152	58155	23443	3925	6195	8289	114883	1509	4297	83479	9331	27145	9994	84251	26234	10329	103910	84071	6696	7320	5887	6418	26147	79109	57706	56252	51077	5826	8892	57862	54454	29094	53335	4601	10285	26123	55717	79591	1394	56243	80314	440073	51780	7181	7112	317	1191	8795	10174	55269	64786	576	55116	51193	219402	5930	11155	83637	989	80820	55975	30010	84668	11328	8034	79039	23389	11228	11059	540	4035	262	29078	57826	23363	6560	90203	57580	3787	51604	6780	5184	23326	7596	8239	2914	88745	57510	57699	9208	745	55831	23019	583	84899	78995	84172	5469	84938	718	80207	6253	8189	64412	63908	10616	6238	11034	128637	3704	56926	4149	22913	8242	826	10054	3276	51119	6776	5582	117154	171017	3895	22890	5605	83744	79717	5322	23352	146330	6597	23030	10142	5447	8910	79644	65997	85378	54487	80833	80115	23780	64792	4289	1123	56984	57705	440275	54832	1315	1032	57509	84962	58533	7011	81533	9459	6192	58986	25759	547	79709	81	4705	55201	25830	10439	10422	10844	10298	64793	3911	445	10585	23211	4294	7317	23345	55902	23229	126299	7700	7187	9467	23473	23180	64145	54882	1729	10656	8799	57343	7691	6627	83636	2643	90379	10489	22907	5894	84034	23167	80895	5791	23108	23277	85013	25957	64208	9406	1742	4147	6388	2319	27183	6616	9826	10207	10208	10810	4628	254428	55425	55643	123811	23037	55303	90956	23608	116988	694	79572	80195	3845	81846	196441	51669	9811	891	8536	25917	27255	10752	6272	7482	5738	10717	9475	4613	129607	79577	84893	1794	85004	4038	51765	29889	25941	337867	11095	23287	8728	84749	84900	1840	50640	60561	6733	25821	57231	2045	51317	55226	4076	9053	5570	85021	10574	2799	4193	29109	80003	54583	9857	9654	57695	3300	26122	50649	9445	1102	3936	9805	11097	3364	28988	10588	10241	51204	10238	11143	64844	2058	11311	51133	26750	55627	84317	10730	4957	10868	158427	2800	152006	55667	116113	89953	63971	670	9656	51439	8836	84811	84259	5962	440279	79811	80021	54816	204962	8634	26160	3032	109	8884	6519	11117	51374	1838	953	51196	22891	471	79800	9360	6744	26035	83478	10144	5593	84162	5910	27163	55589	950	23162	83606	144402	51067	9746	121227	121260	283537	8608	90634	6601	60314	23344	64403	81614	9990	10169	256586	11001	85455	2108	10363	49855	55180	5045	64755	7385	9785	463	221184	1009	23174	89941	55275	54828	6875	2774	4864	114804	56270	5596	54877	10609	115024	90378	5211	6455	1291	207	105372481	23521	6518	473	79932	84224	3339	26135	5567	5792	1952	8515	481	4259	5546	81875	23179	7286	80222	57530	81609	81611	29956	65005	55061	8751	3608	65123	2590	79573	1130	142	92906	27436	51542	84874	23020	23190	57282	151126	151194	79137	80852	729085	26018	22989	9353	8893	1609	57205	132299	493856	54532	92345	10299	1016	10184	5921	5066	25816	153830	10146	55651	91272	10814	54901	26249	84553	154214	57583	9202	64599	340351	11011	357	51631	30011	6567	8473	55086	84443	3358	526	55246	79618	51312	91782	6867	137872	7013	55638	29967	340419	115426	4781	123	54801	203228	26267	414328	54886	6834	90678	56623	254427	22921	23590	80013	221074	6935	92211	2746	57689	8525	85456	84364	10658	6188	472	10525	80332	26007	9219	51524	9638	10205	84866	22866	219854	23284	57536	27250	134145	85458	1737	55216	57512	55768	54995	121551	1456	64067	2132	10873	2059	121601	54842	6868	80014	60485	51594	667	130074	120534	498	5163	10618	134359	9397	55521	255967	2893	285313	4154	23171	85445	51351	140767	152789	51061	64682	3192	5903	25909	10461	5937	6328	50807	79888	25827	7342	154043	221895	3773	1054	1105	781	221302	147463	123872	7345	375056	91694	4685	146857	9989	51560	56934	81552	221264	5799	528	51633	64210	29761	6566	55027	23367	23165	9601	79831	65062	9844	90550	91748	145483	10694	7102	6832	1915	25921	27020	10813	9941	6529	3084	7804	23648	132949	4643	139221	4599	257397	124565	56896	5192	22808	55179	340348	124245	9753	85414	115992	4681	7391	92822	65018	84134	56990	6651	1827	23515	83440	5710	23400	11189	57519	267	9813	29	284348	8566	23181	23387	51160	4796	84939	5701	60680	1173	55324	93210	6427	80174	29127	221496	58191	57465	124222	51727	84328	5928	1953	22854	2634	115361	10092	93185	23385	148362	347730	79677	10611	23248	152559	57326	285203	128240	476	7203	79411	5584	8618	23001	132204	166336	57018	7871	57406	26577	64419	25898	84343	54861	56992	79443	55689	55764	8314	26043	84448	9255	51385	5364	79012	80335	4085	27236	54726	90826	25836	153733	133619	64167	202333	167153	134510	10412	2898	10370	134957	79722	23366	222223	1278	1508	5885	114788	23353	55074	26173	81034	25962	9897	51271	137994	79698	3190	11244	65268	65083	219681	143279	51585	9147	158584	8559	169714	64324	23203	5979	57608	51222	29951	85459	79101	11245	83700	84706	2200	27343	221120	6609	222865	50810	57494	23423	7184	9640	113201	374654	23306	23339	6809	54893	4088	4130	64400	4141	114785	2801	10999	51704	1398	23102	112476	2879	29123	84940	55762	57701	10653	90522	64359	148156	7775	283987	6730	64223	21	6520	3921	4992	55788	3800	54899	115294	7148	203190	11273	157638	255743	54910	10098	166793	4204	367	25849	23099	23214	4330	10636	53917	8706	126669	202374	25942	9839	4584	51621	9758	65988	79724	4648	1107	84640	166614	222008	23204	5272	28991	143425	79145	84864	79188	80310	203062	4534	55006	118812	55657	203245	124583	3752	4135	5356	22883	55729	5394	4300	361	10231	2783	142684	4299	729092	79612	8824	6670	1717	60495	111	54625	2804	49854	4296	64801	5797	257364	27333	9973	54872	10594	23612	127435	389524	55055	400986	148808	246330	55196	9662	26470	253982	170506	92369	5708	10540	10025	9776	23015	4023	64770	9092	55844	57628	146691	122046	169841	10458	84747	116068	79898	9807	29882	54993	6051	254531	28232	205717	374819	4524	157807	6197	80205	347862	11253	3737	7156	253461	8541	51046	79718	56975	9772	253639	114798	284241	55175	23512	285668	57184	124989	5198	7284	127254	80169	285343	5781	1198	23241	10472	139065	23580	729614	727957	9378	157695	222166	374986	221687	53637	23513	400410	284129	25994	389197	5430	205428	22820	55343	10193	134553	55228	25834	91304	30820	23641	2131	25825	7325	338707	122553	128553	23236	7267	389075	164091	51335	50614	221178	124976	161	164684	2621	29119	754	9802	27439	158358	253143	11200	29944	55243	71	8663	140739	116448	5587	401145	253769	348013	9968	90135	752	79050	56899	149175	64409	25840	26013	9899	5592	10336	79842	4733	348793	5833	200942	55599	23299	220107	283149	64757	148254	4675	3840	3638	23040	7328	90668	147645	4137	5333	23048	9863	338645	375612	9742	7874	51393	126432	5575	5359	54914	1121	57186	6613	340277	199953	387921	339287	642938	158293	26155	5649	23450	54510	284697	654433	282991	79633	9687	57573	3376	9361	222553	5770	91661	148266	399687	165679	4122	55959	55684	112479	7582	4763	89853	64771	57181	170384	307	388566	163227	85379	3482	1778	5094	399909	27044	146540	10438	23061	25959	8831	641	79027	104	55753	26037	5253	197342	6884	8733	282890	85028	57209	54989	84775	11325	84433	10724	7296	51062	285989	27347	9060	2153	9578	5365	2475	283489	9909	830	7150	6721	51490	9848	26128	7052	9867	259230	387066	3633	65979	6015	1290	550643	64978	7936	3303	7920	7916	90233	57540	83538	400553	5150	613212	54458	317762	414918	9946	3823	10215	10921	131965	22908	338799	84986	5500	51517	534	29803	339210	92482	51400	64506	400954	340267	84461	55449	1654	64601	55628	79716	25817	55672	375190	5520	6293	642852	101927027	285954	221710	107985246	220980	284184	400765	100507171	554203	101060691	100505641	101928118	100506714	107986806	440078	57291	56967	9277	146542	122539212	114796	114821	643699	101928000	8629	100507506	90271	100874058	81567	10432	280	5098	358	57026	10552	5297	727956	23600	23089	57553	56134	11037	100132247	84450	1650	7335	720	386627	283131	643911	100289388	121233923	124901151	102467147	101929215	100507043	85358	157627	55000	5591	56109	23642	100287944	51750	283624	102724814	6038	3690	105371240	100128822	283887	121725015	23380	101927275	57597	284565	108783654	147727	100507218	677769	149013	105372321	503538	84548	101060226	100129550	101060684	57223	284098	31	100130890	359809	107984345	105374254	123706524	29798	107986669	84820	283922	349152	654466	124906262	100131454
gtex__hypothalamus__M001	889	4074	56603	10180	55610	5577	10943	8913	5048	9091	29116	9043	9862	7095	7812	3097	1185	9902	51099	54799	5725	5286	10463	55830	25960	2273	64429	11171	50619	8630	3459	51306	9497	5606	4234	26064	54908	3631	3937	168850	2978	11174	89801	25875	9498	9709	10198	55745	10079	3757	26999	5610	57602	58508	23369	10886	2665	9474	29927	4659	54432	5128	548645	11178	10838	8943	3735	9892	83641	2263	30836	6857	865	2261	56850	27248	5597	5423	79658	60343	55117	51109	8974	949	80216	5743	4905	60	23609	25996	11176	7155	2975	54715	9452	4898	9984	1653	11158	9817	5794	27244	28962	57092	11266	65985	55100	7514	11342	8668	2060	55230	27292	51194	54469	8898	56970	57091	55741	2280	57506	23193	393	51726	3568	11069	23256	9878	8487	25861	51322	1832	8317	3983	55506	23786	23774	5641	3091	5700	22985	57820	22981	55245	23613	1522	28231	11083	26205	57761	9770	113278	57144	56853	23347	8731	412	79868	5230	9767	1821	54602	81617	26512	10664	79650	55697	9057	1186	9093	5934	57020	10391	50804	54332	9694	64089	90459	4125	4924	2997	85360	6511	333	22900	51599	2901	7639	154661	10135	29062	54504	835	1174	95681	2737	7046	55664	54662	23064	5599	657	7511	8036	8453	64081	22794	55163	4927	57003	3959	2145	7531	54868	5376	7323	2549	1182	1665	7358	29118	1075	55572	9379	26973	1982	4928	4891	55110	5869	56890	57122	1911	4739	135112	5467	116369	6428	22858	51715	7915	60682	117247	9749	6908	55603	23438	2690	4001	10923	28965	23398	1452	23567	25852	7029	10342	2632	51555	81562	4691	85461	57142	64895	84812	3554	57448	79954	151393	6382	1386	2956	4139	9528	80267	10067	6421	81563	4688	10286	9295	57568	34	10765	59349	4179	10560	1266	7292	3664	57035	55758	57134	5955	84215	23271	23632	9465	6446	9194	64747	60526	5524	26094	112752	23093	55051	25940	3416	26507	10171	29126	57480	91687	6950	84930	84318	80209	83468	2185	9227	64282	22865	11019	55791	23155	92	29066	57489	5395	64224	51251	27434	79269	11319	11113	29994	23549	9217	57169	4552	83732	55026	23163	79902	60386	64794	56731	84266	56261	80025	284800	631	10236	80818	23769	10131	64430	8273	64919	23065	23499	79066	6049	2770	5189	64921	10739	79706	2318	8924	3712	91860	8930	3609	196883	112487	55274	3949	8881	375775	83549	4354	25926	10288	1327	4772	5538	6533	11127	47	10742	3337	65249	54862	51540	2926	50717	1131	5287	25778	1875	22800	4221	8650	83876	7428	10390	22873	7174	9743	23670	51347	6926	6885	3178	10956	8763	79786	85397	9470	55654	9648	55681	55213	1910	83852	53346	7716	9314	5168	79969	11309	6386	57569	834	27229	56924	102	1588	79739	5495	54536	51163	81556	51191	3184	153020	55132	901	79807	5530	64116	91445	58516	121536	10219	5830	6895	5925	122060	145389	112840	663	92912	10099	55070	8826	79631	79068	3801	2653	8720	9611	57521	4152	3454	10055	10026	64129	22823	85369	55827	5451	5498	9869	5298	8394	84451	116841	3707	22874	64241	54465	8446	11159	3899	8502	8994	81608	58478	93587	55016	4651	64924	2561	81545	78991	54438	51473	54540	7162	64418	55869	2719	51110	92140	50808	10280	23245	4851	26091	2620	79780	51092	7108	8448	53942	143098	4253	54545	120379	5805	27034	1909	2313	196394	341880	2555	26278	121256	29970	9910	253635	57105	26040	2697	24138	53354	56978	7402	10283	9425	1601	10018	80790	54463	79705	388650	2551	9510	55326	118813	152992	64092	9056	25769	55005	3798	10600	84108	9791	3098	142891	137970	23355	1974	11030	1376	146433	1859	9162	84255	26100	79623	127262	2176	171586	114928	9825	55607	81544	56946	4720	115584	201176	8883	10020	10785	6464	103	55260	91010	160622	51005	84447	50651	3716	249	11080	113802	7412	23528	55220	824	27185	90557	1520	10602	113510	204851	80128	84283	79885	5274	5783	2992	59343	55193	7884	114625	51246	79884	2982	80817	3600	153396	79993	84059	1879	84135	7098	10559	221955	168667	7559	23462	619279	117289	23514	203259	55798	84267	55342	139324	220979	123016	259217	154810	9221	2562	119504	1200	159195	9866	23300	440026	5598	9665	162681	6778	115752	23582	10982	5090	399665	3481	6786	147015	137695	1499	4054	3516	2786	84879	6890	60684	161823	54851	388969	3635	3187	7059	23117	1677	7360	10678	3035	80196	8493	9788	90338	9637	84522	2897	598	1826	5728	5621	51030	7764	10869	5859	79694	93550	84750	55222	169270	26960	4615	23133	79877	55731	51504	10534	5936	8722	345757	9416	57659	3981	6124	10302	55167	90806	51574	6731	152815	201626	256356	149420	5095	56674	7025	79666	63893	7525	9699	11145	2902	153129	196527	7182	28976	2885	25915	54762	9659	389072	2066	147991	144348	2918	200150	90411	169200	404201	284406	64219	64582	7485	11022	23336	716	6304	22906	100506380	2894	8241	6000	285753	57634	23194	128989	146223	100288332	389677	6331	219527	23258	84319	254887	116447	9276	162239	5142	10801	9923	155435	146198	26985	2157	283820	54622	6948	9146	3665	7026	5034	5719	10933	79581	51227	79896	84924	100129196	120227	55693	7058	7626	342035	54331	11118	84981	11104	23275	4673	339327	79659	6917	79048	8632	284677	284434	7390	399473	165186	9729	388182	3556	90321	6261	9901	55340	2547	2104	6536	4646	3066	6925	55532	7442	147686	6334	23365	221785	123096	51703	26020	6584	147906	4644	10242	284370	56882	128	7004	9228	613037	9814	144717	11060	7620	83699	11321	338811	10479	22834	26049	4976	11179	57713	339448	26071	129807	26146	53344	55219	1616	440894	286144	65986	100144603	10866	283673	11116	22828	51075	1454	55739	26140	353149	440270	388815	729852	2189	401022	65010	8505	100128675	84320	284798	100132169	100129434	7726	92249	58486	100189589	3112	9907	644873	100289274	101928847	729082	283731	100874002	100885776	101928174	255167	92335	80022	29057	122539214	25832	100101267	26220	7703	7772	100132354	105377294	105369154	255812	150244	100132341	100887750	100505687	138649	152195	80862	253039
gtex__hypothalamus__M002	3927	9108	204	4706	7982	996	55904	4293	60528	9703	9940	1534	54497	10048	8798	11188	5646	6924	54902	9066	2556	57709	5238	112611	57586	55778	51022	51177	25901	51230	23633	9774	8554	321	11345	159	23274	23035	5874	51606	7504	4134	55761	140689	8454	54969	10787	2983	10513	22998	23534	55633	55854	6416	84679	1994	9682	55102	4649	782	5165	55593	4943	65055	5526	55746	55737	8514	139341	483	6710	4335	10947	29105	26528	87	23332	8726	51495	119	7587	4140	5250	1739	5063	56915	9063	3093	54472	3991	2222	11043	22869	1310	23136	1540	84273	54434	334	51729	22979	3797	51510	27102	54749	9183	57544	57542	2778	10059	8455	1114	29965	10296	4345	84502	55072	27285	10762	23468	29911	54566	5711	7093	28978	3326	11332	112755	29801	84861	10291	23759	6634	89781	51386	6942	51493	9145	8897	25813	5905	2287	5706	51382	283578	5693	9362	10484	57446	140730	7165	11255	26164	54994	8760	5332	58490	128866	57136	6855	5931	7355	83692	8237	2564	2245	8428	3839	5432	5713	79152	408050	8925	23312	26258	793	54928	5327	5862	11075	1936	66036	7991	427	1209	64130	93145	2821	23646	25999	22983	5296	5864	23373	25789	4232	27075	55069	10927	23731	7464	4969	20	1855	9806	5532	79004	9148	8030	56521	28964	84961	5709	5889	10743	642	27077	1655	8506	9343	1949	55161	57482	23158	6164	57620	29907	9354	1656	8050	11108	9761	81566	506	1967	2054	8914	51147	64426	51026	55907	11021	55188	8732	57515	51020	221692	2740	10486	892	2822	5961	55770	59084	10307	3156	10087	55819	7265	2566	10007	54946	50512	23276	10289	8745	29959	2744	23301	10058	55041	25797	8604	9167	22848	51449	10056	9917	26038	7799	79814	127700	149371	9783	6513	27042	6543	6785	81573	27253	2733	92400	54812	26503	2805	84918	51247	400	5533	23435	8161	57179	79871	11335	3181	55234	170685	80114	9559	10133	9643	51209	5335	57403	27304	9587	7913	9521	2806	9375	23157	24139	56255	10893	83658	3831	1340	3661	57479	3188	51309	59353	64768	79939	9143	57622	57168	7533	7732	9296	23008	10651	2571	6638	146057	56906	55837	1036	7905	79948	6861	23039	9667	51429	51250	83861	4301	23025	157922	57470	10277	22927	2686	529	51132	64432	7283	10197	80762	60412	10948	5901	1644	23208	6860	51761	23281	10400	84707	79589	55859	10313	78986	23508	55207	8774	56907	377	10971	4677	57614	8933	8565	51361	3703	29979	81689	10492	112609	55122	967	23017	9924	91	10322	8291	10200	2752	51719	84804	64965	11250	84102	5100	9882	4008	55270	6332	8027	27348	1861	9649	9568	79139	26953	23070	25844	7280	9873	29088	53826	23005	54874	85465	10669	10097	80204	10128	10121	310	6741	10152	55032	8916	51138	55605	7786	8562	84530	4857	122830	27133	8125	7168	60677	1039	10300	22980	8533	1213	50488	3607	54808	60681	641649	6647	757	5694	51070	5195	127703	54707	23038	261726	387597	9213	2029	7170	1944	375	805	6233	57574	51143	54977	10550	9711	9730	287	285533	8001	26045	4594	134829	4191	9203	5440	4915	84909	7357	57720	6251	818	9118	84280	6749	4863	60496	64405	1740	3742	7068	114134	8872	112936	143187	7073	460	6014	117143	284312	5213	133690	115827	84910	5789	8526	284161	116150	135154	57338	9868	518	27342	2047	80028	129684	55361	134353	10670	116442	2776	3778	5097	5521	9530	375323	23057	491	673	64084	3745	26958	9900	65264	5692	197131	84303	9114	1676	55108	4047	10444	9159	26097	55129	84449	1857	50944	284069	51728	2785	6159	65260	79699	553115	54361	284611	339479	64216	151354	150726	388695	92703	201595	23122	8802	54585	113444	94032	23173	79982	133308	10424	8927	22824	55751	92255	55109	133957	23305	94081	10569	22853	5001	1020	501	7534	55656	84302	6990	26130	7415	30968	283209	57156	89890	23172	10495	27069	3251	118426	116225	142940	64112	55530	55662	84936	9529	79803	7275	143570	123169	10904	80063	164	54386	10369	7529	2923	11051	129049	7644	126298	121274	85300	124936	84926	956	5871	5049	149603	7266	359948	136647	9796	2675	80319	27065	10116	5865	114787	65008	3094	83640	64118	1501	57555	7532	51617	57484	91752	160518	202052	79697	164832	100271927	883	5581	219738	283742	3777	5223	283455	8941	57687	23261	2596	10605	64137	80011	285268	9943	156	65059	22885	158399	79834	9804	81033	5306	253959	488	170261	26047	7368	11041	81876	1488	79683	80124	132112	55690	22843	56675	219749	285598	1212	55254	339344	163126	126272	56888	84277	283377	8851	10409	9240	140775	10522	3738	29928	64110	266812	3725	387856	55272	205147	63917	282679	9852	27132	79415	399668	55030	93621	1537	2193	79730	23302	64856	201164	7710	22864	81889	4947	85453	120103	23510	23760	283554	79147	57463	3418	10159	2567	8905	55344	23265	84975	4692	9312	55794	345557	2130	9112	23705	2842	5877	80164	9403	9831	10946	8508	3786	5504	64061	6586	256714	645974	26039	340542	139285	25880	6612	140597	80789	266722	527	84871	157567	340529	23621	260293	4674	23131	139599	613	200728	23270	11261	28986	94107	10507	116224	29978	51463	374383	345630	344838	375567	149297	51155	7259	23708	90835	203068	1604	55190	51434	154807	961	199704	644596	309	388662	84435	128486	50861	6709	5660	54557	28512	30001	140885	27300	219844	340578	439	9747	158586	148741	9874	221477	55705	124930	347731	91603	116443	192683	112970	146923	57692	2664	221424	340543	158931	340527	1797	7407	728215	7917	90333	653316	57469	79600	84912	6643	25851	51451	201475	348801	114786	10962	23234	387804	134111	729515	55714	6844	5534	91584	118460	1159	347549	105373377	105378732	643988	107986618	150786	390616	84968	91368	7844	51373	10687	539	398	56098	147007	10443	105369147	85364	100507341	552889	55845	23741	26065	10381	23732	150967	343702	103344931	100507421	100505576	140735	27246	8031	80755	147670	375196	728841	284615	11165	389856	140883	57636	8396	100287808	440435	110806277	4747	79893	84311	100130148	283267	101929059	122319436	106660612	121456
gtex__hypothalamus__M003	1080	84058	9855	79602	57787	53616	25900	22802	58473	6683	578	7077	23026	116984	84062	1298	2006	10758	57458	28996	6558	1265	57609	64834	5315	79641	6093	3796	602	998	490	28513	55743	56666	6605	7163	9138	88	832	5527	7419	27098	23085	6579	2196	2775	7597	1808	10044	6319	23555	9681	1120	79734	150356	51550	10110	55738	11237	10528	1869	10406	54941	1478	6594	2259	8874	9688	51090	65009	9717	6299	9738	2553	10397	51101	55174	79816	81576	4858	51231	26093	79784	4099	7980	4967	64598	3268	54927	158471	169792	3988	6468	23232	443	23125	30850	55291	3263	9828	50862	8567	8099	4839	2444	7164	1432	26036	11149	2030	1007	1809	1627	942	26355	1716	92840	2888	6711	6801	6432	66008	58480	3964	23266	11240	6675	23215	57488	2691	6185	845	196483	57539	9615	84886	2531	79817	2891	4801	91614	29990	79712	1211	5153	64375	400961	10396	6631	6745	65109	1059	9491	2864	5199	3306	83543	286336	59269	7103	30817	11135	200316	9732	64753	389549	10749	6035	64097	57631	25873	4298	170463	27243	6249	5638	29893	23164	9911	23111	79921	28992	84626	3295	57498	2073	1783	55336	2317	23143	9771	57471	1318	10541	3590	9856	63027	23787	132864	408	4926	54843	23213	56965	51332	10579	9728	8482	144165	9169	8499	144193	51228	11226	10150	85407	57707	54925	90507	10650	10907	8612	85452	56956	1939	9898	129563	2803	91775	817	23500	9586	90060	139818	80005	2934	114789	56288	120	5058	10284	5305	775	9223	140609	5800	5860	6728	80309	130888	163175	26207	55740	54149	285381	91369	138241	7273	285172	200162	137682	122402	23522	55799	1831	114793	9364	138639	9507	8867	130951	7757	11094	148206	9684	93099	284361	3699	116362	255104	54587	343450	129285	8833	51304	54859	64769	348807	4241	64399	3673	133121	201973	23176	154075	221476	26266	83590	2395	55503	120114	219654	221035	161436	79789	9317	322	4176	63901	150290	64772	5653	84514	11142	10251	221749	5747	51305	83877	25932	27247	10555	81844	123606	9121	55031	10826	202051	84305	5209	3799	2861	84233	55863	26156	6902	2186	91647	154141	1051	253782	171024	57571	348938	148979	115019	10781	81490	125988	65108	9134	1139	5870	253314	159371	285800	4642	441951	284119	84552	5339	128218	144132	1003	9282	23526	144321	79929	163183	100287171	91050	348378	6472	147650	2055	439921	80781	4703	389337	84536	54039	148641	6900	11066	80213	26576	374659	283643	123283	57711	158798	221491	80829	55182	51547	199777	154215	401024	23254	9725	9819	9612	60312	4666	162993	2760	9260	2316	6714	140688	6840	171392	347344	23303	26052	28977	1902	9358	131870	2710	2913	57165	84288	503542	619208	286411	84243	10919	401535	7940	80742	1639	643965	90861	123464509	286827	6235	79086	101927905	100506302	63920	441307	9842	729658	389634	104355426	414243	100505832	728730	8847	144448	151484	102723508	101927590	399697	101926913	729978	100271702	441869	100506922	107984773	439949	632	152206	101928053	100506282	100874204	105379057	6414	100505616	102524628	100506365	286186	729991	100129129	101929089	1519	388327	379025	79178	101928736	106660606	283932	9236	107986266	100130950	2969	339290	400657	284395	56957	284276	400617	401612	105378083	283483	105369201	338328	285796	101928059	105373085	388524	5387	7608	652276	26231
gtex__hypothalamus__M004	8813	381	23129	55735	23324	22902	23071	3755	11285	84908	2324	23517	64848	51491	10319	23223	27095	954	57143	4710	55658	9130	9605	23505	5362	51150	6604	79891	231	363	55696	8550	2521	57060	29888	55644	9942	8697	1725	25805	5434	4616	83874	113791	11020	83746	55687	5372	9889	5684	55757	23295	3299	11151	80152	4832	23417	58189	65990	6810	9455	7993	55111	64926	11140	9266	26121	6324	27000	10282	84182	3315	23658	56913	54981	56647	10539	6945	51264	29098	26151	26273	55846	4055	79676	5777	10384	9025	8382	5067	51185	3280	1894	1154	7841	550	1746	64960	64175	10327	54996	80127	10965	51248	10987	65982	10657	23597	3164	84080	55905	51081	10436	22863	53834	5300	5471	222256	84268	81926	55780	6303	147965	55695	27237	93974	55337	91574	1116	54663	5977	301	57639	4005	57224	10228	80210	23479	55755	54881	51531	11258	29081	3033	53831	54509	80349	1583	585	29948	91978	128346	7371	127018	11221	64969	113419	6574	151050	64708	9686	55164	64777	51390	25792	133	283212	871	387923	221336	200132	166647	124402	7508	333926	51001	26119	200634	91544	8365	11267	89970	374739	23076	51149	6132	222229	126321	1973	467	64320	9861	91137	57763	11168	116328	221154	63876	122945	90809	116173	5579	81565	9382	89797	91433	51755	64122	284339	1613	51031	2875	4723	10476	1877	649	2339	2948	55308	5480	65110	201255	4071	2353	98	27094	163255	10465	118487	254122	93624	203054	2745	924	152002	582	148014	126328	80851	1466	8665	5029	8607	2290	339487	64787	54681	340390	255043	8575	3059	404093	64782	28955	51329	81532	284656	51118	64410	79174	10572	3297	59307	54014	54093	402573	353322	114826	152100	4501	4059	285093	137392	144404	134637	399948	284739	100287569	837	373156	84188	65992	388558	25829	114824	84455	3108	4855	80863	643008	6499	100129029	1460	554235	339453	153657	150297	100128788	50840	2532	51239	2946	84342	2086	10011	2592	339231	4636	10437	3995	124906608	101927174	84627	101927117	440498	101928222	102723605	101927765	101929231	28985	55853	100129250	645676	154790	105378828	100132273	387723	84129	57002	25764	340526	64968	729678	284080	374887	100507487	105375666	10597	100506606	107985879	26589	100507303	83593	100996660	112812	55957	115290	101669766	8517	101929243	100131997	79873	128125822	440905	107986626	102724680	645784	2630	155370	10778
gtex__hypothalamus__M005	7305	9961	4190	147948	7260	3074	9627	7089	84217	8611	55679	5909	7319	4986	2646	3030	54997	51776	26523	7042	55168	9342	23539	10202	79133	51654	84557	11040	10084	4948	54793	2217	9441	5438	23217	58509	7392	79974	2051	8896	3614	6119	6424	644	1842	23189	22841	80351	51411	4939	56994	84727	51053	80325	9595	7173	25806	9068	1889	8727	1441	4072	11340	9499	8835	84083	79586	8970	81578	51299	9322	83541	10606	9513	27180	1264	341	148229	85313	10882	56259	84125	53	9704	27202	79899	3569	7080	150472	570	971	6176	254013	326625	57161	497190	58488	284111	84225	112703	10256	84970	83872	84696	79998	284992	9180	100132916	3779	89122	54539	1807	90488	57700	120224	10172	9481	23460	203328	90139	221188	79140	126119	26168	79622	339123	8986	10630	128308	130162	112942	27306	11167	151987	285521	200844	84818	2921	116441	133584	9232	202915	138716	6850	3636	389941	219539	197257	762	51129	254552	7083	84309	80346	55602	207063	9197	83987	2705	9079	7480	7314	94031	126014	286046	54811	198437	6606	5916	54961	339778	11163	80227	4482	402682	79369	23625	5426	10949	339456	7054	8334	285973	90355	200205	84890	55666	253190	84851	55328	8971	286256	140707	267002	80233	254956	10345	100129075	129080	3266	388335	145873	57801	83862	284759	9883	92070	113835	91966	9719	3792	11169	10920	112770	7932	400710	100130958	100128946	246181	728130	285696	9179	23467	101928111	100506159	100288428	4509	91316	6315	100302692	100996539	154822	80069	101929947	54082	339804	80864	112817	140290	100507661	101929468	497258	550112	400456	100192378	127138868	91893	101927531	101928290	101101773	100130933	105371414	100506581	101928738	105371941	105372419	105371899	100129195	100507551	100507032	102723582	728229	6905	114841035	102724289	652972	114819	246126	4500	64940
gtex__hypothalamus__M006	55365	9569	9546	57658	23357	3298	5452	6642	57554	9846	5685	822	57492	84067	55850	9150	57595	57560	6596	22978	29089	4034	273	23152	114899	10998	200081	51171	2036	23368	10683	7430	54209	4670	8045	200312	25807	80821	2954	55671	5360	51098	8480	51260	124454	4150	26015	22995	8677	29844	203	9094	23142	65117	5564	9847	26235	1297	11120	7060	6242	8890	33	51102	5906	2633	56181	25936	1788	56943	9409	1271	10212	5585	1757	5393	6431	55661	5269	7270	56927	8195	63941	79654	117166	3791	58504	4016	23639	55320	85441	84326	3996	4148	7818	79710	54885	91298	10001	2947	9698	1573	23318	9415	1961	8803	80774	86	92856	64855	7743	81853	8870	60492	64776	11107	4060	79035	90381	5373	79798	8996	114799	6563	93343	57410	25874	51093	23126	130507	84892	285282	57721	401262	5631	54904	28957	25891	256364	149951	55208	2823	283635	51562	29087	125476	57407	140890	118611	6921	129831	118491	55093	78994	5261	123803	129531	9542	7484	60313	9715	11182	30815	57190	148930	284695	51072	79005	90957	131474	9204	10393	11157	4338	51752	134549	5828	115330	6522	84270	23588	402381	55701	6297	143379	91252	116159	6157	5347	146705	25837	7536	1841	92305	23119	25928	50515	55636	5293	5053	2845	7572	89857	253725	283848	83759	442117	2629	57104	60626	196403	91523	84333	84698	1728	5571	26233	1436	150084	4978	150209	5101	390664	4303	5413	9823	54584	550631	401944	10123	284325	1806	6399	57522	11152	7697	51710	58491	55035	54963	79973	64093	8528	134701	7918	3150	1427	79729	10809	51192	100505996	100507057	201229	729178	9884	23559	115557	3692	154881	100289187	11344	102577424	646576	90342	91948	728888	90024	286103	84334	90799	109729181	100507599	119139901	386758	26974	117134596	389033	100093631	440104
gtex__hypothalamus__M007	2729	54677	55001	51533	5536	1774	9052	65980	6301	57545	80143	29085	8531	23504	65056	10147	7629	4802	5214	51447	23198	7353	2046	55205	3682	2346	10573	9509	4849	64147	55285	84572	7018	10101	513	9524	113177	162	1033	6430	79038	328	7125	79863	64743	8260	27286	2717	83752	8312	64428	9028	10295	56986	53635	9141	374882	653857	5919	5683	56654	5730	51010	11196	79991	9487	9693	10944	25766	9555	51011	55704	55120	8942	10459	9670	9324	5918	57404	80212	81932	114818	2281	51123	84902	51426	2971	64344	3659	10485	57187	3397	14	94101	84817	51690	139728	10328	23135	22889	55332	4836	9380	57559	317662	54939	55466	5046	55898	5636	51651	10966	1453	57140	57645	79169	29920	9391	151313	9125	114790	66000	6715	9140	90933	6993	9589	27316	9328	23412	10556	51501	726	84304	9344	9231	81792	83643	1646	22944	26272	22925	925	339145	200014	23461	30827	5018	285367	9577	54461	117145	5900	84221	84988	622	29115	5635	4116	83941	8880	91869	222962	11092	138311	56339	1353	196951	6881	1528	6764	26585	51117	26263	124923	84717	55311	55611	7439	388753	84289	23192	53407	79663	283899	79058	123591	116840	375484	4862	64080	115196	83886	80194	90288	84733	1649	4087	2524	283229	8225	285908	4707	51807	7469	51065	51186	441549	126520	54103	55922	8372	79955	353116	6300	121642	2272	63929	51466	100129858	79607	388536	54870	23237	10455	9755	92565	83849	730051	4340	100507244	29902	444882	149837	5699	8293	255758	3931	285830	100131187	221786	81669	105372556	100128071	728558	100506930	654434	1159	652968	100506068	283152	101929709	493900	124902718	10330	400612	8148	9326	6351	102724488
gtex__hypothalamus__M008	7105	90529	79007	7035	57019	163	64847	5080	1407	8439	5981	84883	7984	4826	112885	8908	55588	119391	8653	64431	54437	79944	55900	10580	51586	23464	150274	84271	10633	5106	10005	158866	81602	65263	92960	57130	10652	7461	7091	8395	54757	83871	55776	7101	55374	4968	7375	22916	57599	1181	84759	6654	115353	51253	58512	57821	56912	84263	2103	3437	8743	387496	311	54537	84293	7755	55297	65244	4337	79637	84269	2892	7408	140823	154796	10870	8409	2002	7277	7978	93323	55145	85363	10247	114034	219855	5025	7111	7099	2356	2542	57337	57117	146050	7041	266675	6258	79590	27	149111	129804	83607	79634	51281	55840	134728	221960	5723	57502	7569	84895	23082	1813	26229	221143	3606	9412	146556	135295	23228	114	57466	159090	60685	7547	54935	85395	199745	8741	6811	205	127255	148423	100288142	80232	129450	150483	129880	2560	8545	6259	130557	54965	51705	4724	220963	382	26012	840	8539	644353	90007	124045	90313	10871	54949	6575	3592	10713	5881	64979	147807	8841	55092	669	30008	51126	256130	91646	115123	126074	158038	378708	7352	2072	54968	147912	117608	286499	50628	223075	155061	347736	286128	64785	90736	64478	130502	201501	89782	159013	340719	389073	25894	51399	440295	27233	65251	55153	9086	374877	221002	285141	1874	56953	54065	2013	730087	100130894	55670	283089	113178	100507533	401251	105372971	7503	105376748	100129060	9278	102724768	152742	11232	80054	4701	112268241	105377023	118568828	105370333	124902114	150776	650655
gtex__hypothalamus__M009	57185	51226	3920	26022	57146	23034	2824	5923	2065	23446	6196	8907	10979	9175	8301	8578	2037	2017	55608	9843	55632	7301	4637	6598	4809	80336	84264	6625	2077	24146	64077	9644	6158	3837	54940	51091	27087	10612	4192	10312	605	80018	26127	7942	5136	6146	5129	8643	64342	7750	79809	5208	3834	399512	112849	9088	10776	83475	7014	201266	51303	23175	89796	55858	577	27097	5279	7746	93643	55177	79172	57575	9815	7453	6457	23478	6904	58497	1513	23671	9922	170954	84630	79742	80728	84131	710	4684	117532	9651	9538	740	55002	196383	4929	7381	57798	195827	54933	6002	7791	3275	79957	2199	29083	219287	84191	7171	126306	132158	123099	51252	79628	22871	6091	58485	220988	134492	26115	2628	4815	51162	64859	200933	254359	158135	55508	375757	10301	344148	200958	4808	25945	25970	135932	283849	401563	84316	11124	56901	399694	6228	257106	29780	613126	79844	50859	80345	353088	11194	222662	258010	1438	987	169436	148418	659	10471	113179	91664	4207	100191040	102724919	100873947	728431	100996590	202299	101927641	84964	285286	128977	55861	55766	100505875	101927688	105376843	80725	284106	126661	101930276	145783	728262	352954
gtex__hypothalamus__M010	4267	6863	80199	60481	81551	1535	6433	8537	3843	60487	492	5134	8463	7205	54675	10914	64857	79968	55105	5064	8220	10478	6901	2321	79791	51283	10049	64983	26511	10227	79073	833	9616	9540	3155	22868	8673	54853	10808	2322	84650	23263	8678	8572	2874	54496	3508	9633	5920	55119	79587	55339	7507	5876	80745	53919	92979	6821	7226	126374	8991	57657	6134	11023	196513	55835	10950	54819	4690	3017	222068	94104	146206	29101	54784	56898	10922	51084	11164	55323	9318	81832	51700	80975	81628	125058	4336	8313	29100	85476	10421	201254	6773	5569	93426	83450	94103	566	203523	83591	283951	253980	131408	5771	8061	6199	54952	8302	79135	374395	729262	10772	2917	54834	4155	7405	80184	54470	199	23	10206	6606	55559	1241	2595	348262	440600	100131801	105371450	100128511	85014	57604	388610	161582	100130111	124944	124907392	100506070	100128881	92002	202020	100131691	105372703	124907726	352887
gtex__hypothalamus__M011	55732	151531	1634	1195	54896	10863	51528	6307	55749	10203	10294	440515	102157402	55862	23394	9663	4092	10204	8767	55284	4173	3191	23770	858	8939	22943	64149	27309	55914	11235	5576	23150	11222	26084	4780	6342	9789	56122	9956	25950	11130	466	11017	57380	8089	84286	26297	353497	57578	80896	29079	54606	11270	58487	5547	5861	839	85437	7009	81624	91833	6938	2958	23421	56950	6323	83939	6622	10957	51125	220869	116966	9871	79691	51582	137492	132	51249	114803	64123	200539	836	54468	55335	221656	1073	63877	55273	5271	9768	6447	5867	79089	55276	29071	151827	79029	3267	128439	9793	140461	388341	50863	28970	54880	55015	6450	151011	222194	148398	284338	100129583	131034	55660	29966	150472	5718	10210	6120	23116	919	55251	26095	255919	101926907	400242	100499405	100506826	100287482	51537	100233209	81488	100270804	105372079	105373299	100289656	728411
gtex__hypothalamus__M012	221	79017	54455	54875	8481	3430	57719	4036	51668	114327	27156	57452	30813	5935	3783	10973	8576	28956	9129	79947	5033	79072	10617	54850	50809	7979	83448	55556	79022	6302	50853	4091	2098	4716	27005	25912	51057	84236	253714	6770	83707	219670	284948	152137	81559	201163	150082	5152	199990	127002	5824	51205	84315	56672	197259	79064	114825	51112	338692	5970	11146	286262	100129827	158056	4094	114932	81858	90843	219902	375748	54059	126382	10519	8558	116985	345222	6284	342132	136051	8227	64423	6311	728568	8906	100128890	101928464	219731	100132677	60674	266655	100129917	101926904	105370526	102723670	118827814	102723471	724102	112694756	220729
gtex__hypothalamus__M013	23072	114881	51629	1301	55176	9399	29887	5744	79157	9692	26090	23253	80183	2254	51172	10469	64420	3257	8787	1819	4598	10988	23329	9896	55825	9887	57576	22954	85365	57468	54973	25953	158046	84929	55860	84700	80206	27165	10505	274	6941	338699	122953	22901	351	1382	1745	90523	774	57325	220064	132321	83873	6854	2140	8450	10361	755	84446	80228	56997	134	25879	2203	509	783	55800	7769	26580	89849	2873	140733	79703	6712	55486	242	7378	10587	84856	728621	342979	400935	64218	5657	2870	83694	157574	378881	768097	107985040	101928537	90423	388021	107984813	100507534	84809
gtex__hypothalamus__M014	10233	79645	9696	6515	10610	5990	55968	79175	11015	93233	80709	6387	55294	55805	23086	6489	84223	9736	90025	56171	79696	30819	159686	80129	2302	341883	1262	948	55329	2028	145407	122481	91807	1292	6097	60494	79925	130540	161502	80201	199221	158787	375307	89765	54058	286207	132671	151651	154865	158067	146562	352909	83659	200403	3185	55561	64446	220136	128344	220416	685	146177	196996	220388	399949	100130771	27124	387885	138428	257177	401124	7574	9182	642574	6046	25790	1396	730112	100505696	100287049	389333	105376736	79940	149465	283948	83481	246176	105371267	124906280	728798
gtex__hypothalamus__M015	55049	23649	6591	51121	6160	10013	5742	4776	4833	7329	6923	23484	28960	23371	55171	9330	8192	9349	2123	10975	26150	10452	4037	79228	3939	83605	90871	84904	84300	4704	10040	84299	6135	65065	6167	84310	26353	23589	84033	65258	6156	6285	222235	55314	27089	119032	84516	10632	51693	1632	200894	7324	11337	55038	79042	4696	6169	29903	65003	125144	84942	84629	120356739	80764	391356	5727	125704	64170	400891	170622	4697	6168	9652	114769	790955	10195	51025	84561	439994	100996842	8420	348110	101928100	7549	84278	286554
gtex__hypothalamus__M016	4145	2534	116254	65993	3781	7760	43	50	23351	1471	5127	10166	8717	79006	729440	2022	6484	10536	54516	3274	84634	6794	97	56897	2868	92675	10365	2671	94030	64087	60484	55544	84330	51535	91543	1284	79161	4907	26056	79621	51131	9550	81873	51754	10817	123920	51686	10899	23262	3486	55262	6836	80142	286257	220965	196743	738	57685	149076	162989	4000	118881	5654	4837	201191	6137	374875	5604	51181	84331	8636	126003	9628	8073	2558	653319	642968	283999	645121	51157	4056	6494	6150	644019	101927021	283953	387521	402778	79154	728743	442524
gtex__hypothalamus__M017	5976	1890	27122	23593	7321	22837	51257	10423	6618	27113	56917	708	9368	114971	9600	10675	30818	80303	9731	8704	2309	25927	23096	29993	4357	1854	50632	10155	54958	80758	84152	91107	29988	9128	9775	29985	165257	90113	56257	122416	3455	5745	10603	11282	2256	64343	25798	55897	83547	2495	284004	81603	54998	4062	497661	9377	51333	575	283989	2826	122622	285193	127687	257407	727800	401399	401264	55009	100505771	553103	84973	387882	90120	8742	401115	401232	400916	27164	100507588	115804232	100526820
gtex__hypothalamus__M018	27072	6050	55973	114880	117584	56952	4174	9097	79576	10014	79864	5201	57415	51652	29937	80760	11190	8459	842	96764	84888	84993	347902	114876	27043	5686	54499	1730	50814	28989	85450	121053	9472	5529	3361	7567	445815	84262	51023	23429	123228	25820	10972	10892	165324	8214	23585	27445	7730	23660	79892	100137049	100131089	3145	2342	11056	56260
gtex__hypothalamus__M019	64398	151887	10419	51635	4946	27143	50813	58515	51300	2976	84695	56655	2635	51646	8702	101410538	7389	58513	7263	11047	1349	6194	126147	29922	52	6637	10840	4718	84532	115416	347734	2539	100507246	64789	1345	440957	521	4493	28998	440574	10209	6138	6635	6165	91689	100499483	84335	401431	55851	7311	100507291	9939
gtex__hypothalamus__M020	9244	972	1462	1767	81671	7161	23594	51100	55815	64799	828	168090	9890	27019	7137	84332	80705	26206	83894	23650	161253	56964	114827	374618	54768	254050	55567	84229	138162	220004	9903	127795	126820	136288	79841	146845	143162	162333	201625	80122	127003	146802	255101	100652824	83656	347240	440585	54932	1288	80217	402160	3113	101927288	123624	101929355
gtex__hypothalamus__M021	26073	744	9933	905	997	5595	23475	93436	2931	3836	26284	9107	153527	6835	808	1072	51428	80258	150763	51114	80055	4541	4513	4519	4536	4540	29883	4512	4537	4538	4535	4508	4514	4539	51406	192111	283710
gtex__hypothalamus__M022	23098	54443	1112	8574	58476	8544	57605	5494	10278	3551	5992	5096	55112	10401	11173	23452	80119	5170	57592	275	55083	58526	220972	7551	148137	2941	84287	947	5187	22827	124842	6525	645811	57139	101927420	284900	7955
gtex__hypothalamus__M023	5980	54814	2067	2896	55718	25791	10043	8131	64788	11033	533	51141	813	1006	115950	84881	57171	2172	23587	682	9657	64837	28	5441	79077	56849	5138	6992	388759	102724019	57461	25850	100885848	90499
gtex__hypothalamus__M024	80342	37	8563	8106	79918	55240	57693	65082	94015	3491	5778	27315	55113	1487	282974	375607	91663	4661	101927621	100131434	103695433	101928725	100289230	104355139	115409980	100130522	107984974
gtex__hypothalamus__M025	171568	284352	84100	51614	5819	55362	112483	79096	144423	55698	79759	10501	53343	119559	8912	55210	118472	7866	155060	340591
gtex__hypothalamus__M026	54903	4133	23550	435	313	282809	55646	84124	25946	154007	1798	54503	283417	4753	374407	401541	11122	122455337	100506421	10780
gtex__nucleus_accumbens_basal_ganglia__M000	3075	1595	4267	29916	4074	90293	9108	6542	23129	23028	84254	5965	115703	4706	170302	7982	996	56919	3980	57019	55904	23077	3675	26022	10368	6376	1750	4293	55750	10926	3475	1352	9912	60528	9703	8522	9254	8938	6853	3720	6792	57172	65220	53616	1534	51188	6482	23221	54497	9690	5980	51603	928	11188	23166	3423	11313	10867	55727	26993	54476	54902	9066	54443	23177	2556	8284	55148	5704	57709	5010	1195	55703	9604	440193	64132	27032	92745	1272	477	54764	6683	55655	55778	57476	4719	11215	51022	25901	51230	1890	10953	11231	23633	8635	4285	5583	7133	9519	55334	8498	10908	54480	57554	535	321	11345	7414	55773	10858	26009	9099	27430	7204	23274	23035	27067	1008	5874	5685	90326	54884	1175	1495	5256	51606	7175	7504	4134	57120	23196	5954	81037	23327	89801	79810	9564	9709	55761	23105	51154	51742	23095	57475	23201	84957	26099	10827	23118	58508	114800	54969	51663	54542	57095	3918	29927	493	55781	6894	5188	5662	55359	65125	55749	10076	9410	30	2983	6433	10188	1001	1431	4058	63916	81671	124925	8776	3029	55726	23534	53339	55711	22904	5378	54887	10885	3735	23013	55854	6416	55176	51665	23216	84679	55810	5141	1496	1994	9682	27107	9950	2009	55102	10565	4756	7158	1659	5590	55699	89795	3421	5165	4205	4943	2182	3632	24140	65055	3796	10235	5526	221395	55737	8514	10060	483	9488	10681	4040	8518	4925	5217	6710	54916	8218	9993	79364	5423	440	10947	26986	29105	815	9948	54556	114049	6400	537	28951	26528	29894	55117	5566	22859	87	10290	84708	7037	6720	7321	55743	29953	6793	23291	1400	2121	10335	79041	8907	83642	1183	10979	6480	4905	23332	1207	55421	771	11343	59277	54878	51495	26034	51175	3785	27332	29090	119	9462	7587	4140	2355	27091	27092	285527	6624	1739	55973	22920	25930	10615	55094	83992	51412	23032	5063	56915	1781	54518	2260	9063	10529	3093	5289	8871	54715	2782	8028	117	4898	9139	1620	54472	6507	7145	8556	10411	29843	2222	4983	3835	55604	1785	8417	8671	6595	11043	22839	260425	1005	57092	55218	4208	79876	8555	22869	9812	56142	56113	9689	55322	905	23136	56256	4779	2932	3693	23085	79728	23033	9706	3842	22894	81550	5019	10325	1540	2195	56910	84273	57613	51729	200081	3797	790	57531	22911	5243	231	8895	4528	23259	22996	55054	55624	23139	27102	29887	2196	55696	51593	581	51701	4313	2775	55239	57544	10992	57542	2778	10059	51290	339175	8570	2767	55616	1795	57017	8455	9762	55857	8655	8550	84678	22895	1114	5037	3476	9843	29965	8079	55760	6548	10558	10296	29888	51324	8646	9727	84572	10795	2734	27327	57106	4897	3912	1738	23335	11069	23231	54890	83394	84502	51310	55072	25831	3183	11198	57556	54822	7301	825	10762	1312	23468	51430	4436	4214	372	54566	5711	55280	7093	28978	114327	11332	51100	79956	23031	5714	112755	5442	610	84861	1399	8216	10291	23759	29799	6634	23481	5594	89781	402055	51386	5435	23331	55964	6942	84271	9701	6305	10126	410	23170	23492	9145	8897	54471	4627	8664	5905	27351	2287	5836	114088	5706	64841	10668	51382	145501	9517	22938	3705	4522	9894	22990	5700	9252	7528	394	84312	10484	51292	63935	9837	57446	6789	5203	1477	7165	80331	11255	26164	4923	1917	54976	1457	8760	81502	10483	55612	5173	9777	23509	51654	128866	140679	191	26051	57136	9658	9218	8731	11201	5932	8780	6907	10857	4281	5634	9949	10735	6855	340554	5931	3750	9016	2332	10389	84061	83692	8237	9468	27336	27328	2245	3356	54602	22862	688	8874	55578	10240	3839	23078	160851	9688	23568	5432	80777	29070	5713	79613	55512	83693	9100	26048	408050	8140	79791	6650	56061	57478	3163	400506	79719	8925	123263	8120	80381	25963	7082	23312	80208	26258	5157	4683	1666	793	6422	5862	9694	11075	55156	54108	6713	55174	66036	2936	4741	7991	427	1209	64130	6618	22870	898	8725	92609	208	25999	11100	27113	79784	7087	8775	1954	8605	64748	54531	5518	30000	5296	5864	56006	23080	26959	136319	51678	64327	3955	11112	8887	2887	2617	2051	8662	5803	8976	8985	113263	9678	54664	57037	653857	27075	55069	51422	5425	7458	10927	23731	1955	22949	1759	57589	23413	7016	57582	23586	320	6456	20	54926	1855	26033	23268	8661	11101	59338	219699	10367	5532	54462	8729	57584	9148	10531	114815	9126	56521	81619	9211	28964	84961	7343	5709	9110	4591	9570	9400	26001	10743	4927	708	57003	27077	55813	1655	64149	40	2648	8506	84687	4355	64750	1845	9343	1949	9368	26151	55161	23142	1998	23158	8821	11275	80273	23321	57620	2743	7358	10553	7704	8882	7007	6309	23130	5007	27339	887	329	9354	1656	867	25758	6506	29099	79829	55531	10944	4928	11234	8496	11108	41	65981	9761	81566	10645	506	79611	56341	54682	1389	80724	217	81539	283383	5869	8914	11103	51258	2597	1108	23074	2784	79158	84727	2026	1911	55003	4739	79632	8732	57515	9750	4988	6428	221692	221662	10486	1871	9439	8936	2822	10767	9896	57221	896	84498	5528	23113	55770	55754	26054	3617	57666	59084	55914	4124	23530	1007	3156	10087	56132	8622	3702	9685	7060	4437	2566	900	83989	10007	5515	2246	2908	373	80006	79770	23548	5917	23286	10915	1809	57222	93973	604	3836	7337	80321	55186	11235	1294	7375	11334	8087	523	23276	57599	64689	10289	1981	6787	8745	55683	10120	57669	51277	2820	29959	51130	55704	10314	2202	55120	6772	2744	80303	23301	23451	55818	10058	23178	10494	3241	79954	55041	26003	10153	23683	22930	8604	1615	63892	22848	51449	2034	7341	2043	10056	7840	1718	23341	7143	9917	127428	80267	54856	9181	4209	85440	6723	3953	10625	9927	7799	6738	9295	23207	10745	7709	23046	252839	55700	127700	4811	3964	51440	4548	4610	9783	23266	6390	80135	1486	57576	6513	10969	8704	8503	1810	2152	51611	58155	27042	163404	9890	57035	23443	3925	56181	25936	8289	1063	114883	1509	6794	6543	83479	22868	9331	79630	23120	6785	27145	9994	81573	26234	103910	2309	118427	6696	25782	894	56171	23314	9414	51692	5887	6418	26147	4702	79109	57706	9480	56252	91754	9870	5826	57718	58517	4329	8892	55051	51004	57862	10936	9913	54454	29094	4072	26503	4601	10285	26123	79591	2805	84918	440073	11193	64374	51247	51780	400	317	1191	8795	2185	5533	23435	83690	8161	10237	81558	55269	23024	7750	10804	64786	576	51538	10657	55116	51193	92	22987	4952	57179	1314	5395	83637	989	80820	55975	3181	644150	30010	84668	11328	29960	23349	170685	1959	11130	9559	11113	79039	23389	8082	64168	11059	5585	57486	5153	4035	262	9643	51209	130399	9926	57826	10888	2181	57580	51604	84181	5335	128611	57403	6780	56937	55661	4552	5184	400961	10396	23326	7596	8239	29993	57510	6903	9587	116138	9208	745	55831	23019	80262	2806	84899	9375	7737	9329	79085	5469	718	2354	6253	24139	8189	80025	63908	56255	6238	11034	24141	128637	56926	10893	22913	83658	3831	826	10054	83786	3276	58506	51119	6776	5582	117154	171017	3895	22890	55288	5605	3188	51309	59353	64768	79575	5322	23352	79939	9143	9088	146330	6597	23030	10142	5447	8910	64921	79644	85378	54487	57168	7533	4248	7732	92521	9296	93986	57464	64792	4289	64101	10651	1123	2571	6638	57705	440275	1854	10776	54832	4016	1315	23022	1635	65095	3609	1032	57509	84932	7011	7905	9459	83855	79948	6861	863	55780	3741	54857	57572	51295	23039	9667	79709	51429	83861	4301	23025	170463	25830	157922	375775	3911	445	23211	4294	57470	56342	1786	139728	7776	10277	22927	7317	84905	2686	23229	529	7700	80758	51132	9467	23473	64145	3748	10197	54882	80762	60412	8500	54521	10656	8799	5160	57343	7691	83636	2643	90379	10489	5894	84034	23167	51318	8864	5791	5901	23108	23277	85013	25957	64208	3021	1742	54496	27183	9826	50717	23208	10955	29958	8546	10207	6860	51164	51761	23281	10208	10810	2835	4628	254428	9911	57511	55425	84707	55859	10250	55643	84330	10313	123811	23037	90956	23608	116988	694	91298	79572	80195	3845	29080	406	81846	196441	51669	78986	23508	891	8536	25917	55207	10752	4212	89978	6272	5738	10717	8774	56907	377	57498	9475	4613	129607	63982	4677	57614	84893	902	85004	4038	51765	51361	1837	747	337867	7174	11095	55312	29979	60560	23670	23287	81689	8728	84749	84900	1840	50640	60561	6733	3351	80759	10492	55122	55226	4076	116986	23017	9924	9053	8763	23493	10574	2799	4193	80003	3775	54583	2752	9857	65080	9654	57695	80326	51719	51455	79074	26122	50649	84102	5100	9882	4008	9445	55270	1102	3936	83852	9805	9771	11097	9238	3364	28988	80727	3658	10241	10238	6434	2058	11311	51133	55627	84317	8027	2572	10006	1861	9649	64855	6812	29988	10868	5695	10244	2800	1515	79139	3590	51754	347252	55667	116113	89953	63971	23070	55362	670	7172	51439	85462	5612	27314	5547	29088	84811	440279	79811	23005	51103	54839	5330	80021	54816	54874	204962	8634	26160	85465	10669	109	87178	10097	8884	11117	80204	10121	403	953	54536	310	22891	471	79800	29081	6741	29789	6744	10152	55032	10063	26035	83478	10144	8916	22872	84162	5910	27163	9908	55752	950	9061	23162	23710	55605	144402	51067	58516	53919	6843	8499	22822	55266	114795	121260	9818	283537	6601	7786	55716	5925	55206	8562	64062	84530	4857	83851	376267	10516	81614	9990	11001	85455	8125	2108	10363	49855	79661	4123	7168	55180	5428	5045	64784	64755	7385	1039	221184	10300	1009	8720	23174	22980	9611	79018	10140	55275	9520	1213	54828	6875	2774	25800	55197	114876	4864	409	50488	114804	494470	54808	5596	10609	342667	773	90378	6455	641649	30811	1291	757	9875	59283	473	5195	127703	79932	54707	23038	3339	5567	22823	3321	90874	85369	1952	481	261726	5451	4259	5202	5546	23179	80222	57530	81609	4170	81611	29956	2029	65005	79805	9015	55061	8751	7170	9898	1944	57459	3608	6016	65123	2590	79573	51097	1130	4931	375	142	22874	127829	27436	51542	84874	23020	23233	94097	165257	23190	114805	8502	151194	79137	58190	57574	85403	51143	2803	9039	10550	26018	55347	10840	9711	9730	9353	90113	1609	57205	58478	817	493856	287	54532	92345	285533	10299	1016	10769	5295	10184	23635	5921	5066	55814	153830	78991	91272	10814	340156	54901	26045	26249	22838	54511	84553	221322	2830	154214	57583	9202	2768	5814	4191	908	92092	357	30011	94122	8573	6567	55634	9203	8473	29934	1730	5631	55086	84443	3358	3547	79618	55909	91782	11212	6867	7013	55638	1807	29967	114569	80728	115426	4781	26267	414328	54886	7357	54107	6836	6834	80142	114789	56904	57720	56623	9919	254427	221061	80013	221074	6935	92211	818	2746	10556	9118	80313	84280	8525	85456	6749	84364	10658	6188	1813	4863	60496	10525	26007	9219	9651	9538	9638	6327	85449	22866	84159	57626	55208	23284	2823	1740	134145	85458	1737	57512	7068	55293	121551	89910	9231	4143	114134	22982	2132	10873	132320	2059	112936	23310	143187	1814	152485	22944	54842	8853	80014	60485	51594	2674	143384	7073	29970	130074	26353	79596	2895	6014	120534	498	134359	117143	9456	374928	9397	284312	814	55521	255967	5213	2893	79925	4154	133686	23171	2697	51351	115827	5352	152789	51061	64682	1070	3192	5903	25909	10461	84910	5937	6328	50807	22878	79888	57407	25827	7342	5789	154043	10428	221895	80790	1054	140890	1105	124540	781	221302	284161	116150	26289	26256	135154	57338	56172	84897	1010	9868	25890	7345	375056	91694	126731	728577	8470	6921	4685	27342	80746	65258	51560	81552	139322	80028	129684	221264	5799	23097	64210	55361	118813	65983	6566	23367	2890	23165	10670	92370	114	116442	23426	3798	23362	90550	91748	145483	2776	3778	10600	10694	7102	7074	22986	9556	5097	51001	6832	1915	25921	9530	115509	78994	64645	23355	375323	123803	23057	9372	491	6529	54953	261729	23648	9069	776	3815	132949	54778	4643	84187	4599	25966	257397	124565	203197	673	56896	26100	55113	22808	55179	26053	3745	340348	90121	124245	9753	85414	115992	4681	3362	7391	9191	65018	84134	57805	56990	2035	79053	8867	6651	9900	714	1827	65264	23515	51094	5710	23400	715	11189	197131	1636	9813	84303	9114	29	55108	54020	23076	8566	8568	4047	5116	23181	138162	10444	57731	23387	9159	55129	9673	23218	5745	10603	8878	60680	1857	1173	55324	115399	6427	25946	80174	160622	221496	51728	57465	124222	22941	10825	2785	51727	65260	79699	57190	84328	148930	553115	5928	255104	9077	64123	2634	127002	115361	10092	57863	93185	23385	79762	148362	64216	163882	129285	51127	347730	3754	151354	3760	150726	56916	10611	23248	388695	6944	10602	57326	204851	285203	476	317649	92703	10109	7203	152110	64343	201595	23114	23122	8802	5584	151651	8618	23001	132204	80145	166336	152926	7871	57406	78987	64419	25898	84343	57456	79443	55689	8314	7086	26043	54965	84448	23173	3015	133308	5364	8927	256471	79012	64850	80335	9348	79884	26269	51313	4886	54726	25836	84059	153733	133619	55109	202333	167153	57763	134510	10412	84340	10370	94081	168002	79685	10569	22853	1508	5828	5885	27012	5001	23353	26173	1020	7534	25962	91147	9897	51271	54769	79698	3190	84302	6990	26130	65268	65083	7415	219681	143279	83550	283209	51585	9147	118987	23172	169714	63877	64324	7248	3251	57447	55701	142940	85459	79101	9702	11245	83700	55530	84706	2200	1152	9529	55323	6609	54765	81832	118490	84460	6764	222865	123169	50810	23423	7184	10904	9640	113201	164	374654	55897	84516	54386	10369	23306	23339	54893	7529	23582	4088	4130	64400	4141	2923	129049	10999	57611	6668	51704	1398	23102	7644	257160	146713	6240	112476	29123	121274	84940	57701	10653	90522	85300	1613	1938	10501	64359	90990	283248	84926	7775	283987	6730	146664	64223	21	1642	2495	26580	6520	9881	3921	956	5871	5049	3761	149603	3516	55788	125488	28511	359948	3800	57215	54899	115294	3660	378	51362	203190	11273	661	2237	1128	8754	157638	255743	54910	10098	27065	3354	10815	5604	3667	367	25849	90362	23099	126129	4330	10636	8706	7881	25942	9839	3094	64118	3185	1501	9185	163590	51621	1107	7532	9283	51617	23235	57484	84640	2018	166614	91752	55890	130827	160518	202052	164832	5209	23204	5272	6773	26145	143425	79145	84669	84864	79188	883	4534	55006	5581	29071	118812	81603	219738	283742	124583	3777	27115	283455	8941	147179	4135	5356	22883	8507	2186	57449	55729	6919	10243	57687	23261	596	170394	5394	4300	246243	361	7857	11346	2596	253152	51315	54205	257019	10605	114900	55352	8708	10248	10231	64137	9854	10978	4299	3054	408263	10125	5883	93550	79612	90288	283985	8824	6670	1717	26960	10524	10777	156	283450	111	54625	22885	91749	2804	158399	49854	56977	4296	713	712	3642	64801	5797	79834	29903	51134	286205	64802	9804	57674	163049	27333	9973	54872	10594	5306	23612	253959	389524	488	55055	6124	170261	26047	158038	400986	148808	127845	79647	11041	55196	9610	254263	26470	253980	344758	170506	1488	9435	79683	545	5708	10540	9776	89792	23015	56675	5771	219749	1212	4023	64770	9092	55844	79772	146691	122046	23399	10458	84747	116068	9807	10301	339344	159371	6051	163126	126272	283377	254531	11145	148252	2788	205717	197322	8851	10409	2902	9240	4062	140775	4524	10522	345778	6330	196527	8408	284716	80205	347862	11253	3738	3737	7156	253461	64110	7182	51046	79751	79718	401474	23283	56975	9772	1176	7334	55272	283417	92949	9659	4729	85460	205147	340152	63917	114798	7766	284241	55175	404217	9852	84875	23512	57184	5198	399668	51341	7284	127254	55030	93621	124904701	160335	2193	285343	5781	23241	1960	10472	242	139065	3352	23580	388394	220202	727957	9495	7710	22864	9378	401097	11336	157695	4947	386618	222166	54494	374986	85453	55432	1132	64388	23513	23510	283554	25994	64219	389197	92815	9625	23109	168544	5912	54112	205428	57463	22820	10193	79673	134553	55228	3418	91304	30820	283989	23641	2131	81532	10159	7325	3739	2567	338707	8905	785	122553	23236	4692	7267	51335	345557	6000	6734	9112	124976	161	5121	57118	145748	2621	2842	5877	83698	80164	754	9802	9403	27439	284656	158358	10946	339039	728340	51118	253143	55039	146223	23466	57528	386617	339416	89876	55243	10766	130502	71	8663	8508	3786	54328	283871	220	401145	6586	256714	645974	26039	253769	340542	1850	5413	55967	1812	90135	6612	140597	752	80757	6092	389257	10509	57419	149175	122622	255275	387263	64409	266722	25840	400451	9899	5592	6667	8224	730094	4733	399947	56479	80333	348793	527	257240	5727	55599	23299	220107	84871	84937	57496	340529	4675	260293	3840	4674	401190	23040	4771	7328	613	147645	53373	164656	342865	23270	2650	1630	9863	375612	1282	9742	7874	378884	28986	145173	51393	2563	125704	729956	29978	51463	375790	5575	374383	390927	5359	54914	1121	10772	4077	57186	345630	344838	6613	84247	23029	387921	149297	339287	120892	642938	26155	5649	23450	340120	1364	51155	54510	7259	132660	165186	9729	23708	3146	139735	282991	151525	9687	90321	6829	57573	2917	3376	29068	54413	9361	8295	55190	222553	7699	30849	51434	399687	165679	4122	8912	23654	55966	55684	112479	51321	4763	154807	961	64771	343990	2316	161424	57181	199704	388566	163227	85379	388662	399909	23507	27044	146540	10438	23061	25959	135398	25788	128486	84301	79027	104	55753	50861	142678	26037	57799	6709	5253	5660	197342	6884	23315	339318	8733	54557	81553	28512	85236	55035	115948	140885	57209	27300	54989	258010	777	5178	219844	340578	439	444	10724	9747	158586	51062	339541	11321	285989	9874	4326	221477	801	286319	9060	55705	23116	124930	347731	22834	9578	26049	25829	2475	192683	283489	9909	146923	100129792	830	7150	6721	9737	57692	1756	9848	26128	7052	9867	259230	64423	84288	9293	387066	2664	340745	221424	340543	3633	340527	65979	6891	550643	6048	7936	6392	7920	90233	440894	2794	90333	83538	57469	390205	84912	79583	286144	65986	55366	613212	10527	54458	25851	255919	100506731	51451	339674	403313	3823	10921	131118	220164	201475	201562	348801	8292	131965	114786	338799	339263	441518	727800	23636	163486	10962	84986	402	23234	5500	51517	7693	729399	3672	79729	339210	92482	51400	55384	64506	400954	23053	221092	84461	137886	134111	440270	55449	64601	388815	55628	283514	729515	100131390	375190	645191	6844	5534	91584	5520	118460	6293	1159	642852	101927027	347549	285954	285878	100505996	721	221710	107985246	400765	100507171	123706550	101060691	100129480	65010	440823	101928118	107986806	101928616	56967	401288	122539212	101926971	114796	100131244	378805	114821	389813	100505771	151484	643699	100506930	107985040	101928000	102724571	8629	100507506	100507261	84968	654841	220930	91368	90120	101927248	81567	10432	51373	158	5098	358	10687	56097	100134713	27297	57026	10093	10552	8577	539	5297	727956	23600	23089	56134	154881	84450	9054	1650	10137	7335	720	10443	386627	101929066	101929595	645323	100505648	121233923	654790	100289230	56138	25907	100507043	100499177	101929709	85358	157627	56100	55000	552889	5591	56109	56099	54551	55845	23741	27164	26065	105369758	51750	283624	102724814	6038	10381	29890	105371240	101927402	23732	9236	103344931	100507421	23246	106456574	100128822	100507050	100287616	148189	56107	283887	100505576	140735	23380	101927275	57597	83593	8031	108783654	100507218	728752	100507433	29057	100505761	400818	112398	152217	728841	91608	79148	338758	284615	11165	8447	107986163	100129550	101060684	112441426	100131997	30837	140883	57223	11276	11072	8396	1602	284098	100287808	4747	28755	79893	31	101928238	728317	84311	100132249	101241892	359809	55056	101929059	29798	107986669	100129223	112267986	101929748	122319436	84726	285905	100131998	283922	400322	728448	654466	124906262	399815	79986	80862
gtex__nucleus_accumbens_basal_ganglia__M001	889	56603	204	10180	5577	10943	57414	51573	151531	5048	29116	9862	7095	7812	29954	83932	3097	1185	9902	9546	51099	54799	5725	8193	5286	672	10463	9369	2273	2554	9921	64429	211	11171	3459	55591	286	2896	56052	2530	9497	9172	26064	54908	3937	9734	168850	4254	51528	27122	51474	9498	10198	23223	1112	55745	10079	26999	57602	6646	5318	2665	9474	57504	4659	54432	5128	55650	23063	10838	22998	6873	5476	8943	9892	10797	4802	4287	2263	9650	5255	7813	7216	6857	27248	5597	27440	23446	11099	6949	79658	51109	51095	6557	23151	64778	60	23609	25996	4292	5915	7155	2975	5527	27098	9984	1653	5794	23011	27244	10847	28962	11266	65985	55100	114899	7514	11342	9522	7760	2060	55230	51194	10573	54469	8898	23645	56970	6452	5744	6790	55741	51161	2280	5829	55614	57655	23193	51726	2802	8761	55763	23256	9878	8487	1384	51322	3096	8317	3983	22931	387680	51586	23523	23598	9681	10043	23543	23351	10419	9786	23002	5494	3091	89932	57820	5106	5360	23613	23394	1522	28231	26205	9770	57144	23347	412	79868	4168	5230	9767	80183	2259	81617	8428	26512	10664	79650	1186	23062	5934	23322	23420	57020	9810	50804	55284	54332	64089	90459	4924	2997	54938	10848	81857	333	22900	2901	154661	10135	835	24146	95681	4232	2737	7046	54829	26468	55664	54662	23064	5599	27143	657	9562	91452	23185	7511	8036	8453	64081	22794	8787	51003	9267	5573	54757	7531	54868	5376	8649	7323	5602	2549	6164	7466	1665	7468	29118	1075	3312	54414	83480	28960	10612	26973	1982	114971	441631	4891	10988	55110	56890	57122	8078	5992	135112	116369	4172	22858	23195	60682	5191	7957	7922	6908	55819	4001	10923	23398	1452	5096	25852	2257	57088	4820	4691	10096	85461	6711	57142	64895	84173	9736	25843	84812	3554	3069	151393	9167	390	1386	2956	65977	4139	6342	55103	9528	11315	6421	81563	34	59349	4179	1266	7292	55758	57134	5955	23271	9465	6446	10329	64747	60526	5524	8013	26094	112752	1788	3416	3437	284058	10171	79886	29126	5110	57480	6950	84318	80209	10808	83468	8405	9227	64282	80218	9409	2170	11019	55791	343099	11335	51251	11319	10755	65244	29994	9217	57169	10199	57380	83732	55026	2868	79902	64794	84172	10236	10131	64430	55112	83744	23065	23499	79066	6049	5782	2770	5189	10739	8924	3712	91860	5682	57153	196883	4901	81533	6192	55274	3949	51250	6874	23404	25926	23345	164395	1327	4772	5538	64432	7322	3337	65249	54862	85363	51540	2926	63926	7818	56259	25778	54885	57180	83857	1875	22800	8650	1965	7428	2947	10390	23175	79577	91768	29015	26519	3703	1514	51347	6926	9988	25821	6885	967	6302	3178	10956	57224	1660	55619	9470	80210	55681	55213	1910	1607	7716	11143	4711	57129	9314	5168	152006	129685	338699	54843	23213	6386	84259	64776	57569	27229	102	5495	79172	10128	1838	26509	51163	55759	81556	51191	3184	658	901	79807	5530	5998	91445	5830	6895	122830	112840	91833	146050	663	6727	92912	10099	55466	8826	79631	84656	79068	9785	2653	5170	8533	22901	10939	7157	57521	4152	201456	2064	3454	9980	207	23521	10026	25874	57592	9869	5298	23126	7159	84451	116841	92906	805	6233	11159	129804	57282	80852	8994	8893	81608	93627	56034	4651	64924	81545	10318	10146	54438	51473	3486	64418	7403	55869	526	8601	54904	92140	23245	56288	220965	26091	8038	55327	51074	10480	79780	472	57325	51524	256364	3619	51092	5331	143098	51503	116966	54545	120379	5805	9223	1456	64067	27034	1909	2313	2555	26278	64417	667	121256	9910	253635	57105	26040	57724	24138	7402	9453	85445	10283	9425	1601	5801	55079	54463	79705	201134	10349	55740	388650	518	135295	2551	9510	84532	55326	29761	65062	25769	137492	84108	9791	3098	142891	137970	1974	1376	1859	347734	9162	136306	84255	79623	127262	195827	2176	114928	9542	55607	56946	267	8883	353355	10020	6464	103	84939	55260	91010	51005	6159	84447	50651	114803	8880	11080	284695	7412	2135	23528	100288142	55083	824	27185	132789	113510	55249	79885	5274	3428	25871	5783	11073	113444	55193	7884	114625	2982	80817	90826	79993	836	84135	7098	23305	2898	168667	7559	23462	619279	117289	23514	6522	501	94241	203259	84267	94134	1073	220963	123016	222389	120939	5979	259217	783	27291	9221	2562	10818	116159	119504	119710	8495	9866	23300	5598	5579	27018	80975	144100	9665	124491	162681	6809	10982	5090	399665	81605	54920	6786	7171	147015	148137	137695	117245	1499	29063	2786	60684	134218	22847	54851	10251	153241	1876	3187	79663	7059	51305	1677	7360	6091	55031	84140	2720	143162	10678	57148	8493	9788	90338	9637	84522	55863	81831	598	1826	51523	151827	5728	5621	83660	51030	7764	28998	140733	7572	79694	169270	80011	4615	79877	55731	51504	256130	5091	5707	5936	947	8722	253827	144577	9416	57659	3981	10302	266743	90806	51574	6731	152815	201626	256356	56674	55508	79666	7525	9699	161176	100128398	54503	153129	84942	157807	28976	57104	2885	140461	25915	54762	1662	25970	389072	2066	2859	284485	147991	5187	144348	116135	22827	10194	66004	200150	90411	169200	404201	284406	11022	23336	23265	6304	22906	100506380	9628	8241	28970	54880	4600	57634	51807	100288332	114781	219527	23258	254887	9276	162239	5142	9923	201501	155435	9823	146198	26985	2157	23768	283820	55015	285600	54622	9146	79184	169611	89782	5034	10933	84924	120227	10623	55693	728621	342035	54331	11118	100129075	347240	23275	4673	7100	6917	79048	284434	2963	285193	643155	340277	23036	196528	3556	11122	50859	64218	9901	79754	2547	100289635	2104	3066	6925	55532	7442	147686	8187	128312	23365	221785	3482	123096	51703	54798	4644	9719	9228	613037	9814	23334	144717	7620	83699	987	27347	10479	29883	919	4976	57713	339448	2812	148418	26071	26146	55219	1616	659	55777	6992	8293	10866	22908	11116	22828	6827	51075	8906	55739	26140	387104	1654	606495	642659	439994	387486	101927300	100287366	2074	8505	51275	92249	100507582	729678	497258	643911	101928847	729082	100874002	100885776	101927359	339874	157376	56112	283440	105370648	145820	101927957	400657	9939	80022	26974	149013	25832	100101267	84740	80039	7703	7772	145783	105377209	124902204	107985115	106660612	114819	727758	100887750	100125556	349152	100093631	253039
gtex__nucleus_accumbens_basal_ganglia__M002	381	10127	221	55735	728642	1407	2067	23324	23357	22902	10062	3755	11285	8554	84908	2324	259282	23517	11284	54875	64848	10319	55850	27095	51602	55540	4710	782	79641	6093	51447	57560	10640	9130	37	57719	9605	23505	5362	4034	51150	131544	51668	6604	3682	29992	363	51605	84196	55644	10013	1725	54187	3189	5434	113177	4616	27037	56241	51733	129138	162	11020	9978	83746	55687	5372	9889	5684	7443	328	9985	25876	10406	5935	54457	55757	23295	11151	5257	80152	51090	1723	23417	58189	64428	84264	65990	9028	23059	6810	9455	1936	7993	6625	11129	55111	9441	51073	11140	9266	26121	25789	57130	27000	10282	84182	23658	56913	6424	203	51010	83937	1787	56647	10539	9144	6945	6442	51264	29098	90410	9094	152503	10227	55805	26273	4192	55846	4055	10384	51389	9025	26235	10973	9444	8382	51185	9616	7841	64427	79031	8576	3065	965	64960	9129	64175	1441	10965	80314	10987	55268	11155	23597	10212	3164	5393	84080	55905	27296	5105	55577	88745	55715	51081	9491	7389	22863	53834	5300	50809	5471	80115	64172	84268	55320	25759	81926	6303	51337	147965	9885	10585	84326	93974	55337	85313	4148	80895	85451	1116	8471	84106	84250	54663	6441	1573	79070	301	948	10228	23479	50853	54881	158427	11258	84300	132864	55177	11107	306	3033	326625	161253	80349	585	10066	4240	29948	54925	90506	90507	51651	10650	284111	112483	94015	3607	126374	10256	84970	7371	51093	8991	23557	9580	64969	113419	6574	151313	6323	132001	114790	29926	55164	25816	401262	253714	51390	221960	89122	6770	92399	54788	60494	283212	93081	1646	91409	81615	9987	166647	124402	7508	333926	64319	10311	8365	130617	94104	873	89970	79140	55721	29101	131076	755	3275	11182	563	4796	51149	222229	126321	3678	1973	7542	54987	467	200185	64320	9861	285368	9204	79753	10424	91137	134549	9263	222962	84270	3636	221154	122945	116225	90809	145376	56339	91252	116173	114780	91433	375607	51755	64122	7769	4597	84807	284339	51031	4723	10476	1877	7439	54541	2339	55602	83657	53407	55308	5480	56947	10960	53917	284004	201255	5881	4071	7584	136	4862	80305	284076	203062	5293	93426	163255	10465	1051	566	25988	5499	118487	254122	55191	93624	340252	203054	2745	128344	152002	582	148014	9662	126328	80851	146712	401505	8607	375757	340481	29882	339487	28232	374819	6470	29952	64787	441951	4094	283284	122525	340390	255043	54952	3059	404093	64782	200205	375748	26233	55256	79174	11066	10572	10519	3297	59307	54014	159013	3916	402573	353322	101059918	4501	23048	4059	51547	285093	647024	137392	1806	144404	134637	284697	399948	441191	342132	100	837	113835	341676	400931	91373	373156	222662	92283	89848	85028	26275	65992	388558	169436	92565	100113403	134701	84455	257407	6920	4855	80863	643008	84501	1874	4496	9946	402160	50840	2532	1427	51239	2946	84342	3931	2086	10011	27040	10379	2592	730087	8904	768206	4636	100506302	25858	101928464	728190	101927117	440498	100132677	101928222	113178	100507057	124902439	401251	112268276	105376736	105370670	28985	55853	344	100129250	645676	100506469	154790	100507398	105378828	387723	84964	51608	101928085	84129	115557	57002	100506994	25764	632	26063	340526	64968	100129917	101929340	102524628	105375666	729991	283177	1519	10597	11232	100506606	379025	643246	124944	107985879	26589	642366	102723670	100507303	730183	339290	80755	100996660	105372321	8517	124904535	101929243	79873	728229	285796	130932201	128125822	102724156	56260	90499	389033	645784	2630	641977
gtex__nucleus_accumbens_basal_ganglia__M003	55732	5164	57157	79017	27072	4057	5238	23649	1355	10771	9782	23386	3082	4331	57210	3298	25897	54455	10863	9603	23101	23504	65056	53340	8625	11218	9351	23536	55248	57595	3430	7030	6160	6196	53615	22905	51009	9671	88455	56922	5108	57644	8668	60509	3030	81929	28971	55608	10961	55285	9352	51168	5742	200312	8220	11078	4809	23539	4174	10175	51527	26133	51098	10732	10398	9388	81602	79006	7329	4150	23205	22995	55192	3646	23484	8677	51231	10994	51343	54922	10430	51599	7461	55149	219771	8153	10014	5957	4126	91057	10938	2965	25766	65117	55856	8724	8899	730	10902	5201	4968	590	5576	2888	51652	115353	51253	515	51463	10327	8548	57488	196483	9330	7320	10577	3433	64411	4801	10174	8743	84083	48	8805	78996	8034	84650	23091	23583	29078	79586	6560	90203	6431	221443	583	23157	79144	8192	80207	8242	7517	79414	7067	22826	2123	80833	8459	222256	56984	8424	27180	84962	6397	80185	25873	10844	26152	4037	126299	79228	6388	93611	842	51241	79022	3572	9704	3300	11137	55332	83605	10588	51204	83990	64844	26750	9656	58487	96764	51374	9360	84888	4704	347902	92979	84260	8608	60314	8451	10169	256586	463	27043	4089	10907	51070	6135	5686	81875	5778	4211	79634	6167	55651	221935	50814	123	22921	5995	85450	196294	7761	6094	84623	22948	196383	196513	54995	9472	51562	5281	6868	79682	291	56477	5163	10160	55351	10069	7381	159090	55093	3361	1831	90993	5192	63875	4690	2207	57519	150275	6285	9592	54784	339123	130162	79677	130026	4043	9255	51385	4085	55314	11157	54468	8559	57608	65991	6297	145567	29117	123228	25820	119032	3419	81628	10632	2879	113655	124935	1632	54949	84309	7266	80346	2675	8313	10421	126669	7480	79724	58485	7324	114825	55038	203245	147807	94103	10892	3603	2783	23491	54961	254102	7423	257364	11163	10276	165324	8557	23269	400073	81490	79898	1479	6197	4808	2629	253639	2907	729614	51333	8334	53637	388341	51021	79087	100506504	83733	23705	164684	29796	5101	80213	124751	391356	286256	123283	7026	10336	200942	283149	148254	10345	11006	129080	730098	9045	85302	345222	5770	51399	100287569	3841	219623	307	7697	6120	9019	147949	7169	9652	11179	51490	619208	114769	7940	57540	444882	10206	149837	9289	317762	414918	153657	645426	55779	246181	534	79086	134121	79716	25817	554203	389634	643837	100302692	100506178	101929947	60674	389023	101928153	100507557	90271	339400	645434	8420	128977	347689	7268	101929524	124901151	100131089	102467147	90342	401172	101929415	102724064	84334	102606463	100130111	100506844	100506071	100128881	101928738	388677	5348	100505549	103689912	677769	105372419	100507551	105371745	100507032	101929733	404672	102723582	123624	284106	101243555	100846978	105372079	100421372	728743	124909397	158160	84278	100288175	127239154
gtex__nucleus_accumbens_basal_ganglia__M004	2729	54677	55049	55001	1951	8798	7756	51533	5536	51667	9052	51177	65980	6301	9454	8531	10402	10147	23294	7629	119391	5214	865	23198	7353	2046	114880	10998	55663	1307	2017	51720	2521	7018	53904	10101	25807	11154	79038	9692	5721	79863	64743	8260	3299	55815	83752	56942	8312	10295	84148	56986	79735	81576	53635	9141	374882	5683	9275	56654	5730	11196	10360	79132	83871	9379	57696	8683	51011	25801	374291	550	49856	10459	1889	9670	79947	9324	57404	80212	81932	114818	11340	84902	57616	653247	1	65982	51426	2971	9904	79809	1908	5269	3659	10485	9322	63941	11190	79654	79717	58513	14	79706	94101	84817	7137	51690	140700	10328	6627	2874	22889	63827	6341	66035	80896	23143	4836	80774	55339	51531	93643	51626	57559	317662	54939	55898	23478	5373	497190	89941	10966	1453	57140	105372481	6518	79169	29920	9391	9125	9140	90933	6993	9589	23412	51501	726	90952	84304	84735	121053	26272	5529	200014	23461	201163	5018	128338	5261	285367	54768	79856	54933	54461	149473	117145	29800	84221	26097	622	29115	5635	4116	83941	129450	554226	388962	90957	116441	5984	91869	134957	285613	79778	23588	138311	1353	1528	65084	84191	80221	51117	26263	124923	84717	55311	2875	55611	148156	388753	84289	23192	3965	23117	283899	79058	2353	28991	6902	115196	83886	80194	338692	5970	84733	220416	1649	4087	2072	344148	440556	51272	8225	285908	284459	4707	51065	317781	340371	51186	3665	54584	388567	55922	79955	64170	550631	353116	6300	375341	121642	2272	63929	51466	100131755	387601	100129858	11152	541578	11194	171392	10242	56882	79607	28977	57708	54870	10455	9055	9755	116228	101928673	8859	7917	730051	4340	29902	1375	100128788	10215	280636	285830	96459	55672	100128264	221786	3995	401022	122455337	100128071	100288428	441072	84320	101927765	201229	101929372	1159	101927924	652968	23559	3692	100506068	101928053	729013	100507401	4671	374887	100874204	101926977	100616530	493900	286103	103752584	10330	105371286	100505797	400612	101669766	8148	9326	107984539	100419515	102724488	101928059	105372432	117134596	105373299	107986626	283755	650655
gtex__nucleus_accumbens_basal_ganglia__M005	23072	5976	54879	25900	10903	7077	4234	3631	3757	10758	6515	1301	4638	25791	56850	224	949	10129	7163	29089	88	79960	7419	11158	51006	1741	2036	5172	22861	55118	84144	55506	997	1690	5641	26090	55245	10528	56853	6594	5127	2717	65057	51172	2138	1760	10469	6511	2931	54504	1124	1174	64420	1993	3257	84445	79991	55572	4598	3736	23329	4839	7164	117247	23438	29102	81562	9381	5510	271	9887	10000	117178	533	4602	57539	26507	56243	3208	23155	27019	57468	79177	2914	79143	92667	83541	84081	64919	10439	10298	84929	6249	1736	23199	29893	5914	55860	6616	1131	51520	148281	7482	51303	91543	1824	22873	2045	27165	10505	85397	55654	79621	28969	274	10730	7111	9550	9856	79731	56965	3706	10017	6775	144165	9107	122953	55114	3801	10040	351	85452	5792	55827	1382	127833	8446	80775	285175	115286	55840	90060	7436	549	774	83723	1006	3708	5800	166785	341880	144423	53354	51571	152992	7273	83873	132	219743	55799	8450	81544	10361	4720	8997	5152	10785	84446	84124	80228	93099	899	55220	574407	7447	80128	285521	85443	132014	55764	64789	27152	7015	10559	57526	55342	120114	509	4745	3747	84936	654429	150290	2801	79759	51693	80700	89849	146212	79740	255738	5747	27247	23119	83985	123591	3035	9229	59350	253782	9915	339122	55871	10534	79703	6712	345757	64837	7025	79415	286499	9500	1731	7054	55076	6472	50863	150084	84536	128989	7378	84319	374977	340061	138046	56899	27124	7625	5071	79896	3852	5138	3861	339327	284677	145873	170622	131034	60312	57591	3914	7741	80055	140688	26052	1500	10497	84456	26095	169981	400710	56114	100130311	100128714	283673	157574	7866	353149	55670	100302401	386597	284798	768097	80069	100506697	100506235	101928403	254128	100189589	102724019	53938	124900193	101929468	283131	109729137	283104	283596	338817	100507266	286189	101928174	440695	105376114	101929473	105369329	100506411	2969	100885848	118597831	100507173	105374338	6905	124901966	84820	246126	100132288	5387	100505687	201283	440934	57234
gtex__nucleus_accumbens_basal_ganglia__M006	8813	9855	57787	1774	56981	578	79645	84062	25875	54477	51564	1606	10954	5315	492	490	55515	6605	5909	273	55968	10044	3594	1120	10478	51550	7125	10627	1478	65009	4363	653390	9738	2553	51101	4858	7138	23217	26093	3036	80714	10392	54927	158471	79176	23125	2027	55291	3263	9828	8567	9600	8437	2054	83461	1432	2030	10307	5144	1627	92840	79906	27101	6675	23215	6185	11064	2531	2891	943	256051	1211	57670	23096	10617	23408	6631	4835	6745	65109	57187	51614	84306	26030	135	9732	64753	83448	57631	81	54897	51659	5468	1644	3691	28992	3939	25941	9700	9290	63027	79969	11309	10579	6229	29766	9169	10150	10130	57552	83853	6715	9180	139818	51312	84909	84504	220064	83706	775	83643	6728	200162	9844	122402	23522	3084	114793	127281	54935	4731	5900	54058	9684	80178	220004	91624	284525	129880	8833	54859	64769	348807	4241	51246	222223	11092	26012	5702	9317	121457	717	322	23255	11142	5569	9427	142684	91683	5870	4482	114926	79369	84552	5339	144132	84232	146802	400410	91050	147650	439921	2130	4703	4978	148641	286826	11156	283643	256329	126520	84529	252884	84307	349136	344905	389541	284338	7784	441168	83862	283601	147929	9260	84619	6714	121504	23230	100128531	10919	1639	5699	79958	101927905	63920	100505696	9842	100506810	400604	285735	728730	285084	6892	121853075	101928335	100506108	415056	105373390	23761	348110	152206	728081	101927233	100996385	283731	148898	100506462	100287592	101927503	100128233	101929089	254559	124902988	4157	729911	79178	101927751	202020	400622	503538	401612	105377633	101928965	283483	101752399	123706513	26574	112694756	645485	728262	101929780	442524
gtex__nucleus_accumbens_basal_ganglia__M007	23098	55610	56928	9256	23542	80342	9031	22955	23187	25960	5981	26262	11174	7984	7089	84217	30836	10420	4185	8578	57662	779	79891	9489	118	79944	57506	57062	393	2099	55632	79157	9942	27352	8480	113278	9751	51566	10166	1891	84167	85360	5802	3249	29062	11333	7036	3614	4899	28959	644	1842	81855	55163	2145	55296	1594	51147	5467	81688	51053	7942	11120	7867	9595	2677	51102	57568	22954	26190	10783	2281	91687	79828	60437	60598	81578	27109	55154	286336	7263	9535	9473	6535	2161	2330	10401	23225	55748	4629	84125	23075	5977	9743	219855	54606	7080	1101	150472	7743	5607	254013	54934	79798	9905	113230	1513	51686	56950	55224	54465	55646	57721	153527	54540	4794	84310	7569	55630	84895	196743	27315	79869	4253	3606	90488	288	129787	160857	9337	118980	22976	171586	8703	149076	55823	200186	23623	8741	10482	126668	8545	134	2199	2992	349565	202151	55798	216	221656	9200	154810	8539	146227	6778	57171	64174	762	124045	197259	221749	4798	202051	341019	51545	54811	93134	7064	6606	285268	148979	80227	5029	79635	7298	2524	147912	2314	117608	2731	79818	55095	100506127	64582	285973	56849	102723701	84206	388121	116447	83943	646851	5719	105	2124	157567	115560	129293	79840	84527	4661	83931	9883	55340	79711	29966	340385	58491	7919	5365	55251	53344	8449	388135	3426	253018	102724826	1454	101927420	654412	104355426	124902280	7503	414777	100132948	100129434	101927289	90673	100131213	101927612	285505	90423	100505616	91948	161582	107984813	100130522	123706533	283521	105373429	221442	340591	100132341	399761	337875	84773	79963
gtex__nucleus_accumbens_basal_ganglia__M008	3920	163	9043	83930	54903	4007	972	23034	1462	4481	84883	2824	8908	9175	8301	2037	2920	91746	334	51171	4637	421	29801	79734	51635	79882	11237	51260	23646	57664	94239	23242	9644	6158	64854	1182	55325	1410	3338	5002	51411	605	113246	5777	26127	10884	8992	56954	57415	1716	8643	29937	84251	97	51646	51248	311	80148	5208	9521	79637	284800	140823	3661	51691	813	58504	83475	5589	341	10095	27243	91574	11127	23647	7014	8932	6210	577	27097	5279	834	80031	3795	6496	51008	84993	51138	84216	7453	6457	51529	54499	52	2987	149111	23671	151050	9686	132299	9166	4915	4851	4684	81792	387923	221336	4900	5137	255027	10901	445815	653361	26958	6002	27151	3689	10841	79957	90557	128240	51705	11168	6850	116328	55503	4712	220972	10910	219287	118426	79789	159195	90007	4336	6575	521	7580	10972	134492	11162	26115	10287	203859	4815	2845	669	150678	51162	22992	64859	1106	1267	339855	54998	158135	23625	254251	81858	401563	23760	399664	3985	8214	80764	4303	11124	6450	254956	6228	10507	8632	29780	728661	162962	5456	92070	57522	51108	353088	100190938	5696	4795	339453	55851	4207	51025	440400	101929407	101927084	100507336	401093	202299	57553	55861	55766	100505875	124903732	101927288	54460	80054	100506713	112812	100270804	80725	11056	101930276	101928737	352954	283777
gtex__nucleus_accumbens_basal_ganglia__M009	51226	51121	1535	8537	60487	5134	56666	5891	64857	55105	2872	10633	128414	84557	2321	51283	29086	10049	6387	59	26098	5414	4669	26511	3910	3155	54853	56943	8675	84693	23263	8930	6035	8572	23135	3508	9633	84923	55119	79587	57231	84681	5876	79675	6938	27005	57657	29097	81786	340351	220869	11023	8479	2209	55835	10950	54819	153769	64897	222068	23308	213	10922	51084	55172	9318	51700	79001	132158	201254	653784	83591	83759	6138	64785	100652824	8302	79135	374395	1762	200728	83715	90835	4155	1902	7405	54470	84243	177	56953	6606	2595	84561	112597	348262	100131801	105371450	102723508	79940	729993	102724768	85014	100507602	10016	255403	100507377	388610	107986898	64150	106660606	100506070	100131691	100506036	124907726
gtex__nucleus_accumbens_basal_ganglia__M010	23071	355	3700	7042	2000	54985	6923	3191	92960	166	28974	6009	2274	4953	6146	9588	5918	51622	55847	514	79639	10365	10975	10452	84816	25814	10346	23743	51371	1284	4609	90871	7009	57707	83608	84299	65065	6161	101	133383	115416	8764	79081	7048	84818	3148	11341	27089	6157	11314	200845	11337	4696	23023	6169	7694	284358	5441	144347	6635	84629	653440	374899	85002	7373	4697	9858	6168	790955	100128946	400941	2013	147040	100996307	10195	678655	100506409	51537	3109	25850	127138868	388327	100286844	284276	386758	100288122	284021	118568828	124905142	124909396	142913	4500
gtex__nucleus_accumbens_basal_ganglia__M011	29781	3074	23593	28968	6882	55168	255057	5064	6598	23464	10084	50855	1512	2217	4946	10775	6223	6119	4256	51020	10846	58515	5947	56655	79033	53335	8702	101410538	10436	5338	5819	25804	11047	1349	79921	11061	79035	92579	8543	6637	7873	8667	10280	25891	219670	9184	112942	79005	130557	154791	1345	784	388969	4493	83450	148203	51126	440574	10209	64856	84698	1728	6165	91689	131675794	91404	54834	149345	4539	81856	23564	3115	148413	100506392	4509	102723775	100996842	6234	51236	401232	109729181	105371414	29964
gtex__nucleus_accumbens_basal_ganglia__M012	2115	1634	6307	6717	9452	440515	102157402	8697	25793	23774	56062	10204	4173	2077	858	7091	27309	55603	80315	23150	51555	28972	4780	9789	56122	7852	100505741	466	8089	55902	10742	10894	285148	8836	839	4060	51380	81624	23421	51454	83939	2561	51125	51110	79691	51582	55529	64092	130132	57650	8323	84457	840	55273	55276	2705	2857	257194	7690	84851	79659	222194	388335	163081	150472	5718	10210	128	399818	6046	729852	100506826	100289274	100130155	81488	91893	101928963	100506710	84809	442523
gtex__nucleus_accumbens_basal_ganglia__M013	4145	9846	116254	112885	65993	3781	25861	513	5625	7494	55969	1471	3783	729440	9149	3780	2022	6484	54516	10675	79825	8942	84634	79269	92675	631	94030	91107	60484	4907	26056	81873	10817	122616	123920	10899	11000	738	11030	57685	162989	10712	4000	6137	374875	10446	84331	10655	8636	124817	126003	124842	8073	6006	7390	642968	4828	118472	503542	51157	4056	6150	9278	8742	387521	161497	79154	100130015
gtex__nucleus_accumbens_basal_ganglia__M014	28990	816	64951	10005	9097	26036	7072	28956	54537	7979	51234	55556	80763	5962	4091	2098	5409	25912	129563	23457	51128	130888	138241	57477	149483	148423	5824	51072	84315	7536	1841	92305	83877	53343	100129827	114932	54344	90843	219902	5571	4603	3006	80742	728568	6235	339231	100125288	84627	101929302	100506054	266655	441094	162972	100499484	119139901	284395	724102
gtex__nucleus_accumbens_basal_ganglia__M015	28996	57609	6579	6319	23555	10110	10397	4099	443	30850	11240	5354	1059	83543	10749	3295	1783	57471	1318	11226	85407	23500	220108	5305	5860	91369	116362	7039	151647	23176	5653	123606	2861	348938	4642	128218	80781	389337	6900	55182	9725	23303	3792	57165	643965	100505832	100873947	100287559	107986266
gtex__nucleus_accumbens_basal_ganglia__M016	55471	80853	57146	57492	51167	2261	6576	8563	6430	9663	91851	10391	6671	975	7915	5067	10342	4999	387338	8727	25927	5033	56261	23769	4698	25870	57578	5025	153020	1583	64129	10957	129531	29980	51249	10085	81789	115752	4218	84879	2941	253725	54674	9793	26020	84188	124900275	23	728130	100507533	3588
gtex__nucleus_accumbens_basal_ganglia__M017	81887	9091	9399	79091	23152	151887	3483	4507	10278	22981	3551	4125	1297	3749	4337	23163	10616	85441	4221	9413	23452	4926	7108	55676	51205	91156	58526	440026	4054	6890	4881	2990	286262	728294	6525	4582	388182	55959	780	101927621	100506421	100131434	105370525
gtex__nucleus_accumbens_basal_ganglia__M018	54972	5080	3732	22795	54498	5349	3655	23541	2678	9093	857	80709	64077	51174	3959	1181	30818	1757	4678	55544	272	83876	51280	90865	81542	60681	1939	137872	50808	146556	9131	64699	1953	84542	196951	91647	716	10801	64757	5333	26058	389741
gtex__nucleus_accumbens_basal_ganglia__M019	9821	57060	51257	150356	4832	10423	1271	50632	10155	282809	6636	29985	4929	122416	51375	25798	138716	6881	348093	83547	198437	286122	497661	60626	9377	575	284018	219348	127687	22909	10809	284184	55009	401115	102577424	400916	100507588	115804232	100526820
gtex__nucleus_accumbens_basal_ganglia__M020	9933	4670	1821	25839	54758	23107	26084	10560	23093	56927	25953	55201	51308	121536	145389	29922	144406	2539	9249	56997	55139	2787	124989	1436	119559	10123	55210	100499483	79600	84324	81669	100505881	2738
gtex__nucleus_accumbens_basal_ganglia__M021	26073	55692	744	22929	84274	80235	348	26284	389	808	284069	8800	5036	120526	203523	51428	493753	4541	4513	4519	4536	4540	4512	4537	4538	4535	4508	4514	101928537
gtex__nucleus_accumbens_basal_ganglia__M022	57418	998	9744	5050	9127	113791	1983	9487	150465	11046	29923	6426	7547	10898	10449	83696	51181	374659	4311	138715	101928290	10929	595135
gtex__nucleus_accumbens_basal_ganglia__M023	50619	91526	27128	2254	1967	29914	1017	7270	4005	11173	3491	400569	154007	4648	1466	2290	79701	100130771	114826	339451	401541	441239	7975	1147	100132273	112817	100130890
gtex__nucleus_accumbens_basal_ganglia__M024	8439	23338	23041	22933	56681	10269	4092	22841	7265	55075	1793	9871	57466	64112	84064	64772	10713	9001	65265	267002	647135	101927752
gtex__nucleus_accumbens_basal_ganglia__M025	51619	171568	8766	8669	8835	57213	25895	8195	93343	80856	132321	152137	11167	200844	22950	207063	10924	9282	6693	79892	50854	105370333	147166
gtex__nucleus_accumbens_basal_ganglia__M026	51306	11178	83641	23428	51715	168090	23567	547	57693	27	3707	6259	83986	55328	65251	8528	283089	7726	728888	145438
gtex__putamen_basal_ganglia__M000	23072	4074	3382	9108	23028	84254	115703	4706	7982	996	5577	55904	5164	10368	6376	1750	4293	55750	9912	60528	8522	4145	6792	57172	1534	51188	23221	54497	9690	8798	3423	26993	51096	54902	9066	55148	57709	112611	3670	23154	2554	50619	51177	51230	10953	23633	51106	6301	535	11345	159	10858	26009	27175	23274	9765	23035	5874	1175	7504	5954	340533	5798	84957	54542	5923	5662	55359	10787	2983	1001	84649	10513	124925	770	8625	55711	55633	55854	6416	9748	7089	84679	5141	1994	6602	9682	25791	54505	6857	3421	57595	492	5165	55593	4943	3632	65055	10235	5526	55737	8514	5217	6710	440	10947	29105	815	114049	6400	27330	84708	6720	1400	6389	4185	8726	771	26034	3785	119	7587	4140	27092	7879	9733	7163	57662	56949	51412	5915	5063	6626	56915	1781	54518	4133	3093	54715	7419	1620	54472	862	3991	2222	2037	22839	22869	23136	3776	56256	5026	22894	5019	1540	55659	84273	334	22979	3797	22924	9522	8438	27102	10573	2775	57544	57542	2778	10059	8570	8455	9762	1114	3476	29965	8079	25977	8425	8812	51650	10296	29888	9727	84572	2734	57106	4897	23335	11069	84502	54822	4637	10762	23468	54566	10580	6732	28978	11332	22931	5714	54620	112755	610	84861	23523	29799	5594	339665	89781	51386	9701	10126	23551	23492	9145	8897	8911	79734	5905	2287	5706	10668	51382	22990	7528	10484	63935	140730	7165	11255	26164	55738	1917	54976	343637	8760	9751	5173	57144	128866	140679	79913	81610	57136	340547	5634	6855	9016	2010	83692	8237	2245	11279	1821	56271	2259	8874	3839	160851	5257	5432	65009	5713	55238	55512	3163	8925	8120	23359	23312	7782	26258	793	54928	5327	56704	54332	5862	11075	66036	4741	7991	427	10382	1209	64130	22870	92609	2821	208	23646	25999	7087	8775	84518	64748	3780	5296	5864	57794	79872	1749	136319	51678	2887	6804	2051	8976	1174	27075	55069	51422	10927	23731	4969	22949	1759	23413	57582	6456	54926	1855	26033	9806	5532	9148	9644	114815	8030	56521	9211	28964	10900	5709	8787	642	57003	6603	8506	84687	55379	9343	3131	1949	55161	1998	23158	8821	2483	57620	2743	1410	79864	4013	29907	55291	27339	57562	9354	1656	25758	55531	6207	9049	11108	9761	81566	10645	56341	10094	1967	81539	8914	51559	64426	51026	55907	55188	4121	7164	221692	10486	81491	8936	6206	84498	51069	59084	55914	23107	10087	55819	2566	10007	23548	9555	3274	3836	11334	54946	7348	23276	10289	8745	1716	10120	10096	29959	10213	5496	83444	1768	23301	7475	23178	10494	55041	26003	9167	22848	10056	1718	9917	23463	271	58512	9887	127700	149371	9783	80135	5999	117178	57576	6513	79033	2166	23215	8674	27042	9890	5511	114883	10849	4297	6543	22926	79630	6785	81573	4602	118427	205564	54942	2733	51552	54836	9480	56252	57718	54812	53335	4072	26503	30819	2805	84918	56126	39	64374	400	2185	5533	8165	8161	51029	2170	10657	3208	22987	6144	57179	1314	83637	11335	3181	644150	4852	29960	23349	170685	9559	11113	64168	5153	9643	51209	130399	164781	9217	5335	78997	128611	27304	29993	6903	9587	116138	4201	57699	7913	9208	80262	2806	84899	7737	79085	2962	6633	6253	8189	24141	3704	10893	6487	3831	84063	58506	5582	117154	171017	55288	8021	5605	3188	51309	59353	64768	64919	7186	79575	5300	9143	146330	25953	85378	57168	7533	7732	9296	57464	64101	10651	2571	6638	54982	10776	5682	60559	3746	1032	84932	4738	1036	7905	83855	58986	79948	6861	3741	1804	23039	9667	51690	51429	51250	23025	25830	157922	6295	140700	445	4294	57470	10277	22927	2686	529	1327	51132	7187	3748	80762	60412	8500	10489	23108	10514	54496	6616	128434	6860	51761	23281	10810	2835	9201	9365	84707	55859	10313	9215	23608	116988	51669	78986	23508	891	1022	55207	7482	10390	8774	377	63982	23418	4677	57614	51765	8565	29889	51361	747	3703	29979	80759	10492	112609	55122	517	967	27165	9840	116986	5502	2583	23017	9053	6553	80003	2752	85397	80326	50649	84102	5100	9882	1607	3658	55316	80774	4711	6326	2572	10730	1861	5695	79139	3590	26206	347252	2766	23070	7172	85462	9873	27314	5547	81796	23005	51103	54839	3706	56924	10017	54874	8634	85465	10669	10097	80204	6496	10128	1838	10121	310	51008	29081	6741	29789	150864	10152	55032	8916	7222	9908	55752	8999	9061	10427	23710	9746	6843	196500	22822	7786	8562	64062	84530	4857	83851	59274	7168	1039	10300	22980	8533	28987	2774	50488	3607	494470	342667	773	6455	59283	51070	5195	127703	79932	54707	23038	261726	25874	9213	4170	2029	55061	1944	57459	375	127829	805	6233	51057	11159	84524	57282	285175	57624	79137	57574	51143	54977	2803	10550	55347	66000	9515	817	115265	285533	10769	5066	171019	2561	10814	26045	153527	29777	7162	134829	2830	58527	79624	5814	4191	908	7592	1730	3358	55638	114569	51059	80728	4915	54886	7357	54107	114789	221061	92211	818	9118	84280	159963	8525	6749	1813	4863	60496	2900	9651	6327	64405	81928	6911	8448	22866	130813	57512	775	7068	196463	114134	2132	10873	8872	112936	1814	10570	387923	2555	143384	7073	144423	130733	6014	2977	9456	374928	814	5213	160897	115827	152789	1047	5801	22878	8526	284161	135154	57338	9868	7345	126731	518	8470	27342	80028	5799	528	2890	10670	92370	116442	23362	138199	145483	83873	9508	419	22986	9556	5521	6156	3788	27020	9530	115509	375323	6750	23057	491	6854	6483	55799	9162	203197	673	9478	26100	2134	22808	8450	3745	55607	3362	124044	2039	84134	124995	9900	57369	51094	5710	7062	1636	84303	9114	808	55108	203547	8997	89765	4047	138162	10444	23387	1141	55129	9673	56893	8878	60680	1857	4868	115399	84765	160622	6154	51728	115	22941	10825	2785	8613	5563	148930	54587	64123	127002	57863	79762	163882	51127	347730	3754	151354	142679	150726	388695	6944	388962	92703	80128	10109	7203	152110	201595	23122	8618	1040	132204	85443	23350	22950	54585	7707	113444	59343	55764	84448	23173	3015	10424	8927	79012	9348	4886	651746	94081	168002	10569	22853	1508	5001	1020	501	7534	55656	54704	11168	54769	79698	84302	6990	26130	7415	83550	283209	84858	23172	10495	3251	9790	57447	64112	55530	654429	1152	9529	2562	55800	322	143570	222865	123169	7184	10904	9640	3359	164	89927	124491	54386	6809	7529	2923	129049	57611	6668	51704	7644	146713	112476	784	84940	53916	85300	1938	80700	90990	283248	84926	10476	6730	146664	25837	57524	26580	956	4992	3761	149603	28511	7266	359948	388753	57215	3660	84684	51362	9796	1128	4725	9677	27065	3354	10815	293	84632	126129	10636	114787	25942	59339	3094	83640	64118	50834	1501	9185	9758	7532	9283	51617	57484	91752	160518	202052	79697	164832	26145	195814	55669	5581	4884	51013	283455	8941	65989	8507	6919	57687	23261	93426	4807	170394	7857	11346	2596	253152	114900	55352	10248	64137	9854	9915	5499	10125	283985	338692	10777	93624	257236	156	158399	3642	79834	286205	9804	91646	220359	253959	488	10302	7368	11041	9610	254263	26470	344758	80124	55690	22843	9776	89792	56675	219749	1212	5122	64770	79772	57628	401505	10458	379	153364	339344	80059	163126	126272	84277	283377	254531	148252	2788	8851	10409	9240	29952	345778	6330	8408	284716	157807	11253	3738	7156	64110	266812	51046	79751	401474	9332	3725	23765	222183	387856	1176	55272	9659	4729	205147	25970	63917	26251	404217	9852	27132	79415	399668	51341	127254	55030	2193	9500	23302	1960	3352	201164	400126	388394	220202	9495	7710	22864	118672	124274	54494	85453	1132	5464	64388	283554	284406	79147	284439	64219	389197	92815	255101	23109	5912	54112	57463	6478	64975	10159	3739	2567	8905	50801	23265	9951	22906	4692	9312	302	340146	1397	6734	2130	9112	5121	57118	2842	5877	27439	284656	646658	10946	140460	23466	57528	386617	51807	8508	3786	152	126382	283871	6586	256714	645974	3751	340542	51286	1850	84189	138046	5413	1812	6612	140597	80757	6092	56899	57419	255275	56160	9230	55015	64409	266722	6450	400451	8224	5453	399947	56479	80333	10933	5833	527	146760	54103	84871	55330	340529	23621	260293	4674	401190	4771	139599	613	758	23390	387978	164656	342865	23270	1630	51182	7874	400566	145173	2563	729956	29978	51463	375790	5575	345630	344838	149297	9516	388552	340120	51155	7259	23708	400745	2917	1604	1995	8295	55190	148545	140465	51434	4122	4311	8912	55966	55684	961	343990	10447	199704	644596	309	85379	388662	23507	135398	3064	50861	54557	81553	28512	115948	57089	63925	140885	337876	27300	777	642489	5178	219844	340578	439	9747	158586	51062	339541	9874	6262	801	55705	124930	10497	81706	347731	192683	4976	146923	221002	9666	57692	134548	389432	2664	340745	221424	340543	53344	340527	5089	6048	7936	440894	2794	653316	57469	440145	390205	441376	84912	339453	644096	6643	25851	51451	6453	403313	131118	220164	57194	201475	201562	348801	131405	114786	441518	84258	10962	402	23234	4722	3672	400954	221092	134111	729515	100131390	55714	645191	6844	64641	5534	91584	118460	1159	3115	347549	285954	721	400765	100506161	107985190	65010	440465	100507336	401288	100131244	100505869	285084	389813	151484	101927590	100505881	200726	84968	91368	400958	100189589	7844	51373	10687	257068	57026	1325	398	149465	5032	10443	85364	654790	25864	222537	25907	642797	100507043	157627	399474	100507341	552889	54984	54551	55845	493861	23741	26065	147660	29890	23732	150967	343702	644242	100507421	23246	106456574	100507050	79585	100129781	100505576	100507433	375196	100505761	152217	91608	338758	284615	84740	8447	26220	2904	112441426	140883	100419515	157285	11072	8396	7703	4747	28755	5691	79893	84311	64881	102724200	283267	359809	113523639	55056	101929059	29798	124903640	101929748	122319436	100131998	400322	100505687	728554	440934	283777
gtex__putamen_basal_ganglia__M001	57147	3075	29916	90293	6542	5965	3980	57019	6936	3675	9244	57157	10926	9254	3720	6482	23166	3097	10867	55727	54476	8491	5704	1195	55703	9604	1355	440193	10771	27032	477	6683	9369	57476	11231	4285	5583	55591	9519	55334	8498	8100	2530	55773	9099	84245	79567	11284	5685	90326	54884	1495	80243	10659	23196	4052	81037	23327	63933	84321	23105	51742	23596	23095	25771	23201	23118	58508	51663	57095	8975	5218	493	64761	65125	9410	1431	3029	55726	28996	22904	5378	3843	2065	23536	23013	55248	51665	1496	64834	9950	10565	9650	4756	7158	1659	5590	89795	4205	2182	24140	5837	221395	10060	4040	8518	4925	54916	9993	79364	26986	8440	9448	9948	537	6929	28951	22859	23503	55515	10290	7037	6793	23291	10335	83642	10979	10644	6480	1207	55421	11343	59277	23151	27332	9462	2355	27091	6624	22920	4292	55094	22978	83992	2975	23032	10529	5289	57103	8871	2782	117	4898	9139	6507	7145	8556	1785	8417	8671	6595	23431	260425	65985	9812	56113	9689	114899	55322	905	22837	4779	2932	3693	23085	23033	9706	3842	10325	2195	56910	200081	22911	8895	23259	2060	55054	55624	23139	55696	8898	51593	4313	118	10992	55616	57017	6614	27131	84678	55760	6548	10558	51324	27327	3912	1738	23231	54890	83394	51310	23256	25831	11198	825	51430	4436	4214	372	27154	79956	387680	5442	23384	23481	4809	23539	55964	51493	1727	23170	4627	8664	51199	5836	10175	9786	23002	9517	22938	3705	4522	9894	9252	394	30813	57446	80331	85366	9777	51654	9675	26051	9658	55125	8731	8780	6907	4281	10735	340554	3750	2332	10389	56062	54602	80777	29070	79918	79152	83693	9100	7249	408050	8140	6650	23420	9738	79719	123263	22995	80208	7976	6422	9694	55156	6713	4793	93145	10994	8725	333	11100	1954	54922	54531	23080	9512	64327	23242	2617	5803	5118	8985	113263	54664	168391	7458	9355	158471	57589	7016	23586	320	20	23268	5599	59338	219699	10367	54462	56652	57584	79991	9110	4591	9400	4927	55813	1655	40	10014	64750	1845	5602	7468	7358	91057	7704	23130	9828	329	867	10114	6506	29099	11234	2965	8496	9976	41	79611	283383	5869	57122	51258	2597	1108	23074	8078	2026	4739	135112	6428	23195	9439	5528	55754	2030	4124	10902	23530	8622	9685	4437	900	5144	5515	2246	2908	79770	5917	23286	1809	57222	604	27031	7029	590	868	523	64689	55683	57669	51277	4358	57142	55704	10314	2335	6772	23451	55818	3069	79954	10153	23683	80067	1615	63892	2034	2043	23341	4139	7143	127428	80267	85440	6723	6738	23207	23046	4811	51440	4548	23266	8503	1810	2152	57035	25936	8289	1509	83479	9331	23120	9994	26234	103910	56171	9414	5887	23307	6418	26147	79109	58517	55051	57862	10936	54454	29094	4601	10285	26123	79591	84955	440073	9499	51780	1191	8795	10174	23024	7750	576	5930	79903	5395	989	55975	84668	11328	23389	8082	540	57486	4035	262	57826	6560	90203	57580	8202	51604	56937	55661	5184	23326	7596	8239	10385	57510	55831	23019	23157	84172	8192	5469	64412	63908	6238	11034	128637	56926	11190	8242	826	51119	79717	5322	23352	26664	6597	23030	10142	3092	5189	8910	54487	9732	4289	4430	8924	57705	440275	54832	1315	23022	1635	65095	57509	9459	6192	547	79709	375775	3911	23211	56342	25926	54897	7700	23473	64145	54882	8799	57343	7691	5894	23167	80895	23277	27183	9826	29958	10207	10208	4628	5287	254428	9911	55425	55643	123811	23037	90956	694	84332	3845	9811	10752	6272	5738	4853	10717	9475	129607	84893	6660	85004	4038	1837	80206	11095	23670	23287	8728	84749	84900	1840	50640	60561	57231	55226	4076	7024	2799	4193	1783	54583	9857	375248	2317	1102	3936	9805	54606	28988	80727	85446	10241	10238	2058	51133	26750	55627	64855	10868	2800	55833	152006	55667	116113	89953	63971	9856	63027	9656	51439	11309	84811	5962	440279	5330	54816	56267	10964	204962	26160	3032	11117	9585	54536	22891	471	79800	6744	3685	26035	84162	950	306	5530	144402	58516	53919	8499	121260	9818	283537	6601	55206	10150	9990	6652	10169	85455	8125	10363	79661	55180	5045	64784	463	497190	23174	55275	54828	114876	4864	5596	90378	5211	7409	1291	57410	473	84224	3339	26135	8915	22823	1952	481	5546	57530	81609	5298	81611	29956	65005	79805	7159	8751	9898	3608	2590	1130	142	9580	22874	27436	51542	23020	94097	23190	8502	2177	58190	80852	26018	64332	22989	10840	9711	9353	1609	57205	92345	10299	10184	5921	153830	340156	84249	26249	23500	221322	57583	154197	9202	54892	357	30011	6567	8473	5631	55086	50814	526	79618	91782	6867	29967	4781	84131	254427	80013	221074	6935	2746	84364	6188	26007	9219	84866	84159	219854	23284	134145	85458	121551	89910	288	132321	152485	54842	6868	60485	51594	667	130074	120534	498	5163	127933	134359	255967	4154	133686	23171	2697	51351	51061	1070	3192	5903	25909	10461	5937	6328	50807	79888	154043	221895	80790	1105	221302	25890	23461	375056	91694	146857	9989	65258	51560	91369	7566	81552	23097	64210	29761	6566	23367	23165	9601	79831	65062	9844	23426	90550	91748	3778	7102	51001	6832	1915	25921	23522	78994	6529	261729	23648	221481	4643	84187	257397	124565	127281	26053	84919	9753	85414	7391	65018	56990	2035	6651	23515	57519	9813	29	284348	9619	8566	7410	23181	55324	162417	221496	124222	219931	57190	3716	55225	7398	2634	115361	10092	93185	23385	148362	92291	10611	118429	57326	55249	285203	476	5584	23001	5783	213	57406	64419	84343	54861	79443	55689	8314	26043	79982	5364	256471	80335	79884	26269	25836	84059	133619	202333	167153	134510	84340	23176	10370	114801	222223	1278	5885	26173	25962	91147	9897	57462	51271	11244	364	65083	143279	9147	169714	7248	55701	142940	143872	85459	11245	83700	84706	2200	9221	1353	6609	1200	374868	84460	5579	144568	9382	80095	113201	9665	374654	23306	54893	4088	4130	4141	80221	10999	1398	23102	257160	6786	114823	64359	283987	21	1642	220001	6520	3921	5871	3516	3800	54899	115294	624	203190	157638	255743	10098	129303	367	25849	23214	4330	7881	9839	84168	7360	51621	1107	84640	84140	5209	23204	143425	3799	79145	84864	79188	55006	29071	118812	3752	171023	55729	8841	10243	4300	361	257019	10892	4299	3054	10924	93550	79612	90288	54961	6670	26960	111	54625	91749	49854	4296	64801	5797	5707	84733	27333	54872	10594	389524	148808	55196	10897	170506	92369	5708	10540	23015	196996	9092	146691	169841	23399	84747	116068	9807	6051	11145	205717	9884	4524	153129	196527	6197	347862	3737	253461	7182	79718	2629	28976	56975	253639	85460	5339	114798	284241	84875	23512	57184	5198	7284	80169	256815	256472	5781	23241	10472	23580	727957	9378	157695	222166	374986	55432	404201	118442	155061	347736	79701	205428	10193	79673	134553	55228	3418	30820	2131	7325	338707	3770	23236	7267	6000	221178	23705	124976	6546	4703	83698	754	9802	158358	253143	146223	55243	130502	71	8663	5587	401145	253769	9968	79050	2972	25840	9899	6667	399694	4733	8519	23299	283149	150763	4675	7328	5333	55182	23048	375612	51393	125704	126432	123688	54914	1121	57186	147694	642938	26155	5649	23450	54510	23254	9729	282991	79633	90321	57573	284443	3376	56164	222553	399687	165679	112479	4763	89853	64771	128312	2316	57181	170384	7697	388566	3482	400720	27044	23061	25959	25788	104	55753	26037	57799	284370	6709	5253	6884	100506658	388536	85236	57209	1902	57708	84775	444	10724	11321	285989	4194	27347	9652	9060	10479	23116	22834	9578	25829	2475	22887	22876	9909	7150	6721	9937	9848	7052	9867	101928287	3633	65979	55777	7920	90233	790955	286144	149837	55366	5699	317762	100506731	10921	23243	131965	246181	339210	51400	64506	440270	1654	64601	55628	375190	6293	642852	92340	221710	554203	101060691	101928118	122539212	8847	8629	100506469	439949	101927248	10432	158	280	5098	358	5297	727956	23089	347689	56134	154881	1650	10137	7335	386627	645323	100505648	283104	144481	121233923	643783	339874	152742	121952	55000	5591	1523	51750	283624	102724814	6038	105370648	100130855	283692	105371240	100128822	124900372	101928738	200030	57597	149013	105372321	100996569	118597831	283483	100129550	26149	57223	57636	284098	80179	31	105373085	100129223	106660612	283922	155400	399815
gtex__putamen_basal_ganglia__M002	90529	54467	889	8379	55471	10180	10943	54972	163	2115	1352	8842	5048	5080	9091	29116	9043	10157	23542	7095	7812	29954	9031	83932	51603	51533	6540	2534	1185	9902	9546	54903	51099	54799	5725	5286	54443	57146	57658	51629	1774	10046	10463	1272	23187	25960	2273	9921	64429	23071	11171	56052	9846	27430	26064	54908	3937	9820	2824	4134	57120	4254	51528	27122	51474	9709	1112	55745	10806	10079	10827	57602	112885	6646	2665	57458	29927	4659	54432	4084	5128	11178	10838	22998	8943	55176	2263	55623	5255	7813	30836	865	2261	27248	483	5597	27440	23446	10420	11099	26031	79658	60343	55117	26469	64398	51095	5151	9175	23332	5522	285527	23609	25996	11176	7155	58476	9984	23152	5794	51006	23011	27244	10847	56650	6932	28962	57092	4208	440515	11266	5205	7514	11342	10464	64744	10269	55230	51194	54469	8310	94005	6452	55741	51161	79175	57506	53827	57655	23193	57062	2802	57605	2099	9878	9942	10013	1384	51322	3096	25	3983	23759	23598	10043	23543	50	10419	10490	51635	5700	89932	22985	5360	2937	22981	55245	23613	23394	1522	28231	26205	9770	113278	140699	412	158800	4168	5230	9767	2717	80183	81617	8428	26512	10232	79767	10664	79650	1186	9093	5934	9810	64799	10391	7082	64089	51366	54758	4173	2267	4125	4924	2997	54938	81857	84167	85360	22898	5802	154661	29062	94239	1124	835	8662	3614	24146	95681	28959	2737	54829	54662	23064	7763	657	91452	7511	8453	6158	64081	81619	22794	27077	5717	51225	7531	5376	7323	2549	6164	7466	1182	1665	29118	1075	54414	28960	51111	10612	1982	975	4928	441631	4891	51411	605	10988	55110	80018	1911	5992	26127	5467	4172	22858	51715	1297	7915	81688	7957	6908	7060	10923	1452	8992	84100	5096	57088	51555	26084	4820	1181	27086	28972	30818	4691	85461	6209	6711	84695	2202	64895	9736	84812	3554	9173	80146	8576	151393	390	1386	2956	9528	11315	57535	3749	9295	1429	59349	4179	9670	387338	1266	3925	79947	23271	9465	6446	64747	60526	5524	84263	26094	2103	51646	3416	10171	29126	5110	6950	80209	10808	29880	7045	7181	83468	9409	22865	11019	55791	7852	84947	311	127495	64224	51251	11319	55297	65244	1017	29994	23549	57169	4552	6845	57380	83732	745	55026	8603	9953	79902	56731	84266	154796	10131	27245	10436	64430	821	23065	9088	23499	79066	6049	2770	7263	91860	3609	57153	196883	112487	55274	10095	80726	10439	85441	83549	7317	55902	23229	4772	5538	64432	6533	1729	7322	64087	3337	65249	54862	23225	55556	85363	51540	2926	63827	50717	4678	23164	25778	84125	1875	272	22800	8650	83876	23175	79577	91768	1514	9413	51347	6926	5025	577	3178	10956	57224	79786	80896	80210	55654	55213	11173	7716	11311	9314	23452	7099	5168	6194	132864	23213	6386	4750	84259	5607	27229	102	10561	109	51196	51163	55759	83666	81556	51191	3184	658	901	79807	64116	5998	91445	5830	4060	9815	5925	81542	122830	112840	91833	146050	663	92912	10099	9960	1583	79631	79068	9785	2653	1009	5170	2588	9611	22901	92579	10650	55197	284111	7157	57521	4152	93343	3454	9980	5567	10026	64129	5451	51506	7286	57592	9869	23126	65123	3707	80856	284992	9686	9922	8994	81608	55646	58478	55016	285440	4651	23635	55814	81545	10318	10146	51473	84630	64418	8573	7403	3547	2719	8601	54904	92140	50808	23245	84895	26091	710	79096	10658	79780	472	256364	3619	79869	51092	5331	740	51503	2823	116966	54545	1737	120379	5805	5305	339105	90488	9223	64067	1909	2313	26272	121256	29970	9910	253635	57724	10618	9397	130271	24138	7402	85445	10283	9425	1601	10018	22925	5529	54463	79705	55740	388650	9510	84532	56934	55326	118813	9056	9337	138241	118491	84108	118980	9791	159091	3098	142891	23355	1974	1376	22976	10901	197258	415	1859	2078	347734	445815	84255	8764	127262	2176	171586	114928	3017	158787	81544	1780	115584	57685	60313	10020	64699	2539	7757	6464	103	84939	5635	91010	51005	6159	84447	79656	205	9077	11080	2135	23528	467	55083	824	27185	132789	8545	91156	79885	23114	2992	55193	23272	54965	114625	84126	22824	3600	153396	836	1879	84135	7098	221955	819	168667	7559	23462	619279	23514	23353	6522	19	216	221656	84267	58526	139324	84720	94134	220972	220963	123016	840	259217	154810	10818	119504	159195	119710	5598	8509	80323	27018	80975	162681	6778	10982	5090	399665	81605	3481	7171	148137	7775	137695	83986	117245	1499	4054	29063	84879	2637	6575	22847	388969	3635	153241	84179	3187	79663	90693	8706	27247	6091	25924	728673	2720	57148	11214	8493	9788	90338	9637	883	84522	55863	22883	51523	2186	10287	51112	5621	7764	91647	10869	9451	28998	10605	140733	7572	79694	54971	55222	5916	8824	285268	51162	1717	4615	79877	55731	3267	114897	5936	947	348180	144577	9416	57659	148979	3981	6124	90806	339855	51574	6731	201626	201625	256356	56674	5029	55508	2118	79666	63893	7525	284001	9699	7298	147912	54503	57453	79605	57104	3766	2885	25915	54762	389072	2731	147991	5187	55095	144348	100506127	2624	144811	116135	10194	90411	169200	255252	124842	91351	29072	94039	23336	3985	1436	2894	8241	80254	2621	57634	23194	128989	29110	114781	23258	9276	4303	162239	5142	9923	201501	155435	146198	646851	26985	2157	283820	6948	79184	169611	5034	84197	100129196	10623	64757	7626	3840	54331	11118	347240	284018	23275	4673	57698	339327	9863	7100	6917	284434	1287	2963	10772	196528	100129583	284697	165186	64218	9901	162962	55340	647135	79754	2547	6399	2104	54834	55959	3066	6925	55532	51108	1778	51703	26020	6584	147906	6687	342926	613037	27233	65251	79973	7620	7919	131870	57713	830	339448	1756	26128	387066	286411	26146	1616	659	550643	3304	3303	100507436	8449	780	5987	79600	65986	8293	81856	51075	10379	26140	339231	751071	284837	96459	642659	101410535	283089	8505	768097	100129434	7726	92249	57461	101927111	9907	124900193	101927612	729013	729082	100506668	285505	100874002	100885776	57604	2738	440138	56112	100506070	101927288	101929480	284395	9939	80022	26974	100293516	84548	25832	100101267	7772	126661	145783	124901966	124902114	107985115	114819	399761	440248	147166	352954	349152	645166	652276	105375795	100093631	253039
gtex__putamen_basal_ganglia__M003	6405	57679	23098	51226	9256	25998	114881	6853	65220	23177	2067	51667	23357	8540	3298	7133	54875	56204	57492	89801	23593	55850	29945	548645	9150	3430	57560	29121	57661	1459	29894	5566	6605	29090	25930	7319	4036	2346	9489	28971	2036	54997	23415	368	9552	57556	7042	8697	55280	53904	55168	4670	51586	6598	2687	27128	10521	410	55687	3091	55671	10278	51098	80336	5203	55612	10005	79863	9097	10084	5935	51260	50855	64428	64779	1428	2553	157697	11129	2217	268	4946	828	23373	7392	57130	56006	79846	3955	9678	22841	9527	6442	51747	29098	8882	3338	833	25766	23371	51389	26235	10973	10846	5810	80321	9616	2257	8087	79031	8942	5768	54856	9181	1486	10327	55758	56181	23632	9789	196483	29855	27130	3437	4801	51019	51123	55268	65982	30010	1271	5585	84650	23091	1757	23363	84080	221443	6745	79143	56927	140823	83786	8678	5447	79644	23780	389549	6183	8881	10155	91574	10328	10487	5160	3021	1984	79710	79921	55748	28992	84626	80195	10001	2947	80763	1573	9415	337867	9988	6302	51204	51754	84300	60492	51626	10113	11107	79035	60314	81624	6252	2958	6727	79798	221184	8720	57336	10351	1213	51651	6904	26502	114804	55520	5792	266675	85369	55827	64326	25912	8476	84874	151194	6161	7873	493856	92610	1404	153328	64777	91272	253714	5723	340351	11011	27147	10682	6134	55246	6770	92399	56904	10556	92170	64852	738	132320	166785	2895	83734	10557	25827	163175	5018	130535	5261	1831	79856	83850	54461	11189	10417	85395	30815	55823	84988	57125	6427	8741	339123	81570	283237	51727	10630	9249	255104	112942	90557	90957	128240	131474	6259	10252	84315	25886	3148	11157	10412	57107	222962	79778	219681	3636	220979	56339	91252	81832	201161	644353	197257	5347	7008	146705	9726	90522	84717	3489	1841	55602	79064	92305	8233	83877	200558	65988	220988	27094	55657	124583	27115	26156	10231	142684	1657	203054	29903	11163	83759	246330	3265	55486	1649	85007	5771	80227	6199	122046	146712	54998	375757	1479	23625	4351	114932	124904701	54344	1198	81858	144132	22827	401563	84698	23513	90843	219902	259236	219790	9798	26233	143879	283870	84316	161	102723701	9284	54988	4978	5101	90135	10519	80233	10336	89782	348793	57711	115560	90668	53373	129080	550631	10123	6613	9361	148266	123096	8831	79788	127687	55035	6263	7923	339229	4795	23	3134	554235	728568	3150	54065	153657	55779	3500	727800	51157	1427	6827	1388	730087	55739	29803	79729	401562	440400	221786	81669	100505996	84627	201229	105376748	441869	266655	51236	3692	401074	57553	100137049	9054	401232	85014	100506068	100874204	255403	100499177	105375666	728888	124902694	102724064	379025	124944	90799	100507599	112812	100288122	100129195	118568828	101752399	100131997	79873	1602	80725	123706524	105369154	221442	100132101	389033	100132057	10778
gtex__putamen_basal_ganglia__M004	381	3674	26022	221	55735	1407	10747	23324	22902	114879	11285	84908	259282	23517	8481	64848	8863	79810	10319	1535	27095	51602	55540	8531	11054	91526	4710	5588	782	79091	602	9130	5134	2213	57719	9605	23505	23016	5362	51150	51668	79891	231	363	581	393	57192	55644	1725	54187	114327	54873	4616	56241	5625	10633	11020	9978	83746	5372	9889	5684	328	57680	9985	5753	25876	6901	55757	2254	10240	80152	51090	65057	58189	6810	3551	6625	4066	10859	9441	51073	11140	9266	10282	84182	3315	23658	203	51010	6387	1787	56647	9144	6945	5957	51091	506	55846	80724	4055	57696	10384	2690	1007	51185	3280	1154	90	7841	2677	10058	4999	115353	3065	3964	6390	3399	64175	10969	64858	5826	57480	10987	3164	5393	60437	55905	79072	55577	55715	399512	63941	55795	22863	50809	10875	84268	81926	6303	51337	147965	1571	27237	93974	10948	10401	4148	9406	9633	1116	8471	54663	66035	8536	79768	90853	55858	7174	79070	301	57639	23479	55901	11097	23392	9649	55755	2356	54881	158427	11258	4926	4091	3033	80349	55466	585	25989	23478	64755	7385	10939	94015	55244	7371	11221	23557	57657	128061	64969	6574	114790	29926	115286	8893	25816	170954	221960	56996	55869	7552	871	117532	196383	23310	130340	81615	117143	56978	64682	7342	201163	333926	10694	121665	26119	200634	29980	89970	149483	55721	29101	23076	326	755	284086	563	51149	222229	126321	3678	7542	54987	22854	64320	9861	285368	79753	26354	91137	57763	29896	10466	84270	221154	7417	6621	116225	90809	145376	116173	64122	7769	124045	84436	1613	51031	4723	54541	2339	154007	55308	5480	10960	53917	283899	284004	201255	5881	4071	4648	4862	2941	81831	2628	163255	5394	10465	566	118487	254122	60495	1267	9973	2787	582	126328	80851	1466	8607	286262	2290	29882	339487	28232	401466	283284	122525	54952	3059	64782	9625	200205	91304	81532	55256	51428	126075	84206	79174	80213	348013	9021	7327	10572	338440	59307	374395	4582	54014	159013	402573	114826	4501	4059	51547	647024	57801	401541	134637	121642	25894	399948	162993	837	11152	219927	373156	83875	84188	222662	1675	79607	8227	65992	388558	92565	134701	84455	4855	80863	643008	1460	1874	84324	100128946	50840	338799	2532	51239	2946	84342	768206	100130894	644246	728130	678655	343263	124906608	389634	100288428	101928222	113178	100506885	105376736	100132948	101927541	28985	55853	79940	729978	344	100129250	645676	154790	100506922	100132273	387723	51608	84129	57002	25764	340526	3588	64968	101928100	441046	100507437	105375624	100133315	101927503	100499484	105370015	1519	10597	11232	105370525	107985879	26589	100507303	283887	119139901	80755	386758	101669766	8517	101929243	105369201	101928059	105369547	103091866	132241	107984974	339483	644050
gtex__putamen_basal_ganglia__M005	8813	84058	23077	54879	55692	80342	51085	8193	54814	5452	4234	3631	57545	25875	5601	5291	3757	57504	65056	57418	4638	9892	1308	119391	10797	9399	8891	490	55743	4905	88	79960	114880	11158	5891	1741	3030	4528	5475	5744	2280	55968	26074	7023	51726	22861	55506	513	997	421	1565	171568	1690	5641	57820	26090	6789	81502	56853	6594	55815	55697	51172	4363	4150	1445	50804	2138	55174	3783	1760	10469	79744	6511	478	93436	80714	6671	4899	727	26468	1993	84445	9487	23125	54940	55294	55572	9379	8567	65981	4598	3736	23329	9896	117247	896	2762	29102	4001	90249	942	9381	55120	60482	5510	22930	51086	10765	533	57488	56912	4033	9615	2281	25940	26507	56243	11340	29990	11155	55509	57468	2914	80025	83541	286336	8273	59269	8930	2258	4301	81	10298	23404	84929	6249	139728	1736	4354	10288	79228	5914	84152	145447	5468	3691	1742	26284	116835	3508	8900	22880	51520	4212	148281	3939	284252	2045	6885	23416	54806	64780	10505	79621	83605	7111	113220	338699	10579	121536	9107	6895	145389	122953	10516	122616	84656	3801	83608	112483	9123	641649	351	114783	112703	85452	1513	8497	5778	129804	3899	6323	151126	152330	29114	57552	275	201780	287	5295	51256	10667	54540	26230	84310	90060	139818	7436	549	140459	286257	774	57325	220064	1006	151242	3708	55768	5800	27034	101	341880	53354	5884	55351	51571	925	80309	26207	80746	152992	7273	55005	10600	55698	79623	10361	5152	5116	84446	23623	80228	1173	55260	115950	91624	431707	343450	100288142	55220	129880	375295	134	7048	5274	132014	4338	7015	2898	348980	285613	203238	120114	145581	219654	509	402381	120939	11092	6297	4745	783	3747	717	440026	81565	6447	11314	1775	89849	199223	2786	23255	146212	79740	23119	2873	145957	2990	375484	55031	4798	3035	9229	59350	598	83452	10978	339122	326624	10534	6712	23051	128439	64837	5870	9832	25914	5426	258	284485	253650	7054	5179	90355	785	4600	7378	84319	4753	9074	7625	5071	79581	84856	2558	5138	2175	284338	7784	389073	7390	399473	120892	23036	728780	283601	60491	5657	60312	57591	1612	6334	3914	642968	7741	6714	140688	955	196385	26052	23230	9228	2870	9814	118472	100128531	26071	55219	177	6992	400710	1639	56114	6606	100130311	79958	100128714	9534	27040	147699	1241	157574	10195	55384	100271715	392862	84561	378881	101927420	100302401	401398	91149	100507057	386597	102724919	84320	284798	105370670	6892	121853075	100128811	100996342	101928335	105373390	102724019	53938	161497	152206	283596	101928174	100128233	103752584	105369329	388021	101928736	9236	102724508	339290	92335	100885848	100130522	503538	283521	105374338	105372079	388963	105378268	105373299	729870	107985892	150244	100132288	442523	114814
gtex__putamen_basal_ganglia__M006	572	4267	57787	79090	7305	23649	4331	54455	84883	55761	4826	23101	26099	55718	23504	51660	1117	3735	60487	57217	23210	22905	64431	5609	22999	790	5550	9509	56970	22795	51290	10683	990	29760	8045	200312	84271	6305	23774	51016	4776	1457	3420	10916	81602	2935	51283	23475	51760	51101	65263	92960	4858	29086	1628	4099	23474	10652	3837	57606	4790	10227	55805	79829	9847	387119	135138	22993	11235	33	25972	9068	7709	54955	1889	3155	81847	8673	9270	1788	51538	219402	10212	64375	79586	5105	11017	4337	65109	27109	79637	2892	8195	7389	84306	23769	14	7978	10606	222256	5338	55780	57572	84705	64793	10585	27243	78992	23480	114034	64900	9205	54885	84923	23640	4629	10894	5977	55119	79022	9704	4907	10228	26122	10817	51063	51138	153020	55212	23162	84216	326625	65082	145407	7453	81614	6938	54925	23410	2212	27	8991	149111	23671	65065	9718	54438	84553	222255	89122	56257	9166	414328	114987	6835	25792	11023	23082	5058	6094	9538	90952	149986	221143	4253	5281	166647	124402	1054	7508	23228	388272	285172	25769	114	1633	114793	114822	195827	81035	29800	9715	83858	23308	3689	11094	4061	79081	8986	129450	130814	130162	285025	2199	54859	9204	55255	4712	55172	382	158584	118426	79841	9200	123228	221120	115811	51647	10845	245812	84064	10632	113655	84309	200845	3622	166793	4204	79628	201254	7480	116840	58485	10015	9482	84305	6773	27258	26115	203245	54811	92342	4815	554202	2845	669	9338	653784	51126	83591	80311	283951	6138	2072	4482	84617	200958	167359	648987	50628	66004	284129	65265	147650	64478	219621	493753	8302	23585	11066	10587	124751	22888	79842	1762	200942	7373	7730	728661	4661	92070	400931	100190938	4828	79892	63934	9086	9853	5455	54470	399818	347475	84243	7918	7932	10206	56953	4676	3931	51517	2595	122455337	284184	348262	51406	440498	101927084	100506725	643837	107984948	105371450	9278	8742	57665	539	128977	100996385	90423	100506258	107986898	286103	2342	100506844	123706528	202020	4701	100506036	107984539	339829	4500	155370	84773
gtex__putamen_basal_ganglia__M007	2729	54677	55049	7756	92745	65980	54888	23644	9454	23224	6433	10147	7629	8621	4802	5214	51447	23198	7353	37	51009	5817	832	57644	10411	1286	3682	10998	60509	2017	55857	2521	55285	84196	7018	1299	10101	255057	113177	8216	25793	25807	27352	57452	6430	79038	79882	5721	5875	284217	79868	64743	8260	3299	56942	8312	9028	10295	84148	26015	56986	1936	7993	79735	81576	9141	79187	374882	653857	5919	9275	56654	5730	11196	27143	81855	26098	10531	79132	26151	90410	7007	10944	5715	4048	2784	8683	23113	8899	57666	84836	51011	2976	25801	374291	550	8604	49856	6421	10459	10625	5129	9129	8548	9324	84251	57404	23314	80212	81932	112752	114818	57616	51426	2971	57670	1959	8034	9904	79809	6431	64344	5269	3659	9322	56261	4149	79654	55112	84239	200316	64172	94101	84817	83448	7011	6627	22907	2874	22889	93611	6341	196441	285148	4005	29109	1660	3300	3364	91875	4836	6941	23787	10068	8884	57559	317662	9169	54939	55898	5373	89941	58488	10966	1453	57140	105372481	6518	23421	57645	29920	9391	151313	129563	9125	6715	9140	23092	6993	9589	51631	27316	2796	203228	92715	23412	51501	84304	8479	9231	81792	22944	30827	285367	144406	54933	115992	56683	117145	79140	5900	84221	3275	126526	26097	84449	29115	284361	80174	4116	83941	8880	163589	10380	1412	51304	23588	138311	79101	196951	6881	1528	65084	23339	51117	26263	64772	28227	124923	55311	124997	55611	148156	7439	84289	23192	91949	54910	3592	53407	3965	1285	10421	26000	126669	79058	28991	7064	83886	80194	2745	4087	8061	4642	9772	283417	196403	8225	285908	11336	400410	388341	284459	375748	339390	80781	6900	340371	51186	84937	388567	148254	353322	79955	9742	64170	353116	6300	2272	63929	51466	9819	6477	283970	100	100129858	92714	11194	171392	56882	51710	54870	11325	9745	10455	9755	116228	55937	7916	199	730051	4340	643965	10215	280636	79716	100131187	107985246	100128071	9277	100131801	553103	90271	101929372	202299	1159	652968	60489	23559	101929524	100507401	374887	27239	101929709	10330	400818	8148	9326	102724488	284106	84278	163115
gtex__putamen_basal_ganglia__M008	56603	928	1634	5238	4719	2730	3459	5606	4481	6307	5318	55749	10402	10203	9351	51167	10294	51109	60	55973	10179	9452	102157402	29957	57091	645	8761	55632	79968	25809	10478	51527	7125	9663	23347	79959	4092	10204	7138	22900	10135	22797	858	1842	7091	11101	64149	54868	27309	26973	56890	5777	26271	221662	202559	80315	51421	10342	2632	23150	55825	4780	6342	3953	10286	34	5955	79886	56122	83690	59342	9034	5737	2181	83744	8089	5782	3791	56984	26297	81533	3727	9467	26057	57180	81846	79161	5570	55681	29079	1910	57129	834	5495	9581	9360	55435	85437	7009	10256	92906	83939	64924	81555	10957	51125	51110	220965	5995	3176	9871	79691	196394	26278	200132	781	64092	137492	132	129531	267	51249	7109	8209	114803	1520	204851	57650	116441	64789	51705	79993	1073	84457	222389	55273	23300	5867	5604	90161	2857	151827	79029	51030	7690	345757	159371	344148	4808	254251	79692	6304	50863	28970	54880	2124	84529	11006	200728	51259	79659	222194	340277	83862	284521	3556	131034	55660	4646	307	5094	5718	10210	6120	128	987	148418	255919	11116	401397	114044	100506697	100874058	100507398	100506826	5822	100289274	285500	100130155	81488	91893	103689912	100506710	283755
gtex__putamen_basal_ganglia__M009	5976	51330	57210	1890	8635	3755	822	3074	23063	6550	7321	2260	5434	9127	5435	150356	55969	4832	56061	9639	6618	27113	56917	2077	2931	6119	7343	5889	51174	708	51003	3959	9368	27087	51020	1347	6500	58515	51300	56655	3485	80303	3241	5906	55700	81849	8704	2309	8892	25927	8702	10804	101410538	84081	4357	1854	23639	6035	25804	50632	84326	1349	80758	79412	23493	10413	51374	22872	282809	9775	84299	10055	126147	8543	4259	52	6637	165257	55840	90113	132299	55630	6834	149951	121053	4718	9184	122416	159090	123803	11079	55113	4681	5745	10603	51375	200916	57018	131601	200931	25798	5828	154791	1345	84881	50810	55897	348093	91419	2879	29123	10501	83547	2495	84913	521	4493	23587	81603	198437	83450	440574	10209	8711	23612	51319	4062	440556	497661	84987	9377	128218	64856	161882	126003	168544	283989	91689	9403	51334	10509	122622	7026	221491	285193	339287	30849	150472	3182	7169	257407	84335	55851	131873	644019	401399	100505774	4509	55009	124902477	100505771	100131213	90120	102467147	102577424	400916	27164	109729181	100507588	115804232	677769	101060226	79148	57594
gtex__putamen_basal_ganglia__M010	5980	8284	2006	53340	8218	998	6160	54825	6717	4983	57613	8648	285	11018	4174	6122	6767	79006	7329	6923	3646	3191	28974	6223	256227	683	55325	217	55776	55171	57599	2888	6146	9330	51077	10965	404636	56943	29899	514	9521	10485	79639	8445	10365	10975	10452	84816	10844	85313	51659	7376	55860	2073	8803	9550	90871	55298	64776	51332	84888	4704	90381	432	23521	6135	29922	84696	6167	2966	1029	220869	6130	29982	9638	10284	9472	140609	120224	79750	133383	7381	115416	6132	2232	50651	284695	79005	51023	151651	27089	8559	57608	119032	51693	1632	85476	207063	200894	7324	11337	2167	55038	4696	203062	25988	1072	6169	9657	253982	7025	79369	100129827	5441	144347	286499	6635	84629	6165	253190	116447	391356	51065	5813	9146	474343	730098	345222	4697	145853	79711	51399	64499	148198	4644	6168	83694	374877	619208	124900275	6015	169981	7917	83538	6311	100316904	23636	10011	2013	100506100	100506804	102682016	84973	100132247	283131	1937	101929089	283177	102606463	388327	101101773	105370526	100130370	101930276	107986669	100131320	5387	442524	100506060
gtex__putamen_basal_ganglia__M011	4057	54165	51606	9564	27107	51175	10003	57531	9843	3183	9455	4683	11112	8887	56913	3384	8649	10767	26054	3617	80006	6787	25843	58155	6696	7320	55717	55269	64786	11130	11059	466	10236	10054	3895	22890	1123	58533	10656	63979	57511	4613	6733	25821	85021	5279	9648	9445	55362	55345	347902	6636	256586	49855	5366	84276	54532	1016	137872	7013	283212	219670	2059	80014	64417	5352	60592	6921	4685	51633	6103	3815	55179	3141	5701	84328	25898	4085	10085	153733	157378	3190	63877	64400	55788	8754	114825	5272	4534	5356	54205	1051	148203	1488	80205	4094	25994	81931	267002	5359	132660	342132	23660	10438	79366	259230	92482	729852	101927027	100505738	162972	400046	105371899	654466
gtex__putamen_basal_ganglia__M012	55732	54896	84062	2009	5315	9671	6604	2196	29801	51733	11252	27286	653390	898	54504	7586	9600	1627	79858	8890	92840	7799	90025	6185	943	56155	256051	1211	78996	51614	26030	57631	51303	57498	313	1558	6229	80144	85478	79573	116841	127833	81786	252969	285381	221264	10069	54768	254050	80178	3699	7871	158234	26012	26287	145567	121457	2915	54777	84153	91683	253980	162655	7351	285498	124989	151477	439921	10317	55217	126520	147645	129293	344905	147929	161145	653308	645426	101926971	339400	100506108	101927832	101929238	348110	728081	100507602	100289230	90342	100144602	106660606	101927837	100507032	100421372	100506207	124904601	493754	100288175	57234
gtex__putamen_basal_ganglia__M013	27072	25900	80199	5536	3082	23034	26751	8908	84217	10681	87	8907	5250	5108	91746	55608	51776	54209	23464	162	26133	64788	57664	26273	56954	51652	127544	8643	84878	83982	80820	79269	5033	29095	29078	5208	284800	80023	2123	813	54857	10266	90379	5901	10247	7014	91703	8932	8638	5686	54499	8444	2987	51601	83607	151050	23590	4684	291	221336	51128	84897	4900	5097	7804	6002	126119	349565	50650	133308	133584	55503	10910	5271	125058	116071	143162	57834	9158	23333	158135	10301	7334	767	6228	29780	6261	57522	258010	51490	114769	100128788	91664	4207	5520	100652865	101929407	117751736	55766	124901151	100131089	56139	105379057	54460	404672	11056
gtex__putamen_basal_ganglia__M014	5310	23584	578	321	55173	54477	54929	1606	7132	5909	54437	55118	10406	10627	1478	9688	8677	4967	79176	4192	10307	2744	6675	22868	2891	317	79039	57213	23096	6631	2354	24139	3661	64753	9764	64114	55332	4008	29766	90525	27163	9970	10130	9180	26260	84504	93589	10309	140890	200162	122402	9542	54935	8867	10841	54865	64343	51246	27012	137835	753	11142	9079	163688	285596	2172	5569	162466	8541	340390	127003	51333	100287171	54039	283643	101059918	144233	8464	9260	147949	83849	100302692	100996539	100873947	101926913	105378828	100129129	100287944	729911	79178	100287616	112694756	90499
gtex__putamen_basal_ganglia__M015	64847	8938	168850	65993	3781	7760	43	57060	23351	1471	5127	10166	8717	65990	729440	9149	2022	6484	114971	10536	6539	54516	10641	10675	6794	97	56897	92675	631	164312	2671	83475	94030	91107	60484	55544	84330	79572	1284	26056	79020	9238	56262	81873	85016	144165	84915	123920	115024	3491	11000	3486	6836	196743	143098	60685	11030	7791	162989	10712	4000	79870	118881	115708	6137	147015	57348	284339	374875	51181	10446	166614	84331	8722	8636	84232	575	100506380	148641	8073	342035	100129075	1282	6006	90592	55210	503542	101928906	1454	6150	115557	79154	728743	56260
gtex__putamen_basal_ganglia__M016	51265	8537	3835	79629	8220	26511	64231	57415	9595	8727	91754	400961	10749	64097	341	5920	55303	79675	6563	126374	6016	4867	57689	23400	79957	11164	9318	51700	4336	56947	9197	686	148014	131408	83943	144404	4155	169436	494513	9946	5500	79086	100506302	25817	112597	440078	100996842	729993	102724768	100874047	23642	91612	100507547
gtex__putamen_basal_ganglia__M017	26073	57414	1356	81671	56666	2321	57817	26118	254394	5126	6210	27097	8038	389	653361	9684	79789	7753	7059	3185	120526	91607	80198	84833	8834	23040	4541	4513	4519	4536	4540	4512	4537	4538	4535	4508	4514	105377203	4539	192111	105369147
gtex__putamen_basal_ganglia__M018	53616	4913	5064	24144	10528	2091	29844	54853	7277	3295	4609	27005	64319	115817	4720	78987	10922	57171	80196	64787	728294	653319	7442	414189	1797	7866	102724699	100131434	729678	100294362	112398
gtex__putamen_basal_ganglia__M019	79017	816	7301	100101490	55111	53635	5201	51248	10617	84269	84681	2098	5824	7536	5859	6284	6277	10919	101927905	101930421	60674	100271832	441094	401115	101927752	5348	724102	352887
gtex__putamen_basal_ganglia__M020	6141	6193	6217	6142	6143	6152	6230	5204	6204	9349	6155	11224	6176	6205	6202	10480	2197	6157	6201	6181	6232	6218	170622	6191	6147	7311	439994	6139
gtex__putamen_basal_ganglia__M021	3920	64386	7869	7077	7942	25775	93643	90634	122481	53828	29087	153769	55323	84191	200933	3908	353088	7405	113179	55861	101929468	101928176	388610	100505967	107986626	401577	728039	84798
gtex__putamen_basal_ganglia__M022	843	56895	10347	6654	10067	7010	27090	7108	84283	123099	6890	219348	100289678	80069	100287482	127138868	7768	79922
gtex__putamen_basal_ganglia__M023	29058	10139	8131	83743	50813	51053	80760	51141	4221	90993	715	199990	130557	79156	80723	53343	284358	716	119559	56941	4603	388335	101928053	148189
gtex__putamen_basal_ganglia__M024	80853	51548	64983	23360	1441	114904	55082	9481	57798	11167	4144	146754	55599	79844	1305	101927117	100506178	58486	109729137	100507377	93429	101928963
gtex__putamen_basal_ganglia__M025	7984	6663	5106	54108	54433	2318	55079	2114	57477	93107	10491	10801	2701	56624	51114	26058	440567	100505616	100287559
gtex__putamen_basal_ganglia__M026	55365	211	56681	9933	151887	5494	3312	23093	64794	79930	8667	129831	55139	56905	1877	100499483	55559	400761	100506421	100820829	124907726
gtex__spinal_cord_cervical_c_1__M000	3075	2729	29916	10181	6542	23129	5965	3980	5577	54677	3675	57157	3475	85477	3720	53616	5310	23221	928	23166	55727	51099	26993	23177	8284	11183	5704	5010	5238	1355	440193	10771	27032	92745	477	9369	114879	4719	23071	11231	8635	4285	5583	3459	7133	55591	6642	9519	55334	6301	10908	8100	54480	57554	2530	55773	26009	9099	54888	7204	23274	1767	9765	27067	1497	1008	3631	5685	54884	1495	5256	1356	57120	92017	23196	81037	23327	9603	63933	84067	54477	23105	954	51742	57475	23201	84957	10827	23118	5610	58508	51663	57095	8975	493	55781	65125	55749	10076	9410	23504	30	51564	6433	10188	1431	29998	56848	3029	55726	55711	22904	2065	23536	23013	55248	7089	51665	1496	27107	10565	3422	4756	7158	5590	89795	24140	221395	10681	4040	8518	5217	54916	10640	8218	9993	79364	3340	26986	9448	9948	23161	6196	54556	29995	537	28951	26528	5566	22859	23503	22905	6720	9886	8243	2011	51095	37	6793	51009	54847	83642	6605	10644	6480	1207	55421	59277	55205	51175	8672	27332	9462	4140	27091	285527	6624	60	5337	1739	22920	5362	88455	55094	83992	7155	2975	23032	2260	10529	5289	117	4898	5108	9139	83737	6507	8556	10411	29843	23152	2222	4983	3835	1785	8417	11158	131544	8671	5663	22839	55218	79876	9812	56113	2533	9689	4200	55322	905	22837	2932	3693	23085	7514	23033	9706	22894	81550	10325	2195	56910	334	1307	200081	790	81929	22911	5243	2017	4528	55624	23139	2346	51314	55696	56605	8310	51593	4313	2775	55239	57544	10992	2778	10059	339175	29929	55616	55608	57017	9762	27131	84678	26074	55900	8079	57062	55760	6548	10558	51324	55214	9727	84196	27327	57106	4897	3912	1738	11069	54890	51310	55632	3183	11198	57556	7301	825	1312	51816	51430	4214	372	51322	11332	79956	387680	5714	2872	421	200312	23759	23481	89781	51386	85377	23331	55964	10521	9701	6305	1727	4174	23170	4627	55007	2033	150356	11154	51199	114088	10175	10490	9786	22938	3705	57452	79882	9894	9252	10278	394	51292	5360	9837	10110	51098	57446	1477	80331	10732	10139	10483	10398	9777	51654	26051	9658	9218	8731	9388	8780	10735	340554	3750	2332	10389	7355	56062	8874	55578	10240	5257	79918	25839	79152	83693	9100	26048	4363	408050	8140	6650	3163	27324	84148	23420	400506	1445	23205	80381	7082	80208	5157	1666	6422	6713	4741	9639	79735	10859	22870	93145	898	8725	2821	6510	11100	79784	1954	54922	54531	5518	56006	23080	22797	64327	8887	5803	5118	8985	113263	54664	5683	7458	158471	7016	23586	320	20	23268	11101	219699	9562	84445	57584	7019	219771	6158	7343	5414	9110	4591	55813	1655	3959	2648	10014	4355	64750	1845	54940	4126	1998	51166	1665	7468	2743	10553	91057	7704	8882	6309	3338	23130	10938	9379	64231	10612	9828	22897	1982	329	9354	867	6506	29099	79829	11234	2965	10536	9976	4048	55846	51699	54682	217	5985	55832	56890	11103	2597	1108	23074	83461	84727	2026	26268	9439	55856	10767	9896	23113	8899	55914	4124	10902	23530	8622	9685	4437	900	6500	5515	2246	2908	80006	10915	1809	4090	57222	51421	4968	7337	590	523	1181	1981	6787	55683	57669	4358	55704	80303	23451	3336	55818	3069	10494	3241	79954	10153	1615	5334	2034	2043	7840	23341	7143	127428	49856	57535	5906	10067	54856	3953	10625	6738	23207	55700	4811	51440	4548	10765	6675	10969	8704	2166	387338	1810	23215	2152	25936	8289	54996	1509	83479	22868	9331	23120	9789	9994	26234	103910	6696	56171	9330	9414	5887	8727	51552	26147	79109	27130	56252	51077	5826	58517	8892	57862	54454	25940	29094	3416	3433	4601	10285	26123	79591	440073	51780	7181	317	8795	10174	29914	1	64786	576	7852	11155	84146	83637	989	80820	55975	30010	84668	11328	8034	9559	9904	11113	28981	84329	79039	23389	8082	11059	5585	84650	4035	79809	57826	23549	6560	90203	57580	6431	1434	6780	8675	55661	5184	10396	23326	7596	8239	57510	8970	9208	55831	23019	583	84899	3659	8192	5469	84938	718	56261	6238	11034	128637	3704	56926	4149	6487	826	10054	51119	22826	3895	26030	2123	5605	821	64768	79717	5787	23065	5322	23352	79939	9088	146330	23030	10142	5447	85378	54487	9514	80833	9732	4289	1123	64172	8924	57705	54832	1315	23022	7166	1635	57153	1032	57509	58533	112399	64097	9459	25759	6303	9667	79709	83861	4301	4705	25830	157922	10844	64793	3911	23211	4294	27237	9026	91574	10277	7317	55902	23229	126299	7700	23199	64432	9467	23473	23180	64145	29893	54882	8500	10948	10656	6627	90379	10489	84034	23167	5791	85013	2926	3021	91107	9406	1742	6388	26284	22903	9826	23208	4678	56259	10207	9205	10208	254428	55425	55643	84330	5158	84250	23037	90956	23608	116988	694	80195	3845	1875	272	81846	196441	51669	9811	10752	6272	5738	9475	4613	129607	3939	79577	85004	4038	51765	9698	25941	9704	337867	2073	11095	23670	23287	8728	84749	84900	10906	9988	50640	60561	6733	577	57231	79899	51317	55226	4076	9053	85021	2799	4193	54583	9857	9654	57695	375248	26122	50853	4008	9445	3936	9805	9238	3364	28988	91875	10241	10238	11143	64844	57471	2058	51133	55627	10006	10730	64855	7111	10868	2800	55833	26206	55667	116113	63971	81853	55362	63027	9656	23787	51439	132864	54843	27314	29088	84811	5962	54816	54874	204962	26160	109	8884	11117	953	310	22891	471	79800	9360	29789	6744	55032	57337	26035	10144	5593	5910	27163	950	8615	1950	23162	83606	144402	9169	8499	1848	282809	121260	283537	8608	90634	6601	91012	55716	55206	6252	9990	6938	10169	85455	10363	49855	4123	55180	5046	5045	64784	79798	7385	463	3801	2653	1009	23174	3394	89941	54925	9611	57336	55275	9905	54828	10650	114876	29919	27043	4864	7157	11322	114804	56270	5596	4152	90378	6455	1291	57410	207	126374	105372481	6518	473	79932	3339	23421	26135	113451	1952	5451	4259	5546	81875	23179	80222	57530	81609	4170	81611	29956	11221	3608	6016	65123	2590	1130	142	9580	27436	805	6233	51542	4211	9391	23020	94097	6574	23190	79137	58190	729085	26018	22989	84276	9353	8893	57205	817	493856	54532	10299	5921	25816	9879	153830	78991	26249	54511	57583	9202	64599	357	27147	55869	6567	8473	5631	55086	158763	27316	50814	79618	51312	6867	55638	4781	54801	203228	26267	401548	2934	6837	90678	23590	80013	6935	2746	23082	8525	85456	84364	10658	79780	6188	57325	26007	9219	9638	10205	85449	124446	51267	84159	1006	27250	84735	1740	134145	7068	54995	121551	89910	9231	2132	132321	2059	152485	22944	80014	79682	60485	51594	56477	130074	120534	498	5163	127933	134359	255967	4154	133686	3087	85445	51061	64682	1070	3192	5903	25909	10461	5937	6328	50807	79888	25827	154043	221895	80790	140890	1105	221302	1010	23460	23461	7345	375056	91694	4685	9989	63895	51560	81552	23097	6566	55027	23367	23165	9601	79831	9443	3798	90550	145483	10694	7102	122402	51001	6832	1915	25921	27020	23522	55093	78994	23355	123803	6529	132949	4643	134265	4599	25966	257397	124565	9478	56896	5192	26100	55113	22808	55179	8450	340348	124245	1780	9753	85414	115992	7391	65018	64760	84134	51735	3455	124995	6651	29980	1827	23515	5763	3099	57519	117145	9813	1487	29	284348	54020	3689	5900	7410	23181	126526	57731	103	55129	84939	84449	60680	55324	6427	284361	80174	221496	26168	124222	7627	6886	57190	84328	7398	64123	2634	115361	10092	93185	23385	148362	92291	10611	152559	57326	476	201595	5274	23122	5584	23001	7871	57406	64419	25898	2992	84343	54861	51304	79443	55689	5437	5984	7086	4043	200931	26043	54965	4241	9255	133308	5364	256471	80335	26269	27236	54726	25836	153733	202333	253260	167153	134510	23176	10370	134957	9263	819	222223	26173	501	81034	25962	9897	51271	3190	55503	11244	1536	65083	9147	158584	7417	169714	64324	90809	85459	5654	255394	83700	84706	2200	1152	221120	9318	1353	119504	6609	322	118490	8495	3419	81565	7184	144100	9640	113201	84191	374654	124491	54893	4088	4130	4141	10999	51704	1398	23102	7644	125058	124923	55762	57701	90522	1613	55311	64359	148156	283987	6730	147138	21	26580	6520	199223	3921	10980	55788	3800	115294	4336	203190	11273	8754	157638	255743	51252	10098	10713	4204	367	25849	23099	23214	4330	79628	8706	7881	126669	9197	25942	9839	83985	79058	2873	1501	163590	51621	65988	79724	9283	7324	84640	166614	79071	5209	23204	5272	3308	98	143425	2861	55038	79145	84669	84864	79188	79042	203062	27094	29071	203245	90594	124583	2110	4135	10782	55729	8841	10243	79029	5394	4300	83660	54205	257194	7690	25988	10231	2783	3054	122704	5883	80194	79612	8824	6670	1657	1717	84153	60495	111	54625	49854	4296	64801	254102	5797	257364	163049	27333	9973	285704	23269	10594	23612	389524	488	148808	90806	55196	9975	170506	1488	79683	545	5708	10540	10025	9776	23015	9134	56675	8665	4023	146691	169841	23399	79666	84747	116068	79898	9807	284001	25914	29882	6051	254531	205717	100128398	80230	374819	80205	347862	253461	7182	51046	79718	55367	56975	25945	253639	51272	85460	254251	25970	114798	284241	23512	57184	5198	7284	127254	80169	160335	285343	5781	1198	23241	24147	23580	729614	22827	66004	157695	222166	23526	51276	374986	8334	55432	53637	253832	1728	25994	64219	389197	347736	205428	22820	134553	55228	3418	91304	283989	23641	2131	7325	338707	342945	2055	7267	164091	51335	28970	221178	23705	124976	161	2621	29119	754	9802	158358	51118	253143	8214	146223	89876	130502	8663	220	10078	253769	25923	728118	2972	10509	56899	149175	55015	51263	25840	6667	399694	4733	348793	23299	54103	148254	4675	353322	342035	3840	151011	7328	613	147645	23048	338645	375612	10507	125704	4810	5359	1121	57186	154215	375743	387707	23029	147694	339287	26155	219348	51155	54510	2272	132660	23254	282991	79633	9687	90321	6829	57573	54413	9361	5770	91661	6536	112479	4763	64771	2316	57181	100129858	170384	307	388566	163227	5094	399909	27044	146540	10438	23061	25959	25788	79027	91373	26037	23556	6709	5253	6884	23315	100506658	8733	85236	342926	63934	57209	84775	84433	5178	10724	285989	987	23054	9060	10479	124930	22834	9578	283489	22876	9909	11153	100129792	830	7150	4215	6721	9848	7052	9867	3633	65979	6015	169981	143903	83538	29902	444882	790955	645121	149837	55366	5150	54458	388135	54809	255919	317762	8110	10921	23243	131965	338799	23636	84986	5500	1454	3672	92482	340267	101927905	440270	1654	64601	55628	79716	25817	729852	375190	5520	343263	6293	642852	101927027	100505996	221710	107985246	554203	65010	100507564	114796	285735	643699	8629	266655	158376	100129250	100507261	220930	5863	90120	81567	10432	280	5098	358	57026	100506994	80301	727956	23600	128977	23089	347689	57553	56134	24142	7268	9054	1650	10137	720	283131	643911	100505648	101929524	101928176	100129917	101929709	85358	55000	56112	105375798	729991	2342	51750	283624	6038	79178	101929387	100128822	148189	283887	118738	57597	92335	108783654	100507218	112812	105372321	400818	101928601	100129550	101060684	57636	284098	80179	31	100506776	29798	107986669	84278	441242	388165	440248	728448	554236	283693	124906262	150776	130872	80862
gtex__spinal_cord_cervical_c_1__M001	4800	81887	889	90293	56603	23028	10180	3052	10943	57414	25998	8842	9091	29116	9043	10157	9862	7095	7812	29954	3097	1185	54799	5725	5286	54443	1634	10463	10903	6683	2273	64429	57476	11171	51177	56052	26064	3937	9734	168850	4254	27122	9709	23223	1112	23095	10079	57602	112885	6646	9474	57458	29927	4659	54432	84256	23063	124925	10838	22998	5378	8943	3735	55176	10797	84217	25791	2263	5255	79091	865	2261	2182	23250	27248	8514	5597	27440	10420	11099	79658	6929	7037	64398	23291	80216	5151	10979	4905	8578	23609	25996	5609	1781	2782	9984	7145	1653	5794	27244	10847	9933	28962	57092	4208	440515	11266	65985	55100	4779	11342	3842	64744	10269	2122	57531	22996	2060	55054	55230	27292	51194	29887	10573	54469	5475	56970	8544	55741	2280	55614	29965	23193	25977	7023	51726	2802	4345	23256	9878	79968	4436	1384	10044	25861	29760	22931	55506	23598	9681	10043	1690	26520	2954	23002	9517	5641	5700	22985	57820	5106	4776	55245	23394	1522	9770	81502	9751	56853	23347	115201	412	79868	4168	5931	5230	84061	9767	5127	51566	80183	54602	81617	79758	10664	1186	5934	79719	50804	79848	9694	55174	54758	4125	4924	2997	54938	2217	1760	79816	81857	11024	6511	92609	7297	5802	154661	10135	3200	54504	1124	835	3614	1174	95681	4232	2218	7046	55664	54662	23064	6387	5599	59338	657	91452	9644	7511	8036	64081	9211	22794	5023	4927	9267	7531	54868	5376	5602	2549	7466	1182	51809	23321	55294	57620	55325	7358	1410	1075	83480	55572	26973	57562	4928	441631	4891	55110	5869	57122	50813	8078	1911	5992	26127	387119	135112	6428	221692	22858	9457	81688	6908	55754	2030	11120	2690	55819	1004	4001	5144	79770	1452	93973	55171	25852	57088	64689	51555	10057	26084	4820	27086	55240	85461	5136	6711	57142	10314	2335	25843	151393	7456	9167	390	1386	2956	4139	55103	9528	11315	3749	80267	9181	9887	9295	1429	59349	4179	1266	58155	55758	3925	57134	6195	5955	4297	23271	8609	1268	9194	64747	60526	23307	6418	5524	11064	26190	26094	55051	9913	79627	3437	55717	10171	29126	91687	6950	80209	29880	83468	83690	59342	9227	64282	80218	55791	92	5395	64224	11335	51251	57486	262	29994	2181	57169	1908	10199	10385	745	79143	84266	56927	80818	10131	2002	64430	55112	8273	54973	23499	6597	79066	25953	6049	2770	5189	64921	3791	222256	6183	3609	112487	79649	3949	547	51250	10439	375775	6874	23404	83549	6535	25926	23345	164395	9584	84905	60401	4772	5538	6533	7322	54991	1160	9557	10742	64087	55860	3337	5894	23225	79781	5901	64208	27183	10621	93611	4628	5287	25778	57180	79572	83857	22800	5977	8650	83876	1022	7428	23175	284252	29015	9575	7174	3703	1514	9413	51347	6926	25821	6885	967	10956	8763	80896	9470	80210	55654	55681	4752	55213	1910	1607	7716	57129	9314	23452	1515	9373	11309	8836	23213	6386	79811	102	80031	1629	5495	1545	10128	51196	317662	81556	51191	3184	84803	84162	79807	5530	64116	91445	58516	6895	54934	3695	7009	122060	10150	145389	376267	112840	146050	663	6727	92912	10099	55466	9960	79631	79068	9785	8720	5170	2588	8533	5636	85464	1213	57521	8792	23476	91039	9980	23521	29943	5567	22823	481	7286	57592	9869	5298	2029	23126	55061	8751	9898	9859	3707	92906	11159	115286	9039	8994	9711	2044	58478	287	56034	285440	4651	23262	55814	64924	81545	10318	54438	54901	84310	64418	56257	11011	57502	30011	8573	3547	26260	526	7013	92140	50808	220869	23245	28989	56904	4851	26091	8038	84280	2620	710	92105	472	256364	3619	51092	7108	2209	219854	221143	23284	54545	85458	120379	5805	9223	9472	64067	27034	1909	4306	54842	2313	160857	667	121256	29970	9910	253635	2895	26040	57724	7518	9397	55521	79925	53354	7402	9453	51351	9425	1601	51571	54463	200014	201134	55740	388650	518	2551	23228	65258	5799	51633	55326	118813	152992	64092	29761	9056	9844	84108	3098	142891	1974	1376	9069	197258	146433	1859	347734	84255	127281	79623	127262	9542	115584	57805	56990	715	60313	8883	9715	10020	55108	8888	23387	6464	1141	10712	55260	91010	160622	117283	51005	6159	84447	11080	7412	23528	824	27185	56997	1520	10602	204851	55249	80128	84283	79885	23114	57577	54716	349565	113444	59343	7884	114625	166929	79884	90826	836	84135	7098	7559	619279	23353	6522	221656	84267	55342	94134	143279	220963	123016	402381	120939	7248	840	29951	9200	3990	9221	10818	55273	1200	159195	374868	23300	7702	5598	8509	23423	80975	9665	8800	162681	23339	6778	10982	150290	399665	81605	6240	162963	148137	57348	11314	137695	1499	4054	3516	29063	7266	359948	6890	60684	22847	53407	388969	153241	7059	200894	196074	1677	64118	7360	6091	220988	55031	2720	23587	4798	130827	152518	5036	80196	11214	8493	9788	9637	84522	598	22883	2186	57449	1503	5621	7764	10869	28998	79694	93550	55222	29942	169270	4615	79877	55731	51504	2804	79703	3267	6777	100874114	23333	114897	128344	253827	345757	9416	57659	23051	3981	10302	26047	1240	51574	6731	152815	201626	254263	56674	63893	9832	7525	159371	11145	7298	54503	153129	57453	196527	125228	11253	28976	57104	3766	2885	283417	54762	5339	389072	79962	147991	286499	5187	144348	116135	10194	122809	90411	169200	55783	255252	284406	10193	11022	23336	716	302	2894	8241	54880	23194	128989	348327	389677	219527	23258	8398	9276	162239	1850	5142	138046	9923	155435	26985	2157	283820	6948	79184	7026	169611	89782	5034	10933	79581	84924	146722	120227	114792	55693	7626	54331	11118	23040	4286	339327	6917	79048	284434	1287	5104	643155	388336	284697	388182	3556	653319	9901	29068	79754	2547	6399	55660	3066	6925	55532	7442	7582	1612	221785	3482	123096	51703	140688	6584	147906	10242	1803	55210	9719	58491	23230	83694	11060	7620	11169	27347	22909	4860	22887	339448	26128	2214	148418	26071	26146	53344	55680	55219	55777	23	286144	65986	201725	10866	253018	22908	51075	26140	51400	64506	353149	399715	55449	100128890	606495	29092	101929145	100505783	101927420	285954	401022	642659	439994	387486	100191040	2074	101927117	101927070	8505	122152325	101927590	92249	7955	202299	9884	53938	100131434	23761	154881	101928725	729013	100289274	729082	100874002	100885776	440138	81488	23642	145438	145820	107984813	102723670	200030	80022	100885848	26974	149013	84548	25832	100101267	80039	7703	7772	100129726	6905	145783	283045	221442	114819	162632	132241	100505687	147166	645166	155400	100093631	79963	79640	152195	253039
gtex__spinal_cord_cervical_c_1__M002	57679	7035	23098	30812	163	221	79017	9569	5689	1407	83930	57467	23324	81551	22902	211	29781	5452	55775	54875	64848	57646	9564	29085	26099	6894	23216	6688	744	79990	55658	8891	8974	57719	64778	55973	3093	51619	4036	966	546	231	581	10296	57192	51776	9552	7430	9117	1725	10580	56952	1153	410	79734	9889	6430	79038	6789	10005	6901	5935	27286	9688	23417	58189	65990	7727	51760	56986	1936	157697	11129	64130	6449	208	79187	10282	56829	84182	23658	9678	203	6945	55805	56994	10384	29940	202559	10087	57396	51185	26355	3280	8087	84759	550	2744	9173	7072	64960	3155	9129	57035	29937	56943	9617	10808	4801	5533	55268	6045	10657	5033	9643	5393	88745	65109	51081	284800	9491	3397	3831	84306	10245	50809	83460	7979	92521	4698	54982	341	147965	55695	93974	5160	10346	2874	84105	51535	79022	54522	22881	6302	53346	4711	55755	2356	25822	129685	338699	4091	6821	2098	6457	4716	90507	50488	112483	94015	1453	3607	773	91978	81794	3491	127018	25912	128061	29920	84236	2177	64777	56996	54904	92170	871	132320	152137	124402	163175	81559	201163	81894	54819	333926	29104	348174	10901	114822	83850	129531	222068	54461	2618	6002	755	563	9592	51149	1173	84765	1973	7542	8986	8880	127002	5824	51072	56916	51023	64320	29083	57018	151613	134549	57107	54468	11168	203286	91252	154810	29117	4665	6786	284339	4723	388753	1841	55602	90075	92305	56947	53917	27247	284004	5881	4648	6773	6902	6919	1798	9338	30008	254122	54961	55191	338692	93624	5970	10534	1267	7096	254359	9024	56945	131408	27257	79772	54998	286262	388886	221294	4094	114932	81858	51333	9282	8575	8347	90843	219902	79701	9625	375748	51329	100506380	126075	9284	84206	253190	64410	256281	126382	10519	267002	123283	374395	80233	105	159013	116985	152100	4059	51547	1806	399948	342132	54834	283970	6714	400931	219927	3182	79788	645811	84188	79892	8227	65992	147658	11179	116461	353	64423	170371	4855	80863	50854	1460	642475	728568	1874	3150	339263	1427	51239	84342	2086	730087	29803	619207	100188893	4636	100131187	100130417	9842	100506392	100505538	105376736	100302692	101929302	100873947	553103	79940	60674	400945	105377986	101927152	112817	25764	632	4831	101928100	100507602	101926904	493900	1519	10597	11232	283692	26589	730183	339192	101927811	105370158	101929243	101752399	724102	128125822	124902114	57594	103091866	2749	107984974	5387	641977
gtex__spinal_cord_cervical_c_1__M003	79007	10368	4293	9912	8228	9254	6853	57172	1534	5081	6534	2556	1272	57586	535	321	5874	7504	5798	26999	5662	2983	84679	6857	3632	6710	998	29894	7224	29953	6620	55160	5076	23016	51412	5063	5527	862	10590	285220	3781	3797	1114	83719	22861	57084	84502	7042	7093	112755	8174	64781	140730	11255	10528	27328	2254	10204	869	65009	23359	793	79815	11075	478	2906	5864	6804	27075	3984	7464	1759	23413	1855	9148	28964	10900	8506	1949	8821	10891	55291	8825	23316	7164	4988	10486	2822	2566	2257	57501	8745	29959	23301	22930	22848	26038	4209	10745	127700	9783	5999	11123	79947	6785	3215	7750	3208	22987	23349	170685	10888	23096	29993	24141	10893	59353	79575	9143	8910	57622	57168	7533	56984	23025	140700	3748	6616	128434	6860	51761	23281	2835	8471	55859	10451	63982	51361	9315	92558	112609	10505	5100	6812	9568	9873	23005	56965	3795	90525	85352	6843	9815	8620	60314	84530	83851	342667	59283	402665	22874	151835	6769	285533	10146	23138	10814	134829	26230	114569	51059	4915	114789	818	9118	4684	117532	9651	775	114134	79750	6014	2977	115827	57338	84033	2849	158219	134353	57497	6750	23057	3084	23648	3763	387509	2039	114757	50944	2785	150726	7447	64343	1040	94032	8927	9348	9607	23305	285613	139411	283209	161436	57156	58157	3251	26012	55530	1381	222865	5579	201161	5346	10369	138429	146713	85300	146664	57524	956	2915	5865	114787	84894	9758	51617	91752	5581	4884	3777	283455	8941	8507	85442	7857	2596	8708	51162	6623	170261	65003	127845	89792	8534	1212	5122	400224	148252	266812	56475	222183	387856	205147	441151	767	27132	284273	6752	64388	255101	10586	286128	57463	8905	11247	345557	5121	163933	80164	119559	29944	3768	1946	116534	256714	3751	51286	752	57419	8224	399947	80333	146760	84871	23396	66002	260293	27445	401190	139599	6585	404037	285093	5575	388228	345630	375567	5649	7259	55190	51466	128312	644596	388662	171392	50861	5167	81706	57692	2812	375057	221424	80737	728215	1639	339453	57523	220164	10962	134111	5534	101927468	642345	107985040	338651	390616	84968	100189589	257068	5297	654790	57604	152742	400043	101928136	54551	100286844	124907392	10381	83482	55879	147670	284615	8447	102723582	112441426	3975	389856	101928991	4747	389741	645485	101929059	101927401	105369344	101929748	122319436	101928092	138649
gtex__spinal_cord_cervical_c_1__M004	51226	11188	2534	7869	3082	55734	51022	56895	11285	84908	822	10863	6307	5923	81671	79763	55588	6602	60487	7030	27071	23446	10272	9620	5250	9138	54518	51548	56922	57103	8871	54947	79175	10961	10914	64857	3655	55105	8220	11078	84271	25807	8846	26133	128414	5332	3420	9097	2321	64428	51283	4150	57020	51231	5438	29086	11140	23474	26959	10049	8896	64983	55744	9275	3257	56647	55149	79991	57003	26511	7323	51274	10114	5450	605	51389	51522	135152	5924	4012	23398	9616	11222	1486	10327	9588	81847	80264	8673	6185	80235	85365	1441	64236	2971	51622	65244	5105	6845	55577	9972	79637	23263	8678	22863	112849	5880	26297	6035	23149	10328	8572	54496	7014	23111	94240	201266	5920	84950	1837	9924	57224	5279	3300	55332	10588	55339	229	51531	84681	58487	8634	87178	80745	29081	347902	92979	8549	6636	65082	5428	8826	23478	54808	3454	79573	52	149111	54465	79634	55840	6622	92345	9180	154214	222255	79742	6134	120	11023	196294	8479	55002	79839	196513	81792	83643	6868	221336	83734	284312	9481	125476	112616	9184	5261	9941	64897	4690	195827	54935	8867	94104	11267	79140	8566	11182	54865	4796	54784	29115	57465	4116	199990	6282	11167	56898	51246	81789	138716	51084	84881	55323	7753	117155	54920	64772	79001	7171	121274	1632	7536	200845	5480	146395	201254	93426	4815	84978	27235	10655	203523	83591	126074	200933	105370792	55055	1649	55844	6199	158135	375757	29952	167359	9377	54952	399664	25825	1435	340061	79135	283149	153768	100101467	55182	4501	54932	10772	100287569	140612	3841	353088	136051	3064	6120	282890	9019	7405	92241	54470	90196	84243	3108	177	7917	199	56114	10206	55851	5699	56953	414918	55559	51517	2595	10437	400713	84561	348262	55009	100131801	100127888	285958	100996842	133874	729993	60489	8420	85014	100505875	101927040	255403	124944	92002	202020	100131691	401612	101928963	284106	388524	728262	101929780
gtex__spinal_cord_cervical_c_1__M005	4057	4190	7454	330	7260	8439	54455	3371	3843	4775	51171	22795	23368	10683	26523	997	23464	150274	56948	3055	11040	8717	54793	8677	23217	4818	3199	1842	27143	64115	80351	4192	51411	4256	3945	2762	10307	10111	57415	10190	6509	9068	9927	51086	10352	79630	9270	84878	4488	84083	311	48	55709	1757	9521	4502	2892	57187	5690	3276	23769	84239	84190	3663	90416	9513	5819	10882	10487	80895	1984	1116	79710	84707	85444	53	80206	29923	83852	79020	2572	9128	8870	85016	55080	57161	1583	10351	115704	8991	84524	114790	3779	89122	2041	2719	137872	29982	7761	26229	57700	23589	146556	146857	92370	57466	60685	7547	6854	3361	7567	90993	57822	84221	138162	92799	10898	6132	199745	79622	127255	51375	23498	27306	131474	151987	116441	22950	84315	55314	3600	116842	348980	1278	220979	11092	222950	64400	3481	90007	3489	92162	84309	6440	4725	5604	83987	51181	7580	7314	202051	9306	79095	92342	7572	9158	10089	283951	3265	125144	80227	284358	10949	144811	144321	400410	84890	55666	4600	8302	401145	8971	1133	140707	22888	730098	9742	148398	339451	285386	389073	728661	284759	100131755	125	4541	374877	1756	8528	387066	221545	441054	6453	100131094	153657	246181	4539	27040	145553	4207	100506302	23467	100507500	101928470	100652939	101927084	101927532	102724368	107984948	100506178	122526782	58486	339400	107075141	101928085	80864	9551	348110	26063	100137049	101928053	100507291	100508120	101927752	286103	105370526	100130933	100506070	101928738	100294362	100288122	115290	101927931	118568828	107984539	114791	3012	100130890	340090	105377294
gtex__spinal_cord_cervical_c_1__M006	204	84058	9855	27072	55735	7756	5536	65980	9774	23101	23224	8531	65056	5476	79641	51447	23198	7353	9175	8569	8555	3682	10998	8668	2521	55285	5172	7018	8487	1299	10101	113177	6598	129138	25793	5721	64743	286410	8260	1821	2717	8312	9141	1628	374882	828	8662	56654	5730	11196	5532	79132	5715	65981	23371	8683	9444	9631	942	30818	51011	25801	8604	10459	4688	9670	8548	9324	57404	80212	112752	51646	84318	51123	57616	65982	29899	79712	51426	54537	80148	5208	27296	5269	4495	9322	79654	79706	94101	4016	84817	6397	54857	51690	22889	6341	87769	10228	11097	3569	4836	7507	9380	10561	5998	54939	2108	55898	55114	51651	79092	10966	128346	57645	23557	2987	79169	9125	9140	6993	9589	10280	9328	23412	54970	90952	84304	81615	10160	285367	79856	54933	2539	8568	3275	2224	5635	8741	83941	23429	84818	91869	221955	25798	25879	84270	26050	23588	509	64745	116173	196951	1528	65084	51117	26263	915	84717	55611	10871	84289	23192	91949	11142	3965	1285	79663	114825	4862	28991	7064	171024	4580	83759	4087	55508	84617	28232	344148	2828	8225	144132	5179	4707	11066	51065	59307	7127	84307	353116	27341	92714	11194	79607	51710	54870	11325	54963	10455	9755	10471	5696	4340	55779	3931	678655	55672	221786	3995	100128071	440498	100288428	100505879	100509894	23559	55766	100506465	102524628	10330	4157	101927288	54460	101927755	440335	8148	11056
gtex__spinal_cord_cervical_c_1__M007	57787	51085	23395	63932	286	79645	3309	23200	50937	8537	9892	5315	57595	23210	490	3785	119	8786	273	114880	56681	5050	57226	28971	55968	54566	29801	27156	11252	9145	23313	171568	51550	1478	2742	10916	3356	56942	9455	79792	26093	23373	27000	22849	8567	113246	6489	9847	135138	5810	1627	23567	92999	9381	9595	92840	51652	58512	6446	2531	54812	3213	2891	56243	84898	2053	23435	1211	64756	57468	2914	23157	63908	63941	51614	140823	101410538	8242	7067	3746	2258	79948	2593	1571	27243	23647	23108	23164	9201	28992	92259	55119	902	9764	2752	23143	6326	408	56924	5861	1838	10152	55589	51529	10907	113230	8497	80852	1016	23092	84553	143187	79668	4929	162282	285381	3778	9246	114907	491	84262	10361	861	3141	29800	81570	57648	57863	388962	152110	8618	8833	23350	64769	27152	79012	2898	79870	138311	65991	9317	3747	2786	23255	2948	7336	51305	83877	6419	5569	55669	81831	147807	26156	9427	11346	91683	6712	220416	81490	57628	5870	114926	9699	2902	8541	2624	9495	84698	64782	91050	128553	439921	22906	50863	6000	2130	64478	150209	124751	283643	1762	220107	199777	389541	3146	9612	160	642968	147949	6262	64093	3897	6257	79086	157574	55384	378881	389634	100128675	102723508	440567	101926913	154790	140290	161497	100505678	255167	100506365	56242	102724814	101927620	101927751	27246	23380	5348	8339	105373383	643036
gtex__spinal_cord_cervical_c_1__M008	55471	115703	9020	80853	2115	10747	9031	9546	8193	57658	23187	51474	25875	29945	9399	57661	4925	2920	118	6576	10478	23774	80336	55738	113278	26512	55697	7249	9780	312	3783	11184	85360	51599	2645	83856	81855	55531	23329	2784	5467	29074	60682	7942	80325	27429	55825	23463	6421	10560	56912	80127	3070	7010	399979	8835	22865	57413	79871	57380	83732	79902	51141	3661	8881	25980	261734	5914	10401	3996	7818	55544	114904	23075	4221	57578	8553	1794	9415	57639	10677	11173	4926	4750	56267	27068	57117	839	144165	26502	8612	5211	10256	84970	57451	170954	90523	4794	9712	27315	51524	220064	4253	339105	29087	11326	8764	56946	149076	54058	284086	84124	50651	81629	254268	55083	2199	153396	55798	23203	282974	717	89797	7008	51148	57171	64174	7769	79759	84940	10501	162514	51293	2637	4144	26000	5986	9121	2941	6606	148203	201625	10897	7352	627	2314	55095	54059	23265	57634	7378	387893	56478	84197	150763	11104	3861	6300	147837	23450	55340	57591	92070	9814	7919	57795	150771	1616	8449	5987	22828	196792	147699	339231	255809	81669	112597	122455337	84627	392617	91316	100287049	102724699	201229	100129434	103352539	57461	283856	390595	345051	100133311	100506581	100130522	386758	400550	124904535	105377023	100270804	283876	54055	84809	100506012
gtex__spinal_cord_cervical_c_1__M009	114881	55692	51629	1195	23154	10062	7077	54908	55173	10787	8625	7216	492	815	8440	60343	88	832	57655	79603	2734	285	4637	57715	7593	4670	23541	8897	9692	26090	64840	8848	8131	8120	284352	92960	10469	6795	64748	29844	54555	93436	3249	2931	11033	24146	1819	90410	29118	4598	28965	9555	6242	374291	271	127544	7799	339488	57576	533	51611	11340	2185	6909	55116	23155	399512	64794	10616	83596	6776	117166	7263	51200	6249	1736	22880	54806	50649	83605	274	93643	84259	54839	51138	5830	84260	122481	122616	92579	6904	351	27005	116841	51601	29114	55646	51256	80728	9538	740	226	23310	7070	10600	153769	145773	8703	4720	56683	149483	808	84446	51160	11282	221476	10922	80700	753	221749	7584	375484	3035	51523	83452	5859	253782	80198	5916	23133	6573	64837	51078	124989	79415	811	23042	253650	401563	126375	51428	6525	10801	7469	338440	9146	100129196	257106	284325	56624	7730	23036	6284	284739	1778	80055	91120	56882	2870	1500	9652	169436	26058	9311	81890	10809	7866	8718	101410535	9277	283089	100506409	100506421	387521	9907	105369192	283596	374887	2738	441046	728888	388021	105371414	4701	112398	728743	100506207	124902204	387036	727758	91695	2630	84773	148713
gtex__spinal_cord_cervical_c_1__M010	55013	2067	3074	1535	27095	51602	55540	64718	4710	782	5423	29105	9130	5134	23505	51150	57455	114899	8550	5829	2271	55644	25805	54873	27443	9463	10633	11020	4689	9978	5372	5684	5687	10406	9028	9325	7993	9441	26121	25789	6324	10539	2483	29907	5554	4055	55776	26235	25972	8576	51253	3065	84795	10987	8743	219402	23597	10212	84080	5471	80115	84268	55320	55780	85313	84106	66035	1573	79587	23479	55901	9649	54881	158427	11258	3033	80349	585	64755	90506	56931	7371	51057	64969	3329	284992	129563	51143	55164	51390	3561	133	51501	283212	5281	117143	166647	7508	30827	5018	6103	9556	121665	3017	3745	89970	29101	23076	84911	2905	197335	8545	128240	9861	26354	10393	91137	203238	221154	63876	11164	8559	116225	122509	51700	9382	245812	64122	4597	84436	51031	10476	54541	5162	55308	3187	10960	4071	64979	5293	2628	163255	118487	2745	653784	2787	148014	126328	84107	80851	1466	8607	54681	122525	255043	3059	79174	5101	5413	10572	3297	55599	402573	401541	90576	961	837	341676	373156	134701	84455	50840	22914	10379	392862	101928464	124906608	101927621	104355426	28985	55853	344	84129	57002	340526	3588	64968	100289388	100505738	646576	100499177	105375666	100130855	55957	101669766	105369201	9326	6880	101243555	339829	64940
gtex__spinal_cord_cervical_c_1__M011	51603	23649	2730	3298	8630	10659	5128	51109	6717	10179	9452	23047	102157402	9522	51676	3091	55671	9663	55125	4092	55512	653390	4173	22900	57130	858	6119	51003	27077	23142	8649	27309	10312	221662	7957	26054	56133	27031	11235	2632	23150	84695	4780	6342	10286	34	56122	5290	25950	11130	466	79183	4552	11017	10236	8445	8089	81533	25957	26057	51520	10894	10717	57498	10457	150472	9550	1588	79739	9581	79172	9908	901	64062	2958	10026	81555	54540	10957	7569	51125	51110	10556	10480	116966	9871	4718	79691	196394	26278	24138	6921	51582	55529	137492	132	51249	114803	130132	5783	1879	117289	1073	84457	63877	9768	7733	5867	90693	55276	10015	10678	84305	4534	51545	93134	51030	10605	1106	91523	6304	54033	2124	79659	222194	100129583	284521	4646	170959	5718	10210	196385	128	258010	444	374900	51062	55251	550643	56141	387104	96459	105375304	100874362	7726	54082	100132273	100506826	101927963	91893	101927720	6871	101929052
gtex__spinal_cord_cervical_c_1__M012	26224	60528	51360	55148	23633	55236	159	2581	10513	4942	55593	3796	55746	6400	1183	51495	7879	56889	55331	7520	10959	57542	8455	79594	16	23335	54822	1808	64376	988	5594	51493	64841	51012	26164	58490	3839	5432	54928	66036	427	1209	5296	54926	9343	55161	9761	8914	51026	56951	10254	55041	26003	64766	9829	64121	6513	5511	81573	2733	9419	1314	55234	5335	9375	81537	3188	60559	84932	58986	23039	51429	57470	51164	10313	55207	57614	51014	29979	9882	8027	55142	83464	10427	55500	25800	54707	23038	6391	10550	79034	57720	8872	7073	5213	56978	8467	27342	10670	286148	65264	23400	4047	6184	79982	92255	133957	7534	26130	7415	142940	51762	55662	8065	164	6668	202018	202052	283742	79834	57674	5936	7368	9332	23283	205327	286451	2842	9403	54954	5833	3916	23621	23390	7874	399687	154807	140885	221477	51465	51714	285636	57194	3115	26065	728841	57223	11276
gtex__spinal_cord_cervical_c_1__M013	6591	55761	53340	28996	6160	57644	26517	6923	3191	28974	57794	23185	64149	51225	8153	10227	10923	55081	6146	51107	387496	800	80760	23583	10485	7270	9349	79414	10975	25873	3727	9040	7776	10288	7187	7691	2317	92856	90871	84300	96764	64776	4704	53831	5371	10066	51070	65065	6161	6167	401262	134728	221960	4841	7436	22878	3621	1054	7381	159090	81035	4817	7484	79677	54859	4338	27089	123228	119032	2923	10632	51693	123207	11337	9482	4696	54811	253725	1072	6169	253982	161176	5441	84987	64856	84629	79087	100506504	120356739	80764	391356	3665	6228	170622	158293	4666	51399	6168	619208	23564	2013	284184	652968	6173	10016	100506844	120766138	100506710	89839	105375118	100887750
gtex__spinal_cord_cervical_c_1__M014	26022	9902	25960	5606	1462	10147	91526	4335	10290	224	5743	5205	79891	57506	23031	8216	83874	28231	26205	10391	57817	29062	165	975	1967	84128	54206	965	57568	23632	2103	60437	27245	196883	85441	9473	54862	55556	89796	1284	5077	64005	81542	114827	64129	27	113419	340351	2078	201176	112939	10629	51205	127579	51705	79993	58526	382	5347	762	84879	6575	51112	283848	947	25855	26470	64787	79874	9772	117608	728294	79813	65265	388121	101059918	10345	1282	26010	162962	2050	26020	100499483	7004	85028	613037	9853	7923	1147	124902280	105374104	105371423
gtex__spinal_cord_cervical_c_1__M015	51265	5980	240	53832	355	11284	80143	8621	949	65993	7760	363	51161	57060	4650	23351	54985	79006	10848	729440	9149	27106	26468	2022	6484	8099	54516	10342	10675	1716	5129	6794	97	7045	79269	56897	2868	92675	2671	85359	1028	10452	64981	60484	54885	22873	79161	4907	1593	79621	51131	81873	84915	123920	29985	93343	85369	10899	5433	3486	55262	80142	196743	738	90488	1633	128338	2114	162989	79957	4000	126119	6137	147015	1296	84331	8722	8636	25915	645212	124842	8073	7390	118472	51157	6150	100505641	401264	101928222	102723775	9278	641467	79154
gtex__spinal_cord_cervical_c_1__M016	51773	23041	8648	53827	5742	5434	7528	5203	23062	23484	58509	64077	84961	3216	64854	10090	4015	8942	84272	5328	6745	8195	8459	51234	57464	813	83448	10810	51241	285148	84317	8125	5686	54499	51128	5529	9372	57477	714	622	130162	4085	11157	5828	116328	10910	84516	2819	94274	124935	132158	55974	134492	23261	150678	203054	22885	713	712	165324	339855	387787	2524	7334	64582	23585	340371	79955	6402	23660	801	51490	283999	7918	107985194	100996539	401074	100131089	100144602	101937451	56145	9236	123706513	8344	101930276	652972
gtex__spinal_cord_cervical_c_1__M017	55365	843	8837	972	50619	51491	639	483	4034	29992	3594	113791	162	23112	23475	8767	55284	8395	4739	84100	6432	8643	8013	1846	55509	54436	2354	58504	9535	27097	3586	7099	4647	834	51626	84888	81614	83608	151050	166378	1730	83706	5800	387923	10018	79705	9510	1831	445815	467	2203	79789	122618	4176	2793	3635	80305	126014	596	284207	28955	29780	55959	29883	659	197135	3113	11037	386627	342184	127138868	83593	105377451	220729
gtex__spinal_cord_cervical_c_1__M018	4267	55049	51533	1890	55187	9454	23593	55850	4904	43	79157	55969	10423	951	27113	29997	27338	708	9368	2309	25927	4357	1854	50632	10155	84326	79412	84152	29988	51374	9775	126147	6834	152789	7342	122416	11079	4681	5745	8878	115950	51727	131601	55897	348093	2879	2495	661	214	81603	84287	497661	9500	84333	126003	168544	389084	285755	10336	3858	285193	10865	142678	127687	257407	727800	4056	100505771	401115	401232	400916	27164	115804232	79148
gtex__spinal_cord_cervical_c_1__M019	5976	151887	5435	23209	51635	4832	3646	4793	4946	6223	2077	6878	51020	58515	22916	4691	8890	56655	23443	8702	84293	56731	10436	23780	10651	25804	1349	7178	29080	51444	22872	658	84299	6135	6637	151194	2768	6728	60592	84532	115416	79656	112942	63891	1345	6881	6157	6764	521	10477	669	440574	51134	10209	441951	60626	6165	91689	728340	4303	6613	6277	4155	6815	100507057	4509	6234	58496	379025	100507599	10778
gtex__spinal_cord_cervical_c_1__M020	933	51667	10806	3430	4205	5494	9985	3551	2091	114971	57696	51258	10973	1154	55715	27111	84286	79644	63827	114034	10250	55759	83666	58497	9686	275	5723	121053	252969	138241	5521	55698	55823	23623	2256	130026	9204	56905	146705	11259	197259	64963	339559	340719	30849	100506668	100506606	100505573
gtex__spinal_cord_cervical_c_1__M021	3030	9025	7389	57575	55752	9107	23410	153527	118924	196383	8470	4359	118426	10159	10856	4513	4519	4536	4540	4512	4537	4538	4535	4508	4514	1773	1159	106480796	23732
gtex__spinal_cord_cervical_c_1__M022	2824	8574	2665	51167	5214	22981	9093	8787	84263	27241	24139	6538	50717	79786	51008	121536	149986	130271	100507246	117245	2705	5707	55167	285908	309	27233	100506314	80725
gtex__spinal_cord_cervical_c_1__M023	22924	54209	283638	10951	79031	7320	79144	4037	6610	11137	3899	23671	2803	5295	84623	128853	64417	2207	85395	1857	10085	10412	169044	340252	122553	51186	83862	768206	134121
gtex__spinal_cord_cervical_c_1__M024	79796	54108	29125	23093	1017	9953	153090	570	326	29763	644353	10845	65008	57148	389812	10587	440295	55958	57713	255374	57665	79873
gtex__substantia_nigra__M000	3075	29916	90293	6542	23129	3980	56928	10943	6936	3675	57157	3475	3720	65220	5310	23221	29954	51533	23166	9902	55727	26993	54476	5725	23177	7869	4057	8284	5704	5010	55703	823	1355	10771	23386	27032	92745	477	9369	2554	57476	4719	50619	51177	3298	11231	5583	7133	55591	9519	55334	8498	8100	54480	57554	2530	25897	55773	9099	54888	7204	1008	3631	5685	3371	90326	54884	1495	5256	22884	10659	23196	4254	81037	23327	9603	55761	23105	51742	23095	57475	23201	26999	23118	58508	51663	57095	493	65125	9410	10188	1431	3029	55726	10402	54929	11218	5378	2065	23536	23013	4638	55248	7089	51665	8621	4904	27107	9950	9650	4756	7813	1659	5590	89795	9759	4205	56850	24140	3796	5837	10681	4040	8518	5774	23446	54916	8218	9993	79364	23210	26986	8440	9448	6160	9948	23161	6196	537	28951	26528	5566	22859	22905	10290	6720	7321	8243	51095	6793	23291	10335	83642	6480	4905	1207	55421	11343	59277	55205	6557	51175	27332	29090	9462	285527	6624	1739	22920	25930	88455	55094	22978	83992	23032	1781	2260	10529	57103	8871	2782	117	4898	5108	57644	6507	7145	10411	2222	4983	1785	8417	8671	6595	5788	65985	9812	9689	114899	55322	4779	2932	3693	23085	7514	79728	79670	9706	22894	81550	10325	2195	56910	57613	1307	200081	790	57531	81929	22911	29957	5243	8895	4528	23259	55624	23139	2346	55696	51593	4313	118	10992	51290	55616	57017	27131	9962	84678	10961	57655	8079	57062	55760	6548	10558	51324	27327	114882	4897	1738	23231	55573	54890	51310	55072	55632	11198	54822	825	79157	51430	4436	4214	372	55280	79956	387680	5714	23384	23481	11078	4809	23539	55964	9701	1727	4174	410	23170	4627	23313	5905	56948	5836	114088	10175	10668	10490	9786	23002	9517	79890	22938	3705	4522	79882	9894	9252	10278	394	5875	63935	51098	55969	1477	80331	10732	81502	9777	57144	51654	26051	9218	8731	11201	8780	10735	340554	3750	56062	3356	55578	10240	5257	79918	25839	79152	83693	9013	9100	26048	408050	8140	79791	6650	23062	84148	23420	9738	400506	79719	1445	25963	7082	80208	5157	4683	1666	6422	55284	55156	6713	4741	4793	6618	22870	64926	8725	2821	11100	1954	8605	64748	54922	54531	3718	27106	56006	23080	85865	9512	6671	64327	11112	8887	23242	2617	8662	5803	8985	113263	54664	7458	54981	158471	57589	7016	320	20	23268	11101	219699	10367	54462	9562	81855	8729	57584	91452	23185	10531	219771	5414	9110	4591	55813	1655	40	2648	51747	4355	1845	8649	4126	5602	1998	23321	2743	683	9693	7358	10553	91057	7704	8882	6309	23130	10938	51111	27339	10612	22897	329	867	25758	6506	29099	79829	11234	2965	10536	8496	79611	4048	57696	5985	51258	2597	23074	8078	2026	221692	9439	55856	2070	8724	10767	23113	55754	8899	4124	10902	23530	10087	8622	9685	4437	900	6500	5515	2246	2908	80006	79770	5917	23286	57222	1962	51421	7337	590	1294	8087	56987	22937	57599	64689	10057	28972	6787	55683	80255	57669	51277	4358	79745	55704	10314	2202	6772	80303	23451	3069	10153	1615	6432	2034	2043	7143	127428	57535	127544	54856	10625	6738	23207	4811	51440	4548	1486	2166	1810	23215	2152	58155	3925	25936	8289	1509	6794	4297	83479	22868	9331	23120	9789	9994	81573	26234	103910	6696	9330	7320	9414	5887	2733	26147	79109	56252	5826	58517	8892	57862	54454	29094	3416	4601	10285	26123	79591	80314	440073	9499	51780	7181	1191	8795	10174	64236	64786	576	84083	2971	11155	83637	989	55975	30010	84668	11328	800	8034	23389	8082	11059	5585	4035	262	57826	79934	6560	57580	51604	6431	6780	8675	55661	5184	10396	23326	7596	8239	57510	57699	9208	745	55831	23019	84899	399512	5469	718	56927	8189	56261	6238	8195	11034	128637	56926	10236	4149	22913	8242	826	10054	83786	51119	84081	22826	171017	3895	5605	5322	23352	9088	146330	23030	10142	5447	5471	85378	54487	80833	23780	9732	25913	222256	4289	4430	1123	64172	8924	57705	54832	23022	8424	57153	1032	57509	84962	55320	7011	81533	84074	9459	6192	6861	547	79709	10439	10844	3911	23211	4037	25926	7317	84905	23229	126299	7700	7187	64432	9467	23473	23180	64145	54882	10948	10656	83636	90379	10489	22907	5894	84034	23378	23167	80895	5791	23277	64208	2926	3021	9406	4147	6388	6616	22889	10208	254428	55425	55643	5158	84250	23037	55303	90956	23608	694	3845	272	196441	51669	9811	27255	10752	6272	5738	9475	3939	79577	902	4038	51765	55250	25941	337867	7174	11095	1514	23287	84749	84900	1840	9988	50640	60561	6733	25821	577	57231	51317	55226	10956	10574	2799	4193	54583	9857	3431	9654	50649	9445	3936	9805	64759	3364	28988	91875	10241	10238	11143	6434	64844	2058	11311	51133	55627	84317	10730	64855	6812	158427	2800	55833	152006	55667	116113	63971	2766	55362	9656	54843	2615	29088	84811	5962	79811	54816	204962	8634	26160	3032	109	87178	8884	11117	80204	953	22891	471	79800	9360	57520	6744	55032	26035	84162	5910	11107	950	306	23162	144402	347902	282809	121260	283537	8608	90634	6601	5925	55206	64062	161247	9990	10169	85455	2108	49855	5045	8826	64784	79798	7385	463	3801	2653	1009	23174	3394	89941	2588	9611	57336	1506	54828	6875	2774	114876	27043	4864	11322	114804	56270	5596	90378	5211	7409	1291	57410	105372481	112703	6518	473	79932	84224	3339	26135	5567	113451	1952	481	5546	51093	81875	23179	57530	81609	8394	81611	29956	8751	9898	3608	2590	1130	9859	116841	29097	142	27436	23020	94097	23190	57282	80852	26018	22989	9353	57205	493856	54532	10299	1016	10184	5921	5066	78991	26249	54511	154214	57583	9202	357	51631	30011	55869	6567	8473	55086	3358	27316	50814	526	79618	51312	6867	55638	29967	340419	4781	54801	203228	84131	6834	56623	254427	221074	6935	92211	2746	8525	85456	84364	9219	10205	51092	5331	51267	84159	23284	27250	84735	7068	121551	9231	9472	64067	2059	22944	54842	80014	60485	51594	64417	56477	7073	130074	120534	498	5163	127933	134359	55521	255967	79925	8404	4154	133686	23171	85445	51351	152789	51061	64682	3192	5903	25909	10461	5937	6328	50807	79888	57407	25827	7342	154043	221895	3773	1054	1105	221302	23461	7345	375056	91694	728577	6921	4685	63895	51560	81552	5799	51633	29761	6566	23367	23165	65062	114	90550	145483	29104	10694	7102	122402	51001	1915	25921	60685	27020	23522	7547	9941	491	6529	3361	776	132949	4643	257397	124565	5192	26100	22808	55179	64849	26053	340348	23382	55607	124245	84919	9753	85414	115992	4817	65018	84134	56990	2035	3455	6651	1827	23515	5763	5710	3099	57519	267	8883	9813	29	27151	9619	54020	8566	3689	8888	23181	6285	126526	30815	23387	4796	60680	55324	93210	6427	80174	91010	221496	124222	8613	57190	84328	249	8880	2634	115361	178	10092	23385	148362	151354	115677	10611	57326	204851	285203	476	7203	64343	23122	5584	23001	57406	323	64419	25898	84343	54861	51304	79443	131601	55689	8314	4043	26043	54965	133308	5364	80335	26269	54726	25836	133619	55255	202333	167153	134510	10412	84340	10370	23366	9263	222223	1508	5828	5885	79778	26173	25962	9897	51271	3190	11244	1536	65083	143279	9147	84881	158584	8559	169714	64324	55701	6297	85459	79101	11245	83700	84706	2200	1152	9221	221120	6609	160140	118490	84460	7184	113201	374654	23339	54893	4088	4141	2801	10999	51704	1398	23102	6240	7171	57701	10501	64359	148156	283987	6730	21	1642	6520	3921	57691	55788	7266	440957	3800	115294	6890	7148	203190	11273	8754	8313	157638	134218	255743	54910	10098	4204	367	25849	7336	23099	126129	23214	4330	26000	126669	9197	25942	9839	79058	1501	163590	51621	79724	7324	23204	5272	3308	28991	143425	79145	84864	79188	118812	203245	124583	3752	5356	5293	2186	8841	10243	596	5394	4300	361	257019	8801	10231	3603	4299	54971	80194	79612	8824	6670	1657	1717	60495	111	54625	22885	2804	49854	4296	64801	254102	5797	257364	163049	27333	23269	54872	10594	23612	389524	488	148808	246330	55196	9662	26470	170506	5708	10025	23015	4023	55844	146691	169841	23399	84747	116068	79898	9807	29882	6051	28232	205717	100128398	80205	347862	11253	7156	253461	79191	51046	79718	28976	222183	56975	9772	253639	340152	143888	55175	23512	200895	285668	57184	5198	79415	7284	127254	124904701	160335	285343	5781	23241	10472	727957	157695	222166	23526	374986	8334	55432	53637	25994	389197	347736	205428	22820	55343	134553	55228	3418	91304	30820	23641	2131	7325	338707	122553	128553	7267	51335	50614	80781	6000	221178	124976	161	164684	64478	83698	754	9802	253143	55243	130502	8663	5463	10078	253769	9968	79050	149175	25840	9899	399694	4733	348793	23299	4675	23621	353322	3840	3638	7328	147645	23048	375612	1282	10507	125704	8632	284677	5359	54914	10772	57186	375743	23029	147694	388336	642938	26155	54510	23254	165186	3146	282991	25894	79633	57573	29068	9361	5770	165679	55959	55684	643836	112479	4763	64771	150472	57181	170384	388566	3482	1778	5094	399909	51703	27044	146540	10438	23061	25959	84301	79027	104	4217	142678	26037	955	5253	6884	23315	100506658	8733	85236	342926	282890	9019	23230	51135	54989	57708	84775	11325	5178	444	10724	7296	147949	388558	285989	27347	9060	10479	2153	22834	9578	5365	2475	22876	9824	9909	100129792	7150	4215	6721	9755	9848	7052	9867	170958	3633	65979	55219	7936	55777	7920	90233	90333	57540	3134	790955	100289678	149837	55366	5150	54458	388135	317762	10921	131118	55779	23636	84986	494115	5500	534	3672	29803	339210	92482	51400	64506	23053	84461	440270	64601	55628	729852	101929145	5520	9374	6293	642852	101927027	221710	107985246	554203	65010	101928118	146542	84320	114796	124902477	8629	100506469	5863	81567	10432	5098	358	374286	57026	10552	727956	23600	23089	3692	347689	57553	56134	11037	7268	1650	10137	7335	386627	645323	283131	100505648	101929524	121233923	339874	101929709	55000	5591	27164	283624	100128881	100128822	92002	105372321	84548	101928601	283483	100129550	57223	57636	284098	80179	31	359809	107986669	57594	100887750	79970	654466	124906262	440104
gtex__substantia_nigra__M001	56603	10180	55610	5577	25998	51573	2115	5080	9091	29116	9043	9862	7095	7812	83930	22955	3097	1185	51099	54799	5286	54443	51629	1663	10463	55830	23154	2273	64429	11171	286	2896	51306	56052	9497	5981	8452	27430	26064	54908	10863	3937	4134	57120	168850	51528	27122	9709	8574	55745	55733	10079	57602	23369	2665	57458	29927	4659	54432	5128	55650	11178	23063	10838	22998	8943	3735	1496	84217	4287	5214	9399	30836	865	27248	5597	10420	79658	6929	53615	7037	64398	80216	6389	5743	23332	8672	60	23609	7155	2975	5289	54715	58476	9984	22999	23011	27244	10847	28962	57092	4208	11266	7188	11342	80036	3842	23047	64744	9522	7760	2060	55230	27292	54469	8898	94005	56970	51161	2280	23193	51726	16	57605	5172	11069	22861	151887	23256	9878	79968	7430	3983	4670	23786	23523	23541	23759	10043	8563	50	9889	10419	1690	3091	5700	22985	57820	5360	23613	23394	1522	26205	9770	113278	9675	23347	115201	412	79868	4168	2332	5230	5127	1821	51566	54602	81617	10166	26512	10664	79650	55697	1186	9093	5934	57020	10391	9694	64089	90459	4173	4924	2997	6449	81857	92609	208	4818	22900	3780	154661	10135	29062	94239	835	1174	95681	83856	7046	1842	26468	2022	55664	54662	23064	5599	59338	27143	657	9644	7511	8453	64081	9211	22794	8787	4927	51003	7531	5376	4790	7323	2549	1182	1665	55294	7468	1075	55572	9379	26973	1982	5002	55531	4928	4891	10988	57097	51699	5869	56890	57122	50813	3945	1911	5992	4739	387119	135112	6428	22858	23195	7915	60682	81688	51053	9896	9749	7957	6908	5528	4001	10923	28965	6897	23398	1452	5067	27031	5096	25852	10342	57088	51555	4820	4691	85461	5136	6711	57142	64895	3554	390	1386	4780	2956	4139	9528	11315	3749	80267	10067	81563	9927	9295	1429	10745	965	57568	34	10765	59349	4179	533	387338	1266	7292	163404	55758	57134	5955	56912	23271	4033	9465	64747	56171	23314	6418	5524	22954	84263	8013	26094	23093	25940	29126	5110	91687	6950	80209	29880	83468	317	83690	64282	22865	55791	84947	79903	27241	5395	64224	51251	11319	55297	29994	2181	23549	57169	4552	11017	81578	83732	79902	7270	64794	79143	84266	80818	154796	6487	6776	10131	27245	2002	64430	55112	8273	10365	23499	79066	6049	2770	5189	64921	4698	3609	112487	83475	8881	51250	81	85441	83549	4354	55902	4772	5538	6533	7322	54991	55860	3337	54862	27183	50717	4678	93611	25778	8471	57180	84125	83857	22800	5977	4221	8650	1965	83876	7428	4212	10390	91543	23175	285148	89796	1284	22873	219855	51347	6926	5025	79786	80896	55654	55681	79621	55213	1910	64005	7716	57129	9314	7099	51754	132864	11309	5612	8836	23213	6386	834	27229	102	79739	5495	81556	51191	658	9908	901	79807	5530	64116	5998	58516	4060	9815	10150	145389	122830	112840	6652	146050	663	6727	92912	10099	9960	55070	79068	9785	8720	5170	1213	7157	57521	4152	3454	9980	207	23521	6135	23421	22823	27	26092	1513	5298	23126	65123	3707	92906	6233	11159	3899	8502	9922	8994	90102	29114	66000	10840	2044	58478	55016	56034	4651	55814	64924	2561	81545	54438	51473	5723	64418	7403	5631	54904	92140	50808	23245	84895	26091	196743	8038	79096	10658	79780	6188	472	51524	256364	3619	7108	51503	219854	4253	54545	85458	1737	120379	5805	1909	3628	196394	26278	667	144423	29970	9910	253635	57724	24138	7402	10283	1601	51571	80790	54463	252969	388650	9510	23228	51582	55326	64092	9844	25769	55005	137492	84108	9791	3098	142891	1974	1376	1859	2078	347734	84255	79623	127262	195827	56946	115584	715	10020	2539	103	84124	84939	1173	55260	25946	84447	50651	3716	57648	11080	7412	23528	824	130132	27185	1520	10602	132789	79885	23114	5274	3428	130026	5783	7871	59343	55193	7884	79078	51246	256471	79884	2982	80817	3600	90826	79993	836	84135	7098	221955	819	7559	23462	619279	23514	23353	10922	8323	91147	203238	6850	55798	221656	84267	55342	84720	1073	220963	123016	222389	509	840	259217	145567	29951	154810	2562	10818	119504	159195	23300	7702	5598	23423	144100	9665	9768	124491	162681	6778	115752	10982	57171	3481	146713	147015	137695	83986	117245	1499	3516	1281	22847	388969	3635	3187	90693	8706	51305	196074	1677	7360	3185	6091	10477	375484	220988	84640	10015	23587	10446	166614	57148	9229	80196	11214	8493	9788	9637	238	883	4534	84522	93134	22883	5728	5621	51030	7764	28998	79694	93550	84750	55222	29942	4615	79877	55731	51504	2101	10534	5707	3267	1267	5936	8722	345757	57659	3981	6124	26047	90806	51574	6731	201626	256356	10540	9793	56674	55508	79666	63893	7525	56888	161176	11145	344148	7298	54503	153129	57453	196527	157807	7182	79605	25945	3766	2885	25915	54762	389072	2066	80034	284485	147991	283849	286499	144348	10194	122809	200150	90411	169200	404201	64219	91351	284459	94039	11022	23336	54059	6304	8241	28970	57634	23194	84851	146223	389677	219527	23258	116447	9276	10587	162239	5142	4753	10801	9923	155435	146198	26985	2157	283820	79184	7026	169611	89782	5034	10933	2124	79896	84197	84924	146722	55693	200035	7626	54331	4673	339327	79659	2563	6917	79048	56624	7390	3556	4661	90321	9901	9883	2547	2104	54834	4646	3066	6925	55532	92070	221785	123096	91120	147906	55753	91966	55210	613037	27233	9814	65251	258010	144717	7620	338811	9652	23116	29883	22887	57713	830	339448	79065	26128	55251	26146	26095	1616	659	169981	79600	346653	286144	65986	255919	10866	22908	11116	22828	7416	51075	3073	26140	55449	606495	96459	100505783	285954	101927621	283089	100507533	100507254	285834	92249	100874058	105373158	9884	57461	23761	9907	101927612	643911	729013	729082	100874002	100885776	100129917	91893	283440	51750	100130370	100820829	80022	26974	149013	25832	100101267	6871	7703	79154	114819	727758	100132341	84809	147166
gtex__substantia_nigra__M002	3927	23028	5965	4706	7982	5164	4293	10083	8938	6853	57172	1534	23542	10178	10048	3423	9066	2556	1272	57586	51022	25901	9774	6301	535	26009	23274	27067	5874	1175	1356	7504	23518	54477	5798	84957	114800	57504	84256	586	2983	55854	6416	84679	782	6857	5165	4943	2182	65055	5526	55737	139341	483	5217	6710	22844	10947	55117	23503	7224	1400	4185	10979	8726	6620	3785	55972	119	5063	54518	9063	3093	5527	7419	54472	3991	2037	285220	11043	23136	334	22979	3797	22996	54749	9509	2778	10059	8455	1114	29965	8425	9727	3912	23335	57084	84502	29911	10044	7093	28978	11332	112755	84861	200312	157	4744	9145	8897	64781	51382	283578	1113	10484	57446	140730	7165	11255	4923	55738	1137	343637	5332	140679	84557	57136	6855	5931	9016	7355	84061	6611	8237	27328	23078	869	4324	65009	55512	10273	123263	8120	23359	23312	57617	79815	54332	11075	1936	66036	2936	427	3191	1209	26017	23646	25999	79784	8775	2906	22983	5296	5864	2887	57037	27075	3984	7464	1759	1993	23413	6456	1855	9806	79176	64077	9148	8030	56521	28964	8506	84687	9343	1949	2557	23158	57620	83891	64151	4013	55291	887	57562	9761	506	56341	23316	81539	2054	8914	7167	64426	11021	7164	10090	10486	81491	2822	84498	55914	8382	55819	2566	9555	80321	11334	54946	5361	50512	23007	8745	1716	29959	23301	3241	55041	9167	22848	10056	6342	9917	26038	10459	9887	79814	23046	127700	3964	9783	10000	5999	6513	8503	23443	79947	10849	6543	6785	6185	64342	97	57718	2805	400	5533	23155	22987	1314	127495	11335	644150	23349	170685	80114	11113	9643	51209	5335	29993	25803	116138	9521	2806	23157	80207	6253	24139	56255	10893	83658	3831	25824	5582	22890	8021	3188	51309	59353	64768	79575	5787	5300	9143	8910	57622	57168	7533	2847	9296	23008	10651	6638	29767	3746	3169	4738	7905	51429	23025	25830	140700	445	23404	4294	22927	9590	23345	2686	529	51132	10197	80762	4131	5901	1984	9826	128434	6860	51761	23281	10810	9201	84707	55859	1455	10313	66035	91298	78986	23508	10451	7482	10717	8774	57614	8933	51361	9315	81689	112609	967	23017	91	54806	8291	80003	2752	84804	26122	84102	5100	9882	4711	6332	9568	347252	7280	9873	5547	2230	23005	54874	10128	1838	403	310	6775	10152	10021	27163	85352	55605	1848	283373	8562	84530	6751	4857	145226	27133	60677	11057	22980	8533	55275	51529	342667	6647	757	6531	59283	51070	402665	5195	127703	23038	9213	4170	2029	7170	1944	6016	149111	79823	151835	79137	57574	2803	6769	57552	9711	8001	23138	10814	134829	4191	8573	51059	80728	4915	84909	140459	774	818	9118	84280	4863	6327	22866	775	196463	114134	9223	10873	57182	143187	387923	5213	115827	55203	1047	55022	284161	147463	84959	9868	55740	2849	518	8470	129684	158219	118813	81894	2890	134353	92370	83873	3778	5521	57497	9530	114907	375323	23057	9069	55799	3763	64084	3745	9542	2039	9900	516	84303	9114	2909	1676	55108	2063	4047	7410	84814	1141	55129	2224	6132	114757	50944	80178	2785	6159	79699	64123	284611	25893	163882	55220	150726	7447	554226	152559	92703	201595	56648	1040	113444	94032	84448	8927	327	79012	23305	94081	285613	6469	22853	340260	1020	501	7534	55656	54769	84302	6990	26130	65268	7415	94134	283209	161436	89890	84858	27069	3251	64112	783	3747	55530	25911	7275	222865	5579	201161	10904	89927	54386	10369	114794	6809	7529	2923	129049	7644	112476	126298	7769	29785	85300	84926	7001	10476	57524	956	149603	359948	2675	80319	27065	7386	114787	23251	3094	64118	7532	51617	56980	91752	160518	164832	133418	84669	155066	219738	3777	5223	283455	8941	598	8507	6919	203859	57687	23261	85442	170394	7857	11346	2596	253152	10869	55352	8708	10248	64137	283985	6623	3642	79834	57674	81033	5306	253959	55055	170261	7368	11041	153339	22843	55486	89792	8534	9134	56675	219749	1212	57628	200407	339344	163126	126272	84277	148252	8851	10409	9240	8408	284716	3738	29928	266812	79751	9332	3725	387856	4729	205147	25970	5339	441151	63917	767	54913	27132	399668	51341	2193	23302	22864	401097	85453	64388	23510	23760	79701	9625	57463	10193	10159	8905	23265	4692	5069	345557	163933	2842	9403	284656	128989	8508	3786	3768	283871	1946	256714	645974	3751	51286	1850	6612	2972	255275	266722	26013	10336	730094	399947	80333	527	84871	23396	340529	260293	4674	401190	23040	139599	339761	613	758	6585	23270	1630	7874	28986	404037	401027	51463	5575	388228	345630	344838	29780	375567	389206	5649	340120	284697	7259	9729	139735	6829	1604	131034	9819	51434	399687	4122	7442	961	160760	10447	199704	644596	353088	309	4097	85379	171392	50861	6709	222662	54557	28512	140885	340578	9747	148741	801	81706	116443	192683	9722	57692	389432	2664	100130587	221424	340543	158931	728215	83538	57469	613212	25851	51451	91750	642394	144363	6453	79958	220164	57194	645369	114786	10962	84342	2086	81606	387804	134111	283514	6844	5534	91584	1159	105373377	102724094	643988	101927590	150786	102723817	338651	399697	100507261	390616	84968	91368	646960	10687	257068	539	398	10443	654790	100507043	157627	100507341	552889	54551	388015	729991	10381	150967	100287559	343702	644242	119545627	100507421	106456574	83482	140735	100287932	83593	80755	147670	400818	91608	117134601	284615	112441426	389856	140883	11276	101928991	110806277	4747	6753	100130148	283267	101669762	113523639	101929059	101927401	101929748	122319436	441242	352954	138649	80862
gtex__substantia_nigra__M003	572	84058	54677	23077	8913	51330	9912	57787	25900	6540	1634	2067	9052	923	63932	56981	6683	578	321	79645	7077	51121	2324	54896	51606	84062	9341	7984	25875	5601	3757	64718	23504	1301	65056	81671	56848	28996	8625	9892	64834	744	5315	57595	10272	815	2046	490	5134	87	6605	7163	832	79960	114880	56681	6604	1741	23033	60509	43	2775	5744	2036	55968	55285	25977	9352	3183	4637	55105	55118	9524	421	29801	23543	79734	171568	55687	5494	57452	51550	994	9751	7125	56853	1478	64743	2000	6594	2717	81602	8874	8848	23295	9688	51090	4833	79006	9028	55313	114294	9325	2553	55174	7991	81576	28974	7138	51231	29086	478	3036	7392	4967	6742	7586	9678	653857	54927	727	57582	56654	9124	5532	6468	79991	27077	8153	10014	90410	54940	1410	9828	8567	65981	3736	4940	6489	9847	116369	1432	117247	51069	2762	3157	10307	1809	1627	26355	2257	5576	6508	9381	92840	84759	33	2744	22930	6382	66008	23463	9181	7799	51086	23266	6675	8548	57488	5918	57539	80235	84886	85365	1441	114818	54812	3433	26507	4488	2891	56243	4801	57616	9479	29990	54537	7291	1211	48	79269	84650	10102	5153	64756	10608	84080	57468	84969	64377	400961	63908	1059	9491	5126	51614	79639	79414	84306	10245	2671	11135	64753	389549	90416	54982	10749	83448	5655	2593	57631	51690	4301	375775	27243	84326	2161	1729	79228	23108	1644	1742	10207	4628	23164	9911	7178	55748	28992	4629	51520	51303	80206	2045	6885	27165	93058	9924	5570	10505	9764	9648	23143	4008	3569	83605	274	92856	2572	10541	63027	8870	23787	408	4750	2542	7057	56965	79172	90525	80144	839	144165	6843	9169	8499	6636	51228	9107	91012	11226	60314	2098	54509	6252	122481	79661	55466	57707	284111	10907	113230	29985	641649	351	114783	115704	29943	5792	55827	1939	5872	8476	22874	127833	51057	79634	185	817	287	23262	10146	81786	84553	90060	7552	139818	26260	137872	25792	114789	90678	23412	220965	84504	51501	871	5058	128853	220064	84304	10435	1006	1740	140609	83643	132321	5800	79682	79750	57105	6728	125476	925	140890	123872	10349	285381	91369	7273	10600	5097	159090	9246	23355	6854	23648	445815	9478	114822	1780	222068	54935	10361	8867	7757	11094	84446	54865	1857	93099	116362	148423	284695	343450	100288142	9214	388962	56203	134	7048	131474	8618	132204	8833	285368	54859	64769	64789	9255	27152	11157	4338	57107	134957	4982	11168	55503	26050	120114	55172	23588	402381	11092	138311	26012	9317	1353	119032	322	374868	114780	5245	64772	51693	784	84940	83696	113655	83547	55611	146664	89849	11170	23255	90075	11142	2915	221749	146395	83877	7580	145957	81844	9758	116840	9482	3035	202051	5209	3799	195814	94031	55006	81831	4135	9427	1503	7064	257194	253782	83886	9158	9657	91683	56834	6599	79703	162466	84733	6712	83759	6138	254263	125988	79683	28	131408	5870	84617	79369	84002	627	666	2902	391	6197	8541	283229	84552	84987	118672	54952	7054	9282	51276	118442	5179	255101	100287171	79777	91050	147650	439921	22906	50863	80254	2130	4703	390637	54039	150209	51807	390664	374659	9021	79135	752	27124	285600	5592	113146	105	127602	3858	27445	730098	51393	550631	199777	163087	137392	1121	284325	389073	23036	9679	5079	90835	100289635	9612	60312	8912	57591	162993	6334	9260	160	642968	6714	140688	219927	283807	4644	6120	6277	26052	1902	9358	1500	6262	374877	3897	84288	619208	399818	286411	90196	84243	83849	10471	177	730051	554235	1639	56114	5699	4676	101928906	9946	2532	414919	157574	10195	55384	55670	101927905	8718	10437	100506302	440400	101928464	81669	387486	101930421	100506392	386597	55009	642345	100505832	154449	285735	100996539	8847	378805	6892	102723508	101929947	107985040	105378853	440567	100505881	60674	100506922	100131213	103352539	101927248	280	102724019	5297	140290	152206	151516	497258	101928053	102577424	101929215	255403	100192378	100506365	100507392	105370015	103752584	102724814	388021	729911	79178	101929387	100506581	106660606	9236	100130950	284395	100505549	112812	100129195	9326	107984539	338328	102724488	105374338	105372079	112694756	100506207	645485	124901457	105370174	101928092	84278	103091866	101929780	286042	220729	645784	349152	114814
gtex__substantia_nigra__M004	8813	55471	381	55013	30812	26224	55049	221	79017	79090	55692	55735	5689	1407	57467	7305	23324	23357	440193	22902	147948	6591	11285	84908	23517	54875	64848	56204	51491	51474	23593	23223	27095	954	51602	55540	8975	6433	28968	57143	10147	4710	60487	8611	57560	57661	5423	29105	9130	29894	2213	37	9744	57719	9605	23505	55973	5362	51150	3835	56650	4036	51668	10998	79891	22924	966	231	581	83719	84572	51776	9552	55644	10013	8697	8086	1725	25861	25805	54873	7593	1153	27037	83874	6305	27352	11020	4689	9978	83746	5372	5684	6430	328	10528	5935	55757	8717	80152	1723	65057	23417	58189	84264	23322	4150	9455	7993	6625	11129	64130	55111	53635	9441	79187	51073	11140	9266	26121	51477	25789	10282	84182	3315	56913	64983	83937	1787	56647	10539	6158	9144	29098	2483	55805	29907	26273	4192	55846	80724	4055	10384	51389	26235	7942	56133	51185	7029	1154	550	10058	4999	3065	85440	10286	64960	64175	10969	10965	84795	51248	7112	10987	55268	256051	10657	84293	5393	9217	55905	5105	88745	55715	51081	3704	10426	55795	3276	8678	10436	22863	112849	1678	89846	50809	84060	10606	5420	64792	94101	10776	84268	25759	81926	6303	147965	84705	376497	170463	1571	78992	93974	55337	91574	10328	5160	6627	2874	114034	54663	57578	2949	2947	55858	301	4005	10228	23479	50853	55339	9649	55755	54881	8818	51531	11258	84300	6941	58487	55075	51626	84993	55589	3033	92979	326625	84260	64403	80349	7168	585	6457	23478	64755	4716	10650	50488	94015	1453	26502	3607	55520	56931	81794	10256	5686	128346	7371	23557	128061	64969	51002	113419	6574	6323	23671	284992	29926	51143	55164	93627	153328	51390	221960	222255	79742	92399	56904	92170	26229	9638	1489	6868	117143	166647	4929	124402	163175	54538	7508	201163	333926	6832	64319	5261	8365	912	4720	7484	54461	89970	51249	1487	29101	23076	755	3275	57731	284086	51149	222229	126321	84911	8741	1973	124093	7542	54987	5824	25903	79005	128240	64320	151651	29083	9861	22950	9204	56898	91137	57763	3818	116842	10466	116328	84270	220296	221154	116225	90809	84936	81565	9382	197257	89797	64400	51117	51755	64122	2879	4597	284339	51031	124935	4723	54949	84309	132158	5162	200845	197259	649	154007	85476	55308	10713	5480	65110	10960	53917	201255	9079	5881	22871	4071	131616	58485	114825	147807	2110	2628	93426	163255	51112	10465	94103	10605	1798	2783	118487	254122	55191	5970	2745	256643	2787	254359	582	148014	3265	126328	80851	1466	8607	375757	10458	286262	1479	10301	254531	200958	6470	29952	84942	5426	64787	158056	221294	54681	122525	66004	3059	84622	404093	64782	28955	375748	51329	81532	55256	100506504	51428	126075	253190	64410	79174	80213	5413	10572	10519	59307	8558	54014	54093	55599	402573	114826	116985	79955	55182	4059	285093	6300	57801	401541	282973	340719	9045	134637	196528	6284	7581	399948	441191	51466	285971	837	128	65992	51062	353	64423	387066	84455	6920	80863	643008	1797	1460	84501	339453	1874	339263	1427	51239	55559	51024	678655	4636	51025	3995	343263	101928111	101927117	440498	101928222	100507057	28985	201229	344	266655	90673	645676	400945	154790	105378828	387723	84964	51608	84129	101927152	57002	79897	112817	25764	632	26063	340526	3588	64968	100506668	374887	401134	27239	105375666	90024	692247	493900	1519	10597	26589	102723670	100507303	730183	124900372	202020	100288122	55957	8517	112268241	401492	101927811	100270804	100652997	128125822	286554	107984974	389033	643733	641977	150776
gtex__substantia_nigra__M005	2729	204	51364	9855	1951	51534	7756	11188	9546	51667	3082	65980	23644	8531	30	7629	4802	10565	79641	51447	23198	7353	4133	11158	3682	2017	10573	9762	2521	84196	368	7018	8317	997	113177	51586	25793	162	5106	5721	3420	10406	8260	8312	64788	64428	10295	26015	56986	92960	79735	9141	7297	374882	54555	5730	11196	79132	26151	9094	27087	55626	25766	8683	26268	26036	23438	51011	8890	374291	9736	5396	49856	6421	5129	9670	56181	9324	90025	10329	80212	112752	51123	65982	51426	3181	27296	64344	5269	3659	9322	79654	79706	79016	51540	6341	23111	23640	79587	84284	3300	11097	4836	9380	338699	10561	317662	55759	10144	1583	55898	5373	51651	10966	57140	29920	9391	9125	9140	6993	9589	79648	9328	90952	9344	283635	9397	22925	5018	285367	11030	79856	64760	56683	117145	138162	29115	5635	284361	51005	83941	92291	129450	56997	90957	57018	29896	219287	56339	79789	116173	1528	440026	90701	65084	26585	81605	26263	90522	1613	84717	55311	124997	7439	388753	84289	23192	91949	53407	79663	283899	27247	201931	4862	9306	55669	55657	64080	6902	4580	64802	339855	1649	4087	2524	80324	66005	196403	8225	1198	285908	11336	716	283870	51065	340371	79581	54103	148254	55922	10345	84307	339559	353116	121642	2272	100129858	11152	92714	11194	373156	79607	51710	54870	54963	7919	10455	116228	4340	131965	2946	3931	221786	100128071	728558	100288428	1159	652968	23559	644873	100289230	100499177	728888	124902718	286103	56242	64150	145438	92335	54460	100507218	8148	80725	145783	101928737	260294	121676924
gtex__substantia_nigra__M006	4267	51226	51666	6863	7752	60481	29781	28990	8439	51773	1535	79763	9627	8537	7030	55239	116154	55608	10914	7301	1832	2872	8220	25807	11154	26133	128414	1457	6901	2321	4832	51283	51101	23474	79846	10049	10652	203	51174	3837	51264	26511	10227	28960	5450	605	113246	135152	3274	56954	22916	9595	25801	8576	5929	3155	50999	57404	83982	10808	84902	7750	51538	11019	219402	5208	221443	79637	2892	79717	84190	64097	6397	10585	8572	23135	51444	22881	27097	55332	10588	53919	6938	54939	597	10363	6904	126374	79590	8991	52	54465	57721	92345	9180	90933	89122	55246	120	22984	26007	8479	55002	79839	196383	57647	196513	81792	83734	2697	10160	22878	5789	54819	3017	94104	5900	339123	4116	199990	129285	285521	116441	222962	138716	51084	55323	9318	51700	56672	27018	84191	79001	7536	29100	1876	10421	201254	65988	6773	64979	4815	10892	83591	220416	200933	2072	6199	158135	440556	163071	729614	399664	5571	25825	84316	8302	8214	340061	286256	1762	151011	100101467	129293	4501	9863	7373	391013	12	26010	91661	100287569	4155	59286	7405	25829	54470	7917	10206	56953	9311	81890	91664	2595	100131187	124906608	100505996	100188953	348262	440078	122152325	100131801	102724768	8420	100132247	85014	100506068	10016	388610	100128191	101101773	124944	101929224	23732	100131691	401612	126661	124907726	400759
gtex__substantia_nigra__M007	3920	163	27072	5536	81551	9921	9821	1462	9454	5188	23041	64951	1258	9175	5250	4034	9933	51701	7023	64857	51257	283638	5434	6598	129138	51635	79038	10005	79576	10204	54985	80381	828	57817	3614	6119	7461	3959	54682	26127	10591	2030	9173	8643	84251	80127	51646	84272	84418	5290	29899	9559	10212	29078	79809	284800	3397	140823	101410538	7389	8089	51234	6183	25847	26297	64981	11047	3748	10266	4695	23647	10247	7014	56259	116988	8932	5279	29081	57575	51138	7453	10026	29922	54499	6726	2987	84874	129804	151050	55840	4841	1730	115426	2934	4684	740	221336	152137	1360	60592	5529	84897	64897	54933	9825	146206	6002	118424	6271	1996	128308	8545	130557	1345	79870	80318	25820	117155	348094	125058	79064	521	4493	134492	98	126014	26115	30008	339122	51162	203054	29903	165324	8061	51078	23625	4808	7334	8834	284273	401563	84333	286128	65265	6165	84319	5101	1435	22888	56899	51186	222194	170622	3014	5104	83862	50859	51108	4541	4513	4519	4537	4538	4508	4514	5696	55851	10809	100188893	109286553	9277	4509	128977	4831	55861	105369147	9939	5348	284106	11056	57212	10778
gtex__substantia_nigra__M008	2534	240	9782	55734	9716	54455	53340	51009	6813	273	131544	117584	7042	5742	54209	56952	26517	27349	8846	1983	10398	6923	23205	5327	5438	51343	1628	23560	10951	64854	79864	217	730	7701	6146	51102	9588	29937	23184	9270	80760	3071	23583	23363	79144	8192	9349	6629	8459	92521	84817	6035	25814	7376	842	3572	26519	9704	11137	9238	150472	90871	96764	84888	4704	10066	84299	91039	51686	79573	285175	84276	6167	55651	6770	22921	85450	25891	84623	22948	7316	23310	5281	55027	130535	7381	4599	81035	2207	57805	714	9592	54784	7627	80232	51023	54585	23272	4241	4085	10393	27089	118426	123228	3419	84516	4130	1632	51181	5099	11337	2167	55038	93622	4696	25988	6169	340252	713	712	7423	65003	253982	8665	5441	64963	23585	29796	80764	124751	391356	1645	64170	388115	7730	51155	4666	51399	140612	3841	4828	6168	64093	11179	51490	9289	414918	2013	4207	134121	51192	100302401	90271	339400	6173	9054	55766	100131089	101928176	100506844	388677	107985305	339192	101927837	404672	644050
gtex__substantia_nigra__M009	54972	54903	25960	5452	6322	10806	10758	8908	25791	2263	2261	10060	4925	1459	55679	369	56922	23152	55741	54498	1312	990	25	26088	284217	79758	9780	6810	4125	4946	1760	85360	26093	2077	2901	27000	165	7763	83871	7466	975	283383	5467	7101	8992	58515	26084	30818	84695	60672	25927	84898	8702	55116	4337	6745	56731	84286	117166	58504	5819	25873	9473	94030	91107	26284	63827	1116	3295	83666	91445	85478	55114	112483	60681	126147	4259	56950	58190	2768	8667	83938	121053	9481	146556	3621	84532	115416	51043	81570	112942	84283	55139	84126	63891	10085	81789	2203	11164	282974	9200	55273	6764	80975	4640	7008	28227	4054	116071	4336	84879	214	91647	55167	339487	6888	57104	283417	9659	2580	5187	91663	84698	23513	728294	124842	3985	6525	201501	7469	4582	221491	285193	162962	30849	26020	100499483	118472	780	100130894	414152	25817	101928527	107984948	100129250	339789	154881	100505616	109729181	100507599	105371115	101928059	124902114	283922	100132101
gtex__substantia_nigra__M010	9569	10747	9846	822	2978	6916	26469	64431	57455	10269	23031	113791	84271	51260	54108	28959	4669	80018	55832	604	84836	80146	81849	11133	8673	80177	7045	54440	9904	79039	8603	14	2318	1635	5914	5111	5786	10894	29015	51204	10113	153020	148932	9718	4794	9166	10556	133	149986	221143	130271	1633	9162	55698	83850	60313	8986	467	130814	8539	116159	10845	3622	6575	79089	79628	669	80198	114926	283232	144811	51333	168544	131096	100129196	64757	375341	100129583	6399	9719	85028	63934	55153	7574	92241	7923	50840	63940	401093	102724919	100289187	342184	100506606	90799	100294362	386758	100293516	118568828	101928963	101243555	100506516	221442	4500	100506060	84773	253039
gtex__substantia_nigra__M011	57414	54814	211	3074	5291	10787	4913	57623	10294	8891	60343	55160	5026	4345	55506	513	10478	2937	26090	2742	64840	2254	8131	3163	23475	284352	10469	6511	9253	5518	2931	11033	2645	8036	27338	10900	1819	64149	54414	23329	84100	3836	55081	27429	8604	1757	51141	7277	25953	2258	10298	9040	1736	51308	10817	9581	3184	9746	10516	80856	55262	57502	57325	226	80309	7070	3798	7862	90993	8450	11267	808	23623	115950	79656	6259	84059	134549	6447	222950	54811	1072	256130	128439	64837	23042	79077	388341	10856	7378	138046	84856	284338	100131755	5718	550643	29902	378881	100505678	100506282	285500	105377023	130872
gtex__substantia_nigra__M012	1890	8635	22837	91746	546	8550	7597	57060	10633	150356	10423	6795	708	9368	57606	64231	114971	8099	9444	5947	10675	79031	9731	1647	55700	51107	8704	10327	2531	90203	4357	1854	23639	50632	54958	84152	84106	4076	51374	1292	85369	11000	165257	90113	5295	7761	4900	122416	123803	84262	4690	158787	4681	79957	5745	51727	51385	25798	63877	65991	29117	55897	348093	2495	661	81603	198437	566	51126	3728	10276	81490	27257	4062	497661	4094	9377	126003	283989	90135	122622	339287	127687	257407	6257	727800	1454	284184	401399	100505771	90120	401115	100505738	400916	115804232	100507373	101060684
gtex__substantia_nigra__M013	57679	23098	5980	84545	6894	3430	6717	51619	28971	10580	9274	8045	30813	27286	65990	8766	65263	157697	221927	55744	5023	51225	833	2784	10973	11120	5201	29102	55240	9129	57035	64858	5033	84269	83460	7979	261734	55556	79921	406	51241	5168	25822	84681	4091	51196	90381	25912	129563	134728	10957	6134	85449	1646	138241	57477	2618	85395	563	199745	130162	84315	348980	220972	10910	2819	1841	55602	2948	80723	150678	84833	54968	100129827	114932	81858	90843	9284	4603	957	342132	7088	147658	50854	338799	27040	644246	55672	100505696	101929302	101752399	724102	340591
gtex__substantia_nigra__M014	114881	1195	10903	5606	55718	55515	949	88	57506	79603	23598	5641	50804	2217	2091	333	93436	54504	24146	9487	2027	4598	1297	6242	4209	79033	23632	8727	10171	59342	6909	92	11130	55577	1026	55544	9415	10492	3178	23452	9550	56924	6895	7009	81542	123920	10040	64129	7436	286257	10284	27034	2313	2114	8703	80228	23176	58526	399665	148137	10491	83452	23051	125144	253314	284207	2918	22827	257106	51114	55340	400931	56882	440295	2870	83694	919	26058	253018	7866	10626	84973	100506421	100506368	101927957	100131655	112398	389741	132241	152195
gtex__substantia_nigra__M015	115703	26022	51603	5476	10347	10640	5794	2920	5550	363	9489	393	5996	57192	2099	8216	28231	3551	3249	857	84445	51411	1967	10120	84128	25972	2103	54853	1017	30817	23383	10401	79768	57639	3142	93643	122786	57592	285440	56996	10280	29087	23460	81559	152992	119392	115817	26119	126133	5347	64127	4218	2990	148203	5916	947	9416	50628	253650	389114	339451	653319	6584	84188	7004	9853	4855	143903	3150	1241	145553	10379	101410535	84627	55853	79940	3109	102724064	641467	91695	100093631
gtex__substantia_nigra__M016	843	3459	6307	55749	10203	57418	51167	3993	8578	10179	9452	102157402	55671	9663	4092	8767	84167	23770	858	7091	55149	57003	54868	27309	969	55110	26054	80315	4968	11235	23150	152015	5325	56122	466	79586	8445	57498	6194	60492	5861	55716	2958	57645	6622	51256	51125	51110	220869	116966	4718	285172	11182	4634	114803	2135	51705	84457	90007	5867	55276	10978	1106	283951	442117	167359	54880	4600	7058	252884	29966	307	10210	11169	22909	7311	101929147	80069	100506826	53938	57665	100506710	123706524
gtex__substantia_nigra__M017	10181	23187	1606	57091	5829	10296	23464	5595	56942	54829	23360	84274	55776	7841	10560	55051	1908	8970	55154	55780	10095	9026	1802	114904	55082	3703	23670	57224	11173	57117	145864	54540	221935	57626	57798	149483	2905	126119	55314	117289	94241	4712	220979	5979	8800	150290	51148	84436	4144	285268	27129	91523	223075	9735	56971	54932	284759	3108	7918	83463	728130	401260	100129434	105378580	729993	390595	127138868	101669766	100506036	155400
gtex__substantia_nigra__M018	79007	26099	2011	51171	57556	10101	5203	10139	10916	124454	8677	26959	23142	84680	65117	23371	4939	9025	5810	9616	115353	5906	27030	9409	10617	65109	64919	51691	25870	58986	56342	9584	9413	6302	5270	10868	64776	55212	83606	81614	285282	64777	78994	1831	9364	129531	7391	23400	11189	84221	51205	7086	92305	7555	5986	2845	7572	90288	9973	9798	2621	119559	101059918	338645	3182	8227	55035	100128946	79716	105376748	51236	10330	100506070	119139901	79873
gtex__substantia_nigra__M019	55365	55040	112885	4084	65993	8310	79175	55857	23351	1471	729440	57130	6484	54516	51715	58512	311	56897	2868	92675	1028	10155	60484	79161	4907	26056	1593	81873	5607	84915	122616	10899	153830	3486	6836	738	9425	81544	162989	4000	160622	26168	899	5437	6522	118881	5654	81832	6137	57348	3489	284004	84331	51319	54998	8636	286077	575	8073	388335	100190938	221002	26071	51157	6150	100505641	101927021	387521	101929089	148189	728743	107985115	79986
gtex__substantia_nigra__M020	5238	23649	402055	7264	3783	6223	10430	64598	6009	9631	57415	8942	515	387496	80820	55847	5690	23263	813	5338	54857	3727	51371	22880	79022	81853	51332	5830	8996	127018	114790	6161	92610	339105	79705	10901	10630	27306	11341	55335	3636	7083	4725	7059	7314	79087	84206	11124	27341	55660	4536	4512	4535	23	441054	84324	101927420	100302692	101928000	401074	100233209	2738	554236
gtex__substantia_nigra__M021	80853	79142	51816	9767	83743	64115	81619	523	55321	84925	26353	528	388591	29800	9903	79753	3429	8509	123099	26505	202374	123207	54344	55328	353274	254956	11344	152742	101927288
gtex__substantia_nigra__M022	6550	5050	56061	3646	51010	51020	7060	51300	56655	56943	1349	29789	22872	8543	6637	23589	9184	23097	3678	6881	6157	440574	10209	257044	64856	91689	6613	84335	439994	6234
gtex__substantia_nigra__M023	27440	55663	4616	51599	51195	3280	57576	3399	7852	3164	27109	80726	4926	51176	3687	3491	101	57466	9715	4881	2353	124902280	728730
brainseq__caudate__M000	8837	204	126393	5577	30812	11188	26993	5536	23144	10138	637	22902	9369	55655	30846	7077	10858	55812	64848	23223	23101	26999	54542	11178	1975	11338	29924	10147	5586	2065	1659	79641	483	9488	7353	23293	998	2046	11320	5566	5817	6480	55160	27332	23505	1739	23609	4292	5909	832	57644	1785	22997	4036	65094	57579	23033	79891	9422	10450	57613	4799	10573	10075	10059	2036	8455	57506	54997	55285	57062	25977	51726	84572	7018	23594	9209	25861	55280	1153	5064	1652	89781	129138	5435	10521	25793	27352	79734	5905	57452	79038	79882	5411	10110	343637	11201	8260	9016	80183	26512	51090	25839	8312	1186	7329	10295	123263	56986	1666	9694	2997	84444	6449	10994	23646	30000	59284	26121	2901	23094	56006	10282	10049	6742	23658	113263	643641	64983	55744	10652	26608	9355	79937	1993	83937	8029	1787	84445	10539	7511	57178	84961	10743	27077	55813	51747	25979	7323	1665	29118	23360	79829	10944	84867	5715	65981	4891	4048	57097	80018	81539	5467	1432	11329	9444	10846	5528	23113	10723	80006	51185	30818	10096	550	56655	64895	25972	10058	8576	63892	57535	271	64766	6421	4548	387338	58155	56181	25936	114883	9324	91754	58517	55051	9913	2281	53335	9419	54853	1	65982	7750	576	51538	2170	55791	79871	989	644150	8434	8034	27161	51604	128611	55661	10396	56897	84899	84269	718	6253	6628	5326	57479	27245	5199	64430	286336	84239	53834	50809	23499	84060	56984	2593	25796	51690	51429	83861	4298	50632	3911	55558	25980	9779	7376	60412	116983	261734	5989	10489	22907	79781	23480	2926	22889	9201	9215	66035	57180	22800	2949	51347	9840	6302	84284	23479	4008	3364	10588	6426	11143	11311	1025	9649	7507	3590	11258	9380	55227	84300	9656	5876	9411	10113	153020	23162	4704	6843	6636	114795	9818	91012	115825	376267	80349	55466	6457	23478	3687	64755	1009	57610	22901	54828	80000	10966	494470	90324	641649	1291	757	105372481	112703	63976	10026	81875	9869	84451	51057	57624	3680	9922	285349	83939	9515	132299	890	23092	10667	22838	401262	51390	6993	9589	3358	27316	23412	10556	51501	85463	4863	6876	57536	5805	89910	9231	4306	341880	7073	83439	9987	25909	50807	7342	54463	25890	7345	375056	91694	81559	23228	130535	133522	122416	115416	10901	1859	254048	121665	6497	144406	7391	10361	94104	117145	89970	1487	57732	6002	55108	81543	5900	3275	26097	9794	622	29115	6427	29127	10482	7542	4116	284723	57648	81629	23528	55083	51127	7447	2071	388962	51023	8545	128240	80128	64320	23429	78987	91869	79078	8927	27152	4889	91942	25836	221955	9263	348980	10466	25798	221937	65268	7415	143279	11092	90809	259217	79101	8642	118490	1528	23300	644353	9665	84191	219988	26585	4088	4141	399665	81605	6668	112476	4597	114823	94274	148156	6730	1775	23524	54949	123258399	388753	2339	80319	131616	7584	10477	9720	10446	1056	93622	2941	238	51013	24149	84525	8841	200172	115196	126308	7690	10125	118487	57546	5970	91683	10534	5936	9973	253512	128439	488	55055	148808	126328	253982	131408	10106	162655	8665	285598	55844	2072	146691	401505	1479	2290	339487	3291	28232	374819	51301	153129	157807	80205	11253	57513	475	79718	387082	6666	66005	2885	55929	196403	84314	161882	22864	10194	197407	284406	51287	91050	91304	81532	122553	7267	164091	79087	2621	64478	80164	57634	51118	128989	84851	29110	80139	51807	56616	5463	4753	3714	23768	353274	285600	10718	23742	51741	283149	6256	353322	23040	100101467	55893	387978	4059	56123	9742	400673	7621	729956	353116	57474	647024	388228	137392	84570	27158	7390	147694	642938	9729	64218	9883	51466	284739	6477	51434	51399	1612	3914	3841	307	5094	123096	23507	373156	23145	955	5253	92283	121504	30001	7637	27300	9874	987	4519	4536	113402	116461	4538	3897	221002	9666	116228	134701	3108	7918	57540	554235	29902	56140	284402	5150	84324	100131017	266657	259296	50838	400798	100420110	100271538	286827	100422300	100421794	51239	2946	100271271	729799	6235	728706	56413	9080	140758	339231	400954	285830	678655	64601	100131187	100287898	51025	641293	100128264	53822	100131810	644896	100418819	286494	8552	5512	100271884	100130446	100131638	138948	100128071	2074	101927621	107984921	646202	100271594	102723341	113178	122152326	386597	100131193	169834	553121	391256	26134	100873882	100271276	196047	643343	257203	26226	100874372	400129	101927551	140761	646870	100270855	389813	100270827	100421865	100420423	201229	220112	100419489	100874314	100420921	100418781	645834	100874278	440567	170547	100270896	51275	8629	100422627	729056	642776	353267	100996342	100420557	100271277	100130881	728300	100506897	105378828	100421371	266625	730861	644388	100506826	100507062	158	100130786	100421670	106480488	729389	221078	57002	100271150	25764	100271564	727956	100422044	140290	100270987	100271221	100421437	100132247	100270852	100419755	106479248	100270835	100507602	134187	100420028	100418744	646723	374887	728167	353511	100418737	152742	541	378938	157627	392266	100507316	56106	105375666	728888	101929719	91056	101929269	100874333	388112	55096	259295	493913	259293	259290	100422382	266656	246744	338414	100506551	100381270	120766144	100420981	353163	26589	414899	7190	124903619	106660606	102724430	100507290	111082974	100421173	100421100	728485	100422317	100507433	54553	84548	10984	100533184	100129640	319140	100533711	25786	100420114	9326	729438	256302	390660	112577464	84055	11056	7554	31	100133319	147276	27099	124906280	100130148	401105	100507117	359822	116828	101241892	100507178	100506710	105374338	100526833	145783	105376121	119545628	105371354	105378979	100131998	54660	107984974	728554	440456	349152	155400	731275	100129534	5301	105373383	6458	80862
brainseq__caudate__M001	55904	5164	3920	10368	10127	1750	4293	2115	9254	55735	65220	1951	23542	54497	5980	3423	51096	2067	55148	57709	55703	4190	9782	3670	3479	57586	57476	11215	25901	51230	10953	960	578	6301	535	9168	11345	84908	27430	3631	5874	1175	2824	84062	7504	4134	57120	55885	5954	340533	25875	23105	51154	10079	84545	57504	5218	5923	55359	124925	770	1606	9748	23216	84679	3422	782	5315	6857	3421	492	5165	2182	3632	56850	51447	3796	139341	5597	10681	5217	10947	29105	815	490	87	27330	22905	10290	84708	2011	1400	79041	949	1183	10979	23332	9671	8672	55972	9462	60	22920	51412	5063	1781	3093	7419	1620	114880	7520	2037	384	23136	56256	29093	4986	23085	5019	91746	84273	22979	3797	231	2017	55239	118	57542	8570	23348	1795	2280	1114	8079	2734	57605	4897	23335	26575	1299	10762	4436	1725	54566	54187	7093	2289	28978	25	11332	5434	29799	5594	10126	23492	9145	23112	5372	2287	80821	51382	1113	9252	51550	84312	2937	140730	7165	55738	1457	25939	9371	140679	191	9663	10627	8715	5634	6855	11040	8237	9468	56271	83693	79791	9738	8925	8120	7082	7782	793	5862	51101	55156	2936	4946	2821	84518	83743	374882	5864	25789	23080	1749	136319	4967	2887	2617	8976	56913	27075	54927	6505	10927	1759	23413	57582	6456	51010	26033	5599	59338	54462	79176	114815	54906	8030	56521	8787	8402	51003	64149	79132	84687	1845	1949	23531	54940	23158	3312	5007	55291	887	24145	25758	81566	3736	1389	23074	79158	2026	51559	64426	55907	26127	51567	57150	79632	4121	51020	7164	4988	29074	221692	10486	81491	892	2030	55819	55299	10007	79770	84100	56954	2257	23527	11334	11222	10289	27086	10120	29959	64838	57142	6869	10314	2744	10575	60482	5510	10494	6801	6432	56902	5000	22848	10056	9917	4985	4209	9829	5997	10286	51440	9783	80135	10969	9890	57035	56912	9331	6785	27145	23469	81847	9194	6185	57539	51692	4702	9480	57718	54812	29094	55719	2805	2891	84918	5110	39	11193	10808	3208	23155	22987	5412	4952	5930	84293	4852	10124	23349	170685	64168	55709	29078	9643	51209	130399	9926	3759	57468	78997	57403	27304	8239	2914	6903	116138	9208	2806	7737	2892	63908	164312	80818	10893	51614	3831	51309	59353	821	79575	9143	8910	64921	57168	7533	7732	9296	57464	64792	813	2571	440275	54832	3746	9513	84932	1036	7905	83855	6861	1804	147965	4301	23025	25830	25814	10844	9040	4294	57470	4354	22927	9584	529	47	84313	80762	8799	51805	25957	51388	6616	5786	128434	10810	2835	4628	79589	55859	81846	78986	23508	8932	1022	8536	148281	8774	377	79022	57498	284252	85004	8565	1837	152831	26578	55312	81689	84900	3351	27165	116986	5502	91	10574	10200	3775	85397	9654	80326	9648	64965	1607	274	2572	10006	1861	6812	10244	26953	347252	63027	7280	7172	85462	408	91801	56965	3706	10017	85465	403	22891	6229	6741	55759	29766	8916	84162	5910	8654	9908	55752	8615	27068	9061	5530	23710	51067	144165	144193	9815	8562	4857	6252	145482	123041	81614	7168	79068	7385	10300	4716	5170	22980	28987	55275	2774	27043	10907	113230	23410	115704	127703	5567	5792	90874	261726	25874	8804	9213	23179	81609	2029	55061	52	23219	375	8476	22874	5778	805	6233	3899	11249	57282	130507	132001	85403	51143	10550	9353	10769	5295	10184	2561	10814	57451	7162	84553	2830	58527	79624	4191	55634	526	2796	114569	80728	53358	7357	56904	818	9118	92170	84280	4684	60496	6327	149951	84159	3708	57512	114134	10873	8872	112936	143187	57700	1814	387923	51594	667	221336	121256	79596	6014	498	2977	9456	814	23171	53918	7402	115827	64682	51571	10428	221895	147463	135154	84959	9868	388650	6782	285172	9844	10670	116442	9508	10694	7102	22986	5097	5521	219541	23355	375323	9797	23057	491	6854	445815	9162	203197	673	91544	127262	3745	23382	9825	55607	8867	3460	9900	57369	1636	9114	29	808	29101	138162	55585	1141	56893	1857	51728	115	10825	220004	2785	283237	79699	5563	553115	79762	148362	64216	163882	51072	3754	142679	130367	132789	317649	10109	6746	23114	23122	5584	56648	1040	23001	80145	54585	5437	116832	8314	4241	23173	3015	133308	79714	79012	2912	80335	9348	92255	651746	84135	94081	54329	10569	22853	10395	5001	1020	54704	11168	54769	84302	6990	55342	26130	83550	283209	89890	509	8559	27069	57608	6297	142940	55530	2200	2562	1381	5579	7084	10904	84516	54386	63928	114794	7529	6786	2879	85300	55611	84926	4723	7001	956	3761	149603	378	11273	1128	79064	27065	3354	5604	25849	27166	7881	65008	5747	27247	699	9079	22871	23252	7532	51617	56980	166614	91752	202052	5209	5569	883	5581	9655	118812	59350	9427	57687	93426	4815	7857	11346	2596	253152	10869	10605	253782	55352	8708	10248	10231	5499	10777	283450	111	22885	158399	49854	3642	5797	9804	3728	23592	170261	127845	11041	11146	51319	125988	26470	155185	344758	125144	80124	1649	56675	1212	4023	79772	57628	5870	10458	379	57633	9832	153364	126272	9699	148252	8851	10409	2902	9240	345778	6330	284716	3737	266812	51046	401474	23765	222183	387856	283417	9659	11180	55175	27132	399668	127254	90480	1198	1960	3352	220202	9495	7710	9378	253650	124274	85453	6752	1132	64388	23760	166379	92815	23109	5912	54112	57463	51363	3739	8905	785	22906	4692	50863	9312	340146	55794	80781	170960	5121	57118	729540	5877	51428	284656	23466	386617	23258	29796	8508	64061	401145	1946	256714	645974	3751	340542	5142	8303	1812	25880	6612	140597	2157	56899	57419	137868	255275	56160	266722	6450	730094	399947	10134	57496	260293	4674	6228	401190	4771	79955	4137	200728	23390	1645	23270	79659	2057	9863	51182	26059	145173	29978	5575	374383	1121	345630	344838	389073	144404	345222	340120	6284	7259	23708	653319	9901	6829	147929	55190	140465	399687	55966	154807	5456	961	343990	9260	57522	10447	57181	388662	23061	8363	8831	57162	147906	55753	50861	142678	57799	23556	54557	81553	342926	337876	258010	219844	340578	9747	7296	158586	83699	51441	51062	801	23116	10497	347731	192683	11179	146923	55170	57692	134548	389432	9293	2664	221424	340543	340527	659	6992	2550	440145	390205	56114	84912	286144	51451	339674	10921	220164	201562	348801	131405	114786	10962	84342	125113	402	7416	534	57128	646951	51400	221092	134111	283514	729515	100505876	440400	6844	5534	653199	107985190	112268276	122539212	100302692	389895	100131244	114821	151484	200726	390616	91368	5863	4830	51373	90639	10687	257068	1325	10552	5297	107986096	398	192111	729082	728081	654790	25864	222537	25907	100507341	100128233	57132	399959	10330	147660	10381	23732	115804232	644242	100507421	23246	106456574	2969	100505576	100287932	80755	100130522	400818	152217	91608	338758	389332	284615	112441426	30837	8396	8367	8360	4747	28755	79893	283521	113523639	728743	101929748	122319436	105378355	100133036	158035	114814
brainseq__caudate__M002	7105	22875	1595	23072	90293	23028	10165	163	79602	57787	8522	8938	9862	51534	11313	54903	54476	9066	54443	23386	55349	22802	23154	58473	51022	57514	5926	321	7414	9099	23274	54908	54165	1495	54875	55841	92017	55187	10659	9341	23327	27122	5291	8574	23095	57475	4659	1608	10787	2983	65056	10513	50937	28996	9423	51167	1496	57609	64834	4649	4756	7216	387	57595	6093	22933	55737	10610	2121	5523	8301	4905	4854	5939	2329	7163	2239	4660	88	369	55331	117	3991	2222	23239	5241	1741	4779	3693	1307	81929	55054	23139	51290	5027	10914	10795	55763	9352	3655	8773	26227	4637	8697	10580	6732	6319	23555	112755	2872	421	4809	56993	8897	4627	6767	63874	1690	114088	23002	9517	7443	51098	6789	655	9770	22919	56853	54941	1478	5355	6594	84061	56062	2259	54602	81617	143	84056	23295	10204	9683	3163	57722	64397	23312	10404	10397	55174	4741	79784	51073	1628	4099	23770	199731	8701	64327	23242	6804	29886	1174	8985	158471	1955	20	51104	7763	10367	5532	3988	6468	22849	56647	9644	8036	10105	23232	10900	23125	11216	9267	3959	10014	4355	30850	5602	23321	51274	6309	9828	1027	22818	8078	113246	23328	26036	202559	26235	8936	55856	7922	3617	4124	10307	4012	10111	2246	662	1627	8850	2771	56987	84223	55233	81562	6242	9381	2976	92840	6711	9801	23301	3069	2034	2043	127428	23463	58480	28956	85440	252839	127700	57568	23266	11240	5929	991	9670	8503	51060	10849	84886	51646	159686	10672	51248	440073	2107	2185	23435	8405	113	29990	57179	80820	30010	10268	152007	1211	8805	800	23597	57213	23091	57486	10133	5354	5208	90203	57580	23096	400961	6631	81578	57699	79026	6662	57187	1059	4821	6238	6237	84662	117154	5858	83543	7103	56302	7978	135	11135	26150	4289	6608	3231	84952	10776	25870	10749	57153	25938	2302	55274	57631	55201	54858	9885	6249	10277	23345	23229	2670	1327	1729	5160	341883	1262	7326	55915	9406	2319	92154	10763	63827	84327	1131	6341	254428	9911	23111	90627	84923	23640	23608	4922	83857	3656	4853	9475	23175	63982	187	9415	9743	11095	301	23287	29968	9988	29969	2045	6885	2583	23017	8763	4193	9764	1783	64114	80705	10970	64759	9771	313	83605	57471	2058	23452	1318	10541	7094	55667	55362	4926	5547	7274	5962	64776	80031	9635	8634	11117	84171	54536	317662	29081	10152	3685	57337	55329	22915	11107	27163	10427	8499	84298	22822	51228	79035	2098	85416	319089	83851	91947	5073	85407	6760	4864	50488	112483	396	351	3339	284612	6258	80222	126626	255928	3756	11221	10899	7170	79169	129642	27436	129563	9686	9125	2803	64422	115265	80854	6423	1393	5066	26240	84249	51473	134728	26230	9586	55281	357	8573	4478	54539	9203	1730	139818	80005	11160	7436	4781	92399	286204	210	140459	11023	84504	10658	23052	149986	22866	3688	26524	2823	1740	5305	23657	3742	90488	121551	288	9472	140609	2241	54842	26278	29970	460	5784	26353	9397	678	114908	2893	79819	2911	124402	5789	23576	284161	7070	26207	83648	135295	54149	5137	27342	51560	91369	129684	528	158219	2890	7273	64798	25769	23362	3778	286148	419	153769	159090	84295	137970	9372	3361	4643	1831	114793	56896	114822	10163	388591	8450	9669	55567	1780	26958	8407	9507	1465	51673	1676	9619	7410	92799	23387	6271	200186	54865	9684	84988	60680	126321	51	113026	57465	22941	4041	23358	8613	84328	127733	126820	284695	8682	23385	9261	151354	56916	7039	7855	151647	116064	151651	132204	7871	285368	2992	79443	64769	23272	84448	55314	64399	133923	256987	133121	23305	23176	55568	84624	5224	27012	154791	57462	157378	79698	158405	219654	221035	51585	196740	63877	55088	29763	5702	9221	119032	79156	322	9710	5598	90701	201161	6236	27018	144100	8800	124491	23339	54893	6447	10982	7008	7644	55762	80700	5653	10263	146664	54442	1499	7536	11170	4735	84289	83657	6774	9836	10791	10421	10636	23117	25932	83987	84168	3185	6870	81844	57484	10826	10491	9482	164832	6773	98	11016	5429	143425	3799	2861	11214	9788	84437	90161	81831	8862	598	22883	1503	54205	55106	154141	220136	9915	55277	348938	29942	51162	26960	6599	11163	3267	57674	10276	83759	7096	253959	115019	7368	285590	132720	201625	7189	65108	4087	116028	285800	11145	666	391	6197	347862	284119	10009	4808	1176	85460	5339	80034	22882	26873	112574	5187	80153	144132	23580	84922	222166	5062	90411	3753	8334	253832	79929	118442	5430	9625	6657	90355	285195	84629	220382	64764	23336	2055	23265	633	439921	29035	83733	2130	18	389337	4166	80258	10317	29944	5613	256435	6900	126382	1435	84441	84189	124751	10801	5413	752	6092	22888	84614	10634	5071	51263	54014	51227	3916	286183	23299	22821	114792	150763	3638	8372	5465	730098	375612	84281	166348	1755	92737	126432	1287	389541	123688	10991	154215	140576	4520	9045	257177	347	23254	3556	50859	283601	84628	1995	55660	60312	8912	643836	4763	2760	89853	64771	140612	57730	160	51108	85379	140688	6583	135398	124411	26020	81031	4644	6709	23303	6277	26052	65124	200734	50618	388558	7975	131870	6262	10479	9182	4512	22876	57165	4537	9853	5455	79065	619208	730051	3133	100131897	1639	444882	643965	441054	5699	6453	90861	402160	55652	375035	4722	101060200	401562	55384	414152	96459	55714	3995	101410535	348262	79134	284835	6171	114796	104355152	6892	101929302	28985	121853075	644139	84752	400793	358	102546299	348110	57604	6414	100506365	56145	286103	388327	26065	105369779	283592	9236	100294362	100073347	128077	100101267	100133941	8344	79873	338328	359809	6905	29798	105376387
brainseq__caudate__M003	2729	4800	51056	9108	6542	115703	996	1387	26224	7543	5898	57157	27072	5048	9091	9043	7095	7812	10048	928	3097	1634	1355	8540	4719	55334	9135	57554	8554	25897	55773	8452	175	259282	23644	9765	26064	23338	2042	3309	54960	80243	50484	54477	55745	29945	51742	23369	131566	57458	5128	65125	79832	51660	7771	63916	22998	91526	8621	1994	25791	55623	221395	10294	8514	6095	7049	6160	6196	54556	28951	6596	60343	224	8243	51009	10129	5522	771	11343	55205	3785	10371	10512	119	5250	55973	83992	7155	23032	7107	10529	5527	2782	58476	22999	8417	55183	23011	11043	22869	9689	7514	57226	23047	10325	54434	334	10890	546	5243	2060	43	339175	5775	8886	55608	9762	27131	8315	29965	7597	55668	1738	151887	51310	9878	7430	1808	9117	3983	56952	283638	51386	55964	25777	54471	6655	10175	10490	3705	23405	22990	55671	9321	10278	394	10484	51012	9658	28316	9218	4092	79576	8411	22862	688	79918	79152	8140	79006	56061	124454	9093	10423	79719	23205	9455	56704	54332	3646	5516	3191	1209	93145	6511	208	333	11100	51343	5802	56829	11033	857	7586	5803	55131	3268	6009	7016	8777	320	10613	79009	64115	57584	22852	91452	9148	219771	51195	9570	1362	1655	9343	5573	2557	26511	8649	1998	2549	11275	80273	1182	2743	9693	79864	4013	51111	79073	1982	1656	10114	114971	55531	80824	79794	11052	11103	51026	29915	6489	387119	10973	9439	81688	51053	9749	55754	26054	11120	59084	83594	3157	5924	1004	10923	83989	5810	6500	2908	23548	1452	58515	1894	8087	55081	23150	51122	26084	6747	1981	8745	200576	57669	51639	55704	25843	80146	8604	54980	6342	9068	9181	26232	54823	9295	51107	1810	5825	8674	9588	55758	3925	29937	5629	5511	5955	23271	81573	26234	64747	25782	92400	8013	2531	51077	10577	4329	10285	30819	6950	399979	55068	51569	22835	83468	1191	10434	64282	23024	80218	114784	29899	84248	1314	29066	7755	55975	64224	84668	51251	79269	55847	9559	26994	8082	55297	11059	10755	540	139231	57826	81579	23363	514	11017	221443	5911	57409	24139	11034	6629	7389	826	3661	3306	81537	64919	5787	8445	23065	10975	6049	3092	9732	25847	60559	1032	112487	81533	79016	4705	27243	10155	79088	6535	23199	6451	51132	9467	3748	54882	7322	51318	5901	5562	54453	51371	9365	84707	123811	3612	51241	9811	7428	4212	79768	6272	4613	285148	9698	51444	746	22873	51014	29979	23014	79161	25821	577	22881	57231	10956	2799	54583	2752	80896	149041	57695	55654	9392	26122	26586	29079	9805	10010	10730	9550	54534	9373	55833	6194	60492	79811	55177	102	51187	54874	5861	80204	310	79675	57520	55032	8482	57575	55435	55212	901	8999	57619	83606	55500	85437	9107	90634	6601	7009	122616	10099	4916	8826	221184	6187	57336	25800	55197	6563	9775	4089	90378	91039	8543	64326	79573	3707	3930	55252	23233	8502	51454	152330	5793	64332	91775	152404	57552	10299	55814	64839	340156	54438	26045	57583	2768	5814	51631	55086	26260	6867	28957	92140	29967	54801	10280	6251	54805	57689	79096	10525	9219	9538	9638	84623	140710	226	51503	23284	116966	54545	85458	1737	219670	5756	22982	1977	283635	2059	8853	291	196394	636	60485	143384	9910	148534	130074	10618	127933	5213	4154	51128	160897	24138	53354	285672	9425	116150	5529	84897	57630	9184	4685	51582	55326	29761	23367	286097	137492	138199	132	6103	7381	3788	1915	6529	23049	115548	26060	84262	116987	63875	130617	137964	2039	6651	203547	7109	57551	4000	6132	81570	51727	80232	130132	26225	150726	10611	23248	55356	6565	3490	25976	201895	57456	26043	79982	401152	51313	54726	90826	4338	202151	285671	84059	5229	153733	81789	167153	10412	84340	153222	168002	57107	23366	6208	154743	7559	51808	501	216	221656	3190	203286	254065	1073	10910	84457	118987	219736	79789	5654	161742	11245	116173	51762	29117	8065	3419	6157	54495	9640	164	10845	81628	64400	6632	26995	51704	10449	7769	29123	57348	83696	83547	4054	5049	5867	359948	2637	79867	161823	56884	153241	10116	64805	23251	6383	83877	123207	727851	4493	5881	7360	1501	10746	58485	7324	1140	7314	10972	160518	1000	9229	9306	84669	84864	4696	26115	286046	4135	5356	55729	6919	23261	5728	361	9451	669	5139	80011	6169	23133	51126	147687	79834	29903	286205	1964	57493	80012	27333	80311	200933	54872	57659	400073	153339	6138	201626	5095	27257	219749	5122	54968	4482	79666	55346	205717	54621	55884	4062	6888	79605	168451	360023	151188	25915	205327	147991	6415	285237	144108	55095	10472	729614	55017	79738	284273	8204	387640	84333	169200	728294	389197	168544	29072	51649	64963	9798	23236	348235	2894	6165	161	9403	493753	146223	8073	152579	9735	253769	4303	54732	155435	8694	26985	51065	11124	23545	9146	25840	5034	10933	5833	84197	5727	84631	84924	10773	5501	10168	27445	151011	90624	23048	6917	123879	51114	643155	7581	374879	5478	84163	6399	4646	3066	51321	92070	6334	23365	163227	309	2764	146540	5718	25959	51592	4217	26037	5660	6884	128	4155	127687	140885	54708	777	6147	59286	444	10724	11169	9652	8861	22834	29883	140467	51714	830	9848	9867	55219	50854	390980	780	5987	79583	55851	100113407	388135	414918	91750	387104	79716	81669	284391	101927027	221710	400765	440465	8505	102723508	100505881	90120	57665	9551	23089	55861	101927040	10016	255403	100507043	400916	56137	5591	101927459	56242	10780	56957	9939	284565	8031	9757	105377540	2904	57636	79154	106660612	114819	162632	645784	124906262
brainseq__caudate__M004	57185	23098	952	25998	55750	23221	6224	9031	55727	8491	7869	23324	1272	57210	9921	6050	5583	27067	22884	51606	4254	3074	9967	10806	58508	57095	23504	586	84649	6558	10203	9892	4904	2009	30836	5590	10640	8440	10335	9175	65993	1207	59277	57719	51175	29090	6624	5915	2192	4133	54715	7145	57455	1638	285220	22839	1005	6604	4200	2932	594	7994	9706	3842	64744	8648	3732	102157402	9522	57531	23259	51510	54675	51650	51324	16	114882	54890	3183	54822	372	84144	5125	23031	54620	5442	29801	23384	23331	6305	23313	51199	3091	6430	1983	5700	57446	11255	1917	81502	10398	63905	8731	57534	91851	64743	27344	5230	2321	5595	5257	10725	83752	23417	84264	10273	6650	9780	6923	23475	79848	2138	6422	1936	7991	427	166	81857	10775	8725	2091	1155	6223	7087	10567	478	1954	5518	3780	7392	154661	85865	8887	6878	9678	55664	1855	22841	219699	9806	27338	6158	708	5717	3131	7531	9368	55161	51809	55294	7007	5818	975	10988	51699	217	4256	2054	1108	1822	2651	135152	7101	8724	84498	10884	10087	1809	22993	8992	80315	51300	26355	7337	10342	22916	10675	150465	4691	51130	6209	25801	80303	80219	79031	3398	1386	4780	5396	60676	5768	515	1647	6738	55700	10765	1486	6513	163404	8289	9994	2309	6696	5887	6418	51552	84263	79109	56252	112752	64207	79886	84418	84898	1997	7181	79912	64786	51193	57489	27241	11319	23389	11228	5585	64756	6745	9375	79144	84266	84938	24141	56926	10236	140823	154796	10054	58506	51119	2002	3895	22890	8089	79939	6597	7979	2770	163131	7263	4698	4430	84817	83448	3609	9459	81926	10452	64981	56995	3727	10439	54958	23211	9590	1349	80758	4772	4695	84231	84152	10656	23167	5791	10514	26057	23558	3021	85451	4147	10955	23164	7178	55425	55643	694	10752	55119	10390	91543	3939	6210	57614	91768	55858	134430	10906	80759	4076	967	3178	9053	85021	1368	79786	1593	79074	375248	55681	9445	10253	1910	7716	4711	56886	5168	51439	6176	3795	9581	471	6775	6744	22872	950	121536	254013	5830	347902	1848	160418	84915	283373	10150	81542	122830	256586	663	8125	55180	5428	54925	9520	91978	6455	114783	6135	55194	23038	26135	5686	481	54499	4259	26092	23126	57198	29920	92906	151126	79582	114790	6161	26018	8994	7220	58478	493856	56034	4651	6167	5921	9879	84630	10957	154214	57502	55790	54904	6129	55638	4915	4851	774	80013	120	8525	79780	6188	51092	85449	5531	220108	84735	22948	7316	196513	7068	64067	132320	55691	2313	79833	83734	284306	152137	10160	5796	10283	23589	6328	22878	162282	8526	781	4900	23043	55740	518	6921	84532	166968	56776	90550	1633	57466	27020	23522	9530	2585	1974	123803	261729	57798	57477	4681	65018	57685	56990	1827	5763	6285	84446	8878	284361	221496	124222	11080	200539	152559	64343	8833	57406	7884	5364	4085	2982	55751	133619	27089	619279	5828	23514	54919	55074	79870	58526	26050	220963	23588	161436	123016	219287	9188	65991	57447	55701	145567	91252	9702	255394	4714	1152	25911	25820	6881	81832	84460	50810	65084	162394	89927	89797	4130	2923	57611	84064	125058	126298	10653	2495	84309	57691	55788	3800	8313	29091	2915	521	7336	4330	59339	285605	7555	84894	9185	9758	57555	214	9283	201931	114825	55031	84140	11337	3344	6203	85315	26108	84522	51282	4163	54811	4300	51030	257194	2783	4299	8824	1657	7423	78999	1267	10209	6712	6124	90806	9975	3265	1488	9134	11007	7025	158135	23399	26471	8636	80059	29882	155382	80230	253461	7182	497661	3725	56975	2314	7334	4291	221294	404217	4094	9377	114932	144348	64856	84232	51333	23060	374986	53637	90843	25994	5179	64582	205428	3418	23641	2131	338707	51335	84316	124976	91689	27439	2903	339039	728340	23194	4707	148641	114781	116448	146198	7127	64409	285513	253943	56479	220107	23621	55922	23131	7328	57698	222194	5757	125704	199777	388115	6613	375743	340277	85302	339287	196528	3146	282991	26010	90321	29068	222553	7678	100289635	4666	9895	170959	7088	29966	199704	147923	92689	6168	84775	9931	5178	7405	7574	10920	26128	259230	26768	100124536	26835	677820	6084	677808	106479130	6085	26834	90196	53344	550643	10206	9289	317762	100506731	8293	3105	677807	677797	114599	692086	677841	163486	6827	5500	79441	1654	284184	84627	101929407	100505641	3281	388789	79940	60674	266655	618	677828	106481127	280	4282	1650	5032	101929595	101928053	55766	101929353	27164	100506606	283624	100128822	83482	6030	339290	100861412	404672	23191	6029	1602	80725	389741	100996717	347918	6648
brainseq__caudate__M005	4706	292	9020	5689	51188	9690	7384	27032	63932	11171	26751	51121	9709	27095	29085	54969	84256	60488	57143	53339	4942	4710	55631	55699	65055	83737	1653	65985	55100	8668	4528	10959	6128	5037	3476	4708	10296	8761	2271	9552	4345	84502	55862	5742	55168	55506	5714	4507	4616	339665	9978	83746	79609	5684	4522	5693	6729	9837	55245	8480	5688	51654	128866	5716	11279	23568	5432	84148	51760	9810	29106	6713	10671	6625	55011	4858	10270	5438	2109	8775	10430	84725	835	51142	7965	10467	7458	54981	10952	8721	79004	23185	9211	9110	9400	6945	10938	55572	26273	9049	4728	506	5554	10094	2597	7167	3945	1337	6428	1347	9555	10641	64689	1933	10213	55120	5334	7341	6146	10625	64960	7257	6390	59349	533	79033	6118	6230	84251	103910	4709	97	81892	51247	10657	84265	6144	6125	60673	10376	9587	4201	2739	55831	4694	6633	4149	6487	10426	55795	1340	25824	8678	10131	3188	146330	4189	84268	25983	4738	1736	5538	55860	51540	8471	1965	51124	55207	56851	10542	51535	10440	4677	23318	55250	26519	85025	517	2647	10505	65080	51719	1329	55270	54606	7295	51759	5695	81873	51645	57569	2959	10121	54529	10063	51138	55266	26502	6647	5694	10733	51506	65005	10456	3608	64969	115286	55347	285533	4726	689	55651	192286	908	5440	4715	26272	1070	5937	81894	84365	7411	9556	285367	6396	9478	4720	516	201176	5710	5692	267	151903	51149	1173	1973	54987	467	92703	7203	8802	8618	5783	51304	55764	4043	6059	55109	134266	4712	30968	6166	10935	10576	1353	81565	11051	51117	10632	10476	28511	7266	57215	27249	5162	23192	54951	7386	197370	283899	83640	7798	79058	83443	136	3035	23204	80196	51499	27258	90594	5223	6902	163255	6227	140733	150678	122704	283848	2745	5707	84833	170506	5708	10589	146712	7694	1351	163126	23141	10522	64110	441951	9772	9849	6232	55272	4729	93621	1537	2918	284023	22928	79077	8575	5464	389362	64928	4869	55076	7485	55505	51218	1397	6000	10946	116541	23585	28958	5504	55967	4700	387263	5719	4733	80333	51079	28986	57801	4697	27341	84933	2547	54543	8270	10438	219927	84549	439	7919	26049	4860	58505	6048	6392	4676	7114	201475	280636	50840	10011	6150	401397	11331	1159	100131801	728730	51372	100506930	100303755	100506963	51608	5098	10093	539	55052	2790	2119	100289230	100131089	552889	55845	23741	103752584	100130950	110091775	100885848	105372476	118597831	26220	101929497	6880	6871	5691	147947
brainseq__caudate__M006	1856	23077	60528	51360	60481	5010	1195	10463	81551	4331	9821	51177	6642	7204	1298	4826	6894	2817	55854	5525	79091	9759	23446	55421	54878	7587	9063	9984	56681	23152	9812	6579	51637	57017	23368	55968	8655	8550	55614	10961	5996	57106	23256	117584	9044	114327	3189	22931	7593	51257	5902	9889	23209	5494	79133	51566	8428	55757	8848	65009	54985	64779	400506	50804	22870	5445	26959	51678	94239	11333	8662	7036	7091	8939	10488	11196	10951	51264	8153	29098	57649	57606	51088	1075	29099	23329	55832	5869	55188	51389	9025	26268	51715	6206	55084	10591	8899	1007	23567	5096	28972	374291	51652	57448	55041	9167	51253	6429	10745	9129	50999	1385	9789	118427	64342	7320	80212	27130	79627	404636	10171	29914	51123	54482	80148	48	262	29994	6780	23019	1948	9491	5690	7067	22863	55112	1678	1350	5300	51234	5420	51105	23639	26152	23473	54862	54739	10208	1875	10001	10451	84893	6610	80003	27097	10228	3300	55198	91875	58489	55339	51531	23787	440279	1629	3032	51374	29789	10363	1039	81577	114876	55036	114804	54808	57410	4542	6518	57645	1939	54465	5433	23671	79137	10840	153527	64418	29934	50814	54212	50808	220869	118924	89944	738	9344	124446	55002	1793	3606	196463	2132	4718	6868	120534	5140	60592	26175	154043	140890	123872	23460	84033	126731	285381	23097	129831	6156	6832	54768	150946	57805	57519	197131	7617	11093	9673	9592	4061	84911	5928	339479	10092	55139	5274	151613	25898	6259	90407	59343	11341	11157	10085	134429	202333	23462	114788	25962	6619	7486	11164	122961	119504	374868	9382	10229	23102	51755	84436	5436	9881	51435	84376	51362	154007	11142	85476	79663	10015	2353	57148	5036	9637	27115	2186	5621	682	3054	1072	340252	7388	91646	2787	144577	148014	23015	340481	56888	167359	25945	54762	27335	100506127	5886	84622	64219	285973	575	7318	390637	158358	131096	71	5101	80757	10572	9230	338657	84307	4673	1630	10507	222696	1806	9725	91661	90576	85012	150472	100129858	80055	284371	10794	85236	23230	27233	11060	147949	55319	221477	9578	23127	92241	149345	84455	257407	144363	100130311	79958	131965	1773	8906	79086	55672	101928464	7311	100505996	283089	100507194	284798	643355	100506421	100506866	105373390	7844	8420	9553	24142	642924	390595	100505894	100885776	100508120	388610	56110	109729181	101927288	54460	149013	100507551	57223	283876	107984345	440040	399761	64940	10778	285407
brainseq__caudate__M007	26022	6376	199870	83930	5238	9716	23071	56895	11285	23279	55236	54888	5256	55540	11054	9410	30	5476	5214	4335	26528	9130	7037	9618	51150	5663	200081	56605	9843	10101	83874	23541	55954	25813	150356	22985	8106	5721	22981	51497	10732	79863	10240	64788	64428	6810	6788	54758	4125	4924	54938	284352	55111	79735	58509	79036	1687	84182	5730	81855	51684	9144	2648	7704	27087	29907	10612	57696	10384	411	54946	23276	85461	10297	84128	4999	49856	6814	60672	2166	11133	11064	57413	5153	5393	10608	55905	89845	10485	54973	23309	5471	54487	6303	51337	376497	79709	55278	3996	3337	23225	60484	4678	406	4005	64780	6041	4752	54881	79139	11309	4091	26160	8884	51163	84260	79720	10066	55898	8720	55090	94015	8612	5211	126208	148932	57657	4211	113419	57205	84869	285440	6715	57038	91782	23245	84895	56623	283212	871	27034	160857	147495	55707	6483	11079	26119	115992	65264	83440	51706	5681	83858	23076	84449	6811	9903	4774	25992	824	150962	55249	56983	200185	55689	51368	1849	91137	134957	26173	6621	116225	717	7171	57701	53916	283987	1877	54541	203190	54910	26505	4144	26000	79628	1677	283742	8507	2628	5394	51112	55191	4580	152002	81490	22877	10425	57104	4351	2580	285908	50628	55783	64782	55256	6586	10587	55599	54103	101059918	114826	51547	26155	9679	55340	11194	171392	23334	4855	643008	1460	4340	1874	10215	1147	26082	100507057	154790	339789	647087	3588	121233923	729991	10597	7768	107985879	101929560	115290	112268241	112398	100131997	387590	352954	554206
brainseq__caudate__M008	54467	29916	1407	8798	2534	54902	23177	65980	56204	26262	89801	8975	83641	2263	89795	64710	6720	6605	38	285527	88455	56650	57092	11342	1540	51593	2778	51161	84678	6548	79603	57192	55573	7301	55105	4713	4174	10419	2954	2079	25876	5935	79726	4833	408050	2639	29062	51422	11101	443	1819	64750	9094	64854	8882	9379	23603	57122	3313	9685	10190	23178	54206	54856	90231	23046	8643	23673	4297	6446	64225	55268	653247	11155	51081	79143	84190	55837	23383	93974	139728	126299	94030	11127	1984	157680	54885	5100	28988	6434	150472	92856	9873	10669	109	9360	9728	55605	54939	4123	23174	10351	284111	11322	6904	27	84620	9718	64777	23500	56996	54892	79742	93953	7552	9705	7013	54886	2934	9328	472	84866	145282	121601	81615	253635	201163	138241	64645	7862	54953	22976	3017	222068	56683	148523	3141	11243	5635	113251	7627	219931	148423	127002	5824	148789	112942	129880	11102	9204	4724	201973	9147	3611	5090	201191	1398	7846	6575	80723	53917	9197	9839	4798	4255	4862	203245	84331	90288	55871	9024	253980	56945	10540	80227	55508	286262	284001	9632	80324	255082	79415	128218	23241	26137	375748	283989	65265	3770	128553	79598	84193	64410	57528	130502	80213	7327	8558	57711	374407	79048	50626	84527	63939	54413	388324	5770	92714	93377	84188	1902	90987	83694	89894	80184	387066	28973	100128946	7247	3073	8904	51024	92482	729920	100506599	654841	100289098	3692	728769	283596	55000	101929191	100506649	388677	100130890	729732	105369154	102724316
brainseq__caudate__M009	8813	56928	55692	29116	116984	5601	9877	6882	27107	1316	5134	55094	440515	56910	79822	84196	23170	11020	55687	23394	3420	58189	23059	5934	26015	7993	9141	51588	7728	8453	26973	2965	79676	1967	8382	10802	4358	23451	2882	10459	79947	9870	114818	55717	10987	59342	55269	8702	9904	84080	84693	8894	3276	8021	4357	7011	863	57693	10328	84240	145447	55556	80895	51164	79572	5977	22796	80210	51496	54816	92979	23344	54509	27005	128061	9391	11159	151313	3329	7873	9140	1956	94122	55869	26267	414328	8038	51562	284309	3192	51001	776	10311	26100	7773	84221	5745	26027	114803	284611	57018	79753	5984	165918	4886	55255	56339	9318	26263	51031	132158	22847	55308	4204	90338	3752	26156	83660	114900	9416	545	9793	79836	169841	375757	254531	124817	197322	54503	2629	57184	6879	80169	4947	3059	55666	10293	149175	3297	10308	144233	152100	4501	57697	401541	163223	90592	57547	56882	6120	6687	440295	65992	10455	7150	1756	54809	56245	60493	101060691	400619	146542	8705	116143	10443	101930370	145837	440288	56138	101928174	107986898	100506070	105371286	56102	285074	105370203	255812	101929780	388165
brainseq__caudate__M010	3980	7756	7752	8635	79810	2665	3735	8518	114049	28513	4140	56915	29992	55632	10139	23347	412	9688	55697	56942	23322	10391	11075	11140	9266	57589	56654	10891	56341	9847	10767	9896	9450	10915	3274	25852	10057	6787	2820	34	117178	57404	311	79809	54776	22826	1123	54552	54496	7014	9633	79710	79587	84868	6326	27229	79739	9746	121260	10169	55827	5202	3068	65123	10480	220064	1006	152789	9481	23461	11267	5116	91010	7534	116328	138311	8945	113201	222950	125336	137695	3187	126129	10960	126070	2857	7064	10892	345757	8607	51078	9500	148254	729967	170622	3376	342132	23660	84154	83875	26275	23054	339453	112597	125177373	100133985	8341	10432	57461	56135	4671	56109	100533496	23380	101929733	283683	339829	105377294
brainseq__caudate__M011	10181	9497	7629	54916	108	5108	81550	10998	9274	10382	2051	3977	604	57501	79745	2274	27101	80298	5204	88745	6310	83636	55082	51317	2317	96764	6386	56924	84896	1213	9859	6726	92345	6189	51351	522	81035	7757	51205	54965	29896	23423	93380	142684	79612	5091	285704	388403	285016	284443	54834	3482	63934	255758	25817	102724919	6222	378805	100874094	23559	64968	109729137	100505875	121952	101929709	101937451	105369850	202020	441250	285266
brainseq__caudate__M012	9774	2530	5685	22894	8220	10598	4848	6508	2123	64768	91298	3295	902	8473	25792	2746	3176	1456	138639	26053	8880	23350	158326	4336	2720	4642	115560	23036	1778	54470	728927	387521	344595	100133091
brainseq__hippocampus__M000	81887	3675	10368	4293	2115	6853	6792	53616	23542	2534	11313	6534	9066	30845	57709	112611	57586	23154	11215	56895	51306	535	321	7204	1008	5874	23338	1829	2824	7504	57120	23327	51474	8574	4826	23095	10079	140689	55359	2983	81671	770	6416	84679	1496	2009	3422	782	7813	5315	6857	2182	3796	5217	1258	815	490	27330	22905	10290	84708	7037	7224	3993	9891	23140	119	22920	1781	5527	7419	1620	51150	56681	22839	4036	9689	23136	23085	7514	80036	3842	5019	3797	22924	5550	10075	56970	118	23348	8455	23335	3655	55573	117584	79157	54566	10580	421	157	9681	55964	9145	1113	79882	51550	1917	1457	5332	5634	6855	7355	79726	79791	51760	9738	8925	123263	56986	29106	7976	11075	828	22983	3780	5864	25789	54504	6804	1395	27075	54927	64983	7461	6505	10927	54981	6456	20	54462	114815	10900	8506	29118	28960	25758	55832	56994	79158	2026	55907	1911	57150	51020	7164	10486	10973	57396	55819	1452	2257	23527	22916	50512	29959	2335	2744	25972	5510	9917	9528	5768	9887	51440	9783	10000	10765	9890	25936	6543	9331	6185	57539	57718	54812	53335	84918	5110	56943	57616	3208	57413	4952	5930	79871	92014	23349	64756	9643	51209	5208	57403	51299	171425	10257	23550	2354	63908	5126	3831	59353	5787	50809	9143	8910	64921	57168	7533	7732	64101	2571	29767	10776	54832	79948	6861	547	23025	10439	27243	11127	80762	116983	4131	9557	6616	5786	9826	10207	6860	2835	9201	8471	79589	54885	55859	10313	23608	78986	80017	10752	2947	8774	51535	377	57498	6210	55312	577	51317	2583	91	8763	9958	3775	1593	4008	1102	9805	54606	28988	6812	55755	9568	63027	7280	23787	4926	23213	5962	440279	9493	23168	56965	3706	85465	57520	10152	84162	55752	27068	9746	55716	65082	84530	161357	85455	10907	127703	54499	23179	7170	149111	6233	94097	11249	130507	57574	287	56034	6715	134829	26230	11011	55634	526	114569	80728	56904	818	9118	8525	10480	60496	9638	6327	84159	23284	2823	775	288	10873	143187	387923	121256	130733	6014	5213	9987	115827	5801	50807	5789	23576	26289	26207	84033	522	27201	285172	130540	134353	116442	2334	2776	7102	22986	5097	5521	375323	23057	6854	55799	145773	3763	445815	673	9478	57728	114928	3017	375307	3745	56990	8867	9900	873	57369	8208	11189	29	808	653121	1476	57731	1141	22941	2785	79699	55450	8707	57863	467	79762	84542	151473	388962	128240	5584	151742	8618	23001	54716	51725	2899	4241	133308	79714	51246	2912	92255	84059	57107	54329	22853	1020	7534	79870	11168	54769	84302	57526	283209	57156	8559	259217	145567	64112	389941	55530	2200	8945	25820	55800	3419	114780	5579	113201	84516	7529	23582	4130	245812	121274	85300	84926	26580	9881	3761	9796	1128	53353	11142	10815	3187	53917	114787	83877	9839	3094	7532	9283	201931	51617	143162	57148	3790	11214	93622	286046	5581	81831	3777	8941	598	8507	2596	10605	140733	253782	55277	27289	54674	158399	203523	5797	27129	57495	112	10260	148808	124152	11041	125988	26470	2523	253559	1212	57628	10458	200407	148252	8851	2902	9240	4062	3738	8541	266812	51046	401474	9659	205147	5339	63917	55175	2066	399668	3355	127003	401097	3753	6752	1132	9625	23109	26137	57463	51287	3739	8905	439921	9312	23705	2903	23258	3786	64061	645974	51286	8303	23768	255275	5071	8224	399947	146760	51082	345079	340529	260293	4674	401190	23040	23270	79659	26059	10507	375790	199777	5575	345630	344838	7259	2272	27341	9901	54413	55190	961	343990	6334	23365	10447	644596	401124	388662	23061	104	26037	23315	100506658	55924	54557	81553	63934	337876	340578	9747	388558	51062	7975	6262	801	347731	5365	192683	4976	6263	57692	387066	340543	90196	659	728215	57469	8293	55779	114786	10962	125113	534	8906	400954	729920	134111	6844	220980	348262	440823	114821	150786	257415	84968	100506334	51373	280	10687	56097	398	55861	729678	56135	654790	57604	152742	100507341	399959	10381	150967	100507421	2969	100505576	728841	338758	284615	101752399	112441426	100170841	8396	80725	110806277	4747	122526780	440905	122319436	643711
brainseq__hippocampus__M001	57185	23072	3927	10181	23028	3980	55904	114881	54623	85477	7756	9546	8491	10463	23386	3082	4331	4719	58528	5583	6642	9846	23035	64848	51773	23196	1298	1161	57492	23101	9967	10806	54542	23200	4659	493	1301	586	10203	10885	23013	83641	8621	4904	5525	5255	7158	4205	375449	224	54847	9175	8301	1207	59277	51175	8672	7587	5909	4660	4133	9063	10529	114880	2037	22999	285220	5663	440515	9812	4200	7188	2932	9706	64744	51729	9522	23259	2775	51637	51290	2036	8550	27327	57605	54890	55632	9878	57556	9209	8697	372	3189	3717	84144	5125	8829	1153	5442	7290	23112	23313	83933	80821	5494	1983	7528	22981	1477	23347	57534	5230	9468	51566	2259	10240	26512	23417	4350	9780	50804	90459	4741	81857	10775	8725	1155	478	54531	85865	3696	51678	64327	56913	7091	1759	8721	51010	26033	219699	23185	3837	10743	708	5717	9368	57606	5602	1998	6164	55296	57620	26610	23360	4013	55553	2965	10988	80018	79632	26036	202559	1871	8936	135152	9444	84498	10884	6678	10087	7060	3977	26355	3836	7337	54464	51011	57669	2820	6209	25801	2888	57142	2677	23451	55818	6654	5396	6421	1647	4610	34	81849	55758	8289	57488	84251	9414	9991	5887	2733	8013	27130	57706	56252	58517	404636	84418	84898	10808	7750	5290	83637	55975	30010	9904	29994	6431	10564	23326	51141	54520	2962	826	58506	51119	22890	55112	5605	821	1350	84239	4289	4430	23022	7011	6397	55274	79057	54552	4301	57470	4037	10277	9584	10882	1349	60412	5160	54558	23167	5791	2926	26057	9406	4678	10955	55425	5983	79921	84106	5158	694	51520	23075	196441	891	55119	23418	57614	4038	1837	134430	79786	2752	79074	375248	55681	9445	1910	6426	7716	55339	79139	51439	79731	79739	1629	5495	9581	54536	4664	3685	11107	5530	23162	55605	9169	160418	84915	2098	6252	83851	122830	84656	5373	2774	114876	80000	27043	54808	4782	5211	10055	5195	23038	5451	4259	27	81609	10899	375	92906	51057	23671	57624	79137	7110	8994	7220	9515	2044	10299	23092	54901	1730	27316	54904	50808	220869	4915	140459	80142	25792	84280	10658	726	85463	4684	51092	1006	3176	57512	196513	196463	283635	2132	140609	132320	60558	120534	5140	152137	814	10160	166647	7342	1054	23461	55740	201163	23228	129684	2890	166968	129831	137492	9791	115416	55707	26060	64897	144406	57477	55607	4681	57685	57519	89970	26097	60680	284361	219931	11080	284695	343450	148867	4921	151354	284996	152559	317649	64343	8833	11102	57406	23350	151613	54861	79443	64769	59343	7884	5364	27152	79884	153396	91137	134957	7559	619279	25798	5001	157378	116328	221656	26050	7486	219287	65991	55323	8539	9318	81832	9382	162394	91433	64400	51704	257160	4597	57701	1938	1632	7536	84376	125488	2339	80723	3954	4330	6091	57555	1107	214	114825	136	26145	3344	85315	55669	9655	81603	3752	24149	93134	4135	4300	83660	257194	7690	9338	55871	1657	22885	56834	1600	11163	6712	6731	253980	170506	79683	80851	8665	9092	63893	9832	286262	55346	2290	28232	7182	57104	56975	6415	55095	144132	55432	53637	64582	205428	91050	64975	23641	51335	2130	27439	8073	254887	83943	51065	64409	339230	677	54014	3916	55599	23396	148254	23621	23131	7328	4673	57698	222696	353116	4077	144404	84464	339287	25920	23036	9679	3146	29068	222553	27153	54834	55684	170959	4763	1612	7088	140612	150472	3841	92714	85379	23507	51592	3064	10794	79607	342926	127687	63925	7637	26275	57708	84775	777	147949	84914	10920	55958	221477	22834	113402	22876	9853	9722	55680	55777	4676	100131017	23243	339263	255758	84342	5500	79441	5534	80772	101927021	3281	728730	5554	389813	90673	642776	339789	441094	127138867	5098	55766	100508120	441046	56110	56109	283624	100507290	23246	100128822	100130950	10780	8148	31	100996717	6648	10778
brainseq__hippocampus__M002	7105	2519	90293	10165	26022	414	79602	3077	22902	8635	5926	23274	7546	1495	57545	10659	9341	3074	7984	9498	1535	728464	23224	26999	116254	5218	5923	6515	79832	1001	2773	64834	4756	23471	7216	387	9741	51447	23161	1400	771	54878	38	1739	2329	113235	2192	55728	27098	5891	1286	6932	1741	3776	4779	11342	2195	2950	22911	8895	2060	55054	23139	22795	64395	5990	55968	51433	6175	10914	54918	55151	114327	54873	23555	11078	11015	7078	4627	63874	114088	23002	51292	10544	7165	9770	22919	10627	29906	1478	9949	64743	286410	5355	6594	6102	2245	81617	143	64397	4948	23312	51201	760	10404	6422	55353	6674	4125	10226	79784	6142	6528	51477	10430	4967	10049	2887	5919	55848	8939	7306	7763	5599	11101	5532	22849	26098	56647	9644	6158	10105	6143	79665	9120	30850	6649	27087	55291	2348	9828	10114	8567	5450	10536	3875	2054	23329	5869	8078	51026	2444	51389	2651	84830	221692	1297	202	60682	2070	10767	64065	117247	9749	5754	730	1611	1007	900	5618	1809	1627	1962	5096	5947	8850	3373	84223	1981	1933	55233	80255	29842	3485	3769	2882	80267	85440	23169	23046	127700	57568	1486	4179	58155	51060	7276	27145	8673	84071	64342	56171	84417	89891	97	10577	55640	10171	79817	59342	79887	3764	51029	847	119587	23155	311	6125	1211	84329	10549	262	6560	84612	6631	4835	81578	9208	64284	4821	51614	5322	23499	25953	92521	51691	57045	84952	1315	25870	84817	23639	57153	1036	81533	3741	51337	57631	83483	7837	164395	23229	1160	10346	51763	5176	7326	54453	84327	254428	9365	84332	9645	89796	79746	92558	26136	29969	167691	6885	23017	2799	9764	3300	55332	9771	11014	57538	11227	2058	64215	23452	1317	3590	7094	2766	10097	26509	84171	57559	6229	55329	84888	2201	58516	121260	51228	85478	122060	85416	10169	55466	10066	11057	1039	10040	10140	6760	50488	494470	114827	1969	3339	6202	284612	223	1513	1939	5872	7483	83879	54756	141	285440	5066	25816	51473	51302	93663	154091	221935	357	57393	8573	139818	1069	80005	11160	6867	1030	84641	221074	5995	26091	54788	84504	89944	3688	55002	1740	5305	5756	9472	56659	79819	387700	7402	654	283349	124402	123872	146857	83742	25769	6503	23362	10600	122402	159090	80223	701	1974	491	4323	1831	114793	8764	10163	388591	23382	26958	79053	1827	89765	7410	284086	84911	4041	26027	116362	22977	255104	127733	127795	25992	2487	4487	7855	8545	84142	9076	9447	151651	54502	2992	51304	64866	6184	50650	166929	308	3248	729830	133923	2150	256987	94120	2171	26266	27012	6522	8323	158158	203286	221035	11092	2562	322	6236	51117	8309	84289	9122	5480	1285	4920	7881	64805	5747	151258	84168	9079	3185	5099	81844	126917	1140	84520	10826	7779	166614	1056	9788	341019	25928	10243	57687	1296	23627	6641	220136	9915	10924	55222	285268	51162	339834	339778	7388	124857	83759	253959	6578	685	1488	55844	5870	122046	93129	63951	220441	666	391	8325	5074	221294	112574	2517	9282	223082	200150	2535	5062	90411	2619	80045	53829	90355	64764	124637	6218	6546	18	389337	285753	4166	54855	359845	80258	283298	5613	84319	5627	10801	8349	25923	23762	2157	339366	23299	388531	5465	4286	344905	116224	199920	284434	57835	23254	8295	4646	374354	2316	160	307	54554	6714	140688	728	79674	373156	81031	6709	23607	65124	89894	2673	50618	7169	83699	26112	24	2153	6526	9182	58505	23137	643008	1639	79600	93035	6453	192668	402160	2878	51075	1192	2013	51024	84561	7311	101927532	6171	100499171	378805	83552	9674	84752	358	6414	100422204	399474	100750225	85027	9236	5348	152048	246176	2904	105370333	338328	80179	359809	101867536	100526833	29774	349152
brainseq__hippocampus__M003	56603	1387	55750	9043	58525	5704	637	27032	2554	7414	23644	27067	79142	5685	54165	2042	51606	23518	340533	51528	9564	9709	54477	1112	8454	131566	65125	55749	23504	30	23041	124925	1975	6141	3029	22998	6558	55711	4802	89795	9759	2261	23198	7049	483	26986	6160	87	51095	949	5151	5522	57690	8671	4850	79876	9262	8555	56142	23033	1540	57531	5744	8886	8812	4708	84196	55763	23231	25831	79956	51386	9701	162	51199	9786	10598	3091	80344	80331	10483	8731	8715	8780	8260	10084	2010	8874	5257	6299	10423	79848	7991	4173	427	23370	93145	2091	208	9253	11100	29997	30000	9512	8887	2051	8896	113263	9678	54664	5425	203	55664	57589	7019	219771	27338	6603	27077	4355	5376	54940	11275	7466	23321	8050	65981	56341	54682	51258	55914	23530	3156	8622	2908	10915	80315	11235	8087	55683	4691	10494	3398	9167	1386	4780	271	515	5999	84966	6513	4297	9994	64858	6696	79109	2531	57862	25927	56243	7181	1191	55268	55269	64786	576	51193	989	84668	11113	23389	23091	466	79809	56937	79072	23096	7596	55715	9375	51081	23163	57187	5469	8242	154796	10054	26030	10142	7979	5782	2770	5189	10651	1854	26297	51105	904	3609	2593	3949	64981	170463	25830	56342	8666	9590	7187	54882	5914	64087	55860	64208	23558	51761	10810	23164	10250	22880	57180	3612	4221	55140	79768	10390	56907	79022	3939	8933	51361	9743	3703	324	29979	6733	2045	4076	116986	9053	2317	55852	80774	4711	84317	51531	5168	9380	55667	81853	5612	6744	9908	121512	8499	8549	114795	10150	8816	376267	6727	7090	92912	7168	3801	1213	54828	2589	773	351	5792	5686	481	116841	55252	55258	57007	64708	3680	6161	26018	1016	6167	5295	5921	81555	153830	91272	154214	79034	64418	8473	55790	137872	51059	5058	2900	10525	3708	7068	4718	23310	5281	221336	133686	2911	5796	5352	152789	10283	60592	6328	79888	9320	223117	54463	7345	518	27295	147495	51633	9844	83873	571	7381	1915	23522	137970	9530	5261	6529	776	1859	124565	9162	26100	8450	1780	9191	65018	51735	54102	10020	118424	2224	11282	2905	29127	1996	8880	23528	7447	23114	9861	7871	84343	25836	57763	23176	1508	54919	55074	83590	58526	65268	7248	57447	79101	255394	654429	1152	7275	89927	59271	84064	7171	6137	6730	23524	2495	6520	1499	55788	359948	3800	51362	27065	2915	7336	23117	285605	10477	4086	2018	26115	55786	9637	55006	54205	2783	80011	6169	93624	440574	8722	23051	3981	488	1139	23399	7694	57453	6197	80205	7156	253461	3725	2314	3766	7334	4291	254251	9377	4351	197407	222166	23760	25994	259236	7325	6000	284656	128989	84851	71	116448	5587	256714	2972	149175	123283	10336	253943	55922	79875	2563	51463	2963	84570	642938	163081	282991	26010	2917	131034	9361	4666	29966	309	1778	10438	84188	6168	4641	444	11060	118472	4326	140467	149345	830	259230	64423	26146	257407	6046	6311	3105	6235	64506	440270	79741	55672	647099	8420	729362	10137	101928725	192111	162972	157627	55000	440138	100130155	100506411	110091775	6905
brainseq__hippocampus__M004	8813	10180	30812	3920	5689	9690	57467	54902	57658	23324	57210	55236	26009	54455	5256	116984	27095	57095	6894	11054	9410	2817	10147	5586	2065	55854	10681	4335	1459	79658	9130	54820	4185	55421	4140	56949	56915	5289	108	9139	6507	4983	65985	55100	10464	1307	55624	55608	57017	23368	10961	10296	16	2271	4345	55105	9044	7593	339665	5435	55954	27352	11020	9978	83746	5372	2954	5641	79038	22985	8106	55245	10732	10528	5935	55757	8848	55697	2935	23062	23322	6810	8120	10397	284352	55111	79735	6449	26017	11140	8775	79036	2931	1687	94239	10467	23081	56654	5730	11196	10539	443	1819	2648	51264	23531	57649	64854	10891	7704	4728	5715	83892	4891	1967	4848	9847	10384	9025	892	55084	8899	56954	54946	80325	23276	150465	85461	10213	10297	6711	84128	6509	4999	6814	54206	6429	54823	64960	7257	2166	5825	1385	23469	80212	5524	85365	1743	9913	114818	55719	26123	51123	10987	8434	8034	5153	5393	10608	55905	88745	6310	10485	79144	10131	22826	8021	1678	5300	23309	10875	5471	56984	84268	482	9459	81926	6303	55278	375775	93974	4354	2670	23473	10656	3996	3337	80895	23277	54496	7014	63827	9811	10440	55858	55082	22796	84284	27097	10228	6041	6434	10716	54881	81873	84300	4750	10964	204962	79675	9541	8916	55008	92979	6996	79720	49855	4123	10300	8720	55090	81577	94015	3607	105372481	126208	57645	65123	9580	79823	54465	9391	113419	3329	51143	493856	285533	84869	64924	9140	84630	9589	2631	84895	56623	118924	51501	871	27034	2180	81615	79833	153478	23460	91694	81559	126731	27342	9510	152992	51001	285367	6396	57798	6483	65264	51706	117145	55108	29101	7757	84446	9673	51149	126321	1857	55324	5635	124222	54987	9903	4774	83941	284611	148362	824	90957	56983	200185	6746	5274	57018	285368	55689	90407	23272	51368	1849	55314	55751	4724	202333	285761	26173	25879	25962	203238	55342	143279	145581	220972	51585	138311	116225	9188	4714	1353	119504	23423	65084	27018	5479	6447	399665	7644	7769	53916	51031	1877	144097	388753	5162	84879	23192	203190	55602	154007	80319	4144	79663	26000	79628	123207	79058	7555	4255	3035	2941	283742	90594	126070	26156	6919	2628	5394	51112	28998	80765	148203	340252	2745	91683	254102	9416	148014	11146	545	256356	56945	388403	131408	1466	392	23015	2072	55508	8607	342908	29882	254531	51320	23141	10425	255082	54681	2580	127254	8575	389362	84698	64963	55666	55256	29035	80781	51428	493753	4707	64410	131096	80213	7327	9230	8558	25840	9899	5087	220107	51741	353322	114826	653720	1806	26155	51466	6399	399687	89853	171392	955	90987	65992	23334	7620	7919	7150	84455	1460	84501	339453	1874	5150	317762	81890	1147	51202	91664	1773	3672	92482	51400	285830	60493	96459	113178	79940	728927	266655	100129250	102724768	10432	23559	51608	647087	100505894	374887	101929709	388610	101937451	100534593	101101773	109729181	23732	202020	27246	112398	6880	11056	285266	145783	105376387	105377294
brainseq__hippocampus__M005	54467	889	115703	996	57414	51573	928	1634	9961	23357	6050	175	26064	3631	55173	2006	25875	51742	416	11218	22904	9892	10797	25791	80347	7353	8518	10640	8891	55117	7321	8974	6605	5250	4292	2782	83737	3991	57092	10325	8668	2017	94005	57062	51650	9727	2802	3183	7430	56993	1727	5706	10175	55671	10484	51012	55738	9658	28316	91851	55578	23295	80777	5934	26015	79752	54332	5862	6713	23484	665	3191	6625	1760	22870	333	5445	3315	6119	7016	1655	10014	51747	5573	7531	27346	8649	7468	79073	55531	10944	8683	26127	51053	5252	5528	10923	23548	5576	1894	79745	57448	7840	79971	51107	8643	1266	5511	9789	23314	6418	79627	30819	2107	7045	400	148	29914	8165	80218	10657	55847	11059	8202	514	1948	80025	5690	3895	7277	1123	90417	9526	1032	5819	55201	25814	1327	6533	47	55915	27183	7178	84707	22800	8650	4613	285148	9698	23416	64114	9550	6194	79811	6176	310	9360	8482	83478	9107	90634	4857	7453	22823	126626	55061	84524	3899	8502	57282	151194	5868	2561	90933	1956	55869	6134	51125	23245	774	6251	6188	57325	79869	149986	55216	7316	55768	1977	8853	80097	26040	284309	2893	23589	25827	4900	51560	51582	23367	118788	3788	27020	123803	2114	63875	55571	56946	84303	7617	162989	79957	8878	114803	23248	10602	204851	27148	201595	23122	165918	327	202151	153733	10412	84340	27089	6208	222223	501	203259	23588	3251	4745	5654	2801	112476	57348	83696	55611	6890	157638	1501	25924	285596	7314	2353	10972	222008	6773	5569	1826	85442	26960	23133	10534	10209	27333	84833	54931	79647	9975	125144	9793	1479	80059	1176	25970	6879	5886	5179	6635	3418	84629	7562	10159	219578	6304	6165	119559	5142	79135	54732	155435	8694	285600	729967	6613	4697	400745	3376	6925	51321	6584	10210	91966	56882	5660	6884	8733	4155	10724	22909	3151	9666	677846	109616971	109616970	55219	50854	5987	677833	677819	114599	692225	730005	23053	7866	81669	642852	387486	144448	201229	389023	100287482	57665	23761	101929544	100506844	124907392	106479464	109136579
brainseq__hippocampus__M006	2729	4800	6542	23129	5976	23077	4784	10178	54799	23177	10771	1272	972	2273	57476	22807	27122	23593	58508	23369	6916	51660	11338	10838	91526	23216	2263	91283	24140	6095	6196	28951	4854	2355	60	8786	23032	54715	58476	9817	6595	28962	905	966	29887	2778	57593	84678	8315	22861	51310	9117	139596	27154	4809	23331	8563	23351	23405	89932	26090	23613	9751	5173	56853	3750	54602	688	10725	8140	124454	4150	56704	7227	1209	166	154661	3268	320	1855	59338	51195	5414	51111	1374	1982	114971	4928	10728	80824	8099	387119	1432	81688	9841	7957	55754	83594	373	26084	28972	10314	5334	2956	26232	533	10327	56181	22926	1788	80177	51780	157506	8405	64282	64224	79269	1959	8082	55297	57213	57826	56897	3092	7263	4705	50632	6535	7317	55902	23199	9467	23180	7322	51318	25957	7428	23175	79577	80206	22873	2073	1514	9988	10956	54583	57695	55654	55213	83852	1607	64855	23005	10128	84925	57337	57575	22872	55132	246175	8999	57619	7009	55206	84945	85439	7041	3394	90580	85369	25874	4170	29956	9898	84451	2987	8497	84620	5793	64332	83939	54438	84928	54886	140710	116372	1737	22982	55691	196394	636	29970	127933	55521	255967	84910	124540	55286	7566	342357	56776	91748	219743	142891	25966	64849	9813	9715	6427	81570	2135	10092	3760	150726	10611	285203	6565	3490	25976	25898	132332	81789	5885	54704	382	7417	783	161742	11245	50810	57494	144100	164	10982	90850	25837	9197	161725	9758	79724	10746	56980	160518	5728	84978	361	8824	338692	57493	2787	6124	9662	144245	54968	340481	79666	9699	205717	10409	55884	10522	196527	125170	360023	25915	767	285237	285343	144348	1002	9378	284129	219902	79692	9112	152579	6586	340542	56899	114659	7026	100101467	152100	338645	375612	7874	7390	643155	340277	132660	50859	148266	55660	165679	4122	3066	55532	112479	541578	11194	25959	147906	26052	54989	83694	5178	339448	26128	9867	399818	26071	3134	29902	56143	10379	6150	387104	440465	8505	100507057	5863	90120	84129	56134	283131	10016	56106	8641	55802	1602	101243555	283045	105369154	162632	84809
brainseq__hippocampus__M007	1595	57157	27072	7095	51534	9031	81551	9716	51022	57554	8452	259282	54875	3309	80243	57102	4254	10198	55745	10787	10513	55623	4649	30836	25885	57560	55737	10294	26469	8243	51009	10335	10979	4905	5063	5108	23011	57226	23047	91746	25978	54434	10890	546	79944	5775	9352	151887	54822	56952	112755	1652	25793	5905	6655	51635	57452	5700	9252	9321	394	9097	9218	23253	79576	8411	84056	9683	9455	9694	10994	2109	5764	56829	23288	6742	55131	6009	10613	57584	22852	7511	8036	1362	26511	1182	6309	10612	1656	81539	23074	26268	60468	51715	26235	26054	3313	4012	5810	51185	8723	8745	10096	9801	23301	10058	3069	3964	117178	1810	114883	81573	55127	51552	4329	10285	206358	11017	64344	64919	163131	9732	2258	25759	83861	7776	84440	51132	9779	84152	5901	23480	10621	6341	8932	9475	91408	51455	23479	11137	6498	11311	56886	9649	55177	102	55435	55212	901	144402	84298	81542	6938	663	80349	4916	9611	57336	22901	473	5567	129642	23233	114805	80856	114884	285282	64422	55814	64839	84553	84870	92140	6749	116966	2241	291	10618	9456	9397	51128	24138	781	5529	375056	4685	528	286097	138199	145483	6103	116987	197131	1676	3275	55585	50944	10482	23358	84328	26043	79982	22824	91942	10466	1345	117531	3190	254065	10910	9147	53981	79789	8065	124359	90701	117155	4141	6632	26995	1398	10632	90990	124935	3516	4336	6383	131616	80196	55144	118487	64393	10221	6599	147687	286205	219749	158135	401505	56888	475	2885	389072	9495	4947	23060	169200	51649	348235	2894	161	2621	140460	84193	401145	26985	11124	353274	84197	222194	390927	9045	55966	163227	80055	5718	23230	7574	4194	8861	29883	9860	9848	196051	134701	53344	390980	388135	51239	7416	400765	123706550	102723508	1159	339874	26589	401612	9326	57223	100506710
brainseq__hippocampus__M008	26073	7812	9774	9135	8504	55540	57458	54432	1608	5662	29924	8537	8943	5141	1994	8611	7030	10947	9448	8907	55205	6717	10371	57662	83992	51619	8417	11043	22869	56113	81929	5243	22929	51701	7597	25	283638	54471	6767	10490	3705	85360	5802	23731	64115	9806	2557	7323	1363	80273	1665	55294	23788	79864	29915	6489	59084	5924	1004	83989	10802	58515	604	23150	6747	51639	8604	22848	2043	23266	2152	9588	5629	25782	55717	10672	399979	55068	4801	3181	26994	57486	9367	55661	84693	80262	54776	11034	10236	3397	5582	3306	8445	6049	94101	25847	3746	112487	9026	79088	6538	55556	1742	25974	6272	51014	23014	9857	26122	9373	10427	4704	283385	27133	8826	25800	8543	9213	23126	3930	805	9922	9711	26045	210	120	54805	7761	226	9344	22866	51503	54545	9231	57182	60485	143384	7073	2697	26256	84897	23043	9184	55326	23049	115548	4643	83850	9507	51249	9619	7109	84449	84765	8682	130132	142679	55356	116064	57703	151987	441024	54726	90826	285671	5229	153222	114788	216	2957	84457	161436	118987	29117	9640	222950	51148	21	26505	9836	56884	126669	93380	163590	57484	9723	1000	9306	5429	84669	84864	84437	4884	50515	27115	57684	5356	23261	5621	5139	5970	5091	3267	200933	947	90806	201627	201626	81876	7189	201158	100128398	51078	7050	79605	144108	50628	54813	10472	729614	55017	284273	389197	55228	128553	146223	5101	23545	1762	84631	157567	10168	27445	84307	138428	123879	29780	51114	441191	9883	1995	9895	5094	146540	9583	26020	4217	79892	128	57209	9931	57795	9909	11138	56144	414918	55714	91584	401093	8847	642597	100272228	58496	4831	56100	5591	10597	56242	101929560	23380	100505715	57594	106660612	114819	100133091
brainseq__hippocampus__M009	9108	6833	5048	3423	3097	9782	9519	8554	10858	5601	9993	27125	10512	3093	55183	57579	55239	339175	54439	1808	5714	9524	6305	25777	22990	57446	10940	66036	4858	9141	79872	11333	1993	9148	4591	57003	55161	2549	26273	56890	11103	135114	9750	51421	55186	56987	51555	65977	9181	4209	9829	8674	23271	1268	11278	9525	84272	79646	81790	23024	139231	23019	84899	81537	54973	6638	60559	83448	25804	3748	83636	22903	9911	55336	149041	5100	5879	3658	5876	55500	55266	115825	112840	23478	79068	9859	8476	8446	339745	9353	10184	57583	253430	80014	9910	130074	114908	9425	51571	221895	9653	116150	57630	6782	9753	5763	57551	23387	91010	221496	26225	56916	23429	323	4338	51808	7415	221079	51762	54495	6809	11051	114823	5867	29091	22871	202018	10015	10678	255631	10892	7572	1964	57659	23612	153339	55279	4087	5122	345778	222183	205327	84333	22906	50863	51118	57528	54954	4753	5813	10773	4137	23390	196528	4644	65250	54708	65251	11169	23127	51714	440145	100113407	285636	2595	56900	101927027	100302692	100506866	728743	100506060
brainseq__hippocampus__M010	51364	9940	1767	10610	9576	3568	27285	93233	8701	57582	345895	79858	79747	80129	27019	2302	65975	341883	84125	57639	26206	85016	122481	90506	51631	60494	120379	374618	133690	200132	153643	200162	161502	92749	158787	127731	286207	126820	128153	79411	7802	348807	136288	219681	79841	146562	146845	83659	83657	200403	55130	83450	128344	201625	80122	144809	146802	255101	399949	387885	440585	400891	144535	257177	341676	80217	138255	647309	56245	389161	25790	730112	101928290	105371267
brainseq__hippocampus__M011	54443	5010	23187	3298	57475	23446	56650	2346	7018	6663	10110	83752	51090	79152	64428	4099	5803	91452	23232	6428	6242	55120	64766	23120	55051	11155	5354	745	2123	11135	5638	57471	1318	5046	79618	57720	84735	64210	85414	23339	5653	57691	7798	4862	2861	79188	203245	94103	57571	348938	1267	7368	64856	55783	114781	130502	6900	55217	9725	9745	4340	643965	286827	347689
brainseq__hippocampus__M012	998	832	51726	4897	6789	79133	5127	8766	2821	29086	83743	23770	55744	6500	25843	9295	81847	79016	84900	64844	51187	9818	9879	55909	4781	51351	6728	9442	150962	55139	26263	5036	84314	8204	122553	606495	10330
brainseq__hippocampus__M013	816	6624	7760	4436	10382	10342	10675	55700	92675	6597	10452	54991	55619	91978	79932	26260	10280	738	5531	4306	460	163175	5799	2134	4000	9938	79012	220963	222865	84287	283450	64837	11007	7625	285513	885	10497
brainseq__hippocampus__M014	5798	23118	9950	2222	7738	54620	2033	23406	8669	23646	57130	2566	5955	23435	2170	57468	1804	9104	79781	967	3178	5073	114783	6622	5631	79096	7070	347730	9702	10980	84894	6203	64478	10933	5649	7296	3897	8449
brainseq__hippocampus__M015	5310	7771	57455	8773	8395	10367	11216	79794	23463	55791	55709	9728	4154	3361	440026	5436	51523	64219	124751	84726
brainseq__dlpfc__M000	3980	5577	3920	10368	4293	9912	53616	1534	9043	1951	23542	3423	5646	3097	6534	55727	2556	30845	4190	57586	9369	57476	11171	8635	9519	321	23274	1008	5874	54960	2824	7504	4134	1161	23327	9498	23105	23095	140689	114800	84545	57504	493	84256	55359	65125	2983	63916	81671	770	3843	6416	84679	1496	782	5315	7216	5165	3632	65055	483	10681	5217	10947	815	490	22905	84708	7224	29953	79041	1183	9891	9671	119	9462	285527	1739	22920	5362	51412	4660	3093	7419	1620	56681	55604	1653	22999	285220	1005	93664	23136	23085	5019	57613	3797	55054	54749	56605	118	57542	5775	1795	1114	25977	23335	83394	57084	84502	23428	55632	825	54566	7738	25	157	23551	9145	64781	79609	80821	51382	1113	51550	140730	7165	1522	55738	81502	9371	3420	140679	5634	6855	11040	6611	5127	8237	2245	3356	58189	6810	51760	9738	400506	8925	123263	8120	23359	23312	79815	54332	11075	51366	10382	1954	83743	2906	22983	5864	23373	25789	85865	6804	9678	27075	3984	6505	54981	23413	6456	20	59338	5532	54462	114815	9211	28964	4591	9267	79132	8506	84687	1845	9343	1949	6830	2557	23158	8821	29118	4013	887	24145	374378	26273	8825	23316	3736	56994	2026	64426	55907	9847	26127	221692	10486	81491	8382	55819	3274	84100	25852	55186	11334	5361	523	50512	57599	51555	10057	8745	5136	6711	25843	51652	10494	9014	25797	6432	22848	7341	4139	9917	9528	5768	4985	80267	81563	7799	23046	51440	9783	5999	58155	9331	6785	9324	6446	9194	6185	5493	57539	23314	9615	5524	85365	54812	2805	2891	84918	2185	3208	5930	64224	23349	170685	9559	55297	64168	65244	64756	29078	51209	57468	116138	51299	55831	2806	2892	63908	56255	5126	10893	51614	8242	59353	79575	9143	23499	7277	14	57168	7533	2847	51234	7732	7425	64792	64101	813	2571	29767	146057	10776	54832	3746	7905	79948	26290	1804	23025	10439	2686	23229	529	23180	80762	8799	23108	25957	128434	6860	23281	2835	9201	23111	79589	55859	116988	79572	51520	23075	9645	23508	891	8536	10752	56907	377	29841	63982	6210	284252	8565	51361	747	9575	9315	134430	55312	81689	84900	1840	6733	80759	116986	91	51719	80705	10154	84102	51028	1101	6326	9394	2572	9568	4856	26953	63027	79969	5962	23168	56965	27229	3706	56267	403	22891	6229	29789	6744	51138	55752	5530	23162	85352	23710	9746	8499	121278	160418	121260	84530	6252	27133	81614	85455	5428	10300	1012	5170	9520	1453	494470	147381	30811	351	402665	127703	5792	90874	261726	23179	81609	3756	56950	7170	1944	84451	6726	149111	5899	11249	5746	64708	151835	57574	2803	9353	2044	8001	10769	2561	23138	84553	134829	58527	4191	526	340419	114569	84294	53358	7357	56904	818	9118	26011	4684	60496	9638	6327	64405	84159	3176	2823	22948	5805	57512	775	7068	288	114134	83643	112936	1646	387923	121256	79833	130733	6014	2977	9456	814	7402	5796	115827	55203	221895	23576	26289	57338	9868	5137	56934	55361	285172	134353	51643	116442	10600	10694	22986	5097	5521	3098	9530	23355	375323	23057	491	6854	145773	3763	445815	203197	673	2134	127262	64084	3745	9825	55607	4720	9900	5763	117145	6002	808	10444	1141	51149	1173	114757	2785	79656	65260	79699	5563	284611	79762	163882	3754	150726	7447	151473	92703	152110	23122	5584	151742	8618	1040	132204	285368	8314	4241	23173	133308	8927	79012	80335	9348	4338	153396	92255	651746	134957	63974	22853	107	114788	1020	11168	54769	116328	84302	6990	57526	220972	283209	55172	8559	27069	3251	57608	142940	283310	64112	3429	4745	389941	79101	55530	2200	8879	119504	6881	159195	7275	124359	5579	81565	10904	9665	84516	10369	6809	10982	257160	114823	85300	84926	57524	21	26580	956	3761	9796	2339	1128	2675	11142	10098	27065	10815	3187	3667	53917	114787	8988	5747	9839	9079	5099	7532	51617	10015	56980	91752	222008	164832	5036	9229	26115	90161	286046	5581	9655	118812	219738	3777	3752	8941	26156	8507	57687	83660	7857	11346	2596	253152	253782	27289	10777	156	6623	49854	11163	286205	57495	253959	10260	148808	11041	9662	253980	2523	132112	253559	22843	9776	8534	56675	1212	57628	5870	200407	9832	163126	148252	8851	10409	2902	51078	284716	3738	253461	29928	266812	51046	79718	401474	387856	9659	205147	441151	9852	127254	55030	84314	727957	9495	7710	9378	401097	400120	85453	1132	64388	9625	23109	57463	575	3739	2567	785	22906	9312	345557	80781	5121	57118	9403	2903	8508	3786	56660	1946	3751	9735	51286	5142	90134	4753	10801	5413	1812	752	56899	266722	126282	113146	10336	730094	399947	56479	146760	84937	345079	57496	260293	4674	54331	401190	23040	758	23270	26059	10507	10123	65998	5575	374383	1121	345630	344838	389073	79979	51155	284697	7259	27341	139735	3556	9901	6829	54413	55190	100131755	399687	165679	55966	4763	343990	23365	10447	644596	388662	84154	10533	26037	55924	54557	81553	63934	337876	777	55153	444	7574	9747	51062	801	81706	347731	26049	192683	116461	2869	80823	3897	57692	387066	221424	90196	158931	80737	728215	2794	653316	2550	613212	6643	220164	55779	348801	22828	10962	534	387804	51400	55384	134111	5534	643988	122539212	114821	8341	390616	91368	57461	10687	5297	23600	56134	55861	729082	654790	342184	552889	399959	10330	23732	100507421	106456574	83482	100505576	23380	56936	400818	105372097	91608	284615	26220	112441426	389856	157285	57636	8396	110806277	4747	6753	101930276	122319436	124906262	285407
brainseq__dlpfc__M001	2519	22875	8837	55610	5166	163	79602	57787	5048	9862	9031	9066	5238	23376	22802	23154	4331	58473	57210	51022	6301	5926	7204	1495	51606	6098	92017	55885	55173	51773	9341	5601	83714	57475	2581	116254	5218	5923	23504	79832	23041	29924	22998	28996	23536	5141	57609	64834	2263	4649	4756	23471	30836	387	6857	79641	57595	2182	3796	23198	57560	22933	23446	8440	6596	5523	9175	23332	3998	23151	5909	88	832	55331	7289	117	131544	1371	22839	23239	2195	1307	81929	8895	23259	2060	23139	23348	5027	10961	55285	10914	55763	7301	26227	7430	4637	1312	990	8697	1725	64376	10580	55118	84144	6319	23555	112755	27349	4627	63874	51199	114088	9517	6789	655	9770	57144	22919	128869	54941	11201	64743	2742	6594	340554	9016	5230	84061	6102	5611	55757	2254	143	28984	9688	9683	65009	79152	9717	760	10404	79784	54922	4099	3249	199731	5445	3696	26959	51678	6742	8887	7586	5803	158471	1955	8939	6461	51104	7763	26033	3988	57584	22849	9148	9644	54906	8036	10105	23232	9969	11216	40	8153	26118	9368	30850	8649	23321	9693	51274	51088	27087	55291	9828	50862	5818	25758	114971	80018	23329	5869	8078	2444	51389	23328	26036	202559	9749	7922	10846	5528	4124	1839	1007	3156	900	2246	1809	58515	26355	8850	2257	23527	2771	56987	23007	80255	92840	57142	2744	10058	6801	7072	127428	23463	58480	28956	85440	11240	9670	8704	163404	57035	51060	81847	25782	84886	58517	2281	10672	79817	51248	440073	23435	83690	23024	847	7750	55791	2971	5412	84293	30010	1211	9469	23597	9643	3759	5208	57580	400961	10396	57699	6745	1059	9491	4821	192669	2864	7067	51119	83543	1350	5908	56302	25953	10142	7979	8910	11135	3231	57045	54629	10749	25938	25759	55274	57631	56995	4142	445	117248	8572	11127	6117	3021	54739	2319	60484	84327	9911	55425	55748	57498	9475	23175	84950	25941	9743	51014	324	29968	84868	6885	84872	8763	54806	8291	2016	79786	1783	9857	3300	23479	11137	64759	9771	83605	57471	2058	274	23452	10541	5082	7094	23787	4926	54839	54816	8634	10097	6775	79675	10152	9728	84888	84162	9908	27068	55605	121512	6843	51228	79035	2098	283385	65082	122060	161357	57161	83851	122830	112840	7453	6727	79661	8826	23478	1039	85407	51651	6760	2774	114799	4864	126374	23521	8543	481	54499	10500	11221	8476	142	3899	339745	8502	57624	9686	79966	64924	9586	55281	357	1730	80005	54212	84641	58499	210	140459	6935	120	84504	84280	23052	738	3688	26524	1740	5305	2308	219670	5756	9472	140609	27034	5860	54842	26278	678	114908	4154	51128	140767	124402	5789	8526	26207	23460	91694	118611	54149	23228	91369	528	1622	6566	64798	25769	286097	23362	9630	286148	7381	9791	159090	3361	4643	139221	1831	9162	10239	114793	64897	10163	84919	2005	7391	6651	1465	51673	5681	1676	653121	7410	6285	84446	54865	4061	9684	8878	60680	126321	84911	81570	10482	84328	116362	11080	284695	9261	84542	3020	6443	129880	55677	7039	7855	151556	116064	23429	8833	151613	2992	79443	56898	22824	11341	308	26269	64399	22836	81789	256987	133121	202333	253260	84340	23176	54329	23462	79870	9897	157378	203238	79987	55503	203286	171546	219654	221035	9147	196740	65991	55088	29763	25841	55323	2562	55800	322	9710	90701	27018	6447	81605	7644	126298	83696	10653	5653	148156	54442	9881	7536	51435	125488	4735	84289	79089	10421	79628	25932	123207	7555	6870	81844	214	201931	123606	10826	143162	5209	11016	5429	3799	2861	11214	9788	51282	84287	92126	22883	51523	2186	10243	154141	257194	9915	29942	23023	9420	51162	64318	5797	7388	256643	57674	83759	84833	115019	79647	285590	132720	81490	65108	10106	392	23015	9134	2290	285800	666	344148	391	8541	284119	283417	5339	22882	112574	285343	128218	143458	1002	144132	9282	5062	90411	283254	2619	8334	253832	79929	84698	118442	23760	285195	220382	375748	64764	8633	7318	23641	23336	2055	439921	29035	83733	161	18	389337	285753	4166	9802	29944	256435	54954	6900	5101	84441	5454	124751	8349	25923	64409	84614	51263	23299	23621	5465	55182	57698	7874	84281	166348	6917	125704	92737	375790	4077	154215	4520	388182	374879	79633	399948	131034	6399	60312	4646	9895	643836	2760	961	7088	80345	57730	160	199704	54554	51108	140688	147906	93377	5154	4644	6709	5660	114112	26052	65124	7745	126017	50618	83699	7975	28514	10497	57165	9853	9666	1756	259230	84288	116228	619208	3303	100131897	643965	6453	9946	123464509	55652	375035	11116	79441	109286553	96459	55714	284293	7311	554203	389634	79134	284835	101929270	6171	401093	378805	28985	388789	100874314	730130	51236	90673	642776	100505588	84752	441094	84129	358	3588	56138	6414	646890	378938	100506365	100856811	107075284	729991	81488	57189	100381270	112268124	414899	9236	107986266	10780	56957	10628	400617	128077	79873	338328	359809	105376387	57594	317760	645784	641977	643711	10778
brainseq__dlpfc__M002	54467	1595	90293	23098	26073	10180	115703	996	1387	9855	27072	1770	64285	6792	23221	7095	6224	7812	51534	58525	23177	1355	9782	84220	23386	9716	2554	9135	22807	57554	9497	11345	8452	175	23517	26064	80243	10659	81037	27122	55745	23596	23201	57458	4659	1608	5128	1301	586	6558	9892	83641	23216	1994	25791	91283	55699	80347	24140	10294	7049	26986	8891	6160	28951	51009	4185	4905	5522	6620	6717	10371	10512	5250	2355	4292	32	83992	23032	5063	5527	54715	5108	83737	51619	9817	55183	23011	6595	28962	7514	23047	10325	54434	790	5550	10573	55239	79944	5744	55608	51433	80024	84678	8315	57062	7597	2802	9352	26575	3183	54822	9117	51322	5714	4809	55964	56993	25793	1727	150356	11154	6655	10490	145508	79882	22990	5700	89932	9252	55671	10484	5332	63905	56853	9097	5716	10735	8411	54602	8428	84056	8848	23295	8140	56061	5934	10391	26015	9455	7082	29106	10940	56704	5862	9694	7227	6713	3191	166	22870	9253	25865	478	5802	2931	5764	11333	4232	64983	7016	320	22852	219771	27338	51195	3837	1362	51747	5573	5376	9094	54940	23142	26511	7323	2549	11275	80273	1182	1665	55294	2743	7358	23360	6309	1374	79073	1982	4192	55531	55553	10645	56341	8099	81539	29915	6489	387119	1432	51715	26235	9439	81688	8724	7957	5252	55754	26054	11120	59084	5924	2566	83989	4012	2908	3977	373	23548	51185	3836	23150	6747	28972	150465	57669	51639	23301	3069	8604	54980	2043	7840	26232	10000	23266	84966	117178	51107	8643	2166	1810	9588	3925	5629	5511	81573	84251	11278	10577	4329	84272	79627	10285	80177	6950	399979	4801	80218	2170	10657	27241	79269	8805	55847	1959	26994	11059	139231	206358	8202	514	6631	8970	1948	11034	154796	5690	5582	171017	3306	84239	6049	64921	9732	79706	25847	1032	112487	6397	2258	83475	81926	25814	9885	6535	7776	55902	84440	51132	9779	47	83636	6538	5901	5562	1742	51371	7178	84707	4221	51241	2947	6272	91408	22873	51347	23014	79161	22881	57231	23017	23416	3775	54583	2752	149041	64114	1593	26122	55681	29079	53346	64844	6498	9128	9550	8818	9373	6194	96764	440279	102	5495	10128	84896	10579	310	3685	55032	8482	57575	55435	22872	2247	55212	901	8999	64116	85437	5830	84298	9818	9107	6601	91012	7009	115825	55206	85416	4857	85439	64755	79068	3801	3394	6187	57336	25800	432	4089	25874	55827	9213	126626	8751	129642	3930	84620	55258	51601	5433	80856	51454	114884	91775	81608	58478	493856	10299	55814	54438	26045	90933	285855	221935	1956	51125	28957	92140	26267	4915	774	6251	5995	54805	10480	5058	85463	57325	3619	149986	226	8479	124446	85458	7316	23657	9231	22982	283635	2241	57182	55691	60485	29970	9910	80097	130074	127933	9397	24138	56978	9425	84910	5801	51571	50807	26175	124540	5529	84897	375056	84033	126731	9184	4685	285381	51560	51582	55326	65983	23367	2890	56776	138199	90550	91748	145483	84295	27020	23522	1974	123803	23049	115548	7804	776	3815	26060	2114	25966	116987	63875	22808	8365	55571	115992	9507	9813	162989	55585	79957	5701	5928	8682	23248	10602	317649	3490	80128	201595	23001	25976	323	54585	26043	165918	79982	401152	51313	54726	90826	202151	285671	84059	167153	153222	23366	6208	1508	10395	5885	27012	55074	154791	25962	54704	216	10910	84457	23588	161436	382	7417	10935	10495	145567	79789	3747	5654	9702	11245	25820	8065	23300	144100	9640	164	10845	23339	222950	6632	201191	51148	10449	64122	57348	90990	124935	2495	57691	60684	56884	25849	146395	6383	7360	3185	1501	7314	160518	9306	84669	5569	2897	81831	255631	4135	1826	23261	5621	361	682	5139	10125	387357	1072	23133	65059	6599	29903	57493	3267	1267	10209	162466	27333	200933	26470	253982	125144	7189	219749	5122	79666	29882	11145	55884	4062	29952	10522	57453	403341	79605	360023	114798	389072	2731	4351	6879	285237	144108	5886	54813	10472	284273	387640	169200	255252	286075	64219	389197	51287	6635	3418	7562	11257	10159	219578	128553	6304	23236	50863	2894	6165	9112	119559	146223	401145	340542	54732	155435	8694	26985	353274	23545	9899	7026	10933	5833	84197	84631	51082	27445	23390	138428	7003	6585	222194	123879	2963	51114	643155	340277	3376	1995	3066	6925	51321	541578	2764	80055	5718	9583	51592	26020	4217	10210	6884	90987	54870	59286	9931	5178	388558	8861	29883	57795	51714	830	339448	9722	677846	109616971	196051	55219	50854	7918	390980	11138	5987	440145	56143	388135	414918	91750	677833	114599	26140	7866	64283	55449	79741	91584	109616976	221710	401260	440465	8505	3281	414777	102723508	266655	100132273	100129842	106481127	5098	23761	110806273	9553	64968	100505738	57604	255403	101929709	5591	56112	100130155	100534593	56242	124907392	102723670	100507588	100101267	8344	57223	100506710	100505385	105377294	106660612	100133036	114819	107984974	5380	79640
brainseq__dlpfc__M003	57147	572	9244	26022	6863	29116	5980	8798	51533	60481	1195	9604	8540	6642	9774	535	28990	54908	22884	57492	10198	23223	8537	10203	2009	27248	5597	10640	54556	53615	3028	23291	6389	10129	26034	3785	11176	25930	51150	23152	2037	26002	27244	3781	5663	65094	11266	79670	22894	10464	54947	55741	27131	29058	55617	23193	51650	51726	9727	57605	1738	57556	117584	79157	372	55280	5125	55506	54620	9274	9524	27037	23786	23541	11020	23313	54207	2954	22985	6729	30813	9751	79863	55125	55916	3750	1203	3299	80777	51172	64428	79006	4682	6299	57020	4683	51101	65263	7993	2997	9266	7392	2077	56006	64327	835	3268	79937	64420	23268	1787	5599	219699	10360	79176	56647	1819	5717	10014	57606	2483	55296	26610	10988	51184	217	57696	51020	7164	135112	51596	4437	10007	5515	23398	80006	1452	662	51421	4820	10254	4358	2976	29959	23178	22930	6654	63892	27101	49856	3065	64766	9181	10459	9295	57568	8289	114883	22868	9789	57404	9991	11064	27130	27030	9913	51646	84795	26123	7010	25902	5110	54853	56943	84898	80314	1997	65982	57413	54482	84146	80148	989	10124	92014	8434	84650	23363	6431	55905	89845	9208	84899	55154	5342	80023	63941	140823	55795	117154	2002	64768	8089	7978	54487	64753	94101	55930	1315	23022	482	23639	83448	57509	6861	54552	51337	79016	9113	4695	60412	10401	57343	55556	26057	1984	51388	114034	4678	5920	83857	57578	1022	80263	902	1912	55250	79587	55226	246269	9764	9470	28988	91875	58489	92856	10730	23392	153090	10244	7507	55667	55227	338699	5876	3032	5861	80204	10144	153020	27163	10427	11010	60314	23344	123041	10169	10099	4123	6457	463	10040	54828	27043	284111	50488	94015	51529	6904	54808	8612	10055	10026	7286	79573	9859	29097	79169	27436	51057	51542	8446	1745	7110	8994	285282	64422	66000	9711	6622	92345	9180	90523	55023	51390	26230	57583	9589	64599	79742	54539	27316	79618	115426	84909	6834	9919	10556	220064	55208	57536	1737	196383	90488	64067	2132	132320	6728	130888	79047	23461	728577	27342	152992	129831	130535	1633	29104	10813	55707	121665	26100	144406	57477	3455	3460	11267	873	11189	1487	10020	55108	149076	252995	4731	1476	7617	7757	9442	200186	10898	136227	80228	221496	90864	54987	4116	26027	51205	150962	284996	132789	64343	55139	57018	6259	51304	64769	2912	4085	153733	29896	222962	138716	221656	55342	65268	143872	115708	8945	8539	9221	7589	23582	91433	399665	26263	51755	55128	84436	1499	29063	200845	23192	55602	6575	80319	80723	84632	196074	163590	9283	7324	56985	114825	4798	80196	98	79188	2941	203062	55669	54811	55144	6919	163255	148268	4815	94103	79736	10605	7572	122704	148203	90288	8824	55191	54674	22885	7423	79834	1106	6777	165324	7368	125988	201158	56945	9793	79772	80227	2072	6199	8636	200958	9632	283232	7182	254827	51272	2066	349075	63899	729614	157695	51276	79701	64582	285973	90355	9798	81532	23705	6546	91689	27439	4978	26276	5463	254887	138046	79135	286256	285600	9146	79184	159013	1762	79896	100379224	57711	338657	148254	4771	90668	79955	387978	152100	1645	79659	375612	5757	342977	200424	401541	7390	149297	158293	54510	11122	8644	63929	85012	150472	170384	221785	309	92714	23507	84301	955	65250	222662	23315	339318	85236	342926	23230	57209	84775	23334	11325	7405	6262	55958	9646	64093	23127	113402	9909	9848	257407	100652748	56658	10206	55851	55366	84324	100128946	7416	51202	3672	8906	2595	339231	387104	64506	440270	55628	105374235	721	400765	100874337	729658	440823	201229	101927560	729178	100272228	100506866	387723	102724768	280	128977	163051	92285	441027	90423	100508120	101937451	100499484	56145	100506070	148189	100130950	2969	100506677	100861412	100130522	100073347	100293516	79148	105377023	26574	11056	80179	31	102724859	285266	724102	145783	105377224
brainseq__dlpfc__M004	8813	889	10181	23028	54972	55692	55735	5689	1407	9690	7756	7384	54476	54902	57658	23324	10463	9921	51177	55236	26009	54888	54455	1175	64848	116984	84062	54477	55761	27095	6894	11054	9410	30	2817	10147	3735	55854	4802	3422	79091	7158	51447	8518	4335	57704	1459	79658	9130	22859	55421	7587	4140	88455	56949	54431	5289	108	862	4983	440515	65985	55100	9689	57226	6579	55624	55696	9489	57017	23368	10296	84196	16	3912	2271	23594	4345	9209	9044	3189	83874	339665	55954	25813	9978	83746	9889	1033	10668	5494	9321	8106	5687	55245	23394	10732	23347	64840	51566	11151	5713	55697	56942	26048	23062	79848	10397	55174	284352	55111	79735	10270	29086	11140	79036	79846	94239	23242	84132	23658	10467	55744	6009	56654	5730	11196	23185	10539	2648	6945	51264	3131	57649	3312	29907	26973	4728	84867	57097	1967	55832	4848	7167	55188	10384	79632	9025	26268	892	55084	9444	5754	8899	10884	8622	411	10802	9555	57222	56954	5096	55081	84223	85461	10213	374291	84128	23451	8869	57448	6509	26038	6814	54206	6429	51102	6421	10625	64960	7257	81849	79033	50999	5825	1385	23469	103910	64342	2733	8013	97	55051	114818	53335	55717	10171	51123	10987	59342	5290	55975	5153	262	5393	10608	88745	583	79144	10236	10131	64430	22863	55112	8021	5300	50809	163131	5471	4289	6638	56984	84268	51105	23383	6303	55278	375775	26152	93974	4354	10328	23473	116983	3996	80895	5786	63827	3295	84991	51634	55858	337867	55082	54841	10906	64780	10574	22796	27097	10228	6041	5270	10253	6426	6434	10716	51133	55339	54881	81873	79139	9380	11309	79811	79739	54874	204962	57559	8916	84260	79720	663	10363	55466	5373	1009	8720	57707	89941	55090	84916	81577	3607	5211	57410	126208	57645	1513	2029	1939	65123	79823	9391	23233	113419	6574	3329	51143	115286	57205	285533	84869	285440	6715	9140	10814	54901	84630	2631	55869	7013	51059	50808	56623	26091	118924	9344	22866	9871	196463	80224	221336	81615	120534	498	5163	9987	152789	10283	4900	81559	135295	522	6396	9941	54953	57798	10311	9478	137964	65264	51706	197131	29101	23076	9673	84449	5635	29127	124222	9903	4774	83941	339479	25992	824	151354	2071	51023	56983	200185	5274	113444	55689	90407	59343	55764	23272	50650	1849	55314	133619	285761	26173	10922	7534	143279	145581	7486	63876	509	63877	138311	116225	122961	1353	23423	65084	9382	113201	117155	5479	84191	54893	4130	1398	53916	51031	83547	4723	6730	1877	84376	388753	84879	203190	154007	54910	55308	4144	79663	26000	83877	79058	4086	4255	3035	4862	4696	283742	126070	2628	5394	51112	28998	25988	64137	254122	1657	4580	10800	2745	91683	5707	10276	488	400073	148014	545	256356	388403	5708	131408	1466	8665	64770	22877	55508	8607	339487	254531	28232	51320	23141	10425	79751	25945	84987	54681	2580	1537	55095	9500	100506127	122525	284023	8575	4947	389362	55783	2131	55666	55256	7267	6000	51428	158358	51118	4707	64410	114781	131096	80213	7327	11124	9230	8558	25840	5087	54014	80333	3916	10308	51741	114826	23131	84307	51547	729967	4810	9045	26155	345222	9725	8464	342132	51466	89853	57181	3482	6714	171392	6584	3064	373156	65992	11060	7919	283489	7150	84455	1460	84501	339453	1874	255758	81890	1147	10011	51075	3073	1773	654502	92482	400954	60493	64601	53822	1159	100505783	284184	100506392	106614088	144448	553103	79940	100505881	8705	154790	105373390	10432	51608	10552	390595	100505894	388569	374887	10597	202020	27246	115290	401612	112398	100507032	6880	387590	118433
brainseq__dlpfc__M005	57185	23072	57414	55750	60528	9091	4784	54903	8491	23144	10771	637	1272	6683	2273	51507	23644	23035	27067	5685	54165	23196	23518	340533	9967	29085	26999	23118	58508	9474	57095	55718	4084	1975	55711	8943	23013	55248	8621	89795	2261	8514	7353	87	5151	6605	5743	8301	55205	51175	8672	6624	2192	4133	9063	10529	2782	114880	57455	4850	57092	4208	9812	56142	4200	905	1741	2932	9706	64744	9522	57531	29887	10075	56970	8602	51637	2778	116154	8886	4708	8761	2734	27327	54890	25831	3717	23031	4713	5064	8216	51386	6942	10478	50	10175	3091	1983	80344	80331	1917	10483	9218	57534	5931	2010	8874	5257	10204	83752	23090	54550	6650	9780	6923	51283	23205	57617	6422	4741	427	4924	23370	1760	81857	93145	2091	2821	208	23646	11100	374882	5518	29844	27106	2051	6878	5425	9355	1759	203	55664	1993	8395	1855	10900	22794	1998	51809	10114	29099	2965	11052	1108	1822	135152	84498	55914	10902	5201	55374	7265	6500	80315	11235	8087	10675	26084	55683	2820	55704	4953	1386	4780	2956	5396	271	515	9829	55700	6513	55758	1509	4297	23271	9994	2309	5311	80212	5887	51552	84263	56252	57862	25940	25927	84418	80209	10808	7181	1191	55269	10804	576	51538	22865	1314	83637	11113	10133	29994	10564	79072	9375	51081	10485	79143	57187	5469	79414	10054	3895	26030	821	79939	6597	5189	10651	7011	2593	3949	5819	9667	170463	25830	55337	10277	9590	1349	7187	7322	5914	23277	10514	2926	23558	9406	55544	10955	9205	10810	1131	10250	55643	57180	694	196441	79768	10390	4613	3939	57614	8933	29979	51317	9840	9053	4193	79074	375248	2317	9445	1910	7716	55852	84317	25844	60492	53826	9411	1545	9581	4664	121441	114795	90634	64062	10150	81542	7090	92912	84656	1213	114876	91978	5686	5451	27	8497	151126	6161	26018	29114	7220	287	1016	6167	5295	5921	91272	153527	79034	11011	26260	51312	54904	10280	23245	11128	54788	79096	10525	140710	5531	10284	196513	55768	4718	79668	7073	152137	2893	10160	9412	166647	23589	60592	7342	9320	54463	7345	55740	84532	129684	166968	9844	83873	57466	29028	64319	5261	1859	388591	56946	65018	51735	57519	8883	11282	1996	8880	23528	57863	84838	56916	152559	55249	78987	27152	619279	54919	83590	501	1536	58526	26050	1073	51585	7248	5979	57447	654429	1152	25911	9318	81832	89797	81628	51704	84064	6137	83986	23524	5871	55788	3800	11259	79867	166793	2915	221749	5604	7336	4330	23117	3094	7798	2194	9185	57555	25924	10477	55031	2353	3344	90338	55729	4300	221037	54205	10231	2783	80011	283848	26960	338692	93624	712	6712	3981	6124	6731	81876	11007	10458	55346	7694	80205	57104	7334	2907	9377	84922	197407	222166	23060	55432	259236	205428	28955	7325	23265	51335	2130	124976	2275	23194	71	140739	116448	80764	51065	123283	56901	677	253943	7328	5138	613	129293	64800	885	4673	2563	6613	23036	196528	3146	50859	26010	2917	29068	9361	222553	91661	4666	170959	29966	85379	5094	10794	6168	28512	6277	127687	63925	27300	439	118472	1500	9874	10920	22887	140467	149345	64423	55680	659	6046	10919	6311	255919	6606	5500	6235	79729	114796	100302692	338651	339789	57026	11230	729362	283131	192111	55000	56110	56109	27164	283624	109729181	110091775	101060226	105374338	100996717	105369154	399761	375690
brainseq__dlpfc__M006	7105	4800	55471	1856	30812	10127	57157	6853	728642	6482	5310	54443	5536	2067	1774	50865	64132	9821	23304	23279	9846	8554	8504	259282	1462	9765	3631	2042	57102	57120	51528	6307	4826	29945	5610	55781	55749	51660	7629	91526	9650	8611	54505	7030	25885	375449	221395	6196	27330	26469	83642	4854	23140	5337	25996	9618	55094	4162	2975	56915	143684	8417	11043	22869	4036	56113	51668	6604	11342	3842	81550	25978	546	22911	22929	57544	8455	8550	6548	57192	57106	151887	8773	1299	55862	7593	26517	1652	89781	23598	9463	25777	23209	8814	23002	5721	28316	8715	8780	4168	56062	51260	81617	688	10240	23078	124454	27324	55192	4125	1628	828	64748	6671	56829	23288	1124	55033	55131	113263	168391	7461	57589	10488	10367	84445	51684	2145	29098	4048	80824	56890	84830	60468	1871	117247	6908	23113	83594	5810	54800	92999	1716	51011	4999	9068	54823	90231	60672	252839	127700	3155	8503	57821	387338	9890	25949	8609	118427	9330	55127	22954	2531	84878	57678	26507	30819	79886	55068	2107	29914	8405	84902	55268	9956	311	23389	51604	84693	80262	399512	51141	6253	24139	6238	23767	3397	7389	22826	1678	23309	10875	9459	79709	51690	4301	79230	139728	23480	55915	91107	6388	5111	7818	54885	92259	27255	55119	84893	11095	9392	55198	4752	10588	57129	56886	7743	90871	80021	57619	144402	4704	6996	84915	54509	8816	146050	256586	55180	9611	22901	10939	64762	409	80222	29956	55061	57198	10899	54465	129804	114805	79137	9125	5793	9039	64839	81545	26240	134728	221322	64418	94122	7569	55246	29967	80728	4781	92715	11023	64852	7761	9177	51092	1006	116966	54545	1977	63894	26019	29087	143187	196394	10618	284309	284312	130271	53354	284161	7070	23043	518	2551	158219	138241	51001	219743	6483	57728	26119	340348	26958	54461	51249	89765	7109	23308	85395	55823	55129	1346	130132	285555	90957	151195	113510	476	6565	57703	100507246	152185	79753	5437	54965	25836	4724	2898	57107	51271	79698	254065	123016	219736	221120	54838	7702	8800	64400	26995	762	84717	10263	283987	5436	84309	91949	26505	51255	123591	22871	6091	10746	9482	6419	9723	1000	93622	84864	4884	124583	5356	8841	115196	55277	9158	3054	55222	340252	54625	147687	51134	9416	57659	23612	10302	201626	1488	4878	9699	6330	167359	10009	2629	2314	1176	140461	8834	767	80153	285908	81858	122809	253650	8204	374860	64782	51649	143879	1468	284656	84193	407738	29110	130502	8073	29796	152579	84319	3714	3297	54622	348793	220107	54103	120227	157567	10623	101059918	10168	730098	50626	199777	1806	147694	84464	100129583	84503	9679	54834	65267	23660	163227	146540	400931	7675	6147	11169	10479	22834	57154	9851	9755	206412	26146	1290	199	23	286144	7247	163486	91664	730087	55739	157574	399715	221786	81669	642852	101927027	439994	440498	283089	55009	146542	400604	51275	729978	100506922	58496	115557	56098	10137	642924	55766	105379132	100885776	152742	100507487	157627	104266957	100133315	7768	100506606	2342	101929560	5175	100128822	10929	339192	123706533	56101	80725	101929563	84726
brainseq__dlpfc__M007	55904	23077	6376	64847	5010	972	4719	10858	55812	23369	60487	5590	9993	998	55117	7037	65993	22978	369	58476	9984	1785	8671	56650	57579	80036	594	1540	8668	3030	966	2017	51510	79796	2775	2036	55968	55760	83719	23256	9878	22931	1153	5434	6305	27352	79734	55687	10419	5706	57446	51654	9468	10916	26512	79726	1428	2935	3646	7991	6625	92960	951	53635	9149	51073	30000	4967	51422	8777	91452	5414	9110	10951	27077	7531	55572	9379	113246	6428	55856	1347	22993	8992	57415	6787	4691	51277	10297	84759	550	55120	2274	5510	55041	9167	5906	9927	51377	23207	56181	57134	56912	6418	51077	1788	22835	79712	92	51426	84248	29066	48	800	10755	5354	79809	57826	79586	4201	4694	54776	84938	6633	4149	826	25824	2123	146330	23030	2770	4357	3872	1123	90417	84817	3609	147965	547	10844	84326	78992	9584	1327	3748	3337	50717	3508	90627	10313	23608	22800	746	2583	2799	9882	9805	54606	4711	84253	5168	55833	11258	8737	51439	55132	83606	4152	10907	23476	90580	81875	5664	29920	64969	116931	817	10957	84310	57786	55634	8473	55086	50814	6134	6129	8667	414328	549	9446	871	6188	9219	84304	27250	3708	9223	8853	3192	22878	25827	388650	6529	84262	129531	23382	222068	89970	29	3275	26086	30815	23387	26097	103	91010	80150	10629	6339	148867	112942	57326	130557	4043	63891	132332	11157	55751	10085	27089	51808	3190	11164	26012	5702	4714	29117	1528	125058	7769	7171	1613	3489	26005	56947	521	84140	23587	11337	28991	6203	7064	9338	167227	6169	150684	23333	582	9975	6138	170506	51642	54968	6888	222183	9772	11180	196403	144348	1198	25994	79813	8905	9628	84316	131675794	23258	10572	283820	5034	51079	257106	137392	339287	6261	5478	7678	1778	8363	50861	56125	6687	4155	10724	148741	4194	5365	22876	221002	9867	6084	26834	1639	677829	677800	55559	494115	388815	375190	643837	105369302	284900	81571	23559	90639	57002	6173	9551	102546299	10016	27239	677772	7556	26065	79178	6030	54460	5348	55957	8148	404672	115891964	29798
brainseq__dlpfc__M008	7982	114881	22955	4361	27430	8574	23101	54542	10076	10787	10188	65056	5586	7089	5774	2046	4775	54878	23505	23609	2191	29093	23033	22924	51290	997	200312	5435	8897	5905	57452	4522	9894	1186	10423	1512	26258	10994	9141	1155	10049	1174	54927	6468	26098	7511	10612	25906	10944	22818	11329	10923	30818	10096	9801	10314	8576	5929	6543	7320	79871	3181	8034	9367	11017	23326	84269	58506	54973	23780	92521	57153	83861	50632	6249	7317	10656	6616	10621	23640	9811	51535	29015	7174	84284	8803	11311	6812	54843	8836	55177	6636	283373	376267	80349	3687	10966	757	207	6135	4259	25912	6233	114790	9922	8525	6749	51501	51503	55002	23284	3778	1915	115416	285367	7567	4681	1827	57732	51160	160622	388962	200916	91869	79078	91942	91137	221955	348980	10466	7415	90809	119032	6157	124491	4141	51117	4493	131616	152518	8493	85315	55863	84525	118487	55844	401505	256536	153129	11253	475	66005	6415	114932	84622	90843	284406	91050	219790	11066	2157	23768	8372	353116	388115	347	3841	79607	128	134701	10471	6257	29902	54458	4676	51239	100131187	284391	284930	124902439	60674	127138867	25764	23089	26589	100507599	100420114	9326	79159	349152	6648
brainseq__dlpfc__M009	83930	2534	54799	8193	3082	56204	51742	816	5423	9448	2011	8570	55900	8646	4897	55573	55105	8220	23112	6430	7443	5203	10139	5935	79918	79791	50804	5438	7087	56311	84725	51010	81855	81619	443	64854	5602	80724	5985	57122	10087	57396	9685	7433	25801	10745	4179	80127	9870	9419	29899	8195	55288	23065	1635	81533	27243	91574	5160	23647	23167	25917	23595	9958	9238	3364	5612	6386	54934	122786	54939	105372481	26135	7159	84874	257218	7552	6867	2934	121601	253635	140890	6921	1780	56683	23400	84939	113251	11102	84135	23203	3611	55209	132158	126669	9197	283899	58485	83787	24149	253725	203523	5936	158135	3737	55929	84871	5333	10772	388566	79027	4976	54470	144363	84342	9842	348262	344595	56135
brainseq__caudate_sczd__M000	8837	23028	5577	30812	5080	83930	11188	26993	5329	5536	23144	637	23386	22902	55655	57210	10858	7092	23035	5685	64848	23247	51773	10198	23223	8574	5798	26999	54542	11178	124925	1975	29924	3029	10147	11218	5586	2065	1659	79641	483	9488	7353	23293	998	2046	11320	5566	7037	5817	6480	27332	29090	9605	23505	4292	5909	29089	832	4898	4983	1785	22997	4036	65094	2533	23033	10998	79891	9422	10450	57613	5550	5016	4799	10573	10075	56970	4313	10059	2036	8455	57506	54997	55285	57062	25977	84572	114882	7018	23594	55644	9209	25861	55280	10101	1153	1652	89781	129138	5435	9681	25793	27352	23313	5905	57452	79882	5411	10110	343637	11201	8260	9016	5230	10673	26512	51090	25839	8312	54550	1186	7329	10295	123263	1512	56986	1666	9694	84444	6449	10469	10994	23646	54531	30000	26121	23373	2901	23094	56006	10282	64327	10049	6742	6804	23658	113263	643641	64983	55744	10652	79937	1993	57582	83937	8029	1787	84445	10360	57584	7511	57178	84961	9487	10743	4927	27077	55813	51747	25979	23142	7323	1665	29118	7007	57562	26273	79829	10944	84867	5715	65981	4891	4048	57097	80018	81539	283383	55188	5467	1432	11329	9439	9444	10846	23113	8382	80006	51185	30818	10096	2976	550	56655	64895	25972	10058	8576	63892	27101	5768	57535	271	80267	64766	6421	3964	387338	58155	56181	25936	114883	9324	9991	2733	56252	58517	9913	2281	53335	9419	84795	54853	56943	56243	51019	1	65982	26984	7750	576	51538	2170	11019	79871	989	644150	8434	8034	9904	27161	51604	128611	55661	10396	56897	8970	84269	57187	718	6253	6628	4149	5326	57479	435	27245	5199	64430	286336	84239	54429	23065	23352	50809	117166	23499	84060	57622	56984	51690	83861	4298	6295	50632	3911	9885	6249	55558	7776	9779	7376	60412	116983	84261	5989	22907	10514	23480	2926	9406	22889	60484	4678	6341	9201	84250	9215	66035	57180	57614	1794	51347	57231	9840	6302	2583	7024	23563	84284	9857	5279	23479	3364	10588	57538	6426	11311	1025	9649	2800	7507	3590	11258	9380	55227	84300	9656	8836	5876	9411	5495	10113	153020	23162	55605	58516	4704	6843	6636	114795	91012	115825	161357	376267	80349	55466	6457	23478	64755	1009	57610	22901	54828	6875	10966	494470	90324	641649	1291	757	23421	10026	3321	4259	81875	9869	84451	149111	79169	27436	51057	57624	129563	114884	3680	9922	83939	9515	132299	6622	890	10299	23092	10667	22838	401262	51390	6993	26230	9589	64599	3358	27316	55638	774	23412	10556	8525	51501	85463	1813	6876	128853	81928	55002	57536	27250	5805	9231	9223	9472	4306	1646	26278	81615	83439	117143	9987	25909	22925	124402	7342	25890	7345	81559	6921	23228	84532	7273	130535	133522	91748	115416	7862	10901	1859	254048	121665	6497	144406	7391	10361	94104	117145	89970	149483	1487	57732	146206	6002	55108	3275	148206	23387	26097	9794	622	29115	29127	10482	7542	4116	284723	57648	81629	128153	51127	7447	284996	388962	51023	8545	128240	80128	64320	23429	78987	23272	79078	8927	27152	4889	91942	25836	221955	9263	29896	348980	10466	55536	25798	23514	221937	65268	538	7415	143279	161436	11092	90809	259217	79101	112937	55662	1152	119504	8642	118490	1528	23300	84191	219988	4088	4141	399665	81605	6668	64122	112476	4597	6137	114823	94274	10653	124935	148156	6730	146664	1775	54949	7536	123258399	388753	3800	80319	27065	59339	131616	10477	220988	10446	28991	1056	93622	2941	203062	238	51013	24149	84525	6919	8841	200172	115196	126308	118487	339122	57546	5970	91683	440574	256130	10534	5936	8557	9973	253512	55055	148808	55196	6138	126328	28	131408	8534	85007	162655	8665	285598	64770	55844	2072	146691	158135	401505	2290	339487	54993	28232	374819	51301	153129	8408	157807	80205	11253	475	79718	387082	6666	66005	56127	2885	55929	55152	11180	196403	5198	51341	84314	5187	22864	10194	197407	221400	255252	284406	5179	51287	91050	91304	81532	55137	338707	122553	7267	164091	79087	83733	2621	64478	643015	80164	2903	57634	51118	29110	51807	56616	10587	340061	4753	139285	90135	3714	23768	353274	285600	84614	64714	159013	23742	23396	51741	283149	6256	353322	23040	257106	100101467	387978	56123	9742	400673	729956	353116	57474	390927	388228	137392	84570	27158	147694	2272	9729	8464	284739	100131755	6477	51434	1612	3841	307	1778	123096	400931	124411	104	373156	89887	23145	955	284370	92283	121504	7637	613037	27300	7574	10724	55958	4519	4536	4540	113402	9909	116461	4538	4508	3897	221002	9666	23381	116228	134701	90196	29935	3108	7918	554235	29902	284402	84324	6606	353512	9946	100131017	259294	266657	259296	50838	400798	100420110	100271538	286827	100422300	100421794	51239	2946	100271271	442325	729799	6235	728706	1241	56413	9080	140758	339231	55384	400954	285830	64601	100131187	100287898	124901409	51025	56903	641293	100128264	10626	53822	106480837	100131810	644896	100418819	286494	8552	5512	100271884	100130446	100418919	100131638	100128071	2074	101927621	107984921	646202	100129215	100271594	100418921	440498	100996437	100271039	113178	122152326	100312801	386597	55009	100131193	169834	553121	391256	26134	100873882	100271276	643343	84320	257203	100418910	26226	100874372	400129	101927551	140761	646870	28985	100270855	389813	100270827	100887068	100421865	100420423	100873886	201229	220112	100419489	100874314	100420921	100418781	645834	100874278	344065	440567	170547	100270896	100271215	730190	8629	100422627	729056	642776	353267	100420557	100421595	100271277	100130881	100631242	728300	100506922	100506897	105378828	100421371	266625	730861	100506271	644388	100506826	100507062	158	100130786	100421670	106480488	729389	221078	57002	100271150	25764	727956	100422044	140290	100271260	100270987	100271221	645957	100421437	100132247	100270852	100419755	106479248	100270835	283131	100507266	100507602	651644	134187	100420028	100418744	646723	374887	728167	353511	100418737	152742	162972	541	100421429	378938	100422271	157627	56100	392266	100507316	56106	105375666	728888	101929719	91056	100420800	101929269	100874333	124902718	388112	56145	55096	286103	259295	493913	161582	259293	259290	100422382	266656	246744	338414	100506551	100381270	120766144	379025	100286844	105370586	196872	353163	26589	7190	119863865	124903619	101929634	102724430	283932	100507290	105371374	111082974	101926896	100421173	116435298	100421525	100421100	100418865	728485	100422317	100507433	55957	54553	84548	10984	100533184	100129640	319140	100533711	100129550	25786	100420114	9326	729438	256302	8344	390660	112577464	4302	79873	157285	84055	101928991	11056	7554	100133319	147276	27099	124906280	100130148	401105	100507117	359822	116828	101241892	100507178	100506710	105374338	100526833	145783	548644	105378979	100131998	54660	107984974	728411	728554	440456	349152	155400	347918	731275	6648	100129534	5301	6458	80862
brainseq__caudate_sczd__M001	2519	57185	22875	1595	23072	381	23098	126393	10165	25998	163	55750	79602	57787	8522	8938	9862	6224	51534	9031	11313	9066	54443	8491	7869	23324	5010	10463	81551	55349	22802	1272	23154	58473	9369	9921	30846	7431	5583	6642	9774	57514	5926	8100	57554	321	28990	7414	9099	23644	23274	54908	27067	54165	1495	51606	55841	92017	55187	10659	9341	23327	27122	4826	9967	10806	23095	57475	2581	116254	58508	57095	4659	4084	23504	586	10787	10513	11338	50937	28996	6558	8537	10203	10885	9697	23013	55248	51167	4904	1496	57609	64834	744	2009	4649	4756	23471	7216	387	5590	57595	6093	7030	55771	55737	10640	8440	9948	2121	6605	5523	10129	8301	4905	65993	4854	771	59277	3998	57719	51175	7587	6624	1739	5939	2329	7163	9618	2239	4660	2975	88	79960	2192	369	55331	117	57455	23152	3991	2222	285220	4850	1371	1005	22869	23239	6604	5241	4200	1741	4779	2932	3693	9706	3842	10325	64744	6579	1307	3732	102157402	9522	57531	81929	23259	55054	23139	8898	51290	4849	2767	55968	5027	29965	10914	16	55763	9352	54890	3183	54822	4637	8697	372	10580	84144	5125	6319	23555	23031	54620	112755	513	5064	421	29801	23384	8220	4809	23331	56993	1120	27349	8897	4627	6767	63874	1690	51199	114088	23002	9517	145508	3091	6430	1983	7443	5700	6789	5203	655	80331	1917	9770	1457	5173	10398	63905	22919	128869	8731	54941	1478	91851	64743	5355	6594	340554	27344	84061	6102	2259	54602	81617	143	23078	84056	8848	23295	5595	5257	10725	9683	65009	23417	4363	84264	10273	1428	9780	6923	3163	6299	23475	79719	114294	57722	8766	64397	7082	23312	50804	79848	2138	10404	6422	10397	55174	4741	7991	166	10775	8725	2091	1155	7040	79784	6223	478	1954	3780	4099	7392	23770	199731	154661	85865	8887	23242	2051	8662	29886	6878	55131	1174	8985	9678	9355	158471	1955	55664	20	51104	7763	1855	219699	64115	10367	5532	3988	6468	22849	26098	56647	9644	8036	6158	10105	23232	10900	5414	55163	23125	708	1362	11216	6603	5717	10014	7531	9368	30850	55161	1998	23321	51274	6309	4013	9828	5818	975	84274	10988	51699	217	1027	8099	22818	55832	5869	56890	8078	1822	113246	23328	221662	26036	26235	8936	55856	60682	135152	7101	9841	7922	84498	5528	3617	4124	10884	10087	7060	4012	10723	10111	2246	1809	80315	1627	93973	51300	84100	26355	7337	80321	8850	11235	2771	10342	56987	59345	10675	55233	81562	6242	150465	4691	57669	92840	6209	25801	6711	9801	80303	23301	79031	3069	3398	6654	1386	4780	2043	5396	127428	23463	515	127544	58480	28956	85440	1647	6738	252839	55700	127700	34	81849	23266	11240	10765	1486	3155	6513	991	9670	8503	163404	8289	9789	9994	2309	6696	84886	5887	6418	84263	79109	112752	64207	51646	4601	404636	10672	79886	84418	51248	84898	440073	1997	7181	2185	64236	23435	8405	29990	64786	55116	51193	22865	55791	2971	57179	57489	27241	83637	30010	3624	1211	8805	11319	23597	5585	79002	23091	10133	64756	5354	5208	5335	140825	23096	400961	23326	6631	57699	6745	79026	23019	10257	9375	6662	79144	84266	5469	84938	1059	4821	6238	24141	56926	22913	140823	154796	58506	51119	84662	2537	2002	3895	22890	83543	64768	1350	5908	7103	8089	53834	79939	6597	7979	2770	7978	8910	135	11135	7263	92521	9732	7425	5420	6608	3231	84952	90417	10776	5682	25870	84817	10749	904	3609	57153	57509	25938	9459	55274	57631	64981	56995	55201	54858	25804	3727	10439	157922	445	84326	23211	10277	9590	23345	2670	1327	1349	1729	84231	84152	5160	1262	5791	7326	85013	23558	3021	54739	4147	84105	2319	92154	10955	84327	93611	1131	4628	254428	23111	7178	55425	90627	84707	5158	23640	23608	694	91298	83857	1875	9811	10752	55119	6272	9475	91543	63982	6210	84991	91768	84950	51444	187	9415	1284	9743	11095	134430	23287	10906	6733	29969	6885	4076	967	23017	3178	9053	8763	85021	1368	4193	79786	9764	1783	1593	79074	375248	10970	5100	4008	9445	1910	64759	9771	313	7716	51204	4711	57471	2058	56886	7111	23452	1318	10541	5168	7094	55667	2766	55362	51439	4926	5962	64776	6176	80031	54874	9635	8634	3795	9581	11117	1838	54536	317662	29081	6744	10152	55329	22872	84162	7222	27163	950	79807	57117	10427	5998	121536	5830	347902	84298	1848	160418	51228	84915	79035	283373	2098	10150	643866	83851	122830	256586	8125	91947	55180	85407	54925	54849	9611	9520	6760	80000	4864	50488	396	9775	3607	54877	4782	57410	63976	6135	55194	23038	3339	8543	5686	481	93183	26092	127018	80222	23126	126626	255928	3756	57198	10899	5872	7170	22874	23190	151126	79582	9686	9125	2803	6161	54756	26018	8994	285349	152404	64422	7220	493856	115265	80854	56034	4651	6167	1393	5921	5066	81545	26240	90933	84630	10957	154214	9586	64418	55281	357	8573	4478	54539	9203	1730	139818	26260	55790	80005	84296	54904	51110	4781	84186	4915	401548	2934	286204	210	140459	4851	80013	2746	11023	84504	84280	23052	6188	51092	149986	738	22866	3688	26524	220108	3176	2823	7424	84735	1740	22948	5305	196383	7316	3708	196513	3742	55768	90488	121551	288	2132	140609	2241	132320	55691	54842	636	341880	2674	221336	5784	26353	79833	284306	9397	152137	678	114908	2893	2697	10160	2911	5796	6728	23589	283349	6328	50807	22878	125476	5789	8526	781	5529	7070	4900	26207	375056	83648	84033	518	10950	54149	27342	51560	91369	129684	5799	158219	1622	23367	2890	166968	64798	9844	25769	23362	3778	1633	286148	419	10600	57466	122416	153769	159090	23522	9530	1974	123803	261729	3361	57798	4643	1831	347734	114793	56896	10163	388591	8450	57477	8365	9669	222068	2005	4681	65018	9507	57685	2035	1465	5763	283748	51673	1676	9619	92799	84446	6271	54865	4061	9684	84988	8878	60680	126321	51	284361	221496	57465	51005	124222	22941	4041	84328	11080	431707	284695	10092	8682	9261	3020	56916	55677	7039	7855	152559	151647	476	116064	79885	8833	7871	57406	285368	2992	11073	79443	50650	7884	84448	9255	5364	308	26269	55314	64399	134429	133619	256987	133121	23305	23176	27089	55568	619279	5224	10395	5828	27012	54919	55074	154791	79870	6619	157378	51271	79698	216	58526	26050	219654	220963	221035	51585	63877	9188	65991	57447	55701	55088	5702	4745	9702	255394	121457	4714	25911	9221	8879	25820	119032	79156	322	6881	81832	9710	124359	5598	57494	90701	65084	27018	144100	644353	124491	23339	54893	6447	4130	10982	7008	26995	57611	84064	7644	126298	55762	83696	80700	83547	5653	83986	54442	23524	2495	9881	1499	51435	84309	57691	55788	11170	4735	84289	9796	55602	83657	6774	8313	9836	79155	10791	5480	29091	2915	521	84632	7336	4330	10421	10636	23117	51068	25932	84168	123207	7555	6870	81844	9185	9758	7584	57555	214	9283	201931	114825	55031	84140	10826	10491	11337	9482	4086	57148	164832	26145	98	11016	5429	143425	3799	2861	11214	3344	9788	6203	84437	85315	55786	26108	81831	51282	124583	84287	8862	54811	147179	4135	598	22883	4300	51030	10869	54205	154141	257194	7690	10231	2783	9915	55277	4299	348938	29942	6169	1657	51162	10777	7423	11163	3267	1267	10209	57674	10276	6712	83759	7096	253959	115019	90806	7368	285590	9975	132720	6731	8322	253982	1488	7189	65108	9776	23015	11007	23399	26471	8636	1479	80059	285800	11145	666	80230	391	347862	57513	7182	284119	10009	4808	497661	3725	56975	2314	1176	7334	4291	5339	221294	84987	4094	9377	22882	26873	114932	112574	80153	128218	144132	161882	23580	84922	222166	23060	5062	90411	283254	374986	8334	53637	79929	118442	90843	283554	25994	64219	5430	6657	64582	205428	90355	285195	219790	3418	84629	220382	64764	56963	23641	23336	2055	23265	633	439921	51335	29035	2130	84316	124976	161	18	389337	91689	4166	27439	339039	728340	23194	4707	10317	80139	148641	114781	29944	5613	256435	6900	126382	5463	1435	84441	80764	400746	124751	10801	8349	5413	25923	8971	752	146198	6092	22888	51186	64409	5071	51263	677	54014	253943	10718	56479	54093	23299	22821	220107	10623	84937	114792	23621	55922	23131	7328	5465	91582	4286	57698	730098	4059	222194	375612	5757	54932	84281	125704	7621	1755	92737	126432	1287	199777	389541	123688	10991	154215	6613	1806	340277	4520	9045	85302	339287	642938	23036	163081	347	196528	145853	23254	3146	3556	50859	26010	79633	90321	9883	29068	84628	1995	222553	85012	4666	9895	643836	170959	4763	2760	7088	29966	64771	140612	160	54554	51108	221785	147923	85379	140688	135398	26020	3064	93377	81031	4644	6709	5253	6168	23303	65124	84775	55713	6815	9931	7405	50618	388558	55319	7975	131870	10920	6262	221477	10479	28514	92241	25829	4512	22876	57165	4537	9853	149345	5455	79065	26128	259230	26768	100124536	677820	6084	677808	106479130	6085	26834	619208	53344	550643	730051	3133	1639	444882	643965	5699	6643	9289	317762	100506731	6453	3105	114599	7247	55652	692086	677841	4539	51157	375035	6827	51075	4722	101060200	79441	401562	64506	414152	1654	79741	96459	55714	163033	80772	101410535	284184	84627	348262	101929407	100505641	440823	101928118	102723341	79134	284835	4509	6171	196047	114796	3281	104355152	6892	101929302	388789	79940	121853075	644139	100506054	266655	645676	618	84752	677828	400793	101928085	4282	23089	348110	1650	5032	55861	101929595	55766	101929353	101926904	57604	6414	100506365	441381	27164	388327	105369779	283624	100130855	109729181	100128822	100294362	106481051	6030	9939	100861412	10628	54460	101060226	79148	404672	283481	100101267	23191	1602	80725	338328	389741	126661	359809	105376387	119545628	29774	100887750	493754	155370	375690	57212
brainseq__caudate_sczd__M002	90293	221981	5164	3920	10368	1750	4293	2115	9254	55735	6792	65220	1951	23542	54497	5980	10048	3423	2067	55148	57709	55703	4190	3670	3479	57586	57476	11215	25901	10953	578	6301	535	9168	11345	84908	27430	3631	5874	1175	2824	22884	84062	7504	4134	57120	55885	5954	57492	3074	79810	340533	5601	5291	23105	51154	10079	57504	5218	1608	55359	2983	23041	770	1606	9892	9748	8621	84679	55631	782	5315	6857	3421	492	5165	4205	2182	3632	56850	3796	139341	5597	10681	5217	10947	29105	815	490	55117	87	10290	84708	2011	1400	79041	949	1183	10979	23332	9671	8672	55972	9462	27092	60	22920	5362	51412	5063	1781	3093	5289	54715	7419	1620	114880	7520	1653	2037	22999	22839	384	1310	23136	56256	29093	4986	23085	81550	5019	91746	22979	3797	231	51701	118	57542	8570	23348	1795	1114	8079	2734	57605	4897	23335	9552	26575	1299	10762	1725	54187	7093	1390	2289	28978	25	11332	5434	29799	5594	10126	23492	9145	23112	79734	50	5372	2287	80821	51382	1113	51550	9362	84312	57446	140730	7165	25939	9371	140679	191	26051	56853	64863	10627	8715	10857	5634	6855	11040	8266	5127	8237	9468	2245	1821	51260	56271	3839	160851	10204	83693	79791	84148	23420	9738	8925	8120	23359	7782	793	5862	55156	1936	2936	4946	4858	7138	51231	5438	84518	83743	374882	5864	25789	23080	79872	1749	136319	4967	2887	8976	27075	54927	6505	10927	1759	23413	7016	6456	51010	26033	59338	54462	79176	114815	8030	56521	5709	8787	9110	4591	64149	79132	8506	84687	1845	3131	1949	23531	54940	23158	55294	10938	55572	55291	887	24145	25758	11108	81566	8825	10094	3736	1389	23074	79158	2026	51559	64426	55907	9847	26127	51567	57150	79632	4121	57515	7164	10090	4988	29074	221692	10486	81491	202559	892	2822	57396	55819	5924	2566	55299	3977	79770	25852	2257	23527	11334	11222	10289	27086	6508	29959	57142	6869	10314	2744	53632	60482	5510	10494	6801	56902	5000	22848	10056	9917	9528	4985	4209	9829	10286	51440	9783	80135	117178	10969	27042	9890	57035	55758	56912	9331	6785	27145	23469	6185	57539	4702	57706	2531	9480	57718	64225	54812	29094	55719	2805	2891	5110	11193	10808	2700	3208	23155	51426	22987	5412	4952	5930	84293	55975	4852	10124	23349	170685	64168	29078	9643	51209	130399	9926	57468	1434	57403	27304	9587	116138	9521	9208	2806	5911	7737	2892	63908	3704	10893	83658	51614	3831	117154	57570	51309	59353	821	79575	9143	64921	57168	7533	7732	9296	57464	64792	813	2571	440275	54832	3746	9513	84932	1036	7905	2258	6861	1804	547	4301	23149	23025	25830	25814	10844	9040	4294	4354	22927	23229	529	47	80762	8799	55860	51805	25957	1742	51388	6616	128434	6860	10810	2835	9911	79589	55859	23037	81846	78986	23508	8932	51124	1022	8536	55207	148281	8774	377	57498	284252	85004	8565	51361	91408	1837	152831	324	26578	55312	81689	84900	3351	112609	55122	27165	116986	5502	10505	10200	3775	85397	9648	64965	84102	1607	10010	2572	1861	6812	26953	347252	63971	63027	7172	85462	4750	91801	56965	3706	10017	79739	85465	403	22891	6229	6741	57520	55759	29766	8916	9908	55752	8615	27068	64116	23710	51067	144165	144193	121260	9815	122060	6252	123041	10516	122616	146050	7168	7385	10300	57707	4716	5170	22980	8533	28987	55275	2774	27043	1453	10907	113230	23410	351	114783	59283	115704	127703	5567	5792	90874	261726	25874	8804	5202	9213	23179	81609	2029	55061	23219	375	8476	805	6233	3899	11249	57282	130507	85403	10550	55347	9353	2044	10769	5295	2561	57451	29777	84553	134829	2830	58527	57583	79624	5814	4191	908	55634	8473	526	54212	114569	80728	7357	56904	22921	6935	818	9118	23082	4684	60496	6327	143098	84159	1006	23284	57512	114134	8872	112936	143187	57700	1814	387923	51594	667	121256	79596	6014	498	2977	9456	814	23171	53918	160897	7402	115827	64682	5937	51571	10428	221895	116150	26289	135154	57338	84959	9868	2849	388650	1525	6782	84365	285172	10670	116442	9508	10694	7102	22986	5097	5521	219541	23355	375323	9797	23057	9372	491	6854	445815	9162	203197	673	9478	91544	138639	127262	3745	23382	55607	1780	54069	8867	3460	9900	57369	1636	9114	29	808	29101	8888	138162	10444	55585	1141	56893	51728	115	10825	220004	2785	65260	79699	5563	553115	79762	148362	64216	163882	51072	3754	142679	150726	130367	151556	317649	92703	10109	23122	5584	56648	1040	23001	132204	80145	54585	5437	8314	23173	3015	133308	51246	79012	80335	6059	92255	651746	134510	84135	94081	168002	54329	10569	22853	1020	54704	11168	54769	84302	6990	254170	83550	283209	89890	509	8559	27069	142940	145567	64112	55530	2200	55323	9318	2562	1381	222865	5579	7084	10904	84516	54386	63928	114794	7529	11051	6786	2879	85300	55611	84926	4723	7001	3761	149603	92181	7266	84684	378	23192	1128	3354	1876	5604	25849	10960	7881	65008	83877	699	9079	22871	23252	7532	51617	10015	56980	166614	91752	202052	5209	195814	90161	5569	5581	9655	118812	59350	201514	203859	10243	57687	93426	7857	11346	2596	253152	10605	253782	55352	8708	10248	5499	122704	283450	22885	158399	5797	9804	23592	488	170261	127845	133022	339855	11041	11146	51319	26470	155185	344758	64837	125144	80124	89792	56675	1212	4023	79772	57628	5870	10458	379	57633	9832	153364	114926	163126	126272	9699	148252	8851	10409	2902	9240	345778	6330	64787	284716	6197	266812	51046	401474	23765	222183	9659	4729	389072	55175	9852	80034	27132	399668	127254	9500	90480	1960	139065	3352	220202	9495	9378	253650	124274	85453	151963	6752	1132	64388	23760	166379	92815	23109	5912	54112	57463	51363	3739	8905	785	4692	50863	9312	340146	55794	80781	5121	57118	729540	5877	51428	284656	23466	57528	386617	23258	8508	152	5504	64061	401145	1946	256714	645974	3751	340542	5142	8303	81931	138046	1812	25880	6612	140597	2157	56899	57419	137868	255275	56160	283820	266722	10336	730094	399947	10134	57496	340529	260293	4674	401190	4771	4137	200728	23390	23270	79659	9863	51182	26059	145173	29978	5575	374383	170622	1121	345630	344838	389073	144404	345222	26280	340120	6284	7259	23708	400745	653319	9901	6829	55190	140465	399687	8912	55966	154807	5456	961	343990	9260	57522	10447	57181	644596	388662	23061	8363	8831	57162	147906	55753	50861	142678	26037	23556	54557	81553	63934	337876	258010	219844	340578	9747	158586	83699	51441	51062	801	23116	10497	81706	347731	192683	6263	146923	55170	57692	134548	64423	389432	9293	2664	221424	340543	340527	659	63943	2794	6992	2550	57469	440145	390205	56114	441376	84912	51451	10921	220164	201562	348801	131405	114786	54627	10962	84342	402	7416	534	57128	646951	221092	134111	283514	729515	100505876	440400	6844	64641	5534	118460	221710	107985190	112268276	122539212	389895	100131244	100505869	114821	151484	399697	728927	200726	390616	91368	51373	100507537	90639	84129	10687	257068	1325	10552	5297	398	442213	100506660	729082	728081	654790	25864	222537	25907	642797	100507341	90024	100128233	57132	399959	100287944	10381	23732	150967	115804232	343702	9236	100507421	106456574	2969	100505576	140735	100287932	80755	100885848	100130522	8517	152217	91608	338758	389332	284615	118597831	8447	112441426	30837	8396	8367	3012	8360	4747	28755	79893	113523639	728743	6905	124903640	101929748	122319436	105378355	114819	162632	441666	114814
brainseq__caudate_sczd__M003	2729	4800	54467	51056	115703	996	1387	26224	57157	1352	27072	5048	9091	728642	9043	7095	7812	3097	1634	1355	9782	8540	4719	51022	9135	8554	9497	55773	8452	175	259282	9765	26064	3309	80243	50484	55173	54477	55745	51742	23201	23369	55609	57458	5128	65125	79832	51660	7771	63916	10838	22998	6416	83641	25791	2263	375449	10294	8514	6095	23446	9448	6160	28951	28513	224	7321	8243	23291	10335	6389	5522	11343	55205	3785	10371	10512	5250	55973	4162	83992	23032	4133	10529	5527	2782	5108	58476	8417	55183	23011	11043	57092	440515	57226	23047	54434	10890	966	22911	5243	2060	79796	43	2778	339175	5775	8886	55608	9762	27131	8315	9843	7597	1738	79776	151887	9878	7430	1808	9117	3983	56952	51386	55964	6305	25777	54471	11154	6655	10490	23405	22990	89932	55671	9321	394	10484	26133	23613	51012	9658	28316	9218	79576	10735	8411	22862	688	8140	79006	56061	124454	9093	10423	23205	9455	56704	54332	3646	6713	7993	5516	3191	1209	93145	6511	333	11100	51343	29086	22900	10135	5764	11033	7586	5803	3268	6009	8777	320	10613	79009	22852	91452	219771	51195	3837	9570	1655	5573	5376	2557	26511	8649	80273	1182	2743	79864	51111	79073	1982	1656	10114	114971	55531	80824	79794	51026	29915	6489	387119	81688	117247	9749	51596	55754	26054	83594	3157	3313	900	1004	10923	83989	5144	2908	23398	10802	23548	1452	58515	8087	55081	23150	51555	26084	6747	4820	1981	8745	200576	51639	79745	55704	23178	8604	5334	6342	11315	9181	26232	9295	51107	50999	1810	8674	9588	3925	5629	5511	51060	10849	5955	4297	23271	81573	6446	64747	25782	57404	51552	92400	8013	51077	10577	27030	4329	23433	10285	30819	6950	399979	55068	51569	2107	22835	83468	1191	10434	64282	23024	80218	29899	29066	64224	84668	79269	55847	9559	26994	8082	55297	11059	10755	57486	139231	57826	2181	23363	514	11017	7913	745	583	84899	24139	11034	6629	10236	63941	826	3661	3306	81537	64919	5787	8445	10975	6049	3092	4189	4698	1123	79664	25847	60559	26297	1635	1032	112487	81533	81926	79016	10155	79088	6535	23199	51132	9467	7322	51318	5901	5562	26057	91107	27183	51371	23164	9365	116988	3612	51241	7428	4212	79768	4613	23175	9698	746	22873	51014	29979	23014	577	22881	9958	2799	80003	54583	2752	149041	57695	55654	26122	55681	26586	8803	29079	9805	83605	11143	150472	10730	54534	9373	6194	60492	6386	79811	55177	102	109	5861	310	471	3685	55032	57337	8482	57575	55435	55212	901	8999	57619	121512	55500	85437	22822	9107	90634	6601	7009	5925	4857	6938	663	10099	8826	64784	6187	57336	25800	55197	4089	90580	26135	6258	29956	9859	3707	129642	3930	55252	6323	51454	79137	5793	10184	55814	64839	54438	26045	1956	51631	6134	6867	92140	29967	8667	7553	10280	54886	6251	120	54805	55327	57689	79096	10658	4863	10525	9219	9538	9638	140710	226	51503	116966	54545	85458	1737	219670	22982	1977	8853	291	196394	60485	7073	29970	9910	148534	460	130074	10618	127933	5213	51128	24138	85445	166647	285672	60592	3621	25827	9653	84897	91694	55740	57630	9184	135295	4685	522	51582	528	55326	55027	56776	286097	137492	138199	132	6103	7381	1915	27020	23049	115548	26060	84262	116987	63875	286527	55571	201176	203547	7109	57551	4000	9592	6132	5701	51727	23358	5928	80232	130132	26225	10611	23248	57326	6565	3490	64343	5783	25976	7707	26043	165918	79982	401152	54726	4338	202151	285671	84059	5229	153733	134266	81789	167153	10412	153222	23366	6208	154743	7559	51808	501	221656	3190	158405	254065	1073	84457	118987	120939	219736	79789	5654	11245	51762	29117	8065	1200	6157	9640	164	8800	10845	81628	64400	6632	51148	51704	125058	10449	57348	10263	4054	5867	359948	146212	56884	153241	10116	126129	9197	6383	4493	1501	10746	7324	7314	10972	160518	23204	1000	9229	9306	84669	84864	4696	81603	4884	5356	51523	23261	2628	5728	361	221037	5139	80011	26960	23133	49854	6599	147687	29903	5091	286205	1964	57493	80012	27333	200933	153339	201626	5095	9793	4087	5122	4482	79666	205717	54621	55884	253461	79605	168451	360023	151188	92949	25915	205327	767	2066	6415	27335	285237	144108	55095	285343	10472	7710	284273	387640	169200	728294	389197	29072	51649	134553	64963	9798	8633	7325	23236	2894	6165	9403	146223	8073	152579	116448	5101	54732	155435	8694	26985	51065	11124	25840	10933	84197	5727	55217	84631	2558	5501	10168	27445	90624	7874	123879	51114	643155	120892	7581	55629	374879	5478	54413	91661	165679	4646	3066	51321	23365	163227	309	2764	5094	80055	23507	146540	25959	51592	4217	5660	6884	128	26052	4155	127687	54708	6147	59286	5178	444	11169	987	9652	8861	22834	29883	9860	51714	830	9867	8528	26071	55219	50854	390980	5987	147920	10206	79583	100113407	388135	8293	414918	91750	56900	25817	91584	81669	8505	100302692	414777	102723508	90120	56136	9551	10016	255403	100507043	400916	55000	56242	10780	56957	9554	8031	386758	105369154	106660612	286101	5380
brainseq__caudate_sczd__M004	79657	23077	1195	4331	9821	51177	2530	7204	6894	2817	55854	5525	30836	22933	23161	5151	88455	56889	9063	9984	56681	9812	9689	10464	51510	2346	51637	57017	23368	8655	8550	55614	10961	51650	51324	10683	57106	9044	3189	4670	51257	283638	5902	113791	150356	23209	3705	5494	1477	79133	10406	23347	57534	51566	8428	55757	2321	83752	55697	54985	55284	11075	81857	26017	22870	5802	5445	26959	51678	94239	11333	7091	8939	10488	9148	443	10951	51264	8153	57606	51809	51088	23360	9379	29099	55553	23603	23329	51389	9025	26268	51715	6206	55084	8724	8899	1007	6678	6500	22993	23567	3836	5096	7375	55683	84759	51652	80146	57448	9167	51253	6429	54856	54823	9129	79947	29937	1385	118427	64342	7320	5524	27130	79627	10171	29914	8702	54482	80148	48	262	29994	29993	6204	6310	1948	57409	9491	5690	7067	22863	1678	5300	163131	51105	23639	26152	4695	80895	10207	10208	84106	10001	55858	27097	55198	10253	91875	55339	9550	23787	96764	440279	27229	54816	51187	1629	3032	51374	79675	92979	81542	10169	10363	1039	463	81577	114876	112483	114804	54808	79932	55827	54499	1939	23233	8502	23671	10840	58478	10814	153527	134728	221322	221806	94122	29934	6129	50808	26267	220869	118924	85449	9344	124446	53942	10284	10666	1793	7068	196463	4718	120534	5140	10283	26175	154043	140890	23460	126731	285381	6832	54768	150946	9825	26958	137964	6651	11189	57519	197131	9813	7617	5116	6285	7757	84911	400569	112942	5274	8618	151613	25898	59343	11341	2982	11157	55751	55255	202333	84340	23462	114788	5001	25962	116328	7486	23588	9147	219287	11164	122961	84460	51647	9382	162394	117155	84436	5436	84376	4336	2339	4204	79663	79628	7360	222008	5036	9637	27115	2186	151827	5621	83660	10892	682	3054	1072	340252	79834	7388	256643	91646	165324	2787	6124	400073	1139	219749	340481	25914	29882	56888	653583	100128398	6888	167359	5441	25945	144348	100506127	5886	122525	55017	64782	7562	7318	158358	131096	71	80757	10572	9230	5034	148254	84307	4673	152100	10507	375743	282991	56164	6399	89853	150472	199704	57547	10794	85236	140885	27233	11060	147949	9646	9578	339448	6170	9851	26146	257407	6311	55851	131965	163486	1773	79086	55672	7311	284391	100505996	51406	101929270	102724919	284798	643355	101927554	105373390	7844	102546299	3692	9553	642924	390595	192111	100505894	100885776	100144602	121952	100508120	388610	5591	100507303	101927288	5175	27246	105376843	100507551	57223	57636	6029	283876	107984345	124902128	105377294	645784	10778	285407
brainseq__caudate_sczd__M005	8813	4706	292	5689	9690	7384	51096	63932	11171	26751	51121	81037	9709	27095	29085	54969	2665	84256	60488	53339	4942	4710	55699	65055	64710	114049	7251	38	65985	55100	3776	54437	3682	25978	56910	8668	29992	4528	10959	6128	5037	2521	3476	4708	10296	2271	84336	84502	55862	55168	55506	5714	51493	25813	9978	84844	5684	2079	79038	5693	6729	2937	9837	5688	3420	128866	5716	23568	5432	10671	64130	55011	8775	9266	10430	221830	84725	51142	10467	7458	54981	10952	8721	79004	23560	8402	50862	6207	9049	4728	2965	506	5554	51184	51258	2597	7167	3945	1337	1347	10007	6152	1933	10213	10575	7341	6146	64960	7257	6390	59349	57134	6118	103910	4709	51692	81892	114818	4072	84918	39	51247	10657	84265	6144	6125	64105	5204	60673	10376	6903	2739	4694	6633	8894	55795	1340	25824	10131	3188	146330	7277	84268	25983	55837	4738	51250	1736	5538	6155	84313	163782	1965	56851	10542	10440	4677	23318	26519	85025	517	2647	10574	65080	51719	1329	55270	28969	7295	51759	5695	81873	51645	57569	51103	56924	2959	10121	10063	51138	9061	9746	55266	8562	11322	26502	6647	5694	10733	51506	65005	10456	3608	6189	285533	4726	689	55651	192286	5440	4715	84866	2197	145282	7411	9556	64645	285367	6396	4720	5710	5692	267	84303	51149	1173	5635	1973	6154	83941	284611	55249	7203	6746	8802	201895	51304	55764	55109	1345	4712	30968	6166	402381	10935	3251	10576	1353	51117	125336	10632	3396	10476	57215	27249	5162	54951	7386	254778	197370	3094	83640	79058	5881	83443	3035	80196	51499	27258	90594	5223	6902	6227	6201	140733	150678	27289	254122	78988	1163	2745	5707	84833	345757	5708	10540	10589	1351	23141	10522	64110	441951	6232	55272	93621	1537	23241	22928	79077	8575	5464	6748	64928	4869	388341	84890	7485	55505	51218	6000	10856	10946	116541	28958	55967	4700	387263	5719	4733	80333	51079	28986	94107	4697	27341	2547	79693	57001	54543	283970	8270	11194	84549	439	7919	58505	6048	6392	441116	7114	201475	255758	10011	2592	401397	51400	23053	11331	1159	400765	100131801	728730	51372	100303755	100506963	4830	51608	102724019	5098	57461	10093	539	55052	2790	57553	64968	56135	101928174	552889	55845	23741	647979	101927009	101929497	6880	5691	641467	147947	84809	654466
brainseq__caudate_sczd__M006	10181	1856	26022	6376	199870	51360	23071	56895	11285	23279	55236	54888	5256	116984	1298	55540	5923	11054	9410	30	5476	91526	5214	4335	26528	9130	55160	108	6548	825	8773	117584	114327	4616	56241	339665	55954	55687	9889	22985	8106	22981	23394	51497	10732	79863	10240	79726	64788	64428	6810	6788	54758	4125	54938	55111	79735	58509	79036	29062	1687	84182	5730	11196	11101	81855	51684	10531	9144	57649	7704	27087	29907	10612	57696	10162	10384	10307	411	27031	54946	23276	85461	84128	23451	4999	49856	6814	54206	3065	90231	965	5129	2166	5825	11133	80212	11064	5153	9111	5393	10608	84080	55905	84693	89845	10485	55112	54973	23309	5471	54487	6303	51337	376497	79709	55278	10328	7187	23473	3996	3337	23225	10971	4005	6610	64780	10228	6041	3300	80210	58489	54881	11309	4091	26160	8884	51163	3184	84260	9818	79720	6727	10066	55898	8720	55090	55036	94015	23476	8612	5211	126208	6518	148932	57645	27005	11000	29920	54465	23020	113419	80775	6574	151313	51143	81608	57205	84869	285440	57038	55869	79742	23245	84895	56623	283212	89944	2209	27034	6868	80014	201163	147495	129831	6529	55707	348174	6483	79856	11079	26119	115992	65264	51706	10417	5681	23076	200186	563	84449	7627	6811	26027	9903	4774	25992	51205	824	150962	2071	90957	56983	200185	55139	57018	6259	55689	79753	90407	6184	1849	91137	134957	26173	116225	10229	23102	7171	57701	53916	283987	1877	91949	203190	154007	54910	26505	4144	26000	23119	283742	8507	5394	51112	28998	114900	142684	55871	55191	4580	152002	9416	81490	80227	22877	286262	10425	57104	54762	4351	50628	79813	11022	55256	84193	23545	3916	55599	10308	54103	338657	101059918	114826	51547	401541	26155	9679	9725	84163	55340	100129858	92714	171392	6584	84188	90987	23334	23127	22887	51490	84455	643008	1460	4340	5150	1147	51202	8906	440270	101928464	401398	5554	728431	100506421	154790	339789	100499405	23559	3588	116143	10443	101930370	121233923	56110	56109	105376541	10597	101929560	115290	100131997	729732	440040	387590	399761	138649	554206
brainseq__caudate_sczd__M007	29916	57679	1407	8798	2534	54902	8193	60481	56204	89801	25875	29945	55623	79091	54878	285527	56650	11342	594	200081	51161	84678	79603	7301	55105	9274	4713	2872	51586	23541	2954	25876	5935	1203	4833	4683	4924	10270	92609	51073	2109	835	51422	1819	6945	9343	9094	64854	25766	10902	9685	28972	10120	25843	55041	51102	55870	10745	55268	11155	5184	88745	51081	79143	23383	54552	93974	91574	6538	23647	157680	50717	54885	3295	84893	55250	80759	10956	54606	28988	6434	55833	338699	56267	84896	29789	9728	254013	54939	84916	6904	27	65123	79573	3329	7110	9718	56996	54892	93953	7552	2796	7013	115426	414328	84909	9919	9446	10480	871	121601	160857	253635	284309	51351	146556	113622	138241	7074	219743	54953	22976	114822	26053	3017	90121	54461	148523	51249	113251	54987	3716	114803	8880	127002	5824	11102	23350	4043	54965	4724	3611	5090	1398	26263	7769	55181	7846	1613	5049	54899	11142	80723	56947	53917	9839	4798	4255	4862	203245	84331	79612	90288	8824	203523	51126	144577	253980	56945	55690	27257	146712	55508	284001	9772	9849	90637	284485	79415	64856	729614	51333	168544	55076	26137	200205	375748	3770	23705	9284	64410	10293	130502	80213	6586	7327	149175	8558	6450	105	1762	57711	79955	79048	50626	222696	128312	10438	219927	84154	23230	1902	11321	23054	80184	54470	4855	28973	440894	644096	1874	339674	144363	11116	3073	51024	92482	79716	3995	283089	106614088	100505881	729978	51236	387723	387521	647087	645323	728769	109729137	257396	283663	101929709	101927459	729991	103752584	388677	101927151	29057	80039	26220	105376121	285074	100133036	352954
brainseq__caudate_sczd__M008	56928	9020	55692	29116	51188	22955	65980	9877	57143	27107	8891	79658	54556	55421	119	55094	5663	56605	79822	55857	57192	55072	3717	7593	83874	10521	11020	1033	5687	10139	58189	23059	5934	26015	9141	208	2639	57794	7036	8453	2584	90410	10227	1075	26973	79676	1967	604	4358	374291	10190	22868	55717	51123	10987	59342	11130	540	10426	8021	4357	863	261734	84240	10489	55556	9633	51164	84246	51520	79587	22796	79139	51496	51008	54509	51651	432	162427	90378	57657	9391	11159	7873	9140	2631	91782	54801	472	220064	3606	81894	23426	51001	776	10311	83440	7773	83858	3689	9673	5745	467	165055	55356	91869	51368	4886	6621	56339	55897	51755	144097	132158	22847	85476	55308	136	3752	2110	79736	55304	1106	148014	388403	1466	79836	375757	254531	197322	9632	54503	255082	57184	6879	285908	157695	4947	3059	84622	55783	400410	575	55666	26276	758	374407	57697	84527	90592	6334	3482	79027	56882	6120	6687	26275	65992	89894	374900	9874	10455	7150	1756	85026	55777	84501	10215	81890	644246	7866	60493	101060691	400619	146542	100996342	654841	101927924	101927248	344595	145837	440288	100289230	100131089	56138	93668	100506844	388021	791114	100506070	105371286	100130950	100505797	105372476	100507567	112268241	2904	56101	102724488	285266	101928469	105370203	107985115	255812	101929780	337875	641977	595101
brainseq__caudate_sczd__M009	889	3980	7756	695	8635	23101	6882	7629	3735	60487	8518	54916	5134	4140	56915	7319	83737	1540	8761	4345	23256	55632	4507	8045	4522	9252	8480	51654	11279	9688	56942	23322	10391	6625	2821	57589	10539	9211	9400	56341	10767	9896	2030	9450	9555	3274	56954	64689	51011	2820	55120	58512	60672	84251	55051	51004	80298	311	3181	79809	8675	55831	54776	22826	147965	9026	23167	51540	54496	7014	79022	1840	6326	10006	5530	81614	5373	1213	5778	64969	132001	115286	6715	64777	79618	80142	92170	1456	26272	152789	23461	80746	118980	6156	57805	56683	11267	3141	84221	91010	7805	9077	64769	138311	122509	113201	9665	222950	201191	137695	51362	3187	26156	163255	719	57659	170506	169841	8607	7694	3291	51078	80324	2918	22827	94039	79598	1397	2825	115560	64170	729967	7390	441191	342132	54834	51284	83875	6136	440295	100130311	280636	50840	6150	4636	112597	100506392	100506930	285958	8341	10432	56097	4671	10330	110091775	23380	101929733	11072	6871
brainseq__caudate_sczd__M010	9716	84649	3422	51447	51150	83746	79609	55738	81502	412	51172	6650	10382	284352	11140	10567	1628	56654	2648	29098	10891	3312	1108	5917	10915	10297	10459	97	23093	2914	79902	80818	7389	84286	79057	54958	9584	126299	5786	8471	79572	55082	2317	9238	91978	6726	58477	92345	775	10873	9481	755	23114	114625	63891	26130	23203	23423	81565	54541	93380	26115	7064	254102	125988	283417	2580	80169	7681	128553	29796	3297	4501	10772	51466	83694	4860	140467	339453	6494	100506714	105376736	378805	100874094	101937451	149013	112398	283683
brainseq__caudate_sczd__M011	4057	1117	10610	9576	828	8701	1842	84223	26150	2302	341883	4922	84125	84332	301	22915	85478	319089	91807	79819	160492	130540	375307	55567	127733	151651	133923	84624	136288	219681	83659	200403	3185	143162	220136	201625	80122	144809	3753	146802	80258	387885	440585	257177	401124	196385	255119	9182	402160	25790	100133941
