cohort,region,method,seed,module_a,module_b,gene_jaccard,reproducible,age_effect_a,age_effect_b,age_p_a,age_p_b,sign_concordant,both_age_sig,driver_jaccard,driver_gene_jaccard,n_shared_genes,driver_gene_overlap,driver_gene_hyp_p,driver_load_rho,driver_load_p,n_shared_importance
brainseq,caudate,isograph,0,M000,M001,0.5219594594594594,True,0.25348075083303817,0.24145270578819414,0.0054101424808215386,0.008159513644316642,True,True,0.1111111111111111,0.1111111111111111,927,1,0.0032362459546925564,0.8485526673254256,5.312238387982585e-101,360
brainseq,caudate,isograph,0,M002,M002,0.4825474586650337,True,-0.08347213475209325,0.028143161622462783,0.3667708883469443,0.7612609927400518,False,False,0.25,0.25,788,2,9.674985003773244e-06,0.8303189841944365,1.6683154168869424e-56,217
brainseq,caudate,isograph,0,M003,M003,0.31961471103327493,True,-0.05595081588611041,-0.05678596859867293,0.5455892916753311,0.5395996898263631,True,False,0.25,0.25,365,2,4.516031913292188e-05,0.6016227530564444,7.517380796402293e-35,340
brainseq,caudate,isograph,0,M005,M006,0.30307467057101023,True,-0.18270185038012518,-0.08716009340595658,0.04672578218922797,0.34590414187231816,True,False,0.0,0.0,207,0,,0.8616914471070709,1.1874731284220202e-13,43
brainseq,caudate,isograph,0,M001,M000,0.29887745556594947,True,0.13257380267519236,0.1584191989764357,0.15063368897198007,0.08528847790793656,True,False,0.0,0.0,639,0,1.0,0.645278839246774,5.984026221458515e-47,387
brainseq,caudate,isograph,0,M007,M005,0.23985239852398524,False,0.03609164380536091,0.12044865447001415,0.6967697929975105,0.19195187151281998,True,False,0.0,0.0,130,0,,0.3455880435441437,5.648037206854373e-05,130
brainseq,caudate,isograph,0,M006,M004,0.18845700824499412,False,0.07857347985563051,0.05165463810213665,0.3956574302260809,0.5769055212977982,True,False,0.0,0.0,160,0,,0.43892183126763,7.151264873290401e-09,159
brainseq,caudate,isograph,0,M004,M000,0.1729135432283858,False,0.1276816233230714,0.1584191989764357,0.16641630431180102,0.08528847790793656,True,False,0.1111111111111111,0.1111111111111111,346,1,0.002890173410404624,0.8094008813078526,9.929176383585508e-76,321
brainseq,caudate,isograph,0,M008,M007,0.09482758620689655,False,0.116256380153996,-0.0615225779339097,0.20799593697457186,0.5062563883407267,False,False,0.1111111111111111,0.1111111111111111,55,1,0.03636363636363636,0.8167186434914704,8.939305215666491e-14,53
brainseq,caudate,isograph,0,M009,M007,0.07908611599297012,False,-0.1769124355503462,-0.0615225779339097,0.054263543936009274,0.5062563883407267,True,False,0.0,0.0,45,0,,0.8750453723510734,6.233743917227842e-12,35
brainseq,caudate,isograph,0,M011,M004,0.06048387096774194,False,-0.004946918926265998,0.05165463810213665,0.957417010329142,0.5769055212977982,False,False,0.0,0.0,45,0,,0.4992081251194091,0.00048151178956970975,45
brainseq,caudate,isograph,0,M010,M008,0.05405405405405406,False,-0.061141929035233175,0.020212091439551307,0.5088958584846228,0.8272866464752668,False,False,0.1111111111111111,0.1111111111111111,24,1,0.04166666666666667,0.7586056644880174,1.738243973939948e-05,24
brainseq,caudate,isograph,0,M014,M005,0.05241090146750524,False,-0.15571443628534762,0.12044865447001415,0.09082809293528198,0.19195187151281998,False,False,0.1111111111111111,0.1111111111111111,25,1,0.08,0.5092102073291909,0.009328382654653094,25
brainseq,caudate,isograph,0,M012,M010,0.04020100502512563,False,-0.012940712568596299,0.01960422685699445,0.8889110188870496,0.8324036052874011,False,False,0.0,0.0,8,0,,0.8024095954818835,0.01654072280067719,8
brainseq,caudate,isograph,0,M018,M013,0.03389830508474576,False,-0.24490578928913212,-0.04197300663000474,0.00726566683254216,0.6503771594143611,True,False,0.1111111111111111,0.1111111111111111,2,1,1.0,,,2
brainseq,caudate,isograph,0,M017,M003,0.027972027972027972,False,-0.10601137770627188,-0.05678596859867293,0.25118423105065757,0.5395996898263631,True,False,0.0,0.0,20,0,,,,2
brainseq,caudate,isograph,0,M013,M011,0.026845637583892617,False,-0.07397552498910831,0.008880574720083625,0.4239680109283772,0.9236357640600121,False,False,0.0,0.0,4,0,,,,4
brainseq,caudate,isograph,0,M016,M010,0.024390243902439025,False,0.11033336738508452,0.01960422685699445,0.23226620246427657,0.8324036052874011,True,False,0.0,0.0,4,0,,,,4
brainseq,caudate,isograph,0,M015,M010,0.0223463687150838,False,-0.10625412994190492,0.01960422685699445,0.2500943372499969,0.8324036052874011,False,False,0.0,0.0,4,0,,,,4
brainseq,caudate,isograph,1,M001,M000,0.5475923852183651,True,0.2607099440782769,0.2481953360062762,0.004187403552896061,0.006495963933324659,True,True,0.0,0.0,978,0,,0.847925317313267,1.221717479771543e-102,367
brainseq,caudate,isograph,1,M002,M002,0.4475330090340514,True,0.03142223128861323,-0.04393154051984396,0.7344276140001864,0.6352095696458705,False,False,0.1111111111111111,0.1111111111111111,644,1,0.0015527950310559005,0.8294711849894489,5.875809256007463e-36,137
brainseq,caudate,isograph,1,M007,M007,0.4028103044496487,True,-0.10185828475923558,-0.16512510681226925,0.2703382330181741,0.07271274093306944,True,False,0.0,0.0,172,0,,0.6125350543470716,0.0001942721270295033,32
brainseq,caudate,isograph,1,M003,M003,0.3190348525469169,True,-0.06613549621735777,-0.004241585864917256,0.4748433632026911,0.9634839704507031,True,False,0.25,0.25,357,2,4.7209895194032666e-05,0.5249728333800274,6.5408691949658e-25,332
brainseq,caudate,isograph,1,M000,M001,0.2672658467360454,True,0.12494363486460269,0.1813676408268815,0.17576848759194658,0.04838091655310849,True,False,0.1111111111111111,0.1111111111111111,565,1,0.005309734513274337,0.7101208701211902,9.677013327332501e-56,355
brainseq,caudate,isograph,1,M005,M006,0.1969465648854962,False,0.023440851816841694,-0.037391391324811084,0.8002333016101526,0.6864129432462114,False,False,0.1111111111111111,0.1111111111111111,129,1,0.007751937984496123,0.6953066149172172,8.534415420051911e-20,128
brainseq,caudate,isograph,1,M006,M010,0.19047619047619047,False,-0.058001505644851965,0.08587169478295548,0.5309405064045968,0.35310752986279714,False,False,0.0,0.0,92,0,,0.5030392136099404,3.2150554691999156e-07,92
brainseq,caudate,isograph,1,M009,M011,0.10658307210031348,False,0.12214180142996948,0.06386933031992949,0.18573353853702074,0.490142021407228,True,False,0.0,0.0,34,0,,0.5230716000037622,0.0015031080045734568,34
brainseq,caudate,isograph,1,M004,M008,0.0948905109489051,False,0.01084352541318408,-0.020674405903173786,0.906825381587493,0.8233997455673824,False,False,0.0,0.0,65,0,,0.8205488291387676,5.815180741197386e-16,61
brainseq,caudate,isograph,1,M010,M011,0.06923076923076923,False,-0.031045940595543067,0.06386933031992949,0.7374913724771107,0.490142021407228,False,False,0.0,0.0,18,0,,0.4856538765946368,0.04103112555638346,18
brainseq,caudate,isograph,1,M008,M009,0.06846473029045644,False,-0.027851690685244124,0.013065039605492365,0.763660477789724,0.8878506716857177,False,False,0.1111111111111111,0.1111111111111111,33,1,0.030303030303030304,0.7342534735576318,1.1528322958309806e-06,33
brainseq,caudate,isograph,1,M011,M004,0.02021563342318059,False,0.3041772347292798,0.14773451439839777,0.0007703928612227113,0.10884777676866134,True,False,0.0,0.0,15,0,,0.6427299406774214,0.009759079554869233,15
brainseq,caudate,isograph,1,M012,M019,0.017241379310344827,False,0.17516319340457226,-0.022366834561942855,0.05672881538414319,0.809207809817796,False,False,0.0,0.0,1,0,,,,1
brainseq,caudate,isograph,1,M013,M018,0.016129032258064516,False,-0.06668552089553133,-0.16074404603385697,0.47116962507661825,0.080745489210617,True,False,0.1111111111111111,0.1111111111111111,1,1,1.0,,,1
brainseq,caudate,isograph,2,M001,M001,0.48367029548989116,True,0.18006630245984173,0.3384397366357674,0.05004181071839511,0.00016675236659195053,True,False,0.0,0.0,933,0,1.0,0.8862141407867579,4.6823762471902544e-132,391
brainseq,caudate,isograph,2,M000,M002,0.48201438848920863,True,0.1121292264288013,-0.11479630415660634,0.2247067541820364,0.2138029796345779,False,False,0.25,0.25,804,2,9.293507555621642e-06,0.8174029988659662,8.284837512097374e-56,227
brainseq,caudate,isograph,2,M006,M006,0.28171334431630973,True,0.026802624605527466,0.059175364136397075,0.7723151460408207,0.5226448112979555,True,False,0.0,0.0,171,0,1.0,0.5769493636716693,1.46899196832632e-16,171
brainseq,caudate,isograph,2,M004,M007,0.2552594670406732,True,-0.048442865003106975,-0.23140554475215724,0.6008499434295853,0.011336251228573764,True,False,0.0,0.0,182,0,,0.8800458376178735,3.6078952358360555e-15,44
brainseq,caudate,isograph,2,M005,M003,0.24524714828897337,False,-0.052008147249028296,-0.07424508572939502,0.5742973969529096,0.42227667725831797,True,False,0.25,0.25,258,2,9.04895484571532e-05,0.5928858927831506,4.016598824625022e-25,250
brainseq,caudate,isograph,2,M002,M000,0.23836969946480033,False,0.055558564112515196,0.25104420881666817,0.5484136606929044,0.005888803660398488,True,False,0.0,0.0,579,0,1.0,0.6491094793005426,2.157447440196295e-53,435
brainseq,caudate,isograph,2,M007,M004,0.18932655654383734,False,0.029791338396881896,-0.04411783421062939,0.7477358795332913,0.6337745553691856,False,False,0.25,0.25,149,2,0.00027208416470161435,0.5078108409135077,3.8372315552617516e-11,149
brainseq,caudate,isograph,2,M003,M000,0.17323187108325871,False,0.18183443518751036,0.25104420881666817,0.04779639820251304,0.005888803660398488,True,True,0.25,0.25,387,2,1.3388493928318003e-05,0.7643416436700815,6.266349473971533e-72,369
brainseq,caudate,isograph,2,M008,M006,0.06162464985994398,False,-0.11422751218016422,0.059175364136397075,0.2160961510847111,0.5226448112979555,False,False,0.0,0.0,44,0,,0.791862168710783,1.5422542178086641e-10,44
brainseq,caudate,isograph,2,M009,M009,0.05371900826446281,False,0.04845757830314962,0.051865124754127565,0.6007392488153867,0.5753519263401531,True,False,0.0,0.0,26,0,,0.865068493150685,1.1871338423350175e-08,26
brainseq,caudate,isograph,2,M011,M000,0.044147843942505136,False,-0.259960156250564,0.25104420881666817,0.004301563314471622,0.005888803660398488,False,True,0.0,0.0,86,0,,0.7500000000000002,0.0521814004570578,7
brainseq,caudate,isograph,2,M010,M004,0.03758389261744966,False,-0.029642511602111902,-0.04411783421062939,0.7489540940302603,0.6337745553691856,True,False,0.0,0.0,28,0,,0.8979711231089071,9.215679249346785e-11,28
brainseq,caudate,isograph,2,M012,M016,0.028985507246376812,False,0.146371514165147,-0.1414335795108698,0.11218722568461069,0.12495677823901138,False,False,0.0,0.0,2,0,,,,2
brainseq,caudate,isograph,3,M000,M001,0.5500544069640914,True,0.2382302646923189,0.2744366286546635,0.009079897683034936,0.0025247128148051198,True,True,0.1111111111111111,0.1111111111111111,1011,1,0.003954520081088227,0.8408031107988119,1.6101437853042053e-102,379
brainseq,caudate,isograph,3,M002,M002,0.48832807570977915,True,0.03701596708028167,-0.05613720297558344,0.689398595026433,0.5442497314360598,False,False,0.1111111111111111,0.1111111111111111,774,1,0.0012919896640826872,0.8530510303336879,9.924083089968282e-53,182
brainseq,caudate,isograph,3,M001,M000,0.31786862655029857,True,0.1537755123164383,0.10322667668155863,0.09497215211494864,0.26392100934759266,True,False,0.0,0.0,692,0,1.0,0.6459109289018341,4.520342495073438e-51,421
brainseq,caudate,isograph,3,M004,M003,0.29626168224299065,True,-0.08281294819042392,-0.11132353521642428,0.3705805879439845,0.22807646851080457,True,False,0.25,0.25,317,2,1.9965659066405783e-05,0.5881355455994709,1.4661990655310363e-28,292
brainseq,caudate,isograph,3,M005,M008,0.2536873156342183,True,-0.08668685597892706,-0.1993131546333998,0.3485391832165898,0.029768773739447803,True,False,0.1111111111111111,0.1111111111111111,172,1,0.01744186046511628,0.6375621283947897,0.00015095654901672186,30
brainseq,caudate,isograph,3,M007,M007,0.20174165457184326,False,0.009961668443487254,-0.019359769034893944,0.91437281199877,0.8344634239602916,False,False,0.0,0.0,139,0,,0.4026185843875821,8.945646025501391e-07,139
brainseq,caudate,isograph,3,M003,M000,0.18204868154158216,False,0.2489317536788169,0.10322667668155863,0.00633391194835617,0.26392100934759266,True,False,0.1111111111111111,0.1111111111111111,359,1,0.005571030640668524,0.8454524020839755,1.0037715929244462e-89,324
brainseq,caudate,isograph,3,M006,M005,0.1664779161947905,False,0.0953195395086957,-0.12207539396244296,0.3024526765367926,0.18597462558481823,False,False,0.25,0.25,147,2,9.318796011555308e-05,0.49654773061472035,1.5921462172972843e-10,147
brainseq,caudate,isograph,3,M008,M006,0.08903225806451613,False,0.13341583341435695,0.007727818126644647,0.14803480143336187,0.9335239762917193,True,False,0.1111111111111111,0.1111111111111111,69,1,0.014492753623188408,0.9421393150810913,1.4637247757821887e-32,67
brainseq,caudate,isograph,3,M009,M002,0.002654867256637168,False,0.18931023913519168,-0.05613720297558344,0.039206051254229254,0.5442497314360598,False,False,0.0,0.0,3,0,,,,2
brainseq,caudate,isograph,4,M001,M000,0.5425079702444209,True,0.2202566842112727,0.27292248420391124,0.016084476864486833,0.002673015845686715,True,True,0.1111111111111111,0.1111111111111111,1021,1,0.002938295788442703,0.8334827332439956,1.1179655594559968e-99,381
brainseq,caudate,isograph,4,M002,M001,0.44731977818853974,True,0.002154038289228437,0.0035174623838492747,0.9814510290139078,0.9697147260595073,True,False,0.1111111111111111,0.1111111111111111,726,1,0.0055058421202621825,0.7829191016280151,7.489271647509566e-42,196
brainseq,caudate,isograph,4,M006,M005,0.34276729559748426,True,-0.11509254281147854,-0.1530655016827285,0.21261553549156542,0.09652653485198663,True,False,0.0,0.0,218,0,,0.8699207060682671,6.692705221393156e-18,55
brainseq,caudate,isograph,4,M003,M004,0.23152337858220212,False,-0.018647542463545306,-0.05549393369223978,0.8404710406789524,0.548879708524443,True,False,0.1111111111111111,0.1111111111111111,307,1,0.003257328990228013,0.288281458649056,3.438923176035221e-07,302
brainseq,caudate,isograph,4,M000,M002,0.21302058401148874,False,0.1785183633591476,0.0779800195591504,0.05207860001082429,0.39924678610062536,True,False,0.0,0.0,445,0,,0.664563065731306,4.5420013122263466e-38,288
brainseq,caudate,isograph,4,M004,M008,0.14775725593667546,False,0.007703793746086341,0.038462078441335486,0.9337301676723656,0.6779246732785209,True,False,0.0,0.0,112,0,,0.4465131238597889,8.029016852910791e-07,112
brainseq,caudate,isograph,4,M005,M004,0.14080944350758853,False,-0.049624657934066424,-0.05549393369223978,0.5919879436135609,0.548879708524443,True,False,0.1111111111111111,0.1111111111111111,167,1,0.011976047904191616,0.8799039172961384,8.175576483967276e-45,135
brainseq,caudate,isograph,4,M009,M002,0.10741138560687433,False,-0.11831681976097615,0.0779800195591504,0.19999450208551942,0.39924678610062536,False,False,0.0,0.0,100,0,,0.9024390243902439,0.002154947234977952,8
brainseq,caudate,isograph,4,M008,M014,0.050980392156862744,False,0.012636259742603677,0.12748030586052697,0.8915084286349514,0.16709110651263623,True,False,0.0,0.0,13,0,,0.14433756729740646,0.6380294724371058,13
brainseq,caudate,isograph,4,M007,M006,0.048558421851289835,False,0.06022442471429343,0.007312064388788685,0.5152870899154126,0.9370928291151424,True,False,0.1111111111111111,0.1111111111111111,32,1,0.03125,0.8830592316163305,4.8771512763602913e-11,31
brainseq,caudate,isograph,4,M010,M012,0.024242424242424242,False,0.040270895917563436,-0.013960216587559235,0.6636763218871955,0.8802219419804395,False,False,0.0,0.0,4,0,,,,4
brainseq,caudate,wgcna,0,M025,M024,0.85,True,0.00708094884231846,-0.03005616436865215,0.9390772818117482,0.7455696981952213,False,False,0.6666666666666666,0.6666666666666666,34,4,0.0005246966821919383,0.9201483795392426,7.656260031580469e-11,25
brainseq,caudate,wgcna,0,M018,M014,0.7038834951456311,True,0.015156442901394363,0.002121616130717318,0.870044884391636,0.9817301759188203,True,False,0.0,0.0,145,0,,,,3
brainseq,caudate,wgcna,0,M012,M012,0.6278195488721805,True,-0.09790757671518252,0.026301161996974028,0.289454295508263,0.7764621227892529,False,False,0.1111111111111111,0.1111111111111111,167,1,0.08766913052318143,0.7687418202560314,3.189863140290393e-26,128
brainseq,caudate,wgcna,0,M005,M006,0.5844559585492228,True,-0.002929456654953833,0.2191997134189917,0.974775610091268,0.016613464725675486,False,False,0.1111111111111111,0.1111111111111111,564,1,0.021163355833825673,0.7923586938784808,1.2285025306124906e-81,373
brainseq,caudate,wgcna,0,M002,M003,0.5369565217391304,True,0.14634935035569846,-0.06538648569311187,0.11224218022849486,0.4798710341462188,False,False,0.1111111111111111,0.1111111111111111,1482,1,0.006064675295102816,0.8164677732234761,9.207054705128236e-257,1069
brainseq,caudate,wgcna,0,M021,M017,0.5,True,0.01949606842850345,0.20121096140482983,0.8333148165215634,0.028215480941544992,True,False,0.0,0.0,93,0,1.0,0.7745620804060369,1.4769786822140262e-14,67
brainseq,caudate,wgcna,0,M001,M002,0.4829607119600608,True,-0.13553838262487197,-0.003575137980798615,0.14163384127366752,0.9692183817350983,True,False,0.42857142857142855,0.42857142857142855,2225,3,5.4544000699908615e-09,0.8461759019137197,0.0,1419
brainseq,caudate,wgcna,0,M017,M015,0.4388185654008439,True,-0.11068294735294124,-0.07428926470753384,0.23078089721047257,0.42199985314734395,True,False,0.1111111111111111,0.1111111111111111,104,1,0.028846153846153844,0.8846502927360397,6.996334227125846e-22,63
brainseq,caudate,wgcna,0,M000,M000,0.38501840838289436,True,0.2663575487308616,0.22242857779303027,0.0034110995032682907,0.015043194750653207,True,True,0.1111111111111111,0.1111111111111111,2719,1,0.005874778570151783,0.8377204117239337,0.0,1716
brainseq,caudate,wgcna,0,M010,M008,0.36122448979591837,True,-0.03446035063463343,0.207693717678894,0.7098476912604299,0.023418886513807937,False,False,0.0,0.0,177,0,,0.6896045562804118,1.1151034145368544e-16,109
brainseq,caudate,wgcna,0,M006,M009,0.35276073619631904,True,0.05288336294973994,0.21835758003751302,0.5678640398819833,0.01704566230794894,True,False,0.25,0.25,230,2,0.0006795039621076614,0.8931597565110853,3.181656059690652e-53,150
brainseq,caudate,wgcna,0,M004,M004,0.30086690464048954,True,0.07122409857695595,0.12411321853961489,0.44145391525890154,0.17868000950776797,True,False,0.25,0.25,590,2,0.00010335923382618853,0.8230714139294073,5.714971539582583e-107,429
brainseq,caudate,wgcna,0,M019,M011,0.25382262996941896,True,0.1415374578181503,0.11130809418548297,0.1246770948168413,0.22814139407510026,True,False,0.1111111111111111,0.1111111111111111,83,1,0.047898912724066996,0.8788856852764094,2.679743489226906e-20,60
brainseq,caudate,wgcna,0,M007,M007,0.25028968713789107,True,-0.04510526784349907,-0.04899005631322018,0.626191173237562,0.5967393209436093,True,False,0.25,0.25,216,2,4.3066322136089577e-05,0.8522155352717596,1.1874186181373356e-40,140
brainseq,caudate,wgcna,0,M023,M019,0.21739130434782608,False,-0.010727194737973095,0.21153042310224265,0.9078205446345501,0.020923335509042594,False,False,0.25,0.25,30,2,0.01379310344827586,0.6749311294765841,0.011374306840046363,13
brainseq,caudate,wgcna,0,M015,M023,0.1989795918367347,False,-0.06419633623074807,0.0063769209738191055,0.48791840428241434,0.9451246043084919,False,False,0.0,0.0,39,0,,0.9252075688842375,7.241797231043659e-10,22
brainseq,caudate,wgcna,0,M014,M007,0.15351506456241032,False,0.05616524904951008,-0.04899005631322018,0.5440483046601341,0.5967393209436093,False,False,0.25,0.25,107,2,0.0010580144595309468,0.8434068038374203,9.592410281131216e-20,69
brainseq,caudate,wgcna,0,M016,M019,0.1510204081632653,False,0.0487523301831248,0.21153042310224265,0.598523620293522,0.020923335509042594,True,False,0.1111111111111111,0.1111111111111111,37,1,0.05405405405405406,0.9021406727828746,1.7169664422322674e-09,24
brainseq,caudate,wgcna,0,M009,M018,0.14492753623188406,False,0.05794949483483686,0.03478916937354864,0.5313095882090741,0.7072046421837935,True,False,0.25,0.25,60,2,0.0033898305084745766,0.84258612783146,1.6953549822850477e-14,50
brainseq,caudate,wgcna,0,M008,M004,0.13756906077348066,False,0.010244990908681903,0.12411321853961489,0.911947114312446,0.17868000950776797,True,False,0.0,0.0,249,0,1.0,0.8206169616964027,3.636778999173057e-43,172
brainseq,caudate,wgcna,0,M003,M000,0.13587628865979381,False,0.17253932335111205,0.22242857779303027,0.06059858619080459,0.015043194750653207,True,False,0.1111111111111111,0.1111111111111111,659,1,0.007587253414264037,0.8190849949359068,3.067919118571375e-123,504
brainseq,caudate,wgcna,0,M022,M016,0.09803921568627451,False,-0.1007434956763602,-0.1153595373367306,0.27564360123597614,0.21154934845089732,True,False,0.0,0.0,20,0,,0.44294603334380195,0.12955491347444903,13
brainseq,caudate,wgcna,0,M013,M013,0.05223880597014925,False,0.10235162556564398,0.24731003323439882,0.26801259226857793,0.006695643957108325,True,False,0.0,0.0,21,0,,0.5978027175681002,0.006866840091925727,19
brainseq,caudate,wgcna,0,M011,M000,0.025454545454545455,False,0.0895304478639112,0.22242857779303027,0.3328949799120782,0.015043194750653207,True,False,0.0,0.0,112,0,,0.8260693860610127,1.2212836141290411e-24,94
brainseq,caudate,wgcna,0,M020,M011,0.0234375,False,0.15180698628441552,0.11130809418548297,0.09933102006925727,0.22814139407510026,True,False,0.0,0.0,9,0,,0.9636363636363636,0.00047490737207652996,7
brainseq,caudate,wgcna,0,M024,M004,0.014625228519195612,False,-0.350556252805762,0.12411321853961489,9.285831336758748e-05,0.17868000950776797,False,False,0.0,0.0,24,0,,0.9363262591049824,2.833399831798121e-07,15
brainseq,caudate,wgcna,1,M023,M018,0.9714285714285714,True,-0.05189571999150408,0.012694119091356338,0.5751262664767172,0.8910147179077825,False,False,0.6666666666666666,0.6666666666666666,34,4,0.0005246966821919383,0.7536985520738275,1.3618136153789107e-05,25
brainseq,caudate,wgcna,1,M001,M001,0.6905829596412556,True,-0.03329726798080127,-0.070307274495257,0.7192240574642483,0.4473698326660869,True,False,0.42857142857142855,0.42857142857142855,3080,3,2.0535186502759825e-08,0.8156038361861376,0.0,1947
brainseq,caudate,wgcna,1,M009,M009,0.6717557251908397,True,-0.04707702744226097,0.06417659683561604,0.6111650765378488,0.48805247823746994,False,False,0.0,0.1111111111111111,264,1,0.07404243397405497,0.7739940314159377,1.4800938236390623e-42,207
brainseq,caudate,wgcna,1,M015,M013,0.597457627118644,True,0.04646548050432617,-0.020248538035502237,0.6158085935345496,0.8269800693499033,False,False,0.1111111111111111,0.1111111111111111,141,1,0.028368794326241138,,,4
brainseq,caudate,wgcna,1,M000,M000,0.5836607505758027,True,0.2845059700990167,0.2795484116124017,0.0017132465250537425,0.002077296160600765,True,True,0.25,0.25,4308,2,6.461407486987532e-06,0.807584357460956,0.0,2730
brainseq,caudate,wgcna,1,M004,M005,0.5350140056022409,True,-0.005225018904854347,0.22320961040779025,0.9550255682890266,0.014683337771929227,False,False,0.25,0.25,573,2,0.0001095813255980502,0.7256512805174505,1.0093542711956048e-61,370
brainseq,caudate,wgcna,1,M013,M014,0.5309090909090909,True,-0.06883655732316368,-0.035524614051647224,0.45695209920032187,0.7013057631675974,True,False,0.1111111111111111,0.1111111111111111,146,1,0.006849315068493151,0.8558138609786095,2.39858304213565e-26,88
brainseq,caudate,wgcna,1,M003,M002,0.39443699731903487,True,-0.05206621543517726,0.08354372040573572,0.573869508214578,0.3663586225010341,False,False,0.1111111111111111,0.1111111111111111,1177,1,0.0025488530161427354,0.824461894454179,3.965908121489916e-211,847
brainseq,caudate,wgcna,1,M002,M004,0.33258845437616386,True,0.20136288713370176,0.013982850803323291,0.028094171295772484,0.8800291915379744,True,False,0.25,0.25,893,2,1.5064854197319459e-05,0.8141292834386464,4.727731980118077e-143,599
brainseq,caudate,wgcna,1,M010,M011,0.3261455525606469,True,0.020097850407130816,-0.018716516393404638,0.8282477737164866,0.8398888398698816,False,False,0.0,0.0,121,0,1.0,0.7534946691989981,1.3419531025022512e-16,84
brainseq,caudate,wgcna,1,M005,M007,0.32229580573951433,True,-0.15507549682900845,-0.04086463275215944,0.09217753469148898,0.6590250988251022,True,False,0.25,0.25,292,2,0.00014122299110295154,0.8213664062715285,9.782442351657783e-47,186
brainseq,caudate,wgcna,1,M014,M016,0.2892561983471074,True,0.2833779426149347,0.09936136791931181,0.001790573928697835,0.2823180114385416,True,False,0.1111111111111111,0.1111111111111111,70,1,0.08447204968944097,0.8719487161851724,1.926520409991126e-17,53
brainseq,caudate,wgcna,1,M011,M006,0.2760989010989011,True,0.1083412918157247,0.046415060383048566,0.24085800684293235,0.6161921186509729,True,False,0.25,0.25,201,2,0.0004975124378109452,0.7560085628271932,5.459864409735409e-27,139
brainseq,caudate,wgcna,1,M008,M008,0.2604166666666667,True,0.07843247938976225,0.1117067929630858,0.39650847894380176,0.22646913023966403,True,False,0.0,0.0,175,0,,0.7523566513044844,6.471105574241677e-19,97
brainseq,caudate,wgcna,1,M012,M017,0.23809523809523808,False,-0.00676152267142013,-0.21793044487227187,0.9418206180255224,0.017268573962674366,True,False,0.42857142857142855,0.42857142857142855,70,3,0.0001826817683595177,0.767982765610111,1.8867792692528854e-10,48
brainseq,caudate,wgcna,1,M007,M010,0.23039215686274508,False,0.14404144712259948,0.2579103999461703,0.11808011817919084,0.00462799905559007,True,False,0.1111111111111111,0.1111111111111111,141,1,0.028368794326241134,0.8800461470396729,3.027194289843809e-42,127
brainseq,caudate,wgcna,1,M019,M013,0.16058394160583941,False,0.028552724029381638,-0.020248538035502237,0.7578931707065024,0.8269800693499033,False,False,0.1111111111111111,0.1111111111111111,44,1,0.06818181818181818,0.851003212015641,2.6602669742290125e-07,23
brainseq,caudate,wgcna,1,M016,M012,0.09117647058823529,False,0.06428218054518312,0.22779435380980248,0.48733556058760547,0.012718273248359174,True,False,0.1111111111111111,0.1111111111111111,31,1,0.12688172043010754,0.824831133056079,1.2119431480355278e-07,27
brainseq,caudate,wgcna,1,M017,M008,0.07867494824016563,False,0.0767582401726736,0.1117067929630858,0.40669695438228526,0.22646913023966403,True,False,0.1111111111111111,0.1111111111111111,38,1,0.026315789473684213,0.7279412929105016,0.00012293579224331635,22
brainseq,caudate,wgcna,1,M006,M002,0.06541019955654102,False,0.04886350013355089,0.08354372040573572,0.5976889153318267,0.3663586225010341,True,False,0.0,0.0,177,0,,0.7885684369507542,2.5706892296273353e-27,123
brainseq,caudate,wgcna,1,M021,M005,0.04881101376720901,False,0.1358220450892773,0.22320961040779025,0.14079455200481703,0.014683337771929227,True,False,0.0,0.0,39,0,,0.6259233185079528,3.4249219879302466e-05,37
brainseq,caudate,wgcna,1,M018,M007,0.04484304932735426,False,-0.13494232757956617,-0.04086463275215944,0.14340978115116812,0.6590250988251022,True,False,0.0,0.0,30,0,,0.9011505785372828,3.3480608068670924e-07,18
brainseq,caudate,wgcna,1,M022,M014,0.021660649819494584,False,0.05864674939470386,-0.035524614051647224,0.5263723983757572,0.7013057631675974,False,False,0.1111111111111111,0.1111111111111111,6,1,0.16666666666666669,,,4
brainseq,caudate,wgcna,1,M020,M001,0.013528437327443401,False,-0.02690643124159351,-0.070307274495257,0.7714574868941397,0.4473698326660869,True,False,0.0,0.0,49,0,,0.7710765769017608,3.8525029424641405e-07,31
brainseq,caudate,wgcna,2,M025,M026,0.9444444444444444,True,-0.09225494232156509,0.05215698259477652,0.3183327477924723,0.5732009684214233,False,False,0.6666666666666666,0.6666666666666666,34,4,0.0005246966821919383,0.9011205206547904,8.127673227155405e-10,25
brainseq,caudate,wgcna,2,M017,M017,0.8100558659217877,True,-0.008209272557431934,-0.002345185285836582,0.9293927972066953,0.9798053465194503,True,False,0.0,0.1111111111111111,145,1,0.013793103448275862,,,3
brainseq,caudate,wgcna,2,M003,M002,0.5544802867383513,True,-0.16265969157145144,0.17534346120122307,0.07714969921139186,0.056470579320398284,False,False,0.1111111111111111,0.1111111111111111,1547,1,0.0038759657510133126,0.8056779459948119,7.352549723012599e-248,1082
brainseq,caudate,wgcna,2,M015,M012,0.5397923875432526,True,-0.0076800675439385735,-0.07007376597940146,0.9339338042178952,0.44888365247601325,True,False,0.0,0.0,156,0,1.0,0.802971906246639,1.6306709116041266e-28,121
brainseq,caudate,wgcna,2,M000,M000,0.5368103601206315,True,0.12238493629585996,0.3707009797098607,0.18485280306387836,3.324135237863296e-05,True,False,0.25,0.25,3026,2,3.9311233206564576e-06,0.8282310945363581,0.0,2003
brainseq,caudate,wgcna,2,M006,M004,0.5113350125944585,True,-0.008432253710345323,0.22655414653551897,0.9274801094237916,0.013225750057734966,False,False,0.1111111111111111,0.1111111111111111,609,1,0.0163663469017371,0.7188685677256222,3.744550729353796e-65,402
brainseq,caudate,wgcna,2,M001,M001,0.47466216216216217,True,0.12343866049286263,-0.16833816582402505,0.18107102314177365,0.06724213528969437,False,False,0.25,0.25,2248,2,7.122709415875336e-06,0.8218093672888088,0.0,1453
brainseq,caudate,wgcna,2,M002,M003,0.4412047420698494,True,0.24226228967048435,0.30270404141945606,0.007941654616247561,0.0008195126802196215,True,True,0.42857142857142855,0.42857142857142855,1377,3,3.682807642210028e-08,0.8036694344786016,7.40607623861979e-154,675
brainseq,caudate,wgcna,2,M018,M013,0.4198473282442748,True,-0.08938091693571185,-0.08435593351147189,0.33370631230916836,0.36170104459993985,True,False,0.25,0.25,110,2,0.0014919840607914001,0.7940595943928416,1.7138747423091335e-13,57
brainseq,caudate,wgcna,2,M016,M014,0.40808823529411764,True,0.12720292829745272,0.1190506207832384,0.16802417874255202,0.19719917334039316,True,False,0.0,0.0,111,0,1.0,0.5750255923421798,1.9723956187007174e-08,81
brainseq,caudate,wgcna,2,M010,M011,0.37938144329896906,True,-0.03760562619690444,0.05111441642368136,0.684711347426754,0.5809017862299445,False,False,0.1111111111111111,0.1111111111111111,184,1,0.010869565217391304,0.7317853176536643,1.5524481299380515e-20,115
brainseq,caudate,wgcna,2,M012,M007,0.3446601941747573,True,0.09473135889517723,0.2021164651061799,0.305459438476524,0.02749899289124182,True,False,0.0,0.0,213,0,,0.7599850847482666,9.04165862912718e-25,125
brainseq,caudate,wgcna,2,M007,M006,0.34029227557411273,True,-0.17086795689338197,-0.09137563991209832,0.06317428075683196,0.3229868540824052,True,False,0.1111111111111111,0.1111111111111111,326,1,0.006134969325153374,0.8458855195314697,3.830955782311619e-58,208
brainseq,caudate,wgcna,2,M024,M025,0.30864197530864196,True,-0.005855220152131394,0.013984968793300882,0.9496078429326109,0.8800111553317492,False,False,0.42857142857142855,0.42857142857142855,25,3,0.004347826086956522,0.9647832237024562,2.5526262326226667e-08,14
brainseq,caudate,wgcna,2,M004,M001,0.2796953106403237,True,-0.043929702893054486,-0.16833816582402505,0.6352237315761632,0.06724213528969437,True,False,0.25,0.25,1175,2,8.699119214179563e-06,0.8054085976482542,1.7616866633123456e-165,721
brainseq,caudate,wgcna,2,M013,M010,0.27297297297297296,True,0.01027370447741775,0.03160280379319948,0.9117013246257539,0.7329588697903099,True,False,0.1111111111111111,0.1111111111111111,101,1,0.0198019801980198,0.7456273478656197,4.3212424914894323e-11,56
brainseq,caudate,wgcna,2,M005,M005,0.2728624535315985,True,0.18909583160217758,0.004471023255474596,0.039433044254542374,0.9615102065448686,True,False,0.0,0.0,367,0,1.0,0.7782536932361984,4.357332483174446e-56,270
brainseq,caudate,wgcna,2,M020,M022,0.2571428571428571,True,-0.07461089168160294,-0.03409736047238806,0.41998771590344686,0.7127694164816444,True,False,0.1111111111111111,0.1111111111111111,36,1,0.05555555555555555,0.8962962962962961,2.0839702539869967e-07,19
brainseq,caudate,wgcna,2,M023,M018,0.24183006535947713,False,0.07526447777939338,-0.14379746480787078,0.41591599056088824,0.11871077454214006,False,False,0.1111111111111111,0.1111111111111111,37,1,0.10810810810810811,0.8069136253437971,5.1953609522714706e-05,18
brainseq,caudate,wgcna,2,M019,M008,0.15114235500878734,False,0.05981780570930014,0.09069566118069577,0.5181326503480526,0.32661582367808684,True,False,0.1111111111111111,0.1111111111111111,86,1,0.05813953488372092,0.8618434938704093,9.540561189724119e-19,60
brainseq,caudate,wgcna,2,M008,M016,0.14329268292682926,False,0.11766985973164006,0.04518470524838362,0.20248261538972426,0.6255827811100642,True,False,0.0,0.0,94,0,1.0,0.7954667742392808,4.5979087943530165e-21,91
brainseq,caudate,wgcna,2,M021,M009,0.10822510822510822,False,-0.0104598212913778,0.08959669359801799,0.910108357951992,0.3325359426662816,False,False,0.1111111111111111,0.1111111111111111,50,1,0.08000000000000002,0.8541631502513344,6.785999392797251e-11,35
brainseq,caudate,wgcna,2,M009,M020,0.0931899641577061,False,0.07201961265484876,0.03662868056464748,0.4363568008428109,0.6924835947399296,True,False,0.42857142857142855,0.42857142857142855,52,3,0.00018099547511312214,0.8176225867407464,1.2034399214547046e-10,40
brainseq,caudate,wgcna,2,M011,M025,0.06166219839142091,False,0.05375655396737709,0.013984968793300882,0.5614796935393777,0.8800111553317492,True,False,0.0,0.0,23,0,,0.8725131330037518,1.0409087241845744e-05,16
brainseq,caudate,wgcna,2,M014,M020,0.04716981132075472,False,0.2758685253097005,0.03662868056464748,0.0023913428438334322,0.6924835947399296,True,False,0.0,0.0,15,0,,0.6666736168667458,0.049863973423903855,9
brainseq,caudate,wgcna,2,M022,M007,0.04019292604501608,False,-0.05869227328154526,0.2021164651061799,0.5260508547515546,0.02749899289124182,False,False,0.0,0.0,25,0,,0.8461262755047178,2.5906562892060096e-06,20
brainseq,caudate,wgcna,3,M024,M026,0.8095238095238095,True,0.15063913655194414,-0.12975958726503173,0.10199050331700694,0.15956890983620325,False,False,0.42857142857142855,0.42857142857142855,34,3,0.006361048818354321,0.9244403947125944,4.1438069674913216e-11,25
brainseq,caudate,wgcna,3,M016,M019,0.772972972972973,True,0.013406935038644947,0.018992343132537563,0.884935777223408,0.8375614861260683,True,False,0.25,0.25,143,2,0.00029547916871860535,0.942857142857143,0.004804664723032055,6
brainseq,caudate,wgcna,3,M009,M012,0.6666666666666666,True,-0.009567054442550732,0.0334840323154768,0.9177526523533904,0.7177155714840321,False,False,0.25,0.25,286,2,0.00043959006153224096,0.7074569114075657,1.2119918628673403e-33,213
brainseq,caudate,wgcna,3,M004,M006,0.5763546798029556,True,0.14486147815894201,0.09701428285281248,0.11597946600247605,0.2938982190193281,True,False,0.1111111111111111,0.1111111111111111,585,1,0.010238847910080787,0.7592167229984207,3.4722254599919318e-74,389
brainseq,caudate,wgcna,3,M002,M000,0.4945164506480558,True,0.28480935779904204,0.30382490700267933,0.0016929728745626632,0.0007818884098880529,True,True,0.25,0.25,2480,2,1.169867693301151e-05,0.8030317414479899,1.7665929879493945e-272,1204
brainseq,caudate,wgcna,3,M019,M018,0.47465437788018433,True,-0.055343692384681877,-0.10581616450248978,0.54996383864915,0.2520630569810963,True,False,0.25,0.25,103,2,0.001142204454597373,0.8384624399390601,5.398384918094828e-18,64
brainseq,caudate,wgcna,3,M001,M002,0.461355271703832,True,0.008407104133373595,-0.08106939231741932,0.92769581698029,0.38077362320010627,False,False,0.25,0.25,2131,2,7.926242876529032e-06,0.8142405732555337,0.0,1377
brainseq,caudate,wgcna,3,M007,M011,0.3826086956521739,True,0.03589537939421264,-0.045218004462203254,0.6983386146569484,0.6253278251948728,False,False,0.42857142857142855,0.42857142857142855,220,3,5.712522992905048e-07,0.7828363003376683,6.348016452842459e-33,153
brainseq,caudate,wgcna,3,M011,M009,0.3821138211382114,True,0.14559001517218537,0.0776505166379748,0.11413761687708493,0.4012480027832982,True,False,0.1111111111111111,0.1111111111111111,235,1,0.01702127659574468,0.7450790938975824,3.208810842360503e-26,141
brainseq,caudate,wgcna,3,M006,M010,0.3502377179080824,True,-0.07906628486646053,-0.17304466781097866,0.3926915329924545,0.059836949477433676,True,False,0.25,0.25,221,2,0.00012340600575894695,0.8413325929576845,1.4183255713616124e-40,147
brainseq,caudate,wgcna,3,M003,M003,0.3190978886756238,True,0.22934780308872096,0.06337502484522851,0.012106681580215783,0.49351345112966094,True,False,0.42857142857142855,0.42857142857142855,665,3,3.275485457315769e-07,0.8062496436697394,7.484851641167012e-108,466
brainseq,caudate,wgcna,3,M013,M024,0.3135593220338983,True,-0.04969612034948431,-0.08255447305964299,0.5914539672839128,0.37208101361387064,True,False,0.0,0.0,74,0,1.0,0.7080712609866048,1.2675861796722561e-08,49
brainseq,caudate,wgcna,3,M015,M020,0.29537366548042704,True,0.13698276541353407,0.06251161165016716,0.1373995420182159,0.4994316698402219,True,False,0.1111111111111111,0.1111111111111111,83,1,0.012048192771084338,0.8584744560207039,2.8096448053441494e-22,73
brainseq,caudate,wgcna,3,M000,M001,0.2772679138722203,True,0.16628583109834993,0.09901676160430176,0.0706964013542704,0.28399885033652755,True,False,0.0,0.0,1571,0,1.0,0.8048745964838874,1.3217221965531861e-260,1142
brainseq,caudate,wgcna,3,M010,M007,0.2526455026455027,True,0.22681680509273344,0.16785547383610921,0.013116822619035354,0.0680419598819054,True,False,0.42857142857142855,0.42857142857142855,191,3,8.747873173334733e-07,0.8488081327090261,1.6211555421172779e-37,131
brainseq,caudate,wgcna,3,M018,M016,0.20489296636085627,False,0.13234387880513906,0.2690858140661993,0.15134926998563536,0.003084604988287819,True,False,0.0,0.0,67,0,,0.8347319452548347,2.7077211530538737e-14,51
brainseq,caudate,wgcna,3,M005,M001,0.1712789827973074,False,-0.0639185088728103,0.09901676160430176,0.4898072673396879,0.28399885033652755,False,False,0.0,0.0,458,0,,0.8067907265773658,2.301015050507372e-72,310
brainseq,caudate,wgcna,3,M008,M003,0.15855572998430142,False,0.02621819255429683,0.06337502484522851,0.7771488706762424,0.49351345112966094,True,False,0.0,0.0,303,0,,0.8462531113741246,1.7000242210123858e-55,198
brainseq,caudate,wgcna,3,M021,M022,0.125,False,0.06815680083564758,0.044733959773980744,0.4614191308334137,0.6290382595063333,True,False,0.1111111111111111,0.1111111111111111,24,1,0.08333333333333333,0.9309687114520776,1.6666716405468893e-07,16
brainseq,caudate,wgcna,3,M017,M022,0.12280701754385964,False,0.0318216666450251,0.044733959773980744,0.7311799722572321,0.6290382595063333,True,False,0.0,0.0,28,0,,0.8760415568684937,4.1499892786240085e-07,20
brainseq,caudate,wgcna,3,M014,M004,0.10989717223650386,False,-0.15793308704846526,-0.1534235824864418,0.08626369947164163,0.0957401181011973,True,False,0.0,0.0,171,0,,0.719793267029444,7.74216588091008e-14,79
brainseq,caudate,wgcna,3,M020,M008,0.054602184087363496,False,-0.025899585738571686,-0.0780830008206551,0.7797876103551532,0.39862255355778015,True,False,0.0,0.0,35,0,,0.8054226475279106,1.8288331089280258e-05,20
brainseq,caudate,wgcna,3,M022,M023,0.041176470588235294,False,-0.1012214070771775,0.007521366592973775,0.27336065841206686,0.9352960071424715,False,False,0.1111111111111111,0.1111111111111111,7,1,0.14285714285714285,0.9176629354822471,0.028008456010146135,5
brainseq,caudate,wgcna,3,M012,M000,0.029568697198755003,False,0.16281404911477837,0.30382490700267933,0.07686565946774032,0.0007818884098880529,True,False,0.0,0.0,133,0,,0.7891472082358049,2.9766621251401244e-16,71
brainseq,caudate,wgcna,3,M023,M002,0.011309264897781644,False,0.02794925837043681,-0.08106939231741932,0.7628570175796244,0.38077362320010627,False,False,0.0,0.0,26,0,,0.9314407590708903,5.6012694469744245e-08,17
brainseq,caudate,wgcna,4,M016,M026,0.918918918918919,True,0.02547337032897521,-0.056986830056259166,0.7833214921869863,0.5381640026862323,False,False,0.6666666666666666,0.6666666666666666,34,4,0.0005246966821919383,0.893650785581387,1.808415352389561e-09,25
brainseq,caudate,wgcna,4,M010,M015,0.6865671641791045,True,-0.03419930806963099,0.04069759952039941,0.7119484129615784,0.6603323001528366,False,False,0.0,0.0,138,0,,,,1
brainseq,caudate,wgcna,4,M007,M012,0.5440251572327044,True,0.030458536898323604,-0.02981907934344535,0.7422822373597115,0.7475088760033045,False,False,0.0,0.0,173,0,1.0,0.7421566459035972,7.138149156761222e-25,135
brainseq,caudate,wgcna,4,M002,M001,0.4770945109368551,True,-0.06906246798972598,-0.05817584638785522,0.45547285058533726,0.5297042779276394,True,False,0.25,0.25,2312,2,2.245915802113856e-06,0.8220465023436239,0.0,1467
brainseq,caudate,wgcna,4,M001,M000,0.45832592855873466,True,0.2812762749946168,0.28793891803175237,0.0019431425856469991,0.0014961985711464587,True,True,0.25,0.25,2579,2,1.0818042127486072e-05,0.8178781524342306,0.0,1385
brainseq,caudate,wgcna,4,M014,M021,0.38571428571428573,True,-0.00788448455196233,0.15441878719113988,0.932179481353834,0.09358102306658055,False,False,0.25,0.25,54,2,0.012256087727785837,0.7715027187345526,9.610075105280314e-07,29
brainseq,caudate,wgcna,4,M005,M005,0.2995689655172414,True,-0.10486973533600509,-0.008713607485116091,0.2563537516501247,0.9250673044262463,True,False,0.0,0.0,417,0,,0.8095394792225376,2.9196335649570693e-66,280
brainseq,caudate,wgcna,4,M004,M001,0.27528548123980423,True,0.02303397370307239,-0.05817584638785522,0.8036301886873138,0.5297042779276394,False,False,0.1111111111111111,0.1111111111111111,1350,1,0.0022222222222222222,0.8135165635996807,2.2724726232281246e-205,865
brainseq,caudate,wgcna,4,M000,M000,0.2565515187611674,True,0.18859528543896087,0.28793891803175237,0.03996726138670643,0.0014961985711464587,True,True,0.0,0.0,1723,0,1.0,0.8466739928664567,3.4715619132520814e-298,1082
brainseq,caudate,wgcna,4,M003,M002,0.2550060313630881,True,0.15445778657948783,0.1362390656680199,0.09349720557778625,0.1395675488057122,True,False,0.25,0.25,1057,2,1.6116067479803713e-05,0.8335651236777449,1.7677758397591982e-203,783
brainseq,caudate,wgcna,4,M006,M011,0.20824742268041238,False,0.16736087018855714,0.2521835895639682,0.06886951555295232,0.0056604708911555755,True,False,0.1111111111111111,0.1111111111111111,101,1,0.039405940594059406,0.8558678915900726,1.2152076625531252e-26,89
brainseq,caudate,wgcna,4,M012,M022,0.15948275862068967,False,0.17396872791113402,0.19067630577953662,0.058464513084542515,0.03778537531124754,True,False,0.0,0.0,37,0,1.0,0.7808224211127885,5.816630484698842e-07,29
brainseq,caudate,wgcna,4,M011,M020,0.15163934426229508,False,0.09379060443439431,0.02466336345717038,0.31030909308810584,0.7900496254959368,True,False,0.1111111111111111,0.1111111111111111,37,1,0.08108108108108109,0.8299351251158481,8.623954699238056e-08,27
brainseq,caudate,wgcna,4,M009,M004,0.1497005988023952,False,0.08474320430629761,0.08993806856548073,0.3594932254883008,0.3306896815221047,True,False,0.0,0.0,175,0,,0.6836383659860844,1.455262371697476e-17,118
brainseq,caudate,wgcna,4,M008,M003,0.10378378378378378,False,-0.045004395022732784,0.09647074863819967,0.6269640961506882,0.2966241585884,False,False,0.0,0.0,192,0,,0.821226726803462,5.5218964682819294e-33,130
brainseq,caudate,wgcna,4,M013,M001,0.026577247888723298,False,-0.10797131205210496,-0.05817584638785522,0.24247774486321658,0.5297042779276394,True,False,0.0,0.0,107,0,,0.7521569455852674,4.653998455265431e-10,49
brainseq,caudate,wgcna,4,M015,M006,0.015985790408525755,False,0.3475698862126764,0.052293456866034024,0.00010751042803424648,0.5721964626398365,True,False,0.0,0.0,9,0,,0.2833333333333333,0.46003032896572005,9
brainseq,dlpfc,isograph,0,M003,M001,0.29849624060150376,True,0.07149275514684089,0.06306852657391179,0.4558781004465085,0.5107942489522759,True,False,0.6666666666666666,0.6666666666666666,397,4,9.80916932996649e-10,0.6895442726379989,4.4184286709750644e-20,133
brainseq,dlpfc,isograph,0,M000,M000,0.2325262677021471,False,-0.022506498253980337,0.020769233171000646,0.8146231081185613,0.8287042142842349,False,False,0.0,0.1111111111111111,509,1,0.007850811379422364,0.897585635477369,4.562188086701372e-38,104
brainseq,dlpfc,isograph,0,M001,M003,0.22582781456953643,False,0.13785440994876638,0.07644865070637487,0.1490645123499146,0.42516827788235306,True,False,0.1111111111111111,0.1111111111111111,341,1,0.005865102639296188,0.6486456726428966,1.2778962459753351e-41,337
brainseq,dlpfc,isograph,0,M004,M002,0.20973154362416108,False,-0.09172922827630992,0.034992758450375035,0.33831091850299955,0.7154026145286502,False,False,0.1111111111111111,0.1111111111111111,250,1,0.02390361445783133,0.8769616952151874,2.6909910274179492e-79,245
brainseq,dlpfc,isograph,0,M007,M007,0.09627329192546584,False,0.01443309987506756,0.01669630690957242,0.8804895805649222,0.861922555676742,True,False,0.1111111111111111,0.1111111111111111,62,1,0.03225806451612903,0.8811195322922528,1.612642217098403e-20,60
brainseq,dlpfc,isograph,0,M002,M003,0.07225063938618925,False,0.1412926283754456,0.07644865070637487,0.13908938853191977,0.42516827788235306,True,False,0.0,0.0,113,0,,0.25753858468885393,0.005889922312109222,113
brainseq,dlpfc,isograph,0,M006,M002,0.05203619909502263,False,-0.01720940988233843,0.034992758450375035,0.8577232000201037,0.7154026145286502,False,False,0.0,0.0,46,0,,0.7172448030400841,2.0460119656649968e-08,46
brainseq,dlpfc,isograph,0,M008,M005,0.040100250626566414,False,-0.037844337525735745,0.029250413247473715,0.6933280506550391,0.7605573856095423,False,False,0.0,0.0,32,0,,0.7809991079393397,3.5361442056205824e-07,30
brainseq,dlpfc,isograph,0,M010,M008,0.03787878787878788,False,0.03493489808607292,0.07552322816031365,0.7158530340913444,0.43081054417219056,True,False,0.0,0.0,15,0,,0.9531531531531531,4.016015655841555e-08,15
brainseq,dlpfc,isograph,0,M009,M005,0.03529411764705882,False,0.004884176564369799,0.029250413247473715,0.9594245013951808,0.7605573856095423,True,False,0.0,0.0,27,0,,0.8338428615102416,6.595608466284952e-08,27
brainseq,dlpfc,isograph,0,M005,M001,0.03259911894273128,False,-0.010107194874466218,0.06306852657391179,0.9161511245294282,0.5107942489522759,False,False,0.0,0.0,37,0,,0.48928291184534534,0.006069378506993422,30
brainseq,dlpfc,isograph,0,M012,M011,0.026041666666666668,False,0.01297946820097223,0.15532799724680849,0.8924498856987335,0.1035560405587622,True,False,0.0,0.0,5,0,,0.9746794344808963,0.004818230468198566,5
brainseq,dlpfc,isograph,0,M011,M005,0.019444444444444445,False,0.061461920000730565,0.029250413247473715,0.5216412221859917,0.7605573856095423,True,False,0.0,0.0,14,0,,0.7050389351836136,0.004859108905994391,14
brainseq,dlpfc,isograph,0,M014,M011,0.012269938650306749,False,-0.1443140420918986,0.15532799724680849,0.13074932579287232,0.1035560405587622,False,False,0.1111111111111111,0.1111111111111111,2,1,0.5,,,2
brainseq,dlpfc,isograph,0,M013,M008,0.012048192771084338,False,0.051566971521901095,0.07552322816031365,0.5909226363598495,0.43081054417219056,True,False,0.0,0.0,4,0,,,,4
brainseq,dlpfc,isograph,0,M015,M013,0.008333333333333333,False,0.04484758681403297,0.05988020423387157,0.6402242911606995,0.5324331315657563,True,False,0.0,0.0,1,0,,,,1
brainseq,dlpfc,isograph,1,M009,M003,0.42813455657492355,True,-0.0008148978110025072,0.03866544767220762,0.9932274028377355,0.6870180406370614,False,False,0.1111111111111111,0.1111111111111111,280,1,0.017857142857142856,0.8959365708622399,5.13446628307581e-11,29
brainseq,dlpfc,isograph,1,M003,M004,0.2905027932960894,True,-0.02397481148029779,0.04589567464651052,0.8027676354294592,0.6324228788477411,False,False,0.1111111111111111,0.1111111111111111,312,1,0.003205128205128205,0.5955878090363347,2.4486893072349017e-31,312
brainseq,dlpfc,isograph,1,M001,M000,0.2721518987341772,True,-0.006655505881751416,0.04444495356851565,0.9447292516882476,0.6432317992796247,False,False,0.0,0.0,473,0,1.0,0.7066172944870157,1.4070402043995864e-12,75
brainseq,dlpfc,isograph,1,M005,M002,0.19597069597069597,False,0.023032630787029038,-0.03434583943817299,0.8103700371227355,0.7204441449526657,False,False,0.25,0.25,214,2,0.00039365091980200724,0.9360061790685692,2.27257558666356e-95,208
brainseq,dlpfc,isograph,1,M000,M001,0.19508196721311474,False,-0.029831100048285566,0.13026654835110651,0.755951493190805,0.1729703118015503,False,False,0.25,0.25,357,2,0.00014136371434156825,0.5263144128481905,9.321966863608685e-27,356
brainseq,dlpfc,isograph,1,M004,M007,0.06746463547334058,False,0.03388091626362585,0.09577956920718637,0.7240747876425041,0.3173208983734023,True,False,0.0,0.0,62,0,,0.8730620679982064,4.652330131450899e-20,61
brainseq,dlpfc,isograph,1,M007,M007,0.0650730411686587,False,-0.03370098013322449,0.09577956920718637,0.7254815809765568,0.3173208983734023,False,False,0.0,0.1111111111111111,49,1,0.04081632653061225,0.7590346082807871,2.611563133732987e-10,49
brainseq,dlpfc,isograph,1,M002,M001,0.059844404548174746,False,0.05780416445512427,0.13026654835110651,0.5467649044404312,0.1729703118015503,True,False,0.0,0.0,100,0,,0.32917947056763747,0.0008780865776022895,99
brainseq,dlpfc,isograph,1,M006,M002,0.0451559934318555,False,-0.03114085676543861,-0.03434583943817299,0.7455943360002927,0.7204441449526657,True,False,0.0,0.0,55,0,,0.6611655528094386,9.545651169859599e-08,52
brainseq,dlpfc,isograph,1,M008,M005,0.03739316239316239,False,-0.00200947051251418,0.18031419341381918,0.9833003410859054,0.058254696560366095,False,False,0.0,0.0,35,0,1.0,0.7978742424090354,1.5962793589192054e-08,34
brainseq,dlpfc,isograph,2,M003,M001,0.3432715551974214,True,-0.06316040357001326,0.07940476575779482,0.5101774764122955,0.40743260777821605,False,False,0.0,0.0,426,0,,0.8176792401878616,1.316334535018778e-12,48
brainseq,dlpfc,isograph,2,M004,M003,0.31190019193857965,True,0.048101822899726664,2.590880454856649e-05,0.6161334793936228,0.999784669967599,True,False,0.1111111111111111,0.1111111111111111,325,1,0.006153846153846155,0.6173576374324343,5.271455841179612e-35,320
brainseq,dlpfc,isograph,2,M002,M000,0.2027094831911691,False,0.17323017077980735,0.017019633540100804,0.06903277968199835,0.859275918151949,True,False,0.1111111111111111,0.1111111111111111,404,1,0.012376237623762377,0.6365238417069402,1.8144983689107452e-20,168
brainseq,dlpfc,isograph,2,M001,M008,0.19957537154989385,False,-0.014953982295702628,0.0068922245226077355,0.8762102139466251,0.9427666894883916,False,False,0.1111111111111111,0.1111111111111111,188,1,0.03174422573671635,0.8900521465994594,1.1769123125208398e-63,183
brainseq,dlpfc,isograph,2,M006,M004,0.1634980988593156,False,0.16862070519595787,0.08784981201597848,0.0768755734769234,0.35922013956236715,True,False,0.1111111111111111,0.1111111111111111,129,1,0.015503875968992246,0.9090776817522616,1.238855121692296e-43,112
brainseq,dlpfc,isograph,2,M000,M000,0.14042171377299237,False,0.06601426671659318,0.017019633540100804,0.491212406417894,0.859275918151949,True,False,0.0,0.0,313,0,,0.36785593936377786,3.844032955328342e-11,303
brainseq,dlpfc,isograph,2,M005,M000,0.07427184466019418,False,0.11869475791105026,0.017019633540100804,0.2146935751163209,0.859275918151949,True,False,0.0,0.0,153,0,,0.7498623787896912,1.2879732452287916e-27,146
brainseq,dlpfc,isograph,2,M012,M006,0.07106598984771574,False,0.09833146866908377,0.08956973658408299,0.3045383545793419,0.3498531875080341,True,False,0.0,0.0,42,0,,0.6908308004052686,1.1285976996935136e-06,39
brainseq,dlpfc,isograph,2,M010,M001,0.06844741235392321,False,-0.17859794406260962,0.07940476575779482,0.06073026706662077,0.40743260777821605,False,False,0.0,0.0,82,0,,0.8031500445235976,1.2968760853487243e-09,38
brainseq,dlpfc,isograph,2,M009,M004,0.05890603085553997,False,0.13452083848576324,0.08784981201597848,0.1592411793879566,0.35922013956236715,True,False,0.0,0.0,42,0,,0.913932859845233,2.9549222760357446e-17,42
brainseq,dlpfc,isograph,2,M008,M008,0.05853658536585366,False,-0.14417247299951252,0.0068922245226077355,0.13113135866619288,0.9427666894883916,False,False,0.0,0.0,36,0,,0.1008164015487872,0.5644473810893619,35
brainseq,dlpfc,isograph,2,M011,M006,0.05305466237942122,False,0.015323573132192776,0.08956973658408299,0.8731759555576334,0.3498531875080341,True,False,0.0,0.0,33,0,,0.7820283299770577,2.043285952962903e-07,31
brainseq,dlpfc,isograph,2,M007,M006,0.051451187335092345,False,0.06861842284467692,0.08956973658408299,0.47423817870409735,0.3498531875080341,True,False,0.1111111111111111,0.1111111111111111,39,1,0.05128205128205129,0.789817415730337,1.6937712102464457e-08,35
brainseq,dlpfc,isograph,2,M013,M006,0.028985507246376812,False,0.0950191669167434,0.08956973658408299,0.321195901521305,0.3498531875080341,True,False,0.0,0.0,16,0,,0.4676470588235294,0.06776085019015383,16
brainseq,dlpfc,isograph,2,M015,M010,0.01639344262295082,False,0.052731519468943056,0.1182737349167368,0.5825562345109977,0.2163359433031068,True,False,0.0,0.0,1,0,,,,1
brainseq,dlpfc,isograph,2,M014,M010,0.014705882352941176,False,0.09564605765957104,0.1182737349167368,0.31799907505015684,0.2163359433031068,True,False,0.0,0.0,1,0,,,,1
brainseq,dlpfc,isograph,2,M016,M002,0.008290155440414507,False,-0.03861922098784683,0.13994725395717414,0.6873727145242091,0.14293050797464896,False,False,0.0,0.0,8,0,,0.6490734136415514,0.08160097727886816,8
brainseq,dlpfc,isograph,2,M017,M006,0.0021141649048625794,False,-0.09963279960978248,0.08956973658408299,0.29815158893788246,0.3498531875080341,False,False,0.0,0.0,1,0,,,,1
brainseq,dlpfc,isograph,3,M000,M001,0.447771124417831,True,-0.04625947646596116,0.10316173540803052,0.6297242773634636,0.28127903848558733,False,False,0.1111111111111111,0.1111111111111111,673,1,0.0029717682020802376,0.8432747559254224,1.5645109893820017e-29,105
brainseq,dlpfc,isograph,3,M004,M003,0.31989708404802747,True,0.06950541952833066,0.020968603353305623,0.4685300461600361,0.8270854032504796,True,False,0.1111111111111111,0.1111111111111111,373,1,0.005361930294906166,0.5876787016071304,1.5660934557135969e-34,357
brainseq,dlpfc,isograph,3,M001,M005,0.25,True,-0.07671315870443703,0.1036344465154876,0.4235634387670558,0.2790684440054913,False,False,0.1111111111111111,0.1111111111111111,261,1,0.01532567049808429,0.886421851561653,2.8205737851982483e-86,254
brainseq,dlpfc,isograph,3,M002,M007,0.24187256176853056,False,0.07413902902479304,-0.03579142089920298,0.43932939537054305,0.7091953917761106,False,False,0.25,0.25,186,2,0.0003487358326068004,0.9689578713968959,1.2081887706654416e-08,14
brainseq,dlpfc,isograph,3,M003,M000,0.18796592119275826,False,0.1310939992115061,-0.05949357736922801,0.17023387273536691,0.5350879015274511,False,False,0.1111111111111111,0.1111111111111111,353,1,0.0084985835694051,0.5087508617251659,8.778863947531617e-24,340
brainseq,dlpfc,isograph,3,M012,M008,0.16819571865443425,False,0.12204201788118184,0.2346046277813545,0.201950969090267,0.013196330550564019,True,False,0.0,0.0,55,0,,0.7459732436833764,1.456722393287537e-10,53
brainseq,dlpfc,isograph,3,M005,M010,0.09809663250366032,False,0.16103968156088722,-0.03544301399906251,0.09131690247757922,0.7119009057362716,False,False,0.0,0.0,67,0,,0.8213140185740342,3.011160729065332e-17,66
brainseq,dlpfc,isograph,3,M007,M000,0.09686609686609686,False,0.1316500578459032,-0.05949357736922801,0.16841300631589629,0.5350879015274511,False,False,0.0,0.0,170,0,,0.307229363733695,4.596875045684644e-05,170
brainseq,dlpfc,isograph,3,M008,M001,0.060393258426966294,False,0.04044797426836823,0.10316173540803052,0.6733940782252289,0.28127903848558733,True,False,0.1111111111111111,0.1111111111111111,86,1,0.011627906976744186,0.7063464705657053,1.7064209741452176e-11,68
brainseq,dlpfc,isograph,3,M006,M009,0.05952380952380952,False,0.22014416090445502,0.11129432808317039,0.020250912717106655,0.2448693088832402,True,False,0.0,0.0,35,0,,0.5465158796869046,0.0006821410477500307,35
brainseq,dlpfc,isograph,3,M013,M010,0.0547112462006079,False,0.17450922439024627,-0.03544301399906251,0.06697539655848063,0.7119009057362716,False,False,0.1111111111111111,0.1111111111111111,18,1,0.1111111111111111,0.8173784977908689,0.00011041155773056549,16
brainseq,dlpfc,isograph,3,M010,M002,0.053852526926263466,False,-0.03611801736606587,0.10899532937648587,0.7066625237083028,0.2548140571976687,False,False,0.0,0.0,65,0,,0.5443225701644091,2.7732299379599167e-06,65
brainseq,dlpfc,isograph,3,M011,M003,0.040262172284644196,False,0.09325798637543543,0.020968603353305623,0.33028738744553154,0.8270854032504796,True,False,0.0,0.0,43,0,,0.7328427494802123,2.305944782307685e-08,43
brainseq,dlpfc,isograph,3,M009,M002,0.037186742118027485,False,0.061361768215605135,0.10899532937648587,0.52232124325489,0.2548140571976687,True,False,0.0,0.0,46,0,,0.4483932511699396,0.0017767481353988374,46
brainseq,dlpfc,isograph,3,M014,M000,0.012322858903265557,False,0.10578166141852982,-0.05949357736922801,0.26917410429647576,0.5350879015274511,False,False,0.0,0.0,20,0,,0.1390871600660467,0.5701163537503643,19
brainseq,dlpfc,isograph,3,M015,M004,0.011379800853485065,False,0.15727858862297964,-0.011797156909392831,0.09923940808903535,0.9021957484708725,False,False,0.0,0.0,8,0,,0.8970588235294118,0.015349900773458157,6
brainseq,dlpfc,isograph,4,M003,M001,0.2510088781275222,True,0.051461913973202204,-0.03604432304758372,0.5916800682360478,0.7072337699324226,False,False,0.0,0.0,311,0,,0.49334845049130766,0.0007750753168227239,43
brainseq,dlpfc,isograph,4,M000,M004,0.2086720867208672,False,-0.001363387037901996,0.05118712686147756,0.9886691627758419,0.5936632731712052,False,False,0.25,0.25,231,2,0.00022586109542631282,0.9194675995505945,3.741098278510922e-91,222
brainseq,dlpfc,isograph,4,M005,M000,0.196528555431131,False,-0.023590284398728463,0.07073177692125732,0.8058681828685307,0.46070017312422934,False,False,0.1111111111111111,0.1111111111111111,351,1,0.011396011396011397,0.8461061239611171,1.8308843915323273e-22,78
brainseq,dlpfc,isograph,4,M006,M002,0.15478260869565216,False,0.07448315203948476,-0.017300982017680235,0.4372026780774324,0.8569741659461875,False,False,0.0,0.0,178,0,,0.6498323153332909,2.078784342681628e-21,167
brainseq,dlpfc,isograph,4,M008,M002,0.14401440144014402,False,0.055819117449582005,-0.017300982017680235,0.5606423673127189,0.8569741659461875,False,False,0.1111111111111111,0.1111111111111111,160,1,0.00625,0.5587484440556785,1.9187659672783394e-13,147
brainseq,dlpfc,isograph,4,M004,M001,0.13706705969049374,False,-0.04222609059262371,-0.03604432304758372,0.6599082997119212,0.7072337699324226,True,False,0.1111111111111111,0.1111111111111111,186,1,0.016129032258064516,0.8557317877187082,1.1643307296013306e-17,58
brainseq,dlpfc,isograph,4,M001,M000,0.12550607287449392,False,0.09328219700146176,0.07073177692125732,0.33016130558508994,0.46070017312422934,True,False,0.42857142857142855,0.42857142857142855,248,3,1.5926762375890702e-06,0.6337977935841501,6.482936007247605e-28,236
brainseq,dlpfc,isograph,4,M002,M000,0.1218144750254842,False,0.11763703977193085,0.07073177692125732,0.21883653616596224,0.46070017312422934,True,False,0.0,0.0,239,0,,0.37162191186504223,3.5570169872107716e-09,237
brainseq,dlpfc,isograph,4,M013,M005,0.0764163372859025,False,0.04469825204547188,0.041412521004476344,0.6413390852735142,0.6660654693572545,True,False,0.1111111111111111,0.1111111111111111,58,1,0.034482758620689655,0.7974642101715493,1.9013441993091836e-13,56
brainseq,dlpfc,isograph,4,M011,M002,0.0692167577413479,False,0.1351247282359702,-0.017300982017680235,0.1573601848712932,0.8569741659461875,False,False,0.0,0.0,76,0,,0.5849599552758469,4.424781030656056e-08,74
brainseq,dlpfc,isograph,4,M010,M006,0.053475935828877004,False,0.1371126938466465,0.011279268182111377,0.15128534280413358,0.9064694060805754,True,False,0.0,0.1111111111111111,30,1,0.09999999999999999,0.7248329621380846,5.899118685295012e-06,30
brainseq,dlpfc,isograph,4,M009,M000,0.04847494553376906,False,0.1506741169465081,0.07073177692125732,0.11444936070343326,0.46070017312422934,True,False,0.0,0.0,89,0,,0.7059583368033315,1.5704961019744234e-14,88
brainseq,dlpfc,isograph,4,M007,M005,0.041884816753926704,False,0.08439875170409852,0.041412521004476344,0.3784785819877261,0.6660654693572545,True,False,0.0,0.0,40,0,,0.7550386438116309,1.8099719329458874e-08,40
brainseq,dlpfc,isograph,4,M012,M004,0.04147982062780269,False,-0.09924864640592043,0.05118712686147756,0.30002771629767977,0.5936632731712052,False,False,0.0,0.0,37,0,,0.8659521717174631,4.50069942046583e-12,37
brainseq,dlpfc,isograph,4,M015,M006,0.029723991507430998,False,0.15425006133473845,0.011279268182111377,0.10600386218495529,0.9064694060805754,True,False,0.0,0.0,14,0,,0.696035242290749,0.005694236669315431,14
brainseq,dlpfc,isograph,4,M016,M005,0.019525801952580194,False,0.15172816094282515,0.041412521004476344,0.11190742176053199,0.6660654693572545,True,False,0.1111111111111111,0.1111111111111111,14,1,0.14285714285714285,0.4769230769230769,0.0846484341946867,14
brainseq,dlpfc,isograph,4,M014,M006,0.018,False,-0.0015886959549366838,0.011279268182111377,0.9867968219958955,0.9064694060805754,False,False,0.0,0.0,9,0,,0.3096261412396175,0.41747791701205456,9
brainseq,dlpfc,wgcna,0,M017,M028,0.8833333333333333,True,,,,,False,False,,,53,0,,,,0
brainseq,dlpfc,wgcna,0,M019,M032,0.7272727272727273,True,-0.0436573918499546,0.019974909820944624,0.6491312271702729,0.8351608826007997,False,False,0.25,0.25,32,2,0.0564516129032258,0.6464001859901373,0.0008605382551642316,23
brainseq,dlpfc,wgcna,0,M018,M029,0.6271186440677966,True,,0.07699056483834488,,0.4218841047916017,False,False,0.0,0.0,37,0,,,,0
brainseq,dlpfc,wgcna,0,M012,M012,0.5532319391634981,True,-0.15550147741304238,-0.06496848082152022,0.10316626719744584,0.49811842696768904,True,False,0.6666666666666666,0.6666666666666666,291,4,1.7084407771738097e-08,0.7393054244217382,4.269358756854656e-38,213
brainseq,dlpfc,wgcna,0,M001,M001,0.5460935387942687,True,0.04869574340914656,0.02401527791474867,0.6117794121893799,0.8024415205402695,True,False,0.25,0.25,2020,2,1.4697143273395282e-05,0.8047511521231111,1.5118529560314247e-298,1310
brainseq,dlpfc,wgcna,0,M000,M002,0.4772277227722772,True,0.03786040409780986,0.02507217623317414,0.6932043802487936,0.7939362582901915,True,False,0.0,0.0,1446,0,1.0,0.8033463504752512,2.0726600202163048e-224,989
brainseq,dlpfc,wgcna,0,M013,M006,0.40384615384615385,True,0.06950968140540671,0.2247093245495751,0.4685027103434645,0.017736795332250747,True,False,0.25,0.25,336,2,0.00017768301350390902,0.7738657539152773,6.217234431266347e-43,209
brainseq,dlpfc,wgcna,0,M005,M003,0.3646098929117797,True,0.23510469706982468,0.11740686414686065,0.012996602810483074,0.21974555989258135,True,False,0.0,0.0,715,0,1.0,0.758182932388415,5.801658127434761e-48,250
brainseq,dlpfc,wgcna,0,M009,M007,0.3448275862068966,True,-0.19024270784805036,-0.07347395216101822,0.04550604377003136,0.4434561985801492,True,False,0.25,0.25,370,2,0.0005235391048249888,0.8338571306014313,3.2611976305211733e-59,224
brainseq,dlpfc,wgcna,0,M003,M004,0.3144354454502144,True,0.11084177817754165,0.06401726371454983,0.2468053505001226,0.5044439047499502,True,False,0.1111111111111111,0.1111111111111111,660,1,0.009077114084701339,0.8504550588015258,2.431315391724314e-127,451
brainseq,dlpfc,wgcna,0,M002,M000,0.2875163114397564,True,-0.20428479527019672,0.10506575161639808,0.03150427436532434,0.27244626963059265,False,False,0.0,0.0,1322,0,,0.8523576835331748,6.729095157056036e-276,974
brainseq,dlpfc,wgcna,0,M006,M000,0.236665172568355,False,0.0663900800100144,0.10506575161639808,0.4887431066388795,0.27244626963059265,True,False,0.42857142857142855,0.42857142857142855,1056,3,5.109686575913183e-08,0.8438846750138705,2.2301748485309233e-190,698
brainseq,dlpfc,wgcna,0,M010,M005,0.20231729055258468,False,-0.33543593612099226,-0.10248688625760438,0.0003195858255774716,0.2844551727776394,True,False,0.0,0.1111111111111111,227,1,0.017582160539550116,0.6922351252706532,7.38275235076354e-21,137
brainseq,dlpfc,wgcna,0,M014,M018,0.2,False,-0.24360991764584344,-0.02195968491149479,0.00998135209387267,0.8190490710311259,True,False,0.25,0.25,90,2,0.0022301668369084106,0.864656535300947,6.430352412931404e-23,73
brainseq,dlpfc,wgcna,0,M011,M009,0.19543973941368079,False,0.2968663142465654,0.07455168895339492,0.0015565953536526074,0.4367798116366873,True,False,0.1111111111111111,0.1111111111111111,180,1,0.022160148975791435,0.851782528782788,8.354876525012847e-45,155
brainseq,dlpfc,wgcna,0,M015,M024,0.19195046439628483,False,-0.05675914991378533,-0.0020636286008845904,0.554049664101562,0.9828503289873565,True,False,0.6666666666666666,0.6666666666666666,62,4,1.7926126432969732e-06,0.872472629169763,4.119713077290394e-12,36
brainseq,dlpfc,wgcna,0,M008,M009,0.17957166392092258,False,0.09124714962310577,0.07455168895339492,0.3408664407248106,0.4367798116366873,True,False,0.0,0.0,218,0,,0.845427307299718,2.3632896278891666e-47,169
brainseq,dlpfc,wgcna,0,M004,M016,0.14763061968408261,False,0.2819574885532584,0.1690005707703708,0.0027170808103280054,0.07620329558244482,True,False,0.25,0.25,243,2,0.00034010135020236037,0.8292123399981398,4.574417408068362e-30,114
brainseq,dlpfc,wgcna,0,M007,M021,0.094,False,0.0360214938083744,0.03348176765587921,0.7074107652401057,0.7271966830793498,True,False,0.1111111111111111,0.1111111111111111,94,1,0.031914893617021274,0.7472978974895716,7.151569051425469e-14,71
brainseq,dlpfc,wgcna,0,M016,M017,0.05473684210526316,False,0.3224625345943604,0.15950199779841245,0.0005573241113491808,0.0944931060360131,True,False,0.0,0.0,26,0,,0.8212327462310163,8.752854482015731e-07,24
brainseq,dlpfc,wgcna,1,M027,M025,0.8918918918918919,True,-0.08731714184256556,0.07167724541657539,0.36215236749250473,0.45471327702310477,False,False,0.42857142857142855,0.42857142857142855,33,3,0.01652088178784508,0.8329612634243263,8.123259742052226e-07,23
brainseq,dlpfc,wgcna,1,M021,M022,0.7605633802816901,True,0.14981762385991432,,0.11654769838670459,,False,False,0.0,0.0,54,0,,,,0
brainseq,dlpfc,wgcna,1,M013,M013,0.5896328293736501,True,-0.12371468509122957,-0.11017684289456242,0.19579110724755286,0.249669133060374,True,False,0.25,0.25,273,2,0.0008020522997731592,0.7530272659248087,5.001173823422005e-38,201
brainseq,dlpfc,wgcna,1,M002,M000,0.5772577257725773,True,-0.03769097914421174,0.08039021886289574,0.6945089125074652,0.4016183330520138,False,False,0.25,0.25,1924,2,9.72336893869489e-06,0.8051018043783645,5.554526262641632e-277,1213
brainseq,dlpfc,wgcna,1,M001,M002,0.5539986329460014,True,0.02792330681699164,0.06254744751546003,0.7711149676912161,0.514299521715517,True,False,0.0,0.0,1621,0,1.0,0.8311869005085495,4.915117245364621e-275,1072
brainseq,dlpfc,wgcna,1,M020,M020,0.5045871559633027,True,0.07587153577506917,0.11025658154235533,0.4286819156189925,0.24932450679704246,True,False,0.25,0.25,55,2,0.0020202020202020198,0.9148004000365603,6.096978987614668e-13,31
brainseq,dlpfc,wgcna,1,M010,M009,0.4690873405299313,True,0.04657749768494599,0.19508036461826284,0.6273692508417825,0.040190061249198425,True,False,0.25,0.25,478,2,0.0005218862172683577,0.7755605557918832,1.0982762929374526e-60,296
brainseq,dlpfc,wgcna,1,M006,M006,0.4199134199134199,True,-0.06258442599692982,0.12669690414557622,0.514050363357491,0.18514762056352163,False,False,0.25,0.25,582,2,0.0001768283840761451,0.8254046884612223,4.258801927172453e-105,417
brainseq,dlpfc,wgcna,1,M019,M017,0.38235294117647056,True,-0.14922829150856443,0.022666096833947005,0.1180087364711808,0.8133323936133887,False,False,0.42857142857142855,0.42857142857142855,78,3,0.00013144749986855253,0.7954163744919777,2.425024091953647e-13,56
brainseq,dlpfc,wgcna,1,M000,M001,0.35538321167883213,True,0.15787341439446842,0.26060806288362076,0.09795162924178409,0.005736039695179643,True,False,0.25,0.25,1558,2,7.417034963940968e-06,0.8305535050942643,1.6749487258845544e-174,680
brainseq,dlpfc,wgcna,1,M007,M005,0.350788643533123,True,-0.14170513369645657,-0.11519538581410398,0.13792750604945028,0.22861563297161672,True,False,0.25,0.25,556,2,6.481301445330223e-06,0.839899255648508,2.3153753604690115e-102,380
brainseq,dlpfc,wgcna,1,M012,M011,0.31675392670157065,True,0.022569646234880517,0.06576502414511776,0.8141123547214173,0.4928537041651149,True,False,0.25,0.25,242,2,0.0003077740818216111,0.7854852593605492,1.3374988434335241e-31,145
brainseq,dlpfc,wgcna,1,M009,M008,0.3032207384131972,True,-0.12499138742171978,-0.09757190476520164,0.1911816772233463,0.30830728938430724,True,False,0.1111111111111111,0.1111111111111111,386,1,0.007772020725388601,0.7460929245332095,2.4051357014862013e-45,248
brainseq,dlpfc,wgcna,1,M005,M003,0.2857142857142857,True,-0.007714668382567381,0.13542567203625555,0.9359507957055424,0.1564290281000596,False,False,0.25,0.25,622,2,3.106699597682402e-05,0.8401054000719477,2.2961313801832075e-117,436
brainseq,dlpfc,wgcna,1,M024,M021,0.19230769230769232,False,0.03001573915846436,-0.004484517989378256,0.7544887539951233,0.9627421945351152,False,False,0.25,0.25,20,2,0.005263157894736842,0.8350751615747611,5.686299529110901e-05,16
brainseq,dlpfc,wgcna,1,M008,M007,0.19141449683321604,False,-0.04079517993602548,-0.021139093372054336,0.6707524468060214,0.8257016625505148,True,False,0.0,0.0,272,0,1.0,0.8724240094652029,4.320759838392801e-69,218
brainseq,dlpfc,wgcna,1,M003,M003,0.18945233265720082,False,0.028170268849876133,0.13542567203625555,0.7691470671261674,0.1564290281000596,True,False,0.1111111111111111,0.1111111111111111,467,1,0.017075479501153377,0.7930002531408666,6.970587288953039e-66,299
brainseq,dlpfc,wgcna,1,M014,M016,0.18625277161862527,False,0.01357314850181425,0.14584358431124608,0.887562085129681,0.12667587390866802,True,False,0.1111111111111111,0.1111111111111111,84,1,0.03571428571428571,0.8175495127797979,7.613885625059161e-13,49
brainseq,dlpfc,wgcna,1,M015,M012,0.17189631650750342,False,-0.03266271072882121,-0.10928379148351029,0.7336167967418964,0.25355128483281664,True,False,0.25,0.25,126,2,0.0022611367127496162,0.7338739811408772,1.4292514490619737e-14,79
brainseq,dlpfc,wgcna,1,M025,M019,0.17142857142857143,False,,0.046175747028678715,,0.6303449338622583,False,False,0.0,0.0,18,0,,,,0
brainseq,dlpfc,wgcna,1,M004,M015,0.16161616161616163,False,0.11027816534674821,0.28846856463181086,0.24923127913941392,0.002138092923462463,True,False,0.25,0.25,208,2,0.0002787068004459309,0.8847261514909838,6.50084133991239e-57,168
brainseq,dlpfc,wgcna,1,M016,M007,0.11740041928721175,False,-0.0439969757124327,-0.021139093372054336,0.6465847994436293,0.8257016625505148,True,False,0.1111111111111111,0.1111111111111111,112,1,0.017857142857142856,0.7482285074218685,1.2359123073021997e-16,86
brainseq,dlpfc,wgcna,1,M011,M001,0.11405076868072936,False,0.08864107281233008,0.26060806288362076,0.35489167900201923,0.005736039695179643,True,False,0.0,0.0,319,0,,0.7394306104460864,1.6086863762968462e-26,146
brainseq,dlpfc,wgcna,1,M023,M018,0.11290322580645161,False,-0.029647781131227118,0.17260960766338007,0.7574046274861723,0.07004925551821958,False,False,0.0,0.0,14,0,,0.9659276076259363,3.415387745199195e-07,12
brainseq,dlpfc,wgcna,1,M017,M006,0.06551059730250482,False,0.03953751868996248,0.12669690414557622,0.680339886373336,0.18514762056352163,True,False,0.1111111111111111,0.1111111111111111,68,1,0.029411764705882353,0.7852344817024821,1.5787859363302334e-14,64
brainseq,dlpfc,wgcna,1,M026,M011,0.054455445544554455,False,0.008410410579617826,0.06576502414511776,0.9301885173215214,0.4928537041651149,True,False,0.0,0.0,33,0,,0.7728871659082265,5.940075398684487e-06,25
brainseq,dlpfc,wgcna,1,M018,M021,0.04455445544554455,False,0.18630573960035962,-0.004484517989378256,0.05025228501600152,0.9627421945351152,False,False,0.1111111111111111,0.1111111111111111,9,1,0.1111111111111111,0.39999999999999997,0.5046315754686912,5
brainseq,dlpfc,wgcna,1,M022,M006,0.026260504201680673,False,-0.04769446805653002,0.12669690414557622,0.6191275546242424,0.18514762056352163,False,False,0.0,0.0,25,0,,0.8612099644128114,0.00031977410960082456,12
brainseq,dlpfc,wgcna,2,M030,M022,0.9166666666666666,True,0.0635491079295182,-0.10651687429997946,0.5075723513958991,0.26584150613286306,False,False,0.42857142857142855,0.42857142857142855,33,3,0.01652088178784508,0.7430861043263646,4.8640489850988896e-05,23
brainseq,dlpfc,wgcna,2,M027,M018,0.8615384615384616,True,,,,,False,False,,,56,0,,,,0
brainseq,dlpfc,wgcna,2,M029,M020,0.7692307692307693,True,,,,,False,False,,,40,0,,,,0
brainseq,dlpfc,wgcna,2,M001,M001,0.5172872340425532,True,0.17977214652660667,-0.03858354607055287,0.059027467585354994,0.6876464764532235,False,False,0.0,0.0,1556,0,1.0,0.8130198305373095,3.444471561791141e-244,1032
brainseq,dlpfc,wgcna,2,M009,M009,0.45223577235772355,True,0.1617302050753011,0.10761864949217341,0.08991839197542015,0.26089998599232456,True,False,0.42857142857142855,0.42857142857142855,445,3,2.741981588964621e-07,0.7315327860740349,1.727779296826527e-48,282
brainseq,dlpfc,wgcna,2,M018,M017,0.40860215053763443,True,-0.036353821968799015,-0.0061721821054996715,0.7048357650754238,0.9487373568606082,True,False,0.25,0.25,76,2,0.003508771929824561,0.7544723435235672,2.896438567960897e-11,55
brainseq,dlpfc,wgcna,2,M006,M008,0.40819423368740515,True,-0.08914353018994542,-0.04574097011906868,0.35215999904466455,0.6335719099857755,True,False,0.1111111111111111,0.1111111111111111,538,1,0.011131648356212746,0.8408373956522253,2.6350630178538054e-87,322
brainseq,dlpfc,wgcna,2,M010,M015,0.38164251207729466,True,-0.028653889984279764,-0.21958010554524174,0.7652976200825025,0.02058187201336729,True,False,0.1111111111111111,0.1111111111111111,158,1,0.05014915746190437,0.8026570845265087,3.554156681067568e-24,102
brainseq,dlpfc,wgcna,2,M002,M003,0.254561770864493,True,0.10817091074605192,0.12067149412998632,0.2584467864457032,0.20710102717159162,True,False,0.1111111111111111,0.1111111111111111,851,1,0.0023501762632197414,0.8125589938567892,7.586750839175172e-138,581
brainseq,dlpfc,wgcna,2,M004,M000,0.2523335407591786,True,-0.09985345233311319,0.10086477666890696,0.2970774669599424,0.2921870936816979,False,False,0.25,0.25,811,2,1.8267342558341325e-05,0.8037312327120183,4.368372273594898e-124,543
brainseq,dlpfc,wgcna,2,M000,M004,0.24756285274499742,False,0.1517405648455995,0.2218017421635014,0.11187777206578875,0.019304695927094797,True,False,0.25,0.25,965,2,6.436414487143345e-05,0.8193691238829199,1.1728353268181217e-107,439
brainseq,dlpfc,wgcna,2,M003,M002,0.24745186862967158,False,-0.21502231780272257,0.040571821337155575,0.023430915347343845,0.6724513593848036,False,False,0.1111111111111111,0.1111111111111111,874,1,0.0011441647597254005,0.8603957160490819,2.580407046670814e-181,614
brainseq,dlpfc,wgcna,2,M005,M006,0.1828268210323203,False,0.035998247454111044,0.001857108054196377,0.7075910104695732,0.984566383688199,True,False,0.0,0.0,379,0,1.0,0.824925944086446,7.96116739962369e-74,292
brainseq,dlpfc,wgcna,2,M012,M007,0.17714285714285713,False,-0.007173225056763913,0.00530243774939748,0.9404374452585232,0.9559531250219158,False,False,0.1111111111111111,0.1111111111111111,217,1,0.018433179723502304,0.8476128979276809,1.7522862705570525e-36,128
brainseq,dlpfc,wgcna,2,M013,M009,0.1689119170984456,False,0.13118960132120125,0.10761864949217341,0.1699197832797572,0.26089998599232456,True,False,0.1111111111111111,0.1111111111111111,163,1,0.012269938650306749,0.801588772855182,1.6019458695531346e-24,104
brainseq,dlpfc,wgcna,2,M014,M012,0.15302491103202848,False,-0.10036611571890958,-0.17670616602375386,0.2945917202217536,0.06355793984305634,True,False,0.0,0.0,86,0,,0.8156678936294112,2.253657540082582e-16,64
brainseq,dlpfc,wgcna,2,M024,M012,0.12472647702407003,False,0.09155790392444614,-0.17670616602375386,0.33921772407570044,0.06355793984305634,False,False,0.0,0.0,57,0,1.0,0.8758684948335635,7.711142275638173e-16,47
brainseq,dlpfc,wgcna,2,M008,M010,0.11501120238984316,False,0.2301747847205307,0.017515168958015345,0.015085625294034927,0.8552226746456563,True,False,0.1111111111111111,0.1111111111111111,154,1,0.012987012987012986,0.8307964228661896,3.638400888031427e-36,137
brainseq,dlpfc,wgcna,2,M026,M021,0.11363636363636363,False,-0.2014398098354724,-0.20479312461698418,0.034001053468926956,0.03107490433298563,True,True,0.0,0.0,10,0,,0.8720815992723809,0.05385421772754213,5
brainseq,dlpfc,wgcna,2,M019,M014,0.09226190476190477,False,0.1374628731070017,0.28442062260095696,0.15023376567684324,0.0024832258405703364,True,False,0.0,0.0,31,0,,0.9126460897008734,8.131999934773556e-09,21
brainseq,dlpfc,wgcna,2,M007,M002,0.08952899961074348,False,0.10640977226088111,0.040571821337155575,0.26632523077441045,0.6724513593848036,True,False,0.0,0.0,230,0,,0.8769870757577878,1.323896733360034e-41,127
brainseq,dlpfc,wgcna,2,M011,M000,0.07738349722103463,False,-0.10691687844155824,0.10086477666890696,0.26404017028528587,0.2921870936816979,False,False,0.0,0.0,181,0,,0.835341747380045,2.361855332435613e-30,112
brainseq,dlpfc,wgcna,2,M022,M011,0.0736196319018405,False,0.1020368239173748,0.006316801805719896,0.2865866142659099,0.9475379165884222,True,False,0.1111111111111111,0.1111111111111111,60,1,0.05,0.8408254742600592,3.2138380022054792e-12,42
brainseq,dlpfc,wgcna,2,M016,M003,0.05362614913176711,False,0.1524544837056286,0.12067149412998632,0.11018152956020742,0.20710102717159162,True,False,0.0,0.0,105,0,,0.685824096065765,2.310226261648871e-13,87
brainseq,dlpfc,wgcna,2,M025,M000,0.04078947368421053,False,0.09958200690623134,0.10086477666890696,0.29839920601495384,0.2921870936816979,True,False,0.1111111111111111,0.1111111111111111,93,1,0.04301075268817204,0.835977901764043,1.9935083876720973e-15,55
brainseq,dlpfc,wgcna,2,M015,M010,0.04004004004004004,False,0.23035938900324748,0.017515168958015345,0.015002437310671088,0.8552226746456563,True,False,0.0,0.0,40,0,,0.7399802727718529,1.661444639466879e-07,37
brainseq,dlpfc,wgcna,2,M023,M007,0.03990422984836393,False,0.10389650090437044,0.00530243774939748,0.27784800203346455,0.9559531250219158,True,False,0.0,0.0,50,0,,0.9049492747141662,2.1934612556779037e-10,26
brainseq,dlpfc,wgcna,2,M017,M003,0.0335707019328586,False,0.03636756988952895,0.12067149412998632,0.7047293127246005,0.20710102717159162,True,False,0.0,0.0,66,0,,0.6661551059169847,5.210030044911818e-08,53
brainseq,dlpfc,wgcna,2,M021,M000,0.03327571305099395,False,0.00612305527405423,0.10086477666890696,0.9491448289375638,0.2921870936816979,True,False,0.0,0.0,77,0,,0.8700958674293149,4.787996748765134e-16,49
brainseq,dlpfc,wgcna,2,M020,M007,0.01924557351809084,False,0.03833665462965716,0.00530243774939748,0.6895421753542381,0.9559531250219158,True,False,0.0,0.0,25,0,,0.8724585759578706,4.939460955683498e-06,17
brainseq,dlpfc,wgcna,2,M028,M002,0.004153207198892478,False,0.07397688707498677,0.040571821337155575,0.44033347687357444,0.6724513593848036,True,False,0.0,0.0,9,0,,,,0
brainseq,dlpfc,wgcna,3,M019,M028,0.8461538461538461,True,,,,,False,False,,,55,0,,,,0
brainseq,dlpfc,wgcna,3,M024,M029,0.8048780487804879,True,-0.055284429169763026,0.05670825585161965,0.5644089214929646,0.5544056376471515,False,False,0.25,0.42857142857142855,33,3,0.0069648093841642245,0.8299746995122307,9.649061870143798e-07,23
brainseq,dlpfc,wgcna,3,M002,M004,0.4889637111859334,True,0.06909664665567421,-0.014739511126633069,0.47115597116836005,0.8779718004014008,False,False,0.0,0.0,1307,0,1.0,0.8157109938293016,1.0765130941788026e-210,879
brainseq,dlpfc,wgcna,3,M023,M023,0.4666666666666667,True,0.11967965054535065,0.09075686710463417,0.21088627688422368,0.34347792209297584,True,False,0.25,0.25,42,2,0.011614401858304296,0.910421286031042,6.753996817336427e-10,24
brainseq,dlpfc,wgcna,3,M001,M001,0.4599867724867725,True,0.1230298011150564,-0.0565968864287488,0.19829667597162146,0.5551849848764971,False,False,0.1111111111111111,0.1111111111111111,1391,1,0.002156721782890007,0.8029861431923045,5.8197623986715826e-207,913
brainseq,dlpfc,wgcna,3,M021,M024,0.45555555555555555,True,0.1907428087409888,0.07878107329715381,0.04493072651957359,0.4111378919118551,True,False,0.0,0.0,41,0,,,,0
brainseq,dlpfc,wgcna,3,M017,M012,0.42028985507246375,True,-0.04591861145381285,-0.2589634517978866,0.6322525955389086,0.006061316828024991,True,False,0.25,0.25,174,2,0.0003986446083316723,0.8994397769993661,8.662308916571562e-43,116
brainseq,dlpfc,wgcna,3,M012,M009,0.4032967032967033,True,0.17220619220589647,0.049821758051677295,0.07071651825243012,0.6035616502800988,True,False,0.25,0.25,367,2,0.00044424020545191654,0.8074007109544961,7.568146565868249e-55,233
brainseq,dlpfc,wgcna,3,M011,M007,0.3943014705882353,True,-0.03264571832092983,-0.09734173962923923,0.733750186896435,0.30945534334609454,True,False,0.25,0.25,429,2,0.0001954533898765552,0.8254064638878208,1.6481729212045111e-66,262
brainseq,dlpfc,wgcna,3,M008,M003,0.31509267431597526,True,0.028090602526687023,0.08739491985992111,0.7697817233760585,0.3617232977005874,True,False,0.42857142857142855,0.42857142857142855,714,3,6.621303673777371e-08,0.816201273091231,3.483243882063399e-111,460
brainseq,dlpfc,wgcna,3,M000,M006,0.29153494906919564,True,0.0891307646015607,0.24200773354797583,0.35222923801795586,0.010497206643554071,True,False,0.25,0.25,830,2,8.720043018878894e-06,0.7678036671400723,5.913543958909495e-73,369
brainseq,dlpfc,wgcna,3,M022,M024,0.2871287128712871,True,0.01450295676729776,0.07878107329715381,0.8799154609424056,0.4111378919118551,True,False,0.5,0.5,29,1,0.03448275862068966,,,1
brainseq,dlpfc,wgcna,3,M007,M000,0.2825266048746996,True,-0.1819459469782135,0.06404166703870977,0.05597827746445656,0.5042811051942218,False,False,0.1111111111111111,0.1111111111111111,823,1,0.006075334143377885,0.8532897110910579,1.2491700474827655e-161,566
brainseq,dlpfc,wgcna,3,M003,M000,0.2547881601857226,True,-0.16711126986333724,0.06404166703870977,0.07959418544654118,0.5042811051942218,False,False,0.1111111111111111,0.1111111111111111,878,1,0.004555808656036446,0.8383418307693762,6.15785271349709e-169,635
brainseq,dlpfc,wgcna,3,M004,M002,0.24407252440725244,False,0.0948586609003119,0.21519343296338694,0.3220177182004832,0.02331815065183794,True,False,0.1111111111111111,0.1111111111111111,700,1,0.0014285714285714286,0.8205371175758878,9.427596799874103e-107,433
brainseq,dlpfc,wgcna,3,M010,M005,0.20923761825264328,False,0.228992414994316,0.17539465519334171,0.015627995675072247,0.06558053623432081,True,False,0.0,0.0,376,0,,0.7716358065850526,3.753694615307532e-42,207
brainseq,dlpfc,wgcna,3,M006,M001,0.1951919626838895,False,0.18588851593686145,-0.0565968864287488,0.050778415934195936,0.5551849848764971,False,False,0.0,0.0,544,0,1.0,0.8538067645456929,4.267720793029555e-104,362
brainseq,dlpfc,wgcna,3,M009,M010,0.1778688524590164,False,0.1810002541079534,-0.11795510807153281,0.057288516301939305,0.2175847893261855,False,False,0.1111111111111111,0.1111111111111111,217,1,0.013824884792626727,0.8281898047030457,4.658308548953949e-40,154
brainseq,dlpfc,wgcna,3,M014,M016,0.1683991683991684,False,-0.0773598773350308,-0.0533440538500108,0.4196543821750879,0.578177631523059,True,False,0.25,0.25,81,2,0.0027543366150961086,0.8731767258181936,9.388105115871293e-20,60
brainseq,dlpfc,wgcna,3,M005,M015,0.1660958904109589,False,0.08571029168458597,-0.008896595593064296,0.3710869469727865,0.9261639574391011,False,False,0.1111111111111111,0.1111111111111111,194,1,0.020618556701030927,0.8687704499204717,1.9452689001603466e-34,109
brainseq,dlpfc,wgcna,3,M015,M017,0.1175115207373272,False,0.16138536740323486,0.12215794547394479,0.09061464810819919,0.2015196060965026,True,False,0.0,0.0,51,0,,0.672111378133807,6.523895089615404e-05,29
brainseq,dlpfc,wgcna,3,M013,M014,0.10631741140215717,False,-0.04070596723354607,0.022725364853231626,0.6714308189378183,0.8128532050703067,False,False,0.1111111111111111,0.1111111111111111,69,1,0.043478260869565216,0.8583696901339806,1.4169586612078763e-17,57
brainseq,dlpfc,wgcna,3,M018,M008,0.0912863070539419,False,0.3254957383078617,0.09672606231637762,0.0004904450238608633,0.312539989222006,True,False,0.0,0.0,66,0,,0.6927491813697267,2.364037068634536e-09,57
brainseq,dlpfc,wgcna,3,M016,M003,0.05723158828748891,False,-0.4225874080231178,0.08739491985992111,3.834093217070206e-06,0.3617232977005874,False,False,0.0,0.0,129,0,1.0,0.7548897513693115,3.9587315046193677e-16,81
brainseq,dlpfc,wgcna,3,M020,M011,0.022900763358778626,False,-0.13157539744195118,0.051120014976605,0.1686566474915994,0.5941480913352044,False,False,0.0,0.0,12,0,,0.9276336570439174,0.007665844187473178,6
brainseq,dlpfc,wgcna,4,M021,M023,0.7878787878787878,True,0.05239370429224462,,0.5849775632637233,,False,False,0.0,0.0,52,0,,,,0
brainseq,dlpfc,wgcna,4,M022,M025,0.7111111111111111,True,0.04842501247678546,-0.06898530345176837,0.6137624919910657,0.47187261612520426,False,False,0.42857142857142855,0.42857142857142855,32,3,0.007647385984427142,0.8191542288557214,1.7531431755830609e-06,23
brainseq,dlpfc,wgcna,4,M020,M020,0.5894736842105263,True,0.03066656377090772,0.2250160515395258,0.749339776022548,0.017577997828781215,True,False,0.42857142857142855,0.42857142857142855,56,3,0.00014430014430014427,0.8908076463315369,7.608315755800297e-13,35
brainseq,dlpfc,wgcna,4,M023,M022,0.532258064516129,True,,0.13549751506716204,,0.1562073475989487,False,False,0.0,0.0,33,0,,,,0
brainseq,dlpfc,wgcna,4,M000,M002,0.492978786973409,True,0.04172110091751275,0.05602877495218953,0.6637274666374635,0.5591687412059039,True,False,0.0,0.0,1650,0,1.0,0.8016504098615601,1.7720528470619627e-246,1095
brainseq,dlpfc,wgcna,4,M008,M010,0.42355371900826444,True,0.0936640663007576,0.18837035881027586,0.3281767074110205,0.04771463346250048,True,False,0.0,0.0,410,0,1.0,0.7772449773811658,1.9738596407645574e-53,258
brainseq,dlpfc,wgcna,4,M015,M015,0.4064516129032258,True,-0.2285939639879822,-0.06583743914496128,0.01581454345825373,0.49237654260362046,True,False,0.1111111111111111,0.1111111111111111,126,1,0.09296466973886329,0.8394884476900815,1.0675840728010877e-23,85
brainseq,dlpfc,wgcna,4,M001,M003,0.38079569249177386,True,0.07288645590509371,-0.026376408170152948,0.4471197104751107,0.7834739247203755,False,False,0.1111111111111111,0.1111111111111111,1273,1,0.0023566378633150037,0.8031315867364677,2.370746720929519e-184,812
brainseq,dlpfc,wgcna,4,M005,M004,0.3582617483577564,True,0.059469569716130904,0.07946704882955533,0.5352529666328137,0.4070636726920666,True,False,0.0,0.0,709,0,,0.8376686719085997,1.2210166962785224e-137,518
brainseq,dlpfc,wgcna,4,M004,M001,0.3385658223332144,True,-0.09595268086698813,-0.07677428399222723,0.31644296494521507,0.4231930735426897,True,False,0.0,0.0,949,0,,0.82241394607345,1.7156310951295339e-168,681
brainseq,dlpfc,wgcna,4,M010,M011,0.27348066298342544,True,-0.003549696856136727,0.22571034829780506,0.9705048287647158,0.017223082150919,False,False,0.25,0.25,198,2,0.00015382248884786954,0.8671139974357649,9.824266112803121e-39,124
brainseq,dlpfc,wgcna,4,M006,M005,0.21780684104627768,False,0.20174616025967304,0.24133091025355985,0.03372442374667362,0.010722056482292958,True,True,0.25,0.25,433,2,3.207595586348473e-05,0.8524000287629213,3.361489143574486e-73,255
brainseq,dlpfc,wgcna,4,M007,M000,0.21709633649932158,False,0.17356946031589238,0.2520965176613657,0.06848209982517271,0.007603420523543613,True,False,0.0,0.0,800,0,1.0,0.7478197929906157,3.358890861972593e-56,307
brainseq,dlpfc,wgcna,4,M002,M000,0.21658031088082902,False,0.032661379816641564,0.2520965176613657,0.7336272440969518,0.007603420523543613,True,False,0.1111111111111111,0.1111111111111111,1045,1,0.0038277511961722493,0.7975760093609107,4.9709573482916064e-136,612
brainseq,dlpfc,wgcna,4,M011,M018,0.18147448015122875,False,-0.07533814771180922,0.047725000272839754,0.4319440907700944,0.6189029245513231,False,False,0.1111111111111111,0.1111111111111111,96,1,0.052083333333333336,0.6551865781504448,7.603325012920088e-11,78
brainseq,dlpfc,wgcna,4,M003,M008,0.17706237424547283,False,0.05044215146566462,0.10015332414222285,0.5990549727995508,0.29562180714415026,True,False,0.1111111111111111,0.1111111111111111,440,1,0.018119693518326777,0.8369791287416648,2.2006173256544298e-77,290
brainseq,dlpfc,wgcna,4,M009,M003,0.14927404718693285,False,-0.05103952783542782,-0.026376408170152948,0.5947297680857322,0.7834739247203755,True,False,0.1111111111111111,0.1111111111111111,329,1,0.006079027355623099,0.8366850876425344,7.881623935873199e-52,193
brainseq,dlpfc,wgcna,4,M016,M015,0.12105263157894737,False,-0.07502216501839222,-0.06583743914496128,0.43388329607838216,0.49237654260362046,True,False,0.0,0.0,46,0,,0.7072504662369015,2.033540269169027e-06,35
brainseq,dlpfc,wgcna,4,M013,M006,0.11744386873920552,False,-0.19067458614657773,-0.13348875499754273,0.04500885184507535,0.16249466750203898,True,False,0.25,0.25,136,2,0.00010893246187363833,0.8364276592160387,2.158938647470401e-28,104
brainseq,dlpfc,wgcna,4,M018,M021,0.09933774834437085,False,0.09662589083646116,-0.025220119212550747,0.3130437478018237,0.7927476057938928,False,False,0.1111111111111111,0.1111111111111111,15,1,0.1333333333333333,0.9723448696087955,0.00024067356450236616,7
brainseq,dlpfc,wgcna,4,M012,M006,0.08471760797342193,False,-0.06463336641117345,-0.13348875499754273,0.50034213798703,0.16249466750203898,True,False,0.0,0.0,102,0,,0.8861005724066197,5.005152376180334e-21,60
brainseq,dlpfc,wgcna,4,M017,M006,0.07232142857142858,False,-0.10283842008513891,-0.13348875499754273,0.2827977272915789,0.16249466750203898,True,False,0.1111111111111111,0.1111111111111111,81,1,0.01234567901234568,0.8172087586492827,6.691557337204848e-19,74
brainseq,dlpfc,wgcna,4,M014,M004,0.06623376623376623,False,0.20681285703327143,0.07946704882955533,0.029417503935947227,0.4070636726920666,True,False,0.0,0.0,102,0,,0.5902117799974009,6.680270755832946e-09,81
brainseq,dlpfc,wgcna,4,M019,M019,0.027472527472527472,False,0.1367946510086891,0.29729208115418965,0.1522451986492097,0.0015313586691081676,True,False,0.0,0.0,5,0,,0.8999999999999998,0.03738607346849874,5
brainseq,hippocampus,isograph,0,M003,M001,0.3562281722933644,True,0.0877227147692217,0.12465522369171711,0.3427877497884573,0.17677570057456551,True,False,0.1111111111111111,0.1111111111111111,306,1,0.0065359477124183,0.8300903609398881,2.8778078837615604e-34,130
brainseq,hippocampus,isograph,0,M001,M000,0.34394250513347024,True,-0.03192530569281388,0.11353145519651779,0.7303381002697426,0.21892612625725652,False,False,0.25,0.25,335,2,5.36240950933953e-05,0.8751585827771745,1.9153209964076893e-105,330
brainseq,hippocampus,isograph,0,M002,M004,0.3077922077922078,True,-0.00785010593865981,0.15341298045009447,0.9324744988056684,0.0957633293235671,False,False,0.0,0.0,237,0,1.0,0.6160454419330041,3.7115809244005474e-26,237
brainseq,hippocampus,isograph,0,M000,M003,0.27724665391969405,True,-0.11414783590227895,-0.028261414216441322,0.2164187686613112,0.7602881427731824,True,False,0.0,0.0,290,0,,0.9038955762314588,6.235799795629798e-48,127
brainseq,hippocampus,isograph,0,M005,M002,0.22732919254658385,False,0.046248244346844554,-0.030015706335934884,0.6174617564967528,0.745900502383672,False,False,0.0,0.0,183,0,,0.7777460243115762,6.355964661461417e-37,176
brainseq,hippocampus,isograph,0,M008,M002,0.16473616473616473,False,-0.0795370563517311,-0.030015706335934884,0.38987070376286975,0.745900502383672,True,False,0.25,0.25,128,2,0.00012303149606299212,0.5339673147571766,1.430767419852616e-10,125
brainseq,hippocampus,isograph,0,M004,M002,0.11674008810572688,False,0.0019705451817444803,-0.030015706335934884,0.9830308886466427,0.745900502383672,False,False,0.0,0.0,106,0,,0.6269346203447559,8.386060932014144e-13,105
brainseq,hippocampus,isograph,0,M007,M009,0.10116731517509728,False,-0.11440532975934191,0.06093106816935601,0.21537738208818133,0.5103610535281429,False,False,0.0,0.0,52,0,,0.7149931066665124,4.964873740573482e-08,44
brainseq,hippocampus,isograph,0,M006,M008,0.09507640067911714,False,0.0193626176512718,-0.0028143408513307266,0.8344394148336753,0.9757665195675351,False,False,0.0,0.0,56,0,,0.8156351028635633,1.9297412343059584e-14,56
brainseq,hippocampus,isograph,0,M013,M010,0.05405405405405406,False,0.0336195079919422,-0.014319862731697606,0.7166220204688535,0.8771600718656991,False,False,0.0,0.0,14,0,,-0.4076663253918571,0.1479283148402438,14
brainseq,hippocampus,isograph,0,M009,M009,0.05021834061135371,False,-0.1522871061824968,0.06093106816935601,0.09825363997393294,0.5103610535281429,False,False,0.0,0.0,23,0,,0.5851223165252122,0.003358680810861551,23
brainseq,hippocampus,isograph,0,M011,M013,0.04186046511627907,False,0.02443835228605314,0.0517275137057579,0.7919213967344556,0.5763674080408949,True,False,0.0,0.0,9,0,,0.8499999999999999,0.0037047773275858125,9
brainseq,hippocampus,isograph,0,M010,M006,0.041666666666666664,False,0.018284735466669883,0.1980259461063699,0.8435348630014917,0.030863124002114963,True,False,0.0,0.0,20,0,,0.9097065462753948,2.719919834475617e-08,20
brainseq,hippocampus,isograph,0,M015,M005,0.03712871287128713,False,-0.020799693259045886,0.05942271058168885,0.8223471261766112,0.5209052282403644,False,False,0.0,0.0,15,0,,0.560846218081517,0.02962982485012347,15
brainseq,hippocampus,isograph,0,M012,M010,0.02616279069767442,False,0.16195686762875103,-0.014319862731697606,0.07845368579963109,0.8771600718656991,False,False,0.0,0.0,9,0,,-0.1889822365046136,0.6262832660486101,9
brainseq,hippocampus,isograph,0,M014,M011,0.016216216216216217,False,-0.11899092666659783,0.1744393729584835,0.1974255105815675,0.057775482867399246,False,False,0.0,0.0,3,0,,,,3
brainseq,hippocampus,isograph,1,M002,M000,0.3207171314741036,True,0.0026707541896682768,0.07214284810970792,0.977002555939996,0.43557019768890204,True,False,0.25,0.25,322,2,0.00017378243455041506,0.8773785072649792,7.616555282244025e-102,315
brainseq,hippocampus,isograph,1,M000,M002,0.3127962085308057,True,0.01046861391622875,-0.14322465796362965,0.9100331109857489,0.12020163353599575,False,False,0.1111111111111111,0.1111111111111111,330,1,0.018126554296767065,0.8300020295406085,1.1713464578937062e-29,112
brainseq,hippocampus,isograph,1,M001,M006,0.259825327510917,True,-0.021764105485450814,0.2262473286557404,0.8142551785469376,0.013353989795044242,False,False,0.25,0.25,238,2,3.545722086302875e-05,0.8226971799500684,5.7202041199470234e-31,121
brainseq,hippocampus,isograph,1,M003,M004,0.24361948955916474,False,0.1076696582841518,0.05574708882269765,0.24380394197112276,0.5470553183556351,True,False,0.0,0.0,210,0,,0.5688179585277143,2.1254239356441354e-19,210
brainseq,hippocampus,isograph,1,M004,M003,0.24203821656050956,False,0.0628771479171033,-0.06644720895167527,0.4969215895002939,0.4727594607477005,False,False,0.25,0.25,190,2,0.00016708437761069338,0.7289643865009173,6.091213539647098e-32,185
brainseq,hippocampus,isograph,1,M005,M005,0.16709844559585493,False,0.029251536553370067,-0.04354393561204446,0.7521573418762924,0.6381996113380003,False,False,0.25,0.25,129,2,0.0003633720930232558,0.4911021256607154,1.422340663264181e-08,119
brainseq,hippocampus,isograph,1,M006,M008,0.10857142857142857,False,0.027263531490828753,-0.014070421203807113,0.7685092057448908,0.8792835180194188,False,False,0.0,0.0,57,0,,0.538268063986616,1.5697752548516246e-05,57
brainseq,hippocampus,isograph,1,M007,M010,0.09651474530831099,False,0.0499560849210152,0.004611394208678059,0.5895133241874524,0.9603027618680036,True,False,0.1111111111111111,0.1111111111111111,36,1,0.027777777777777776,0.8328224780352048,1.0016409173019968e-09,34
brainseq,hippocampus,isograph,1,M009,M007,0.07092198581560284,False,-0.026437348783472897,0.07927299190667823,0.7753352627025689,0.3914514583775363,False,False,0.0,0.0,40,0,,0.5486660230129711,0.00024667120200635957,40
brainseq,hippocampus,isograph,1,M010,M009,0.07084468664850137,False,0.07111093948166325,0.014485952860382739,0.4421816864511206,0.8757466624481812,True,False,0.1111111111111111,0.1111111111111111,26,1,0.03846153846153846,0.7141880341880341,4.171585471383313e-05,26
brainseq,hippocampus,isograph,1,M008,M009,0.06682577565632458,False,0.04246109211423327,0.014485952860382739,0.6465835391841761,0.8757466624481812,True,False,0.0,0.0,28,0,,0.8552559163456245,6.756337818732173e-09,28
brainseq,hippocampus,isograph,1,M011,M010,0.046357615894039736,False,0.06142279022784364,0.004611394208678059,0.5069476414407735,0.9603027618680036,True,False,0.0,0.0,14,0,,,,2
brainseq,hippocampus,isograph,1,M012,M011,0.033707865168539325,False,-0.02813519728334997,-0.06418574182060634,0.7613265278184821,0.4879903612152131,True,False,0.0,0.0,9,0,,0.8666666666666667,0.002495398285990204,9
brainseq,hippocampus,isograph,1,M015,M006,0.030952380952380953,False,0.08997691070072453,0.2262473286557404,0.33048002691713624,0.013353989795044242,True,False,0.0,0.0,13,0,,,,2
brainseq,hippocampus,isograph,1,M013,M013,0.024793388429752067,False,0.12181205146582558,0.06696936683908383,0.18693291792709146,0.4692798264479509,True,False,0.1111111111111111,0.1111111111111111,3,1,0.3333333333333333,,,3
brainseq,hippocampus,isograph,1,M014,M010,0.01694915254237288,False,0.02027704362275307,0.004611394208678059,0.82674030759098,0.9603027618680036,True,False,0.0,0.0,4,0,,,,4
brainseq,hippocampus,isograph,2,M004,M003,0.360699865410498,True,0.12277735882829896,0.03928499496704915,0.1834377269806093,0.6714279448371601,True,False,0.1111111111111111,0.1111111111111111,268,1,0.007462686567164179,0.85883052056097,2.2852101508130797e-24,80
brainseq,hippocampus,isograph,2,M002,M002,0.3337278106508876,True,0.11592188271608322,0.04399765631344613,0.20931623126154775,0.6347001266135331,True,False,0.0,0.0,282,0,,0.5505183758204675,1.1464052524962084e-23,281
brainseq,hippocampus,isograph,2,M001,M001,0.30210325047801145,True,-0.08645175333174918,-0.02175080840670286,0.3498529309358764,0.8143666175142321,True,False,0.0,0.0,316,0,,0.7849293549739071,1.3006530330996575e-24,112
brainseq,hippocampus,isograph,2,M000,M000,0.2780229479258605,True,0.1679206512298587,-0.028723879804149748,0.06793351154078146,0.7564870994407885,False,False,0.42857142857142855,0.42857142857142855,315,3,7.752230946712133e-07,0.873044420279174,5.162052092086004e-99,313
brainseq,hippocampus,isograph,2,M005,M005,0.2504118616144975,True,-0.14814330722692165,0.0877472058096906,0.10786148442089465,0.34265249610287923,False,False,0.1111111111111111,0.1111111111111111,152,1,0.006578947368421053,0.8159738439655823,3.9277367194682684e-35,142
brainseq,hippocampus,isograph,2,M007,M008,0.14512471655328799,False,-0.11664666387814333,0.01812072443544769,0.206462996817391,0.8449206691173,False,False,0.42857142857142855,0.42857142857142855,64,3,9.600614439324118e-05,0.8042933652641492,2.0404728445562812e-15,63
brainseq,hippocampus,isograph,2,M008,M009,0.14423076923076922,False,-0.07645175708199589,0.014809088155564733,0.4085785936502438,0.8729979398692006,False,False,0.0,0.0,60,0,,0.2328865376748258,0.07334234902196997,60
brainseq,hippocampus,isograph,2,M003,M003,0.11678832116788321,False,-0.0031263180013464042,0.03928499496704915,0.9730811300873833,0.6714279448371601,False,False,0.1111111111111111,0.1111111111111111,112,1,0.008928571428571428,0.7429921083627132,8.841370911522867e-16,83
brainseq,hippocampus,isograph,2,M009,M009,0.08048780487804878,False,-0.14038807510810014,0.014809088155564733,0.1277986589532893,0.8729979398692006,False,False,0.0,0.0,33,0,,0.704062493713431,4.833204973535102e-06,33
brainseq,hippocampus,isograph,2,M013,M010,0.05653710247349823,False,0.002449792246231281,0.0552623087123783,0.9789047670416038,0.5505515317073726,True,False,0.0,0.0,16,0,,0.7058823529411764,0.0022459006010513297,16
brainseq,hippocampus,isograph,2,M010,M010,0.05572755417956656,False,-0.06664373461451426,0.0552623087123783,0.4714481806321947,0.5505515317073726,False,False,0.0,0.0,18,0,,0.5500515995872033,0.01802759336113747,18
brainseq,hippocampus,isograph,2,M006,M007,0.051756007393715345,False,0.11655463158216588,0.06236859538001068,0.20682374572674594,0.5004155459745921,True,False,0.0,0.0,28,0,,0.23218984474989787,0.23445890275606895,28
brainseq,hippocampus,isograph,2,M014,M010,0.046511627906976744,False,0.2548293949144668,0.0552623087123783,0.005160385741356626,0.5505515317073726,True,False,0.0,0.0,12,0,,0.9370629370629372,6.9931649532105415e-06,12
brainseq,hippocampus,isograph,2,M012,M004,0.04048582995951417,False,0.024856204075081344,0.03360439834463971,0.7884464177366372,0.7167439562111232,True,False,0.0,0.0,30,0,,0.8529088109826619,2.160113544157803e-09,30
brainseq,hippocampus,isograph,2,M011,M006,0.039337474120082816,False,-0.12537592068638223,-0.003091547930064366,0.17426674523880506,0.9733804042580774,True,False,0.0,0.0,19,0,,0.6505706760316067,0.0025600156033795244,19
brainseq,hippocampus,isograph,2,M015,M001,0.035437430786267994,False,-0.06326440537803665,-0.02175080840670286,0.4942696102499394,0.8143666175142321,True,False,0.0,0.0,32,0,,0.5734265734265735,0.05126558978649151,12
brainseq,hippocampus,isograph,2,M016,M010,0.02727272727272727,False,0.03581552907198218,0.0552623087123783,0.6989772556254595,0.5505515317073726,True,False,0.0,0.0,6,0,,0.8285714285714287,0.04156268221574335,6
brainseq,hippocampus,isograph,2,M018,M006,0.01680672268907563,False,0.025454196125068853,-0.003091547930064366,0.7834805757119999,0.9733804042580774,False,False,0.0,0.0,6,0,,0.942857142857143,0.004804664723032055,6
brainseq,hippocampus,isograph,2,M017,M006,0.013927576601671309,False,-0.0836785362504641,-0.003091547930064366,0.36558298539088385,0.9733804042580774,True,False,0.0,0.0,5,0,,0.6,0.28475697986529386,5
brainseq,hippocampus,isograph,3,M001,M000,0.32645739910313903,True,-0.02871859277043795,-0.11816064568912456,0.7565305213605135,0.20059309703054135,True,False,0.0,0.0,364,0,1.0,0.8471782959090548,2.8022102660136623e-40,142
brainseq,hippocampus,isograph,3,M002,M002,0.32588832487309644,True,0.04314200004704477,0.16287056271302608,0.6413063482716833,0.07676187710349212,True,False,0.1111111111111111,0.1111111111111111,321,1,0.01246105919003115,0.7634014359960607,1.605805369709586e-33,169
brainseq,hippocampus,isograph,3,M003,M004,0.31151832460732987,True,0.04669015598662047,0.04435645580656547,0.6141008394318463,0.6319384457745609,True,False,0.0,0.0,238,0,,0.5684904413067163,8.959633755925577e-22,238
brainseq,hippocampus,isograph,3,M000,M003,0.21944035346097202,False,0.07961245654711287,-0.005310981900805402,0.38942004386876733,0.9542864337018165,False,False,0.25,0.25,298,2,0.00013558402820147786,0.8799042686841012,4.816868305886049e-96,293
brainseq,hippocampus,isograph,3,M005,M006,0.15912897822445563,False,-0.03853992379503101,0.02456233107040465,0.677309080275399,0.7908899233020309,False,False,0.0,0.0,95,0,,0.7785649448544048,6.956750659513332e-19,87
brainseq,hippocampus,isograph,3,M004,M001,0.13693901035673187,False,-0.02136819520240926,-0.00019059039704438546,0.8175747680146248,0.9983586328532872,True,False,0.0,0.0,119,0,,0.4229798480897756,1.648162248635288e-06,119
brainseq,hippocampus,isograph,3,M006,M001,0.09869203329369798,False,-0.03696731153514309,-0.00019059039704438546,0.6897858908680186,0.9983586328532872,True,False,0.1111111111111111,0.1111111111111111,83,1,0.047898912724066996,0.917842706579805,4.916184299546458e-33,80
brainseq,hippocampus,isograph,3,M008,M007,0.06493506493506493,False,-0.08140533636595532,-0.029845043207474938,0.37879654794457124,0.7472964338790193,True,False,0.0,0.0,30,0,,0.5617352614015573,0.001237234268514525,30
brainseq,hippocampus,isograph,3,M016,M006,0.05722070844686648,False,-0.06786483464704204,0.02456233107040465,0.4633451587487768,0.7908899233020309,False,False,0.0,0.0,21,0,,0.2507429436883994,0.27293850277840925,21
brainseq,hippocampus,isograph,3,M010,M001,0.05649717514124294,False,-0.0737481998752335,-0.00019059039704438546,0.4253973760307058,0.9983586328532872,True,False,0.1111111111111111,0.1111111111111111,40,1,0.07500000000000001,0.7407766990291261,3.474031702354163e-05,24
brainseq,hippocampus,isograph,3,M014,M009,0.04513888888888889,False,0.10183713333759441,0.07744075723531413,0.27043824660450333,0.4025250552879503,True,False,0.0,0.0,13,0,,0.8492150208499433,0.0002396527755449873,13
brainseq,hippocampus,isograph,3,M007,M001,0.044226044226044224,False,0.06056312962113547,-0.00019059039704438546,0.5129229290528515,0.9983586328532872,False,False,0.0,0.0,36,0,,0.15158173695080476,0.37750215943815535,36
brainseq,hippocampus,isograph,3,M012,M001,0.04360902255639098,False,-0.017546831461283687,-0.00019059039704438546,0.8497734629774318,0.9983586328532872,True,False,0.0,0.0,29,0,,0.442800228058452,0.01614953486102474,29
brainseq,hippocampus,isograph,3,M013,M001,0.043010752688172046,False,0.019711082652950653,-0.00019059039704438546,0.8315035866949901,0.9983586328532872,False,False,0.0,0.0,28,0,,0.2451078298872167,0.20870337490358085,28
brainseq,hippocampus,isograph,3,M011,M007,0.0387409200968523,False,0.0023747551085920512,-0.029845043207474938,0.9795507721580856,0.7472964338790193,False,False,0.0,0.0,16,0,,0.4904270986745213,0.05377096259330075,16
brainseq,hippocampus,isograph,3,M009,M005,0.03787878787878788,False,0.043530860197450366,-0.015648028599921093,0.6383005787327214,0.8658687063254676,False,False,0.0,0.0,20,0,,0.8853695324283559,2.126213222053822e-07,20
brainseq,hippocampus,isograph,3,M015,M012,0.028089887640449437,False,-0.020282686982839776,0.056595640023627616,0.8266928429288721,0.5409618361151628,False,False,0.0,0.0,5,0,,0.7905694150420948,0.11136715471408393,5
brainseq,hippocampus,isograph,3,M017,M012,0.025974025974025976,False,-0.003356883322482815,0.056595640023627616,0.9710966968420219,0.5409618361151628,False,False,0.0,0.0,4,0,,,,4
brainseq,hippocampus,isograph,3,M019,M001,0.014516129032258065,False,-0.09470982696249154,-0.00019059039704438546,0.3055698791276104,0.9983586328532872,True,False,0.0,0.0,9,0,,0.5768003402462781,0.10395873930627557,9
brainseq,hippocampus,isograph,3,M018,M007,0.011730205278592375,False,0.021914593965957352,-0.029845043207474938,0.8129942372973664,0.7472964338790193,False,False,0.0,0.0,4,0,,,,4
brainseq,hippocampus,isograph,4,M001,M001,0.3701707097933513,True,-0.05185592730876104,-0.11892946852602601,0.57541977158196,0.197658732342226,True,False,0.0,0.0,412,0,1.0,0.7680644217565894,3.1676860344303372e-31,154
brainseq,hippocampus,isograph,4,M002,M003,0.3425238600212089,True,0.12032573246941684,0.11704626714979278,0.19240913471208923,0.20490185928171545,True,False,0.1111111111111111,0.1111111111111111,323,1,0.006191950464396284,0.8248225569096247,3.0570451573505576e-35,137
brainseq,hippocampus,isograph,4,M000,M000,0.32164179104477614,True,0.07031275161415207,0.027283987773360156,0.4473343593040623,0.7683404147576829,True,False,0.25,0.25,431,2,0.00019364437429510552,0.8398897531538904,3.382717867508854e-112,417
brainseq,hippocampus,isograph,4,M003,M002,0.2960954446854664,True,0.12941533841060482,-0.002350046205808372,0.16068851615610738,0.9797634974440907,False,False,0.0,0.0,273,0,,0.6610041370186551,1.1598361953769643e-35,273
brainseq,hippocampus,isograph,4,M004,M004,0.20520673813169985,False,0.028722557345582433,-0.01779521095792677,0.7564979605997272,0.847672484687918,False,False,0.0,0.0,134,0,1.0,0.8136058569550756,3.172642863526142e-31,127
brainseq,hippocampus,isograph,4,M007,M005,0.14285714285714285,False,0.06655390624982849,-0.04478996550049127,0.4720472975234882,0.6286084731092482,False,False,0.0,0.0,69,0,,0.40658384509112167,0.0005269083317106432,69
brainseq,hippocampus,isograph,4,M006,M007,0.12359550561797752,False,0.020539630261362747,-0.009130266232235928,0.8245324323515822,0.9214954208018685,False,False,0.0,0.0,66,0,,0.8956423481079409,1.717520833834453e-23,64
brainseq,hippocampus,isograph,4,M005,M007,0.10099337748344371,False,-0.024444273161415345,-0.009130266232235928,0.7918721282948284,0.9214954208018685,True,False,0.1111111111111111,0.1111111111111111,61,1,0.032786885245901634,0.4226013769253682,0.0008551291219664554,59
brainseq,hippocampus,isograph,4,M012,M013,0.09401709401709402,False,0.20554564696180413,0.157050801792842,0.024924363740561888,0.08805640689198052,True,False,0.0,0.0,11,0,,0.9818181818181818,8.403066433955256e-08,11
brainseq,hippocampus,isograph,4,M009,M005,0.07829977628635347,False,0.12581253216493682,-0.04478996550049127,0.17275959788387416,0.6286084731092482,False,False,0.0,0.0,35,0,,0.7470663539043183,2.5374529692817583e-07,35
brainseq,hippocampus,isograph,4,M010,M005,0.07606263982102908,False,0.06286236266252938,-0.04478996550049127,0.4970229885841362,0.6286084731092482,False,False,0.1111111111111111,0.1111111111111111,34,1,0.02941176470588235,0.6180820584253166,0.00016347818816148747,32
brainseq,hippocampus,isograph,4,M008,M008,0.04261363636363636,False,0.11929097894562052,0.09668337440752564,0.19628972460242977,0.29555581370996886,True,False,0.0,0.0,15,0,,0.9284436493738819,5.934646328328992e-07,15
brainseq,hippocampus,isograph,4,M011,M006,0.03178484107579462,False,0.13523332737143254,-0.12878987813947632,0.14254065513329356,0.162737688756272,False,False,0.0,0.0,13,0,,0.5659340659340659,0.04379259223545486,13
brainseq,hippocampus,isograph,4,M013,M008,0.02032520325203252,False,0.005210799732023146,0.09668337440752564,0.9551478325274658,0.29555581370996886,True,False,0.0,0.0,5,0,,0.8999999999999998,0.03738607346849874,5
brainseq,hippocampus,wgcna,0,M007,M009,0.7872340425531915,True,,,,,False,False,,,37,0,,,,0
brainseq,hippocampus,wgcna,0,M000,M000,0.6790480689736624,True,-0.0049008963976177305,0.15370786690555124,0.957812805096079,0.09511938556604137,False,False,0.25,0.25,11499,2,2.7225116913919454e-07,0.8336423799339596,0.0,7789
brainseq,hippocampus,wgcna,0,M004,M003,0.5491923641703378,True,-0.035607149936650304,0.10765017228871486,0.700644856652091,0.24388978321922708,False,False,0.0,0.0,374,0,1.0,0.7614712656975265,3.619660240258289e-42,216
brainseq,hippocampus,wgcna,0,M001,M001,0.470991890205864,True,0.07139822667199544,0.11724798913378628,0.4403353520229005,0.2041170141205333,True,False,0.0,0.0,1510,0,1.0,0.8118994508943321,3.313058967650307e-236,1003
brainseq,hippocampus,wgcna,0,M005,M005,0.46437994722955145,True,-0.014235024612218821,-0.020080601432737787,0.8778821847771336,0.8283929140674886,True,False,0.1111111111111111,0.1111111111111111,176,1,0.10978491311359559,0.7471847283981692,6.606852612056435e-19,99
brainseq,hippocampus,wgcna,0,M006,M007,0.22477064220183487,False,-0.17285366094455187,-0.08652400550658461,0.060123901578751256,0.349448857840046,True,False,0.25,0.25,49,2,0.0025510204081632655,0.5953205372369366,0.0010535424695209594,27
brainseq,hippocampus,wgcna,0,M003,M006,0.19818181818181818,False,0.1560540578927858,-0.02574248323228954,0.09011722173739309,0.781089676673571,False,False,0.25,0.25,109,2,0.001019367991845056,0.8097866444461715,1.0723198225152599e-16,67
brainseq,hippocampus,wgcna,0,M002,M000,0.1361062424160712,False,-0.12740586495253578,0.15370786690555124,0.16734114060468588,0.09511938556604137,False,False,0.1111111111111111,0.1111111111111111,2019,1,0.002476473501733531,0.8242328915302739,1.2982748468710303e-303,1222
brainseq,hippocampus,wgcna,1,M000,M000,0.7074959574959575,True,0.09456467581078913,0.10303978484085996,0.30631506409951936,0.26479129063750306,True,False,0.25,0.25,12251,2,1.33266921983878e-07,0.8395145869109064,0.0,8386
brainseq,hippocampus,wgcna,1,M003,M004,0.5959302325581395,True,-0.044967928727803586,0.07644755253339339,0.627243613254556,0.40860444281558267,False,False,0.25,0.25,410,2,0.0007086033595033045,0.7795702083006862,4.168474112122538e-52,249
brainseq,hippocampus,wgcna,1,M002,M001,0.595467032967033,True,-0.042400854173886546,0.2170201778130943,0.6470512478927476,0.017752054901552603,False,False,0.1111111111111111,0.1111111111111111,867,1,0.013792919953950123,0.7669459195732509,2.8540297322173136e-107,548
brainseq,hippocampus,wgcna,1,M005,M005,0.5196078431372549,True,-0.03543812576279362,0.030028097622601963,0.7019985580233561,0.7457991803935997,False,False,0.25,0.25,159,2,0.004655575743824327,0.8306459281040602,6.029923668158506e-28,105
brainseq,hippocampus,wgcna,1,M007,M007,0.47115384615384615,True,-0.019861328709822046,0.1958006883500126,0.83023847232817,0.03283540179381873,False,False,0.42857142857142855,0.42857142857142855,98,3,6.574794866400168e-05,0.6926389678722904,4.663414389492579e-09,55
brainseq,hippocampus,wgcna,1,M004,M003,0.3136482939632546,True,0.018948412889487305,-0.1792473719671407,0.8379320646340529,0.05111099618765938,False,False,0.1111111111111111,0.1111111111111111,239,1,0.016736401673640166,0.846056072924823,3.158103262259735e-36,128
brainseq,hippocampus,wgcna,1,M001,M000,0.16790796245837117,False,-0.012662608502742641,0.10303978484085996,0.8912835909146277,0.26479129063750306,False,False,0.1111111111111111,0.1111111111111111,2773,1,0.00144248106743599,0.8433950959471724,0.0,1741
brainseq,hippocampus,wgcna,1,M006,M000,0.01640473357961305,False,0.0816383853032575,0.10303978484085996,0.3774286950712607,0.26479129063750306,True,False,0.0,0.0,262,0,,0.7890381172628711,1.488908159658037e-43,199
brainseq,hippocampus,wgcna,2,M000,M000,0.5967487565206843,True,0.06952775032582452,0.10975752696901592,0.45243461088264,0.23472742740885907,True,False,0.25,0.25,9838,2,2.0666194196134957e-07,0.8222155475416425,0.0,6970
brainseq,hippocampus,wgcna,2,M002,M003,0.5321585903083701,True,0.12096648896260469,-0.0035484870079760325,0.19003421574325885,0.9694477330742645,False,False,0.25,0.25,604,2,0.00016419191144670473,0.7681803139868886,2.555976225753462e-71,360
brainseq,hippocampus,wgcna,2,M007,M005,0.39709443099273606,True,0.025310282443794258,-0.066658641934151,0.7846748759325889,0.4713487952274224,False,False,0.1111111111111111,0.1111111111111111,164,1,0.024390243902439022,0.7690420460510082,3.616767066628813e-20,97
brainseq,hippocampus,wgcna,2,M006,M004,0.3665338645418327,True,0.09371087283382966,0.07586054103233511,0.31072240882362534,0.41222275983161205,True,False,0.25,0.25,184,2,0.0010613050527519521,0.8040990552532754,1.6524418247687922e-27,116
brainseq,hippocampus,wgcna,2,M001,M000,0.25675675675675674,True,0.035583791254359905,0.10975752696901592,0.7008318787503429,0.23472742740885907,True,False,0.25,0.25,4598,2,2.8373881494581396e-06,0.8370773945070242,0.0,2851
brainseq,hippocampus,wgcna,2,M008,M004,0.25229357798165136,True,0.0629990899933887,0.07586054103233511,0.4960857109824306,0.41222275983161205,True,False,0.1111111111111111,0.1111111111111111,110,1,0.03636363636363636,0.753645292067691,2.8261660905377586e-13,66
brainseq,hippocampus,wgcna,2,M003,M001,0.20333745364647712,False,-0.1425636623433895,-0.09557996757388697,0.12193996167458146,0.3011276047250453,True,False,0.1111111111111111,0.1111111111111111,329,1,0.006079027355623099,0.7816126251724576,2.8087399046917704e-43,204
brainseq,hippocampus,wgcna,2,M004,M000,0.033934707903780066,False,0.0746084094495531,0.10975752696901592,0.4200032237072635,0.23472742740885907,True,False,0.0,0.0,553,0,,0.7954576543705222,3.4851109110769056e-81,366
brainseq,hippocampus,wgcna,2,M009,M006,0.03278688524590164,False,-0.09010107264854267,0.105937434547266,0.3298104191341013,0.25151686546351826,False,False,0.0,0.0,6,0,,,,0
brainseq,hippocampus,wgcna,2,M005,M000,0.018532155130093275,False,0.04752942256113548,0.10975752696901592,0.6077399002162885,0.23472742740885907,True,False,0.0,0.0,302,0,,0.8049905877967247,1.0999405405182243e-47,204
brainseq,hippocampus,wgcna,3,M006,M006,0.6333333333333333,True,0.001046253975386058,,0.9909898289984469,,False,False,0.0,0.0,38,0,,,,0
brainseq,hippocampus,wgcna,3,M003,M003,0.6152512998266898,True,0.04259094924084448,0.0030529748152961517,0.6455757513819159,0.9737124164442985,True,False,0.1111111111111111,0.1111111111111111,355,1,0.04449965593637778,0.762878888903646,1.3475639818095062e-42,217
brainseq,hippocampus,wgcna,3,M000,M000,0.5760413499543934,True,0.14927512628315873,0.12878196236457987,0.10516716924221879,0.16276374701759233,True,False,0.1111111111111111,0.25,9473,2,2.2289522711775432e-07,0.8323713536866783,0.0,6653
brainseq,hippocampus,wgcna,3,M004,M004,0.5708061002178649,True,-0.01832003008397817,-0.09513698666800065,0.8432367045879343,0.3033837941586049,True,False,0.1111111111111111,0.1111111111111111,262,1,0.02281302097043081,0.7871827298526399,5.674469367956926e-31,141
brainseq,hippocampus,wgcna,3,M002,M002,0.5250431778929189,True,0.04858511654205432,0.14190633501278146,0.5997801040762641,0.12368781740806489,True,False,0.25,0.25,912,2,7.205804767766754e-05,0.7301912437728888,5.18464384111493e-99,588
brainseq,hippocampus,wgcna,3,M005,M005,0.5230769230769231,True,-0.08045462923102843,-0.19063508504092314,0.38440774600703514,0.037827602537138114,True,False,0.1111111111111111,0.1111111111111111,68,1,0.12842206081890017,0.6924975320829219,3.7558278126853677e-07,42
brainseq,hippocampus,wgcna,3,M001,M001,0.17525092445853144,False,-0.08417342386160476,-0.1048868413362002,0.36274442872568424,0.25627575893930793,True,False,0.0,0.0,1327,0,,0.8411622907141455,1.1822297828775893e-217,809
brainseq,hippocampus,wgcna,3,M007,M001,0.0004293073840870063,False,-0.0782061790778877,-0.1048868413362002,0.3978766571223336,0.25627575893930793,True,False,0.0,0.0,3,0,,,,3
brainseq,hippocampus,wgcna,4,M000,M000,0.7694605412509707,True,0.16446664739371677,0.08868913297642013,0.07387707379824698,0.3374761982926513,True,False,0.42857142857142855,0.42857142857142855,12880,3,2.808042235226067e-10,0.831322553467734,0.0,8809
brainseq,hippocampus,wgcna,4,M006,M006,0.716012084592145,True,0.05255516207245277,0.13516194733870088,0.5702725194763273,0.1427534747586456,True,False,0.42857142857142855,0.42857142857142855,237,3,1.8259254018177088e-06,0.8012610434002229,1.1046047263459278e-42,185
brainseq,hippocampus,wgcna,4,M009,M009,0.68,True,,,,,False,False,,,34,0,,,,0
brainseq,hippocampus,wgcna,4,M001,M002,0.5856443719412724,True,0.09219692723707365,0.0844170238455762,0.3186384760960185,0.36135221424861763,True,False,0.25,0.25,718,2,0.0001393378946960611,0.8067858591585966,1.6019400979831755e-103,446
brainseq,hippocampus,wgcna,4,M003,M004,0.48204419889502764,True,-0.023841898619440843,0.06486652464989584,0.7968887439448454,0.4833780100519463,False,False,0.0,0.0,349,0,,0.6568240944105517,1.121681277564533e-27,213
brainseq,hippocampus,wgcna,4,M005,M005,0.43052837573385516,True,0.03426667171043565,-0.14825164084412412,0.7114061014061306,0.10760128269480722,False,False,0.25,0.25,220,2,0.00037245649913740915,0.8552138255858944,8.957938578145642e-38,128
brainseq,hippocampus,wgcna,4,M008,M007,0.3891891891891892,True,0.062494338655666955,0.12512949581563254,0.4995504450221639,0.1751216512813216,True,False,0.25,0.25,72,2,0.003912363067292644,0.7935732600573792,1.6825316141804303e-09,39
brainseq,hippocampus,wgcna,4,M007,M008,0.2672811059907834,True,-0.1543263425946621,-0.215007194870819,0.09377994268018097,0.018862979232594144,True,False,0.1111111111111111,0.1111111111111111,58,1,0.10163339382940109,0.7046418994791417,2.303065395141236e-06,35
brainseq,hippocampus,wgcna,4,M004,M001,0.17517241379310344,False,-0.08726019701831061,-0.13722841209942982,0.3453483629573653,0.13668910272990906,True,False,0.25,0.25,508,2,7.765301526658278e-05,0.8804037698528915,3.1583467681078637e-111,339
brainseq,hippocampus,wgcna,4,M002,M002,0.12567004169148302,False,0.08732627055872014,0.0844170238455762,0.3449818283001989,0.36135221424861763,True,False,0.0,0.0,211,0,,0.7778441064486963,1.3088971249002411e-28,135
gtex,caudate_basal_ganglia,isograph,0,M000,M000,0.5626262626262626,True,-0.03561153454790437,-0.05822062435081052,0.6652769637083866,0.47913797900744676,True,False,0.42857142857142855,0.42857142857142855,1114,3,4.3517717437928844e-08,0.8997488760689626,3.237994588064118e-178,491
gtex,caudate_basal_ganglia,isograph,0,M001,M001,0.4796380090497738,True,0.07910528081438643,-0.012537725152217896,0.3359280520474487,0.8789688052192419,False,False,0.1111111111111111,0.1111111111111111,848,1,0.003537735849056604,0.6988445518473866,4.1923913066153534e-125,847
gtex,caudate_basal_ganglia,isograph,0,M016,M017,0.4375,True,-0.0690169358900658,0.10426269817363075,0.40135063455131925,0.20417961367402296,False,False,0.1111111111111111,0.1111111111111111,35,1,0.21848739495798314,0.5549450549450549,0.04900449559833095,13
gtex,caudate_basal_ganglia,isograph,0,M003,M002,0.36970172684458397,True,-0.1499866482866137,0.10947996832282852,0.06695678548884812,0.18231991140925652,False,False,0.25,0.25,471,2,0.00016216133434621564,0.8636415850085764,1.2953050244827147e-141,471
gtex,caudate_basal_ganglia,isograph,0,M002,M003,0.34498620055197793,True,0.03360640047630676,0.11376760332430567,0.683079232019722,0.16568225084255592,True,False,0.0,0.0,375,0,,0.8206191826769899,1.0852340510217021e-91,371
gtex,caudate_basal_ganglia,isograph,0,M005,M005,0.33866666666666667,True,0.08117362575991656,0.0959756388858655,0.32340551059740497,0.24267663441891288,True,False,0.1111111111111111,0.1111111111111111,254,1,0.007874015748031496,0.8153606444263076,9.435990547891743e-62,254
gtex,caudate_basal_ganglia,isograph,0,M010,M011,0.2857142857142857,True,0.000679050231258755,0.06475085127578722,0.9934198719097237,0.43115002572717126,True,False,0.25,0.25,38,2,0.004267425320056899,0.9169279657533195,6.214263884428895e-16,38
gtex,caudate_basal_ganglia,isograph,0,M009,M015,0.2781954887218045,True,0.0354447010047512,-0.16644313146839024,0.666751236009061,0.041783201983117114,False,False,0.1111111111111111,0.1111111111111111,37,1,0.10810810810810811,0.8549692680506652,3.1861334974237837e-11,36
gtex,caudate_basal_ganglia,isograph,0,M015,M020,0.2716049382716049,True,-0.02548793966947832,-0.033610431433658536,0.7568642734112739,0.6830432640958215,True,False,0.1111111111111111,0.1111111111111111,22,1,0.2597402597402597,0.8397438653177464,1.0224605184919981e-06,22
gtex,caudate_basal_ganglia,isograph,0,M004,M004,0.26820276497695855,True,-0.056673868351832114,-0.07949516677709405,0.49091282792396557,0.33354421192151806,True,False,0.1111111111111111,0.1111111111111111,291,1,0.006872852233676976,0.7397115946432515,1.210632093017817e-51,291
gtex,caudate_basal_ganglia,isograph,0,M006,M008,0.15807560137457044,False,-0.026458259072094644,-0.016964046352369727,0.7479136078245063,0.8367572818902682,True,False,0.0,0.0,46,0,,0.43335727804598634,0.0026259470276569098,46
gtex,caudate_basal_ganglia,isograph,0,M008,M007,0.14349775784753363,False,-0.1469371765430574,0.07843136823371337,0.07276479859701498,0.34007401368830115,False,False,0.1111111111111111,0.1111111111111111,32,1,0.03125,0.7160688319990703,4.063670084617502e-06,32
gtex,caudate_basal_ganglia,isograph,0,M014,M012,0.12403100775193798,False,-0.008102687115790225,0.007736517915640464,0.9216077730034604,0.9251398508804154,False,False,0.0,0.0,16,0,,0.9148781188697148,6.916523795067392e-07,16
gtex,caudate_basal_ganglia,isograph,0,M011,M009,0.10344827586206896,False,-0.06112464579553872,0.001761101392619197,0.45744924210775717,0.9829356832171452,False,False,0.1111111111111111,0.1111111111111111,18,1,0.16666666666666666,0.8347424201248245,1.6422912984415248e-05,18
gtex,caudate_basal_ganglia,isograph,0,M018,M022,0.08823529411764706,False,0.05091770951177027,0.04552626298510511,0.5360502203987799,0.5801243345684153,True,False,0.0,0.0,6,0,,0.9856107606091623,0.00030908566784966984,6
gtex,caudate_basal_ganglia,isograph,0,M007,M024,0.06153846153846154,False,-0.00995653373874573,0.006955292477640042,0.9037504180368706,0.9326803701640343,False,False,0.0,0.0,8,0,,0.368932393686311,0.3684584113506502,8
gtex,caudate_basal_ganglia,isograph,0,M026,M023,0.05454545454545454,False,-0.008383840552600514,0.023136197697018454,0.9188967940940359,0.7786900083178289,False,False,0.0,0.0,3,0,,,,3
gtex,caudate_basal_ganglia,isograph,0,M028,M027,0.04878048780487805,False,-0.08605007591592226,0.01551482991988767,0.2950898745538627,0.8505326528011702,False,False,0.0,0.0,2,0,,,,2
gtex,caudate_basal_ganglia,isograph,0,M012,M008,0.046948356807511735,False,-0.015601016820919921,-0.016964046352369727,0.8497121050914993,0.8367572818902682,True,False,0.0,0.0,10,0,,0.7474093186836598,0.012958793349090662,10
gtex,caudate_basal_ganglia,isograph,0,M013,M014,0.04195804195804196,False,0.08548527595595573,0.06688600413084475,0.29828255990025465,0.41607972910210433,True,False,0.0,0.0,6,0,,0.6774193548387097,0.13930381658890253,6
gtex,caudate_basal_ganglia,isograph,0,M019,M026,0.037037037037037035,False,0.06275919350835568,0.00013590747933396423,0.4454857548866979,0.9986830160516138,True,False,0.0,0.0,2,0,,,,2
gtex,caudate_basal_ganglia,isograph,0,M020,M016,0.03296703296703297,False,0.018798420242553307,-0.040199315386986616,0.8193921435889137,0.6252538548248299,False,False,0.0,0.0,3,0,,,,3
gtex,caudate_basal_ganglia,isograph,0,M021,M006,0.031007751937984496,False,-0.005219515402909479,0.04420777161533363,0.9494548285895423,0.5911530852971798,False,False,0.0,0.0,8,0,,1.0,0.0,8
gtex,caudate_basal_ganglia,isograph,0,M027,M027,0.023255813953488372,False,0.11535009416816604,0.01551482991988767,0.15983620495266368,0.8505326528011702,True,False,0.0,0.0,1,0,,,,1
gtex,caudate_basal_ganglia,isograph,0,M025,M010,0.01818181818181818,False,0.023225466585838378,0.04656344593420543,0.7778582503982814,0.5715163027113389,True,False,0.1111111111111111,0.1111111111111111,2,1,0.5,,,2
gtex,caudate_basal_ganglia,isograph,0,M022,M025,0.01639344262295082,False,0.04505394006597809,0.04956365838972937,0.5840641795707973,0.5469607164655632,True,False,0.0,0.0,1,0,,,,1
gtex,caudate_basal_ganglia,isograph,0,M017,M010,0.016129032258064516,False,0.0034231643117534167,0.04656344593420543,0.9668379595858251,0.5715163027113389,True,False,0.0,0.0,2,0,,,,2
gtex,caudate_basal_ganglia,isograph,0,M023,M023,0.016129032258064516,False,-0.0395733954627686,0.023136197697018454,0.6306536509415098,0.7786900083178289,False,False,0.0,0.0,1,0,,,,1
gtex,caudate_basal_ganglia,isograph,0,M024,M018,0.0136986301369863,False,0.10203397833835319,-0.00602654638394094,0.21407154129779,0.941652515361646,False,False,0.0,0.0,1,0,,,,1
gtex,caudate_basal_ganglia,isograph,0,M029,M006,0.01195219123505976,False,0.019841372158265095,0.04420777161533363,0.809557399133085,0.5911530852971798,True,False,0.0,0.0,3,0,,,,3
gtex,caudate_basal_ganglia,isograph,1,M000,M000,0.5578512396694215,True,-0.03945487629784116,-0.07898887507916827,0.6316783265452844,0.3366418787453429,True,False,0.25,0.25,1215,2,1.2196600139863515e-05,0.8622774230623873,5.985627526515087e-157,526
gtex,caudate_basal_ganglia,isograph,1,M017,M014,0.4861111111111111,True,-0.10214389792891171,0.14067911373888037,0.21357579452062486,0.08596148739295272,False,False,0.1111111111111111,0.1111111111111111,35,1,0.16638655462184873,0.8812785388127855,0.0003367352264241777,11
gtex,caudate_basal_ganglia,isograph,1,M001,M001,0.47600872410032713,True,-0.031722825399888445,0.12527039740367038,0.6999629214534122,0.12665375095966994,False,False,0.25,0.25,873,2,9.429109095429163e-05,0.7498637845336988,1.9529165698934423e-158,873
gtex,caudate_basal_ganglia,isograph,1,M002,M002,0.37981118373275236,True,0.09546741361885623,-0.16190293971475306,0.24519180825852568,0.047772203781715546,False,False,0.1111111111111111,0.1111111111111111,523,1,0.007640857710086958,0.8686671272471814,9.550088206319965e-161,522
gtex,caudate_basal_ganglia,isograph,1,M005,M005,0.37707006369426754,True,0.08510741325863257,0.11076259822934287,0.3004312336033881,0.17721917092951683,True,False,0.1111111111111111,0.1111111111111111,296,1,0.010135135135135136,0.8132697405641576,1.2323894740783768e-70,294
gtex,caudate_basal_ganglia,isograph,1,M004,M003,0.3530552861299709,True,-0.025575619387164343,-0.08269022304107732,0.7560541277882443,0.3144173796964073,True,False,0.1111111111111111,0.1111111111111111,364,1,0.010973874610238247,0.6707697016875439,6.451069071125902e-49,364
gtex,caudate_basal_ganglia,isograph,1,M003,M004,0.3425468904244817,True,0.14544325517650253,0.08254311701100576,0.07575554192472292,0.31528201557242286,True,False,0.1111111111111111,0.1111111111111111,347,1,0.025786821736305806,0.8482435149627459,5.549401266773571e-97,346
gtex,caudate_basal_ganglia,isograph,1,M026,M019,0.3076923076923077,True,0.03867429158056791,0.048946336283783205,0.6384444246957137,0.5519707498716955,True,False,0.0,0.0,16,0,,0.2581988897471611,0.57613172571774,7
gtex,caudate_basal_ganglia,isograph,1,M009,M012,0.30246913580246915,True,-0.0821627802861215,0.006543470725896574,0.31752465665813456,0.9366577942270665,False,False,0.1111111111111111,0.1111111111111111,49,1,0.02040816326530612,0.8791089200197634,2.0773009434383633e-16,48
gtex,caudate_basal_ganglia,isograph,1,M010,M013,0.2698412698412698,True,0.17549430467437327,-0.06887268124395768,0.03170765591779653,0.4023378429188524,False,False,0.42857142857142855,0.42857142857142855,34,3,0.0001671122994652406,0.9515832506415305,5.9200558214316194e-18,34
gtex,caudate_basal_ganglia,isograph,1,M007,M009,0.18823529411764706,False,0.05440199797895481,0.03549181641572464,0.5084829155424103,0.6663347578083743,True,False,0.25,0.25,48,2,0.0026595744680851068,0.7001658674670463,3.0450842849266945e-08,48
gtex,caudate_basal_ganglia,isograph,1,M006,M006,0.16793893129770993,False,0.014830621655061167,-0.09001049969409235,0.8570523148709386,0.2733405191366812,False,False,0.1111111111111111,0.1111111111111111,66,1,0.030303030303030304,0.7032955634277098,4.562228246800704e-11,66
gtex,caudate_basal_ganglia,isograph,1,M012,M015,0.13793103448275862,False,0.06835776760196274,-0.12506468611324026,0.40587339632415514,0.12728321029388392,False,False,0.0,0.0,12,0,,0.7456140350877194,0.005372046947923325,12
gtex,caudate_basal_ganglia,isograph,1,M008,M008,0.11379310344827587,False,0.047943810229520954,-0.03460030494753809,0.5601542302269163,0.6742324375645038,False,False,0.0,0.0,33,0,,0.5746105887631761,0.00047003134862894693,33
gtex,caudate_basal_ganglia,isograph,1,M011,M010,0.09210526315789473,False,-0.01881899131638417,-0.09214231693941513,0.8191978866090002,0.26209407361933434,True,False,0.1111111111111111,0.1111111111111111,21,1,0.04761904761904762,0.7771987119378403,3.398734195401119e-05,21
gtex,caudate_basal_ganglia,isograph,1,M023,M017,0.05333333333333334,False,0.02055410729673433,0.11187817795934482,0.802853488952338,0.17286897298920711,True,False,0.0,0.0,4,0,,,,4
gtex,caudate_basal_ganglia,isograph,1,M018,M024,0.05084745762711865,False,0.0454076099464682,-0.08435633333301858,0.5811129093129608,0.30473241315105654,False,False,0.0,0.0,3,0,,,,3
gtex,caudate_basal_ganglia,isograph,1,M014,M008,0.045454545454545456,False,0.05461071716862288,-0.03460030494753809,0.5068552313095933,0.6742324375645038,False,False,0.0,0.0,11,0,,0.8937308033402299,0.000208363532032251,11
gtex,caudate_basal_ganglia,isograph,1,M013,M022,0.04,False,0.09285346554515016,0.041425673966707134,0.25841379857700203,0.6147318013992743,True,False,0.0,0.0,3,0,,,,3
gtex,caudate_basal_ganglia,isograph,1,M025,M017,0.04,False,-0.07216738484298314,0.11187817795934482,0.38015136431093977,0.17286897298920711,False,False,0.0,0.0,3,0,,,,3
gtex,caudate_basal_ganglia,isograph,1,M027,M018,0.03076923076923077,False,0.029243956870100823,-0.11515877126118447,0.7224070618787456,0.16053467242855995,False,False,0.1111111111111111,0.1111111111111111,2,1,0.5,,,2
gtex,caudate_basal_ganglia,isograph,1,M021,M019,0.02857142857142857,False,0.043092315389777425,0.048946336283783205,0.6005573389955555,0.5519707498716955,True,False,0.0,0.0,2,0,,,,2
gtex,caudate_basal_ganglia,isograph,1,M016,M007,0.02834008097165992,False,-0.012223930369357166,0.1033128436128128,0.8819757312431497,0.20835441871407512,False,False,0.0,0.0,7,0,,0.42857142857142866,0.3373683110858243,7
gtex,caudate_basal_ganglia,isograph,1,M020,M019,0.028169014084507043,False,0.08045945309548079,0.048946336283783205,0.3276949036286944,0.5519707498716955,True,False,0.1111111111111111,0.1111111111111111,2,1,0.5,,,2
gtex,caudate_basal_ganglia,isograph,1,M022,M016,0.025974025974025976,False,0.018598553900235137,0.001820303975832039,0.8212800929583061,0.9823621265852621,True,False,0.0,0.0,2,0,,,,2
gtex,caudate_basal_ganglia,isograph,1,M033,M023,0.023809523809523808,False,-0.008582485045367252,-0.0639357414731589,0.9169819555934922,0.43698482474668926,True,False,0.0,0.0,1,0,,,,1
gtex,caudate_basal_ganglia,isograph,1,M015,M011,0.0223463687150838,False,0.07532475095528317,-0.024978644174132612,0.3596034776434839,0.7615752818527608,False,False,0.0,0.0,4,0,,,,4
gtex,caudate_basal_ganglia,isograph,1,M030,M010,0.021621621621621623,False,0.08329967872774478,-0.09214231693941513,0.3108516776921587,0.26209407361933434,False,False,0.0,0.0,4,0,,,,4
gtex,caudate_basal_ganglia,isograph,1,M024,M007,0.02109704641350211,False,0.15365530813323658,0.1033128436128128,0.06047603495040144,0.20835441871407512,True,False,0.0,0.0,5,0,,0.9999999999999999,1.4042654220543602e-24,5
gtex,caudate_basal_ganglia,isograph,1,M029,M009,0.021052631578947368,False,0.02182415679358533,0.03549181641572464,0.7909433571545129,0.6663347578083743,True,False,0.0,0.0,4,0,,,,4
gtex,caudate_basal_ganglia,isograph,1,M031,M010,0.016216216216216217,False,-0.058570436143656146,-0.09214231693941513,0.47649632021025695,0.26209407361933434,True,False,0.0,0.0,3,0,,,,3
gtex,caudate_basal_ganglia,isograph,1,M028,M019,0.015151515151515152,False,0.15564953080658658,0.048946336283783205,0.0571749339557613,0.5519707498716955,True,False,0.0,0.0,1,0,,,,1
gtex,caudate_basal_ganglia,isograph,1,M032,M016,0.014925373134328358,False,0.03567745940657942,0.001820303975832039,0.6646947523719776,0.9823621265852621,True,False,0.0,0.0,1,0,,,,1
gtex,caudate_basal_ganglia,isograph,1,M019,M018,0.013888888888888888,False,0.07912615711480749,-0.11515877126118447,0.3358001358335875,0.16053467242855995,False,False,0.0,0.0,1,0,,,,1
gtex,caudate_basal_ganglia,isograph,1,M034,M013,0.011494252873563218,False,0.1516088847472828,-0.06887268124395768,0.06402448630079163,0.4023378429188524,False,False,0.0,0.0,1,0,,,,1
gtex,caudate_basal_ganglia,isograph,2,M000,M000,0.5812883435582822,True,-0.06661406242794646,-0.04883739302027783,0.4179818599122725,0.5528572166402175,True,False,0.42857142857142855,0.42857142857142855,1137,3,6.544089775827089e-08,0.8773902595398299,1.3448385517116333e-161,502
gtex,caudate_basal_ganglia,isograph,2,M001,M001,0.46658851113716293,True,0.06424350306858494,-0.001614158871012736,0.43477650479769797,0.984359304446788,False,False,0.25,0.25,796,2,1.8962738219398882e-05,0.7428141942209523,1.680003801538213e-140,796
gtex,caudate_basal_ganglia,isograph,2,M014,M017,0.4444444444444444,True,0.13119155111292943,-0.18952304685656957,0.10954429475933093,0.020187247576749084,False,False,0.25,0.25,32,2,0.01209677419354839,0.7912087912087913,0.0012750239017411194,13
gtex,caudate_basal_ganglia,isograph,2,M005,M005,0.4132581100141044,True,0.12164013865268769,0.05417991886430787,0.13811940346233748,0.51021776045401,True,False,0.25,0.25,293,2,0.00014025901164149796,0.8024244851077846,9.347032279874487e-67,291
gtex,caudate_basal_ganglia,isograph,2,M004,M003,0.4094401756311745,True,-0.05587539380163535,-0.06858903782443512,0.49705099144379683,0.4042831580784935,True,False,0.25,0.25,373,2,4.324137334601747e-05,0.6736748390147002,1.1489092823014516e-50,373
gtex,caudate_basal_ganglia,isograph,2,M003,M004,0.3766769865841073,True,0.1582108551521407,0.05595412028947213,0.053154164241720835,0.49644399911976345,True,False,0.0,0.0,365,0,1.0,0.8268671605517869,9.36725646688238e-92,361
gtex,caudate_basal_ganglia,isograph,2,M002,M002,0.3707611152976639,True,-0.057941030058284305,0.004875652545449901,0.48125505621961046,0.9527807694334632,False,False,0.42857142857142855,0.42857142857142855,492,3,2.0275359659536157e-07,0.8607734760341405,8.095018364140581e-146,492
gtex,caudate_basal_ganglia,isograph,2,M010,M011,0.25157232704402516,True,0.09569526524852184,0.040153577882755344,0.24406195565614666,0.6256477623987318,True,False,0.25,0.25,40,2,0.022267206477732795,0.9012899850984932,2.2214354064253487e-15,40
gtex,caudate_basal_ganglia,isograph,2,M013,M015,0.24175824175824176,False,-0.052305669074018485,-0.052842060737635616,0.5249802209155443,0.5207333532328823,True,False,0.1111111111111111,0.1111111111111111,22,1,0.37077922077922076,0.7924364896073902,1.1013533651533148e-05,22
gtex,caudate_basal_ganglia,isograph,2,M006,M006,0.20253164556962025,False,-0.06594200168270178,-0.0407862148399511,0.42270436266040495,0.6202086990499303,True,False,0.1111111111111111,0.1111111111111111,80,1,0.0125,0.529602678901964,4.388019921185435e-07,80
gtex,caudate_basal_ganglia,isograph,2,M011,M007,0.18552036199095023,False,-0.0627303927125217,-0.04903760380497249,0.44569501270081263,0.5512286421657153,True,False,0.0,0.0,41,0,,0.7830761232920914,2.3487934312220976e-09,40
gtex,caudate_basal_ganglia,isograph,2,M009,M009,0.17768595041322313,False,0.06644084895075072,0.06321205646944675,0.4191960619423447,0.44220268612108365,True,False,0.1111111111111111,0.1111111111111111,43,1,0.13621262458471758,0.754417707008545,5.148782938405163e-09,43
gtex,caudate_basal_ganglia,isograph,2,M008,M012,0.15217391304347827,False,-0.077864337468451,0.007589640591133479,0.34358746709215654,0.9265570479424262,False,False,0.1111111111111111,0.1111111111111111,28,1,0.07142857142857142,0.7135007209432132,2.023336507635769e-05,28
gtex,caudate_basal_ganglia,isograph,2,M022,M018,0.14754098360655737,False,0.09167179784724727,0.04716870995770512,0.2645486738403995,0.5665209007214916,True,False,0.0,0.0,9,0,,,,1
gtex,caudate_basal_ganglia,isograph,2,M016,M010,0.1232876712328767,False,-0.010053352765920611,-0.05407433549237361,0.9028190434887459,0.5110436335348676,True,False,0.25,0.25,18,2,0.0065359477124183,0.728556647519087,0.0006055593714872536,18
gtex,caudate_basal_ganglia,isograph,2,M017,M020,0.09090909090909091,False,0.0430299567288057,-0.020324050820194527,0.6010850461109728,0.8050158318286875,False,False,0.0,0.0,7,0,,0.8468812149338255,0.01619712746787163,7
gtex,caudate_basal_ganglia,isograph,2,M015,M008,0.0776255707762557,False,0.013234370845140496,-0.03712099787585891,0.8722994597592681,0.651996928870501,False,False,0.0,0.0,17,0,,0.8369755499120864,2.7941278056117684e-05,17
gtex,caudate_basal_ganglia,isograph,2,M024,M019,0.07407407407407407,False,0.08385371864421493,-0.033383000281502685,0.3076332010252703,0.6850737263029818,False,False,0.0,0.0,4,0,,,,4
gtex,caudate_basal_ganglia,isograph,2,M023,M029,0.045454545454545456,False,0.028943891780814072,0.00450980173026667,0.7251404769706441,0.9563202768084034,True,False,0.0,0.0,2,0,,,,2
gtex,caudate_basal_ganglia,isograph,2,M020,M007,0.04285714285714286,False,0.019726862450454363,-0.04903760380497249,0.8106357697774272,0.5512286421657153,False,False,0.0,0.0,9,0,,0.919223842025064,0.00045542766589052144,9
gtex,caudate_basal_ganglia,isograph,2,M027,M021,0.04,False,0.05978454886558678,-0.022370008428367488,0.46738933426684653,0.7858391627793663,False,False,0.0,0.0,2,0,,,,2
gtex,caudate_basal_ganglia,isograph,2,M007,M002,0.03571428571428571,False,0.17919767523454078,0.004875652545449901,0.02822485274692826,0.9527807694334632,True,False,0.1111111111111111,0.1111111111111111,39,1,0.07692307692307693,0.7787449392712551,5.2987668640129575e-09,39
gtex,caudate_basal_ganglia,isograph,2,M012,M013,0.03278688524590164,False,0.010893950604156452,0.03621832386199051,0.8947384032992635,0.6599257255622791,True,False,0.0,0.0,4,0,,,,4
gtex,caudate_basal_ganglia,isograph,2,M021,M016,0.0273972602739726,False,-0.013982444144288998,-0.05441271999554142,0.8651477750653318,0.5083992344828578,True,False,0.0,0.0,2,0,,,,2
gtex,caudate_basal_ganglia,isograph,2,M018,M022,0.02666666666666667,False,0.03775589932037439,0.022847207387672874,0.6464433262175925,0.7813843763217383,True,False,0.0,0.0,2,0,,,,2
gtex,caudate_basal_ganglia,isograph,2,M028,M028,0.025,False,0.05273226891775203,0.07111426320810202,0.5216011992246946,0.3871607640804991,True,False,0.0,0.0,1,0,,,,1
gtex,caudate_basal_ganglia,isograph,2,M026,M026,0.024390243902439025,False,0.13571661887880943,0.036436873095634044,0.09773229444812663,0.6580025455123549,True,False,0.0,0.0,1,0,,,,1
gtex,caudate_basal_ganglia,isograph,2,M019,M013,0.02127659574468085,False,-0.07824098820623898,0.03621832386199051,0.34125110185575136,0.6599257255622791,False,False,0.0,0.0,2,0,,,,2
gtex,caudate_basal_ganglia,isograph,2,M025,M024,0.02127659574468085,False,0.0825445731028667,-0.12065759333161631,0.31527344962325254,0.14135482322088613,False,False,0.0,0.0,1,0,,,,1
gtex,caudate_basal_ganglia,isograph,3,M001,M000,0.5383074611917876,True,-0.15178255566407656,0.041850235349815926,0.06371688255682167,0.6111071621828761,False,False,0.25,0.25,1075,2,3.1142233433318635e-05,0.8852409436604006,1.1132990023544424e-158,473
gtex,caudate_basal_ganglia,isograph,3,M012,M015,0.44594594594594594,True,0.0005084562999302517,-0.0055427564113849715,0.9950729358148114,0.9463291417957336,False,False,0.1111111111111111,0.1111111111111111,33,1,0.17613636363636367,0.7833333333333333,0.012519873019449885,9
gtex,caudate_basal_ganglia,isograph,3,M000,M001,0.41118421052631576,True,-0.03345810651983533,0.07866283371499026,0.6844029420901627,0.33864637514013085,False,False,0.1111111111111111,0.1111111111111111,750,1,0.004,0.7237274013978208,1.271560718796143e-122,750
gtex,caudate_basal_ganglia,isograph,3,M005,M005,0.3791773778920309,True,0.031755711138243436,0.17396800876079072,0.6996668535617548,0.03324572515254807,True,False,0.1111111111111111,0.1111111111111111,295,1,0.01016949152542373,0.8341479506755888,1.9393246103090763e-77,294
gtex,caudate_basal_ganglia,isograph,3,M004,M003,0.3425925925925926,True,-0.15671273619582762,0.057789554023928685,0.05547651256604186,0.48240412851641756,False,False,0.1111111111111111,0.1111111111111111,333,1,0.006006006006006006,0.7167033234304693,9.40071410792387e-54,333
gtex,caudate_basal_ganglia,isograph,3,M003,M004,0.3425742574257426,True,0.048557531637527976,0.16758511072054474,0.5551375998766905,0.04038003162190955,True,False,0.1111111111111111,0.1111111111111111,346,1,0.017290776577029404,0.8466544181817852,5.414174447128074e-96,345
gtex,caudate_basal_ganglia,isograph,3,M002,M002,0.3032113517550411,True,-0.11026013678531657,0.1423163737918524,0.17920466946303124,0.08233677632279086,False,False,0.0,0.0,406,0,1.0,0.8536612151970435,1.6275671503308196e-116,406
gtex,caudate_basal_ganglia,isograph,3,M022,M022,0.2608695652173913,True,0.09303994250318026,-0.008413606309365928,0.25745465587989824,0.9186098364172145,False,False,0.0,0.0,12,0,,,,4
gtex,caudate_basal_ganglia,isograph,3,M014,M011,0.2246376811594203,False,0.01440696641998332,0.16278279316525135,0.8610941015264866,0.04655883280996516,True,False,0.6666666666666666,0.6666666666666666,31,4,0.0001589067217543302,0.8485084181817105,1.6503924118109884e-09,31
gtex,caudate_basal_ganglia,isograph,3,M010,M008,0.17486338797814208,False,-0.05194141249659993,0.2037836053576302,0.5278741855141923,0.01237540975836995,False,False,0.0,0.0,32,0,,0.6012953170892302,0.00027293700556574394,32
gtex,caudate_basal_ganglia,isograph,3,M006,M007,0.15775401069518716,False,-0.1068668335896725,0.06501377292782919,0.19304365506959975,0.4292775369655269,False,False,0.0,0.0,59,0,1.0,0.6439712918660287,3.7470608948002755e-08,59
gtex,caudate_basal_ganglia,isograph,3,M008,M012,0.14465408805031446,False,-0.09014908407806166,0.05707466661890714,0.2725996383281528,0.4878470127582961,False,False,0.0,0.0,23,0,,0.8247121366104077,1.296565528183763e-06,23
gtex,caudate_basal_ganglia,isograph,3,M013,M006,0.12322274881516587,False,-0.008136078551095452,-0.007285609343839906,0.9212857534070558,0.9294913273592392,True,False,0.1111111111111111,0.1111111111111111,26,1,0.03846153846153846,0.3148901595758246,0.11715501280521107,26
gtex,caudate_basal_ganglia,isograph,3,M009,M008,0.09302325581395349,False,-0.09831890506685984,0.2037836053576302,0.23131243430939297,0.01237540975836995,False,False,0.25,0.25,20,2,0.005263157894736842,0.930740110395514,2.7039648284537865e-09,20
gtex,caudate_basal_ganglia,isograph,3,M007,M013,0.08287292817679558,False,-0.09360369302337743,0.12122731177954309,0.2545698895575581,0.13947184992801004,False,False,0.0,0.0,15,0,,0.8766666666666665,3.875581754008556e-05,14
gtex,caudate_basal_ganglia,isograph,3,M020,M014,0.07291666666666667,False,0.0736391291053011,-0.027751876689498124,0.3704859932141271,0.7360330002818668,False,False,0.0,0.0,7,0,,0.25,0.5887244480896832,7
gtex,caudate_basal_ganglia,isograph,3,M028,M024,0.0625,False,0.08455091527070155,0.15003363438083647,0.30361424503640794,0.06687034207240905,True,False,0.0,0.0,3,0,,,,3
gtex,caudate_basal_ganglia,isograph,3,M017,M010,0.052941176470588235,False,-0.14213690642947502,0.06252988334473027,0.08272800999314608,0.4471533881681987,False,False,0.0,0.0,9,0,,0.5377358490566038,0.1353741783615824,9
gtex,caudate_basal_ganglia,isograph,3,M027,M024,0.04,False,-0.030843932332133013,0.15003363438083647,0.7078921290911477,0.06687034207240905,False,False,0.0,0.0,2,0,,,,2
gtex,caudate_basal_ganglia,isograph,3,M018,M018,0.0375,False,-0.09295507709203145,0.13819842403439872,0.2578908568566353,0.09169542097069056,False,False,0.0,0.0,3,0,,,,3
gtex,caudate_basal_ganglia,isograph,3,M023,M017,0.03076923076923077,False,0.034559523717463625,0.07221124723030375,0.674594567849868,0.3798611082912607,True,False,0.0,0.0,2,0,,,,2
gtex,caudate_basal_ganglia,isograph,3,M015,M002,0.028811524609843937,False,-0.1410524489715328,0.1423163737918524,0.08512393165353264,0.08233677632279086,False,False,0.0,0.0,24,0,,0.7795866922859589,7.112492186060476e-06,24
gtex,caudate_basal_ganglia,isograph,3,M024,M027,0.023255813953488372,False,0.03265882003911848,0.12364544238270898,0.6915540259267633,0.1316918248616814,True,False,0.0,0.0,1,0,,,,1
gtex,caudate_basal_ganglia,isograph,3,M025,M026,0.023255813953488372,False,-0.09177784993828046,0.09197609736455258,0.26399405761693695,0.2629594212372604,False,False,0.0,0.0,1,0,,,,1
gtex,caudate_basal_ganglia,isograph,3,M011,M021,0.021505376344086023,False,0.0897146868468185,-0.029828238499479576,0.27492650860631984,0.7170946815477316,False,False,0.0,0.0,2,0,,,,2
gtex,caudate_basal_ganglia,isograph,3,M026,M007,0.02072538860103627,False,-0.00962078259135493,0.06501377292782919,0.9069812667710583,0.4292775369655269,False,False,0.0,0.0,4,0,,,,4
gtex,caudate_basal_ganglia,isograph,3,M016,M007,0.01818181818181818,False,-0.08546395324354618,0.06501377292782919,0.2984035379636523,0.4292775369655269,False,False,0.0,0.0,4,0,,,,4
gtex,caudate_basal_ganglia,isograph,3,M019,M024,0.01694915254237288,False,-0.026363388970420176,0.15003363438083647,0.7487872724582206,0.06687034207240905,False,False,0.0,0.0,1,0,,,,1
gtex,caudate_basal_ganglia,isograph,3,M021,M021,0.01694915254237288,False,-0.027173409108094917,-0.029828238499479576,0.7413381281969029,0.7170946815477316,True,False,0.0,0.0,1,0,,,,1
gtex,caudate_basal_ganglia,isograph,4,M000,M000,0.5437245129134571,True,-0.10026208639835069,-0.026161618612407365,0.22217652087770082,0.7506464485881853,True,False,0.25,0.25,1200,2,8.340283569641369e-06,0.872270557678612,1.4629475616500836e-160,512
gtex,caudate_basal_ganglia,isograph,4,M017,M015,0.4927536231884058,True,-0.01731622648228295,0.008831949310008738,0.8334169740167189,0.9145779150522423,False,False,0.25,0.25,34,2,0.0053475935828877,0.9393939393939393,1.9062648817588497e-06,13
gtex,caudate_basal_ganglia,isograph,4,M001,M001,0.47055555555555556,True,0.013254329606750043,0.052145150611731785,0.8721085143499101,0.5262545249222909,True,False,0.1111111111111111,0.1111111111111111,847,1,0.00707545194972661,0.6892392143220812,2.233754124912036e-120,847
gtex,caudate_basal_ganglia,isograph,4,M005,M005,0.36795994993742176,True,0.07193784540014307,0.10641042954030684,0.3816725234736617,0.19496274721695583,True,False,0.1111111111111111,0.1111111111111111,294,1,0.020338510830953543,0.7642136868185566,5.526205825488766e-57,291
gtex,caudate_basal_ganglia,isograph,4,M002,M002,0.36163522012578614,True,-0.02264445944934173,-0.031162303336429505,0.7832762271494599,0.7050161696868877,True,False,0.25,0.25,460,2,2.841716396703609e-05,0.868601976600409,9.254083591180926e-142,460
gtex,caudate_basal_ganglia,isograph,4,M004,M003,0.35670103092783506,True,-0.10713521241177326,-0.03496068078657638,0.1919216069242396,0.6710356165937011,True,False,0.1111111111111111,0.1111111111111111,346,1,0.011543939013152383,0.7350173175745615,5.243853926899061e-60,346
gtex,caudate_basal_ganglia,isograph,4,M003,M004,0.341871921182266,True,0.1352832481573746,0.06852411683768425,0.0988179805143765,0.40472918861016455,True,False,0.25,0.25,347,2,0.00014963283462964425,0.8230959107988357,8.731646691248028e-87,347
gtex,caudate_basal_ganglia,isograph,4,M008,M013,0.33125,True,-0.09783058254464308,-0.03639062255999937,0.23364924354903302,0.6584093526692623,True,False,0.1111111111111111,0.1111111111111111,53,1,0.03773584905660377,0.8340328110340178,1.6264856706161942e-14,52
gtex,caudate_basal_ganglia,isograph,4,M018,M020,0.2962962962962963,True,0.03791649748702555,0.031044794897114678,0.64504161256239,0.7060771823368834,True,False,0.0,0.0,16,0,,,,5
gtex,caudate_basal_ganglia,isograph,4,M009,M012,0.23493975903614459,False,0.06313092376717101,0.0201390558155689,0.4427898549381515,0.806755705989139,True,False,0.42857142857142855,0.42857142857142855,39,3,0.004194477878688406,0.8723953654665652,4.662769908080223e-13,39
gtex,caudate_basal_ganglia,isograph,4,M014,M017,0.21359223300970873,False,-0.10778668300793089,-0.061208901170460184,0.18921767831491015,0.4568282331932845,True,False,0.0,0.0,22,0,,0.7762560249435153,2.1693429475328975e-05,22
gtex,caudate_basal_ganglia,isograph,4,M007,M006,0.17280453257790368,False,-0.08487262069612718,0.014319583149919836,0.30177148605101944,0.8619282135282784,False,False,0.0,0.0,61,0,,0.4322411435005939,0.0005039266219924518,61
gtex,caudate_basal_ganglia,isograph,4,M006,M008,0.16835016835016836,False,-0.05066185852360162,-0.05051928233467897,0.5381034439374079,0.5392493213445206,True,False,0.25,0.25,50,2,0.002448979591836735,0.8360790774299836,7.637483430004179e-14,49
gtex,caudate_basal_ganglia,isograph,4,M010,M016,0.1640625,False,0.057966301682315625,-0.08673034225250224,0.48106349348802624,0.29127467435509835,False,False,0.0,0.0,21,0,,0.8426198486582793,1.6435344502371398e-06,21
gtex,caudate_basal_ganglia,isograph,4,M011,M007,0.1349206349206349,False,0.012782960113197238,-0.0072104330510227126,0.876620051026372,0.9302170199024891,False,False,0.0,0.0,34,0,,0.5833543219137232,0.0002934092589201838,34
gtex,caudate_basal_ganglia,isograph,4,M015,M023,0.1095890410958904,False,0.057556047926362694,-0.05432074486601581,0.48417835500164486,0.5091172959272083,False,False,0.0,0.0,8,0,,0.9285714285714287,0.0008629681828999767,8
gtex,caudate_basal_ganglia,isograph,4,M012,M009,0.10504201680672269,False,0.030915034571824127,0.10280901325614489,0.7072494775778229,0.2105935546681915,True,False,0.25,0.25,25,2,0.003333333333333334,0.6233224943840511,0.0008724897151495648,25
gtex,caudate_basal_ganglia,isograph,4,M013,M010,0.04524886877828054,False,-0.04638560088591956,0.16709078101336458,0.5729880362647922,0.04098249217230688,False,False,0.0,0.0,10,0,,0.8787878787878788,0.0008138621117322101,10
gtex,caudate_basal_ganglia,isograph,4,M025,M014,0.03529411764705882,False,-0.05244100495493501,0.05184936651716957,0.5239070494156458,0.5286067489945463,False,False,0.0,0.0,3,0,,,,3
gtex,caudate_basal_ganglia,isograph,4,M022,M008,0.0319634703196347,False,0.017381829300769362,-0.05051928233467897,0.8327950805795832,0.5392493213445206,False,False,0.0,0.0,7,0,,0.06454972243679027,0.890645142907568,7
gtex,caudate_basal_ganglia,isograph,4,M027,M010,0.029069767441860465,False,0.010242194557552941,0.16709078101336458,0.9010028152259713,0.04098249217230688,True,False,0.0,0.0,5,0,,0.19999999999999998,0.7470600781046621,5
gtex,caudate_basal_ganglia,isograph,4,M016,M020,0.02631578947368421,False,-0.03283922357198495,0.031044794897114678,0.6899375766282535,0.7060771823368834,False,False,0.0,0.0,2,0,,,,2
gtex,caudate_basal_ganglia,isograph,4,M023,M016,0.024390243902439025,False,0.09642232920997126,-0.08673034225250224,0.2404808680029345,0.29127467435509835,False,False,0.0,0.0,2,0,,,,2
gtex,caudate_basal_ganglia,isograph,4,M031,M010,0.023809523809523808,False,0.05263907308901928,0.16709078101336458,0.5223384402346498,0.04098249217230688,True,False,0.0,0.0,4,0,,,,4
gtex,caudate_basal_ganglia,isograph,4,M021,M011,0.023076923076923078,False,0.09942630497694754,-0.011725691326388704,0.22607412001705907,0.8867535310641752,False,False,0.0,0.0,3,0,,,,3
gtex,caudate_basal_ganglia,isograph,4,M024,M008,0.01809954751131222,False,0.06445825202627913,-0.05051928233467897,0.43323937533117374,0.5392493213445206,False,False,0.0,0.0,4,0,,,,4
gtex,caudate_basal_ganglia,isograph,4,M028,M019,0.016666666666666666,False,0.03480262093837003,0.11882582051149079,0.6724370122156416,0.14754013097185847,True,False,0.0,0.0,1,0,,,,1
gtex,caudate_basal_ganglia,isograph,4,M020,M021,0.016129032258064516,False,0.015022089365106139,-0.02649977715276347,0.8552268706522439,0.7475313659625378,False,False,0.0,0.0,1,0,,,,1
gtex,caudate_basal_ganglia,isograph,4,M026,M011,0.015748031496062992,False,0.06125973762096257,-0.011725691326388704,0.45645376723444087,0.8867535310641752,False,False,0.0,0.0,2,0,,,,2
gtex,caudate_basal_ganglia,isograph,4,M019,M020,0.014492753623188406,False,0.07230368482014364,0.031044794897114678,0.3792498512824971,0.7060771823368834,True,False,0.0,0.0,1,0,,,,1
gtex,caudate_basal_ganglia,isograph,4,M032,M016,0.013333333333333334,False,-0.06076235375804861,-0.08673034225250224,0.4601248745570159,0.29127467435509835,True,False,0.0,0.0,1,0,,,,1
gtex,caudate_basal_ganglia,isograph,4,M030,M012,0.008849557522123894,False,0.03581641034568863,0.0201390558155689,0.663468271569989,0.806755705989139,True,False,0.0,0.0,1,0,,,,1
gtex,caudate_basal_ganglia,isograph,4,M029,M002,0.006756756756756757,False,0.08948307351187333,-0.031162303336429505,0.2761726272693181,0.7050161696868877,False,False,0.0,0.0,6,0,,0.9856107606091623,0.00030908566784966984,6
gtex,caudate_basal_ganglia,wgcna,0,M000,M000,0.9211640211640212,True,-0.010360161770125022,0.002561634665404496,0.899868498780309,0.975180949117607,False,False,0.0,0.0,13928,0,1.0,0.8178809909255278,0.0,9548
gtex,caudate_basal_ganglia,wgcna,0,M004,M003,0.7410832232496698,True,0.02911279859739941,0.02710645793491453,0.7236014069452077,0.7419529296152995,True,False,0.1111111111111111,0.1111111111111111,561,1,0.02127591970273229,0.8498766075464642,1.2892868412324952e-113,403
gtex,caudate_basal_ganglia,wgcna,0,M003,M002,0.6516634050880626,True,-0.0714559808788684,0.10988243364330331,0.38487784532104946,0.18070792458001714,False,False,0.1111111111111111,0.1111111111111111,666,1,0.006006006006006006,0.8072941024568839,3.4431765034907788e-93,400
gtex,caudate_basal_ganglia,wgcna,0,M002,M001,0.5988857938718662,True,0.06831597467567842,0.20730577152657367,0.40616116284906223,0.010913960553309527,True,False,0.1111111111111111,0.1111111111111111,860,1,0.02309375363061748,0.7757426634222216,1.87875484962119e-113,559
gtex,caudate_basal_ganglia,wgcna,0,M001,M004,0.5453720508166969,True,0.14999570748064278,-0.0034362675451063843,0.06694011161004408,0.9667110942816051,False,False,0.1111111111111111,0.1111111111111111,601,1,0.013277870216306158,0.8142331146342676,1.761541669758963e-92,385
gtex,caudate_basal_ganglia,wgcna,0,M005,M001,0.17113850616388687,False,0.05519406367173669,0.20730577152657367,0.5023204524485176,0.010913960553309527,True,False,0.0,0.0,236,0,,0.777482008327993,7.403524639028104e-35,166
gtex,caudate_basal_ganglia,wgcna,0,M006,M001,0.009148486980999296,False,-0.08425644919784407,0.20730577152657367,0.305307448414761,0.010913960553309527,False,False,0.0,0.0,13,0,,0.6381449017759607,0.08863200146336751,8
gtex,caudate_basal_ganglia,wgcna,1,M000,M000,0.8999392753525404,True,0.014657875262014997,-0.025242177278607607,0.8586999208815002,0.7591364832751386,False,False,0.25,0.25,13338,2,1.1237914303543386e-06,0.8218005374181879,0.0,9145
gtex,caudate_basal_ganglia,wgcna,1,M002,M003,0.6518737672583826,True,0.06239646616511324,0.17935475808319537,0.4481252649861783,0.02808464141104158,True,False,0.25,0.25,661,2,0.00045427774395225115,0.8384172897336121,2.386690123764776e-114,428
gtex,caudate_basal_ganglia,wgcna,1,M001,M001,0.5651691625069329,True,0.1430823263644968,0.19282109600174646,0.08068368408821715,0.01807684977957237,True,False,0.0,0.0,1019,0,1.0,0.789023919240866,3.1454714079392853e-139,650
gtex,caudate_basal_ganglia,wgcna,1,M003,M002,0.5484114977307111,True,-0.056770095017314455,0.1327629050002661,0.4901758304485454,0.10532203754170968,False,False,0.1111111111111111,0.1111111111111111,725,1,0.006896551724137931,0.7361508853594024,1.7762670281999508e-78,453
gtex,caudate_basal_ganglia,wgcna,1,M004,M004,0.5169398907103825,True,0.06536778927666899,0.014250778996576941,0.42676369095709416,0.8625850869403051,True,False,0.42857142857142855,0.42857142857142855,473,3,2.2750918385618334e-06,0.828472461994141,1.343605931479374e-85,334
gtex,caudate_basal_ganglia,wgcna,1,M005,M001,0.13293650793650794,False,-0.02920015971508824,0.19282109600174646,0.7228058104351143,0.01807684977957237,False,False,0.1111111111111111,0.1111111111111111,201,1,0.029701492537313433,0.7969927352834,6.729340146562206e-33,144
gtex,caudate_basal_ganglia,wgcna,1,M006,M004,0.03207547169811321,False,-0.09029702376966248,0.014250778996576941,0.27181024558249006,0.8625850869403051,False,False,0.0,0.0,34,0,,0.8613446188069112,1.3111285022747798e-07,23
gtex,caudate_basal_ganglia,wgcna,1,M007,M000,0.002681548050442093,False,,-0.025242177278607607,,0.7591364832751386,False,False,0.0,0.0,37,0,,,,0
gtex,caudate_basal_ganglia,wgcna,2,M000,M000,0.884229774891229,True,-0.0005445482014651032,-0.008414318847789332,0.9947232014635173,0.9186029672974775,True,False,0.25,0.25,14023,2,6.10107606947957e-07,0.8170024353147802,0.0,9621
gtex,caudate_basal_ganglia,wgcna,2,M004,M002,0.7012622720897616,True,0.009538034897401734,0.05645812843013141,0.9077777631279167,0.4925673138000191,True,False,0.1111111111111111,0.25,500,2,0.00014390226235603737,0.8422777821433789,4.966750731515733e-97,356
gtex,caudate_basal_ganglia,wgcna,2,M001,M001,0.5700325732899023,True,0.26390152989921595,0.06959005548299158,0.0011018960014860428,0.397442726220546,True,False,0.1111111111111111,0.1111111111111111,875,1,0.013667247455258491,0.8096431861482044,2.8906008557239733e-137,586
gtex,caudate_basal_ganglia,wgcna,2,M002,M003,0.5056179775280899,True,0.13487670689247,-0.1671710880481998,0.09984509513090742,0.0408841087943301,False,False,0.25,0.25,495,2,8.1789555473766e-05,0.8185301923043402,2.882386100078407e-72,294
gtex,caudate_basal_ganglia,wgcna,2,M005,M005,0.3531468531468531,True,0.11424356551304546,0.024592652938479176,0.1639074482859088,0.7651515663583854,True,False,0.25,0.25,101,2,0.0058205820582058225,0.8136998294225162,2.1526518682626814e-18,73
gtex,caudate_basal_ganglia,wgcna,2,M006,M004,0.24083769633507854,False,-0.11664490534991852,-0.05883130628468083,0.15516887739891982,0.47453147072801705,True,False,0.25,0.25,46,2,0.005797101449275362,0.6855344093340598,2.9087659442464472e-05,30
gtex,caudate_basal_ganglia,wgcna,2,M003,M001,0.04563894523326572,False,0.11120480948922548,0.06959005548299158,0.1754852132126525,0.397442726220546,True,False,0.0,0.0,90,0,,0.924664412290012,1.4239577411117147e-25,59
gtex,caudate_basal_ganglia,wgcna,2,M007,M000,0.0023826389336080883,False,,-0.008414318847789332,,0.9186029672974775,False,False,0.0,0.0,37,0,,,,0
gtex,caudate_basal_ganglia,wgcna,3,M000,M000,0.9003902238652701,True,-0.10709082038200898,0.10815310262474065,0.19210687435720938,0.18770912125973915,False,False,0.0,0.0,13152,0,1.0,0.8232423311230154,0.0,9022
gtex,caudate_basal_ganglia,wgcna,3,M004,M002,0.6375,True,0.006475186244251698,0.07300869937921338,0.9373174478853691,0.37460756953388996,True,False,0.25,0.25,663,2,0.0004515515694600354,0.7485253930254003,2.7075187996893683e-72,396
gtex,caudate_basal_ganglia,wgcna,3,M001,M001,0.6112107623318386,True,0.14057762641826943,0.16896517070337772,0.08619030393747282,0.03873731165408177,True,False,0.25,0.25,1363,2,1.9373311557300516e-05,0.7658406468549246,8.883406993505764e-175,902
gtex,caudate_basal_ganglia,wgcna,3,M003,M003,0.557843137254902,True,0.039428723929322514,0.16113016228198715,0.6319045253055153,0.04885950246786446,True,False,0.25,0.25,569,2,5.562896352272327e-05,0.8799234270514651,9.41934973134882e-118,360
gtex,caudate_basal_ganglia,wgcna,3,M002,M004,0.5560661764705882,True,-0.005867735227727731,0.0829948850750167,0.9431874749146676,0.31263159933895973,False,False,0.1111111111111111,0.1111111111111111,605,1,0.009900935909364568,0.8015474343591593,2.6998503244388435e-96,424
gtex,caudate_basal_ganglia,wgcna,3,M005,M000,0.00944144144144144,False,-0.19533514259284906,0.10815310262474065,0.016599217908764022,0.18770912125973915,False,False,0.0,0.0,131,0,,0.7962463450469635,1.7650761785606617e-18,79
gtex,caudate_basal_ganglia,wgcna,3,M006,M000,0.002891844997108155,False,,0.10815310262474065,,0.18770912125973915,False,False,0.0,0.0,40,0,,,,0
gtex,caudate_basal_ganglia,wgcna,4,M000,M000,0.8933324718955937,True,-0.03352344720859492,0.017406453411787808,0.6838195757066902,0.8325616787055949,False,False,0.1111111111111111,0.1111111111111111,13827,1,0.0018070107499079488,0.8255780233351317,0.0,9494
gtex,caudate_basal_ganglia,wgcna,4,M003,M003,0.7127192982456141,True,0.023317907514905395,0.017370154922689927,0.77699720263855,0.832905742332666,True,False,0.42857142857142855,0.42857142857142855,650,3,8.759315075297575e-07,0.7815206381989841,9.548414357823562e-83,396
gtex,caudate_basal_ganglia,wgcna,4,M001,M001,0.6117724867724867,True,0.22030317124020676,0.13609508010847565,0.006749740177570545,0.09679190518620025,True,False,0.1111111111111111,0.1111111111111111,925,1,0.00647946647946648,0.7680401565313553,1.8789577422765957e-117,598
gtex,caudate_basal_ganglia,wgcna,4,M004,M005,0.5638629283489096,True,-0.004285196545397817,0.09201536605433853,0.9584936978918299,0.2627548105165928,False,False,0.1111111111111111,0.1111111111111111,181,1,0.08104159593403089,0.7905042846065501,1.5694845654645587e-27,123
gtex,caudate_basal_ganglia,wgcna,4,M002,M002,0.552999178307313,True,0.06787861875550956,0.10498004680885298,0.4091798176020841,0.20106689056093685,True,False,0.42857142857142855,0.42857142857142855,673,3,3.159933570240451e-07,0.8348595156471902,1.3706686975260768e-114,436
gtex,caudate_basal_ganglia,wgcna,4,M005,M006,0.043478260869565216,False,-0.03715635508492221,-0.06896040145792029,0.6516871462364989,0.4017373569717716,True,False,0.0,0.0,8,0,,,,4
gtex,caudate_basal_ganglia,wgcna,4,M006,M000,0.002740111009625518,False,0.008056284120929817,0.017406453411787808,0.9220552943062259,0.8325616787055949,True,False,0.0,0.0,39,0,,,,1
gtex,frontal_cortex_ba9,isograph,0,M000,M000,0.6144287193648602,True,-0.2922467344602999,-0.13782089953479373,0.0006115811537275049,0.1109225691596115,True,False,0.42857142857142855,0.42857142857142855,1780,3,4.2626878851618245e-09,0.8436155005274971,4.492361151355466e-166,609
gtex,frontal_cortex_ba9,isograph,0,M001,M001,0.49057471264367813,True,-0.2396361374058016,-0.15375013877238028,0.0052911185253686184,0.07500966551197137,True,False,0.42857142857142855,0.42857142857142855,1067,3,1.978460211148428e-07,0.7674584646827795,4.1431777923279227e-206,1058
gtex,frontal_cortex_ba9,isograph,0,M003,M002,0.4086102719033233,True,0.25039839272100195,0.08469783627394249,0.003522275165439313,0.3287151111911707,True,False,0.25,0.25,541,2,4.1076196344218524e-05,0.845580578060026,9.916083613551765e-69,247
gtex,frontal_cortex_ba9,isograph,0,M004,M004,0.3560747663551402,True,-0.1470566773134545,-0.08393813573530358,0.08996409656298499,0.333087613029544,True,False,0.0,0.0,381,0,,0.579947588603631,1.2750349331792914e-35,381
gtex,frontal_cortex_ba9,isograph,0,M002,M003,0.33890374331550804,True,0.05785147190297188,0.08961163161216415,0.5067148806215371,0.301326845831578,True,False,0.1111111111111111,0.1111111111111111,507,1,0.007881750356666745,0.8580703843827557,1.556211840741714e-146,501
gtex,frontal_cortex_ba9,isograph,0,M005,M006,0.2691415313225058,True,-0.1136939264224066,-0.0763238633575797,0.19086724486391785,0.37894539384696224,True,False,0.0,0.0,232,0,,0.557363491616592,2.967525283710523e-20,231
gtex,frontal_cortex_ba9,isograph,0,M006,M005,0.21621621621621623,False,0.23744482637891018,0.23752180171661877,0.005736155121057768,0.005538810719354357,True,True,0.1111111111111111,0.1111111111111111,200,1,0.015,0.816223537116669,1.3847050467445824e-48,198
gtex,frontal_cortex_ba9,isograph,0,M010,M011,0.19480519480519481,False,0.02217192289578182,0.08143966466146,0.7992751691751926,0.347728049336999,True,False,0.1111111111111111,0.1111111111111111,30,1,0.06666666666666665,0.9183759472885321,8.616676804963792e-13,30
gtex,frontal_cortex_ba9,isograph,0,M008,M009,0.19457013574660634,False,0.028466872432936052,0.10474336191437635,0.7440409224455803,0.22665524335578816,True,False,0.0,0.0,43,0,,0.772532918154535,2.0596754770001275e-09,42
gtex,frontal_cortex_ba9,isograph,0,M013,M015,0.09782608695652174,False,0.14962411130665246,-0.04592584531917116,0.08443290730820077,0.5968558762505504,False,False,0.0,0.0,9,0,,0.8224253152776161,0.00649997963342189,9
gtex,frontal_cortex_ba9,isograph,0,M017,M008,0.07339449541284404,False,-0.022358090670558852,-0.012271624917424121,0.7976258245027149,0.8876623081045528,True,False,0.0,0.0,16,0,,0.681740614334471,0.0036299895987374634,16
gtex,frontal_cortex_ba9,isograph,0,M015,M008,0.05652173913043478,False,0.09530449953629855,-0.012271624917424121,0.2733462238155052,0.8876623081045528,False,False,0.0,0.0,13,0,,0.8182235610872908,0.0006290706315365237,13
gtex,frontal_cortex_ba9,isograph,0,M023,M017,0.044444444444444446,False,-0.0426045755458991,-0.02282105736951405,0.6249937824534106,0.7927623409904329,True,False,0.0,0.0,2,0,,,,2
gtex,frontal_cortex_ba9,isograph,0,M007,M002,0.04382826475849732,False,-0.0471845932191471,0.08469783627394249,0.5882417738020894,0.3287151111911707,False,False,0.0,0.0,49,0,,0.7501968096988888,5.468373925901584e-10,49
gtex,frontal_cortex_ba9,isograph,0,M016,M013,0.043478260869565216,False,-0.016989579017321017,0.0619176381051191,0.8455180994731843,0.47559020525692974,False,False,0.0,0.0,4,0,,,,4
gtex,frontal_cortex_ba9,isograph,0,M011,M014,0.03636363636363636,False,0.08552108148642304,0.0030849011368191317,0.32585124507845964,0.971673001014604,True,False,0.0,0.0,4,0,,,,4
gtex,frontal_cortex_ba9,isograph,0,M012,M003,0.02708124373119358,False,0.1755602728246694,0.08961163161216415,0.04245782424949792,0.301326845831578,True,False,0.0,0.0,27,0,,0.3970894163750586,0.04027683416591142,27
gtex,frontal_cortex_ba9,isograph,0,M009,M005,0.025412960609911054,False,0.1826209252556624,0.23752180171661877,0.034688231859569284,0.005538810719354357,True,True,0.1111111111111111,0.1111111111111111,20,1,0.05,0.9028603530329938,5.117765728584066e-08,20
gtex,frontal_cortex_ba9,isograph,0,M018,M005,0.024861878453038673,False,0.2042411173415896,0.23752180171661877,0.01792708821300647,0.005538810719354357,True,True,0.0,0.0,18,0,,0.587203302373581,0.01040255772715195,18
gtex,frontal_cortex_ba9,isograph,0,M014,M012,0.02127659574468085,False,0.12502055016702188,-0.09776196529315827,0.1500619878771678,0.25930587583051734,False,False,0.0,0.0,3,0,,,,3
gtex,frontal_cortex_ba9,isograph,0,M021,M018,0.02040816326530612,False,0.17040849384361761,0.05828634875979695,0.049003245073590274,0.501902127093047,True,False,0.0,0.0,1,0,,,,1
gtex,frontal_cortex_ba9,isograph,0,M022,M012,0.0196078431372549,False,-0.11854148318914585,-0.09776196529315827,0.1725121141848521,0.25930587583051734,True,False,0.1111111111111111,0.1111111111111111,2,1,0.5,,,2
gtex,frontal_cortex_ba9,isograph,0,M020,M017,0.019230769230769232,False,0.18678281553025203,-0.02282105736951405,0.030697960365228868,0.7927623409904329,False,False,0.0,0.0,1,0,,,,1
gtex,frontal_cortex_ba9,isograph,0,M024,M014,0.017543859649122806,False,0.08348551118966291,0.0030849011368191317,0.3375405265880384,0.971673001014604,True,False,0.0,0.0,1,0,,,,1
gtex,frontal_cortex_ba9,isograph,0,M019,M011,0.016,False,0.16014123283619483,0.08143966466146,0.06455184885241694,0.347728049336999,True,False,0.0,0.0,2,0,,,,2
gtex,frontal_cortex_ba9,isograph,1,M000,M000,0.5494610019023463,True,-0.2108618316404196,-0.22063839914231623,0.014461247162664519,0.010125309432816735,True,True,0.25,0.25,1733,2,1.998963204417975e-06,0.850058049213111,5.056684153339845e-194,691
gtex,frontal_cortex_ba9,isograph,1,M001,M001,0.4580188679245283,True,-0.14459309735039041,-0.22466298557080233,0.0955389421722159,0.008801969534897832,True,False,0.25,0.25,971,2,1.2740611761708093e-05,0.7485970911903126,4.664743196694261e-174,965
gtex,frontal_cortex_ba9,isograph,1,M002,M003,0.34833948339483395,True,0.22172090167414238,0.15037728892204164,0.01003303599745425,0.08170241868636893,True,False,0.1111111111111111,0.1111111111111111,472,1,0.016895174349562777,0.8840721103870167,3.0105674780733953e-81,242
gtex,frontal_cortex_ba9,isograph,1,M006,M004,0.29873417721518986,True,0.01481089805631395,-0.15365939825083197,0.8651268360716827,0.07518374072986778,False,False,0.0,0.0,236,0,,0.6014849770517308,1.3051497750815603e-24,236
gtex,frontal_cortex_ba9,isograph,1,M003,M002,0.28903857930189836,True,0.1577606077520622,0.09431184204930328,0.06867987285016994,0.2765765740797403,True,False,0.1111111111111111,0.1111111111111111,472,1,0.006355932203389831,0.8619429768586185,3.772329580323952e-140,470
gtex,frontal_cortex_ba9,isograph,1,M004,M002,0.21320973348783315,False,0.21047955969346627,0.09431184204930328,0.014644164730540844,0.2765765740797403,True,False,0.1111111111111111,0.1111111111111111,368,1,0.005434782608695652,0.8770653570922449,2.32693151935499e-116,361
gtex,frontal_cortex_ba9,isograph,1,M011,M007,0.2,False,0.03668604269185025,0.11995989071235404,0.6738757409659626,0.16579059109125024,True,False,0.25,0.25,38,2,0.004267425320056899,0.8856552587461199,1.5018674554735917e-13,38
gtex,frontal_cortex_ba9,isograph,1,M007,M005,0.19292604501607716,False,-0.0013901044327234904,-0.0544536910272592,0.9872815627155918,0.5304776882045078,True,False,0.0,0.0,120,0,,0.6702202369890083,5.667565579709872e-17,120
gtex,frontal_cortex_ba9,isograph,1,M005,M006,0.18509316770186335,False,-0.02338134604131647,-0.15269858217070395,0.7885764646263694,0.07704703377484573,True,False,0.0,0.0,149,0,,0.36422750545296295,5.757727549995688e-06,147
gtex,frontal_cortex_ba9,isograph,1,M008,M010,0.1575091575091575,False,0.1222612385957819,-0.1116868729801576,0.15933775458982946,0.19717009610155514,False,False,0.1111111111111111,0.1111111111111111,43,1,0.0930232558139535,0.768601613637468,1.7630044963760748e-09,43
gtex,frontal_cortex_ba9,isograph,1,M010,M009,0.15675675675675677,False,0.02266526252190839,0.1305673472038005,0.7949064047396327,0.1311920459569117,True,False,0.0,0.0,29,0,,0.8328600395157781,2.0849708685717717e-08,29
gtex,frontal_cortex_ba9,isograph,1,M009,M008,0.12601626016260162,False,0.09735644225786519,-0.06896852937041295,0.26310398851366584,0.42670813888668013,False,False,0.0,0.0,31,0,,0.5130689353493008,0.003161633773871442,31
gtex,frontal_cortex_ba9,isograph,1,M018,M012,0.09574468085106383,False,0.13775987407037765,-0.11750922039733493,0.11243937630065015,0.17467155573362608,False,False,0.0,0.0,9,0,,0.5666666666666667,0.1116329876114912,9
gtex,frontal_cortex_ba9,isograph,1,M012,M019,0.06666666666666667,False,0.08890768920026378,-0.1225069879647037,0.30698752257461687,0.15692074779255086,False,False,0.0,0.0,8,0,,0.8780487804878049,0.004129580427032992,8
gtex,frontal_cortex_ba9,isograph,1,M016,M016,0.06578947368421052,False,-0.060650197684996576,-0.04874056106663138,0.4863408300729081,0.5745372612858255,True,False,0.1111111111111111,0.1111111111111111,5,1,0.20000000000000004,0.8720815992723809,0.05385421772754213,5
gtex,frontal_cortex_ba9,isograph,1,M021,M022,0.046511627906976744,False,0.2028047088972872,0.14498937034880036,0.018767520277274675,0.093378919470804,True,False,0.0,0.0,2,0,,,,2
gtex,frontal_cortex_ba9,isograph,1,M019,M021,0.03773584905660377,False,0.062443372399404715,0.052730102183327146,0.4735208309431649,0.5435894452074768,True,False,0.0,0.0,2,0,,,,2
gtex,frontal_cortex_ba9,isograph,1,M015,M013,0.037383177570093455,False,0.17491477600072516,0.24267418208834626,0.04323558677785981,0.004569399504478995,True,True,0.0,0.0,4,0,,,,4
gtex,frontal_cortex_ba9,isograph,1,M020,M018,0.03333333333333333,False,0.18167237720002724,0.06137382485337102,0.03565653823152982,0.4794823732085442,True,False,0.0,0.0,2,0,,,,2
gtex,frontal_cortex_ba9,isograph,1,M014,M024,0.03076923076923077,False,0.17552238227917488,0.009791544733985072,0.04250315332820951,0.9102586901706045,True,False,0.0,0.0,2,0,,,,2
gtex,frontal_cortex_ba9,isograph,1,M013,M025,0.022727272727272728,False,0.11338603279321285,0.0682354723227187,0.19207931643979195,0.4316511990963008,True,False,0.0,0.0,2,0,,,,2
gtex,frontal_cortex_ba9,isograph,1,M017,M023,0.017543859649122806,False,0.1676690665907317,0.14614213545466717,0.052811652047533665,0.09077541121799555,True,False,0.0,0.0,1,0,,,,1
gtex,frontal_cortex_ba9,isograph,2,M000,M000,0.6135673304083699,True,-0.35136197877721,-0.1337159378316329,3.1447258180308654e-05,0.12206991209234601,True,False,0.25,0.25,1818,2,1.0890171325919649e-05,0.86953162434624,3.9226632448684856e-211,684
gtex,frontal_cortex_ba9,isograph,2,M001,M001,0.4987869966035905,True,-0.25300528379495607,-0.15699499726524352,0.0031833763687379698,0.06899564100897473,True,False,0.25,0.25,1028,2,1.7038315760049908e-05,0.743738085992601,8.609022357513509e-181,1023
gtex,frontal_cortex_ba9,isograph,2,M003,M002,0.40117994100294985,True,0.2262942519082778,0.12339851673688074,0.00855855041783512,0.15390170111788487,True,False,0.25,0.25,544,2,2.0311992200194993e-05,0.8207496779419818,1.33735783905563e-57,231
gtex,frontal_cortex_ba9,isograph,2,M004,M004,0.3527827648114901,True,-0.2211121430639328,-0.06358093717617067,0.010245281283284198,0.4637927299455027,True,False,0.0,0.0,393,0,,0.5407626308924812,3.1662573238775957e-31,393
gtex,frontal_cortex_ba9,isograph,2,M002,M003,0.34993270524899056,True,0.016235704425005895,0.15567471719874243,0.8522931193584745,0.07139361214842012,True,False,0.25,0.25,520,2,4.44642063139173e-05,0.8841043950602513,5.743880025177511e-171,513
gtex,frontal_cortex_ba9,isograph,2,M005,M005,0.21816479400749064,False,0.18985140847894477,0.24895938212276408,0.02801170633246088,0.003594233477606298,True,True,0.1111111111111111,0.1111111111111111,233,1,0.012875536480686695,0.8844327666438534,9.486819624482743e-78,231
gtex,frontal_cortex_ba9,isograph,2,M007,M010,0.19367588932806323,False,0.03334002524057492,0.09514670741515423,0.7021429411626405,0.2723279587291954,True,False,0.25,0.25,49,2,0.0008503401360544217,0.6775269639988014,8.955299849979707e-08,49
gtex,frontal_cortex_ba9,isograph,2,M006,M006,0.17697594501718214,False,-0.15029025619299782,-0.07834727543760905,0.08304315959647297,0.36639984644924334,True,False,0.0,0.0,103,0,,0.681819787162275,2.2241538775695655e-15,103
gtex,frontal_cortex_ba9,isograph,2,M013,M009,0.14473684210526316,False,0.03018234349718839,0.07452397906001648,0.7291987957061297,0.3903218169314504,True,False,0.25,0.25,22,2,0.012987012987012988,0.9048571428571429,7.3710623956123705e-09,22
gtex,frontal_cortex_ba9,isograph,2,M008,M007,0.13377926421404682,False,-0.03723120695952074,0.05609452365894205,0.6693117409012077,0.5181447357533838,False,False,0.0,0.0,40,0,,0.7677187557753693,7.444457795774347e-09,40
gtex,frontal_cortex_ba9,isograph,2,M014,M020,0.06944444444444445,False,0.13641592145773984,0.14544807557190617,0.11602226708334104,0.09233593103984308,True,False,0.0,0.0,5,0,,1.0,0.0,5
gtex,frontal_cortex_ba9,isograph,2,M012,M013,0.05785123966942149,False,0.1814350851416189,-0.0026592762179870116,0.03590230624825687,0.9755799839354256,False,False,0.0,0.0,7,0,,0.5,0.2531699951003227,7
gtex,frontal_cortex_ba9,isograph,2,M011,M022,0.050505050505050504,False,-0.07139712120957316,0.14366183693430554,0.412338501064655,0.09645014298736278,False,False,0.25,0.25,5,2,0.10000000000000002,0.8999999999999998,0.03738607346849874,5
gtex,frontal_cortex_ba9,isograph,2,M010,M015,0.047619047619047616,False,-0.1365453603946035,-0.08288336591716608,0.1156733780302651,0.33921964522082737,True,False,0.0,0.0,7,0,,0.38306543884143684,0.39633163923787007,7
gtex,frontal_cortex_ba9,isograph,2,M009,M008,0.043795620437956206,False,-0.09374422169376392,0.11834936026809062,0.2813124111403708,0.1715882666674845,False,False,0.0,0.0,12,0,,0.823729846201355,0.0009887811074560176,12
gtex,frontal_cortex_ba9,isograph,2,M016,M012,0.023622047244094488,False,-0.05998548298350459,0.05073338140106646,0.4911397942291115,0.5589756478990532,False,False,0.0,0.0,3,0,,,,3
gtex,frontal_cortex_ba9,isograph,2,M015,M018,0.013333333333333334,False,-0.22803922240952587,0.1497718138824791,0.00804857715556476,0.08295309433844204,False,False,0.0,0.0,1,0,,,,1
gtex,frontal_cortex_ba9,isograph,3,M000,M000,0.4885401096163428,True,-0.2010036124199728,-0.2447789282757535,0.019869298917676834,0.004219232486751516,True,True,0.42857142857142855,0.42857142857142855,1961,3,7.956413760860903e-08,0.8665107765891616,1.101937879098394e-252,832
gtex,frontal_cortex_ba9,isograph,3,M001,M003,0.37692823608316567,True,0.09642445639815161,0.2573130667201128,0.2677230541338195,0.0025884388555859872,True,False,0.25,0.25,562,2,6.343527381835944e-06,0.8829887679541943,4.251112593253915e-83,249
gtex,frontal_cortex_ba9,isograph,3,M002,M004,0.3448275862068966,True,-0.15839570773265996,-0.10835423923115112,0.067558174970719,0.21095560871892852,True,False,0.42857142857142855,0.42857142857142855,380,3,4.4085587760077407e-07,0.5612904602699524,6.326406733802853e-33,380
gtex,frontal_cortex_ba9,isograph,3,M004,M002,0.2427536231884058,False,0.03790023921438237,0.14266262074405464,0.6637272181409946,0.098814085208843,True,False,0.1111111111111111,0.1111111111111111,402,1,0.0024875621890547263,0.8656305102328673,6.1543887750889e-122,401
gtex,frontal_cortex_ba9,isograph,3,M003,M002,0.20976176641487507,False,0.2338385334684429,0.14266262074405464,0.006541528663813141,0.098814085208843,True,False,0.25,0.25,361,2,0.0002759794957265618,0.8649937341210978,5.915210257971107e-109,359
gtex,frontal_cortex_ba9,isograph,3,M008,M009,0.20600858369098712,False,0.04195830317080075,0.04958432492736561,0.6302576914720543,0.5679237371066919,True,False,0.42857142857142855,0.42857142857142855,48,3,5.7816836262719713e-05,0.9303344634844392,1.1405898178907137e-21,48
gtex,frontal_cortex_ba9,isograph,3,M012,M018,0.175,False,0.028313584406754973,-0.02642283023117461,0.7453718385634801,0.7609725995948102,False,False,0.0,0.0,14,0,,0.9379878466754543,7.176777444707367e-07,14
gtex,frontal_cortex_ba9,isograph,3,M006,M010,0.15671641791044777,False,0.035208939517470485,0.10255758119391079,0.6863011055546722,0.23654981028951436,True,False,0.1111111111111111,0.1111111111111111,42,1,0.07142857142857142,0.5689928363422168,8.427574727714961e-05,42
gtex,frontal_cortex_ba9,isograph,3,M005,M005,0.1506172839506173,False,-0.18141216057780601,0.048021192687939855,0.035926125129179504,0.5802040561654619,False,False,0.1111111111111111,0.1111111111111111,122,1,0.032651402249017754,0.6911534464497461,1.2405277282447254e-18,122
gtex,frontal_cortex_ba9,isograph,3,M013,M015,0.12244897959183673,False,-0.08840690223031408,0.21165532541199739,0.30973096969530595,0.013726936623411045,False,False,0.0,0.0,12,0,,-0.25000000000000006,0.6328125,6
gtex,frontal_cortex_ba9,isograph,3,M007,M011,0.08433734939759036,False,-0.028628373083182043,0.12127368997091176,0.742639517853571,0.16117003651025916,False,False,0.0,0.0,21,0,,0.9315447543289037,8.649792532249976e-10,21
gtex,frontal_cortex_ba9,isograph,3,M015,M008,0.05670103092783505,False,0.031631264823023336,0.021296618082755896,0.7167402672491182,0.8063238931750664,True,False,0.0,0.0,11,0,,0.312530269764209,0.3494170054686761,11
gtex,frontal_cortex_ba9,isograph,3,M009,M015,0.05092592592592592,False,-0.10044454708421709,0.21165532541199739,0.24818891698453102,0.013726936623411045,False,False,0.0,0.0,11,0,,0.7419354838709679,0.09130274243899164,6
gtex,frontal_cortex_ba9,isograph,3,M011,M011,0.04487179487179487,False,-0.09109481547470823,0.12127368997091176,0.2951928651679959,0.16117003651025916,False,False,0.0,0.0,7,0,,0.6400261077368837,0.12156243401510569,7
gtex,frontal_cortex_ba9,isograph,3,M019,M008,0.043010752688172046,False,0.08200842462639857,0.021296618082755896,0.3461873869301816,0.8063238931750664,True,False,0.0,0.0,8,0,,0.95,0.0003008984375000009,8
gtex,frontal_cortex_ba9,isograph,3,M014,M008,0.035175879396984924,False,-0.0682486506971523,0.021296618082755896,0.4333054443926569,0.8063238931750664,False,False,0.0,0.0,7,0,,0.9723448696087955,0.00024067356450236616,7
gtex,frontal_cortex_ba9,isograph,3,M021,M018,0.03278688524590164,False,-0.11901721073173314,-0.02642283023117461,0.17078367043838513,0.7609725995948102,True,False,0.0,0.0,2,0,,,,2
gtex,frontal_cortex_ba9,isograph,3,M010,M010,0.028169014084507043,False,-0.06358098796723465,0.10255758119391079,0.46548389256143397,0.23654981028951436,False,False,0.0,0.0,6,0,,0.0,1.0,6
gtex,frontal_cortex_ba9,isograph,3,M020,M012,0.028037383177570093,False,0.095955477103279,0.20446734779800096,0.2700681037504899,0.01736943928328841,True,False,0.1111111111111111,0.1111111111111111,3,1,1.0,,,3
gtex,frontal_cortex_ba9,isograph,3,M018,M017,0.02702702702702703,False,-0.08237815564031459,-0.029813735753396506,0.34401000512433877,0.731403293369866,True,False,0.0,0.0,2,0,,,,2
gtex,frontal_cortex_ba9,isograph,3,M016,M012,0.02631578947368421,False,0.023762864221013574,0.20446734779800096,0.785209568559446,0.01736943928328841,True,False,0.0,0.0,3,0,,,,3
gtex,frontal_cortex_ba9,isograph,3,M026,M020,0.022727272727272728,False,0.04058648191354386,0.11730974032966317,0.641492657297859,0.175409612175989,True,False,0.0,0.0,1,0,,,,1
gtex,frontal_cortex_ba9,isograph,3,M025,M019,0.020833333333333332,False,0.09343840697861207,-0.00043317957879646617,0.2828918583515628,0.9960215331651673,False,False,0.0,0.0,1,0,,,,1
gtex,frontal_cortex_ba9,isograph,3,M017,M011,0.01680672268907563,False,0.1247561731175254,0.12127368997091176,0.1509326824491158,0.16117003651025916,True,False,0.1111111111111111,0.1111111111111111,2,1,0.5,,,2
gtex,frontal_cortex_ba9,isograph,3,M027,M008,0.01639344262295082,False,-0.09542201823055195,0.021296618082755896,0.27275245560647743,0.8063238931750664,False,False,0.0,0.0,3,0,,,,3
gtex,frontal_cortex_ba9,isograph,3,M022,M010,0.015267175572519083,False,0.05726752217769579,0.10255758119391079,0.5110211221391122,0.23654981028951436,True,False,0.0,0.0,2,0,,,,2
gtex,frontal_cortex_ba9,isograph,3,M023,M006,0.01090909090909091,False,0.09899600768412155,0.0018031378622246803,0.255110681734159,0.9834404835440975,True,False,0.0,0.0,3,0,,,,3
gtex,frontal_cortex_ba9,isograph,3,M024,M014,0.010101010101010102,False,0.23009300571934965,-0.08519113953448987,0.007482953447015161,0.3258956681708712,False,False,0.0,0.0,1,0,,,,1
gtex,frontal_cortex_ba9,isograph,4,M000,M000,0.6216586703221384,True,-0.27798761800610333,-0.15838772413388658,0.0011454003124471974,0.06653741726865252,True,False,0.25,0.25,1814,2,6.081278722639566e-07,0.8883223462047682,1.2856285965196176e-227,669
gtex,frontal_cortex_ba9,isograph,4,M001,M001,0.4884393063583815,True,-0.29170470338523996,-0.09968165530458295,0.0006267202402829114,0.25002293033193174,True,False,0.1111111111111111,0.1111111111111111,1014,1,0.005911318539460387,0.7493903971364034,1.637166448283458e-182,1009
gtex,frontal_cortex_ba9,isograph,4,M003,M003,0.35376044568245124,True,0.1716205174031165,0.1868323128192545,0.04739250992763107,0.030025633324707753,True,True,0.25,0.25,508,2,4.659180915994968e-05,0.8987156025280616,3.5928328150798973e-87,240
gtex,frontal_cortex_ba9,isograph,4,M004,M004,0.34419942473633747,True,-0.1760379300999796,-0.09948242742904113,0.041889853321164336,0.25097551085467934,True,False,0.25,0.25,359,2,4.668461430727813e-05,0.5680751552728189,4.589243349612313e-32,359
gtex,frontal_cortex_ba9,isograph,4,M002,M002,0.25881649731022116,True,0.14334443292954321,0.10743375622509513,0.09846715222433235,0.21488185303101875,True,False,0.0,0.0,433,0,,0.8724335235312227,1.5501808865104406e-134,428
gtex,frontal_cortex_ba9,isograph,4,M010,M012,0.22941176470588234,False,0.09560503310064196,0.03881946273221832,0.27182950332674555,0.6548636871075251,True,False,0.1111111111111111,0.1111111111111111,39,1,0.05128205128205129,0.9228574157304246,6.543564951013636e-17,39
gtex,frontal_cortex_ba9,isograph,4,M005,M002,0.19126506024096385,False,0.31860389975558895,0.10743375622509513,0.00017556305204507395,0.21488185303101875,True,False,0.42857142857142855,0.42857142857142855,254,3,1.4731714430693248e-05,0.8352648677903878,6.927720458236276e-67,252
gtex,frontal_cortex_ba9,isograph,4,M006,M008,0.14388489208633093,False,-0.06708419439681612,-0.0714715380271725,0.4412117852817141,0.410078030111307,True,False,0.0,0.0,80,0,,0.7865867862766651,5.297130839591139e-18,80
gtex,frontal_cortex_ba9,isograph,4,M008,M013,0.13917525773195877,False,0.1348866727380115,0.004105738517937193,0.1202063430260844,0.9623052371085313,True,False,0.0,0.0,27,0,,0.7394580000007869,1.0492128484163046e-05,27
gtex,frontal_cortex_ba9,isograph,4,M011,M009,0.096,False,-0.04221517335285047,-0.012635565687651716,0.6281632335067968,0.8843535287001483,True,False,0.0,0.0,24,0,,0.9050767869113333,1.24545924038149e-09,24
gtex,frontal_cortex_ba9,isograph,4,M009,M010,0.06046511627906977,False,-0.024026469778625707,-0.0009845573556707295,0.7828855652469928,0.9909576486834698,True,False,0.0,0.0,13,0,,0.8444476431932839,0.0002816736828284776,13
gtex,frontal_cortex_ba9,isograph,4,M012,M007,0.057034220532319393,False,0.03612758879912931,0.018618236948007155,0.6785633341061795,0.8302886708109236,True,False,0.0,0.0,15,0,,0.8651107469705753,6.462397963390279e-05,14
gtex,frontal_cortex_ba9,isograph,4,M013,M016,0.047058823529411764,False,0.19312460403365067,0.14080026125873177,0.025369741893570396,0.10334187345468371,True,False,0.1111111111111111,0.1111111111111111,4,1,0.25,,,4
gtex,frontal_cortex_ba9,isograph,4,M007,M019,0.04265402843601896,False,-0.028109252020164396,0.052765718482451596,0.7471471132323141,0.5433168986392088,False,False,0.0,0.0,9,0,,,,1
gtex,frontal_cortex_ba9,isograph,4,M014,M007,0.040983606557377046,False,0.013031995813431629,0.018618236948007155,0.8811991276557102,0.8302886708109236,True,False,0.0,0.0,10,0,,0.6393972588176865,0.06371171958081798,9
gtex,frontal_cortex_ba9,isograph,4,M015,M021,0.030303030303030304,False,0.2154899914913932,0.038678817835107,0.012399789868083388,0.6560343434044776,True,False,0.0,0.0,2,0,,,,2
gtex,frontal_cortex_ba9,isograph,4,M016,M017,0.018867924528301886,False,0.08913354993032423,-0.0028175173764170515,0.3057554182646674,0.9741273518697763,False,False,0.0,0.0,1,0,,,,1
gtex,frontal_cortex_ba9,wgcna,0,M010,M007,0.8974358974358975,True,,,,,False,False,,,35,0,,,,0
gtex,frontal_cortex_ba9,wgcna,0,M000,M000,0.8685121107266436,True,-0.25244700912153273,-0.08641949652368125,0.003253375696406022,0.31894283362953724,True,False,0.25,0.25,12801,2,1.2200356274893287e-06,0.8089534040152926,0.0,8750
gtex,frontal_cortex_ba9,wgcna,0,M004,M003,0.5668789808917197,True,0.24395987289634744,0.0523947373561209,0.0045024031314754055,0.5461590509079597,True,False,0.25,0.25,534,2,0.00025169998320170335,0.7735004302276899,2.728897249291602e-73,362
gtex,frontal_cortex_ba9,wgcna,0,M002,M001,0.5350819672131147,True,0.20454728252794097,0.034259680805090384,0.01775222836271048,0.6932297837535334,True,False,0.1111111111111111,0.1111111111111111,816,1,0.014651794604880137,0.7756681020974795,3.260811558386934e-110,543
gtex,frontal_cortex_ba9,wgcna,0,M006,M004,0.5132743362831859,True,0.09549119253816,-0.029945954713950798,0.27240335761197343,0.7302579520954822,False,False,0.25,0.25,174,2,0.0005956492112862778,0.7950120489638673,1.171094689541937e-23,103
gtex,frontal_cortex_ba9,wgcna,0,M003,M002,0.43986820428336076,True,0.1943044669299231,0.080755971897875,0.02447116560568318,0.35180377821220504,True,False,0.1111111111111111,0.1111111111111111,534,1,0.007483609840419925,0.7785611687461803,2.341378089233533e-69,335
gtex,frontal_cortex_ba9,wgcna,0,M005,M002,0.28497942386831276,True,0.03160973241616351,0.080755971897875,0.7169248783829131,0.35180377821220504,True,False,0.1111111111111111,0.1111111111111111,277,1,0.01444043321299639,0.8378829509330885,5.88120504144038e-54,200
gtex,frontal_cortex_ba9,wgcna,0,M001,M005,0.10698270339525945,False,0.12664688653148753,-0.007214282809493018,0.14478894586784585,0.9338165469209495,False,False,0.1111111111111111,0.1111111111111111,167,1,0.029940119760479035,0.7427592625057146,2.352783852341976e-20,109
gtex,frontal_cortex_ba9,wgcna,0,M007,M001,0.022727272727272728,False,0.015049485807839637,0.034259680805090384,0.8629752474218009,0.6932297837535334,True,False,0.0,0.0,26,0,,0.8139415922224985,0.00012458553424420508,16
gtex,frontal_cortex_ba9,wgcna,0,M009,M002,0.017364657814096015,False,0.09849890099549728,0.080755971897875,0.257516370150103,0.35180377821220504,True,False,0.1111111111111111,0.1111111111111111,17,1,0.058823529411764705,0.5152374338687636,0.07155009296332906,13
gtex,frontal_cortex_ba9,wgcna,0,M008,M001,0.01323918799646955,False,0.0696009577657766,0.034259680805090384,0.42422614326839025,0.6932297837535334,True,False,0.0,0.0,15,0,,0.6259256710955656,0.039392904636557716,11
gtex,frontal_cortex_ba9,wgcna,1,M000,M000,0.8937135940691429,True,-0.11834220117387739,-0.19698360878890064,0.1732399896099794,0.022024535299622776,True,False,0.0,0.0,11814,0,1.0,0.8206819752769872,0.0,8024
gtex,frontal_cortex_ba9,wgcna,1,M006,M004,0.6058823529411764,True,0.0946383392309831,-0.004332961186882831,0.2767285344602178,0.9602207719039674,False,False,0.25,0.25,103,2,0.001142204454597373,0.8076283822316103,5.447924486288316e-14,56
gtex,frontal_cortex_ba9,wgcna,1,M003,M003,0.6056955093099672,True,0.19382713135821342,0.11258907004590994,0.024831362932804198,0.1935528824974146,True,False,0.25,0.25,553,2,0.0002347268529833476,0.7773076947851472,7.145673055135754e-77,374
gtex,frontal_cortex_ba9,wgcna,1,M001,M001,0.54675914852906,True,0.1456890611494385,-0.018729637759304925,0.09302601714948805,0.8292886328910065,False,False,0.25,0.25,2286,2,1.1476470916193627e-05,0.7929750158353263,0.0,1584
gtex,frontal_cortex_ba9,wgcna,1,M002,M002,0.3856022808267997,True,0.17913648969298923,0.09235393249104336,0.038357785212446496,0.28671478672689893,True,False,0.25,0.25,541,2,2.0538098172109262e-05,0.7907628859836427,1.8286660206514954e-74,342
gtex,frontal_cortex_ba9,wgcna,1,M004,M002,0.25486381322957197,True,0.036281791645505136,0.09235393249104336,0.6772677357248955,0.28671478672689893,True,False,0.0,0.0,262,0,,0.8006715451196387,1.3658091164657755e-44,194
gtex,frontal_cortex_ba9,wgcna,1,M007,M002,0.1,False,0.0855126491180947,0.09235393249104336,0.3258991248423907,0.28671478672689893,True,False,0.1111111111111111,0.1111111111111111,104,1,0.05713218820014936,0.9211235085087002,7.143433531267446e-33,78
gtex,frontal_cortex_ba9,wgcna,1,M005,M003,0.0648854961832061,False,0.07133457992251299,0.11258907004590994,0.4127491120273215,0.1935528824974146,True,False,0.0,0.0,68,0,,0.6897276214614843,3.1237510196688696e-07,43
gtex,frontal_cortex_ba9,wgcna,1,M008,M002,0.016917293233082706,False,-0.047839120384761034,0.09235393249104336,0.5830712370163554,0.28671478672689893,False,False,0.0,0.0,18,0,,0.8809960611238892,0.00015343146726154436,12
gtex,frontal_cortex_ba9,wgcna,2,M000,M000,0.9155309483248154,True,-0.3053130843315152,-0.06295806421440836,0.00033426460683089746,0.46819167682208673,True,False,0.1111111111111111,0.1111111111111111,12898,1,0.001937082968279567,0.8165667633934405,0.0,8809
gtex,frontal_cortex_ba9,wgcna,2,M006,M009,0.8780487804878049,True,-0.034477281141173356,,0.6924872434802269,,False,False,0.0,0.0,36,0,,,,0
gtex,frontal_cortex_ba9,wgcna,2,M003,M002,0.6804029304029304,True,0.25137891431140297,0.10543686057454221,0.003391173909824897,0.2235778063954678,True,False,0.42857142857142855,0.42857142857142855,743,3,5.86298920570059e-07,0.7998198078819401,1.0825719213311596e-114,510
gtex,frontal_cortex_ba9,wgcna,2,M004,M004,0.6713091922005571,True,0.0285627052431433,0.0197929179717317,0.7432092420719645,0.8197576149980018,True,False,0.25,0.25,241,2,0.002040075392298623,0.7604835429459732,3.2762771245601717e-35,180
gtex,frontal_cortex_ba9,wgcna,2,M005,M006,0.5378787878787878,True,0.08472097997944024,-0.028874493924167344,0.33041443055873204,0.7395563435098037,False,False,0.1111111111111111,0.1111111111111111,142,1,0.0352112676056338,0.9079280815095199,1.8043999806976667e-33,86
gtex,frontal_cortex_ba9,wgcna,2,M002,M001,0.3219259848786311,True,0.1507458878858795,0.03958632883109837,0.08210319240978786,0.648495494728972,True,False,0.0,0.0,809,0,,0.8111034591495252,8.278434708313267e-129,546
gtex,frontal_cortex_ba9,wgcna,2,M001,M001,0.21386306001690616,False,0.2184285208019607,0.03958632883109837,0.011228744053693292,0.648495494728972,True,False,0.25,0.25,759,2,3.125927385437e-05,0.7786509747784264,9.458325143298887e-109,529
gtex,frontal_cortex_ba9,wgcna,3,M000,M000,0.8223197327919314,True,-0.16130947280325708,-0.1670112200700541,0.06260143483456283,0.052859006196872685,True,False,0.25,0.25,12556,2,1.2681025682466505e-06,0.8119499086833135,0.0,8558
gtex,frontal_cortex_ba9,wgcna,3,M001,M003,0.5853018372703412,True,0.1201239557815245,0.15925048797105107,0.16681224759523217,0.06505070720286234,True,False,0.1111111111111111,0.1111111111111111,669,1,0.011931294361948747,0.7943589893186241,4.872476644064127e-99,450
gtex,frontal_cortex_ba9,wgcna,3,M002,M004,0.5821545157780196,True,0.04214672249719206,0.15587248210645904,0.628721077091857,0.07103017837574749,True,False,0.25,0.25,535,2,7.000595050579298e-05,0.7016750053307667,6.498331246575732e-54,355
gtex,frontal_cortex_ba9,wgcna,3,M004,M005,0.44675324675324674,True,-0.004466195033410042,0.041816720145968954,0.9591535301627836,0.6301192092518285,False,False,0.1111111111111111,0.1111111111111111,172,1,0.01744186046511628,0.7702514877632811,1.8444277480825208e-20,98
gtex,frontal_cortex_ba9,wgcna,3,M003,M006,0.34244946492271106,True,0.03745900837596741,0.08689965177477159,0.6674081948998646,0.3162513189588671,True,False,0.0,0.0,288,0,,0.767419527484245,3.226913286927133e-42,211
gtex,frontal_cortex_ba9,wgcna,4,M000,M000,0.8855120137299771,True,-0.23010132004307476,-0.10130837408291292,0.007480737148097199,0.2423383991235197,True,False,0.1111111111111111,0.1111111111111111,12383,1,0.002017592783181235,0.807846709638919,0.0,8407
gtex,frontal_cortex_ba9,wgcna,4,M003,M003,0.5390557939914163,True,0.24714993598749618,0.05269209694991065,0.003989812059281349,0.5438803467800548,True,False,0.25,0.25,628,2,0.00015189179773581908,0.7681843048229134,6.925064990778188e-86,435
gtex,frontal_cortex_ba9,wgcna,4,M006,M004,0.4798657718120805,True,0.0952630858757583,0.025653126897022642,0.2735556761432405,0.7677346621052944,True,False,0.1111111111111111,0.1111111111111111,143,1,0.020979020979020976,0.7863098452622895,1.2826623157101016e-18,83
gtex,frontal_cortex_ba9,wgcna,4,M001,M001,0.35637221847606204,True,0.059467914981787114,0.09674154519281934,0.49489376018345305,0.2643351637372755,True,False,0.0,0.0,1057,0,1.0,0.7663109965399947,3.5617643495266287e-138,710
gtex,frontal_cortex_ba9,wgcna,4,M002,M002,0.3135048231511254,True,0.10065107979217652,0.14727030116041837,0.24721269587543218,0.08828367466654931,True,False,0.1111111111111111,0.1111111111111111,585,1,0.006831752722163681,0.8128645473429575,3.622529352109529e-92,386
gtex,frontal_cortex_ba9,wgcna,4,M005,M002,0.24753363228699551,False,0.032289233567713585,0.14727030116041837,0.7111070139507298,0.08828367466654931,True,False,0.1111111111111111,0.1111111111111111,276,1,0.028827404479578395,0.7989113104258242,1.7505194705050874e-46,204
gtex,frontal_cortex_ba9,wgcna,4,M004,M001,0.03572632288506909,False,0.037068050697435816,0.09674154519281934,0.6706763944223546,0.2643351637372755,True,False,0.1111111111111111,0.1111111111111111,106,1,0.009433962264150945,0.6560798391347324,2.2227226974625578e-11,82
gtex,frontal_cortex_ba9,wgcna,4,M007,M000,0.002464893934867045,False,,-0.10130837408291292,,0.2423383991235197,False,False,0.0,0.0,33,0,,,,0
gtex,hippocampus,isograph,0,M001,M001,0.5182963407318536,True,-0.2130959052760706,-0.21175476798163534,0.01615383581459969,0.016417164567419346,True,True,0.25,0.25,864,2,1.6093729882837644e-05,0.8800578236985155,2.0433227682490408e-97,297
gtex,hippocampus,isograph,0,M000,M000,0.4903012794056954,True,-0.03436499400013289,-0.1407286299115243,0.7013060592089052,0.11309370936735333,True,False,0.6666666666666666,0.6666666666666666,1188,4,6.054956773826166e-11,0.798968708406584,4.2817359146736735e-263,1183
gtex,hippocampus,isograph,0,M003,M002,0.3676680972818312,True,-0.00862836409394273,0.07236421749815791,0.9233005019650592,0.41694010022923084,False,False,0.1111111111111111,0.1111111111111111,514,1,0.007782101167315175,0.8745220880380179,1.0303051264204062e-162,513
gtex,hippocampus,isograph,0,M004,M003,0.30267753201396974,True,-0.1694857571423601,-0.15736784229031975,0.05678943338025144,0.07605996188864231,True,False,0.1111111111111111,0.1111111111111111,260,1,0.0038461538461538464,0.6492675883307281,1.6348168993572204e-32,260
gtex,hippocampus,isograph,0,M019,M019,0.288135593220339,True,0.27084625052928313,0.23334673272743708,0.002070818044270402,0.008029705582525406,True,True,0.0,0.0,17,0,,,,4
gtex,hippocampus,isograph,0,M002,M004,0.24528301886792453,False,0.11269294535262969,0.09084663444399757,0.2071465031133721,0.30780418033536644,True,False,0.0,0.0,273,0,,0.8593751661231749,1.8724053318567016e-79,268
gtex,hippocampus,isograph,0,M013,M009,0.2254335260115607,False,-0.11789914855797164,0.10417830365950924,0.1867922038072028,0.24189308030042728,False,False,0.1111111111111111,0.1111111111111111,39,1,0.1970310391363023,0.8620175317049888,1.807415796678777e-12,39
gtex,hippocampus,isograph,0,M005,M006,0.21739130434782608,False,0.031202767391993284,0.16525874042311817,0.7276559103370982,0.06229542069560744,True,False,0.1111111111111111,0.1111111111111111,105,1,0.009523809523809523,0.9058692448982341,3.224566455674524e-40,105
gtex,hippocampus,isograph,0,M008,M008,0.18888888888888888,False,0.024331018054174702,0.09593002006472538,0.7859866880101021,0.2814070424945607,True,False,0.1111111111111111,0.1111111111111111,51,1,0.03921568627450981,0.7191616341307419,4.027280988741174e-09,50
gtex,hippocampus,isograph,0,M006,M007,0.18529411764705883,False,-0.06402836464787665,-0.1427107582032663,0.47450835795682605,0.10805749073969585,True,False,0.25,0.25,63,2,0.001536098310291859,0.7161061174536429,4.178753369340477e-11,63
gtex,hippocampus,isograph,0,M012,M012,0.09090909090909091,False,-0.08582615336139703,0.013729676857156682,0.33734711715166454,0.8777540161771488,False,False,0.0,0.0,15,0,,0.782033240842668,0.0009502900990569085,14
gtex,hippocampus,isograph,0,M011,M011,0.07729468599033816,False,0.09910027760014974,-0.12172248725501826,0.2676492512789594,0.1710872559904868,False,False,0.0,0.0,16,0,,0.6360655737704918,0.008080753556651788,16
gtex,hippocampus,isograph,0,M009,M014,0.07692307692307693,False,-0.014957183400979105,-0.06385419178130144,0.8674474578733583,0.47394684281507765,True,False,0.0,0.0,17,0,,0.4803687581365345,0.050974521980603,17
gtex,hippocampus,isograph,0,M018,M007,0.06666666666666667,False,-0.134993924414502,-0.1427107582032663,0.13022937779492025,0.10805749073969585,True,False,0.1111111111111111,0.1111111111111111,16,1,0.0625,0.9521709715382585,1.3524490789728296e-08,16
gtex,hippocampus,isograph,0,M021,M016,0.06329113924050633,False,-0.14999903233893425,0.03853410069215177,0.09233120111667895,0.6658523769394317,False,False,0.0,0.0,5,0,,,,5
gtex,hippocampus,isograph,0,M016,M025,0.05128205128205128,False,-0.05689014881019658,-0.01714092400798021,0.5252358747042798,0.8477115506450771,True,False,0.0,0.0,4,0,,,,4
gtex,hippocampus,isograph,0,M020,M014,0.04672897196261682,False,0.025569047527406987,-0.06385419178130144,0.7753789543516755,0.47394684281507765,False,False,0.0,0.0,5,0,,-0.7905694150420948,0.11136715471408393,5
gtex,hippocampus,isograph,0,M010,M013,0.046153846153846156,False,-0.06467629108609907,-0.08493622568258648,0.47003932350054956,0.3404679936691318,True,False,0.0,0.0,9,0,,0.7662610281769211,0.016034343366143268,9
gtex,hippocampus,isograph,0,M017,M025,0.045454545454545456,False,0.026406476353063032,-0.01714092400798021,0.7682269379730355,0.8477115506450771,False,False,0.0,0.0,3,0,,,,3
gtex,hippocampus,isograph,0,M015,M013,0.039473684210526314,False,0.13344805257549658,-0.08493622568258648,0.1347287057589675,0.3404679936691318,False,False,0.1111111111111111,0.1111111111111111,6,1,0.3333333333333333,1.0,0.0,6
gtex,hippocampus,isograph,0,M029,M015,0.037037037037037035,False,0.21544475121878215,0.10224916514488645,0.014992017842248514,0.2507696142939341,True,False,0.0,0.0,3,0,,,,3
gtex,hippocampus,isograph,0,M024,M011,0.0364963503649635,False,0.02250597181108483,-0.12172248725501826,0.8016954315691383,0.1710872559904868,False,False,0.0,0.0,5,0,,0.6668859288553501,0.21889398131323157,5
gtex,hippocampus,isograph,0,M014,M011,0.034482758620689655,False,-0.03354237821753426,-0.12172248725501826,0.708128076137615,0.1710872559904868,True,False,0.0,0.0,6,0,,0.36514837167011077,0.4766206672728411,6
gtex,hippocampus,isograph,0,M023,M013,0.03389830508474576,False,0.01892709836991928,-0.08493622568258648,0.8327253370389078,0.3404679936691318,False,False,0.0,0.0,4,0,,,,4
gtex,hippocampus,isograph,0,M022,M017,0.029411764705882353,False,-0.014807686037003328,-0.10470631518832868,0.8687603940121076,0.23950209631969827,True,False,0.0,0.0,2,0,,,,2
gtex,hippocampus,isograph,0,M007,M012,0.02877697841726619,False,-0.0935567345266755,0.013729676857156682,0.2954673473235082,0.8777540161771488,False,False,0.0,0.0,8,0,,0.933734939759036,0.0006917608624287979,8
gtex,hippocampus,isograph,0,M027,M010,0.026845637583892617,False,0.12872390871921524,-0.12893612706865837,0.1492150912833124,0.1469197939596644,False,False,0.0,0.0,4,0,,,,4
gtex,hippocampus,isograph,0,M026,M016,0.02666666666666667,False,0.03394345668124658,0.03853410069215177,0.7047989701828279,0.6658523769394317,True,False,0.0,0.0,2,0,,,,2
gtex,hippocampus,isograph,0,M025,M025,0.021739130434782608,False,0.010345121634238438,-0.01714092400798021,0.9081011497020701,0.8477115506450771,False,False,0.0,0.0,1,0,,,,1
gtex,hippocampus,isograph,0,M028,M016,0.013513513513513514,False,-0.032389239997627786,0.03853410069215177,0.7177301162940538,0.6658523769394317,False,False,0.0,0.0,1,0,,,,1
gtex,hippocampus,isograph,0,M030,M014,0.010869565217391304,False,0.0037120502983017806,-0.06385419178130144,0.9669617012370945,0.47394684281507765,False,False,0.0,0.0,1,0,,,,1
gtex,hippocampus,isograph,1,M001,M001,0.4990780577750461,True,-0.19820461129340053,-0.23609776167713234,0.025497712103332196,0.0072969703328688625,True,True,0.42857142857142855,0.42857142857142855,812,3,1.1206672191341693e-06,0.9168549621147336,2.9093309746600388e-121,301
gtex,hippocampus,isograph,1,M000,M000,0.4756646216768916,True,-0.08014167260608883,-0.09453344226782587,0.3704329190601215,0.288503126997452,True,False,0.42857142857142855,0.42857142857142855,1163,3,1.5296539030700616e-08,0.7579511272590426,1.0008030708721946e-216,1158
gtex,hippocampus,isograph,1,M002,M002,0.3448275862068966,True,-0.032998956925111664,0.1208485787402448,0.7126474771920355,0.17420398300891762,False,False,0.25,0.25,540,2,4.1228612657184085e-05,0.8610082083755759,1.2520189754685038e-158,535
gtex,hippocampus,isograph,1,M004,M004,0.28538011695906434,True,-0.21590246533145602,-0.11486258743677992,0.014774285497092246,0.1966858547654728,True,False,0.0,0.0,244,0,1.0,0.6452103513284763,4.042951411507539e-30,244
gtex,hippocampus,isograph,1,M020,M016,0.2711864406779661,True,-0.0735477490469079,0.2554378643382491,0.4112136746401876,0.003613861263838837,False,False,0.0,0.0,16,0,,,,4
gtex,hippocampus,isograph,1,M003,M003,0.26618049225159524,True,0.09295656782607252,0.2549019906420533,0.29858981967968007,0.0036875556520855556,True,False,0.0,0.0,292,0,1.0,0.8475699745910429,2.674604652665581e-79,283
gtex,hippocampus,isograph,1,M021,M024,0.2549019607843137,True,-0.1463100814785297,0.05873281632510818,0.1007198828238264,0.510193568492307,False,False,0.6666666666666666,0.6666666666666666,13,4,0.006993006993006993,0.9986254289035241,1.9312328174674665e-15,13
gtex,hippocampus,isograph,1,M012,M011,0.21893491124260356,False,0.06944391628452275,0.028924843965350083,0.43787145703979347,0.7458586490725733,True,False,0.1111111111111111,0.1111111111111111,37,1,0.10660660660660659,0.8838756106915101,4.234060466631254e-13,37
gtex,hippocampus,isograph,1,M011,M008,0.18875502008032127,False,0.08871028776228095,0.1123978980883773,0.32130164752535684,0.206528293560394,True,False,0.25,0.25,47,2,0.008202281837804502,0.8642054755777996,1.0286230722809608e-14,46
gtex,hippocampus,isograph,1,M007,M007,0.15517241379310345,False,-0.17520979254025854,-0.016153236548714263,0.04880857645266297,0.8563895195733294,True,False,0.1111111111111111,0.1111111111111111,45,1,0.022222222222222223,0.8188771642217293,6.266636647763822e-12,45
gtex,hippocampus,isograph,1,M025,M015,0.109375,False,0.10718283346036128,0.24325826828974106,0.23037053825105366,0.005660183627953399,True,False,0.1111111111111111,0.1111111111111111,7,1,0.14285714285714285,0.5884110990484255,0.16461398917861342,7
gtex,hippocampus,isograph,1,M008,M012,0.10697674418604651,False,0.010034825668620184,0.057467439967328525,0.9108460647380007,0.5193649454834333,True,False,0.0,0.0,23,0,,0.8479257628687097,3.2505807748560233e-07,23
gtex,hippocampus,isograph,1,M005,M009,0.1,False,-0.06606429874713463,0.06717422464217607,0.46054341915168706,0.45121812064382216,False,False,0.0,0.0,36,0,,0.7202281090345682,7.338144866823572e-07,36
gtex,hippocampus,isograph,1,M006,M002,0.07585644371941272,False,-0.02759763645373986,0.1208485787402448,0.7580875268149211,0.17420398300891762,False,False,0.1111111111111111,0.1111111111111111,93,1,0.010752688172043012,0.8467708847053288,1.1129029618890765e-26,93
gtex,hippocampus,isograph,1,M017,M006,0.07092198581560284,False,-0.08232749386441326,-0.09761379370865772,0.3574820191660898,0.2730085539678819,True,False,0.0,0.0,20,0,,0.6323019222645705,0.002777393867019424,20
gtex,hippocampus,isograph,1,M016,M007,0.0673076923076923,False,-0.19639842114076275,-0.016153236548714263,0.026896693374900638,0.8563895195733294,True,False,0.1111111111111111,0.1111111111111111,14,1,0.14285714285714285,0.9867841409691631,7.477101393238461e-11,14
gtex,hippocampus,isograph,1,M029,M028,0.05,False,-0.02469003616905859,-0.09146860052895613,0.782906396360408,0.30449022909099804,True,False,0.0,0.0,2,0,,,,2
gtex,hippocampus,isograph,1,M014,M005,0.047961630695443645,False,-0.009301553603626334,0.10077756759188224,0.917336797431451,0.25769016009284873,False,False,0.0,0.0,20,0,,0.8997825894893745,6.698574796763868e-08,20
gtex,hippocampus,isograph,1,M010,M010,0.047058823529411764,False,-0.10012688498883837,0.05599408232752,0.2626995753369398,0.5301487052623612,False,False,0.0,0.0,12,0,,0.1891358181931102,0.5560463119334437,12
gtex,hippocampus,isograph,1,M028,M023,0.037037037037037035,False,-0.1014891057214948,0.19486732007179824,0.25622871963222377,0.027508837868595773,False,False,0.0,0.0,2,0,,,,2
gtex,hippocampus,isograph,1,M022,M010,0.035211267605633804,False,-0.025514504673079332,0.05599408232752,0.7758454355089891,0.5301487052623612,False,False,0.0,0.0,5,0,,0.7607257743127308,0.13534466221782107,5
gtex,hippocampus,isograph,1,M019,M006,0.03508771929824561,False,-0.0037067908482332863,-0.09761379370865772,0.9670084854481388,0.2730085539678819,True,False,0.0,0.0,10,0,1.0,0.790277206784084,0.006514223587240812,10
gtex,hippocampus,isograph,1,M013,M014,0.034482758620689655,False,0.13008968711525518,0.09421755315333429,0.14491131331536922,0.29012455953812816,True,False,0.1111111111111111,0.1111111111111111,5,1,0.4000000000000001,0.9999999999999999,1.4042654220543602e-24,5
gtex,hippocampus,isograph,1,M009,M017,0.03208556149732621,False,-0.110998037299841,0.12275555276154985,0.2141040056590145,0.16745635009355544,False,False,0.0,0.0,6,0,,0.9276336570439175,0.00766584418747316,6
gtex,hippocampus,isograph,1,M024,M019,0.03125,False,0.050172859570413085,0.16415307593042336,0.5753553777267578,0.0640915865848419,True,False,0.0,0.0,2,0,,,,2
gtex,hippocampus,isograph,1,M018,M029,0.03076923076923077,False,-0.16265179333363614,0.2080465614791811,0.06769139545547555,0.018446361850850527,False,False,0.1111111111111111,0.1111111111111111,2,1,0.5,,,2
gtex,hippocampus,isograph,1,M031,M029,0.025,False,0.11313541418273092,0.2080465614791811,0.2053571783434802,0.018446361850850527,True,False,0.0,0.0,1,0,,,,1
gtex,hippocampus,isograph,1,M030,M010,0.022556390977443608,False,0.0860920468794151,0.05599408232752,0.335846918535785,0.5301487052623612,True,False,0.0,0.0,3,0,,,,3
gtex,hippocampus,isograph,1,M027,M003,0.022020725388601035,False,-0.08952478570966536,0.2549019906420533,0.3168609868412101,0.0036875556520855556,False,False,0.0,0.0,17,0,,,,4
gtex,hippocampus,isograph,1,M015,M018,0.021505376344086023,False,-0.14177704845915506,-0.08926579376842989,0.11183676907153414,0.31633294567365194,True,False,0.0,0.0,2,0,,,,2
gtex,hippocampus,isograph,1,M026,M008,0.021052631578947368,False,-0.05000580649533252,0.1123978980883773,0.5766297171658761,0.206528293560394,False,False,0.0,0.0,4,0,,,,4
gtex,hippocampus,isograph,1,M023,M022,0.016666666666666666,False,0.07005462417758852,0.028307426742425965,0.433843324010702,0.7511041035702577,True,False,0.0,0.0,1,0,,,,1
gtex,hippocampus,isograph,2,M000,M000,0.5075187969924813,True,-0.20179124201234863,0.00719381540361301,0.022903308261322825,0.9357669355652484,False,False,0.42857142857142855,0.42857142857142855,1215,3,1.3397311341996393e-07,0.7820276956670096,2.5947103476656615e-250,1210
gtex,hippocampus,isograph,2,M002,M002,0.3766504517025712,True,0.10674580668888616,-0.10299696321842039,0.23228781308733254,0.24730247836085306,False,False,0.1111111111111111,0.1111111111111111,542,1,0.01104964838927502,0.8404186703216698,5.529988319276512e-145,539
gtex,hippocampus,isograph,2,M001,M001,0.30857142857142855,True,-0.23503786705906726,-0.22326335302215938,0.007815843460302457,0.011302053594836615,True,True,0.0,0.0,594,0,,0.8682002433023354,3.676781214154754e-40,128
gtex,hippocampus,isograph,2,M012,M015,0.2890625,True,0.07460602636189739,-0.021257681952789514,0.40449693738931664,0.8117485893497364,False,False,0.1111111111111111,0.1111111111111111,37,1,0.10810810810810811,0.8852558635329313,3.4738775438291256e-13,37
gtex,hippocampus,isograph,2,M022,M032,0.24444444444444444,False,0.2617375858975293,0.024171503264185767,0.0029541617625663047,0.7865246774032102,True,False,0.0,0.0,11,0,,,,4
gtex,hippocampus,isograph,2,M005,M003,0.23020833333333332,False,0.08114989118598379,0.11175119225956759,0.3644238914150247,0.20916836786449197,True,False,0.0,0.0,221,0,,0.8047424594301055,8.053147920424944e-51,218
gtex,hippocampus,isograph,2,M006,M005,0.213768115942029,False,0.1755178891705948,-0.04082946060014843,0.04840683365254577,0.6472455551842492,False,False,0.25,0.25,118,2,0.0004345936549326379,0.8493645311471996,5.563620409682542e-34,118
gtex,hippocampus,isograph,2,M020,M018,0.17045454545454544,False,-0.13180320167878096,-0.09678515193612368,0.13964545265168965,0.27712032733911157,True,False,0.0,0.0,15,0,,0.7920550548674872,0.00043191427797078494,15
gtex,hippocampus,isograph,2,M013,M007,0.15346534653465346,False,-0.1896162850295592,-0.11488171498290789,0.03274884062823319,0.19661082226952703,True,False,0.25,0.25,31,2,0.006451612903225807,0.8200789358038637,2.925759632567312e-08,30
gtex,hippocampus,isograph,2,M007,M006,0.12661498708010335,False,-0.09816352730226702,-0.04670053543589618,0.27222061333464725,0.6006549255978021,True,False,0.1111111111111111,0.1111111111111111,49,1,0.04081632653061225,0.5536589712584706,3.682662706235867e-05,49
gtex,hippocampus,isograph,2,M008,M011,0.12133891213389121,False,0.12903733078267424,-0.054291412294874095,0.14821902919214394,0.5427492705761869,False,False,0.1111111111111111,0.1111111111111111,29,1,0.03448275862068966,0.8006387469882413,1.837256071561177e-07,29
gtex,hippocampus,isograph,2,M003,M001,0.11869107043815863,False,-0.13811414663797136,-0.22326335302215938,0.1214997903166314,0.011302053594836615,True,False,0.0,0.0,214,0,,0.5565402596507102,8.392565130174738e-19,214
gtex,hippocampus,isograph,2,M004,M003,0.11805555555555555,False,-0.0012686675600872745,0.11175119225956759,0.9887056824553918,0.20916836786449197,False,False,0.1111111111111111,0.1111111111111111,136,1,0.014705882352941173,0.6077106657984993,1.1038793564339523e-14,132
gtex,hippocampus,isograph,2,M019,M010,0.10457516339869281,False,0.2982528178801394,0.06252097004227247,0.0006597977395195156,0.48324594717226826,True,False,0.0,0.0,16,0,,0.885778331391552,5.003625567660579e-06,16
gtex,hippocampus,isograph,2,M010,M008,0.08267716535433071,False,-0.08664048549216982,-0.034287448744924426,0.33276599495962583,0.7008110819938651,True,False,0.1111111111111111,0.1111111111111111,21,1,0.04761904761904762,0.6161106551576704,0.0029402594615372513,21
gtex,hippocampus,isograph,2,M015,M029,0.04938271604938271,False,-0.017427416230481715,0.13790274973448066,0.845807947585058,0.12058742185054207,False,False,0.1111111111111111,0.1111111111111111,4,1,0.25,,,4
gtex,hippocampus,isograph,2,M014,M016,0.047244094488188976,False,-0.0780999269053001,-0.038798267314487676,0.38278666440702974,0.6637003158409531,True,False,0.0,0.0,6,0,,-0.48989794855663565,0.3239408309918428,6
gtex,hippocampus,isograph,2,M017,M017,0.043478260869565216,False,-0.15363902903106474,-0.03737105404021695,0.08460690273721261,0.675359427148827,True,False,0.0,0.0,5,0,,0.6123724356957945,0.27222840122441605,5
gtex,hippocampus,isograph,2,M021,M020,0.04285714285714286,False,-0.15669044632066242,0.06809028961428859,0.07853742228877197,0.4450558246614063,False,False,0.0,0.0,3,0,,,,3
gtex,hippocampus,isograph,2,M018,M012,0.041666666666666664,False,-0.07402708616930757,-0.05570937962632178,0.40816332170789715,0.5322453731680373,True,False,0.0,0.0,5,0,,0.1111111111111111,0.8588205736427661,5
gtex,hippocampus,isograph,2,M009,M018,0.04020100502512563,False,-0.1093937170310223,-0.09678515193612368,0.22084156888656645,0.27712032733911157,True,False,0.0,0.0,8,0,,0.9461247469114746,0.0003753118737904382,8
gtex,hippocampus,isograph,2,M026,M013,0.03409090909090909,False,0.23252299961959022,-0.0685852663634719,0.008522135851215104,0.44174598733875536,False,False,0.0,0.0,3,0,,,,3
gtex,hippocampus,isograph,2,M011,M011,0.032432432432432434,False,0.049350006877603075,-0.054291412294874095,0.5816450555507092,0.5427492705761869,False,False,0.0,0.0,6,0,,0.8932596002688613,0.01648219533964565,6
gtex,hippocampus,isograph,2,M016,M033,0.02564102564102564,False,0.17113870592474284,0.06464886033160866,0.05438167551431575,0.4684506705598759,True,False,0.0,0.0,2,0,,,,2
gtex,hippocampus,isograph,2,M024,M032,0.022727272727272728,False,0.11014726756575569,0.024171503264185767,0.2176584582746007,0.7865246774032102,True,False,0.0,0.0,1,0,,,,1
gtex,hippocampus,isograph,2,M023,M015,0.02,False,0.1345192547898716,-0.021257681952789514,0.13159849589631242,0.8117485893497364,False,False,0.0,0.0,2,0,,,,2
gtex,hippocampus,isograph,2,M025,M012,0.010638297872340425,False,0.10248401867579209,-0.05570937962632178,0.2515723341175015,0.5322453731680373,False,False,0.0,0.0,1,0,,,,1
gtex,hippocampus,isograph,3,M000,M000,0.4951627088830255,True,-0.19517805060307486,0.003137393085549181,0.02787855508515356,0.9719621800489694,False,False,0.25,0.25,1126,2,9.43937153670369e-05,0.7868347415070676,8.696837071139305e-237,1121
gtex,hippocampus,isograph,3,M001,M001,0.42598684210526316,True,-0.26672595461517545,-0.19631419338110334,0.002435503221325069,0.026356955210328173,True,True,0.25,0.25,777,2,3.3170136262919768e-06,0.8996872012040174,1.2807053682509156e-113,312
gtex,hippocampus,isograph,3,M025,M021,0.4,True,-0.009735729741296002,0.02306039694966898,0.9134928986081803,0.7961185813158523,False,False,0.42857142857142855,0.42857142857142855,18,3,0.0012254901960784316,0.9999999999999999,1.4042654220543602e-24,5
gtex,hippocampus,isograph,3,M020,M022,0.37254901960784315,True,0.24515029171098648,0.27572999268427323,0.00547099303711601,0.0016314340084450096,True,True,0.0,0.0,19,0,,-0.09128709291752768,0.8456711339658729,7
gtex,hippocampus,isograph,3,M002,M002,0.33216538192011213,True,-0.04737457548235478,0.055297118660465716,0.5968729127355451,0.5352887678562182,False,False,0.1111111111111111,0.1111111111111111,474,1,0.006329113924050633,0.8538400872758656,8.582091920982884e-135,470
gtex,hippocampus,isograph,3,M013,M010,0.2835820895522388,True,0.0004394688823806327,0.13641372814490332,0.9960875130850589,0.12468756555286568,True,False,0.1111111111111111,0.1111111111111111,38,1,0.052631578947368425,0.8829955237567704,2.2211182727076764e-13,38
gtex,hippocampus,isograph,3,M003,M004,0.2625,True,-0.22849893403575666,-0.14290973917553287,0.009769861695642014,0.10756176289745212,True,False,0.1111111111111111,0.1111111111111111,252,1,0.011904761904761904,0.6082453841846835,6.860789613720633e-27,252
gtex,hippocampus,isograph,3,M012,M011,0.2537313432835821,True,-0.207022445829826,-0.09246033928064704,0.01952692745871572,0.2992546502022582,True,False,0.6666666666666666,0.6666666666666666,34,4,0.00010781438675176818,0.8717302586487972,1.938736547135069e-11,34
gtex,hippocampus,isograph,3,M006,M005,0.19047619047619047,False,0.11904446930883177,0.011391948095039885,0.18251733797134867,0.898445762277354,True,False,0.1111111111111111,0.1111111111111111,108,1,0.027777777777777773,0.7592626584855573,1.6954846318890795e-21,108
gtex,hippocampus,isograph,3,M005,M003,0.16830065359477125,False,0.05729346027553245,0.17794672603823908,0.5222984483205028,0.04447819044845083,True,False,0.0,0.0,206,0,,0.7941974366797427,8.503149573702735e-46,205
gtex,hippocampus,isograph,3,M008,M007,0.16370106761565836,False,0.02727392705604233,0.13946337913252144,0.7608390265485636,0.11640282360714979,True,False,0.1111111111111111,0.1111111111111111,46,1,0.04347826086956521,0.8628726287262872,2.5152916366978255e-14,45
gtex,hippocampus,isograph,3,M004,M003,0.13842662632375188,False,-0.07585395881567736,0.17794672603823908,0.39666037648456937,0.04447819044845083,False,False,0.0,0.0,183,0,,0.6972669663905119,1.8015299840449233e-24,159
gtex,hippocampus,isograph,3,M007,M006,0.12679425837320574,False,-0.18523856536662767,0.0693101333272875,0.03707181778964453,0.43692412733256447,False,False,0.25,0.25,53,2,0.0007256894049346878,0.7209048628128998,1.1464400234097809e-09,53
gtex,hippocampus,isograph,3,M009,M014,0.12,False,0.04308777171171616,-0.03618693650819442,0.6305186636519895,0.6850915632008009,False,False,0.0,0.0,21,0,,0.8661168856191206,3.8943186500395554e-07,21
gtex,hippocampus,isograph,3,M022,M013,0.11764705882352941,False,-0.2293553569812064,0.014175374155482999,0.009491602192454747,0.8738179636168327,False,False,0.0,0.0,12,0,,0.6651162790697674,0.025535259516977434,11
gtex,hippocampus,isograph,3,M028,M017,0.05813953488372093,False,0.21814910203221816,0.22779434792275718,0.013745029715975804,0.009709439656805994,True,True,0.1111111111111111,0.1111111111111111,5,1,0.4000000000000001,,,4
gtex,hippocampus,isograph,3,M010,M012,0.047619047619047616,False,-0.2264213820981834,0.10259601003665617,0.010474919959142305,0.24915733549705046,False,False,0.0,0.0,8,0,,-0.6573757351339165,0.07648456653634898,8
gtex,hippocampus,isograph,3,M024,M017,0.044444444444444446,False,0.19160261275190116,0.22779434792275718,0.030932704783405818,0.009709439656805994,True,True,0.1111111111111111,0.1111111111111111,4,1,0.25,,,4
gtex,hippocampus,isograph,3,M014,M015,0.04411764705882353,False,-0.20612986262180139,0.11064666122807468,0.02007064397435462,0.21373313697999122,False,False,0.0,0.0,6,0,,0.8980265101338745,0.015067698562847337,6
gtex,hippocampus,isograph,3,M017,M013,0.042735042735042736,False,-0.14166476096380473,0.014175374155482999,0.11212381402801183,0.8738179636168327,False,False,0.0,0.0,5,0,1.0,0.39999999999999997,0.5046315754686912,5
gtex,hippocampus,isograph,3,M026,M026,0.038461538461538464,False,0.005819120512595545,0.07838850146351031,0.9482294898869108,0.37911989202442026,True,False,0.0,0.0,2,0,,,,2
gtex,hippocampus,isograph,3,M027,M020,0.029850746268656716,False,-0.027706773779263123,0.01909709858715377,0.7571605497568378,0.8305790123902063,False,False,0.0,0.0,2,0,,,,2
gtex,hippocampus,isograph,3,M016,M010,0.02962962962962963,False,0.07462368648295546,0.13641372814490332,0.4043854039729823,0.12468756555286568,True,False,0.0,0.0,4,0,,,,4
gtex,hippocampus,isograph,3,M011,M019,0.029197080291970802,False,-0.25480065314360756,0.010722280982409505,0.0038408985728868254,0.9043863501989394,False,False,0.0,0.0,4,0,,,,4
gtex,hippocampus,isograph,3,M018,M013,0.02586206896551724,False,0.1125375448822354,0.014175374155482999,0.20777758030602742,0.8738179636168327,True,False,0.0,0.0,3,0,,,,3
gtex,hippocampus,isograph,3,M029,M029,0.023255813953488372,False,0.02555896465194174,0.09634523753531413,0.7754651827441568,0.2793200652921546,True,False,0.0,0.0,1,0,,,,1
gtex,hippocampus,isograph,3,M015,M008,0.022988505747126436,False,0.024557729613282682,-0.11565145788238038,0.7840411673370749,0.1936084836837733,False,False,0.0,0.0,4,0,,,,4
gtex,hippocampus,isograph,3,M019,M019,0.022727272727272728,False,-0.11711921245170631,0.010722280982409505,0.18974481428236237,0.9043863501989394,False,False,0.0,0.0,2,0,,,,2
gtex,hippocampus,isograph,3,M023,M015,0.019801980198019802,False,-0.15982634298342005,0.11064666122807468,0.07266973502915429,0.21373313697999122,False,False,0.0,0.0,2,0,,,,2
gtex,hippocampus,isograph,3,M021,M020,0.013333333333333334,False,0.083485235664028,0.01909709858715377,0.3507379854610244,0.8305790123902063,True,False,0.1111111111111111,0.1111111111111111,1,1,1.0,,,1
gtex,hippocampus,isograph,4,M000,M000,0.49718004338394794,True,-0.13113848917071058,-0.06458929971006974,0.1416706590017224,0.46886139779271424,True,False,0.25,0.25,1146,2,9.145156496490547e-06,0.7527750661715368,1.3164222965150047e-209,1144
gtex,hippocampus,isograph,4,M001,M001,0.4395361678630591,True,-0.2627611958094896,-0.1689804884110098,0.0028402554590849674,0.05654940452574287,True,False,0.1111111111111111,0.1111111111111111,796,1,0.010031288518062011,0.8732157669140173,1.84778283228523e-88,279
gtex,hippocampus,isograph,4,M003,M002,0.3739245532759762,True,0.008322759120087276,0.03417639071071655,0.9260092460674568,0.7017341681977032,True,False,0.0,0.0,565,0,1.0,0.838220922684739,4.0376764076636084e-150,564
gtex,hippocampus,isograph,4,M002,M003,0.25305535585909417,True,0.06794966473495673,0.153841787913097,0.4478164107922184,0.0829564221861914,True,False,0.0,0.0,352,0,1.0,0.8150903477362794,4.4101880544012405e-83,344
gtex,hippocampus,isograph,4,M009,M012,0.23841059602649006,False,-0.1398745324323164,-0.14002023970799407,0.11677818395206326,0.11493727746721662,True,False,0.1111111111111111,0.1111111111111111,36,1,0.055555555555555546,0.9200952748297401,5.503133010528166e-15,35
gtex,hippocampus,isograph,4,M004,M004,0.23381642512077294,False,-0.15352752866246833,-0.1640828742933139,0.08483559097490144,0.06420704185357974,True,False,0.0,0.0,242,0,,0.5665059448626539,6.085305513649897e-22,242
gtex,hippocampus,isograph,4,M011,M013,0.2028985507246377,False,0.07772091458977923,0.023314461754651447,0.38510705166918824,0.7939221024008655,True,False,0.1111111111111111,0.1111111111111111,28,1,0.10714285714285714,0.950467232644483,1.0377749946124865e-14,28
gtex,hippocampus,isograph,4,M005,M005,0.19262295081967212,False,0.037061320831531804,0.10387413317263039,0.6791139801983266,0.24327795816946277,True,False,0.1111111111111111,0.1111111111111111,94,1,0.031914893617021274,0.7577429353976508,9.564110464572935e-19,94
gtex,hippocampus,isograph,4,M008,M007,0.18007662835249041,False,0.15763126493170626,0.010040122122668388,0.0767383438686854,0.9104431910120828,True,False,0.42857142857142855,0.42857142857142855,47,3,0.0002466851680542707,0.7521085681885374,1.6849231886727072e-09,46
gtex,hippocampus,isograph,4,M006,M008,0.13666666666666666,False,-0.11408159183660913,0.044179956762299286,0.20156817744308644,0.6204746668269511,False,False,0.1111111111111111,0.1111111111111111,41,1,0.024390243902439025,0.5630866295816267,0.00012674627059699212,41
gtex,hippocampus,isograph,4,M007,M011,0.09615384615384616,False,-0.023751132364911356,0.001123894060151261,0.7909689500730779,0.9899543582414522,False,False,0.1111111111111111,0.1111111111111111,20,1,0.1,0.7781309296131692,5.352171135577901e-05,20
gtex,hippocampus,isograph,4,M015,M010,0.06349206349206349,False,0.025554922330404704,-0.06057318683925763,0.7754997533023389,0.49700562256684755,False,False,0.0,0.0,8,0,,0.4183300132670377,0.30233665678035493,8
gtex,hippocampus,isograph,4,M014,M022,0.05952380952380952,False,0.1833785285314346,0.24179357902721615,0.039048817724658035,0.00596552345285295,True,True,0.0,0.0,5,0,,,,1
gtex,hippocampus,isograph,4,M013,M006,0.04680851063829787,False,-0.12113443656492445,-0.02654948556502756,0.17490208576399385,0.766100844634838,True,False,0.0,0.0,11,0,,0.42289003161103106,0.1950232699232367,11
gtex,hippocampus,isograph,4,M012,M010,0.04285714285714286,False,-0.06593172364756017,-0.06057318683925763,0.4614458136746,0.49700562256684755,True,False,0.0,0.0,6,0,,-0.7071067811865475,0.11611652351681565,6
gtex,hippocampus,isograph,4,M017,M016,0.03571428571428571,False,0.17026503446081392,-0.10237664860200987,0.05564360366596437,0.2501761840863126,False,False,0.0,0.0,3,0,,,,3
gtex,hippocampus,isograph,4,M018,M029,0.03571428571428571,False,-0.029561062887360188,0.1081889020382414,0.741464541427294,0.22414423043177922,False,False,0.0,0.0,2,0,,,,2
gtex,hippocampus,isograph,4,M016,M032,0.03508771929824561,False,-0.08989599365999676,0.0317915095842775,0.31485041118543877,0.7216596659931562,False,False,0.1111111111111111,0.1111111111111111,2,1,0.5,,,2
gtex,hippocampus,isograph,4,M019,M028,0.03508771929824561,False,-0.019313536702583605,0.26650689995089283,0.8293614601478897,0.0023595329549612617,False,False,0.0,0.0,2,0,,,,2
gtex,hippocampus,isograph,4,M010,M025,0.027777777777777776,False,-0.09149727014399942,0.010593646391057733,0.30627256413989634,0.9055280780517093,False,False,0.0,0.0,4,0,,,,4
gtex,hippocampus,isograph,4,M021,M016,0.02531645569620253,False,-0.05743148035127346,-0.10237664860200987,0.5212951300009439,0.2501761840863126,True,False,0.0,0.0,2,0,,,,2
gtex,hippocampus,isograph,4,M022,M015,0.025,False,0.0193009971108505,-0.06909926693776287,0.8294705669077244,0.4383237259324055,False,False,0.0,0.0,2,0,,,,2
gtex,hippocampus,isograph,4,M026,M032,0.025,False,0.07934765463616376,0.0317915095842775,0.37520782991362067,0.7216596659931562,True,False,0.1111111111111111,0.1111111111111111,1,1,1.0,,,1
gtex,hippocampus,isograph,4,M023,M026,0.019230769230769232,False,-0.05292208912706367,0.03528989482218145,0.5545746044520475,0.6924988920253503,False,False,0.0,0.0,1,0,,,,1
gtex,hippocampus,isograph,4,M024,M023,0.01818181818181818,False,0.08142098545701486,0.18325821552064475,0.3628184831595835,0.03839991193064078,True,False,0.0,0.0,1,0,,,,1
gtex,hippocampus,isograph,4,M020,M023,0.016666666666666666,False,0.06560124095978571,0.18325821552064475,0.463699541569513,0.03839991193064078,True,False,0.1111111111111111,0.1111111111111111,1,1,1.0,,,1
gtex,hippocampus,isograph,4,M025,M013,0.012658227848101266,False,0.05741066821221609,0.023314461754651447,0.5214463582642671,0.7939221024008655,True,False,0.0,0.0,1,0,,,,1
gtex,hippocampus,wgcna,0,M000,M000,0.7972948493448463,True,-0.036259222490113256,-0.12170475268451753,0.6856880206460977,0.17115009206930482,True,False,0.1111111111111111,0.1111111111111111,13204,1,0.0015140042815352957,0.8034400811086684,0.0,9184
gtex,hippocampus,wgcna,0,M003,M001,0.7685714285714286,True,0.06654046042171215,-0.04978254356845678,0.45731039866220446,0.576812793808811,False,False,0.25,0.25,538,2,0.0006845391508703191,0.7536234360734393,2.225618322439311e-63,339
gtex,hippocampus,wgcna,0,M004,M005,0.5446428571428571,True,0.10010784916373389,-0.0899690086789667,0.26279078251021554,0.3125203007825543,False,False,0.42857142857142855,0.42857142857142855,122,3,0.00013377522801560673,0.8612018971375722,2.1454057474676926e-18,59
gtex,hippocampus,wgcna,0,M002,M002,0.3686274509803922,True,0.3168530025384694,0.25740137179479805,0.00028405342858673033,0.003355010390060653,True,True,0.1111111111111111,0.1111111111111111,470,1,0.021185863993104386,0.7458781099840307,3.411053969983576e-60,332
gtex,hippocampus,wgcna,0,M001,M000,0.1595219220684188,False,-0.23491025809763133,-0.12170475268451753,0.007850393508712384,0.17115009206930482,True,False,0.1111111111111111,0.1111111111111111,2616,1,0.00191131498470948,0.796541616886695,0.0,1578
gtex,hippocampus,wgcna,1,M000,M000,0.8531292964313467,True,-0.13452244488498236,-0.030802554483301936,0.13158925786879808,0.729978280137794,True,False,0.1111111111111111,0.1111111111111111,14272,1,0.001400756202182374,0.8011939298524898,0.0,9889
gtex,hippocampus,wgcna,1,M002,M003,0.7546948356807511,True,-0.036317541591391514,0.10700391048474457,0.68520923367592,0.22928984053934814,False,False,0.42857142857142855,0.42857142857142855,643,3,2.2568773529923897e-06,0.7130789551554066,1.1028692925376127e-65,415
gtex,hippocampus,wgcna,1,M001,M002,0.7172236503856041,True,0.3153683192689242,0.20271534207748093,0.00030443979758751013,0.02174204604174857,True,True,0.0,0.0,837,0,1.0,0.7762789811229172,4.351232919049559e-109,536
gtex,hippocampus,wgcna,2,M000,M000,0.8704990524320909,True,-0.14909028306193747,-0.08077156719610243,0.0943443764311382,0.36475405080406553,True,False,0.1111111111111111,0.1111111111111111,15158,1,0.0016484237622628052,0.798783481531089,0.0,10366
gtex,hippocampus,wgcna,2,M001,M002,0.7679269882659713,True,-0.019120459657120115,0.04612511474501881,0.8310417791691699,0.6051546177488767,False,False,0.42857142857142855,0.42857142857142855,589,3,4.7161142472701177e-07,0.7576910427472564,1.4451511513618517e-70,372
gtex,hippocampus,wgcna,2,M004,M004,0.6556016597510373,True,0.016668310278503556,-0.005846810825838437,0.8524463574008131,0.9477753008064682,False,False,0.42857142857142855,0.42857142857142855,158,3,6.141954369880495e-05,0.7845506696887806,4.031770040095187e-19,86
gtex,hippocampus,wgcna,2,M003,M003,0.0867430441898527,False,0.26706609823427785,0.031034876002236825,0.002403333760488304,0.728021238548559,True,False,0.0,0.0,53,0,,0.7503926585215787,7.592296014857472e-07,32
gtex,hippocampus,wgcna,2,M002,M000,0.02945879458794588,False,0.3619154327023537,-0.08077156719610243,2.9037536698920193e-05,0.36475405080406553,False,False,0.0,0.0,479,0,,0.7905532159371079,3.4028347332253536e-71,327
gtex,hippocampus,wgcna,3,M000,M000,0.8204599840467961,True,-0.1921629600847047,0.010411979101836975,0.03043608661539247,0.907140838766841,False,False,0.1111111111111111,0.1111111111111111,12343,1,0.0016195640183277397,0.7975128596001352,0.0,8674
gtex,hippocampus,wgcna,3,M006,M006,0.6844660194174758,True,-0.16658366947566003,0.15633794653443608,0.0612284250515855,0.07802474413804843,False,False,0.6666666666666666,0.6666666666666666,141,4,3.1691311414988536e-07,0.8797668483509529,6.600279274110196e-27,80
gtex,hippocampus,wgcna,3,M004,M002,0.6447721179624665,True,0.0038726297190963834,0.057840079969884856,0.9655333592949514,0.5166553643564331,True,False,0.1111111111111111,0.1111111111111111,481,1,0.010395010395010396,0.739724347902408,5.430217783892917e-52,293
gtex,hippocampus,wgcna,3,M001,M001,0.5981644054269752,True,-0.2581877993782757,-0.19121455507540375,0.003381781116950783,0.030609295343579555,True,True,0.42857142857142855,0.42857142857142855,1499,3,7.139634757954572e-09,0.7655752273663134,3.565554132350159e-170,879
gtex,hippocampus,wgcna,3,M003,M004,0.5035799522673031,True,0.2049681095429333,0.36846070934840014,0.020797839253325456,1.8746718114951763e-05,True,True,0.25,0.25,422,2,0.0006690186339462168,0.7521534420069177,9.88302750974588e-54,288
gtex,hippocampus,wgcna,3,M005,M003,0.12903225806451613,False,0.17590103277665184,0.2682290835143386,0.047911064826517205,0.0022045450222538667,True,True,0.1111111111111111,0.1111111111111111,96,1,0.020833333333333332,0.709744395453507,5.170157070401228e-11,64
gtex,hippocampus,wgcna,3,M002,M000,0.07380952380952381,False,-0.02725007836955789,0.010411979101836975,0.7610418568852941,0.907140838766841,False,False,0.0,0.0,1054,0,,0.8273453725922043,5.478661165051666e-169,668
gtex,hippocampus,wgcna,4,M001,M002,0.7158081705150977,True,0.23522578519575557,0.2991973086454014,0.007765209754319475,0.0006018858164122417,True,True,0.25,0.25,806,2,5.5392473386653974e-05,0.7761977236381078,1.943925599182013e-105,518
gtex,hippocampus,wgcna,4,M000,M000,0.7001971171615129,True,-0.14760809220974158,-0.02823841735738275,0.0977023284059464,0.7516911054139309,True,False,0.1111111111111111,0.1111111111111111,11367,1,0.0013191450305708849,0.8054143576191273,0.0,7919
gtex,hippocampus,wgcna,4,M002,M003,0.6973415132924335,True,-0.053412912954154027,0.10192670861497405,0.5509031005485682,0.25227496710409847,False,False,0.25,0.25,682,2,0.00042683304061848405,0.7637665119589737,1.9323147351488106e-86,446
gtex,hippocampus,wgcna,4,M004,M004,0.5435684647302904,True,-0.04955502435236009,0.06455051325906452,0.5800749863235202,0.469128973137693,False,False,0.42857142857142855,0.42857142857142855,131,3,4.344248863155306e-05,0.8280601327210556,3.0387357359807158e-18,68
gtex,hippocampus,wgcna,4,M003,M005,0.35494880546075086,True,0.16760528867570473,0.08051276354177093,0.05963445773899352,0.3662977278236418,True,False,0.0,0.0,104,0,1.0,0.7127868065945175,1.0518907493444318e-12,74
