region	gene	module_id	go_invisible	pool_source	module_size	n_switched	module_enrichment	module_q	module_q_glm	module_or_glm	module_or_ci_low	module_or_ci_high	module_glm_status	module_n_genes	n_go_terms	pheno_fdr	module_go	module_role	switch_r	switch_active	binding_supported	preferential	mcnemar_p	pheno_module	gene_name
putamen_basal_ganglia	ENSG00000002919	M001	False	module_genes	1357.0	442.0	1.0912117986546874	0.047881382694560784	0.0006194345015300029	1.534058117962331	1.283783885217848	1.8331234223950292	fit	1362	2	0.621535394693187	cellular component organization, cellular component organization or biogenesis	discordant	-0.33305856825531577	True	True	True	0.11466035574580133	False	SNX11
cerebellar_hemisphere	ENSG00000004059	M003	False	module_genes	933.0	425.0	1.2081705355746633	8.4745538920076e-06	0.9824318896667084	0.9930373477864146	0.841316031824618	1.1721197942228745	fit	949	6	0.4914345904277392	nucleoside triphosphate biosynthetic process, nucleotide biosynthetic process, ribonucleoside triphosphate biosynthetic process	coupled	-0.7091701865004776	True	True	True	0.0005349642016498918	False	ARF5
substantia_nigra	ENSG00000004059	M004	False	module_genes	576.0	258.0	1.1721316905140433	0.011655702361279236	0.7781860799282974	0.918706378101362	0.7405900574511649	1.1396607349400962	fit	576	0	0.7698260082862307		coupled	-0.7872105041016872	True	True	True	0.00024708778460080794	False	ARF5
caudate_sczd	ENSG00000004975	M006	True	switch_genes	343.0	157.0	1.228849841094739	0.010660698329540308	0.17582615298288773	1.3819545740935557	1.0562243359485246	1.8081371351314661	fit	343	0	0.017871150734486828		discordant	0.508843260824996	True	True	True	6.938353180885315e-08	True	DVL2
substantia_nigra	ENSG00000005059	M004	False	module_genes	576.0	258.0	1.1721316905140433	0.011655702361279236	0.7781860799282974	0.918706378101362	0.7405900574511649	1.1396607349400962	fit	576	0	0.7698260082862307		discordant	-0.28037767647759804	True	True	True	0.00024708778460080794	False	MCUB
putamen_basal_ganglia	ENSG00000005156	M001	False	module_genes	1357.0	442.0	1.0912117986546874	0.047881382694560784	0.0006194345015300029	1.534058117962331	1.283783885217848	1.8331234223950292	fit	1362	2	0.621535394693187	cellular component organization, cellular component organization or biogenesis	coupled	-0.5879244176543335	True	True	True	0.11466035574580133	False	LIG3
putamen_basal_ganglia	ENSG00000005194	M001	False	module_genes	1357.0	442.0	1.0912117986546874	0.047881382694560784	0.0006194345015300029	1.534058117962331	1.283783885217848	1.8331234223950292	fit	1362	2	0.621535394693187	cellular component organization, cellular component organization or biogenesis	abundance_only	-0.11510963359993266	False	True	True	0.11466035574580133	False	CIAPIN1
cerebellar_hemisphere	ENSG00000005812	M003	False	module_genes	933.0	425.0	1.2081705355746633	8.4745538920076e-06	0.9824318896667084	0.9930373477864146	0.841316031824618	1.1721197942228745	fit	949	6	0.4914345904277392	nucleoside triphosphate biosynthetic process, nucleotide biosynthetic process, ribonucleoside triphosphate biosynthetic process	coupled	-0.2060546353996784	True	True	True	0.0005349642016498918	False	FBXL3
substantia_nigra	ENSG00000005812	M004	False	module_genes	576.0	258.0	1.1721316905140433	0.011655702361279236	0.7781860799282974	0.918706378101362	0.7405900574511649	1.1396607349400962	fit	576	0	0.7698260082862307		discordant	-0.28744933053867483	True	True	True	0.00024708778460080794	False	FBXL3
putamen_basal_ganglia	ENSG00000005884	M001	False	module_genes	1357.0	442.0	1.0912117986546874	0.047881382694560784	0.0006194345015300029	1.534058117962331	1.283783885217848	1.8331234223950292	fit	1362	2	0.621535394693187	cellular component organization, cellular component organization or biogenesis	discordant	-0.6946266936956894	True	True	True	0.11466035574580133	False	ITGA3
cerebellar_hemisphere	ENSG00000005961	M003	False	module_genes	933.0	425.0	1.2081705355746633	8.4745538920076e-06	0.9824318896667084	0.9930373477864146	0.841316031824618	1.1721197942228745	fit	949	6	0.4914345904277392	nucleoside triphosphate biosynthetic process, nucleotide biosynthetic process, ribonucleoside triphosphate biosynthetic process	discordant	-0.2799363821733388	True	True	True	0.0005349642016498918	False	ITGA2B
frontal_cortex_ba9	ENSG00000005981	M002	False	switch_genes	944.0	397.0	1.1557051891629841	0.00318554872261526	0.7587216383378627	1.0717296069978584	0.9080390999593985	1.2649282950119018	fit	1034	21	0.029361098554400673	supramolecular fiber organization, cell migration, actin cytoskeleton organization	abundance_only		False	True	True	1.249258128763103e-06	True	ASB4
putamen_basal_ganglia	ENSG00000006016	M001	False	module_genes	1357.0	442.0	1.0912117986546874	0.047881382694560784	0.0006194345015300029	1.534058117962331	1.283783885217848	1.8331234223950292	fit	1362	2	0.621535394693187	cellular component organization, cellular component organization or biogenesis	discordant	-0.21385071327976068	True	True	True	0.11466035574580133	False	CRLF1
caudate_sczd	ENSG00000006042	M006	True	switch_genes	343.0	157.0	1.228849841094739	0.010660698329540308	0.17582615298288773	1.3819545740935557	1.0562243359485246	1.8081371351314661	fit	343	0	0.017871150734486828		discordant	0.6221977077542173	True	True	True	6.938353180885315e-08	True	TMEM98
caudate_sczd	ENSG00000006210	M006	True	switch_genes	343.0	157.0	1.228849841094739	0.010660698329540308	0.17582615298288773	1.3819545740935557	1.0562243359485246	1.8081371351314661	fit	343	0	0.017871150734486828		discordant	0.6997864860822468	True	True	True	6.938353180885315e-08	True	CX3CL1
substantia_nigra	ENSG00000006534	M004	False	module_genes	576.0	258.0	1.1721316905140433	0.011655702361279236	0.7781860799282974	0.918706378101362	0.7405900574511649	1.1396607349400962	fit	576	0	0.7698260082862307		discordant	-0.5175997631128065	True	True	True	0.00024708778460080794	False	ALDH3B1
frontal_cortex_ba9	ENSG00000007047	M002	False	switch_genes	944.0	397.0	1.1557051891629841	0.00318554872261526	0.7587216383378627	1.0717296069978584	0.9080390999593985	1.2649282950119018	fit	1034	21	0.029361098554400673	supramolecular fiber organization, cell migration, actin cytoskeleton organization	discordant	-0.8918850308897586	True	True	True	1.249258128763103e-06	True	MARK4
frontal_cortex_ba9	ENSG00000008394	M002	False	switch_genes	944.0	397.0	1.1557051891629841	0.00318554872261526	0.7587216383378627	1.0717296069978584	0.9080390999593985	1.2649282950119018	fit	1034	21	0.029361098554400673	supramolecular fiber organization, cell migration, actin cytoskeleton organization	abundance_only		False	True	True	1.249258128763103e-06	True	MGST1
putamen_basal_ganglia	ENSG00000008513	M001	False	module_genes	1357.0	442.0	1.0912117986546874	0.047881382694560784	0.0006194345015300029	1.534058117962331	1.283783885217848	1.8331234223950292	fit	1362	2	0.621535394693187	cellular component organization, cellular component organization or biogenesis	coupled	-0.4296969953694111	True	True	True	0.11466035574580133	False	ST3GAL1
frontal_cortex_ba9	ENSG00000010282	M002	False	switch_genes	944.0	397.0	1.1557051891629841	0.00318554872261526	0.7587216383378627	1.0717296069978584	0.9080390999593985	1.2649282950119018	fit	1034	21	0.029361098554400673	supramolecular fiber organization, cell migration, actin cytoskeleton organization	coupled	-0.28593977010361393	True	True	True	1.249258128763103e-06	True	HHATL
substantia_nigra	ENSG00000010282	M004	False	module_genes	576.0	258.0	1.1721316905140433	0.011655702361279236	0.7781860799282974	0.918706378101362	0.7405900574511649	1.1396607349400962	fit	576	0	0.7698260082862307		discordant	-0.3151601481340242	True	True	True	0.00024708778460080794	False	HHATL
putamen_basal_ganglia	ENSG00000010327	M001	False	module_genes	1357.0	442.0	1.0912117986546874	0.047881382694560784	0.0006194345015300029	1.534058117962331	1.283783885217848	1.8331234223950292	fit	1362	2	0.621535394693187	cellular component organization, cellular component organization or biogenesis	coupled	-0.7369309810782881	True	True	True	0.11466035574580133	False	STAB1
hypothalamus	ENSG00000010626	M014	False	switch_genes	87.0	41.0	1.727969348659004	0.002694740306695324	0.0755268998708689	2.112315999719547	1.2640840959982327	3.5297326315522497	fit	99	31	0.04475469901505802	cilium movement, cilium-dependent cell motility, cilium or flagellum-dependent cell motility	coupled	-0.46590874017603184	True	True	True	1.0	True	LRRC23
frontal_cortex_ba9	ENSG00000011105	M002	False	switch_genes	944.0	397.0	1.1557051891629841	0.00318554872261526	0.7587216383378627	1.0717296069978584	0.9080390999593985	1.2649282950119018	fit	1034	21	0.029361098554400673	supramolecular fiber organization, cell migration, actin cytoskeleton organization	abundance_only	-0.1033739322915909	False	True	True	1.249258128763103e-06	True	TSPAN9
putamen_basal_ganglia	ENSG00000011105	M001	False	module_genes	1357.0	442.0	1.0912117986546874	0.047881382694560784	0.0006194345015300029	1.534058117962331	1.283783885217848	1.8331234223950292	fit	1362	2	0.621535394693187	cellular component organization, cellular component organization or biogenesis	abundance_only	-0.1653474779624827	False	True	True	0.11466035574580133	False	TSPAN9
putamen_basal_ganglia	ENSG00000011275	M001	False	module_genes	1357.0	442.0	1.0912117986546874	0.047881382694560784	0.0006194345015300029	1.534058117962331	1.283783885217848	1.8331234223950292	fit	1362	2	0.621535394693187	cellular component organization, cellular component organization or biogenesis	discordant	-0.33166022612045487	True	True	True	0.11466035574580133	False	RNF216
substantia_nigra	ENSG00000011600	M004	False	module_genes	576.0	258.0	1.1721316905140433	0.011655702361279236	0.7781860799282974	0.918706378101362	0.7405900574511649	1.1396607349400962	fit	576	0	0.7698260082862307		abundance_only	-0.08406680590050992	False	True	True	0.00024708778460080794	False	TYROBP
frontal_cortex_ba9	ENSG00000012061	M002	False	switch_genes	944.0	397.0	1.1557051891629841	0.00318554872261526	0.7587216383378627	1.0717296069978584	0.9080390999593985	1.2649282950119018	fit	1034	21	0.029361098554400673	supramolecular fiber organization, cell migration, actin cytoskeleton organization	discordant	-0.7218550884220026	True	True	True	1.249258128763103e-06	True	ERCC1
cerebellar_hemisphere	ENSG00000012171	M003	False	module_genes	933.0	425.0	1.2081705355746633	8.4745538920076e-06	0.9824318896667084	0.9930373477864146	0.841316031824618	1.1721197942228745	fit	949	6	0.4914345904277392	nucleoside triphosphate biosynthetic process, nucleotide biosynthetic process, ribonucleoside triphosphate biosynthetic process	switch_only	-0.28925043547957224	True	True	True	0.0005349642016498918	False	SEMA3B
cerebellar_hemisphere	ENSG00000012779	M003	False	module_genes	933.0	425.0	1.2081705355746633	8.4745538920076e-06	0.9824318896667084	0.9930373477864146	0.841316031824618	1.1721197942228745	fit	949	6	0.4914345904277392	nucleoside triphosphate biosynthetic process, nucleotide biosynthetic process, ribonucleoside triphosphate biosynthetic process	discordant	-0.6276402502109388	True	True	True	0.0005349642016498918	False	ALOX5
putamen_basal_ganglia	ENSG00000013275	M001	False	module_genes	1357.0	442.0	1.0912117986546874	0.047881382694560784	0.0006194345015300029	1.534058117962331	1.283783885217848	1.8331234223950292	fit	1362	2	0.621535394693187	cellular component organization, cellular component organization or biogenesis	discordant	-0.33947121129419355	True	True	True	0.11466035574580133	False	PSMC4
cerebellar_hemisphere	ENSG00000013288	M003	False	module_genes	933.0	425.0	1.2081705355746633	8.4745538920076e-06	0.9824318896667084	0.9930373477864146	0.841316031824618	1.1721197942228745	fit	949	6	0.4914345904277392	nucleoside triphosphate biosynthetic process, nucleotide biosynthetic process, ribonucleoside triphosphate biosynthetic process	switch_only	-0.6340154019687521	True	True	True	0.0005349642016498918	False	MAN2B2
substantia_nigra	ENSG00000013288	M004	False	module_genes	576.0	258.0	1.1721316905140433	0.011655702361279236	0.7781860799282974	0.918706378101362	0.7405900574511649	1.1396607349400962	fit	576	0	0.7698260082862307		discordant	-0.7305016591065154	True	True	True	0.00024708778460080794	False	MAN2B2
cerebellar_hemisphere	ENSG00000013523	M003	False	module_genes	933.0	425.0	1.2081705355746633	8.4745538920076e-06	0.9824318896667084	0.9930373477864146	0.841316031824618	1.1721197942228745	fit	949	6	0.4914345904277392	nucleoside triphosphate biosynthetic process, nucleotide biosynthetic process, ribonucleoside triphosphate biosynthetic process	coupled	-0.47157163403466484	True	True	True	0.0005349642016498918	False	ANGEL1
substantia_nigra	ENSG00000013523	M004	False	module_genes	576.0	258.0	1.1721316905140433	0.011655702361279236	0.7781860799282974	0.918706378101362	0.7405900574511649	1.1396607349400962	fit	576	0	0.7698260082862307		abundance_only	-0.10479158298956541	False	True	True	0.00024708778460080794	False	ANGEL1
putamen_basal_ganglia	ENSG00000014919	M001	False	module_genes	1357.0	442.0	1.0912117986546874	0.047881382694560784	0.0006194345015300029	1.534058117962331	1.283783885217848	1.8331234223950292	fit	1362	2	0.621535394693187	cellular component organization, cellular component organization or biogenesis	abundance_only	-0.13039318288448165	False	True	True	0.11466035574580133	False	COX15
putamen_basal_ganglia	ENSG00000015133	M001	False	module_genes	1357.0	442.0	1.0912117986546874	0.047881382694560784	0.0006194345015300029	1.534058117962331	1.283783885217848	1.8331234223950292	fit	1362	2	0.621535394693187	cellular component organization, cellular component organization or biogenesis	coupled	-0.6164537400333895	True	True	True	0.11466035574580133	False	CCDC88C
substantia_nigra	ENSG00000015133	M004	False	module_genes	576.0	258.0	1.1721316905140433	0.011655702361279236	0.7781860799282974	0.918706378101362	0.7405900574511649	1.1396607349400962	fit	576	0	0.7698260082862307		abundance_only	-0.1315197032901818	False	True	True	0.00024708778460080794	False	CCDC88C
cerebellar_hemisphere	ENSG00000015592	M003	False	module_genes	933.0	425.0	1.2081705355746633	8.4745538920076e-06	0.9824318896667084	0.9930373477864146	0.841316031824618	1.1721197942228745	fit	949	6	0.4914345904277392	nucleoside triphosphate biosynthetic process, nucleotide biosynthetic process, ribonucleoside triphosphate biosynthetic process	coupled	-0.3804507513073091	True	True	True	0.0005349642016498918	False	STMN4
frontal_cortex_ba9	ENSG00000016391	M002	False	switch_genes	944.0	397.0	1.1557051891629841	0.00318554872261526	0.7587216383378627	1.0717296069978584	0.9080390999593985	1.2649282950119018	fit	1034	21	0.029361098554400673	supramolecular fiber organization, cell migration, actin cytoskeleton organization	abundance_only		False	True	True	1.249258128763103e-06	True	CHDH
frontal_cortex_ba9	ENSG00000018408	M002	False	switch_genes	944.0	397.0	1.1557051891629841	0.00318554872261526	0.7587216383378627	1.0717296069978584	0.9080390999593985	1.2649282950119018	fit	1034	21	0.029361098554400673	supramolecular fiber organization, cell migration, actin cytoskeleton organization	abundance_only		False	True	True	1.249258128763103e-06	True	WWTR1
putamen_basal_ganglia	ENSG00000018625	M001	False	module_genes	1357.0	442.0	1.0912117986546874	0.047881382694560784	0.0006194345015300029	1.534058117962331	1.283783885217848	1.8331234223950292	fit	1362	2	0.621535394693187	cellular component organization, cellular component organization or biogenesis	coupled	-0.8746322600157197	True	True	True	0.11466035574580133	False	ATP1A2
frontal_cortex_ba9	ENSG00000019485	M002	False	switch_genes	944.0	397.0	1.1557051891629841	0.00318554872261526	0.7587216383378627	1.0717296069978584	0.9080390999593985	1.2649282950119018	fit	1034	21	0.029361098554400673	supramolecular fiber organization, cell migration, actin cytoskeleton organization	discordant	-0.3435571759468636	True	True	True	1.249258128763103e-06	True	PRDM11
cerebellar_hemisphere	ENSG00000019549	M003	False	module_genes	933.0	425.0	1.2081705355746633	8.4745538920076e-06	0.9824318896667084	0.9930373477864146	0.841316031824618	1.1721197942228745	fit	949	6	0.4914345904277392	nucleoside triphosphate biosynthetic process, nucleotide biosynthetic process, ribonucleoside triphosphate biosynthetic process	discordant	-0.46147423660911124	True	True	True	0.0005349642016498918	False	SNAI2
substantia_nigra	ENSG00000019549	M004	False	module_genes	576.0	258.0	1.1721316905140433	0.011655702361279236	0.7781860799282974	0.918706378101362	0.7405900574511649	1.1396607349400962	fit	576	0	0.7698260082862307		switch_only	-0.22724437775814085	True	True	True	0.00024708778460080794	False	SNAI2
cerebellar_hemisphere	ENSG00000021300	M003	False	module_genes	933.0	425.0	1.2081705355746633	8.4745538920076e-06	0.9824318896667084	0.9930373477864146	0.841316031824618	1.1721197942228745	fit	949	6	0.4914345904277392	nucleoside triphosphate biosynthetic process, nucleotide biosynthetic process, ribonucleoside triphosphate biosynthetic process	abundance_only		False	True	True	0.0005349642016498918	False	PLEKHB1
frontal_cortex_ba9	ENSG00000021300	M002	False	switch_genes	944.0	397.0	1.1557051891629841	0.00318554872261526	0.7587216383378627	1.0717296069978584	0.9080390999593985	1.2649282950119018	fit	1034	21	0.029361098554400673	supramolecular fiber organization, cell migration, actin cytoskeleton organization	abundance_only		False	True	True	1.249258128763103e-06	True	PLEKHB1
frontal_cortex_ba9	ENSG00000021355	M002	False	switch_genes	944.0	397.0	1.1557051891629841	0.00318554872261526	0.7587216383378627	1.0717296069978584	0.9080390999593985	1.2649282950119018	fit	1034	21	0.029361098554400673	supramolecular fiber organization, cell migration, actin cytoskeleton organization	abundance_only		False	True	True	1.249258128763103e-06	True	SERPINB1
cerebellar_hemisphere	ENSG00000025770	M003	False	module_genes	933.0	425.0	1.2081705355746633	8.4745538920076e-06	0.9824318896667084	0.9930373477864146	0.841316031824618	1.1721197942228745	fit	949	6	0.4914345904277392	nucleoside triphosphate biosynthetic process, nucleotide biosynthetic process, ribonucleoside triphosphate biosynthetic process	discordant	-0.774868729020235	True	True	True	0.0005349642016498918	False	NCAPH2
cerebellar_hemisphere	ENSG00000026559	M003	False	module_genes	933.0	425.0	1.2081705355746633	8.4745538920076e-06	0.9824318896667084	0.9930373477864146	0.841316031824618	1.1721197942228745	fit	949	6	0.4914345904277392	nucleoside triphosphate biosynthetic process, nucleotide biosynthetic process, ribonucleoside triphosphate biosynthetic process	discordant	-0.2549359822134287	True	True	True	0.0005349642016498918	False	KCNG1
putamen_basal_ganglia	ENSG00000027075	M001	False	module_genes	1357.0	442.0	1.0912117986546874	0.047881382694560784	0.0006194345015300029	1.534058117962331	1.283783885217848	1.8331234223950292	fit	1362	2	0.621535394693187	cellular component organization, cellular component organization or biogenesis	coupled	-0.6882561475944895	True	True	True	0.11466035574580133	False	PRKCH
caudate_sczd	ENSG00000027847	M006	True	switch_genes	343.0	157.0	1.228849841094739	0.010660698329540308	0.17582615298288773	1.3819545740935557	1.0562243359485246	1.8081371351314661	fit	343	0	0.017871150734486828		discordant	0.7867746569759323	True	True	True	6.938353180885315e-08	True	B4GALT7
substantia_nigra	ENSG00000027847	M004	False	module_genes	576.0	258.0	1.1721316905140433	0.011655702361279236	0.7781860799282974	0.918706378101362	0.7405900574511649	1.1396607349400962	fit	576	0	0.7698260082862307		discordant	-0.6568530529504839	True	True	True	0.00024708778460080794	False	B4GALT7
putamen_basal_ganglia	ENSG00000029364	M001	False	module_genes	1357.0	442.0	1.0912117986546874	0.047881382694560784	0.0006194345015300029	1.534058117962331	1.283783885217848	1.8331234223950292	fit	1362	2	0.621535394693187	cellular component organization, cellular component organization or biogenesis	coupled	-0.3757554090307661	True	True	True	0.11466035574580133	False	SLC39A9
cerebellar_hemisphere	ENSG00000029725	M003	False	module_genes	933.0	425.0	1.2081705355746633	8.4745538920076e-06	0.9824318896667084	0.9930373477864146	0.841316031824618	1.1721197942228745	fit	949	6	0.4914345904277392	nucleoside triphosphate biosynthetic process, nucleotide biosynthetic process, ribonucleoside triphosphate biosynthetic process	discordant	-0.5515656917309006	True	True	True	0.0005349642016498918	False	RABEP1
cerebellar_hemisphere	ENSG00000031698	M003	False	module_genes	933.0	425.0	1.2081705355746633	8.4745538920076e-06	0.9824318896667084	0.9930373477864146	0.841316031824618	1.1721197942228745	fit	949	6	0.4914345904277392	nucleoside triphosphate biosynthetic process, nucleotide biosynthetic process, ribonucleoside triphosphate biosynthetic process	abundance_only	0.13986647501186666	False	True	True	0.0005349642016498918	False	SARS1
frontal_cortex_ba9	ENSG00000031698	M002	False	switch_genes	944.0	397.0	1.1557051891629841	0.00318554872261526	0.7587216383378627	1.0717296069978584	0.9080390999593985	1.2649282950119018	fit	1034	21	0.029361098554400673	supramolecular fiber organization, cell migration, actin cytoskeleton organization	discordant	-0.7190081132083944	True	True	True	1.249258128763103e-06	True	SARS1
putamen_basal_ganglia	ENSG00000031823	M001	False	module_genes	1357.0	442.0	1.0912117986546874	0.047881382694560784	0.0006194345015300029	1.534058117962331	1.283783885217848	1.8331234223950292	fit	1362	2	0.621535394693187	cellular component organization, cellular component organization or biogenesis	coupled	-0.5048410217110607	True	True	True	0.11466035574580133	False	RANBP3
caudate_sczd	ENSG00000033178	M006	True	switch_genes	343.0	157.0	1.228849841094739	0.010660698329540308	0.17582615298288773	1.3819545740935557	1.0562243359485246	1.8081371351314661	fit	343	0	0.017871150734486828		discordant	0.8615902351559576	True	True	True	6.938353180885315e-08	True	UBA6
cerebellar_hemisphere	ENSG00000034239	M003	False	module_genes	933.0	425.0	1.2081705355746633	8.4745538920076e-06	0.9824318896667084	0.9930373477864146	0.841316031824618	1.1721197942228745	fit	949	6	0.4914345904277392	nucleoside triphosphate biosynthetic process, nucleotide biosynthetic process, ribonucleoside triphosphate biosynthetic process	abundance_only	-0.1468431889196641	False	True	True	0.0005349642016498918	False	CLXN
hypothalamus	ENSG00000034239	M014	False	switch_genes	87.0	41.0	1.727969348659004	0.002694740306695324	0.0755268998708689	2.112315999719547	1.2640840959982327	3.5297326315522497	fit	99	31	0.04475469901505802	cilium movement, cilium-dependent cell motility, cilium or flagellum-dependent cell motility	coupled	-0.6388623722632761	True	True	True	1.0	True	CLXN
substantia_nigra	ENSG00000035141	M004	False	module_genes	576.0	258.0	1.1721316905140433	0.011655702361279236	0.7781860799282974	0.918706378101362	0.7405900574511649	1.1396607349400962	fit	576	0	0.7698260082862307		discordant	-0.49810464278536853	True	True	True	0.00024708778460080794	False	FAM136A
cerebellar_hemisphere	ENSG00000036448	M003	False	module_genes	933.0	425.0	1.2081705355746633	8.4745538920076e-06	0.9824318896667084	0.9930373477864146	0.841316031824618	1.1721197942228745	fit	949	6	0.4914345904277392	nucleoside triphosphate biosynthetic process, nucleotide biosynthetic process, ribonucleoside triphosphate biosynthetic process	discordant	-0.24869851114250674	True	True	True	0.0005349642016498918	False	MYOM2
putamen_basal_ganglia	ENSG00000036672	M001	False	module_genes	1357.0	442.0	1.0912117986546874	0.047881382694560784	0.0006194345015300029	1.534058117962331	1.283783885217848	1.8331234223950292	fit	1362	2	0.621535394693187	cellular component organization, cellular component organization or biogenesis	discordant	-0.41593935782501207	True	True	True	0.11466035574580133	False	USP2
frontal_cortex_ba9	ENSG00000037280	M002	False	switch_genes	944.0	397.0	1.1557051891629841	0.00318554872261526	0.7587216383378627	1.0717296069978584	0.9080390999593985	1.2649282950119018	fit	1034	21	0.029361098554400673	supramolecular fiber organization, cell migration, actin cytoskeleton organization	abundance_only	-0.158265261309803	False	True	True	1.249258128763103e-06	True	FLT4
putamen_basal_ganglia	ENSG00000037757	M001	False	module_genes	1357.0	442.0	1.0912117986546874	0.047881382694560784	0.0006194345015300029	1.534058117962331	1.283783885217848	1.8331234223950292	fit	1362	2	0.621535394693187	cellular component organization, cellular component organization or biogenesis	discordant	-0.316106689323111	True	True	True	0.11466035574580133	False	MRI1
cerebellar_hemisphere	ENSG00000039523	M003	False	module_genes	933.0	425.0	1.2081705355746633	8.4745538920076e-06	0.9824318896667084	0.9930373477864146	0.841316031824618	1.1721197942228745	fit	949	6	0.4914345904277392	nucleoside triphosphate biosynthetic process, nucleotide biosynthetic process, ribonucleoside triphosphate biosynthetic process	abundance_only	0.038522367489926435	False	True	True	0.0005349642016498918	False	RIPOR1
frontal_cortex_ba9	ENSG00000039523	M002	False	switch_genes	944.0	397.0	1.1557051891629841	0.00318554872261526	0.7587216383378627	1.0717296069978584	0.9080390999593985	1.2649282950119018	fit	1034	21	0.029361098554400673	supramolecular fiber organization, cell migration, actin cytoskeleton organization	discordant	-0.5068183715088566	True	True	True	1.249258128763103e-06	True	RIPOR1
putamen_basal_ganglia	ENSG00000039523	M001	False	module_genes	1357.0	442.0	1.0912117986546874	0.047881382694560784	0.0006194345015300029	1.534058117962331	1.283783885217848	1.8331234223950292	fit	1362	2	0.621535394693187	cellular component organization, cellular component organization or biogenesis	abundance_only	-0.18191103025817465	False	True	True	0.11466035574580133	False	RIPOR1
putamen_basal_ganglia	ENSG00000039650	M001	False	module_genes	1357.0	442.0	1.0912117986546874	0.047881382694560784	0.0006194345015300029	1.534058117962331	1.283783885217848	1.8331234223950292	fit	1362	2	0.621535394693187	cellular component organization, cellular component organization or biogenesis	abundance_only	-0.12571531521065324	False	True	True	0.11466035574580133	False	PNKP
putamen_basal_ganglia	ENSG00000041988	M001	False	module_genes	1357.0	442.0	1.0912117986546874	0.047881382694560784	0.0006194345015300029	1.534058117962331	1.283783885217848	1.8331234223950292	fit	1362	2	0.621535394693187	cellular component organization, cellular component organization or biogenesis	discordant	-0.46667260959855855	True	True	True	0.11466035574580133	False	THAP3
frontal_cortex_ba9	ENSG00000043355	M002	False	switch_genes	944.0	397.0	1.1557051891629841	0.00318554872261526	0.7587216383378627	1.0717296069978584	0.9080390999593985	1.2649282950119018	fit	1034	21	0.029361098554400673	supramolecular fiber organization, cell migration, actin cytoskeleton organization	abundance_only		False	True	True	1.249258128763103e-06	True	ZIC2
cerebellar_hemisphere	ENSG00000044090	M003	False	module_genes	933.0	425.0	1.2081705355746633	8.4745538920076e-06	0.9824318896667084	0.9930373477864146	0.841316031824618	1.1721197942228745	fit	949	6	0.4914345904277392	nucleoside triphosphate biosynthetic process, nucleotide biosynthetic process, ribonucleoside triphosphate biosynthetic process	coupled	-0.28641947673381235	True	True	True	0.0005349642016498918	False	CUL7
caudate_sczd	ENSG00000044446	M006	True	switch_genes	343.0	157.0	1.228849841094739	0.010660698329540308	0.17582615298288773	1.3819545740935557	1.0562243359485246	1.8081371351314661	fit	343	0	0.017871150734486828		discordant	0.5346878935518498	True	True	True	6.938353180885315e-08	True	PHKA2
caudate_sczd	ENSG00000049089	M006	True	switch_genes	343.0	157.0	1.228849841094739	0.010660698329540308	0.17582615298288773	1.3819545740935557	1.0562243359485246	1.8081371351314661	fit	343	0	0.017871150734486828		discordant	0.4557481036937621	True	True	True	6.938353180885315e-08	True	COL9A2
frontal_cortex_ba9	ENSG00000049089	M002	False	switch_genes	944.0	397.0	1.1557051891629841	0.00318554872261526	0.7587216383378627	1.0717296069978584	0.9080390999593985	1.2649282950119018	fit	1034	21	0.029361098554400673	supramolecular fiber organization, cell migration, actin cytoskeleton organization	abundance_only		False	True	True	1.249258128763103e-06	True	COL9A2
frontal_cortex_ba9	ENSG00000049245	M002	False	switch_genes	944.0	397.0	1.1557051891629841	0.00318554872261526	0.7587216383378627	1.0717296069978584	0.9080390999593985	1.2649282950119018	fit	1034	21	0.029361098554400673	supramolecular fiber organization, cell migration, actin cytoskeleton organization	abundance_only		False	True	True	1.249258128763103e-06	True	VAMP3
putamen_basal_ganglia	ENSG00000049323	M001	False	module_genes	1357.0	442.0	1.0912117986546874	0.047881382694560784	0.0006194345015300029	1.534058117962331	1.283783885217848	1.8331234223950292	fit	1362	2	0.621535394693187	cellular component organization, cellular component organization or biogenesis	discordant	-0.46652495822932105	True	True	True	0.11466035574580133	False	LTBP1
putamen_basal_ganglia	ENSG00000049656	M001	False	module_genes	1357.0	442.0	1.0912117986546874	0.047881382694560784	0.0006194345015300029	1.534058117962331	1.283783885217848	1.8331234223950292	fit	1362	2	0.621535394693187	cellular component organization, cellular component organization or biogenesis	coupled	-0.5893553596855955	True	True	True	0.11466035574580133	False	CLPTM1L
putamen_basal_ganglia	ENSG00000051596	M001	False	module_genes	1357.0	442.0	1.0912117986546874	0.047881382694560784	0.0006194345015300029	1.534058117962331	1.283783885217848	1.8331234223950292	fit	1362	2	0.621535394693187	cellular component organization, cellular component organization or biogenesis	abundance_only	-0.15356606095320693	False	True	True	0.11466035574580133	False	THOC3
frontal_cortex_ba9	ENSG00000053328	M002	False	switch_genes	944.0	397.0	1.1557051891629841	0.00318554872261526	0.7587216383378627	1.0717296069978584	0.9080390999593985	1.2649282950119018	fit	1034	21	0.029361098554400673	supramolecular fiber organization, cell migration, actin cytoskeleton organization	switch_only	-0.7461803705145681	True	True	True	1.249258128763103e-06	True	METTL24
cerebellar_hemisphere	ENSG00000054116	M003	False	module_genes	933.0	425.0	1.2081705355746633	8.4745538920076e-06	0.9824318896667084	0.9930373477864146	0.841316031824618	1.1721197942228745	fit	949	6	0.4914345904277392	nucleoside triphosphate biosynthetic process, nucleotide biosynthetic process, ribonucleoside triphosphate biosynthetic process	coupled	-0.3869409035248399	True	True	True	0.0005349642016498918	False	TRAPPC3
substantia_nigra	ENSG00000054116	M004	False	module_genes	576.0	258.0	1.1721316905140433	0.011655702361279236	0.7781860799282974	0.918706378101362	0.7405900574511649	1.1396607349400962	fit	576	0	0.7698260082862307		discordant	-0.6504081433205889	True	True	True	0.00024708778460080794	False	TRAPPC3
substantia_nigra	ENSG00000054179	M004	False	module_genes	576.0	258.0	1.1721316905140433	0.011655702361279236	0.7781860799282974	0.918706378101362	0.7405900574511649	1.1396607349400962	fit	576	0	0.7698260082862307		abundance_only	-0.10270419822118156	False	True	True	0.00024708778460080794	False	ENTPD2
putamen_basal_ganglia	ENSG00000054611	M001	False	module_genes	1357.0	442.0	1.0912117986546874	0.047881382694560784	0.0006194345015300029	1.534058117962331	1.283783885217848	1.8331234223950292	fit	1362	2	0.621535394693187	cellular component organization, cellular component organization or biogenesis	abundance_only	0.022305870933409848	False	True	True	0.11466035574580133	False	TBC1D22A
putamen_basal_ganglia	ENSG00000054965	M001	False	module_genes	1357.0	442.0	1.0912117986546874	0.047881382694560784	0.0006194345015300029	1.534058117962331	1.283783885217848	1.8331234223950292	fit	1362	2	0.621535394693187	cellular component organization, cellular component organization or biogenesis	coupled	-0.7081017642576334	True	True	True	0.11466035574580133	False	FAM168A
cerebellar_hemisphere	ENSG00000055044	M003	False	module_genes	933.0	425.0	1.2081705355746633	8.4745538920076e-06	0.9824318896667084	0.9930373477864146	0.841316031824618	1.1721197942228745	fit	949	6	0.4914345904277392	nucleoside triphosphate biosynthetic process, nucleotide biosynthetic process, ribonucleoside triphosphate biosynthetic process	abundance_only	0.12580653276890313	False	True	True	0.0005349642016498918	False	NOP58
substantia_nigra	ENSG00000055044	M004	False	module_genes	576.0	258.0	1.1721316905140433	0.011655702361279236	0.7781860799282974	0.918706378101362	0.7405900574511649	1.1396607349400962	fit	576	0	0.7698260082862307		abundance_only	-0.18400183974460665	False	True	True	0.00024708778460080794	False	NOP58
cerebellar_hemisphere	ENSG00000055070	M003	False	module_genes	933.0	425.0	1.2081705355746633	8.4745538920076e-06	0.9824318896667084	0.9930373477864146	0.841316031824618	1.1721197942228745	fit	949	6	0.4914345904277392	nucleoside triphosphate biosynthetic process, nucleotide biosynthetic process, ribonucleoside triphosphate biosynthetic process	switch_only	-0.3566905014294724	True	True	True	0.0005349642016498918	False	SZRD1
putamen_basal_ganglia	ENSG00000056097	M001	False	module_genes	1357.0	442.0	1.0912117986546874	0.047881382694560784	0.0006194345015300029	1.534058117962331	1.283783885217848	1.8331234223950292	fit	1362	2	0.621535394693187	cellular component organization, cellular component organization or biogenesis	coupled	-0.861814487227054	True	True	True	0.11466035574580133	False	ZFR
caudate_sczd	ENSG00000056736	M006	True	switch_genes	343.0	157.0	1.228849841094739	0.010660698329540308	0.17582615298288773	1.3819545740935557	1.0562243359485246	1.8081371351314661	fit	343	0	0.017871150734486828		discordant	0.5947241888801283	True	True	True	6.938353180885315e-08	True	IL17RB
substantia_nigra	ENSG00000056736	M004	False	module_genes	576.0	258.0	1.1721316905140433	0.011655702361279236	0.7781860799282974	0.918706378101362	0.7405900574511649	1.1396607349400962	fit	576	0	0.7698260082862307		discordant	-0.5568525344242732	True	True	True	0.00024708778460080794	False	IL17RB
putamen_basal_ganglia	ENSG00000058091	M001	False	module_genes	1357.0	442.0	1.0912117986546874	0.047881382694560784	0.0006194345015300029	1.534058117962331	1.283783885217848	1.8331234223950292	fit	1362	2	0.621535394693187	cellular component organization, cellular component organization or biogenesis	coupled	-0.2711745655166761	True	True	True	0.11466035574580133	False	CDK14
caudate_sczd	ENSG00000058335	M006	True	switch_genes	343.0	157.0	1.228849841094739	0.010660698329540308	0.17582615298288773	1.3819545740935557	1.0562243359485246	1.8081371351314661	fit	343	0	0.017871150734486828		discordant	0.3278994319600997	True	True	True	6.938353180885315e-08	True	RASGRF1
hypothalamus	ENSG00000058453	M014	False	switch_genes	87.0	41.0	1.727969348659004	0.002694740306695324	0.0755268998708689	2.112315999719547	1.2640840959982327	3.5297326315522497	fit	99	31	0.04475469901505802	cilium movement, cilium-dependent cell motility, cilium or flagellum-dependent cell motility	coupled	-0.6696486715907312	True	True	True	1.0	True	CROCC
putamen_basal_ganglia	ENSG00000058668	M001	False	module_genes	1357.0	442.0	1.0912117986546874	0.047881382694560784	0.0006194345015300029	1.534058117962331	1.283783885217848	1.8331234223950292	fit	1362	2	0.621535394693187	cellular component organization, cellular component organization or biogenesis	coupled	-0.7845102475975504	True	True	True	0.11466035574580133	False	ATP2B4
putamen_basal_ganglia	ENSG00000059378	M001	False	module_genes	1357.0	442.0	1.0912117986546874	0.047881382694560784	0.0006194345015300029	1.534058117962331	1.283783885217848	1.8331234223950292	fit	1362	2	0.621535394693187	cellular component organization, cellular component organization or biogenesis	discordant	-0.3885286711759705	True	True	True	0.11466035574580133	False	PARP12
cerebellar_hemisphere	ENSG00000060138	M003	False	module_genes	933.0	425.0	1.2081705355746633	8.4745538920076e-06	0.9824318896667084	0.9930373477864146	0.841316031824618	1.1721197942228745	fit	949	6	0.4914345904277392	nucleoside triphosphate biosynthetic process, nucleotide biosynthetic process, ribonucleoside triphosphate biosynthetic process	abundance_only	-0.08105770291790038	False	True	True	0.0005349642016498918	False	YBX3
caudate_sczd	ENSG00000060491	M006	True	switch_genes	343.0	157.0	1.228849841094739	0.010660698329540308	0.17582615298288773	1.3819545740935557	1.0562243359485246	1.8081371351314661	fit	343	0	0.017871150734486828		discordant	0.6950147893707137	True	True	True	6.938353180885315e-08	True	OGFR
caudate_sczd	ENSG00000060971	M006	True	switch_genes	343.0	157.0	1.228849841094739	0.010660698329540308	0.17582615298288773	1.3819545740935557	1.0562243359485246	1.8081371351314661	fit	343	0	0.017871150734486828		discordant	0.5267065113344203	True	True	True	6.938353180885315e-08	True	ACAA1
frontal_cortex_ba9	ENSG00000063176	M002	False	switch_genes	944.0	397.0	1.1557051891629841	0.00318554872261526	0.7587216383378627	1.0717296069978584	0.9080390999593985	1.2649282950119018	fit	1034	21	0.029361098554400673	supramolecular fiber organization, cell migration, actin cytoskeleton organization	abundance_only	-0.006610264155981449	False	True	True	1.249258128763103e-06	True	SPHK2
frontal_cortex_ba9	ENSG00000063241	M002	False	switch_genes	944.0	397.0	1.1557051891629841	0.00318554872261526	0.7587216383378627	1.0717296069978584	0.9080390999593985	1.2649282950119018	fit	1034	21	0.029361098554400673	supramolecular fiber organization, cell migration, actin cytoskeleton organization	discordant	-0.6539395889336644	True	True	True	1.249258128763103e-06	True	ISOC2
substantia_nigra	ENSG00000063761	M004	False	module_genes	576.0	258.0	1.1721316905140433	0.011655702361279236	0.7781860799282974	0.918706378101362	0.7405900574511649	1.1396607349400962	fit	576	0	0.7698260082862307		discordant	-0.5527532855187804	True	True	True	0.00024708778460080794	False	ADCK1
putamen_basal_ganglia	ENSG00000063854	M001	False	module_genes	1357.0	442.0	1.0912117986546874	0.047881382694560784	0.0006194345015300029	1.534058117962331	1.283783885217848	1.8331234223950292	fit	1362	2	0.621535394693187	cellular component organization, cellular component organization or biogenesis	discordant	-0.4179013511243273	True	True	True	0.11466035574580133	False	HAGH
frontal_cortex_ba9	ENSG00000064655	M002	False	switch_genes	944.0	397.0	1.1557051891629841	0.00318554872261526	0.7587216383378627	1.0717296069978584	0.9080390999593985	1.2649282950119018	fit	1034	21	0.029361098554400673	supramolecular fiber organization, cell migration, actin cytoskeleton organization	abundance_only		False	True	True	1.249258128763103e-06	True	EYA2
putamen_basal_ganglia	ENSG00000064932	M001	False	module_genes	1357.0	442.0	1.0912117986546874	0.047881382694560784	0.0006194345015300029	1.534058117962331	1.283783885217848	1.8331234223950292	fit	1362	2	0.621535394693187	cellular component organization, cellular component organization or biogenesis	discordant	-0.5076738912467263	True	True	True	0.11466035574580133	False	SBNO2
frontal_cortex_ba9	ENSG00000064999	M002	False	switch_genes	944.0	397.0	1.1557051891629841	0.00318554872261526	0.7587216383378627	1.0717296069978584	0.9080390999593985	1.2649282950119018	fit	1034	21	0.029361098554400673	supramolecular fiber organization, cell migration, actin cytoskeleton organization	discordant	-0.6939897805781969	True	True	True	1.249258128763103e-06	True	ANKS1A
frontal_cortex_ba9	ENSG00000065029	M002	False	switch_genes	944.0	397.0	1.1557051891629841	0.00318554872261526	0.7587216383378627	1.0717296069978584	0.9080390999593985	1.2649282950119018	fit	1034	21	0.029361098554400673	supramolecular fiber organization, cell migration, actin cytoskeleton organization	abundance_only	0.038173001682260205	False	True	True	1.249258128763103e-06	True	ZNF76
cerebellar_hemisphere	ENSG00000065268	M003	False	module_genes	933.0	425.0	1.2081705355746633	8.4745538920076e-06	0.9824318896667084	0.9930373477864146	0.841316031824618	1.1721197942228745	fit	949	6	0.4914345904277392	nucleoside triphosphate biosynthetic process, nucleotide biosynthetic process, ribonucleoside triphosphate biosynthetic process	coupled	-0.7818149892387881	True	True	True	0.0005349642016498918	False	WDR18
frontal_cortex_ba9	ENSG00000065320	M002	False	switch_genes	944.0	397.0	1.1557051891629841	0.00318554872261526	0.7587216383378627	1.0717296069978584	0.9080390999593985	1.2649282950119018	fit	1034	21	0.029361098554400673	supramolecular fiber organization, cell migration, actin cytoskeleton organization	abundance_only		False	True	True	1.249258128763103e-06	True	NTN1
putamen_basal_ganglia	ENSG00000065457	M001	False	module_genes	1357.0	442.0	1.0912117986546874	0.047881382694560784	0.0006194345015300029	1.534058117962331	1.283783885217848	1.8331234223950292	fit	1362	2	0.621535394693187	cellular component organization, cellular component organization or biogenesis	coupled	-0.5554291009892673	True	True	True	0.11466035574580133	False	ADAT1
putamen_basal_ganglia	ENSG00000065526	M001	False	module_genes	1357.0	442.0	1.0912117986546874	0.047881382694560784	0.0006194345015300029	1.534058117962331	1.283783885217848	1.8331234223950292	fit	1362	2	0.621535394693187	cellular component organization, cellular component organization or biogenesis	coupled	-0.5014454769991421	True	True	True	0.11466035574580133	False	SPEN
putamen_basal_ganglia	ENSG00000065600	M001	False	module_genes	1357.0	442.0	1.0912117986546874	0.047881382694560784	0.0006194345015300029	1.534058117962331	1.283783885217848	1.8331234223950292	fit	1362	2	0.621535394693187	cellular component organization, cellular component organization or biogenesis	abundance_only	-0.1169769151644804	False	True	True	0.11466035574580133	False	PACC1
frontal_cortex_ba9	ENSG00000065621	M002	False	switch_genes	944.0	397.0	1.1557051891629841	0.00318554872261526	0.7587216383378627	1.0717296069978584	0.9080390999593985	1.2649282950119018	fit	1034	21	0.029361098554400673	supramolecular fiber organization, cell migration, actin cytoskeleton organization	discordant	-0.32097152986884203	True	True	True	1.249258128763103e-06	True	GSTO2
putamen_basal_ganglia	ENSG00000065802	M001	False	module_genes	1357.0	442.0	1.0912117986546874	0.047881382694560784	0.0006194345015300029	1.534058117962331	1.283783885217848	1.8331234223950292	fit	1362	2	0.621535394693187	cellular component organization, cellular component organization or biogenesis	coupled	-0.5867123776443822	True	True	True	0.11466035574580133	False	ASB1
frontal_cortex_ba9	ENSG00000066322	M002	False	switch_genes	944.0	397.0	1.1557051891629841	0.00318554872261526	0.7587216383378627	1.0717296069978584	0.9080390999593985	1.2649282950119018	fit	1034	21	0.029361098554400673	supramolecular fiber organization, cell migration, actin cytoskeleton organization	abundance_only		False	True	True	1.249258128763103e-06	True	ELOVL1
putamen_basal_ganglia	ENSG00000066322	M001	False	module_genes	1357.0	442.0	1.0912117986546874	0.047881382694560784	0.0006194345015300029	1.534058117962331	1.283783885217848	1.8331234223950292	fit	1362	2	0.621535394693187	cellular component organization, cellular component organization or biogenesis	abundance_only		False	True	True	0.11466035574580133	False	ELOVL1
cerebellar_hemisphere	ENSG00000066382	M003	False	module_genes	933.0	425.0	1.2081705355746633	8.4745538920076e-06	0.9824318896667084	0.9930373477864146	0.841316031824618	1.1721197942228745	fit	949	6	0.4914345904277392	nucleoside triphosphate biosynthetic process, nucleotide biosynthetic process, ribonucleoside triphosphate biosynthetic process	discordant	-0.5503647553070933	True	True	True	0.0005349642016498918	False	MPPED2
substantia_nigra	ENSG00000067113	M004	False	module_genes	576.0	258.0	1.1721316905140433	0.011655702361279236	0.7781860799282974	0.918706378101362	0.7405900574511649	1.1396607349400962	fit	576	0	0.7698260082862307		abundance_only	-0.1411873519678034	False	True	True	0.00024708778460080794	False	PLPP1
putamen_basal_ganglia	ENSG00000067141	M001	False	module_genes	1357.0	442.0	1.0912117986546874	0.047881382694560784	0.0006194345015300029	1.534058117962331	1.283783885217848	1.8331234223950292	fit	1362	2	0.621535394693187	cellular component organization, cellular component organization or biogenesis	coupled	-0.8061567383717309	True	True	True	0.11466035574580133	False	NEO1
frontal_cortex_ba9	ENSG00000067167	M002	False	switch_genes	944.0	397.0	1.1557051891629841	0.00318554872261526	0.7587216383378627	1.0717296069978584	0.9080390999593985	1.2649282950119018	fit	1034	21	0.029361098554400673	supramolecular fiber organization, cell migration, actin cytoskeleton organization	abundance_only		False	True	True	1.249258128763103e-06	True	TRAM1
frontal_cortex_ba9	ENSG00000067225	M002	False	switch_genes	944.0	397.0	1.1557051891629841	0.00318554872261526	0.7587216383378627	1.0717296069978584	0.9080390999593985	1.2649282950119018	fit	1034	21	0.029361098554400673	supramolecular fiber organization, cell migration, actin cytoskeleton organization	discordant	-0.934601224262901	True	True	True	1.249258128763103e-06	True	PKM
putamen_basal_ganglia	ENSG00000067606	M001	False	module_genes	1357.0	442.0	1.0912117986546874	0.047881382694560784	0.0006194345015300029	1.534058117962331	1.283783885217848	1.8331234223950292	fit	1362	2	0.621535394693187	cellular component organization, cellular component organization or biogenesis	coupled	-0.5694528267598071	True	True	True	0.11466035574580133	False	PRKCZ
cerebellar_hemisphere	ENSG00000068137	M003	False	module_genes	933.0	425.0	1.2081705355746633	8.4745538920076e-06	0.9824318896667084	0.9930373477864146	0.841316031824618	1.1721197942228745	fit	949	6	0.4914345904277392	nucleoside triphosphate biosynthetic process, nucleotide biosynthetic process, ribonucleoside triphosphate biosynthetic process	discordant	-0.35116686867538666	True	True	True	0.0005349642016498918	False	PLEKHH3
putamen_basal_ganglia	ENSG00000068976	M001	False	module_genes	1357.0	442.0	1.0912117986546874	0.047881382694560784	0.0006194345015300029	1.534058117962331	1.283783885217848	1.8331234223950292	fit	1362	2	0.621535394693187	cellular component organization, cellular component organization or biogenesis	switch_only	-0.6255394457150324	True	True	True	0.11466035574580133	False	PYGM
putamen_basal_ganglia	ENSG00000069122	M001	False	module_genes	1357.0	442.0	1.0912117986546874	0.047881382694560784	0.0006194345015300029	1.534058117962331	1.283783885217848	1.8331234223950292	fit	1362	2	0.621535394693187	cellular component organization, cellular component organization or biogenesis	switch_only	-0.526861409712259	True	True	True	0.11466035574580133	False	ADGRF5
frontal_cortex_ba9	ENSG00000069702	M002	False	switch_genes	944.0	397.0	1.1557051891629841	0.00318554872261526	0.7587216383378627	1.0717296069978584	0.9080390999593985	1.2649282950119018	fit	1034	21	0.029361098554400673	supramolecular fiber organization, cell migration, actin cytoskeleton organization	abundance_only		False	True	True	1.249258128763103e-06	True	TGFBR3
cerebellar_hemisphere	ENSG00000070010	M003	False	module_genes	933.0	425.0	1.2081705355746633	8.4745538920076e-06	0.9824318896667084	0.9930373477864146	0.841316031824618	1.1721197942228745	fit	949	6	0.4914345904277392	nucleoside triphosphate biosynthetic process, nucleotide biosynthetic process, ribonucleoside triphosphate biosynthetic process	discordant	-0.20601828082749554	True	True	True	0.0005349642016498918	False	UFD1
frontal_cortex_ba9	ENSG00000070010	M002	False	switch_genes	944.0	397.0	1.1557051891629841	0.00318554872261526	0.7587216383378627	1.0717296069978584	0.9080390999593985	1.2649282950119018	fit	1034	21	0.029361098554400673	supramolecular fiber organization, cell migration, actin cytoskeleton organization	switch_only	-0.47511493204197597	True	True	True	1.249258128763103e-06	True	UFD1
putamen_basal_ganglia	ENSG00000070018	M001	False	module_genes	1357.0	442.0	1.0912117986546874	0.047881382694560784	0.0006194345015300029	1.534058117962331	1.283783885217848	1.8331234223950292	fit	1362	2	0.621535394693187	cellular component organization, cellular component organization or biogenesis	coupled	-0.8285303096621975	True	True	True	0.11466035574580133	False	LRP6
frontal_cortex_ba9	ENSG00000070404	M002	False	switch_genes	944.0	397.0	1.1557051891629841	0.00318554872261526	0.7587216383378627	1.0717296069978584	0.9080390999593985	1.2649282950119018	fit	1034	21	0.029361098554400673	supramolecular fiber organization, cell migration, actin cytoskeleton organization	abundance_only	-0.1416304555904607	False	True	True	1.249258128763103e-06	True	FSTL3
putamen_basal_ganglia	ENSG00000070413	M001	False	module_genes	1357.0	442.0	1.0912117986546874	0.047881382694560784	0.0006194345015300029	1.534058117962331	1.283783885217848	1.8331234223950292	fit	1362	2	0.621535394693187	cellular component organization, cellular component organization or biogenesis	coupled	-0.7509101793093674	True	True	True	0.11466035574580133	False	DGCR2
caudate_sczd	ENSG00000070444	M006	True	switch_genes	343.0	157.0	1.228849841094739	0.010660698329540308	0.17582615298288773	1.3819545740935557	1.0562243359485246	1.8081371351314661	fit	343	0	0.017871150734486828		discordant	0.528613184522293	True	True	True	6.938353180885315e-08	True	MNT
hypothalamus	ENSG00000070731	M014	False	switch_genes	87.0	41.0	1.727969348659004	0.002694740306695324	0.0755268998708689	2.112315999719547	1.2640840959982327	3.5297326315522497	fit	99	31	0.04475469901505802	cilium movement, cilium-dependent cell motility, cilium or flagellum-dependent cell motility	abundance_only		False	True	True	1.0	True	ST6GALNAC2
cerebellar_hemisphere	ENSG00000070761	M003	False	module_genes	933.0	425.0	1.2081705355746633	8.4745538920076e-06	0.9824318896667084	0.9930373477864146	0.841316031824618	1.1721197942228745	fit	949	6	0.4914345904277392	nucleoside triphosphate biosynthetic process, nucleotide biosynthetic process, ribonucleoside triphosphate biosynthetic process	coupled	-0.47007664419809353	True	True	True	0.0005349642016498918	False	CFAP20
substantia_nigra	ENSG00000070761	M004	False	module_genes	576.0	258.0	1.1721316905140433	0.011655702361279236	0.7781860799282974	0.918706378101362	0.7405900574511649	1.1396607349400962	fit	576	0	0.7698260082862307		discordant	-0.49326321017761343	True	True	True	0.00024708778460080794	False	CFAP20
cerebellar_hemisphere	ENSG00000070814	M003	False	module_genes	933.0	425.0	1.2081705355746633	8.4745538920076e-06	0.9824318896667084	0.9930373477864146	0.841316031824618	1.1721197942228745	fit	949	6	0.4914345904277392	nucleoside triphosphate biosynthetic process, nucleotide biosynthetic process, ribonucleoside triphosphate biosynthetic process	discordant	-0.4602015848293322	True	True	True	0.0005349642016498918	False	TCOF1
putamen_basal_ganglia	ENSG00000071051	M001	False	module_genes	1357.0	442.0	1.0912117986546874	0.047881382694560784	0.0006194345015300029	1.534058117962331	1.283783885217848	1.8331234223950292	fit	1362	2	0.621535394693187	cellular component organization, cellular component organization or biogenesis	coupled	-0.575521983771866	True	True	True	0.11466035574580133	False	NCK2
putamen_basal_ganglia	ENSG00000071054	M001	False	module_genes	1357.0	442.0	1.0912117986546874	0.047881382694560784	0.0006194345015300029	1.534058117962331	1.283783885217848	1.8331234223950292	fit	1362	2	0.621535394693187	cellular component organization, cellular component organization or biogenesis	coupled	-0.7245494653392707	True	True	True	0.11466035574580133	False	MAP4K4
cerebellar_hemisphere	ENSG00000071894	M003	False	module_genes	933.0	425.0	1.2081705355746633	8.4745538920076e-06	0.9824318896667084	0.9930373477864146	0.841316031824618	1.1721197942228745	fit	949	6	0.4914345904277392	nucleoside triphosphate biosynthetic process, nucleotide biosynthetic process, ribonucleoside triphosphate biosynthetic process	discordant	-0.5674313066003662	True	True	True	0.0005349642016498918	False	CPSF1
substantia_nigra	ENSG00000071894	M004	False	module_genes	576.0	258.0	1.1721316905140433	0.011655702361279236	0.7781860799282974	0.918706378101362	0.7405900574511649	1.1396607349400962	fit	576	0	0.7698260082862307		discordant	-0.3935690920904555	True	True	True	0.00024708778460080794	False	CPSF1
putamen_basal_ganglia	ENSG00000072071	M001	False	module_genes	1357.0	442.0	1.0912117986546874	0.047881382694560784	0.0006194345015300029	1.534058117962331	1.283783885217848	1.8331234223950292	fit	1362	2	0.621535394693187	cellular component organization, cellular component organization or biogenesis	discordant	-0.4668848452008767	True	True	True	0.11466035574580133	False	ADGRL1
cerebellar_hemisphere	ENSG00000072182	M003	False	module_genes	933.0	425.0	1.2081705355746633	8.4745538920076e-06	0.9824318896667084	0.9930373477864146	0.841316031824618	1.1721197942228745	fit	949	6	0.4914345904277392	nucleoside triphosphate biosynthetic process, nucleotide biosynthetic process, ribonucleoside triphosphate biosynthetic process	switch_only	-0.33937291226912236	True	True	True	0.0005349642016498918	False	ASIC4
putamen_basal_ganglia	ENSG00000072182	M001	False	module_genes	1357.0	442.0	1.0912117986546874	0.047881382694560784	0.0006194345015300029	1.534058117962331	1.283783885217848	1.8331234223950292	fit	1362	2	0.621535394693187	cellular component organization, cellular component organization or biogenesis	abundance_only	-0.18131560440686492	False	True	True	0.11466035574580133	False	ASIC4
putamen_basal_ganglia	ENSG00000072195	M001	False	module_genes	1357.0	442.0	1.0912117986546874	0.047881382694560784	0.0006194345015300029	1.534058117962331	1.283783885217848	1.8331234223950292	fit	1362	2	0.621535394693187	cellular component organization, cellular component organization or biogenesis	coupled	-0.6151205652394448	True	True	True	0.11466035574580133	False	SPEG
substantia_nigra	ENSG00000072694	M004	False	module_genes	576.0	258.0	1.1721316905140433	0.011655702361279236	0.7781860799282974	0.918706378101362	0.7405900574511649	1.1396607349400962	fit	576	0	0.7698260082862307		discordant	-0.37467190381151455	True	True	True	0.00024708778460080794	False	FCGR2B
cerebellar_hemisphere	ENSG00000072778	M003	False	module_genes	933.0	425.0	1.2081705355746633	8.4745538920076e-06	0.9824318896667084	0.9930373477864146	0.841316031824618	1.1721197942228745	fit	949	6	0.4914345904277392	nucleoside triphosphate biosynthetic process, nucleotide biosynthetic process, ribonucleoside triphosphate biosynthetic process	discordant	-0.5612513608169932	True	True	True	0.0005349642016498918	False	ACADVL
putamen_basal_ganglia	ENSG00000072786	M001	False	module_genes	1357.0	442.0	1.0912117986546874	0.047881382694560784	0.0006194345015300029	1.534058117962331	1.283783885217848	1.8331234223950292	fit	1362	2	0.621535394693187	cellular component organization, cellular component organization or biogenesis	coupled	-0.652524963028634	True	True	True	0.11466035574580133	False	STK10
putamen_basal_ganglia	ENSG00000072803	M001	False	module_genes	1357.0	442.0	1.0912117986546874	0.047881382694560784	0.0006194345015300029	1.534058117962331	1.283783885217848	1.8331234223950292	fit	1362	2	0.621535394693187	cellular component organization, cellular component organization or biogenesis	discordant	-0.3741188683907971	True	True	True	0.11466035574580133	False	FBXW11
substantia_nigra	ENSG00000072818	M004	False	module_genes	576.0	258.0	1.1721316905140433	0.011655702361279236	0.7781860799282974	0.918706378101362	0.7405900574511649	1.1396607349400962	fit	576	0	0.7698260082862307		discordant	-0.5088575276821965	True	True	True	0.00024708778460080794	False	ACAP1
frontal_cortex_ba9	ENSG00000072840	M002	False	switch_genes	944.0	397.0	1.1557051891629841	0.00318554872261526	0.7587216383378627	1.0717296069978584	0.9080390999593985	1.2649282950119018	fit	1034	21	0.029361098554400673	supramolecular fiber organization, cell migration, actin cytoskeleton organization	abundance_only		False	True	True	1.249258128763103e-06	True	EVC
frontal_cortex_ba9	ENSG00000073536	M002	False	switch_genes	944.0	397.0	1.1557051891629841	0.00318554872261526	0.7587216383378627	1.0717296069978584	0.9080390999593985	1.2649282950119018	fit	1034	21	0.029361098554400673	supramolecular fiber organization, cell migration, actin cytoskeleton organization	discordant	-0.4175662685538262	True	True	True	1.249258128763103e-06	True	NLE1
putamen_basal_ganglia	ENSG00000073792	M001	False	module_genes	1357.0	442.0	1.0912117986546874	0.047881382694560784	0.0006194345015300029	1.534058117962331	1.283783885217848	1.8331234223950292	fit	1362	2	0.621535394693187	cellular component organization, cellular component organization or biogenesis	coupled	-0.524808470734078	True	True	True	0.11466035574580133	False	IGF2BP2
frontal_cortex_ba9	ENSG00000074047	M002	False	switch_genes	944.0	397.0	1.1557051891629841	0.00318554872261526	0.7587216383378627	1.0717296069978584	0.9080390999593985	1.2649282950119018	fit	1034	21	0.029361098554400673	supramolecular fiber organization, cell migration, actin cytoskeleton organization	abundance_only		False	True	True	1.249258128763103e-06	True	GLI2
cerebellar_hemisphere	ENSG00000074855	M003	False	module_genes	933.0	425.0	1.2081705355746633	8.4745538920076e-06	0.9824318896667084	0.9930373477864146	0.841316031824618	1.1721197942228745	fit	949	6	0.4914345904277392	nucleoside triphosphate biosynthetic process, nucleotide biosynthetic process, ribonucleoside triphosphate biosynthetic process	discordant	-0.7923846591221237	True	True	True	0.0005349642016498918	False	ANO8
substantia_nigra	ENSG00000074855	M004	False	module_genes	576.0	258.0	1.1721316905140433	0.011655702361279236	0.7781860799282974	0.918706378101362	0.7405900574511649	1.1396607349400962	fit	576	0	0.7698260082862307		discordant	-0.5653382814052128	True	True	True	0.00024708778460080794	False	ANO8
frontal_cortex_ba9	ENSG00000075234	M002	False	switch_genes	944.0	397.0	1.1557051891629841	0.00318554872261526	0.7587216383378627	1.0717296069978584	0.9080390999593985	1.2649282950119018	fit	1034	21	0.029361098554400673	supramolecular fiber organization, cell migration, actin cytoskeleton organization	abundance_only		False	True	True	1.249258128763103e-06	True	TTC38
putamen_basal_ganglia	ENSG00000075240	M001	False	module_genes	1357.0	442.0	1.0912117986546874	0.047881382694560784	0.0006194345015300029	1.534058117962331	1.283783885217848	1.8331234223950292	fit	1362	2	0.621535394693187	cellular component organization, cellular component organization or biogenesis	coupled	-0.5079349821118652	True	True	True	0.11466035574580133	False	GRAMD4
cerebellar_hemisphere	ENSG00000075399	M003	False	module_genes	933.0	425.0	1.2081705355746633	8.4745538920076e-06	0.9824318896667084	0.9930373477864146	0.841316031824618	1.1721197942228745	fit	949	6	0.4914345904277392	nucleoside triphosphate biosynthetic process, nucleotide biosynthetic process, ribonucleoside triphosphate biosynthetic process	discordant	-0.5305245496016506	True	True	True	0.0005349642016498918	False	VPS9D1
substantia_nigra	ENSG00000075399	M004	False	module_genes	576.0	258.0	1.1721316905140433	0.011655702361279236	0.7781860799282974	0.918706378101362	0.7405900574511649	1.1396607349400962	fit	576	0	0.7698260082862307		discordant	-0.47927998931863325	True	True	True	0.00024708778460080794	False	VPS9D1
putamen_basal_ganglia	ENSG00000075426	M001	False	module_genes	1357.0	442.0	1.0912117986546874	0.047881382694560784	0.0006194345015300029	1.534058117962331	1.283783885217848	1.8331234223950292	fit	1362	2	0.621535394693187	cellular component organization, cellular component organization or biogenesis	coupled	-0.41811416926801137	True	True	True	0.11466035574580133	False	FOSL2
cerebellar_hemisphere	ENSG00000075568	M003	False	module_genes	933.0	425.0	1.2081705355746633	8.4745538920076e-06	0.9824318896667084	0.9930373477864146	0.841316031824618	1.1721197942228745	fit	949	6	0.4914345904277392	nucleoside triphosphate biosynthetic process, nucleotide biosynthetic process, ribonucleoside triphosphate biosynthetic process	discordant	-0.4611336020947903	True	True	True	0.0005349642016498918	False	TMEM131
putamen_basal_ganglia	ENSG00000075618	M001	False	module_genes	1357.0	442.0	1.0912117986546874	0.047881382694560784	0.0006194345015300029	1.534058117962331	1.283783885217848	1.8331234223950292	fit	1362	2	0.621535394693187	cellular component organization, cellular component organization or biogenesis	coupled	-0.7203197700521511	True	True	True	0.11466035574580133	False	FSCN1
cerebellar_hemisphere	ENSG00000076053	M003	False	module_genes	933.0	425.0	1.2081705355746633	8.4745538920076e-06	0.9824318896667084	0.9930373477864146	0.841316031824618	1.1721197942228745	fit	949	6	0.4914345904277392	nucleoside triphosphate biosynthetic process, nucleotide biosynthetic process, ribonucleoside triphosphate biosynthetic process	discordant	-0.339109009429736	True	True	True	0.0005349642016498918	False	RBM7
frontal_cortex_ba9	ENSG00000076067	M002	False	switch_genes	944.0	397.0	1.1557051891629841	0.00318554872261526	0.7587216383378627	1.0717296069978584	0.9080390999593985	1.2649282950119018	fit	1034	21	0.029361098554400673	supramolecular fiber organization, cell migration, actin cytoskeleton organization	abundance_only		False	True	True	1.249258128763103e-06	True	RBMS2
cerebellar_hemisphere	ENSG00000076356	M003	False	module_genes	933.0	425.0	1.2081705355746633	8.4745538920076e-06	0.9824318896667084	0.9930373477864146	0.841316031824618	1.1721197942228745	fit	949	6	0.4914345904277392	nucleoside triphosphate biosynthetic process, nucleotide biosynthetic process, ribonucleoside triphosphate biosynthetic process	discordant	-0.3476228120119851	True	True	True	0.0005349642016498918	False	PLXNA2
substantia_nigra	ENSG00000076356	M004	False	module_genes	576.0	258.0	1.1721316905140433	0.011655702361279236	0.7781860799282974	0.918706378101362	0.7405900574511649	1.1396607349400962	fit	576	0	0.7698260082862307		coupled	-0.23218101436631575	True	True	True	0.00024708778460080794	False	PLXNA2
frontal_cortex_ba9	ENSG00000076604	M002	False	switch_genes	944.0	397.0	1.1557051891629841	0.00318554872261526	0.7587216383378627	1.0717296069978584	0.9080390999593985	1.2649282950119018	fit	1034	21	0.029361098554400673	supramolecular fiber organization, cell migration, actin cytoskeleton organization	abundance_only		False	True	True	1.249258128763103e-06	True	TRAF4
cerebellar_hemisphere	ENSG00000076924	M003	False	module_genes	933.0	425.0	1.2081705355746633	8.4745538920076e-06	0.9824318896667084	0.9930373477864146	0.841316031824618	1.1721197942228745	fit	949	6	0.4914345904277392	nucleoside triphosphate biosynthetic process, nucleotide biosynthetic process, ribonucleoside triphosphate biosynthetic process	discordant	-0.21179337787773683	True	True	True	0.0005349642016498918	False	XAB2
frontal_cortex_ba9	ENSG00000076944	M002	False	switch_genes	944.0	397.0	1.1557051891629841	0.00318554872261526	0.7587216383378627	1.0717296069978584	0.9080390999593985	1.2649282950119018	fit	1034	21	0.029361098554400673	supramolecular fiber organization, cell migration, actin cytoskeleton organization	coupled	-0.33568450845198405	True	True	True	1.249258128763103e-06	True	STXBP2
putamen_basal_ganglia	ENSG00000077063	M001	False	module_genes	1357.0	442.0	1.0912117986546874	0.047881382694560784	0.0006194345015300029	1.534058117962331	1.283783885217848	1.8331234223950292	fit	1362	2	0.621535394693187	cellular component organization, cellular component organization or biogenesis	coupled	-0.5528890703115195	True	True	True	0.11466035574580133	False	CTTNBP2
putamen_basal_ganglia	ENSG00000077235	M001	False	module_genes	1357.0	442.0	1.0912117986546874	0.047881382694560784	0.0006194345015300029	1.534058117962331	1.283783885217848	1.8331234223950292	fit	1362	2	0.621535394693187	cellular component organization, cellular component organization or biogenesis	coupled	-0.7424971147416315	True	True	True	0.11466035574580133	False	GTF3C1
frontal_cortex_ba9	ENSG00000077549	M002	False	switch_genes	944.0	397.0	1.1557051891629841	0.00318554872261526	0.7587216383378627	1.0717296069978584	0.9080390999593985	1.2649282950119018	fit	1034	21	0.029361098554400673	supramolecular fiber organization, cell migration, actin cytoskeleton organization	discordant	-0.8318838263678214	True	True	True	1.249258128763103e-06	True	CAPZB
putamen_basal_ganglia	ENSG00000078237	M001	False	module_genes	1357.0	442.0	1.0912117986546874	0.047881382694560784	0.0006194345015300029	1.534058117962331	1.283783885217848	1.8331234223950292	fit	1362	2	0.621535394693187	cellular component organization, cellular component organization or biogenesis	discordant	-0.27877641431178507	True	True	True	0.11466035574580133	False	TIGAR
caudate_sczd	ENSG00000078295	M006	True	switch_genes	343.0	157.0	1.228849841094739	0.010660698329540308	0.17582615298288773	1.3819545740935557	1.0562243359485246	1.8081371351314661	fit	343	0	0.017871150734486828		discordant	0.6966891086920216	True	True	True	6.938353180885315e-08	True	ADCY2
putamen_basal_ganglia	ENSG00000078618	M001	False	module_genes	1357.0	442.0	1.0912117986546874	0.047881382694560784	0.0006194345015300029	1.534058117962331	1.283783885217848	1.8331234223950292	fit	1362	2	0.621535394693187	cellular component organization, cellular component organization or biogenesis	coupled	-0.8559726019880314	True	True	True	0.11466035574580133	False	NRDC
putamen_basal_ganglia	ENSG00000078699	M001	False	module_genes	1357.0	442.0	1.0912117986546874	0.047881382694560784	0.0006194345015300029	1.534058117962331	1.283783885217848	1.8331234223950292	fit	1362	2	0.621535394693187	cellular component organization, cellular component organization or biogenesis	coupled	-0.4093659111738575	True	True	True	0.11466035574580133	False	CBFA2T2
substantia_nigra	ENSG00000078808	M004	False	module_genes	576.0	258.0	1.1721316905140433	0.011655702361279236	0.7781860799282974	0.918706378101362	0.7405900574511649	1.1396607349400962	fit	576	0	0.7698260082862307		discordant	-0.7266971608685643	True	True	True	0.00024708778460080794	False	SDF4
substantia_nigra	ENSG00000079616	M004	False	module_genes	576.0	258.0	1.1721316905140433	0.011655702361279236	0.7781860799282974	0.918706378101362	0.7405900574511649	1.1396607349400962	fit	576	0	0.7698260082862307		discordant	-0.5032583546171734	True	True	True	0.00024708778460080794	False	KIF22
putamen_basal_ganglia	ENSG00000079950	M001	False	module_genes	1357.0	442.0	1.0912117986546874	0.047881382694560784	0.0006194345015300029	1.534058117962331	1.283783885217848	1.8331234223950292	fit	1362	2	0.621535394693187	cellular component organization, cellular component organization or biogenesis	coupled	-0.7836317370188689	True	True	True	0.11466035574580133	False	STX7
substantia_nigra	ENSG00000081479	M004	False	module_genes	576.0	258.0	1.1721316905140433	0.011655702361279236	0.7781860799282974	0.918706378101362	0.7405900574511649	1.1396607349400962	fit	576	0	0.7698260082862307		discordant	-0.2802741200878814	True	True	True	0.00024708778460080794	False	LRP2
putamen_basal_ganglia	ENSG00000081760	M001	False	module_genes	1357.0	442.0	1.0912117986546874	0.047881382694560784	0.0006194345015300029	1.534058117962331	1.283783885217848	1.8331234223950292	fit	1362	2	0.621535394693187	cellular component organization, cellular component organization or biogenesis	coupled	-0.6131823596532611	True	True	True	0.11466035574580133	False	AACS
putamen_basal_ganglia	ENSG00000081791	M001	False	module_genes	1357.0	442.0	1.0912117986546874	0.047881382694560784	0.0006194345015300029	1.534058117962331	1.283783885217848	1.8331234223950292	fit	1362	2	0.621535394693187	cellular component organization, cellular component organization or biogenesis	coupled	-0.7026897572046319	True	True	True	0.11466035574580133	False	DELE1
frontal_cortex_ba9	ENSG00000081913	M002	False	switch_genes	944.0	397.0	1.1557051891629841	0.00318554872261526	0.7587216383378627	1.0717296069978584	0.9080390999593985	1.2649282950119018	fit	1034	21	0.029361098554400673	supramolecular fiber organization, cell migration, actin cytoskeleton organization	abundance_only		False	True	True	1.249258128763103e-06	True	PHLPP1
putamen_basal_ganglia	ENSG00000082196	M001	False	module_genes	1357.0	442.0	1.0912117986546874	0.047881382694560784	0.0006194345015300029	1.534058117962331	1.283783885217848	1.8331234223950292	fit	1362	2	0.621535394693187	cellular component organization, cellular component organization or biogenesis	coupled	-0.3683244920803222	True	True	True	0.11466035574580133	False	C1QTNF3
cerebellar_hemisphere	ENSG00000082515	M003	False	module_genes	933.0	425.0	1.2081705355746633	8.4745538920076e-06	0.9824318896667084	0.9930373477864146	0.841316031824618	1.1721197942228745	fit	949	6	0.4914345904277392	nucleoside triphosphate biosynthetic process, nucleotide biosynthetic process, ribonucleoside triphosphate biosynthetic process	discordant	-0.36565964674321133	True	True	True	0.0005349642016498918	False	MRPL22
putamen_basal_ganglia	ENSG00000082641	M001	False	module_genes	1357.0	442.0	1.0912117986546874	0.047881382694560784	0.0006194345015300029	1.534058117962331	1.283783885217848	1.8331234223950292	fit	1362	2	0.621535394693187	cellular component organization, cellular component organization or biogenesis	coupled	-0.6398837833349025	True	True	True	0.11466035574580133	False	NFE2L1
putamen_basal_ganglia	ENSG00000082781	M001	False	module_genes	1357.0	442.0	1.0912117986546874	0.047881382694560784	0.0006194345015300029	1.534058117962331	1.283783885217848	1.8331234223950292	fit	1362	2	0.621535394693187	cellular component organization, cellular component organization or biogenesis	switch_only	-0.40575400048980736	True	True	True	0.11466035574580133	False	ITGB5
putamen_basal_ganglia	ENSG00000082805	M001	False	module_genes	1357.0	442.0	1.0912117986546874	0.047881382694560784	0.0006194345015300029	1.534058117962331	1.283783885217848	1.8331234223950292	fit	1362	2	0.621535394693187	cellular component organization, cellular component organization or biogenesis	discordant	-0.29804016152376944	True	True	True	0.11466035574580133	False	ERC1
frontal_cortex_ba9	ENSG00000083123	M002	False	switch_genes	944.0	397.0	1.1557051891629841	0.00318554872261526	0.7587216383378627	1.0717296069978584	0.9080390999593985	1.2649282950119018	fit	1034	21	0.029361098554400673	supramolecular fiber organization, cell migration, actin cytoskeleton organization	abundance_only		False	True	True	1.249258128763103e-06	True	BCKDHB
putamen_basal_ganglia	ENSG00000083290	M001	False	module_genes	1357.0	442.0	1.0912117986546874	0.047881382694560784	0.0006194345015300029	1.534058117962331	1.283783885217848	1.8331234223950292	fit	1362	2	0.621535394693187	cellular component organization, cellular component organization or biogenesis	discordant	-0.5931518315336356	True	True	True	0.11466035574580133	False	ULK2
cerebellar_hemisphere	ENSG00000083444	M003	False	module_genes	933.0	425.0	1.2081705355746633	8.4745538920076e-06	0.9824318896667084	0.9930373477864146	0.841316031824618	1.1721197942228745	fit	949	6	0.4914345904277392	nucleoside triphosphate biosynthetic process, nucleotide biosynthetic process, ribonucleoside triphosphate biosynthetic process	inactive	-0.15295604277780142	False	True	True	0.0005349642016498918	False	PLOD1
frontal_cortex_ba9	ENSG00000083454	M002	False	switch_genes	944.0	397.0	1.1557051891629841	0.00318554872261526	0.7587216383378627	1.0717296069978584	0.9080390999593985	1.2649282950119018	fit	1034	21	0.029361098554400673	supramolecular fiber organization, cell migration, actin cytoskeleton organization	abundance_only	0.004111030710040284	False	True	True	1.249258128763103e-06	True	P2RX5
frontal_cortex_ba9	ENSG00000083535	M002	False	switch_genes	944.0	397.0	1.1557051891629841	0.00318554872261526	0.7587216383378627	1.0717296069978584	0.9080390999593985	1.2649282950119018	fit	1034	21	0.029361098554400673	supramolecular fiber organization, cell migration, actin cytoskeleton organization	switch_only	-0.40015048708284423	True	True	True	1.249258128763103e-06	True	PIBF1
frontal_cortex_ba9	ENSG00000083807	M002	False	switch_genes	944.0	397.0	1.1557051891629841	0.00318554872261526	0.7587216383378627	1.0717296069978584	0.9080390999593985	1.2649282950119018	fit	1034	21	0.029361098554400673	supramolecular fiber organization, cell migration, actin cytoskeleton organization	inactive	0.1360545379156117	False	True	True	1.249258128763103e-06	True	SLC27A5
substantia_nigra	ENSG00000083807	M004	False	module_genes	576.0	258.0	1.1721316905140433	0.011655702361279236	0.7781860799282974	0.918706378101362	0.7405900574511649	1.1396607349400962	fit	576	0	0.7698260082862307		discordant	-0.3132234599120355	True	True	True	0.00024708778460080794	False	SLC27A5
substantia_nigra	ENSG00000083814	M004	False	module_genes	576.0	258.0	1.1721316905140433	0.011655702361279236	0.7781860799282974	0.918706378101362	0.7405900574511649	1.1396607349400962	fit	576	0	0.7698260082862307		discordant	-0.30319530039354603	True	True	True	0.00024708778460080794	False	ZNF671
frontal_cortex_ba9	ENSG00000083838	M002	False	switch_genes	944.0	397.0	1.1557051891629841	0.00318554872261526	0.7587216383378627	1.0717296069978584	0.9080390999593985	1.2649282950119018	fit	1034	21	0.029361098554400673	supramolecular fiber organization, cell migration, actin cytoskeleton organization	switch_only	-0.3749866739359871	True	True	True	1.249258128763103e-06	True	ZNF446
putamen_basal_ganglia	ENSG00000083857	M001	False	module_genes	1357.0	442.0	1.0912117986546874	0.047881382694560784	0.0006194345015300029	1.534058117962331	1.283783885217848	1.8331234223950292	fit	1362	2	0.621535394693187	cellular component organization, cellular component organization or biogenesis	coupled	-0.8992285274032222	True	True	True	0.11466035574580133	False	FAT1
putamen_basal_ganglia	ENSG00000084090	M001	False	module_genes	1357.0	442.0	1.0912117986546874	0.047881382694560784	0.0006194345015300029	1.534058117962331	1.283783885217848	1.8331234223950292	fit	1362	2	0.621535394693187	cellular component organization, cellular component organization or biogenesis	coupled	-0.8239651657748912	True	True	True	0.11466035574580133	False	STARD7
cerebellar_hemisphere	ENSG00000084764	M003	False	module_genes	933.0	425.0	1.2081705355746633	8.4745538920076e-06	0.9824318896667084	0.9930373477864146	0.841316031824618	1.1721197942228745	fit	949	6	0.4914345904277392	nucleoside triphosphate biosynthetic process, nucleotide biosynthetic process, ribonucleoside triphosphate biosynthetic process	discordant	-0.33030279399962775	True	True	True	0.0005349642016498918	False	MAPRE3
substantia_nigra	ENSG00000084764	M004	False	module_genes	576.0	258.0	1.1721316905140433	0.011655702361279236	0.7781860799282974	0.918706378101362	0.7405900574511649	1.1396607349400962	fit	576	0	0.7698260082862307		abundance_only	0.021245268096669104	False	True	True	0.00024708778460080794	False	MAPRE3
cerebellar_hemisphere	ENSG00000085063	M003	False	module_genes	933.0	425.0	1.2081705355746633	8.4745538920076e-06	0.9824318896667084	0.9930373477864146	0.841316031824618	1.1721197942228745	fit	949	6	0.4914345904277392	nucleoside triphosphate biosynthetic process, nucleotide biosynthetic process, ribonucleoside triphosphate biosynthetic process	switch_only	-0.5883713811413009	True	True	True	0.0005349642016498918	False	CD59
substantia_nigra	ENSG00000085063	M004	False	module_genes	576.0	258.0	1.1721316905140433	0.011655702361279236	0.7781860799282974	0.918706378101362	0.7405900574511649	1.1396607349400962	fit	576	0	0.7698260082862307		discordant	-0.34907336496040176	True	True	True	0.00024708778460080794	False	CD59
cerebellar_hemisphere	ENSG00000085662	M003	False	module_genes	933.0	425.0	1.2081705355746633	8.4745538920076e-06	0.9824318896667084	0.9930373477864146	0.841316031824618	1.1721197942228745	fit	949	6	0.4914345904277392	nucleoside triphosphate biosynthetic process, nucleotide biosynthetic process, ribonucleoside triphosphate biosynthetic process	discordant	-0.7540033156091642	True	True	True	0.0005349642016498918	False	AKR1B1
substantia_nigra	ENSG00000085662	M004	False	module_genes	576.0	258.0	1.1721316905140433	0.011655702361279236	0.7781860799282974	0.918706378101362	0.7405900574511649	1.1396607349400962	fit	576	0	0.7698260082862307		discordant	-0.6617884612005351	True	True	True	0.00024708778460080794	False	AKR1B1
putamen_basal_ganglia	ENSG00000085719	M001	False	module_genes	1357.0	442.0	1.0912117986546874	0.047881382694560784	0.0006194345015300029	1.534058117962331	1.283783885217848	1.8331234223950292	fit	1362	2	0.621535394693187	cellular component organization, cellular component organization or biogenesis	discordant	-0.488119442867285	True	True	True	0.11466035574580133	False	CPNE3
putamen_basal_ganglia	ENSG00000086015	M001	False	module_genes	1357.0	442.0	1.0912117986546874	0.047881382694560784	0.0006194345015300029	1.534058117962331	1.283783885217848	1.8331234223950292	fit	1362	2	0.621535394693187	cellular component organization, cellular component organization or biogenesis	coupled	-0.6969718155307787	True	True	True	0.11466035574580133	False	MAST2
cerebellar_hemisphere	ENSG00000086159	M003	False	module_genes	933.0	425.0	1.2081705355746633	8.4745538920076e-06	0.9824318896667084	0.9930373477864146	0.841316031824618	1.1721197942228745	fit	949	6	0.4914345904277392	nucleoside triphosphate biosynthetic process, nucleotide biosynthetic process, ribonucleoside triphosphate biosynthetic process	switch_only	-0.32999229195362023	True	True	True	0.0005349642016498918	False	AQP6
frontal_cortex_ba9	ENSG00000087086	M002	False	switch_genes	944.0	397.0	1.1557051891629841	0.00318554872261526	0.7587216383378627	1.0717296069978584	0.9080390999593985	1.2649282950119018	fit	1034	21	0.029361098554400673	supramolecular fiber organization, cell migration, actin cytoskeleton organization	abundance_only		False	True	True	1.249258128763103e-06	True	FTL
cerebellar_hemisphere	ENSG00000087088	M003	False	module_genes	933.0	425.0	1.2081705355746633	8.4745538920076e-06	0.9824318896667084	0.9930373477864146	0.841316031824618	1.1721197942228745	fit	949	6	0.4914345904277392	nucleoside triphosphate biosynthetic process, nucleotide biosynthetic process, ribonucleoside triphosphate biosynthetic process	discordant	-0.2750107850555242	True	True	True	0.0005349642016498918	False	BAX
substantia_nigra	ENSG00000087088	M004	False	module_genes	576.0	258.0	1.1721316905140433	0.011655702361279236	0.7781860799282974	0.918706378101362	0.7405900574511649	1.1396607349400962	fit	576	0	0.7698260082862307		discordant	-0.35419510907840035	True	True	True	0.00024708778460080794	False	BAX
putamen_basal_ganglia	ENSG00000087245	M001	False	module_genes	1357.0	442.0	1.0912117986546874	0.047881382694560784	0.0006194345015300029	1.534058117962331	1.283783885217848	1.8331234223950292	fit	1362	2	0.621535394693187	cellular component organization, cellular component organization or biogenesis	abundance_only	-0.16382141715730844	False	True	True	0.11466035574580133	False	MMP2
frontal_cortex_ba9	ENSG00000087903	M002	False	switch_genes	944.0	397.0	1.1557051891629841	0.00318554872261526	0.7587216383378627	1.0717296069978584	0.9080390999593985	1.2649282950119018	fit	1034	21	0.029361098554400673	supramolecular fiber organization, cell migration, actin cytoskeleton organization	abundance_only		False	True	True	1.249258128763103e-06	True	RFX2
hypothalamus	ENSG00000087903	M014	False	switch_genes	87.0	41.0	1.727969348659004	0.002694740306695324	0.0755268998708689	2.112315999719547	1.2640840959982327	3.5297326315522497	fit	99	31	0.04475469901505802	cilium movement, cilium-dependent cell motility, cilium or flagellum-dependent cell motility	coupled	-0.7188225711624912	True	True	True	1.0	True	RFX2
cerebellar_hemisphere	ENSG00000088038	M003	False	module_genes	933.0	425.0	1.2081705355746633	8.4745538920076e-06	0.9824318896667084	0.9930373477864146	0.841316031824618	1.1721197942228745	fit	949	6	0.4914345904277392	nucleoside triphosphate biosynthetic process, nucleotide biosynthetic process, ribonucleoside triphosphate biosynthetic process	discordant	-0.6540722026509344	True	True	True	0.0005349642016498918	False	CNOT3
putamen_basal_ganglia	ENSG00000088280	M001	False	module_genes	1357.0	442.0	1.0912117986546874	0.047881382694560784	0.0006194345015300029	1.534058117962331	1.283783885217848	1.8331234223950292	fit	1362	2	0.621535394693187	cellular component organization, cellular component organization or biogenesis	discordant	-0.7315577727974876	True	True	True	0.11466035574580133	False	ASAP3
putamen_basal_ganglia	ENSG00000088682	M001	False	module_genes	1357.0	442.0	1.0912117986546874	0.047881382694560784	0.0006194345015300029	1.534058117962331	1.283783885217848	1.8331234223950292	fit	1362	2	0.621535394693187	cellular component organization, cellular component organization or biogenesis	coupled	-0.5860885125529265	True	True	True	0.11466035574580133	False	COQ9
putamen_basal_ganglia	ENSG00000088827	M001	False	module_genes	1357.0	442.0	1.0912117986546874	0.047881382694560784	0.0006194345015300029	1.534058117962331	1.283783885217848	1.8331234223950292	fit	1362	2	0.621535394693187	cellular component organization, cellular component organization or biogenesis	coupled	-0.4758349698520167	True	True	True	0.11466035574580133	False	SIGLEC1
cerebellar_hemisphere	ENSG00000089280	M003	False	module_genes	933.0	425.0	1.2081705355746633	8.4745538920076e-06	0.9824318896667084	0.9930373477864146	0.841316031824618	1.1721197942228745	fit	949	6	0.4914345904277392	nucleoside triphosphate biosynthetic process, nucleotide biosynthetic process, ribonucleoside triphosphate biosynthetic process	abundance_only	-0.14651294244215607	False	True	True	0.0005349642016498918	False	FUS
frontal_cortex_ba9	ENSG00000089682	M002	False	switch_genes	944.0	397.0	1.1557051891629841	0.00318554872261526	0.7587216383378627	1.0717296069978584	0.9080390999593985	1.2649282950119018	fit	1034	21	0.029361098554400673	supramolecular fiber organization, cell migration, actin cytoskeleton organization	switch_only	-0.5892981419290709	True	True	True	1.249258128763103e-06	True	RBM41
cerebellar_hemisphere	ENSG00000090097	M003	False	module_genes	933.0	425.0	1.2081705355746633	8.4745538920076e-06	0.9824318896667084	0.9930373477864146	0.841316031824618	1.1721197942228745	fit	949	6	0.4914345904277392	nucleoside triphosphate biosynthetic process, nucleotide biosynthetic process, ribonucleoside triphosphate biosynthetic process	discordant	-0.3116646105772601	True	True	True	0.0005349642016498918	False	PCBP4
cerebellar_hemisphere	ENSG00000090266	M003	False	module_genes	933.0	425.0	1.2081705355746633	8.4745538920076e-06	0.9824318896667084	0.9930373477864146	0.841316031824618	1.1721197942228745	fit	949	6	0.4914345904277392	nucleoside triphosphate biosynthetic process, nucleotide biosynthetic process, ribonucleoside triphosphate biosynthetic process	coupled	-0.49903041316796737	True	True	True	0.0005349642016498918	False	NDUFB2
frontal_cortex_ba9	ENSG00000090339	M002	False	switch_genes	944.0	397.0	1.1557051891629841	0.00318554872261526	0.7587216383378627	1.0717296069978584	0.9080390999593985	1.2649282950119018	fit	1034	21	0.029361098554400673	supramolecular fiber organization, cell migration, actin cytoskeleton organization	abundance_only		False	True	True	1.249258128763103e-06	True	ICAM1
cerebellar_hemisphere	ENSG00000090447	M003	False	module_genes	933.0	425.0	1.2081705355746633	8.4745538920076e-06	0.9824318896667084	0.9930373477864146	0.841316031824618	1.1721197942228745	fit	949	6	0.4914345904277392	nucleoside triphosphate biosynthetic process, nucleotide biosynthetic process, ribonucleoside triphosphate biosynthetic process	discordant	-0.5964999468991364	True	True	True	0.0005349642016498918	False	TFAP4
cerebellar_hemisphere	ENSG00000090534	M003	False	module_genes	933.0	425.0	1.2081705355746633	8.4745538920076e-06	0.9824318896667084	0.9930373477864146	0.841316031824618	1.1721197942228745	fit	949	6	0.4914345904277392	nucleoside triphosphate biosynthetic process, nucleotide biosynthetic process, ribonucleoside triphosphate biosynthetic process	coupled	-0.3674107293434053	True	True	True	0.0005349642016498918	False	THPO
substantia_nigra	ENSG00000090581	M004	False	module_genes	576.0	258.0	1.1721316905140433	0.011655702361279236	0.7781860799282974	0.918706378101362	0.7405900574511649	1.1396607349400962	fit	576	0	0.7698260082862307		discordant	-0.5424451151021746	True	True	True	0.00024708778460080794	False	GNPTG
putamen_basal_ganglia	ENSG00000091622	M001	False	module_genes	1357.0	442.0	1.0912117986546874	0.047881382694560784	0.0006194345015300029	1.534058117962331	1.283783885217848	1.8331234223950292	fit	1362	2	0.621535394693187	cellular component organization, cellular component organization or biogenesis	coupled	-0.5000889758341606	True	True	True	0.11466035574580133	False	PITPNM3
substantia_nigra	ENSG00000092094	M004	False	module_genes	576.0	258.0	1.1721316905140433	0.011655702361279236	0.7781860799282974	0.918706378101362	0.7405900574511649	1.1396607349400962	fit	576	0	0.7698260082862307		discordant	-0.655351725580594	True	True	True	0.00024708778460080794	False	OSGEP
putamen_basal_ganglia	ENSG00000092201	M001	False	module_genes	1357.0	442.0	1.0912117986546874	0.047881382694560784	0.0006194345015300029	1.534058117962331	1.283783885217848	1.8331234223950292	fit	1362	2	0.621535394693187	cellular component organization, cellular component organization or biogenesis	coupled	-0.8939803506936328	True	True	True	0.11466035574580133	False	SUPT16H
cerebellar_hemisphere	ENSG00000092445	M003	False	module_genes	933.0	425.0	1.2081705355746633	8.4745538920076e-06	0.9824318896667084	0.9930373477864146	0.841316031824618	1.1721197942228745	fit	949	6	0.4914345904277392	nucleoside triphosphate biosynthetic process, nucleotide biosynthetic process, ribonucleoside triphosphate biosynthetic process	discordant	-0.4378310749797156	True	True	True	0.0005349642016498918	False	TYRO3
caudate_sczd	ENSG00000092531	M006	True	switch_genes	343.0	157.0	1.228849841094739	0.010660698329540308	0.17582615298288773	1.3819545740935557	1.0562243359485246	1.8081371351314661	fit	343	0	0.017871150734486828		discordant	0.6078171237366496	True	True	True	6.938353180885315e-08	True	SNAP23
frontal_cortex_ba9	ENSG00000092531	M002	False	switch_genes	944.0	397.0	1.1557051891629841	0.00318554872261526	0.7587216383378627	1.0717296069978584	0.9080390999593985	1.2649282950119018	fit	1034	21	0.029361098554400673	supramolecular fiber organization, cell migration, actin cytoskeleton organization	abundance_only		False	True	True	1.249258128763103e-06	True	SNAP23
frontal_cortex_ba9	ENSG00000092621	M002	False	switch_genes	944.0	397.0	1.1557051891629841	0.00318554872261526	0.7587216383378627	1.0717296069978584	0.9080390999593985	1.2649282950119018	fit	1034	21	0.029361098554400673	supramolecular fiber organization, cell migration, actin cytoskeleton organization	abundance_only		False	True	True	1.249258128763103e-06	True	PHGDH
caudate_sczd	ENSG00000092871	M006	True	switch_genes	343.0	157.0	1.228849841094739	0.010660698329540308	0.17582615298288773	1.3819545740935557	1.0562243359485246	1.8081371351314661	fit	343	0	0.017871150734486828		discordant	0.5209227070536889	True	True	True	6.938353180885315e-08	True	RFFL
substantia_nigra	ENSG00000094880	M004	False	module_genes	576.0	258.0	1.1721316905140433	0.011655702361279236	0.7781860799282974	0.918706378101362	0.7405900574511649	1.1396607349400962	fit	576	0	0.7698260082862307		discordant	-0.43573731880378097	True	True	True	0.00024708778460080794	False	CDC23
cerebellar_hemisphere	ENSG00000095059	M003	False	module_genes	933.0	425.0	1.2081705355746633	8.4745538920076e-06	0.9824318896667084	0.9930373477864146	0.841316031824618	1.1721197942228745	fit	949	6	0.4914345904277392	nucleoside triphosphate biosynthetic process, nucleotide biosynthetic process, ribonucleoside triphosphate biosynthetic process	discordant	-0.5525316163211765	True	True	True	0.0005349642016498918	False	DHPS
substantia_nigra	ENSG00000095059	M004	False	module_genes	576.0	258.0	1.1721316905140433	0.011655702361279236	0.7781860799282974	0.918706378101362	0.7405900574511649	1.1396607349400962	fit	576	0	0.7698260082862307		discordant	-0.5084627714410684	True	True	True	0.00024708778460080794	False	DHPS
frontal_cortex_ba9	ENSG00000095370	M002	False	switch_genes	944.0	397.0	1.1557051891629841	0.00318554872261526	0.7587216383378627	1.0717296069978584	0.9080390999593985	1.2649282950119018	fit	1034	21	0.029361098554400673	supramolecular fiber organization, cell migration, actin cytoskeleton organization	discordant	-0.4795056794771952	True	True	True	1.249258128763103e-06	True	SH2D3C
frontal_cortex_ba9	ENSG00000095906	M002	False	switch_genes	944.0	397.0	1.1557051891629841	0.00318554872261526	0.7587216383378627	1.0717296069978584	0.9080390999593985	1.2649282950119018	fit	1034	21	0.029361098554400673	supramolecular fiber organization, cell migration, actin cytoskeleton organization	inactive	0.14421994602404825	False	True	True	1.249258128763103e-06	True	NUBP2
frontal_cortex_ba9	ENSG00000099139	M002	False	switch_genes	944.0	397.0	1.1557051891629841	0.00318554872261526	0.7587216383378627	1.0717296069978584	0.9080390999593985	1.2649282950119018	fit	1034	21	0.029361098554400673	supramolecular fiber organization, cell migration, actin cytoskeleton organization	abundance_only		False	True	True	1.249258128763103e-06	True	PCSK5
frontal_cortex_ba9	ENSG00000099282	M002	False	switch_genes	944.0	397.0	1.1557051891629841	0.00318554872261526	0.7587216383378627	1.0717296069978584	0.9080390999593985	1.2649282950119018	fit	1034	21	0.029361098554400673	supramolecular fiber organization, cell migration, actin cytoskeleton organization	abundance_only		False	True	True	1.249258128763103e-06	True	TSPAN15
substantia_nigra	ENSG00000099326	M004	False	module_genes	576.0	258.0	1.1721316905140433	0.011655702361279236	0.7781860799282974	0.918706378101362	0.7405900574511649	1.1396607349400962	fit	576	0	0.7698260082862307		discordant	-0.5051125350135239	True	True	True	0.00024708778460080794	False	MZF1
substantia_nigra	ENSG00000099622	M004	False	module_genes	576.0	258.0	1.1721316905140433	0.011655702361279236	0.7781860799282974	0.918706378101362	0.7405900574511649	1.1396607349400962	fit	576	0	0.7698260082862307		discordant	-0.5021667904119795	True	True	True	0.00024708778460080794	False	CIRBP
frontal_cortex_ba9	ENSG00000099624	M002	False	switch_genes	944.0	397.0	1.1557051891629841	0.00318554872261526	0.7587216383378627	1.0717296069978584	0.9080390999593985	1.2649282950119018	fit	1034	21	0.029361098554400673	supramolecular fiber organization, cell migration, actin cytoskeleton organization	discordant	-0.5276563255489913	True	True	True	1.249258128763103e-06	True	ATP5F1D
cerebellar_hemisphere	ENSG00000099625	M003	False	module_genes	933.0	425.0	1.2081705355746633	8.4745538920076e-06	0.9824318896667084	0.9930373477864146	0.841316031824618	1.1721197942228745	fit	949	6	0.4914345904277392	nucleoside triphosphate biosynthetic process, nucleotide biosynthetic process, ribonucleoside triphosphate biosynthetic process	discordant	-0.5113669547649825	True	True	True	0.0005349642016498918	False	CBARP
frontal_cortex_ba9	ENSG00000099797	M002	False	switch_genes	944.0	397.0	1.1557051891629841	0.00318554872261526	0.7587216383378627	1.0717296069978584	0.9080390999593985	1.2649282950119018	fit	1034	21	0.029361098554400673	supramolecular fiber organization, cell migration, actin cytoskeleton organization	switch_only	-0.5086276845993923	True	True	True	1.249258128763103e-06	True	TECR
caudate_sczd	ENSG00000099860	M006	True	switch_genes	343.0	157.0	1.228849841094739	0.010660698329540308	0.17582615298288773	1.3819545740935557	1.0562243359485246	1.8081371351314661	fit	343	0	0.017871150734486828		abundance_only	0.16501396755138464	False	True	True	6.938353180885315e-08	True	GADD45B
cerebellar_hemisphere	ENSG00000099860	M003	False	module_genes	933.0	425.0	1.2081705355746633	8.4745538920076e-06	0.9824318896667084	0.9930373477864146	0.841316031824618	1.1721197942228745	fit	949	6	0.4914345904277392	nucleoside triphosphate biosynthetic process, nucleotide biosynthetic process, ribonucleoside triphosphate biosynthetic process	inactive	-0.1994243964438448	False	True	True	0.0005349642016498918	False	GADD45B
substantia_nigra	ENSG00000099899	M004	False	module_genes	576.0	258.0	1.1721316905140433	0.011655702361279236	0.7781860799282974	0.918706378101362	0.7405900574511649	1.1396607349400962	fit	576	0	0.7698260082862307		discordant	-0.48243473860299385	True	True	True	0.00024708778460080794	False	TRMT2A
cerebellar_hemisphere	ENSG00000099904	M003	False	module_genes	933.0	425.0	1.2081705355746633	8.4745538920076e-06	0.9824318896667084	0.9930373477864146	0.841316031824618	1.1721197942228745	fit	949	6	0.4914345904277392	nucleoside triphosphate biosynthetic process, nucleotide biosynthetic process, ribonucleoside triphosphate biosynthetic process	discordant	-0.2143267277658738	True	True	True	0.0005349642016498918	False	ZDHHC8
cerebellar_hemisphere	ENSG00000099992	M003	False	module_genes	933.0	425.0	1.2081705355746633	8.4745538920076e-06	0.9824318896667084	0.9930373477864146	0.841316031824618	1.1721197942228745	fit	949	6	0.4914345904277392	nucleoside triphosphate biosynthetic process, nucleotide biosynthetic process, ribonucleoside triphosphate biosynthetic process	discordant	-0.5971640556831154	True	True	True	0.0005349642016498918	False	TBC1D10A
putamen_basal_ganglia	ENSG00000100029	M001	False	module_genes	1357.0	442.0	1.0912117986546874	0.047881382694560784	0.0006194345015300029	1.534058117962331	1.283783885217848	1.8331234223950292	fit	1362	2	0.621535394693187	cellular component organization, cellular component organization or biogenesis	coupled	-0.5835179790555058	True	True	True	0.11466035574580133	False	PES1
cerebellar_hemisphere	ENSG00000100124	M003	False	module_genes	933.0	425.0	1.2081705355746633	8.4745538920076e-06	0.9824318896667084	0.9930373477864146	0.841316031824618	1.1721197942228745	fit	949	6	0.4914345904277392	nucleoside triphosphate biosynthetic process, nucleotide biosynthetic process, ribonucleoside triphosphate biosynthetic process	discordant	-0.5423061337205193	True	True	True	0.0005349642016498918	False	ANKRD54
putamen_basal_ganglia	ENSG00000100138	M001	False	module_genes	1357.0	442.0	1.0912117986546874	0.047881382694560784	0.0006194345015300029	1.534058117962331	1.283783885217848	1.8331234223950292	fit	1362	2	0.621535394693187	cellular component organization, cellular component organization or biogenesis	coupled	-0.4065596952415848	True	True	True	0.11466035574580133	False	SNU13
cerebellar_hemisphere	ENSG00000100151	M003	False	module_genes	933.0	425.0	1.2081705355746633	8.4745538920076e-06	0.9824318896667084	0.9930373477864146	0.841316031824618	1.1721197942228745	fit	949	6	0.4914345904277392	nucleoside triphosphate biosynthetic process, nucleotide biosynthetic process, ribonucleoside triphosphate biosynthetic process	discordant	-0.5441825835466503	True	True	True	0.0005349642016498918	False	PICK1
cerebellar_hemisphere	ENSG00000100218	M003	False	module_genes	933.0	425.0	1.2081705355746633	8.4745538920076e-06	0.9824318896667084	0.9930373477864146	0.841316031824618	1.1721197942228745	fit	949	6	0.4914345904277392	nucleoside triphosphate biosynthetic process, nucleotide biosynthetic process, ribonucleoside triphosphate biosynthetic process	switch_only	-0.22553980859598746	True	True	True	0.0005349642016498918	False	RSPH14
putamen_basal_ganglia	ENSG00000100220	M001	False	module_genes	1357.0	442.0	1.0912117986546874	0.047881382694560784	0.0006194345015300029	1.534058117962331	1.283783885217848	1.8331234223950292	fit	1362	2	0.621535394693187	cellular component organization, cellular component organization or biogenesis	abundance_only		False	True	True	0.11466035574580133	False	RTCB
cerebellar_hemisphere	ENSG00000100288	M003	False	module_genes	933.0	425.0	1.2081705355746633	8.4745538920076e-06	0.9824318896667084	0.9930373477864146	0.841316031824618	1.1721197942228745	fit	949	6	0.4914345904277392	nucleoside triphosphate biosynthetic process, nucleotide biosynthetic process, ribonucleoside triphosphate biosynthetic process	discordant	-0.2786206635127931	True	True	True	0.0005349642016498918	False	CHKB
frontal_cortex_ba9	ENSG00000100300	M002	False	switch_genes	944.0	397.0	1.1557051891629841	0.00318554872261526	0.7587216383378627	1.0717296069978584	0.9080390999593985	1.2649282950119018	fit	1034	21	0.029361098554400673	supramolecular fiber organization, cell migration, actin cytoskeleton organization	abundance_only		False	True	True	1.249258128763103e-06	True	TSPO
putamen_basal_ganglia	ENSG00000100304	M001	False	module_genes	1357.0	442.0	1.0912117986546874	0.047881382694560784	0.0006194345015300029	1.534058117962331	1.283783885217848	1.8331234223950292	fit	1362	2	0.621535394693187	cellular component organization, cellular component organization or biogenesis	coupled	-0.6553644228505661	True	True	True	0.11466035574580133	False	TTLL12
cerebellar_hemisphere	ENSG00000100324	M003	False	module_genes	933.0	425.0	1.2081705355746633	8.4745538920076e-06	0.9824318896667084	0.9930373477864146	0.841316031824618	1.1721197942228745	fit	949	6	0.4914345904277392	nucleoside triphosphate biosynthetic process, nucleotide biosynthetic process, ribonucleoside triphosphate biosynthetic process	abundance_only		False	True	True	0.0005349642016498918	False	TAB1
cerebellar_hemisphere	ENSG00000100347	M003	False	module_genes	933.0	425.0	1.2081705355746633	8.4745538920076e-06	0.9824318896667084	0.9930373477864146	0.841316031824618	1.1721197942228745	fit	949	6	0.4914345904277392	nucleoside triphosphate biosynthetic process, nucleotide biosynthetic process, ribonucleoside triphosphate biosynthetic process	coupled	-0.5275629227269689	True	True	True	0.0005349642016498918	False	SAMM50
putamen_basal_ganglia	ENSG00000100353	M001	False	module_genes	1357.0	442.0	1.0912117986546874	0.047881382694560784	0.0006194345015300029	1.534058117962331	1.283783885217848	1.8331234223950292	fit	1362	2	0.621535394693187	cellular component organization, cellular component organization or biogenesis	coupled	-0.5301858698595147	True	True	True	0.11466035574580133	False	EIF3D
substantia_nigra	ENSG00000100359	M004	False	module_genes	576.0	258.0	1.1721316905140433	0.011655702361279236	0.7781860799282974	0.918706378101362	0.7405900574511649	1.1396607349400962	fit	576	0	0.7698260082862307		discordant	-0.3608935873202011	True	True	True	0.00024708778460080794	False	SGSM3
substantia_nigra	ENSG00000100360	M004	False	module_genes	576.0	258.0	1.1721316905140433	0.011655702361279236	0.7781860799282974	0.918706378101362	0.7405900574511649	1.1396607349400962	fit	576	0	0.7698260082862307		discordant	-0.45234356364819783	True	True	True	0.00024708778460080794	False	IFT27
cerebellar_hemisphere	ENSG00000100379	M003	False	module_genes	933.0	425.0	1.2081705355746633	8.4745538920076e-06	0.9824318896667084	0.9930373477864146	0.841316031824618	1.1721197942228745	fit	949	6	0.4914345904277392	nucleoside triphosphate biosynthetic process, nucleotide biosynthetic process, ribonucleoside triphosphate biosynthetic process	discordant	-0.37827286766147417	True	True	True	0.0005349642016498918	False	KCTD17
frontal_cortex_ba9	ENSG00000100379	M002	False	switch_genes	944.0	397.0	1.1557051891629841	0.00318554872261526	0.7587216383378627	1.0717296069978584	0.9080390999593985	1.2649282950119018	fit	1034	21	0.029361098554400673	supramolecular fiber organization, cell migration, actin cytoskeleton organization	discordant	-0.6829180070832804	True	True	True	1.249258128763103e-06	True	KCTD17
substantia_nigra	ENSG00000100395	M004	False	module_genes	576.0	258.0	1.1721316905140433	0.011655702361279236	0.7781860799282974	0.918706378101362	0.7405900574511649	1.1396607349400962	fit	576	0	0.7698260082862307		discordant	-0.6950771301705779	True	True	True	0.00024708778460080794	False	L3MBTL2
frontal_cortex_ba9	ENSG00000100413	M002	False	switch_genes	944.0	397.0	1.1557051891629841	0.00318554872261526	0.7587216383378627	1.0717296069978584	0.9080390999593985	1.2649282950119018	fit	1034	21	0.029361098554400673	supramolecular fiber organization, cell migration, actin cytoskeleton organization	discordant	-0.6217519050444872	True	True	True	1.249258128763103e-06	True	POLR3H
caudate_sczd	ENSG00000100416	M006	True	switch_genes	343.0	157.0	1.228849841094739	0.010660698329540308	0.17582615298288773	1.3819545740935557	1.0562243359485246	1.8081371351314661	fit	343	0	0.017871150734486828		discordant	0.5476084139223915	True	True	True	6.938353180885315e-08	True	TRMU
cerebellar_hemisphere	ENSG00000100416	M003	False	module_genes	933.0	425.0	1.2081705355746633	8.4745538920076e-06	0.9824318896667084	0.9930373477864146	0.841316031824618	1.1721197942228745	fit	949	6	0.4914345904277392	nucleoside triphosphate biosynthetic process, nucleotide biosynthetic process, ribonucleoside triphosphate biosynthetic process	discordant	-0.5876587656601185	True	True	True	0.0005349642016498918	False	TRMU
frontal_cortex_ba9	ENSG00000100439	M002	False	switch_genes	944.0	397.0	1.1557051891629841	0.00318554872261526	0.7587216383378627	1.0717296069978584	0.9080390999593985	1.2649282950119018	fit	1034	21	0.029361098554400673	supramolecular fiber organization, cell migration, actin cytoskeleton organization	abundance_only		False	True	True	1.249258128763103e-06	True	ABHD4
cerebellar_hemisphere	ENSG00000100445	M003	False	module_genes	933.0	425.0	1.2081705355746633	8.4745538920076e-06	0.9824318896667084	0.9930373477864146	0.841316031824618	1.1721197942228745	fit	949	6	0.4914345904277392	nucleoside triphosphate biosynthetic process, nucleotide biosynthetic process, ribonucleoside triphosphate biosynthetic process	discordant	-0.7304671281358771	True	True	True	0.0005349642016498918	False	SDR39U1
frontal_cortex_ba9	ENSG00000100485	M002	False	switch_genes	944.0	397.0	1.1557051891629841	0.00318554872261526	0.7587216383378627	1.0717296069978584	0.9080390999593985	1.2649282950119018	fit	1034	21	0.029361098554400673	supramolecular fiber organization, cell migration, actin cytoskeleton organization	abundance_only		False	True	True	1.249258128763103e-06	True	SOS2
cerebellar_hemisphere	ENSG00000100505	M003	False	module_genes	933.0	425.0	1.2081705355746633	8.4745538920076e-06	0.9824318896667084	0.9930373477864146	0.841316031824618	1.1721197942228745	fit	949	6	0.4914345904277392	nucleoside triphosphate biosynthetic process, nucleotide biosynthetic process, ribonucleoside triphosphate biosynthetic process	abundance_only	-0.14211459896023226	False	True	True	0.0005349642016498918	False	TRIM9
frontal_cortex_ba9	ENSG00000100505	M002	False	switch_genes	944.0	397.0	1.1557051891629841	0.00318554872261526	0.7587216383378627	1.0717296069978584	0.9080390999593985	1.2649282950119018	fit	1034	21	0.029361098554400673	supramolecular fiber organization, cell migration, actin cytoskeleton organization	discordant	-0.7513903943240587	True	True	True	1.249258128763103e-06	True	TRIM9
putamen_basal_ganglia	ENSG00000100605	M001	False	module_genes	1357.0	442.0	1.0912117986546874	0.047881382694560784	0.0006194345015300029	1.534058117962331	1.283783885217848	1.8331234223950292	fit	1362	2	0.621535394693187	cellular component organization, cellular component organization or biogenesis	coupled	-0.6704332254735792	True	True	True	0.11466035574580133	False	ITPK1
putamen_basal_ganglia	ENSG00000100726	M001	False	module_genes	1357.0	442.0	1.0912117986546874	0.047881382694560784	0.0006194345015300029	1.534058117962331	1.283783885217848	1.8331234223950292	fit	1362	2	0.621535394693187	cellular component organization, cellular component organization or biogenesis	coupled	-0.6930496380139637	True	True	True	0.11466035574580133	False	TELO2
frontal_cortex_ba9	ENSG00000100906	M002	False	switch_genes	944.0	397.0	1.1557051891629841	0.00318554872261526	0.7587216383378627	1.0717296069978584	0.9080390999593985	1.2649282950119018	fit	1034	21	0.029361098554400673	supramolecular fiber organization, cell migration, actin cytoskeleton organization	abundance_only		False	True	True	1.249258128763103e-06	True	NFKBIA
cerebellar_hemisphere	ENSG00000100949	M003	False	module_genes	933.0	425.0	1.2081705355746633	8.4745538920076e-06	0.9824318896667084	0.9930373477864146	0.841316031824618	1.1721197942228745	fit	949	6	0.4914345904277392	nucleoside triphosphate biosynthetic process, nucleotide biosynthetic process, ribonucleoside triphosphate biosynthetic process	coupled	-0.6502228919017766	True	True	True	0.0005349642016498918	False	RABGGTA
frontal_cortex_ba9	ENSG00000100949	M002	False	switch_genes	944.0	397.0	1.1557051891629841	0.00318554872261526	0.7587216383378627	1.0717296069978584	0.9080390999593985	1.2649282950119018	fit	1034	21	0.029361098554400673	supramolecular fiber organization, cell migration, actin cytoskeleton organization	discordant	-0.47351313215497237	True	True	True	1.249258128763103e-06	True	RABGGTA
cerebellar_hemisphere	ENSG00000100987	M003	False	module_genes	933.0	425.0	1.2081705355746633	8.4745538920076e-06	0.9824318896667084	0.9930373477864146	0.841316031824618	1.1721197942228745	fit	949	6	0.4914345904277392	nucleoside triphosphate biosynthetic process, nucleotide biosynthetic process, ribonucleoside triphosphate biosynthetic process	discordant	-0.32433161806800936	True	True	True	0.0005349642016498918	False	VSX1
putamen_basal_ganglia	ENSG00000100987	M001	False	module_genes	1357.0	442.0	1.0912117986546874	0.047881382694560784	0.0006194345015300029	1.534058117962331	1.283783885217848	1.8331234223950292	fit	1362	2	0.621535394693187	cellular component organization, cellular component organization or biogenesis	discordant	-0.2014779663811956	True	True	True	0.11466035574580133	False	VSX1
frontal_cortex_ba9	ENSG00000101144	M002	False	switch_genes	944.0	397.0	1.1557051891629841	0.00318554872261526	0.7587216383378627	1.0717296069978584	0.9080390999593985	1.2649282950119018	fit	1034	21	0.029361098554400673	supramolecular fiber organization, cell migration, actin cytoskeleton organization	abundance_only		False	True	True	1.249258128763103e-06	True	BMP7
caudate_sczd	ENSG00000101158	M006	True	switch_genes	343.0	157.0	1.228849841094739	0.010660698329540308	0.17582615298288773	1.3819545740935557	1.0562243359485246	1.8081371351314661	fit	343	0	0.017871150734486828		discordant	0.7915544862322917	True	True	True	6.938353180885315e-08	True	NELFCD
cerebellar_hemisphere	ENSG00000101160	M003	False	module_genes	933.0	425.0	1.2081705355746633	8.4745538920076e-06	0.9824318896667084	0.9930373477864146	0.841316031824618	1.1721197942228745	fit	949	6	0.4914345904277392	nucleoside triphosphate biosynthetic process, nucleotide biosynthetic process, ribonucleoside triphosphate biosynthetic process	coupled	-0.3166177606761095	True	True	True	0.0005349642016498918	False	CTSZ
putamen_basal_ganglia	ENSG00000101337	M001	False	module_genes	1357.0	442.0	1.0912117986546874	0.047881382694560784	0.0006194345015300029	1.534058117962331	1.283783885217848	1.8331234223950292	fit	1362	2	0.621535394693187	cellular component organization, cellular component organization or biogenesis	coupled	-0.6156019600774402	True	True	True	0.11466035574580133	False	TM9SF4
substantia_nigra	ENSG00000101361	M004	False	module_genes	576.0	258.0	1.1721316905140433	0.011655702361279236	0.7781860799282974	0.918706378101362	0.7405900574511649	1.1396607349400962	fit	576	0	0.7698260082862307		discordant	-0.34884962578830336	True	True	True	0.00024708778460080794	False	NOP56
putamen_basal_ganglia	ENSG00000101445	M001	False	module_genes	1357.0	442.0	1.0912117986546874	0.047881382694560784	0.0006194345015300029	1.534058117962331	1.283783885217848	1.8331234223950292	fit	1362	2	0.621535394693187	cellular component organization, cellular component organization or biogenesis	coupled	-0.6904827784642062	True	True	True	0.11466035574580133	False	PPP1R16B
cerebellar_hemisphere	ENSG00000101473	M003	False	module_genes	933.0	425.0	1.2081705355746633	8.4745538920076e-06	0.9824318896667084	0.9930373477864146	0.841316031824618	1.1721197942228745	fit	949	6	0.4914345904277392	nucleoside triphosphate biosynthetic process, nucleotide biosynthetic process, ribonucleoside triphosphate biosynthetic process	coupled	-0.4710850822165693	True	True	True	0.0005349642016498918	False	ACOT8
frontal_cortex_ba9	ENSG00000101493	M002	False	switch_genes	944.0	397.0	1.1557051891629841	0.00318554872261526	0.7587216383378627	1.0717296069978584	0.9080390999593985	1.2649282950119018	fit	1034	21	0.029361098554400673	supramolecular fiber organization, cell migration, actin cytoskeleton organization	abundance_only		False	True	True	1.249258128763103e-06	True	ZNF516
putamen_basal_ganglia	ENSG00000101493	M001	False	module_genes	1357.0	442.0	1.0912117986546874	0.047881382694560784	0.0006194345015300029	1.534058117962331	1.283783885217848	1.8331234223950292	fit	1362	2	0.621535394693187	cellular component organization, cellular component organization or biogenesis	coupled	-0.6026775205715327	True	True	True	0.11466035574580133	False	ZNF516
caudate_sczd	ENSG00000101546	M006	True	switch_genes	343.0	157.0	1.228849841094739	0.010660698329540308	0.17582615298288773	1.3819545740935557	1.0562243359485246	1.8081371351314661	fit	343	0	0.017871150734486828		discordant	0.6370150733644144	True	True	True	6.938353180885315e-08	True	RBFA
frontal_cortex_ba9	ENSG00000101605	M002	False	switch_genes	944.0	397.0	1.1557051891629841	0.00318554872261526	0.7587216383378627	1.0717296069978584	0.9080390999593985	1.2649282950119018	fit	1034	21	0.029361098554400673	supramolecular fiber organization, cell migration, actin cytoskeleton organization	abundance_only		False	True	True	1.249258128763103e-06	True	MYOM1
frontal_cortex_ba9	ENSG00000101695	M002	False	switch_genes	944.0	397.0	1.1557051891629841	0.00318554872261526	0.7587216383378627	1.0717296069978584	0.9080390999593985	1.2649282950119018	fit	1034	21	0.029361098554400673	supramolecular fiber organization, cell migration, actin cytoskeleton organization	abundance_only		False	True	True	1.249258128763103e-06	True	RNF125
frontal_cortex_ba9	ENSG00000101811	M002	False	switch_genes	944.0	397.0	1.1557051891629841	0.00318554872261526	0.7587216383378627	1.0717296069978584	0.9080390999593985	1.2649282950119018	fit	1034	21	0.029361098554400673	supramolecular fiber organization, cell migration, actin cytoskeleton organization	discordant	-0.7686933807292226	True	True	True	1.249258128763103e-06	True	CSTF2
frontal_cortex_ba9	ENSG00000101940	M002	False	switch_genes	944.0	397.0	1.1557051891629841	0.00318554872261526	0.7587216383378627	1.0717296069978584	0.9080390999593985	1.2649282950119018	fit	1034	21	0.029361098554400673	supramolecular fiber organization, cell migration, actin cytoskeleton organization	discordant	-0.5252859088740442	True	True	True	1.249258128763103e-06	True	WDR13
frontal_cortex_ba9	ENSG00000102007	M002	False	switch_genes	944.0	397.0	1.1557051891629841	0.00318554872261526	0.7587216383378627	1.0717296069978584	0.9080390999593985	1.2649282950119018	fit	1034	21	0.029361098554400673	supramolecular fiber organization, cell migration, actin cytoskeleton organization	abundance_only		False	True	True	1.249258128763103e-06	True	PLP2
cerebellar_hemisphere	ENSG00000102030	M003	False	module_genes	933.0	425.0	1.2081705355746633	8.4745538920076e-06	0.9824318896667084	0.9930373477864146	0.841316031824618	1.1721197942228745	fit	949	6	0.4914345904277392	nucleoside triphosphate biosynthetic process, nucleotide biosynthetic process, ribonucleoside triphosphate biosynthetic process	discordant	-0.8065808836575785	True	True	True	0.0005349642016498918	False	NAA10
frontal_cortex_ba9	ENSG00000102030	M002	False	switch_genes	944.0	397.0	1.1557051891629841	0.00318554872261526	0.7587216383378627	1.0717296069978584	0.9080390999593985	1.2649282950119018	fit	1034	21	0.029361098554400673	supramolecular fiber organization, cell migration, actin cytoskeleton organization	discordant	-0.39002657905789945	True	True	True	1.249258128763103e-06	True	NAA10
putamen_basal_ganglia	ENSG00000102057	M001	False	module_genes	1357.0	442.0	1.0912117986546874	0.047881382694560784	0.0006194345015300029	1.534058117962331	1.283783885217848	1.8331234223950292	fit	1362	2	0.621535394693187	cellular component organization, cellular component organization or biogenesis	coupled	-0.7506081810581005	True	True	True	0.11466035574580133	False	KCND1
frontal_cortex_ba9	ENSG00000102699	M002	False	switch_genes	944.0	397.0	1.1557051891629841	0.00318554872261526	0.7587216383378627	1.0717296069978584	0.9080390999593985	1.2649282950119018	fit	1034	21	0.029361098554400673	supramolecular fiber organization, cell migration, actin cytoskeleton organization	abundance_only		False	True	True	1.249258128763103e-06	True	PARP4
cerebellar_hemisphere	ENSG00000102858	M003	False	module_genes	933.0	425.0	1.2081705355746633	8.4745538920076e-06	0.9824318896667084	0.9930373477864146	0.841316031824618	1.1721197942228745	fit	949	6	0.4914345904277392	nucleoside triphosphate biosynthetic process, nucleotide biosynthetic process, ribonucleoside triphosphate biosynthetic process	discordant	-0.49134490456894314	True	True	True	0.0005349642016498918	False	MGRN1
substantia_nigra	ENSG00000102871	M004	False	module_genes	576.0	258.0	1.1721316905140433	0.011655702361279236	0.7781860799282974	0.918706378101362	0.7405900574511649	1.1396607349400962	fit	576	0	0.7698260082862307		abundance_only	-0.1239501392024783	False	True	True	0.00024708778460080794	False	TRADD
frontal_cortex_ba9	ENSG00000102900	M002	False	switch_genes	944.0	397.0	1.1557051891629841	0.00318554872261526	0.7587216383378627	1.0717296069978584	0.9080390999593985	1.2649282950119018	fit	1034	21	0.029361098554400673	supramolecular fiber organization, cell migration, actin cytoskeleton organization	discordant	-0.755409326462798	True	True	True	1.249258128763103e-06	True	NUP93
substantia_nigra	ENSG00000102901	M004	False	module_genes	576.0	258.0	1.1721316905140433	0.011655702361279236	0.7781860799282974	0.918706378101362	0.7405900574511649	1.1396607349400962	fit	576	0	0.7698260082862307		discordant	-0.7159823569690648	True	True	True	0.00024708778460080794	False	CENPT
cerebellar_hemisphere	ENSG00000102934	M003	False	module_genes	933.0	425.0	1.2081705355746633	8.4745538920076e-06	0.9824318896667084	0.9930373477864146	0.841316031824618	1.1721197942228745	fit	949	6	0.4914345904277392	nucleoside triphosphate biosynthetic process, nucleotide biosynthetic process, ribonucleoside triphosphate biosynthetic process	switch_only	-0.7548451583222949	True	True	True	0.0005349642016498918	False	PLLP
cerebellar_hemisphere	ENSG00000102967	M003	False	module_genes	933.0	425.0	1.2081705355746633	8.4745538920076e-06	0.9824318896667084	0.9930373477864146	0.841316031824618	1.1721197942228745	fit	949	6	0.4914345904277392	nucleoside triphosphate biosynthetic process, nucleotide biosynthetic process, ribonucleoside triphosphate biosynthetic process	discordant	-0.6066031128432496	True	True	True	0.0005349642016498918	False	DHODH
substantia_nigra	ENSG00000102967	M004	False	module_genes	576.0	258.0	1.1721316905140433	0.011655702361279236	0.7781860799282974	0.918706378101362	0.7405900574511649	1.1396607349400962	fit	576	0	0.7698260082862307		discordant	-0.6514032147366619	True	True	True	0.00024708778460080794	False	DHODH
cerebellar_hemisphere	ENSG00000102977	M003	False	module_genes	933.0	425.0	1.2081705355746633	8.4745538920076e-06	0.9824318896667084	0.9930373477864146	0.841316031824618	1.1721197942228745	fit	949	6	0.4914345904277392	nucleoside triphosphate biosynthetic process, nucleotide biosynthetic process, ribonucleoside triphosphate biosynthetic process	coupled	-0.5475686365928248	True	True	True	0.0005349642016498918	False	ACD
frontal_cortex_ba9	ENSG00000102977	M002	False	switch_genes	944.0	397.0	1.1557051891629841	0.00318554872261526	0.7587216383378627	1.0717296069978584	0.9080390999593985	1.2649282950119018	fit	1034	21	0.029361098554400673	supramolecular fiber organization, cell migration, actin cytoskeleton organization	discordant	-0.7118077387187992	True	True	True	1.249258128763103e-06	True	ACD
substantia_nigra	ENSG00000102977	M004	False	module_genes	576.0	258.0	1.1721316905140433	0.011655702361279236	0.7781860799282974	0.918706378101362	0.7405900574511649	1.1396607349400962	fit	576	0	0.7698260082862307		discordant	-0.28597876762167296	True	True	True	0.00024708778460080794	False	ACD
putamen_basal_ganglia	ENSG00000103021	M001	False	module_genes	1357.0	442.0	1.0912117986546874	0.047881382694560784	0.0006194345015300029	1.534058117962331	1.283783885217848	1.8331234223950292	fit	1362	2	0.621535394693187	cellular component organization, cellular component organization or biogenesis	coupled	-0.4404852245860391	True	True	True	0.11466035574580133	False	CFAP263
putamen_basal_ganglia	ENSG00000103089	M001	False	module_genes	1357.0	442.0	1.0912117986546874	0.047881382694560784	0.0006194345015300029	1.534058117962331	1.283783885217848	1.8331234223950292	fit	1362	2	0.621535394693187	cellular component organization, cellular component organization or biogenesis	coupled	-0.5832040264257666	True	True	True	0.11466035574580133	False	FA2H
caudate_sczd	ENSG00000103091	M006	True	switch_genes	343.0	157.0	1.228849841094739	0.010660698329540308	0.17582615298288773	1.3819545740935557	1.0562243359485246	1.8081371351314661	fit	343	0	0.017871150734486828		discordant	0.5519883458743462	True	True	True	6.938353180885315e-08	True	WDR59
cerebellar_hemisphere	ENSG00000103145	M003	False	module_genes	933.0	425.0	1.2081705355746633	8.4745538920076e-06	0.9824318896667084	0.9930373477864146	0.841316031824618	1.1721197942228745	fit	949	6	0.4914345904277392	nucleoside triphosphate biosynthetic process, nucleotide biosynthetic process, ribonucleoside triphosphate biosynthetic process	discordant	-0.472301868600443	True	True	True	0.0005349642016498918	False	HCFC1R1
frontal_cortex_ba9	ENSG00000103174	M002	False	switch_genes	944.0	397.0	1.1557051891629841	0.00318554872261526	0.7587216383378627	1.0717296069978584	0.9080390999593985	1.2649282950119018	fit	1034	21	0.029361098554400673	supramolecular fiber organization, cell migration, actin cytoskeleton organization	discordant	-0.708572724924055	True	True	True	1.249258128763103e-06	True	NAGPA
substantia_nigra	ENSG00000103175	M004	False	module_genes	576.0	258.0	1.1721316905140433	0.011655702361279236	0.7781860799282974	0.918706378101362	0.7405900574511649	1.1396607349400962	fit	576	0	0.7698260082862307		discordant	-0.2864588469427432	True	True	True	0.00024708778460080794	False	WFDC1
frontal_cortex_ba9	ENSG00000103196	M002	False	switch_genes	944.0	397.0	1.1557051891629841	0.00318554872261526	0.7587216383378627	1.0717296069978584	0.9080390999593985	1.2649282950119018	fit	1034	21	0.029361098554400673	supramolecular fiber organization, cell migration, actin cytoskeleton organization	abundance_only		False	True	True	1.249258128763103e-06	True	CRISPLD2
caudate_sczd	ENSG00000103227	M006	True	switch_genes	343.0	157.0	1.228849841094739	0.010660698329540308	0.17582615298288773	1.3819545740935557	1.0562243359485246	1.8081371351314661	fit	343	0	0.017871150734486828		discordant	0.6377127550493342	True	True	True	6.938353180885315e-08	True	LMF1
caudate_sczd	ENSG00000103245	M006	True	switch_genes	343.0	157.0	1.228849841094739	0.010660698329540308	0.17582615298288773	1.3819545740935557	1.0562243359485246	1.8081371351314661	fit	343	0	0.017871150734486828		discordant	0.7304685340262131	True	True	True	6.938353180885315e-08	True	CIAO3
cerebellar_hemisphere	ENSG00000103245	M003	False	module_genes	933.0	425.0	1.2081705355746633	8.4745538920076e-06	0.9824318896667084	0.9930373477864146	0.841316031824618	1.1721197942228745	fit	949	6	0.4914345904277392	nucleoside triphosphate biosynthetic process, nucleotide biosynthetic process, ribonucleoside triphosphate biosynthetic process	discordant	-0.6430012362937361	True	True	True	0.0005349642016498918	False	CIAO3
substantia_nigra	ENSG00000103253	M004	False	module_genes	576.0	258.0	1.1721316905140433	0.011655702361279236	0.7781860799282974	0.918706378101362	0.7405900574511649	1.1396607349400962	fit	576	0	0.7698260082862307		discordant	-0.5221095974279477	True	True	True	0.00024708778460080794	False	HAGHL
cerebellar_hemisphere	ENSG00000103254	M003	False	module_genes	933.0	425.0	1.2081705355746633	8.4745538920076e-06	0.9824318896667084	0.9930373477864146	0.841316031824618	1.1721197942228745	fit	949	6	0.4914345904277392	nucleoside triphosphate biosynthetic process, nucleotide biosynthetic process, ribonucleoside triphosphate biosynthetic process	discordant	-0.3107940730537335	True	True	True	0.0005349642016498918	False	ANTKMT
frontal_cortex_ba9	ENSG00000103260	M002	False	switch_genes	944.0	397.0	1.1557051891629841	0.00318554872261526	0.7587216383378627	1.0717296069978584	0.9080390999593985	1.2649282950119018	fit	1034	21	0.029361098554400673	supramolecular fiber organization, cell migration, actin cytoskeleton organization	discordant	-0.21816777087526482	True	True	True	1.249258128763103e-06	True	METRN
cerebellar_hemisphere	ENSG00000103269	M003	False	module_genes	933.0	425.0	1.2081705355746633	8.4745538920076e-06	0.9824318896667084	0.9930373477864146	0.841316031824618	1.1721197942228745	fit	949	6	0.4914345904277392	nucleoside triphosphate biosynthetic process, nucleotide biosynthetic process, ribonucleoside triphosphate biosynthetic process	discordant	-0.5213666686469339	True	True	True	0.0005349642016498918	False	RHBDL1
putamen_basal_ganglia	ENSG00000103326	M001	False	module_genes	1357.0	442.0	1.0912117986546874	0.047881382694560784	0.0006194345015300029	1.534058117962331	1.283783885217848	1.8331234223950292	fit	1362	2	0.621535394693187	cellular component organization, cellular component organization or biogenesis	coupled	-0.7161287475480219	True	True	True	0.11466035574580133	False	CAPN15
cerebellar_hemisphere	ENSG00000103423	M003	False	module_genes	933.0	425.0	1.2081705355746633	8.4745538920076e-06	0.9824318896667084	0.9930373477864146	0.841316031824618	1.1721197942228745	fit	949	6	0.4914345904277392	nucleoside triphosphate biosynthetic process, nucleotide biosynthetic process, ribonucleoside triphosphate biosynthetic process	abundance_only	0.189394107103889	False	True	True	0.0005349642016498918	False	DNAJA3
frontal_cortex_ba9	ENSG00000103449	M002	False	switch_genes	944.0	397.0	1.1557051891629841	0.00318554872261526	0.7587216383378627	1.0717296069978584	0.9080390999593985	1.2649282950119018	fit	1034	21	0.029361098554400673	supramolecular fiber organization, cell migration, actin cytoskeleton organization	abundance_only		False	True	True	1.249258128763103e-06	True	SALL1
caudate_sczd	ENSG00000103496	M006	True	switch_genes	343.0	157.0	1.228849841094739	0.010660698329540308	0.17582615298288773	1.3819545740935557	1.0562243359485246	1.8081371351314661	fit	343	0	0.017871150734486828		discordant	0.5670144967520656	True	True	True	6.938353180885315e-08	True	STX4
frontal_cortex_ba9	ENSG00000103710	M002	False	switch_genes	944.0	397.0	1.1557051891629841	0.00318554872261526	0.7587216383378627	1.0717296069978584	0.9080390999593985	1.2649282950119018	fit	1034	21	0.029361098554400673	supramolecular fiber organization, cell migration, actin cytoskeleton organization	abundance_only		False	True	True	1.249258128763103e-06	True	RASL12
cerebellar_hemisphere	ENSG00000103942	M003	False	module_genes	933.0	425.0	1.2081705355746633	8.4745538920076e-06	0.9824318896667084	0.9930373477864146	0.841316031824618	1.1721197942228745	fit	949	6	0.4914345904277392	nucleoside triphosphate biosynthetic process, nucleotide biosynthetic process, ribonucleoside triphosphate biosynthetic process	discordant	-0.46246600883661054	True	True	True	0.0005349642016498918	False	HOMER2
substantia_nigra	ENSG00000103942	M004	False	module_genes	576.0	258.0	1.1721316905140433	0.011655702361279236	0.7781860799282974	0.918706378101362	0.7405900574511649	1.1396607349400962	fit	576	0	0.7698260082862307		abundance_only	-0.17166044309484985	False	True	True	0.00024708778460080794	False	HOMER2
putamen_basal_ganglia	ENSG00000103995	M001	False	module_genes	1357.0	442.0	1.0912117986546874	0.047881382694560784	0.0006194345015300029	1.534058117962331	1.283783885217848	1.8331234223950292	fit	1362	2	0.621535394693187	cellular component organization, cellular component organization or biogenesis	abundance_only	-0.16975606076009372	False	True	True	0.11466035574580133	False	CEP152
putamen_basal_ganglia	ENSG00000104290	M001	False	module_genes	1357.0	442.0	1.0912117986546874	0.047881382694560784	0.0006194345015300029	1.534058117962331	1.283783885217848	1.8331234223950292	fit	1362	2	0.621535394693187	cellular component organization, cellular component organization or biogenesis	coupled	-0.2842265125443604	True	True	True	0.11466035574580133	False	FZD3
frontal_cortex_ba9	ENSG00000104324	M002	False	switch_genes	944.0	397.0	1.1557051891629841	0.00318554872261526	0.7587216383378627	1.0717296069978584	0.9080390999593985	1.2649282950119018	fit	1034	21	0.029361098554400673	supramolecular fiber organization, cell migration, actin cytoskeleton organization	abundance_only		False	True	True	1.249258128763103e-06	True	CPQ
putamen_basal_ganglia	ENSG00000104412	M001	False	module_genes	1357.0	442.0	1.0912117986546874	0.047881382694560784	0.0006194345015300029	1.534058117962331	1.283783885217848	1.8331234223950292	fit	1362	2	0.621535394693187	cellular component organization, cellular component organization or biogenesis	coupled	-0.6221036724137889	True	True	True	0.11466035574580133	False	EMC2
cerebellar_hemisphere	ENSG00000104419	M003	False	module_genes	933.0	425.0	1.2081705355746633	8.4745538920076e-06	0.9824318896667084	0.9930373477864146	0.841316031824618	1.1721197942228745	fit	949	6	0.4914345904277392	nucleoside triphosphate biosynthetic process, nucleotide biosynthetic process, ribonucleoside triphosphate biosynthetic process	abundance_only		False	True	True	0.0005349642016498918	False	NDRG1
frontal_cortex_ba9	ENSG00000104419	M002	False	switch_genes	944.0	397.0	1.1557051891629841	0.00318554872261526	0.7587216383378627	1.0717296069978584	0.9080390999593985	1.2649282950119018	fit	1034	21	0.029361098554400673	supramolecular fiber organization, cell migration, actin cytoskeleton organization	abundance_only		False	True	True	1.249258128763103e-06	True	NDRG1
cerebellar_hemisphere	ENSG00000104524	M003	False	module_genes	933.0	425.0	1.2081705355746633	8.4745538920076e-06	0.9824318896667084	0.9930373477864146	0.841316031824618	1.1721197942228745	fit	949	6	0.4914345904277392	nucleoside triphosphate biosynthetic process, nucleotide biosynthetic process, ribonucleoside triphosphate biosynthetic process	coupled	-0.4143305141023117	True	True	True	0.0005349642016498918	False	PYCR3
cerebellar_hemisphere	ENSG00000104529	M003	False	module_genes	933.0	425.0	1.2081705355746633	8.4745538920076e-06	0.9824318896667084	0.9930373477864146	0.841316031824618	1.1721197942228745	fit	949	6	0.4914345904277392	nucleoside triphosphate biosynthetic process, nucleotide biosynthetic process, ribonucleoside triphosphate biosynthetic process	discordant	-0.5990387382847866	True	True	True	0.0005349642016498918	False	EEF1D
frontal_cortex_ba9	ENSG00000104611	M002	False	switch_genes	944.0	397.0	1.1557051891629841	0.00318554872261526	0.7587216383378627	1.0717296069978584	0.9080390999593985	1.2649282950119018	fit	1034	21	0.029361098554400673	supramolecular fiber organization, cell migration, actin cytoskeleton organization	abundance_only		False	True	True	1.249258128763103e-06	True	SH2D4A
frontal_cortex_ba9	ENSG00000104689	M002	False	switch_genes	944.0	397.0	1.1557051891629841	0.00318554872261526	0.7587216383378627	1.0717296069978584	0.9080390999593985	1.2649282950119018	fit	1034	21	0.029361098554400673	supramolecular fiber organization, cell migration, actin cytoskeleton organization	abundance_only		False	True	True	1.249258128763103e-06	True	TNFRSF10A
cerebellar_hemisphere	ENSG00000104714	M003	False	module_genes	933.0	425.0	1.2081705355746633	8.4745538920076e-06	0.9824318896667084	0.9930373477864146	0.841316031824618	1.1721197942228745	fit	949	6	0.4914345904277392	nucleoside triphosphate biosynthetic process, nucleotide biosynthetic process, ribonucleoside triphosphate biosynthetic process	discordant	-0.43361707438666675	True	True	True	0.0005349642016498918	False	ERICH1
caudate_sczd	ENSG00000104774	M006	True	switch_genes	343.0	157.0	1.228849841094739	0.010660698329540308	0.17582615298288773	1.3819545740935557	1.0562243359485246	1.8081371351314661	fit	343	0	0.017871150734486828		discordant	0.73659750289387	True	True	True	6.938353180885315e-08	True	MAN2B1
putamen_basal_ganglia	ENSG00000104825	M001	False	module_genes	1357.0	442.0	1.0912117986546874	0.047881382694560784	0.0006194345015300029	1.534058117962331	1.283783885217848	1.8331234223950292	fit	1362	2	0.621535394693187	cellular component organization, cellular component organization or biogenesis	coupled	-0.26359391009573196	True	True	True	0.11466035574580133	False	NFKBIB
caudate_sczd	ENSG00000104835	M006	True	switch_genes	343.0	157.0	1.228849841094739	0.010660698329540308	0.17582615298288773	1.3819545740935557	1.0562243359485246	1.8081371351314661	fit	343	0	0.017871150734486828		switch_only	0.7182057025830669	True	True	True	6.938353180885315e-08	True	SARS2
substantia_nigra	ENSG00000104859	M004	False	module_genes	576.0	258.0	1.1721316905140433	0.011655702361279236	0.7781860799282974	0.918706378101362	0.7405900574511649	1.1396607349400962	fit	576	0	0.7698260082862307		discordant	-0.4238244954382159	True	True	True	0.00024708778460080794	False	CLASRP
substantia_nigra	ENSG00000104863	M004	False	module_genes	576.0	258.0	1.1721316905140433	0.011655702361279236	0.7781860799282974	0.918706378101362	0.7405900574511649	1.1396607349400962	fit	576	0	0.7698260082862307		abundance_only	-0.16012019093449806	False	True	True	0.00024708778460080794	False	LIN7B
cerebellar_hemisphere	ENSG00000104866	M003	False	module_genes	933.0	425.0	1.2081705355746633	8.4745538920076e-06	0.9824318896667084	0.9930373477864146	0.841316031824618	1.1721197942228745	fit	949	6	0.4914345904277392	nucleoside triphosphate biosynthetic process, nucleotide biosynthetic process, ribonucleoside triphosphate biosynthetic process	discordant	-0.6546885150189412	True	True	True	0.0005349642016498918	False	PPP1R37
cerebellar_hemisphere	ENSG00000104872	M003	False	module_genes	933.0	425.0	1.2081705355746633	8.4745538920076e-06	0.9824318896667084	0.9930373477864146	0.841316031824618	1.1721197942228745	fit	949	6	0.4914345904277392	nucleoside triphosphate biosynthetic process, nucleotide biosynthetic process, ribonucleoside triphosphate biosynthetic process	discordant	-0.745913342308789	True	True	True	0.0005349642016498918	False	PIH1D1
caudate_sczd	ENSG00000104946	M006	True	switch_genes	343.0	157.0	1.228849841094739	0.010660698329540308	0.17582615298288773	1.3819545740935557	1.0562243359485246	1.8081371351314661	fit	343	0	0.017871150734486828		discordant	0.7539435984917343	True	True	True	6.938353180885315e-08	True	TBC1D17
frontal_cortex_ba9	ENSG00000104957	M002	False	switch_genes	944.0	397.0	1.1557051891629841	0.00318554872261526	0.7587216383378627	1.0717296069978584	0.9080390999593985	1.2649282950119018	fit	1034	21	0.029361098554400673	supramolecular fiber organization, cell migration, actin cytoskeleton organization	inactive	-0.10200673454683137	False	True	True	1.249258128763103e-06	True	YJU2B
cerebellar_hemisphere	ENSG00000104960	M003	False	module_genes	933.0	425.0	1.2081705355746633	8.4745538920076e-06	0.9824318896667084	0.9930373477864146	0.841316031824618	1.1721197942228745	fit	949	6	0.4914345904277392	nucleoside triphosphate biosynthetic process, nucleotide biosynthetic process, ribonucleoside triphosphate biosynthetic process	discordant	-0.8201778854836927	True	True	True	0.0005349642016498918	False	PTOV1
frontal_cortex_ba9	ENSG00000104960	M002	False	switch_genes	944.0	397.0	1.1557051891629841	0.00318554872261526	0.7587216383378627	1.0717296069978584	0.9080390999593985	1.2649282950119018	fit	1034	21	0.029361098554400673	supramolecular fiber organization, cell migration, actin cytoskeleton organization	discordant	-0.319802364555405	True	True	True	1.249258128763103e-06	True	PTOV1
substantia_nigra	ENSG00000104960	M004	False	module_genes	576.0	258.0	1.1721316905140433	0.011655702361279236	0.7781860799282974	0.918706378101362	0.7405900574511649	1.1396607349400962	fit	576	0	0.7698260082862307		discordant	-0.2216130089234361	True	True	True	0.00024708778460080794	False	PTOV1
frontal_cortex_ba9	ENSG00000105053	M002	False	switch_genes	944.0	397.0	1.1557051891629841	0.00318554872261526	0.7587216383378627	1.0717296069978584	0.9080390999593985	1.2649282950119018	fit	1034	21	0.029361098554400673	supramolecular fiber organization, cell migration, actin cytoskeleton organization	discordant	-0.49821473262297394	True	True	True	1.249258128763103e-06	True	VRK3
substantia_nigra	ENSG00000105085	M004	False	module_genes	576.0	258.0	1.1721316905140433	0.011655702361279236	0.7781860799282974	0.918706378101362	0.7405900574511649	1.1396607349400962	fit	576	0	0.7698260082862307		discordant	-0.2904858138642777	True	True	True	0.00024708778460080794	False	MED26
putamen_basal_ganglia	ENSG00000105088	M001	False	module_genes	1357.0	442.0	1.0912117986546874	0.047881382694560784	0.0006194345015300029	1.534058117962331	1.283783885217848	1.8331234223950292	fit	1362	2	0.621535394693187	cellular component organization, cellular component organization or biogenesis	switch_only	-0.4867339091157714	True	True	True	0.11466035574580133	False	OLFM2
cerebellar_hemisphere	ENSG00000105135	M003	False	module_genes	933.0	425.0	1.2081705355746633	8.4745538920076e-06	0.9824318896667084	0.9930373477864146	0.841316031824618	1.1721197942228745	fit	949	6	0.4914345904277392	nucleoside triphosphate biosynthetic process, nucleotide biosynthetic process, ribonucleoside triphosphate biosynthetic process	discordant	-0.7541349788703599	True	True	True	0.0005349642016498918	False	ILVBL
putamen_basal_ganglia	ENSG00000105135	M001	False	module_genes	1357.0	442.0	1.0912117986546874	0.047881382694560784	0.0006194345015300029	1.534058117962331	1.283783885217848	1.8331234223950292	fit	1362	2	0.621535394693187	cellular component organization, cellular component organization or biogenesis	abundance_only	-0.09440650785762802	False	True	True	0.11466035574580133	False	ILVBL
cerebellar_hemisphere	ENSG00000105255	M003	False	module_genes	933.0	425.0	1.2081705355746633	8.4745538920076e-06	0.9824318896667084	0.9930373477864146	0.841316031824618	1.1721197942228745	fit	949	6	0.4914345904277392	nucleoside triphosphate biosynthetic process, nucleotide biosynthetic process, ribonucleoside triphosphate biosynthetic process	discordant	-0.3482510960986791	True	True	True	0.0005349642016498918	False	FSD1
substantia_nigra	ENSG00000105255	M004	False	module_genes	576.0	258.0	1.1721316905140433	0.011655702361279236	0.7781860799282974	0.918706378101362	0.7405900574511649	1.1396607349400962	fit	576	0	0.7698260082862307		abundance_only	-0.1811281055325525	False	True	True	0.00024708778460080794	False	FSD1
putamen_basal_ganglia	ENSG00000105290	M001	False	module_genes	1357.0	442.0	1.0912117986546874	0.047881382694560784	0.0006194345015300029	1.534058117962331	1.283783885217848	1.8331234223950292	fit	1362	2	0.621535394693187	cellular component organization, cellular component organization or biogenesis	coupled	-0.4986371309991392	True	True	True	0.11466035574580133	False	APLP1
frontal_cortex_ba9	ENSG00000105321	M002	False	switch_genes	944.0	397.0	1.1557051891629841	0.00318554872261526	0.7587216383378627	1.0717296069978584	0.9080390999593985	1.2649282950119018	fit	1034	21	0.029361098554400673	supramolecular fiber organization, cell migration, actin cytoskeleton organization	switch_only	-0.44373629444624446	True	True	True	1.249258128763103e-06	True	CCDC9
frontal_cortex_ba9	ENSG00000105355	M002	False	switch_genes	944.0	397.0	1.1557051891629841	0.00318554872261526	0.7587216383378627	1.0717296069978584	0.9080390999593985	1.2649282950119018	fit	1034	21	0.029361098554400673	supramolecular fiber organization, cell migration, actin cytoskeleton organization	abundance_only		False	True	True	1.249258128763103e-06	True	PLIN3
frontal_cortex_ba9	ENSG00000105357	M002	False	switch_genes	944.0	397.0	1.1557051891629841	0.00318554872261526	0.7587216383378627	1.0717296069978584	0.9080390999593985	1.2649282950119018	fit	1034	21	0.029361098554400673	supramolecular fiber organization, cell migration, actin cytoskeleton organization	coupled	-0.7357687341118969	True	True	True	1.249258128763103e-06	True	MYH14
cerebellar_hemisphere	ENSG00000105364	M003	False	module_genes	933.0	425.0	1.2081705355746633	8.4745538920076e-06	0.9824318896667084	0.9930373477864146	0.841316031824618	1.1721197942228745	fit	949	6	0.4914345904277392	nucleoside triphosphate biosynthetic process, nucleotide biosynthetic process, ribonucleoside triphosphate biosynthetic process	discordant	-0.6083799750706355	True	True	True	0.0005349642016498918	False	MRPL4
substantia_nigra	ENSG00000105364	M004	False	module_genes	576.0	258.0	1.1721316905140433	0.011655702361279236	0.7781860799282974	0.918706378101362	0.7405900574511649	1.1396607349400962	fit	576	0	0.7698260082862307		coupled	-0.32294852849301964	True	True	True	0.00024708778460080794	False	MRPL4
cerebellar_hemisphere	ENSG00000105379	M003	False	module_genes	933.0	425.0	1.2081705355746633	8.4745538920076e-06	0.9824318896667084	0.9930373477864146	0.841316031824618	1.1721197942228745	fit	949	6	0.4914345904277392	nucleoside triphosphate biosynthetic process, nucleotide biosynthetic process, ribonucleoside triphosphate biosynthetic process	coupled	-0.29466940417049164	True	True	True	0.0005349642016498918	False	ETFB
substantia_nigra	ENSG00000105401	M004	False	module_genes	576.0	258.0	1.1721316905140433	0.011655702361279236	0.7781860799282974	0.918706378101362	0.7405900574511649	1.1396607349400962	fit	576	0	0.7698260082862307		discordant	-0.5915135170241993	True	True	True	0.00024708778460080794	False	CDC37
cerebellar_hemisphere	ENSG00000105402	M003	False	module_genes	933.0	425.0	1.2081705355746633	8.4745538920076e-06	0.9824318896667084	0.9930373477864146	0.841316031824618	1.1721197942228745	fit	949	6	0.4914345904277392	nucleoside triphosphate biosynthetic process, nucleotide biosynthetic process, ribonucleoside triphosphate biosynthetic process	coupled	-0.8353643317753412	True	True	True	0.0005349642016498918	False	NAPA
putamen_basal_ganglia	ENSG00000105429	M001	False	module_genes	1357.0	442.0	1.0912117986546874	0.047881382694560784	0.0006194345015300029	1.534058117962331	1.283783885217848	1.8331234223950292	fit	1362	2	0.621535394693187	cellular component organization, cellular component organization or biogenesis	discordant	-0.6617700892776412	True	True	True	0.11466035574580133	False	MEGF8
cerebellar_hemisphere	ENSG00000105438	M003	False	module_genes	933.0	425.0	1.2081705355746633	8.4745538920076e-06	0.9824318896667084	0.9930373477864146	0.841316031824618	1.1721197942228745	fit	949	6	0.4914345904277392	nucleoside triphosphate biosynthetic process, nucleotide biosynthetic process, ribonucleoside triphosphate biosynthetic process	discordant	-0.25674512008908984	True	True	True	0.0005349642016498918	False	KDELR1
substantia_nigra	ENSG00000105443	M004	False	module_genes	576.0	258.0	1.1721316905140433	0.011655702361279236	0.7781860799282974	0.918706378101362	0.7405900574511649	1.1396607349400962	fit	576	0	0.7698260082862307		discordant	-0.45960171961981916	True	True	True	0.00024708778460080794	False	CYTH2
hypothalamus	ENSG00000105479	M014	False	switch_genes	87.0	41.0	1.727969348659004	0.002694740306695324	0.0755268998708689	2.112315999719547	1.2640840959982327	3.5297326315522497	fit	99	31	0.04475469901505802	cilium movement, cilium-dependent cell motility, cilium or flagellum-dependent cell motility	discordant	0.25785910742810825	True	True	True	1.0	True	ODAD1
cerebellar_hemisphere	ENSG00000105519	M003	False	module_genes	933.0	425.0	1.2081705355746633	8.4745538920076e-06	0.9824318896667084	0.9930373477864146	0.841316031824618	1.1721197942228745	fit	949	6	0.4914345904277392	nucleoside triphosphate biosynthetic process, nucleotide biosynthetic process, ribonucleoside triphosphate biosynthetic process	inactive	-0.1338382204163453	False	True	True	0.0005349642016498918	False	CAPS
putamen_basal_ganglia	ENSG00000105538	M001	False	module_genes	1357.0	442.0	1.0912117986546874	0.047881382694560784	0.0006194345015300029	1.534058117962331	1.283783885217848	1.8331234223950292	fit	1362	2	0.621535394693187	cellular component organization, cellular component organization or biogenesis	switch_only	-0.5598663679855975	True	True	True	0.11466035574580133	False	RASIP1
putamen_basal_ganglia	ENSG00000105556	M001	False	module_genes	1357.0	442.0	1.0912117986546874	0.047881382694560784	0.0006194345015300029	1.534058117962331	1.283783885217848	1.8331234223950292	fit	1362	2	0.621535394693187	cellular component organization, cellular component organization or biogenesis	coupled	-0.538961967979061	True	True	True	0.11466035574580133	False	MIER2
cerebellar_hemisphere	ENSG00000105618	M003	False	module_genes	933.0	425.0	1.2081705355746633	8.4745538920076e-06	0.9824318896667084	0.9930373477864146	0.841316031824618	1.1721197942228745	fit	949	6	0.4914345904277392	nucleoside triphosphate biosynthetic process, nucleotide biosynthetic process, ribonucleoside triphosphate biosynthetic process	discordant	-0.5889887352046463	True	True	True	0.0005349642016498918	False	PRPF31
substantia_nigra	ENSG00000105618	M004	False	module_genes	576.0	258.0	1.1721316905140433	0.011655702361279236	0.7781860799282974	0.918706378101362	0.7405900574511649	1.1396607349400962	fit	576	0	0.7698260082862307		discordant	-0.5522245449130931	True	True	True	0.00024708778460080794	False	PRPF31
substantia_nigra	ENSG00000105655	M004	False	module_genes	576.0	258.0	1.1721316905140433	0.011655702361279236	0.7781860799282974	0.918706378101362	0.7405900574511649	1.1396607349400962	fit	576	0	0.7698260082862307		switch_only	-0.32604613099515567	True	True	True	0.00024708778460080794	False	ISYNA1
cerebellar_hemisphere	ENSG00000105696	M003	False	module_genes	933.0	425.0	1.2081705355746633	8.4745538920076e-06	0.9824318896667084	0.9930373477864146	0.841316031824618	1.1721197942228745	fit	949	6	0.4914345904277392	nucleoside triphosphate biosynthetic process, nucleotide biosynthetic process, ribonucleoside triphosphate biosynthetic process	discordant	-0.7385758261963399	True	True	True	0.0005349642016498918	False	TMEM59L
substantia_nigra	ENSG00000105696	M004	False	module_genes	576.0	258.0	1.1721316905140433	0.011655702361279236	0.7781860799282974	0.918706378101362	0.7405900574511649	1.1396607349400962	fit	576	0	0.7698260082862307		coupled	-0.5274279271788277	True	True	True	0.00024708778460080794	False	TMEM59L
caudate_sczd	ENSG00000105700	M006	True	switch_genes	343.0	157.0	1.228849841094739	0.010660698329540308	0.17582615298288773	1.3819545740935557	1.0562243359485246	1.8081371351314661	fit	343	0	0.017871150734486828		discordant	0.77548297399233	True	True	True	6.938353180885315e-08	True	KXD1
cerebellar_hemisphere	ENSG00000105723	M003	False	module_genes	933.0	425.0	1.2081705355746633	8.4745538920076e-06	0.9824318896667084	0.9930373477864146	0.841316031824618	1.1721197942228745	fit	949	6	0.4914345904277392	nucleoside triphosphate biosynthetic process, nucleotide biosynthetic process, ribonucleoside triphosphate biosynthetic process	abundance_only	0.04997373308103619	False	True	True	0.0005349642016498918	False	GSK3A
cerebellar_hemisphere	ENSG00000105926	M003	False	module_genes	933.0	425.0	1.2081705355746633	8.4745538920076e-06	0.9824318896667084	0.9930373477864146	0.841316031824618	1.1721197942228745	fit	949	6	0.4914345904277392	nucleoside triphosphate biosynthetic process, nucleotide biosynthetic process, ribonucleoside triphosphate biosynthetic process	inactive		False	True	True	0.0005349642016498918	False	PALS2
substantia_nigra	ENSG00000106211	M004	False	module_genes	576.0	258.0	1.1721316905140433	0.011655702361279236	0.7781860799282974	0.918706378101362	0.7405900574511649	1.1396607349400962	fit	576	0	0.7698260082862307		switch_only	-0.22355545867152316	True	True	True	0.00024708778460080794	False	HSPB1
putamen_basal_ganglia	ENSG00000106333	M001	False	module_genes	1357.0	442.0	1.0912117986546874	0.047881382694560784	0.0006194345015300029	1.534058117962331	1.283783885217848	1.8331234223950292	fit	1362	2	0.621535394693187	cellular component organization, cellular component organization or biogenesis	switch_only	-0.27368584486396824	True	True	True	0.11466035574580133	False	PCOLCE
substantia_nigra	ENSG00000106392	M004	False	module_genes	576.0	258.0	1.1721316905140433	0.011655702361279236	0.7781860799282974	0.918706378101362	0.7405900574511649	1.1396607349400962	fit	576	0	0.7698260082862307		abundance_only	-0.07068678650490048	False	True	True	0.00024708778460080794	False	C1GALT1
putamen_basal_ganglia	ENSG00000106397	M001	False	module_genes	1357.0	442.0	1.0912117986546874	0.047881382694560784	0.0006194345015300029	1.534058117962331	1.283783885217848	1.8331234223950292	fit	1362	2	0.621535394693187	cellular component organization, cellular component organization or biogenesis	coupled	-0.6811253122754677	True	True	True	0.11466035574580133	False	PLOD3
putamen_basal_ganglia	ENSG00000106415	M001	False	module_genes	1357.0	442.0	1.0912117986546874	0.047881382694560784	0.0006194345015300029	1.534058117962331	1.283783885217848	1.8331234223950292	fit	1362	2	0.621535394693187	cellular component organization, cellular component organization or biogenesis	coupled	-0.6651089888697937	True	True	True	0.11466035574580133	False	GLCCI1
putamen_basal_ganglia	ENSG00000106689	M001	False	module_genes	1357.0	442.0	1.0912117986546874	0.047881382694560784	0.0006194345015300029	1.534058117962331	1.283783885217848	1.8331234223950292	fit	1362	2	0.621535394693187	cellular component organization, cellular component organization or biogenesis	switch_only	-0.4406062087812984	True	True	True	0.11466035574580133	False	LHX2
hypothalamus	ENSG00000106948	M014	False	switch_genes	87.0	41.0	1.727969348659004	0.002694740306695324	0.0755268998708689	2.112315999719547	1.2640840959982327	3.5297326315522497	fit	99	31	0.04475469901505802	cilium movement, cilium-dependent cell motility, cilium or flagellum-dependent cell motility	discordant	-0.4484549623589819	True	True	True	1.0	True	AKNA
cerebellar_hemisphere	ENSG00000106992	M003	False	module_genes	933.0	425.0	1.2081705355746633	8.4745538920076e-06	0.9824318896667084	0.9930373477864146	0.841316031824618	1.1721197942228745	fit	949	6	0.4914345904277392	nucleoside triphosphate biosynthetic process, nucleotide biosynthetic process, ribonucleoside triphosphate biosynthetic process	coupled	-0.26498989185752286	True	True	True	0.0005349642016498918	False	AK1
cerebellar_hemisphere	ENSG00000107140	M003	False	module_genes	933.0	425.0	1.2081705355746633	8.4745538920076e-06	0.9824318896667084	0.9930373477864146	0.841316031824618	1.1721197942228745	fit	949	6	0.4914345904277392	nucleoside triphosphate biosynthetic process, nucleotide biosynthetic process, ribonucleoside triphosphate biosynthetic process	discordant	-0.23846051206710567	True	True	True	0.0005349642016498918	False	TESK1
putamen_basal_ganglia	ENSG00000107140	M001	False	module_genes	1357.0	442.0	1.0912117986546874	0.047881382694560784	0.0006194345015300029	1.534058117962331	1.283783885217848	1.8331234223950292	fit	1362	2	0.621535394693187	cellular component organization, cellular component organization or biogenesis	coupled	-0.5096348007663769	True	True	True	0.11466035574580133	False	TESK1
frontal_cortex_ba9	ENSG00000107281	M002	False	switch_genes	944.0	397.0	1.1557051891629841	0.00318554872261526	0.7587216383378627	1.0717296069978584	0.9080390999593985	1.2649282950119018	fit	1034	21	0.029361098554400673	supramolecular fiber organization, cell migration, actin cytoskeleton organization	abundance_only	0.17552370842885284	False	True	True	1.249258128763103e-06	True	NPDC1
putamen_basal_ganglia	ENSG00000107282	M001	False	module_genes	1357.0	442.0	1.0912117986546874	0.047881382694560784	0.0006194345015300029	1.534058117962331	1.283783885217848	1.8331234223950292	fit	1362	2	0.621535394693187	cellular component organization, cellular component organization or biogenesis	coupled	-0.6532302035481855	True	True	True	0.11466035574580133	False	APBA1
putamen_basal_ganglia	ENSG00000107331	M001	False	module_genes	1357.0	442.0	1.0912117986546874	0.047881382694560784	0.0006194345015300029	1.534058117962331	1.283783885217848	1.8331234223950292	fit	1362	2	0.621535394693187	cellular component organization, cellular component organization or biogenesis	coupled	-0.8424221196915244	True	True	True	0.11466035574580133	False	ABCA2
substantia_nigra	ENSG00000107551	M004	False	module_genes	576.0	258.0	1.1721316905140433	0.011655702361279236	0.7781860799282974	0.918706378101362	0.7405900574511649	1.1396607349400962	fit	576	0	0.7698260082862307		discordant	-0.6547365568098437	True	True	True	0.00024708778460080794	False	RASSF4
hypothalamus	ENSG00000107562	M014	False	switch_genes	87.0	41.0	1.727969348659004	0.002694740306695324	0.0755268998708689	2.112315999719547	1.2640840959982327	3.5297326315522497	fit	99	31	0.04475469901505802	cilium movement, cilium-dependent cell motility, cilium or flagellum-dependent cell motility	discordant	-0.2509261309757086	True	True	True	1.0	True	CXCL12
putamen_basal_ganglia	ENSG00000107679	M001	False	module_genes	1357.0	442.0	1.0912117986546874	0.047881382694560784	0.0006194345015300029	1.534058117962331	1.283783885217848	1.8331234223950292	fit	1362	2	0.621535394693187	cellular component organization, cellular component organization or biogenesis	discordant	-0.3839263174285155	True	True	True	0.11466035574580133	False	PLEKHA1
putamen_basal_ganglia	ENSG00000107771	M001	False	module_genes	1357.0	442.0	1.0912117986546874	0.047881382694560784	0.0006194345015300029	1.534058117962331	1.283783885217848	1.8331234223950292	fit	1362	2	0.621535394693187	cellular component organization, cellular component organization or biogenesis	coupled	-0.4443569323401747	True	True	True	0.11466035574580133	False	CCSER2
putamen_basal_ganglia	ENSG00000107815	M001	False	module_genes	1357.0	442.0	1.0912117986546874	0.047881382694560784	0.0006194345015300029	1.534058117962331	1.283783885217848	1.8331234223950292	fit	1362	2	0.621535394693187	cellular component organization, cellular component organization or biogenesis	abundance_only	-0.19088702245115333	False	True	True	0.11466035574580133	False	TWNK
caudate_sczd	ENSG00000107819	M006	True	switch_genes	343.0	157.0	1.228849841094739	0.010660698329540308	0.17582615298288773	1.3819545740935557	1.0562243359485246	1.8081371351314661	fit	343	0	0.017871150734486828		discordant	0.7299625687299405	True	True	True	6.938353180885315e-08	True	SFXN3
frontal_cortex_ba9	ENSG00000107829	M002	False	switch_genes	944.0	397.0	1.1557051891629841	0.00318554872261526	0.7587216383378627	1.0717296069978584	0.9080390999593985	1.2649282950119018	fit	1034	21	0.029361098554400673	supramolecular fiber organization, cell migration, actin cytoskeleton organization	abundance_only		False	True	True	1.249258128763103e-06	True	FBXW4
frontal_cortex_ba9	ENSG00000107872	M002	False	switch_genes	944.0	397.0	1.1557051891629841	0.00318554872261526	0.7587216383378627	1.0717296069978584	0.9080390999593985	1.2649282950119018	fit	1034	21	0.029361098554400673	supramolecular fiber organization, cell migration, actin cytoskeleton organization	discordant	-0.7558928380750521	True	True	True	1.249258128763103e-06	True	FBXL15
caudate_sczd	ENSG00000107882	M006	True	switch_genes	343.0	157.0	1.228849841094739	0.010660698329540308	0.17582615298288773	1.3819545740935557	1.0562243359485246	1.8081371351314661	fit	343	0	0.017871150734486828		discordant	0.750463692255721	True	True	True	6.938353180885315e-08	True	SUFU
cerebellar_hemisphere	ENSG00000108010	M003	False	module_genes	933.0	425.0	1.2081705355746633	8.4745538920076e-06	0.9824318896667084	0.9930373477864146	0.841316031824618	1.1721197942228745	fit	949	6	0.4914345904277392	nucleoside triphosphate biosynthetic process, nucleotide biosynthetic process, ribonucleoside triphosphate biosynthetic process	discordant	-0.24455356651367005	True	True	True	0.0005349642016498918	False	GLRX3
substantia_nigra	ENSG00000108010	M004	False	module_genes	576.0	258.0	1.1721316905140433	0.011655702361279236	0.7781860799282974	0.918706378101362	0.7405900574511649	1.1396607349400962	fit	576	0	0.7698260082862307		abundance_only	-0.18936555940052435	False	True	True	0.00024708778460080794	False	GLRX3
substantia_nigra	ENSG00000108107	M004	False	module_genes	576.0	258.0	1.1721316905140433	0.011655702361279236	0.7781860799282974	0.918706378101362	0.7405900574511649	1.1396607349400962	fit	576	0	0.7698260082862307		switch_only	-0.3470064526797613	True	True	True	0.00024708778460080794	False	RPL28
cerebellar_hemisphere	ENSG00000108262	M003	False	module_genes	933.0	425.0	1.2081705355746633	8.4745538920076e-06	0.9824318896667084	0.9930373477864146	0.841316031824618	1.1721197942228745	fit	949	6	0.4914345904277392	nucleoside triphosphate biosynthetic process, nucleotide biosynthetic process, ribonucleoside triphosphate biosynthetic process	abundance_only	-0.11251379695718011	False	True	True	0.0005349642016498918	False	GIT1
cerebellar_hemisphere	ENSG00000108344	M003	False	module_genes	933.0	425.0	1.2081705355746633	8.4745538920076e-06	0.9824318896667084	0.9930373477864146	0.841316031824618	1.1721197942228745	fit	949	6	0.4914345904277392	nucleoside triphosphate biosynthetic process, nucleotide biosynthetic process, ribonucleoside triphosphate biosynthetic process	discordant	-0.7511136298446187	True	True	True	0.0005349642016498918	False	PSMD3
frontal_cortex_ba9	ENSG00000108381	M002	False	switch_genes	944.0	397.0	1.1557051891629841	0.00318554872261526	0.7587216383378627	1.0717296069978584	0.9080390999593985	1.2649282950119018	fit	1034	21	0.029361098554400673	supramolecular fiber organization, cell migration, actin cytoskeleton organization	abundance_only		False	True	True	1.249258128763103e-06	True	ASPA
putamen_basal_ganglia	ENSG00000108469	M001	False	module_genes	1357.0	442.0	1.0912117986546874	0.047881382694560784	0.0006194345015300029	1.534058117962331	1.283783885217848	1.8331234223950292	fit	1362	2	0.621535394693187	cellular component organization, cellular component organization or biogenesis	coupled	-0.5742992613957296	True	True	True	0.11466035574580133	False	RECQL5
cerebellar_hemisphere	ENSG00000108523	M003	False	module_genes	933.0	425.0	1.2081705355746633	8.4745538920076e-06	0.9824318896667084	0.9930373477864146	0.841316031824618	1.1721197942228745	fit	949	6	0.4914345904277392	nucleoside triphosphate biosynthetic process, nucleotide biosynthetic process, ribonucleoside triphosphate biosynthetic process	coupled	-0.4682129757633143	True	True	True	0.0005349642016498918	False	RNF167
caudate_sczd	ENSG00000108639	M006	True	switch_genes	343.0	157.0	1.228849841094739	0.010660698329540308	0.17582615298288773	1.3819545740935557	1.0562243359485246	1.8081371351314661	fit	343	0	0.017871150734486828		coupled	0.7335349882371076	True	True	True	6.938353180885315e-08	True	SYNGR2
substantia_nigra	ENSG00000108639	M004	False	module_genes	576.0	258.0	1.1721316905140433	0.011655702361279236	0.7781860799282974	0.918706378101362	0.7405900574511649	1.1396607349400962	fit	576	0	0.7698260082862307		discordant	-0.5965256377889538	True	True	True	0.00024708778460080794	False	SYNGR2
cerebellar_hemisphere	ENSG00000108771	M003	False	module_genes	933.0	425.0	1.2081705355746633	8.4745538920076e-06	0.9824318896667084	0.9930373477864146	0.841316031824618	1.1721197942228745	fit	949	6	0.4914345904277392	nucleoside triphosphate biosynthetic process, nucleotide biosynthetic process, ribonucleoside triphosphate biosynthetic process	inactive	-0.16676636888039467	False	True	True	0.0005349642016498918	False	DHX58
cerebellar_hemisphere	ENSG00000108788	M003	False	module_genes	933.0	425.0	1.2081705355746633	8.4745538920076e-06	0.9824318896667084	0.9930373477864146	0.841316031824618	1.1721197942228745	fit	949	6	0.4914345904277392	nucleoside triphosphate biosynthetic process, nucleotide biosynthetic process, ribonucleoside triphosphate biosynthetic process	discordant	-0.262465776930005	True	True	True	0.0005349642016498918	False	MLX
cerebellar_hemisphere	ENSG00000108961	M003	False	module_genes	933.0	425.0	1.2081705355746633	8.4745538920076e-06	0.9824318896667084	0.9930373477864146	0.841316031824618	1.1721197942228745	fit	949	6	0.4914345904277392	nucleoside triphosphate biosynthetic process, nucleotide biosynthetic process, ribonucleoside triphosphate biosynthetic process	discordant	-0.6265258364641961	True	True	True	0.0005349642016498918	False	RANGRF
substantia_nigra	ENSG00000108961	M004	False	module_genes	576.0	258.0	1.1721316905140433	0.011655702361279236	0.7781860799282974	0.918706378101362	0.7405900574511649	1.1396607349400962	fit	576	0	0.7698260082862307		coupled	-0.2905942310250795	True	True	True	0.00024708778460080794	False	RANGRF
caudate_sczd	ENSG00000109118	M006	True	switch_genes	343.0	157.0	1.228849841094739	0.010660698329540308	0.17582615298288773	1.3819545740935557	1.0562243359485246	1.8081371351314661	fit	343	0	0.017871150734486828		discordant	0.7649795002422934	True	True	True	6.938353180885315e-08	True	PHF12
cerebellar_hemisphere	ENSG00000109118	M003	False	module_genes	933.0	425.0	1.2081705355746633	8.4745538920076e-06	0.9824318896667084	0.9930373477864146	0.841316031824618	1.1721197942228745	fit	949	6	0.4914345904277392	nucleoside triphosphate biosynthetic process, nucleotide biosynthetic process, ribonucleoside triphosphate biosynthetic process	discordant	-0.7554447787196733	True	True	True	0.0005349642016498918	False	PHF12
frontal_cortex_ba9	ENSG00000109610	M002	False	switch_genes	944.0	397.0	1.1557051891629841	0.00318554872261526	0.7587216383378627	1.0717296069978584	0.9080390999593985	1.2649282950119018	fit	1034	21	0.029361098554400673	supramolecular fiber organization, cell migration, actin cytoskeleton organization	abundance_only		False	True	True	1.249258128763103e-06	True	SOD3
putamen_basal_ganglia	ENSG00000109814	M001	False	module_genes	1357.0	442.0	1.0912117986546874	0.047881382694560784	0.0006194345015300029	1.534058117962331	1.283783885217848	1.8331234223950292	fit	1362	2	0.621535394693187	cellular component organization, cellular component organization or biogenesis	coupled	-0.5309804417507423	True	True	True	0.11466035574580133	False	UGDH
caudate_sczd	ENSG00000109906	M006	True	switch_genes	343.0	157.0	1.228849841094739	0.010660698329540308	0.17582615298288773	1.3819545740935557	1.0562243359485246	1.8081371351314661	fit	343	0	0.017871150734486828		discordant	0.6043833211584617	True	True	True	6.938353180885315e-08	True	ZBTB16
putamen_basal_ganglia	ENSG00000109906	M001	False	module_genes	1357.0	442.0	1.0912117986546874	0.047881382694560784	0.0006194345015300029	1.534058117962331	1.283783885217848	1.8331234223950292	fit	1362	2	0.621535394693187	cellular component organization, cellular component organization or biogenesis	coupled	-0.7209407488167878	True	True	True	0.11466035574580133	False	ZBTB16
caudate_sczd	ENSG00000109956	M006	True	switch_genes	343.0	157.0	1.228849841094739	0.010660698329540308	0.17582615298288773	1.3819545740935557	1.0562243359485246	1.8081371351314661	fit	343	0	0.017871150734486828		discordant	0.7646446950514737	True	True	True	6.938353180885315e-08	True	B3GAT1
caudate_sczd	ENSG00000110025	M006	True	switch_genes	343.0	157.0	1.228849841094739	0.010660698329540308	0.17582615298288773	1.3819545740935557	1.0562243359485246	1.8081371351314661	fit	343	0	0.017871150734486828		switch_only	0.7690240528501602	True	True	True	6.938353180885315e-08	True	SNX15
substantia_nigra	ENSG00000110025	M004	False	module_genes	576.0	258.0	1.1721316905140433	0.011655702361279236	0.7781860799282974	0.918706378101362	0.7405900574511649	1.1396607349400962	fit	576	0	0.7698260082862307		discordant	-0.6367880710542106	True	True	True	0.00024708778460080794	False	SNX15
frontal_cortex_ba9	ENSG00000110090	M002	False	switch_genes	944.0	397.0	1.1557051891629841	0.00318554872261526	0.7587216383378627	1.0717296069978584	0.9080390999593985	1.2649282950119018	fit	1034	21	0.029361098554400673	supramolecular fiber organization, cell migration, actin cytoskeleton organization	abundance_only		False	True	True	1.249258128763103e-06	True	CPT1A
cerebellar_hemisphere	ENSG00000110104	M003	False	module_genes	933.0	425.0	1.2081705355746633	8.4745538920076e-06	0.9824318896667084	0.9930373477864146	0.841316031824618	1.1721197942228745	fit	949	6	0.4914345904277392	nucleoside triphosphate biosynthetic process, nucleotide biosynthetic process, ribonucleoside triphosphate biosynthetic process	discordant	-0.2744718516840621	True	True	True	0.0005349642016498918	False	CCDC86
caudate_sczd	ENSG00000110171	M006	True	switch_genes	343.0	157.0	1.228849841094739	0.010660698329540308	0.17582615298288773	1.3819545740935557	1.0562243359485246	1.8081371351314661	fit	343	0	0.017871150734486828		discordant	0.6739711544704432	True	True	True	6.938353180885315e-08	True	TRIM3
frontal_cortex_ba9	ENSG00000110237	M002	False	switch_genes	944.0	397.0	1.1557051891629841	0.00318554872261526	0.7587216383378627	1.0717296069978584	0.9080390999593985	1.2649282950119018	fit	1034	21	0.029361098554400673	supramolecular fiber organization, cell migration, actin cytoskeleton organization	discordant	-0.7376256957909786	True	True	True	1.249258128763103e-06	True	ARHGEF17
putamen_basal_ganglia	ENSG00000110237	M001	False	module_genes	1357.0	442.0	1.0912117986546874	0.047881382694560784	0.0006194345015300029	1.534058117962331	1.283783885217848	1.8331234223950292	fit	1362	2	0.621535394693187	cellular component organization, cellular component organization or biogenesis	discordant	-0.3309930778287745	True	True	True	0.11466035574580133	False	ARHGEF17
cerebellar_hemisphere	ENSG00000110315	M003	False	module_genes	933.0	425.0	1.2081705355746633	8.4745538920076e-06	0.9824318896667084	0.9930373477864146	0.841316031824618	1.1721197942228745	fit	949	6	0.4914345904277392	nucleoside triphosphate biosynthetic process, nucleotide biosynthetic process, ribonucleoside triphosphate biosynthetic process	inactive		False	True	True	0.0005349642016498918	False	RNF141
frontal_cortex_ba9	ENSG00000110422	M002	False	switch_genes	944.0	397.0	1.1557051891629841	0.00318554872261526	0.7587216383378627	1.0717296069978584	0.9080390999593985	1.2649282950119018	fit	1034	21	0.029361098554400673	supramolecular fiber organization, cell migration, actin cytoskeleton organization	switch_only	-0.3120328644381119	True	True	True	1.249258128763103e-06	True	HIPK3
putamen_basal_ganglia	ENSG00000110422	M001	False	module_genes	1357.0	442.0	1.0912117986546874	0.047881382694560784	0.0006194345015300029	1.534058117962331	1.283783885217848	1.8331234223950292	fit	1362	2	0.621535394693187	cellular component organization, cellular component organization or biogenesis	coupled	-0.20356121789763554	True	True	True	0.11466035574580133	False	HIPK3
putamen_basal_ganglia	ENSG00000110442	M001	False	module_genes	1357.0	442.0	1.0912117986546874	0.047881382694560784	0.0006194345015300029	1.534058117962331	1.283783885217848	1.8331234223950292	fit	1362	2	0.621535394693187	cellular component organization, cellular component organization or biogenesis	coupled	-0.4661275269672433	True	True	True	0.11466035574580133	False	COMMD9
substantia_nigra	ENSG00000110492	M004	False	module_genes	576.0	258.0	1.1721316905140433	0.011655702361279236	0.7781860799282974	0.918706378101362	0.7405900574511649	1.1396607349400962	fit	576	0	0.7698260082862307		switch_only	-0.37254076799294344	True	True	True	0.00024708778460080794	False	MDK
cerebellar_hemisphere	ENSG00000110717	M003	False	module_genes	933.0	425.0	1.2081705355746633	8.4745538920076e-06	0.9824318896667084	0.9930373477864146	0.841316031824618	1.1721197942228745	fit	949	6	0.4914345904277392	nucleoside triphosphate biosynthetic process, nucleotide biosynthetic process, ribonucleoside triphosphate biosynthetic process	coupled	-0.6450052173944487	True	True	True	0.0005349642016498918	False	NDUFS8
putamen_basal_ganglia	ENSG00000110881	M001	False	module_genes	1357.0	442.0	1.0912117986546874	0.047881382694560784	0.0006194345015300029	1.534058117962331	1.283783885217848	1.8331234223950292	fit	1362	2	0.621535394693187	cellular component organization, cellular component organization or biogenesis	discordant	-0.46864212357426943	True	True	True	0.11466035574580133	False	ASIC1
putamen_basal_ganglia	ENSG00000111058	M001	False	module_genes	1357.0	442.0	1.0912117986546874	0.047881382694560784	0.0006194345015300029	1.534058117962331	1.283783885217848	1.8331234223950292	fit	1362	2	0.621535394693187	cellular component organization, cellular component organization or biogenesis	switch_only	-0.6288690362152936	True	True	True	0.11466035574580133	False	ACSS3
cerebellar_hemisphere	ENSG00000111215	M003	False	module_genes	933.0	425.0	1.2081705355746633	8.4745538920076e-06	0.9824318896667084	0.9930373477864146	0.841316031824618	1.1721197942228745	fit	949	6	0.4914345904277392	nucleoside triphosphate biosynthetic process, nucleotide biosynthetic process, ribonucleoside triphosphate biosynthetic process	discordant	-0.4078771792551737	True	True	True	0.0005349642016498918	False	PRR4
substantia_nigra	ENSG00000111271	M004	False	module_genes	576.0	258.0	1.1721316905140433	0.011655702361279236	0.7781860799282974	0.918706378101362	0.7405900574511649	1.1396607349400962	fit	576	0	0.7698260082862307		coupled	-0.23841573552680695	True	True	True	0.00024708778460080794	False	ACAD10
cerebellar_hemisphere	ENSG00000111321	M003	False	module_genes	933.0	425.0	1.2081705355746633	8.4745538920076e-06	0.9824318896667084	0.9930373477864146	0.841316031824618	1.1721197942228745	fit	949	6	0.4914345904277392	nucleoside triphosphate biosynthetic process, nucleotide biosynthetic process, ribonucleoside triphosphate biosynthetic process	inactive	-0.16565699940035278	False	True	True	0.0005349642016498918	False	LTBR
substantia_nigra	ENSG00000111321	M004	False	module_genes	576.0	258.0	1.1721316905140433	0.011655702361279236	0.7781860799282974	0.918706378101362	0.7405900574511649	1.1396607349400962	fit	576	0	0.7698260082862307		discordant	-0.5097630725831601	True	True	True	0.00024708778460080794	False	LTBR
frontal_cortex_ba9	ENSG00000111405	M002	False	switch_genes	944.0	397.0	1.1557051891629841	0.00318554872261526	0.7587216383378627	1.0717296069978584	0.9080390999593985	1.2649282950119018	fit	1034	21	0.029361098554400673	supramolecular fiber organization, cell migration, actin cytoskeleton organization	abundance_only	-0.15617621335459536	False	True	True	1.249258128763103e-06	True	ENDOU
putamen_basal_ganglia	ENSG00000111540	M001	False	module_genes	1357.0	442.0	1.0912117986546874	0.047881382694560784	0.0006194345015300029	1.534058117962331	1.283783885217848	1.8331234223950292	fit	1362	2	0.621535394693187	cellular component organization, cellular component organization or biogenesis	coupled	-0.8799096025210853	True	True	True	0.11466035574580133	False	RAB5B
putamen_basal_ganglia	ENSG00000111639	M001	False	module_genes	1357.0	442.0	1.0912117986546874	0.047881382694560784	0.0006194345015300029	1.534058117962331	1.283783885217848	1.8331234223950292	fit	1362	2	0.621535394693187	cellular component organization, cellular component organization or biogenesis	discordant	-0.6305530610556709	True	True	True	0.11466035574580133	False	MRPL51
putamen_basal_ganglia	ENSG00000111640	M001	False	module_genes	1357.0	442.0	1.0912117986546874	0.047881382694560784	0.0006194345015300029	1.534058117962331	1.283783885217848	1.8331234223950292	fit	1362	2	0.621535394693187	cellular component organization, cellular component organization or biogenesis	coupled	-0.5795571111050293	True	True	True	0.11466035574580133	False	GAPDH
frontal_cortex_ba9	ENSG00000111653	M002	False	switch_genes	944.0	397.0	1.1557051891629841	0.00318554872261526	0.7587216383378627	1.0717296069978584	0.9080390999593985	1.2649282950119018	fit	1034	21	0.029361098554400673	supramolecular fiber organization, cell migration, actin cytoskeleton organization	discordant	-0.41397705926107836	True	True	True	1.249258128763103e-06	True	ING4
putamen_basal_ganglia	ENSG00000111667	M001	False	module_genes	1357.0	442.0	1.0912117986546874	0.047881382694560784	0.0006194345015300029	1.534058117962331	1.283783885217848	1.8331234223950292	fit	1362	2	0.621535394693187	cellular component organization, cellular component organization or biogenesis	discordant	-0.47577303247820457	True	True	True	0.11466035574580133	False	USP5
putamen_basal_ganglia	ENSG00000111674	M001	False	module_genes	1357.0	442.0	1.0912117986546874	0.047881382694560784	0.0006194345015300029	1.534058117962331	1.283783885217848	1.8331234223950292	fit	1362	2	0.621535394693187	cellular component organization, cellular component organization or biogenesis	coupled	-0.6006180912436918	True	True	True	0.11466035574580133	False	ENO2
cerebellar_hemisphere	ENSG00000111684	M003	False	module_genes	933.0	425.0	1.2081705355746633	8.4745538920076e-06	0.9824318896667084	0.9930373477864146	0.841316031824618	1.1721197942228745	fit	949	6	0.4914345904277392	nucleoside triphosphate biosynthetic process, nucleotide biosynthetic process, ribonucleoside triphosphate biosynthetic process	discordant	-0.6502079889669233	True	True	True	0.0005349642016498918	False	LPCAT3
hypothalamus	ENSG00000111728	M014	False	switch_genes	87.0	41.0	1.727969348659004	0.002694740306695324	0.0755268998708689	2.112315999719547	1.2640840959982327	3.5297326315522497	fit	99	31	0.04475469901505802	cilium movement, cilium-dependent cell motility, cilium or flagellum-dependent cell motility	discordant	-0.4272459790936871	True	True	True	1.0	True	ST8SIA1
caudate_sczd	ENSG00000111801	M006	True	switch_genes	343.0	157.0	1.228849841094739	0.010660698329540308	0.17582615298288773	1.3819545740935557	1.0562243359485246	1.8081371351314661	fit	343	0	0.017871150734486828		discordant	0.5714564195315327	True	True	True	6.938353180885315e-08	True	BTN3A3
substantia_nigra	ENSG00000111801	M004	False	module_genes	576.0	258.0	1.1721316905140433	0.011655702361279236	0.7781860799282974	0.918706378101362	0.7405900574511649	1.1396607349400962	fit	576	0	0.7698260082862307		discordant	-0.5549628355529979	True	True	True	0.00024708778460080794	False	BTN3A3
substantia_nigra	ENSG00000111832	M004	False	module_genes	576.0	258.0	1.1721316905140433	0.011655702361279236	0.7781860799282974	0.918706378101362	0.7405900574511649	1.1396607349400962	fit	576	0	0.7698260082862307		abundance_only	0.060542242831811845	False	True	True	0.00024708778460080794	False	RWDD1
putamen_basal_ganglia	ENSG00000111859	M001	False	module_genes	1357.0	442.0	1.0912117986546874	0.047881382694560784	0.0006194345015300029	1.534058117962331	1.283783885217848	1.8331234223950292	fit	1362	2	0.621535394693187	cellular component organization, cellular component organization or biogenesis	switch_only	-0.6029458821928108	True	True	True	0.11466035574580133	False	NEDD9
frontal_cortex_ba9	ENSG00000111961	M002	False	switch_genes	944.0	397.0	1.1557051891629841	0.00318554872261526	0.7587216383378627	1.0717296069978584	0.9080390999593985	1.2649282950119018	fit	1034	21	0.029361098554400673	supramolecular fiber organization, cell migration, actin cytoskeleton organization	abundance_only		False	True	True	1.249258128763103e-06	True	SASH1
cerebellar_hemisphere	ENSG00000112514	M003	False	module_genes	933.0	425.0	1.2081705355746633	8.4745538920076e-06	0.9824318896667084	0.9930373477864146	0.841316031824618	1.1721197942228745	fit	949	6	0.4914345904277392	nucleoside triphosphate biosynthetic process, nucleotide biosynthetic process, ribonucleoside triphosphate biosynthetic process	discordant	-0.44754372045951196	True	True	True	0.0005349642016498918	False	CUTA
substantia_nigra	ENSG00000112561	M004	False	module_genes	576.0	258.0	1.1721316905140433	0.011655702361279236	0.7781860799282974	0.918706378101362	0.7405900574511649	1.1396607349400962	fit	576	0	0.7698260082862307		discordant	-0.398789129201992	True	True	True	0.00024708778460080794	False	TFEB
substantia_nigra	ENSG00000112852	M004	False	module_genes	576.0	258.0	1.1721316905140433	0.011655702361279236	0.7781860799282974	0.918706378101362	0.7405900574511649	1.1396607349400962	fit	576	0	0.7698260082862307		abundance_only	-0.17847712139281707	False	True	True	0.00024708778460080794	False	PCDHB2
cerebellar_hemisphere	ENSG00000113068	M003	False	module_genes	933.0	425.0	1.2081705355746633	8.4745538920076e-06	0.9824318896667084	0.9930373477864146	0.841316031824618	1.1721197942228745	fit	949	6	0.4914345904277392	nucleoside triphosphate biosynthetic process, nucleotide biosynthetic process, ribonucleoside triphosphate biosynthetic process	coupled	-0.4132568237613432	True	True	True	0.0005349642016498918	False	PFDN1
caudate_sczd	ENSG00000113108	M006	True	switch_genes	343.0	157.0	1.228849841094739	0.010660698329540308	0.17582615298288773	1.3819545740935557	1.0562243359485246	1.8081371351314661	fit	343	0	0.017871150734486828		discordant	0.358046894079285	True	True	True	6.938353180885315e-08	True	APBB3
putamen_basal_ganglia	ENSG00000113231	M001	False	module_genes	1357.0	442.0	1.0912117986546874	0.047881382694560784	0.0006194345015300029	1.534058117962331	1.283783885217848	1.8331234223950292	fit	1362	2	0.621535394693187	cellular component organization, cellular component organization or biogenesis	coupled	-0.7268585876752817	True	True	True	0.11466035574580133	False	PDE8B
caudate_sczd	ENSG00000113273	M006	True	switch_genes	343.0	157.0	1.228849841094739	0.010660698329540308	0.17582615298288773	1.3819545740935557	1.0562243359485246	1.8081371351314661	fit	343	0	0.017871150734486828		switch_only	0.7536504434967234	True	True	True	6.938353180885315e-08	True	ARSB
cerebellar_hemisphere	ENSG00000113273	M003	False	module_genes	933.0	425.0	1.2081705355746633	8.4745538920076e-06	0.9824318896667084	0.9930373477864146	0.841316031824618	1.1721197942228745	fit	949	6	0.4914345904277392	nucleoside triphosphate biosynthetic process, nucleotide biosynthetic process, ribonucleoside triphosphate biosynthetic process	abundance_only		False	True	True	0.0005349642016498918	False	ARSB
putamen_basal_ganglia	ENSG00000113575	M001	False	module_genes	1357.0	442.0	1.0912117986546874	0.047881382694560784	0.0006194345015300029	1.534058117962331	1.283783885217848	1.8331234223950292	fit	1362	2	0.621535394693187	cellular component organization, cellular component organization or biogenesis	coupled	-0.6607565979874016	True	True	True	0.11466035574580133	False	PPP2CA
putamen_basal_ganglia	ENSG00000113580	M001	False	module_genes	1357.0	442.0	1.0912117986546874	0.047881382694560784	0.0006194345015300029	1.534058117962331	1.283783885217848	1.8331234223950292	fit	1362	2	0.621535394693187	cellular component organization, cellular component organization or biogenesis	coupled	-0.8684274371960256	True	True	True	0.11466035574580133	False	NR3C1
putamen_basal_ganglia	ENSG00000113645	M001	False	module_genes	1357.0	442.0	1.0912117986546874	0.047881382694560784	0.0006194345015300029	1.534058117962331	1.283783885217848	1.8331234223950292	fit	1362	2	0.621535394693187	cellular component organization, cellular component organization or biogenesis	coupled	-0.5137324819571919	True	True	True	0.11466035574580133	False	WWC1
putamen_basal_ganglia	ENSG00000113657	M001	False	module_genes	1357.0	442.0	1.0912117986546874	0.047881382694560784	0.0006194345015300029	1.534058117962331	1.283783885217848	1.8331234223950292	fit	1362	2	0.621535394693187	cellular component organization, cellular component organization or biogenesis	coupled	-0.42534773331152226	True	True	True	0.11466035574580133	False	DPYSL3
frontal_cortex_ba9	ENSG00000113721	M002	False	switch_genes	944.0	397.0	1.1557051891629841	0.00318554872261526	0.7587216383378627	1.0717296069978584	0.9080390999593985	1.2649282950119018	fit	1034	21	0.029361098554400673	supramolecular fiber organization, cell migration, actin cytoskeleton organization	abundance_only		False	True	True	1.249258128763103e-06	True	PDGFRB
frontal_cortex_ba9	ENSG00000113758	M002	False	switch_genes	944.0	397.0	1.1557051891629841	0.00318554872261526	0.7587216383378627	1.0717296069978584	0.9080390999593985	1.2649282950119018	fit	1034	21	0.029361098554400673	supramolecular fiber organization, cell migration, actin cytoskeleton organization	discordant	-0.9022571919826448	True	True	True	1.249258128763103e-06	True	DBN1
putamen_basal_ganglia	ENSG00000114126	M001	False	module_genes	1357.0	442.0	1.0912117986546874	0.047881382694560784	0.0006194345015300029	1.534058117962331	1.283783885217848	1.8331234223950292	fit	1362	2	0.621535394693187	cellular component organization, cellular component organization or biogenesis	discordant	-0.4632128736971398	True	True	True	0.11466035574580133	False	TFDP2
substantia_nigra	ENSG00000114126	M004	False	module_genes	576.0	258.0	1.1721316905140433	0.011655702361279236	0.7781860799282974	0.918706378101362	0.7405900574511649	1.1396607349400962	fit	576	0	0.7698260082862307		discordant	-0.3017110791302325	True	True	True	0.00024708778460080794	False	TFDP2
frontal_cortex_ba9	ENSG00000114166	M002	False	switch_genes	944.0	397.0	1.1557051891629841	0.00318554872261526	0.7587216383378627	1.0717296069978584	0.9080390999593985	1.2649282950119018	fit	1034	21	0.029361098554400673	supramolecular fiber organization, cell migration, actin cytoskeleton organization	abundance_only		False	True	True	1.249258128763103e-06	True	KAT2B
caudate_sczd	ENSG00000114544	M006	True	switch_genes	343.0	157.0	1.228849841094739	0.010660698329540308	0.17582615298288773	1.3819545740935557	1.0562243359485246	1.8081371351314661	fit	343	0	0.017871150734486828		coupled	0.8363267054911422	True	True	True	6.938353180885315e-08	True	SLC41A3
cerebellar_hemisphere	ENSG00000114626	M003	False	module_genes	933.0	425.0	1.2081705355746633	8.4745538920076e-06	0.9824318896667084	0.9930373477864146	0.841316031824618	1.1721197942228745	fit	949	6	0.4914345904277392	nucleoside triphosphate biosynthetic process, nucleotide biosynthetic process, ribonucleoside triphosphate biosynthetic process	discordant	-0.6844880605205856	True	True	True	0.0005349642016498918	False	ABTB1
caudate_sczd	ENSG00000114648	M006	True	switch_genes	343.0	157.0	1.228849841094739	0.010660698329540308	0.17582615298288773	1.3819545740935557	1.0562243359485246	1.8081371351314661	fit	343	0	0.017871150734486828		switch_only	0.8053248483127343	True	True	True	6.938353180885315e-08	True	KLHL18
frontal_cortex_ba9	ENSG00000114988	M002	False	switch_genes	944.0	397.0	1.1557051891629841	0.00318554872261526	0.7587216383378627	1.0717296069978584	0.9080390999593985	1.2649282950119018	fit	1034	21	0.029361098554400673	supramolecular fiber organization, cell migration, actin cytoskeleton organization	switch_only	-0.5599132788557835	True	True	True	1.249258128763103e-06	True	LMAN2L
frontal_cortex_ba9	ENSG00000115255	M002	False	switch_genes	944.0	397.0	1.1557051891629841	0.00318554872261526	0.7587216383378627	1.0717296069978584	0.9080390999593985	1.2649282950119018	fit	1034	21	0.029361098554400673	supramolecular fiber organization, cell migration, actin cytoskeleton organization	switch_only	-0.7974357348649903	True	True	True	1.249258128763103e-06	True	REEP6
cerebellar_hemisphere	ENSG00000115307	M003	False	module_genes	933.0	425.0	1.2081705355746633	8.4745538920076e-06	0.9824318896667084	0.9930373477864146	0.841316031824618	1.1721197942228745	fit	949	6	0.4914345904277392	nucleoside triphosphate biosynthetic process, nucleotide biosynthetic process, ribonucleoside triphosphate biosynthetic process	discordant	-0.7275076786310615	True	True	True	0.0005349642016498918	False	AUP1
substantia_nigra	ENSG00000115307	M004	False	module_genes	576.0	258.0	1.1721316905140433	0.011655702361279236	0.7781860799282974	0.918706378101362	0.7405900574511649	1.1396607349400962	fit	576	0	0.7698260082862307		discordant	-0.8092979228690561	True	True	True	0.00024708778460080794	False	AUP1
frontal_cortex_ba9	ENSG00000115457	M002	False	switch_genes	944.0	397.0	1.1557051891629841	0.00318554872261526	0.7587216383378627	1.0717296069978584	0.9080390999593985	1.2649282950119018	fit	1034	21	0.029361098554400673	supramolecular fiber organization, cell migration, actin cytoskeleton organization	discordant	-0.5590935496193931	True	True	True	1.249258128763103e-06	True	IGFBP2
cerebellar_hemisphere	ENSG00000115541	M003	False	module_genes	933.0	425.0	1.2081705355746633	8.4745538920076e-06	0.9824318896667084	0.9930373477864146	0.841316031824618	1.1721197942228745	fit	949	6	0.4914345904277392	nucleoside triphosphate biosynthetic process, nucleotide biosynthetic process, ribonucleoside triphosphate biosynthetic process	switch_only	-0.45450793976423653	True	True	True	0.0005349642016498918	False	HSPE1
substantia_nigra	ENSG00000115657	M004	False	module_genes	576.0	258.0	1.1721316905140433	0.011655702361279236	0.7781860799282974	0.918706378101362	0.7405900574511649	1.1396607349400962	fit	576	0	0.7698260082862307		abundance_only	-0.17373521884552656	False	True	True	0.00024708778460080794	False	ABCB6
putamen_basal_ganglia	ENSG00000115677	M001	False	module_genes	1357.0	442.0	1.0912117986546874	0.047881382694560784	0.0006194345015300029	1.534058117962331	1.283783885217848	1.8331234223950292	fit	1362	2	0.621535394693187	cellular component organization, cellular component organization or biogenesis	abundance_only	-0.1250631290024069	False	True	True	0.11466035574580133	False	HDLBP
putamen_basal_ganglia	ENSG00000115825	M001	False	module_genes	1357.0	442.0	1.0912117986546874	0.047881382694560784	0.0006194345015300029	1.534058117962331	1.283783885217848	1.8331234223950292	fit	1362	2	0.621535394693187	cellular component organization, cellular component organization or biogenesis	coupled	-0.37630414853079297	True	True	True	0.11466035574580133	False	PRKD3
putamen_basal_ganglia	ENSG00000115866	M001	False	module_genes	1357.0	442.0	1.0912117986546874	0.047881382694560784	0.0006194345015300029	1.534058117962331	1.283783885217848	1.8331234223950292	fit	1362	2	0.621535394693187	cellular component organization, cellular component organization or biogenesis	discordant	-0.47246791705384106	True	True	True	0.11466035574580133	False	DARS1
putamen_basal_ganglia	ENSG00000115970	M001	False	module_genes	1357.0	442.0	1.0912117986546874	0.047881382694560784	0.0006194345015300029	1.534058117962331	1.283783885217848	1.8331234223950292	fit	1362	2	0.621535394693187	cellular component organization, cellular component organization or biogenesis	coupled	-0.5088469698341753	True	True	True	0.11466035574580133	False	THADA
putamen_basal_ganglia	ENSG00000116016	M001	False	module_genes	1357.0	442.0	1.0912117986546874	0.047881382694560784	0.0006194345015300029	1.534058117962331	1.283783885217848	1.8331234223950292	fit	1362	2	0.621535394693187	cellular component organization, cellular component organization or biogenesis	switch_only	-0.896877755180214	True	True	True	0.11466035574580133	False	EPAS1
putamen_basal_ganglia	ENSG00000116106	M001	False	module_genes	1357.0	442.0	1.0912117986546874	0.047881382694560784	0.0006194345015300029	1.534058117962331	1.283783885217848	1.8331234223950292	fit	1362	2	0.621535394693187	cellular component organization, cellular component organization or biogenesis	coupled	-0.8429975306208701	True	True	True	0.11466035574580133	False	EPHA4
frontal_cortex_ba9	ENSG00000116117	M002	False	switch_genes	944.0	397.0	1.1557051891629841	0.00318554872261526	0.7587216383378627	1.0717296069978584	0.9080390999593985	1.2649282950119018	fit	1034	21	0.029361098554400673	supramolecular fiber organization, cell migration, actin cytoskeleton organization	abundance_only		False	True	True	1.249258128763103e-06	True	PARD3B
putamen_basal_ganglia	ENSG00000116147	M001	False	module_genes	1357.0	442.0	1.0912117986546874	0.047881382694560784	0.0006194345015300029	1.534058117962331	1.283783885217848	1.8331234223950292	fit	1362	2	0.621535394693187	cellular component organization, cellular component organization or biogenesis	coupled	-0.6506129824526234	True	True	True	0.11466035574580133	False	TNR
caudate_sczd	ENSG00000116213	M006	True	switch_genes	343.0	157.0	1.228849841094739	0.010660698329540308	0.17582615298288773	1.3819545740935557	1.0562243359485246	1.8081371351314661	fit	343	0	0.017871150734486828		discordant	0.6445285305001746	True	True	True	6.938353180885315e-08	True	WRAP73
cerebellar_hemisphere	ENSG00000116353	M003	False	module_genes	933.0	425.0	1.2081705355746633	8.4745538920076e-06	0.9824318896667084	0.9930373477864146	0.841316031824618	1.1721197942228745	fit	949	6	0.4914345904277392	nucleoside triphosphate biosynthetic process, nucleotide biosynthetic process, ribonucleoside triphosphate biosynthetic process	abundance_only	-0.1829383387296831	False	True	True	0.0005349642016498918	False	MECR
caudate_sczd	ENSG00000116478	M006	True	switch_genes	343.0	157.0	1.228849841094739	0.010660698329540308	0.17582615298288773	1.3819545740935557	1.0562243359485246	1.8081371351314661	fit	343	0	0.017871150734486828		discordant	0.4525251220822393	True	True	True	6.938353180885315e-08	True	HDAC1
cerebellar_hemisphere	ENSG00000116478	M003	False	module_genes	933.0	425.0	1.2081705355746633	8.4745538920076e-06	0.9824318896667084	0.9930373477864146	0.841316031824618	1.1721197942228745	fit	949	6	0.4914345904277392	nucleoside triphosphate biosynthetic process, nucleotide biosynthetic process, ribonucleoside triphosphate biosynthetic process	discordant	-0.43039101635936444	True	True	True	0.0005349642016498918	False	HDAC1
substantia_nigra	ENSG00000116478	M004	False	module_genes	576.0	258.0	1.1721316905140433	0.011655702361279236	0.7781860799282974	0.918706378101362	0.7405900574511649	1.1396607349400962	fit	576	0	0.7698260082862307		discordant	-0.6307825738886718	True	True	True	0.00024708778460080794	False	HDAC1
cerebellar_hemisphere	ENSG00000116670	M003	False	module_genes	933.0	425.0	1.2081705355746633	8.4745538920076e-06	0.9824318896667084	0.9930373477864146	0.841316031824618	1.1721197942228745	fit	949	6	0.4914345904277392	nucleoside triphosphate biosynthetic process, nucleotide biosynthetic process, ribonucleoside triphosphate biosynthetic process	discordant	-0.7472940904762754	True	True	True	0.0005349642016498918	False	MAD2L2
putamen_basal_ganglia	ENSG00000116786	M001	False	module_genes	1357.0	442.0	1.0912117986546874	0.047881382694560784	0.0006194345015300029	1.534058117962331	1.283783885217848	1.8331234223950292	fit	1362	2	0.621535394693187	cellular component organization, cellular component organization or biogenesis	coupled	-0.6985748696572044	True	True	True	0.11466035574580133	False	PLEKHM2
putamen_basal_ganglia	ENSG00000116852	M001	False	module_genes	1357.0	442.0	1.0912117986546874	0.047881382694560784	0.0006194345015300029	1.534058117962331	1.283783885217848	1.8331234223950292	fit	1362	2	0.621535394693187	cellular component organization, cellular component organization or biogenesis	coupled	-0.5536033397667984	True	True	True	0.11466035574580133	False	KIF21B
substantia_nigra	ENSG00000116898	M004	False	module_genes	576.0	258.0	1.1721316905140433	0.011655702361279236	0.7781860799282974	0.918706378101362	0.7405900574511649	1.1396607349400962	fit	576	0	0.7698260082862307		discordant	-0.6798306276507199	True	True	True	0.00024708778460080794	False	MRPS15
frontal_cortex_ba9	ENSG00000117143	M002	False	switch_genes	944.0	397.0	1.1557051891629841	0.00318554872261526	0.7587216383378627	1.0717296069978584	0.9080390999593985	1.2649282950119018	fit	1034	21	0.029361098554400673	supramolecular fiber organization, cell migration, actin cytoskeleton organization	discordant	-0.6854429542532775	True	True	True	1.249258128763103e-06	True	UAP1
caudate_sczd	ENSG00000117266	M006	True	switch_genes	343.0	157.0	1.228849841094739	0.010660698329540308	0.17582615298288773	1.3819545740935557	1.0562243359485246	1.8081371351314661	fit	343	0	0.017871150734486828		discordant	0.2732405246657809	True	True	True	6.938353180885315e-08	True	CDK18
frontal_cortex_ba9	ENSG00000117266	M002	False	switch_genes	944.0	397.0	1.1557051891629841	0.00318554872261526	0.7587216383378627	1.0717296069978584	0.9080390999593985	1.2649282950119018	fit	1034	21	0.029361098554400673	supramolecular fiber organization, cell migration, actin cytoskeleton organization	switch_only	-0.23893086314360468	True	True	True	1.249258128763103e-06	True	CDK18
frontal_cortex_ba9	ENSG00000117298	M002	False	switch_genes	944.0	397.0	1.1557051891629841	0.00318554872261526	0.7587216383378627	1.0717296069978584	0.9080390999593985	1.2649282950119018	fit	1034	21	0.029361098554400673	supramolecular fiber organization, cell migration, actin cytoskeleton organization	coupled	-0.25571476171004803	True	True	True	1.249258128763103e-06	True	ECE1
cerebellar_hemisphere	ENSG00000117308	M003	False	module_genes	933.0	425.0	1.2081705355746633	8.4745538920076e-06	0.9824318896667084	0.9930373477864146	0.841316031824618	1.1721197942228745	fit	949	6	0.4914345904277392	nucleoside triphosphate biosynthetic process, nucleotide biosynthetic process, ribonucleoside triphosphate biosynthetic process	discordant	-0.3671899736325549	True	True	True	0.0005349642016498918	False	GALE
cerebellar_hemisphere	ENSG00000117395	M003	False	module_genes	933.0	425.0	1.2081705355746633	8.4745538920076e-06	0.9824318896667084	0.9930373477864146	0.841316031824618	1.1721197942228745	fit	949	6	0.4914345904277392	nucleoside triphosphate biosynthetic process, nucleotide biosynthetic process, ribonucleoside triphosphate biosynthetic process	abundance_only	-0.11902507090363411	False	True	True	0.0005349642016498918	False	EBNA1BP2
substantia_nigra	ENSG00000117395	M004	False	module_genes	576.0	258.0	1.1721316905140433	0.011655702361279236	0.7781860799282974	0.918706378101362	0.7405900574511649	1.1396607349400962	fit	576	0	0.7698260082862307		discordant	-0.48726136392144204	True	True	True	0.00024708778460080794	False	EBNA1BP2
cerebellar_hemisphere	ENSG00000117448	M003	False	module_genes	933.0	425.0	1.2081705355746633	8.4745538920076e-06	0.9824318896667084	0.9930373477864146	0.841316031824618	1.1721197942228745	fit	949	6	0.4914345904277392	nucleoside triphosphate biosynthetic process, nucleotide biosynthetic process, ribonucleoside triphosphate biosynthetic process	discordant	-0.6365286689158909	True	True	True	0.0005349642016498918	False	AKR1A1
cerebellar_hemisphere	ENSG00000117791	M003	False	module_genes	933.0	425.0	1.2081705355746633	8.4745538920076e-06	0.9824318896667084	0.9930373477864146	0.841316031824618	1.1721197942228745	fit	949	6	0.4914345904277392	nucleoside triphosphate biosynthetic process, nucleotide biosynthetic process, ribonucleoside triphosphate biosynthetic process	inactive	-0.11932468460869462	False	True	True	0.0005349642016498918	False	MTARC2
putamen_basal_ganglia	ENSG00000117984	M001	False	module_genes	1357.0	442.0	1.0912117986546874	0.047881382694560784	0.0006194345015300029	1.534058117962331	1.283783885217848	1.8331234223950292	fit	1362	2	0.621535394693187	cellular component organization, cellular component organization or biogenesis	coupled	-0.6921664746950426	True	True	True	0.11466035574580133	False	CTSD
caudate_sczd	ENSG00000118162	M006	True	switch_genes	343.0	157.0	1.228849841094739	0.010660698329540308	0.17582615298288773	1.3819545740935557	1.0562243359485246	1.8081371351314661	fit	343	0	0.017871150734486828		switch_only	0.6252891877413131	True	True	True	6.938353180885315e-08	True	KPTN
putamen_basal_ganglia	ENSG00000118276	M001	False	module_genes	1357.0	442.0	1.0912117986546874	0.047881382694560784	0.0006194345015300029	1.534058117962331	1.283783885217848	1.8331234223950292	fit	1362	2	0.621535394693187	cellular component organization, cellular component organization or biogenesis	discordant	-0.5795219077833366	True	True	True	0.11466035574580133	False	B4GALT6
cerebellar_hemisphere	ENSG00000118705	M003	False	module_genes	933.0	425.0	1.2081705355746633	8.4745538920076e-06	0.9824318896667084	0.9930373477864146	0.841316031824618	1.1721197942228745	fit	949	6	0.4914345904277392	nucleoside triphosphate biosynthetic process, nucleotide biosynthetic process, ribonucleoside triphosphate biosynthetic process	discordant	-0.6382881725589981	True	True	True	0.0005349642016498918	False	RPN2
frontal_cortex_ba9	ENSG00000118705	M002	False	switch_genes	944.0	397.0	1.1557051891629841	0.00318554872261526	0.7587216383378627	1.0717296069978584	0.9080390999593985	1.2649282950119018	fit	1034	21	0.029361098554400673	supramolecular fiber organization, cell migration, actin cytoskeleton organization	switch_only	-0.7961045360869303	True	True	True	1.249258128763103e-06	True	RPN2
frontal_cortex_ba9	ENSG00000118849	M002	False	switch_genes	944.0	397.0	1.1557051891629841	0.00318554872261526	0.7587216383378627	1.0717296069978584	0.9080390999593985	1.2649282950119018	fit	1034	21	0.029361098554400673	supramolecular fiber organization, cell migration, actin cytoskeleton organization	discordant	-0.43699498443139734	True	True	True	1.249258128763103e-06	True	RARRES1
hypothalamus	ENSG00000118997	M014	False	switch_genes	87.0	41.0	1.727969348659004	0.002694740306695324	0.0755268998708689	2.112315999719547	1.2640840959982327	3.5297326315522497	fit	99	31	0.04475469901505802	cilium movement, cilium-dependent cell motility, cilium or flagellum-dependent cell motility	discordant	-0.4144260270023218	True	True	True	1.0	True	DNAH7
putamen_basal_ganglia	ENSG00000118997	M001	False	module_genes	1357.0	442.0	1.0912117986546874	0.047881382694560784	0.0006194345015300029	1.534058117962331	1.283783885217848	1.8331234223950292	fit	1362	2	0.621535394693187	cellular component organization, cellular component organization or biogenesis	coupled	-0.719000618860091	True	True	True	0.11466035574580133	False	DNAH7
cerebellar_hemisphere	ENSG00000119227	M003	False	module_genes	933.0	425.0	1.2081705355746633	8.4745538920076e-06	0.9824318896667084	0.9930373477864146	0.841316031824618	1.1721197942228745	fit	949	6	0.4914345904277392	nucleoside triphosphate biosynthetic process, nucleotide biosynthetic process, ribonucleoside triphosphate biosynthetic process	abundance_only		False	True	True	0.0005349642016498918	False	PIGZ
frontal_cortex_ba9	ENSG00000119280	M002	False	switch_genes	944.0	397.0	1.1557051891629841	0.00318554872261526	0.7587216383378627	1.0717296069978584	0.9080390999593985	1.2649282950119018	fit	1034	21	0.029361098554400673	supramolecular fiber organization, cell migration, actin cytoskeleton organization	abundance_only		False	True	True	1.249258128763103e-06	True	C1orf198
frontal_cortex_ba9	ENSG00000119509	M002	False	switch_genes	944.0	397.0	1.1557051891629841	0.00318554872261526	0.7587216383378627	1.0717296069978584	0.9080390999593985	1.2649282950119018	fit	1034	21	0.029361098554400673	supramolecular fiber organization, cell migration, actin cytoskeleton organization	inactive	-0.14240798252063416	False	True	True	1.249258128763103e-06	True	INVS
substantia_nigra	ENSG00000119673	M004	False	module_genes	576.0	258.0	1.1721316905140433	0.011655702361279236	0.7781860799282974	0.918706378101362	0.7405900574511649	1.1396607349400962	fit	576	0	0.7698260082862307		coupled	-0.44165325385743703	True	True	True	0.00024708778460080794	False	ACOT2
putamen_basal_ganglia	ENSG00000119862	M001	False	module_genes	1357.0	442.0	1.0912117986546874	0.047881382694560784	0.0006194345015300029	1.534058117962331	1.283783885217848	1.8331234223950292	fit	1362	2	0.621535394693187	cellular component organization, cellular component organization or biogenesis	coupled	-0.5530543754681175	True	True	True	0.11466035574580133	False	LGALSL
substantia_nigra	ENSG00000119943	M004	False	module_genes	576.0	258.0	1.1721316905140433	0.011655702361279236	0.7781860799282974	0.918706378101362	0.7405900574511649	1.1396607349400962	fit	576	0	0.7698260082862307		discordant	-0.41553010305421995	True	True	True	0.00024708778460080794	False	PYROXD2
cerebellar_hemisphere	ENSG00000120088	M003	False	module_genes	933.0	425.0	1.2081705355746633	8.4745538920076e-06	0.9824318896667084	0.9930373477864146	0.841316031824618	1.1721197942228745	fit	949	6	0.4914345904277392	nucleoside triphosphate biosynthetic process, nucleotide biosynthetic process, ribonucleoside triphosphate biosynthetic process	abundance_only	-0.18329910952989775	False	True	True	0.0005349642016498918	False	CRHR1
frontal_cortex_ba9	ENSG00000120088	M002	False	switch_genes	944.0	397.0	1.1557051891629841	0.00318554872261526	0.7587216383378627	1.0717296069978584	0.9080390999593985	1.2649282950119018	fit	1034	21	0.029361098554400673	supramolecular fiber organization, cell migration, actin cytoskeleton organization	discordant	-0.677232171765267	True	True	True	1.249258128763103e-06	True	CRHR1
hypothalamus	ENSG00000120262	M014	False	switch_genes	87.0	41.0	1.727969348659004	0.002694740306695324	0.0755268998708689	2.112315999719547	1.2640840959982327	3.5297326315522497	fit	99	31	0.04475469901505802	cilium movement, cilium-dependent cell motility, cilium or flagellum-dependent cell motility	abundance_only		False	True	True	1.0	True	CCDC170
cerebellar_hemisphere	ENSG00000120437	M003	False	module_genes	933.0	425.0	1.2081705355746633	8.4745538920076e-06	0.9824318896667084	0.9930373477864146	0.841316031824618	1.1721197942228745	fit	949	6	0.4914345904277392	nucleoside triphosphate biosynthetic process, nucleotide biosynthetic process, ribonucleoside triphosphate biosynthetic process	discordant	-0.39490672609288185	True	True	True	0.0005349642016498918	False	ACAT2
putamen_basal_ganglia	ENSG00000120645	M001	False	module_genes	1357.0	442.0	1.0912117986546874	0.047881382694560784	0.0006194345015300029	1.534058117962331	1.283783885217848	1.8331234223950292	fit	1362	2	0.621535394693187	cellular component organization, cellular component organization or biogenesis	coupled	-0.6472557616190138	True	True	True	0.11466035574580133	False	IQSEC3
putamen_basal_ganglia	ENSG00000120733	M001	False	module_genes	1357.0	442.0	1.0912117986546874	0.047881382694560784	0.0006194345015300029	1.534058117962331	1.283783885217848	1.8331234223950292	fit	1362	2	0.621535394693187	cellular component organization, cellular component organization or biogenesis	coupled	-0.7207010744266168	True	True	True	0.11466035574580133	False	KDM3B
putamen_basal_ganglia	ENSG00000120885	M001	False	module_genes	1357.0	442.0	1.0912117986546874	0.047881382694560784	0.0006194345015300029	1.534058117962331	1.283783885217848	1.8331234223950292	fit	1362	2	0.621535394693187	cellular component organization, cellular component organization or biogenesis	switch_only	-0.4826085315271623	True	True	True	0.11466035574580133	False	CLU
putamen_basal_ganglia	ENSG00000120889	M001	False	module_genes	1357.0	442.0	1.0912117986546874	0.047881382694560784	0.0006194345015300029	1.534058117962331	1.283783885217848	1.8331234223950292	fit	1362	2	0.621535394693187	cellular component organization, cellular component organization or biogenesis	coupled	-0.5450492559841046	True	True	True	0.11466035574580133	False	TNFRSF10B
putamen_basal_ganglia	ENSG00000120896	M001	False	module_genes	1357.0	442.0	1.0912117986546874	0.047881382694560784	0.0006194345015300029	1.534058117962331	1.283783885217848	1.8331234223950292	fit	1362	2	0.621535394693187	cellular component organization, cellular component organization or biogenesis	switch_only	-0.3010214201982891	True	True	True	0.11466035574580133	False	SORBS3
cerebellar_hemisphere	ENSG00000121406	M003	False	module_genes	933.0	425.0	1.2081705355746633	8.4745538920076e-06	0.9824318896667084	0.9930373477864146	0.841316031824618	1.1721197942228745	fit	949	6	0.4914345904277392	nucleoside triphosphate biosynthetic process, nucleotide biosynthetic process, ribonucleoside triphosphate biosynthetic process	discordant	-0.36146476246542053	True	True	True	0.0005349642016498918	False	ZNF549
substantia_nigra	ENSG00000121406	M004	False	module_genes	576.0	258.0	1.1721316905140433	0.011655702361279236	0.7781860799282974	0.918706378101362	0.7405900574511649	1.1396607349400962	fit	576	0	0.7698260082862307		discordant	-0.3571473043995078	True	True	True	0.00024708778460080794	False	ZNF549
frontal_cortex_ba9	ENSG00000121691	M002	False	switch_genes	944.0	397.0	1.1557051891629841	0.00318554872261526	0.7587216383378627	1.0717296069978584	0.9080390999593985	1.2649282950119018	fit	1034	21	0.029361098554400673	supramolecular fiber organization, cell migration, actin cytoskeleton organization	abundance_only		False	True	True	1.249258128763103e-06	True	CAT
frontal_cortex_ba9	ENSG00000121716	M002	False	switch_genes	944.0	397.0	1.1557051891629841	0.00318554872261526	0.7587216383378627	1.0717296069978584	0.9080390999593985	1.2649282950119018	fit	1034	21	0.029361098554400673	supramolecular fiber organization, cell migration, actin cytoskeleton organization	discordant	-0.46828295934993774	True	True	True	1.249258128763103e-06	True	PILRB
putamen_basal_ganglia	ENSG00000121753	M001	False	module_genes	1357.0	442.0	1.0912117986546874	0.047881382694560784	0.0006194345015300029	1.534058117962331	1.283783885217848	1.8331234223950292	fit	1362	2	0.621535394693187	cellular component organization, cellular component organization or biogenesis	coupled	-0.6638056392776223	True	True	True	0.11466035574580133	False	ADGRB2
substantia_nigra	ENSG00000121774	M004	False	module_genes	576.0	258.0	1.1721316905140433	0.011655702361279236	0.7781860799282974	0.918706378101362	0.7405900574511649	1.1396607349400962	fit	576	0	0.7698260082862307		coupled	-0.3644575997238313	True	True	True	0.00024708778460080794	False	KHDRBS1
cerebellar_hemisphere	ENSG00000121851	M003	False	module_genes	933.0	425.0	1.2081705355746633	8.4745538920076e-06	0.9824318896667084	0.9930373477864146	0.841316031824618	1.1721197942228745	fit	949	6	0.4914345904277392	nucleoside triphosphate biosynthetic process, nucleotide biosynthetic process, ribonucleoside triphosphate biosynthetic process	discordant	-0.3807739691320576	True	True	True	0.0005349642016498918	False	POLR3GL
frontal_cortex_ba9	ENSG00000122034	M002	False	switch_genes	944.0	397.0	1.1557051891629841	0.00318554872261526	0.7587216383378627	1.0717296069978584	0.9080390999593985	1.2649282950119018	fit	1034	21	0.029361098554400673	supramolecular fiber organization, cell migration, actin cytoskeleton organization	discordant	-0.7993639461646801	True	True	True	1.249258128763103e-06	True	GTF3A
substantia_nigra	ENSG00000122378	M004	False	module_genes	576.0	258.0	1.1721316905140433	0.011655702361279236	0.7781860799282974	0.918706378101362	0.7405900574511649	1.1396607349400962	fit	576	0	0.7698260082862307		coupled	-0.4216415539699451	True	True	True	0.00024708778460080794	False	PRXL2A
cerebellar_hemisphere	ENSG00000122386	M003	False	module_genes	933.0	425.0	1.2081705355746633	8.4745538920076e-06	0.9824318896667084	0.9930373477864146	0.841316031824618	1.1721197942228745	fit	949	6	0.4914345904277392	nucleoside triphosphate biosynthetic process, nucleotide biosynthetic process, ribonucleoside triphosphate biosynthetic process	discordant	-0.5974102733672599	True	True	True	0.0005349642016498918	False	ZNF205
putamen_basal_ganglia	ENSG00000122642	M001	False	module_genes	1357.0	442.0	1.0912117986546874	0.047881382694560784	0.0006194345015300029	1.534058117962331	1.283783885217848	1.8331234223950292	fit	1362	2	0.621535394693187	cellular component organization, cellular component organization or biogenesis	coupled	-0.8352600575278112	True	True	True	0.11466035574580133	False	FKBP9
frontal_cortex_ba9	ENSG00000122971	M002	False	switch_genes	944.0	397.0	1.1557051891629841	0.00318554872261526	0.7587216383378627	1.0717296069978584	0.9080390999593985	1.2649282950119018	fit	1034	21	0.029361098554400673	supramolecular fiber organization, cell migration, actin cytoskeleton organization	abundance_only		False	True	True	1.249258128763103e-06	True	ACADS
putamen_basal_ganglia	ENSG00000123096	M001	False	module_genes	1357.0	442.0	1.0912117986546874	0.047881382694560784	0.0006194345015300029	1.534058117962331	1.283783885217848	1.8331234223950292	fit	1362	2	0.621535394693187	cellular component organization, cellular component organization or biogenesis	coupled	-0.6040893116428778	True	True	True	0.11466035574580133	False	SSPN
cerebellar_hemisphere	ENSG00000123178	M003	False	module_genes	933.0	425.0	1.2081705355746633	8.4745538920076e-06	0.9824318896667084	0.9930373477864146	0.841316031824618	1.1721197942228745	fit	949	6	0.4914345904277392	nucleoside triphosphate biosynthetic process, nucleotide biosynthetic process, ribonucleoside triphosphate biosynthetic process	discordant	-0.4242017562501124	True	True	True	0.0005349642016498918	False	SPRYD7
frontal_cortex_ba9	ENSG00000123178	M002	False	switch_genes	944.0	397.0	1.1557051891629841	0.00318554872261526	0.7587216383378627	1.0717296069978584	0.9080390999593985	1.2649282950119018	fit	1034	21	0.029361098554400673	supramolecular fiber organization, cell migration, actin cytoskeleton organization	discordant	-0.4754362243956386	True	True	True	1.249258128763103e-06	True	SPRYD7
caudate_sczd	ENSG00000123360	M006	True	switch_genes	343.0	157.0	1.228849841094739	0.010660698329540308	0.17582615298288773	1.3819545740935557	1.0562243359485246	1.8081371351314661	fit	343	0	0.017871150734486828		coupled	0.8656900564394628	True	True	True	6.938353180885315e-08	True	PDE1B
putamen_basal_ganglia	ENSG00000123384	M001	False	module_genes	1357.0	442.0	1.0912117986546874	0.047881382694560784	0.0006194345015300029	1.534058117962331	1.283783885217848	1.8331234223950292	fit	1362	2	0.621535394693187	cellular component organization, cellular component organization or biogenesis	coupled	-0.8763183275539287	True	True	True	0.11466035574580133	False	LRP1
putamen_basal_ganglia	ENSG00000123728	M001	False	module_genes	1357.0	442.0	1.0912117986546874	0.047881382694560784	0.0006194345015300029	1.534058117962331	1.283783885217848	1.8331234223950292	fit	1362	2	0.621535394693187	cellular component organization, cellular component organization or biogenesis	discordant	-0.7430323440929681	True	True	True	0.11466035574580133	False	RAP2C
cerebellar_hemisphere	ENSG00000123737	M003	False	module_genes	933.0	425.0	1.2081705355746633	8.4745538920076e-06	0.9824318896667084	0.9930373477864146	0.841316031824618	1.1721197942228745	fit	949	6	0.4914345904277392	nucleoside triphosphate biosynthetic process, nucleotide biosynthetic process, ribonucleoside triphosphate biosynthetic process	discordant	-0.595405376865871	True	True	True	0.0005349642016498918	False	EXOSC9
substantia_nigra	ENSG00000123737	M004	False	module_genes	576.0	258.0	1.1721316905140433	0.011655702361279236	0.7781860799282974	0.918706378101362	0.7405900574511649	1.1396607349400962	fit	576	0	0.7698260082862307		discordant	-0.5926094167806459	True	True	True	0.00024708778460080794	False	EXOSC9
caudate_sczd	ENSG00000123933	M006	True	switch_genes	343.0	157.0	1.228849841094739	0.010660698329540308	0.17582615298288773	1.3819545740935557	1.0562243359485246	1.8081371351314661	fit	343	0	0.017871150734486828		discordant	0.6741487518988605	True	True	True	6.938353180885315e-08	True	MXD4
cerebellar_hemisphere	ENSG00000123999	M003	False	module_genes	933.0	425.0	1.2081705355746633	8.4745538920076e-06	0.9824318896667084	0.9930373477864146	0.841316031824618	1.1721197942228745	fit	949	6	0.4914345904277392	nucleoside triphosphate biosynthetic process, nucleotide biosynthetic process, ribonucleoside triphosphate biosynthetic process	abundance_only		False	True	True	0.0005349642016498918	False	INHA
caudate_sczd	ENSG00000124074	M006	True	switch_genes	343.0	157.0	1.228849841094739	0.010660698329540308	0.17582615298288773	1.3819545740935557	1.0562243359485246	1.8081371351314661	fit	343	0	0.017871150734486828		discordant	0.38772111936053205	True	True	True	6.938353180885315e-08	True	ENKD1
putamen_basal_ganglia	ENSG00000124126	M001	False	module_genes	1357.0	442.0	1.0912117986546874	0.047881382694560784	0.0006194345015300029	1.534058117962331	1.283783885217848	1.8331234223950292	fit	1362	2	0.621535394693187	cellular component organization, cellular component organization or biogenesis	coupled	-0.8029678676545149	True	True	True	0.11466035574580133	False	PREX1
putamen_basal_ganglia	ENSG00000124155	M001	False	module_genes	1357.0	442.0	1.0912117986546874	0.047881382694560784	0.0006194345015300029	1.534058117962331	1.283783885217848	1.8331234223950292	fit	1362	2	0.621535394693187	cellular component organization, cellular component organization or biogenesis	coupled	-0.5963994326484725	True	True	True	0.11466035574580133	False	PIGT
cerebellar_hemisphere	ENSG00000124194	M003	False	module_genes	933.0	425.0	1.2081705355746633	8.4745538920076e-06	0.9824318896667084	0.9930373477864146	0.841316031824618	1.1721197942228745	fit	949	6	0.4914345904277392	nucleoside triphosphate biosynthetic process, nucleotide biosynthetic process, ribonucleoside triphosphate biosynthetic process	abundance_only	-0.08328435155616584	False	True	True	0.0005349642016498918	False	GDAP1L1
putamen_basal_ganglia	ENSG00000124225	M001	False	module_genes	1357.0	442.0	1.0912117986546874	0.047881382694560784	0.0006194345015300029	1.534058117962331	1.283783885217848	1.8331234223950292	fit	1362	2	0.621535394693187	cellular component organization, cellular component organization or biogenesis	discordant	-0.5923933739979519	True	True	True	0.11466035574580133	False	PMEPA1
caudate_sczd	ENSG00000124226	M006	True	switch_genes	343.0	157.0	1.228849841094739	0.010660698329540308	0.17582615298288773	1.3819545740935557	1.0562243359485246	1.8081371351314661	fit	343	0	0.017871150734486828		discordant	0.8763662600849638	True	True	True	6.938353180885315e-08	True	RNF114
substantia_nigra	ENSG00000124226	M004	False	module_genes	576.0	258.0	1.1721316905140433	0.011655702361279236	0.7781860799282974	0.918706378101362	0.7405900574511649	1.1396607349400962	fit	576	0	0.7698260082862307		discordant	-0.7140739882560131	True	True	True	0.00024708778460080794	False	RNF114
putamen_basal_ganglia	ENSG00000124299	M001	False	module_genes	1357.0	442.0	1.0912117986546874	0.047881382694560784	0.0006194345015300029	1.534058117962331	1.283783885217848	1.8331234223950292	fit	1362	2	0.621535394693187	cellular component organization, cellular component organization or biogenesis	coupled	-0.5919269064588334	True	True	True	0.11466035574580133	False	PEPD
putamen_basal_ganglia	ENSG00000124422	M001	False	module_genes	1357.0	442.0	1.0912117986546874	0.047881382694560784	0.0006194345015300029	1.534058117962331	1.283783885217848	1.8331234223950292	fit	1362	2	0.621535394693187	cellular component organization, cellular component organization or biogenesis	coupled	-0.8740702647319502	True	True	True	0.11466035574580133	False	USP22
putamen_basal_ganglia	ENSG00000124459	M001	False	module_genes	1357.0	442.0	1.0912117986546874	0.047881382694560784	0.0006194345015300029	1.534058117962331	1.283783885217848	1.8331234223950292	fit	1362	2	0.621535394693187	cellular component organization, cellular component organization or biogenesis	coupled	-0.50293251488198	True	True	True	0.11466035574580133	False	ZNF45
putamen_basal_ganglia	ENSG00000124571	M001	False	module_genes	1357.0	442.0	1.0912117986546874	0.047881382694560784	0.0006194345015300029	1.534058117962331	1.283783885217848	1.8331234223950292	fit	1362	2	0.621535394693187	cellular component organization, cellular component organization or biogenesis	coupled	-0.7398974459722777	True	True	True	0.11466035574580133	False	XPO5
caudate_sczd	ENSG00000124574	M006	True	switch_genes	343.0	157.0	1.228849841094739	0.010660698329540308	0.17582615298288773	1.3819545740935557	1.0562243359485246	1.8081371351314661	fit	343	0	0.017871150734486828		discordant	0.5340056205427225	True	True	True	6.938353180885315e-08	True	ABCC10
cerebellar_hemisphere	ENSG00000124602	M003	False	module_genes	933.0	425.0	1.2081705355746633	8.4745538920076e-06	0.9824318896667084	0.9930373477864146	0.841316031824618	1.1721197942228745	fit	949	6	0.4914345904277392	nucleoside triphosphate biosynthetic process, nucleotide biosynthetic process, ribonucleoside triphosphate biosynthetic process	discordant	-0.3405493038674562	True	True	True	0.0005349642016498918	False	UNC5CL
cerebellar_hemisphere	ENSG00000124802	M003	False	module_genes	933.0	425.0	1.2081705355746633	8.4745538920076e-06	0.9824318896667084	0.9930373477864146	0.841316031824618	1.1721197942228745	fit	949	6	0.4914345904277392	nucleoside triphosphate biosynthetic process, nucleotide biosynthetic process, ribonucleoside triphosphate biosynthetic process	discordant	-0.4379689710147484	True	True	True	0.0005349642016498918	False	EEF1E1
frontal_cortex_ba9	ENSG00000124942	M002	False	switch_genes	944.0	397.0	1.1557051891629841	0.00318554872261526	0.7587216383378627	1.0717296069978584	0.9080390999593985	1.2649282950119018	fit	1034	21	0.029361098554400673	supramolecular fiber organization, cell migration, actin cytoskeleton organization	abundance_only		False	True	True	1.249258128763103e-06	True	AHNAK
substantia_nigra	ENSG00000125170	M004	False	module_genes	576.0	258.0	1.1721316905140433	0.011655702361279236	0.7781860799282974	0.918706378101362	0.7405900574511649	1.1396607349400962	fit	576	0	0.7698260082862307		coupled	-0.24142577179450608	True	True	True	0.00024708778460080794	False	DOK4
cerebellar_hemisphere	ENSG00000125445	M003	False	module_genes	933.0	425.0	1.2081705355746633	8.4745538920076e-06	0.9824318896667084	0.9930373477864146	0.841316031824618	1.1721197942228745	fit	949	6	0.4914345904277392	nucleoside triphosphate biosynthetic process, nucleotide biosynthetic process, ribonucleoside triphosphate biosynthetic process	coupled	-0.7884457618475983	True	True	True	0.0005349642016498918	False	MRPS7
substantia_nigra	ENSG00000125445	M004	False	module_genes	576.0	258.0	1.1721316905140433	0.011655702361279236	0.7781860799282974	0.918706378101362	0.7405900574511649	1.1396607349400962	fit	576	0	0.7698260082862307		discordant	-0.7128348122826106	True	True	True	0.00024708778460080794	False	MRPS7
cerebellar_hemisphere	ENSG00000125458	M003	False	module_genes	933.0	425.0	1.2081705355746633	8.4745538920076e-06	0.9824318896667084	0.9930373477864146	0.841316031824618	1.1721197942228745	fit	949	6	0.4914345904277392	nucleoside triphosphate biosynthetic process, nucleotide biosynthetic process, ribonucleoside triphosphate biosynthetic process	coupled	-0.41781563913758085	True	True	True	0.0005349642016498918	False	NT5C
caudate_sczd	ENSG00000125462	M006	True	switch_genes	343.0	157.0	1.228849841094739	0.010660698329540308	0.17582615298288773	1.3819545740935557	1.0562243359485246	1.8081371351314661	fit	343	0	0.017871150734486828		discordant	0.6351848588974409	True	True	True	6.938353180885315e-08	True	MIR9-1HG
putamen_basal_ganglia	ENSG00000125656	M001	False	module_genes	1357.0	442.0	1.0912117986546874	0.047881382694560784	0.0006194345015300029	1.534058117962331	1.283783885217848	1.8331234223950292	fit	1362	2	0.621535394693187	cellular component organization, cellular component organization or biogenesis	discordant	-0.2611491117279532	True	True	True	0.11466035574580133	False	CLPP
putamen_basal_ganglia	ENSG00000125686	M001	False	module_genes	1357.0	442.0	1.0912117986546874	0.047881382694560784	0.0006194345015300029	1.534058117962331	1.283783885217848	1.8331234223950292	fit	1362	2	0.621535394693187	cellular component organization, cellular component organization or biogenesis	coupled	-0.8438832521659795	True	True	True	0.11466035574580133	False	MED1
cerebellar_hemisphere	ENSG00000125744	M003	False	module_genes	933.0	425.0	1.2081705355746633	8.4745538920076e-06	0.9824318896667084	0.9930373477864146	0.841316031824618	1.1721197942228745	fit	949	6	0.4914345904277392	nucleoside triphosphate biosynthetic process, nucleotide biosynthetic process, ribonucleoside triphosphate biosynthetic process	discordant	-0.6176805915961097	True	True	True	0.0005349642016498918	False	RTN2
putamen_basal_ganglia	ENSG00000125812	M001	False	module_genes	1357.0	442.0	1.0912117986546874	0.047881382694560784	0.0006194345015300029	1.534058117962331	1.283783885217848	1.8331234223950292	fit	1362	2	0.621535394693187	cellular component organization, cellular component organization or biogenesis	discordant	-0.4121177695948529	True	True	True	0.11466035574580133	False	GZF1
cerebellar_hemisphere	ENSG00000125818	M003	False	module_genes	933.0	425.0	1.2081705355746633	8.4745538920076e-06	0.9824318896667084	0.9930373477864146	0.841316031824618	1.1721197942228745	fit	949	6	0.4914345904277392	nucleoside triphosphate biosynthetic process, nucleotide biosynthetic process, ribonucleoside triphosphate biosynthetic process	coupled	-0.3978235115796283	True	True	True	0.0005349642016498918	False	PSMF1
frontal_cortex_ba9	ENSG00000125818	M002	False	switch_genes	944.0	397.0	1.1557051891629841	0.00318554872261526	0.7587216383378627	1.0717296069978584	0.9080390999593985	1.2649282950119018	fit	1034	21	0.029361098554400673	supramolecular fiber organization, cell migration, actin cytoskeleton organization	discordant	-0.6916969389754677	True	True	True	1.249258128763103e-06	True	PSMF1
putamen_basal_ganglia	ENSG00000125844	M001	False	module_genes	1357.0	442.0	1.0912117986546874	0.047881382694560784	0.0006194345015300029	1.534058117962331	1.283783885217848	1.8331234223950292	fit	1362	2	0.621535394693187	cellular component organization, cellular component organization or biogenesis	coupled	-0.6221005987855477	True	True	True	0.11466035574580133	False	RRBP1
putamen_basal_ganglia	ENSG00000125912	M001	False	module_genes	1357.0	442.0	1.0912117986546874	0.047881382694560784	0.0006194345015300029	1.534058117962331	1.283783885217848	1.8331234223950292	fit	1362	2	0.621535394693187	cellular component organization, cellular component organization or biogenesis	coupled	-0.7525882167696784	True	True	True	0.11466035574580133	False	NCLN
frontal_cortex_ba9	ENSG00000125967	M002	False	switch_genes	944.0	397.0	1.1557051891629841	0.00318554872261526	0.7587216383378627	1.0717296069978584	0.9080390999593985	1.2649282950119018	fit	1034	21	0.029361098554400673	supramolecular fiber organization, cell migration, actin cytoskeleton organization	discordant	-0.4201677272449193	True	True	True	1.249258128763103e-06	True	NECAB3
frontal_cortex_ba9	ENSG00000125991	M002	False	switch_genes	944.0	397.0	1.1557051891629841	0.00318554872261526	0.7587216383378627	1.0717296069978584	0.9080390999593985	1.2649282950119018	fit	1034	21	0.029361098554400673	supramolecular fiber organization, cell migration, actin cytoskeleton organization	discordant	-0.9449128325496798	True	True	True	1.249258128763103e-06	True	ERGIC3
putamen_basal_ganglia	ENSG00000126001	M001	False	module_genes	1357.0	442.0	1.0912117986546874	0.047881382694560784	0.0006194345015300029	1.534058117962331	1.283783885217848	1.8331234223950292	fit	1362	2	0.621535394693187	cellular component organization, cellular component organization or biogenesis	coupled	-0.37887874717548337	True	True	True	0.11466035574580133	False	CEP250
putamen_basal_ganglia	ENSG00000126247	M001	False	module_genes	1357.0	442.0	1.0912117986546874	0.047881382694560784	0.0006194345015300029	1.534058117962331	1.283783885217848	1.8331234223950292	fit	1362	2	0.621535394693187	cellular component organization, cellular component organization or biogenesis	discordant	-0.3671445718784537	True	True	True	0.11466035574580133	False	CAPNS1
cerebellar_hemisphere	ENSG00000126351	M003	False	module_genes	933.0	425.0	1.2081705355746633	8.4745538920076e-06	0.9824318896667084	0.9930373477864146	0.841316031824618	1.1721197942228745	fit	949	6	0.4914345904277392	nucleoside triphosphate biosynthetic process, nucleotide biosynthetic process, ribonucleoside triphosphate biosynthetic process	discordant	-0.617996002332611	True	True	True	0.0005349642016498918	False	THRA
cerebellar_hemisphere	ENSG00000126457	M003	False	module_genes	933.0	425.0	1.2081705355746633	8.4745538920076e-06	0.9824318896667084	0.9930373477864146	0.841316031824618	1.1721197942228745	fit	949	6	0.4914345904277392	nucleoside triphosphate biosynthetic process, nucleotide biosynthetic process, ribonucleoside triphosphate biosynthetic process	abundance_only	-0.14677924978981138	False	True	True	0.0005349642016498918	False	PRMT1
substantia_nigra	ENSG00000126457	M004	False	module_genes	576.0	258.0	1.1721316905140433	0.011655702361279236	0.7781860799282974	0.918706378101362	0.7405900574511649	1.1396607349400962	fit	576	0	0.7698260082862307		abundance_only	-0.1101514727559327	False	True	True	0.00024708778460080794	False	PRMT1
cerebellar_hemisphere	ENSG00000126581	M003	False	module_genes	933.0	425.0	1.2081705355746633	8.4745538920076e-06	0.9824318896667084	0.9930373477864146	0.841316031824618	1.1721197942228745	fit	949	6	0.4914345904277392	nucleoside triphosphate biosynthetic process, nucleotide biosynthetic process, ribonucleoside triphosphate biosynthetic process	abundance_only	0.08153094576491834	False	True	True	0.0005349642016498918	False	BECN1
frontal_cortex_ba9	ENSG00000126803	M002	False	switch_genes	944.0	397.0	1.1557051891629841	0.00318554872261526	0.7587216383378627	1.0717296069978584	0.9080390999593985	1.2649282950119018	fit	1034	21	0.029361098554400673	supramolecular fiber organization, cell migration, actin cytoskeleton organization	abundance_only		False	True	True	1.249258128763103e-06	True	HSPA2
cerebellar_hemisphere	ENSG00000126861	M003	False	module_genes	933.0	425.0	1.2081705355746633	8.4745538920076e-06	0.9824318896667084	0.9930373477864146	0.841316031824618	1.1721197942228745	fit	949	6	0.4914345904277392	nucleoside triphosphate biosynthetic process, nucleotide biosynthetic process, ribonucleoside triphosphate biosynthetic process	abundance_only	-0.08968189710588807	False	True	True	0.0005349642016498918	False	OMG
caudate_sczd	ENSG00000126870	M006	True	switch_genes	343.0	157.0	1.228849841094739	0.010660698329540308	0.17582615298288773	1.3819545740935557	1.0562243359485246	1.8081371351314661	fit	343	0	0.017871150734486828		discordant	0.7738075440081013	True	True	True	6.938353180885315e-08	True	DYNC2I1
cerebellar_hemisphere	ENSG00000126878	M003	False	module_genes	933.0	425.0	1.2081705355746633	8.4745538920076e-06	0.9824318896667084	0.9930373477864146	0.841316031824618	1.1721197942228745	fit	949	6	0.4914345904277392	nucleoside triphosphate biosynthetic process, nucleotide biosynthetic process, ribonucleoside triphosphate biosynthetic process	abundance_only		False	True	True	0.0005349642016498918	False	AIF1L
frontal_cortex_ba9	ENSG00000126878	M002	False	switch_genes	944.0	397.0	1.1557051891629841	0.00318554872261526	0.7587216383378627	1.0717296069978584	0.9080390999593985	1.2649282950119018	fit	1034	21	0.029361098554400673	supramolecular fiber organization, cell migration, actin cytoskeleton organization	abundance_only		False	True	True	1.249258128763103e-06	True	AIF1L
substantia_nigra	ENSG00000127084	M004	False	module_genes	576.0	258.0	1.1721316905140433	0.011655702361279236	0.7781860799282974	0.918706378101362	0.7405900574511649	1.1396607349400962	fit	576	0	0.7698260082862307		abundance_only	-0.16883228933233607	False	True	True	0.00024708778460080794	False	FGD3
cerebellar_hemisphere	ENSG00000127337	M003	False	module_genes	933.0	425.0	1.2081705355746633	8.4745538920076e-06	0.9824318896667084	0.9930373477864146	0.841316031824618	1.1721197942228745	fit	949	6	0.4914345904277392	nucleoside triphosphate biosynthetic process, nucleotide biosynthetic process, ribonucleoside triphosphate biosynthetic process	coupled	-0.49947827309295645	True	True	True	0.0005349642016498918	False	YEATS4
frontal_cortex_ba9	ENSG00000127418	M002	False	switch_genes	944.0	397.0	1.1557051891629841	0.00318554872261526	0.7587216383378627	1.0717296069978584	0.9080390999593985	1.2649282950119018	fit	1034	21	0.029361098554400673	supramolecular fiber organization, cell migration, actin cytoskeleton organization	abundance_only		False	True	True	1.249258128763103e-06	True	FGFRL1
cerebellar_hemisphere	ENSG00000127419	M003	False	module_genes	933.0	425.0	1.2081705355746633	8.4745538920076e-06	0.9824318896667084	0.9930373477864146	0.841316031824618	1.1721197942228745	fit	949	6	0.4914345904277392	nucleoside triphosphate biosynthetic process, nucleotide biosynthetic process, ribonucleoside triphosphate biosynthetic process	discordant	-0.5402762073188161	True	True	True	0.0005349642016498918	False	TMEM175
cerebellar_hemisphere	ENSG00000127452	M003	False	module_genes	933.0	425.0	1.2081705355746633	8.4745538920076e-06	0.9824318896667084	0.9930373477864146	0.841316031824618	1.1721197942228745	fit	949	6	0.4914345904277392	nucleoside triphosphate biosynthetic process, nucleotide biosynthetic process, ribonucleoside triphosphate biosynthetic process	discordant	-0.29152784711817414	True	True	True	0.0005349642016498918	False	FBXL12
putamen_basal_ganglia	ENSG00000127472	M001	False	module_genes	1357.0	442.0	1.0912117986546874	0.047881382694560784	0.0006194345015300029	1.534058117962331	1.283783885217848	1.8331234223950292	fit	1362	2	0.621535394693187	cellular component organization, cellular component organization or biogenesis	discordant	-0.31946229531473813	True	True	True	0.11466035574580133	False	PLA2G5
cerebellar_hemisphere	ENSG00000127483	M003	False	module_genes	933.0	425.0	1.2081705355746633	8.4745538920076e-06	0.9824318896667084	0.9930373477864146	0.841316031824618	1.1721197942228745	fit	949	6	0.4914345904277392	nucleoside triphosphate biosynthetic process, nucleotide biosynthetic process, ribonucleoside triphosphate biosynthetic process	discordant	-0.7392900219491654	True	True	True	0.0005349642016498918	False	HP1BP3
substantia_nigra	ENSG00000127483	M004	False	module_genes	576.0	258.0	1.1721316905140433	0.011655702361279236	0.7781860799282974	0.918706378101362	0.7405900574511649	1.1396607349400962	fit	576	0	0.7698260082862307		discordant	-0.7373594754443079	True	True	True	0.00024708778460080794	False	HP1BP3
caudate_sczd	ENSG00000127511	M006	True	switch_genes	343.0	157.0	1.228849841094739	0.010660698329540308	0.17582615298288773	1.3819545740935557	1.0562243359485246	1.8081371351314661	fit	343	0	0.017871150734486828		discordant	0.5256885074440711	True	True	True	6.938353180885315e-08	True	SIN3B
putamen_basal_ganglia	ENSG00000127616	M001	False	module_genes	1357.0	442.0	1.0912117986546874	0.047881382694560784	0.0006194345015300029	1.534058117962331	1.283783885217848	1.8331234223950292	fit	1362	2	0.621535394693187	cellular component organization, cellular component organization or biogenesis	discordant	-0.3760716217003361	True	True	True	0.11466035574580133	False	SMARCA4
cerebellar_hemisphere	ENSG00000127922	M003	False	module_genes	933.0	425.0	1.2081705355746633	8.4745538920076e-06	0.9824318896667084	0.9930373477864146	0.841316031824618	1.1721197942228745	fit	949	6	0.4914345904277392	nucleoside triphosphate biosynthetic process, nucleotide biosynthetic process, ribonucleoside triphosphate biosynthetic process	discordant	-0.6952613942998465	True	True	True	0.0005349642016498918	False	SEM1
frontal_cortex_ba9	ENSG00000127946	M002	False	switch_genes	944.0	397.0	1.1557051891629841	0.00318554872261526	0.7587216383378627	1.0717296069978584	0.9080390999593985	1.2649282950119018	fit	1034	21	0.029361098554400673	supramolecular fiber organization, cell migration, actin cytoskeleton organization	abundance_only		False	True	True	1.249258128763103e-06	True	HIP1
putamen_basal_ganglia	ENSG00000127946	M001	False	module_genes	1357.0	442.0	1.0912117986546874	0.047881382694560784	0.0006194345015300029	1.534058117962331	1.283783885217848	1.8331234223950292	fit	1362	2	0.621535394693187	cellular component organization, cellular component organization or biogenesis	abundance_only		False	True	True	0.11466035574580133	False	HIP1
cerebellar_hemisphere	ENSG00000127989	M003	False	module_genes	933.0	425.0	1.2081705355746633	8.4745538920076e-06	0.9824318896667084	0.9930373477864146	0.841316031824618	1.1721197942228745	fit	949	6	0.4914345904277392	nucleoside triphosphate biosynthetic process, nucleotide biosynthetic process, ribonucleoside triphosphate biosynthetic process	discordant	-0.2916813127090044	True	True	True	0.0005349642016498918	False	MTERF1
frontal_cortex_ba9	ENSG00000127989	M002	False	switch_genes	944.0	397.0	1.1557051891629841	0.00318554872261526	0.7587216383378627	1.0717296069978584	0.9080390999593985	1.2649282950119018	fit	1034	21	0.029361098554400673	supramolecular fiber organization, cell migration, actin cytoskeleton organization	discordant	-0.3678630487668765	True	True	True	1.249258128763103e-06	True	MTERF1
frontal_cortex_ba9	ENSG00000128016	M002	False	switch_genes	944.0	397.0	1.1557051891629841	0.00318554872261526	0.7587216383378627	1.0717296069978584	0.9080390999593985	1.2649282950119018	fit	1034	21	0.029361098554400673	supramolecular fiber organization, cell migration, actin cytoskeleton organization	abundance_only		False	True	True	1.249258128763103e-06	True	ZFP36
substantia_nigra	ENSG00000128050	M004	False	module_genes	576.0	258.0	1.1721316905140433	0.011655702361279236	0.7781860799282974	0.918706378101362	0.7405900574511649	1.1396607349400962	fit	576	0	0.7698260082862307		abundance_only	0.1134187371527315	False	True	True	0.00024708778460080794	False	PAICS
substantia_nigra	ENSG00000128567	M004	False	module_genes	576.0	258.0	1.1721316905140433	0.011655702361279236	0.7781860799282974	0.918706378101362	0.7405900574511649	1.1396607349400962	fit	576	0	0.7698260082862307		switch_only	-0.3381865442907099	True	True	True	0.00024708778460080794	False	PODXL
frontal_cortex_ba9	ENSG00000128596	M002	False	switch_genes	944.0	397.0	1.1557051891629841	0.00318554872261526	0.7587216383378627	1.0717296069978584	0.9080390999593985	1.2649282950119018	fit	1034	21	0.029361098554400673	supramolecular fiber organization, cell migration, actin cytoskeleton organization	discordant	-0.5929922444397391	True	True	True	1.249258128763103e-06	True	CCDC136
frontal_cortex_ba9	ENSG00000128602	M002	False	switch_genes	944.0	397.0	1.1557051891629841	0.00318554872261526	0.7587216383378627	1.0717296069978584	0.9080390999593985	1.2649282950119018	fit	1034	21	0.029361098554400673	supramolecular fiber organization, cell migration, actin cytoskeleton organization	abundance_only		False	True	True	1.249258128763103e-06	True	SMO
putamen_basal_ganglia	ENSG00000128731	M001	False	module_genes	1357.0	442.0	1.0912117986546874	0.047881382694560784	0.0006194345015300029	1.534058117962331	1.283783885217848	1.8331234223950292	fit	1362	2	0.621535394693187	cellular component organization, cellular component organization or biogenesis	coupled	-0.8108354826086547	True	True	True	0.11466035574580133	False	HERC2
putamen_basal_ganglia	ENSG00000128815	M001	False	module_genes	1357.0	442.0	1.0912117986546874	0.047881382694560784	0.0006194345015300029	1.534058117962331	1.283783885217848	1.8331234223950292	fit	1362	2	0.621535394693187	cellular component organization, cellular component organization or biogenesis	coupled	-0.48074346046960437	True	True	True	0.11466035574580133	False	WDFY4
frontal_cortex_ba9	ENSG00000128849	M002	False	switch_genes	944.0	397.0	1.1557051891629841	0.00318554872261526	0.7587216383378627	1.0717296069978584	0.9080390999593985	1.2649282950119018	fit	1034	21	0.029361098554400673	supramolecular fiber organization, cell migration, actin cytoskeleton organization	abundance_only		False	True	True	1.249258128763103e-06	True	CGNL1
putamen_basal_ganglia	ENSG00000129116	M001	False	module_genes	1357.0	442.0	1.0912117986546874	0.047881382694560784	0.0006194345015300029	1.534058117962331	1.283783885217848	1.8331234223950292	fit	1362	2	0.621535394693187	cellular component organization, cellular component organization or biogenesis	coupled	-0.7010432306581416	True	True	True	0.11466035574580133	False	PALLD
cerebellar_hemisphere	ENSG00000129226	M003	False	module_genes	933.0	425.0	1.2081705355746633	8.4745538920076e-06	0.9824318896667084	0.9930373477864146	0.841316031824618	1.1721197942228745	fit	949	6	0.4914345904277392	nucleoside triphosphate biosynthetic process, nucleotide biosynthetic process, ribonucleoside triphosphate biosynthetic process	discordant	-0.2977679789409993	True	True	True	0.0005349642016498918	False	CD68
cerebellar_hemisphere	ENSG00000129235	M003	False	module_genes	933.0	425.0	1.2081705355746633	8.4745538920076e-06	0.9824318896667084	0.9930373477864146	0.841316031824618	1.1721197942228745	fit	949	6	0.4914345904277392	nucleoside triphosphate biosynthetic process, nucleotide biosynthetic process, ribonucleoside triphosphate biosynthetic process	coupled	-0.5143949056570566	True	True	True	0.0005349642016498918	False	TXNDC17
frontal_cortex_ba9	ENSG00000129244	M002	False	switch_genes	944.0	397.0	1.1557051891629841	0.00318554872261526	0.7587216383378627	1.0717296069978584	0.9080390999593985	1.2649282950119018	fit	1034	21	0.029361098554400673	supramolecular fiber organization, cell migration, actin cytoskeleton organization	abundance_only		False	True	True	1.249258128763103e-06	True	ATP1B2
frontal_cortex_ba9	ENSG00000129250	M002	False	switch_genes	944.0	397.0	1.1557051891629841	0.00318554872261526	0.7587216383378627	1.0717296069978584	0.9080390999593985	1.2649282950119018	fit	1034	21	0.029361098554400673	supramolecular fiber organization, cell migration, actin cytoskeleton organization	abundance_only		False	True	True	1.249258128763103e-06	True	KIF1C
cerebellar_hemisphere	ENSG00000129824	M003	False	module_genes	933.0	425.0	1.2081705355746633	8.4745538920076e-06	0.9824318896667084	0.9930373477864146	0.841316031824618	1.1721197942228745	fit	949	6	0.4914345904277392	nucleoside triphosphate biosynthetic process, nucleotide biosynthetic process, ribonucleoside triphosphate biosynthetic process	inactive	-0.1181604675220428	False	True	True	0.0005349642016498918	False	RPS4Y1
putamen_basal_ganglia	ENSG00000129824	M001	False	module_genes	1357.0	442.0	1.0912117986546874	0.047881382694560784	0.0006194345015300029	1.534058117962331	1.283783885217848	1.8331234223950292	fit	1362	2	0.621535394693187	cellular component organization, cellular component organization or biogenesis	inactive	-0.12767486589725882	False	True	True	0.11466035574580133	False	RPS4Y1
substantia_nigra	ENSG00000129946	M004	False	module_genes	576.0	258.0	1.1721316905140433	0.011655702361279236	0.7781860799282974	0.918706378101362	0.7405900574511649	1.1396607349400962	fit	576	0	0.7698260082862307		abundance_only	-0.024442843845890166	False	True	True	0.00024708778460080794	False	SHC2
frontal_cortex_ba9	ENSG00000130005	M002	False	switch_genes	944.0	397.0	1.1557051891629841	0.00318554872261526	0.7587216383378627	1.0717296069978584	0.9080390999593985	1.2649282950119018	fit	1034	21	0.029361098554400673	supramolecular fiber organization, cell migration, actin cytoskeleton organization	discordant	-0.7940431069888793	True	True	True	1.249258128763103e-06	True	GAMT
frontal_cortex_ba9	ENSG00000130147	M002	False	switch_genes	944.0	397.0	1.1557051891629841	0.00318554872261526	0.7587216383378627	1.0717296069978584	0.9080390999593985	1.2649282950119018	fit	1034	21	0.029361098554400673	supramolecular fiber organization, cell migration, actin cytoskeleton organization	abundance_only		False	True	True	1.249258128763103e-06	True	SH3BP4
frontal_cortex_ba9	ENSG00000130176	M002	False	switch_genes	944.0	397.0	1.1557051891629841	0.00318554872261526	0.7587216383378627	1.0717296069978584	0.9080390999593985	1.2649282950119018	fit	1034	21	0.029361098554400673	supramolecular fiber organization, cell migration, actin cytoskeleton organization	discordant	-0.5493505183704461	True	True	True	1.249258128763103e-06	True	CNN1
cerebellar_hemisphere	ENSG00000130244	M003	False	module_genes	933.0	425.0	1.2081705355746633	8.4745538920076e-06	0.9824318896667084	0.9930373477864146	0.841316031824618	1.1721197942228745	fit	949	6	0.4914345904277392	nucleoside triphosphate biosynthetic process, nucleotide biosynthetic process, ribonucleoside triphosphate biosynthetic process	coupled	-0.24198031994845765	True	True	True	0.0005349642016498918	False	FAM98C
substantia_nigra	ENSG00000130244	M004	False	module_genes	576.0	258.0	1.1721316905140433	0.011655702361279236	0.7781860799282974	0.918706378101362	0.7405900574511649	1.1396607349400962	fit	576	0	0.7698260082862307		discordant	-0.49077013693763577	True	True	True	0.00024708778460080794	False	FAM98C
substantia_nigra	ENSG00000130299	M004	False	module_genes	576.0	258.0	1.1721316905140433	0.011655702361279236	0.7781860799282974	0.918706378101362	0.7405900574511649	1.1396607349400962	fit	576	0	0.7698260082862307		abundance_only	-0.18816272524345753	False	True	True	0.00024708778460080794	False	GTPBP3
caudate_sczd	ENSG00000130304	M006	True	switch_genes	343.0	157.0	1.228849841094739	0.010660698329540308	0.17582615298288773	1.3819545740935557	1.0562243359485246	1.8081371351314661	fit	343	0	0.017871150734486828		discordant	0.7407552175437585	True	True	True	6.938353180885315e-08	True	SLC27A1
substantia_nigra	ENSG00000130304	M004	False	module_genes	576.0	258.0	1.1721316905140433	0.011655702361279236	0.7781860799282974	0.918706378101362	0.7405900574511649	1.1396607349400962	fit	576	0	0.7698260082862307		discordant	-0.7046914469178621	True	True	True	0.00024708778460080794	False	SLC27A1
cerebellar_hemisphere	ENSG00000130305	M003	False	module_genes	933.0	425.0	1.2081705355746633	8.4745538920076e-06	0.9824318896667084	0.9930373477864146	0.841316031824618	1.1721197942228745	fit	949	6	0.4914345904277392	nucleoside triphosphate biosynthetic process, nucleotide biosynthetic process, ribonucleoside triphosphate biosynthetic process	discordant	-0.36637395984487336	True	True	True	0.0005349642016498918	False	NSUN5
caudate_sczd	ENSG00000130309	M006	True	switch_genes	343.0	157.0	1.228849841094739	0.010660698329540308	0.17582615298288773	1.3819545740935557	1.0562243359485246	1.8081371351314661	fit	343	0	0.017871150734486828		discordant	0.5750718701069596	True	True	True	6.938353180885315e-08	True	COLGALT1
putamen_basal_ganglia	ENSG00000130309	M001	False	module_genes	1357.0	442.0	1.0912117986546874	0.047881382694560784	0.0006194345015300029	1.534058117962331	1.283783885217848	1.8331234223950292	fit	1362	2	0.621535394693187	cellular component organization, cellular component organization or biogenesis	coupled	-0.6374747503734143	True	True	True	0.11466035574580133	False	COLGALT1
frontal_cortex_ba9	ENSG00000130332	M002	False	switch_genes	944.0	397.0	1.1557051891629841	0.00318554872261526	0.7587216383378627	1.0717296069978584	0.9080390999593985	1.2649282950119018	fit	1034	21	0.029361098554400673	supramolecular fiber organization, cell migration, actin cytoskeleton organization	switch_only	-0.3440958579655476	True	True	True	1.249258128763103e-06	True	LSM7
substantia_nigra	ENSG00000130511	M004	False	module_genes	576.0	258.0	1.1721316905140433	0.011655702361279236	0.7781860799282974	0.918706378101362	0.7405900574511649	1.1396607349400962	fit	576	0	0.7698260082862307		discordant	-0.37579874152069914	True	True	True	0.00024708778460080794	False	SSBP4
frontal_cortex_ba9	ENSG00000130517	M002	False	switch_genes	944.0	397.0	1.1557051891629841	0.00318554872261526	0.7587216383378627	1.0717296069978584	0.9080390999593985	1.2649282950119018	fit	1034	21	0.029361098554400673	supramolecular fiber organization, cell migration, actin cytoskeleton organization	abundance_only		False	True	True	1.249258128763103e-06	True	PGPEP1
frontal_cortex_ba9	ENSG00000130592	M002	False	switch_genes	944.0	397.0	1.1557051891629841	0.00318554872261526	0.7587216383378627	1.0717296069978584	0.9080390999593985	1.2649282950119018	fit	1034	21	0.029361098554400673	supramolecular fiber organization, cell migration, actin cytoskeleton organization	switch_only	-0.4654486792871542	True	True	True	1.249258128763103e-06	True	LSP1
substantia_nigra	ENSG00000130649	M004	False	module_genes	576.0	258.0	1.1721316905140433	0.011655702361279236	0.7781860799282974	0.918706378101362	0.7405900574511649	1.1396607349400962	fit	576	0	0.7698260082862307		discordant	-0.3812335145783869	True	True	True	0.00024708778460080794	False	CYP2E1
putamen_basal_ganglia	ENSG00000130653	M001	False	module_genes	1357.0	442.0	1.0912117986546874	0.047881382694560784	0.0006194345015300029	1.534058117962331	1.283783885217848	1.8331234223950292	fit	1362	2	0.621535394693187	cellular component organization, cellular component organization or biogenesis	discordant	-0.2818096053682207	True	True	True	0.11466035574580133	False	PNPLA7
putamen_basal_ganglia	ENSG00000130702	M001	False	module_genes	1357.0	442.0	1.0912117986546874	0.047881382694560784	0.0006194345015300029	1.534058117962331	1.283783885217848	1.8331234223950292	fit	1362	2	0.621535394693187	cellular component organization, cellular component organization or biogenesis	coupled	-0.8213808657463947	True	True	True	0.11466035574580133	False	LAMA5
cerebellar_hemisphere	ENSG00000130724	M003	False	module_genes	933.0	425.0	1.2081705355746633	8.4745538920076e-06	0.9824318896667084	0.9930373477864146	0.841316031824618	1.1721197942228745	fit	949	6	0.4914345904277392	nucleoside triphosphate biosynthetic process, nucleotide biosynthetic process, ribonucleoside triphosphate biosynthetic process	discordant	-0.7522789235021683	True	True	True	0.0005349642016498918	False	CHMP2A
frontal_cortex_ba9	ENSG00000130733	M002	False	switch_genes	944.0	397.0	1.1557051891629841	0.00318554872261526	0.7587216383378627	1.0717296069978584	0.9080390999593985	1.2649282950119018	fit	1034	21	0.029361098554400673	supramolecular fiber organization, cell migration, actin cytoskeleton organization	discordant	-0.7633722486826587	True	True	True	1.249258128763103e-06	True	YIPF2
substantia_nigra	ENSG00000130733	M004	False	module_genes	576.0	258.0	1.1721316905140433	0.011655702361279236	0.7781860799282974	0.918706378101362	0.7405900574511649	1.1396607349400962	fit	576	0	0.7698260082862307		abundance_only	0.013889408023719758	False	True	True	0.00024708778460080794	False	YIPF2
cerebellar_hemisphere	ENSG00000130770	M003	False	module_genes	933.0	425.0	1.2081705355746633	8.4745538920076e-06	0.9824318896667084	0.9930373477864146	0.841316031824618	1.1721197942228745	fit	949	6	0.4914345904277392	nucleoside triphosphate biosynthetic process, nucleotide biosynthetic process, ribonucleoside triphosphate biosynthetic process	discordant	-0.7783531712969212	True	True	True	0.0005349642016498918	False	ATP5IF1
substantia_nigra	ENSG00000130770	M004	False	module_genes	576.0	258.0	1.1721316905140433	0.011655702361279236	0.7781860799282974	0.918706378101362	0.7405900574511649	1.1396607349400962	fit	576	0	0.7698260082862307		coupled	-0.42673658049812163	True	True	True	0.00024708778460080794	False	ATP5IF1
putamen_basal_ganglia	ENSG00000130810	M001	False	module_genes	1357.0	442.0	1.0912117986546874	0.047881382694560784	0.0006194345015300029	1.534058117962331	1.283783885217848	1.8331234223950292	fit	1362	2	0.621535394693187	cellular component organization, cellular component organization or biogenesis	discordant	-0.3545429506971993	True	True	True	0.11466035574580133	False	PPAN
cerebellar_hemisphere	ENSG00000130813	M003	False	module_genes	933.0	425.0	1.2081705355746633	8.4745538920076e-06	0.9824318896667084	0.9930373477864146	0.841316031824618	1.1721197942228745	fit	949	6	0.4914345904277392	nucleoside triphosphate biosynthetic process, nucleotide biosynthetic process, ribonucleoside triphosphate biosynthetic process	discordant	-0.26155306687383634	True	True	True	0.0005349642016498918	False	SHFL
substantia_nigra	ENSG00000130813	M004	False	module_genes	576.0	258.0	1.1721316905140433	0.011655702361279236	0.7781860799282974	0.918706378101362	0.7405900574511649	1.1396607349400962	fit	576	0	0.7698260082862307		discordant	-0.5731969476856776	True	True	True	0.00024708778460080794	False	SHFL
frontal_cortex_ba9	ENSG00000130822	M002	False	switch_genes	944.0	397.0	1.1557051891629841	0.00318554872261526	0.7587216383378627	1.0717296069978584	0.9080390999593985	1.2649282950119018	fit	1034	21	0.029361098554400673	supramolecular fiber organization, cell migration, actin cytoskeleton organization	discordant	-0.3411263222681156	True	True	True	1.249258128763103e-06	True	PNCK
putamen_basal_ganglia	ENSG00000130940	M001	False	module_genes	1357.0	442.0	1.0912117986546874	0.047881382694560784	0.0006194345015300029	1.534058117962331	1.283783885217848	1.8331234223950292	fit	1362	2	0.621535394693187	cellular component organization, cellular component organization or biogenesis	abundance_only	-0.03934853040103261	False	True	True	0.11466035574580133	False	CASZ1
frontal_cortex_ba9	ENSG00000130997	M002	False	switch_genes	944.0	397.0	1.1557051891629841	0.00318554872261526	0.7587216383378627	1.0717296069978584	0.9080390999593985	1.2649282950119018	fit	1034	21	0.029361098554400673	supramolecular fiber organization, cell migration, actin cytoskeleton organization	abundance_only	-0.16829651443569058	False	True	True	1.249258128763103e-06	True	POLN
frontal_cortex_ba9	ENSG00000131095	M002	False	switch_genes	944.0	397.0	1.1557051891629841	0.00318554872261526	0.7587216383378627	1.0717296069978584	0.9080390999593985	1.2649282950119018	fit	1034	21	0.029361098554400673	supramolecular fiber organization, cell migration, actin cytoskeleton organization	abundance_only		False	True	True	1.249258128763103e-06	True	GFAP
caudate_sczd	ENSG00000131148	M006	True	switch_genes	343.0	157.0	1.228849841094739	0.010660698329540308	0.17582615298288773	1.3819545740935557	1.0562243359485246	1.8081371351314661	fit	343	0	0.017871150734486828		switch_only	0.41648414343137674	True	True	True	6.938353180885315e-08	True	EMC8
cerebellar_hemisphere	ENSG00000131148	M003	False	module_genes	933.0	425.0	1.2081705355746633	8.4745538920076e-06	0.9824318896667084	0.9930373477864146	0.841316031824618	1.1721197942228745	fit	949	6	0.4914345904277392	nucleoside triphosphate biosynthetic process, nucleotide biosynthetic process, ribonucleoside triphosphate biosynthetic process	discordant	-0.5061872469192225	True	True	True	0.0005349642016498918	False	EMC8
frontal_cortex_ba9	ENSG00000131148	M002	False	switch_genes	944.0	397.0	1.1557051891629841	0.00318554872261526	0.7587216383378627	1.0717296069978584	0.9080390999593985	1.2649282950119018	fit	1034	21	0.029361098554400673	supramolecular fiber organization, cell migration, actin cytoskeleton organization	inactive	-0.06558419569948552	False	True	True	1.249258128763103e-06	True	EMC8
substantia_nigra	ENSG00000131148	M004	False	module_genes	576.0	258.0	1.1721316905140433	0.011655702361279236	0.7781860799282974	0.918706378101362	0.7405900574511649	1.1396607349400962	fit	576	0	0.7698260082862307		discordant	-0.45355523707025636	True	True	True	0.00024708778460080794	False	EMC8
frontal_cortex_ba9	ENSG00000131386	M002	False	switch_genes	944.0	397.0	1.1557051891629841	0.00318554872261526	0.7587216383378627	1.0717296069978584	0.9080390999593985	1.2649282950119018	fit	1034	21	0.029361098554400673	supramolecular fiber organization, cell migration, actin cytoskeleton organization	abundance_only		False	True	True	1.249258128763103e-06	True	GALNT15
cerebellar_hemisphere	ENSG00000131471	M003	False	module_genes	933.0	425.0	1.2081705355746633	8.4745538920076e-06	0.9824318896667084	0.9930373477864146	0.841316031824618	1.1721197942228745	fit	949	6	0.4914345904277392	nucleoside triphosphate biosynthetic process, nucleotide biosynthetic process, ribonucleoside triphosphate biosynthetic process	switch_only	-0.21047305037401767	True	True	True	0.0005349642016498918	False	AOC3
cerebellar_hemisphere	ENSG00000131495	M003	False	module_genes	933.0	425.0	1.2081705355746633	8.4745538920076e-06	0.9824318896667084	0.9930373477864146	0.841316031824618	1.1721197942228745	fit	949	6	0.4914345904277392	nucleoside triphosphate biosynthetic process, nucleotide biosynthetic process, ribonucleoside triphosphate biosynthetic process	coupled	-0.5861335602706356	True	True	True	0.0005349642016498918	False	NDUFA2
cerebellar_hemisphere	ENSG00000131788	M003	False	module_genes	933.0	425.0	1.2081705355746633	8.4745538920076e-06	0.9824318896667084	0.9930373477864146	0.841316031824618	1.1721197942228745	fit	949	6	0.4914345904277392	nucleoside triphosphate biosynthetic process, nucleotide biosynthetic process, ribonucleoside triphosphate biosynthetic process	coupled	-0.23468251000691862	True	True	True	0.0005349642016498918	False	PIAS3
substantia_nigra	ENSG00000131828	M004	False	module_genes	576.0	258.0	1.1721316905140433	0.011655702361279236	0.7781860799282974	0.918706378101362	0.7405900574511649	1.1396607349400962	fit	576	0	0.7698260082862307		discordant	-0.4127954741887617	True	True	True	0.00024708778460080794	False	PDHA1
frontal_cortex_ba9	ENSG00000131873	M002	False	switch_genes	944.0	397.0	1.1557051891629841	0.00318554872261526	0.7587216383378627	1.0717296069978584	0.9080390999593985	1.2649282950119018	fit	1034	21	0.029361098554400673	supramolecular fiber organization, cell migration, actin cytoskeleton organization	abundance_only		False	True	True	1.249258128763103e-06	True	CHSY1
frontal_cortex_ba9	ENSG00000131941	M002	False	switch_genes	944.0	397.0	1.1557051891629841	0.00318554872261526	0.7587216383378627	1.0717296069978584	0.9080390999593985	1.2649282950119018	fit	1034	21	0.029361098554400673	supramolecular fiber organization, cell migration, actin cytoskeleton organization	abundance_only		False	True	True	1.249258128763103e-06	True	RHPN2
cerebellar_hemisphere	ENSG00000131981	M003	False	module_genes	933.0	425.0	1.2081705355746633	8.4745538920076e-06	0.9824318896667084	0.9930373477864146	0.841316031824618	1.1721197942228745	fit	949	6	0.4914345904277392	nucleoside triphosphate biosynthetic process, nucleotide biosynthetic process, ribonucleoside triphosphate biosynthetic process	switch_only	-0.29071171885504793	True	True	True	0.0005349642016498918	False	LGALS3
frontal_cortex_ba9	ENSG00000131981	M002	False	switch_genes	944.0	397.0	1.1557051891629841	0.00318554872261526	0.7587216383378627	1.0717296069978584	0.9080390999593985	1.2649282950119018	fit	1034	21	0.029361098554400673	supramolecular fiber organization, cell migration, actin cytoskeleton organization	abundance_only		False	True	True	1.249258128763103e-06	True	LGALS3
frontal_cortex_ba9	ENSG00000132164	M002	False	switch_genes	944.0	397.0	1.1557051891629841	0.00318554872261526	0.7587216383378627	1.0717296069978584	0.9080390999593985	1.2649282950119018	fit	1034	21	0.029361098554400673	supramolecular fiber organization, cell migration, actin cytoskeleton organization	abundance_only		False	True	True	1.249258128763103e-06	True	SLC6A11
cerebellar_hemisphere	ENSG00000132254	M003	False	module_genes	933.0	425.0	1.2081705355746633	8.4745538920076e-06	0.9824318896667084	0.9930373477864146	0.841316031824618	1.1721197942228745	fit	949	6	0.4914345904277392	nucleoside triphosphate biosynthetic process, nucleotide biosynthetic process, ribonucleoside triphosphate biosynthetic process	discordant	-0.6274385508953746	True	True	True	0.0005349642016498918	False	ARFIP2
hypothalamus	ENSG00000132259	M014	False	switch_genes	87.0	41.0	1.727969348659004	0.002694740306695324	0.0755268998708689	2.112315999719547	1.2640840959982327	3.5297326315522497	fit	99	31	0.04475469901505802	cilium movement, cilium-dependent cell motility, cilium or flagellum-dependent cell motility	abundance_only		False	True	True	1.0	True	CNGA4
putamen_basal_ganglia	ENSG00000132323	M001	False	module_genes	1357.0	442.0	1.0912117986546874	0.047881382694560784	0.0006194345015300029	1.534058117962331	1.283783885217848	1.8331234223950292	fit	1362	2	0.621535394693187	cellular component organization, cellular component organization or biogenesis	coupled	-0.4630059251693419	True	True	True	0.11466035574580133	False	ILKAP
frontal_cortex_ba9	ENSG00000132329	M002	False	switch_genes	944.0	397.0	1.1557051891629841	0.00318554872261526	0.7587216383378627	1.0717296069978584	0.9080390999593985	1.2649282950119018	fit	1034	21	0.029361098554400673	supramolecular fiber organization, cell migration, actin cytoskeleton organization	abundance_only		False	True	True	1.249258128763103e-06	True	RAMP1
cerebellar_hemisphere	ENSG00000132478	M003	False	module_genes	933.0	425.0	1.2081705355746633	8.4745538920076e-06	0.9824318896667084	0.9930373477864146	0.841316031824618	1.1721197942228745	fit	949	6	0.4914345904277392	nucleoside triphosphate biosynthetic process, nucleotide biosynthetic process, ribonucleoside triphosphate biosynthetic process	discordant	-0.2695418439799053	True	True	True	0.0005349642016498918	False	UNK
frontal_cortex_ba9	ENSG00000132563	M002	False	switch_genes	944.0	397.0	1.1557051891629841	0.00318554872261526	0.7587216383378627	1.0717296069978584	0.9080390999593985	1.2649282950119018	fit	1034	21	0.029361098554400673	supramolecular fiber organization, cell migration, actin cytoskeleton organization	discordant	-0.4923336164201827	True	True	True	1.249258128763103e-06	True	REEP2
cerebellar_hemisphere	ENSG00000132591	M003	False	module_genes	933.0	425.0	1.2081705355746633	8.4745538920076e-06	0.9824318896667084	0.9930373477864146	0.841316031824618	1.1721197942228745	fit	949	6	0.4914345904277392	nucleoside triphosphate biosynthetic process, nucleotide biosynthetic process, ribonucleoside triphosphate biosynthetic process	abundance_only	-0.14556357820335128	False	True	True	0.0005349642016498918	False	ERAL1
cerebellar_hemisphere	ENSG00000132600	M003	False	module_genes	933.0	425.0	1.2081705355746633	8.4745538920076e-06	0.9824318896667084	0.9930373477864146	0.841316031824618	1.1721197942228745	fit	949	6	0.4914345904277392	nucleoside triphosphate biosynthetic process, nucleotide biosynthetic process, ribonucleoside triphosphate biosynthetic process	discordant	-0.657550052762446	True	True	True	0.0005349642016498918	False	PRMT7
frontal_cortex_ba9	ENSG00000132613	M002	False	switch_genes	944.0	397.0	1.1557051891629841	0.00318554872261526	0.7587216383378627	1.0717296069978584	0.9080390999593985	1.2649282950119018	fit	1034	21	0.029361098554400673	supramolecular fiber organization, cell migration, actin cytoskeleton organization	abundance_only		False	True	True	1.249258128763103e-06	True	MTSS2
frontal_cortex_ba9	ENSG00000132763	M002	False	switch_genes	944.0	397.0	1.1557051891629841	0.00318554872261526	0.7587216383378627	1.0717296069978584	0.9080390999593985	1.2649282950119018	fit	1034	21	0.029361098554400673	supramolecular fiber organization, cell migration, actin cytoskeleton organization	discordant	-0.5657882758866164	True	True	True	1.249258128763103e-06	True	MMACHC
frontal_cortex_ba9	ENSG00000132819	M002	False	switch_genes	944.0	397.0	1.1557051891629841	0.00318554872261526	0.7587216383378627	1.0717296069978584	0.9080390999593985	1.2649282950119018	fit	1034	21	0.029361098554400673	supramolecular fiber organization, cell migration, actin cytoskeleton organization	discordant	-0.47445065762236405	True	True	True	1.249258128763103e-06	True	RBM38
frontal_cortex_ba9	ENSG00000132846	M002	False	switch_genes	944.0	397.0	1.1557051891629841	0.00318554872261526	0.7587216383378627	1.0717296069978584	0.9080390999593985	1.2649282950119018	fit	1034	21	0.029361098554400673	supramolecular fiber organization, cell migration, actin cytoskeleton organization	abundance_only		False	True	True	1.249258128763103e-06	True	ZBED3
putamen_basal_ganglia	ENSG00000133243	M001	False	module_genes	1357.0	442.0	1.0912117986546874	0.047881382694560784	0.0006194345015300029	1.534058117962331	1.283783885217848	1.8331234223950292	fit	1362	2	0.621535394693187	cellular component organization, cellular component organization or biogenesis	coupled	-0.5856661431815396	True	True	True	0.11466035574580133	False	BTBD2
frontal_cortex_ba9	ENSG00000133265	M002	False	switch_genes	944.0	397.0	1.1557051891629841	0.00318554872261526	0.7587216383378627	1.0717296069978584	0.9080390999593985	1.2649282950119018	fit	1034	21	0.029361098554400673	supramolecular fiber organization, cell migration, actin cytoskeleton organization	discordant	-0.7096271573493368	True	True	True	1.249258128763103e-06	True	HSPBP1
frontal_cortex_ba9	ENSG00000133315	M002	False	switch_genes	944.0	397.0	1.1557051891629841	0.00318554872261526	0.7587216383378627	1.0717296069978584	0.9080390999593985	1.2649282950119018	fit	1034	21	0.029361098554400673	supramolecular fiber organization, cell migration, actin cytoskeleton organization	switch_only	-0.5432722051664498	True	True	True	1.249258128763103e-06	True	MACROD1
putamen_basal_ganglia	ENSG00000133401	M001	False	module_genes	1357.0	442.0	1.0912117986546874	0.047881382694560784	0.0006194345015300029	1.534058117962331	1.283783885217848	1.8331234223950292	fit	1362	2	0.621535394693187	cellular component organization, cellular component organization or biogenesis	coupled	-0.8185851519614128	True	True	True	0.11466035574580133	False	PDZD2
frontal_cortex_ba9	ENSG00000133466	M002	False	switch_genes	944.0	397.0	1.1557051891629841	0.00318554872261526	0.7587216383378627	1.0717296069978584	0.9080390999593985	1.2649282950119018	fit	1034	21	0.029361098554400673	supramolecular fiber organization, cell migration, actin cytoskeleton organization	coupled	-0.5039154390120103	True	True	True	1.249258128763103e-06	True	C1QTNF6
putamen_basal_ganglia	ENSG00000133597	M001	False	module_genes	1357.0	442.0	1.0912117986546874	0.047881382694560784	0.0006194345015300029	1.534058117962331	1.283783885217848	1.8331234223950292	fit	1362	2	0.621535394693187	cellular component organization, cellular component organization or biogenesis	coupled	-0.5291378536734335	True	True	True	0.11466035574580133	False	ADCK2
frontal_cortex_ba9	ENSG00000133612	M002	False	switch_genes	944.0	397.0	1.1557051891629841	0.00318554872261526	0.7587216383378627	1.0717296069978584	0.9080390999593985	1.2649282950119018	fit	1034	21	0.029361098554400673	supramolecular fiber organization, cell migration, actin cytoskeleton organization	discordant	-0.7483610290216972	True	True	True	1.249258128763103e-06	True	AGAP3
putamen_basal_ganglia	ENSG00000133639	M001	False	module_genes	1357.0	442.0	1.0912117986546874	0.047881382694560784	0.0006194345015300029	1.534058117962331	1.283783885217848	1.8331234223950292	fit	1362	2	0.621535394693187	cellular component organization, cellular component organization or biogenesis	discordant	-0.7289958879849566	True	True	True	0.11466035574580133	False	BTG1
putamen_basal_ganglia	ENSG00000133665	M001	False	module_genes	1357.0	442.0	1.0912117986546874	0.047881382694560784	0.0006194345015300029	1.534058117962331	1.283783885217848	1.8331234223950292	fit	1362	2	0.621535394693187	cellular component organization, cellular component organization or biogenesis	abundance_only	-0.1934385222805877	False	True	True	0.11466035574580133	False	DYDC2
frontal_cortex_ba9	ENSG00000133835	M002	False	switch_genes	944.0	397.0	1.1557051891629841	0.00318554872261526	0.7587216383378627	1.0717296069978584	0.9080390999593985	1.2649282950119018	fit	1034	21	0.029361098554400673	supramolecular fiber organization, cell migration, actin cytoskeleton organization	abundance_only	-0.04561649254256203	False	True	True	1.249258128763103e-06	True	HSD17B4
frontal_cortex_ba9	ENSG00000134013	M002	False	switch_genes	944.0	397.0	1.1557051891629841	0.00318554872261526	0.7587216383378627	1.0717296069978584	0.9080390999593985	1.2649282950119018	fit	1034	21	0.029361098554400673	supramolecular fiber organization, cell migration, actin cytoskeleton organization	abundance_only		False	True	True	1.249258128763103e-06	True	LOXL2
putamen_basal_ganglia	ENSG00000134030	M001	False	module_genes	1357.0	442.0	1.0912117986546874	0.047881382694560784	0.0006194345015300029	1.534058117962331	1.283783885217848	1.8331234223950292	fit	1362	2	0.621535394693187	cellular component organization, cellular component organization or biogenesis	coupled	-0.6969957803818454	True	True	True	0.11466035574580133	False	CTIF
substantia_nigra	ENSG00000134201	M004	False	module_genes	576.0	258.0	1.1721316905140433	0.011655702361279236	0.7781860799282974	0.918706378101362	0.7405900574511649	1.1396607349400962	fit	576	0	0.7698260082862307		switch_only	-0.32470357696271673	True	True	True	0.00024708778460080794	False	GSTM5
substantia_nigra	ENSG00000134202	M004	False	module_genes	576.0	258.0	1.1721316905140433	0.011655702361279236	0.7781860799282974	0.918706378101362	0.7405900574511649	1.1396607349400962	fit	576	0	0.7698260082862307		discordant	-0.2647464560436643	True	True	True	0.00024708778460080794	False	GSTM3
putamen_basal_ganglia	ENSG00000134243	M001	False	module_genes	1357.0	442.0	1.0912117986546874	0.047881382694560784	0.0006194345015300029	1.534058117962331	1.283783885217848	1.8331234223950292	fit	1362	2	0.621535394693187	cellular component organization, cellular component organization or biogenesis	coupled	-0.764863371775619	True	True	True	0.11466035574580133	False	SORT1
frontal_cortex_ba9	ENSG00000134245	M002	False	switch_genes	944.0	397.0	1.1557051891629841	0.00318554872261526	0.7587216383378627	1.0717296069978584	0.9080390999593985	1.2649282950119018	fit	1034	21	0.029361098554400673	supramolecular fiber organization, cell migration, actin cytoskeleton organization	discordant	-0.5970326731367631	True	True	True	1.249258128763103e-06	True	WNT2B
putamen_basal_ganglia	ENSG00000134326	M001	False	module_genes	1357.0	442.0	1.0912117986546874	0.047881382694560784	0.0006194345015300029	1.534058117962331	1.283783885217848	1.8331234223950292	fit	1362	2	0.621535394693187	cellular component organization, cellular component organization or biogenesis	coupled	-0.5075655149265644	True	True	True	0.11466035574580133	False	CMPK2
putamen_basal_ganglia	ENSG00000134452	M001	False	module_genes	1357.0	442.0	1.0912117986546874	0.047881382694560784	0.0006194345015300029	1.534058117962331	1.283783885217848	1.8331234223950292	fit	1362	2	0.621535394693187	cellular component organization, cellular component organization or biogenesis	coupled	-0.4866052267562693	True	True	True	0.11466035574580133	False	FBH1
frontal_cortex_ba9	ENSG00000134453	M002	False	switch_genes	944.0	397.0	1.1557051891629841	0.00318554872261526	0.7587216383378627	1.0717296069978584	0.9080390999593985	1.2649282950119018	fit	1034	21	0.029361098554400673	supramolecular fiber organization, cell migration, actin cytoskeleton organization	abundance_only		False	True	True	1.249258128763103e-06	True	RBM17
putamen_basal_ganglia	ENSG00000134569	M001	False	module_genes	1357.0	442.0	1.0912117986546874	0.047881382694560784	0.0006194345015300029	1.534058117962331	1.283783885217848	1.8331234223950292	fit	1362	2	0.621535394693187	cellular component organization, cellular component organization or biogenesis	coupled	-0.8726567931603046	True	True	True	0.11466035574580133	False	LRP4
putamen_basal_ganglia	ENSG00000135093	M001	False	module_genes	1357.0	442.0	1.0912117986546874	0.047881382694560784	0.0006194345015300029	1.534058117962331	1.283783885217848	1.8331234223950292	fit	1362	2	0.621535394693187	cellular component organization, cellular component organization or biogenesis	coupled	-0.8030147653616827	True	True	True	0.11466035574580133	False	USP30
cerebellar_hemisphere	ENSG00000135094	M003	False	module_genes	933.0	425.0	1.2081705355746633	8.4745538920076e-06	0.9824318896667084	0.9930373477864146	0.841316031824618	1.1721197942228745	fit	949	6	0.4914345904277392	nucleoside triphosphate biosynthetic process, nucleotide biosynthetic process, ribonucleoside triphosphate biosynthetic process	switch_only	-0.2602702560359835	True	True	True	0.0005349642016498918	False	SDS
frontal_cortex_ba9	ENSG00000135097	M002	False	switch_genes	944.0	397.0	1.1557051891629841	0.00318554872261526	0.7587216383378627	1.0717296069978584	0.9080390999593985	1.2649282950119018	fit	1034	21	0.029361098554400673	supramolecular fiber organization, cell migration, actin cytoskeleton organization	abundance_only		False	True	True	1.249258128763103e-06	True	MSI1
putamen_basal_ganglia	ENSG00000135144	M001	False	module_genes	1357.0	442.0	1.0912117986546874	0.047881382694560784	0.0006194345015300029	1.534058117962331	1.283783885217848	1.8331234223950292	fit	1362	2	0.621535394693187	cellular component organization, cellular component organization or biogenesis	coupled	-0.5705156053121266	True	True	True	0.11466035574580133	False	DTX1
cerebellar_hemisphere	ENSG00000135253	M003	False	module_genes	933.0	425.0	1.2081705355746633	8.4745538920076e-06	0.9824318896667084	0.9930373477864146	0.841316031824618	1.1721197942228745	fit	949	6	0.4914345904277392	nucleoside triphosphate biosynthetic process, nucleotide biosynthetic process, ribonucleoside triphosphate biosynthetic process	coupled	-0.3035823029995645	True	True	True	0.0005349642016498918	False	KCP
frontal_cortex_ba9	ENSG00000135269	M002	False	switch_genes	944.0	397.0	1.1557051891629841	0.00318554872261526	0.7587216383378627	1.0717296069978584	0.9080390999593985	1.2649282950119018	fit	1034	21	0.029361098554400673	supramolecular fiber organization, cell migration, actin cytoskeleton organization	abundance_only		False	True	True	1.249258128763103e-06	True	TES
caudate_sczd	ENSG00000135363	M006	True	switch_genes	343.0	157.0	1.228849841094739	0.010660698329540308	0.17582615298288773	1.3819545740935557	1.0562243359485246	1.8081371351314661	fit	343	0	0.017871150734486828		switch_only	0.38519456507502686	True	True	True	6.938353180885315e-08	True	LMO2
substantia_nigra	ENSG00000135363	M004	False	module_genes	576.0	258.0	1.1721316905140433	0.011655702361279236	0.7781860799282974	0.918706378101362	0.7405900574511649	1.1396607349400962	fit	576	0	0.7698260082862307		discordant	-0.3126432771849017	True	True	True	0.00024708778460080794	False	LMO2
putamen_basal_ganglia	ENSG00000135372	M001	False	module_genes	1357.0	442.0	1.0912117986546874	0.047881382694560784	0.0006194345015300029	1.534058117962331	1.283783885217848	1.8331234223950292	fit	1362	2	0.621535394693187	cellular component organization, cellular component organization or biogenesis	coupled	-0.7344647045050112	True	True	True	0.11466035574580133	False	NAT10
cerebellar_hemisphere	ENSG00000135441	M003	False	module_genes	933.0	425.0	1.2081705355746633	8.4745538920076e-06	0.9824318896667084	0.9930373477864146	0.841316031824618	1.1721197942228745	fit	949	6	0.4914345904277392	nucleoside triphosphate biosynthetic process, nucleotide biosynthetic process, ribonucleoside triphosphate biosynthetic process	coupled	-0.5844162533720032	True	True	True	0.0005349642016498918	False	BLOC1S1
cerebellar_hemisphere	ENSG00000135540	M003	False	module_genes	933.0	425.0	1.2081705355746633	8.4745538920076e-06	0.9824318896667084	0.9930373477864146	0.841316031824618	1.1721197942228745	fit	949	6	0.4914345904277392	nucleoside triphosphate biosynthetic process, nucleotide biosynthetic process, ribonucleoside triphosphate biosynthetic process	switch_only	-0.43537679773454585	True	True	True	0.0005349642016498918	False	NHSL1
caudate_sczd	ENSG00000135587	M006	True	switch_genes	343.0	157.0	1.228849841094739	0.010660698329540308	0.17582615298288773	1.3819545740935557	1.0562243359485246	1.8081371351314661	fit	343	0	0.017871150734486828		discordant	0.3776991145848649	True	True	True	6.938353180885315e-08	True	SMPD2
caudate_sczd	ENSG00000135596	M006	True	switch_genes	343.0	157.0	1.228849841094739	0.010660698329540308	0.17582615298288773	1.3819545740935557	1.0562243359485246	1.8081371351314661	fit	343	0	0.017871150734486828		discordant	0.7495075026985301	True	True	True	6.938353180885315e-08	True	MICAL1
putamen_basal_ganglia	ENSG00000135679	M001	False	module_genes	1357.0	442.0	1.0912117986546874	0.047881382694560784	0.0006194345015300029	1.534058117962331	1.283783885217848	1.8331234223950292	fit	1362	2	0.621535394693187	cellular component organization, cellular component organization or biogenesis	coupled	-0.6815916591464627	True	True	True	0.11466035574580133	False	MDM2
frontal_cortex_ba9	ENSG00000135722	M002	False	switch_genes	944.0	397.0	1.1557051891629841	0.00318554872261526	0.7587216383378627	1.0717296069978584	0.9080390999593985	1.2649282950119018	fit	1034	21	0.029361098554400673	supramolecular fiber organization, cell migration, actin cytoskeleton organization	switch_only	-0.4068649481397024	True	True	True	1.249258128763103e-06	True	FBXL8
frontal_cortex_ba9	ENSG00000135723	M002	False	switch_genes	944.0	397.0	1.1557051891629841	0.00318554872261526	0.7587216383378627	1.0717296069978584	0.9080390999593985	1.2649282950119018	fit	1034	21	0.029361098554400673	supramolecular fiber organization, cell migration, actin cytoskeleton organization	inactive	0.01744499896192655	False	True	True	1.249258128763103e-06	True	FHOD1
frontal_cortex_ba9	ENSG00000135821	M002	False	switch_genes	944.0	397.0	1.1557051891629841	0.00318554872261526	0.7587216383378627	1.0717296069978584	0.9080390999593985	1.2649282950119018	fit	1034	21	0.029361098554400673	supramolecular fiber organization, cell migration, actin cytoskeleton organization	abundance_only		False	True	True	1.249258128763103e-06	True	GLUL
frontal_cortex_ba9	ENSG00000135862	M002	False	switch_genes	944.0	397.0	1.1557051891629841	0.00318554872261526	0.7587216383378627	1.0717296069978584	0.9080390999593985	1.2649282950119018	fit	1034	21	0.029361098554400673	supramolecular fiber organization, cell migration, actin cytoskeleton organization	abundance_only		False	True	True	1.249258128763103e-06	True	LAMC1
frontal_cortex_ba9	ENSG00000136048	M002	False	switch_genes	944.0	397.0	1.1557051891629841	0.00318554872261526	0.7587216383378627	1.0717296069978584	0.9080390999593985	1.2649282950119018	fit	1034	21	0.029361098554400673	supramolecular fiber organization, cell migration, actin cytoskeleton organization	coupled	-0.38554100632919686	True	True	True	1.249258128763103e-06	True	DRAM1
substantia_nigra	ENSG00000136059	M004	False	module_genes	576.0	258.0	1.1721316905140433	0.011655702361279236	0.7781860799282974	0.918706378101362	0.7405900574511649	1.1396607349400962	fit	576	0	0.7698260082862307		coupled	-0.44916998272958875	True	True	True	0.00024708778460080794	False	VILL
putamen_basal_ganglia	ENSG00000136167	M001	False	module_genes	1357.0	442.0	1.0912117986546874	0.047881382694560784	0.0006194345015300029	1.534058117962331	1.283783885217848	1.8331234223950292	fit	1362	2	0.621535394693187	cellular component organization, cellular component organization or biogenesis	coupled	-0.5313233355937987	True	True	True	0.11466035574580133	False	LCP1
putamen_basal_ganglia	ENSG00000136193	M001	False	module_genes	1357.0	442.0	1.0912117986546874	0.047881382694560784	0.0006194345015300029	1.534058117962331	1.283783885217848	1.8331234223950292	fit	1362	2	0.621535394693187	cellular component organization, cellular component organization or biogenesis	coupled	-0.6868218148067983	True	True	True	0.11466035574580133	False	SCRN1
putamen_basal_ganglia	ENSG00000136295	M001	False	module_genes	1357.0	442.0	1.0912117986546874	0.047881382694560784	0.0006194345015300029	1.534058117962331	1.283783885217848	1.8331234223950292	fit	1362	2	0.621535394693187	cellular component organization, cellular component organization or biogenesis	abundance_only	-0.06604741604703998	False	True	True	0.11466035574580133	False	TTYH3
putamen_basal_ganglia	ENSG00000136367	M001	False	module_genes	1357.0	442.0	1.0912117986546874	0.047881382694560784	0.0006194345015300029	1.534058117962331	1.283783885217848	1.8331234223950292	fit	1362	2	0.621535394693187	cellular component organization, cellular component organization or biogenesis	coupled	-0.5008737981968869	True	True	True	0.11466035574580133	False	ZFHX2
caudate_sczd	ENSG00000136379	M006	True	switch_genes	343.0	157.0	1.228849841094739	0.010660698329540308	0.17582615298288773	1.3819545740935557	1.0562243359485246	1.8081371351314661	fit	343	0	0.017871150734486828		discordant	0.6341736087953302	True	True	True	6.938353180885315e-08	True	ABHD17C
frontal_cortex_ba9	ENSG00000136436	M002	False	switch_genes	944.0	397.0	1.1557051891629841	0.00318554872261526	0.7587216383378627	1.0717296069978584	0.9080390999593985	1.2649282950119018	fit	1034	21	0.029361098554400673	supramolecular fiber organization, cell migration, actin cytoskeleton organization	coupled	-0.22528486248803165	True	True	True	1.249258128763103e-06	True	CALCOCO2
putamen_basal_ganglia	ENSG00000136436	M001	False	module_genes	1357.0	442.0	1.0912117986546874	0.047881382694560784	0.0006194345015300029	1.534058117962331	1.283783885217848	1.8331234223950292	fit	1362	2	0.621535394693187	cellular component organization, cellular component organization or biogenesis	coupled	-0.510656034400589	True	True	True	0.11466035574580133	False	CALCOCO2
cerebellar_hemisphere	ENSG00000136478	M003	False	module_genes	933.0	425.0	1.2081705355746633	8.4745538920076e-06	0.9824318896667084	0.9930373477864146	0.841316031824618	1.1721197942228745	fit	949	6	0.4914345904277392	nucleoside triphosphate biosynthetic process, nucleotide biosynthetic process, ribonucleoside triphosphate biosynthetic process	discordant	-0.3489991164405004	True	True	True	0.0005349642016498918	False	TEX2
substantia_nigra	ENSG00000136709	M004	False	module_genes	576.0	258.0	1.1721316905140433	0.011655702361279236	0.7781860799282974	0.918706378101362	0.7405900574511649	1.1396607349400962	fit	576	0	0.7698260082862307		discordant	-0.38702768773472046	True	True	True	0.00024708778460080794	False	WDR33
frontal_cortex_ba9	ENSG00000136718	M002	False	switch_genes	944.0	397.0	1.1557051891629841	0.00318554872261526	0.7587216383378627	1.0717296069978584	0.9080390999593985	1.2649282950119018	fit	1034	21	0.029361098554400673	supramolecular fiber organization, cell migration, actin cytoskeleton organization	discordant	-0.6851723082023279	True	True	True	1.249258128763103e-06	True	IMP4
frontal_cortex_ba9	ENSG00000136770	M002	False	switch_genes	944.0	397.0	1.1557051891629841	0.00318554872261526	0.7587216383378627	1.0717296069978584	0.9080390999593985	1.2649282950119018	fit	1034	21	0.029361098554400673	supramolecular fiber organization, cell migration, actin cytoskeleton organization	abundance_only		False	True	True	1.249258128763103e-06	True	DNAJC1
putamen_basal_ganglia	ENSG00000136830	M001	False	module_genes	1357.0	442.0	1.0912117986546874	0.047881382694560784	0.0006194345015300029	1.534058117962331	1.283783885217848	1.8331234223950292	fit	1362	2	0.621535394693187	cellular component organization, cellular component organization or biogenesis	switch_only	-0.5326638275401959	True	True	True	0.11466035574580133	False	NIBAN2
frontal_cortex_ba9	ENSG00000136883	M002	False	switch_genes	944.0	397.0	1.1557051891629841	0.00318554872261526	0.7587216383378627	1.0717296069978584	0.9080390999593985	1.2649282950119018	fit	1034	21	0.029361098554400673	supramolecular fiber organization, cell migration, actin cytoskeleton organization	discordant	-0.374185453028812	True	True	True	1.249258128763103e-06	True	KIF12
substantia_nigra	ENSG00000136908	M004	False	module_genes	576.0	258.0	1.1721316905140433	0.011655702361279236	0.7781860799282974	0.918706378101362	0.7405900574511649	1.1396607349400962	fit	576	0	0.7698260082862307		discordant	-0.7074203176064059	True	True	True	0.00024708778460080794	False	DPM2
putamen_basal_ganglia	ENSG00000136935	M001	False	module_genes	1357.0	442.0	1.0912117986546874	0.047881382694560784	0.0006194345015300029	1.534058117962331	1.283783885217848	1.8331234223950292	fit	1362	2	0.621535394693187	cellular component organization, cellular component organization or biogenesis	coupled	-0.5034965908113307	True	True	True	0.11466035574580133	False	GOLGA1
frontal_cortex_ba9	ENSG00000137076	M002	False	switch_genes	944.0	397.0	1.1557051891629841	0.00318554872261526	0.7587216383378627	1.0717296069978584	0.9080390999593985	1.2649282950119018	fit	1034	21	0.029361098554400673	supramolecular fiber organization, cell migration, actin cytoskeleton organization	abundance_only		False	True	True	1.249258128763103e-06	True	TLN1
substantia_nigra	ENSG00000137100	M004	False	module_genes	576.0	258.0	1.1721316905140433	0.011655702361279236	0.7781860799282974	0.918706378101362	0.7405900574511649	1.1396607349400962	fit	576	0	0.7698260082862307		coupled	-0.6860479943621424	True	True	True	0.00024708778460080794	False	DCTN3
cerebellar_hemisphere	ENSG00000137101	M003	False	module_genes	933.0	425.0	1.2081705355746633	8.4745538920076e-06	0.9824318896667084	0.9930373477864146	0.841316031824618	1.1721197942228745	fit	949	6	0.4914345904277392	nucleoside triphosphate biosynthetic process, nucleotide biosynthetic process, ribonucleoside triphosphate biosynthetic process	inactive	-0.12525823574009198	False	True	True	0.0005349642016498918	False	CD72
cerebellar_hemisphere	ENSG00000137106	M003	False	module_genes	933.0	425.0	1.2081705355746633	8.4745538920076e-06	0.9824318896667084	0.9930373477864146	0.841316031824618	1.1721197942228745	fit	949	6	0.4914345904277392	nucleoside triphosphate biosynthetic process, nucleotide biosynthetic process, ribonucleoside triphosphate biosynthetic process	coupled	-0.7498532295229696	True	True	True	0.0005349642016498918	False	GRHPR
frontal_cortex_ba9	ENSG00000137135	M002	False	switch_genes	944.0	397.0	1.1557051891629841	0.00318554872261526	0.7587216383378627	1.0717296069978584	0.9080390999593985	1.2649282950119018	fit	1034	21	0.029361098554400673	supramolecular fiber organization, cell migration, actin cytoskeleton organization	inactive	-0.15841079703450303	False	True	True	1.249258128763103e-06	True	ARHGEF39
cerebellar_hemisphere	ENSG00000137171	M003	False	module_genes	933.0	425.0	1.2081705355746633	8.4745538920076e-06	0.9824318896667084	0.9930373477864146	0.841316031824618	1.1721197942228745	fit	949	6	0.4914345904277392	nucleoside triphosphate biosynthetic process, nucleotide biosynthetic process, ribonucleoside triphosphate biosynthetic process	coupled	-0.2789941787331744	True	True	True	0.0005349642016498918	False	KLC4
cerebellar_hemisphere	ENSG00000137216	M003	False	module_genes	933.0	425.0	1.2081705355746633	8.4745538920076e-06	0.9824318896667084	0.9930373477864146	0.841316031824618	1.1721197942228745	fit	949	6	0.4914345904277392	nucleoside triphosphate biosynthetic process, nucleotide biosynthetic process, ribonucleoside triphosphate biosynthetic process	discordant	-0.4160167692956632	True	True	True	0.0005349642016498918	False	TMEM63B
frontal_cortex_ba9	ENSG00000137216	M002	False	switch_genes	944.0	397.0	1.1557051891629841	0.00318554872261526	0.7587216383378627	1.0717296069978584	0.9080390999593985	1.2649282950119018	fit	1034	21	0.029361098554400673	supramolecular fiber organization, cell migration, actin cytoskeleton organization	abundance_only	-0.1671833794668326	False	True	True	1.249258128763103e-06	True	TMEM63B
frontal_cortex_ba9	ENSG00000137266	M002	False	switch_genes	944.0	397.0	1.1557051891629841	0.00318554872261526	0.7587216383378627	1.0717296069978584	0.9080390999593985	1.2649282950119018	fit	1034	21	0.029361098554400673	supramolecular fiber organization, cell migration, actin cytoskeleton organization	discordant	-0.7109162620394127	True	True	True	1.249258128763103e-06	True	SLC22A23
putamen_basal_ganglia	ENSG00000137266	M001	False	module_genes	1357.0	442.0	1.0912117986546874	0.047881382694560784	0.0006194345015300029	1.534058117962331	1.283783885217848	1.8331234223950292	fit	1362	2	0.621535394693187	cellular component organization, cellular component organization or biogenesis	abundance_only	-0.029137334612759413	False	True	True	0.11466035574580133	False	SLC22A23
substantia_nigra	ENSG00000137288	M004	False	module_genes	576.0	258.0	1.1721316905140433	0.011655702361279236	0.7781860799282974	0.918706378101362	0.7405900574511649	1.1396607349400962	fit	576	0	0.7698260082862307		discordant	-0.3817277682434403	True	True	True	0.00024708778460080794	False	UQCC2
cerebellar_hemisphere	ENSG00000137312	M003	False	module_genes	933.0	425.0	1.2081705355746633	8.4745538920076e-06	0.9824318896667084	0.9930373477864146	0.841316031824618	1.1721197942228745	fit	949	6	0.4914345904277392	nucleoside triphosphate biosynthetic process, nucleotide biosynthetic process, ribonucleoside triphosphate biosynthetic process	coupled	-0.28206600994203046	True	True	True	0.0005349642016498918	False	FLOT1
putamen_basal_ganglia	ENSG00000137337	M001	False	module_genes	1357.0	442.0	1.0912117986546874	0.047881382694560784	0.0006194345015300029	1.534058117962331	1.283783885217848	1.8331234223950292	fit	1362	2	0.621535394693187	cellular component organization, cellular component organization or biogenesis	coupled	-0.6766796822374054	True	True	True	0.11466035574580133	False	MDC1
frontal_cortex_ba9	ENSG00000137486	M002	False	switch_genes	944.0	397.0	1.1557051891629841	0.00318554872261526	0.7587216383378627	1.0717296069978584	0.9080390999593985	1.2649282950119018	fit	1034	21	0.029361098554400673	supramolecular fiber organization, cell migration, actin cytoskeleton organization	discordant	-0.606970749363256	True	True	True	1.249258128763103e-06	True	ARRB1
caudate_sczd	ENSG00000137491	M006	True	switch_genes	343.0	157.0	1.228849841094739	0.010660698329540308	0.17582615298288773	1.3819545740935557	1.0562243359485246	1.8081371351314661	fit	343	0	0.017871150734486828		coupled	0.45001950074406033	True	True	True	6.938353180885315e-08	True	SLCO2B1
putamen_basal_ganglia	ENSG00000137491	M001	False	module_genes	1357.0	442.0	1.0912117986546874	0.047881382694560784	0.0006194345015300029	1.534058117962331	1.283783885217848	1.8331234223950292	fit	1362	2	0.621535394693187	cellular component organization, cellular component organization or biogenesis	abundance_only	-0.18417890692730626	False	True	True	0.11466035574580133	False	SLCO2B1
frontal_cortex_ba9	ENSG00000137561	M002	False	switch_genes	944.0	397.0	1.1557051891629841	0.00318554872261526	0.7587216383378627	1.0717296069978584	0.9080390999593985	1.2649282950119018	fit	1034	21	0.029361098554400673	supramolecular fiber organization, cell migration, actin cytoskeleton organization	abundance_only		False	True	True	1.249258128763103e-06	True	TTPA
frontal_cortex_ba9	ENSG00000137767	M002	False	switch_genes	944.0	397.0	1.1557051891629841	0.00318554872261526	0.7587216383378627	1.0717296069978584	0.9080390999593985	1.2649282950119018	fit	1034	21	0.029361098554400673	supramolecular fiber organization, cell migration, actin cytoskeleton organization	abundance_only		False	True	True	1.249258128763103e-06	True	SQOR
cerebellar_hemisphere	ENSG00000137824	M003	False	module_genes	933.0	425.0	1.2081705355746633	8.4745538920076e-06	0.9824318896667084	0.9930373477864146	0.841316031824618	1.1721197942228745	fit	949	6	0.4914345904277392	nucleoside triphosphate biosynthetic process, nucleotide biosynthetic process, ribonucleoside triphosphate biosynthetic process	discordant	-0.4774296326768271	True	True	True	0.0005349642016498918	False	RMDN3
caudate_sczd	ENSG00000137834	M006	True	switch_genes	343.0	157.0	1.228849841094739	0.010660698329540308	0.17582615298288773	1.3819545740935557	1.0562243359485246	1.8081371351314661	fit	343	0	0.017871150734486828		discordant	0.37934306102518617	True	True	True	6.938353180885315e-08	True	SMAD6
cerebellar_hemisphere	ENSG00000137834	M003	False	module_genes	933.0	425.0	1.2081705355746633	8.4745538920076e-06	0.9824318896667084	0.9930373477864146	0.841316031824618	1.1721197942228745	fit	949	6	0.4914345904277392	nucleoside triphosphate biosynthetic process, nucleotide biosynthetic process, ribonucleoside triphosphate biosynthetic process	discordant	-0.5005999782975372	True	True	True	0.0005349642016498918	False	SMAD6
putamen_basal_ganglia	ENSG00000137841	M001	False	module_genes	1357.0	442.0	1.0912117986546874	0.047881382694560784	0.0006194345015300029	1.534058117962331	1.283783885217848	1.8331234223950292	fit	1362	2	0.621535394693187	cellular component organization, cellular component organization or biogenesis	coupled	-0.5248062289824971	True	True	True	0.11466035574580133	False	PLCB2
cerebellar_hemisphere	ENSG00000138028	M003	False	module_genes	933.0	425.0	1.2081705355746633	8.4745538920076e-06	0.9824318896667084	0.9930373477864146	0.841316031824618	1.1721197942228745	fit	949	6	0.4914345904277392	nucleoside triphosphate biosynthetic process, nucleotide biosynthetic process, ribonucleoside triphosphate biosynthetic process	coupled	-0.2784186087500761	True	True	True	0.0005349642016498918	False	CGREF1
frontal_cortex_ba9	ENSG00000138326	M002	False	switch_genes	944.0	397.0	1.1557051891629841	0.00318554872261526	0.7587216383378627	1.0717296069978584	0.9080390999593985	1.2649282950119018	fit	1034	21	0.029361098554400673	supramolecular fiber organization, cell migration, actin cytoskeleton organization	coupled	-0.7310746970462196	True	True	True	1.249258128763103e-06	True	RPS24
frontal_cortex_ba9	ENSG00000138449	M002	False	switch_genes	944.0	397.0	1.1557051891629841	0.00318554872261526	0.7587216383378627	1.0717296069978584	0.9080390999593985	1.2649282950119018	fit	1034	21	0.029361098554400673	supramolecular fiber organization, cell migration, actin cytoskeleton organization	abundance_only		False	True	True	1.249258128763103e-06	True	SLC40A1
substantia_nigra	ENSG00000138629	M004	False	module_genes	576.0	258.0	1.1721316905140433	0.011655702361279236	0.7781860799282974	0.918706378101362	0.7405900574511649	1.1396607349400962	fit	576	0	0.7698260082862307		abundance_only	-0.175957080049425	False	True	True	0.00024708778460080794	False	UBL7
putamen_basal_ganglia	ENSG00000138772	M001	False	module_genes	1357.0	442.0	1.0912117986546874	0.047881382694560784	0.0006194345015300029	1.534058117962331	1.283783885217848	1.8331234223950292	fit	1362	2	0.621535394693187	cellular component organization, cellular component organization or biogenesis	switch_only	-0.301679433456196	True	True	True	0.11466035574580133	False	ANXA3
putamen_basal_ganglia	ENSG00000139146	M001	False	module_genes	1357.0	442.0	1.0912117986546874	0.047881382694560784	0.0006194345015300029	1.534058117962331	1.283783885217848	1.8331234223950292	fit	1362	2	0.621535394693187	cellular component organization, cellular component organization or biogenesis	coupled	-0.4812354750907604	True	True	True	0.11466035574580133	False	SINHCAF
cerebellar_hemisphere	ENSG00000139200	M003	False	module_genes	933.0	425.0	1.2081705355746633	8.4745538920076e-06	0.9824318896667084	0.9930373477864146	0.841316031824618	1.1721197942228745	fit	949	6	0.4914345904277392	nucleoside triphosphate biosynthetic process, nucleotide biosynthetic process, ribonucleoside triphosphate biosynthetic process	discordant	-0.7796369700038316	True	True	True	0.0005349642016498918	False	PIANP
substantia_nigra	ENSG00000139428	M004	False	module_genes	576.0	258.0	1.1721316905140433	0.011655702361279236	0.7781860799282974	0.918706378101362	0.7405900574511649	1.1396607349400962	fit	576	0	0.7698260082862307		abundance_only	-0.13272433436161948	False	True	True	0.00024708778460080794	False	MMAB
frontal_cortex_ba9	ENSG00000139433	M002	False	switch_genes	944.0	397.0	1.1557051891629841	0.00318554872261526	0.7587216383378627	1.0717296069978584	0.9080390999593985	1.2649282950119018	fit	1034	21	0.029361098554400673	supramolecular fiber organization, cell migration, actin cytoskeleton organization	abundance_only		False	True	True	1.249258128763103e-06	True	GLTP
putamen_basal_ganglia	ENSG00000139613	M001	False	module_genes	1357.0	442.0	1.0912117986546874	0.047881382694560784	0.0006194345015300029	1.534058117962331	1.283783885217848	1.8331234223950292	fit	1362	2	0.621535394693187	cellular component organization, cellular component organization or biogenesis	coupled	-0.517934916280304	True	True	True	0.11466035574580133	False	SMARCC2
frontal_cortex_ba9	ENSG00000139629	M002	False	switch_genes	944.0	397.0	1.1557051891629841	0.00318554872261526	0.7587216383378627	1.0717296069978584	0.9080390999593985	1.2649282950119018	fit	1034	21	0.029361098554400673	supramolecular fiber organization, cell migration, actin cytoskeleton organization	abundance_only		False	True	True	1.249258128763103e-06	True	GALNT6
caudate_sczd	ENSG00000139722	M006	True	switch_genes	343.0	157.0	1.228849841094739	0.010660698329540308	0.17582615298288773	1.3819545740935557	1.0562243359485246	1.8081371351314661	fit	343	0	0.017871150734486828		discordant	0.667459425072136	True	True	True	6.938353180885315e-08	True	VPS37B
frontal_cortex_ba9	ENSG00000139725	M002	False	switch_genes	944.0	397.0	1.1557051891629841	0.00318554872261526	0.7587216383378627	1.0717296069978584	0.9080390999593985	1.2649282950119018	fit	1034	21	0.029361098554400673	supramolecular fiber organization, cell migration, actin cytoskeleton organization	discordant	-0.5760404818791343	True	True	True	1.249258128763103e-06	True	RHOF
frontal_cortex_ba9	ENSG00000139737	M002	False	switch_genes	944.0	397.0	1.1557051891629841	0.00318554872261526	0.7587216383378627	1.0717296069978584	0.9080390999593985	1.2649282950119018	fit	1034	21	0.029361098554400673	supramolecular fiber organization, cell migration, actin cytoskeleton organization	coupled	-0.6678482635817586	True	True	True	1.249258128763103e-06	True	SLAIN1
substantia_nigra	ENSG00000139880	M004	False	module_genes	576.0	258.0	1.1721316905140433	0.011655702361279236	0.7781860799282974	0.918706378101362	0.7405900574511649	1.1396607349400962	fit	576	0	0.7698260082862307		abundance_only	-0.1427059751558744	False	True	True	0.00024708778460080794	False	CDH24
hypothalamus	ENSG00000139971	M014	False	switch_genes	87.0	41.0	1.727969348659004	0.002694740306695324	0.0755268998708689	2.112315999719547	1.2640840959982327	3.5297326315522497	fit	99	31	0.04475469901505802	cilium movement, cilium-dependent cell motility, cilium or flagellum-dependent cell motility	discordant	-0.41319759083724583	True	True	True	1.0	True	ARMH4
frontal_cortex_ba9	ENSG00000140044	M002	False	switch_genes	944.0	397.0	1.1557051891629841	0.00318554872261526	0.7587216383378627	1.0717296069978584	0.9080390999593985	1.2649282950119018	fit	1034	21	0.029361098554400673	supramolecular fiber organization, cell migration, actin cytoskeleton organization	discordant	-0.7623848646765863	True	True	True	1.249258128763103e-06	True	JDP2
caudate_sczd	ENSG00000140319	M006	True	switch_genes	343.0	157.0	1.228849841094739	0.010660698329540308	0.17582615298288773	1.3819545740935557	1.0562243359485246	1.8081371351314661	fit	343	0	0.017871150734486828		coupled	0.3434387807887818	True	True	True	6.938353180885315e-08	True	SRP14
putamen_basal_ganglia	ENSG00000140323	M001	False	module_genes	1357.0	442.0	1.0912117986546874	0.047881382694560784	0.0006194345015300029	1.534058117962331	1.283783885217848	1.8331234223950292	fit	1362	2	0.621535394693187	cellular component organization, cellular component organization or biogenesis	coupled	-0.5617751578480996	True	True	True	0.11466035574580133	False	DISP2
cerebellar_hemisphere	ENSG00000140365	M003	False	module_genes	933.0	425.0	1.2081705355746633	8.4745538920076e-06	0.9824318896667084	0.9930373477864146	0.841316031824618	1.1721197942228745	fit	949	6	0.4914345904277392	nucleoside triphosphate biosynthetic process, nucleotide biosynthetic process, ribonucleoside triphosphate biosynthetic process	discordant	-0.703745083252152	True	True	True	0.0005349642016498918	False	COMMD4
cerebellar_hemisphere	ENSG00000140395	M003	False	module_genes	933.0	425.0	1.2081705355746633	8.4745538920076e-06	0.9824318896667084	0.9930373477864146	0.841316031824618	1.1721197942228745	fit	949	6	0.4914345904277392	nucleoside triphosphate biosynthetic process, nucleotide biosynthetic process, ribonucleoside triphosphate biosynthetic process	coupled	-0.6089597385140211	True	True	True	0.0005349642016498918	False	SKIC8
caudate_sczd	ENSG00000140497	M006	True	switch_genes	343.0	157.0	1.228849841094739	0.010660698329540308	0.17582615298288773	1.3819545740935557	1.0562243359485246	1.8081371351314661	fit	343	0	0.017871150734486828		discordant	0.7552545146688473	True	True	True	6.938353180885315e-08	True	SCAMP2
caudate_sczd	ENSG00000140553	M006	True	switch_genes	343.0	157.0	1.228849841094739	0.010660698329540308	0.17582615298288773	1.3819545740935557	1.0562243359485246	1.8081371351314661	fit	343	0	0.017871150734486828		discordant	0.6828904444365215	True	True	True	6.938353180885315e-08	True	UNC45A
cerebellar_hemisphere	ENSG00000140688	M003	False	module_genes	933.0	425.0	1.2081705355746633	8.4745538920076e-06	0.9824318896667084	0.9930373477864146	0.841316031824618	1.1721197942228745	fit	949	6	0.4914345904277392	nucleoside triphosphate biosynthetic process, nucleotide biosynthetic process, ribonucleoside triphosphate biosynthetic process	coupled	-0.2982734634058285	True	True	True	0.0005349642016498918	False	RUSF1
substantia_nigra	ENSG00000140688	M004	False	module_genes	576.0	258.0	1.1721316905140433	0.011655702361279236	0.7781860799282974	0.918706378101362	0.7405900574511649	1.1396607349400962	fit	576	0	0.7698260082862307		coupled	-0.3194055664285764	True	True	True	0.00024708778460080794	False	RUSF1
cerebellar_hemisphere	ENSG00000140740	M003	False	module_genes	933.0	425.0	1.2081705355746633	8.4745538920076e-06	0.9824318896667084	0.9930373477864146	0.841316031824618	1.1721197942228745	fit	949	6	0.4914345904277392	nucleoside triphosphate biosynthetic process, nucleotide biosynthetic process, ribonucleoside triphosphate biosynthetic process	abundance_only	-0.1834881399299472	False	True	True	0.0005349642016498918	False	UQCRC2
hypothalamus	ENSG00000140795	M014	False	switch_genes	87.0	41.0	1.727969348659004	0.002694740306695324	0.0755268998708689	2.112315999719547	1.2640840959982327	3.5297326315522497	fit	99	31	0.04475469901505802	cilium movement, cilium-dependent cell motility, cilium or flagellum-dependent cell motility	abundance_only		False	True	True	1.0	True	MYLK3
frontal_cortex_ba9	ENSG00000140807	M002	False	switch_genes	944.0	397.0	1.1557051891629841	0.00318554872261526	0.7587216383378627	1.0717296069978584	0.9080390999593985	1.2649282950119018	fit	1034	21	0.029361098554400673	supramolecular fiber organization, cell migration, actin cytoskeleton organization	abundance_only		False	True	True	1.249258128763103e-06	True	NKD1
putamen_basal_ganglia	ENSG00000140836	M001	False	module_genes	1357.0	442.0	1.0912117986546874	0.047881382694560784	0.0006194345015300029	1.534058117962331	1.283783885217848	1.8331234223950292	fit	1362	2	0.621535394693187	cellular component organization, cellular component organization or biogenesis	coupled	-0.3725605609698666	True	True	True	0.11466035574580133	False	ZFHX3
putamen_basal_ganglia	ENSG00000140839	M001	False	module_genes	1357.0	442.0	1.0912117986546874	0.047881382694560784	0.0006194345015300029	1.534058117962331	1.283783885217848	1.8331234223950292	fit	1362	2	0.621535394693187	cellular component organization, cellular component organization or biogenesis	discordant	-0.357348381316048	True	True	True	0.11466035574580133	False	CLEC18B
cerebellar_hemisphere	ENSG00000140854	M003	False	module_genes	933.0	425.0	1.2081705355746633	8.4745538920076e-06	0.9824318896667084	0.9930373477864146	0.841316031824618	1.1721197942228745	fit	949	6	0.4914345904277392	nucleoside triphosphate biosynthetic process, nucleotide biosynthetic process, ribonucleoside triphosphate biosynthetic process	discordant	-0.7457198895154781	True	True	True	0.0005349642016498918	False	KATNB1
putamen_basal_ganglia	ENSG00000140948	M001	False	module_genes	1357.0	442.0	1.0912117986546874	0.047881382694560784	0.0006194345015300029	1.534058117962331	1.283783885217848	1.8331234223950292	fit	1362	2	0.621535394693187	cellular component organization, cellular component organization or biogenesis	coupled	-0.6264391139927875	True	True	True	0.11466035574580133	False	ZCCHC14
substantia_nigra	ENSG00000140990	M004	False	module_genes	576.0	258.0	1.1721316905140433	0.011655702361279236	0.7781860799282974	0.918706378101362	0.7405900574511649	1.1396607349400962	fit	576	0	0.7698260082862307		abundance_only	-0.06072231914981089	False	True	True	0.00024708778460080794	False	NDUFB10
cerebellar_hemisphere	ENSG00000141002	M003	False	module_genes	933.0	425.0	1.2081705355746633	8.4745538920076e-06	0.9824318896667084	0.9930373477864146	0.841316031824618	1.1721197942228745	fit	949	6	0.4914345904277392	nucleoside triphosphate biosynthetic process, nucleotide biosynthetic process, ribonucleoside triphosphate biosynthetic process	discordant	-0.28089169453874135	True	True	True	0.0005349642016498918	False	TCF25
frontal_cortex_ba9	ENSG00000141295	M002	False	switch_genes	944.0	397.0	1.1557051891629841	0.00318554872261526	0.7587216383378627	1.0717296069978584	0.9080390999593985	1.2649282950119018	fit	1034	21	0.029361098554400673	supramolecular fiber organization, cell migration, actin cytoskeleton organization	switch_only	-0.3968095978770281	True	True	True	1.249258128763103e-06	True	SCRN2
cerebellar_hemisphere	ENSG00000141391	M003	False	module_genes	933.0	425.0	1.2081705355746633	8.4745538920076e-06	0.9824318896667084	0.9930373477864146	0.841316031824618	1.1721197942228745	fit	949	6	0.4914345904277392	nucleoside triphosphate biosynthetic process, nucleotide biosynthetic process, ribonucleoside triphosphate biosynthetic process	discordant	-0.3695083341680953	True	True	True	0.0005349642016498918	False	PRELID3A
substantia_nigra	ENSG00000141391	M004	False	module_genes	576.0	258.0	1.1721316905140433	0.011655702361279236	0.7781860799282974	0.918706378101362	0.7405900574511649	1.1396607349400962	fit	576	0	0.7698260082862307		discordant	-0.3405666480766244	True	True	True	0.00024708778460080794	False	PRELID3A
cerebellar_hemisphere	ENSG00000141504	M003	False	module_genes	933.0	425.0	1.2081705355746633	8.4745538920076e-06	0.9824318896667084	0.9930373477864146	0.841316031824618	1.1721197942228745	fit	949	6	0.4914345904277392	nucleoside triphosphate biosynthetic process, nucleotide biosynthetic process, ribonucleoside triphosphate biosynthetic process	discordant	-0.26120722309119704	True	True	True	0.0005349642016498918	False	SAT2
caudate_sczd	ENSG00000141519	M006	True	switch_genes	343.0	157.0	1.228849841094739	0.010660698329540308	0.17582615298288773	1.3819545740935557	1.0562243359485246	1.8081371351314661	fit	343	0	0.017871150734486828		discordant	0.399835691406701	True	True	True	6.938353180885315e-08	True	CCDC40
caudate_sczd	ENSG00000141540	M006	True	switch_genes	343.0	157.0	1.228849841094739	0.010660698329540308	0.17582615298288773	1.3819545740935557	1.0562243359485246	1.8081371351314661	fit	343	0	0.017871150734486828		discordant	0.7300879803413535	True	True	True	6.938353180885315e-08	True	TTYH2
cerebellar_hemisphere	ENSG00000141540	M003	False	module_genes	933.0	425.0	1.2081705355746633	8.4745538920076e-06	0.9824318896667084	0.9930373477864146	0.841316031824618	1.1721197942228745	fit	949	6	0.4914345904277392	nucleoside triphosphate biosynthetic process, nucleotide biosynthetic process, ribonucleoside triphosphate biosynthetic process	switch_only	-0.36500903432401927	True	True	True	0.0005349642016498918	False	TTYH2
substantia_nigra	ENSG00000141540	M004	False	module_genes	576.0	258.0	1.1721316905140433	0.011655702361279236	0.7781860799282974	0.918706378101362	0.7405900574511649	1.1396607349400962	fit	576	0	0.7698260082862307		discordant	-0.7152363180177144	True	True	True	0.00024708778460080794	False	TTYH2
frontal_cortex_ba9	ENSG00000141542	M002	False	switch_genes	944.0	397.0	1.1557051891629841	0.00318554872261526	0.7587216383378627	1.0717296069978584	0.9080390999593985	1.2649282950119018	fit	1034	21	0.029361098554400673	supramolecular fiber organization, cell migration, actin cytoskeleton organization	abundance_only	-0.05188893584822414	False	True	True	1.249258128763103e-06	True	RAB40B
cerebellar_hemisphere	ENSG00000141551	M003	False	module_genes	933.0	425.0	1.2081705355746633	8.4745538920076e-06	0.9824318896667084	0.9930373477864146	0.841316031824618	1.1721197942228745	fit	949	6	0.4914345904277392	nucleoside triphosphate biosynthetic process, nucleotide biosynthetic process, ribonucleoside triphosphate biosynthetic process	discordant	-0.635307054147579	True	True	True	0.0005349642016498918	False	CSNK1D
substantia_nigra	ENSG00000141551	M004	False	module_genes	576.0	258.0	1.1721316905140433	0.011655702361279236	0.7781860799282974	0.918706378101362	0.7405900574511649	1.1396607349400962	fit	576	0	0.7698260082862307		discordant	-0.5235807670956767	True	True	True	0.00024708778460080794	False	CSNK1D
substantia_nigra	ENSG00000141568	M004	False	module_genes	576.0	258.0	1.1721316905140433	0.011655702361279236	0.7781860799282974	0.918706378101362	0.7405900574511649	1.1396607349400962	fit	576	0	0.7698260082862307		discordant	-0.6847346578939548	True	True	True	0.00024708778460080794	False	FOXK2
cerebellar_hemisphere	ENSG00000141696	M003	False	module_genes	933.0	425.0	1.2081705355746633	8.4745538920076e-06	0.9824318896667084	0.9930373477864146	0.841316031824618	1.1721197942228745	fit	949	6	0.4914345904277392	nucleoside triphosphate biosynthetic process, nucleotide biosynthetic process, ribonucleoside triphosphate biosynthetic process	discordant	-0.21561108133793302	True	True	True	0.0005349642016498918	False	P3H4
cerebellar_hemisphere	ENSG00000141873	M003	False	module_genes	933.0	425.0	1.2081705355746633	8.4745538920076e-06	0.9824318896667084	0.9930373477864146	0.841316031824618	1.1721197942228745	fit	949	6	0.4914345904277392	nucleoside triphosphate biosynthetic process, nucleotide biosynthetic process, ribonucleoside triphosphate biosynthetic process	coupled	-0.5106676755688536	True	True	True	0.0005349642016498918	False	SLC39A3
frontal_cortex_ba9	ENSG00000141873	M002	False	switch_genes	944.0	397.0	1.1557051891629841	0.00318554872261526	0.7587216383378627	1.0717296069978584	0.9080390999593985	1.2649282950119018	fit	1034	21	0.029361098554400673	supramolecular fiber organization, cell migration, actin cytoskeleton organization	discordant	-0.5692841436246144	True	True	True	1.249258128763103e-06	True	SLC39A3
caudate_sczd	ENSG00000141934	M006	True	switch_genes	343.0	157.0	1.228849841094739	0.010660698329540308	0.17582615298288773	1.3819545740935557	1.0562243359485246	1.8081371351314661	fit	343	0	0.017871150734486828		discordant	0.6406864504941391	True	True	True	6.938353180885315e-08	True	PLPP2
caudate_sczd	ENSG00000141959	M006	True	switch_genes	343.0	157.0	1.228849841094739	0.010660698329540308	0.17582615298288773	1.3819545740935557	1.0562243359485246	1.8081371351314661	fit	343	0	0.017871150734486828		discordant	0.7770139730798199	True	True	True	6.938353180885315e-08	True	PFKL
putamen_basal_ganglia	ENSG00000141968	M001	False	module_genes	1357.0	442.0	1.0912117986546874	0.047881382694560784	0.0006194345015300029	1.534058117962331	1.283783885217848	1.8331234223950292	fit	1362	2	0.621535394693187	cellular component organization, cellular component organization or biogenesis	abundance_only	-0.036543780772521364	False	True	True	0.11466035574580133	False	VAV1
substantia_nigra	ENSG00000141994	M004	False	module_genes	576.0	258.0	1.1721316905140433	0.011655702361279236	0.7781860799282974	0.918706378101362	0.7405900574511649	1.1396607349400962	fit	576	0	0.7698260082862307		discordant	-0.35663841082759823	True	True	True	0.00024708778460080794	False	DUS3L
frontal_cortex_ba9	ENSG00000142046	M002	False	switch_genes	944.0	397.0	1.1557051891629841	0.00318554872261526	0.7587216383378627	1.0717296069978584	0.9080390999593985	1.2649282950119018	fit	1034	21	0.029361098554400673	supramolecular fiber organization, cell migration, actin cytoskeleton organization	discordant	-0.43910632728530136	True	True	True	1.249258128763103e-06	True	TMEM91
putamen_basal_ganglia	ENSG00000142156	M001	False	module_genes	1357.0	442.0	1.0912117986546874	0.047881382694560784	0.0006194345015300029	1.534058117962331	1.283783885217848	1.8331234223950292	fit	1362	2	0.621535394693187	cellular component organization, cellular component organization or biogenesis	coupled	-0.7962337138424602	True	True	True	0.11466035574580133	False	COL6A1
hypothalamus	ENSG00000142173	M014	False	switch_genes	87.0	41.0	1.727969348659004	0.002694740306695324	0.0755268998708689	2.112315999719547	1.2640840959982327	3.5297326315522497	fit	99	31	0.04475469901505802	cilium movement, cilium-dependent cell motility, cilium or flagellum-dependent cell motility	coupled	-0.5887935422329243	True	True	True	1.0	True	COL6A2
frontal_cortex_ba9	ENSG00000142227	M002	False	switch_genes	944.0	397.0	1.1557051891629841	0.00318554872261526	0.7587216383378627	1.0717296069978584	0.9080390999593985	1.2649282950119018	fit	1034	21	0.029361098554400673	supramolecular fiber organization, cell migration, actin cytoskeleton organization	abundance_only		False	True	True	1.249258128763103e-06	True	EMP3
substantia_nigra	ENSG00000142303	M004	False	module_genes	576.0	258.0	1.1721316905140433	0.011655702361279236	0.7781860799282974	0.918706378101362	0.7405900574511649	1.1396607349400962	fit	576	0	0.7698260082862307		discordant	-0.3138934382726865	True	True	True	0.00024708778460080794	False	ADAMTS10
caudate_sczd	ENSG00000142409	M006	True	switch_genes	343.0	157.0	1.228849841094739	0.010660698329540308	0.17582615298288773	1.3819545740935557	1.0562243359485246	1.8081371351314661	fit	343	0	0.017871150734486828		discordant	0.7792567495552768	True	True	True	6.938353180885315e-08	True	ZNF787
frontal_cortex_ba9	ENSG00000142459	M002	False	switch_genes	944.0	397.0	1.1557051891629841	0.00318554872261526	0.7587216383378627	1.0717296069978584	0.9080390999593985	1.2649282950119018	fit	1034	21	0.029361098554400673	supramolecular fiber organization, cell migration, actin cytoskeleton organization	discordant	-0.7911725570902334	True	True	True	1.249258128763103e-06	True	EVI5L
frontal_cortex_ba9	ENSG00000142609	M002	False	switch_genes	944.0	397.0	1.1557051891629841	0.00318554872261526	0.7587216383378627	1.0717296069978584	0.9080390999593985	1.2649282950119018	fit	1034	21	0.029361098554400673	supramolecular fiber organization, cell migration, actin cytoskeleton organization	discordant	-0.5568426034720612	True	True	True	1.249258128763103e-06	True	CFAP74
frontal_cortex_ba9	ENSG00000142627	M002	False	switch_genes	944.0	397.0	1.1557051891629841	0.00318554872261526	0.7587216383378627	1.0717296069978584	0.9080390999593985	1.2649282950119018	fit	1034	21	0.029361098554400673	supramolecular fiber organization, cell migration, actin cytoskeleton organization	abundance_only		False	True	True	1.249258128763103e-06	True	EPHA2
substantia_nigra	ENSG00000142675	M004	False	module_genes	576.0	258.0	1.1721316905140433	0.011655702361279236	0.7781860799282974	0.918706378101362	0.7405900574511649	1.1396607349400962	fit	576	0	0.7698260082862307		discordant	-0.4060723281648219	True	True	True	0.00024708778460080794	False	CNKSR1
putamen_basal_ganglia	ENSG00000142794	M001	False	module_genes	1357.0	442.0	1.0912117986546874	0.047881382694560784	0.0006194345015300029	1.534058117962331	1.283783885217848	1.8331234223950292	fit	1362	2	0.621535394693187	cellular component organization, cellular component organization or biogenesis	discordant	-0.3610184586835227	True	True	True	0.11466035574580133	False	NBPF3
putamen_basal_ganglia	ENSG00000142798	M001	False	module_genes	1357.0	442.0	1.0912117986546874	0.047881382694560784	0.0006194345015300029	1.534058117962331	1.283783885217848	1.8331234223950292	fit	1362	2	0.621535394693187	cellular component organization, cellular component organization or biogenesis	coupled	-0.8235587971544245	True	True	True	0.11466035574580133	False	HSPG2
putamen_basal_ganglia	ENSG00000142864	M001	False	module_genes	1357.0	442.0	1.0912117986546874	0.047881382694560784	0.0006194345015300029	1.534058117962331	1.283783885217848	1.8331234223950292	fit	1362	2	0.621535394693187	cellular component organization, cellular component organization or biogenesis	coupled	-0.5686442481223093	True	True	True	0.11466035574580133	False	SERBP1
substantia_nigra	ENSG00000143106	M004	False	module_genes	576.0	258.0	1.1721316905140433	0.011655702361279236	0.7781860799282974	0.918706378101362	0.7405900574511649	1.1396607349400962	fit	576	0	0.7698260082862307		abundance_only	-0.11382325551258056	False	True	True	0.00024708778460080794	False	PSMA5
putamen_basal_ganglia	ENSG00000143126	M001	False	module_genes	1357.0	442.0	1.0912117986546874	0.047881382694560784	0.0006194345015300029	1.534058117962331	1.283783885217848	1.8331234223950292	fit	1362	2	0.621535394693187	cellular component organization, cellular component organization or biogenesis	coupled	-0.839980222045914	True	True	True	0.11466035574580133	False	CELSR2
cerebellar_hemisphere	ENSG00000143224	M003	False	module_genes	933.0	425.0	1.2081705355746633	8.4745538920076e-06	0.9824318896667084	0.9930373477864146	0.841316031824618	1.1721197942228745	fit	949	6	0.4914345904277392	nucleoside triphosphate biosynthetic process, nucleotide biosynthetic process, ribonucleoside triphosphate biosynthetic process	coupled	-0.26726794274802773	True	True	True	0.0005349642016498918	False	PPOX
caudate_sczd	ENSG00000143258	M006	True	switch_genes	343.0	157.0	1.228849841094739	0.010660698329540308	0.17582615298288773	1.3819545740935557	1.0562243359485246	1.8081371351314661	fit	343	0	0.017871150734486828		discordant	0.44311279648704366	True	True	True	6.938353180885315e-08	True	USP21
putamen_basal_ganglia	ENSG00000143294	M001	False	module_genes	1357.0	442.0	1.0912117986546874	0.047881382694560784	0.0006194345015300029	1.534058117962331	1.283783885217848	1.8331234223950292	fit	1362	2	0.621535394693187	cellular component organization, cellular component organization or biogenesis	coupled	-0.6428823375965391	True	True	True	0.11466035574580133	False	PRCC
cerebellar_hemisphere	ENSG00000143303	M003	False	module_genes	933.0	425.0	1.2081705355746633	8.4745538920076e-06	0.9824318896667084	0.9930373477864146	0.841316031824618	1.1721197942228745	fit	949	6	0.4914345904277392	nucleoside triphosphate biosynthetic process, nucleotide biosynthetic process, ribonucleoside triphosphate biosynthetic process	coupled	-0.2084045176407447	True	True	True	0.0005349642016498918	False	METTL25B
putamen_basal_ganglia	ENSG00000143375	M001	False	module_genes	1357.0	442.0	1.0912117986546874	0.047881382694560784	0.0006194345015300029	1.534058117962331	1.283783885217848	1.8331234223950292	fit	1362	2	0.621535394693187	cellular component organization, cellular component organization or biogenesis	coupled	-0.5331074998255746	True	True	True	0.11466035574580133	False	CGN
putamen_basal_ganglia	ENSG00000143393	M001	False	module_genes	1357.0	442.0	1.0912117986546874	0.047881382694560784	0.0006194345015300029	1.534058117962331	1.283783885217848	1.8331234223950292	fit	1362	2	0.621535394693187	cellular component organization, cellular component organization or biogenesis	coupled	-0.4905664880530986	True	True	True	0.11466035574580133	False	PI4KB
frontal_cortex_ba9	ENSG00000143486	M002	False	switch_genes	944.0	397.0	1.1557051891629841	0.00318554872261526	0.7587216383378627	1.0717296069978584	0.9080390999593985	1.2649282950119018	fit	1034	21	0.029361098554400673	supramolecular fiber organization, cell migration, actin cytoskeleton organization	switch_only	-0.42536299278958994	True	True	True	1.249258128763103e-06	True	EIF2D
putamen_basal_ganglia	ENSG00000143514	M001	False	module_genes	1357.0	442.0	1.0912117986546874	0.047881382694560784	0.0006194345015300029	1.534058117962331	1.283783885217848	1.8331234223950292	fit	1362	2	0.621535394693187	cellular component organization, cellular component organization or biogenesis	coupled	-0.3933113614380017	True	True	True	0.11466035574580133	False	TP53BP2
substantia_nigra	ENSG00000143553	M004	False	module_genes	576.0	258.0	1.1721316905140433	0.011655702361279236	0.7781860799282974	0.918706378101362	0.7405900574511649	1.1396607349400962	fit	576	0	0.7698260082862307		discordant	-0.5637857585173601	True	True	True	0.00024708778460080794	False	SNAPIN
caudate_sczd	ENSG00000143554	M006	True	switch_genes	343.0	157.0	1.228849841094739	0.010660698329540308	0.17582615298288773	1.3819545740935557	1.0562243359485246	1.8081371351314661	fit	343	0	0.017871150734486828		discordant	0.2531934978402321	True	True	True	6.938353180885315e-08	True	SLC27A3
cerebellar_hemisphere	ENSG00000143575	M003	False	module_genes	933.0	425.0	1.2081705355746633	8.4745538920076e-06	0.9824318896667084	0.9930373477864146	0.841316031824618	1.1721197942228745	fit	949	6	0.4914345904277392	nucleoside triphosphate biosynthetic process, nucleotide biosynthetic process, ribonucleoside triphosphate biosynthetic process	coupled	-0.2617514644617554	True	True	True	0.0005349642016498918	False	HAX1
frontal_cortex_ba9	ENSG00000143603	M002	False	switch_genes	944.0	397.0	1.1557051891629841	0.00318554872261526	0.7587216383378627	1.0717296069978584	0.9080390999593985	1.2649282950119018	fit	1034	21	0.029361098554400673	supramolecular fiber organization, cell migration, actin cytoskeleton organization	abundance_only		False	True	True	1.249258128763103e-06	True	KCNN3
putamen_basal_ganglia	ENSG00000143621	M001	False	module_genes	1357.0	442.0	1.0912117986546874	0.047881382694560784	0.0006194345015300029	1.534058117962331	1.283783885217848	1.8331234223950292	fit	1362	2	0.621535394693187	cellular component organization, cellular component organization or biogenesis	discordant	-0.4136212086273953	True	True	True	0.11466035574580133	False	ILF2
putamen_basal_ganglia	ENSG00000143641	M001	False	module_genes	1357.0	442.0	1.0912117986546874	0.047881382694560784	0.0006194345015300029	1.534058117962331	1.283783885217848	1.8331234223950292	fit	1362	2	0.621535394693187	cellular component organization, cellular component organization or biogenesis	coupled	-0.5173671705271429	True	True	True	0.11466035574580133	False	GALNT2
cerebellar_hemisphere	ENSG00000143786	M003	False	module_genes	933.0	425.0	1.2081705355746633	8.4745538920076e-06	0.9824318896667084	0.9930373477864146	0.841316031824618	1.1721197942228745	fit	949	6	0.4914345904277392	nucleoside triphosphate biosynthetic process, nucleotide biosynthetic process, ribonucleoside triphosphate biosynthetic process	abundance_only	-0.19861414128038762	False	True	True	0.0005349642016498918	False	CNIH3
caudate_sczd	ENSG00000143811	M006	True	switch_genes	343.0	157.0	1.228849841094739	0.010660698329540308	0.17582615298288773	1.3819545740935557	1.0562243359485246	1.8081371351314661	fit	343	0	0.017871150734486828		discordant	0.4844470346713163	True	True	True	6.938353180885315e-08	True	PYCR2
frontal_cortex_ba9	ENSG00000143811	M002	False	switch_genes	944.0	397.0	1.1557051891629841	0.00318554872261526	0.7587216383378627	1.0717296069978584	0.9080390999593985	1.2649282950119018	fit	1034	21	0.029361098554400673	supramolecular fiber organization, cell migration, actin cytoskeleton organization	inactive	-0.06428529185994825	False	True	True	1.249258128763103e-06	True	PYCR2
cerebellar_hemisphere	ENSG00000143842	M003	False	module_genes	933.0	425.0	1.2081705355746633	8.4745538920076e-06	0.9824318896667084	0.9930373477864146	0.841316031824618	1.1721197942228745	fit	949	6	0.4914345904277392	nucleoside triphosphate biosynthetic process, nucleotide biosynthetic process, ribonucleoside triphosphate biosynthetic process	inactive	-0.10422860361428547	False	True	True	0.0005349642016498918	False	SOX13
putamen_basal_ganglia	ENSG00000143842	M001	False	module_genes	1357.0	442.0	1.0912117986546874	0.047881382694560784	0.0006194345015300029	1.534058117962331	1.283783885217848	1.8331234223950292	fit	1362	2	0.621535394693187	cellular component organization, cellular component organization or biogenesis	coupled	-0.35701688359823563	True	True	True	0.11466035574580133	False	SOX13
cerebellar_hemisphere	ENSG00000143994	M003	False	module_genes	933.0	425.0	1.2081705355746633	8.4745538920076e-06	0.9824318896667084	0.9930373477864146	0.841316031824618	1.1721197942228745	fit	949	6	0.4914345904277392	nucleoside triphosphate biosynthetic process, nucleotide biosynthetic process, ribonucleoside triphosphate biosynthetic process	discordant	-0.3671790924448596	True	True	True	0.0005349642016498918	False	ABHD1
frontal_cortex_ba9	ENSG00000144021	M002	False	switch_genes	944.0	397.0	1.1557051891629841	0.00318554872261526	0.7587216383378627	1.0717296069978584	0.9080390999593985	1.2649282950119018	fit	1034	21	0.029361098554400673	supramolecular fiber organization, cell migration, actin cytoskeleton organization	coupled	0.38507398240570606	True	True	True	1.249258128763103e-06	True	CIAO1
caudate_sczd	ENSG00000144028	M006	True	switch_genes	343.0	157.0	1.228849841094739	0.010660698329540308	0.17582615298288773	1.3819545740935557	1.0562243359485246	1.8081371351314661	fit	343	0	0.017871150734486828		discordant	0.32783745656315294	True	True	True	6.938353180885315e-08	True	SNRNP200
putamen_basal_ganglia	ENSG00000144028	M001	False	module_genes	1357.0	442.0	1.0912117986546874	0.047881382694560784	0.0006194345015300029	1.534058117962331	1.283783885217848	1.8331234223950292	fit	1362	2	0.621535394693187	cellular component organization, cellular component organization or biogenesis	coupled	-0.8839785344408964	True	True	True	0.11466035574580133	False	SNRNP200
caudate_sczd	ENSG00000144120	M006	True	switch_genes	343.0	157.0	1.228849841094739	0.010660698329540308	0.17582615298288773	1.3819545740935557	1.0562243359485246	1.8081371351314661	fit	343	0	0.017871150734486828		switch_only	0.3441622190924865	True	True	True	6.938353180885315e-08	True	TMEM177
caudate_sczd	ENSG00000144136	M006	True	switch_genes	343.0	157.0	1.228849841094739	0.010660698329540308	0.17582615298288773	1.3819545740935557	1.0562243359485246	1.8081371351314661	fit	343	0	0.017871150734486828		switch_only	0.674717446601662	True	True	True	6.938353180885315e-08	True	SLC20A1
cerebellar_hemisphere	ENSG00000144136	M003	False	module_genes	933.0	425.0	1.2081705355746633	8.4745538920076e-06	0.9824318896667084	0.9930373477864146	0.841316031824618	1.1721197942228745	fit	949	6	0.4914345904277392	nucleoside triphosphate biosynthetic process, nucleotide biosynthetic process, ribonucleoside triphosphate biosynthetic process	abundance_only	-0.18375662357519845	False	True	True	0.0005349642016498918	False	SLC20A1
substantia_nigra	ENSG00000144136	M004	False	module_genes	576.0	258.0	1.1721316905140433	0.011655702361279236	0.7781860799282974	0.918706378101362	0.7405900574511649	1.1396607349400962	fit	576	0	0.7698260082862307		discordant	-0.23189405106823047	True	True	True	0.00024708778460080794	False	SLC20A1
substantia_nigra	ENSG00000144339	M004	False	module_genes	576.0	258.0	1.1721316905140433	0.011655702361279236	0.7781860799282974	0.918706378101362	0.7405900574511649	1.1396607349400962	fit	576	0	0.7698260082862307		discordant	-0.2705420335039587	True	True	True	0.00024708778460080794	False	TMEFF2
cerebellar_hemisphere	ENSG00000144468	M003	False	module_genes	933.0	425.0	1.2081705355746633	8.4745538920076e-06	0.9824318896667084	0.9930373477864146	0.841316031824618	1.1721197942228745	fit	949	6	0.4914345904277392	nucleoside triphosphate biosynthetic process, nucleotide biosynthetic process, ribonucleoside triphosphate biosynthetic process	discordant	-0.33440787053076143	True	True	True	0.0005349642016498918	False	RHBDD1
putamen_basal_ganglia	ENSG00000144579	M001	False	module_genes	1357.0	442.0	1.0912117986546874	0.047881382694560784	0.0006194345015300029	1.534058117962331	1.283783885217848	1.8331234223950292	fit	1362	2	0.621535394693187	cellular component organization, cellular component organization or biogenesis	switch_only	-0.45822574526550414	True	True	True	0.11466035574580133	False	CTDSP1
putamen_basal_ganglia	ENSG00000144596	M001	False	module_genes	1357.0	442.0	1.0912117986546874	0.047881382694560784	0.0006194345015300029	1.534058117962331	1.283783885217848	1.8331234223950292	fit	1362	2	0.621535394693187	cellular component organization, cellular component organization or biogenesis	discordant	-0.2379564129000786	True	True	True	0.11466035574580133	False	GRIP2
cerebellar_hemisphere	ENSG00000144635	M003	False	module_genes	933.0	425.0	1.2081705355746633	8.4745538920076e-06	0.9824318896667084	0.9930373477864146	0.841316031824618	1.1721197942228745	fit	949	6	0.4914345904277392	nucleoside triphosphate biosynthetic process, nucleotide biosynthetic process, ribonucleoside triphosphate biosynthetic process	discordant	-0.6179232884714898	True	True	True	0.0005349642016498918	False	DYNC1LI1
substantia_nigra	ENSG00000144635	M004	False	module_genes	576.0	258.0	1.1721316905140433	0.011655702361279236	0.7781860799282974	0.918706378101362	0.7405900574511649	1.1396607349400962	fit	576	0	0.7698260082862307		coupled	-0.644036251593132	True	True	True	0.00024708778460080794	False	DYNC1LI1
frontal_cortex_ba9	ENSG00000144730	M002	False	switch_genes	944.0	397.0	1.1557051891629841	0.00318554872261526	0.7587216383378627	1.0717296069978584	0.9080390999593985	1.2649282950119018	fit	1034	21	0.029361098554400673	supramolecular fiber organization, cell migration, actin cytoskeleton organization	abundance_only		False	True	True	1.249258128763103e-06	True	IL17RD
putamen_basal_ganglia	ENSG00000144749	M001	False	module_genes	1357.0	442.0	1.0912117986546874	0.047881382694560784	0.0006194345015300029	1.534058117962331	1.283783885217848	1.8331234223950292	fit	1362	2	0.621535394693187	cellular component organization, cellular component organization or biogenesis	coupled	-0.8435012606645189	True	True	True	0.11466035574580133	False	LRIG1
putamen_basal_ganglia	ENSG00000144908	M001	False	module_genes	1357.0	442.0	1.0912117986546874	0.047881382694560784	0.0006194345015300029	1.534058117962331	1.283783885217848	1.8331234223950292	fit	1362	2	0.621535394693187	cellular component organization, cellular component organization or biogenesis	coupled	-0.5613891749954257	True	True	True	0.11466035574580133	False	ALDH1L1
putamen_basal_ganglia	ENSG00000145016	M001	False	module_genes	1357.0	442.0	1.0912117986546874	0.047881382694560784	0.0006194345015300029	1.534058117962331	1.283783885217848	1.8331234223950292	fit	1362	2	0.621535394693187	cellular component organization, cellular component organization or biogenesis	discordant	-0.2985861436071271	True	True	True	0.11466035574580133	False	RUBCN
cerebellar_hemisphere	ENSG00000145022	M003	False	module_genes	933.0	425.0	1.2081705355746633	8.4745538920076e-06	0.9824318896667084	0.9930373477864146	0.841316031824618	1.1721197942228745	fit	949	6	0.4914345904277392	nucleoside triphosphate biosynthetic process, nucleotide biosynthetic process, ribonucleoside triphosphate biosynthetic process	abundance_only		False	True	True	0.0005349642016498918	False	TCTA
frontal_cortex_ba9	ENSG00000145063	M002	False	switch_genes	944.0	397.0	1.1557051891629841	0.00318554872261526	0.7587216383378627	1.0717296069978584	0.9080390999593985	1.2649282950119018	fit	1034	21	0.029361098554400673	supramolecular fiber organization, cell migration, actin cytoskeleton organization	discordant	-0.35550750188396074	True	True	True	1.249258128763103e-06	True	ENSG00000145063
putamen_basal_ganglia	ENSG00000145214	M001	False	module_genes	1357.0	442.0	1.0912117986546874	0.047881382694560784	0.0006194345015300029	1.534058117962331	1.283783885217848	1.8331234223950292	fit	1362	2	0.621535394693187	cellular component organization, cellular component organization or biogenesis	coupled	-0.487587924707814	True	True	True	0.11466035574580133	False	DGKQ
frontal_cortex_ba9	ENSG00000145623	M002	False	switch_genes	944.0	397.0	1.1557051891629841	0.00318554872261526	0.7587216383378627	1.0717296069978584	0.9080390999593985	1.2649282950119018	fit	1034	21	0.029361098554400673	supramolecular fiber organization, cell migration, actin cytoskeleton organization	abundance_only		False	True	True	1.249258128763103e-06	True	OSMR
putamen_basal_ganglia	ENSG00000145685	M001	False	module_genes	1357.0	442.0	1.0912117986546874	0.047881382694560784	0.0006194345015300029	1.534058117962331	1.283783885217848	1.8331234223950292	fit	1362	2	0.621535394693187	cellular component organization, cellular component organization or biogenesis	discordant	-0.43242020391547387	True	True	True	0.11466035574580133	False	LHFPL2
cerebellar_hemisphere	ENSG00000145912	M003	False	module_genes	933.0	425.0	1.2081705355746633	8.4745538920076e-06	0.9824318896667084	0.9930373477864146	0.841316031824618	1.1721197942228745	fit	949	6	0.4914345904277392	nucleoside triphosphate biosynthetic process, nucleotide biosynthetic process, ribonucleoside triphosphate biosynthetic process	coupled	-0.210689628419007	True	True	True	0.0005349642016498918	False	NHP2
frontal_cortex_ba9	ENSG00000146005	M002	False	switch_genes	944.0	397.0	1.1557051891629841	0.00318554872261526	0.7587216383378627	1.0717296069978584	0.9080390999593985	1.2649282950119018	fit	1034	21	0.029361098554400673	supramolecular fiber organization, cell migration, actin cytoskeleton organization	abundance_only		False	True	True	1.249258128763103e-06	True	PSD2
putamen_basal_ganglia	ENSG00000146005	M001	False	module_genes	1357.0	442.0	1.0912117986546874	0.047881382694560784	0.0006194345015300029	1.534058117962331	1.283783885217848	1.8331234223950292	fit	1362	2	0.621535394693187	cellular component organization, cellular component organization or biogenesis	inactive		False	True	True	0.11466035574580133	False	PSD2
cerebellar_hemisphere	ENSG00000146013	M003	False	module_genes	933.0	425.0	1.2081705355746633	8.4745538920076e-06	0.9824318896667084	0.9930373477864146	0.841316031824618	1.1721197942228745	fit	949	6	0.4914345904277392	nucleoside triphosphate biosynthetic process, nucleotide biosynthetic process, ribonucleoside triphosphate biosynthetic process	coupled	-0.26803108772908063	True	True	True	0.0005349642016498918	False	GFRA3
cerebellar_hemisphere	ENSG00000146090	M003	False	module_genes	933.0	425.0	1.2081705355746633	8.4745538920076e-06	0.9824318896667084	0.9930373477864146	0.841316031824618	1.1721197942228745	fit	949	6	0.4914345904277392	nucleoside triphosphate biosynthetic process, nucleotide biosynthetic process, ribonucleoside triphosphate biosynthetic process	abundance_only		False	True	True	0.0005349642016498918	False	RASGEF1C
cerebellar_hemisphere	ENSG00000146151	M003	False	module_genes	933.0	425.0	1.2081705355746633	8.4745538920076e-06	0.9824318896667084	0.9930373477864146	0.841316031824618	1.1721197942228745	fit	949	6	0.4914345904277392	nucleoside triphosphate biosynthetic process, nucleotide biosynthetic process, ribonucleoside triphosphate biosynthetic process	coupled	-0.400987909434087	True	True	True	0.0005349642016498918	False	HMGCLL1
putamen_basal_ganglia	ENSG00000146453	M001	False	module_genes	1357.0	442.0	1.0912117986546874	0.047881382694560784	0.0006194345015300029	1.534058117962331	1.283783885217848	1.8331234223950292	fit	1362	2	0.621535394693187	cellular component organization, cellular component organization or biogenesis	abundance_only	-0.12904700948400463	False	True	True	0.11466035574580133	False	PNLDC1
putamen_basal_ganglia	ENSG00000146463	M001	False	module_genes	1357.0	442.0	1.0912117986546874	0.047881382694560784	0.0006194345015300029	1.534058117962331	1.283783885217848	1.8331234223950292	fit	1362	2	0.621535394693187	cellular component organization, cellular component organization or biogenesis	coupled	-0.8629740305349916	True	True	True	0.11466035574580133	False	ZMYM4
substantia_nigra	ENSG00000146574	M004	False	module_genes	576.0	258.0	1.1721316905140433	0.011655702361279236	0.7781860799282974	0.918706378101362	0.7405900574511649	1.1396607349400962	fit	576	0	0.7698260082862307		coupled	-0.31220373113478583	True	True	True	0.00024708778460080794	False	CCZ1B
frontal_cortex_ba9	ENSG00000146592	M002	False	switch_genes	944.0	397.0	1.1557051891629841	0.00318554872261526	0.7587216383378627	1.0717296069978584	0.9080390999593985	1.2649282950119018	fit	1034	21	0.029361098554400673	supramolecular fiber organization, cell migration, actin cytoskeleton organization	abundance_only		False	True	True	1.249258128763103e-06	True	CREB5
cerebellar_hemisphere	ENSG00000146828	M003	False	module_genes	933.0	425.0	1.2081705355746633	8.4745538920076e-06	0.9824318896667084	0.9930373477864146	0.841316031824618	1.1721197942228745	fit	949	6	0.4914345904277392	nucleoside triphosphate biosynthetic process, nucleotide biosynthetic process, ribonucleoside triphosphate biosynthetic process	discordant	-0.7225620184158964	True	True	True	0.0005349642016498918	False	SLC12A9
putamen_basal_ganglia	ENSG00000146918	M001	False	module_genes	1357.0	442.0	1.0912117986546874	0.047881382694560784	0.0006194345015300029	1.534058117962331	1.283783885217848	1.8331234223950292	fit	1362	2	0.621535394693187	cellular component organization, cellular component organization or biogenesis	abundance_only	-0.12331291434024741	False	True	True	0.11466035574580133	False	NCAPG2
frontal_cortex_ba9	ENSG00000146950	M002	False	switch_genes	944.0	397.0	1.1557051891629841	0.00318554872261526	0.7587216383378627	1.0717296069978584	0.9080390999593985	1.2649282950119018	fit	1034	21	0.029361098554400673	supramolecular fiber organization, cell migration, actin cytoskeleton organization	discordant	-0.6317352306352279	True	True	True	1.249258128763103e-06	True	SHROOM2
putamen_basal_ganglia	ENSG00000146950	M001	False	module_genes	1357.0	442.0	1.0912117986546874	0.047881382694560784	0.0006194345015300029	1.534058117962331	1.283783885217848	1.8331234223950292	fit	1362	2	0.621535394693187	cellular component organization, cellular component organization or biogenesis	coupled	-0.6063038143881289	True	True	True	0.11466035574580133	False	SHROOM2
caudate_sczd	ENSG00000147113	M006	True	switch_genes	343.0	157.0	1.228849841094739	0.010660698329540308	0.17582615298288773	1.3819545740935557	1.0562243359485246	1.8081371351314661	fit	343	0	0.017871150734486828		discordant	0.4051389343621832	True	True	True	6.938353180885315e-08	True	DIPK2B
substantia_nigra	ENSG00000147113	M004	False	module_genes	576.0	258.0	1.1721316905140433	0.011655702361279236	0.7781860799282974	0.918706378101362	0.7405900574511649	1.1396607349400962	fit	576	0	0.7698260082862307		discordant	-0.22427239364413382	True	True	True	0.00024708778460080794	False	DIPK2B
frontal_cortex_ba9	ENSG00000147144	M002	False	switch_genes	944.0	397.0	1.1557051891629841	0.00318554872261526	0.7587216383378627	1.0717296069978584	0.9080390999593985	1.2649282950119018	fit	1034	21	0.029361098554400673	supramolecular fiber organization, cell migration, actin cytoskeleton organization	discordant	-0.6358282861781038	True	True	True	1.249258128763103e-06	True	CCDC120
putamen_basal_ganglia	ENSG00000147421	M001	False	module_genes	1357.0	442.0	1.0912117986546874	0.047881382694560784	0.0006194345015300029	1.534058117962331	1.283783885217848	1.8331234223950292	fit	1362	2	0.621535394693187	cellular component organization, cellular component organization or biogenesis	discordant	-0.6963953073771832	True	True	True	0.11466035574580133	False	HMBOX1
cerebellar_hemisphere	ENSG00000147465	M003	False	module_genes	933.0	425.0	1.2081705355746633	8.4745538920076e-06	0.9824318896667084	0.9930373477864146	0.841316031824618	1.1721197942228745	fit	949	6	0.4914345904277392	nucleoside triphosphate biosynthetic process, nucleotide biosynthetic process, ribonucleoside triphosphate biosynthetic process	discordant	-0.3227557231751268	True	True	True	0.0005349642016498918	False	STAR
substantia_nigra	ENSG00000148187	M004	False	module_genes	576.0	258.0	1.1721316905140433	0.011655702361279236	0.7781860799282974	0.918706378101362	0.7405900574511649	1.1396607349400962	fit	576	0	0.7698260082862307		discordant	-0.5206898480980661	True	True	True	0.00024708778460080794	False	MRRF
caudate_sczd	ENSG00000148343	M006	True	switch_genes	343.0	157.0	1.228849841094739	0.010660698329540308	0.17582615298288773	1.3819545740935557	1.0562243359485246	1.8081371351314661	fit	343	0	0.017871150734486828		discordant	0.6567143583862939	True	True	True	6.938353180885315e-08	True	MIGA2
frontal_cortex_ba9	ENSG00000148362	M002	False	switch_genes	944.0	397.0	1.1557051891629841	0.00318554872261526	0.7587216383378627	1.0717296069978584	0.9080390999593985	1.2649282950119018	fit	1034	21	0.029361098554400673	supramolecular fiber organization, cell migration, actin cytoskeleton organization	switch_only	-0.46618540006065656	True	True	True	1.249258128763103e-06	True	PAXX
caudate_sczd	ENSG00000148384	M006	True	switch_genes	343.0	157.0	1.228849841094739	0.010660698329540308	0.17582615298288773	1.3819545740935557	1.0562243359485246	1.8081371351314661	fit	343	0	0.017871150734486828		discordant	0.6176609235591404	True	True	True	6.938353180885315e-08	True	INPP5E
frontal_cortex_ba9	ENSG00000148411	M002	False	switch_genes	944.0	397.0	1.1557051891629841	0.00318554872261526	0.7587216383378627	1.0717296069978584	0.9080390999593985	1.2649282950119018	fit	1034	21	0.029361098554400673	supramolecular fiber organization, cell migration, actin cytoskeleton organization	abundance_only		False	True	True	1.249258128763103e-06	True	NACC2
cerebellar_hemisphere	ENSG00000149136	M003	False	module_genes	933.0	425.0	1.2081705355746633	8.4745538920076e-06	0.9824318896667084	0.9930373477864146	0.841316031824618	1.1721197942228745	fit	949	6	0.4914345904277392	nucleoside triphosphate biosynthetic process, nucleotide biosynthetic process, ribonucleoside triphosphate biosynthetic process	discordant	-0.6867656554633735	True	True	True	0.0005349642016498918	False	SSRP1
cerebellar_hemisphere	ENSG00000149182	M003	False	module_genes	933.0	425.0	1.2081705355746633	8.4745538920076e-06	0.9824318896667084	0.9930373477864146	0.841316031824618	1.1721197942228745	fit	949	6	0.4914345904277392	nucleoside triphosphate biosynthetic process, nucleotide biosynthetic process, ribonucleoside triphosphate biosynthetic process	coupled	-0.32563424950259795	True	True	True	0.0005349642016498918	False	ARFGAP2
caudate_sczd	ENSG00000149243	M006	True	switch_genes	343.0	157.0	1.228849841094739	0.010660698329540308	0.17582615298288773	1.3819545740935557	1.0562243359485246	1.8081371351314661	fit	343	0	0.017871150734486828		coupled	0.6392288104622785	True	True	True	6.938353180885315e-08	True	KLHL35
cerebellar_hemisphere	ENSG00000149243	M003	False	module_genes	933.0	425.0	1.2081705355746633	8.4745538920076e-06	0.9824318896667084	0.9930373477864146	0.841316031824618	1.1721197942228745	fit	949	6	0.4914345904277392	nucleoside triphosphate biosynthetic process, nucleotide biosynthetic process, ribonucleoside triphosphate biosynthetic process	coupled	-0.3946436957045156	True	True	True	0.0005349642016498918	False	KLHL35
cerebellar_hemisphere	ENSG00000149257	M003	False	module_genes	933.0	425.0	1.2081705355746633	8.4745538920076e-06	0.9824318896667084	0.9930373477864146	0.841316031824618	1.1721197942228745	fit	949	6	0.4914345904277392	nucleoside triphosphate biosynthetic process, nucleotide biosynthetic process, ribonucleoside triphosphate biosynthetic process	abundance_only	-0.15208659693234744	False	True	True	0.0005349642016498918	False	SERPINH1
caudate_sczd	ENSG00000149328	M006	True	switch_genes	343.0	157.0	1.228849841094739	0.010660698329540308	0.17582615298288773	1.3819545740935557	1.0562243359485246	1.8081371351314661	fit	343	0	0.017871150734486828		discordant	0.5667667472529151	True	True	True	6.938353180885315e-08	True	GLB1L2
putamen_basal_ganglia	ENSG00000149476	M001	False	module_genes	1357.0	442.0	1.0912117986546874	0.047881382694560784	0.0006194345015300029	1.534058117962331	1.283783885217848	1.8331234223950292	fit	1362	2	0.621535394693187	cellular component organization, cellular component organization or biogenesis	coupled	-0.36488054673616177	True	True	True	0.11466035574580133	False	TKFC
putamen_basal_ganglia	ENSG00000149480	M001	False	module_genes	1357.0	442.0	1.0912117986546874	0.047881382694560784	0.0006194345015300029	1.534058117962331	1.283783885217848	1.8331234223950292	fit	1362	2	0.621535394693187	cellular component organization, cellular component organization or biogenesis	coupled	-0.7178349542424299	True	True	True	0.11466035574580133	False	MTA2
frontal_cortex_ba9	ENSG00000149485	M002	False	switch_genes	944.0	397.0	1.1557051891629841	0.00318554872261526	0.7587216383378627	1.0717296069978584	0.9080390999593985	1.2649282950119018	fit	1034	21	0.029361098554400673	supramolecular fiber organization, cell migration, actin cytoskeleton organization	abundance_only		False	True	True	1.249258128763103e-06	True	FADS1
substantia_nigra	ENSG00000149541	M004	False	module_genes	576.0	258.0	1.1721316905140433	0.011655702361279236	0.7781860799282974	0.918706378101362	0.7405900574511649	1.1396607349400962	fit	576	0	0.7698260082862307		abundance_only	-0.1863676002400041	False	True	True	0.00024708778460080794	False	B3GAT3
substantia_nigra	ENSG00000149557	M004	False	module_genes	576.0	258.0	1.1721316905140433	0.011655702361279236	0.7781860799282974	0.918706378101362	0.7405900574511649	1.1396607349400962	fit	576	0	0.7698260082862307		abundance_only	-0.0186255642798735	False	True	True	0.00024708778460080794	False	FEZ1
putamen_basal_ganglia	ENSG00000149582	M001	False	module_genes	1357.0	442.0	1.0912117986546874	0.047881382694560784	0.0006194345015300029	1.534058117962331	1.283783885217848	1.8331234223950292	fit	1362	2	0.621535394693187	cellular component organization, cellular component organization or biogenesis	coupled	-0.5684606566304443	True	True	True	0.11466035574580133	False	TMEM25
frontal_cortex_ba9	ENSG00000149761	M002	False	switch_genes	944.0	397.0	1.1557051891629841	0.00318554872261526	0.7587216383378627	1.0717296069978584	0.9080390999593985	1.2649282950119018	fit	1034	21	0.029361098554400673	supramolecular fiber organization, cell migration, actin cytoskeleton organization	abundance_only	-0.04584386211269003	False	True	True	1.249258128763103e-06	True	NUDT22
frontal_cortex_ba9	ENSG00000149781	M002	False	switch_genes	944.0	397.0	1.1557051891629841	0.00318554872261526	0.7587216383378627	1.0717296069978584	0.9080390999593985	1.2649282950119018	fit	1034	21	0.029361098554400673	supramolecular fiber organization, cell migration, actin cytoskeleton organization	abundance_only	-0.1912314331158921	False	True	True	1.249258128763103e-06	True	FERMT3
cerebellar_hemisphere	ENSG00000149809	M003	False	module_genes	933.0	425.0	1.2081705355746633	8.4745538920076e-06	0.9824318896667084	0.9930373477864146	0.841316031824618	1.1721197942228745	fit	949	6	0.4914345904277392	nucleoside triphosphate biosynthetic process, nucleotide biosynthetic process, ribonucleoside triphosphate biosynthetic process	coupled	-0.684233525159036	True	True	True	0.0005349642016498918	False	TM7SF2
cerebellar_hemisphere	ENSG00000149925	M003	False	module_genes	933.0	425.0	1.2081705355746633	8.4745538920076e-06	0.9824318896667084	0.9930373477864146	0.841316031824618	1.1721197942228745	fit	949	6	0.4914345904277392	nucleoside triphosphate biosynthetic process, nucleotide biosynthetic process, ribonucleoside triphosphate biosynthetic process	coupled	-0.3289650573549673	True	True	True	0.0005349642016498918	False	ALDOA
frontal_cortex_ba9	ENSG00000150457	M002	False	switch_genes	944.0	397.0	1.1557051891629841	0.00318554872261526	0.7587216383378627	1.0717296069978584	0.9080390999593985	1.2649282950119018	fit	1034	21	0.029361098554400673	supramolecular fiber organization, cell migration, actin cytoskeleton organization	abundance_only		False	True	True	1.249258128763103e-06	True	LATS2
cerebellar_hemisphere	ENSG00000150656	M003	False	module_genes	933.0	425.0	1.2081705355746633	8.4745538920076e-06	0.9824318896667084	0.9930373477864146	0.841316031824618	1.1721197942228745	fit	949	6	0.4914345904277392	nucleoside triphosphate biosynthetic process, nucleotide biosynthetic process, ribonucleoside triphosphate biosynthetic process	switch_only	-0.28724776707497063	True	True	True	0.0005349642016498918	False	CNDP1
frontal_cortex_ba9	ENSG00000150656	M002	False	switch_genes	944.0	397.0	1.1557051891629841	0.00318554872261526	0.7587216383378627	1.0717296069978584	0.9080390999593985	1.2649282950119018	fit	1034	21	0.029361098554400673	supramolecular fiber organization, cell migration, actin cytoskeleton organization	inactive	0.01362730271113379	False	True	True	1.249258128763103e-06	True	CNDP1
putamen_basal_ganglia	ENSG00000150756	M001	False	module_genes	1357.0	442.0	1.0912117986546874	0.047881382694560784	0.0006194345015300029	1.534058117962331	1.283783885217848	1.8331234223950292	fit	1362	2	0.621535394693187	cellular component organization, cellular component organization or biogenesis	discordant	-0.540229048057866	True	True	True	0.11466035574580133	False	ATPSCKMT
frontal_cortex_ba9	ENSG00000150867	M002	False	switch_genes	944.0	397.0	1.1557051891629841	0.00318554872261526	0.7587216383378627	1.0717296069978584	0.9080390999593985	1.2649282950119018	fit	1034	21	0.029361098554400673	supramolecular fiber organization, cell migration, actin cytoskeleton organization	abundance_only		False	True	True	1.249258128763103e-06	True	PIP4K2A
frontal_cortex_ba9	ENSG00000150907	M002	False	switch_genes	944.0	397.0	1.1557051891629841	0.00318554872261526	0.7587216383378627	1.0717296069978584	0.9080390999593985	1.2649282950119018	fit	1034	21	0.029361098554400673	supramolecular fiber organization, cell migration, actin cytoskeleton organization	abundance_only		False	True	True	1.249258128763103e-06	True	FOXO1
putamen_basal_ganglia	ENSG00000151136	M001	False	module_genes	1357.0	442.0	1.0912117986546874	0.047881382694560784	0.0006194345015300029	1.534058117962331	1.283783885217848	1.8331234223950292	fit	1362	2	0.621535394693187	cellular component organization, cellular component organization or biogenesis	discordant	-0.21040880382250024	True	True	True	0.11466035574580133	False	ABTB3
frontal_cortex_ba9	ENSG00000151414	M002	False	switch_genes	944.0	397.0	1.1557051891629841	0.00318554872261526	0.7587216383378627	1.0717296069978584	0.9080390999593985	1.2649282950119018	fit	1034	21	0.029361098554400673	supramolecular fiber organization, cell migration, actin cytoskeleton organization	abundance_only		False	True	True	1.249258128763103e-06	True	NEK7
caudate_sczd	ENSG00000151498	M006	True	switch_genes	343.0	157.0	1.228849841094739	0.010660698329540308	0.17582615298288773	1.3819545740935557	1.0562243359485246	1.8081371351314661	fit	343	0	0.017871150734486828		discordant	0.7801591780747499	True	True	True	6.938353180885315e-08	True	ACAD8
cerebellar_hemisphere	ENSG00000151687	M003	False	module_genes	933.0	425.0	1.2081705355746633	8.4745538920076e-06	0.9824318896667084	0.9930373477864146	0.841316031824618	1.1721197942228745	fit	949	6	0.4914345904277392	nucleoside triphosphate biosynthetic process, nucleotide biosynthetic process, ribonucleoside triphosphate biosynthetic process	discordant	-0.3398963845901045	True	True	True	0.0005349642016498918	False	ANKAR
cerebellar_hemisphere	ENSG00000151689	M003	False	module_genes	933.0	425.0	1.2081705355746633	8.4745538920076e-06	0.9824318896667084	0.9930373477864146	0.841316031824618	1.1721197942228745	fit	949	6	0.4914345904277392	nucleoside triphosphate biosynthetic process, nucleotide biosynthetic process, ribonucleoside triphosphate biosynthetic process	abundance_only	-0.06370615406207435	False	True	True	0.0005349642016498918	False	INPP1
cerebellar_hemisphere	ENSG00000151725	M003	False	module_genes	933.0	425.0	1.2081705355746633	8.4745538920076e-06	0.9824318896667084	0.9930373477864146	0.841316031824618	1.1721197942228745	fit	949	6	0.4914345904277392	nucleoside triphosphate biosynthetic process, nucleotide biosynthetic process, ribonucleoside triphosphate biosynthetic process	abundance_only	-0.17244882966372532	False	True	True	0.0005349642016498918	False	CENPU
putamen_basal_ganglia	ENSG00000151748	M001	False	module_genes	1357.0	442.0	1.0912117986546874	0.047881382694560784	0.0006194345015300029	1.534058117962331	1.283783885217848	1.8331234223950292	fit	1362	2	0.621535394693187	cellular component organization, cellular component organization or biogenesis	discordant	-0.5328228081131691	True	True	True	0.11466035574580133	False	SAV1
frontal_cortex_ba9	ENSG00000151929	M002	False	switch_genes	944.0	397.0	1.1557051891629841	0.00318554872261526	0.7587216383378627	1.0717296069978584	0.9080390999593985	1.2649282950119018	fit	1034	21	0.029361098554400673	supramolecular fiber organization, cell migration, actin cytoskeleton organization	abundance_only		False	True	True	1.249258128763103e-06	True	BAG3
frontal_cortex_ba9	ENSG00000152049	M002	False	switch_genes	944.0	397.0	1.1557051891629841	0.00318554872261526	0.7587216383378627	1.0717296069978584	0.9080390999593985	1.2649282950119018	fit	1034	21	0.029361098554400673	supramolecular fiber organization, cell migration, actin cytoskeleton organization	abundance_only		False	True	True	1.249258128763103e-06	True	KCNE4
frontal_cortex_ba9	ENSG00000152284	M002	False	switch_genes	944.0	397.0	1.1557051891629841	0.00318554872261526	0.7587216383378627	1.0717296069978584	0.9080390999593985	1.2649282950119018	fit	1034	21	0.029361098554400673	supramolecular fiber organization, cell migration, actin cytoskeleton organization	abundance_only		False	True	True	1.249258128763103e-06	True	TCF7L1
cerebellar_hemisphere	ENSG00000152464	M003	False	module_genes	933.0	425.0	1.2081705355746633	8.4745538920076e-06	0.9824318896667084	0.9930373477864146	0.841316031824618	1.1721197942228745	fit	949	6	0.4914345904277392	nucleoside triphosphate biosynthetic process, nucleotide biosynthetic process, ribonucleoside triphosphate biosynthetic process	discordant	-0.3415692619172701	True	True	True	0.0005349642016498918	False	RPP38
putamen_basal_ganglia	ENSG00000152642	M001	False	module_genes	1357.0	442.0	1.0912117986546874	0.047881382694560784	0.0006194345015300029	1.534058117962331	1.283783885217848	1.8331234223950292	fit	1362	2	0.621535394693187	cellular component organization, cellular component organization or biogenesis	discordant	-0.35122345462163496	True	True	True	0.11466035574580133	False	GPD1L
cerebellar_hemisphere	ENSG00000153107	M003	False	module_genes	933.0	425.0	1.2081705355746633	8.4745538920076e-06	0.9824318896667084	0.9930373477864146	0.841316031824618	1.1721197942228745	fit	949	6	0.4914345904277392	nucleoside triphosphate biosynthetic process, nucleotide biosynthetic process, ribonucleoside triphosphate biosynthetic process	coupled	-0.22247405400730225	True	True	True	0.0005349642016498918	False	ANAPC1
substantia_nigra	ENSG00000153234	M004	False	module_genes	576.0	258.0	1.1721316905140433	0.011655702361279236	0.7781860799282974	0.918706378101362	0.7405900574511649	1.1396607349400962	fit	576	0	0.7698260082862307		coupled	-0.35755252686953976	True	True	True	0.00024708778460080794	False	NR4A2
putamen_basal_ganglia	ENSG00000153253	M001	False	module_genes	1357.0	442.0	1.0912117986546874	0.047881382694560784	0.0006194345015300029	1.534058117962331	1.283783885217848	1.8331234223950292	fit	1362	2	0.621535394693187	cellular component organization, cellular component organization or biogenesis	coupled	-0.44675026288195263	True	True	True	0.11466035574580133	False	SCN3A
putamen_basal_ganglia	ENSG00000153395	M001	False	module_genes	1357.0	442.0	1.0912117986546874	0.047881382694560784	0.0006194345015300029	1.534058117962331	1.283783885217848	1.8331234223950292	fit	1362	2	0.621535394693187	cellular component organization, cellular component organization or biogenesis	coupled	-0.8933723982135771	True	True	True	0.11466035574580133	False	LPCAT1
cerebellar_hemisphere	ENSG00000153443	M003	False	module_genes	933.0	425.0	1.2081705355746633	8.4745538920076e-06	0.9824318896667084	0.9930373477864146	0.841316031824618	1.1721197942228745	fit	949	6	0.4914345904277392	nucleoside triphosphate biosynthetic process, nucleotide biosynthetic process, ribonucleoside triphosphate biosynthetic process	discordant	-0.892134607300571	True	True	True	0.0005349642016498918	False	UBALD1
substantia_nigra	ENSG00000153443	M004	False	module_genes	576.0	258.0	1.1721316905140433	0.011655702361279236	0.7781860799282974	0.918706378101362	0.7405900574511649	1.1396607349400962	fit	576	0	0.7698260082862307		discordant	-0.6847140894045477	True	True	True	0.00024708778460080794	False	UBALD1
putamen_basal_ganglia	ENSG00000153721	M001	False	module_genes	1357.0	442.0	1.0912117986546874	0.047881382694560784	0.0006194345015300029	1.534058117962331	1.283783885217848	1.8331234223950292	fit	1362	2	0.621535394693187	cellular component organization, cellular component organization or biogenesis	coupled	-0.5763568280738861	True	True	True	0.11466035574580133	False	CNKSR3
substantia_nigra	ENSG00000153902	M004	False	module_genes	576.0	258.0	1.1721316905140433	0.011655702361279236	0.7781860799282974	0.918706378101362	0.7405900574511649	1.1396607349400962	fit	576	0	0.7698260082862307		coupled	-0.4660352314265791	True	True	True	0.00024708778460080794	False	LGI4
substantia_nigra	ENSG00000154133	M004	False	module_genes	576.0	258.0	1.1721316905140433	0.011655702361279236	0.7781860799282974	0.918706378101362	0.7405900574511649	1.1396607349400962	fit	576	0	0.7698260082862307		switch_only	-0.5539937601020065	True	True	True	0.00024708778460080794	False	ROBO4
frontal_cortex_ba9	ENSG00000154319	M002	False	switch_genes	944.0	397.0	1.1557051891629841	0.00318554872261526	0.7587216383378627	1.0717296069978584	0.9080390999593985	1.2649282950119018	fit	1034	21	0.029361098554400673	supramolecular fiber organization, cell migration, actin cytoskeleton organization	abundance_only		False	True	True	1.249258128763103e-06	True	FAM167A
caudate_sczd	ENSG00000154803	M006	True	switch_genes	343.0	157.0	1.228849841094739	0.010660698329540308	0.17582615298288773	1.3819545740935557	1.0562243359485246	1.8081371351314661	fit	343	0	0.017871150734486828		discordant	0.8309617287605239	True	True	True	6.938353180885315e-08	True	FLCN
substantia_nigra	ENSG00000154803	M004	False	module_genes	576.0	258.0	1.1721316905140433	0.011655702361279236	0.7781860799282974	0.918706378101362	0.7405900574511649	1.1396607349400962	fit	576	0	0.7698260082862307		discordant	-0.5591485361498614	True	True	True	0.00024708778460080794	False	FLCN
putamen_basal_ganglia	ENSG00000154845	M001	False	module_genes	1357.0	442.0	1.0912117986546874	0.047881382694560784	0.0006194345015300029	1.534058117962331	1.283783885217848	1.8331234223950292	fit	1362	2	0.621535394693187	cellular component organization, cellular component organization or biogenesis	coupled	-0.33579312826458113	True	True	True	0.11466035574580133	False	PPP4R1
caudate_sczd	ENSG00000154856	M006	True	switch_genes	343.0	157.0	1.228849841094739	0.010660698329540308	0.17582615298288773	1.3819545740935557	1.0562243359485246	1.8081371351314661	fit	343	0	0.017871150734486828		discordant	0.6795197246802259	True	True	True	6.938353180885315e-08	True	APCDD1
cerebellar_hemisphere	ENSG00000154856	M003	False	module_genes	933.0	425.0	1.2081705355746633	8.4745538920076e-06	0.9824318896667084	0.9930373477864146	0.841316031824618	1.1721197942228745	fit	949	6	0.4914345904277392	nucleoside triphosphate biosynthetic process, nucleotide biosynthetic process, ribonucleoside triphosphate biosynthetic process	abundance_only		False	True	True	0.0005349642016498918	False	APCDD1
frontal_cortex_ba9	ENSG00000154856	M002	False	switch_genes	944.0	397.0	1.1557051891629841	0.00318554872261526	0.7587216383378627	1.0717296069978584	0.9080390999593985	1.2649282950119018	fit	1034	21	0.029361098554400673	supramolecular fiber organization, cell migration, actin cytoskeleton organization	abundance_only		False	True	True	1.249258128763103e-06	True	APCDD1
putamen_basal_ganglia	ENSG00000154917	M001	False	module_genes	1357.0	442.0	1.0912117986546874	0.047881382694560784	0.0006194345015300029	1.534058117962331	1.283783885217848	1.8331234223950292	fit	1362	2	0.621535394693187	cellular component organization, cellular component organization or biogenesis	discordant	-0.46893304455661	True	True	True	0.11466035574580133	False	RAB6B
putamen_basal_ganglia	ENSG00000154978	M001	False	module_genes	1357.0	442.0	1.0912117986546874	0.047881382694560784	0.0006194345015300029	1.534058117962331	1.283783885217848	1.8331234223950292	fit	1362	2	0.621535394693187	cellular component organization, cellular component organization or biogenesis	discordant	-0.45776105757243685	True	True	True	0.11466035574580133	False	VOPP1
putamen_basal_ganglia	ENSG00000155111	M001	False	module_genes	1357.0	442.0	1.0912117986546874	0.047881382694560784	0.0006194345015300029	1.534058117962331	1.283783885217848	1.8331234223950292	fit	1362	2	0.621535394693187	cellular component organization, cellular component organization or biogenesis	coupled	-0.37441892909033647	True	True	True	0.11466035574580133	False	CDK19
putamen_basal_ganglia	ENSG00000155229	M001	False	module_genes	1357.0	442.0	1.0912117986546874	0.047881382694560784	0.0006194345015300029	1.534058117962331	1.283783885217848	1.8331234223950292	fit	1362	2	0.621535394693187	cellular component organization, cellular component organization or biogenesis	coupled	-0.3544467241414275	True	True	True	0.11466035574580133	False	MMS19
cerebellar_hemisphere	ENSG00000155275	M003	False	module_genes	933.0	425.0	1.2081705355746633	8.4745538920076e-06	0.9824318896667084	0.9930373477864146	0.841316031824618	1.1721197942228745	fit	949	6	0.4914345904277392	nucleoside triphosphate biosynthetic process, nucleotide biosynthetic process, ribonucleoside triphosphate biosynthetic process	coupled	-0.22396232566821211	True	True	True	0.0005349642016498918	False	TRMT44
putamen_basal_ganglia	ENSG00000155313	M001	False	module_genes	1357.0	442.0	1.0912117986546874	0.047881382694560784	0.0006194345015300029	1.534058117962331	1.283783885217848	1.8331234223950292	fit	1362	2	0.621535394693187	cellular component organization, cellular component organization or biogenesis	discordant	-0.32440066152787356	True	True	True	0.11466035574580133	False	USP25
cerebellar_hemisphere	ENSG00000155367	M003	False	module_genes	933.0	425.0	1.2081705355746633	8.4745538920076e-06	0.9824318896667084	0.9930373477864146	0.841316031824618	1.1721197942228745	fit	949	6	0.4914345904277392	nucleoside triphosphate biosynthetic process, nucleotide biosynthetic process, ribonucleoside triphosphate biosynthetic process	discordant	-0.7380578976405031	True	True	True	0.0005349642016498918	False	PPM1J
substantia_nigra	ENSG00000155367	M004	False	module_genes	576.0	258.0	1.1721316905140433	0.011655702361279236	0.7781860799282974	0.918706378101362	0.7405900574511649	1.1396607349400962	fit	576	0	0.7698260082862307		discordant	-0.4342175614241829	True	True	True	0.00024708778460080794	False	PPM1J
putamen_basal_ganglia	ENSG00000155561	M001	False	module_genes	1357.0	442.0	1.0912117986546874	0.047881382694560784	0.0006194345015300029	1.534058117962331	1.283783885217848	1.8331234223950292	fit	1362	2	0.621535394693187	cellular component organization, cellular component organization or biogenesis	coupled	-0.7006557440473038	True	True	True	0.11466035574580133	False	NUP205
putamen_basal_ganglia	ENSG00000155660	M001	False	module_genes	1357.0	442.0	1.0912117986546874	0.047881382694560784	0.0006194345015300029	1.534058117962331	1.283783885217848	1.8331234223950292	fit	1362	2	0.621535394693187	cellular component organization, cellular component organization or biogenesis	coupled	-0.337572708197371	True	True	True	0.11466035574580133	False	PDIA4
putamen_basal_ganglia	ENSG00000155666	M001	False	module_genes	1357.0	442.0	1.0912117986546874	0.047881382694560784	0.0006194345015300029	1.534058117962331	1.283783885217848	1.8331234223950292	fit	1362	2	0.621535394693187	cellular component organization, cellular component organization or biogenesis	coupled	-0.45036484661965526	True	True	True	0.11466035574580133	False	KDM8
hypothalamus	ENSG00000155749	M014	False	switch_genes	87.0	41.0	1.727969348659004	0.002694740306695324	0.0755268998708689	2.112315999719547	1.2640840959982327	3.5297326315522497	fit	99	31	0.04475469901505802	cilium movement, cilium-dependent cell motility, cilium or flagellum-dependent cell motility	coupled	-0.5634574308367192	True	True	True	1.0	True	FLACC1
putamen_basal_ganglia	ENSG00000156030	M001	False	module_genes	1357.0	442.0	1.0912117986546874	0.047881382694560784	0.0006194345015300029	1.534058117962331	1.283783885217848	1.8331234223950292	fit	1362	2	0.621535394693187	cellular component organization, cellular component organization or biogenesis	coupled	-0.7672115959489458	True	True	True	0.11466035574580133	False	MIDEAS
cerebellar_hemisphere	ENSG00000156381	M003	False	module_genes	933.0	425.0	1.2081705355746633	8.4745538920076e-06	0.9824318896667084	0.9930373477864146	0.841316031824618	1.1721197942228745	fit	949	6	0.4914345904277392	nucleoside triphosphate biosynthetic process, nucleotide biosynthetic process, ribonucleoside triphosphate biosynthetic process	discordant	-0.4634179992271454	True	True	True	0.0005349642016498918	False	ANKRD9
frontal_cortex_ba9	ENSG00000156463	M002	False	switch_genes	944.0	397.0	1.1557051891629841	0.00318554872261526	0.7587216383378627	1.0717296069978584	0.9080390999593985	1.2649282950119018	fit	1034	21	0.029361098554400673	supramolecular fiber organization, cell migration, actin cytoskeleton organization	discordant	-0.30434079291441585	True	True	True	1.249258128763103e-06	True	SH3RF2
putamen_basal_ganglia	ENSG00000156502	M001	False	module_genes	1357.0	442.0	1.0912117986546874	0.047881382694560784	0.0006194345015300029	1.534058117962331	1.283783885217848	1.8331234223950292	fit	1362	2	0.621535394693187	cellular component organization, cellular component organization or biogenesis	coupled	-0.6777497587064406	True	True	True	0.11466035574580133	False	SUPV3L1
substantia_nigra	ENSG00000156502	M004	False	module_genes	576.0	258.0	1.1721316905140433	0.011655702361279236	0.7781860799282974	0.918706378101362	0.7405900574511649	1.1396607349400962	fit	576	0	0.7698260082862307		discordant	-0.22250163777011292	True	True	True	0.00024708778460080794	False	SUPV3L1
frontal_cortex_ba9	ENSG00000156587	M002	False	switch_genes	944.0	397.0	1.1557051891629841	0.00318554872261526	0.7587216383378627	1.0717296069978584	0.9080390999593985	1.2649282950119018	fit	1034	21	0.029361098554400673	supramolecular fiber organization, cell migration, actin cytoskeleton organization	switch_only	-0.8486392116139528	True	True	True	1.249258128763103e-06	True	UBE2L6
substantia_nigra	ENSG00000156860	M004	False	module_genes	576.0	258.0	1.1721316905140433	0.011655702361279236	0.7781860799282974	0.918706378101362	0.7405900574511649	1.1396607349400962	fit	576	0	0.7698260082862307		discordant	-0.29284116323704706	True	True	True	0.00024708778460080794	False	FBRS
cerebellar_hemisphere	ENSG00000156990	M003	False	module_genes	933.0	425.0	1.2081705355746633	8.4745538920076e-06	0.9824318896667084	0.9930373477864146	0.841316031824618	1.1721197942228745	fit	949	6	0.4914345904277392	nucleoside triphosphate biosynthetic process, nucleotide biosynthetic process, ribonucleoside triphosphate biosynthetic process	coupled	-0.5775808036752768	True	True	True	0.0005349642016498918	False	RPUSD3
frontal_cortex_ba9	ENSG00000156990	M002	False	switch_genes	944.0	397.0	1.1557051891629841	0.00318554872261526	0.7587216383378627	1.0717296069978584	0.9080390999593985	1.2649282950119018	fit	1034	21	0.029361098554400673	supramolecular fiber organization, cell migration, actin cytoskeleton organization	abundance_only	-0.1415940652191439	False	True	True	1.249258128763103e-06	True	RPUSD3
caudate_sczd	ENSG00000157191	M006	True	switch_genes	343.0	157.0	1.228849841094739	0.010660698329540308	0.17582615298288773	1.3819545740935557	1.0562243359485246	1.8081371351314661	fit	343	0	0.017871150734486828		discordant	0.7470022902485595	True	True	True	6.938353180885315e-08	True	NECAP2
cerebellar_hemisphere	ENSG00000157306	M003	False	module_genes	933.0	425.0	1.2081705355746633	8.4745538920076e-06	0.9824318896667084	0.9930373477864146	0.841316031824618	1.1721197942228745	fit	949	6	0.4914345904277392	nucleoside triphosphate biosynthetic process, nucleotide biosynthetic process, ribonucleoside triphosphate biosynthetic process	discordant	-0.3248406452606208	True	True	True	0.0005349642016498918	False	ZFHX2-AS1
putamen_basal_ganglia	ENSG00000157343	M001	False	module_genes	1357.0	442.0	1.0912117986546874	0.047881382694560784	0.0006194345015300029	1.534058117962331	1.283783885217848	1.8331234223950292	fit	1362	2	0.621535394693187	cellular component organization, cellular component organization or biogenesis	abundance_only	-0.08146986552788058	False	True	True	0.11466035574580133	False	ARMC12
cerebellar_hemisphere	ENSG00000157349	M003	False	module_genes	933.0	425.0	1.2081705355746633	8.4745538920076e-06	0.9824318896667084	0.9930373477864146	0.841316031824618	1.1721197942228745	fit	949	6	0.4914345904277392	nucleoside triphosphate biosynthetic process, nucleotide biosynthetic process, ribonucleoside triphosphate biosynthetic process	abundance_only	-0.1941638052690852	False	True	True	0.0005349642016498918	False	DDX19B
caudate_sczd	ENSG00000157350	M006	True	switch_genes	343.0	157.0	1.228849841094739	0.010660698329540308	0.17582615298288773	1.3819545740935557	1.0562243359485246	1.8081371351314661	fit	343	0	0.017871150734486828		switch_only	0.7858260060454877	True	True	True	6.938353180885315e-08	True	ST3GAL2
putamen_basal_ganglia	ENSG00000157637	M001	False	module_genes	1357.0	442.0	1.0912117986546874	0.047881382694560784	0.0006194345015300029	1.534058117962331	1.283783885217848	1.8331234223950292	fit	1362	2	0.621535394693187	cellular component organization, cellular component organization or biogenesis	coupled	-0.7323022359261374	True	True	True	0.11466035574580133	False	SLC38A10
cerebellar_hemisphere	ENSG00000157782	M003	False	module_genes	933.0	425.0	1.2081705355746633	8.4745538920076e-06	0.9824318896667084	0.9930373477864146	0.841316031824618	1.1721197942228745	fit	949	6	0.4914345904277392	nucleoside triphosphate biosynthetic process, nucleotide biosynthetic process, ribonucleoside triphosphate biosynthetic process	discordant	-0.6952689713790038	True	True	True	0.0005349642016498918	False	CABP1
caudate_sczd	ENSG00000157978	M006	True	switch_genes	343.0	157.0	1.228849841094739	0.010660698329540308	0.17582615298288773	1.3819545740935557	1.0562243359485246	1.8081371351314661	fit	343	0	0.017871150734486828		discordant	0.735021354118587	True	True	True	6.938353180885315e-08	True	LDLRAP1
frontal_cortex_ba9	ENSG00000158195	M002	False	switch_genes	944.0	397.0	1.1557051891629841	0.00318554872261526	0.7587216383378627	1.0717296069978584	0.9080390999593985	1.2649282950119018	fit	1034	21	0.029361098554400673	supramolecular fiber organization, cell migration, actin cytoskeleton organization	abundance_only		False	True	True	1.249258128763103e-06	True	WASF2
hypothalamus	ENSG00000158423	M014	False	switch_genes	87.0	41.0	1.727969348659004	0.002694740306695324	0.0755268998708689	2.112315999719547	1.2640840959982327	3.5297326315522497	fit	99	31	0.04475469901505802	cilium movement, cilium-dependent cell motility, cilium or flagellum-dependent cell motility	coupled	-0.3046112820893874	True	True	True	1.0	True	RIBC1
hypothalamus	ENSG00000158428	M014	False	switch_genes	87.0	41.0	1.727969348659004	0.002694740306695324	0.0755268998708689	2.112315999719547	1.2640840959982327	3.5297326315522497	fit	99	31	0.04475469901505802	cilium movement, cilium-dependent cell motility, cilium or flagellum-dependent cell motility	coupled	-0.371030827699403	True	True	True	1.0	True	CATIP
substantia_nigra	ENSG00000158473	M004	False	module_genes	576.0	258.0	1.1721316905140433	0.011655702361279236	0.7781860799282974	0.918706378101362	0.7405900574511649	1.1396607349400962	fit	576	0	0.7698260082862307		discordant	-0.23907888214565268	True	True	True	0.00024708778460080794	False	CD1D
cerebellar_hemisphere	ENSG00000158552	M003	False	module_genes	933.0	425.0	1.2081705355746633	8.4745538920076e-06	0.9824318896667084	0.9930373477864146	0.841316031824618	1.1721197942228745	fit	949	6	0.4914345904277392	nucleoside triphosphate biosynthetic process, nucleotide biosynthetic process, ribonucleoside triphosphate biosynthetic process	discordant	-0.5624830193948294	True	True	True	0.0005349642016498918	False	ZFAND2B
frontal_cortex_ba9	ENSG00000158604	M002	False	switch_genes	944.0	397.0	1.1557051891629841	0.00318554872261526	0.7587216383378627	1.0717296069978584	0.9080390999593985	1.2649282950119018	fit	1034	21	0.029361098554400673	supramolecular fiber organization, cell migration, actin cytoskeleton organization	discordant	-0.6134237997847435	True	True	True	1.249258128763103e-06	True	TMED4
frontal_cortex_ba9	ENSG00000158710	M002	False	switch_genes	944.0	397.0	1.1557051891629841	0.00318554872261526	0.7587216383378627	1.0717296069978584	0.9080390999593985	1.2649282950119018	fit	1034	21	0.029361098554400673	supramolecular fiber organization, cell migration, actin cytoskeleton organization	abundance_only		False	True	True	1.249258128763103e-06	True	TAGLN2
caudate_sczd	ENSG00000158717	M006	True	switch_genes	343.0	157.0	1.228849841094739	0.010660698329540308	0.17582615298288773	1.3819545740935557	1.0562243359485246	1.8081371351314661	fit	343	0	0.017871150734486828		discordant	0.6052446332855432	True	True	True	6.938353180885315e-08	True	RNF166
frontal_cortex_ba9	ENSG00000158769	M002	False	switch_genes	944.0	397.0	1.1557051891629841	0.00318554872261526	0.7587216383378627	1.0717296069978584	0.9080390999593985	1.2649282950119018	fit	1034	21	0.029361098554400673	supramolecular fiber organization, cell migration, actin cytoskeleton organization	abundance_only		False	True	True	1.249258128763103e-06	True	F11R
putamen_basal_ganglia	ENSG00000158773	M001	False	module_genes	1357.0	442.0	1.0912117986546874	0.047881382694560784	0.0006194345015300029	1.534058117962331	1.283783885217848	1.8331234223950292	fit	1362	2	0.621535394693187	cellular component organization, cellular component organization or biogenesis	discordant	-0.576000596690928	True	True	True	0.11466035574580133	False	USF1
substantia_nigra	ENSG00000158955	M004	False	module_genes	576.0	258.0	1.1721316905140433	0.011655702361279236	0.7781860799282974	0.918706378101362	0.7405900574511649	1.1396607349400962	fit	576	0	0.7698260082862307		abundance_only	-0.09615272249895578	False	True	True	0.00024708778460080794	False	WNT9B
cerebellar_hemisphere	ENSG00000159199	M003	False	module_genes	933.0	425.0	1.2081705355746633	8.4745538920076e-06	0.9824318896667084	0.9930373477864146	0.841316031824618	1.1721197942228745	fit	949	6	0.4914345904277392	nucleoside triphosphate biosynthetic process, nucleotide biosynthetic process, ribonucleoside triphosphate biosynthetic process	abundance_only	-0.17262338826362755	False	True	True	0.0005349642016498918	False	ATP5MC1
caudate_sczd	ENSG00000159202	M006	True	switch_genes	343.0	157.0	1.228849841094739	0.010660698329540308	0.17582615298288773	1.3819545740935557	1.0562243359485246	1.8081371351314661	fit	343	0	0.017871150734486828		discordant	0.859692563977434	True	True	True	6.938353180885315e-08	True	UBE2Z
cerebellar_hemisphere	ENSG00000159202	M003	False	module_genes	933.0	425.0	1.2081705355746633	8.4745538920076e-06	0.9824318896667084	0.9930373477864146	0.841316031824618	1.1721197942228745	fit	949	6	0.4914345904277392	nucleoside triphosphate biosynthetic process, nucleotide biosynthetic process, ribonucleoside triphosphate biosynthetic process	discordant	-0.7521758361360339	True	True	True	0.0005349642016498918	False	UBE2Z
cerebellar_hemisphere	ENSG00000159210	M003	False	module_genes	933.0	425.0	1.2081705355746633	8.4745538920076e-06	0.9824318896667084	0.9930373477864146	0.841316031824618	1.1721197942228745	fit	949	6	0.4914345904277392	nucleoside triphosphate biosynthetic process, nucleotide biosynthetic process, ribonucleoside triphosphate biosynthetic process	discordant	-0.758009430970601	True	True	True	0.0005349642016498918	False	SNF8
frontal_cortex_ba9	ENSG00000159339	M002	False	switch_genes	944.0	397.0	1.1557051891629841	0.00318554872261526	0.7587216383378627	1.0717296069978584	0.9080390999593985	1.2649282950119018	fit	1034	21	0.029361098554400673	supramolecular fiber organization, cell migration, actin cytoskeleton organization	switch_only	-0.4197090674769448	True	True	True	1.249258128763103e-06	True	PADI4
caudate_sczd	ENSG00000159348	M006	True	switch_genes	343.0	157.0	1.228849841094739	0.010660698329540308	0.17582615298288773	1.3819545740935557	1.0562243359485246	1.8081371351314661	fit	343	0	0.017871150734486828		switch_only	0.7770835347525453	True	True	True	6.938353180885315e-08	True	CYB5R1
cerebellar_hemisphere	ENSG00000159348	M003	False	module_genes	933.0	425.0	1.2081705355746633	8.4745538920076e-06	0.9824318896667084	0.9930373477864146	0.841316031824618	1.1721197942228745	fit	949	6	0.4914345904277392	nucleoside triphosphate biosynthetic process, nucleotide biosynthetic process, ribonucleoside triphosphate biosynthetic process	discordant	-0.7674656101909317	True	True	True	0.0005349642016498918	False	CYB5R1
frontal_cortex_ba9	ENSG00000159423	M002	False	switch_genes	944.0	397.0	1.1557051891629841	0.00318554872261526	0.7587216383378627	1.0717296069978584	0.9080390999593985	1.2649282950119018	fit	1034	21	0.029361098554400673	supramolecular fiber organization, cell migration, actin cytoskeleton organization	abundance_only		False	True	True	1.249258128763103e-06	True	ALDH4A1
putamen_basal_ganglia	ENSG00000159433	M001	False	module_genes	1357.0	442.0	1.0912117986546874	0.047881382694560784	0.0006194345015300029	1.534058117962331	1.283783885217848	1.8331234223950292	fit	1362	2	0.621535394693187	cellular component organization, cellular component organization or biogenesis	coupled	-0.7477666538086837	True	True	True	0.11466035574580133	False	STARD9
cerebellar_hemisphere	ENSG00000159761	M003	False	module_genes	933.0	425.0	1.2081705355746633	8.4745538920076e-06	0.9824318896667084	0.9930373477864146	0.841316031824618	1.1721197942228745	fit	949	6	0.4914345904277392	nucleoside triphosphate biosynthetic process, nucleotide biosynthetic process, ribonucleoside triphosphate biosynthetic process	coupled	-0.5500239594860918	True	True	True	0.0005349642016498918	False	C16orf86
caudate_sczd	ENSG00000159792	M006	True	switch_genes	343.0	157.0	1.228849841094739	0.010660698329540308	0.17582615298288773	1.3819545740935557	1.0562243359485246	1.8081371351314661	fit	343	0	0.017871150734486828		discordant	0.5088038247506687	True	True	True	6.938353180885315e-08	True	PSKH1
frontal_cortex_ba9	ENSG00000159792	M002	False	switch_genes	944.0	397.0	1.1557051891629841	0.00318554872261526	0.7587216383378627	1.0717296069978584	0.9080390999593985	1.2649282950119018	fit	1034	21	0.029361098554400673	supramolecular fiber organization, cell migration, actin cytoskeleton organization	abundance_only		False	True	True	1.249258128763103e-06	True	PSKH1
putamen_basal_ganglia	ENSG00000159842	M001	False	module_genes	1357.0	442.0	1.0912117986546874	0.047881382694560784	0.0006194345015300029	1.534058117962331	1.283783885217848	1.8331234223950292	fit	1362	2	0.621535394693187	cellular component organization, cellular component organization or biogenesis	coupled	-0.8571419924181255	True	True	True	0.11466035574580133	False	ABR
putamen_basal_ganglia	ENSG00000159871	M001	False	module_genes	1357.0	442.0	1.0912117986546874	0.047881382694560784	0.0006194345015300029	1.534058117962331	1.283783885217848	1.8331234223950292	fit	1362	2	0.621535394693187	cellular component organization, cellular component organization or biogenesis	abundance_only	-0.12607732579687062	False	True	True	0.11466035574580133	False	LYPD5
frontal_cortex_ba9	ENSG00000160055	M002	False	switch_genes	944.0	397.0	1.1557051891629841	0.00318554872261526	0.7587216383378627	1.0717296069978584	0.9080390999593985	1.2649282950119018	fit	1034	21	0.029361098554400673	supramolecular fiber organization, cell migration, actin cytoskeleton organization	discordant	-0.39435878464486934	True	True	True	1.249258128763103e-06	True	TMEM234
cerebellar_hemisphere	ENSG00000160058	M003	False	module_genes	933.0	425.0	1.2081705355746633	8.4745538920076e-06	0.9824318896667084	0.9930373477864146	0.841316031824618	1.1721197942228745	fit	949	6	0.4914345904277392	nucleoside triphosphate biosynthetic process, nucleotide biosynthetic process, ribonucleoside triphosphate biosynthetic process	discordant	-0.6678652131007904	True	True	True	0.0005349642016498918	False	BSDC1
putamen_basal_ganglia	ENSG00000160209	M001	False	module_genes	1357.0	442.0	1.0912117986546874	0.047881382694560784	0.0006194345015300029	1.534058117962331	1.283783885217848	1.8331234223950292	fit	1362	2	0.621535394693187	cellular component organization, cellular component organization or biogenesis	discordant	-0.37850159585639304	True	True	True	0.11466035574580133	False	PDXK
putamen_basal_ganglia	ENSG00000160293	M001	False	module_genes	1357.0	442.0	1.0912117986546874	0.047881382694560784	0.0006194345015300029	1.534058117962331	1.283783885217848	1.8331234223950292	fit	1362	2	0.621535394693187	cellular component organization, cellular component organization or biogenesis	discordant	-0.23394628372276519	True	True	True	0.11466035574580133	False	VAV2
cerebellar_hemisphere	ENSG00000160326	M003	False	module_genes	933.0	425.0	1.2081705355746633	8.4745538920076e-06	0.9824318896667084	0.9930373477864146	0.841316031824618	1.1721197942228745	fit	949	6	0.4914345904277392	nucleoside triphosphate biosynthetic process, nucleotide biosynthetic process, ribonucleoside triphosphate biosynthetic process	coupled	-0.3036913652484213	True	True	True	0.0005349642016498918	False	SLC2A6
hypothalamus	ENSG00000160401	M014	False	switch_genes	87.0	41.0	1.727969348659004	0.002694740306695324	0.0755268998708689	2.112315999719547	1.2640840959982327	3.5297326315522497	fit	99	31	0.04475469901505802	cilium movement, cilium-dependent cell motility, cilium or flagellum-dependent cell motility	discordant	0.21456232435334768	True	True	True	1.0	True	CFAP157
cerebellar_hemisphere	ENSG00000160446	M003	False	module_genes	933.0	425.0	1.2081705355746633	8.4745538920076e-06	0.9824318896667084	0.9930373477864146	0.841316031824618	1.1721197942228745	fit	949	6	0.4914345904277392	nucleoside triphosphate biosynthetic process, nucleotide biosynthetic process, ribonucleoside triphosphate biosynthetic process	coupled	-0.6518619140280074	True	True	True	0.0005349642016498918	False	ZDHHC12
substantia_nigra	ENSG00000160460	M004	False	module_genes	576.0	258.0	1.1721316905140433	0.011655702361279236	0.7781860799282974	0.918706378101362	0.7405900574511649	1.1396607349400962	fit	576	0	0.7698260082862307		abundance_only	-0.020224052840336064	False	True	True	0.00024708778460080794	False	SPTBN4
frontal_cortex_ba9	ENSG00000160469	M002	False	switch_genes	944.0	397.0	1.1557051891629841	0.00318554872261526	0.7587216383378627	1.0717296069978584	0.9080390999593985	1.2649282950119018	fit	1034	21	0.029361098554400673	supramolecular fiber organization, cell migration, actin cytoskeleton organization	discordant	-0.6666968039727077	True	True	True	1.249258128763103e-06	True	BRSK1
substantia_nigra	ENSG00000160602	M004	False	module_genes	576.0	258.0	1.1721316905140433	0.011655702361279236	0.7781860799282974	0.918706378101362	0.7405900574511649	1.1396607349400962	fit	576	0	0.7698260082862307		discordant	-0.3639685439504857	True	True	True	0.00024708778460080794	False	NEK8
cerebellar_hemisphere	ENSG00000160688	M003	False	module_genes	933.0	425.0	1.2081705355746633	8.4745538920076e-06	0.9824318896667084	0.9930373477864146	0.841316031824618	1.1721197942228745	fit	949	6	0.4914345904277392	nucleoside triphosphate biosynthetic process, nucleotide biosynthetic process, ribonucleoside triphosphate biosynthetic process	coupled	-0.5022071120347811	True	True	True	0.0005349642016498918	False	FLAD1
frontal_cortex_ba9	ENSG00000160712	M002	False	switch_genes	944.0	397.0	1.1557051891629841	0.00318554872261526	0.7587216383378627	1.0717296069978584	0.9080390999593985	1.2649282950119018	fit	1034	21	0.029361098554400673	supramolecular fiber organization, cell migration, actin cytoskeleton organization	abundance_only		False	True	True	1.249258128763103e-06	True	IL6R
caudate_sczd	ENSG00000160862	M006	True	switch_genes	343.0	157.0	1.228849841094739	0.010660698329540308	0.17582615298288773	1.3819545740935557	1.0562243359485246	1.8081371351314661	fit	343	0	0.017871150734486828		discordant	0.27000565309117625	True	True	True	6.938353180885315e-08	True	AZGP1
frontal_cortex_ba9	ENSG00000160959	M002	False	switch_genes	944.0	397.0	1.1557051891629841	0.00318554872261526	0.7587216383378627	1.0717296069978584	0.9080390999593985	1.2649282950119018	fit	1034	21	0.029361098554400673	supramolecular fiber organization, cell migration, actin cytoskeleton organization	discordant	-0.7876362530785327	True	True	True	1.249258128763103e-06	True	LRRC14
caudate_sczd	ENSG00000160961	M006	True	switch_genes	343.0	157.0	1.228849841094739	0.010660698329540308	0.17582615298288773	1.3819545740935557	1.0562243359485246	1.8081371351314661	fit	343	0	0.017871150734486828		discordant	0.5454668758423532	True	True	True	6.938353180885315e-08	True	ZNF333
cerebellar_hemisphere	ENSG00000161036	M003	False	module_genes	933.0	425.0	1.2081705355746633	8.4745538920076e-06	0.9824318896667084	0.9930373477864146	0.841316031824618	1.1721197942228745	fit	949	6	0.4914345904277392	nucleoside triphosphate biosynthetic process, nucleotide biosynthetic process, ribonucleoside triphosphate biosynthetic process	discordant	-0.6001401082375073	True	True	True	0.0005349642016498918	False	LRWD1
substantia_nigra	ENSG00000161036	M004	False	module_genes	576.0	258.0	1.1721316905140433	0.011655702361279236	0.7781860799282974	0.918706378101362	0.7405900574511649	1.1396607349400962	fit	576	0	0.7698260082862307		discordant	-0.5368081660026855	True	True	True	0.00024708778460080794	False	LRWD1
substantia_nigra	ENSG00000161091	M004	False	module_genes	576.0	258.0	1.1721316905140433	0.011655702361279236	0.7781860799282974	0.918706378101362	0.7405900574511649	1.1396607349400962	fit	576	0	0.7698260082862307		coupled	-0.21680808742261742	True	True	True	0.00024708778460080794	False	MFSD12
putamen_basal_ganglia	ENSG00000161204	M001	False	module_genes	1357.0	442.0	1.0912117986546874	0.047881382694560784	0.0006194345015300029	1.534058117962331	1.283783885217848	1.8331234223950292	fit	1362	2	0.621535394693187	cellular component organization, cellular component organization or biogenesis	coupled	-0.6575392430471917	True	True	True	0.11466035574580133	False	ABCF3
cerebellar_hemisphere	ENSG00000161395	M003	False	module_genes	933.0	425.0	1.2081705355746633	8.4745538920076e-06	0.9824318896667084	0.9930373477864146	0.841316031824618	1.1721197942228745	fit	949	6	0.4914345904277392	nucleoside triphosphate biosynthetic process, nucleotide biosynthetic process, ribonucleoside triphosphate biosynthetic process	discordant	-0.30553045447354454	True	True	True	0.0005349642016498918	False	PGAP3
cerebellar_hemisphere	ENSG00000161960	M003	False	module_genes	933.0	425.0	1.2081705355746633	8.4745538920076e-06	0.9824318896667084	0.9930373477864146	0.841316031824618	1.1721197942228745	fit	949	6	0.4914345904277392	nucleoside triphosphate biosynthetic process, nucleotide biosynthetic process, ribonucleoside triphosphate biosynthetic process	discordant	-0.5796846964715784	True	True	True	0.0005349642016498918	False	EIF4A1
frontal_cortex_ba9	ENSG00000162062	M002	False	switch_genes	944.0	397.0	1.1557051891629841	0.00318554872261526	0.7587216383378627	1.0717296069978584	0.9080390999593985	1.2649282950119018	fit	1034	21	0.029361098554400673	supramolecular fiber organization, cell migration, actin cytoskeleton organization	discordant	-0.3142383236944131	True	True	True	1.249258128763103e-06	True	TEDC2
putamen_basal_ganglia	ENSG00000162073	M001	False	module_genes	1357.0	442.0	1.0912117986546874	0.047881382694560784	0.0006194345015300029	1.534058117962331	1.283783885217848	1.8331234223950292	fit	1362	2	0.621535394693187	cellular component organization, cellular component organization or biogenesis	coupled	-0.6189789305420205	True	True	True	0.11466035574580133	False	PAQR4
cerebellar_hemisphere	ENSG00000162194	M003	False	module_genes	933.0	425.0	1.2081705355746633	8.4745538920076e-06	0.9824318896667084	0.9930373477864146	0.841316031824618	1.1721197942228745	fit	949	6	0.4914345904277392	nucleoside triphosphate biosynthetic process, nucleotide biosynthetic process, ribonucleoside triphosphate biosynthetic process	abundance_only	-0.1942245484768441	False	True	True	0.0005349642016498918	False	LBHD1
cerebellar_hemisphere	ENSG00000162300	M003	False	module_genes	933.0	425.0	1.2081705355746633	8.4745538920076e-06	0.9824318896667084	0.9930373477864146	0.841316031824618	1.1721197942228745	fit	949	6	0.4914345904277392	nucleoside triphosphate biosynthetic process, nucleotide biosynthetic process, ribonucleoside triphosphate biosynthetic process	discordant	-0.8470392957963311	True	True	True	0.0005349642016498918	False	ZFPL1
substantia_nigra	ENSG00000162300	M004	False	module_genes	576.0	258.0	1.1721316905140433	0.011655702361279236	0.7781860799282974	0.918706378101362	0.7405900574511649	1.1396607349400962	fit	576	0	0.7698260082862307		discordant	-0.8214889793551948	True	True	True	0.00024708778460080794	False	ZFPL1
frontal_cortex_ba9	ENSG00000162337	M002	False	switch_genes	944.0	397.0	1.1557051891629841	0.00318554872261526	0.7587216383378627	1.0717296069978584	0.9080390999593985	1.2649282950119018	fit	1034	21	0.029361098554400673	supramolecular fiber organization, cell migration, actin cytoskeleton organization	abundance_only		False	True	True	1.249258128763103e-06	True	LRP5
putamen_basal_ganglia	ENSG00000162341	M001	False	module_genes	1357.0	442.0	1.0912117986546874	0.047881382694560784	0.0006194345015300029	1.534058117962331	1.283783885217848	1.8331234223950292	fit	1362	2	0.621535394693187	cellular component organization, cellular component organization or biogenesis	abundance_only	-0.19296423872861196	False	True	True	0.11466035574580133	False	TPCN2
caudate_sczd	ENSG00000162390	M006	True	switch_genes	343.0	157.0	1.228849841094739	0.010660698329540308	0.17582615298288773	1.3819545740935557	1.0562243359485246	1.8081371351314661	fit	343	0	0.017871150734486828		discordant	0.4709441711643988	True	True	True	6.938353180885315e-08	True	ACOT11
caudate_sczd	ENSG00000162413	M006	True	switch_genes	343.0	157.0	1.228849841094739	0.010660698329540308	0.17582615298288773	1.3819545740935557	1.0562243359485246	1.8081371351314661	fit	343	0	0.017871150734486828		discordant	0.5397368716267363	True	True	True	6.938353180885315e-08	True	KLHL21
putamen_basal_ganglia	ENSG00000162430	M001	False	module_genes	1357.0	442.0	1.0912117986546874	0.047881382694560784	0.0006194345015300029	1.534058117962331	1.283783885217848	1.8331234223950292	fit	1362	2	0.621535394693187	cellular component organization, cellular component organization or biogenesis	coupled	-0.43625955863480065	True	True	True	0.11466035574580133	False	SELENON
frontal_cortex_ba9	ENSG00000162576	M002	False	switch_genes	944.0	397.0	1.1557051891629841	0.00318554872261526	0.7587216383378627	1.0717296069978584	0.9080390999593985	1.2649282950119018	fit	1034	21	0.029361098554400673	supramolecular fiber organization, cell migration, actin cytoskeleton organization	switch_only	-0.48825551885519486	True	True	True	1.249258128763103e-06	True	MXRA8
putamen_basal_ganglia	ENSG00000162654	M001	False	module_genes	1357.0	442.0	1.0912117986546874	0.047881382694560784	0.0006194345015300029	1.534058117962331	1.283783885217848	1.8331234223950292	fit	1362	2	0.621535394693187	cellular component organization, cellular component organization or biogenesis	switch_only	-0.6407430920843062	True	True	True	0.11466035574580133	False	GBP4
putamen_basal_ganglia	ENSG00000162729	M001	False	module_genes	1357.0	442.0	1.0912117986546874	0.047881382694560784	0.0006194345015300029	1.534058117962331	1.283783885217848	1.8331234223950292	fit	1362	2	0.621535394693187	cellular component organization, cellular component organization or biogenesis	coupled	-0.41905364410591295	True	True	True	0.11466035574580133	False	IGSF8
cerebellar_hemisphere	ENSG00000162733	M003	False	module_genes	933.0	425.0	1.2081705355746633	8.4745538920076e-06	0.9824318896667084	0.9930373477864146	0.841316031824618	1.1721197942228745	fit	949	6	0.4914345904277392	nucleoside triphosphate biosynthetic process, nucleotide biosynthetic process, ribonucleoside triphosphate biosynthetic process	inactive		False	True	True	0.0005349642016498918	False	DDR2
cerebellar_hemisphere	ENSG00000162735	M003	False	module_genes	933.0	425.0	1.2081705355746633	8.4745538920076e-06	0.9824318896667084	0.9930373477864146	0.841316031824618	1.1721197942228745	fit	949	6	0.4914345904277392	nucleoside triphosphate biosynthetic process, nucleotide biosynthetic process, ribonucleoside triphosphate biosynthetic process	coupled	-0.6449179681496828	True	True	True	0.0005349642016498918	False	PEX19
substantia_nigra	ENSG00000162735	M004	False	module_genes	576.0	258.0	1.1721316905140433	0.011655702361279236	0.7781860799282974	0.918706378101362	0.7405900574511649	1.1396607349400962	fit	576	0	0.7698260082862307		abundance_only	-0.15930730493437145	False	True	True	0.00024708778460080794	False	PEX19
caudate_sczd	ENSG00000162804	M006	True	switch_genes	343.0	157.0	1.228849841094739	0.010660698329540308	0.17582615298288773	1.3819545740935557	1.0562243359485246	1.8081371351314661	fit	343	0	0.017871150734486828		discordant	0.6214607336455332	True	True	True	6.938353180885315e-08	True	SNED1
cerebellar_hemisphere	ENSG00000162804	M003	False	module_genes	933.0	425.0	1.2081705355746633	8.4745538920076e-06	0.9824318896667084	0.9930373477864146	0.841316031824618	1.1721197942228745	fit	949	6	0.4914345904277392	nucleoside triphosphate biosynthetic process, nucleotide biosynthetic process, ribonucleoside triphosphate biosynthetic process	discordant	-0.3249306317358574	True	True	True	0.0005349642016498918	False	SNED1
frontal_cortex_ba9	ENSG00000162889	M002	False	switch_genes	944.0	397.0	1.1557051891629841	0.00318554872261526	0.7587216383378627	1.0717296069978584	0.9080390999593985	1.2649282950119018	fit	1034	21	0.029361098554400673	supramolecular fiber organization, cell migration, actin cytoskeleton organization	abundance_only		False	True	True	1.249258128763103e-06	True	MAPKAPK2
caudate_sczd	ENSG00000162909	M006	True	switch_genes	343.0	157.0	1.228849841094739	0.010660698329540308	0.17582615298288773	1.3819545740935557	1.0562243359485246	1.8081371351314661	fit	343	0	0.017871150734486828		discordant	0.7081354197729802	True	True	True	6.938353180885315e-08	True	CAPN2
caudate_sczd	ENSG00000162927	M006	True	switch_genes	343.0	157.0	1.228849841094739	0.010660698329540308	0.17582615298288773	1.3819545740935557	1.0562243359485246	1.8081371351314661	fit	343	0	0.017871150734486828		discordant	0.6960563328172384	True	True	True	6.938353180885315e-08	True	PUS10
putamen_basal_ganglia	ENSG00000162949	M001	False	module_genes	1357.0	442.0	1.0912117986546874	0.047881382694560784	0.0006194345015300029	1.534058117962331	1.283783885217848	1.8331234223950292	fit	1362	2	0.621535394693187	cellular component organization, cellular component organization or biogenesis	abundance_only	-0.1654248211015777	False	True	True	0.11466035574580133	False	CAPN13
hypothalamus	ENSG00000163071	M014	False	switch_genes	87.0	41.0	1.727969348659004	0.002694740306695324	0.0755268998708689	2.112315999719547	1.2640840959982327	3.5297326315522497	fit	99	31	0.04475469901505802	cilium movement, cilium-dependent cell motility, cilium or flagellum-dependent cell motility	abundance_only		False	True	True	1.0	True	SPATA18
cerebellar_hemisphere	ENSG00000163156	M003	False	module_genes	933.0	425.0	1.2081705355746633	8.4745538920076e-06	0.9824318896667084	0.9930373477864146	0.841316031824618	1.1721197942228745	fit	949	6	0.4914345904277392	nucleoside triphosphate biosynthetic process, nucleotide biosynthetic process, ribonucleoside triphosphate biosynthetic process	discordant	-0.23077654968973457	True	True	True	0.0005349642016498918	False	SCNM1
substantia_nigra	ENSG00000163156	M004	False	module_genes	576.0	258.0	1.1721316905140433	0.011655702361279236	0.7781860799282974	0.918706378101362	0.7405900574511649	1.1396607349400962	fit	576	0	0.7698260082862307		discordant	-0.2668377234454162	True	True	True	0.00024708778460080794	False	SCNM1
cerebellar_hemisphere	ENSG00000163320	M003	False	module_genes	933.0	425.0	1.2081705355746633	8.4745538920076e-06	0.9824318896667084	0.9930373477864146	0.841316031824618	1.1721197942228745	fit	949	6	0.4914345904277392	nucleoside triphosphate biosynthetic process, nucleotide biosynthetic process, ribonucleoside triphosphate biosynthetic process	discordant	-0.2183155868372279	True	True	True	0.0005349642016498918	False	CGGBP1
putamen_basal_ganglia	ENSG00000163346	M001	False	module_genes	1357.0	442.0	1.0912117986546874	0.047881382694560784	0.0006194345015300029	1.534058117962331	1.283783885217848	1.8331234223950292	fit	1362	2	0.621535394693187	cellular component organization, cellular component organization or biogenesis	switch_only	-0.6072814261309457	True	True	True	0.11466035574580133	False	PBXIP1
substantia_nigra	ENSG00000163382	M004	False	module_genes	576.0	258.0	1.1721316905140433	0.011655702361279236	0.7781860799282974	0.918706378101362	0.7405900574511649	1.1396607349400962	fit	576	0	0.7698260082862307		abundance_only	-0.15041161921784246	False	True	True	0.00024708778460080794	False	NAXE
putamen_basal_ganglia	ENSG00000163399	M001	False	module_genes	1357.0	442.0	1.0912117986546874	0.047881382694560784	0.0006194345015300029	1.534058117962331	1.283783885217848	1.8331234223950292	fit	1362	2	0.621535394693187	cellular component organization, cellular component organization or biogenesis	coupled	-0.5898838121280381	True	True	True	0.11466035574580133	False	ATP1A1
caudate_sczd	ENSG00000163463	M006	True	switch_genes	343.0	157.0	1.228849841094739	0.010660698329540308	0.17582615298288773	1.3819545740935557	1.0562243359485246	1.8081371351314661	fit	343	0	0.017871150734486828		switch_only	0.8175067538073257	True	True	True	6.938353180885315e-08	True	KRTCAP2
hypothalamus	ENSG00000163576	M014	False	switch_genes	87.0	41.0	1.727969348659004	0.002694740306695324	0.0755268998708689	2.112315999719547	1.2640840959982327	3.5297326315522497	fit	99	31	0.04475469901505802	cilium movement, cilium-dependent cell motility, cilium or flagellum-dependent cell motility	coupled	-0.634001849900867	True	True	True	1.0	True	EFHB
substantia_nigra	ENSG00000163576	M004	False	module_genes	576.0	258.0	1.1721316905140433	0.011655702361279236	0.7781860799282974	0.918706378101362	0.7405900574511649	1.1396607349400962	fit	576	0	0.7698260082862307		inactive	-0.12695043662940747	False	True	True	0.00024708778460080794	False	EFHB
putamen_basal_ganglia	ENSG00000163625	M001	False	module_genes	1357.0	442.0	1.0912117986546874	0.047881382694560784	0.0006194345015300029	1.534058117962331	1.283783885217848	1.8331234223950292	fit	1362	2	0.621535394693187	cellular component organization, cellular component organization or biogenesis	coupled	-0.8116702089713312	True	True	True	0.11466035574580133	False	WDFY3
putamen_basal_ganglia	ENSG00000163686	M001	False	module_genes	1357.0	442.0	1.0912117986546874	0.047881382694560784	0.0006194345015300029	1.534058117962331	1.283783885217848	1.8331234223950292	fit	1362	2	0.621535394693187	cellular component organization, cellular component organization or biogenesis	coupled	-0.5219705298860288	True	True	True	0.11466035574580133	False	ABHD6
cerebellar_hemisphere	ENSG00000163702	M003	False	module_genes	933.0	425.0	1.2081705355746633	8.4745538920076e-06	0.9824318896667084	0.9930373477864146	0.841316031824618	1.1721197942228745	fit	949	6	0.4914345904277392	nucleoside triphosphate biosynthetic process, nucleotide biosynthetic process, ribonucleoside triphosphate biosynthetic process	switch_only	-0.33249250564340815	True	True	True	0.0005349642016498918	False	IL17RC
cerebellar_hemisphere	ENSG00000163703	M003	False	module_genes	933.0	425.0	1.2081705355746633	8.4745538920076e-06	0.9824318896667084	0.9930373477864146	0.841316031824618	1.1721197942228745	fit	949	6	0.4914345904277392	nucleoside triphosphate biosynthetic process, nucleotide biosynthetic process, ribonucleoside triphosphate biosynthetic process	discordant	-0.6229252311087329	True	True	True	0.0005349642016498918	False	CRELD1
cerebellar_hemisphere	ENSG00000163812	M003	False	module_genes	933.0	425.0	1.2081705355746633	8.4745538920076e-06	0.9824318896667084	0.9930373477864146	0.841316031824618	1.1721197942228745	fit	949	6	0.4914345904277392	nucleoside triphosphate biosynthetic process, nucleotide biosynthetic process, ribonucleoside triphosphate biosynthetic process	discordant	-0.7858131523867236	True	True	True	0.0005349642016498918	False	ZDHHC3
frontal_cortex_ba9	ENSG00000163812	M002	False	switch_genes	944.0	397.0	1.1557051891629841	0.00318554872261526	0.7587216383378627	1.0717296069978584	0.9080390999593985	1.2649282950119018	fit	1034	21	0.029361098554400673	supramolecular fiber organization, cell migration, actin cytoskeleton organization	discordant	-0.9422157687987138	True	True	True	1.249258128763103e-06	True	ZDHHC3
putamen_basal_ganglia	ENSG00000163820	M001	False	module_genes	1357.0	442.0	1.0912117986546874	0.047881382694560784	0.0006194345015300029	1.534058117962331	1.283783885217848	1.8331234223950292	fit	1362	2	0.621535394693187	cellular component organization, cellular component organization or biogenesis	coupled	-0.8171449954851568	True	True	True	0.11466035574580133	False	FYCO1
caudate_sczd	ENSG00000163877	M006	True	switch_genes	343.0	157.0	1.228849841094739	0.010660698329540308	0.17582615298288773	1.3819545740935557	1.0562243359485246	1.8081371351314661	fit	343	0	0.017871150734486828		switch_only	0.5143705056424791	True	True	True	6.938353180885315e-08	True	SNIP1
cerebellar_hemisphere	ENSG00000163877	M003	False	module_genes	933.0	425.0	1.2081705355746633	8.4745538920076e-06	0.9824318896667084	0.9930373477864146	0.841316031824618	1.1721197942228745	fit	949	6	0.4914345904277392	nucleoside triphosphate biosynthetic process, nucleotide biosynthetic process, ribonucleoside triphosphate biosynthetic process	discordant	-0.5310447954170181	True	True	True	0.0005349642016498918	False	SNIP1
frontal_cortex_ba9	ENSG00000163884	M002	False	switch_genes	944.0	397.0	1.1557051891629841	0.00318554872261526	0.7587216383378627	1.0717296069978584	0.9080390999593985	1.2649282950119018	fit	1034	21	0.029361098554400673	supramolecular fiber organization, cell migration, actin cytoskeleton organization	abundance_only		False	True	True	1.249258128763103e-06	True	KLF15
caudate_sczd	ENSG00000163900	M006	True	switch_genes	343.0	157.0	1.228849841094739	0.010660698329540308	0.17582615298288773	1.3819545740935557	1.0562243359485246	1.8081371351314661	fit	343	0	0.017871150734486828		discordant	0.7771540968628994	True	True	True	6.938353180885315e-08	True	TMEM41A
caudate_sczd	ENSG00000163902	M006	True	switch_genes	343.0	157.0	1.228849841094739	0.010660698329540308	0.17582615298288773	1.3819545740935557	1.0562243359485246	1.8081371351314661	fit	343	0	0.017871150734486828		inactive		False	True	True	6.938353180885315e-08	True	RPN1
putamen_basal_ganglia	ENSG00000163930	M001	False	module_genes	1357.0	442.0	1.0912117986546874	0.047881382694560784	0.0006194345015300029	1.534058117962331	1.283783885217848	1.8331234223950292	fit	1362	2	0.621535394693187	cellular component organization, cellular component organization or biogenesis	coupled	-0.6982339923775099	True	True	True	0.11466035574580133	False	BAP1
cerebellar_hemisphere	ENSG00000163956	M003	False	module_genes	933.0	425.0	1.2081705355746633	8.4745538920076e-06	0.9824318896667084	0.9930373477864146	0.841316031824618	1.1721197942228745	fit	949	6	0.4914345904277392	nucleoside triphosphate biosynthetic process, nucleotide biosynthetic process, ribonucleoside triphosphate biosynthetic process	coupled	-0.3451154726380337	True	True	True	0.0005349642016498918	False	LRPAP1
putamen_basal_ganglia	ENSG00000163960	M001	False	module_genes	1357.0	442.0	1.0912117986546874	0.047881382694560784	0.0006194345015300029	1.534058117962331	1.283783885217848	1.8331234223950292	fit	1362	2	0.621535394693187	cellular component organization, cellular component organization or biogenesis	discordant	-0.43175032886835385	True	True	True	0.11466035574580133	False	UBXN7
putamen_basal_ganglia	ENSG00000164031	M001	False	module_genes	1357.0	442.0	1.0912117986546874	0.047881382694560784	0.0006194345015300029	1.534058117962331	1.283783885217848	1.8331234223950292	fit	1362	2	0.621535394693187	cellular component organization, cellular component organization or biogenesis	abundance_only		False	True	True	0.11466035574580133	False	DNAJB14
cerebellar_hemisphere	ENSG00000164038	M003	False	module_genes	933.0	425.0	1.2081705355746633	8.4745538920076e-06	0.9824318896667084	0.9930373477864146	0.841316031824618	1.1721197942228745	fit	949	6	0.4914345904277392	nucleoside triphosphate biosynthetic process, nucleotide biosynthetic process, ribonucleoside triphosphate biosynthetic process	coupled	-0.2803715896812522	True	True	True	0.0005349642016498918	False	SLC9B2
substantia_nigra	ENSG00000164039	M004	False	module_genes	576.0	258.0	1.1721316905140433	0.011655702361279236	0.7781860799282974	0.918706378101362	0.7405900574511649	1.1396607349400962	fit	576	0	0.7698260082862307		switch_only	-0.5673880943542847	True	True	True	0.00024708778460080794	False	BDH2
putamen_basal_ganglia	ENSG00000164050	M001	False	module_genes	1357.0	442.0	1.0912117986546874	0.047881382694560784	0.0006194345015300029	1.534058117962331	1.283783885217848	1.8331234223950292	fit	1362	2	0.621535394693187	cellular component organization, cellular component organization or biogenesis	coupled	-0.6035362553506938	True	True	True	0.11466035574580133	False	PLXNB1
frontal_cortex_ba9	ENSG00000164051	M002	False	switch_genes	944.0	397.0	1.1557051891629841	0.00318554872261526	0.7587216383378627	1.0717296069978584	0.9080390999593985	1.2649282950119018	fit	1034	21	0.029361098554400673	supramolecular fiber organization, cell migration, actin cytoskeleton organization	discordant	-0.47374184129475755	True	True	True	1.249258128763103e-06	True	CCDC51
caudate_sczd	ENSG00000164086	M006	True	switch_genes	343.0	157.0	1.228849841094739	0.010660698329540308	0.17582615298288773	1.3819545740935557	1.0562243359485246	1.8081371351314661	fit	343	0	0.017871150734486828		discordant	0.6623499057421038	True	True	True	6.938353180885315e-08	True	DUSP7
putamen_basal_ganglia	ENSG00000164309	M001	False	module_genes	1357.0	442.0	1.0912117986546874	0.047881382694560784	0.0006194345015300029	1.534058117962331	1.283783885217848	1.8331234223950292	fit	1362	2	0.621535394693187	cellular component organization, cellular component organization or biogenesis	coupled	-0.6996048339888703	True	True	True	0.11466035574580133	False	CMYA5
frontal_cortex_ba9	ENSG00000164574	M002	False	switch_genes	944.0	397.0	1.1557051891629841	0.00318554872261526	0.7587216383378627	1.0717296069978584	0.9080390999593985	1.2649282950119018	fit	1034	21	0.029361098554400673	supramolecular fiber organization, cell migration, actin cytoskeleton organization	abundance_only		False	True	True	1.249258128763103e-06	True	GALNT10
hypothalamus	ENSG00000164675	M014	False	switch_genes	87.0	41.0	1.727969348659004	0.002694740306695324	0.0755268998708689	2.112315999719547	1.2640840959982327	3.5297326315522497	fit	99	31	0.04475469901505802	cilium movement, cilium-dependent cell motility, cilium or flagellum-dependent cell motility	abundance_only		False	True	True	1.0	True	IQUB
cerebellar_hemisphere	ENSG00000164761	M003	False	module_genes	933.0	425.0	1.2081705355746633	8.4745538920076e-06	0.9824318896667084	0.9930373477864146	0.841316031824618	1.1721197942228745	fit	949	6	0.4914345904277392	nucleoside triphosphate biosynthetic process, nucleotide biosynthetic process, ribonucleoside triphosphate biosynthetic process	switch_only	-0.20871524790530502	True	True	True	0.0005349642016498918	False	TNFRSF11B
caudate_sczd	ENSG00000164880	M006	True	switch_genes	343.0	157.0	1.228849841094739	0.010660698329540308	0.17582615298288773	1.3819545740935557	1.0562243359485246	1.8081371351314661	fit	343	0	0.017871150734486828		discordant	0.6916783034966174	True	True	True	6.938353180885315e-08	True	INTS1
putamen_basal_ganglia	ENSG00000164880	M001	False	module_genes	1357.0	442.0	1.0912117986546874	0.047881382694560784	0.0006194345015300029	1.534058117962331	1.283783885217848	1.8331234223950292	fit	1362	2	0.621535394693187	cellular component organization, cellular component organization or biogenesis	coupled	-0.7599866050756534	True	True	True	0.11466035574580133	False	INTS1
frontal_cortex_ba9	ENSG00000164976	M002	False	switch_genes	944.0	397.0	1.1557051891629841	0.00318554872261526	0.7587216383378627	1.0717296069978584	0.9080390999593985	1.2649282950119018	fit	1034	21	0.029361098554400673	supramolecular fiber organization, cell migration, actin cytoskeleton organization	abundance_only		False	True	True	1.249258128763103e-06	True	MYORG
putamen_basal_ganglia	ENSG00000164976	M001	False	module_genes	1357.0	442.0	1.0912117986546874	0.047881382694560784	0.0006194345015300029	1.534058117962331	1.283783885217848	1.8331234223950292	fit	1362	2	0.621535394693187	cellular component organization, cellular component organization or biogenesis	inactive		False	True	True	0.11466035574580133	False	MYORG
substantia_nigra	ENSG00000165233	M004	False	module_genes	576.0	258.0	1.1721316905140433	0.011655702361279236	0.7781860799282974	0.918706378101362	0.7405900574511649	1.1396607349400962	fit	576	0	0.7698260082862307		discordant	-0.46021673532392104	True	True	True	0.00024708778460080794	False	CARD19
putamen_basal_ganglia	ENSG00000165269	M001	False	module_genes	1357.0	442.0	1.0912117986546874	0.047881382694560784	0.0006194345015300029	1.534058117962331	1.283783885217848	1.8331234223950292	fit	1362	2	0.621535394693187	cellular component organization, cellular component organization or biogenesis	abundance_only	-0.07181875507269901	False	True	True	0.11466035574580133	False	AQP7
cerebellar_hemisphere	ENSG00000165283	M003	False	module_genes	933.0	425.0	1.2081705355746633	8.4745538920076e-06	0.9824318896667084	0.9930373477864146	0.841316031824618	1.1721197942228745	fit	949	6	0.4914345904277392	nucleoside triphosphate biosynthetic process, nucleotide biosynthetic process, ribonucleoside triphosphate biosynthetic process	coupled	-0.39159570456622117	True	True	True	0.0005349642016498918	False	STOML2
frontal_cortex_ba9	ENSG00000165424	M002	False	switch_genes	944.0	397.0	1.1557051891629841	0.00318554872261526	0.7587216383378627	1.0717296069978584	0.9080390999593985	1.2649282950119018	fit	1034	21	0.029361098554400673	supramolecular fiber organization, cell migration, actin cytoskeleton organization	abundance_only		False	True	True	1.249258128763103e-06	True	ZCCHC24
substantia_nigra	ENSG00000165478	M004	False	module_genes	576.0	258.0	1.1721316905140433	0.011655702361279236	0.7781860799282974	0.918706378101362	0.7405900574511649	1.1396607349400962	fit	576	0	0.7698260082862307		discordant	-0.29574526503397564	True	True	True	0.00024708778460080794	False	HEPACAM
cerebellar_hemisphere	ENSG00000165495	M003	False	module_genes	933.0	425.0	1.2081705355746633	8.4745538920076e-06	0.9824318896667084	0.9930373477864146	0.841316031824618	1.1721197942228745	fit	949	6	0.4914345904277392	nucleoside triphosphate biosynthetic process, nucleotide biosynthetic process, ribonucleoside triphosphate biosynthetic process	discordant	-0.7038583407366086	True	True	True	0.0005349642016498918	False	PKNOX2
frontal_cortex_ba9	ENSG00000165507	M002	False	switch_genes	944.0	397.0	1.1557051891629841	0.00318554872261526	0.7587216383378627	1.0717296069978584	0.9080390999593985	1.2649282950119018	fit	1034	21	0.029361098554400673	supramolecular fiber organization, cell migration, actin cytoskeleton organization	abundance_only		False	True	True	1.249258128763103e-06	True	DEPP1
cerebellar_hemisphere	ENSG00000165516	M003	False	module_genes	933.0	425.0	1.2081705355746633	8.4745538920076e-06	0.9824318896667084	0.9930373477864146	0.841316031824618	1.1721197942228745	fit	949	6	0.4914345904277392	nucleoside triphosphate biosynthetic process, nucleotide biosynthetic process, ribonucleoside triphosphate biosynthetic process	coupled	-0.2578795051997392	True	True	True	0.0005349642016498918	False	KLHDC2
frontal_cortex_ba9	ENSG00000165516	M002	False	switch_genes	944.0	397.0	1.1557051891629841	0.00318554872261526	0.7587216383378627	1.0717296069978584	0.9080390999593985	1.2649282950119018	fit	1034	21	0.029361098554400673	supramolecular fiber organization, cell migration, actin cytoskeleton organization	discordant	-0.7518172454954477	True	True	True	1.249258128763103e-06	True	KLHDC2
cerebellar_hemisphere	ENSG00000165644	M003	False	module_genes	933.0	425.0	1.2081705355746633	8.4745538920076e-06	0.9824318896667084	0.9930373477864146	0.841316031824618	1.1721197942228745	fit	949	6	0.4914345904277392	nucleoside triphosphate biosynthetic process, nucleotide biosynthetic process, ribonucleoside triphosphate biosynthetic process	discordant	-0.32671053990115123	True	True	True	0.0005349642016498918	False	COMTD1
putamen_basal_ganglia	ENSG00000165661	M001	False	module_genes	1357.0	442.0	1.0912117986546874	0.047881382694560784	0.0006194345015300029	1.534058117962331	1.283783885217848	1.8331234223950292	fit	1362	2	0.621535394693187	cellular component organization, cellular component organization or biogenesis	coupled	-0.7849099376070159	True	True	True	0.11466035574580133	False	QSOX2
hypothalamus	ENSG00000165695	M014	False	switch_genes	87.0	41.0	1.727969348659004	0.002694740306695324	0.0755268998708689	2.112315999719547	1.2640840959982327	3.5297326315522497	fit	99	31	0.04475469901505802	cilium movement, cilium-dependent cell motility, cilium or flagellum-dependent cell motility	discordant	-0.3416229978511452	True	True	True	1.0	True	AK8
frontal_cortex_ba9	ENSG00000165698	M002	False	switch_genes	944.0	397.0	1.1557051891629841	0.00318554872261526	0.7587216383378627	1.0717296069978584	0.9080390999593985	1.2649282950119018	fit	1034	21	0.029361098554400673	supramolecular fiber organization, cell migration, actin cytoskeleton organization	discordant	-0.6890848867672091	True	True	True	1.249258128763103e-06	True	SPACA9
cerebellar_hemisphere	ENSG00000165752	M003	False	module_genes	933.0	425.0	1.2081705355746633	8.4745538920076e-06	0.9824318896667084	0.9930373477864146	0.841316031824618	1.1721197942228745	fit	949	6	0.4914345904277392	nucleoside triphosphate biosynthetic process, nucleotide biosynthetic process, ribonucleoside triphosphate biosynthetic process	discordant	-0.5629186016197527	True	True	True	0.0005349642016498918	False	STK32C
cerebellar_hemisphere	ENSG00000165782	M003	False	module_genes	933.0	425.0	1.2081705355746633	8.4745538920076e-06	0.9824318896667084	0.9930373477864146	0.841316031824618	1.1721197942228745	fit	949	6	0.4914345904277392	nucleoside triphosphate biosynthetic process, nucleotide biosynthetic process, ribonucleoside triphosphate biosynthetic process	discordant	-0.6523661171244798	True	True	True	0.0005349642016498918	False	PIP4P1
frontal_cortex_ba9	ENSG00000165782	M002	False	switch_genes	944.0	397.0	1.1557051891629841	0.00318554872261526	0.7587216383378627	1.0717296069978584	0.9080390999593985	1.2649282950119018	fit	1034	21	0.029361098554400673	supramolecular fiber organization, cell migration, actin cytoskeleton organization	discordant	-0.40096923833443204	True	True	True	1.249258128763103e-06	True	PIP4P1
substantia_nigra	ENSG00000165782	M004	False	module_genes	576.0	258.0	1.1721316905140433	0.011655702361279236	0.7781860799282974	0.918706378101362	0.7405900574511649	1.1396607349400962	fit	576	0	0.7698260082862307		discordant	-0.6684515992419597	True	True	True	0.00024708778460080794	False	PIP4P1
putamen_basal_ganglia	ENSG00000165801	M001	False	module_genes	1357.0	442.0	1.0912117986546874	0.047881382694560784	0.0006194345015300029	1.534058117962331	1.283783885217848	1.8331234223950292	fit	1362	2	0.621535394693187	cellular component organization, cellular component organization or biogenesis	coupled	-0.44044376529816087	True	True	True	0.11466035574580133	False	ARHGEF40
putamen_basal_ganglia	ENSG00000166073	M001	False	module_genes	1357.0	442.0	1.0912117986546874	0.047881382694560784	0.0006194345015300029	1.534058117962331	1.283783885217848	1.8331234223950292	fit	1362	2	0.621535394693187	cellular component organization, cellular component organization or biogenesis	coupled	-0.5966072593948215	True	True	True	0.11466035574580133	False	GPR176
putamen_basal_ganglia	ENSG00000166123	M001	False	module_genes	1357.0	442.0	1.0912117986546874	0.047881382694560784	0.0006194345015300029	1.534058117962331	1.283783885217848	1.8331234223950292	fit	1362	2	0.621535394693187	cellular component organization, cellular component organization or biogenesis	coupled	-0.6789635085361575	True	True	True	0.11466035574580133	False	GPT2
putamen_basal_ganglia	ENSG00000166197	M001	False	module_genes	1357.0	442.0	1.0912117986546874	0.047881382694560784	0.0006194345015300029	1.534058117962331	1.283783885217848	1.8331234223950292	fit	1362	2	0.621535394693187	cellular component organization, cellular component organization or biogenesis	discordant	-0.3295808225420609	True	True	True	0.11466035574580133	False	NOLC1
cerebellar_hemisphere	ENSG00000166199	M003	False	module_genes	933.0	425.0	1.2081705355746633	8.4745538920076e-06	0.9824318896667084	0.9930373477864146	0.841316031824618	1.1721197942228745	fit	949	6	0.4914345904277392	nucleoside triphosphate biosynthetic process, nucleotide biosynthetic process, ribonucleoside triphosphate biosynthetic process	coupled	-0.31517017627470445	True	True	True	0.0005349642016498918	False	ALKBH3
cerebellar_hemisphere	ENSG00000166246	M003	False	module_genes	933.0	425.0	1.2081705355746633	8.4745538920076e-06	0.9824318896667084	0.9930373477864146	0.841316031824618	1.1721197942228745	fit	949	6	0.4914345904277392	nucleoside triphosphate biosynthetic process, nucleotide biosynthetic process, ribonucleoside triphosphate biosynthetic process	discordant	-0.33023964265028927	True	True	True	0.0005349642016498918	False	DNAAF8
hypothalamus	ENSG00000166246	M014	False	switch_genes	87.0	41.0	1.727969348659004	0.002694740306695324	0.0755268998708689	2.112315999719547	1.2640840959982327	3.5297326315522497	fit	99	31	0.04475469901505802	cilium movement, cilium-dependent cell motility, cilium or flagellum-dependent cell motility	coupled	-0.41537825324985	True	True	True	1.0	True	DNAAF8
frontal_cortex_ba9	ENSG00000166263	M002	False	switch_genes	944.0	397.0	1.1557051891629841	0.00318554872261526	0.7587216383378627	1.0717296069978584	0.9080390999593985	1.2649282950119018	fit	1034	21	0.029361098554400673	supramolecular fiber organization, cell migration, actin cytoskeleton organization	abundance_only		False	True	True	1.249258128763103e-06	True	STXBP4
putamen_basal_ganglia	ENSG00000166311	M001	False	module_genes	1357.0	442.0	1.0912117986546874	0.047881382694560784	0.0006194345015300029	1.534058117962331	1.283783885217848	1.8331234223950292	fit	1362	2	0.621535394693187	cellular component organization, cellular component organization or biogenesis	coupled	-0.7497668906395751	True	True	True	0.11466035574580133	False	SMPD1
frontal_cortex_ba9	ENSG00000166313	M002	False	switch_genes	944.0	397.0	1.1557051891629841	0.00318554872261526	0.7587216383378627	1.0717296069978584	0.9080390999593985	1.2649282950119018	fit	1034	21	0.029361098554400673	supramolecular fiber organization, cell migration, actin cytoskeleton organization	discordant	-0.7659002010415843	True	True	True	1.249258128763103e-06	True	APBB1
putamen_basal_ganglia	ENSG00000166501	M001	False	module_genes	1357.0	442.0	1.0912117986546874	0.047881382694560784	0.0006194345015300029	1.534058117962331	1.283783885217848	1.8331234223950292	fit	1362	2	0.621535394693187	cellular component organization, cellular component organization or biogenesis	abundance_only	-0.11195152888180644	False	True	True	0.11466035574580133	False	PRKCB
putamen_basal_ganglia	ENSG00000166535	M001	False	module_genes	1357.0	442.0	1.0912117986546874	0.047881382694560784	0.0006194345015300029	1.534058117962331	1.283783885217848	1.8331234223950292	fit	1362	2	0.621535394693187	cellular component organization, cellular component organization or biogenesis	switch_only	-0.40392350976522634	True	True	True	0.11466035574580133	False	A2ML1
putamen_basal_ganglia	ENSG00000166685	M001	False	module_genes	1357.0	442.0	1.0912117986546874	0.047881382694560784	0.0006194345015300029	1.534058117962331	1.283783885217848	1.8331234223950292	fit	1362	2	0.621535394693187	cellular component organization, cellular component organization or biogenesis	discordant	-0.2571580497095629	True	True	True	0.11466035574580133	False	COG1
substantia_nigra	ENSG00000166685	M004	False	module_genes	576.0	258.0	1.1721316905140433	0.011655702361279236	0.7781860799282974	0.918706378101362	0.7405900574511649	1.1396607349400962	fit	576	0	0.7698260082862307		abundance_only	0.03193526189495745	False	True	True	0.00024708778460080794	False	COG1
putamen_basal_ganglia	ENSG00000166704	M001	False	module_genes	1357.0	442.0	1.0912117986546874	0.047881382694560784	0.0006194345015300029	1.534058117962331	1.283783885217848	1.8331234223950292	fit	1362	2	0.621535394693187	cellular component organization, cellular component organization or biogenesis	coupled	-0.5495322776949834	True	True	True	0.11466035574580133	False	ZNF606
frontal_cortex_ba9	ENSG00000166710	M002	False	switch_genes	944.0	397.0	1.1557051891629841	0.00318554872261526	0.7587216383378627	1.0717296069978584	0.9080390999593985	1.2649282950119018	fit	1034	21	0.029361098554400673	supramolecular fiber organization, cell migration, actin cytoskeleton organization	abundance_only		False	True	True	1.249258128763103e-06	True	B2M
putamen_basal_ganglia	ENSG00000166734	M001	False	module_genes	1357.0	442.0	1.0912117986546874	0.047881382694560784	0.0006194345015300029	1.534058117962331	1.283783885217848	1.8331234223950292	fit	1362	2	0.621535394693187	cellular component organization, cellular component organization or biogenesis	coupled	-0.568273117293159	True	True	True	0.11466035574580133	False	GOLM2
frontal_cortex_ba9	ENSG00000166780	M002	False	switch_genes	944.0	397.0	1.1557051891629841	0.00318554872261526	0.7587216383378627	1.0717296069978584	0.9080390999593985	1.2649282950119018	fit	1034	21	0.029361098554400673	supramolecular fiber organization, cell migration, actin cytoskeleton organization	discordant	-0.650561023454994	True	True	True	1.249258128763103e-06	True	BMERB1
putamen_basal_ganglia	ENSG00000166813	M001	False	module_genes	1357.0	442.0	1.0912117986546874	0.047881382694560784	0.0006194345015300029	1.534058117962331	1.283783885217848	1.8331234223950292	fit	1362	2	0.621535394693187	cellular component organization, cellular component organization or biogenesis	coupled	-0.5454806413834377	True	True	True	0.11466035574580133	False	KIF7
cerebellar_hemisphere	ENSG00000166833	M003	False	module_genes	933.0	425.0	1.2081705355746633	8.4745538920076e-06	0.9824318896667084	0.9930373477864146	0.841316031824618	1.1721197942228745	fit	949	6	0.4914345904277392	nucleoside triphosphate biosynthetic process, nucleotide biosynthetic process, ribonucleoside triphosphate biosynthetic process	discordant	-0.3216480040806303	True	True	True	0.0005349642016498918	False	NAV2
frontal_cortex_ba9	ENSG00000166833	M002	False	switch_genes	944.0	397.0	1.1557051891629841	0.00318554872261526	0.7587216383378627	1.0717296069978584	0.9080390999593985	1.2649282950119018	fit	1034	21	0.029361098554400673	supramolecular fiber organization, cell migration, actin cytoskeleton organization	switch_only	-0.776505777921571	True	True	True	1.249258128763103e-06	True	NAV2
substantia_nigra	ENSG00000166833	M004	False	module_genes	576.0	258.0	1.1721316905140433	0.011655702361279236	0.7781860799282974	0.918706378101362	0.7405900574511649	1.1396607349400962	fit	576	0	0.7698260082862307		discordant	-0.3286115520418248	True	True	True	0.00024708778460080794	False	NAV2
cerebellar_hemisphere	ENSG00000166886	M003	False	module_genes	933.0	425.0	1.2081705355746633	8.4745538920076e-06	0.9824318896667084	0.9930373477864146	0.841316031824618	1.1721197942228745	fit	949	6	0.4914345904277392	nucleoside triphosphate biosynthetic process, nucleotide biosynthetic process, ribonucleoside triphosphate biosynthetic process	coupled	-0.5552812784400953	True	True	True	0.0005349642016498918	False	NAB2
cerebellar_hemisphere	ENSG00000166946	M003	False	module_genes	933.0	425.0	1.2081705355746633	8.4745538920076e-06	0.9824318896667084	0.9930373477864146	0.841316031824618	1.1721197942228745	fit	949	6	0.4914345904277392	nucleoside triphosphate biosynthetic process, nucleotide biosynthetic process, ribonucleoside triphosphate biosynthetic process	abundance_only	-0.18616731153612912	False	True	True	0.0005349642016498918	False	CCNDBP1
putamen_basal_ganglia	ENSG00000166986	M001	False	module_genes	1357.0	442.0	1.0912117986546874	0.047881382694560784	0.0006194345015300029	1.534058117962331	1.283783885217848	1.8331234223950292	fit	1362	2	0.621535394693187	cellular component organization, cellular component organization or biogenesis	coupled	-0.6313547778323204	True	True	True	0.11466035574580133	False	MARS1
putamen_basal_ganglia	ENSG00000167107	M001	False	module_genes	1357.0	442.0	1.0912117986546874	0.047881382694560784	0.0006194345015300029	1.534058117962331	1.283783885217848	1.8331234223950292	fit	1362	2	0.621535394693187	cellular component organization, cellular component organization or biogenesis	switch_only	-0.5213476900617379	True	True	True	0.11466035574580133	False	ACSF2
frontal_cortex_ba9	ENSG00000167113	M002	False	switch_genes	944.0	397.0	1.1557051891629841	0.00318554872261526	0.7587216383378627	1.0717296069978584	0.9080390999593985	1.2649282950119018	fit	1034	21	0.029361098554400673	supramolecular fiber organization, cell migration, actin cytoskeleton organization	coupled	-0.3396708188900216	True	True	True	1.249258128763103e-06	True	COQ4
substantia_nigra	ENSG00000167113	M004	False	module_genes	576.0	258.0	1.1721316905140433	0.011655702361279236	0.7781860799282974	0.918706378101362	0.7405900574511649	1.1396607349400962	fit	576	0	0.7698260082862307		discordant	-0.48172027093506214	True	True	True	0.00024708778460080794	False	COQ4
putamen_basal_ganglia	ENSG00000167114	M001	False	module_genes	1357.0	442.0	1.0912117986546874	0.047881382694560784	0.0006194345015300029	1.534058117962331	1.283783885217848	1.8331234223950292	fit	1362	2	0.621535394693187	cellular component organization, cellular component organization or biogenesis	coupled	-0.625731848488116	True	True	True	0.11466035574580133	False	SLC27A4
caudate_sczd	ENSG00000167186	M006	True	switch_genes	343.0	157.0	1.228849841094739	0.010660698329540308	0.17582615298288773	1.3819545740935557	1.0562243359485246	1.8081371351314661	fit	343	0	0.017871150734486828		discordant	0.2331308517687326	True	True	True	6.938353180885315e-08	True	COQ7
cerebellar_hemisphere	ENSG00000167232	M003	False	module_genes	933.0	425.0	1.2081705355746633	8.4745538920076e-06	0.9824318896667084	0.9930373477864146	0.841316031824618	1.1721197942228745	fit	949	6	0.4914345904277392	nucleoside triphosphate biosynthetic process, nucleotide biosynthetic process, ribonucleoside triphosphate biosynthetic process	discordant	-0.3856266594032556	True	True	True	0.0005349642016498918	False	ZNF91
putamen_basal_ganglia	ENSG00000167257	M001	False	module_genes	1357.0	442.0	1.0912117986546874	0.047881382694560784	0.0006194345015300029	1.534058117962331	1.283783885217848	1.8331234223950292	fit	1362	2	0.621535394693187	cellular component organization, cellular component organization or biogenesis	coupled	-0.44494668202077287	True	True	True	0.11466035574580133	False	RNF214
cerebellar_hemisphere	ENSG00000167302	M003	False	module_genes	933.0	425.0	1.2081705355746633	8.4745538920076e-06	0.9824318896667084	0.9930373477864146	0.841316031824618	1.1721197942228745	fit	949	6	0.4914345904277392	nucleoside triphosphate biosynthetic process, nucleotide biosynthetic process, ribonucleoside triphosphate biosynthetic process	discordant	-0.7200480734630571	True	True	True	0.0005349642016498918	False	TEPSIN
cerebellar_hemisphere	ENSG00000167363	M003	False	module_genes	933.0	425.0	1.2081705355746633	8.4745538920076e-06	0.9824318896667084	0.9930373477864146	0.841316031824618	1.1721197942228745	fit	949	6	0.4914345904277392	nucleoside triphosphate biosynthetic process, nucleotide biosynthetic process, ribonucleoside triphosphate biosynthetic process	discordant	-0.47508166163969234	True	True	True	0.0005349642016498918	False	FN3K
substantia_nigra	ENSG00000167363	M004	False	module_genes	576.0	258.0	1.1721316905140433	0.011655702361279236	0.7781860799282974	0.918706378101362	0.7405900574511649	1.1396607349400962	fit	576	0	0.7698260082862307		discordant	-0.5134013293978077	True	True	True	0.00024708778460080794	False	FN3K
frontal_cortex_ba9	ENSG00000167524	M002	False	switch_genes	944.0	397.0	1.1557051891629841	0.00318554872261526	0.7587216383378627	1.0717296069978584	0.9080390999593985	1.2649282950119018	fit	1034	21	0.029361098554400673	supramolecular fiber organization, cell migration, actin cytoskeleton organization	coupled	0.25928051831451904	True	True	True	1.249258128763103e-06	True	RSKR
caudate_sczd	ENSG00000167578	M006	True	switch_genes	343.0	157.0	1.228849841094739	0.010660698329540308	0.17582615298288773	1.3819545740935557	1.0562243359485246	1.8081371351314661	fit	343	0	0.017871150734486828		switch_only	0.7576128177126964	True	True	True	6.938353180885315e-08	True	RAB4B
cerebellar_hemisphere	ENSG00000167578	M003	False	module_genes	933.0	425.0	1.2081705355746633	8.4745538920076e-06	0.9824318896667084	0.9930373477864146	0.841316031824618	1.1721197942228745	fit	949	6	0.4914345904277392	nucleoside triphosphate biosynthetic process, nucleotide biosynthetic process, ribonucleoside triphosphate biosynthetic process	coupled	-0.6973096160092359	True	True	True	0.0005349642016498918	False	RAB4B
frontal_cortex_ba9	ENSG00000167601	M002	False	switch_genes	944.0	397.0	1.1557051891629841	0.00318554872261526	0.7587216383378627	1.0717296069978584	0.9080390999593985	1.2649282950119018	fit	1034	21	0.029361098554400673	supramolecular fiber organization, cell migration, actin cytoskeleton organization	abundance_only		False	True	True	1.249258128763103e-06	True	AXL
putamen_basal_ganglia	ENSG00000167615	M001	False	module_genes	1357.0	442.0	1.0912117986546874	0.047881382694560784	0.0006194345015300029	1.534058117962331	1.283783885217848	1.8331234223950292	fit	1362	2	0.621535394693187	cellular component organization, cellular component organization or biogenesis	coupled	-0.6752088356101431	True	True	True	0.11466035574580133	False	LENG8
cerebellar_hemisphere	ENSG00000167619	M003	False	module_genes	933.0	425.0	1.2081705355746633	8.4745538920076e-06	0.9824318896667084	0.9930373477864146	0.841316031824618	1.1721197942228745	fit	949	6	0.4914345904277392	nucleoside triphosphate biosynthetic process, nucleotide biosynthetic process, ribonucleoside triphosphate biosynthetic process	discordant	-0.48476768405063525	True	True	True	0.0005349642016498918	False	TMEM145
substantia_nigra	ENSG00000167619	M004	False	module_genes	576.0	258.0	1.1721316905140433	0.011655702361279236	0.7781860799282974	0.918706378101362	0.7405900574511649	1.1396607349400962	fit	576	0	0.7698260082862307		abundance_only	-0.18892724141329087	False	True	True	0.00024708778460080794	False	TMEM145
frontal_cortex_ba9	ENSG00000167685	M002	False	switch_genes	944.0	397.0	1.1557051891629841	0.00318554872261526	0.7587216383378627	1.0717296069978584	0.9080390999593985	1.2649282950119018	fit	1034	21	0.029361098554400673	supramolecular fiber organization, cell migration, actin cytoskeleton organization	abundance_only	0.05016487933406983	False	True	True	1.249258128763103e-06	True	ZNF444
substantia_nigra	ENSG00000167703	M004	False	module_genes	576.0	258.0	1.1721316905140433	0.011655702361279236	0.7781860799282974	0.918706378101362	0.7405900574511649	1.1396607349400962	fit	576	0	0.7698260082862307		coupled	-0.2268921464503209	True	True	True	0.00024708778460080794	False	SLC43A2
frontal_cortex_ba9	ENSG00000167755	M002	False	switch_genes	944.0	397.0	1.1557051891629841	0.00318554872261526	0.7587216383378627	1.0717296069978584	0.9080390999593985	1.2649282950119018	fit	1034	21	0.029361098554400673	supramolecular fiber organization, cell migration, actin cytoskeleton organization	abundance_only		False	True	True	1.249258128763103e-06	True	KLK6
cerebellar_hemisphere	ENSG00000167792	M003	False	module_genes	933.0	425.0	1.2081705355746633	8.4745538920076e-06	0.9824318896667084	0.9930373477864146	0.841316031824618	1.1721197942228745	fit	949	6	0.4914345904277392	nucleoside triphosphate biosynthetic process, nucleotide biosynthetic process, ribonucleoside triphosphate biosynthetic process	coupled	-0.3030405953100508	True	True	True	0.0005349642016498918	False	NDUFV1
hypothalamus	ENSG00000167858	M014	False	switch_genes	87.0	41.0	1.727969348659004	0.002694740306695324	0.0755268998708689	2.112315999719547	1.2640840959982327	3.5297326315522497	fit	99	31	0.04475469901505802	cilium movement, cilium-dependent cell motility, cilium or flagellum-dependent cell motility	coupled	-0.37908164976399905	True	True	True	1.0	True	TEKT1
caudate_sczd	ENSG00000167861	M006	True	switch_genes	343.0	157.0	1.228849841094739	0.010660698329540308	0.17582615298288773	1.3819545740935557	1.0562243359485246	1.8081371351314661	fit	343	0	0.017871150734486828		discordant	0.48419916527004553	True	True	True	6.938353180885315e-08	True	HID1
putamen_basal_ganglia	ENSG00000167861	M001	False	module_genes	1357.0	442.0	1.0912117986546874	0.047881382694560784	0.0006194345015300029	1.534058117962331	1.283783885217848	1.8331234223950292	fit	1362	2	0.621535394693187	cellular component organization, cellular component organization or biogenesis	coupled	-0.6928027678457771	True	True	True	0.11466035574580133	False	HID1
cerebellar_hemisphere	ENSG00000167863	M003	False	module_genes	933.0	425.0	1.2081705355746633	8.4745538920076e-06	0.9824318896667084	0.9930373477864146	0.841316031824618	1.1721197942228745	fit	949	6	0.4914345904277392	nucleoside triphosphate biosynthetic process, nucleotide biosynthetic process, ribonucleoside triphosphate biosynthetic process	discordant	-0.5934157394607367	True	True	True	0.0005349642016498918	False	ATP5PD
cerebellar_hemisphere	ENSG00000167925	M003	False	module_genes	933.0	425.0	1.2081705355746633	8.4745538920076e-06	0.9824318896667084	0.9930373477864146	0.841316031824618	1.1721197942228745	fit	949	6	0.4914345904277392	nucleoside triphosphate biosynthetic process, nucleotide biosynthetic process, ribonucleoside triphosphate biosynthetic process	discordant	-0.3952980337319947	True	True	True	0.0005349642016498918	False	GHDC
caudate_sczd	ENSG00000167967	M006	True	switch_genes	343.0	157.0	1.228849841094739	0.010660698329540308	0.17582615298288773	1.3819545740935557	1.0562243359485246	1.8081371351314661	fit	343	0	0.017871150734486828		discordant	0.59272618773552	True	True	True	6.938353180885315e-08	True	E4F1
putamen_basal_ganglia	ENSG00000167972	M001	False	module_genes	1357.0	442.0	1.0912117986546874	0.047881382694560784	0.0006194345015300029	1.534058117962331	1.283783885217848	1.8331234223950292	fit	1362	2	0.621535394693187	cellular component organization, cellular component organization or biogenesis	coupled	-0.661087773518688	True	True	True	0.11466035574580133	False	ABCA3
putamen_basal_ganglia	ENSG00000167992	M001	False	module_genes	1357.0	442.0	1.0912117986546874	0.047881382694560784	0.0006194345015300029	1.534058117962331	1.283783885217848	1.8331234223950292	fit	1362	2	0.621535394693187	cellular component organization, cellular component organization or biogenesis	abundance_only	-0.1432418664852793	False	True	True	0.11466035574580133	False	VWCE
frontal_cortex_ba9	ENSG00000167994	M002	False	switch_genes	944.0	397.0	1.1557051891629841	0.00318554872261526	0.7587216383378627	1.0717296069978584	0.9080390999593985	1.2649282950119018	fit	1034	21	0.029361098554400673	supramolecular fiber organization, cell migration, actin cytoskeleton organization	discordant	-0.4252546874259743	True	True	True	1.249258128763103e-06	True	RAB3IL1
cerebellar_hemisphere	ENSG00000168002	M003	False	module_genes	933.0	425.0	1.2081705355746633	8.4745538920076e-06	0.9824318896667084	0.9930373477864146	0.841316031824618	1.1721197942228745	fit	949	6	0.4914345904277392	nucleoside triphosphate biosynthetic process, nucleotide biosynthetic process, ribonucleoside triphosphate biosynthetic process	coupled	-0.6449312470802431	True	True	True	0.0005349642016498918	False	POLR2G
putamen_basal_ganglia	ENSG00000168067	M001	False	module_genes	1357.0	442.0	1.0912117986546874	0.047881382694560784	0.0006194345015300029	1.534058117962331	1.283783885217848	1.8331234223950292	fit	1362	2	0.621535394693187	cellular component organization, cellular component organization or biogenesis	abundance_only	-0.12883985022031524	False	True	True	0.11466035574580133	False	MAP4K2
substantia_nigra	ENSG00000168101	M004	False	module_genes	576.0	258.0	1.1721316905140433	0.011655702361279236	0.7781860799282974	0.918706378101362	0.7405900574511649	1.1396607349400962	fit	576	0	0.7698260082862307		abundance_only	-0.08957473831332272	False	True	True	0.00024708778460080794	False	NUDT16L1
frontal_cortex_ba9	ENSG00000168152	M002	False	switch_genes	944.0	397.0	1.1557051891629841	0.00318554872261526	0.7587216383378627	1.0717296069978584	0.9080390999593985	1.2649282950119018	fit	1034	21	0.029361098554400673	supramolecular fiber organization, cell migration, actin cytoskeleton organization	abundance_only		False	True	True	1.249258128763103e-06	True	THAP9
cerebellar_hemisphere	ENSG00000168209	M003	False	module_genes	933.0	425.0	1.2081705355746633	8.4745538920076e-06	0.9824318896667084	0.9930373477864146	0.841316031824618	1.1721197942228745	fit	949	6	0.4914345904277392	nucleoside triphosphate biosynthetic process, nucleotide biosynthetic process, ribonucleoside triphosphate biosynthetic process	switch_only	-0.28687798585879737	True	True	True	0.0005349642016498918	False	DDIT4
frontal_cortex_ba9	ENSG00000168209	M002	False	switch_genes	944.0	397.0	1.1557051891629841	0.00318554872261526	0.7587216383378627	1.0717296069978584	0.9080390999593985	1.2649282950119018	fit	1034	21	0.029361098554400673	supramolecular fiber organization, cell migration, actin cytoskeleton organization	abundance_only	-0.023527365961777603	False	True	True	1.249258128763103e-06	True	DDIT4
substantia_nigra	ENSG00000168237	M004	False	module_genes	576.0	258.0	1.1721316905140433	0.011655702361279236	0.7781860799282974	0.918706378101362	0.7405900574511649	1.1396607349400962	fit	576	0	0.7698260082862307		abundance_only	-0.18493516837577476	False	True	True	0.00024708778460080794	False	GLYCTK
cerebellar_hemisphere	ENSG00000168301	M003	False	module_genes	933.0	425.0	1.2081705355746633	8.4745538920076e-06	0.9824318896667084	0.9930373477864146	0.841316031824618	1.1721197942228745	fit	949	6	0.4914345904277392	nucleoside triphosphate biosynthetic process, nucleotide biosynthetic process, ribonucleoside triphosphate biosynthetic process	discordant	-0.7711525374840374	True	True	True	0.0005349642016498918	False	KCTD6
substantia_nigra	ENSG00000168301	M004	False	module_genes	576.0	258.0	1.1721316905140433	0.011655702361279236	0.7781860799282974	0.918706378101362	0.7405900574511649	1.1396607349400962	fit	576	0	0.7698260082862307		discordant	-0.47326030423056964	True	True	True	0.00024708778460080794	False	KCTD6
cerebellar_hemisphere	ENSG00000168309	M003	False	module_genes	933.0	425.0	1.2081705355746633	8.4745538920076e-06	0.9824318896667084	0.9930373477864146	0.841316031824618	1.1721197942228745	fit	949	6	0.4914345904277392	nucleoside triphosphate biosynthetic process, nucleotide biosynthetic process, ribonucleoside triphosphate biosynthetic process	abundance_only		False	True	True	0.0005349642016498918	False	FAM107A
cerebellar_hemisphere	ENSG00000168394	M003	False	module_genes	933.0	425.0	1.2081705355746633	8.4745538920076e-06	0.9824318896667084	0.9930373477864146	0.841316031824618	1.1721197942228745	fit	949	6	0.4914345904277392	nucleoside triphosphate biosynthetic process, nucleotide biosynthetic process, ribonucleoside triphosphate biosynthetic process	switch_only	-0.3767954912115194	True	True	True	0.0005349642016498918	False	TAP1
frontal_cortex_ba9	ENSG00000168397	M002	False	switch_genes	944.0	397.0	1.1557051891629841	0.00318554872261526	0.7587216383378627	1.0717296069978584	0.9080390999593985	1.2649282950119018	fit	1034	21	0.029361098554400673	supramolecular fiber organization, cell migration, actin cytoskeleton organization	discordant	-0.47141881432939764	True	True	True	1.249258128763103e-06	True	ATG4B
putamen_basal_ganglia	ENSG00000168398	M001	False	module_genes	1357.0	442.0	1.0912117986546874	0.047881382694560784	0.0006194345015300029	1.534058117962331	1.283783885217848	1.8331234223950292	fit	1362	2	0.621535394693187	cellular component organization, cellular component organization or biogenesis	abundance_only	-0.12610300076921724	False	True	True	0.11466035574580133	False	BDKRB2
caudate_sczd	ENSG00000168434	M006	True	switch_genes	343.0	157.0	1.228849841094739	0.010660698329540308	0.17582615298288773	1.3819545740935557	1.0562243359485246	1.8081371351314661	fit	343	0	0.017871150734486828		discordant	0.6340335025786897	True	True	True	6.938353180885315e-08	True	COG7
caudate_sczd	ENSG00000168481	M006	True	switch_genes	343.0	157.0	1.228849841094739	0.010660698329540308	0.17582615298288773	1.3819545740935557	1.0562243359485246	1.8081371351314661	fit	343	0	0.017871150734486828		discordant	0.7656939620928145	True	True	True	6.938353180885315e-08	True	LGI3
putamen_basal_ganglia	ENSG00000168481	M001	False	module_genes	1357.0	442.0	1.0912117986546874	0.047881382694560784	0.0006194345015300029	1.534058117962331	1.283783885217848	1.8331234223950292	fit	1362	2	0.621535394693187	cellular component organization, cellular component organization or biogenesis	coupled	-0.6541062704712097	True	True	True	0.11466035574580133	False	LGI3
substantia_nigra	ENSG00000168487	M004	False	module_genes	576.0	258.0	1.1721316905140433	0.011655702361279236	0.7781860799282974	0.918706378101362	0.7405900574511649	1.1396607349400962	fit	576	0	0.7698260082862307		discordant	-0.621337204917629	True	True	True	0.00024708778460080794	False	BMP1
frontal_cortex_ba9	ENSG00000168710	M002	False	switch_genes	944.0	397.0	1.1557051891629841	0.00318554872261526	0.7587216383378627	1.0717296069978584	0.9080390999593985	1.2649282950119018	fit	1034	21	0.029361098554400673	supramolecular fiber organization, cell migration, actin cytoskeleton organization	abundance_only		False	True	True	1.249258128763103e-06	True	AHCYL1
putamen_basal_ganglia	ENSG00000168743	M001	False	module_genes	1357.0	442.0	1.0912117986546874	0.047881382694560784	0.0006194345015300029	1.534058117962331	1.283783885217848	1.8331234223950292	fit	1362	2	0.621535394693187	cellular component organization, cellular component organization or biogenesis	coupled	-0.7568144697072837	True	True	True	0.11466035574580133	False	NPNT
caudate_sczd	ENSG00000168758	M006	True	switch_genes	343.0	157.0	1.228849841094739	0.010660698329540308	0.17582615298288773	1.3819545740935557	1.0562243359485246	1.8081371351314661	fit	343	0	0.017871150734486828		discordant	0.6267237379193874	True	True	True	6.938353180885315e-08	True	SEMA4C
caudate_sczd	ENSG00000168763	M006	True	switch_genes	343.0	157.0	1.228849841094739	0.010660698329540308	0.17582615298288773	1.3819545740935557	1.0562243359485246	1.8081371351314661	fit	343	0	0.017871150734486828		discordant	0.6539784854478736	True	True	True	6.938353180885315e-08	True	CNNM3
cerebellar_hemisphere	ENSG00000168765	M003	False	module_genes	933.0	425.0	1.2081705355746633	8.4745538920076e-06	0.9824318896667084	0.9930373477864146	0.841316031824618	1.1721197942228745	fit	949	6	0.4914345904277392	nucleoside triphosphate biosynthetic process, nucleotide biosynthetic process, ribonucleoside triphosphate biosynthetic process	coupled	-0.41279227255806633	True	True	True	0.0005349642016498918	False	GSTM4
frontal_cortex_ba9	ENSG00000168765	M002	False	switch_genes	944.0	397.0	1.1557051891629841	0.00318554872261526	0.7587216383378627	1.0717296069978584	0.9080390999593985	1.2649282950119018	fit	1034	21	0.029361098554400673	supramolecular fiber organization, cell migration, actin cytoskeleton organization	discordant	-0.4969946720163995	True	True	True	1.249258128763103e-06	True	GSTM4
putamen_basal_ganglia	ENSG00000168785	M001	False	module_genes	1357.0	442.0	1.0912117986546874	0.047881382694560784	0.0006194345015300029	1.534058117962331	1.283783885217848	1.8331234223950292	fit	1362	2	0.621535394693187	cellular component organization, cellular component organization or biogenesis	discordant	-0.49567860505777744	True	True	True	0.11466035574580133	False	TSPAN5
frontal_cortex_ba9	ENSG00000168884	M002	False	switch_genes	944.0	397.0	1.1557051891629841	0.00318554872261526	0.7587216383378627	1.0717296069978584	0.9080390999593985	1.2649282950119018	fit	1034	21	0.029361098554400673	supramolecular fiber organization, cell migration, actin cytoskeleton organization	abundance_only		False	True	True	1.249258128763103e-06	True	TNIP2
frontal_cortex_ba9	ENSG00000168899	M002	False	switch_genes	944.0	397.0	1.1557051891629841	0.00318554872261526	0.7587216383378627	1.0717296069978584	0.9080390999593985	1.2649282950119018	fit	1034	21	0.029361098554400673	supramolecular fiber organization, cell migration, actin cytoskeleton organization	abundance_only		False	True	True	1.249258128763103e-06	True	VAMP5
caudate_sczd	ENSG00000169221	M006	True	switch_genes	343.0	157.0	1.228849841094739	0.010660698329540308	0.17582615298288773	1.3819545740935557	1.0562243359485246	1.8081371351314661	fit	343	0	0.017871150734486828		discordant	0.7715420645867049	True	True	True	6.938353180885315e-08	True	TBC1D10B
cerebellar_hemisphere	ENSG00000169223	M003	False	module_genes	933.0	425.0	1.2081705355746633	8.4745538920076e-06	0.9824318896667084	0.9930373477864146	0.841316031824618	1.1721197942228745	fit	949	6	0.4914345904277392	nucleoside triphosphate biosynthetic process, nucleotide biosynthetic process, ribonucleoside triphosphate biosynthetic process	discordant	-0.6126697258457279	True	True	True	0.0005349642016498918	False	LMAN2
substantia_nigra	ENSG00000169223	M004	False	module_genes	576.0	258.0	1.1721316905140433	0.011655702361279236	0.7781860799282974	0.918706378101362	0.7405900574511649	1.1396607349400962	fit	576	0	0.7698260082862307		discordant	-0.7405829788541702	True	True	True	0.00024708778460080794	False	LMAN2
substantia_nigra	ENSG00000169228	M004	False	module_genes	576.0	258.0	1.1721316905140433	0.011655702361279236	0.7781860799282974	0.918706378101362	0.7405900574511649	1.1396607349400962	fit	576	0	0.7698260082862307		discordant	-0.42645157794684724	True	True	True	0.00024708778460080794	False	RAB24
frontal_cortex_ba9	ENSG00000169239	M002	False	switch_genes	944.0	397.0	1.1557051891629841	0.00318554872261526	0.7587216383378627	1.0717296069978584	0.9080390999593985	1.2649282950119018	fit	1034	21	0.029361098554400673	supramolecular fiber organization, cell migration, actin cytoskeleton organization	abundance_only		False	True	True	1.249258128763103e-06	True	CA5B
putamen_basal_ganglia	ENSG00000169282	M001	False	module_genes	1357.0	442.0	1.0912117986546874	0.047881382694560784	0.0006194345015300029	1.534058117962331	1.283783885217848	1.8331234223950292	fit	1362	2	0.621535394693187	cellular component organization, cellular component organization or biogenesis	discordant	-0.21232746630699997	True	True	True	0.11466035574580133	False	KCNAB1
frontal_cortex_ba9	ENSG00000169504	M002	False	switch_genes	944.0	397.0	1.1557051891629841	0.00318554872261526	0.7587216383378627	1.0717296069978584	0.9080390999593985	1.2649282950119018	fit	1034	21	0.029361098554400673	supramolecular fiber organization, cell migration, actin cytoskeleton organization	abundance_only		False	True	True	1.249258128763103e-06	True	CLIC4
cerebellar_hemisphere	ENSG00000169750	M003	False	module_genes	933.0	425.0	1.2081705355746633	8.4745538920076e-06	0.9824318896667084	0.9930373477864146	0.841316031824618	1.1721197942228745	fit	949	6	0.4914345904277392	nucleoside triphosphate biosynthetic process, nucleotide biosynthetic process, ribonucleoside triphosphate biosynthetic process	discordant	-0.7264784568922598	True	True	True	0.0005349642016498918	False	RAC3
substantia_nigra	ENSG00000169750	M004	False	module_genes	576.0	258.0	1.1721316905140433	0.011655702361279236	0.7781860799282974	0.918706378101362	0.7405900574511649	1.1396607349400962	fit	576	0	0.7698260082862307		discordant	-0.44188014656123575	True	True	True	0.00024708778460080794	False	RAC3
substantia_nigra	ENSG00000169908	M004	False	module_genes	576.0	258.0	1.1721316905140433	0.011655702361279236	0.7781860799282974	0.918706378101362	0.7405900574511649	1.1396607349400962	fit	576	0	0.7698260082862307		switch_only	-0.32358414756809845	True	True	True	0.00024708778460080794	False	TM4SF1
putamen_basal_ganglia	ENSG00000169926	M001	False	module_genes	1357.0	442.0	1.0912117986546874	0.047881382694560784	0.0006194345015300029	1.534058117962331	1.283783885217848	1.8331234223950292	fit	1362	2	0.621535394693187	cellular component organization, cellular component organization or biogenesis	coupled	-0.8450890569690998	True	True	True	0.11466035574580133	False	KLF13
cerebellar_hemisphere	ENSG00000169981	M003	False	module_genes	933.0	425.0	1.2081705355746633	8.4745538920076e-06	0.9824318896667084	0.9930373477864146	0.841316031824618	1.1721197942228745	fit	949	6	0.4914345904277392	nucleoside triphosphate biosynthetic process, nucleotide biosynthetic process, ribonucleoside triphosphate biosynthetic process	discordant	-0.296590425935854	True	True	True	0.0005349642016498918	False	ZNF35
substantia_nigra	ENSG00000170043	M004	False	module_genes	576.0	258.0	1.1721316905140433	0.011655702361279236	0.7781860799282974	0.918706378101362	0.7405900574511649	1.1396607349400962	fit	576	0	0.7698260082862307		abundance_only	-0.044061693023665895	False	True	True	0.00024708778460080794	False	TRAPPC1
frontal_cortex_ba9	ENSG00000170231	M002	False	switch_genes	944.0	397.0	1.1557051891629841	0.00318554872261526	0.7587216383378627	1.0717296069978584	0.9080390999593985	1.2649282950119018	fit	1034	21	0.029361098554400673	supramolecular fiber organization, cell migration, actin cytoskeleton organization	discordant	-0.3001173097624081	True	True	True	1.249258128763103e-06	True	FABP6
substantia_nigra	ENSG00000170234	M004	False	module_genes	576.0	258.0	1.1721316905140433	0.011655702361279236	0.7781860799282974	0.918706378101362	0.7405900574511649	1.1396607349400962	fit	576	0	0.7698260082862307		abundance_only	-0.022934201423583725	False	True	True	0.00024708778460080794	False	PWWP2A
frontal_cortex_ba9	ENSG00000170271	M002	False	switch_genes	944.0	397.0	1.1557051891629841	0.00318554872261526	0.7587216383378627	1.0717296069978584	0.9080390999593985	1.2649282950119018	fit	1034	21	0.029361098554400673	supramolecular fiber organization, cell migration, actin cytoskeleton organization	abundance_only		False	True	True	1.249258128763103e-06	True	FAXDC2
cerebellar_hemisphere	ENSG00000170310	M003	False	module_genes	933.0	425.0	1.2081705355746633	8.4745538920076e-06	0.9824318896667084	0.9930373477864146	0.841316031824618	1.1721197942228745	fit	949	6	0.4914345904277392	nucleoside triphosphate biosynthetic process, nucleotide biosynthetic process, ribonucleoside triphosphate biosynthetic process	abundance_only	-0.15756362830997617	False	True	True	0.0005349642016498918	False	STX8
cerebellar_hemisphere	ENSG00000170412	M003	False	module_genes	933.0	425.0	1.2081705355746633	8.4745538920076e-06	0.9824318896667084	0.9930373477864146	0.841316031824618	1.1721197942228745	fit	949	6	0.4914345904277392	nucleoside triphosphate biosynthetic process, nucleotide biosynthetic process, ribonucleoside triphosphate biosynthetic process	discordant	-0.45348186407772484	True	True	True	0.0005349642016498918	False	GPRC5C
cerebellar_hemisphere	ENSG00000170430	M003	False	module_genes	933.0	425.0	1.2081705355746633	8.4745538920076e-06	0.9824318896667084	0.9930373477864146	0.841316031824618	1.1721197942228745	fit	949	6	0.4914345904277392	nucleoside triphosphate biosynthetic process, nucleotide biosynthetic process, ribonucleoside triphosphate biosynthetic process	coupled	-0.38500836167324126	True	True	True	0.0005349642016498918	False	MGMT
cerebellar_hemisphere	ENSG00000170485	M003	False	module_genes	933.0	425.0	1.2081705355746633	8.4745538920076e-06	0.9824318896667084	0.9930373477864146	0.841316031824618	1.1721197942228745	fit	949	6	0.4914345904277392	nucleoside triphosphate biosynthetic process, nucleotide biosynthetic process, ribonucleoside triphosphate biosynthetic process	discordant	-0.7599726981268998	True	True	True	0.0005349642016498918	False	NPAS2
frontal_cortex_ba9	ENSG00000170525	M002	False	switch_genes	944.0	397.0	1.1557051891629841	0.00318554872261526	0.7587216383378627	1.0717296069978584	0.9080390999593985	1.2649282950119018	fit	1034	21	0.029361098554400673	supramolecular fiber organization, cell migration, actin cytoskeleton organization	switch_only	-0.7666984539749038	True	True	True	1.249258128763103e-06	True	PFKFB3
putamen_basal_ganglia	ENSG00000170525	M001	False	module_genes	1357.0	442.0	1.0912117986546874	0.047881382694560784	0.0006194345015300029	1.534058117962331	1.283783885217848	1.8331234223950292	fit	1362	2	0.621535394693187	cellular component organization, cellular component organization or biogenesis	coupled	-0.4828886270417003	True	True	True	0.11466035574580133	False	PFKFB3
putamen_basal_ganglia	ENSG00000170540	M001	False	module_genes	1357.0	442.0	1.0912117986546874	0.047881382694560784	0.0006194345015300029	1.534058117962331	1.283783885217848	1.8331234223950292	fit	1362	2	0.621535394693187	cellular component organization, cellular component organization or biogenesis	coupled	-0.774136675778109	True	True	True	0.11466035574580133	False	ARL6IP1
frontal_cortex_ba9	ENSG00000170759	M002	False	switch_genes	944.0	397.0	1.1557051891629841	0.00318554872261526	0.7587216383378627	1.0717296069978584	0.9080390999593985	1.2649282950119018	fit	1034	21	0.029361098554400673	supramolecular fiber organization, cell migration, actin cytoskeleton organization	abundance_only		False	True	True	1.249258128763103e-06	True	KIF5B
putamen_basal_ganglia	ENSG00000170759	M001	False	module_genes	1357.0	442.0	1.0912117986546874	0.047881382694560784	0.0006194345015300029	1.534058117962331	1.283783885217848	1.8331234223950292	fit	1362	2	0.621535394693187	cellular component organization, cellular component organization or biogenesis	inactive		False	True	True	0.11466035574580133	False	KIF5B
cerebellar_hemisphere	ENSG00000171148	M003	False	module_genes	933.0	425.0	1.2081705355746633	8.4745538920076e-06	0.9824318896667084	0.9930373477864146	0.841316031824618	1.1721197942228745	fit	949	6	0.4914345904277392	nucleoside triphosphate biosynthetic process, nucleotide biosynthetic process, ribonucleoside triphosphate biosynthetic process	coupled	-0.4344248253489008	True	True	True	0.0005349642016498918	False	TADA3
hypothalamus	ENSG00000171219	M014	False	switch_genes	87.0	41.0	1.727969348659004	0.002694740306695324	0.0755268998708689	2.112315999719547	1.2640840959982327	3.5297326315522497	fit	99	31	0.04475469901505802	cilium movement, cilium-dependent cell motility, cilium or flagellum-dependent cell motility	abundance_only		False	True	True	1.0	True	CDC42BPG
cerebellar_hemisphere	ENSG00000171222	M003	False	module_genes	933.0	425.0	1.2081705355746633	8.4745538920076e-06	0.9824318896667084	0.9930373477864146	0.841316031824618	1.1721197942228745	fit	949	6	0.4914345904277392	nucleoside triphosphate biosynthetic process, nucleotide biosynthetic process, ribonucleoside triphosphate biosynthetic process	coupled	-0.5593159023323814	True	True	True	0.0005349642016498918	False	SCAND1
substantia_nigra	ENSG00000171443	M004	False	module_genes	576.0	258.0	1.1721316905140433	0.011655702361279236	0.7781860799282974	0.918706378101362	0.7405900574511649	1.1396607349400962	fit	576	0	0.7698260082862307		discordant	-0.2805644325366493	True	True	True	0.00024708778460080794	False	ZNF524
hypothalamus	ENSG00000171595	M014	False	switch_genes	87.0	41.0	1.727969348659004	0.002694740306695324	0.0755268998708689	2.112315999719547	1.2640840959982327	3.5297326315522497	fit	99	31	0.04475469901505802	cilium movement, cilium-dependent cell motility, cilium or flagellum-dependent cell motility	coupled	-0.3267432343147198	True	True	True	1.0	True	DNAI2
caudate_sczd	ENSG00000171617	M006	True	switch_genes	343.0	157.0	1.228849841094739	0.010660698329540308	0.17582615298288773	1.3819545740935557	1.0562243359485246	1.8081371351314661	fit	343	0	0.017871150734486828		coupled	0.7382063198167924	True	True	True	6.938353180885315e-08	True	ENC1
cerebellar_hemisphere	ENSG00000171680	M003	False	module_genes	933.0	425.0	1.2081705355746633	8.4745538920076e-06	0.9824318896667084	0.9930373477864146	0.841316031824618	1.1721197942228745	fit	949	6	0.4914345904277392	nucleoside triphosphate biosynthetic process, nucleotide biosynthetic process, ribonucleoside triphosphate biosynthetic process	discordant	-0.47824720447191427	True	True	True	0.0005349642016498918	False	PLEKHG5
cerebellar_hemisphere	ENSG00000171703	M003	False	module_genes	933.0	425.0	1.2081705355746633	8.4745538920076e-06	0.9824318896667084	0.9930373477864146	0.841316031824618	1.1721197942228745	fit	949	6	0.4914345904277392	nucleoside triphosphate biosynthetic process, nucleotide biosynthetic process, ribonucleoside triphosphate biosynthetic process	discordant	-0.900234122269107	True	True	True	0.0005349642016498918	False	TCEA2
putamen_basal_ganglia	ENSG00000171720	M001	False	module_genes	1357.0	442.0	1.0912117986546874	0.047881382694560784	0.0006194345015300029	1.534058117962331	1.283783885217848	1.8331234223950292	fit	1362	2	0.621535394693187	cellular component organization, cellular component organization or biogenesis	coupled	-0.3039378760109827	True	True	True	0.11466035574580133	False	HDAC3
substantia_nigra	ENSG00000171772	M004	False	module_genes	576.0	258.0	1.1721316905140433	0.011655702361279236	0.7781860799282974	0.918706378101362	0.7405900574511649	1.1396607349400962	fit	576	0	0.7698260082862307		discordant	-0.226102382433274	True	True	True	0.00024708778460080794	False	SYCE1
substantia_nigra	ENSG00000171817	M004	False	module_genes	576.0	258.0	1.1721316905140433	0.011655702361279236	0.7781860799282974	0.918706378101362	0.7405900574511649	1.1396607349400962	fit	576	0	0.7698260082862307		discordant	-0.44695423037011917	True	True	True	0.00024708778460080794	False	ZNF540
putamen_basal_ganglia	ENSG00000171843	M001	False	module_genes	1357.0	442.0	1.0912117986546874	0.047881382694560784	0.0006194345015300029	1.534058117962331	1.283783885217848	1.8331234223950292	fit	1362	2	0.621535394693187	cellular component organization, cellular component organization or biogenesis	coupled	-0.6709692828348499	True	True	True	0.11466035574580133	False	MLLT3
caudate_sczd	ENSG00000171853	M006	True	switch_genes	343.0	157.0	1.228849841094739	0.010660698329540308	0.17582615298288773	1.3819545740935557	1.0562243359485246	1.8081371351314661	fit	343	0	0.017871150734486828		discordant	0.8258007070615477	True	True	True	6.938353180885315e-08	True	TRAPPC12
substantia_nigra	ENSG00000171853	M004	False	module_genes	576.0	258.0	1.1721316905140433	0.011655702361279236	0.7781860799282974	0.918706378101362	0.7405900574511649	1.1396607349400962	fit	576	0	0.7698260082862307		discordant	-0.4073975881576877	True	True	True	0.00024708778460080794	False	TRAPPC12
putamen_basal_ganglia	ENSG00000171885	M001	False	module_genes	1357.0	442.0	1.0912117986546874	0.047881382694560784	0.0006194345015300029	1.534058117962331	1.283783885217848	1.8331234223950292	fit	1362	2	0.621535394693187	cellular component organization, cellular component organization or biogenesis	coupled	-0.5439814192826122	True	True	True	0.11466035574580133	False	AQP4
substantia_nigra	ENSG00000172057	M004	False	module_genes	576.0	258.0	1.1721316905140433	0.011655702361279236	0.7781860799282974	0.918706378101362	0.7405900574511649	1.1396607349400962	fit	576	0	0.7698260082862307		abundance_only	0.03781470105572365	False	True	True	0.00024708778460080794	False	ORMDL3
caudate_sczd	ENSG00000172172	M006	True	switch_genes	343.0	157.0	1.228849841094739	0.010660698329540308	0.17582615298288773	1.3819545740935557	1.0562243359485246	1.8081371351314661	fit	343	0	0.017871150734486828		coupled	0.6992433723818459	True	True	True	6.938353180885315e-08	True	MRPL13
frontal_cortex_ba9	ENSG00000172232	M002	False	switch_genes	944.0	397.0	1.1557051891629841	0.00318554872261526	0.7587216383378627	1.0717296069978584	0.9080390999593985	1.2649282950119018	fit	1034	21	0.029361098554400673	supramolecular fiber organization, cell migration, actin cytoskeleton organization	discordant	-0.22789483272939265	True	True	True	1.249258128763103e-06	True	AZU1
cerebellar_hemisphere	ENSG00000172346	M003	False	module_genes	933.0	425.0	1.2081705355746633	8.4745538920076e-06	0.9824318896667084	0.9930373477864146	0.841316031824618	1.1721197942228745	fit	949	6	0.4914345904277392	nucleoside triphosphate biosynthetic process, nucleotide biosynthetic process, ribonucleoside triphosphate biosynthetic process	abundance_only		False	True	True	0.0005349642016498918	False	CSDC2
substantia_nigra	ENSG00000172354	M004	False	module_genes	576.0	258.0	1.1721316905140433	0.011655702361279236	0.7781860799282974	0.918706378101362	0.7405900574511649	1.1396607349400962	fit	576	0	0.7698260082862307		abundance_only	0.1145953695317681	False	True	True	0.00024708778460080794	False	GNB2
putamen_basal_ganglia	ENSG00000172534	M001	False	module_genes	1357.0	442.0	1.0912117986546874	0.047881382694560784	0.0006194345015300029	1.534058117962331	1.283783885217848	1.8331234223950292	fit	1362	2	0.621535394693187	cellular component organization, cellular component organization or biogenesis	discordant	-0.24292771035104765	True	True	True	0.11466035574580133	False	HCFC1
frontal_cortex_ba9	ENSG00000172548	M002	False	switch_genes	944.0	397.0	1.1557051891629841	0.00318554872261526	0.7587216383378627	1.0717296069978584	0.9080390999593985	1.2649282950119018	fit	1034	21	0.029361098554400673	supramolecular fiber organization, cell migration, actin cytoskeleton organization	abundance_only		False	True	True	1.249258128763103e-06	True	NIPAL4
putamen_basal_ganglia	ENSG00000172771	M001	False	module_genes	1357.0	442.0	1.0912117986546874	0.047881382694560784	0.0006194345015300029	1.534058117962331	1.283783885217848	1.8331234223950292	fit	1362	2	0.621535394693187	cellular component organization, cellular component organization or biogenesis	abundance_only	-0.1871315982168719	False	True	True	0.11466035574580133	False	EFCAB12
cerebellar_hemisphere	ENSG00000172803	M003	False	module_genes	933.0	425.0	1.2081705355746633	8.4745538920076e-06	0.9824318896667084	0.9930373477864146	0.841316031824618	1.1721197942228745	fit	949	6	0.4914345904277392	nucleoside triphosphate biosynthetic process, nucleotide biosynthetic process, ribonucleoside triphosphate biosynthetic process	switch_only	-0.41229074396123083	True	True	True	0.0005349642016498918	False	SNX32
substantia_nigra	ENSG00000172803	M004	False	module_genes	576.0	258.0	1.1721316905140433	0.011655702361279236	0.7781860799282974	0.918706378101362	0.7405900574511649	1.1396607349400962	fit	576	0	0.7698260082862307		coupled	-0.4198619190732091	True	True	True	0.00024708778460080794	False	SNX32
putamen_basal_ganglia	ENSG00000172830	M001	False	module_genes	1357.0	442.0	1.0912117986546874	0.047881382694560784	0.0006194345015300029	1.534058117962331	1.283783885217848	1.8331234223950292	fit	1362	2	0.621535394693187	cellular component organization, cellular component organization or biogenesis	abundance_only	-0.08955630195773333	False	True	True	0.11466035574580133	False	SSH3
cerebellar_hemisphere	ENSG00000172977	M003	False	module_genes	933.0	425.0	1.2081705355746633	8.4745538920076e-06	0.9824318896667084	0.9930373477864146	0.841316031824618	1.1721197942228745	fit	949	6	0.4914345904277392	nucleoside triphosphate biosynthetic process, nucleotide biosynthetic process, ribonucleoside triphosphate biosynthetic process	abundance_only	-0.1553592310709933	False	True	True	0.0005349642016498918	False	KAT5
cerebellar_hemisphere	ENSG00000173011	M003	False	module_genes	933.0	425.0	1.2081705355746633	8.4745538920076e-06	0.9824318896667084	0.9930373477864146	0.841316031824618	1.1721197942228745	fit	949	6	0.4914345904277392	nucleoside triphosphate biosynthetic process, nucleotide biosynthetic process, ribonucleoside triphosphate biosynthetic process	discordant	-0.791642638198846	True	True	True	0.0005349642016498918	False	TADA2B
cerebellar_hemisphere	ENSG00000173137	M003	False	module_genes	933.0	425.0	1.2081705355746633	8.4745538920076e-06	0.9824318896667084	0.9930373477864146	0.841316031824618	1.1721197942228745	fit	949	6	0.4914345904277392	nucleoside triphosphate biosynthetic process, nucleotide biosynthetic process, ribonucleoside triphosphate biosynthetic process	discordant	-0.5188589050416418	True	True	True	0.0005349642016498918	False	ADCK5
caudate_sczd	ENSG00000173171	M006	True	switch_genes	343.0	157.0	1.228849841094739	0.010660698329540308	0.17582615298288773	1.3819545740935557	1.0562243359485246	1.8081371351314661	fit	343	0	0.017871150734486828		switch_only	0.7226350237389083	True	True	True	6.938353180885315e-08	True	MTX1
putamen_basal_ganglia	ENSG00000173175	M001	False	module_genes	1357.0	442.0	1.0912117986546874	0.047881382694560784	0.0006194345015300029	1.534058117962331	1.283783885217848	1.8331234223950292	fit	1362	2	0.621535394693187	cellular component organization, cellular component organization or biogenesis	discordant	-0.4462736660257742	True	True	True	0.11466035574580133	False	ADCY5
putamen_basal_ganglia	ENSG00000173214	M001	False	module_genes	1357.0	442.0	1.0912117986546874	0.047881382694560784	0.0006194345015300029	1.534058117962331	1.283783885217848	1.8331234223950292	fit	1362	2	0.621535394693187	cellular component organization, cellular component organization or biogenesis	coupled	-0.48647228082152777	True	True	True	0.11466035574580133	False	MFSD4B
frontal_cortex_ba9	ENSG00000173221	M002	False	switch_genes	944.0	397.0	1.1557051891629841	0.00318554872261526	0.7587216383378627	1.0717296069978584	0.9080390999593985	1.2649282950119018	fit	1034	21	0.029361098554400673	supramolecular fiber organization, cell migration, actin cytoskeleton organization	discordant	-0.44482669724014445	True	True	True	1.249258128763103e-06	True	GLRX
substantia_nigra	ENSG00000173221	M004	False	module_genes	576.0	258.0	1.1721316905140433	0.011655702361279236	0.7781860799282974	0.918706378101362	0.7405900574511649	1.1396607349400962	fit	576	0	0.7698260082862307		discordant	-0.5556178690674415	True	True	True	0.00024708778460080794	False	GLRX
frontal_cortex_ba9	ENSG00000173264	M002	False	switch_genes	944.0	397.0	1.1557051891629841	0.00318554872261526	0.7587216383378627	1.0717296069978584	0.9080390999593985	1.2649282950119018	fit	1034	21	0.029361098554400673	supramolecular fiber organization, cell migration, actin cytoskeleton organization	discordant	-0.5336599474934651	True	True	True	1.249258128763103e-06	True	GPR137
cerebellar_hemisphere	ENSG00000173272	M003	False	module_genes	933.0	425.0	1.2081705355746633	8.4745538920076e-06	0.9824318896667084	0.9930373477864146	0.841316031824618	1.1721197942228745	fit	949	6	0.4914345904277392	nucleoside triphosphate biosynthetic process, nucleotide biosynthetic process, ribonucleoside triphosphate biosynthetic process	coupled	-0.39783056147525186	True	True	True	0.0005349642016498918	False	MZT2A
putamen_basal_ganglia	ENSG00000173276	M001	False	module_genes	1357.0	442.0	1.0912117986546874	0.047881382694560784	0.0006194345015300029	1.534058117962331	1.283783885217848	1.8331234223950292	fit	1362	2	0.621535394693187	cellular component organization, cellular component organization or biogenesis	discordant	-0.45168069306594	True	True	True	0.11466035574580133	False	ZBTB21
putamen_basal_ganglia	ENSG00000173327	M001	False	module_genes	1357.0	442.0	1.0912117986546874	0.047881382694560784	0.0006194345015300029	1.534058117962331	1.283783885217848	1.8331234223950292	fit	1362	2	0.621535394693187	cellular component organization, cellular component organization or biogenesis	coupled	-0.7702320165059884	True	True	True	0.11466035574580133	False	MAP3K11
cerebellar_hemisphere	ENSG00000173540	M003	False	module_genes	933.0	425.0	1.2081705355746633	8.4745538920076e-06	0.9824318896667084	0.9930373477864146	0.841316031824618	1.1721197942228745	fit	949	6	0.4914345904277392	nucleoside triphosphate biosynthetic process, nucleotide biosynthetic process, ribonucleoside triphosphate biosynthetic process	discordant	-0.42745827640087525	True	True	True	0.0005349642016498918	False	GMPPB
frontal_cortex_ba9	ENSG00000173581	M002	False	switch_genes	944.0	397.0	1.1557051891629841	0.00318554872261526	0.7587216383378627	1.0717296069978584	0.9080390999593985	1.2649282950119018	fit	1034	21	0.029361098554400673	supramolecular fiber organization, cell migration, actin cytoskeleton organization	discordant	-0.5906023608904479	True	True	True	1.249258128763103e-06	True	CCDC106
cerebellar_hemisphere	ENSG00000173638	M003	False	module_genes	933.0	425.0	1.2081705355746633	8.4745538920076e-06	0.9824318896667084	0.9930373477864146	0.841316031824618	1.1721197942228745	fit	949	6	0.4914345904277392	nucleoside triphosphate biosynthetic process, nucleotide biosynthetic process, ribonucleoside triphosphate biosynthetic process	discordant	-0.3506817783774782	True	True	True	0.0005349642016498918	False	SLC19A1
putamen_basal_ganglia	ENSG00000173894	M001	False	module_genes	1357.0	442.0	1.0912117986546874	0.047881382694560784	0.0006194345015300029	1.534058117962331	1.283783885217848	1.8331234223950292	fit	1362	2	0.621535394693187	cellular component organization, cellular component organization or biogenesis	coupled	-0.2553798380019692	True	True	True	0.11466035574580133	False	CBX2
putamen_basal_ganglia	ENSG00000173905	M001	False	module_genes	1357.0	442.0	1.0912117986546874	0.047881382694560784	0.0006194345015300029	1.534058117962331	1.283783885217848	1.8331234223950292	fit	1362	2	0.621535394693187	cellular component organization, cellular component organization or biogenesis	coupled	-0.7602598943163666	True	True	True	0.11466035574580133	False	GOLIM4
caudate_sczd	ENSG00000173950	M006	True	switch_genes	343.0	157.0	1.228849841094739	0.010660698329540308	0.17582615298288773	1.3819545740935557	1.0562243359485246	1.8081371351314661	fit	343	0	0.017871150734486828		switch_only	0.35868577899593895	True	True	True	6.938353180885315e-08	True	XXYLT1
frontal_cortex_ba9	ENSG00000174132	M002	False	switch_genes	944.0	397.0	1.1557051891629841	0.00318554872261526	0.7587216383378627	1.0717296069978584	0.9080390999593985	1.2649282950119018	fit	1034	21	0.029361098554400673	supramolecular fiber organization, cell migration, actin cytoskeleton organization	discordant	-0.5913081058594393	True	True	True	1.249258128763103e-06	True	FAM174A
putamen_basal_ganglia	ENSG00000174231	M001	False	module_genes	1357.0	442.0	1.0912117986546874	0.047881382694560784	0.0006194345015300029	1.534058117962331	1.283783885217848	1.8331234223950292	fit	1362	2	0.621535394693187	cellular component organization, cellular component organization or biogenesis	coupled	-0.8604855650568306	True	True	True	0.11466035574580133	False	PRPF8
caudate_sczd	ENSG00000174243	M006	True	switch_genes	343.0	157.0	1.228849841094739	0.010660698329540308	0.17582615298288773	1.3819545740935557	1.0562243359485246	1.8081371351314661	fit	343	0	0.017871150734486828		switch_only	0.6547757612475957	True	True	True	6.938353180885315e-08	True	DDX23
substantia_nigra	ENSG00000174483	M004	False	module_genes	576.0	258.0	1.1721316905140433	0.011655702361279236	0.7781860799282974	0.918706378101362	0.7405900574511649	1.1396607349400962	fit	576	0	0.7698260082862307		discordant	-0.35428508058012154	True	True	True	0.00024708778460080794	False	BBS1
putamen_basal_ganglia	ENSG00000174514	M001	False	module_genes	1357.0	442.0	1.0912117986546874	0.047881382694560784	0.0006194345015300029	1.534058117962331	1.283783885217848	1.8331234223950292	fit	1362	2	0.621535394693187	cellular component organization, cellular component organization or biogenesis	discordant	-0.3794946085920859	True	True	True	0.11466035574580133	False	MFSD4A
putamen_basal_ganglia	ENSG00000174718	M001	False	module_genes	1357.0	442.0	1.0912117986546874	0.047881382694560784	0.0006194345015300029	1.534058117962331	1.283783885217848	1.8331234223950292	fit	1362	2	0.621535394693187	cellular component organization, cellular component organization or biogenesis	coupled	-0.7896174762693943	True	True	True	0.11466035574580133	False	RESF1
putamen_basal_ganglia	ENSG00000174851	M001	False	module_genes	1357.0	442.0	1.0912117986546874	0.047881382694560784	0.0006194345015300029	1.534058117962331	1.283783885217848	1.8331234223950292	fit	1362	2	0.621535394693187	cellular component organization, cellular component organization or biogenesis	abundance_only	-0.1650599660455817	False	True	True	0.11466035574580133	False	YIF1A
cerebellar_hemisphere	ENSG00000174886	M003	False	module_genes	933.0	425.0	1.2081705355746633	8.4745538920076e-06	0.9824318896667084	0.9930373477864146	0.841316031824618	1.1721197942228745	fit	949	6	0.4914345904277392	nucleoside triphosphate biosynthetic process, nucleotide biosynthetic process, ribonucleoside triphosphate biosynthetic process	discordant	-0.2176992828532297	True	True	True	0.0005349642016498918	False	NDUFA11
substantia_nigra	ENSG00000174886	M004	False	module_genes	576.0	258.0	1.1721316905140433	0.011655702361279236	0.7781860799282974	0.918706378101362	0.7405900574511649	1.1396607349400962	fit	576	0	0.7698260082862307		coupled	-0.6489477885130994	True	True	True	0.00024708778460080794	False	NDUFA11
caudate_sczd	ENSG00000174915	M006	True	switch_genes	343.0	157.0	1.228849841094739	0.010660698329540308	0.17582615298288773	1.3819545740935557	1.0562243359485246	1.8081371351314661	fit	343	0	0.017871150734486828		discordant	0.4942244820762866	True	True	True	6.938353180885315e-08	True	PTDSS2
cerebellar_hemisphere	ENSG00000174939	M003	False	module_genes	933.0	425.0	1.2081705355746633	8.4745538920076e-06	0.9824318896667084	0.9930373477864146	0.841316031824618	1.1721197942228745	fit	949	6	0.4914345904277392	nucleoside triphosphate biosynthetic process, nucleotide biosynthetic process, ribonucleoside triphosphate biosynthetic process	discordant	-0.6056801709577657	True	True	True	0.0005349642016498918	False	ASPHD1
frontal_cortex_ba9	ENSG00000174996	M002	False	switch_genes	944.0	397.0	1.1557051891629841	0.00318554872261526	0.7587216383378627	1.0717296069978584	0.9080390999593985	1.2649282950119018	fit	1034	21	0.029361098554400673	supramolecular fiber organization, cell migration, actin cytoskeleton organization	discordant	-0.742693255951323	True	True	True	1.249258128763103e-06	True	KLC2
putamen_basal_ganglia	ENSG00000175166	M001	False	module_genes	1357.0	442.0	1.0912117986546874	0.047881382694560784	0.0006194345015300029	1.534058117962331	1.283783885217848	1.8331234223950292	fit	1362	2	0.621535394693187	cellular component organization, cellular component organization or biogenesis	coupled	-0.7871670571624223	True	True	True	0.11466035574580133	False	PSMD2
frontal_cortex_ba9	ENSG00000175182	M002	False	switch_genes	944.0	397.0	1.1557051891629841	0.00318554872261526	0.7587216383378627	1.0717296069978584	0.9080390999593985	1.2649282950119018	fit	1034	21	0.029361098554400673	supramolecular fiber organization, cell migration, actin cytoskeleton organization	discordant	-0.6503633781122414	True	True	True	1.249258128763103e-06	True	FAM131A
putamen_basal_ganglia	ENSG00000175203	M001	False	module_genes	1357.0	442.0	1.0912117986546874	0.047881382694560784	0.0006194345015300029	1.534058117962331	1.283783885217848	1.8331234223950292	fit	1362	2	0.621535394693187	cellular component organization, cellular component organization or biogenesis	discordant	-0.22781992137567958	True	True	True	0.11466035574580133	False	DCTN2
frontal_cortex_ba9	ENSG00000175215	M002	False	switch_genes	944.0	397.0	1.1557051891629841	0.00318554872261526	0.7587216383378627	1.0717296069978584	0.9080390999593985	1.2649282950119018	fit	1034	21	0.029361098554400673	supramolecular fiber organization, cell migration, actin cytoskeleton organization	abundance_only		False	True	True	1.249258128763103e-06	True	CTDSP2
hypothalamus	ENSG00000175267	M014	False	switch_genes	87.0	41.0	1.727969348659004	0.002694740306695324	0.0755268998708689	2.112315999719547	1.2640840959982327	3.5297326315522497	fit	99	31	0.04475469901505802	cilium movement, cilium-dependent cell motility, cilium or flagellum-dependent cell motility	abundance_only		False	True	True	1.0	True	VWA3A
frontal_cortex_ba9	ENSG00000175318	M002	False	switch_genes	944.0	397.0	1.1557051891629841	0.00318554872261526	0.7587216383378627	1.0717296069978584	0.9080390999593985	1.2649282950119018	fit	1034	21	0.029361098554400673	supramolecular fiber organization, cell migration, actin cytoskeleton organization	switch_only	-0.39081803249998004	True	True	True	1.249258128763103e-06	True	GRAMD2A
hypothalamus	ENSG00000175318	M014	False	switch_genes	87.0	41.0	1.727969348659004	0.002694740306695324	0.0755268998708689	2.112315999719547	1.2640840959982327	3.5297326315522497	fit	99	31	0.04475469901505802	cilium movement, cilium-dependent cell motility, cilium or flagellum-dependent cell motility	coupled	-0.33329642372584234	True	True	True	1.0	True	GRAMD2A
putamen_basal_ganglia	ENSG00000175318	M001	False	module_genes	1357.0	442.0	1.0912117986546874	0.047881382694560784	0.0006194345015300029	1.534058117962331	1.283783885217848	1.8331234223950292	fit	1362	2	0.621535394693187	cellular component organization, cellular component organization or biogenesis	abundance_only	-0.190773136217709	False	True	True	0.11466035574580133	False	GRAMD2A
frontal_cortex_ba9	ENSG00000175322	M002	False	switch_genes	944.0	397.0	1.1557051891629841	0.00318554872261526	0.7587216383378627	1.0717296069978584	0.9080390999593985	1.2649282950119018	fit	1034	21	0.029361098554400673	supramolecular fiber organization, cell migration, actin cytoskeleton organization	discordant	-0.2078065754576396	True	True	True	1.249258128763103e-06	True	ZNF519
putamen_basal_ganglia	ENSG00000175467	M001	False	module_genes	1357.0	442.0	1.0912117986546874	0.047881382694560784	0.0006194345015300029	1.534058117962331	1.283783885217848	1.8331234223950292	fit	1362	2	0.621535394693187	cellular component organization, cellular component organization or biogenesis	coupled	-0.5101138049021132	True	True	True	0.11466035574580133	False	SART1
frontal_cortex_ba9	ENSG00000175634	M002	False	switch_genes	944.0	397.0	1.1557051891629841	0.00318554872261526	0.7587216383378627	1.0717296069978584	0.9080390999593985	1.2649282950119018	fit	1034	21	0.029361098554400673	supramolecular fiber organization, cell migration, actin cytoskeleton organization	switch_only	-0.6571738993231747	True	True	True	1.249258128763103e-06	True	RPS6KB2
putamen_basal_ganglia	ENSG00000175662	M001	False	module_genes	1357.0	442.0	1.0912117986546874	0.047881382694560784	0.0006194345015300029	1.534058117962331	1.283783885217848	1.8331234223950292	fit	1362	2	0.621535394693187	cellular component organization, cellular component organization or biogenesis	coupled	-0.8597831566143515	True	True	True	0.11466035574580133	False	TOM1L2
caudate_sczd	ENSG00000175727	M006	True	switch_genes	343.0	157.0	1.228849841094739	0.010660698329540308	0.17582615298288773	1.3819545740935557	1.0562243359485246	1.8081371351314661	fit	343	0	0.017871150734486828		discordant	0.5565273471478083	True	True	True	6.938353180885315e-08	True	MLXIP
frontal_cortex_ba9	ENSG00000175766	M002	False	switch_genes	944.0	397.0	1.1557051891629841	0.00318554872261526	0.7587216383378627	1.0717296069978584	0.9080390999593985	1.2649282950119018	fit	1034	21	0.029361098554400673	supramolecular fiber organization, cell migration, actin cytoskeleton organization	discordant	-0.4596651392160005	True	True	True	1.249258128763103e-06	True	EIF4E1B
substantia_nigra	ENSG00000175866	M004	False	module_genes	576.0	258.0	1.1721316905140433	0.011655702361279236	0.7781860799282974	0.918706378101362	0.7405900574511649	1.1396607349400962	fit	576	0	0.7698260082862307		discordant	-0.2217842500273229	True	True	True	0.00024708778460080794	False	BAIAP2
frontal_cortex_ba9	ENSG00000176014	M002	False	switch_genes	944.0	397.0	1.1557051891629841	0.00318554872261526	0.7587216383378627	1.0717296069978584	0.9080390999593985	1.2649282950119018	fit	1034	21	0.029361098554400673	supramolecular fiber organization, cell migration, actin cytoskeleton organization	abundance_only	-0.18299018425023042	False	True	True	1.249258128763103e-06	True	TUBB6
caudate_sczd	ENSG00000176058	M006	True	switch_genes	343.0	157.0	1.228849841094739	0.010660698329540308	0.17582615298288773	1.3819545740935557	1.0562243359485246	1.8081371351314661	fit	343	0	0.017871150734486828		discordant	0.4520281585263289	True	True	True	6.938353180885315e-08	True	TPRN
cerebellar_hemisphere	ENSG00000176058	M003	False	module_genes	933.0	425.0	1.2081705355746633	8.4745538920076e-06	0.9824318896667084	0.9930373477864146	0.841316031824618	1.1721197942228745	fit	949	6	0.4914345904277392	nucleoside triphosphate biosynthetic process, nucleotide biosynthetic process, ribonucleoside triphosphate biosynthetic process	discordant	-0.5034107781950886	True	True	True	0.0005349642016498918	False	TPRN
substantia_nigra	ENSG00000176058	M004	False	module_genes	576.0	258.0	1.1721316905140433	0.011655702361279236	0.7781860799282974	0.918706378101362	0.7405900574511649	1.1396607349400962	fit	576	0	0.7698260082862307		discordant	-0.49823254611903944	True	True	True	0.00024708778460080794	False	TPRN
cerebellar_hemisphere	ENSG00000176171	M003	False	module_genes	933.0	425.0	1.2081705355746633	8.4745538920076e-06	0.9824318896667084	0.9930373477864146	0.841316031824618	1.1721197942228745	fit	949	6	0.4914345904277392	nucleoside triphosphate biosynthetic process, nucleotide biosynthetic process, ribonucleoside triphosphate biosynthetic process	discordant	-0.7694613842511973	True	True	True	0.0005349642016498918	False	BNIP3
frontal_cortex_ba9	ENSG00000176261	M002	False	switch_genes	944.0	397.0	1.1557051891629841	0.00318554872261526	0.7587216383378627	1.0717296069978584	0.9080390999593985	1.2649282950119018	fit	1034	21	0.029361098554400673	supramolecular fiber organization, cell migration, actin cytoskeleton organization	discordant	-0.37691361027295367	True	True	True	1.249258128763103e-06	True	ZBTB8OS
cerebellar_hemisphere	ENSG00000176381	M003	False	module_genes	933.0	425.0	1.2081705355746633	8.4745538920076e-06	0.9824318896667084	0.9930373477864146	0.841316031824618	1.1721197942228745	fit	949	6	0.4914345904277392	nucleoside triphosphate biosynthetic process, nucleotide biosynthetic process, ribonucleoside triphosphate biosynthetic process	inactive		False	True	True	0.0005349642016498918	False	PRR18
frontal_cortex_ba9	ENSG00000176381	M002	False	switch_genes	944.0	397.0	1.1557051891629841	0.00318554872261526	0.7587216383378627	1.0717296069978584	0.9080390999593985	1.2649282950119018	fit	1034	21	0.029361098554400673	supramolecular fiber organization, cell migration, actin cytoskeleton organization	abundance_only		False	True	True	1.249258128763103e-06	True	PRR18
putamen_basal_ganglia	ENSG00000176393	M001	False	module_genes	1357.0	442.0	1.0912117986546874	0.047881382694560784	0.0006194345015300029	1.534058117962331	1.283783885217848	1.8331234223950292	fit	1362	2	0.621535394693187	cellular component organization, cellular component organization or biogenesis	coupled	-0.524852636365266	True	True	True	0.11466035574580133	False	RNPEP
cerebellar_hemisphere	ENSG00000176454	M003	False	module_genes	933.0	425.0	1.2081705355746633	8.4745538920076e-06	0.9824318896667084	0.9930373477864146	0.841316031824618	1.1721197942228745	fit	949	6	0.4914345904277392	nucleoside triphosphate biosynthetic process, nucleotide biosynthetic process, ribonucleoside triphosphate biosynthetic process	discordant	-0.26379140834581416	True	True	True	0.0005349642016498918	False	LPCAT4
substantia_nigra	ENSG00000176454	M004	False	module_genes	576.0	258.0	1.1721316905140433	0.011655702361279236	0.7781860799282974	0.918706378101362	0.7405900574511649	1.1396607349400962	fit	576	0	0.7698260082862307		discordant	-0.27223522004341844	True	True	True	0.00024708778460080794	False	LPCAT4
putamen_basal_ganglia	ENSG00000176485	M001	False	module_genes	1357.0	442.0	1.0912117986546874	0.047881382694560784	0.0006194345015300029	1.534058117962331	1.283783885217848	1.8331234223950292	fit	1362	2	0.621535394693187	cellular component organization, cellular component organization or biogenesis	discordant	-0.3300021313021648	True	True	True	0.11466035574580133	False	PLAAT3
frontal_cortex_ba9	ENSG00000176623	M002	False	switch_genes	944.0	397.0	1.1557051891629841	0.00318554872261526	0.7587216383378627	1.0717296069978584	0.9080390999593985	1.2649282950119018	fit	1034	21	0.029361098554400673	supramolecular fiber organization, cell migration, actin cytoskeleton organization	abundance_only		False	True	True	1.249258128763103e-06	True	RMDN1
frontal_cortex_ba9	ENSG00000176658	M002	False	switch_genes	944.0	397.0	1.1557051891629841	0.00318554872261526	0.7587216383378627	1.0717296069978584	0.9080390999593985	1.2649282950119018	fit	1034	21	0.029361098554400673	supramolecular fiber organization, cell migration, actin cytoskeleton organization	abundance_only		False	True	True	1.249258128763103e-06	True	MYO1D
cerebellar_hemisphere	ENSG00000176715	M003	False	module_genes	933.0	425.0	1.2081705355746633	8.4745538920076e-06	0.9824318896667084	0.9930373477864146	0.841316031824618	1.1721197942228745	fit	949	6	0.4914345904277392	nucleoside triphosphate biosynthetic process, nucleotide biosynthetic process, ribonucleoside triphosphate biosynthetic process	discordant	-0.3193853656379288	True	True	True	0.0005349642016498918	False	ACSF3
frontal_cortex_ba9	ENSG00000176720	M002	False	switch_genes	944.0	397.0	1.1557051891629841	0.00318554872261526	0.7587216383378627	1.0717296069978584	0.9080390999593985	1.2649282950119018	fit	1034	21	0.029361098554400673	supramolecular fiber organization, cell migration, actin cytoskeleton organization	abundance_only		False	True	True	1.249258128763103e-06	True	BOK
substantia_nigra	ENSG00000176945	M004	False	module_genes	576.0	258.0	1.1721316905140433	0.011655702361279236	0.7781860799282974	0.918706378101362	0.7405900574511649	1.1396607349400962	fit	576	0	0.7698260082862307		discordant	-0.268257652776466	True	True	True	0.00024708778460080794	False	MUC20
cerebellar_hemisphere	ENSG00000176986	M003	False	module_genes	933.0	425.0	1.2081705355746633	8.4745538920076e-06	0.9824318896667084	0.9930373477864146	0.841316031824618	1.1721197942228745	fit	949	6	0.4914345904277392	nucleoside triphosphate biosynthetic process, nucleotide biosynthetic process, ribonucleoside triphosphate biosynthetic process	abundance_only	-0.1278543943142346	False	True	True	0.0005349642016498918	False	SEC24C
putamen_basal_ganglia	ENSG00000177000	M001	False	module_genes	1357.0	442.0	1.0912117986546874	0.047881382694560784	0.0006194345015300029	1.534058117962331	1.283783885217848	1.8331234223950292	fit	1362	2	0.621535394693187	cellular component organization, cellular component organization or biogenesis	abundance_only	-0.1052328268205812	False	True	True	0.11466035574580133	False	MTHFR
cerebellar_hemisphere	ENSG00000177082	M003	False	module_genes	933.0	425.0	1.2081705355746633	8.4745538920076e-06	0.9824318896667084	0.9930373477864146	0.841316031824618	1.1721197942228745	fit	949	6	0.4914345904277392	nucleoside triphosphate biosynthetic process, nucleotide biosynthetic process, ribonucleoside triphosphate biosynthetic process	discordant	-0.23554972316703313	True	True	True	0.0005349642016498918	False	WDR73
substantia_nigra	ENSG00000177082	M004	False	module_genes	576.0	258.0	1.1721316905140433	0.011655702361279236	0.7781860799282974	0.918706378101362	0.7405900574511649	1.1396607349400962	fit	576	0	0.7698260082862307		discordant	-0.5651683124816804	True	True	True	0.00024708778460080794	False	WDR73
frontal_cortex_ba9	ENSG00000177105	M002	False	switch_genes	944.0	397.0	1.1557051891629841	0.00318554872261526	0.7587216383378627	1.0717296069978584	0.9080390999593985	1.2649282950119018	fit	1034	21	0.029361098554400673	supramolecular fiber organization, cell migration, actin cytoskeleton organization	abundance_only		False	True	True	1.249258128763103e-06	True	RHOG
cerebellar_hemisphere	ENSG00000177106	M003	False	module_genes	933.0	425.0	1.2081705355746633	8.4745538920076e-06	0.9824318896667084	0.9930373477864146	0.841316031824618	1.1721197942228745	fit	949	6	0.4914345904277392	nucleoside triphosphate biosynthetic process, nucleotide biosynthetic process, ribonucleoside triphosphate biosynthetic process	discordant	-0.2820321434356735	True	True	True	0.0005349642016498918	False	EPS8L2
substantia_nigra	ENSG00000177106	M004	False	module_genes	576.0	258.0	1.1721316905140433	0.011655702361279236	0.7781860799282974	0.918706378101362	0.7405900574511649	1.1396607349400962	fit	576	0	0.7698260082862307		discordant	-0.5243521038626612	True	True	True	0.00024708778460080794	False	EPS8L2
frontal_cortex_ba9	ENSG00000177133	M002	False	switch_genes	944.0	397.0	1.1557051891629841	0.00318554872261526	0.7587216383378627	1.0717296069978584	0.9080390999593985	1.2649282950119018	fit	1034	21	0.029361098554400673	supramolecular fiber organization, cell migration, actin cytoskeleton organization	abundance_only	-0.18494137774191985	False	True	True	1.249258128763103e-06	True	PRDM16-DT
putamen_basal_ganglia	ENSG00000177225	M001	False	module_genes	1357.0	442.0	1.0912117986546874	0.047881382694560784	0.0006194345015300029	1.534058117962331	1.283783885217848	1.8331234223950292	fit	1362	2	0.621535394693187	cellular component organization, cellular component organization or biogenesis	coupled	-0.6985852583429696	True	True	True	0.11466035574580133	False	GATD1
frontal_cortex_ba9	ENSG00000177303	M002	False	switch_genes	944.0	397.0	1.1557051891629841	0.00318554872261526	0.7587216383378627	1.0717296069978584	0.9080390999593985	1.2649282950119018	fit	1034	21	0.029361098554400673	supramolecular fiber organization, cell migration, actin cytoskeleton organization	abundance_only		False	True	True	1.249258128763103e-06	True	CASKIN2
caudate_sczd	ENSG00000177479	M006	True	switch_genes	343.0	157.0	1.228849841094739	0.010660698329540308	0.17582615298288773	1.3819545740935557	1.0562243359485246	1.8081371351314661	fit	343	0	0.017871150734486828		discordant	0.6916512825766067	True	True	True	6.938353180885315e-08	True	ARIH2
cerebellar_hemisphere	ENSG00000177556	M003	False	module_genes	933.0	425.0	1.2081705355746633	8.4745538920076e-06	0.9824318896667084	0.9930373477864146	0.841316031824618	1.1721197942228745	fit	949	6	0.4914345904277392	nucleoside triphosphate biosynthetic process, nucleotide biosynthetic process, ribonucleoside triphosphate biosynthetic process	coupled	-0.46004924920274043	True	True	True	0.0005349642016498918	False	ATOX1
caudate_sczd	ENSG00000177666	M006	True	switch_genes	343.0	157.0	1.228849841094739	0.010660698329540308	0.17582615298288773	1.3819545740935557	1.0562243359485246	1.8081371351314661	fit	343	0	0.017871150734486828		discordant	0.6182376510215114	True	True	True	6.938353180885315e-08	True	PNPLA2
putamen_basal_ganglia	ENSG00000177706	M001	False	module_genes	1357.0	442.0	1.0912117986546874	0.047881382694560784	0.0006194345015300029	1.534058117962331	1.283783885217848	1.8331234223950292	fit	1362	2	0.621535394693187	cellular component organization, cellular component organization or biogenesis	coupled	-0.6881100360496785	True	True	True	0.11466035574580133	False	FAM20C
putamen_basal_ganglia	ENSG00000177842	M001	False	module_genes	1357.0	442.0	1.0912117986546874	0.047881382694560784	0.0006194345015300029	1.534058117962331	1.283783885217848	1.8331234223950292	fit	1362	2	0.621535394693187	cellular component organization, cellular component organization or biogenesis	discordant	-0.3159164314228592	True	True	True	0.11466035574580133	False	ZNF620
cerebellar_hemisphere	ENSG00000177943	M003	False	module_genes	933.0	425.0	1.2081705355746633	8.4745538920076e-06	0.9824318896667084	0.9930373477864146	0.841316031824618	1.1721197942228745	fit	949	6	0.4914345904277392	nucleoside triphosphate biosynthetic process, nucleotide biosynthetic process, ribonucleoside triphosphate biosynthetic process	discordant	-0.5855195943474367	True	True	True	0.0005349642016498918	False	MAMDC4
substantia_nigra	ENSG00000177943	M004	False	module_genes	576.0	258.0	1.1721316905140433	0.011655702361279236	0.7781860799282974	0.918706378101362	0.7405900574511649	1.1396607349400962	fit	576	0	0.7698260082862307		discordant	-0.29701383567364203	True	True	True	0.00024708778460080794	False	MAMDC4
cerebellar_hemisphere	ENSG00000177963	M003	False	module_genes	933.0	425.0	1.2081705355746633	8.4745538920076e-06	0.9824318896667084	0.9930373477864146	0.841316031824618	1.1721197942228745	fit	949	6	0.4914345904277392	nucleoside triphosphate biosynthetic process, nucleotide biosynthetic process, ribonucleoside triphosphate biosynthetic process	discordant	-0.406579351783184	True	True	True	0.0005349642016498918	False	RIC8A
cerebellar_hemisphere	ENSG00000178605	M003	False	module_genes	933.0	425.0	1.2081705355746633	8.4745538920076e-06	0.9824318896667084	0.9930373477864146	0.841316031824618	1.1721197942228745	fit	949	6	0.4914345904277392	nucleoside triphosphate biosynthetic process, nucleotide biosynthetic process, ribonucleoside triphosphate biosynthetic process	discordant	-0.27423868614195607	True	True	True	0.0005349642016498918	False	GTPBP6
frontal_cortex_ba9	ENSG00000178605	M002	False	switch_genes	944.0	397.0	1.1557051891629841	0.00318554872261526	0.7587216383378627	1.0717296069978584	0.9080390999593985	1.2649282950119018	fit	1034	21	0.029361098554400673	supramolecular fiber organization, cell migration, actin cytoskeleton organization	abundance_only	0.16852645188015813	False	True	True	1.249258128763103e-06	True	GTPBP6
putamen_basal_ganglia	ENSG00000178685	M001	False	module_genes	1357.0	442.0	1.0912117986546874	0.047881382694560784	0.0006194345015300029	1.534058117962331	1.283783885217848	1.8331234223950292	fit	1362	2	0.621535394693187	cellular component organization, cellular component organization or biogenesis	discordant	-0.5414383120693652	True	True	True	0.11466035574580133	False	PARP10
putamen_basal_ganglia	ENSG00000178761	M001	False	module_genes	1357.0	442.0	1.0912117986546874	0.047881382694560784	0.0006194345015300029	1.534058117962331	1.283783885217848	1.8331234223950292	fit	1362	2	0.621535394693187	cellular component organization, cellular component organization or biogenesis	coupled	-0.45243746336463814	True	True	True	0.11466035574580133	False	FAM219B
frontal_cortex_ba9	ENSG00000178764	M002	False	switch_genes	944.0	397.0	1.1557051891629841	0.00318554872261526	0.7587216383378627	1.0717296069978584	0.9080390999593985	1.2649282950119018	fit	1034	21	0.029361098554400673	supramolecular fiber organization, cell migration, actin cytoskeleton organization	abundance_only		False	True	True	1.249258128763103e-06	True	ZHX2
caudate_sczd	ENSG00000178802	M006	True	switch_genes	343.0	157.0	1.228849841094739	0.010660698329540308	0.17582615298288773	1.3819545740935557	1.0562243359485246	1.8081371351314661	fit	343	0	0.017871150734486828		switch_only	0.6680538661413076	True	True	True	6.938353180885315e-08	True	MPI
cerebellar_hemisphere	ENSG00000178802	M003	False	module_genes	933.0	425.0	1.2081705355746633	8.4745538920076e-06	0.9824318896667084	0.9930373477864146	0.841316031824618	1.1721197942228745	fit	949	6	0.4914345904277392	nucleoside triphosphate biosynthetic process, nucleotide biosynthetic process, ribonucleoside triphosphate biosynthetic process	abundance_only	-0.19839785086935252	False	True	True	0.0005349642016498918	False	MPI
cerebellar_hemisphere	ENSG00000178809	M003	False	module_genes	933.0	425.0	1.2081705355746633	8.4745538920076e-06	0.9824318896667084	0.9930373477864146	0.841316031824618	1.1721197942228745	fit	949	6	0.4914345904277392	nucleoside triphosphate biosynthetic process, nucleotide biosynthetic process, ribonucleoside triphosphate biosynthetic process	discordant	-0.7107245111218368	True	True	True	0.0005349642016498918	False	TRIM73
cerebellar_hemisphere	ENSG00000178814	M003	False	module_genes	933.0	425.0	1.2081705355746633	8.4745538920076e-06	0.9824318896667084	0.9930373477864146	0.841316031824618	1.1721197942228745	fit	949	6	0.4914345904277392	nucleoside triphosphate biosynthetic process, nucleotide biosynthetic process, ribonucleoside triphosphate biosynthetic process	abundance_only		False	True	True	0.0005349642016498918	False	OPLAH
cerebellar_hemisphere	ENSG00000178896	M003	False	module_genes	933.0	425.0	1.2081705355746633	8.4745538920076e-06	0.9824318896667084	0.9930373477864146	0.841316031824618	1.1721197942228745	fit	949	6	0.4914345904277392	nucleoside triphosphate biosynthetic process, nucleotide biosynthetic process, ribonucleoside triphosphate biosynthetic process	coupled	-0.49751894828695736	True	True	True	0.0005349642016498918	False	EXOSC4
putamen_basal_ganglia	ENSG00000178921	M001	False	module_genes	1357.0	442.0	1.0912117986546874	0.047881382694560784	0.0006194345015300029	1.534058117962331	1.283783885217848	1.8331234223950292	fit	1362	2	0.621535394693187	cellular component organization, cellular component organization or biogenesis	coupled	-0.7205326265103291	True	True	True	0.11466035574580133	False	PFAS
putamen_basal_ganglia	ENSG00000178952	M001	False	module_genes	1357.0	442.0	1.0912117986546874	0.047881382694560784	0.0006194345015300029	1.534058117962331	1.283783885217848	1.8331234223950292	fit	1362	2	0.621535394693187	cellular component organization, cellular component organization or biogenesis	discordant	-0.5555251613267151	True	True	True	0.11466035574580133	False	TUFM
frontal_cortex_ba9	ENSG00000178996	M002	False	switch_genes	944.0	397.0	1.1557051891629841	0.00318554872261526	0.7587216383378627	1.0717296069978584	0.9080390999593985	1.2649282950119018	fit	1034	21	0.029361098554400673	supramolecular fiber organization, cell migration, actin cytoskeleton organization	abundance_only		False	True	True	1.249258128763103e-06	True	SNX18
frontal_cortex_ba9	ENSG00000179241	M002	False	switch_genes	944.0	397.0	1.1557051891629841	0.00318554872261526	0.7587216383378627	1.0717296069978584	0.9080390999593985	1.2649282950119018	fit	1034	21	0.029361098554400673	supramolecular fiber organization, cell migration, actin cytoskeleton organization	abundance_only		False	True	True	1.249258128763103e-06	True	LDLRAD3
cerebellar_hemisphere	ENSG00000179314	M003	False	module_genes	933.0	425.0	1.2081705355746633	8.4745538920076e-06	0.9824318896667084	0.9930373477864146	0.841316031824618	1.1721197942228745	fit	949	6	0.4914345904277392	nucleoside triphosphate biosynthetic process, nucleotide biosynthetic process, ribonucleoside triphosphate biosynthetic process	discordant	-0.4722487649600605	True	True	True	0.0005349642016498918	False	WSCD1
caudate_sczd	ENSG00000179409	M006	True	switch_genes	343.0	157.0	1.228849841094739	0.010660698329540308	0.17582615298288773	1.3819545740935557	1.0562243359485246	1.8081371351314661	fit	343	0	0.017871150734486828		discordant	0.5716140354196332	True	True	True	6.938353180885315e-08	True	GEMIN4
putamen_basal_ganglia	ENSG00000179604	M001	False	module_genes	1357.0	442.0	1.0912117986546874	0.047881382694560784	0.0006194345015300029	1.534058117962331	1.283783885217848	1.8331234223950292	fit	1362	2	0.621535394693187	cellular component organization, cellular component organization or biogenesis	switch_only	-0.6312684283131339	True	True	True	0.11466035574580133	False	CDC42EP4
frontal_cortex_ba9	ENSG00000179627	M002	False	switch_genes	944.0	397.0	1.1557051891629841	0.00318554872261526	0.7587216383378627	1.0717296069978584	0.9080390999593985	1.2649282950119018	fit	1034	21	0.029361098554400673	supramolecular fiber organization, cell migration, actin cytoskeleton organization	abundance_only		False	True	True	1.249258128763103e-06	True	ZBTB42
frontal_cortex_ba9	ENSG00000179698	M002	False	switch_genes	944.0	397.0	1.1557051891629841	0.00318554872261526	0.7587216383378627	1.0717296069978584	0.9080390999593985	1.2649282950119018	fit	1034	21	0.029361098554400673	supramolecular fiber organization, cell migration, actin cytoskeleton organization	discordant	-0.30662475495342456	True	True	True	1.249258128763103e-06	True	WDR97
putamen_basal_ganglia	ENSG00000179832	M001	False	module_genes	1357.0	442.0	1.0912117986546874	0.047881382694560784	0.0006194345015300029	1.534058117962331	1.283783885217848	1.8331234223950292	fit	1362	2	0.621535394693187	cellular component organization, cellular component organization or biogenesis	coupled	-0.45165445524521497	True	True	True	0.11466035574580133	False	MROH1
frontal_cortex_ba9	ENSG00000179912	M002	False	switch_genes	944.0	397.0	1.1557051891629841	0.00318554872261526	0.7587216383378627	1.0717296069978584	0.9080390999593985	1.2649282950119018	fit	1034	21	0.029361098554400673	supramolecular fiber organization, cell migration, actin cytoskeleton organization	discordant	-0.41227465949392494	True	True	True	1.249258128763103e-06	True	R3HDM2
cerebellar_hemisphere	ENSG00000179950	M003	False	module_genes	933.0	425.0	1.2081705355746633	8.4745538920076e-06	0.9824318896667084	0.9930373477864146	0.841316031824618	1.1721197942228745	fit	949	6	0.4914345904277392	nucleoside triphosphate biosynthetic process, nucleotide biosynthetic process, ribonucleoside triphosphate biosynthetic process	discordant	-0.5280450122785165	True	True	True	0.0005349642016498918	False	PUF60
frontal_cortex_ba9	ENSG00000180104	M002	False	switch_genes	944.0	397.0	1.1557051891629841	0.00318554872261526	0.7587216383378627	1.0717296069978584	0.9080390999593985	1.2649282950119018	fit	1034	21	0.029361098554400673	supramolecular fiber organization, cell migration, actin cytoskeleton organization	discordant	-0.26248247043982514	True	True	True	1.249258128763103e-06	True	EXOC3
substantia_nigra	ENSG00000180155	M004	False	module_genes	576.0	258.0	1.1721316905140433	0.011655702361279236	0.7781860799282974	0.918706378101362	0.7405900574511649	1.1396607349400962	fit	576	0	0.7698260082862307		abundance_only	0.017082888502863484	False	True	True	0.00024708778460080794	False	LYNX1
frontal_cortex_ba9	ENSG00000180263	M002	False	switch_genes	944.0	397.0	1.1557051891629841	0.00318554872261526	0.7587216383378627	1.0717296069978584	0.9080390999593985	1.2649282950119018	fit	1034	21	0.029361098554400673	supramolecular fiber organization, cell migration, actin cytoskeleton organization	abundance_only		False	True	True	1.249258128763103e-06	True	FGD6
cerebellar_hemisphere	ENSG00000180304	M003	False	module_genes	933.0	425.0	1.2081705355746633	8.4745538920076e-06	0.9824318896667084	0.9930373477864146	0.841316031824618	1.1721197942228745	fit	949	6	0.4914345904277392	nucleoside triphosphate biosynthetic process, nucleotide biosynthetic process, ribonucleoside triphosphate biosynthetic process	discordant	-0.5303086571751162	True	True	True	0.0005349642016498918	False	OAZ2
cerebellar_hemisphere	ENSG00000180353	M003	False	module_genes	933.0	425.0	1.2081705355746633	8.4745538920076e-06	0.9824318896667084	0.9930373477864146	0.841316031824618	1.1721197942228745	fit	949	6	0.4914345904277392	nucleoside triphosphate biosynthetic process, nucleotide biosynthetic process, ribonucleoside triphosphate biosynthetic process	switch_only	-0.20096904446858954	True	True	True	0.0005349642016498918	False	HCLS1
substantia_nigra	ENSG00000180353	M004	False	module_genes	576.0	258.0	1.1721316905140433	0.011655702361279236	0.7781860799282974	0.918706378101362	0.7405900574511649	1.1396607349400962	fit	576	0	0.7698260082862307		discordant	-0.45494753906244495	True	True	True	0.00024708778460080794	False	HCLS1
cerebellar_hemisphere	ENSG00000180539	M003	False	module_genes	933.0	425.0	1.2081705355746633	8.4745538920076e-06	0.9824318896667084	0.9930373477864146	0.841316031824618	1.1721197942228745	fit	949	6	0.4914345904277392	nucleoside triphosphate biosynthetic process, nucleotide biosynthetic process, ribonucleoside triphosphate biosynthetic process	discordant	-0.6416568968066955	True	True	True	0.0005349642016498918	False	LINC02908
substantia_nigra	ENSG00000180626	M004	False	module_genes	576.0	258.0	1.1721316905140433	0.011655702361279236	0.7781860799282974	0.918706378101362	0.7405900574511649	1.1396607349400962	fit	576	0	0.7698260082862307		discordant	-0.20237008448431565	True	True	True	0.00024708778460080794	False	ZNF594
substantia_nigra	ENSG00000180891	M004	False	module_genes	576.0	258.0	1.1721316905140433	0.011655702361279236	0.7781860799282974	0.918706378101362	0.7405900574511649	1.1396607349400962	fit	576	0	0.7698260082862307		discordant	-0.6741678979047709	True	True	True	0.00024708778460080794	False	CUEDC1
substantia_nigra	ENSG00000181026	M004	False	module_genes	576.0	258.0	1.1721316905140433	0.011655702361279236	0.7781860799282974	0.918706378101362	0.7405900574511649	1.1396607349400962	fit	576	0	0.7698260082862307		discordant	-0.4214200121485037	True	True	True	0.00024708778460080794	False	AEN
frontal_cortex_ba9	ENSG00000181192	M002	False	switch_genes	944.0	397.0	1.1557051891629841	0.00318554872261526	0.7587216383378627	1.0717296069978584	0.9080390999593985	1.2649282950119018	fit	1034	21	0.029361098554400673	supramolecular fiber organization, cell migration, actin cytoskeleton organization	abundance_only		False	True	True	1.249258128763103e-06	True	DHTKD1
putamen_basal_ganglia	ENSG00000181322	M001	False	module_genes	1357.0	442.0	1.0912117986546874	0.047881382694560784	0.0006194345015300029	1.534058117962331	1.283783885217848	1.8331234223950292	fit	1362	2	0.621535394693187	cellular component organization, cellular component organization or biogenesis	abundance_only	-0.15623219260481225	False	True	True	0.11466035574580133	False	NME9
cerebellar_hemisphere	ENSG00000181392	M003	False	module_genes	933.0	425.0	1.2081705355746633	8.4745538920076e-06	0.9824318896667084	0.9930373477864146	0.841316031824618	1.1721197942228745	fit	949	6	0.4914345904277392	nucleoside triphosphate biosynthetic process, nucleotide biosynthetic process, ribonucleoside triphosphate biosynthetic process	coupled	-0.24908502302660557	True	True	True	0.0005349642016498918	False	SYNE4
putamen_basal_ganglia	ENSG00000181396	M001	False	module_genes	1357.0	442.0	1.0912117986546874	0.047881382694560784	0.0006194345015300029	1.534058117962331	1.283783885217848	1.8331234223950292	fit	1362	2	0.621535394693187	cellular component organization, cellular component organization or biogenesis	abundance_only	-0.17843194673042273	False	True	True	0.11466035574580133	False	OGFOD3
frontal_cortex_ba9	ENSG00000181404	M002	False	switch_genes	944.0	397.0	1.1557051891629841	0.00318554872261526	0.7587216383378627	1.0717296069978584	0.9080390999593985	1.2649282950119018	fit	1034	21	0.029361098554400673	supramolecular fiber organization, cell migration, actin cytoskeleton organization	discordant	-0.37731735675670136	True	True	True	1.249258128763103e-06	True	WASHC1
putamen_basal_ganglia	ENSG00000181744	M001	False	module_genes	1357.0	442.0	1.0912117986546874	0.047881382694560784	0.0006194345015300029	1.534058117962331	1.283783885217848	1.8331234223950292	fit	1362	2	0.621535394693187	cellular component organization, cellular component organization or biogenesis	coupled	-0.7055773117687528	True	True	True	0.11466035574580133	False	DIPK2A
frontal_cortex_ba9	ENSG00000181826	M002	False	switch_genes	944.0	397.0	1.1557051891629841	0.00318554872261526	0.7587216383378627	1.0717296069978584	0.9080390999593985	1.2649282950119018	fit	1034	21	0.029361098554400673	supramolecular fiber organization, cell migration, actin cytoskeleton organization	abundance_only		False	True	True	1.249258128763103e-06	True	RELL1
putamen_basal_ganglia	ENSG00000181852	M001	False	module_genes	1357.0	442.0	1.0912117986546874	0.047881382694560784	0.0006194345015300029	1.534058117962331	1.283783885217848	1.8331234223950292	fit	1362	2	0.621535394693187	cellular component organization, cellular component organization or biogenesis	discordant	-0.297495154196204	True	True	True	0.11466035574580133	False	RNF41
cerebellar_hemisphere	ENSG00000181873	M003	False	module_genes	933.0	425.0	1.2081705355746633	8.4745538920076e-06	0.9824318896667084	0.9930373477864146	0.841316031824618	1.1721197942228745	fit	949	6	0.4914345904277392	nucleoside triphosphate biosynthetic process, nucleotide biosynthetic process, ribonucleoside triphosphate biosynthetic process	discordant	-0.36188991185324765	True	True	True	0.0005349642016498918	False	IBA57
putamen_basal_ganglia	ENSG00000181894	M001	False	module_genes	1357.0	442.0	1.0912117986546874	0.047881382694560784	0.0006194345015300029	1.534058117962331	1.283783885217848	1.8331234223950292	fit	1362	2	0.621535394693187	cellular component organization, cellular component organization or biogenesis	coupled	-0.48068782079604916	True	True	True	0.11466035574580133	False	ZNF329
putamen_basal_ganglia	ENSG00000182054	M001	False	module_genes	1357.0	442.0	1.0912117986546874	0.047881382694560784	0.0006194345015300029	1.534058117962331	1.283783885217848	1.8331234223950292	fit	1362	2	0.621535394693187	cellular component organization, cellular component organization or biogenesis	coupled	-0.4230019460449783	True	True	True	0.11466035574580133	False	IDH2
substantia_nigra	ENSG00000182108	M004	False	module_genes	576.0	258.0	1.1721316905140433	0.011655702361279236	0.7781860799282974	0.918706378101362	0.7405900574511649	1.1396607349400962	fit	576	0	0.7698260082862307		coupled	-0.3410073276223027	True	True	True	0.00024708778460080794	False	DEXI
caudate_sczd	ENSG00000182134	M006	True	switch_genes	343.0	157.0	1.228849841094739	0.010660698329540308	0.17582615298288773	1.3819545740935557	1.0562243359485246	1.8081371351314661	fit	343	0	0.017871150734486828		discordant	0.36136290307609914	True	True	True	6.938353180885315e-08	True	TDRKH
frontal_cortex_ba9	ENSG00000182158	M002	False	switch_genes	944.0	397.0	1.1557051891629841	0.00318554872261526	0.7587216383378627	1.0717296069978584	0.9080390999593985	1.2649282950119018	fit	1034	21	0.029361098554400673	supramolecular fiber organization, cell migration, actin cytoskeleton organization	abundance_only		False	True	True	1.249258128763103e-06	True	CREB3L2
putamen_basal_ganglia	ENSG00000182197	M001	False	module_genes	1357.0	442.0	1.0912117986546874	0.047881382694560784	0.0006194345015300029	1.534058117962331	1.283783885217848	1.8331234223950292	fit	1362	2	0.621535394693187	cellular component organization, cellular component organization or biogenesis	discordant	-0.5781768520848921	True	True	True	0.11466035574580133	False	EXT1
substantia_nigra	ENSG00000182208	M004	False	module_genes	576.0	258.0	1.1721316905140433	0.011655702361279236	0.7781860799282974	0.918706378101362	0.7405900574511649	1.1396607349400962	fit	576	0	0.7698260082862307		discordant	-0.7482936837191492	True	True	True	0.00024708778460080794	False	MOB2
putamen_basal_ganglia	ENSG00000182272	M001	False	module_genes	1357.0	442.0	1.0912117986546874	0.047881382694560784	0.0006194345015300029	1.534058117962331	1.283783885217848	1.8331234223950292	fit	1362	2	0.621535394693187	cellular component organization, cellular component organization or biogenesis	coupled	-0.6216183865357437	True	True	True	0.11466035574580133	False	B4GALNT4
frontal_cortex_ba9	ENSG00000182511	M002	False	switch_genes	944.0	397.0	1.1557051891629841	0.00318554872261526	0.7587216383378627	1.0717296069978584	0.9080390999593985	1.2649282950119018	fit	1034	21	0.029361098554400673	supramolecular fiber organization, cell migration, actin cytoskeleton organization	switch_only	-0.3992856852327019	True	True	True	1.249258128763103e-06	True	FES
putamen_basal_ganglia	ENSG00000182957	M001	False	module_genes	1357.0	442.0	1.0912117986546874	0.047881382694560784	0.0006194345015300029	1.534058117962331	1.283783885217848	1.8331234223950292	fit	1362	2	0.621535394693187	cellular component organization, cellular component organization or biogenesis	coupled	-0.5191704622413281	True	True	True	0.11466035574580133	False	SPATA13
putamen_basal_ganglia	ENSG00000183018	M001	False	module_genes	1357.0	442.0	1.0912117986546874	0.047881382694560784	0.0006194345015300029	1.534058117962331	1.283783885217848	1.8331234223950292	fit	1362	2	0.621535394693187	cellular component organization, cellular component organization or biogenesis	coupled	-0.6969160726775817	True	True	True	0.11466035574580133	False	SPNS2
cerebellar_hemisphere	ENSG00000183077	M003	False	module_genes	933.0	425.0	1.2081705355746633	8.4745538920076e-06	0.9824318896667084	0.9930373477864146	0.841316031824618	1.1721197942228745	fit	949	6	0.4914345904277392	nucleoside triphosphate biosynthetic process, nucleotide biosynthetic process, ribonucleoside triphosphate biosynthetic process	abundance_only	-0.08523688007245651	False	True	True	0.0005349642016498918	False	AFMID
frontal_cortex_ba9	ENSG00000183111	M002	False	switch_genes	944.0	397.0	1.1557051891629841	0.00318554872261526	0.7587216383378627	1.0717296069978584	0.9080390999593985	1.2649282950119018	fit	1034	21	0.029361098554400673	supramolecular fiber organization, cell migration, actin cytoskeleton organization	abundance_only		False	True	True	1.249258128763103e-06	True	ARHGEF37
putamen_basal_ganglia	ENSG00000183166	M001	False	module_genes	1357.0	442.0	1.0912117986546874	0.047881382694560784	0.0006194345015300029	1.534058117962331	1.283783885217848	1.8331234223950292	fit	1362	2	0.621535394693187	cellular component organization, cellular component organization or biogenesis	abundance_only	-0.11935912682050925	False	True	True	0.11466035574580133	False	CALN1
frontal_cortex_ba9	ENSG00000183196	M002	False	switch_genes	944.0	397.0	1.1557051891629841	0.00318554872261526	0.7587216383378627	1.0717296069978584	0.9080390999593985	1.2649282950119018	fit	1034	21	0.029361098554400673	supramolecular fiber organization, cell migration, actin cytoskeleton organization	abundance_only		False	True	True	1.249258128763103e-06	True	CHST6
putamen_basal_ganglia	ENSG00000183255	M001	False	module_genes	1357.0	442.0	1.0912117986546874	0.047881382694560784	0.0006194345015300029	1.534058117962331	1.283783885217848	1.8331234223950292	fit	1362	2	0.621535394693187	cellular component organization, cellular component organization or biogenesis	coupled	-0.7915510297959487	True	True	True	0.11466035574580133	False	PTTG1IP
substantia_nigra	ENSG00000183258	M004	False	module_genes	576.0	258.0	1.1721316905140433	0.011655702361279236	0.7781860799282974	0.918706378101362	0.7405900574511649	1.1396607349400962	fit	576	0	0.7698260082862307		discordant	-0.453569391335929	True	True	True	0.00024708778460080794	False	DDX41
putamen_basal_ganglia	ENSG00000183283	M001	False	module_genes	1357.0	442.0	1.0912117986546874	0.047881382694560784	0.0006194345015300029	1.534058117962331	1.283783885217848	1.8331234223950292	fit	1362	2	0.621535394693187	cellular component organization, cellular component organization or biogenesis	discordant	-0.3979337573259732	True	True	True	0.11466035574580133	False	DAZAP2
cerebellar_hemisphere	ENSG00000183401	M003	False	module_genes	933.0	425.0	1.2081705355746633	8.4745538920076e-06	0.9824318896667084	0.9930373477864146	0.841316031824618	1.1721197942228745	fit	949	6	0.4914345904277392	nucleoside triphosphate biosynthetic process, nucleotide biosynthetic process, ribonucleoside triphosphate biosynthetic process	discordant	-0.4622531430338267	True	True	True	0.0005349642016498918	False	CCDC159
substantia_nigra	ENSG00000183401	M004	False	module_genes	576.0	258.0	1.1721316905140433	0.011655702361279236	0.7781860799282974	0.918706378101362	0.7405900574511649	1.1396607349400962	fit	576	0	0.7698260082862307		discordant	-0.6430023428873233	True	True	True	0.00024708778460080794	False	CCDC159
putamen_basal_ganglia	ENSG00000183530	M001	False	module_genes	1357.0	442.0	1.0912117986546874	0.047881382694560784	0.0006194345015300029	1.534058117962331	1.283783885217848	1.8331234223950292	fit	1362	2	0.621535394693187	cellular component organization, cellular component organization or biogenesis	coupled	-0.853145478075617	True	True	True	0.11466035574580133	False	PRR14L
substantia_nigra	ENSG00000183569	M004	False	module_genes	576.0	258.0	1.1721316905140433	0.011655702361279236	0.7781860799282974	0.918706378101362	0.7405900574511649	1.1396607349400962	fit	576	0	0.7698260082862307		discordant	-0.4202524370360822	True	True	True	0.00024708778460080794	False	SERHL2
frontal_cortex_ba9	ENSG00000183579	M002	False	switch_genes	944.0	397.0	1.1557051891629841	0.00318554872261526	0.7587216383378627	1.0717296069978584	0.9080390999593985	1.2649282950119018	fit	1034	21	0.029361098554400673	supramolecular fiber organization, cell migration, actin cytoskeleton organization	abundance_only		False	True	True	1.249258128763103e-06	True	ZNRF3
cerebellar_hemisphere	ENSG00000183655	M003	False	module_genes	933.0	425.0	1.2081705355746633	8.4745538920076e-06	0.9824318896667084	0.9930373477864146	0.841316031824618	1.1721197942228745	fit	949	6	0.4914345904277392	nucleoside triphosphate biosynthetic process, nucleotide biosynthetic process, ribonucleoside triphosphate biosynthetic process	switch_only	-0.42329098717403224	True	True	True	0.0005349642016498918	False	KLHL25
substantia_nigra	ENSG00000183655	M004	False	module_genes	576.0	258.0	1.1721316905140433	0.011655702361279236	0.7781860799282974	0.918706378101362	0.7405900574511649	1.1396607349400962	fit	576	0	0.7698260082862307		discordant	-0.5577449283550502	True	True	True	0.00024708778460080794	False	KLHL25
putamen_basal_ganglia	ENSG00000183723	M001	False	module_genes	1357.0	442.0	1.0912117986546874	0.047881382694560784	0.0006194345015300029	1.534058117962331	1.283783885217848	1.8331234223950292	fit	1362	2	0.621535394693187	cellular component organization, cellular component organization or biogenesis	coupled	-0.7408052412982443	True	True	True	0.11466035574580133	False	CMTM4
cerebellar_hemisphere	ENSG00000183837	M003	False	module_genes	933.0	425.0	1.2081705355746633	8.4745538920076e-06	0.9824318896667084	0.9930373477864146	0.841316031824618	1.1721197942228745	fit	949	6	0.4914345904277392	nucleoside triphosphate biosynthetic process, nucleotide biosynthetic process, ribonucleoside triphosphate biosynthetic process	discordant	-0.49951931049855985	True	True	True	0.0005349642016498918	False	PNMA3
frontal_cortex_ba9	ENSG00000184083	M002	False	switch_genes	944.0	397.0	1.1557051891629841	0.00318554872261526	0.7587216383378627	1.0717296069978584	0.9080390999593985	1.2649282950119018	fit	1034	21	0.029361098554400673	supramolecular fiber organization, cell migration, actin cytoskeleton organization	abundance_only		False	True	True	1.249258128763103e-06	True	FAM120C
putamen_basal_ganglia	ENSG00000184110	M001	False	module_genes	1357.0	442.0	1.0912117986546874	0.047881382694560784	0.0006194345015300029	1.534058117962331	1.283783885217848	1.8331234223950292	fit	1362	2	0.621535394693187	cellular component organization, cellular component organization or biogenesis	coupled	-0.6711653046298371	True	True	True	0.11466035574580133	False	EIF3C
cerebellar_hemisphere	ENSG00000184162	M003	False	module_genes	933.0	425.0	1.2081705355746633	8.4745538920076e-06	0.9824318896667084	0.9930373477864146	0.841316031824618	1.1721197942228745	fit	949	6	0.4914345904277392	nucleoside triphosphate biosynthetic process, nucleotide biosynthetic process, ribonucleoside triphosphate biosynthetic process	discordant	-0.34919520686347627	True	True	True	0.0005349642016498918	False	NR2C2AP
cerebellar_hemisphere	ENSG00000184164	M003	False	module_genes	933.0	425.0	1.2081705355746633	8.4745538920076e-06	0.9824318896667084	0.9930373477864146	0.841316031824618	1.1721197942228745	fit	949	6	0.4914345904277392	nucleoside triphosphate biosynthetic process, nucleotide biosynthetic process, ribonucleoside triphosphate biosynthetic process	discordant	-0.4374859235459156	True	True	True	0.0005349642016498918	False	CRELD2
substantia_nigra	ENSG00000184164	M004	False	module_genes	576.0	258.0	1.1721316905140433	0.011655702361279236	0.7781860799282974	0.918706378101362	0.7405900574511649	1.1396607349400962	fit	576	0	0.7698260082862307		discordant	-0.7364783760028015	True	True	True	0.00024708778460080794	False	CRELD2
frontal_cortex_ba9	ENSG00000184209	M002	False	switch_genes	944.0	397.0	1.1557051891629841	0.00318554872261526	0.7587216383378627	1.0717296069978584	0.9080390999593985	1.2649282950119018	fit	1034	21	0.029361098554400673	supramolecular fiber organization, cell migration, actin cytoskeleton organization	inactive	-0.19675427142920887	False	True	True	1.249258128763103e-06	True	SNRNP35
cerebellar_hemisphere	ENSG00000184232	M003	False	module_genes	933.0	425.0	1.2081705355746633	8.4745538920076e-06	0.9824318896667084	0.9930373477864146	0.841316031824618	1.1721197942228745	fit	949	6	0.4914345904277392	nucleoside triphosphate biosynthetic process, nucleotide biosynthetic process, ribonucleoside triphosphate biosynthetic process	switch_only	-0.2037330378092718	True	True	True	0.0005349642016498918	False	OAF
frontal_cortex_ba9	ENSG00000184232	M002	False	switch_genes	944.0	397.0	1.1557051891629841	0.00318554872261526	0.7587216383378627	1.0717296069978584	0.9080390999593985	1.2649282950119018	fit	1034	21	0.029361098554400673	supramolecular fiber organization, cell migration, actin cytoskeleton organization	abundance_only		False	True	True	1.249258128763103e-06	True	OAF
frontal_cortex_ba9	ENSG00000184371	M002	False	switch_genes	944.0	397.0	1.1557051891629841	0.00318554872261526	0.7587216383378627	1.0717296069978584	0.9080390999593985	1.2649282950119018	fit	1034	21	0.029361098554400673	supramolecular fiber organization, cell migration, actin cytoskeleton organization	abundance_only		False	True	True	1.249258128763103e-06	True	CSF1
frontal_cortex_ba9	ENSG00000184557	M002	False	switch_genes	944.0	397.0	1.1557051891629841	0.00318554872261526	0.7587216383378627	1.0717296069978584	0.9080390999593985	1.2649282950119018	fit	1034	21	0.029361098554400673	supramolecular fiber organization, cell migration, actin cytoskeleton organization	abundance_only		False	True	True	1.249258128763103e-06	True	SOCS3
substantia_nigra	ENSG00000184702	M004	False	module_genes	576.0	258.0	1.1721316905140433	0.011655702361279236	0.7781860799282974	0.918706378101362	0.7405900574511649	1.1396607349400962	fit	576	0	0.7698260082862307		abundance_only	-0.1727063688319102	False	True	True	0.00024708778460080794	False	SEPTIN5
cerebellar_hemisphere	ENSG00000184922	M003	False	module_genes	933.0	425.0	1.2081705355746633	8.4745538920076e-06	0.9824318896667084	0.9930373477864146	0.841316031824618	1.1721197942228745	fit	949	6	0.4914345904277392	nucleoside triphosphate biosynthetic process, nucleotide biosynthetic process, ribonucleoside triphosphate biosynthetic process	discordant	-0.7824411322119665	True	True	True	0.0005349642016498918	False	FMNL1
substantia_nigra	ENSG00000184990	M004	False	module_genes	576.0	258.0	1.1721316905140433	0.011655702361279236	0.7781860799282974	0.918706378101362	0.7405900574511649	1.1396607349400962	fit	576	0	0.7698260082862307		discordant	-0.6050413018613584	True	True	True	0.00024708778460080794	False	SIVA1
putamen_basal_ganglia	ENSG00000185024	M001	False	module_genes	1357.0	442.0	1.0912117986546874	0.047881382694560784	0.0006194345015300029	1.534058117962331	1.283783885217848	1.8331234223950292	fit	1362	2	0.621535394693187	cellular component organization, cellular component organization or biogenesis	coupled	-0.5206197953971361	True	True	True	0.11466035574580133	False	BRF1
cerebellar_hemisphere	ENSG00000185043	M003	False	module_genes	933.0	425.0	1.2081705355746633	8.4745538920076e-06	0.9824318896667084	0.9930373477864146	0.841316031824618	1.1721197942228745	fit	949	6	0.4914345904277392	nucleoside triphosphate biosynthetic process, nucleotide biosynthetic process, ribonucleoside triphosphate biosynthetic process	switch_only	-0.26089860958149497	True	True	True	0.0005349642016498918	False	CIB1
substantia_nigra	ENSG00000185043	M004	False	module_genes	576.0	258.0	1.1721316905140433	0.011655702361279236	0.7781860799282974	0.918706378101362	0.7405900574511649	1.1396607349400962	fit	576	0	0.7698260082862307		discordant	-0.40581699710274366	True	True	True	0.00024708778460080794	False	CIB1
cerebellar_hemisphere	ENSG00000185133	M003	False	module_genes	933.0	425.0	1.2081705355746633	8.4745538920076e-06	0.9824318896667084	0.9930373477864146	0.841316031824618	1.1721197942228745	fit	949	6	0.4914345904277392	nucleoside triphosphate biosynthetic process, nucleotide biosynthetic process, ribonucleoside triphosphate biosynthetic process	coupled	-0.3530781413697914	True	True	True	0.0005349642016498918	False	INPP5J
hypothalamus	ENSG00000185133	M014	False	switch_genes	87.0	41.0	1.727969348659004	0.002694740306695324	0.0755268998708689	2.112315999719547	1.2640840959982327	3.5297326315522497	fit	99	31	0.04475469901505802	cilium movement, cilium-dependent cell motility, cilium or flagellum-dependent cell motility	switch_only	-0.37438165818656405	True	True	True	1.0	True	INPP5J
substantia_nigra	ENSG00000185187	M004	False	module_genes	576.0	258.0	1.1721316905140433	0.011655702361279236	0.7781860799282974	0.918706378101362	0.7405900574511649	1.1396607349400962	fit	576	0	0.7698260082862307		discordant	-0.3601760098375981	True	True	True	0.00024708778460080794	False	SIGIRR
cerebellar_hemisphere	ENSG00000185324	M003	False	module_genes	933.0	425.0	1.2081705355746633	8.4745538920076e-06	0.9824318896667084	0.9930373477864146	0.841316031824618	1.1721197942228745	fit	949	6	0.4914345904277392	nucleoside triphosphate biosynthetic process, nucleotide biosynthetic process, ribonucleoside triphosphate biosynthetic process	discordant	-0.6768830115142648	True	True	True	0.0005349642016498918	False	CDK10
substantia_nigra	ENSG00000185324	M004	False	module_genes	576.0	258.0	1.1721316905140433	0.011655702361279236	0.7781860799282974	0.918706378101362	0.7405900574511649	1.1396607349400962	fit	576	0	0.7698260082862307		discordant	-0.6890391977275	True	True	True	0.00024708778460080794	False	CDK10
frontal_cortex_ba9	ENSG00000185347	M002	False	switch_genes	944.0	397.0	1.1557051891629841	0.00318554872261526	0.7587216383378627	1.0717296069978584	0.9080390999593985	1.2649282950119018	fit	1034	21	0.029361098554400673	supramolecular fiber organization, cell migration, actin cytoskeleton organization	discordant	-0.4260242953626854	True	True	True	1.249258128763103e-06	True	TEDC1
frontal_cortex_ba9	ENSG00000185475	M002	False	switch_genes	944.0	397.0	1.1557051891629841	0.00318554872261526	0.7587216383378627	1.0717296069978584	0.9080390999593985	1.2649282950119018	fit	1034	21	0.029361098554400673	supramolecular fiber organization, cell migration, actin cytoskeleton organization	coupled	-0.38139000885761043	True	True	True	1.249258128763103e-06	True	TMEM179B
cerebellar_hemisphere	ENSG00000185499	M003	False	module_genes	933.0	425.0	1.2081705355746633	8.4745538920076e-06	0.9824318896667084	0.9930373477864146	0.841316031824618	1.1721197942228745	fit	949	6	0.4914345904277392	nucleoside triphosphate biosynthetic process, nucleotide biosynthetic process, ribonucleoside triphosphate biosynthetic process	switch_only	-0.3445983767750122	True	True	True	0.0005349642016498918	False	MUC1
putamen_basal_ganglia	ENSG00000185591	M001	False	module_genes	1357.0	442.0	1.0912117986546874	0.047881382694560784	0.0006194345015300029	1.534058117962331	1.283783885217848	1.8331234223950292	fit	1362	2	0.621535394693187	cellular component organization, cellular component organization or biogenesis	coupled	-0.5296257925577922	True	True	True	0.11466035574580133	False	SP1
putamen_basal_ganglia	ENSG00000185634	M001	False	module_genes	1357.0	442.0	1.0912117986546874	0.047881382694560784	0.0006194345015300029	1.534058117962331	1.283783885217848	1.8331234223950292	fit	1362	2	0.621535394693187	cellular component organization, cellular component organization or biogenesis	coupled	-0.5122999705023015	True	True	True	0.11466035574580133	False	SHC4
frontal_cortex_ba9	ENSG00000185650	M002	False	switch_genes	944.0	397.0	1.1557051891629841	0.00318554872261526	0.7587216383378627	1.0717296069978584	0.9080390999593985	1.2649282950119018	fit	1034	21	0.029361098554400673	supramolecular fiber organization, cell migration, actin cytoskeleton organization	abundance_only		False	True	True	1.249258128763103e-06	True	ZFP36L1
putamen_basal_ganglia	ENSG00000185721	M001	False	module_genes	1357.0	442.0	1.0912117986546874	0.047881382694560784	0.0006194345015300029	1.534058117962331	1.283783885217848	1.8331234223950292	fit	1362	2	0.621535394693187	cellular component organization, cellular component organization or biogenesis	coupled	-0.6931857235349895	True	True	True	0.11466035574580133	False	DRG1
cerebellar_hemisphere	ENSG00000185813	M003	False	module_genes	933.0	425.0	1.2081705355746633	8.4745538920076e-06	0.9824318896667084	0.9930373477864146	0.841316031824618	1.1721197942228745	fit	949	6	0.4914345904277392	nucleoside triphosphate biosynthetic process, nucleotide biosynthetic process, ribonucleoside triphosphate biosynthetic process	coupled	-0.5969392168782892	True	True	True	0.0005349642016498918	False	PCYT2
caudate_sczd	ENSG00000185946	M006	True	switch_genes	343.0	157.0	1.228849841094739	0.010660698329540308	0.17582615298288773	1.3819545740935557	1.0562243359485246	1.8081371351314661	fit	343	0	0.017871150734486828		discordant	0.5388695861302233	True	True	True	6.938353180885315e-08	True	RNPC3
substantia_nigra	ENSG00000185946	M004	False	module_genes	576.0	258.0	1.1721316905140433	0.011655702361279236	0.7781860799282974	0.918706378101362	0.7405900574511649	1.1396607349400962	fit	576	0	0.7698260082862307		discordant	-0.5815548967134182	True	True	True	0.00024708778460080794	False	RNPC3
caudate_sczd	ENSG00000185947	M006	True	switch_genes	343.0	157.0	1.228849841094739	0.010660698329540308	0.17582615298288773	1.3819545740935557	1.0562243359485246	1.8081371351314661	fit	343	0	0.017871150734486828		coupled	0.6878772313092547	True	True	True	6.938353180885315e-08	True	ZNF267
cerebellar_hemisphere	ENSG00000186019	M003	False	module_genes	933.0	425.0	1.2081705355746633	8.4745538920076e-06	0.9824318896667084	0.9930373477864146	0.841316031824618	1.1721197942228745	fit	949	6	0.4914345904277392	nucleoside triphosphate biosynthetic process, nucleotide biosynthetic process, ribonucleoside triphosphate biosynthetic process	coupled	-0.3155550320846863	True	True	True	0.0005349642016498918	False	ZNF225-AS1
caudate_sczd	ENSG00000186166	M006	True	switch_genes	343.0	157.0	1.228849841094739	0.010660698329540308	0.17582615298288773	1.3819545740935557	1.0562243359485246	1.8081371351314661	fit	343	0	0.017871150734486828		discordant	0.5291052201644296	True	True	True	6.938353180885315e-08	True	CENATAC
putamen_basal_ganglia	ENSG00000186174	M001	False	module_genes	1357.0	442.0	1.0912117986546874	0.047881382694560784	0.0006194345015300029	1.534058117962331	1.283783885217848	1.8331234223950292	fit	1362	2	0.621535394693187	cellular component organization, cellular component organization or biogenesis	abundance_only	-0.11458657114197433	False	True	True	0.11466035574580133	False	BCL9L
putamen_basal_ganglia	ENSG00000186281	M001	False	module_genes	1357.0	442.0	1.0912117986546874	0.047881382694560784	0.0006194345015300029	1.534058117962331	1.283783885217848	1.8331234223950292	fit	1362	2	0.621535394693187	cellular component organization, cellular component organization or biogenesis	abundance_only	-0.04573515899496221	False	True	True	0.11466035574580133	False	GPAT2
caudate_sczd	ENSG00000186532	M006	True	switch_genes	343.0	157.0	1.228849841094739	0.010660698329540308	0.17582615298288773	1.3819545740935557	1.0562243359485246	1.8081371351314661	fit	343	0	0.017871150734486828		discordant	0.7802947266525414	True	True	True	6.938353180885315e-08	True	SMYD4
substantia_nigra	ENSG00000186532	M004	False	module_genes	576.0	258.0	1.1721316905140433	0.011655702361279236	0.7781860799282974	0.918706378101362	0.7405900574511649	1.1396607349400962	fit	576	0	0.7698260082862307		discordant	-0.636347527285296	True	True	True	0.00024708778460080794	False	SMYD4
cerebellar_hemisphere	ENSG00000186567	M003	False	module_genes	933.0	425.0	1.2081705355746633	8.4745538920076e-06	0.9824318896667084	0.9930373477864146	0.841316031824618	1.1721197942228745	fit	949	6	0.4914345904277392	nucleoside triphosphate biosynthetic process, nucleotide biosynthetic process, ribonucleoside triphosphate biosynthetic process	switch_only	-0.5042957566904018	True	True	True	0.0005349642016498918	False	CEACAM19
frontal_cortex_ba9	ENSG00000186635	M002	False	switch_genes	944.0	397.0	1.1557051891629841	0.00318554872261526	0.7587216383378627	1.0717296069978584	0.9080390999593985	1.2649282950119018	fit	1034	21	0.029361098554400673	supramolecular fiber organization, cell migration, actin cytoskeleton organization	abundance_only	-0.13132887599783397	False	True	True	1.249258128763103e-06	True	ARAP1
substantia_nigra	ENSG00000186635	M004	False	module_genes	576.0	258.0	1.1721316905140433	0.011655702361279236	0.7781860799282974	0.918706378101362	0.7405900574511649	1.1396607349400962	fit	576	0	0.7698260082862307		abundance_only	-0.130548600366983	False	True	True	0.00024708778460080794	False	ARAP1
hypothalamus	ENSG00000186710	M014	False	switch_genes	87.0	41.0	1.727969348659004	0.002694740306695324	0.0755268998708689	2.112315999719547	1.2640840959982327	3.5297326315522497	fit	99	31	0.04475469901505802	cilium movement, cilium-dependent cell motility, cilium or flagellum-dependent cell motility	abundance_only		False	True	True	1.0	True	CFAP73
frontal_cortex_ba9	ENSG00000186765	M002	False	switch_genes	944.0	397.0	1.1557051891629841	0.00318554872261526	0.7587216383378627	1.0717296069978584	0.9080390999593985	1.2649282950119018	fit	1034	21	0.029361098554400673	supramolecular fiber organization, cell migration, actin cytoskeleton organization	discordant	-0.298278626358232	True	True	True	1.249258128763103e-06	True	FSCN2
cerebellar_hemisphere	ENSG00000186862	M003	False	module_genes	933.0	425.0	1.2081705355746633	8.4745538920076e-06	0.9824318896667084	0.9930373477864146	0.841316031824618	1.1721197942228745	fit	949	6	0.4914345904277392	nucleoside triphosphate biosynthetic process, nucleotide biosynthetic process, ribonucleoside triphosphate biosynthetic process	abundance_only	0.16184738143870472	False	True	True	0.0005349642016498918	False	PDZD7
frontal_cortex_ba9	ENSG00000186862	M002	False	switch_genes	944.0	397.0	1.1557051891629841	0.00318554872261526	0.7587216383378627	1.0717296069978584	0.9080390999593985	1.2649282950119018	fit	1034	21	0.029361098554400673	supramolecular fiber organization, cell migration, actin cytoskeleton organization	discordant	-0.5698418065729477	True	True	True	1.249258128763103e-06	True	PDZD7
substantia_nigra	ENSG00000186862	M004	False	module_genes	576.0	258.0	1.1721316905140433	0.011655702361279236	0.7781860799282974	0.918706378101362	0.7405900574511649	1.1396607349400962	fit	576	0	0.7698260082862307		coupled	-0.45782310928928366	True	True	True	0.00024708778460080794	False	PDZD7
frontal_cortex_ba9	ENSG00000186951	M002	False	switch_genes	944.0	397.0	1.1557051891629841	0.00318554872261526	0.7587216383378627	1.0717296069978584	0.9080390999593985	1.2649282950119018	fit	1034	21	0.029361098554400673	supramolecular fiber organization, cell migration, actin cytoskeleton organization	abundance_only		False	True	True	1.249258128763103e-06	True	PPARA
hypothalamus	ENSG00000187024	M014	False	switch_genes	87.0	41.0	1.727969348659004	0.002694740306695324	0.0755268998708689	2.112315999719547	1.2640840959982327	3.5297326315522497	fit	99	31	0.04475469901505802	cilium movement, cilium-dependent cell motility, cilium or flagellum-dependent cell motility	coupled	-0.800947664780532	True	True	True	1.0	True	PTRH1
frontal_cortex_ba9	ENSG00000187231	M002	False	switch_genes	944.0	397.0	1.1557051891629841	0.00318554872261526	0.7587216383378627	1.0717296069978584	0.9080390999593985	1.2649282950119018	fit	1034	21	0.029361098554400673	supramolecular fiber organization, cell migration, actin cytoskeleton organization	switch_only	-0.39098690486239585	True	True	True	1.249258128763103e-06	True	SESTD1
cerebellar_hemisphere	ENSG00000187244	M003	False	module_genes	933.0	425.0	1.2081705355746633	8.4745538920076e-06	0.9824318896667084	0.9930373477864146	0.841316031824618	1.1721197942228745	fit	949	6	0.4914345904277392	nucleoside triphosphate biosynthetic process, nucleotide biosynthetic process, ribonucleoside triphosphate biosynthetic process	switch_only	-0.5887704696310486	True	True	True	0.0005349642016498918	False	BCAM
substantia_nigra	ENSG00000187244	M004	False	module_genes	576.0	258.0	1.1721316905140433	0.011655702361279236	0.7781860799282974	0.918706378101362	0.7405900574511649	1.1396607349400962	fit	576	0	0.7698260082862307		switch_only	-0.4154321697746192	True	True	True	0.00024708778460080794	False	BCAM
frontal_cortex_ba9	ENSG00000187609	M002	False	switch_genes	944.0	397.0	1.1557051891629841	0.00318554872261526	0.7587216383378627	1.0717296069978584	0.9080390999593985	1.2649282950119018	fit	1034	21	0.029361098554400673	supramolecular fiber organization, cell migration, actin cytoskeleton organization	discordant	-0.7457701312695225	True	True	True	1.249258128763103e-06	True	EXD3
putamen_basal_ganglia	ENSG00000187688	M001	False	module_genes	1357.0	442.0	1.0912117986546874	0.047881382694560784	0.0006194345015300029	1.534058117962331	1.283783885217848	1.8331234223950292	fit	1362	2	0.621535394693187	cellular component organization, cellular component organization or biogenesis	discordant	-0.20753423459704146	True	True	True	0.11466035574580133	False	TRPV2
cerebellar_hemisphere	ENSG00000187987	M003	False	module_genes	933.0	425.0	1.2081705355746633	8.4745538920076e-06	0.9824318896667084	0.9930373477864146	0.841316031824618	1.1721197942228745	fit	949	6	0.4914345904277392	nucleoside triphosphate biosynthetic process, nucleotide biosynthetic process, ribonucleoside triphosphate biosynthetic process	discordant	-0.3005627102799191	True	True	True	0.0005349642016498918	False	ZSCAN23
putamen_basal_ganglia	ENSG00000187994	M001	False	module_genes	1357.0	442.0	1.0912117986546874	0.047881382694560784	0.0006194345015300029	1.534058117962331	1.283783885217848	1.8331234223950292	fit	1362	2	0.621535394693187	cellular component organization, cellular component organization or biogenesis	discordant	-0.3395046805351602	True	True	True	0.11466035574580133	False	RINL
cerebellar_hemisphere	ENSG00000188229	M003	False	module_genes	933.0	425.0	1.2081705355746633	8.4745538920076e-06	0.9824318896667084	0.9930373477864146	0.841316031824618	1.1721197942228745	fit	949	6	0.4914345904277392	nucleoside triphosphate biosynthetic process, nucleotide biosynthetic process, ribonucleoside triphosphate biosynthetic process	discordant	-0.48413151999592957	True	True	True	0.0005349642016498918	False	TUBB4B
putamen_basal_ganglia	ENSG00000188266	M001	False	module_genes	1357.0	442.0	1.0912117986546874	0.047881382694560784	0.0006194345015300029	1.534058117962331	1.283783885217848	1.8331234223950292	fit	1362	2	0.621535394693187	cellular component organization, cellular component organization or biogenesis	abundance_only	-0.10165349415114686	False	True	True	0.11466035574580133	False	HYKK
frontal_cortex_ba9	ENSG00000188338	M002	False	switch_genes	944.0	397.0	1.1557051891629841	0.00318554872261526	0.7587216383378627	1.0717296069978584	0.9080390999593985	1.2649282950119018	fit	1034	21	0.029361098554400673	supramolecular fiber organization, cell migration, actin cytoskeleton organization	abundance_only		False	True	True	1.249258128763103e-06	True	SLC38A3
putamen_basal_ganglia	ENSG00000188559	M001	False	module_genes	1357.0	442.0	1.0912117986546874	0.047881382694560784	0.0006194345015300029	1.534058117962331	1.283783885217848	1.8331234223950292	fit	1362	2	0.621535394693187	cellular component organization, cellular component organization or biogenesis	coupled	-0.3729025316843027	True	True	True	0.11466035574580133	False	RALGAPA2
putamen_basal_ganglia	ENSG00000188785	M001	False	module_genes	1357.0	442.0	1.0912117986546874	0.047881382694560784	0.0006194345015300029	1.534058117962331	1.283783885217848	1.8331234223950292	fit	1362	2	0.621535394693187	cellular component organization, cellular component organization or biogenesis	coupled	-0.41633070130323585	True	True	True	0.11466035574580133	False	ZNF548
caudate_sczd	ENSG00000188976	M006	True	switch_genes	343.0	157.0	1.228849841094739	0.010660698329540308	0.17582615298288773	1.3819545740935557	1.0562243359485246	1.8081371351314661	fit	343	0	0.017871150734486828		switch_only	0.7680718776344304	True	True	True	6.938353180885315e-08	True	NOC2L
putamen_basal_ganglia	ENSG00000188976	M001	False	module_genes	1357.0	442.0	1.0912117986546874	0.047881382694560784	0.0006194345015300029	1.534058117962331	1.283783885217848	1.8331234223950292	fit	1362	2	0.621535394693187	cellular component organization, cellular component organization or biogenesis	coupled	-0.7133100200584821	True	True	True	0.11466035574580133	False	NOC2L
putamen_basal_ganglia	ENSG00000189091	M001	False	module_genes	1357.0	442.0	1.0912117986546874	0.047881382694560784	0.0006194345015300029	1.534058117962331	1.283783885217848	1.8331234223950292	fit	1362	2	0.621535394693187	cellular component organization, cellular component organization or biogenesis	coupled	-0.7891882899124196	True	True	True	0.11466035574580133	False	SF3B3
substantia_nigra	ENSG00000189171	M004	False	module_genes	576.0	258.0	1.1721316905140433	0.011655702361279236	0.7781860799282974	0.918706378101362	0.7405900574511649	1.1396607349400962	fit	576	0	0.7698260082862307		switch_only	-0.4302079572591112	True	True	True	0.00024708778460080794	False	S100A13
putamen_basal_ganglia	ENSG00000189184	M001	False	module_genes	1357.0	442.0	1.0912117986546874	0.047881382694560784	0.0006194345015300029	1.534058117962331	1.283783885217848	1.8331234223950292	fit	1362	2	0.621535394693187	cellular component organization, cellular component organization or biogenesis	switch_only	-0.5830538336539649	True	True	True	0.11466035574580133	False	PCDH18
putamen_basal_ganglia	ENSG00000196072	M001	False	module_genes	1357.0	442.0	1.0912117986546874	0.047881382694560784	0.0006194345015300029	1.534058117962331	1.283783885217848	1.8331234223950292	fit	1362	2	0.621535394693187	cellular component organization, cellular component organization or biogenesis	discordant	-0.5352481422166195	True	True	True	0.11466035574580133	False	BLOC1S2
caudate_sczd	ENSG00000196187	M006	True	switch_genes	343.0	157.0	1.228849841094739	0.010660698329540308	0.17582615298288773	1.3819545740935557	1.0562243359485246	1.8081371351314661	fit	343	0	0.017871150734486828		discordant	0.5770213069324839	True	True	True	6.938353180885315e-08	True	TMEM63A
frontal_cortex_ba9	ENSG00000196187	M002	False	switch_genes	944.0	397.0	1.1557051891629841	0.00318554872261526	0.7587216383378627	1.0717296069978584	0.9080390999593985	1.2649282950119018	fit	1034	21	0.029361098554400673	supramolecular fiber organization, cell migration, actin cytoskeleton organization	abundance_only		False	True	True	1.249258128763103e-06	True	TMEM63A
putamen_basal_ganglia	ENSG00000196214	M001	False	module_genes	1357.0	442.0	1.0912117986546874	0.047881382694560784	0.0006194345015300029	1.534058117962331	1.283783885217848	1.8331234223950292	fit	1362	2	0.621535394693187	cellular component organization, cellular component organization or biogenesis	discordant	-0.45468412451674745	True	True	True	0.11466035574580133	False	ZNF766
putamen_basal_ganglia	ENSG00000196263	M001	False	module_genes	1357.0	442.0	1.0912117986546874	0.047881382694560784	0.0006194345015300029	1.534058117962331	1.283783885217848	1.8331234223950292	fit	1362	2	0.621535394693187	cellular component organization, cellular component organization or biogenesis	coupled	-0.700540382685229	True	True	True	0.11466035574580133	False	ZNF471
caudate_sczd	ENSG00000196275	M006	True	switch_genes	343.0	157.0	1.228849841094739	0.010660698329540308	0.17582615298288773	1.3819545740935557	1.0562243359485246	1.8081371351314661	fit	343	0	0.017871150734486828		discordant	0.34829494375984854	True	True	True	6.938353180885315e-08	True	GTF2IRD2
cerebellar_hemisphere	ENSG00000196405	M003	False	module_genes	933.0	425.0	1.2081705355746633	8.4745538920076e-06	0.9824318896667084	0.9930373477864146	0.841316031824618	1.1721197942228745	fit	949	6	0.4914345904277392	nucleoside triphosphate biosynthetic process, nucleotide biosynthetic process, ribonucleoside triphosphate biosynthetic process	discordant	-0.7869474233409112	True	True	True	0.0005349642016498918	False	EVL
substantia_nigra	ENSG00000196405	M004	False	module_genes	576.0	258.0	1.1721316905140433	0.011655702361279236	0.7781860799282974	0.918706378101362	0.7405900574511649	1.1396607349400962	fit	576	0	0.7698260082862307		discordant	-0.7818520545329899	True	True	True	0.00024708778460080794	False	EVL
substantia_nigra	ENSG00000196456	M004	False	module_genes	576.0	258.0	1.1721316905140433	0.011655702361279236	0.7781860799282974	0.918706378101362	0.7405900574511649	1.1396607349400962	fit	576	0	0.7698260082862307		discordant	-0.37166193631330985	True	True	True	0.00024708778460080794	False	ZNF775
frontal_cortex_ba9	ENSG00000196498	M002	False	switch_genes	944.0	397.0	1.1557051891629841	0.00318554872261526	0.7587216383378627	1.0717296069978584	0.9080390999593985	1.2649282950119018	fit	1034	21	0.029361098554400673	supramolecular fiber organization, cell migration, actin cytoskeleton organization	discordant	-0.8411522144220763	True	True	True	1.249258128763103e-06	True	NCOR2
cerebellar_hemisphere	ENSG00000196653	M003	False	module_genes	933.0	425.0	1.2081705355746633	8.4745538920076e-06	0.9824318896667084	0.9930373477864146	0.841316031824618	1.1721197942228745	fit	949	6	0.4914345904277392	nucleoside triphosphate biosynthetic process, nucleotide biosynthetic process, ribonucleoside triphosphate biosynthetic process	discordant	-0.3931349306107122	True	True	True	0.0005349642016498918	False	ZNF502
frontal_cortex_ba9	ENSG00000196743	M002	False	switch_genes	944.0	397.0	1.1557051891629841	0.00318554872261526	0.7587216383378627	1.0717296069978584	0.9080390999593985	1.2649282950119018	fit	1034	21	0.029361098554400673	supramolecular fiber organization, cell migration, actin cytoskeleton organization	abundance_only		False	True	True	1.249258128763103e-06	True	GM2A
putamen_basal_ganglia	ENSG00000196814	M001	False	module_genes	1357.0	442.0	1.0912117986546874	0.047881382694560784	0.0006194345015300029	1.534058117962331	1.283783885217848	1.8331234223950292	fit	1362	2	0.621535394693187	cellular component organization, cellular component organization or biogenesis	discordant	-0.40463418992460504	True	True	True	0.11466035574580133	False	MVB12B
putamen_basal_ganglia	ENSG00000196890	M001	False	module_genes	1357.0	442.0	1.0912117986546874	0.047881382694560784	0.0006194345015300029	1.534058117962331	1.283783885217848	1.8331234223950292	fit	1362	2	0.621535394693187	cellular component organization, cellular component organization or biogenesis	abundance_only	-0.0625920734404591	False	True	True	0.11466035574580133	False	H2BC26
cerebellar_hemisphere	ENSG00000196924	M003	False	module_genes	933.0	425.0	1.2081705355746633	8.4745538920076e-06	0.9824318896667084	0.9930373477864146	0.841316031824618	1.1721197942228745	fit	949	6	0.4914345904277392	nucleoside triphosphate biosynthetic process, nucleotide biosynthetic process, ribonucleoside triphosphate biosynthetic process	discordant	-0.28976628223725526	True	True	True	0.0005349642016498918	False	FLNA
putamen_basal_ganglia	ENSG00000196924	M001	False	module_genes	1357.0	442.0	1.0912117986546874	0.047881382694560784	0.0006194345015300029	1.534058117962331	1.283783885217848	1.8331234223950292	fit	1362	2	0.621535394693187	cellular component organization, cellular component organization or biogenesis	coupled	-0.5425455554662367	True	True	True	0.11466035574580133	False	FLNA
frontal_cortex_ba9	ENSG00000196961	M002	False	switch_genes	944.0	397.0	1.1557051891629841	0.00318554872261526	0.7587216383378627	1.0717296069978584	0.9080390999593985	1.2649282950119018	fit	1034	21	0.029361098554400673	supramolecular fiber organization, cell migration, actin cytoskeleton organization	discordant	-0.912176084049624	True	True	True	1.249258128763103e-06	True	AP2A1
caudate_sczd	ENSG00000197070	M006	True	switch_genes	343.0	157.0	1.228849841094739	0.010660698329540308	0.17582615298288773	1.3819545740935557	1.0562243359485246	1.8081371351314661	fit	343	0	0.017871150734486828		discordant	0.6839646479645677	True	True	True	6.938353180885315e-08	True	ARRDC1
putamen_basal_ganglia	ENSG00000197157	M001	False	module_genes	1357.0	442.0	1.0912117986546874	0.047881382694560784	0.0006194345015300029	1.534058117962331	1.283783885217848	1.8331234223950292	fit	1362	2	0.621535394693187	cellular component organization, cellular component organization or biogenesis	coupled	-0.7989140906613057	True	True	True	0.11466035574580133	False	SND1
cerebellar_hemisphere	ENSG00000197182	M003	False	module_genes	933.0	425.0	1.2081705355746633	8.4745538920076e-06	0.9824318896667084	0.9930373477864146	0.841316031824618	1.1721197942228745	fit	949	6	0.4914345904277392	nucleoside triphosphate biosynthetic process, nucleotide biosynthetic process, ribonucleoside triphosphate biosynthetic process	switch_only	-0.3821128412204624	True	True	True	0.0005349642016498918	False	MIRLET7BHG
putamen_basal_ganglia	ENSG00000197256	M001	False	module_genes	1357.0	442.0	1.0912117986546874	0.047881382694560784	0.0006194345015300029	1.534058117962331	1.283783885217848	1.8331234223950292	fit	1362	2	0.621535394693187	cellular component organization, cellular component organization or biogenesis	switch_only	-0.777499927754331	True	True	True	0.11466035574580133	False	KANK2
putamen_basal_ganglia	ENSG00000197275	M001	False	module_genes	1357.0	442.0	1.0912117986546874	0.047881382694560784	0.0006194345015300029	1.534058117962331	1.283783885217848	1.8331234223950292	fit	1362	2	0.621535394693187	cellular component organization, cellular component organization or biogenesis	discordant	-0.30293825172704225	True	True	True	0.11466035574580133	False	RAD54B
cerebellar_hemisphere	ENSG00000197345	M003	False	module_genes	933.0	425.0	1.2081705355746633	8.4745538920076e-06	0.9824318896667084	0.9930373477864146	0.841316031824618	1.1721197942228745	fit	949	6	0.4914345904277392	nucleoside triphosphate biosynthetic process, nucleotide biosynthetic process, ribonucleoside triphosphate biosynthetic process	coupled	-0.38421808998353235	True	True	True	0.0005349642016498918	False	MRPL21
cerebellar_hemisphere	ENSG00000197444	M003	False	module_genes	933.0	425.0	1.2081705355746633	8.4745538920076e-06	0.9824318896667084	0.9930373477864146	0.841316031824618	1.1721197942228745	fit	949	6	0.4914345904277392	nucleoside triphosphate biosynthetic process, nucleotide biosynthetic process, ribonucleoside triphosphate biosynthetic process	discordant	-0.48740005018047816	True	True	True	0.0005349642016498918	False	OGDHL
putamen_basal_ganglia	ENSG00000197444	M001	False	module_genes	1357.0	442.0	1.0912117986546874	0.047881382694560784	0.0006194345015300029	1.534058117962331	1.283783885217848	1.8331234223950292	fit	1362	2	0.621535394693187	cellular component organization, cellular component organization or biogenesis	coupled	-0.7056774874907947	True	True	True	0.11466035574580133	False	OGDHL
frontal_cortex_ba9	ENSG00000197496	M002	False	switch_genes	944.0	397.0	1.1557051891629841	0.00318554872261526	0.7587216383378627	1.0717296069978584	0.9080390999593985	1.2649282950119018	fit	1034	21	0.029361098554400673	supramolecular fiber organization, cell migration, actin cytoskeleton organization	abundance_only		False	True	True	1.249258128763103e-06	True	SLC2A10
caudate_sczd	ENSG00000197536	M006	True	switch_genes	343.0	157.0	1.228849841094739	0.010660698329540308	0.17582615298288773	1.3819545740935557	1.0562243359485246	1.8081371351314661	fit	343	0	0.017871150734486828		discordant	0.6511978166914643	True	True	True	6.938353180885315e-08	True	CARINH
putamen_basal_ganglia	ENSG00000197619	M001	False	module_genes	1357.0	442.0	1.0912117986546874	0.047881382694560784	0.0006194345015300029	1.534058117962331	1.283783885217848	1.8331234223950292	fit	1362	2	0.621535394693187	cellular component organization, cellular component organization or biogenesis	coupled	-0.47374782295032297	True	True	True	0.11466035574580133	False	ZNF615
cerebellar_hemisphere	ENSG00000197622	M003	False	module_genes	933.0	425.0	1.2081705355746633	8.4745538920076e-06	0.9824318896667084	0.9930373477864146	0.841316031824618	1.1721197942228745	fit	949	6	0.4914345904277392	nucleoside triphosphate biosynthetic process, nucleotide biosynthetic process, ribonucleoside triphosphate biosynthetic process	abundance_only	-0.13923449135352817	False	True	True	0.0005349642016498918	False	CDC42SE1
putamen_basal_ganglia	ENSG00000197694	M001	False	module_genes	1357.0	442.0	1.0912117986546874	0.047881382694560784	0.0006194345015300029	1.534058117962331	1.283783885217848	1.8331234223950292	fit	1362	2	0.621535394693187	cellular component organization, cellular component organization or biogenesis	coupled	-0.5591608740279371	True	True	True	0.11466035574580133	False	SPTAN1
frontal_cortex_ba9	ENSG00000197747	M002	False	switch_genes	944.0	397.0	1.1557051891629841	0.00318554872261526	0.7587216383378627	1.0717296069978584	0.9080390999593985	1.2649282950119018	fit	1034	21	0.029361098554400673	supramolecular fiber organization, cell migration, actin cytoskeleton organization	abundance_only		False	True	True	1.249258128763103e-06	True	S100A10
frontal_cortex_ba9	ENSG00000197892	M002	False	switch_genes	944.0	397.0	1.1557051891629841	0.00318554872261526	0.7587216383378627	1.0717296069978584	0.9080390999593985	1.2649282950119018	fit	1034	21	0.029361098554400673	supramolecular fiber organization, cell migration, actin cytoskeleton organization	abundance_only		False	True	True	1.249258128763103e-06	True	KIF13B
frontal_cortex_ba9	ENSG00000197956	M002	False	switch_genes	944.0	397.0	1.1557051891629841	0.00318554872261526	0.7587216383378627	1.0717296069978584	0.9080390999593985	1.2649282950119018	fit	1034	21	0.029361098554400673	supramolecular fiber organization, cell migration, actin cytoskeleton organization	coupled	-0.539851545193474	True	True	True	1.249258128763103e-06	True	S100A6
cerebellar_hemisphere	ENSG00000197976	M003	False	module_genes	933.0	425.0	1.2081705355746633	8.4745538920076e-06	0.9824318896667084	0.9930373477864146	0.841316031824618	1.1721197942228745	fit	949	6	0.4914345904277392	nucleoside triphosphate biosynthetic process, nucleotide biosynthetic process, ribonucleoside triphosphate biosynthetic process	coupled	-0.5255170174411633	True	True	True	0.0005349642016498918	False	AKAP17A
frontal_cortex_ba9	ENSG00000197993	M002	False	switch_genes	944.0	397.0	1.1557051891629841	0.00318554872261526	0.7587216383378627	1.0717296069978584	0.9080390999593985	1.2649282950119018	fit	1034	21	0.029361098554400673	supramolecular fiber organization, cell migration, actin cytoskeleton organization	abundance_only		False	True	True	1.249258128763103e-06	True	KEL
cerebellar_hemisphere	ENSG00000198171	M003	False	module_genes	933.0	425.0	1.2081705355746633	8.4745538920076e-06	0.9824318896667084	0.9930373477864146	0.841316031824618	1.1721197942228745	fit	949	6	0.4914345904277392	nucleoside triphosphate biosynthetic process, nucleotide biosynthetic process, ribonucleoside triphosphate biosynthetic process	discordant	-0.47673069304427057	True	True	True	0.0005349642016498918	False	DDRGK1
substantia_nigra	ENSG00000198171	M004	False	module_genes	576.0	258.0	1.1721316905140433	0.011655702361279236	0.7781860799282974	0.918706378101362	0.7405900574511649	1.1396607349400962	fit	576	0	0.7698260082862307		discordant	-0.6501334681812313	True	True	True	0.00024708778460080794	False	DDRGK1
putamen_basal_ganglia	ENSG00000198182	M001	False	module_genes	1357.0	442.0	1.0912117986546874	0.047881382694560784	0.0006194345015300029	1.534058117962331	1.283783885217848	1.8331234223950292	fit	1362	2	0.621535394693187	cellular component organization, cellular component organization or biogenesis	coupled	-0.45294637329143156	True	True	True	0.11466035574580133	False	ZNF607
frontal_cortex_ba9	ENSG00000198208	M002	False	switch_genes	944.0	397.0	1.1557051891629841	0.00318554872261526	0.7587216383378627	1.0717296069978584	0.9080390999593985	1.2649282950119018	fit	1034	21	0.029361098554400673	supramolecular fiber organization, cell migration, actin cytoskeleton organization	discordant	-0.6145786171114018	True	True	True	1.249258128763103e-06	True	RPS6KL1
cerebellar_hemisphere	ENSG00000198301	M003	False	module_genes	933.0	425.0	1.2081705355746633	8.4745538920076e-06	0.9824318896667084	0.9930373477864146	0.841316031824618	1.1721197942228745	fit	949	6	0.4914345904277392	nucleoside triphosphate biosynthetic process, nucleotide biosynthetic process, ribonucleoside triphosphate biosynthetic process	discordant	-0.3020693684697216	True	True	True	0.0005349642016498918	False	SDAD1
hypothalamus	ENSG00000198393	M014	False	switch_genes	87.0	41.0	1.727969348659004	0.002694740306695324	0.0755268998708689	2.112315999719547	1.2640840959982327	3.5297326315522497	fit	99	31	0.04475469901505802	cilium movement, cilium-dependent cell motility, cilium or flagellum-dependent cell motility	discordant	-0.49471550446258944	True	True	True	1.0	True	ZNF26
frontal_cortex_ba9	ENSG00000198467	M002	False	switch_genes	944.0	397.0	1.1557051891629841	0.00318554872261526	0.7587216383378627	1.0717296069978584	0.9080390999593985	1.2649282950119018	fit	1034	21	0.029361098554400673	supramolecular fiber organization, cell migration, actin cytoskeleton organization	switch_only	-0.2717878686930176	True	True	True	1.249258128763103e-06	True	TPM2
putamen_basal_ganglia	ENSG00000198522	M001	False	module_genes	1357.0	442.0	1.0912117986546874	0.047881382694560784	0.0006194345015300029	1.534058117962331	1.283783885217848	1.8331234223950292	fit	1362	2	0.621535394693187	cellular component organization, cellular component organization or biogenesis	coupled	-0.37830696869640196	True	True	True	0.11466035574580133	False	GPN1
frontal_cortex_ba9	ENSG00000198538	M002	False	switch_genes	944.0	397.0	1.1557051891629841	0.00318554872261526	0.7587216383378627	1.0717296069978584	0.9080390999593985	1.2649282950119018	fit	1034	21	0.029361098554400673	supramolecular fiber organization, cell migration, actin cytoskeleton organization	abundance_only		False	True	True	1.249258128763103e-06	True	ZNF28
putamen_basal_ganglia	ENSG00000198556	M001	False	module_genes	1357.0	442.0	1.0912117986546874	0.047881382694560784	0.0006194345015300029	1.534058117962331	1.283783885217848	1.8331234223950292	fit	1362	2	0.621535394693187	cellular component organization, cellular component organization or biogenesis	discordant	-0.4596610341058111	True	True	True	0.11466035574580133	False	ZNF789
putamen_basal_ganglia	ENSG00000198682	M001	False	module_genes	1357.0	442.0	1.0912117986546874	0.047881382694560784	0.0006194345015300029	1.534058117962331	1.283783885217848	1.8331234223950292	fit	1362	2	0.621535394693187	cellular component organization, cellular component organization or biogenesis	switch_only	-0.4215478279642689	True	True	True	0.11466035574580133	False	PAPSS2
putamen_basal_ganglia	ENSG00000198752	M001	False	module_genes	1357.0	442.0	1.0912117986546874	0.047881382694560784	0.0006194345015300029	1.534058117962331	1.283783885217848	1.8331234223950292	fit	1362	2	0.621535394693187	cellular component organization, cellular component organization or biogenesis	coupled	-0.5793798881193127	True	True	True	0.11466035574580133	False	CDC42BPB
putamen_basal_ganglia	ENSG00000198792	M001	False	module_genes	1357.0	442.0	1.0912117986546874	0.047881382694560784	0.0006194345015300029	1.534058117962331	1.283783885217848	1.8331234223950292	fit	1362	2	0.621535394693187	cellular component organization, cellular component organization or biogenesis	abundance_only	-0.12839892023770527	False	True	True	0.11466035574580133	False	TMEM184B
caudate_sczd	ENSG00000198815	M006	True	switch_genes	343.0	157.0	1.228849841094739	0.010660698329540308	0.17582615298288773	1.3819545740935557	1.0562243359485246	1.8081371351314661	fit	343	0	0.017871150734486828		discordant	0.380603549879985	True	True	True	6.938353180885315e-08	True	FOXJ3
putamen_basal_ganglia	ENSG00000198837	M001	False	module_genes	1357.0	442.0	1.0912117986546874	0.047881382694560784	0.0006194345015300029	1.534058117962331	1.283783885217848	1.8331234223950292	fit	1362	2	0.621535394693187	cellular component organization, cellular component organization or biogenesis	coupled	-0.8193618482130127	True	True	True	0.11466035574580133	False	DENND4B
cerebellar_hemisphere	ENSG00000198870	M003	False	module_genes	933.0	425.0	1.2081705355746633	8.4745538920076e-06	0.9824318896667084	0.9930373477864146	0.841316031824618	1.1721197942228745	fit	949	6	0.4914345904277392	nucleoside triphosphate biosynthetic process, nucleotide biosynthetic process, ribonucleoside triphosphate biosynthetic process	abundance_only	0.014415561829883971	False	True	True	0.0005349642016498918	False	STKLD1
frontal_cortex_ba9	ENSG00000198909	M002	False	switch_genes	944.0	397.0	1.1557051891629841	0.00318554872261526	0.7587216383378627	1.0717296069978584	0.9080390999593985	1.2649282950119018	fit	1034	21	0.029361098554400673	supramolecular fiber organization, cell migration, actin cytoskeleton organization	inactive	0.03190737690328063	False	True	True	1.249258128763103e-06	True	MAP3K3
frontal_cortex_ba9	ENSG00000198910	M002	False	switch_genes	944.0	397.0	1.1557051891629841	0.00318554872261526	0.7587216383378627	1.0717296069978584	0.9080390999593985	1.2649282950119018	fit	1034	21	0.029361098554400673	supramolecular fiber organization, cell migration, actin cytoskeleton organization	discordant	-0.6910283592555484	True	True	True	1.249258128763103e-06	True	L1CAM
caudate_sczd	ENSG00000198917	M006	True	switch_genes	343.0	157.0	1.228849841094739	0.010660698329540308	0.17582615298288773	1.3819545740935557	1.0562243359485246	1.8081371351314661	fit	343	0	0.017871150734486828		discordant	0.42052499943746346	True	True	True	6.938353180885315e-08	True	SPOUT1
putamen_basal_ganglia	ENSG00000198959	M001	False	module_genes	1357.0	442.0	1.0912117986546874	0.047881382694560784	0.0006194345015300029	1.534058117962331	1.283783885217848	1.8331234223950292	fit	1362	2	0.621535394693187	cellular component organization, cellular component organization or biogenesis	switch_only	-0.2554611938179343	True	True	True	0.11466035574580133	False	TGM2
cerebellar_hemisphere	ENSG00000203485	M003	False	module_genes	933.0	425.0	1.2081705355746633	8.4745538920076e-06	0.9824318896667084	0.9930373477864146	0.841316031824618	1.1721197942228745	fit	949	6	0.4914345904277392	nucleoside triphosphate biosynthetic process, nucleotide biosynthetic process, ribonucleoside triphosphate biosynthetic process	discordant	-0.35327913014333573	True	True	True	0.0005349642016498918	False	INF2
substantia_nigra	ENSG00000203485	M004	False	module_genes	576.0	258.0	1.1721316905140433	0.011655702361279236	0.7781860799282974	0.918706378101362	0.7405900574511649	1.1396607349400962	fit	576	0	0.7698260082862307		discordant	-0.2029856613703026	True	True	True	0.00024708778460080794	False	INF2
hypothalamus	ENSG00000203499	M014	False	switch_genes	87.0	41.0	1.727969348659004	0.002694740306695324	0.0755268998708689	2.112315999719547	1.2640840959982327	3.5297326315522497	fit	99	31	0.04475469901505802	cilium movement, cilium-dependent cell motility, cilium or flagellum-dependent cell motility	abundance_only		False	True	True	1.0	True	IQANK1
frontal_cortex_ba9	ENSG00000204160	M002	False	switch_genes	944.0	397.0	1.1557051891629841	0.00318554872261526	0.7587216383378627	1.0717296069978584	0.9080390999593985	1.2649282950119018	fit	1034	21	0.029361098554400673	supramolecular fiber organization, cell migration, actin cytoskeleton organization	switch_only	-0.43456337126202305	True	True	True	1.249258128763103e-06	True	ZDHHC18
cerebellar_hemisphere	ENSG00000204209	M003	False	module_genes	933.0	425.0	1.2081705355746633	8.4745538920076e-06	0.9824318896667084	0.9930373477864146	0.841316031824618	1.1721197942228745	fit	949	6	0.4914345904277392	nucleoside triphosphate biosynthetic process, nucleotide biosynthetic process, ribonucleoside triphosphate biosynthetic process	discordant	-0.5526474008936966	True	True	True	0.0005349642016498918	False	DAXX
substantia_nigra	ENSG00000204219	M004	False	module_genes	576.0	258.0	1.1721316905140433	0.011655702361279236	0.7781860799282974	0.918706378101362	0.7405900574511649	1.1396607349400962	fit	576	0	0.7698260082862307		switch_only	-0.30179643069571555	True	True	True	0.00024708778460080794	False	TCEA3
cerebellar_hemisphere	ENSG00000204220	M003	False	module_genes	933.0	425.0	1.2081705355746633	8.4745538920076e-06	0.9824318896667084	0.9930373477864146	0.841316031824618	1.1721197942228745	fit	949	6	0.4914345904277392	nucleoside triphosphate biosynthetic process, nucleotide biosynthetic process, ribonucleoside triphosphate biosynthetic process	coupled	-0.4127352774092097	True	True	True	0.0005349642016498918	False	PFDN6
cerebellar_hemisphere	ENSG00000204301	M003	False	module_genes	933.0	425.0	1.2081705355746633	8.4745538920076e-06	0.9824318896667084	0.9930373477864146	0.841316031824618	1.1721197942228745	fit	949	6	0.4914345904277392	nucleoside triphosphate biosynthetic process, nucleotide biosynthetic process, ribonucleoside triphosphate biosynthetic process	switch_only	-0.366282109873942	True	True	True	0.0005349642016498918	False	NOTCH4
caudate_sczd	ENSG00000204323	M006	True	switch_genes	343.0	157.0	1.228849841094739	0.010660698329540308	0.17582615298288773	1.3819545740935557	1.0562243359485246	1.8081371351314661	fit	343	0	0.017871150734486828		discordant	0.5899392222060664	True	True	True	6.938353180885315e-08	True	SMIM5
substantia_nigra	ENSG00000204323	M004	False	module_genes	576.0	258.0	1.1721316905140433	0.011655702361279236	0.7781860799282974	0.918706378101362	0.7405900574511649	1.1396607349400962	fit	576	0	0.7698260082862307		discordant	-0.6090511964493559	True	True	True	0.00024708778460080794	False	SMIM5
cerebellar_hemisphere	ENSG00000204348	M003	False	module_genes	933.0	425.0	1.2081705355746633	8.4745538920076e-06	0.9824318896667084	0.9930373477864146	0.841316031824618	1.1721197942228745	fit	949	6	0.4914345904277392	nucleoside triphosphate biosynthetic process, nucleotide biosynthetic process, ribonucleoside triphosphate biosynthetic process	discordant	-0.547912945307552	True	True	True	0.0005349642016498918	False	DXO
substantia_nigra	ENSG00000204348	M004	False	module_genes	576.0	258.0	1.1721316905140433	0.011655702361279236	0.7781860799282974	0.918706378101362	0.7405900574511649	1.1396607349400962	fit	576	0	0.7698260082862307		discordant	-0.29284801117785536	True	True	True	0.00024708778460080794	False	DXO
frontal_cortex_ba9	ENSG00000204371	M002	False	switch_genes	944.0	397.0	1.1557051891629841	0.00318554872261526	0.7587216383378627	1.0717296069978584	0.9080390999593985	1.2649282950119018	fit	1034	21	0.029361098554400673	supramolecular fiber organization, cell migration, actin cytoskeleton organization	discordant	-0.34354584902498914	True	True	True	1.249258128763103e-06	True	EHMT2
putamen_basal_ganglia	ENSG00000204427	M001	False	module_genes	1357.0	442.0	1.0912117986546874	0.047881382694560784	0.0006194345015300029	1.534058117962331	1.283783885217848	1.8331234223950292	fit	1362	2	0.621535394693187	cellular component organization, cellular component organization or biogenesis	coupled	-0.5486321548643842	True	True	True	0.11466035574580133	False	ABHD16A
caudate_sczd	ENSG00000204435	M006	True	switch_genes	343.0	157.0	1.228849841094739	0.010660698329540308	0.17582615298288773	1.3819545740935557	1.0562243359485246	1.8081371351314661	fit	343	0	0.017871150734486828		coupled	0.8082674610002404	True	True	True	6.938353180885315e-08	True	CSNK2B
cerebellar_hemisphere	ENSG00000204435	M003	False	module_genes	933.0	425.0	1.2081705355746633	8.4745538920076e-06	0.9824318896667084	0.9930373477864146	0.841316031824618	1.1721197942228745	fit	949	6	0.4914345904277392	nucleoside triphosphate biosynthetic process, nucleotide biosynthetic process, ribonucleoside triphosphate biosynthetic process	discordant	-0.8124787730680327	True	True	True	0.0005349642016498918	False	CSNK2B
substantia_nigra	ENSG00000204435	M004	False	module_genes	576.0	258.0	1.1721316905140433	0.011655702361279236	0.7781860799282974	0.918706378101362	0.7405900574511649	1.1396607349400962	fit	576	0	0.7698260082862307		discordant	-0.7853486316521886	True	True	True	0.00024708778460080794	False	CSNK2B
frontal_cortex_ba9	ENSG00000204444	M002	False	switch_genes	944.0	397.0	1.1557051891629841	0.00318554872261526	0.7587216383378627	1.0717296069978584	0.9080390999593985	1.2649282950119018	fit	1034	21	0.029361098554400673	supramolecular fiber organization, cell migration, actin cytoskeleton organization	abundance_only		False	True	True	1.249258128763103e-06	True	APOM
putamen_basal_ganglia	ENSG00000204519	M001	False	module_genes	1357.0	442.0	1.0912117986546874	0.047881382694560784	0.0006194345015300029	1.534058117962331	1.283783885217848	1.8331234223950292	fit	1362	2	0.621535394693187	cellular component organization, cellular component organization or biogenesis	discordant	-0.4608099807107108	True	True	True	0.11466035574580133	False	ZNF551
frontal_cortex_ba9	ENSG00000204577	M002	False	switch_genes	944.0	397.0	1.1557051891629841	0.00318554872261526	0.7587216383378627	1.0717296069978584	0.9080390999593985	1.2649282950119018	fit	1034	21	0.029361098554400673	supramolecular fiber organization, cell migration, actin cytoskeleton organization	abundance_only		False	True	True	1.249258128763103e-06	True	LILRB3
cerebellar_hemisphere	ENSG00000204653	M003	False	module_genes	933.0	425.0	1.2081705355746633	8.4745538920076e-06	0.9824318896667084	0.9930373477864146	0.841316031824618	1.1721197942228745	fit	949	6	0.4914345904277392	nucleoside triphosphate biosynthetic process, nucleotide biosynthetic process, ribonucleoside triphosphate biosynthetic process	discordant	-0.5826006484439278	True	True	True	0.0005349642016498918	False	ASPDH
caudate_sczd	ENSG00000204655	M006	True	switch_genes	343.0	157.0	1.228849841094739	0.010660698329540308	0.17582615298288773	1.3819545740935557	1.0562243359485246	1.8081371351314661	fit	343	0	0.017871150734486828		discordant	0.7470182510609075	True	True	True	6.938353180885315e-08	True	MOG
cerebellar_hemisphere	ENSG00000204843	M003	False	module_genes	933.0	425.0	1.2081705355746633	8.4745538920076e-06	0.9824318896667084	0.9930373477864146	0.841316031824618	1.1721197942228745	fit	949	6	0.4914345904277392	nucleoside triphosphate biosynthetic process, nucleotide biosynthetic process, ribonucleoside triphosphate biosynthetic process	coupled	-0.3974254979731262	True	True	True	0.0005349642016498918	False	DCTN1
frontal_cortex_ba9	ENSG00000204954	M002	False	switch_genes	944.0	397.0	1.1557051891629841	0.00318554872261526	0.7587216383378627	1.0717296069978584	0.9080390999593985	1.2649282950119018	fit	1034	21	0.029361098554400673	supramolecular fiber organization, cell migration, actin cytoskeleton organization	discordant	-0.5116441742999155	True	True	True	1.249258128763103e-06	True	UQCC6
substantia_nigra	ENSG00000204991	M004	False	module_genes	576.0	258.0	1.1721316905140433	0.011655702361279236	0.7781860799282974	0.918706378101362	0.7405900574511649	1.1396607349400962	fit	576	0	0.7698260082862307		discordant	-0.6822685426274022	True	True	True	0.00024708778460080794	False	SPIRE2
substantia_nigra	ENSG00000205090	M004	False	module_genes	576.0	258.0	1.1721316905140433	0.011655702361279236	0.7781860799282974	0.918706378101362	0.7405900574511649	1.1396607349400962	fit	576	0	0.7698260082862307		abundance_only	-0.18517049471854233	False	True	True	0.00024708778460080794	False	TMEM240
frontal_cortex_ba9	ENSG00000205220	M002	False	switch_genes	944.0	397.0	1.1557051891629841	0.00318554872261526	0.7587216383378627	1.0717296069978584	0.9080390999593985	1.2649282950119018	fit	1034	21	0.029361098554400673	supramolecular fiber organization, cell migration, actin cytoskeleton organization	inactive	-0.1843035526224859	False	True	True	1.249258128763103e-06	True	PSMB10
putamen_basal_ganglia	ENSG00000205220	M001	False	module_genes	1357.0	442.0	1.0912117986546874	0.047881382694560784	0.0006194345015300029	1.534058117962331	1.283783885217848	1.8331234223950292	fit	1362	2	0.621535394693187	cellular component organization, cellular component organization or biogenesis	abundance_only	-0.007779140511902024	False	True	True	0.11466035574580133	False	PSMB10
cerebellar_hemisphere	ENSG00000205250	M003	False	module_genes	933.0	425.0	1.2081705355746633	8.4745538920076e-06	0.9824318896667084	0.9930373477864146	0.841316031824618	1.1721197942228745	fit	949	6	0.4914345904277392	nucleoside triphosphate biosynthetic process, nucleotide biosynthetic process, ribonucleoside triphosphate biosynthetic process	discordant	-0.8248221307313006	True	True	True	0.0005349642016498918	False	E2F4
substantia_nigra	ENSG00000205250	M004	False	module_genes	576.0	258.0	1.1721316905140433	0.011655702361279236	0.7781860799282974	0.918706378101362	0.7405900574511649	1.1396607349400962	fit	576	0	0.7698260082862307		discordant	-0.7204820450142109	True	True	True	0.00024708778460080794	False	E2F4
frontal_cortex_ba9	ENSG00000205364	M002	False	switch_genes	944.0	397.0	1.1557051891629841	0.00318554872261526	0.7587216383378627	1.0717296069978584	0.9080390999593985	1.2649282950119018	fit	1034	21	0.029361098554400673	supramolecular fiber organization, cell migration, actin cytoskeleton organization	abundance_only		False	True	True	1.249258128763103e-06	True	MT1M
putamen_basal_ganglia	ENSG00000205476	M001	False	module_genes	1357.0	442.0	1.0912117986546874	0.047881382694560784	0.0006194345015300029	1.534058117962331	1.283783885217848	1.8331234223950292	fit	1362	2	0.621535394693187	cellular component organization, cellular component organization or biogenesis	discordant	-0.5383030728532805	True	True	True	0.11466035574580133	False	CCDC85C
cerebellar_hemisphere	ENSG00000205560	M003	False	module_genes	933.0	425.0	1.2081705355746633	8.4745538920076e-06	0.9824318896667084	0.9930373477864146	0.841316031824618	1.1721197942228745	fit	949	6	0.4914345904277392	nucleoside triphosphate biosynthetic process, nucleotide biosynthetic process, ribonucleoside triphosphate biosynthetic process	discordant	-0.43598792895763083	True	True	True	0.0005349642016498918	False	CPT1B
cerebellar_hemisphere	ENSG00000205726	M003	False	module_genes	933.0	425.0	1.2081705355746633	8.4745538920076e-06	0.9824318896667084	0.9930373477864146	0.841316031824618	1.1721197942228745	fit	949	6	0.4914345904277392	nucleoside triphosphate biosynthetic process, nucleotide biosynthetic process, ribonucleoside triphosphate biosynthetic process	discordant	-0.46061390395016494	True	True	True	0.0005349642016498918	False	ITSN1
putamen_basal_ganglia	ENSG00000205959	M001	False	module_genes	1357.0	442.0	1.0912117986546874	0.047881382694560784	0.0006194345015300029	1.534058117962331	1.283783885217848	1.8331234223950292	fit	1362	2	0.621535394693187	cellular component organization, cellular component organization or biogenesis	abundance_only	-0.14785432750837216	False	True	True	0.11466035574580133	False	ENSG00000205959
frontal_cortex_ba9	ENSG00000206053	M002	False	switch_genes	944.0	397.0	1.1557051891629841	0.00318554872261526	0.7587216383378627	1.0717296069978584	0.9080390999593985	1.2649282950119018	fit	1034	21	0.029361098554400673	supramolecular fiber organization, cell migration, actin cytoskeleton organization	abundance_only		False	True	True	1.249258128763103e-06	True	JPT2
hypothalamus	ENSG00000213085	M014	False	switch_genes	87.0	41.0	1.727969348659004	0.002694740306695324	0.0755268998708689	2.112315999719547	1.2640840959982327	3.5297326315522497	fit	99	31	0.04475469901505802	cilium movement, cilium-dependent cell motility, cilium or flagellum-dependent cell motility	abundance_only	-0.027585257452687185	False	True	True	1.0	True	CFAP45
hypothalamus	ENSG00000213145	M014	False	switch_genes	87.0	41.0	1.727969348659004	0.002694740306695324	0.0755268998708689	2.112315999719547	1.2640840959982327	3.5297326315522497	fit	99	31	0.04475469901505802	cilium movement, cilium-dependent cell motility, cilium or flagellum-dependent cell motility	coupled	-0.4079267962591259	True	True	True	1.0	True	CRIP1
cerebellar_hemisphere	ENSG00000213199	M003	False	module_genes	933.0	425.0	1.2081705355746633	8.4745538920076e-06	0.9824318896667084	0.9930373477864146	0.841316031824618	1.1721197942228745	fit	949	6	0.4914345904277392	nucleoside triphosphate biosynthetic process, nucleotide biosynthetic process, ribonucleoside triphosphate biosynthetic process	abundance_only	-0.16879429210465263	False	True	True	0.0005349642016498918	False	ASIC3
caudate_sczd	ENSG00000213341	M006	True	switch_genes	343.0	157.0	1.228849841094739	0.010660698329540308	0.17582615298288773	1.3819545740935557	1.0562243359485246	1.8081371351314661	fit	343	0	0.017871150734486828		switch_only	0.8467045465706994	True	True	True	6.938353180885315e-08	True	CHUK
substantia_nigra	ENSG00000213397	M004	False	module_genes	576.0	258.0	1.1721316905140433	0.011655702361279236	0.7781860799282974	0.918706378101362	0.7405900574511649	1.1396607349400962	fit	576	0	0.7698260082862307		discordant	-0.2871157986169053	True	True	True	0.00024708778460080794	False	HAUS7
caudate_sczd	ENSG00000213983	M006	True	switch_genes	343.0	157.0	1.228849841094739	0.010660698329540308	0.17582615298288773	1.3819545740935557	1.0562243359485246	1.8081371351314661	fit	343	0	0.017871150734486828		discordant	0.5281479340897725	True	True	True	6.938353180885315e-08	True	AP1G2
cerebellar_hemisphere	ENSG00000214402	M003	False	module_genes	933.0	425.0	1.2081705355746633	8.4745538920076e-06	0.9824318896667084	0.9930373477864146	0.841316031824618	1.1721197942228745	fit	949	6	0.4914345904277392	nucleoside triphosphate biosynthetic process, nucleotide biosynthetic process, ribonucleoside triphosphate biosynthetic process	coupled	-0.2429178641447012	True	True	True	0.0005349642016498918	False	LCNL1
frontal_cortex_ba9	ENSG00000214456	M002	False	switch_genes	944.0	397.0	1.1557051891629841	0.00318554872261526	0.7587216383378627	1.0717296069978584	0.9080390999593985	1.2649282950119018	fit	1034	21	0.029361098554400673	supramolecular fiber organization, cell migration, actin cytoskeleton organization	abundance_only		False	True	True	1.249258128763103e-06	True	PLIN5
cerebellar_hemisphere	ENSG00000214772	M003	False	module_genes	933.0	425.0	1.2081705355746633	8.4745538920076e-06	0.9824318896667084	0.9930373477864146	0.841316031824618	1.1721197942228745	fit	949	6	0.4914345904277392	nucleoside triphosphate biosynthetic process, nucleotide biosynthetic process, ribonucleoside triphosphate biosynthetic process	discordant	-0.6202056133701805	True	True	True	0.0005349642016498918	False	GUCY2C-AS1
cerebellar_hemisphere	ENSG00000215021	M003	False	module_genes	933.0	425.0	1.2081705355746633	8.4745538920076e-06	0.9824318896667084	0.9930373477864146	0.841316031824618	1.1721197942228745	fit	949	6	0.4914345904277392	nucleoside triphosphate biosynthetic process, nucleotide biosynthetic process, ribonucleoside triphosphate biosynthetic process	discordant	-0.8650592222185156	True	True	True	0.0005349642016498918	False	PHB2
frontal_cortex_ba9	ENSG00000215241	M002	False	switch_genes	944.0	397.0	1.1557051891629841	0.00318554872261526	0.7587216383378627	1.0717296069978584	0.9080390999593985	1.2649282950119018	fit	1034	21	0.029361098554400673	supramolecular fiber organization, cell migration, actin cytoskeleton organization	discordant	-0.4720448138414599	True	True	True	1.249258128763103e-06	True	LINC02449
putamen_basal_ganglia	ENSG00000215252	M001	False	module_genes	1357.0	442.0	1.0912117986546874	0.047881382694560784	0.0006194345015300029	1.534058117962331	1.283783885217848	1.8331234223950292	fit	1362	2	0.621535394693187	cellular component organization, cellular component organization or biogenesis	coupled	-0.5972775290866564	True	True	True	0.11466035574580133	False	GOLGA8B
cerebellar_hemisphere	ENSG00000215375	M003	False	module_genes	933.0	425.0	1.2081705355746633	8.4745538920076e-06	0.9824318896667084	0.9930373477864146	0.841316031824618	1.1721197942228745	fit	949	6	0.4914345904277392	nucleoside triphosphate biosynthetic process, nucleotide biosynthetic process, ribonucleoside triphosphate biosynthetic process	discordant	-0.5960589101006871	True	True	True	0.0005349642016498918	False	MYL5
putamen_basal_ganglia	ENSG00000219626	M001	False	module_genes	1357.0	442.0	1.0912117986546874	0.047881382694560784	0.0006194345015300029	1.534058117962331	1.283783885217848	1.8331234223950292	fit	1362	2	0.621535394693187	cellular component organization, cellular component organization or biogenesis	coupled	-0.6483621463372292	True	True	True	0.11466035574580133	False	FAM228B
caudate_sczd	ENSG00000219665	M006	True	switch_genes	343.0	157.0	1.228849841094739	0.010660698329540308	0.17582615298288773	1.3819545740935557	1.0562243359485246	1.8081371351314661	fit	343	0	0.017871150734486828		discordant	0.6432366820729185	True	True	True	6.938353180885315e-08	True	ZNF433-AS1
substantia_nigra	ENSG00000221968	M004	False	module_genes	576.0	258.0	1.1721316905140433	0.011655702361279236	0.7781860799282974	0.918706378101362	0.7405900574511649	1.1396607349400962	fit	576	0	0.7698260082862307		discordant	-0.7378195212541756	True	True	True	0.00024708778460080794	False	FADS3
substantia_nigra	ENSG00000221986	M004	False	module_genes	576.0	258.0	1.1721316905140433	0.011655702361279236	0.7781860799282974	0.918706378101362	0.7405900574511649	1.1396607349400962	fit	576	0	0.7698260082862307		abundance_only	-0.10883746739329524	False	True	True	0.00024708778460080794	False	MYBPHL
putamen_basal_ganglia	ENSG00000223501	M001	False	module_genes	1357.0	442.0	1.0912117986546874	0.047881382694560784	0.0006194345015300029	1.534058117962331	1.283783885217848	1.8331234223950292	fit	1362	2	0.621535394693187	cellular component organization, cellular component organization or biogenesis	coupled	-0.6582760403966317	True	True	True	0.11466035574580133	False	VPS52
putamen_basal_ganglia	ENSG00000223768	M001	False	module_genes	1357.0	442.0	1.0912117986546874	0.047881382694560784	0.0006194345015300029	1.534058117962331	1.283783885217848	1.8331234223950292	fit	1362	2	0.621535394693187	cellular component organization, cellular component organization or biogenesis	coupled	-0.8228971199057966	True	True	True	0.11466035574580133	False	LINC00205
putamen_basal_ganglia	ENSG00000224383	M001	False	module_genes	1357.0	442.0	1.0912117986546874	0.047881382694560784	0.0006194345015300029	1.534058117962331	1.283783885217848	1.8331234223950292	fit	1362	2	0.621535394693187	cellular component organization, cellular component organization or biogenesis	abundance_only	-0.08047517523246585	False	True	True	0.11466035574580133	False	PRR29
cerebellar_hemisphere	ENSG00000224729	M003	False	module_genes	933.0	425.0	1.2081705355746633	8.4745538920076e-06	0.9824318896667084	0.9930373477864146	0.841316031824618	1.1721197942228745	fit	949	6	0.4914345904277392	nucleoside triphosphate biosynthetic process, nucleotide biosynthetic process, ribonucleoside triphosphate biosynthetic process	discordant	-0.5953404454441317	True	True	True	0.0005349642016498918	False	PCOLCE-AS1
substantia_nigra	ENSG00000225313	M004	False	module_genes	576.0	258.0	1.1721316905140433	0.011655702361279236	0.7781860799282974	0.918706378101362	0.7405900574511649	1.1396607349400962	fit	576	0	0.7698260082862307		discordant	-0.32043083019984125	True	True	True	0.00024708778460080794	False	ENSG00000225313
putamen_basal_ganglia	ENSG00000226026	M001	False	module_genes	1357.0	442.0	1.0912117986546874	0.047881382694560784	0.0006194345015300029	1.534058117962331	1.283783885217848	1.8331234223950292	fit	1362	2	0.621535394693187	cellular component organization, cellular component organization or biogenesis	discordant	-0.35095928758580036	True	True	True	0.11466035574580133	False	RWDD3-DT
frontal_cortex_ba9	ENSG00000226562	M002	False	switch_genes	944.0	397.0	1.1557051891629841	0.00318554872261526	0.7587216383378627	1.0717296069978584	0.9080390999593985	1.2649282950119018	fit	1034	21	0.029361098554400673	supramolecular fiber organization, cell migration, actin cytoskeleton organization	discordant	-0.3852914293500556	True	True	True	1.249258128763103e-06	True	CYP4F26P
substantia_nigra	ENSG00000226742	M004	False	module_genes	576.0	258.0	1.1721316905140433	0.011655702361279236	0.7781860799282974	0.918706378101362	0.7405900574511649	1.1396607349400962	fit	576	0	0.7698260082862307		discordant	-0.6040862668224872	True	True	True	0.00024708778460080794	False	HSBP1L1
hypothalamus	ENSG00000227888	M014	False	switch_genes	87.0	41.0	1.727969348659004	0.002694740306695324	0.0755268998708689	2.112315999719547	1.2640840959982327	3.5297326315522497	fit	99	31	0.04475469901505802	cilium movement, cilium-dependent cell motility, cilium or flagellum-dependent cell motility	coupled	-0.7414358496688935	True	True	True	1.0	True	FAM66A
cerebellar_hemisphere	ENSG00000228109	M003	False	module_genes	933.0	425.0	1.2081705355746633	8.4745538920076e-06	0.9824318896667084	0.9930373477864146	0.841316031824618	1.1721197942228745	fit	949	6	0.4914345904277392	nucleoside triphosphate biosynthetic process, nucleotide biosynthetic process, ribonucleoside triphosphate biosynthetic process	discordant	-0.4393282472568868	True	True	True	0.0005349642016498918	False	MELTF-AS1
substantia_nigra	ENSG00000228109	M004	False	module_genes	576.0	258.0	1.1721316905140433	0.011655702361279236	0.7781860799282974	0.918706378101362	0.7405900574511649	1.1396607349400962	fit	576	0	0.7698260082862307		discordant	-0.5359401157218296	True	True	True	0.00024708778460080794	False	MELTF-AS1
cerebellar_hemisphere	ENSG00000228300	M003	False	module_genes	933.0	425.0	1.2081705355746633	8.4745538920076e-06	0.9824318896667084	0.9930373477864146	0.841316031824618	1.1721197942228745	fit	949	6	0.4914345904277392	nucleoside triphosphate biosynthetic process, nucleotide biosynthetic process, ribonucleoside triphosphate biosynthetic process	switch_only	-0.5623093494785286	True	True	True	0.0005349642016498918	False	FAM174C
frontal_cortex_ba9	ENSG00000229337	M002	False	switch_genes	944.0	397.0	1.1557051891629841	0.00318554872261526	0.7587216383378627	1.0717296069978584	0.9080390999593985	1.2649282950119018	fit	1034	21	0.029361098554400673	supramolecular fiber organization, cell migration, actin cytoskeleton organization	switch_only	-0.398070138984883	True	True	True	1.249258128763103e-06	True	ENSG00000229337
substantia_nigra	ENSG00000229431	M004	False	module_genes	576.0	258.0	1.1721316905140433	0.011655702361279236	0.7781860799282974	0.918706378101362	0.7405900574511649	1.1396607349400962	fit	576	0	0.7698260082862307		abundance_only	-0.0816731353262946	False	True	True	0.00024708778460080794	False	MED8-AS1
cerebellar_hemisphere	ENSG00000229809	M003	False	module_genes	933.0	425.0	1.2081705355746633	8.4745538920076e-06	0.9824318896667084	0.9930373477864146	0.841316031824618	1.1721197942228745	fit	949	6	0.4914345904277392	nucleoside triphosphate biosynthetic process, nucleotide biosynthetic process, ribonucleoside triphosphate biosynthetic process	discordant	-0.8001288571943942	True	True	True	0.0005349642016498918	False	ZNF688
substantia_nigra	ENSG00000229953	M004	False	module_genes	576.0	258.0	1.1721316905140433	0.011655702361279236	0.7781860799282974	0.918706378101362	0.7405900574511649	1.1396607349400962	fit	576	0	0.7698260082862307		abundance_only	-0.11106925448211352	False	True	True	0.00024708778460080794	False	BCAN-AS2
cerebellar_hemisphere	ENSG00000230337	M003	False	module_genes	933.0	425.0	1.2081705355746633	8.4745538920076e-06	0.9824318896667084	0.9930373477864146	0.841316031824618	1.1721197942228745	fit	949	6	0.4914345904277392	nucleoside triphosphate biosynthetic process, nucleotide biosynthetic process, ribonucleoside triphosphate biosynthetic process	discordant	-0.6226240730212957	True	True	True	0.0005349642016498918	False	EXOSC10-AS1
hypothalamus	ENSG00000230337	M014	False	switch_genes	87.0	41.0	1.727969348659004	0.002694740306695324	0.0755268998708689	2.112315999719547	1.2640840959982327	3.5297326315522497	fit	99	31	0.04475469901505802	cilium movement, cilium-dependent cell motility, cilium or flagellum-dependent cell motility	discordant	-0.4547979251493558	True	True	True	1.0	True	EXOSC10-AS1
frontal_cortex_ba9	ENSG00000230461	M002	False	switch_genes	944.0	397.0	1.1557051891629841	0.00318554872261526	0.7587216383378627	1.0717296069978584	0.9080390999593985	1.2649282950119018	fit	1034	21	0.029361098554400673	supramolecular fiber organization, cell migration, actin cytoskeleton organization	abundance_only		False	True	True	1.249258128763103e-06	True	PROX1-AS1
frontal_cortex_ba9	ENSG00000231246	M002	False	switch_genes	944.0	397.0	1.1557051891629841	0.00318554872261526	0.7587216383378627	1.0717296069978584	0.9080390999593985	1.2649282950119018	fit	1034	21	0.029361098554400673	supramolecular fiber organization, cell migration, actin cytoskeleton organization	abundance_only		False	True	True	1.249258128763103e-06	True	LINC02884
substantia_nigra	ENSG00000232352	M004	False	module_genes	576.0	258.0	1.1721316905140433	0.011655702361279236	0.7781860799282974	0.918706378101362	0.7405900574511649	1.1396607349400962	fit	576	0	0.7698260082862307		discordant	-0.5019141867137018	True	True	True	0.00024708778460080794	False	SEMA3B-AS1
hypothalamus	ENSG00000232504	M014	False	switch_genes	87.0	41.0	1.727969348659004	0.002694740306695324	0.0755268998708689	2.112315999719547	1.2640840959982327	3.5297326315522497	fit	99	31	0.04475469901505802	cilium movement, cilium-dependent cell motility, cilium or flagellum-dependent cell motility	switch_only	-0.3024153090947257	True	True	True	1.0	True	ST3GAL5-AS1
putamen_basal_ganglia	ENSG00000234616	M001	False	module_genes	1357.0	442.0	1.0912117986546874	0.047881382694560784	0.0006194345015300029	1.534058117962331	1.283783885217848	1.8331234223950292	fit	1362	2	0.621535394693187	cellular component organization, cellular component organization or biogenesis	discordant	-0.2966786165716395	True	True	True	0.11466035574580133	False	JRK
frontal_cortex_ba9	ENSG00000234745	M002	False	switch_genes	944.0	397.0	1.1557051891629841	0.00318554872261526	0.7587216383378627	1.0717296069978584	0.9080390999593985	1.2649282950119018	fit	1034	21	0.029361098554400673	supramolecular fiber organization, cell migration, actin cytoskeleton organization	abundance_only		False	True	True	1.249258128763103e-06	True	HLA-B
cerebellar_hemisphere	ENSG00000235016	M003	False	module_genes	933.0	425.0	1.2081705355746633	8.4745538920076e-06	0.9824318896667084	0.9930373477864146	0.841316031824618	1.1721197942228745	fit	949	6	0.4914345904277392	nucleoside triphosphate biosynthetic process, nucleotide biosynthetic process, ribonucleoside triphosphate biosynthetic process	discordant	-0.31235130012627416	True	True	True	0.0005349642016498918	False	SEMA3F-AS1
frontal_cortex_ba9	ENSG00000235098	M002	False	switch_genes	944.0	397.0	1.1557051891629841	0.00318554872261526	0.7587216383378627	1.0717296069978584	0.9080390999593985	1.2649282950119018	fit	1034	21	0.029361098554400673	supramolecular fiber organization, cell migration, actin cytoskeleton organization	switch_only	-0.39968130182257594	True	True	True	1.249258128763103e-06	True	ANKRD65
substantia_nigra	ENSG00000235106	M004	False	module_genes	576.0	258.0	1.1721316905140433	0.011655702361279236	0.7781860799282974	0.918706378101362	0.7405900574511649	1.1396607349400962	fit	576	0	0.7698260082862307		abundance_only	-0.08181822807431205	False	True	True	0.00024708778460080794	False	BRD3OS
cerebellar_hemisphere	ENSG00000235173	M003	False	module_genes	933.0	425.0	1.2081705355746633	8.4745538920076e-06	0.9824318896667084	0.9930373477864146	0.841316031824618	1.1721197942228745	fit	949	6	0.4914345904277392	nucleoside triphosphate biosynthetic process, nucleotide biosynthetic process, ribonucleoside triphosphate biosynthetic process	discordant	-0.4599916679055939	True	True	True	0.0005349642016498918	False	HGH1
caudate_sczd	ENSG00000236279	M006	True	switch_genes	343.0	157.0	1.228849841094739	0.010660698329540308	0.17582615298288773	1.3819545740935557	1.0562243359485246	1.8081371351314661	fit	343	0	0.017871150734486828		discordant	0.702598430848929	True	True	True	6.938353180885315e-08	True	CLEC2L
substantia_nigra	ENSG00000236279	M004	False	module_genes	576.0	258.0	1.1721316905140433	0.011655702361279236	0.7781860799282974	0.918706378101362	0.7405900574511649	1.1396607349400962	fit	576	0	0.7698260082862307		discordant	-0.284005054883184	True	True	True	0.00024708778460080794	False	CLEC2L
caudate_sczd	ENSG00000236790	M006	True	switch_genes	343.0	157.0	1.228849841094739	0.010660698329540308	0.17582615298288773	1.3819545740935557	1.0562243359485246	1.8081371351314661	fit	343	0	0.017871150734486828		discordant	0.6056360931547631	True	True	True	6.938353180885315e-08	True	LINC00299
cerebellar_hemisphere	ENSG00000236991	M003	False	module_genes	933.0	425.0	1.2081705355746633	8.4745538920076e-06	0.9824318896667084	0.9930373477864146	0.841316031824618	1.1721197942228745	fit	949	6	0.4914345904277392	nucleoside triphosphate biosynthetic process, nucleotide biosynthetic process, ribonucleoside triphosphate biosynthetic process	discordant	-0.3327177951929374	True	True	True	0.0005349642016498918	False	EDRF1-AS1
frontal_cortex_ba9	ENSG00000237159	M002	False	switch_genes	944.0	397.0	1.1557051891629841	0.00318554872261526	0.7587216383378627	1.0717296069978584	0.9080390999593985	1.2649282950119018	fit	1034	21	0.029361098554400673	supramolecular fiber organization, cell migration, actin cytoskeleton organization	discordant	-0.2621081916577586	True	True	True	1.249258128763103e-06	True	CNTFR-AS1
frontal_cortex_ba9	ENSG00000237289	M002	False	switch_genes	944.0	397.0	1.1557051891629841	0.00318554872261526	0.7587216383378627	1.0717296069978584	0.9080390999593985	1.2649282950119018	fit	1034	21	0.029361098554400673	supramolecular fiber organization, cell migration, actin cytoskeleton organization	abundance_only	-0.07875575677332021	False	True	True	1.249258128763103e-06	True	CKMT1B
putamen_basal_ganglia	ENSG00000238164	M001	False	module_genes	1357.0	442.0	1.0912117986546874	0.047881382694560784	0.0006194345015300029	1.534058117962331	1.283783885217848	1.8331234223950292	fit	1362	2	0.621535394693187	cellular component organization, cellular component organization or biogenesis	abundance_only	0.06569910564227147	False	True	True	0.11466035574580133	False	TNFRSF14-AS1
putamen_basal_ganglia	ENSG00000239306	M001	False	module_genes	1357.0	442.0	1.0912117986546874	0.047881382694560784	0.0006194345015300029	1.534058117962331	1.283783885217848	1.8331234223950292	fit	1362	2	0.621535394693187	cellular component organization, cellular component organization or biogenesis	coupled	-0.7725543736059205	True	True	True	0.11466035574580133	False	RBM14
cerebellar_hemisphere	ENSG00000239857	M003	False	module_genes	933.0	425.0	1.2081705355746633	8.4745538920076e-06	0.9824318896667084	0.9930373477864146	0.841316031824618	1.1721197942228745	fit	949	6	0.4914345904277392	nucleoside triphosphate biosynthetic process, nucleotide biosynthetic process, ribonucleoside triphosphate biosynthetic process	discordant	-0.680138959972789	True	True	True	0.0005349642016498918	False	GET4
substantia_nigra	ENSG00000239857	M004	False	module_genes	576.0	258.0	1.1721316905140433	0.011655702361279236	0.7781860799282974	0.918706378101362	0.7405900574511649	1.1396607349400962	fit	576	0	0.7698260082862307		discordant	-0.645159317822218	True	True	True	0.00024708778460080794	False	GET4
putamen_basal_ganglia	ENSG00000240184	M001	False	module_genes	1357.0	442.0	1.0912117986546874	0.047881382694560784	0.0006194345015300029	1.534058117962331	1.283783885217848	1.8331234223950292	fit	1362	2	0.621535394693187	cellular component organization, cellular component organization or biogenesis	coupled	-0.7354271302339005	True	True	True	0.11466035574580133	False	PCDHGC3
putamen_basal_ganglia	ENSG00000240583	M001	False	module_genes	1357.0	442.0	1.0912117986546874	0.047881382694560784	0.0006194345015300029	1.534058117962331	1.283783885217848	1.8331234223950292	fit	1362	2	0.621535394693187	cellular component organization, cellular component organization or biogenesis	switch_only	-0.5601578350060328	True	True	True	0.11466035574580133	False	AQP1
substantia_nigra	ENSG00000241127	M004	False	module_genes	576.0	258.0	1.1721316905140433	0.011655702361279236	0.7781860799282974	0.918706378101362	0.7405900574511649	1.1396607349400962	fit	576	0	0.7698260082862307		discordant	-0.37001362814323246	True	True	True	0.00024708778460080794	False	YAE1
cerebellar_hemisphere	ENSG00000241852	M003	False	module_genes	933.0	425.0	1.2081705355746633	8.4745538920076e-06	0.9824318896667084	0.9930373477864146	0.841316031824618	1.1721197942228745	fit	949	6	0.4914345904277392	nucleoside triphosphate biosynthetic process, nucleotide biosynthetic process, ribonucleoside triphosphate biosynthetic process	discordant	-0.5468865594185	True	True	True	0.0005349642016498918	False	C8orf58
putamen_basal_ganglia	ENSG00000241973	M001	False	module_genes	1357.0	442.0	1.0912117986546874	0.047881382694560784	0.0006194345015300029	1.534058117962331	1.283783885217848	1.8331234223950292	fit	1362	2	0.621535394693187	cellular component organization, cellular component organization or biogenesis	coupled	-0.7450912250173083	True	True	True	0.11466035574580133	False	PI4KA
putamen_basal_ganglia	ENSG00000242086	M001	False	module_genes	1357.0	442.0	1.0912117986546874	0.047881382694560784	0.0006194345015300029	1.534058117962331	1.283783885217848	1.8331234223950292	fit	1362	2	0.621535394693187	cellular component organization, cellular component organization or biogenesis	discordant	-0.48453017825319994	True	True	True	0.11466035574580133	False	MUC20-OT1
cerebellar_hemisphere	ENSG00000242485	M003	False	module_genes	933.0	425.0	1.2081705355746633	8.4745538920076e-06	0.9824318896667084	0.9930373477864146	0.841316031824618	1.1721197942228745	fit	949	6	0.4914345904277392	nucleoside triphosphate biosynthetic process, nucleotide biosynthetic process, ribonucleoside triphosphate biosynthetic process	coupled	-0.8094305658459026	True	True	True	0.0005349642016498918	False	MRPL20
substantia_nigra	ENSG00000242612	M004	False	module_genes	576.0	258.0	1.1721316905140433	0.011655702361279236	0.7781860799282974	0.918706378101362	0.7405900574511649	1.1396607349400962	fit	576	0	0.7698260082862307		discordant	-0.4668285656787279	True	True	True	0.00024708778460080794	False	DECR2
putamen_basal_ganglia	ENSG00000243232	M001	False	module_genes	1357.0	442.0	1.0912117986546874	0.047881382694560784	0.0006194345015300029	1.534058117962331	1.283783885217848	1.8331234223950292	fit	1362	2	0.621535394693187	cellular component organization, cellular component organization or biogenesis	coupled	-0.7276146086164341	True	True	True	0.11466035574580133	False	PCDHAC2
caudate_sczd	ENSG00000243646	M006	True	switch_genes	343.0	157.0	1.228849841094739	0.010660698329540308	0.17582615298288773	1.3819545740935557	1.0562243359485246	1.8081371351314661	fit	343	0	0.017871150734486828		discordant	0.6291349712652868	True	True	True	6.938353180885315e-08	True	IL10RB
cerebellar_hemisphere	ENSG00000243708	M003	False	module_genes	933.0	425.0	1.2081705355746633	8.4745538920076e-06	0.9824318896667084	0.9930373477864146	0.841316031824618	1.1721197942228745	fit	949	6	0.4914345904277392	nucleoside triphosphate biosynthetic process, nucleotide biosynthetic process, ribonucleoside triphosphate biosynthetic process	discordant	-0.504840212129379	True	True	True	0.0005349642016498918	False	PLA2G4B
hypothalamus	ENSG00000243710	M014	False	switch_genes	87.0	41.0	1.727969348659004	0.002694740306695324	0.0755268998708689	2.112315999719547	1.2640840959982327	3.5297326315522497	fit	99	31	0.04475469901505802	cilium movement, cilium-dependent cell motility, cilium or flagellum-dependent cell motility	abundance_only		False	True	True	1.0	True	CFAP57
putamen_basal_ganglia	ENSG00000244038	M001	False	module_genes	1357.0	442.0	1.0912117986546874	0.047881382694560784	0.0006194345015300029	1.534058117962331	1.283783885217848	1.8331234223950292	fit	1362	2	0.621535394693187	cellular component organization, cellular component organization or biogenesis	coupled	-0.39085542603498136	True	True	True	0.11466035574580133	False	DDOST
frontal_cortex_ba9	ENSG00000244607	M002	False	switch_genes	944.0	397.0	1.1557051891629841	0.00318554872261526	0.7587216383378627	1.0717296069978584	0.9080390999593985	1.2649282950119018	fit	1034	21	0.029361098554400673	supramolecular fiber organization, cell migration, actin cytoskeleton organization	coupled	-0.3868554308355322	True	True	True	1.249258128763103e-06	True	CCDC13
caudate_sczd	ENSG00000245213	M006	True	switch_genes	343.0	157.0	1.228849841094739	0.010660698329540308	0.17582615298288773	1.3819545740935557	1.0562243359485246	1.8081371351314661	fit	343	0	0.017871150734486828		discordant	0.3607182543690439	True	True	True	6.938353180885315e-08	True	GALNT7-DT
frontal_cortex_ba9	ENSG00000245598	M002	False	switch_genes	944.0	397.0	1.1557051891629841	0.00318554872261526	0.7587216383378627	1.0717296069978584	0.9080390999593985	1.2649282950119018	fit	1034	21	0.029361098554400673	supramolecular fiber organization, cell migration, actin cytoskeleton organization	inactive	-0.11349190110684465	False	True	True	1.249258128763103e-06	True	DACT3-AS1
cerebellar_hemisphere	ENSG00000246640	M003	False	module_genes	933.0	425.0	1.2081705355746633	8.4745538920076e-06	0.9824318896667084	0.9930373477864146	0.841316031824618	1.1721197942228745	fit	949	6	0.4914345904277392	nucleoside triphosphate biosynthetic process, nucleotide biosynthetic process, ribonucleoside triphosphate biosynthetic process	discordant	-0.21179407161889088	True	True	True	0.0005349642016498918	False	PICART1
caudate_sczd	ENSG00000247287	M006	True	switch_genes	343.0	157.0	1.228849841094739	0.010660698329540308	0.17582615298288773	1.3819545740935557	1.0562243359485246	1.8081371351314661	fit	343	0	0.017871150734486828		discordant	0.7174083482278406	True	True	True	6.938353180885315e-08	True	PRKCH-AS1
putamen_basal_ganglia	ENSG00000247287	M001	False	module_genes	1357.0	442.0	1.0912117986546874	0.047881382694560784	0.0006194345015300029	1.534058117962331	1.283783885217848	1.8331234223950292	fit	1362	2	0.621535394693187	cellular component organization, cellular component organization or biogenesis	discordant	-0.315547961875998	True	True	True	0.11466035574580133	False	PRKCH-AS1
frontal_cortex_ba9	ENSG00000247675	M002	False	switch_genes	944.0	397.0	1.1557051891629841	0.00318554872261526	0.7587216383378627	1.0717296069978584	0.9080390999593985	1.2649282950119018	fit	1034	21	0.029361098554400673	supramolecular fiber organization, cell migration, actin cytoskeleton organization	abundance_only	-0.1768485670876485	False	True	True	1.249258128763103e-06	True	LRP4-AS1
frontal_cortex_ba9	ENSG00000248719	M002	False	switch_genes	944.0	397.0	1.1557051891629841	0.00318554872261526	0.7587216383378627	1.0717296069978584	0.9080390999593985	1.2649282950119018	fit	1034	21	0.029361098554400673	supramolecular fiber organization, cell migration, actin cytoskeleton organization	inactive	-0.1776061642798336	False	True	True	1.249258128763103e-06	True	PRDM8-AS1
cerebellar_hemisphere	ENSG00000249481	M003	False	module_genes	933.0	425.0	1.2081705355746633	8.4745538920076e-06	0.9824318896667084	0.9930373477864146	0.841316031824618	1.1721197942228745	fit	949	6	0.4914345904277392	nucleoside triphosphate biosynthetic process, nucleotide biosynthetic process, ribonucleoside triphosphate biosynthetic process	inactive		False	True	True	0.0005349642016498918	False	SPATS1
substantia_nigra	ENSG00000250067	M004	False	module_genes	576.0	258.0	1.1721316905140433	0.011655702361279236	0.7781860799282974	0.918706378101362	0.7405900574511649	1.1396607349400962	fit	576	0	0.7698260082862307		coupled	-0.6114565139998247	True	True	True	0.00024708778460080794	False	YJEFN3
substantia_nigra	ENSG00000250510	M004	False	module_genes	576.0	258.0	1.1721316905140433	0.011655702361279236	0.7781860799282974	0.918706378101362	0.7405900574511649	1.1396607349400962	fit	576	0	0.7698260082862307		abundance_only	-0.18562799441712244	False	True	True	0.00024708778460080794	False	GPR162
putamen_basal_ganglia	ENSG00000250608	M001	False	module_genes	1357.0	442.0	1.0912117986546874	0.047881382694560784	0.0006194345015300029	1.534058117962331	1.283783885217848	1.8331234223950292	fit	1362	2	0.621535394693187	cellular component organization, cellular component organization or biogenesis	discordant	-0.3255471094084938	True	True	True	0.11466035574580133	False	NUDT16-DT
caudate_sczd	ENSG00000250644	M006	True	switch_genes	343.0	157.0	1.228849841094739	0.010660698329540308	0.17582615298288773	1.3819545740935557	1.0562243359485246	1.8081371351314661	fit	343	0	0.017871150734486828		discordant	0.5353456407970385	True	True	True	6.938353180885315e-08	True	ENSG00000250644
cerebellar_hemisphere	ENSG00000253641	M003	False	module_genes	933.0	425.0	1.2081705355746633	8.4745538920076e-06	0.9824318896667084	0.9930373477864146	0.841316031824618	1.1721197942228745	fit	949	6	0.4914345904277392	nucleoside triphosphate biosynthetic process, nucleotide biosynthetic process, ribonucleoside triphosphate biosynthetic process	discordant	-0.31891858392694067	True	True	True	0.0005349642016498918	False	LINC03022
caudate_sczd	ENSG00000253973	M006	True	switch_genes	343.0	157.0	1.228849841094739	0.010660698329540308	0.17582615298288773	1.3819545740935557	1.0562243359485246	1.8081371351314661	fit	343	0	0.017871150734486828		switch_only	0.3247741201305396	True	True	True	6.938353180885315e-08	True	NRIP3-DT
cerebellar_hemisphere	ENSG00000254409	M003	False	module_genes	933.0	425.0	1.2081705355746633	8.4745538920076e-06	0.9824318896667084	0.9930373477864146	0.841316031824618	1.1721197942228745	fit	949	6	0.4914345904277392	nucleoside triphosphate biosynthetic process, nucleotide biosynthetic process, ribonucleoside triphosphate biosynthetic process	discordant	-0.20802554321088337	True	True	True	0.0005349642016498918	False	ENSG00000254409
cerebellar_hemisphere	ENSG00000254531	M003	False	module_genes	933.0	425.0	1.2081705355746633	8.4745538920076e-06	0.9824318896667084	0.9930373477864146	0.841316031824618	1.1721197942228745	fit	949	6	0.4914345904277392	nucleoside triphosphate biosynthetic process, nucleotide biosynthetic process, ribonucleoside triphosphate biosynthetic process	discordant	-0.5016051161062307	True	True	True	0.0005349642016498918	False	ENSG00000254531
frontal_cortex_ba9	ENSG00000254531	M002	False	switch_genes	944.0	397.0	1.1557051891629841	0.00318554872261526	0.7587216383378627	1.0717296069978584	0.9080390999593985	1.2649282950119018	fit	1034	21	0.029361098554400673	supramolecular fiber organization, cell migration, actin cytoskeleton organization	abundance_only	-0.1673178327927475	False	True	True	1.249258128763103e-06	True	ENSG00000254531
substantia_nigra	ENSG00000254531	M004	False	module_genes	576.0	258.0	1.1721316905140433	0.011655702361279236	0.7781860799282974	0.918706378101362	0.7405900574511649	1.1396607349400962	fit	576	0	0.7698260082862307		abundance_only	-0.08594271346550313	False	True	True	0.00024708778460080794	False	ENSG00000254531
frontal_cortex_ba9	ENSG00000254860	M002	False	switch_genes	944.0	397.0	1.1557051891629841	0.00318554872261526	0.7587216383378627	1.0717296069978584	0.9080390999593985	1.2649282950119018	fit	1034	21	0.029361098554400673	supramolecular fiber organization, cell migration, actin cytoskeleton organization	coupled	-0.22874080452638668	True	True	True	1.249258128763103e-06	True	TMEM9B-AS1
cerebellar_hemisphere	ENSG00000255198	M003	False	module_genes	933.0	425.0	1.2081705355746633	8.4745538920076e-06	0.9824318896667084	0.9930373477864146	0.841316031824618	1.1721197942228745	fit	949	6	0.4914345904277392	nucleoside triphosphate biosynthetic process, nucleotide biosynthetic process, ribonucleoside triphosphate biosynthetic process	inactive	-0.19658877858322016	False	True	True	0.0005349642016498918	False	SNHG9
substantia_nigra	ENSG00000255198	M004	False	module_genes	576.0	258.0	1.1721316905140433	0.011655702361279236	0.7781860799282974	0.918706378101362	0.7405900574511649	1.1396607349400962	fit	576	0	0.7698260082862307		discordant	-0.39581925376337046	True	True	True	0.00024708778460080794	False	SNHG9
cerebellar_hemisphere	ENSG00000255468	M003	False	module_genes	933.0	425.0	1.2081705355746633	8.4745538920076e-06	0.9824318896667084	0.9930373477864146	0.841316031824618	1.1721197942228745	fit	949	6	0.4914345904277392	nucleoside triphosphate biosynthetic process, nucleotide biosynthetic process, ribonucleoside triphosphate biosynthetic process	discordant	-0.27109358799529265	True	True	True	0.0005349642016498918	False	B4GAT1-DT
putamen_basal_ganglia	ENSG00000255471	M001	False	module_genes	1357.0	442.0	1.0912117986546874	0.047881382694560784	0.0006194345015300029	1.534058117962331	1.283783885217848	1.8331234223950292	fit	1362	2	0.621535394693187	cellular component organization, cellular component organization or biogenesis	switch_only	-0.21621020253180318	True	True	True	0.11466035574580133	False	PRSS23-AS1
cerebellar_hemisphere	ENSG00000256980	M003	False	module_genes	933.0	425.0	1.2081705355746633	8.4745538920076e-06	0.9824318896667084	0.9930373477864146	0.841316031824618	1.1721197942228745	fit	949	6	0.4914345904277392	nucleoside triphosphate biosynthetic process, nucleotide biosynthetic process, ribonucleoside triphosphate biosynthetic process	switch_only	-0.2673364421764384	True	True	True	0.0005349642016498918	False	KHDC1L
cerebellar_hemisphere	ENSG00000257727	M003	False	module_genes	933.0	425.0	1.2081705355746633	8.4745538920076e-06	0.9824318896667084	0.9930373477864146	0.841316031824618	1.1721197942228745	fit	949	6	0.4914345904277392	nucleoside triphosphate biosynthetic process, nucleotide biosynthetic process, ribonucleoside triphosphate biosynthetic process	abundance_only	-0.15969290769645905	False	True	True	0.0005349642016498918	False	CNPY2
frontal_cortex_ba9	ENSG00000257727	M002	False	switch_genes	944.0	397.0	1.1557051891629841	0.00318554872261526	0.7587216383378627	1.0717296069978584	0.9080390999593985	1.2649282950119018	fit	1034	21	0.029361098554400673	supramolecular fiber organization, cell migration, actin cytoskeleton organization	abundance_only	-0.12076362347205702	False	True	True	1.249258128763103e-06	True	CNPY2
putamen_basal_ganglia	ENSG00000257923	M001	False	module_genes	1357.0	442.0	1.0912117986546874	0.047881382694560784	0.0006194345015300029	1.534058117962331	1.283783885217848	1.8331234223950292	fit	1362	2	0.621535394693187	cellular component organization, cellular component organization or biogenesis	discordant	-0.28556710845581745	True	True	True	0.11466035574580133	False	CUX1
putamen_basal_ganglia	ENSG00000258168	M001	False	module_genes	1357.0	442.0	1.0912117986546874	0.047881382694560784	0.0006194345015300029	1.534058117962331	1.283783885217848	1.8331234223950292	fit	1362	2	0.621535394693187	cellular component organization, cellular component organization or biogenesis	discordant	-0.24988746432989722	True	True	True	0.11466035574580133	False	ENSG00000258168
frontal_cortex_ba9	ENSG00000258623	M002	False	switch_genes	944.0	397.0	1.1557051891629841	0.00318554872261526	0.7587216383378627	1.0717296069978584	0.9080390999593985	1.2649282950119018	fit	1034	21	0.029361098554400673	supramolecular fiber organization, cell migration, actin cytoskeleton organization	abundance_only		False	True	True	1.249258128763103e-06	True	ENSG00000258623
cerebellar_hemisphere	ENSG00000258725	M003	False	module_genes	933.0	425.0	1.2081705355746633	8.4745538920076e-06	0.9824318896667084	0.9930373477864146	0.841316031824618	1.1721197942228745	fit	949	6	0.4914345904277392	nucleoside triphosphate biosynthetic process, nucleotide biosynthetic process, ribonucleoside triphosphate biosynthetic process	discordant	-0.45873193986223615	True	True	True	0.0005349642016498918	False	PRC1-AS1
frontal_cortex_ba9	ENSG00000258986	M002	False	switch_genes	944.0	397.0	1.1557051891629841	0.00318554872261526	0.7587216383378627	1.0717296069978584	0.9080390999593985	1.2649282950119018	fit	1034	21	0.029361098554400673	supramolecular fiber organization, cell migration, actin cytoskeleton organization	discordant	-0.6831938698621888	True	True	True	1.249258128763103e-06	True	TMEM179
cerebellar_hemisphere	ENSG00000259494	M003	False	module_genes	933.0	425.0	1.2081705355746633	8.4745538920076e-06	0.9824318896667084	0.9930373477864146	0.841316031824618	1.1721197942228745	fit	949	6	0.4914345904277392	nucleoside triphosphate biosynthetic process, nucleotide biosynthetic process, ribonucleoside triphosphate biosynthetic process	discordant	-0.590093219850573	True	True	True	0.0005349642016498918	False	MRPL46
substantia_nigra	ENSG00000259494	M004	False	module_genes	576.0	258.0	1.1721316905140433	0.011655702361279236	0.7781860799282974	0.918706378101362	0.7405900574511649	1.1396607349400962	fit	576	0	0.7698260082862307		coupled	-0.6660417164815938	True	True	True	0.00024708778460080794	False	MRPL46
cerebellar_hemisphere	ENSG00000260186	M003	False	module_genes	933.0	425.0	1.2081705355746633	8.4745538920076e-06	0.9824318896667084	0.9930373477864146	0.841316031824618	1.1721197942228745	fit	949	6	0.4914345904277392	nucleoside triphosphate biosynthetic process, nucleotide biosynthetic process, ribonucleoside triphosphate biosynthetic process	discordant	-0.3035107496287148	True	True	True	0.0005349642016498918	False	LINC02137
cerebellar_hemisphere	ENSG00000260219	M003	False	module_genes	933.0	425.0	1.2081705355746633	8.4745538920076e-06	0.9824318896667084	0.9930373477864146	0.841316031824618	1.1721197942228745	fit	949	6	0.4914345904277392	nucleoside triphosphate biosynthetic process, nucleotide biosynthetic process, ribonucleoside triphosphate biosynthetic process	switch_only	-0.6044607771438962	True	True	True	0.0005349642016498918	False	CD2BP2-DT
cerebellar_hemisphere	ENSG00000260231	M003	False	module_genes	933.0	425.0	1.2081705355746633	8.4745538920076e-06	0.9824318896667084	0.9930373477864146	0.841316031824618	1.1721197942228745	fit	949	6	0.4914345904277392	nucleoside triphosphate biosynthetic process, nucleotide biosynthetic process, ribonucleoside triphosphate biosynthetic process	discordant	-0.27942503214589587	True	True	True	0.0005349642016498918	False	KDM7A-DT
substantia_nigra	ENSG00000260260	M004	False	module_genes	576.0	258.0	1.1721316905140433	0.011655702361279236	0.7781860799282974	0.918706378101362	0.7405900574511649	1.1396607349400962	fit	576	0	0.7698260082862307		switch_only	-0.41623905297841163	True	True	True	0.00024708778460080794	False	SNHG19
cerebellar_hemisphere	ENSG00000260500	M003	False	module_genes	933.0	425.0	1.2081705355746633	8.4745538920076e-06	0.9824318896667084	0.9930373477864146	0.841316031824618	1.1721197942228745	fit	949	6	0.4914345904277392	nucleoside triphosphate biosynthetic process, nucleotide biosynthetic process, ribonucleoside triphosphate biosynthetic process	discordant	-0.21821983673773876	True	True	True	0.0005349642016498918	False	ENSG00000260500
cerebellar_hemisphere	ENSG00000261183	M003	False	module_genes	933.0	425.0	1.2081705355746633	8.4745538920076e-06	0.9824318896667084	0.9930373477864146	0.841316031824618	1.1721197942228745	fit	949	6	0.4914345904277392	nucleoside triphosphate biosynthetic process, nucleotide biosynthetic process, ribonucleoside triphosphate biosynthetic process	abundance_only	-0.11010075164385748	False	True	True	0.0005349642016498918	False	SPINT1-AS1
cerebellar_hemisphere	ENSG00000261188	M003	False	module_genes	933.0	425.0	1.2081705355746633	8.4745538920076e-06	0.9824318896667084	0.9930373477864146	0.841316031824618	1.1721197942228745	fit	949	6	0.4914345904277392	nucleoside triphosphate biosynthetic process, nucleotide biosynthetic process, ribonucleoside triphosphate biosynthetic process	discordant	-0.23568859760211724	True	True	True	0.0005349642016498918	False	TFIP11-DT
caudate_sczd	ENSG00000261329	M006	True	switch_genes	343.0	157.0	1.228849841094739	0.010660698329540308	0.17582615298288773	1.3819545740935557	1.0562243359485246	1.8081371351314661	fit	343	0	0.017871150734486828		discordant	0.5444167960082121	True	True	True	6.938353180885315e-08	True	ENSG00000261329
substantia_nigra	ENSG00000261329	M004	False	module_genes	576.0	258.0	1.1721316905140433	0.011655702361279236	0.7781860799282974	0.918706378101362	0.7405900574511649	1.1396607349400962	fit	576	0	0.7698260082862307		discordant	-0.27273752239334725	True	True	True	0.00024708778460080794	False	ENSG00000261329
frontal_cortex_ba9	ENSG00000261371	M002	False	switch_genes	944.0	397.0	1.1557051891629841	0.00318554872261526	0.7587216383378627	1.0717296069978584	0.9080390999593985	1.2649282950119018	fit	1034	21	0.029361098554400673	supramolecular fiber organization, cell migration, actin cytoskeleton organization	abundance_only		False	True	True	1.249258128763103e-06	True	PECAM1
putamen_basal_ganglia	ENSG00000261971	M001	False	module_genes	1357.0	442.0	1.0912117986546874	0.047881382694560784	0.0006194345015300029	1.534058117962331	1.283783885217848	1.8331234223950292	fit	1362	2	0.621535394693187	cellular component organization, cellular component organization or biogenesis	discordant	-0.28169142716717344	True	True	True	0.11466035574580133	False	MMP25-AS1
substantia_nigra	ENSG00000261971	M004	False	module_genes	576.0	258.0	1.1721316905140433	0.011655702361279236	0.7781860799282974	0.918706378101362	0.7405900574511649	1.1396607349400962	fit	576	0	0.7698260082862307		discordant	-0.32844023006298906	True	True	True	0.00024708778460080794	False	MMP25-AS1
putamen_basal_ganglia	ENSG00000262188	M001	False	module_genes	1357.0	442.0	1.0912117986546874	0.047881382694560784	0.0006194345015300029	1.534058117962331	1.283783885217848	1.8331234223950292	fit	1362	2	0.621535394693187	cellular component organization, cellular component organization or biogenesis	discordant	-0.23819785409270539	True	True	True	0.11466035574580133	False	LINC01978
cerebellar_hemisphere	ENSG00000262246	M003	False	module_genes	933.0	425.0	1.2081705355746633	8.4745538920076e-06	0.9824318896667084	0.9930373477864146	0.841316031824618	1.1721197942228745	fit	949	6	0.4914345904277392	nucleoside triphosphate biosynthetic process, nucleotide biosynthetic process, ribonucleoside triphosphate biosynthetic process	coupled	-0.8304407558792195	True	True	True	0.0005349642016498918	False	CORO7
frontal_cortex_ba9	ENSG00000262655	M002	False	switch_genes	944.0	397.0	1.1557051891629841	0.00318554872261526	0.7587216383378627	1.0717296069978584	0.9080390999593985	1.2649282950119018	fit	1034	21	0.029361098554400673	supramolecular fiber organization, cell migration, actin cytoskeleton organization	abundance_only		False	True	True	1.249258128763103e-06	True	SPON1
putamen_basal_ganglia	ENSG00000262678	M001	False	module_genes	1357.0	442.0	1.0912117986546874	0.047881382694560784	0.0006194345015300029	1.534058117962331	1.283783885217848	1.8331234223950292	fit	1362	2	0.621535394693187	cellular component organization, cellular component organization or biogenesis	discordant	-0.45520551546246263	True	True	True	0.11466035574580133	False	CAMTA2-AS1
hypothalamus	ENSG00000263050	M014	False	switch_genes	87.0	41.0	1.727969348659004	0.002694740306695324	0.0755268998708689	2.112315999719547	1.2640840959982327	3.5297326315522497	fit	99	31	0.04475469901505802	cilium movement, cilium-dependent cell motility, cilium or flagellum-dependent cell motility	coupled	-0.284432832363561	True	True	True	1.0	True	DPH1-AS1
substantia_nigra	ENSG00000263327	M004	False	module_genes	576.0	258.0	1.1721316905140433	0.011655702361279236	0.7781860799282974	0.918706378101362	0.7405900574511649	1.1396607349400962	fit	576	0	0.7698260082862307		abundance_only	-0.11259951548012871	False	True	True	0.00024708778460080794	False	TAPT1-AS1
frontal_cortex_ba9	ENSG00000264522	M002	False	switch_genes	944.0	397.0	1.1557051891629841	0.00318554872261526	0.7587216383378627	1.0717296069978584	0.9080390999593985	1.2649282950119018	fit	1034	21	0.029361098554400673	supramolecular fiber organization, cell migration, actin cytoskeleton organization	abundance_only		False	True	True	1.249258128763103e-06	True	OTUD7B
caudate_sczd	ENSG00000264575	M006	True	switch_genes	343.0	157.0	1.228849841094739	0.010660698329540308	0.17582615298288773	1.3819545740935557	1.0562243359485246	1.8081371351314661	fit	343	0	0.017871150734486828		switch_only	0.349010014183222	True	True	True	6.938353180885315e-08	True	LINC00526
putamen_basal_ganglia	ENSG00000266074	M001	False	module_genes	1357.0	442.0	1.0912117986546874	0.047881382694560784	0.0006194345015300029	1.534058117962331	1.283783885217848	1.8331234223950292	fit	1362	2	0.621535394693187	cellular component organization, cellular component organization or biogenesis	coupled	-0.44643683724559646	True	True	True	0.11466035574580133	False	BAHCC1
frontal_cortex_ba9	ENSG00000267082	M002	False	switch_genes	944.0	397.0	1.1557051891629841	0.00318554872261526	0.7587216383378627	1.0717296069978584	0.9080390999593985	1.2649282950119018	fit	1034	21	0.029361098554400673	supramolecular fiber organization, cell migration, actin cytoskeleton organization	discordant	-0.23547485308884378	True	True	True	1.249258128763103e-06	True	DOCK6-AS1
frontal_cortex_ba9	ENSG00000267169	M002	False	switch_genes	944.0	397.0	1.1557051891629841	0.00318554872261526	0.7587216383378627	1.0717296069978584	0.9080390999593985	1.2649282950119018	fit	1034	21	0.029361098554400673	supramolecular fiber organization, cell migration, actin cytoskeleton organization	coupled	-0.4505559235683952	True	True	True	1.249258128763103e-06	True	ADGRL1-AS1
cerebellar_hemisphere	ENSG00000267244	M003	False	module_genes	933.0	425.0	1.2081705355746633	8.4745538920076e-06	0.9824318896667084	0.9930373477864146	0.841316031824618	1.1721197942228745	fit	949	6	0.4914345904277392	nucleoside triphosphate biosynthetic process, nucleotide biosynthetic process, ribonucleoside triphosphate biosynthetic process	discordant	-0.2755387091201842	True	True	True	0.0005349642016498918	False	ENSG00000267244
putamen_basal_ganglia	ENSG00000267432	M001	False	module_genes	1357.0	442.0	1.0912117986546874	0.047881382694560784	0.0006194345015300029	1.534058117962331	1.283783885217848	1.8331234223950292	fit	1362	2	0.621535394693187	cellular component organization, cellular component organization or biogenesis	abundance_only	-0.1647552067406802	False	True	True	0.11466035574580133	False	DNAH17-AS1
cerebellar_hemisphere	ENSG00000268858	M003	False	module_genes	933.0	425.0	1.2081705355746633	8.4745538920076e-06	0.9824318896667084	0.9930373477864146	0.841316031824618	1.1721197942228745	fit	949	6	0.4914345904277392	nucleoside triphosphate biosynthetic process, nucleotide biosynthetic process, ribonucleoside triphosphate biosynthetic process	abundance_only		False	True	True	0.0005349642016498918	False	ENSG00000268858
caudate_sczd	ENSG00000269190	M006	True	switch_genes	343.0	157.0	1.228849841094739	0.010660698329540308	0.17582615298288773	1.3819545740935557	1.0562243359485246	1.8081371351314661	fit	343	0	0.017871150734486828		discordant	0.631929669536721	True	True	True	6.938353180885315e-08	True	FBXO17
cerebellar_hemisphere	ENSG00000269313	M003	False	module_genes	933.0	425.0	1.2081705355746633	8.4745538920076e-06	0.9824318896667084	0.9930373477864146	0.841316031824618	1.1721197942228745	fit	949	6	0.4914345904277392	nucleoside triphosphate biosynthetic process, nucleotide biosynthetic process, ribonucleoside triphosphate biosynthetic process	discordant	-0.6667676581151512	True	True	True	0.0005349642016498918	False	MAGIX
substantia_nigra	ENSG00000269335	M004	False	module_genes	576.0	258.0	1.1721316905140433	0.011655702361279236	0.7781860799282974	0.918706378101362	0.7405900574511649	1.1396607349400962	fit	576	0	0.7698260082862307		discordant	-0.4444353580327893	True	True	True	0.00024708778460080794	False	IKBKG
cerebellar_hemisphere	ENSG00000269352	M003	False	module_genes	933.0	425.0	1.2081705355746633	8.4745538920076e-06	0.9824318896667084	0.9930373477864146	0.841316031824618	1.1721197942228745	fit	949	6	0.4914345904277392	nucleoside triphosphate biosynthetic process, nucleotide biosynthetic process, ribonucleoside triphosphate biosynthetic process	discordant	-0.40802750044692226	True	True	True	0.0005349642016498918	False	PTOV1-AS2
substantia_nigra	ENSG00000269696	M004	False	module_genes	576.0	258.0	1.1721316905140433	0.011655702361279236	0.7781860799282974	0.918706378101362	0.7405900574511649	1.1396607349400962	fit	576	0	0.7698260082862307		discordant	-0.2604464536640795	True	True	True	0.00024708778460080794	False	ZNF470-DT
frontal_cortex_ba9	ENSG00000270111	M002	False	switch_genes	944.0	397.0	1.1557051891629841	0.00318554872261526	0.7587216383378627	1.0717296069978584	0.9080390999593985	1.2649282950119018	fit	1034	21	0.029361098554400673	supramolecular fiber organization, cell migration, actin cytoskeleton organization	discordant	-0.22620544688218208	True	True	True	1.249258128763103e-06	True	CELF2-DT
frontal_cortex_ba9	ENSG00000270647	M002	False	switch_genes	944.0	397.0	1.1557051891629841	0.00318554872261526	0.7587216383378627	1.0717296069978584	0.9080390999593985	1.2649282950119018	fit	1034	21	0.029361098554400673	supramolecular fiber organization, cell migration, actin cytoskeleton organization	abundance_only	0.10399872100713618	False	True	True	1.249258128763103e-06	True	TAF15
caudate_sczd	ENSG00000272368	M006	True	switch_genes	343.0	157.0	1.228849841094739	0.010660698329540308	0.17582615298288773	1.3819545740935557	1.0562243359485246	1.8081371351314661	fit	343	0	0.017871150734486828		discordant	0.6011228197170997	True	True	True	6.938353180885315e-08	True	ENSG00000272368
frontal_cortex_ba9	ENSG00000273265	M002	False	switch_genes	944.0	397.0	1.1557051891629841	0.00318554872261526	0.7587216383378627	1.0717296069978584	0.9080390999593985	1.2649282950119018	fit	1034	21	0.029361098554400673	supramolecular fiber organization, cell migration, actin cytoskeleton organization	abundance_only	-0.16972777377767784	False	True	True	1.249258128763103e-06	True	CNNM3-DT
caudate_sczd	ENSG00000274026	M006	True	switch_genes	343.0	157.0	1.228849841094739	0.010660698329540308	0.17582615298288773	1.3819545740935557	1.0562243359485246	1.8081371351314661	fit	343	0	0.017871150734486828		discordant	0.5819055419996769	True	True	True	6.938353180885315e-08	True	FAM27E3
putamen_basal_ganglia	ENSG00000274349	M001	False	module_genes	1357.0	442.0	1.0912117986546874	0.047881382694560784	0.0006194345015300029	1.534058117962331	1.283783885217848	1.8331234223950292	fit	1362	2	0.621535394693187	cellular component organization, cellular component organization or biogenesis	discordant	-0.227510961096915	True	True	True	0.11466035574580133	False	ZNF658
frontal_cortex_ba9	ENSG00000275830	M002	False	switch_genes	944.0	397.0	1.1557051891629841	0.00318554872261526	0.7587216383378627	1.0717296069978584	0.9080390999593985	1.2649282950119018	fit	1034	21	0.029361098554400673	supramolecular fiber organization, cell migration, actin cytoskeleton organization	switch_only	-0.6207033066595679	True	True	True	1.249258128763103e-06	True	LINC03082
putamen_basal_ganglia	ENSG00000275832	M001	False	module_genes	1357.0	442.0	1.0912117986546874	0.047881382694560784	0.0006194345015300029	1.534058117962331	1.283783885217848	1.8331234223950292	fit	1362	2	0.621535394693187	cellular component organization, cellular component organization or biogenesis	coupled	-0.7963249156909479	True	True	True	0.11466035574580133	False	ARHGAP23
frontal_cortex_ba9	ENSG00000277215	M002	False	switch_genes	944.0	397.0	1.1557051891629841	0.00318554872261526	0.7587216383378627	1.0717296069978584	0.9080390999593985	1.2649282950119018	fit	1034	21	0.029361098554400673	supramolecular fiber organization, cell migration, actin cytoskeleton organization	discordant	-0.5005400332385824	True	True	True	1.249258128763103e-06	True	SPANXA2-OT1
cerebellar_hemisphere	ENSG00000277268	M003	False	module_genes	933.0	425.0	1.2081705355746633	8.4745538920076e-06	0.9824318896667084	0.9930373477864146	0.841316031824618	1.1721197942228745	fit	949	6	0.4914345904277392	nucleoside triphosphate biosynthetic process, nucleotide biosynthetic process, ribonucleoside triphosphate biosynthetic process	discordant	-0.8115980955159247	True	True	True	0.0005349642016498918	False	LHX1-DT
cerebellar_hemisphere	ENSG00000277972	M003	False	module_genes	933.0	425.0	1.2081705355746633	8.4745538920076e-06	0.9824318896667084	0.9930373477864146	0.841316031824618	1.1721197942228745	fit	949	6	0.4914345904277392	nucleoside triphosphate biosynthetic process, nucleotide biosynthetic process, ribonucleoside triphosphate biosynthetic process	coupled	-0.33544962283180424	True	True	True	0.0005349642016498918	False	CISD3
cerebellar_hemisphere	ENSG00000279088	M003	False	module_genes	933.0	425.0	1.2081705355746633	8.4745538920076e-06	0.9824318896667084	0.9930373477864146	0.841316031824618	1.1721197942228745	fit	949	6	0.4914345904277392	nucleoside triphosphate biosynthetic process, nucleotide biosynthetic process, ribonucleoside triphosphate biosynthetic process	discordant	-0.2991204276071929	True	True	True	0.0005349642016498918	False	ENSG00000279088
substantia_nigra	ENSG00000279088	M004	False	module_genes	576.0	258.0	1.1721316905140433	0.011655702361279236	0.7781860799282974	0.918706378101362	0.7405900574511649	1.1396607349400962	fit	576	0	0.7698260082862307		discordant	-0.5129658650917173	True	True	True	0.00024708778460080794	False	ENSG00000279088
frontal_cortex_ba9	ENSG00000284308	M002	False	switch_genes	944.0	397.0	1.1557051891629841	0.00318554872261526	0.7587216383378627	1.0717296069978584	0.9080390999593985	1.2649282950119018	fit	1034	21	0.029361098554400673	supramolecular fiber organization, cell migration, actin cytoskeleton organization	discordant	-0.5182894422440824	True	True	True	1.249258128763103e-06	True	C2orf81
frontal_cortex_ba9	ENSG00000284669	M002	False	switch_genes	944.0	397.0	1.1557051891629841	0.00318554872261526	0.7587216383378627	1.0717296069978584	0.9080390999593985	1.2649282950119018	fit	1034	21	0.029361098554400673	supramolecular fiber organization, cell migration, actin cytoskeleton organization	inactive	-0.10954389087932068	False	True	True	1.249258128763103e-06	True	ENSG00000284669
frontal_cortex_ba9	ENSG00000284966	M002	False	switch_genes	944.0	397.0	1.1557051891629841	0.00318554872261526	0.7587216383378627	1.0717296069978584	0.9080390999593985	1.2649282950119018	fit	1034	21	0.029361098554400673	supramolecular fiber organization, cell migration, actin cytoskeleton organization	switch_only	-0.45556759675252667	True	True	True	1.249258128763103e-06	True	ENSG00000284966
frontal_cortex_ba9	ENSG00000284968	M002	False	switch_genes	944.0	397.0	1.1557051891629841	0.00318554872261526	0.7587216383378627	1.0717296069978584	0.9080390999593985	1.2649282950119018	fit	1034	21	0.029361098554400673	supramolecular fiber organization, cell migration, actin cytoskeleton organization	abundance_only		False	True	True	1.249258128763103e-06	True	ENSG00000284968
frontal_cortex_ba9	ENSG00000285043	M002	False	switch_genes	944.0	397.0	1.1557051891629841	0.00318554872261526	0.7587216383378627	1.0717296069978584	0.9080390999593985	1.2649282950119018	fit	1034	21	0.029361098554400673	supramolecular fiber organization, cell migration, actin cytoskeleton organization	discordant	-0.4083167988772517	True	True	True	1.249258128763103e-06	True	ENSG00000285043
cerebellar_hemisphere	ENSG00000285280	M003	False	module_genes	933.0	425.0	1.2081705355746633	8.4745538920076e-06	0.9824318896667084	0.9930373477864146	0.841316031824618	1.1721197942228745	fit	949	6	0.4914345904277392	nucleoside triphosphate biosynthetic process, nucleotide biosynthetic process, ribonucleoside triphosphate biosynthetic process	discordant	-0.2391555967189179	True	True	True	0.0005349642016498918	False	ENSG00000285280
caudate_sczd	ENSG00000285693	M006	True	switch_genes	343.0	157.0	1.228849841094739	0.010660698329540308	0.17582615298288773	1.3819545740935557	1.0562243359485246	1.8081371351314661	fit	343	0	0.017871150734486828		discordant	0.5795097889462034	True	True	True	6.938353180885315e-08	True	ENSG00000285693
cerebellar_hemisphere	ENSG00000286024	M003	False	module_genes	933.0	425.0	1.2081705355746633	8.4745538920076e-06	0.9824318896667084	0.9930373477864146	0.841316031824618	1.1721197942228745	fit	949	6	0.4914345904277392	nucleoside triphosphate biosynthetic process, nucleotide biosynthetic process, ribonucleoside triphosphate biosynthetic process	discordant	-0.3296930304643816	True	True	True	0.0005349642016498918	False	ENSG00000286024
frontal_cortex_ba9	ENSG00000286288	M002	False	switch_genes	944.0	397.0	1.1557051891629841	0.00318554872261526	0.7587216383378627	1.0717296069978584	0.9080390999593985	1.2649282950119018	fit	1034	21	0.029361098554400673	supramolecular fiber organization, cell migration, actin cytoskeleton organization	coupled	-0.2594387138389425	True	True	True	1.249258128763103e-06	True	ENSG00000286288
putamen_basal_ganglia	ENSG00000286366	M001	False	module_genes	1357.0	442.0	1.0912117986546874	0.047881382694560784	0.0006194345015300029	1.534058117962331	1.283783885217848	1.8331234223950292	fit	1362	2	0.621535394693187	cellular component organization, cellular component organization or biogenesis	abundance_only	-0.16437614065548806	False	True	True	0.11466035574580133	False	ENSG00000286366
putamen_basal_ganglia	ENSG00000286381	M001	False	module_genes	1357.0	442.0	1.0912117986546874	0.047881382694560784	0.0006194345015300029	1.534058117962331	1.283783885217848	1.8331234223950292	fit	1362	2	0.621535394693187	cellular component organization, cellular component organization or biogenesis	abundance_only	-0.06361292503879379	False	True	True	0.11466035574580133	False	NHIP
cerebellar_hemisphere	ENSG00000290292	M003	False	module_genes	933.0	425.0	1.2081705355746633	8.4745538920076e-06	0.9824318896667084	0.9930373477864146	0.841316031824618	1.1721197942228745	fit	949	6	0.4914345904277392	nucleoside triphosphate biosynthetic process, nucleotide biosynthetic process, ribonucleoside triphosphate biosynthetic process	discordant	-0.4691771908616973	True	True	True	0.0005349642016498918	False	HOMEZ
frontal_cortex_ba9	ENSG00000290535	M002	False	switch_genes	944.0	397.0	1.1557051891629841	0.00318554872261526	0.7587216383378627	1.0717296069978584	0.9080390999593985	1.2649282950119018	fit	1034	21	0.029361098554400673	supramolecular fiber organization, cell migration, actin cytoskeleton organization	coupled	-0.6614756537352792	True	True	True	1.249258128763103e-06	True	ENSG00000290535
putamen_basal_ganglia	ENSG00000290555	M001	False	module_genes	1357.0	442.0	1.0912117986546874	0.047881382694560784	0.0006194345015300029	1.534058117962331	1.283783885217848	1.8331234223950292	fit	1362	2	0.621535394693187	cellular component organization, cellular component organization or biogenesis	abundance_only	-0.16714095289405934	False	True	True	0.11466035574580133	False	LINC00680
frontal_cortex_ba9	ENSG00000290696	M002	False	switch_genes	944.0	397.0	1.1557051891629841	0.00318554872261526	0.7587216383378627	1.0717296069978584	0.9080390999593985	1.2649282950119018	fit	1034	21	0.029361098554400673	supramolecular fiber organization, cell migration, actin cytoskeleton organization	discordant	-0.24418374463134576	True	True	True	1.249258128763103e-06	True	POM121L9P
cerebellar_hemisphere	ENSG00000290928	M003	False	module_genes	933.0	425.0	1.2081705355746633	8.4745538920076e-06	0.9824318896667084	0.9930373477864146	0.841316031824618	1.1721197942228745	fit	949	6	0.4914345904277392	nucleoside triphosphate biosynthetic process, nucleotide biosynthetic process, ribonucleoside triphosphate biosynthetic process	discordant	-0.5428258924823484	True	True	True	0.0005349642016498918	False	ENSG00000290928
frontal_cortex_ba9	ENSG00000291005	M002	False	switch_genes	944.0	397.0	1.1557051891629841	0.00318554872261526	0.7587216383378627	1.0717296069978584	0.9080390999593985	1.2649282950119018	fit	1034	21	0.029361098554400673	supramolecular fiber organization, cell migration, actin cytoskeleton organization	switch_only	-0.4954381121822572	True	True	True	1.249258128763103e-06	True	NBPF25P
putamen_basal_ganglia	ENSG00000291032	M001	False	module_genes	1357.0	442.0	1.0912117986546874	0.047881382694560784	0.0006194345015300029	1.534058117962331	1.283783885217848	1.8331234223950292	fit	1362	2	0.621535394693187	cellular component organization, cellular component organization or biogenesis	abundance_only	-0.08443753840626737	False	True	True	0.11466035574580133	False	ENSG00000291032
putamen_basal_ganglia	ENSG00000291094	M001	False	module_genes	1357.0	442.0	1.0912117986546874	0.047881382694560784	0.0006194345015300029	1.534058117962331	1.283783885217848	1.8331234223950292	fit	1362	2	0.621535394693187	cellular component organization, cellular component organization or biogenesis	discordant	-0.36030621469754287	True	True	True	0.11466035574580133	False	ENSG00000291094
cerebellar_hemisphere	ENSG00000291096	M003	False	module_genes	933.0	425.0	1.2081705355746633	8.4745538920076e-06	0.9824318896667084	0.9930373477864146	0.841316031824618	1.1721197942228745	fit	949	6	0.4914345904277392	nucleoside triphosphate biosynthetic process, nucleotide biosynthetic process, ribonucleoside triphosphate biosynthetic process	discordant	-0.37963491632105323	True	True	True	0.0005349642016498918	False	ENSG00000291096
frontal_cortex_ba9	ENSG00000291102	M002	False	switch_genes	944.0	397.0	1.1557051891629841	0.00318554872261526	0.7587216383378627	1.0717296069978584	0.9080390999593985	1.2649282950119018	fit	1034	21	0.029361098554400673	supramolecular fiber organization, cell migration, actin cytoskeleton organization	discordant	-0.20312867567073173	True	True	True	1.249258128763103e-06	True	GUSBP1
cerebellar_hemisphere	ENSG00000291138	M003	False	module_genes	933.0	425.0	1.2081705355746633	8.4745538920076e-06	0.9824318896667084	0.9930373477864146	0.841316031824618	1.1721197942228745	fit	949	6	0.4914345904277392	nucleoside triphosphate biosynthetic process, nucleotide biosynthetic process, ribonucleoside triphosphate biosynthetic process	switch_only	-0.3482252672433796	True	True	True	0.0005349642016498918	False	ENSG00000291138
substantia_nigra	ENSG00000291173	M004	False	module_genes	576.0	258.0	1.1721316905140433	0.011655702361279236	0.7781860799282974	0.918706378101362	0.7405900574511649	1.1396607349400962	fit	576	0	0.7698260082862307		switch_only	-0.2474347523277706	True	True	True	0.00024708778460080794	False	CASP4LP
substantia_nigra	ENSG00000293311	M004	False	module_genes	576.0	258.0	1.1721316905140433	0.011655702361279236	0.7781860799282974	0.918706378101362	0.7405900574511649	1.1396607349400962	fit	576	0	0.7698260082862307		discordant	-0.25873009113208806	True	True	True	0.00024708778460080794	False	SMPD4BP
frontal_cortex_ba9	ENSG00000293505	M002	False	switch_genes	944.0	397.0	1.1557051891629841	0.00318554872261526	0.7587216383378627	1.0717296069978584	0.9080390999593985	1.2649282950119018	fit	1034	21	0.029361098554400673	supramolecular fiber organization, cell migration, actin cytoskeleton organization	discordant	-0.5705596684719036	True	True	True	1.249258128763103e-06	True	GNRHR2
putamen_basal_ganglia	ENSG00000293956	M001	False	module_genes	1357.0	442.0	1.0912117986546874	0.047881382694560784	0.0006194345015300029	1.534058117962331	1.283783885217848	1.8331234223950292	fit	1362	2	0.621535394693187	cellular component organization, cellular component organization or biogenesis	switch_only	-0.2517477880748349	True	True	True	0.11466035574580133	False	ENSG00000293956
cerebellar_hemisphere	ENSG00000294531	M003	False	module_genes	933.0	425.0	1.2081705355746633	8.4745538920076e-06	0.9824318896667084	0.9930373477864146	0.841316031824618	1.1721197942228745	fit	949	6	0.4914345904277392	nucleoside triphosphate biosynthetic process, nucleotide biosynthetic process, ribonucleoside triphosphate biosynthetic process	discordant	-0.48250896647119385	True	True	True	0.0005349642016498918	False	ENSG00000294531
frontal_cortex_ba9	ENSG00000299072	M002	False	switch_genes	944.0	397.0	1.1557051891629841	0.00318554872261526	0.7587216383378627	1.0717296069978584	0.9080390999593985	1.2649282950119018	fit	1034	21	0.029361098554400673	supramolecular fiber organization, cell migration, actin cytoskeleton organization	discordant	-0.5246338261611977	True	True	True	1.249258128763103e-06	True	ENSG00000299072
frontal_cortex_ba9	ENSG00000299654	M002	False	switch_genes	944.0	397.0	1.1557051891629841	0.00318554872261526	0.7587216383378627	1.0717296069978584	0.9080390999593985	1.2649282950119018	fit	1034	21	0.029361098554400673	supramolecular fiber organization, cell migration, actin cytoskeleton organization	discordant	-0.24474767215305937	True	True	True	1.249258128763103e-06	True	ENSG00000299654
cerebellar_hemisphere	ENSG00000300780	M003	False	module_genes	933.0	425.0	1.2081705355746633	8.4745538920076e-06	0.9824318896667084	0.9930373477864146	0.841316031824618	1.1721197942228745	fit	949	6	0.4914345904277392	nucleoside triphosphate biosynthetic process, nucleotide biosynthetic process, ribonucleoside triphosphate biosynthetic process	coupled	-0.24431886007677442	True	True	True	0.0005349642016498918	False	ENSG00000300780
cerebellar_hemisphere	ENSG00000307772	M003	False	module_genes	933.0	425.0	1.2081705355746633	8.4745538920076e-06	0.9824318896667084	0.9930373477864146	0.841316031824618	1.1721197942228745	fit	949	6	0.4914345904277392	nucleoside triphosphate biosynthetic process, nucleotide biosynthetic process, ribonucleoside triphosphate biosynthetic process	discordant	-0.22075607548693885	True	True	True	0.0005349642016498918	False	VN2R19P
putamen_basal_ganglia	ENSG00000309428	M001	False	module_genes	1357.0	442.0	1.0912117986546874	0.047881382694560784	0.0006194345015300029	1.534058117962331	1.283783885217848	1.8331234223950292	fit	1362	2	0.621535394693187	cellular component organization, cellular component organization or biogenesis	discordant	-0.46165228516771717	True	True	True	0.11466035574580133	False	ENSG00000309428
cerebellar_hemisphere	ENSG00000310526	M003	False	module_genes	933.0	425.0	1.2081705355746633	8.4745538920076e-06	0.9824318896667084	0.9930373477864146	0.841316031824618	1.1721197942228745	fit	949	6	0.4914345904277392	nucleoside triphosphate biosynthetic process, nucleotide biosynthetic process, ribonucleoside triphosphate biosynthetic process	discordant	-0.48668777828249365	True	True	True	0.0005349642016498918	False	WASH7P
substantia_nigra	ENSG00000310526	M004	False	module_genes	576.0	258.0	1.1721316905140433	0.011655702361279236	0.7781860799282974	0.918706378101362	0.7405900574511649	1.1396607349400962	fit	576	0	0.7698260082862307		discordant	-0.465914290409034	True	True	True	0.00024708778460080794	False	WASH7P
