rank	gene	n_regions	regions	modules	best_module_q	max_enrichment	mean_enrichment	n_regions_binding	n_regions_pheno_module	n_regions_go_invisible	n_regions_switch_active	module_roles	best_pheno_fdr	max_abs_switch_r	best_region	best_module	best_module_go	best_module_or	best_module_or_ci_low	best_module_or_ci_high	best_module_enrichment	best_module_hyper_q	best_module_q_glm	adjusted_or_ok	adjusted_ci_excludes_null	anchor_traits	anchor_kinds	anchor_max_clpp	anchor_verdict	anchor_class	anchor_splicing_led	has_anchor	eligible	gene_name
1	ENSG00000184557	5	amygdala,anterior_cingulate_cortex_ba24,caudate_sczd,frontal_cortex_ba9,hypothalamus	M001,M004,M006,M012	2.866899777424847e-06	1.716565349544073	1.446950361855508	5	5	0	5	coupled	6.176223373117581e-05	0.8863944090029199	caudate_sczd	M012	response to stimulus, protein refolding, regulation of immune system process	3.1269451437959175	1.3830501743548538	7.069726112337087	1.716565349544073	0.008695670876123999	0.1787482132913718	True	True						False	False	True	SOCS3
2	ENSG00000125347	5	amygdala,anterior_cingulate_cortex_ba24,caudate_sczd,frontal_cortex_ba9,hypothalamus	M001,M004,M006,M012	2.866899777424847e-06	1.716565349544073	1.446950361855508	5	5	0	5	coupled	6.176223373117581e-05	0.7297854178833816	caudate_sczd	M012	response to stimulus, protein refolding, regulation of immune system process	3.1269451437959175	1.3830501743548538	7.069726112337087	1.716565349544073	0.008695670876123999	0.1787482132913718	True	True						False	False	True	IRF1
3	ENSG00000249740	5	amygdala,anterior_cingulate_cortex_ba24,caudate_sczd,frontal_cortex_ba9,hypothalamus	M001,M004,M006,M012	2.866899777424847e-06	1.716565349544073	1.446950361855508	5	5	0	5	coupled	6.176223373117581e-05	0.7155305388101298	caudate_sczd	M012	response to stimulus, protein refolding, regulation of immune system process	3.1269451437959175	1.3830501743548538	7.069726112337087	1.716565349544073	0.008695670876123999	0.1787482132913718	True	True						False	False	True	OSMR-DT
4	ENSG00000136244	5	amygdala,anterior_cingulate_cortex_ba24,caudate_sczd,frontal_cortex_ba9,hypothalamus	M001,M004,M006,M012	2.866899777424847e-06	1.716565349544073	1.446950361855508	5	5	0	5	coupled	6.176223373117581e-05	0.7091584155610533	caudate_sczd	M012	response to stimulus, protein refolding, regulation of immune system process	3.1269451437959175	1.3830501743548538	7.069726112337087	1.716565349544073	0.008695670876123999	0.1787482132913718	True	True						False	False	True	IL6
5	ENSG00000125538	5	amygdala,anterior_cingulate_cortex_ba24,caudate_sczd,frontal_cortex_ba9,hypothalamus	M001,M004,M006,M012	2.866899777424847e-06	1.716565349544073	1.446950361855508	5	5	0	5	coupled	6.176223373117581e-05	0.6964787169692599	caudate_sczd	M012	response to stimulus, protein refolding, regulation of immune system process	3.1269451437959175	1.3830501743548538	7.069726112337087	1.716565349544073	0.008695670876123999	0.1787482132913718	True	True						False	False	True	IL1B
6	ENSG00000115602	5	amygdala,anterior_cingulate_cortex_ba24,caudate_sczd,frontal_cortex_ba9,hypothalamus	M001,M004,M006,M012	2.866899777424847e-06	1.716565349544073	1.446950361855508	5	5	0	5	coupled	6.176223373117581e-05	0.6807968153526206	caudate_sczd	M012	response to stimulus, protein refolding, regulation of immune system process	3.1269451437959175	1.3830501743548538	7.069726112337087	1.716565349544073	0.008695670876123999	0.1787482132913718	True	True						False	False	True	IL1RL1
7	ENSG00000171236	5	amygdala,anterior_cingulate_cortex_ba24,caudate_sczd,frontal_cortex_ba9,hypothalamus	M001,M004,M006,M012	2.866899777424847e-06	1.716565349544073	1.446950361855508	5	5	0	5	coupled	6.176223373117581e-05	0.6671010584341847	caudate_sczd	M012	response to stimulus, protein refolding, regulation of immune system process	3.1269451437959175	1.3830501743548538	7.069726112337087	1.716565349544073	0.008695670876123999	0.1787482132913718	True	True						False	False	True	LRG1
8	ENSG00000141574	5	amygdala,anterior_cingulate_cortex_ba24,caudate_sczd,frontal_cortex_ba9,hypothalamus	M001,M004,M006,M012	2.866899777424847e-06	1.716565349544073	1.446950361855508	5	5	0	5	coupled	6.176223373117581e-05	0.6579327131306331	caudate_sczd	M012	response to stimulus, protein refolding, regulation of immune system process	3.1269451437959175	1.3830501743548538	7.069726112337087	1.716565349544073	0.008695670876123999	0.1787482132913718	True	True						False	False	True	SECTM1
9	ENSG00000011422	5	amygdala,anterior_cingulate_cortex_ba24,caudate_sczd,frontal_cortex_ba9,hypothalamus	M001,M004,M006,M012	2.866899777424847e-06	1.716565349544073	1.446950361855508	5	5	0	5	coupled	6.176223373117581e-05	0.6170968359519206	caudate_sczd	M012	response to stimulus, protein refolding, regulation of immune system process	3.1269451437959175	1.3830501743548538	7.069726112337087	1.716565349544073	0.008695670876123999	0.1787482132913718	True	True						False	False	True	PLAUR
10	ENSG00000007908	5	amygdala,anterior_cingulate_cortex_ba24,caudate_sczd,frontal_cortex_ba9,hypothalamus	M001,M004,M006,M012	2.866899777424847e-06	1.716565349544073	1.446950361855508	5	5	0	5	coupled	6.176223373117581e-05	0.5632072585385568	caudate_sczd	M012	response to stimulus, protein refolding, regulation of immune system process	3.1269451437959175	1.3830501743548538	7.069726112337087	1.716565349544073	0.008695670876123999	0.1787482132913718	True	True						False	False	True	SELE
11	ENSG00000013588	4	anterior_cingulate_cortex_ba24,caudate_sczd,frontal_cortex_ba9,hypothalamus	M001,M004,M006,M012	2.866899777424847e-06	1.716565349544073	1.4099089535403861	4	4	0	4	coupled	6.176223373117581e-05	0.6747925925817337	caudate_sczd	M012	response to stimulus, protein refolding, regulation of immune system process	3.1269451437959175	1.3830501743548538	7.069726112337087	1.716565349544073	0.008695670876123999	0.1787482132913718	True	True						False	False	True	GPRC5A
12	ENSG00000124762	4	anterior_cingulate_cortex_ba24,caudate_sczd,frontal_cortex_ba9,hypothalamus	M001,M004,M006,M012	2.866899777424847e-06	1.716565349544073	1.4099089535403861	4	4	0	4	coupled	6.176223373117581e-05	0.534927760492529	caudate_sczd	M012	response to stimulus, protein refolding, regulation of immune system process	3.1269451437959175	1.3830501743548538	7.069726112337087	1.716565349544073	0.008695670876123999	0.1787482132913718	True	True						False	False	True	CDKN1A
13	ENSG00000108342	4	amygdala,anterior_cingulate_cortex_ba24,caudate_sczd,frontal_cortex_ba9	M001,M004,M006,M012	5.877094896037403e-06	1.716565349544073	1.4288051110724391	4	4	0	4	coupled,discordant	7.165677269045371e-05	0.6701095636512177	caudate_sczd	M012	response to stimulus, protein refolding, regulation of immune system process	3.1269451437959175	1.3830501743548538	7.069726112337087	1.716565349544073	0.008695670876123999	0.1787482132913718	True	True						False	False	True	CSF3
14	ENSG00000171631	4	amygdala,anterior_cingulate_cortex_ba24,caudate_sczd,frontal_cortex_ba9	M001,M004,M006,M012	5.877094896037403e-06	1.716565349544073	1.4288051110724391	4	4	0	4	coupled	7.165677269045371e-05	0.6430695486756339	caudate_sczd	M012	response to stimulus, protein refolding, regulation of immune system process	3.1269451437959175	1.3830501743548538	7.069726112337087	1.716565349544073	0.008695670876123999	0.1787482132913718	True	True						False	False	True	P2RY6
15	ENSG00000106211	3	anterior_cingulate_cortex_ba24,caudate_sczd,hypothalamus	M001,M006,M012	2.866899777424847e-06	1.716565349544073	1.4740967550238455	3	3	0	3	coupled	6.176223373117581e-05	0.4486515522212581	caudate_sczd	M012	response to stimulus, protein refolding, regulation of immune system process	3.1269451437959175	1.3830501743548538	7.069726112337087	1.716565349544073	0.008695670876123999	0.1787482132913718	True	True						False	False	True	HSPB1
16	ENSG00000070404	3	amygdala,caudate_sczd,frontal_cortex_ba9	M004,M006,M012	5.877094896037403e-06	1.716565349544073	1.5096756312500255	3	3	0	3	coupled,discordant	7.165677269045371e-05	0.5552850859881593	caudate_sczd	M012	response to stimulus, protein refolding, regulation of immune system process	3.1269451437959175	1.3830501743548538	7.069726112337087	1.716565349544073	0.008695670876123999	0.1787482132913718	True	True						False	False	True	FSTL3
17	ENSG00000128016	3	anterior_cingulate_cortex_ba24,caudate_sczd,frontal_cortex_ba9	M001,M004,M012	0.008695670876123999	1.716565349544073	1.3733681497245869	3	3	0	3	coupled	7.165677269045371e-05	0.7257452375073784	caudate_sczd	M012	response to stimulus, protein refolding, regulation of immune system process	3.1269451437959175	1.3830501743548538	7.069726112337087	1.716565349544073	0.008695670876123999	0.1787482132913718	True	True						False	False	True	ZFP36
18	ENSG00000069399	2	caudate_sczd,frontal_cortex_ba9	M004,M012	0.008695670876123999	1.716565349544073	1.466955449317041	2	2	0	2	coupled	7.165677269045371e-05	0.6501777455916375	caudate_sczd	M012	response to stimulus, protein refolding, regulation of immune system process	3.1269451437959175	1.3830501743548538	7.069726112337087	1.716565349544073	0.008695670876123999	0.1787482132913718	True	True						False	False	True	BCL3
19	ENSG00000064932	2	caudate_sczd,frontal_cortex_ba9	M004,M012	0.008695670876123999	1.716565349544073	1.466955449317041	2	2	0	2	coupled,discordant	7.165677269045371e-05	0.6101292116826421	caudate_sczd	M012	response to stimulus, protein refolding, regulation of immune system process	3.1269451437959175	1.3830501743548538	7.069726112337087	1.716565349544073	0.008695670876123999	0.1787482132913718	True	True						False	False	True	SBNO2
20	ENSG00000101187	2	caudate_sczd,frontal_cortex_ba9	M004,M012	0.008695670876123999	1.716565349544073	1.466955449317041	2	2	0	2	coupled,discordant	7.165677269045371e-05	0.4912779206962974	caudate_sczd	M012	response to stimulus, protein refolding, regulation of immune system process	3.1269451437959175	1.3830501743548538	7.069726112337087	1.716565349544073	0.008695670876123999	0.1787482132913718	True	True						False	False	True	SLCO4A1
21	ENSG00000136286	2	caudate_sczd,frontal_cortex_ba9	M004,M012	0.008695670876123999	1.716565349544073	1.466955449317041	2	2	0	2	coupled,discordant	7.165677269045371e-05	0.4446040674839485	caudate_sczd	M012	response to stimulus, protein refolding, regulation of immune system process	3.1269451437959175	1.3830501743548538	7.069726112337087	1.716565349544073	0.008695670876123999	0.1787482132913718	True	True						False	False	True	MYO1G
22	ENSG00000149257	1	caudate_sczd	M012	0.008695670876123999	1.716565349544073	1.716565349544073	1	1	0	1	coupled	7.165677269045371e-05	0.4559962035596178	caudate_sczd	M012	response to stimulus, protein refolding, regulation of immune system process	3.1269451437959175	1.3830501743548538	7.069726112337087	1.716565349544073	0.008695670876123999	0.1787482132913718	True	True						False	False	True	SERPINH1
23	ENSG00000092531	1	caudate_sczd	M012	0.008695670876123999	1.716565349544073	1.716565349544073	1	1	0	1	coupled	7.165677269045371e-05	0.43864831408130905	caudate_sczd	M012	response to stimulus, protein refolding, regulation of immune system process	3.1269451437959175	1.3830501743548538	7.069726112337087	1.716565349544073	0.008695670876123999	0.1787482132913718	True	True						False	False	True	SNAP23
24	ENSG00000144908	1	caudate_sczd	M012	0.008695670876123999	1.716565349544073	1.716565349544073	1	1	0	1	coupled	7.165677269045371e-05	0.38836988412055706	caudate_sczd	M012	response to stimulus, protein refolding, regulation of immune system process	3.1269451437959175	1.3830501743548538	7.069726112337087	1.716565349544073	0.008695670876123999	0.1787482132913718	True	True						False	False	True	ALDH1L1
25	ENSG00000115541	1	caudate_sczd	M012	0.008695670876123999	1.716565349544073	1.716565349544073	1	1	0	1	discordant	7.165677269045371e-05	0.3592554374426462	caudate_sczd	M012	response to stimulus, protein refolding, regulation of immune system process	3.1269451437959175	1.3830501743548538	7.069726112337087	1.716565349544073	0.008695670876123999	0.1787482132913718	True	True						False	False	True	HSPE1
26	ENSG00000178381	1	caudate_sczd	M012	0.008695670876123999	1.716565349544073	1.716565349544073	1	1	0	1	switch_only	7.165677269045371e-05	0.32638220175751076	caudate_sczd	M012	response to stimulus, protein refolding, regulation of immune system process	3.1269451437959175	1.3830501743548538	7.069726112337087	1.716565349544073	0.008695670876123999	0.1787482132913718	True	True						False	False	True	ZFAND2A
27	ENSG00000269151	1	caudate_sczd	M012	0.008695670876123999	1.716565349544073	1.716565349544073	1	1	0	1	coupled	7.165677269045371e-05	0.2888712989223074	caudate_sczd	M012	response to stimulus, protein refolding, regulation of immune system process	3.1269451437959175	1.3830501743548538	7.069726112337087	1.716565349544073	0.008695670876123999	0.1787482132913718	True	True						False	False	True	ENSG00000269151
28	ENSG00000147604	4	anterior_cingulate_cortex_ba24,cerebellar_hemisphere,cortex,frontal_cortex_ba9	M001,M004,M013,M016	1.9831965965119372e-05	1.50236646382691	1.408102207985967	3	3	2	4	coupled,discordant	0.001205372639663439	0.8641482320900657	cortex	M004		1.600244761652735	1.088721279466292	2.352101814756808	1.391805857239158	0.010778200094910371	0.27845164120019494	True	True						False	False	True	RPL7
29	ENSG00000138771	4	anterior_cingulate_cortex_ba24,cerebellar_hemisphere,cortex,frontal_cortex_ba9	M001,M004,M013,M016	1.9831965965119372e-05	1.50236646382691	1.408102207985967	3	3	2	4	coupled	0.001205372639663439	0.8413578268231185	cortex	M004		1.600244761652735	1.088721279466292	2.352101814756808	1.391805857239158	0.010778200094910371	0.27845164120019494	True	True						False	False	True	SHROOM3
30	ENSG00000105700	4	anterior_cingulate_cortex_ba24,cerebellar_hemisphere,cortex,frontal_cortex_ba9	M001,M004,M013,M016	1.9831965965119372e-05	1.50236646382691	1.408102207985967	3	3	2	4	coupled,discordant	0.001205372639663439	0.7862641136434033	cortex	M004		1.600244761652735	1.088721279466292	2.352101814756808	1.391805857239158	0.010778200094910371	0.27845164120019494	True	True						False	False	True	KXD1
31	ENSG00000110696	4	anterior_cingulate_cortex_ba24,cerebellar_hemisphere,cortex,frontal_cortex_ba9	M001,M004,M013,M016	1.9831965965119372e-05	1.50236646382691	1.408102207985967	3	3	2	4	coupled,discordant	0.001205372639663439	0.7581596532155976	cortex	M004		1.600244761652735	1.088721279466292	2.352101814756808	1.391805857239158	0.010778200094910371	0.27845164120019494	True	True						False	False	True	C11orf58
32	ENSG00000125818	4	anterior_cingulate_cortex_ba24,cerebellar_hemisphere,cortex,frontal_cortex_ba9	M001,M004,M013,M016	1.9831965965119372e-05	1.50236646382691	1.408102207985967	3	3	2	4	coupled	0.001205372639663439	0.7509614973212091	cortex	M004		1.600244761652735	1.088721279466292	2.352101814756808	1.391805857239158	0.010778200094910371	0.27845164120019494	True	True						False	False	True	PSMF1
33	ENSG00000104964	4	anterior_cingulate_cortex_ba24,cerebellar_hemisphere,cortex,frontal_cortex_ba9	M001,M004,M013,M016	1.9831965965119372e-05	1.50236646382691	1.408102207985967	3	3	2	4	coupled	0.001205372639663439	0.7342383888165577	cortex	M004		1.600244761652735	1.088721279466292	2.352101814756808	1.391805857239158	0.010778200094910371	0.27845164120019494	True	True						False	False	True	TLE5
34	ENSG00000110651	4	anterior_cingulate_cortex_ba24,cerebellar_hemisphere,cortex,frontal_cortex_ba9	M001,M004,M013,M016	1.9831965965119372e-05	1.50236646382691	1.408102207985967	3	3	2	4	switch_only	0.001205372639663439	0.7255590678753936	cortex	M004		1.600244761652735	1.088721279466292	2.352101814756808	1.391805857239158	0.010778200094910371	0.27845164120019494	True	True						False	False	True	CD81
35	ENSG00000184205	4	anterior_cingulate_cortex_ba24,cerebellar_hemisphere,cortex,frontal_cortex_ba9	M001,M004,M013,M016	1.9831965965119372e-05	1.50236646382691	1.408102207985967	3	3	2	4	coupled	0.001205372639663439	0.7196455295668647	cortex	M004		1.600244761652735	1.088721279466292	2.352101814756808	1.391805857239158	0.010778200094910371	0.27845164120019494	True	True						False	False	True	TSPYL2
36	ENSG00000172354	4	anterior_cingulate_cortex_ba24,cerebellar_hemisphere,cortex,frontal_cortex_ba9	M001,M004,M011,M016	1.9831965965119372e-05	1.4854514140681654	1.3870654660345447	3	3	1	4	coupled,discordant	0.001205372639663439	0.7041537791005124	cortex	M004		1.600244761652735	1.088721279466292	2.352101814756808	1.391805857239158	0.010778200094910371	0.27845164120019494	True	True						False	False	True	GNB2
37	ENSG00000099899	4	anterior_cingulate_cortex_ba24,cerebellar_hemisphere,cortex,frontal_cortex_ba9	M001,M004,M013,M016	1.9831965965119372e-05	1.50236646382691	1.408102207985967	3	3	2	4	coupled	0.001205372639663439	0.6862600984889141	cortex	M004		1.600244761652735	1.088721279466292	2.352101814756808	1.391805857239158	0.010778200094910371	0.27845164120019494	True	True						False	False	True	TRMT2A
38	ENSG00000188739	4	anterior_cingulate_cortex_ba24,cerebellar_hemisphere,cortex,frontal_cortex_ba9	M001,M004,M013,M016	1.9831965965119372e-05	1.50236646382691	1.408102207985967	3	3	2	4	coupled	0.001205372639663439	0.6825072268766185	cortex	M004		1.600244761652735	1.088721279466292	2.352101814756808	1.391805857239158	0.010778200094910371	0.27845164120019494	True	True						False	False	True	RBM34
39	ENSG00000177192	4	anterior_cingulate_cortex_ba24,cerebellar_hemisphere,cortex,frontal_cortex_ba9	M001,M004,M011,M016	1.9831965965119372e-05	1.4854514140681654	1.3870654660345447	3	3	1	4	coupled,discordant	0.001205372639663439	0.6204521956506741	cortex	M004		1.600244761652735	1.088721279466292	2.352101814756808	1.391805857239158	0.010778200094910371	0.27845164120019494	True	True						False	False	True	PUS1
40	ENSG00000188846	4	anterior_cingulate_cortex_ba24,cerebellar_hemisphere,cortex,frontal_cortex_ba9	M001,M004,M013,M016	1.9831965965119372e-05	1.50236646382691	1.408102207985967	3	3	2	4	coupled,discordant	0.001205372639663439	0.5101140047666868	cortex	M004		1.600244761652735	1.088721279466292	2.352101814756808	1.391805857239158	0.010778200094910371	0.27845164120019494	True	True						False	False	True	RPL14
41	ENSG00000240771	3	anterior_cingulate_cortex_ba24,cortex,frontal_cortex_ba9	M004,M008,M023	4.983787140809074e-20	1.9518757104964002	1.720590843075845	2	3	1	2	abundance_only,coupled,discordant	0.0011091019599368968	0.5976370720131685	cortex	M004		1.600244761652735	1.088721279466292	2.352101814756808	1.391805857239158	0.010778200094910371	0.27845164120019494	True	True						False	False	True	ARHGEF25
42	ENSG00000154518	3	anterior_cingulate_cortex_ba24,cortex,frontal_cortex_ba9	M004,M005,M011	5.2985836709636906e-11	1.4541234224621984	1.4213829252408587	2	3	1	3	coupled,discordant	0.0021492697791065146	0.5965041425811357	cortex	M004		1.600244761652735	1.088721279466292	2.352101814756808	1.391805857239158	0.010778200094910371	0.27845164120019494	True	True						False	False	True	ATP5MC3
43	ENSG00000178982	3	anterior_cingulate_cortex_ba24,cortex,frontal_cortex_ba9	M004,M005,M011	5.2985836709636906e-11	1.4541234224621984	1.4213829252408587	2	3	1	2	abundance_only,coupled,discordant	0.0021492697791065146	0.5356536309060722	cortex	M004		1.600244761652735	1.088721279466292	2.352101814756808	1.391805857239158	0.010778200094910371	0.27845164120019494	True	True						False	False	True	EIF3K
44	ENSG00000099622	3	anterior_cingulate_cortex_ba24,cerebellar_hemisphere,cortex	M001,M004,M013	1.9831965965119372e-05	1.50236646382691	1.3823191392919012	2	2	2	3	coupled	0.0038471224606293525	0.9041665503388437	cortex	M004		1.600244761652735	1.088721279466292	2.352101814756808	1.391805857239158	0.010778200094910371	0.27845164120019494	True	True						False	False	True	CIRBP
45	ENSG00000088247	3	cerebellar_hemisphere,cortex,frontal_cortex_ba9	M001,M004,M016	1.9831965965119372e-05	1.4854514140681654	1.3766807893723196	2	2	1	3	coupled	0.001205372639663439	0.8870216658359985	cortex	M004		1.600244761652735	1.088721279466292	2.352101814756808	1.391805857239158	0.010778200094910371	0.27845164120019494	True	True						False	False	True	KHSRP
46	ENSG00000137055	3	cerebellar_hemisphere,cortex,frontal_cortex_ba9	M001,M004,M016	1.9831965965119372e-05	1.4854514140681654	1.3766807893723196	2	2	1	3	coupled	0.001205372639663439	0.8268553574194809	cortex	M004		1.600244761652735	1.088721279466292	2.352101814756808	1.391805857239158	0.010778200094910371	0.27845164120019494	True	True						False	False	True	PLAA
47	ENSG00000130638	3	cerebellar_hemisphere,cortex,frontal_cortex_ba9	M001,M004,M016	1.9831965965119372e-05	1.4854514140681654	1.3766807893723196	2	2	1	3	coupled	0.001205372639663439	0.8083426531445225	cortex	M004		1.600244761652735	1.088721279466292	2.352101814756808	1.391805857239158	0.010778200094910371	0.27845164120019494	True	True						False	False	True	ATXN10
48	ENSG00000165914	3	anterior_cingulate_cortex_ba24,cerebellar_hemisphere,cortex	M001,M004,M013	1.9831965965119372e-05	1.50236646382691	1.3823191392919012	2	2	2	3	coupled	0.0038471224606293525	0.7986849999234036	cortex	M004		1.600244761652735	1.088721279466292	2.352101814756808	1.391805857239158	0.010778200094910371	0.27845164120019494	True	True						False	False	True	TTC7B
49	ENSG00000188612	3	anterior_cingulate_cortex_ba24,cerebellar_hemisphere,cortex	M001,M004,M011	1.9831965965119372e-05	1.41821949602122	1.3542701500233376	2	2	1	3	coupled,discordant	0.0021492697791065146	0.7670940220226764	cortex	M004		1.600244761652735	1.088721279466292	2.352101814756808	1.391805857239158	0.010778200094910371	0.27845164120019494	True	True						False	False	True	SUMO2
50	ENSG00000205758	3	anterior_cingulate_cortex_ba24,cerebellar_hemisphere,cortex	M001,M004,M013	1.9831965965119372e-05	1.50236646382691	1.3823191392919012	2	2	2	3	coupled	0.0038471224606293525	0.7360544388868244	cortex	M004		1.600244761652735	1.088721279466292	2.352101814756808	1.391805857239158	0.010778200094910371	0.27845164120019494	True	True						False	False	True	CRYZL1
51	ENSG00000183172	3	anterior_cingulate_cortex_ba24,cerebellar_hemisphere,cortex	M001,M004,M011	1.9831965965119372e-05	1.41821949602122	1.3542701500233376	2	2	1	3	coupled	0.0021492697791065146	0.7144394472688979	cortex	M004		1.600244761652735	1.088721279466292	2.352101814756808	1.391805857239158	0.010778200094910371	0.27845164120019494	True	True						False	False	True	SMDT1
52	ENSG00000163159	3	anterior_cingulate_cortex_ba24,cerebellar_hemisphere,cortex	M001,M004,M013	1.9831965965119372e-05	1.50236646382691	1.3823191392919012	2	2	2	3	coupled	0.0038471224606293525	0.7025085064006276	cortex	M004		1.600244761652735	1.088721279466292	2.352101814756808	1.391805857239158	0.010778200094910371	0.27845164120019494	True	True						False	False	True	VPS72
53	ENSG00000092841	3	anterior_cingulate_cortex_ba24,cerebellar_hemisphere,cortex	M001,M004,M013	1.9831965965119372e-05	1.50236646382691	1.3823191392919012	2	2	2	3	coupled,discordant	0.0038471224606293525	0.5133094350172811	cortex	M004		1.600244761652735	1.088721279466292	2.352101814756808	1.391805857239158	0.010778200094910371	0.27845164120019494	True	True						False	False	True	MYL6
54	ENSG00000203485	3	anterior_cingulate_cortex_ba24,cortex,frontal_cortex_ba9	M004,M013,M016	0.0009172656306713378	1.50236646382691	1.4598745783780778	2	3	2	3	coupled	0.001205372639663439	0.8500895017801675	cortex	M004		1.600244761652735	1.088721279466292	2.352101814756808	1.391805857239158	0.010778200094910371	0.27845164120019494	True	True						False	False	True	INF2
55	ENSG00000163812	3	anterior_cingulate_cortex_ba24,cortex,frontal_cortex_ba9	M004,M013,M016	0.0009172656306713378	1.50236646382691	1.4598745783780778	2	3	2	3	coupled	0.001205372639663439	0.8388952426526006	cortex	M004		1.600244761652735	1.088721279466292	2.352101814756808	1.391805857239158	0.010778200094910371	0.27845164120019494	True	True						False	False	True	ZDHHC3
56	ENSG00000140859	3	anterior_cingulate_cortex_ba24,cortex,frontal_cortex_ba9	M004,M013,M016	0.0009172656306713378	1.50236646382691	1.4598745783780778	2	3	2	3	coupled	0.001205372639663439	0.7426258543083628	cortex	M004		1.600244761652735	1.088721279466292	2.352101814756808	1.391805857239158	0.010778200094910371	0.27845164120019494	True	True						False	False	True	KIFC3
57	ENSG00000105518	3	anterior_cingulate_cortex_ba24,cortex,frontal_cortex_ba9	M004,M013,M016	0.0009172656306713378	1.50236646382691	1.4598745783780778	2	3	2	3	coupled	0.001205372639663439	0.7313779212153786	cortex	M004		1.600244761652735	1.088721279466292	2.352101814756808	1.391805857239158	0.010778200094910371	0.27845164120019494	True	True						False	False	True	TMEM205
58	ENSG00000031823	3	anterior_cingulate_cortex_ba24,cortex,frontal_cortex_ba9	M004,M013,M016	0.0009172656306713378	1.50236646382691	1.4598745783780778	2	3	2	3	coupled,discordant	0.001205372639663439	0.40471438359487766	cortex	M004		1.600244761652735	1.088721279466292	2.352101814756808	1.391805857239158	0.010778200094910371	0.27845164120019494	True	True						False	False	True	RANBP3
59	ENSG00000103363	3	anterior_cingulate_cortex_ba24,cortex,frontal_cortex_ba9	M004,M013,M016	0.0009172656306713378	1.50236646382691	1.4598745783780778	2	3	2	3	coupled	0.001205372639663439	0.3842551095019457	cortex	M004		1.600244761652735	1.088721279466292	2.352101814756808	1.391805857239158	0.010778200094910371	0.27845164120019494	True	True						False	False	True	ELOB
60	ENSG00000105197	2	cortex,frontal_cortex_ba9	M004,M005	5.2985836709636906e-11	1.4541234224621984	1.4229646398506781	1	2	1	2	coupled	0.002276591476224696	0.4956659894088845	cortex	M004		1.600244761652735	1.088721279466292	2.352101814756808	1.391805857239158	0.010778200094910371	0.27845164120019494	True	True						False	False	True	TIMM50
61	ENSG00000102144	2	cerebellar_hemisphere,cortex	M001,M004	1.9831965965119372e-05	1.391805857239158	1.3222954770243966	1	1	1	2	coupled	0.02055431081148635	0.8397487774537246	cortex	M004		1.600244761652735	1.088721279466292	2.352101814756808	1.391805857239158	0.010778200094910371	0.27845164120019494	True	True						False	False	True	PGK1
62	ENSG00000165637	2	cerebellar_hemisphere,cortex	M001,M004	1.9831965965119372e-05	1.391805857239158	1.3222954770243966	1	1	1	2	coupled	0.02055431081148635	0.8271801103402132	cortex	M004		1.600244761652735	1.088721279466292	2.352101814756808	1.391805857239158	0.010778200094910371	0.27845164120019494	True	True						False	False	True	VDAC2
63	ENSG00000135821	2	cerebellar_hemisphere,cortex	M001,M004	1.9831965965119372e-05	1.391805857239158	1.3222954770243966	1	1	1	2	discordant	0.02055431081148635	0.775279821224977	cortex	M004		1.600244761652735	1.088721279466292	2.352101814756808	1.391805857239158	0.010778200094910371	0.27845164120019494	True	True						False	False	True	GLUL
64	ENSG00000197622	2	cerebellar_hemisphere,cortex	M001,M004	1.9831965965119372e-05	1.391805857239158	1.3222954770243966	1	1	1	2	discordant	0.02055431081148635	0.6636991435487319	cortex	M004		1.600244761652735	1.088721279466292	2.352101814756808	1.391805857239158	0.010778200094910371	0.27845164120019494	True	True						False	False	True	CDC42SE1
65	ENSG00000055163	2	cerebellar_hemisphere,cortex	M001,M004	1.9831965965119372e-05	1.391805857239158	1.3222954770243966	1	1	1	2	coupled	0.02055431081148635	0.5968180933153948	cortex	M004		1.600244761652735	1.088721279466292	2.352101814756808	1.391805857239158	0.010778200094910371	0.27845164120019494	True	True						False	False	True	CYFIP2
66	ENSG00000198612	2	cerebellar_hemisphere,cortex	M001,M004	1.9831965965119372e-05	1.391805857239158	1.3222954770243966	1	1	1	2	coupled	0.02055431081148635	0.5949405603157658	cortex	M004		1.600244761652735	1.088721279466292	2.352101814756808	1.391805857239158	0.010778200094910371	0.27845164120019494	True	True						False	False	True	COPS8
67	ENSG00000239306	2	cerebellar_hemisphere,cortex	M001,M004	1.9831965965119372e-05	1.391805857239158	1.3222954770243966	1	1	1	2	coupled	0.02055431081148635	0.48062220316000615	cortex	M004		1.600244761652735	1.088721279466292	2.352101814756808	1.391805857239158	0.010778200094910371	0.27845164120019494	True	True						False	False	True	RBM14
68	ENSG00000161970	2	cerebellar_hemisphere,cortex	M001,M004	1.9831965965119372e-05	1.391805857239158	1.3222954770243966	1	1	1	0	abundance_only	0.02055431081148635	0.04988481432200689	cortex	M004		1.600244761652735	1.088721279466292	2.352101814756808	1.391805857239158	0.010778200094910371	0.27845164120019494	True	True						False	False	True	RPL26
69	ENSG00000170906	2	anterior_cingulate_cortex_ba24,cortex	M004,M013	0.0009172656306713378	1.50236646382691	1.447086160533034	1	2	2	2	coupled	0.0038471224606293525	0.6893602214336316	cortex	M004		1.600244761652735	1.088721279466292	2.352101814756808	1.391805857239158	0.010778200094910371	0.27845164120019494	True	True						False	False	True	NDUFA3
70	ENSG00000105793	2	cortex,frontal_cortex_ba9	M004,M016	0.0018173842294929281	1.4854514140681654	1.4386286356536617	1	2	1	2	coupled	0.001205372639663439	0.6559160787212536	cortex	M004		1.600244761652735	1.088721279466292	2.352101814756808	1.391805857239158	0.010778200094910371	0.27845164120019494	True	True						False	False	True	GTPBP10
71	ENSG00000108561	2	cortex,frontal_cortex_ba9	M004,M016	0.0018173842294929281	1.4854514140681654	1.4386286356536617	1	2	1	2	coupled	0.001205372639663439	0.625394833267028	cortex	M004		1.600244761652735	1.088721279466292	2.352101814756808	1.391805857239158	0.010778200094910371	0.27845164120019494	True	True						False	False	True	C1QBP
72	ENSG00000160799	2	cortex,frontal_cortex_ba9	M004,M016	0.0018173842294929281	1.4854514140681654	1.4386286356536617	1	2	1	2	coupled	0.001205372639663439	0.5477242580238266	cortex	M004		1.600244761652735	1.088721279466292	2.352101814756808	1.391805857239158	0.010778200094910371	0.27845164120019494	True	True						False	False	True	CCDC12
73	ENSG00000060762	2	anterior_cingulate_cortex_ba24,cortex	M004,M011	0.008434811039673994	1.41821949602122	1.405012676630189	1	2	1	1	abundance_only,discordant	0.0021492697791065146	0.40084746706119756	cortex	M004		1.600244761652735	1.088721279466292	2.352101814756808	1.391805857239158	0.010778200094910371	0.27845164120019494	True	True						False	False	True	MPC1
74	ENSG00000166710	2	cortex,frontal_cortex_ba9	M004	0.009457546889447692	1.391805857239158	1.3045757031645833	1	2	1	1	abundance_only,switch_only	0.02055431081148635	0.548019868999698	cortex	M004		1.600244761652735	1.088721279466292	2.352101814756808	1.391805857239158	0.010778200094910371	0.27845164120019494	True	True						False	False	True	B2M
75	ENSG00000154856	2	anterior_cingulate_cortex_ba24,cortex	M001,M004	0.010778200094910371	1.391805857239158	1.2889997038894188	1	2	1	2	discordant	0.001317282176918719	0.49141531844315384	cortex	M004		1.600244761652735	1.088721279466292	2.352101814756808	1.391805857239158	0.010778200094910371	0.27845164120019494	True	True						False	False	True	APCDD1
76	ENSG00000128731	2	caudate_basal_ganglia,cortex	M004,M005	0.010778200094910371	1.391805857239158	1.297701130417781	1	1	1	2	discordant	0.02055431081148635	0.39262054532088597	cortex	M004		1.600244761652735	1.088721279466292	2.352101814756808	1.391805857239158	0.010778200094910371	0.27845164120019494	True	True						False	False	True	HERC2
77	ENSG00000081791	1	cortex	M004	0.010778200094910371	1.391805857239158	1.391805857239158	0	1	1	1	coupled	0.02055431081148635	0.7163318199931002	cortex	M004		1.600244761652735	1.088721279466292	2.352101814756808	1.391805857239158	0.010778200094910371	0.27845164120019494	True	True						False	False	True	DELE1
78	ENSG00000170485	1	cortex	M004	0.010778200094910371	1.391805857239158	1.391805857239158	0	1	1	1	coupled	0.02055431081148635	0.7140727682068359	cortex	M004		1.600244761652735	1.088721279466292	2.352101814756808	1.391805857239158	0.010778200094910371	0.27845164120019494	True	True						False	False	True	NPAS2
79	ENSG00000127616	1	cortex	M004	0.010778200094910371	1.391805857239158	1.391805857239158	0	1	1	1	coupled	0.02055431081148635	0.6858524761322329	cortex	M004		1.600244761652735	1.088721279466292	2.352101814756808	1.391805857239158	0.010778200094910371	0.27845164120019494	True	True						False	False	True	SMARCA4
80	ENSG00000120733	1	cortex	M004	0.010778200094910371	1.391805857239158	1.391805857239158	0	1	1	1	discordant	0.02055431081148635	0.6340018960415764	cortex	M004		1.600244761652735	1.088721279466292	2.352101814756808	1.391805857239158	0.010778200094910371	0.27845164120019494	True	True						False	False	True	KDM3B
81	ENSG00000130881	1	cortex	M004	0.010778200094910371	1.391805857239158	1.391805857239158	0	1	1	1	coupled	0.02055431081148635	0.625978779403766	cortex	M004		1.600244761652735	1.088721279466292	2.352101814756808	1.391805857239158	0.010778200094910371	0.27845164120019494	True	True						False	False	True	LRP3
82	ENSG00000184916	1	cortex	M004	0.010778200094910371	1.391805857239158	1.391805857239158	0	1	1	1	coupled	0.02055431081148635	0.6209841024455816	cortex	M004		1.600244761652735	1.088721279466292	2.352101814756808	1.391805857239158	0.010778200094910371	0.27845164120019494	True	True						False	False	True	JAG2
83	ENSG00000272391	1	cortex	M004	0.010778200094910371	1.391805857239158	1.391805857239158	0	1	1	1	coupled	0.02055431081148635	0.616515481841954	cortex	M004		1.600244761652735	1.088721279466292	2.352101814756808	1.391805857239158	0.010778200094910371	0.27845164120019494	True	True						False	False	True	POM121C
84	ENSG00000132383	1	cortex	M004	0.010778200094910371	1.391805857239158	1.391805857239158	0	1	1	1	coupled	0.02055431081148635	0.5613849932427125	cortex	M004		1.600244761652735	1.088721279466292	2.352101814756808	1.391805857239158	0.010778200094910371	0.27845164120019494	True	True						False	False	True	RPA1
85	ENSG00000181409	1	cortex	M004	0.010778200094910371	1.391805857239158	1.391805857239158	0	1	1	1	discordant	0.02055431081148635	0.5574613806294801	cortex	M004		1.600244761652735	1.088721279466292	2.352101814756808	1.391805857239158	0.010778200094910371	0.27845164120019494	True	True						False	False	True	AATK
86	ENSG00000174628	1	cortex	M004	0.010778200094910371	1.391805857239158	1.391805857239158	0	1	1	1	discordant	0.02055431081148635	0.5541691209451857	cortex	M004		1.600244761652735	1.088721279466292	2.352101814756808	1.391805857239158	0.010778200094910371	0.27845164120019494	True	True						False	False	True	IQCK
87	ENSG00000112679	1	cortex	M004	0.010778200094910371	1.391805857239158	1.391805857239158	0	1	1	1	coupled	0.02055431081148635	0.538779014507088	cortex	M004		1.600244761652735	1.088721279466292	2.352101814756808	1.391805857239158	0.010778200094910371	0.27845164120019494	True	True						False	False	True	DUSP22
88	ENSG00000117069	1	cortex	M004	0.010778200094910371	1.391805857239158	1.391805857239158	0	1	1	1	coupled	0.02055431081148635	0.5381625839848203	cortex	M004		1.600244761652735	1.088721279466292	2.352101814756808	1.391805857239158	0.010778200094910371	0.27845164120019494	True	True						False	False	True	ST6GALNAC5
89	ENSG00000131473	1	cortex	M004	0.010778200094910371	1.391805857239158	1.391805857239158	0	1	1	1	coupled	0.02055431081148635	0.5269780287843061	cortex	M004		1.600244761652735	1.088721279466292	2.352101814756808	1.391805857239158	0.010778200094910371	0.27845164120019494	True	True						False	False	True	ACLY
90	ENSG00000168273	1	cortex	M004	0.010778200094910371	1.391805857239158	1.391805857239158	0	1	1	1	coupled	0.02055431081148635	0.5117829671907161	cortex	M004		1.600244761652735	1.088721279466292	2.352101814756808	1.391805857239158	0.010778200094910371	0.27845164120019494	True	True						False	False	True	UQCC5
91	ENSG00000090581	1	cortex	M004	0.010778200094910371	1.391805857239158	1.391805857239158	0	1	1	1	discordant	0.02055431081148635	0.47643478317343274	cortex	M004		1.600244761652735	1.088721279466292	2.352101814756808	1.391805857239158	0.010778200094910371	0.27845164120019494	True	True						False	False	True	GNPTG
92	ENSG00000136718	1	cortex	M004	0.010778200094910371	1.391805857239158	1.391805857239158	0	1	1	1	coupled	0.02055431081148635	0.4619948681574702	cortex	M004		1.600244761652735	1.088721279466292	2.352101814756808	1.391805857239158	0.010778200094910371	0.27845164120019494	True	True						False	False	True	IMP4
93	ENSG00000135506	1	cortex	M004	0.010778200094910371	1.391805857239158	1.391805857239158	0	1	1	1	discordant	0.02055431081148635	0.4147850787172692	cortex	M004		1.600244761652735	1.088721279466292	2.352101814756808	1.391805857239158	0.010778200094910371	0.27845164120019494	True	True						False	False	True	OS9
94	ENSG00000085117	1	cortex	M004	0.010778200094910371	1.391805857239158	1.391805857239158	0	1	1	1	switch_only	0.02055431081148635	0.4146008383412077	cortex	M004		1.600244761652735	1.088721279466292	2.352101814756808	1.391805857239158	0.010778200094910371	0.27845164120019494	True	True						False	False	True	CD82
95	ENSG00000079950	1	cortex	M004	0.010778200094910371	1.391805857239158	1.391805857239158	0	1	1	1	discordant	0.02055431081148635	0.4092315297069766	cortex	M004		1.600244761652735	1.088721279466292	2.352101814756808	1.391805857239158	0.010778200094910371	0.27845164120019494	True	True						False	False	True	STX7
96	ENSG00000002586	1	cortex	M004	0.010778200094910371	1.391805857239158	1.391805857239158	0	1	1	1	discordant	0.02055431081148635	0.4040688226487288	cortex	M004		1.600244761652735	1.088721279466292	2.352101814756808	1.391805857239158	0.010778200094910371	0.27845164120019494	True	True						False	False	True	CD99
97	ENSG00000171490	1	cortex	M004	0.010778200094910371	1.391805857239158	1.391805857239158	0	1	1	1	discordant	0.02055431081148635	0.28789919924038626	cortex	M004		1.600244761652735	1.088721279466292	2.352101814756808	1.391805857239158	0.010778200094910371	0.27845164120019494	True	True						False	False	True	RSL1D1
98	ENSG00000134056	1	cortex	M004	0.010778200094910371	1.391805857239158	1.391805857239158	0	1	1	1	discordant	0.02055431081148635	0.2799978805410395	cortex	M004		1.600244761652735	1.088721279466292	2.352101814756808	1.391805857239158	0.010778200094910371	0.27845164120019494	True	True						False	False	True	KGD4
99	ENSG00000130208	1	cortex	M004	0.010778200094910371	1.391805857239158	1.391805857239158	0	1	1	1	switch_only	0.02055431081148635	0.27310558400237916	cortex	M004		1.600244761652735	1.088721279466292	2.352101814756808	1.391805857239158	0.010778200094910371	0.27845164120019494	True	True						False	False	True	APOC1
100	ENSG00000083857	1	cortex	M004	0.010778200094910371	1.391805857239158	1.391805857239158	0	1	1	1	coupled	0.02055431081148635	0.24494478265485214	cortex	M004		1.600244761652735	1.088721279466292	2.352101814756808	1.391805857239158	0.010778200094910371	0.27845164120019494	True	True						False	False	True	FAT1
101	ENSG00000163399	1	cortex	M004	0.010778200094910371	1.391805857239158	1.391805857239158	0	1	1	1	discordant	0.02055431081148635	0.20936223505581575	cortex	M004		1.600244761652735	1.088721279466292	2.352101814756808	1.391805857239158	0.010778200094910371	0.27845164120019494	True	True						False	False	True	ATP1A1
102	ENSG00000151553	1	cortex	M004	0.010778200094910371	1.391805857239158	1.391805857239158	0	1	1	0	abundance_only	0.02055431081148635	0.11272784177743266	cortex	M004		1.600244761652735	1.088721279466292	2.352101814756808	1.391805857239158	0.010778200094910371	0.27845164120019494	True	True						False	False	True	FHIP2A
103	ENSG00000005884	1	cortex	M004	0.010778200094910371	1.391805857239158	1.391805857239158	0	1	1	0	abundance_only	0.02055431081148635	0.07683954831893039	cortex	M004		1.600244761652735	1.088721279466292	2.352101814756808	1.391805857239158	0.010778200094910371	0.27845164120019494	True	True						False	False	True	ITGA3
104	ENSG00000132965	4	amygdala,anterior_cingulate_cortex_ba24,frontal_cortex_ba9,hypothalamus	M001,M004,M006	2.866899777424847e-06	1.5951159951159952	1.3795466149333668	4	4	0	4	coupled	6.176223373117581e-05	0.9183588746524924	amygdala	M006	immune system process, immune response, regulation of immune system process	1.5700602406852635	1.08542540054823	2.2710811430574527	1.5951159951159952	5.877094896037403e-06	0.2776118193468517	True	True						False	False	True	ALOX5AP
105	ENSG00000142583	4	amygdala,anterior_cingulate_cortex_ba24,frontal_cortex_ba9,hypothalamus	M001,M004,M006	2.866899777424847e-06	1.5951159951159952	1.3795466149333668	4	4	0	4	coupled	6.176223373117581e-05	0.8980195530015378	amygdala	M006	immune system process, immune response, regulation of immune system process	1.5700602406852635	1.08542540054823	2.2710811430574527	1.5951159951159952	5.877094896037403e-06	0.2776118193468517	True	True						False	False	True	SLC2A5
106	ENSG00000167613	4	amygdala,anterior_cingulate_cortex_ba24,frontal_cortex_ba9,hypothalamus	M001,M004,M006	2.866899777424847e-06	1.5951159951159952	1.3795466149333668	4	4	0	4	coupled	6.176223373117581e-05	0.8957389424902779	amygdala	M006	immune system process, immune response, regulation of immune system process	1.5700602406852635	1.08542540054823	2.2710811430574527	1.5951159951159952	5.877094896037403e-06	0.2776118193468517	True	True						False	False	True	LAIR1
107	ENSG00000180353	4	amygdala,anterior_cingulate_cortex_ba24,frontal_cortex_ba9,hypothalamus	M001,M004,M006	2.866899777424847e-06	1.5951159951159952	1.3795466149333668	4	4	0	4	coupled	6.176223373117581e-05	0.8874410410044498	amygdala	M006	immune system process, immune response, regulation of immune system process	1.5700602406852635	1.08542540054823	2.2710811430574527	1.5951159951159952	5.877094896037403e-06	0.2776118193468517	True	True						False	False	True	HCLS1
108	ENSG00000006747	4	amygdala,anterior_cingulate_cortex_ba24,frontal_cortex_ba9,hypothalamus	M001,M004,M006	2.866899777424847e-06	1.5951159951159952	1.3795466149333668	4	4	0	4	coupled	6.176223373117581e-05	0.8366762535353739	amygdala	M006	immune system process, immune response, regulation of immune system process	1.5700602406852635	1.08542540054823	2.2710811430574527	1.5951159951159952	5.877094896037403e-06	0.2776118193468517	True	True						False	False	True	SCIN
109	ENSG00000142347	4	amygdala,anterior_cingulate_cortex_ba24,frontal_cortex_ba9,hypothalamus	M001,M004,M006	2.866899777424847e-06	1.5951159951159952	1.3795466149333668	4	4	0	4	coupled	6.176223373117581e-05	0.8097482424928231	amygdala	M006	immune system process, immune response, regulation of immune system process	1.5700602406852635	1.08542540054823	2.2710811430574527	1.5951159951159952	5.877094896037403e-06	0.2776118193468517	True	True						False	False	True	MYO1F
110	ENSG00000100055	4	amygdala,anterior_cingulate_cortex_ba24,frontal_cortex_ba9,hypothalamus	M001,M004,M006	2.866899777424847e-06	1.5951159951159952	1.3795466149333668	4	4	0	4	coupled	6.176223373117581e-05	0.8027414018545974	amygdala	M006	immune system process, immune response, regulation of immune system process	1.5700602406852635	1.08542540054823	2.2710811430574527	1.5951159951159952	5.877094896037403e-06	0.2776118193468517	True	True						False	False	True	CYTH4
111	ENSG00000104972	4	amygdala,anterior_cingulate_cortex_ba24,frontal_cortex_ba9,hypothalamus	M001,M004,M006	2.866899777424847e-06	1.5951159951159952	1.3795466149333668	4	4	0	4	coupled	6.176223373117581e-05	0.7904309423585651	amygdala	M006	immune system process, immune response, regulation of immune system process	1.5700602406852635	1.08542540054823	2.2710811430574527	1.5951159951159952	5.877094896037403e-06	0.2776118193468517	True	True						False	False	True	LILRB1
112	ENSG00000118785	4	amygdala,anterior_cingulate_cortex_ba24,frontal_cortex_ba9,hypothalamus	M001,M004,M006	2.866899777424847e-06	1.5951159951159952	1.3795466149333668	4	4	0	4	coupled	6.176223373117581e-05	0.7644714817177369	amygdala	M006	immune system process, immune response, regulation of immune system process	1.5700602406852635	1.08542540054823	2.2710811430574527	1.5951159951159952	5.877094896037403e-06	0.2776118193468517	True	True						False	False	True	SPP1
113	ENSG00000127507	4	amygdala,anterior_cingulate_cortex_ba24,frontal_cortex_ba9,hypothalamus	M001,M004,M006	2.866899777424847e-06	1.5951159951159952	1.3795466149333668	4	4	0	4	coupled	6.176223373117581e-05	0.7500332910569653	amygdala	M006	immune system process, immune response, regulation of immune system process	1.5700602406852635	1.08542540054823	2.2710811430574527	1.5951159951159952	5.877094896037403e-06	0.2776118193468517	True	True						False	False	True	ADGRE2
114	ENSG00000051523	4	amygdala,anterior_cingulate_cortex_ba24,frontal_cortex_ba9,hypothalamus	M001,M004,M006	2.866899777424847e-06	1.5951159951159952	1.3795466149333668	4	4	0	4	coupled	6.176223373117581e-05	0.7460483701434036	amygdala	M006	immune system process, immune response, regulation of immune system process	1.5700602406852635	1.08542540054823	2.2710811430574527	1.5951159951159952	5.877094896037403e-06	0.2776118193468517	True	True						False	False	True	CYBA
115	ENSG00000077238	4	amygdala,anterior_cingulate_cortex_ba24,frontal_cortex_ba9,hypothalamus	M001,M004,M006	2.866899777424847e-06	1.5951159951159952	1.3795466149333668	4	4	0	4	coupled	6.176223373117581e-05	0.7254286314105688	amygdala	M006	immune system process, immune response, regulation of immune system process	1.5700602406852635	1.08542540054823	2.2710811430574527	1.5951159951159952	5.877094896037403e-06	0.2776118193468517	True	True						False	False	True	IL4R
116	ENSG00000168961	4	amygdala,anterior_cingulate_cortex_ba24,frontal_cortex_ba9,hypothalamus	M001,M004,M006	2.866899777424847e-06	1.5951159951159952	1.3795466149333668	4	4	0	4	coupled	6.176223373117581e-05	0.7201324956234142	amygdala	M006	immune system process, immune response, regulation of immune system process	1.5700602406852635	1.08542540054823	2.2710811430574527	1.5951159951159952	5.877094896037403e-06	0.2776118193468517	True	True						False	False	True	LGALS9
117	ENSG00000149781	4	amygdala,anterior_cingulate_cortex_ba24,frontal_cortex_ba9,hypothalamus	M001,M004,M006	2.866899777424847e-06	1.5951159951159952	1.3795466149333668	4	4	0	4	coupled	6.176223373117581e-05	0.7146071725966009	amygdala	M006	immune system process, immune response, regulation of immune system process	1.5700602406852635	1.08542540054823	2.2710811430574527	1.5951159951159952	5.877094896037403e-06	0.2776118193468517	True	True						False	False	True	FERMT3
118	ENSG00000125089	4	amygdala,anterior_cingulate_cortex_ba24,frontal_cortex_ba9,hypothalamus	M001,M004,M006	2.866899777424847e-06	1.5951159951159952	1.3795466149333668	4	4	0	3	abundance_only,coupled	6.176223373117581e-05	0.692618588090448	amygdala	M006	immune system process, immune response, regulation of immune system process	1.5700602406852635	1.08542540054823	2.2710811430574527	1.5951159951159952	5.877094896037403e-06	0.2776118193468517	True	True						False	False	True	SH3TC1
119	ENSG00000250362	4	amygdala,anterior_cingulate_cortex_ba24,frontal_cortex_ba9,hypothalamus	M001,M004,M006	2.866899777424847e-06	1.5951159951159952	1.3795466149333668	4	4	0	4	coupled	6.176223373117581e-05	0.6692757294828094	amygdala	M006	immune system process, immune response, regulation of immune system process	1.5700602406852635	1.08542540054823	2.2710811430574527	1.5951159951159952	5.877094896037403e-06	0.2776118193468517	True	True						False	False	True	ENSG00000250362
120	ENSG00000182578	4	amygdala,anterior_cingulate_cortex_ba24,frontal_cortex_ba9,hypothalamus	M001,M004,M006	2.866899777424847e-06	1.5951159951159952	1.3795466149333668	4	4	0	4	coupled	6.176223373117581e-05	0.662136973925446	amygdala	M006	immune system process, immune response, regulation of immune system process	1.5700602406852635	1.08542540054823	2.2710811430574527	1.5951159951159952	5.877094896037403e-06	0.2776118193468517	True	True						False	False	True	CSF1R
121	ENSG00000115165	4	amygdala,anterior_cingulate_cortex_ba24,frontal_cortex_ba9,hypothalamus	M001,M004,M006	2.866899777424847e-06	1.5951159951159952	1.3795466149333668	4	4	0	4	coupled	6.176223373117581e-05	0.6576492951038342	amygdala	M006	immune system process, immune response, regulation of immune system process	1.5700602406852635	1.08542540054823	2.2710811430574527	1.5951159951159952	5.877094896037403e-06	0.2776118193468517	True	True						False	False	True	CYTIP
122	ENSG00000060138	4	amygdala,anterior_cingulate_cortex_ba24,frontal_cortex_ba9,hypothalamus	M001,M004,M006	2.866899777424847e-06	1.5951159951159952	1.3795466149333668	4	4	0	4	coupled	6.176223373117581e-05	0.6569396670282382	amygdala	M006	immune system process, immune response, regulation of immune system process	1.5700602406852635	1.08542540054823	2.2710811430574527	1.5951159951159952	5.877094896037403e-06	0.2776118193468517	True	True						False	False	True	YBX3
123	ENSG00000064886	4	amygdala,anterior_cingulate_cortex_ba24,frontal_cortex_ba9,hypothalamus	M001,M004,M006	2.866899777424847e-06	1.5951159951159952	1.3795466149333668	4	4	0	4	coupled	6.176223373117581e-05	0.6495104968271224	amygdala	M006	immune system process, immune response, regulation of immune system process	1.5700602406852635	1.08542540054823	2.2710811430574527	1.5951159951159952	5.877094896037403e-06	0.2776118193468517	True	True						False	False	True	CHI3L2
124	ENSG00000167895	4	amygdala,anterior_cingulate_cortex_ba24,frontal_cortex_ba9,hypothalamus	M001,M004,M006	2.866899777424847e-06	1.5951159951159952	1.3795466149333668	4	4	0	4	coupled	6.176223373117581e-05	0.6336929058009703	amygdala	M006	immune system process, immune response, regulation of immune system process	1.5700602406852635	1.08542540054823	2.2710811430574527	1.5951159951159952	5.877094896037403e-06	0.2776118193468517	True	True						False	False	True	TMC8
125	ENSG00000128342	4	amygdala,anterior_cingulate_cortex_ba24,frontal_cortex_ba9,hypothalamus	M001,M004,M006	2.866899777424847e-06	1.5951159951159952	1.3795466149333668	4	4	0	4	coupled	6.176223373117581e-05	0.6014726192425676	amygdala	M006	immune system process, immune response, regulation of immune system process	1.5700602406852635	1.08542540054823	2.2710811430574527	1.5951159951159952	5.877094896037403e-06	0.2776118193468517	True	True						False	False	True	LIF
126	ENSG00000160883	4	amygdala,anterior_cingulate_cortex_ba24,frontal_cortex_ba9,hypothalamus	M001,M004,M006	2.866899777424847e-06	1.5951159951159952	1.3795466149333668	4	4	0	4	coupled	6.176223373117581e-05	0.5814679016629383	amygdala	M006	immune system process, immune response, regulation of immune system process	1.5700602406852635	1.08542540054823	2.2710811430574527	1.5951159951159952	5.877094896037403e-06	0.2776118193468517	True	True						False	False	True	HK3
127	ENSG00000167772	4	amygdala,anterior_cingulate_cortex_ba24,frontal_cortex_ba9,hypothalamus	M001,M004,M006	2.866899777424847e-06	1.5951159951159952	1.3795466149333668	4	4	0	4	coupled	6.176223373117581e-05	0.5732480707343003	amygdala	M006	immune system process, immune response, regulation of immune system process	1.5700602406852635	1.08542540054823	2.2710811430574527	1.5951159951159952	5.877094896037403e-06	0.2776118193468517	True	True						False	False	True	ANGPTL4
128	ENSG00000289256	4	amygdala,anterior_cingulate_cortex_ba24,frontal_cortex_ba9,hypothalamus	M001,M004,M006	2.866899777424847e-06	1.5951159951159952	1.3795466149333668	4	4	0	4	coupled	6.176223373117581e-05	0.5582762348261385	amygdala	M006	immune system process, immune response, regulation of immune system process	1.5700602406852635	1.08542540054823	2.2710811430574527	1.5951159951159952	5.877094896037403e-06	0.2776118193468517	True	True						False	False	True	ENSG00000289256
129	ENSG00000137841	3	amygdala,frontal_cortex_ba9,hypothalamus	M004,M006	2.866899777424847e-06	1.5951159951159952	1.4439976363979292	3	3	0	3	coupled	6.176223373117581e-05	0.7996867345879001	amygdala	M006	immune system process, immune response, regulation of immune system process	1.5700602406852635	1.08542540054823	2.2710811430574527	1.5951159951159952	5.877094896037403e-06	0.2776118193468517	True	True						False	False	True	PLCB2
130	ENSG00000076944	3	amygdala,anterior_cingulate_cortex_ba24,hypothalamus	M001,M006	2.866899777424847e-06	1.5951159951159952	1.4336136368811527	3	3	0	3	coupled	6.176223373117581e-05	0.7181283784695747	amygdala	M006	immune system process, immune response, regulation of immune system process	1.5700602406852635	1.08542540054823	2.2710811430574527	1.5951159951159952	5.877094896037403e-06	0.2776118193468517	True	True						False	False	True	STXBP2
131	ENSG00000151062	3	amygdala,anterior_cingulate_cortex_ba24,hypothalamus	M001,M006	2.866899777424847e-06	1.5951159951159952	1.4336136368811527	3	3	0	3	coupled	6.176223373117581e-05	0.6510597424773171	amygdala	M006	immune system process, immune response, regulation of immune system process	1.5700602406852635	1.08542540054823	2.2710811430574527	1.5951159951159952	5.877094896037403e-06	0.2776118193468517	True	True						False	False	True	CACNA2D4
132	ENSG00000255491	3	amygdala,anterior_cingulate_cortex_ba24,hypothalamus	M001,M006	2.866899777424847e-06	1.5951159951159952	1.4336136368811527	3	3	0	3	coupled	6.176223373117581e-05	0.6487500481669235	amygdala	M006	immune system process, immune response, regulation of immune system process	1.5700602406852635	1.08542540054823	2.2710811430574527	1.5951159951159952	5.877094896037403e-06	0.2776118193468517	True	True						False	False	True	ENSG00000255491
133	ENSG00000099985	3	amygdala,frontal_cortex_ba9,hypothalamus	M004,M006	2.866899777424847e-06	1.5951159951159952	1.4439976363979292	3	3	0	3	coupled	6.176223373117581e-05	0.5949168549603673	amygdala	M006	immune system process, immune response, regulation of immune system process	1.5700602406852635	1.08542540054823	2.2710811430574527	1.5951159951159952	5.877094896037403e-06	0.2776118193468517	True	True						False	False	True	OSM
134	ENSG00000254361	3	amygdala,frontal_cortex_ba9,hypothalamus	M004,M006	2.866899777424847e-06	1.5951159951159952	1.4439976363979292	3	3	0	3	coupled,switch_only	6.176223373117581e-05	0.5489086483798398	amygdala	M006	immune system process, immune response, regulation of immune system process	1.5700602406852635	1.08542540054823	2.2710811430574527	1.5951159951159952	5.877094896037403e-06	0.2776118193468517	True	True						False	False	True	ENSG00000254361
135	ENSG00000148908	3	amygdala,frontal_cortex_ba9,hypothalamus	M004,M006	2.866899777424847e-06	1.5951159951159952	1.4439976363979292	3	3	0	2	abundance_only,coupled	6.176223373117581e-05	0.3904459516451295	amygdala	M006	immune system process, immune response, regulation of immune system process	1.5700602406852635	1.08542540054823	2.2710811430574527	1.5951159951159952	5.877094896037403e-06	0.2776118193468517	True	True						False	False	True	RGS10
136	ENSG00000204252	3	amygdala,anterior_cingulate_cortex_ba24,frontal_cortex_ba9	M001,M004,M006	5.877094896037403e-06	1.5951159951159952	1.3328850315818945	3	3	0	3	coupled	0.001317282176918719	0.8162907463561538	amygdala	M006	immune system process, immune response, regulation of immune system process	1.5700602406852635	1.08542540054823	2.2710811430574527	1.5951159951159952	5.877094896037403e-06	0.2776118193468517	True	True						False	False	True	HLA-DOA
137	ENSG00000090339	3	amygdala,anterior_cingulate_cortex_ba24,frontal_cortex_ba9	M001,M004,M006	5.877094896037403e-06	1.5951159951159952	1.3328850315818945	3	3	0	3	coupled	0.001317282176918719	0.7557529911685212	amygdala	M006	immune system process, immune response, regulation of immune system process	1.5700602406852635	1.08542540054823	2.2710811430574527	1.5951159951159952	5.877094896037403e-06	0.2776118193468517	True	True						False	False	True	ICAM1
138	ENSG00000104894	3	amygdala,anterior_cingulate_cortex_ba24,frontal_cortex_ba9	M001,M004,M006	5.877094896037403e-06	1.5951159951159952	1.3328850315818945	3	3	0	3	coupled	0.001317282176918719	0.6991857853053701	amygdala	M006	immune system process, immune response, regulation of immune system process	1.5700602406852635	1.08542540054823	2.2710811430574527	1.5951159951159952	5.877094896037403e-06	0.2776118193468517	True	True						False	False	True	CD37
139	ENSG00000180448	3	amygdala,anterior_cingulate_cortex_ba24,frontal_cortex_ba9	M001,M004,M006	5.877094896037403e-06	1.5951159951159952	1.3328850315818945	3	3	0	3	coupled	0.001317282176918719	0.6749286478159283	amygdala	M006	immune system process, immune response, regulation of immune system process	1.5700602406852635	1.08542540054823	2.2710811430574527	1.5951159951159952	5.877094896037403e-06	0.2776118193468517	True	True						False	False	True	ARHGAP45
140	ENSG00000095303	3	amygdala,anterior_cingulate_cortex_ba24,frontal_cortex_ba9	M001,M004,M006	5.877094896037403e-06	1.5951159951159952	1.3328850315818945	3	3	0	3	coupled	0.001317282176918719	0.6611540412862181	amygdala	M006	immune system process, immune response, regulation of immune system process	1.5700602406852635	1.08542540054823	2.2710811430574527	1.5951159951159952	5.877094896037403e-06	0.2776118193468517	True	True						False	False	True	PTGS1
141	ENSG00000216490	3	amygdala,anterior_cingulate_cortex_ba24,frontal_cortex_ba9	M001,M004,M006	5.877094896037403e-06	1.5951159951159952	1.3328850315818945	3	3	0	3	coupled,discordant	0.001317282176918719	0.6542525603548605	amygdala	M006	immune system process, immune response, regulation of immune system process	1.5700602406852635	1.08542540054823	2.2710811430574527	1.5951159951159952	5.877094896037403e-06	0.2776118193468517	True	True						False	False	True	IFI30
142	ENSG00000204257	3	amygdala,anterior_cingulate_cortex_ba24,frontal_cortex_ba9	M001,M004,M006	5.877094896037403e-06	1.5951159951159952	1.3328850315818945	3	3	0	2	abundance_only,coupled,discordant	0.001317282176918719	0.5069591299579216	amygdala	M006	immune system process, immune response, regulation of immune system process	1.5700602406852635	1.08542540054823	2.2710811430574527	1.5951159951159952	5.877094896037403e-06	0.2776118193468517	True	True						False	False	True	HLA-DMA
143	ENSG00000197249	2	amygdala,hypothalamus	M006	2.866899777424847e-06	1.5951159951159952	1.5573236800518895	2	2	0	2	coupled	6.176223373117581e-05	0.8428233477602018	amygdala	M006	immune system process, immune response, regulation of immune system process	1.5700602406852635	1.08542540054823	2.2710811430574527	1.5951159951159952	5.877094896037403e-06	0.2776118193468517	True	True						False	False	True	SERPINA1
144	ENSG00000223552	2	amygdala,hypothalamus	M006	2.866899777424847e-06	1.5951159951159952	1.5573236800518895	2	2	0	2	coupled	6.176223373117581e-05	0.7436242501562744	amygdala	M006	immune system process, immune response, regulation of immune system process	1.5700602406852635	1.08542540054823	2.2710811430574527	1.5951159951159952	5.877094896037403e-06	0.2776118193468517	True	True						False	False	True	CCR5AS
145	ENSG00000244682	2	amygdala,hypothalamus	M006	2.866899777424847e-06	1.5951159951159952	1.5573236800518895	2	2	0	2	coupled	6.176223373117581e-05	0.7023612709766903	amygdala	M006	immune system process, immune response, regulation of immune system process	1.5700602406852635	1.08542540054823	2.2710811430574527	1.5951159951159952	5.877094896037403e-06	0.2776118193468517	True	True						False	False	True	FCGR2C
146	ENSG00000187912	2	amygdala,hypothalamus	M006	2.866899777424847e-06	1.5951159951159952	1.5573236800518895	2	2	0	2	coupled	6.176223373117581e-05	0.5931974789089995	amygdala	M006	immune system process, immune response, regulation of immune system process	1.5700602406852635	1.08542540054823	2.2710811430574527	1.5951159951159952	5.877094896037403e-06	0.2776118193468517	True	True						False	False	True	CLEC17A
147	ENSG00000275830	2	amygdala,hypothalamus	M006	2.866899777424847e-06	1.5951159951159952	1.5573236800518895	2	2	0	2	coupled	6.176223373117581e-05	0.5043120505117233	amygdala	M006	immune system process, immune response, regulation of immune system process	1.5700602406852635	1.08542540054823	2.2710811430574527	1.5951159951159952	5.877094896037403e-06	0.2776118193468517	True	True						False	False	True	LINC03082
148	ENSG00000168918	2	amygdala,hypothalamus	M006	2.866899777424847e-06	1.5951159951159952	1.5573236800518895	2	2	0	2	coupled	6.176223373117581e-05	0.5042315682354536	amygdala	M006	immune system process, immune response, regulation of immune system process	1.5700602406852635	1.08542540054823	2.2710811430574527	1.5951159951159952	5.877094896037403e-06	0.2776118193468517	True	True						False	False	True	INPP5D
149	ENSG00000273409	2	amygdala,hypothalamus	M006	2.866899777424847e-06	1.5951159951159952	1.5573236800518895	2	2	0	2	coupled	6.176223373117581e-05	0.46232094094129716	amygdala	M006	immune system process, immune response, regulation of immune system process	1.5700602406852635	1.08542540054823	2.2710811430574527	1.5951159951159952	5.877094896037403e-06	0.2776118193468517	True	True						False	False	True	LINC02712
150	ENSG00000103569	2	amygdala,hypothalamus	M006	2.866899777424847e-06	1.5951159951159952	1.5573236800518895	2	2	0	2	coupled	6.176223373117581e-05	0.405070910572767	amygdala	M006	immune system process, immune response, regulation of immune system process	1.5700602406852635	1.08542540054823	2.2710811430574527	1.5951159951159952	5.877094896037403e-06	0.2776118193468517	True	True						False	False	True	AQP9
151	ENSG00000204936	2	amygdala,hypothalamus	M006	2.866899777424847e-06	1.5951159951159952	1.5573236800518895	2	2	0	2	coupled	6.176223373117581e-05	0.3964032803142594	amygdala	M006	immune system process, immune response, regulation of immune system process	1.5700602406852635	1.08542540054823	2.2710811430574527	1.5951159951159952	5.877094896037403e-06	0.2776118193468517	True	True						False	False	True	CD177
152	ENSG00000115607	2	amygdala,hypothalamus	M006	2.866899777424847e-06	1.5951159951159952	1.5573236800518895	2	2	0	1	abundance_only,coupled	6.176223373117581e-05	0.21009950643276867	amygdala	M006	immune system process, immune response, regulation of immune system process	1.5700602406852635	1.08542540054823	2.2710811430574527	1.5951159951159952	5.877094896037403e-06	0.2776118193468517	True	True						False	False	True	IL18RAP
153	ENSG00000169403	2	amygdala,frontal_cortex_ba9	M004,M006	5.877094896037403e-06	1.5951159951159952	1.4062307721030018	2	2	0	2	coupled	0.015324954590770292	0.7701905733544795	amygdala	M006	immune system process, immune response, regulation of immune system process	1.5700602406852635	1.08542540054823	2.2710811430574527	1.5951159951159952	5.877094896037403e-06	0.2776118193468517	True	True						False	False	True	PTAFR
154	ENSG00000104951	2	amygdala,anterior_cingulate_cortex_ba24	M001,M006	5.877094896037403e-06	1.5951159951159952	1.3906547728278373	2	2	0	2	coupled	0.001317282176918719	0.6673137246793748	amygdala	M006	immune system process, immune response, regulation of immune system process	1.5700602406852635	1.08542540054823	2.2710811430574527	1.5951159951159952	5.877094896037403e-06	0.2776118193468517	True	True						False	False	True	IL4I1
155	ENSG00000185436	2	amygdala,anterior_cingulate_cortex_ba24	M001,M006	5.877094896037403e-06	1.5951159951159952	1.3906547728278373	2	2	0	2	coupled	0.001317282176918719	0.6602638738656345	amygdala	M006	immune system process, immune response, regulation of immune system process	1.5700602406852635	1.08542540054823	2.2710811430574527	1.5951159951159952	5.877094896037403e-06	0.2776118193468517	True	True						False	False	True	IFNLR1
156	ENSG00000104689	2	amygdala,frontal_cortex_ba9	M004,M006	5.877094896037403e-06	1.5951159951159952	1.4062307721030018	2	2	0	1	abundance_only,coupled	0.015324954590770292	0.6398605567457227	amygdala	M006	immune system process, immune response, regulation of immune system process	1.5700602406852635	1.08542540054823	2.2710811430574527	1.5951159951159952	5.877094896037403e-06	0.2776118193468517	True	True						False	False	True	TNFRSF10A
157	ENSG00000128815	2	amygdala,frontal_cortex_ba9	M004,M006	5.877094896037403e-06	1.5951159951159952	1.4062307721030018	2	2	0	1	abundance_only,coupled	0.015324954590770292	0.6320096652052194	amygdala	M006	immune system process, immune response, regulation of immune system process	1.5700602406852635	1.08542540054823	2.2710811430574527	1.5951159951159952	5.877094896037403e-06	0.2776118193468517	True	True						False	False	True	WDFY4
158	ENSG00000137491	2	amygdala,anterior_cingulate_cortex_ba24	M001,M006	5.877094896037403e-06	1.5951159951159952	1.3906547728278373	2	2	0	2	coupled	0.001317282176918719	0.5834268710420971	amygdala	M006	immune system process, immune response, regulation of immune system process	1.5700602406852635	1.08542540054823	2.2710811430574527	1.5951159951159952	5.877094896037403e-06	0.2776118193468517	True	True						False	False	True	SLCO2B1
159	ENSG00000028137	2	amygdala,frontal_cortex_ba9	M004,M006	5.877094896037403e-06	1.5951159951159952	1.4062307721030018	2	2	0	2	coupled,discordant	0.015324954590770292	0.5423769569549786	amygdala	M006	immune system process, immune response, regulation of immune system process	1.5700602406852635	1.08542540054823	2.2710811430574527	1.5951159951159952	5.877094896037403e-06	0.2776118193468517	True	True						False	False	True	TNFRSF1B
160	ENSG00000152580	2	amygdala,frontal_cortex_ba9	M004,M006	5.877094896037403e-06	1.5951159951159952	1.4062307721030018	2	2	0	1	coupled,inactive	0.015324954590770292	0.5338112047886178	amygdala	M006	immune system process, immune response, regulation of immune system process	1.5700602406852635	1.08542540054823	2.2710811430574527	1.5951159951159952	5.877094896037403e-06	0.2776118193468517	True	True						False	False	True	IGSF10
161	ENSG00000163694	2	amygdala,frontal_cortex_ba9	M004,M006	5.877094896037403e-06	1.5951159951159952	1.4062307721030018	2	2	0	1	abundance_only,coupled	0.015324954590770292	0.5064081506465482	amygdala	M006	immune system process, immune response, regulation of immune system process	1.5700602406852635	1.08542540054823	2.2710811430574527	1.5951159951159952	5.877094896037403e-06	0.2776118193468517	True	True						False	False	True	RBM47
162	ENSG00000120913	2	amygdala,anterior_cingulate_cortex_ba24	M001,M006	5.877094896037403e-06	1.5951159951159952	1.3906547728278373	2	2	0	2	coupled	0.001317282176918719	0.4604636311408802	amygdala	M006	immune system process, immune response, regulation of immune system process	1.5700602406852635	1.08542540054823	2.2710811430574527	1.5951159951159952	5.877094896037403e-06	0.2776118193468517	True	True						False	False	True	PDLIM2
163	ENSG00000244482	2	amygdala,frontal_cortex_ba9	M004,M006	5.877094896037403e-06	1.5951159951159952	1.4062307721030018	2	2	0	2	coupled	0.015324954590770292	0.41079176364135567	amygdala	M006	immune system process, immune response, regulation of immune system process	1.5700602406852635	1.08542540054823	2.2710811430574527	1.5951159951159952	5.877094896037403e-06	0.2776118193468517	True	True						False	False	True	LILRA6
164	ENSG00000148840	2	amygdala,frontal_cortex_ba9	M004,M006	5.877094896037403e-06	1.5951159951159952	1.4062307721030018	2	2	0	2	coupled,discordant	0.015324954590770292	0.37738697438914215	amygdala	M006	immune system process, immune response, regulation of immune system process	1.5700602406852635	1.08542540054823	2.2710811430574527	1.5951159951159952	5.877094896037403e-06	0.2776118193468517	True	True						False	False	True	PPRC1
165	ENSG00000282508	1	amygdala	M006	5.877094896037403e-06	1.5951159951159952	1.5951159951159952	1	1	0	1	coupled	0.015324954590770292	0.7347153464095583	amygdala	M006	immune system process, immune response, regulation of immune system process	1.5700602406852635	1.08542540054823	2.2710811430574527	1.5951159951159952	5.877094896037403e-06	0.2776118193468517	True	True						False	False	True	LINC01002
166	ENSG00000149418	1	amygdala	M006	5.877094896037403e-06	1.5951159951159952	1.5951159951159952	1	1	0	1	coupled	0.015324954590770292	0.710725488790648	amygdala	M006	immune system process, immune response, regulation of immune system process	1.5700602406852635	1.08542540054823	2.2710811430574527	1.5951159951159952	5.877094896037403e-06	0.2776118193468517	True	True						False	False	True	ST14
167	ENSG00000167600	1	amygdala	M006	5.877094896037403e-06	1.5951159951159952	1.5951159951159952	1	1	0	1	coupled	0.015324954590770292	0.653861534247534	amygdala	M006	immune system process, immune response, regulation of immune system process	1.5700602406852635	1.08542540054823	2.2710811430574527	1.5951159951159952	5.877094896037403e-06	0.2776118193468517	True	True						False	False	True	CYP2S1
168	ENSG00000228221	1	amygdala	M006	5.877094896037403e-06	1.5951159951159952	1.5951159951159952	1	1	0	1	coupled	0.015324954590770292	0.6475056688302876	amygdala	M006	immune system process, immune response, regulation of immune system process	1.5700602406852635	1.08542540054823	2.2710811430574527	1.5951159951159952	5.877094896037403e-06	0.2776118193468517	True	True						False	False	True	LINC00578
169	ENSG00000146094	1	amygdala	M006	5.877094896037403e-06	1.5951159951159952	1.5951159951159952	1	1	0	1	coupled	0.015324954590770292	0.6287647195722973	amygdala	M006	immune system process, immune response, regulation of immune system process	1.5700602406852635	1.08542540054823	2.2710811430574527	1.5951159951159952	5.877094896037403e-06	0.2776118193468517	True	True						False	False	True	DOK3
170	ENSG00000159842	1	amygdala	M006	5.877094896037403e-06	1.5951159951159952	1.5951159951159952	1	1	0	1	switch_only	0.015324954590770292	0.6106318994820216	amygdala	M006	immune system process, immune response, regulation of immune system process	1.5700602406852635	1.08542540054823	2.2710811430574527	1.5951159951159952	5.877094896037403e-06	0.2776118193468517	True	True						False	False	True	ABR
171	ENSG00000250608	1	amygdala	M006	5.877094896037403e-06	1.5951159951159952	1.5951159951159952	1	1	0	1	coupled	0.015324954590770292	0.5853402397633474	amygdala	M006	immune system process, immune response, regulation of immune system process	1.5700602406852635	1.08542540054823	2.2710811430574527	1.5951159951159952	5.877094896037403e-06	0.2776118193468517	True	True						False	False	True	NUDT16-DT
172	ENSG00000014257	1	amygdala	M006	5.877094896037403e-06	1.5951159951159952	1.5951159951159952	1	1	0	1	coupled	0.015324954590770292	0.5653821268719653	amygdala	M006	immune system process, immune response, regulation of immune system process	1.5700602406852635	1.08542540054823	2.2710811430574527	1.5951159951159952	5.877094896037403e-06	0.2776118193468517	True	True						False	False	True	ACP3
173	ENSG00000106952	1	amygdala	M006	5.877094896037403e-06	1.5951159951159952	1.5951159951159952	1	1	0	1	coupled	0.015324954590770292	0.5471423200340569	amygdala	M006	immune system process, immune response, regulation of immune system process	1.5700602406852635	1.08542540054823	2.2710811430574527	1.5951159951159952	5.877094896037403e-06	0.2776118193468517	True	True						False	False	True	TNFSF8
174	ENSG00000134470	1	amygdala	M006	5.877094896037403e-06	1.5951159951159952	1.5951159951159952	1	1	0	1	coupled	0.015324954590770292	0.5432176381229669	amygdala	M006	immune system process, immune response, regulation of immune system process	1.5700602406852635	1.08542540054823	2.2710811430574527	1.5951159951159952	5.877094896037403e-06	0.2776118193468517	True	True						False	False	True	IL15RA
175	ENSG00000104783	1	amygdala	M006	5.877094896037403e-06	1.5951159951159952	1.5951159951159952	1	1	0	1	coupled	0.015324954590770292	0.5214807696027128	amygdala	M006	immune system process, immune response, regulation of immune system process	1.5700602406852635	1.08542540054823	2.2710811430574527	1.5951159951159952	5.877094896037403e-06	0.2776118193468517	True	True						False	False	True	KCNN4
176	ENSG00000111783	1	amygdala	M006	5.877094896037403e-06	1.5951159951159952	1.5951159951159952	1	1	0	1	coupled	0.015324954590770292	0.5027818690285205	amygdala	M006	immune system process, immune response, regulation of immune system process	1.5700602406852635	1.08542540054823	2.2710811430574527	1.5951159951159952	5.877094896037403e-06	0.2776118193468517	True	True						False	False	True	RFX4
177	ENSG00000198286	1	amygdala	M006	5.877094896037403e-06	1.5951159951159952	1.5951159951159952	1	1	0	1	coupled	0.015324954590770292	0.4809581259161016	amygdala	M006	immune system process, immune response, regulation of immune system process	1.5700602406852635	1.08542540054823	2.2710811430574527	1.5951159951159952	5.877094896037403e-06	0.2776118193468517	True	True						False	False	True	CARD11
178	ENSG00000249437	1	amygdala	M006	5.877094896037403e-06	1.5951159951159952	1.5951159951159952	1	1	0	1	discordant	0.015324954590770292	0.46882014228116786	amygdala	M006	immune system process, immune response, regulation of immune system process	1.5700602406852635	1.08542540054823	2.2710811430574527	1.5951159951159952	5.877094896037403e-06	0.2776118193468517	True	True						False	False	True	NAIP
179	ENSG00000232629	1	amygdala	M006	5.877094896037403e-06	1.5951159951159952	1.5951159951159952	1	1	0	1	coupled	0.015324954590770292	0.45940771013784965	amygdala	M006	immune system process, immune response, regulation of immune system process	1.5700602406852635	1.08542540054823	2.2710811430574527	1.5951159951159952	5.877094896037403e-06	0.2776118193468517	True	True						False	False	True	HLA-DQB2
180	ENSG00000183549	1	amygdala	M006	5.877094896037403e-06	1.5951159951159952	1.5951159951159952	1	1	0	1	coupled	0.015324954590770292	0.42910723638520454	amygdala	M006	immune system process, immune response, regulation of immune system process	1.5700602406852635	1.08542540054823	2.2710811430574527	1.5951159951159952	5.877094896037403e-06	0.2776118193468517	True	True						False	False	True	ACSM5
181	ENSG00000204516	1	amygdala	M006	5.877094896037403e-06	1.5951159951159952	1.5951159951159952	1	1	0	1	coupled	0.015324954590770292	0.42535063739545015	amygdala	M006	immune system process, immune response, regulation of immune system process	1.5700602406852635	1.08542540054823	2.2710811430574527	1.5951159951159952	5.877094896037403e-06	0.2776118193468517	True	True						False	False	True	MICB
182	ENSG00000259347	1	amygdala	M006	5.877094896037403e-06	1.5951159951159952	1.5951159951159952	1	1	0	0	abundance_only	0.015324954590770292	0.19243195460434612	amygdala	M006	immune system process, immune response, regulation of immune system process	1.5700602406852635	1.08542540054823	2.2710811430574527	1.5951159951159952	5.877094896037403e-06	0.2776118193468517	True	True						False	False	True	SMAD3-DT
183	ENSG00000042980	3	anterior_cingulate_cortex_ba24,frontal_cortex_ba9,hypothalamus	M001,M004,M006	2.866899777424847e-06	1.5195313649877837	1.3076901548724906	3	3	0	3	coupled,discordant	6.176223373117581e-05	0.801920093442863	hypothalamus	M006	immune system process, immune response, positive regulation of immune system process	1.6004278693596885	1.034591810578865	2.4757294024878074	1.5195313649877837	2.866899777424847e-06	0.37519725625939143	True	True						False	False	True	ADAM28
184	ENSG00000086730	3	anterior_cingulate_cortex_ba24,frontal_cortex_ba9,hypothalamus	M001,M004,M006	2.866899777424847e-06	1.5195313649877837	1.3076901548724906	3	3	0	1	abundance_only,coupled	6.176223373117581e-05	0.6708161353943989	hypothalamus	M006	immune system process, immune response, positive regulation of immune system process	1.6004278693596885	1.034591810578865	2.4757294024878074	1.5195313649877837	2.866899777424847e-06	0.37519725625939143	True	True						False	False	True	LAT2
185	ENSG00000006327	3	anterior_cingulate_cortex_ba24,frontal_cortex_ba9,hypothalamus	M001,M004,M006	2.866899777424847e-06	1.5195313649877837	1.3076901548724906	3	3	0	3	coupled	6.176223373117581e-05	0.6609320967968444	hypothalamus	M006	immune system process, immune response, positive regulation of immune system process	1.6004278693596885	1.034591810578865	2.4757294024878074	1.5195313649877837	2.866899777424847e-06	0.37519725625939143	True	True						False	False	True	TNFRSF12A
186	ENSG00000101336	3	anterior_cingulate_cortex_ba24,frontal_cortex_ba9,hypothalamus	M001,M004,M006	2.866899777424847e-06	1.5195313649877837	1.3076901548724906	3	3	0	3	coupled,discordant	6.176223373117581e-05	0.6048035870657469	hypothalamus	M006	immune system process, immune response, positive regulation of immune system process	1.6004278693596885	1.034591810578865	2.4757294024878074	1.5195313649877837	2.866899777424847e-06	0.37519725625939143	True	True						False	False	True	HCK
187	ENSG00000271959	3	anterior_cingulate_cortex_ba24,frontal_cortex_ba9,hypothalamus	M001,M004,M006	2.866899777424847e-06	1.5195313649877837	1.3076901548724906	3	3	0	3	coupled	6.176223373117581e-05	0.6003158740063101	hypothalamus	M006	immune system process, immune response, positive regulation of immune system process	1.6004278693596885	1.034591810578865	2.4757294024878074	1.5195313649877837	2.866899777424847e-06	0.37519725625939143	True	True						False	False	True	ENSG00000271959
188	ENSG00000166523	3	anterior_cingulate_cortex_ba24,frontal_cortex_ba9,hypothalamus	M001,M004,M006	2.866899777424847e-06	1.5195313649877837	1.3076901548724906	3	3	0	3	coupled	6.176223373117581e-05	0.4677007547337953	hypothalamus	M006	immune system process, immune response, positive regulation of immune system process	1.6004278693596885	1.034591810578865	2.4757294024878074	1.5195313649877837	2.866899777424847e-06	0.37519725625939143	True	True						False	False	True	CLEC4E
189	ENSG00000159189	3	anterior_cingulate_cortex_ba24,frontal_cortex_ba9,hypothalamus	M001,M004,M006	2.866899777424847e-06	1.5195313649877837	1.3076901548724906	3	3	0	2	abundance_only,coupled,discordant	6.176223373117581e-05	0.36750077484031474	hypothalamus	M006	immune system process, immune response, positive regulation of immune system process	1.6004278693596885	1.034591810578865	2.4757294024878074	1.5195313649877837	2.866899777424847e-06	0.37519725625939143	True	True						False	False	True	C1QC
190	ENSG00000119535	2	frontal_cortex_ba9,hypothalamus	M004,M006	2.866899777424847e-06	1.5195313649877837	1.3684384570388963	2	2	0	2	coupled	6.176223373117581e-05	0.6681696403557872	hypothalamus	M006	immune system process, immune response, positive regulation of immune system process	1.6004278693596885	1.034591810578865	2.4757294024878074	1.5195313649877837	2.866899777424847e-06	0.37519725625939143	True	True						False	False	True	CSF3R
191	ENSG00000077942	2	anterior_cingulate_cortex_ba24,hypothalamus	M001,M006	2.866899777424847e-06	1.5195313649877837	1.3528624577637316	2	2	0	2	coupled	6.176223373117581e-05	0.4665483981229612	hypothalamus	M006	immune system process, immune response, positive regulation of immune system process	1.6004278693596885	1.034591810578865	2.4757294024878074	1.5195313649877837	2.866899777424847e-06	0.37519725625939143	True	True						False	False	True	FBLN1
192	ENSG00000141968	2	frontal_cortex_ba9,hypothalamus	M004,M006	2.866899777424847e-06	1.5195313649877837	1.3684384570388963	2	2	0	2	coupled,discordant	6.176223373117581e-05	0.4306190654874302	hypothalamus	M006	immune system process, immune response, positive regulation of immune system process	1.6004278693596885	1.034591810578865	2.4757294024878074	1.5195313649877837	2.866899777424847e-06	0.37519725625939143	True	True						False	False	True	VAV1
193	ENSG00000162747	2	frontal_cortex_ba9,hypothalamus	M004,M006	2.866899777424847e-06	1.5195313649877837	1.3684384570388963	2	2	0	2	coupled	6.176223373117581e-05	0.25390605579669345	hypothalamus	M006	immune system process, immune response, positive regulation of immune system process	1.6004278693596885	1.034591810578865	2.4757294024878074	1.5195313649877837	2.866899777424847e-06	0.37519725625939143	True	True						False	False	True	FCGR3B
194	ENSG00000294554	1	hypothalamus	M006	2.866899777424847e-06	1.5195313649877837	1.5195313649877837	1	1	0	1	coupled	6.176223373117581e-05	0.7683472919781341	hypothalamus	M006	immune system process, immune response, positive regulation of immune system process	1.6004278693596885	1.034591810578865	2.4757294024878074	1.5195313649877837	2.866899777424847e-06	0.37519725625939143	True	True						False	False	True	ENSG00000294554
195	ENSG00000096996	1	hypothalamus	M006	2.866899777424847e-06	1.5195313649877837	1.5195313649877837	1	1	0	1	coupled	6.176223373117581e-05	0.560301255904715	hypothalamus	M006	immune system process, immune response, positive regulation of immune system process	1.6004278693596885	1.034591810578865	2.4757294024878074	1.5195313649877837	2.866899777424847e-06	0.37519725625939143	True	True						False	False	True	IL12RB1
196	ENSG00000223865	1	hypothalamus	M006	2.866899777424847e-06	1.5195313649877837	1.5195313649877837	1	1	0	1	coupled	6.176223373117581e-05	0.5477972875727811	hypothalamus	M006	immune system process, immune response, positive regulation of immune system process	1.6004278693596885	1.034591810578865	2.4757294024878074	1.5195313649877837	2.866899777424847e-06	0.37519725625939143	True	True						False	False	True	HLA-DPB1
197	ENSG00000172243	1	hypothalamus	M006	2.866899777424847e-06	1.5195313649877837	1.5195313649877837	1	1	0	1	coupled	6.176223373117581e-05	0.5303393303097858	hypothalamus	M006	immune system process, immune response, positive regulation of immune system process	1.6004278693596885	1.034591810578865	2.4757294024878074	1.5195313649877837	2.866899777424847e-06	0.37519725625939143	True	True						False	False	True	CLEC7A
198	ENSG00000090659	1	hypothalamus	M006	2.866899777424847e-06	1.5195313649877837	1.5195313649877837	1	1	0	1	coupled	6.176223373117581e-05	0.5055321760794387	hypothalamus	M006	immune system process, immune response, positive regulation of immune system process	1.6004278693596885	1.034591810578865	2.4757294024878074	1.5195313649877837	2.866899777424847e-06	0.37519725625939143	True	True						False	False	True	CD209
199	ENSG00000131378	1	hypothalamus	M006	2.866899777424847e-06	1.5195313649877837	1.5195313649877837	1	1	0	1	coupled	6.176223373117581e-05	0.4979929360052567	hypothalamus	M006	immune system process, immune response, positive regulation of immune system process	1.6004278693596885	1.034591810578865	2.4757294024878074	1.5195313649877837	2.866899777424847e-06	0.37519725625939143	True	True						False	False	True	RFTN1
200	ENSG00000266970	1	hypothalamus	M006	2.866899777424847e-06	1.5195313649877837	1.5195313649877837	1	1	0	1	coupled	6.176223373117581e-05	0.49644701155925997	hypothalamus	M006	immune system process, immune response, positive regulation of immune system process	1.6004278693596885	1.034591810578865	2.4757294024878074	1.5195313649877837	2.866899777424847e-06	0.37519725625939143	True	True						False	False	True	SOCS3-DT
201	ENSG00000271605	1	hypothalamus	M006	2.866899777424847e-06	1.5195313649877837	1.5195313649877837	1	1	0	1	coupled	6.176223373117581e-05	0.49426874820951705	hypothalamus	M006	immune system process, immune response, positive regulation of immune system process	1.6004278693596885	1.034591810578865	2.4757294024878074	1.5195313649877837	2.866899777424847e-06	0.37519725625939143	True	True						False	False	True	MILR1
202	ENSG00000166741	1	hypothalamus	M006	2.866899777424847e-06	1.5195313649877837	1.5195313649877837	1	1	0	1	coupled	6.176223373117581e-05	0.49066594652833573	hypothalamus	M006	immune system process, immune response, positive regulation of immune system process	1.6004278693596885	1.034591810578865	2.4757294024878074	1.5195313649877837	2.866899777424847e-06	0.37519725625939143	True	True						False	False	True	NNMT
203	ENSG00000111729	1	hypothalamus	M006	2.866899777424847e-06	1.5195313649877837	1.5195313649877837	1	1	0	1	coupled	6.176223373117581e-05	0.477975871916275	hypothalamus	M006	immune system process, immune response, positive regulation of immune system process	1.6004278693596885	1.034591810578865	2.4757294024878074	1.5195313649877837	2.866899777424847e-06	0.37519725625939143	True	True						False	False	True	CLEC4A
204	ENSG00000281162	1	hypothalamus	M006	2.866899777424847e-06	1.5195313649877837	1.5195313649877837	1	1	0	1	coupled	6.176223373117581e-05	0.46622991568081806	hypothalamus	M006	immune system process, immune response, positive regulation of immune system process	1.6004278693596885	1.034591810578865	2.4757294024878074	1.5195313649877837	2.866899777424847e-06	0.37519725625939143	True	True						False	False	True	LINC01127
205	ENSG00000012779	1	hypothalamus	M006	2.866899777424847e-06	1.5195313649877837	1.5195313649877837	1	1	0	1	coupled	6.176223373117581e-05	0.432031073473302	hypothalamus	M006	immune system process, immune response, positive regulation of immune system process	1.6004278693596885	1.034591810578865	2.4757294024878074	1.5195313649877837	2.866899777424847e-06	0.37519725625939143	True	True						False	False	True	ALOX5
206	ENSG00000026508	1	hypothalamus	M006	2.866899777424847e-06	1.5195313649877837	1.5195313649877837	1	1	0	1	coupled	6.176223373117581e-05	0.3609281566973761	hypothalamus	M006	immune system process, immune response, positive regulation of immune system process	1.6004278693596885	1.034591810578865	2.4757294024878074	1.5195313649877837	2.866899777424847e-06	0.37519725625939143	True	True						False	False	True	CD44
207	ENSG00000168398	1	hypothalamus	M006	2.866899777424847e-06	1.5195313649877837	1.5195313649877837	1	1	0	1	coupled	6.176223373117581e-05	0.35008046754155286	hypothalamus	M006	immune system process, immune response, positive regulation of immune system process	1.6004278693596885	1.034591810578865	2.4757294024878074	1.5195313649877837	2.866899777424847e-06	0.37519725625939143	True	True						False	False	True	BDKRB2
208	ENSG00000182511	1	hypothalamus	M006	2.866899777424847e-06	1.5195313649877837	1.5195313649877837	1	1	0	1	coupled	6.176223373117581e-05	0.3314763388590646	hypothalamus	M006	immune system process, immune response, positive regulation of immune system process	1.6004278693596885	1.034591810578865	2.4757294024878074	1.5195313649877837	2.866899777424847e-06	0.37519725625939143	True	True						False	False	True	FES
209	ENSG00000113273	1	hypothalamus	M006	2.866899777424847e-06	1.5195313649877837	1.5195313649877837	1	1	0	1	discordant	6.176223373117581e-05	0.2957474528085956	hypothalamus	M006	immune system process, immune response, positive regulation of immune system process	1.6004278693596885	1.034591810578865	2.4757294024878074	1.5195313649877837	2.866899777424847e-06	0.37519725625939143	True	True						False	False	True	ARSB
210	ENSG00000264343	1	hypothalamus	M006	2.866899777424847e-06	1.5195313649877837	1.5195313649877837	1	1	0	1	coupled	6.176223373117581e-05	0.21555418750221128	hypothalamus	M006	immune system process, immune response, positive regulation of immune system process	1.6004278693596885	1.034591810578865	2.4757294024878074	1.5195313649877837	2.866899777424847e-06	0.37519725625939143	True	True						False	False	True	NOTCH2NLA
211	ENSG00000072163	1	hypothalamus	M006	2.866899777424847e-06	1.5195313649877837	1.5195313649877837	1	1	0	0	inactive	6.176223373117581e-05	0.13929007771558885	hypothalamus	M006	immune system process, immune response, positive regulation of immune system process	1.6004278693596885	1.034591810578865	2.4757294024878074	1.5195313649877837	2.866899777424847e-06	0.37519725625939143	True	True						False	False	True	LIMS2
212	ENSG00000113811	1	hypothalamus	M006	2.866899777424847e-06	1.5195313649877837	1.5195313649877837	1	1	0	0	abundance_only	6.176223373117581e-05	0.1263643555381377	hypothalamus	M006	immune system process, immune response, positive regulation of immune system process	1.6004278693596885	1.034591810578865	2.4757294024878074	1.5195313649877837	2.866899777424847e-06	0.37519725625939143	True	True						False	False	True	SELENOK
213	ENSG00000019186	1	hypothalamus	M006	2.866899777424847e-06	1.5195313649877837	1.5195313649877837	1	1	0	0	inactive	6.176223373117581e-05	0.11237258401651995	hypothalamus	M006	immune system process, immune response, positive regulation of immune system process	1.6004278693596885	1.034591810578865	2.4757294024878074	1.5195313649877837	2.866899777424847e-06	0.37519725625939143	True	True						False	False	True	CYP24A1
214	ENSG00000105374	1	hypothalamus	M006	2.866899777424847e-06	1.5195313649877837	1.5195313649877837	1	1	0	0	inactive	6.176223373117581e-05	0.11132552536238914	hypothalamus	M006	immune system process, immune response, positive regulation of immune system process	1.6004278693596885	1.034591810578865	2.4757294024878074	1.5195313649877837	2.866899777424847e-06	0.37519725625939143	True	True						False	False	True	NKG7
215	ENSG00000037280	1	hypothalamus	M006	2.866899777424847e-06	1.5195313649877837	1.5195313649877837	1	1	0	0	abundance_only	6.176223373117581e-05	0.0735070653423288	hypothalamus	M006	immune system process, immune response, positive regulation of immune system process	1.6004278693596885	1.034591810578865	2.4757294024878074	1.5195313649877837	2.866899777424847e-06	0.37519725625939143	True	True						False	False	True	FLT4
216	ENSG00000269313	1	hypothalamus	M006	2.866899777424847e-06	1.5195313649877837	1.5195313649877837	1	1	0	0	abundance_only	6.176223373117581e-05	0.009206904309997127	hypothalamus	M006	immune system process, immune response, positive regulation of immune system process	1.6004278693596885	1.034591810578865	2.4757294024878074	1.5195313649877837	2.866899777424847e-06	0.37519725625939143	True	True						False	False	True	MAGIX
217	ENSG00000105613	3	cerebellar_hemisphere,cortex,frontal_cortex_ba9	M001,M008,M028	4.983787140809074e-20	1.9675739644970416	1.6794833409328846	3	2	1	3	coupled	0.000905492123843912	0.693771881667168	frontal_cortex_ba9	M008	synaptic signaling, trans-synaptic signaling, anterograde trans-synaptic signaling	1.3742923369020499	1.0327648051994642	1.8287604474504966	1.8180909614919767	4.983787140809074e-20	0.34769402686758005	True	True						False	False	True	MAST1
218	ENSG00000105255	3	anterior_cingulate_cortex_ba24,cortex,frontal_cortex_ba9	M008,M013,M028	4.983787140809074e-20	1.9675739644970416	1.7626771299386428	3	3	2	3	coupled	0.000905492123843912	0.6737804931954011	frontal_cortex_ba9	M008	synaptic signaling, trans-synaptic signaling, anterograde trans-synaptic signaling	1.3742923369020499	1.0327648051994642	1.8287604474504966	1.8180909614919767	4.983787140809074e-20	0.34769402686758005	True	True						False	False	True	FSD1
219	ENSG00000084764	3	anterior_cingulate_cortex_ba24,cerebellar_hemisphere,frontal_cortex_ba9	M001,M008,M023	4.983787140809074e-20	1.9518757104964002	1.6742505895993374	3	2	0	3	coupled	0.0011091019599368968	0.4832492815222649	frontal_cortex_ba9	M008	synaptic signaling, trans-synaptic signaling, anterograde trans-synaptic signaling	1.3742923369020499	1.0327648051994642	1.8287604474504966	1.8180909614919767	4.983787140809074e-20	0.34769402686758005	True	True						False	False	True	MAPRE3
220	ENSG00000160716	2	anterior_cingulate_cortex_ba24,frontal_cortex_ba9	M008,M023	4.983787140809074e-20	1.9518757104964002	1.8849833359941885	2	2	0	2	coupled	0.0011091019599368968	0.7800073580846362	frontal_cortex_ba9	M008	synaptic signaling, trans-synaptic signaling, anterograde trans-synaptic signaling	1.3742923369020499	1.0327648051994642	1.8287604474504966	1.8180909614919767	4.983787140809074e-20	0.34769402686758005	True	True	SCZ	eQTL	0.0125483422508438	expression-led (eQTL gene-level)	expression-led	False	True	True	CHRNB2
221	ENSG00000136928	2	anterior_cingulate_cortex_ba24,frontal_cortex_ba9	M008,M023	4.983787140809074e-20	1.9518757104964002	1.8849833359941885	2	2	0	2	coupled	0.0011091019599368968	0.7650637966805207	frontal_cortex_ba9	M008	synaptic signaling, trans-synaptic signaling, anterograde trans-synaptic signaling	1.3742923369020499	1.0327648051994642	1.8287604474504966	1.8180909614919767	4.983787140809074e-20	0.34769402686758005	True	True	SCZ	sQTL	0.0445630457169484	splicing (sQTL not resolved to switch pair)	splicing-unresolved	False	True	True	GABBR2
222	ENSG00000169783	2	cerebellar_hemisphere,frontal_cortex_ba9	M001,M008	4.983787140809074e-20	1.8180909614919767	1.5354380291508058	2	1	0	2	coupled	0.002581674269065844	0.7018217131431781	frontal_cortex_ba9	M008	synaptic signaling, trans-synaptic signaling, anterograde trans-synaptic signaling	1.3742923369020499	1.0327648051994642	1.8287604474504966	1.8180909614919767	4.983787140809074e-20	0.34769402686758005	True	True						False	False	True	LINGO1
223	ENSG00000117154	2	cerebellar_hemisphere,frontal_cortex_ba9	M001,M008	4.983787140809074e-20	1.8180909614919767	1.5354380291508058	2	1	0	2	coupled,discordant	0.002581674269065844	0.6952175986272442	frontal_cortex_ba9	M008	synaptic signaling, trans-synaptic signaling, anterograde trans-synaptic signaling	1.3742923369020499	1.0327648051994642	1.8287604474504966	1.8180909614919767	4.983787140809074e-20	0.34769402686758005	True	True						False	False	True	IGSF21
224	ENSG00000167654	2	anterior_cingulate_cortex_ba24,frontal_cortex_ba9	M008,M023	4.983787140809074e-20	1.9518757104964002	1.8849833359941885	2	2	0	2	coupled	0.0011091019599368968	0.6936967538926777	frontal_cortex_ba9	M008	synaptic signaling, trans-synaptic signaling, anterograde trans-synaptic signaling	1.3742923369020499	1.0327648051994642	1.8287604474504966	1.8180909614919767	4.983787140809074e-20	0.34769402686758005	True	True						False	False	True	ATCAY
225	ENSG00000204851	2	anterior_cingulate_cortex_ba24,frontal_cortex_ba9	M008,M023	4.983787140809074e-20	1.9518757104964002	1.8849833359941885	2	2	0	2	discordant	0.0011091019599368968	0.6879711911303171	frontal_cortex_ba9	M008	synaptic signaling, trans-synaptic signaling, anterograde trans-synaptic signaling	1.3742923369020499	1.0327648051994642	1.8287604474504966	1.8180909614919767	4.983787140809074e-20	0.34769402686758005	True	True						False	False	True	PNMA8B
226	ENSG00000110076	2	anterior_cingulate_cortex_ba24,frontal_cortex_ba9	M008,M013	4.983787140809074e-20	1.8180909614919767	1.6602287126594435	2	2	1	2	coupled	0.002581674269065844	0.681088180391716	frontal_cortex_ba9	M008	synaptic signaling, trans-synaptic signaling, anterograde trans-synaptic signaling	1.3742923369020499	1.0327648051994642	1.8287604474504966	1.8180909614919767	4.983787140809074e-20	0.34769402686758005	True	True						False	False	True	NRXN2
227	ENSG00000168546	2	cortex,frontal_cortex_ba9	M008,M028	4.983787140809074e-20	1.9675739644970416	1.8928324629945092	2	2	1	2	coupled,discordant	0.000905492123843912	0.6761566597878336	frontal_cortex_ba9	M008	synaptic signaling, trans-synaptic signaling, anterograde trans-synaptic signaling	1.3742923369020499	1.0327648051994642	1.8287604474504966	1.8180909614919767	4.983787140809074e-20	0.34769402686758005	True	True						False	False	True	GFRA2
228	ENSG00000105649	2	anterior_cingulate_cortex_ba24,frontal_cortex_ba9	M008,M023	4.983787140809074e-20	1.9518757104964002	1.8849833359941885	2	2	0	2	discordant	0.0011091019599368968	0.6753596619483682	frontal_cortex_ba9	M008	synaptic signaling, trans-synaptic signaling, anterograde trans-synaptic signaling	1.3742923369020499	1.0327648051994642	1.8287604474504966	1.8180909614919767	4.983787140809074e-20	0.34769402686758005	True	True						False	False	True	RAB3A
229	ENSG00000213023	2	anterior_cingulate_cortex_ba24,frontal_cortex_ba9	M008,M023	4.983787140809074e-20	1.9518757104964002	1.8849833359941885	2	2	0	2	coupled	0.0011091019599368968	0.6631891101367315	frontal_cortex_ba9	M008	synaptic signaling, trans-synaptic signaling, anterograde trans-synaptic signaling	1.3742923369020499	1.0327648051994642	1.8287604474504966	1.8180909614919767	4.983787140809074e-20	0.34769402686758005	True	True						False	False	True	SYT3
230	ENSG00000158445	2	anterior_cingulate_cortex_ba24,frontal_cortex_ba9	M008,M023	4.983787140809074e-20	1.9518757104964002	1.8849833359941885	2	2	0	2	coupled	0.0011091019599368968	0.6554589010915397	frontal_cortex_ba9	M008	synaptic signaling, trans-synaptic signaling, anterograde trans-synaptic signaling	1.3742923369020499	1.0327648051994642	1.8287604474504966	1.8180909614919767	4.983787140809074e-20	0.34769402686758005	True	True						False	False	True	KCNB1
231	ENSG00000180155	2	anterior_cingulate_cortex_ba24,frontal_cortex_ba9	M008,M023	4.983787140809074e-20	1.9518757104964002	1.8849833359941885	2	2	0	2	coupled	0.0011091019599368968	0.6498026494335299	frontal_cortex_ba9	M008	synaptic signaling, trans-synaptic signaling, anterograde trans-synaptic signaling	1.3742923369020499	1.0327648051994642	1.8287604474504966	1.8180909614919767	4.983787140809074e-20	0.34769402686758005	True	True						False	False	True	LYNX1
232	ENSG00000100321	2	anterior_cingulate_cortex_ba24,frontal_cortex_ba9	M008,M023	4.983787140809074e-20	1.9518757104964002	1.8849833359941885	2	2	0	2	discordant	0.0011091019599368968	0.6387860505309021	frontal_cortex_ba9	M008	synaptic signaling, trans-synaptic signaling, anterograde trans-synaptic signaling	1.3742923369020499	1.0327648051994642	1.8287604474504966	1.8180909614919767	4.983787140809074e-20	0.34769402686758005	True	True						False	False	True	SYNGR1
233	ENSG00000205090	2	caudate_basal_ganglia,frontal_cortex_ba9	M005,M008	4.983787140809074e-20	1.8180909614919767	1.5108436825441902	2	1	0	1	abundance_only,coupled	0.002581674269065844	0.6083485720195064	frontal_cortex_ba9	M008	synaptic signaling, trans-synaptic signaling, anterograde trans-synaptic signaling	1.3742923369020499	1.0327648051994642	1.8287604474504966	1.8180909614919767	4.983787140809074e-20	0.34769402686758005	True	True						False	False	True	TMEM240
234	ENSG00000172350	2	anterior_cingulate_cortex_ba24,frontal_cortex_ba9	M008,M023	4.983787140809074e-20	1.9518757104964002	1.8849833359941885	2	2	0	2	coupled,discordant	0.0011091019599368968	0.6061442692505108	frontal_cortex_ba9	M008	synaptic signaling, trans-synaptic signaling, anterograde trans-synaptic signaling	1.3742923369020499	1.0327648051994642	1.8287604474504966	1.8180909614919767	4.983787140809074e-20	0.34769402686758005	True	True						False	False	True	ABCG4
235	ENSG00000135472	2	anterior_cingulate_cortex_ba24,frontal_cortex_ba9	M008,M023	4.983787140809074e-20	1.9518757104964002	1.8849833359941885	2	2	0	2	coupled	0.0011091019599368968	0.6015487693769549	frontal_cortex_ba9	M008	synaptic signaling, trans-synaptic signaling, anterograde trans-synaptic signaling	1.3742923369020499	1.0327648051994642	1.8287604474504966	1.8180909614919767	4.983787140809074e-20	0.34769402686758005	True	True						False	False	True	FAIM2
236	ENSG00000187730	2	cerebellar_hemisphere,frontal_cortex_ba9	M001,M008	4.983787140809074e-20	1.8180909614919767	1.5354380291508058	2	1	0	2	coupled,discordant	0.002581674269065844	0.5292052406850263	frontal_cortex_ba9	M008	synaptic signaling, trans-synaptic signaling, anterograde trans-synaptic signaling	1.3742923369020499	1.0327648051994642	1.8287604474504966	1.8180909614919767	4.983787140809074e-20	0.34769402686758005	True	True						False	False	True	GABRD
237	ENSG00000107954	2	anterior_cingulate_cortex_ba24,frontal_cortex_ba9	M008,M031	4.983787140809074e-20	1.894467601364153	1.8562792814280649	2	2	0	2	discordant	0.0011481891822285708	0.5220177409823893	frontal_cortex_ba9	M008	synaptic signaling, trans-synaptic signaling, anterograde trans-synaptic signaling	1.3742923369020499	1.0327648051994642	1.8287604474504966	1.8180909614919767	4.983787140809074e-20	0.34769402686758005	True	True						False	False	True	NEURL1
238	ENSG00000127561	2	anterior_cingulate_cortex_ba24,frontal_cortex_ba9	M008,M023	4.983787140809074e-20	1.9518757104964002	1.8849833359941885	2	2	0	2	coupled	0.0011091019599368968	0.4891378376331747	frontal_cortex_ba9	M008	synaptic signaling, trans-synaptic signaling, anterograde trans-synaptic signaling	1.3742923369020499	1.0327648051994642	1.8287604474504966	1.8180909614919767	4.983787140809074e-20	0.34769402686758005	True	True						False	False	True	SYNGR3
239	ENSG00000054356	2	anterior_cingulate_cortex_ba24,frontal_cortex_ba9	M008,M023	4.983787140809074e-20	1.9518757104964002	1.8849833359941885	2	2	0	1	abundance_only,coupled	0.0011091019599368968	0.4477434798282365	frontal_cortex_ba9	M008	synaptic signaling, trans-synaptic signaling, anterograde trans-synaptic signaling	1.3742923369020499	1.0327648051994642	1.8287604474504966	1.8180909614919767	4.983787140809074e-20	0.34769402686758005	True	True	ALS	sQTL	0.0233941591166655	splicing (sQTL not resolved to switch pair)	splicing-unresolved	False	True	True	PTPRN
240	ENSG00000125841	2	anterior_cingulate_cortex_ba24,frontal_cortex_ba9	M008,M023	4.983787140809074e-20	1.9518757104964002	1.8849833359941885	2	2	0	2	coupled,discordant	0.0011091019599368968	0.4308980408562128	frontal_cortex_ba9	M008	synaptic signaling, trans-synaptic signaling, anterograde trans-synaptic signaling	1.3742923369020499	1.0327648051994642	1.8287604474504966	1.8180909614919767	4.983787140809074e-20	0.34769402686758005	True	True						False	False	True	NRSN2
241	ENSG00000103269	2	caudate_basal_ganglia,frontal_cortex_ba9	M005,M008	4.983787140809074e-20	1.8180909614919767	1.5108436825441902	2	1	0	2	discordant	0.002581674269065844	0.345308344161962	frontal_cortex_ba9	M008	synaptic signaling, trans-synaptic signaling, anterograde trans-synaptic signaling	1.3742923369020499	1.0327648051994642	1.8287604474504966	1.8180909614919767	4.983787140809074e-20	0.34769402686758005	True	True						False	False	True	RHBDL1
242	ENSG00000174938	2	anterior_cingulate_cortex_ba24,frontal_cortex_ba9	M008,M023	4.983787140809074e-20	1.9518757104964002	1.8849833359941885	2	2	0	1	abundance_only,discordant	0.0011091019599368968	0.3379251765981201	frontal_cortex_ba9	M008	synaptic signaling, trans-synaptic signaling, anterograde trans-synaptic signaling	1.3742923369020499	1.0327648051994642	1.8287604474504966	1.8180909614919767	4.983787140809074e-20	0.34769402686758005	True	True						False	False	True	SEZ6L2
243	ENSG00000156959	2	anterior_cingulate_cortex_ba24,frontal_cortex_ba9	M008,M023	4.983787140809074e-20	1.9518757104964002	1.8849833359941885	2	2	0	1	abundance_only,discordant	0.0011091019599368968	0.3358527338598919	frontal_cortex_ba9	M008	synaptic signaling, trans-synaptic signaling, anterograde trans-synaptic signaling	1.3742923369020499	1.0327648051994642	1.8287604474504966	1.8180909614919767	4.983787140809074e-20	0.34769402686758005	True	True						False	False	True	LHFPL4
244	ENSG00000197457	2	anterior_cingulate_cortex_ba24,frontal_cortex_ba9	M008,M023	4.983787140809074e-20	1.9518757104964002	1.8849833359941885	2	2	0	1	abundance_only,discordant	0.0011091019599368968	0.30886878151391384	frontal_cortex_ba9	M008	synaptic signaling, trans-synaptic signaling, anterograde trans-synaptic signaling	1.3742923369020499	1.0327648051994642	1.8287604474504966	1.8180909614919767	4.983787140809074e-20	0.34769402686758005	True	True						False	False	True	STMN3
245	ENSG00000159363	2	anterior_cingulate_cortex_ba24,frontal_cortex_ba9	M008,M023	4.983787140809074e-20	1.9518757104964002	1.8849833359941885	2	2	0	2	discordant	0.0011091019599368968	0.2931573361833913	frontal_cortex_ba9	M008	synaptic signaling, trans-synaptic signaling, anterograde trans-synaptic signaling	1.3742923369020499	1.0327648051994642	1.8287604474504966	1.8180909614919767	4.983787140809074e-20	0.34769402686758005	True	True						False	False	True	ATP13A2
246	ENSG00000183828	2	caudate_basal_ganglia,frontal_cortex_ba9	M005,M008	4.983787140809074e-20	1.8180909614919767	1.5108436825441902	2	1	0	1	abundance_only,discordant	0.002581674269065844	0.2910370585309875	frontal_cortex_ba9	M008	synaptic signaling, trans-synaptic signaling, anterograde trans-synaptic signaling	1.3742923369020499	1.0327648051994642	1.8287604474504966	1.8180909614919767	4.983787140809074e-20	0.34769402686758005	True	True						False	False	True	NUDT14
247	ENSG00000124194	2	anterior_cingulate_cortex_ba24,frontal_cortex_ba9	M008,M023	4.983787140809074e-20	1.9518757104964002	1.8849833359941885	2	2	0	2	coupled,discordant	0.0011091019599368968	0.2387244450265124	frontal_cortex_ba9	M008	synaptic signaling, trans-synaptic signaling, anterograde trans-synaptic signaling	1.3742923369020499	1.0327648051994642	1.8287604474504966	1.8180909614919767	4.983787140809074e-20	0.34769402686758005	True	True						False	False	True	GDAP1L1
248	ENSG00000099365	2	anterior_cingulate_cortex_ba24,frontal_cortex_ba9	M008,M023	4.983787140809074e-20	1.9518757104964002	1.8849833359941885	2	2	0	1	abundance_only,discordant	0.0011091019599368968	0.22227503815748934	frontal_cortex_ba9	M008	synaptic signaling, trans-synaptic signaling, anterograde trans-synaptic signaling	1.3742923369020499	1.0327648051994642	1.8287604474504966	1.8180909614919767	4.983787140809074e-20	0.34769402686758005	True	True						False	False	True	STX1B
249	ENSG00000116396	2	caudate_basal_ganglia,frontal_cortex_ba9	M005,M008	4.983787140809074e-20	1.8180909614919767	1.5108436825441902	2	1	0	1	abundance_only,discordant	0.002581674269065844	0.20645552483355012	frontal_cortex_ba9	M008	synaptic signaling, trans-synaptic signaling, anterograde trans-synaptic signaling	1.3742923369020499	1.0327648051994642	1.8287604474504966	1.8180909614919767	4.983787140809074e-20	0.34769402686758005	True	True						False	False	True	KCNC4
250	ENSG00000176490	2	anterior_cingulate_cortex_ba24,frontal_cortex_ba9	M008,M023	4.983787140809074e-20	1.9518757104964002	1.8849833359941885	2	2	0	0	abundance_only	0.0011091019599368968	0.19147500403953321	frontal_cortex_ba9	M008	synaptic signaling, trans-synaptic signaling, anterograde trans-synaptic signaling	1.3742923369020499	1.0327648051994642	1.8287604474504966	1.8180909614919767	4.983787140809074e-20	0.34769402686758005	True	True						False	False	True	DIRAS1
251	ENSG00000197106	2	anterior_cingulate_cortex_ba24,frontal_cortex_ba9	M008,M023	4.983787140809074e-20	1.9518757104964002	1.8849833359941885	2	2	0	0	abundance_only	0.0011091019599368968	0.15924776325519477	frontal_cortex_ba9	M008	synaptic signaling, trans-synaptic signaling, anterograde trans-synaptic signaling	1.3742923369020499	1.0327648051994642	1.8287604474504966	1.8180909614919767	4.983787140809074e-20	0.34769402686758005	True	True						False	False	True	SLC6A17
252	ENSG00000077080	2	anterior_cingulate_cortex_ba24,frontal_cortex_ba9	M008,M023	4.983787140809074e-20	1.9518757104964002	1.8849833359941885	2	2	0	0	abundance_only	0.0011091019599368968	0.1276741731687145	frontal_cortex_ba9	M008	synaptic signaling, trans-synaptic signaling, anterograde trans-synaptic signaling	1.3742923369020499	1.0327648051994642	1.8287604474504966	1.8180909614919767	4.983787140809074e-20	0.34769402686758005	True	True						False	False	True	ACTL6B
253	ENSG00000110786	2	anterior_cingulate_cortex_ba24,frontal_cortex_ba9	M008,M023	4.983787140809074e-20	1.9518757104964002	1.8849833359941885	2	2	0	0	abundance_only	0.0011091019599368968	0.12215160005359384	frontal_cortex_ba9	M008	synaptic signaling, trans-synaptic signaling, anterograde trans-synaptic signaling	1.3742923369020499	1.0327648051994642	1.8287604474504966	1.8180909614919767	4.983787140809074e-20	0.34769402686758005	True	True						False	False	True	PTPN5
254	ENSG00000105270	2	anterior_cingulate_cortex_ba24,frontal_cortex_ba9	M008,M023	4.983787140809074e-20	1.9518757104964002	1.8849833359941885	2	2	0	0	abundance_only	0.0011091019599368968	0.09779825122845905	frontal_cortex_ba9	M008	synaptic signaling, trans-synaptic signaling, anterograde trans-synaptic signaling	1.3742923369020499	1.0327648051994642	1.8287604474504966	1.8180909614919767	4.983787140809074e-20	0.34769402686758005	True	True						False	False	True	CLIP3
255	ENSG00000140854	2	anterior_cingulate_cortex_ba24,frontal_cortex_ba9	M008,M023	4.983787140809074e-20	1.9518757104964002	1.8849833359941885	2	2	0	0	abundance_only	0.0011091019599368968	0.08077936805187713	frontal_cortex_ba9	M008	synaptic signaling, trans-synaptic signaling, anterograde trans-synaptic signaling	1.3742923369020499	1.0327648051994642	1.8287604474504966	1.8180909614919767	4.983787140809074e-20	0.34769402686758005	True	True						False	False	True	KATNB1
256	ENSG00000007264	2	cerebellar_hemisphere,frontal_cortex_ba9	M008,M013	4.983787140809074e-20	1.8180909614919767	1.72501263403066	1	1	0	2	coupled	0.002581674269065844	0.6213514746328724	frontal_cortex_ba9	M008	synaptic signaling, trans-synaptic signaling, anterograde trans-synaptic signaling	1.3742923369020499	1.0327648051994642	1.8287604474504966	1.8180909614919767	4.983787140809074e-20	0.34769402686758005	True	True						False	False	True	MATK
257	ENSG00000171533	2	cortex,frontal_cortex_ba9	M008,M021	4.983787140809074e-20	1.8896268566598236	1.8538589090759001	1	2	1	2	discordant	0.000905492123843912	0.3182905538631248	frontal_cortex_ba9	M008	synaptic signaling, trans-synaptic signaling, anterograde trans-synaptic signaling	1.3742923369020499	1.0327648051994642	1.8287604474504966	1.8180909614919767	4.983787140809074e-20	0.34769402686758005	True	True						False	False	True	MAP6
258	ENSG00000130643	2	cerebellar_hemisphere,frontal_cortex_ba9	M008,M013	4.983787140809074e-20	1.8180909614919767	1.72501263403066	1	1	0	2	discordant	0.002581674269065844	0.28942432862345774	frontal_cortex_ba9	M008	synaptic signaling, trans-synaptic signaling, anterograde trans-synaptic signaling	1.3742923369020499	1.0327648051994642	1.8287604474504966	1.8180909614919767	4.983787140809074e-20	0.34769402686758005	True	True						False	False	True	CALY
259	ENSG00000168539	1	frontal_cortex_ba9	M008	4.983787140809074e-20	1.8180909614919767	1.8180909614919767	1	1	0	1	coupled	0.002581674269065844	0.8360120469357261	frontal_cortex_ba9	M008	synaptic signaling, trans-synaptic signaling, anterograde trans-synaptic signaling	1.3742923369020499	1.0327648051994642	1.8287604474504966	1.8180909614919767	4.983787140809074e-20	0.34769402686758005	True	True						False	False	True	CHRM1
260	ENSG00000277399	1	frontal_cortex_ba9	M008	4.983787140809074e-20	1.8180909614919767	1.8180909614919767	1	1	0	1	coupled	0.002581674269065844	0.8340472196367167	frontal_cortex_ba9	M008	synaptic signaling, trans-synaptic signaling, anterograde trans-synaptic signaling	1.3742923369020499	1.0327648051994642	1.8287604474504966	1.8180909614919767	4.983787140809074e-20	0.34769402686758005	True	True						False	False	True	GPR179
261	ENSG00000165495	1	frontal_cortex_ba9	M008	4.983787140809074e-20	1.8180909614919767	1.8180909614919767	1	1	0	1	coupled	0.002581674269065844	0.7860714459098539	frontal_cortex_ba9	M008	synaptic signaling, trans-synaptic signaling, anterograde trans-synaptic signaling	1.3742923369020499	1.0327648051994642	1.8287604474504966	1.8180909614919767	4.983787140809074e-20	0.34769402686758005	True	True						False	False	True	PKNOX2
262	ENSG00000158008	1	frontal_cortex_ba9	M008	4.983787140809074e-20	1.8180909614919767	1.8180909614919767	1	1	0	1	discordant	0.002581674269065844	0.7772619217060599	frontal_cortex_ba9	M008	synaptic signaling, trans-synaptic signaling, anterograde trans-synaptic signaling	1.3742923369020499	1.0327648051994642	1.8287604474504966	1.8180909614919767	4.983787140809074e-20	0.34769402686758005	True	True						False	False	True	EXTL1
263	ENSG00000074317	1	frontal_cortex_ba9	M008	4.983787140809074e-20	1.8180909614919767	1.8180909614919767	1	1	0	1	discordant	0.002581674269065844	0.7398515733761875	frontal_cortex_ba9	M008	synaptic signaling, trans-synaptic signaling, anterograde trans-synaptic signaling	1.3742923369020499	1.0327648051994642	1.8287604474504966	1.8180909614919767	4.983787140809074e-20	0.34769402686758005	True	True						False	False	True	SNCB
264	ENSG00000168993	1	frontal_cortex_ba9	M008	4.983787140809074e-20	1.8180909614919767	1.8180909614919767	1	1	0	1	coupled	0.002581674269065844	0.7326459817385347	frontal_cortex_ba9	M008	synaptic signaling, trans-synaptic signaling, anterograde trans-synaptic signaling	1.3742923369020499	1.0327648051994642	1.8287604474504966	1.8180909614919767	4.983787140809074e-20	0.34769402686758005	True	True						False	False	True	CPLX1
265	ENSG00000129355	1	frontal_cortex_ba9	M008	4.983787140809074e-20	1.8180909614919767	1.8180909614919767	1	1	0	1	coupled	0.002581674269065844	0.7211227934176835	frontal_cortex_ba9	M008	synaptic signaling, trans-synaptic signaling, anterograde trans-synaptic signaling	1.3742923369020499	1.0327648051994642	1.8287604474504966	1.8180909614919767	4.983787140809074e-20	0.34769402686758005	True	True						False	False	True	CDKN2D
266	ENSG00000169884	1	frontal_cortex_ba9	M008	4.983787140809074e-20	1.8180909614919767	1.8180909614919767	1	1	0	1	coupled	0.002581674269065844	0.7110442332823627	frontal_cortex_ba9	M008	synaptic signaling, trans-synaptic signaling, anterograde trans-synaptic signaling	1.3742923369020499	1.0327648051994642	1.8287604474504966	1.8180909614919767	4.983787140809074e-20	0.34769402686758005	True	True						False	False	True	WNT10B
267	ENSG00000139767	1	frontal_cortex_ba9	M008	4.983787140809074e-20	1.8180909614919767	1.8180909614919767	1	1	0	1	coupled	0.002581674269065844	0.6953485171680737	frontal_cortex_ba9	M008	synaptic signaling, trans-synaptic signaling, anterograde trans-synaptic signaling	1.3742923369020499	1.0327648051994642	1.8287604474504966	1.8180909614919767	4.983787140809074e-20	0.34769402686758005	True	True						False	False	True	SRRM4
268	ENSG00000171873	1	frontal_cortex_ba9	M008	4.983787140809074e-20	1.8180909614919767	1.8180909614919767	1	1	0	1	coupled	0.002581674269065844	0.6741237792264803	frontal_cortex_ba9	M008	synaptic signaling, trans-synaptic signaling, anterograde trans-synaptic signaling	1.3742923369020499	1.0327648051994642	1.8287604474504966	1.8180909614919767	4.983787140809074e-20	0.34769402686758005	True	True						False	False	True	ADRA1D
269	ENSG00000137825	1	frontal_cortex_ba9	M008	4.983787140809074e-20	1.8180909614919767	1.8180909614919767	1	1	0	1	coupled	0.002581674269065844	0.6718798931423492	frontal_cortex_ba9	M008	synaptic signaling, trans-synaptic signaling, anterograde trans-synaptic signaling	1.3742923369020499	1.0327648051994642	1.8287604474504966	1.8180909614919767	4.983787140809074e-20	0.34769402686758005	True	True						False	False	True	ITPKA
270	ENSG00000100604	1	frontal_cortex_ba9	M008	4.983787140809074e-20	1.8180909614919767	1.8180909614919767	1	1	0	1	discordant	0.002581674269065844	0.6709113824307944	frontal_cortex_ba9	M008	synaptic signaling, trans-synaptic signaling, anterograde trans-synaptic signaling	1.3742923369020499	1.0327648051994642	1.8287604474504966	1.8180909614919767	4.983787140809074e-20	0.34769402686758005	True	True						False	False	True	CHGA
271	ENSG00000173227	1	frontal_cortex_ba9	M008	4.983787140809074e-20	1.8180909614919767	1.8180909614919767	1	1	0	1	discordant	0.002581674269065844	0.6632343416997332	frontal_cortex_ba9	M008	synaptic signaling, trans-synaptic signaling, anterograde trans-synaptic signaling	1.3742923369020499	1.0327648051994642	1.8287604474504966	1.8180909614919767	4.983787140809074e-20	0.34769402686758005	True	True						False	False	True	SYT12
272	ENSG00000114554	1	frontal_cortex_ba9	M008	4.983787140809074e-20	1.8180909614919767	1.8180909614919767	1	1	0	1	coupled	0.002581674269065844	0.6615442103256861	frontal_cortex_ba9	M008	synaptic signaling, trans-synaptic signaling, anterograde trans-synaptic signaling	1.3742923369020499	1.0327648051994642	1.8287604474504966	1.8180909614919767	4.983787140809074e-20	0.34769402686758005	True	True						False	False	True	PLXNA1
273	ENSG00000139200	1	frontal_cortex_ba9	M008	4.983787140809074e-20	1.8180909614919767	1.8180909614919767	1	1	0	1	coupled	0.002581674269065844	0.6487996492901292	frontal_cortex_ba9	M008	synaptic signaling, trans-synaptic signaling, anterograde trans-synaptic signaling	1.3742923369020499	1.0327648051994642	1.8287604474504966	1.8180909614919767	4.983787140809074e-20	0.34769402686758005	True	True						False	False	True	PIANP
274	ENSG00000126243	1	frontal_cortex_ba9	M008	4.983787140809074e-20	1.8180909614919767	1.8180909614919767	1	1	0	1	coupled	0.002581674269065844	0.6487348278167608	frontal_cortex_ba9	M008	synaptic signaling, trans-synaptic signaling, anterograde trans-synaptic signaling	1.3742923369020499	1.0327648051994642	1.8287604474504966	1.8180909614919767	4.983787140809074e-20	0.34769402686758005	True	True						False	False	True	LRFN3
275	ENSG00000157782	1	frontal_cortex_ba9	M008	4.983787140809074e-20	1.8180909614919767	1.8180909614919767	1	1	0	1	coupled	0.002581674269065844	0.6450320646100095	frontal_cortex_ba9	M008	synaptic signaling, trans-synaptic signaling, anterograde trans-synaptic signaling	1.3742923369020499	1.0327648051994642	1.8287604474504966	1.8180909614919767	4.983787140809074e-20	0.34769402686758005	True	True						False	False	True	CABP1
276	ENSG00000132938	1	frontal_cortex_ba9	M008	4.983787140809074e-20	1.8180909614919767	1.8180909614919767	1	1	0	1	coupled	0.002581674269065844	0.6431383517107907	frontal_cortex_ba9	M008	synaptic signaling, trans-synaptic signaling, anterograde trans-synaptic signaling	1.3742923369020499	1.0327648051994642	1.8287604474504966	1.8180909614919767	4.983787140809074e-20	0.34769402686758005	True	True						False	False	True	MTUS2
277	ENSG00000184349	1	frontal_cortex_ba9	M008	4.983787140809074e-20	1.8180909614919767	1.8180909614919767	1	1	0	1	coupled	0.002581674269065844	0.6147671604956335	frontal_cortex_ba9	M008	synaptic signaling, trans-synaptic signaling, anterograde trans-synaptic signaling	1.3742923369020499	1.0327648051994642	1.8287604474504966	1.8180909614919767	4.983787140809074e-20	0.34769402686758005	True	True						False	False	True	EFNA5
278	ENSG00000186732	1	frontal_cortex_ba9	M008	4.983787140809074e-20	1.8180909614919767	1.8180909614919767	1	1	0	1	coupled	0.002581674269065844	0.6101505203733589	frontal_cortex_ba9	M008	synaptic signaling, trans-synaptic signaling, anterograde trans-synaptic signaling	1.3742923369020499	1.0327648051994642	1.8287604474504966	1.8180909614919767	4.983787140809074e-20	0.34769402686758005	True	True						False	False	True	MPPED1
279	ENSG00000104888	1	frontal_cortex_ba9	M008	4.983787140809074e-20	1.8180909614919767	1.8180909614919767	1	1	0	1	discordant	0.002581674269065844	0.605175313752557	frontal_cortex_ba9	M008	synaptic signaling, trans-synaptic signaling, anterograde trans-synaptic signaling	1.3742923369020499	1.0327648051994642	1.8287604474504966	1.8180909614919767	4.983787140809074e-20	0.34769402686758005	True	True						False	False	True	SLC17A7
280	ENSG00000231536	1	frontal_cortex_ba9	M008	4.983787140809074e-20	1.8180909614919767	1.8180909614919767	1	1	0	1	coupled	0.002581674269065844	0.5952536505006175	frontal_cortex_ba9	M008	synaptic signaling, trans-synaptic signaling, anterograde trans-synaptic signaling	1.3742923369020499	1.0327648051994642	1.8287604474504966	1.8180909614919767	4.983787140809074e-20	0.34769402686758005	True	True						False	False	True	ENSG00000231536
281	ENSG00000184524	1	frontal_cortex_ba9	M008	4.983787140809074e-20	1.8180909614919767	1.8180909614919767	1	1	0	1	discordant	0.002581674269065844	0.5878788584800392	frontal_cortex_ba9	M008	synaptic signaling, trans-synaptic signaling, anterograde trans-synaptic signaling	1.3742923369020499	1.0327648051994642	1.8287604474504966	1.8180909614919767	4.983787140809074e-20	0.34769402686758005	True	True						False	False	True	CEND1
282	ENSG00000250510	1	frontal_cortex_ba9	M008	4.983787140809074e-20	1.8180909614919767	1.8180909614919767	1	1	0	1	coupled	0.002581674269065844	0.5776997344734448	frontal_cortex_ba9	M008	synaptic signaling, trans-synaptic signaling, anterograde trans-synaptic signaling	1.3742923369020499	1.0327648051994642	1.8287604474504966	1.8180909614919767	4.983787140809074e-20	0.34769402686758005	True	True						False	False	True	GPR162
283	ENSG00000149926	1	frontal_cortex_ba9	M008	4.983787140809074e-20	1.8180909614919767	1.8180909614919767	1	1	0	1	discordant	0.002581674269065844	0.576324677764887	frontal_cortex_ba9	M008	synaptic signaling, trans-synaptic signaling, anterograde trans-synaptic signaling	1.3742923369020499	1.0327648051994642	1.8287604474504966	1.8180909614919767	4.983787140809074e-20	0.34769402686758005	True	True						False	False	True	TLCD3B
284	ENSG00000040608	1	frontal_cortex_ba9	M008	4.983787140809074e-20	1.8180909614919767	1.8180909614919767	1	1	0	1	coupled	0.002581674269065844	0.5761177717937542	frontal_cortex_ba9	M008	synaptic signaling, trans-synaptic signaling, anterograde trans-synaptic signaling	1.3742923369020499	1.0327648051994642	1.8287604474504966	1.8180909614919767	4.983787140809074e-20	0.34769402686758005	True	True						False	False	True	RTN4R
285	ENSG00000165548	1	frontal_cortex_ba9	M008	4.983787140809074e-20	1.8180909614919767	1.8180909614919767	1	1	0	1	coupled	0.002581674269065844	0.5759741598929746	frontal_cortex_ba9	M008	synaptic signaling, trans-synaptic signaling, anterograde trans-synaptic signaling	1.3742923369020499	1.0327648051994642	1.8287604474504966	1.8180909614919767	4.983787140809074e-20	0.34769402686758005	True	True						False	False	True	TMEM63C
286	ENSG00000101180	1	frontal_cortex_ba9	M008	4.983787140809074e-20	1.8180909614919767	1.8180909614919767	1	1	0	1	coupled	0.002581674269065844	0.5736641095405096	frontal_cortex_ba9	M008	synaptic signaling, trans-synaptic signaling, anterograde trans-synaptic signaling	1.3742923369020499	1.0327648051994642	1.8287604474504966	1.8180909614919767	4.983787140809074e-20	0.34769402686758005	True	True						False	False	True	HRH3
287	ENSG00000178171	1	frontal_cortex_ba9	M008	4.983787140809074e-20	1.8180909614919767	1.8180909614919767	1	1	0	1	coupled	0.002581674269065844	0.5730428840183702	frontal_cortex_ba9	M008	synaptic signaling, trans-synaptic signaling, anterograde trans-synaptic signaling	1.3742923369020499	1.0327648051994642	1.8287604474504966	1.8180909614919767	4.983787140809074e-20	0.34769402686758005	True	True						False	False	True	AMER3
288	ENSG00000103056	1	frontal_cortex_ba9	M008	4.983787140809074e-20	1.8180909614919767	1.8180909614919767	1	1	0	1	coupled	0.002581674269065844	0.5685270575196795	frontal_cortex_ba9	M008	synaptic signaling, trans-synaptic signaling, anterograde trans-synaptic signaling	1.3742923369020499	1.0327648051994642	1.8287604474504966	1.8180909614919767	4.983787140809074e-20	0.34769402686758005	True	True						False	False	True	SMPD3
289	ENSG00000099960	1	frontal_cortex_ba9	M008	4.983787140809074e-20	1.8180909614919767	1.8180909614919767	1	1	0	1	coupled	0.002581674269065844	0.5659144719070996	frontal_cortex_ba9	M008	synaptic signaling, trans-synaptic signaling, anterograde trans-synaptic signaling	1.3742923369020499	1.0327648051994642	1.8287604474504966	1.8180909614919767	4.983787140809074e-20	0.34769402686758005	True	True						False	False	True	SLC7A4
290	ENSG00000170214	1	frontal_cortex_ba9	M008	4.983787140809074e-20	1.8180909614919767	1.8180909614919767	1	1	0	1	coupled	0.002581674269065844	0.5484001496591717	frontal_cortex_ba9	M008	synaptic signaling, trans-synaptic signaling, anterograde trans-synaptic signaling	1.3742923369020499	1.0327648051994642	1.8287604474504966	1.8180909614919767	4.983787140809074e-20	0.34769402686758005	True	True						False	False	True	ADRA1B
291	ENSG00000142185	1	frontal_cortex_ba9	M008	4.983787140809074e-20	1.8180909614919767	1.8180909614919767	1	1	0	1	coupled	0.002581674269065844	0.5433588095097898	frontal_cortex_ba9	M008	synaptic signaling, trans-synaptic signaling, anterograde trans-synaptic signaling	1.3742923369020499	1.0327648051994642	1.8287604474504966	1.8180909614919767	4.983787140809074e-20	0.34769402686758005	True	True						False	False	True	TRPM2
292	ENSG00000100379	1	frontal_cortex_ba9	M008	4.983787140809074e-20	1.8180909614919767	1.8180909614919767	1	1	0	1	coupled	0.002581674269065844	0.5366561743989483	frontal_cortex_ba9	M008	synaptic signaling, trans-synaptic signaling, anterograde trans-synaptic signaling	1.3742923369020499	1.0327648051994642	1.8287604474504966	1.8180909614919767	4.983787140809074e-20	0.34769402686758005	True	True						False	False	True	KCTD17
293	ENSG00000138028	1	frontal_cortex_ba9	M008	4.983787140809074e-20	1.8180909614919767	1.8180909614919767	1	1	0	1	coupled	0.002581674269065844	0.5359674852719463	frontal_cortex_ba9	M008	synaptic signaling, trans-synaptic signaling, anterograde trans-synaptic signaling	1.3742923369020499	1.0327648051994642	1.8287604474504966	1.8180909614919767	4.983787140809074e-20	0.34769402686758005	True	True						False	False	True	CGREF1
294	ENSG00000138207	1	frontal_cortex_ba9	M008	4.983787140809074e-20	1.8180909614919767	1.8180909614919767	1	1	0	1	coupled	0.002581674269065844	0.5340931507995357	frontal_cortex_ba9	M008	synaptic signaling, trans-synaptic signaling, anterograde trans-synaptic signaling	1.3742923369020499	1.0327648051994642	1.8287604474504966	1.8180909614919767	4.983787140809074e-20	0.34769402686758005	True	True						False	False	True	RBP4
295	ENSG00000073670	1	frontal_cortex_ba9	M008	4.983787140809074e-20	1.8180909614919767	1.8180909614919767	1	1	0	1	discordant	0.002581674269065844	0.5280025048927439	frontal_cortex_ba9	M008	synaptic signaling, trans-synaptic signaling, anterograde trans-synaptic signaling	1.3742923369020499	1.0327648051994642	1.8287604474504966	1.8180909614919767	4.983787140809074e-20	0.34769402686758005	True	True						False	False	True	ADAM11
296	ENSG00000123360	1	frontal_cortex_ba9	M008	4.983787140809074e-20	1.8180909614919767	1.8180909614919767	1	1	0	1	discordant	0.002581674269065844	0.5183481875652194	frontal_cortex_ba9	M008	synaptic signaling, trans-synaptic signaling, anterograde trans-synaptic signaling	1.3742923369020499	1.0327648051994642	1.8287604474504966	1.8180909614919767	4.983787140809074e-20	0.34769402686758005	True	True						False	False	True	PDE1B
297	ENSG00000162706	1	frontal_cortex_ba9	M008	4.983787140809074e-20	1.8180909614919767	1.8180909614919767	1	1	0	1	coupled	0.002581674269065844	0.5133026439192097	frontal_cortex_ba9	M008	synaptic signaling, trans-synaptic signaling, anterograde trans-synaptic signaling	1.3742923369020499	1.0327648051994642	1.8287604474504966	1.8180909614919767	4.983787140809074e-20	0.34769402686758005	True	True						False	False	True	CADM3
298	ENSG00000170382	1	frontal_cortex_ba9	M008	4.983787140809074e-20	1.8180909614919767	1.8180909614919767	1	1	0	1	coupled	0.002581674269065844	0.5132552620083441	frontal_cortex_ba9	M008	synaptic signaling, trans-synaptic signaling, anterograde trans-synaptic signaling	1.3742923369020499	1.0327648051994642	1.8287604474504966	1.8180909614919767	4.983787140809074e-20	0.34769402686758005	True	True						False	False	True	LRRN2
299	ENSG00000197444	1	frontal_cortex_ba9	M008	4.983787140809074e-20	1.8180909614919767	1.8180909614919767	1	1	0	1	coupled	0.002581674269065844	0.5074414548877593	frontal_cortex_ba9	M008	synaptic signaling, trans-synaptic signaling, anterograde trans-synaptic signaling	1.3742923369020499	1.0327648051994642	1.8287604474504966	1.8180909614919767	4.983787140809074e-20	0.34769402686758005	True	True						False	False	True	OGDHL
300	ENSG00000160445	1	frontal_cortex_ba9	M008	4.983787140809074e-20	1.8180909614919767	1.8180909614919767	1	1	0	1	coupled	0.002581674269065844	0.5062589488004159	frontal_cortex_ba9	M008	synaptic signaling, trans-synaptic signaling, anterograde trans-synaptic signaling	1.3742923369020499	1.0327648051994642	1.8287604474504966	1.8180909614919767	4.983787140809074e-20	0.34769402686758005	True	True						False	False	True	ZER1
301	ENSG00000129990	1	frontal_cortex_ba9	M008	4.983787140809074e-20	1.8180909614919767	1.8180909614919767	1	1	0	1	coupled	0.002581674269065844	0.5056303823602819	frontal_cortex_ba9	M008	synaptic signaling, trans-synaptic signaling, anterograde trans-synaptic signaling	1.3742923369020499	1.0327648051994642	1.8287604474504966	1.8180909614919767	4.983787140809074e-20	0.34769402686758005	True	True						False	False	True	SYT5
302	ENSG00000143590	1	frontal_cortex_ba9	M008	4.983787140809074e-20	1.8180909614919767	1.8180909614919767	1	1	0	1	discordant	0.002581674269065844	0.5050023672689037	frontal_cortex_ba9	M008	synaptic signaling, trans-synaptic signaling, anterograde trans-synaptic signaling	1.3742923369020499	1.0327648051994642	1.8287604474504966	1.8180909614919767	4.983787140809074e-20	0.34769402686758005	True	True						False	False	True	EFNA3
303	ENSG00000256008	1	frontal_cortex_ba9	M008	4.983787140809074e-20	1.8180909614919767	1.8180909614919767	1	1	0	1	discordant	0.002581674269065844	0.5040866479780621	frontal_cortex_ba9	M008	synaptic signaling, trans-synaptic signaling, anterograde trans-synaptic signaling	1.3742923369020499	1.0327648051994642	1.8287604474504966	1.8180909614919767	4.983787140809074e-20	0.34769402686758005	True	True						False	False	True	CABP1-DT
304	ENSG00000008056	1	frontal_cortex_ba9	M008	4.983787140809074e-20	1.8180909614919767	1.8180909614919767	1	1	0	1	coupled	0.002581674269065844	0.4947144236245192	frontal_cortex_ba9	M008	synaptic signaling, trans-synaptic signaling, anterograde trans-synaptic signaling	1.3742923369020499	1.0327648051994642	1.8287604474504966	1.8180909614919767	4.983787140809074e-20	0.34769402686758005	True	True						False	False	True	SYN1
305	ENSG00000175229	1	frontal_cortex_ba9	M008	4.983787140809074e-20	1.8180909614919767	1.8180909614919767	1	1	0	1	coupled	0.002581674269065844	0.4939448647459517	frontal_cortex_ba9	M008	synaptic signaling, trans-synaptic signaling, anterograde trans-synaptic signaling	1.3742923369020499	1.0327648051994642	1.8287604474504966	1.8180909614919767	4.983787140809074e-20	0.34769402686758005	True	True						False	False	True	GAL3ST3
306	ENSG00000135709	1	frontal_cortex_ba9	M008	4.983787140809074e-20	1.8180909614919767	1.8180909614919767	1	1	0	1	coupled	0.002581674269065844	0.49162395535572007	frontal_cortex_ba9	M008	synaptic signaling, trans-synaptic signaling, anterograde trans-synaptic signaling	1.3742923369020499	1.0327648051994642	1.8287604474504966	1.8180909614919767	4.983787140809074e-20	0.34769402686758005	True	True						False	False	True	KIAA0513
307	ENSG00000189410	1	frontal_cortex_ba9	M008	4.983787140809074e-20	1.8180909614919767	1.8180909614919767	1	1	0	1	coupled	0.002581674269065844	0.4848679948989604	frontal_cortex_ba9	M008	synaptic signaling, trans-synaptic signaling, anterograde trans-synaptic signaling	1.3742923369020499	1.0327648051994642	1.8287604474504966	1.8180909614919767	4.983787140809074e-20	0.34769402686758005	True	True						False	False	True	SH2D5
308	ENSG00000110148	1	frontal_cortex_ba9	M008	4.983787140809074e-20	1.8180909614919767	1.8180909614919767	1	1	0	1	coupled	0.002581674269065844	0.47694951761791626	frontal_cortex_ba9	M008	synaptic signaling, trans-synaptic signaling, anterograde trans-synaptic signaling	1.3742923369020499	1.0327648051994642	1.8287604474504966	1.8180909614919767	4.983787140809074e-20	0.34769402686758005	True	True						False	False	True	CCKBR
309	ENSG00000003249	1	frontal_cortex_ba9	M008	4.983787140809074e-20	1.8180909614919767	1.8180909614919767	1	1	0	1	coupled	0.002581674269065844	0.4766545709034527	frontal_cortex_ba9	M008	synaptic signaling, trans-synaptic signaling, anterograde trans-synaptic signaling	1.3742923369020499	1.0327648051994642	1.8287604474504966	1.8180909614919767	4.983787140809074e-20	0.34769402686758005	True	True						False	False	True	DBNDD1
310	ENSG00000182870	1	frontal_cortex_ba9	M008	4.983787140809074e-20	1.8180909614919767	1.8180909614919767	1	1	0	1	coupled	0.002581674269065844	0.4756792883767454	frontal_cortex_ba9	M008	synaptic signaling, trans-synaptic signaling, anterograde trans-synaptic signaling	1.3742923369020499	1.0327648051994642	1.8287604474504966	1.8180909614919767	4.983787140809074e-20	0.34769402686758005	True	True						False	False	True	GALNT9
311	ENSG00000159753	1	frontal_cortex_ba9	M008	4.983787140809074e-20	1.8180909614919767	1.8180909614919767	1	1	0	1	discordant	0.002581674269065844	0.47196071523844013	frontal_cortex_ba9	M008	synaptic signaling, trans-synaptic signaling, anterograde trans-synaptic signaling	1.3742923369020499	1.0327648051994642	1.8287604474504966	1.8180909614919767	4.983787140809074e-20	0.34769402686758005	True	True						False	False	True	CARMIL2
312	ENSG00000168490	1	frontal_cortex_ba9	M008	4.983787140809074e-20	1.8180909614919767	1.8180909614919767	1	1	0	1	discordant	0.002581674269065844	0.47097115543098705	frontal_cortex_ba9	M008	synaptic signaling, trans-synaptic signaling, anterograde trans-synaptic signaling	1.3742923369020499	1.0327648051994642	1.8287604474504966	1.8180909614919767	4.983787140809074e-20	0.34769402686758005	True	True						False	False	True	PHYHIP
313	ENSG00000278195	1	frontal_cortex_ba9	M008	4.983787140809074e-20	1.8180909614919767	1.8180909614919767	1	1	0	1	discordant	0.002581674269065844	0.46906100590072214	frontal_cortex_ba9	M008	synaptic signaling, trans-synaptic signaling, anterograde trans-synaptic signaling	1.3742923369020499	1.0327648051994642	1.8287604474504966	1.8180909614919767	4.983787140809074e-20	0.34769402686758005	True	True						False	False	True	SSTR3
314	ENSG00000176383	1	frontal_cortex_ba9	M008	4.983787140809074e-20	1.8180909614919767	1.8180909614919767	1	1	0	1	coupled	0.002581674269065844	0.4610002351184864	frontal_cortex_ba9	M008	synaptic signaling, trans-synaptic signaling, anterograde trans-synaptic signaling	1.3742923369020499	1.0327648051994642	1.8287604474504966	1.8180909614919767	4.983787140809074e-20	0.34769402686758005	True	True						False	False	True	B3GNT4
315	ENSG00000117245	1	frontal_cortex_ba9	M008	4.983787140809074e-20	1.8180909614919767	1.8180909614919767	1	1	0	1	discordant	0.002581674269065844	0.45700310204426126	frontal_cortex_ba9	M008	synaptic signaling, trans-synaptic signaling, anterograde trans-synaptic signaling	1.3742923369020499	1.0327648051994642	1.8287604474504966	1.8180909614919767	4.983787140809074e-20	0.34769402686758005	True	True						False	False	True	KIF17
316	ENSG00000173267	1	frontal_cortex_ba9	M008	4.983787140809074e-20	1.8180909614919767	1.8180909614919767	1	1	0	1	discordant	0.002581674269065844	0.4549972875438947	frontal_cortex_ba9	M008	synaptic signaling, trans-synaptic signaling, anterograde trans-synaptic signaling	1.3742923369020499	1.0327648051994642	1.8287604474504966	1.8180909614919767	4.983787140809074e-20	0.34769402686758005	True	True						False	False	True	SNCG
317	ENSG00000186907	1	frontal_cortex_ba9	M008	4.983787140809074e-20	1.8180909614919767	1.8180909614919767	1	1	0	1	discordant	0.002581674269065844	0.4244957751546563	frontal_cortex_ba9	M008	synaptic signaling, trans-synaptic signaling, anterograde trans-synaptic signaling	1.3742923369020499	1.0327648051994642	1.8287604474504966	1.8180909614919767	4.983787140809074e-20	0.34769402686758005	True	True						False	False	True	RTN4RL2
318	ENSG00000155265	1	frontal_cortex_ba9	M008	4.983787140809074e-20	1.8180909614919767	1.8180909614919767	1	1	0	1	coupled	0.002581674269065844	0.423660129486536	frontal_cortex_ba9	M008	synaptic signaling, trans-synaptic signaling, anterograde trans-synaptic signaling	1.3742923369020499	1.0327648051994642	1.8287604474504966	1.8180909614919767	4.983787140809074e-20	0.34769402686758005	True	True						False	False	True	GOLGA7B
319	ENSG00000008300	1	frontal_cortex_ba9	M008	4.983787140809074e-20	1.8180909614919767	1.8180909614919767	1	1	0	1	coupled	0.002581674269065844	0.42122803455201074	frontal_cortex_ba9	M008	synaptic signaling, trans-synaptic signaling, anterograde trans-synaptic signaling	1.3742923369020499	1.0327648051994642	1.8287604474504966	1.8180909614919767	4.983787140809074e-20	0.34769402686758005	True	True						False	False	True	CELSR3
320	ENSG00000161682	1	frontal_cortex_ba9	M008	4.983787140809074e-20	1.8180909614919767	1.8180909614919767	1	1	0	1	coupled	0.002581674269065844	0.4139400552803827	frontal_cortex_ba9	M008	synaptic signaling, trans-synaptic signaling, anterograde trans-synaptic signaling	1.3742923369020499	1.0327648051994642	1.8287604474504966	1.8180909614919767	4.983787140809074e-20	0.34769402686758005	True	True						False	False	True	FAM171A2
321	ENSG00000125170	1	frontal_cortex_ba9	M008	4.983787140809074e-20	1.8180909614919767	1.8180909614919767	1	1	0	1	coupled	0.002581674269065844	0.4099447290520742	frontal_cortex_ba9	M008	synaptic signaling, trans-synaptic signaling, anterograde trans-synaptic signaling	1.3742923369020499	1.0327648051994642	1.8287604474504966	1.8180909614919767	4.983787140809074e-20	0.34769402686758005	True	True						False	False	True	DOK4
322	ENSG00000242173	1	frontal_cortex_ba9	M008	4.983787140809074e-20	1.8180909614919767	1.8180909614919767	1	1	0	1	coupled	0.002581674269065844	0.3983323296952946	frontal_cortex_ba9	M008	synaptic signaling, trans-synaptic signaling, anterograde trans-synaptic signaling	1.3742923369020499	1.0327648051994642	1.8287604474504966	1.8180909614919767	4.983787140809074e-20	0.34769402686758005	True	True						False	False	True	ARHGDIG
323	ENSG00000164885	1	frontal_cortex_ba9	M008	4.983787140809074e-20	1.8180909614919767	1.8180909614919767	1	1	0	1	coupled	0.002581674269065844	0.397323263809803	frontal_cortex_ba9	M008	synaptic signaling, trans-synaptic signaling, anterograde trans-synaptic signaling	1.3742923369020499	1.0327648051994642	1.8287604474504966	1.8180909614919767	4.983787140809074e-20	0.34769402686758005	True	True						False	False	True	CDK5
324	ENSG00000128482	1	frontal_cortex_ba9	M008	4.983787140809074e-20	1.8180909614919767	1.8180909614919767	1	1	0	1	discordant	0.002581674269065844	0.39329775659924393	frontal_cortex_ba9	M008	synaptic signaling, trans-synaptic signaling, anterograde trans-synaptic signaling	1.3742923369020499	1.0327648051994642	1.8287604474504966	1.8180909614919767	4.983787140809074e-20	0.34769402686758005	True	True						False	False	True	RNF112
325	ENSG00000160460	1	frontal_cortex_ba9	M008	4.983787140809074e-20	1.8180909614919767	1.8180909614919767	1	1	0	1	coupled	0.002581674269065844	0.3903734292174766	frontal_cortex_ba9	M008	synaptic signaling, trans-synaptic signaling, anterograde trans-synaptic signaling	1.3742923369020499	1.0327648051994642	1.8287604474504966	1.8180909614919767	4.983787140809074e-20	0.34769402686758005	True	True						False	False	True	SPTBN4
326	ENSG00000104059	1	frontal_cortex_ba9	M008	4.983787140809074e-20	1.8180909614919767	1.8180909614919767	1	1	0	1	discordant	0.002581674269065844	0.3759893322720764	frontal_cortex_ba9	M008	synaptic signaling, trans-synaptic signaling, anterograde trans-synaptic signaling	1.3742923369020499	1.0327648051994642	1.8287604474504966	1.8180909614919767	4.983787140809074e-20	0.34769402686758005	True	True						False	False	True	ENTREP2
327	ENSG00000184261	1	frontal_cortex_ba9	M008	4.983787140809074e-20	1.8180909614919767	1.8180909614919767	1	1	0	1	coupled	0.002581674269065844	0.36439782681978916	frontal_cortex_ba9	M008	synaptic signaling, trans-synaptic signaling, anterograde trans-synaptic signaling	1.3742923369020499	1.0327648051994642	1.8287604474504966	1.8180909614919767	4.983787140809074e-20	0.34769402686758005	True	True						False	False	True	KCNK12
328	ENSG00000105204	1	frontal_cortex_ba9	M008	4.983787140809074e-20	1.8180909614919767	1.8180909614919767	1	1	0	1	coupled	0.002581674269065844	0.3585448013780852	frontal_cortex_ba9	M008	synaptic signaling, trans-synaptic signaling, anterograde trans-synaptic signaling	1.3742923369020499	1.0327648051994642	1.8287604474504966	1.8180909614919767	4.983787140809074e-20	0.34769402686758005	True	True						False	False	True	DYRK1B
329	ENSG00000144550	1	frontal_cortex_ba9	M008	4.983787140809074e-20	1.8180909614919767	1.8180909614919767	1	1	0	1	coupled	0.002581674269065844	0.34242745132365066	frontal_cortex_ba9	M008	synaptic signaling, trans-synaptic signaling, anterograde trans-synaptic signaling	1.3742923369020499	1.0327648051994642	1.8287604474504966	1.8180909614919767	4.983787140809074e-20	0.34769402686758005	True	True						False	False	True	CPNE9
330	ENSG00000118160	1	frontal_cortex_ba9	M008	4.983787140809074e-20	1.8180909614919767	1.8180909614919767	1	1	0	1	coupled	0.002581674269065844	0.33371250027314897	frontal_cortex_ba9	M008	synaptic signaling, trans-synaptic signaling, anterograde trans-synaptic signaling	1.3742923369020499	1.0327648051994642	1.8287604474504966	1.8180909614919767	4.983787140809074e-20	0.34769402686758005	True	True						False	False	True	SLC8A2
331	ENSG00000100362	1	frontal_cortex_ba9	M008	4.983787140809074e-20	1.8180909614919767	1.8180909614919767	1	1	0	1	coupled	0.002581674269065844	0.3334706236828358	frontal_cortex_ba9	M008	synaptic signaling, trans-synaptic signaling, anterograde trans-synaptic signaling	1.3742923369020499	1.0327648051994642	1.8287604474504966	1.8180909614919767	4.983787140809074e-20	0.34769402686758005	True	True						False	False	True	PVALB
332	ENSG00000119574	1	frontal_cortex_ba9	M008	4.983787140809074e-20	1.8180909614919767	1.8180909614919767	1	1	0	1	coupled	0.002581674269065844	0.31948505266821864	frontal_cortex_ba9	M008	synaptic signaling, trans-synaptic signaling, anterograde trans-synaptic signaling	1.3742923369020499	1.0327648051994642	1.8287604474504966	1.8180909614919767	4.983787140809074e-20	0.34769402686758005	True	True						False	False	True	ZBTB45
333	ENSG00000106123	1	frontal_cortex_ba9	M008	4.983787140809074e-20	1.8180909614919767	1.8180909614919767	1	1	0	1	discordant	0.002581674269065844	0.3114015975000643	frontal_cortex_ba9	M008	synaptic signaling, trans-synaptic signaling, anterograde trans-synaptic signaling	1.3742923369020499	1.0327648051994642	1.8287604474504966	1.8180909614919767	4.983787140809074e-20	0.34769402686758005	True	True						False	False	True	EPHB6
334	ENSG00000272031	1	frontal_cortex_ba9	M008	4.983787140809074e-20	1.8180909614919767	1.8180909614919767	1	1	0	1	discordant	0.002581674269065844	0.30974767312606105	frontal_cortex_ba9	M008	synaptic signaling, trans-synaptic signaling, anterograde trans-synaptic signaling	1.3742923369020499	1.0327648051994642	1.8287604474504966	1.8180909614919767	4.983787140809074e-20	0.34769402686758005	True	True						False	False	True	ANKRD34A
335	ENSG00000019485	1	frontal_cortex_ba9	M008	4.983787140809074e-20	1.8180909614919767	1.8180909614919767	1	1	0	1	discordant	0.002581674269065844	0.28756598617863033	frontal_cortex_ba9	M008	synaptic signaling, trans-synaptic signaling, anterograde trans-synaptic signaling	1.3742923369020499	1.0327648051994642	1.8287604474504966	1.8180909614919767	4.983787140809074e-20	0.34769402686758005	True	True						False	False	True	PRDM11
336	ENSG00000161544	1	frontal_cortex_ba9	M008	4.983787140809074e-20	1.8180909614919767	1.8180909614919767	1	1	0	1	discordant	0.002581674269065844	0.2836920037775863	frontal_cortex_ba9	M008	synaptic signaling, trans-synaptic signaling, anterograde trans-synaptic signaling	1.3742923369020499	1.0327648051994642	1.8287604474504966	1.8180909614919767	4.983787140809074e-20	0.34769402686758005	True	True						False	False	True	CYGB
337	ENSG00000100346	1	frontal_cortex_ba9	M008	4.983787140809074e-20	1.8180909614919767	1.8180909614919767	1	1	0	1	coupled	0.002581674269065844	0.281416759653071	frontal_cortex_ba9	M008	synaptic signaling, trans-synaptic signaling, anterograde trans-synaptic signaling	1.3742923369020499	1.0327648051994642	1.8287604474504966	1.8180909614919767	4.983787140809074e-20	0.34769402686758005	True	True						False	False	True	CACNA1I
338	ENSG00000162426	1	frontal_cortex_ba9	M008	4.983787140809074e-20	1.8180909614919767	1.8180909614919767	1	1	0	1	discordant	0.002581674269065844	0.2775037514154656	frontal_cortex_ba9	M008	synaptic signaling, trans-synaptic signaling, anterograde trans-synaptic signaling	1.3742923369020499	1.0327648051994642	1.8287604474504966	1.8180909614919767	4.983787140809074e-20	0.34769402686758005	True	True						False	False	True	SLC45A1
339	ENSG00000026559	1	frontal_cortex_ba9	M008	4.983787140809074e-20	1.8180909614919767	1.8180909614919767	1	1	0	1	coupled	0.002581674269065844	0.2739250564593729	frontal_cortex_ba9	M008	synaptic signaling, trans-synaptic signaling, anterograde trans-synaptic signaling	1.3742923369020499	1.0327648051994642	1.8287604474504966	1.8180909614919767	4.983787140809074e-20	0.34769402686758005	True	True						False	False	True	KCNG1
340	ENSG00000187094	1	frontal_cortex_ba9	M008	4.983787140809074e-20	1.8180909614919767	1.8180909614919767	1	1	0	1	discordant	0.002581674269065844	0.2694444360435933	frontal_cortex_ba9	M008	synaptic signaling, trans-synaptic signaling, anterograde trans-synaptic signaling	1.3742923369020499	1.0327648051994642	1.8287604474504966	1.8180909614919767	4.983787140809074e-20	0.34769402686758005	True	True						False	False	True	CCK
341	ENSG00000129159	1	frontal_cortex_ba9	M008	4.983787140809074e-20	1.8180909614919767	1.8180909614919767	1	1	0	1	discordant	0.002581674269065844	0.26936208889584135	frontal_cortex_ba9	M008	synaptic signaling, trans-synaptic signaling, anterograde trans-synaptic signaling	1.3742923369020499	1.0327648051994642	1.8287604474504966	1.8180909614919767	4.983787140809074e-20	0.34769402686758005	True	True						False	False	True	KCNC1
342	ENSG00000105278	1	frontal_cortex_ba9	M008	4.983787140809074e-20	1.8180909614919767	1.8180909614919767	1	1	0	1	discordant	0.002581674269065844	0.2693195916873933	frontal_cortex_ba9	M008	synaptic signaling, trans-synaptic signaling, anterograde trans-synaptic signaling	1.3742923369020499	1.0327648051994642	1.8287604474504966	1.8180909614919767	4.983787140809074e-20	0.34769402686758005	True	True						False	False	True	ZFR2
343	ENSG00000037042	1	frontal_cortex_ba9	M008	4.983787140809074e-20	1.8180909614919767	1.8180909614919767	1	1	0	1	discordant	0.002581674269065844	0.26199624048038006	frontal_cortex_ba9	M008	synaptic signaling, trans-synaptic signaling, anterograde trans-synaptic signaling	1.3742923369020499	1.0327648051994642	1.8287604474504966	1.8180909614919767	4.983787140809074e-20	0.34769402686758005	True	True						False	False	True	TUBG2
344	ENSG00000076826	1	frontal_cortex_ba9	M008	4.983787140809074e-20	1.8180909614919767	1.8180909614919767	1	1	0	1	discordant	0.002581674269065844	0.2573903957388956	frontal_cortex_ba9	M008	synaptic signaling, trans-synaptic signaling, anterograde trans-synaptic signaling	1.3742923369020499	1.0327648051994642	1.8287604474504966	1.8180909614919767	4.983787140809074e-20	0.34769402686758005	True	True						False	False	True	CAMSAP3
345	ENSG00000124772	1	frontal_cortex_ba9	M008	4.983787140809074e-20	1.8180909614919767	1.8180909614919767	1	1	0	1	discordant	0.002581674269065844	0.22702029018382358	frontal_cortex_ba9	M008	synaptic signaling, trans-synaptic signaling, anterograde trans-synaptic signaling	1.3742923369020499	1.0327648051994642	1.8287604474504966	1.8180909614919767	4.983787140809074e-20	0.34769402686758005	True	True						False	False	True	CPNE5
346	ENSG00000072071	1	frontal_cortex_ba9	M008	4.983787140809074e-20	1.8180909614919767	1.8180909614919767	1	1	0	1	discordant	0.002581674269065844	0.2177209628525944	frontal_cortex_ba9	M008	synaptic signaling, trans-synaptic signaling, anterograde trans-synaptic signaling	1.3742923369020499	1.0327648051994642	1.8287604474504966	1.8180909614919767	4.983787140809074e-20	0.34769402686758005	True	True						False	False	True	ADGRL1
347	ENSG00000171813	1	frontal_cortex_ba9	M008	4.983787140809074e-20	1.8180909614919767	1.8180909614919767	1	1	0	0	abundance_only	0.002581674269065844	0.19448909827745658	frontal_cortex_ba9	M008	synaptic signaling, trans-synaptic signaling, anterograde trans-synaptic signaling	1.3742923369020499	1.0327648051994642	1.8287604474504966	1.8180909614919767	4.983787140809074e-20	0.34769402686758005	True	True						False	False	True	PWWP2B
348	ENSG00000100304	1	frontal_cortex_ba9	M008	4.983787140809074e-20	1.8180909614919767	1.8180909614919767	1	1	0	0	abundance_only	0.002581674269065844	0.1896972642487182	frontal_cortex_ba9	M008	synaptic signaling, trans-synaptic signaling, anterograde trans-synaptic signaling	1.3742923369020499	1.0327648051994642	1.8287604474504966	1.8180909614919767	4.983787140809074e-20	0.34769402686758005	True	True						False	False	True	TTLL12
349	ENSG00000090971	1	frontal_cortex_ba9	M008	4.983787140809074e-20	1.8180909614919767	1.8180909614919767	1	1	0	0	abundance_only	0.002581674269065844	0.18802343697083368	frontal_cortex_ba9	M008	synaptic signaling, trans-synaptic signaling, anterograde trans-synaptic signaling	1.3742923369020499	1.0327648051994642	1.8287604474504966	1.8180909614919767	4.983787140809074e-20	0.34769402686758005	True	True						False	False	True	NAT14
350	ENSG00000167889	1	frontal_cortex_ba9	M008	4.983787140809074e-20	1.8180909614919767	1.8180909614919767	1	1	0	0	abundance_only	0.002581674269065844	0.18666067159130614	frontal_cortex_ba9	M008	synaptic signaling, trans-synaptic signaling, anterograde trans-synaptic signaling	1.3742923369020499	1.0327648051994642	1.8287604474504966	1.8180909614919767	4.983787140809074e-20	0.34769402686758005	True	True						False	False	True	MGAT5B
351	ENSG00000139405	1	frontal_cortex_ba9	M008	4.983787140809074e-20	1.8180909614919767	1.8180909614919767	1	1	0	0	abundance_only	0.002581674269065844	0.1827346302691752	frontal_cortex_ba9	M008	synaptic signaling, trans-synaptic signaling, anterograde trans-synaptic signaling	1.3742923369020499	1.0327648051994642	1.8287604474504966	1.8180909614919767	4.983787140809074e-20	0.34769402686758005	True	True						False	False	True	RITA1
352	ENSG00000022567	1	frontal_cortex_ba9	M008	4.983787140809074e-20	1.8180909614919767	1.8180909614919767	1	1	0	0	abundance_only	0.002581674269065844	0.1822059699666244	frontal_cortex_ba9	M008	synaptic signaling, trans-synaptic signaling, anterograde trans-synaptic signaling	1.3742923369020499	1.0327648051994642	1.8287604474504966	1.8180909614919767	4.983787140809074e-20	0.34769402686758005	True	True						False	False	True	SLC45A4
353	ENSG00000011083	1	frontal_cortex_ba9	M008	4.983787140809074e-20	1.8180909614919767	1.8180909614919767	1	1	0	0	abundance_only	0.002581674269065844	0.18175296814535497	frontal_cortex_ba9	M008	synaptic signaling, trans-synaptic signaling, anterograde trans-synaptic signaling	1.3742923369020499	1.0327648051994642	1.8287604474504966	1.8180909614919767	4.983787140809074e-20	0.34769402686758005	True	True						False	False	True	SLC6A7
354	ENSG00000176884	1	frontal_cortex_ba9	M008	4.983787140809074e-20	1.8180909614919767	1.8180909614919767	1	1	0	0	abundance_only	0.002581674269065844	0.17970775760252627	frontal_cortex_ba9	M008	synaptic signaling, trans-synaptic signaling, anterograde trans-synaptic signaling	1.3742923369020499	1.0327648051994642	1.8287604474504966	1.8180909614919767	4.983787140809074e-20	0.34769402686758005	True	True						False	False	True	GRIN1
355	ENSG00000103202	1	frontal_cortex_ba9	M008	4.983787140809074e-20	1.8180909614919767	1.8180909614919767	1	1	0	0	inactive	0.002581674269065844	0.17685265099574224	frontal_cortex_ba9	M008	synaptic signaling, trans-synaptic signaling, anterograde trans-synaptic signaling	1.3742923369020499	1.0327648051994642	1.8287604474504966	1.8180909614919767	4.983787140809074e-20	0.34769402686758005	True	True						False	False	True	NME4
356	ENSG00000187664	1	frontal_cortex_ba9	M008	4.983787140809074e-20	1.8180909614919767	1.8180909614919767	1	1	0	0	abundance_only	0.002581674269065844	0.17570260792880857	frontal_cortex_ba9	M008	synaptic signaling, trans-synaptic signaling, anterograde trans-synaptic signaling	1.3742923369020499	1.0327648051994642	1.8287604474504966	1.8180909614919767	4.983787140809074e-20	0.34769402686758005	True	True						False	False	True	HAPLN4
357	ENSG00000187486	1	frontal_cortex_ba9	M008	4.983787140809074e-20	1.8180909614919767	1.8180909614919767	1	1	0	0	abundance_only	0.002581674269065844	0.16751420552762408	frontal_cortex_ba9	M008	synaptic signaling, trans-synaptic signaling, anterograde trans-synaptic signaling	1.3742923369020499	1.0327648051994642	1.8287604474504966	1.8180909614919767	4.983787140809074e-20	0.34769402686758005	True	True						False	False	True	KCNJ11
358	ENSG00000163704	1	frontal_cortex_ba9	M008	4.983787140809074e-20	1.8180909614919767	1.8180909614919767	1	1	0	0	abundance_only	0.002581674269065844	0.1626575129039713	frontal_cortex_ba9	M008	synaptic signaling, trans-synaptic signaling, anterograde trans-synaptic signaling	1.3742923369020499	1.0327648051994642	1.8287604474504966	1.8180909614919767	4.983787140809074e-20	0.34769402686758005	True	True						False	False	True	PRRT3
359	ENSG00000130477	1	frontal_cortex_ba9	M008	4.983787140809074e-20	1.8180909614919767	1.8180909614919767	1	1	0	0	abundance_only	0.002581674269065844	0.1593844421092013	frontal_cortex_ba9	M008	synaptic signaling, trans-synaptic signaling, anterograde trans-synaptic signaling	1.3742923369020499	1.0327648051994642	1.8287604474504966	1.8180909614919767	4.983787140809074e-20	0.34769402686758005	True	True						False	False	True	UNC13A
360	ENSG00000165752	1	frontal_cortex_ba9	M008	4.983787140809074e-20	1.8180909614919767	1.8180909614919767	1	1	0	0	abundance_only	0.002581674269065844	0.15904580525638357	frontal_cortex_ba9	M008	synaptic signaling, trans-synaptic signaling, anterograde trans-synaptic signaling	1.3742923369020499	1.0327648051994642	1.8287604474504966	1.8180909614919767	4.983787140809074e-20	0.34769402686758005	True	True						False	False	True	STK32C
361	ENSG00000089847	1	frontal_cortex_ba9	M008	4.983787140809074e-20	1.8180909614919767	1.8180909614919767	1	1	0	0	abundance_only	0.002581674269065844	0.15108422989481254	frontal_cortex_ba9	M008	synaptic signaling, trans-synaptic signaling, anterograde trans-synaptic signaling	1.3742923369020499	1.0327648051994642	1.8287604474504966	1.8180909614919767	4.983787140809074e-20	0.34769402686758005	True	True						False	False	True	ANKRD24
362	ENSG00000107872	1	frontal_cortex_ba9	M008	4.983787140809074e-20	1.8180909614919767	1.8180909614919767	1	1	0	0	abundance_only	0.002581674269065844	0.1508777993148118	frontal_cortex_ba9	M008	synaptic signaling, trans-synaptic signaling, anterograde trans-synaptic signaling	1.3742923369020499	1.0327648051994642	1.8287604474504966	1.8180909614919767	4.983787140809074e-20	0.34769402686758005	True	True						False	False	True	FBXL15
363	ENSG00000124191	1	frontal_cortex_ba9	M008	4.983787140809074e-20	1.8180909614919767	1.8180909614919767	1	1	0	0	abundance_only	0.002581674269065844	0.14907381377475803	frontal_cortex_ba9	M008	synaptic signaling, trans-synaptic signaling, anterograde trans-synaptic signaling	1.3742923369020499	1.0327648051994642	1.8287604474504966	1.8180909614919767	4.983787140809074e-20	0.34769402686758005	True	True						False	False	True	TOX2
364	ENSG00000167103	1	frontal_cortex_ba9	M008	4.983787140809074e-20	1.8180909614919767	1.8180909614919767	1	1	0	0	abundance_only	0.002581674269065844	0.14794385212729633	frontal_cortex_ba9	M008	synaptic signaling, trans-synaptic signaling, anterograde trans-synaptic signaling	1.3742923369020499	1.0327648051994642	1.8287604474504966	1.8180909614919767	4.983787140809074e-20	0.34769402686758005	True	True						False	False	True	PIP5KL1
365	ENSG00000196118	1	frontal_cortex_ba9	M008	4.983787140809074e-20	1.8180909614919767	1.8180909614919767	1	1	0	0	abundance_only	0.002581674269065844	0.14189605662545626	frontal_cortex_ba9	M008	synaptic signaling, trans-synaptic signaling, anterograde trans-synaptic signaling	1.3742923369020499	1.0327648051994642	1.8287604474504966	1.8180909614919767	4.983787140809074e-20	0.34769402686758005	True	True						False	False	True	CFAP119
366	ENSG00000072954	1	frontal_cortex_ba9	M008	4.983787140809074e-20	1.8180909614919767	1.8180909614919767	1	1	0	0	abundance_only	0.002581674269065844	0.13922553437550642	frontal_cortex_ba9	M008	synaptic signaling, trans-synaptic signaling, anterograde trans-synaptic signaling	1.3742923369020499	1.0327648051994642	1.8287604474504966	1.8180909614919767	4.983787140809074e-20	0.34769402686758005	True	True						False	False	True	TMEM38A
367	ENSG00000087085	1	frontal_cortex_ba9	M008	4.983787140809074e-20	1.8180909614919767	1.8180909614919767	1	1	0	0	abundance_only	0.002581674269065844	0.1325276411441233	frontal_cortex_ba9	M008	synaptic signaling, trans-synaptic signaling, anterograde trans-synaptic signaling	1.3742923369020499	1.0327648051994642	1.8287604474504966	1.8180909614919767	4.983787140809074e-20	0.34769402686758005	True	True						False	False	True	ACHE
368	ENSG00000140323	1	frontal_cortex_ba9	M008	4.983787140809074e-20	1.8180909614919767	1.8180909614919767	1	1	0	0	abundance_only	0.002581674269065844	0.13107047194210122	frontal_cortex_ba9	M008	synaptic signaling, trans-synaptic signaling, anterograde trans-synaptic signaling	1.3742923369020499	1.0327648051994642	1.8287604474504966	1.8180909614919767	4.983787140809074e-20	0.34769402686758005	True	True						False	False	True	DISP2
369	ENSG00000166546	1	frontal_cortex_ba9	M008	4.983787140809074e-20	1.8180909614919767	1.8180909614919767	1	1	0	0	abundance_only	0.002581674269065844	0.11876061352730354	frontal_cortex_ba9	M008	synaptic signaling, trans-synaptic signaling, anterograde trans-synaptic signaling	1.3742923369020499	1.0327648051994642	1.8287604474504966	1.8180909614919767	4.983787140809074e-20	0.34769402686758005	True	True						False	False	True	BEAN1
370	ENSG00000036530	1	frontal_cortex_ba9	M008	4.983787140809074e-20	1.8180909614919767	1.8180909614919767	1	1	0	0	abundance_only	0.002581674269065844	0.11191859397842774	frontal_cortex_ba9	M008	synaptic signaling, trans-synaptic signaling, anterograde trans-synaptic signaling	1.3742923369020499	1.0327648051994642	1.8287604474504966	1.8180909614919767	4.983787140809074e-20	0.34769402686758005	True	True						False	False	True	CYP46A1
371	ENSG00000157350	1	frontal_cortex_ba9	M008	4.983787140809074e-20	1.8180909614919767	1.8180909614919767	1	1	0	0	abundance_only	0.002581674269065844	0.10634309744578542	frontal_cortex_ba9	M008	synaptic signaling, trans-synaptic signaling, anterograde trans-synaptic signaling	1.3742923369020499	1.0327648051994642	1.8287604474504966	1.8180909614919767	4.983787140809074e-20	0.34769402686758005	True	True						False	False	True	ST3GAL2
372	ENSG00000132026	1	frontal_cortex_ba9	M008	4.983787140809074e-20	1.8180909614919767	1.8180909614919767	1	1	0	0	abundance_only	0.002581674269065844	0.09014975846820603	frontal_cortex_ba9	M008	synaptic signaling, trans-synaptic signaling, anterograde trans-synaptic signaling	1.3742923369020499	1.0327648051994642	1.8287604474504966	1.8180909614919767	4.983787140809074e-20	0.34769402686758005	True	True						False	False	True	RTBDN
373	ENSG00000177380	1	frontal_cortex_ba9	M008	4.983787140809074e-20	1.8180909614919767	1.8180909614919767	1	1	0	0	abundance_only	0.002581674269065844	0.08115673590057543	frontal_cortex_ba9	M008	synaptic signaling, trans-synaptic signaling, anterograde trans-synaptic signaling	1.3742923369020499	1.0327648051994642	1.8287604474504966	1.8180909614919767	4.983787140809074e-20	0.34769402686758005	True	True						False	False	True	PPFIA3
374	ENSG00000053438	1	frontal_cortex_ba9	M008	4.983787140809074e-20	1.8180909614919767	1.8180909614919767	1	1	0	0	abundance_only	0.002581674269065844	0.06712381760995703	frontal_cortex_ba9	M008	synaptic signaling, trans-synaptic signaling, anterograde trans-synaptic signaling	1.3742923369020499	1.0327648051994642	1.8287604474504966	1.8180909614919767	4.983787140809074e-20	0.34769402686758005	True	True						False	False	True	NNAT
375	ENSG00000204991	1	frontal_cortex_ba9	M008	4.983787140809074e-20	1.8180909614919767	1.8180909614919767	1	1	0	0	abundance_only	0.002581674269065844	0.06450132716432161	frontal_cortex_ba9	M008	synaptic signaling, trans-synaptic signaling, anterograde trans-synaptic signaling	1.3742923369020499	1.0327648051994642	1.8287604474504966	1.8180909614919767	4.983787140809074e-20	0.34769402686758005	True	True						False	False	True	SPIRE2
376	ENSG00000284691	1	frontal_cortex_ba9	M008	4.983787140809074e-20	1.8180909614919767	1.8180909614919767	1	1	0	0	abundance_only	0.002581674269065844	0.06395983894343721	frontal_cortex_ba9	M008	synaptic signaling, trans-synaptic signaling, anterograde trans-synaptic signaling	1.3742923369020499	1.0327648051994642	1.8287604474504966	1.8180909614919767	4.983787140809074e-20	0.34769402686758005	True	True						False	False	True	ENSG00000284691
377	ENSG00000130751	1	frontal_cortex_ba9	M008	4.983787140809074e-20	1.8180909614919767	1.8180909614919767	1	1	0	0	abundance_only	0.002581674269065844	0.061578505476222324	frontal_cortex_ba9	M008	synaptic signaling, trans-synaptic signaling, anterograde trans-synaptic signaling	1.3742923369020499	1.0327648051994642	1.8287604474504966	1.8180909614919767	4.983787140809074e-20	0.34769402686758005	True	True						False	False	True	NPAS1
378	ENSG00000133265	1	frontal_cortex_ba9	M008	4.983787140809074e-20	1.8180909614919767	1.8180909614919767	1	1	0	0	abundance_only	0.002581674269065844	0.058921546765386044	frontal_cortex_ba9	M008	synaptic signaling, trans-synaptic signaling, anterograde trans-synaptic signaling	1.3742923369020499	1.0327648051994642	1.8287604474504966	1.8180909614919767	4.983787140809074e-20	0.34769402686758005	True	True						False	False	True	HSPBP1
379	ENSG00000115073	1	frontal_cortex_ba9	M008	4.983787140809074e-20	1.8180909614919767	1.8180909614919767	1	1	0	0	abundance_only	0.002581674269065844	0.049050014246853284	frontal_cortex_ba9	M008	synaptic signaling, trans-synaptic signaling, anterograde trans-synaptic signaling	1.3742923369020499	1.0327648051994642	1.8287604474504966	1.8180909614919767	4.983787140809074e-20	0.34769402686758005	True	True						False	False	True	ACTR1B
380	ENSG00000173868	1	frontal_cortex_ba9	M008	4.983787140809074e-20	1.8180909614919767	1.8180909614919767	1	1	0	0	abundance_only	0.002581674269065844	0.0483866215885111	frontal_cortex_ba9	M008	synaptic signaling, trans-synaptic signaling, anterograde trans-synaptic signaling	1.3742923369020499	1.0327648051994642	1.8287604474504966	1.8180909614919767	4.983787140809074e-20	0.34769402686758005	True	True						False	False	True	PHOSPHO1
381	ENSG00000160539	1	frontal_cortex_ba9	M008	4.983787140809074e-20	1.8180909614919767	1.8180909614919767	1	1	0	0	abundance_only	0.002581674269065844	0.04437980757623281	frontal_cortex_ba9	M008	synaptic signaling, trans-synaptic signaling, anterograde trans-synaptic signaling	1.3742923369020499	1.0327648051994642	1.8287604474504966	1.8180909614919767	4.983787140809074e-20	0.34769402686758005	True	True						False	False	True	PLPP7
382	ENSG00000136280	1	frontal_cortex_ba9	M008	4.983787140809074e-20	1.8180909614919767	1.8180909614919767	1	1	0	0	abundance_only	0.002581674269065844	0.03982144047790856	frontal_cortex_ba9	M008	synaptic signaling, trans-synaptic signaling, anterograde trans-synaptic signaling	1.3742923369020499	1.0327648051994642	1.8287604474504966	1.8180909614919767	4.983787140809074e-20	0.34769402686758005	True	True						False	False	True	CCM2
383	ENSG00000183248	1	frontal_cortex_ba9	M008	4.983787140809074e-20	1.8180909614919767	1.8180909614919767	1	1	0	0	abundance_only	0.002581674269065844	0.03761851948029476	frontal_cortex_ba9	M008	synaptic signaling, trans-synaptic signaling, anterograde trans-synaptic signaling	1.3742923369020499	1.0327648051994642	1.8287604474504966	1.8180909614919767	4.983787140809074e-20	0.34769402686758005	True	True						False	False	True	PRR36
384	ENSG00000236279	1	frontal_cortex_ba9	M008	4.983787140809074e-20	1.8180909614919767	1.8180909614919767	1	1	0	0	abundance_only	0.002581674269065844	0.03122553583856716	frontal_cortex_ba9	M008	synaptic signaling, trans-synaptic signaling, anterograde trans-synaptic signaling	1.3742923369020499	1.0327648051994642	1.8287604474504966	1.8180909614919767	4.983787140809074e-20	0.34769402686758005	True	True						False	False	True	CLEC2L
385	ENSG00000127220	1	frontal_cortex_ba9	M008	4.983787140809074e-20	1.8180909614919767	1.8180909614919767	1	1	0	0	abundance_only	0.002581674269065844	0.028802165336025823	frontal_cortex_ba9	M008	synaptic signaling, trans-synaptic signaling, anterograde trans-synaptic signaling	1.3742923369020499	1.0327648051994642	1.8287604474504966	1.8180909614919767	4.983787140809074e-20	0.34769402686758005	True	True						False	False	True	ABHD8
386	ENSG00000185133	1	frontal_cortex_ba9	M008	4.983787140809074e-20	1.8180909614919767	1.8180909614919767	1	1	0	0	abundance_only	0.002581674269065844	0.028095419929160405	frontal_cortex_ba9	M008	synaptic signaling, trans-synaptic signaling, anterograde trans-synaptic signaling	1.3742923369020499	1.0327648051994642	1.8287604474504966	1.8180909614919767	4.983787140809074e-20	0.34769402686758005	True	True						False	False	True	INPP5J
387	ENSG00000116254	1	frontal_cortex_ba9	M008	4.983787140809074e-20	1.8180909614919767	1.8180909614919767	1	1	0	0	abundance_only	0.002581674269065844	0.025522902036821896	frontal_cortex_ba9	M008	synaptic signaling, trans-synaptic signaling, anterograde trans-synaptic signaling	1.3742923369020499	1.0327648051994642	1.8287604474504966	1.8180909614919767	4.983787140809074e-20	0.34769402686758005	True	True						False	False	True	CHD5
388	ENSG00000171798	1	frontal_cortex_ba9	M008	4.983787140809074e-20	1.8180909614919767	1.8180909614919767	1	1	0	0	abundance_only	0.002581674269065844	0.023138315569196162	frontal_cortex_ba9	M008	synaptic signaling, trans-synaptic signaling, anterograde trans-synaptic signaling	1.3742923369020499	1.0327648051994642	1.8287604474504966	1.8180909614919767	4.983787140809074e-20	0.34769402686758005	True	True						False	False	True	KNDC1
389	ENSG00000010438	1	frontal_cortex_ba9	M008	4.983787140809074e-20	1.8180909614919767	1.8180909614919767	1	1	0	0	abundance_only	0.002581674269065844	0.01625553576893461	frontal_cortex_ba9	M008	synaptic signaling, trans-synaptic signaling, anterograde trans-synaptic signaling	1.3742923369020499	1.0327648051994642	1.8287604474504966	1.8180909614919767	4.983787140809074e-20	0.34769402686758005	True	True						False	False	True	PRSS3
390	ENSG00000125967	1	frontal_cortex_ba9	M008	4.983787140809074e-20	1.8180909614919767	1.8180909614919767	1	1	0	0	abundance_only	0.002581674269065844	0.014770254906176172	frontal_cortex_ba9	M008	synaptic signaling, trans-synaptic signaling, anterograde trans-synaptic signaling	1.3742923369020499	1.0327648051994642	1.8287604474504966	1.8180909614919767	4.983787140809074e-20	0.34769402686758005	True	True						False	False	True	NECAB3
391	ENSG00000164082	1	frontal_cortex_ba9	M008	4.983787140809074e-20	1.8180909614919767	1.8180909614919767	1	1	0	0	abundance_only	0.002581674269065844	0.013471429182625491	frontal_cortex_ba9	M008	synaptic signaling, trans-synaptic signaling, anterograde trans-synaptic signaling	1.3742923369020499	1.0327648051994642	1.8287604474504966	1.8180909614919767	4.983787140809074e-20	0.34769402686758005	True	True						False	False	True	GRM2
392	ENSG00000132821	1	frontal_cortex_ba9	M008	4.983787140809074e-20	1.8180909614919767	1.8180909614919767	1	1	0	0	abundance_only	0.002581674269065844	0.01162577299713568	frontal_cortex_ba9	M008	synaptic signaling, trans-synaptic signaling, anterograde trans-synaptic signaling	1.3742923369020499	1.0327648051994642	1.8287604474504966	1.8180909614919767	4.983787140809074e-20	0.34769402686758005	True	True						False	False	True	VSTM2L
393	ENSG00000130590	1	frontal_cortex_ba9	M008	4.983787140809074e-20	1.8180909614919767	1.8180909614919767	1	1	0	0	abundance_only	0.002581674269065844	0.00946157306238742	frontal_cortex_ba9	M008	synaptic signaling, trans-synaptic signaling, anterograde trans-synaptic signaling	1.3742923369020499	1.0327648051994642	1.8287604474504966	1.8180909614919767	4.983787140809074e-20	0.34769402686758005	True	True						False	False	True	SAMD10
394	ENSG00000167702	1	frontal_cortex_ba9	M008	4.983787140809074e-20	1.8180909614919767	1.8180909614919767	1	1	0	0	abundance_only	0.002581674269065844	0.001331548669347994	frontal_cortex_ba9	M008	synaptic signaling, trans-synaptic signaling, anterograde trans-synaptic signaling	1.3742923369020499	1.0327648051994642	1.8287604474504966	1.8180909614919767	4.983787140809074e-20	0.34769402686758005	True	True						False	False	True	KIFC2
395	ENSG00000099814	3	anterior_cingulate_cortex_ba24,cortex,frontal_cortex_ba9	M021,M023,M031	3.429323374200188e-05	1.894467601364153	1.862147391253339	2	3	1	2	abundance_only,discordant	0.0002513355015679757	0.25555882615536135	cortex	M021		1.845452805897668	0.9635701833976416	3.5344556291548606	1.8896268566598236	0.0010818158728849343	0.4669126607171738	True	False						False	False	True	CEP170B
396	ENSG00000089693	2	cortex,frontal_cortex_ba9	M005,M021	5.2985836709636906e-11	1.8896268566598236	1.671875139561011	1	2	1	2	discordant	0.000905492123843912	0.6832480226174635	cortex	M021		1.845452805897668	0.9635701833976416	3.5344556291548606	1.8896268566598236	0.0010818158728849343	0.4669126607171738	True	False						False	False	True	MLF2
397	ENSG00000105568	2	cortex,frontal_cortex_ba9	M005,M021	5.2985836709636906e-11	1.8896268566598236	1.671875139561011	1	2	1	2	discordant	0.000905492123843912	0.6665783165586843	cortex	M021		1.845452805897668	0.9635701833976416	3.5344556291548606	1.8896268566598236	0.0010818158728849343	0.4669126607171738	True	False						False	False	True	PPP2R1A
398	ENSG00000072958	2	cortex,frontal_cortex_ba9	M005,M021	5.2985836709636906e-11	1.8896268566598236	1.671875139561011	1	2	1	2	discordant	0.000905492123843912	0.5492187496683454	cortex	M021		1.845452805897668	0.9635701833976416	3.5344556291548606	1.8896268566598236	0.0010818158728849343	0.4669126607171738	True	False						False	False	True	AP1M1
399	ENSG00000117448	2	cerebellar_hemisphere,cortex	M001,M021	1.9831965965119372e-05	1.8896268566598236	1.5712059767347295	1	1	1	2	coupled,discordant	0.000905492123843912	0.5662035048171656	cortex	M021		1.845452805897668	0.9635701833976416	3.5344556291548606	1.8896268566598236	0.0010818158728849343	0.4669126607171738	True	False						False	False	True	AKR1A1
400	ENSG00000141576	2	cortex,frontal_cortex_ba9	M021,M023	3.429323374200188e-05	1.8896268566598236	1.845987286197932	1	2	1	2	discordant	0.0002513355015679757	0.7499368585495175	cortex	M021		1.845452805897668	0.9635701833976416	3.5344556291548606	1.8896268566598236	0.0010818158728849343	0.4669126607171738	True	False						False	False	True	RNF157
401	ENSG00000038358	2	cortex,frontal_cortex_ba9	M019,M021	0.0010818158728849343	1.8896268566598236	1.6435697735075767	1	2	2	2	discordant	0.000905492123843912	0.6394367814822952	cortex	M021		1.845452805897668	0.9635701833976416	3.5344556291548606	1.8896268566598236	0.0010818158728849343	0.4669126607171738	True	False						False	False	True	EDC4
402	ENSG00000131697	2	anterior_cingulate_cortex_ba24,cortex	M001,M021	0.0010818158728849343	1.8896268566598236	1.5379102035997514	1	2	1	1	discordant,inactive	0.000905492123843912	0.63738711354012	cortex	M021		1.845452805897668	0.9635701833976416	3.5344556291548606	1.8896268566598236	0.0010818158728849343	0.4669126607171738	True	False						False	False	True	NPHP4
403	ENSG00000137288	2	caudate_basal_ganglia,cortex	M005,M021	0.0010818158728849343	1.8896268566598236	1.5466116301281136	1	1	1	2	coupled,discordant	0.000905492123843912	0.3990382466473053	cortex	M021		1.845452805897668	0.9635701833976416	3.5344556291548606	1.8896268566598236	0.0010818158728849343	0.4669126607171738	True	False						False	False	True	UQCC2
404	ENSG00000166780	1	cortex	M021	0.0010818158728849343	1.8896268566598236	1.8896268566598236	0	1	1	1	discordant	0.000905492123843912	0.8054541940798083	cortex	M021		1.845452805897668	0.9635701833976416	3.5344556291548606	1.8896268566598236	0.0010818158728849343	0.4669126607171738	True	False						False	False	True	BMERB1
405	ENSG00000101940	1	cortex	M021	0.0010818158728849343	1.8896268566598236	1.8896268566598236	0	1	1	1	discordant	0.000905492123843912	0.7920321440759942	cortex	M021		1.845452805897668	0.9635701833976416	3.5344556291548606	1.8896268566598236	0.0010818158728849343	0.4669126607171738	True	False						False	False	True	WDR13
406	ENSG00000166685	1	cortex	M021	0.0010818158728849343	1.8896268566598236	1.8896268566598236	0	1	1	1	discordant	0.000905492123843912	0.7851119680758238	cortex	M021		1.845452805897668	0.9635701833976416	3.5344556291548606	1.8896268566598236	0.0010818158728849343	0.4669126607171738	True	False						False	False	True	COG1
407	ENSG00000111676	1	cortex	M021	0.0010818158728849343	1.8896268566598236	1.8896268566598236	0	1	1	1	discordant	0.000905492123843912	0.7294912331703475	cortex	M021		1.845452805897668	0.9635701833976416	3.5344556291548606	1.8896268566598236	0.0010818158728849343	0.4669126607171738	True	False						False	False	True	ATN1
408	ENSG00000117419	1	cortex	M021	0.0010818158728849343	1.8896268566598236	1.8896268566598236	0	1	1	1	discordant	0.000905492123843912	0.7027410585187988	cortex	M021		1.845452805897668	0.9635701833976416	3.5344556291548606	1.8896268566598236	0.0010818158728849343	0.4669126607171738	True	False						False	False	True	ERI3
409	ENSG00000006025	1	cortex	M021	0.0010818158728849343	1.8896268566598236	1.8896268566598236	0	1	1	1	discordant	0.000905492123843912	0.6866058774332628	cortex	M021		1.845452805897668	0.9635701833976416	3.5344556291548606	1.8896268566598236	0.0010818158728849343	0.4669126607171738	True	False						False	False	True	OSBPL7
410	ENSG00000005961	1	cortex	M021	0.0010818158728849343	1.8896268566598236	1.8896268566598236	0	1	1	1	discordant	0.000905492123843912	0.6817819147098948	cortex	M021		1.845452805897668	0.9635701833976416	3.5344556291548606	1.8896268566598236	0.0010818158728849343	0.4669126607171738	True	False						False	False	True	ITGA2B
411	ENSG00000125912	1	cortex	M021	0.0010818158728849343	1.8896268566598236	1.8896268566598236	0	1	1	1	discordant	0.000905492123843912	0.6543565454128557	cortex	M021		1.845452805897668	0.9635701833976416	3.5344556291548606	1.8896268566598236	0.0010818158728849343	0.4669126607171738	True	False						False	False	True	NCLN
412	ENSG00000084444	1	cortex	M021	0.0010818158728849343	1.8896268566598236	1.8896268566598236	0	1	1	1	discordant	0.000905492123843912	0.6343285971801618	cortex	M021		1.845452805897668	0.9635701833976416	3.5344556291548606	1.8896268566598236	0.0010818158728849343	0.4669126607171738	True	False						False	False	True	FAM234B
413	ENSG00000174444	1	cortex	M021	0.0010818158728849343	1.8896268566598236	1.8896268566598236	0	1	1	1	discordant	0.000905492123843912	0.6206395948822865	cortex	M021		1.845452805897668	0.9635701833976416	3.5344556291548606	1.8896268566598236	0.0010818158728849343	0.4669126607171738	True	False						False	False	True	RPL4
414	ENSG00000213619	1	cortex	M021	0.0010818158728849343	1.8896268566598236	1.8896268566598236	0	1	1	1	discordant	0.000905492123843912	0.5987682944228873	cortex	M021		1.845452805897668	0.9635701833976416	3.5344556291548606	1.8896268566598236	0.0010818158728849343	0.4669126607171738	True	False						False	False	True	NDUFS3
415	ENSG00000141504	1	cortex	M021	0.0010818158728849343	1.8896268566598236	1.8896268566598236	0	1	1	1	discordant	0.000905492123843912	0.5883730664413971	cortex	M021		1.845452805897668	0.9635701833976416	3.5344556291548606	1.8896268566598236	0.0010818158728849343	0.4669126607171738	True	False						False	False	True	SAT2
416	ENSG00000170502	1	cortex	M021	0.0010818158728849343	1.8896268566598236	1.8896268566598236	0	1	1	1	discordant	0.000905492123843912	0.5662418385118528	cortex	M021		1.845452805897668	0.9635701833976416	3.5344556291548606	1.8896268566598236	0.0010818158728849343	0.4669126607171738	True	False						False	False	True	NUDT9
417	ENSG00000127419	1	cortex	M021	0.0010818158728849343	1.8896268566598236	1.8896268566598236	0	1	1	1	discordant	0.000905492123843912	0.5313617741500297	cortex	M021		1.845452805897668	0.9635701833976416	3.5344556291548606	1.8896268566598236	0.0010818158728849343	0.4669126607171738	True	False						False	False	True	TMEM175
418	ENSG00000138942	1	cortex	M021	0.0010818158728849343	1.8896268566598236	1.8896268566598236	0	1	1	1	discordant	0.000905492123843912	0.5253625818964709	cortex	M021		1.845452805897668	0.9635701833976416	3.5344556291548606	1.8896268566598236	0.0010818158728849343	0.4669126607171738	True	False						False	False	True	RNF185
419	ENSG00000259804	1	cortex	M021	0.0010818158728849343	1.8896268566598236	1.8896268566598236	0	1	1	1	discordant	0.000905492123843912	0.5187474115395558	cortex	M021		1.845452805897668	0.9635701833976416	3.5344556291548606	1.8896268566598236	0.0010818158728849343	0.4669126607171738	True	False						False	False	True	CTCF-DT
420	ENSG00000205560	1	cortex	M021	0.0010818158728849343	1.8896268566598236	1.8896268566598236	0	1	1	1	discordant	0.000905492123843912	0.46649058493854545	cortex	M021		1.845452805897668	0.9635701833976416	3.5344556291548606	1.8896268566598236	0.0010818158728849343	0.4669126607171738	True	False						False	False	True	CPT1B
421	ENSG00000203950	1	cortex	M021	0.0010818158728849343	1.8896268566598236	1.8896268566598236	0	1	1	1	discordant	0.000905492123843912	0.4205231287021843	cortex	M021		1.845452805897668	0.9635701833976416	3.5344556291548606	1.8896268566598236	0.0010818158728849343	0.4669126607171738	True	False						False	False	True	RTL8A
422	ENSG00000129219	1	cortex	M021	0.0010818158728849343	1.8896268566598236	1.8896268566598236	0	1	1	1	switch_only	0.000905492123843912	0.3634342656152571	cortex	M021		1.845452805897668	0.9635701833976416	3.5344556291548606	1.8896268566598236	0.0010818158728849343	0.4669126607171738	True	False						False	False	True	PLD2
423	ENSG00000162062	1	cortex	M021	0.0010818158728849343	1.8896268566598236	1.8896268566598236	0	1	1	1	discordant	0.000905492123843912	0.3409248828343965	cortex	M021		1.845452805897668	0.9635701833976416	3.5344556291548606	1.8896268566598236	0.0010818158728849343	0.4669126607171738	True	False						False	False	True	TEDC2
424	ENSG00000172780	1	cortex	M021	0.0010818158728849343	1.8896268566598236	1.8896268566598236	0	1	1	1	switch_only	0.000905492123843912	0.31837043892438377	cortex	M021		1.845452805897668	0.9635701833976416	3.5344556291548606	1.8896268566598236	0.0010818158728849343	0.4669126607171738	True	False						False	False	True	RAB43
425	ENSG00000172819	1	cortex	M021	0.0010818158728849343	1.8896268566598236	1.8896268566598236	0	1	1	1	switch_only	0.000905492123843912	0.2511318170140309	cortex	M021		1.845452805897668	0.9635701833976416	3.5344556291548606	1.8896268566598236	0.0010818158728849343	0.4669126607171738	True	False						False	False	True	RARG
426	ENSG00000203879	3	anterior_cingulate_cortex_ba24,caudate_basal_ganglia,frontal_cortex_ba9	M005,M023	5.2985836709636906e-11	1.9518757104964002	1.5365318455183339	3	2	0	3	coupled,discordant	0.0011091019599368968	0.5633557771801573	anterior_cingulate_cortex_ba24	M023	export from cell, modulation of chemical synaptic transmission, regulation of trans-synaptic signaling	1.5488543634431577	0.9209001972022585	2.6050052399218075	1.9518757104964002	2.542254395176182e-06	0.5389202307198524	True	False						False	False	True	GDI1
427	ENSG00000167642	2	anterior_cingulate_cortex_ba24,frontal_cortex_ba9	M005,M023	5.2985836709636906e-11	1.9518757104964002	1.7029995664792992	2	2	0	2	coupled	0.0011091019599368968	0.732250184963567	anterior_cingulate_cortex_ba24	M023	export from cell, modulation of chemical synaptic transmission, regulation of trans-synaptic signaling	1.5488543634431577	0.9209001972022585	2.6050052399218075	1.9518757104964002	2.542254395176182e-06	0.5389202307198524	True	False						False	False	True	SPINT2
428	ENSG00000068354	2	anterior_cingulate_cortex_ba24,frontal_cortex_ba9	M005,M023	5.2985836709636906e-11	1.9518757104964002	1.7029995664792992	2	2	0	2	coupled	0.0011091019599368968	0.6287704576705245	anterior_cingulate_cortex_ba24	M023	export from cell, modulation of chemical synaptic transmission, regulation of trans-synaptic signaling	1.5488543634431577	0.9209001972022585	2.6050052399218075	1.9518757104964002	2.542254395176182e-06	0.5389202307198524	True	False						False	False	True	TBC1D25
429	ENSG00000067221	2	anterior_cingulate_cortex_ba24,frontal_cortex_ba9	M005,M023	5.2985836709636906e-11	1.9518757104964002	1.7029995664792992	2	2	0	1	abundance_only,coupled	0.0011091019599368968	0.4036036971089685	anterior_cingulate_cortex_ba24	M023	export from cell, modulation of chemical synaptic transmission, regulation of trans-synaptic signaling	1.5488543634431577	0.9209001972022585	2.6050052399218075	1.9518757104964002	2.542254395176182e-06	0.5389202307198524	True	False						False	False	True	STOML1
430	ENSG00000105409	2	anterior_cingulate_cortex_ba24,cerebellar_hemisphere	M001,M023	2.542254395176182e-06	1.9518757104964002	1.6023304036530177	2	1	0	2	coupled	0.0011091019599368968	0.911126813925049	anterior_cingulate_cortex_ba24	M023	export from cell, modulation of chemical synaptic transmission, regulation of trans-synaptic signaling	1.5488543634431577	0.9209001972022585	2.6050052399218075	1.9518757104964002	2.542254395176182e-06	0.5389202307198524	True	False						False	False	True	ATP1A3
431	ENSG00000175931	2	anterior_cingulate_cortex_ba24,frontal_cortex_ba9	M023,M030	2.542254395176182e-06	1.9518757104964002	1.8730340033521118	2	2	1	2	coupled	0.0011091019599368968	0.7678119751171044	anterior_cingulate_cortex_ba24	M023	export from cell, modulation of chemical synaptic transmission, regulation of trans-synaptic signaling	1.5488543634431577	0.9209001972022585	2.6050052399218075	1.9518757104964002	2.542254395176182e-06	0.5389202307198524	True	False						False	False	True	UBE2O
432	ENSG00000205356	2	anterior_cingulate_cortex_ba24,frontal_cortex_ba9	M023,M030	2.542254395176182e-06	1.9518757104964002	1.8730340033521118	2	2	1	2	coupled	0.0011091019599368968	0.6655410140062861	anterior_cingulate_cortex_ba24	M023	export from cell, modulation of chemical synaptic transmission, regulation of trans-synaptic signaling	1.5488543634431577	0.9209001972022585	2.6050052399218075	1.9518757104964002	2.542254395176182e-06	0.5389202307198524	True	False						False	False	True	TECPR1
433	ENSG00000068971	2	anterior_cingulate_cortex_ba24,frontal_cortex_ba9	M023,M030	2.542254395176182e-06	1.9518757104964002	1.8730340033521118	2	2	1	2	coupled	0.0011091019599368968	0.43172432052292353	anterior_cingulate_cortex_ba24	M023	export from cell, modulation of chemical synaptic transmission, regulation of trans-synaptic signaling	1.5488543634431577	0.9209001972022585	2.6050052399218075	1.9518757104964002	2.542254395176182e-06	0.5389202307198524	True	False						False	False	True	PPP2R5B
434	ENSG00000102003	1	anterior_cingulate_cortex_ba24	M023	2.542254395176182e-06	1.9518757104964002	1.9518757104964002	1	1	0	1	discordant	0.0011091019599368968	0.8723854759408283	anterior_cingulate_cortex_ba24	M023	export from cell, modulation of chemical synaptic transmission, regulation of trans-synaptic signaling	1.5488543634431577	0.9209001972022585	2.6050052399218075	1.9518757104964002	2.542254395176182e-06	0.5389202307198524	True	False						False	False	True	SYP
435	ENSG00000111674	1	anterior_cingulate_cortex_ba24	M023	2.542254395176182e-06	1.9518757104964002	1.9518757104964002	1	1	0	1	coupled	0.0011091019599368968	0.8610427988482023	anterior_cingulate_cortex_ba24	M023	export from cell, modulation of chemical synaptic transmission, regulation of trans-synaptic signaling	1.5488543634431577	0.9209001972022585	2.6050052399218075	1.9518757104964002	2.542254395176182e-06	0.5389202307198524	True	False						False	False	True	ENO2
436	ENSG00000185274	1	anterior_cingulate_cortex_ba24	M023	2.542254395176182e-06	1.9518757104964002	1.9518757104964002	1	1	0	1	coupled	0.0011091019599368968	0.7998231756993279	anterior_cingulate_cortex_ba24	M023	export from cell, modulation of chemical synaptic transmission, regulation of trans-synaptic signaling	1.5488543634431577	0.9209001972022585	2.6050052399218075	1.9518757104964002	2.542254395176182e-06	0.5389202307198524	True	False						False	False	True	GALNT17
437	ENSG00000139182	1	anterior_cingulate_cortex_ba24	M023	2.542254395176182e-06	1.9518757104964002	1.9518757104964002	1	1	0	1	coupled	0.0011091019599368968	0.7856885821532538	anterior_cingulate_cortex_ba24	M023	export from cell, modulation of chemical synaptic transmission, regulation of trans-synaptic signaling	1.5488543634431577	0.9209001972022585	2.6050052399218075	1.9518757104964002	2.542254395176182e-06	0.5389202307198524	True	False						False	False	True	CLSTN3
438	ENSG00000198910	1	anterior_cingulate_cortex_ba24	M023	2.542254395176182e-06	1.9518757104964002	1.9518757104964002	1	1	0	1	discordant	0.0011091019599368968	0.7546189916125323	anterior_cingulate_cortex_ba24	M023	export from cell, modulation of chemical synaptic transmission, regulation of trans-synaptic signaling	1.5488543634431577	0.9209001972022585	2.6050052399218075	1.9518757104964002	2.542254395176182e-06	0.5389202307198524	True	False						False	False	True	L1CAM
439	ENSG00000067191	1	anterior_cingulate_cortex_ba24	M023	2.542254395176182e-06	1.9518757104964002	1.9518757104964002	1	1	0	1	coupled	0.0011091019599368968	0.6658282358081522	anterior_cingulate_cortex_ba24	M023	export from cell, modulation of chemical synaptic transmission, regulation of trans-synaptic signaling	1.5488543634431577	0.9209001972022585	2.6050052399218075	1.9518757104964002	2.542254395176182e-06	0.5389202307198524	True	False						False	False	True	CACNB1
440	ENSG00000141622	1	anterior_cingulate_cortex_ba24	M023	2.542254395176182e-06	1.9518757104964002	1.9518757104964002	1	1	0	1	coupled	0.0011091019599368968	0.6156760574559126	anterior_cingulate_cortex_ba24	M023	export from cell, modulation of chemical synaptic transmission, regulation of trans-synaptic signaling	1.5488543634431577	0.9209001972022585	2.6050052399218075	1.9518757104964002	2.542254395176182e-06	0.5389202307198524	True	False						False	False	True	ARK2C
441	ENSG00000108797	1	anterior_cingulate_cortex_ba24	M023	2.542254395176182e-06	1.9518757104964002	1.9518757104964002	1	1	0	1	coupled	0.0011091019599368968	0.5085876646334592	anterior_cingulate_cortex_ba24	M023	export from cell, modulation of chemical synaptic transmission, regulation of trans-synaptic signaling	1.5488543634431577	0.9209001972022585	2.6050052399218075	1.9518757104964002	2.542254395176182e-06	0.5389202307198524	True	False						False	False	True	CNTNAP1
442	ENSG00000135119	1	anterior_cingulate_cortex_ba24	M023	2.542254395176182e-06	1.9518757104964002	1.9518757104964002	1	1	0	1	coupled	0.0011091019599368968	0.47329793417181193	anterior_cingulate_cortex_ba24	M023	export from cell, modulation of chemical synaptic transmission, regulation of trans-synaptic signaling	1.5488543634431577	0.9209001972022585	2.6050052399218075	1.9518757104964002	2.542254395176182e-06	0.5389202307198524	True	False						False	False	True	RNFT2
443	ENSG00000167770	1	anterior_cingulate_cortex_ba24	M023	2.542254395176182e-06	1.9518757104964002	1.9518757104964002	1	1	0	1	coupled	0.0011091019599368968	0.47084016009379936	anterior_cingulate_cortex_ba24	M023	export from cell, modulation of chemical synaptic transmission, regulation of trans-synaptic signaling	1.5488543634431577	0.9209001972022585	2.6050052399218075	1.9518757104964002	2.542254395176182e-06	0.5389202307198524	True	False						False	False	True	OTUB1
444	ENSG00000105723	1	anterior_cingulate_cortex_ba24	M023	2.542254395176182e-06	1.9518757104964002	1.9518757104964002	1	1	0	1	coupled	0.0011091019599368968	0.47020311601206705	anterior_cingulate_cortex_ba24	M023	export from cell, modulation of chemical synaptic transmission, regulation of trans-synaptic signaling	1.5488543634431577	0.9209001972022585	2.6050052399218075	1.9518757104964002	2.542254395176182e-06	0.5389202307198524	True	False						False	False	True	GSK3A
445	ENSG00000187122	1	anterior_cingulate_cortex_ba24	M023	2.542254395176182e-06	1.9518757104964002	1.9518757104964002	1	1	0	1	coupled	0.0011091019599368968	0.3959300795795645	anterior_cingulate_cortex_ba24	M023	export from cell, modulation of chemical synaptic transmission, regulation of trans-synaptic signaling	1.5488543634431577	0.9209001972022585	2.6050052399218075	1.9518757104964002	2.542254395176182e-06	0.5389202307198524	True	False						False	False	True	SLIT1
446	ENSG00000128594	1	anterior_cingulate_cortex_ba24	M023	2.542254395176182e-06	1.9518757104964002	1.9518757104964002	1	1	0	1	coupled	0.0011091019599368968	0.3913576213205125	anterior_cingulate_cortex_ba24	M023	export from cell, modulation of chemical synaptic transmission, regulation of trans-synaptic signaling	1.5488543634431577	0.9209001972022585	2.6050052399218075	1.9518757104964002	2.542254395176182e-06	0.5389202307198524	True	False						False	False	True	LRRC4
447	ENSG00000100626	1	anterior_cingulate_cortex_ba24	M023	2.542254395176182e-06	1.9518757104964002	1.9518757104964002	1	1	0	0	abundance_only	0.0011091019599368968	0.1463465920303681	anterior_cingulate_cortex_ba24	M023	export from cell, modulation of chemical synaptic transmission, regulation of trans-synaptic signaling	1.5488543634431577	0.9209001972022585	2.6050052399218075	1.9518757104964002	2.542254395176182e-06	0.5389202307198524	True	False						False	False	True	GALNT16
448	ENSG00000137726	1	anterior_cingulate_cortex_ba24	M023	2.542254395176182e-06	1.9518757104964002	1.9518757104964002	1	1	0	0	abundance_only	0.0011091019599368968	0.005371764345159498	anterior_cingulate_cortex_ba24	M023	export from cell, modulation of chemical synaptic transmission, regulation of trans-synaptic signaling	1.5488543634431577	0.9209001972022585	2.6050052399218075	1.9518757104964002	2.542254395176182e-06	0.5389202307198524	True	False						False	False	True	FXYD6
449	ENSG00000108528	4	anterior_cingulate_cortex_ba24,cerebellar_hemisphere,cortex,frontal_cortex_ba9	M001,M013,M016,M028	1.9831965965119372e-05	1.9675739644970416	1.5520442348004382	4	3	2	4	coupled	0.000905492123843912	0.8417021277828595	frontal_cortex_ba9	M016	protein folding	1.3345004793012947	0.920524084278774	1.934649575899695	1.4854514140681654	0.0018173842294929281	0.5910402378258965	True	False						False	False	True	SLC25A11
450	ENSG00000179632	4	anterior_cingulate_cortex_ba24,cerebellar_hemisphere,cortex,frontal_cortex_ba9	M001,M013,M016,M028	1.9831965965119372e-05	1.9675739644970416	1.5520442348004382	4	3	2	4	coupled,discordant	0.000905492123843912	0.7021996823044333	frontal_cortex_ba9	M016	protein folding	1.3345004793012947	0.920524084278774	1.934649575899695	1.4854514140681654	0.0018173842294929281	0.5910402378258965	True	False						False	False	True	MAF1
451	ENSG00000089486	3	anterior_cingulate_cortex_ba24,cerebellar_hemisphere,frontal_cortex_ba9	M001,M013,M016	1.9831965965119372e-05	1.50236646382691	1.4135343249015702	3	2	1	3	coupled	0.001205372639663439	0.8579924035795493	frontal_cortex_ba9	M016	protein folding	1.3345004793012947	0.920524084278774	1.934649575899695	1.4854514140681654	0.0018173842294929281	0.5910402378258965	True	False	SCZ	sQTL	0.028131907132353	splicing-led (IsoGraph-resolved switch)	splicing-led	True	True	True	CDIP1
452	ENSG00000166173	3	anterior_cingulate_cortex_ba24,cerebellar_hemisphere,frontal_cortex_ba9	M001,M013,M016	1.9831965965119372e-05	1.50236646382691	1.4135343249015702	3	2	1	3	coupled	0.001205372639663439	0.7504885653920444	frontal_cortex_ba9	M016	protein folding	1.3345004793012947	0.920524084278774	1.934649575899695	1.4854514140681654	0.0018173842294929281	0.5910402378258965	True	False						False	False	True	LARP6
453	ENSG00000160948	3	anterior_cingulate_cortex_ba24,cerebellar_hemisphere,frontal_cortex_ba9	M001,M013,M016	1.9831965965119372e-05	1.50236646382691	1.4135343249015702	3	2	1	3	coupled	0.001205372639663439	0.6883583011375777	frontal_cortex_ba9	M016	protein folding	1.3345004793012947	0.920524084278774	1.934649575899695	1.4854514140681654	0.0018173842294929281	0.5910402378258965	True	False						False	False	True	VPS28
454	ENSG00000115207	3	anterior_cingulate_cortex_ba24,cerebellar_hemisphere,frontal_cortex_ba9	M001,M013,M016	1.9831965965119372e-05	1.50236646382691	1.4135343249015702	3	2	1	2	abundance_only,coupled	0.001205372639663439	0.6058446547984149	frontal_cortex_ba9	M016	protein folding	1.3345004793012947	0.920524084278774	1.934649575899695	1.4854514140681654	0.0018173842294929281	0.5910402378258965	True	False						False	False	True	GTF3C2
455	ENSG00000105662	3	anterior_cingulate_cortex_ba24,cerebellar_hemisphere,frontal_cortex_ba9	M001,M013,M016	1.9831965965119372e-05	1.50236646382691	1.4135343249015702	3	2	1	3	coupled,discordant	0.001205372639663439	0.5360008467365511	frontal_cortex_ba9	M016	protein folding	1.3345004793012947	0.920524084278774	1.934649575899695	1.4854514140681654	0.0018173842294929281	0.5910402378258965	True	False						False	False	True	CRTC1
456	ENSG00000161714	3	anterior_cingulate_cortex_ba24,cerebellar_hemisphere,frontal_cortex_ba9	M013,M016	0.0009172656306713378	1.631934306569343	1.539917394821473	2	2	1	3	discordant,switch_only	0.001205372639663439	0.635114952594229	frontal_cortex_ba9	M016	protein folding	1.3345004793012947	0.920524084278774	1.934649575899695	1.4854514140681654	0.0018173842294929281	0.5910402378258965	True	False						False	False	True	PLCD3
457	ENSG00000067225	2	cerebellar_hemisphere,frontal_cortex_ba9	M001,M016	1.9831965965119372e-05	1.4854514140681654	1.3691182554389003	2	1	0	2	coupled	0.001205372639663439	0.9003744899844822	frontal_cortex_ba9	M016	protein folding	1.3345004793012947	0.920524084278774	1.934649575899695	1.4854514140681654	0.0018173842294929281	0.5910402378258965	True	False						False	False	True	PKM
458	ENSG00000117751	2	cerebellar_hemisphere,frontal_cortex_ba9	M001,M016	1.9831965965119372e-05	1.4854514140681654	1.3691182554389003	2	1	0	2	coupled	0.001205372639663439	0.8804946922303561	frontal_cortex_ba9	M016	protein folding	1.3345004793012947	0.920524084278774	1.934649575899695	1.4854514140681654	0.0018173842294929281	0.5910402378258965	True	False						False	False	True	PPP1R8
459	ENSG00000136819	2	cerebellar_hemisphere,frontal_cortex_ba9	M001,M016	1.9831965965119372e-05	1.4854514140681654	1.3691182554389003	2	1	0	2	coupled	0.001205372639663439	0.8426352458869375	frontal_cortex_ba9	M016	protein folding	1.3345004793012947	0.920524084278774	1.934649575899695	1.4854514140681654	0.0018173842294929281	0.5910402378258965	True	False						False	False	True	C9orf78
460	ENSG00000127837	2	cerebellar_hemisphere,frontal_cortex_ba9	M001,M016	1.9831965965119372e-05	1.4854514140681654	1.3691182554389003	2	1	0	2	coupled	0.001205372639663439	0.8418360474731029	frontal_cortex_ba9	M016	protein folding	1.3345004793012947	0.920524084278774	1.934649575899695	1.4854514140681654	0.0018173842294929281	0.5910402378258965	True	False						False	False	True	AAMP
461	ENSG00000152556	2	cerebellar_hemisphere,frontal_cortex_ba9	M001,M016	1.9831965965119372e-05	1.4854514140681654	1.3691182554389003	2	1	0	2	coupled	0.001205372639663439	0.8333138275286153	frontal_cortex_ba9	M016	protein folding	1.3345004793012947	0.920524084278774	1.934649575899695	1.4854514140681654	0.0018173842294929281	0.5910402378258965	True	False						False	False	True	PFKM
462	ENSG00000120885	2	cerebellar_hemisphere,frontal_cortex_ba9	M001,M016	1.9831965965119372e-05	1.4854514140681654	1.3691182554389003	2	1	0	2	switch_only	0.001205372639663439	0.8327648966104259	frontal_cortex_ba9	M016	protein folding	1.3345004793012947	0.920524084278774	1.934649575899695	1.4854514140681654	0.0018173842294929281	0.5910402378258965	True	False						False	False	True	CLU
463	ENSG00000150753	2	cerebellar_hemisphere,frontal_cortex_ba9	M001,M016	1.9831965965119372e-05	1.4854514140681654	1.3691182554389003	2	1	0	2	coupled	0.001205372639663439	0.7864392878315575	frontal_cortex_ba9	M016	protein folding	1.3345004793012947	0.920524084278774	1.934649575899695	1.4854514140681654	0.0018173842294929281	0.5910402378258965	True	False						False	False	True	CCT5
464	ENSG00000070540	2	cerebellar_hemisphere,frontal_cortex_ba9	M001,M016	1.9831965965119372e-05	1.4854514140681654	1.3691182554389003	2	1	0	2	coupled,discordant	0.001205372639663439	0.7815534136351727	frontal_cortex_ba9	M016	protein folding	1.3345004793012947	0.920524084278774	1.934649575899695	1.4854514140681654	0.0018173842294929281	0.5910402378258965	True	False						False	False	True	WIPI1
465	ENSG00000161011	2	cerebellar_hemisphere,frontal_cortex_ba9	M001,M016	1.9831965965119372e-05	1.4854514140681654	1.3691182554389003	2	1	0	2	coupled	0.001205372639663439	0.7806557986001798	frontal_cortex_ba9	M016	protein folding	1.3345004793012947	0.920524084278774	1.934649575899695	1.4854514140681654	0.0018173842294929281	0.5910402378258965	True	False						False	False	True	SQSTM1
466	ENSG00000105676	2	cerebellar_hemisphere,frontal_cortex_ba9	M001,M016	1.9831965965119372e-05	1.4854514140681654	1.3691182554389003	2	1	0	2	coupled,discordant	0.001205372639663439	0.755060330376659	frontal_cortex_ba9	M016	protein folding	1.3345004793012947	0.920524084278774	1.934649575899695	1.4854514140681654	0.0018173842294929281	0.5910402378258965	True	False						False	False	True	ARMC6
467	ENSG00000114446	2	cerebellar_hemisphere,frontal_cortex_ba9	M001,M016	1.9831965965119372e-05	1.4854514140681654	1.3691182554389003	2	1	0	2	coupled	0.001205372639663439	0.745104692446132	frontal_cortex_ba9	M016	protein folding	1.3345004793012947	0.920524084278774	1.934649575899695	1.4854514140681654	0.0018173842294929281	0.5910402378258965	True	False						False	False	True	IFT57
468	ENSG00000143294	2	cerebellar_hemisphere,frontal_cortex_ba9	M001,M016	1.9831965965119372e-05	1.4854514140681654	1.3691182554389003	2	1	0	2	coupled	0.001205372639663439	0.7315193478799916	frontal_cortex_ba9	M016	protein folding	1.3345004793012947	0.920524084278774	1.934649575899695	1.4854514140681654	0.0018173842294929281	0.5910402378258965	True	False						False	False	True	PRCC
469	ENSG00000149476	2	cerebellar_hemisphere,frontal_cortex_ba9	M001,M016	1.9831965965119372e-05	1.4854514140681654	1.3691182554389003	2	1	0	2	coupled	0.001205372639663439	0.7297698823652821	frontal_cortex_ba9	M016	protein folding	1.3345004793012947	0.920524084278774	1.934649575899695	1.4854514140681654	0.0018173842294929281	0.5910402378258965	True	False						False	False	True	TKFC
470	ENSG00000118363	2	cerebellar_hemisphere,frontal_cortex_ba9	M001,M016	1.9831965965119372e-05	1.4854514140681654	1.3691182554389003	2	1	0	2	discordant	0.001205372639663439	0.6329861880448195	frontal_cortex_ba9	M016	protein folding	1.3345004793012947	0.920524084278774	1.934649575899695	1.4854514140681654	0.0018173842294929281	0.5910402378258965	True	False						False	False	True	SPCS2
471	ENSG00000178028	2	cerebellar_hemisphere,frontal_cortex_ba9	M001,M016	1.9831965965119372e-05	1.4854514140681654	1.3691182554389003	2	1	0	2	coupled	0.001205372639663439	0.6008908901568725	frontal_cortex_ba9	M016	protein folding	1.3345004793012947	0.920524084278774	1.934649575899695	1.4854514140681654	0.0018173842294929281	0.5910402378258965	True	False						False	False	True	DMAP1
472	ENSG00000051596	2	cerebellar_hemisphere,frontal_cortex_ba9	M001,M016	1.9831965965119372e-05	1.4854514140681654	1.3691182554389003	2	1	0	2	coupled	0.001205372639663439	0.5508139080599699	frontal_cortex_ba9	M016	protein folding	1.3345004793012947	0.920524084278774	1.934649575899695	1.4854514140681654	0.0018173842294929281	0.5910402378258965	True	False						False	False	True	THOC3
473	ENSG00000167671	2	anterior_cingulate_cortex_ba24,frontal_cortex_ba9	M013,M016	0.0009172656306713378	1.50236646382691	1.4939089389475377	2	2	1	2	coupled	0.001205372639663439	0.6350381912200914	frontal_cortex_ba9	M016	protein folding	1.3345004793012947	0.920524084278774	1.934649575899695	1.4854514140681654	0.0018173842294929281	0.5910402378258965	True	False						False	False	True	UBXN6
474	ENSG00000049541	2	anterior_cingulate_cortex_ba24,frontal_cortex_ba9	M013,M016	0.0009172656306713378	1.50236646382691	1.4939089389475377	2	2	1	2	coupled	0.001205372639663439	0.6104518383558274	frontal_cortex_ba9	M016	protein folding	1.3345004793012947	0.920524084278774	1.934649575899695	1.4854514140681654	0.0018173842294929281	0.5910402378258965	True	False						False	False	True	RFC2
475	ENSG00000160209	2	caudate_basal_ganglia,frontal_cortex_ba9	M005,M016	0.0018173842294929281	1.4854514140681654	1.3445239088322847	2	1	0	2	discordant	0.001205372639663439	0.5626724684558493	frontal_cortex_ba9	M016	protein folding	1.3345004793012947	0.920524084278774	1.934649575899695	1.4854514140681654	0.0018173842294929281	0.5910402378258965	True	False						False	False	True	PDXK
476	ENSG00000176058	2	caudate_basal_ganglia,frontal_cortex_ba9	M005,M016	0.0018173842294929281	1.4854514140681654	1.3445239088322847	2	1	0	1	abundance_only,discordant	0.001205372639663439	0.47358560296654834	frontal_cortex_ba9	M016	protein folding	1.3345004793012947	0.920524084278774	1.934649575899695	1.4854514140681654	0.0018173842294929281	0.5910402378258965	True	False						False	False	True	TPRN
477	ENSG00000111639	2	anterior_cingulate_cortex_ba24,frontal_cortex_ba9	M011,M016	0.0018173842294929281	1.4854514140681654	1.4518354550446926	2	2	0	1	abundance_only,discordant	0.001205372639663439	0.23720439439052618	frontal_cortex_ba9	M016	protein folding	1.3345004793012947	0.920524084278774	1.934649575899695	1.4854514140681654	0.0018173842294929281	0.5910402378258965	True	False						False	False	True	MRPL51
478	ENSG00000077235	1	frontal_cortex_ba9	M016	0.0018173842294929281	1.4854514140681654	1.4854514140681654	1	1	0	1	coupled	0.001205372639663439	0.7817898279445045	frontal_cortex_ba9	M016	protein folding	1.3345004793012947	0.920524084278774	1.934649575899695	1.4854514140681654	0.0018173842294929281	0.5910402378258965	True	False						False	False	True	GTF3C1
479	ENSG00000213923	1	frontal_cortex_ba9	M016	0.0018173842294929281	1.4854514140681654	1.4854514140681654	1	1	0	1	coupled	0.001205372639663439	0.762709877774316	frontal_cortex_ba9	M016	protein folding	1.3345004793012947	0.920524084278774	1.934649575899695	1.4854514140681654	0.0018173842294929281	0.5910402378258965	True	False						False	False	True	CSNK1E
480	ENSG00000125149	1	frontal_cortex_ba9	M016	0.0018173842294929281	1.4854514140681654	1.4854514140681654	1	1	0	1	coupled	0.001205372639663439	0.7445371264354055	frontal_cortex_ba9	M016	protein folding	1.3345004793012947	0.920524084278774	1.934649575899695	1.4854514140681654	0.0018173842294929281	0.5910402378258965	True	False						False	False	True	PHAF1
481	ENSG00000196642	1	frontal_cortex_ba9	M016	0.0018173842294929281	1.4854514140681654	1.4854514140681654	1	1	0	1	coupled	0.001205372639663439	0.6910896267437678	frontal_cortex_ba9	M016	protein folding	1.3345004793012947	0.920524084278774	1.934649575899695	1.4854514140681654	0.0018173842294929281	0.5910402378258965	True	False						False	False	True	RABL6
482	ENSG00000268350	1	frontal_cortex_ba9	M016	0.0018173842294929281	1.4854514140681654	1.4854514140681654	1	1	0	1	coupled	0.001205372639663439	0.6461466138204089	frontal_cortex_ba9	M016	protein folding	1.3345004793012947	0.920524084278774	1.934649575899695	1.4854514140681654	0.0018173842294929281	0.5910402378258965	True	False						False	False	True	FAM156A
483	ENSG00000079616	1	frontal_cortex_ba9	M016	0.0018173842294929281	1.4854514140681654	1.4854514140681654	1	1	0	1	coupled	0.001205372639663439	0.6279066961213259	frontal_cortex_ba9	M016	protein folding	1.3345004793012947	0.920524084278774	1.934649575899695	1.4854514140681654	0.0018173842294929281	0.5910402378258965	True	False						False	False	True	KIF22
484	ENSG00000196290	1	frontal_cortex_ba9	M016	0.0018173842294929281	1.4854514140681654	1.4854514140681654	1	1	0	1	coupled	0.001205372639663439	0.5827120645381856	frontal_cortex_ba9	M016	protein folding	1.3345004793012947	0.920524084278774	1.934649575899695	1.4854514140681654	0.0018173842294929281	0.5910402378258965	True	False						False	False	True	NIF3L1
485	ENSG00000185122	1	frontal_cortex_ba9	M016	0.0018173842294929281	1.4854514140681654	1.4854514140681654	1	1	0	1	discordant	0.001205372639663439	0.5751965056947879	frontal_cortex_ba9	M016	protein folding	1.3345004793012947	0.920524084278774	1.934649575899695	1.4854514140681654	0.0018173842294929281	0.5910402378258965	True	False						False	False	True	HSF1
486	ENSG00000004478	1	frontal_cortex_ba9	M016	0.0018173842294929281	1.4854514140681654	1.4854514140681654	1	1	0	1	coupled	0.001205372639663439	0.5728802710163737	frontal_cortex_ba9	M016	protein folding	1.3345004793012947	0.920524084278774	1.934649575899695	1.4854514140681654	0.0018173842294929281	0.5910402378258965	True	False						False	False	True	FKBP4
487	ENSG00000124357	1	frontal_cortex_ba9	M016	0.0018173842294929281	1.4854514140681654	1.4854514140681654	1	1	0	1	coupled	0.001205372639663439	0.5718099719414441	frontal_cortex_ba9	M016	protein folding	1.3345004793012947	0.920524084278774	1.934649575899695	1.4854514140681654	0.0018173842294929281	0.5910402378258965	True	False						False	False	True	NAGK
488	ENSG00000149260	1	frontal_cortex_ba9	M016	0.0018173842294929281	1.4854514140681654	1.4854514140681654	1	1	0	1	coupled	0.001205372639663439	0.5623223718568776	frontal_cortex_ba9	M016	protein folding	1.3345004793012947	0.920524084278774	1.934649575899695	1.4854514140681654	0.0018173842294929281	0.5910402378258965	True	False						False	False	True	CAPN5
489	ENSG00000164062	1	frontal_cortex_ba9	M016	0.0018173842294929281	1.4854514140681654	1.4854514140681654	1	1	0	1	coupled	0.001205372639663439	0.5233802011027042	frontal_cortex_ba9	M016	protein folding	1.3345004793012947	0.920524084278774	1.934649575899695	1.4854514140681654	0.0018173842294929281	0.5910402378258965	True	False						False	False	True	APEH
490	ENSG00000140319	1	frontal_cortex_ba9	M016	0.0018173842294929281	1.4854514140681654	1.4854514140681654	1	1	0	1	discordant	0.001205372639663439	0.4313755410820386	frontal_cortex_ba9	M016	protein folding	1.3345004793012947	0.920524084278774	1.934649575899695	1.4854514140681654	0.0018173842294929281	0.5910402378258965	True	False						False	False	True	SRP14
491	ENSG00000115364	1	frontal_cortex_ba9	M016	0.0018173842294929281	1.4854514140681654	1.4854514140681654	1	1	0	1	discordant	0.001205372639663439	0.428288375648222	frontal_cortex_ba9	M016	protein folding	1.3345004793012947	0.920524084278774	1.934649575899695	1.4854514140681654	0.0018173842294929281	0.5910402378258965	True	False						False	False	True	MRPL19
492	ENSG00000168439	1	frontal_cortex_ba9	M016	0.0018173842294929281	1.4854514140681654	1.4854514140681654	1	1	0	1	coupled	0.001205372639663439	0.33256205446522796	frontal_cortex_ba9	M016	protein folding	1.3345004793012947	0.920524084278774	1.934649575899695	1.4854514140681654	0.0018173842294929281	0.5910402378258965	True	False						False	False	True	STIP1
493	ENSG00000160570	1	frontal_cortex_ba9	M016	0.0018173842294929281	1.4854514140681654	1.4854514140681654	1	1	0	1	coupled	0.001205372639663439	0.27514897020454404	frontal_cortex_ba9	M016	protein folding	1.3345004793012947	0.920524084278774	1.934649575899695	1.4854514140681654	0.0018173842294929281	0.5910402378258965	True	False						False	False	True	DEDD2
494	ENSG00000112578	1	frontal_cortex_ba9	M016	0.0018173842294929281	1.4854514140681654	1.4854514140681654	1	1	0	1	discordant	0.001205372639663439	0.2676520792739051	frontal_cortex_ba9	M016	protein folding	1.3345004793012947	0.920524084278774	1.934649575899695	1.4854514140681654	0.0018173842294929281	0.5910402378258965	True	False						False	False	True	BYSL
495	ENSG00000080824	1	frontal_cortex_ba9	M016	0.0018173842294929281	1.4854514140681654	1.4854514140681654	1	1	0	0	abundance_only	0.001205372639663439	0.18774142865638085	frontal_cortex_ba9	M016	protein folding	1.3345004793012947	0.920524084278774	1.934649575899695	1.4854514140681654	0.0018173842294929281	0.5910402378258965	True	False						False	False	True	HSP90AA1
496	ENSG00000183751	1	frontal_cortex_ba9	M016	0.0018173842294929281	1.4854514140681654	1.4854514140681654	1	1	0	0	abundance_only	0.001205372639663439	0.10152744759500676	frontal_cortex_ba9	M016	protein folding	1.3345004793012947	0.920524084278774	1.934649575899695	1.4854514140681654	0.0018173842294929281	0.5910402378258965	True	False						False	False	True	TBL3
497	ENSG00000130244	1	frontal_cortex_ba9	M016	0.0018173842294929281	1.4854514140681654	1.4854514140681654	1	1	0	0	abundance_only	0.001205372639663439	0.05626991064943657	frontal_cortex_ba9	M016	protein folding	1.3345004793012947	0.920524084278774	1.934649575899695	1.4854514140681654	0.0018173842294929281	0.5910402378258965	True	False						False	False	True	FAM98C
498	ENSG00000085872	1	frontal_cortex_ba9	M016	0.0018173842294929281	1.4854514140681654	1.4854514140681654	1	1	0	0	abundance_only	0.001205372639663439	0.01686408849998626	frontal_cortex_ba9	M016	protein folding	1.3345004793012947	0.920524084278774	1.934649575899695	1.4854514140681654	0.0018173842294929281	0.5910402378258965	True	False						False	False	True	CHERP
499	ENSG00000138030	3	anterior_cingulate_cortex_ba24,caudate_basal_ganglia,frontal_cortex_ba9	M005,M013	5.2985836709636906e-11	1.50236646382691	1.3866954299618375	3	2	1	3	coupled,discordant	0.002276591476224696	0.48572687025391387	caudate_basal_ganglia	M005		1.1949823928600272	0.9106950818487466	1.5680143087482312	1.2035964035964037	0.03886005611324724	0.6680596340248015	True	False						False	False	True	KHK
500	ENSG00000103254	3	anterior_cingulate_cortex_ba24,caudate_basal_ganglia,cerebellar_hemisphere	M005,M011,M013	0.008434811039673994	1.631934306569343	1.4179167353956554	2	1	0	3	coupled,discordant	0.0021492697791065146	0.5981273734188688	caudate_basal_ganglia	M005		1.1949823928600272	0.9106950818487466	1.5680143087482312	1.2035964035964037	0.03886005611324724	0.6680596340248015	True	False						False	False	True	ANTKMT
501	ENSG00000101365	2	caudate_basal_ganglia,frontal_cortex_ba9	M005	5.2985836709636906e-11	1.4541234224621984	1.328859913029301	2	1	0	2	discordant	0.002276591476224696	0.6824908137741678	caudate_basal_ganglia	M005		1.1949823928600272	0.9106950818487466	1.5680143087482312	1.2035964035964037	0.03886005611324724	0.6680596340248015	True	False						False	False	True	IDH3B
502	ENSG00000196961	2	caudate_basal_ganglia,frontal_cortex_ba9	M005	5.2985836709636906e-11	1.4541234224621984	1.328859913029301	2	1	0	2	coupled	0.002276591476224696	0.5423134498944561	caudate_basal_ganglia	M005		1.1949823928600272	0.9106950818487466	1.5680143087482312	1.2035964035964037	0.03886005611324724	0.6680596340248015	True	False						False	False	True	AP2A1
503	ENSG00000011485	2	caudate_basal_ganglia,frontal_cortex_ba9	M005	5.2985836709636906e-11	1.4541234224621984	1.328859913029301	2	1	0	2	coupled,discordant	0.002276591476224696	0.48920781802118884	caudate_basal_ganglia	M005		1.1949823928600272	0.9106950818487466	1.5680143087482312	1.2035964035964037	0.03886005611324724	0.6680596340248015	True	False						False	False	True	PPP5C
504	ENSG00000165782	2	caudate_basal_ganglia,frontal_cortex_ba9	M005	5.2985836709636906e-11	1.4541234224621984	1.328859913029301	2	1	0	2	discordant	0.002276591476224696	0.30394581318438696	caudate_basal_ganglia	M005		1.1949823928600272	0.9106950818487466	1.5680143087482312	1.2035964035964037	0.03886005611324724	0.6680596340248015	True	False						False	False	True	PIP4P1
505	ENSG00000179832	2	caudate_basal_ganglia,frontal_cortex_ba9	M005,M030	0.00024351336442182014	1.7941922962078234	1.4988943499021135	2	1	1	2	discordant	0.005799283790306935	0.509531919271398	caudate_basal_ganglia	M005		1.1949823928600272	0.9106950818487466	1.5680143087482312	1.2035964035964037	0.03886005611324724	0.6680596340248015	True	False						False	False	True	MROH1
506	ENSG00000103245	2	caudate_basal_ganglia,frontal_cortex_ba9	M005,M030	0.00024351336442182014	1.7941922962078234	1.4988943499021135	2	1	1	2	discordant	0.005799283790306935	0.4520587516794136	caudate_basal_ganglia	M005		1.1949823928600272	0.9106950818487466	1.5680143087482312	1.2035964035964037	0.03886005611324724	0.6680596340248015	True	False						False	False	True	CIAO3
507	ENSG00000010322	2	caudate_basal_ganglia,frontal_cortex_ba9	M005,M030	0.00024351336442182014	1.7941922962078234	1.4988943499021135	2	1	1	1	abundance_only,discordant	0.005799283790306935	0.37790143960746675	caudate_basal_ganglia	M005		1.1949823928600272	0.9106950818487466	1.5680143087482312	1.2035964035964037	0.03886005611324724	0.6680596340248015	True	False						False	False	True	NISCH
508	ENSG00000178498	2	caudate_basal_ganglia,frontal_cortex_ba9	M005,M030	0.00024351336442182014	1.7941922962078234	1.4988943499021135	2	1	1	1	abundance_only,discordant	0.005799283790306935	0.32167546851343254	caudate_basal_ganglia	M005		1.1949823928600272	0.9106950818487466	1.5680143087482312	1.2035964035964037	0.03886005611324724	0.6680596340248015	True	False						False	False	True	DTX3
509	ENSG00000102543	2	anterior_cingulate_cortex_ba24,caudate_basal_ganglia	M005,M013	0.0009172656306713378	1.50236646382691	1.352981433711657	2	1	1	1	abundance_only,coupled	0.0038471224606293525	0.44585059481019	caudate_basal_ganglia	M005		1.1949823928600272	0.9106950818487466	1.5680143087482312	1.2035964035964037	0.03886005611324724	0.6680596340248015	True	False						False	False	True	CDADC1
510	ENSG00000165757	2	caudate_basal_ganglia,frontal_cortex_ba9	M004,M005	0.009457546889447692	1.2173455490900087	1.2104709763432062	2	1	0	1	abundance_only,switch_only	0.027633605419827623	0.2994303110668928	caudate_basal_ganglia	M005		1.1949823928600272	0.9106950818487466	1.5680143087482312	1.2035964035964037	0.03886005611324724	0.6680596340248015	True	False						False	False	True	JCAD
511	ENSG00000185507	2	caudate_basal_ganglia,frontal_cortex_ba9	M004,M005	0.009457546889447692	1.2173455490900087	1.2104709763432062	2	1	0	1	abundance_only,discordant	0.027633605419827623	0.2287228219673013	caudate_basal_ganglia	M005		1.1949823928600272	0.9106950818487466	1.5680143087482312	1.2035964035964037	0.03886005611324724	0.6680596340248015	True	False						False	False	True	IRF7
512	ENSG00000106397	2	caudate_basal_ganglia,frontal_cortex_ba9	M005,M019	0.03333841003371108	1.3975126903553299	1.3005545469758668	2	1	1	2	discordant	0.006042228633040225	0.8293836940250819	caudate_basal_ganglia	M005		1.1949823928600272	0.9106950818487466	1.5680143087482312	1.2035964035964037	0.03886005611324724	0.6680596340248015	True	False						False	False	True	PLOD3
513	ENSG00000166986	2	caudate_basal_ganglia,frontal_cortex_ba9	M005,M019	0.03333841003371108	1.3975126903553299	1.3005545469758668	2	1	1	2	discordant	0.006042228633040225	0.7606337042364618	caudate_basal_ganglia	M005		1.1949823928600272	0.9106950818487466	1.5680143087482312	1.2035964035964037	0.03886005611324724	0.6680596340248015	True	False						False	False	True	MARS1
514	ENSG00000127511	2	caudate_basal_ganglia,frontal_cortex_ba9	M005,M019	0.03333841003371108	1.3975126903553299	1.3005545469758668	2	1	1	2	discordant	0.006042228633040225	0.6948816386813451	caudate_basal_ganglia	M005		1.1949823928600272	0.9106950818487466	1.5680143087482312	1.2035964035964037	0.03886005611324724	0.6680596340248015	True	False						False	False	True	SIN3B
515	ENSG00000165810	2	caudate_basal_ganglia,frontal_cortex_ba9	M005,M019	0.03333841003371108	1.3975126903553299	1.3005545469758668	2	1	1	2	discordant	0.006042228633040225	0.6908230458425118	caudate_basal_ganglia	M005		1.1949823928600272	0.9106950818487466	1.5680143087482312	1.2035964035964037	0.03886005611324724	0.6680596340248015	True	False						False	False	True	BTNL9
516	ENSG00000204301	2	caudate_basal_ganglia,frontal_cortex_ba9	M005,M019	0.03333841003371108	1.3975126903553299	1.3005545469758668	2	1	1	2	discordant	0.006042228633040225	0.6216570927605536	caudate_basal_ganglia	M005		1.1949823928600272	0.9106950818487466	1.5680143087482312	1.2035964035964037	0.03886005611324724	0.6680596340248015	True	False						False	False	True	NOTCH4
517	ENSG00000148218	2	caudate_basal_ganglia,frontal_cortex_ba9	M005,M019	0.03333841003371108	1.3975126903553299	1.3005545469758668	2	1	1	2	discordant,switch_only	0.006042228633040225	0.6009630866751603	caudate_basal_ganglia	M005		1.1949823928600272	0.9106950818487466	1.5680143087482312	1.2035964035964037	0.03886005611324724	0.6680596340248015	True	False						False	False	True	ALAD
518	ENSG00000244038	2	caudate_basal_ganglia,frontal_cortex_ba9	M005,M019	0.03333841003371108	1.3975126903553299	1.3005545469758668	2	1	1	2	discordant	0.006042228633040225	0.5443706360685556	caudate_basal_ganglia	M005		1.1949823928600272	0.9106950818487466	1.5680143087482312	1.2035964035964037	0.03886005611324724	0.6680596340248015	True	False						False	False	True	DDOST
519	ENSG00000099331	2	caudate_basal_ganglia,frontal_cortex_ba9	M005,M019	0.03333841003371108	1.3975126903553299	1.3005545469758668	2	1	1	1	abundance_only,discordant	0.006042228633040225	0.49574505836409294	caudate_basal_ganglia	M005		1.1949823928600272	0.9106950818487466	1.5680143087482312	1.2035964035964037	0.03886005611324724	0.6680596340248015	True	False						False	False	True	MYO9B
520	ENSG00000066056	2	caudate_basal_ganglia,frontal_cortex_ba9	M005,M019	0.03333841003371108	1.3975126903553299	1.3005545469758668	2	1	1	2	discordant,switch_only	0.006042228633040225	0.4619863036573322	caudate_basal_ganglia	M005		1.1949823928600272	0.9106950818487466	1.5680143087482312	1.2035964035964037	0.03886005611324724	0.6680596340248015	True	False						False	False	True	TIE1
521	ENSG00000141391	2	caudate_basal_ganglia,frontal_cortex_ba9	M005,M019	0.03333841003371108	1.3975126903553299	1.3005545469758668	2	1	1	2	discordant	0.006042228633040225	0.44842785927613876	caudate_basal_ganglia	M005		1.1949823928600272	0.9106950818487466	1.5680143087482312	1.2035964035964037	0.03886005611324724	0.6680596340248015	True	False						False	False	True	PRELID3A
522	ENSG00000140829	2	anterior_cingulate_cortex_ba24,caudate_basal_ganglia	M001,M005	0.03886005611324724	1.2035964035964037	1.1948949770680417	2	1	0	2	coupled,discordant	0.001317282176918719	0.6425468838167077	caudate_basal_ganglia	M005		1.1949823928600272	0.9106950818487466	1.5680143087482312	1.2035964035964037	0.03886005611324724	0.6680596340248015	True	False						False	False	True	DHX38
523	ENSG00000196169	2	anterior_cingulate_cortex_ba24,caudate_basal_ganglia	M001,M005	0.03886005611324724	1.2035964035964037	1.1948949770680417	2	1	0	2	coupled,discordant	0.001317282176918719	0.5586063228987618	caudate_basal_ganglia	M005		1.1949823928600272	0.9106950818487466	1.5680143087482312	1.2035964035964037	0.03886005611324724	0.6680596340248015	True	False						False	False	True	KIF19
524	ENSG00000132535	3	anterior_cingulate_cortex_ba24,cerebellar_hemisphere,frontal_cortex_ba9	M001,M023,M031	1.9831965965119372e-05	1.894467601364153	1.6498668046366098	3	2	0	3	coupled	0.0002513355015679757	0.9292579182461892	frontal_cortex_ba9	M023	modulation of chemical synaptic transmission, regulation of trans-synaptic signaling, regulation of synaptic plasticity	1.4219292020129657	0.860475652774295	2.3497267459205777	1.8023477157360406	3.429323374200188e-05	0.640717984968144	True	False						False	False	True	DLG4
525	ENSG00000167680	3	cerebellar_hemisphere,cortex,frontal_cortex_ba9	M001,M023,M028	1.9831965965119372e-05	1.9675739644970416	1.6742355923475725	3	2	1	3	coupled	0.0002513355015679757	0.8205632322157902	frontal_cortex_ba9	M023	modulation of chemical synaptic transmission, regulation of trans-synaptic signaling, regulation of synaptic plasticity	1.4219292020129657	0.860475652774295	2.3497267459205777	1.8023477157360406	3.429323374200188e-05	0.640717984968144	True	False						False	False	True	SEMA6B
526	ENSG00000166924	2	cerebellar_hemisphere,frontal_cortex_ba9	M001,M023	1.9831965965119372e-05	1.8023477157360406	1.5275664062728378	2	1	0	2	coupled	0.0002513355015679757	0.8387584176584252	frontal_cortex_ba9	M023	modulation of chemical synaptic transmission, regulation of trans-synaptic signaling, regulation of synaptic plasticity	1.4219292020129657	0.860475652774295	2.3497267459205777	1.8023477157360406	3.429323374200188e-05	0.640717984968144	True	False						False	False	True	NYAP1
527	ENSG00000133243	2	cerebellar_hemisphere,frontal_cortex_ba9	M001,M023	1.9831965965119372e-05	1.8023477157360406	1.5275664062728378	2	1	0	2	discordant,switch_only	0.0002513355015679757	0.6145823699727441	frontal_cortex_ba9	M023	modulation of chemical synaptic transmission, regulation of trans-synaptic signaling, regulation of synaptic plasticity	1.4219292020129657	0.860475652774295	2.3497267459205777	1.8023477157360406	3.429323374200188e-05	0.640717984968144	True	False						False	False	True	BTBD2
528	ENSG00000106683	2	cerebellar_hemisphere,frontal_cortex_ba9	M001,M023	1.9831965965119372e-05	1.8023477157360406	1.5275664062728378	2	1	0	2	coupled	0.0002513355015679757	0.5840169603888415	frontal_cortex_ba9	M023	modulation of chemical synaptic transmission, regulation of trans-synaptic signaling, regulation of synaptic plasticity	1.4219292020129657	0.860475652774295	2.3497267459205777	1.8023477157360406	3.429323374200188e-05	0.640717984968144	True	False						False	False	True	LIMK1
529	ENSG00000160469	2	anterior_cingulate_cortex_ba24,frontal_cortex_ba9	M023,M031	3.429323374200188e-05	1.894467601364153	1.8484076585500968	2	2	0	2	discordant	0.0002513355015679757	0.8120371478853704	frontal_cortex_ba9	M023	modulation of chemical synaptic transmission, regulation of trans-synaptic signaling, regulation of synaptic plasticity	1.4219292020129657	0.860475652774295	2.3497267459205777	1.8023477157360406	3.429323374200188e-05	0.640717984968144	True	False						False	False	True	BRSK1
530	ENSG00000124507	2	anterior_cingulate_cortex_ba24,frontal_cortex_ba9	M023,M031	3.429323374200188e-05	1.894467601364153	1.8484076585500968	2	2	0	2	coupled	0.0002513355015679757	0.742822288020309	frontal_cortex_ba9	M023	modulation of chemical synaptic transmission, regulation of trans-synaptic signaling, regulation of synaptic plasticity	1.4219292020129657	0.860475652774295	2.3497267459205777	1.8023477157360406	3.429323374200188e-05	0.640717984968144	True	False						False	False	True	PACSIN1
531	ENSG00000107130	2	anterior_cingulate_cortex_ba24,frontal_cortex_ba9	M023,M031	3.429323374200188e-05	1.894467601364153	1.8484076585500968	2	2	0	2	coupled	0.0002513355015679757	0.6708141123863772	frontal_cortex_ba9	M023	modulation of chemical synaptic transmission, regulation of trans-synaptic signaling, regulation of synaptic plasticity	1.4219292020129657	0.860475652774295	2.3497267459205777	1.8023477157360406	3.429323374200188e-05	0.640717984968144	True	False						False	False	True	NCS1
532	ENSG00000163013	2	anterior_cingulate_cortex_ba24,frontal_cortex_ba9	M023,M031	3.429323374200188e-05	1.894467601364153	1.8484076585500968	2	2	0	2	coupled	0.0002513355015679757	0.6673870522803231	frontal_cortex_ba9	M023	modulation of chemical synaptic transmission, regulation of trans-synaptic signaling, regulation of synaptic plasticity	1.4219292020129657	0.860475652774295	2.3497267459205777	1.8023477157360406	3.429323374200188e-05	0.640717984968144	True	False						False	False	True	FBXO41
533	ENSG00000101098	2	anterior_cingulate_cortex_ba24,frontal_cortex_ba9	M023,M031	3.429323374200188e-05	1.894467601364153	1.8484076585500968	2	2	0	2	discordant	0.0002513355015679757	0.5908624152385923	frontal_cortex_ba9	M023	modulation of chemical synaptic transmission, regulation of trans-synaptic signaling, regulation of synaptic plasticity	1.4219292020129657	0.860475652774295	2.3497267459205777	1.8023477157360406	3.429323374200188e-05	0.640717984968144	True	False						False	False	True	RIMS4
534	ENSG00000090565	2	anterior_cingulate_cortex_ba24,frontal_cortex_ba9	M023,M031	3.429323374200188e-05	1.894467601364153	1.8484076585500968	2	2	0	2	coupled	0.0002513355015679757	0.5788913975610656	frontal_cortex_ba9	M023	modulation of chemical synaptic transmission, regulation of trans-synaptic signaling, regulation of synaptic plasticity	1.4219292020129657	0.860475652774295	2.3497267459205777	1.8023477157360406	3.429323374200188e-05	0.640717984968144	True	False						False	False	True	RAB11FIP3
535	ENSG00000087152	2	anterior_cingulate_cortex_ba24,frontal_cortex_ba9	M023,M031	3.429323374200188e-05	1.894467601364153	1.8484076585500968	2	2	0	2	coupled,discordant	0.0002513355015679757	0.5735747021964598	frontal_cortex_ba9	M023	modulation of chemical synaptic transmission, regulation of trans-synaptic signaling, regulation of synaptic plasticity	1.4219292020129657	0.860475652774295	2.3497267459205777	1.8023477157360406	3.429323374200188e-05	0.640717984968144	True	False						False	False	True	ATXN7L3
536	ENSG00000100307	2	anterior_cingulate_cortex_ba24,frontal_cortex_ba9	M023,M031	3.429323374200188e-05	1.894467601364153	1.8484076585500968	2	2	0	2	discordant	0.0002513355015679757	0.5206975305237092	frontal_cortex_ba9	M023	modulation of chemical synaptic transmission, regulation of trans-synaptic signaling, regulation of synaptic plasticity	1.4219292020129657	0.860475652774295	2.3497267459205777	1.8023477157360406	3.429323374200188e-05	0.640717984968144	True	False						False	False	True	CBX7
537	ENSG00000135439	2	anterior_cingulate_cortex_ba24,frontal_cortex_ba9	M023,M031	3.429323374200188e-05	1.894467601364153	1.8484076585500968	2	2	0	2	coupled	0.0002513355015679757	0.5045378978239081	frontal_cortex_ba9	M023	modulation of chemical synaptic transmission, regulation of trans-synaptic signaling, regulation of synaptic plasticity	1.4219292020129657	0.860475652774295	2.3497267459205777	1.8023477157360406	3.429323374200188e-05	0.640717984968144	True	False						False	False	True	AGAP2
538	ENSG00000144711	2	anterior_cingulate_cortex_ba24,frontal_cortex_ba9	M023,M031	3.429323374200188e-05	1.894467601364153	1.8484076585500968	2	2	0	1	abundance_only,discordant	0.0002513355015679757	0.4175172863481186	frontal_cortex_ba9	M023	modulation of chemical synaptic transmission, regulation of trans-synaptic signaling, regulation of synaptic plasticity	1.4219292020129657	0.860475652774295	2.3497267459205777	1.8023477157360406	3.429323374200188e-05	0.640717984968144	True	False						False	False	True	IQSEC1
539	ENSG00000108819	2	anterior_cingulate_cortex_ba24,frontal_cortex_ba9	M023,M031	3.429323374200188e-05	1.894467601364153	1.8484076585500968	2	2	0	0	abundance_only	0.0002513355015679757	0.16194378834638223	frontal_cortex_ba9	M023	modulation of chemical synaptic transmission, regulation of trans-synaptic signaling, regulation of synaptic plasticity	1.4219292020129657	0.860475652774295	2.3497267459205777	1.8023477157360406	3.429323374200188e-05	0.640717984968144	True	False						False	False	True	PPP1R9B
540	ENSG00000099364	2	anterior_cingulate_cortex_ba24,frontal_cortex_ba9	M023,M031	3.429323374200188e-05	1.894467601364153	1.8484076585500968	2	2	0	0	abundance_only	0.0002513355015679757	0.06434279343753867	frontal_cortex_ba9	M023	modulation of chemical synaptic transmission, regulation of trans-synaptic signaling, regulation of synaptic plasticity	1.4219292020129657	0.860475652774295	2.3497267459205777	1.8023477157360406	3.429323374200188e-05	0.640717984968144	True	False						False	False	True	FBXL19
541	ENSG00000178233	2	anterior_cingulate_cortex_ba24,frontal_cortex_ba9	M023,M031	3.429323374200188e-05	1.894467601364153	1.8484076585500968	2	2	0	0	abundance_only	0.0002513355015679757	0.062384504161692896	frontal_cortex_ba9	M023	modulation of chemical synaptic transmission, regulation of trans-synaptic signaling, regulation of synaptic plasticity	1.4219292020129657	0.860475652774295	2.3497267459205777	1.8023477157360406	3.429323374200188e-05	0.640717984968144	True	False						False	False	True	TMEM151B
542	ENSG00000110697	2	cerebellar_hemisphere,frontal_cortex_ba9	M013,M023	3.429323374200188e-05	1.8023477157360406	1.717141011152692	1	1	0	2	coupled,discordant	0.0002513355015679757	0.5184997845136656	frontal_cortex_ba9	M023	modulation of chemical synaptic transmission, regulation of trans-synaptic signaling, regulation of synaptic plasticity	1.4219292020129657	0.860475652774295	2.3497267459205777	1.8023477157360406	3.429323374200188e-05	0.640717984968144	True	False						False	False	True	PITPNM1
543	ENSG00000130758	1	frontal_cortex_ba9	M023	3.429323374200188e-05	1.8023477157360406	1.8023477157360406	1	1	0	1	discordant	0.0002513355015679757	0.8231910712867777	frontal_cortex_ba9	M023	modulation of chemical synaptic transmission, regulation of trans-synaptic signaling, regulation of synaptic plasticity	1.4219292020129657	0.860475652774295	2.3497267459205777	1.8023477157360406	3.429323374200188e-05	0.640717984968144	True	False						False	False	True	MAP3K10
544	ENSG00000145920	1	frontal_cortex_ba9	M023	3.429323374200188e-05	1.8023477157360406	1.8023477157360406	1	1	0	1	discordant	0.0002513355015679757	0.8045506559768264	frontal_cortex_ba9	M023	modulation of chemical synaptic transmission, regulation of trans-synaptic signaling, regulation of synaptic plasticity	1.4219292020129657	0.860475652774295	2.3497267459205777	1.8023477157360406	3.429323374200188e-05	0.640717984968144	True	False						False	False	True	CPLX2
545	ENSG00000188322	1	frontal_cortex_ba9	M023	3.429323374200188e-05	1.8023477157360406	1.8023477157360406	1	1	0	1	discordant	0.0002513355015679757	0.7065208367412407	frontal_cortex_ba9	M023	modulation of chemical synaptic transmission, regulation of trans-synaptic signaling, regulation of synaptic plasticity	1.4219292020129657	0.860475652774295	2.3497267459205777	1.8023477157360406	3.429323374200188e-05	0.640717984968144	True	False						False	False	True	SBK1
546	ENSG00000184271	1	frontal_cortex_ba9	M023	3.429323374200188e-05	1.8023477157360406	1.8023477157360406	1	1	0	1	coupled	0.0002513355015679757	0.689279383288229	frontal_cortex_ba9	M023	modulation of chemical synaptic transmission, regulation of trans-synaptic signaling, regulation of synaptic plasticity	1.4219292020129657	0.860475652774295	2.3497267459205777	1.8023477157360406	3.429323374200188e-05	0.640717984968144	True	False						False	False	True	POU6F1
547	ENSG00000171992	1	frontal_cortex_ba9	M023	3.429323374200188e-05	1.8023477157360406	1.8023477157360406	1	1	0	1	coupled	0.0002513355015679757	0.6838848637870696	frontal_cortex_ba9	M023	modulation of chemical synaptic transmission, regulation of trans-synaptic signaling, regulation of synaptic plasticity	1.4219292020129657	0.860475652774295	2.3497267459205777	1.8023477157360406	3.429323374200188e-05	0.640717984968144	True	False						False	False	True	SYNPO
548	ENSG00000091622	1	frontal_cortex_ba9	M023	3.429323374200188e-05	1.8023477157360406	1.8023477157360406	1	1	0	1	discordant	0.0002513355015679757	0.6639798765166192	frontal_cortex_ba9	M023	modulation of chemical synaptic transmission, regulation of trans-synaptic signaling, regulation of synaptic plasticity	1.4219292020129657	0.860475652774295	2.3497267459205777	1.8023477157360406	3.429323374200188e-05	0.640717984968144	True	False						False	False	True	PITPNM3
549	ENSG00000116544	1	frontal_cortex_ba9	M023	3.429323374200188e-05	1.8023477157360406	1.8023477157360406	1	1	0	1	coupled	0.0002513355015679757	0.6343859090072597	frontal_cortex_ba9	M023	modulation of chemical synaptic transmission, regulation of trans-synaptic signaling, regulation of synaptic plasticity	1.4219292020129657	0.860475652774295	2.3497267459205777	1.8023477157360406	3.429323374200188e-05	0.640717984968144	True	False						False	False	True	DLGAP3
550	ENSG00000166897	1	frontal_cortex_ba9	M023	3.429323374200188e-05	1.8023477157360406	1.8023477157360406	1	1	0	1	coupled	0.0002513355015679757	0.5659788926296426	frontal_cortex_ba9	M023	modulation of chemical synaptic transmission, regulation of trans-synaptic signaling, regulation of synaptic plasticity	1.4219292020129657	0.860475652774295	2.3497267459205777	1.8023477157360406	3.429323374200188e-05	0.640717984968144	True	False						False	False	True	ELFN2
551	ENSG00000160877	1	frontal_cortex_ba9	M023	3.429323374200188e-05	1.8023477157360406	1.8023477157360406	1	1	0	1	discordant	0.0002513355015679757	0.5535210554176475	frontal_cortex_ba9	M023	modulation of chemical synaptic transmission, regulation of trans-synaptic signaling, regulation of synaptic plasticity	1.4219292020129657	0.860475652774295	2.3497267459205777	1.8023477157360406	3.429323374200188e-05	0.640717984968144	True	False						False	False	True	NACC1
552	ENSG00000206052	1	frontal_cortex_ba9	M023	3.429323374200188e-05	1.8023477157360406	1.8023477157360406	1	1	0	1	coupled	0.0002513355015679757	0.5444913926823093	frontal_cortex_ba9	M023	modulation of chemical synaptic transmission, regulation of trans-synaptic signaling, regulation of synaptic plasticity	1.4219292020129657	0.860475652774295	2.3497267459205777	1.8023477157360406	3.429323374200188e-05	0.640717984968144	True	False						False	False	True	DOK6
553	ENSG00000160972	1	frontal_cortex_ba9	M023	3.429323374200188e-05	1.8023477157360406	1.8023477157360406	1	1	0	1	discordant	0.0002513355015679757	0.5325952544133391	frontal_cortex_ba9	M023	modulation of chemical synaptic transmission, regulation of trans-synaptic signaling, regulation of synaptic plasticity	1.4219292020129657	0.860475652774295	2.3497267459205777	1.8023477157360406	3.429323374200188e-05	0.640717984968144	True	False						False	False	True	PPP1R16A
554	ENSG00000184545	1	frontal_cortex_ba9	M023	3.429323374200188e-05	1.8023477157360406	1.8023477157360406	1	1	0	1	discordant	0.0002513355015679757	0.5319408499485372	frontal_cortex_ba9	M023	modulation of chemical synaptic transmission, regulation of trans-synaptic signaling, regulation of synaptic plasticity	1.4219292020129657	0.860475652774295	2.3497267459205777	1.8023477157360406	3.429323374200188e-05	0.640717984968144	True	False						False	False	True	DUSP8
555	ENSG00000099864	1	frontal_cortex_ba9	M023	3.429323374200188e-05	1.8023477157360406	1.8023477157360406	1	1	0	1	discordant	0.0002513355015679757	0.5162230636678162	frontal_cortex_ba9	M023	modulation of chemical synaptic transmission, regulation of trans-synaptic signaling, regulation of synaptic plasticity	1.4219292020129657	0.860475652774295	2.3497267459205777	1.8023477157360406	3.429323374200188e-05	0.640717984968144	True	False						False	False	True	PALM
556	ENSG00000107282	1	frontal_cortex_ba9	M023	3.429323374200188e-05	1.8023477157360406	1.8023477157360406	1	1	0	1	discordant	0.0002513355015679757	0.48808036352088163	frontal_cortex_ba9	M023	modulation of chemical synaptic transmission, regulation of trans-synaptic signaling, regulation of synaptic plasticity	1.4219292020129657	0.860475652774295	2.3497267459205777	1.8023477157360406	3.429323374200188e-05	0.640717984968144	True	False						False	False	True	APBA1
557	ENSG00000276293	1	frontal_cortex_ba9	M023	3.429323374200188e-05	1.8023477157360406	1.8023477157360406	1	1	0	1	coupled	0.0002513355015679757	0.4631553875509104	frontal_cortex_ba9	M023	modulation of chemical synaptic transmission, regulation of trans-synaptic signaling, regulation of synaptic plasticity	1.4219292020129657	0.860475652774295	2.3497267459205777	1.8023477157360406	3.429323374200188e-05	0.640717984968144	True	False						False	False	True	PIP4K2B
558	ENSG00000063180	1	frontal_cortex_ba9	M023	3.429323374200188e-05	1.8023477157360406	1.8023477157360406	1	1	0	1	discordant	0.0002513355015679757	0.4582016932265438	frontal_cortex_ba9	M023	modulation of chemical synaptic transmission, regulation of trans-synaptic signaling, regulation of synaptic plasticity	1.4219292020129657	0.860475652774295	2.3497267459205777	1.8023477157360406	3.429323374200188e-05	0.640717984968144	True	False						False	False	True	CA11
559	ENSG00000148082	1	frontal_cortex_ba9	M023	3.429323374200188e-05	1.8023477157360406	1.8023477157360406	1	1	0	1	discordant	0.0002513355015679757	0.39718639768456526	frontal_cortex_ba9	M023	modulation of chemical synaptic transmission, regulation of trans-synaptic signaling, regulation of synaptic plasticity	1.4219292020129657	0.860475652774295	2.3497267459205777	1.8023477157360406	3.429323374200188e-05	0.640717984968144	True	False						False	False	True	SHC3
560	ENSG00000063176	1	frontal_cortex_ba9	M023	3.429323374200188e-05	1.8023477157360406	1.8023477157360406	1	1	0	1	coupled	0.0002513355015679757	0.38191568415681554	frontal_cortex_ba9	M023	modulation of chemical synaptic transmission, regulation of trans-synaptic signaling, regulation of synaptic plasticity	1.4219292020129657	0.860475652774295	2.3497267459205777	1.8023477157360406	3.429323374200188e-05	0.640717984968144	True	False						False	False	True	SPHK2
561	ENSG00000141258	1	frontal_cortex_ba9	M023	3.429323374200188e-05	1.8023477157360406	1.8023477157360406	1	1	0	1	coupled	0.0002513355015679757	0.3818041442717629	frontal_cortex_ba9	M023	modulation of chemical synaptic transmission, regulation of trans-synaptic signaling, regulation of synaptic plasticity	1.4219292020129657	0.860475652774295	2.3497267459205777	1.8023477157360406	3.429323374200188e-05	0.640717984968144	True	False						False	False	True	SGSM2
562	ENSG00000173020	1	frontal_cortex_ba9	M023	3.429323374200188e-05	1.8023477157360406	1.8023477157360406	1	1	0	1	coupled	0.0002513355015679757	0.3725690961596237	frontal_cortex_ba9	M023	modulation of chemical synaptic transmission, regulation of trans-synaptic signaling, regulation of synaptic plasticity	1.4219292020129657	0.860475652774295	2.3497267459205777	1.8023477157360406	3.429323374200188e-05	0.640717984968144	True	False						False	False	True	GRK2
563	ENSG00000117016	1	frontal_cortex_ba9	M023	3.429323374200188e-05	1.8023477157360406	1.8023477157360406	1	1	0	1	discordant	0.0002513355015679757	0.32967893797477354	frontal_cortex_ba9	M023	modulation of chemical synaptic transmission, regulation of trans-synaptic signaling, regulation of synaptic plasticity	1.4219292020129657	0.860475652774295	2.3497267459205777	1.8023477157360406	3.429323374200188e-05	0.640717984968144	True	False						False	False	True	RIMS3
564	ENSG00000059915	1	frontal_cortex_ba9	M023	3.429323374200188e-05	1.8023477157360406	1.8023477157360406	1	1	0	1	discordant	0.0002513355015679757	0.32195324976185535	frontal_cortex_ba9	M023	modulation of chemical synaptic transmission, regulation of trans-synaptic signaling, regulation of synaptic plasticity	1.4219292020129657	0.860475652774295	2.3497267459205777	1.8023477157360406	3.429323374200188e-05	0.640717984968144	True	False						False	False	True	PSD
565	ENSG00000155093	1	frontal_cortex_ba9	M023	3.429323374200188e-05	1.8023477157360406	1.8023477157360406	1	1	0	1	discordant	0.0002513355015679757	0.3100487503257266	frontal_cortex_ba9	M023	modulation of chemical synaptic transmission, regulation of trans-synaptic signaling, regulation of synaptic plasticity	1.4219292020129657	0.860475652774295	2.3497267459205777	1.8023477157360406	3.429323374200188e-05	0.640717984968144	True	False						False	False	True	PTPRN2
566	ENSG00000125648	1	frontal_cortex_ba9	M023	3.429323374200188e-05	1.8023477157360406	1.8023477157360406	1	1	0	1	discordant	0.0002513355015679757	0.27841222548133987	frontal_cortex_ba9	M023	modulation of chemical synaptic transmission, regulation of trans-synaptic signaling, regulation of synaptic plasticity	1.4219292020129657	0.860475652774295	2.3497267459205777	1.8023477157360406	3.429323374200188e-05	0.640717984968144	True	False						False	False	True	SLC25A23
567	ENSG00000105605	1	frontal_cortex_ba9	M023	3.429323374200188e-05	1.8023477157360406	1.8023477157360406	1	1	0	1	discordant	0.0002513355015679757	0.27320082020253234	frontal_cortex_ba9	M023	modulation of chemical synaptic transmission, regulation of trans-synaptic signaling, regulation of synaptic plasticity	1.4219292020129657	0.860475652774295	2.3497267459205777	1.8023477157360406	3.429323374200188e-05	0.640717984968144	True	False						False	False	True	CACNG7
568	ENSG00000272636	1	frontal_cortex_ba9	M023	3.429323374200188e-05	1.8023477157360406	1.8023477157360406	1	1	0	1	coupled	0.0002513355015679757	0.21092297389751605	frontal_cortex_ba9	M023	modulation of chemical synaptic transmission, regulation of trans-synaptic signaling, regulation of synaptic plasticity	1.4219292020129657	0.860475652774295	2.3497267459205777	1.8023477157360406	3.429323374200188e-05	0.640717984968144	True	False						False	False	True	DOC2B
569	ENSG00000103154	1	frontal_cortex_ba9	M023	3.429323374200188e-05	1.8023477157360406	1.8023477157360406	1	1	0	1	discordant	0.0002513355015679757	0.20093150659388584	frontal_cortex_ba9	M023	modulation of chemical synaptic transmission, regulation of trans-synaptic signaling, regulation of synaptic plasticity	1.4219292020129657	0.860475652774295	2.3497267459205777	1.8023477157360406	3.429323374200188e-05	0.640717984968144	True	False						False	False	True	NECAB2
570	ENSG00000079313	1	frontal_cortex_ba9	M023	3.429323374200188e-05	1.8023477157360406	1.8023477157360406	1	1	0	0	abundance_only	0.0002513355015679757	0.13339340192789242	frontal_cortex_ba9	M023	modulation of chemical synaptic transmission, regulation of trans-synaptic signaling, regulation of synaptic plasticity	1.4219292020129657	0.860475652774295	2.3497267459205777	1.8023477157360406	3.429323374200188e-05	0.640717984968144	True	False						False	False	True	REXO1
571	ENSG00000161681	1	frontal_cortex_ba9	M023	3.429323374200188e-05	1.8023477157360406	1.8023477157360406	1	1	0	0	abundance_only	0.0002513355015679757	0.11865427311150906	frontal_cortex_ba9	M023	modulation of chemical synaptic transmission, regulation of trans-synaptic signaling, regulation of synaptic plasticity	1.4219292020129657	0.860475652774295	2.3497267459205777	1.8023477157360406	3.429323374200188e-05	0.640717984968144	True	False						False	False	True	SHANK1
572	ENSG00000105642	1	frontal_cortex_ba9	M023	3.429323374200188e-05	1.8023477157360406	1.8023477157360406	1	1	0	0	abundance_only	0.0002513355015679757	0.09934237911948755	frontal_cortex_ba9	M023	modulation of chemical synaptic transmission, regulation of trans-synaptic signaling, regulation of synaptic plasticity	1.4219292020129657	0.860475652774295	2.3497267459205777	1.8023477157360406	3.429323374200188e-05	0.640717984968144	True	False						False	False	True	KCNN1
573	ENSG00000167971	1	frontal_cortex_ba9	M023	3.429323374200188e-05	1.8023477157360406	1.8023477157360406	1	1	0	0	abundance_only	0.0002513355015679757	0.07830141002260928	frontal_cortex_ba9	M023	modulation of chemical synaptic transmission, regulation of trans-synaptic signaling, regulation of synaptic plasticity	1.4219292020129657	0.860475652774295	2.3497267459205777	1.8023477157360406	3.429323374200188e-05	0.640717984968144	True	False						False	False	True	CASKIN1
574	ENSG00000155229	2	cerebellar_hemisphere,frontal_cortex_ba9	M001,M030	1.9831965965119372e-05	1.7941922962078234	1.5234886965087293	2	1	1	2	coupled,discordant	0.005799283790306935	0.6794292101267307	frontal_cortex_ba9	M030		1.4533941613342523	0.858135043271382	2.4615643012873325	1.7941922962078234	0.00024351336442182014	0.6356341677371488	True	False						False	False	True	MMS19
575	ENSG00000100949	2	cerebellar_hemisphere,frontal_cortex_ba9	M001,M030	1.9831965965119372e-05	1.7941922962078234	1.5234886965087293	2	1	1	2	coupled	0.005799283790306935	0.6213132394509586	frontal_cortex_ba9	M030		1.4533941613342523	0.858135043271382	2.4615643012873325	1.7941922962078234	0.00024351336442182014	0.6356341677371488	True	False						False	False	True	RABGGTA
576	ENSG00000105325	2	cerebellar_hemisphere,frontal_cortex_ba9	M001,M030	1.9831965965119372e-05	1.7941922962078234	1.5234886965087293	2	1	1	2	coupled,discordant	0.005799283790306935	0.5564284439076533	frontal_cortex_ba9	M030		1.4533941613342523	0.858135043271382	2.4615643012873325	1.7941922962078234	0.00024351336442182014	0.6356341677371488	True	False						False	False	True	FZR1
577	ENSG00000132382	2	cerebellar_hemisphere,frontal_cortex_ba9	M001,M030	1.9831965965119372e-05	1.7941922962078234	1.5234886965087293	2	1	1	1	abundance_only,coupled	0.005799283790306935	0.4892314601193316	frontal_cortex_ba9	M030		1.4533941613342523	0.858135043271382	2.4615643012873325	1.7941922962078234	0.00024351336442182014	0.6356341677371488	True	False						False	False	True	MYBBP1A
578	ENSG00000198853	1	frontal_cortex_ba9	M030	0.00024351336442182014	1.7941922962078234	1.7941922962078234	1	1	1	1	coupled	0.005799283790306935	0.8950945970330092	frontal_cortex_ba9	M030		1.4533941613342523	0.858135043271382	2.4615643012873325	1.7941922962078234	0.00024351336442182014	0.6356341677371488	True	False						False	False	True	RUSC2
579	ENSG00000215041	1	frontal_cortex_ba9	M030	0.00024351336442182014	1.7941922962078234	1.7941922962078234	1	1	1	1	coupled	0.005799283790306935	0.7189629966548423	frontal_cortex_ba9	M030		1.4533941613342523	0.858135043271382	2.4615643012873325	1.7941922962078234	0.00024351336442182014	0.6356341677371488	True	False						False	False	True	NEURL4
580	ENSG00000167972	1	frontal_cortex_ba9	M030	0.00024351336442182014	1.7941922962078234	1.7941922962078234	1	1	1	1	coupled	0.005799283790306935	0.6506054587079314	frontal_cortex_ba9	M030		1.4533941613342523	0.858135043271382	2.4615643012873325	1.7941922962078234	0.00024351336442182014	0.6356341677371488	True	False						False	False	True	ABCA3
581	ENSG00000205593	1	frontal_cortex_ba9	M030	0.00024351336442182014	1.7941922962078234	1.7941922962078234	1	1	1	1	coupled	0.005799283790306935	0.6435730020771906	frontal_cortex_ba9	M030		1.4533941613342523	0.858135043271382	2.4615643012873325	1.7941922962078234	0.00024351336442182014	0.6356341677371488	True	False						False	False	True	DENND6B
582	ENSG00000213339	1	frontal_cortex_ba9	M030	0.00024351336442182014	1.7941922962078234	1.7941922962078234	1	1	1	1	discordant	0.005799283790306935	0.5962737519093319	frontal_cortex_ba9	M030		1.4533941613342523	0.858135043271382	2.4615643012873325	1.7941922962078234	0.00024351336442182014	0.6356341677371488	True	False						False	False	True	QTRT1
583	ENSG00000145214	1	frontal_cortex_ba9	M030	0.00024351336442182014	1.7941922962078234	1.7941922962078234	1	1	1	1	discordant	0.005799283790306935	0.5957606514029224	frontal_cortex_ba9	M030		1.4533941613342523	0.858135043271382	2.4615643012873325	1.7941922962078234	0.00024351336442182014	0.6356341677371488	True	False						False	False	True	DGKQ
584	ENSG00000161204	1	frontal_cortex_ba9	M030	0.00024351336442182014	1.7941922962078234	1.7941922962078234	1	1	1	1	discordant	0.005799283790306935	0.5832200849158546	frontal_cortex_ba9	M030		1.4533941613342523	0.858135043271382	2.4615643012873325	1.7941922962078234	0.00024351336442182014	0.6356341677371488	True	False						False	False	True	ABCF3
585	ENSG00000105443	1	frontal_cortex_ba9	M030	0.00024351336442182014	1.7941922962078234	1.7941922962078234	1	1	1	1	coupled	0.005799283790306935	0.5552054627477933	frontal_cortex_ba9	M030		1.4533941613342523	0.858135043271382	2.4615643012873325	1.7941922962078234	0.00024351336442182014	0.6356341677371488	True	False						False	False	True	CYTH2
586	ENSG00000090020	1	frontal_cortex_ba9	M030	0.00024351336442182014	1.7941922962078234	1.7941922962078234	1	1	1	1	coupled	0.005799283790306935	0.4713976605480618	frontal_cortex_ba9	M030		1.4533941613342523	0.858135043271382	2.4615643012873325	1.7941922962078234	0.00024351336442182014	0.6356341677371488	True	False						False	False	True	SLC9A1
587	ENSG00000116809	1	frontal_cortex_ba9	M030	0.00024351336442182014	1.7941922962078234	1.7941922962078234	1	1	1	1	coupled	0.005799283790306935	0.4503104396276225	frontal_cortex_ba9	M030		1.4533941613342523	0.858135043271382	2.4615643012873325	1.7941922962078234	0.00024351336442182014	0.6356341677371488	True	False						False	False	True	ZBTB17
588	ENSG00000149679	1	frontal_cortex_ba9	M030	0.00024351336442182014	1.7941922962078234	1.7941922962078234	1	1	1	1	coupled	0.005799283790306935	0.42887307419107407	frontal_cortex_ba9	M030		1.4533941613342523	0.858135043271382	2.4615643012873325	1.7941922962078234	0.00024351336442182014	0.6356341677371488	True	False						False	False	True	CABLES2
589	ENSG00000144712	1	frontal_cortex_ba9	M030	0.00024351336442182014	1.7941922962078234	1.7941922962078234	1	1	1	1	coupled	0.005799283790306935	0.33792394013483223	frontal_cortex_ba9	M030		1.4533941613342523	0.858135043271382	2.4615643012873325	1.7941922962078234	0.00024351336442182014	0.6356341677371488	True	False						False	False	True	CAND2
590	ENSG00000186862	1	frontal_cortex_ba9	M030	0.00024351336442182014	1.7941922962078234	1.7941922962078234	1	1	1	1	coupled	0.005799283790306935	0.3203349663908144	frontal_cortex_ba9	M030		1.4533941613342523	0.858135043271382	2.4615643012873325	1.7941922962078234	0.00024351336442182014	0.6356341677371488	True	False						False	False	True	PDZD7
591	ENSG00000100395	1	frontal_cortex_ba9	M030	0.00024351336442182014	1.7941922962078234	1.7941922962078234	1	1	1	1	discordant	0.005799283790306935	0.2845477956216211	frontal_cortex_ba9	M030		1.4533941613342523	0.858135043271382	2.4615643012873325	1.7941922962078234	0.00024351336442182014	0.6356341677371488	True	False						False	False	True	L3MBTL2
592	ENSG00000167619	1	frontal_cortex_ba9	M030	0.00024351336442182014	1.7941922962078234	1.7941922962078234	1	1	1	1	coupled	0.005799283790306935	0.2778917315147787	frontal_cortex_ba9	M030		1.4533941613342523	0.858135043271382	2.4615643012873325	1.7941922962078234	0.00024351336442182014	0.6356341677371488	True	False						False	False	True	TMEM145
593	ENSG00000151640	1	frontal_cortex_ba9	M030	0.00024351336442182014	1.7941922962078234	1.7941922962078234	1	1	1	1	discordant	0.005799283790306935	0.2688427599647358	frontal_cortex_ba9	M030		1.4533941613342523	0.858135043271382	2.4615643012873325	1.7941922962078234	0.00024351336442182014	0.6356341677371488	True	False						False	False	True	DPYSL4
594	ENSG00000107819	1	frontal_cortex_ba9	M030	0.00024351336442182014	1.7941922962078234	1.7941922962078234	1	1	1	1	discordant	0.005799283790306935	0.26698232136169014	frontal_cortex_ba9	M030		1.4533941613342523	0.858135043271382	2.4615643012873325	1.7941922962078234	0.00024351336442182014	0.6356341677371488	True	False						False	False	True	SFXN3
595	ENSG00000148842	1	frontal_cortex_ba9	M030	0.00024351336442182014	1.7941922962078234	1.7941922962078234	1	1	1	1	discordant	0.005799283790306935	0.25041009281254706	frontal_cortex_ba9	M030		1.4533941613342523	0.858135043271382	2.4615643012873325	1.7941922962078234	0.00024351336442182014	0.6356341677371488	True	False						False	False	True	CNNM2
596	ENSG00000204394	1	frontal_cortex_ba9	M030	0.00024351336442182014	1.7941922962078234	1.7941922962078234	1	1	1	1	discordant	0.005799283790306935	0.24514715347779528	frontal_cortex_ba9	M030		1.4533941613342523	0.858135043271382	2.4615643012873325	1.7941922962078234	0.00024351336442182014	0.6356341677371488	True	False						False	False	True	VARS1
597	ENSG00000131067	1	frontal_cortex_ba9	M030	0.00024351336442182014	1.7941922962078234	1.7941922962078234	1	1	1	1	discordant	0.005799283790306935	0.22850343524451686	frontal_cortex_ba9	M030		1.4533941613342523	0.858135043271382	2.4615643012873325	1.7941922962078234	0.00024351336442182014	0.6356341677371488	True	False						False	False	True	GGT7
598	ENSG00000075399	1	frontal_cortex_ba9	M030	0.00024351336442182014	1.7941922962078234	1.7941922962078234	1	1	1	1	coupled	0.005799283790306935	0.22121432672302058	frontal_cortex_ba9	M030		1.4533941613342523	0.858135043271382	2.4615643012873325	1.7941922962078234	0.00024351336442182014	0.6356341677371488	True	False						False	False	True	VPS9D1
599	ENSG00000140688	1	frontal_cortex_ba9	M030	0.00024351336442182014	1.7941922962078234	1.7941922962078234	1	1	1	1	discordant	0.005799283790306935	0.2208021367093238	frontal_cortex_ba9	M030		1.4533941613342523	0.858135043271382	2.4615643012873325	1.7941922962078234	0.00024351336442182014	0.6356341677371488	True	False						False	False	True	RUSF1
600	ENSG00000157881	1	frontal_cortex_ba9	M030	0.00024351336442182014	1.7941922962078234	1.7941922962078234	1	1	1	1	discordant	0.005799283790306935	0.21908817075072795	frontal_cortex_ba9	M030		1.4533941613342523	0.858135043271382	2.4615643012873325	1.7941922962078234	0.00024351336442182014	0.6356341677371488	True	False						False	False	True	PANK4
601	ENSG00000164068	1	frontal_cortex_ba9	M030	0.00024351336442182014	1.7941922962078234	1.7941922962078234	1	1	1	1	discordant	0.005799283790306935	0.2091411488187796	frontal_cortex_ba9	M030		1.4533941613342523	0.858135043271382	2.4615643012873325	1.7941922962078234	0.00024351336442182014	0.6356341677371488	True	False						False	False	True	RNF123
602	ENSG00000148343	1	frontal_cortex_ba9	M030	0.00024351336442182014	1.7941922962078234	1.7941922962078234	1	1	1	1	discordant	0.005799283790306935	0.2043126753511485	frontal_cortex_ba9	M030		1.4533941613342523	0.858135043271382	2.4615643012873325	1.7941922962078234	0.00024351336442182014	0.6356341677371488	True	False						False	False	True	MIGA2
603	ENSG00000169221	1	frontal_cortex_ba9	M030	0.00024351336442182014	1.7941922962078234	1.7941922962078234	1	1	1	0	abundance_only	0.005799283790306935	0.12014073797570508	frontal_cortex_ba9	M030		1.4533941613342523	0.858135043271382	2.4615643012873325	1.7941922962078234	0.00024351336442182014	0.6356341677371488	True	False						False	False	True	TBC1D10B
604	ENSG00000162063	1	frontal_cortex_ba9	M030	0.00024351336442182014	1.7941922962078234	1.7941922962078234	1	1	1	0	abundance_only	0.005799283790306935	0.09496641552666005	frontal_cortex_ba9	M030		1.4533941613342523	0.858135043271382	2.4615643012873325	1.7941922962078234	0.00024351336442182014	0.6356341677371488	True	False						False	False	True	CCNF
605	ENSG00000110497	1	frontal_cortex_ba9	M030	0.00024351336442182014	1.7941922962078234	1.7941922962078234	1	1	1	0	abundance_only	0.005799283790306935	0.048345212209361284	frontal_cortex_ba9	M030		1.4533941613342523	0.858135043271382	2.4615643012873325	1.7941922962078234	0.00024351336442182014	0.6356341677371488	True	False						False	False	True	AMBRA1
606	ENSG00000138834	1	frontal_cortex_ba9	M030	0.00024351336442182014	1.7941922962078234	1.7941922962078234	1	1	1	0	abundance_only	0.005799283790306935	0.03819920962151089	frontal_cortex_ba9	M030		1.4533941613342523	0.858135043271382	2.4615643012873325	1.7941922962078234	0.00024351336442182014	0.6356341677371488	True	False						False	False	True	MAPK8IP3
607	ENSG00000143862	1	frontal_cortex_ba9	M030	0.00024351336442182014	1.7941922962078234	1.7941922962078234	1	1	1	0	abundance_only	0.005799283790306935	0.03790648467729066	frontal_cortex_ba9	M030		1.4533941613342523	0.858135043271382	2.4615643012873325	1.7941922962078234	0.00024351336442182014	0.6356341677371488	True	False						False	False	True	ARL8A
608	ENSG00000104835	1	frontal_cortex_ba9	M030	0.00024351336442182014	1.7941922962078234	1.7941922962078234	1	1	1	0	abundance_only	0.005799283790306935	0.03606149207908079	frontal_cortex_ba9	M030		1.4533941613342523	0.858135043271382	2.4615643012873325	1.7941922962078234	0.00024351336442182014	0.6356341677371488	True	False						False	False	True	SARS2
609	ENSG00000100359	1	frontal_cortex_ba9	M030	0.00024351336442182014	1.7941922962078234	1.7941922962078234	1	1	1	0	abundance_only	0.005799283790306935	0.018242162517242234	frontal_cortex_ba9	M030		1.4533941613342523	0.858135043271382	2.4615643012873325	1.7941922962078234	0.00024351336442182014	0.6356341677371488	True	False						False	False	True	SGSM3
610	ENSG00000204231	1	frontal_cortex_ba9	M030	0.00024351336442182014	1.7941922962078234	1.7941922962078234	1	1	1	0	abundance_only	0.005799283790306935	0.005204085155257598	frontal_cortex_ba9	M030		1.4533941613342523	0.858135043271382	2.4615643012873325	1.7941922962078234	0.00024351336442182014	0.6356341677371488	True	False						False	False	True	RXRB
611	ENSG00000025708	3	anterior_cingulate_cortex_ba24,cerebellar_hemisphere,frontal_cortex_ba9	M001,M004,M013	0.00883834983271091	1.631934306569343	1.3451578020663437	2	2	0	3	coupled	0.001317282176918719	0.5160577172227849	anterior_cingulate_cortex_ba24	M001	immune system process, immune response, regulation of immune system process	1.0589395243290096	0.844236468554769	1.3282450568686877	1.1861935505396795	0.048179222935104196	0.9050000772308122	True	False						False	False	True	TYMP
612	ENSG00000103145	2	anterior_cingulate_cortex_ba24,frontal_cortex_ba9	M001,M005	5.2985836709636906e-11	1.4541234224621984	1.3201584865009388	2	2	0	0	abundance_only	0.001317282176918719	0.12146748604990293	anterior_cingulate_cortex_ba24	M001	immune system process, immune response, regulation of immune system process	1.0589395243290096	0.844236468554769	1.3282450568686877	1.1861935505396795	0.048179222935104196	0.9050000772308122	True	False						False	False	True	HCFC1R1
613	ENSG00000170075	2	anterior_cingulate_cortex_ba24,cerebellar_hemisphere	M001	1.9831965965119372e-05	1.2527850968096352	1.2194893236746573	2	1	0	2	discordant,switch_only	0.001317282176918719	0.5964066342305885	anterior_cingulate_cortex_ba24	M001	immune system process, immune response, regulation of immune system process	1.0589395243290096	0.844236468554769	1.3282450568686877	1.1861935505396795	0.048179222935104196	0.9050000772308122	True	False						False	False	True	GPR37L1
614	ENSG00000167291	2	anterior_cingulate_cortex_ba24,cerebellar_hemisphere	M001	1.9831965965119372e-05	1.2527850968096352	1.2194893236746573	2	1	0	2	coupled	0.001317282176918719	0.5895007033610491	anterior_cingulate_cortex_ba24	M001	immune system process, immune response, regulation of immune system process	1.0589395243290096	0.844236468554769	1.3282450568686877	1.1861935505396795	0.048179222935104196	0.9050000772308122	True	False						False	False	True	TBC1D16
615	ENSG00000145623	2	anterior_cingulate_cortex_ba24,frontal_cortex_ba9	M001,M004	0.009457546889447692	1.2173455490900087	1.201769549814844	2	2	0	2	discordant	0.001317282176918719	0.7863002561759276	anterior_cingulate_cortex_ba24	M001	immune system process, immune response, regulation of immune system process	1.0589395243290096	0.844236468554769	1.3282450568686877	1.1861935505396795	0.048179222935104196	0.9050000772308122	True	False						False	False	True	OSMR
616	ENSG00000122122	2	anterior_cingulate_cortex_ba24,frontal_cortex_ba9	M001,M004	0.009457546889447692	1.2173455490900087	1.201769549814844	2	2	0	2	coupled	0.001317282176918719	0.6791830933224262	anterior_cingulate_cortex_ba24	M001	immune system process, immune response, regulation of immune system process	1.0589395243290096	0.844236468554769	1.3282450568686877	1.1861935505396795	0.048179222935104196	0.9050000772308122	True	False						False	False	True	SASH3
617	ENSG00000013364	2	anterior_cingulate_cortex_ba24,frontal_cortex_ba9	M001,M004	0.009457546889447692	1.2173455490900087	1.201769549814844	2	2	0	2	coupled	0.001317282176918719	0.61087761098187	anterior_cingulate_cortex_ba24	M001	immune system process, immune response, regulation of immune system process	1.0589395243290096	0.844236468554769	1.3282450568686877	1.1861935505396795	0.048179222935104196	0.9050000772308122	True	False						False	False	True	MVP
618	ENSG00000131095	2	anterior_cingulate_cortex_ba24,frontal_cortex_ba9	M001,M004	0.009457546889447692	1.2173455490900087	1.201769549814844	2	2	0	2	coupled,discordant	0.001317282176918719	0.553214440763203	anterior_cingulate_cortex_ba24	M001	immune system process, immune response, regulation of immune system process	1.0589395243290096	0.844236468554769	1.3282450568686877	1.1861935505396795	0.048179222935104196	0.9050000772308122	True	False						False	False	True	GFAP
619	ENSG00000162511	2	anterior_cingulate_cortex_ba24,frontal_cortex_ba9	M001,M004	0.009457546889447692	1.2173455490900087	1.201769549814844	2	2	0	2	discordant	0.001317282176918719	0.5508343419452065	anterior_cingulate_cortex_ba24	M001	immune system process, immune response, regulation of immune system process	1.0589395243290096	0.844236468554769	1.3282450568686877	1.1861935505396795	0.048179222935104196	0.9050000772308122	True	False						False	False	True	LAPTM5
620	ENSG00000105246	2	anterior_cingulate_cortex_ba24,frontal_cortex_ba9	M001,M004	0.009457546889447692	1.2173455490900087	1.201769549814844	2	2	0	2	coupled	0.001317282176918719	0.5183057973212866	anterior_cingulate_cortex_ba24	M001	immune system process, immune response, regulation of immune system process	1.0589395243290096	0.844236468554769	1.3282450568686877	1.1861935505396795	0.048179222935104196	0.9050000772308122	True	False						False	False	True	EBI3
621	ENSG00000186818	2	anterior_cingulate_cortex_ba24,frontal_cortex_ba9	M001,M004	0.009457546889447692	1.2173455490900087	1.201769549814844	2	2	0	1	abundance_only,discordant	0.001317282176918719	0.5129419619148504	anterior_cingulate_cortex_ba24	M001	immune system process, immune response, regulation of immune system process	1.0589395243290096	0.844236468554769	1.3282450568686877	1.1861935505396795	0.048179222935104196	0.9050000772308122	True	False						False	False	True	LILRB4
622	ENSG00000110422	2	anterior_cingulate_cortex_ba24,frontal_cortex_ba9	M001,M004	0.009457546889447692	1.2173455490900087	1.201769549814844	2	2	0	2	coupled	0.001317282176918719	0.4561650679202456	anterior_cingulate_cortex_ba24	M001	immune system process, immune response, regulation of immune system process	1.0589395243290096	0.844236468554769	1.3282450568686877	1.1861935505396795	0.048179222935104196	0.9050000772308122	True	False						False	False	True	HIPK3
623	ENSG00000155629	2	anterior_cingulate_cortex_ba24,frontal_cortex_ba9	M001,M004	0.009457546889447692	1.2173455490900087	1.201769549814844	2	2	0	2	discordant	0.001317282176918719	0.45514004555513093	anterior_cingulate_cortex_ba24	M001	immune system process, immune response, regulation of immune system process	1.0589395243290096	0.844236468554769	1.3282450568686877	1.1861935505396795	0.048179222935104196	0.9050000772308122	True	False						False	False	True	PIK3AP1
624	ENSG00000175318	2	anterior_cingulate_cortex_ba24,frontal_cortex_ba9	M001,M004	0.009457546889447692	1.2173455490900087	1.201769549814844	2	2	0	2	coupled	0.001317282176918719	0.4470197233805672	anterior_cingulate_cortex_ba24	M001	immune system process, immune response, regulation of immune system process	1.0589395243290096	0.844236468554769	1.3282450568686877	1.1861935505396795	0.048179222935104196	0.9050000772308122	True	False						False	False	True	GRAMD2A
625	ENSG00000023892	2	anterior_cingulate_cortex_ba24,frontal_cortex_ba9	M001,M004	0.009457546889447692	1.2173455490900087	1.201769549814844	2	2	0	2	coupled	0.001317282176918719	0.41688297776285643	anterior_cingulate_cortex_ba24	M001	immune system process, immune response, regulation of immune system process	1.0589395243290096	0.844236468554769	1.3282450568686877	1.1861935505396795	0.048179222935104196	0.9050000772308122	True	False						False	False	True	DEF6
626	ENSG00000142798	2	anterior_cingulate_cortex_ba24,frontal_cortex_ba9	M001,M004	0.009457546889447692	1.2173455490900087	1.201769549814844	2	2	0	2	coupled	0.001317282176918719	0.4154583144497096	anterior_cingulate_cortex_ba24	M001	immune system process, immune response, regulation of immune system process	1.0589395243290096	0.844236468554769	1.3282450568686877	1.1861935505396795	0.048179222935104196	0.9050000772308122	True	False						False	False	True	HSPG2
627	ENSG00000127533	2	anterior_cingulate_cortex_ba24,frontal_cortex_ba9	M001,M004	0.009457546889447692	1.2173455490900087	1.201769549814844	2	2	0	2	coupled	0.001317282176918719	0.4111210940579474	anterior_cingulate_cortex_ba24	M001	immune system process, immune response, regulation of immune system process	1.0589395243290096	0.844236468554769	1.3282450568686877	1.1861935505396795	0.048179222935104196	0.9050000772308122	True	False						False	False	True	F2RL3
628	ENSG00000186517	2	anterior_cingulate_cortex_ba24,frontal_cortex_ba9	M001,M004	0.009457546889447692	1.2173455490900087	1.201769549814844	2	2	0	2	coupled	0.001317282176918719	0.3982184062220454	anterior_cingulate_cortex_ba24	M001	immune system process, immune response, regulation of immune system process	1.0589395243290096	0.844236468554769	1.3282450568686877	1.1861935505396795	0.048179222935104196	0.9050000772308122	True	False						False	False	True	ARHGAP30
629	ENSG00000183160	2	anterior_cingulate_cortex_ba24,frontal_cortex_ba9	M001,M004	0.009457546889447692	1.2173455490900087	1.201769549814844	2	2	0	2	coupled	0.001317282176918719	0.3444397584466623	anterior_cingulate_cortex_ba24	M001	immune system process, immune response, regulation of immune system process	1.0589395243290096	0.844236468554769	1.3282450568686877	1.1861935505396795	0.048179222935104196	0.9050000772308122	True	False						False	False	True	TMEM119
630	ENSG00000176014	2	anterior_cingulate_cortex_ba24,frontal_cortex_ba9	M001,M004	0.009457546889447692	1.2173455490900087	1.201769549814844	2	2	0	2	coupled	0.001317282176918719	0.3392725632849254	anterior_cingulate_cortex_ba24	M001	immune system process, immune response, regulation of immune system process	1.0589395243290096	0.844236468554769	1.3282450568686877	1.1861935505396795	0.048179222935104196	0.9050000772308122	True	False						False	False	True	TUBB6
631	ENSG00000167851	2	anterior_cingulate_cortex_ba24,frontal_cortex_ba9	M001,M004	0.009457546889447692	1.2173455490900087	1.201769549814844	2	2	0	2	discordant	0.001317282176918719	0.33204645824313606	anterior_cingulate_cortex_ba24	M001	immune system process, immune response, regulation of immune system process	1.0589395243290096	0.844236468554769	1.3282450568686877	1.1861935505396795	0.048179222935104196	0.9050000772308122	True	False						False	False	True	CD300A
632	ENSG00000136167	2	anterior_cingulate_cortex_ba24,frontal_cortex_ba9	M001,M004	0.009457546889447692	1.2173455490900087	1.201769549814844	2	2	0	1	abundance_only,coupled	0.001317282176918719	0.30328313905592774	anterior_cingulate_cortex_ba24	M001	immune system process, immune response, regulation of immune system process	1.0589395243290096	0.844236468554769	1.3282450568686877	1.1861935505396795	0.048179222935104196	0.9050000772308122	True	False						False	False	True	LCP1
633	ENSG00000011600	2	anterior_cingulate_cortex_ba24,frontal_cortex_ba9	M001,M004	0.009457546889447692	1.2173455490900087	1.201769549814844	2	2	0	1	abundance_only,discordant	0.001317282176918719	0.30011224883141324	anterior_cingulate_cortex_ba24	M001	immune system process, immune response, regulation of immune system process	1.0589395243290096	0.844236468554769	1.3282450568686877	1.1861935505396795	0.048179222935104196	0.9050000772308122	True	False						False	False	True	TYROBP
634	ENSG00000231389	2	anterior_cingulate_cortex_ba24,frontal_cortex_ba9	M001,M004	0.009457546889447692	1.2173455490900087	1.201769549814844	2	2	0	1	abundance_only,discordant	0.001317282176918719	0.2696497073287596	anterior_cingulate_cortex_ba24	M001	immune system process, immune response, regulation of immune system process	1.0589395243290096	0.844236468554769	1.3282450568686877	1.1861935505396795	0.048179222935104196	0.9050000772308122	True	False						False	False	True	HLA-DPA1
635	ENSG00000066336	2	anterior_cingulate_cortex_ba24,frontal_cortex_ba9	M001,M004	0.009457546889447692	1.2173455490900087	1.201769549814844	2	2	0	1	abundance_only,discordant	0.001317282176918719	0.25934687489939406	anterior_cingulate_cortex_ba24	M001	immune system process, immune response, regulation of immune system process	1.0589395243290096	0.844236468554769	1.3282450568686877	1.1861935505396795	0.048179222935104196	0.9050000772308122	True	False						False	False	True	SPI1
636	ENSG00000123338	2	anterior_cingulate_cortex_ba24,frontal_cortex_ba9	M001,M004	0.009457546889447692	1.2173455490900087	1.201769549814844	2	2	0	1	abundance_only,discordant	0.001317282176918719	0.24280099177392428	anterior_cingulate_cortex_ba24	M001	immune system process, immune response, regulation of immune system process	1.0589395243290096	0.844236468554769	1.3282450568686877	1.1861935505396795	0.048179222935104196	0.9050000772308122	True	False						False	False	True	NCKAP1L
637	ENSG00000204472	2	anterior_cingulate_cortex_ba24,frontal_cortex_ba9	M001,M004	0.009457546889447692	1.2173455490900087	1.201769549814844	2	2	0	1	abundance_only,discordant	0.001317282176918719	0.22688196984387435	anterior_cingulate_cortex_ba24	M001	immune system process, immune response, regulation of immune system process	1.0589395243290096	0.844236468554769	1.3282450568686877	1.1861935505396795	0.048179222935104196	0.9050000772308122	True	False						False	False	True	AIF1
638	ENSG00000129226	2	anterior_cingulate_cortex_ba24,frontal_cortex_ba9	M001,M004	0.009457546889447692	1.2173455490900087	1.201769549814844	2	2	0	0	abundance_only	0.001317282176918719	0.19735988308004793	anterior_cingulate_cortex_ba24	M001	immune system process, immune response, regulation of immune system process	1.0589395243290096	0.844236468554769	1.3282450568686877	1.1861935505396795	0.048179222935104196	0.9050000772308122	True	False						False	False	True	CD68
639	ENSG00000158710	2	anterior_cingulate_cortex_ba24,frontal_cortex_ba9	M001,M004	0.009457546889447692	1.2173455490900087	1.201769549814844	2	2	0	0	abundance_only	0.001317282176918719	0.16719706123740485	anterior_cingulate_cortex_ba24	M001	immune system process, immune response, regulation of immune system process	1.0589395243290096	0.844236468554769	1.3282450568686877	1.1861935505396795	0.048179222935104196	0.9050000772308122	True	False						False	False	True	TAGLN2
640	ENSG00000099860	2	anterior_cingulate_cortex_ba24,frontal_cortex_ba9	M001,M004	0.009457546889447692	1.2173455490900087	1.201769549814844	2	2	0	0	abundance_only	0.001317282176918719	0.15487179823529168	anterior_cingulate_cortex_ba24	M001	immune system process, immune response, regulation of immune system process	1.0589395243290096	0.844236468554769	1.3282450568686877	1.1861935505396795	0.048179222935104196	0.9050000772308122	True	False						False	False	True	GADD45B
641	ENSG00000015285	2	anterior_cingulate_cortex_ba24,frontal_cortex_ba9	M001,M004	0.009457546889447692	1.2173455490900087	1.201769549814844	2	2	0	0	abundance_only	0.001317282176918719	0.13947539199843245	anterior_cingulate_cortex_ba24	M001	immune system process, immune response, regulation of immune system process	1.0589395243290096	0.844236468554769	1.3282450568686877	1.1861935505396795	0.048179222935104196	0.9050000772308122	True	False						False	False	True	WAS
642	ENSG00000138964	2	anterior_cingulate_cortex_ba24,frontal_cortex_ba9	M001,M004	0.009457546889447692	1.2173455490900087	1.201769549814844	2	2	0	0	abundance_only	0.001317282176918719	0.13848480716061737	anterior_cingulate_cortex_ba24	M001	immune system process, immune response, regulation of immune system process	1.0589395243290096	0.844236468554769	1.3282450568686877	1.1861935505396795	0.048179222935104196	0.9050000772308122	True	False						False	False	True	PARVG
643	ENSG00000169896	2	anterior_cingulate_cortex_ba24,frontal_cortex_ba9	M001,M004	0.009457546889447692	1.2173455490900087	1.201769549814844	2	2	0	0	abundance_only	0.001317282176918719	0.10381636915189756	anterior_cingulate_cortex_ba24	M001	immune system process, immune response, regulation of immune system process	1.0589395243290096	0.844236468554769	1.3282450568686877	1.1861935505396795	0.048179222935104196	0.9050000772308122	True	False						False	False	True	ITGAM
644	ENSG00000239998	2	anterior_cingulate_cortex_ba24,frontal_cortex_ba9	M001,M004	0.009457546889447692	1.2173455490900087	1.201769549814844	2	2	0	0	abundance_only	0.001317282176918719	0.095701575455223	anterior_cingulate_cortex_ba24	M001	immune system process, immune response, regulation of immune system process	1.0589395243290096	0.844236468554769	1.3282450568686877	1.1861935505396795	0.048179222935104196	0.9050000772308122	True	False						False	False	True	LILRA2
645	ENSG00000213654	2	anterior_cingulate_cortex_ba24,frontal_cortex_ba9	M001,M004	0.009457546889447692	1.2173455490900087	1.201769549814844	2	2	0	0	abundance_only	0.001317282176918719	0.016456847408831243	anterior_cingulate_cortex_ba24	M001	immune system process, immune response, regulation of immune system process	1.0589395243290096	0.844236468554769	1.3282450568686877	1.1861935505396795	0.048179222935104196	0.9050000772308122	True	False						False	False	True	GPSM3
646	ENSG00000105122	2	anterior_cingulate_cortex_ba24,frontal_cortex_ba9	M001,M004	0.009457546889447692	1.2173455490900087	1.201769549814844	2	2	0	0	abundance_only	0.001317282176918719	0.015112445399191045	anterior_cingulate_cortex_ba24	M001	immune system process, immune response, regulation of immune system process	1.0589395243290096	0.844236468554769	1.3282450568686877	1.1861935505396795	0.048179222935104196	0.9050000772308122	True	False						False	False	True	RASAL3
647	ENSG00000143514	1	anterior_cingulate_cortex_ba24	M001	0.048179222935104196	1.1861935505396795	1.1861935505396795	1	1	0	1	coupled	0.001317282176918719	0.6441976153728648	anterior_cingulate_cortex_ba24	M001	immune system process, immune response, regulation of immune system process	1.0589395243290096	0.844236468554769	1.3282450568686877	1.1861935505396795	0.048179222935104196	0.9050000772308122	True	False						False	False	True	TP53BP2
648	ENSG00000163406	1	anterior_cingulate_cortex_ba24	M001	0.048179222935104196	1.1861935505396795	1.1861935505396795	1	1	0	1	coupled	0.001317282176918719	0.6272609067081749	anterior_cingulate_cortex_ba24	M001	immune system process, immune response, regulation of immune system process	1.0589395243290096	0.844236468554769	1.3282450568686877	1.1861935505396795	0.048179222935104196	0.9050000772308122	True	False						False	False	True	SLC15A2
649	ENSG00000126016	1	anterior_cingulate_cortex_ba24	M001	0.048179222935104196	1.1861935505396795	1.1861935505396795	1	1	0	1	coupled	0.001317282176918719	0.6240069299513685	anterior_cingulate_cortex_ba24	M001	immune system process, immune response, regulation of immune system process	1.0589395243290096	0.844236468554769	1.3282450568686877	1.1861935505396795	0.048179222935104196	0.9050000772308122	True	False						False	False	True	AMOT
650	ENSG00000231246	1	anterior_cingulate_cortex_ba24	M001	0.048179222935104196	1.1861935505396795	1.1861935505396795	1	1	0	1	coupled	0.001317282176918719	0.6089172767939617	anterior_cingulate_cortex_ba24	M001	immune system process, immune response, regulation of immune system process	1.0589395243290096	0.844236468554769	1.3282450568686877	1.1861935505396795	0.048179222935104196	0.9050000772308122	True	False						False	False	True	LINC02884
651	ENSG00000133195	1	anterior_cingulate_cortex_ba24	M001	0.048179222935104196	1.1861935505396795	1.1861935505396795	1	1	0	1	coupled	0.001317282176918719	0.5669468411511269	anterior_cingulate_cortex_ba24	M001	immune system process, immune response, regulation of immune system process	1.0589395243290096	0.844236468554769	1.3282450568686877	1.1861935505396795	0.048179222935104196	0.9050000772308122	True	False						False	False	True	SLC39A11
652	ENSG00000151474	1	anterior_cingulate_cortex_ba24	M001	0.048179222935104196	1.1861935505396795	1.1861935505396795	1	1	0	1	switch_only	0.001317282176918719	0.559656227518745	anterior_cingulate_cortex_ba24	M001	immune system process, immune response, regulation of immune system process	1.0589395243290096	0.844236468554769	1.3282450568686877	1.1861935505396795	0.048179222935104196	0.9050000772308122	True	False						False	False	True	FRMD4A
653	ENSG00000141540	1	anterior_cingulate_cortex_ba24	M001	0.048179222935104196	1.1861935505396795	1.1861935505396795	1	1	0	1	coupled	0.001317282176918719	0.5588660585492347	anterior_cingulate_cortex_ba24	M001	immune system process, immune response, regulation of immune system process	1.0589395243290096	0.844236468554769	1.3282450568686877	1.1861935505396795	0.048179222935104196	0.9050000772308122	True	False						False	False	True	TTYH2
654	ENSG00000103740	1	anterior_cingulate_cortex_ba24	M001	0.048179222935104196	1.1861935505396795	1.1861935505396795	1	1	0	1	coupled	0.001317282176918719	0.5574818483183207	anterior_cingulate_cortex_ba24	M001	immune system process, immune response, regulation of immune system process	1.0589395243290096	0.844236468554769	1.3282450568686877	1.1861935505396795	0.048179222935104196	0.9050000772308122	True	False						False	False	True	ACSBG1
655	ENSG00000111058	1	anterior_cingulate_cortex_ba24	M001	0.048179222935104196	1.1861935505396795	1.1861935505396795	1	1	0	1	coupled	0.001317282176918719	0.5551891453945044	anterior_cingulate_cortex_ba24	M001	immune system process, immune response, regulation of immune system process	1.0589395243290096	0.844236468554769	1.3282450568686877	1.1861935505396795	0.048179222935104196	0.9050000772308122	True	False						False	False	True	ACSS3
656	ENSG00000123096	1	anterior_cingulate_cortex_ba24	M001	0.048179222935104196	1.1861935505396795	1.1861935505396795	1	1	0	1	coupled	0.001317282176918719	0.5458754423916513	anterior_cingulate_cortex_ba24	M001	immune system process, immune response, regulation of immune system process	1.0589395243290096	0.844236468554769	1.3282450568686877	1.1861935505396795	0.048179222935104196	0.9050000772308122	True	False						False	False	True	SSPN
657	ENSG00000087903	1	anterior_cingulate_cortex_ba24	M001	0.048179222935104196	1.1861935505396795	1.1861935505396795	1	1	0	1	coupled	0.001317282176918719	0.5403729297352007	anterior_cingulate_cortex_ba24	M001	immune system process, immune response, regulation of immune system process	1.0589395243290096	0.844236468554769	1.3282450568686877	1.1861935505396795	0.048179222935104196	0.9050000772308122	True	False						False	False	True	RFX2
658	ENSG00000138600	1	anterior_cingulate_cortex_ba24	M001	0.048179222935104196	1.1861935505396795	1.1861935505396795	1	1	0	1	coupled	0.001317282176918719	0.5396254534859637	anterior_cingulate_cortex_ba24	M001	immune system process, immune response, regulation of immune system process	1.0589395243290096	0.844236468554769	1.3282450568686877	1.1861935505396795	0.048179222935104196	0.9050000772308122	True	False						False	False	True	SPPL2A
659	ENSG00000101144	1	anterior_cingulate_cortex_ba24	M001	0.048179222935104196	1.1861935505396795	1.1861935505396795	1	1	0	1	coupled	0.001317282176918719	0.5377593738301445	anterior_cingulate_cortex_ba24	M001	immune system process, immune response, regulation of immune system process	1.0589395243290096	0.844236468554769	1.3282450568686877	1.1861935505396795	0.048179222935104196	0.9050000772308122	True	False						False	False	True	BMP7
660	ENSG00000158195	1	anterior_cingulate_cortex_ba24	M001	0.048179222935104196	1.1861935505396795	1.1861935505396795	1	1	0	1	discordant	0.001317282176918719	0.5330220029005827	anterior_cingulate_cortex_ba24	M001	immune system process, immune response, regulation of immune system process	1.0589395243290096	0.844236468554769	1.3282450568686877	1.1861935505396795	0.048179222935104196	0.9050000772308122	True	False						False	False	True	WASF2
661	ENSG00000169439	1	anterior_cingulate_cortex_ba24	M001	0.048179222935104196	1.1861935505396795	1.1861935505396795	1	1	0	1	coupled	0.001317282176918719	0.530838122428749	anterior_cingulate_cortex_ba24	M001	immune system process, immune response, regulation of immune system process	1.0589395243290096	0.844236468554769	1.3282450568686877	1.1861935505396795	0.048179222935104196	0.9050000772308122	True	False						False	False	True	SDC2
662	ENSG00000111961	1	anterior_cingulate_cortex_ba24	M001	0.048179222935104196	1.1861935505396795	1.1861935505396795	1	1	0	1	coupled	0.001317282176918719	0.526263120714598	anterior_cingulate_cortex_ba24	M001	immune system process, immune response, regulation of immune system process	1.0589395243290096	0.844236468554769	1.3282450568686877	1.1861935505396795	0.048179222935104196	0.9050000772308122	True	False						False	False	True	SASH1
663	ENSG00000066044	1	anterior_cingulate_cortex_ba24	M001	0.048179222935104196	1.1861935505396795	1.1861935505396795	1	1	0	1	switch_only	0.001317282176918719	0.5240440043285849	anterior_cingulate_cortex_ba24	M001	immune system process, immune response, regulation of immune system process	1.0589395243290096	0.844236468554769	1.3282450568686877	1.1861935505396795	0.048179222935104196	0.9050000772308122	True	False						False	False	True	ELAVL1
664	ENSG00000134508	1	anterior_cingulate_cortex_ba24	M001	0.048179222935104196	1.1861935505396795	1.1861935505396795	1	1	0	1	discordant	0.001317282176918719	0.5211483796569967	anterior_cingulate_cortex_ba24	M001	immune system process, immune response, regulation of immune system process	1.0589395243290096	0.844236468554769	1.3282450568686877	1.1861935505396795	0.048179222935104196	0.9050000772308122	True	False						False	False	True	CABLES1
665	ENSG00000106003	1	anterior_cingulate_cortex_ba24	M001	0.048179222935104196	1.1861935505396795	1.1861935505396795	1	1	0	1	coupled	0.001317282176918719	0.5017500623110974	anterior_cingulate_cortex_ba24	M001	immune system process, immune response, regulation of immune system process	1.0589395243290096	0.844236468554769	1.3282450568686877	1.1861935505396795	0.048179222935104196	0.9050000772308122	True	False						False	False	True	LFNG
666	ENSG00000285980	1	anterior_cingulate_cortex_ba24	M001	0.048179222935104196	1.1861935505396795	1.1861935505396795	1	1	0	1	coupled	0.001317282176918719	0.4894689109058287	anterior_cingulate_cortex_ba24	M001	immune system process, immune response, regulation of immune system process	1.0589395243290096	0.844236468554769	1.3282450568686877	1.1861935505396795	0.048179222935104196	0.9050000772308122	True	False						False	False	True	ENSG00000285980
667	ENSG00000165795	1	anterior_cingulate_cortex_ba24	M001	0.048179222935104196	1.1861935505396795	1.1861935505396795	1	1	0	1	coupled	0.001317282176918719	0.4837331820601154	anterior_cingulate_cortex_ba24	M001	immune system process, immune response, regulation of immune system process	1.0589395243290096	0.844236468554769	1.3282450568686877	1.1861935505396795	0.048179222935104196	0.9050000772308122	True	False						False	False	True	NDRG2
668	ENSG00000257433	1	anterior_cingulate_cortex_ba24	M001	0.048179222935104196	1.1861935505396795	1.1861935505396795	1	1	0	1	coupled	0.001317282176918719	0.481387142694905	anterior_cingulate_cortex_ba24	M001	immune system process, immune response, regulation of immune system process	1.0589395243290096	0.844236468554769	1.3282450568686877	1.1861935505396795	0.048179222935104196	0.9050000772308122	True	False						False	False	True	RPAP3-DT
669	ENSG00000125804	1	anterior_cingulate_cortex_ba24	M001	0.048179222935104196	1.1861935505396795	1.1861935505396795	1	1	0	1	coupled	0.001317282176918719	0.480793254848858	anterior_cingulate_cortex_ba24	M001	immune system process, immune response, regulation of immune system process	1.0589395243290096	0.844236468554769	1.3282450568686877	1.1861935505396795	0.048179222935104196	0.9050000772308122	True	False						False	False	True	FAM182A
670	ENSG00000187391	1	anterior_cingulate_cortex_ba24	M001	0.048179222935104196	1.1861935505396795	1.1861935505396795	1	1	0	1	switch_only	0.001317282176918719	0.4787464652935722	anterior_cingulate_cortex_ba24	M001	immune system process, immune response, regulation of immune system process	1.0589395243290096	0.844236468554769	1.3282450568686877	1.1861935505396795	0.048179222935104196	0.9050000772308122	True	False						False	False	True	MAGI2
671	ENSG00000183255	1	anterior_cingulate_cortex_ba24	M001	0.048179222935104196	1.1861935505396795	1.1861935505396795	1	1	0	1	discordant	0.001317282176918719	0.4784911897380166	anterior_cingulate_cortex_ba24	M001	immune system process, immune response, regulation of immune system process	1.0589395243290096	0.844236468554769	1.3282450568686877	1.1861935505396795	0.048179222935104196	0.9050000772308122	True	False						False	False	True	PTTG1IP
672	ENSG00000138185	1	anterior_cingulate_cortex_ba24	M001	0.048179222935104196	1.1861935505396795	1.1861935505396795	1	1	0	1	coupled	0.001317282176918719	0.47342423330490935	anterior_cingulate_cortex_ba24	M001	immune system process, immune response, regulation of immune system process	1.0589395243290096	0.844236468554769	1.3282450568686877	1.1861935505396795	0.048179222935104196	0.9050000772308122	True	False						False	False	True	ENTPD1
673	ENSG00000010327	1	anterior_cingulate_cortex_ba24	M001	0.048179222935104196	1.1861935505396795	1.1861935505396795	1	1	0	1	coupled	0.001317282176918719	0.4648461006948346	anterior_cingulate_cortex_ba24	M001	immune system process, immune response, regulation of immune system process	1.0589395243290096	0.844236468554769	1.3282450568686877	1.1861935505396795	0.048179222935104196	0.9050000772308122	True	False						False	False	True	STAB1
674	ENSG00000182957	1	anterior_cingulate_cortex_ba24	M001	0.048179222935104196	1.1861935505396795	1.1861935505396795	1	1	0	1	coupled	0.001317282176918719	0.46343064696025243	anterior_cingulate_cortex_ba24	M001	immune system process, immune response, regulation of immune system process	1.0589395243290096	0.844236468554769	1.3282450568686877	1.1861935505396795	0.048179222935104196	0.9050000772308122	True	False						False	False	True	SPATA13
675	ENSG00000158714	1	anterior_cingulate_cortex_ba24	M001	0.048179222935104196	1.1861935505396795	1.1861935505396795	1	1	0	1	coupled	0.001317282176918719	0.4507387725633262	anterior_cingulate_cortex_ba24	M001	immune system process, immune response, regulation of immune system process	1.0589395243290096	0.844236468554769	1.3282450568686877	1.1861935505396795	0.048179222935104196	0.9050000772308122	True	False						False	False	True	SLAMF8
676	ENSG00000186638	1	anterior_cingulate_cortex_ba24	M001	0.048179222935104196	1.1861935505396795	1.1861935505396795	1	1	0	1	coupled	0.001317282176918719	0.447211766292228	anterior_cingulate_cortex_ba24	M001	immune system process, immune response, regulation of immune system process	1.0589395243290096	0.844236468554769	1.3282450568686877	1.1861935505396795	0.048179222935104196	0.9050000772308122	True	False						False	False	True	KIF24
677	ENSG00000205517	1	anterior_cingulate_cortex_ba24	M001	0.048179222935104196	1.1861935505396795	1.1861935505396795	1	1	0	1	coupled	0.001317282176918719	0.445821638468901	anterior_cingulate_cortex_ba24	M001	immune system process, immune response, regulation of immune system process	1.0589395243290096	0.844236468554769	1.3282450568686877	1.1861935505396795	0.048179222935104196	0.9050000772308122	True	False						False	False	True	RGL3
678	ENSG00000236754	1	anterior_cingulate_cortex_ba24	M001	0.048179222935104196	1.1861935505396795	1.1861935505396795	1	1	0	1	coupled	0.001317282176918719	0.4427703344706591	anterior_cingulate_cortex_ba24	M001	immune system process, immune response, regulation of immune system process	1.0589395243290096	0.844236468554769	1.3282450568686877	1.1861935505396795	0.048179222935104196	0.9050000772308122	True	False						False	False	True	ENSG00000236754
679	ENSG00000056736	1	anterior_cingulate_cortex_ba24	M001	0.048179222935104196	1.1861935505396795	1.1861935505396795	1	1	0	1	coupled	0.001317282176918719	0.44032564061110346	anterior_cingulate_cortex_ba24	M001	immune system process, immune response, regulation of immune system process	1.0589395243290096	0.844236468554769	1.3282450568686877	1.1861935505396795	0.048179222935104196	0.9050000772308122	True	False						False	False	True	IL17RB
680	ENSG00000228412	1	anterior_cingulate_cortex_ba24	M001	0.048179222935104196	1.1861935505396795	1.1861935505396795	1	1	0	1	coupled	0.001317282176918719	0.4230694940082734	anterior_cingulate_cortex_ba24	M001	immune system process, immune response, regulation of immune system process	1.0589395243290096	0.844236468554769	1.3282450568686877	1.1861935505396795	0.048179222935104196	0.9050000772308122	True	False						False	False	True	LNC-LBCS
681	ENSG00000113645	1	anterior_cingulate_cortex_ba24	M001	0.048179222935104196	1.1861935505396795	1.1861935505396795	1	1	0	1	coupled	0.001317282176918719	0.41350972370842626	anterior_cingulate_cortex_ba24	M001	immune system process, immune response, regulation of immune system process	1.0589395243290096	0.844236468554769	1.3282450568686877	1.1861935505396795	0.048179222935104196	0.9050000772308122	True	False						False	False	True	WWC1
682	ENSG00000205726	1	anterior_cingulate_cortex_ba24	M001	0.048179222935104196	1.1861935505396795	1.1861935505396795	1	1	0	1	switch_only	0.001317282176918719	0.4116966840829849	anterior_cingulate_cortex_ba24	M001	immune system process, immune response, regulation of immune system process	1.0589395243290096	0.844236468554769	1.3282450568686877	1.1861935505396795	0.048179222935104196	0.9050000772308122	True	False						False	False	True	ITSN1
683	ENSG00000137561	1	anterior_cingulate_cortex_ba24	M001	0.048179222935104196	1.1861935505396795	1.1861935505396795	1	1	0	1	coupled	0.001317282176918719	0.4113849077779054	anterior_cingulate_cortex_ba24	M001	immune system process, immune response, regulation of immune system process	1.0589395243290096	0.844236468554769	1.3282450568686877	1.1861935505396795	0.048179222935104196	0.9050000772308122	True	False						False	False	True	TTPA
684	ENSG00000267653	1	anterior_cingulate_cortex_ba24	M001	0.048179222935104196	1.1861935505396795	1.1861935505396795	1	1	0	1	coupled	0.001317282176918719	0.4094569879475029	anterior_cingulate_cortex_ba24	M001	immune system process, immune response, regulation of immune system process	1.0589395243290096	0.844236468554769	1.3282450568686877	1.1861935505396795	0.048179222935104196	0.9050000772308122	True	False						False	False	True	ENSG00000267653
685	ENSG00000158517	1	anterior_cingulate_cortex_ba24	M001	0.048179222935104196	1.1861935505396795	1.1861935505396795	1	1	0	1	coupled	0.001317282176918719	0.3904401959640551	anterior_cingulate_cortex_ba24	M001	immune system process, immune response, regulation of immune system process	1.0589395243290096	0.844236468554769	1.3282450568686877	1.1861935505396795	0.048179222935104196	0.9050000772308122	True	False						False	False	True	NCF1
686	ENSG00000147113	1	anterior_cingulate_cortex_ba24	M001	0.048179222935104196	1.1861935505396795	1.1861935505396795	1	1	0	1	coupled	0.001317282176918719	0.38404155682263114	anterior_cingulate_cortex_ba24	M001	immune system process, immune response, regulation of immune system process	1.0589395243290096	0.844236468554769	1.3282450568686877	1.1861935505396795	0.048179222935104196	0.9050000772308122	True	False						False	False	True	DIPK2B
687	ENSG00000186815	1	anterior_cingulate_cortex_ba24	M001	0.048179222935104196	1.1861935505396795	1.1861935505396795	1	1	0	1	coupled	0.001317282176918719	0.38338035252937747	anterior_cingulate_cortex_ba24	M001	immune system process, immune response, regulation of immune system process	1.0589395243290096	0.844236468554769	1.3282450568686877	1.1861935505396795	0.048179222935104196	0.9050000772308122	True	False	AD	sQTL	0.0111633812744585	splicing-led (IsoGraph-resolved switch)	splicing-led	True	True	True	TPCN1
688	ENSG00000236975	1	anterior_cingulate_cortex_ba24	M001	0.048179222935104196	1.1861935505396795	1.1861935505396795	1	1	0	1	coupled	0.001317282176918719	0.38251211524728723	anterior_cingulate_cortex_ba24	M001	immune system process, immune response, regulation of immune system process	1.0589395243290096	0.844236468554769	1.3282450568686877	1.1861935505396795	0.048179222935104196	0.9050000772308122	True	False						False	False	True	LINC02814
689	ENSG00000116117	1	anterior_cingulate_cortex_ba24	M001	0.048179222935104196	1.1861935505396795	1.1861935505396795	1	1	0	1	discordant	0.001317282176918719	0.3811505150102234	anterior_cingulate_cortex_ba24	M001	immune system process, immune response, regulation of immune system process	1.0589395243290096	0.844236468554769	1.3282450568686877	1.1861935505396795	0.048179222935104196	0.9050000772308122	True	False						False	False	True	PARD3B
690	ENSG00000138376	1	anterior_cingulate_cortex_ba24	M001	0.048179222935104196	1.1861935505396795	1.1861935505396795	1	1	0	1	coupled	0.001317282176918719	0.3785046292761702	anterior_cingulate_cortex_ba24	M001	immune system process, immune response, regulation of immune system process	1.0589395243290096	0.844236468554769	1.3282450568686877	1.1861935505396795	0.048179222935104196	0.9050000772308122	True	False						False	False	True	BARD1
691	ENSG00000152990	1	anterior_cingulate_cortex_ba24	M001	0.048179222935104196	1.1861935505396795	1.1861935505396795	1	1	0	1	coupled	0.001317282176918719	0.3776403928459263	anterior_cingulate_cortex_ba24	M001	immune system process, immune response, regulation of immune system process	1.0589395243290096	0.844236468554769	1.3282450568686877	1.1861935505396795	0.048179222935104196	0.9050000772308122	True	False						False	False	True	ADGRA3
692	ENSG00000100439	1	anterior_cingulate_cortex_ba24	M001	0.048179222935104196	1.1861935505396795	1.1861935505396795	1	1	0	1	discordant	0.001317282176918719	0.3717195204892285	anterior_cingulate_cortex_ba24	M001	immune system process, immune response, regulation of immune system process	1.0589395243290096	0.844236468554769	1.3282450568686877	1.1861935505396795	0.048179222935104196	0.9050000772308122	True	False						False	False	True	ABHD4
693	ENSG00000139364	1	anterior_cingulate_cortex_ba24	M001	0.048179222935104196	1.1861935505396795	1.1861935505396795	1	1	0	1	switch_only	0.001317282176918719	0.3617433631703209	anterior_cingulate_cortex_ba24	M001	immune system process, immune response, regulation of immune system process	1.0589395243290096	0.844236468554769	1.3282450568686877	1.1861935505396795	0.048179222935104196	0.9050000772308122	True	False						False	False	True	TMEM132B
694	ENSG00000100154	1	anterior_cingulate_cortex_ba24	M001	0.048179222935104196	1.1861935505396795	1.1861935505396795	1	1	0	1	coupled	0.001317282176918719	0.34054150049765314	anterior_cingulate_cortex_ba24	M001	immune system process, immune response, regulation of immune system process	1.0589395243290096	0.844236468554769	1.3282450568686877	1.1861935505396795	0.048179222935104196	0.9050000772308122	True	False						False	False	True	TTC28
695	ENSG00000186951	1	anterior_cingulate_cortex_ba24	M001	0.048179222935104196	1.1861935505396795	1.1861935505396795	1	1	0	1	coupled	0.001317282176918719	0.33251060381455677	anterior_cingulate_cortex_ba24	M001	immune system process, immune response, regulation of immune system process	1.0589395243290096	0.844236468554769	1.3282450568686877	1.1861935505396795	0.048179222935104196	0.9050000772308122	True	False						False	False	True	PPARA
696	ENSG00000182902	1	anterior_cingulate_cortex_ba24	M001	0.048179222935104196	1.1861935505396795	1.1861935505396795	1	1	0	1	discordant	0.001317282176918719	0.3322486568055389	anterior_cingulate_cortex_ba24	M001	immune system process, immune response, regulation of immune system process	1.0589395243290096	0.844236468554769	1.3282450568686877	1.1861935505396795	0.048179222935104196	0.9050000772308122	True	False						False	False	True	SLC25A18
697	ENSG00000066926	1	anterior_cingulate_cortex_ba24	M001	0.048179222935104196	1.1861935505396795	1.1861935505396795	1	1	0	1	switch_only	0.001317282176918719	0.314660456621733	anterior_cingulate_cortex_ba24	M001	immune system process, immune response, regulation of immune system process	1.0589395243290096	0.844236468554769	1.3282450568686877	1.1861935505396795	0.048179222935104196	0.9050000772308122	True	False						False	False	True	FECH
698	ENSG00000179604	1	anterior_cingulate_cortex_ba24	M001	0.048179222935104196	1.1861935505396795	1.1861935505396795	1	1	0	1	discordant	0.001317282176918719	0.31378065172963626	anterior_cingulate_cortex_ba24	M001	immune system process, immune response, regulation of immune system process	1.0589395243290096	0.844236468554769	1.3282450568686877	1.1861935505396795	0.048179222935104196	0.9050000772308122	True	False						False	False	True	CDC42EP4
699	ENSG00000066468	1	anterior_cingulate_cortex_ba24	M001	0.048179222935104196	1.1861935505396795	1.1861935505396795	1	1	0	1	discordant	0.001317282176918719	0.3130255832090706	anterior_cingulate_cortex_ba24	M001	immune system process, immune response, regulation of immune system process	1.0589395243290096	0.844236468554769	1.3282450568686877	1.1861935505396795	0.048179222935104196	0.9050000772308122	True	False						False	False	True	FGFR2
700	ENSG00000112419	1	anterior_cingulate_cortex_ba24	M001	0.048179222935104196	1.1861935505396795	1.1861935505396795	1	1	0	1	switch_only	0.001317282176918719	0.3102204389412154	anterior_cingulate_cortex_ba24	M001	immune system process, immune response, regulation of immune system process	1.0589395243290096	0.844236468554769	1.3282450568686877	1.1861935505396795	0.048179222935104196	0.9050000772308122	True	False						False	False	True	PHACTR2
701	ENSG00000170412	1	anterior_cingulate_cortex_ba24	M001	0.048179222935104196	1.1861935505396795	1.1861935505396795	1	1	0	1	discordant	0.001317282176918719	0.303863525814909	anterior_cingulate_cortex_ba24	M001	immune system process, immune response, regulation of immune system process	1.0589395243290096	0.844236468554769	1.3282450568686877	1.1861935505396795	0.048179222935104196	0.9050000772308122	True	False						False	False	True	GPRC5C
702	ENSG00000112773	1	anterior_cingulate_cortex_ba24	M001	0.048179222935104196	1.1861935505396795	1.1861935505396795	1	1	0	1	discordant	0.001317282176918719	0.3008320875938656	anterior_cingulate_cortex_ba24	M001	immune system process, immune response, regulation of immune system process	1.0589395243290096	0.844236468554769	1.3282450568686877	1.1861935505396795	0.048179222935104196	0.9050000772308122	True	False						False	False	True	TENT5A
703	ENSG00000068078	1	anterior_cingulate_cortex_ba24	M001	0.048179222935104196	1.1861935505396795	1.1861935505396795	1	1	0	1	discordant	0.001317282176918719	0.2988539397034309	anterior_cingulate_cortex_ba24	M001	immune system process, immune response, regulation of immune system process	1.0589395243290096	0.844236468554769	1.3282450568686877	1.1861935505396795	0.048179222935104196	0.9050000772308122	True	False						False	False	True	FGFR3
704	ENSG00000007866	1	anterior_cingulate_cortex_ba24	M001	0.048179222935104196	1.1861935505396795	1.1861935505396795	1	1	0	1	discordant	0.001317282176918719	0.29424841897231785	anterior_cingulate_cortex_ba24	M001	immune system process, immune response, regulation of immune system process	1.0589395243290096	0.844236468554769	1.3282450568686877	1.1861935505396795	0.048179222935104196	0.9050000772308122	True	False						False	False	True	TEAD3
705	ENSG00000102900	1	anterior_cingulate_cortex_ba24	M001	0.048179222935104196	1.1861935505396795	1.1861935505396795	1	1	0	1	switch_only	0.001317282176918719	0.2938972817316486	anterior_cingulate_cortex_ba24	M001	immune system process, immune response, regulation of immune system process	1.0589395243290096	0.844236468554769	1.3282450568686877	1.1861935505396795	0.048179222935104196	0.9050000772308122	True	False						False	False	True	NUP93
706	ENSG00000119280	1	anterior_cingulate_cortex_ba24	M001	0.048179222935104196	1.1861935505396795	1.1861935505396795	1	1	0	1	coupled	0.001317282176918719	0.293836728732562	anterior_cingulate_cortex_ba24	M001	immune system process, immune response, regulation of immune system process	1.0589395243290096	0.844236468554769	1.3282450568686877	1.1861935505396795	0.048179222935104196	0.9050000772308122	True	False						False	False	True	C1orf198
707	ENSG00000129116	1	anterior_cingulate_cortex_ba24	M001	0.048179222935104196	1.1861935505396795	1.1861935505396795	1	1	0	1	discordant	0.001317282176918719	0.28888299565235226	anterior_cingulate_cortex_ba24	M001	immune system process, immune response, regulation of immune system process	1.0589395243290096	0.844236468554769	1.3282450568686877	1.1861935505396795	0.048179222935104196	0.9050000772308122	True	False						False	False	True	PALLD
708	ENSG00000070371	1	anterior_cingulate_cortex_ba24	M001	0.048179222935104196	1.1861935505396795	1.1861935505396795	1	1	0	1	discordant	0.001317282176918719	0.2865361093235925	anterior_cingulate_cortex_ba24	M001	immune system process, immune response, regulation of immune system process	1.0589395243290096	0.844236468554769	1.3282450568686877	1.1861935505396795	0.048179222935104196	0.9050000772308122	True	False						False	False	True	CLTCL1
709	ENSG00000105383	1	anterior_cingulate_cortex_ba24	M001	0.048179222935104196	1.1861935505396795	1.1861935505396795	1	1	0	1	coupled	0.001317282176918719	0.2788671944529221	anterior_cingulate_cortex_ba24	M001	immune system process, immune response, regulation of immune system process	1.0589395243290096	0.844236468554769	1.3282450568686877	1.1861935505396795	0.048179222935104196	0.9050000772308122	True	False						False	False	True	CD33
710	ENSG00000172183	1	anterior_cingulate_cortex_ba24	M001	0.048179222935104196	1.1861935505396795	1.1861935505396795	1	1	0	1	coupled	0.001317282176918719	0.27525550925374104	anterior_cingulate_cortex_ba24	M001	immune system process, immune response, regulation of immune system process	1.0589395243290096	0.844236468554769	1.3282450568686877	1.1861935505396795	0.048179222935104196	0.9050000772308122	True	False						False	False	True	ISG20
711	ENSG00000125741	1	anterior_cingulate_cortex_ba24	M001	0.048179222935104196	1.1861935505396795	1.1861935505396795	1	1	0	1	switch_only	0.001317282176918719	0.27470745323762946	anterior_cingulate_cortex_ba24	M001	immune system process, immune response, regulation of immune system process	1.0589395243290096	0.844236468554769	1.3282450568686877	1.1861935505396795	0.048179222935104196	0.9050000772308122	True	False						False	False	True	OPA3
712	ENSG00000166428	1	anterior_cingulate_cortex_ba24	M001	0.048179222935104196	1.1861935505396795	1.1861935505396795	1	1	0	1	coupled	0.001317282176918719	0.2531359503502213	anterior_cingulate_cortex_ba24	M001	immune system process, immune response, regulation of immune system process	1.0589395243290096	0.844236468554769	1.3282450568686877	1.1861935505396795	0.048179222935104196	0.9050000772308122	True	False						False	False	True	PLD4
713	ENSG00000262655	1	anterior_cingulate_cortex_ba24	M001	0.048179222935104196	1.1861935505396795	1.1861935505396795	1	1	0	1	discordant	0.001317282176918719	0.23473888664775805	anterior_cingulate_cortex_ba24	M001	immune system process, immune response, regulation of immune system process	1.0589395243290096	0.844236468554769	1.3282450568686877	1.1861935505396795	0.048179222935104196	0.9050000772308122	True	False						False	False	True	SPON1
714	ENSG00000197471	1	anterior_cingulate_cortex_ba24	M001	0.048179222935104196	1.1861935505396795	1.1861935505396795	1	1	0	1	coupled	0.001317282176918719	0.22138662916985571	anterior_cingulate_cortex_ba24	M001	immune system process, immune response, regulation of immune system process	1.0589395243290096	0.844236468554769	1.3282450568686877	1.1861935505396795	0.048179222935104196	0.9050000772308122	True	False						False	False	True	SPN
715	ENSG00000075240	1	anterior_cingulate_cortex_ba24	M001	0.048179222935104196	1.1861935505396795	1.1861935505396795	1	1	0	1	switch_only	0.001317282176918719	0.21871978654563595	anterior_cingulate_cortex_ba24	M001	immune system process, immune response, regulation of immune system process	1.0589395243290096	0.844236468554769	1.3282450568686877	1.1861935505396795	0.048179222935104196	0.9050000772308122	True	False						False	False	True	GRAMD4
716	ENSG00000197496	1	anterior_cingulate_cortex_ba24	M001	0.048179222935104196	1.1861935505396795	1.1861935505396795	1	1	0	1	discordant	0.001317282176918719	0.21582856273185594	anterior_cingulate_cortex_ba24	M001	immune system process, immune response, regulation of immune system process	1.0589395243290096	0.844236468554769	1.3282450568686877	1.1861935505396795	0.048179222935104196	0.9050000772308122	True	False						False	False	True	SLC2A10
717	ENSG00000158578	1	anterior_cingulate_cortex_ba24	M001	0.048179222935104196	1.1861935505396795	1.1861935505396795	1	1	0	1	coupled	0.001317282176918719	0.20821504594299156	anterior_cingulate_cortex_ba24	M001	immune system process, immune response, regulation of immune system process	1.0589395243290096	0.844236468554769	1.3282450568686877	1.1861935505396795	0.048179222935104196	0.9050000772308122	True	False						False	False	True	ALAS2
718	ENSG00000114166	1	anterior_cingulate_cortex_ba24	M001	0.048179222935104196	1.1861935505396795	1.1861935505396795	1	1	0	1	discordant	0.001317282176918719	0.208187340653401	anterior_cingulate_cortex_ba24	M001	immune system process, immune response, regulation of immune system process	1.0589395243290096	0.844236468554769	1.3282450568686877	1.1861935505396795	0.048179222935104196	0.9050000772308122	True	False						False	False	True	KAT2B
719	ENSG00000085719	1	anterior_cingulate_cortex_ba24	M001	0.048179222935104196	1.1861935505396795	1.1861935505396795	1	1	0	1	discordant	0.001317282176918719	0.20205630663808163	anterior_cingulate_cortex_ba24	M001	immune system process, immune response, regulation of immune system process	1.0589395243290096	0.844236468554769	1.3282450568686877	1.1861935505396795	0.048179222935104196	0.9050000772308122	True	False						False	False	True	CPNE3
720	ENSG00000164039	1	anterior_cingulate_cortex_ba24	M001	0.048179222935104196	1.1861935505396795	1.1861935505396795	1	1	0	0	abundance_only	0.001317282176918719	0.19208526566570389	anterior_cingulate_cortex_ba24	M001	immune system process, immune response, regulation of immune system process	1.0589395243290096	0.844236468554769	1.3282450568686877	1.1861935505396795	0.048179222935104196	0.9050000772308122	True	False						False	False	True	BDH2
721	ENSG00000164976	1	anterior_cingulate_cortex_ba24	M001	0.048179222935104196	1.1861935505396795	1.1861935505396795	1	1	0	0	abundance_only	0.001317282176918719	0.1805354852764915	anterior_cingulate_cortex_ba24	M001	immune system process, immune response, regulation of immune system process	1.0589395243290096	0.844236468554769	1.3282450568686877	1.1861935505396795	0.048179222935104196	0.9050000772308122	True	False						False	False	True	MYORG
722	ENSG00000143341	1	anterior_cingulate_cortex_ba24	M001	0.048179222935104196	1.1861935505396795	1.1861935505396795	1	1	0	0	inactive	0.001317282176918719	0.1469135331549862	anterior_cingulate_cortex_ba24	M001	immune system process, immune response, regulation of immune system process	1.0589395243290096	0.844236468554769	1.3282450568686877	1.1861935505396795	0.048179222935104196	0.9050000772308122	True	False						False	False	True	HMCN1
723	ENSG00000182718	1	anterior_cingulate_cortex_ba24	M001	0.048179222935104196	1.1861935505396795	1.1861935505396795	1	1	0	0	abundance_only	0.001317282176918719	0.1426042168884794	anterior_cingulate_cortex_ba24	M001	immune system process, immune response, regulation of immune system process	1.0589395243290096	0.844236468554769	1.3282450568686877	1.1861935505396795	0.048179222935104196	0.9050000772308122	True	False						False	False	True	ANXA2
724	ENSG00000132386	1	anterior_cingulate_cortex_ba24	M001	0.048179222935104196	1.1861935505396795	1.1861935505396795	1	1	0	0	inactive	0.001317282176918719	0.14060501286268778	anterior_cingulate_cortex_ba24	M001	immune system process, immune response, regulation of immune system process	1.0589395243290096	0.844236468554769	1.3282450568686877	1.1861935505396795	0.048179222935104196	0.9050000772308122	True	False						False	False	True	SERPINF1
725	ENSG00000016391	1	anterior_cingulate_cortex_ba24	M001	0.048179222935104196	1.1861935505396795	1.1861935505396795	1	1	0	0	abundance_only	0.001317282176918719	0.11336830554507449	anterior_cingulate_cortex_ba24	M001	immune system process, immune response, regulation of immune system process	1.0589395243290096	0.844236468554769	1.3282450568686877	1.1861935505396795	0.048179222935104196	0.9050000772308122	True	False						False	False	True	CHDH
726	ENSG00000092820	1	anterior_cingulate_cortex_ba24	M001	0.048179222935104196	1.1861935505396795	1.1861935505396795	1	1	0	0	abundance_only	0.001317282176918719	0.09833530334438609	anterior_cingulate_cortex_ba24	M001	immune system process, immune response, regulation of immune system process	1.0589395243290096	0.844236468554769	1.3282450568686877	1.1861935505396795	0.048179222935104196	0.9050000772308122	True	False						False	False	True	EZR
727	ENSG00000167601	1	anterior_cingulate_cortex_ba24	M001	0.048179222935104196	1.1861935505396795	1.1861935505396795	1	1	0	0	abundance_only	0.001317282176918719	0.06623321930506597	anterior_cingulate_cortex_ba24	M001	immune system process, immune response, regulation of immune system process	1.0589395243290096	0.844236468554769	1.3282450568686877	1.1861935505396795	0.048179222935104196	0.9050000772308122	True	False						False	False	True	AXL
728	ENSG00000161509	1	anterior_cingulate_cortex_ba24	M001	0.048179222935104196	1.1861935505396795	1.1861935505396795	1	1	0	0	abundance_only	0.001317282176918719	0.06127043275054474	anterior_cingulate_cortex_ba24	M001	immune system process, immune response, regulation of immune system process	1.0589395243290096	0.844236468554769	1.3282450568686877	1.1861935505396795	0.048179222935104196	0.9050000772308122	True	False						False	False	True	GRIN2C
729	ENSG00000183579	1	anterior_cingulate_cortex_ba24	M001	0.048179222935104196	1.1861935505396795	1.1861935505396795	1	1	0	0	abundance_only	0.001317282176918719	0.05215664594810778	anterior_cingulate_cortex_ba24	M001	immune system process, immune response, regulation of immune system process	1.0589395243290096	0.844236468554769	1.3282450568686877	1.1861935505396795	0.048179222935104196	0.9050000772308122	True	False						False	False	True	ZNRF3
730	ENSG00000100427	1	anterior_cingulate_cortex_ba24	M001	0.048179222935104196	1.1861935505396795	1.1861935505396795	1	1	0	0	abundance_only	0.001317282176918719	0.04307250963284009	anterior_cingulate_cortex_ba24	M001	immune system process, immune response, regulation of immune system process	1.0589395243290096	0.844236468554769	1.3282450568686877	1.1861935505396795	0.048179222935104196	0.9050000772308122	True	False						False	False	True	MLC1
731	ENSG00000099866	1	anterior_cingulate_cortex_ba24	M001	0.048179222935104196	1.1861935505396795	1.1861935505396795	1	1	0	0	inactive	0.001317282176918719	0.03626934157089022	anterior_cingulate_cortex_ba24	M001	immune system process, immune response, regulation of immune system process	1.0589395243290096	0.844236468554769	1.3282450568686877	1.1861935505396795	0.048179222935104196	0.9050000772308122	True	False						False	False	True	MADCAM1
732	ENSG00000141756	1	anterior_cingulate_cortex_ba24	M001	0.048179222935104196	1.1861935505396795	1.1861935505396795	1	1	0	0	abundance_only	0.001317282176918719	0.03624546822247629	anterior_cingulate_cortex_ba24	M001	immune system process, immune response, regulation of immune system process	1.0589395243290096	0.844236468554769	1.3282450568686877	1.1861935505396795	0.048179222935104196	0.9050000772308122	True	False						False	False	True	FKBP10
733	ENSG00000179010	1	anterior_cingulate_cortex_ba24	M001	0.048179222935104196	1.1861935505396795	1.1861935505396795	1	1	0	0	inactive	0.001317282176918719	0.01508047276537349	anterior_cingulate_cortex_ba24	M001	immune system process, immune response, regulation of immune system process	1.0589395243290096	0.844236468554769	1.3282450568686877	1.1861935505396795	0.048179222935104196	0.9050000772308122	True	False						False	False	True	MRFAP1
734	ENSG00000018625	1	anterior_cingulate_cortex_ba24	M001	0.048179222935104196	1.1861935505396795	1.1861935505396795	1	1	0	0	abundance_only	0.001317282176918719	0.011022495645754513	anterior_cingulate_cortex_ba24	M001	immune system process, immune response, regulation of immune system process	1.0589395243290096	0.844236468554769	1.3282450568686877	1.1861935505396795	0.048179222935104196	0.9050000772308122	True	False						False	False	True	ATP1A2
735	ENSG00000134569	1	anterior_cingulate_cortex_ba24	M001	0.048179222935104196	1.1861935505396795	1.1861935505396795	1	1	0	0	abundance_only	0.001317282176918719	0.0020635786540232305	anterior_cingulate_cortex_ba24	M001	immune system process, immune response, regulation of immune system process	1.0589395243290096	0.844236468554769	1.3282450568686877	1.1861935505396795	0.048179222935104196	0.9050000772308122	True	False						False	False	True	LRP4
736	ENSG00000182272	1	frontal_cortex_ba9	M019	0.03333841003371108	1.3975126903553299	1.3975126903553299	1	1	1	1	discordant	0.006042228633040225	0.8564450036583934	frontal_cortex_ba9	M019		1.1634662065622994	0.7873763455907254	1.7191951744459566	1.3975126903553299	0.03333841003371108	0.8342190024769632	True	False						False	False	True	B4GALNT4
737	ENSG00000146830	1	frontal_cortex_ba9	M019	0.03333841003371108	1.3975126903553299	1.3975126903553299	1	1	1	1	discordant	0.006042228633040225	0.7994548953894138	frontal_cortex_ba9	M019		1.1634662065622994	0.7873763455907254	1.7191951744459566	1.3975126903553299	0.03333841003371108	0.8342190024769632	True	False						False	False	True	GIGYF1
738	ENSG00000171720	1	frontal_cortex_ba9	M019	0.03333841003371108	1.3975126903553299	1.3975126903553299	1	1	1	1	discordant	0.006042228633040225	0.7937797529506936	frontal_cortex_ba9	M019		1.1634662065622994	0.7873763455907254	1.7191951744459566	1.3975126903553299	0.03333841003371108	0.8342190024769632	True	False						False	False	True	HDAC3
739	ENSG00000174233	1	frontal_cortex_ba9	M019	0.03333841003371108	1.3975126903553299	1.3975126903553299	1	1	1	1	discordant	0.006042228633040225	0.7578134352279662	frontal_cortex_ba9	M019		1.1634662065622994	0.7873763455907254	1.7191951744459566	1.3975126903553299	0.03333841003371108	0.8342190024769632	True	False						False	False	True	ADCY6
740	ENSG00000155275	1	frontal_cortex_ba9	M019	0.03333841003371108	1.3975126903553299	1.3975126903553299	1	1	1	1	discordant	0.006042228633040225	0.7499005344181371	frontal_cortex_ba9	M019		1.1634662065622994	0.7873763455907254	1.7191951744459566	1.3975126903553299	0.03333841003371108	0.8342190024769632	True	False						False	False	True	TRMT44
741	ENSG00000165661	1	frontal_cortex_ba9	M019	0.03333841003371108	1.3975126903553299	1.3975126903553299	1	1	1	1	discordant	0.006042228633040225	0.7334289405318108	frontal_cortex_ba9	M019		1.1634662065622994	0.7873763455907254	1.7191951744459566	1.3975126903553299	0.03333841003371108	0.8342190024769632	True	False						False	False	True	QSOX2
742	ENSG00000242802	1	frontal_cortex_ba9	M019	0.03333841003371108	1.3975126903553299	1.3975126903553299	1	1	1	1	discordant	0.006042228633040225	0.7260462851642506	frontal_cortex_ba9	M019		1.1634662065622994	0.7873763455907254	1.7191951744459566	1.3975126903553299	0.03333841003371108	0.8342190024769632	True	False						False	False	True	AP5Z1
743	ENSG00000107331	1	frontal_cortex_ba9	M019	0.03333841003371108	1.3975126903553299	1.3975126903553299	1	1	1	1	discordant	0.006042228633040225	0.7072265475352553	frontal_cortex_ba9	M019		1.1634662065622994	0.7873763455907254	1.7191951744459566	1.3975126903553299	0.03333841003371108	0.8342190024769632	True	False						False	False	True	ABCA2
744	ENSG00000179094	1	frontal_cortex_ba9	M019	0.03333841003371108	1.3975126903553299	1.3975126903553299	1	1	1	1	discordant	0.006042228633040225	0.7033570410015246	frontal_cortex_ba9	M019		1.1634662065622994	0.7873763455907254	1.7191951744459566	1.3975126903553299	0.03333841003371108	0.8342190024769632	True	False						False	False	True	PER1
745	ENSG00000079805	1	frontal_cortex_ba9	M019	0.03333841003371108	1.3975126903553299	1.3975126903553299	1	1	1	1	discordant	0.006042228633040225	0.6968976765356422	frontal_cortex_ba9	M019		1.1634662065622994	0.7873763455907254	1.7191951744459566	1.3975126903553299	0.03333841003371108	0.8342190024769632	True	False						False	False	True	DNM2
746	ENSG00000137070	1	frontal_cortex_ba9	M019	0.03333841003371108	1.3975126903553299	1.3975126903553299	1	1	1	1	discordant	0.006042228633040225	0.693833328484431	frontal_cortex_ba9	M019		1.1634662065622994	0.7873763455907254	1.7191951744459566	1.3975126903553299	0.03333841003371108	0.8342190024769632	True	False						False	False	True	IL11RA
747	ENSG00000162909	1	frontal_cortex_ba9	M019	0.03333841003371108	1.3975126903553299	1.3975126903553299	1	1	1	1	discordant	0.006042228633040225	0.6821758394959958	frontal_cortex_ba9	M019		1.1634662065622994	0.7873763455907254	1.7191951744459566	1.3975126903553299	0.03333841003371108	0.8342190024769632	True	False						False	False	True	CAPN2
748	ENSG00000164877	1	frontal_cortex_ba9	M019	0.03333841003371108	1.3975126903553299	1.3975126903553299	1	1	1	1	discordant	0.006042228633040225	0.6728899989169428	frontal_cortex_ba9	M019		1.1634662065622994	0.7873763455907254	1.7191951744459566	1.3975126903553299	0.03333841003371108	0.8342190024769632	True	False						False	False	True	MICALL2
749	ENSG00000104973	1	frontal_cortex_ba9	M019	0.03333841003371108	1.3975126903553299	1.3975126903553299	1	1	1	1	discordant	0.006042228633040225	0.6534383229244215	frontal_cortex_ba9	M019		1.1634662065622994	0.7873763455907254	1.7191951744459566	1.3975126903553299	0.03333841003371108	0.8342190024769632	True	False						False	False	True	MED25
750	ENSG00000174915	1	frontal_cortex_ba9	M019	0.03333841003371108	1.3975126903553299	1.3975126903553299	1	1	1	1	discordant	0.006042228633040225	0.6164292252130443	frontal_cortex_ba9	M019		1.1634662065622994	0.7873763455907254	1.7191951744459566	1.3975126903553299	0.03333841003371108	0.8342190024769632	True	False						False	False	True	PTDSS2
751	ENSG00000165458	1	frontal_cortex_ba9	M019	0.03333841003371108	1.3975126903553299	1.3975126903553299	1	1	1	1	switch_only	0.006042228633040225	0.6040030483774527	frontal_cortex_ba9	M019		1.1634662065622994	0.7873763455907254	1.7191951744459566	1.3975126903553299	0.03333841003371108	0.8342190024769632	True	False						False	False	True	INPPL1
752	ENSG00000213918	1	frontal_cortex_ba9	M019	0.03333841003371108	1.3975126903553299	1.3975126903553299	1	1	1	1	discordant	0.006042228633040225	0.5919422870572181	frontal_cortex_ba9	M019		1.1634662065622994	0.7873763455907254	1.7191951744459566	1.3975126903553299	0.03333841003371108	0.8342190024769632	True	False						False	False	True	DNASE1
753	ENSG00000092295	1	frontal_cortex_ba9	M019	0.03333841003371108	1.3975126903553299	1.3975126903553299	1	1	1	1	discordant	0.006042228633040225	0.58502640519078	frontal_cortex_ba9	M019		1.1634662065622994	0.7873763455907254	1.7191951744459566	1.3975126903553299	0.03333841003371108	0.8342190024769632	True	False						False	False	True	TGM1
754	ENSG00000168389	1	frontal_cortex_ba9	M019	0.03333841003371108	1.3975126903553299	1.3975126903553299	1	1	1	1	discordant	0.006042228633040225	0.5758984405807015	frontal_cortex_ba9	M019		1.1634662065622994	0.7873763455907254	1.7191951744459566	1.3975126903553299	0.03333841003371108	0.8342190024769632	True	False						False	False	True	MFSD2A
755	ENSG00000167394	1	frontal_cortex_ba9	M019	0.03333841003371108	1.3975126903553299	1.3975126903553299	1	1	1	1	discordant	0.006042228633040225	0.5606128448873574	frontal_cortex_ba9	M019		1.1634662065622994	0.7873763455907254	1.7191951744459566	1.3975126903553299	0.03333841003371108	0.8342190024769632	True	False						False	False	True	ZNF668
756	ENSG00000133048	1	frontal_cortex_ba9	M019	0.03333841003371108	1.3975126903553299	1.3975126903553299	1	1	1	1	discordant	0.006042228633040225	0.5583785439808866	frontal_cortex_ba9	M019		1.1634662065622994	0.7873763455907254	1.7191951744459566	1.3975126903553299	0.03333841003371108	0.8342190024769632	True	False						False	False	True	CHI3L1
757	ENSG00000297007	1	frontal_cortex_ba9	M019	0.03333841003371108	1.3975126903553299	1.3975126903553299	1	1	1	1	discordant	0.006042228633040225	0.5566686762167684	frontal_cortex_ba9	M019		1.1634662065622994	0.7873763455907254	1.7191951744459566	1.3975126903553299	0.03333841003371108	0.8342190024769632	True	False						False	False	True	ENSG00000297007
758	ENSG00000142910	1	frontal_cortex_ba9	M019	0.03333841003371108	1.3975126903553299	1.3975126903553299	1	1	1	1	switch_only	0.006042228633040225	0.5384089613492585	frontal_cortex_ba9	M019		1.1634662065622994	0.7873763455907254	1.7191951744459566	1.3975126903553299	0.03333841003371108	0.8342190024769632	True	False						False	False	True	TINAGL1
759	ENSG00000231312	1	frontal_cortex_ba9	M019	0.03333841003371108	1.3975126903553299	1.3975126903553299	1	1	1	1	discordant	0.006042228633040225	0.5297042671461489	frontal_cortex_ba9	M019		1.1634662065622994	0.7873763455907254	1.7191951744459566	1.3975126903553299	0.03333841003371108	0.8342190024769632	True	False						False	False	True	MAP4K3-DT
760	ENSG00000169994	1	frontal_cortex_ba9	M019	0.03333841003371108	1.3975126903553299	1.3975126903553299	1	1	1	1	discordant	0.006042228633040225	0.49224910705557806	frontal_cortex_ba9	M019		1.1634662065622994	0.7873763455907254	1.7191951744459566	1.3975126903553299	0.03333841003371108	0.8342190024769632	True	False						False	False	True	MYO7B
761	ENSG00000130775	1	frontal_cortex_ba9	M019	0.03333841003371108	1.3975126903553299	1.3975126903553299	1	1	1	1	discordant	0.006042228633040225	0.4731444246780233	frontal_cortex_ba9	M019		1.1634662065622994	0.7873763455907254	1.7191951744459566	1.3975126903553299	0.03333841003371108	0.8342190024769632	True	False						False	False	True	THEMIS2
762	ENSG00000132530	1	frontal_cortex_ba9	M019	0.03333841003371108	1.3975126903553299	1.3975126903553299	1	1	1	1	discordant	0.006042228633040225	0.4717838158394773	frontal_cortex_ba9	M019		1.1634662065622994	0.7873763455907254	1.7191951744459566	1.3975126903553299	0.03333841003371108	0.8342190024769632	True	False						False	False	True	XAF1
763	ENSG00000080031	1	frontal_cortex_ba9	M019	0.03333841003371108	1.3975126903553299	1.3975126903553299	1	1	1	1	discordant	0.006042228633040225	0.46144694991256074	frontal_cortex_ba9	M019		1.1634662065622994	0.7873763455907254	1.7191951744459566	1.3975126903553299	0.03333841003371108	0.8342190024769632	True	False						False	False	True	PTPRH
764	ENSG00000169231	1	frontal_cortex_ba9	M019	0.03333841003371108	1.3975126903553299	1.3975126903553299	1	1	1	1	discordant	0.006042228633040225	0.4612958100026345	frontal_cortex_ba9	M019		1.1634662065622994	0.7873763455907254	1.7191951744459566	1.3975126903553299	0.03333841003371108	0.8342190024769632	True	False						False	False	True	THBS3
765	ENSG00000107816	1	frontal_cortex_ba9	M019	0.03333841003371108	1.3975126903553299	1.3975126903553299	1	1	1	1	discordant	0.006042228633040225	0.4507266534788669	frontal_cortex_ba9	M019		1.1634662065622994	0.7873763455907254	1.7191951744459566	1.3975126903553299	0.03333841003371108	0.8342190024769632	True	False						False	False	True	LZTS2
766	ENSG00000137411	1	frontal_cortex_ba9	M019	0.03333841003371108	1.3975126903553299	1.3975126903553299	1	1	1	1	discordant	0.006042228633040225	0.4490752034183715	frontal_cortex_ba9	M019		1.1634662065622994	0.7873763455907254	1.7191951744459566	1.3975126903553299	0.03333841003371108	0.8342190024769632	True	False						False	False	True	VARS2
767	ENSG00000164088	1	frontal_cortex_ba9	M019	0.03333841003371108	1.3975126903553299	1.3975126903553299	1	1	1	1	discordant	0.006042228633040225	0.4249113086888374	frontal_cortex_ba9	M019		1.1634662065622994	0.7873763455907254	1.7191951744459566	1.3975126903553299	0.03333841003371108	0.8342190024769632	True	False						False	False	True	PPM1M
768	ENSG00000198171	1	frontal_cortex_ba9	M019	0.03333841003371108	1.3975126903553299	1.3975126903553299	1	1	1	1	discordant	0.006042228633040225	0.42060534720735615	frontal_cortex_ba9	M019		1.1634662065622994	0.7873763455907254	1.7191951744459566	1.3975126903553299	0.03333841003371108	0.8342190024769632	True	False						False	False	True	DDRGK1
769	ENSG00000172663	1	frontal_cortex_ba9	M019	0.03333841003371108	1.3975126903553299	1.3975126903553299	1	1	1	1	discordant	0.006042228633040225	0.41495703516071003	frontal_cortex_ba9	M019		1.1634662065622994	0.7873763455907254	1.7191951744459566	1.3975126903553299	0.03333841003371108	0.8342190024769632	True	False						False	False	True	TMEM134
770	ENSG00000307673	1	frontal_cortex_ba9	M019	0.03333841003371108	1.3975126903553299	1.3975126903553299	1	1	1	1	discordant	0.006042228633040225	0.4013507347795773	frontal_cortex_ba9	M019		1.1634662065622994	0.7873763455907254	1.7191951744459566	1.3975126903553299	0.03333841003371108	0.8342190024769632	True	False						False	False	True	ENSG00000307673
771	ENSG00000136859	1	frontal_cortex_ba9	M019	0.03333841003371108	1.3975126903553299	1.3975126903553299	1	1	1	1	switch_only	0.006042228633040225	0.38978950000112716	frontal_cortex_ba9	M019		1.1634662065622994	0.7873763455907254	1.7191951744459566	1.3975126903553299	0.03333841003371108	0.8342190024769632	True	False						False	False	True	ANGPTL2
772	ENSG00000159733	1	frontal_cortex_ba9	M019	0.03333841003371108	1.3975126903553299	1.3975126903553299	1	1	1	1	coupled	0.006042228633040225	0.38957159689252685	frontal_cortex_ba9	M019		1.1634662065622994	0.7873763455907254	1.7191951744459566	1.3975126903553299	0.03333841003371108	0.8342190024769632	True	False						False	False	True	ZFYVE28
773	ENSG00000264589	1	frontal_cortex_ba9	M019	0.03333841003371108	1.3975126903553299	1.3975126903553299	1	1	1	1	discordant	0.006042228633040225	0.3768537187723525	frontal_cortex_ba9	M019		1.1634662065622994	0.7873763455907254	1.7191951744459566	1.3975126903553299	0.03333841003371108	0.8342190024769632	True	False						False	False	True	MAPT-AS1
774	ENSG00000100092	1	frontal_cortex_ba9	M019	0.03333841003371108	1.3975126903553299	1.3975126903553299	1	1	1	1	discordant	0.006042228633040225	0.3276212614371117	frontal_cortex_ba9	M019		1.1634662065622994	0.7873763455907254	1.7191951744459566	1.3975126903553299	0.03333841003371108	0.8342190024769632	True	False						False	False	True	SH3BP1
775	ENSG00000229431	1	frontal_cortex_ba9	M019	0.03333841003371108	1.3975126903553299	1.3975126903553299	1	1	1	1	discordant	0.006042228633040225	0.30262748287829616	frontal_cortex_ba9	M019		1.1634662065622994	0.7873763455907254	1.7191951744459566	1.3975126903553299	0.03333841003371108	0.8342190024769632	True	False						False	False	True	MED8-AS1
776	ENSG00000278224	1	frontal_cortex_ba9	M019	0.03333841003371108	1.3975126903553299	1.3975126903553299	1	1	1	1	discordant	0.006042228633040225	0.3014735948680307	frontal_cortex_ba9	M019		1.1634662065622994	0.7873763455907254	1.7191951744459566	1.3975126903553299	0.03333841003371108	0.8342190024769632	True	False						False	False	True	PRICKLE4
777	ENSG00000071655	1	frontal_cortex_ba9	M019	0.03333841003371108	1.3975126903553299	1.3975126903553299	1	1	1	1	switch_only	0.006042228633040225	0.3004775489319755	frontal_cortex_ba9	M019		1.1634662065622994	0.7873763455907254	1.7191951744459566	1.3975126903553299	0.03333841003371108	0.8342190024769632	True	False						False	False	True	MBD3
778	ENSG00000168056	1	frontal_cortex_ba9	M019	0.03333841003371108	1.3975126903553299	1.3975126903553299	1	1	1	1	discordant	0.006042228633040225	0.28744287867411783	frontal_cortex_ba9	M019		1.1634662065622994	0.7873763455907254	1.7191951744459566	1.3975126903553299	0.03333841003371108	0.8342190024769632	True	False						False	False	True	LTBP3
779	ENSG00000187994	1	frontal_cortex_ba9	M019	0.03333841003371108	1.3975126903553299	1.3975126903553299	1	1	1	1	discordant	0.006042228633040225	0.28378627026660364	frontal_cortex_ba9	M019		1.1634662065622994	0.7873763455907254	1.7191951744459566	1.3975126903553299	0.03333841003371108	0.8342190024769632	True	False						False	False	True	RINL
780	ENSG00000137731	1	frontal_cortex_ba9	M019	0.03333841003371108	1.3975126903553299	1.3975126903553299	1	1	1	1	discordant	0.006042228633040225	0.2828648251994176	frontal_cortex_ba9	M019		1.1634662065622994	0.7873763455907254	1.7191951744459566	1.3975126903553299	0.03333841003371108	0.8342190024769632	True	False						False	False	True	FXYD2
781	ENSG00000171302	1	frontal_cortex_ba9	M019	0.03333841003371108	1.3975126903553299	1.3975126903553299	1	1	1	1	discordant	0.006042228633040225	0.26854047868041037	frontal_cortex_ba9	M019		1.1634662065622994	0.7873763455907254	1.7191951744459566	1.3975126903553299	0.03333841003371108	0.8342190024769632	True	False						False	False	True	CANT1
782	ENSG00000010282	1	frontal_cortex_ba9	M019	0.03333841003371108	1.3975126903553299	1.3975126903553299	1	1	1	1	switch_only	0.006042228633040225	0.26306485213344094	frontal_cortex_ba9	M019		1.1634662065622994	0.7873763455907254	1.7191951744459566	1.3975126903553299	0.03333841003371108	0.8342190024769632	True	False						False	False	True	HHATL
783	ENSG00000174744	1	frontal_cortex_ba9	M019	0.03333841003371108	1.3975126903553299	1.3975126903553299	1	1	1	1	discordant	0.006042228633040225	0.26139102982313367	frontal_cortex_ba9	M019		1.1634662065622994	0.7873763455907254	1.7191951744459566	1.3975126903553299	0.03333841003371108	0.8342190024769632	True	False						False	False	True	BRMS1
784	ENSG00000169733	1	frontal_cortex_ba9	M019	0.03333841003371108	1.3975126903553299	1.3975126903553299	1	1	1	0	abundance_only	0.006042228633040225	0.11831667284145503	frontal_cortex_ba9	M019		1.1634662065622994	0.7873763455907254	1.7191951744459566	1.3975126903553299	0.03333841003371108	0.8342190024769632	True	False						False	False	True	RFNG
785	ENSG00000115307	1	frontal_cortex_ba9	M019	0.03333841003371108	1.3975126903553299	1.3975126903553299	1	1	1	0	abundance_only	0.006042228633040225	0.08378311817117876	frontal_cortex_ba9	M019		1.1634662065622994	0.7873763455907254	1.7191951744459566	1.3975126903553299	0.03333841003371108	0.8342190024769632	True	False						False	False	True	AUP1
786	ENSG00000224051	1	frontal_cortex_ba9	M019	0.03333841003371108	1.3975126903553299	1.3975126903553299	1	1	1	0	abundance_only	0.006042228633040225	0.06175504596751874	frontal_cortex_ba9	M019		1.1634662065622994	0.7873763455907254	1.7191951744459566	1.3975126903553299	0.03333841003371108	0.8342190024769632	True	False						False	False	True	CPTP
787	ENSG00000007376	1	frontal_cortex_ba9	M019	0.03333841003371108	1.3975126903553299	1.3975126903553299	1	1	1	0	abundance_only	0.006042228633040225	0.018989228597170348	frontal_cortex_ba9	M019		1.1634662065622994	0.7873763455907254	1.7191951744459566	1.3975126903553299	0.03333841003371108	0.8342190024769632	True	False						False	False	True	RPUSD1
788	ENSG00000127445	3	anterior_cingulate_cortex_ba24,cortex,frontal_cortex_ba9	M005,M013,M028	5.2985836709636906e-11	1.9675739644970416	1.6413546169287168	3	3	2	3	coupled	0.000905492123843912	0.6512821564144458	anterior_cingulate_cortex_ba24	M013		1.1217290506917712	0.7742395707464002	1.6251766387409394	1.50236646382691	0.0009172656306713378	0.8757139979370082	True	False						False	False	True	PIN1
789	ENSG00000175224	1	anterior_cingulate_cortex_ba24	M013	0.0009172656306713378	1.50236646382691	1.50236646382691	1	1	1	1	coupled	0.0038471224606293525	0.8565605816507283	anterior_cingulate_cortex_ba24	M013		1.1217290506917712	0.7742395707464002	1.6251766387409394	1.50236646382691	0.0009172656306713378	0.8757139979370082	True	False						False	False	True	ATG13
790	ENSG00000066629	1	anterior_cingulate_cortex_ba24	M013	0.0009172656306713378	1.50236646382691	1.50236646382691	1	1	1	1	coupled	0.0038471224606293525	0.840773619972772	anterior_cingulate_cortex_ba24	M013		1.1217290506917712	0.7742395707464002	1.6251766387409394	1.50236646382691	0.0009172656306713378	0.8757139979370082	True	False						False	False	True	EML1
791	ENSG00000084623	1	anterior_cingulate_cortex_ba24	M013	0.0009172656306713378	1.50236646382691	1.50236646382691	1	1	1	1	coupled	0.0038471224606293525	0.8161267147372407	anterior_cingulate_cortex_ba24	M013		1.1217290506917712	0.7742395707464002	1.6251766387409394	1.50236646382691	0.0009172656306713378	0.8757139979370082	True	False						False	False	True	EIF3I
792	ENSG00000166716	1	anterior_cingulate_cortex_ba24	M013	0.0009172656306713378	1.50236646382691	1.50236646382691	1	1	1	1	coupled	0.0038471224606293525	0.7708125258196906	anterior_cingulate_cortex_ba24	M013		1.1217290506917712	0.7742395707464002	1.6251766387409394	1.50236646382691	0.0009172656306713378	0.8757139979370082	True	False						False	False	True	ZNF592
793	ENSG00000172757	1	anterior_cingulate_cortex_ba24	M013	0.0009172656306713378	1.50236646382691	1.50236646382691	1	1	1	1	coupled	0.0038471224606293525	0.7525596765751779	anterior_cingulate_cortex_ba24	M013		1.1217290506917712	0.7742395707464002	1.6251766387409394	1.50236646382691	0.0009172656306713378	0.8757139979370082	True	False						False	False	True	CFL1
794	ENSG00000125779	1	anterior_cingulate_cortex_ba24	M013	0.0009172656306713378	1.50236646382691	1.50236646382691	1	1	1	1	coupled	0.0038471224606293525	0.7494706393349746	anterior_cingulate_cortex_ba24	M013		1.1217290506917712	0.7742395707464002	1.6251766387409394	1.50236646382691	0.0009172656306713378	0.8757139979370082	True	False						False	False	True	PANK2
795	ENSG00000175221	1	anterior_cingulate_cortex_ba24	M013	0.0009172656306713378	1.50236646382691	1.50236646382691	1	1	1	1	coupled	0.0038471224606293525	0.7454027913699544	anterior_cingulate_cortex_ba24	M013		1.1217290506917712	0.7742395707464002	1.6251766387409394	1.50236646382691	0.0009172656306713378	0.8757139979370082	True	False						False	False	True	MED16
796	ENSG00000160058	1	anterior_cingulate_cortex_ba24	M013	0.0009172656306713378	1.50236646382691	1.50236646382691	1	1	1	1	coupled	0.0038471224606293525	0.7426962397822093	anterior_cingulate_cortex_ba24	M013		1.1217290506917712	0.7742395707464002	1.6251766387409394	1.50236646382691	0.0009172656306713378	0.8757139979370082	True	False						False	False	True	BSDC1
797	ENSG00000134057	1	anterior_cingulate_cortex_ba24	M013	0.0009172656306713378	1.50236646382691	1.50236646382691	1	1	1	1	coupled	0.0038471224606293525	0.7360047957677412	anterior_cingulate_cortex_ba24	M013		1.1217290506917712	0.7742395707464002	1.6251766387409394	1.50236646382691	0.0009172656306713378	0.8757139979370082	True	False						False	False	True	CCNB1
798	ENSG00000139318	1	anterior_cingulate_cortex_ba24	M013	0.0009172656306713378	1.50236646382691	1.50236646382691	1	1	1	1	coupled	0.0038471224606293525	0.7304198721409746	anterior_cingulate_cortex_ba24	M013		1.1217290506917712	0.7742395707464002	1.6251766387409394	1.50236646382691	0.0009172656306713378	0.8757139979370082	True	False						False	False	True	DUSP6
799	ENSG00000054967	1	anterior_cingulate_cortex_ba24	M013	0.0009172656306713378	1.50236646382691	1.50236646382691	1	1	1	1	coupled	0.0038471224606293525	0.7224400221062579	anterior_cingulate_cortex_ba24	M013		1.1217290506917712	0.7742395707464002	1.6251766387409394	1.50236646382691	0.0009172656306713378	0.8757139979370082	True	False						False	False	True	RELT
800	ENSG00000214193	1	anterior_cingulate_cortex_ba24	M013	0.0009172656306713378	1.50236646382691	1.50236646382691	1	1	1	1	coupled	0.0038471224606293525	0.7137448964434571	anterior_cingulate_cortex_ba24	M013		1.1217290506917712	0.7742395707464002	1.6251766387409394	1.50236646382691	0.0009172656306713378	0.8757139979370082	True	False						False	False	True	SH3D21
801	ENSG00000170043	1	anterior_cingulate_cortex_ba24	M013	0.0009172656306713378	1.50236646382691	1.50236646382691	1	1	1	1	coupled	0.0038471224606293525	0.711989662799165	anterior_cingulate_cortex_ba24	M013		1.1217290506917712	0.7742395707464002	1.6251766387409394	1.50236646382691	0.0009172656306713378	0.8757139979370082	True	False						False	False	True	TRAPPC1
802	ENSG00000158552	1	anterior_cingulate_cortex_ba24	M013	0.0009172656306713378	1.50236646382691	1.50236646382691	1	1	1	1	coupled	0.0038471224606293525	0.6932019061148021	anterior_cingulate_cortex_ba24	M013		1.1217290506917712	0.7742395707464002	1.6251766387409394	1.50236646382691	0.0009172656306713378	0.8757139979370082	True	False						False	False	True	ZFAND2B
803	ENSG00000102901	1	anterior_cingulate_cortex_ba24	M013	0.0009172656306713378	1.50236646382691	1.50236646382691	1	1	1	1	coupled	0.0038471224606293525	0.6750379869463107	anterior_cingulate_cortex_ba24	M013		1.1217290506917712	0.7742395707464002	1.6251766387409394	1.50236646382691	0.0009172656306713378	0.8757139979370082	True	False						False	False	True	CENPT
804	ENSG00000041988	1	anterior_cingulate_cortex_ba24	M013	0.0009172656306713378	1.50236646382691	1.50236646382691	1	1	1	1	switch_only	0.0038471224606293525	0.6592991762042917	anterior_cingulate_cortex_ba24	M013		1.1217290506917712	0.7742395707464002	1.6251766387409394	1.50236646382691	0.0009172656306713378	0.8757139979370082	True	False						False	False	True	THAP3
805	ENSG00000223768	1	anterior_cingulate_cortex_ba24	M013	0.0009172656306713378	1.50236646382691	1.50236646382691	1	1	1	1	coupled	0.0038471224606293525	0.6543986406881263	anterior_cingulate_cortex_ba24	M013		1.1217290506917712	0.7742395707464002	1.6251766387409394	1.50236646382691	0.0009172656306713378	0.8757139979370082	True	False						False	False	True	LINC00205
806	ENSG00000158796	1	anterior_cingulate_cortex_ba24	M013	0.0009172656306713378	1.50236646382691	1.50236646382691	1	1	1	1	coupled	0.0038471224606293525	0.6532032151528494	anterior_cingulate_cortex_ba24	M013		1.1217290506917712	0.7742395707464002	1.6251766387409394	1.50236646382691	0.0009172656306713378	0.8757139979370082	True	False						False	False	True	DEDD
807	ENSG00000290535	1	anterior_cingulate_cortex_ba24	M013	0.0009172656306713378	1.50236646382691	1.50236646382691	1	1	1	1	discordant	0.0038471224606293525	0.5595039590213753	anterior_cingulate_cortex_ba24	M013		1.1217290506917712	0.7742395707464002	1.6251766387409394	1.50236646382691	0.0009172656306713378	0.8757139979370082	True	False						False	False	True	ENSG00000290535
808	ENSG00000127526	1	anterior_cingulate_cortex_ba24	M013	0.0009172656306713378	1.50236646382691	1.50236646382691	1	1	1	1	coupled	0.0038471224606293525	0.5536714742683307	anterior_cingulate_cortex_ba24	M013		1.1217290506917712	0.7742395707464002	1.6251766387409394	1.50236646382691	0.0009172656306713378	0.8757139979370082	True	False						False	False	True	SLC35E1
809	ENSG00000169223	1	anterior_cingulate_cortex_ba24	M013	0.0009172656306713378	1.50236646382691	1.50236646382691	1	1	1	1	coupled	0.0038471224606293525	0.5520626701282492	anterior_cingulate_cortex_ba24	M013		1.1217290506917712	0.7742395707464002	1.6251766387409394	1.50236646382691	0.0009172656306713378	0.8757139979370082	True	False						False	False	True	LMAN2
810	ENSG00000162878	1	anterior_cingulate_cortex_ba24	M013	0.0009172656306713378	1.50236646382691	1.50236646382691	1	1	1	1	discordant	0.0038471224606293525	0.48054717215623316	anterior_cingulate_cortex_ba24	M013		1.1217290506917712	0.7742395707464002	1.6251766387409394	1.50236646382691	0.0009172656306713378	0.8757139979370082	True	False						False	False	True	PKDCC
811	ENSG00000089157	1	anterior_cingulate_cortex_ba24	M013	0.0009172656306713378	1.50236646382691	1.50236646382691	1	1	1	1	discordant	0.0038471224606293525	0.46297923728574647	anterior_cingulate_cortex_ba24	M013		1.1217290506917712	0.7742395707464002	1.6251766387409394	1.50236646382691	0.0009172656306713378	0.8757139979370082	True	False						False	False	True	RPLP0
812	ENSG00000178802	1	anterior_cingulate_cortex_ba24	M013	0.0009172656306713378	1.50236646382691	1.50236646382691	1	1	1	1	coupled	0.0038471224606293525	0.46239227944202693	anterior_cingulate_cortex_ba24	M013		1.1217290506917712	0.7742395707464002	1.6251766387409394	1.50236646382691	0.0009172656306713378	0.8757139979370082	True	False						False	False	True	MPI
813	ENSG00000167526	1	anterior_cingulate_cortex_ba24	M013	0.0009172656306713378	1.50236646382691	1.50236646382691	1	1	1	1	switch_only	0.0038471224606293525	0.28816910778160376	anterior_cingulate_cortex_ba24	M013		1.1217290506917712	0.7742395707464002	1.6251766387409394	1.50236646382691	0.0009172656306713378	0.8757139979370082	True	False						False	False	True	RPL13
814	ENSG00000011243	2	cerebellar_hemisphere,cortex	M013,M028	0.00883834983271091	1.9675739644970416	1.7997541355331923	1	1	1	2	coupled,discordant	0.000905492123843912	0.7812622398564106	cortex	M028		1.6739318574359503	0.641120400422386	4.370548591953885	1.9675739644970416	0.03198756910411011	0.7485367219749537	True	False						False	False	True	AKAP8L
815	ENSG00000152784	1	cortex	M028	0.03198756910411011	1.9675739644970416	1.9675739644970416	1	1	1	1	coupled	0.000905492123843912	0.8061076175774203	cortex	M028		1.6739318574359503	0.641120400422386	4.370548591953885	1.9675739644970416	0.03198756910411011	0.7485367219749537	True	False						False	False	True	PRDM8
816	ENSG00000131409	1	cortex	M028	0.03198756910411011	1.9675739644970416	1.9675739644970416	1	1	1	1	coupled	0.000905492123843912	0.744883102585251	cortex	M028		1.6739318574359503	0.641120400422386	4.370548591953885	1.9675739644970416	0.03198756910411011	0.7485367219749537	True	False						False	False	True	LRRC4B
817	ENSG00000141002	1	cortex	M028	0.03198756910411011	1.9675739644970416	1.9675739644970416	1	1	1	1	coupled	0.000905492123843912	0.6064581234550968	cortex	M028		1.6739318574359503	0.641120400422386	4.370548591953885	1.9675739644970416	0.03198756910411011	0.7485367219749537	True	False						False	False	True	TCF25
818	ENSG00000130640	1	cortex	M028	0.03198756910411011	1.9675739644970416	1.9675739644970416	1	1	1	1	coupled	0.000905492123843912	0.4727599700820498	cortex	M028		1.6739318574359503	0.641120400422386	4.370548591953885	1.9675739644970416	0.03198756910411011	0.7485367219749537	True	False						False	False	True	TUBGCP2
819	ENSG00000160796	1	cortex	M028	0.03198756910411011	1.9675739644970416	1.9675739644970416	1	1	1	1	switch_only	0.000905492123843912	0.4226361132178105	cortex	M028		1.6739318574359503	0.641120400422386	4.370548591953885	1.9675739644970416	0.03198756910411011	0.7485367219749537	True	False						False	False	True	NBEAL2
820	ENSG00000102225	1	anterior_cingulate_cortex_ba24	M031	0.043967477455352524	1.894467601364153	1.894467601364153	1	1	0	1	discordant	0.0011481891822285708	0.6973470363115507	anterior_cingulate_cortex_ba24	M031	modulation of chemical synaptic transmission, regulation of trans-synaptic signaling, regulation of synaptic plasticity	1.1723919149066537	0.5150439836626828	2.6687095582863702	1.894467601364153	0.043967477455352524	0.9338300134872497	True	False						False	False	True	CDK16
821	ENSG00000143554	1	anterior_cingulate_cortex_ba24	M031	0.043967477455352524	1.894467601364153	1.894467601364153	1	1	0	1	switch_only	0.0011481891822285708	0.2743449710394117	anterior_cingulate_cortex_ba24	M031	modulation of chemical synaptic transmission, regulation of trans-synaptic signaling, regulation of synaptic plasticity	1.1723919149066537	0.5150439836626828	2.6687095582863702	1.894467601364153	0.043967477455352524	0.9338300134872497	True	False						False	False	True	SLC27A3
822	ENSG00000177106	2	cerebellar_hemisphere,frontal_cortex_ba9	M001,M004	1.9831965965119372e-05	1.2527850968096352	1.235065322949822	2	1	0	2	coupled,discordant	0.027633605419827623	0.6042518763465504	frontal_cortex_ba9	M004	immune system process, regulation of immune system process, immune response	0.9676170911049979	0.7860667554144397	1.1910983749781652	1.2173455490900087	0.009457546889447692	0.9472342887085646	False	False						False	False	True	EPS8L2
823	ENSG00000100368	1	frontal_cortex_ba9	M004	0.009457546889447692	1.2173455490900087	1.2173455490900087	1	1	0	1	coupled	0.027633605419827623	0.7968564993702835	frontal_cortex_ba9	M004	immune system process, regulation of immune system process, immune response	0.9676170911049979	0.7860667554144397	1.1910983749781652	1.2173455490900087	0.009457546889447692	0.9472342887085646	False	False						False	False	True	CSF2RB
824	ENSG00000155926	1	frontal_cortex_ba9	M004	0.009457546889447692	1.2173455490900087	1.2173455490900087	1	1	0	1	coupled	0.027633605419827623	0.722716862971738	frontal_cortex_ba9	M004	immune system process, regulation of immune system process, immune response	0.9676170911049979	0.7860667554144397	1.1910983749781652	1.2173455490900087	0.009457546889447692	0.9472342887085646	False	False						False	False	True	SLA
825	ENSG00000129450	1	frontal_cortex_ba9	M004	0.009457546889447692	1.2173455490900087	1.2173455490900087	1	1	0	1	discordant	0.027633605419827623	0.7008663906067393	frontal_cortex_ba9	M004	immune system process, regulation of immune system process, immune response	0.9676170911049979	0.7860667554144397	1.1910983749781652	1.2173455490900087	0.009457546889447692	0.9472342887085646	False	False						False	False	True	SIGLEC9
826	ENSG00000196136	1	frontal_cortex_ba9	M004	0.009457546889447692	1.2173455490900087	1.2173455490900087	1	1	0	1	discordant	0.027633605419827623	0.7004539498230831	frontal_cortex_ba9	M004	immune system process, regulation of immune system process, immune response	0.9676170911049979	0.7860667554144397	1.1910983749781652	1.2173455490900087	0.009457546889447692	0.9472342887085646	False	False						False	False	True	SERPINA3
827	ENSG00000197747	1	frontal_cortex_ba9	M004	0.009457546889447692	1.2173455490900087	1.2173455490900087	1	1	0	1	coupled	0.027633605419827623	0.6683837290212747	frontal_cortex_ba9	M004	immune system process, regulation of immune system process, immune response	0.9676170911049979	0.7860667554144397	1.1910983749781652	1.2173455490900087	0.009457546889447692	0.9472342887085646	False	False						False	False	True	S100A10
828	ENSG00000148841	1	frontal_cortex_ba9	M004	0.009457546889447692	1.2173455490900087	1.2173455490900087	1	1	0	1	coupled	0.027633605419827623	0.6459504805870427	frontal_cortex_ba9	M004	immune system process, regulation of immune system process, immune response	0.9676170911049979	0.7860667554144397	1.1910983749781652	1.2173455490900087	0.009457546889447692	0.9472342887085646	False	False	SCZ	eQTL	0.0583139673807137	expression-led (eQTL gene-level)	expression-led	False	True	True	ITPRIP
829	ENSG00000165507	1	frontal_cortex_ba9	M004	0.009457546889447692	1.2173455490900087	1.2173455490900087	1	1	0	1	discordant	0.027633605419827623	0.609173862774864	frontal_cortex_ba9	M004	immune system process, regulation of immune system process, immune response	0.9676170911049979	0.7860667554144397	1.1910983749781652	1.2173455490900087	0.009457546889447692	0.9472342887085646	False	False						False	False	True	DEPP1
830	ENSG00000125730	1	frontal_cortex_ba9	M004	0.009457546889447692	1.2173455490900087	1.2173455490900087	1	1	0	1	discordant	0.027633605419827623	0.6042738789538564	frontal_cortex_ba9	M004	immune system process, regulation of immune system process, immune response	0.9676170911049979	0.7860667554144397	1.1910983749781652	1.2173455490900087	0.009457546889447692	0.9472342887085646	False	False						False	False	True	C3
831	ENSG00000198959	1	frontal_cortex_ba9	M004	0.009457546889447692	1.2173455490900087	1.2173455490900087	1	1	0	1	coupled	0.027633605419827623	0.5670267784315288	frontal_cortex_ba9	M004	immune system process, regulation of immune system process, immune response	0.9676170911049979	0.7860667554144397	1.1910983749781652	1.2173455490900087	0.009457546889447692	0.9472342887085646	False	False						False	False	True	TGM2
832	ENSG00000135245	1	frontal_cortex_ba9	M004	0.009457546889447692	1.2173455490900087	1.2173455490900087	1	1	0	1	discordant	0.027633605419827623	0.5655259180619479	frontal_cortex_ba9	M004	immune system process, regulation of immune system process, immune response	0.9676170911049979	0.7860667554144397	1.1910983749781652	1.2173455490900087	0.009457546889447692	0.9472342887085646	False	False						False	False	True	HILPDA
833	ENSG00000160712	1	frontal_cortex_ba9	M004	0.009457546889447692	1.2173455490900087	1.2173455490900087	1	1	0	1	coupled	0.027633605419827623	0.5423785644572737	frontal_cortex_ba9	M004	immune system process, regulation of immune system process, immune response	0.9676170911049979	0.7860667554144397	1.1910983749781652	1.2173455490900087	0.009457546889447692	0.9472342887085646	False	False						False	False	True	IL6R
834	ENSG00000105559	1	frontal_cortex_ba9	M004	0.009457546889447692	1.2173455490900087	1.2173455490900087	1	1	0	1	coupled	0.027633605419827623	0.5378753375920314	frontal_cortex_ba9	M004	immune system process, regulation of immune system process, immune response	0.9676170911049979	0.7860667554144397	1.1910983749781652	1.2173455490900087	0.009457546889447692	0.9472342887085646	False	False						False	False	True	PLEKHA4
835	ENSG00000140678	1	frontal_cortex_ba9	M004	0.009457546889447692	1.2173455490900087	1.2173455490900087	1	1	0	1	coupled	0.027633605419827623	0.5201355460630828	frontal_cortex_ba9	M004	immune system process, regulation of immune system process, immune response	0.9676170911049979	0.7860667554144397	1.1910983749781652	1.2173455490900087	0.009457546889447692	0.9472342887085646	False	False						False	False	True	ITGAX
836	ENSG00000284669	1	frontal_cortex_ba9	M004	0.009457546889447692	1.2173455490900087	1.2173455490900087	1	1	0	1	coupled	0.027633605419827623	0.5081063985594121	frontal_cortex_ba9	M004	immune system process, regulation of immune system process, immune response	0.9676170911049979	0.7860667554144397	1.1910983749781652	1.2173455490900087	0.009457546889447692	0.9472342887085646	False	False						False	False	True	ENSG00000284669
837	ENSG00000124731	1	frontal_cortex_ba9	M004	0.009457546889447692	1.2173455490900087	1.2173455490900087	1	1	0	1	coupled	0.027633605419827623	0.5049852574248522	frontal_cortex_ba9	M004	immune system process, regulation of immune system process, immune response	0.9676170911049979	0.7860667554144397	1.1910983749781652	1.2173455490900087	0.009457546889447692	0.9472342887085646	False	False						False	False	True	TREM1
838	ENSG00000170525	1	frontal_cortex_ba9	M004	0.009457546889447692	1.2173455490900087	1.2173455490900087	1	1	0	1	discordant	0.027633605419827623	0.47005970778926354	frontal_cortex_ba9	M004	immune system process, regulation of immune system process, immune response	0.9676170911049979	0.7860667554144397	1.1910983749781652	1.2173455490900087	0.009457546889447692	0.9472342887085646	False	False						False	False	True	PFKFB3
839	ENSG00000244731	1	frontal_cortex_ba9	M004	0.009457546889447692	1.2173455490900087	1.2173455490900087	1	1	0	1	discordant	0.027633605419827623	0.46775865869318217	frontal_cortex_ba9	M004	immune system process, regulation of immune system process, immune response	0.9676170911049979	0.7860667554144397	1.1910983749781652	1.2173455490900087	0.009457546889447692	0.9472342887085646	False	False						False	False	True	C4A
840	ENSG00000185499	1	frontal_cortex_ba9	M004	0.009457546889447692	1.2173455490900087	1.2173455490900087	1	1	0	1	coupled	0.027633605419827623	0.4646503253373824	frontal_cortex_ba9	M004	immune system process, regulation of immune system process, immune response	0.9676170911049979	0.7860667554144397	1.1910983749781652	1.2173455490900087	0.009457546889447692	0.9472342887085646	False	False						False	False	True	MUC1
841	ENSG00000131873	1	frontal_cortex_ba9	M004	0.009457546889447692	1.2173455490900087	1.2173455490900087	1	1	0	1	coupled	0.027633605419827623	0.460001588283833	frontal_cortex_ba9	M004	immune system process, regulation of immune system process, immune response	0.9676170911049979	0.7860667554144397	1.1910983749781652	1.2173455490900087	0.009457546889447692	0.9472342887085646	False	False						False	False	True	CHSY1
842	ENSG00000027075	1	frontal_cortex_ba9	M004	0.009457546889447692	1.2173455490900087	1.2173455490900087	1	1	0	1	coupled	0.027633605419827623	0.44783398148862585	frontal_cortex_ba9	M004	immune system process, regulation of immune system process, immune response	0.9676170911049979	0.7860667554144397	1.1910983749781652	1.2173455490900087	0.009457546889447692	0.9472342887085646	False	False						False	False	True	PRKCH
843	ENSG00000011275	1	frontal_cortex_ba9	M004	0.009457546889447692	1.2173455490900087	1.2173455490900087	1	1	0	1	coupled	0.027633605419827623	0.439645784159498	frontal_cortex_ba9	M004	immune system process, regulation of immune system process, immune response	0.9676170911049979	0.7860667554144397	1.1910983749781652	1.2173455490900087	0.009457546889447692	0.9472342887085646	False	False						False	False	True	RNF216
844	ENSG00000139146	1	frontal_cortex_ba9	M004	0.009457546889447692	1.2173455490900087	1.2173455490900087	1	1	0	1	discordant	0.027633605419827623	0.387485294410482	frontal_cortex_ba9	M004	immune system process, regulation of immune system process, immune response	0.9676170911049979	0.7860667554144397	1.1910983749781652	1.2173455490900087	0.009457546889447692	0.9472342887085646	False	False						False	False	True	SINHCAF
845	ENSG00000141506	1	frontal_cortex_ba9	M004	0.009457546889447692	1.2173455490900087	1.2173455490900087	1	1	0	1	coupled	0.027633605419827623	0.38598007573600707	frontal_cortex_ba9	M004	immune system process, regulation of immune system process, immune response	0.9676170911049979	0.7860667554144397	1.1910983749781652	1.2173455490900087	0.009457546889447692	0.9472342887085646	False	False						False	False	True	PIK3R5
846	ENSG00000135269	1	frontal_cortex_ba9	M004	0.009457546889447692	1.2173455490900087	1.2173455490900087	1	1	0	1	coupled	0.027633605419827623	0.38143753844347267	frontal_cortex_ba9	M004	immune system process, regulation of immune system process, immune response	0.9676170911049979	0.7860667554144397	1.1910983749781652	1.2173455490900087	0.009457546889447692	0.9472342887085646	False	False						False	False	True	TES
847	ENSG00000068001	1	frontal_cortex_ba9	M004	0.009457546889447692	1.2173455490900087	1.2173455490900087	1	1	0	1	discordant	0.027633605419827623	0.3743449160988205	frontal_cortex_ba9	M004	immune system process, regulation of immune system process, immune response	0.9676170911049979	0.7860667554144397	1.1910983749781652	1.2173455490900087	0.009457546889447692	0.9472342887085646	False	False						False	False	True	HYAL2
848	ENSG00000107263	1	frontal_cortex_ba9	M004	0.009457546889447692	1.2173455490900087	1.2173455490900087	1	1	0	1	switch_only	0.027633605419827623	0.36902014510521103	frontal_cortex_ba9	M004	immune system process, regulation of immune system process, immune response	0.9676170911049979	0.7860667554144397	1.1910983749781652	1.2173455490900087	0.009457546889447692	0.9472342887085646	False	False						False	False	True	RAPGEF1
849	ENSG00000106624	1	frontal_cortex_ba9	M004	0.009457546889447692	1.2173455490900087	1.2173455490900087	1	1	0	1	coupled	0.027633605419827623	0.3679324086764826	frontal_cortex_ba9	M004	immune system process, regulation of immune system process, immune response	0.9676170911049979	0.7860667554144397	1.1910983749781652	1.2173455490900087	0.009457546889447692	0.9472342887085646	False	False						False	False	True	AEBP1
850	ENSG00000105366	1	frontal_cortex_ba9	M004	0.009457546889447692	1.2173455490900087	1.2173455490900087	1	1	0	1	coupled	0.027633605419827623	0.3668579875071381	frontal_cortex_ba9	M004	immune system process, regulation of immune system process, immune response	0.9676170911049979	0.7860667554144397	1.1910983749781652	1.2173455490900087	0.009457546889447692	0.9472342887085646	False	False						False	False	True	SIGLEC8
851	ENSG00000110934	1	frontal_cortex_ba9	M004	0.009457546889447692	1.2173455490900087	1.2173455490900087	1	1	0	1	discordant	0.027633605419827623	0.3580682242682382	frontal_cortex_ba9	M004	immune system process, regulation of immune system process, immune response	0.9676170911049979	0.7860667554144397	1.1910983749781652	1.2173455490900087	0.009457546889447692	0.9472342887085646	False	False						False	False	True	BIN2
852	ENSG00000100325	1	frontal_cortex_ba9	M004	0.009457546889447692	1.2173455490900087	1.2173455490900087	1	1	0	1	discordant	0.027633605419827623	0.3494253942000836	frontal_cortex_ba9	M004	immune system process, regulation of immune system process, immune response	0.9676170911049979	0.7860667554144397	1.1910983749781652	1.2173455490900087	0.009457546889447692	0.9472342887085646	False	False						False	False	True	ASCC2
853	ENSG00000261371	1	frontal_cortex_ba9	M004	0.009457546889447692	1.2173455490900087	1.2173455490900087	1	1	0	1	coupled	0.027633605419827623	0.3493630211576099	frontal_cortex_ba9	M004	immune system process, regulation of immune system process, immune response	0.9676170911049979	0.7860667554144397	1.1910983749781652	1.2173455490900087	0.009457546889447692	0.9472342887085646	False	False						False	False	True	PECAM1
854	ENSG00000168062	1	frontal_cortex_ba9	M004	0.009457546889447692	1.2173455490900087	1.2173455490900087	1	1	0	1	discordant	0.027633605419827623	0.3443850219324021	frontal_cortex_ba9	M004	immune system process, regulation of immune system process, immune response	0.9676170911049979	0.7860667554144397	1.1910983749781652	1.2173455490900087	0.009457546889447692	0.9472342887085646	False	False						False	False	True	BATF2
855	ENSG00000110799	1	frontal_cortex_ba9	M004	0.009457546889447692	1.2173455490900087	1.2173455490900087	1	1	0	1	coupled	0.027633605419827623	0.3386228606777452	frontal_cortex_ba9	M004	immune system process, regulation of immune system process, immune response	0.9676170911049979	0.7860667554144397	1.1910983749781652	1.2173455490900087	0.009457546889447692	0.9472342887085646	False	False						False	False	True	VWF
856	ENSG00000130589	1	frontal_cortex_ba9	M004	0.009457546889447692	1.2173455490900087	1.2173455490900087	1	1	0	1	discordant	0.027633605419827623	0.33780159630707884	frontal_cortex_ba9	M004	immune system process, regulation of immune system process, immune response	0.9676170911049979	0.7860667554144397	1.1910983749781652	1.2173455490900087	0.009457546889447692	0.9472342887085646	False	False						False	False	True	HELZ2
857	ENSG00000134013	1	frontal_cortex_ba9	M004	0.009457546889447692	1.2173455490900087	1.2173455490900087	1	1	0	1	coupled	0.027633605419827623	0.3377379404420326	frontal_cortex_ba9	M004	immune system process, regulation of immune system process, immune response	0.9676170911049979	0.7860667554144397	1.1910983749781652	1.2173455490900087	0.009457546889447692	0.9472342887085646	False	False						False	False	True	LOXL2
858	ENSG00000130303	1	frontal_cortex_ba9	M004	0.009457546889447692	1.2173455490900087	1.2173455490900087	1	1	0	1	coupled	0.027633605419827623	0.334954248311104	frontal_cortex_ba9	M004	immune system process, regulation of immune system process, immune response	0.9676170911049979	0.7860667554144397	1.1910983749781652	1.2173455490900087	0.009457546889447692	0.9472342887085646	False	False						False	False	True	BST2
859	ENSG00000142627	1	frontal_cortex_ba9	M004	0.009457546889447692	1.2173455490900087	1.2173455490900087	1	1	0	1	coupled	0.027633605419827623	0.3280171484326669	frontal_cortex_ba9	M004	immune system process, regulation of immune system process, immune response	0.9676170911049979	0.7860667554144397	1.1910983749781652	1.2173455490900087	0.009457546889447692	0.9472342887085646	False	False						False	False	True	EPHA2
860	ENSG00000167703	1	frontal_cortex_ba9	M004	0.009457546889447692	1.2173455490900087	1.2173455490900087	1	1	0	1	discordant	0.027633605419827623	0.31985484871065323	frontal_cortex_ba9	M004	immune system process, regulation of immune system process, immune response	0.9676170911049979	0.7860667554144397	1.1910983749781652	1.2173455490900087	0.009457546889447692	0.9472342887085646	False	False						False	False	True	SLC43A2
861	ENSG00000159403	1	frontal_cortex_ba9	M004	0.009457546889447692	1.2173455490900087	1.2173455490900087	1	1	0	1	coupled	0.027633605419827623	0.317455240800294	frontal_cortex_ba9	M004	immune system process, regulation of immune system process, immune response	0.9676170911049979	0.7860667554144397	1.1910983749781652	1.2173455490900087	0.009457546889447692	0.9472342887085646	False	False						False	False	True	C1R
862	ENSG00000181826	1	frontal_cortex_ba9	M004	0.009457546889447692	1.2173455490900087	1.2173455490900087	1	1	0	1	discordant	0.027633605419827623	0.3074121761300311	frontal_cortex_ba9	M004	immune system process, regulation of immune system process, immune response	0.9676170911049979	0.7860667554144397	1.1910983749781652	1.2173455490900087	0.009457546889447692	0.9472342887085646	False	False						False	False	True	RELL1
863	ENSG00000131435	1	frontal_cortex_ba9	M004	0.009457546889447692	1.2173455490900087	1.2173455490900087	1	1	0	1	discordant	0.027633605419827623	0.299851592263777	frontal_cortex_ba9	M004	immune system process, regulation of immune system process, immune response	0.9676170911049979	0.7860667554144397	1.1910983749781652	1.2173455490900087	0.009457546889447692	0.9472342887085646	False	False						False	False	True	PDLIM4
864	ENSG00000125753	1	frontal_cortex_ba9	M004	0.009457546889447692	1.2173455490900087	1.2173455490900087	1	1	0	1	coupled	0.027633605419827623	0.29419232122764655	frontal_cortex_ba9	M004	immune system process, regulation of immune system process, immune response	0.9676170911049979	0.7860667554144397	1.1910983749781652	1.2173455490900087	0.009457546889447692	0.9472342887085646	False	False						False	False	True	VASP
865	ENSG00000137507	1	frontal_cortex_ba9	M004	0.009457546889447692	1.2173455490900087	1.2173455490900087	1	1	0	1	coupled	0.027633605419827623	0.28616487344465613	frontal_cortex_ba9	M004	immune system process, regulation of immune system process, immune response	0.9676170911049979	0.7860667554144397	1.1910983749781652	1.2173455490900087	0.009457546889447692	0.9472342887085646	False	False						False	False	True	LRRC32
866	ENSG00000164867	1	frontal_cortex_ba9	M004	0.009457546889447692	1.2173455490900087	1.2173455490900087	1	1	0	1	coupled	0.027633605419827623	0.28017404015742975	frontal_cortex_ba9	M004	immune system process, regulation of immune system process, immune response	0.9676170911049979	0.7860667554144397	1.1910983749781652	1.2173455490900087	0.009457546889447692	0.9472342887085646	False	False						False	False	True	NOS3
867	ENSG00000128340	1	frontal_cortex_ba9	M004	0.009457546889447692	1.2173455490900087	1.2173455490900087	1	1	0	1	discordant	0.027633605419827623	0.2784329035283515	frontal_cortex_ba9	M004	immune system process, regulation of immune system process, immune response	0.9676170911049979	0.7860667554144397	1.1910983749781652	1.2173455490900087	0.009457546889447692	0.9472342887085646	False	False						False	False	True	RAC2
868	ENSG00000132481	1	frontal_cortex_ba9	M004	0.009457546889447692	1.2173455490900087	1.2173455490900087	1	1	0	1	coupled	0.027633605419827623	0.2736131315964952	frontal_cortex_ba9	M004	immune system process, regulation of immune system process, immune response	0.9676170911049979	0.7860667554144397	1.1910983749781652	1.2173455490900087	0.009457546889447692	0.9472342887085646	False	False						False	False	True	TRIM47
869	ENSG00000179627	1	frontal_cortex_ba9	M004	0.009457546889447692	1.2173455490900087	1.2173455490900087	1	1	0	1	coupled	0.027633605419827623	0.272141046310223	frontal_cortex_ba9	M004	immune system process, regulation of immune system process, immune response	0.9676170911049979	0.7860667554144397	1.1910983749781652	1.2173455490900087	0.009457546889447692	0.9472342887085646	False	False						False	False	True	ZBTB42
870	ENSG00000128567	1	frontal_cortex_ba9	M004	0.009457546889447692	1.2173455490900087	1.2173455490900087	1	1	0	1	coupled	0.027633605419827623	0.27210313904329425	frontal_cortex_ba9	M004	immune system process, regulation of immune system process, immune response	0.9676170911049979	0.7860667554144397	1.1910983749781652	1.2173455490900087	0.009457546889447692	0.9472342887085646	False	False						False	False	True	PODXL
871	ENSG00000204577	1	frontal_cortex_ba9	M004	0.009457546889447692	1.2173455490900087	1.2173455490900087	1	1	0	1	coupled	0.027633605419827623	0.2630185716817592	frontal_cortex_ba9	M004	immune system process, regulation of immune system process, immune response	0.9676170911049979	0.7860667554144397	1.1910983749781652	1.2173455490900087	0.009457546889447692	0.9472342887085646	False	False						False	False	True	LILRB3
872	ENSG00000173269	1	frontal_cortex_ba9	M004	0.009457546889447692	1.2173455490900087	1.2173455490900087	1	1	0	1	discordant	0.027633605419827623	0.25497603374685046	frontal_cortex_ba9	M004	immune system process, regulation of immune system process, immune response	0.9676170911049979	0.7860667554144397	1.1910983749781652	1.2173455490900087	0.009457546889447692	0.9472342887085646	False	False						False	False	True	MMRN2
873	ENSG00000103326	1	frontal_cortex_ba9	M004	0.009457546889447692	1.2173455490900087	1.2173455490900087	1	1	0	1	switch_only	0.027633605419827623	0.25279433192725914	frontal_cortex_ba9	M004	immune system process, regulation of immune system process, immune response	0.9676170911049979	0.7860667554144397	1.1910983749781652	1.2173455490900087	0.009457546889447692	0.9472342887085646	False	False						False	False	True	CAPN15
874	ENSG00000121764	1	frontal_cortex_ba9	M004	0.009457546889447692	1.2173455490900087	1.2173455490900087	1	1	0	1	coupled	0.027633605419827623	0.2527537001938594	frontal_cortex_ba9	M004	immune system process, regulation of immune system process, immune response	0.9676170911049979	0.7860667554144397	1.1910983749781652	1.2173455490900087	0.009457546889447692	0.9472342887085646	False	False						False	False	True	HCRTR1
875	ENSG00000173926	1	frontal_cortex_ba9	M004	0.009457546889447692	1.2173455490900087	1.2173455490900087	1	1	0	1	discordant	0.027633605419827623	0.2526069249659524	frontal_cortex_ba9	M004	immune system process, regulation of immune system process, immune response	0.9676170911049979	0.7860667554144397	1.1910983749781652	1.2173455490900087	0.009457546889447692	0.9472342887085646	False	False						False	False	True	MARCHF3
876	ENSG00000137767	1	frontal_cortex_ba9	M004	0.009457546889447692	1.2173455490900087	1.2173455490900087	1	1	0	1	coupled	0.027633605419827623	0.25159502962717234	frontal_cortex_ba9	M004	immune system process, regulation of immune system process, immune response	0.9676170911049979	0.7860667554144397	1.1910983749781652	1.2173455490900087	0.009457546889447692	0.9472342887085646	False	False						False	False	True	SQOR
877	ENSG00000160447	1	frontal_cortex_ba9	M004	0.009457546889447692	1.2173455490900087	1.2173455490900087	1	1	0	1	discordant	0.027633605419827623	0.2514497254722447	frontal_cortex_ba9	M004	immune system process, regulation of immune system process, immune response	0.9676170911049979	0.7860667554144397	1.1910983749781652	1.2173455490900087	0.009457546889447692	0.9472342887085646	False	False						False	False	True	PKN3
878	ENSG00000099377	1	frontal_cortex_ba9	M004	0.009457546889447692	1.2173455490900087	1.2173455490900087	1	1	0	1	coupled	0.027633605419827623	0.21982545389625935	frontal_cortex_ba9	M004	immune system process, regulation of immune system process, immune response	0.9676170911049979	0.7860667554144397	1.1910983749781652	1.2173455490900087	0.009457546889447692	0.9472342887085646	False	False						False	False	True	HSD3B7
879	ENSG00000157303	1	frontal_cortex_ba9	M004	0.009457546889447692	1.2173455490900087	1.2173455490900087	1	1	0	1	coupled	0.027633605419827623	0.21062196744993736	frontal_cortex_ba9	M004	immune system process, regulation of immune system process, immune response	0.9676170911049979	0.7860667554144397	1.1910983749781652	1.2173455490900087	0.009457546889447692	0.9472342887085646	False	False						False	False	True	SUSD3
880	ENSG00000161638	1	frontal_cortex_ba9	M004	0.009457546889447692	1.2173455490900087	1.2173455490900087	1	1	0	1	coupled	0.027633605419827623	0.20798527332159975	frontal_cortex_ba9	M004	immune system process, regulation of immune system process, immune response	0.9676170911049979	0.7860667554144397	1.1910983749781652	1.2173455490900087	0.009457546889447692	0.9472342887085646	False	False						False	False	True	ITGA5
881	ENSG00000162889	1	frontal_cortex_ba9	M004	0.009457546889447692	1.2173455490900087	1.2173455490900087	1	1	0	1	discordant	0.027633605419827623	0.20008159091089373	frontal_cortex_ba9	M004	immune system process, regulation of immune system process, immune response	0.9676170911049979	0.7860667554144397	1.1910983749781652	1.2173455490900087	0.009457546889447692	0.9472342887085646	False	False						False	False	True	MAPKAPK2
882	ENSG00000111321	1	frontal_cortex_ba9	M004	0.009457546889447692	1.2173455490900087	1.2173455490900087	1	1	0	0	abundance_only	0.027633605419827623	0.19349785274538844	frontal_cortex_ba9	M004	immune system process, regulation of immune system process, immune response	0.9676170911049979	0.7860667554144397	1.1910983749781652	1.2173455490900087	0.009457546889447692	0.9472342887085646	False	False						False	False	True	LTBR
883	ENSG00000076067	1	frontal_cortex_ba9	M004	0.009457546889447692	1.2173455490900087	1.2173455490900087	1	1	0	0	abundance_only	0.027633605419827623	0.1884311049143996	frontal_cortex_ba9	M004	immune system process, regulation of immune system process, immune response	0.9676170911049979	0.7860667554144397	1.1910983749781652	1.2173455490900087	0.009457546889447692	0.9472342887085646	False	False						False	False	True	RBMS2
884	ENSG00000197905	1	frontal_cortex_ba9	M004	0.009457546889447692	1.2173455490900087	1.2173455490900087	1	1	0	0	abundance_only	0.027633605419827623	0.18053148348042478	frontal_cortex_ba9	M004	immune system process, regulation of immune system process, immune response	0.9676170911049979	0.7860667554144397	1.1910983749781652	1.2173455490900087	0.009457546889447692	0.9472342887085646	False	False						False	False	True	TEAD4
885	ENSG00000139567	1	frontal_cortex_ba9	M004	0.009457546889447692	1.2173455490900087	1.2173455490900087	1	1	0	0	abundance_only	0.027633605419827623	0.17794966340483676	frontal_cortex_ba9	M004	immune system process, regulation of immune system process, immune response	0.9676170911049979	0.7860667554144397	1.1910983749781652	1.2173455490900087	0.009457546889447692	0.9472342887085646	False	False						False	False	True	ACVRL1
886	ENSG00000021355	1	frontal_cortex_ba9	M004	0.009457546889447692	1.2173455490900087	1.2173455490900087	1	1	0	0	abundance_only	0.027633605419827623	0.1618556458865935	frontal_cortex_ba9	M004	immune system process, regulation of immune system process, immune response	0.9676170911049979	0.7860667554144397	1.1910983749781652	1.2173455490900087	0.009457546889447692	0.9472342887085646	False	False						False	False	True	SERPINB1
887	ENSG00000138119	1	frontal_cortex_ba9	M004	0.009457546889447692	1.2173455490900087	1.2173455490900087	1	1	0	0	abundance_only	0.027633605419827623	0.15770622565852138	frontal_cortex_ba9	M004	immune system process, regulation of immune system process, immune response	0.9676170911049979	0.7860667554144397	1.1910983749781652	1.2173455490900087	0.009457546889447692	0.9472342887085646	False	False						False	False	True	MYOF
888	ENSG00000108622	1	frontal_cortex_ba9	M004	0.009457546889447692	1.2173455490900087	1.2173455490900087	1	1	0	0	abundance_only	0.027633605419827623	0.15603129516818875	frontal_cortex_ba9	M004	immune system process, regulation of immune system process, immune response	0.9676170911049979	0.7860667554144397	1.1910983749781652	1.2173455490900087	0.009457546889447692	0.9472342887085646	False	False						False	False	True	ICAM2
889	ENSG00000276045	1	frontal_cortex_ba9	M004	0.009457546889447692	1.2173455490900087	1.2173455490900087	1	1	0	0	abundance_only	0.027633605419827623	0.14958300379271788	frontal_cortex_ba9	M004	immune system process, regulation of immune system process, immune response	0.9676170911049979	0.7860667554144397	1.1910983749781652	1.2173455490900087	0.009457546889447692	0.9472342887085646	False	False						False	False	True	ORAI1
890	ENSG00000151929	1	frontal_cortex_ba9	M004	0.009457546889447692	1.2173455490900087	1.2173455490900087	1	1	0	0	abundance_only	0.027633605419827623	0.1395084247496429	frontal_cortex_ba9	M004	immune system process, regulation of immune system process, immune response	0.9676170911049979	0.7860667554144397	1.1910983749781652	1.2173455490900087	0.009457546889447692	0.9472342887085646	False	False						False	False	True	BAG3
891	ENSG00000142227	1	frontal_cortex_ba9	M004	0.009457546889447692	1.2173455490900087	1.2173455490900087	1	1	0	0	abundance_only	0.027633605419827623	0.1393871211058978	frontal_cortex_ba9	M004	immune system process, regulation of immune system process, immune response	0.9676170911049979	0.7860667554144397	1.1910983749781652	1.2173455490900087	0.009457546889447692	0.9472342887085646	False	False						False	False	True	EMP3
892	ENSG00000129467	1	frontal_cortex_ba9	M004	0.009457546889447692	1.2173455490900087	1.2173455490900087	1	1	0	0	abundance_only	0.027633605419827623	0.13890117571951782	frontal_cortex_ba9	M004	immune system process, regulation of immune system process, immune response	0.9676170911049979	0.7860667554144397	1.1910983749781652	1.2173455490900087	0.009457546889447692	0.9472342887085646	False	False						False	False	True	ADCY4
893	ENSG00000120889	1	frontal_cortex_ba9	M004	0.009457546889447692	1.2173455490900087	1.2173455490900087	1	1	0	0	abundance_only	0.027633605419827623	0.13789866478073634	frontal_cortex_ba9	M004	immune system process, regulation of immune system process, immune response	0.9676170911049979	0.7860667554144397	1.1910983749781652	1.2173455490900087	0.009457546889447692	0.9472342887085646	False	False						False	False	True	TNFRSF10B
894	ENSG00000102007	1	frontal_cortex_ba9	M004	0.009457546889447692	1.2173455490900087	1.2173455490900087	1	1	0	0	abundance_only	0.027633605419827623	0.1378826119431908	frontal_cortex_ba9	M004	immune system process, regulation of immune system process, immune response	0.9676170911049979	0.7860667554144397	1.1910983749781652	1.2173455490900087	0.009457546889447692	0.9472342887085646	False	False						False	False	True	PLP2
895	ENSG00000133561	1	frontal_cortex_ba9	M004	0.009457546889447692	1.2173455490900087	1.2173455490900087	1	1	0	0	abundance_only	0.027633605419827623	0.13541335601275703	frontal_cortex_ba9	M004	immune system process, regulation of immune system process, immune response	0.9676170911049979	0.7860667554144397	1.1910983749781652	1.2173455490900087	0.009457546889447692	0.9472342887085646	False	False						False	False	True	GIMAP6
896	ENSG00000234745	1	frontal_cortex_ba9	M004	0.009457546889447692	1.2173455490900087	1.2173455490900087	1	1	0	0	abundance_only	0.027633605419827623	0.1334917445305272	frontal_cortex_ba9	M004	immune system process, regulation of immune system process, immune response	0.9676170911049979	0.7860667554144397	1.1910983749781652	1.2173455490900087	0.009457546889447692	0.9472342887085646	False	False						False	False	True	HLA-B
897	ENSG00000168394	1	frontal_cortex_ba9	M004	0.009457546889447692	1.2173455490900087	1.2173455490900087	1	1	0	0	abundance_only	0.027633605419827623	0.13210664892874494	frontal_cortex_ba9	M004	immune system process, regulation of immune system process, immune response	0.9676170911049979	0.7860667554144397	1.1910983749781652	1.2173455490900087	0.009457546889447692	0.9472342887085646	False	False						False	False	True	TAP1
898	ENSG00000196843	1	frontal_cortex_ba9	M004	0.009457546889447692	1.2173455490900087	1.2173455490900087	1	1	0	0	abundance_only	0.027633605419827623	0.12000395507859857	frontal_cortex_ba9	M004	immune system process, regulation of immune system process, immune response	0.9676170911049979	0.7860667554144397	1.1910983749781652	1.2173455490900087	0.009457546889447692	0.9472342887085646	False	False						False	False	True	ARID5A
899	ENSG00000169908	1	frontal_cortex_ba9	M004	0.009457546889447692	1.2173455490900087	1.2173455490900087	1	1	0	0	abundance_only	0.027633605419827623	0.11692597259890895	frontal_cortex_ba9	M004	immune system process, regulation of immune system process, immune response	0.9676170911049979	0.7860667554144397	1.1910983749781652	1.2173455490900087	0.009457546889447692	0.9472342887085646	False	False						False	False	True	TM4SF1
900	ENSG00000204642	1	frontal_cortex_ba9	M004	0.009457546889447692	1.2173455490900087	1.2173455490900087	1	1	0	0	abundance_only	0.027633605419827623	0.11425941961283988	frontal_cortex_ba9	M004	immune system process, regulation of immune system process, immune response	0.9676170911049979	0.7860667554144397	1.1910983749781652	1.2173455490900087	0.009457546889447692	0.9472342887085646	False	False						False	False	True	HLA-F
901	ENSG00000133321	1	frontal_cortex_ba9	M004	0.009457546889447692	1.2173455490900087	1.2173455490900087	1	1	0	0	abundance_only	0.027633605419827623	0.11416482362152006	frontal_cortex_ba9	M004	immune system process, regulation of immune system process, immune response	0.9676170911049979	0.7860667554144397	1.1910983749781652	1.2173455490900087	0.009457546889447692	0.9472342887085646	False	False						False	False	True	PLAAT4
902	ENSG00000162458	1	frontal_cortex_ba9	M004	0.009457546889447692	1.2173455490900087	1.2173455490900087	1	1	0	0	abundance_only	0.027633605419827623	0.10978367929514106	frontal_cortex_ba9	M004	immune system process, regulation of immune system process, immune response	0.9676170911049979	0.7860667554144397	1.1910983749781652	1.2173455490900087	0.009457546889447692	0.9472342887085646	False	False						False	False	True	FBLIM1
903	ENSG00000178685	1	frontal_cortex_ba9	M004	0.009457546889447692	1.2173455490900087	1.2173455490900087	1	1	0	0	abundance_only	0.027633605419827623	0.1067531334398738	frontal_cortex_ba9	M004	immune system process, regulation of immune system process, immune response	0.9676170911049979	0.7860667554144397	1.1910983749781652	1.2173455490900087	0.009457546889447692	0.9472342887085646	False	False						False	False	True	PARP10
904	ENSG00000163874	1	frontal_cortex_ba9	M004	0.009457546889447692	1.2173455490900087	1.2173455490900087	1	1	0	0	abundance_only	0.027633605419827623	0.10378486495303907	frontal_cortex_ba9	M004	immune system process, regulation of immune system process, immune response	0.9676170911049979	0.7860667554144397	1.1910983749781652	1.2173455490900087	0.009457546889447692	0.9472342887085646	False	False						False	False	True	ZC3H12A
905	ENSG00000018408	1	frontal_cortex_ba9	M004	0.009457546889447692	1.2173455490900087	1.2173455490900087	1	1	0	0	abundance_only	0.027633605419827623	0.10238228792527614	frontal_cortex_ba9	M004	immune system process, regulation of immune system process, immune response	0.9676170911049979	0.7860667554144397	1.1910983749781652	1.2173455490900087	0.009457546889447692	0.9472342887085646	False	False						False	False	True	WWTR1
906	ENSG00000128274	1	frontal_cortex_ba9	M004	0.009457546889447692	1.2173455490900087	1.2173455490900087	1	1	0	0	abundance_only	0.027633605419827623	0.09862568444396559	frontal_cortex_ba9	M004	immune system process, regulation of immune system process, immune response	0.9676170911049979	0.7860667554144397	1.1910983749781652	1.2173455490900087	0.009457546889447692	0.9472342887085646	False	False						False	False	True	A4GALT
907	ENSG00000011304	1	frontal_cortex_ba9	M004	0.009457546889447692	1.2173455490900087	1.2173455490900087	1	1	0	0	abundance_only	0.027633605419827623	0.09776279554840014	frontal_cortex_ba9	M004	immune system process, regulation of immune system process, immune response	0.9676170911049979	0.7860667554144397	1.1910983749781652	1.2173455490900087	0.009457546889447692	0.9472342887085646	False	False						False	False	True	PTBP1
908	ENSG00000244734	1	frontal_cortex_ba9	M004	0.009457546889447692	1.2173455490900087	1.2173455490900087	1	1	0	0	abundance_only	0.027633605419827623	0.09345701158072935	frontal_cortex_ba9	M004	immune system process, regulation of immune system process, immune response	0.9676170911049979	0.7860667554144397	1.1910983749781652	1.2173455490900087	0.009457546889447692	0.9472342887085646	False	False						False	False	True	HBB
909	ENSG00000184060	1	frontal_cortex_ba9	M004	0.009457546889447692	1.2173455490900087	1.2173455490900087	1	1	0	0	abundance_only	0.027633605419827623	0.0919295414872945	frontal_cortex_ba9	M004	immune system process, regulation of immune system process, immune response	0.9676170911049979	0.7860667554144397	1.1910983749781652	1.2173455490900087	0.009457546889447692	0.9472342887085646	False	False						False	False	True	ADAP2
910	ENSG00000235750	1	frontal_cortex_ba9	M004	0.009457546889447692	1.2173455490900087	1.2173455490900087	1	1	0	0	abundance_only	0.027633605419827623	0.08876280455645023	frontal_cortex_ba9	M004	immune system process, regulation of immune system process, immune response	0.9676170911049979	0.7860667554144397	1.1910983749781652	1.2173455490900087	0.009457546889447692	0.9472342887085646	False	False						False	False	True	KIAA0040
911	ENSG00000158769	1	frontal_cortex_ba9	M004	0.009457546889447692	1.2173455490900087	1.2173455490900087	1	1	0	0	abundance_only	0.027633605419827623	0.08796925395938725	frontal_cortex_ba9	M004	immune system process, regulation of immune system process, immune response	0.9676170911049979	0.7860667554144397	1.1910983749781652	1.2173455490900087	0.009457546889447692	0.9472342887085646	False	False						False	False	True	F11R
912	ENSG00000123159	1	frontal_cortex_ba9	M004	0.009457546889447692	1.2173455490900087	1.2173455490900087	1	1	0	0	inactive	0.027633605419827623	0.08278441775544736	frontal_cortex_ba9	M004	immune system process, regulation of immune system process, immune response	0.9676170911049979	0.7860667554144397	1.1910983749781652	1.2173455490900087	0.009457546889447692	0.9472342887085646	False	False						False	False	True	GIPC1
913	ENSG00000136048	1	frontal_cortex_ba9	M004	0.009457546889447692	1.2173455490900087	1.2173455490900087	1	1	0	0	abundance_only	0.027633605419827623	0.06797804034423774	frontal_cortex_ba9	M004	immune system process, regulation of immune system process, immune response	0.9676170911049979	0.7860667554144397	1.1910983749781652	1.2173455490900087	0.009457546889447692	0.9472342887085646	False	False						False	False	True	DRAM1
914	ENSG00000168994	1	frontal_cortex_ba9	M004	0.009457546889447692	1.2173455490900087	1.2173455490900087	1	1	0	0	abundance_only	0.027633605419827623	0.06752996461904097	frontal_cortex_ba9	M004	immune system process, regulation of immune system process, immune response	0.9676170911049979	0.7860667554144397	1.1910983749781652	1.2173455490900087	0.009457546889447692	0.9472342887085646	False	False						False	False	True	PXDC1
915	ENSG00000100599	1	frontal_cortex_ba9	M004	0.009457546889447692	1.2173455490900087	1.2173455490900087	1	1	0	0	abundance_only	0.027633605419827623	0.05152863525064959	frontal_cortex_ba9	M004	immune system process, regulation of immune system process, immune response	0.9676170911049979	0.7860667554144397	1.1910983749781652	1.2173455490900087	0.009457546889447692	0.9472342887085646	False	False						False	False	True	RIN3
916	ENSG00000240065	1	frontal_cortex_ba9	M004	0.009457546889447692	1.2173455490900087	1.2173455490900087	1	1	0	0	abundance_only	0.027633605419827623	0.04425476160440921	frontal_cortex_ba9	M004	immune system process, regulation of immune system process, immune response	0.9676170911049979	0.7860667554144397	1.1910983749781652	1.2173455490900087	0.009457546889447692	0.9472342887085646	False	False						False	False	True	PSMB9
917	ENSG00000100292	1	frontal_cortex_ba9	M004	0.009457546889447692	1.2173455490900087	1.2173455490900087	1	1	0	0	abundance_only	0.027633605419827623	0.036598783242619594	frontal_cortex_ba9	M004	immune system process, regulation of immune system process, immune response	0.9676170911049979	0.7860667554144397	1.1910983749781652	1.2173455490900087	0.009457546889447692	0.9472342887085646	False	False						False	False	True	HMOX1
918	ENSG00000204264	1	frontal_cortex_ba9	M004	0.009457546889447692	1.2173455490900087	1.2173455490900087	1	1	0	0	abundance_only	0.027633605419827623	0.02795230453660226	frontal_cortex_ba9	M004	immune system process, regulation of immune system process, immune response	0.9676170911049979	0.7860667554144397	1.1910983749781652	1.2173455490900087	0.009457546889447692	0.9472342887085646	False	False						False	False	True	PSMB8
919	ENSG00000126246	1	frontal_cortex_ba9	M004	0.009457546889447692	1.2173455490900087	1.2173455490900087	1	1	0	0	abundance_only	0.027633605419827623	0.021205924638495313	frontal_cortex_ba9	M004	immune system process, regulation of immune system process, immune response	0.9676170911049979	0.7860667554144397	1.1910983749781652	1.2173455490900087	0.009457546889447692	0.9472342887085646	False	False						False	False	True	IGFLR1
920	ENSG00000205364	1	frontal_cortex_ba9	M004	0.009457546889447692	1.2173455490900087	1.2173455490900087	1	1	0	0	abundance_only	0.027633605419827623	0.01925953028491021	frontal_cortex_ba9	M004	immune system process, regulation of immune system process, immune response	0.9676170911049979	0.7860667554144397	1.1910983749781652	1.2173455490900087	0.009457546889447692	0.9472342887085646	False	False						False	False	True	MT1M
921	ENSG00000168884	1	frontal_cortex_ba9	M004	0.009457546889447692	1.2173455490900087	1.2173455490900087	1	1	0	0	abundance_only	0.027633605419827623	0.012796023879167532	frontal_cortex_ba9	M004	immune system process, regulation of immune system process, immune response	0.9676170911049979	0.7860667554144397	1.1910983749781652	1.2173455490900087	0.009457546889447692	0.9472342887085646	False	False						False	False	True	TNIP2
922	ENSG00000012211	1	frontal_cortex_ba9	M004	0.009457546889447692	1.2173455490900087	1.2173455490900087	1	1	0	0	abundance_only	0.027633605419827623	0.009499707518763363	frontal_cortex_ba9	M004	immune system process, regulation of immune system process, immune response	0.9676170911049979	0.7860667554144397	1.1910983749781652	1.2173455490900087	0.009457546889447692	0.9472342887085646	False	False						False	False	True	PRICKLE3
923	ENSG00000176046	1	frontal_cortex_ba9	M004	0.009457546889447692	1.2173455490900087	1.2173455490900087	1	1	0	0	abundance_only	0.027633605419827623	0.008784179384139583	frontal_cortex_ba9	M004	immune system process, regulation of immune system process, immune response	0.9676170911049979	0.7860667554144397	1.1910983749781652	1.2173455490900087	0.009457546889447692	0.9472342887085646	False	False						False	False	True	NUPR1
924	ENSG00000198417	1	frontal_cortex_ba9	M004	0.009457546889447692	1.2173455490900087	1.2173455490900087	1	1	0	0	inactive	0.027633605419827623	0.007009253000886807	frontal_cortex_ba9	M004	immune system process, regulation of immune system process, immune response	0.9676170911049979	0.7860667554144397	1.1910983749781652	1.2173455490900087	0.009457546889447692	0.9472342887085646	False	False						False	False	True	MT1F
925	ENSG00000142512	1	frontal_cortex_ba9	M004	0.009457546889447692	1.2173455490900087	1.2173455490900087	1	1	0	0	abundance_only	0.027633605419827623	0.006630007534399218	frontal_cortex_ba9	M004	immune system process, regulation of immune system process, immune response	0.9676170911049979	0.7860667554144397	1.1910983749781652	1.2173455490900087	0.009457546889447692	0.9472342887085646	False	False						False	False	True	SIGLEC10
926	ENSG00000111145	1	frontal_cortex_ba9	M004	0.009457546889447692	1.2173455490900087	1.2173455490900087	1	1	0	0	abundance_only	0.027633605419827623	0.004383623329765226	frontal_cortex_ba9	M004	immune system process, regulation of immune system process, immune response	0.9676170911049979	0.7860667554144397	1.1910983749781652	1.2173455490900087	0.009457546889447692	0.9472342887085646	False	False						False	False	True	ELK3
927	ENSG00000116016	1	frontal_cortex_ba9	M004	0.009457546889447692	1.2173455490900087	1.2173455490900087	1	1	0	0	abundance_only	0.027633605419827623	0.0012282238348667116	frontal_cortex_ba9	M004	immune system process, regulation of immune system process, immune response	0.9676170911049979	0.7860667554144397	1.1910983749781652	1.2173455490900087	0.009457546889447692	0.9472342887085646	False	False						False	False	True	EPAS1
928	ENSG00000146701	3	anterior_cingulate_cortex_ba24,cerebellar_hemisphere,frontal_cortex_ba9	M001,M005,M011	5.2985836709636906e-11	1.4541234224621984	1.3750426717643514	3	2	0	3	coupled	0.0021492697791065146	0.6511459400787936	cerebellar_hemisphere	M001		0.9590204469169202	0.7800010984672611	1.179126823554509	1.2527850968096352	1.9831965965119372e-05	0.9291229011287565	False	False						False	False	True	MDH2
929	ENSG00000189159	3	anterior_cingulate_cortex_ba24,cerebellar_hemisphere,frontal_cortex_ba9	M001,M005,M011	5.2985836709636906e-11	1.4541234224621984	1.3750426717643514	3	2	0	3	coupled	0.0021492697791065146	0.5628842633991543	cerebellar_hemisphere	M001		0.9590204469169202	0.7800010984672611	1.179126823554509	1.2527850968096352	1.9831965965119372e-05	0.9291229011287565	False	False						False	False	True	JPT1
930	ENSG00000101210	3	anterior_cingulate_cortex_ba24,cerebellar_hemisphere,cortex	M001,M013,M028	1.9831965965119372e-05	1.9675739644970416	1.5742418417111956	3	2	2	3	coupled	0.000905492123843912	0.8684368761845824	cerebellar_hemisphere	M001		0.9590204469169202	0.7800010984672611	1.179126823554509	1.2527850968096352	1.9831965965119372e-05	0.9291229011287565	False	False						False	False	True	EEF1A2
931	ENSG00000089737	2	cerebellar_hemisphere,frontal_cortex_ba9	M001,M005	5.2985836709636906e-11	1.4541234224621984	1.353454259635917	2	1	0	2	coupled	0.002276591476224696	0.894991985308198	cerebellar_hemisphere	M001		0.9590204469169202	0.7800010984672611	1.179126823554509	1.2527850968096352	1.9831965965119372e-05	0.9291229011287565	False	False						False	False	True	DDX24
932	ENSG00000143761	2	cerebellar_hemisphere,frontal_cortex_ba9	M001,M005	5.2985836709636906e-11	1.4541234224621984	1.353454259635917	2	1	0	2	coupled	0.002276591476224696	0.8151112347395381	cerebellar_hemisphere	M001		0.9590204469169202	0.7800010984672611	1.179126823554509	1.2527850968096352	1.9831965965119372e-05	0.9291229011287565	False	False						False	False	True	ARF1
933	ENSG00000068308	2	cerebellar_hemisphere,frontal_cortex_ba9	M001,M005	5.2985836709636906e-11	1.4541234224621984	1.353454259635917	2	1	0	2	coupled	0.002276591476224696	0.8112426200538968	cerebellar_hemisphere	M001		0.9590204469169202	0.7800010984672611	1.179126823554509	1.2527850968096352	1.9831965965119372e-05	0.9291229011287565	False	False						False	False	True	OTUD5
934	ENSG00000185721	2	cerebellar_hemisphere,frontal_cortex_ba9	M001,M005	5.2985836709636906e-11	1.4541234224621984	1.353454259635917	2	1	0	2	coupled	0.002276591476224696	0.7428935538801155	cerebellar_hemisphere	M001		0.9590204469169202	0.7800010984672611	1.179126823554509	1.2527850968096352	1.9831965965119372e-05	0.9291229011287565	False	False						False	False	True	DRG1
935	ENSG00000131143	2	cerebellar_hemisphere,frontal_cortex_ba9	M001,M005	5.2985836709636906e-11	1.4541234224621984	1.353454259635917	2	1	0	2	coupled,discordant	0.002276591476224696	0.6950895753772648	cerebellar_hemisphere	M001		0.9590204469169202	0.7800010984672611	1.179126823554509	1.2527850968096352	1.9831965965119372e-05	0.9291229011287565	False	False						False	False	True	COX4I1
936	ENSG00000144567	2	cerebellar_hemisphere,frontal_cortex_ba9	M001,M005	5.2985836709636906e-11	1.4541234224621984	1.353454259635917	2	1	0	2	coupled	0.002276591476224696	0.6719063002859569	cerebellar_hemisphere	M001		0.9590204469169202	0.7800010984672611	1.179126823554509	1.2527850968096352	1.9831965965119372e-05	0.9291229011287565	False	False						False	False	True	RETREG2
937	ENSG00000185883	2	cerebellar_hemisphere,frontal_cortex_ba9	M001,M005	5.2985836709636906e-11	1.4541234224621984	1.353454259635917	2	1	0	2	coupled	0.002276591476224696	0.5934131876956297	cerebellar_hemisphere	M001		0.9590204469169202	0.7800010984672611	1.179126823554509	1.2527850968096352	1.9831965965119372e-05	0.9291229011287565	False	False						False	False	True	ATP6V0C
938	ENSG00000114626	2	cerebellar_hemisphere,frontal_cortex_ba9	M001,M005	5.2985836709636906e-11	1.4541234224621984	1.353454259635917	2	1	0	1	abundance_only,discordant	0.002276591476224696	0.5456895471746929	cerebellar_hemisphere	M001		0.9590204469169202	0.7800010984672611	1.179126823554509	1.2527850968096352	1.9831965965119372e-05	0.9291229011287565	False	False						False	False	True	ABTB1
939	ENSG00000102879	2	cerebellar_hemisphere,frontal_cortex_ba9	M001,M005	5.2985836709636906e-11	1.4541234224621984	1.353454259635917	2	1	0	2	coupled	0.002276591476224696	0.43130878463842554	cerebellar_hemisphere	M001		0.9590204469169202	0.7800010984672611	1.179126823554509	1.2527850968096352	1.9831965965119372e-05	0.9291229011287565	False	False						False	False	True	CORO1A
940	ENSG00000143093	2	cerebellar_hemisphere,frontal_cortex_ba9	M001,M005	5.2985836709636906e-11	1.4541234224621984	1.353454259635917	2	1	0	1	abundance_only,coupled	0.002276591476224696	0.35562722380018913	cerebellar_hemisphere	M001		0.9590204469169202	0.7800010984672611	1.179126823554509	1.2527850968096352	1.9831965965119372e-05	0.9291229011287565	False	False						False	False	True	STRIP1
941	ENSG00000125445	2	cerebellar_hemisphere,frontal_cortex_ba9	M001,M005	5.2985836709636906e-11	1.4541234224621984	1.353454259635917	2	1	0	2	discordant	0.002276591476224696	0.34276984870800353	cerebellar_hemisphere	M001		0.9590204469169202	0.7800010984672611	1.179126823554509	1.2527850968096352	1.9831965965119372e-05	0.9291229011287565	False	False						False	False	True	MRPS7
942	ENSG00000174446	2	cerebellar_hemisphere,frontal_cortex_ba9	M001,M005	5.2985836709636906e-11	1.4541234224621984	1.353454259635917	2	1	0	2	coupled	0.002276591476224696	0.3402139210819633	cerebellar_hemisphere	M001		0.9590204469169202	0.7800010984672611	1.179126823554509	1.2527850968096352	1.9831965965119372e-05	0.9291229011287565	False	False						False	False	True	SNAPC5
943	ENSG00000108953	2	anterior_cingulate_cortex_ba24,cerebellar_hemisphere	M001,M013	1.9831965965119372e-05	1.50236646382691	1.3775757803182727	2	1	1	2	coupled	0.0038471224606293525	0.8991328803068784	cerebellar_hemisphere	M001		0.9590204469169202	0.7800010984672611	1.179126823554509	1.2527850968096352	1.9831965965119372e-05	0.9291229011287565	False	False						False	False	True	YWHAE
944	ENSG00000133612	2	cerebellar_hemisphere,cortex	M001,M028	1.9831965965119372e-05	1.9675739644970416	1.6101795306533384	2	1	1	2	coupled	0.000905492123843912	0.8672196216925253	cerebellar_hemisphere	M001		0.9590204469169202	0.7800010984672611	1.179126823554509	1.2527850968096352	1.9831965965119372e-05	0.9291229011287565	False	False						False	False	True	AGAP3
945	ENSG00000158747	2	anterior_cingulate_cortex_ba24,cerebellar_hemisphere	M001,M013	1.9831965965119372e-05	1.50236646382691	1.3775757803182727	2	1	1	2	coupled,switch_only	0.0038471224606293525	0.859240138122378	cerebellar_hemisphere	M001		0.9590204469169202	0.7800010984672611	1.179126823554509	1.2527850968096352	1.9831965965119372e-05	0.9291229011287565	False	False						False	False	True	NBL1
946	ENSG00000154096	2	anterior_cingulate_cortex_ba24,cerebellar_hemisphere	M001,M013	1.9831965965119372e-05	1.50236646382691	1.3775757803182727	2	1	1	2	coupled	0.0038471224606293525	0.8250739614285193	cerebellar_hemisphere	M001		0.9590204469169202	0.7800010984672611	1.179126823554509	1.2527850968096352	1.9831965965119372e-05	0.9291229011287565	False	False						False	False	True	THY1
947	ENSG00000117640	2	anterior_cingulate_cortex_ba24,cerebellar_hemisphere	M001,M013	1.9831965965119372e-05	1.50236646382691	1.3775757803182727	2	1	1	2	coupled	0.0038471224606293525	0.8105871853189012	cerebellar_hemisphere	M001		0.9590204469169202	0.7800010984672611	1.179126823554509	1.2527850968096352	1.9831965965119372e-05	0.9291229011287565	False	False						False	False	True	MTFR1L
948	ENSG00000106367	2	anterior_cingulate_cortex_ba24,cerebellar_hemisphere	M001,M013	1.9831965965119372e-05	1.50236646382691	1.3775757803182727	2	1	1	2	coupled	0.0038471224606293525	0.8103700323685487	cerebellar_hemisphere	M001		0.9590204469169202	0.7800010984672611	1.179126823554509	1.2527850968096352	1.9831965965119372e-05	0.9291229011287565	False	False						False	False	True	AP1S1
949	ENSG00000177302	2	anterior_cingulate_cortex_ba24,cerebellar_hemisphere	M001,M013	1.9831965965119372e-05	1.50236646382691	1.3775757803182727	2	1	1	2	coupled	0.0038471224606293525	0.761475275013872	cerebellar_hemisphere	M001		0.9590204469169202	0.7800010984672611	1.179126823554509	1.2527850968096352	1.9831965965119372e-05	0.9291229011287565	False	False						False	False	True	TOP3A
950	ENSG00000161960	2	anterior_cingulate_cortex_ba24,cerebellar_hemisphere	M001,M013	1.9831965965119372e-05	1.50236646382691	1.3775757803182727	2	1	1	2	coupled	0.0038471224606293525	0.7477907630470628	cerebellar_hemisphere	M001		0.9590204469169202	0.7800010984672611	1.179126823554509	1.2527850968096352	1.9831965965119372e-05	0.9291229011287565	False	False						False	False	True	EIF4A1
951	ENSG00000162729	2	anterior_cingulate_cortex_ba24,cerebellar_hemisphere	M001,M013	1.9831965965119372e-05	1.50236646382691	1.3775757803182727	2	1	1	2	coupled	0.0038471224606293525	0.7346953161488484	cerebellar_hemisphere	M001		0.9590204469169202	0.7800010984672611	1.179126823554509	1.2527850968096352	1.9831965965119372e-05	0.9291229011287565	False	False						False	False	True	IGSF8
952	ENSG00000172007	2	anterior_cingulate_cortex_ba24,cerebellar_hemisphere	M001,M013	1.9831965965119372e-05	1.50236646382691	1.3775757803182727	2	1	1	2	coupled	0.0038471224606293525	0.7240874791016029	cerebellar_hemisphere	M001		0.9590204469169202	0.7800010984672611	1.179126823554509	1.2527850968096352	1.9831965965119372e-05	0.9291229011287565	False	False						False	False	True	RAB33B
953	ENSG00000182208	2	anterior_cingulate_cortex_ba24,cerebellar_hemisphere	M001,M013	1.9831965965119372e-05	1.50236646382691	1.3775757803182727	2	1	1	2	coupled	0.0038471224606293525	0.7125069583135697	cerebellar_hemisphere	M001		0.9590204469169202	0.7800010984672611	1.179126823554509	1.2527850968096352	1.9831965965119372e-05	0.9291229011287565	False	False						False	False	True	MOB2
954	ENSG00000241553	2	anterior_cingulate_cortex_ba24,cerebellar_hemisphere	M001,M013	1.9831965965119372e-05	1.50236646382691	1.3775757803182727	2	1	1	2	coupled	0.0038471224606293525	0.701351825288507	cerebellar_hemisphere	M001		0.9590204469169202	0.7800010984672611	1.179126823554509	1.2527850968096352	1.9831965965119372e-05	0.9291229011287565	False	False						False	False	True	ARPC4
955	ENSG00000004059	2	anterior_cingulate_cortex_ba24,cerebellar_hemisphere	M001,M013	1.9831965965119372e-05	1.50236646382691	1.3775757803182727	2	1	1	2	coupled	0.0038471224606293525	0.6958196660803795	cerebellar_hemisphere	M001		0.9590204469169202	0.7800010984672611	1.179126823554509	1.2527850968096352	1.9831965965119372e-05	0.9291229011287565	False	False						False	False	True	ARF5
956	ENSG00000164929	2	anterior_cingulate_cortex_ba24,cerebellar_hemisphere	M001,M013	1.9831965965119372e-05	1.50236646382691	1.3775757803182727	2	1	1	2	discordant,switch_only	0.0038471224606293525	0.6921054739083286	cerebellar_hemisphere	M001		0.9590204469169202	0.7800010984672611	1.179126823554509	1.2527850968096352	1.9831965965119372e-05	0.9291229011287565	False	False						False	False	True	BAALC
957	ENSG00000173465	2	anterior_cingulate_cortex_ba24,cerebellar_hemisphere	M001,M013	1.9831965965119372e-05	1.50236646382691	1.3775757803182727	2	1	1	2	coupled	0.0038471224606293525	0.6583092715336646	cerebellar_hemisphere	M001		0.9590204469169202	0.7800010984672611	1.179126823554509	1.2527850968096352	1.9831965965119372e-05	0.9291229011287565	False	False						False	False	True	ZNRD2
958	ENSG00000136807	2	cerebellar_hemisphere,cortex	M001,M028	1.9831965965119372e-05	1.9675739644970416	1.6101795306533384	2	1	1	2	coupled	0.000905492123843912	0.6064456395418574	cerebellar_hemisphere	M001		0.9590204469169202	0.7800010984672611	1.179126823554509	1.2527850968096352	1.9831965965119372e-05	0.9291229011287565	False	False						False	False	True	CDK9
959	ENSG00000178741	3	anterior_cingulate_cortex_ba24,cerebellar_hemisphere,frontal_cortex_ba9	M005,M011,M013	5.2985836709636906e-11	1.631934306569343	1.5014257416842538	2	2	0	3	coupled	0.0021492697791065146	0.7432114959347994	frontal_cortex_ba9	M005	aerobic respiration, proton motive force-driven ATP synthesis, ATP biosynthetic process	0.9194428532800109	0.7432979531485636	1.1373301337192323	1.4541234224621984	5.2985836709636906e-11	0.8296408623535657	False	False						False	False	True	COX5A
960	ENSG00000136930	3	anterior_cingulate_cortex_ba24,cerebellar_hemisphere,frontal_cortex_ba9	M005,M011,M013	5.2985836709636906e-11	1.631934306569343	1.5014257416842538	2	2	0	1	abundance_only,coupled	0.0021492697791065146	0.30310489491507697	frontal_cortex_ba9	M005	aerobic respiration, proton motive force-driven ATP synthesis, ATP biosynthetic process	0.9194428532800109	0.7432979531485636	1.1373301337192323	1.4541234224621984	5.2985836709636906e-11	0.8296408623535657	False	False						False	False	True	PSMB7
961	ENSG00000166681	3	anterior_cingulate_cortex_ba24,cerebellar_hemisphere,frontal_cortex_ba9	M005,M011,M013	5.2985836709636906e-11	1.631934306569343	1.5014257416842538	2	2	0	0	abundance_only	0.0021492697791065146	0.15257653418176914	frontal_cortex_ba9	M005	aerobic respiration, proton motive force-driven ATP synthesis, ATP biosynthetic process	0.9194428532800109	0.7432979531485636	1.1373301337192323	1.4541234224621984	5.2985836709636906e-11	0.8296408623535657	False	False						False	False	True	BEX3
962	ENSG00000111669	2	anterior_cingulate_cortex_ba24,frontal_cortex_ba9	M005,M011	5.2985836709636906e-11	1.4541234224621984	1.4361714592417092	2	2	0	2	discordant	0.0021492697791065146	0.8216209744434778	frontal_cortex_ba9	M005	aerobic respiration, proton motive force-driven ATP synthesis, ATP biosynthetic process	0.9194428532800109	0.7432979531485636	1.1373301337192323	1.4541234224621984	5.2985836709636906e-11	0.8296408623535657	False	False						False	False	True	TPI1
963	ENSG00000205629	2	anterior_cingulate_cortex_ba24,frontal_cortex_ba9	M005,M011	5.2985836709636906e-11	1.4541234224621984	1.4361714592417092	2	2	0	2	discordant	0.0021492697791065146	0.6313762258586856	frontal_cortex_ba9	M005	aerobic respiration, proton motive force-driven ATP synthesis, ATP biosynthetic process	0.9194428532800109	0.7432979531485636	1.1373301337192323	1.4541234224621984	5.2985836709636906e-11	0.8296408623535657	False	False						False	False	True	LCMT1
964	ENSG00000178449	2	anterior_cingulate_cortex_ba24,frontal_cortex_ba9	M005,M011	5.2985836709636906e-11	1.4541234224621984	1.4361714592417092	2	2	0	2	coupled,discordant	0.0021492697791065146	0.5722457044779342	frontal_cortex_ba9	M005	aerobic respiration, proton motive force-driven ATP synthesis, ATP biosynthetic process	0.9194428532800109	0.7432979531485636	1.1373301337192323	1.4541234224621984	5.2985836709636906e-11	0.8296408623535657	False	False						False	False	True	COX14
965	ENSG00000122034	2	cortex,frontal_cortex_ba9	M005,M028	5.2985836709636906e-11	1.9675739644970416	1.7108486934796199	2	2	1	2	coupled	0.000905492123843912	0.5633362366719776	frontal_cortex_ba9	M005	aerobic respiration, proton motive force-driven ATP synthesis, ATP biosynthetic process	0.9194428532800109	0.7432979531485636	1.1373301337192323	1.4541234224621984	5.2985836709636906e-11	0.8296408623535657	False	False						False	False	True	GTF3A
966	ENSG00000099341	2	anterior_cingulate_cortex_ba24,frontal_cortex_ba9	M005,M011	5.2985836709636906e-11	1.4541234224621984	1.4361714592417092	2	2	0	2	coupled	0.0021492697791065146	0.4935181115078602	frontal_cortex_ba9	M005	aerobic respiration, proton motive force-driven ATP synthesis, ATP biosynthetic process	0.9194428532800109	0.7432979531485636	1.1373301337192323	1.4541234224621984	5.2985836709636906e-11	0.8296408623535657	False	False						False	False	True	PSMD8
967	ENSG00000239672	2	anterior_cingulate_cortex_ba24,frontal_cortex_ba9	M005,M011	5.2985836709636906e-11	1.4541234224621984	1.4361714592417092	2	2	0	2	coupled,discordant	0.0021492697791065146	0.48934246757237004	frontal_cortex_ba9	M005	aerobic respiration, proton motive force-driven ATP synthesis, ATP biosynthetic process	0.9194428532800109	0.7432979531485636	1.1373301337192323	1.4541234224621984	5.2985836709636906e-11	0.8296408623535657	False	False						False	False	True	NME1
968	ENSG00000140990	2	anterior_cingulate_cortex_ba24,frontal_cortex_ba9	M005,M011	5.2985836709636906e-11	1.4541234224621984	1.4361714592417092	2	2	0	2	coupled	0.0021492697791065146	0.48900710190463353	frontal_cortex_ba9	M005	aerobic respiration, proton motive force-driven ATP synthesis, ATP biosynthetic process	0.9194428532800109	0.7432979531485636	1.1373301337192323	1.4541234224621984	5.2985836709636906e-11	0.8296408623535657	False	False						False	False	True	NDUFB10
969	ENSG00000100138	2	anterior_cingulate_cortex_ba24,frontal_cortex_ba9	M005,M011	5.2985836709636906e-11	1.4541234224621984	1.4361714592417092	2	2	0	1	abundance_only,coupled	0.0021492697791065146	0.4843602353788938	frontal_cortex_ba9	M005	aerobic respiration, proton motive force-driven ATP synthesis, ATP biosynthetic process	0.9194428532800109	0.7432979531485636	1.1373301337192323	1.4541234224621984	5.2985836709636906e-11	0.8296408623535657	False	False						False	False	True	SNU13
970	ENSG00000137100	2	anterior_cingulate_cortex_ba24,frontal_cortex_ba9	M005,M011	5.2985836709636906e-11	1.4541234224621984	1.4361714592417092	2	2	0	1	abundance_only,discordant	0.0021492697791065146	0.4669680205350022	frontal_cortex_ba9	M005	aerobic respiration, proton motive force-driven ATP synthesis, ATP biosynthetic process	0.9194428532800109	0.7432979531485636	1.1373301337192323	1.4541234224621984	5.2985836709636906e-11	0.8296408623535657	False	False						False	False	True	DCTN3
971	ENSG00000162517	2	anterior_cingulate_cortex_ba24,frontal_cortex_ba9	M005,M011	5.2985836709636906e-11	1.4541234224621984	1.4361714592417092	2	2	0	2	coupled,discordant	0.0021492697791065146	0.43632589727430876	frontal_cortex_ba9	M005	aerobic respiration, proton motive force-driven ATP synthesis, ATP biosynthetic process	0.9194428532800109	0.7432979531485636	1.1373301337192323	1.4541234224621984	5.2985836709636906e-11	0.8296408623535657	False	False						False	False	True	PEF1
972	ENSG00000042753	2	anterior_cingulate_cortex_ba24,frontal_cortex_ba9	M005,M011	5.2985836709636906e-11	1.4541234224621984	1.4361714592417092	2	2	0	1	abundance_only,discordant	0.0021492697791065146	0.3900442684853262	frontal_cortex_ba9	M005	aerobic respiration, proton motive force-driven ATP synthesis, ATP biosynthetic process	0.9194428532800109	0.7432979531485636	1.1373301337192323	1.4541234224621984	5.2985836709636906e-11	0.8296408623535657	False	False						False	False	True	AP2S1
973	ENSG00000167863	2	anterior_cingulate_cortex_ba24,frontal_cortex_ba9	M005,M011	5.2985836709636906e-11	1.4541234224621984	1.4361714592417092	2	2	0	2	discordant	0.0021492697791065146	0.37043570052501584	frontal_cortex_ba9	M005	aerobic respiration, proton motive force-driven ATP synthesis, ATP biosynthetic process	0.9194428532800109	0.7432979531485636	1.1373301337192323	1.4541234224621984	5.2985836709636906e-11	0.8296408623535657	False	False						False	False	True	ATP5PD
974	ENSG00000159199	2	anterior_cingulate_cortex_ba24,frontal_cortex_ba9	M005,M011	5.2985836709636906e-11	1.4541234224621984	1.4361714592417092	2	2	0	2	discordant	0.0021492697791065146	0.3457627737365643	frontal_cortex_ba9	M005	aerobic respiration, proton motive force-driven ATP synthesis, ATP biosynthetic process	0.9194428532800109	0.7432979531485636	1.1373301337192323	1.4541234224621984	5.2985836709636906e-11	0.8296408623535657	False	False						False	False	True	ATP5MC1
975	ENSG00000175416	2	anterior_cingulate_cortex_ba24,frontal_cortex_ba9	M005,M011	5.2985836709636906e-11	1.4541234224621984	1.4361714592417092	2	2	0	1	abundance_only,discordant	0.0021492697791065146	0.34106200083920174	frontal_cortex_ba9	M005	aerobic respiration, proton motive force-driven ATP synthesis, ATP biosynthetic process	0.9194428532800109	0.7432979531485636	1.1373301337192323	1.4541234224621984	5.2985836709636906e-11	0.8296408623535657	False	False						False	False	True	CLTB
976	ENSG00000241468	2	anterior_cingulate_cortex_ba24,frontal_cortex_ba9	M005,M011	5.2985836709636906e-11	1.4541234224621984	1.4361714592417092	2	2	0	2	discordant	0.0021492697791065146	0.32349752922548647	frontal_cortex_ba9	M005	aerobic respiration, proton motive force-driven ATP synthesis, ATP biosynthetic process	0.9194428532800109	0.7432979531485636	1.1373301337192323	1.4541234224621984	5.2985836709636906e-11	0.8296408623535657	False	False						False	False	True	ATP5MF
977	ENSG00000131495	2	anterior_cingulate_cortex_ba24,frontal_cortex_ba9	M005,M011	5.2985836709636906e-11	1.4541234224621984	1.4361714592417092	2	2	0	2	discordant	0.0021492697791065146	0.32179181720528177	frontal_cortex_ba9	M005	aerobic respiration, proton motive force-driven ATP synthesis, ATP biosynthetic process	0.9194428532800109	0.7432979531485636	1.1373301337192323	1.4541234224621984	5.2985836709636906e-11	0.8296408623535657	False	False						False	False	True	NDUFA2
978	ENSG00000105393	2	anterior_cingulate_cortex_ba24,frontal_cortex_ba9	M005,M011	5.2985836709636906e-11	1.4541234224621984	1.4361714592417092	2	2	0	2	coupled,discordant	0.0021492697791065146	0.3181018555441604	frontal_cortex_ba9	M005	aerobic respiration, proton motive force-driven ATP synthesis, ATP biosynthetic process	0.9194428532800109	0.7432979531485636	1.1373301337192323	1.4541234224621984	5.2985836709636906e-11	0.8296408623535657	False	False						False	False	True	BABAM1
979	ENSG00000117395	2	anterior_cingulate_cortex_ba24,frontal_cortex_ba9	M005,M011	5.2985836709636906e-11	1.4541234224621984	1.4361714592417092	2	2	0	1	abundance_only,discordant	0.0021492697791065146	0.2661664936609297	frontal_cortex_ba9	M005	aerobic respiration, proton motive force-driven ATP synthesis, ATP biosynthetic process	0.9194428532800109	0.7432979531485636	1.1373301337192323	1.4541234224621984	5.2985836709636906e-11	0.8296408623535657	False	False						False	False	True	EBNA1BP2
980	ENSG00000101132	2	anterior_cingulate_cortex_ba24,frontal_cortex_ba9	M005,M011	5.2985836709636906e-11	1.4541234224621984	1.4361714592417092	2	2	0	1	abundance_only,discordant	0.0021492697791065146	0.2596285667082012	frontal_cortex_ba9	M005	aerobic respiration, proton motive force-driven ATP synthesis, ATP biosynthetic process	0.9194428532800109	0.7432979531485636	1.1373301337192323	1.4541234224621984	5.2985836709636906e-11	0.8296408623535657	False	False						False	False	True	PFDN4
981	ENSG00000090266	2	anterior_cingulate_cortex_ba24,frontal_cortex_ba9	M005,M011	5.2985836709636906e-11	1.4541234224621984	1.4361714592417092	2	2	0	1	abundance_only,discordant	0.0021492697791065146	0.2554763321333361	frontal_cortex_ba9	M005	aerobic respiration, proton motive force-driven ATP synthesis, ATP biosynthetic process	0.9194428532800109	0.7432979531485636	1.1373301337192323	1.4541234224621984	5.2985836709636906e-11	0.8296408623535657	False	False						False	False	True	NDUFB2
982	ENSG00000186010	2	anterior_cingulate_cortex_ba24,frontal_cortex_ba9	M005,M011	5.2985836709636906e-11	1.4541234224621984	1.4361714592417092	2	2	0	1	abundance_only,discordant	0.0021492697791065146	0.2509651479926949	frontal_cortex_ba9	M005	aerobic respiration, proton motive force-driven ATP synthesis, ATP biosynthetic process	0.9194428532800109	0.7432979531485636	1.1373301337192323	1.4541234224621984	5.2985836709636906e-11	0.8296408623535657	False	False						False	False	True	NDUFA13
983	ENSG00000116221	2	anterior_cingulate_cortex_ba24,frontal_cortex_ba9	M005,M011	5.2985836709636906e-11	1.4541234224621984	1.4361714592417092	2	2	0	1	abundance_only,discordant	0.0021492697791065146	0.2402559417141393	frontal_cortex_ba9	M005	aerobic respiration, proton motive force-driven ATP synthesis, ATP biosynthetic process	0.9194428532800109	0.7432979531485636	1.1373301337192323	1.4541234224621984	5.2985836709636906e-11	0.8296408623535657	False	False						False	False	True	MRPL37
984	ENSG00000130520	2	anterior_cingulate_cortex_ba24,frontal_cortex_ba9	M005,M011	5.2985836709636906e-11	1.4541234224621984	1.4361714592417092	2	2	0	1	abundance_only,coupled	0.0021492697791065146	0.2289311524639706	frontal_cortex_ba9	M005	aerobic respiration, proton motive force-driven ATP synthesis, ATP biosynthetic process	0.9194428532800109	0.7432979531485636	1.1373301337192323	1.4541234224621984	5.2985836709636906e-11	0.8296408623535657	False	False						False	False	True	LSM4
985	ENSG00000147123	2	anterior_cingulate_cortex_ba24,frontal_cortex_ba9	M005,M011	5.2985836709636906e-11	1.4541234224621984	1.4361714592417092	2	2	0	1	abundance_only,discordant	0.0021492697791065146	0.20987077169549292	frontal_cortex_ba9	M005	aerobic respiration, proton motive force-driven ATP synthesis, ATP biosynthetic process	0.9194428532800109	0.7432979531485636	1.1373301337192323	1.4541234224621984	5.2985836709636906e-11	0.8296408623535657	False	False						False	False	True	NDUFB11
986	ENSG00000126267	2	anterior_cingulate_cortex_ba24,frontal_cortex_ba9	M005,M011	5.2985836709636906e-11	1.4541234224621984	1.4361714592417092	2	2	0	0	abundance_only	0.0021492697791065146	0.19570042835787407	frontal_cortex_ba9	M005	aerobic respiration, proton motive force-driven ATP synthesis, ATP biosynthetic process	0.9194428532800109	0.7432979531485636	1.1373301337192323	1.4541234224621984	5.2985836709636906e-11	0.8296408623535657	False	False						False	False	True	COX6B1
987	ENSG00000175550	2	anterior_cingulate_cortex_ba24,frontal_cortex_ba9	M005,M011	5.2985836709636906e-11	1.4541234224621984	1.4361714592417092	2	2	0	0	abundance_only	0.0021492697791065146	0.19372721510977475	frontal_cortex_ba9	M005	aerobic respiration, proton motive force-driven ATP synthesis, ATP biosynthetic process	0.9194428532800109	0.7432979531485636	1.1373301337192323	1.4541234224621984	5.2985836709636906e-11	0.8296408623535657	False	False						False	False	True	DRAP1
988	ENSG00000171224	2	anterior_cingulate_cortex_ba24,frontal_cortex_ba9	M005,M011	5.2985836709636906e-11	1.4541234224621984	1.4361714592417092	2	2	0	0	abundance_only	0.0021492697791065146	0.19071891473008884	frontal_cortex_ba9	M005	aerobic respiration, proton motive force-driven ATP synthesis, ATP biosynthetic process	0.9194428532800109	0.7432979531485636	1.1373301337192323	1.4541234224621984	5.2985836709636906e-11	0.8296408623535657	False	False						False	False	True	FAM241B
989	ENSG00000110442	2	anterior_cingulate_cortex_ba24,frontal_cortex_ba9	M005,M011	5.2985836709636906e-11	1.4541234224621984	1.4361714592417092	2	2	0	0	abundance_only	0.0021492697791065146	0.18392593399658622	frontal_cortex_ba9	M005	aerobic respiration, proton motive force-driven ATP synthesis, ATP biosynthetic process	0.9194428532800109	0.7432979531485636	1.1373301337192323	1.4541234224621984	5.2985836709636906e-11	0.8296408623535657	False	False						False	False	True	COMMD9
990	ENSG00000138629	2	anterior_cingulate_cortex_ba24,frontal_cortex_ba9	M005,M011	5.2985836709636906e-11	1.4541234224621984	1.4361714592417092	2	2	0	0	abundance_only	0.0021492697791065146	0.18269604360572111	frontal_cortex_ba9	M005	aerobic respiration, proton motive force-driven ATP synthesis, ATP biosynthetic process	0.9194428532800109	0.7432979531485636	1.1373301337192323	1.4541234224621984	5.2985836709636906e-11	0.8296408623535657	False	False						False	False	True	UBL7
991	ENSG00000181991	2	anterior_cingulate_cortex_ba24,frontal_cortex_ba9	M005,M011	5.2985836709636906e-11	1.4541234224621984	1.4361714592417092	2	2	0	0	abundance_only	0.0021492697791065146	0.1826623814129857	frontal_cortex_ba9	M005	aerobic respiration, proton motive force-driven ATP synthesis, ATP biosynthetic process	0.9194428532800109	0.7432979531485636	1.1373301337192323	1.4541234224621984	5.2985836709636906e-11	0.8296408623535657	False	False						False	False	True	MRPS11
992	ENSG00000267673	2	anterior_cingulate_cortex_ba24,frontal_cortex_ba9	M005,M011	5.2985836709636906e-11	1.4541234224621984	1.4361714592417092	2	2	0	0	abundance_only	0.0021492697791065146	0.17694543950536243	frontal_cortex_ba9	M005	aerobic respiration, proton motive force-driven ATP synthesis, ATP biosynthetic process	0.9194428532800109	0.7432979531485636	1.1373301337192323	1.4541234224621984	5.2985836709636906e-11	0.8296408623535657	False	False						False	False	True	FDX2
993	ENSG00000101473	2	anterior_cingulate_cortex_ba24,frontal_cortex_ba9	M005,M011	5.2985836709636906e-11	1.4541234224621984	1.4361714592417092	2	2	0	0	abundance_only	0.0021492697791065146	0.1717012354484477	frontal_cortex_ba9	M005	aerobic respiration, proton motive force-driven ATP synthesis, ATP biosynthetic process	0.9194428532800109	0.7432979531485636	1.1373301337192323	1.4541234224621984	5.2985836709636906e-11	0.8296408623535657	False	False						False	False	True	ACOT8
994	ENSG00000124733	2	anterior_cingulate_cortex_ba24,frontal_cortex_ba9	M005,M011	5.2985836709636906e-11	1.4541234224621984	1.4361714592417092	2	2	0	0	abundance_only	0.0021492697791065146	0.14694930574959886	frontal_cortex_ba9	M005	aerobic respiration, proton motive force-driven ATP synthesis, ATP biosynthetic process	0.9194428532800109	0.7432979531485636	1.1373301337192323	1.4541234224621984	5.2985836709636906e-11	0.8296408623535657	False	False						False	False	True	MEA1
995	ENSG00000099817	2	anterior_cingulate_cortex_ba24,frontal_cortex_ba9	M005,M011	5.2985836709636906e-11	1.4541234224621984	1.4361714592417092	2	2	0	0	abundance_only	0.0021492697791065146	0.13794785318306238	frontal_cortex_ba9	M005	aerobic respiration, proton motive force-driven ATP synthesis, ATP biosynthetic process	0.9194428532800109	0.7432979531485636	1.1373301337192323	1.4541234224621984	5.2985836709636906e-11	0.8296408623535657	False	False						False	False	True	POLR2E
996	ENSG00000164919	2	anterior_cingulate_cortex_ba24,frontal_cortex_ba9	M005,M011	5.2985836709636906e-11	1.4541234224621984	1.4361714592417092	2	2	0	0	abundance_only	0.0021492697791065146	0.12926614430009434	frontal_cortex_ba9	M005	aerobic respiration, proton motive force-driven ATP synthesis, ATP biosynthetic process	0.9194428532800109	0.7432979531485636	1.1373301337192323	1.4541234224621984	5.2985836709636906e-11	0.8296408623535657	False	False						False	False	True	COX6C
997	ENSG00000172336	2	anterior_cingulate_cortex_ba24,frontal_cortex_ba9	M005,M011	5.2985836709636906e-11	1.4541234224621984	1.4361714592417092	2	2	0	0	abundance_only	0.0021492697791065146	0.1268187560445585	frontal_cortex_ba9	M005	aerobic respiration, proton motive force-driven ATP synthesis, ATP biosynthetic process	0.9194428532800109	0.7432979531485636	1.1373301337192323	1.4541234224621984	5.2985836709636906e-11	0.8296408623535657	False	False						False	False	True	POP7
998	ENSG00000114383	2	anterior_cingulate_cortex_ba24,frontal_cortex_ba9	M005,M011	5.2985836709636906e-11	1.4541234224621984	1.4361714592417092	2	2	0	0	abundance_only	0.0021492697791065146	0.12397054663344513	frontal_cortex_ba9	M005	aerobic respiration, proton motive force-driven ATP synthesis, ATP biosynthetic process	0.9194428532800109	0.7432979531485636	1.1373301337192323	1.4541234224621984	5.2985836709636906e-11	0.8296408623535657	False	False						False	False	True	TUSC2
999	ENSG00000159685	2	anterior_cingulate_cortex_ba24,frontal_cortex_ba9	M005,M011	5.2985836709636906e-11	1.4541234224621984	1.4361714592417092	2	2	0	0	abundance_only	0.0021492697791065146	0.11588795183106824	frontal_cortex_ba9	M005	aerobic respiration, proton motive force-driven ATP synthesis, ATP biosynthetic process	0.9194428532800109	0.7432979531485636	1.1373301337192323	1.4541234224621984	5.2985836709636906e-11	0.8296408623535657	False	False						False	False	True	CHCHD6
1000	ENSG00000125743	2	anterior_cingulate_cortex_ba24,frontal_cortex_ba9	M005,M011	5.2985836709636906e-11	1.4541234224621984	1.4361714592417092	2	2	0	0	abundance_only	0.0021492697791065146	0.11416671747291501	frontal_cortex_ba9	M005	aerobic respiration, proton motive force-driven ATP synthesis, ATP biosynthetic process	0.9194428532800109	0.7432979531485636	1.1373301337192323	1.4541234224621984	5.2985836709636906e-11	0.8296408623535657	False	False						False	False	True	SNRPD2
1001	ENSG00000175768	2	anterior_cingulate_cortex_ba24,frontal_cortex_ba9	M005,M011	5.2985836709636906e-11	1.4541234224621984	1.4361714592417092	2	2	0	0	abundance_only	0.0021492697791065146	0.11257491333877608	frontal_cortex_ba9	M005	aerobic respiration, proton motive force-driven ATP synthesis, ATP biosynthetic process	0.9194428532800109	0.7432979531485636	1.1373301337192323	1.4541234224621984	5.2985836709636906e-11	0.8296408623535657	False	False						False	False	True	TOMM5
1002	ENSG00000145912	2	anterior_cingulate_cortex_ba24,frontal_cortex_ba9	M005,M011	5.2985836709636906e-11	1.4541234224621984	1.4361714592417092	2	2	0	0	abundance_only	0.0021492697791065146	0.10877458592102898	frontal_cortex_ba9	M005	aerobic respiration, proton motive force-driven ATP synthesis, ATP biosynthetic process	0.9194428532800109	0.7432979531485636	1.1373301337192323	1.4541234224621984	5.2985836709636906e-11	0.8296408623535657	False	False						False	False	True	NHP2
1003	ENSG00000174886	2	anterior_cingulate_cortex_ba24,frontal_cortex_ba9	M005,M011	5.2985836709636906e-11	1.4541234224621984	1.4361714592417092	2	2	0	0	abundance_only	0.0021492697791065146	0.10422286880648104	frontal_cortex_ba9	M005	aerobic respiration, proton motive force-driven ATP synthesis, ATP biosynthetic process	0.9194428532800109	0.7432979531485636	1.1373301337192323	1.4541234224621984	5.2985836709636906e-11	0.8296408623535657	False	False						False	False	True	NDUFA11
1004	ENSG00000139579	2	anterior_cingulate_cortex_ba24,frontal_cortex_ba9	M005,M011	5.2985836709636906e-11	1.4541234224621984	1.4361714592417092	2	2	0	0	abundance_only	0.0021492697791065146	0.10391765601318648	frontal_cortex_ba9	M005	aerobic respiration, proton motive force-driven ATP synthesis, ATP biosynthetic process	0.9194428532800109	0.7432979531485636	1.1373301337192323	1.4541234224621984	5.2985836709636906e-11	0.8296408623535657	False	False						False	False	True	NABP2
1005	ENSG00000127540	2	anterior_cingulate_cortex_ba24,frontal_cortex_ba9	M005,M011	5.2985836709636906e-11	1.4541234224621984	1.4361714592417092	2	2	0	0	abundance_only	0.0021492697791065146	0.08535554830036095	frontal_cortex_ba9	M005	aerobic respiration, proton motive force-driven ATP synthesis, ATP biosynthetic process	0.9194428532800109	0.7432979531485636	1.1373301337192323	1.4541234224621984	5.2985836709636906e-11	0.8296408623535657	False	False						False	False	True	UQCR11
1006	ENSG00000105058	2	anterior_cingulate_cortex_ba24,frontal_cortex_ba9	M005,M011	5.2985836709636906e-11	1.4541234224621984	1.4361714592417092	2	2	0	0	abundance_only	0.0021492697791065146	0.08437633377870198	frontal_cortex_ba9	M005	aerobic respiration, proton motive force-driven ATP synthesis, ATP biosynthetic process	0.9194428532800109	0.7432979531485636	1.1373301337192323	1.4541234224621984	5.2985836709636906e-11	0.8296408623535657	False	False						False	False	True	FAM32A
1007	ENSG00000130770	2	anterior_cingulate_cortex_ba24,frontal_cortex_ba9	M005,M011	5.2985836709636906e-11	1.4541234224621984	1.4361714592417092	2	2	0	0	abundance_only	0.0021492697791065146	0.07972766722013365	frontal_cortex_ba9	M005	aerobic respiration, proton motive force-driven ATP synthesis, ATP biosynthetic process	0.9194428532800109	0.7432979531485636	1.1373301337192323	1.4541234224621984	5.2985836709636906e-11	0.8296408623535657	False	False						False	False	True	ATP5IF1
1008	ENSG00000198258	2	anterior_cingulate_cortex_ba24,frontal_cortex_ba9	M005,M011	5.2985836709636906e-11	1.4541234224621984	1.4361714592417092	2	2	0	0	abundance_only	0.0021492697791065146	0.07340907272906705	frontal_cortex_ba9	M005	aerobic respiration, proton motive force-driven ATP synthesis, ATP biosynthetic process	0.9194428532800109	0.7432979531485636	1.1373301337192323	1.4541234224621984	5.2985836709636906e-11	0.8296408623535657	False	False						False	False	True	UBL5
1009	ENSG00000151500	2	anterior_cingulate_cortex_ba24,frontal_cortex_ba9	M005,M011	5.2985836709636906e-11	1.4541234224621984	1.4361714592417092	2	2	0	0	abundance_only	0.0021492697791065146	0.07198445430861565	frontal_cortex_ba9	M005	aerobic respiration, proton motive force-driven ATP synthesis, ATP biosynthetic process	0.9194428532800109	0.7432979531485636	1.1373301337192323	1.4541234224621984	5.2985836709636906e-11	0.8296408623535657	False	False						False	False	True	THYN1
1010	ENSG00000142507	2	anterior_cingulate_cortex_ba24,frontal_cortex_ba9	M005,M011	5.2985836709636906e-11	1.4541234224621984	1.4361714592417092	2	2	0	0	abundance_only	0.0021492697791065146	0.06088858186060006	frontal_cortex_ba9	M005	aerobic respiration, proton motive force-driven ATP synthesis, ATP biosynthetic process	0.9194428532800109	0.7432979531485636	1.1373301337192323	1.4541234224621984	5.2985836709636906e-11	0.8296408623535657	False	False						False	False	True	PSMB6
1011	ENSG00000196465	2	anterior_cingulate_cortex_ba24,frontal_cortex_ba9	M005,M011	5.2985836709636906e-11	1.4541234224621984	1.4361714592417092	2	2	0	0	abundance_only	0.0021492697791065146	0.03558274513457677	frontal_cortex_ba9	M005	aerobic respiration, proton motive force-driven ATP synthesis, ATP biosynthetic process	0.9194428532800109	0.7432979531485636	1.1373301337192323	1.4541234224621984	5.2985836709636906e-11	0.8296408623535657	False	False						False	False	True	MYL6B
1012	ENSG00000183011	2	anterior_cingulate_cortex_ba24,frontal_cortex_ba9	M005,M011	5.2985836709636906e-11	1.4541234224621984	1.4361714592417092	2	2	0	0	abundance_only	0.0021492697791065146	0.014521364636447836	frontal_cortex_ba9	M005	aerobic respiration, proton motive force-driven ATP synthesis, ATP biosynthetic process	0.9194428532800109	0.7432979531485636	1.1373301337192323	1.4541234224621984	5.2985836709636906e-11	0.8296408623535657	False	False						False	False	True	NAA38
1013	ENSG00000165516	2	cerebellar_hemisphere,frontal_cortex_ba9	M005,M013	5.2985836709636906e-11	1.631934306569343	1.5430288645157706	1	1	0	2	coupled	0.002276591476224696	0.6161580862739865	frontal_cortex_ba9	M005	aerobic respiration, proton motive force-driven ATP synthesis, ATP biosynthetic process	0.9194428532800109	0.7432979531485636	1.1373301337192323	1.4541234224621984	5.2985836709636906e-11	0.8296408623535657	False	False						False	False	True	KLHDC2
1014	ENSG00000133134	2	cerebellar_hemisphere,frontal_cortex_ba9	M005,M013	5.2985836709636906e-11	1.631934306569343	1.5430288645157706	1	1	0	1	abundance_only,coupled	0.002276591476224696	0.45978106273031166	frontal_cortex_ba9	M005	aerobic respiration, proton motive force-driven ATP synthesis, ATP biosynthetic process	0.9194428532800109	0.7432979531485636	1.1373301337192323	1.4541234224621984	5.2985836709636906e-11	0.8296408623535657	False	False						False	False	True	BEX2
1015	ENSG00000110107	1	frontal_cortex_ba9	M005	5.2985836709636906e-11	1.4541234224621984	1.4541234224621984	1	1	0	1	discordant	0.002276591476224696	0.8158963231168321	frontal_cortex_ba9	M005	aerobic respiration, proton motive force-driven ATP synthesis, ATP biosynthetic process	0.9194428532800109	0.7432979531485636	1.1373301337192323	1.4541234224621984	5.2985836709636906e-11	0.8296408623535657	False	False						False	False	True	PRPF19
1016	ENSG00000010256	1	frontal_cortex_ba9	M005	5.2985836709636906e-11	1.4541234224621984	1.4541234224621984	1	1	0	1	coupled	0.002276591476224696	0.7773472132261445	frontal_cortex_ba9	M005	aerobic respiration, proton motive force-driven ATP synthesis, ATP biosynthetic process	0.9194428532800109	0.7432979531485636	1.1373301337192323	1.4541234224621984	5.2985836709636906e-11	0.8296408623535657	False	False						False	False	True	UQCRC1
1017	ENSG00000103415	1	frontal_cortex_ba9	M005	5.2985836709636906e-11	1.4541234224621984	1.4541234224621984	1	1	0	1	coupled	0.002276591476224696	0.7688457328012525	frontal_cortex_ba9	M005	aerobic respiration, proton motive force-driven ATP synthesis, ATP biosynthetic process	0.9194428532800109	0.7432979531485636	1.1373301337192323	1.4541234224621984	5.2985836709636906e-11	0.8296408623535657	False	False						False	False	True	HMOX2
1018	ENSG00000241685	1	frontal_cortex_ba9	M005	5.2985836709636906e-11	1.4541234224621984	1.4541234224621984	1	1	0	1	discordant	0.002276591476224696	0.6940926811851006	frontal_cortex_ba9	M005	aerobic respiration, proton motive force-driven ATP synthesis, ATP biosynthetic process	0.9194428532800109	0.7432979531485636	1.1373301337192323	1.4541234224621984	5.2985836709636906e-11	0.8296408623535657	False	False						False	False	True	ARPC1A
1019	ENSG00000107742	1	frontal_cortex_ba9	M005	5.2985836709636906e-11	1.4541234224621984	1.4541234224621984	1	1	0	1	coupled	0.002276591476224696	0.6847415809379361	frontal_cortex_ba9	M005	aerobic respiration, proton motive force-driven ATP synthesis, ATP biosynthetic process	0.9194428532800109	0.7432979531485636	1.1373301337192323	1.4541234224621984	5.2985836709636906e-11	0.8296408623535657	False	False						False	False	True	SPOCK2
1020	ENSG00000158042	1	frontal_cortex_ba9	M005	5.2985836709636906e-11	1.4541234224621984	1.4541234224621984	1	1	0	1	coupled	0.002276591476224696	0.6709716704995171	frontal_cortex_ba9	M005	aerobic respiration, proton motive force-driven ATP synthesis, ATP biosynthetic process	0.9194428532800109	0.7432979531485636	1.1373301337192323	1.4541234224621984	5.2985836709636906e-11	0.8296408623535657	False	False						False	False	True	MRPL17
1021	ENSG00000105402	1	frontal_cortex_ba9	M005	5.2985836709636906e-11	1.4541234224621984	1.4541234224621984	1	1	0	1	coupled	0.002276591476224696	0.662277637629752	frontal_cortex_ba9	M005	aerobic respiration, proton motive force-driven ATP synthesis, ATP biosynthetic process	0.9194428532800109	0.7432979531485636	1.1373301337192323	1.4541234224621984	5.2985836709636906e-11	0.8296408623535657	False	False						False	False	True	NAPA
1022	ENSG00000102181	1	frontal_cortex_ba9	M005	5.2985836709636906e-11	1.4541234224621984	1.4541234224621984	1	1	0	1	coupled	0.002276591476224696	0.6595867092895294	frontal_cortex_ba9	M005	aerobic respiration, proton motive force-driven ATP synthesis, ATP biosynthetic process	0.9194428532800109	0.7432979531485636	1.1373301337192323	1.4541234224621984	5.2985836709636906e-11	0.8296408623535657	False	False						False	False	True	CD99L2
1023	ENSG00000184117	1	frontal_cortex_ba9	M005	5.2985836709636906e-11	1.4541234224621984	1.4541234224621984	1	1	0	1	coupled	0.002276591476224696	0.6230175264555338	frontal_cortex_ba9	M005	aerobic respiration, proton motive force-driven ATP synthesis, ATP biosynthetic process	0.9194428532800109	0.7432979531485636	1.1373301337192323	1.4541234224621984	5.2985836709636906e-11	0.8296408623535657	False	False						False	False	True	NIPSNAP1
1024	ENSG00000184220	1	frontal_cortex_ba9	M005	5.2985836709636906e-11	1.4541234224621984	1.4541234224621984	1	1	0	1	discordant	0.002276591476224696	0.6185487298846195	frontal_cortex_ba9	M005	aerobic respiration, proton motive force-driven ATP synthesis, ATP biosynthetic process	0.9194428532800109	0.7432979531485636	1.1373301337192323	1.4541234224621984	5.2985836709636906e-11	0.8296408623535657	False	False						False	False	True	CMSS1
1025	ENSG00000160326	1	frontal_cortex_ba9	M005	5.2985836709636906e-11	1.4541234224621984	1.4541234224621984	1	1	0	1	coupled	0.002276591476224696	0.5956594257667519	frontal_cortex_ba9	M005	aerobic respiration, proton motive force-driven ATP synthesis, ATP biosynthetic process	0.9194428532800109	0.7432979531485636	1.1373301337192323	1.4541234224621984	5.2985836709636906e-11	0.8296408623535657	False	False						False	False	True	SLC2A6
1026	ENSG00000167657	1	frontal_cortex_ba9	M005	5.2985836709636906e-11	1.4541234224621984	1.4541234224621984	1	1	0	1	coupled	0.002276591476224696	0.5951680398231322	frontal_cortex_ba9	M005	aerobic respiration, proton motive force-driven ATP synthesis, ATP biosynthetic process	0.9194428532800109	0.7432979531485636	1.1373301337192323	1.4541234224621984	5.2985836709636906e-11	0.8296408623535657	False	False						False	False	True	DAPK3
1027	ENSG00000097021	1	frontal_cortex_ba9	M005	5.2985836709636906e-11	1.4541234224621984	1.4541234224621984	1	1	0	1	discordant	0.002276591476224696	0.5810899535607688	frontal_cortex_ba9	M005	aerobic respiration, proton motive force-driven ATP synthesis, ATP biosynthetic process	0.9194428532800109	0.7432979531485636	1.1373301337192323	1.4541234224621984	5.2985836709636906e-11	0.8296408623535657	False	False						False	False	True	ACOT7
1028	ENSG00000154277	1	frontal_cortex_ba9	M005	5.2985836709636906e-11	1.4541234224621984	1.4541234224621984	1	1	0	1	coupled	0.002276591476224696	0.5709583615071606	frontal_cortex_ba9	M005	aerobic respiration, proton motive force-driven ATP synthesis, ATP biosynthetic process	0.9194428532800109	0.7432979531485636	1.1373301337192323	1.4541234224621984	5.2985836709636906e-11	0.8296408623535657	False	False						False	False	True	UCHL1
1029	ENSG00000101945	1	frontal_cortex_ba9	M005	5.2985836709636906e-11	1.4541234224621984	1.4541234224621984	1	1	0	1	coupled	0.002276591476224696	0.5666059760874761	frontal_cortex_ba9	M005	aerobic respiration, proton motive force-driven ATP synthesis, ATP biosynthetic process	0.9194428532800109	0.7432979531485636	1.1373301337192323	1.4541234224621984	5.2985836709636906e-11	0.8296408623535657	False	False						False	False	True	SUV39H1
1030	ENSG00000100401	1	frontal_cortex_ba9	M005	5.2985836709636906e-11	1.4541234224621984	1.4541234224621984	1	1	0	1	coupled	0.002276591476224696	0.5643916120502431	frontal_cortex_ba9	M005	aerobic respiration, proton motive force-driven ATP synthesis, ATP biosynthetic process	0.9194428532800109	0.7432979531485636	1.1373301337192323	1.4541234224621984	5.2985836709636906e-11	0.8296408623535657	False	False						False	False	True	RANGAP1
1031	ENSG00000111737	1	frontal_cortex_ba9	M005	5.2985836709636906e-11	1.4541234224621984	1.4541234224621984	1	1	0	1	coupled	0.002276591476224696	0.5505605259930499	frontal_cortex_ba9	M005	aerobic respiration, proton motive force-driven ATP synthesis, ATP biosynthetic process	0.9194428532800109	0.7432979531485636	1.1373301337192323	1.4541234224621984	5.2985836709636906e-11	0.8296408623535657	False	False						False	False	True	RAB35
1032	ENSG00000163866	1	frontal_cortex_ba9	M005	5.2985836709636906e-11	1.4541234224621984	1.4541234224621984	1	1	0	1	coupled	0.002276591476224696	0.5421801457015294	frontal_cortex_ba9	M005	aerobic respiration, proton motive force-driven ATP synthesis, ATP biosynthetic process	0.9194428532800109	0.7432979531485636	1.1373301337192323	1.4541234224621984	5.2985836709636906e-11	0.8296408623535657	False	False						False	False	True	SMIM12
1033	ENSG00000130764	1	frontal_cortex_ba9	M005	5.2985836709636906e-11	1.4541234224621984	1.4541234224621984	1	1	0	1	discordant	0.002276591476224696	0.5348963495301202	frontal_cortex_ba9	M005	aerobic respiration, proton motive force-driven ATP synthesis, ATP biosynthetic process	0.9194428532800109	0.7432979531485636	1.1373301337192323	1.4541234224621984	5.2985836709636906e-11	0.8296408623535657	False	False						False	False	True	LRRC47
1034	ENSG00000099910	1	frontal_cortex_ba9	M005	5.2985836709636906e-11	1.4541234224621984	1.4541234224621984	1	1	0	1	discordant	0.002276591476224696	0.5270543575809764	frontal_cortex_ba9	M005	aerobic respiration, proton motive force-driven ATP synthesis, ATP biosynthetic process	0.9194428532800109	0.7432979531485636	1.1373301337192323	1.4541234224621984	5.2985836709636906e-11	0.8296408623535657	False	False						False	False	True	KLHL22
1035	ENSG00000127824	1	frontal_cortex_ba9	M005	5.2985836709636906e-11	1.4541234224621984	1.4541234224621984	1	1	0	1	discordant	0.002276591476224696	0.5051532525455849	frontal_cortex_ba9	M005	aerobic respiration, proton motive force-driven ATP synthesis, ATP biosynthetic process	0.9194428532800109	0.7432979531485636	1.1373301337192323	1.4541234224621984	5.2985836709636906e-11	0.8296408623535657	False	False						False	False	True	TUBA4A
1036	ENSG00000104904	1	frontal_cortex_ba9	M005	5.2985836709636906e-11	1.4541234224621984	1.4541234224621984	1	1	0	1	discordant	0.002276591476224696	0.49351449651834634	frontal_cortex_ba9	M005	aerobic respiration, proton motive force-driven ATP synthesis, ATP biosynthetic process	0.9194428532800109	0.7432979531485636	1.1373301337192323	1.4541234224621984	5.2985836709636906e-11	0.8296408623535657	False	False						False	False	True	OAZ1
1037	ENSG00000072062	1	frontal_cortex_ba9	M005	5.2985836709636906e-11	1.4541234224621984	1.4541234224621984	1	1	0	1	coupled	0.002276591476224696	0.4910451563433821	frontal_cortex_ba9	M005	aerobic respiration, proton motive force-driven ATP synthesis, ATP biosynthetic process	0.9194428532800109	0.7432979531485636	1.1373301337192323	1.4541234224621984	5.2985836709636906e-11	0.8296408623535657	False	False						False	False	True	PRKACA
1038	ENSG00000131475	1	frontal_cortex_ba9	M005	5.2985836709636906e-11	1.4541234224621984	1.4541234224621984	1	1	0	1	coupled	0.002276591476224696	0.46842934548203274	frontal_cortex_ba9	M005	aerobic respiration, proton motive force-driven ATP synthesis, ATP biosynthetic process	0.9194428532800109	0.7432979531485636	1.1373301337192323	1.4541234224621984	5.2985836709636906e-11	0.8296408623535657	False	False						False	False	True	VPS25
1039	ENSG00000176401	1	frontal_cortex_ba9	M005	5.2985836709636906e-11	1.4541234224621984	1.4541234224621984	1	1	0	1	coupled	0.002276591476224696	0.4597159694732108	frontal_cortex_ba9	M005	aerobic respiration, proton motive force-driven ATP synthesis, ATP biosynthetic process	0.9194428532800109	0.7432979531485636	1.1373301337192323	1.4541234224621984	5.2985836709636906e-11	0.8296408623535657	False	False						False	False	True	EID2B
1040	ENSG00000204386	1	frontal_cortex_ba9	M005	5.2985836709636906e-11	1.4541234224621984	1.4541234224621984	1	1	0	1	coupled	0.002276591476224696	0.45271918766031277	frontal_cortex_ba9	M005	aerobic respiration, proton motive force-driven ATP synthesis, ATP biosynthetic process	0.9194428532800109	0.7432979531485636	1.1373301337192323	1.4541234224621984	5.2985836709636906e-11	0.8296408623535657	False	False						False	False	True	NEU1
1041	ENSG00000106605	1	frontal_cortex_ba9	M005	5.2985836709636906e-11	1.4541234224621984	1.4541234224621984	1	1	0	1	coupled	0.002276591476224696	0.4464615258783778	frontal_cortex_ba9	M005	aerobic respiration, proton motive force-driven ATP synthesis, ATP biosynthetic process	0.9194428532800109	0.7432979531485636	1.1373301337192323	1.4541234224621984	5.2985836709636906e-11	0.8296408623535657	False	False						False	False	True	BLVRA
1042	ENSG00000180035	1	frontal_cortex_ba9	M005	5.2985836709636906e-11	1.4541234224621984	1.4541234224621984	1	1	0	1	coupled	0.002276591476224696	0.4404167950581519	frontal_cortex_ba9	M005	aerobic respiration, proton motive force-driven ATP synthesis, ATP biosynthetic process	0.9194428532800109	0.7432979531485636	1.1373301337192323	1.4541234224621984	5.2985836709636906e-11	0.8296408623535657	False	False						False	False	True	ZNF48
1043	ENSG00000162222	1	frontal_cortex_ba9	M005	5.2985836709636906e-11	1.4541234224621984	1.4541234224621984	1	1	0	1	coupled	0.002276591476224696	0.43849336002211325	frontal_cortex_ba9	M005	aerobic respiration, proton motive force-driven ATP synthesis, ATP biosynthetic process	0.9194428532800109	0.7432979531485636	1.1373301337192323	1.4541234224621984	5.2985836709636906e-11	0.8296408623535657	False	False						False	False	True	TTC9C
1044	ENSG00000007080	1	frontal_cortex_ba9	M005	5.2985836709636906e-11	1.4541234224621984	1.4541234224621984	1	1	0	1	coupled	0.002276591476224696	0.4368166688259931	frontal_cortex_ba9	M005	aerobic respiration, proton motive force-driven ATP synthesis, ATP biosynthetic process	0.9194428532800109	0.7432979531485636	1.1373301337192323	1.4541234224621984	5.2985836709636906e-11	0.8296408623535657	False	False						False	False	True	CCDC124
1045	ENSG00000182095	1	frontal_cortex_ba9	M005	5.2985836709636906e-11	1.4541234224621984	1.4541234224621984	1	1	0	1	coupled	0.002276591476224696	0.43009727791376406	frontal_cortex_ba9	M005	aerobic respiration, proton motive force-driven ATP synthesis, ATP biosynthetic process	0.9194428532800109	0.7432979531485636	1.1373301337192323	1.4541234224621984	5.2985836709636906e-11	0.8296408623535657	False	False						False	False	True	TNRC18
1046	ENSG00000198925	1	frontal_cortex_ba9	M005	5.2985836709636906e-11	1.4541234224621984	1.4541234224621984	1	1	0	1	coupled	0.002276591476224696	0.429944218745385	frontal_cortex_ba9	M005	aerobic respiration, proton motive force-driven ATP synthesis, ATP biosynthetic process	0.9194428532800109	0.7432979531485636	1.1373301337192323	1.4541234224621984	5.2985836709636906e-11	0.8296408623535657	False	False						False	False	True	ATG9A
1047	ENSG00000258947	1	frontal_cortex_ba9	M005	5.2985836709636906e-11	1.4541234224621984	1.4541234224621984	1	1	0	1	discordant	0.002276591476224696	0.41810539026757626	frontal_cortex_ba9	M005	aerobic respiration, proton motive force-driven ATP synthesis, ATP biosynthetic process	0.9194428532800109	0.7432979531485636	1.1373301337192323	1.4541234224621984	5.2985836709636906e-11	0.8296408623535657	False	False						False	False	True	TUBB3
1048	ENSG00000174547	1	frontal_cortex_ba9	M005	5.2985836709636906e-11	1.4541234224621984	1.4541234224621984	1	1	0	1	coupled	0.002276591476224696	0.4154546286110127	frontal_cortex_ba9	M005	aerobic respiration, proton motive force-driven ATP synthesis, ATP biosynthetic process	0.9194428532800109	0.7432979531485636	1.1373301337192323	1.4541234224621984	5.2985836709636906e-11	0.8296408623535657	False	False						False	False	True	MRPL11
1049	ENSG00000100554	1	frontal_cortex_ba9	M005	5.2985836709636906e-11	1.4541234224621984	1.4541234224621984	1	1	0	1	discordant	0.002276591476224696	0.4140568973672085	frontal_cortex_ba9	M005	aerobic respiration, proton motive force-driven ATP synthesis, ATP biosynthetic process	0.9194428532800109	0.7432979531485636	1.1373301337192323	1.4541234224621984	5.2985836709636906e-11	0.8296408623535657	False	False						False	False	True	ATP6V1D
1050	ENSG00000134590	1	frontal_cortex_ba9	M005	5.2985836709636906e-11	1.4541234224621984	1.4541234224621984	1	1	0	1	discordant	0.002276591476224696	0.4072115129225872	frontal_cortex_ba9	M005	aerobic respiration, proton motive force-driven ATP synthesis, ATP biosynthetic process	0.9194428532800109	0.7432979531485636	1.1373301337192323	1.4541234224621984	5.2985836709636906e-11	0.8296408623535657	False	False						False	False	True	RTL8C
1051	ENSG00000102796	1	frontal_cortex_ba9	M005	5.2985836709636906e-11	1.4541234224621984	1.4541234224621984	1	1	0	1	switch_only	0.002276591476224696	0.4016168297861294	frontal_cortex_ba9	M005	aerobic respiration, proton motive force-driven ATP synthesis, ATP biosynthetic process	0.9194428532800109	0.7432979531485636	1.1373301337192323	1.4541234224621984	5.2985836709636906e-11	0.8296408623535657	False	False						False	False	True	DHRS12
1052	ENSG00000149925	1	frontal_cortex_ba9	M005	5.2985836709636906e-11	1.4541234224621984	1.4541234224621984	1	1	0	1	coupled	0.002276591476224696	0.40050651780713115	frontal_cortex_ba9	M005	aerobic respiration, proton motive force-driven ATP synthesis, ATP biosynthetic process	0.9194428532800109	0.7432979531485636	1.1373301337192323	1.4541234224621984	5.2985836709636906e-11	0.8296408623535657	False	False						False	False	True	ALDOA
1053	ENSG00000146670	1	frontal_cortex_ba9	M005	5.2985836709636906e-11	1.4541234224621984	1.4541234224621984	1	1	0	1	coupled	0.002276591476224696	0.39687707350700835	frontal_cortex_ba9	M005	aerobic respiration, proton motive force-driven ATP synthesis, ATP biosynthetic process	0.9194428532800109	0.7432979531485636	1.1373301337192323	1.4541234224621984	5.2985836709636906e-11	0.8296408623535657	False	False						False	False	True	CDCA5
1054	ENSG00000146826	1	frontal_cortex_ba9	M005	5.2985836709636906e-11	1.4541234224621984	1.4541234224621984	1	1	0	1	coupled	0.002276591476224696	0.3953408202975254	frontal_cortex_ba9	M005	aerobic respiration, proton motive force-driven ATP synthesis, ATP biosynthetic process	0.9194428532800109	0.7432979531485636	1.1373301337192323	1.4541234224621984	5.2985836709636906e-11	0.8296408623535657	False	False						False	False	True	TRAPPC14
1055	ENSG00000137216	1	frontal_cortex_ba9	M005	5.2985836709636906e-11	1.4541234224621984	1.4541234224621984	1	1	0	1	discordant	0.002276591476224696	0.3951741536811148	frontal_cortex_ba9	M005	aerobic respiration, proton motive force-driven ATP synthesis, ATP biosynthetic process	0.9194428532800109	0.7432979531485636	1.1373301337192323	1.4541234224621984	5.2985836709636906e-11	0.8296408623535657	False	False						False	False	True	TMEM63B
1056	ENSG00000227057	1	frontal_cortex_ba9	M005	5.2985836709636906e-11	1.4541234224621984	1.4541234224621984	1	1	0	1	coupled	0.002276591476224696	0.3730615121854893	frontal_cortex_ba9	M005	aerobic respiration, proton motive force-driven ATP synthesis, ATP biosynthetic process	0.9194428532800109	0.7432979531485636	1.1373301337192323	1.4541234224621984	5.2985836709636906e-11	0.8296408623535657	False	False						False	False	True	WDR46
1057	ENSG00000188229	1	frontal_cortex_ba9	M005	5.2985836709636906e-11	1.4541234224621984	1.4541234224621984	1	1	0	1	coupled	0.002276591476224696	0.37137199570448187	frontal_cortex_ba9	M005	aerobic respiration, proton motive force-driven ATP synthesis, ATP biosynthetic process	0.9194428532800109	0.7432979531485636	1.1373301337192323	1.4541234224621984	5.2985836709636906e-11	0.8296408623535657	False	False						False	False	True	TUBB4B
1058	ENSG00000132589	1	frontal_cortex_ba9	M005	5.2985836709636906e-11	1.4541234224621984	1.4541234224621984	1	1	0	1	coupled	0.002276591476224696	0.3648479998350412	frontal_cortex_ba9	M005	aerobic respiration, proton motive force-driven ATP synthesis, ATP biosynthetic process	0.9194428532800109	0.7432979531485636	1.1373301337192323	1.4541234224621984	5.2985836709636906e-11	0.8296408623535657	False	False						False	False	True	FLOT2
1059	ENSG00000072832	1	frontal_cortex_ba9	M005	5.2985836709636906e-11	1.4541234224621984	1.4541234224621984	1	1	0	1	coupled	0.002276591476224696	0.36321914034933556	frontal_cortex_ba9	M005	aerobic respiration, proton motive force-driven ATP synthesis, ATP biosynthetic process	0.9194428532800109	0.7432979531485636	1.1373301337192323	1.4541234224621984	5.2985836709636906e-11	0.8296408623535657	False	False						False	False	True	CRMP1
1060	ENSG00000135314	1	frontal_cortex_ba9	M005	5.2985836709636906e-11	1.4541234224621984	1.4541234224621984	1	1	0	1	discordant	0.002276591476224696	0.35300956359213315	frontal_cortex_ba9	M005	aerobic respiration, proton motive force-driven ATP synthesis, ATP biosynthetic process	0.9194428532800109	0.7432979531485636	1.1373301337192323	1.4541234224621984	5.2985836709636906e-11	0.8296408623535657	False	False						False	False	True	KHDC1
1061	ENSG00000100908	1	frontal_cortex_ba9	M005	5.2985836709636906e-11	1.4541234224621984	1.4541234224621984	1	1	0	1	coupled	0.002276591476224696	0.34655213857191514	frontal_cortex_ba9	M005	aerobic respiration, proton motive force-driven ATP synthesis, ATP biosynthetic process	0.9194428532800109	0.7432979531485636	1.1373301337192323	1.4541234224621984	5.2985836709636906e-11	0.8296408623535657	False	False						False	False	True	EMC9
1062	ENSG00000100804	1	frontal_cortex_ba9	M005	5.2985836709636906e-11	1.4541234224621984	1.4541234224621984	1	1	0	1	discordant	0.002276591476224696	0.34459687347466533	frontal_cortex_ba9	M005	aerobic respiration, proton motive force-driven ATP synthesis, ATP biosynthetic process	0.9194428532800109	0.7432979531485636	1.1373301337192323	1.4541234224621984	5.2985836709636906e-11	0.8296408623535657	False	False						False	False	True	PSMB5
1063	ENSG00000254901	1	frontal_cortex_ba9	M005	5.2985836709636906e-11	1.4541234224621984	1.4541234224621984	1	1	0	1	discordant	0.002276591476224696	0.33385370257869995	frontal_cortex_ba9	M005	aerobic respiration, proton motive force-driven ATP synthesis, ATP biosynthetic process	0.9194428532800109	0.7432979531485636	1.1373301337192323	1.4541234224621984	5.2985836709636906e-11	0.8296408623535657	False	False						False	False	True	BORCS8
1064	ENSG00000102226	1	frontal_cortex_ba9	M005	5.2985836709636906e-11	1.4541234224621984	1.4541234224621984	1	1	0	1	coupled	0.002276591476224696	0.32858292307554915	frontal_cortex_ba9	M005	aerobic respiration, proton motive force-driven ATP synthesis, ATP biosynthetic process	0.9194428532800109	0.7432979531485636	1.1373301337192323	1.4541234224621984	5.2985836709636906e-11	0.8296408623535657	False	False						False	False	True	USP11
1065	ENSG00000054116	1	frontal_cortex_ba9	M005	5.2985836709636906e-11	1.4541234224621984	1.4541234224621984	1	1	0	1	coupled	0.002276591476224696	0.3225257329897914	frontal_cortex_ba9	M005	aerobic respiration, proton motive force-driven ATP synthesis, ATP biosynthetic process	0.9194428532800109	0.7432979531485636	1.1373301337192323	1.4541234224621984	5.2985836709636906e-11	0.8296408623535657	False	False						False	False	True	TRAPPC3
1066	ENSG00000005194	1	frontal_cortex_ba9	M005	5.2985836709636906e-11	1.4541234224621984	1.4541234224621984	1	1	0	1	coupled	0.002276591476224696	0.319537268628846	frontal_cortex_ba9	M005	aerobic respiration, proton motive force-driven ATP synthesis, ATP biosynthetic process	0.9194428532800109	0.7432979531485636	1.1373301337192323	1.4541234224621984	5.2985836709636906e-11	0.8296408623535657	False	False						False	False	True	CIAPIN1
1067	ENSG00000141873	1	frontal_cortex_ba9	M005	5.2985836709636906e-11	1.4541234224621984	1.4541234224621984	1	1	0	1	discordant	0.002276591476224696	0.3175018150142674	frontal_cortex_ba9	M005	aerobic respiration, proton motive force-driven ATP synthesis, ATP biosynthetic process	0.9194428532800109	0.7432979531485636	1.1373301337192323	1.4541234224621984	5.2985836709636906e-11	0.8296408623535657	False	False						False	False	True	SLC39A3
1068	ENSG00000105171	1	frontal_cortex_ba9	M005	5.2985836709636906e-11	1.4541234224621984	1.4541234224621984	1	1	0	1	discordant	0.002276591476224696	0.3149408158901217	frontal_cortex_ba9	M005	aerobic respiration, proton motive force-driven ATP synthesis, ATP biosynthetic process	0.9194428532800109	0.7432979531485636	1.1373301337192323	1.4541234224621984	5.2985836709636906e-11	0.8296408623535657	False	False						False	False	True	POP4
1069	ENSG00000247596	1	frontal_cortex_ba9	M005	5.2985836709636906e-11	1.4541234224621984	1.4541234224621984	1	1	0	1	discordant	0.002276591476224696	0.3040656609099232	frontal_cortex_ba9	M005	aerobic respiration, proton motive force-driven ATP synthesis, ATP biosynthetic process	0.9194428532800109	0.7432979531485636	1.1373301337192323	1.4541234224621984	5.2985836709636906e-11	0.8296408623535657	False	False						False	False	True	TWF2
1070	ENSG00000204427	1	frontal_cortex_ba9	M005	5.2985836709636906e-11	1.4541234224621984	1.4541234224621984	1	1	0	1	coupled	0.002276591476224696	0.3033555829597771	frontal_cortex_ba9	M005	aerobic respiration, proton motive force-driven ATP synthesis, ATP biosynthetic process	0.9194428532800109	0.7432979531485636	1.1373301337192323	1.4541234224621984	5.2985836709636906e-11	0.8296408623535657	False	False						False	False	True	ABHD16A
1071	ENSG00000106635	1	frontal_cortex_ba9	M005	5.2985836709636906e-11	1.4541234224621984	1.4541234224621984	1	1	0	1	discordant	0.002276591476224696	0.29802717762769654	frontal_cortex_ba9	M005	aerobic respiration, proton motive force-driven ATP synthesis, ATP biosynthetic process	0.9194428532800109	0.7432979531485636	1.1373301337192323	1.4541234224621984	5.2985836709636906e-11	0.8296408623535657	False	False						False	False	True	BCL7B
1072	ENSG00000198130	1	frontal_cortex_ba9	M005	5.2985836709636906e-11	1.4541234224621984	1.4541234224621984	1	1	0	1	switch_only	0.002276591476224696	0.2980234605172798	frontal_cortex_ba9	M005	aerobic respiration, proton motive force-driven ATP synthesis, ATP biosynthetic process	0.9194428532800109	0.7432979531485636	1.1373301337192323	1.4541234224621984	5.2985836709636906e-11	0.8296408623535657	False	False						False	False	True	HIBCH
1073	ENSG00000125449	1	frontal_cortex_ba9	M005	5.2985836709636906e-11	1.4541234224621984	1.4541234224621984	1	1	0	1	discordant	0.002276591476224696	0.29758905739572017	frontal_cortex_ba9	M005	aerobic respiration, proton motive force-driven ATP synthesis, ATP biosynthetic process	0.9194428532800109	0.7432979531485636	1.1373301337192323	1.4541234224621984	5.2985836709636906e-11	0.8296408623535657	False	False						False	False	True	ARMC7
1074	ENSG00000126247	1	frontal_cortex_ba9	M005	5.2985836709636906e-11	1.4541234224621984	1.4541234224621984	1	1	0	1	discordant	0.002276591476224696	0.29686486767799886	frontal_cortex_ba9	M005	aerobic respiration, proton motive force-driven ATP synthesis, ATP biosynthetic process	0.9194428532800109	0.7432979531485636	1.1373301337192323	1.4541234224621984	5.2985836709636906e-11	0.8296408623535657	False	False						False	False	True	CAPNS1
1075	ENSG00000040633	1	frontal_cortex_ba9	M005	5.2985836709636906e-11	1.4541234224621984	1.4541234224621984	1	1	0	1	coupled	0.002276591476224696	0.29506941624465866	frontal_cortex_ba9	M005	aerobic respiration, proton motive force-driven ATP synthesis, ATP biosynthetic process	0.9194428532800109	0.7432979531485636	1.1373301337192323	1.4541234224621984	5.2985836709636906e-11	0.8296408623535657	False	False						False	False	True	PHF23
1076	ENSG00000160714	1	frontal_cortex_ba9	M005	5.2985836709636906e-11	1.4541234224621984	1.4541234224621984	1	1	0	1	coupled	0.002276591476224696	0.29395143833989246	frontal_cortex_ba9	M005	aerobic respiration, proton motive force-driven ATP synthesis, ATP biosynthetic process	0.9194428532800109	0.7432979531485636	1.1373301337192323	1.4541234224621984	5.2985836709636906e-11	0.8296408623535657	False	False						False	False	True	UBE2Q1
1077	ENSG00000160695	1	frontal_cortex_ba9	M005	5.2985836709636906e-11	1.4541234224621984	1.4541234224621984	1	1	0	1	coupled	0.002276591476224696	0.28943350331131473	frontal_cortex_ba9	M005	aerobic respiration, proton motive force-driven ATP synthesis, ATP biosynthetic process	0.9194428532800109	0.7432979531485636	1.1373301337192323	1.4541234224621984	5.2985836709636906e-11	0.8296408623535657	False	False						False	False	True	VPS11
1078	ENSG00000102001	1	frontal_cortex_ba9	M005	5.2985836709636906e-11	1.4541234224621984	1.4541234224621984	1	1	0	1	discordant	0.002276591476224696	0.2879499611936675	frontal_cortex_ba9	M005	aerobic respiration, proton motive force-driven ATP synthesis, ATP biosynthetic process	0.9194428532800109	0.7432979531485636	1.1373301337192323	1.4541234224621984	5.2985836709636906e-11	0.8296408623535657	False	False						False	False	True	CACNA1F
1079	ENSG00000171861	1	frontal_cortex_ba9	M005	5.2985836709636906e-11	1.4541234224621984	1.4541234224621984	1	1	0	1	coupled	0.002276591476224696	0.28674279715235695	frontal_cortex_ba9	M005	aerobic respiration, proton motive force-driven ATP synthesis, ATP biosynthetic process	0.9194428532800109	0.7432979531485636	1.1373301337192323	1.4541234224621984	5.2985836709636906e-11	0.8296408623535657	False	False						False	False	True	MRM3
1080	ENSG00000177971	1	frontal_cortex_ba9	M005	5.2985836709636906e-11	1.4541234224621984	1.4541234224621984	1	1	0	1	coupled	0.002276591476224696	0.2863493026343734	frontal_cortex_ba9	M005	aerobic respiration, proton motive force-driven ATP synthesis, ATP biosynthetic process	0.9194428532800109	0.7432979531485636	1.1373301337192323	1.4541234224621984	5.2985836709636906e-11	0.8296408623535657	False	False						False	False	True	IMP3
1081	ENSG00000142230	1	frontal_cortex_ba9	M005	5.2985836709636906e-11	1.4541234224621984	1.4541234224621984	1	1	0	1	coupled	0.002276591476224696	0.279944096328649	frontal_cortex_ba9	M005	aerobic respiration, proton motive force-driven ATP synthesis, ATP biosynthetic process	0.9194428532800109	0.7432979531485636	1.1373301337192323	1.4541234224621984	5.2985836709636906e-11	0.8296408623535657	False	False						False	False	True	SAE1
1082	ENSG00000142655	1	frontal_cortex_ba9	M005	5.2985836709636906e-11	1.4541234224621984	1.4541234224621984	1	1	0	1	coupled	0.002276591476224696	0.27497261746562723	frontal_cortex_ba9	M005	aerobic respiration, proton motive force-driven ATP synthesis, ATP biosynthetic process	0.9194428532800109	0.7432979531485636	1.1373301337192323	1.4541234224621984	5.2985836709636906e-11	0.8296408623535657	False	False						False	False	True	PEX14
1083	ENSG00000242372	1	frontal_cortex_ba9	M005	5.2985836709636906e-11	1.4541234224621984	1.4541234224621984	1	1	0	1	discordant	0.002276591476224696	0.2741209123524187	frontal_cortex_ba9	M005	aerobic respiration, proton motive force-driven ATP synthesis, ATP biosynthetic process	0.9194428532800109	0.7432979531485636	1.1373301337192323	1.4541234224621984	5.2985836709636906e-11	0.8296408623535657	False	False						False	False	True	EIF6
1084	ENSG00000130985	1	frontal_cortex_ba9	M005	5.2985836709636906e-11	1.4541234224621984	1.4541234224621984	1	1	0	1	discordant	0.002276591476224696	0.2655566652133075	frontal_cortex_ba9	M005	aerobic respiration, proton motive force-driven ATP synthesis, ATP biosynthetic process	0.9194428532800109	0.7432979531485636	1.1373301337192323	1.4541234224621984	5.2985836709636906e-11	0.8296408623535657	False	False						False	False	True	UBA1
1085	ENSG00000142686	1	frontal_cortex_ba9	M005	5.2985836709636906e-11	1.4541234224621984	1.4541234224621984	1	1	0	1	discordant	0.002276591476224696	0.2637310406840854	frontal_cortex_ba9	M005	aerobic respiration, proton motive force-driven ATP synthesis, ATP biosynthetic process	0.9194428532800109	0.7432979531485636	1.1373301337192323	1.4541234224621984	5.2985836709636906e-11	0.8296408623535657	False	False						False	False	True	C1orf216
1086	ENSG00000102178	1	frontal_cortex_ba9	M005	5.2985836709636906e-11	1.4541234224621984	1.4541234224621984	1	1	0	1	discordant	0.002276591476224696	0.2588945173553824	frontal_cortex_ba9	M005	aerobic respiration, proton motive force-driven ATP synthesis, ATP biosynthetic process	0.9194428532800109	0.7432979531485636	1.1373301337192323	1.4541234224621984	5.2985836709636906e-11	0.8296408623535657	False	False						False	False	True	UBL4A
1087	ENSG00000162373	1	frontal_cortex_ba9	M005	5.2985836709636906e-11	1.4541234224621984	1.4541234224621984	1	1	0	1	discordant	0.002276591476224696	0.25085644885584774	frontal_cortex_ba9	M005	aerobic respiration, proton motive force-driven ATP synthesis, ATP biosynthetic process	0.9194428532800109	0.7432979531485636	1.1373301337192323	1.4541234224621984	5.2985836709636906e-11	0.8296408623535657	False	False						False	False	True	BEND5
1088	ENSG00000133597	1	frontal_cortex_ba9	M005	5.2985836709636906e-11	1.4541234224621984	1.4541234224621984	1	1	0	1	coupled	0.002276591476224696	0.24341769196092675	frontal_cortex_ba9	M005	aerobic respiration, proton motive force-driven ATP synthesis, ATP biosynthetic process	0.9194428532800109	0.7432979531485636	1.1373301337192323	1.4541234224621984	5.2985836709636906e-11	0.8296408623535657	False	False						False	False	True	ADCK2
1089	ENSG00000103502	1	frontal_cortex_ba9	M005	5.2985836709636906e-11	1.4541234224621984	1.4541234224621984	1	1	0	1	discordant	0.002276591476224696	0.24279103664680732	frontal_cortex_ba9	M005	aerobic respiration, proton motive force-driven ATP synthesis, ATP biosynthetic process	0.9194428532800109	0.7432979531485636	1.1373301337192323	1.4541234224621984	5.2985836709636906e-11	0.8296408623535657	False	False						False	False	True	CDIPT
1090	ENSG00000107833	1	frontal_cortex_ba9	M005	5.2985836709636906e-11	1.4541234224621984	1.4541234224621984	1	1	0	1	coupled	0.002276591476224696	0.24254675643991164	frontal_cortex_ba9	M005	aerobic respiration, proton motive force-driven ATP synthesis, ATP biosynthetic process	0.9194428532800109	0.7432979531485636	1.1373301337192323	1.4541234224621984	5.2985836709636906e-11	0.8296408623535657	False	False						False	False	True	NPM3
1091	ENSG00000033050	1	frontal_cortex_ba9	M005	5.2985836709636906e-11	1.4541234224621984	1.4541234224621984	1	1	0	1	discordant	0.002276591476224696	0.23678522477889907	frontal_cortex_ba9	M005	aerobic respiration, proton motive force-driven ATP synthesis, ATP biosynthetic process	0.9194428532800109	0.7432979531485636	1.1373301337192323	1.4541234224621984	5.2985836709636906e-11	0.8296408623535657	False	False						False	False	True	ABCF2
1092	ENSG00000241878	1	frontal_cortex_ba9	M005	5.2985836709636906e-11	1.4541234224621984	1.4541234224621984	1	1	0	1	discordant	0.002276591476224696	0.23504069028008756	frontal_cortex_ba9	M005	aerobic respiration, proton motive force-driven ATP synthesis, ATP biosynthetic process	0.9194428532800109	0.7432979531485636	1.1373301337192323	1.4541234224621984	5.2985836709636906e-11	0.8296408623535657	False	False						False	False	True	PISD
1093	ENSG00000187051	1	frontal_cortex_ba9	M005	5.2985836709636906e-11	1.4541234224621984	1.4541234224621984	1	1	0	1	coupled	0.002276591476224696	0.23012711138839168	frontal_cortex_ba9	M005	aerobic respiration, proton motive force-driven ATP synthesis, ATP biosynthetic process	0.9194428532800109	0.7432979531485636	1.1373301337192323	1.4541234224621984	5.2985836709636906e-11	0.8296408623535657	False	False						False	False	True	RPS19BP1
1094	ENSG00000277791	1	frontal_cortex_ba9	M005	5.2985836709636906e-11	1.4541234224621984	1.4541234224621984	1	1	0	1	discordant	0.002276591476224696	0.22655209557978018	frontal_cortex_ba9	M005	aerobic respiration, proton motive force-driven ATP synthesis, ATP biosynthetic process	0.9194428532800109	0.7432979531485636	1.1373301337192323	1.4541234224621984	5.2985836709636906e-11	0.8296408623535657	False	False						False	False	True	PSMB3
1095	ENSG00000084070	1	frontal_cortex_ba9	M005	5.2985836709636906e-11	1.4541234224621984	1.4541234224621984	1	1	0	1	discordant	0.002276591476224696	0.22607463620949741	frontal_cortex_ba9	M005	aerobic respiration, proton motive force-driven ATP synthesis, ATP biosynthetic process	0.9194428532800109	0.7432979531485636	1.1373301337192323	1.4541234224621984	5.2985836709636906e-11	0.8296408623535657	False	False						False	False	True	SMAP2
1096	ENSG00000134248	1	frontal_cortex_ba9	M005	5.2985836709636906e-11	1.4541234224621984	1.4541234224621984	1	1	0	1	discordant	0.002276591476224696	0.22008321952041254	frontal_cortex_ba9	M005	aerobic respiration, proton motive force-driven ATP synthesis, ATP biosynthetic process	0.9194428532800109	0.7432979531485636	1.1373301337192323	1.4541234224621984	5.2985836709636906e-11	0.8296408623535657	False	False						False	False	True	LAMTOR5
1097	ENSG00000070785	1	frontal_cortex_ba9	M005	5.2985836709636906e-11	1.4541234224621984	1.4541234224621984	1	1	0	1	discordant	0.002276591476224696	0.2195508603242284	frontal_cortex_ba9	M005	aerobic respiration, proton motive force-driven ATP synthesis, ATP biosynthetic process	0.9194428532800109	0.7432979531485636	1.1373301337192323	1.4541234224621984	5.2985836709636906e-11	0.8296408623535657	False	False						False	False	True	EIF2B3
1098	ENSG00000104863	1	frontal_cortex_ba9	M005	5.2985836709636906e-11	1.4541234224621984	1.4541234224621984	1	1	0	1	discordant	0.002276591476224696	0.21819090988692985	frontal_cortex_ba9	M005	aerobic respiration, proton motive force-driven ATP synthesis, ATP biosynthetic process	0.9194428532800109	0.7432979531485636	1.1373301337192323	1.4541234224621984	5.2985836709636906e-11	0.8296408623535657	False	False						False	False	True	LIN7B
1099	ENSG00000161981	1	frontal_cortex_ba9	M005	5.2985836709636906e-11	1.4541234224621984	1.4541234224621984	1	1	0	1	coupled	0.002276591476224696	0.21545856085430695	frontal_cortex_ba9	M005	aerobic respiration, proton motive force-driven ATP synthesis, ATP biosynthetic process	0.9194428532800109	0.7432979531485636	1.1373301337192323	1.4541234224621984	5.2985836709636906e-11	0.8296408623535657	False	False						False	False	True	SNRNP25
1100	ENSG00000116586	1	frontal_cortex_ba9	M005	5.2985836709636906e-11	1.4541234224621984	1.4541234224621984	1	1	0	1	discordant	0.002276591476224696	0.2103180165020024	frontal_cortex_ba9	M005	aerobic respiration, proton motive force-driven ATP synthesis, ATP biosynthetic process	0.9194428532800109	0.7432979531485636	1.1373301337192323	1.4541234224621984	5.2985836709636906e-11	0.8296408623535657	False	False						False	False	True	LAMTOR2
1101	ENSG00000132604	1	frontal_cortex_ba9	M005	5.2985836709636906e-11	1.4541234224621984	1.4541234224621984	1	1	0	1	discordant	0.002276591476224696	0.20919647920447346	frontal_cortex_ba9	M005	aerobic respiration, proton motive force-driven ATP synthesis, ATP biosynthetic process	0.9194428532800109	0.7432979531485636	1.1373301337192323	1.4541234224621984	5.2985836709636906e-11	0.8296408623535657	False	False						False	False	True	TERF2
1102	ENSG00000183207	1	frontal_cortex_ba9	M005	5.2985836709636906e-11	1.4541234224621984	1.4541234224621984	1	1	0	1	coupled	0.002276591476224696	0.20878292916402927	frontal_cortex_ba9	M005	aerobic respiration, proton motive force-driven ATP synthesis, ATP biosynthetic process	0.9194428532800109	0.7432979531485636	1.1373301337192323	1.4541234224621984	5.2985836709636906e-11	0.8296408623535657	False	False						False	False	True	RUVBL2
1103	ENSG00000147457	1	frontal_cortex_ba9	M005	5.2985836709636906e-11	1.4541234224621984	1.4541234224621984	1	1	0	1	discordant	0.002276591476224696	0.20750118073597515	frontal_cortex_ba9	M005	aerobic respiration, proton motive force-driven ATP synthesis, ATP biosynthetic process	0.9194428532800109	0.7432979531485636	1.1373301337192323	1.4541234224621984	5.2985836709636906e-11	0.8296408623535657	False	False						False	False	True	CHMP7
1104	ENSG00000182054	1	frontal_cortex_ba9	M005	5.2985836709636906e-11	1.4541234224621984	1.4541234224621984	1	1	0	1	switch_only	0.002276591476224696	0.20743107932781943	frontal_cortex_ba9	M005	aerobic respiration, proton motive force-driven ATP synthesis, ATP biosynthetic process	0.9194428532800109	0.7432979531485636	1.1373301337192323	1.4541234224621984	5.2985836709636906e-11	0.8296408623535657	False	False						False	False	True	IDH2
1105	ENSG00000070761	1	frontal_cortex_ba9	M005	5.2985836709636906e-11	1.4541234224621984	1.4541234224621984	1	1	0	1	discordant	0.002276591476224696	0.20521307617621656	frontal_cortex_ba9	M005	aerobic respiration, proton motive force-driven ATP synthesis, ATP biosynthetic process	0.9194428532800109	0.7432979531485636	1.1373301337192323	1.4541234224621984	5.2985836709636906e-11	0.8296408623535657	False	False						False	False	True	CFAP20
1106	ENSG00000132254	1	frontal_cortex_ba9	M005	5.2985836709636906e-11	1.4541234224621984	1.4541234224621984	1	1	0	0	abundance_only	0.002276591476224696	0.1974230383761154	frontal_cortex_ba9	M005	aerobic respiration, proton motive force-driven ATP synthesis, ATP biosynthetic process	0.9194428532800109	0.7432979531485636	1.1373301337192323	1.4541234224621984	5.2985836709636906e-11	0.8296408623535657	False	False						False	False	True	ARFIP2
1107	ENSG00000126768	1	frontal_cortex_ba9	M005	5.2985836709636906e-11	1.4541234224621984	1.4541234224621984	1	1	0	0	abundance_only	0.002276591476224696	0.19139595970026171	frontal_cortex_ba9	M005	aerobic respiration, proton motive force-driven ATP synthesis, ATP biosynthetic process	0.9194428532800109	0.7432979531485636	1.1373301337192323	1.4541234224621984	5.2985836709636906e-11	0.8296408623535657	False	False						False	False	True	TIMM17B
1108	ENSG00000136715	1	frontal_cortex_ba9	M005	5.2985836709636906e-11	1.4541234224621984	1.4541234224621984	1	1	0	0	abundance_only	0.002276591476224696	0.1857009828080062	frontal_cortex_ba9	M005	aerobic respiration, proton motive force-driven ATP synthesis, ATP biosynthetic process	0.9194428532800109	0.7432979531485636	1.1373301337192323	1.4541234224621984	5.2985836709636906e-11	0.8296408623535657	False	False						False	False	True	SAP130
1109	ENSG00000118369	1	frontal_cortex_ba9	M005	5.2985836709636906e-11	1.4541234224621984	1.4541234224621984	1	1	0	0	abundance_only	0.002276591476224696	0.1839244807642735	frontal_cortex_ba9	M005	aerobic respiration, proton motive force-driven ATP synthesis, ATP biosynthetic process	0.9194428532800109	0.7432979531485636	1.1373301337192323	1.4541234224621984	5.2985836709636906e-11	0.8296408623535657	False	False						False	False	True	USP35
1110	ENSG00000113068	1	frontal_cortex_ba9	M005	5.2985836709636906e-11	1.4541234224621984	1.4541234224621984	1	1	0	0	abundance_only	0.002276591476224696	0.18180083393538024	frontal_cortex_ba9	M005	aerobic respiration, proton motive force-driven ATP synthesis, ATP biosynthetic process	0.9194428532800109	0.7432979531485636	1.1373301337192323	1.4541234224621984	5.2985836709636906e-11	0.8296408623535657	False	False						False	False	True	PFDN1
1111	ENSG00000213246	1	frontal_cortex_ba9	M005	5.2985836709636906e-11	1.4541234224621984	1.4541234224621984	1	1	0	0	abundance_only	0.002276591476224696	0.17842720116411126	frontal_cortex_ba9	M005	aerobic respiration, proton motive force-driven ATP synthesis, ATP biosynthetic process	0.9194428532800109	0.7432979531485636	1.1373301337192323	1.4541234224621984	5.2985836709636906e-11	0.8296408623535657	False	False						False	False	True	SUPT4H1
1112	ENSG00000179115	1	frontal_cortex_ba9	M005	5.2985836709636906e-11	1.4541234224621984	1.4541234224621984	1	1	0	0	abundance_only	0.002276591476224696	0.17672219342162612	frontal_cortex_ba9	M005	aerobic respiration, proton motive force-driven ATP synthesis, ATP biosynthetic process	0.9194428532800109	0.7432979531485636	1.1373301337192323	1.4541234224621984	5.2985836709636906e-11	0.8296408623535657	False	False						False	False	True	FARSA
1113	ENSG00000177963	1	frontal_cortex_ba9	M005	5.2985836709636906e-11	1.4541234224621984	1.4541234224621984	1	1	0	0	abundance_only	0.002276591476224696	0.17663398720412277	frontal_cortex_ba9	M005	aerobic respiration, proton motive force-driven ATP synthesis, ATP biosynthetic process	0.9194428532800109	0.7432979531485636	1.1373301337192323	1.4541234224621984	5.2985836709636906e-11	0.8296408623535657	False	False						False	False	True	RIC8A
1114	ENSG00000144120	1	frontal_cortex_ba9	M005	5.2985836709636906e-11	1.4541234224621984	1.4541234224621984	1	1	0	0	abundance_only	0.002276591476224696	0.16890416566287036	frontal_cortex_ba9	M005	aerobic respiration, proton motive force-driven ATP synthesis, ATP biosynthetic process	0.9194428532800109	0.7432979531485636	1.1373301337192323	1.4541234224621984	5.2985836709636906e-11	0.8296408623535657	False	False						False	False	True	TMEM177
1115	ENSG00000151502	1	frontal_cortex_ba9	M005	5.2985836709636906e-11	1.4541234224621984	1.4541234224621984	1	1	0	0	abundance_only	0.002276591476224696	0.16832397233381938	frontal_cortex_ba9	M005	aerobic respiration, proton motive force-driven ATP synthesis, ATP biosynthetic process	0.9194428532800109	0.7432979531485636	1.1373301337192323	1.4541234224621984	5.2985836709636906e-11	0.8296408623535657	False	False						False	False	True	VPS26B
1116	ENSG00000053372	1	frontal_cortex_ba9	M005	5.2985836709636906e-11	1.4541234224621984	1.4541234224621984	1	1	0	0	abundance_only	0.002276591476224696	0.16095328932654607	frontal_cortex_ba9	M005	aerobic respiration, proton motive force-driven ATP synthesis, ATP biosynthetic process	0.9194428532800109	0.7432979531485636	1.1373301337192323	1.4541234224621984	5.2985836709636906e-11	0.8296408623535657	False	False						False	False	True	MRTO4
1117	ENSG00000085662	1	frontal_cortex_ba9	M005	5.2985836709636906e-11	1.4541234224621984	1.4541234224621984	1	1	0	0	abundance_only	0.002276591476224696	0.14760586521082628	frontal_cortex_ba9	M005	aerobic respiration, proton motive force-driven ATP synthesis, ATP biosynthetic process	0.9194428532800109	0.7432979531485636	1.1373301337192323	1.4541234224621984	5.2985836709636906e-11	0.8296408623535657	False	False						False	False	True	AKR1B1
1118	ENSG00000108826	1	frontal_cortex_ba9	M005	5.2985836709636906e-11	1.4541234224621984	1.4541234224621984	1	1	0	0	abundance_only	0.002276591476224696	0.142678921214704	frontal_cortex_ba9	M005	aerobic respiration, proton motive force-driven ATP synthesis, ATP biosynthetic process	0.9194428532800109	0.7432979531485636	1.1373301337192323	1.4541234224621984	5.2985836709636906e-11	0.8296408623535657	False	False						False	False	True	MRPL27
1119	ENSG00000166136	1	frontal_cortex_ba9	M005	5.2985836709636906e-11	1.4541234224621984	1.4541234224621984	1	1	0	0	abundance_only	0.002276591476224696	0.142652394799811	frontal_cortex_ba9	M005	aerobic respiration, proton motive force-driven ATP synthesis, ATP biosynthetic process	0.9194428532800109	0.7432979531485636	1.1373301337192323	1.4541234224621984	5.2985836709636906e-11	0.8296408623535657	False	False						False	False	True	NDUFB8
1120	ENSG00000116871	1	frontal_cortex_ba9	M005	5.2985836709636906e-11	1.4541234224621984	1.4541234224621984	1	1	0	0	abundance_only	0.002276591476224696	0.1424299685651291	frontal_cortex_ba9	M005	aerobic respiration, proton motive force-driven ATP synthesis, ATP biosynthetic process	0.9194428532800109	0.7432979531485636	1.1373301337192323	1.4541234224621984	5.2985836709636906e-11	0.8296408623535657	False	False						False	False	True	MAP7D1
1121	ENSG00000170291	1	frontal_cortex_ba9	M005	5.2985836709636906e-11	1.4541234224621984	1.4541234224621984	1	1	0	0	abundance_only	0.002276591476224696	0.1392171227061087	frontal_cortex_ba9	M005	aerobic respiration, proton motive force-driven ATP synthesis, ATP biosynthetic process	0.9194428532800109	0.7432979531485636	1.1373301337192323	1.4541234224621984	5.2985836709636906e-11	0.8296408623535657	False	False						False	False	True	ELP5
1122	ENSG00000143222	1	frontal_cortex_ba9	M005	5.2985836709636906e-11	1.4541234224621984	1.4541234224621984	1	1	0	0	abundance_only	0.002276591476224696	0.13279664673986782	frontal_cortex_ba9	M005	aerobic respiration, proton motive force-driven ATP synthesis, ATP biosynthetic process	0.9194428532800109	0.7432979531485636	1.1373301337192323	1.4541234224621984	5.2985836709636906e-11	0.8296408623535657	False	False						False	False	True	UFC1
1123	ENSG00000181789	1	frontal_cortex_ba9	M005	5.2985836709636906e-11	1.4541234224621984	1.4541234224621984	1	1	0	0	abundance_only	0.002276591476224696	0.1292736549604331	frontal_cortex_ba9	M005	aerobic respiration, proton motive force-driven ATP synthesis, ATP biosynthetic process	0.9194428532800109	0.7432979531485636	1.1373301337192323	1.4541234224621984	5.2985836709636906e-11	0.8296408623535657	False	False						False	False	True	COPG1
1124	ENSG00000163541	1	frontal_cortex_ba9	M005	5.2985836709636906e-11	1.4541234224621984	1.4541234224621984	1	1	0	0	abundance_only	0.002276591476224696	0.12861712413330098	frontal_cortex_ba9	M005	aerobic respiration, proton motive force-driven ATP synthesis, ATP biosynthetic process	0.9194428532800109	0.7432979531485636	1.1373301337192323	1.4541234224621984	5.2985836709636906e-11	0.8296408623535657	False	False						False	False	True	SUCLG1
1125	ENSG00000169750	1	frontal_cortex_ba9	M005	5.2985836709636906e-11	1.4541234224621984	1.4541234224621984	1	1	0	0	abundance_only	0.002276591476224696	0.12853423161279065	frontal_cortex_ba9	M005	aerobic respiration, proton motive force-driven ATP synthesis, ATP biosynthetic process	0.9194428532800109	0.7432979531485636	1.1373301337192323	1.4541234224621984	5.2985836709636906e-11	0.8296408623535657	False	False						False	False	True	RAC3
1126	ENSG00000108344	1	frontal_cortex_ba9	M005	5.2985836709636906e-11	1.4541234224621984	1.4541234224621984	1	1	0	0	abundance_only	0.002276591476224696	0.1277494920458618	frontal_cortex_ba9	M005	aerobic respiration, proton motive force-driven ATP synthesis, ATP biosynthetic process	0.9194428532800109	0.7432979531485636	1.1373301337192323	1.4541234224621984	5.2985836709636906e-11	0.8296408623535657	False	False						False	False	True	PSMD3
1127	ENSG00000198356	1	frontal_cortex_ba9	M005	5.2985836709636906e-11	1.4541234224621984	1.4541234224621984	1	1	0	0	abundance_only	0.002276591476224696	0.12056235194619071	frontal_cortex_ba9	M005	aerobic respiration, proton motive force-driven ATP synthesis, ATP biosynthetic process	0.9194428532800109	0.7432979531485636	1.1373301337192323	1.4541234224621984	5.2985836709636906e-11	0.8296408623535657	False	False						False	False	True	GET3
1128	ENSG00000160785	1	frontal_cortex_ba9	M005	5.2985836709636906e-11	1.4541234224621984	1.4541234224621984	1	1	0	0	abundance_only	0.002276591476224696	0.11890471285258035	frontal_cortex_ba9	M005	aerobic respiration, proton motive force-driven ATP synthesis, ATP biosynthetic process	0.9194428532800109	0.7432979531485636	1.1373301337192323	1.4541234224621984	5.2985836709636906e-11	0.8296408623535657	False	False						False	False	True	SLC25A44
1129	ENSG00000005022	1	frontal_cortex_ba9	M005	5.2985836709636906e-11	1.4541234224621984	1.4541234224621984	1	1	0	0	abundance_only	0.002276591476224696	0.11823975566983631	frontal_cortex_ba9	M005	aerobic respiration, proton motive force-driven ATP synthesis, ATP biosynthetic process	0.9194428532800109	0.7432979531485636	1.1373301337192323	1.4541234224621984	5.2985836709636906e-11	0.8296408623535657	False	False						False	False	True	SLC25A5
1130	ENSG00000105404	1	frontal_cortex_ba9	M005	5.2985836709636906e-11	1.4541234224621984	1.4541234224621984	1	1	0	0	abundance_only	0.002276591476224696	0.1174623402796254	frontal_cortex_ba9	M005	aerobic respiration, proton motive force-driven ATP synthesis, ATP biosynthetic process	0.9194428532800109	0.7432979531485636	1.1373301337192323	1.4541234224621984	5.2985836709636906e-11	0.8296408623535657	False	False						False	False	True	RABAC1
1131	ENSG00000171314	1	frontal_cortex_ba9	M005	5.2985836709636906e-11	1.4541234224621984	1.4541234224621984	1	1	0	0	abundance_only	0.002276591476224696	0.11732411129968427	frontal_cortex_ba9	M005	aerobic respiration, proton motive force-driven ATP synthesis, ATP biosynthetic process	0.9194428532800109	0.7432979531485636	1.1373301337192323	1.4541234224621984	5.2985836709636906e-11	0.8296408623535657	False	False						False	False	True	PGAM1
1132	ENSG00000178896	1	frontal_cortex_ba9	M005	5.2985836709636906e-11	1.4541234224621984	1.4541234224621984	1	1	0	0	abundance_only	0.002276591476224696	0.11607294108997217	frontal_cortex_ba9	M005	aerobic respiration, proton motive force-driven ATP synthesis, ATP biosynthetic process	0.9194428532800109	0.7432979531485636	1.1373301337192323	1.4541234224621984	5.2985836709636906e-11	0.8296408623535657	False	False						False	False	True	EXOSC4
1133	ENSG00000037241	1	frontal_cortex_ba9	M005	5.2985836709636906e-11	1.4541234224621984	1.4541234224621984	1	1	0	0	abundance_only	0.002276591476224696	0.10903982122436119	frontal_cortex_ba9	M005	aerobic respiration, proton motive force-driven ATP synthesis, ATP biosynthetic process	0.9194428532800109	0.7432979531485636	1.1373301337192323	1.4541234224621984	5.2985836709636906e-11	0.8296408623535657	False	False						False	False	True	RPL26L1
1134	ENSG00000123416	1	frontal_cortex_ba9	M005	5.2985836709636906e-11	1.4541234224621984	1.4541234224621984	1	1	0	0	abundance_only	0.002276591476224696	0.10795468448375029	frontal_cortex_ba9	M005	aerobic respiration, proton motive force-driven ATP synthesis, ATP biosynthetic process	0.9194428532800109	0.7432979531485636	1.1373301337192323	1.4541234224621984	5.2985836709636906e-11	0.8296408623535657	False	False						False	False	True	TUBA1B
1135	ENSG00000148187	1	frontal_cortex_ba9	M005	5.2985836709636906e-11	1.4541234224621984	1.4541234224621984	1	1	0	0	abundance_only	0.002276591476224696	0.10685750301614341	frontal_cortex_ba9	M005	aerobic respiration, proton motive force-driven ATP synthesis, ATP biosynthetic process	0.9194428532800109	0.7432979531485636	1.1373301337192323	1.4541234224621984	5.2985836709636906e-11	0.8296408623535657	False	False						False	False	True	MRRF
1136	ENSG00000197077	1	frontal_cortex_ba9	M005	5.2985836709636906e-11	1.4541234224621984	1.4541234224621984	1	1	0	0	abundance_only	0.002276591476224696	0.09891164278511294	frontal_cortex_ba9	M005	aerobic respiration, proton motive force-driven ATP synthesis, ATP biosynthetic process	0.9194428532800109	0.7432979531485636	1.1373301337192323	1.4541234224621984	5.2985836709636906e-11	0.8296408623535657	False	False						False	False	True	KIAA1671
1137	ENSG00000148334	1	frontal_cortex_ba9	M005	5.2985836709636906e-11	1.4541234224621984	1.4541234224621984	1	1	0	0	abundance_only	0.002276591476224696	0.09427927811929535	frontal_cortex_ba9	M005	aerobic respiration, proton motive force-driven ATP synthesis, ATP biosynthetic process	0.9194428532800109	0.7432979531485636	1.1373301337192323	1.4541234224621984	5.2985836709636906e-11	0.8296408623535657	False	False						False	False	True	PTGES2
1138	ENSG00000132004	1	frontal_cortex_ba9	M005	5.2985836709636906e-11	1.4541234224621984	1.4541234224621984	1	1	0	0	abundance_only	0.002276591476224696	0.0913833951878823	frontal_cortex_ba9	M005	aerobic respiration, proton motive force-driven ATP synthesis, ATP biosynthetic process	0.9194428532800109	0.7432979531485636	1.1373301337192323	1.4541234224621984	5.2985836709636906e-11	0.8296408623535657	False	False						False	False	True	FBXW9
1139	ENSG00000077348	1	frontal_cortex_ba9	M005	5.2985836709636906e-11	1.4541234224621984	1.4541234224621984	1	1	0	0	abundance_only	0.002276591476224696	0.09130472284028805	frontal_cortex_ba9	M005	aerobic respiration, proton motive force-driven ATP synthesis, ATP biosynthetic process	0.9194428532800109	0.7432979531485636	1.1373301337192323	1.4541234224621984	5.2985836709636906e-11	0.8296408623535657	False	False						False	False	True	EXOSC5
1140	ENSG00000101337	1	frontal_cortex_ba9	M005	5.2985836709636906e-11	1.4541234224621984	1.4541234224621984	1	1	0	0	abundance_only	0.002276591476224696	0.08037350744032272	frontal_cortex_ba9	M005	aerobic respiration, proton motive force-driven ATP synthesis, ATP biosynthetic process	0.9194428532800109	0.7432979531485636	1.1373301337192323	1.4541234224621984	5.2985836709636906e-11	0.8296408623535657	False	False						False	False	True	TM9SF4
1141	ENSG00000182934	1	frontal_cortex_ba9	M005	5.2985836709636906e-11	1.4541234224621984	1.4541234224621984	1	1	0	0	abundance_only	0.002276591476224696	0.07703249294237563	frontal_cortex_ba9	M005	aerobic respiration, proton motive force-driven ATP synthesis, ATP biosynthetic process	0.9194428532800109	0.7432979531485636	1.1373301337192323	1.4541234224621984	5.2985836709636906e-11	0.8296408623535657	False	False						False	False	True	SRPRA
1142	ENSG00000117118	1	frontal_cortex_ba9	M005	5.2985836709636906e-11	1.4541234224621984	1.4541234224621984	1	1	0	0	abundance_only	0.002276591476224696	0.07283385903210135	frontal_cortex_ba9	M005	aerobic respiration, proton motive force-driven ATP synthesis, ATP biosynthetic process	0.9194428532800109	0.7432979531485636	1.1373301337192323	1.4541234224621984	5.2985836709636906e-11	0.8296408623535657	False	False						False	False	True	SDHB
1143	ENSG00000186787	1	frontal_cortex_ba9	M005	5.2985836709636906e-11	1.4541234224621984	1.4541234224621984	1	1	0	0	abundance_only	0.002276591476224696	0.0720402853598659	frontal_cortex_ba9	M005	aerobic respiration, proton motive force-driven ATP synthesis, ATP biosynthetic process	0.9194428532800109	0.7432979531485636	1.1373301337192323	1.4541234224621984	5.2985836709636906e-11	0.8296408623535657	False	False						False	False	True	SPIN2B
1144	ENSG00000105364	1	frontal_cortex_ba9	M005	5.2985836709636906e-11	1.4541234224621984	1.4541234224621984	1	1	0	0	abundance_only	0.002276591476224696	0.06981713488688056	frontal_cortex_ba9	M005	aerobic respiration, proton motive force-driven ATP synthesis, ATP biosynthetic process	0.9194428532800109	0.7432979531485636	1.1373301337192323	1.4541234224621984	5.2985836709636906e-11	0.8296408623535657	False	False						False	False	True	MRPL4
1145	ENSG00000031698	1	frontal_cortex_ba9	M005	5.2985836709636906e-11	1.4541234224621984	1.4541234224621984	1	1	0	0	abundance_only	0.002276591476224696	0.06283811207705747	frontal_cortex_ba9	M005	aerobic respiration, proton motive force-driven ATP synthesis, ATP biosynthetic process	0.9194428532800109	0.7432979531485636	1.1373301337192323	1.4541234224621984	5.2985836709636906e-11	0.8296408623535657	False	False						False	False	True	SARS1
1146	ENSG00000171130	1	frontal_cortex_ba9	M005	5.2985836709636906e-11	1.4541234224621984	1.4541234224621984	1	1	0	0	abundance_only	0.002276591476224696	0.05992988450034515	frontal_cortex_ba9	M005	aerobic respiration, proton motive force-driven ATP synthesis, ATP biosynthetic process	0.9194428532800109	0.7432979531485636	1.1373301337192323	1.4541234224621984	5.2985836709636906e-11	0.8296408623535657	False	False						False	False	True	ATP6V0E2
1147	ENSG00000035141	1	frontal_cortex_ba9	M005	5.2985836709636906e-11	1.4541234224621984	1.4541234224621984	1	1	0	0	abundance_only	0.002276591476224696	0.058616733965107685	frontal_cortex_ba9	M005	aerobic respiration, proton motive force-driven ATP synthesis, ATP biosynthetic process	0.9194428532800109	0.7432979531485636	1.1373301337192323	1.4541234224621984	5.2985836709636906e-11	0.8296408623535657	False	False						False	False	True	FAM136A
1148	ENSG00000254531	1	frontal_cortex_ba9	M005	5.2985836709636906e-11	1.4541234224621984	1.4541234224621984	1	1	0	0	abundance_only	0.002276591476224696	0.0559433282320368	frontal_cortex_ba9	M005	aerobic respiration, proton motive force-driven ATP synthesis, ATP biosynthetic process	0.9194428532800109	0.7432979531485636	1.1373301337192323	1.4541234224621984	5.2985836709636906e-11	0.8296408623535657	False	False						False	False	True	ENSG00000254531
1149	ENSG00000122359	1	frontal_cortex_ba9	M005	5.2985836709636906e-11	1.4541234224621984	1.4541234224621984	1	1	0	0	abundance_only	0.002276591476224696	0.055534000965958605	frontal_cortex_ba9	M005	aerobic respiration, proton motive force-driven ATP synthesis, ATP biosynthetic process	0.9194428532800109	0.7432979531485636	1.1373301337192323	1.4541234224621984	5.2985836709636906e-11	0.8296408623535657	False	False						False	False	True	ANXA11
1150	ENSG00000142168	1	frontal_cortex_ba9	M005	5.2985836709636906e-11	1.4541234224621984	1.4541234224621984	1	1	0	0	abundance_only	0.002276591476224696	0.04895604868344251	frontal_cortex_ba9	M005	aerobic respiration, proton motive force-driven ATP synthesis, ATP biosynthetic process	0.9194428532800109	0.7432979531485636	1.1373301337192323	1.4541234224621984	5.2985836709636906e-11	0.8296408623535657	False	False						False	False	True	SOD1
1151	ENSG00000089248	1	frontal_cortex_ba9	M005	5.2985836709636906e-11	1.4541234224621984	1.4541234224621984	1	1	0	0	abundance_only	0.002276591476224696	0.048819181901994614	frontal_cortex_ba9	M005	aerobic respiration, proton motive force-driven ATP synthesis, ATP biosynthetic process	0.9194428532800109	0.7432979531485636	1.1373301337192323	1.4541234224621984	5.2985836709636906e-11	0.8296408623535657	False	False						False	False	True	ERP29
1152	ENSG00000175279	1	frontal_cortex_ba9	M005	5.2985836709636906e-11	1.4541234224621984	1.4541234224621984	1	1	0	0	abundance_only	0.002276591476224696	0.04538298082148933	frontal_cortex_ba9	M005	aerobic respiration, proton motive force-driven ATP synthesis, ATP biosynthetic process	0.9194428532800109	0.7432979531485636	1.1373301337192323	1.4541234224621984	5.2985836709636906e-11	0.8296408623535657	False	False						False	False	True	CENPS
1153	ENSG00000116288	1	frontal_cortex_ba9	M005	5.2985836709636906e-11	1.4541234224621984	1.4541234224621984	1	1	0	0	abundance_only	0.002276591476224696	0.03791082906052532	frontal_cortex_ba9	M005	aerobic respiration, proton motive force-driven ATP synthesis, ATP biosynthetic process	0.9194428532800109	0.7432979531485636	1.1373301337192323	1.4541234224621984	5.2985836709636906e-11	0.8296408623535657	False	False						False	False	True	PARK7
1154	ENSG00000116885	1	frontal_cortex_ba9	M005	5.2985836709636906e-11	1.4541234224621984	1.4541234224621984	1	1	0	0	abundance_only	0.002276591476224696	0.035871481550608424	frontal_cortex_ba9	M005	aerobic respiration, proton motive force-driven ATP synthesis, ATP biosynthetic process	0.9194428532800109	0.7432979531485636	1.1373301337192323	1.4541234224621984	5.2985836709636906e-11	0.8296408623535657	False	False						False	False	True	OSCP1
1155	ENSG00000126934	1	frontal_cortex_ba9	M005	5.2985836709636906e-11	1.4541234224621984	1.4541234224621984	1	1	0	0	abundance_only	0.002276591476224696	0.03476055793536609	frontal_cortex_ba9	M005	aerobic respiration, proton motive force-driven ATP synthesis, ATP biosynthetic process	0.9194428532800109	0.7432979531485636	1.1373301337192323	1.4541234224621984	5.2985836709636906e-11	0.8296408623535657	False	False						False	False	True	MAP2K2
1156	ENSG00000141568	1	frontal_cortex_ba9	M005	5.2985836709636906e-11	1.4541234224621984	1.4541234224621984	1	1	0	0	abundance_only	0.002276591476224696	0.03397075726162236	frontal_cortex_ba9	M005	aerobic respiration, proton motive force-driven ATP synthesis, ATP biosynthetic process	0.9194428532800109	0.7432979531485636	1.1373301337192323	1.4541234224621984	5.2985836709636906e-11	0.8296408623535657	False	False						False	False	True	FOXK2
1157	ENSG00000261236	1	frontal_cortex_ba9	M005	5.2985836709636906e-11	1.4541234224621984	1.4541234224621984	1	1	0	0	abundance_only	0.002276591476224696	0.03375001282629238	frontal_cortex_ba9	M005	aerobic respiration, proton motive force-driven ATP synthesis, ATP biosynthetic process	0.9194428532800109	0.7432979531485636	1.1373301337192323	1.4541234224621984	5.2985836709636906e-11	0.8296408623535657	False	False						False	False	True	BOP1
1158	ENSG00000187860	1	frontal_cortex_ba9	M005	5.2985836709636906e-11	1.4541234224621984	1.4541234224621984	1	1	0	0	abundance_only	0.002276591476224696	0.033723253926647524	frontal_cortex_ba9	M005	aerobic respiration, proton motive force-driven ATP synthesis, ATP biosynthetic process	0.9194428532800109	0.7432979531485636	1.1373301337192323	1.4541234224621984	5.2985836709636906e-11	0.8296408623535657	False	False						False	False	True	CCDC157
1159	ENSG00000131828	1	frontal_cortex_ba9	M005	5.2985836709636906e-11	1.4541234224621984	1.4541234224621984	1	1	0	0	abundance_only	0.002276591476224696	0.03133356395601169	frontal_cortex_ba9	M005	aerobic respiration, proton motive force-driven ATP synthesis, ATP biosynthetic process	0.9194428532800109	0.7432979531485636	1.1373301337192323	1.4541234224621984	5.2985836709636906e-11	0.8296408623535657	False	False						False	False	True	PDHA1
1160	ENSG00000166848	1	frontal_cortex_ba9	M005	5.2985836709636906e-11	1.4541234224621984	1.4541234224621984	1	1	0	0	abundance_only	0.002276591476224696	0.02938498655132166	frontal_cortex_ba9	M005	aerobic respiration, proton motive force-driven ATP synthesis, ATP biosynthetic process	0.9194428532800109	0.7432979531485636	1.1373301337192323	1.4541234224621984	5.2985836709636906e-11	0.8296408623535657	False	False						False	False	True	TERF2IP
1161	ENSG00000184056	1	frontal_cortex_ba9	M005	5.2985836709636906e-11	1.4541234224621984	1.4541234224621984	1	1	0	0	abundance_only	0.002276591476224696	0.027905811234675053	frontal_cortex_ba9	M005	aerobic respiration, proton motive force-driven ATP synthesis, ATP biosynthetic process	0.9194428532800109	0.7432979531485636	1.1373301337192323	1.4541234224621984	5.2985836709636906e-11	0.8296408623535657	False	False						False	False	True	VPS33B
1162	ENSG00000165283	1	frontal_cortex_ba9	M005	5.2985836709636906e-11	1.4541234224621984	1.4541234224621984	1	1	0	0	abundance_only	0.002276591476224696	0.025570486470950796	frontal_cortex_ba9	M005	aerobic respiration, proton motive force-driven ATP synthesis, ATP biosynthetic process	0.9194428532800109	0.7432979531485636	1.1373301337192323	1.4541234224621984	5.2985836709636906e-11	0.8296408623535657	False	False						False	False	True	STOML2
1163	ENSG00000159259	1	frontal_cortex_ba9	M005	5.2985836709636906e-11	1.4541234224621984	1.4541234224621984	1	1	0	0	abundance_only	0.002276591476224696	0.023826974835961256	frontal_cortex_ba9	M005	aerobic respiration, proton motive force-driven ATP synthesis, ATP biosynthetic process	0.9194428532800109	0.7432979531485636	1.1373301337192323	1.4541234224621984	5.2985836709636906e-11	0.8296408623535657	False	False						False	False	True	CHAF1B
1164	ENSG00000063854	1	frontal_cortex_ba9	M005	5.2985836709636906e-11	1.4541234224621984	1.4541234224621984	1	1	0	0	abundance_only	0.002276591476224696	0.019483099646664327	frontal_cortex_ba9	M005	aerobic respiration, proton motive force-driven ATP synthesis, ATP biosynthetic process	0.9194428532800109	0.7432979531485636	1.1373301337192323	1.4541234224621984	5.2985836709636906e-11	0.8296408623535657	False	False						False	False	True	HAGH
1165	ENSG00000137522	1	frontal_cortex_ba9	M005	5.2985836709636906e-11	1.4541234224621984	1.4541234224621984	1	1	0	0	abundance_only	0.002276591476224696	0.018996111744336602	frontal_cortex_ba9	M005	aerobic respiration, proton motive force-driven ATP synthesis, ATP biosynthetic process	0.9194428532800109	0.7432979531485636	1.1373301337192323	1.4541234224621984	5.2985836709636906e-11	0.8296408623535657	False	False						False	False	True	RNF121
1166	ENSG00000100347	1	frontal_cortex_ba9	M005	5.2985836709636906e-11	1.4541234224621984	1.4541234224621984	1	1	0	0	abundance_only	0.002276591476224696	0.016829439064706367	frontal_cortex_ba9	M005	aerobic respiration, proton motive force-driven ATP synthesis, ATP biosynthetic process	0.9194428532800109	0.7432979531485636	1.1373301337192323	1.4541234224621984	5.2985836709636906e-11	0.8296408623535657	False	False						False	False	True	SAMM50
1167	ENSG00000120053	1	frontal_cortex_ba9	M005	5.2985836709636906e-11	1.4541234224621984	1.4541234224621984	1	1	0	0	abundance_only	0.002276591476224696	0.01549920610379323	frontal_cortex_ba9	M005	aerobic respiration, proton motive force-driven ATP synthesis, ATP biosynthetic process	0.9194428532800109	0.7432979531485636	1.1373301337192323	1.4541234224621984	5.2985836709636906e-11	0.8296408623535657	False	False						False	False	True	GOT1
1168	ENSG00000101460	1	frontal_cortex_ba9	M005	5.2985836709636906e-11	1.4541234224621984	1.4541234224621984	1	1	0	0	abundance_only	0.002276591476224696	0.015372493680650445	frontal_cortex_ba9	M005	aerobic respiration, proton motive force-driven ATP synthesis, ATP biosynthetic process	0.9194428532800109	0.7432979531485636	1.1373301337192323	1.4541234224621984	5.2985836709636906e-11	0.8296408623535657	False	False						False	False	True	MAP1LC3A
1169	ENSG00000163956	1	frontal_cortex_ba9	M005	5.2985836709636906e-11	1.4541234224621984	1.4541234224621984	1	1	0	0	abundance_only	0.002276591476224696	0.014226132237286908	frontal_cortex_ba9	M005	aerobic respiration, proton motive force-driven ATP synthesis, ATP biosynthetic process	0.9194428532800109	0.7432979531485636	1.1373301337192323	1.4541234224621984	5.2985836709636906e-11	0.8296408623535657	False	False						False	False	True	LRPAP1
1170	ENSG00000099624	1	frontal_cortex_ba9	M005	5.2985836709636906e-11	1.4541234224621984	1.4541234224621984	1	1	0	0	abundance_only	0.002276591476224696	0.013748658251009498	frontal_cortex_ba9	M005	aerobic respiration, proton motive force-driven ATP synthesis, ATP biosynthetic process	0.9194428532800109	0.7432979531485636	1.1373301337192323	1.4541234224621984	5.2985836709636906e-11	0.8296408623535657	False	False						False	False	True	ATP5F1D
1171	ENSG00000101363	1	frontal_cortex_ba9	M005	5.2985836709636906e-11	1.4541234224621984	1.4541234224621984	1	1	0	0	abundance_only	0.002276591476224696	0.01293073871289458	frontal_cortex_ba9	M005	aerobic respiration, proton motive force-driven ATP synthesis, ATP biosynthetic process	0.9194428532800109	0.7432979531485636	1.1373301337192323	1.4541234224621984	5.2985836709636906e-11	0.8296408623535657	False	False						False	False	True	MANBAL
1172	ENSG00000156990	1	frontal_cortex_ba9	M005	5.2985836709636906e-11	1.4541234224621984	1.4541234224621984	1	1	0	0	abundance_only	0.002276591476224696	0.011280887976893495	frontal_cortex_ba9	M005	aerobic respiration, proton motive force-driven ATP synthesis, ATP biosynthetic process	0.9194428532800109	0.7432979531485636	1.1373301337192323	1.4541234224621984	5.2985836709636906e-11	0.8296408623535657	False	False						False	False	True	RPUSD3
1173	ENSG00000130810	1	frontal_cortex_ba9	M005	5.2985836709636906e-11	1.4541234224621984	1.4541234224621984	1	1	0	0	abundance_only	0.002276591476224696	0.00714420683926642	frontal_cortex_ba9	M005	aerobic respiration, proton motive force-driven ATP synthesis, ATP biosynthetic process	0.9194428532800109	0.7432979531485636	1.1373301337192323	1.4541234224621984	5.2985836709636906e-11	0.8296408623535657	False	False						False	False	True	PPAN
1174	ENSG00000125651	1	frontal_cortex_ba9	M005	5.2985836709636906e-11	1.4541234224621984	1.4541234224621984	1	1	0	0	abundance_only	0.002276591476224696	0.006207914286391713	frontal_cortex_ba9	M005	aerobic respiration, proton motive force-driven ATP synthesis, ATP biosynthetic process	0.9194428532800109	0.7432979531485636	1.1373301337192323	1.4541234224621984	5.2985836709636906e-11	0.8296408623535657	False	False						False	False	True	GTF2F1
1175	ENSG00000117411	2	anterior_cingulate_cortex_ba24,cerebellar_hemisphere	M011,M013	0.008434811039673994	1.631934306569343	1.5250769012952814	1	1	0	2	coupled,discordant	0.0021492697791065146	0.7658336295465981	cerebellar_hemisphere	M013	vitamin B6 metabolic process	0.6819970077051142	0.4003019067249714	1.1619228155170682	1.631934306569343	0.00883834983271091	0.6285707037203483	False	False						False	False	True	B4GALT2
1176	ENSG00000107262	2	anterior_cingulate_cortex_ba24,cerebellar_hemisphere	M011,M013	0.008434811039673994	1.631934306569343	1.5250769012952814	1	1	0	2	coupled,discordant	0.0021492697791065146	0.7093523575839206	cerebellar_hemisphere	M013	vitamin B6 metabolic process	0.6819970077051142	0.4003019067249714	1.1619228155170682	1.631934306569343	0.00883834983271091	0.6285707037203483	False	False						False	False	True	BAG1
1177	ENSG00000179111	2	anterior_cingulate_cortex_ba24,cerebellar_hemisphere	M011,M013	0.008434811039673994	1.631934306569343	1.5250769012952814	1	1	0	2	switch_only	0.0021492697791065146	0.44850526097913973	cerebellar_hemisphere	M013	vitamin B6 metabolic process	0.6819970077051142	0.4003019067249714	1.1619228155170682	1.631934306569343	0.00883834983271091	0.6285707037203483	False	False						False	False	True	HES7
1178	ENSG00000167996	1	anterior_cingulate_cortex_ba24	M011	0.008434811039673994	1.41821949602122	1.41821949602122	1	1	0	1	discordant	0.0021492697791065146	0.8202803253673279	anterior_cingulate_cortex_ba24	M011	proton motive force-driven ATP synthesis, aerobic respiration, ATP biosynthetic process	0.5579243616706313	0.380192993604233	0.8187410041270043	1.41821949602122	0.008434811039673994	0.12571385301124194	False	False						False	False	True	FTH1
1179	ENSG00000050165	1	anterior_cingulate_cortex_ba24	M011	0.008434811039673994	1.41821949602122	1.41821949602122	1	1	0	1	coupled	0.0021492697791065146	0.7018911723647953	anterior_cingulate_cortex_ba24	M011	proton motive force-driven ATP synthesis, aerobic respiration, ATP biosynthetic process	0.5579243616706313	0.380192993604233	0.8187410041270043	1.41821949602122	0.008434811039673994	0.12571385301124194	False	False						False	False	True	DKK3
1180	ENSG00000105327	1	anterior_cingulate_cortex_ba24	M011	0.008434811039673994	1.41821949602122	1.41821949602122	1	1	0	1	coupled	0.0021492697791065146	0.6434052329682326	anterior_cingulate_cortex_ba24	M011	proton motive force-driven ATP synthesis, aerobic respiration, ATP biosynthetic process	0.5579243616706313	0.380192993604233	0.8187410041270043	1.41821949602122	0.008434811039673994	0.12571385301124194	False	False						False	False	True	BBC3
1181	ENSG00000114646	1	anterior_cingulate_cortex_ba24	M011	0.008434811039673994	1.41821949602122	1.41821949602122	1	1	0	1	coupled	0.0021492697791065146	0.6030809797904543	anterior_cingulate_cortex_ba24	M011	proton motive force-driven ATP synthesis, aerobic respiration, ATP biosynthetic process	0.5579243616706313	0.380192993604233	0.8187410041270043	1.41821949602122	0.008434811039673994	0.12571385301124194	False	False						False	False	True	CSPG5
1182	ENSG00000150787	1	anterior_cingulate_cortex_ba24	M011	0.008434811039673994	1.41821949602122	1.41821949602122	1	1	0	1	discordant	0.0021492697791065146	0.3606649567896703	anterior_cingulate_cortex_ba24	M011	proton motive force-driven ATP synthesis, aerobic respiration, ATP biosynthetic process	0.5579243616706313	0.380192993604233	0.8187410041270043	1.41821949602122	0.008434811039673994	0.12571385301124194	False	False						False	False	True	PTS
1183	ENSG00000148450	1	anterior_cingulate_cortex_ba24	M011	0.008434811039673994	1.41821949602122	1.41821949602122	1	1	0	1	discordant	0.0021492697791065146	0.2129294384356054	anterior_cingulate_cortex_ba24	M011	proton motive force-driven ATP synthesis, aerobic respiration, ATP biosynthetic process	0.5579243616706313	0.380192993604233	0.8187410041270043	1.41821949602122	0.008434811039673994	0.12571385301124194	False	False						False	False	True	MSRB2
1184	ENSG00000164258	1	anterior_cingulate_cortex_ba24	M011	0.008434811039673994	1.41821949602122	1.41821949602122	1	1	0	0	abundance_only	0.0021492697791065146	0.13104375257549725	anterior_cingulate_cortex_ba24	M011	proton motive force-driven ATP synthesis, aerobic respiration, ATP biosynthetic process	0.5579243616706313	0.380192993604233	0.8187410041270043	1.41821949602122	0.008434811039673994	0.12571385301124194	False	False						False	False	True	NDUFS4
1185	ENSG00000084693	1	anterior_cingulate_cortex_ba24	M011	0.008434811039673994	1.41821949602122	1.41821949602122	1	1	0	0	abundance_only	0.0021492697791065146	0.11839434736205816	anterior_cingulate_cortex_ba24	M011	proton motive force-driven ATP synthesis, aerobic respiration, ATP biosynthetic process	0.5579243616706313	0.380192993604233	0.8187410041270043	1.41821949602122	0.008434811039673994	0.12571385301124194	False	False						False	False	True	AGBL5
1186	ENSG00000147684	1	anterior_cingulate_cortex_ba24	M011	0.008434811039673994	1.41821949602122	1.41821949602122	1	1	0	0	abundance_only	0.0021492697791065146	0.0499784434844254	anterior_cingulate_cortex_ba24	M011	proton motive force-driven ATP synthesis, aerobic respiration, ATP biosynthetic process	0.5579243616706313	0.380192993604233	0.8187410041270043	1.41821949602122	0.008434811039673994	0.12571385301124194	False	False						False	False	True	NDUFB9
1187	ENSG00000119705	1	anterior_cingulate_cortex_ba24	M011	0.008434811039673994	1.41821949602122	1.41821949602122	1	1	0	0	abundance_only	0.0021492697791065146	0.04078391557408056	anterior_cingulate_cortex_ba24	M011	proton motive force-driven ATP synthesis, aerobic respiration, ATP biosynthetic process	0.5579243616706313	0.380192993604233	0.8187410041270043	1.41821949602122	0.008434811039673994	0.12571385301124194	False	False						False	False	True	SLIRP
1188	ENSG00000310526	2	caudate_basal_ganglia,cerebellar_hemisphere	M001,M005	1.9831965965119372e-05	1.2527850968096352	1.2281907502030194	2	0	0	2	coupled,discordant	0.3145744029368385	0.776556804544223	caudate_basal_ganglia	M005		1.1949823928600272	0.9106950818487466	1.5680143087482312	1.2035964035964037	0.03886005611324724	0.6680596340248015	True	False						False	False	False	WASH7P
1189	ENSG00000126457	2	caudate_basal_ganglia,cerebellar_hemisphere	M001,M005	1.9831965965119372e-05	1.2527850968096352	1.2281907502030194	2	0	0	2	coupled,discordant	0.3145744029368385	0.6828936565403383	caudate_basal_ganglia	M005		1.1949823928600272	0.9106950818487466	1.5680143087482312	1.2035964035964037	0.03886005611324724	0.6680596340248015	True	False						False	False	False	PRMT1
1190	ENSG00000169660	2	caudate_basal_ganglia,cerebellar_hemisphere	M005,M013	0.00883834983271091	1.631934306569343	1.4177653550828735	1	0	0	2	discordant	0.3145744029368385	0.701196025400932	caudate_basal_ganglia	M005		1.1949823928600272	0.9106950818487466	1.5680143087482312	1.2035964035964037	0.03886005611324724	0.6680596340248015	True	False						False	False	False	HEXD
1191	ENSG00000275023	1	caudate_basal_ganglia	M005	0.03886005611324724	1.2035964035964037	1.2035964035964037	1	0	0	1	discordant	0.3145744029368385	0.8331533599172638	caudate_basal_ganglia	M005		1.1949823928600272	0.9106950818487466	1.5680143087482312	1.2035964035964037	0.03886005611324724	0.6680596340248015	True	False						False	False	False	MLLT6
1192	ENSG00000135924	1	caudate_basal_ganglia	M005	0.03886005611324724	1.2035964035964037	1.2035964035964037	1	0	0	1	discordant	0.3145744029368385	0.7383091389930205	caudate_basal_ganglia	M005		1.1949823928600272	0.9106950818487466	1.5680143087482312	1.2035964035964037	0.03886005611324724	0.6680596340248015	True	False						False	False	False	DNAJB2
1193	ENSG00000141012	1	caudate_basal_ganglia	M005	0.03886005611324724	1.2035964035964037	1.2035964035964037	1	0	0	1	discordant	0.3145744029368385	0.7345750160015438	caudate_basal_ganglia	M005		1.1949823928600272	0.9106950818487466	1.5680143087482312	1.2035964035964037	0.03886005611324724	0.6680596340248015	True	False						False	False	False	GALNS
1194	ENSG00000076201	1	caudate_basal_ganglia	M005	0.03886005611324724	1.2035964035964037	1.2035964035964037	1	0	0	1	discordant	0.3145744029368385	0.7291010912341649	caudate_basal_ganglia	M005		1.1949823928600272	0.9106950818487466	1.5680143087482312	1.2035964035964037	0.03886005611324724	0.6680596340248015	True	False						False	False	False	PTPN23
1195	ENSG00000104529	1	caudate_basal_ganglia	M005	0.03886005611324724	1.2035964035964037	1.2035964035964037	1	0	0	1	discordant	0.3145744029368385	0.7184599151589278	caudate_basal_ganglia	M005		1.1949823928600272	0.9106950818487466	1.5680143087482312	1.2035964035964037	0.03886005611324724	0.6680596340248015	True	False						False	False	False	EEF1D
1196	ENSG00000102977	1	caudate_basal_ganglia	M005	0.03886005611324724	1.2035964035964037	1.2035964035964037	1	0	0	1	discordant	0.3145744029368385	0.7156013061433432	caudate_basal_ganglia	M005		1.1949823928600272	0.9106950818487466	1.5680143087482312	1.2035964035964037	0.03886005611324724	0.6680596340248015	True	False						False	False	False	ACD
1197	ENSG00000135424	1	caudate_basal_ganglia	M005	0.03886005611324724	1.2035964035964037	1.2035964035964037	1	0	0	1	discordant	0.3145744029368385	0.7124880269416989	caudate_basal_ganglia	M005		1.1949823928600272	0.9106950818487466	1.5680143087482312	1.2035964035964037	0.03886005611324724	0.6680596340248015	True	False						False	False	False	ITGA7
1198	ENSG00000204351	1	caudate_basal_ganglia	M005	0.03886005611324724	1.2035964035964037	1.2035964035964037	1	0	0	1	discordant	0.3145744029368385	0.7010268707396758	caudate_basal_ganglia	M005		1.1949823928600272	0.9106950818487466	1.5680143087482312	1.2035964035964037	0.03886005611324724	0.6680596340248015	True	False						False	False	False	SKIC2
1199	ENSG00000175727	1	caudate_basal_ganglia	M005	0.03886005611324724	1.2035964035964037	1.2035964035964037	1	0	0	1	discordant	0.3145744029368385	0.7001853380552276	caudate_basal_ganglia	M005		1.1949823928600272	0.9106950818487466	1.5680143087482312	1.2035964035964037	0.03886005611324724	0.6680596340248015	True	False						False	False	False	MLXIP
1200	ENSG00000109906	1	caudate_basal_ganglia	M005	0.03886005611324724	1.2035964035964037	1.2035964035964037	1	0	0	1	discordant	0.3145744029368385	0.6932293129139867	caudate_basal_ganglia	M005		1.1949823928600272	0.9106950818487466	1.5680143087482312	1.2035964035964037	0.03886005611324724	0.6680596340248015	True	False						False	False	False	ZBTB16
1201	ENSG00000100968	1	caudate_basal_ganglia	M005	0.03886005611324724	1.2035964035964037	1.2035964035964037	1	0	0	1	switch_only	0.3145744029368385	0.6884204740541919	caudate_basal_ganglia	M005		1.1949823928600272	0.9106950818487466	1.5680143087482312	1.2035964035964037	0.03886005611324724	0.6680596340248015	True	False						False	False	False	NFATC4
1202	ENSG00000072195	1	caudate_basal_ganglia	M005	0.03886005611324724	1.2035964035964037	1.2035964035964037	1	0	0	1	discordant	0.3145744029368385	0.6850609797025563	caudate_basal_ganglia	M005		1.1949823928600272	0.9106950818487466	1.5680143087482312	1.2035964035964037	0.03886005611324724	0.6680596340248015	True	False						False	False	False	SPEG
1203	ENSG00000107140	1	caudate_basal_ganglia	M005	0.03886005611324724	1.2035964035964037	1.2035964035964037	1	0	0	1	discordant	0.3145744029368385	0.6835336403067455	caudate_basal_ganglia	M005		1.1949823928600272	0.9106950818487466	1.5680143087482312	1.2035964035964037	0.03886005611324724	0.6680596340248015	True	False						False	False	False	TESK1
1204	ENSG00000171163	1	caudate_basal_ganglia	M005	0.03886005611324724	1.2035964035964037	1.2035964035964037	1	0	0	1	discordant	0.3145744029368385	0.6746100338361607	caudate_basal_ganglia	M005		1.1949823928600272	0.9106950818487466	1.5680143087482312	1.2035964035964037	0.03886005611324724	0.6680596340248015	True	False						False	False	False	ZNF692
1205	ENSG00000197136	1	caudate_basal_ganglia	M005	0.03886005611324724	1.2035964035964037	1.2035964035964037	1	0	0	1	discordant	0.3145744029368385	0.6495959786862325	caudate_basal_ganglia	M005		1.1949823928600272	0.9106950818487466	1.5680143087482312	1.2035964035964037	0.03886005611324724	0.6680596340248015	True	False						False	False	False	PCNX3
1206	ENSG00000269335	1	caudate_basal_ganglia	M005	0.03886005611324724	1.2035964035964037	1.2035964035964037	1	0	0	1	discordant	0.3145744029368385	0.6225063203605558	caudate_basal_ganglia	M005		1.1949823928600272	0.9106950818487466	1.5680143087482312	1.2035964035964037	0.03886005611324724	0.6680596340248015	True	False						False	False	False	IKBKG
1207	ENSG00000235016	1	caudate_basal_ganglia	M005	0.03886005611324724	1.2035964035964037	1.2035964035964037	1	0	0	1	discordant	0.3145744029368385	0.6168443103208405	caudate_basal_ganglia	M005		1.1949823928600272	0.9106950818487466	1.5680143087482312	1.2035964035964037	0.03886005611324724	0.6680596340248015	True	False						False	False	False	SEMA3F-AS1
1208	ENSG00000267265	1	caudate_basal_ganglia	M005	0.03886005611324724	1.2035964035964037	1.2035964035964037	1	0	0	1	discordant	0.3145744029368385	0.6088672394127794	caudate_basal_ganglia	M005		1.1949823928600272	0.9106950818487466	1.5680143087482312	1.2035964035964037	0.03886005611324724	0.6680596340248015	True	False						False	False	False	GP6-AS1
1209	ENSG00000065029	1	caudate_basal_ganglia	M005	0.03886005611324724	1.2035964035964037	1.2035964035964037	1	0	0	1	discordant	0.3145744029368385	0.5977640876869831	caudate_basal_ganglia	M005		1.1949823928600272	0.9106950818487466	1.5680143087482312	1.2035964035964037	0.03886005611324724	0.6680596340248015	True	False						False	False	False	ZNF76
1210	ENSG00000112659	1	caudate_basal_ganglia	M005	0.03886005611324724	1.2035964035964037	1.2035964035964037	1	0	0	1	discordant	0.3145744029368385	0.5966084295325516	caudate_basal_ganglia	M005		1.1949823928600272	0.9106950818487466	1.5680143087482312	1.2035964035964037	0.03886005611324724	0.6680596340248015	True	False						False	False	False	CUL9
1211	ENSG00000136444	1	caudate_basal_ganglia	M005	0.03886005611324724	1.2035964035964037	1.2035964035964037	1	0	0	1	discordant	0.3145744029368385	0.5754120641086584	caudate_basal_ganglia	M005		1.1949823928600272	0.9106950818487466	1.5680143087482312	1.2035964035964037	0.03886005611324724	0.6680596340248015	True	False						False	False	False	RSAD1
1212	ENSG00000154222	1	caudate_basal_ganglia	M005	0.03886005611324724	1.2035964035964037	1.2035964035964037	1	0	0	1	discordant	0.3145744029368385	0.5589858886739126	caudate_basal_ganglia	M005		1.1949823928600272	0.9106950818487466	1.5680143087482312	1.2035964035964037	0.03886005611324724	0.6680596340248015	True	False						False	False	False	CC2D1B
1213	ENSG00000196187	1	caudate_basal_ganglia	M005	0.03886005611324724	1.2035964035964037	1.2035964035964037	1	0	0	1	discordant	0.3145744029368385	0.5347827045093617	caudate_basal_ganglia	M005		1.1949823928600272	0.9106950818487466	1.5680143087482312	1.2035964035964037	0.03886005611324724	0.6680596340248015	True	False						False	False	False	TMEM63A
1214	ENSG00000172273	1	caudate_basal_ganglia	M005	0.03886005611324724	1.2035964035964037	1.2035964035964037	1	0	0	1	discordant	0.3145744029368385	0.5321980897193919	caudate_basal_ganglia	M005		1.1949823928600272	0.9106950818487466	1.5680143087482312	1.2035964035964037	0.03886005611324724	0.6680596340248015	True	False						False	False	False	HINFP
1215	ENSG00000168301	1	caudate_basal_ganglia	M005	0.03886005611324724	1.2035964035964037	1.2035964035964037	1	0	0	1	discordant	0.3145744029368385	0.5318575843535888	caudate_basal_ganglia	M005		1.1949823928600272	0.9106950818487466	1.5680143087482312	1.2035964035964037	0.03886005611324724	0.6680596340248015	True	False						False	False	False	KCTD6
1216	ENSG00000233885	1	caudate_basal_ganglia	M005	0.03886005611324724	1.2035964035964037	1.2035964035964037	1	0	0	1	discordant	0.3145744029368385	0.5269073744611803	caudate_basal_ganglia	M005		1.1949823928600272	0.9106950818487466	1.5680143087482312	1.2035964035964037	0.03886005611324724	0.6680596340248015	True	False						False	False	False	YEATS2-AS1
1217	ENSG00000142396	1	caudate_basal_ganglia	M005	0.03886005611324724	1.2035964035964037	1.2035964035964037	1	0	0	1	discordant	0.3145744029368385	0.5267083804229198	caudate_basal_ganglia	M005		1.1949823928600272	0.9106950818487466	1.5680143087482312	1.2035964035964037	0.03886005611324724	0.6680596340248015	True	False						False	False	False	ERVK3-1
1218	ENSG00000133466	1	caudate_basal_ganglia	M005	0.03886005611324724	1.2035964035964037	1.2035964035964037	1	0	0	1	discordant	0.3145744029368385	0.5024884853414999	caudate_basal_ganglia	M005		1.1949823928600272	0.9106950818487466	1.5680143087482312	1.2035964035964037	0.03886005611324724	0.6680596340248015	True	False						False	False	False	C1QTNF6
1219	ENSG00000101361	1	caudate_basal_ganglia	M005	0.03886005611324724	1.2035964035964037	1.2035964035964037	1	0	0	1	discordant	0.3145744029368385	0.5019087682890223	caudate_basal_ganglia	M005		1.1949823928600272	0.9106950818487466	1.5680143087482312	1.2035964035964037	0.03886005611324724	0.6680596340248015	True	False						False	False	False	NOP56
1220	ENSG00000125450	1	caudate_basal_ganglia	M005	0.03886005611324724	1.2035964035964037	1.2035964035964037	1	0	0	1	discordant	0.3145744029368385	0.4988129907635465	caudate_basal_ganglia	M005		1.1949823928600272	0.9106950818487466	1.5680143087482312	1.2035964035964037	0.03886005611324724	0.6680596340248015	True	False						False	False	False	NUP85
1221	ENSG00000175634	1	caudate_basal_ganglia	M005	0.03886005611324724	1.2035964035964037	1.2035964035964037	1	0	0	1	discordant	0.3145744029368385	0.4981033496528663	caudate_basal_ganglia	M005		1.1949823928600272	0.9106950818487466	1.5680143087482312	1.2035964035964037	0.03886005611324724	0.6680596340248015	True	False						False	False	False	RPS6KB2
1222	ENSG00000120438	1	caudate_basal_ganglia	M005	0.03886005611324724	1.2035964035964037	1.2035964035964037	1	0	0	1	discordant	0.3145744029368385	0.4935533928630328	caudate_basal_ganglia	M005		1.1949823928600272	0.9106950818487466	1.5680143087482312	1.2035964035964037	0.03886005611324724	0.6680596340248015	True	False						False	False	False	TCP1
1223	ENSG00000230424	1	caudate_basal_ganglia	M005	0.03886005611324724	1.2035964035964037	1.2035964035964037	1	0	0	1	discordant	0.3145744029368385	0.4914823978840385	caudate_basal_ganglia	M005		1.1949823928600272	0.9106950818487466	1.5680143087482312	1.2035964035964037	0.03886005611324724	0.6680596340248015	True	False						False	False	False	EMC1-AS1
1224	ENSG00000171817	1	caudate_basal_ganglia	M005	0.03886005611324724	1.2035964035964037	1.2035964035964037	1	0	0	1	discordant	0.3145744029368385	0.48865495385995034	caudate_basal_ganglia	M005		1.1949823928600272	0.9106950818487466	1.5680143087482312	1.2035964035964037	0.03886005611324724	0.6680596340248015	True	False						False	False	False	ZNF540
1225	ENSG00000291068	1	caudate_basal_ganglia	M005	0.03886005611324724	1.2035964035964037	1.2035964035964037	1	0	0	1	discordant	0.3145744029368385	0.4876355190055707	caudate_basal_ganglia	M005		1.1949823928600272	0.9106950818487466	1.5680143087482312	1.2035964035964037	0.03886005611324724	0.6680596340248015	True	False						False	False	False	ENSG00000291068
1226	ENSG00000124571	1	caudate_basal_ganglia	M005	0.03886005611324724	1.2035964035964037	1.2035964035964037	1	0	0	1	discordant	0.3145744029368385	0.470288529293563	caudate_basal_ganglia	M005		1.1949823928600272	0.9106950818487466	1.5680143087482312	1.2035964035964037	0.03886005611324724	0.6680596340248015	True	False						False	False	False	XPO5
1227	ENSG00000100197	1	caudate_basal_ganglia	M005	0.03886005611324724	1.2035964035964037	1.2035964035964037	1	0	0	1	discordant	0.3145744029368385	0.4672398837274651	caudate_basal_ganglia	M005		1.1949823928600272	0.9106950818487466	1.5680143087482312	1.2035964035964037	0.03886005611324724	0.6680596340248015	True	False						False	False	False	CYP2D6
1228	ENSG00000108788	1	caudate_basal_ganglia	M005	0.03886005611324724	1.2035964035964037	1.2035964035964037	1	0	0	1	discordant	0.3145744029368385	0.4672396706669171	caudate_basal_ganglia	M005		1.1949823928600272	0.9106950818487466	1.5680143087482312	1.2035964035964037	0.03886005611324724	0.6680596340248015	True	False						False	False	False	MLX
1229	ENSG00000068323	1	caudate_basal_ganglia	M005	0.03886005611324724	1.2035964035964037	1.2035964035964037	1	0	0	1	discordant	0.3145744029368385	0.4589741386128335	caudate_basal_ganglia	M005		1.1949823928600272	0.9106950818487466	1.5680143087482312	1.2035964035964037	0.03886005611324724	0.6680596340248015	True	False						False	False	False	TFE3
1230	ENSG00000185220	1	caudate_basal_ganglia	M005	0.03886005611324724	1.2035964035964037	1.2035964035964037	1	0	0	1	discordant	0.3145744029368385	0.45800845024655373	caudate_basal_ganglia	M005		1.1949823928600272	0.9106950818487466	1.5680143087482312	1.2035964035964037	0.03886005611324724	0.6680596340248015	True	False						False	False	False	PGBD2
1231	ENSG00000089327	1	caudate_basal_ganglia	M005	0.03886005611324724	1.2035964035964037	1.2035964035964037	1	0	0	1	discordant	0.3145744029368385	0.4503305046687445	caudate_basal_ganglia	M005		1.1949823928600272	0.9106950818487466	1.5680143087482312	1.2035964035964037	0.03886005611324724	0.6680596340248015	True	False						False	False	False	FXYD5
1232	ENSG00000141068	1	caudate_basal_ganglia	M005	0.03886005611324724	1.2035964035964037	1.2035964035964037	1	0	0	1	discordant	0.3145744029368385	0.4314044957311747	caudate_basal_ganglia	M005		1.1949823928600272	0.9106950818487466	1.5680143087482312	1.2035964035964037	0.03886005611324724	0.6680596340248015	True	False						False	False	False	KSR1
1233	ENSG00000159433	1	caudate_basal_ganglia	M005	0.03886005611324724	1.2035964035964037	1.2035964035964037	1	0	0	1	discordant	0.3145744029368385	0.42863886854406674	caudate_basal_ganglia	M005		1.1949823928600272	0.9106950818487466	1.5680143087482312	1.2035964035964037	0.03886005611324724	0.6680596340248015	True	False						False	False	False	STARD9
1234	ENSG00000141524	1	caudate_basal_ganglia	M005	0.03886005611324724	1.2035964035964037	1.2035964035964037	1	0	0	1	discordant	0.3145744029368385	0.42602167450764816	caudate_basal_ganglia	M005		1.1949823928600272	0.9106950818487466	1.5680143087482312	1.2035964035964037	0.03886005611324724	0.6680596340248015	True	False						False	False	False	TMC6
1235	ENSG00000135929	1	caudate_basal_ganglia	M005	0.03886005611324724	1.2035964035964037	1.2035964035964037	1	0	0	1	discordant	0.3145744029368385	0.4238383857780407	caudate_basal_ganglia	M005		1.1949823928600272	0.9106950818487466	1.5680143087482312	1.2035964035964037	0.03886005611324724	0.6680596340248015	True	False						False	False	False	CYP27A1
1236	ENSG00000066230	1	caudate_basal_ganglia	M005	0.03886005611324724	1.2035964035964037	1.2035964035964037	1	0	0	1	discordant	0.3145744029368385	0.41901487612167826	caudate_basal_ganglia	M005		1.1949823928600272	0.9106950818487466	1.5680143087482312	1.2035964035964037	0.03886005611324724	0.6680596340248015	True	False						False	False	False	SLC9A3
1237	ENSG00000144028	1	caudate_basal_ganglia	M005	0.03886005611324724	1.2035964035964037	1.2035964035964037	1	0	0	1	discordant	0.3145744029368385	0.40439505005762644	caudate_basal_ganglia	M005		1.1949823928600272	0.9106950818487466	1.5680143087482312	1.2035964035964037	0.03886005611324724	0.6680596340248015	True	False						False	False	False	SNRNP200
1238	ENSG00000158220	1	caudate_basal_ganglia	M005	0.03886005611324724	1.2035964035964037	1.2035964035964037	1	0	0	1	discordant	0.3145744029368385	0.39891270448818084	caudate_basal_ganglia	M005		1.1949823928600272	0.9106950818487466	1.5680143087482312	1.2035964035964037	0.03886005611324724	0.6680596340248015	True	False						False	False	False	ESYT3
1239	ENSG00000177731	1	caudate_basal_ganglia	M005	0.03886005611324724	1.2035964035964037	1.2035964035964037	1	0	0	1	discordant	0.3145744029368385	0.39418151222215614	caudate_basal_ganglia	M005		1.1949823928600272	0.9106950818487466	1.5680143087482312	1.2035964035964037	0.03886005611324724	0.6680596340248015	True	False						False	False	False	FLII
1240	ENSG00000134461	1	caudate_basal_ganglia	M005	0.03886005611324724	1.2035964035964037	1.2035964035964037	1	0	0	1	discordant	0.3145744029368385	0.3818378435616922	caudate_basal_ganglia	M005		1.1949823928600272	0.9106950818487466	1.5680143087482312	1.2035964035964037	0.03886005611324724	0.6680596340248015	True	False						False	False	False	ANKRD16
1241	ENSG00000149930	1	caudate_basal_ganglia	M005	0.03886005611324724	1.2035964035964037	1.2035964035964037	1	0	0	1	discordant	0.3145744029368385	0.3814531418939813	caudate_basal_ganglia	M005		1.1949823928600272	0.9106950818487466	1.5680143087482312	1.2035964035964037	0.03886005611324724	0.6680596340248015	True	False						False	False	False	TAOK2
1242	ENSG00000008130	1	caudate_basal_ganglia	M005	0.03886005611324724	1.2035964035964037	1.2035964035964037	1	0	0	1	discordant	0.3145744029368385	0.3805342622787964	caudate_basal_ganglia	M005		1.1949823928600272	0.9106950818487466	1.5680143087482312	1.2035964035964037	0.03886005611324724	0.6680596340248015	True	False						False	False	False	NADK
1243	ENSG00000168481	1	caudate_basal_ganglia	M005	0.03886005611324724	1.2035964035964037	1.2035964035964037	1	0	0	1	discordant	0.3145744029368385	0.380022493052476	caudate_basal_ganglia	M005		1.1949823928600272	0.9106950818487466	1.5680143087482312	1.2035964035964037	0.03886005611324724	0.6680596340248015	True	False						False	False	False	LGI3
1244	ENSG00000136908	1	caudate_basal_ganglia	M005	0.03886005611324724	1.2035964035964037	1.2035964035964037	1	0	0	1	discordant	0.3145744029368385	0.3791575484956212	caudate_basal_ganglia	M005		1.1949823928600272	0.9106950818487466	1.5680143087482312	1.2035964035964037	0.03886005611324724	0.6680596340248015	True	False						False	False	False	DPM2
1245	ENSG00000149761	1	caudate_basal_ganglia	M005	0.03886005611324724	1.2035964035964037	1.2035964035964037	1	0	0	1	discordant	0.3145744029368385	0.37278952845796576	caudate_basal_ganglia	M005		1.1949823928600272	0.9106950818487466	1.5680143087482312	1.2035964035964037	0.03886005611324724	0.6680596340248015	True	False						False	False	False	NUDT22
1246	ENSG00000124006	1	caudate_basal_ganglia	M005	0.03886005611324724	1.2035964035964037	1.2035964035964037	1	0	0	1	discordant	0.3145744029368385	0.3697532220181969	caudate_basal_ganglia	M005		1.1949823928600272	0.9106950818487466	1.5680143087482312	1.2035964035964037	0.03886005611324724	0.6680596340248015	True	False						False	False	False	OBSL1
1247	ENSG00000092871	1	caudate_basal_ganglia	M005	0.03886005611324724	1.2035964035964037	1.2035964035964037	1	0	0	1	discordant	0.3145744029368385	0.36701384117905855	caudate_basal_ganglia	M005		1.1949823928600272	0.9106950818487466	1.5680143087482312	1.2035964035964037	0.03886005611324724	0.6680596340248015	True	False						False	False	False	RFFL
1248	ENSG00000144021	1	caudate_basal_ganglia	M005	0.03886005611324724	1.2035964035964037	1.2035964035964037	1	0	0	1	discordant	0.3145744029368385	0.3654792675765207	caudate_basal_ganglia	M005		1.1949823928600272	0.9106950818487466	1.5680143087482312	1.2035964035964037	0.03886005611324724	0.6680596340248015	True	False						False	False	False	CIAO1
1249	ENSG00000157916	1	caudate_basal_ganglia	M005	0.03886005611324724	1.2035964035964037	1.2035964035964037	1	0	0	1	discordant	0.3145744029368385	0.3636542552855148	caudate_basal_ganglia	M005		1.1949823928600272	0.9106950818487466	1.5680143087482312	1.2035964035964037	0.03886005611324724	0.6680596340248015	True	False						False	False	False	RER1
1250	ENSG00000131730	1	caudate_basal_ganglia	M005	0.03886005611324724	1.2035964035964037	1.2035964035964037	1	0	0	1	switch_only	0.3145744029368385	0.3585015023176812	caudate_basal_ganglia	M005		1.1949823928600272	0.9106950818487466	1.5680143087482312	1.2035964035964037	0.03886005611324724	0.6680596340248015	True	False						False	False	False	CKMT2
1251	ENSG00000187187	1	caudate_basal_ganglia	M005	0.03886005611324724	1.2035964035964037	1.2035964035964037	1	0	0	1	discordant	0.3145744029368385	0.3567395633750613	caudate_basal_ganglia	M005		1.1949823928600272	0.9106950818487466	1.5680143087482312	1.2035964035964037	0.03886005611324724	0.6680596340248015	True	False						False	False	False	ZNF546
1252	ENSG00000008128	1	caudate_basal_ganglia	M005	0.03886005611324724	1.2035964035964037	1.2035964035964037	1	0	0	1	discordant	0.3145744029368385	0.3554906358381672	caudate_basal_ganglia	M005		1.1949823928600272	0.9106950818487466	1.5680143087482312	1.2035964035964037	0.03886005611324724	0.6680596340248015	True	False						False	False	False	CDK11A
1253	ENSG00000063761	1	caudate_basal_ganglia	M005	0.03886005611324724	1.2035964035964037	1.2035964035964037	1	0	0	1	discordant	0.3145744029368385	0.35301956006353075	caudate_basal_ganglia	M005		1.1949823928600272	0.9106950818487466	1.5680143087482312	1.2035964035964037	0.03886005611324724	0.6680596340248015	True	False						False	False	False	ADCK1
1254	ENSG00000167716	1	caudate_basal_ganglia	M005	0.03886005611324724	1.2035964035964037	1.2035964035964037	1	0	0	1	discordant	0.3145744029368385	0.3513040619205449	caudate_basal_ganglia	M005		1.1949823928600272	0.9106950818487466	1.5680143087482312	1.2035964035964037	0.03886005611324724	0.6680596340248015	True	False						False	False	False	WDR81
1255	ENSG00000284966	1	caudate_basal_ganglia	M005	0.03886005611324724	1.2035964035964037	1.2035964035964037	1	0	0	1	discordant	0.3145744029368385	0.3507732285605209	caudate_basal_ganglia	M005		1.1949823928600272	0.9106950818487466	1.5680143087482312	1.2035964035964037	0.03886005611324724	0.6680596340248015	True	False						False	False	False	ENSG00000284966
1256	ENSG00000178719	1	caudate_basal_ganglia	M005	0.03886005611324724	1.2035964035964037	1.2035964035964037	1	0	0	1	discordant	0.3145744029368385	0.349580782993811	caudate_basal_ganglia	M005		1.1949823928600272	0.9106950818487466	1.5680143087482312	1.2035964035964037	0.03886005611324724	0.6680596340248015	True	False						False	False	False	GRINA
1257	ENSG00000233276	1	caudate_basal_ganglia	M005	0.03886005611324724	1.2035964035964037	1.2035964035964037	1	0	0	1	discordant	0.3145744029368385	0.34668262606571504	caudate_basal_ganglia	M005		1.1949823928600272	0.9106950818487466	1.5680143087482312	1.2035964035964037	0.03886005611324724	0.6680596340248015	True	False						False	False	False	GPX1
1258	ENSG00000203896	1	caudate_basal_ganglia	M005	0.03886005611324724	1.2035964035964037	1.2035964035964037	1	0	0	1	discordant	0.3145744029368385	0.3406558211575724	caudate_basal_ganglia	M005		1.1949823928600272	0.9106950818487466	1.5680143087482312	1.2035964035964037	0.03886005611324724	0.6680596340248015	True	False						False	False	False	LIME1
1259	ENSG00000243646	1	caudate_basal_ganglia	M005	0.03886005611324724	1.2035964035964037	1.2035964035964037	1	0	0	1	discordant	0.3145744029368385	0.33939418901507923	caudate_basal_ganglia	M005		1.1949823928600272	0.9106950818487466	1.5680143087482312	1.2035964035964037	0.03886005611324724	0.6680596340248015	True	False						False	False	False	IL10RB
1260	ENSG00000119943	1	caudate_basal_ganglia	M005	0.03886005611324724	1.2035964035964037	1.2035964035964037	1	0	0	1	discordant	0.3145744029368385	0.3366392473892784	caudate_basal_ganglia	M005		1.1949823928600272	0.9106950818487466	1.5680143087482312	1.2035964035964037	0.03886005611324724	0.6680596340248015	True	False						False	False	False	PYROXD2
1261	ENSG00000261971	1	caudate_basal_ganglia	M005	0.03886005611324724	1.2035964035964037	1.2035964035964037	1	0	0	1	discordant	0.3145744029368385	0.3350370875782503	caudate_basal_ganglia	M005		1.1949823928600272	0.9106950818487466	1.5680143087482312	1.2035964035964037	0.03886005611324724	0.6680596340248015	True	False						False	False	False	MMP25-AS1
1262	ENSG00000095917	1	caudate_basal_ganglia	M005	0.03886005611324724	1.2035964035964037	1.2035964035964037	1	0	0	1	discordant	0.3145744029368385	0.3320497869532072	caudate_basal_ganglia	M005		1.1949823928600272	0.9106950818487466	1.5680143087482312	1.2035964035964037	0.03886005611324724	0.6680596340248015	True	False						False	False	False	TPSD1
1263	ENSG00000237742	1	caudate_basal_ganglia	M005	0.03886005611324724	1.2035964035964037	1.2035964035964037	1	0	0	1	switch_only	0.3145744029368385	0.32879968555997635	caudate_basal_ganglia	M005		1.1949823928600272	0.9106950818487466	1.5680143087482312	1.2035964035964037	0.03886005611324724	0.6680596340248015	True	False						False	False	False	HEY2-AS1
1264	ENSG00000267169	1	caudate_basal_ganglia	M005	0.03886005611324724	1.2035964035964037	1.2035964035964037	1	0	0	1	discordant	0.3145744029368385	0.32743444009110567	caudate_basal_ganglia	M005		1.1949823928600272	0.9106950818487466	1.5680143087482312	1.2035964035964037	0.03886005611324724	0.6680596340248015	True	False						False	False	False	ADGRL1-AS1
1265	ENSG00000042062	1	caudate_basal_ganglia	M005	0.03886005611324724	1.2035964035964037	1.2035964035964037	1	0	0	1	switch_only	0.3145744029368385	0.3137532464907944	caudate_basal_ganglia	M005		1.1949823928600272	0.9106950818487466	1.5680143087482312	1.2035964035964037	0.03886005611324724	0.6680596340248015	True	False						False	False	False	RIPOR3
1266	ENSG00000213999	1	caudate_basal_ganglia	M005	0.03886005611324724	1.2035964035964037	1.2035964035964037	1	0	0	1	switch_only	0.3145744029368385	0.3119680299695985	caudate_basal_ganglia	M005		1.1949823928600272	0.9106950818487466	1.5680143087482312	1.2035964035964037	0.03886005611324724	0.6680596340248015	True	False						False	False	False	MEF2B
1267	ENSG00000186654	1	caudate_basal_ganglia	M005	0.03886005611324724	1.2035964035964037	1.2035964035964037	1	0	0	1	switch_only	0.3145744029368385	0.3072075262792999	caudate_basal_ganglia	M005		1.1949823928600272	0.9106950818487466	1.5680143087482312	1.2035964035964037	0.03886005611324724	0.6680596340248015	True	False						False	False	False	PRR5
1268	ENSG00000242485	1	caudate_basal_ganglia	M005	0.03886005611324724	1.2035964035964037	1.2035964035964037	1	0	0	1	discordant	0.3145744029368385	0.30537769857640074	caudate_basal_ganglia	M005		1.1949823928600272	0.9106950818487466	1.5680143087482312	1.2035964035964037	0.03886005611324724	0.6680596340248015	True	False						False	False	False	MRPL20
1269	ENSG00000185049	1	caudate_basal_ganglia	M005	0.03886005611324724	1.2035964035964037	1.2035964035964037	1	0	0	1	discordant	0.3145744029368385	0.30085814666987876	caudate_basal_ganglia	M005		1.1949823928600272	0.9106950818487466	1.5680143087482312	1.2035964035964037	0.03886005611324724	0.6680596340248015	True	False						False	False	False	NELFA
1270	ENSG00000233334	1	caudate_basal_ganglia	M005	0.03886005611324724	1.2035964035964037	1.2035964035964037	1	0	0	1	discordant	0.3145744029368385	0.29558771792809146	caudate_basal_ganglia	M005		1.1949823928600272	0.9106950818487466	1.5680143087482312	1.2035964035964037	0.03886005611324724	0.6680596340248015	True	False						False	False	False	FAM53B-AS1
1271	ENSG00000290074	1	caudate_basal_ganglia	M005	0.03886005611324724	1.2035964035964037	1.2035964035964037	1	0	0	1	discordant	0.3145744029368385	0.2911342012278901	caudate_basal_ganglia	M005		1.1949823928600272	0.9106950818487466	1.5680143087482312	1.2035964035964037	0.03886005611324724	0.6680596340248015	True	False						False	False	False	ENSG00000290074
1272	ENSG00000198917	1	caudate_basal_ganglia	M005	0.03886005611324724	1.2035964035964037	1.2035964035964037	1	0	0	1	discordant	0.3145744029368385	0.287641653368441	caudate_basal_ganglia	M005		1.1949823928600272	0.9106950818487466	1.5680143087482312	1.2035964035964037	0.03886005611324724	0.6680596340248015	True	False						False	False	False	SPOUT1
1273	ENSG00000206417	1	caudate_basal_ganglia	M005	0.03886005611324724	1.2035964035964037	1.2035964035964037	1	0	0	1	discordant	0.3145744029368385	0.2809755437092245	caudate_basal_ganglia	M005		1.1949823928600272	0.9106950818487466	1.5680143087482312	1.2035964035964037	0.03886005611324724	0.6680596340248015	True	False						False	False	False	H1-10-AS1
1274	ENSG00000128534	1	caudate_basal_ganglia	M005	0.03886005611324724	1.2035964035964037	1.2035964035964037	1	0	0	1	discordant	0.3145744029368385	0.2785348648475062	caudate_basal_ganglia	M005		1.1949823928600272	0.9106950818487466	1.5680143087482312	1.2035964035964037	0.03886005611324724	0.6680596340248015	True	False						False	False	False	LSM8
1275	ENSG00000241127	1	caudate_basal_ganglia	M005	0.03886005611324724	1.2035964035964037	1.2035964035964037	1	0	0	1	discordant	0.3145744029368385	0.27421306670347734	caudate_basal_ganglia	M005		1.1949823928600272	0.9106950818487466	1.5680143087482312	1.2035964035964037	0.03886005611324724	0.6680596340248015	True	False						False	False	False	YAE1
1276	ENSG00000127452	1	caudate_basal_ganglia	M005	0.03886005611324724	1.2035964035964037	1.2035964035964037	1	0	0	1	discordant	0.3145744029368385	0.2701302991128349	caudate_basal_ganglia	M005		1.1949823928600272	0.9106950818487466	1.5680143087482312	1.2035964035964037	0.03886005611324724	0.6680596340248015	True	False						False	False	False	FBXL12
1277	ENSG00000158106	1	caudate_basal_ganglia	M005	0.03886005611324724	1.2035964035964037	1.2035964035964037	1	0	0	1	discordant	0.3145744029368385	0.267670906979929	caudate_basal_ganglia	M005		1.1949823928600272	0.9106950818487466	1.5680143087482312	1.2035964035964037	0.03886005611324724	0.6680596340248015	True	False						False	False	False	RHPN1
1278	ENSG00000044090	1	caudate_basal_ganglia	M005	0.03886005611324724	1.2035964035964037	1.2035964035964037	1	0	0	1	discordant	0.3145744029368385	0.26730002376906503	caudate_basal_ganglia	M005		1.1949823928600272	0.9106950818487466	1.5680143087482312	1.2035964035964037	0.03886005611324724	0.6680596340248015	True	False						False	False	False	CUL7
1279	ENSG00000107551	1	caudate_basal_ganglia	M005	0.03886005611324724	1.2035964035964037	1.2035964035964037	1	0	0	1	discordant	0.3145744029368385	0.2641110552951503	caudate_basal_ganglia	M005		1.1949823928600272	0.9106950818487466	1.5680143087482312	1.2035964035964037	0.03886005611324724	0.6680596340248015	True	False						False	False	False	RASSF4
1280	ENSG00000055955	1	caudate_basal_ganglia	M005	0.03886005611324724	1.2035964035964037	1.2035964035964037	1	0	0	1	discordant	0.3145744029368385	0.26200278955193945	caudate_basal_ganglia	M005		1.1949823928600272	0.9106950818487466	1.5680143087482312	1.2035964035964037	0.03886005611324724	0.6680596340248015	True	False						False	False	False	ITIH4
1281	ENSG00000115257	1	caudate_basal_ganglia	M005	0.03886005611324724	1.2035964035964037	1.2035964035964037	1	0	0	1	discordant	0.3145744029368385	0.2614183612469402	caudate_basal_ganglia	M005		1.1949823928600272	0.9106950818487466	1.5680143087482312	1.2035964035964037	0.03886005611324724	0.6680596340248015	True	False						False	False	False	PCSK4
1282	ENSG00000173914	1	caudate_basal_ganglia	M005	0.03886005611324724	1.2035964035964037	1.2035964035964037	1	0	0	1	discordant	0.3145744029368385	0.25842914237702247	caudate_basal_ganglia	M005		1.1949823928600272	0.9106950818487466	1.5680143087482312	1.2035964035964037	0.03886005611324724	0.6680596340248015	True	False						False	False	False	RBM4B
1283	ENSG00000291078	1	caudate_basal_ganglia	M005	0.03886005611324724	1.2035964035964037	1.2035964035964037	1	0	0	1	discordant	0.3145744029368385	0.2546426922763065	caudate_basal_ganglia	M005		1.1949823928600272	0.9106950818487466	1.5680143087482312	1.2035964035964037	0.03886005611324724	0.6680596340248015	True	False						False	False	False	ENSG00000291078
1284	ENSG00000204323	1	caudate_basal_ganglia	M005	0.03886005611324724	1.2035964035964037	1.2035964035964037	1	0	0	1	discordant	0.3145744029368385	0.25451740706489506	caudate_basal_ganglia	M005		1.1949823928600272	0.9106950818487466	1.5680143087482312	1.2035964035964037	0.03886005611324724	0.6680596340248015	True	False						False	False	False	SMIM5
1285	ENSG00000159713	1	caudate_basal_ganglia	M005	0.03886005611324724	1.2035964035964037	1.2035964035964037	1	0	0	1	discordant	0.3145744029368385	0.24808309990567734	caudate_basal_ganglia	M005		1.1949823928600272	0.9106950818487466	1.5680143087482312	1.2035964035964037	0.03886005611324724	0.6680596340248015	True	False						False	False	False	TPPP3
1286	ENSG00000275074	1	caudate_basal_ganglia	M005	0.03886005611324724	1.2035964035964037	1.2035964035964037	1	0	0	1	coupled	0.3145744029368385	0.2475774229230553	caudate_basal_ganglia	M005		1.1949823928600272	0.9106950818487466	1.5680143087482312	1.2035964035964037	0.03886005611324724	0.6680596340248015	True	False						False	False	False	NUDT18
1287	ENSG00000154781	1	caudate_basal_ganglia	M005	0.03886005611324724	1.2035964035964037	1.2035964035964037	1	0	0	1	discordant	0.3145744029368385	0.24739900527816489	caudate_basal_ganglia	M005		1.1949823928600272	0.9106950818487466	1.5680143087482312	1.2035964035964037	0.03886005611324724	0.6680596340248015	True	False						False	False	False	CCDC174
1288	ENSG00000173894	1	caudate_basal_ganglia	M005	0.03886005611324724	1.2035964035964037	1.2035964035964037	1	0	0	1	discordant	0.3145744029368385	0.24411854417970136	caudate_basal_ganglia	M005		1.1949823928600272	0.9106950818487466	1.5680143087482312	1.2035964035964037	0.03886005611324724	0.6680596340248015	True	False						False	False	False	CBX2
1289	ENSG00000231064	1	caudate_basal_ganglia	M005	0.03886005611324724	1.2035964035964037	1.2035964035964037	1	0	0	1	discordant	0.3145744029368385	0.23949850595684055	caudate_basal_ganglia	M005		1.1949823928600272	0.9106950818487466	1.5680143087482312	1.2035964035964037	0.03886005611324724	0.6680596340248015	True	False						False	False	False	THBS3-AS1
1290	ENSG00000100726	1	caudate_basal_ganglia	M005	0.03886005611324724	1.2035964035964037	1.2035964035964037	1	0	0	1	discordant	0.3145744029368385	0.23777037203249057	caudate_basal_ganglia	M005		1.1949823928600272	0.9106950818487466	1.5680143087482312	1.2035964035964037	0.03886005611324724	0.6680596340248015	True	False						False	False	False	TELO2
1291	ENSG00000150967	1	caudate_basal_ganglia	M005	0.03886005611324724	1.2035964035964037	1.2035964035964037	1	0	0	1	discordant	0.3145744029368385	0.2272029555825654	caudate_basal_ganglia	M005		1.1949823928600272	0.9106950818487466	1.5680143087482312	1.2035964035964037	0.03886005611324724	0.6680596340248015	True	False						False	False	False	ABCB9
1292	ENSG00000226696	1	caudate_basal_ganglia	M005	0.03886005611324724	1.2035964035964037	1.2035964035964037	1	0	0	1	discordant	0.3145744029368385	0.22224821589035249	caudate_basal_ganglia	M005		1.1949823928600272	0.9106950818487466	1.5680143087482312	1.2035964035964037	0.03886005611324724	0.6680596340248015	True	False						False	False	False	LENG8-AS1
1293	ENSG00000248714	1	caudate_basal_ganglia	M005	0.03886005611324724	1.2035964035964037	1.2035964035964037	1	0	0	1	discordant	0.3145744029368385	0.22128908286062993	caudate_basal_ganglia	M005		1.1949823928600272	0.9106950818487466	1.5680143087482312	1.2035964035964037	0.03886005611324724	0.6680596340248015	True	False						False	False	False	ZNF652-AS1
1294	ENSG00000161835	1	caudate_basal_ganglia	M005	0.03886005611324724	1.2035964035964037	1.2035964035964037	1	0	0	1	discordant	0.3145744029368385	0.21388966682826638	caudate_basal_ganglia	M005		1.1949823928600272	0.9106950818487466	1.5680143087482312	1.2035964035964037	0.03886005611324724	0.6680596340248015	True	False						False	False	False	TAMALIN
1295	ENSG00000229117	1	caudate_basal_ganglia	M005	0.03886005611324724	1.2035964035964037	1.2035964035964037	1	0	0	1	discordant	0.3145744029368385	0.21210083090064763	caudate_basal_ganglia	M005		1.1949823928600272	0.9106950818487466	1.5680143087482312	1.2035964035964037	0.03886005611324724	0.6680596340248015	True	False						False	False	False	RPL41
1296	ENSG00000175567	1	caudate_basal_ganglia	M005	0.03886005611324724	1.2035964035964037	1.2035964035964037	1	0	0	1	discordant	0.3145744029368385	0.2069995835394123	caudate_basal_ganglia	M005		1.1949823928600272	0.9106950818487466	1.5680143087482312	1.2035964035964037	0.03886005611324724	0.6680596340248015	True	False						False	False	False	UCP2
1297	ENSG00000232656	1	caudate_basal_ganglia	M005	0.03886005611324724	1.2035964035964037	1.2035964035964037	1	0	0	1	discordant	0.3145744029368385	0.20547406284589478	caudate_basal_ganglia	M005		1.1949823928600272	0.9106950818487466	1.5680143087482312	1.2035964035964037	0.03886005611324724	0.6680596340248015	True	False						False	False	False	IDI2-AS1
1298	ENSG00000074855	1	caudate_basal_ganglia	M005	0.03886005611324724	1.2035964035964037	1.2035964035964037	1	0	0	0	abundance_only	0.3145744029368385	0.18528633452502533	caudate_basal_ganglia	M005		1.1949823928600272	0.9106950818487466	1.5680143087482312	1.2035964035964037	0.03886005611324724	0.6680596340248015	True	False						False	False	False	ANO8
1299	ENSG00000148297	1	caudate_basal_ganglia	M005	0.03886005611324724	1.2035964035964037	1.2035964035964037	1	0	0	0	abundance_only	0.3145744029368385	0.18334090615083065	caudate_basal_ganglia	M005		1.1949823928600272	0.9106950818487466	1.5680143087482312	1.2035964035964037	0.03886005611324724	0.6680596340248015	True	False						False	False	False	MED22
1300	ENSG00000176387	1	caudate_basal_ganglia	M005	0.03886005611324724	1.2035964035964037	1.2035964035964037	1	0	0	0	abundance_only	0.3145744029368385	0.18293893284016371	caudate_basal_ganglia	M005		1.1949823928600272	0.9106950818487466	1.5680143087482312	1.2035964035964037	0.03886005611324724	0.6680596340248015	True	False						False	False	False	HSD11B2
1301	ENSG00000228300	1	caudate_basal_ganglia	M005	0.03886005611324724	1.2035964035964037	1.2035964035964037	1	0	0	0	abundance_only	0.3145744029368385	0.14587012788128592	caudate_basal_ganglia	M005		1.1949823928600272	0.9106950818487466	1.5680143087482312	1.2035964035964037	0.03886005611324724	0.6680596340248015	True	False						False	False	False	FAM174C
1302	ENSG00000157306	1	caudate_basal_ganglia	M005	0.03886005611324724	1.2035964035964037	1.2035964035964037	1	0	0	0	abundance_only	0.3145744029368385	0.14264880141869377	caudate_basal_ganglia	M005		1.1949823928600272	0.9106950818487466	1.5680143087482312	1.2035964035964037	0.03886005611324724	0.6680596340248015	True	False						False	False	False	ZFHX2-AS1
1303	ENSG00000122378	1	caudate_basal_ganglia	M005	0.03886005611324724	1.2035964035964037	1.2035964035964037	1	0	0	0	abundance_only	0.3145744029368385	0.12005473065040691	caudate_basal_ganglia	M005		1.1949823928600272	0.9106950818487466	1.5680143087482312	1.2035964035964037	0.03886005611324724	0.6680596340248015	True	False						False	False	False	PRXL2A
1304	ENSG00000162227	1	caudate_basal_ganglia	M005	0.03886005611324724	1.2035964035964037	1.2035964035964037	1	0	0	0	abundance_only	0.3145744029368385	0.1138905369929773	caudate_basal_ganglia	M005		1.1949823928600272	0.9106950818487466	1.5680143087482312	1.2035964035964037	0.03886005611324724	0.6680596340248015	True	False						False	False	False	TAF6L
1305	ENSG00000105538	1	caudate_basal_ganglia	M005	0.03886005611324724	1.2035964035964037	1.2035964035964037	1	0	0	0	inactive	0.3145744029368385	0.10780420172520201	caudate_basal_ganglia	M005		1.1949823928600272	0.9106950818487466	1.5680143087482312	1.2035964035964037	0.03886005611324724	0.6680596340248015	True	False						False	False	False	RASIP1
1306	ENSG00000166197	1	caudate_basal_ganglia	M005	0.03886005611324724	1.2035964035964037	1.2035964035964037	1	0	0	0	abundance_only	0.3145744029368385	0.06255606810007668	caudate_basal_ganglia	M005		1.1949823928600272	0.9106950818487466	1.5680143087482312	1.2035964035964037	0.03886005611324724	0.6680596340248015	True	False						False	False	False	NOLC1
1307	ENSG00000134072	1	caudate_basal_ganglia	M005	0.03886005611324724	1.2035964035964037	1.2035964035964037	1	0	0	0	abundance_only	0.3145744029368385	0.056568114372946426	caudate_basal_ganglia	M005		1.1949823928600272	0.9106950818487466	1.5680143087482312	1.2035964035964037	0.03886005611324724	0.6680596340248015	True	False						False	False	False	CAMK1
1308	ENSG00000105135	1	caudate_basal_ganglia	M005	0.03886005611324724	1.2035964035964037	1.2035964035964037	1	0	0	0	abundance_only	0.3145744029368385	0.0238361236554463	caudate_basal_ganglia	M005		1.1949823928600272	0.9106950818487466	1.5680143087482312	1.2035964035964037	0.03886005611324724	0.6680596340248015	True	False						False	False	False	ILVBL
1309	ENSG00000286024	1	caudate_basal_ganglia	M005	0.03886005611324724	1.2035964035964037	1.2035964035964037	1	0	0	0	abundance_only	0.3145744029368385	0.001753584189712886	caudate_basal_ganglia	M005		1.1949823928600272	0.9106950818487466	1.5680143087482312	1.2035964035964037	0.03886005611324724	0.6680596340248015	True	False						False	False	False	ENSG00000286024
1310	ENSG00000068400	1	cerebellar_hemisphere	M001	1.9831965965119372e-05	1.2527850968096352	1.2527850968096352	1	0	0	1	coupled	0.6651871655926471	0.9112750133024039	cerebellar_hemisphere	M001		0.9590204469169202	0.7800010984672611	1.179126823554509	1.2527850968096352	1.9831965965119372e-05	0.9291229011287565	False	False						False	False	False	GRIPAP1
1311	ENSG00000109472	1	cerebellar_hemisphere	M001	1.9831965965119372e-05	1.2527850968096352	1.2527850968096352	1	0	0	1	coupled	0.6651871655926471	0.8905982746325574	cerebellar_hemisphere	M001		0.9590204469169202	0.7800010984672611	1.179126823554509	1.2527850968096352	1.9831965965119372e-05	0.9291229011287565	False	False						False	False	False	CPE
1312	ENSG00000073792	1	cerebellar_hemisphere	M001	1.9831965965119372e-05	1.2527850968096352	1.2527850968096352	1	0	0	1	switch_only	0.6651871655926471	0.8776259394878981	cerebellar_hemisphere	M001		0.9590204469169202	0.7800010984672611	1.179126823554509	1.2527850968096352	1.9831965965119372e-05	0.9291229011287565	False	False						False	False	False	IGF2BP2
1313	ENSG00000198034	1	cerebellar_hemisphere	M001	1.9831965965119372e-05	1.2527850968096352	1.2527850968096352	1	0	0	1	coupled	0.6651871655926471	0.8677315894692728	cerebellar_hemisphere	M001		0.9590204469169202	0.7800010984672611	1.179126823554509	1.2527850968096352	1.9831965965119372e-05	0.9291229011287565	False	False						False	False	False	RPS4X
1314	ENSG00000184640	1	cerebellar_hemisphere	M001	1.9831965965119372e-05	1.2527850968096352	1.2527850968096352	1	0	0	1	coupled	0.6651871655926471	0.8644384145637286	cerebellar_hemisphere	M001		0.9590204469169202	0.7800010984672611	1.179126823554509	1.2527850968096352	1.9831965965119372e-05	0.9291229011287565	False	False						False	False	False	SEPTIN9
1315	ENSG00000109180	1	cerebellar_hemisphere	M001	1.9831965965119372e-05	1.2527850968096352	1.2527850968096352	1	0	0	1	coupled	0.6651871655926471	0.8626783436956401	cerebellar_hemisphere	M001		0.9590204469169202	0.7800010984672611	1.179126823554509	1.2527850968096352	1.9831965965119372e-05	0.9291229011287565	False	False						False	False	False	OCIAD1
1316	ENSG00000103264	1	cerebellar_hemisphere	M001	1.9831965965119372e-05	1.2527850968096352	1.2527850968096352	1	0	0	1	coupled	0.6651871655926471	0.8617732445197979	cerebellar_hemisphere	M001		0.9590204469169202	0.7800010984672611	1.179126823554509	1.2527850968096352	1.9831965965119372e-05	0.9291229011287565	False	False						False	False	False	FBXO31
1317	ENSG00000214548	1	cerebellar_hemisphere	M001	1.9831965965119372e-05	1.2527850968096352	1.2527850968096352	1	0	0	1	coupled	0.6651871655926471	0.8593785636893885	cerebellar_hemisphere	M001		0.9590204469169202	0.7800010984672611	1.179126823554509	1.2527850968096352	1.9831965965119372e-05	0.9291229011287565	False	False						False	False	False	MEG3
1318	ENSG00000111752	1	cerebellar_hemisphere	M001	1.9831965965119372e-05	1.2527850968096352	1.2527850968096352	1	0	0	1	coupled	0.6651871655926471	0.8588322272032671	cerebellar_hemisphere	M001		0.9590204469169202	0.7800010984672611	1.179126823554509	1.2527850968096352	1.9831965965119372e-05	0.9291229011287565	False	False						False	False	False	PHC1
1319	ENSG00000181852	1	cerebellar_hemisphere	M001	1.9831965965119372e-05	1.2527850968096352	1.2527850968096352	1	0	0	1	coupled	0.6651871655926471	0.85484207977984	cerebellar_hemisphere	M001		0.9590204469169202	0.7800010984672611	1.179126823554509	1.2527850968096352	1.9831965965119372e-05	0.9291229011287565	False	False						False	False	False	RNF41
1320	ENSG00000138623	1	cerebellar_hemisphere	M001	1.9831965965119372e-05	1.2527850968096352	1.2527850968096352	1	0	0	1	coupled	0.6651871655926471	0.8520576623567099	cerebellar_hemisphere	M001		0.9590204469169202	0.7800010984672611	1.179126823554509	1.2527850968096352	1.9831965965119372e-05	0.9291229011287565	False	False						False	False	False	SEMA7A
1321	ENSG00000099783	1	cerebellar_hemisphere	M001	1.9831965965119372e-05	1.2527850968096352	1.2527850968096352	1	0	0	1	coupled	0.6651871655926471	0.845115472800262	cerebellar_hemisphere	M001		0.9590204469169202	0.7800010984672611	1.179126823554509	1.2527850968096352	1.9831965965119372e-05	0.9291229011287565	False	False						False	False	False	HNRNPM
1322	ENSG00000015676	1	cerebellar_hemisphere	M001	1.9831965965119372e-05	1.2527850968096352	1.2527850968096352	1	0	0	1	coupled	0.6651871655926471	0.8446830966352521	cerebellar_hemisphere	M001		0.9590204469169202	0.7800010984672611	1.179126823554509	1.2527850968096352	1.9831965965119372e-05	0.9291229011287565	False	False						False	False	False	NUDCD3
1323	ENSG00000163703	1	cerebellar_hemisphere	M001	1.9831965965119372e-05	1.2527850968096352	1.2527850968096352	1	0	0	1	coupled	0.6651871655926471	0.8403880690829614	cerebellar_hemisphere	M001		0.9590204469169202	0.7800010984672611	1.179126823554509	1.2527850968096352	1.9831965965119372e-05	0.9291229011287565	False	False						False	False	False	CRELD1
1324	ENSG00000168000	1	cerebellar_hemisphere	M001	1.9831965965119372e-05	1.2527850968096352	1.2527850968096352	1	0	0	1	coupled	0.6651871655926471	0.8383629571949027	cerebellar_hemisphere	M001		0.9590204469169202	0.7800010984672611	1.179126823554509	1.2527850968096352	1.9831965965119372e-05	0.9291229011287565	False	False						False	False	False	BSCL2
1325	ENSG00000072110	1	cerebellar_hemisphere	M001	1.9831965965119372e-05	1.2527850968096352	1.2527850968096352	1	0	0	1	coupled	0.6651871655926471	0.8335300457752371	cerebellar_hemisphere	M001		0.9590204469169202	0.7800010984672611	1.179126823554509	1.2527850968096352	1.9831965965119372e-05	0.9291229011287565	False	False						False	False	False	ACTN1
1326	ENSG00000291129	1	cerebellar_hemisphere	M001	1.9831965965119372e-05	1.2527850968096352	1.2527850968096352	1	0	0	1	coupled	0.6651871655926471	0.8284085918793462	cerebellar_hemisphere	M001		0.9590204469169202	0.7800010984672611	1.179126823554509	1.2527850968096352	1.9831965965119372e-05	0.9291229011287565	False	False						False	False	False	PPIEL
1327	ENSG00000007047	1	cerebellar_hemisphere	M001	1.9831965965119372e-05	1.2527850968096352	1.2527850968096352	1	0	0	1	coupled	0.6651871655926471	0.8271860591163779	cerebellar_hemisphere	M001		0.9590204469169202	0.7800010984672611	1.179126823554509	1.2527850968096352	1.9831965965119372e-05	0.9291229011287565	False	False						False	False	False	MARK4
1328	ENSG00000188706	1	cerebellar_hemisphere	M001	1.9831965965119372e-05	1.2527850968096352	1.2527850968096352	1	0	0	1	coupled	0.6651871655926471	0.8208791646108893	cerebellar_hemisphere	M001		0.9590204469169202	0.7800010984672611	1.179126823554509	1.2527850968096352	1.9831965965119372e-05	0.9291229011287565	False	False						False	False	False	ZDHHC9
1329	ENSG00000065427	1	cerebellar_hemisphere	M001	1.9831965965119372e-05	1.2527850968096352	1.2527850968096352	1	0	0	1	coupled	0.6651871655926471	0.8187025191757488	cerebellar_hemisphere	M001		0.9590204469169202	0.7800010984672611	1.179126823554509	1.2527850968096352	1.9831965965119372e-05	0.9291229011287565	False	False						False	False	False	KARS1
1330	ENSG00000171604	1	cerebellar_hemisphere	M001	1.9831965965119372e-05	1.2527850968096352	1.2527850968096352	1	0	0	1	coupled	0.6651871655926471	0.8169907708451828	cerebellar_hemisphere	M001		0.9590204469169202	0.7800010984672611	1.179126823554509	1.2527850968096352	1.9831965965119372e-05	0.9291229011287565	False	False						False	False	False	CXXC5
1331	ENSG00000099995	1	cerebellar_hemisphere	M001	1.9831965965119372e-05	1.2527850968096352	1.2527850968096352	1	0	0	1	coupled	0.6651871655926471	0.8141949984535662	cerebellar_hemisphere	M001		0.9590204469169202	0.7800010984672611	1.179126823554509	1.2527850968096352	1.9831965965119372e-05	0.9291229011287565	False	False						False	False	False	SF3A1
1332	ENSG00000005156	1	cerebellar_hemisphere	M001	1.9831965965119372e-05	1.2527850968096352	1.2527850968096352	1	0	0	1	coupled	0.6651871655926471	0.8132020534427877	cerebellar_hemisphere	M001		0.9590204469169202	0.7800010984672611	1.179126823554509	1.2527850968096352	1.9831965965119372e-05	0.9291229011287565	False	False						False	False	False	LIG3
1333	ENSG00000134287	1	cerebellar_hemisphere	M001	1.9831965965119372e-05	1.2527850968096352	1.2527850968096352	1	0	0	1	coupled	0.6651871655926471	0.808356664871587	cerebellar_hemisphere	M001		0.9590204469169202	0.7800010984672611	1.179126823554509	1.2527850968096352	1.9831965965119372e-05	0.9291229011287565	False	False						False	False	False	ARF3
1334	ENSG00000162734	1	cerebellar_hemisphere	M001	1.9831965965119372e-05	1.2527850968096352	1.2527850968096352	1	0	0	1	coupled	0.6651871655926471	0.8069475289388639	cerebellar_hemisphere	M001		0.9590204469169202	0.7800010984672611	1.179126823554509	1.2527850968096352	1.9831965965119372e-05	0.9291229011287565	False	False						False	False	False	PEA15
1335	ENSG00000104722	1	cerebellar_hemisphere	M001	1.9831965965119372e-05	1.2527850968096352	1.2527850968096352	1	0	0	1	coupled	0.6651871655926471	0.8066343900107641	cerebellar_hemisphere	M001		0.9590204469169202	0.7800010984672611	1.179126823554509	1.2527850968096352	1.9831965965119372e-05	0.9291229011287565	False	False						False	False	False	NEFM
1336	ENSG00000213760	1	cerebellar_hemisphere	M001	1.9831965965119372e-05	1.2527850968096352	1.2527850968096352	1	0	0	1	coupled	0.6651871655926471	0.7999763574869199	cerebellar_hemisphere	M001		0.9590204469169202	0.7800010984672611	1.179126823554509	1.2527850968096352	1.9831965965119372e-05	0.9291229011287565	False	False						False	False	False	ATP6V1G2
1337	ENSG00000162735	1	cerebellar_hemisphere	M001	1.9831965965119372e-05	1.2527850968096352	1.2527850968096352	1	0	0	1	coupled	0.6651871655926471	0.7995017840229702	cerebellar_hemisphere	M001		0.9590204469169202	0.7800010984672611	1.179126823554509	1.2527850968096352	1.9831965965119372e-05	0.9291229011287565	False	False						False	False	False	PEX19
1338	ENSG00000204160	1	cerebellar_hemisphere	M001	1.9831965965119372e-05	1.2527850968096352	1.2527850968096352	1	0	0	1	discordant	0.6651871655926471	0.7986300692113708	cerebellar_hemisphere	M001		0.9590204469169202	0.7800010984672611	1.179126823554509	1.2527850968096352	1.9831965965119372e-05	0.9291229011287565	False	False						False	False	False	ZDHHC18
1339	ENSG00000310527	1	cerebellar_hemisphere	M001	1.9831965965119372e-05	1.2527850968096352	1.2527850968096352	1	0	0	1	coupled	0.6651871655926471	0.7957159367625125	cerebellar_hemisphere	M001		0.9590204469169202	0.7800010984672611	1.179126823554509	1.2527850968096352	1.9831965965119372e-05	0.9291229011287565	False	False						False	False	False	WASH9P
1340	ENSG00000073921	1	cerebellar_hemisphere	M001	1.9831965965119372e-05	1.2527850968096352	1.2527850968096352	1	0	0	1	coupled	0.6651871655926471	0.7905492560320201	cerebellar_hemisphere	M001		0.9590204469169202	0.7800010984672611	1.179126823554509	1.2527850968096352	1.9831965965119372e-05	0.9291229011287565	False	False						False	False	False	PICALM
1341	ENSG00000140740	1	cerebellar_hemisphere	M001	1.9831965965119372e-05	1.2527850968096352	1.2527850968096352	1	0	0	1	coupled	0.6651871655926471	0.7900650902542299	cerebellar_hemisphere	M001		0.9590204469169202	0.7800010984672611	1.179126823554509	1.2527850968096352	1.9831965965119372e-05	0.9291229011287565	False	False						False	False	False	UQCRC2
1342	ENSG00000166145	1	cerebellar_hemisphere	M001	1.9831965965119372e-05	1.2527850968096352	1.2527850968096352	1	0	0	1	coupled	0.6651871655926471	0.7861965460019015	cerebellar_hemisphere	M001		0.9590204469169202	0.7800010984672611	1.179126823554509	1.2527850968096352	1.9831965965119372e-05	0.9291229011287565	False	False						False	False	False	SPINT1
1343	ENSG00000058404	1	cerebellar_hemisphere	M001	1.9831965965119372e-05	1.2527850968096352	1.2527850968096352	1	0	0	1	coupled	0.6651871655926471	0.7843537942374673	cerebellar_hemisphere	M001		0.9590204469169202	0.7800010984672611	1.179126823554509	1.2527850968096352	1.9831965965119372e-05	0.9291229011287565	False	False						False	False	False	CAMK2B
1344	ENSG00000142784	1	cerebellar_hemisphere	M001	1.9831965965119372e-05	1.2527850968096352	1.2527850968096352	1	0	0	1	coupled	0.6651871655926471	0.7825738372760374	cerebellar_hemisphere	M001		0.9590204469169202	0.7800010984672611	1.179126823554509	1.2527850968096352	1.9831965965119372e-05	0.9291229011287565	False	False						False	False	False	WDTC1
1345	ENSG00000123124	1	cerebellar_hemisphere	M001	1.9831965965119372e-05	1.2527850968096352	1.2527850968096352	1	0	0	1	coupled	0.6651871655926471	0.7825473110454328	cerebellar_hemisphere	M001		0.9590204469169202	0.7800010984672611	1.179126823554509	1.2527850968096352	1.9831965965119372e-05	0.9291229011287565	False	False						False	False	False	WWP1
1346	ENSG00000011132	1	cerebellar_hemisphere	M001	1.9831965965119372e-05	1.2527850968096352	1.2527850968096352	1	0	0	1	coupled	0.6651871655926471	0.7813010531222423	cerebellar_hemisphere	M001		0.9590204469169202	0.7800010984672611	1.179126823554509	1.2527850968096352	1.9831965965119372e-05	0.9291229011287565	False	False						False	False	False	APBA3
1347	ENSG00000109814	1	cerebellar_hemisphere	M001	1.9831965965119372e-05	1.2527850968096352	1.2527850968096352	1	0	0	1	coupled	0.6651871655926471	0.7752451934293091	cerebellar_hemisphere	M001		0.9590204469169202	0.7800010984672611	1.179126823554509	1.2527850968096352	1.9831965965119372e-05	0.9291229011287565	False	False						False	False	False	UGDH
1348	ENSG00000149823	1	cerebellar_hemisphere	M001	1.9831965965119372e-05	1.2527850968096352	1.2527850968096352	1	0	0	1	coupled	0.6651871655926471	0.774479329791554	cerebellar_hemisphere	M001		0.9590204469169202	0.7800010984672611	1.179126823554509	1.2527850968096352	1.9831965965119372e-05	0.9291229011287565	False	False						False	False	False	VPS51
1349	ENSG00000115504	1	cerebellar_hemisphere	M001	1.9831965965119372e-05	1.2527850968096352	1.2527850968096352	1	0	0	1	coupled	0.6651871655926471	0.7721140177602097	cerebellar_hemisphere	M001		0.9590204469169202	0.7800010984672611	1.179126823554509	1.2527850968096352	1.9831965965119372e-05	0.9291229011287565	False	False						False	False	False	EHBP1
1350	ENSG00000160014	1	cerebellar_hemisphere	M001	1.9831965965119372e-05	1.2527850968096352	1.2527850968096352	1	0	0	1	coupled	0.6651871655926471	0.7704979461631033	cerebellar_hemisphere	M001		0.9590204469169202	0.7800010984672611	1.179126823554509	1.2527850968096352	1.9831965965119372e-05	0.9291229011287565	False	False						False	False	False	CALM3
1351	ENSG00000310523	1	cerebellar_hemisphere	M001	1.9831965965119372e-05	1.2527850968096352	1.2527850968096352	1	0	0	1	coupled	0.6651871655926471	0.7670805389165207	cerebellar_hemisphere	M001		0.9590204469169202	0.7800010984672611	1.179126823554509	1.2527850968096352	1.9831965965119372e-05	0.9291229011287565	False	False						False	False	False	ENSG00000310523
1352	ENSG00000065717	1	cerebellar_hemisphere	M001	1.9831965965119372e-05	1.2527850968096352	1.2527850968096352	1	0	0	1	coupled	0.6651871655926471	0.7655989121037143	cerebellar_hemisphere	M001		0.9590204469169202	0.7800010984672611	1.179126823554509	1.2527850968096352	1.9831965965119372e-05	0.9291229011287565	False	False						False	False	False	TLE2
1353	ENSG00000171843	1	cerebellar_hemisphere	M001	1.9831965965119372e-05	1.2527850968096352	1.2527850968096352	1	0	0	1	coupled	0.6651871655926471	0.7649780265340727	cerebellar_hemisphere	M001		0.9590204469169202	0.7800010984672611	1.179126823554509	1.2527850968096352	1.9831965965119372e-05	0.9291229011287565	False	False						False	False	False	MLLT3
1354	ENSG00000110013	1	cerebellar_hemisphere	M001	1.9831965965119372e-05	1.2527850968096352	1.2527850968096352	1	0	0	1	coupled	0.6651871655926471	0.7591891009038073	cerebellar_hemisphere	M001		0.9590204469169202	0.7800010984672611	1.179126823554509	1.2527850968096352	1.9831965965119372e-05	0.9291229011287565	False	False						False	False	False	SIAE
1355	ENSG00000113141	1	cerebellar_hemisphere	M001	1.9831965965119372e-05	1.2527850968096352	1.2527850968096352	1	0	0	1	coupled	0.6651871655926471	0.7541167868035996	cerebellar_hemisphere	M001		0.9590204469169202	0.7800010984672611	1.179126823554509	1.2527850968096352	1.9831965965119372e-05	0.9291229011287565	False	False						False	False	False	IK
1356	ENSG00000087263	1	cerebellar_hemisphere	M001	1.9831965965119372e-05	1.2527850968096352	1.2527850968096352	1	0	0	1	coupled	0.6651871655926471	0.7525332417838336	cerebellar_hemisphere	M001		0.9590204469169202	0.7800010984672611	1.179126823554509	1.2527850968096352	1.9831965965119372e-05	0.9291229011287565	False	False						False	False	False	OGFOD1
1357	ENSG00000177542	1	cerebellar_hemisphere	M001	1.9831965965119372e-05	1.2527850968096352	1.2527850968096352	1	0	0	1	coupled	0.6651871655926471	0.7489326975583311	cerebellar_hemisphere	M001		0.9590204469169202	0.7800010984672611	1.179126823554509	1.2527850968096352	1.9831965965119372e-05	0.9291229011287565	False	False						False	False	False	SLC25A22
1358	ENSG00000170515	1	cerebellar_hemisphere	M001	1.9831965965119372e-05	1.2527850968096352	1.2527850968096352	1	0	0	1	coupled	0.6651871655926471	0.7453641017974264	cerebellar_hemisphere	M001		0.9590204469169202	0.7800010984672611	1.179126823554509	1.2527850968096352	1.9831965965119372e-05	0.9291229011287565	False	False						False	False	False	PA2G4
1359	ENSG00000105516	1	cerebellar_hemisphere	M001	1.9831965965119372e-05	1.2527850968096352	1.2527850968096352	1	0	0	1	coupled	0.6651871655926471	0.7447707185248178	cerebellar_hemisphere	M001		0.9590204469169202	0.7800010984672611	1.179126823554509	1.2527850968096352	1.9831965965119372e-05	0.9291229011287565	False	False						False	False	False	DBP
1360	ENSG00000152944	1	cerebellar_hemisphere	M001	1.9831965965119372e-05	1.2527850968096352	1.2527850968096352	1	0	0	1	coupled	0.6651871655926471	0.7436201784325014	cerebellar_hemisphere	M001		0.9590204469169202	0.7800010984672611	1.179126823554509	1.2527850968096352	1.9831965965119372e-05	0.9291229011287565	False	False						False	False	False	MED21
1361	ENSG00000157895	1	cerebellar_hemisphere	M001	1.9831965965119372e-05	1.2527850968096352	1.2527850968096352	1	0	0	1	coupled	0.6651871655926471	0.7430586560190323	cerebellar_hemisphere	M001		0.9590204469169202	0.7800010984672611	1.179126823554509	1.2527850968096352	1.9831965965119372e-05	0.9291229011287565	False	False						False	False	False	C12orf43
1362	ENSG00000243943	1	cerebellar_hemisphere	M001	1.9831965965119372e-05	1.2527850968096352	1.2527850968096352	1	0	0	1	coupled	0.6651871655926471	0.742695737095895	cerebellar_hemisphere	M001		0.9590204469169202	0.7800010984672611	1.179126823554509	1.2527850968096352	1.9831965965119372e-05	0.9291229011287565	False	False						False	False	False	ZNF512
1363	ENSG00000173221	1	cerebellar_hemisphere	M001	1.9831965965119372e-05	1.2527850968096352	1.2527850968096352	1	0	0	1	coupled	0.6651871655926471	0.7418085407736207	cerebellar_hemisphere	M001		0.9590204469169202	0.7800010984672611	1.179126823554509	1.2527850968096352	1.9831965965119372e-05	0.9291229011287565	False	False						False	False	False	GLRX
1364	ENSG00000132024	1	cerebellar_hemisphere	M001	1.9831965965119372e-05	1.2527850968096352	1.2527850968096352	1	0	0	1	discordant	0.6651871655926471	0.7373746208704698	cerebellar_hemisphere	M001		0.9590204469169202	0.7800010984672611	1.179126823554509	1.2527850968096352	1.9831965965119372e-05	0.9291229011287565	False	False						False	False	False	CC2D1A
1365	ENSG00000099889	1	cerebellar_hemisphere	M001	1.9831965965119372e-05	1.2527850968096352	1.2527850968096352	1	0	0	1	coupled	0.6651871655926471	0.7357694146950827	cerebellar_hemisphere	M001		0.9590204469169202	0.7800010984672611	1.179126823554509	1.2527850968096352	1.9831965965119372e-05	0.9291229011287565	False	False	SCZ	sQTL	0.01004197570218	splicing-led (IsoGraph-resolved switch)	splicing-led	True	True	False	ARVCF
1366	ENSG00000090097	1	cerebellar_hemisphere	M001	1.9831965965119372e-05	1.2527850968096352	1.2527850968096352	1	0	0	1	coupled	0.6651871655926471	0.7355217716799736	cerebellar_hemisphere	M001		0.9590204469169202	0.7800010984672611	1.179126823554509	1.2527850968096352	1.9831965965119372e-05	0.9291229011287565	False	False						False	False	False	PCBP4
1367	ENSG00000078808	1	cerebellar_hemisphere	M001	1.9831965965119372e-05	1.2527850968096352	1.2527850968096352	1	0	0	1	coupled	0.6651871655926471	0.7340710927244316	cerebellar_hemisphere	M001		0.9590204469169202	0.7800010984672611	1.179126823554509	1.2527850968096352	1.9831965965119372e-05	0.9291229011287565	False	False						False	False	False	SDF4
1368	ENSG00000164751	1	cerebellar_hemisphere	M001	1.9831965965119372e-05	1.2527850968096352	1.2527850968096352	1	0	0	1	coupled	0.6651871655926471	0.7330732758284076	cerebellar_hemisphere	M001		0.9590204469169202	0.7800010984672611	1.179126823554509	1.2527850968096352	1.9831965965119372e-05	0.9291229011287565	False	False						False	False	False	PEX2
1369	ENSG00000106628	1	cerebellar_hemisphere	M001	1.9831965965119372e-05	1.2527850968096352	1.2527850968096352	1	0	0	1	coupled	0.6651871655926471	0.7300156838789783	cerebellar_hemisphere	M001		0.9590204469169202	0.7800010984672611	1.179126823554509	1.2527850968096352	1.9831965965119372e-05	0.9291229011287565	False	False						False	False	False	POLD2
1370	ENSG00000180537	1	cerebellar_hemisphere	M001	1.9831965965119372e-05	1.2527850968096352	1.2527850968096352	1	0	0	1	coupled	0.6651871655926471	0.7261133126958002	cerebellar_hemisphere	M001		0.9590204469169202	0.7800010984672611	1.179126823554509	1.2527850968096352	1.9831965965119372e-05	0.9291229011287565	False	False						False	False	False	RNF182
1371	ENSG00000198522	1	cerebellar_hemisphere	M001	1.9831965965119372e-05	1.2527850968096352	1.2527850968096352	1	0	0	1	coupled	0.6651871655926471	0.7224786425138418	cerebellar_hemisphere	M001		0.9590204469169202	0.7800010984672611	1.179126823554509	1.2527850968096352	1.9831965965119372e-05	0.9291229011287565	False	False						False	False	False	GPN1
1372	ENSG00000063660	1	cerebellar_hemisphere	M001	1.9831965965119372e-05	1.2527850968096352	1.2527850968096352	1	0	0	1	coupled	0.6651871655926471	0.7194030186899993	cerebellar_hemisphere	M001		0.9590204469169202	0.7800010984672611	1.179126823554509	1.2527850968096352	1.9831965965119372e-05	0.9291229011287565	False	False						False	False	False	GPC1
1373	ENSG00000162642	1	cerebellar_hemisphere	M001	1.9831965965119372e-05	1.2527850968096352	1.2527850968096352	1	0	0	1	coupled	0.6651871655926471	0.7187978371189052	cerebellar_hemisphere	M001		0.9590204469169202	0.7800010984672611	1.179126823554509	1.2527850968096352	1.9831965965119372e-05	0.9291229011287565	False	False						False	False	False	C1orf52
1374	ENSG00000196214	1	cerebellar_hemisphere	M001	1.9831965965119372e-05	1.2527850968096352	1.2527850968096352	1	0	0	1	coupled	0.6651871655926471	0.716352929331459	cerebellar_hemisphere	M001		0.9590204469169202	0.7800010984672611	1.179126823554509	1.2527850968096352	1.9831965965119372e-05	0.9291229011287565	False	False						False	False	False	ZNF766
1375	ENSG00000163875	1	cerebellar_hemisphere	M001	1.9831965965119372e-05	1.2527850968096352	1.2527850968096352	1	0	0	1	coupled	0.6651871655926471	0.7115326040146879	cerebellar_hemisphere	M001		0.9590204469169202	0.7800010984672611	1.179126823554509	1.2527850968096352	1.9831965965119372e-05	0.9291229011287565	False	False						False	False	False	MEAF6
1376	ENSG00000156983	1	cerebellar_hemisphere	M001	1.9831965965119372e-05	1.2527850968096352	1.2527850968096352	1	0	0	1	coupled	0.6651871655926471	0.7059097761657591	cerebellar_hemisphere	M001		0.9590204469169202	0.7800010984672611	1.179126823554509	1.2527850968096352	1.9831965965119372e-05	0.9291229011287565	False	False						False	False	False	BRPF1
1377	ENSG00000123064	1	cerebellar_hemisphere	M001	1.9831965965119372e-05	1.2527850968096352	1.2527850968096352	1	0	0	1	coupled	0.6651871655926471	0.705586128348797	cerebellar_hemisphere	M001		0.9590204469169202	0.7800010984672611	1.179126823554509	1.2527850968096352	1.9831965965119372e-05	0.9291229011287565	False	False						False	False	False	DDX54
1378	ENSG00000002919	1	cerebellar_hemisphere	M001	1.9831965965119372e-05	1.2527850968096352	1.2527850968096352	1	0	0	1	coupled	0.6651871655926471	0.7036718725952457	cerebellar_hemisphere	M001		0.9590204469169202	0.7800010984672611	1.179126823554509	1.2527850968096352	1.9831965965119372e-05	0.9291229011287565	False	False						False	False	False	SNX11
1379	ENSG00000156642	1	cerebellar_hemisphere	M001	1.9831965965119372e-05	1.2527850968096352	1.2527850968096352	1	0	0	1	coupled	0.6651871655926471	0.7019188521882717	cerebellar_hemisphere	M001		0.9590204469169202	0.7800010984672611	1.179126823554509	1.2527850968096352	1.9831965965119372e-05	0.9291229011287565	False	False						False	False	False	NPTN
1380	ENSG00000105063	1	cerebellar_hemisphere	M001	1.9831965965119372e-05	1.2527850968096352	1.2527850968096352	1	0	0	1	coupled	0.6651871655926471	0.6911257551749936	cerebellar_hemisphere	M001		0.9590204469169202	0.7800010984672611	1.179126823554509	1.2527850968096352	1.9831965965119372e-05	0.9291229011287565	False	False						False	False	False	PPP6R1
1381	ENSG00000174365	1	cerebellar_hemisphere	M001	1.9831965965119372e-05	1.2527850968096352	1.2527850968096352	1	0	0	1	coupled	0.6651871655926471	0.6908843227890266	cerebellar_hemisphere	M001		0.9590204469169202	0.7800010984672611	1.179126823554509	1.2527850968096352	1.9831965965119372e-05	0.9291229011287565	False	False						False	False	False	SNHG11
1382	ENSG00000204348	1	cerebellar_hemisphere	M001	1.9831965965119372e-05	1.2527850968096352	1.2527850968096352	1	0	0	1	coupled	0.6651871655926471	0.6906650548137604	cerebellar_hemisphere	M001		0.9590204469169202	0.7800010984672611	1.179126823554509	1.2527850968096352	1.9831965965119372e-05	0.9291229011287565	False	False						False	False	False	DXO
1383	ENSG00000115866	1	cerebellar_hemisphere	M001	1.9831965965119372e-05	1.2527850968096352	1.2527850968096352	1	0	0	1	discordant	0.6651871655926471	0.6905259298050076	cerebellar_hemisphere	M001		0.9590204469169202	0.7800010984672611	1.179126823554509	1.2527850968096352	1.9831965965119372e-05	0.9291229011287565	False	False						False	False	False	DARS1
1384	ENSG00000100243	1	cerebellar_hemisphere	M001	1.9831965965119372e-05	1.2527850968096352	1.2527850968096352	1	0	0	1	switch_only	0.6651871655926471	0.68786553257025	cerebellar_hemisphere	M001		0.9590204469169202	0.7800010984672611	1.179126823554509	1.2527850968096352	1.9831965965119372e-05	0.9291229011287565	False	False						False	False	False	CYB5R3
1385	ENSG00000122756	1	cerebellar_hemisphere	M001	1.9831965965119372e-05	1.2527850968096352	1.2527850968096352	1	0	0	1	switch_only	0.6651871655926471	0.6877797041115227	cerebellar_hemisphere	M001		0.9590204469169202	0.7800010984672611	1.179126823554509	1.2527850968096352	1.9831965965119372e-05	0.9291229011287565	False	False						False	False	False	CNTFR
1386	ENSG00000186141	1	cerebellar_hemisphere	M001	1.9831965965119372e-05	1.2527850968096352	1.2527850968096352	1	0	0	1	coupled	0.6651871655926471	0.6868269500216667	cerebellar_hemisphere	M001		0.9590204469169202	0.7800010984672611	1.179126823554509	1.2527850968096352	1.9831965965119372e-05	0.9291229011287565	False	False						False	False	False	POLR3C
1387	ENSG00000079999	1	cerebellar_hemisphere	M001	1.9831965965119372e-05	1.2527850968096352	1.2527850968096352	1	0	0	1	coupled	0.6651871655926471	0.6851867780550144	cerebellar_hemisphere	M001		0.9590204469169202	0.7800010984672611	1.179126823554509	1.2527850968096352	1.9831965965119372e-05	0.9291229011287565	False	False						False	False	False	KEAP1
1388	ENSG00000006744	1	cerebellar_hemisphere	M001	1.9831965965119372e-05	1.2527850968096352	1.2527850968096352	1	0	0	1	coupled	0.6651871655926471	0.6827812968512048	cerebellar_hemisphere	M001		0.9590204469169202	0.7800010984672611	1.179126823554509	1.2527850968096352	1.9831965965119372e-05	0.9291229011287565	False	False						False	False	False	ELAC2
1389	ENSG00000066117	1	cerebellar_hemisphere	M001	1.9831965965119372e-05	1.2527850968096352	1.2527850968096352	1	0	0	1	coupled	0.6651871655926471	0.6805309564441695	cerebellar_hemisphere	M001		0.9590204469169202	0.7800010984672611	1.179126823554509	1.2527850968096352	1.9831965965119372e-05	0.9291229011287565	False	False						False	False	False	SMARCD1
1390	ENSG00000139637	1	cerebellar_hemisphere	M001	1.9831965965119372e-05	1.2527850968096352	1.2527850968096352	1	0	0	1	coupled	0.6651871655926471	0.6796126283080091	cerebellar_hemisphere	M001		0.9590204469169202	0.7800010984672611	1.179126823554509	1.2527850968096352	1.9831965965119372e-05	0.9291229011287565	False	False						False	False	False	MYG1
1391	ENSG00000130479	1	cerebellar_hemisphere	M001	1.9831965965119372e-05	1.2527850968096352	1.2527850968096352	1	0	0	1	discordant	0.6651871655926471	0.678945465598235	cerebellar_hemisphere	M001		0.9590204469169202	0.7800010984672611	1.179126823554509	1.2527850968096352	1.9831965965119372e-05	0.9291229011287565	False	False						False	False	False	MAP1S
1392	ENSG00000130511	1	cerebellar_hemisphere	M001	1.9831965965119372e-05	1.2527850968096352	1.2527850968096352	1	0	0	1	discordant	0.6651871655926471	0.6767796294564917	cerebellar_hemisphere	M001		0.9590204469169202	0.7800010984672611	1.179126823554509	1.2527850968096352	1.9831965965119372e-05	0.9291229011287565	False	False						False	False	False	SSBP4
1393	ENSG00000108107	1	cerebellar_hemisphere	M001	1.9831965965119372e-05	1.2527850968096352	1.2527850968096352	1	0	0	1	switch_only	0.6651871655926471	0.675648307608272	cerebellar_hemisphere	M001		0.9590204469169202	0.7800010984672611	1.179126823554509	1.2527850968096352	1.9831965965119372e-05	0.9291229011287565	False	False						False	False	False	RPL28
1394	ENSG00000167964	1	cerebellar_hemisphere	M001	1.9831965965119372e-05	1.2527850968096352	1.2527850968096352	1	0	0	1	switch_only	0.6651871655926471	0.6747318137047641	cerebellar_hemisphere	M001		0.9590204469169202	0.7800010984672611	1.179126823554509	1.2527850968096352	1.9831965965119372e-05	0.9291229011287565	False	False						False	False	False	RAB26
1395	ENSG00000181938	1	cerebellar_hemisphere	M001	1.9831965965119372e-05	1.2527850968096352	1.2527850968096352	1	0	0	1	coupled	0.6651871655926471	0.6708446945648263	cerebellar_hemisphere	M001		0.9590204469169202	0.7800010984672611	1.179126823554509	1.2527850968096352	1.9831965965119372e-05	0.9291229011287565	False	False						False	False	False	GINS3
1396	ENSG00000180891	1	cerebellar_hemisphere	M001	1.9831965965119372e-05	1.2527850968096352	1.2527850968096352	1	0	0	1	coupled	0.6651871655926471	0.6678745634826173	cerebellar_hemisphere	M001		0.9590204469169202	0.7800010984672611	1.179126823554509	1.2527850968096352	1.9831965965119372e-05	0.9291229011287565	False	False						False	False	False	CUEDC1
1397	ENSG00000167674	1	cerebellar_hemisphere	M001	1.9831965965119372e-05	1.2527850968096352	1.2527850968096352	1	0	0	1	coupled	0.6651871655926471	0.6669260819347471	cerebellar_hemisphere	M001		0.9590204469169202	0.7800010984672611	1.179126823554509	1.2527850968096352	1.9831965965119372e-05	0.9291229011287565	False	False						False	False	False	HDGFL2
1398	ENSG00000171246	1	cerebellar_hemisphere	M001	1.9831965965119372e-05	1.2527850968096352	1.2527850968096352	1	0	0	1	coupled	0.6651871655926471	0.6666717666508803	cerebellar_hemisphere	M001		0.9590204469169202	0.7800010984672611	1.179126823554509	1.2527850968096352	1.9831965965119372e-05	0.9291229011287565	False	False						False	False	False	NPTX1
1399	ENSG00000178952	1	cerebellar_hemisphere	M001	1.9831965965119372e-05	1.2527850968096352	1.2527850968096352	1	0	0	1	coupled	0.6651871655926471	0.6655798278907494	cerebellar_hemisphere	M001		0.9590204469169202	0.7800010984672611	1.179126823554509	1.2527850968096352	1.9831965965119372e-05	0.9291229011287565	False	False						False	False	False	TUFM
1400	ENSG00000113758	1	cerebellar_hemisphere	M001	1.9831965965119372e-05	1.2527850968096352	1.2527850968096352	1	0	0	1	coupled	0.6651871655926471	0.6607069949614683	cerebellar_hemisphere	M001		0.9590204469169202	0.7800010984672611	1.179126823554509	1.2527850968096352	1.9831965965119372e-05	0.9291229011287565	False	False						False	False	False	DBN1
1401	ENSG00000087460	1	cerebellar_hemisphere	M001	1.9831965965119372e-05	1.2527850968096352	1.2527850968096352	1	0	0	1	coupled	0.6651871655926471	0.6591056347487388	cerebellar_hemisphere	M001		0.9590204469169202	0.7800010984672611	1.179126823554509	1.2527850968096352	1.9831965965119372e-05	0.9291229011287565	False	False						False	False	False	GNAS
1402	ENSG00000183955	1	cerebellar_hemisphere	M001	1.9831965965119372e-05	1.2527850968096352	1.2527850968096352	1	0	0	1	coupled	0.6651871655926471	0.6562239750389474	cerebellar_hemisphere	M001		0.9590204469169202	0.7800010984672611	1.179126823554509	1.2527850968096352	1.9831965965119372e-05	0.9291229011287565	False	False						False	False	False	KMT5A
1403	ENSG00000126804	1	cerebellar_hemisphere	M001	1.9831965965119372e-05	1.2527850968096352	1.2527850968096352	1	0	0	1	coupled	0.6651871655926471	0.6524716049146598	cerebellar_hemisphere	M001		0.9590204469169202	0.7800010984672611	1.179126823554509	1.2527850968096352	1.9831965965119372e-05	0.9291229011287565	False	False						False	False	False	ZBTB1
1404	ENSG00000062038	1	cerebellar_hemisphere	M001	1.9831965965119372e-05	1.2527850968096352	1.2527850968096352	1	0	0	1	switch_only	0.6651871655926471	0.6488982583940858	cerebellar_hemisphere	M001		0.9590204469169202	0.7800010984672611	1.179126823554509	1.2527850968096352	1.9831965965119372e-05	0.9291229011287565	False	False						False	False	False	CDH3
1405	ENSG00000167100	1	cerebellar_hemisphere	M001	1.9831965965119372e-05	1.2527850968096352	1.2527850968096352	1	0	0	1	coupled	0.6651871655926471	0.6470726271788376	cerebellar_hemisphere	M001		0.9590204469169202	0.7800010984672611	1.179126823554509	1.2527850968096352	1.9831965965119372e-05	0.9291229011287565	False	False						False	False	False	SAMD14
1406	ENSG00000172638	1	cerebellar_hemisphere	M001	1.9831965965119372e-05	1.2527850968096352	1.2527850968096352	1	0	0	1	switch_only	0.6651871655926471	0.6466131276837044	cerebellar_hemisphere	M001		0.9590204469169202	0.7800010984672611	1.179126823554509	1.2527850968096352	1.9831965965119372e-05	0.9291229011287565	False	False						False	False	False	EFEMP2
1407	ENSG00000100297	1	cerebellar_hemisphere	M001	1.9831965965119372e-05	1.2527850968096352	1.2527850968096352	1	0	0	1	coupled	0.6651871655926471	0.6457249602973651	cerebellar_hemisphere	M001		0.9590204469169202	0.7800010984672611	1.179126823554509	1.2527850968096352	1.9831965965119372e-05	0.9291229011287565	False	False						False	False	False	MCM5
1408	ENSG00000171150	1	cerebellar_hemisphere	M001	1.9831965965119372e-05	1.2527850968096352	1.2527850968096352	1	0	0	1	coupled	0.6651871655926471	0.6432856452125914	cerebellar_hemisphere	M001		0.9590204469169202	0.7800010984672611	1.179126823554509	1.2527850968096352	1.9831965965119372e-05	0.9291229011287565	False	False						False	False	False	SOCS5
1409	ENSG00000215788	1	cerebellar_hemisphere	M001	1.9831965965119372e-05	1.2527850968096352	1.2527850968096352	1	0	0	1	coupled	0.6651871655926471	0.6420384270514795	cerebellar_hemisphere	M001		0.9590204469169202	0.7800010984672611	1.179126823554509	1.2527850968096352	1.9831965965119372e-05	0.9291229011287565	False	False						False	False	False	TNFRSF25
1410	ENSG00000174827	1	cerebellar_hemisphere	M001	1.9831965965119372e-05	1.2527850968096352	1.2527850968096352	1	0	0	1	coupled	0.6651871655926471	0.6395061933744669	cerebellar_hemisphere	M001		0.9590204469169202	0.7800010984672611	1.179126823554509	1.2527850968096352	1.9831965965119372e-05	0.9291229011287565	False	False						False	False	False	PDZK1
1411	ENSG00000273173	1	cerebellar_hemisphere	M001	1.9831965965119372e-05	1.2527850968096352	1.2527850968096352	1	0	0	1	coupled	0.6651871655926471	0.6382258822509395	cerebellar_hemisphere	M001		0.9590204469169202	0.7800010984672611	1.179126823554509	1.2527850968096352	1.9831965965119372e-05	0.9291229011287565	False	False						False	False	False	SNURF
1412	ENSG00000103199	1	cerebellar_hemisphere	M001	1.9831965965119372e-05	1.2527850968096352	1.2527850968096352	1	0	0	1	coupled	0.6651871655926471	0.6359883355009868	cerebellar_hemisphere	M001		0.9590204469169202	0.7800010984672611	1.179126823554509	1.2527850968096352	1.9831965965119372e-05	0.9291229011287565	False	False						False	False	False	ZNF500
1413	ENSG00000109062	1	cerebellar_hemisphere	M001	1.9831965965119372e-05	1.2527850968096352	1.2527850968096352	1	0	0	1	coupled	0.6651871655926471	0.6356571250959995	cerebellar_hemisphere	M001		0.9590204469169202	0.7800010984672611	1.179126823554509	1.2527850968096352	1.9831965965119372e-05	0.9291229011287565	False	False						False	False	False	NHERF1
1414	ENSG00000181894	1	cerebellar_hemisphere	M001	1.9831965965119372e-05	1.2527850968096352	1.2527850968096352	1	0	0	1	coupled	0.6651871655926471	0.6269882025509117	cerebellar_hemisphere	M001		0.9590204469169202	0.7800010984672611	1.179126823554509	1.2527850968096352	1.9831965965119372e-05	0.9291229011287565	False	False						False	False	False	ZNF329
1415	ENSG00000108387	1	cerebellar_hemisphere	M001	1.9831965965119372e-05	1.2527850968096352	1.2527850968096352	1	0	0	1	switch_only	0.6651871655926471	0.617194718118988	cerebellar_hemisphere	M001		0.9590204469169202	0.7800010984672611	1.179126823554509	1.2527850968096352	1.9831965965119372e-05	0.9291229011287565	False	False						False	False	False	SEPTIN4
1416	ENSG00000114686	1	cerebellar_hemisphere	M001	1.9831965965119372e-05	1.2527850968096352	1.2527850968096352	1	0	0	1	coupled	0.6651871655926471	0.6153804280349012	cerebellar_hemisphere	M001		0.9590204469169202	0.7800010984672611	1.179126823554509	1.2527850968096352	1.9831965965119372e-05	0.9291229011287565	False	False						False	False	False	MRPL3
1417	ENSG00000168350	1	cerebellar_hemisphere	M001	1.9831965965119372e-05	1.2527850968096352	1.2527850968096352	1	0	0	1	discordant	0.6651871655926471	0.6126646639564773	cerebellar_hemisphere	M001		0.9590204469169202	0.7800010984672611	1.179126823554509	1.2527850968096352	1.9831965965119372e-05	0.9291229011287565	False	False						False	False	False	DEGS2
1418	ENSG00000100416	1	cerebellar_hemisphere	M001	1.9831965965119372e-05	1.2527850968096352	1.2527850968096352	1	0	0	1	coupled	0.6651871655926471	0.6064148161908871	cerebellar_hemisphere	M001		0.9590204469169202	0.7800010984672611	1.179126823554509	1.2527850968096352	1.9831965965119372e-05	0.9291229011287565	False	False						False	False	False	TRMU
1419	ENSG00000130695	1	cerebellar_hemisphere	M001	1.9831965965119372e-05	1.2527850968096352	1.2527850968096352	1	0	0	1	coupled	0.6651871655926471	0.6056703556159168	cerebellar_hemisphere	M001		0.9590204469169202	0.7800010984672611	1.179126823554509	1.2527850968096352	1.9831965965119372e-05	0.9291229011287565	False	False						False	False	False	CEP85
1420	ENSG00000157954	1	cerebellar_hemisphere	M001	1.9831965965119372e-05	1.2527850968096352	1.2527850968096352	1	0	0	1	coupled	0.6651871655926471	0.5995357179634332	cerebellar_hemisphere	M001		0.9590204469169202	0.7800010984672611	1.179126823554509	1.2527850968096352	1.9831965965119372e-05	0.9291229011287565	False	False						False	False	False	WIPI2
1421	ENSG00000068831	1	cerebellar_hemisphere	M001	1.9831965965119372e-05	1.2527850968096352	1.2527850968096352	1	0	0	1	coupled	0.6651871655926471	0.5987671838010715	cerebellar_hemisphere	M001		0.9590204469169202	0.7800010984672611	1.179126823554509	1.2527850968096352	1.9831965965119372e-05	0.9291229011287565	False	False						False	False	False	RASGRP2
1422	ENSG00000039523	1	cerebellar_hemisphere	M001	1.9831965965119372e-05	1.2527850968096352	1.2527850968096352	1	0	0	1	coupled	0.6651871655926471	0.5977437300872808	cerebellar_hemisphere	M001		0.9590204469169202	0.7800010984672611	1.179126823554509	1.2527850968096352	1.9831965965119372e-05	0.9291229011287565	False	False						False	False	False	RIPOR1
1423	ENSG00000134453	1	cerebellar_hemisphere	M001	1.9831965965119372e-05	1.2527850968096352	1.2527850968096352	1	0	0	1	coupled	0.6651871655926471	0.5955875889973927	cerebellar_hemisphere	M001		0.9590204469169202	0.7800010984672611	1.179126823554509	1.2527850968096352	1.9831965965119372e-05	0.9291229011287565	False	False						False	False	False	RBM17
1424	ENSG00000165269	1	cerebellar_hemisphere	M001	1.9831965965119372e-05	1.2527850968096352	1.2527850968096352	1	0	0	1	coupled	0.6651871655926471	0.5933354088452508	cerebellar_hemisphere	M001		0.9590204469169202	0.7800010984672611	1.179126823554509	1.2527850968096352	1.9831965965119372e-05	0.9291229011287565	False	False						False	False	False	AQP7
1425	ENSG00000113140	1	cerebellar_hemisphere	M001	1.9831965965119372e-05	1.2527850968096352	1.2527850968096352	1	0	0	1	switch_only	0.6651871655926471	0.5919905621378183	cerebellar_hemisphere	M001		0.9590204469169202	0.7800010984672611	1.179126823554509	1.2527850968096352	1.9831965965119372e-05	0.9291229011287565	False	False						False	False	False	SPARC
1426	ENSG00000104825	1	cerebellar_hemisphere	M001	1.9831965965119372e-05	1.2527850968096352	1.2527850968096352	1	0	0	1	coupled	0.6651871655926471	0.5901853398462257	cerebellar_hemisphere	M001		0.9590204469169202	0.7800010984672611	1.179126823554509	1.2527850968096352	1.9831965965119372e-05	0.9291229011287565	False	False						False	False	False	NFKBIB
1427	ENSG00000130347	1	cerebellar_hemisphere	M001	1.9831965965119372e-05	1.2527850968096352	1.2527850968096352	1	0	0	1	coupled	0.6651871655926471	0.5889713380642296	cerebellar_hemisphere	M001		0.9590204469169202	0.7800010984672611	1.179126823554509	1.2527850968096352	1.9831965965119372e-05	0.9291229011287565	False	False						False	False	False	RTN4IP1
1428	ENSG00000161671	1	cerebellar_hemisphere	M001	1.9831965965119372e-05	1.2527850968096352	1.2527850968096352	1	0	0	1	coupled	0.6651871655926471	0.5883993575560705	cerebellar_hemisphere	M001		0.9590204469169202	0.7800010984672611	1.179126823554509	1.2527850968096352	1.9831965965119372e-05	0.9291229011287565	False	False						False	False	False	EMC10
1429	ENSG00000204628	1	cerebellar_hemisphere	M001	1.9831965965119372e-05	1.2527850968096352	1.2527850968096352	1	0	0	1	coupled	0.6651871655926471	0.5875171654524534	cerebellar_hemisphere	M001		0.9590204469169202	0.7800010984672611	1.179126823554509	1.2527850968096352	1.9831965965119372e-05	0.9291229011287565	False	False						False	False	False	RACK1
1430	ENSG00000187609	1	cerebellar_hemisphere	M001	1.9831965965119372e-05	1.2527850968096352	1.2527850968096352	1	0	0	1	coupled	0.6651871655926471	0.5872854984036296	cerebellar_hemisphere	M001		0.9590204469169202	0.7800010984672611	1.179126823554509	1.2527850968096352	1.9831965965119372e-05	0.9291229011287565	False	False						False	False	False	EXD3
1431	ENSG00000120727	1	cerebellar_hemisphere	M001	1.9831965965119372e-05	1.2527850968096352	1.2527850968096352	1	0	0	1	coupled	0.6651871655926471	0.58612030815916	cerebellar_hemisphere	M001		0.9590204469169202	0.7800010984672611	1.179126823554509	1.2527850968096352	1.9831965965119372e-05	0.9291229011287565	False	False						False	False	False	PAIP2
1432	ENSG00000175348	1	cerebellar_hemisphere	M001	1.9831965965119372e-05	1.2527850968096352	1.2527850968096352	1	0	0	1	coupled	0.6651871655926471	0.5830874786305443	cerebellar_hemisphere	M001		0.9590204469169202	0.7800010984672611	1.179126823554509	1.2527850968096352	1.9831965965119372e-05	0.9291229011287565	False	False						False	False	False	TMEM9B
1433	ENSG00000099797	1	cerebellar_hemisphere	M001	1.9831965965119372e-05	1.2527850968096352	1.2527850968096352	1	0	0	1	discordant	0.6651871655926471	0.579210184043659	cerebellar_hemisphere	M001		0.9590204469169202	0.7800010984672611	1.179126823554509	1.2527850968096352	1.9831965965119372e-05	0.9291229011287565	False	False						False	False	False	TECR
1434	ENSG00000130558	1	cerebellar_hemisphere	M001	1.9831965965119372e-05	1.2527850968096352	1.2527850968096352	1	0	0	1	coupled	0.6651871655926471	0.5787429370885336	cerebellar_hemisphere	M001		0.9590204469169202	0.7800010984672611	1.179126823554509	1.2527850968096352	1.9831965965119372e-05	0.9291229011287565	False	False						False	False	False	OLFM1
1435	ENSG00000184178	1	cerebellar_hemisphere	M001	1.9831965965119372e-05	1.2527850968096352	1.2527850968096352	1	0	0	1	coupled	0.6651871655926471	0.5769967775825794	cerebellar_hemisphere	M001		0.9590204469169202	0.7800010984672611	1.179126823554509	1.2527850968096352	1.9831965965119372e-05	0.9291229011287565	False	False						False	False	False	SCFD2
1436	ENSG00000172530	1	cerebellar_hemisphere	M001	1.9831965965119372e-05	1.2527850968096352	1.2527850968096352	1	0	0	1	coupled	0.6651871655926471	0.5755099284911864	cerebellar_hemisphere	M001		0.9590204469169202	0.7800010984672611	1.179126823554509	1.2527850968096352	1.9831965965119372e-05	0.9291229011287565	False	False						False	False	False	BANP
1437	ENSG00000110047	1	cerebellar_hemisphere	M001	1.9831965965119372e-05	1.2527850968096352	1.2527850968096352	1	0	0	1	discordant	0.6651871655926471	0.5753390329140664	cerebellar_hemisphere	M001		0.9590204469169202	0.7800010984672611	1.179126823554509	1.2527850968096352	1.9831965965119372e-05	0.9291229011287565	False	False						False	False	False	EHD1
1438	ENSG00000013275	1	cerebellar_hemisphere	M001	1.9831965965119372e-05	1.2527850968096352	1.2527850968096352	1	0	0	1	coupled	0.6651871655926471	0.574215164655539	cerebellar_hemisphere	M001		0.9590204469169202	0.7800010984672611	1.179126823554509	1.2527850968096352	1.9831965965119372e-05	0.9291229011287565	False	False						False	False	False	PSMC4
1439	ENSG00000113368	1	cerebellar_hemisphere	M001	1.9831965965119372e-05	1.2527850968096352	1.2527850968096352	1	0	0	1	coupled	0.6651871655926471	0.5723659971445999	cerebellar_hemisphere	M001		0.9590204469169202	0.7800010984672611	1.179126823554509	1.2527850968096352	1.9831965965119372e-05	0.9291229011287565	False	False						False	False	False	LMNB1
1440	ENSG00000132376	1	cerebellar_hemisphere	M001	1.9831965965119372e-05	1.2527850968096352	1.2527850968096352	1	0	0	1	discordant	0.6651871655926471	0.5679937675689173	cerebellar_hemisphere	M001		0.9590204469169202	0.7800010984672611	1.179126823554509	1.2527850968096352	1.9831965965119372e-05	0.9291229011287565	False	False						False	False	False	INPP5K
1441	ENSG00000204839	1	cerebellar_hemisphere	M001	1.9831965965119372e-05	1.2527850968096352	1.2527850968096352	1	0	0	1	switch_only	0.6651871655926471	0.5656055982021823	cerebellar_hemisphere	M001		0.9590204469169202	0.7800010984672611	1.179126823554509	1.2527850968096352	1.9831965965119372e-05	0.9291229011287565	False	False						False	False	False	MROH6
1442	ENSG00000148719	1	cerebellar_hemisphere	M001	1.9831965965119372e-05	1.2527850968096352	1.2527850968096352	1	0	0	1	coupled	0.6651871655926471	0.5590929740157167	cerebellar_hemisphere	M001		0.9590204469169202	0.7800010984672611	1.179126823554509	1.2527850968096352	1.9831965965119372e-05	0.9291229011287565	False	False						False	False	False	DNAJB12
1443	ENSG00000187514	1	cerebellar_hemisphere	M001	1.9831965965119372e-05	1.2527850968096352	1.2527850968096352	1	0	0	1	coupled	0.6651871655926471	0.5538466697228598	cerebellar_hemisphere	M001		0.9590204469169202	0.7800010984672611	1.179126823554509	1.2527850968096352	1.9831965965119372e-05	0.9291229011287565	False	False						False	False	False	PTMA
1444	ENSG00000291300	1	cerebellar_hemisphere	M001	1.9831965965119372e-05	1.2527850968096352	1.2527850968096352	1	0	0	1	coupled	0.6651871655926471	0.5475054508589414	cerebellar_hemisphere	M001		0.9590204469169202	0.7800010984672611	1.179126823554509	1.2527850968096352	1.9831965965119372e-05	0.9291229011287565	False	False						False	False	False	PRSS30P
1445	ENSG00000124181	1	cerebellar_hemisphere	M001	1.9831965965119372e-05	1.2527850968096352	1.2527850968096352	1	0	0	1	coupled	0.6651871655926471	0.5410201687660477	cerebellar_hemisphere	M001		0.9590204469169202	0.7800010984672611	1.179126823554509	1.2527850968096352	1.9831965965119372e-05	0.9291229011287565	False	False						False	False	False	PLCG1
1446	ENSG00000164081	1	cerebellar_hemisphere	M001	1.9831965965119372e-05	1.2527850968096352	1.2527850968096352	1	0	0	1	discordant	0.6651871655926471	0.5391736293572732	cerebellar_hemisphere	M001		0.9590204469169202	0.7800010984672611	1.179126823554509	1.2527850968096352	1.9831965965119372e-05	0.9291229011287565	False	False						False	False	False	TEX264
1447	ENSG00000128159	1	cerebellar_hemisphere	M001	1.9831965965119372e-05	1.2527850968096352	1.2527850968096352	1	0	0	1	coupled	0.6651871655926471	0.5385560323469167	cerebellar_hemisphere	M001		0.9590204469169202	0.7800010984672611	1.179126823554509	1.2527850968096352	1.9831965965119372e-05	0.9291229011287565	False	False						False	False	False	TUBGCP6
1448	ENSG00000128335	1	cerebellar_hemisphere	M001	1.9831965965119372e-05	1.2527850968096352	1.2527850968096352	1	0	0	1	coupled	0.6651871655926471	0.535279188826871	cerebellar_hemisphere	M001		0.9590204469169202	0.7800010984672611	1.179126823554509	1.2527850968096352	1.9831965965119372e-05	0.9291229011287565	False	False						False	False	False	APOL2
1449	ENSG00000120896	1	cerebellar_hemisphere	M001	1.9831965965119372e-05	1.2527850968096352	1.2527850968096352	1	0	0	1	switch_only	0.6651871655926471	0.5321702828146628	cerebellar_hemisphere	M001		0.9590204469169202	0.7800010984672611	1.179126823554509	1.2527850968096352	1.9831965965119372e-05	0.9291229011287565	False	False						False	False	False	SORBS3
1450	ENSG00000175274	1	cerebellar_hemisphere	M001	1.9831965965119372e-05	1.2527850968096352	1.2527850968096352	1	0	0	1	coupled	0.6651871655926471	0.5301416000626523	cerebellar_hemisphere	M001		0.9590204469169202	0.7800010984672611	1.179126823554509	1.2527850968096352	1.9831965965119372e-05	0.9291229011287565	False	False						False	False	False	TP53I11
1451	ENSG00000167588	1	cerebellar_hemisphere	M001	1.9831965965119372e-05	1.2527850968096352	1.2527850968096352	1	0	0	1	coupled	0.6651871655926471	0.5073891818940286	cerebellar_hemisphere	M001		0.9590204469169202	0.7800010984672611	1.179126823554509	1.2527850968096352	1.9831965965119372e-05	0.9291229011287565	False	False						False	False	False	GPD1
1452	ENSG00000144152	1	cerebellar_hemisphere	M001	1.9831965965119372e-05	1.2527850968096352	1.2527850968096352	1	0	0	1	coupled	0.6651871655926471	0.5043349350273897	cerebellar_hemisphere	M001		0.9590204469169202	0.7800010984672611	1.179126823554509	1.2527850968096352	1.9831965965119372e-05	0.9291229011287565	False	False						False	False	False	FBLN7
1453	ENSG00000143947	1	cerebellar_hemisphere	M001	1.9831965965119372e-05	1.2527850968096352	1.2527850968096352	1	0	0	1	coupled	0.6651871655926471	0.5025066666338958	cerebellar_hemisphere	M001		0.9590204469169202	0.7800010984672611	1.179126823554509	1.2527850968096352	1.9831965965119372e-05	0.9291229011287565	False	False						False	False	False	RPS27A
1454	ENSG00000182325	1	cerebellar_hemisphere	M001	1.9831965965119372e-05	1.2527850968096352	1.2527850968096352	1	0	0	1	coupled	0.6651871655926471	0.5022022004420402	cerebellar_hemisphere	M001		0.9590204469169202	0.7800010984672611	1.179126823554509	1.2527850968096352	1.9831965965119372e-05	0.9291229011287565	False	False						False	False	False	FBXL6
1455	ENSG00000100906	1	cerebellar_hemisphere	M001	1.9831965965119372e-05	1.2527850968096352	1.2527850968096352	1	0	0	1	switch_only	0.6651871655926471	0.49518561914307185	cerebellar_hemisphere	M001		0.9590204469169202	0.7800010984672611	1.179126823554509	1.2527850968096352	1.9831965965119372e-05	0.9291229011287565	False	False						False	False	False	NFKBIA
1456	ENSG00000105373	1	cerebellar_hemisphere	M001	1.9831965965119372e-05	1.2527850968096352	1.2527850968096352	1	0	0	1	coupled	0.6651871655926471	0.48983357283135204	cerebellar_hemisphere	M001		0.9590204469169202	0.7800010984672611	1.179126823554509	1.2527850968096352	1.9831965965119372e-05	0.9291229011287565	False	False						False	False	False	NOP53
1457	ENSG00000114019	1	cerebellar_hemisphere	M001	1.9831965965119372e-05	1.2527850968096352	1.2527850968096352	1	0	0	1	coupled	0.6651871655926471	0.48373396208337005	cerebellar_hemisphere	M001		0.9590204469169202	0.7800010984672611	1.179126823554509	1.2527850968096352	1.9831965965119372e-05	0.9291229011287565	False	False						False	False	False	AMOTL2
1458	ENSG00000292982	1	cerebellar_hemisphere	M001	1.9831965965119372e-05	1.2527850968096352	1.2527850968096352	1	0	0	1	coupled	0.6651871655926471	0.4828522045234811	cerebellar_hemisphere	M001		0.9590204469169202	0.7800010984672611	1.179126823554509	1.2527850968096352	1.9831965965119372e-05	0.9291229011287565	False	False						False	False	False	WASH5P
1459	ENSG00000273706	1	cerebellar_hemisphere	M001	1.9831965965119372e-05	1.2527850968096352	1.2527850968096352	1	0	0	1	coupled	0.6651871655926471	0.48039579279338734	cerebellar_hemisphere	M001		0.9590204469169202	0.7800010984672611	1.179126823554509	1.2527850968096352	1.9831965965119372e-05	0.9291229011287565	False	False						False	False	False	LHX1
1460	ENSG00000130783	1	cerebellar_hemisphere	M001	1.9831965965119372e-05	1.2527850968096352	1.2527850968096352	1	0	0	1	discordant	0.6651871655926471	0.4736415831911819	cerebellar_hemisphere	M001		0.9590204469169202	0.7800010984672611	1.179126823554509	1.2527850968096352	1.9831965965119372e-05	0.9291229011287565	False	False						False	False	False	CCDC62
1461	ENSG00000073803	1	cerebellar_hemisphere	M001	1.9831965965119372e-05	1.2527850968096352	1.2527850968096352	1	0	0	1	coupled	0.6651871655926471	0.46734309100120114	cerebellar_hemisphere	M001		0.9590204469169202	0.7800010984672611	1.179126823554509	1.2527850968096352	1.9831965965119372e-05	0.9291229011287565	False	False						False	False	False	MAP3K13
1462	ENSG00000126903	1	cerebellar_hemisphere	M001	1.9831965965119372e-05	1.2527850968096352	1.2527850968096352	1	0	0	1	discordant	0.6651871655926471	0.4659614897087443	cerebellar_hemisphere	M001		0.9590204469169202	0.7800010984672611	1.179126823554509	1.2527850968096352	1.9831965965119372e-05	0.9291229011287565	False	False						False	False	False	SLC10A3
1463	ENSG00000225465	1	cerebellar_hemisphere	M001	1.9831965965119372e-05	1.2527850968096352	1.2527850968096352	1	0	0	1	coupled	0.6651871655926471	0.4644104235451326	cerebellar_hemisphere	M001		0.9590204469169202	0.7800010984672611	1.179126823554509	1.2527850968096352	1.9831965965119372e-05	0.9291229011287565	False	False						False	False	False	RFPL1S
1464	ENSG00000214706	1	cerebellar_hemisphere	M001	1.9831965965119372e-05	1.2527850968096352	1.2527850968096352	1	0	0	1	coupled	0.6651871655926471	0.4625276985790179	cerebellar_hemisphere	M001		0.9590204469169202	0.7800010984672611	1.179126823554509	1.2527850968096352	1.9831965965119372e-05	0.9291229011287565	False	False						False	False	False	IFRD2
1465	ENSG00000100567	1	cerebellar_hemisphere	M001	1.9831965965119372e-05	1.2527850968096352	1.2527850968096352	1	0	0	1	coupled	0.6651871655926471	0.4602378838362617	cerebellar_hemisphere	M001		0.9590204469169202	0.7800010984672611	1.179126823554509	1.2527850968096352	1.9831965965119372e-05	0.9291229011287565	False	False						False	False	False	PSMA3
1466	ENSG00000104946	1	cerebellar_hemisphere	M001	1.9831965965119372e-05	1.2527850968096352	1.2527850968096352	1	0	0	1	coupled	0.6651871655926471	0.4589028545417825	cerebellar_hemisphere	M001		0.9590204469169202	0.7800010984672611	1.179126823554509	1.2527850968096352	1.9831965965119372e-05	0.9291229011287565	False	False						False	False	False	TBC1D17
1467	ENSG00000100353	1	cerebellar_hemisphere	M001	1.9831965965119372e-05	1.2527850968096352	1.2527850968096352	1	0	0	1	coupled	0.6651871655926471	0.44981310859880536	cerebellar_hemisphere	M001		0.9590204469169202	0.7800010984672611	1.179126823554509	1.2527850968096352	1.9831965965119372e-05	0.9291229011287565	False	False						False	False	False	EIF3D
1468	ENSG00000068654	1	cerebellar_hemisphere	M001	1.9831965965119372e-05	1.2527850968096352	1.2527850968096352	1	0	0	1	coupled	0.6651871655926471	0.4455834671587116	cerebellar_hemisphere	M001		0.9590204469169202	0.7800010984672611	1.179126823554509	1.2527850968096352	1.9831965965119372e-05	0.9291229011287565	False	False						False	False	False	POLR1A
1469	ENSG00000065054	1	cerebellar_hemisphere	M001	1.9831965965119372e-05	1.2527850968096352	1.2527850968096352	1	0	0	1	switch_only	0.6651871655926471	0.44117183428960083	cerebellar_hemisphere	M001		0.9590204469169202	0.7800010984672611	1.179126823554509	1.2527850968096352	1.9831965965119372e-05	0.9291229011287565	False	False						False	False	False	NHERF2
1470	ENSG00000177410	1	cerebellar_hemisphere	M001	1.9831965965119372e-05	1.2527850968096352	1.2527850968096352	1	0	0	1	coupled	0.6651871655926471	0.43724021226602783	cerebellar_hemisphere	M001		0.9590204469169202	0.7800010984672611	1.179126823554509	1.2527850968096352	1.9831965965119372e-05	0.9291229011287565	False	False						False	False	False	ZFAS1
1471	ENSG00000173581	1	cerebellar_hemisphere	M001	1.9831965965119372e-05	1.2527850968096352	1.2527850968096352	1	0	0	1	coupled	0.6651871655926471	0.4287483303632244	cerebellar_hemisphere	M001		0.9590204469169202	0.7800010984672611	1.179126823554509	1.2527850968096352	1.9831965965119372e-05	0.9291229011287565	False	False						False	False	False	CCDC106
1472	ENSG00000156587	1	cerebellar_hemisphere	M001	1.9831965965119372e-05	1.2527850968096352	1.2527850968096352	1	0	0	1	coupled	0.6651871655926471	0.42472080297854686	cerebellar_hemisphere	M001		0.9590204469169202	0.7800010984672611	1.179126823554509	1.2527850968096352	1.9831965965119372e-05	0.9291229011287565	False	False						False	False	False	UBE2L6
1473	ENSG00000102678	1	cerebellar_hemisphere	M001	1.9831965965119372e-05	1.2527850968096352	1.2527850968096352	1	0	0	1	discordant	0.6651871655926471	0.4233350139721831	cerebellar_hemisphere	M001		0.9590204469169202	0.7800010984672611	1.179126823554509	1.2527850968096352	1.9831965965119372e-05	0.9291229011287565	False	False						False	False	False	FGF9
1474	ENSG00000104880	1	cerebellar_hemisphere	M001	1.9831965965119372e-05	1.2527850968096352	1.2527850968096352	1	0	0	1	coupled	0.6651871655926471	0.4218279017581623	cerebellar_hemisphere	M001		0.9590204469169202	0.7800010984672611	1.179126823554509	1.2527850968096352	1.9831965965119372e-05	0.9291229011287565	False	False						False	False	False	ARHGEF18
1475	ENSG00000137312	1	cerebellar_hemisphere	M001	1.9831965965119372e-05	1.2527850968096352	1.2527850968096352	1	0	0	1	coupled	0.6651871655926471	0.4189006343906664	cerebellar_hemisphere	M001		0.9590204469169202	0.7800010984672611	1.179126823554509	1.2527850968096352	1.9831965965119372e-05	0.9291229011287565	False	False						False	False	False	FLOT1
1476	ENSG00000112852	1	cerebellar_hemisphere	M001	1.9831965965119372e-05	1.2527850968096352	1.2527850968096352	1	0	0	1	coupled	0.6651871655926471	0.41834052604244026	cerebellar_hemisphere	M001		0.9590204469169202	0.7800010984672611	1.179126823554509	1.2527850968096352	1.9831965965119372e-05	0.9291229011287565	False	False						False	False	False	PCDHB2
1477	ENSG00000116670	1	cerebellar_hemisphere	M001	1.9831965965119372e-05	1.2527850968096352	1.2527850968096352	1	0	0	1	coupled	0.6651871655926471	0.4166179926779956	cerebellar_hemisphere	M001		0.9590204469169202	0.7800010984672611	1.179126823554509	1.2527850968096352	1.9831965965119372e-05	0.9291229011287565	False	False						False	False	False	MAD2L2
1478	ENSG00000103496	1	cerebellar_hemisphere	M001	1.9831965965119372e-05	1.2527850968096352	1.2527850968096352	1	0	0	1	discordant	0.6651871655926471	0.41362316825745404	cerebellar_hemisphere	M001		0.9590204469169202	0.7800010984672611	1.179126823554509	1.2527850968096352	1.9831965965119372e-05	0.9291229011287565	False	False						False	False	False	STX4
1479	ENSG00000126456	1	cerebellar_hemisphere	M001	1.9831965965119372e-05	1.2527850968096352	1.2527850968096352	1	0	0	1	coupled	0.6651871655926471	0.40554988001970504	cerebellar_hemisphere	M001		0.9590204469169202	0.7800010984672611	1.179126823554509	1.2527850968096352	1.9831965965119372e-05	0.9291229011287565	False	False						False	False	False	IRF3
1480	ENSG00000100348	1	cerebellar_hemisphere	M001	1.9831965965119372e-05	1.2527850968096352	1.2527850968096352	1	0	0	1	discordant	0.6651871655926471	0.40063614232660516	cerebellar_hemisphere	M001		0.9590204469169202	0.7800010984672611	1.179126823554509	1.2527850968096352	1.9831965965119372e-05	0.9291229011287565	False	False						False	False	False	TXN2
1481	ENSG00000274349	1	cerebellar_hemisphere	M001	1.9831965965119372e-05	1.2527850968096352	1.2527850968096352	1	0	0	1	coupled	0.6651871655926471	0.36600177693738284	cerebellar_hemisphere	M001		0.9590204469169202	0.7800010984672611	1.179126823554509	1.2527850968096352	1.9831965965119372e-05	0.9291229011287565	False	False						False	False	False	ZNF658
1482	ENSG00000174171	1	cerebellar_hemisphere	M001	1.9831965965119372e-05	1.2527850968096352	1.2527850968096352	1	0	0	1	switch_only	0.6651871655926471	0.3639103249972028	cerebellar_hemisphere	M001		0.9590204469169202	0.7800010984672611	1.179126823554509	1.2527850968096352	1.9831965965119372e-05	0.9291229011287565	False	False						False	False	False	ENSG00000174171
1483	ENSG00000204370	1	cerebellar_hemisphere	M001	1.9831965965119372e-05	1.2527850968096352	1.2527850968096352	1	0	0	1	discordant	0.6651871655926471	0.3607843535635435	cerebellar_hemisphere	M001		0.9590204469169202	0.7800010984672611	1.179126823554509	1.2527850968096352	1.9831965965119372e-05	0.9291229011287565	False	False						False	False	False	SDHD
1484	ENSG00000107815	1	cerebellar_hemisphere	M001	1.9831965965119372e-05	1.2527850968096352	1.2527850968096352	1	0	0	1	discordant	0.6651871655926471	0.34632172437172337	cerebellar_hemisphere	M001		0.9590204469169202	0.7800010984672611	1.179126823554509	1.2527850968096352	1.9831965965119372e-05	0.9291229011287565	False	False						False	False	False	TWNK
1485	ENSG00000131652	1	cerebellar_hemisphere	M001	1.9831965965119372e-05	1.2527850968096352	1.2527850968096352	1	0	0	1	coupled	0.6651871655926471	0.34046905422856427	cerebellar_hemisphere	M001		0.9590204469169202	0.7800010984672611	1.179126823554509	1.2527850968096352	1.9831965965119372e-05	0.9291229011287565	False	False						False	False	False	THOC6
1486	ENSG00000186716	1	cerebellar_hemisphere	M001	1.9831965965119372e-05	1.2527850968096352	1.2527850968096352	1	0	0	1	discordant	0.6651871655926471	0.3394295087221951	cerebellar_hemisphere	M001		0.9590204469169202	0.7800010984672611	1.179126823554509	1.2527850968096352	1.9831965965119372e-05	0.9291229011287565	False	False						False	False	False	BCR
1487	ENSG00000070010	1	cerebellar_hemisphere	M001	1.9831965965119372e-05	1.2527850968096352	1.2527850968096352	1	0	0	1	coupled	0.6651871655926471	0.3348393379369902	cerebellar_hemisphere	M001		0.9590204469169202	0.7800010984672611	1.179126823554509	1.2527850968096352	1.9831965965119372e-05	0.9291229011287565	False	False						False	False	False	UFD1
1488	ENSG00000242498	1	cerebellar_hemisphere	M001	1.9831965965119372e-05	1.2527850968096352	1.2527850968096352	1	0	0	1	discordant	0.6651871655926471	0.32198889925489965	cerebellar_hemisphere	M001		0.9590204469169202	0.7800010984672611	1.179126823554509	1.2527850968096352	1.9831965965119372e-05	0.9291229011287565	False	False						False	False	False	ARPIN
1489	ENSG00000196646	1	cerebellar_hemisphere	M001	1.9831965965119372e-05	1.2527850968096352	1.2527850968096352	1	0	0	1	discordant	0.6651871655926471	0.30036383510532444	cerebellar_hemisphere	M001		0.9590204469169202	0.7800010984672611	1.179126823554509	1.2527850968096352	1.9831965965119372e-05	0.9291229011287565	False	False						False	False	False	ZNF136
1490	ENSG00000149357	1	cerebellar_hemisphere	M001	1.9831965965119372e-05	1.2527850968096352	1.2527850968096352	1	0	0	1	discordant	0.6651871655926471	0.2808752970132113	cerebellar_hemisphere	M001		0.9590204469169202	0.7800010984672611	1.179126823554509	1.2527850968096352	1.9831965965119372e-05	0.9291229011287565	False	False						False	False	False	LAMTOR1
1491	ENSG00000072786	1	cerebellar_hemisphere	M001	1.9831965965119372e-05	1.2527850968096352	1.2527850968096352	1	0	0	1	coupled	0.6651871655926471	0.26086076721049295	cerebellar_hemisphere	M001		0.9590204469169202	0.7800010984672611	1.179126823554509	1.2527850968096352	1.9831965965119372e-05	0.9291229011287565	False	False						False	False	False	STK10
1492	ENSG00000165912	1	cerebellar_hemisphere	M001	1.9831965965119372e-05	1.2527850968096352	1.2527850968096352	1	0	0	1	coupled	0.6651871655926471	0.24492045472217713	cerebellar_hemisphere	M001		0.9590204469169202	0.7800010984672611	1.179126823554509	1.2527850968096352	1.9831965965119372e-05	0.9291229011287565	False	False						False	False	False	PACSIN3
1493	ENSG00000177989	1	cerebellar_hemisphere	M001	1.9831965965119372e-05	1.2527850968096352	1.2527850968096352	1	0	0	1	discordant	0.6651871655926471	0.24314037101139147	cerebellar_hemisphere	M001		0.9590204469169202	0.7800010984672611	1.179126823554509	1.2527850968096352	1.9831965965119372e-05	0.9291229011287565	False	False						False	False	False	CIMAP1B
1494	ENSG00000138606	1	cerebellar_hemisphere	M001	1.9831965965119372e-05	1.2527850968096352	1.2527850968096352	1	0	0	1	discordant	0.6651871655926471	0.23992115921261345	cerebellar_hemisphere	M001		0.9590204469169202	0.7800010984672611	1.179126823554509	1.2527850968096352	1.9831965965119372e-05	0.9291229011287565	False	False						False	False	False	SHF
1495	ENSG00000304309	1	cerebellar_hemisphere	M001	1.9831965965119372e-05	1.2527850968096352	1.2527850968096352	1	0	0	1	coupled	0.6651871655926471	0.22540733292933043	cerebellar_hemisphere	M001		0.9590204469169202	0.7800010984672611	1.179126823554509	1.2527850968096352	1.9831965965119372e-05	0.9291229011287565	False	False						False	False	False	ENSG00000304309
1496	ENSG00000134201	1	cerebellar_hemisphere	M001	1.9831965965119372e-05	1.2527850968096352	1.2527850968096352	1	0	0	0	inactive	0.6651871655926471	0.0753953993749781	cerebellar_hemisphere	M001		0.9590204469169202	0.7800010984672611	1.179126823554509	1.2527850968096352	1.9831965965119372e-05	0.9291229011287565	False	False						False	False	False	GSTM5
1497	ENSG00000102878	1	cerebellar_hemisphere	M013	0.00883834983271091	1.631934306569343	1.631934306569343	0	0	0	1	discordant	0.7321317529230074	0.8427972749517694	cerebellar_hemisphere	M013	vitamin B6 metabolic process	0.6819970077051142	0.4003019067249714	1.1619228155170682	1.631934306569343	0.00883834983271091	0.6285707037203483	False	False						False	False	False	HSF4
1498	ENSG00000186895	1	cerebellar_hemisphere	M013	0.00883834983271091	1.631934306569343	1.631934306569343	0	0	0	1	coupled	0.7321317529230074	0.7529722723403237	cerebellar_hemisphere	M013	vitamin B6 metabolic process	0.6819970077051142	0.4003019067249714	1.1619228155170682	1.631934306569343	0.00883834983271091	0.6285707037203483	False	False						False	False	False	FGF3
1499	ENSG00000129911	1	cerebellar_hemisphere	M013	0.00883834983271091	1.631934306569343	1.631934306569343	0	0	0	1	coupled	0.7321317529230074	0.750898095021932	cerebellar_hemisphere	M013	vitamin B6 metabolic process	0.6819970077051142	0.4003019067249714	1.1619228155170682	1.631934306569343	0.00883834983271091	0.6285707037203483	False	False						False	False	False	KLF16
1500	ENSG00000184702	1	cerebellar_hemisphere	M013	0.00883834983271091	1.631934306569343	1.631934306569343	0	0	0	1	discordant	0.7321317529230074	0.7034292917582281	cerebellar_hemisphere	M013	vitamin B6 metabolic process	0.6819970077051142	0.4003019067249714	1.1619228155170682	1.631934306569343	0.00883834983271091	0.6285707037203483	False	False						False	False	False	SEPTIN5
1501	ENSG00000235314	1	cerebellar_hemisphere	M013	0.00883834983271091	1.631934306569343	1.631934306569343	0	0	0	1	coupled	0.7321317529230074	0.6257298488290115	cerebellar_hemisphere	M013	vitamin B6 metabolic process	0.6819970077051142	0.4003019067249714	1.1619228155170682	1.631934306569343	0.00883834983271091	0.6285707037203483	False	False						False	False	False	LINC00957
1502	ENSG00000184887	1	cerebellar_hemisphere	M013	0.00883834983271091	1.631934306569343	1.631934306569343	0	0	0	1	discordant	0.7321317529230074	0.6190735538876048	cerebellar_hemisphere	M013	vitamin B6 metabolic process	0.6819970077051142	0.4003019067249714	1.1619228155170682	1.631934306569343	0.00883834983271091	0.6285707037203483	False	False						False	False	False	BTBD6
1503	ENSG00000063015	1	cerebellar_hemisphere	M013	0.00883834983271091	1.631934306569343	1.631934306569343	0	0	0	1	coupled	0.7321317529230074	0.5779495267085247	cerebellar_hemisphere	M013	vitamin B6 metabolic process	0.6819970077051142	0.4003019067249714	1.1619228155170682	1.631934306569343	0.00883834983271091	0.6285707037203483	False	False						False	False	False	SEZ6
1504	ENSG00000160094	1	cerebellar_hemisphere	M013	0.00883834983271091	1.631934306569343	1.631934306569343	0	0	0	1	discordant	0.7321317529230074	0.558209307970963	cerebellar_hemisphere	M013	vitamin B6 metabolic process	0.6819970077051142	0.4003019067249714	1.1619228155170682	1.631934306569343	0.00883834983271091	0.6285707037203483	False	False						False	False	False	ZNF362
1505	ENSG00000185250	1	cerebellar_hemisphere	M013	0.00883834983271091	1.631934306569343	1.631934306569343	0	0	0	1	coupled	0.7321317529230074	0.534209780921804	cerebellar_hemisphere	M013	vitamin B6 metabolic process	0.6819970077051142	0.4003019067249714	1.1619228155170682	1.631934306569343	0.00883834983271091	0.6285707037203483	False	False						False	False	False	PPIL6
1506	ENSG00000255108	1	cerebellar_hemisphere	M013	0.00883834983271091	1.631934306569343	1.631934306569343	0	0	0	1	discordant	0.7321317529230074	0.5312178361322367	cerebellar_hemisphere	M013	vitamin B6 metabolic process	0.6819970077051142	0.4003019067249714	1.1619228155170682	1.631934306569343	0.00883834983271091	0.6285707037203483	False	False						False	False	False	ENSG00000255108
1507	ENSG00000160957	1	cerebellar_hemisphere	M013	0.00883834983271091	1.631934306569343	1.631934306569343	0	0	0	1	coupled	0.7321317529230074	0.5165062944368819	cerebellar_hemisphere	M013	vitamin B6 metabolic process	0.6819970077051142	0.4003019067249714	1.1619228155170682	1.631934306569343	0.00883834983271091	0.6285707037203483	False	False						False	False	False	RECQL4
1508	ENSG00000196421	1	cerebellar_hemisphere	M013	0.00883834983271091	1.631934306569343	1.631934306569343	0	0	0	1	discordant	0.7321317529230074	0.4761675715082814	cerebellar_hemisphere	M013	vitamin B6 metabolic process	0.6819970077051142	0.4003019067249714	1.1619228155170682	1.631934306569343	0.00883834983271091	0.6285707037203483	False	False						False	False	False	C20orf204
1509	ENSG00000120742	1	cerebellar_hemisphere	M013	0.00883834983271091	1.631934306569343	1.631934306569343	0	0	0	1	discordant	0.7321317529230074	0.4737193438245135	cerebellar_hemisphere	M013	vitamin B6 metabolic process	0.6819970077051142	0.4003019067249714	1.1619228155170682	1.631934306569343	0.00883834983271091	0.6285707037203483	False	False						False	False	False	SERP1
1510	ENSG00000263327	1	cerebellar_hemisphere	M013	0.00883834983271091	1.631934306569343	1.631934306569343	0	0	0	1	discordant	0.7321317529230074	0.463509734881731	cerebellar_hemisphere	M013	vitamin B6 metabolic process	0.6819970077051142	0.4003019067249714	1.1619228155170682	1.631934306569343	0.00883834983271091	0.6285707037203483	False	False						False	False	False	TAPT1-AS1
1511	ENSG00000108106	1	cerebellar_hemisphere	M013	0.00883834983271091	1.631934306569343	1.631934306569343	0	0	0	1	coupled	0.7321317529230074	0.4538081258637702	cerebellar_hemisphere	M013	vitamin B6 metabolic process	0.6819970077051142	0.4003019067249714	1.1619228155170682	1.631934306569343	0.00883834983271091	0.6285707037203483	False	False						False	False	False	UBE2S
1512	ENSG00000167641	1	cerebellar_hemisphere	M013	0.00883834983271091	1.631934306569343	1.631934306569343	0	0	0	1	switch_only	0.7321317529230074	0.4428026852049469	cerebellar_hemisphere	M013	vitamin B6 metabolic process	0.6819970077051142	0.4003019067249714	1.1619228155170682	1.631934306569343	0.00883834983271091	0.6285707037203483	False	False						False	False	False	PPP1R14A
1513	ENSG00000204054	1	cerebellar_hemisphere	M013	0.00883834983271091	1.631934306569343	1.631934306569343	0	0	0	1	switch_only	0.7321317529230074	0.4412988383155438	cerebellar_hemisphere	M013	vitamin B6 metabolic process	0.6819970077051142	0.4003019067249714	1.1619228155170682	1.631934306569343	0.00883834983271091	0.6285707037203483	False	False						False	False	False	LINC00963
1514	ENSG00000147471	1	cerebellar_hemisphere	M013	0.00883834983271091	1.631934306569343	1.631934306569343	0	0	0	1	coupled	0.7321317529230074	0.44088605854204327	cerebellar_hemisphere	M013	vitamin B6 metabolic process	0.6819970077051142	0.4003019067249714	1.1619228155170682	1.631934306569343	0.00883834983271091	0.6285707037203483	False	False						False	False	False	PLPBP
1515	ENSG00000169972	1	cerebellar_hemisphere	M013	0.00883834983271091	1.631934306569343	1.631934306569343	0	0	0	1	coupled	0.7321317529230074	0.42813080265247605	cerebellar_hemisphere	M013	vitamin B6 metabolic process	0.6819970077051142	0.4003019067249714	1.1619228155170682	1.631934306569343	0.00883834983271091	0.6285707037203483	False	False						False	False	False	PUSL1
1516	ENSG00000138867	1	cerebellar_hemisphere	M013	0.00883834983271091	1.631934306569343	1.631934306569343	0	0	0	1	discordant	0.7321317529230074	0.4239746585964588	cerebellar_hemisphere	M013	vitamin B6 metabolic process	0.6819970077051142	0.4003019067249714	1.1619228155170682	1.631934306569343	0.00883834983271091	0.6285707037203483	False	False						False	False	False	GUCD1
1517	ENSG00000127415	1	cerebellar_hemisphere	M013	0.00883834983271091	1.631934306569343	1.631934306569343	0	0	0	1	discordant	0.7321317529230074	0.3969297260489831	cerebellar_hemisphere	M013	vitamin B6 metabolic process	0.6819970077051142	0.4003019067249714	1.1619228155170682	1.631934306569343	0.00883834983271091	0.6285707037203483	False	False						False	False	False	IDUA
1518	ENSG00000067141	1	cerebellar_hemisphere	M013	0.00883834983271091	1.631934306569343	1.631934306569343	0	0	0	1	coupled	0.7321317529230074	0.3569271134509434	cerebellar_hemisphere	M013	vitamin B6 metabolic process	0.6819970077051142	0.4003019067249714	1.1619228155170682	1.631934306569343	0.00883834983271091	0.6285707037203483	False	False						False	False	False	NEO1
1519	ENSG00000160999	1	cerebellar_hemisphere	M013	0.00883834983271091	1.631934306569343	1.631934306569343	0	0	0	1	coupled	0.7321317529230074	0.34745363663802614	cerebellar_hemisphere	M013	vitamin B6 metabolic process	0.6819970077051142	0.4003019067249714	1.1619228155170682	1.631934306569343	0.00883834983271091	0.6285707037203483	False	False						False	False	False	SH2B2
1520	ENSG00000133250	1	cerebellar_hemisphere	M013	0.00883834983271091	1.631934306569343	1.631934306569343	0	0	0	1	coupled	0.7321317529230074	0.33593507035436543	cerebellar_hemisphere	M013	vitamin B6 metabolic process	0.6819970077051142	0.4003019067249714	1.1619228155170682	1.631934306569343	0.00883834983271091	0.6285707037203483	False	False						False	False	False	ZNF414
1521	ENSG00000166337	1	cerebellar_hemisphere	M013	0.00883834983271091	1.631934306569343	1.631934306569343	0	0	0	1	discordant	0.7321317529230074	0.2810345933458482	cerebellar_hemisphere	M013	vitamin B6 metabolic process	0.6819970077051142	0.4003019067249714	1.1619228155170682	1.631934306569343	0.00883834983271091	0.6285707037203483	False	False						False	False	False	TAF10
1522	ENSG00000103260	1	cerebellar_hemisphere	M013	0.00883834983271091	1.631934306569343	1.631934306569343	0	0	0	1	coupled	0.7321317529230074	0.24413801382106926	cerebellar_hemisphere	M013	vitamin B6 metabolic process	0.6819970077051142	0.4003019067249714	1.1619228155170682	1.631934306569343	0.00883834983271091	0.6285707037203483	False	False						False	False	False	METRN
