sample_id	donor_id	genotype_sample_id	bam	phaser_vcf
R12864	Br1303	Br1303	/projects/b1042/HEART-GeN-Lab/brainseq_data/bsp3/star-wasp/aligned_bams/R12864_Aligned.sortedByCoord.out.bam	/projects/b1213/resources/processed-data/ase-files/caudate/phASER/R12864.vcf.gz
R12865	Br1320	Br1320	/projects/b1042/HEART-GeN-Lab/brainseq_data/bsp3/star-wasp/aligned_bams/R12865_Aligned.sortedByCoord.out.bam	/projects/b1213/resources/processed-data/ase-files/caudate/phASER/R12865.vcf.gz
R12866	Br1321	Br1321	/projects/b1042/HEART-GeN-Lab/brainseq_data/bsp3/star-wasp/aligned_bams/R12866_Aligned.sortedByCoord.out.bam	/projects/b1213/resources/processed-data/ase-files/caudate/phASER/R12866.vcf.gz
R12867	Br1326	Br1326	/projects/b1042/HEART-GeN-Lab/brainseq_data/bsp3/star-wasp/aligned_bams/R12867_Aligned.sortedByCoord.out.bam	/projects/b1213/resources/processed-data/ase-files/caudate/phASER/R12867.vcf.gz
R12868	Br1418	Br1418	/projects/b1042/HEART-GeN-Lab/brainseq_data/bsp3/star-wasp/aligned_bams/R12868_Aligned.sortedByCoord.out.bam	/projects/b1213/resources/processed-data/ase-files/caudate/phASER/R12868.vcf.gz
R12869	Br1420	Br1420	/projects/b1042/HEART-GeN-Lab/brainseq_data/bsp3/star-wasp/aligned_bams/R12869_Aligned.sortedByCoord.out.bam	/projects/b1213/resources/processed-data/ase-files/caudate/phASER/R12869.vcf.gz
R12870	Br1436	Br1436	/projects/b1042/HEART-GeN-Lab/brainseq_data/bsp3/star-wasp/aligned_bams/R12870_Aligned.sortedByCoord.out.bam	/projects/b1213/resources/processed-data/ase-files/caudate/phASER/R12870.vcf.gz
R12871	Br1441	Br1441	/projects/b1042/HEART-GeN-Lab/brainseq_data/bsp3/star-wasp/aligned_bams/R12871_Aligned.sortedByCoord.out.bam	/projects/b1213/resources/processed-data/ase-files/caudate/phASER/R12871.vcf.gz
R12872	Br949	Br0949	/projects/b1042/HEART-GeN-Lab/brainseq_data/bsp3/star-wasp/aligned_bams/R12872_Aligned.sortedByCoord.out.bam	/projects/b1213/resources/processed-data/ase-files/caudate/phASER/R12872.vcf.gz
R12873	Br991	Br0991	/projects/b1042/HEART-GeN-Lab/brainseq_data/bsp3/star-wasp/aligned_bams/R12873_Aligned.sortedByCoord.out.bam	/projects/b1213/resources/processed-data/ase-files/caudate/phASER/R12873.vcf.gz
R12874	Br909	Br0909	/projects/b1042/HEART-GeN-Lab/brainseq_data/bsp3/star-wasp/aligned_bams/R12874_Aligned.sortedByCoord.out.bam	/projects/b1213/resources/processed-data/ase-files/caudate/phASER/R12874.vcf.gz
R12890	Br1157	Br1157	/projects/b1042/HEART-GeN-Lab/brainseq_data/bsp3/star-wasp/aligned_bams/R12890_Aligned.sortedByCoord.out.bam	/projects/b1213/resources/processed-data/ase-files/caudate/phASER/R12890.vcf.gz
R12891	Br1167	Br1167	/projects/b1042/HEART-GeN-Lab/brainseq_data/bsp3/star-wasp/aligned_bams/R12891_Aligned.sortedByCoord.out.bam	/projects/b1213/resources/processed-data/ase-files/caudate/phASER/R12891.vcf.gz
R12892	Br1185	Br1185	/projects/b1042/HEART-GeN-Lab/brainseq_data/bsp3/star-wasp/aligned_bams/R12892_Aligned.sortedByCoord.out.bam	/projects/b1213/resources/processed-data/ase-files/caudate/phASER/R12892.vcf.gz
R12893	Br1187	Br1187	/projects/b1042/HEART-GeN-Lab/brainseq_data/bsp3/star-wasp/aligned_bams/R12893_Aligned.sortedByCoord.out.bam	/projects/b1213/resources/processed-data/ase-files/caudate/phASER/R12893.vcf.gz
R12894	Br1263	Br1263	/projects/b1042/HEART-GeN-Lab/brainseq_data/bsp3/star-wasp/aligned_bams/R12894_Aligned.sortedByCoord.out.bam	/projects/b1213/resources/processed-data/ase-files/caudate/phASER/R12894.vcf.gz
R12895	Br1280	Br1280	/projects/b1042/HEART-GeN-Lab/brainseq_data/bsp3/star-wasp/aligned_bams/R12895_Aligned.sortedByCoord.out.bam	/projects/b1213/resources/processed-data/ase-files/caudate/phASER/R12895.vcf.gz
R12926	Br836	Br0836	/projects/b1042/HEART-GeN-Lab/brainseq_data/bsp3/star-wasp/aligned_bams/R12926_Aligned.sortedByCoord.out.bam	/projects/b1213/resources/processed-data/ase-files/caudate/phASER/R12926.vcf.gz
R12927	Br845	Br0845	/projects/b1042/HEART-GeN-Lab/brainseq_data/bsp3/star-wasp/aligned_bams/R12927_Aligned.sortedByCoord.out.bam	/projects/b1213/resources/processed-data/ase-files/caudate/phASER/R12927.vcf.gz
R12928	Br873	Br0873	/projects/b1042/HEART-GeN-Lab/brainseq_data/bsp3/star-wasp/aligned_bams/R12928_Aligned.sortedByCoord.out.bam	/projects/b1213/resources/processed-data/ase-files/caudate/phASER/R12928.vcf.gz
R12929	Br858	Br0858	/projects/b1042/HEART-GeN-Lab/brainseq_data/bsp3/star-wasp/aligned_bams/R12929_Aligned.sortedByCoord.out.bam	/projects/b1213/resources/processed-data/ase-files/caudate/phASER/R12929.vcf.gz
R12930	Br1183	Br1183	/projects/b1042/HEART-GeN-Lab/brainseq_data/bsp3/star-wasp/aligned_bams/R12930_Aligned.sortedByCoord.out.bam	/projects/b1213/resources/processed-data/ase-files/caudate/phASER/R12930.vcf.gz
R12931	Br1265	Br1265	/projects/b1042/HEART-GeN-Lab/brainseq_data/bsp3/star-wasp/aligned_bams/R12931_Aligned.sortedByCoord.out.bam	/projects/b1213/resources/processed-data/ase-files/caudate/phASER/R12931.vcf.gz
R12960	Br1290	Br1290	/projects/b1042/HEART-GeN-Lab/brainseq_data/bsp3/star-wasp/aligned_bams/R12960_Aligned.sortedByCoord.out.bam	/projects/b1213/resources/processed-data/ase-files/caudate/phASER/R12960.vcf.gz
R12961	Br1302	Br1302	/projects/b1042/HEART-GeN-Lab/brainseq_data/bsp3/star-wasp/aligned_bams/R12961_Aligned.sortedByCoord.out.bam	/projects/b1213/resources/processed-data/ase-files/caudate/phASER/R12961.vcf.gz
R12962	Br1305	Br1305	/projects/b1042/HEART-GeN-Lab/brainseq_data/bsp3/star-wasp/aligned_bams/R12962_Aligned.sortedByCoord.out.bam	/projects/b1213/resources/processed-data/ase-files/caudate/phASER/R12962.vcf.gz
R12963	Br1315	Br1315	/projects/b1042/HEART-GeN-Lab/brainseq_data/bsp3/star-wasp/aligned_bams/R12963_Aligned.sortedByCoord.out.bam	/projects/b1213/resources/processed-data/ase-files/caudate/phASER/R12963.vcf.gz
R12964	Br1324	Br1324	/projects/b1042/HEART-GeN-Lab/brainseq_data/bsp3/star-wasp/aligned_bams/R12964_Aligned.sortedByCoord.out.bam	/projects/b1213/resources/processed-data/ase-files/caudate/phASER/R12964.vcf.gz
R12965	Br1325	Br1325	/projects/b1042/HEART-GeN-Lab/brainseq_data/bsp3/star-wasp/aligned_bams/R12965_Aligned.sortedByCoord.out.bam	/projects/b1213/resources/processed-data/ase-files/caudate/phASER/R12965.vcf.gz
R12966	Br1610	Br1610	/projects/b1042/HEART-GeN-Lab/brainseq_data/bsp3/star-wasp/aligned_bams/R12966_Aligned.sortedByCoord.out.bam	/projects/b1213/resources/processed-data/ase-files/caudate/phASER/R12966.vcf.gz
R12967	Br1958	Br1958	/projects/b1042/HEART-GeN-Lab/brainseq_data/bsp3/star-wasp/aligned_bams/R12967_Aligned.sortedByCoord.out.bam	/projects/b1213/resources/processed-data/ase-files/caudate/phASER/R12967.vcf.gz
R12968	Br1989	Br1989	/projects/b1042/HEART-GeN-Lab/brainseq_data/bsp3/star-wasp/aligned_bams/R12968_Aligned.sortedByCoord.out.bam	/projects/b1213/resources/processed-data/ase-files/caudate/phASER/R12968.vcf.gz
R12969	Br2470	Br2470	/projects/b1042/HEART-GeN-Lab/brainseq_data/bsp3/star-wasp/aligned_bams/R12969_Aligned.sortedByCoord.out.bam	/projects/b1213/resources/processed-data/ase-files/caudate/phASER/R12969.vcf.gz
R12970	Br2481	Br2481	/projects/b1042/HEART-GeN-Lab/brainseq_data/bsp3/star-wasp/aligned_bams/R12970_Aligned.sortedByCoord.out.bam	/projects/b1213/resources/processed-data/ase-files/caudate/phASER/R12970.vcf.gz
R12972	Br1118	Br1118	/projects/b1042/HEART-GeN-Lab/brainseq_data/bsp3/star-wasp/aligned_bams/R12972_Aligned.sortedByCoord.out.bam	/projects/b1213/resources/processed-data/ase-files/caudate/phASER/R12972.vcf.gz
R12973	Br1227	Br1227	/projects/b1042/HEART-GeN-Lab/brainseq_data/bsp3/star-wasp/aligned_bams/R12973_Aligned.sortedByCoord.out.bam	/projects/b1213/resources/processed-data/ase-files/caudate/phASER/R12973.vcf.gz
R12974	Br1271	Br1271	/projects/b1042/HEART-GeN-Lab/brainseq_data/bsp3/star-wasp/aligned_bams/R12974_Aligned.sortedByCoord.out.bam	/projects/b1213/resources/processed-data/ase-files/caudate/phASER/R12974.vcf.gz
R12975	Br1275	Br1275	/projects/b1042/HEART-GeN-Lab/brainseq_data/bsp3/star-wasp/aligned_bams/R12975_Aligned.sortedByCoord.out.bam	/projects/b1213/resources/processed-data/ase-files/caudate/phASER/R12975.vcf.gz
R12976	Br1279	Br1279	/projects/b1042/HEART-GeN-Lab/brainseq_data/bsp3/star-wasp/aligned_bams/R12976_Aligned.sortedByCoord.out.bam	/projects/b1213/resources/processed-data/ase-files/caudate/phASER/R12976.vcf.gz
R12977	Br1281	Br1281	/projects/b1042/HEART-GeN-Lab/brainseq_data/bsp3/star-wasp/aligned_bams/R12977_Aligned.sortedByCoord.out.bam	/projects/b1213/resources/processed-data/ase-files/caudate/phASER/R12977.vcf.gz
R12978	Br1283	Br1283	/projects/b1042/HEART-GeN-Lab/brainseq_data/bsp3/star-wasp/aligned_bams/R12978_Aligned.sortedByCoord.out.bam	/projects/b1213/resources/processed-data/ase-files/caudate/phASER/R12978.vcf.gz
R12979	Br1285	Br1285	/projects/b1042/HEART-GeN-Lab/brainseq_data/bsp3/star-wasp/aligned_bams/R12979_Aligned.sortedByCoord.out.bam	/projects/b1213/resources/processed-data/ase-files/caudate/phASER/R12979.vcf.gz
R12980	Br1287	Br1287	/projects/b1042/HEART-GeN-Lab/brainseq_data/bsp3/star-wasp/aligned_bams/R12980_Aligned.sortedByCoord.out.bam	/projects/b1213/resources/processed-data/ase-files/caudate/phASER/R12980.vcf.gz
R12982	Br1447	Br1447	/projects/b1042/HEART-GeN-Lab/brainseq_data/bsp3/star-wasp/aligned_bams/R12982_Aligned.sortedByCoord.out.bam	/projects/b1213/resources/processed-data/ase-files/caudate/phASER/R12982.vcf.gz
R12983	Br1448	Br1448	/projects/b1042/HEART-GeN-Lab/brainseq_data/bsp3/star-wasp/aligned_bams/R12983_Aligned.sortedByCoord.out.bam	/projects/b1213/resources/processed-data/ase-files/caudate/phASER/R12983.vcf.gz
R12984	Br1464	Br1464	/projects/b1042/HEART-GeN-Lab/brainseq_data/bsp3/star-wasp/aligned_bams/R12984_Aligned.sortedByCoord.out.bam	/projects/b1213/resources/processed-data/ase-files/caudate/phASER/R12984.vcf.gz
R12985	Br1479	Br1479	/projects/b1042/HEART-GeN-Lab/brainseq_data/bsp3/star-wasp/aligned_bams/R12985_Aligned.sortedByCoord.out.bam	/projects/b1213/resources/processed-data/ase-files/caudate/phASER/R12985.vcf.gz
R12986	Br1987	Br1987	/projects/b1042/HEART-GeN-Lab/brainseq_data/bsp3/star-wasp/aligned_bams/R12986_Aligned.sortedByCoord.out.bam	/projects/b1213/resources/processed-data/ase-files/caudate/phASER/R12986.vcf.gz
R12987	Br1994	Br1994	/projects/b1042/HEART-GeN-Lab/brainseq_data/bsp3/star-wasp/aligned_bams/R12987_Aligned.sortedByCoord.out.bam	/projects/b1213/resources/processed-data/ase-files/caudate/phASER/R12987.vcf.gz
R12988	Br2020	Br2020	/projects/b1042/HEART-GeN-Lab/brainseq_data/bsp3/star-wasp/aligned_bams/R12988_Aligned.sortedByCoord.out.bam	/projects/b1213/resources/processed-data/ase-files/caudate/phASER/R12988.vcf.gz
R12989	Br2038	Br2038	/projects/b1042/HEART-GeN-Lab/brainseq_data/bsp3/star-wasp/aligned_bams/R12989_Aligned.sortedByCoord.out.bam	/projects/b1213/resources/processed-data/ase-files/caudate/phASER/R12989.vcf.gz
R12990	Br2070	Br2070	/projects/b1042/HEART-GeN-Lab/brainseq_data/bsp3/star-wasp/aligned_bams/R12990_Aligned.sortedByCoord.out.bam	/projects/b1213/resources/processed-data/ase-files/caudate/phASER/R12990.vcf.gz
R12991	Br2261	Br2261	/projects/b1042/HEART-GeN-Lab/brainseq_data/bsp3/star-wasp/aligned_bams/R12991_Aligned.sortedByCoord.out.bam	/projects/b1213/resources/processed-data/ase-files/caudate/phASER/R12991.vcf.gz
R12992	Br2353	Br2353	/projects/b1042/HEART-GeN-Lab/brainseq_data/bsp3/star-wasp/aligned_bams/R12992_Aligned.sortedByCoord.out.bam	/projects/b1213/resources/processed-data/ase-files/caudate/phASER/R12992.vcf.gz
R12993	Br2492	Br2492	/projects/b1042/HEART-GeN-Lab/brainseq_data/bsp3/star-wasp/aligned_bams/R12993_Aligned.sortedByCoord.out.bam	/projects/b1213/resources/processed-data/ase-files/caudate/phASER/R12993.vcf.gz
R12994	Br2509	Br2509	/projects/b1042/HEART-GeN-Lab/brainseq_data/bsp3/star-wasp/aligned_bams/R12994_Aligned.sortedByCoord.out.bam	/projects/b1213/resources/processed-data/ase-files/caudate/phASER/R12994.vcf.gz
R12995	Br2585	Br2585	/projects/b1042/HEART-GeN-Lab/brainseq_data/bsp3/star-wasp/aligned_bams/R12995_Aligned.sortedByCoord.out.bam	/projects/b1213/resources/processed-data/ase-files/caudate/phASER/R12995.vcf.gz
R12996	Br1218	Br1218	/projects/b1042/HEART-GeN-Lab/brainseq_data/bsp3/star-wasp/aligned_bams/R12996_Aligned.sortedByCoord.out.bam	/projects/b1213/resources/processed-data/ase-files/caudate/phASER/R12996.vcf.gz
R12997	Br1306	Br1306	/projects/b1042/HEART-GeN-Lab/brainseq_data/bsp3/star-wasp/aligned_bams/R12997_Aligned.sortedByCoord.out.bam	/projects/b1213/resources/processed-data/ase-files/caudate/phASER/R12997.vcf.gz
R12998	Br1314	Br1314	/projects/b1042/HEART-GeN-Lab/brainseq_data/bsp3/star-wasp/aligned_bams/R12998_Aligned.sortedByCoord.out.bam	/projects/b1213/resources/processed-data/ase-files/caudate/phASER/R12998.vcf.gz
R12999	Br1342	Br1342	/projects/b1042/HEART-GeN-Lab/brainseq_data/bsp3/star-wasp/aligned_bams/R12999_Aligned.sortedByCoord.out.bam	/projects/b1213/resources/processed-data/ase-files/caudate/phASER/R12999.vcf.gz
R13000	Br1346	Br1346	/projects/b1042/HEART-GeN-Lab/brainseq_data/bsp3/star-wasp/aligned_bams/R13000_Aligned.sortedByCoord.out.bam	/projects/b1213/resources/processed-data/ase-files/caudate/phASER/R13000.vcf.gz
R13001	Br1348	Br1348	/projects/b1042/HEART-GeN-Lab/brainseq_data/bsp3/star-wasp/aligned_bams/R13001_Aligned.sortedByCoord.out.bam	/projects/b1213/resources/processed-data/ase-files/caudate/phASER/R13001.vcf.gz
R13002	Br1351	Br1351	/projects/b1042/HEART-GeN-Lab/brainseq_data/bsp3/star-wasp/aligned_bams/R13002_Aligned.sortedByCoord.out.bam	/projects/b1213/resources/processed-data/ase-files/caudate/phASER/R13002.vcf.gz
R13003	Br1927	Br1927	/projects/b1042/HEART-GeN-Lab/brainseq_data/bsp3/star-wasp/aligned_bams/R13003_Aligned.sortedByCoord.out.bam	/projects/b1213/resources/processed-data/ase-files/caudate/phASER/R13003.vcf.gz
R13004	Br2378	Br2378	/projects/b1042/HEART-GeN-Lab/brainseq_data/bsp3/star-wasp/aligned_bams/R13004_Aligned.sortedByCoord.out.bam	/projects/b1213/resources/processed-data/ase-files/caudate/phASER/R13004.vcf.gz
R13005	Br2393	Br2393	/projects/b1042/HEART-GeN-Lab/brainseq_data/bsp3/star-wasp/aligned_bams/R13005_Aligned.sortedByCoord.out.bam	/projects/b1213/resources/processed-data/ase-files/caudate/phASER/R13005.vcf.gz
R13006	Br2464	Br2464	/projects/b1042/HEART-GeN-Lab/brainseq_data/bsp3/star-wasp/aligned_bams/R13006_Aligned.sortedByCoord.out.bam	/projects/b1213/resources/processed-data/ase-files/caudate/phASER/R13006.vcf.gz
R13007	Br2494	Br2494	/projects/b1042/HEART-GeN-Lab/brainseq_data/bsp3/star-wasp/aligned_bams/R13007_Aligned.sortedByCoord.out.bam	/projects/b1213/resources/processed-data/ase-files/caudate/phASER/R13007.vcf.gz
R13008	Br1379	Br1379	/projects/b1042/HEART-GeN-Lab/brainseq_data/bsp3/star-wasp/aligned_bams/R13008_Aligned.sortedByCoord.out.bam	/projects/b1213/resources/processed-data/ase-files/caudate/phASER/R13008.vcf.gz
R13009	Br1380	Br1380	/projects/b1042/HEART-GeN-Lab/brainseq_data/bsp3/star-wasp/aligned_bams/R13009_Aligned.sortedByCoord.out.bam	/projects/b1213/resources/processed-data/ase-files/caudate/phASER/R13009.vcf.gz
R13010	Br1384	Br1384	/projects/b1042/HEART-GeN-Lab/brainseq_data/bsp3/star-wasp/aligned_bams/R13010_Aligned.sortedByCoord.out.bam	/projects/b1213/resources/processed-data/ase-files/caudate/phASER/R13010.vcf.gz
R13012	Br1390	Br1390	/projects/b1042/HEART-GeN-Lab/brainseq_data/bsp3/star-wasp/aligned_bams/R13012_Aligned.sortedByCoord.out.bam	/projects/b1213/resources/processed-data/ase-files/caudate/phASER/R13012.vcf.gz
R13014	Br1408	Br1408	/projects/b1042/HEART-GeN-Lab/brainseq_data/bsp3/star-wasp/aligned_bams/R13014_Aligned.sortedByCoord.out.bam	/projects/b1213/resources/processed-data/ase-files/caudate/phASER/R13014.vcf.gz
R13015	Br1410	Br1410	/projects/b1042/HEART-GeN-Lab/brainseq_data/bsp3/star-wasp/aligned_bams/R13015_Aligned.sortedByCoord.out.bam	/projects/b1213/resources/processed-data/ase-files/caudate/phASER/R13015.vcf.gz
R13016	Br1412	Br1412	/projects/b1042/HEART-GeN-Lab/brainseq_data/bsp3/star-wasp/aligned_bams/R13016_Aligned.sortedByCoord.out.bam	/projects/b1213/resources/processed-data/ase-files/caudate/phASER/R13016.vcf.gz
R13017	Br1627	Br1627	/projects/b1042/HEART-GeN-Lab/brainseq_data/bsp3/star-wasp/aligned_bams/R13017_Aligned.sortedByCoord.out.bam	/projects/b1213/resources/processed-data/ase-files/caudate/phASER/R13017.vcf.gz
R13018	Br2064	Br2064	/projects/b1042/HEART-GeN-Lab/brainseq_data/bsp3/star-wasp/aligned_bams/R13018_Aligned.sortedByCoord.out.bam	/projects/b1213/resources/processed-data/ase-files/caudate/phASER/R13018.vcf.gz
R13019	Br5073	Br5073	/projects/b1042/HEART-GeN-Lab/brainseq_data/bsp3/star-wasp/aligned_bams/R13019_Aligned.sortedByCoord.out.bam	/projects/b1213/resources/processed-data/ase-files/caudate/phASER/R13019.vcf.gz
R13020	Br5179	Br5179	/projects/b1042/HEART-GeN-Lab/brainseq_data/bsp3/star-wasp/aligned_bams/R13020_Aligned.sortedByCoord.out.bam	/projects/b1213/resources/processed-data/ase-files/caudate/phASER/R13020.vcf.gz
R13021	Br5217	Br5217	/projects/b1042/HEART-GeN-Lab/brainseq_data/bsp3/star-wasp/aligned_bams/R13021_Aligned.sortedByCoord.out.bam	/projects/b1213/resources/processed-data/ase-files/caudate/phASER/R13021.vcf.gz
R13022	Br5224	Br5224	/projects/b1042/HEART-GeN-Lab/brainseq_data/bsp3/star-wasp/aligned_bams/R13022_Aligned.sortedByCoord.out.bam	/projects/b1213/resources/processed-data/ase-files/caudate/phASER/R13022.vcf.gz
R13023	Br5234	Br5234	/projects/b1042/HEART-GeN-Lab/brainseq_data/bsp3/star-wasp/aligned_bams/R13023_Aligned.sortedByCoord.out.bam	/projects/b1213/resources/processed-data/ase-files/caudate/phASER/R13023.vcf.gz
R13024	Br5282	Br5282	/projects/b1042/HEART-GeN-Lab/brainseq_data/bsp3/star-wasp/aligned_bams/R13024_Aligned.sortedByCoord.out.bam	/projects/b1213/resources/processed-data/ase-files/caudate/phASER/R13024.vcf.gz
R13025	Br5295	Br5295	/projects/b1042/HEART-GeN-Lab/brainseq_data/bsp3/star-wasp/aligned_bams/R13025_Aligned.sortedByCoord.out.bam	/projects/b1213/resources/processed-data/ase-files/caudate/phASER/R13025.vcf.gz
R13026	Br5319	Br5319	/projects/b1042/HEART-GeN-Lab/brainseq_data/bsp3/star-wasp/aligned_bams/R13026_Aligned.sortedByCoord.out.bam	/projects/b1213/resources/processed-data/ase-files/caudate/phASER/R13026.vcf.gz
R13027	Br5355	Br5355	/projects/b1042/HEART-GeN-Lab/brainseq_data/bsp3/star-wasp/aligned_bams/R13027_Aligned.sortedByCoord.out.bam	/projects/b1213/resources/processed-data/ase-files/caudate/phASER/R13027.vcf.gz
R13028	Br5359	Br5359	/projects/b1042/HEART-GeN-Lab/brainseq_data/bsp3/star-wasp/aligned_bams/R13028_Aligned.sortedByCoord.out.bam	/projects/b1213/resources/processed-data/ase-files/caudate/phASER/R13028.vcf.gz
R13029	Br5372	Br5372	/projects/b1042/HEART-GeN-Lab/brainseq_data/bsp3/star-wasp/aligned_bams/R13029_Aligned.sortedByCoord.out.bam	/projects/b1213/resources/processed-data/ase-files/caudate/phASER/R13029.vcf.gz
R13030	Br5373	Br5373	/projects/b1042/HEART-GeN-Lab/brainseq_data/bsp3/star-wasp/aligned_bams/R13030_Aligned.sortedByCoord.out.bam	/projects/b1213/resources/processed-data/ase-files/caudate/phASER/R13030.vcf.gz
R13031	Br5398	Br5398	/projects/b1042/HEART-GeN-Lab/brainseq_data/bsp3/star-wasp/aligned_bams/R13031_Aligned.sortedByCoord.out.bam	/projects/b1213/resources/processed-data/ase-files/caudate/phASER/R13031.vcf.gz
R13032	Br1424	Br1424	/projects/b1042/HEART-GeN-Lab/brainseq_data/bsp3/star-wasp/aligned_bams/R13032_Aligned.sortedByCoord.out.bam	/projects/b1213/resources/processed-data/ase-files/caudate/phASER/R13032.vcf.gz
R13034	Br1494	Br1494	/projects/b1042/HEART-GeN-Lab/brainseq_data/bsp3/star-wasp/aligned_bams/R13034_Aligned.sortedByCoord.out.bam	/projects/b1213/resources/processed-data/ase-files/caudate/phASER/R13034.vcf.gz
R13035	Br1504	Br1504	/projects/b1042/HEART-GeN-Lab/brainseq_data/bsp3/star-wasp/aligned_bams/R13035_Aligned.sortedByCoord.out.bam	/projects/b1213/resources/processed-data/ase-files/caudate/phASER/R13035.vcf.gz
R13036	Br1531	Br1531	/projects/b1042/HEART-GeN-Lab/brainseq_data/bsp3/star-wasp/aligned_bams/R13036_Aligned.sortedByCoord.out.bam	/projects/b1213/resources/processed-data/ase-files/caudate/phASER/R13036.vcf.gz
R13037	Br1909	Br1909	/projects/b1042/HEART-GeN-Lab/brainseq_data/bsp3/star-wasp/aligned_bams/R13037_Aligned.sortedByCoord.out.bam	/projects/b1213/resources/processed-data/ase-files/caudate/phASER/R13037.vcf.gz
R13038	Br2036	Br2036	/projects/b1042/HEART-GeN-Lab/brainseq_data/bsp3/star-wasp/aligned_bams/R13038_Aligned.sortedByCoord.out.bam	/projects/b1213/resources/processed-data/ase-files/caudate/phASER/R13038.vcf.gz
R13039	Br2046	Br2046	/projects/b1042/HEART-GeN-Lab/brainseq_data/bsp3/star-wasp/aligned_bams/R13039_Aligned.sortedByCoord.out.bam	/projects/b1213/resources/processed-data/ase-files/caudate/phASER/R13039.vcf.gz
R13041	Br5467	Br5467	/projects/b1042/HEART-GeN-Lab/brainseq_data/bsp3/star-wasp/aligned_bams/R13041_Aligned.sortedByCoord.out.bam	/projects/b1213/resources/processed-data/ase-files/caudate/phASER/R13041.vcf.gz
R13042	Br5475	Br5475	/projects/b1042/HEART-GeN-Lab/brainseq_data/bsp3/star-wasp/aligned_bams/R13042_Aligned.sortedByCoord.out.bam	/projects/b1213/resources/processed-data/ase-files/caudate/phASER/R13042.vcf.gz
R13043	Br5485	Br5485	/projects/b1042/HEART-GeN-Lab/brainseq_data/bsp3/star-wasp/aligned_bams/R13043_Aligned.sortedByCoord.out.bam	/projects/b1213/resources/processed-data/ase-files/caudate/phASER/R13043.vcf.gz
R13044	Br2053	Br2053	/projects/b1042/HEART-GeN-Lab/brainseq_data/bsp3/star-wasp/aligned_bams/R13044_Aligned.sortedByCoord.out.bam	/projects/b1213/resources/processed-data/ase-files/caudate/phASER/R13044.vcf.gz
R13045	Br2063	Br2063	/projects/b1042/HEART-GeN-Lab/brainseq_data/bsp3/star-wasp/aligned_bams/R13045_Aligned.sortedByCoord.out.bam	/projects/b1213/resources/processed-data/ase-files/caudate/phASER/R13045.vcf.gz
R13046	Br2074	Br2074	/projects/b1042/HEART-GeN-Lab/brainseq_data/bsp3/star-wasp/aligned_bams/R13046_Aligned.sortedByCoord.out.bam	/projects/b1213/resources/processed-data/ase-files/caudate/phASER/R13046.vcf.gz
R13047	Br2076	Br2076	/projects/b1042/HEART-GeN-Lab/brainseq_data/bsp3/star-wasp/aligned_bams/R13047_Aligned.sortedByCoord.out.bam	/projects/b1213/resources/processed-data/ase-files/caudate/phASER/R13047.vcf.gz
R13048	Br2080	Br2080	/projects/b1042/HEART-GeN-Lab/brainseq_data/bsp3/star-wasp/aligned_bams/R13048_Aligned.sortedByCoord.out.bam	/projects/b1213/resources/processed-data/ase-files/caudate/phASER/R13048.vcf.gz
R13051	Br2267	Br2267	/projects/b1042/HEART-GeN-Lab/brainseq_data/bsp3/star-wasp/aligned_bams/R13051_Aligned.sortedByCoord.out.bam	/projects/b1213/resources/processed-data/ase-files/caudate/phASER/R13051.vcf.gz
R13053	Br2285	Br2285	/projects/b1042/HEART-GeN-Lab/brainseq_data/bsp3/star-wasp/aligned_bams/R13053_Aligned.sortedByCoord.out.bam	/projects/b1213/resources/processed-data/ase-files/caudate/phASER/R13053.vcf.gz
R13054	Br2288	Br2288	/projects/b1042/HEART-GeN-Lab/brainseq_data/bsp3/star-wasp/aligned_bams/R13054_Aligned.sortedByCoord.out.bam	/projects/b1213/resources/processed-data/ase-files/caudate/phASER/R13054.vcf.gz
R13055	Br2474	Br2474	/projects/b1042/HEART-GeN-Lab/brainseq_data/bsp3/star-wasp/aligned_bams/R13055_Aligned.sortedByCoord.out.bam	/projects/b1213/resources/processed-data/ase-files/caudate/phASER/R13055.vcf.gz
R13056	Br2476	Br2476	/projects/b1042/HEART-GeN-Lab/brainseq_data/bsp3/star-wasp/aligned_bams/R13056_Aligned.sortedByCoord.out.bam	/projects/b1213/resources/processed-data/ase-files/caudate/phASER/R13056.vcf.gz
R13057	Br2496	Br2496	/projects/b1042/HEART-GeN-Lab/brainseq_data/bsp3/star-wasp/aligned_bams/R13057_Aligned.sortedByCoord.out.bam	/projects/b1213/resources/processed-data/ase-files/caudate/phASER/R13057.vcf.gz
R13058	Br2513	Br2513	/projects/b1042/HEART-GeN-Lab/brainseq_data/bsp3/star-wasp/aligned_bams/R13058_Aligned.sortedByCoord.out.bam	/projects/b1213/resources/processed-data/ase-files/caudate/phASER/R13058.vcf.gz
R13059	Br2521	Br2521	/projects/b1042/HEART-GeN-Lab/brainseq_data/bsp3/star-wasp/aligned_bams/R13059_Aligned.sortedByCoord.out.bam	/projects/b1213/resources/processed-data/ase-files/caudate/phASER/R13059.vcf.gz
R13060	Br2533	Br2533	/projects/b1042/HEART-GeN-Lab/brainseq_data/bsp3/star-wasp/aligned_bams/R13060_Aligned.sortedByCoord.out.bam	/projects/b1213/resources/processed-data/ase-files/caudate/phASER/R13060.vcf.gz
R13061	Br2534	Br2534	/projects/b1042/HEART-GeN-Lab/brainseq_data/bsp3/star-wasp/aligned_bams/R13061_Aligned.sortedByCoord.out.bam	/projects/b1213/resources/processed-data/ase-files/caudate/phASER/R13061.vcf.gz
R13062	Br2538	Br2538	/projects/b1042/HEART-GeN-Lab/brainseq_data/bsp3/star-wasp/aligned_bams/R13062_Aligned.sortedByCoord.out.bam	/projects/b1213/resources/processed-data/ase-files/caudate/phASER/R13062.vcf.gz
R13063	Br2539	Br2539	/projects/b1042/HEART-GeN-Lab/brainseq_data/bsp3/star-wasp/aligned_bams/R13063_Aligned.sortedByCoord.out.bam	/projects/b1213/resources/processed-data/ase-files/caudate/phASER/R13063.vcf.gz
R13064	Br2557	Br2557	/projects/b1042/HEART-GeN-Lab/brainseq_data/bsp3/star-wasp/aligned_bams/R13064_Aligned.sortedByCoord.out.bam	/projects/b1213/resources/processed-data/ase-files/caudate/phASER/R13064.vcf.gz
R13065	Br2573	Br2573	/projects/b1042/HEART-GeN-Lab/brainseq_data/bsp3/star-wasp/aligned_bams/R13065_Aligned.sortedByCoord.out.bam	/projects/b1213/resources/processed-data/ase-files/caudate/phASER/R13065.vcf.gz
R13066	Br2587	Br2587	/projects/b1042/HEART-GeN-Lab/brainseq_data/bsp3/star-wasp/aligned_bams/R13066_Aligned.sortedByCoord.out.bam	/projects/b1213/resources/processed-data/ase-files/caudate/phASER/R13066.vcf.gz
R13067	Br5315	Br5315	/projects/b1042/HEART-GeN-Lab/brainseq_data/bsp3/star-wasp/aligned_bams/R13067_Aligned.sortedByCoord.out.bam	/projects/b1213/resources/processed-data/ase-files/caudate/phASER/R13067.vcf.gz
R13068	Br2542	Br2542	/projects/b1042/HEART-GeN-Lab/brainseq_data/bsp3/star-wasp/aligned_bams/R13068_Aligned.sortedByCoord.out.bam	/projects/b1213/resources/processed-data/ase-files/caudate/phASER/R13068.vcf.gz
R13069	Br2543	Br2543	/projects/b1042/HEART-GeN-Lab/brainseq_data/bsp3/star-wasp/aligned_bams/R13069_Aligned.sortedByCoord.out.bam	/projects/b1213/resources/processed-data/ase-files/caudate/phASER/R13069.vcf.gz
R13070	Br2582	Br2582	/projects/b1042/HEART-GeN-Lab/brainseq_data/bsp3/star-wasp/aligned_bams/R13070_Aligned.sortedByCoord.out.bam	/projects/b1213/resources/processed-data/ase-files/caudate/phASER/R13070.vcf.gz
R13071	Br5005	Br5005	/projects/b1042/HEART-GeN-Lab/brainseq_data/bsp3/star-wasp/aligned_bams/R13071_Aligned.sortedByCoord.out.bam	/projects/b1213/resources/processed-data/ase-files/caudate/phASER/R13071.vcf.gz
R13072	Br5007	Br5007	/projects/b1042/HEART-GeN-Lab/brainseq_data/bsp3/star-wasp/aligned_bams/R13072_Aligned.sortedByCoord.out.bam	/projects/b1213/resources/processed-data/ase-files/caudate/phASER/R13072.vcf.gz
R13073	Br5008	Br5008	/projects/b1042/HEART-GeN-Lab/brainseq_data/bsp3/star-wasp/aligned_bams/R13073_Aligned.sortedByCoord.out.bam	/projects/b1213/resources/processed-data/ase-files/caudate/phASER/R13073.vcf.gz
R13074	Br5024	Br5024	/projects/b1042/HEART-GeN-Lab/brainseq_data/bsp3/star-wasp/aligned_bams/R13074_Aligned.sortedByCoord.out.bam	/projects/b1213/resources/processed-data/ase-files/caudate/phASER/R13074.vcf.gz
R13075	Br5026	Br5026	/projects/b1042/HEART-GeN-Lab/brainseq_data/bsp3/star-wasp/aligned_bams/R13075_Aligned.sortedByCoord.out.bam	/projects/b1213/resources/processed-data/ase-files/caudate/phASER/R13075.vcf.gz
R13076	Br5053	Br5053	/projects/b1042/HEART-GeN-Lab/brainseq_data/bsp3/star-wasp/aligned_bams/R13076_Aligned.sortedByCoord.out.bam	/projects/b1213/resources/processed-data/ase-files/caudate/phASER/R13076.vcf.gz
R13077	Br5062	Br5062	/projects/b1042/HEART-GeN-Lab/brainseq_data/bsp3/star-wasp/aligned_bams/R13077_Aligned.sortedByCoord.out.bam	/projects/b1213/resources/processed-data/ase-files/caudate/phASER/R13077.vcf.gz
R13078	Br5066	Br5066	/projects/b1042/HEART-GeN-Lab/brainseq_data/bsp3/star-wasp/aligned_bams/R13078_Aligned.sortedByCoord.out.bam	/projects/b1213/resources/processed-data/ase-files/caudate/phASER/R13078.vcf.gz
R13079	Br5135	Br5135	/projects/b1042/HEART-GeN-Lab/brainseq_data/bsp3/star-wasp/aligned_bams/R13079_Aligned.sortedByCoord.out.bam	/projects/b1213/resources/processed-data/ase-files/caudate/phASER/R13079.vcf.gz
R13081	Br5154	Br5154	/projects/b1042/HEART-GeN-Lab/brainseq_data/bsp3/star-wasp/aligned_bams/R13081_Aligned.sortedByCoord.out.bam	/projects/b1213/resources/processed-data/ase-files/caudate/phASER/R13081.vcf.gz
R13082	Br5155	Br5155	/projects/b1042/HEART-GeN-Lab/brainseq_data/bsp3/star-wasp/aligned_bams/R13082_Aligned.sortedByCoord.out.bam	/projects/b1213/resources/processed-data/ase-files/caudate/phASER/R13082.vcf.gz
R13083	Br5161	Br5161	/projects/b1042/HEART-GeN-Lab/brainseq_data/bsp3/star-wasp/aligned_bams/R13083_Aligned.sortedByCoord.out.bam	/projects/b1213/resources/processed-data/ase-files/caudate/phASER/R13083.vcf.gz
R13084	Br5165	Br5165	/projects/b1042/HEART-GeN-Lab/brainseq_data/bsp3/star-wasp/aligned_bams/R13084_Aligned.sortedByCoord.out.bam	/projects/b1213/resources/processed-data/ase-files/caudate/phASER/R13084.vcf.gz
R13085	Br5166	Br5166	/projects/b1042/HEART-GeN-Lab/brainseq_data/bsp3/star-wasp/aligned_bams/R13085_Aligned.sortedByCoord.out.bam	/projects/b1213/resources/processed-data/ase-files/caudate/phASER/R13085.vcf.gz
R13086	Br5168	Br5168	/projects/b1042/HEART-GeN-Lab/brainseq_data/bsp3/star-wasp/aligned_bams/R13086_Aligned.sortedByCoord.out.bam	/projects/b1213/resources/processed-data/ase-files/caudate/phASER/R13086.vcf.gz
R13087	Br5182	Br5182	/projects/b1042/HEART-GeN-Lab/brainseq_data/bsp3/star-wasp/aligned_bams/R13087_Aligned.sortedByCoord.out.bam	/projects/b1213/resources/processed-data/ase-files/caudate/phASER/R13087.vcf.gz
R13088	Br5190	Br5190	/projects/b1042/HEART-GeN-Lab/brainseq_data/bsp3/star-wasp/aligned_bams/R13088_Aligned.sortedByCoord.out.bam	/projects/b1213/resources/processed-data/ase-files/caudate/phASER/R13088.vcf.gz
R13089	Br5200	Br5200	/projects/b1042/HEART-GeN-Lab/brainseq_data/bsp3/star-wasp/aligned_bams/R13089_Aligned.sortedByCoord.out.bam	/projects/b1213/resources/processed-data/ase-files/caudate/phASER/R13089.vcf.gz
R13090	Br5205	Br5205	/projects/b1042/HEART-GeN-Lab/brainseq_data/bsp3/star-wasp/aligned_bams/R13090_Aligned.sortedByCoord.out.bam	/projects/b1213/resources/processed-data/ase-files/caudate/phASER/R13090.vcf.gz
R13091	Br5207	Br5207	/projects/b1042/HEART-GeN-Lab/brainseq_data/bsp3/star-wasp/aligned_bams/R13091_Aligned.sortedByCoord.out.bam	/projects/b1213/resources/processed-data/ase-files/caudate/phASER/R13091.vcf.gz
R13092	Br5209	Br5209	/projects/b1042/HEART-GeN-Lab/brainseq_data/bsp3/star-wasp/aligned_bams/R13092_Aligned.sortedByCoord.out.bam	/projects/b1213/resources/processed-data/ase-files/caudate/phASER/R13092.vcf.gz
R13106	Br5212	Br5212	/projects/b1042/HEART-GeN-Lab/brainseq_data/bsp3/star-wasp/aligned_bams/R13106_Aligned.sortedByCoord.out.bam	/projects/b1213/resources/processed-data/ase-files/caudate/phASER/R13106.vcf.gz
R13109	Br5228	Br5228	/projects/b1042/HEART-GeN-Lab/brainseq_data/bsp3/star-wasp/aligned_bams/R13109_Aligned.sortedByCoord.out.bam	/projects/b1213/resources/processed-data/ase-files/caudate/phASER/R13109.vcf.gz
R13110	Br5232	Br5232	/projects/b1042/HEART-GeN-Lab/brainseq_data/bsp3/star-wasp/aligned_bams/R13110_Aligned.sortedByCoord.out.bam	/projects/b1213/resources/processed-data/ase-files/caudate/phASER/R13110.vcf.gz
R13111	Br5235	Br5235	/projects/b1042/HEART-GeN-Lab/brainseq_data/bsp3/star-wasp/aligned_bams/R13111_Aligned.sortedByCoord.out.bam	/projects/b1213/resources/processed-data/ase-files/caudate/phASER/R13111.vcf.gz
R13112	Br5237	Br5237	/projects/b1042/HEART-GeN-Lab/brainseq_data/bsp3/star-wasp/aligned_bams/R13112_Aligned.sortedByCoord.out.bam	/projects/b1213/resources/processed-data/ase-files/caudate/phASER/R13112.vcf.gz
R13113	Br5239	Br5239	/projects/b1042/HEART-GeN-Lab/brainseq_data/bsp3/star-wasp/aligned_bams/R13113_Aligned.sortedByCoord.out.bam	/projects/b1213/resources/processed-data/ase-files/caudate/phASER/R13113.vcf.gz
R13114	Br5243	Br5243	/projects/b1042/HEART-GeN-Lab/brainseq_data/bsp3/star-wasp/aligned_bams/R13114_Aligned.sortedByCoord.out.bam	/projects/b1213/resources/processed-data/ase-files/caudate/phASER/R13114.vcf.gz
R13115	Br5250	Br5250	/projects/b1042/HEART-GeN-Lab/brainseq_data/bsp3/star-wasp/aligned_bams/R13115_Aligned.sortedByCoord.out.bam	/projects/b1213/resources/processed-data/ase-files/caudate/phASER/R13115.vcf.gz
R13116	Br5253	Br5253	/projects/b1042/HEART-GeN-Lab/brainseq_data/bsp3/star-wasp/aligned_bams/R13116_Aligned.sortedByCoord.out.bam	/projects/b1213/resources/processed-data/ase-files/caudate/phASER/R13116.vcf.gz
R13117	Br5259	Br5259	/projects/b1042/HEART-GeN-Lab/brainseq_data/bsp3/star-wasp/aligned_bams/R13117_Aligned.sortedByCoord.out.bam	/projects/b1213/resources/processed-data/ase-files/caudate/phASER/R13117.vcf.gz
R13118	Br5262	Br5262	/projects/b1042/HEART-GeN-Lab/brainseq_data/bsp3/star-wasp/aligned_bams/R13118_Aligned.sortedByCoord.out.bam	/projects/b1213/resources/processed-data/ase-files/caudate/phASER/R13118.vcf.gz
R13119	Br5264	Br5264	/projects/b1042/HEART-GeN-Lab/brainseq_data/bsp3/star-wasp/aligned_bams/R13119_Aligned.sortedByCoord.out.bam	/projects/b1213/resources/processed-data/ase-files/caudate/phASER/R13119.vcf.gz
R13121	Br5276	Br5276	/projects/b1042/HEART-GeN-Lab/brainseq_data/bsp3/star-wasp/aligned_bams/R13121_Aligned.sortedByCoord.out.bam	/projects/b1213/resources/processed-data/ase-files/caudate/phASER/R13121.vcf.gz
R13122	Br5280	Br5280	/projects/b1042/HEART-GeN-Lab/brainseq_data/bsp3/star-wasp/aligned_bams/R13122_Aligned.sortedByCoord.out.bam	/projects/b1213/resources/processed-data/ase-files/caudate/phASER/R13122.vcf.gz
R13123	Br5286	Br5286	/projects/b1042/HEART-GeN-Lab/brainseq_data/bsp3/star-wasp/aligned_bams/R13123_Aligned.sortedByCoord.out.bam	/projects/b1213/resources/processed-data/ase-files/caudate/phASER/R13123.vcf.gz
R13124	Br5287	Br5287	/projects/b1042/HEART-GeN-Lab/brainseq_data/bsp3/star-wasp/aligned_bams/R13124_Aligned.sortedByCoord.out.bam	/projects/b1213/resources/processed-data/ase-files/caudate/phASER/R13124.vcf.gz
R13125	Br5292	Br5292	/projects/b1042/HEART-GeN-Lab/brainseq_data/bsp3/star-wasp/aligned_bams/R13125_Aligned.sortedByCoord.out.bam	/projects/b1213/resources/processed-data/ase-files/caudate/phASER/R13125.vcf.gz
R13126	Br5310	Br5310	/projects/b1042/HEART-GeN-Lab/brainseq_data/bsp3/star-wasp/aligned_bams/R13126_Aligned.sortedByCoord.out.bam	/projects/b1213/resources/processed-data/ase-files/caudate/phASER/R13126.vcf.gz
R13127	Br5314	Br5314	/projects/b1042/HEART-GeN-Lab/brainseq_data/bsp3/star-wasp/aligned_bams/R13127_Aligned.sortedByCoord.out.bam	/projects/b1213/resources/processed-data/ase-files/caudate/phASER/R13127.vcf.gz
R13128	Br5323	Br5323	/projects/b1042/HEART-GeN-Lab/brainseq_data/bsp3/star-wasp/aligned_bams/R13128_Aligned.sortedByCoord.out.bam	/projects/b1213/resources/processed-data/ase-files/caudate/phASER/R13128.vcf.gz
R13129	Br5324	Br5324	/projects/b1042/HEART-GeN-Lab/brainseq_data/bsp3/star-wasp/aligned_bams/R13129_Aligned.sortedByCoord.out.bam	/projects/b1213/resources/processed-data/ase-files/caudate/phASER/R13129.vcf.gz
R13130	Br5330	Br5330	/projects/b1042/HEART-GeN-Lab/brainseq_data/bsp3/star-wasp/aligned_bams/R13130_Aligned.sortedByCoord.out.bam	/projects/b1213/resources/processed-data/ase-files/caudate/phASER/R13130.vcf.gz
R13131	Br5338	Br5338	/projects/b1042/HEART-GeN-Lab/brainseq_data/bsp3/star-wasp/aligned_bams/R13131_Aligned.sortedByCoord.out.bam	/projects/b1213/resources/processed-data/ase-files/caudate/phASER/R13131.vcf.gz
R13132	Br5347	Br5347	/projects/b1042/HEART-GeN-Lab/brainseq_data/bsp3/star-wasp/aligned_bams/R13132_Aligned.sortedByCoord.out.bam	/projects/b1213/resources/processed-data/ase-files/caudate/phASER/R13132.vcf.gz
R13133	Br5348	Br5348	/projects/b1042/HEART-GeN-Lab/brainseq_data/bsp3/star-wasp/aligned_bams/R13133_Aligned.sortedByCoord.out.bam	/projects/b1213/resources/processed-data/ase-files/caudate/phASER/R13133.vcf.gz
R13134	Br5367	Br5367	/projects/b1042/HEART-GeN-Lab/brainseq_data/bsp3/star-wasp/aligned_bams/R13134_Aligned.sortedByCoord.out.bam	/projects/b1213/resources/processed-data/ase-files/caudate/phASER/R13134.vcf.gz
R13135	Br5369	Br5369	/projects/b1042/HEART-GeN-Lab/brainseq_data/bsp3/star-wasp/aligned_bams/R13135_Aligned.sortedByCoord.out.bam	/projects/b1213/resources/processed-data/ase-files/caudate/phASER/R13135.vcf.gz
R13136	Br5370	Br5370	/projects/b1042/HEART-GeN-Lab/brainseq_data/bsp3/star-wasp/aligned_bams/R13136_Aligned.sortedByCoord.out.bam	/projects/b1213/resources/processed-data/ase-files/caudate/phASER/R13136.vcf.gz
R13137	Br5401	Br5401	/projects/b1042/HEART-GeN-Lab/brainseq_data/bsp3/star-wasp/aligned_bams/R13137_Aligned.sortedByCoord.out.bam	/projects/b1213/resources/processed-data/ase-files/caudate/phASER/R13137.vcf.gz
R13138	Br5422	Br5422	/projects/b1042/HEART-GeN-Lab/brainseq_data/bsp3/star-wasp/aligned_bams/R13138_Aligned.sortedByCoord.out.bam	/projects/b1213/resources/processed-data/ase-files/caudate/phASER/R13138.vcf.gz
R13139	Br5426	Br5426	/projects/b1042/HEART-GeN-Lab/brainseq_data/bsp3/star-wasp/aligned_bams/R13139_Aligned.sortedByCoord.out.bam	/projects/b1213/resources/processed-data/ase-files/caudate/phASER/R13139.vcf.gz
R13140	Br5551	Br5551	/projects/b1042/HEART-GeN-Lab/brainseq_data/bsp3/star-wasp/aligned_bams/R13140_Aligned.sortedByCoord.out.bam	/projects/b1213/resources/processed-data/ase-files/caudate/phASER/R13140.vcf.gz
R13141	Br5584	Br5584	/projects/b1042/HEART-GeN-Lab/brainseq_data/bsp3/star-wasp/aligned_bams/R13141_Aligned.sortedByCoord.out.bam	/projects/b1213/resources/processed-data/ase-files/caudate/phASER/R13141.vcf.gz
R13142	Br1692	Br1692	/projects/b1042/HEART-GeN-Lab/brainseq_data/bsp3/star-wasp/aligned_bams/R13142_Aligned.sortedByCoord.out.bam	/projects/b1213/resources/processed-data/ase-files/caudate/phASER/R13142.vcf.gz
R13144	Br2083	Br2083	/projects/b1042/HEART-GeN-Lab/brainseq_data/bsp3/star-wasp/aligned_bams/R13144_Aligned.sortedByCoord.out.bam	/projects/b1213/resources/processed-data/ase-files/caudate/phASER/R13144.vcf.gz
R13145	Br5242	Br5242	/projects/b1042/HEART-GeN-Lab/brainseq_data/bsp3/star-wasp/aligned_bams/R13145_Aligned.sortedByCoord.out.bam	/projects/b1213/resources/processed-data/ase-files/caudate/phASER/R13145.vcf.gz
R13146	Br5417	Br5417	/projects/b1042/HEART-GeN-Lab/brainseq_data/bsp3/star-wasp/aligned_bams/R13146_Aligned.sortedByCoord.out.bam	/projects/b1213/resources/processed-data/ase-files/caudate/phASER/R13146.vcf.gz
R13148	Br5460	Br5460	/projects/b1042/HEART-GeN-Lab/brainseq_data/bsp3/star-wasp/aligned_bams/R13148_Aligned.sortedByCoord.out.bam	/projects/b1213/resources/processed-data/ase-files/caudate/phASER/R13148.vcf.gz
R13149	Br5488	Br5488	/projects/b1042/HEART-GeN-Lab/brainseq_data/bsp3/star-wasp/aligned_bams/R13149_Aligned.sortedByCoord.out.bam	/projects/b1213/resources/processed-data/ase-files/caudate/phASER/R13149.vcf.gz
R13150	Br5529	Br5529	/projects/b1042/HEART-GeN-Lab/brainseq_data/bsp3/star-wasp/aligned_bams/R13150_Aligned.sortedByCoord.out.bam	/projects/b1213/resources/processed-data/ase-files/caudate/phASER/R13150.vcf.gz
R13151	Br5555	Br5555	/projects/b1042/HEART-GeN-Lab/brainseq_data/bsp3/star-wasp/aligned_bams/R13151_Aligned.sortedByCoord.out.bam	/projects/b1213/resources/processed-data/ase-files/caudate/phASER/R13151.vcf.gz
R13152	Br5556	Br5556	/projects/b1042/HEART-GeN-Lab/brainseq_data/bsp3/star-wasp/aligned_bams/R13152_Aligned.sortedByCoord.out.bam	/projects/b1213/resources/processed-data/ase-files/caudate/phASER/R13152.vcf.gz
R13153	Br5590	Br5590	/projects/b1042/HEART-GeN-Lab/brainseq_data/bsp3/star-wasp/aligned_bams/R13153_Aligned.sortedByCoord.out.bam	/projects/b1213/resources/processed-data/ase-files/caudate/phASER/R13153.vcf.gz
R13154	Br1309	Br1309	/projects/b1042/HEART-GeN-Lab/brainseq_data/bsp3/star-wasp/aligned_bams/R13154_Aligned.sortedByCoord.out.bam	/projects/b1213/resources/processed-data/ase-files/caudate/phASER/R13154.vcf.gz
R13155	Br1317	Br1317	/projects/b1042/HEART-GeN-Lab/brainseq_data/bsp3/star-wasp/aligned_bams/R13155_Aligned.sortedByCoord.out.bam	/projects/b1213/resources/processed-data/ase-files/caudate/phASER/R13155.vcf.gz
R13156	Br1327	Br1327	/projects/b1042/HEART-GeN-Lab/brainseq_data/bsp3/star-wasp/aligned_bams/R13156_Aligned.sortedByCoord.out.bam	/projects/b1213/resources/processed-data/ase-files/caudate/phASER/R13156.vcf.gz
R13157	Br1437	Br1437	/projects/b1042/HEART-GeN-Lab/brainseq_data/bsp3/star-wasp/aligned_bams/R13157_Aligned.sortedByCoord.out.bam	/projects/b1213/resources/processed-data/ase-files/caudate/phASER/R13157.vcf.gz
R13158	Br1511	Br1511	/projects/b1042/HEART-GeN-Lab/brainseq_data/bsp3/star-wasp/aligned_bams/R13158_Aligned.sortedByCoord.out.bam	/projects/b1213/resources/processed-data/ase-files/caudate/phASER/R13158.vcf.gz
R13160	Br1759	Br1759	/projects/b1042/HEART-GeN-Lab/brainseq_data/bsp3/star-wasp/aligned_bams/R13160_Aligned.sortedByCoord.out.bam	/projects/b1213/resources/processed-data/ase-files/caudate/phASER/R13160.vcf.gz
R13161	Br1921	Br1921	/projects/b1042/HEART-GeN-Lab/brainseq_data/bsp3/star-wasp/aligned_bams/R13161_Aligned.sortedByCoord.out.bam	/projects/b1213/resources/processed-data/ase-files/caudate/phASER/R13161.vcf.gz
R13162	Br1947	Br1947	/projects/b1042/HEART-GeN-Lab/brainseq_data/bsp3/star-wasp/aligned_bams/R13162_Aligned.sortedByCoord.out.bam	/projects/b1213/resources/processed-data/ase-files/caudate/phASER/R13162.vcf.gz
R13164	Br1984	Br1984	/projects/b1042/HEART-GeN-Lab/brainseq_data/bsp3/star-wasp/aligned_bams/R13164_Aligned.sortedByCoord.out.bam	/projects/b1213/resources/processed-data/ase-files/caudate/phASER/R13164.vcf.gz
R13165	Br1992	Br1992	/projects/b1042/HEART-GeN-Lab/brainseq_data/bsp3/star-wasp/aligned_bams/R13165_Aligned.sortedByCoord.out.bam	/projects/b1213/resources/processed-data/ase-files/caudate/phASER/R13165.vcf.gz
R13166	Br2022	Br2022	/projects/b1042/HEART-GeN-Lab/brainseq_data/bsp3/star-wasp/aligned_bams/R13166_Aligned.sortedByCoord.out.bam	/projects/b1213/resources/processed-data/ase-files/caudate/phASER/R13166.vcf.gz
R13167	Br2269	Br2269	/projects/b1042/HEART-GeN-Lab/brainseq_data/bsp3/star-wasp/aligned_bams/R13167_Aligned.sortedByCoord.out.bam	/projects/b1213/resources/processed-data/ase-files/caudate/phASER/R13167.vcf.gz
R13178	Br1414	Br1414	/projects/b1042/HEART-GeN-Lab/brainseq_data/bsp3/star-wasp/aligned_bams/R13178_Aligned.sortedByCoord.out.bam	/projects/b1213/resources/processed-data/ase-files/caudate/phASER/R13178.vcf.gz
R13183	Br1677	Br1677	/projects/b1042/HEART-GeN-Lab/brainseq_data/bsp3/star-wasp/aligned_bams/R13183_Aligned.sortedByCoord.out.bam	/projects/b1213/resources/processed-data/ase-files/caudate/phASER/R13183.vcf.gz
R13184	Br1724	Br1724	/projects/b1042/HEART-GeN-Lab/brainseq_data/bsp3/star-wasp/aligned_bams/R13184_Aligned.sortedByCoord.out.bam	/projects/b1213/resources/processed-data/ase-files/caudate/phASER/R13184.vcf.gz
R13185	Br1734	Br1734	/projects/b1042/HEART-GeN-Lab/brainseq_data/bsp3/star-wasp/aligned_bams/R13185_Aligned.sortedByCoord.out.bam	/projects/b1213/resources/processed-data/ase-files/caudate/phASER/R13185.vcf.gz
R13186	Br1760	Br1760	/projects/b1042/HEART-GeN-Lab/brainseq_data/bsp3/star-wasp/aligned_bams/R13186_Aligned.sortedByCoord.out.bam	/projects/b1213/resources/processed-data/ase-files/caudate/phASER/R13186.vcf.gz
R13187	Br1931	Br1931	/projects/b1042/HEART-GeN-Lab/brainseq_data/bsp3/star-wasp/aligned_bams/R13187_Aligned.sortedByCoord.out.bam	/projects/b1213/resources/processed-data/ase-files/caudate/phASER/R13187.vcf.gz
R13190	Br871	Br0871	/projects/b1042/HEART-GeN-Lab/brainseq_data/bsp3/star-wasp/aligned_bams/R13190_Aligned.sortedByCoord.out.bam	/projects/b1213/resources/processed-data/ase-files/caudate/phASER/R13190.vcf.gz
R13191	Br931	Br0931	/projects/b1042/HEART-GeN-Lab/brainseq_data/bsp3/star-wasp/aligned_bams/R13191_Aligned.sortedByCoord.out.bam	/projects/b1213/resources/processed-data/ase-files/caudate/phASER/R13191.vcf.gz
R13192	Br1163	Br1163	/projects/b1042/HEART-GeN-Lab/brainseq_data/bsp3/star-wasp/aligned_bams/R13192_Aligned.sortedByCoord.out.bam	/projects/b1213/resources/processed-data/ase-files/caudate/phASER/R13192.vcf.gz
R13194	Br1415	Br1415	/projects/b1042/HEART-GeN-Lab/brainseq_data/bsp3/star-wasp/aligned_bams/R13194_Aligned.sortedByCoord.out.bam	/projects/b1213/resources/processed-data/ase-files/caudate/phASER/R13194.vcf.gz
R13195	Br1430	Br1430	/projects/b1042/HEART-GeN-Lab/brainseq_data/bsp3/star-wasp/aligned_bams/R13195_Aligned.sortedByCoord.out.bam	/projects/b1213/resources/processed-data/ase-files/caudate/phASER/R13195.vcf.gz
R13196	Br1454	Br1454	/projects/b1042/HEART-GeN-Lab/brainseq_data/bsp3/star-wasp/aligned_bams/R13196_Aligned.sortedByCoord.out.bam	/projects/b1213/resources/processed-data/ase-files/caudate/phASER/R13196.vcf.gz
R13197	Br1554	Br1554	/projects/b1042/HEART-GeN-Lab/brainseq_data/bsp3/star-wasp/aligned_bams/R13197_Aligned.sortedByCoord.out.bam	/projects/b1213/resources/processed-data/ase-files/caudate/phASER/R13197.vcf.gz
R13198	Br1562	Br1562	/projects/b1042/HEART-GeN-Lab/brainseq_data/bsp3/star-wasp/aligned_bams/R13198_Aligned.sortedByCoord.out.bam	/projects/b1213/resources/processed-data/ase-files/caudate/phASER/R13198.vcf.gz
R13199	Br1630	Br1630	/projects/b1042/HEART-GeN-Lab/brainseq_data/bsp3/star-wasp/aligned_bams/R13199_Aligned.sortedByCoord.out.bam	/projects/b1213/resources/processed-data/ase-files/caudate/phASER/R13199.vcf.gz
R13200	Br1713	Br1713	/projects/b1042/HEART-GeN-Lab/brainseq_data/bsp3/star-wasp/aligned_bams/R13200_Aligned.sortedByCoord.out.bam	/projects/b1213/resources/processed-data/ase-files/caudate/phASER/R13200.vcf.gz
R13201	Br1744	Br1744	/projects/b1042/HEART-GeN-Lab/brainseq_data/bsp3/star-wasp/aligned_bams/R13201_Aligned.sortedByCoord.out.bam	/projects/b1213/resources/processed-data/ase-files/caudate/phASER/R13201.vcf.gz
R13202	Br1752	Br1752	/projects/b1042/HEART-GeN-Lab/brainseq_data/bsp3/star-wasp/aligned_bams/R13202_Aligned.sortedByCoord.out.bam	/projects/b1213/resources/processed-data/ase-files/caudate/phASER/R13202.vcf.gz
R13203	Br1821	Br1821	/projects/b1042/HEART-GeN-Lab/brainseq_data/bsp3/star-wasp/aligned_bams/R13203_Aligned.sortedByCoord.out.bam	/projects/b1213/resources/processed-data/ase-files/caudate/phASER/R13203.vcf.gz
R13204	Br1896	Br1896	/projects/b1042/HEART-GeN-Lab/brainseq_data/bsp3/star-wasp/aligned_bams/R13204_Aligned.sortedByCoord.out.bam	/projects/b1213/resources/processed-data/ase-files/caudate/phASER/R13204.vcf.gz
R13205	Br1901	Br1901	/projects/b1042/HEART-GeN-Lab/brainseq_data/bsp3/star-wasp/aligned_bams/R13205_Aligned.sortedByCoord.out.bam	/projects/b1213/resources/processed-data/ase-files/caudate/phASER/R13205.vcf.gz
R13214	Br1404	Br1404	/projects/b1042/HEART-GeN-Lab/brainseq_data/bsp3/star-wasp/aligned_bams/R13214_Aligned.sortedByCoord.out.bam	/projects/b1213/resources/processed-data/ase-files/caudate/phASER/R13214.vcf.gz
R13215	Br1651	Br1651	/projects/b1042/HEART-GeN-Lab/brainseq_data/bsp3/star-wasp/aligned_bams/R13215_Aligned.sortedByCoord.out.bam	/projects/b1213/resources/processed-data/ase-files/caudate/phASER/R13215.vcf.gz
R13216	Br2040	Br2040	/projects/b1042/HEART-GeN-Lab/brainseq_data/bsp3/star-wasp/aligned_bams/R13216_Aligned.sortedByCoord.out.bam	/projects/b1213/resources/processed-data/ase-files/caudate/phASER/R13216.vcf.gz
R13217	Br2071	Br2071	/projects/b1042/HEART-GeN-Lab/brainseq_data/bsp3/star-wasp/aligned_bams/R13217_Aligned.sortedByCoord.out.bam	/projects/b1213/resources/processed-data/ase-files/caudate/phASER/R13217.vcf.gz
R13218	Br2078	Br2078	/projects/b1042/HEART-GeN-Lab/brainseq_data/bsp3/star-wasp/aligned_bams/R13218_Aligned.sortedByCoord.out.bam	/projects/b1213/resources/processed-data/ase-files/caudate/phASER/R13218.vcf.gz
R13219	Br2260	Br2260	/projects/b1042/HEART-GeN-Lab/brainseq_data/bsp3/star-wasp/aligned_bams/R13219_Aligned.sortedByCoord.out.bam	/projects/b1213/resources/processed-data/ase-files/caudate/phASER/R13219.vcf.gz
R13220	Br2262	Br2262	/projects/b1042/HEART-GeN-Lab/brainseq_data/bsp3/star-wasp/aligned_bams/R13220_Aligned.sortedByCoord.out.bam	/projects/b1213/resources/processed-data/ase-files/caudate/phASER/R13220.vcf.gz
R13221	Br2272	Br2272	/projects/b1042/HEART-GeN-Lab/brainseq_data/bsp3/star-wasp/aligned_bams/R13221_Aligned.sortedByCoord.out.bam	/projects/b1213/resources/processed-data/ase-files/caudate/phASER/R13221.vcf.gz
R13223	Br2294	Br2294	/projects/b1042/HEART-GeN-Lab/brainseq_data/bsp3/star-wasp/aligned_bams/R13223_Aligned.sortedByCoord.out.bam	/projects/b1213/resources/processed-data/ase-files/caudate/phASER/R13223.vcf.gz
R13224	Br2309	Br2309	/projects/b1042/HEART-GeN-Lab/brainseq_data/bsp3/star-wasp/aligned_bams/R13224_Aligned.sortedByCoord.out.bam	/projects/b1213/resources/processed-data/ase-files/caudate/phASER/R13224.vcf.gz
R13225	Br2321	Br2321	/projects/b1042/HEART-GeN-Lab/brainseq_data/bsp3/star-wasp/aligned_bams/R13225_Aligned.sortedByCoord.out.bam	/projects/b1213/resources/processed-data/ase-files/caudate/phASER/R13225.vcf.gz
R13226	Br823	Br0823	/projects/b1042/HEART-GeN-Lab/brainseq_data/bsp3/star-wasp/aligned_bams/R13226_Aligned.sortedByCoord.out.bam	/projects/b1213/resources/processed-data/ase-files/caudate/phASER/R13226.vcf.gz
R13227	Br846	Br0846	/projects/b1042/HEART-GeN-Lab/brainseq_data/bsp3/star-wasp/aligned_bams/R13227_Aligned.sortedByCoord.out.bam	/projects/b1213/resources/processed-data/ase-files/caudate/phASER/R13227.vcf.gz
R13228	Br847	Br0847	/projects/b1042/HEART-GeN-Lab/brainseq_data/bsp3/star-wasp/aligned_bams/R13228_Aligned.sortedByCoord.out.bam	/projects/b1213/resources/processed-data/ase-files/caudate/phASER/R13228.vcf.gz
R13229	Br848	Br0848	/projects/b1042/HEART-GeN-Lab/brainseq_data/bsp3/star-wasp/aligned_bams/R13229_Aligned.sortedByCoord.out.bam	/projects/b1213/resources/processed-data/ase-files/caudate/phASER/R13229.vcf.gz
R13230	Br856	Br0856	/projects/b1042/HEART-GeN-Lab/brainseq_data/bsp3/star-wasp/aligned_bams/R13230_Aligned.sortedByCoord.out.bam	/projects/b1213/resources/processed-data/ase-files/caudate/phASER/R13230.vcf.gz
R13231	Br859	Br0859	/projects/b1042/HEART-GeN-Lab/brainseq_data/bsp3/star-wasp/aligned_bams/R13231_Aligned.sortedByCoord.out.bam	/projects/b1213/resources/processed-data/ase-files/caudate/phASER/R13231.vcf.gz
R13232	Br863	Br0863	/projects/b1042/HEART-GeN-Lab/brainseq_data/bsp3/star-wasp/aligned_bams/R13232_Aligned.sortedByCoord.out.bam	/projects/b1213/resources/processed-data/ase-files/caudate/phASER/R13232.vcf.gz
R13233	Br869	Br0869	/projects/b1042/HEART-GeN-Lab/brainseq_data/bsp3/star-wasp/aligned_bams/R13233_Aligned.sortedByCoord.out.bam	/projects/b1213/resources/processed-data/ase-files/caudate/phASER/R13233.vcf.gz
R13234	Br888	Br0888	/projects/b1042/HEART-GeN-Lab/brainseq_data/bsp3/star-wasp/aligned_bams/R13234_Aligned.sortedByCoord.out.bam	/projects/b1213/resources/processed-data/ase-files/caudate/phASER/R13234.vcf.gz
R13235	Br894	Br0894	/projects/b1042/HEART-GeN-Lab/brainseq_data/bsp3/star-wasp/aligned_bams/R13235_Aligned.sortedByCoord.out.bam	/projects/b1213/resources/processed-data/ase-files/caudate/phASER/R13235.vcf.gz
R13236	Br914	Br0914	/projects/b1042/HEART-GeN-Lab/brainseq_data/bsp3/star-wasp/aligned_bams/R13236_Aligned.sortedByCoord.out.bam	/projects/b1213/resources/processed-data/ase-files/caudate/phASER/R13236.vcf.gz
R13237	Br0922	Br0922	/projects/b1042/HEART-GeN-Lab/brainseq_data/bsp3/star-wasp/aligned_bams/R13237_Aligned.sortedByCoord.out.bam	/projects/b1213/resources/processed-data/ase-files/caudate/phASER/R13237.vcf.gz
R13238	Br948	Br0948	/projects/b1042/HEART-GeN-Lab/brainseq_data/bsp3/star-wasp/aligned_bams/R13238_Aligned.sortedByCoord.out.bam	/projects/b1213/resources/processed-data/ase-files/caudate/phASER/R13238.vcf.gz
R13239	Br957	Br0957	/projects/b1042/HEART-GeN-Lab/brainseq_data/bsp3/star-wasp/aligned_bams/R13239_Aligned.sortedByCoord.out.bam	/projects/b1213/resources/processed-data/ase-files/caudate/phASER/R13239.vcf.gz
R13240	Br963	Br0963	/projects/b1042/HEART-GeN-Lab/brainseq_data/bsp3/star-wasp/aligned_bams/R13240_Aligned.sortedByCoord.out.bam	/projects/b1213/resources/processed-data/ase-files/caudate/phASER/R13240.vcf.gz
R13241	Br983	Br0983	/projects/b1042/HEART-GeN-Lab/brainseq_data/bsp3/star-wasp/aligned_bams/R13241_Aligned.sortedByCoord.out.bam	/projects/b1213/resources/processed-data/ase-files/caudate/phASER/R13241.vcf.gz
R13242	Br993	Br0993	/projects/b1042/HEART-GeN-Lab/brainseq_data/bsp3/star-wasp/aligned_bams/R13242_Aligned.sortedByCoord.out.bam	/projects/b1213/resources/processed-data/ase-files/caudate/phASER/R13242.vcf.gz
R13243	Br1003	Br1003	/projects/b1042/HEART-GeN-Lab/brainseq_data/bsp3/star-wasp/aligned_bams/R13243_Aligned.sortedByCoord.out.bam	/projects/b1213/resources/processed-data/ase-files/caudate/phASER/R13243.vcf.gz
R13244	Br1004	Br1004	/projects/b1042/HEART-GeN-Lab/brainseq_data/bsp3/star-wasp/aligned_bams/R13244_Aligned.sortedByCoord.out.bam	/projects/b1213/resources/processed-data/ase-files/caudate/phASER/R13244.vcf.gz
R13245	Br1006	Br1006	/projects/b1042/HEART-GeN-Lab/brainseq_data/bsp3/star-wasp/aligned_bams/R13245_Aligned.sortedByCoord.out.bam	/projects/b1213/resources/processed-data/ase-files/caudate/phASER/R13245.vcf.gz
R13246	Br1007	Br1007	/projects/b1042/HEART-GeN-Lab/brainseq_data/bsp3/star-wasp/aligned_bams/R13246_Aligned.sortedByCoord.out.bam	/projects/b1213/resources/processed-data/ase-files/caudate/phASER/R13246.vcf.gz
R13247	Br1016	Br1016	/projects/b1042/HEART-GeN-Lab/brainseq_data/bsp3/star-wasp/aligned_bams/R13247_Aligned.sortedByCoord.out.bam	/projects/b1213/resources/processed-data/ase-files/caudate/phASER/R13247.vcf.gz
R13248	Br1017	Br1017	/projects/b1042/HEART-GeN-Lab/brainseq_data/bsp3/star-wasp/aligned_bams/R13248_Aligned.sortedByCoord.out.bam	/projects/b1213/resources/processed-data/ase-files/caudate/phASER/R13248.vcf.gz
R13249	Br1021	Br1021	/projects/b1042/HEART-GeN-Lab/brainseq_data/bsp3/star-wasp/aligned_bams/R13249_Aligned.sortedByCoord.out.bam	/projects/b1213/resources/processed-data/ase-files/caudate/phASER/R13249.vcf.gz
R13250	Br1025	Br1025	/projects/b1042/HEART-GeN-Lab/brainseq_data/bsp3/star-wasp/aligned_bams/R13250_Aligned.sortedByCoord.out.bam	/projects/b1213/resources/processed-data/ase-files/caudate/phASER/R13250.vcf.gz
R13251	Br1030	Br1030	/projects/b1042/HEART-GeN-Lab/brainseq_data/bsp3/star-wasp/aligned_bams/R13251_Aligned.sortedByCoord.out.bam	/projects/b1213/resources/processed-data/ase-files/caudate/phASER/R13251.vcf.gz
R13252	Br1039	Br1039	/projects/b1042/HEART-GeN-Lab/brainseq_data/bsp3/star-wasp/aligned_bams/R13252_Aligned.sortedByCoord.out.bam	/projects/b1213/resources/processed-data/ase-files/caudate/phASER/R13252.vcf.gz
R13253	Br1040	Br1040	/projects/b1042/HEART-GeN-Lab/brainseq_data/bsp3/star-wasp/aligned_bams/R13253_Aligned.sortedByCoord.out.bam	/projects/b1213/resources/processed-data/ase-files/caudate/phASER/R13253.vcf.gz
R13254	Br1041	Br1041	/projects/b1042/HEART-GeN-Lab/brainseq_data/bsp3/star-wasp/aligned_bams/R13254_Aligned.sortedByCoord.out.bam	/projects/b1213/resources/processed-data/ase-files/caudate/phASER/R13254.vcf.gz
R13255	Br1050	Br1050	/projects/b1042/HEART-GeN-Lab/brainseq_data/bsp3/star-wasp/aligned_bams/R13255_Aligned.sortedByCoord.out.bam	/projects/b1213/resources/processed-data/ase-files/caudate/phASER/R13255.vcf.gz
R13256	Br1053	Br1053	/projects/b1042/HEART-GeN-Lab/brainseq_data/bsp3/star-wasp/aligned_bams/R13256_Aligned.sortedByCoord.out.bam	/projects/b1213/resources/processed-data/ase-files/caudate/phASER/R13256.vcf.gz
R13257	Br1054	Br1054	/projects/b1042/HEART-GeN-Lab/brainseq_data/bsp3/star-wasp/aligned_bams/R13257_Aligned.sortedByCoord.out.bam	/projects/b1213/resources/processed-data/ase-files/caudate/phASER/R13257.vcf.gz
R13258	Br1056	Br1056	/projects/b1042/HEART-GeN-Lab/brainseq_data/bsp3/star-wasp/aligned_bams/R13258_Aligned.sortedByCoord.out.bam	/projects/b1213/resources/processed-data/ase-files/caudate/phASER/R13258.vcf.gz
R13261	Br1067	Br1067	/projects/b1042/HEART-GeN-Lab/brainseq_data/bsp3/star-wasp/aligned_bams/R13261_Aligned.sortedByCoord.out.bam	/projects/b1213/resources/processed-data/ase-files/caudate/phASER/R13261.vcf.gz
R13262	Br1069	Br1069	/projects/b1042/HEART-GeN-Lab/brainseq_data/bsp3/star-wasp/aligned_bams/R13262_Aligned.sortedByCoord.out.bam	/projects/b1213/resources/processed-data/ase-files/caudate/phASER/R13262.vcf.gz
R13263	Br1081	Br1081	/projects/b1042/HEART-GeN-Lab/brainseq_data/bsp3/star-wasp/aligned_bams/R13263_Aligned.sortedByCoord.out.bam	/projects/b1213/resources/processed-data/ase-files/caudate/phASER/R13263.vcf.gz
R13264	Br1084	Br1084	/projects/b1042/HEART-GeN-Lab/brainseq_data/bsp3/star-wasp/aligned_bams/R13264_Aligned.sortedByCoord.out.bam	/projects/b1213/resources/processed-data/ase-files/caudate/phASER/R13264.vcf.gz
R13265	Br1092	Br1092	/projects/b1042/HEART-GeN-Lab/brainseq_data/bsp3/star-wasp/aligned_bams/R13265_Aligned.sortedByCoord.out.bam	/projects/b1213/resources/processed-data/ase-files/caudate/phASER/R13265.vcf.gz
R13266	Br1093	Br1093	/projects/b1042/HEART-GeN-Lab/brainseq_data/bsp3/star-wasp/aligned_bams/R13266_Aligned.sortedByCoord.out.bam	/projects/b1213/resources/processed-data/ase-files/caudate/phASER/R13266.vcf.gz
R13268	Br1102	Br1102	/projects/b1042/HEART-GeN-Lab/brainseq_data/bsp3/star-wasp/aligned_bams/R13268_Aligned.sortedByCoord.out.bam	/projects/b1213/resources/processed-data/ase-files/caudate/phASER/R13268.vcf.gz
R13269	Br1109	Br1109	/projects/b1042/HEART-GeN-Lab/brainseq_data/bsp3/star-wasp/aligned_bams/R13269_Aligned.sortedByCoord.out.bam	/projects/b1213/resources/processed-data/ase-files/caudate/phASER/R13269.vcf.gz
R13270	Br1113	Br1113	/projects/b1042/HEART-GeN-Lab/brainseq_data/bsp3/star-wasp/aligned_bams/R13270_Aligned.sortedByCoord.out.bam	/projects/b1213/resources/processed-data/ase-files/caudate/phASER/R13270.vcf.gz
R13271	Br1122	Br1122	/projects/b1042/HEART-GeN-Lab/brainseq_data/bsp3/star-wasp/aligned_bams/R13271_Aligned.sortedByCoord.out.bam	/projects/b1213/resources/processed-data/ase-files/caudate/phASER/R13271.vcf.gz
R13272	Br1134	Br1134	/projects/b1042/HEART-GeN-Lab/brainseq_data/bsp3/star-wasp/aligned_bams/R13272_Aligned.sortedByCoord.out.bam	/projects/b1213/resources/processed-data/ase-files/caudate/phASER/R13272.vcf.gz
R13273	Br1135	Br1135	/projects/b1042/HEART-GeN-Lab/brainseq_data/bsp3/star-wasp/aligned_bams/R13273_Aligned.sortedByCoord.out.bam	/projects/b1213/resources/processed-data/ase-files/caudate/phASER/R13273.vcf.gz
R13274	Br1137	Br1137	/projects/b1042/HEART-GeN-Lab/brainseq_data/bsp3/star-wasp/aligned_bams/R13274_Aligned.sortedByCoord.out.bam	/projects/b1213/resources/processed-data/ase-files/caudate/phASER/R13274.vcf.gz
R13275	Br1142	Br1142	/projects/b1042/HEART-GeN-Lab/brainseq_data/bsp3/star-wasp/aligned_bams/R13275_Aligned.sortedByCoord.out.bam	/projects/b1213/resources/processed-data/ase-files/caudate/phASER/R13275.vcf.gz
R13276	Br1143	Br1143	/projects/b1042/HEART-GeN-Lab/brainseq_data/bsp3/star-wasp/aligned_bams/R13276_Aligned.sortedByCoord.out.bam	/projects/b1213/resources/processed-data/ase-files/caudate/phASER/R13276.vcf.gz
R13277	Br1148	Br1148	/projects/b1042/HEART-GeN-Lab/brainseq_data/bsp3/star-wasp/aligned_bams/R13277_Aligned.sortedByCoord.out.bam	/projects/b1213/resources/processed-data/ase-files/caudate/phASER/R13277.vcf.gz
R13278	Br1156	Br1156	/projects/b1042/HEART-GeN-Lab/brainseq_data/bsp3/star-wasp/aligned_bams/R13278_Aligned.sortedByCoord.out.bam	/projects/b1213/resources/processed-data/ase-files/caudate/phASER/R13278.vcf.gz
R13279	Br1160	Br1160	/projects/b1042/HEART-GeN-Lab/brainseq_data/bsp3/star-wasp/aligned_bams/R13279_Aligned.sortedByCoord.out.bam	/projects/b1213/resources/processed-data/ase-files/caudate/phASER/R13279.vcf.gz
R13280	Br1164	Br1164	/projects/b1042/HEART-GeN-Lab/brainseq_data/bsp3/star-wasp/aligned_bams/R13280_Aligned.sortedByCoord.out.bam	/projects/b1213/resources/processed-data/ase-files/caudate/phASER/R13280.vcf.gz
R13281	Br1178	Br1178	/projects/b1042/HEART-GeN-Lab/brainseq_data/bsp3/star-wasp/aligned_bams/R13281_Aligned.sortedByCoord.out.bam	/projects/b1213/resources/processed-data/ase-files/caudate/phASER/R13281.vcf.gz
R13282	Br1179	Br1179	/projects/b1042/HEART-GeN-Lab/brainseq_data/bsp3/star-wasp/aligned_bams/R13282_Aligned.sortedByCoord.out.bam	/projects/b1213/resources/processed-data/ase-files/caudate/phASER/R13282.vcf.gz
R13283	Br1189	Br1189	/projects/b1042/HEART-GeN-Lab/brainseq_data/bsp3/star-wasp/aligned_bams/R13283_Aligned.sortedByCoord.out.bam	/projects/b1213/resources/processed-data/ase-files/caudate/phASER/R13283.vcf.gz
R13284	Br1191	Br1191	/projects/b1042/HEART-GeN-Lab/brainseq_data/bsp3/star-wasp/aligned_bams/R13284_Aligned.sortedByCoord.out.bam	/projects/b1213/resources/processed-data/ase-files/caudate/phASER/R13284.vcf.gz
R13285	Br1193	Br1193	/projects/b1042/HEART-GeN-Lab/brainseq_data/bsp3/star-wasp/aligned_bams/R13285_Aligned.sortedByCoord.out.bam	/projects/b1213/resources/processed-data/ase-files/caudate/phASER/R13285.vcf.gz
R13286	Br1203	Br1203	/projects/b1042/HEART-GeN-Lab/brainseq_data/bsp3/star-wasp/aligned_bams/R13286_Aligned.sortedByCoord.out.bam	/projects/b1213/resources/processed-data/ase-files/caudate/phASER/R13286.vcf.gz
R13287	Br1204	Br1204	/projects/b1042/HEART-GeN-Lab/brainseq_data/bsp3/star-wasp/aligned_bams/R13287_Aligned.sortedByCoord.out.bam	/projects/b1213/resources/processed-data/ase-files/caudate/phASER/R13287.vcf.gz
R13288	Br1214	Br1214	/projects/b1042/HEART-GeN-Lab/brainseq_data/bsp3/star-wasp/aligned_bams/R13288_Aligned.sortedByCoord.out.bam	/projects/b1213/resources/processed-data/ase-files/caudate/phASER/R13288.vcf.gz
R13289	Br1221	Br1221	/projects/b1042/HEART-GeN-Lab/brainseq_data/bsp3/star-wasp/aligned_bams/R13289_Aligned.sortedByCoord.out.bam	/projects/b1213/resources/processed-data/ase-files/caudate/phASER/R13289.vcf.gz
R13291	Br1228	Br1228	/projects/b1042/HEART-GeN-Lab/brainseq_data/bsp3/star-wasp/aligned_bams/R13291_Aligned.sortedByCoord.out.bam	/projects/b1213/resources/processed-data/ase-files/caudate/phASER/R13291.vcf.gz
R13292	Br1245	Br1245	/projects/b1042/HEART-GeN-Lab/brainseq_data/bsp3/star-wasp/aligned_bams/R13292_Aligned.sortedByCoord.out.bam	/projects/b1213/resources/processed-data/ase-files/caudate/phASER/R13292.vcf.gz
R13293	Br1249	Br1249	/projects/b1042/HEART-GeN-Lab/brainseq_data/bsp3/star-wasp/aligned_bams/R13293_Aligned.sortedByCoord.out.bam	/projects/b1213/resources/processed-data/ase-files/caudate/phASER/R13293.vcf.gz
R13294	Br1250	Br1250	/projects/b1042/HEART-GeN-Lab/brainseq_data/bsp3/star-wasp/aligned_bams/R13294_Aligned.sortedByCoord.out.bam	/projects/b1213/resources/processed-data/ase-files/caudate/phASER/R13294.vcf.gz
R13295	Br1276	Br1276	/projects/b1042/HEART-GeN-Lab/brainseq_data/bsp3/star-wasp/aligned_bams/R13295_Aligned.sortedByCoord.out.bam	/projects/b1213/resources/processed-data/ase-files/caudate/phASER/R13295.vcf.gz
R13296	Br1288	Br1288	/projects/b1042/HEART-GeN-Lab/brainseq_data/bsp3/star-wasp/aligned_bams/R13296_Aligned.sortedByCoord.out.bam	/projects/b1213/resources/processed-data/ase-files/caudate/phASER/R13296.vcf.gz
R13297	Br1289	Br1289	/projects/b1042/HEART-GeN-Lab/brainseq_data/bsp3/star-wasp/aligned_bams/R13297_Aligned.sortedByCoord.out.bam	/projects/b1213/resources/processed-data/ase-files/caudate/phASER/R13297.vcf.gz
R13298	Br1297	Br1297	/projects/b1042/HEART-GeN-Lab/brainseq_data/bsp3/star-wasp/aligned_bams/R13298_Aligned.sortedByCoord.out.bam	/projects/b1213/resources/processed-data/ase-files/caudate/phASER/R13298.vcf.gz
R13299	Br1298	Br1298	/projects/b1042/HEART-GeN-Lab/brainseq_data/bsp3/star-wasp/aligned_bams/R13299_Aligned.sortedByCoord.out.bam	/projects/b1213/resources/processed-data/ase-files/caudate/phASER/R13299.vcf.gz
R13300	Br1340	Br1340	/projects/b1042/HEART-GeN-Lab/brainseq_data/bsp3/star-wasp/aligned_bams/R13300_Aligned.sortedByCoord.out.bam	/projects/b1213/resources/processed-data/ase-files/caudate/phASER/R13300.vcf.gz
R13301	Br1356	Br1356	/projects/b1042/HEART-GeN-Lab/brainseq_data/bsp3/star-wasp/aligned_bams/R13301_Aligned.sortedByCoord.out.bam	/projects/b1213/resources/processed-data/ase-files/caudate/phASER/R13301.vcf.gz
R13302	Br1358	Br1358	/projects/b1042/HEART-GeN-Lab/brainseq_data/bsp3/star-wasp/aligned_bams/R13302_Aligned.sortedByCoord.out.bam	/projects/b1213/resources/processed-data/ase-files/caudate/phASER/R13302.vcf.gz
R13303	Br1371	Br1371	/projects/b1042/HEART-GeN-Lab/brainseq_data/bsp3/star-wasp/aligned_bams/R13303_Aligned.sortedByCoord.out.bam	/projects/b1213/resources/processed-data/ase-files/caudate/phASER/R13303.vcf.gz
R13304	Br1383	Br1383	/projects/b1042/HEART-GeN-Lab/brainseq_data/bsp3/star-wasp/aligned_bams/R13304_Aligned.sortedByCoord.out.bam	/projects/b1213/resources/processed-data/ase-files/caudate/phASER/R13304.vcf.gz
R13305	Br1389	Br1389	/projects/b1042/HEART-GeN-Lab/brainseq_data/bsp3/star-wasp/aligned_bams/R13305_Aligned.sortedByCoord.out.bam	/projects/b1213/resources/processed-data/ase-files/caudate/phASER/R13305.vcf.gz
R13306	Br1399	Br1399	/projects/b1042/HEART-GeN-Lab/brainseq_data/bsp3/star-wasp/aligned_bams/R13306_Aligned.sortedByCoord.out.bam	/projects/b1213/resources/processed-data/ase-files/caudate/phASER/R13306.vcf.gz
R13311	Br1442	Br1442	/projects/b1042/HEART-GeN-Lab/brainseq_data/bsp3/star-wasp/aligned_bams/R13311_Aligned.sortedByCoord.out.bam	/projects/b1213/resources/processed-data/ase-files/caudate/phASER/R13311.vcf.gz
R13312	Br1452	Br1452	/projects/b1042/HEART-GeN-Lab/brainseq_data/bsp3/star-wasp/aligned_bams/R13312_Aligned.sortedByCoord.out.bam	/projects/b1213/resources/processed-data/ase-files/caudate/phASER/R13312.vcf.gz
R13313	Br1453	Br1453	/projects/b1042/HEART-GeN-Lab/brainseq_data/bsp3/star-wasp/aligned_bams/R13313_Aligned.sortedByCoord.out.bam	/projects/b1213/resources/processed-data/ase-files/caudate/phASER/R13313.vcf.gz
R13314	Br1455	Br1455	/projects/b1042/HEART-GeN-Lab/brainseq_data/bsp3/star-wasp/aligned_bams/R13314_Aligned.sortedByCoord.out.bam	/projects/b1213/resources/processed-data/ase-files/caudate/phASER/R13314.vcf.gz
R13316	Br1459	Br1459	/projects/b1042/HEART-GeN-Lab/brainseq_data/bsp3/star-wasp/aligned_bams/R13316_Aligned.sortedByCoord.out.bam	/projects/b1213/resources/processed-data/ase-files/caudate/phASER/R13316.vcf.gz
R13318	Br1474	Br1474	/projects/b1042/HEART-GeN-Lab/brainseq_data/bsp3/star-wasp/aligned_bams/R13318_Aligned.sortedByCoord.out.bam	/projects/b1213/resources/processed-data/ase-files/caudate/phASER/R13318.vcf.gz
R13319	Br1485	Br1485	/projects/b1042/HEART-GeN-Lab/brainseq_data/bsp3/star-wasp/aligned_bams/R13319_Aligned.sortedByCoord.out.bam	/projects/b1213/resources/processed-data/ase-files/caudate/phASER/R13319.vcf.gz
R13320	Br1487	Br1487	/projects/b1042/HEART-GeN-Lab/brainseq_data/bsp3/star-wasp/aligned_bams/R13320_Aligned.sortedByCoord.out.bam	/projects/b1213/resources/processed-data/ase-files/caudate/phASER/R13320.vcf.gz
R13321	Br1492	Br1492	/projects/b1042/HEART-GeN-Lab/brainseq_data/bsp3/star-wasp/aligned_bams/R13321_Aligned.sortedByCoord.out.bam	/projects/b1213/resources/processed-data/ase-files/caudate/phASER/R13321.vcf.gz
R13322	Br1373	Br1373	/projects/b1042/HEART-GeN-Lab/brainseq_data/bsp3/star-wasp/aligned_bams/R13322_Aligned.sortedByCoord.out.bam	/projects/b1213/resources/processed-data/ase-files/caudate/phASER/R13322.vcf.gz
R13323	Br1498	Br1498	/projects/b1042/HEART-GeN-Lab/brainseq_data/bsp3/star-wasp/aligned_bams/R13323_Aligned.sortedByCoord.out.bam	/projects/b1213/resources/processed-data/ase-files/caudate/phASER/R13323.vcf.gz
R13324	Br1503	Br1503	/projects/b1042/HEART-GeN-Lab/brainseq_data/bsp3/star-wasp/aligned_bams/R13324_Aligned.sortedByCoord.out.bam	/projects/b1213/resources/processed-data/ase-files/caudate/phASER/R13324.vcf.gz
R13326	Br1507	Br1507	/projects/b1042/HEART-GeN-Lab/brainseq_data/bsp3/star-wasp/aligned_bams/R13326_Aligned.sortedByCoord.out.bam	/projects/b1213/resources/processed-data/ase-files/caudate/phASER/R13326.vcf.gz
R13327	Br1509	Br1509	/projects/b1042/HEART-GeN-Lab/brainseq_data/bsp3/star-wasp/aligned_bams/R13327_Aligned.sortedByCoord.out.bam	/projects/b1213/resources/processed-data/ase-files/caudate/phASER/R13327.vcf.gz
R13328	Br1517	Br1517	/projects/b1042/HEART-GeN-Lab/brainseq_data/bsp3/star-wasp/aligned_bams/R13328_Aligned.sortedByCoord.out.bam	/projects/b1213/resources/processed-data/ase-files/caudate/phASER/R13328.vcf.gz
R13330	Br1522	Br1522	/projects/b1042/HEART-GeN-Lab/brainseq_data/bsp3/star-wasp/aligned_bams/R13330_Aligned.sortedByCoord.out.bam	/projects/b1213/resources/processed-data/ase-files/caudate/phASER/R13330.vcf.gz
R13331	Br1525	Br1525	/projects/b1042/HEART-GeN-Lab/brainseq_data/bsp3/star-wasp/aligned_bams/R13331_Aligned.sortedByCoord.out.bam	/projects/b1213/resources/processed-data/ase-files/caudate/phASER/R13331.vcf.gz
R13332	Br1526	Br1526	/projects/b1042/HEART-GeN-Lab/brainseq_data/bsp3/star-wasp/aligned_bams/R13332_Aligned.sortedByCoord.out.bam	/projects/b1213/resources/processed-data/ase-files/caudate/phASER/R13332.vcf.gz
R13333	Br1527	Br1527	/projects/b1042/HEART-GeN-Lab/brainseq_data/bsp3/star-wasp/aligned_bams/R13333_Aligned.sortedByCoord.out.bam	/projects/b1213/resources/processed-data/ase-files/caudate/phASER/R13333.vcf.gz
R13334	Br1532	Br1532	/projects/b1042/HEART-GeN-Lab/brainseq_data/bsp3/star-wasp/aligned_bams/R13334_Aligned.sortedByCoord.out.bam	/projects/b1213/resources/processed-data/ase-files/caudate/phASER/R13334.vcf.gz
R13335	Br1536	Br1536	/projects/b1042/HEART-GeN-Lab/brainseq_data/bsp3/star-wasp/aligned_bams/R13335_Aligned.sortedByCoord.out.bam	/projects/b1213/resources/processed-data/ase-files/caudate/phASER/R13335.vcf.gz
R13336	Br1537	Br1537	/projects/b1042/HEART-GeN-Lab/brainseq_data/bsp3/star-wasp/aligned_bams/R13336_Aligned.sortedByCoord.out.bam	/projects/b1213/resources/processed-data/ase-files/caudate/phASER/R13336.vcf.gz
R13337	Br1538	Br1538	/projects/b1042/HEART-GeN-Lab/brainseq_data/bsp3/star-wasp/aligned_bams/R13337_Aligned.sortedByCoord.out.bam	/projects/b1213/resources/processed-data/ase-files/caudate/phASER/R13337.vcf.gz
R13338	Br1539	Br1539	/projects/b1042/HEART-GeN-Lab/brainseq_data/bsp3/star-wasp/aligned_bams/R13338_Aligned.sortedByCoord.out.bam	/projects/b1213/resources/processed-data/ase-files/caudate/phASER/R13338.vcf.gz
R13339	Br1548	Br1548	/projects/b1042/HEART-GeN-Lab/brainseq_data/bsp3/star-wasp/aligned_bams/R13339_Aligned.sortedByCoord.out.bam	/projects/b1213/resources/processed-data/ase-files/caudate/phASER/R13339.vcf.gz
R13340	Br1550	Br1550	/projects/b1042/HEART-GeN-Lab/brainseq_data/bsp3/star-wasp/aligned_bams/R13340_Aligned.sortedByCoord.out.bam	/projects/b1213/resources/processed-data/ase-files/caudate/phASER/R13340.vcf.gz
R13341	Br1552	Br1552	/projects/b1042/HEART-GeN-Lab/brainseq_data/bsp3/star-wasp/aligned_bams/R13341_Aligned.sortedByCoord.out.bam	/projects/b1213/resources/processed-data/ase-files/caudate/phASER/R13341.vcf.gz
R13342	Br1553	Br1553	/projects/b1042/HEART-GeN-Lab/brainseq_data/bsp3/star-wasp/aligned_bams/R13342_Aligned.sortedByCoord.out.bam	/projects/b1213/resources/processed-data/ase-files/caudate/phASER/R13342.vcf.gz
R13343	Br1556	Br1556	/projects/b1042/HEART-GeN-Lab/brainseq_data/bsp3/star-wasp/aligned_bams/R13343_Aligned.sortedByCoord.out.bam	/projects/b1213/resources/processed-data/ase-files/caudate/phASER/R13343.vcf.gz
R13344	Br1558	Br1558	/projects/b1042/HEART-GeN-Lab/brainseq_data/bsp3/star-wasp/aligned_bams/R13344_Aligned.sortedByCoord.out.bam	/projects/b1213/resources/processed-data/ase-files/caudate/phASER/R13344.vcf.gz
R13346	Br1563	Br1563	/projects/b1042/HEART-GeN-Lab/brainseq_data/bsp3/star-wasp/aligned_bams/R13346_Aligned.sortedByCoord.out.bam	/projects/b1213/resources/processed-data/ase-files/caudate/phASER/R13346.vcf.gz
R13347	Br1565	Br1565	/projects/b1042/HEART-GeN-Lab/brainseq_data/bsp3/star-wasp/aligned_bams/R13347_Aligned.sortedByCoord.out.bam	/projects/b1213/resources/processed-data/ase-files/caudate/phASER/R13347.vcf.gz
R13348	Br1568	Br1568	/projects/b1042/HEART-GeN-Lab/brainseq_data/bsp3/star-wasp/aligned_bams/R13348_Aligned.sortedByCoord.out.bam	/projects/b1213/resources/processed-data/ase-files/caudate/phASER/R13348.vcf.gz
R13349	Br1571	Br1571	/projects/b1042/HEART-GeN-Lab/brainseq_data/bsp3/star-wasp/aligned_bams/R13349_Aligned.sortedByCoord.out.bam	/projects/b1213/resources/processed-data/ase-files/caudate/phASER/R13349.vcf.gz
R13350	Br1573	Br1573	/projects/b1042/HEART-GeN-Lab/brainseq_data/bsp3/star-wasp/aligned_bams/R13350_Aligned.sortedByCoord.out.bam	/projects/b1213/resources/processed-data/ase-files/caudate/phASER/R13350.vcf.gz
R13351	Br1576	Br1576	/projects/b1042/HEART-GeN-Lab/brainseq_data/bsp3/star-wasp/aligned_bams/R13351_Aligned.sortedByCoord.out.bam	/projects/b1213/resources/processed-data/ase-files/caudate/phASER/R13351.vcf.gz
R13352	Br1578	Br1578	/projects/b1042/HEART-GeN-Lab/brainseq_data/bsp3/star-wasp/aligned_bams/R13352_Aligned.sortedByCoord.out.bam	/projects/b1213/resources/processed-data/ase-files/caudate/phASER/R13352.vcf.gz
R13353	Br1579	Br1579	/projects/b1042/HEART-GeN-Lab/brainseq_data/bsp3/star-wasp/aligned_bams/R13353_Aligned.sortedByCoord.out.bam	/projects/b1213/resources/processed-data/ase-files/caudate/phASER/R13353.vcf.gz
R13354	Br1580	Br1580	/projects/b1042/HEART-GeN-Lab/brainseq_data/bsp3/star-wasp/aligned_bams/R13354_Aligned.sortedByCoord.out.bam	/projects/b1213/resources/processed-data/ase-files/caudate/phASER/R13354.vcf.gz
R13355	Br1585	Br1585	/projects/b1042/HEART-GeN-Lab/brainseq_data/bsp3/star-wasp/aligned_bams/R13355_Aligned.sortedByCoord.out.bam	/projects/b1213/resources/processed-data/ase-files/caudate/phASER/R13355.vcf.gz
R13356	Br1587	Br1587	/projects/b1042/HEART-GeN-Lab/brainseq_data/bsp3/star-wasp/aligned_bams/R13356_Aligned.sortedByCoord.out.bam	/projects/b1213/resources/processed-data/ase-files/caudate/phASER/R13356.vcf.gz
R13357	Br1588	Br1588	/projects/b1042/HEART-GeN-Lab/brainseq_data/bsp3/star-wasp/aligned_bams/R13357_Aligned.sortedByCoord.out.bam	/projects/b1213/resources/processed-data/ase-files/caudate/phASER/R13357.vcf.gz
R13358	Br1590	Br1590	/projects/b1042/HEART-GeN-Lab/brainseq_data/bsp3/star-wasp/aligned_bams/R13358_Aligned.sortedByCoord.out.bam	/projects/b1213/resources/processed-data/ase-files/caudate/phASER/R13358.vcf.gz
R13359	Br1594	Br1594	/projects/b1042/HEART-GeN-Lab/brainseq_data/bsp3/star-wasp/aligned_bams/R13359_Aligned.sortedByCoord.out.bam	/projects/b1213/resources/processed-data/ase-files/caudate/phASER/R13359.vcf.gz
R13360	Br1595	Br1595	/projects/b1042/HEART-GeN-Lab/brainseq_data/bsp3/star-wasp/aligned_bams/R13360_Aligned.sortedByCoord.out.bam	/projects/b1213/resources/processed-data/ase-files/caudate/phASER/R13360.vcf.gz
R13361	Br1602	Br1602	/projects/b1042/HEART-GeN-Lab/brainseq_data/bsp3/star-wasp/aligned_bams/R13361_Aligned.sortedByCoord.out.bam	/projects/b1213/resources/processed-data/ase-files/caudate/phASER/R13361.vcf.gz
R13362	Br1604	Br1604	/projects/b1042/HEART-GeN-Lab/brainseq_data/bsp3/star-wasp/aligned_bams/R13362_Aligned.sortedByCoord.out.bam	/projects/b1213/resources/processed-data/ase-files/caudate/phASER/R13362.vcf.gz
R13363	Br1605	Br1605	/projects/b1042/HEART-GeN-Lab/brainseq_data/bsp3/star-wasp/aligned_bams/R13363_Aligned.sortedByCoord.out.bam	/projects/b1213/resources/processed-data/ase-files/caudate/phASER/R13363.vcf.gz
R13364	Br1611	Br1611	/projects/b1042/HEART-GeN-Lab/brainseq_data/bsp3/star-wasp/aligned_bams/R13364_Aligned.sortedByCoord.out.bam	/projects/b1213/resources/processed-data/ase-files/caudate/phASER/R13364.vcf.gz
R13365	Br1613	Br1613	/projects/b1042/HEART-GeN-Lab/brainseq_data/bsp3/star-wasp/aligned_bams/R13365_Aligned.sortedByCoord.out.bam	/projects/b1213/resources/processed-data/ase-files/caudate/phASER/R13365.vcf.gz
R13366	Br1615	Br1615	/projects/b1042/HEART-GeN-Lab/brainseq_data/bsp3/star-wasp/aligned_bams/R13366_Aligned.sortedByCoord.out.bam	/projects/b1213/resources/processed-data/ase-files/caudate/phASER/R13366.vcf.gz
R13367	Br1623	Br1623	/projects/b1042/HEART-GeN-Lab/brainseq_data/bsp3/star-wasp/aligned_bams/R13367_Aligned.sortedByCoord.out.bam	/projects/b1213/resources/processed-data/ase-files/caudate/phASER/R13367.vcf.gz
R13368	Br1624	Br1624	/projects/b1042/HEART-GeN-Lab/brainseq_data/bsp3/star-wasp/aligned_bams/R13368_Aligned.sortedByCoord.out.bam	/projects/b1213/resources/processed-data/ase-files/caudate/phASER/R13368.vcf.gz
R13370	Br1644	Br1644	/projects/b1042/HEART-GeN-Lab/brainseq_data/bsp3/star-wasp/aligned_bams/R13370_Aligned.sortedByCoord.out.bam	/projects/b1213/resources/processed-data/ase-files/caudate/phASER/R13370.vcf.gz
R13371	Br1647	Br1647	/projects/b1042/HEART-GeN-Lab/brainseq_data/bsp3/star-wasp/aligned_bams/R13371_Aligned.sortedByCoord.out.bam	/projects/b1213/resources/processed-data/ase-files/caudate/phASER/R13371.vcf.gz
R13372	Br1654	Br1654	/projects/b1042/HEART-GeN-Lab/brainseq_data/bsp3/star-wasp/aligned_bams/R13372_Aligned.sortedByCoord.out.bam	/projects/b1213/resources/processed-data/ase-files/caudate/phASER/R13372.vcf.gz
R13373	Br1657	Br1657	/projects/b1042/HEART-GeN-Lab/brainseq_data/bsp3/star-wasp/aligned_bams/R13373_Aligned.sortedByCoord.out.bam	/projects/b1213/resources/processed-data/ase-files/caudate/phASER/R13373.vcf.gz
R13374	Br1663	Br1663	/projects/b1042/HEART-GeN-Lab/brainseq_data/bsp3/star-wasp/aligned_bams/R13374_Aligned.sortedByCoord.out.bam	/projects/b1213/resources/processed-data/ase-files/caudate/phASER/R13374.vcf.gz
R13375	Br1664	Br1664	/projects/b1042/HEART-GeN-Lab/brainseq_data/bsp3/star-wasp/aligned_bams/R13375_Aligned.sortedByCoord.out.bam	/projects/b1213/resources/processed-data/ase-files/caudate/phASER/R13375.vcf.gz
R13376	Br1665	Br1665	/projects/b1042/HEART-GeN-Lab/brainseq_data/bsp3/star-wasp/aligned_bams/R13376_Aligned.sortedByCoord.out.bam	/projects/b1213/resources/processed-data/ase-files/caudate/phASER/R13376.vcf.gz
R13378	Br1669	Br1669	/projects/b1042/HEART-GeN-Lab/brainseq_data/bsp3/star-wasp/aligned_bams/R13378_Aligned.sortedByCoord.out.bam	/projects/b1213/resources/processed-data/ase-files/caudate/phASER/R13378.vcf.gz
R13379	Br1670	Br1670	/projects/b1042/HEART-GeN-Lab/brainseq_data/bsp3/star-wasp/aligned_bams/R13379_Aligned.sortedByCoord.out.bam	/projects/b1213/resources/processed-data/ase-files/caudate/phASER/R13379.vcf.gz
R13380	Br1672	Br1672	/projects/b1042/HEART-GeN-Lab/brainseq_data/bsp3/star-wasp/aligned_bams/R13380_Aligned.sortedByCoord.out.bam	/projects/b1213/resources/processed-data/ase-files/caudate/phASER/R13380.vcf.gz
R13381	Br1674	Br1674	/projects/b1042/HEART-GeN-Lab/brainseq_data/bsp3/star-wasp/aligned_bams/R13381_Aligned.sortedByCoord.out.bam	/projects/b1213/resources/processed-data/ase-files/caudate/phASER/R13381.vcf.gz
R13382	Br1676	Br1676	/projects/b1042/HEART-GeN-Lab/brainseq_data/bsp3/star-wasp/aligned_bams/R13382_Aligned.sortedByCoord.out.bam	/projects/b1213/resources/processed-data/ase-files/caudate/phASER/R13382.vcf.gz
R13383	Br1688	Br1688	/projects/b1042/HEART-GeN-Lab/brainseq_data/bsp3/star-wasp/aligned_bams/R13383_Aligned.sortedByCoord.out.bam	/projects/b1213/resources/processed-data/ase-files/caudate/phASER/R13383.vcf.gz
R13385	Br1691	Br1691	/projects/b1042/HEART-GeN-Lab/brainseq_data/bsp3/star-wasp/aligned_bams/R13385_Aligned.sortedByCoord.out.bam	/projects/b1213/resources/processed-data/ase-files/caudate/phASER/R13385.vcf.gz
R13386	Br1693	Br1693	/projects/b1042/HEART-GeN-Lab/brainseq_data/bsp3/star-wasp/aligned_bams/R13386_Aligned.sortedByCoord.out.bam	/projects/b1213/resources/processed-data/ase-files/caudate/phASER/R13386.vcf.gz
R13387	Br1695	Br1695	/projects/b1042/HEART-GeN-Lab/brainseq_data/bsp3/star-wasp/aligned_bams/R13387_Aligned.sortedByCoord.out.bam	/projects/b1213/resources/processed-data/ase-files/caudate/phASER/R13387.vcf.gz
R13388	Br1697	Br1697	/projects/b1042/HEART-GeN-Lab/brainseq_data/bsp3/star-wasp/aligned_bams/R13388_Aligned.sortedByCoord.out.bam	/projects/b1213/resources/processed-data/ase-files/caudate/phASER/R13388.vcf.gz
R13389	Br1700	Br1700	/projects/b1042/HEART-GeN-Lab/brainseq_data/bsp3/star-wasp/aligned_bams/R13389_Aligned.sortedByCoord.out.bam	/projects/b1213/resources/processed-data/ase-files/caudate/phASER/R13389.vcf.gz
R13390	Br1703	Br1703	/projects/b1042/HEART-GeN-Lab/brainseq_data/bsp3/star-wasp/aligned_bams/R13390_Aligned.sortedByCoord.out.bam	/projects/b1213/resources/processed-data/ase-files/caudate/phASER/R13390.vcf.gz
R13391	Br1708	Br1708	/projects/b1042/HEART-GeN-Lab/brainseq_data/bsp3/star-wasp/aligned_bams/R13391_Aligned.sortedByCoord.out.bam	/projects/b1213/resources/processed-data/ase-files/caudate/phASER/R13391.vcf.gz
R13392	Br1721	Br1721	/projects/b1042/HEART-GeN-Lab/brainseq_data/bsp3/star-wasp/aligned_bams/R13392_Aligned.sortedByCoord.out.bam	/projects/b1213/resources/processed-data/ase-files/caudate/phASER/R13392.vcf.gz
R13393	Br1722	Br1722	/projects/b1042/HEART-GeN-Lab/brainseq_data/bsp3/star-wasp/aligned_bams/R13393_Aligned.sortedByCoord.out.bam	/projects/b1213/resources/processed-data/ase-files/caudate/phASER/R13393.vcf.gz
R13395	Br1735	Br1735	/projects/b1042/HEART-GeN-Lab/brainseq_data/bsp3/star-wasp/aligned_bams/R13395_Aligned.sortedByCoord.out.bam	/projects/b1213/resources/processed-data/ase-files/caudate/phASER/R13395.vcf.gz
R13396	Br1740	Br1740	/projects/b1042/HEART-GeN-Lab/brainseq_data/bsp3/star-wasp/aligned_bams/R13396_Aligned.sortedByCoord.out.bam	/projects/b1213/resources/processed-data/ase-files/caudate/phASER/R13396.vcf.gz
R13397	Br1750	Br1750	/projects/b1042/HEART-GeN-Lab/brainseq_data/bsp3/star-wasp/aligned_bams/R13397_Aligned.sortedByCoord.out.bam	/projects/b1213/resources/processed-data/ase-files/caudate/phASER/R13397.vcf.gz
R13398	Br1751	Br1751	/projects/b1042/HEART-GeN-Lab/brainseq_data/bsp3/star-wasp/aligned_bams/R13398_Aligned.sortedByCoord.out.bam	/projects/b1213/resources/processed-data/ase-files/caudate/phASER/R13398.vcf.gz
R13399	Br1753	Br1753	/projects/b1042/HEART-GeN-Lab/brainseq_data/bsp3/star-wasp/aligned_bams/R13399_Aligned.sortedByCoord.out.bam	/projects/b1213/resources/processed-data/ase-files/caudate/phASER/R13399.vcf.gz
R13400	Br1756	Br1756	/projects/b1042/HEART-GeN-Lab/brainseq_data/bsp3/star-wasp/aligned_bams/R13400_Aligned.sortedByCoord.out.bam	/projects/b1213/resources/processed-data/ase-files/caudate/phASER/R13400.vcf.gz
R13401	Br1761	Br1761	/projects/b1042/HEART-GeN-Lab/brainseq_data/bsp3/star-wasp/aligned_bams/R13401_Aligned.sortedByCoord.out.bam	/projects/b1213/resources/processed-data/ase-files/caudate/phASER/R13401.vcf.gz
R13403	Br1832	Br1832	/projects/b1042/HEART-GeN-Lab/brainseq_data/bsp3/star-wasp/aligned_bams/R13403_Aligned.sortedByCoord.out.bam	/projects/b1213/resources/processed-data/ase-files/caudate/phASER/R13403.vcf.gz
R13405	Br1840	Br1840	/projects/b1042/HEART-GeN-Lab/brainseq_data/bsp3/star-wasp/aligned_bams/R13405_Aligned.sortedByCoord.out.bam	/projects/b1213/resources/processed-data/ase-files/caudate/phASER/R13405.vcf.gz
R13406	Br1842	Br1842	/projects/b1042/HEART-GeN-Lab/brainseq_data/bsp3/star-wasp/aligned_bams/R13406_Aligned.sortedByCoord.out.bam	/projects/b1213/resources/processed-data/ase-files/caudate/phASER/R13406.vcf.gz
R13407	Br1848	Br1848	/projects/b1042/HEART-GeN-Lab/brainseq_data/bsp3/star-wasp/aligned_bams/R13407_Aligned.sortedByCoord.out.bam	/projects/b1213/resources/processed-data/ase-files/caudate/phASER/R13407.vcf.gz
R13408	Br1856	Br1856	/projects/b1042/HEART-GeN-Lab/brainseq_data/bsp3/star-wasp/aligned_bams/R13408_Aligned.sortedByCoord.out.bam	/projects/b1213/resources/processed-data/ase-files/caudate/phASER/R13408.vcf.gz
R13409	Br1865	Br1865	/projects/b1042/HEART-GeN-Lab/brainseq_data/bsp3/star-wasp/aligned_bams/R13409_Aligned.sortedByCoord.out.bam	/projects/b1213/resources/processed-data/ase-files/caudate/phASER/R13409.vcf.gz
R13410	Br1883	Br1883	/projects/b1042/HEART-GeN-Lab/brainseq_data/bsp3/star-wasp/aligned_bams/R13410_Aligned.sortedByCoord.out.bam	/projects/b1213/resources/processed-data/ase-files/caudate/phASER/R13410.vcf.gz
R13411	Br1898	Br1898	/projects/b1042/HEART-GeN-Lab/brainseq_data/bsp3/star-wasp/aligned_bams/R13411_Aligned.sortedByCoord.out.bam	/projects/b1213/resources/processed-data/ase-files/caudate/phASER/R13411.vcf.gz
R13412	Br1905	Br1905	/projects/b1042/HEART-GeN-Lab/brainseq_data/bsp3/star-wasp/aligned_bams/R13412_Aligned.sortedByCoord.out.bam	/projects/b1213/resources/processed-data/ase-files/caudate/phASER/R13412.vcf.gz
R13413	Br1912	Br1912	/projects/b1042/HEART-GeN-Lab/brainseq_data/bsp3/star-wasp/aligned_bams/R13413_Aligned.sortedByCoord.out.bam	/projects/b1213/resources/processed-data/ase-files/caudate/phASER/R13413.vcf.gz
R13414	Br1918	Br1918	/projects/b1042/HEART-GeN-Lab/brainseq_data/bsp3/star-wasp/aligned_bams/R13414_Aligned.sortedByCoord.out.bam	/projects/b1213/resources/processed-data/ase-files/caudate/phASER/R13414.vcf.gz
R13415	Br1941	Br1941	/projects/b1042/HEART-GeN-Lab/brainseq_data/bsp3/star-wasp/aligned_bams/R13415_Aligned.sortedByCoord.out.bam	/projects/b1213/resources/processed-data/ase-files/caudate/phASER/R13415.vcf.gz
R13416	Br1946	Br1946	/projects/b1042/HEART-GeN-Lab/brainseq_data/bsp3/star-wasp/aligned_bams/R13416_Aligned.sortedByCoord.out.bam	/projects/b1213/resources/processed-data/ase-files/caudate/phASER/R13416.vcf.gz
R13417	Br1960	Br1960	/projects/b1042/HEART-GeN-Lab/brainseq_data/bsp3/star-wasp/aligned_bams/R13417_Aligned.sortedByCoord.out.bam	/projects/b1213/resources/processed-data/ase-files/caudate/phASER/R13417.vcf.gz
R13418	Br1965	Br1965	/projects/b1042/HEART-GeN-Lab/brainseq_data/bsp3/star-wasp/aligned_bams/R13418_Aligned.sortedByCoord.out.bam	/projects/b1213/resources/processed-data/ase-files/caudate/phASER/R13418.vcf.gz
R13421	Br1988	Br1988	/projects/b1042/HEART-GeN-Lab/brainseq_data/bsp3/star-wasp/aligned_bams/R13421_Aligned.sortedByCoord.out.bam	/projects/b1213/resources/processed-data/ase-files/caudate/phASER/R13421.vcf.gz
R13422	Br1995	Br1995	/projects/b1042/HEART-GeN-Lab/brainseq_data/bsp3/star-wasp/aligned_bams/R13422_Aligned.sortedByCoord.out.bam	/projects/b1213/resources/processed-data/ase-files/caudate/phASER/R13422.vcf.gz
R13423	Br2001	Br2001	/projects/b1042/HEART-GeN-Lab/brainseq_data/bsp3/star-wasp/aligned_bams/R13423_Aligned.sortedByCoord.out.bam	/projects/b1213/resources/processed-data/ase-files/caudate/phASER/R13423.vcf.gz
R13424	Br2003	Br2003	/projects/b1042/HEART-GeN-Lab/brainseq_data/bsp3/star-wasp/aligned_bams/R13424_Aligned.sortedByCoord.out.bam	/projects/b1213/resources/processed-data/ase-files/caudate/phASER/R13424.vcf.gz
R13425	Br2009	Br2009	/projects/b1042/HEART-GeN-Lab/brainseq_data/bsp3/star-wasp/aligned_bams/R13425_Aligned.sortedByCoord.out.bam	/projects/b1213/resources/processed-data/ase-files/caudate/phASER/R13425.vcf.gz
R13426	Br2015	Br2015	/projects/b1042/HEART-GeN-Lab/brainseq_data/bsp3/star-wasp/aligned_bams/R13426_Aligned.sortedByCoord.out.bam	/projects/b1213/resources/processed-data/ase-files/caudate/phASER/R13426.vcf.gz
R13427	Br2026	Br2026	/projects/b1042/HEART-GeN-Lab/brainseq_data/bsp3/star-wasp/aligned_bams/R13427_Aligned.sortedByCoord.out.bam	/projects/b1213/resources/processed-data/ase-files/caudate/phASER/R13427.vcf.gz
R13428	Br2027	Br2027	/projects/b1042/HEART-GeN-Lab/brainseq_data/bsp3/star-wasp/aligned_bams/R13428_Aligned.sortedByCoord.out.bam	/projects/b1213/resources/processed-data/ase-files/caudate/phASER/R13428.vcf.gz
R13429	Br2039	Br2039	/projects/b1042/HEART-GeN-Lab/brainseq_data/bsp3/star-wasp/aligned_bams/R13429_Aligned.sortedByCoord.out.bam	/projects/b1213/resources/processed-data/ase-files/caudate/phASER/R13429.vcf.gz
R13430	Br2044	Br2044	/projects/b1042/HEART-GeN-Lab/brainseq_data/bsp3/star-wasp/aligned_bams/R13430_Aligned.sortedByCoord.out.bam	/projects/b1213/resources/processed-data/ase-files/caudate/phASER/R13430.vcf.gz
R13431	Br2052	Br2052	/projects/b1042/HEART-GeN-Lab/brainseq_data/bsp3/star-wasp/aligned_bams/R13431_Aligned.sortedByCoord.out.bam	/projects/b1213/resources/processed-data/ase-files/caudate/phASER/R13431.vcf.gz
R13432	Br2073	Br2073	/projects/b1042/HEART-GeN-Lab/brainseq_data/bsp3/star-wasp/aligned_bams/R13432_Aligned.sortedByCoord.out.bam	/projects/b1213/resources/processed-data/ase-files/caudate/phASER/R13432.vcf.gz
R13433	Br2075	Br2075	/projects/b1042/HEART-GeN-Lab/brainseq_data/bsp3/star-wasp/aligned_bams/R13433_Aligned.sortedByCoord.out.bam	/projects/b1213/resources/processed-data/ase-files/caudate/phASER/R13433.vcf.gz
R13434	Br2084	Br2084	/projects/b1042/HEART-GeN-Lab/brainseq_data/bsp3/star-wasp/aligned_bams/R13434_Aligned.sortedByCoord.out.bam	/projects/b1213/resources/processed-data/ase-files/caudate/phASER/R13434.vcf.gz
R13435	Br2242	Br2242	/projects/b1042/HEART-GeN-Lab/brainseq_data/bsp3/star-wasp/aligned_bams/R13435_Aligned.sortedByCoord.out.bam	/projects/b1213/resources/processed-data/ase-files/caudate/phASER/R13435.vcf.gz
R13436	Br2257	Br2257	/projects/b1042/HEART-GeN-Lab/brainseq_data/bsp3/star-wasp/aligned_bams/R13436_Aligned.sortedByCoord.out.bam	/projects/b1213/resources/processed-data/ase-files/caudate/phASER/R13436.vcf.gz
R13437	Br2271	Br2271	/projects/b1042/HEART-GeN-Lab/brainseq_data/bsp3/star-wasp/aligned_bams/R13437_Aligned.sortedByCoord.out.bam	/projects/b1213/resources/processed-data/ase-files/caudate/phASER/R13437.vcf.gz
R13438	Br2287	Br2287	/projects/b1042/HEART-GeN-Lab/brainseq_data/bsp3/star-wasp/aligned_bams/R13438_Aligned.sortedByCoord.out.bam	/projects/b1213/resources/processed-data/ase-files/caudate/phASER/R13438.vcf.gz
R13439	Br2291	Br2291	/projects/b1042/HEART-GeN-Lab/brainseq_data/bsp3/star-wasp/aligned_bams/R13439_Aligned.sortedByCoord.out.bam	/projects/b1213/resources/processed-data/ase-files/caudate/phASER/R13439.vcf.gz
R13440	Br2292	Br2292	/projects/b1042/HEART-GeN-Lab/brainseq_data/bsp3/star-wasp/aligned_bams/R13440_Aligned.sortedByCoord.out.bam	/projects/b1213/resources/processed-data/ase-files/caudate/phASER/R13440.vcf.gz
R13441	Br2295	Br2295	/projects/b1042/HEART-GeN-Lab/brainseq_data/bsp3/star-wasp/aligned_bams/R13441_Aligned.sortedByCoord.out.bam	/projects/b1213/resources/processed-data/ase-files/caudate/phASER/R13441.vcf.gz
R13442	Br2298	Br2298	/projects/b1042/HEART-GeN-Lab/brainseq_data/bsp3/star-wasp/aligned_bams/R13442_Aligned.sortedByCoord.out.bam	/projects/b1213/resources/processed-data/ase-files/caudate/phASER/R13442.vcf.gz
R13443	Br2301	Br2301	/projects/b1042/HEART-GeN-Lab/brainseq_data/bsp3/star-wasp/aligned_bams/R13443_Aligned.sortedByCoord.out.bam	/projects/b1213/resources/processed-data/ase-files/caudate/phASER/R13443.vcf.gz
R13444	Br2304	Br2304	/projects/b1042/HEART-GeN-Lab/brainseq_data/bsp3/star-wasp/aligned_bams/R13444_Aligned.sortedByCoord.out.bam	/projects/b1213/resources/processed-data/ase-files/caudate/phASER/R13444.vcf.gz
R13445	Br2305	Br2305	/projects/b1042/HEART-GeN-Lab/brainseq_data/bsp3/star-wasp/aligned_bams/R13445_Aligned.sortedByCoord.out.bam	/projects/b1213/resources/processed-data/ase-files/caudate/phASER/R13445.vcf.gz
R13446	Br2313	Br2313	/projects/b1042/HEART-GeN-Lab/brainseq_data/bsp3/star-wasp/aligned_bams/R13446_Aligned.sortedByCoord.out.bam	/projects/b1213/resources/processed-data/ase-files/caudate/phASER/R13446.vcf.gz
R13447	Br2322	Br2322	/projects/b1042/HEART-GeN-Lab/brainseq_data/bsp3/star-wasp/aligned_bams/R13447_Aligned.sortedByCoord.out.bam	/projects/b1213/resources/processed-data/ase-files/caudate/phASER/R13447.vcf.gz
R13448	Br2327	Br2327	/projects/b1042/HEART-GeN-Lab/brainseq_data/bsp3/star-wasp/aligned_bams/R13448_Aligned.sortedByCoord.out.bam	/projects/b1213/resources/processed-data/ase-files/caudate/phASER/R13448.vcf.gz
R13449	Br2333	Br2333	/projects/b1042/HEART-GeN-Lab/brainseq_data/bsp3/star-wasp/aligned_bams/R13449_Aligned.sortedByCoord.out.bam	/projects/b1213/resources/processed-data/ase-files/caudate/phASER/R13449.vcf.gz
R13450	Br2337	Br2337	/projects/b1042/HEART-GeN-Lab/brainseq_data/bsp3/star-wasp/aligned_bams/R13450_Aligned.sortedByCoord.out.bam	/projects/b1213/resources/processed-data/ase-files/caudate/phASER/R13450.vcf.gz
R13451	Br2343	Br2343	/projects/b1042/HEART-GeN-Lab/brainseq_data/bsp3/star-wasp/aligned_bams/R13451_Aligned.sortedByCoord.out.bam	/projects/b1213/resources/processed-data/ase-files/caudate/phASER/R13451.vcf.gz
R13452	Br2345	Br2345	/projects/b1042/HEART-GeN-Lab/brainseq_data/bsp3/star-wasp/aligned_bams/R13452_Aligned.sortedByCoord.out.bam	/projects/b1213/resources/processed-data/ase-files/caudate/phASER/R13452.vcf.gz
R13453	Br2346	Br2346	/projects/b1042/HEART-GeN-Lab/brainseq_data/bsp3/star-wasp/aligned_bams/R13453_Aligned.sortedByCoord.out.bam	/projects/b1213/resources/processed-data/ase-files/caudate/phASER/R13453.vcf.gz
R13454	Br2348	Br2348	/projects/b1042/HEART-GeN-Lab/brainseq_data/bsp3/star-wasp/aligned_bams/R13454_Aligned.sortedByCoord.out.bam	/projects/b1213/resources/processed-data/ase-files/caudate/phASER/R13454.vcf.gz
R13455	Br2350	Br2350	/projects/b1042/HEART-GeN-Lab/brainseq_data/bsp3/star-wasp/aligned_bams/R13455_Aligned.sortedByCoord.out.bam	/projects/b1213/resources/processed-data/ase-files/caudate/phASER/R13455.vcf.gz
R13456	Br2351	Br2351	/projects/b1042/HEART-GeN-Lab/brainseq_data/bsp3/star-wasp/aligned_bams/R13456_Aligned.sortedByCoord.out.bam	/projects/b1213/resources/processed-data/ase-files/caudate/phASER/R13456.vcf.gz
R13457	Br2365	Br2365	/projects/b1042/HEART-GeN-Lab/brainseq_data/bsp3/star-wasp/aligned_bams/R13457_Aligned.sortedByCoord.out.bam	/projects/b1213/resources/processed-data/ase-files/caudate/phASER/R13457.vcf.gz
R13458	Br2371	Br2371	/projects/b1042/HEART-GeN-Lab/brainseq_data/bsp3/star-wasp/aligned_bams/R13458_Aligned.sortedByCoord.out.bam	/projects/b1213/resources/processed-data/ase-files/caudate/phASER/R13458.vcf.gz
R13459	Br2374	Br2374	/projects/b1042/HEART-GeN-Lab/brainseq_data/bsp3/star-wasp/aligned_bams/R13459_Aligned.sortedByCoord.out.bam	/projects/b1213/resources/processed-data/ase-files/caudate/phASER/R13459.vcf.gz
R13460	Br2377	Br2377	/projects/b1042/HEART-GeN-Lab/brainseq_data/bsp3/star-wasp/aligned_bams/R13460_Aligned.sortedByCoord.out.bam	/projects/b1213/resources/processed-data/ase-files/caudate/phASER/R13460.vcf.gz
R13461	Br2385	Br2385	/projects/b1042/HEART-GeN-Lab/brainseq_data/bsp3/star-wasp/aligned_bams/R13461_Aligned.sortedByCoord.out.bam	/projects/b1213/resources/processed-data/ase-files/caudate/phASER/R13461.vcf.gz
R13462	Br2388	Br2388	/projects/b1042/HEART-GeN-Lab/brainseq_data/bsp3/star-wasp/aligned_bams/R13462_Aligned.sortedByCoord.out.bam	/projects/b1213/resources/processed-data/ase-files/caudate/phASER/R13462.vcf.gz
R13463	Br2405	Br2405	/projects/b1042/HEART-GeN-Lab/brainseq_data/bsp3/star-wasp/aligned_bams/R13463_Aligned.sortedByCoord.out.bam	/projects/b1213/resources/processed-data/ase-files/caudate/phASER/R13463.vcf.gz
R13464	Br2421	Br2421	/projects/b1042/HEART-GeN-Lab/brainseq_data/bsp3/star-wasp/aligned_bams/R13464_Aligned.sortedByCoord.out.bam	/projects/b1213/resources/processed-data/ase-files/caudate/phASER/R13464.vcf.gz
R13465	Br2423	Br2423	/projects/b1042/HEART-GeN-Lab/brainseq_data/bsp3/star-wasp/aligned_bams/R13465_Aligned.sortedByCoord.out.bam	/projects/b1213/resources/processed-data/ase-files/caudate/phASER/R13465.vcf.gz
R13466	Br2425	Br2425	/projects/b1042/HEART-GeN-Lab/brainseq_data/bsp3/star-wasp/aligned_bams/R13466_Aligned.sortedByCoord.out.bam	/projects/b1213/resources/processed-data/ase-files/caudate/phASER/R13466.vcf.gz
R13470	Br2453	Br2453	/projects/b1042/HEART-GeN-Lab/brainseq_data/bsp3/star-wasp/aligned_bams/R13470_Aligned.sortedByCoord.out.bam	/projects/b1213/resources/processed-data/ase-files/caudate/phASER/R13470.vcf.gz
R13471	Br2454	Br2454	/projects/b1042/HEART-GeN-Lab/brainseq_data/bsp3/star-wasp/aligned_bams/R13471_Aligned.sortedByCoord.out.bam	/projects/b1213/resources/processed-data/ase-files/caudate/phASER/R13471.vcf.gz
R13472	Br1023	Br1023	/projects/b1042/HEART-GeN-Lab/brainseq_data/bsp3/star-wasp/aligned_bams/R13472_Aligned.sortedByCoord.out.bam	/projects/b1213/resources/processed-data/ase-files/caudate/phASER/R13472.vcf.gz
R13473	Br1033	Br1033	/projects/b1042/HEART-GeN-Lab/brainseq_data/bsp3/star-wasp/aligned_bams/R13473_Aligned.sortedByCoord.out.bam	/projects/b1213/resources/processed-data/ase-files/caudate/phASER/R13473.vcf.gz
R13474	Br1034	Br1034	/projects/b1042/HEART-GeN-Lab/brainseq_data/bsp3/star-wasp/aligned_bams/R13474_Aligned.sortedByCoord.out.bam	/projects/b1213/resources/processed-data/ase-files/caudate/phASER/R13474.vcf.gz
R13475	Br1060	Br1060	/projects/b1042/HEART-GeN-Lab/brainseq_data/bsp3/star-wasp/aligned_bams/R13475_Aligned.sortedByCoord.out.bam	/projects/b1213/resources/processed-data/ase-files/caudate/phASER/R13475.vcf.gz
R13476	Br1139	Br1139	/projects/b1042/HEART-GeN-Lab/brainseq_data/bsp3/star-wasp/aligned_bams/R13476_Aligned.sortedByCoord.out.bam	/projects/b1213/resources/processed-data/ase-files/caudate/phASER/R13476.vcf.gz
R13477	Br1243	Br1243	/projects/b1042/HEART-GeN-Lab/brainseq_data/bsp3/star-wasp/aligned_bams/R13477_Aligned.sortedByCoord.out.bam	/projects/b1213/resources/processed-data/ase-files/caudate/phASER/R13477.vcf.gz
R13478	Br1264	Br1264	/projects/b1042/HEART-GeN-Lab/brainseq_data/bsp3/star-wasp/aligned_bams/R13478_Aligned.sortedByCoord.out.bam	/projects/b1213/resources/processed-data/ase-files/caudate/phASER/R13478.vcf.gz
R13479	Br1304	Br1304	/projects/b1042/HEART-GeN-Lab/brainseq_data/bsp3/star-wasp/aligned_bams/R13479_Aligned.sortedByCoord.out.bam	/projects/b1213/resources/processed-data/ase-files/caudate/phASER/R13479.vcf.gz
R13480	Br1339	Br1339	/projects/b1042/HEART-GeN-Lab/brainseq_data/bsp3/star-wasp/aligned_bams/R13480_Aligned.sortedByCoord.out.bam	/projects/b1213/resources/processed-data/ase-files/caudate/phASER/R13480.vcf.gz
R13481	Br1350	Br1350	/projects/b1042/HEART-GeN-Lab/brainseq_data/bsp3/star-wasp/aligned_bams/R13481_Aligned.sortedByCoord.out.bam	/projects/b1213/resources/processed-data/ase-files/caudate/phASER/R13481.vcf.gz
R13482	Br1378	Br1378	/projects/b1042/HEART-GeN-Lab/brainseq_data/bsp3/star-wasp/aligned_bams/R13482_Aligned.sortedByCoord.out.bam	/projects/b1213/resources/processed-data/ase-files/caudate/phASER/R13482.vcf.gz
R13483	Br1416	Br1416	/projects/b1042/HEART-GeN-Lab/brainseq_data/bsp3/star-wasp/aligned_bams/R13483_Aligned.sortedByCoord.out.bam	/projects/b1213/resources/processed-data/ase-files/caudate/phASER/R13483.vcf.gz
R13485	Br1443	Br1443	/projects/b1042/HEART-GeN-Lab/brainseq_data/bsp3/star-wasp/aligned_bams/R13485_Aligned.sortedByCoord.out.bam	/projects/b1213/resources/processed-data/ase-files/caudate/phASER/R13485.vcf.gz
R13486	Br1446	Br1446	/projects/b1042/HEART-GeN-Lab/brainseq_data/bsp3/star-wasp/aligned_bams/R13486_Aligned.sortedByCoord.out.bam	/projects/b1213/resources/processed-data/ase-files/caudate/phASER/R13486.vcf.gz
R13487	Br1499	Br1499	/projects/b1042/HEART-GeN-Lab/brainseq_data/bsp3/star-wasp/aligned_bams/R13487_Aligned.sortedByCoord.out.bam	/projects/b1213/resources/processed-data/ase-files/caudate/phASER/R13487.vcf.gz
R13488	Br1529	Br1529	/projects/b1042/HEART-GeN-Lab/brainseq_data/bsp3/star-wasp/aligned_bams/R13488_Aligned.sortedByCoord.out.bam	/projects/b1213/resources/processed-data/ase-files/caudate/phASER/R13488.vcf.gz
R13489	Br1591	Br1591	/projects/b1042/HEART-GeN-Lab/brainseq_data/bsp3/star-wasp/aligned_bams/R13489_Aligned.sortedByCoord.out.bam	/projects/b1213/resources/processed-data/ase-files/caudate/phASER/R13489.vcf.gz
R13490	Br1637	Br1637	/projects/b1042/HEART-GeN-Lab/brainseq_data/bsp3/star-wasp/aligned_bams/R13490_Aligned.sortedByCoord.out.bam	/projects/b1213/resources/processed-data/ase-files/caudate/phASER/R13490.vcf.gz
R13491	Br1646	Br1646	/projects/b1042/HEART-GeN-Lab/brainseq_data/bsp3/star-wasp/aligned_bams/R13491_Aligned.sortedByCoord.out.bam	/projects/b1213/resources/processed-data/ase-files/caudate/phASER/R13491.vcf.gz
R13492	Br1648	Br1648	/projects/b1042/HEART-GeN-Lab/brainseq_data/bsp3/star-wasp/aligned_bams/R13492_Aligned.sortedByCoord.out.bam	/projects/b1213/resources/processed-data/ase-files/caudate/phASER/R13492.vcf.gz
R13493	Br1649	Br1649	/projects/b1042/HEART-GeN-Lab/brainseq_data/bsp3/star-wasp/aligned_bams/R13493_Aligned.sortedByCoord.out.bam	/projects/b1213/resources/processed-data/ase-files/caudate/phASER/R13493.vcf.gz
R13494	Br1678	Br1678	/projects/b1042/HEART-GeN-Lab/brainseq_data/bsp3/star-wasp/aligned_bams/R13494_Aligned.sortedByCoord.out.bam	/projects/b1213/resources/processed-data/ase-files/caudate/phASER/R13494.vcf.gz
R13495	Br1738	Br1738	/projects/b1042/HEART-GeN-Lab/brainseq_data/bsp3/star-wasp/aligned_bams/R13495_Aligned.sortedByCoord.out.bam	/projects/b1213/resources/processed-data/ase-files/caudate/phASER/R13495.vcf.gz
R13496	Br1432	Br1432	/projects/b1042/HEART-GeN-Lab/brainseq_data/bsp3/star-wasp/aligned_bams/R13496_Aligned.sortedByCoord.out.bam	/projects/b1213/resources/processed-data/ase-files/caudate/phASER/R13496.vcf.gz
R13497	Br1458	Br1458	/projects/b1042/HEART-GeN-Lab/brainseq_data/bsp3/star-wasp/aligned_bams/R13497_Aligned.sortedByCoord.out.bam	/projects/b1213/resources/processed-data/ase-files/caudate/phASER/R13497.vcf.gz
R13498	Br1463	Br1463	/projects/b1042/HEART-GeN-Lab/brainseq_data/bsp3/star-wasp/aligned_bams/R13498_Aligned.sortedByCoord.out.bam	/projects/b1213/resources/processed-data/ase-files/caudate/phASER/R13498.vcf.gz
R13499	Br1581	Br1581	/projects/b1042/HEART-GeN-Lab/brainseq_data/bsp3/star-wasp/aligned_bams/R13499_Aligned.sortedByCoord.out.bam	/projects/b1213/resources/processed-data/ase-files/caudate/phASER/R13499.vcf.gz
R13500	Br1682	Br1682	/projects/b1042/HEART-GeN-Lab/brainseq_data/bsp3/star-wasp/aligned_bams/R13500_Aligned.sortedByCoord.out.bam	/projects/b1213/resources/processed-data/ase-files/caudate/phASER/R13500.vcf.gz
R13502	Br1890	Br1890	/projects/b1042/HEART-GeN-Lab/brainseq_data/bsp3/star-wasp/aligned_bams/R13502_Aligned.sortedByCoord.out.bam	/projects/b1213/resources/processed-data/ase-files/caudate/phASER/R13502.vcf.gz
R13503	Br1980	Br1980	/projects/b1042/HEART-GeN-Lab/brainseq_data/bsp3/star-wasp/aligned_bams/R13503_Aligned.sortedByCoord.out.bam	/projects/b1213/resources/processed-data/ase-files/caudate/phASER/R13503.vcf.gz
R13504	Br1998	Br1998	/projects/b1042/HEART-GeN-Lab/brainseq_data/bsp3/star-wasp/aligned_bams/R13504_Aligned.sortedByCoord.out.bam	/projects/b1213/resources/processed-data/ase-files/caudate/phASER/R13504.vcf.gz
