sample_id	cell_type	proportion
GTEX-1117F-0011-R5a-SM-GI4VW	Oligo	0.502561029903279
GTEX-1117F-0011-R5a-SM-GI4VW	Micro	0.0519173651168618
GTEX-1117F-0011-R5a-SM-GI4VW	Astro	0.344339806413882
GTEX-1117F-0011-R5a-SM-GI4VW	D1-SPN	0.0298161757627894
GTEX-1117F-0011-R5a-SM-GI4VW	D2-SPN	0.015716498403863
GTEX-1117F-0011-R5a-SM-GI4VW	OPC	0.0514067283811542
GTEX-1117F-0011-R5a-SM-GI4VW	Inhib	0
GTEX-1117F-0011-R5a-SM-GI4VW	Immune	0.00424239601817055
GTEX-111FC-0011-R5a-SM-GIN8L	Oligo	0.257789037130885
GTEX-111FC-0011-R5a-SM-GIN8L	Micro	0.117496941895925
GTEX-111FC-0011-R5a-SM-GIN8L	Astro	0.302376247213756
GTEX-111FC-0011-R5a-SM-GIN8L	D1-SPN	0.0873747635077026
GTEX-111FC-0011-R5a-SM-GIN8L	D2-SPN	0.204886996027688
GTEX-111FC-0011-R5a-SM-GIN8L	OPC	0.024378213401449
GTEX-111FC-0011-R5a-SM-GIN8L	Inhib	0
GTEX-111FC-0011-R5a-SM-GIN8L	Immune	0.00569780082259397
GTEX-117XS-0011-R5b-SM-GJ3PP	Oligo	0.630887821687965
GTEX-117XS-0011-R5b-SM-GJ3PP	Micro	0.0440543442155547
GTEX-117XS-0011-R5b-SM-GJ3PP	Astro	0.218457729187598
GTEX-117XS-0011-R5b-SM-GJ3PP	D1-SPN	0.0344775473420454
GTEX-117XS-0011-R5b-SM-GJ3PP	D2-SPN	0.0442920983381086
GTEX-117XS-0011-R5b-SM-GJ3PP	OPC	0.0249225633828373
GTEX-117XS-0011-R5b-SM-GJ3PP	Inhib	0
GTEX-117XS-0011-R5b-SM-GJ3PP	Immune	0.00290789584589024
GTEX-1192W-0011-R5a-SM-GI4VY	Oligo	0.972525881763339
GTEX-1192W-0011-R5a-SM-GI4VY	Micro	0.00717672213638667
GTEX-1192W-0011-R5a-SM-GI4VY	Astro	0.00542397946282496
GTEX-1192W-0011-R5a-SM-GI4VY	D1-SPN	0.000430780921158256
GTEX-1192W-0011-R5a-SM-GI4VY	D2-SPN	0
GTEX-1192W-0011-R5a-SM-GI4VY	OPC	0.0129300474903068
GTEX-1192W-0011-R5a-SM-GI4VY	Inhib	0
GTEX-1192W-0011-R5a-SM-GI4VY	Immune	0.00151258822598424
GTEX-1192X-0011-R5a-SM-DNZZA	Oligo	0.503415602799351
GTEX-1192X-0011-R5a-SM-DNZZA	Micro	0.0837820618206644
GTEX-1192X-0011-R5a-SM-DNZZA	Astro	0.31197207764685
GTEX-1192X-0011-R5a-SM-DNZZA	D1-SPN	0.00266052825204537
GTEX-1192X-0011-R5a-SM-DNZZA	D2-SPN	0.0584086930464169
GTEX-1192X-0011-R5a-SM-DNZZA	OPC	0.0269346840053844
GTEX-1192X-0011-R5a-SM-DNZZA	Inhib	0
GTEX-1192X-0011-R5a-SM-DNZZA	Immune	0.0128263524292874
GTEX-11DXW-0011-R5b-SM-DO11D	Oligo	0.589534193910366
GTEX-11DXW-0011-R5b-SM-DO11D	Micro	0.0328920282225982
GTEX-11DXW-0011-R5b-SM-DO11D	Astro	0.306777014221277
GTEX-11DXW-0011-R5b-SM-DO11D	D1-SPN	0.0014048888392387
GTEX-11DXW-0011-R5b-SM-DO11D	D2-SPN	0.00715909839177004
GTEX-11DXW-0011-R5b-SM-DO11D	OPC	0.0584452222972204
GTEX-11DXW-0011-R5b-SM-DO11D	Inhib	0
GTEX-11DXW-0011-R5b-SM-DO11D	Immune	0.00378755411752956
GTEX-11DXY-0011-R5b-SM-DNZZL	Oligo	0.684925067755307
GTEX-11DXY-0011-R5b-SM-DNZZL	Micro	0.0377487187064306
GTEX-11DXY-0011-R5b-SM-DNZZL	Astro	0.179789630119254
GTEX-11DXY-0011-R5b-SM-DNZZL	D1-SPN	0.0304788172997353
GTEX-11DXY-0011-R5b-SM-DNZZL	D2-SPN	0.0486447117929345
GTEX-11DXY-0011-R5b-SM-DNZZL	OPC	0.0148567445747902
GTEX-11DXY-0011-R5b-SM-DNZZL	Inhib	0
GTEX-11DXY-0011-R5b-SM-DNZZL	Immune	0.00355630975154927
GTEX-11DYG-0011-R5a-SM-DO928	Oligo	0.493111770386721
GTEX-11DYG-0011-R5a-SM-DO928	Micro	0.0782530885034982
GTEX-11DYG-0011-R5a-SM-DO928	Astro	0.205179589113102
GTEX-11DYG-0011-R5a-SM-DO928	D1-SPN	0.100308134558243
GTEX-11DYG-0011-R5a-SM-DO928	D2-SPN	0.0825949368134447
GTEX-11DYG-0011-R5a-SM-DO928	OPC	0.0316766731145464
GTEX-11DYG-0011-R5a-SM-DO928	Inhib	0
GTEX-11DYG-0011-R5a-SM-DO928	Immune	0.00887580751044511
GTEX-11DZ1-0011-R5a-SM-DO11J	Oligo	0.778804563387034
GTEX-11DZ1-0011-R5a-SM-DO11J	Micro	0.0580484104014458
GTEX-11DZ1-0011-R5a-SM-DO11J	Astro	0.115491432008702
GTEX-11DZ1-0011-R5a-SM-DO11J	D1-SPN	0.0216197461565137
GTEX-11DZ1-0011-R5a-SM-DO11J	D2-SPN	0.00686018263729864
GTEX-11DZ1-0011-R5a-SM-DO11J	OPC	0.00472035903745293
GTEX-11DZ1-0011-R5a-SM-DO11J	Inhib	0
GTEX-11DZ1-0011-R5a-SM-DO11J	Immune	0.014455306371553
GTEX-11EI6-0011-R5a-SM-GINAM	Oligo	0.434865385671456
GTEX-11EI6-0011-R5a-SM-GINAM	Micro	0.101415532922839
GTEX-11EI6-0011-R5a-SM-GINAM	Astro	0.379727315605396
GTEX-11EI6-0011-R5a-SM-GINAM	D1-SPN	0
GTEX-11EI6-0011-R5a-SM-GINAM	D2-SPN	0.000686332399902109
GTEX-11EI6-0011-R5a-SM-GINAM	OPC	0.0780140929251157
GTEX-11EI6-0011-R5a-SM-GINAM	Inhib	0
GTEX-11EI6-0011-R5a-SM-GINAM	Immune	0.00529134047529233
GTEX-11EMC-0011-R5a-SM-GJ3PK	Oligo	0.340475115919912
GTEX-11EMC-0011-R5a-SM-GJ3PK	Micro	0.0257580697838231
GTEX-11EMC-0011-R5a-SM-GJ3PK	Astro	0.481377170559826
GTEX-11EMC-0011-R5a-SM-GJ3PK	D1-SPN	0.00499118784076998
GTEX-11EMC-0011-R5a-SM-GJ3PK	D2-SPN	0
GTEX-11EMC-0011-R5a-SM-GJ3PK	OPC	0.124719974059108
GTEX-11EMC-0011-R5a-SM-GJ3PK	Inhib	0.00216501887318407
GTEX-11EMC-0011-R5a-SM-GJ3PK	Immune	0.0205134629633769
GTEX-11GS4-0011-R5a-SM-GINAF	Oligo	0.540455576369313
GTEX-11GS4-0011-R5a-SM-GINAF	Micro	0.0561305412406368
GTEX-11GS4-0011-R5a-SM-GINAF	Astro	0.247853479860747
GTEX-11GS4-0011-R5a-SM-GINAF	D1-SPN	0
GTEX-11GS4-0011-R5a-SM-GINAF	D2-SPN	0.140573877896765
GTEX-11GS4-0011-R5a-SM-GINAF	OPC	0.0147918161583742
GTEX-11GS4-0011-R5a-SM-GINAF	Inhib	0
GTEX-11GS4-0011-R5a-SM-GINAF	Immune	0.000194708474163732
GTEX-11GSO-0011-R5b-SM-GJ3RA	Oligo	0.360875659203799
GTEX-11GSO-0011-R5b-SM-GJ3RA	Micro	0.0925334955508404
GTEX-11GSO-0011-R5b-SM-GJ3RA	Astro	0.367576619636687
GTEX-11GSO-0011-R5b-SM-GJ3RA	D1-SPN	0.0590483120260119
GTEX-11GSO-0011-R5b-SM-GJ3RA	D2-SPN	0.0794178793129513
GTEX-11GSO-0011-R5b-SM-GJ3RA	OPC	0.0336726077697642
GTEX-11GSO-0011-R5b-SM-GJ3RA	Inhib	0
GTEX-11GSO-0011-R5b-SM-GJ3RA	Immune	0.00687542649994665
GTEX-11GSP-0011-R5a-SM-57WBE	Oligo	0.3780445785515
GTEX-11GSP-0011-R5a-SM-57WBE	Micro	0.0542095892230278
GTEX-11GSP-0011-R5a-SM-57WBE	Astro	0.414334647886811
GTEX-11GSP-0011-R5a-SM-57WBE	D1-SPN	0.00703310099598463
GTEX-11GSP-0011-R5a-SM-57WBE	D2-SPN	0.0960383561565586
GTEX-11GSP-0011-R5a-SM-57WBE	OPC	0.0411476716740579
GTEX-11GSP-0011-R5a-SM-57WBE	Inhib	0
GTEX-11GSP-0011-R5a-SM-57WBE	Immune	0.0091920555120593
GTEX-11H98-0011-R5b-SM-57WCF	Oligo	0.393178612776683
GTEX-11H98-0011-R5b-SM-57WCF	Micro	0.130939541890912
GTEX-11H98-0011-R5b-SM-57WCF	Astro	0.382822508603416
GTEX-11H98-0011-R5b-SM-57WCF	D1-SPN	0.0389003563085257
GTEX-11H98-0011-R5b-SM-57WCF	D2-SPN	0.0118395545359631
GTEX-11H98-0011-R5b-SM-57WCF	OPC	0.0376777824004739
GTEX-11H98-0011-R5b-SM-57WCF	Inhib	0
GTEX-11H98-0011-R5b-SM-57WCF	Immune	0.004641643484026
GTEX-11NUK-0011-R5a-SM-DO93N	Oligo	0.673744730294013
GTEX-11NUK-0011-R5a-SM-DO93N	Micro	0.0289656017570873
GTEX-11NUK-0011-R5a-SM-DO93N	Astro	0.241797205127038
GTEX-11NUK-0011-R5a-SM-DO93N	D1-SPN	0.0143563837585672
GTEX-11NUK-0011-R5a-SM-DO93N	D2-SPN	0.0026176574324183
GTEX-11NUK-0011-R5a-SM-DO93N	OPC	0.0334358521273371
GTEX-11NUK-0011-R5a-SM-DO93N	Inhib	0
GTEX-11NUK-0011-R5a-SM-DO93N	Immune	0.00508256950353881
GTEX-11NV4-0011-R5a-SM-5NQ88	Oligo	0.757094262441773
GTEX-11NV4-0011-R5a-SM-5NQ88	Micro	0.0458829832822805
GTEX-11NV4-0011-R5a-SM-5NQ88	Astro	0.115795390721178
GTEX-11NV4-0011-R5a-SM-5NQ88	D1-SPN	0.0117570651027828
GTEX-11NV4-0011-R5a-SM-5NQ88	D2-SPN	0.0408659663660468
GTEX-11NV4-0011-R5a-SM-5NQ88	OPC	0.0227759671759937
GTEX-11NV4-0011-R5a-SM-5NQ88	Inhib	0
GTEX-11NV4-0011-R5a-SM-5NQ88	Immune	0.00582836490994548
GTEX-11O72-0011-R5a-SM-DO922	Oligo	0.568825171813047
GTEX-11O72-0011-R5a-SM-DO922	Micro	0.0264886093095001
GTEX-11O72-0011-R5a-SM-DO922	Astro	0.275341508227129
GTEX-11O72-0011-R5a-SM-DO922	D1-SPN	0.00364596293490999
GTEX-11O72-0011-R5a-SM-DO922	D2-SPN	0.000408999339966596
GTEX-11O72-0011-R5a-SM-DO922	OPC	0.0558671495525673
GTEX-11O72-0011-R5a-SM-DO922	Inhib	0
GTEX-11O72-0011-R5a-SM-DO922	Immune	0.0694225988228806
GTEX-11OF3-0011-R5a-SM-57WB4	Oligo	0.320681317166989
GTEX-11OF3-0011-R5a-SM-57WB4	Micro	0.144551725743368
GTEX-11OF3-0011-R5a-SM-57WB4	Astro	0.31402123275601
GTEX-11OF3-0011-R5a-SM-57WB4	D1-SPN	0.0973583315629884
GTEX-11OF3-0011-R5a-SM-57WB4	D2-SPN	0.092576542719446
GTEX-11OF3-0011-R5a-SM-57WB4	OPC	0.017908555400225
GTEX-11OF3-0011-R5a-SM-57WB4	Inhib	0
GTEX-11OF3-0011-R5a-SM-57WB4	Immune	0.0129022946509733
GTEX-11ONC-0011-R5b-SM-DO93I	Oligo	0.746089811365588
GTEX-11ONC-0011-R5b-SM-DO93I	Micro	0.0265772103332738
GTEX-11ONC-0011-R5b-SM-DO93I	Astro	0.181059252386131
GTEX-11ONC-0011-R5b-SM-DO93I	D1-SPN	0.00204625460973476
GTEX-11ONC-0011-R5b-SM-DO93I	D2-SPN	0.0268880958015316
GTEX-11ONC-0011-R5b-SM-DO93I	OPC	0.0135050562988161
GTEX-11ONC-0011-R5b-SM-DO93I	Inhib	0
GTEX-11ONC-0011-R5b-SM-DO93I	Immune	0.00383431920492519
GTEX-11PRG-0011-R5b-SM-DNZZS	Oligo	0.22757400369093
GTEX-11PRG-0011-R5b-SM-DNZZS	Micro	0.127276817436863
GTEX-11PRG-0011-R5b-SM-DNZZS	Astro	0.417979272124308
GTEX-11PRG-0011-R5b-SM-DNZZS	D1-SPN	0.0591229234986599
GTEX-11PRG-0011-R5b-SM-DNZZS	D2-SPN	0.133338666858436
GTEX-11PRG-0011-R5b-SM-DNZZS	OPC	0.0272092220659922
GTEX-11PRG-0011-R5b-SM-DNZZS	Inhib	0
GTEX-11PRG-0011-R5b-SM-DNZZS	Immune	0.007499094324812
GTEX-11TTK-0011-R5a-SM-DNZZV	Oligo	0.305334600994136
GTEX-11TTK-0011-R5a-SM-DNZZV	Micro	0.0971401168980354
GTEX-11TTK-0011-R5a-SM-DNZZV	Astro	0.474667601400101
GTEX-11TTK-0011-R5a-SM-DNZZV	D1-SPN	0.0309998682096899
GTEX-11TTK-0011-R5a-SM-DNZZV	D2-SPN	0.0123591657942861
GTEX-11TTK-0011-R5a-SM-DNZZV	OPC	0.0358528861283475
GTEX-11TTK-0011-R5a-SM-DNZZV	Inhib	0
GTEX-11TTK-0011-R5a-SM-DNZZV	Immune	0.0436457605754051
GTEX-11TUW-0011-R5b-SM-5BC6Q	Oligo	0.591771632853357
GTEX-11TUW-0011-R5b-SM-5BC6Q	Micro	0.0369703089093754
GTEX-11TUW-0011-R5b-SM-5BC6Q	Astro	0.302806410883015
GTEX-11TUW-0011-R5b-SM-5BC6Q	D1-SPN	0.00322797928000312
GTEX-11TUW-0011-R5b-SM-5BC6Q	D2-SPN	0
GTEX-11TUW-0011-R5b-SM-5BC6Q	OPC	0.0359250903403582
GTEX-11TUW-0011-R5b-SM-5BC6Q	Inhib	0.000507739592143742
GTEX-11TUW-0011-R5b-SM-5BC6Q	Immune	0.0287908381417476
GTEX-11UD1-0011-R5b-SM-5P9FP	Oligo	0.613278247593809
GTEX-11UD1-0011-R5b-SM-5P9FP	Micro	0.0108283821020415
GTEX-11UD1-0011-R5b-SM-5P9FP	Astro	0.348143726693757
GTEX-11UD1-0011-R5b-SM-5P9FP	D1-SPN	0.000784772568345092
GTEX-11UD1-0011-R5b-SM-5P9FP	D2-SPN	0
GTEX-11UD1-0011-R5b-SM-5P9FP	OPC	0.0238820644940695
GTEX-11UD1-0011-R5b-SM-5P9FP	Inhib	0.000439631014621704
GTEX-11UD1-0011-R5b-SM-5P9FP	Immune	0.0026431755333567
GTEX-11WQC-0011-R5a-SM-5BC74	Oligo	0.461727463609245
GTEX-11WQC-0011-R5a-SM-5BC74	Micro	0.0779996004916696
GTEX-11WQC-0011-R5a-SM-5BC74	Astro	0.386661477465244
GTEX-11WQC-0011-R5a-SM-5BC74	D1-SPN	0.00705189072257664
GTEX-11WQC-0011-R5a-SM-5BC74	D2-SPN	0
GTEX-11WQC-0011-R5a-SM-5BC74	OPC	0.0543482965391024
GTEX-11WQC-0011-R5a-SM-5BC74	Inhib	0
GTEX-11WQC-0011-R5a-SM-5BC74	Immune	0.0122112711721617
GTEX-11ZU8-0011-R5a-SM-GJ3PY	Oligo	0.763738219750946
GTEX-11ZU8-0011-R5a-SM-GJ3PY	Micro	0.0132091817730135
GTEX-11ZU8-0011-R5a-SM-GJ3PY	Astro	0.145279872784214
GTEX-11ZU8-0011-R5a-SM-GJ3PY	D1-SPN	0.00135653542319425
GTEX-11ZU8-0011-R5a-SM-GJ3PY	D2-SPN	0
GTEX-11ZU8-0011-R5a-SM-GJ3PY	OPC	0.0716029726396581
GTEX-11ZU8-0011-R5a-SM-GJ3PY	Inhib	0
GTEX-11ZU8-0011-R5a-SM-GJ3PY	Immune	0.00481321762897386
GTEX-11ZUS-0011-R5b-SM-GIN9I	Oligo	0.751188927104607
GTEX-11ZUS-0011-R5b-SM-GIN9I	Micro	0.118268804606697
GTEX-11ZUS-0011-R5b-SM-GIN9I	Astro	0.0194694284400883
GTEX-11ZUS-0011-R5b-SM-GIN9I	D1-SPN	0
GTEX-11ZUS-0011-R5b-SM-GIN9I	D2-SPN	0.0435632936320061
GTEX-11ZUS-0011-R5b-SM-GIN9I	OPC	0.0597043940444442
GTEX-11ZUS-0011-R5b-SM-GIN9I	Inhib	0.00471965975332801
GTEX-11ZUS-0011-R5b-SM-GIN9I	Immune	0.0030854924188295
GTEX-12126-0011-R5b-SM-GIN98	Oligo	0.378494622961812
GTEX-12126-0011-R5b-SM-GIN98	Micro	0.103809507232191
GTEX-12126-0011-R5b-SM-GIN98	Astro	0.209846905152231
GTEX-12126-0011-R5b-SM-GIN98	D1-SPN	0.0830073597761061
GTEX-12126-0011-R5b-SM-GIN98	D2-SPN	0.161834088709484
GTEX-12126-0011-R5b-SM-GIN98	OPC	0.0573496981584868
GTEX-12126-0011-R5b-SM-GIN98	Inhib	0
GTEX-12126-0011-R5b-SM-GIN98	Immune	0.00565781800968873
GTEX-12584-0011-R5b-SM-GIN96	Oligo	0.30540178236485
GTEX-12584-0011-R5b-SM-GIN96	Micro	0.0331905320738909
GTEX-12584-0011-R5b-SM-GIN96	Astro	0.572481657169463
GTEX-12584-0011-R5b-SM-GIN96	D1-SPN	0.00947365075091953
GTEX-12584-0011-R5b-SM-GIN96	D2-SPN	0
GTEX-12584-0011-R5b-SM-GIN96	OPC	0.0701634606255522
GTEX-12584-0011-R5b-SM-GIN96	Inhib	0.0013536785220145
GTEX-12584-0011-R5b-SM-GIN96	Immune	0.00793523849331054
GTEX-12WSA-0011-R5b-SM-5GU5I	Oligo	0.691060829341147
GTEX-12WSA-0011-R5b-SM-5GU5I	Micro	0.052493182121061
GTEX-12WSA-0011-R5b-SM-5GU5I	Astro	0.235101335838349
GTEX-12WSA-0011-R5b-SM-5GU5I	D1-SPN	0.00265960987639567
GTEX-12WSA-0011-R5b-SM-5GU5I	D2-SPN	0
GTEX-12WSA-0011-R5b-SM-5GU5I	OPC	0.0140964628038035
GTEX-12WSA-0011-R5b-SM-5GU5I	Inhib	0
GTEX-12WSA-0011-R5b-SM-5GU5I	Immune	0.00458858001924341
GTEX-12WSC-0011-R5b-SM-5CVNS	Oligo	0.404838892031556
GTEX-12WSC-0011-R5b-SM-5CVNS	Micro	0.100794796644481
GTEX-12WSC-0011-R5b-SM-5CVNS	Astro	0.242220704249021
GTEX-12WSC-0011-R5b-SM-5CVNS	D1-SPN	0.116284317089782
GTEX-12WSC-0011-R5b-SM-5CVNS	D2-SPN	0.112996225879485
GTEX-12WSC-0011-R5b-SM-5CVNS	OPC	0.0153811001324636
GTEX-12WSC-0011-R5b-SM-5CVNS	Inhib	0
GTEX-12WSC-0011-R5b-SM-5CVNS	Immune	0.00748396397321116
GTEX-12WSD-0011-R5b-SM-5CVNG	Oligo	0.446949622443204
GTEX-12WSD-0011-R5b-SM-5CVNG	Micro	0.060504480533
GTEX-12WSD-0011-R5b-SM-5CVNG	Astro	0.32784405689004
GTEX-12WSD-0011-R5b-SM-5CVNG	D1-SPN	0.0269066484019978
GTEX-12WSD-0011-R5b-SM-5CVNG	D2-SPN	0.0551817859169092
GTEX-12WSD-0011-R5b-SM-5CVNG	OPC	0.0753854034518125
GTEX-12WSD-0011-R5b-SM-5CVNG	Inhib	0
GTEX-12WSD-0011-R5b-SM-5CVNG	Immune	0.00722800236303636
GTEX-12WSF-0011-R5a-SM-5HL8K	Oligo	0.665443066293085
GTEX-12WSF-0011-R5a-SM-5HL8K	Micro	0.020114493587553
GTEX-12WSF-0011-R5a-SM-5HL8K	Astro	0.0983029675708665
GTEX-12WSF-0011-R5a-SM-5HL8K	D1-SPN	0.0751621947863516
GTEX-12WSF-0011-R5a-SM-5HL8K	D2-SPN	0.0342944247116829
GTEX-12WSF-0011-R5a-SM-5HL8K	OPC	0.00813751915824346
GTEX-12WSF-0011-R5a-SM-5HL8K	Inhib	0
GTEX-12WSF-0011-R5a-SM-5HL8K	Immune	0.0985453338922173
GTEX-12WSM-0011-R5a-SM-5EQ4Y	Oligo	0.249786426081776
GTEX-12WSM-0011-R5a-SM-5EQ4Y	Micro	0.108329321067726
GTEX-12WSM-0011-R5a-SM-5EQ4Y	Astro	0.445729085674536
GTEX-12WSM-0011-R5a-SM-5EQ4Y	D1-SPN	0.0908064653379577
GTEX-12WSM-0011-R5a-SM-5EQ4Y	D2-SPN	0.0580439462953523
GTEX-12WSM-0011-R5a-SM-5EQ4Y	OPC	0.044131536230575
GTEX-12WSM-0011-R5a-SM-5EQ4Y	Inhib	0
GTEX-12WSM-0011-R5a-SM-5EQ4Y	Immune	0.00317321931207767
GTEX-12ZZW-0011-R5a-SM-5DUVN	Oligo	0.383412723681748
GTEX-12ZZW-0011-R5a-SM-5DUVN	Micro	0.0528920836031604
GTEX-12ZZW-0011-R5a-SM-5DUVN	Astro	0.418002092822572
GTEX-12ZZW-0011-R5a-SM-5DUVN	D1-SPN	0.0486935351449496
GTEX-12ZZW-0011-R5a-SM-5DUVN	D2-SPN	0
GTEX-12ZZW-0011-R5a-SM-5DUVN	OPC	0.096061904582353
GTEX-12ZZW-0011-R5a-SM-5DUVN	Inhib	0.000501205963533181
GTEX-12ZZW-0011-R5a-SM-5DUVN	Immune	0.000436454201684414
GTEX-12ZZX-0011-R5a-SM-5HL89	Oligo	0.350641229069048
GTEX-12ZZX-0011-R5a-SM-5HL89	Micro	0.116264291938867
GTEX-12ZZX-0011-R5a-SM-5HL89	Astro	0.378772673075823
GTEX-12ZZX-0011-R5a-SM-5HL89	D1-SPN	0.0541437175003401
GTEX-12ZZX-0011-R5a-SM-5HL89	D2-SPN	0.00116829870546095
GTEX-12ZZX-0011-R5a-SM-5HL89	OPC	0.0899159360334951
GTEX-12ZZX-0011-R5a-SM-5HL89	Inhib	0.00414416738977904
GTEX-12ZZX-0011-R5a-SM-5HL89	Immune	0.00494968628718648
GTEX-12ZZY-0011-R5a-SM-5EGL9	Oligo	0.46700281500518
GTEX-12ZZY-0011-R5a-SM-5EGL9	Micro	0.10265137863856
GTEX-12ZZY-0011-R5a-SM-5EGL9	Astro	0.254386742067562
GTEX-12ZZY-0011-R5a-SM-5EGL9	D1-SPN	0.0741966460357126
GTEX-12ZZY-0011-R5a-SM-5EGL9	D2-SPN	0.0737891741337965
GTEX-12ZZY-0011-R5a-SM-5EGL9	OPC	0.0246246191388314
GTEX-12ZZY-0011-R5a-SM-5EGL9	Inhib	0
GTEX-12ZZY-0011-R5a-SM-5EGL9	Immune	0.00334862498035699
GTEX-12ZZZ-0011-R5a-SM-5EQ4M	Oligo	0.652904144033202
GTEX-12ZZZ-0011-R5a-SM-5EQ4M	Micro	0.0314387484138846
GTEX-12ZZZ-0011-R5a-SM-5EQ4M	Astro	0.238661956607263
GTEX-12ZZZ-0011-R5a-SM-5EQ4M	D1-SPN	0.0188724068796188
GTEX-12ZZZ-0011-R5a-SM-5EQ4M	D2-SPN	0.0200006651866299
GTEX-12ZZZ-0011-R5a-SM-5EQ4M	OPC	0.022901528711223
GTEX-12ZZZ-0011-R5a-SM-5EQ4M	Inhib	0
GTEX-12ZZZ-0011-R5a-SM-5EQ4M	Immune	0.0152205501681784
GTEX-13112-0011-R5b-SM-5DUV8	Oligo	0.685368873777723
GTEX-13112-0011-R5b-SM-5DUV8	Micro	0.0166633232208239
GTEX-13112-0011-R5b-SM-5DUV8	Astro	0.25662431177101
GTEX-13112-0011-R5b-SM-5DUV8	D1-SPN	0.00105916889088872
GTEX-13112-0011-R5b-SM-5DUV8	D2-SPN	0
GTEX-13112-0011-R5b-SM-5DUV8	OPC	0.0190169296207789
GTEX-13112-0011-R5b-SM-5DUV8	Inhib	0.0127784349765366
GTEX-13112-0011-R5b-SM-5DUV8	Immune	0.00848895774223851
GTEX-1313W-0011-R5b-SM-5L3EP	Oligo	0.446470478565792
GTEX-1313W-0011-R5b-SM-5L3EP	Micro	0.0861898929301747
GTEX-1313W-0011-R5b-SM-5L3EP	Astro	0.2065073759941
GTEX-1313W-0011-R5b-SM-5L3EP	D1-SPN	0.077625080228032
GTEX-1313W-0011-R5b-SM-5L3EP	D2-SPN	0.163746498682993
GTEX-1313W-0011-R5b-SM-5L3EP	OPC	0.016043172197487
GTEX-1313W-0011-R5b-SM-5L3EP	Inhib	0
GTEX-1313W-0011-R5b-SM-5L3EP	Immune	0.00341750140142238
GTEX-131YS-0011-R5b-SM-5K7YB	Oligo	0.397432161195553
GTEX-131YS-0011-R5b-SM-5K7YB	Micro	0.0711350146112791
GTEX-131YS-0011-R5b-SM-5K7YB	Astro	0.277688083111425
GTEX-131YS-0011-R5b-SM-5K7YB	D1-SPN	0.103515043805931
GTEX-131YS-0011-R5b-SM-5K7YB	D2-SPN	0.12612878587701
GTEX-131YS-0011-R5b-SM-5K7YB	OPC	0.0201166951544527
GTEX-131YS-0011-R5b-SM-5K7YB	Inhib	0
GTEX-131YS-0011-R5b-SM-5K7YB	Immune	0.00398421624434877
GTEX-132Q8-0011-R5a-SM-5IJDM	Oligo	0.39580454596953
GTEX-132Q8-0011-R5a-SM-5IJDM	Micro	0.0874576649898366
GTEX-132Q8-0011-R5a-SM-5IJDM	Astro	0.325329897900932
GTEX-132Q8-0011-R5a-SM-5IJDM	D1-SPN	0.0498532566607945
GTEX-132Q8-0011-R5a-SM-5IJDM	D2-SPN	0.0239011391146949
GTEX-132Q8-0011-R5a-SM-5IJDM	OPC	0.0410904955563956
GTEX-132Q8-0011-R5a-SM-5IJDM	Inhib	0
GTEX-132Q8-0011-R5a-SM-5IJDM	Immune	0.076562999807817
GTEX-1399T-0011-R5b-SM-5IJDK	Oligo	0.355240435045856
GTEX-1399T-0011-R5b-SM-5IJDK	Micro	0.120175378316317
GTEX-1399T-0011-R5b-SM-5IJDK	Astro	0.274085870000318
GTEX-1399T-0011-R5b-SM-5IJDK	D1-SPN	0.0768803666625973
GTEX-1399T-0011-R5b-SM-5IJDK	D2-SPN	0.144843245483431
GTEX-1399T-0011-R5b-SM-5IJDK	OPC	0.0139338798720538
GTEX-1399T-0011-R5b-SM-5IJDK	Inhib	0
GTEX-1399T-0011-R5b-SM-5IJDK	Immune	0.0148408246194269
GTEX-139T8-0011-R5b-SM-5J1MO	Oligo	0.450991907540848
GTEX-139T8-0011-R5b-SM-5J1MO	Micro	0.0108118177398295
GTEX-139T8-0011-R5b-SM-5J1MO	Astro	0.432860873775466
GTEX-139T8-0011-R5b-SM-5J1MO	D1-SPN	0.000829682641768824
GTEX-139T8-0011-R5b-SM-5J1MO	D2-SPN	0
GTEX-139T8-0011-R5b-SM-5J1MO	OPC	0.0867822533813248
GTEX-139T8-0011-R5b-SM-5J1MO	Inhib	0.000957721897204812
GTEX-139T8-0011-R5b-SM-5J1MO	Immune	0.0167657430235583
GTEX-139TS-0011-R5b-SM-5J2MZ	Oligo	0.355834790420441
GTEX-139TS-0011-R5b-SM-5J2MZ	Micro	0.106028602917685
GTEX-139TS-0011-R5b-SM-5J2MZ	Astro	0.425809002060638
GTEX-139TS-0011-R5b-SM-5J2MZ	D1-SPN	0.00604085903949102
GTEX-139TS-0011-R5b-SM-5J2MZ	D2-SPN	0
GTEX-139TS-0011-R5b-SM-5J2MZ	OPC	0.0818933983849333
GTEX-139TS-0011-R5b-SM-5J2MZ	Inhib	0
GTEX-139TS-0011-R5b-SM-5J2MZ	Immune	0.0243933471768122
GTEX-139TT-0011-R5b-SM-5K7W8	Oligo	0.335712992848396
GTEX-139TT-0011-R5b-SM-5K7W8	Micro	0.0908119194070773
GTEX-139TT-0011-R5b-SM-5K7W8	Astro	0.386232486211698
GTEX-139TT-0011-R5b-SM-5K7W8	D1-SPN	0.0605854331568197
GTEX-139TT-0011-R5b-SM-5K7W8	D2-SPN	0.0412983702785934
GTEX-139TT-0011-R5b-SM-5K7W8	OPC	0.0651581216134792
GTEX-139TT-0011-R5b-SM-5K7W8	Inhib	0.013036055572526
GTEX-139TT-0011-R5b-SM-5K7W8	Immune	0.00716462091141059
GTEX-139TU-0011-R5b-SM-5L3E1	Oligo	0.438708164609197
GTEX-139TU-0011-R5b-SM-5L3E1	Micro	0.0664439866255627
GTEX-139TU-0011-R5b-SM-5L3E1	Astro	0.360309793330894
GTEX-139TU-0011-R5b-SM-5L3E1	D1-SPN	0.00431449192921914
GTEX-139TU-0011-R5b-SM-5L3E1	D2-SPN	0
GTEX-139TU-0011-R5b-SM-5L3E1	OPC	0.0506188621217934
GTEX-139TU-0011-R5b-SM-5L3E1	Inhib	0.00316690990921611
GTEX-139TU-0011-R5b-SM-5L3E1	Immune	0.0764377914741173
GTEX-13CF2-0011-R5a-SM-5LZWS	Oligo	0.65645915096072
GTEX-13CF2-0011-R5a-SM-5LZWS	Micro	0.0117265762552951
GTEX-13CF2-0011-R5a-SM-5LZWS	Astro	0.312322567172827
GTEX-13CF2-0011-R5a-SM-5LZWS	D1-SPN	0
GTEX-13CF2-0011-R5a-SM-5LZWS	D2-SPN	0
GTEX-13CF2-0011-R5a-SM-5LZWS	OPC	0.0149583616029613
GTEX-13CF2-0011-R5a-SM-5LZWS	Inhib	0.00157543711898333
GTEX-13CF2-0011-R5a-SM-5LZWS	Immune	0.00295790688921369
GTEX-13CIG-0011-R5b-SM-5L3F2	Oligo	0.22950113206526
GTEX-13CIG-0011-R5b-SM-5L3F2	Micro	0.0799577847455382
GTEX-13CIG-0011-R5b-SM-5L3F2	Astro	0.611984745180381
GTEX-13CIG-0011-R5b-SM-5L3F2	D1-SPN	0.0162422472741018
GTEX-13CIG-0011-R5b-SM-5L3F2	D2-SPN	0
GTEX-13CIG-0011-R5b-SM-5L3F2	OPC	0.0546849248600308
GTEX-13CIG-0011-R5b-SM-5L3F2	Inhib	0
GTEX-13CIG-0011-R5b-SM-5L3F2	Immune	0.00762916587468917
GTEX-13CZV-0011-R5a-SM-5K7XA	Oligo	0.264928588459535
GTEX-13CZV-0011-R5a-SM-5K7XA	Micro	0.0745191841149314
GTEX-13CZV-0011-R5a-SM-5K7XA	Astro	0.512540174972143
GTEX-13CZV-0011-R5a-SM-5K7XA	D1-SPN	0.0614085758334968
GTEX-13CZV-0011-R5a-SM-5K7XA	D2-SPN	0.0233770161094048
GTEX-13CZV-0011-R5a-SM-5K7XA	OPC	0.0565283025602967
GTEX-13CZV-0011-R5a-SM-5K7XA	Inhib	0
GTEX-13CZV-0011-R5a-SM-5K7XA	Immune	0.0066981579501923
GTEX-13FHO-0011-R5b-SM-5LZZ3	Oligo	0.387072847126846
GTEX-13FHO-0011-R5b-SM-5LZZ3	Micro	0.075304661677402
GTEX-13FHO-0011-R5b-SM-5LZZ3	Astro	0.361153505700768
GTEX-13FHO-0011-R5b-SM-5LZZ3	D1-SPN	0.0702309638367857
GTEX-13FHO-0011-R5b-SM-5LZZ3	D2-SPN	0.0532066965134523
GTEX-13FHO-0011-R5b-SM-5LZZ3	OPC	0.045641012501185
GTEX-13FHO-0011-R5b-SM-5LZZ3	Inhib	0
GTEX-13FHO-0011-R5b-SM-5LZZ3	Immune	0.00739031264356131
GTEX-13FHP-0011-R5b-SM-5LZY2	Oligo	0.777935228566655
GTEX-13FHP-0011-R5b-SM-5LZY2	Micro	0.0129347761009468
GTEX-13FHP-0011-R5b-SM-5LZY2	Astro	0.1735174721022
GTEX-13FHP-0011-R5b-SM-5LZY2	D1-SPN	0.000523498950942355
GTEX-13FHP-0011-R5b-SM-5LZY2	D2-SPN	0
GTEX-13FHP-0011-R5b-SM-5LZY2	OPC	0.0303828833000051
GTEX-13FHP-0011-R5b-SM-5LZY2	Inhib	0
GTEX-13FHP-0011-R5b-SM-5LZY2	Immune	0.00470614097925091
GTEX-13FLV-0011-R5a-SM-5LZWT	Oligo	0.663167805857084
GTEX-13FLV-0011-R5a-SM-5LZWT	Micro	0.0231307202742596
GTEX-13FLV-0011-R5a-SM-5LZWT	Astro	0.273286487123951
GTEX-13FLV-0011-R5a-SM-5LZWT	D1-SPN	0.0136836976837207
GTEX-13FLV-0011-R5a-SM-5LZWT	D2-SPN	0.00205710633569708
GTEX-13FLV-0011-R5a-SM-5LZWT	OPC	0.0218209204609363
GTEX-13FLV-0011-R5a-SM-5LZWT	Inhib	0
GTEX-13FLV-0011-R5a-SM-5LZWT	Immune	0.00285326226435091
GTEX-13FLW-0011-R5a-SM-5LZX6	Oligo	0.54387736713536
GTEX-13FLW-0011-R5a-SM-5LZX6	Micro	0.084145465898454
GTEX-13FLW-0011-R5a-SM-5LZX6	Astro	0.274601382003411
GTEX-13FLW-0011-R5a-SM-5LZX6	D1-SPN	0.0359902099508669
GTEX-13FLW-0011-R5a-SM-5LZX6	D2-SPN	0.0448993466822794
GTEX-13FLW-0011-R5a-SM-5LZX6	OPC	0.0142682303126843
GTEX-13FLW-0011-R5a-SM-5LZX6	Inhib	0.000944611763283177
GTEX-13FLW-0011-R5a-SM-5LZX6	Immune	0.00127338625366091
GTEX-13FXS-0011-R5b-SM-5LZYE	Oligo	0.578426882347812
GTEX-13FXS-0011-R5b-SM-5LZYE	Micro	0.0554171842467429
GTEX-13FXS-0011-R5b-SM-5LZYE	Astro	0.233283556482642
GTEX-13FXS-0011-R5b-SM-5LZYE	D1-SPN	0.0523815271506331
GTEX-13FXS-0011-R5b-SM-5LZYE	D2-SPN	0.0519364362081088
GTEX-13FXS-0011-R5b-SM-5LZYE	OPC	0.0262932419707602
GTEX-13FXS-0011-R5b-SM-5LZYE	Inhib	0
GTEX-13FXS-0011-R5b-SM-5LZYE	Immune	0.0022611715933014
GTEX-13G51-0011-R5a-SM-5L3EB	Oligo	0.261048047170512
GTEX-13G51-0011-R5a-SM-5L3EB	Micro	0.121582690698997
GTEX-13G51-0011-R5a-SM-5L3EB	Astro	0.307757783908998
GTEX-13G51-0011-R5a-SM-5L3EB	D1-SPN	0.155465629262571
GTEX-13G51-0011-R5a-SM-5L3EB	D2-SPN	0.137670521882388
GTEX-13G51-0011-R5a-SM-5L3EB	OPC	0.0137297234141176
GTEX-13G51-0011-R5a-SM-5L3EB	Inhib	0
GTEX-13G51-0011-R5a-SM-5L3EB	Immune	0.00274560366241599
GTEX-13JUV-0011-R5a-SM-5LZY5	Oligo	0.275943370156477
GTEX-13JUV-0011-R5a-SM-5LZY5	Micro	0.188225628947869
GTEX-13JUV-0011-R5a-SM-5LZY5	Astro	0.354834870750379
GTEX-13JUV-0011-R5a-SM-5LZY5	D1-SPN	0.054367418686102
GTEX-13JUV-0011-R5a-SM-5LZY5	D2-SPN	0.0133969516210172
GTEX-13JUV-0011-R5a-SM-5LZY5	OPC	0.058283477011283
GTEX-13JUV-0011-R5a-SM-5LZY5	Inhib	0
GTEX-13JUV-0011-R5a-SM-5LZY5	Immune	0.0549482828268723
GTEX-13JVG-0011-R5a-SM-5MR4O	Oligo	0.524648385996921
GTEX-13JVG-0011-R5a-SM-5MR4O	Micro	0.0179178984123618
GTEX-13JVG-0011-R5a-SM-5MR4O	Astro	0.395631520160307
GTEX-13JVG-0011-R5a-SM-5MR4O	D1-SPN	0
GTEX-13JVG-0011-R5a-SM-5MR4O	D2-SPN	0.00228164805418831
GTEX-13JVG-0011-R5a-SM-5MR4O	OPC	0.0546728911960403
GTEX-13JVG-0011-R5a-SM-5MR4O	Inhib	0
GTEX-13JVG-0011-R5a-SM-5MR4O	Immune	0.00484765618018163
GTEX-13N1W-0011-R5b-SM-5MR5Q	Oligo	0.308273894488636
GTEX-13N1W-0011-R5b-SM-5MR5Q	Micro	0.0895741779892916
GTEX-13N1W-0011-R5b-SM-5MR5Q	Astro	0.395932211478174
GTEX-13N1W-0011-R5b-SM-5MR5Q	D1-SPN	0.071472902808362
GTEX-13N1W-0011-R5b-SM-5MR5Q	D2-SPN	0.0941113362027233
GTEX-13N1W-0011-R5b-SM-5MR5Q	OPC	0.0194302889183686
GTEX-13N1W-0011-R5b-SM-5MR5Q	Inhib	0
GTEX-13N1W-0011-R5b-SM-5MR5Q	Immune	0.0212051881144442
GTEX-13N2G-0011-R5a-SM-5MR33	Oligo	0.310856368683295
GTEX-13N2G-0011-R5a-SM-5MR33	Micro	0.130720370497747
GTEX-13N2G-0011-R5a-SM-5MR33	Astro	0.396938382376245
GTEX-13N2G-0011-R5a-SM-5MR33	D1-SPN	0.012036875623644
GTEX-13N2G-0011-R5a-SM-5MR33	D2-SPN	0.000879822532952357
GTEX-13N2G-0011-R5a-SM-5MR33	OPC	0.0601475390007094
GTEX-13N2G-0011-R5a-SM-5MR33	Inhib	1.49707708126012e-05
GTEX-13N2G-0011-R5a-SM-5MR33	Immune	0.0884056705145951
GTEX-13NYB-0011-R5a-SM-5MR45	Oligo	0.767108601951417
GTEX-13NYB-0011-R5a-SM-5MR45	Micro	0.0167109082589686
GTEX-13NYB-0011-R5a-SM-5MR45	Astro	0.181184132921243
GTEX-13NYB-0011-R5a-SM-5MR45	D1-SPN	0.0175077177884978
GTEX-13NYB-0011-R5a-SM-5MR45	D2-SPN	0.00884046318119063
GTEX-13NYB-0011-R5a-SM-5MR45	OPC	0.00701940456680867
GTEX-13NYB-0011-R5a-SM-5MR45	Inhib	0
GTEX-13NYB-0011-R5a-SM-5MR45	Immune	0.00162877133187441
GTEX-13NYS-0011-R5a-SM-5MR4D	Oligo	0.375603679004054
GTEX-13NYS-0011-R5a-SM-5MR4D	Micro	0.0957740734250368
GTEX-13NYS-0011-R5a-SM-5MR4D	Astro	0.412343191081773
GTEX-13NYS-0011-R5a-SM-5MR4D	D1-SPN	0.0458120283809791
GTEX-13NYS-0011-R5a-SM-5MR4D	D2-SPN	0.0122724752151498
GTEX-13NYS-0011-R5a-SM-5MR4D	OPC	0.0397832441143505
GTEX-13NYS-0011-R5a-SM-5MR4D	Inhib	0
GTEX-13NYS-0011-R5a-SM-5MR4D	Immune	0.0184113087786565
GTEX-13NZA-0011-R5b-SM-5KM4K	Oligo	0.443632348653072
GTEX-13NZA-0011-R5b-SM-5KM4K	Micro	0.0571689051405897
GTEX-13NZA-0011-R5b-SM-5KM4K	Astro	0.421382666747314
GTEX-13NZA-0011-R5b-SM-5KM4K	D1-SPN	0
GTEX-13NZA-0011-R5b-SM-5KM4K	D2-SPN	0
GTEX-13NZA-0011-R5b-SM-5KM4K	OPC	0.0697183084838081
GTEX-13NZA-0011-R5b-SM-5KM4K	Inhib	0
GTEX-13NZA-0011-R5b-SM-5KM4K	Immune	0.00809777097521615
GTEX-13O3O-0011-R5b-SM-5KM44	Oligo	0.73025737437869
GTEX-13O3O-0011-R5b-SM-5KM44	Micro	0.00939067842497964
GTEX-13O3O-0011-R5b-SM-5KM44	Astro	0.14868255225772
GTEX-13O3O-0011-R5b-SM-5KM44	D1-SPN	0.00698619929374715
GTEX-13O3O-0011-R5b-SM-5KM44	D2-SPN	0.0862075967593163
GTEX-13O3O-0011-R5b-SM-5KM44	OPC	0.0183623534942832
GTEX-13O3O-0011-R5b-SM-5KM44	Inhib	0
GTEX-13O3O-0011-R5b-SM-5KM44	Immune	0.000113245391263933
GTEX-13O3Q-0011-R5b-SM-5P9H4	Oligo	0.426314641900436
GTEX-13O3Q-0011-R5b-SM-5P9H4	Micro	0.0978385616926029
GTEX-13O3Q-0011-R5b-SM-5P9H4	Astro	0.275375017661617
GTEX-13O3Q-0011-R5b-SM-5P9H4	D1-SPN	0.111176902322361
GTEX-13O3Q-0011-R5b-SM-5P9H4	D2-SPN	0.072618559314781
GTEX-13O3Q-0011-R5b-SM-5P9H4	OPC	0.0153475146262225
GTEX-13O3Q-0011-R5b-SM-5P9H4	Inhib	0
GTEX-13O3Q-0011-R5b-SM-5P9H4	Immune	0.00132880248197919
GTEX-13OVH-0011-R5b-SM-5KM4L	Oligo	0.648240440434776
GTEX-13OVH-0011-R5b-SM-5KM4L	Micro	0.0551437405469501
GTEX-13OVH-0011-R5b-SM-5KM4L	Astro	0.217797505829706
GTEX-13OVH-0011-R5b-SM-5KM4L	D1-SPN	0.022143412222716
GTEX-13OVH-0011-R5b-SM-5KM4L	D2-SPN	0.00403772498638199
GTEX-13OVH-0011-R5b-SM-5KM4L	OPC	0.0444991302787214
GTEX-13OVH-0011-R5b-SM-5KM4L	Inhib	0
GTEX-13OVH-0011-R5b-SM-5KM4L	Immune	0.00813804570074823
GTEX-13OVJ-0011-R5a-SM-5P9H7	Oligo	0.508731589000774
GTEX-13OVJ-0011-R5a-SM-5P9H7	Micro	0.0214814270609788
GTEX-13OVJ-0011-R5a-SM-5P9H7	Astro	0.416343799434688
GTEX-13OVJ-0011-R5a-SM-5P9H7	D1-SPN	0.0011276905452349
GTEX-13OVJ-0011-R5a-SM-5P9H7	D2-SPN	0
GTEX-13OVJ-0011-R5a-SM-5P9H7	OPC	0.041571955480766
GTEX-13OVJ-0011-R5a-SM-5P9H7	Inhib	0
GTEX-13OVJ-0011-R5a-SM-5P9H7	Immune	0.0107435384775582
GTEX-13OVL-0011-R5b-SM-5L3FU	Oligo	0.496710271456883
GTEX-13OVL-0011-R5b-SM-5L3FU	Micro	0.0670822548551358
GTEX-13OVL-0011-R5b-SM-5L3FU	Astro	0.292818646795981
GTEX-13OVL-0011-R5b-SM-5L3FU	D1-SPN	0.0748561110029347
GTEX-13OVL-0011-R5b-SM-5L3FU	D2-SPN	0.0145172338363567
GTEX-13OVL-0011-R5b-SM-5L3FU	OPC	0.0519303770105281
GTEX-13OVL-0011-R5b-SM-5L3FU	Inhib	0
GTEX-13OVL-0011-R5b-SM-5L3FU	Immune	0.00208510504218083
GTEX-13OW5-0011-R5b-SM-5L3FR	Oligo	0.406593243670717
GTEX-13OW5-0011-R5b-SM-5L3FR	Micro	0.068359699508855
GTEX-13OW5-0011-R5b-SM-5L3FR	Astro	0.398283504005945
GTEX-13OW5-0011-R5b-SM-5L3FR	D1-SPN	0.0422574215545527
GTEX-13OW5-0011-R5b-SM-5L3FR	D2-SPN	0.00851104303124739
GTEX-13OW5-0011-R5b-SM-5L3FR	OPC	0.0501490523003969
GTEX-13OW5-0011-R5b-SM-5L3FR	Inhib	0
GTEX-13OW5-0011-R5b-SM-5L3FR	Immune	0.0258460359282864
GTEX-13OW6-0011-R5a-SM-5O9BK	Oligo	0.38426246004464
GTEX-13OW6-0011-R5a-SM-5O9BK	Micro	0.0813450636794257
GTEX-13OW6-0011-R5a-SM-5O9BK	Astro	0.422218830424305
GTEX-13OW6-0011-R5a-SM-5O9BK	D1-SPN	0.0503120512523802
GTEX-13OW6-0011-R5a-SM-5O9BK	D2-SPN	0.0153402655807216
GTEX-13OW6-0011-R5a-SM-5O9BK	OPC	0.0383711908313455
GTEX-13OW6-0011-R5a-SM-5O9BK	Inhib	0
GTEX-13OW6-0011-R5a-SM-5O9BK	Immune	0.0081501381871817
GTEX-13OW7-0011-R5b-SM-5O9DM	Oligo	0.559315910812216
GTEX-13OW7-0011-R5b-SM-5O9DM	Micro	0.0290359098110884
GTEX-13OW7-0011-R5b-SM-5O9DM	Astro	0.296722686815247
GTEX-13OW7-0011-R5b-SM-5O9DM	D1-SPN	0.00852316108764292
GTEX-13OW7-0011-R5b-SM-5O9DM	D2-SPN	0.0729341553963667
GTEX-13OW7-0011-R5b-SM-5O9DM	OPC	0.030527504942408
GTEX-13OW7-0011-R5b-SM-5O9DM	Inhib	0
GTEX-13OW7-0011-R5b-SM-5O9DM	Immune	0.00294067113503134
GTEX-13OW8-0011-R5b-SM-5L3FQ	Oligo	0.56580822374504
GTEX-13OW8-0011-R5b-SM-5L3FQ	Micro	0.0137267689637595
GTEX-13OW8-0011-R5b-SM-5L3FQ	Astro	0.337206543934138
GTEX-13OW8-0011-R5b-SM-5L3FQ	D1-SPN	0.0100305328782991
GTEX-13OW8-0011-R5b-SM-5L3FQ	D2-SPN	0.0427509284304732
GTEX-13OW8-0011-R5b-SM-5L3FQ	OPC	0.0253714686575967
GTEX-13OW8-0011-R5b-SM-5L3FQ	Inhib	0
GTEX-13OW8-0011-R5b-SM-5L3FQ	Immune	0.00510553339069362
GTEX-13PL6-0011-R5b-SM-5O9BI	Oligo	0.773079110556982
GTEX-13PL6-0011-R5b-SM-5O9BI	Micro	0.0356786191616798
GTEX-13PL6-0011-R5b-SM-5O9BI	Astro	0.1299515170623
GTEX-13PL6-0011-R5b-SM-5O9BI	D1-SPN	0.00765339586063541
GTEX-13PL6-0011-R5b-SM-5O9BI	D2-SPN	0
GTEX-13PL6-0011-R5b-SM-5O9BI	OPC	0.0235134150942448
GTEX-13PL6-0011-R5b-SM-5O9BI	Inhib	0
GTEX-13PL6-0011-R5b-SM-5O9BI	Immune	0.030123942264158
GTEX-13PLJ-0011-R5a-SM-5O9BG	Oligo	0.404155181100073
GTEX-13PLJ-0011-R5a-SM-5O9BG	Micro	0.155212262105969
GTEX-13PLJ-0011-R5a-SM-5O9BG	Astro	0.348322456919639
GTEX-13PLJ-0011-R5a-SM-5O9BG	D1-SPN	0
GTEX-13PLJ-0011-R5a-SM-5O9BG	D2-SPN	0
GTEX-13PLJ-0011-R5a-SM-5O9BG	OPC	0.0564990675434849
GTEX-13PLJ-0011-R5a-SM-5O9BG	Inhib	0
GTEX-13PLJ-0011-R5a-SM-5O9BG	Immune	0.0358110323308342
GTEX-13PVQ-0011-R5b-SM-5O9DI	Oligo	0.607788732790227
GTEX-13PVQ-0011-R5b-SM-5O9DI	Micro	0.00800724664830878
GTEX-13PVQ-0011-R5b-SM-5O9DI	Astro	0.331402780023866
GTEX-13PVQ-0011-R5b-SM-5O9DI	D1-SPN	0.00360212997157999
GTEX-13PVQ-0011-R5b-SM-5O9DI	D2-SPN	0
GTEX-13PVQ-0011-R5b-SM-5O9DI	OPC	0.0440568360986626
GTEX-13PVQ-0011-R5b-SM-5O9DI	Inhib	0
GTEX-13PVQ-0011-R5b-SM-5O9DI	Immune	0.00514227446735574
GTEX-13QJC-0011-R5a-SM-GJ3QH	Oligo	0.732685988527042
GTEX-13QJC-0011-R5a-SM-GJ3QH	Micro	0.017309160951963
GTEX-13QJC-0011-R5a-SM-GJ3QH	Astro	0.230004400147044
GTEX-13QJC-0011-R5a-SM-GJ3QH	D1-SPN	0.000800730260813747
GTEX-13QJC-0011-R5a-SM-GJ3QH	D2-SPN	0
GTEX-13QJC-0011-R5a-SM-GJ3QH	OPC	0.014770057737701
GTEX-13QJC-0011-R5a-SM-GJ3QH	Inhib	0.000748634084656077
GTEX-13QJC-0011-R5a-SM-GJ3QH	Immune	0.00368102829077948
GTEX-13RTJ-0011-R5a-SM-5P9HR	Oligo	0.515650006443369
GTEX-13RTJ-0011-R5a-SM-5P9HR	Micro	0.0965489436623062
GTEX-13RTJ-0011-R5a-SM-5P9HR	Astro	0.270374896191451
GTEX-13RTJ-0011-R5a-SM-5P9HR	D1-SPN	0.0203424195587676
GTEX-13RTJ-0011-R5a-SM-5P9HR	D2-SPN	0.0695165690481598
GTEX-13RTJ-0011-R5a-SM-5P9HR	OPC	0.0218823658284626
GTEX-13RTJ-0011-R5a-SM-5P9HR	Inhib	0
GTEX-13RTJ-0011-R5a-SM-5P9HR	Immune	0.00568479926748379
GTEX-13S7M-0011-R5b-SM-5P9HS	Oligo	0.51902760983076
GTEX-13S7M-0011-R5b-SM-5P9HS	Micro	0.0454056569668033
GTEX-13S7M-0011-R5b-SM-5P9HS	Astro	0.264699822156523
GTEX-13S7M-0011-R5b-SM-5P9HS	D1-SPN	0.112230130242648
GTEX-13S7M-0011-R5b-SM-5P9HS	D2-SPN	0.00172593200288964
GTEX-13S7M-0011-R5b-SM-5P9HS	OPC	0.0543893774279635
GTEX-13S7M-0011-R5b-SM-5P9HS	Inhib	0
GTEX-13S7M-0011-R5b-SM-5P9HS	Immune	0.00252147137241364
GTEX-13SLW-0011-R5b-SM-5SI6Z	Oligo	0.51895268305572
GTEX-13SLW-0011-R5b-SM-5SI6Z	Micro	0.0414755079047482
GTEX-13SLW-0011-R5b-SM-5SI6Z	Astro	0.332429273677366
GTEX-13SLW-0011-R5b-SM-5SI6Z	D1-SPN	0.011728300949646
GTEX-13SLW-0011-R5b-SM-5SI6Z	D2-SPN	0
GTEX-13SLW-0011-R5b-SM-5SI6Z	OPC	0.0629080442562958
GTEX-13SLW-0011-R5b-SM-5SI6Z	Inhib	0
GTEX-13SLW-0011-R5b-SM-5SI6Z	Immune	0.0325061901562237
GTEX-13SLX-0011-R5a-SM-5O9BV	Oligo	0.520380851502915
GTEX-13SLX-0011-R5a-SM-5O9BV	Micro	0.0213695180750472
GTEX-13SLX-0011-R5a-SM-5O9BV	Astro	0.2702284101312
GTEX-13SLX-0011-R5a-SM-5O9BV	D1-SPN	0.030264090762499
GTEX-13SLX-0011-R5a-SM-5O9BV	D2-SPN	0.110885438248265
GTEX-13SLX-0011-R5a-SM-5O9BV	OPC	0.0434070340742275
GTEX-13SLX-0011-R5a-SM-5O9BV	Inhib	0
GTEX-13SLX-0011-R5a-SM-5O9BV	Immune	0.00346465720584606
GTEX-13VXU-0011-R5a-SM-5O9D7	Oligo	0.435244757860164
GTEX-13VXU-0011-R5a-SM-5O9D7	Micro	0.0730713463153151
GTEX-13VXU-0011-R5a-SM-5O9D7	Astro	0.27607081144626
GTEX-13VXU-0011-R5a-SM-5O9D7	D1-SPN	0.077232423752072
GTEX-13VXU-0011-R5a-SM-5O9D7	D2-SPN	0.0949859596039017
GTEX-13VXU-0011-R5a-SM-5O9D7	OPC	0.0401604396827672
GTEX-13VXU-0011-R5a-SM-5O9D7	Inhib	0
GTEX-13VXU-0011-R5a-SM-5O9D7	Immune	0.00323426133951987
GTEX-13X6I-0011-R5a-SM-5PNWW	Oligo	0.539166051307765
GTEX-13X6I-0011-R5a-SM-5PNWW	Micro	0.0618387878631886
GTEX-13X6I-0011-R5a-SM-5PNWW	Astro	0.312951670383863
GTEX-13X6I-0011-R5a-SM-5PNWW	D1-SPN	0.025299578616281
GTEX-13X6I-0011-R5a-SM-5PNWW	D2-SPN	0
GTEX-13X6I-0011-R5a-SM-5PNWW	OPC	0.0364488535456199
GTEX-13X6I-0011-R5a-SM-5PNWW	Inhib	0
GTEX-13X6I-0011-R5a-SM-5PNWW	Immune	0.0242950582832822
GTEX-13X6J-0011-R5b-SM-5PNWT	Oligo	0.355196058071763
GTEX-13X6J-0011-R5b-SM-5PNWT	Micro	0.0810115719809894
GTEX-13X6J-0011-R5b-SM-5PNWT	Astro	0.297609441701951
GTEX-13X6J-0011-R5b-SM-5PNWT	D1-SPN	0.136218339235425
GTEX-13X6J-0011-R5b-SM-5PNWT	D2-SPN	0.106946953432622
GTEX-13X6J-0011-R5b-SM-5PNWT	OPC	0.0202374268883828
GTEX-13X6J-0011-R5b-SM-5PNWT	Inhib	0
GTEX-13X6J-0011-R5b-SM-5PNWT	Immune	0.00278020868886607
GTEX-13X6K-0011-R5b-SM-5PNUE	Oligo	0.582522185393757
GTEX-13X6K-0011-R5b-SM-5PNUE	Micro	0.0597725767148469
GTEX-13X6K-0011-R5b-SM-5PNUE	Astro	0.244999049455554
GTEX-13X6K-0011-R5b-SM-5PNUE	D1-SPN	0.0311952490199158
GTEX-13X6K-0011-R5b-SM-5PNUE	D2-SPN	0.0435240539718188
GTEX-13X6K-0011-R5b-SM-5PNUE	OPC	0.033799955152488
GTEX-13X6K-0011-R5b-SM-5PNUE	Inhib	0
GTEX-13X6K-0011-R5b-SM-5PNUE	Immune	0.00418693029161944
GTEX-1445S-0011-R5a-SM-5PNUS	Oligo	0.386417005689775
GTEX-1445S-0011-R5a-SM-5PNUS	Micro	0.0144758037043636
GTEX-1445S-0011-R5a-SM-5PNUS	Astro	0.525535700943089
GTEX-1445S-0011-R5a-SM-5PNUS	D1-SPN	0.0021133861714042
GTEX-1445S-0011-R5a-SM-5PNUS	D2-SPN	0
GTEX-1445S-0011-R5a-SM-5PNUS	OPC	0.0639351335634506
GTEX-1445S-0011-R5a-SM-5PNUS	Inhib	0
GTEX-1445S-0011-R5a-SM-5PNUS	Immune	0.00752296992791745
GTEX-144GL-0011-R5b-SM-5PNUJ	Oligo	0.645934558414276
GTEX-144GL-0011-R5b-SM-5PNUJ	Micro	0.0189117669063318
GTEX-144GL-0011-R5b-SM-5PNUJ	Astro	0.265650005974357
GTEX-144GL-0011-R5b-SM-5PNUJ	D1-SPN	0.00415706962170979
GTEX-144GL-0011-R5b-SM-5PNUJ	D2-SPN	0
GTEX-144GL-0011-R5b-SM-5PNUJ	OPC	0.0553516485933342
GTEX-144GL-0011-R5b-SM-5PNUJ	Inhib	0.00177936906798704
GTEX-144GL-0011-R5b-SM-5PNUJ	Immune	0.00821558142200418
GTEX-144GO-0011-R5a-SM-5PNUR	Oligo	0.331830537574624
GTEX-144GO-0011-R5a-SM-5PNUR	Micro	0.13962765723672
GTEX-144GO-0011-R5a-SM-5PNUR	Astro	0.449048890374069
GTEX-144GO-0011-R5a-SM-5PNUR	D1-SPN	0.00139440520563333
GTEX-144GO-0011-R5a-SM-5PNUR	D2-SPN	0
GTEX-144GO-0011-R5a-SM-5PNUR	OPC	0.0584506465153353
GTEX-144GO-0011-R5a-SM-5PNUR	Inhib	0
GTEX-144GO-0011-R5a-SM-5PNUR	Immune	0.0196478630936188
GTEX-145LS-0011-R5a-SM-5SI65	Oligo	0.561476094842852
GTEX-145LS-0011-R5a-SM-5SI65	Micro	0.0396591834936273
GTEX-145LS-0011-R5a-SM-5SI65	Astro	0.215132421246955
GTEX-145LS-0011-R5a-SM-5SI65	D1-SPN	0.0287651418880902
GTEX-145LS-0011-R5a-SM-5SI65	D2-SPN	0.101078690753234
GTEX-145LS-0011-R5a-SM-5SI65	OPC	0.0357593601526017
GTEX-145LS-0011-R5a-SM-5SI65	Inhib	0
GTEX-145LS-0011-R5a-SM-5SI65	Immune	0.0181291076226405
GTEX-145MG-0011-R5b-SM-5S2VU	Oligo	0.420621011527089
GTEX-145MG-0011-R5b-SM-5S2VU	Micro	0.0227570426803429
GTEX-145MG-0011-R5b-SM-5S2VU	Astro	0.511330386653612
GTEX-145MG-0011-R5b-SM-5S2VU	D1-SPN	0.00753808090581077
GTEX-145MG-0011-R5b-SM-5S2VU	D2-SPN	0
GTEX-145MG-0011-R5b-SM-5S2VU	OPC	0.0312125206157441
GTEX-145MG-0011-R5b-SM-5S2VU	Inhib	0.00332877626122294
GTEX-145MG-0011-R5b-SM-5S2VU	Immune	0.00321218135617741
GTEX-145MH-0011-R5a-SM-5P9JT	Oligo	0.444660061855795
GTEX-145MH-0011-R5a-SM-5P9JT	Micro	0.0902499758287932
GTEX-145MH-0011-R5a-SM-5P9JT	Astro	0.198900056449362
GTEX-145MH-0011-R5a-SM-5P9JT	D1-SPN	0.0765260926353889
GTEX-145MH-0011-R5a-SM-5P9JT	D2-SPN	0.154769415744126
GTEX-145MH-0011-R5a-SM-5P9JT	OPC	0.0281228663985161
GTEX-145MH-0011-R5a-SM-5P9JT	Inhib	0
GTEX-145MH-0011-R5a-SM-5P9JT	Immune	0.00677153108801829
GTEX-14753-0011-R5a-SM-5S2VW	Oligo	0.337536531318966
GTEX-14753-0011-R5a-SM-5S2VW	Micro	0.00748208533377142
GTEX-14753-0011-R5a-SM-5S2VW	Astro	0.605818278008387
GTEX-14753-0011-R5a-SM-5S2VW	D1-SPN	0
GTEX-14753-0011-R5a-SM-5S2VW	D2-SPN	0
GTEX-14753-0011-R5a-SM-5S2VW	OPC	0.0417448307619945
GTEX-14753-0011-R5a-SM-5S2VW	Inhib	0.00239061706655995
GTEX-14753-0011-R5a-SM-5S2VW	Immune	0.00502765751032078
GTEX-1477Z-0011-R5b-SM-5PNUO	Oligo	0.402588419214329
GTEX-1477Z-0011-R5b-SM-5PNUO	Micro	0.0893837785716497
GTEX-1477Z-0011-R5b-SM-5PNUO	Astro	0.368788754753739
GTEX-1477Z-0011-R5b-SM-5PNUO	D1-SPN	0.0026562513933996
GTEX-1477Z-0011-R5b-SM-5PNUO	D2-SPN	0
GTEX-1477Z-0011-R5b-SM-5PNUO	OPC	0.089046865963181
GTEX-1477Z-0011-R5b-SM-5PNUO	Inhib	0
GTEX-1477Z-0011-R5b-SM-5PNUO	Immune	0.0475359301037017
GTEX-14ABY-0011-R5b-SM-5SI7B	Oligo	0.396382577650113
GTEX-14ABY-0011-R5b-SM-5SI7B	Micro	0.0877653424930418
GTEX-14ABY-0011-R5b-SM-5SI7B	Astro	0.308253448544898
GTEX-14ABY-0011-R5b-SM-5SI7B	D1-SPN	0.0748041001083848
GTEX-14ABY-0011-R5b-SM-5SI7B	D2-SPN	0.0690420820470922
GTEX-14ABY-0011-R5b-SM-5SI7B	OPC	0.0416691578217519
GTEX-14ABY-0011-R5b-SM-5SI7B	Inhib	0
GTEX-14ABY-0011-R5b-SM-5SI7B	Immune	0.0220832913347181
GTEX-14ASI-0011-R5b-SM-6EU2M	Oligo	0.41643624590918
GTEX-14ASI-0011-R5b-SM-6EU2M	Micro	0.04946110758823
GTEX-14ASI-0011-R5b-SM-6EU2M	Astro	0.339692734343903
GTEX-14ASI-0011-R5b-SM-6EU2M	D1-SPN	0.0433388279347029
GTEX-14ASI-0011-R5b-SM-6EU2M	D2-SPN	0.0575838640336132
GTEX-14ASI-0011-R5b-SM-6EU2M	OPC	0.0750543339991465
GTEX-14ASI-0011-R5b-SM-6EU2M	Inhib	0
GTEX-14ASI-0011-R5b-SM-6EU2M	Immune	0.0184328861912252
GTEX-14BIM-0011-R5b-SM-5S2RM	Oligo	0.335970072362935
GTEX-14BIM-0011-R5b-SM-5S2RM	Micro	0.076328893087574
GTEX-14BIM-0011-R5b-SM-5S2RM	Astro	0.418664318040342
GTEX-14BIM-0011-R5b-SM-5S2RM	D1-SPN	0.104576768180058
GTEX-14BIM-0011-R5b-SM-5S2RM	D2-SPN	0.0369710363732776
GTEX-14BIM-0011-R5b-SM-5S2RM	OPC	0.0125688964840529
GTEX-14BIM-0011-R5b-SM-5S2RM	Inhib	0
GTEX-14BIM-0011-R5b-SM-5S2RM	Immune	0.0149200154717609
GTEX-14BIN-0011-R5b-SM-5SI78	Oligo	0.646443991369781
GTEX-14BIN-0011-R5b-SM-5SI78	Micro	0.0323709135685946
GTEX-14BIN-0011-R5b-SM-5SI78	Astro	0.261381416807494
GTEX-14BIN-0011-R5b-SM-5SI78	D1-SPN	0.0134537228270831
GTEX-14BIN-0011-R5b-SM-5SI78	D2-SPN	0.0158399795029372
GTEX-14BIN-0011-R5b-SM-5SI78	OPC	0.0275350275297416
GTEX-14BIN-0011-R5b-SM-5SI78	Inhib	0
GTEX-14BIN-0011-R5b-SM-5SI78	Immune	0.00297494839436882
GTEX-14BMV-0011-R5b-SM-62LFT	Oligo	0.433550802969432
GTEX-14BMV-0011-R5b-SM-62LFT	Micro	0.0640669879184688
GTEX-14BMV-0011-R5b-SM-62LFT	Astro	0.331781455484228
GTEX-14BMV-0011-R5b-SM-62LFT	D1-SPN	0.0917074747995896
GTEX-14BMV-0011-R5b-SM-62LFT	D2-SPN	0.0223951257512133
GTEX-14BMV-0011-R5b-SM-62LFT	OPC	0.0502831818403273
GTEX-14BMV-0011-R5b-SM-62LFT	Inhib	0
GTEX-14BMV-0011-R5b-SM-62LFT	Immune	0.00621497123674068
GTEX-14C39-0011-R5b-SM-5ZZV1	Oligo	0.594561044720386
GTEX-14C39-0011-R5b-SM-5ZZV1	Micro	0.0631067907630758
GTEX-14C39-0011-R5b-SM-5ZZV1	Astro	0.232547300651271
GTEX-14C39-0011-R5b-SM-5ZZV1	D1-SPN	0.0421700756301278
GTEX-14C39-0011-R5b-SM-5ZZV1	D2-SPN	0.020925710752988
GTEX-14C39-0011-R5b-SM-5ZZV1	OPC	0.039476916611463
GTEX-14C39-0011-R5b-SM-5ZZV1	Inhib	0.00374226729680549
GTEX-14C39-0011-R5b-SM-5ZZV1	Immune	0.00346989357388256
GTEX-14C5O-0011-R5a-SM-G8W84	Oligo	0.632995100799965
GTEX-14C5O-0011-R5a-SM-G8W84	Micro	0.0890537481051121
GTEX-14C5O-0011-R5a-SM-G8W84	Astro	0.161910611912747
GTEX-14C5O-0011-R5a-SM-G8W84	D1-SPN	0.000407580411332947
GTEX-14C5O-0011-R5a-SM-G8W84	D2-SPN	0.0684074370225526
GTEX-14C5O-0011-R5a-SM-G8W84	OPC	0.0287104877235296
GTEX-14C5O-0011-R5a-SM-G8W84	Inhib	0
GTEX-14C5O-0011-R5a-SM-G8W84	Immune	0.018515034024761
GTEX-14DAQ-0011-R5b-SM-5YYAK	Oligo	0.615578317182182
GTEX-14DAQ-0011-R5b-SM-5YYAK	Micro	0.057609542558221
GTEX-14DAQ-0011-R5b-SM-5YYAK	Astro	0.239205002957537
GTEX-14DAQ-0011-R5b-SM-5YYAK	D1-SPN	0
GTEX-14DAQ-0011-R5b-SM-5YYAK	D2-SPN	0.0439149945110553
GTEX-14DAQ-0011-R5b-SM-5YYAK	OPC	0.0424157366820348
GTEX-14DAQ-0011-R5b-SM-5YYAK	Inhib	0
GTEX-14DAQ-0011-R5b-SM-5YYAK	Immune	0.00127640610896944
GTEX-14E6C-0011-R5b-SM-G9ERG	Oligo	0.571006793464383
GTEX-14E6C-0011-R5b-SM-G9ERG	Micro	0.0234835674179062
GTEX-14E6C-0011-R5b-SM-G9ERG	Astro	0.327057026407215
GTEX-14E6C-0011-R5b-SM-G9ERG	D1-SPN	0
GTEX-14E6C-0011-R5b-SM-G9ERG	D2-SPN	0.00262889085398141
GTEX-14E6C-0011-R5b-SM-G9ERG	OPC	0.0724692845229615
GTEX-14E6C-0011-R5b-SM-G9ERG	Inhib	0.000383452971596974
GTEX-14E6C-0011-R5b-SM-G9ERG	Immune	0.00297098436195599
GTEX-14E6D-0011-R5b-SM-69LQR	Oligo	0.748910883318178
GTEX-14E6D-0011-R5b-SM-69LQR	Micro	0.0233481231211215
GTEX-14E6D-0011-R5b-SM-69LQR	Astro	0.191325564889602
GTEX-14E6D-0011-R5b-SM-69LQR	D1-SPN	0.00540873648100535
GTEX-14E6D-0011-R5b-SM-69LQR	D2-SPN	0
GTEX-14E6D-0011-R5b-SM-69LQR	OPC	0.0281442485476754
GTEX-14E6D-0011-R5b-SM-69LQR	Inhib	0.000535614898038343
GTEX-14E6D-0011-R5b-SM-69LQR	Immune	0.00232682874437965
GTEX-14JG1-0011-R5a-SM-62LED	Oligo	0.56693101759465
GTEX-14JG1-0011-R5a-SM-62LED	Micro	0.0922959824220498
GTEX-14JG1-0011-R5a-SM-62LED	Astro	0.24682668033712
GTEX-14JG1-0011-R5a-SM-62LED	D1-SPN	0.0421564576082301
GTEX-14JG1-0011-R5a-SM-62LED	D2-SPN	0.0224421854178369
GTEX-14JG1-0011-R5a-SM-62LED	OPC	0.0239368186133707
GTEX-14JG1-0011-R5a-SM-62LED	Inhib	0
GTEX-14JG1-0011-R5a-SM-62LED	Immune	0.00541085800674186
GTEX-14JIY-0011-R5b-SM-62LE7	Oligo	0.183838143135943
GTEX-14JIY-0011-R5b-SM-62LE7	Micro	0.0932417952995772
GTEX-14JIY-0011-R5b-SM-62LE7	Astro	0.378468536160999
GTEX-14JIY-0011-R5b-SM-62LE7	D1-SPN	0.092480752151015
GTEX-14JIY-0011-R5b-SM-62LE7	D2-SPN	0.219442182198007
GTEX-14JIY-0011-R5b-SM-62LE7	OPC	0.0262263009197881
GTEX-14JIY-0011-R5b-SM-62LE7	Inhib	0
GTEX-14JIY-0011-R5b-SM-62LE7	Immune	0.00630229013467015
GTEX-14LLW-0011-R5b-SM-5ZZU6	Oligo	0.473899224926789
GTEX-14LLW-0011-R5b-SM-5ZZU6	Micro	0.0705734695907354
GTEX-14LLW-0011-R5b-SM-5ZZU6	Astro	0.300059830510905
GTEX-14LLW-0011-R5b-SM-5ZZU6	D1-SPN	0.0299740827818268
GTEX-14LLW-0011-R5b-SM-5ZZU6	D2-SPN	0.0611802942118447
GTEX-14LLW-0011-R5b-SM-5ZZU6	OPC	0.0465545858542653
GTEX-14LLW-0011-R5b-SM-5ZZU6	Inhib	0
GTEX-14LLW-0011-R5b-SM-5ZZU6	Immune	0.0177585121236342
GTEX-14LZ3-0011-R5b-SM-5ZZV8	Oligo	0.334864419227432
GTEX-14LZ3-0011-R5b-SM-5ZZV8	Micro	0.0594030370217275
GTEX-14LZ3-0011-R5b-SM-5ZZV8	Astro	0.546794157231804
GTEX-14LZ3-0011-R5b-SM-5ZZV8	D1-SPN	0.0022556900242968
GTEX-14LZ3-0011-R5b-SM-5ZZV8	D2-SPN	0
GTEX-14LZ3-0011-R5b-SM-5ZZV8	OPC	0.0348116991309611
GTEX-14LZ3-0011-R5b-SM-5ZZV8	Inhib	0.00180226981084131
GTEX-14LZ3-0011-R5b-SM-5ZZV8	Immune	0.0200687275529374
GTEX-14PJO-0011-R5a-SM-6AJBZ	Oligo	0.387777097751709
GTEX-14PJO-0011-R5a-SM-6AJBZ	Micro	0.0816075411257491
GTEX-14PJO-0011-R5a-SM-6AJBZ	Astro	0.414836156332962
GTEX-14PJO-0011-R5a-SM-6AJBZ	D1-SPN	0.0486714391087418
GTEX-14PJO-0011-R5a-SM-6AJBZ	D2-SPN	0.0122818912453993
GTEX-14PJO-0011-R5a-SM-6AJBZ	OPC	0.0381948083248535
GTEX-14PJO-0011-R5a-SM-6AJBZ	Inhib	0
GTEX-14PJO-0011-R5a-SM-6AJBZ	Immune	0.0166310661105855
GTEX-14PN4-0011-R5a-SM-686ZV	Oligo	0.302951938505434
GTEX-14PN4-0011-R5a-SM-686ZV	Micro	0.190073968606231
GTEX-14PN4-0011-R5a-SM-686ZV	Astro	0.225997092422986
GTEX-14PN4-0011-R5a-SM-686ZV	D1-SPN	0.0901069994379764
GTEX-14PN4-0011-R5a-SM-686ZV	D2-SPN	0.110416645810519
GTEX-14PN4-0011-R5a-SM-686ZV	OPC	0.0298389324483178
GTEX-14PN4-0011-R5a-SM-686ZV	Inhib	0
GTEX-14PN4-0011-R5a-SM-686ZV	Immune	0.0506144227685358
GTEX-14PQA-0011-R5b-SM-6AJC2	Oligo	0.495526366041623
GTEX-14PQA-0011-R5b-SM-6AJC2	Micro	0.055635052281192
GTEX-14PQA-0011-R5b-SM-6AJC2	Astro	0.344311725503702
GTEX-14PQA-0011-R5b-SM-6AJC2	D1-SPN	0.0302751109884314
GTEX-14PQA-0011-R5b-SM-6AJC2	D2-SPN	0
GTEX-14PQA-0011-R5b-SM-6AJC2	OPC	0.049710511272983
GTEX-14PQA-0011-R5b-SM-6AJC2	Inhib	0
GTEX-14PQA-0011-R5b-SM-6AJC2	Immune	0.0245412339120685
GTEX-15CHQ-0011-R5b-SM-6AJAN	Oligo	0.397690961350193
GTEX-15CHQ-0011-R5b-SM-6AJAN	Micro	0.066698134413453
GTEX-15CHQ-0011-R5b-SM-6AJAN	Astro	0.329893948710756
GTEX-15CHQ-0011-R5b-SM-6AJAN	D1-SPN	0.0760004349798203
GTEX-15CHQ-0011-R5b-SM-6AJAN	D2-SPN	0.107445307584166
GTEX-15CHQ-0011-R5b-SM-6AJAN	OPC	0.0193912694373788
GTEX-15CHQ-0011-R5b-SM-6AJAN	Inhib	0
GTEX-15CHQ-0011-R5b-SM-6AJAN	Immune	0.00287994352423308
GTEX-15DCD-0011-R5a-SM-CXZKZ	Oligo	0.476247498154748
GTEX-15DCD-0011-R5a-SM-CXZKZ	Micro	0.0779815629089206
GTEX-15DCD-0011-R5a-SM-CXZKZ	Astro	0.358705894839587
GTEX-15DCD-0011-R5a-SM-CXZKZ	D1-SPN	0.000675360236864996
GTEX-15DCD-0011-R5a-SM-CXZKZ	D2-SPN	0.0373361161715828
GTEX-15DCD-0011-R5a-SM-CXZKZ	OPC	0.0386357883074052
GTEX-15DCD-0011-R5a-SM-CXZKZ	Inhib	0
GTEX-15DCD-0011-R5a-SM-CXZKZ	Immune	0.0104177793808918
GTEX-15DDE-0011-R5b-SM-7KULJ	Oligo	0.570761365665662
GTEX-15DDE-0011-R5b-SM-7KULJ	Micro	0.0908731094045003
GTEX-15DDE-0011-R5b-SM-7KULJ	Astro	0.212952887118873
GTEX-15DDE-0011-R5b-SM-7KULJ	D1-SPN	0.0144648821139128
GTEX-15DDE-0011-R5b-SM-7KULJ	D2-SPN	0
GTEX-15DDE-0011-R5b-SM-7KULJ	OPC	0.0642008395882903
GTEX-15DDE-0011-R5b-SM-7KULJ	Inhib	0.00157169759737906
GTEX-15DDE-0011-R5b-SM-7KULJ	Immune	0.0451752185113828
GTEX-15DYW-0011-R5a-SM-6M46W	Oligo	0.562085563210543
GTEX-15DYW-0011-R5a-SM-6M46W	Micro	0.0400489683392299
GTEX-15DYW-0011-R5a-SM-6M46W	Astro	0.253631227252791
GTEX-15DYW-0011-R5a-SM-6M46W	D1-SPN	0.0142149221705561
GTEX-15DYW-0011-R5a-SM-6M46W	D2-SPN	0.103430015921491
GTEX-15DYW-0011-R5a-SM-6M46W	OPC	0.0224246989365648
GTEX-15DYW-0011-R5a-SM-6M46W	Inhib	0
GTEX-15DYW-0011-R5a-SM-6M46W	Immune	0.00416460416882356
GTEX-15EO6-0011-R5b-SM-7KUDZ	Oligo	0.488971938631914
GTEX-15EO6-0011-R5b-SM-7KUDZ	Micro	0.0486297192687608
GTEX-15EO6-0011-R5b-SM-7KUDZ	Astro	0.351549036882871
GTEX-15EO6-0011-R5b-SM-7KUDZ	D1-SPN	0.0265457939547589
GTEX-15EO6-0011-R5b-SM-7KUDZ	D2-SPN	0.0163939456529385
GTEX-15EO6-0011-R5b-SM-7KUDZ	OPC	0.0405505623289261
GTEX-15EO6-0011-R5b-SM-7KUDZ	Inhib	0
GTEX-15EO6-0011-R5b-SM-7KUDZ	Immune	0.0273590032798304
GTEX-15ER7-0011-R5b-SM-6M46T	Oligo	0.33058709573341
GTEX-15ER7-0011-R5b-SM-6M46T	Micro	0.0426637248844995
GTEX-15ER7-0011-R5b-SM-6M46T	Astro	0.227451091878744
GTEX-15ER7-0011-R5b-SM-6M46T	D1-SPN	0.183337428761251
GTEX-15ER7-0011-R5b-SM-6M46T	D2-SPN	0.162634436495625
GTEX-15ER7-0011-R5b-SM-6M46T	OPC	0.0499818443235741
GTEX-15ER7-0011-R5b-SM-6M46T	Inhib	0
GTEX-15ER7-0011-R5b-SM-6M46T	Immune	0.0033443779228968
GTEX-15G19-0011-R5b-SM-6M46P	Oligo	0.428543008021078
GTEX-15G19-0011-R5b-SM-6M46P	Micro	0.107064255586028
GTEX-15G19-0011-R5b-SM-6M46P	Astro	0.311114876923938
GTEX-15G19-0011-R5b-SM-6M46P	D1-SPN	0.0198259070847655
GTEX-15G19-0011-R5b-SM-6M46P	D2-SPN	0
GTEX-15G19-0011-R5b-SM-6M46P	OPC	0.0608102309369656
GTEX-15G19-0011-R5b-SM-6M46P	Inhib	0
GTEX-15G19-0011-R5b-SM-6M46P	Immune	0.0726417214472245
GTEX-15RJE-0011-R5b-SM-H6Q7T	Oligo	0.251397539446329
GTEX-15RJE-0011-R5b-SM-H6Q7T	Micro	0.133930605151096
GTEX-15RJE-0011-R5b-SM-H6Q7T	Astro	0.367332576178821
GTEX-15RJE-0011-R5b-SM-H6Q7T	D1-SPN	0.070198459166455
GTEX-15RJE-0011-R5b-SM-H6Q7T	D2-SPN	0.0499108166816732
GTEX-15RJE-0011-R5b-SM-H6Q7T	OPC	0.0318828042578498
GTEX-15RJE-0011-R5b-SM-H6Q7T	Inhib	0
GTEX-15RJE-0011-R5b-SM-H6Q7T	Immune	0.0953471991177751
GTEX-15SHU-0011-R5a-SM-7938Q	Oligo	0.298089296098831
GTEX-15SHU-0011-R5a-SM-7938Q	Micro	0.101631997950922
GTEX-15SHU-0011-R5a-SM-7938Q	Astro	0.431506229783991
GTEX-15SHU-0011-R5a-SM-7938Q	D1-SPN	0.101944151003349
GTEX-15SHU-0011-R5a-SM-7938Q	D2-SPN	0.0166295918009629
GTEX-15SHU-0011-R5a-SM-7938Q	OPC	0.040353014002901
GTEX-15SHU-0011-R5a-SM-7938Q	Inhib	0
GTEX-15SHU-0011-R5a-SM-7938Q	Immune	0.00984571935904387
GTEX-15UF6-0011-R5a-SM-H7OFA	Oligo	0.542537464017094
GTEX-15UF6-0011-R5a-SM-H7OFA	Micro	0.028788513272913
GTEX-15UF6-0011-R5a-SM-H7OFA	Astro	0.375591856283077
GTEX-15UF6-0011-R5a-SM-H7OFA	D1-SPN	0.00804168906699984
GTEX-15UF6-0011-R5a-SM-H7OFA	D2-SPN	0
GTEX-15UF6-0011-R5a-SM-H7OFA	OPC	0.0279779206269065
GTEX-15UF6-0011-R5a-SM-H7OFA	Inhib	0.00153320412202179
GTEX-15UF6-0011-R5a-SM-H7OFA	Immune	0.0155293526109885
GTEX-16GPK-0011-R5b-SM-GRR3C	Oligo	0.540739338570195
GTEX-16GPK-0011-R5b-SM-GRR3C	Micro	0.0453203856483918
GTEX-16GPK-0011-R5b-SM-GRR3C	Astro	0.368775044299435
GTEX-16GPK-0011-R5b-SM-GRR3C	D1-SPN	0.00023236616444321
GTEX-16GPK-0011-R5b-SM-GRR3C	D2-SPN	0
GTEX-16GPK-0011-R5b-SM-GRR3C	OPC	0.0411509748906335
GTEX-16GPK-0011-R5b-SM-GRR3C	Inhib	0
GTEX-16GPK-0011-R5b-SM-GRR3C	Immune	0.00378189042690173
GTEX-16NPV-0011-R5a-SM-7EPGK	Oligo	0.335168350641349
GTEX-16NPV-0011-R5a-SM-7EPGK	Micro	0.0780877388171823
GTEX-16NPV-0011-R5a-SM-7EPGK	Astro	0.464916946385125
GTEX-16NPV-0011-R5a-SM-7EPGK	D1-SPN	0
GTEX-16NPV-0011-R5a-SM-7EPGK	D2-SPN	0
GTEX-16NPV-0011-R5a-SM-7EPGK	OPC	0.0231100301286508
GTEX-16NPV-0011-R5a-SM-7EPGK	Inhib	0
GTEX-16NPV-0011-R5a-SM-7EPGK	Immune	0.0987169340276933
GTEX-16YQH-0011-R5b-SM-7938U	Oligo	0.354474900316572
GTEX-16YQH-0011-R5b-SM-7938U	Micro	0.136020533110097
GTEX-16YQH-0011-R5b-SM-7938U	Astro	0.178315562246471
GTEX-16YQH-0011-R5b-SM-7938U	D1-SPN	0.0947558645294552
GTEX-16YQH-0011-R5b-SM-7938U	D2-SPN	0.198988050057422
GTEX-16YQH-0011-R5b-SM-7938U	OPC	0.0288714088514851
GTEX-16YQH-0011-R5b-SM-7938U	Inhib	0
GTEX-16YQH-0011-R5b-SM-7938U	Immune	0.00857368088849769
GTEX-16Z82-0011-R5a-SM-7EPGB	Oligo	0.600227050103657
GTEX-16Z82-0011-R5a-SM-7EPGB	Micro	0.0263777004587865
GTEX-16Z82-0011-R5a-SM-7EPGB	Astro	0.24517661534085
GTEX-16Z82-0011-R5a-SM-7EPGB	D1-SPN	0.00255081446515223
GTEX-16Z82-0011-R5a-SM-7EPGB	D2-SPN	0.00209211389486479
GTEX-16Z82-0011-R5a-SM-7EPGB	OPC	0.105704965275822
GTEX-16Z82-0011-R5a-SM-7EPGB	Inhib	0
GTEX-16Z82-0011-R5a-SM-7EPGB	Immune	0.0178707404608675
GTEX-17EVP-0011-R5b-SM-7DHKW	Oligo	0.692286069777225
GTEX-17EVP-0011-R5b-SM-7DHKW	Micro	0.0409574539646941
GTEX-17EVP-0011-R5b-SM-7DHKW	Astro	0.166458872856018
GTEX-17EVP-0011-R5b-SM-7DHKW	D1-SPN	0.0163907117225874
GTEX-17EVP-0011-R5b-SM-7DHKW	D2-SPN	0.0654978238493994
GTEX-17EVP-0011-R5b-SM-7DHKW	OPC	0.0175003443852925
GTEX-17EVP-0011-R5b-SM-7DHKW	Inhib	0
GTEX-17EVP-0011-R5b-SM-7DHKW	Immune	0.000908723444783691
GTEX-17EVQ-0011-R5a-SM-7LT92	Oligo	0.841662796241096
GTEX-17EVQ-0011-R5a-SM-7LT92	Micro	0.0209961939310136
GTEX-17EVQ-0011-R5a-SM-7LT92	Astro	0.0793531355387861
GTEX-17EVQ-0011-R5a-SM-7LT92	D1-SPN	0.00363211761222231
GTEX-17EVQ-0011-R5a-SM-7LT92	D2-SPN	0
GTEX-17EVQ-0011-R5a-SM-7LT92	OPC	0.0341023880753133
GTEX-17EVQ-0011-R5a-SM-7LT92	Inhib	0.00294344948880938
GTEX-17EVQ-0011-R5a-SM-7LT92	Immune	0.0173099191127596
GTEX-17F97-0011-R5a-SM-7LG4Z	Oligo	0.638277011362675
GTEX-17F97-0011-R5a-SM-7LG4Z	Micro	0.0749688978782272
GTEX-17F97-0011-R5a-SM-7LG4Z	Astro	0.192721539796915
GTEX-17F97-0011-R5a-SM-7LG4Z	D1-SPN	0.0354356979674971
GTEX-17F97-0011-R5a-SM-7LG4Z	D2-SPN	0.000378965242193344
GTEX-17F97-0011-R5a-SM-7LG4Z	OPC	0.0343193921673007
GTEX-17F97-0011-R5a-SM-7LG4Z	Inhib	0
GTEX-17F97-0011-R5a-SM-7LG4Z	Immune	0.0238984955851915
GTEX-17HG3-0011-R5a-SM-7DUEW	Oligo	0.475859717586667
GTEX-17HG3-0011-R5a-SM-7DUEW	Micro	0.0361674390323523
GTEX-17HG3-0011-R5a-SM-7DUEW	Astro	0.436471482108285
GTEX-17HG3-0011-R5a-SM-7DUEW	D1-SPN	0.00633439889401931
GTEX-17HG3-0011-R5a-SM-7DUEW	D2-SPN	0
GTEX-17HG3-0011-R5a-SM-7DUEW	OPC	0.0414250736151954
GTEX-17HG3-0011-R5a-SM-7DUEW	Inhib	0
GTEX-17HG3-0011-R5a-SM-7DUEW	Immune	0.00374188876348066
GTEX-17HHY-0011-R5b-SM-79OMZ	Oligo	0.703222253494556
GTEX-17HHY-0011-R5b-SM-79OMZ	Micro	0.0257285224838599
GTEX-17HHY-0011-R5b-SM-79OMZ	Astro	0.238941257169922
GTEX-17HHY-0011-R5b-SM-79OMZ	D1-SPN	0.004814289859674
GTEX-17HHY-0011-R5b-SM-79OMZ	D2-SPN	0.000588562992372415
GTEX-17HHY-0011-R5b-SM-79OMZ	OPC	0.024470383627504
GTEX-17HHY-0011-R5b-SM-79OMZ	Inhib	0
GTEX-17HHY-0011-R5b-SM-79OMZ	Immune	0.00223473037211187
GTEX-17HII-0011-R5a-SM-7LG51	Oligo	0.719908304449857
GTEX-17HII-0011-R5a-SM-7LG51	Micro	0.0263703687705858
GTEX-17HII-0011-R5a-SM-7LG51	Astro	0.175139524304293
GTEX-17HII-0011-R5a-SM-7LG51	D1-SPN	0.0161099171957385
GTEX-17HII-0011-R5a-SM-7LG51	D2-SPN	0.0185428917984909
GTEX-17HII-0011-R5a-SM-7LG51	OPC	0.0353136952166912
GTEX-17HII-0011-R5a-SM-7LG51	Inhib	0
GTEX-17HII-0011-R5a-SM-7LG51	Immune	0.00861529826434411
GTEX-17MF6-0011-R5a-SM-731BA	Oligo	0.777943574137193
GTEX-17MF6-0011-R5a-SM-731BA	Micro	0.0267790949251476
GTEX-17MF6-0011-R5a-SM-731BA	Astro	0.158128290454949
GTEX-17MF6-0011-R5a-SM-731BA	D1-SPN	0.00130896798749608
GTEX-17MF6-0011-R5a-SM-731BA	D2-SPN	0
GTEX-17MF6-0011-R5a-SM-731BA	OPC	0.032049391159507
GTEX-17MF6-0011-R5a-SM-731BA	Inhib	0.000601996200522774
GTEX-17MF6-0011-R5a-SM-731BA	Immune	0.00318868513518502
GTEX-183WM-0011-R5a-SM-718A4	Oligo	0.505485680745815
GTEX-183WM-0011-R5a-SM-718A4	Micro	0.0803303167941201
GTEX-183WM-0011-R5a-SM-718A4	Astro	0.286031704464985
GTEX-183WM-0011-R5a-SM-718A4	D1-SPN	0.00413266745824258
GTEX-183WM-0011-R5a-SM-718A4	D2-SPN	0
GTEX-183WM-0011-R5a-SM-718A4	OPC	0.0600869448270551
GTEX-183WM-0011-R5a-SM-718A4	Inhib	0
GTEX-183WM-0011-R5a-SM-718A4	Immune	0.063932685709782
GTEX-18465-0011-R5a-SM-72D5J	Oligo	0.665801328962783
GTEX-18465-0011-R5a-SM-72D5J	Micro	0.020540476672356
GTEX-18465-0011-R5a-SM-72D5J	Astro	0.272963380225095
GTEX-18465-0011-R5a-SM-72D5J	D1-SPN	0.00375511115901904
GTEX-18465-0011-R5a-SM-72D5J	D2-SPN	0
GTEX-18465-0011-R5a-SM-72D5J	OPC	0.0304123298852664
GTEX-18465-0011-R5a-SM-72D5J	Inhib	0
GTEX-18465-0011-R5a-SM-72D5J	Immune	0.00652737309548064
GTEX-1A3MX-0011-R5a-SM-79OM5	Oligo	0.622940931246894
GTEX-1A3MX-0011-R5a-SM-79OM5	Micro	0.0433303198799885
GTEX-1A3MX-0011-R5a-SM-79OM5	Astro	0.270945659237372
GTEX-1A3MX-0011-R5a-SM-79OM5	D1-SPN	0.0106389312455831
GTEX-1A3MX-0011-R5a-SM-79OM5	D2-SPN	0.00834790198498771
GTEX-1A3MX-0011-R5a-SM-79OM5	OPC	0.015391931512816
GTEX-1A3MX-0011-R5a-SM-79OM5	Inhib	0
GTEX-1A3MX-0011-R5a-SM-79OM5	Immune	0.0284043248923591
GTEX-1A8G6-0011-R5b-SM-7IGQG	Oligo	0.279117104643174
GTEX-1A8G6-0011-R5b-SM-7IGQG	Micro	0.12537062202613
GTEX-1A8G6-0011-R5b-SM-7IGQG	Astro	0.533676529722002
GTEX-1A8G6-0011-R5b-SM-7IGQG	D1-SPN	0.00118907895737161
GTEX-1A8G6-0011-R5b-SM-7IGQG	D2-SPN	0
GTEX-1A8G6-0011-R5b-SM-7IGQG	OPC	0.0340339744974084
GTEX-1A8G6-0011-R5b-SM-7IGQG	Inhib	0.000154171912094452
GTEX-1A8G6-0011-R5b-SM-7IGQG	Immune	0.0264585182418203
GTEX-1A8G7-0011-R5a-SM-H7OH3	Oligo	0.47700644561138
GTEX-1A8G7-0011-R5a-SM-H7OH3	Micro	0.0320780159378991
GTEX-1A8G7-0011-R5a-SM-H7OH3	Astro	0.430870766642055
GTEX-1A8G7-0011-R5a-SM-H7OH3	D1-SPN	0
GTEX-1A8G7-0011-R5a-SM-H7OH3	D2-SPN	0
GTEX-1A8G7-0011-R5a-SM-H7OH3	OPC	0.0540251044050842
GTEX-1A8G7-0011-R5a-SM-H7OH3	Inhib	0.00124607301559455
GTEX-1A8G7-0011-R5a-SM-H7OH3	Immune	0.00477359438798679
GTEX-1AX9I-0011-R5b-SM-793DI	Oligo	0.530972359949916
GTEX-1AX9I-0011-R5b-SM-793DI	Micro	0.0433280494600485
GTEX-1AX9I-0011-R5b-SM-793DI	Astro	0.15953159473095
GTEX-1AX9I-0011-R5b-SM-793DI	D1-SPN	0.00382313412079028
GTEX-1AX9I-0011-R5b-SM-793DI	D2-SPN	0.238119489969098
GTEX-1AX9I-0011-R5b-SM-793DI	OPC	0.0237339305700468
GTEX-1AX9I-0011-R5b-SM-793DI	Inhib	0
GTEX-1AX9I-0011-R5b-SM-793DI	Immune	0.000491441199150416
GTEX-1B8L1-0011-R5a-SM-7DHN5	Oligo	0.53449450345063
GTEX-1B8L1-0011-R5a-SM-7DHN5	Micro	0.0488498783257638
GTEX-1B8L1-0011-R5a-SM-7DHN5	Astro	0.276443212726772
GTEX-1B8L1-0011-R5a-SM-7DHN5	D1-SPN	0.0556945375622741
GTEX-1B8L1-0011-R5a-SM-7DHN5	D2-SPN	0.0518907040130862
GTEX-1B8L1-0011-R5a-SM-7DHN5	OPC	0.0261688500921818
GTEX-1B8L1-0011-R5a-SM-7DHN5	Inhib	0
GTEX-1B8L1-0011-R5a-SM-7DHN5	Immune	0.00645831382929268
GTEX-1B8SF-0011-R5a-SM-79OOO	Oligo	0.296379138751926
GTEX-1B8SF-0011-R5a-SM-79OOO	Micro	0.118070770354904
GTEX-1B8SF-0011-R5a-SM-79OOO	Astro	0.430629414709932
GTEX-1B8SF-0011-R5a-SM-79OOO	D1-SPN	0.045811228194852
GTEX-1B8SF-0011-R5a-SM-79OOO	D2-SPN	0.00132025086352735
GTEX-1B8SF-0011-R5a-SM-79OOO	OPC	0.0779702510888497
GTEX-1B8SF-0011-R5a-SM-79OOO	Inhib	0.0104659239583412
GTEX-1B8SF-0011-R5a-SM-79OOO	Immune	0.0193530220776687
GTEX-1B933-0011-R5b-SM-7P8SA	Oligo	0.342064212545672
GTEX-1B933-0011-R5b-SM-7P8SA	Micro	0.0588339420346625
GTEX-1B933-0011-R5b-SM-7P8SA	Astro	0.306473208622311
GTEX-1B933-0011-R5b-SM-7P8SA	D1-SPN	0.12234687590303
GTEX-1B933-0011-R5b-SM-7P8SA	D2-SPN	0.122650286289827
GTEX-1B933-0011-R5b-SM-7P8SA	OPC	0.0182622047026771
GTEX-1B933-0011-R5b-SM-7P8SA	Inhib	0
GTEX-1B933-0011-R5b-SM-7P8SA	Immune	0.0293692699018203
GTEX-1B996-0011-R5a-SM-7P8PN	Oligo	0.513868098158277
GTEX-1B996-0011-R5a-SM-7P8PN	Micro	0.0766435693683435
GTEX-1B996-0011-R5a-SM-7P8PN	Astro	0.198400082367081
GTEX-1B996-0011-R5a-SM-7P8PN	D1-SPN	0.026363352850599
GTEX-1B996-0011-R5a-SM-7P8PN	D2-SPN	0.140981035282369
GTEX-1B996-0011-R5a-SM-7P8PN	OPC	0.0437438619733319
GTEX-1B996-0011-R5a-SM-7P8PN	Inhib	0
GTEX-1B996-0011-R5a-SM-7P8PN	Immune	0
GTEX-1C6VR-0011-R5a-SM-9QEH1	Oligo	0.489595949891278
GTEX-1C6VR-0011-R5a-SM-9QEH1	Micro	0.049878502906455
GTEX-1C6VR-0011-R5a-SM-9QEH1	Astro	0.429620923991452
GTEX-1C6VR-0011-R5a-SM-9QEH1	D1-SPN	0.00241831323276436
GTEX-1C6VR-0011-R5a-SM-9QEH1	D2-SPN	0
GTEX-1C6VR-0011-R5a-SM-9QEH1	OPC	0.0228119210117163
GTEX-1C6VR-0011-R5a-SM-9QEH1	Inhib	0.00215144795148848
GTEX-1C6VR-0011-R5a-SM-9QEH1	Immune	0.00352294101484598
GTEX-1C6VS-0011-R5a-SM-7MXU9	Oligo	0.52287062858711
GTEX-1C6VS-0011-R5a-SM-7MXU9	Micro	0.0206664280629277
GTEX-1C6VS-0011-R5a-SM-7MXU9	Astro	0.37871000119695
GTEX-1C6VS-0011-R5a-SM-7MXU9	D1-SPN	0.00286469008685939
GTEX-1C6VS-0011-R5a-SM-7MXU9	D2-SPN	0
GTEX-1C6VS-0011-R5a-SM-7MXU9	OPC	0.0583443106160775
GTEX-1C6VS-0011-R5a-SM-7MXU9	Inhib	0
GTEX-1C6VS-0011-R5a-SM-7MXU9	Immune	0.0165439414500756
GTEX-1C6WA-0011-R5a-SM-9WG5X	Oligo	0.663369484036511
GTEX-1C6WA-0011-R5a-SM-9WG5X	Micro	0.117442706781433
GTEX-1C6WA-0011-R5a-SM-9WG5X	Astro	0.02986603643527
GTEX-1C6WA-0011-R5a-SM-9WG5X	D1-SPN	0.0505037527561404
GTEX-1C6WA-0011-R5a-SM-9WG5X	D2-SPN	0.124930574454737
GTEX-1C6WA-0011-R5a-SM-9WG5X	OPC	0.0086343928550091
GTEX-1C6WA-0011-R5a-SM-9WG5X	Inhib	0
GTEX-1C6WA-0011-R5a-SM-9WG5X	Immune	0.00525305268089963
GTEX-1CAV2-0011-R5b-SM-9QEH4	Oligo	0.764713997785071
GTEX-1CAV2-0011-R5b-SM-9QEH4	Micro	0.0160584961099487
GTEX-1CAV2-0011-R5b-SM-9QEH4	Astro	0.191000413874886
GTEX-1CAV2-0011-R5b-SM-9QEH4	D1-SPN	0
GTEX-1CAV2-0011-R5b-SM-9QEH4	D2-SPN	0
GTEX-1CAV2-0011-R5b-SM-9QEH4	OPC	0.0247237133115996
GTEX-1CAV2-0011-R5b-SM-9QEH4	Inhib	0
GTEX-1CAV2-0011-R5b-SM-9QEH4	Immune	0.00350337891849452
GTEX-1CB4G-0011-R5a-SM-CKZNM	Oligo	0.570065281725665
GTEX-1CB4G-0011-R5a-SM-CKZNM	Micro	0.0546781353754353
GTEX-1CB4G-0011-R5a-SM-CKZNM	Astro	0.243086120656655
GTEX-1CB4G-0011-R5a-SM-CKZNM	D1-SPN	0.0347468744684734
GTEX-1CB4G-0011-R5a-SM-CKZNM	D2-SPN	0.00304767188194141
GTEX-1CB4G-0011-R5a-SM-CKZNM	OPC	0.0558869850117722
GTEX-1CB4G-0011-R5a-SM-CKZNM	Inhib	0
GTEX-1CB4G-0011-R5a-SM-CKZNM	Immune	0.0384889308800582
GTEX-1CB4H-0011-R5b-SM-9QEGN	Oligo	0.447384085396708
GTEX-1CB4H-0011-R5b-SM-9QEGN	Micro	0.0242586627035221
GTEX-1CB4H-0011-R5b-SM-9QEGN	Astro	0.440487584682436
GTEX-1CB4H-0011-R5b-SM-9QEGN	D1-SPN	0.0221399277009351
GTEX-1CB4H-0011-R5b-SM-9QEGN	D2-SPN	0
GTEX-1CB4H-0011-R5b-SM-9QEGN	OPC	0.044375104417694
GTEX-1CB4H-0011-R5b-SM-9QEGN	Inhib	0
GTEX-1CB4H-0011-R5b-SM-9QEGN	Immune	0.0213546350987046
GTEX-1CB4J-0011-R5a-SM-9WG5Y	Oligo	0.532349547264194
GTEX-1CB4J-0011-R5a-SM-9WG5Y	Micro	0.105953704825245
GTEX-1CB4J-0011-R5a-SM-9WG5Y	Astro	0.195581939150849
GTEX-1CB4J-0011-R5a-SM-9WG5Y	D1-SPN	0.000717588728278687
GTEX-1CB4J-0011-R5a-SM-9WG5Y	D2-SPN	0.00719683965612705
GTEX-1CB4J-0011-R5a-SM-9WG5Y	OPC	0.0281693651070805
GTEX-1CB4J-0011-R5a-SM-9WG5Y	Inhib	0
GTEX-1CB4J-0011-R5a-SM-9WG5Y	Immune	0.130031015268225
GTEX-1E1VI-0011-R5b-SM-9WG5V	Oligo	0.906181050254939
GTEX-1E1VI-0011-R5b-SM-9WG5V	Micro	0.000597287133283779
GTEX-1E1VI-0011-R5b-SM-9WG5V	Astro	0.0728054839700919
GTEX-1E1VI-0011-R5b-SM-9WG5V	D1-SPN	0.00124917045768182
GTEX-1E1VI-0011-R5b-SM-9WG5V	D2-SPN	0
GTEX-1E1VI-0011-R5b-SM-9WG5V	OPC	0.0169005175590282
GTEX-1E1VI-0011-R5b-SM-9WG5V	Inhib	0
GTEX-1E1VI-0011-R5b-SM-9WG5V	Immune	0.00226649062497515
GTEX-1E2YA-0011-R5a-SM-9QEGT	Oligo	0.56251835708861
GTEX-1E2YA-0011-R5a-SM-9QEGT	Micro	0.0385394908979663
GTEX-1E2YA-0011-R5a-SM-9QEGT	Astro	0.297194364399907
GTEX-1E2YA-0011-R5a-SM-9QEGT	D1-SPN	0.00169420537067242
GTEX-1E2YA-0011-R5a-SM-9QEGT	D2-SPN	0
GTEX-1E2YA-0011-R5a-SM-9QEGT	OPC	0.0339989923002882
GTEX-1E2YA-0011-R5a-SM-9QEGT	Inhib	0.00329932426000645
GTEX-1E2YA-0011-R5a-SM-9QEGT	Immune	0.0627552656825497
GTEX-1EH9U-0011-R5a-SM-CJI2K	Oligo	0.409230787073214
GTEX-1EH9U-0011-R5a-SM-CJI2K	Micro	0.00999512459025818
GTEX-1EH9U-0011-R5a-SM-CJI2K	Astro	0.493357576894354
GTEX-1EH9U-0011-R5a-SM-CJI2K	D1-SPN	0
GTEX-1EH9U-0011-R5a-SM-CJI2K	D2-SPN	0
GTEX-1EH9U-0011-R5a-SM-CJI2K	OPC	0.0509434883696676
GTEX-1EH9U-0011-R5a-SM-CJI2K	Inhib	0.00144932775379131
GTEX-1EH9U-0011-R5a-SM-CJI2K	Immune	0.0350236953187147
GTEX-1EKGG-0011-R5a-SM-9OSVQ	Oligo	0.521546088856646
GTEX-1EKGG-0011-R5a-SM-9OSVQ	Micro	0.0483855908949439
GTEX-1EKGG-0011-R5a-SM-9OSVQ	Astro	0.376899249553945
GTEX-1EKGG-0011-R5a-SM-9OSVQ	D1-SPN	0.00305194607258182
GTEX-1EKGG-0011-R5a-SM-9OSVQ	D2-SPN	0
GTEX-1EKGG-0011-R5a-SM-9OSVQ	OPC	0.0455918704082415
GTEX-1EKGG-0011-R5a-SM-9OSVQ	Inhib	0
GTEX-1EKGG-0011-R5a-SM-9OSVQ	Immune	0.00452525421364114
GTEX-1EMGI-0011-R5a-SM-CJI2E	Oligo	0.367114437168421
GTEX-1EMGI-0011-R5a-SM-CJI2E	Micro	0.0916671538517124
GTEX-1EMGI-0011-R5a-SM-CJI2E	Astro	0.256702283587831
GTEX-1EMGI-0011-R5a-SM-CJI2E	D1-SPN	0.142709888168958
GTEX-1EMGI-0011-R5a-SM-CJI2E	D2-SPN	0.114920054457175
GTEX-1EMGI-0011-R5a-SM-CJI2E	OPC	0.020340233156455
GTEX-1EMGI-0011-R5a-SM-CJI2E	Inhib	0
GTEX-1EMGI-0011-R5a-SM-CJI2E	Immune	0.00654594960944692
GTEX-1EN7A-0011-R5a-SM-9QEH6	Oligo	0.690550750747672
GTEX-1EN7A-0011-R5a-SM-9QEH6	Micro	0.0131334334403431
GTEX-1EN7A-0011-R5a-SM-9QEH6	Astro	0.244084713906995
GTEX-1EN7A-0011-R5a-SM-9QEH6	D1-SPN	0.000473976220909943
GTEX-1EN7A-0011-R5a-SM-9QEH6	D2-SPN	0
GTEX-1EN7A-0011-R5a-SM-9QEH6	OPC	0.0480498603053692
GTEX-1EN7A-0011-R5a-SM-9QEH6	Inhib	0.00186691346389171
GTEX-1EN7A-0011-R5a-SM-9QEH6	Immune	0.00184035191481934
GTEX-1EX96-0011-R5a-SM-ARU83	Oligo	0.417140674097652
GTEX-1EX96-0011-R5a-SM-ARU83	Micro	0.0644552836123918
GTEX-1EX96-0011-R5a-SM-ARU83	Astro	0.199146477234529
GTEX-1EX96-0011-R5a-SM-ARU83	D1-SPN	0.153001293564496
GTEX-1EX96-0011-R5a-SM-ARU83	D2-SPN	0.12721242595677
GTEX-1EX96-0011-R5a-SM-ARU83	OPC	0.00489240318671781
GTEX-1EX96-0011-R5a-SM-ARU83	Inhib	0
GTEX-1EX96-0011-R5a-SM-ARU83	Immune	0.0341514423474432
GTEX-1F48J-0011-R5b-SM-9OSVZ	Oligo	0.724919145269832
GTEX-1F48J-0011-R5b-SM-9OSVZ	Micro	0.0456138128237667
GTEX-1F48J-0011-R5b-SM-9OSVZ	Astro	0.184347830932334
GTEX-1F48J-0011-R5b-SM-9OSVZ	D1-SPN	0.00404516363446127
GTEX-1F48J-0011-R5b-SM-9OSVZ	D2-SPN	0.000157921929050185
GTEX-1F48J-0011-R5b-SM-9OSVZ	OPC	0.019824481287666
GTEX-1F48J-0011-R5b-SM-9OSVZ	Inhib	0.000260864587534186
GTEX-1F48J-0011-R5b-SM-9OSVZ	Immune	0.0208307795353559
GTEX-1F52S-0011-R5a-SM-CJI22	Oligo	0.645284934972987
GTEX-1F52S-0011-R5a-SM-CJI22	Micro	0.00589898096591651
GTEX-1F52S-0011-R5a-SM-CJI22	Astro	0.282604676704414
GTEX-1F52S-0011-R5a-SM-CJI22	D1-SPN	0.00115569566782301
GTEX-1F52S-0011-R5a-SM-CJI22	D2-SPN	0
GTEX-1F52S-0011-R5a-SM-CJI22	OPC	0.046840660400538
GTEX-1F52S-0011-R5a-SM-CJI22	Inhib	0
GTEX-1F52S-0011-R5a-SM-CJI22	Immune	0.0182150512883215
GTEX-1F6I4-0011-R5b-SM-9QEHA	Oligo	0.520252987789825
GTEX-1F6I4-0011-R5b-SM-9QEHA	Micro	0.0580559681169314
GTEX-1F6I4-0011-R5b-SM-9QEHA	Astro	0.347860097283973
GTEX-1F6I4-0011-R5b-SM-9QEHA	D1-SPN	0.0175533645740646
GTEX-1F6I4-0011-R5b-SM-9QEHA	D2-SPN	0
GTEX-1F6I4-0011-R5b-SM-9QEHA	OPC	0.0461048485358391
GTEX-1F6I4-0011-R5b-SM-9QEHA	Inhib	0
GTEX-1F6I4-0011-R5b-SM-9QEHA	Immune	0.0101727336993668
GTEX-1F6IF-0011-R5b-SM-CM2RH	Oligo	0.283448723503735
GTEX-1F6IF-0011-R5b-SM-CM2RH	Micro	0.0974983431770473
GTEX-1F6IF-0011-R5b-SM-CM2RH	Astro	0.284705296517937
GTEX-1F6IF-0011-R5b-SM-CM2RH	D1-SPN	0.154313642741387
GTEX-1F6IF-0011-R5b-SM-CM2RH	D2-SPN	0.14014401212883
GTEX-1F6IF-0011-R5b-SM-CM2RH	OPC	0.0307140097288688
GTEX-1F6IF-0011-R5b-SM-CM2RH	Inhib	0
GTEX-1F6IF-0011-R5b-SM-CM2RH	Immune	0.00917597220219512
GTEX-1F75A-0011-R5a-SM-ARZMJ	Oligo	0.444916340808044
GTEX-1F75A-0011-R5a-SM-ARZMJ	Micro	0.0473143920497605
GTEX-1F75A-0011-R5a-SM-ARZMJ	Astro	0.303588438543168
GTEX-1F75A-0011-R5a-SM-ARZMJ	D1-SPN	0.0159786467405652
GTEX-1F75A-0011-R5a-SM-ARZMJ	D2-SPN	0.161910263275477
GTEX-1F75A-0011-R5a-SM-ARZMJ	OPC	0.022844321016456
GTEX-1F75A-0011-R5a-SM-ARZMJ	Inhib	0
GTEX-1F75A-0011-R5a-SM-ARZMJ	Immune	0.00344759756652904
GTEX-1F75B-0011-R5a-SM-9QEHC	Oligo	0.235473755240541
GTEX-1F75B-0011-R5a-SM-9QEHC	Micro	0.0693810471415508
GTEX-1F75B-0011-R5a-SM-9QEHC	Astro	0.589168270330464
GTEX-1F75B-0011-R5a-SM-9QEHC	D1-SPN	0
GTEX-1F75B-0011-R5a-SM-9QEHC	D2-SPN	0
GTEX-1F75B-0011-R5a-SM-9QEHC	OPC	0.0413394793774909
GTEX-1F75B-0011-R5a-SM-9QEHC	Inhib	0.000974852605462496
GTEX-1F75B-0011-R5a-SM-9QEHC	Immune	0.0636625953044911
GTEX-1F75W-0011-R5b-SM-9QEGV	Oligo	0.446812813511224
GTEX-1F75W-0011-R5b-SM-9QEGV	Micro	0.0744221028039077
GTEX-1F75W-0011-R5b-SM-9QEGV	Astro	0.338352691719149
GTEX-1F75W-0011-R5b-SM-9QEGV	D1-SPN	0.0338857051412001
GTEX-1F75W-0011-R5b-SM-9QEGV	D2-SPN	0.0597401959526766
GTEX-1F75W-0011-R5b-SM-9QEGV	OPC	0.0410983242742843
GTEX-1F75W-0011-R5b-SM-9QEGV	Inhib	0
GTEX-1F75W-0011-R5b-SM-9QEGV	Immune	0.00568816659755861
GTEX-1F7RK-0011-R5b-SM-9WG5S	Oligo	0.576178927224023
GTEX-1F7RK-0011-R5b-SM-9WG5S	Micro	0.0546185090269925
GTEX-1F7RK-0011-R5b-SM-9WG5S	Astro	0.107223932150885
GTEX-1F7RK-0011-R5b-SM-9WG5S	D1-SPN	0.109143461373158
GTEX-1F7RK-0011-R5b-SM-9WG5S	D2-SPN	0.152204769907969
GTEX-1F7RK-0011-R5b-SM-9WG5S	OPC	0.000435558269303732
GTEX-1F7RK-0011-R5b-SM-9WG5S	Inhib	0
GTEX-1F7RK-0011-R5b-SM-9WG5S	Immune	0.000194842047668006
GTEX-1GF9V-0011-R5a-SM-9QEI8	Oligo	0.581392432448787
GTEX-1GF9V-0011-R5a-SM-9QEI8	Micro	0.0494579627078198
GTEX-1GF9V-0011-R5a-SM-9QEI8	Astro	0.320374607369893
GTEX-1GF9V-0011-R5a-SM-9QEI8	D1-SPN	0
GTEX-1GF9V-0011-R5a-SM-9QEI8	D2-SPN	0.00248368555475159
GTEX-1GF9V-0011-R5a-SM-9QEI8	OPC	0.039644963168046
GTEX-1GF9V-0011-R5a-SM-9QEI8	Inhib	0.00504935866434287
GTEX-1GF9V-0011-R5a-SM-9QEI8	Immune	0.00159699008635979
GTEX-1GF9W-0011-R5a-SM-CKZO4	Oligo	0.326477609881901
GTEX-1GF9W-0011-R5a-SM-CKZO4	Micro	0.0482829757743478
GTEX-1GF9W-0011-R5a-SM-CKZO4	Astro	0.44495676709185
GTEX-1GF9W-0011-R5a-SM-CKZO4	D1-SPN	0.0572391478239321
GTEX-1GF9W-0011-R5a-SM-CKZO4	D2-SPN	0.0396885190266732
GTEX-1GF9W-0011-R5a-SM-CKZO4	OPC	0.0534108903070321
GTEX-1GF9W-0011-R5a-SM-CKZO4	Inhib	0
GTEX-1GF9W-0011-R5a-SM-CKZO4	Immune	0.0299440900942643
GTEX-1GMR8-0011-R5b-SM-9QEIH	Oligo	0.508959839405201
GTEX-1GMR8-0011-R5b-SM-9QEIH	Micro	0.0508674864365653
GTEX-1GMR8-0011-R5b-SM-9QEIH	Astro	0.35441566261233
GTEX-1GMR8-0011-R5b-SM-9QEIH	D1-SPN	0.00516409801949101
GTEX-1GMR8-0011-R5b-SM-9QEIH	D2-SPN	0.00227999584392734
GTEX-1GMR8-0011-R5b-SM-9QEIH	OPC	0.0723170399677004
GTEX-1GMR8-0011-R5b-SM-9QEIH	Inhib	0
GTEX-1GMR8-0011-R5b-SM-9QEIH	Immune	0.0059958777147847
GTEX-1GMRU-0011-R5a-SM-CKZNS	Oligo	0.721422922405598
GTEX-1GMRU-0011-R5a-SM-CKZNS	Micro	0.0169841554727419
GTEX-1GMRU-0011-R5a-SM-CKZNS	Astro	0.201219298272048
GTEX-1GMRU-0011-R5a-SM-CKZNS	D1-SPN	0
GTEX-1GMRU-0011-R5a-SM-CKZNS	D2-SPN	0.0184368689308743
GTEX-1GMRU-0011-R5a-SM-CKZNS	OPC	0.0392984843960158
GTEX-1GMRU-0011-R5a-SM-CKZNS	Inhib	0
GTEX-1GMRU-0011-R5a-SM-CKZNS	Immune	0.00263827052272262
GTEX-1GN1U-0011-R5a-SM-9QEIS	Oligo	0.589001734293708
GTEX-1GN1U-0011-R5a-SM-9QEIS	Micro	0.0924506004103593
GTEX-1GN1U-0011-R5a-SM-9QEIS	Astro	0.161521750505191
GTEX-1GN1U-0011-R5a-SM-9QEIS	D1-SPN	0.065192781601901
GTEX-1GN1U-0011-R5a-SM-9QEIS	D2-SPN	0.0216899330895722
GTEX-1GN1U-0011-R5a-SM-9QEIS	OPC	0.0313734288782303
GTEX-1GN1U-0011-R5a-SM-9QEIS	Inhib	0
GTEX-1GN1U-0011-R5a-SM-9QEIS	Immune	0.0387697712210377
GTEX-1GN2E-0011-R5b-SM-CJI2M	Oligo	0.542774716535879
GTEX-1GN2E-0011-R5b-SM-CJI2M	Micro	0.0439539997504498
GTEX-1GN2E-0011-R5b-SM-CJI2M	Astro	0.361003133498298
GTEX-1GN2E-0011-R5b-SM-CJI2M	D1-SPN	0.00455797705280623
GTEX-1GN2E-0011-R5b-SM-CJI2M	D2-SPN	0
GTEX-1GN2E-0011-R5b-SM-CJI2M	OPC	0.0296063117648466
GTEX-1GN2E-0011-R5b-SM-CJI2M	Inhib	0.000282523758398709
GTEX-1GN2E-0011-R5b-SM-CJI2M	Immune	0.0178213376393217
GTEX-1GN73-0011-R5a-SM-9QEIM	Oligo	0.604350860253949
GTEX-1GN73-0011-R5a-SM-9QEIM	Micro	0.0366091871176762
GTEX-1GN73-0011-R5a-SM-9QEIM	Astro	0.187741210128869
GTEX-1GN73-0011-R5a-SM-9QEIM	D1-SPN	0.0557957820058356
GTEX-1GN73-0011-R5a-SM-9QEIM	D2-SPN	0.0945266577420266
GTEX-1GN73-0011-R5a-SM-9QEIM	OPC	0.0181702040906884
GTEX-1GN73-0011-R5a-SM-9QEIM	Inhib	0
GTEX-1GN73-0011-R5a-SM-9QEIM	Immune	0.00280609866095536
GTEX-1GPI6-0011-R5a-SM-CJI2W	Oligo	0.45419073232213
GTEX-1GPI6-0011-R5a-SM-CJI2W	Micro	0.0286458587097599
GTEX-1GPI6-0011-R5a-SM-CJI2W	Astro	0.479601604706357
GTEX-1GPI6-0011-R5a-SM-CJI2W	D1-SPN	0.0071883437132879
GTEX-1GPI6-0011-R5a-SM-CJI2W	D2-SPN	0
GTEX-1GPI6-0011-R5a-SM-CJI2W	OPC	0.0201611669575629
GTEX-1GPI6-0011-R5a-SM-CJI2W	Inhib	0
GTEX-1GPI6-0011-R5a-SM-CJI2W	Immune	0.010212293590902
GTEX-1GTWX-0011-R5b-SM-CKZO6	Oligo	0.558402567021498
GTEX-1GTWX-0011-R5b-SM-CKZO6	Micro	0.0458533421090626
GTEX-1GTWX-0011-R5b-SM-CKZO6	Astro	0.27824373457499
GTEX-1GTWX-0011-R5b-SM-CKZO6	D1-SPN	0.0197132845911595
GTEX-1GTWX-0011-R5b-SM-CKZO6	D2-SPN	0.0586834694194862
GTEX-1GTWX-0011-R5b-SM-CKZO6	OPC	0.0316408722477673
GTEX-1GTWX-0011-R5b-SM-CKZO6	Inhib	0
GTEX-1GTWX-0011-R5b-SM-CKZO6	Immune	0.00746273003603675
GTEX-1GZ2Q-0011-R5a-SM-A96RQ	Oligo	0.305185859443392
GTEX-1GZ2Q-0011-R5a-SM-A96RQ	Micro	0.100128865513159
GTEX-1GZ2Q-0011-R5a-SM-A96RQ	Astro	0.511003029051532
GTEX-1GZ2Q-0011-R5a-SM-A96RQ	D1-SPN	0.0326550358489089
GTEX-1GZ2Q-0011-R5a-SM-A96RQ	D2-SPN	0.0143047929096065
GTEX-1GZ2Q-0011-R5a-SM-A96RQ	OPC	0.0293913357045567
GTEX-1GZ2Q-0011-R5a-SM-A96RQ	Inhib	0
GTEX-1GZ2Q-0011-R5a-SM-A96RQ	Immune	0.00733108152884454
GTEX-1GZ4I-0011-R5a-SM-9OSWQ	Oligo	0.623349252960843
GTEX-1GZ4I-0011-R5a-SM-9OSWQ	Micro	0.0401951819104527
GTEX-1GZ4I-0011-R5a-SM-9OSWQ	Astro	0.285461623515786
GTEX-1GZ4I-0011-R5a-SM-9OSWQ	D1-SPN	0.00553192226085159
GTEX-1GZ4I-0011-R5a-SM-9OSWQ	D2-SPN	0.00101128775986895
GTEX-1GZ4I-0011-R5a-SM-9OSWQ	OPC	0.0317966716883511
GTEX-1GZ4I-0011-R5a-SM-9OSWQ	Inhib	0.00658171352741424
GTEX-1GZ4I-0011-R5a-SM-9OSWQ	Immune	0.0060723463764331
GTEX-1H1CY-0011-R5a-SM-CM2SN	Oligo	0.722289687308754
GTEX-1H1CY-0011-R5a-SM-CM2SN	Micro	0.0103783093966021
GTEX-1H1CY-0011-R5a-SM-CM2SN	Astro	0.218793091441322
GTEX-1H1CY-0011-R5a-SM-CM2SN	D1-SPN	0.0134176917830319
GTEX-1H1CY-0011-R5a-SM-CM2SN	D2-SPN	0
GTEX-1H1CY-0011-R5a-SM-CM2SN	OPC	0.0298966280054086
GTEX-1H1CY-0011-R5a-SM-CM2SN	Inhib	0
GTEX-1H1CY-0011-R5a-SM-CM2SN	Immune	0.00522459206488075
GTEX-1H1DG-0011-R5b-SM-CJI33	Oligo	0.335163295793187
GTEX-1H1DG-0011-R5b-SM-CJI33	Micro	0.124447105804809
GTEX-1H1DG-0011-R5b-SM-CJI33	Astro	0.352418397725359
GTEX-1H1DG-0011-R5b-SM-CJI33	D1-SPN	0.051741476789197
GTEX-1H1DG-0011-R5b-SM-CJI33	D2-SPN	0.0343168212175819
GTEX-1H1DG-0011-R5b-SM-CJI33	OPC	0.0584773468395367
GTEX-1H1DG-0011-R5b-SM-CJI33	Inhib	0
GTEX-1H1DG-0011-R5b-SM-CJI33	Immune	0.0434355558303294
GTEX-1H1ZS-0011-R5b-SM-CL53L	Oligo	0.334841287172851
GTEX-1H1ZS-0011-R5b-SM-CL53L	Micro	0.139044138664408
GTEX-1H1ZS-0011-R5b-SM-CL53L	Astro	0.463806899296802
GTEX-1H1ZS-0011-R5b-SM-CL53L	D1-SPN	0.0206584727269133
GTEX-1H1ZS-0011-R5b-SM-CL53L	D2-SPN	0
GTEX-1H1ZS-0011-R5b-SM-CL53L	OPC	0.0357612567943759
GTEX-1H1ZS-0011-R5b-SM-CL53L	Inhib	0
GTEX-1H1ZS-0011-R5b-SM-CL53L	Immune	0.00588794534465019
GTEX-1H23P-0011-R5a-SM-CKZOI	Oligo	0.582876828267429
GTEX-1H23P-0011-R5a-SM-CKZOI	Micro	0.0122750060412144
GTEX-1H23P-0011-R5a-SM-CKZOI	Astro	0.35035219501058
GTEX-1H23P-0011-R5a-SM-CKZOI	D1-SPN	0
GTEX-1H23P-0011-R5a-SM-CKZOI	D2-SPN	0
GTEX-1H23P-0011-R5a-SM-CKZOI	OPC	0.0524020641109819
GTEX-1H23P-0011-R5a-SM-CKZOI	Inhib	0
GTEX-1H23P-0011-R5a-SM-CKZOI	Immune	0.00209390656979474
GTEX-1H2FU-0011-R5b-SM-CL552	Oligo	0.409892132253259
GTEX-1H2FU-0011-R5b-SM-CL552	Micro	0.0581844270257324
GTEX-1H2FU-0011-R5b-SM-CL552	Astro	0.507950116154201
GTEX-1H2FU-0011-R5b-SM-CL552	D1-SPN	0
GTEX-1H2FU-0011-R5b-SM-CL552	D2-SPN	0
GTEX-1H2FU-0011-R5b-SM-CL552	OPC	0.0101684511238637
GTEX-1H2FU-0011-R5b-SM-CL552	Inhib	0
GTEX-1H2FU-0011-R5b-SM-CL552	Immune	0.0138048734429439
GTEX-1H3NZ-0011-R5a-SM-CM2SP	Oligo	0.480197225748913
GTEX-1H3NZ-0011-R5a-SM-CM2SP	Micro	0.0789741416288087
GTEX-1H3NZ-0011-R5a-SM-CM2SP	Astro	0.247148498958039
GTEX-1H3NZ-0011-R5a-SM-CM2SP	D1-SPN	0.0636384952678133
GTEX-1H3NZ-0011-R5a-SM-CM2SP	D2-SPN	0.0802702377428049
GTEX-1H3NZ-0011-R5a-SM-CM2SP	OPC	0.0339728513328812
GTEX-1H3NZ-0011-R5a-SM-CM2SP	Inhib	0
GTEX-1H3NZ-0011-R5a-SM-CM2SP	Immune	0.0157985493207394
GTEX-1H3O1-0011-R5b-SM-ADEH8	Oligo	0.438935155260122
GTEX-1H3O1-0011-R5b-SM-ADEH8	Micro	0.0994951373825483
GTEX-1H3O1-0011-R5b-SM-ADEH8	Astro	0.262231186015672
GTEX-1H3O1-0011-R5b-SM-ADEH8	D1-SPN	0.0191120322512244
GTEX-1H3O1-0011-R5b-SM-ADEH8	D2-SPN	0.150063028339598
GTEX-1H3O1-0011-R5b-SM-ADEH8	OPC	0.0282945251127933
GTEX-1H3O1-0011-R5b-SM-ADEH8	Inhib	0
GTEX-1H3O1-0011-R5b-SM-ADEH8	Immune	0.00186893563804287
GTEX-1H3VE-0011-R5a-SM-CKZOU	Oligo	0.279263185840091
GTEX-1H3VE-0011-R5a-SM-CKZOU	Micro	0.0818033706686928
GTEX-1H3VE-0011-R5a-SM-CKZOU	Astro	0.517811363600513
GTEX-1H3VE-0011-R5a-SM-CKZOU	D1-SPN	0.0144136486332007
GTEX-1H3VE-0011-R5a-SM-CKZOU	D2-SPN	0
GTEX-1H3VE-0011-R5a-SM-CKZOU	OPC	0.0371206448691623
GTEX-1H3VE-0011-R5a-SM-CKZOU	Inhib	0
GTEX-1H3VE-0011-R5a-SM-CKZOU	Immune	0.0695877863883398
GTEX-1HB9E-0011-R5b-SM-ARU78	Oligo	0.57556252980758
GTEX-1HB9E-0011-R5b-SM-ARU78	Micro	0.118330800387379
GTEX-1HB9E-0011-R5b-SM-ARU78	Astro	0.106062051200249
GTEX-1HB9E-0011-R5b-SM-ARU78	D1-SPN	0.100370230327325
GTEX-1HB9E-0011-R5b-SM-ARU78	D2-SPN	0.0547966351058718
GTEX-1HB9E-0011-R5b-SM-ARU78	OPC	0.00822992474911472
GTEX-1HB9E-0011-R5b-SM-ARU78	Inhib	0
GTEX-1HB9E-0011-R5b-SM-ARU78	Immune	0.0366478284224813
GTEX-1HBPH-0011-R5b-SM-A9G1R	Oligo	0.876091979559766
GTEX-1HBPH-0011-R5b-SM-A9G1R	Micro	0.0337982687941696
GTEX-1HBPH-0011-R5b-SM-A9G1R	Astro	0.0475178476757371
GTEX-1HBPH-0011-R5b-SM-A9G1R	D1-SPN	0.00470811371306779
GTEX-1HBPH-0011-R5b-SM-A9G1R	D2-SPN	0.00250784390298108
GTEX-1HBPH-0011-R5b-SM-A9G1R	OPC	0.028862946491859
GTEX-1HBPH-0011-R5b-SM-A9G1R	Inhib	0
GTEX-1HBPH-0011-R5b-SM-A9G1R	Immune	0.00651299986241942
GTEX-1HBPI-0011-R5a-SM-CKZOW	Oligo	0.323161182152704
GTEX-1HBPI-0011-R5a-SM-CKZOW	Micro	0.145133171702836
GTEX-1HBPI-0011-R5a-SM-CKZOW	Astro	0.294118875059369
GTEX-1HBPI-0011-R5a-SM-CKZOW	D1-SPN	0.0559669404590861
GTEX-1HBPI-0011-R5a-SM-CKZOW	D2-SPN	0.120499051980056
GTEX-1HBPI-0011-R5a-SM-CKZOW	OPC	0.0553006015533205
GTEX-1HBPI-0011-R5a-SM-CKZOW	Inhib	0
GTEX-1HBPI-0011-R5a-SM-CKZOW	Immune	0.00582017709262738
GTEX-1HCU6-0011-R5a-SM-ARU76	Oligo	0.543876673269864
GTEX-1HCU6-0011-R5a-SM-ARU76	Micro	0.01824021841803
GTEX-1HCU6-0011-R5a-SM-ARU76	Astro	0.267913840363184
GTEX-1HCU6-0011-R5a-SM-ARU76	D1-SPN	0.00137299923002335
GTEX-1HCU6-0011-R5a-SM-ARU76	D2-SPN	0.0243079000779579
GTEX-1HCU6-0011-R5a-SM-ARU76	OPC	0.136735946556447
GTEX-1HCU6-0011-R5a-SM-ARU76	Inhib	0
GTEX-1HCU6-0011-R5a-SM-ARU76	Immune	0.00755242208449364
GTEX-1HCVE-0011-R5b-SM-CKZP7	Oligo	0.736608516076414
GTEX-1HCVE-0011-R5b-SM-CKZP7	Micro	0.0213738809103519
GTEX-1HCVE-0011-R5b-SM-CKZP7	Astro	0.169581215379285
GTEX-1HCVE-0011-R5b-SM-CKZP7	D1-SPN	0.0303102753510419
GTEX-1HCVE-0011-R5b-SM-CKZP7	D2-SPN	0.0248034384392977
GTEX-1HCVE-0011-R5b-SM-CKZP7	OPC	0.0159961073911221
GTEX-1HCVE-0011-R5b-SM-CKZP7	Inhib	0
GTEX-1HCVE-0011-R5b-SM-CKZP7	Immune	0.00132656645248747
GTEX-1HFI6-0011-R5a-SM-A9G1J	Oligo	0.63681257292475
GTEX-1HFI6-0011-R5a-SM-A9G1J	Micro	0.101157909851428
GTEX-1HFI6-0011-R5a-SM-A9G1J	Astro	0.197984306116659
GTEX-1HFI6-0011-R5a-SM-A9G1J	D1-SPN	0.0404995488399361
GTEX-1HFI6-0011-R5a-SM-A9G1J	D2-SPN	0.00555934786399477
GTEX-1HFI6-0011-R5a-SM-A9G1J	OPC	0.0158929715278495
GTEX-1HFI6-0011-R5a-SM-A9G1J	Inhib	0
GTEX-1HFI6-0011-R5a-SM-A9G1J	Immune	0.00209334287538274
GTEX-1HGF4-0011-R5b-SM-CM2ST	Oligo	0.4021327457605
GTEX-1HGF4-0011-R5b-SM-CM2ST	Micro	0.0792642272130448
GTEX-1HGF4-0011-R5b-SM-CM2ST	Astro	0.367550396797675
GTEX-1HGF4-0011-R5b-SM-CM2ST	D1-SPN	0.0735266054687852
GTEX-1HGF4-0011-R5b-SM-CM2ST	D2-SPN	0.0227508735053413
GTEX-1HGF4-0011-R5b-SM-CM2ST	OPC	0.0442538753875701
GTEX-1HGF4-0011-R5b-SM-CM2ST	Inhib	0
GTEX-1HGF4-0011-R5b-SM-CM2ST	Immune	0.0105212758670841
GTEX-1HR98-0011-R5a-SM-A9G1V	Oligo	0.369689491125423
GTEX-1HR98-0011-R5a-SM-A9G1V	Micro	0.0872438248881163
GTEX-1HR98-0011-R5a-SM-A9G1V	Astro	0.516598955571988
GTEX-1HR98-0011-R5a-SM-A9G1V	D1-SPN	0
GTEX-1HR98-0011-R5a-SM-A9G1V	D2-SPN	0
GTEX-1HR98-0011-R5a-SM-A9G1V	OPC	0.0203523307740395
GTEX-1HR98-0011-R5a-SM-A9G1V	Inhib	0
GTEX-1HR98-0011-R5a-SM-A9G1V	Immune	0.00611539764043386
GTEX-1HR9M-0011-R5a-SM-ARU72	Oligo	0.654077603203435
GTEX-1HR9M-0011-R5a-SM-ARU72	Micro	0.0206033356312913
GTEX-1HR9M-0011-R5a-SM-ARU72	Astro	0.265518461197257
GTEX-1HR9M-0011-R5a-SM-ARU72	D1-SPN	0.00188463768288739
GTEX-1HR9M-0011-R5a-SM-ARU72	D2-SPN	0
GTEX-1HR9M-0011-R5a-SM-ARU72	OPC	0.0498295855431166
GTEX-1HR9M-0011-R5a-SM-ARU72	Inhib	0.00101232085901562
GTEX-1HR9M-0011-R5a-SM-ARU72	Immune	0.0070740558829971
GTEX-1HSKV-0011-R5b-SM-ARZLN	Oligo	0.618347325669401
GTEX-1HSKV-0011-R5b-SM-ARZLN	Micro	0.0311811349649495
GTEX-1HSKV-0011-R5b-SM-ARZLN	Astro	0.302693846571898
GTEX-1HSKV-0011-R5b-SM-ARZLN	D1-SPN	0.00614766243506622
GTEX-1HSKV-0011-R5b-SM-ARZLN	D2-SPN	0
GTEX-1HSKV-0011-R5b-SM-ARZLN	OPC	0.0385211279243683
GTEX-1HSKV-0011-R5b-SM-ARZLN	Inhib	0
GTEX-1HSKV-0011-R5b-SM-ARZLN	Immune	0.00310890243431665
GTEX-1HT8W-0011-R5b-SM-CJI3P	Oligo	0.575484041098917
GTEX-1HT8W-0011-R5b-SM-CJI3P	Micro	0.0566541703789129
GTEX-1HT8W-0011-R5b-SM-CJI3P	Astro	0.208699625778115
GTEX-1HT8W-0011-R5b-SM-CJI3P	D1-SPN	0.0379121263102189
GTEX-1HT8W-0011-R5b-SM-CJI3P	D2-SPN	0.109959343289525
GTEX-1HT8W-0011-R5b-SM-CJI3P	OPC	0.00992687100955811
GTEX-1HT8W-0011-R5b-SM-CJI3P	Inhib	0
GTEX-1HT8W-0011-R5b-SM-CJI3P	Immune	0.00136382213475382
GTEX-1HUB1-0011-R5a-SM-CKZOY	Oligo	0.70136420749856
GTEX-1HUB1-0011-R5a-SM-CKZOY	Micro	0.0355820410152801
GTEX-1HUB1-0011-R5a-SM-CKZOY	Astro	0.191485654996685
GTEX-1HUB1-0011-R5a-SM-CKZOY	D1-SPN	0.021803913163952
GTEX-1HUB1-0011-R5a-SM-CKZOY	D2-SPN	0.00651872843318713
GTEX-1HUB1-0011-R5a-SM-CKZOY	OPC	0.0152156896814434
GTEX-1HUB1-0011-R5a-SM-CKZOY	Inhib	0
GTEX-1HUB1-0011-R5a-SM-CKZOY	Immune	0.028029765210893
GTEX-1I19N-0011-R5b-SM-ARU6X	Oligo	0.497020153483101
GTEX-1I19N-0011-R5b-SM-ARU6X	Micro	0.0940304982542893
GTEX-1I19N-0011-R5b-SM-ARU6X	Astro	0.356909067028611
GTEX-1I19N-0011-R5b-SM-ARU6X	D1-SPN	0.011339159542223
GTEX-1I19N-0011-R5b-SM-ARU6X	D2-SPN	0.00134250484231551
GTEX-1I19N-0011-R5b-SM-ARU6X	OPC	0.0239333588209413
GTEX-1I19N-0011-R5b-SM-ARU6X	Inhib	0
GTEX-1I19N-0011-R5b-SM-ARU6X	Immune	0.0154252580285193
GTEX-1I1GQ-0011-R5a-SM-CMKHJ	Oligo	0.592271681692557
GTEX-1I1GQ-0011-R5a-SM-CMKHJ	Micro	0.0417638165899471
GTEX-1I1GQ-0011-R5a-SM-CMKHJ	Astro	0.233495494603041
GTEX-1I1GQ-0011-R5a-SM-CMKHJ	D1-SPN	0
GTEX-1I1GQ-0011-R5a-SM-CMKHJ	D2-SPN	0.116069151339183
GTEX-1I1GQ-0011-R5a-SM-CMKHJ	OPC	0.0140097905500351
GTEX-1I1GQ-0011-R5a-SM-CMKHJ	Inhib	0
GTEX-1I1GQ-0011-R5a-SM-CMKHJ	Immune	0.00239006522523642
GTEX-1I1GR-0011-R5a-SM-CMKHD	Oligo	0.726735876829548
GTEX-1I1GR-0011-R5a-SM-CMKHD	Micro	0.0332091909434658
GTEX-1I1GR-0011-R5a-SM-CMKHD	Astro	0.144614387440344
GTEX-1I1GR-0011-R5a-SM-CMKHD	D1-SPN	0.00536031871938297
GTEX-1I1GR-0011-R5a-SM-CMKHD	D2-SPN	0.053528218498506
GTEX-1I1GR-0011-R5a-SM-CMKHD	OPC	0.0344377934056787
GTEX-1I1GR-0011-R5a-SM-CMKHD	Inhib	0
GTEX-1I1GR-0011-R5a-SM-CMKHD	Immune	0.00211421416307451
GTEX-1I1GS-0011-R5a-SM-CKZPC	Oligo	0.387149777029652
GTEX-1I1GS-0011-R5a-SM-CKZPC	Micro	0.0776234177858876
GTEX-1I1GS-0011-R5a-SM-CKZPC	Astro	0.348603105263899
GTEX-1I1GS-0011-R5a-SM-CKZPC	D1-SPN	0.0290379517378247
GTEX-1I1GS-0011-R5a-SM-CKZPC	D2-SPN	0.0844652722752468
GTEX-1I1GS-0011-R5a-SM-CKZPC	OPC	0.0546161024796691
GTEX-1I1GS-0011-R5a-SM-CKZPC	Inhib	0
GTEX-1I1GS-0011-R5a-SM-CKZPC	Immune	0.0185043734278201
GTEX-1I1GV-0011-R5b-SM-CKZPD	Oligo	0.31782977368699
GTEX-1I1GV-0011-R5b-SM-CKZPD	Micro	0.0545019293138673
GTEX-1I1GV-0011-R5b-SM-CKZPD	Astro	0.566509567670989
GTEX-1I1GV-0011-R5b-SM-CKZPD	D1-SPN	0.0165012192580087
GTEX-1I1GV-0011-R5b-SM-CKZPD	D2-SPN	0.00105173511135271
GTEX-1I1GV-0011-R5b-SM-CKZPD	OPC	0.0395893377414039
GTEX-1I1GV-0011-R5b-SM-CKZPD	Inhib	0
GTEX-1I1GV-0011-R5b-SM-CKZPD	Immune	0.00401643721738808
GTEX-1I1HK-0011-R5b-SM-ARU6S	Oligo	0.658262612058608
GTEX-1I1HK-0011-R5b-SM-ARU6S	Micro	0.0433313989089858
GTEX-1I1HK-0011-R5b-SM-ARU6S	Astro	0.241453834771268
GTEX-1I1HK-0011-R5b-SM-ARU6S	D1-SPN	0.00166538758814424
GTEX-1I1HK-0011-R5b-SM-ARU6S	D2-SPN	0
GTEX-1I1HK-0011-R5b-SM-ARU6S	OPC	0.0456293430473793
GTEX-1I1HK-0011-R5b-SM-ARU6S	Inhib	0
GTEX-1I1HK-0011-R5b-SM-ARU6S	Immune	0.0096574236256141
GTEX-1ICLZ-0011-R5a-SM-CMKHM	Oligo	0.782331473643616
GTEX-1ICLZ-0011-R5a-SM-CMKHM	Micro	0.08766368398962
GTEX-1ICLZ-0011-R5a-SM-CMKHM	Astro	0.0896087086173664
GTEX-1ICLZ-0011-R5a-SM-CMKHM	D1-SPN	0.00113864699553231
GTEX-1ICLZ-0011-R5a-SM-CMKHM	D2-SPN	0
GTEX-1ICLZ-0011-R5a-SM-CMKHM	OPC	0.0261619542738822
GTEX-1ICLZ-0011-R5a-SM-CMKHM	Inhib	0.00887324805359599
GTEX-1ICLZ-0011-R5a-SM-CMKHM	Immune	0.00422228442638678
GTEX-1IDJH-0011-R5a-SM-CE6SR	Oligo	0.670703502870994
GTEX-1IDJH-0011-R5a-SM-CE6SR	Micro	0.0299635645348395
GTEX-1IDJH-0011-R5a-SM-CE6SR	Astro	0.183084324227017
GTEX-1IDJH-0011-R5a-SM-CE6SR	D1-SPN	0.00102322907637492
GTEX-1IDJH-0011-R5a-SM-CE6SR	D2-SPN	0.0988942008076067
GTEX-1IDJH-0011-R5a-SM-CE6SR	OPC	0.0163311784831677
GTEX-1IDJH-0011-R5a-SM-CE6SR	Inhib	0
GTEX-1IDJH-0011-R5a-SM-CE6SR	Immune	0
GTEX-1IGQW-0011-R5b-SM-CJI44	Oligo	0.509298235769391
GTEX-1IGQW-0011-R5b-SM-CJI44	Micro	0.0235400906882704
GTEX-1IGQW-0011-R5b-SM-CJI44	Astro	0.40433776486623
GTEX-1IGQW-0011-R5b-SM-CJI44	D1-SPN	0.00259207903387697
GTEX-1IGQW-0011-R5b-SM-CJI44	D2-SPN	0.000304454724146693
GTEX-1IGQW-0011-R5b-SM-CJI44	OPC	0.0499456838912563
GTEX-1IGQW-0011-R5b-SM-CJI44	Inhib	0
GTEX-1IGQW-0011-R5b-SM-CJI44	Immune	0.00998169102682915
GTEX-1IKJJ-0011-R5b-SM-CE6SL	Oligo	0.628772406042017
GTEX-1IKJJ-0011-R5b-SM-CE6SL	Micro	0.0513338145196948
GTEX-1IKJJ-0011-R5b-SM-CE6SL	Astro	0.198958597492114
GTEX-1IKJJ-0011-R5b-SM-CE6SL	D1-SPN	0.0230309447582348
GTEX-1IKJJ-0011-R5b-SM-CE6SL	D2-SPN	0.0673457105420281
GTEX-1IKJJ-0011-R5b-SM-CE6SL	OPC	0.029859147087002
GTEX-1IKJJ-0011-R5b-SM-CE6SL	Inhib	0
GTEX-1IKJJ-0011-R5b-SM-CE6SL	Immune	0.000699379558908863
GTEX-1IKK5-0011-R5b-SM-CL55B	Oligo	0.690754952158029
GTEX-1IKK5-0011-R5b-SM-CL55B	Micro	0.0374154388532117
GTEX-1IKK5-0011-R5b-SM-CL55B	Astro	0.183222954736455
GTEX-1IKK5-0011-R5b-SM-CL55B	D1-SPN	0.0217861602835471
GTEX-1IKK5-0011-R5b-SM-CL55B	D2-SPN	0.0523395098429809
GTEX-1IKK5-0011-R5b-SM-CL55B	OPC	0.0126068939607125
GTEX-1IKK5-0011-R5b-SM-CL55B	Inhib	0
GTEX-1IKK5-0011-R5b-SM-CL55B	Immune	0.00187409016506361
GTEX-1IKOH-0011-R5a-SM-ARU8C	Oligo	0.559115584638383
GTEX-1IKOH-0011-R5a-SM-ARU8C	Micro	0.0340787588847005
GTEX-1IKOH-0011-R5a-SM-ARU8C	Astro	0.339921847049508
GTEX-1IKOH-0011-R5a-SM-ARU8C	D1-SPN	0.0104597727300858
GTEX-1IKOH-0011-R5a-SM-ARU8C	D2-SPN	0.00017668712711762
GTEX-1IKOH-0011-R5a-SM-ARU8C	OPC	0.0454478985147861
GTEX-1IKOH-0011-R5a-SM-ARU8C	Inhib	0
GTEX-1IKOH-0011-R5a-SM-ARU8C	Immune	0.0107994510554189
GTEX-1IL2U-0011-R5a-SM-CE6SN	Oligo	0.594449592194904
GTEX-1IL2U-0011-R5a-SM-CE6SN	Micro	0.0322198396334841
GTEX-1IL2U-0011-R5a-SM-CE6SN	Astro	0.335418736473889
GTEX-1IL2U-0011-R5a-SM-CE6SN	D1-SPN	0.00189310030079506
GTEX-1IL2U-0011-R5a-SM-CE6SN	D2-SPN	0
GTEX-1IL2U-0011-R5a-SM-CE6SN	OPC	0.0193077285003342
GTEX-1IL2U-0011-R5a-SM-CE6SN	Inhib	0.0118219024696939
GTEX-1IL2U-0011-R5a-SM-CE6SN	Immune	0.00488910042690014
GTEX-1IL2V-0011-R5a-SM-ARL78	Oligo	0.486473830943947
GTEX-1IL2V-0011-R5a-SM-ARL78	Micro	0.100024169352252
GTEX-1IL2V-0011-R5a-SM-ARL78	Astro	0.313280894695949
GTEX-1IL2V-0011-R5a-SM-ARL78	D1-SPN	0.000698654532234305
GTEX-1IL2V-0011-R5a-SM-ARL78	D2-SPN	0
GTEX-1IL2V-0011-R5a-SM-ARL78	OPC	0.0501975143277795
GTEX-1IL2V-0011-R5a-SM-ARL78	Inhib	0
GTEX-1IL2V-0011-R5a-SM-ARL78	Immune	0.049324936147838
GTEX-1IY9M-0011-R5a-SM-A9SLX	Oligo	0.286039269672307
GTEX-1IY9M-0011-R5a-SM-A9SLX	Micro	0.157024061010537
GTEX-1IY9M-0011-R5a-SM-A9SLX	Astro	0.286173608393763
GTEX-1IY9M-0011-R5a-SM-A9SLX	D1-SPN	0.0948597794504797
GTEX-1IY9M-0011-R5a-SM-A9SLX	D2-SPN	0.123743171894545
GTEX-1IY9M-0011-R5a-SM-A9SLX	OPC	0.0486582780621969
GTEX-1IY9M-0011-R5a-SM-A9SLX	Inhib	0
GTEX-1IY9M-0011-R5a-SM-A9SLX	Immune	0.00350183151617211
GTEX-1J1OQ-0011-R5a-SM-D3L8K	Oligo	0.23018275689366
GTEX-1J1OQ-0011-R5a-SM-D3L8K	Micro	0.127251616299709
GTEX-1J1OQ-0011-R5a-SM-D3L8K	Astro	0.382658956617303
GTEX-1J1OQ-0011-R5a-SM-D3L8K	D1-SPN	0.0962400441131521
GTEX-1J1OQ-0011-R5a-SM-D3L8K	D2-SPN	0.12538340003843
GTEX-1J1OQ-0011-R5a-SM-D3L8K	OPC	0.028643547640972
GTEX-1J1OQ-0011-R5a-SM-D3L8K	Inhib	0
GTEX-1J1OQ-0011-R5a-SM-D3L8K	Immune	0.00963967839677451
GTEX-1J8EW-0011-R5b-SM-ARU8B	Oligo	0.318347584946389
GTEX-1J8EW-0011-R5b-SM-ARU8B	Micro	0.0130104527588858
GTEX-1J8EW-0011-R5b-SM-ARU8B	Astro	0.631872937133583
GTEX-1J8EW-0011-R5b-SM-ARU8B	D1-SPN	0.0120377890825868
GTEX-1J8EW-0011-R5b-SM-ARU8B	D2-SPN	0
GTEX-1J8EW-0011-R5b-SM-ARU8B	OPC	0.0141448503069651
GTEX-1J8EW-0011-R5b-SM-ARU8B	Inhib	0
GTEX-1J8EW-0011-R5b-SM-ARU8B	Immune	0.0105863857715907
GTEX-1J8JJ-0011-R5a-SM-D4P2G	Oligo	0.647143512321472
GTEX-1J8JJ-0011-R5a-SM-D4P2G	Micro	0.00841107257867511
GTEX-1J8JJ-0011-R5a-SM-D4P2G	Astro	0.323369915004431
GTEX-1J8JJ-0011-R5a-SM-D4P2G	D1-SPN	0.00174484826547996
GTEX-1J8JJ-0011-R5a-SM-D4P2G	D2-SPN	0
GTEX-1J8JJ-0011-R5a-SM-D4P2G	OPC	0.0132488063834865
GTEX-1J8JJ-0011-R5a-SM-D4P2G	Inhib	0
GTEX-1J8JJ-0011-R5a-SM-D4P2G	Immune	0.00608184544645575
GTEX-1J8Q2-0011-R5b-SM-A9SKH	Oligo	0.376558683559237
GTEX-1J8Q2-0011-R5b-SM-A9SKH	Micro	0.0688937442253345
GTEX-1J8Q2-0011-R5b-SM-A9SKH	Astro	0.422047030174813
GTEX-1J8Q2-0011-R5b-SM-A9SKH	D1-SPN	0.0481509857636234
GTEX-1J8Q2-0011-R5b-SM-A9SKH	D2-SPN	0.0220204983685281
GTEX-1J8Q2-0011-R5b-SM-A9SKH	OPC	0.0563767602633807
GTEX-1J8Q2-0011-R5b-SM-A9SKH	Inhib	0
GTEX-1J8Q2-0011-R5b-SM-A9SKH	Immune	0.00595229764508395
GTEX-1JMLX-0011-R5b-SM-EY5YK	Oligo	0.481147151228112
GTEX-1JMLX-0011-R5b-SM-EY5YK	Micro	0.0646250160583517
GTEX-1JMLX-0011-R5b-SM-EY5YK	Astro	0.285828393414003
GTEX-1JMLX-0011-R5b-SM-EY5YK	D1-SPN	0.0503176484705682
GTEX-1JMLX-0011-R5b-SM-EY5YK	D2-SPN	0.0948955851809519
GTEX-1JMLX-0011-R5b-SM-EY5YK	OPC	0.023186205648013
GTEX-1JMLX-0011-R5b-SM-EY5YK	Inhib	0
GTEX-1JMLX-0011-R5b-SM-EY5YK	Immune	0
GTEX-1JMOU-0011-R5b-SM-EY5ZM	Oligo	0.278440718482877
GTEX-1JMOU-0011-R5b-SM-EY5ZM	Micro	0.128325750357173
GTEX-1JMOU-0011-R5b-SM-EY5ZM	Astro	0.39659193500038
GTEX-1JMOU-0011-R5b-SM-EY5ZM	D1-SPN	0.0397712958074257
GTEX-1JMOU-0011-R5b-SM-EY5ZM	D2-SPN	0.120643196676891
GTEX-1JMOU-0011-R5b-SM-EY5ZM	OPC	0.0271309835674996
GTEX-1JMOU-0011-R5b-SM-EY5ZM	Inhib	0
GTEX-1JMOU-0011-R5b-SM-EY5ZM	Immune	0.00909612010775316
GTEX-1JMPZ-0011-R5b-SM-EYYWY	Oligo	0.451723006747076
GTEX-1JMPZ-0011-R5b-SM-EYYWY	Micro	0.0846969381874325
GTEX-1JMPZ-0011-R5b-SM-EYYWY	Astro	0.319586840632652
GTEX-1JMPZ-0011-R5b-SM-EYYWY	D1-SPN	0.0781761787836833
GTEX-1JMPZ-0011-R5b-SM-EYYWY	D2-SPN	0.0298504963445078
GTEX-1JMPZ-0011-R5b-SM-EYYWY	OPC	0.0279396920324487
GTEX-1JMPZ-0011-R5b-SM-EYYWY	Inhib	0
GTEX-1JMPZ-0011-R5b-SM-EYYWY	Immune	0.00802684727219953
GTEX-1JMQJ-0011-R5a-SM-EYYXO	Oligo	0.420531917971799
GTEX-1JMQJ-0011-R5a-SM-EYYXO	Micro	0.107276513145856
GTEX-1JMQJ-0011-R5a-SM-EYYXO	Astro	0.26726250161157
GTEX-1JMQJ-0011-R5a-SM-EYYXO	D1-SPN	0.0571897484797755
GTEX-1JMQJ-0011-R5a-SM-EYYXO	D2-SPN	0.12490339908709
GTEX-1JMQJ-0011-R5a-SM-EYYXO	OPC	0.016812530748392
GTEX-1JMQJ-0011-R5a-SM-EYYXO	Inhib	0
GTEX-1JMQJ-0011-R5a-SM-EYYXO	Immune	0.00602338895551686
GTEX-1JMQK-0011-R5a-SM-G8LKV	Oligo	0.377955493694299
GTEX-1JMQK-0011-R5a-SM-G8LKV	Micro	0.0380523151971513
GTEX-1JMQK-0011-R5a-SM-G8LKV	Astro	0.511182247398805
GTEX-1JMQK-0011-R5a-SM-G8LKV	D1-SPN	0.00933194491136168
GTEX-1JMQK-0011-R5a-SM-G8LKV	D2-SPN	0
GTEX-1JMQK-0011-R5a-SM-G8LKV	OPC	0.0592598784883653
GTEX-1JMQK-0011-R5a-SM-G8LKV	Inhib	0.00214376981289606
GTEX-1JMQK-0011-R5a-SM-G8LKV	Immune	0.00207435049712162
GTEX-1JMQL-0011-R5a-SM-F3424	Oligo	0.405699440313261
GTEX-1JMQL-0011-R5a-SM-F3424	Micro	0.0662855945528636
GTEX-1JMQL-0011-R5a-SM-F3424	Astro	0.508789482375607
GTEX-1JMQL-0011-R5a-SM-F3424	D1-SPN	0.000772395837731193
GTEX-1JMQL-0011-R5a-SM-F3424	D2-SPN	0
GTEX-1JMQL-0011-R5a-SM-F3424	OPC	0.0154510498554311
GTEX-1JMQL-0011-R5a-SM-F3424	Inhib	0.0011736634770024
GTEX-1JMQL-0011-R5a-SM-F3424	Immune	0.00182837358810331
GTEX-1JN6P-0011-R5b-SM-G9EPO	Oligo	0.37446738629236
GTEX-1JN6P-0011-R5b-SM-G9EPO	Micro	0.0489629283597836
GTEX-1JN6P-0011-R5b-SM-G9EPO	Astro	0.280411869719807
GTEX-1JN6P-0011-R5b-SM-G9EPO	D1-SPN	0.0459386256758476
GTEX-1JN6P-0011-R5b-SM-G9EPO	D2-SPN	0.173952291051576
GTEX-1JN6P-0011-R5b-SM-G9EPO	OPC	0.0683956201404743
GTEX-1JN6P-0011-R5b-SM-G9EPO	Inhib	0
GTEX-1JN6P-0011-R5b-SM-G9EPO	Immune	0.0078712787601514
GTEX-1KD4Q-0011-R5a-SM-EY5Y8	Oligo	0.483115841018056
GTEX-1KD4Q-0011-R5a-SM-EY5Y8	Micro	0.0860967258851192
GTEX-1KD4Q-0011-R5a-SM-EY5Y8	Astro	0.305513298943742
GTEX-1KD4Q-0011-R5a-SM-EY5Y8	D1-SPN	0.0373320056432079
GTEX-1KD4Q-0011-R5a-SM-EY5Y8	D2-SPN	0.0512465982274748
GTEX-1KD4Q-0011-R5a-SM-EY5Y8	OPC	0.034885180489264
GTEX-1KD4Q-0011-R5a-SM-EY5Y8	Inhib	0
GTEX-1KD4Q-0011-R5a-SM-EY5Y8	Immune	0.0018103497931364
GTEX-1KWVE-0011-R5a-SM-G8LLB	Oligo	0.60198594463189
GTEX-1KWVE-0011-R5a-SM-G8LLB	Micro	0.00793730931926052
GTEX-1KWVE-0011-R5a-SM-G8LLB	Astro	0.356780069213321
GTEX-1KWVE-0011-R5a-SM-G8LLB	D1-SPN	0.00166032002690663
GTEX-1KWVE-0011-R5a-SM-G8LLB	D2-SPN	0.000175917273814626
GTEX-1KWVE-0011-R5a-SM-G8LLB	OPC	0.0282763083356487
GTEX-1KWVE-0011-R5a-SM-G8LLB	Inhib	0
GTEX-1KWVE-0011-R5a-SM-G8LLB	Immune	0.00318413119915868
GTEX-1LB8K-0011-R5b-SM-G8OKO	Oligo	0.629400858780161
GTEX-1LB8K-0011-R5b-SM-G8OKO	Micro	0.00468974288490134
GTEX-1LB8K-0011-R5b-SM-G8OKO	Astro	0.363002678893127
GTEX-1LB8K-0011-R5b-SM-G8OKO	D1-SPN	0.000656162417645813
GTEX-1LB8K-0011-R5b-SM-G8OKO	D2-SPN	0
GTEX-1LB8K-0011-R5b-SM-G8OKO	OPC	0.00102153207640225
GTEX-1LB8K-0011-R5b-SM-G8OKO	Inhib	0
GTEX-1LB8K-0011-R5b-SM-G8OKO	Immune	0.00122902494776291
GTEX-1LG7Y-0011-R5a-SM-EZ6MU	Oligo	0.317386464331026
GTEX-1LG7Y-0011-R5a-SM-EZ6MU	Micro	0.0528840914673782
GTEX-1LG7Y-0011-R5a-SM-EZ6MU	Astro	0.363357425079985
GTEX-1LG7Y-0011-R5a-SM-EZ6MU	D1-SPN	0.0882719874551194
GTEX-1LG7Y-0011-R5a-SM-EZ6MU	D2-SPN	0.153543830086791
GTEX-1LG7Y-0011-R5a-SM-EZ6MU	OPC	0.0237481793982105
GTEX-1LG7Y-0011-R5a-SM-EZ6MU	Inhib	0
GTEX-1LG7Y-0011-R5a-SM-EZ6MU	Immune	0.00080802218149022
GTEX-1LH75-0011-R5b-SM-F2TAO	Oligo	0.485620261911893
GTEX-1LH75-0011-R5b-SM-F2TAO	Micro	0.114931554959839
GTEX-1LH75-0011-R5b-SM-F2TAO	Astro	0.214170961822276
GTEX-1LH75-0011-R5b-SM-F2TAO	D1-SPN	0.0333730799223059
GTEX-1LH75-0011-R5b-SM-F2TAO	D2-SPN	0.0850074765013319
GTEX-1LH75-0011-R5b-SM-F2TAO	OPC	0.0351281818119015
GTEX-1LH75-0011-R5b-SM-F2TAO	Inhib	0
GTEX-1LH75-0011-R5b-SM-F2TAO	Immune	0.0317684830704534
GTEX-1LKK1-0011-R5b-SM-EY5YB	Oligo	0.246395244616766
GTEX-1LKK1-0011-R5b-SM-EY5YB	Micro	0.115898695605198
GTEX-1LKK1-0011-R5b-SM-EY5YB	Astro	0.515645200980794
GTEX-1LKK1-0011-R5b-SM-EY5YB	D1-SPN	0.0623422759524349
GTEX-1LKK1-0011-R5b-SM-EY5YB	D2-SPN	0.0141392774755073
GTEX-1LKK1-0011-R5b-SM-EY5YB	OPC	0.0425818988969006
GTEX-1LKK1-0011-R5b-SM-EY5YB	Inhib	0
GTEX-1LKK1-0011-R5b-SM-EY5YB	Immune	0.0029974064723989
GTEX-1LSNL-0011-R5a-SM-F3K49	Oligo	0.44254889764621
GTEX-1LSNL-0011-R5a-SM-F3K49	Micro	0.0296052497374903
GTEX-1LSNL-0011-R5a-SM-F3K49	Astro	0.394745039333908
GTEX-1LSNL-0011-R5a-SM-F3K49	D1-SPN	0.0562408631840849
GTEX-1LSNL-0011-R5a-SM-F3K49	D2-SPN	0.0162772998935108
GTEX-1LSNL-0011-R5a-SM-F3K49	OPC	0.0570799527350006
GTEX-1LSNL-0011-R5a-SM-F3K49	Inhib	0
GTEX-1LSNL-0011-R5a-SM-F3K49	Immune	0.00350269746979537
GTEX-1LSVX-0011-R3a-SM-EXURQ	Oligo	0.512945716844386
GTEX-1LSVX-0011-R3a-SM-EXURQ	Micro	0.0390613837695253
GTEX-1LSVX-0011-R3a-SM-EXURQ	Astro	0.247606636921903
GTEX-1LSVX-0011-R3a-SM-EXURQ	D1-SPN	0
GTEX-1LSVX-0011-R3a-SM-EXURQ	D2-SPN	0.181943945859933
GTEX-1LSVX-0011-R3a-SM-EXURQ	OPC	0.0142692478512629
GTEX-1LSVX-0011-R3a-SM-EXURQ	Inhib	0
GTEX-1LSVX-0011-R3a-SM-EXURQ	Immune	0.00417306875299003
GTEX-1LVA9-0011-R5a-SM-F6492	Oligo	0.509321975960365
GTEX-1LVA9-0011-R5a-SM-F6492	Micro	0.0119768865287586
GTEX-1LVA9-0011-R5a-SM-F6492	Astro	0.44526757112956
GTEX-1LVA9-0011-R5a-SM-F6492	D1-SPN	0
GTEX-1LVA9-0011-R5a-SM-F6492	D2-SPN	0
GTEX-1LVA9-0011-R5a-SM-F6492	OPC	0.0246554977464302
GTEX-1LVA9-0011-R5a-SM-F6492	Inhib	0
GTEX-1LVA9-0011-R5a-SM-F6492	Immune	0.00877806863488631
GTEX-1LVAO-0011-R5a-SM-EY5Y6	Oligo	0.356785071635079
GTEX-1LVAO-0011-R5a-SM-EY5Y6	Micro	0.00647769415920933
GTEX-1LVAO-0011-R5a-SM-EY5Y6	Astro	0.171286920188775
GTEX-1LVAO-0011-R5a-SM-EY5Y6	D1-SPN	0.161696774338174
GTEX-1LVAO-0011-R5a-SM-EY5Y6	D2-SPN	0.24467929153398
GTEX-1LVAO-0011-R5a-SM-EY5Y6	OPC	0.0381762891927021
GTEX-1LVAO-0011-R5a-SM-EY5Y6	Inhib	0
GTEX-1LVAO-0011-R5a-SM-EY5Y6	Immune	0.0208979589520808
GTEX-1MA7X-0011-R5a-SM-F341K	Oligo	0.549728947603048
GTEX-1MA7X-0011-R5a-SM-F341K	Micro	0.0334966427981644
GTEX-1MA7X-0011-R5a-SM-F341K	Astro	0.371905883992077
GTEX-1MA7X-0011-R5a-SM-F341K	D1-SPN	0.0135540333539498
GTEX-1MA7X-0011-R5a-SM-F341K	D2-SPN	0
GTEX-1MA7X-0011-R5a-SM-F341K	OPC	0.0241871444729629
GTEX-1MA7X-0011-R5a-SM-F341K	Inhib	1.36058335301228e-05
GTEX-1MA7X-0011-R5a-SM-F341K	Immune	0.00711374194626789
GTEX-1MCQQ-0011-R5b-SM-GJ3RW	Oligo	0.649299530916315
GTEX-1MCQQ-0011-R5b-SM-GJ3RW	Micro	0.0595807724600664
GTEX-1MCQQ-0011-R5b-SM-GJ3RW	Astro	0.233937680840788
GTEX-1MCQQ-0011-R5b-SM-GJ3RW	D1-SPN	0
GTEX-1MCQQ-0011-R5b-SM-GJ3RW	D2-SPN	0.03634189108017
GTEX-1MCQQ-0011-R5b-SM-GJ3RW	OPC	0.0141189111525939
GTEX-1MCQQ-0011-R5b-SM-GJ3RW	Inhib	0
GTEX-1MCQQ-0011-R5b-SM-GJ3RW	Immune	0.00672121355006736
GTEX-1MJK2-0011-R5b-SM-F3427	Oligo	0.605124849967957
GTEX-1MJK2-0011-R5b-SM-F3427	Micro	0.042554557968025
GTEX-1MJK2-0011-R5b-SM-F3427	Astro	0.2355304990904
GTEX-1MJK2-0011-R5b-SM-F3427	D1-SPN	0.0604961873476793
GTEX-1MJK2-0011-R5b-SM-F3427	D2-SPN	0.0351840449061405
GTEX-1MJK2-0011-R5b-SM-F3427	OPC	0.0160817074786399
GTEX-1MJK2-0011-R5b-SM-F3427	Inhib	0
GTEX-1MJK2-0011-R5b-SM-F3427	Immune	0.00502815324115767
GTEX-1N2DW-0011-R5a-SM-EYYX3	Oligo	0.473946310299557
GTEX-1N2DW-0011-R5a-SM-EYYX3	Micro	0.059965003437413
GTEX-1N2DW-0011-R5a-SM-EYYX3	Astro	0.399674552778061
GTEX-1N2DW-0011-R5a-SM-EYYX3	D1-SPN	0.0411688770757088
GTEX-1N2DW-0011-R5a-SM-EYYX3	D2-SPN	0.00560559656081166
GTEX-1N2DW-0011-R5a-SM-EYYX3	OPC	0.0135986093062877
GTEX-1N2DW-0011-R5a-SM-EYYX3	Inhib	0
GTEX-1N2DW-0011-R5a-SM-EYYX3	Immune	0.00604105054216128
GTEX-1N2EE-0011-R5a-SM-EY5YF	Oligo	0.453537062179605
GTEX-1N2EE-0011-R5a-SM-EY5YF	Micro	0.0678070599428972
GTEX-1N2EE-0011-R5a-SM-EY5YF	Astro	0.375284174840529
GTEX-1N2EE-0011-R5a-SM-EY5YF	D1-SPN	0.036293754875672
GTEX-1N2EE-0011-R5a-SM-EY5YF	D2-SPN	0.00778544889289895
GTEX-1N2EE-0011-R5a-SM-EY5YF	OPC	0.0502794280699562
GTEX-1N2EE-0011-R5a-SM-EY5YF	Inhib	0
GTEX-1N2EE-0011-R5a-SM-EY5YF	Immune	0.00901307119844247
GTEX-1N2EF-0011-R5a-SM-F3K4Y	Oligo	0.789656514555696
GTEX-1N2EF-0011-R5a-SM-F3K4Y	Micro	0.012656832316294
GTEX-1N2EF-0011-R5a-SM-F3K4Y	Astro	0.136396193096687
GTEX-1N2EF-0011-R5a-SM-F3K4Y	D1-SPN	0.00557581303084533
GTEX-1N2EF-0011-R5a-SM-F3K4Y	D2-SPN	0.0387406509753859
GTEX-1N2EF-0011-R5a-SM-F3K4Y	OPC	0.0169739960250923
GTEX-1N2EF-0011-R5a-SM-F3K4Y	Inhib	0
GTEX-1N2EF-0011-R5a-SM-F3K4Y	Immune	0
GTEX-1N5O9-0011-R5a-SM-F3K46	Oligo	0.597348995631802
GTEX-1N5O9-0011-R5a-SM-F3K46	Micro	0.0117411439437151
GTEX-1N5O9-0011-R5a-SM-F3K46	Astro	0.36143563983439
GTEX-1N5O9-0011-R5a-SM-F3K46	D1-SPN	0.00121231373622182
GTEX-1N5O9-0011-R5a-SM-F3K46	D2-SPN	0
GTEX-1N5O9-0011-R5a-SM-F3K46	OPC	0.0266570558604597
GTEX-1N5O9-0011-R5a-SM-F3K46	Inhib	0.000241899352526432
GTEX-1N5O9-0011-R5a-SM-F3K46	Immune	0.00136295164088468
GTEX-1NV5F-0011-R5b-SM-F3K3I	Oligo	0.363701078116936
GTEX-1NV5F-0011-R5b-SM-F3K3I	Micro	0.0243090511350835
GTEX-1NV5F-0011-R5b-SM-F3K3I	Astro	0.505215767861763
GTEX-1NV5F-0011-R5b-SM-F3K3I	D1-SPN	0.00174224788522094
GTEX-1NV5F-0011-R5b-SM-F3K3I	D2-SPN	0
GTEX-1NV5F-0011-R5b-SM-F3K3I	OPC	0.0995539367547933
GTEX-1NV5F-0011-R5b-SM-F3K3I	Inhib	0.00440174000568131
GTEX-1NV5F-0011-R5b-SM-F3K3I	Immune	0.00107617824052291
GTEX-1NV8Z-0011-R5a-SM-G8LKX	Oligo	0.383411017224647
GTEX-1NV8Z-0011-R5a-SM-G8LKX	Micro	0.0809945416580859
GTEX-1NV8Z-0011-R5a-SM-G8LKX	Astro	0.4198467160894
GTEX-1NV8Z-0011-R5a-SM-G8LKX	D1-SPN	0.0286095833522889
GTEX-1NV8Z-0011-R5a-SM-G8LKX	D2-SPN	0.0204409553635007
GTEX-1NV8Z-0011-R5a-SM-G8LKX	OPC	0.0608872897130113
GTEX-1NV8Z-0011-R5a-SM-G8LKX	Inhib	0
GTEX-1NV8Z-0011-R5a-SM-G8LKX	Immune	0.00580989659906683
GTEX-1O9I2-0011-R5a-SM-F648P	Oligo	0.298875444791331
GTEX-1O9I2-0011-R5a-SM-F648P	Micro	0.108308621594524
GTEX-1O9I2-0011-R5a-SM-F648P	Astro	0.405320501390066
GTEX-1O9I2-0011-R5a-SM-F648P	D1-SPN	0.0327845487375379
GTEX-1O9I2-0011-R5a-SM-F648P	D2-SPN	0.0910601509458053
GTEX-1O9I2-0011-R5a-SM-F648P	OPC	0.0326799088418264
GTEX-1O9I2-0011-R5a-SM-F648P	Inhib	0
GTEX-1O9I2-0011-R5a-SM-F648P	Immune	0.0309708236989094
GTEX-1OJC4-0011-R5b-SM-F3K55	Oligo	0.868380536984162
GTEX-1OJC4-0011-R5b-SM-F3K55	Micro	0.0251037960039427
GTEX-1OJC4-0011-R5b-SM-F3K55	Astro	0.0844118694102712
GTEX-1OJC4-0011-R5b-SM-F3K55	D1-SPN	0.00675351997870282
GTEX-1OJC4-0011-R5b-SM-F3K55	D2-SPN	0.00231627781851897
GTEX-1OJC4-0011-R5b-SM-F3K55	OPC	0.0106420431630441
GTEX-1OJC4-0011-R5b-SM-F3K55	Inhib	0
GTEX-1OJC4-0011-R5b-SM-F3K55	Immune	0.00239195664135823
GTEX-1P4AB-0011-R5a-SM-F3K4I	Oligo	0.594797820711984
GTEX-1P4AB-0011-R5a-SM-F3K4I	Micro	0.0230299128379958
GTEX-1P4AB-0011-R5a-SM-F3K4I	Astro	0.221501523258282
GTEX-1P4AB-0011-R5a-SM-F3K4I	D1-SPN	0.0561839570411583
GTEX-1P4AB-0011-R5a-SM-F3K4I	D2-SPN	0.0811508667390725
GTEX-1P4AB-0011-R5a-SM-F3K4I	OPC	0.0203234602544238
GTEX-1P4AB-0011-R5a-SM-F3K4I	Inhib	0
GTEX-1P4AB-0011-R5a-SM-F3K4I	Immune	0.0030124591570843
GTEX-1PIIG-0011-R5b-SM-F341S	Oligo	0.624995020479174
GTEX-1PIIG-0011-R5b-SM-F341S	Micro	0.028861251913183
GTEX-1PIIG-0011-R5b-SM-F341S	Astro	0.270660805063521
GTEX-1PIIG-0011-R5b-SM-F341S	D1-SPN	0
GTEX-1PIIG-0011-R5b-SM-F341S	D2-SPN	0.0501049571675396
GTEX-1PIIG-0011-R5b-SM-F341S	OPC	0.0234413631466322
GTEX-1PIIG-0011-R5b-SM-F341S	Inhib	0
GTEX-1PIIG-0011-R5b-SM-F341S	Immune	0.00193660222995025
GTEX-1POEN-0011-R5b-SM-F2T9Z	Oligo	0.434771968094466
GTEX-1POEN-0011-R5b-SM-F2T9Z	Micro	0.0579447618943175
GTEX-1POEN-0011-R5b-SM-F2T9Z	Astro	0.411423610267149
GTEX-1POEN-0011-R5b-SM-F2T9Z	D1-SPN	0.0185678623922054
GTEX-1POEN-0011-R5b-SM-F2T9Z	D2-SPN	0.00143463085490041
GTEX-1POEN-0011-R5b-SM-F2T9Z	OPC	0.0603548985535478
GTEX-1POEN-0011-R5b-SM-F2T9Z	Inhib	0.00971046423309682
GTEX-1POEN-0011-R5b-SM-F2T9Z	Immune	0.00579180371031695
GTEX-1PPGY-0011-R5a-SM-F33ZV	Oligo	0.583000341974403
GTEX-1PPGY-0011-R5a-SM-F33ZV	Micro	0.0402414011139159
GTEX-1PPGY-0011-R5a-SM-F33ZV	Astro	0.281805733124191
GTEX-1PPGY-0011-R5a-SM-F33ZV	D1-SPN	0
GTEX-1PPGY-0011-R5a-SM-F33ZV	D2-SPN	0.0571686871073748
GTEX-1PPGY-0011-R5a-SM-F33ZV	OPC	0.0335936132209267
GTEX-1PPGY-0011-R5a-SM-F33ZV	Inhib	0
GTEX-1PPGY-0011-R5a-SM-F33ZV	Immune	0.00419022345918791
GTEX-1PWST-0011-R5a-SM-F648V	Oligo	0.306223772214603
GTEX-1PWST-0011-R5a-SM-F648V	Micro	0.0960995484548882
GTEX-1PWST-0011-R5a-SM-F648V	Astro	0.442321379535401
GTEX-1PWST-0011-R5a-SM-F648V	D1-SPN	0.015213251415748
GTEX-1PWST-0011-R5a-SM-F648V	D2-SPN	0.024644753628534
GTEX-1PWST-0011-R5a-SM-F648V	OPC	0.0396507184893695
GTEX-1PWST-0011-R5a-SM-F648V	Inhib	0.00119017282995878
GTEX-1PWST-0011-R5a-SM-F648V	Immune	0.0746564034314973
GTEX-1QEPI-0011-R5b-SM-F649S	Oligo	0.671586273936882
GTEX-1QEPI-0011-R5b-SM-F649S	Micro	0.0209393080891702
GTEX-1QEPI-0011-R5b-SM-F649S	Astro	0.243740980231996
GTEX-1QEPI-0011-R5b-SM-F649S	D1-SPN	0.017037275485817
GTEX-1QEPI-0011-R5b-SM-F649S	D2-SPN	0
GTEX-1QEPI-0011-R5b-SM-F649S	OPC	0.0346332176969705
GTEX-1QEPI-0011-R5b-SM-F649S	Inhib	0.002163670639935
GTEX-1QEPI-0011-R5b-SM-F649S	Immune	0.00989927391922975
GTEX-1QMI2-0011-R5b-SM-F3K4S	Oligo	0.35882938426604
GTEX-1QMI2-0011-R5b-SM-F3K4S	Micro	0.0681178726873878
GTEX-1QMI2-0011-R5b-SM-F3K4S	Astro	0.369051895860093
GTEX-1QMI2-0011-R5b-SM-F3K4S	D1-SPN	0.0928623114071705
GTEX-1QMI2-0011-R5b-SM-F3K4S	D2-SPN	0.0756980006214984
GTEX-1QMI2-0011-R5b-SM-F3K4S	OPC	0.0314135588250857
GTEX-1QMI2-0011-R5b-SM-F3K4S	Inhib	0
GTEX-1QMI2-0011-R5b-SM-F3K4S	Immune	0.00402697633272427
GTEX-1QP6S-0011-R5a-SM-F648S	Oligo	0.430235633069734
GTEX-1QP6S-0011-R5a-SM-F648S	Micro	0.0194807747363142
GTEX-1QP6S-0011-R5a-SM-F648S	Astro	0.479793019446027
GTEX-1QP6S-0011-R5a-SM-F648S	D1-SPN	0.00199329607705354
GTEX-1QP6S-0011-R5a-SM-F648S	D2-SPN	3.15099574700709e-05
GTEX-1QP6S-0011-R5a-SM-F648S	OPC	0.0576113048801479
GTEX-1QP6S-0011-R5a-SM-F648S	Inhib	0.00140959368929266
GTEX-1QP6S-0011-R5a-SM-F648S	Immune	0.00944486814396027
GTEX-1R46S-0011-R5b-SM-F342A	Oligo	0.693906098819793
GTEX-1R46S-0011-R5b-SM-F342A	Micro	0.0217059823125807
GTEX-1R46S-0011-R5b-SM-F342A	Astro	0.219148974741466
GTEX-1R46S-0011-R5b-SM-F342A	D1-SPN	0
GTEX-1R46S-0011-R5b-SM-F342A	D2-SPN	0.00294429149678492
GTEX-1R46S-0011-R5b-SM-F342A	OPC	0.0549997226542212
GTEX-1R46S-0011-R5b-SM-F342A	Inhib	0
GTEX-1R46S-0011-R5b-SM-F342A	Immune	0.00729492997515447
GTEX-1R9K4-0011-R5b-SM-EZ6N8	Oligo	0.466068583747204
GTEX-1R9K4-0011-R5b-SM-EZ6N8	Micro	0.0503741938478144
GTEX-1R9K4-0011-R5b-SM-EZ6N8	Astro	0.260660657598694
GTEX-1R9K4-0011-R5b-SM-EZ6N8	D1-SPN	0.0720486061377704
GTEX-1R9K4-0011-R5b-SM-EZ6N8	D2-SPN	0.10888967066991
GTEX-1R9K4-0011-R5b-SM-EZ6N8	OPC	0.0324801303745375
GTEX-1R9K4-0011-R5b-SM-EZ6N8	Inhib	0
GTEX-1R9K4-0011-R5b-SM-EZ6N8	Immune	0.00947815762407015
GTEX-1R9PO-0011-R5a-SM-EZ6NA	Oligo	0.749694338286627
GTEX-1R9PO-0011-R5a-SM-EZ6NA	Micro	0.0262555674971044
GTEX-1R9PO-0011-R5a-SM-EZ6NA	Astro	0.134119829128775
GTEX-1R9PO-0011-R5a-SM-EZ6NA	D1-SPN	0
GTEX-1R9PO-0011-R5a-SM-EZ6NA	D2-SPN	0.0776216796083192
GTEX-1R9PO-0011-R5a-SM-EZ6NA	OPC	0.0104216332991427
GTEX-1R9PO-0011-R5a-SM-EZ6NA	Inhib	0
GTEX-1R9PO-0011-R5a-SM-EZ6NA	Immune	0.00188695218003168
GTEX-1RAZS-0011-R5b-SM-F341U	Oligo	0.347501532792133
GTEX-1RAZS-0011-R5b-SM-F341U	Micro	0.0350688765159033
GTEX-1RAZS-0011-R5b-SM-F341U	Astro	0.551090415681067
GTEX-1RAZS-0011-R5b-SM-F341U	D1-SPN	0.00337386246863695
GTEX-1RAZS-0011-R5b-SM-F341U	D2-SPN	0
GTEX-1RAZS-0011-R5b-SM-F341U	OPC	0.0586070752950696
GTEX-1RAZS-0011-R5b-SM-F341U	Inhib	0
GTEX-1RAZS-0011-R5b-SM-F341U	Immune	0.00435823724719009
GTEX-1RDX4-0011-R5a-SM-F33ZH	Oligo	0.49810032497788
GTEX-1RDX4-0011-R5a-SM-F33ZH	Micro	0.0666939151275807
GTEX-1RDX4-0011-R5a-SM-F33ZH	Astro	0.316605506714613
GTEX-1RDX4-0011-R5a-SM-F33ZH	D1-SPN	0.0353022787951051
GTEX-1RDX4-0011-R5a-SM-F33ZH	D2-SPN	0.0509004150903067
GTEX-1RDX4-0011-R5a-SM-F33ZH	OPC	0.0298206510486849
GTEX-1RDX4-0011-R5a-SM-F33ZH	Inhib	0
GTEX-1RDX4-0011-R5a-SM-F33ZH	Immune	0.0025769082458294
GTEX-1RLM8-0011-R5a-SM-F3K4P	Oligo	0.602119410256893
GTEX-1RLM8-0011-R5a-SM-F3K4P	Micro	0.0322340457740395
GTEX-1RLM8-0011-R5a-SM-F3K4P	Astro	0.323653641975003
GTEX-1RLM8-0011-R5a-SM-F3K4P	D1-SPN	0.00470458341239963
GTEX-1RLM8-0011-R5a-SM-F3K4P	D2-SPN	1.33247104660211e-06
GTEX-1RLM8-0011-R5a-SM-F3K4P	OPC	0.0339594100894708
GTEX-1RLM8-0011-R5a-SM-F3K4P	Inhib	0
GTEX-1RLM8-0011-R5a-SM-F3K4P	Immune	0.00332757602114759
GTEX-1RQEC-0011-R5a-SM-F2TBK	Oligo	0.471455250673973
GTEX-1RQEC-0011-R5a-SM-F2TBK	Micro	0.066264895129472
GTEX-1RQEC-0011-R5a-SM-F2TBK	Astro	0.385137432936716
GTEX-1RQEC-0011-R5a-SM-F2TBK	D1-SPN	0.021090980250787
GTEX-1RQEC-0011-R5a-SM-F2TBK	D2-SPN	0.00938403669017875
GTEX-1RQEC-0011-R5a-SM-F2TBK	OPC	0.0439151592963747
GTEX-1RQEC-0011-R5a-SM-F2TBK	Inhib	0
GTEX-1RQEC-0011-R5a-SM-F2TBK	Immune	0.00275224502249841
GTEX-1RQED-0011-R5b-SM-F3K56	Oligo	0.223522136630204
GTEX-1RQED-0011-R5b-SM-F3K56	Micro	0.103403238352299
GTEX-1RQED-0011-R5b-SM-F3K56	Astro	0.57937041780293
GTEX-1RQED-0011-R5b-SM-F3K56	D1-SPN	0.0358695299236752
GTEX-1RQED-0011-R5b-SM-F3K56	D2-SPN	0
GTEX-1RQED-0011-R5b-SM-F3K56	OPC	0.0534615262805871
GTEX-1RQED-0011-R5b-SM-F3K56	Inhib	0
GTEX-1RQED-0011-R5b-SM-F3K56	Immune	0.00437315101030456
GTEX-N7MS-0011-R5a-SM-2HMK8	Oligo	0.75335217643965
GTEX-N7MS-0011-R5a-SM-2HMK8	Micro	0.0401670527570042
GTEX-N7MS-0011-R5a-SM-2HMK8	Astro	0.118058008116027
GTEX-N7MS-0011-R5a-SM-2HMK8	D1-SPN	0.020280827050672
GTEX-N7MS-0011-R5a-SM-2HMK8	D2-SPN	0.0310477649894679
GTEX-N7MS-0011-R5a-SM-2HMK8	OPC	0.0335653405388946
GTEX-N7MS-0011-R5a-SM-2HMK8	Inhib	0
GTEX-N7MS-0011-R5a-SM-2HMK8	Immune	0.00352883010828468
GTEX-NL3H-0011-R5a-SM-2I3GB	Oligo	0.564318348989767
GTEX-NL3H-0011-R5a-SM-2I3GB	Micro	0.0970900823903067
GTEX-NL3H-0011-R5a-SM-2I3GB	Astro	0.295858965316175
GTEX-NL3H-0011-R5a-SM-2I3GB	D1-SPN	0.018432194791443
GTEX-NL3H-0011-R5a-SM-2I3GB	D2-SPN	0
GTEX-NL3H-0011-R5a-SM-2I3GB	OPC	0.0107309437849973
GTEX-NL3H-0011-R5a-SM-2I3GB	Inhib	0
GTEX-NL3H-0011-R5a-SM-2I3GB	Immune	0.0135694647273114
GTEX-NL4W-0011-R5a-SM-2I3GD	Oligo	0.567076335469777
GTEX-NL4W-0011-R5a-SM-2I3GD	Micro	0.0831159859746647
GTEX-NL4W-0011-R5a-SM-2I3GD	Astro	0.23620358793316
GTEX-NL4W-0011-R5a-SM-2I3GD	D1-SPN	0.0540068960352372
GTEX-NL4W-0011-R5a-SM-2I3GD	D2-SPN	0
GTEX-NL4W-0011-R5a-SM-2I3GD	OPC	0.0323193471981189
GTEX-NL4W-0011-R5a-SM-2I3GD	Inhib	0
GTEX-NL4W-0011-R5a-SM-2I3GD	Immune	0.0272778473890416
GTEX-NPJ7-0011-R5a-SM-33HBK	Oligo	0.559488210276849
GTEX-NPJ7-0011-R5a-SM-33HBK	Micro	0.0164263612062543
GTEX-NPJ7-0011-R5a-SM-33HBK	Astro	0.329919116877864
GTEX-NPJ7-0011-R5a-SM-33HBK	D1-SPN	0.00499840495255214
GTEX-NPJ7-0011-R5a-SM-33HBK	D2-SPN	0
GTEX-NPJ7-0011-R5a-SM-33HBK	OPC	0.046670945578038
GTEX-NPJ7-0011-R5a-SM-33HBK	Inhib	0.00527924558376053
GTEX-NPJ7-0011-R5a-SM-33HBK	Immune	0.0372177155246819
GTEX-NPJ8-0011-R5a-SM-2HMJY	Oligo	0.375131329482041
GTEX-NPJ8-0011-R5a-SM-2HMJY	Micro	0.0532453310476477
GTEX-NPJ8-0011-R5a-SM-2HMJY	Astro	0.424609043301135
GTEX-NPJ8-0011-R5a-SM-2HMJY	D1-SPN	0.036760743608743
GTEX-NPJ8-0011-R5a-SM-2HMJY	D2-SPN	0
GTEX-NPJ8-0011-R5a-SM-2HMJY	OPC	0.0548692452934912
GTEX-NPJ8-0011-R5a-SM-2HMJY	Inhib	0
GTEX-NPJ8-0011-R5a-SM-2HMJY	Immune	0.055384307266942
GTEX-PVOW-0011-R5A-SM-32PL7	Oligo	0.70782379726759
GTEX-PVOW-0011-R5A-SM-32PL7	Micro	0.0312221987980762
GTEX-PVOW-0011-R5A-SM-32PL7	Astro	0.145979254771448
GTEX-PVOW-0011-R5A-SM-32PL7	D1-SPN	0.0375791712408366
GTEX-PVOW-0011-R5A-SM-32PL7	D2-SPN	0.0585305579826051
GTEX-PVOW-0011-R5A-SM-32PL7	OPC	0.0134832500284758
GTEX-PVOW-0011-R5A-SM-32PL7	Inhib	0
GTEX-PVOW-0011-R5A-SM-32PL7	Immune	0.00538176991096755
GTEX-PWO3-0011-R5A-SM-2I5EZ	Oligo	0.34904921878681
GTEX-PWO3-0011-R5A-SM-2I5EZ	Micro	0.0888002031010394
GTEX-PWO3-0011-R5A-SM-2I5EZ	Astro	0.417847181548865
GTEX-PWO3-0011-R5A-SM-2I5EZ	D1-SPN	0.0101304620833373
GTEX-PWO3-0011-R5A-SM-2I5EZ	D2-SPN	0
GTEX-PWO3-0011-R5A-SM-2I5EZ	OPC	0.051411466966229
GTEX-PWO3-0011-R5A-SM-2I5EZ	Inhib	0
GTEX-PWO3-0011-R5A-SM-2I5EZ	Immune	0.0827614675137195
GTEX-Q2AG-0011-R5A-SM-2HMJH	Oligo	0.317070916939716
GTEX-Q2AG-0011-R5A-SM-2HMJH	Micro	0.0853172494866381
GTEX-Q2AG-0011-R5A-SM-2HMJH	Astro	0.341081530533802
GTEX-Q2AG-0011-R5A-SM-2HMJH	D1-SPN	0.0834846310735934
GTEX-Q2AG-0011-R5A-SM-2HMJH	D2-SPN	0.124494387661828
GTEX-Q2AG-0011-R5A-SM-2HMJH	OPC	0.0427084141506419
GTEX-Q2AG-0011-R5A-SM-2HMJH	Inhib	0
GTEX-Q2AG-0011-R5A-SM-2HMJH	Immune	0.00584287015378099
GTEX-QDT8-0011-R5A-SM-32PKN	Oligo	0.713267102817384
GTEX-QDT8-0011-R5A-SM-32PKN	Micro	0.0265506371480466
GTEX-QDT8-0011-R5A-SM-32PKN	Astro	0.22875754570921
GTEX-QDT8-0011-R5A-SM-32PKN	D1-SPN	0
GTEX-QDT8-0011-R5A-SM-32PKN	D2-SPN	0
GTEX-QDT8-0011-R5A-SM-32PKN	OPC	0.03142471432536
GTEX-QDT8-0011-R5A-SM-32PKN	Inhib	0
GTEX-QDT8-0011-R5A-SM-32PKN	Immune	0
GTEX-QMR6-0011-R5A-SM-32PKT	Oligo	0.756212497321587
GTEX-QMR6-0011-R5A-SM-32PKT	Micro	0.0459073872643045
GTEX-QMR6-0011-R5A-SM-32PKT	Astro	0.162342277611819
GTEX-QMR6-0011-R5A-SM-32PKT	D1-SPN	0.00199872201344304
GTEX-QMR6-0011-R5A-SM-32PKT	D2-SPN	0.000214687409920871
GTEX-QMR6-0011-R5A-SM-32PKT	OPC	0.0292705287658686
GTEX-QMR6-0011-R5A-SM-32PKT	Inhib	0.000390746431132127
GTEX-QMR6-0011-R5A-SM-32PKT	Immune	0.00366315318192472
GTEX-QVJO-0011-R5A-SM-2S1QM	Oligo	0.401482624580821
GTEX-QVJO-0011-R5A-SM-2S1QM	Micro	0.0935500740332799
GTEX-QVJO-0011-R5A-SM-2S1QM	Astro	0.355169573082791
GTEX-QVJO-0011-R5A-SM-2S1QM	D1-SPN	0.0615368547995375
GTEX-QVJO-0011-R5A-SM-2S1QM	D2-SPN	0.045976729078698
GTEX-QVJO-0011-R5A-SM-2S1QM	OPC	0.0273209429925523
GTEX-QVJO-0011-R5A-SM-2S1QM	Inhib	0
GTEX-QVJO-0011-R5A-SM-2S1QM	Immune	0.0149632014323206
GTEX-S7PM-0011-R5A-SM-3NM8G	Oligo	0.361652492661766
GTEX-S7PM-0011-R5A-SM-3NM8G	Micro	0.0319356302663577
GTEX-S7PM-0011-R5A-SM-3NM8G	Astro	0.537429727987523
GTEX-S7PM-0011-R5A-SM-3NM8G	D1-SPN	0
GTEX-S7PM-0011-R5A-SM-3NM8G	D2-SPN	0
GTEX-S7PM-0011-R5A-SM-3NM8G	OPC	0.0649213022610826
GTEX-S7PM-0011-R5A-SM-3NM8G	Inhib	0
GTEX-S7PM-0011-R5A-SM-3NM8G	Immune	0.00406084682327096
GTEX-T2IS-0011-R5A-SM-32QP4	Oligo	0.155417784461246
GTEX-T2IS-0011-R5A-SM-32QP4	Micro	0.160914799332822
GTEX-T2IS-0011-R5A-SM-32QP4	Astro	0.180370324496768
GTEX-T2IS-0011-R5A-SM-32QP4	D1-SPN	0.315777542895969
GTEX-T2IS-0011-R5A-SM-32QP4	D2-SPN	0.155785375005705
GTEX-T2IS-0011-R5A-SM-32QP4	OPC	0.0249705618505585
GTEX-T2IS-0011-R5A-SM-32QP4	Inhib	0
GTEX-T2IS-0011-R5A-SM-32QP4	Immune	0.00676361195693109
GTEX-T5JC-0011-R5A-SM-32PLK	Oligo	0.38309127197539
GTEX-T5JC-0011-R5A-SM-32PLK	Micro	0.120319348081757
GTEX-T5JC-0011-R5A-SM-32PLK	Astro	0.280643340004087
GTEX-T5JC-0011-R5A-SM-32PLK	D1-SPN	0.0812019758635813
GTEX-T5JC-0011-R5A-SM-32PLK	D2-SPN	0.096292191503962
GTEX-T5JC-0011-R5A-SM-32PLK	OPC	0.0277083653304376
GTEX-T5JC-0011-R5A-SM-32PLK	Inhib	0
GTEX-T5JC-0011-R5A-SM-32PLK	Immune	0.0107435072407861
GTEX-T6MN-0011-R5A-SM-32QPD	Oligo	0.288941076236932
GTEX-T6MN-0011-R5A-SM-32QPD	Micro	0.0441420453288362
GTEX-T6MN-0011-R5A-SM-32QPD	Astro	0.38660957372427
GTEX-T6MN-0011-R5A-SM-32QPD	D1-SPN	0.128389642520469
GTEX-T6MN-0011-R5A-SM-32QPD	D2-SPN	0.132052893594915
GTEX-T6MN-0011-R5A-SM-32QPD	OPC	0.0154292395779997
GTEX-T6MN-0011-R5A-SM-32QPD	Inhib	0
GTEX-T6MN-0011-R5A-SM-32QPD	Immune	0.00443552901657798
GTEX-UTHO-0011-R5A-SM-G8W6H	Oligo	0.56027651890729
GTEX-UTHO-0011-R5A-SM-G8W6H	Micro	0.038610729707464
GTEX-UTHO-0011-R5A-SM-G8W6H	Astro	0.197047504995624
GTEX-UTHO-0011-R5A-SM-G8W6H	D1-SPN	0.0478058745904072
GTEX-UTHO-0011-R5A-SM-G8W6H	D2-SPN	0.114419790879286
GTEX-UTHO-0011-R5A-SM-G8W6H	OPC	0.0381968363875952
GTEX-UTHO-0011-R5A-SM-G8W6H	Inhib	0
GTEX-UTHO-0011-R5A-SM-G8W6H	Immune	0.00364274453233354
GTEX-WHSE-0011-R5A-SM-3P5ZO	Oligo	0.29905381768566
GTEX-WHSE-0011-R5A-SM-3P5ZO	Micro	0.0855916823074636
GTEX-WHSE-0011-R5A-SM-3P5ZO	Astro	0.195652238292442
GTEX-WHSE-0011-R5A-SM-3P5ZO	D1-SPN	0.184100821875343
GTEX-WHSE-0011-R5A-SM-3P5ZO	D2-SPN	0.173336528674957
GTEX-WHSE-0011-R5A-SM-3P5ZO	OPC	0.0238618129144086
GTEX-WHSE-0011-R5A-SM-3P5ZO	Inhib	0
GTEX-WHSE-0011-R5A-SM-3P5ZO	Immune	0.0384030982497251
GTEX-WL46-0011-R5A-SM-3LK6V	Oligo	0.854416797341344
GTEX-WL46-0011-R5A-SM-3LK6V	Micro	0.0339167346461761
GTEX-WL46-0011-R5A-SM-3LK6V	Astro	0.0336742334204189
GTEX-WL46-0011-R5A-SM-3LK6V	D1-SPN	0.0413975424983752
GTEX-WL46-0011-R5A-SM-3LK6V	D2-SPN	0.0201499059422341
GTEX-WL46-0011-R5A-SM-3LK6V	OPC	0.00683895548676617
GTEX-WL46-0011-R5A-SM-3LK6V	Inhib	0
GTEX-WL46-0011-R5A-SM-3LK6V	Immune	0.00960583066468556
GTEX-WVLH-0011-R5A-SM-3MJFW	Oligo	0.49727313487887
GTEX-WVLH-0011-R5A-SM-3MJFW	Micro	0.0668046781452931
GTEX-WVLH-0011-R5A-SM-3MJFW	Astro	0.288810906711606
GTEX-WVLH-0011-R5A-SM-3MJFW	D1-SPN	0.0568192547016472
GTEX-WVLH-0011-R5A-SM-3MJFW	D2-SPN	0.0504035559502836
GTEX-WVLH-0011-R5A-SM-3MJFW	OPC	0.0381166200167601
GTEX-WVLH-0011-R5A-SM-3MJFW	Inhib	0
GTEX-WVLH-0011-R5A-SM-3MJFW	Immune	0.00177184959554023
GTEX-WWYW-0011-R5A-SM-3NB3E	Oligo	0.707654236460316
GTEX-WWYW-0011-R5A-SM-3NB3E	Micro	0.0288521381776355
GTEX-WWYW-0011-R5A-SM-3NB3E	Astro	0.151046313222628
GTEX-WWYW-0011-R5A-SM-3NB3E	D1-SPN	0.0330001699311965
GTEX-WWYW-0011-R5A-SM-3NB3E	D2-SPN	0.0480727902603636
GTEX-WWYW-0011-R5A-SM-3NB3E	OPC	0.0169201397651154
GTEX-WWYW-0011-R5A-SM-3NB3E	Inhib	0
GTEX-WWYW-0011-R5A-SM-3NB3E	Immune	0.014454212182745
GTEX-WZTO-0011-R5B-SM-3NMC5	Oligo	0.698759753684987
GTEX-WZTO-0011-R5B-SM-3NMC5	Micro	0.0204584067242326
GTEX-WZTO-0011-R5B-SM-3NMC5	Astro	0.167455858777824
GTEX-WZTO-0011-R5B-SM-3NMC5	D1-SPN	0.0503877438590851
GTEX-WZTO-0011-R5B-SM-3NMC5	D2-SPN	0.0455528503856569
GTEX-WZTO-0011-R5B-SM-3NMC5	OPC	0.0137402064748074
GTEX-WZTO-0011-R5B-SM-3NMC5	Inhib	0.00151622595283484
GTEX-WZTO-0011-R5B-SM-3NMC5	Immune	0.00212895414057234
GTEX-X261-0011-R5A-SM-3NMB4	Oligo	0.30022825242266
GTEX-X261-0011-R5A-SM-3NMB4	Micro	0.0640021776787564
GTEX-X261-0011-R5A-SM-3NMB4	Astro	0.5608115468895
GTEX-X261-0011-R5A-SM-3NMB4	D1-SPN	0
GTEX-X261-0011-R5A-SM-3NMB4	D2-SPN	0
GTEX-X261-0011-R5A-SM-3NMB4	OPC	0.069549222824234
GTEX-X261-0011-R5A-SM-3NMB4	Inhib	0
GTEX-X261-0011-R5A-SM-3NMB4	Immune	0.00540880018484983
GTEX-X4XX-0011-R5A-SM-46MWN	Oligo	0.830764143059209
GTEX-X4XX-0011-R5A-SM-46MWN	Micro	0.0363873561699561
GTEX-X4XX-0011-R5A-SM-46MWN	Astro	0.100048020610301
GTEX-X4XX-0011-R5A-SM-46MWN	D1-SPN	0.00358219729358051
GTEX-X4XX-0011-R5A-SM-46MWN	D2-SPN	0
GTEX-X4XX-0011-R5A-SM-46MWN	OPC	0.0232823804463894
GTEX-X4XX-0011-R5A-SM-46MWN	Inhib	0
GTEX-X4XX-0011-R5A-SM-46MWN	Immune	0.00593590242056451
GTEX-X585-0011-R5A-SM-46MVI	Oligo	0.688169537158467
GTEX-X585-0011-R5A-SM-46MVI	Micro	0.156915572377709
GTEX-X585-0011-R5A-SM-46MVI	Astro	0.0304265138565722
GTEX-X585-0011-R5A-SM-46MVI	D1-SPN	0.0493091536011028
GTEX-X585-0011-R5A-SM-46MVI	D2-SPN	0.024455554857847
GTEX-X585-0011-R5A-SM-46MVI	OPC	0.0144243038514913
GTEX-X585-0011-R5A-SM-46MVI	Inhib	0
GTEX-X585-0011-R5A-SM-46MVI	Immune	0.0362993642968108
GTEX-XMD1-0011-R5A-SM-4AT47	Oligo	0.334729795422176
GTEX-XMD1-0011-R5A-SM-4AT47	Micro	0.0615348418954809
GTEX-XMD1-0011-R5A-SM-4AT47	Astro	0.474267283032213
GTEX-XMD1-0011-R5A-SM-4AT47	D1-SPN	0.023242362719886
GTEX-XMD1-0011-R5A-SM-4AT47	D2-SPN	0
GTEX-XMD1-0011-R5A-SM-4AT47	OPC	0.0224923873828479
GTEX-XMD1-0011-R5A-SM-4AT47	Inhib	0
GTEX-XMD1-0011-R5A-SM-4AT47	Immune	0.0837333295473966
GTEX-Y8DK-0011-R5B-SM-4RTW6	Oligo	0.440143612803439
GTEX-Y8DK-0011-R5B-SM-4RTW6	Micro	0.0546542109689907
GTEX-Y8DK-0011-R5B-SM-4RTW6	Astro	0.369032279930793
GTEX-Y8DK-0011-R5B-SM-4RTW6	D1-SPN	0.055815032289263
GTEX-Y8DK-0011-R5B-SM-4RTW6	D2-SPN	0.0372415430839175
GTEX-Y8DK-0011-R5B-SM-4RTW6	OPC	0.036296705106934
GTEX-Y8DK-0011-R5B-SM-4RTW6	Inhib	0
GTEX-Y8DK-0011-R5B-SM-4RTW6	Immune	0.00681661581666356
GTEX-YFC4-0011-R5a-SM-4RGLR	Oligo	0.604895183809963
GTEX-YFC4-0011-R5a-SM-4RGLR	Micro	0.0405351807202719
GTEX-YFC4-0011-R5a-SM-4RGLR	Astro	0.274732578789123
GTEX-YFC4-0011-R5a-SM-4RGLR	D1-SPN	0.0130091972812612
GTEX-YFC4-0011-R5a-SM-4RGLR	D2-SPN	0
GTEX-YFC4-0011-R5a-SM-4RGLR	OPC	0.0541307192656875
GTEX-YFC4-0011-R5a-SM-4RGLR	Inhib	0.000102312283910063
GTEX-YFC4-0011-R5a-SM-4RGLR	Immune	0.0125948278497826
GTEX-YJ89-0011-R5a-SM-4V6GM	Oligo	0.567948538634023
GTEX-YJ89-0011-R5a-SM-4V6GM	Micro	0.0571777239304
GTEX-YJ89-0011-R5a-SM-4V6GM	Astro	0.305432451949872
GTEX-YJ89-0011-R5a-SM-4V6GM	D1-SPN	0.00147963509638443
GTEX-YJ89-0011-R5a-SM-4V6GM	D2-SPN	0.0101954564072556
GTEX-YJ89-0011-R5a-SM-4V6GM	OPC	0.0519351627665475
GTEX-YJ89-0011-R5a-SM-4V6GM	Inhib	0
GTEX-YJ89-0011-R5a-SM-4V6GM	Immune	0.00583103121551747
GTEX-Z93S-0011-R5b-SM-4RGNI	Oligo	0.794008678111876
GTEX-Z93S-0011-R5b-SM-4RGNI	Micro	0.0306682475623783
GTEX-Z93S-0011-R5b-SM-4RGNI	Astro	0.0199614835478143
GTEX-Z93S-0011-R5b-SM-4RGNI	D1-SPN	0.0499576867281443
GTEX-Z93S-0011-R5b-SM-4RGNI	D2-SPN	0.0551686161826967
GTEX-Z93S-0011-R5b-SM-4RGNI	OPC	0.0441366260451622
GTEX-Z93S-0011-R5b-SM-4RGNI	Inhib	0
GTEX-Z93S-0011-R5b-SM-4RGNI	Immune	0.00609866182192852
GTEX-ZAB4-0011-R5a-SM-4SOKC	Oligo	0.519789283022788
GTEX-ZAB4-0011-R5a-SM-4SOKC	Micro	0.0540580553821733
GTEX-ZAB4-0011-R5a-SM-4SOKC	Astro	0.291106148671506
GTEX-ZAB4-0011-R5a-SM-4SOKC	D1-SPN	0.045020986404632
GTEX-ZAB4-0011-R5a-SM-4SOKC	D2-SPN	0.0574110833377814
GTEX-ZAB4-0011-R5a-SM-4SOKC	OPC	0.027102689511887
GTEX-ZAB4-0011-R5a-SM-4SOKC	Inhib	0
GTEX-ZAB4-0011-R5a-SM-4SOKC	Immune	0.00551175366923213
GTEX-ZAJG-0011-R5a-SM-GRR1S	Oligo	0.43016514484681
GTEX-ZAJG-0011-R5a-SM-GRR1S	Micro	0.0550853691080581
GTEX-ZAJG-0011-R5a-SM-GRR1S	Astro	0.268461051366247
GTEX-ZAJG-0011-R5a-SM-GRR1S	D1-SPN	0.134268891489485
GTEX-ZAJG-0011-R5a-SM-GRR1S	D2-SPN	0.0450754595835773
GTEX-ZAJG-0011-R5a-SM-GRR1S	OPC	0.0295612116624094
GTEX-ZAJG-0011-R5a-SM-GRR1S	Inhib	0
GTEX-ZAJG-0011-R5a-SM-GRR1S	Immune	0.0373828719434128
GTEX-ZAK1-0011-R5a-SM-GRR32	Oligo	0.692957495087177
GTEX-ZAK1-0011-R5a-SM-GRR32	Micro	0.0196580732428576
GTEX-ZAK1-0011-R5a-SM-GRR32	Astro	0.24834015751434
GTEX-ZAK1-0011-R5a-SM-GRR32	D1-SPN	0
GTEX-ZAK1-0011-R5a-SM-GRR32	D2-SPN	0.00344611258958472
GTEX-ZAK1-0011-R5a-SM-GRR32	OPC	0.0333404588831302
GTEX-ZAK1-0011-R5a-SM-GRR32	Inhib	0
GTEX-ZAK1-0011-R5a-SM-GRR32	Immune	0.00225770268291047
GTEX-ZDXO-0011-R5a-SM-4WKG5	Oligo	0.637282115514042
GTEX-ZDXO-0011-R5a-SM-4WKG5	Micro	0.0513890135857603
GTEX-ZDXO-0011-R5a-SM-4WKG5	Astro	0.279055502920204
GTEX-ZDXO-0011-R5a-SM-4WKG5	D1-SPN	0.0103227931909695
GTEX-ZDXO-0011-R5a-SM-4WKG5	D2-SPN	0
GTEX-ZDXO-0011-R5a-SM-4WKG5	OPC	0.0194268639128047
GTEX-ZDXO-0011-R5a-SM-4WKG5	Inhib	0
GTEX-ZDXO-0011-R5a-SM-4WKG5	Immune	0.00252371087621913
GTEX-ZE7O-0011-R5a-SM-57WBO	Oligo	0.406513618170467
GTEX-ZE7O-0011-R5a-SM-57WBO	Micro	0.0371914295948173
GTEX-ZE7O-0011-R5a-SM-57WBO	Astro	0.391998138206228
GTEX-ZE7O-0011-R5a-SM-57WBO	D1-SPN	0.060019223428898
GTEX-ZE7O-0011-R5a-SM-57WBO	D2-SPN	0.00340335833896061
GTEX-ZE7O-0011-R5a-SM-57WBO	OPC	0.0856011423965366
GTEX-ZE7O-0011-R5a-SM-57WBO	Inhib	0
GTEX-ZE7O-0011-R5a-SM-57WBO	Immune	0.0152730898640929
GTEX-ZE9C-0011-R5a-SM-5EGLO	Oligo	0.318986675572267
GTEX-ZE9C-0011-R5a-SM-5EGLO	Micro	0.0519187739445941
GTEX-ZE9C-0011-R5a-SM-5EGLO	Astro	0.449214472220275
GTEX-ZE9C-0011-R5a-SM-5EGLO	D1-SPN	0.0719522258397021
GTEX-ZE9C-0011-R5a-SM-5EGLO	D2-SPN	0.0687919196483948
GTEX-ZE9C-0011-R5a-SM-5EGLO	OPC	0.0292805282181241
GTEX-ZE9C-0011-R5a-SM-5EGLO	Inhib	0
GTEX-ZE9C-0011-R5a-SM-5EGLO	Immune	0.00985540455664207
GTEX-ZF28-0011-R5a-SM-4WWCZ	Oligo	0.531274783030452
GTEX-ZF28-0011-R5a-SM-4WWCZ	Micro	0.032116750800707
GTEX-ZF28-0011-R5a-SM-4WWCZ	Astro	0.372951862622298
GTEX-ZF28-0011-R5a-SM-4WWCZ	D1-SPN	0.0198233781423366
GTEX-ZF28-0011-R5a-SM-4WWCZ	D2-SPN	0
GTEX-ZF28-0011-R5a-SM-4WWCZ	OPC	0.0384757847165249
GTEX-ZF28-0011-R5a-SM-4WWCZ	Inhib	0
GTEX-ZF28-0011-R5a-SM-4WWCZ	Immune	0.00535744068768113
GTEX-ZUA1-0011-R5b-SM-51MTG	Oligo	0.592246227699963
GTEX-ZUA1-0011-R5b-SM-51MTG	Micro	0.0317069745998267
GTEX-ZUA1-0011-R5b-SM-51MTG	Astro	0.21100715698663
GTEX-ZUA1-0011-R5b-SM-51MTG	D1-SPN	0.0296507167825254
GTEX-ZUA1-0011-R5b-SM-51MTG	D2-SPN	0.101328320068662
GTEX-ZUA1-0011-R5b-SM-51MTG	OPC	0.0305655195133948
GTEX-ZUA1-0011-R5b-SM-51MTG	Inhib	0
GTEX-ZUA1-0011-R5b-SM-51MTG	Immune	0.00349508434899691
GTEX-ZV68-0011-R5a-SM-4YCDW	Oligo	0.360364224309004
GTEX-ZV68-0011-R5a-SM-4YCDW	Micro	0.0298072622113945
GTEX-ZV68-0011-R5a-SM-4YCDW	Astro	0.574398195590606
GTEX-ZV68-0011-R5a-SM-4YCDW	D1-SPN	0
GTEX-ZV68-0011-R5a-SM-4YCDW	D2-SPN	0
GTEX-ZV68-0011-R5a-SM-4YCDW	OPC	0.0294721675064399
GTEX-ZV68-0011-R5a-SM-4YCDW	Inhib	0.000865956637896307
GTEX-ZV68-0011-R5a-SM-4YCDW	Immune	0.00509219374465961
GTEX-ZVT3-0011-R5a-SM-51MSI	Oligo	0.563193716168519
GTEX-ZVT3-0011-R5a-SM-51MSI	Micro	0.0416402071803861
GTEX-ZVT3-0011-R5a-SM-51MSI	Astro	0.351377398024818
GTEX-ZVT3-0011-R5a-SM-51MSI	D1-SPN	0
GTEX-ZVT3-0011-R5a-SM-51MSI	D2-SPN	0
GTEX-ZVT3-0011-R5a-SM-51MSI	OPC	0.0362133612500793
GTEX-ZVT3-0011-R5a-SM-51MSI	Inhib	0
GTEX-ZVT3-0011-R5a-SM-51MSI	Immune	0.00757531737619784
GTEX-ZVZQ-0011-R5b-SM-57WDC	Oligo	0.334999918422506
GTEX-ZVZQ-0011-R5b-SM-57WDC	Micro	0.0799853624711009
GTEX-ZVZQ-0011-R5b-SM-57WDC	Astro	0.529564546776494
GTEX-ZVZQ-0011-R5b-SM-57WDC	D1-SPN	0.0191931815976606
GTEX-ZVZQ-0011-R5b-SM-57WDC	D2-SPN	0
GTEX-ZVZQ-0011-R5b-SM-57WDC	OPC	0.0321842447537661
GTEX-ZVZQ-0011-R5b-SM-57WDC	Inhib	0
GTEX-ZVZQ-0011-R5b-SM-57WDC	Immune	0.00407274597847195
GTEX-ZXG5-0011-R5b-SM-57WBN	Oligo	0.613789040684818
GTEX-ZXG5-0011-R5b-SM-57WBN	Micro	0.0386442777482995
GTEX-ZXG5-0011-R5b-SM-57WBN	Astro	0.254711099311946
GTEX-ZXG5-0011-R5b-SM-57WBN	D1-SPN	0.0298358752545951
GTEX-ZXG5-0011-R5b-SM-57WBN	D2-SPN	0
GTEX-ZXG5-0011-R5b-SM-57WBN	OPC	0.0595830809372315
GTEX-ZXG5-0011-R5b-SM-57WBN	Inhib	0
GTEX-ZXG5-0011-R5b-SM-57WBN	Immune	0.00343662606311011
GTEX-ZYFD-0011-R5a-SM-H6Q7M	Oligo	0.401878906812442
GTEX-ZYFD-0011-R5a-SM-H6Q7M	Micro	0.0231917002535489
GTEX-ZYFD-0011-R5a-SM-H6Q7M	Astro	0.424953533113196
GTEX-ZYFD-0011-R5a-SM-H6Q7M	D1-SPN	0.029844527683132
GTEX-ZYFD-0011-R5a-SM-H6Q7M	D2-SPN	0.0857646590729489
GTEX-ZYFD-0011-R5a-SM-H6Q7M	OPC	0.0320455458194829
GTEX-ZYFD-0011-R5a-SM-H6Q7M	Inhib	0
GTEX-ZYFD-0011-R5a-SM-H6Q7M	Immune	0.00232112724524865
GTEX-ZYY3-0011-R5a-SM-H7OGH	Oligo	0.323441884681066
GTEX-ZYY3-0011-R5a-SM-H7OGH	Micro	0.0834527714350465
GTEX-ZYY3-0011-R5a-SM-H7OGH	Astro	0.45047273681581
GTEX-ZYY3-0011-R5a-SM-H7OGH	D1-SPN	0.0655766174184204
GTEX-ZYY3-0011-R5a-SM-H7OGH	D2-SPN	0.00778056990807935
GTEX-ZYY3-0011-R5a-SM-H7OGH	OPC	0.0478652660608614
GTEX-ZYY3-0011-R5a-SM-H7OGH	Inhib	0
GTEX-ZYY3-0011-R5a-SM-H7OGH	Immune	0.0214101536807165
GTEX-ZZPT-0011-R5a-SM-GPRX5	Oligo	0.594095610860912
GTEX-ZZPT-0011-R5a-SM-GPRX5	Micro	0.0219707877582685
GTEX-ZZPT-0011-R5a-SM-GPRX5	Astro	0.340120174630143
GTEX-ZZPT-0011-R5a-SM-GPRX5	D1-SPN	0
GTEX-ZZPT-0011-R5a-SM-GPRX5	D2-SPN	5.07481520836546e-05
GTEX-ZZPT-0011-R5a-SM-GPRX5	OPC	0.0353351608809186
GTEX-ZZPT-0011-R5a-SM-GPRX5	Inhib	0
GTEX-ZZPT-0011-R5a-SM-GPRX5	Immune	0.00842751771767468
