sample_id	cell_type	proportion
GTEX-117XS-0011-R1b-SM-GJ3PQ	Oligo	0.191387059729504
GTEX-117XS-0011-R1b-SM-GJ3PQ	Micro	0.0229593871793586
GTEX-117XS-0011-R1b-SM-GJ3PQ	OPC	0.00284257554523563
GTEX-117XS-0011-R1b-SM-GJ3PQ	Inhib	0.00897126734935137
GTEX-117XS-0011-R1b-SM-GJ3PQ	Astro	0.722802985004339
GTEX-117XS-0011-R1b-SM-GJ3PQ	Excit	0.0510367251922122
GTEX-117XS-0011-R1b-SM-GJ3PQ	Immune	0
GTEX-117XS-0011-R1b-SM-GJ3PQ	Mural	0
GTEX-1192X-0011-R1b-SM-GI4VU	Oligo	0.26564781381855
GTEX-1192X-0011-R1b-SM-GI4VU	Micro	0.0240423981128232
GTEX-1192X-0011-R1b-SM-GI4VU	OPC	0
GTEX-1192X-0011-R1b-SM-GI4VU	Inhib	0.00460014229343962
GTEX-1192X-0011-R1b-SM-GI4VU	Astro	0.586182578917326
GTEX-1192X-0011-R1b-SM-GI4VU	Excit	0.119527066857861
GTEX-1192X-0011-R1b-SM-GI4VU	Immune	0
GTEX-1192X-0011-R1b-SM-GI4VU	Mural	0
GTEX-11DXW-0011-R1a-SM-DNZZD	Oligo	0.311794385496095
GTEX-11DXW-0011-R1a-SM-DNZZD	Micro	0
GTEX-11DXW-0011-R1a-SM-DNZZD	OPC	0.00304534707390397
GTEX-11DXW-0011-R1a-SM-DNZZD	Inhib	0.0118704313751907
GTEX-11DXW-0011-R1a-SM-DNZZD	Astro	0.647204774021299
GTEX-11DXW-0011-R1a-SM-DNZZD	Excit	0.025312357283593
GTEX-11DXW-0011-R1a-SM-DNZZD	Immune	0.000772704749919099
GTEX-11DXW-0011-R1a-SM-DNZZD	Mural	0
GTEX-11DXY-0011-R1b-SM-GI4VQ	Oligo	0.107866635591399
GTEX-11DXY-0011-R1b-SM-GI4VQ	Micro	0.0151147622987246
GTEX-11DXY-0011-R1b-SM-GI4VQ	OPC	0.000677179239462238
GTEX-11DXY-0011-R1b-SM-GI4VQ	Inhib	0.0102658413454242
GTEX-11DXY-0011-R1b-SM-GI4VQ	Astro	0.799170777470641
GTEX-11DXY-0011-R1b-SM-GI4VQ	Excit	0.0669048040543484
GTEX-11DXY-0011-R1b-SM-GI4VQ	Immune	0
GTEX-11DXY-0011-R1b-SM-GI4VQ	Mural	0
GTEX-11DYG-0011-R1a-SM-GI4X6	Oligo	0.387736410543778
GTEX-11DYG-0011-R1a-SM-GI4X6	Micro	0
GTEX-11DYG-0011-R1a-SM-GI4X6	OPC	0.0166101208192024
GTEX-11DYG-0011-R1a-SM-GI4X6	Inhib	0.00366135509654838
GTEX-11DYG-0011-R1a-SM-GI4X6	Astro	0.522783460427366
GTEX-11DYG-0011-R1a-SM-GI4X6	Excit	0.0529211256761017
GTEX-11DYG-0011-R1a-SM-GI4X6	Immune	0.000504150332291544
GTEX-11DYG-0011-R1a-SM-GI4X6	Mural	0.015783377104712
GTEX-11EI6-0011-R1a-SM-DO93L	Oligo	0.329842361911807
GTEX-11EI6-0011-R1a-SM-DO93L	Micro	0.0284418610829592
GTEX-11EI6-0011-R1a-SM-DO93L	OPC	0.00747686022943306
GTEX-11EI6-0011-R1a-SM-DO93L	Inhib	0.00561043256842689
GTEX-11EI6-0011-R1a-SM-DO93L	Astro	0.57143740035172
GTEX-11EI6-0011-R1a-SM-DO93L	Excit	0.043326778938385
GTEX-11EI6-0011-R1a-SM-DO93L	Immune	0
GTEX-11EI6-0011-R1a-SM-DO93L	Mural	0.0138643049172684
GTEX-11GS4-0011-R1a-SM-DO129	Oligo	0.099619318730366
GTEX-11GS4-0011-R1a-SM-DO129	Micro	0.0288188494305528
GTEX-11GS4-0011-R1a-SM-DO129	OPC	0
GTEX-11GS4-0011-R1a-SM-DO129	Inhib	0.0217056745735277
GTEX-11GS4-0011-R1a-SM-DO129	Astro	0.741201954029664
GTEX-11GS4-0011-R1a-SM-DO129	Excit	0.10865420323589
GTEX-11GS4-0011-R1a-SM-DO129	Immune	0
GTEX-11GS4-0011-R1a-SM-DO129	Mural	0
GTEX-11GSO-0011-R1b-SM-57WD3	Oligo	0.44498069306938
GTEX-11GSO-0011-R1b-SM-57WD3	Micro	0.00459914010342398
GTEX-11GSO-0011-R1b-SM-57WD3	OPC	0
GTEX-11GSO-0011-R1b-SM-57WD3	Inhib	0.00509086606053572
GTEX-11GSO-0011-R1b-SM-57WD3	Astro	0.545176706956286
GTEX-11GSO-0011-R1b-SM-57WD3	Excit	0.00015259381037473
GTEX-11GSO-0011-R1b-SM-57WD3	Immune	0
GTEX-11GSO-0011-R1b-SM-57WD3	Mural	0
GTEX-11GSP-0011-R1a-SM-9QEJ3	Oligo	0.1418641882528
GTEX-11GSP-0011-R1a-SM-9QEJ3	Micro	0
GTEX-11GSP-0011-R1a-SM-9QEJ3	OPC	0
GTEX-11GSP-0011-R1a-SM-9QEJ3	Inhib	0.0056791748850385
GTEX-11GSP-0011-R1a-SM-9QEJ3	Astro	0.814988268884684
GTEX-11GSP-0011-R1a-SM-9QEJ3	Excit	0.0374683679774774
GTEX-11GSP-0011-R1a-SM-9QEJ3	Immune	0
GTEX-11GSP-0011-R1a-SM-9QEJ3	Mural	0
GTEX-11H98-0011-R1a-SM-GIN8O	Oligo	0.21225204750433
GTEX-11H98-0011-R1a-SM-GIN8O	Micro	0.0177667846817506
GTEX-11H98-0011-R1a-SM-GIN8O	OPC	0
GTEX-11H98-0011-R1a-SM-GIN8O	Inhib	0.00651289526241105
GTEX-11H98-0011-R1a-SM-GIN8O	Astro	0.623805486354896
GTEX-11H98-0011-R1a-SM-GIN8O	Excit	0.139662786196612
GTEX-11H98-0011-R1a-SM-GIN8O	Immune	0
GTEX-11H98-0011-R1a-SM-GIN8O	Mural	0
GTEX-11NV4-0011-R1a-SM-GINAK	Oligo	0.457762990318815
GTEX-11NV4-0011-R1a-SM-GINAK	Micro	0.0228140190494081
GTEX-11NV4-0011-R1a-SM-GINAK	OPC	0
GTEX-11NV4-0011-R1a-SM-GINAK	Inhib	0.0101994077340702
GTEX-11NV4-0011-R1a-SM-GINAK	Astro	0.440756087442367
GTEX-11NV4-0011-R1a-SM-GINAK	Excit	0.0684674954553406
GTEX-11NV4-0011-R1a-SM-GINAK	Immune	0
GTEX-11NV4-0011-R1a-SM-GINAK	Mural	0
GTEX-11OF3-0011-R1b-SM-H65ZT	Oligo	0.0923456423337143
GTEX-11OF3-0011-R1b-SM-H65ZT	Micro	0.0063021029591392
GTEX-11OF3-0011-R1b-SM-H65ZT	OPC	0.000142903962640603
GTEX-11OF3-0011-R1b-SM-H65ZT	Inhib	0.00419338660392476
GTEX-11OF3-0011-R1b-SM-H65ZT	Astro	0.872885229974041
GTEX-11OF3-0011-R1b-SM-H65ZT	Excit	0.0241307341665404
GTEX-11OF3-0011-R1b-SM-H65ZT	Immune	0
GTEX-11OF3-0011-R1b-SM-H65ZT	Mural	0
GTEX-11ONC-0011-R1a-SM-57WD4	Oligo	0.202902790009169
GTEX-11ONC-0011-R1a-SM-57WD4	Micro	0.0200843413355827
GTEX-11ONC-0011-R1a-SM-57WD4	OPC	0.00146045846095319
GTEX-11ONC-0011-R1a-SM-57WD4	Inhib	0.00393944211414353
GTEX-11ONC-0011-R1a-SM-57WD4	Astro	0.73115506138124
GTEX-11ONC-0011-R1a-SM-57WD4	Excit	0.0394370369910623
GTEX-11ONC-0011-R1a-SM-57WD4	Immune	0
GTEX-11ONC-0011-R1a-SM-57WD4	Mural	0.00102086970784929
GTEX-11PRG-0011-R1b-SM-H7OHD	Oligo	0.158572645412767
GTEX-11PRG-0011-R1b-SM-H7OHD	Micro	0.00389655881747776
GTEX-11PRG-0011-R1b-SM-H7OHD	OPC	0.00137866544152387
GTEX-11PRG-0011-R1b-SM-H7OHD	Inhib	0.00737558986163014
GTEX-11PRG-0011-R1b-SM-H7OHD	Astro	0.796593907762603
GTEX-11PRG-0011-R1b-SM-H7OHD	Excit	0.0321826327039986
GTEX-11PRG-0011-R1b-SM-H7OHD	Immune	0
GTEX-11PRG-0011-R1b-SM-H7OHD	Mural	0
GTEX-11TTK-0011-R1b-SM-GIN92	Oligo	0.297637851177245
GTEX-11TTK-0011-R1b-SM-GIN92	Micro	0.00972975688222356
GTEX-11TTK-0011-R1b-SM-GIN92	OPC	0
GTEX-11TTK-0011-R1b-SM-GIN92	Inhib	0.00208758150732361
GTEX-11TTK-0011-R1b-SM-GIN92	Astro	0.689213515424894
GTEX-11TTK-0011-R1b-SM-GIN92	Excit	0.00133129500831432
GTEX-11TTK-0011-R1b-SM-GIN92	Immune	0
GTEX-11TTK-0011-R1b-SM-GIN92	Mural	0
GTEX-11TUW-0011-R1a-SM-DO92S	Oligo	0.616408622651116
GTEX-11TUW-0011-R1a-SM-DO92S	Micro	0.00755711299139526
GTEX-11TUW-0011-R1a-SM-DO92S	OPC	0
GTEX-11TUW-0011-R1a-SM-DO92S	Inhib	0.000344433967120401
GTEX-11TUW-0011-R1a-SM-DO92S	Astro	0.371649117811903
GTEX-11TUW-0011-R1a-SM-DO92S	Excit	0.000641897218462418
GTEX-11TUW-0011-R1a-SM-DO92S	Immune	0.000632173927939852
GTEX-11TUW-0011-R1a-SM-DO92S	Mural	0.00276664143206388
GTEX-11UD1-0011-R1b-SM-5BC7D	Oligo	0.621032749947386
GTEX-11UD1-0011-R1b-SM-5BC7D	Micro	0.00585193436606341
GTEX-11UD1-0011-R1b-SM-5BC7D	OPC	0.00193913371820464
GTEX-11UD1-0011-R1b-SM-5BC7D	Inhib	0.00171224007857105
GTEX-11UD1-0011-R1b-SM-5BC7D	Astro	0.364979470927699
GTEX-11UD1-0011-R1b-SM-5BC7D	Excit	0.00343120680964936
GTEX-11UD1-0011-R1b-SM-5BC7D	Immune	3.93844249661272e-05
GTEX-11UD1-0011-R1b-SM-5BC7D	Mural	0.00101387972745983
GTEX-11WQC-0011-R1b-SM-DO932	Oligo	0.684561025314896
GTEX-11WQC-0011-R1b-SM-DO932	Micro	0.00171122393203212
GTEX-11WQC-0011-R1b-SM-DO932	OPC	0.0110251618905694
GTEX-11WQC-0011-R1b-SM-DO932	Inhib	0.000667394948179469
GTEX-11WQC-0011-R1b-SM-DO932	Astro	0.289165677229698
GTEX-11WQC-0011-R1b-SM-DO932	Excit	0.00924853734423442
GTEX-11WQC-0011-R1b-SM-DO932	Immune	0.00261468074085276
GTEX-11WQC-0011-R1b-SM-DO932	Mural	0.00100629859953778
GTEX-11ZTS-0011-R1a-SM-5BC71	Oligo	0.605449031914087
GTEX-11ZTS-0011-R1a-SM-5BC71	Micro	0.0232205400004195
GTEX-11ZTS-0011-R1a-SM-5BC71	OPC	0.0243922553682342
GTEX-11ZTS-0011-R1a-SM-5BC71	Inhib	0.000984189485683784
GTEX-11ZTS-0011-R1a-SM-5BC71	Astro	0.344366274751534
GTEX-11ZTS-0011-R1a-SM-5BC71	Excit	0
GTEX-11ZTS-0011-R1a-SM-5BC71	Immune	0.00121996450380554
GTEX-11ZTS-0011-R1a-SM-5BC71	Mural	0.000367743976235829
GTEX-11ZUS-0011-R1a-SM-GI4W7	Oligo	0.286174648281265
GTEX-11ZUS-0011-R1a-SM-GI4W7	Micro	0.0603028777213046
GTEX-11ZUS-0011-R1a-SM-GI4W7	OPC	0.000288197440127322
GTEX-11ZUS-0011-R1a-SM-GI4W7	Inhib	0.0134611295298094
GTEX-11ZUS-0011-R1a-SM-GI4W7	Astro	0.585466913173195
GTEX-11ZUS-0011-R1a-SM-GI4W7	Excit	0.0541769199572978
GTEX-11ZUS-0011-R1a-SM-GI4W7	Immune	0
GTEX-11ZUS-0011-R1a-SM-GI4W7	Mural	0.000129313897001476
GTEX-11ZVC-0011-R1b-SM-5BC6M	Oligo	0.357474530212059
GTEX-11ZVC-0011-R1b-SM-5BC6M	Micro	0
GTEX-11ZVC-0011-R1b-SM-5BC6M	OPC	0.00107301411163375
GTEX-11ZVC-0011-R1b-SM-5BC6M	Inhib	0
GTEX-11ZVC-0011-R1b-SM-5BC6M	Astro	0.641341774110809
GTEX-11ZVC-0011-R1b-SM-5BC6M	Excit	0.000110681565497864
GTEX-11ZVC-0011-R1b-SM-5BC6M	Immune	0
GTEX-11ZVC-0011-R1b-SM-5BC6M	Mural	0
GTEX-12126-0011-R1a-SM-GJ3Q8	Oligo	0.642161533735813
GTEX-12126-0011-R1a-SM-GJ3Q8	Micro	0
GTEX-12126-0011-R1a-SM-GJ3Q8	OPC	0.00135343420264407
GTEX-12126-0011-R1a-SM-GJ3Q8	Inhib	0.0173309806429701
GTEX-12126-0011-R1a-SM-GJ3Q8	Astro	0.189606850184322
GTEX-12126-0011-R1a-SM-GJ3Q8	Excit	0.149054396915522
GTEX-12126-0011-R1a-SM-GJ3Q8	Immune	0
GTEX-12126-0011-R1a-SM-GJ3Q8	Mural	0.000492804318729003
GTEX-1212Z-0011-R1b-SM-5BC72	Oligo	0.438827137290301
GTEX-1212Z-0011-R1b-SM-5BC72	Micro	0.00043408824957796
GTEX-1212Z-0011-R1b-SM-5BC72	OPC	0.00299845384370172
GTEX-1212Z-0011-R1b-SM-5BC72	Inhib	0.000454770635655537
GTEX-1212Z-0011-R1b-SM-5BC72	Astro	0.5549741364762
GTEX-1212Z-0011-R1b-SM-5BC72	Excit	0.00231141350456379
GTEX-1212Z-0011-R1b-SM-5BC72	Immune	0
GTEX-1212Z-0011-R1b-SM-5BC72	Mural	0
GTEX-12696-0011-R1a-SM-GHWPW	Oligo	0.432761012864421
GTEX-12696-0011-R1a-SM-GHWPW	Micro	0.0284256071278464
GTEX-12696-0011-R1a-SM-GHWPW	OPC	0
GTEX-12696-0011-R1a-SM-GHWPW	Inhib	0.00030619620416531
GTEX-12696-0011-R1a-SM-GHWPW	Astro	0.535089325431416
GTEX-12696-0011-R1a-SM-GHWPW	Excit	0.00179274697764254
GTEX-12696-0011-R1a-SM-GHWPW	Immune	0
GTEX-12696-0011-R1a-SM-GHWPW	Mural	0.00162511139450919
GTEX-12WSA-0011-R1b-SM-GI4VI	Oligo	0.257596001268991
GTEX-12WSA-0011-R1b-SM-GI4VI	Micro	0.0223494615794155
GTEX-12WSA-0011-R1b-SM-GI4VI	OPC	0
GTEX-12WSA-0011-R1b-SM-GI4VI	Inhib	0.000857601233181361
GTEX-12WSA-0011-R1b-SM-GI4VI	Astro	0.639732099287184
GTEX-12WSA-0011-R1b-SM-GI4VI	Excit	0.0794648366312282
GTEX-12WSA-0011-R1b-SM-GI4VI	Immune	0
GTEX-12WSA-0011-R1b-SM-GI4VI	Mural	0
GTEX-12WSD-0011-R1b-SM-5LZVY	Oligo	0.511892904186085
GTEX-12WSD-0011-R1b-SM-5LZVY	Micro	0.00501246740200537
GTEX-12WSD-0011-R1b-SM-5LZVY	OPC	0.000526769024949199
GTEX-12WSD-0011-R1b-SM-5LZVY	Inhib	0.0267894402102689
GTEX-12WSD-0011-R1b-SM-5LZVY	Astro	0.409896962472549
GTEX-12WSD-0011-R1b-SM-5LZVY	Excit	0.045725279021987
GTEX-12WSD-0011-R1b-SM-5LZVY	Immune	7.43402173825567e-05
GTEX-12WSD-0011-R1b-SM-5LZVY	Mural	8.1837464773785e-05
GTEX-12WSE-0011-R1b-SM-5GU4V	Oligo	0.306643174654871
GTEX-12WSE-0011-R1b-SM-5GU4V	Micro	0
GTEX-12WSE-0011-R1b-SM-5GU4V	OPC	0
GTEX-12WSE-0011-R1b-SM-5GU4V	Inhib	0.0166692250740416
GTEX-12WSE-0011-R1b-SM-5GU4V	Astro	0.479329572342626
GTEX-12WSE-0011-R1b-SM-5GU4V	Excit	0.197358027928461
GTEX-12WSE-0011-R1b-SM-5GU4V	Immune	0
GTEX-12WSE-0011-R1b-SM-5GU4V	Mural	0
GTEX-12WSF-0011-R1a-SM-5DUVI	Oligo	0.62744216968353
GTEX-12WSF-0011-R1a-SM-5DUVI	Micro	0.00378973806094171
GTEX-12WSF-0011-R1a-SM-5DUVI	OPC	0
GTEX-12WSF-0011-R1a-SM-5DUVI	Inhib	0.00879023174230588
GTEX-12WSF-0011-R1a-SM-5DUVI	Astro	0.28159958623357
GTEX-12WSF-0011-R1a-SM-5DUVI	Excit	0.0580359422540233
GTEX-12WSF-0011-R1a-SM-5DUVI	Immune	0.0101360422527849
GTEX-12WSF-0011-R1a-SM-5DUVI	Mural	0.0102062897728449
GTEX-12WSH-0011-R1a-SM-5GU5V	Oligo	0.401169073834163
GTEX-12WSH-0011-R1a-SM-5GU5V	Micro	0.00754886488101737
GTEX-12WSH-0011-R1a-SM-5GU5V	OPC	0.00304041289908416
GTEX-12WSH-0011-R1a-SM-5GU5V	Inhib	0.00636178073883172
GTEX-12WSH-0011-R1a-SM-5GU5V	Astro	0.569242312495349
GTEX-12WSH-0011-R1a-SM-5GU5V	Excit	0.0120090594442204
GTEX-12WSH-0011-R1a-SM-5GU5V	Immune	4.83809007454753e-05
GTEX-12WSH-0011-R1a-SM-5GU5V	Mural	0.000580114806588544
GTEX-12WSM-0011-R1a-SM-5LZW6	Oligo	0.380689949175925
GTEX-12WSM-0011-R1a-SM-5LZW6	Micro	9.24553453941456e-05
GTEX-12WSM-0011-R1a-SM-5LZW6	OPC	0.00033834010045532
GTEX-12WSM-0011-R1a-SM-5LZW6	Inhib	0.00479545159643396
GTEX-12WSM-0011-R1a-SM-5LZW6	Astro	0.529894847822199
GTEX-12WSM-0011-R1a-SM-5LZW6	Excit	0.0841327394996721
GTEX-12WSM-0011-R1a-SM-5LZW6	Immune	0
GTEX-12WSM-0011-R1a-SM-5LZW6	Mural	5.62164599207352e-05
GTEX-12ZZX-0011-R1a-SM-5EQ6B	Oligo	0.222861231839028
GTEX-12ZZX-0011-R1a-SM-5EQ6B	Micro	0.0018901565861278
GTEX-12ZZX-0011-R1a-SM-5EQ6B	OPC	0
GTEX-12ZZX-0011-R1a-SM-5EQ6B	Inhib	0.00190858554337492
GTEX-12ZZX-0011-R1a-SM-5EQ6B	Astro	0.757972042036984
GTEX-12ZZX-0011-R1a-SM-5EQ6B	Excit	0.0151081684484749
GTEX-12ZZX-0011-R1a-SM-5EQ6B	Immune	0.000259815546011159
GTEX-12ZZX-0011-R1a-SM-5EQ6B	Mural	0
GTEX-12ZZY-0011-R1a-SM-GIN9E	Oligo	0.288778059998033
GTEX-12ZZY-0011-R1a-SM-GIN9E	Micro	0.0326659641729274
GTEX-12ZZY-0011-R1a-SM-GIN9E	OPC	0
GTEX-12ZZY-0011-R1a-SM-GIN9E	Inhib	0.00769171851373922
GTEX-12ZZY-0011-R1a-SM-GIN9E	Astro	0.649080933892903
GTEX-12ZZY-0011-R1a-SM-GIN9E	Excit	0.0217833234223978
GTEX-12ZZY-0011-R1a-SM-GIN9E	Immune	0
GTEX-12ZZY-0011-R1a-SM-GIN9E	Mural	0
GTEX-12ZZZ-0011-R1a-SM-GIN8I	Oligo	0.101576899389733
GTEX-12ZZZ-0011-R1a-SM-GIN8I	Micro	0.00265607512376086
GTEX-12ZZZ-0011-R1a-SM-GIN8I	OPC	0.000561210226666997
GTEX-12ZZZ-0011-R1a-SM-GIN8I	Inhib	0.0140292388883527
GTEX-12ZZZ-0011-R1a-SM-GIN8I	Astro	0.854649666935823
GTEX-12ZZZ-0011-R1a-SM-GIN8I	Excit	0.0264028301578965
GTEX-12ZZZ-0011-R1a-SM-GIN8I	Immune	0.000124079277767354
GTEX-12ZZZ-0011-R1a-SM-GIN8I	Mural	0
GTEX-13112-0011-R1b-SM-5HL7K	Oligo	0.568186529263415
GTEX-13112-0011-R1b-SM-5HL7K	Micro	0.00555643290357988
GTEX-13112-0011-R1b-SM-5HL7K	OPC	0.00111781367344531
GTEX-13112-0011-R1b-SM-5HL7K	Inhib	0.00657207941903821
GTEX-13112-0011-R1b-SM-5HL7K	Astro	0.290245118977952
GTEX-13112-0011-R1b-SM-5HL7K	Excit	0.12832202576257
GTEX-13112-0011-R1b-SM-5HL7K	Immune	0
GTEX-13112-0011-R1b-SM-5HL7K	Mural	0
GTEX-1313W-0011-R1b-SM-5EQ4A	Oligo	0.579448748231128
GTEX-1313W-0011-R1b-SM-5EQ4A	Micro	0.0405550887455951
GTEX-1313W-0011-R1b-SM-5EQ4A	OPC	0.00074795832281364
GTEX-1313W-0011-R1b-SM-5EQ4A	Inhib	0.00863097465413972
GTEX-1313W-0011-R1b-SM-5EQ4A	Astro	0.318707004474463
GTEX-1313W-0011-R1b-SM-5EQ4A	Excit	0.0508776798141417
GTEX-1313W-0011-R1b-SM-5EQ4A	Immune	0.00103254575771933
GTEX-1313W-0011-R1b-SM-5EQ4A	Mural	0
GTEX-131XH-0011-R1a-SM-5DUWA	Oligo	0.0800666777790054
GTEX-131XH-0011-R1a-SM-5DUWA	Micro	0
GTEX-131XH-0011-R1a-SM-5DUWA	OPC	0
GTEX-131XH-0011-R1a-SM-5DUWA	Inhib	0.00748934327889425
GTEX-131XH-0011-R1a-SM-5DUWA	Astro	0.787374798441079
GTEX-131XH-0011-R1a-SM-5DUWA	Excit	0.125069180501021
GTEX-131XH-0011-R1a-SM-5DUWA	Immune	0
GTEX-131XH-0011-R1a-SM-5DUWA	Mural	0
GTEX-131YS-0011-R1a-SM-5DUXC	Oligo	0.264523719923824
GTEX-131YS-0011-R1a-SM-5DUXC	Micro	0.0704445143835443
GTEX-131YS-0011-R1a-SM-5DUXC	OPC	0
GTEX-131YS-0011-R1a-SM-5DUXC	Inhib	0.030650629539256
GTEX-131YS-0011-R1a-SM-5DUXC	Astro	0.608330775692907
GTEX-131YS-0011-R1a-SM-5DUXC	Excit	0.0204844060287213
GTEX-131YS-0011-R1a-SM-5DUXC	Immune	0
GTEX-131YS-0011-R1a-SM-5DUXC	Mural	0.00556595443174719
GTEX-132Q8-0011-R1a-SM-5EGLK	Oligo	0.28196020029764
GTEX-132Q8-0011-R1a-SM-5EGLK	Micro	0.0963157033583647
GTEX-132Q8-0011-R1a-SM-5EGLK	OPC	0.00100125636662033
GTEX-132Q8-0011-R1a-SM-5EGLK	Inhib	0.00507217522326186
GTEX-132Q8-0011-R1a-SM-5EGLK	Astro	0.599173876930213
GTEX-132Q8-0011-R1a-SM-5EGLK	Excit	0.0164767878238995
GTEX-132Q8-0011-R1a-SM-5EGLK	Immune	0
GTEX-132Q8-0011-R1a-SM-5EGLK	Mural	0
GTEX-1399T-0011-R1b-SM-5DUWN	Oligo	0.395180565387455
GTEX-1399T-0011-R1b-SM-5DUWN	Micro	0.0538585634943066
GTEX-1399T-0011-R1b-SM-5DUWN	OPC	0
GTEX-1399T-0011-R1b-SM-5DUWN	Inhib	0.0156463460721081
GTEX-1399T-0011-R1b-SM-5DUWN	Astro	0.511009509275771
GTEX-1399T-0011-R1b-SM-5DUWN	Excit	0.0201713387994531
GTEX-1399T-0011-R1b-SM-5DUWN	Immune	0.00146633098295066
GTEX-1399T-0011-R1b-SM-5DUWN	Mural	0.00266734598795504
GTEX-139T8-0011-R1a-SM-5HL75	Oligo	0.205874012177743
GTEX-139T8-0011-R1a-SM-5HL75	Micro	0.00350186947606783
GTEX-139T8-0011-R1a-SM-5HL75	OPC	0.0283275312539779
GTEX-139T8-0011-R1a-SM-5HL75	Inhib	0.00106794326686535
GTEX-139T8-0011-R1a-SM-5HL75	Astro	0.482509227877963
GTEX-139T8-0011-R1a-SM-5HL75	Excit	0.261647113193767
GTEX-139T8-0011-R1a-SM-5HL75	Immune	0
GTEX-139T8-0011-R1a-SM-5HL75	Mural	0.0170723027536158
GTEX-139TT-0011-R1a-SM-5LZVD	Oligo	0.3711216253417
GTEX-139TT-0011-R1a-SM-5LZVD	Micro	0
GTEX-139TT-0011-R1a-SM-5LZVD	OPC	0
GTEX-139TT-0011-R1a-SM-5LZVD	Inhib	0.00942067985509731
GTEX-139TT-0011-R1a-SM-5LZVD	Astro	0.39242799258159
GTEX-139TT-0011-R1a-SM-5LZVD	Excit	0.227029702221613
GTEX-139TT-0011-R1a-SM-5LZVD	Immune	0
GTEX-139TT-0011-R1a-SM-5LZVD	Mural	0
GTEX-13CF2-0011-R1a-SM-5LZY1	Oligo	0.511961579799943
GTEX-13CF2-0011-R1a-SM-5LZY1	Micro	0.0162731816467112
GTEX-13CF2-0011-R1a-SM-5LZY1	OPC	0.00592848146730015
GTEX-13CF2-0011-R1a-SM-5LZY1	Inhib	0.00836424670286748
GTEX-13CF2-0011-R1a-SM-5LZY1	Astro	0.420710098493252
GTEX-13CF2-0011-R1a-SM-5LZY1	Excit	0.0367624118899261
GTEX-13CF2-0011-R1a-SM-5LZY1	Immune	0
GTEX-13CF2-0011-R1a-SM-5LZY1	Mural	0
GTEX-13FHO-0011-R1b-SM-5KLZG	Oligo	0.168515462346454
GTEX-13FHO-0011-R1b-SM-5KLZG	Micro	0.0157723094651462
GTEX-13FHO-0011-R1b-SM-5KLZG	OPC	0.00466126410116545
GTEX-13FHO-0011-R1b-SM-5KLZG	Inhib	0.0039110970230787
GTEX-13FHO-0011-R1b-SM-5KLZG	Astro	0.799696254788503
GTEX-13FHO-0011-R1b-SM-5KLZG	Excit	0.00744361227565277
GTEX-13FHO-0011-R1b-SM-5KLZG	Immune	0
GTEX-13FHO-0011-R1b-SM-5KLZG	Mural	0
GTEX-13FHP-0011-R1b-SM-5K7XL	Oligo	0.521379281274143
GTEX-13FHP-0011-R1b-SM-5K7XL	Micro	0.00525596729572819
GTEX-13FHP-0011-R1b-SM-5K7XL	OPC	0.00560484134510528
GTEX-13FHP-0011-R1b-SM-5K7XL	Inhib	0.00566194762744595
GTEX-13FHP-0011-R1b-SM-5K7XL	Astro	0.457111988454152
GTEX-13FHP-0011-R1b-SM-5K7XL	Excit	0.00498597400342587
GTEX-13FHP-0011-R1b-SM-5K7XL	Immune	0
GTEX-13FHP-0011-R1b-SM-5K7XL	Mural	0
GTEX-13FLW-0011-R1b-SM-5LZX2	Oligo	0.219431854802342
GTEX-13FLW-0011-R1b-SM-5LZX2	Micro	0.020859545561969
GTEX-13FLW-0011-R1b-SM-5LZX2	OPC	0
GTEX-13FLW-0011-R1b-SM-5LZX2	Inhib	0.00959420924197273
GTEX-13FLW-0011-R1b-SM-5LZX2	Astro	0.625455866983247
GTEX-13FLW-0011-R1b-SM-5LZX2	Excit	0.123652768245721
GTEX-13FLW-0011-R1b-SM-5LZX2	Immune	0.00100575516474933
GTEX-13FLW-0011-R1b-SM-5LZX2	Mural	0
GTEX-13FTY-0011-R1a-SM-5LZXE	Oligo	0.366393738322727
GTEX-13FTY-0011-R1a-SM-5LZXE	Micro	0
GTEX-13FTY-0011-R1a-SM-5LZXE	OPC	0.00374897844743311
GTEX-13FTY-0011-R1a-SM-5LZXE	Inhib	0
GTEX-13FTY-0011-R1a-SM-5LZXE	Astro	0.61154234005717
GTEX-13FTY-0011-R1a-SM-5LZXE	Excit	0.0177627631520281
GTEX-13FTY-0011-R1a-SM-5LZXE	Immune	0.000552180020642642
GTEX-13FTY-0011-R1a-SM-5LZXE	Mural	0
GTEX-13FXS-0011-R1a-SM-5K7U6	Oligo	0.367810433626093
GTEX-13FXS-0011-R1a-SM-5K7U6	Micro	0.00820816029886565
GTEX-13FXS-0011-R1a-SM-5K7U6	OPC	0.00148351305753522
GTEX-13FXS-0011-R1a-SM-5K7U6	Inhib	0.00670805421207467
GTEX-13FXS-0011-R1a-SM-5K7U6	Astro	0.536595882360965
GTEX-13FXS-0011-R1a-SM-5K7U6	Excit	0.0791939564444667
GTEX-13FXS-0011-R1a-SM-5K7U6	Immune	0
GTEX-13FXS-0011-R1a-SM-5K7U6	Mural	0
GTEX-13G51-0011-R1a-SM-5LZYR	Oligo	0.335425654039756
GTEX-13G51-0011-R1a-SM-5LZYR	Micro	0.0088405204686629
GTEX-13G51-0011-R1a-SM-5LZYR	OPC	0
GTEX-13G51-0011-R1a-SM-5LZYR	Inhib	0.00170396334985277
GTEX-13G51-0011-R1a-SM-5LZYR	Astro	0.632504525575448
GTEX-13G51-0011-R1a-SM-5LZYR	Excit	0.02152533656628
GTEX-13G51-0011-R1a-SM-5LZYR	Immune	0
GTEX-13G51-0011-R1a-SM-5LZYR	Mural	0
GTEX-13JUV-0011-R1a-SM-5LZY4	Oligo	0.366804357657132
GTEX-13JUV-0011-R1a-SM-5LZY4	Micro	0.0217678395719399
GTEX-13JUV-0011-R1a-SM-5LZY4	OPC	0.0015495029730943
GTEX-13JUV-0011-R1a-SM-5LZY4	Inhib	0.00319941803418558
GTEX-13JUV-0011-R1a-SM-5LZY4	Astro	0.485237691249193
GTEX-13JUV-0011-R1a-SM-5LZY4	Excit	0.121441190514455
GTEX-13JUV-0011-R1a-SM-5LZY4	Immune	0
GTEX-13JUV-0011-R1a-SM-5LZY4	Mural	0
GTEX-13JVG-0011-R1a-SM-5KM32	Oligo	0.493298831718511
GTEX-13JVG-0011-R1a-SM-5KM32	Micro	0.00532602804164818
GTEX-13JVG-0011-R1a-SM-5KM32	OPC	6.43760119586149e-05
GTEX-13JVG-0011-R1a-SM-5KM32	Inhib	0.000506357310831446
GTEX-13JVG-0011-R1a-SM-5KM32	Astro	0.500299537753214
GTEX-13JVG-0011-R1a-SM-5KM32	Excit	0.000504869163836921
GTEX-13JVG-0011-R1a-SM-5KM32	Immune	0
GTEX-13JVG-0011-R1a-SM-5KM32	Mural	0
GTEX-13N1W-0011-R1b-SM-5MR4T	Oligo	0.574808198700938
GTEX-13N1W-0011-R1b-SM-5MR4T	Micro	0.00347039100087549
GTEX-13N1W-0011-R1b-SM-5MR4T	OPC	0
GTEX-13N1W-0011-R1b-SM-5MR4T	Inhib	0.00302889640760834
GTEX-13N1W-0011-R1b-SM-5MR4T	Astro	0.385526522206025
GTEX-13N1W-0011-R1b-SM-5MR4T	Excit	0.0293005782095095
GTEX-13N1W-0011-R1b-SM-5MR4T	Immune	0.00211117346610545
GTEX-13N1W-0011-R1b-SM-5MR4T	Mural	0.00175424000893888
GTEX-13N2G-0011-R1b-SM-5MR3G	Oligo	0.376799915605546
GTEX-13N2G-0011-R1b-SM-5MR3G	Micro	0.013095874799008
GTEX-13N2G-0011-R1b-SM-5MR3G	OPC	0
GTEX-13N2G-0011-R1b-SM-5MR3G	Inhib	0.00439312384995342
GTEX-13N2G-0011-R1b-SM-5MR3G	Astro	0.570336785072586
GTEX-13N2G-0011-R1b-SM-5MR3G	Excit	0.0314645419501624
GTEX-13N2G-0011-R1b-SM-5MR3G	Immune	0
GTEX-13N2G-0011-R1b-SM-5MR3G	Mural	0.00390975872274428
GTEX-13NYB-0011-R1b-SM-5KM4F	Oligo	0.445441603109827
GTEX-13NYB-0011-R1b-SM-5KM4F	Micro	0.00673769330370998
GTEX-13NYB-0011-R1b-SM-5KM4F	OPC	0
GTEX-13NYB-0011-R1b-SM-5KM4F	Inhib	0.00839392826233319
GTEX-13NYB-0011-R1b-SM-5KM4F	Astro	0.503012366316017
GTEX-13NYB-0011-R1b-SM-5KM4F	Excit	0.0309260664506837
GTEX-13NYB-0011-R1b-SM-5KM4F	Immune	0.00327222091026103
GTEX-13NYB-0011-R1b-SM-5KM4F	Mural	0.00221612164716852
GTEX-13NYS-0011-R1b-SM-5MR55	Oligo	0.196901189734771
GTEX-13NYS-0011-R1b-SM-5MR55	Micro	0.0399020186197283
GTEX-13NYS-0011-R1b-SM-5MR55	OPC	0
GTEX-13NYS-0011-R1b-SM-5MR55	Inhib	0.00222034249481186
GTEX-13NYS-0011-R1b-SM-5MR55	Astro	0.760976449150689
GTEX-13NYS-0011-R1b-SM-5MR55	Excit	0
GTEX-13NYS-0011-R1b-SM-5MR55	Immune	0
GTEX-13NYS-0011-R1b-SM-5MR55	Mural	0
GTEX-13NZ8-0011-R1b-SM-5KM3V	Oligo	0.7101853625536
GTEX-13NZ8-0011-R1b-SM-5KM3V	Micro	0
GTEX-13NZ8-0011-R1b-SM-5KM3V	OPC	0.00457302154838959
GTEX-13NZ8-0011-R1b-SM-5KM3V	Inhib	0.00715335802392241
GTEX-13NZ8-0011-R1b-SM-5KM3V	Astro	0.252647333996045
GTEX-13NZ8-0011-R1b-SM-5KM3V	Excit	0.0162395738427956
GTEX-13NZ8-0011-R1b-SM-5KM3V	Immune	0.00298220774999226
GTEX-13NZ8-0011-R1b-SM-5KM3V	Mural	0.00621914228525482
GTEX-13NZA-0011-R1b-SM-5LUAF	Oligo	0.718950394275474
GTEX-13NZA-0011-R1b-SM-5LUAF	Micro	0.00532960787140845
GTEX-13NZA-0011-R1b-SM-5LUAF	OPC	0
GTEX-13NZA-0011-R1b-SM-5LUAF	Inhib	0.000593767459966932
GTEX-13NZA-0011-R1b-SM-5LUAF	Astro	0.273305341223779
GTEX-13NZA-0011-R1b-SM-5LUAF	Excit	0.00145127976674895
GTEX-13NZA-0011-R1b-SM-5LUAF	Immune	0.000369609402622382
GTEX-13NZA-0011-R1b-SM-5LUAF	Mural	0
GTEX-13O3O-0011-R1b-SM-5KM2K	Oligo	0.297632677979726
GTEX-13O3O-0011-R1b-SM-5KM2K	Micro	0.0127756810432315
GTEX-13O3O-0011-R1b-SM-5KM2K	OPC	0.00159862551184553
GTEX-13O3O-0011-R1b-SM-5KM2K	Inhib	0.00517259737558999
GTEX-13O3O-0011-R1b-SM-5KM2K	Astro	0.331659132904802
GTEX-13O3O-0011-R1b-SM-5KM2K	Excit	0.350728859529482
GTEX-13O3O-0011-R1b-SM-5KM2K	Immune	0
GTEX-13O3O-0011-R1b-SM-5KM2K	Mural	0.000432425655322281
GTEX-13O3Q-0011-R1b-SM-5KM3L	Oligo	0.225730525009322
GTEX-13O3Q-0011-R1b-SM-5KM3L	Micro	0.0331881721019741
GTEX-13O3Q-0011-R1b-SM-5KM3L	OPC	0
GTEX-13O3Q-0011-R1b-SM-5KM3L	Inhib	0.0141728672098611
GTEX-13O3Q-0011-R1b-SM-5KM3L	Astro	0.673788903572009
GTEX-13O3Q-0011-R1b-SM-5KM3L	Excit	0.0529211180873896
GTEX-13O3Q-0011-R1b-SM-5KM3L	Immune	0.000198414019444907
GTEX-13O3Q-0011-R1b-SM-5KM3L	Mural	0
GTEX-13OVJ-0011-R1b-SM-5L3I6	Oligo	0.150588326405474
GTEX-13OVJ-0011-R1b-SM-5L3I6	Micro	0.018955584222732
GTEX-13OVJ-0011-R1b-SM-5L3I6	OPC	0
GTEX-13OVJ-0011-R1b-SM-5L3I6	Inhib	0.000883116241582738
GTEX-13OVJ-0011-R1b-SM-5L3I6	Astro	0.825388620419154
GTEX-13OVJ-0011-R1b-SM-5L3I6	Excit	0.00418435271105715
GTEX-13OVJ-0011-R1b-SM-5L3I6	Immune	0
GTEX-13OVJ-0011-R1b-SM-5L3I6	Mural	0
GTEX-13OVL-0011-R1a-SM-5L3H5	Oligo	0.655809329251419
GTEX-13OVL-0011-R1a-SM-5L3H5	Micro	0.0018105256178031
GTEX-13OVL-0011-R1a-SM-5L3H5	OPC	0
GTEX-13OVL-0011-R1a-SM-5L3H5	Inhib	0.000890949583772068
GTEX-13OVL-0011-R1a-SM-5L3H5	Astro	0.339494772130693
GTEX-13OVL-0011-R1a-SM-5L3H5	Excit	0.00199442341631245
GTEX-13OVL-0011-R1a-SM-5L3H5	Immune	0
GTEX-13OVL-0011-R1a-SM-5L3H5	Mural	0
GTEX-13OW5-0011-R1b-SM-5L3GE	Oligo	0.429196738329014
GTEX-13OW5-0011-R1b-SM-5L3GE	Micro	0.0143408668910143
GTEX-13OW5-0011-R1b-SM-5L3GE	OPC	0
GTEX-13OW5-0011-R1b-SM-5L3GE	Inhib	0
GTEX-13OW5-0011-R1b-SM-5L3GE	Astro	0.556462394779971
GTEX-13OW5-0011-R1b-SM-5L3GE	Excit	0
GTEX-13OW5-0011-R1b-SM-5L3GE	Immune	0
GTEX-13OW5-0011-R1b-SM-5L3GE	Mural	0
GTEX-13OW6-0011-R1a-SM-5L3HQ	Oligo	0.576752992111609
GTEX-13OW6-0011-R1a-SM-5L3HQ	Micro	0.00476858471642399
GTEX-13OW6-0011-R1a-SM-5L3HQ	OPC	0.000330906711218924
GTEX-13OW6-0011-R1a-SM-5L3HQ	Inhib	0.0144733544061382
GTEX-13OW6-0011-R1a-SM-5L3HQ	Astro	0.382727295705002
GTEX-13OW6-0011-R1a-SM-5L3HQ	Excit	0.0208007115274219
GTEX-13OW6-0011-R1a-SM-5L3HQ	Immune	0.000146154822186044
GTEX-13OW6-0011-R1a-SM-5L3HQ	Mural	0
GTEX-13OW7-0011-R1b-SM-5L3HF	Oligo	0.523285441516064
GTEX-13OW7-0011-R1b-SM-5L3HF	Micro	0.00604216480123505
GTEX-13OW7-0011-R1b-SM-5L3HF	OPC	0
GTEX-13OW7-0011-R1b-SM-5L3HF	Inhib	0.00494861680113305
GTEX-13OW7-0011-R1b-SM-5L3HF	Astro	0.408715103545657
GTEX-13OW7-0011-R1b-SM-5L3HF	Excit	0.0570086733359112
GTEX-13OW7-0011-R1b-SM-5L3HF	Immune	0
GTEX-13OW7-0011-R1b-SM-5L3HF	Mural	0
GTEX-13OW8-0011-R1a-SM-5L3HI	Oligo	0.150280805327808
GTEX-13OW8-0011-R1a-SM-5L3HI	Micro	0.00719413650296845
GTEX-13OW8-0011-R1a-SM-5L3HI	OPC	0.00233973115843336
GTEX-13OW8-0011-R1a-SM-5L3HI	Inhib	0.00138034694669139
GTEX-13OW8-0011-R1a-SM-5L3HI	Astro	0.837665928349436
GTEX-13OW8-0011-R1a-SM-5L3HI	Excit	0.00113905171466336
GTEX-13OW8-0011-R1a-SM-5L3HI	Immune	0
GTEX-13OW8-0011-R1a-SM-5L3HI	Mural	0
GTEX-13PDP-0011-R1a-SM-5PNX5	Oligo	0.304603016812182
GTEX-13PDP-0011-R1a-SM-5PNX5	Micro	0
GTEX-13PDP-0011-R1a-SM-5PNX5	OPC	0.00526968925999674
GTEX-13PDP-0011-R1a-SM-5PNX5	Inhib	0.00127587148591489
GTEX-13PDP-0011-R1a-SM-5PNX5	Astro	0.532172828749326
GTEX-13PDP-0011-R1a-SM-5PNX5	Excit	0.156678593692581
GTEX-13PDP-0011-R1a-SM-5PNX5	Immune	0
GTEX-13PDP-0011-R1a-SM-5PNX5	Mural	0
GTEX-13PLJ-0011-R1a-SM-GJ3QF	Oligo	0.73992714076648
GTEX-13PLJ-0011-R1a-SM-GJ3QF	Micro	0.00554838027551443
GTEX-13PLJ-0011-R1a-SM-GJ3QF	OPC	0.00124356930304893
GTEX-13PLJ-0011-R1a-SM-GJ3QF	Inhib	0.000269571522556323
GTEX-13PLJ-0011-R1a-SM-GJ3QF	Astro	0.249391855233964
GTEX-13PLJ-0011-R1a-SM-GJ3QF	Excit	0.00278190063183001
GTEX-13PLJ-0011-R1a-SM-GJ3QF	Immune	0
GTEX-13PLJ-0011-R1a-SM-GJ3QF	Mural	0.000837582266606762
GTEX-13PVQ-0011-R1b-SM-GJ3RQ	Oligo	0.758801697415017
GTEX-13PVQ-0011-R1b-SM-GJ3RQ	Micro	0
GTEX-13PVQ-0011-R1b-SM-GJ3RQ	OPC	0.00468561388731001
GTEX-13PVQ-0011-R1b-SM-GJ3RQ	Inhib	0.00051820410861933
GTEX-13PVQ-0011-R1b-SM-GJ3RQ	Astro	0.209289618878989
GTEX-13PVQ-0011-R1b-SM-GJ3RQ	Excit	0.0203488137439584
GTEX-13PVQ-0011-R1b-SM-GJ3RQ	Immune	0
GTEX-13PVQ-0011-R1b-SM-GJ3RQ	Mural	0.0063560519661065
GTEX-13QIC-0011-R1a-SM-5O9CJ	Oligo	0.764383746402172
GTEX-13QIC-0011-R1a-SM-5O9CJ	Micro	0.00803790148129978
GTEX-13QIC-0011-R1a-SM-5O9CJ	OPC	0
GTEX-13QIC-0011-R1a-SM-5O9CJ	Inhib	0
GTEX-13QIC-0011-R1a-SM-5O9CJ	Astro	0.227578352116528
GTEX-13QIC-0011-R1a-SM-5O9CJ	Excit	0
GTEX-13QIC-0011-R1a-SM-5O9CJ	Immune	0
GTEX-13QIC-0011-R1a-SM-5O9CJ	Mural	0
GTEX-13QJC-0011-R1b-SM-5S2UU	Oligo	0.625470247484423
GTEX-13QJC-0011-R1b-SM-5S2UU	Micro	0.00480427754386883
GTEX-13QJC-0011-R1b-SM-5S2UU	OPC	0
GTEX-13QJC-0011-R1b-SM-5S2UU	Inhib	0.000830344009406203
GTEX-13QJC-0011-R1b-SM-5S2UU	Astro	0.366198018029199
GTEX-13QJC-0011-R1b-SM-5S2UU	Excit	0.00230373048504201
GTEX-13QJC-0011-R1b-SM-5S2UU	Immune	0
GTEX-13QJC-0011-R1b-SM-5S2UU	Mural	0.000393382448060963
GTEX-13RTJ-0011-R1a-SM-5O9D9	Oligo	0.44052305999025
GTEX-13RTJ-0011-R1a-SM-5O9D9	Micro	0.017506726545559
GTEX-13RTJ-0011-R1a-SM-5O9D9	OPC	0
GTEX-13RTJ-0011-R1a-SM-5O9D9	Inhib	0
GTEX-13RTJ-0011-R1a-SM-5O9D9	Astro	0.541606485286045
GTEX-13RTJ-0011-R1a-SM-5O9D9	Excit	0.000363728178146683
GTEX-13RTJ-0011-R1a-SM-5O9D9	Immune	0
GTEX-13RTJ-0011-R1a-SM-5O9D9	Mural	0
GTEX-13RTL-0011-R1a-SM-5PNZ8	Oligo	0.667371335989759
GTEX-13RTL-0011-R1a-SM-5PNZ8	Micro	0.00566823834256123
GTEX-13RTL-0011-R1a-SM-5PNZ8	OPC	0.00211574100982339
GTEX-13RTL-0011-R1a-SM-5PNZ8	Inhib	0.000328559516154159
GTEX-13RTL-0011-R1a-SM-5PNZ8	Astro	0.320251447922883
GTEX-13RTL-0011-R1a-SM-5PNZ8	Excit	0.00407325977192408
GTEX-13RTL-0011-R1a-SM-5PNZ8	Immune	0.000191417446894957
GTEX-13RTL-0011-R1a-SM-5PNZ8	Mural	0
GTEX-13S7M-0011-R1b-SM-5PNZE	Oligo	0.587945495056401
GTEX-13S7M-0011-R1b-SM-5PNZE	Micro	0.00441266629966658
GTEX-13S7M-0011-R1b-SM-5PNZE	OPC	0
GTEX-13S7M-0011-R1b-SM-5PNZE	Inhib	0.00374599882616755
GTEX-13S7M-0011-R1b-SM-5PNZE	Astro	0.379769152710927
GTEX-13S7M-0011-R1b-SM-5PNZE	Excit	0.0241266871068377
GTEX-13S7M-0011-R1b-SM-5PNZE	Immune	0
GTEX-13S7M-0011-R1b-SM-5PNZE	Mural	0
GTEX-13SLW-0011-R1a-SM-5S2W7	Oligo	0.184978367649547
GTEX-13SLW-0011-R1a-SM-5S2W7	Micro	0.00639435500316159
GTEX-13SLW-0011-R1a-SM-5S2W7	OPC	0
GTEX-13SLW-0011-R1a-SM-5S2W7	Inhib	0.000592169312303276
GTEX-13SLW-0011-R1a-SM-5S2W7	Astro	0.790035994673108
GTEX-13SLW-0011-R1a-SM-5S2W7	Excit	0.0179283411403381
GTEX-13SLW-0011-R1a-SM-5S2W7	Immune	7.07722215425626e-05
GTEX-13SLW-0011-R1a-SM-5S2W7	Mural	0
GTEX-13SLX-0011-R1a-SM-H6Q8N	Oligo	0.599110917616026
GTEX-13SLX-0011-R1a-SM-H6Q8N	Micro	0
GTEX-13SLX-0011-R1a-SM-H6Q8N	OPC	0.00527671696299139
GTEX-13SLX-0011-R1a-SM-H6Q8N	Inhib	0.0083161423169006
GTEX-13SLX-0011-R1a-SM-H6Q8N	Astro	0.327560947851666
GTEX-13SLX-0011-R1a-SM-H6Q8N	Excit	0.0597352752524165
GTEX-13SLX-0011-R1a-SM-H6Q8N	Immune	0
GTEX-13SLX-0011-R1a-SM-H6Q8N	Mural	0
GTEX-13VXU-0011-R1a-SM-GINAT	Oligo	0.262386787893102
GTEX-13VXU-0011-R1a-SM-GINAT	Micro	0.0326833010361567
GTEX-13VXU-0011-R1a-SM-GINAT	OPC	0
GTEX-13VXU-0011-R1a-SM-GINAT	Inhib	0.0127740479041346
GTEX-13VXU-0011-R1a-SM-GINAT	Astro	0.650415153933315
GTEX-13VXU-0011-R1a-SM-GINAT	Excit	0.0389377785495018
GTEX-13VXU-0011-R1a-SM-GINAT	Immune	0
GTEX-13VXU-0011-R1a-SM-GINAT	Mural	0.00280293068379004
GTEX-13X6I-0011-R1b-SM-5PNZC	Oligo	0.418949168807682
GTEX-13X6I-0011-R1b-SM-5PNZC	Micro	0.0268761913111811
GTEX-13X6I-0011-R1b-SM-5PNZC	OPC	0
GTEX-13X6I-0011-R1b-SM-5PNZC	Inhib	0.00254926719732823
GTEX-13X6I-0011-R1b-SM-5PNZC	Astro	0.413359704109992
GTEX-13X6I-0011-R1b-SM-5PNZC	Excit	0.138265668573817
GTEX-13X6I-0011-R1b-SM-5PNZC	Immune	0
GTEX-13X6I-0011-R1b-SM-5PNZC	Mural	0
GTEX-144GL-0011-R1a-SM-5PNZ5	Oligo	0.212872240533186
GTEX-144GL-0011-R1a-SM-5PNZ5	Micro	0.00211419771977
GTEX-144GL-0011-R1a-SM-5PNZ5	OPC	0.00760826285002331
GTEX-144GL-0011-R1a-SM-5PNZ5	Inhib	0.00317937632544003
GTEX-144GL-0011-R1a-SM-5PNZ5	Astro	0.715667297751156
GTEX-144GL-0011-R1a-SM-5PNZ5	Excit	0.0585586248204256
GTEX-144GL-0011-R1a-SM-5PNZ5	Immune	0
GTEX-144GL-0011-R1a-SM-5PNZ5	Mural	0
GTEX-144GO-0011-R1a-SM-5PNWO	Oligo	0.544747329142719
GTEX-144GO-0011-R1a-SM-5PNWO	Micro	0.0423390531122781
GTEX-144GO-0011-R1a-SM-5PNWO	OPC	0.0128167436497414
GTEX-144GO-0011-R1a-SM-5PNWO	Inhib	0.00159089917653532
GTEX-144GO-0011-R1a-SM-5PNWO	Astro	0.375836248734723
GTEX-144GO-0011-R1a-SM-5PNWO	Excit	0.017814304748656
GTEX-144GO-0011-R1a-SM-5PNWO	Immune	0.000765884580762515
GTEX-144GO-0011-R1a-SM-5PNWO	Mural	0.00408953685458522
GTEX-145LS-0011-R1b-SM-5PNUP	Oligo	0.633673238836686
GTEX-145LS-0011-R1b-SM-5PNUP	Micro	0.0333631540886911
GTEX-145LS-0011-R1b-SM-5PNUP	OPC	0.00784966261816325
GTEX-145LS-0011-R1b-SM-5PNUP	Inhib	0.00819662050175391
GTEX-145LS-0011-R1b-SM-5PNUP	Astro	0.303003308417761
GTEX-145LS-0011-R1b-SM-5PNUP	Excit	0.0113292331690193
GTEX-145LS-0011-R1b-SM-5PNUP	Immune	0.000870751069260121
GTEX-145LS-0011-R1b-SM-5PNUP	Mural	0.00171403129866574
GTEX-145LU-0011-R1a-SM-5Q5CE	Oligo	0.595168244893523
GTEX-145LU-0011-R1a-SM-5Q5CE	Micro	0.000158257736131958
GTEX-145LU-0011-R1a-SM-5Q5CE	OPC	0.00408459820003095
GTEX-145LU-0011-R1a-SM-5Q5CE	Inhib	0.000806081125282415
GTEX-145LU-0011-R1a-SM-5Q5CE	Astro	0.365426608320221
GTEX-145LU-0011-R1a-SM-5Q5CE	Excit	0.0342716717970418
GTEX-145LU-0011-R1a-SM-5Q5CE	Immune	0
GTEX-145LU-0011-R1a-SM-5Q5CE	Mural	8.45379277691673e-05
GTEX-145MH-0011-R1b-SM-5PNWY	Oligo	0.154225148545514
GTEX-145MH-0011-R1b-SM-5PNWY	Micro	0.0583127406951899
GTEX-145MH-0011-R1b-SM-5PNWY	OPC	0.00244196747785529
GTEX-145MH-0011-R1b-SM-5PNWY	Inhib	0.0863032126533081
GTEX-145MH-0011-R1b-SM-5PNWY	Astro	0.501765682370386
GTEX-145MH-0011-R1b-SM-5PNWY	Excit	0.196074674036078
GTEX-145MH-0011-R1b-SM-5PNWY	Immune	0.000876574221669317
GTEX-145MH-0011-R1b-SM-5PNWY	Mural	0
GTEX-14ABY-0011-R1a-SM-6EU2W	Oligo	0.344810639144706
GTEX-14ABY-0011-R1a-SM-6EU2W	Micro	0.0203014847638266
GTEX-14ABY-0011-R1a-SM-6EU2W	OPC	0
GTEX-14ABY-0011-R1a-SM-6EU2W	Inhib	0.0143190645802259
GTEX-14ABY-0011-R1a-SM-6EU2W	Astro	0.553690205244141
GTEX-14ABY-0011-R1a-SM-6EU2W	Excit	0.0668531842110911
GTEX-14ABY-0011-R1a-SM-6EU2W	Immune	2.54220560095449e-05
GTEX-14ABY-0011-R1a-SM-6EU2W	Mural	0
GTEX-14ASI-0011-R1b-SM-5S2TY	Oligo	0.399732514707575
GTEX-14ASI-0011-R1b-SM-5S2TY	Micro	4.41629818101826e-05
GTEX-14ASI-0011-R1b-SM-5S2TY	OPC	0.00202084422269335
GTEX-14ASI-0011-R1b-SM-5S2TY	Inhib	0.00761635902171458
GTEX-14ASI-0011-R1b-SM-5S2TY	Astro	0.461733719317877
GTEX-14ASI-0011-R1b-SM-5S2TY	Excit	0.128579203081422
GTEX-14ASI-0011-R1b-SM-5S2TY	Immune	0
GTEX-14ASI-0011-R1b-SM-5S2TY	Mural	0.000273196666907666
GTEX-14BIM-0011-R1a-SM-69LQI	Oligo	0.131060472655103
GTEX-14BIM-0011-R1a-SM-69LQI	Micro	0.0160192764850498
GTEX-14BIM-0011-R1a-SM-69LQI	OPC	0.0018847456299046
GTEX-14BIM-0011-R1a-SM-69LQI	Inhib	0.00363831040595856
GTEX-14BIM-0011-R1a-SM-69LQI	Astro	0.762777478701899
GTEX-14BIM-0011-R1a-SM-69LQI	Excit	0.0846197161220849
GTEX-14BIM-0011-R1a-SM-69LQI	Immune	0
GTEX-14BIM-0011-R1a-SM-69LQI	Mural	0
GTEX-14BMV-0011-R1b-SM-G9ERL	Oligo	0.541705762738524
GTEX-14BMV-0011-R1b-SM-G9ERL	Micro	0.0142842074372829
GTEX-14BMV-0011-R1b-SM-G9ERL	OPC	0
GTEX-14BMV-0011-R1b-SM-G9ERL	Inhib	0.00513224939158802
GTEX-14BMV-0011-R1b-SM-G9ERL	Astro	0.424658315687217
GTEX-14BMV-0011-R1b-SM-G9ERL	Excit	0.0129583383772104
GTEX-14BMV-0011-R1b-SM-G9ERL	Immune	0.00126112636817686
GTEX-14BMV-0011-R1b-SM-G9ERL	Mural	0
GTEX-14C5O-0011-R1b-SM-6AJBW	Oligo	0.106679573272745
GTEX-14C5O-0011-R1b-SM-6AJBW	Micro	0.0154587760488956
GTEX-14C5O-0011-R1b-SM-6AJBW	OPC	0
GTEX-14C5O-0011-R1b-SM-6AJBW	Inhib	0.00293832857674598
GTEX-14C5O-0011-R1b-SM-6AJBW	Astro	0.787482132638092
GTEX-14C5O-0011-R1b-SM-6AJBW	Excit	0.0874411894635214
GTEX-14C5O-0011-R1b-SM-6AJBW	Immune	0
GTEX-14C5O-0011-R1b-SM-6AJBW	Mural	0
GTEX-14DAQ-0011-R1a-SM-G8W85	Oligo	0.656566997896457
GTEX-14DAQ-0011-R1a-SM-G8W85	Micro	0.0181300935749616
GTEX-14DAQ-0011-R1a-SM-G8W85	OPC	0.00519612889326355
GTEX-14DAQ-0011-R1a-SM-G8W85	Inhib	0.0011645415851657
GTEX-14DAQ-0011-R1a-SM-G8W85	Astro	0.300390759352898
GTEX-14DAQ-0011-R1a-SM-G8W85	Excit	0.0185514786972544
GTEX-14DAQ-0011-R1a-SM-G8W85	Immune	0
GTEX-14DAQ-0011-R1a-SM-G8W85	Mural	0
GTEX-14E6C-0011-R1a-SM-G8W86	Oligo	0.76327011536257
GTEX-14E6C-0011-R1a-SM-G8W86	Micro	0
GTEX-14E6C-0011-R1a-SM-G8W86	OPC	0
GTEX-14E6C-0011-R1a-SM-G8W86	Inhib	0
GTEX-14E6C-0011-R1a-SM-G8W86	Astro	0.229085961428481
GTEX-14E6C-0011-R1a-SM-G8W86	Excit	0.00421124143580335
GTEX-14E6C-0011-R1a-SM-G8W86	Immune	0
GTEX-14E6C-0011-R1a-SM-G8W86	Mural	0.00343268177314576
GTEX-14E6D-0011-R1b-SM-5YYAW	Oligo	0.425761877518104
GTEX-14E6D-0011-R1b-SM-5YYAW	Micro	0.0111269784847305
GTEX-14E6D-0011-R1b-SM-5YYAW	OPC	0.000973882026766918
GTEX-14E6D-0011-R1b-SM-5YYAW	Inhib	0.00603125762349864
GTEX-14E6D-0011-R1b-SM-5YYAW	Astro	0.428632509870894
GTEX-14E6D-0011-R1b-SM-5YYAW	Excit	0.127231037520247
GTEX-14E6D-0011-R1b-SM-5YYAW	Immune	0
GTEX-14E6D-0011-R1b-SM-5YYAW	Mural	0.000242456955759378
GTEX-14E7W-0011-R1b-SM-5YYAT	Oligo	0.487281045479495
GTEX-14E7W-0011-R1b-SM-5YYAT	Micro	0.0390786422211886
GTEX-14E7W-0011-R1b-SM-5YYAT	OPC	0.000604440324080581
GTEX-14E7W-0011-R1b-SM-5YYAT	Inhib	0.00722226665873893
GTEX-14E7W-0011-R1b-SM-5YYAT	Astro	0.456842202999168
GTEX-14E7W-0011-R1b-SM-5YYAT	Excit	0.00598004594427112
GTEX-14E7W-0011-R1b-SM-5YYAT	Immune	0
GTEX-14E7W-0011-R1b-SM-5YYAT	Mural	0.00299135637305793
GTEX-14JFF-0011-R1b-SM-G8W88	Oligo	0.691880088638186
GTEX-14JFF-0011-R1b-SM-G8W88	Micro	0.00750457130429836
GTEX-14JFF-0011-R1b-SM-G8W88	OPC	0.000140780075311559
GTEX-14JFF-0011-R1b-SM-G8W88	Inhib	0.00551296428183893
GTEX-14JFF-0011-R1b-SM-G8W88	Astro	0.276298998352842
GTEX-14JFF-0011-R1b-SM-G8W88	Excit	0.0164783041278784
GTEX-14JFF-0011-R1b-SM-G8W88	Immune	0.0011389379073555
GTEX-14JFF-0011-R1b-SM-G8W88	Mural	0.00104535531228912
GTEX-14JIY-0011-R1a-SM-68713	Oligo	0.272894315948144
GTEX-14JIY-0011-R1a-SM-68713	Micro	0.0147957084333247
GTEX-14JIY-0011-R1a-SM-68713	OPC	0.000654271847278396
GTEX-14JIY-0011-R1a-SM-68713	Inhib	0.022405473967344
GTEX-14JIY-0011-R1a-SM-68713	Astro	0.581020793554503
GTEX-14JIY-0011-R1a-SM-68713	Excit	0.108229436249406
GTEX-14JIY-0011-R1a-SM-68713	Immune	0
GTEX-14JIY-0011-R1a-SM-68713	Mural	0
GTEX-14LLW-0011-R1a-SM-5ZZVD	Oligo	0.0482483516722877
GTEX-14LLW-0011-R1a-SM-5ZZVD	Micro	0.00128508321609359
GTEX-14LLW-0011-R1a-SM-5ZZVD	OPC	0
GTEX-14LLW-0011-R1a-SM-5ZZVD	Inhib	0
GTEX-14LLW-0011-R1a-SM-5ZZVD	Astro	0.907911447195607
GTEX-14LLW-0011-R1a-SM-5ZZVD	Excit	0.0425551179160117
GTEX-14LLW-0011-R1a-SM-5ZZVD	Immune	0
GTEX-14LLW-0011-R1a-SM-5ZZVD	Mural	0
GTEX-14LZ3-0011-R1a-SM-69LP5	Oligo	0.815516053422136
GTEX-14LZ3-0011-R1a-SM-69LP5	Micro	0.0264938256128846
GTEX-14LZ3-0011-R1a-SM-69LP5	OPC	0.00379983410740678
GTEX-14LZ3-0011-R1a-SM-69LP5	Inhib	0.00186417152485733
GTEX-14LZ3-0011-R1a-SM-69LP5	Astro	0.126145129472725
GTEX-14LZ3-0011-R1a-SM-69LP5	Excit	0.0155932778025166
GTEX-14LZ3-0011-R1a-SM-69LP5	Immune	0.00108834966976335
GTEX-14LZ3-0011-R1a-SM-69LP5	Mural	0.00949935838771053
GTEX-14PJM-0011-R1a-SM-CNPO3	Oligo	0.529769931765878
GTEX-14PJM-0011-R1a-SM-CNPO3	Micro	0.0108983566774543
GTEX-14PJM-0011-R1a-SM-CNPO3	OPC	0.00119096943620224
GTEX-14PJM-0011-R1a-SM-CNPO3	Inhib	0.00538550448659193
GTEX-14PJM-0011-R1a-SM-CNPO3	Astro	0.425693016024381
GTEX-14PJM-0011-R1a-SM-CNPO3	Excit	0.0270529232891531
GTEX-14PJM-0011-R1a-SM-CNPO3	Immune	0
GTEX-14PJM-0011-R1a-SM-CNPO3	Mural	9.2983203396324e-06
GTEX-14PJO-0011-R1b-SM-6AJAK	Oligo	0.323124668566409
GTEX-14PJO-0011-R1b-SM-6AJAK	Micro	0.00589764288506735
GTEX-14PJO-0011-R1b-SM-6AJAK	OPC	0.000903666169293654
GTEX-14PJO-0011-R1b-SM-6AJAK	Inhib	0.0028077890700222
GTEX-14PJO-0011-R1b-SM-6AJAK	Astro	0.664603388312018
GTEX-14PJO-0011-R1b-SM-6AJAK	Excit	0.00266284499718984
GTEX-14PJO-0011-R1b-SM-6AJAK	Immune	0
GTEX-14PJO-0011-R1b-SM-6AJAK	Mural	0
GTEX-14PN4-0011-R1b-SM-69LP8	Oligo	0.252274278092044
GTEX-14PN4-0011-R1b-SM-69LP8	Micro	0.14869740046106
GTEX-14PN4-0011-R1b-SM-69LP8	OPC	0
GTEX-14PN4-0011-R1b-SM-69LP8	Inhib	0.00791593834648543
GTEX-14PN4-0011-R1b-SM-69LP8	Astro	0.556774949123348
GTEX-14PN4-0011-R1b-SM-69LP8	Excit	0.0343374339770629
GTEX-14PN4-0011-R1b-SM-69LP8	Immune	0
GTEX-14PN4-0011-R1b-SM-69LP8	Mural	0
GTEX-14PQA-0011-R1b-SM-6EU1G	Oligo	0.262963256184209
GTEX-14PQA-0011-R1b-SM-6EU1G	Micro	0.00369528215119166
GTEX-14PQA-0011-R1b-SM-6EU1G	OPC	0.000237384042695077
GTEX-14PQA-0011-R1b-SM-6EU1G	Inhib	0.00275390338047752
GTEX-14PQA-0011-R1b-SM-6EU1G	Astro	0.72947332791397
GTEX-14PQA-0011-R1b-SM-6EU1G	Excit	0.000876846327456471
GTEX-14PQA-0011-R1b-SM-6EU1G	Immune	0
GTEX-14PQA-0011-R1b-SM-6EU1G	Mural	0
GTEX-15CHQ-0011-R1a-SM-COH27	Oligo	0.288312685665051
GTEX-15CHQ-0011-R1a-SM-COH27	Micro	0.029486902271897
GTEX-15CHQ-0011-R1a-SM-COH27	OPC	0
GTEX-15CHQ-0011-R1a-SM-COH27	Inhib	0.0104055252100087
GTEX-15CHQ-0011-R1a-SM-COH27	Astro	0.633726752519881
GTEX-15CHQ-0011-R1a-SM-COH27	Excit	0.0312116889701469
GTEX-15CHQ-0011-R1a-SM-COH27	Immune	0
GTEX-15CHQ-0011-R1a-SM-COH27	Mural	0.00685644536301592
GTEX-15DCD-0011-R1b-SM-6LPIJ	Oligo	0.460528361868529
GTEX-15DCD-0011-R1b-SM-6LPIJ	Micro	0.0691091826419878
GTEX-15DCD-0011-R1b-SM-6LPIJ	OPC	0.00944843943200139
GTEX-15DCD-0011-R1b-SM-6LPIJ	Inhib	0.00376583751175843
GTEX-15DCD-0011-R1b-SM-6LPIJ	Astro	0.366682812039801
GTEX-15DCD-0011-R1b-SM-6LPIJ	Excit	0.0836805689725973
GTEX-15DCD-0011-R1b-SM-6LPIJ	Immune	0
GTEX-15DCD-0011-R1b-SM-6LPIJ	Mural	0.00678479753332513
GTEX-15DYW-0011-R1a-SM-H6Q6Q	Oligo	0.216381782905137
GTEX-15DYW-0011-R1a-SM-H6Q6Q	Micro	0.0122998154878608
GTEX-15DYW-0011-R1a-SM-H6Q6Q	OPC	0.00309691809293937
GTEX-15DYW-0011-R1a-SM-H6Q6Q	Inhib	0.00931545233599861
GTEX-15DYW-0011-R1a-SM-H6Q6Q	Astro	0.692663342215454
GTEX-15DYW-0011-R1a-SM-H6Q6Q	Excit	0.0546021017083714
GTEX-15DYW-0011-R1a-SM-H6Q6Q	Immune	1.54197617369605e-05
GTEX-15DYW-0011-R1a-SM-H6Q6Q	Mural	0.011625167492502
GTEX-15EO6-0011-R1b-SM-H7OGP	Oligo	0.102832141719076
GTEX-15EO6-0011-R1b-SM-H7OGP	Micro	0.0498556599717716
GTEX-15EO6-0011-R1b-SM-H7OGP	OPC	0.00593516740656611
GTEX-15EO6-0011-R1b-SM-H7OGP	Inhib	0.0434281011391452
GTEX-15EO6-0011-R1b-SM-H7OGP	Astro	0.788939299164699
GTEX-15EO6-0011-R1b-SM-H7OGP	Excit	0.00900963059874242
GTEX-15EO6-0011-R1b-SM-H7OGP	Immune	0
GTEX-15EO6-0011-R1b-SM-H7OGP	Mural	0
GTEX-15ER7-0011-R1b-SM-7KUE1	Oligo	0.560322267094922
GTEX-15ER7-0011-R1b-SM-7KUE1	Micro	0
GTEX-15ER7-0011-R1b-SM-7KUE1	OPC	0
GTEX-15ER7-0011-R1b-SM-7KUE1	Inhib	0.00150442530979113
GTEX-15ER7-0011-R1b-SM-7KUE1	Astro	0.393212035064396
GTEX-15ER7-0011-R1b-SM-7KUE1	Excit	0.0449612725308914
GTEX-15ER7-0011-R1b-SM-7KUE1	Immune	0
GTEX-15ER7-0011-R1b-SM-7KUE1	Mural	0
GTEX-15RJE-0011-R1b-SM-H6Q7N	Oligo	0.198050375389247
GTEX-15RJE-0011-R1b-SM-H6Q7N	Micro	0.101851835084519
GTEX-15RJE-0011-R1b-SM-H6Q7N	OPC	0
GTEX-15RJE-0011-R1b-SM-H6Q7N	Inhib	0.000636133256222504
GTEX-15RJE-0011-R1b-SM-H6Q7N	Astro	0.601863937260321
GTEX-15RJE-0011-R1b-SM-H6Q7N	Excit	0.0975977190096912
GTEX-15RJE-0011-R1b-SM-H6Q7N	Immune	0
GTEX-15RJE-0011-R1b-SM-H6Q7N	Mural	0
GTEX-15SHU-0011-R1b-SM-H6Q7U	Oligo	0.355026753857042
GTEX-15SHU-0011-R1b-SM-H6Q7U	Micro	0.00556895390548647
GTEX-15SHU-0011-R1b-SM-H6Q7U	OPC	0
GTEX-15SHU-0011-R1b-SM-H6Q7U	Inhib	0.00786573968781514
GTEX-15SHU-0011-R1b-SM-H6Q7U	Astro	0.526725852616325
GTEX-15SHU-0011-R1b-SM-H6Q7U	Excit	0.104812699933332
GTEX-15SHU-0011-R1b-SM-H6Q7U	Immune	0
GTEX-15SHU-0011-R1b-SM-H6Q7U	Mural	0
GTEX-15UF6-0011-R1a-SM-9QEGH	Oligo	0.705919515028448
GTEX-15UF6-0011-R1a-SM-9QEGH	Micro	0.00293863811140816
GTEX-15UF6-0011-R1a-SM-9QEGH	OPC	0.00352979940128733
GTEX-15UF6-0011-R1a-SM-9QEGH	Inhib	0
GTEX-15UF6-0011-R1a-SM-9QEGH	Astro	0.286879445084228
GTEX-15UF6-0011-R1a-SM-9QEGH	Excit	0.000607410919522887
GTEX-15UF6-0011-R1a-SM-9QEGH	Immune	0.000125191455106416
GTEX-15UF6-0011-R1a-SM-9QEGH	Mural	0
GTEX-16GPK-0011-R1b-SM-7EWDH	Oligo	0.761469101902119
GTEX-16GPK-0011-R1b-SM-7EWDH	Micro	0.00837278138284413
GTEX-16GPK-0011-R1b-SM-7EWDH	OPC	0.0107535696628569
GTEX-16GPK-0011-R1b-SM-7EWDH	Inhib	0.00259790748444469
GTEX-16GPK-0011-R1b-SM-7EWDH	Astro	0.213217905791103
GTEX-16GPK-0011-R1b-SM-7EWDH	Excit	0
GTEX-16GPK-0011-R1b-SM-7EWDH	Immune	0.00237047442582167
GTEX-16GPK-0011-R1b-SM-7EWDH	Mural	0.00121825935081048
GTEX-16XZZ-0011-R1a-SM-7LTAH	Oligo	0.489474616175474
GTEX-16XZZ-0011-R1a-SM-7LTAH	Micro	0.0153612452891213
GTEX-16XZZ-0011-R1a-SM-7LTAH	OPC	0
GTEX-16XZZ-0011-R1a-SM-7LTAH	Inhib	0.00262396273113679
GTEX-16XZZ-0011-R1a-SM-7LTAH	Astro	0.434258860060695
GTEX-16XZZ-0011-R1a-SM-7LTAH	Excit	0.0540757099809558
GTEX-16XZZ-0011-R1a-SM-7LTAH	Immune	0
GTEX-16XZZ-0011-R1a-SM-7LTAH	Mural	0.00420560576261679
GTEX-16YQH-0011-R1a-SM-7LT8R	Oligo	0.321783620932509
GTEX-16YQH-0011-R1a-SM-7LT8R	Micro	0.103430441200754
GTEX-16YQH-0011-R1a-SM-7LT8R	OPC	0.000860587769356438
GTEX-16YQH-0011-R1a-SM-7LT8R	Inhib	0.021489097822933
GTEX-16YQH-0011-R1a-SM-7LT8R	Astro	0.451256125910592
GTEX-16YQH-0011-R1a-SM-7LT8R	Excit	0.100686567493433
GTEX-16YQH-0011-R1a-SM-7LT8R	Immune	0.00044477378316246
GTEX-16YQH-0011-R1a-SM-7LT8R	Mural	4.87850872601211e-05
GTEX-16Z82-0011-R1b-SM-7EPHZ	Oligo	0.45624600892879
GTEX-16Z82-0011-R1b-SM-7EPHZ	Micro	0.0143226482052006
GTEX-16Z82-0011-R1b-SM-7EPHZ	OPC	0.0081885977193918
GTEX-16Z82-0011-R1b-SM-7EPHZ	Inhib	0.00725849031765258
GTEX-16Z82-0011-R1b-SM-7EPHZ	Astro	0.448306976767027
GTEX-16Z82-0011-R1b-SM-7EPHZ	Excit	0.0623796696147781
GTEX-16Z82-0011-R1b-SM-7EPHZ	Immune	0.000470768532557212
GTEX-16Z82-0011-R1b-SM-7EPHZ	Mural	0.00282683991460286
GTEX-17EVP-0011-R1a-SM-7DHLA	Oligo	0.737215713524116
GTEX-17EVP-0011-R1a-SM-7DHLA	Micro	0.00139716843897465
GTEX-17EVP-0011-R1a-SM-7DHLA	OPC	0.000306820349660391
GTEX-17EVP-0011-R1a-SM-7DHLA	Inhib	0.00255879216188946
GTEX-17EVP-0011-R1a-SM-7DHLA	Astro	0.236907398394176
GTEX-17EVP-0011-R1a-SM-7DHLA	Excit	0.0189871645711279
GTEX-17EVP-0011-R1a-SM-7DHLA	Immune	0
GTEX-17EVP-0011-R1a-SM-7DHLA	Mural	0.00262694256005486
GTEX-17EVQ-0011-R1a-SM-7189S	Oligo	0.478359565520693
GTEX-17EVQ-0011-R1a-SM-7189S	Micro	0.0274550802356864
GTEX-17EVQ-0011-R1a-SM-7189S	OPC	0
GTEX-17EVQ-0011-R1a-SM-7189S	Inhib	8.10449876526506e-05
GTEX-17EVQ-0011-R1a-SM-7189S	Astro	0.494018659493544
GTEX-17EVQ-0011-R1a-SM-7189S	Excit	0
GTEX-17EVQ-0011-R1a-SM-7189S	Immune	8.56497624238236e-05
GTEX-17EVQ-0011-R1a-SM-7189S	Mural	0
GTEX-17F97-0011-R1b-SM-7IGM9	Oligo	0.215016939957432
GTEX-17F97-0011-R1b-SM-7IGM9	Micro	0.0218502329182958
GTEX-17F97-0011-R1b-SM-7IGM9	OPC	0.0187112771454999
GTEX-17F97-0011-R1b-SM-7IGM9	Inhib	0.0046889754858277
GTEX-17F97-0011-R1b-SM-7IGM9	Astro	0.695448452947201
GTEX-17F97-0011-R1b-SM-7IGM9	Excit	0.044284121545744
GTEX-17F97-0011-R1b-SM-7IGM9	Immune	0
GTEX-17F97-0011-R1b-SM-7IGM9	Mural	0
GTEX-17HG3-0011-R1a-SM-7LG6H	Oligo	0.417716692496606
GTEX-17HG3-0011-R1a-SM-7LG6H	Micro	0.0106873258169578
GTEX-17HG3-0011-R1a-SM-7LG6H	OPC	0
GTEX-17HG3-0011-R1a-SM-7LG6H	Inhib	0.0112041132452304
GTEX-17HG3-0011-R1a-SM-7LG6H	Astro	0.508138939881488
GTEX-17HG3-0011-R1a-SM-7LG6H	Excit	0.0522529285597171
GTEX-17HG3-0011-R1a-SM-7LG6H	Immune	0
GTEX-17HG3-0011-R1a-SM-7LG6H	Mural	0
GTEX-17HHY-0011-R1a-SM-7189V	Oligo	0.607842956217273
GTEX-17HHY-0011-R1a-SM-7189V	Micro	0.00597830589530299
GTEX-17HHY-0011-R1a-SM-7189V	OPC	0.000399752563414486
GTEX-17HHY-0011-R1a-SM-7189V	Inhib	0.0041567653704805
GTEX-17HHY-0011-R1a-SM-7189V	Astro	0.351770496920375
GTEX-17HHY-0011-R1a-SM-7189V	Excit	0.0298517230331537
GTEX-17HHY-0011-R1a-SM-7189V	Immune	0
GTEX-17HHY-0011-R1a-SM-7189V	Mural	0
GTEX-17HII-0011-R1b-SM-7MGVW	Oligo	0.714849295424586
GTEX-17HII-0011-R1b-SM-7MGVW	Micro	0.0165004205953964
GTEX-17HII-0011-R1b-SM-7MGVW	OPC	0.00851869609787145
GTEX-17HII-0011-R1b-SM-7MGVW	Inhib	0.00322187207517722
GTEX-17HII-0011-R1b-SM-7MGVW	Astro	0.239875871905765
GTEX-17HII-0011-R1b-SM-7MGVW	Excit	0.0144983389625327
GTEX-17HII-0011-R1b-SM-7MGVW	Immune	0.00104720554020227
GTEX-17HII-0011-R1b-SM-7MGVW	Mural	0.00148829939846919
GTEX-17JCI-0011-R1b-SM-718A3	Oligo	0.32300054458049
GTEX-17JCI-0011-R1b-SM-718A3	Micro	0.00494228923966295
GTEX-17JCI-0011-R1b-SM-718A3	OPC	0.00441052342983803
GTEX-17JCI-0011-R1b-SM-718A3	Inhib	0.00118613364420358
GTEX-17JCI-0011-R1b-SM-718A3	Astro	0.655983510650651
GTEX-17JCI-0011-R1b-SM-718A3	Excit	0.0104769984551544
GTEX-17JCI-0011-R1b-SM-718A3	Immune	0
GTEX-17JCI-0011-R1b-SM-718A3	Mural	0
GTEX-17MF6-0011-R1a-SM-72D6O	Oligo	0.779493563269387
GTEX-17MF6-0011-R1a-SM-72D6O	Micro	0.000570769098190813
GTEX-17MF6-0011-R1a-SM-72D6O	OPC	0.00182087139997711
GTEX-17MF6-0011-R1a-SM-72D6O	Inhib	7.98066395878378e-06
GTEX-17MF6-0011-R1a-SM-72D6O	Astro	0.216045408466326
GTEX-17MF6-0011-R1a-SM-72D6O	Excit	0.00206140710215959
GTEX-17MF6-0011-R1a-SM-72D6O	Immune	0
GTEX-17MF6-0011-R1a-SM-72D6O	Mural	0
GTEX-183WM-0011-R1a-SM-718A8	Oligo	0.650230631399762
GTEX-183WM-0011-R1a-SM-718A8	Micro	0.0325707836469137
GTEX-183WM-0011-R1a-SM-718A8	OPC	0.00265550840278064
GTEX-183WM-0011-R1a-SM-718A8	Inhib	0.00185694458630661
GTEX-183WM-0011-R1a-SM-718A8	Astro	0.305639765435617
GTEX-183WM-0011-R1a-SM-718A8	Excit	0.00483241755200867
GTEX-183WM-0011-R1a-SM-718A8	Immune	0
GTEX-183WM-0011-R1a-SM-718A8	Mural	0.00221394897661215
GTEX-18A6Q-0011-R1b-SM-731DI	Oligo	0.799394262768218
GTEX-18A6Q-0011-R1b-SM-731DI	Micro	0.00785843603116798
GTEX-18A6Q-0011-R1b-SM-731DI	OPC	0
GTEX-18A6Q-0011-R1b-SM-731DI	Inhib	1.12220268030595e-05
GTEX-18A6Q-0011-R1b-SM-731DI	Astro	0.19273607917381
GTEX-18A6Q-0011-R1b-SM-731DI	Excit	0
GTEX-18A6Q-0011-R1b-SM-731DI	Immune	0
GTEX-18A6Q-0011-R1b-SM-731DI	Mural	0
GTEX-1A32A-0011-R1a-SM-7P8SQ	Oligo	0.640504230058443
GTEX-1A32A-0011-R1a-SM-7P8SQ	Micro	0.0028441429824187
GTEX-1A32A-0011-R1a-SM-7P8SQ	OPC	0.00360619133820415
GTEX-1A32A-0011-R1a-SM-7P8SQ	Inhib	0.0040550533056383
GTEX-1A32A-0011-R1a-SM-7P8SQ	Astro	0.345875850117637
GTEX-1A32A-0011-R1a-SM-7P8SQ	Excit	0.00311453219765961
GTEX-1A32A-0011-R1a-SM-7P8SQ	Immune	0
GTEX-1A32A-0011-R1a-SM-7P8SQ	Mural	0
GTEX-1A3MX-0011-R1b-SM-7P8PH	Oligo	0.126042036615469
GTEX-1A3MX-0011-R1b-SM-7P8PH	Micro	0.0261558320379127
GTEX-1A3MX-0011-R1b-SM-7P8PH	OPC	0.000302361777005407
GTEX-1A3MX-0011-R1b-SM-7P8PH	Inhib	0.00589297910764648
GTEX-1A3MX-0011-R1b-SM-7P8PH	Astro	0.808152198761867
GTEX-1A3MX-0011-R1b-SM-7P8PH	Excit	0.0334545917001001
GTEX-1A3MX-0011-R1b-SM-7P8PH	Immune	0
GTEX-1A3MX-0011-R1b-SM-7P8PH	Mural	0
GTEX-1A8G6-0011-R1a-SM-7P8PC	Oligo	0.416420880083273
GTEX-1A8G6-0011-R1a-SM-7P8PC	Micro	0.00200617412767373
GTEX-1A8G6-0011-R1a-SM-7P8PC	OPC	0.000328015464575411
GTEX-1A8G6-0011-R1a-SM-7P8PC	Inhib	0.00224905913078517
GTEX-1A8G6-0011-R1a-SM-7P8PC	Astro	0.5364537129018
GTEX-1A8G6-0011-R1a-SM-7P8PC	Excit	0.0390342116801662
GTEX-1A8G6-0011-R1a-SM-7P8PC	Immune	0
GTEX-1A8G6-0011-R1a-SM-7P8PC	Mural	0.00350794661172681
GTEX-1AX9I-0011-R1b-SM-7RHG2	Oligo	0.458372828095246
GTEX-1AX9I-0011-R1b-SM-7RHG2	Micro	0.0131199436545811
GTEX-1AX9I-0011-R1b-SM-7RHG2	OPC	0.000502970317729419
GTEX-1AX9I-0011-R1b-SM-7RHG2	Inhib	0.00395201171150233
GTEX-1AX9I-0011-R1b-SM-7RHG2	Astro	0.428866182162785
GTEX-1AX9I-0011-R1b-SM-7RHG2	Excit	0.095186064058156
GTEX-1AX9I-0011-R1b-SM-7RHG2	Immune	0
GTEX-1AX9I-0011-R1b-SM-7RHG2	Mural	0
GTEX-1B8L1-0011-R1a-SM-7P8SS	Oligo	0.401520995161559
GTEX-1B8L1-0011-R1a-SM-7P8SS	Micro	0.0448326896785576
GTEX-1B8L1-0011-R1a-SM-7P8SS	OPC	0
GTEX-1B8L1-0011-R1a-SM-7P8SS	Inhib	0.010193048361217
GTEX-1B8L1-0011-R1a-SM-7P8SS	Astro	0.51536149409577
GTEX-1B8L1-0011-R1a-SM-7P8SS	Excit	0.0267948968327868
GTEX-1B8L1-0011-R1a-SM-7P8SS	Immune	0
GTEX-1B8L1-0011-R1a-SM-7P8SS	Mural	0.00129687587010996
GTEX-1B8SF-0011-R1b-SM-7P8Q8	Oligo	0.640813107780123
GTEX-1B8SF-0011-R1b-SM-7P8Q8	Micro	0.000179283763062114
GTEX-1B8SF-0011-R1b-SM-7P8Q8	OPC	0.00409924949795212
GTEX-1B8SF-0011-R1b-SM-7P8Q8	Inhib	0.00893164948128679
GTEX-1B8SF-0011-R1b-SM-7P8Q8	Astro	0.234982400718069
GTEX-1B8SF-0011-R1b-SM-7P8Q8	Excit	0.110950144749679
GTEX-1B8SF-0011-R1b-SM-7P8Q8	Immune	4.41640098276888e-05
GTEX-1B8SF-0011-R1b-SM-7P8Q8	Mural	0
GTEX-1B933-0011-R1b-SM-9QEGW	Oligo	0.357447389142871
GTEX-1B933-0011-R1b-SM-9QEGW	Micro	0.018462311746437
GTEX-1B933-0011-R1b-SM-9QEGW	OPC	0
GTEX-1B933-0011-R1b-SM-9QEGW	Inhib	0.00482077754797781
GTEX-1B933-0011-R1b-SM-9QEGW	Astro	0.611196871821621
GTEX-1B933-0011-R1b-SM-9QEGW	Excit	0.00807264974109275
GTEX-1B933-0011-R1b-SM-9QEGW	Immune	0
GTEX-1B933-0011-R1b-SM-9QEGW	Mural	0
GTEX-1B996-0011-R1b-SM-7P8PO	Oligo	0.250511252524493
GTEX-1B996-0011-R1b-SM-7P8PO	Micro	0.023276319537069
GTEX-1B996-0011-R1b-SM-7P8PO	OPC	0.00243965531236667
GTEX-1B996-0011-R1b-SM-7P8PO	Inhib	0.00140549763330518
GTEX-1B996-0011-R1b-SM-7P8PO	Astro	0.71365046928609
GTEX-1B996-0011-R1b-SM-7P8PO	Excit	0.00871680570667697
GTEX-1B996-0011-R1b-SM-7P8PO	Immune	0
GTEX-1B996-0011-R1b-SM-7P8PO	Mural	0
GTEX-1BAJH-0011-R1a-SM-7P8SV	Oligo	0.43552549775704
GTEX-1BAJH-0011-R1a-SM-7P8SV	Micro	0.0150194303890049
GTEX-1BAJH-0011-R1a-SM-7P8SV	OPC	0.00181798011396809
GTEX-1BAJH-0011-R1a-SM-7P8SV	Inhib	0.00229971435250446
GTEX-1BAJH-0011-R1a-SM-7P8SV	Astro	0.54465032981597
GTEX-1BAJH-0011-R1a-SM-7P8SV	Excit	0.00068704757151256
GTEX-1BAJH-0011-R1a-SM-7P8SV	Immune	0
GTEX-1BAJH-0011-R1a-SM-7P8SV	Mural	0
GTEX-1C64N-0011-R1b-SM-7P8Q7	Oligo	0.523709904322334
GTEX-1C64N-0011-R1b-SM-7P8Q7	Micro	0.00642905259586453
GTEX-1C64N-0011-R1b-SM-7P8Q7	OPC	0.00162773750215083
GTEX-1C64N-0011-R1b-SM-7P8Q7	Inhib	0.00132301902099599
GTEX-1C64N-0011-R1b-SM-7P8Q7	Astro	0.457965291789508
GTEX-1C64N-0011-R1b-SM-7P8Q7	Excit	0.00894499476914702
GTEX-1C64N-0011-R1b-SM-7P8Q7	Immune	0
GTEX-1C64N-0011-R1b-SM-7P8Q7	Mural	0
GTEX-1C6VQ-0011-R1a-SM-7P8Q2	Oligo	0.575404882879418
GTEX-1C6VQ-0011-R1a-SM-7P8Q2	Micro	0.00512768399369459
GTEX-1C6VQ-0011-R1a-SM-7P8Q2	OPC	0
GTEX-1C6VQ-0011-R1a-SM-7P8Q2	Inhib	9.02287674693649e-05
GTEX-1C6VQ-0011-R1a-SM-7P8Q2	Astro	0.417164024147935
GTEX-1C6VQ-0011-R1a-SM-7P8Q2	Excit	0.00177431011260368
GTEX-1C6VQ-0011-R1a-SM-7P8Q2	Immune	0.000438870098879977
GTEX-1C6VQ-0011-R1a-SM-7P8Q2	Mural	0
GTEX-1C6VR-0011-R1a-SM-7MXUE	Oligo	0.48825083793925
GTEX-1C6VR-0011-R1a-SM-7MXUE	Micro	0
GTEX-1C6VR-0011-R1a-SM-7MXUE	OPC	0.000600166758179358
GTEX-1C6VR-0011-R1a-SM-7MXUE	Inhib	0.00304920401425565
GTEX-1C6VR-0011-R1a-SM-7MXUE	Astro	0.485451060775719
GTEX-1C6VR-0011-R1a-SM-7MXUE	Excit	0.0226487305125965
GTEX-1C6VR-0011-R1a-SM-7MXUE	Immune	0
GTEX-1C6VR-0011-R1a-SM-7MXUE	Mural	0
GTEX-1CAV2-0011-R1a-SM-ARZML	Oligo	0.367252076261139
GTEX-1CAV2-0011-R1a-SM-ARZML	Micro	1.98655328114716e-05
GTEX-1CAV2-0011-R1a-SM-ARZML	OPC	0.00156878747934058
GTEX-1CAV2-0011-R1a-SM-ARZML	Inhib	0.000511814648378022
GTEX-1CAV2-0011-R1a-SM-ARZML	Astro	0.627235899376436
GTEX-1CAV2-0011-R1a-SM-ARZML	Excit	0.00341155670189486
GTEX-1CAV2-0011-R1a-SM-ARZML	Immune	0
GTEX-1CAV2-0011-R1a-SM-ARZML	Mural	0
GTEX-1CB4G-0011-R1b-SM-9QEHT	Oligo	0.526878928228477
GTEX-1CB4G-0011-R1b-SM-9QEHT	Micro	0.0182700605583015
GTEX-1CB4G-0011-R1b-SM-9QEHT	OPC	0.00180736215233644
GTEX-1CB4G-0011-R1b-SM-9QEHT	Inhib	0.0164826266584741
GTEX-1CB4G-0011-R1b-SM-9QEHT	Astro	0.368357015434
GTEX-1CB4G-0011-R1b-SM-9QEHT	Excit	0.0682040069684106
GTEX-1CB4G-0011-R1b-SM-9QEHT	Immune	0
GTEX-1CB4G-0011-R1b-SM-9QEHT	Mural	0
GTEX-1CB4J-0011-R1a-SM-9WG64	Oligo	0.509547769900523
GTEX-1CB4J-0011-R1a-SM-9WG64	Micro	0.00510467494495907
GTEX-1CB4J-0011-R1a-SM-9WG64	OPC	0
GTEX-1CB4J-0011-R1a-SM-9WG64	Inhib	0
GTEX-1CB4J-0011-R1a-SM-9WG64	Astro	0.485347555154518
GTEX-1CB4J-0011-R1a-SM-9WG64	Excit	0
GTEX-1CB4J-0011-R1a-SM-9WG64	Immune	0
GTEX-1CB4J-0011-R1a-SM-9WG64	Mural	0
GTEX-1E1VI-0011-R1a-SM-ARZMM	Oligo	0.613496538870844
GTEX-1E1VI-0011-R1a-SM-ARZMM	Micro	0
GTEX-1E1VI-0011-R1a-SM-ARZMM	OPC	0.000413228991306995
GTEX-1E1VI-0011-R1a-SM-ARZMM	Inhib	0.00221983516002313
GTEX-1E1VI-0011-R1a-SM-ARZMM	Astro	0.342230640100853
GTEX-1E1VI-0011-R1a-SM-ARZMM	Excit	0.0416397568769737
GTEX-1E1VI-0011-R1a-SM-ARZMM	Immune	0
GTEX-1E1VI-0011-R1a-SM-ARZMM	Mural	0
GTEX-1E2YA-0011-R1b-SM-CJI29	Oligo	0.644046844885933
GTEX-1E2YA-0011-R1b-SM-CJI29	Micro	0.000471527874149069
GTEX-1E2YA-0011-R1b-SM-CJI29	OPC	0.00059971911005344
GTEX-1E2YA-0011-R1b-SM-CJI29	Inhib	0.00112785580512788
GTEX-1E2YA-0011-R1b-SM-CJI29	Astro	0.351963031226057
GTEX-1E2YA-0011-R1b-SM-CJI29	Excit	0.00111409717854495
GTEX-1E2YA-0011-R1b-SM-CJI29	Immune	0
GTEX-1E2YA-0011-R1b-SM-CJI29	Mural	0.000676923920134647
GTEX-1EH9U-0011-R1b-SM-CJI2B	Oligo	0.474881143089362
GTEX-1EH9U-0011-R1b-SM-CJI2B	Micro	0.011405388179922
GTEX-1EH9U-0011-R1b-SM-CJI2B	OPC	0.00226396479475956
GTEX-1EH9U-0011-R1b-SM-CJI2B	Inhib	0.00109198586748176
GTEX-1EH9U-0011-R1b-SM-CJI2B	Astro	0.492811267454931
GTEX-1EH9U-0011-R1b-SM-CJI2B	Excit	0.0174931110132086
GTEX-1EH9U-0011-R1b-SM-CJI2B	Immune	5.31396003345244e-05
GTEX-1EH9U-0011-R1b-SM-CJI2B	Mural	0
GTEX-1EKGG-0011-R1b-SM-9QEI1	Oligo	0.43415848841882
GTEX-1EKGG-0011-R1b-SM-9QEI1	Micro	0.00170943713627302
GTEX-1EKGG-0011-R1b-SM-9QEI1	OPC	0
GTEX-1EKGG-0011-R1b-SM-9QEI1	Inhib	0.0043346017585565
GTEX-1EKGG-0011-R1b-SM-9QEI1	Astro	0.548133606236944
GTEX-1EKGG-0011-R1b-SM-9QEI1	Excit	0.0116638664494056
GTEX-1EKGG-0011-R1b-SM-9QEI1	Immune	0
GTEX-1EKGG-0011-R1b-SM-9QEI1	Mural	0
GTEX-1EMGI-0011-R1b-SM-9OSWZ	Oligo	0.247400284677377
GTEX-1EMGI-0011-R1b-SM-9OSWZ	Micro	0.0229574185240213
GTEX-1EMGI-0011-R1b-SM-9OSWZ	OPC	0
GTEX-1EMGI-0011-R1b-SM-9OSWZ	Inhib	0.00779564406312218
GTEX-1EMGI-0011-R1b-SM-9OSWZ	Astro	0.617172670676313
GTEX-1EMGI-0011-R1b-SM-9OSWZ	Excit	0.104673982059166
GTEX-1EMGI-0011-R1b-SM-9OSWZ	Immune	0
GTEX-1EMGI-0011-R1b-SM-9OSWZ	Mural	0
GTEX-1EX96-0011-R1a-SM-CE6R5	Oligo	0.434653335752041
GTEX-1EX96-0011-R1a-SM-CE6R5	Micro	0.0227783464880996
GTEX-1EX96-0011-R1a-SM-CE6R5	OPC	0
GTEX-1EX96-0011-R1a-SM-CE6R5	Inhib	0.00961557621593078
GTEX-1EX96-0011-R1a-SM-CE6R5	Astro	0.251764724088356
GTEX-1EX96-0011-R1a-SM-CE6R5	Excit	0.276312980263224
GTEX-1EX96-0011-R1a-SM-CE6R5	Immune	0
GTEX-1EX96-0011-R1a-SM-CE6R5	Mural	0.00487503719234964
GTEX-1F48J-0011-R1a-SM-9QEIC	Oligo	0.215684669640521
GTEX-1F48J-0011-R1a-SM-9QEIC	Micro	0.0207664433885154
GTEX-1F48J-0011-R1a-SM-9QEIC	OPC	0.00266668898137699
GTEX-1F48J-0011-R1a-SM-9QEIC	Inhib	0.00237122123539407
GTEX-1F48J-0011-R1a-SM-9QEIC	Astro	0.664401945309653
GTEX-1F48J-0011-R1a-SM-9QEIC	Excit	0.0941090314445393
GTEX-1F48J-0011-R1a-SM-9QEIC	Immune	0
GTEX-1F48J-0011-R1a-SM-9QEIC	Mural	0
GTEX-1F52S-0011-R1a-SM-9OSX9	Oligo	0.0505334441112474
GTEX-1F52S-0011-R1a-SM-9OSX9	Micro	0.0177058476942132
GTEX-1F52S-0011-R1a-SM-9OSX9	OPC	0.000992400238576582
GTEX-1F52S-0011-R1a-SM-9OSX9	Inhib	0.013125094000082
GTEX-1F52S-0011-R1a-SM-9OSX9	Astro	0.907808085872109
GTEX-1F52S-0011-R1a-SM-9OSX9	Excit	0.00362841799102576
GTEX-1F52S-0011-R1a-SM-9OSX9	Immune	0.00197453284988963
GTEX-1F52S-0011-R1a-SM-9OSX9	Mural	0.00423217724285613
GTEX-1F6I4-0011-R1a-SM-9OSWU	Oligo	0.503096650117107
GTEX-1F6I4-0011-R1a-SM-9OSWU	Micro	5.41238055093372e-06
GTEX-1F6I4-0011-R1a-SM-9OSWU	OPC	0.00127245045292755
GTEX-1F6I4-0011-R1a-SM-9OSWU	Inhib	0.0103797015611511
GTEX-1F6I4-0011-R1a-SM-9OSWU	Astro	0.334591394475838
GTEX-1F6I4-0011-R1a-SM-9OSWU	Excit	0.150555883940753
GTEX-1F6I4-0011-R1a-SM-9OSWU	Immune	0
GTEX-1F6I4-0011-R1a-SM-9OSWU	Mural	9.85070716723735e-05
GTEX-1F6IF-0011-R1b-SM-9WG78	Oligo	0.35579535910197
GTEX-1F6IF-0011-R1b-SM-9WG78	Micro	0.00396920400489846
GTEX-1F6IF-0011-R1b-SM-9WG78	OPC	0
GTEX-1F6IF-0011-R1b-SM-9WG78	Inhib	0.00844153834614333
GTEX-1F6IF-0011-R1b-SM-9WG78	Astro	0.626606827675009
GTEX-1F6IF-0011-R1b-SM-9WG78	Excit	0.00444097090664579
GTEX-1F6IF-0011-R1b-SM-9WG78	Immune	0.000746099965334297
GTEX-1F6IF-0011-R1b-SM-9WG78	Mural	0
GTEX-1F75A-0011-R1b-SM-CE6RA	Oligo	0.290212147657306
GTEX-1F75A-0011-R1b-SM-CE6RA	Micro	0.0106458932935812
GTEX-1F75A-0011-R1b-SM-CE6RA	OPC	0.00228741601081957
GTEX-1F75A-0011-R1b-SM-CE6RA	Inhib	0.0195310718570999
GTEX-1F75A-0011-R1b-SM-CE6RA	Astro	0.574810756323937
GTEX-1F75A-0011-R1b-SM-CE6RA	Excit	0.102230048212039
GTEX-1F75A-0011-R1b-SM-CE6RA	Immune	0.000282666645217933
GTEX-1F75A-0011-R1b-SM-CE6RA	Mural	0
GTEX-1F75W-0011-R1a-SM-ARU81	Oligo	0.221525059502671
GTEX-1F75W-0011-R1a-SM-ARU81	Micro	0.0301088076211602
GTEX-1F75W-0011-R1a-SM-ARU81	OPC	0.00940654207594348
GTEX-1F75W-0011-R1a-SM-ARU81	Inhib	0.00246501998462607
GTEX-1F75W-0011-R1a-SM-ARU81	Astro	0.727317229755348
GTEX-1F75W-0011-R1a-SM-ARU81	Excit	0.00917734106025057
GTEX-1F75W-0011-R1a-SM-ARU81	Immune	0
GTEX-1F75W-0011-R1a-SM-ARU81	Mural	0
GTEX-1GF9W-0011-R1a-SM-9QEIQ	Oligo	0.415408207964483
GTEX-1GF9W-0011-R1a-SM-9QEIQ	Micro	0.00551848529570945
GTEX-1GF9W-0011-R1a-SM-9QEIQ	OPC	0
GTEX-1GF9W-0011-R1a-SM-9QEIQ	Inhib	0.00307241278908613
GTEX-1GF9W-0011-R1a-SM-9QEIQ	Astro	0.495437250391859
GTEX-1GF9W-0011-R1a-SM-9QEIQ	Excit	0.0729906990987428
GTEX-1GF9W-0011-R1a-SM-9QEIQ	Immune	0.00757294446011982
GTEX-1GF9W-0011-R1a-SM-9QEIQ	Mural	0
GTEX-1GMR8-0011-R1b-SM-CJI2O	Oligo	0.116199758853244
GTEX-1GMR8-0011-R1b-SM-CJI2O	Micro	0.0264714134113284
GTEX-1GMR8-0011-R1b-SM-CJI2O	OPC	0
GTEX-1GMR8-0011-R1b-SM-CJI2O	Inhib	0.00268081890497456
GTEX-1GMR8-0011-R1b-SM-CJI2O	Astro	0.824822472525639
GTEX-1GMR8-0011-R1b-SM-CJI2O	Excit	0.0294043425208386
GTEX-1GMR8-0011-R1b-SM-CJI2O	Immune	0.000421193783975444
GTEX-1GMR8-0011-R1b-SM-CJI2O	Mural	0
GTEX-1GN1U-0011-R1a-SM-CJI25	Oligo	0.367892680823609
GTEX-1GN1U-0011-R1a-SM-CJI25	Micro	0.0135912280824177
GTEX-1GN1U-0011-R1a-SM-CJI25	OPC	0
GTEX-1GN1U-0011-R1a-SM-CJI25	Inhib	0.00148724017004841
GTEX-1GN1U-0011-R1a-SM-CJI25	Astro	0.545078610578691
GTEX-1GN1U-0011-R1a-SM-CJI25	Excit	0.0719502403452336
GTEX-1GN1U-0011-R1a-SM-CJI25	Immune	0
GTEX-1GN1U-0011-R1a-SM-CJI25	Mural	0
GTEX-1GN2E-0011-R1b-SM-CE6RJ	Oligo	0.689813373496022
GTEX-1GN2E-0011-R1b-SM-CE6RJ	Micro	0.00287386362228158
GTEX-1GN2E-0011-R1b-SM-CE6RJ	OPC	0.00291651387668701
GTEX-1GN2E-0011-R1b-SM-CE6RJ	Inhib	0.00112138056695094
GTEX-1GN2E-0011-R1b-SM-CE6RJ	Astro	0.286420035356453
GTEX-1GN2E-0011-R1b-SM-CE6RJ	Excit	0.0168548330816061
GTEX-1GN2E-0011-R1b-SM-CE6RJ	Immune	0
GTEX-1GN2E-0011-R1b-SM-CE6RJ	Mural	0
GTEX-1GN73-0011-R1a-SM-CKZNT	Oligo	0.376852125996638
GTEX-1GN73-0011-R1a-SM-CKZNT	Micro	0.0238008278940454
GTEX-1GN73-0011-R1a-SM-CKZNT	OPC	0
GTEX-1GN73-0011-R1a-SM-CKZNT	Inhib	0.00955242365991264
GTEX-1GN73-0011-R1a-SM-CKZNT	Astro	0.577390258256995
GTEX-1GN73-0011-R1a-SM-CKZNT	Excit	0.0124043641924092
GTEX-1GN73-0011-R1a-SM-CKZNT	Immune	0
GTEX-1GN73-0011-R1a-SM-CKZNT	Mural	0
GTEX-1GTWX-0011-R1a-SM-CE6RL	Oligo	0.439569432741017
GTEX-1GTWX-0011-R1a-SM-CE6RL	Micro	0.00355445371968136
GTEX-1GTWX-0011-R1a-SM-CE6RL	OPC	0.000485177618100354
GTEX-1GTWX-0011-R1a-SM-CE6RL	Inhib	0.00146213064052849
GTEX-1GTWX-0011-R1a-SM-CE6RL	Astro	0.441225474347344
GTEX-1GTWX-0011-R1a-SM-CE6RL	Excit	0.113703330933329
GTEX-1GTWX-0011-R1a-SM-CE6RL	Immune	0
GTEX-1GTWX-0011-R1a-SM-CE6RL	Mural	0
GTEX-1GZ2Q-0011-R1a-SM-CJI2Y	Oligo	0.287878060104201
GTEX-1GZ2Q-0011-R1a-SM-CJI2Y	Micro	0
GTEX-1GZ2Q-0011-R1a-SM-CJI2Y	OPC	0.00149960694575787
GTEX-1GZ2Q-0011-R1a-SM-CJI2Y	Inhib	0.00499388120576482
GTEX-1GZ2Q-0011-R1a-SM-CJI2Y	Astro	0.650620082549458
GTEX-1GZ2Q-0011-R1a-SM-CJI2Y	Excit	0.0527253465160941
GTEX-1GZ2Q-0011-R1a-SM-CJI2Y	Immune	6.01518189445026e-05
GTEX-1GZ2Q-0011-R1a-SM-CJI2Y	Mural	0.00222287085977954
GTEX-1GZHY-0011-R1a-SM-CE6RR	Oligo	0.373918857157845
GTEX-1GZHY-0011-R1a-SM-CE6RR	Micro	0.0151128322208245
GTEX-1GZHY-0011-R1a-SM-CE6RR	OPC	0.00163060775721981
GTEX-1GZHY-0011-R1a-SM-CE6RR	Inhib	0
GTEX-1GZHY-0011-R1a-SM-CE6RR	Astro	0.572540876501966
GTEX-1GZHY-0011-R1a-SM-CE6RR	Excit	0.0160770691496566
GTEX-1GZHY-0011-R1a-SM-CE6RR	Immune	0.00917855533612967
GTEX-1GZHY-0011-R1a-SM-CE6RR	Mural	0.0115412018763576
GTEX-1H1CY-0011-R1a-SM-CKZOZ	Oligo	0.582328484926
GTEX-1H1CY-0011-R1a-SM-CKZOZ	Micro	0.00183823388280217
GTEX-1H1CY-0011-R1a-SM-CKZOZ	OPC	0.00600036491388336
GTEX-1H1CY-0011-R1a-SM-CKZOZ	Inhib	0.0061124226374904
GTEX-1H1CY-0011-R1a-SM-CKZOZ	Astro	0.40169839545254
GTEX-1H1CY-0011-R1a-SM-CKZOZ	Excit	0.00194185548231706
GTEX-1H1CY-0011-R1a-SM-CKZOZ	Immune	0
GTEX-1H1CY-0011-R1a-SM-CKZOZ	Mural	8.02427049662096e-05
GTEX-1H1DG-0011-R1b-SM-CKZP1	Oligo	0.605710130972928
GTEX-1H1DG-0011-R1b-SM-CKZP1	Micro	0.0427826286770536
GTEX-1H1DG-0011-R1b-SM-CKZP1	OPC	0.00139476531329223
GTEX-1H1DG-0011-R1b-SM-CKZP1	Inhib	0.00438001231097816
GTEX-1H1DG-0011-R1b-SM-CKZP1	Astro	0.341696933336925
GTEX-1H1DG-0011-R1b-SM-CKZP1	Excit	0.00403552938882234
GTEX-1H1DG-0011-R1b-SM-CKZP1	Immune	0
GTEX-1H1DG-0011-R1b-SM-CKZP1	Mural	0
GTEX-1H1ZS-0011-R1b-SM-A9G1E	Oligo	0.1412225213927
GTEX-1H1ZS-0011-R1b-SM-A9G1E	Micro	0.00547001661203857
GTEX-1H1ZS-0011-R1b-SM-A9G1E	OPC	0
GTEX-1H1ZS-0011-R1b-SM-A9G1E	Inhib	0.00374501148019806
GTEX-1H1ZS-0011-R1b-SM-A9G1E	Astro	0.771323327816432
GTEX-1H1ZS-0011-R1b-SM-A9G1E	Excit	0.0782391226986313
GTEX-1H1ZS-0011-R1b-SM-A9G1E	Immune	0
GTEX-1H1ZS-0011-R1b-SM-A9G1E	Mural	0
GTEX-1H23P-0011-R1a-SM-ACKVC	Oligo	0.695721583328927
GTEX-1H23P-0011-R1a-SM-ACKVC	Micro	0.0010664707275594
GTEX-1H23P-0011-R1a-SM-ACKVC	OPC	0
GTEX-1H23P-0011-R1a-SM-ACKVC	Inhib	0
GTEX-1H23P-0011-R1a-SM-ACKVC	Astro	0.301392098304502
GTEX-1H23P-0011-R1a-SM-ACKVC	Excit	4.30533648826929e-05
GTEX-1H23P-0011-R1a-SM-ACKVC	Immune	0
GTEX-1H23P-0011-R1a-SM-ACKVC	Mural	0.00177679427412924
GTEX-1H3NZ-0011-R1a-SM-CKZP5	Oligo	0.566374155827289
GTEX-1H3NZ-0011-R1a-SM-CKZP5	Micro	0.0338602525979994
GTEX-1H3NZ-0011-R1a-SM-CKZP5	OPC	0.0035441876809738
GTEX-1H3NZ-0011-R1a-SM-CKZP5	Inhib	0.00700495769274719
GTEX-1H3NZ-0011-R1a-SM-CKZP5	Astro	0.25752708117619
GTEX-1H3NZ-0011-R1a-SM-CKZP5	Excit	0.131457417681394
GTEX-1H3NZ-0011-R1a-SM-CKZP5	Immune	0
GTEX-1H3NZ-0011-R1a-SM-CKZP5	Mural	0.00023194734340688
GTEX-1H3O1-0011-R1b-SM-CL554	Oligo	0.437874950039563
GTEX-1H3O1-0011-R1b-SM-CL554	Micro	0.0176301758607049
GTEX-1H3O1-0011-R1b-SM-CL554	OPC	0
GTEX-1H3O1-0011-R1b-SM-CL554	Inhib	0.00544777945642136
GTEX-1H3O1-0011-R1b-SM-CL554	Astro	0.529073628752929
GTEX-1H3O1-0011-R1b-SM-CL554	Excit	0.00981758103827137
GTEX-1H3O1-0011-R1b-SM-CL554	Immune	0.000155884852109881
GTEX-1H3O1-0011-R1b-SM-CL554	Mural	0
GTEX-1H3VE-0011-R1a-SM-A9G1K	Oligo	0.345897658324188
GTEX-1H3VE-0011-R1a-SM-A9G1K	Micro	0.00679872769569411
GTEX-1H3VE-0011-R1a-SM-A9G1K	OPC	0
GTEX-1H3VE-0011-R1a-SM-A9G1K	Inhib	0.00155881257725513
GTEX-1H3VE-0011-R1a-SM-A9G1K	Astro	0.630356934705716
GTEX-1H3VE-0011-R1a-SM-A9G1K	Excit	0.015387866697147
GTEX-1H3VE-0011-R1a-SM-A9G1K	Immune	0
GTEX-1H3VE-0011-R1a-SM-A9G1K	Mural	0
GTEX-1H4P4-0011-R1b-SM-CL54V	Oligo	0.848395809060804
GTEX-1H4P4-0011-R1b-SM-CL54V	Micro	0
GTEX-1H4P4-0011-R1b-SM-CL54V	OPC	0.00857460490620417
GTEX-1H4P4-0011-R1b-SM-CL54V	Inhib	1.63975371894806e-05
GTEX-1H4P4-0011-R1b-SM-CL54V	Astro	0.125848713923337
GTEX-1H4P4-0011-R1b-SM-CL54V	Excit	4.05787341707156e-05
GTEX-1H4P4-0011-R1b-SM-CL54V	Immune	0
GTEX-1H4P4-0011-R1b-SM-CL54V	Mural	0.0171238958382954
GTEX-1HBPI-0011-R1b-SM-A9SKF	Oligo	0.548867788734764
GTEX-1HBPI-0011-R1b-SM-A9SKF	Micro	9.64285727138144e-05
GTEX-1HBPI-0011-R1b-SM-A9SKF	OPC	0
GTEX-1HBPI-0011-R1b-SM-A9SKF	Inhib	0.00323557548874089
GTEX-1HBPI-0011-R1b-SM-A9SKF	Astro	0.441083572490973
GTEX-1HBPI-0011-R1b-SM-A9SKF	Excit	0.00671663471280916
GTEX-1HBPI-0011-R1b-SM-A9SKF	Immune	0
GTEX-1HBPI-0011-R1b-SM-A9SKF	Mural	0
GTEX-1HGF4-0011-R1a-SM-CJI3S	Oligo	0.535478896324475
GTEX-1HGF4-0011-R1a-SM-CJI3S	Micro	0.0175160059282664
GTEX-1HGF4-0011-R1a-SM-CJI3S	OPC	0.00747490848119515
GTEX-1HGF4-0011-R1a-SM-CJI3S	Inhib	0.00482323970864341
GTEX-1HGF4-0011-R1a-SM-CJI3S	Astro	0.432143752914709
GTEX-1HGF4-0011-R1a-SM-CJI3S	Excit	0.00256319664271105
GTEX-1HGF4-0011-R1a-SM-CJI3S	Immune	0
GTEX-1HGF4-0011-R1a-SM-CJI3S	Mural	0
GTEX-1HSKV-0011-R1b-SM-CMKH7	Oligo	0.355909842495312
GTEX-1HSKV-0011-R1b-SM-CMKH7	Micro	0.0132580667560614
GTEX-1HSKV-0011-R1b-SM-CMKH7	OPC	0.000342613651524868
GTEX-1HSKV-0011-R1b-SM-CMKH7	Inhib	0.00185890382803819
GTEX-1HSKV-0011-R1b-SM-CMKH7	Astro	0.579511578512257
GTEX-1HSKV-0011-R1b-SM-CMKH7	Excit	0.0491189947568075
GTEX-1HSKV-0011-R1b-SM-CMKH7	Immune	0
GTEX-1HSKV-0011-R1b-SM-CMKH7	Mural	0
GTEX-1HSMO-0011-R1a-SM-CM2SV	Oligo	0.58423283826719
GTEX-1HSMO-0011-R1a-SM-CM2SV	Micro	0.000773967181152126
GTEX-1HSMO-0011-R1a-SM-CM2SV	OPC	0
GTEX-1HSMO-0011-R1a-SM-CM2SV	Inhib	0.000684039825122383
GTEX-1HSMO-0011-R1a-SM-CM2SV	Astro	0.354490743749646
GTEX-1HSMO-0011-R1a-SM-CM2SV	Excit	0.0598184109768902
GTEX-1HSMO-0011-R1a-SM-CM2SV	Immune	0
GTEX-1HSMO-0011-R1a-SM-CM2SV	Mural	0
GTEX-1HT8W-0011-R1b-SM-CJI3V	Oligo	0.185900764851793
GTEX-1HT8W-0011-R1b-SM-CJI3V	Micro	0.00301712157600631
GTEX-1HT8W-0011-R1b-SM-CJI3V	OPC	0
GTEX-1HT8W-0011-R1b-SM-CJI3V	Inhib	0.0132955254764864
GTEX-1HT8W-0011-R1b-SM-CJI3V	Astro	0.761731140146891
GTEX-1HT8W-0011-R1b-SM-CJI3V	Excit	0.0360554479488233
GTEX-1HT8W-0011-R1b-SM-CJI3V	Immune	0
GTEX-1HT8W-0011-R1b-SM-CJI3V	Mural	0
GTEX-1I19N-0011-R1b-SM-GOR1A	Oligo	0.222424556301002
GTEX-1I19N-0011-R1b-SM-GOR1A	Micro	0.0638400104566435
GTEX-1I19N-0011-R1b-SM-GOR1A	OPC	0
GTEX-1I19N-0011-R1b-SM-GOR1A	Inhib	0.00214162901306911
GTEX-1I19N-0011-R1b-SM-GOR1A	Astro	0.651564233718063
GTEX-1I19N-0011-R1b-SM-GOR1A	Excit	0.0597903344530713
GTEX-1I19N-0011-R1b-SM-GOR1A	Immune	0
GTEX-1I19N-0011-R1b-SM-GOR1A	Mural	0.000239236058151057
GTEX-1I1GQ-0011-R1a-SM-CY8GG	Oligo	0.437767701033646
GTEX-1I1GQ-0011-R1a-SM-CY8GG	Micro	0.00714005022850025
GTEX-1I1GQ-0011-R1a-SM-CY8GG	OPC	0
GTEX-1I1GQ-0011-R1a-SM-CY8GG	Inhib	0.00761866960934896
GTEX-1I1GQ-0011-R1a-SM-CY8GG	Astro	0.537916918288673
GTEX-1I1GQ-0011-R1a-SM-CY8GG	Excit	0.00955666083983229
GTEX-1I1GQ-0011-R1a-SM-CY8GG	Immune	0
GTEX-1I1GQ-0011-R1a-SM-CY8GG	Mural	0
GTEX-1I1GS-0011-R1a-SM-CJI43	Oligo	0.43520974788813
GTEX-1I1GS-0011-R1a-SM-CJI43	Micro	0.0117992849001237
GTEX-1I1GS-0011-R1a-SM-CJI43	OPC	0
GTEX-1I1GS-0011-R1a-SM-CJI43	Inhib	0.00364621924585249
GTEX-1I1GS-0011-R1a-SM-CJI43	Astro	0.458026782553573
GTEX-1I1GS-0011-R1a-SM-CJI43	Excit	0.0913179654123211
GTEX-1I1GS-0011-R1a-SM-CJI43	Immune	0
GTEX-1I1GS-0011-R1a-SM-CJI43	Mural	0
GTEX-1I1GV-0011-R1a-SM-CL559	Oligo	0.562278614577428
GTEX-1I1GV-0011-R1a-SM-CL559	Micro	0
GTEX-1I1GV-0011-R1a-SM-CL559	OPC	0.00196310503115198
GTEX-1I1GV-0011-R1a-SM-CL559	Inhib	0.000889960475689875
GTEX-1I1GV-0011-R1a-SM-CL559	Astro	0.434411746942369
GTEX-1I1GV-0011-R1a-SM-CL559	Excit	7.54334332859724e-05
GTEX-1I1GV-0011-R1a-SM-CL559	Immune	0.000112092700510742
GTEX-1I1GV-0011-R1a-SM-CL559	Mural	0.000269046839565074
GTEX-1I1HK-0011-R1b-SM-CM2T7	Oligo	0.337347295036636
GTEX-1I1HK-0011-R1b-SM-CM2T7	Micro	0.0184834124117808
GTEX-1I1HK-0011-R1b-SM-CM2T7	OPC	0.00323453974089332
GTEX-1I1HK-0011-R1b-SM-CM2T7	Inhib	0.00889828332937821
GTEX-1I1HK-0011-R1b-SM-CM2T7	Astro	0.564827711081397
GTEX-1I1HK-0011-R1b-SM-CM2T7	Excit	0.0672029852422257
GTEX-1I1HK-0011-R1b-SM-CM2T7	Immune	5.77315768875354e-06
GTEX-1I1HK-0011-R1b-SM-CM2T7	Mural	0
GTEX-1ICLZ-0011-R1b-SM-A9SM3	Oligo	0.165357898878658
GTEX-1ICLZ-0011-R1b-SM-A9SM3	Micro	0.035729601638592
GTEX-1ICLZ-0011-R1b-SM-A9SM3	OPC	0
GTEX-1ICLZ-0011-R1b-SM-A9SM3	Inhib	0.0127882992152517
GTEX-1ICLZ-0011-R1b-SM-A9SM3	Astro	0.636028264536894
GTEX-1ICLZ-0011-R1b-SM-A9SM3	Excit	0.150095935730604
GTEX-1ICLZ-0011-R1b-SM-A9SM3	Immune	0
GTEX-1ICLZ-0011-R1b-SM-A9SM3	Mural	0
GTEX-1IDJH-0011-R1b-SM-ARU6U	Oligo	0.27835009338376
GTEX-1IDJH-0011-R1b-SM-ARU6U	Micro	0.00359028849343247
GTEX-1IDJH-0011-R1b-SM-ARU6U	OPC	0
GTEX-1IDJH-0011-R1b-SM-ARU6U	Inhib	0.00894550173874928
GTEX-1IDJH-0011-R1b-SM-ARU6U	Astro	0.595231761952584
GTEX-1IDJH-0011-R1b-SM-ARU6U	Excit	0.113882354431474
GTEX-1IDJH-0011-R1b-SM-ARU6U	Immune	0
GTEX-1IDJH-0011-R1b-SM-ARU6U	Mural	0
GTEX-1IKK5-0011-R1b-SM-CE6SQ	Oligo	0.222568437383919
GTEX-1IKK5-0011-R1b-SM-CE6SQ	Micro	0.00643437741384967
GTEX-1IKK5-0011-R1b-SM-CE6SQ	OPC	0.00159510725877419
GTEX-1IKK5-0011-R1b-SM-CE6SQ	Inhib	0.00683547900312673
GTEX-1IKK5-0011-R1b-SM-CE6SQ	Astro	0.718132890703431
GTEX-1IKK5-0011-R1b-SM-CE6SQ	Excit	0.0444337082368995
GTEX-1IKK5-0011-R1b-SM-CE6SQ	Immune	0
GTEX-1IKK5-0011-R1b-SM-CE6SQ	Mural	0
GTEX-1IOXB-0011-R1a-SM-D4P27	Oligo	0.333102594918691
GTEX-1IOXB-0011-R1a-SM-D4P27	Micro	0.00366432187750864
GTEX-1IOXB-0011-R1a-SM-D4P27	OPC	0
GTEX-1IOXB-0011-R1a-SM-D4P27	Inhib	0.00598358480060806
GTEX-1IOXB-0011-R1a-SM-D4P27	Astro	0.621142246274911
GTEX-1IOXB-0011-R1a-SM-D4P27	Excit	0.0287355105836845
GTEX-1IOXB-0011-R1a-SM-D4P27	Immune	0.00241444803918573
GTEX-1IOXB-0011-R1a-SM-D4P27	Mural	0.00495729350541144
GTEX-1IY9M-0011-R1a-SM-EXURZ	Oligo	0.188818566398818
GTEX-1IY9M-0011-R1a-SM-EXURZ	Micro	0.0259229551792912
GTEX-1IY9M-0011-R1a-SM-EXURZ	OPC	0
GTEX-1IY9M-0011-R1a-SM-EXURZ	Inhib	0.0116978519278856
GTEX-1IY9M-0011-R1a-SM-EXURZ	Astro	0.706968748411999
GTEX-1IY9M-0011-R1a-SM-EXURZ	Excit	0.0665918780820066
GTEX-1IY9M-0011-R1a-SM-EXURZ	Immune	0
GTEX-1IY9M-0011-R1a-SM-EXURZ	Mural	0
GTEX-1J1OQ-0011-R1a-SM-A9G1Z	Oligo	0.0376144278498667
GTEX-1J1OQ-0011-R1a-SM-A9G1Z	Micro	0.00795353874292667
GTEX-1J1OQ-0011-R1a-SM-A9G1Z	OPC	0.00235770718507753
GTEX-1J1OQ-0011-R1a-SM-A9G1Z	Inhib	0.00129448460122068
GTEX-1J1OQ-0011-R1a-SM-A9G1Z	Astro	0.92598036293871
GTEX-1J1OQ-0011-R1a-SM-A9G1Z	Excit	0.0247994786821987
GTEX-1J1OQ-0011-R1a-SM-A9G1Z	Immune	0
GTEX-1J1OQ-0011-R1a-SM-A9G1Z	Mural	0
GTEX-1JJ6O-0011-R1b-SM-F2I2M	Oligo	0.252777080719552
GTEX-1JJ6O-0011-R1b-SM-F2I2M	Micro	0.00640188980833943
GTEX-1JJ6O-0011-R1b-SM-F2I2M	OPC	0.00273289445174347
GTEX-1JJ6O-0011-R1b-SM-F2I2M	Inhib	0.00377518352291216
GTEX-1JJ6O-0011-R1b-SM-F2I2M	Astro	0.487684465443095
GTEX-1JJ6O-0011-R1b-SM-F2I2M	Excit	0.246628486054358
GTEX-1JJ6O-0011-R1b-SM-F2I2M	Immune	0
GTEX-1JJ6O-0011-R1b-SM-F2I2M	Mural	0
GTEX-1JJEA-0011-R1b-SM-F6495	Oligo	0.386548143344779
GTEX-1JJEA-0011-R1b-SM-F6495	Micro	0.00307117438588122
GTEX-1JJEA-0011-R1b-SM-F6495	OPC	0.00520615416184257
GTEX-1JJEA-0011-R1b-SM-F6495	Inhib	0.00761469018540275
GTEX-1JJEA-0011-R1b-SM-F6495	Astro	0.564504106825808
GTEX-1JJEA-0011-R1b-SM-F6495	Excit	0.0196424971092977
GTEX-1JJEA-0011-R1b-SM-F6495	Immune	0
GTEX-1JJEA-0011-R1b-SM-F6495	Mural	0.0134132339869886
GTEX-1JMLX-0011-R1b-SM-G9ERV	Oligo	0.571493085329986
GTEX-1JMLX-0011-R1b-SM-G9ERV	Micro	0.00227541812447879
GTEX-1JMLX-0011-R1b-SM-G9ERV	OPC	0.00115090478965298
GTEX-1JMLX-0011-R1b-SM-G9ERV	Inhib	0.00576725163108397
GTEX-1JMLX-0011-R1b-SM-G9ERV	Astro	0.404166088724629
GTEX-1JMLX-0011-R1b-SM-G9ERV	Excit	0.0151472514001696
GTEX-1JMLX-0011-R1b-SM-G9ERV	Immune	0
GTEX-1JMLX-0011-R1b-SM-G9ERV	Mural	0
GTEX-1JMOU-0011-R1b-SM-F341B	Oligo	0.163693364842156
GTEX-1JMOU-0011-R1b-SM-F341B	Micro	0.0140297689079179
GTEX-1JMOU-0011-R1b-SM-F341B	OPC	0
GTEX-1JMOU-0011-R1b-SM-F341B	Inhib	0.00261382754175609
GTEX-1JMOU-0011-R1b-SM-F341B	Astro	0.769219369891802
GTEX-1JMOU-0011-R1b-SM-F341B	Excit	0.0503553767292961
GTEX-1JMOU-0011-R1b-SM-F341B	Immune	0
GTEX-1JMOU-0011-R1b-SM-F341B	Mural	8.8292087072468e-05
GTEX-1JMPZ-0011-R1b-SM-F6497	Oligo	0.205077604502962
GTEX-1JMPZ-0011-R1b-SM-F6497	Micro	0.00928285961273507
GTEX-1JMPZ-0011-R1b-SM-F6497	OPC	0
GTEX-1JMPZ-0011-R1b-SM-F6497	Inhib	0.00809197499052011
GTEX-1JMPZ-0011-R1b-SM-F6497	Astro	0.771837477176316
GTEX-1JMPZ-0011-R1b-SM-F6497	Excit	0.00552672569715276
GTEX-1JMPZ-0011-R1b-SM-F6497	Immune	8.51076926464173e-07
GTEX-1JMPZ-0011-R1b-SM-F6497	Mural	0.000182506943388371
GTEX-1JMQJ-0011-R1b-SM-F2T9P	Oligo	0.473976563857615
GTEX-1JMQJ-0011-R1b-SM-F2T9P	Micro	0.0469672477972509
GTEX-1JMQJ-0011-R1b-SM-F2T9P	OPC	0.000503190682614993
GTEX-1JMQJ-0011-R1b-SM-F2T9P	Inhib	0.00747940447688765
GTEX-1JMQJ-0011-R1b-SM-F2T9P	Astro	0.331341533639269
GTEX-1JMQJ-0011-R1b-SM-F2T9P	Excit	0.138206764818719
GTEX-1JMQJ-0011-R1b-SM-F2T9P	Immune	0
GTEX-1JMQJ-0011-R1b-SM-F2T9P	Mural	0.00152529472764355
GTEX-1JMQK-0011-R1a-SM-F6484	Oligo	0.105044296267669
GTEX-1JMQK-0011-R1a-SM-F6484	Micro	0.0126941861582319
GTEX-1JMQK-0011-R1a-SM-F6484	OPC	0
GTEX-1JMQK-0011-R1a-SM-F6484	Inhib	0.000896574525625094
GTEX-1JMQK-0011-R1a-SM-F6484	Astro	0.879503672129556
GTEX-1JMQK-0011-R1a-SM-F6484	Excit	0.00179445624665115
GTEX-1JMQK-0011-R1a-SM-F6484	Immune	6.68146722672923e-05
GTEX-1JMQK-0011-R1a-SM-F6484	Mural	0
GTEX-1JMQL-0011-R1a-SM-F3K4U	Oligo	0.452505313209258
GTEX-1JMQL-0011-R1a-SM-F3K4U	Micro	0.0194545796905942
GTEX-1JMQL-0011-R1a-SM-F3K4U	OPC	0
GTEX-1JMQL-0011-R1a-SM-F3K4U	Inhib	0.000758570918649984
GTEX-1JMQL-0011-R1a-SM-F3K4U	Astro	0.515421820946675
GTEX-1JMQL-0011-R1a-SM-F3K4U	Excit	0.00566038044959892
GTEX-1JMQL-0011-R1a-SM-F3K4U	Immune	0.000952006431442035
GTEX-1JMQL-0011-R1a-SM-F3K4U	Mural	0.00524732835378179
GTEX-1JN6P-0011-R1b-SM-G8LL3	Oligo	0.755180752151649
GTEX-1JN6P-0011-R1b-SM-G8LL3	Micro	0.0112027811500022
GTEX-1JN6P-0011-R1b-SM-G8LL3	OPC	0.00328848317591344
GTEX-1JN6P-0011-R1b-SM-G8LL3	Inhib	0.000727684447076424
GTEX-1JN6P-0011-R1b-SM-G8LL3	Astro	0.224327557012259
GTEX-1JN6P-0011-R1b-SM-G8LL3	Excit	0.00436983017739663
GTEX-1JN6P-0011-R1b-SM-G8LL3	Immune	0.000902911885703141
GTEX-1JN6P-0011-R1b-SM-G8LL3	Mural	0
GTEX-1KANB-0011-R1a-SM-F3K5M	Oligo	0.583570944437161
GTEX-1KANB-0011-R1a-SM-F3K5M	Micro	0
GTEX-1KANB-0011-R1a-SM-F3K5M	OPC	0.000348588012713948
GTEX-1KANB-0011-R1a-SM-F3K5M	Inhib	0.000671102701035916
GTEX-1KANB-0011-R1a-SM-F3K5M	Astro	0.411588741815294
GTEX-1KANB-0011-R1a-SM-F3K5M	Excit	0.000812802480360802
GTEX-1KANB-0011-R1a-SM-F3K5M	Immune	0.00132743266586186
GTEX-1KANB-0011-R1a-SM-F3K5M	Mural	0.00168038788757289
GTEX-1KD4Q-0011-R1a-SM-F3K4Z	Oligo	0.475408061018649
GTEX-1KD4Q-0011-R1a-SM-F3K4Z	Micro	0.00424337212808433
GTEX-1KD4Q-0011-R1a-SM-F3K4Z	OPC	0.00154193542247141
GTEX-1KD4Q-0011-R1a-SM-F3K4Z	Inhib	0.00299980156358289
GTEX-1KD4Q-0011-R1a-SM-F3K4Z	Astro	0.490939150972078
GTEX-1KD4Q-0011-R1a-SM-F3K4Z	Excit	0.022252056374358
GTEX-1KD4Q-0011-R1a-SM-F3K4Z	Immune	0.00261562252077637
GTEX-1KD4Q-0011-R1a-SM-F3K4Z	Mural	0
GTEX-1KWVE-0011-R1a-SM-F649B	Oligo	0.569911187058762
GTEX-1KWVE-0011-R1a-SM-F649B	Micro	0
GTEX-1KWVE-0011-R1a-SM-F649B	OPC	0
GTEX-1KWVE-0011-R1a-SM-F649B	Inhib	0.00453963300841308
GTEX-1KWVE-0011-R1a-SM-F649B	Astro	0.403752214758971
GTEX-1KWVE-0011-R1a-SM-F649B	Excit	0.0217969651738545
GTEX-1KWVE-0011-R1a-SM-F649B	Immune	0
GTEX-1KWVE-0011-R1a-SM-F649B	Mural	0
GTEX-1LB8K-0011-R1b-SM-EZ6MV	Oligo	0.5696241095403
GTEX-1LB8K-0011-R1b-SM-EZ6MV	Micro	0
GTEX-1LB8K-0011-R1b-SM-EZ6MV	OPC	0
GTEX-1LB8K-0011-R1b-SM-EZ6MV	Inhib	0.0003229681861361
GTEX-1LB8K-0011-R1b-SM-EZ6MV	Astro	0.429266528576679
GTEX-1LB8K-0011-R1b-SM-EZ6MV	Excit	0.000786393696884915
GTEX-1LB8K-0011-R1b-SM-EZ6MV	Immune	0
GTEX-1LB8K-0011-R1b-SM-EZ6MV	Mural	0
GTEX-1LG7Y-0011-R1a-SM-EYYWV	Oligo	0.11129108164313
GTEX-1LG7Y-0011-R1a-SM-EYYWV	Micro	0.00673543143548926
GTEX-1LG7Y-0011-R1a-SM-EYYWV	OPC	0.00324168178305312
GTEX-1LG7Y-0011-R1a-SM-EYYWV	Inhib	0.0130559982853047
GTEX-1LG7Y-0011-R1a-SM-EYYWV	Astro	0.845308317102809
GTEX-1LG7Y-0011-R1a-SM-EYYWV	Excit	0.0197825523563831
GTEX-1LG7Y-0011-R1a-SM-EYYWV	Immune	0.000584937393830519
GTEX-1LG7Y-0011-R1a-SM-EYYWV	Mural	0
GTEX-1LH75-0011-R1a-SM-F341Y	Oligo	0.163724937856095
GTEX-1LH75-0011-R1a-SM-F341Y	Micro	0.0326080388977419
GTEX-1LH75-0011-R1a-SM-F341Y	OPC	0
GTEX-1LH75-0011-R1a-SM-F341Y	Inhib	0.00669376782151846
GTEX-1LH75-0011-R1a-SM-F341Y	Astro	0.696883295338958
GTEX-1LH75-0011-R1a-SM-F341Y	Excit	0.100089960085687
GTEX-1LH75-0011-R1a-SM-F341Y	Immune	0
GTEX-1LH75-0011-R1a-SM-F341Y	Mural	0
GTEX-1LKK1-0011-R1b-SM-F2TAF	Oligo	0.287670669753275
GTEX-1LKK1-0011-R1b-SM-F2TAF	Micro	0.0187564396504563
GTEX-1LKK1-0011-R1b-SM-F2TAF	OPC	0.0175644078541594
GTEX-1LKK1-0011-R1b-SM-F2TAF	Inhib	0.00229764826870389
GTEX-1LKK1-0011-R1b-SM-F2TAF	Astro	0.661028021569356
GTEX-1LKK1-0011-R1b-SM-F2TAF	Excit	0.0126285833701068
GTEX-1LKK1-0011-R1b-SM-F2TAF	Immune	0
GTEX-1LKK1-0011-R1b-SM-F2TAF	Mural	5.42295339433492e-05
GTEX-1LSNL-0011-R1a-SM-F3K51	Oligo	0.535350253380153
GTEX-1LSNL-0011-R1a-SM-F3K51	Micro	0
GTEX-1LSNL-0011-R1a-SM-F3K51	OPC	0.00462785249922373
GTEX-1LSNL-0011-R1a-SM-F3K51	Inhib	0.00228090860451347
GTEX-1LSNL-0011-R1a-SM-F3K51	Astro	0.454985167538509
GTEX-1LSNL-0011-R1a-SM-F3K51	Excit	0.00264537547288845
GTEX-1LSNL-0011-R1a-SM-F3K51	Immune	4.42063206028786e-05
GTEX-1LSNL-0011-R1a-SM-F3K51	Mural	6.62361841105083e-05
GTEX-1LSVX-0011-R1a-SM-F3K5F	Oligo	0.240083294701258
GTEX-1LSVX-0011-R1a-SM-F3K5F	Micro	0.0295782950870905
GTEX-1LSVX-0011-R1a-SM-F3K5F	OPC	0.00217976183048087
GTEX-1LSVX-0011-R1a-SM-F3K5F	Inhib	0.0064817149004705
GTEX-1LSVX-0011-R1a-SM-F3K5F	Astro	0.721378427872452
GTEX-1LSVX-0011-R1a-SM-F3K5F	Excit	0.000298505608248044
GTEX-1LSVX-0011-R1a-SM-F3K5F	Immune	0
GTEX-1LSVX-0011-R1a-SM-F3K5F	Mural	0
GTEX-1LVA9-0011-R1b-SM-F2TB5	Oligo	0.406043902193256
GTEX-1LVA9-0011-R1b-SM-F2TB5	Micro	0.000311336986450743
GTEX-1LVA9-0011-R1b-SM-F2TB5	OPC	0.00737381573560663
GTEX-1LVA9-0011-R1b-SM-F2TB5	Inhib	0.0111443507205776
GTEX-1LVA9-0011-R1b-SM-F2TB5	Astro	0.553310003941295
GTEX-1LVA9-0011-R1b-SM-F2TB5	Excit	0.0191698055753435
GTEX-1LVA9-0011-R1b-SM-F2TB5	Immune	0.00135664548900799
GTEX-1LVA9-0011-R1b-SM-F2TB5	Mural	0.00129013935846202
GTEX-1LVAO-0011-R1a-SM-F649O	Oligo	0.214476737086905
GTEX-1LVAO-0011-R1a-SM-F649O	Micro	0.0347913540142918
GTEX-1LVAO-0011-R1a-SM-F649O	OPC	0.00482028189837693
GTEX-1LVAO-0011-R1a-SM-F649O	Inhib	0.0239334108964705
GTEX-1LVAO-0011-R1a-SM-F649O	Astro	0.69030647546081
GTEX-1LVAO-0011-R1a-SM-F649O	Excit	0.0316717406431461
GTEX-1LVAO-0011-R1a-SM-F649O	Immune	0
GTEX-1LVAO-0011-R1a-SM-F649O	Mural	0
GTEX-1MA7X-0011-R1b-SM-F2TAB	Oligo	0.202185430874525
GTEX-1MA7X-0011-R1b-SM-F2TAB	Micro	0.0249267980070288
GTEX-1MA7X-0011-R1b-SM-F2TAB	OPC	0.00573431976140744
GTEX-1MA7X-0011-R1b-SM-F2TAB	Inhib	0.00739220462179924
GTEX-1MA7X-0011-R1b-SM-F2TAB	Astro	0.738297716358302
GTEX-1MA7X-0011-R1b-SM-F2TAB	Excit	0.0194938699495466
GTEX-1MA7X-0011-R1b-SM-F2TAB	Immune	0.00196966042739116
GTEX-1MA7X-0011-R1b-SM-F2TAB	Mural	0
GTEX-1MCQQ-0011-R1a-SM-F341G	Oligo	0.495444703952418
GTEX-1MCQQ-0011-R1a-SM-F341G	Micro	0.0276404167540956
GTEX-1MCQQ-0011-R1a-SM-F341G	OPC	0.00624783447386941
GTEX-1MCQQ-0011-R1a-SM-F341G	Inhib	0.0129927156340538
GTEX-1MCQQ-0011-R1a-SM-F341G	Astro	0.43387582412979
GTEX-1MCQQ-0011-R1a-SM-F341G	Excit	0.0235542863684732
GTEX-1MCQQ-0011-R1a-SM-F341G	Immune	0.00024421868729933
GTEX-1MCQQ-0011-R1a-SM-F341G	Mural	0
GTEX-1MJK2-0011-R1b-SM-F649H	Oligo	0.407312451274302
GTEX-1MJK2-0011-R1b-SM-F649H	Micro	0.0157690775786551
GTEX-1MJK2-0011-R1b-SM-F649H	OPC	0
GTEX-1MJK2-0011-R1b-SM-F649H	Inhib	0.0117738809495288
GTEX-1MJK2-0011-R1b-SM-F649H	Astro	0.554915921579942
GTEX-1MJK2-0011-R1b-SM-F649H	Excit	0.00784088241803304
GTEX-1MJK2-0011-R1b-SM-F649H	Immune	0
GTEX-1MJK2-0011-R1b-SM-F649H	Mural	0.00238778619953879
GTEX-1N2EE-0011-R1a-SM-F3K5K	Oligo	0.179973877640396
GTEX-1N2EE-0011-R1a-SM-F3K5K	Micro	0.0238121292817074
GTEX-1N2EE-0011-R1a-SM-F3K5K	OPC	0
GTEX-1N2EE-0011-R1a-SM-F3K5K	Inhib	0.010058062012417
GTEX-1N2EE-0011-R1a-SM-F3K5K	Astro	0.685769219246334
GTEX-1N2EE-0011-R1a-SM-F3K5K	Excit	0.100386711819146
GTEX-1N2EE-0011-R1a-SM-F3K5K	Immune	0
GTEX-1N2EE-0011-R1a-SM-F3K5K	Mural	0
GTEX-1N2EF-0011-R1a-SM-F2TAT	Oligo	0.494031177560957
GTEX-1N2EF-0011-R1a-SM-F2TAT	Micro	0.00812812900976778
GTEX-1N2EF-0011-R1a-SM-F2TAT	OPC	0
GTEX-1N2EF-0011-R1a-SM-F2TAT	Inhib	0.00162880281584784
GTEX-1N2EF-0011-R1a-SM-F2TAT	Astro	0.374362730806542
GTEX-1N2EF-0011-R1a-SM-F2TAT	Excit	0.121849159806885
GTEX-1N2EF-0011-R1a-SM-F2TAT	Immune	0
GTEX-1N2EF-0011-R1a-SM-F2TAT	Mural	0
GTEX-1N5O9-0011-R1b-SM-F3K4W	Oligo	0.730999989736964
GTEX-1N5O9-0011-R1b-SM-F3K4W	Micro	0
GTEX-1N5O9-0011-R1b-SM-F3K4W	OPC	0.0174287659211313
GTEX-1N5O9-0011-R1b-SM-F3K4W	Inhib	0.00168895145979971
GTEX-1N5O9-0011-R1b-SM-F3K4W	Astro	0.229789302380472
GTEX-1N5O9-0011-R1b-SM-F3K4W	Excit	0.0168200021609562
GTEX-1N5O9-0011-R1b-SM-F3K4W	Immune	0
GTEX-1N5O9-0011-R1b-SM-F3K4W	Mural	0.00327298834067629
GTEX-1NV8Z-0011-R1b-SM-F647K	Oligo	0.360703279679192
GTEX-1NV8Z-0011-R1b-SM-F647K	Micro	0.0179746306074814
GTEX-1NV8Z-0011-R1b-SM-F647K	OPC	0.0394609007642617
GTEX-1NV8Z-0011-R1b-SM-F647K	Inhib	0.00345357964824436
GTEX-1NV8Z-0011-R1b-SM-F647K	Astro	0.543332837337946
GTEX-1NV8Z-0011-R1b-SM-F647K	Excit	0.0164083229287355
GTEX-1NV8Z-0011-R1b-SM-F647K	Immune	0
GTEX-1NV8Z-0011-R1b-SM-F647K	Mural	0.0186664490341396
GTEX-1O9I2-0011-R1a-SM-F2TAW	Oligo	0.179380827370834
GTEX-1O9I2-0011-R1a-SM-F2TAW	Micro	0.0267517601520738
GTEX-1O9I2-0011-R1a-SM-F2TAW	OPC	0.00194477096058582
GTEX-1O9I2-0011-R1a-SM-F2TAW	Inhib	0.00278775582994053
GTEX-1O9I2-0011-R1a-SM-F2TAW	Astro	0.610215624794006
GTEX-1O9I2-0011-R1a-SM-F2TAW	Excit	0.17863675645967
GTEX-1O9I2-0011-R1a-SM-F2TAW	Immune	0
GTEX-1O9I2-0011-R1a-SM-F2TAW	Mural	0.000282504432890191
GTEX-1OJC4-0011-R1a-SM-F2TAZ	Oligo	0.168925130605299
GTEX-1OJC4-0011-R1a-SM-F2TAZ	Micro	0.00430851729774846
GTEX-1OJC4-0011-R1a-SM-F2TAZ	OPC	0.000476102435113841
GTEX-1OJC4-0011-R1a-SM-F2TAZ	Inhib	0.00399119991635656
GTEX-1OJC4-0011-R1a-SM-F2TAZ	Astro	0.803816769836324
GTEX-1OJC4-0011-R1a-SM-F2TAZ	Excit	0.0184822799091577
GTEX-1OJC4-0011-R1a-SM-F2TAZ	Immune	0
GTEX-1OJC4-0011-R1a-SM-F2TAZ	Mural	0
GTEX-1P4AB-0011-R1b-SM-F2TAV	Oligo	0.132909446187814
GTEX-1P4AB-0011-R1b-SM-F2TAV	Micro	0.0118550132416605
GTEX-1P4AB-0011-R1b-SM-F2TAV	OPC	0.00629948314483634
GTEX-1P4AB-0011-R1b-SM-F2TAV	Inhib	0.0141011679455616
GTEX-1P4AB-0011-R1b-SM-F2TAV	Astro	0.816166593035965
GTEX-1P4AB-0011-R1b-SM-F2TAV	Excit	0.0186682964441628
GTEX-1P4AB-0011-R1b-SM-F2TAV	Immune	0
GTEX-1P4AB-0011-R1b-SM-F2TAV	Mural	0
GTEX-1PIIG-0011-R1a-SM-F649P	Oligo	0.285233503410605
GTEX-1PIIG-0011-R1a-SM-F649P	Micro	0.00895295337389747
GTEX-1PIIG-0011-R1a-SM-F649P	OPC	0
GTEX-1PIIG-0011-R1a-SM-F649P	Inhib	0.00528958978438472
GTEX-1PIIG-0011-R1a-SM-F649P	Astro	0.677149983076805
GTEX-1PIIG-0011-R1a-SM-F649P	Excit	0.0233739703543076
GTEX-1PIIG-0011-R1a-SM-F649P	Immune	0
GTEX-1PIIG-0011-R1a-SM-F649P	Mural	0
GTEX-1POEN-0011-R1b-SM-F3K3K	Oligo	0.357505133371325
GTEX-1POEN-0011-R1b-SM-F3K3K	Micro	0.00467769421411712
GTEX-1POEN-0011-R1b-SM-F3K3K	OPC	0.003470959591144
GTEX-1POEN-0011-R1b-SM-F3K3K	Inhib	0.0212288437260302
GTEX-1POEN-0011-R1b-SM-F3K3K	Astro	0.582414896313284
GTEX-1POEN-0011-R1b-SM-F3K3K	Excit	0.0289769163618639
GTEX-1POEN-0011-R1b-SM-F3K3K	Immune	0.00172555642223539
GTEX-1POEN-0011-R1b-SM-F3K3K	Mural	0
GTEX-1PPGY-0011-R1b-SM-G8LN3	Oligo	0.449267939160313
GTEX-1PPGY-0011-R1b-SM-G8LN3	Micro	0.0170337562631104
GTEX-1PPGY-0011-R1b-SM-G8LN3	OPC	0.0113743131627115
GTEX-1PPGY-0011-R1b-SM-G8LN3	Inhib	0.00992858785653578
GTEX-1PPGY-0011-R1b-SM-G8LN3	Astro	0.48690905170809
GTEX-1PPGY-0011-R1b-SM-G8LN3	Excit	0.0254863518492395
GTEX-1PPGY-0011-R1b-SM-G8LN3	Immune	0
GTEX-1PPGY-0011-R1b-SM-G8LN3	Mural	0
GTEX-1PWST-0011-R1b-SM-F2I38	Oligo	0.0707667692152848
GTEX-1PWST-0011-R1b-SM-F2I38	Micro	0.0125779068660013
GTEX-1PWST-0011-R1b-SM-F2I38	OPC	2.69129171284695e-05
GTEX-1PWST-0011-R1b-SM-F2I38	Inhib	0.00252147362977862
GTEX-1PWST-0011-R1b-SM-F2I38	Astro	0.897673690448844
GTEX-1PWST-0011-R1b-SM-F2I38	Excit	0.0147058186205997
GTEX-1PWST-0011-R1b-SM-F2I38	Immune	0
GTEX-1PWST-0011-R1b-SM-F2I38	Mural	0.00172742830236321
GTEX-1QMI2-0011-R1b-SM-F3K5Q	Oligo	0.246425859958435
GTEX-1QMI2-0011-R1b-SM-F3K5Q	Micro	0.0344657713269152
GTEX-1QMI2-0011-R1b-SM-F3K5Q	OPC	0.00560617836251781
GTEX-1QMI2-0011-R1b-SM-F3K5Q	Inhib	0.00519653430052763
GTEX-1QMI2-0011-R1b-SM-F3K5Q	Astro	0.698016231724169
GTEX-1QMI2-0011-R1b-SM-F3K5Q	Excit	0.0102894243274357
GTEX-1QMI2-0011-R1b-SM-F3K5Q	Immune	0
GTEX-1QMI2-0011-R1b-SM-F3K5Q	Mural	0
GTEX-1QP6S-0011-R1b-SM-F3K59	Oligo	0.673218993933746
GTEX-1QP6S-0011-R1b-SM-F3K59	Micro	0
GTEX-1QP6S-0011-R1b-SM-F3K59	OPC	0.0016147921005192
GTEX-1QP6S-0011-R1b-SM-F3K59	Inhib	0.00304351035282652
GTEX-1QP6S-0011-R1b-SM-F3K59	Astro	0.284674239533382
GTEX-1QP6S-0011-R1b-SM-F3K59	Excit	0.0374484640795257
GTEX-1QP6S-0011-R1b-SM-F3K59	Immune	0
GTEX-1QP6S-0011-R1b-SM-F3K59	Mural	0
GTEX-1R9K4-0011-R1a-SM-F342F	Oligo	0.232091601216329
GTEX-1R9K4-0011-R1a-SM-F342F	Micro	0.00739135311448014
GTEX-1R9K4-0011-R1a-SM-F342F	OPC	0.00413006885297296
GTEX-1R9K4-0011-R1a-SM-F342F	Inhib	0.00028022422823216
GTEX-1R9K4-0011-R1a-SM-F342F	Astro	0.754491394007765
GTEX-1R9K4-0011-R1a-SM-F342F	Excit	0.00136684386392925
GTEX-1R9K4-0011-R1a-SM-F342F	Immune	0.000248514716291355
GTEX-1R9K4-0011-R1a-SM-F342F	Mural	0
GTEX-1R9PO-0011-R1b-SM-F2I2G	Oligo	0.13835367639092
GTEX-1R9PO-0011-R1b-SM-F2I2G	Micro	0.0221002048941941
GTEX-1R9PO-0011-R1b-SM-F2I2G	OPC	0
GTEX-1R9PO-0011-R1b-SM-F2I2G	Inhib	0.0128310708145262
GTEX-1R9PO-0011-R1b-SM-F2I2G	Astro	0.81547699287457
GTEX-1R9PO-0011-R1b-SM-F2I2G	Excit	0.0112380550257893
GTEX-1R9PO-0011-R1b-SM-F2I2G	Immune	0
GTEX-1R9PO-0011-R1b-SM-F2I2G	Mural	0
GTEX-1RDX4-0011-R1a-SM-F3K5H	Oligo	0.317107936215571
GTEX-1RDX4-0011-R1a-SM-F3K5H	Micro	0.00154786890835158
GTEX-1RDX4-0011-R1a-SM-F3K5H	OPC	0
GTEX-1RDX4-0011-R1a-SM-F3K5H	Inhib	0.00309195032747535
GTEX-1RDX4-0011-R1a-SM-F3K5H	Astro	0.668332508226455
GTEX-1RDX4-0011-R1a-SM-F3K5H	Excit	0.00991973632214761
GTEX-1RDX4-0011-R1a-SM-F3K5H	Immune	0
GTEX-1RDX4-0011-R1a-SM-F3K5H	Mural	0
GTEX-1RNSC-0011-R1b-SM-F342D	Oligo	0.463373201064625
GTEX-1RNSC-0011-R1b-SM-F342D	Micro	0.0180494782654668
GTEX-1RNSC-0011-R1b-SM-F342D	OPC	0.0736123214445155
GTEX-1RNSC-0011-R1b-SM-F342D	Inhib	0.00624059650156133
GTEX-1RNSC-0011-R1b-SM-F342D	Astro	0.386763490948996
GTEX-1RNSC-0011-R1b-SM-F342D	Excit	0.0396767160452068
GTEX-1RNSC-0011-R1b-SM-F342D	Immune	0
GTEX-1RNSC-0011-R1b-SM-F342D	Mural	0.0122841957296287
GTEX-1RQEC-0011-R1b-SM-F2I2E	Oligo	0.328072539568509
GTEX-1RQEC-0011-R1b-SM-F2I2E	Micro	0.00373046857289334
GTEX-1RQEC-0011-R1b-SM-F2I2E	OPC	0.00399508758701714
GTEX-1RQEC-0011-R1b-SM-F2I2E	Inhib	0.00282197088832845
GTEX-1RQEC-0011-R1b-SM-F2I2E	Astro	0.557618023944127
GTEX-1RQEC-0011-R1b-SM-F2I2E	Excit	0.103761909439125
GTEX-1RQEC-0011-R1b-SM-F2I2E	Immune	0
GTEX-1RQEC-0011-R1b-SM-F2I2E	Mural	0
GTEX-1RQED-0011-R1a-SM-F3K5W	Oligo	0.335735994568866
GTEX-1RQED-0011-R1a-SM-F3K5W	Micro	0.0304538559955826
GTEX-1RQED-0011-R1a-SM-F3K5W	OPC	0.00692477397563449
GTEX-1RQED-0011-R1a-SM-F3K5W	Inhib	0.0035757530271727
GTEX-1RQED-0011-R1a-SM-F3K5W	Astro	0.589388151888576
GTEX-1RQED-0011-R1a-SM-F3K5W	Excit	0.0312164637591702
GTEX-1RQED-0011-R1a-SM-F3K5W	Immune	0.000745367165248638
GTEX-1RQED-0011-R1a-SM-F3K5W	Mural	0.00195963961975011
GTEX-N7MS-0011-R1a-SM-2HMJG	Oligo	0.585367419574425
GTEX-N7MS-0011-R1a-SM-2HMJG	Micro	0.0111068040103915
GTEX-N7MS-0011-R1a-SM-2HMJG	OPC	0.000843397071787622
GTEX-N7MS-0011-R1a-SM-2HMJG	Inhib	0.011905525432324
GTEX-N7MS-0011-R1a-SM-2HMJG	Astro	0.225202560090082
GTEX-N7MS-0011-R1a-SM-2HMJG	Excit	0.165205558049033
GTEX-N7MS-0011-R1a-SM-2HMJG	Immune	0
GTEX-N7MS-0011-R1a-SM-2HMJG	Mural	0.00036873577195669
GTEX-N7MT-0011-R1a-SM-CNPO1	Oligo	0.497809141056099
GTEX-N7MT-0011-R1a-SM-CNPO1	Micro	0.024766820961781
GTEX-N7MT-0011-R1a-SM-CNPO1	OPC	0.000581059056284863
GTEX-N7MT-0011-R1a-SM-CNPO1	Inhib	0.00533731978409194
GTEX-N7MT-0011-R1a-SM-CNPO1	Astro	0.398035734166389
GTEX-N7MT-0011-R1a-SM-CNPO1	Excit	0.0734699249753539
GTEX-N7MT-0011-R1a-SM-CNPO1	Immune	0
GTEX-N7MT-0011-R1a-SM-CNPO1	Mural	0
GTEX-NPJ7-0011-R1a-SM-3GACT	Oligo	0.185068276567256
GTEX-NPJ7-0011-R1a-SM-3GACT	Micro	0.047065333957376
GTEX-NPJ7-0011-R1a-SM-3GACT	OPC	4.07964254902333e-05
GTEX-NPJ7-0011-R1a-SM-3GACT	Inhib	0.00376182578968065
GTEX-NPJ7-0011-R1a-SM-3GACT	Astro	0.716080594061636
GTEX-NPJ7-0011-R1a-SM-3GACT	Excit	0.0452222163069258
GTEX-NPJ7-0011-R1a-SM-3GACT	Immune	0
GTEX-NPJ7-0011-R1a-SM-3GACT	Mural	0.00276095689163611
GTEX-NPJ8-0011-R1a-SM-33HCB	Oligo	0.353132418629551
GTEX-NPJ8-0011-R1a-SM-33HCB	Micro	0.00184188409511276
GTEX-NPJ8-0011-R1a-SM-33HCB	OPC	0.00106800918630685
GTEX-NPJ8-0011-R1a-SM-33HCB	Inhib	0.000563283021068448
GTEX-NPJ8-0011-R1a-SM-33HCB	Astro	0.633926200074671
GTEX-NPJ8-0011-R1a-SM-33HCB	Excit	0.00946820499328975
GTEX-NPJ8-0011-R1a-SM-33HCB	Immune	0
GTEX-NPJ8-0011-R1a-SM-33HCB	Mural	0
GTEX-OHPN-0011-R1A-SM-2I5GB	Oligo	0.325197254406745
GTEX-OHPN-0011-R1A-SM-2I5GB	Micro	0.0970087928106833
GTEX-OHPN-0011-R1A-SM-2I5GB	OPC	0.0248081909865966
GTEX-OHPN-0011-R1A-SM-2I5GB	Inhib	0.00354090974436171
GTEX-OHPN-0011-R1A-SM-2I5GB	Astro	0.492222800929488
GTEX-OHPN-0011-R1A-SM-2I5GB	Excit	0.0433589107490238
GTEX-OHPN-0011-R1A-SM-2I5GB	Immune	0.00177026059432374
GTEX-OHPN-0011-R1A-SM-2I5GB	Mural	0.0120928797787785
GTEX-P44H-0011-R1A-SM-3NM8J	Oligo	0.392240937205152
GTEX-P44H-0011-R1A-SM-3NM8J	Micro	0.000715520430841366
GTEX-P44H-0011-R1A-SM-3NM8J	OPC	0
GTEX-P44H-0011-R1A-SM-3NM8J	Inhib	0.00360416302400547
GTEX-P44H-0011-R1A-SM-3NM8J	Astro	0.579766685506357
GTEX-P44H-0011-R1A-SM-3NM8J	Excit	0.0235782887082123
GTEX-P44H-0011-R1A-SM-3NM8J	Immune	9.44051254318475e-05
GTEX-P44H-0011-R1A-SM-3NM8J	Mural	0
GTEX-Q2AG-0011-R1A-SM-2HMJI	Oligo	0.491612530279432
GTEX-Q2AG-0011-R1A-SM-2HMJI	Micro	0.000723990580665045
GTEX-Q2AG-0011-R1A-SM-2HMJI	OPC	0
GTEX-Q2AG-0011-R1A-SM-2HMJI	Inhib	0.0113775985270994
GTEX-Q2AG-0011-R1A-SM-2HMJI	Astro	0.366247643631898
GTEX-Q2AG-0011-R1A-SM-2HMJI	Excit	0.130038236980905
GTEX-Q2AG-0011-R1A-SM-2HMJI	Immune	0
GTEX-Q2AG-0011-R1A-SM-2HMJI	Mural	0
GTEX-QVUS-0011-R1A-SM-3GAD2	Oligo	0.123675950149001
GTEX-QVUS-0011-R1A-SM-3GAD2	Micro	0.0311396633033803
GTEX-QVUS-0011-R1A-SM-3GAD2	OPC	0
GTEX-QVUS-0011-R1A-SM-3GAD2	Inhib	0.00138155096753217
GTEX-QVUS-0011-R1A-SM-3GAD2	Astro	0.841863268694191
GTEX-QVUS-0011-R1A-SM-3GAD2	Excit	0.0016775462615034
GTEX-QVUS-0011-R1A-SM-3GAD2	Immune	0
GTEX-QVUS-0011-R1A-SM-3GAD2	Mural	0.000262020624392333
GTEX-RNOR-0011-R1A-SM-CNNP5	Oligo	0.364314444134068
GTEX-RNOR-0011-R1A-SM-CNNP5	Micro	0.0341027857832149
GTEX-RNOR-0011-R1A-SM-CNNP5	OPC	0
GTEX-RNOR-0011-R1A-SM-CNNP5	Inhib	0.0721863485154501
GTEX-RNOR-0011-R1A-SM-CNNP5	Astro	0.335912989824396
GTEX-RNOR-0011-R1A-SM-CNNP5	Excit	0.189006783724077
GTEX-RNOR-0011-R1A-SM-CNNP5	Immune	0
GTEX-RNOR-0011-R1A-SM-CNNP5	Mural	0.00447664801879408
GTEX-RU72-0011-R1A-SM-HAUZG	Oligo	0.378392416213546
GTEX-RU72-0011-R1A-SM-HAUZG	Micro	0.0131034814346149
GTEX-RU72-0011-R1A-SM-HAUZG	OPC	0
GTEX-RU72-0011-R1A-SM-HAUZG	Inhib	0.00150394806182746
GTEX-RU72-0011-R1A-SM-HAUZG	Astro	0.571502372472068
GTEX-RU72-0011-R1A-SM-HAUZG	Excit	0.0351412321474865
GTEX-RU72-0011-R1A-SM-HAUZG	Immune	0
GTEX-RU72-0011-R1A-SM-HAUZG	Mural	0.000356549670457412
GTEX-S7SE-0011-R1A-SM-2XCDE	Oligo	0.147052779300086
GTEX-S7SE-0011-R1A-SM-2XCDE	Micro	0.00273544763221448
GTEX-S7SE-0011-R1A-SM-2XCDE	OPC	0.00196858001504296
GTEX-S7SE-0011-R1A-SM-2XCDE	Inhib	0.00735811247022255
GTEX-S7SE-0011-R1A-SM-2XCDE	Astro	0.749655890504729
GTEX-S7SE-0011-R1A-SM-2XCDE	Excit	0.0912291900777054
GTEX-S7SE-0011-R1A-SM-2XCDE	Immune	0
GTEX-S7SE-0011-R1A-SM-2XCDE	Mural	0
GTEX-T6MN-0011-R1A-SM-32QOY	Oligo	0.624784097006502
GTEX-T6MN-0011-R1A-SM-32QOY	Micro	0.021623218187284
GTEX-T6MN-0011-R1A-SM-32QOY	OPC	0
GTEX-T6MN-0011-R1A-SM-32QOY	Inhib	0.0101730847260986
GTEX-T6MN-0011-R1A-SM-32QOY	Astro	0.265520647013379
GTEX-T6MN-0011-R1A-SM-32QOY	Excit	0.064005061902064
GTEX-T6MN-0011-R1A-SM-32QOY	Immune	0.00224691046295333
GTEX-T6MN-0011-R1A-SM-32QOY	Mural	0.0116469807017196
GTEX-UTHO-0011-R1A-SM-3GIJO	Oligo	0.509403283649673
GTEX-UTHO-0011-R1A-SM-3GIJO	Micro	0.0239544551916232
GTEX-UTHO-0011-R1A-SM-3GIJO	OPC	0
GTEX-UTHO-0011-R1A-SM-3GIJO	Inhib	0.000889894416005724
GTEX-UTHO-0011-R1A-SM-3GIJO	Astro	0.465641424381544
GTEX-UTHO-0011-R1A-SM-3GIJO	Excit	0.000110942361153971
GTEX-UTHO-0011-R1A-SM-3GIJO	Immune	0
GTEX-UTHO-0011-R1A-SM-3GIJO	Mural	0
GTEX-WHSE-0011-R1A-SM-3P5ZK	Oligo	0.217070504484439
GTEX-WHSE-0011-R1A-SM-3P5ZK	Micro	0.00389971176566732
GTEX-WHSE-0011-R1A-SM-3P5ZK	OPC	0.000957756796451398
GTEX-WHSE-0011-R1A-SM-3P5ZK	Inhib	0.00840568225444976
GTEX-WHSE-0011-R1A-SM-3P5ZK	Astro	0.550223163420746
GTEX-WHSE-0011-R1A-SM-3P5ZK	Excit	0.219153163150989
GTEX-WHSE-0011-R1A-SM-3P5ZK	Immune	4.16243966293083e-05
GTEX-WHSE-0011-R1A-SM-3P5ZK	Mural	0.000248393730627986
GTEX-WL46-0011-R1A-SM-3LK6M	Oligo	0.516505711073601
GTEX-WL46-0011-R1A-SM-3LK6M	Micro	0.0253978815614567
GTEX-WL46-0011-R1A-SM-3LK6M	OPC	0
GTEX-WL46-0011-R1A-SM-3LK6M	Inhib	0.0297701220250287
GTEX-WL46-0011-R1A-SM-3LK6M	Astro	0.340854435194987
GTEX-WL46-0011-R1A-SM-3LK6M	Excit	0.0855708347931503
GTEX-WL46-0011-R1A-SM-3LK6M	Immune	0
GTEX-WL46-0011-R1A-SM-3LK6M	Mural	0.00190101535177607
GTEX-WVLH-0011-R1A-SM-4MVOK	Oligo	0.261373584087944
GTEX-WVLH-0011-R1A-SM-4MVOK	Micro	0.00872643362356863
GTEX-WVLH-0011-R1A-SM-4MVOK	OPC	0
GTEX-WVLH-0011-R1A-SM-4MVOK	Inhib	0.00667450361981575
GTEX-WVLH-0011-R1A-SM-4MVOK	Astro	0.696858143495799
GTEX-WVLH-0011-R1A-SM-4MVOK	Excit	0.0259203321382063
GTEX-WVLH-0011-R1A-SM-4MVOK	Immune	0
GTEX-WVLH-0011-R1A-SM-4MVOK	Mural	0.00044700303466616
GTEX-WWYW-0011-R1A-SM-3TW8G	Oligo	0.276563517622126
GTEX-WWYW-0011-R1A-SM-3TW8G	Micro	0.0187003384365376
GTEX-WWYW-0011-R1A-SM-3TW8G	OPC	0
GTEX-WWYW-0011-R1A-SM-3TW8G	Inhib	0.0262925436537322
GTEX-WWYW-0011-R1A-SM-3TW8G	Astro	0.564744534686778
GTEX-WWYW-0011-R1A-SM-3TW8G	Excit	0.113699065600826
GTEX-WWYW-0011-R1A-SM-3TW8G	Immune	0
GTEX-WWYW-0011-R1A-SM-3TW8G	Mural	0
GTEX-WZTO-0011-R1B-SM-3NMAR	Oligo	0.571073915137186
GTEX-WZTO-0011-R1B-SM-3NMAR	Micro	0.00303792884766866
GTEX-WZTO-0011-R1B-SM-3NMAR	OPC	0
GTEX-WZTO-0011-R1B-SM-3NMAR	Inhib	0.00846260538852007
GTEX-WZTO-0011-R1B-SM-3NMAR	Astro	0.408198010932429
GTEX-WZTO-0011-R1B-SM-3NMAR	Excit	0.00922753969419628
GTEX-WZTO-0011-R1B-SM-3NMAR	Immune	0
GTEX-WZTO-0011-R1B-SM-3NMAR	Mural	0
GTEX-X4XX-0011-R1B-SM-3P622	Oligo	0.265110694732061
GTEX-X4XX-0011-R1B-SM-3P622	Micro	0.0430549038113721
GTEX-X4XX-0011-R1B-SM-3P622	OPC	0
GTEX-X4XX-0011-R1B-SM-3P622	Inhib	0.0155849797823948
GTEX-X4XX-0011-R1B-SM-3P622	Astro	0.657941094302984
GTEX-X4XX-0011-R1B-SM-3P622	Excit	0.0183083273711884
GTEX-X4XX-0011-R1B-SM-3P622	Immune	0
GTEX-X4XX-0011-R1B-SM-3P622	Mural	0
GTEX-X585-0011-R1B-SM-46MVE	Oligo	0.338341259636076
GTEX-X585-0011-R1B-SM-46MVE	Micro	0.0470675955023646
GTEX-X585-0011-R1B-SM-46MVE	OPC	0
GTEX-X585-0011-R1B-SM-46MVE	Inhib	0.0263210094262035
GTEX-X585-0011-R1B-SM-46MVE	Astro	0.374890957172479
GTEX-X585-0011-R1B-SM-46MVE	Excit	0.213014662646405
GTEX-X585-0011-R1B-SM-46MVE	Immune	0.000364515616472093
GTEX-X585-0011-R1B-SM-46MVE	Mural	0
GTEX-XMD1-0011-R1A-SM-4AT4C	Oligo	0.472858503543042
GTEX-XMD1-0011-R1A-SM-4AT4C	Micro	0.0239611795606196
GTEX-XMD1-0011-R1A-SM-4AT4C	OPC	0.00205816664216341
GTEX-XMD1-0011-R1A-SM-4AT4C	Inhib	0.000323173814184636
GTEX-XMD1-0011-R1A-SM-4AT4C	Astro	0.500674128855093
GTEX-XMD1-0011-R1A-SM-4AT4C	Excit	0.000124847584897051
GTEX-XMD1-0011-R1A-SM-4AT4C	Immune	0
GTEX-XMD1-0011-R1A-SM-4AT4C	Mural	0
GTEX-Y8DK-0011-R1A-SM-4RGLO	Oligo	0.383748954953399
GTEX-Y8DK-0011-R1A-SM-4RGLO	Micro	0
GTEX-Y8DK-0011-R1A-SM-4RGLO	OPC	0.00627647050226757
GTEX-Y8DK-0011-R1A-SM-4RGLO	Inhib	0.0068928882685092
GTEX-Y8DK-0011-R1A-SM-4RGLO	Astro	0.431758818390769
GTEX-Y8DK-0011-R1A-SM-4RGLO	Excit	0.150242195956201
GTEX-Y8DK-0011-R1A-SM-4RGLO	Immune	0
GTEX-Y8DK-0011-R1A-SM-4RGLO	Mural	0.0210806719288548
GTEX-YFC4-0011-R1a-SM-4V6EH	Oligo	0.332656657663072
GTEX-YFC4-0011-R1a-SM-4V6EH	Micro	0.000341123618994871
GTEX-YFC4-0011-R1a-SM-4V6EH	OPC	0.000559941374708909
GTEX-YFC4-0011-R1a-SM-4V6EH	Inhib	0.00990809710219146
GTEX-YFC4-0011-R1a-SM-4V6EH	Astro	0.450236387873817
GTEX-YFC4-0011-R1a-SM-4V6EH	Excit	0.206297792367216
GTEX-YFC4-0011-R1a-SM-4V6EH	Immune	0
GTEX-YFC4-0011-R1a-SM-4V6EH	Mural	0
GTEX-YJ89-0011-R1a-SM-4RGLS	Oligo	0.52743197374856
GTEX-YJ89-0011-R1a-SM-4RGLS	Micro	0.0526389235772657
GTEX-YJ89-0011-R1a-SM-4RGLS	OPC	0.0245544580309236
GTEX-YJ89-0011-R1a-SM-4RGLS	Inhib	0.0140430520010917
GTEX-YJ89-0011-R1a-SM-4RGLS	Astro	0.289407276865924
GTEX-YJ89-0011-R1a-SM-4RGLS	Excit	0.067117829548947
GTEX-YJ89-0011-R1a-SM-4RGLS	Immune	0
GTEX-YJ89-0011-R1a-SM-4RGLS	Mural	0.0248064862272882
GTEX-ZAB4-0011-R1a-SM-4RGNO	Oligo	0.376082437677631
GTEX-ZAB4-0011-R1a-SM-4RGNO	Micro	0.00641497638187237
GTEX-ZAB4-0011-R1a-SM-4RGNO	OPC	0
GTEX-ZAB4-0011-R1a-SM-4RGNO	Inhib	0.00147485263236905
GTEX-ZAB4-0011-R1a-SM-4RGNO	Astro	0.585729926873831
GTEX-ZAB4-0011-R1a-SM-4RGNO	Excit	0.0302978064342962
GTEX-ZAB4-0011-R1a-SM-4RGNO	Immune	0
GTEX-ZAB4-0011-R1a-SM-4RGNO	Mural	0
GTEX-ZAJG-0011-R1a-SM-GQ1CV	Oligo	0.741432712024128
GTEX-ZAJG-0011-R1a-SM-GQ1CV	Micro	0.00357604149974529
GTEX-ZAJG-0011-R1a-SM-GQ1CV	OPC	0.00128765843957528
GTEX-ZAJG-0011-R1a-SM-GQ1CV	Inhib	0.00185931368777147
GTEX-ZAJG-0011-R1a-SM-GQ1CV	Astro	0.236653466467686
GTEX-ZAJG-0011-R1a-SM-GQ1CV	Excit	0.0100919868995831
GTEX-ZAJG-0011-R1a-SM-GQ1CV	Immune	0.00509882098151113
GTEX-ZAJG-0011-R1a-SM-GQ1CV	Mural	0
GTEX-ZAK1-0011-R1a-SM-GRR1R	Oligo	0.381722320486703
GTEX-ZAK1-0011-R1a-SM-GRR1R	Micro	0.0239384318046572
GTEX-ZAK1-0011-R1a-SM-GRR1R	OPC	0
GTEX-ZAK1-0011-R1a-SM-GRR1R	Inhib	0.0053063892778166
GTEX-ZAK1-0011-R1a-SM-GRR1R	Astro	0.579712163741539
GTEX-ZAK1-0011-R1a-SM-GRR1R	Excit	0.00904171643758381
GTEX-ZAK1-0011-R1a-SM-GRR1R	Immune	0.000278978251700613
GTEX-ZAK1-0011-R1a-SM-GRR1R	Mural	0
GTEX-ZDXO-0011-R1a-SM-4WKF4	Oligo	0.147229031377771
GTEX-ZDXO-0011-R1a-SM-4WKF4	Micro	0.0126885194925735
GTEX-ZDXO-0011-R1a-SM-4WKF4	OPC	0
GTEX-ZDXO-0011-R1a-SM-4WKF4	Inhib	0.0150039569808081
GTEX-ZDXO-0011-R1a-SM-4WKF4	Astro	0.7823373553615
GTEX-ZDXO-0011-R1a-SM-4WKF4	Excit	0.0427411367873471
GTEX-ZDXO-0011-R1a-SM-4WKF4	Immune	0
GTEX-ZDXO-0011-R1a-SM-4WKF4	Mural	0
GTEX-ZF28-0011-R1a-SM-4WWD1	Oligo	0.35173472056732
GTEX-ZF28-0011-R1a-SM-4WWD1	Micro	0.0233625042806804
GTEX-ZF28-0011-R1a-SM-4WWD1	OPC	0.00853560837174726
GTEX-ZF28-0011-R1a-SM-4WWD1	Inhib	0.00636852514050958
GTEX-ZF28-0011-R1a-SM-4WWD1	Astro	0.568624838183674
GTEX-ZF28-0011-R1a-SM-4WWD1	Excit	0.0380993898840689
GTEX-ZF28-0011-R1a-SM-4WWD1	Immune	0.00327441357200041
GTEX-ZF28-0011-R1a-SM-4WWD1	Mural	0
GTEX-ZUA1-0011-R1a-SM-4YCE2	Oligo	0.348497690543418
GTEX-ZUA1-0011-R1a-SM-4YCE2	Micro	0.00855694565769697
GTEX-ZUA1-0011-R1a-SM-4YCE2	OPC	0
GTEX-ZUA1-0011-R1a-SM-4YCE2	Inhib	0.0142327233089044
GTEX-ZUA1-0011-R1a-SM-4YCE2	Astro	0.62262269823648
GTEX-ZUA1-0011-R1a-SM-4YCE2	Excit	0.00608994225350101
GTEX-ZUA1-0011-R1a-SM-4YCE2	Immune	0
GTEX-ZUA1-0011-R1a-SM-4YCE2	Mural	0
GTEX-ZVZQ-0011-R1a-SM-57WBU	Oligo	0.582986945321388
GTEX-ZVZQ-0011-R1a-SM-57WBU	Micro	0.020738607956839
GTEX-ZVZQ-0011-R1a-SM-57WBU	OPC	0.0337640194274622
GTEX-ZVZQ-0011-R1a-SM-57WBU	Inhib	0.00908606018899867
GTEX-ZVZQ-0011-R1a-SM-57WBU	Astro	0.33188380682531
GTEX-ZVZQ-0011-R1a-SM-57WBU	Excit	0.0176553891962131
GTEX-ZVZQ-0011-R1a-SM-57WBU	Immune	0
GTEX-ZVZQ-0011-R1a-SM-57WBU	Mural	0.00388517108378931
GTEX-ZYFD-0011-R1b-SM-GRR1T	Oligo	0.469375372765891
GTEX-ZYFD-0011-R1b-SM-GRR1T	Micro	0.00400376074028629
GTEX-ZYFD-0011-R1b-SM-GRR1T	OPC	0.00334085080490823
GTEX-ZYFD-0011-R1b-SM-GRR1T	Inhib	0
GTEX-ZYFD-0011-R1b-SM-GRR1T	Astro	0.523262192341721
GTEX-ZYFD-0011-R1b-SM-GRR1T	Excit	0
GTEX-ZYFD-0011-R1b-SM-GRR1T	Immune	0
GTEX-ZYFD-0011-R1b-SM-GRR1T	Mural	1.78233471936378e-05
GTEX-ZYY3-0011-R1b-SM-GPI92	Oligo	0.427751888171074
GTEX-ZYY3-0011-R1b-SM-GPI92	Micro	0.00205419170619939
GTEX-ZYY3-0011-R1b-SM-GPI92	OPC	2.31302759721412e-05
GTEX-ZYY3-0011-R1b-SM-GPI92	Inhib	0.000288421776329824
GTEX-ZYY3-0011-R1b-SM-GPI92	Astro	0.556972312596264
GTEX-ZYY3-0011-R1b-SM-GPI92	Excit	0.011267542198849
GTEX-ZYY3-0011-R1b-SM-GPI92	Immune	0.00023327029085846
GTEX-ZYY3-0011-R1b-SM-GPI92	Mural	0.00140924298445401
GTEX-ZZPT-0011-R1b-SM-GNINL	Oligo	0.0875045691014443
GTEX-ZZPT-0011-R1b-SM-GNINL	Micro	0.00595156488181968
GTEX-ZZPT-0011-R1b-SM-GNINL	OPC	0
GTEX-ZZPT-0011-R1b-SM-GNINL	Inhib	0.00518379667700799
GTEX-ZZPT-0011-R1b-SM-GNINL	Astro	0.809329564362283
GTEX-ZZPT-0011-R1b-SM-GNINL	Excit	0.0920305049774445
GTEX-ZZPT-0011-R1b-SM-GNINL	Immune	0
GTEX-ZZPT-0011-R1b-SM-GNINL	Mural	0
