sample_id	cell_type	proportion
GTEX-1117F-0011-R6a-SM-GI4VX	Oligo	0.461050020411935
GTEX-1117F-0011-R6a-SM-GI4VX	Micro	0.0760010839249956
GTEX-1117F-0011-R6a-SM-GI4VX	Astro	0.348131202140932
GTEX-1117F-0011-R6a-SM-GI4VX	D1-SPN	0.0427965092244483
GTEX-1117F-0011-R6a-SM-GI4VX	D2-SPN	0.0192430639995022
GTEX-1117F-0011-R6a-SM-GI4VX	OPC	0.0384860318743235
GTEX-1117F-0011-R6a-SM-GI4VX	Inhib	0.000262136511330232
GTEX-1117F-0011-R6a-SM-GI4VX	Immune	0.0140299519125333
GTEX-111FC-0011-R6b-SM-GIN8M	Oligo	0.401797292656745
GTEX-111FC-0011-R6b-SM-GIN8M	Micro	0.0849611783341207
GTEX-111FC-0011-R6b-SM-GIN8M	Astro	0.246854053192653
GTEX-111FC-0011-R6b-SM-GIN8M	D1-SPN	0.0829665555503151
GTEX-111FC-0011-R6b-SM-GIN8M	D2-SPN	0.139048605040952
GTEX-111FC-0011-R6b-SM-GIN8M	OPC	0.0328831141676097
GTEX-111FC-0011-R6b-SM-GIN8M	Inhib	0.00700638918038481
GTEX-111FC-0011-R6b-SM-GIN8M	Immune	0.00448281187721982
GTEX-117XS-0011-R6b-SM-GHWOC	Oligo	0.599289762757516
GTEX-117XS-0011-R6b-SM-GHWOC	Micro	0.0677385722646707
GTEX-117XS-0011-R6b-SM-GHWOC	Astro	0.162216149023947
GTEX-117XS-0011-R6b-SM-GHWOC	D1-SPN	0.0277181165893661
GTEX-117XS-0011-R6b-SM-GHWOC	D2-SPN	0.0470923601277557
GTEX-117XS-0011-R6b-SM-GHWOC	OPC	0.0875663209560885
GTEX-117XS-0011-R6b-SM-GHWOC	Inhib	0.00648454743084252
GTEX-117XS-0011-R6b-SM-GHWOC	Immune	0.00189417084981298
GTEX-1192X-0011-R6a-SM-DNZZB	Oligo	0.348492700748183
GTEX-1192X-0011-R6a-SM-DNZZB	Micro	0.0691441374234512
GTEX-1192X-0011-R6a-SM-DNZZB	Astro	0.46564833190952
GTEX-1192X-0011-R6a-SM-DNZZB	D1-SPN	0.0296134524592307
GTEX-1192X-0011-R6a-SM-DNZZB	D2-SPN	0.0274894972358201
GTEX-1192X-0011-R6a-SM-DNZZB	OPC	0.0485902025549954
GTEX-1192X-0011-R6a-SM-DNZZB	Inhib	0.00403337555066609
GTEX-1192X-0011-R6a-SM-DNZZB	Immune	0.00698830211813397
GTEX-11DXW-0011-R6a-SM-DO11N	Oligo	0.73969775665989
GTEX-11DXW-0011-R6a-SM-DO11N	Micro	0.0113258378590575
GTEX-11DXW-0011-R6a-SM-DO11N	Astro	0.0700241211828908
GTEX-11DXW-0011-R6a-SM-DO11N	D1-SPN	0
GTEX-11DXW-0011-R6a-SM-DO11N	D2-SPN	0
GTEX-11DXW-0011-R6a-SM-DO11N	OPC	0.0521188382878102
GTEX-11DXW-0011-R6a-SM-DO11N	Inhib	0.120998366169468
GTEX-11DXW-0011-R6a-SM-DO11N	Immune	0.00583507984088375
GTEX-11DXY-0011-R6a-SM-DNZZF	Oligo	0.367812074809027
GTEX-11DXY-0011-R6a-SM-DNZZF	Micro	0.0944271598501533
GTEX-11DXY-0011-R6a-SM-DNZZF	Astro	0.279185606384158
GTEX-11DXY-0011-R6a-SM-DNZZF	D1-SPN	0.0748779644442938
GTEX-11DXY-0011-R6a-SM-DNZZF	D2-SPN	0.150510977405741
GTEX-11DXY-0011-R6a-SM-DNZZF	OPC	0.0199591237749242
GTEX-11DXY-0011-R6a-SM-DNZZF	Inhib	0.00648510840365402
GTEX-11DXY-0011-R6a-SM-DNZZF	Immune	0.00674198492804799
GTEX-11DYG-0011-R6a-SM-DO936	Oligo	0.8470463827084
GTEX-11DYG-0011-R6a-SM-DO936	Micro	0.0229199857696707
GTEX-11DYG-0011-R6a-SM-DO936	Astro	0.0784305551040888
GTEX-11DYG-0011-R6a-SM-DO936	D1-SPN	0.003416367500389
GTEX-11DYG-0011-R6a-SM-DO936	D2-SPN	0
GTEX-11DYG-0011-R6a-SM-DO936	OPC	0.03419178557531
GTEX-11DYG-0011-R6a-SM-DO936	Inhib	0.00109244926283864
GTEX-11DYG-0011-R6a-SM-DO936	Immune	0.0129024740793033
GTEX-11DZ1-0011-R6b-SM-DNZZG	Oligo	0.23782061794327
GTEX-11DZ1-0011-R6b-SM-DNZZG	Micro	0.228776634813948
GTEX-11DZ1-0011-R6b-SM-DNZZG	Astro	0.312617048657605
GTEX-11DZ1-0011-R6b-SM-DNZZG	D1-SPN	0.107023922710327
GTEX-11DZ1-0011-R6b-SM-DNZZG	D2-SPN	0.0821240257852942
GTEX-11DZ1-0011-R6b-SM-DNZZG	OPC	0.00715950282482152
GTEX-11DZ1-0011-R6b-SM-DNZZG	Inhib	0.00938289322965731
GTEX-11DZ1-0011-R6b-SM-DNZZG	Immune	0.0150953540350782
GTEX-11EI6-0011-R6a-SM-GJ3RN	Oligo	0.305690660431596
GTEX-11EI6-0011-R6a-SM-GJ3RN	Micro	0.0974180323547391
GTEX-11EI6-0011-R6a-SM-GJ3RN	Astro	0.431102574714848
GTEX-11EI6-0011-R6a-SM-GJ3RN	D1-SPN	0.0225788845427041
GTEX-11EI6-0011-R6a-SM-GJ3RN	D2-SPN	0.0481953646372579
GTEX-11EI6-0011-R6a-SM-GJ3RN	OPC	0.0893665787848179
GTEX-11EI6-0011-R6a-SM-GJ3RN	Inhib	0.00133905737234819
GTEX-11EI6-0011-R6a-SM-GJ3RN	Immune	0.00430884716168888
GTEX-11EMC-0011-R6b-SM-GIN8N	Oligo	0.486191573004132
GTEX-11EMC-0011-R6b-SM-GIN8N	Micro	0.00780477886992351
GTEX-11EMC-0011-R6b-SM-GIN8N	Astro	0.461392275348791
GTEX-11EMC-0011-R6b-SM-GIN8N	D1-SPN	0.000762106310596047
GTEX-11EMC-0011-R6b-SM-GIN8N	D2-SPN	0
GTEX-11EMC-0011-R6b-SM-GIN8N	OPC	0.0351810988909641
GTEX-11EMC-0011-R6b-SM-GIN8N	Inhib	0.00106628542095511
GTEX-11EMC-0011-R6b-SM-GIN8N	Immune	0.00760188215463823
GTEX-11GS4-0011-R6a-SM-GINAG	Oligo	0.0839833732736419
GTEX-11GS4-0011-R6a-SM-GINAG	Micro	0.0722797313495361
GTEX-11GS4-0011-R6a-SM-GINAG	Astro	0.39857033836728
GTEX-11GS4-0011-R6a-SM-GINAG	D1-SPN	0.267866258836153
GTEX-11GS4-0011-R6a-SM-GINAG	D2-SPN	0.137764767025386
GTEX-11GS4-0011-R6a-SM-GINAG	OPC	0.0273071506088318
GTEX-11GS4-0011-R6a-SM-GINAG	Inhib	0.00707846760064813
GTEX-11GS4-0011-R6a-SM-GINAG	Immune	0.00514991293852325
GTEX-11GSO-0011-R6a-SM-GJ3RC	Oligo	0.261705706467855
GTEX-11GSO-0011-R6a-SM-GJ3RC	Micro	0.0626606724195104
GTEX-11GSO-0011-R6a-SM-GJ3RC	Astro	0.367488216129369
GTEX-11GSO-0011-R6a-SM-GJ3RC	D1-SPN	0.104462582315251
GTEX-11GSO-0011-R6a-SM-GJ3RC	D2-SPN	0.110949563639654
GTEX-11GSO-0011-R6a-SM-GJ3RC	OPC	0.0681375202170776
GTEX-11GSO-0011-R6a-SM-GJ3RC	Inhib	0.0147064426504802
GTEX-11GSO-0011-R6a-SM-GJ3RC	Immune	0.00988929616080216
GTEX-11GSP-0011-R6b-SM-57WBQ	Oligo	0.543763438169158
GTEX-11GSP-0011-R6b-SM-57WBQ	Micro	0.0206553438521579
GTEX-11GSP-0011-R6b-SM-57WBQ	Astro	0.341710999319566
GTEX-11GSP-0011-R6b-SM-57WBQ	D1-SPN	0.00447021939463626
GTEX-11GSP-0011-R6b-SM-57WBQ	D2-SPN	0
GTEX-11GSP-0011-R6b-SM-57WBQ	OPC	0.0716915906844746
GTEX-11GSP-0011-R6b-SM-57WBQ	Inhib	0.00714168358265547
GTEX-11GSP-0011-R6b-SM-57WBQ	Immune	0.0105667249973517
GTEX-11H98-0011-R6a-SM-GI4W1	Oligo	0.38132371161845
GTEX-11H98-0011-R6a-SM-GI4W1	Micro	0.104137542488835
GTEX-11H98-0011-R6a-SM-GI4W1	Astro	0.400286235062754
GTEX-11H98-0011-R6a-SM-GI4W1	D1-SPN	0.0289223337976568
GTEX-11H98-0011-R6a-SM-GI4W1	D2-SPN	0
GTEX-11H98-0011-R6a-SM-GI4W1	OPC	0.0740107834947104
GTEX-11H98-0011-R6a-SM-GI4W1	Inhib	0.00842678900412206
GTEX-11H98-0011-R6a-SM-GI4W1	Immune	0.00289260453347236
GTEX-11NUK-0011-R6a-SM-DO93O	Oligo	0.622951721251017
GTEX-11NUK-0011-R6a-SM-DO93O	Micro	0.0548947949305992
GTEX-11NUK-0011-R6a-SM-DO93O	Astro	0.223014913743846
GTEX-11NUK-0011-R6a-SM-DO93O	D1-SPN	0.00526432224649614
GTEX-11NUK-0011-R6a-SM-DO93O	D2-SPN	0.0424343721884719
GTEX-11NUK-0011-R6a-SM-DO93O	OPC	0.0390439901552953
GTEX-11NUK-0011-R6a-SM-DO93O	Inhib	0.00573936027603217
GTEX-11NUK-0011-R6a-SM-DO93O	Immune	0.00665652520824172
GTEX-11NV4-0011-R6a-SM-57WD5	Oligo	0.367677097009114
GTEX-11NV4-0011-R6a-SM-57WD5	Micro	0.140232027598465
GTEX-11NV4-0011-R6a-SM-57WD5	Astro	0.290521343930952
GTEX-11NV4-0011-R6a-SM-57WD5	D1-SPN	0.063452886643183
GTEX-11NV4-0011-R6a-SM-57WD5	D2-SPN	0.0920888757585253
GTEX-11NV4-0011-R6a-SM-57WD5	OPC	0.026786183104451
GTEX-11NV4-0011-R6a-SM-57WD5	Inhib	0.0134385387675719
GTEX-11NV4-0011-R6a-SM-57WD5	Immune	0.00580304718773689
GTEX-11O72-0011-R6a-SM-DNZZQ	Oligo	0.296049161865008
GTEX-11O72-0011-R6a-SM-DNZZQ	Micro	0.0746742747069126
GTEX-11O72-0011-R6a-SM-DNZZQ	Astro	0.421252080182563
GTEX-11O72-0011-R6a-SM-DNZZQ	D1-SPN	0.0248981232707848
GTEX-11O72-0011-R6a-SM-DNZZQ	D2-SPN	0.0764047958804277
GTEX-11O72-0011-R6a-SM-DNZZQ	OPC	0.075167318241781
GTEX-11O72-0011-R6a-SM-DNZZQ	Inhib	0.00379572156544822
GTEX-11O72-0011-R6a-SM-DNZZQ	Immune	0.0277585242870746
GTEX-11OF3-0011-R6b-SM-57WBG	Oligo	0.50026657825057
GTEX-11OF3-0011-R6b-SM-57WBG	Micro	0.0785847697137624
GTEX-11OF3-0011-R6b-SM-57WBG	Astro	0.244301780390991
GTEX-11OF3-0011-R6b-SM-57WBG	D1-SPN	0.0642731193351496
GTEX-11OF3-0011-R6b-SM-57WBG	D2-SPN	0.0533392372141907
GTEX-11OF3-0011-R6b-SM-57WBG	OPC	0.0499422165060032
GTEX-11OF3-0011-R6b-SM-57WBG	Inhib	0.00585147777598768
GTEX-11OF3-0011-R6b-SM-57WBG	Immune	0.00344082081334593
GTEX-11ONC-0011-R6a-SM-DO12A	Oligo	0.25865843556493
GTEX-11ONC-0011-R6a-SM-DO12A	Micro	0.0814835189086631
GTEX-11ONC-0011-R6a-SM-DO12A	Astro	0.503652236105403
GTEX-11ONC-0011-R6a-SM-DO12A	D1-SPN	0.0367461278369361
GTEX-11ONC-0011-R6a-SM-DO12A	D2-SPN	0.0524161485831699
GTEX-11ONC-0011-R6a-SM-DO12A	OPC	0.0507538348905419
GTEX-11ONC-0011-R6a-SM-DO12A	Inhib	0.00711713000610642
GTEX-11ONC-0011-R6a-SM-DO12A	Immune	0.00917256810424941
GTEX-11PRG-0011-R6b-SM-DO923	Oligo	0.791771631852175
GTEX-11PRG-0011-R6b-SM-DO923	Micro	0.0489139617627784
GTEX-11PRG-0011-R6b-SM-DO923	Astro	0.114921320616184
GTEX-11PRG-0011-R6b-SM-DO923	D1-SPN	0.00564776235208517
GTEX-11PRG-0011-R6b-SM-DO923	D2-SPN	0.00165983737000876
GTEX-11PRG-0011-R6b-SM-DO923	OPC	0.0255990039334098
GTEX-11PRG-0011-R6b-SM-DO923	Inhib	0.00306255726484463
GTEX-11PRG-0011-R6b-SM-DO923	Immune	0.00842392484851377
GTEX-11TTK-0011-R6b-SM-DNZZW	Oligo	0.501688660926474
GTEX-11TTK-0011-R6b-SM-DNZZW	Micro	0.0562551018615967
GTEX-11TTK-0011-R6b-SM-DNZZW	Astro	0.366524063016382
GTEX-11TTK-0011-R6b-SM-DNZZW	D1-SPN	0.0140998528845153
GTEX-11TTK-0011-R6b-SM-DNZZW	D2-SPN	0
GTEX-11TTK-0011-R6b-SM-DNZZW	OPC	0.0272841341156535
GTEX-11TTK-0011-R6b-SM-DNZZW	Inhib	0.010441852818499
GTEX-11TTK-0011-R6b-SM-DNZZW	Immune	0.0237063343768793
GTEX-11UD1-0011-R6b-SM-GI4WJ	Oligo	0.446369937668085
GTEX-11UD1-0011-R6b-SM-GI4WJ	Micro	0.0482704498591843
GTEX-11UD1-0011-R6b-SM-GI4WJ	Astro	0.387227133760344
GTEX-11UD1-0011-R6b-SM-GI4WJ	D1-SPN	0.0259631333473498
GTEX-11UD1-0011-R6b-SM-GI4WJ	D2-SPN	0.035546739838251
GTEX-11UD1-0011-R6b-SM-GI4WJ	OPC	0.0517201951989263
GTEX-11UD1-0011-R6b-SM-GI4WJ	Inhib	1.39319392407491e-05
GTEX-11UD1-0011-R6b-SM-GI4WJ	Immune	0.00488847838861931
GTEX-11WQC-0011-R6a-SM-5BC77	Oligo	0.473983712085674
GTEX-11WQC-0011-R6a-SM-5BC77	Micro	0.0795637026194583
GTEX-11WQC-0011-R6a-SM-5BC77	Astro	0.233004231450443
GTEX-11WQC-0011-R6a-SM-5BC77	D1-SPN	0.0195135016538322
GTEX-11WQC-0011-R6a-SM-5BC77	D2-SPN	0.0834329187875179
GTEX-11WQC-0011-R6a-SM-5BC77	OPC	0.0920850543353632
GTEX-11WQC-0011-R6a-SM-5BC77	Inhib	0.00552097386367005
GTEX-11WQC-0011-R6a-SM-5BC77	Immune	0.0128959052040412
GTEX-11ZU8-0011-R6b-SM-GJ3PZ	Oligo	0.661054690483285
GTEX-11ZU8-0011-R6b-SM-GJ3PZ	Micro	0.0142720417024651
GTEX-11ZU8-0011-R6b-SM-GJ3PZ	Astro	0.236343582401244
GTEX-11ZU8-0011-R6b-SM-GJ3PZ	D1-SPN	0.0113198719001937
GTEX-11ZU8-0011-R6b-SM-GJ3PZ	D2-SPN	0
GTEX-11ZU8-0011-R6b-SM-GJ3PZ	OPC	0.0677812980971445
GTEX-11ZU8-0011-R6b-SM-GJ3PZ	Inhib	0.00453659111619682
GTEX-11ZU8-0011-R6b-SM-GJ3PZ	Immune	0.00469192429947042
GTEX-11ZVC-0011-R6b-SM-GI4VG	Oligo	0.286415847408316
GTEX-11ZVC-0011-R6b-SM-GI4VG	Micro	0.101130048854173
GTEX-11ZVC-0011-R6b-SM-GI4VG	Astro	0.551013980747548
GTEX-11ZVC-0011-R6b-SM-GI4VG	D1-SPN	0.00686170206857642
GTEX-11ZVC-0011-R6b-SM-GI4VG	D2-SPN	0
GTEX-11ZVC-0011-R6b-SM-GI4VG	OPC	0.043114831618596
GTEX-11ZVC-0011-R6b-SM-GI4VG	Inhib	0.00210411873156019
GTEX-11ZVC-0011-R6b-SM-GI4VG	Immune	0.00935947057123077
GTEX-12126-0011-R6b-SM-GIN99	Oligo	0.381007069960921
GTEX-12126-0011-R6b-SM-GIN99	Micro	0.050640189561816
GTEX-12126-0011-R6b-SM-GIN99	Astro	0.304293339913951
GTEX-12126-0011-R6b-SM-GIN99	D1-SPN	0.000936663163810289
GTEX-12126-0011-R6b-SM-GIN99	D2-SPN	0.202879223287312
GTEX-12126-0011-R6b-SM-GIN99	OPC	0.0491131791919332
GTEX-12126-0011-R6b-SM-GIN99	Inhib	0.0102602887838033
GTEX-12126-0011-R6b-SM-GIN99	Immune	0.000870046136453473
GTEX-12584-0011-R6a-SM-5NQ7C	Oligo	0.180572009750019
GTEX-12584-0011-R6a-SM-5NQ7C	Micro	0.0492782307612874
GTEX-12584-0011-R6a-SM-5NQ7C	Astro	0.65419012994571
GTEX-12584-0011-R6a-SM-5NQ7C	D1-SPN	0.00739712217074024
GTEX-12584-0011-R6a-SM-5NQ7C	D2-SPN	0
GTEX-12584-0011-R6a-SM-5NQ7C	OPC	0.105429987801469
GTEX-12584-0011-R6a-SM-5NQ7C	Inhib	0.0024981295672762
GTEX-12584-0011-R6a-SM-5NQ7C	Immune	0.000634390003498427
GTEX-12WSC-0011-R6b-SM-5LU99	Oligo	0.384517243994405
GTEX-12WSC-0011-R6b-SM-5LU99	Micro	0.132086228195278
GTEX-12WSC-0011-R6b-SM-5LU99	Astro	0.161268704540179
GTEX-12WSC-0011-R6b-SM-5LU99	D1-SPN	0.091149722315052
GTEX-12WSC-0011-R6b-SM-5LU99	D2-SPN	0.149237888765768
GTEX-12WSC-0011-R6b-SM-5LU99	OPC	0.0644326555150135
GTEX-12WSC-0011-R6b-SM-5LU99	Inhib	0.0121475476754577
GTEX-12WSC-0011-R6b-SM-5LU99	Immune	0.00516000899884764
GTEX-12WSE-0011-R6b-SM-5LZV5	Oligo	0.368115549481262
GTEX-12WSE-0011-R6b-SM-5LZV5	Micro	0.0786864271555066
GTEX-12WSE-0011-R6b-SM-5LZV5	Astro	0.231509944847797
GTEX-12WSE-0011-R6b-SM-5LZV5	D1-SPN	0.136097581247809
GTEX-12WSE-0011-R6b-SM-5LZV5	D2-SPN	0.0163399288103311
GTEX-12WSE-0011-R6b-SM-5LZV5	OPC	0.134249280186765
GTEX-12WSE-0011-R6b-SM-5LZV5	Inhib	0.0303926793722641
GTEX-12WSE-0011-R6b-SM-5LZV5	Immune	0.00460860889826538
GTEX-12WSF-0011-R6b-SM-5HL8W	Oligo	0.418771559617803
GTEX-12WSF-0011-R6b-SM-5HL8W	Micro	0.0552544584720445
GTEX-12WSF-0011-R6b-SM-5HL8W	Astro	0.22770449736138
GTEX-12WSF-0011-R6b-SM-5HL8W	D1-SPN	0.0597098518994137
GTEX-12WSF-0011-R6b-SM-5HL8W	D2-SPN	0.163318685075308
GTEX-12WSF-0011-R6b-SM-5HL8W	OPC	0.0143364599023793
GTEX-12WSF-0011-R6b-SM-5HL8W	Inhib	0.0053988291013381
GTEX-12WSF-0011-R6b-SM-5HL8W	Immune	0.0555056585703336
GTEX-12WSH-0011-R6b-SM-5P9F4	Oligo	0.349032495877829
GTEX-12WSH-0011-R6b-SM-5P9F4	Micro	0.0586571384981463
GTEX-12WSH-0011-R6b-SM-5P9F4	Astro	0.302344523658793
GTEX-12WSH-0011-R6b-SM-5P9F4	D1-SPN	0.0962548618669465
GTEX-12WSH-0011-R6b-SM-5P9F4	D2-SPN	0.129586727095351
GTEX-12WSH-0011-R6b-SM-5P9F4	OPC	0.0495566762425985
GTEX-12WSH-0011-R6b-SM-5P9F4	Inhib	0.012275046466357
GTEX-12WSH-0011-R6b-SM-5P9F4	Immune	0.00229253029397928
GTEX-12WSM-0011-R6b-SM-5EQ6N	Oligo	0.315967110133728
GTEX-12WSM-0011-R6b-SM-5EQ6N	Micro	0.0716275720587464
GTEX-12WSM-0011-R6b-SM-5EQ6N	Astro	0.365607416094848
GTEX-12WSM-0011-R6b-SM-5EQ6N	D1-SPN	0.0703847590351789
GTEX-12WSM-0011-R6b-SM-5EQ6N	D2-SPN	0.103062209534594
GTEX-12WSM-0011-R6b-SM-5EQ6N	OPC	0.056349403529343
GTEX-12WSM-0011-R6b-SM-5EQ6N	Inhib	0.0103138180922863
GTEX-12WSM-0011-R6b-SM-5EQ6N	Immune	0.00668771152127578
GTEX-12ZZW-0011-R6a-SM-5DUVZ	Oligo	0.297553102852675
GTEX-12ZZW-0011-R6a-SM-5DUVZ	Micro	0.0531186721007461
GTEX-12ZZW-0011-R6a-SM-5DUVZ	Astro	0.529077760201507
GTEX-12ZZW-0011-R6a-SM-5DUVZ	D1-SPN	0.041504277332853
GTEX-12ZZW-0011-R6a-SM-5DUVZ	D2-SPN	0.0101907980318544
GTEX-12ZZW-0011-R6a-SM-5DUVZ	OPC	0.0655185736470336
GTEX-12ZZW-0011-R6a-SM-5DUVZ	Inhib	0.00218876289643146
GTEX-12ZZW-0011-R6a-SM-5DUVZ	Immune	0.000848052936900027
GTEX-12ZZX-0011-R6a-SM-5HL8L	Oligo	0.47118512958565
GTEX-12ZZX-0011-R6a-SM-5HL8L	Micro	0.065949244498023
GTEX-12ZZX-0011-R6a-SM-5HL8L	Astro	0.210946254381172
GTEX-12ZZX-0011-R6a-SM-5HL8L	D1-SPN	0.105060581238386
GTEX-12ZZX-0011-R6a-SM-5HL8L	D2-SPN	0.106372351547728
GTEX-12ZZX-0011-R6a-SM-5HL8L	OPC	0.0306950188373961
GTEX-12ZZX-0011-R6a-SM-5HL8L	Inhib	0.00713996668124292
GTEX-12ZZX-0011-R6a-SM-5HL8L	Immune	0.00265145323040249
GTEX-12ZZY-0011-R6b-SM-5EGLA	Oligo	0.405732092975567
GTEX-12ZZY-0011-R6b-SM-5EGLA	Micro	0.100250950352808
GTEX-12ZZY-0011-R6b-SM-5EGLA	Astro	0.335537030853269
GTEX-12ZZY-0011-R6b-SM-5EGLA	D1-SPN	0
GTEX-12ZZY-0011-R6b-SM-5EGLA	D2-SPN	0.141388811009955
GTEX-12ZZY-0011-R6b-SM-5EGLA	OPC	0.00818154005477707
GTEX-12ZZY-0011-R6b-SM-5EGLA	Inhib	0.00270425151744665
GTEX-12ZZY-0011-R6b-SM-5EGLA	Immune	0.0062053232361771
GTEX-12ZZZ-0011-R6b-SM-5EQ5B	Oligo	0.266090489568831
GTEX-12ZZZ-0011-R6b-SM-5EQ5B	Micro	0.0760295450101667
GTEX-12ZZZ-0011-R6b-SM-5EQ5B	Astro	0.339092061554346
GTEX-12ZZZ-0011-R6b-SM-5EQ5B	D1-SPN	0.0911587127567464
GTEX-12ZZZ-0011-R6b-SM-5EQ5B	D2-SPN	0.0820167639923333
GTEX-12ZZZ-0011-R6b-SM-5EQ5B	OPC	0.113402772639319
GTEX-12ZZZ-0011-R6b-SM-5EQ5B	Inhib	0.018498917833046
GTEX-12ZZZ-0011-R6b-SM-5EQ5B	Immune	0.0137107366452122
GTEX-13112-0011-R6b-SM-5DUVK	Oligo	0.316184469943224
GTEX-13112-0011-R6b-SM-5DUVK	Micro	0.0526007255035695
GTEX-13112-0011-R6b-SM-5DUVK	Astro	0.3846420817302
GTEX-13112-0011-R6b-SM-5DUVK	D1-SPN	0.0461040493546863
GTEX-13112-0011-R6b-SM-5DUVK	D2-SPN	0.150322840009344
GTEX-13112-0011-R6b-SM-5DUVK	OPC	0.0378250795143989
GTEX-13112-0011-R6b-SM-5DUVK	Inhib	0.00894586797255671
GTEX-13112-0011-R6b-SM-5DUVK	Immune	0.0033748859720206
GTEX-1313W-0011-R6a-SM-5K7XO	Oligo	0.248688917623592
GTEX-1313W-0011-R6a-SM-5K7XO	Micro	0.137801830356054
GTEX-1313W-0011-R6a-SM-5K7XO	Astro	0.222708987513534
GTEX-1313W-0011-R6a-SM-5K7XO	D1-SPN	0.159763312671684
GTEX-1313W-0011-R6a-SM-5K7XO	D2-SPN	0.147787592751425
GTEX-1313W-0011-R6a-SM-5K7XO	OPC	0.0689016118217937
GTEX-1313W-0011-R6a-SM-5K7XO	Inhib	0.0105624444149839
GTEX-1313W-0011-R6a-SM-5K7XO	Immune	0.00378530284693331
GTEX-131XH-0011-R6a-SM-5KM2G	Oligo	0.357722781432043
GTEX-131XH-0011-R6a-SM-5KM2G	Micro	0.0376920922983059
GTEX-131XH-0011-R6a-SM-5KM2G	Astro	0.343238139532344
GTEX-131XH-0011-R6a-SM-5KM2G	D1-SPN	0.123054960212064
GTEX-131XH-0011-R6a-SM-5KM2G	D2-SPN	0.0795652323721274
GTEX-131XH-0011-R6a-SM-5KM2G	OPC	0.0461688081591055
GTEX-131XH-0011-R6a-SM-5KM2G	Inhib	0.0100763936302356
GTEX-131XH-0011-R6a-SM-5KM2G	Immune	0.00248159236377538
GTEX-131XW-0011-R6b-SM-5K7XY	Oligo	0.512515173173204
GTEX-131XW-0011-R6b-SM-5K7XY	Micro	0.00795634770027881
GTEX-131XW-0011-R6b-SM-5K7XY	Astro	0.453772478882887
GTEX-131XW-0011-R6b-SM-5K7XY	D1-SPN	0
GTEX-131XW-0011-R6b-SM-5K7XY	D2-SPN	0
GTEX-131XW-0011-R6b-SM-5K7XY	OPC	0.0199744449179092
GTEX-131XW-0011-R6b-SM-5K7XY	Inhib	0.000805101291843213
GTEX-131XW-0011-R6b-SM-5K7XY	Immune	0.00497645403387709
GTEX-132Q8-0011-R6a-SM-5K7YN	Oligo	0.171182268599187
GTEX-132Q8-0011-R6a-SM-5K7YN	Micro	0.157498531514868
GTEX-132Q8-0011-R6a-SM-5K7YN	Astro	0.350317107027362
GTEX-132Q8-0011-R6a-SM-5K7YN	D1-SPN	0.140263539495447
GTEX-132Q8-0011-R6a-SM-5K7YN	D2-SPN	0.0644388360742411
GTEX-132Q8-0011-R6a-SM-5K7YN	OPC	0.066538560853109
GTEX-132Q8-0011-R6a-SM-5K7YN	Inhib	0.00645862510237898
GTEX-132Q8-0011-R6a-SM-5K7YN	Immune	0.0433025313334065
GTEX-1399T-0011-R6b-SM-5K7YL	Oligo	0.532829656218807
GTEX-1399T-0011-R6b-SM-5K7YL	Micro	0.142231593709871
GTEX-1399T-0011-R6b-SM-5K7YL	Astro	0.149886158905104
GTEX-1399T-0011-R6b-SM-5K7YL	D1-SPN	0.0597623201377136
GTEX-1399T-0011-R6b-SM-5K7YL	D2-SPN	0.00407668973355114
GTEX-1399T-0011-R6b-SM-5K7YL	OPC	0.0725510125762321
GTEX-1399T-0011-R6b-SM-5K7YL	Inhib	0.0269206759574026
GTEX-1399T-0011-R6b-SM-5K7YL	Immune	0.0117418927613184
GTEX-139TS-0011-R6a-SM-5J2OB	Oligo	0.603084451308058
GTEX-139TS-0011-R6a-SM-5J2OB	Micro	0.0185449856533158
GTEX-139TS-0011-R6a-SM-5J2OB	Astro	0.353227983289621
GTEX-139TS-0011-R6a-SM-5J2OB	D1-SPN	0
GTEX-139TS-0011-R6a-SM-5J2OB	D2-SPN	0
GTEX-139TS-0011-R6a-SM-5J2OB	OPC	0.0224341977530702
GTEX-139TS-0011-R6a-SM-5J2OB	Inhib	0
GTEX-139TS-0011-R6a-SM-5J2OB	Immune	0.00270838199593568
GTEX-139TT-0011-R6b-SM-5J2ON	Oligo	0.157884810704714
GTEX-139TT-0011-R6b-SM-5J2ON	Micro	0.0951779392869856
GTEX-139TT-0011-R6b-SM-5J2ON	Astro	0.645693939287645
GTEX-139TT-0011-R6b-SM-5J2ON	D1-SPN	0.0364459395510282
GTEX-139TT-0011-R6b-SM-5J2ON	D2-SPN	0
GTEX-139TT-0011-R6b-SM-5J2ON	OPC	0.0462860786373676
GTEX-139TT-0011-R6b-SM-5J2ON	Inhib	0.00823864592454656
GTEX-139TT-0011-R6b-SM-5J2ON	Immune	0.0102726466077135
GTEX-13FHO-0011-R6b-SM-5LZX1	Oligo	0.313052444628348
GTEX-13FHO-0011-R6b-SM-5LZX1	Micro	0.0464730682621005
GTEX-13FHO-0011-R6b-SM-5LZX1	Astro	0.275281738189859
GTEX-13FHO-0011-R6b-SM-5LZX1	D1-SPN	0.14294569227123
GTEX-13FHO-0011-R6b-SM-5LZX1	D2-SPN	0.0872530096351881
GTEX-13FHO-0011-R6b-SM-5LZX1	OPC	0.11606838384736
GTEX-13FHO-0011-R6b-SM-5LZX1	Inhib	0.00532345256200216
GTEX-13FHO-0011-R6b-SM-5LZX1	Immune	0.0136022106039125
GTEX-13FHP-0011-R6b-SM-5LZY6	Oligo	0.676512303500223
GTEX-13FHP-0011-R6b-SM-5LZY6	Micro	0.0595786208841256
GTEX-13FHP-0011-R6b-SM-5LZY6	Astro	0.182670947491531
GTEX-13FHP-0011-R6b-SM-5LZY6	D1-SPN	0.0108395396671055
GTEX-13FHP-0011-R6b-SM-5LZY6	D2-SPN	0.0287051982427537
GTEX-13FHP-0011-R6b-SM-5LZY6	OPC	0.0305352441125217
GTEX-13FHP-0011-R6b-SM-5LZY6	Inhib	0.00742411484592569
GTEX-13FHP-0011-R6b-SM-5LZY6	Immune	0.00373403125581409
GTEX-13FLV-0011-R6a-SM-5KLZ4	Oligo	0.329486278364298
GTEX-13FLV-0011-R6a-SM-5KLZ4	Micro	0.0268226254208421
GTEX-13FLV-0011-R6a-SM-5KLZ4	Astro	0.356414760599215
GTEX-13FLV-0011-R6a-SM-5KLZ4	D1-SPN	0.0814275088296662
GTEX-13FLV-0011-R6a-SM-5KLZ4	D2-SPN	0.172435089443035
GTEX-13FLV-0011-R6a-SM-5KLZ4	OPC	0.0270138594147869
GTEX-13FLV-0011-R6a-SM-5KLZ4	Inhib	0.00532360948954447
GTEX-13FLV-0011-R6a-SM-5KLZ4	Immune	0.0010762684386115
GTEX-13FLW-0011-R6b-SM-5L3EN	Oligo	0.240434532934315
GTEX-13FLW-0011-R6b-SM-5L3EN	Micro	0.086183565954807
GTEX-13FLW-0011-R6b-SM-5L3EN	Astro	0.390411524714474
GTEX-13FLW-0011-R6b-SM-5L3EN	D1-SPN	0.029512341041709
GTEX-13FLW-0011-R6b-SM-5L3EN	D2-SPN	0.198439522698041
GTEX-13FLW-0011-R6b-SM-5L3EN	OPC	0.0448408924668663
GTEX-13FLW-0011-R6b-SM-5L3EN	Inhib	0.00658030683088914
GTEX-13FLW-0011-R6b-SM-5L3EN	Immune	0.00359731335889838
GTEX-13FXS-0011-R6b-SM-5L3F7	Oligo	0.548205932801662
GTEX-13FXS-0011-R6b-SM-5L3F7	Micro	0.0840043306758107
GTEX-13FXS-0011-R6b-SM-5L3F7	Astro	0.18737470841701
GTEX-13FXS-0011-R6b-SM-5L3F7	D1-SPN	0.0416166628740607
GTEX-13FXS-0011-R6b-SM-5L3F7	D2-SPN	0
GTEX-13FXS-0011-R6b-SM-5L3F7	OPC	0.0626542987774405
GTEX-13FXS-0011-R6b-SM-5L3F7	Inhib	0.0668964497172403
GTEX-13FXS-0011-R6b-SM-5L3F7	Immune	0.00924761673677513
GTEX-13G51-0011-R6b-SM-5LZX4	Oligo	0.444247474699396
GTEX-13G51-0011-R6b-SM-5LZX4	Micro	0.114156563545204
GTEX-13G51-0011-R6b-SM-5LZX4	Astro	0.284291781282092
GTEX-13G51-0011-R6b-SM-5LZX4	D1-SPN	0.0358171351276509
GTEX-13G51-0011-R6b-SM-5LZX4	D2-SPN	0.0320266810344917
GTEX-13G51-0011-R6b-SM-5LZX4	OPC	0.0435608478199576
GTEX-13G51-0011-R6b-SM-5LZX4	Inhib	0.0371195115758701
GTEX-13G51-0011-R6b-SM-5LZX4	Immune	0.00878000491533768
GTEX-13JUV-0011-R6b-SM-5LZYG	Oligo	0.462831990765372
GTEX-13JUV-0011-R6b-SM-5LZYG	Micro	0.0529146490191303
GTEX-13JUV-0011-R6b-SM-5LZYG	Astro	0.342356585534833
GTEX-13JUV-0011-R6b-SM-5LZYG	D1-SPN	0.0168729865577805
GTEX-13JUV-0011-R6b-SM-5LZYG	D2-SPN	0.0597810938633506
GTEX-13JUV-0011-R6b-SM-5LZYG	OPC	0.0492012537386355
GTEX-13JUV-0011-R6b-SM-5LZYG	Inhib	0.00296495560168175
GTEX-13JUV-0011-R6b-SM-5LZYG	Immune	0.0130764849192157
GTEX-13JVG-0011-R6a-SM-5MR3E	Oligo	0.156011863144972
GTEX-13JVG-0011-R6a-SM-5MR3E	Micro	0.0528004410349552
GTEX-13JVG-0011-R6a-SM-5MR3E	Astro	0.672295841271303
GTEX-13JVG-0011-R6a-SM-5MR3E	D1-SPN	0.0144567030050378
GTEX-13JVG-0011-R6a-SM-5MR3E	D2-SPN	0.0370227011514471
GTEX-13JVG-0011-R6a-SM-5MR3E	OPC	0.0527003815989137
GTEX-13JVG-0011-R6a-SM-5MR3E	Inhib	0.00678208903990588
GTEX-13JVG-0011-R6a-SM-5MR3E	Immune	0.00792997975346527
GTEX-13N1W-0011-R6a-SM-5MR43	Oligo	0.747743805627246
GTEX-13N1W-0011-R6a-SM-5MR43	Micro	0.0244663371295893
GTEX-13N1W-0011-R6a-SM-5MR43	Astro	0.123410482944559
GTEX-13N1W-0011-R6a-SM-5MR43	D1-SPN	0.0100941119551379
GTEX-13N1W-0011-R6a-SM-5MR43	D2-SPN	0
GTEX-13N1W-0011-R6a-SM-5MR43	OPC	0.0471547125393653
GTEX-13N1W-0011-R6a-SM-5MR43	Inhib	0.0440735610144673
GTEX-13N1W-0011-R6a-SM-5MR43	Immune	0.00305698878963477
GTEX-13N2G-0011-R6b-SM-5MR3P	Oligo	0.298536191003003
GTEX-13N2G-0011-R6b-SM-5MR3P	Micro	0.0673991127707639
GTEX-13N2G-0011-R6b-SM-5MR3P	Astro	0.353375449587761
GTEX-13N2G-0011-R6b-SM-5MR3P	D1-SPN	0.071728016212665
GTEX-13N2G-0011-R6b-SM-5MR3P	D2-SPN	0.10623007505399
GTEX-13N2G-0011-R6b-SM-5MR3P	OPC	0.0848697220944388
GTEX-13N2G-0011-R6b-SM-5MR3P	Inhib	0.0022833992780035
GTEX-13N2G-0011-R6b-SM-5MR3P	Immune	0.0155780339993747
GTEX-13NYB-0011-R6b-SM-5MR51	Oligo	0.530078652677665
GTEX-13NYB-0011-R6b-SM-5MR51	Micro	0.037375309233561
GTEX-13NYB-0011-R6b-SM-5MR51	Astro	0.28843325281258
GTEX-13NYB-0011-R6b-SM-5MR51	D1-SPN	0.0419739865089127
GTEX-13NYB-0011-R6b-SM-5MR51	D2-SPN	0.087327722070658
GTEX-13NYB-0011-R6b-SM-5MR51	OPC	0.00680933959687176
GTEX-13NYB-0011-R6b-SM-5MR51	Inhib	0.00525556878980817
GTEX-13NYB-0011-R6b-SM-5MR51	Immune	0.00274616830994337
GTEX-13NYS-0011-R6b-SM-5MR3R	Oligo	0.184707193665621
GTEX-13NYS-0011-R6b-SM-5MR3R	Micro	0.104079074725729
GTEX-13NYS-0011-R6b-SM-5MR3R	Astro	0.410541939381701
GTEX-13NYS-0011-R6b-SM-5MR3R	D1-SPN	0.11765533069665
GTEX-13NYS-0011-R6b-SM-5MR3R	D2-SPN	0.0867701698311775
GTEX-13NYS-0011-R6b-SM-5MR3R	OPC	0.0774913865768686
GTEX-13NYS-0011-R6b-SM-5MR3R	Inhib	0.00852031704563737
GTEX-13NYS-0011-R6b-SM-5MR3R	Immune	0.0102345880766169
GTEX-13O3O-0011-R6b-SM-5P9GY	Oligo	0.379684876147757
GTEX-13O3O-0011-R6b-SM-5P9GY	Micro	0.0318385363167257
GTEX-13O3O-0011-R6b-SM-5P9GY	Astro	0.359691871513939
GTEX-13O3O-0011-R6b-SM-5P9GY	D1-SPN	0.0020424412747146
GTEX-13O3O-0011-R6b-SM-5P9GY	D2-SPN	0.181187293954167
GTEX-13O3O-0011-R6b-SM-5P9GY	OPC	0.031550330252062
GTEX-13O3O-0011-R6b-SM-5P9GY	Inhib	0.00926903039931722
GTEX-13O3O-0011-R6b-SM-5P9GY	Immune	0.00473562014131788
GTEX-13O3Q-0011-R6a-SM-5KM2V	Oligo	0.371177589058297
GTEX-13O3Q-0011-R6a-SM-5KM2V	Micro	0.0883867035969589
GTEX-13O3Q-0011-R6a-SM-5KM2V	Astro	0.339055832936445
GTEX-13O3Q-0011-R6a-SM-5KM2V	D1-SPN	0.0221399880145508
GTEX-13O3Q-0011-R6a-SM-5KM2V	D2-SPN	0.151193842405103
GTEX-13O3Q-0011-R6a-SM-5KM2V	OPC	0.0174672741219866
GTEX-13O3Q-0011-R6a-SM-5KM2V	Inhib	0.00579508060653575
GTEX-13O3Q-0011-R6a-SM-5KM2V	Immune	0.00478368926012255
GTEX-13OVH-0011-R6b-SM-5LUAX	Oligo	0.454817871377613
GTEX-13OVH-0011-R6b-SM-5LUAX	Micro	0.0701235873782757
GTEX-13OVH-0011-R6b-SM-5LUAX	Astro	0.299626667411255
GTEX-13OVH-0011-R6b-SM-5LUAX	D1-SPN	0.0126688069790248
GTEX-13OVH-0011-R6b-SM-5LUAX	D2-SPN	0
GTEX-13OVH-0011-R6b-SM-5LUAX	OPC	0.0860003254618317
GTEX-13OVH-0011-R6b-SM-5LUAX	Inhib	0.0170174836815667
GTEX-13OVH-0011-R6b-SM-5LUAX	Immune	0.0597452577104337
GTEX-13OVJ-0011-R6b-SM-5L3GH	Oligo	0.212697605931819
GTEX-13OVJ-0011-R6b-SM-5L3GH	Micro	0.0618677008849925
GTEX-13OVJ-0011-R6b-SM-5L3GH	Astro	0.579614254243781
GTEX-13OVJ-0011-R6b-SM-5L3GH	D1-SPN	0.0451250886108725
GTEX-13OVJ-0011-R6b-SM-5L3GH	D2-SPN	0.0251020516416304
GTEX-13OVJ-0011-R6b-SM-5L3GH	OPC	0.0651845427708029
GTEX-13OVJ-0011-R6b-SM-5L3GH	Inhib	0.000721974807933821
GTEX-13OVJ-0011-R6b-SM-5L3GH	Immune	0.00968678110816744
GTEX-13OVL-0011-R6a-SM-5L3G4	Oligo	0.243138379335527
GTEX-13OVL-0011-R6a-SM-5L3G4	Micro	0.0941994874957214
GTEX-13OVL-0011-R6a-SM-5L3G4	Astro	0.340907815293209
GTEX-13OVL-0011-R6a-SM-5L3G4	D1-SPN	0.121471495550614
GTEX-13OVL-0011-R6a-SM-5L3G4	D2-SPN	0.129512517018652
GTEX-13OVL-0011-R6a-SM-5L3G4	OPC	0.0606441078298765
GTEX-13OVL-0011-R6a-SM-5L3G4	Inhib	0.00904289389129843
GTEX-13OVL-0011-R6a-SM-5L3G4	Immune	0.00108330358510157
GTEX-13OW5-0011-R6b-SM-5O9BW	Oligo	0.148705281436097
GTEX-13OW5-0011-R6b-SM-5O9BW	Micro	0.034316217702504
GTEX-13OW5-0011-R6b-SM-5O9BW	Astro	0.733231485574266
GTEX-13OW5-0011-R6b-SM-5O9BW	D1-SPN	0.0129323492329118
GTEX-13OW5-0011-R6b-SM-5O9BW	D2-SPN	0.0396068601148287
GTEX-13OW5-0011-R6b-SM-5O9BW	OPC	0.0190648008305933
GTEX-13OW5-0011-R6b-SM-5O9BW	Inhib	0.000827400921940426
GTEX-13OW5-0011-R6b-SM-5O9BW	Immune	0.0113156041868591
GTEX-13OW6-0011-R6b-SM-5L3GR	Oligo	0.347177154515827
GTEX-13OW6-0011-R6b-SM-5L3GR	Micro	0.0951993321136843
GTEX-13OW6-0011-R6b-SM-5L3GR	Astro	0.305072031771395
GTEX-13OW6-0011-R6b-SM-5L3GR	D1-SPN	0.06240142211791
GTEX-13OW6-0011-R6b-SM-5L3GR	D2-SPN	0.123271531010904
GTEX-13OW6-0011-R6b-SM-5L3GR	OPC	0.0494382504261378
GTEX-13OW6-0011-R6b-SM-5L3GR	Inhib	0.0140006321680084
GTEX-13OW6-0011-R6b-SM-5L3GR	Immune	0.00343964587613288
GTEX-13OW7-0011-R6a-SM-GJ3Q7	Oligo	0.250781450966811
GTEX-13OW7-0011-R6a-SM-GJ3Q7	Micro	0.0582331688982818
GTEX-13OW7-0011-R6a-SM-GJ3Q7	Astro	0.482219369998007
GTEX-13OW7-0011-R6a-SM-GJ3Q7	D1-SPN	0.00261630129357289
GTEX-13OW7-0011-R6a-SM-GJ3Q7	D2-SPN	0.142259000928432
GTEX-13OW7-0011-R6a-SM-GJ3Q7	OPC	0.0535471719472332
GTEX-13OW7-0011-R6a-SM-GJ3Q7	Inhib	0.00308865813863156
GTEX-13OW7-0011-R6a-SM-GJ3Q7	Immune	0.0072548778290321
GTEX-13OW8-0011-R6b-SM-5L3I3	Oligo	0.22967583159332
GTEX-13OW8-0011-R6b-SM-5L3I3	Micro	0.0358261146597083
GTEX-13OW8-0011-R6b-SM-5L3I3	Astro	0.658622818762754
GTEX-13OW8-0011-R6b-SM-5L3I3	D1-SPN	0.0263012582879181
GTEX-13OW8-0011-R6b-SM-5L3I3	D2-SPN	0
GTEX-13OW8-0011-R6b-SM-5L3I3	OPC	0.0258466104048457
GTEX-13OW8-0011-R6b-SM-5L3I3	Inhib	0.0117894532941752
GTEX-13OW8-0011-R6b-SM-5L3I3	Immune	0.011937912997278
GTEX-13PL6-0011-R6a-SM-5O9C5	Oligo	0.333574491738895
GTEX-13PL6-0011-R6a-SM-5O9C5	Micro	0.0284370213929941
GTEX-13PL6-0011-R6a-SM-5O9C5	Astro	0.514632499764549
GTEX-13PL6-0011-R6a-SM-5O9C5	D1-SPN	0.00124834946026505
GTEX-13PL6-0011-R6a-SM-5O9C5	D2-SPN	0
GTEX-13PL6-0011-R6a-SM-5O9C5	OPC	0.100303546784317
GTEX-13PL6-0011-R6a-SM-5O9C5	Inhib	0.0110101875291943
GTEX-13PL6-0011-R6a-SM-5O9C5	Immune	0.0107939033297858
GTEX-13PVQ-0011-R6a-SM-H6612	Oligo	0.28539108734427
GTEX-13PVQ-0011-R6a-SM-H6612	Micro	0.0320200436075106
GTEX-13PVQ-0011-R6a-SM-H6612	Astro	0.551827354992502
GTEX-13PVQ-0011-R6a-SM-H6612	D1-SPN	0.0159391009474518
GTEX-13PVQ-0011-R6a-SM-H6612	D2-SPN	0
GTEX-13PVQ-0011-R6a-SM-H6612	OPC	0.0871977377202699
GTEX-13PVQ-0011-R6a-SM-H6612	Inhib	0.0076469260454155
GTEX-13PVQ-0011-R6a-SM-H6612	Immune	0.0199777493425812
GTEX-13QIC-0011-R6a-SM-H65ZO	Oligo	0.201781462350545
GTEX-13QIC-0011-R6a-SM-H65ZO	Micro	0.0862648512330537
GTEX-13QIC-0011-R6a-SM-H65ZO	Astro	0.358151876340732
GTEX-13QIC-0011-R6a-SM-H65ZO	D1-SPN	0.134842728252938
GTEX-13QIC-0011-R6a-SM-H65ZO	D2-SPN	0.120218928666789
GTEX-13QIC-0011-R6a-SM-H65ZO	OPC	0.0800772946663746
GTEX-13QIC-0011-R6a-SM-H65ZO	Inhib	0.0112512122620238
GTEX-13QIC-0011-R6a-SM-H65ZO	Immune	0.00741164622754453
GTEX-13QJC-0011-R6a-SM-5S2VI	Oligo	0.255055395066714
GTEX-13QJC-0011-R6a-SM-5S2VI	Micro	0.073374480428247
GTEX-13QJC-0011-R6a-SM-5S2VI	Astro	0.461667732783049
GTEX-13QJC-0011-R6a-SM-5S2VI	D1-SPN	0.126754254264785
GTEX-13QJC-0011-R6a-SM-5S2VI	D2-SPN	0.0316137306752656
GTEX-13QJC-0011-R6a-SM-5S2VI	OPC	0.0443320729801539
GTEX-13QJC-0011-R6a-SM-5S2VI	Inhib	0.00344509729063556
GTEX-13QJC-0011-R6a-SM-5S2VI	Immune	0.00375723651115067
GTEX-13RTJ-0011-R6a-SM-5SI74	Oligo	0.172797292193263
GTEX-13RTJ-0011-R6a-SM-5SI74	Micro	0.0962833931208392
GTEX-13RTJ-0011-R6a-SM-5SI74	Astro	0.358905579597175
GTEX-13RTJ-0011-R6a-SM-5SI74	D1-SPN	0.206055384410018
GTEX-13RTJ-0011-R6a-SM-5SI74	D2-SPN	0.076549143727706
GTEX-13RTJ-0011-R6a-SM-5SI74	OPC	0.0593904841152944
GTEX-13RTJ-0011-R6a-SM-5SI74	Inhib	0.0146199630343457
GTEX-13RTJ-0011-R6a-SM-5SI74	Immune	0.0153987598013584
GTEX-13S7M-0011-R6b-SM-5O9D8	Oligo	0.509034695205746
GTEX-13S7M-0011-R6b-SM-5O9D8	Micro	0.0564250779462593
GTEX-13S7M-0011-R6b-SM-5O9D8	Astro	0.195902261817604
GTEX-13S7M-0011-R6b-SM-5O9D8	D1-SPN	0.0771427309284739
GTEX-13S7M-0011-R6b-SM-5O9D8	D2-SPN	0.0848823623355414
GTEX-13S7M-0011-R6b-SM-5O9D8	OPC	0.065250596735964
GTEX-13S7M-0011-R6b-SM-5O9D8	Inhib	0.00510291591788344
GTEX-13S7M-0011-R6b-SM-5O9D8	Immune	0.00625935911252729
GTEX-13SLW-0011-R6a-SM-5O9BH	Oligo	0.179702323233802
GTEX-13SLW-0011-R6a-SM-5O9BH	Micro	0.0392230693301539
GTEX-13SLW-0011-R6a-SM-5O9BH	Astro	0.543429134882914
GTEX-13SLW-0011-R6a-SM-5O9BH	D1-SPN	0.107386717902285
GTEX-13SLW-0011-R6a-SM-5O9BH	D2-SPN	0.0342441402081638
GTEX-13SLW-0011-R6a-SM-5O9BH	OPC	0.0918377041465171
GTEX-13SLW-0011-R6a-SM-5O9BH	Inhib	0
GTEX-13SLW-0011-R6a-SM-5O9BH	Immune	0.00417691029616381
GTEX-13SLX-0011-R6a-SM-5PNX4	Oligo	0.534609515043571
GTEX-13SLX-0011-R6a-SM-5PNX4	Micro	0.0507921147228064
GTEX-13SLX-0011-R6a-SM-5PNX4	Astro	0.252374717806416
GTEX-13SLX-0011-R6a-SM-5PNX4	D1-SPN	0.031449604264945
GTEX-13SLX-0011-R6a-SM-5PNX4	D2-SPN	0.0371438596828462
GTEX-13SLX-0011-R6a-SM-5PNX4	OPC	0.0739359280600496
GTEX-13SLX-0011-R6a-SM-5PNX4	Inhib	0.0129837793751261
GTEX-13SLX-0011-R6a-SM-5PNX4	Immune	0.0067104810442402
GTEX-13VXU-0011-R6a-SM-5SI71	Oligo	0.165690087785491
GTEX-13VXU-0011-R6a-SM-5SI71	Micro	0.101571746842848
GTEX-13VXU-0011-R6a-SM-5SI71	Astro	0.248014697310821
GTEX-13VXU-0011-R6a-SM-5SI71	D1-SPN	0.248806265024998
GTEX-13VXU-0011-R6a-SM-5SI71	D2-SPN	0.130053552788747
GTEX-13VXU-0011-R6a-SM-5SI71	OPC	0.0863228949360048
GTEX-13VXU-0011-R6a-SM-5SI71	Inhib	0.0146911493623036
GTEX-13VXU-0011-R6a-SM-5SI71	Immune	0.00484960594878731
GTEX-13X6J-0011-R6a-SM-5PNUB	Oligo	0.202426703488803
GTEX-13X6J-0011-R6a-SM-5PNUB	Micro	0.0900637960310294
GTEX-13X6J-0011-R6a-SM-5PNUB	Astro	0.260272417103257
GTEX-13X6J-0011-R6a-SM-5PNUB	D1-SPN	0.270748126668796
GTEX-13X6J-0011-R6a-SM-5PNUB	D2-SPN	0.106459964554993
GTEX-13X6J-0011-R6a-SM-5PNUB	OPC	0.0509773219320259
GTEX-13X6J-0011-R6a-SM-5PNUB	Inhib	0.0137445895027319
GTEX-13X6J-0011-R6a-SM-5PNUB	Immune	0.00530708071836227
GTEX-13X6K-0011-R6a-SM-5P9K6	Oligo	0.360763152888217
GTEX-13X6K-0011-R6a-SM-5P9K6	Micro	0.0730866631120586
GTEX-13X6K-0011-R6a-SM-5P9K6	Astro	0.333746154756198
GTEX-13X6K-0011-R6a-SM-5P9K6	D1-SPN	0.114254362525939
GTEX-13X6K-0011-R6a-SM-5P9K6	D2-SPN	0.0623052459830543
GTEX-13X6K-0011-R6a-SM-5P9K6	OPC	0.0381038422544156
GTEX-13X6K-0011-R6a-SM-5P9K6	Inhib	0.00759644017933861
GTEX-13X6K-0011-R6a-SM-5P9K6	Immune	0.0101441383007786
GTEX-1445S-0011-R6b-SM-5PNUF	Oligo	0.247636438862763
GTEX-1445S-0011-R6b-SM-5PNUF	Micro	0.0651407329647133
GTEX-1445S-0011-R6b-SM-5PNUF	Astro	0.601095727582361
GTEX-1445S-0011-R6b-SM-5PNUF	D1-SPN	0.0190178543950399
GTEX-1445S-0011-R6b-SM-5PNUF	D2-SPN	0
GTEX-1445S-0011-R6b-SM-5PNUF	OPC	0.0534313117219823
GTEX-1445S-0011-R6b-SM-5PNUF	Inhib	0.00223210919481796
GTEX-1445S-0011-R6b-SM-5PNUF	Immune	0.0114458252783226
GTEX-144GL-0011-R6a-SM-5P9HW	Oligo	0.157194709375313
GTEX-144GL-0011-R6a-SM-5P9HW	Micro	0.0538040871568772
GTEX-144GL-0011-R6a-SM-5P9HW	Astro	0.388908481314798
GTEX-144GL-0011-R6a-SM-5P9HW	D1-SPN	0.20100818860463
GTEX-144GL-0011-R6a-SM-5P9HW	D2-SPN	0.0998423845547346
GTEX-144GL-0011-R6a-SM-5P9HW	OPC	0.0793965041469525
GTEX-144GL-0011-R6a-SM-5P9HW	Inhib	0.0126627209287427
GTEX-144GL-0011-R6a-SM-5P9HW	Immune	0.00718292391795151
GTEX-144GO-0011-R6b-SM-5S2V7	Oligo	0.27377788108665
GTEX-144GO-0011-R6b-SM-5S2V7	Micro	0.0928966429731818
GTEX-144GO-0011-R6b-SM-5S2V7	Astro	0.492924239488453
GTEX-144GO-0011-R6b-SM-5S2V7	D1-SPN	0.0167243628127508
GTEX-144GO-0011-R6b-SM-5S2V7	D2-SPN	0.0606366811150041
GTEX-144GO-0011-R6b-SM-5S2V7	OPC	0.0579106989998887
GTEX-144GO-0011-R6b-SM-5S2V7	Inhib	0.00211036665783841
GTEX-144GO-0011-R6b-SM-5S2V7	Immune	0.00301912686623332
GTEX-145LS-0011-R6b-SM-5PNWL	Oligo	0.319133963865738
GTEX-145LS-0011-R6b-SM-5PNWL	Micro	0.0790032778488507
GTEX-145LS-0011-R6b-SM-5PNWL	Astro	0.191801975486804
GTEX-145LS-0011-R6b-SM-5PNWL	D1-SPN	0.189431247526322
GTEX-145LS-0011-R6b-SM-5PNWL	D2-SPN	0.118749780779376
GTEX-145LS-0011-R6b-SM-5PNWL	OPC	0.0802192627539858
GTEX-145LS-0011-R6b-SM-5PNWL	Inhib	0.0112619858830216
GTEX-145LS-0011-R6b-SM-5PNWL	Immune	0.0103985058559019
GTEX-145LU-0011-R6a-SM-5S2V6	Oligo	0.526807965697352
GTEX-145LU-0011-R6a-SM-5S2V6	Micro	0.0142963040610524
GTEX-145LU-0011-R6a-SM-5S2V6	Astro	0.29611070272487
GTEX-145LU-0011-R6a-SM-5S2V6	D1-SPN	0.0249038178007107
GTEX-145LU-0011-R6a-SM-5S2V6	D2-SPN	0.0801814700318534
GTEX-145LU-0011-R6a-SM-5S2V6	OPC	0.0512957537402
GTEX-145LU-0011-R6a-SM-5S2V6	Inhib	0.00483255434850991
GTEX-145LU-0011-R6a-SM-5S2V6	Immune	0.00157143159545125
GTEX-145MH-0011-R6a-SM-5PNZ7	Oligo	0.101320452477784
GTEX-145MH-0011-R6a-SM-5PNZ7	Micro	0.18157117718824
GTEX-145MH-0011-R6a-SM-5PNZ7	Astro	0.491837979590366
GTEX-145MH-0011-R6a-SM-5PNZ7	D1-SPN	0.00906680097419826
GTEX-145MH-0011-R6a-SM-5PNZ7	D2-SPN	0.166516827331088
GTEX-145MH-0011-R6a-SM-5PNZ7	OPC	0.0376185555145151
GTEX-145MH-0011-R6a-SM-5PNZ7	Inhib	0.00929077816727349
GTEX-145MH-0011-R6a-SM-5PNZ7	Immune	0.00277742875653497
GTEX-14753-0011-R6b-SM-5S2UD	Oligo	0.177434159997426
GTEX-14753-0011-R6b-SM-5S2UD	Micro	0.00648616993095069
GTEX-14753-0011-R6b-SM-5S2UD	Astro	0.771238694785848
GTEX-14753-0011-R6b-SM-5S2UD	D1-SPN	0.0106853820024305
GTEX-14753-0011-R6b-SM-5S2UD	D2-SPN	0
GTEX-14753-0011-R6b-SM-5S2UD	OPC	0.0293657067965945
GTEX-14753-0011-R6b-SM-5S2UD	Inhib	0.000397161472273497
GTEX-14753-0011-R6b-SM-5S2UD	Immune	0.00439272501447763
GTEX-1477Z-0011-R6b-SM-GJ3QX	Oligo	0.365317475207081
GTEX-1477Z-0011-R6b-SM-GJ3QX	Micro	0.042442030157034
GTEX-1477Z-0011-R6b-SM-GJ3QX	Astro	0.484762101259212
GTEX-1477Z-0011-R6b-SM-GJ3QX	D1-SPN	0.0132550944279949
GTEX-1477Z-0011-R6b-SM-GJ3QX	D2-SPN	0
GTEX-1477Z-0011-R6b-SM-GJ3QX	OPC	0.0883205197508062
GTEX-1477Z-0011-R6b-SM-GJ3QX	Inhib	0.00176504047393992
GTEX-1477Z-0011-R6b-SM-GJ3QX	Immune	0.00413773872393186
GTEX-147F4-0011-R6b-SM-5S2UP	Oligo	0.200432438937083
GTEX-147F4-0011-R6b-SM-5S2UP	Micro	0.0271262206885201
GTEX-147F4-0011-R6b-SM-5S2UP	Astro	0.6672486737611
GTEX-147F4-0011-R6b-SM-5S2UP	D1-SPN	0.0275766412967184
GTEX-147F4-0011-R6b-SM-5S2UP	D2-SPN	0
GTEX-147F4-0011-R6b-SM-5S2UP	OPC	0.0650096955081617
GTEX-147F4-0011-R6b-SM-5S2UP	Inhib	0.0110416712499974
GTEX-147F4-0011-R6b-SM-5S2UP	Immune	0.0015646585584195
GTEX-147GR-0011-R6b-SM-5S2RO	Oligo	0.504795911257742
GTEX-147GR-0011-R6b-SM-5S2RO	Micro	0.0769770542859525
GTEX-147GR-0011-R6b-SM-5S2RO	Astro	0.265647194630373
GTEX-147GR-0011-R6b-SM-5S2RO	D1-SPN	0.039127825595389
GTEX-147GR-0011-R6b-SM-5S2RO	D2-SPN	0.0548570499545897
GTEX-147GR-0011-R6b-SM-5S2RO	OPC	0.0476597771064237
GTEX-147GR-0011-R6b-SM-5S2RO	Inhib	0.00587405065604094
GTEX-147GR-0011-R6b-SM-5S2RO	Immune	0.00506113651348876
GTEX-148VJ-0011-R6a-SM-H6Q7O	Oligo	0.805036842221841
GTEX-148VJ-0011-R6a-SM-H6Q7O	Micro	0.0159235668249834
GTEX-148VJ-0011-R6a-SM-H6Q7O	Astro	0.162934295493555
GTEX-148VJ-0011-R6a-SM-H6Q7O	D1-SPN	0
GTEX-148VJ-0011-R6a-SM-H6Q7O	D2-SPN	0
GTEX-148VJ-0011-R6a-SM-H6Q7O	OPC	0.0114776279284461
GTEX-148VJ-0011-R6a-SM-H6Q7O	Inhib	0
GTEX-148VJ-0011-R6a-SM-H6Q7O	Immune	0.00462766753117402
GTEX-14ABY-0011-R6a-SM-5PNWR	Oligo	0.541584763841609
GTEX-14ABY-0011-R6a-SM-5PNWR	Micro	0.0760530378357936
GTEX-14ABY-0011-R6a-SM-5PNWR	Astro	0.234030236041716
GTEX-14ABY-0011-R6a-SM-5PNWR	D1-SPN	0.0281429941620847
GTEX-14ABY-0011-R6a-SM-5PNWR	D2-SPN	0.0812309766393774
GTEX-14ABY-0011-R6a-SM-5PNWR	OPC	0.0259751995523739
GTEX-14ABY-0011-R6a-SM-5PNWR	Inhib	0.0107584625663657
GTEX-14ABY-0011-R6a-SM-5PNWR	Immune	0.00222432936068014
GTEX-14ASI-0011-R6a-SM-5S2UZ	Oligo	0.481392214016466
GTEX-14ASI-0011-R6a-SM-5S2UZ	Micro	0.0344282007868555
GTEX-14ASI-0011-R6a-SM-5S2UZ	Astro	0.258376013112212
GTEX-14ASI-0011-R6a-SM-5S2UZ	D1-SPN	0.0441148121210785
GTEX-14ASI-0011-R6a-SM-5S2UZ	D2-SPN	0.106560787277197
GTEX-14ASI-0011-R6a-SM-5S2UZ	OPC	0.0637634372866447
GTEX-14ASI-0011-R6a-SM-5S2UZ	Inhib	0.00933400715240498
GTEX-14ASI-0011-R6a-SM-5S2UZ	Immune	0.00203052824714131
GTEX-14BIL-0011-R6b-SM-GPRXF	Oligo	0.179437560384289
GTEX-14BIL-0011-R6b-SM-GPRXF	Micro	0.0168528850874497
GTEX-14BIL-0011-R6b-SM-GPRXF	Astro	0.762940399852264
GTEX-14BIL-0011-R6b-SM-GPRXF	D1-SPN	0.0017032717311732
GTEX-14BIL-0011-R6b-SM-GPRXF	D2-SPN	0
GTEX-14BIL-0011-R6b-SM-GPRXF	OPC	0.0209856300801171
GTEX-14BIL-0011-R6b-SM-GPRXF	Inhib	0.00191613295961197
GTEX-14BIL-0011-R6b-SM-GPRXF	Immune	0.0161641199050951
GTEX-14BIM-0011-R6b-SM-5S2VB	Oligo	0.12122506077448
GTEX-14BIM-0011-R6b-SM-5S2VB	Micro	0.113859998748765
GTEX-14BIM-0011-R6b-SM-5S2VB	Astro	0.50993906480284
GTEX-14BIM-0011-R6b-SM-5S2VB	D1-SPN	0.0848777976734401
GTEX-14BIM-0011-R6b-SM-5S2VB	D2-SPN	0.0836370466733483
GTEX-14BIM-0011-R6b-SM-5S2VB	OPC	0.0365458501020232
GTEX-14BIM-0011-R6b-SM-5S2VB	Inhib	0.0136422920363569
GTEX-14BIM-0011-R6b-SM-5S2VB	Immune	0.0362728891887465
GTEX-14BIN-0011-R6a-SM-5S2RH	Oligo	0.0865922042324865
GTEX-14BIN-0011-R6a-SM-5S2RH	Micro	0.0229991922337985
GTEX-14BIN-0011-R6a-SM-5S2RH	Astro	0.223881808866053
GTEX-14BIN-0011-R6a-SM-5S2RH	D1-SPN	0.421578790186285
GTEX-14BIN-0011-R6a-SM-5S2RH	D2-SPN	0.216051809617202
GTEX-14BIN-0011-R6a-SM-5S2RH	OPC	0.0279237203621396
GTEX-14BIN-0011-R6a-SM-5S2RH	Inhib	0
GTEX-14BIN-0011-R6a-SM-5S2RH	Immune	0.000972474502035893
GTEX-14BMV-0011-R6b-SM-5YY9I	Oligo	0.274163653107072
GTEX-14BMV-0011-R6b-SM-5YY9I	Micro	0.0965862526350885
GTEX-14BMV-0011-R6b-SM-5YY9I	Astro	0.205376347971067
GTEX-14BMV-0011-R6b-SM-5YY9I	D1-SPN	0.184004476994071
GTEX-14BMV-0011-R6b-SM-5YY9I	D2-SPN	0.142428270209851
GTEX-14BMV-0011-R6b-SM-5YY9I	OPC	0.0835924827748644
GTEX-14BMV-0011-R6b-SM-5YY9I	Inhib	0.011406674459649
GTEX-14BMV-0011-R6b-SM-5YY9I	Immune	0.00244184184833677
GTEX-14C39-0011-R10b-SM-5YYBE	Oligo	0.421302221248461
GTEX-14C39-0011-R10b-SM-5YYBE	Micro	0.030675904672805
GTEX-14C39-0011-R10b-SM-5YYBE	Astro	0.301673466654488
GTEX-14C39-0011-R10b-SM-5YYBE	D1-SPN	0.118333254443152
GTEX-14C39-0011-R10b-SM-5YYBE	D2-SPN	0.075910487090567
GTEX-14C39-0011-R10b-SM-5YYBE	OPC	0.0474082711141774
GTEX-14C39-0011-R10b-SM-5YYBE	Inhib	0.00312359751157684
GTEX-14C39-0011-R10b-SM-5YYBE	Immune	0.00157279726477282
GTEX-14C5O-0011-R6a-SM-5YYB6	Oligo	0.453502096160578
GTEX-14C5O-0011-R6a-SM-5YYB6	Micro	0.0959656044116075
GTEX-14C5O-0011-R6a-SM-5YYB6	Astro	0.229861877433878
GTEX-14C5O-0011-R6a-SM-5YYB6	D1-SPN	0.0599024959627061
GTEX-14C5O-0011-R6a-SM-5YYB6	D2-SPN	0.0564187268961998
GTEX-14C5O-0011-R6a-SM-5YYB6	OPC	0.0313515045611592
GTEX-14C5O-0011-R6a-SM-5YYB6	Inhib	0.0212758502915355
GTEX-14C5O-0011-R6a-SM-5YYB6	Immune	0.0517218442823359
GTEX-14DAQ-0011-R6a-SM-G9ERO	Oligo	0.205719013164976
GTEX-14DAQ-0011-R6a-SM-G9ERO	Micro	0.19414292884576
GTEX-14DAQ-0011-R6a-SM-G9ERO	Astro	0.275837950783254
GTEX-14DAQ-0011-R6a-SM-G9ERO	D1-SPN	0.102265774410289
GTEX-14DAQ-0011-R6a-SM-G9ERO	D2-SPN	0.112448322531889
GTEX-14DAQ-0011-R6a-SM-G9ERO	OPC	0.0937245788611764
GTEX-14DAQ-0011-R6a-SM-G9ERO	Inhib	0.0156411707366473
GTEX-14DAQ-0011-R6a-SM-G9ERO	Immune	0.000220260666008321
GTEX-14E7W-0011-R6b-SM-5ZZV3	Oligo	0.514543471635288
GTEX-14E7W-0011-R6b-SM-5ZZV3	Micro	0.133792219383812
GTEX-14E7W-0011-R6b-SM-5ZZV3	Astro	0.181775511153128
GTEX-14E7W-0011-R6b-SM-5ZZV3	D1-SPN	0.0780096363543134
GTEX-14E7W-0011-R6b-SM-5ZZV3	D2-SPN	0.0108474635803166
GTEX-14E7W-0011-R6b-SM-5ZZV3	OPC	0.0317701549623158
GTEX-14E7W-0011-R6b-SM-5ZZV3	Inhib	0.0289410646764756
GTEX-14E7W-0011-R6b-SM-5ZZV3	Immune	0.0203204782543505
GTEX-14JG1-0011-R6b-SM-5YYAU	Oligo	0.282530708633535
GTEX-14JG1-0011-R6b-SM-5YYAU	Micro	0.112414782470378
GTEX-14JG1-0011-R6b-SM-5YYAU	Astro	0.319950896613954
GTEX-14JG1-0011-R6b-SM-5YYAU	D1-SPN	0.0612834649444904
GTEX-14JG1-0011-R6b-SM-5YYAU	D2-SPN	0.138407958308212
GTEX-14JG1-0011-R6b-SM-5YYAU	OPC	0.0638126742663832
GTEX-14JG1-0011-R6b-SM-5YYAU	Inhib	0.0148524905782547
GTEX-14JG1-0011-R6b-SM-5YYAU	Immune	0.00674702418479311
GTEX-14JIY-0011-R6b-SM-68714	Oligo	0.271227314221474
GTEX-14JIY-0011-R6b-SM-68714	Micro	0.0988777368613467
GTEX-14JIY-0011-R6b-SM-68714	Astro	0.272074873425993
GTEX-14JIY-0011-R6b-SM-68714	D1-SPN	0.161054317469542
GTEX-14JIY-0011-R6b-SM-68714	D2-SPN	0.153906217529112
GTEX-14JIY-0011-R6b-SM-68714	OPC	0.0286983884075865
GTEX-14JIY-0011-R6b-SM-68714	Inhib	0.00749358875439963
GTEX-14JIY-0011-R6b-SM-68714	Immune	0.00666756333054705
GTEX-14LZ3-0011-R6a-SM-D3L8C	Oligo	0.23615227660416
GTEX-14LZ3-0011-R6a-SM-D3L8C	Micro	0.0749837873386406
GTEX-14LZ3-0011-R6a-SM-D3L8C	Astro	0.476049263703141
GTEX-14LZ3-0011-R6a-SM-D3L8C	D1-SPN	0.0631775688474153
GTEX-14LZ3-0011-R6a-SM-D3L8C	D2-SPN	0.0638899709501559
GTEX-14LZ3-0011-R6a-SM-D3L8C	OPC	0.057941154168767
GTEX-14LZ3-0011-R6a-SM-D3L8C	Inhib	0.00729444766235181
GTEX-14LZ3-0011-R6a-SM-D3L8C	Immune	0.0205115307253682
GTEX-14PHW-0011-R6b-SM-5YYAR	Oligo	0.2914627604187
GTEX-14PHW-0011-R6b-SM-5YYAR	Micro	0.0480218153261156
GTEX-14PHW-0011-R6b-SM-5YYAR	Astro	0.585551591987989
GTEX-14PHW-0011-R6b-SM-5YYAR	D1-SPN	0.00534946656465854
GTEX-14PHW-0011-R6b-SM-5YYAR	D2-SPN	0
GTEX-14PHW-0011-R6b-SM-5YYAR	OPC	0.0624996305077811
GTEX-14PHW-0011-R6b-SM-5YYAR	Inhib	0.00219047227416381
GTEX-14PHW-0011-R6b-SM-5YYAR	Immune	0.00492426292059231
GTEX-14PJM-0011-R6a-SM-6872G	Oligo	0.314731323892808
GTEX-14PJM-0011-R6a-SM-6872G	Micro	0.0469231577660469
GTEX-14PJM-0011-R6a-SM-6872G	Astro	0.280430647034829
GTEX-14PJM-0011-R6a-SM-6872G	D1-SPN	0.203238999103931
GTEX-14PJM-0011-R6a-SM-6872G	D2-SPN	0.0989918243019377
GTEX-14PJM-0011-R6a-SM-6872G	OPC	0.0348873424617313
GTEX-14PJM-0011-R6a-SM-6872G	Inhib	0.0161283128984222
GTEX-14PJM-0011-R6a-SM-6872G	Immune	0.00466839254029369
GTEX-14PN4-0011-R6b-SM-69LQU	Oligo	0.277829853353662
GTEX-14PN4-0011-R6b-SM-69LQU	Micro	0.195435493051211
GTEX-14PN4-0011-R6b-SM-69LQU	Astro	0.279166152766833
GTEX-14PN4-0011-R6b-SM-69LQU	D1-SPN	0.0562771223067292
GTEX-14PN4-0011-R6b-SM-69LQU	D2-SPN	0.0360095227342287
GTEX-14PN4-0011-R6b-SM-69LQU	OPC	0.0644233072458704
GTEX-14PN4-0011-R6b-SM-69LQU	Inhib	0.0112533808662118
GTEX-14PN4-0011-R6b-SM-69LQU	Immune	0.0796051676752542
GTEX-14PQA-0011-R6b-SM-6AJAM	Oligo	0.264559974545036
GTEX-14PQA-0011-R6b-SM-6AJAM	Micro	0.0544890663906991
GTEX-14PQA-0011-R6b-SM-6AJAM	Astro	0.299598847762021
GTEX-14PQA-0011-R6b-SM-6AJAM	D1-SPN	0.203387742627048
GTEX-14PQA-0011-R6b-SM-6AJAM	D2-SPN	0.0811688756898617
GTEX-14PQA-0011-R6b-SM-6AJAM	OPC	0.0796737520840367
GTEX-14PQA-0011-R6b-SM-6AJAM	Inhib	0.000292989066615804
GTEX-14PQA-0011-R6b-SM-6AJAM	Immune	0.016828751834682
GTEX-15CHQ-0011-R6b-SM-69LOX	Oligo	0.0967899485196791
GTEX-15CHQ-0011-R6b-SM-69LOX	Micro	0.114374027330357
GTEX-15CHQ-0011-R6b-SM-69LOX	Astro	0.432788922302749
GTEX-15CHQ-0011-R6b-SM-69LOX	D1-SPN	0.134789068049366
GTEX-15CHQ-0011-R6b-SM-69LOX	D2-SPN	0.122602158933496
GTEX-15CHQ-0011-R6b-SM-69LOX	OPC	0.0772156866701315
GTEX-15CHQ-0011-R6b-SM-69LOX	Inhib	0.0150097511808771
GTEX-15CHQ-0011-R6b-SM-69LOX	Immune	0.00643043701334405
GTEX-15DCD-0011-R6b-SM-6M46L	Oligo	0.540182058289697
GTEX-15DCD-0011-R6b-SM-6M46L	Micro	0.0692965429169953
GTEX-15DCD-0011-R6b-SM-6M46L	Astro	0.259503139392412
GTEX-15DCD-0011-R6b-SM-6M46L	D1-SPN	0
GTEX-15DCD-0011-R6b-SM-6M46L	D2-SPN	0.0791417932419772
GTEX-15DCD-0011-R6b-SM-6M46L	OPC	0.0412147474063047
GTEX-15DCD-0011-R6b-SM-6M46L	Inhib	0.00271024337995277
GTEX-15DCD-0011-R6b-SM-6M46L	Immune	0.0079514753726613
GTEX-15DYW-0011-R6b-SM-6PALA	Oligo	0.654670101267654
GTEX-15DYW-0011-R6b-SM-6PALA	Micro	0.0472607458426423
GTEX-15DYW-0011-R6b-SM-6PALA	Astro	0.187796627308551
GTEX-15DYW-0011-R6b-SM-6PALA	D1-SPN	0.00656583022145305
GTEX-15DYW-0011-R6b-SM-6PALA	D2-SPN	0
GTEX-15DYW-0011-R6b-SM-6PALA	OPC	0.0541554912873632
GTEX-15DYW-0011-R6b-SM-6PALA	Inhib	0.0440355342455774
GTEX-15DYW-0011-R6b-SM-6PALA	Immune	0.00551566982675895
GTEX-15EO6-0011-R6a-SM-7KULK	Oligo	0.291480937979934
GTEX-15EO6-0011-R6a-SM-7KULK	Micro	0.010052995812478
GTEX-15EO6-0011-R6a-SM-7KULK	Astro	0.602203394569764
GTEX-15EO6-0011-R6a-SM-7KULK	D1-SPN	0.0044666711213341
GTEX-15EO6-0011-R6a-SM-7KULK	D2-SPN	0
GTEX-15EO6-0011-R6a-SM-7KULK	OPC	0.0830689221707221
GTEX-15EO6-0011-R6a-SM-7KULK	Inhib	0.00149717350871437
GTEX-15EO6-0011-R6a-SM-7KULK	Immune	0.00722990483705389
GTEX-15ER7-0011-R6a-SM-6M46M	Oligo	0.126938769586066
GTEX-15ER7-0011-R6a-SM-6M46M	Micro	0.118863441962738
GTEX-15ER7-0011-R6a-SM-6M46M	Astro	0.257934020792823
GTEX-15ER7-0011-R6a-SM-6M46M	D1-SPN	0.30543899000854
GTEX-15ER7-0011-R6a-SM-6M46M	D2-SPN	0.0906541468077679
GTEX-15ER7-0011-R6a-SM-6M46M	OPC	0.0801441162444921
GTEX-15ER7-0011-R6a-SM-6M46M	Inhib	0.0165923693892088
GTEX-15ER7-0011-R6a-SM-6M46M	Immune	0.00343414520836507
GTEX-15G19-0011-R6b-SM-7KUM3	Oligo	0.756086771609805
GTEX-15G19-0011-R6b-SM-7KUM3	Micro	0.0379432900565296
GTEX-15G19-0011-R6b-SM-7KUM3	Astro	0.100533957513481
GTEX-15G19-0011-R6b-SM-7KUM3	D1-SPN	0.0272307855950344
GTEX-15G19-0011-R6b-SM-7KUM3	D2-SPN	0
GTEX-15G19-0011-R6b-SM-7KUM3	OPC	0.0477280735139672
GTEX-15G19-0011-R6b-SM-7KUM3	Inhib	0.0172249365817988
GTEX-15G19-0011-R6b-SM-7KUM3	Immune	0.0132521851293848
GTEX-15RJE-0011-R6a-SM-7DHL8	Oligo	0.332537677204737
GTEX-15RJE-0011-R6a-SM-7DHL8	Micro	0.130931420530058
GTEX-15RJE-0011-R6a-SM-7DHL8	Astro	0.247646351873189
GTEX-15RJE-0011-R6a-SM-7DHL8	D1-SPN	0.119208160056192
GTEX-15RJE-0011-R6a-SM-7DHL8	D2-SPN	0.0854786865889351
GTEX-15RJE-0011-R6a-SM-7DHL8	OPC	0.0315180270453172
GTEX-15RJE-0011-R6a-SM-7DHL8	Inhib	0.0241315177207413
GTEX-15RJE-0011-R6a-SM-7DHL8	Immune	0.0285481589808307
GTEX-15SHU-0011-R6a-SM-GPRXC	Oligo	0.811889041240359
GTEX-15SHU-0011-R6a-SM-GPRXC	Micro	0.0185785458786336
GTEX-15SHU-0011-R6a-SM-GPRXC	Astro	0.116547337906144
GTEX-15SHU-0011-R6a-SM-GPRXC	D1-SPN	0
GTEX-15SHU-0011-R6a-SM-GPRXC	D2-SPN	0
GTEX-15SHU-0011-R6a-SM-GPRXC	OPC	0.0374241862768578
GTEX-15SHU-0011-R6a-SM-GPRXC	Inhib	0.00965138448859873
GTEX-15SHU-0011-R6a-SM-GPRXC	Immune	0.00590950420940668
GTEX-16GPK-0011-R6a-SM-H6Q6V	Oligo	0.178260932787991
GTEX-16GPK-0011-R6a-SM-H6Q6V	Micro	0.0859110403723834
GTEX-16GPK-0011-R6a-SM-H6Q6V	Astro	0.330466886751124
GTEX-16GPK-0011-R6a-SM-H6Q6V	D1-SPN	0.204345698485184
GTEX-16GPK-0011-R6a-SM-H6Q6V	D2-SPN	0.105233999338798
GTEX-16GPK-0011-R6a-SM-H6Q6V	OPC	0.085942257409869
GTEX-16GPK-0011-R6a-SM-H6Q6V	Inhib	0.00306636051120452
GTEX-16GPK-0011-R6a-SM-H6Q6V	Immune	0.00677282434344625
GTEX-16XZZ-0011-R6a-SM-7IGNE	Oligo	0.402261859283922
GTEX-16XZZ-0011-R6a-SM-7IGNE	Micro	0.0123193372784478
GTEX-16XZZ-0011-R6a-SM-7IGNE	Astro	0.380269962678392
GTEX-16XZZ-0011-R6a-SM-7IGNE	D1-SPN	0
GTEX-16XZZ-0011-R6a-SM-7IGNE	D2-SPN	0.00601984673068707
GTEX-16XZZ-0011-R6a-SM-7IGNE	OPC	0.18495054691869
GTEX-16XZZ-0011-R6a-SM-7IGNE	Inhib	0.00411173488290437
GTEX-16XZZ-0011-R6a-SM-7IGNE	Immune	0.0100667122269567
GTEX-16YQH-0011-R6b-SM-7938T	Oligo	0.234443140969271
GTEX-16YQH-0011-R6b-SM-7938T	Micro	0.188917669815895
GTEX-16YQH-0011-R6b-SM-7938T	Astro	0.226369548598344
GTEX-16YQH-0011-R6b-SM-7938T	D1-SPN	0.174643747846104
GTEX-16YQH-0011-R6b-SM-7938T	D2-SPN	0.108676166627893
GTEX-16YQH-0011-R6b-SM-7938T	OPC	0.0448647274396257
GTEX-16YQH-0011-R6b-SM-7938T	Inhib	0.0139238129936567
GTEX-16YQH-0011-R6b-SM-7938T	Immune	0.00816118570921043
GTEX-16Z82-0011-R6a-SM-7IGLV	Oligo	0.585991801456828
GTEX-16Z82-0011-R6a-SM-7IGLV	Micro	0.0261545740117747
GTEX-16Z82-0011-R6a-SM-7IGLV	Astro	0.269131814355316
GTEX-16Z82-0011-R6a-SM-7IGLV	D1-SPN	0.0019310421868126
GTEX-16Z82-0011-R6a-SM-7IGLV	D2-SPN	0
GTEX-16Z82-0011-R6a-SM-7IGLV	OPC	0.0801548469283368
GTEX-16Z82-0011-R6a-SM-7IGLV	Inhib	0.00106563494205085
GTEX-16Z82-0011-R6a-SM-7IGLV	Immune	0.0355702861188811
GTEX-17EVP-0011-R6b-SM-7LT99	Oligo	0.217005806363403
GTEX-17EVP-0011-R6b-SM-7LT99	Micro	0.0819381743228963
GTEX-17EVP-0011-R6b-SM-7LT99	Astro	0.326647289315954
GTEX-17EVP-0011-R6b-SM-7LT99	D1-SPN	0.157956144333651
GTEX-17EVP-0011-R6b-SM-7LT99	D2-SPN	0.129857177097337
GTEX-17EVP-0011-R6b-SM-7LT99	OPC	0.0682558105969742
GTEX-17EVP-0011-R6b-SM-7LT99	Inhib	0.0131347262720351
GTEX-17EVP-0011-R6b-SM-7LT99	Immune	0.0052048716977495
GTEX-17EVQ-0011-R6a-SM-7189U	Oligo	0.351080929268115
GTEX-17EVQ-0011-R6a-SM-7189U	Micro	0.114081761628458
GTEX-17EVQ-0011-R6a-SM-7189U	Astro	0.184277023828476
GTEX-17EVQ-0011-R6a-SM-7189U	D1-SPN	0.147350893238492
GTEX-17EVQ-0011-R6a-SM-7189U	D2-SPN	0.0669344418369348
GTEX-17EVQ-0011-R6a-SM-7189U	OPC	0.116502520961493
GTEX-17EVQ-0011-R6a-SM-7189U	Inhib	0.00568810596709385
GTEX-17EVQ-0011-R6a-SM-7189U	Immune	0.0140843232709379
GTEX-17F97-0011-R6a-SM-7EPGS	Oligo	0.269114695128404
GTEX-17F97-0011-R6a-SM-7EPGS	Micro	0.16459785681513
GTEX-17F97-0011-R6a-SM-7EPGS	Astro	0.285435132588695
GTEX-17F97-0011-R6a-SM-7EPGS	D1-SPN	0.143379840433737
GTEX-17F97-0011-R6a-SM-7EPGS	D2-SPN	0.0632629329455902
GTEX-17F97-0011-R6a-SM-7EPGS	OPC	0.0397116035886007
GTEX-17F97-0011-R6a-SM-7EPGS	Inhib	0.0221920178177318
GTEX-17F97-0011-R6a-SM-7EPGS	Immune	0.0123059206821115
GTEX-17HG3-0011-R6b-SM-79OK8	Oligo	0.317894659651735
GTEX-17HG3-0011-R6b-SM-79OK8	Micro	0.0738449054107432
GTEX-17HG3-0011-R6b-SM-79OK8	Astro	0.396201839561741
GTEX-17HG3-0011-R6b-SM-79OK8	D1-SPN	0.0453271893967313
GTEX-17HG3-0011-R6b-SM-79OK8	D2-SPN	0.105148157343851
GTEX-17HG3-0011-R6b-SM-79OK8	OPC	0.0424816492426604
GTEX-17HG3-0011-R6b-SM-79OK8	Inhib	0.0110019740742877
GTEX-17HG3-0011-R6b-SM-79OK8	Immune	0.0080996253182507
GTEX-17HHY-0011-R6b-SM-7189Z	Oligo	0.593878916665967
GTEX-17HHY-0011-R6b-SM-7189Z	Micro	0.0592974160411623
GTEX-17HHY-0011-R6b-SM-7189Z	Astro	0.240274776495562
GTEX-17HHY-0011-R6b-SM-7189Z	D1-SPN	0.000230500464201477
GTEX-17HHY-0011-R6b-SM-7189Z	D2-SPN	0.0592642828387194
GTEX-17HHY-0011-R6b-SM-7189Z	OPC	0.0403264318428975
GTEX-17HHY-0011-R6b-SM-7189Z	Inhib	0.00474108770046316
GTEX-17HHY-0011-R6b-SM-7189Z	Immune	0.00198658795102674
GTEX-17JCI-0011-R6a-SM-72D6D	Oligo	0.479664891029232
GTEX-17JCI-0011-R6a-SM-72D6D	Micro	0.0217293347236086
GTEX-17JCI-0011-R6a-SM-72D6D	Astro	0.306983380023431
GTEX-17JCI-0011-R6a-SM-72D6D	D1-SPN	0.0150180915458177
GTEX-17JCI-0011-R6a-SM-72D6D	D2-SPN	0.0481044752834398
GTEX-17JCI-0011-R6a-SM-72D6D	OPC	0.10968339787312
GTEX-17JCI-0011-R6a-SM-72D6D	Inhib	0.0101118861737686
GTEX-17JCI-0011-R6a-SM-72D6D	Immune	0.00870454334758341
GTEX-17MF6-0011-R6b-SM-7LG6G	Oligo	0.372375647315274
GTEX-17MF6-0011-R6b-SM-7LG6G	Micro	0.16821968246463
GTEX-17MF6-0011-R6b-SM-7LG6G	Astro	0.243500924138851
GTEX-17MF6-0011-R6b-SM-7LG6G	D1-SPN	0.00725950390157551
GTEX-17MF6-0011-R6b-SM-7LG6G	D2-SPN	0.134069094828032
GTEX-17MF6-0011-R6b-SM-7LG6G	OPC	0.0606498622884508
GTEX-17MF6-0011-R6b-SM-7LG6G	Inhib	0.00159246037109523
GTEX-17MF6-0011-R6b-SM-7LG6G	Immune	0.0123328246920903
GTEX-183WM-0011-R6b-SM-72D66	Oligo	0.257264904146567
GTEX-183WM-0011-R6b-SM-72D66	Micro	0.155330336340663
GTEX-183WM-0011-R6b-SM-72D66	Astro	0.360630605202734
GTEX-183WM-0011-R6b-SM-72D66	D1-SPN	0.0839580548934509
GTEX-183WM-0011-R6b-SM-72D66	D2-SPN	0.0133164191027908
GTEX-183WM-0011-R6b-SM-72D66	OPC	0.0429846445938318
GTEX-183WM-0011-R6b-SM-72D66	Inhib	0.00969193923178581
GTEX-183WM-0011-R6b-SM-72D66	Immune	0.0768230964881764
GTEX-18465-0011-R6a-SM-7LG6M	Oligo	0.590392831214621
GTEX-18465-0011-R6a-SM-7LG6M	Micro	0.0466704965893307
GTEX-18465-0011-R6a-SM-7LG6M	Astro	0.227751314293566
GTEX-18465-0011-R6a-SM-7LG6M	D1-SPN	0.00224672518601144
GTEX-18465-0011-R6a-SM-7LG6M	D2-SPN	0.000915548569559596
GTEX-18465-0011-R6a-SM-7LG6M	OPC	0.0791878357460721
GTEX-18465-0011-R6a-SM-7LG6M	Inhib	0.0504995776838965
GTEX-18465-0011-R6a-SM-7LG6M	Immune	0.00233567071694332
GTEX-18A6Q-0011-R6a-SM-7LG6R	Oligo	0.405451085539159
GTEX-18A6Q-0011-R6a-SM-7LG6R	Micro	0.04613260438269
GTEX-18A6Q-0011-R6a-SM-7LG6R	Astro	0.282942174854739
GTEX-18A6Q-0011-R6a-SM-7LG6R	D1-SPN	0.0807648129532214
GTEX-18A6Q-0011-R6a-SM-7LG6R	D2-SPN	0.103440092629861
GTEX-18A6Q-0011-R6a-SM-7LG6R	OPC	0.059623733550101
GTEX-18A6Q-0011-R6a-SM-7LG6R	Inhib	0.0121990662044029
GTEX-18A6Q-0011-R6a-SM-7LG6R	Immune	0.00944642988582612
GTEX-1A3MX-0011-R6a-SM-7P8S9	Oligo	0.234708277736263
GTEX-1A3MX-0011-R6a-SM-7P8S9	Micro	0.122218793068646
GTEX-1A3MX-0011-R6a-SM-7P8S9	Astro	0.361054836661164
GTEX-1A3MX-0011-R6a-SM-7P8S9	D1-SPN	0.065574009318806
GTEX-1A3MX-0011-R6a-SM-7P8S9	D2-SPN	0.137074323604743
GTEX-1A3MX-0011-R6a-SM-7P8S9	OPC	0.0375536983112879
GTEX-1A3MX-0011-R6a-SM-7P8S9	Inhib	0.0111461202536176
GTEX-1A3MX-0011-R6a-SM-7P8S9	Immune	0.0306699410454731
GTEX-1A8G6-0011-R6b-SM-7P8PE	Oligo	0.25395008379429
GTEX-1A8G6-0011-R6b-SM-7P8PE	Micro	0.0379441175629698
GTEX-1A8G6-0011-R6b-SM-7P8PE	Astro	0.68211303000581
GTEX-1A8G6-0011-R6b-SM-7P8PE	D1-SPN	0.0118556392288149
GTEX-1A8G6-0011-R6b-SM-7P8PE	D2-SPN	0
GTEX-1A8G6-0011-R6b-SM-7P8PE	OPC	0.00809179753000574
GTEX-1A8G6-0011-R6b-SM-7P8PE	Inhib	0.000640106663705196
GTEX-1A8G6-0011-R6b-SM-7P8PE	Immune	0.00540522521440417
GTEX-1AX9I-0011-R6a-SM-7P8PK	Oligo	0.340560830478932
GTEX-1AX9I-0011-R6a-SM-7P8PK	Micro	0.0776082623330796
GTEX-1AX9I-0011-R6a-SM-7P8PK	Astro	0.26441425972819
GTEX-1AX9I-0011-R6a-SM-7P8PK	D1-SPN	0.100623300117275
GTEX-1AX9I-0011-R6a-SM-7P8PK	D2-SPN	0.169677833850366
GTEX-1AX9I-0011-R6a-SM-7P8PK	OPC	0.0330803039582042
GTEX-1AX9I-0011-R6a-SM-7P8PK	Inhib	0.0066310991746761
GTEX-1AX9I-0011-R6a-SM-7P8PK	Immune	0.00740411035927732
GTEX-1B8L1-0011-R6b-SM-7P8SU	Oligo	0.310655308825132
GTEX-1B8L1-0011-R6b-SM-7P8SU	Micro	0.0934021487481425
GTEX-1B8L1-0011-R6b-SM-7P8SU	Astro	0.262627782309628
GTEX-1B8L1-0011-R6b-SM-7P8SU	D1-SPN	0.131596114780064
GTEX-1B8L1-0011-R6b-SM-7P8SU	D2-SPN	0.145774001786037
GTEX-1B8L1-0011-R6b-SM-7P8SU	OPC	0.0413855154363958
GTEX-1B8L1-0011-R6b-SM-7P8SU	Inhib	0.0119302308664619
GTEX-1B8L1-0011-R6b-SM-7P8SU	Immune	0.00262889724813914
GTEX-1B8SF-0011-R6b-SM-7MXUD	Oligo	0.158604564915197
GTEX-1B8SF-0011-R6b-SM-7MXUD	Micro	0.0852307596347617
GTEX-1B8SF-0011-R6b-SM-7MXUD	Astro	0.443522454565845
GTEX-1B8SF-0011-R6b-SM-7MXUD	D1-SPN	0.134335453311604
GTEX-1B8SF-0011-R6b-SM-7MXUD	D2-SPN	0.129980232824397
GTEX-1B8SF-0011-R6b-SM-7MXUD	OPC	0.0388373039601737
GTEX-1B8SF-0011-R6b-SM-7MXUD	Inhib	0.00535041886436883
GTEX-1B8SF-0011-R6b-SM-7MXUD	Immune	0.0041388119236531
GTEX-1B933-0011-R6b-SM-79OOQ	Oligo	0.160374554434388
GTEX-1B933-0011-R6b-SM-79OOQ	Micro	0.108713005730607
GTEX-1B933-0011-R6b-SM-79OOQ	Astro	0.290192642256868
GTEX-1B933-0011-R6b-SM-79OOQ	D1-SPN	0.238467892527322
GTEX-1B933-0011-R6b-SM-79OOQ	D2-SPN	0.123551406053193
GTEX-1B933-0011-R6b-SM-79OOQ	OPC	0.0465166080391182
GTEX-1B933-0011-R6b-SM-79OOQ	Inhib	0.0106758142335761
GTEX-1B933-0011-R6b-SM-79OOQ	Immune	0.0215080767249279
GTEX-1B996-0011-R6b-SM-793AQ	Oligo	0.320858161977141
GTEX-1B996-0011-R6b-SM-793AQ	Micro	0.0527960981793389
GTEX-1B996-0011-R6b-SM-793AQ	Astro	0.280851835292391
GTEX-1B996-0011-R6b-SM-793AQ	D1-SPN	0.120350854230379
GTEX-1B996-0011-R6b-SM-793AQ	D2-SPN	0.127393831702619
GTEX-1B996-0011-R6b-SM-793AQ	OPC	0.0920697453703426
GTEX-1B996-0011-R6b-SM-793AQ	Inhib	0.00140000849728694
GTEX-1B996-0011-R6b-SM-793AQ	Immune	0.00427946475050123
GTEX-1BAJH-0011-R6b-SM-7MXT2	Oligo	0.262015173647053
GTEX-1BAJH-0011-R6b-SM-7MXT2	Micro	0.115940434063856
GTEX-1BAJH-0011-R6b-SM-7MXT2	Astro	0.425770644815824
GTEX-1BAJH-0011-R6b-SM-7MXT2	D1-SPN	0.0106344077665658
GTEX-1BAJH-0011-R6b-SM-7MXT2	D2-SPN	0.110503785393789
GTEX-1BAJH-0011-R6b-SM-7MXT2	OPC	0.0625653796331134
GTEX-1BAJH-0011-R6b-SM-7MXT2	Inhib	0.00499262457443796
GTEX-1BAJH-0011-R6b-SM-7MXT2	Immune	0.00757755010536139
GTEX-1C64N-0011-R6a-SM-7IGO9	Oligo	0.30005052362043
GTEX-1C64N-0011-R6a-SM-7IGO9	Micro	0.0276654165776144
GTEX-1C64N-0011-R6a-SM-7IGO9	Astro	0.607086793051165
GTEX-1C64N-0011-R6a-SM-7IGO9	D1-SPN	0.0336239156313349
GTEX-1C64N-0011-R6a-SM-7IGO9	D2-SPN	0
GTEX-1C64N-0011-R6a-SM-7IGO9	OPC	0.0257209917526731
GTEX-1C64N-0011-R6a-SM-7IGO9	Inhib	0.000854754204642899
GTEX-1C64N-0011-R6a-SM-7IGO9	Immune	0.0049976051621401
GTEX-1C6VR-0011-R6a-SM-7MXU8	Oligo	0.21266653091423
GTEX-1C6VR-0011-R6a-SM-7MXU8	Micro	0.0790577203492945
GTEX-1C6VR-0011-R6a-SM-7MXU8	Astro	0.445556111084076
GTEX-1C6VR-0011-R6a-SM-7MXU8	D1-SPN	0.094672355230976
GTEX-1C6VR-0011-R6a-SM-7MXU8	D2-SPN	0.12826094194366
GTEX-1C6VR-0011-R6a-SM-7MXU8	OPC	0.0330661457698638
GTEX-1C6VR-0011-R6a-SM-7MXU8	Inhib	0.00576223678185125
GTEX-1C6VR-0011-R6a-SM-7MXU8	Immune	0.000957957926048867
GTEX-1C6WA-0011-R6a-SM-7PBYP	Oligo	0.833179406896464
GTEX-1C6WA-0011-R6a-SM-7PBYP	Micro	0.0662368421124725
GTEX-1C6WA-0011-R6a-SM-7PBYP	Astro	0.0658450282220082
GTEX-1C6WA-0011-R6a-SM-7PBYP	D1-SPN	0
GTEX-1C6WA-0011-R6a-SM-7PBYP	D2-SPN	1.12952691402992e-06
GTEX-1C6WA-0011-R6a-SM-7PBYP	OPC	0.0163882011910086
GTEX-1C6WA-0011-R6a-SM-7PBYP	Inhib	0.0117556974776327
GTEX-1C6WA-0011-R6a-SM-7PBYP	Immune	0.00659369457350038
GTEX-1CB4G-0011-R6b-SM-9QEGO	Oligo	0.228858510575148
GTEX-1CB4G-0011-R6b-SM-9QEGO	Micro	0.0740531883480361
GTEX-1CB4G-0011-R6b-SM-9QEGO	Astro	0.401183116555058
GTEX-1CB4G-0011-R6b-SM-9QEGO	D1-SPN	0.112305968588452
GTEX-1CB4G-0011-R6b-SM-9QEGO	D2-SPN	0.116107955268629
GTEX-1CB4G-0011-R6b-SM-9QEGO	OPC	0.0512668951694212
GTEX-1CB4G-0011-R6b-SM-9QEGO	Inhib	0.00599550903973479
GTEX-1CB4G-0011-R6b-SM-9QEGO	Immune	0.0102288564555209
GTEX-1CB4H-0011-R6b-SM-CKZNK	Oligo	0.496046664927392
GTEX-1CB4H-0011-R6b-SM-CKZNK	Micro	0.0217887403280288
GTEX-1CB4H-0011-R6b-SM-CKZNK	Astro	0.458691598076155
GTEX-1CB4H-0011-R6b-SM-CKZNK	D1-SPN	0.00459621139758605
GTEX-1CB4H-0011-R6b-SM-CKZNK	D2-SPN	0
GTEX-1CB4H-0011-R6b-SM-CKZNK	OPC	0.00794287325310154
GTEX-1CB4H-0011-R6b-SM-CKZNK	Inhib	0.00202646817763229
GTEX-1CB4H-0011-R6b-SM-CKZNK	Immune	0.00890744384010465
GTEX-1CB4J-0011-R6b-SM-9WG7B	Oligo	0.243835510744222
GTEX-1CB4J-0011-R6b-SM-9WG7B	Micro	0.116889628690954
GTEX-1CB4J-0011-R6b-SM-9WG7B	Astro	0.546254387453219
GTEX-1CB4J-0011-R6b-SM-9WG7B	D1-SPN	0
GTEX-1CB4J-0011-R6b-SM-9WG7B	D2-SPN	0.00897175217889363
GTEX-1CB4J-0011-R6b-SM-9WG7B	OPC	0.0093680438576226
GTEX-1CB4J-0011-R6b-SM-9WG7B	Inhib	0.00132617579588595
GTEX-1CB4J-0011-R6b-SM-9WG7B	Immune	0.0733545012792028
GTEX-1E1VI-0011-R6a-SM-9OSVJ	Oligo	0.335793432370452
GTEX-1E1VI-0011-R6a-SM-9OSVJ	Micro	0.0626483158688534
GTEX-1E1VI-0011-R6a-SM-9OSVJ	Astro	0.42019036195615
GTEX-1E1VI-0011-R6a-SM-9OSVJ	D1-SPN	0.0146751129059315
GTEX-1E1VI-0011-R6a-SM-9OSVJ	D2-SPN	0.0870084729863491
GTEX-1E1VI-0011-R6a-SM-9OSVJ	OPC	0.0627504780792942
GTEX-1E1VI-0011-R6a-SM-9OSVJ	Inhib	0.0110613476913068
GTEX-1E1VI-0011-R6a-SM-9OSVJ	Immune	0.00587247814166255
GTEX-1E2YA-0011-R6b-SM-CE6R2	Oligo	0.518433962795484
GTEX-1E2YA-0011-R6b-SM-CE6R2	Micro	0.0564478411035592
GTEX-1E2YA-0011-R6b-SM-CE6R2	Astro	0.286404572875315
GTEX-1E2YA-0011-R6b-SM-CE6R2	D1-SPN	0.00133886314727195
GTEX-1E2YA-0011-R6b-SM-CE6R2	D2-SPN	0.0107200637162745
GTEX-1E2YA-0011-R6b-SM-CE6R2	OPC	0.102674213276267
GTEX-1E2YA-0011-R6b-SM-CE6R2	Inhib	0.00321628865903628
GTEX-1E2YA-0011-R6b-SM-CE6R2	Immune	0.0207641944267917
GTEX-1EH9U-0011-R6a-SM-CJI2C	Oligo	0.309390341644586
GTEX-1EH9U-0011-R6a-SM-CJI2C	Micro	0.0354154290379949
GTEX-1EH9U-0011-R6a-SM-CJI2C	Astro	0.507576888523479
GTEX-1EH9U-0011-R6a-SM-CJI2C	D1-SPN	0.00946126049893294
GTEX-1EH9U-0011-R6a-SM-CJI2C	D2-SPN	0
GTEX-1EH9U-0011-R6a-SM-CJI2C	OPC	0.088502509686404
GTEX-1EH9U-0011-R6a-SM-CJI2C	Inhib	0.00279107335375686
GTEX-1EH9U-0011-R6a-SM-CJI2C	Immune	0.0468624972548461
GTEX-1EKGG-0011-R6a-SM-CL538	Oligo	0.313194080458937
GTEX-1EKGG-0011-R6a-SM-CL538	Micro	0.103532105883673
GTEX-1EKGG-0011-R6a-SM-CL538	Astro	0.441526514679092
GTEX-1EKGG-0011-R6a-SM-CL538	D1-SPN	0.0582369266481503
GTEX-1EKGG-0011-R6a-SM-CL538	D2-SPN	0.0217446214780738
GTEX-1EKGG-0011-R6a-SM-CL538	OPC	0.0475136941095297
GTEX-1EKGG-0011-R6a-SM-CL538	Inhib	0.00947358656403628
GTEX-1EKGG-0011-R6a-SM-CL538	Immune	0.00477847017850757
GTEX-1EMGI-0011-R6a-SM-9OSVR	Oligo	0.166522088524605
GTEX-1EMGI-0011-R6a-SM-9OSVR	Micro	0.137567859794443
GTEX-1EMGI-0011-R6a-SM-9OSVR	Astro	0.520128497745082
GTEX-1EMGI-0011-R6a-SM-9OSVR	D1-SPN	0.0573164101498464
GTEX-1EMGI-0011-R6a-SM-9OSVR	D2-SPN	0.0780455917565547
GTEX-1EMGI-0011-R6a-SM-9OSVR	OPC	0.0285993057776013
GTEX-1EMGI-0011-R6a-SM-9OSVR	Inhib	0.00314675475491708
GTEX-1EMGI-0011-R6a-SM-9OSVR	Immune	0.00867349149695131
GTEX-1EN7A-0011-R6b-SM-9QEHW	Oligo	0.766060629794137
GTEX-1EN7A-0011-R6b-SM-9QEHW	Micro	0.00629171973205819
GTEX-1EN7A-0011-R6b-SM-9QEHW	Astro	0.194682210569438
GTEX-1EN7A-0011-R6b-SM-9QEHW	D1-SPN	0
GTEX-1EN7A-0011-R6b-SM-9QEHW	D2-SPN	0
GTEX-1EN7A-0011-R6b-SM-9QEHW	OPC	0.0312783855257365
GTEX-1EN7A-0011-R6b-SM-9QEHW	Inhib	0.00147873478486032
GTEX-1EN7A-0011-R6b-SM-9QEHW	Immune	0.000208319593770372
GTEX-1EWIQ-0011-R6a-SM-ARU8G	Oligo	0.772197386777209
GTEX-1EWIQ-0011-R6a-SM-ARU8G	Micro	0.00930817367961261
GTEX-1EWIQ-0011-R6a-SM-ARU8G	Astro	0.176050030881814
GTEX-1EWIQ-0011-R6a-SM-ARU8G	D1-SPN	0.000892737770039199
GTEX-1EWIQ-0011-R6a-SM-ARU8G	D2-SPN	0
GTEX-1EWIQ-0011-R6a-SM-ARU8G	OPC	0.0330972448110529
GTEX-1EWIQ-0011-R6a-SM-ARU8G	Inhib	0.002663154543336
GTEX-1EWIQ-0011-R6a-SM-ARU8G	Immune	0.00579127153693639
GTEX-1EX96-0011-R6a-SM-9OSVV	Oligo	0.304690225946658
GTEX-1EX96-0011-R6a-SM-9OSVV	Micro	0.0843974071325557
GTEX-1EX96-0011-R6a-SM-9OSVV	Astro	0.348949126867156
GTEX-1EX96-0011-R6a-SM-9OSVV	D1-SPN	0.10597923350064
GTEX-1EX96-0011-R6a-SM-9OSVV	D2-SPN	0.089462201742901
GTEX-1EX96-0011-R6a-SM-9OSVV	OPC	0.0453914327977063
GTEX-1EX96-0011-R6a-SM-9OSVV	Inhib	0.0124379355609533
GTEX-1EX96-0011-R6a-SM-9OSVV	Immune	0.00869243645142937
GTEX-1F48J-0011-R6a-SM-CJI2F	Oligo	0.73059763655661
GTEX-1F48J-0011-R6a-SM-CJI2F	Micro	0.0504240056244509
GTEX-1F48J-0011-R6a-SM-CJI2F	Astro	0.133242301742264
GTEX-1F48J-0011-R6a-SM-CJI2F	D1-SPN	0.0158465363895633
GTEX-1F48J-0011-R6a-SM-CJI2F	D2-SPN	0
GTEX-1F48J-0011-R6a-SM-CJI2F	OPC	0.0268489714242887
GTEX-1F48J-0011-R6a-SM-CJI2F	Inhib	0.00718062313353759
GTEX-1F48J-0011-R6a-SM-CJI2F	Immune	0.0358599251292862
GTEX-1F6I4-0011-R6a-SM-CE6R4	Oligo	0.145623807252719
GTEX-1F6I4-0011-R6a-SM-CE6R4	Micro	0.0944065351835242
GTEX-1F6I4-0011-R6a-SM-CE6R4	Astro	0.339118726744715
GTEX-1F6I4-0011-R6a-SM-CE6R4	D1-SPN	0.184902309077053
GTEX-1F6I4-0011-R6a-SM-CE6R4	D2-SPN	0.0872208578875853
GTEX-1F6I4-0011-R6a-SM-CE6R4	OPC	0.120783131598932
GTEX-1F6I4-0011-R6a-SM-CE6R4	Inhib	0.0168246251017991
GTEX-1F6I4-0011-R6a-SM-CE6R4	Immune	0.0111200071536719
GTEX-1F6IF-0011-R6a-SM-9QEIO	Oligo	0.34492985790437
GTEX-1F6IF-0011-R6a-SM-9QEIO	Micro	0.0599510540433395
GTEX-1F6IF-0011-R6a-SM-9QEIO	Astro	0.334197202930255
GTEX-1F6IF-0011-R6a-SM-9QEIO	D1-SPN	0.0544706672362622
GTEX-1F6IF-0011-R6a-SM-9QEIO	D2-SPN	0.156753032897636
GTEX-1F6IF-0011-R6a-SM-9QEIO	OPC	0.0397277558410876
GTEX-1F6IF-0011-R6a-SM-9QEIO	Inhib	0.00418581988446877
GTEX-1F6IF-0011-R6a-SM-9QEIO	Immune	0.00578460926258149
GTEX-1F75A-0011-R6b-SM-9QEHD	Oligo	0.367568358981375
GTEX-1F75A-0011-R6b-SM-9QEHD	Micro	0.0500730635198861
GTEX-1F75A-0011-R6b-SM-9QEHD	Astro	0.199745759661612
GTEX-1F75A-0011-R6b-SM-9QEHD	D1-SPN	0.078672461618794
GTEX-1F75A-0011-R6b-SM-9QEHD	D2-SPN	0.2443504923221
GTEX-1F75A-0011-R6b-SM-9QEHD	OPC	0.0499148976838018
GTEX-1F75A-0011-R6b-SM-9QEHD	Inhib	0.0060542997081664
GTEX-1F75A-0011-R6b-SM-9QEHD	Immune	0.00362066650426537
GTEX-1F75B-0011-R6a-SM-ARZMI	Oligo	0.348459997069
GTEX-1F75B-0011-R6a-SM-ARZMI	Micro	0.00456575734765885
GTEX-1F75B-0011-R6a-SM-ARZMI	Astro	0.609721234800541
GTEX-1F75B-0011-R6a-SM-ARZMI	D1-SPN	0.00339910801697674
GTEX-1F75B-0011-R6a-SM-ARZMI	D2-SPN	0
GTEX-1F75B-0011-R6a-SM-ARZMI	OPC	0.0287994273399076
GTEX-1F75B-0011-R6a-SM-ARZMI	Inhib	0.00176726207808366
GTEX-1F75B-0011-R6a-SM-ARZMI	Immune	0.00328721334783211
GTEX-1F75W-0011-R6a-SM-9QEI5	Oligo	0.198228421442135
GTEX-1F75W-0011-R6a-SM-9QEI5	Micro	0.0837840609762721
GTEX-1F75W-0011-R6a-SM-9QEI5	Astro	0.225935151004048
GTEX-1F75W-0011-R6a-SM-9QEI5	D1-SPN	0.179463349413807
GTEX-1F75W-0011-R6a-SM-9QEI5	D2-SPN	0.2163470372838
GTEX-1F75W-0011-R6a-SM-9QEI5	OPC	0.0851018260690424
GTEX-1F75W-0011-R6a-SM-9QEI5	Inhib	0.00812800397384764
GTEX-1F75W-0011-R6a-SM-9QEI5	Immune	0.00301214983704839
GTEX-1F7RK-0011-R6b-SM-ARZMG	Oligo	0.446146668250628
GTEX-1F7RK-0011-R6b-SM-ARZMG	Micro	0.0694020318291723
GTEX-1F7RK-0011-R6b-SM-ARZMG	Astro	0.157054100944025
GTEX-1F7RK-0011-R6b-SM-ARZMG	D1-SPN	0.0856151584989617
GTEX-1F7RK-0011-R6b-SM-ARZMG	D2-SPN	0.208096028694795
GTEX-1F7RK-0011-R6b-SM-ARZMG	OPC	0.0199406658824454
GTEX-1F7RK-0011-R6b-SM-ARZMG	Inhib	0.0107210556776689
GTEX-1F7RK-0011-R6b-SM-ARZMG	Immune	0.00302429022230385
GTEX-1F88E-0011-R6a-SM-CKZNW	Oligo	0.383164894054014
GTEX-1F88E-0011-R6a-SM-CKZNW	Micro	0.104607433852003
GTEX-1F88E-0011-R6a-SM-CKZNW	Astro	0.322992472729588
GTEX-1F88E-0011-R6a-SM-CKZNW	D1-SPN	0.0943228138365958
GTEX-1F88E-0011-R6a-SM-CKZNW	D2-SPN	0.0369632648352572
GTEX-1F88E-0011-R6a-SM-CKZNW	OPC	0.0504779092689741
GTEX-1F88E-0011-R6a-SM-CKZNW	Inhib	0.00194725029604684
GTEX-1F88E-0011-R6a-SM-CKZNW	Immune	0.00552396112752143
GTEX-1GF9V-0011-R6b-SM-CJI2Q	Oligo	0.24158650851324
GTEX-1GF9V-0011-R6b-SM-CJI2Q	Micro	0.0733962393879628
GTEX-1GF9V-0011-R6b-SM-CJI2Q	Astro	0.408420513508791
GTEX-1GF9V-0011-R6b-SM-CJI2Q	D1-SPN	0.100515059849716
GTEX-1GF9V-0011-R6b-SM-CJI2Q	D2-SPN	0.0790162716698542
GTEX-1GF9V-0011-R6b-SM-CJI2Q	OPC	0.0853607054311689
GTEX-1GF9V-0011-R6b-SM-CJI2Q	Inhib	0.00604955181903494
GTEX-1GF9V-0011-R6b-SM-CJI2Q	Immune	0.00565514982023146
GTEX-1GF9W-0011-R6b-SM-9QEIE	Oligo	0.261199454641603
GTEX-1GF9W-0011-R6b-SM-9QEIE	Micro	0.0788440827785444
GTEX-1GF9W-0011-R6b-SM-9QEIE	Astro	0.387345816967681
GTEX-1GF9W-0011-R6b-SM-9QEIE	D1-SPN	0.0693848950387271
GTEX-1GF9W-0011-R6b-SM-9QEIE	D2-SPN	0.130362073676879
GTEX-1GF9W-0011-R6b-SM-9QEIE	OPC	0.0643141970049218
GTEX-1GF9W-0011-R6b-SM-9QEIE	Inhib	0.00474175714139808
GTEX-1GF9W-0011-R6b-SM-9QEIE	Immune	0.00380772275024585
GTEX-1GMR8-0011-R6b-SM-CE6RC	Oligo	0.261066193274099
GTEX-1GMR8-0011-R6b-SM-CE6RC	Micro	0.043667081965983
GTEX-1GMR8-0011-R6b-SM-CE6RC	Astro	0.520671972059984
GTEX-1GMR8-0011-R6b-SM-CE6RC	D1-SPN	0.0289872716675931
GTEX-1GMR8-0011-R6b-SM-CE6RC	D2-SPN	0.0790822006260529
GTEX-1GMR8-0011-R6b-SM-CE6RC	OPC	0.0613520880961299
GTEX-1GMR8-0011-R6b-SM-CE6RC	Inhib	0
GTEX-1GMR8-0011-R6b-SM-CE6RC	Immune	0.00517319231015801
GTEX-1GMRU-0011-R6b-SM-A9G3B	Oligo	0.364680873125259
GTEX-1GMRU-0011-R6b-SM-A9G3B	Micro	0.0157981686935529
GTEX-1GMRU-0011-R6b-SM-A9G3B	Astro	0.301446593241454
GTEX-1GMRU-0011-R6b-SM-A9G3B	D1-SPN	0.123437853171107
GTEX-1GMRU-0011-R6b-SM-A9G3B	D2-SPN	0.0771703556497726
GTEX-1GMRU-0011-R6b-SM-A9G3B	OPC	0.0976599479513327
GTEX-1GMRU-0011-R6b-SM-A9G3B	Inhib	0.013832617483223
GTEX-1GMRU-0011-R6b-SM-A9G3B	Immune	0.00597359068429893
GTEX-1GN1U-0011-R6a-SM-CKZNO	Oligo	0.32005160409236
GTEX-1GN1U-0011-R6a-SM-CKZNO	Micro	0.0895471378813187
GTEX-1GN1U-0011-R6a-SM-CKZNO	Astro	0.350786024969487
GTEX-1GN1U-0011-R6a-SM-CKZNO	D1-SPN	0.0826612611867028
GTEX-1GN1U-0011-R6a-SM-CKZNO	D2-SPN	0.112082514947735
GTEX-1GN1U-0011-R6a-SM-CKZNO	OPC	0.0312615923391074
GTEX-1GN1U-0011-R6a-SM-CKZNO	Inhib	0.00602494956939332
GTEX-1GN1U-0011-R6a-SM-CKZNO	Immune	0.00758491501389616
GTEX-1GN2E-0011-R6b-SM-9QEII	Oligo	0.382760869097614
GTEX-1GN2E-0011-R6b-SM-9QEII	Micro	0.029364986076931
GTEX-1GN2E-0011-R6b-SM-9QEII	Astro	0.497227511460663
GTEX-1GN2E-0011-R6b-SM-9QEII	D1-SPN	0.00510412099172367
GTEX-1GN2E-0011-R6b-SM-9QEII	D2-SPN	0.029689271306574
GTEX-1GN2E-0011-R6b-SM-9QEII	OPC	0.0507170557836051
GTEX-1GN2E-0011-R6b-SM-9QEII	Inhib	0
GTEX-1GN2E-0011-R6b-SM-9QEII	Immune	0.00513618528288955
GTEX-1GN73-0011-R6b-SM-CJI2T	Oligo	0.362220617606219
GTEX-1GN73-0011-R6b-SM-CJI2T	Micro	0.0894604366017356
GTEX-1GN73-0011-R6b-SM-CJI2T	Astro	0.253575409220842
GTEX-1GN73-0011-R6b-SM-CJI2T	D1-SPN	0.000926655350771338
GTEX-1GN73-0011-R6b-SM-CJI2T	D2-SPN	0.264525931819397
GTEX-1GN73-0011-R6b-SM-CJI2T	OPC	0.0213980541780942
GTEX-1GN73-0011-R6b-SM-CJI2T	Inhib	0.00496806629571918
GTEX-1GN73-0011-R6b-SM-CJI2T	Immune	0.0029248289272214
GTEX-1GTWX-0011-R6a-SM-A96RN	Oligo	0.331672483285531
GTEX-1GTWX-0011-R6a-SM-A96RN	Micro	0.109745045833929
GTEX-1GTWX-0011-R6a-SM-A96RN	Astro	0.363884456228864
GTEX-1GTWX-0011-R6a-SM-A96RN	D1-SPN	0.0657441912201218
GTEX-1GTWX-0011-R6a-SM-A96RN	D2-SPN	0.097978974075134
GTEX-1GTWX-0011-R6a-SM-A96RN	OPC	0.0251197543580426
GTEX-1GTWX-0011-R6a-SM-A96RN	Inhib	0.00409509150319863
GTEX-1GTWX-0011-R6a-SM-A96RN	Immune	0.00176000349517931
GTEX-1GZ2Q-0011-R6a-SM-9OSWM	Oligo	0.171842763087938
GTEX-1GZ2Q-0011-R6a-SM-9OSWM	Micro	0.0295039896336995
GTEX-1GZ2Q-0011-R6a-SM-9OSWM	Astro	0.619334001399618
GTEX-1GZ2Q-0011-R6a-SM-9OSWM	D1-SPN	0.0367324661553621
GTEX-1GZ2Q-0011-R6a-SM-9OSWM	D2-SPN	0.0779085410473268
GTEX-1GZ2Q-0011-R6a-SM-9OSWM	OPC	0.045848441191957
GTEX-1GZ2Q-0011-R6a-SM-9OSWM	Inhib	0.00663614278761629
GTEX-1GZ2Q-0011-R6a-SM-9OSWM	Immune	0.012193654696482
GTEX-1GZ4I-0011-R6b-SM-9WG77	Oligo	0.361019701401278
GTEX-1GZ4I-0011-R6b-SM-9WG77	Micro	0.0689703643183973
GTEX-1GZ4I-0011-R6b-SM-9WG77	Astro	0.390580797459856
GTEX-1GZ4I-0011-R6b-SM-9WG77	D1-SPN	0
GTEX-1GZ4I-0011-R6b-SM-9WG77	D2-SPN	0.141426188447943
GTEX-1GZ4I-0011-R6b-SM-9WG77	OPC	0.0308756792968677
GTEX-1GZ4I-0011-R6b-SM-9WG77	Inhib	0.00271975859552911
GTEX-1GZ4I-0011-R6b-SM-9WG77	Immune	0.00440751048012856
GTEX-1GZHY-0011-R6a-SM-9OSWL	Oligo	0.614762408580902
GTEX-1GZHY-0011-R6a-SM-9OSWL	Micro	0.0148185505405561
GTEX-1GZHY-0011-R6a-SM-9OSWL	Astro	0.268614035295327
GTEX-1GZHY-0011-R6a-SM-9OSWL	D1-SPN	0
GTEX-1GZHY-0011-R6a-SM-9OSWL	D2-SPN	0.0452716588366938
GTEX-1GZHY-0011-R6a-SM-9OSWL	OPC	0.0470129195466438
GTEX-1GZHY-0011-R6a-SM-9OSWL	Inhib	0
GTEX-1GZHY-0011-R6a-SM-9OSWL	Immune	0.00952042719987685
GTEX-1H1CY-0011-R6b-SM-CE6RP	Oligo	0.316443031925615
GTEX-1H1CY-0011-R6b-SM-CE6RP	Micro	0.03512915748719
GTEX-1H1CY-0011-R6b-SM-CE6RP	Astro	0.359025118513112
GTEX-1H1CY-0011-R6b-SM-CE6RP	D1-SPN	0.126237170468816
GTEX-1H1CY-0011-R6b-SM-CE6RP	D2-SPN	0.0911304493865871
GTEX-1H1CY-0011-R6b-SM-CE6RP	OPC	0.0619575992746797
GTEX-1H1CY-0011-R6b-SM-CE6RP	Inhib	0.00209456832634698
GTEX-1H1CY-0011-R6b-SM-CE6RP	Immune	0.00798290461765303
GTEX-1H1DG-0011-R6a-SM-A9SK8	Oligo	0.287361211919757
GTEX-1H1DG-0011-R6a-SM-A9SK8	Micro	0.0931978994420253
GTEX-1H1DG-0011-R6a-SM-A9SK8	Astro	0.399178334375232
GTEX-1H1DG-0011-R6a-SM-A9SK8	D1-SPN	0.0769238731192762
GTEX-1H1DG-0011-R6a-SM-A9SK8	D2-SPN	0.0702689922659703
GTEX-1H1DG-0011-R6a-SM-A9SK8	OPC	0.0325273776035762
GTEX-1H1DG-0011-R6a-SM-A9SK8	Inhib	0.00352846148372185
GTEX-1H1DG-0011-R6a-SM-A9SK8	Immune	0.0370138497904414
GTEX-1H1ZS-0011-R6b-SM-A9G1F	Oligo	0.463658164277144
GTEX-1H1ZS-0011-R6b-SM-A9G1F	Micro	0.0741249730888122
GTEX-1H1ZS-0011-R6b-SM-A9G1F	Astro	0.337795126580576
GTEX-1H1ZS-0011-R6b-SM-A9G1F	D1-SPN	0.0438410754415258
GTEX-1H1ZS-0011-R6b-SM-A9G1F	D2-SPN	0.040772414883685
GTEX-1H1ZS-0011-R6b-SM-A9G1F	OPC	0.0331216723919537
GTEX-1H1ZS-0011-R6b-SM-A9G1F	Inhib	0.00516506205688346
GTEX-1H1ZS-0011-R6b-SM-A9G1F	Immune	0.00152151127942061
GTEX-1H23P-0011-R6b-SM-A9G1H	Oligo	0.649440069534422
GTEX-1H23P-0011-R6b-SM-A9G1H	Micro	0.00626789039147286
GTEX-1H23P-0011-R6b-SM-A9G1H	Astro	0.293505863225206
GTEX-1H23P-0011-R6b-SM-A9G1H	D1-SPN	0.00062226320517536
GTEX-1H23P-0011-R6b-SM-A9G1H	D2-SPN	0
GTEX-1H23P-0011-R6b-SM-A9G1H	OPC	0.0473014439897143
GTEX-1H23P-0011-R6b-SM-A9G1H	Inhib	0
GTEX-1H23P-0011-R6b-SM-A9G1H	Immune	0.00286246965400949
GTEX-1H3NZ-0011-R6b-SM-A9G1N	Oligo	0.2051919477949
GTEX-1H3NZ-0011-R6b-SM-A9G1N	Micro	0.179000158669433
GTEX-1H3NZ-0011-R6b-SM-A9G1N	Astro	0.355795884753316
GTEX-1H3NZ-0011-R6b-SM-A9G1N	D1-SPN	0.0678111701130445
GTEX-1H3NZ-0011-R6b-SM-A9G1N	D2-SPN	0.0918335120322397
GTEX-1H3NZ-0011-R6b-SM-A9G1N	OPC	0.0766294432542756
GTEX-1H3NZ-0011-R6b-SM-A9G1N	Inhib	0.011396516079997
GTEX-1H3NZ-0011-R6b-SM-A9G1N	Immune	0.0123413673027938
GTEX-1H3O1-0011-R6b-SM-CL54U	Oligo	0.870935404951437
GTEX-1H3O1-0011-R6b-SM-CL54U	Micro	0.0447564129506789
GTEX-1H3O1-0011-R6b-SM-CL54U	Astro	0.0633115208818411
GTEX-1H3O1-0011-R6b-SM-CL54U	D1-SPN	0
GTEX-1H3O1-0011-R6b-SM-CL54U	D2-SPN	0
GTEX-1H3O1-0011-R6b-SM-CL54U	OPC	0.0192065397310235
GTEX-1H3O1-0011-R6b-SM-CL54U	Inhib	0
GTEX-1H3O1-0011-R6b-SM-CL54U	Immune	0.00179012148501949
GTEX-1H4P4-0011-R6a-SM-ARZLR	Oligo	0.44086073197519
GTEX-1H4P4-0011-R6a-SM-ARZLR	Micro	0.0473845945615966
GTEX-1H4P4-0011-R6a-SM-ARZLR	Astro	0.444889891055016
GTEX-1H4P4-0011-R6a-SM-ARZLR	D1-SPN	0.023521208190887
GTEX-1H4P4-0011-R6a-SM-ARZLR	D2-SPN	0
GTEX-1H4P4-0011-R6a-SM-ARZLR	OPC	0.032863892319973
GTEX-1H4P4-0011-R6a-SM-ARZLR	Inhib	0.00146681772518161
GTEX-1H4P4-0011-R6a-SM-ARZLR	Immune	0.00901286417215594
GTEX-1HB9E-0011-R6b-SM-A9G1P	Oligo	0.229016105855485
GTEX-1HB9E-0011-R6b-SM-A9G1P	Micro	0.214058107052188
GTEX-1HB9E-0011-R6b-SM-A9G1P	Astro	0.276487933649986
GTEX-1HB9E-0011-R6b-SM-A9G1P	D1-SPN	0.1162538149589
GTEX-1HB9E-0011-R6b-SM-A9G1P	D2-SPN	0.124650890616593
GTEX-1HB9E-0011-R6b-SM-A9G1P	OPC	0.0205980219612874
GTEX-1HB9E-0011-R6b-SM-A9G1P	Inhib	0.00567808136831601
GTEX-1HB9E-0011-R6b-SM-A9G1P	Immune	0.0132570445372443
GTEX-1HBPH-0011-R6a-SM-CKZOV	Oligo	0.285857748495192
GTEX-1HBPH-0011-R6a-SM-CKZOV	Micro	0.121111182939653
GTEX-1HBPH-0011-R6a-SM-CKZOV	Astro	0.350820748199631
GTEX-1HBPH-0011-R6a-SM-CKZOV	D1-SPN	0.100521378410784
GTEX-1HBPH-0011-R6a-SM-CKZOV	D2-SPN	0.044184665980356
GTEX-1HBPH-0011-R6a-SM-CKZOV	OPC	0.0829575949773935
GTEX-1HBPH-0011-R6a-SM-CKZOV	Inhib	0.00747421219740097
GTEX-1HBPH-0011-R6a-SM-CKZOV	Immune	0.00707246879959003
GTEX-1HBPI-0011-R6b-SM-A9G1T	Oligo	0.33986676838807
GTEX-1HBPI-0011-R6b-SM-A9G1T	Micro	0.0850163093678412
GTEX-1HBPI-0011-R6b-SM-A9G1T	Astro	0.390688238331091
GTEX-1HBPI-0011-R6b-SM-A9G1T	D1-SPN	0.0542664848736609
GTEX-1HBPI-0011-R6b-SM-A9G1T	D2-SPN	0.0651970378784715
GTEX-1HBPI-0011-R6b-SM-A9G1T	OPC	0.038090800452138
GTEX-1HBPI-0011-R6b-SM-A9G1T	Inhib	0.0173410454083328
GTEX-1HBPI-0011-R6b-SM-A9G1T	Immune	0.00953331530039471
GTEX-1HBPM-0011-R6b-SM-ARU73	Oligo	0.215858907752903
GTEX-1HBPM-0011-R6b-SM-ARU73	Micro	0.0582280967106456
GTEX-1HBPM-0011-R6b-SM-ARU73	Astro	0.461024494083712
GTEX-1HBPM-0011-R6b-SM-ARU73	D1-SPN	0.00378761802175553
GTEX-1HBPM-0011-R6b-SM-ARU73	D2-SPN	0
GTEX-1HBPM-0011-R6b-SM-ARU73	OPC	0.244067175847127
GTEX-1HBPM-0011-R6b-SM-ARU73	Inhib	0.00262526778543502
GTEX-1HBPM-0011-R6b-SM-ARU73	Immune	0.0144084397984223
GTEX-1HGF4-0011-R6a-SM-A96S1	Oligo	0.320836821499251
GTEX-1HGF4-0011-R6a-SM-A96S1	Micro	0.0690735672295731
GTEX-1HGF4-0011-R6a-SM-A96S1	Astro	0.414987067505235
GTEX-1HGF4-0011-R6a-SM-A96S1	D1-SPN	0.00204705215843853
GTEX-1HGF4-0011-R6a-SM-A96S1	D2-SPN	0.149838016749816
GTEX-1HGF4-0011-R6a-SM-A96S1	OPC	0.0322178034503365
GTEX-1HGF4-0011-R6a-SM-A96S1	Inhib	0.00503914953337404
GTEX-1HGF4-0011-R6a-SM-A96S1	Immune	0.00596052187397671
GTEX-1HR9M-0011-R6a-SM-ARU6Z	Oligo	0.178957785524238
GTEX-1HR9M-0011-R6a-SM-ARU6Z	Micro	0.0752992654288487
GTEX-1HR9M-0011-R6a-SM-ARU6Z	Astro	0.363134491914691
GTEX-1HR9M-0011-R6a-SM-ARU6Z	D1-SPN	0.16211873851797
GTEX-1HR9M-0011-R6a-SM-ARU6Z	D2-SPN	0.125143674976234
GTEX-1HR9M-0011-R6a-SM-ARU6Z	OPC	0.0864820339491348
GTEX-1HR9M-0011-R6a-SM-ARU6Z	Inhib	0.00327830419813135
GTEX-1HR9M-0011-R6a-SM-ARU6Z	Immune	0.00558570549075196
GTEX-1HT8W-0011-R6a-SM-CM2SY	Oligo	0.47009432221638
GTEX-1HT8W-0011-R6a-SM-CM2SY	Micro	0.0413237196772267
GTEX-1HT8W-0011-R6a-SM-CM2SY	Astro	0.229855063454401
GTEX-1HT8W-0011-R6a-SM-CM2SY	D1-SPN	0.139472562520567
GTEX-1HT8W-0011-R6a-SM-CM2SY	D2-SPN	0.0593178590254427
GTEX-1HT8W-0011-R6a-SM-CM2SY	OPC	0.0432737172629849
GTEX-1HT8W-0011-R6a-SM-CM2SY	Inhib	0.0124485352074219
GTEX-1HT8W-0011-R6a-SM-CM2SY	Immune	0.00421422063557537
GTEX-1HUB1-0011-R6b-SM-ARU6W	Oligo	0.168038784337332
GTEX-1HUB1-0011-R6b-SM-ARU6W	Micro	0.0140407510201491
GTEX-1HUB1-0011-R6b-SM-ARU6W	Astro	0.475122508979076
GTEX-1HUB1-0011-R6b-SM-ARU6W	D1-SPN	0.115031965948183
GTEX-1HUB1-0011-R6b-SM-ARU6W	D2-SPN	0.179439117101766
GTEX-1HUB1-0011-R6b-SM-ARU6W	OPC	0.0341568798226366
GTEX-1HUB1-0011-R6b-SM-ARU6W	Inhib	0.00492673077148345
GTEX-1HUB1-0011-R6b-SM-ARU6W	Immune	0.00924326201937298
GTEX-1I19N-0011-R6b-SM-CY8GC	Oligo	0.412108487387255
GTEX-1I19N-0011-R6b-SM-CY8GC	Micro	0.0904138510996062
GTEX-1I19N-0011-R6b-SM-CY8GC	Astro	0.436021996198912
GTEX-1I19N-0011-R6b-SM-CY8GC	D1-SPN	0.0257842571365208
GTEX-1I19N-0011-R6b-SM-CY8GC	D2-SPN	0
GTEX-1I19N-0011-R6b-SM-CY8GC	OPC	0.0314647423810337
GTEX-1I19N-0011-R6b-SM-CY8GC	Inhib	0.00306307196838234
GTEX-1I19N-0011-R6b-SM-CY8GC	Immune	0.00114359382829029
GTEX-1I1CD-0011-R6b-SM-CJI3Y	Oligo	0.127863867588459
GTEX-1I1CD-0011-R6b-SM-CJI3Y	Micro	0.0758606354600969
GTEX-1I1CD-0011-R6b-SM-CJI3Y	Astro	0.381927815734335
GTEX-1I1CD-0011-R6b-SM-CJI3Y	D1-SPN	0.137635166764727
GTEX-1I1CD-0011-R6b-SM-CJI3Y	D2-SPN	0.223982906376526
GTEX-1I1CD-0011-R6b-SM-CJI3Y	OPC	0.0400138784565179
GTEX-1I1CD-0011-R6b-SM-CJI3Y	Inhib	0.0038657173891669
GTEX-1I1CD-0011-R6b-SM-CJI3Y	Immune	0.00885001223017081
GTEX-1I1GQ-0011-R6b-SM-CE6SE	Oligo	0.527891598904253
GTEX-1I1GQ-0011-R6b-SM-CE6SE	Micro	0.0525339981956808
GTEX-1I1GQ-0011-R6b-SM-CE6SE	Astro	0.321014807472593
GTEX-1I1GQ-0011-R6b-SM-CE6SE	D1-SPN	0.0113650015578677
GTEX-1I1GQ-0011-R6b-SM-CE6SE	D2-SPN	0.0625933426962495
GTEX-1I1GQ-0011-R6b-SM-CE6SE	OPC	0.0189762004302631
GTEX-1I1GQ-0011-R6b-SM-CE6SE	Inhib	0.00368949495613262
GTEX-1I1GQ-0011-R6b-SM-CE6SE	Immune	0.00193555578696069
GTEX-1I1GR-0011-R6a-SM-CMKHI	Oligo	0.380859051511583
GTEX-1I1GR-0011-R6a-SM-CMKHI	Micro	0.0277487787961533
GTEX-1I1GR-0011-R6a-SM-CMKHI	Astro	0.38951746306038
GTEX-1I1GR-0011-R6a-SM-CMKHI	D1-SPN	0.0350800213759811
GTEX-1I1GR-0011-R6a-SM-CMKHI	D2-SPN	0.127419657361725
GTEX-1I1GR-0011-R6a-SM-CMKHI	OPC	0.0321437921896934
GTEX-1I1GR-0011-R6a-SM-CMKHI	Inhib	0.00402889904945498
GTEX-1I1GR-0011-R6a-SM-CMKHI	Immune	0.00320233665502875
GTEX-1I1GS-0011-R6b-SM-CMKHE	Oligo	0.760423375930548
GTEX-1I1GS-0011-R6b-SM-CMKHE	Micro	0.0218271455436091
GTEX-1I1GS-0011-R6b-SM-CMKHE	Astro	0.173704520189759
GTEX-1I1GS-0011-R6b-SM-CMKHE	D1-SPN	0.00525672633252969
GTEX-1I1GS-0011-R6b-SM-CMKHE	D2-SPN	0.00270928288324383
GTEX-1I1GS-0011-R6b-SM-CMKHE	OPC	0.0319388870050022
GTEX-1I1GS-0011-R6b-SM-CMKHE	Inhib	0.00167707665648377
GTEX-1I1GS-0011-R6b-SM-CMKHE	Immune	0.00246298545882464
GTEX-1I1GV-0011-R6b-SM-ARU6Q	Oligo	0.401806653776392
GTEX-1I1GV-0011-R6b-SM-ARU6Q	Micro	0.0610571208160663
GTEX-1I1GV-0011-R6b-SM-ARU6Q	Astro	0.258596675377693
GTEX-1I1GV-0011-R6b-SM-ARU6Q	D1-SPN	0.105815191657567
GTEX-1I1GV-0011-R6b-SM-ARU6Q	D2-SPN	0.124873889077063
GTEX-1I1GV-0011-R6b-SM-ARU6Q	OPC	0.0355136336962014
GTEX-1I1GV-0011-R6b-SM-ARU6Q	Inhib	0.00740742344715494
GTEX-1I1GV-0011-R6b-SM-ARU6Q	Immune	0.00492941215186176
GTEX-1I1HK-0011-R6b-SM-CM2T9	Oligo	0.856512197108966
GTEX-1I1HK-0011-R6b-SM-CM2T9	Micro	0.0173284028380969
GTEX-1I1HK-0011-R6b-SM-CM2T9	Astro	0.109283879588666
GTEX-1I1HK-0011-R6b-SM-CM2T9	D1-SPN	0
GTEX-1I1HK-0011-R6b-SM-CM2T9	D2-SPN	0
GTEX-1I1HK-0011-R6b-SM-CM2T9	OPC	0.0154138998682231
GTEX-1I1HK-0011-R6b-SM-CM2T9	Inhib	0.000964155151689513
GTEX-1I1HK-0011-R6b-SM-CM2T9	Immune	0.00049746544435859
GTEX-1ICLZ-0011-R6b-SM-A9G3A	Oligo	0.671909568196837
GTEX-1ICLZ-0011-R6b-SM-A9G3A	Micro	0.0674262915252814
GTEX-1ICLZ-0011-R6b-SM-A9G3A	Astro	0.0853564983977242
GTEX-1ICLZ-0011-R6b-SM-A9G3A	D1-SPN	0.0917002090906195
GTEX-1ICLZ-0011-R6b-SM-A9G3A	D2-SPN	0.0523556583459952
GTEX-1ICLZ-0011-R6b-SM-A9G3A	OPC	0.0139026022676273
GTEX-1ICLZ-0011-R6b-SM-A9G3A	Inhib	0.00483003251975014
GTEX-1ICLZ-0011-R6b-SM-A9G3A	Immune	0.0125191396561659
GTEX-1IDJH-0011-R6a-SM-A9SLZ	Oligo	0.505279295426895
GTEX-1IDJH-0011-R6a-SM-A9SLZ	Micro	0.0636523304109399
GTEX-1IDJH-0011-R6a-SM-A9SLZ	Astro	0.219067499789545
GTEX-1IDJH-0011-R6a-SM-A9SLZ	D1-SPN	0.0590637136295181
GTEX-1IDJH-0011-R6a-SM-A9SLZ	D2-SPN	0.103195606229787
GTEX-1IDJH-0011-R6a-SM-A9SLZ	OPC	0.0406841311552997
GTEX-1IDJH-0011-R6a-SM-A9SLZ	Inhib	0.00814502498841154
GTEX-1IDJH-0011-R6a-SM-A9SLZ	Immune	0.000912398369603642
GTEX-1IGQW-0011-R6a-SM-CM2TC	Oligo	0.701020492460362
GTEX-1IGQW-0011-R6a-SM-CM2TC	Micro	0.028974577455502
GTEX-1IGQW-0011-R6a-SM-CM2TC	Astro	0.20864471881732
GTEX-1IGQW-0011-R6a-SM-CM2TC	D1-SPN	0.0163279307750664
GTEX-1IGQW-0011-R6a-SM-CM2TC	D2-SPN	0.00530837205629583
GTEX-1IGQW-0011-R6a-SM-CM2TC	OPC	0.0379314566873853
GTEX-1IGQW-0011-R6a-SM-CM2TC	Inhib	0.000920947683159455
GTEX-1IGQW-0011-R6a-SM-CM2TC	Immune	0.00087150406490932
GTEX-1IKK5-0011-R6b-SM-A9SLY	Oligo	0.697733372359894
GTEX-1IKK5-0011-R6b-SM-A9SLY	Micro	0.00757068015718263
GTEX-1IKK5-0011-R6b-SM-A9SLY	Astro	0.180377525579612
GTEX-1IKK5-0011-R6b-SM-A9SLY	D1-SPN	0
GTEX-1IKK5-0011-R6b-SM-A9SLY	D2-SPN	0.0951710816172166
GTEX-1IKK5-0011-R6b-SM-A9SLY	OPC	0.0171645954393342
GTEX-1IKK5-0011-R6b-SM-A9SLY	Inhib	0.0019827448467612
GTEX-1IKK5-0011-R6b-SM-A9SLY	Immune	0
GTEX-1IKOH-0011-R6b-SM-A9G1W	Oligo	0.655153717137716
GTEX-1IKOH-0011-R6b-SM-A9G1W	Micro	0.0057716501637138
GTEX-1IKOH-0011-R6b-SM-A9G1W	Astro	0.326324234637004
GTEX-1IKOH-0011-R6b-SM-A9G1W	D1-SPN	0.00180072926127536
GTEX-1IKOH-0011-R6b-SM-A9G1W	D2-SPN	0
GTEX-1IKOH-0011-R6b-SM-A9G1W	OPC	0.00833628490425166
GTEX-1IKOH-0011-R6b-SM-A9G1W	Inhib	0
GTEX-1IKOH-0011-R6b-SM-A9G1W	Immune	0.00261338389603849
GTEX-1IL2U-0011-R6a-SM-ARZLG	Oligo	0.680194749883663
GTEX-1IL2U-0011-R6a-SM-ARZLG	Micro	0.018613482958687
GTEX-1IL2U-0011-R6a-SM-ARZLG	Astro	0.248312221159733
GTEX-1IL2U-0011-R6a-SM-ARZLG	D1-SPN	0.00828566043766551
GTEX-1IL2U-0011-R6a-SM-ARZLG	D2-SPN	0
GTEX-1IL2U-0011-R6a-SM-ARZLG	OPC	0.0339967731807786
GTEX-1IL2U-0011-R6a-SM-ARZLG	Inhib	0.000885814526078983
GTEX-1IL2U-0011-R6a-SM-ARZLG	Immune	0.00971129785339356
GTEX-1IY9M-0011-R6a-SM-D4P28	Oligo	0.602982393486006
GTEX-1IY9M-0011-R6a-SM-D4P28	Micro	0.0976993954242193
GTEX-1IY9M-0011-R6a-SM-D4P28	Astro	0.189431294968318
GTEX-1IY9M-0011-R6a-SM-D4P28	D1-SPN	0
GTEX-1IY9M-0011-R6a-SM-D4P28	D2-SPN	0.0855333799065535
GTEX-1IY9M-0011-R6a-SM-D4P28	OPC	0.0174930887958843
GTEX-1IY9M-0011-R6a-SM-D4P28	Inhib	0.00501986514920163
GTEX-1IY9M-0011-R6a-SM-D4P28	Immune	0.00184058226981811
GTEX-1J1OQ-0011-R6a-SM-H7OFC	Oligo	0.386210869754041
GTEX-1J1OQ-0011-R6a-SM-H7OFC	Micro	0.0310931264108175
GTEX-1J1OQ-0011-R6a-SM-H7OFC	Astro	0.290558250446057
GTEX-1J1OQ-0011-R6a-SM-H7OFC	D1-SPN	0.0381710083014331
GTEX-1J1OQ-0011-R6a-SM-H7OFC	D2-SPN	0.10461924685983
GTEX-1J1OQ-0011-R6a-SM-H7OFC	OPC	0.13823111142702
GTEX-1J1OQ-0011-R6a-SM-H7OFC	Inhib	0.00192291994467026
GTEX-1J1OQ-0011-R6a-SM-H7OFC	Immune	0.00919346685613138
GTEX-1J8Q2-0011-R6a-SM-CKZPG	Oligo	0.553076022248344
GTEX-1J8Q2-0011-R6a-SM-CKZPG	Micro	0.0142849895532795
GTEX-1J8Q2-0011-R6a-SM-CKZPG	Astro	0.22725115034479
GTEX-1J8Q2-0011-R6a-SM-CKZPG	D1-SPN	0.050035283155396
GTEX-1J8Q2-0011-R6a-SM-CKZPG	D2-SPN	0.102367152050718
GTEX-1J8Q2-0011-R6a-SM-CKZPG	OPC	0.0481796445145709
GTEX-1J8Q2-0011-R6a-SM-CKZPG	Inhib	0.00477750864151517
GTEX-1J8Q2-0011-R6a-SM-CKZPG	Immune	2.82494913865935e-05
GTEX-1JJ6O-0011-R6b-SM-EY5ZN	Oligo	0.754174644729457
GTEX-1JJ6O-0011-R6b-SM-EY5ZN	Micro	0.0246530625017558
GTEX-1JJ6O-0011-R6b-SM-EY5ZN	Astro	0.186039112775475
GTEX-1JJ6O-0011-R6b-SM-EY5ZN	D1-SPN	0.0103373439194462
GTEX-1JJ6O-0011-R6b-SM-EY5ZN	D2-SPN	0
GTEX-1JJ6O-0011-R6b-SM-EY5ZN	OPC	0.0196200748442285
GTEX-1JJ6O-0011-R6b-SM-EY5ZN	Inhib	0.00176013661483088
GTEX-1JJ6O-0011-R6b-SM-EY5ZN	Immune	0.00341562461480632
GTEX-1JJEA-0011-R6a-SM-EXUS1	Oligo	0.450337382330683
GTEX-1JJEA-0011-R6a-SM-EXUS1	Micro	0.0411087979284378
GTEX-1JJEA-0011-R6a-SM-EXUS1	Astro	0.400456188623987
GTEX-1JJEA-0011-R6a-SM-EXUS1	D1-SPN	0
GTEX-1JJEA-0011-R6a-SM-EXUS1	D2-SPN	0.0757619848785705
GTEX-1JJEA-0011-R6a-SM-EXUS1	OPC	0.0223201390140119
GTEX-1JJEA-0011-R6a-SM-EXUS1	Inhib	0.00261999982528001
GTEX-1JJEA-0011-R6a-SM-EXUS1	Immune	0.00739550739903021
GTEX-1JMLX-0011-R6b-SM-EXUT9	Oligo	0.117721361102467
GTEX-1JMLX-0011-R6b-SM-EXUT9	Micro	0.0673293614786408
GTEX-1JMLX-0011-R6b-SM-EXUT9	Astro	0.422237734989127
GTEX-1JMLX-0011-R6b-SM-EXUT9	D1-SPN	0.186422725771128
GTEX-1JMLX-0011-R6b-SM-EXUT9	D2-SPN	0.156264044867464
GTEX-1JMLX-0011-R6b-SM-EXUT9	OPC	0.0428708105454869
GTEX-1JMLX-0011-R6b-SM-EXUT9	Inhib	0.0062407125481548
GTEX-1JMLX-0011-R6b-SM-EXUT9	Immune	0.000913248697531427
GTEX-1JMOU-0011-R6a-SM-F3K4T	Oligo	0.343070868334798
GTEX-1JMOU-0011-R6a-SM-F3K4T	Micro	0.163432999059708
GTEX-1JMOU-0011-R6a-SM-F3K4T	Astro	0.269579960028896
GTEX-1JMOU-0011-R6a-SM-F3K4T	D1-SPN	0.101269831586277
GTEX-1JMOU-0011-R6a-SM-F3K4T	D2-SPN	0.0382653448964928
GTEX-1JMOU-0011-R6a-SM-F3K4T	OPC	0.0611360158316894
GTEX-1JMOU-0011-R6a-SM-F3K4T	Inhib	0.00577998508084678
GTEX-1JMOU-0011-R6a-SM-F3K4T	Immune	0.017464995181291
GTEX-1JMPZ-0011-R6b-SM-F2TBA	Oligo	0.41690310206012
GTEX-1JMPZ-0011-R6b-SM-F2TBA	Micro	0.134090821465585
GTEX-1JMPZ-0011-R6b-SM-F2TBA	Astro	0.277058971691047
GTEX-1JMPZ-0011-R6b-SM-F2TBA	D1-SPN	0.0497594041931833
GTEX-1JMPZ-0011-R6b-SM-F2TBA	D2-SPN	0.0597850853599186
GTEX-1JMPZ-0011-R6b-SM-F2TBA	OPC	0.0377628439878304
GTEX-1JMPZ-0011-R6b-SM-F2TBA	Inhib	0.0148719258667873
GTEX-1JMPZ-0011-R6b-SM-F2TBA	Immune	0.00976784537552811
GTEX-1JMQJ-0011-R6b-SM-F3417	Oligo	0.4700561391722
GTEX-1JMQJ-0011-R6b-SM-F3417	Micro	0.0710228500508826
GTEX-1JMQJ-0011-R6b-SM-F3417	Astro	0.189587629145873
GTEX-1JMQJ-0011-R6b-SM-F3417	D1-SPN	0.0616621788315153
GTEX-1JMQJ-0011-R6b-SM-F3417	D2-SPN	0.176691142365672
GTEX-1JMQJ-0011-R6b-SM-F3417	OPC	0.0136635252020739
GTEX-1JMQJ-0011-R6b-SM-F3417	Inhib	0.0115062137900715
GTEX-1JMQJ-0011-R6b-SM-F3417	Immune	0.00581032144171191
GTEX-1JMQK-0011-R6a-SM-EY5ZQ	Oligo	0.396318993791978
GTEX-1JMQK-0011-R6a-SM-EY5ZQ	Micro	0.0926426894288522
GTEX-1JMQK-0011-R6a-SM-EY5ZQ	Astro	0.418898113962951
GTEX-1JMQK-0011-R6a-SM-EY5ZQ	D1-SPN	0.0310381563038669
GTEX-1JMQK-0011-R6a-SM-EY5ZQ	D2-SPN	0.0116410173539623
GTEX-1JMQK-0011-R6a-SM-EY5ZQ	OPC	0.0418834076419719
GTEX-1JMQK-0011-R6a-SM-EY5ZQ	Inhib	0.00244646116807144
GTEX-1JMQK-0011-R6a-SM-EY5ZQ	Immune	0.00513116034834644
GTEX-1JN1M-0011-R6b-SM-G9EQ7	Oligo	0.267206136324468
GTEX-1JN1M-0011-R6b-SM-G9EQ7	Micro	0.0295834355203883
GTEX-1JN1M-0011-R6b-SM-G9EQ7	Astro	0.646409386518069
GTEX-1JN1M-0011-R6b-SM-G9EQ7	D1-SPN	0.000765512582423094
GTEX-1JN1M-0011-R6b-SM-G9EQ7	D2-SPN	0
GTEX-1JN1M-0011-R6b-SM-G9EQ7	OPC	0.0491355471854478
GTEX-1JN1M-0011-R6b-SM-G9EQ7	Inhib	0.000304098924816214
GTEX-1JN1M-0011-R6b-SM-G9EQ7	Immune	0.00659588294438782
GTEX-1JN6P-0011-R6b-SM-F6491	Oligo	0.609684355930819
GTEX-1JN6P-0011-R6b-SM-F6491	Micro	0.0314133159223969
GTEX-1JN6P-0011-R6b-SM-F6491	Astro	0.20375123597593
GTEX-1JN6P-0011-R6b-SM-F6491	D1-SPN	0.0159737114217032
GTEX-1JN6P-0011-R6b-SM-F6491	D2-SPN	0.100407737345793
GTEX-1JN6P-0011-R6b-SM-F6491	OPC	0.0335150049058479
GTEX-1JN6P-0011-R6b-SM-F6491	Inhib	0.00321413242934199
GTEX-1JN6P-0011-R6b-SM-F6491	Immune	0.0020405060681676
GTEX-1KD4Q-0011-R6a-SM-F2TAK	Oligo	0.331929397099149
GTEX-1KD4Q-0011-R6a-SM-F2TAK	Micro	0.0854305840423901
GTEX-1KD4Q-0011-R6a-SM-F2TAK	Astro	0.277468258913578
GTEX-1KD4Q-0011-R6a-SM-F2TAK	D1-SPN	0.098218723628025
GTEX-1KD4Q-0011-R6a-SM-F2TAK	D2-SPN	0.149500247544362
GTEX-1KD4Q-0011-R6a-SM-F2TAK	OPC	0.054854047139159
GTEX-1KD4Q-0011-R6a-SM-F2TAK	Inhib	0.00230602872123603
GTEX-1KD4Q-0011-R6a-SM-F2TAK	Immune	0.000292712912101154
GTEX-1KD5A-0011-R6a-SM-F3K5V	Oligo	0.53411159287614
GTEX-1KD5A-0011-R6a-SM-F3K5V	Micro	0.0455087968471531
GTEX-1KD5A-0011-R6a-SM-F3K5V	Astro	0.248720847803185
GTEX-1KD5A-0011-R6a-SM-F3K5V	D1-SPN	0.0308345186044508
GTEX-1KD5A-0011-R6a-SM-F3K5V	D2-SPN	0.0298528591770922
GTEX-1KD5A-0011-R6a-SM-F3K5V	OPC	0.10160449446979
GTEX-1KD5A-0011-R6a-SM-F3K5V	Inhib	0.00228721614815432
GTEX-1KD5A-0011-R6a-SM-F3K5V	Immune	0.00707967407403466
GTEX-1KWVE-0011-R6b-SM-G8ON2	Oligo	0.704410519973798
GTEX-1KWVE-0011-R6b-SM-G8ON2	Micro	0.0116684891623768
GTEX-1KWVE-0011-R6b-SM-G8ON2	Astro	0.242333844455889
GTEX-1KWVE-0011-R6b-SM-G8ON2	D1-SPN	0.00165191002847134
GTEX-1KWVE-0011-R6b-SM-G8ON2	D2-SPN	0
GTEX-1KWVE-0011-R6b-SM-G8ON2	OPC	0.0336221261290901
GTEX-1KWVE-0011-R6b-SM-G8ON2	Inhib	0.00149232709963955
GTEX-1KWVE-0011-R6b-SM-G8ON2	Immune	0.00482078315073437
GTEX-1LB8K-0011-R6a-SM-EXURT	Oligo	0.38466159736619
GTEX-1LB8K-0011-R6a-SM-EXURT	Micro	0.0241731142440558
GTEX-1LB8K-0011-R6a-SM-EXURT	Astro	0.573627028545417
GTEX-1LB8K-0011-R6a-SM-EXURT	D1-SPN	0.00997525388816941
GTEX-1LB8K-0011-R6a-SM-EXURT	D2-SPN	0
GTEX-1LB8K-0011-R6a-SM-EXURT	OPC	0.00343528326384491
GTEX-1LB8K-0011-R6a-SM-EXURT	Inhib	0
GTEX-1LB8K-0011-R6a-SM-EXURT	Immune	0.00412772269232266
GTEX-1LG7Y-0011-R6a-SM-F341P	Oligo	0.699364960098311
GTEX-1LG7Y-0011-R6a-SM-F341P	Micro	0.0340389751344081
GTEX-1LG7Y-0011-R6a-SM-F341P	Astro	0.144398048457563
GTEX-1LG7Y-0011-R6a-SM-F341P	D1-SPN	0
GTEX-1LG7Y-0011-R6a-SM-F341P	D2-SPN	0.102304690924857
GTEX-1LG7Y-0011-R6a-SM-F341P	OPC	0.0155987284626569
GTEX-1LG7Y-0011-R6a-SM-F341P	Inhib	0.00363549776245477
GTEX-1LG7Y-0011-R6a-SM-F341P	Immune	0.000659099159748399
GTEX-1LH75-0011-R6a-SM-EXURS	Oligo	0.143803183563821
GTEX-1LH75-0011-R6a-SM-EXURS	Micro	0.256610281748312
GTEX-1LH75-0011-R6a-SM-EXURS	Astro	0.301921026378688
GTEX-1LH75-0011-R6a-SM-EXURS	D1-SPN	0.127508974075446
GTEX-1LH75-0011-R6a-SM-EXURS	D2-SPN	0.0960763297975446
GTEX-1LH75-0011-R6a-SM-EXURS	OPC	0.0410830301299566
GTEX-1LH75-0011-R6a-SM-EXURS	Inhib	0.00457693198284283
GTEX-1LH75-0011-R6a-SM-EXURS	Immune	0.0284202423233896
GTEX-1LSNL-0011-R6a-SM-EY5Y3	Oligo	0.385113878707412
GTEX-1LSNL-0011-R6a-SM-EY5Y3	Micro	0.0094430195896572
GTEX-1LSNL-0011-R6a-SM-EY5Y3	Astro	0.433963887003182
GTEX-1LSNL-0011-R6a-SM-EY5Y3	D1-SPN	0.0253799647618955
GTEX-1LSNL-0011-R6a-SM-EY5Y3	D2-SPN	0.0777730697786909
GTEX-1LSNL-0011-R6a-SM-EY5Y3	OPC	0.0569527828639198
GTEX-1LSNL-0011-R6a-SM-EY5Y3	Inhib	0.0015426306417389
GTEX-1LSNL-0011-R6a-SM-EY5Y3	Immune	0.0098307666535041
GTEX-1LSVX-0011-R6a-SM-F3K4H	Oligo	0.693816835326342
GTEX-1LSVX-0011-R6a-SM-F3K4H	Micro	0.0392954950185018
GTEX-1LSVX-0011-R6a-SM-F3K4H	Astro	0.158173899570188
GTEX-1LSVX-0011-R6a-SM-F3K4H	D1-SPN	0
GTEX-1LSVX-0011-R6a-SM-F3K4H	D2-SPN	0
GTEX-1LSVX-0011-R6a-SM-F3K4H	OPC	0.0770618391177636
GTEX-1LSVX-0011-R6a-SM-F3K4H	Inhib	0.0279498082509734
GTEX-1LSVX-0011-R6a-SM-F3K4H	Immune	0.00370212271623122
GTEX-1LVA9-0011-R6a-SM-EYYWH	Oligo	0.470770686488974
GTEX-1LVA9-0011-R6a-SM-EYYWH	Micro	0.0253165980601304
GTEX-1LVA9-0011-R6a-SM-EYYWH	Astro	0.395407925229778
GTEX-1LVA9-0011-R6a-SM-EYYWH	D1-SPN	0
GTEX-1LVA9-0011-R6a-SM-EYYWH	D2-SPN	0.0729534495962739
GTEX-1LVA9-0011-R6a-SM-EYYWH	OPC	0.0270537686783913
GTEX-1LVA9-0011-R6a-SM-EYYWH	Inhib	0.00462617072554975
GTEX-1LVA9-0011-R6a-SM-EYYWH	Immune	0.0038714012209025
GTEX-1LVAO-0011-R6b-SM-EZ6MX	Oligo	0.553273776592535
GTEX-1LVAO-0011-R6b-SM-EZ6MX	Micro	0.0276506364802827
GTEX-1LVAO-0011-R6b-SM-EZ6MX	Astro	0.161162303431345
GTEX-1LVAO-0011-R6b-SM-EZ6MX	D1-SPN	0.0648052306222051
GTEX-1LVAO-0011-R6b-SM-EZ6MX	D2-SPN	0.125794220141604
GTEX-1LVAO-0011-R6b-SM-EZ6MX	OPC	0.0403117036985108
GTEX-1LVAO-0011-R6b-SM-EZ6MX	Inhib	0.00753952375202668
GTEX-1LVAO-0011-R6b-SM-EZ6MX	Immune	0.019462605281491
GTEX-1MA7X-0011-R6a-SM-EYYWR	Oligo	0.366019009129621
GTEX-1MA7X-0011-R6a-SM-EYYWR	Micro	0.0362492265364422
GTEX-1MA7X-0011-R6a-SM-EYYWR	Astro	0.378683433681558
GTEX-1MA7X-0011-R6a-SM-EYYWR	D1-SPN	0.0400073324217893
GTEX-1MA7X-0011-R6a-SM-EYYWR	D2-SPN	0.148681654443747
GTEX-1MA7X-0011-R6a-SM-EYYWR	OPC	0.0183873288183311
GTEX-1MA7X-0011-R6a-SM-EYYWR	Inhib	0.00515263996651431
GTEX-1MA7X-0011-R6a-SM-EYYWR	Immune	0.00681937500199771
GTEX-1MCQQ-0011-R6b-SM-F3425	Oligo	0.585629856972878
GTEX-1MCQQ-0011-R6b-SM-F3425	Micro	0.062317225484102
GTEX-1MCQQ-0011-R6b-SM-F3425	Astro	0.303639125738793
GTEX-1MCQQ-0011-R6b-SM-F3425	D1-SPN	0.00252057135109005
GTEX-1MCQQ-0011-R6b-SM-F3425	D2-SPN	0
GTEX-1MCQQ-0011-R6b-SM-F3425	OPC	0.0340799201851085
GTEX-1MCQQ-0011-R6b-SM-F3425	Inhib	0.00615182922819414
GTEX-1MCQQ-0011-R6b-SM-F3425	Immune	0.00566147103983466
GTEX-1MJK2-0011-R6a-SM-EXUS3	Oligo	0.336250906863736
GTEX-1MJK2-0011-R6a-SM-EXUS3	Micro	0.0559493755398171
GTEX-1MJK2-0011-R6a-SM-EXUS3	Astro	0.386903848566796
GTEX-1MJK2-0011-R6a-SM-EXUS3	D1-SPN	0.04828944334745
GTEX-1MJK2-0011-R6a-SM-EXUS3	D2-SPN	0.126503059616127
GTEX-1MJK2-0011-R6a-SM-EXUS3	OPC	0.0324760224322169
GTEX-1MJK2-0011-R6a-SM-EXUS3	Inhib	0.00819520736475624
GTEX-1MJK2-0011-R6a-SM-EXUS3	Immune	0.00543213626910116
GTEX-1N2DW-0011-R6a-SM-EZ6MW	Oligo	0.582106771822856
GTEX-1N2DW-0011-R6a-SM-EZ6MW	Micro	0.0196590125221232
GTEX-1N2DW-0011-R6a-SM-EZ6MW	Astro	0.268453017422443
GTEX-1N2DW-0011-R6a-SM-EZ6MW	D1-SPN	0.0465253889254047
GTEX-1N2DW-0011-R6a-SM-EZ6MW	D2-SPN	0.0315103517340804
GTEX-1N2DW-0011-R6a-SM-EZ6MW	OPC	0.0415282218399225
GTEX-1N2DW-0011-R6a-SM-EZ6MW	Inhib	0.00629085324508523
GTEX-1N2DW-0011-R6a-SM-EZ6MW	Immune	0.00392638248808447
GTEX-1N2EE-0011-R6b-SM-F649E	Oligo	0.350403242144571
GTEX-1N2EE-0011-R6b-SM-F649E	Micro	0.119734108211693
GTEX-1N2EE-0011-R6b-SM-F649E	Astro	0.310913360024315
GTEX-1N2EE-0011-R6b-SM-F649E	D1-SPN	0.0751630998371875
GTEX-1N2EE-0011-R6b-SM-F649E	D2-SPN	0.0792883986306945
GTEX-1N2EE-0011-R6b-SM-F649E	OPC	0.0497229513315763
GTEX-1N2EE-0011-R6b-SM-F649E	Inhib	0.00914904953438617
GTEX-1N2EE-0011-R6b-SM-F649E	Immune	0.00562579028557673
GTEX-1N2EF-0011-R6a-SM-F33ZJ	Oligo	0.613809715475037
GTEX-1N2EF-0011-R6a-SM-F33ZJ	Micro	0.00752678788306579
GTEX-1N2EF-0011-R6a-SM-F33ZJ	Astro	0.144050274446972
GTEX-1N2EF-0011-R6a-SM-F33ZJ	D1-SPN	0.00824644580618402
GTEX-1N2EF-0011-R6a-SM-F33ZJ	D2-SPN	0
GTEX-1N2EF-0011-R6a-SM-F33ZJ	OPC	0.0494405252331264
GTEX-1N2EF-0011-R6a-SM-F33ZJ	Inhib	0.175290922864906
GTEX-1N2EF-0011-R6a-SM-F33ZJ	Immune	0.00163532829070984
GTEX-1NV5F-0011-R6a-SM-G8LKG	Oligo	0.489142498649234
GTEX-1NV5F-0011-R6a-SM-G8LKG	Micro	0.00274600736862608
GTEX-1NV5F-0011-R6a-SM-G8LKG	Astro	0.502273162151553
GTEX-1NV5F-0011-R6a-SM-G8LKG	D1-SPN	0
GTEX-1NV5F-0011-R6a-SM-G8LKG	D2-SPN	0
GTEX-1NV5F-0011-R6a-SM-G8LKG	OPC	0.0058383318305872
GTEX-1NV5F-0011-R6a-SM-G8LKG	Inhib	0
GTEX-1NV5F-0011-R6a-SM-G8LKG	Immune	0
GTEX-1NV8Z-0011-R6b-SM-F33ZX	Oligo	0.313553279413893
GTEX-1NV8Z-0011-R6b-SM-F33ZX	Micro	0.101046166830666
GTEX-1NV8Z-0011-R6b-SM-F33ZX	Astro	0.342616754739781
GTEX-1NV8Z-0011-R6b-SM-F33ZX	D1-SPN	0.0398286910857737
GTEX-1NV8Z-0011-R6b-SM-F33ZX	D2-SPN	0.136092525206093
GTEX-1NV8Z-0011-R6b-SM-F33ZX	OPC	0.0594632419085294
GTEX-1NV8Z-0011-R6b-SM-F33ZX	Inhib	0.00307507603129049
GTEX-1NV8Z-0011-R6b-SM-F33ZX	Immune	0.00432426478397442
GTEX-1O9I2-0011-R6a-SM-F3K52	Oligo	0.241318710797372
GTEX-1O9I2-0011-R6a-SM-F3K52	Micro	0.0430653272813418
GTEX-1O9I2-0011-R6a-SM-F3K52	Astro	0.388462384659651
GTEX-1O9I2-0011-R6a-SM-F3K52	D1-SPN	0.125210807653532
GTEX-1O9I2-0011-R6a-SM-F3K52	D2-SPN	0.146107250329371
GTEX-1O9I2-0011-R6a-SM-F3K52	OPC	0.0446218235000327
GTEX-1O9I2-0011-R6a-SM-F3K52	Inhib	0.00477093318567859
GTEX-1O9I2-0011-R6a-SM-F3K52	Immune	0.00644276259302051
GTEX-1OJC4-0011-R6a-SM-EXOIM	Oligo	0.235176131477366
GTEX-1OJC4-0011-R6a-SM-EXOIM	Micro	0.0852011941359793
GTEX-1OJC4-0011-R6a-SM-EXOIM	Astro	0.317629170170055
GTEX-1OJC4-0011-R6a-SM-EXOIM	D1-SPN	0.148179727960445
GTEX-1OJC4-0011-R6a-SM-EXOIM	D2-SPN	0.165239580712011
GTEX-1OJC4-0011-R6a-SM-EXOIM	OPC	0.0329740521553834
GTEX-1OJC4-0011-R6a-SM-EXOIM	Inhib	0.010510613676216
GTEX-1OJC4-0011-R6a-SM-EXOIM	Immune	0.00508952971254462
GTEX-1P4AB-0011-R6a-SM-F649J	Oligo	0.607938552548431
GTEX-1P4AB-0011-R6a-SM-F649J	Micro	0.0475219592218205
GTEX-1P4AB-0011-R6a-SM-F649J	Astro	0.26531539537699
GTEX-1P4AB-0011-R6a-SM-F649J	D1-SPN	0.0118511067876173
GTEX-1P4AB-0011-R6a-SM-F649J	D2-SPN	0
GTEX-1P4AB-0011-R6a-SM-F649J	OPC	0.0509479933101746
GTEX-1P4AB-0011-R6a-SM-F649J	Inhib	0.0099181843215019
GTEX-1P4AB-0011-R6a-SM-F649J	Immune	0.00650680843346521
GTEX-1PIIG-0011-R6b-SM-F3K4N	Oligo	0.180887732896645
GTEX-1PIIG-0011-R6b-SM-F3K4N	Micro	0.141075625066283
GTEX-1PIIG-0011-R6b-SM-F3K4N	Astro	0.398596874944989
GTEX-1PIIG-0011-R6b-SM-F3K4N	D1-SPN	0.0853625719422975
GTEX-1PIIG-0011-R6b-SM-F3K4N	D2-SPN	0.139306122233967
GTEX-1PIIG-0011-R6b-SM-F3K4N	OPC	0.0388322207263762
GTEX-1PIIG-0011-R6b-SM-F3K4N	Inhib	0.0123959220724477
GTEX-1PIIG-0011-R6b-SM-F3K4N	Immune	0.00354293011699463
GTEX-1POEN-0011-R6b-SM-F3K4E	Oligo	0.627282512994001
GTEX-1POEN-0011-R6b-SM-F3K4E	Micro	0.0776351165642725
GTEX-1POEN-0011-R6b-SM-F3K4E	Astro	0.151060769083036
GTEX-1POEN-0011-R6b-SM-F3K4E	D1-SPN	0.0223298001266628
GTEX-1POEN-0011-R6b-SM-F3K4E	D2-SPN	0.052049342598705
GTEX-1POEN-0011-R6b-SM-F3K4E	OPC	0.0590721905815698
GTEX-1POEN-0011-R6b-SM-F3K4E	Inhib	0.00804778596430035
GTEX-1POEN-0011-R6b-SM-F3K4E	Immune	0.00252248208745214
GTEX-1PPGY-0011-R6a-SM-F3K3L	Oligo	0.532919100856674
GTEX-1PPGY-0011-R6a-SM-F3K3L	Micro	0.0883421246800836
GTEX-1PPGY-0011-R6a-SM-F3K3L	Astro	0.195060781981992
GTEX-1PPGY-0011-R6a-SM-F3K3L	D1-SPN	0.0595679832320498
GTEX-1PPGY-0011-R6a-SM-F3K3L	D2-SPN	0.0728075547395354
GTEX-1PPGY-0011-R6a-SM-F3K3L	OPC	0.0380435216609793
GTEX-1PPGY-0011-R6a-SM-F3K3L	Inhib	0.00817955669438835
GTEX-1PPGY-0011-R6a-SM-F3K3L	Immune	0.00507937615429727
GTEX-1PWST-0011-R6a-SM-F341Z	Oligo	0.211042140012258
GTEX-1PWST-0011-R6a-SM-F341Z	Micro	0.0666671252614021
GTEX-1PWST-0011-R6a-SM-F341Z	Astro	0.510416370271267
GTEX-1PWST-0011-R6a-SM-F341Z	D1-SPN	0
GTEX-1PWST-0011-R6a-SM-F341Z	D2-SPN	0.165120778459156
GTEX-1PWST-0011-R6a-SM-F341Z	OPC	0.0378901697296686
GTEX-1PWST-0011-R6a-SM-F341Z	Inhib	0.00431729944943003
GTEX-1PWST-0011-R6a-SM-F341Z	Immune	0.00454611681681706
GTEX-1QMI2-0011-R6a-SM-F3K4M	Oligo	0.196046108787103
GTEX-1QMI2-0011-R6a-SM-F3K4M	Micro	0.0867518417580769
GTEX-1QMI2-0011-R6a-SM-F3K4M	Astro	0.402870617612731
GTEX-1QMI2-0011-R6a-SM-F3K4M	D1-SPN	0.124404815008784
GTEX-1QMI2-0011-R6a-SM-F3K4M	D2-SPN	0.135578391970993
GTEX-1QMI2-0011-R6a-SM-F3K4M	OPC	0.0486850079528467
GTEX-1QMI2-0011-R6a-SM-F3K4M	Inhib	0.00335428415222413
GTEX-1QMI2-0011-R6a-SM-F3K4M	Immune	0.00230893275724145
GTEX-1QP6S-0011-R6b-SM-F3K5A	Oligo	0.747420312357205
GTEX-1QP6S-0011-R6b-SM-F3K5A	Micro	0.00611491149552172
GTEX-1QP6S-0011-R6b-SM-F3K5A	Astro	0.182192433563995
GTEX-1QP6S-0011-R6b-SM-F3K5A	D1-SPN	0.0112947371268023
GTEX-1QP6S-0011-R6b-SM-F3K5A	D2-SPN	0.00825817763626808
GTEX-1QP6S-0011-R6b-SM-F3K5A	OPC	0.0314585804507739
GTEX-1QP6S-0011-R6b-SM-F3K5A	Inhib	0.0120327709836496
GTEX-1QP6S-0011-R6b-SM-F3K5A	Immune	0.00122807638578412
GTEX-1R46S-0011-R6a-SM-EZ6N6	Oligo	0.197950294152184
GTEX-1R46S-0011-R6a-SM-EZ6N6	Micro	0.0844339483019035
GTEX-1R46S-0011-R6a-SM-EZ6N6	Astro	0.60064209092153
GTEX-1R46S-0011-R6a-SM-EZ6N6	D1-SPN	0.0331824323784648
GTEX-1R46S-0011-R6a-SM-EZ6N6	D2-SPN	0.00458562395667723
GTEX-1R46S-0011-R6a-SM-EZ6N6	OPC	0.0644561405092241
GTEX-1R46S-0011-R6a-SM-EZ6N6	Inhib	0.000538558557411993
GTEX-1R46S-0011-R6a-SM-EZ6N6	Immune	0.0142109112226044
GTEX-1R9K4-0011-R6a-SM-F3K57	Oligo	0.213258793725001
GTEX-1R9K4-0011-R6a-SM-F3K57	Micro	0.0557965825426457
GTEX-1R9K4-0011-R6a-SM-F3K57	Astro	0.427215440280705
GTEX-1R9K4-0011-R6a-SM-F3K57	D1-SPN	0.140516844662168
GTEX-1R9K4-0011-R6a-SM-F3K57	D2-SPN	0.111842467488194
GTEX-1R9K4-0011-R6a-SM-F3K57	OPC	0.0390008344117343
GTEX-1R9K4-0011-R6a-SM-F3K57	Inhib	0.00462675630131146
GTEX-1R9K4-0011-R6a-SM-F3K57	Immune	0.00774228058823971
GTEX-1R9PO-0011-R6a-SM-F3415	Oligo	0.373550855324492
GTEX-1R9PO-0011-R6a-SM-F3415	Micro	0.0612852302877423
GTEX-1R9PO-0011-R6a-SM-F3415	Astro	0.246715021983191
GTEX-1R9PO-0011-R6a-SM-F3415	D1-SPN	0.156848112629509
GTEX-1R9PO-0011-R6a-SM-F3415	D2-SPN	0.121952946909596
GTEX-1R9PO-0011-R6a-SM-F3415	OPC	0.0243302569214459
GTEX-1R9PO-0011-R6a-SM-F3415	Inhib	0.00902590934525428
GTEX-1R9PO-0011-R6a-SM-F3415	Immune	0.00629166659876901
GTEX-1RDX4-0011-R6b-SM-F3K5L	Oligo	0.450522196616706
GTEX-1RDX4-0011-R6b-SM-F3K5L	Micro	0.0375850971378773
GTEX-1RDX4-0011-R6b-SM-F3K5L	Astro	0.380443980127123
GTEX-1RDX4-0011-R6b-SM-F3K5L	D1-SPN	0.037365308955387
GTEX-1RDX4-0011-R6b-SM-F3K5L	D2-SPN	0.037412536420546
GTEX-1RDX4-0011-R6b-SM-F3K5L	OPC	0.0399954636377985
GTEX-1RDX4-0011-R6b-SM-F3K5L	Inhib	0.0129182667925143
GTEX-1RDX4-0011-R6b-SM-F3K5L	Immune	0.00375715031204841
GTEX-1RQEC-0011-R6a-SM-EY5ZR	Oligo	0.445812525678263
GTEX-1RQEC-0011-R6a-SM-EY5ZR	Micro	0.0465532008113942
GTEX-1RQEC-0011-R6a-SM-EY5ZR	Astro	0.343077697967906
GTEX-1RQEC-0011-R6a-SM-EY5ZR	D1-SPN	0.0562752760310076
GTEX-1RQEC-0011-R6a-SM-EY5ZR	D2-SPN	0.0592353852225228
GTEX-1RQEC-0011-R6a-SM-EY5ZR	OPC	0.0417300602022911
GTEX-1RQEC-0011-R6a-SM-EY5ZR	Inhib	0.00506021657087904
GTEX-1RQEC-0011-R6a-SM-EY5ZR	Immune	0.00225563751573676
GTEX-1RQED-0011-R6b-SM-F3K5S	Oligo	0.496196184401688
GTEX-1RQED-0011-R6b-SM-F3K5S	Micro	0.0539964049434484
GTEX-1RQED-0011-R6b-SM-F3K5S	Astro	0.354498050040814
GTEX-1RQED-0011-R6b-SM-F3K5S	D1-SPN	0
GTEX-1RQED-0011-R6b-SM-F3K5S	D2-SPN	0.0296662804466734
GTEX-1RQED-0011-R6b-SM-F3K5S	OPC	0.0592537403624634
GTEX-1RQED-0011-R6b-SM-F3K5S	Inhib	0.00336461361211165
GTEX-1RQED-0011-R6b-SM-F3K5S	Immune	0.00302472619280066
GTEX-N7MS-0011-R6a-SM-2HMJ4	Oligo	0.478110989507596
GTEX-N7MS-0011-R6a-SM-2HMJ4	Micro	0.0999062646554708
GTEX-N7MS-0011-R6a-SM-2HMJ4	Astro	0.154681961045499
GTEX-N7MS-0011-R6a-SM-2HMJ4	D1-SPN	0.124275109893804
GTEX-N7MS-0011-R6a-SM-2HMJ4	D2-SPN	0.0905143010645483
GTEX-N7MS-0011-R6a-SM-2HMJ4	OPC	0.0493051659623296
GTEX-N7MS-0011-R6a-SM-2HMJ4	Inhib	0.000948384078081327
GTEX-N7MS-0011-R6a-SM-2HMJ4	Immune	0.00225782379267143
GTEX-N7MT-0011-R6a-SM-2I3G3	Oligo	0.477397849778921
GTEX-N7MT-0011-R6a-SM-2I3G3	Micro	0.0949105675356387
GTEX-N7MT-0011-R6a-SM-2I3G3	Astro	0.276828676879912
GTEX-N7MT-0011-R6a-SM-2I3G3	D1-SPN	0.0315675715603597
GTEX-N7MT-0011-R6a-SM-2I3G3	D2-SPN	0.0645793398207187
GTEX-N7MT-0011-R6a-SM-2I3G3	OPC	0.0377101469267496
GTEX-N7MT-0011-R6a-SM-2I3G3	Inhib	0.00387158747072202
GTEX-N7MT-0011-R6a-SM-2I3G3	Immune	0.013134260026979
GTEX-NL3H-0011-R6a-SM-2I3G8	Oligo	0.280072969698468
GTEX-NL3H-0011-R6a-SM-2I3G8	Micro	0.044768030621684
GTEX-NL3H-0011-R6a-SM-2I3G8	Astro	0.357409962764457
GTEX-NL3H-0011-R6a-SM-2I3G8	D1-SPN	0.161596547388929
GTEX-NL3H-0011-R6a-SM-2I3G8	D2-SPN	0.149895738176677
GTEX-NL3H-0011-R6a-SM-2I3G8	OPC	0.00315730555584745
GTEX-NL3H-0011-R6a-SM-2I3G8	Inhib	0.00262680272754908
GTEX-NL3H-0011-R6a-SM-2I3G8	Immune	0.000472643066389199
GTEX-NL4W-0011-R6a-SM-2I3GA	Oligo	0.482050331588964
GTEX-NL4W-0011-R6a-SM-2I3GA	Micro	0.0879951609236853
GTEX-NL4W-0011-R6a-SM-2I3GA	Astro	0.260939845012107
GTEX-NL4W-0011-R6a-SM-2I3GA	D1-SPN	0.0531081187306832
GTEX-NL4W-0011-R6a-SM-2I3GA	D2-SPN	0.061819748971662
GTEX-NL4W-0011-R6a-SM-2I3GA	OPC	0.04392331863151
GTEX-NL4W-0011-R6a-SM-2I3GA	Inhib	0.000771474324830907
GTEX-NL4W-0011-R6a-SM-2I3GA	Immune	0.0093920018165583
GTEX-NPJ7-0011-R6a-SM-2I3G7	Oligo	0.263780551589543
GTEX-NPJ7-0011-R6a-SM-2I3G7	Micro	0.117246523924713
GTEX-NPJ7-0011-R6a-SM-2I3G7	Astro	0.28067434834632
GTEX-NPJ7-0011-R6a-SM-2I3G7	D1-SPN	0.143952708479046
GTEX-NPJ7-0011-R6a-SM-2I3G7	D2-SPN	0.0952485280170788
GTEX-NPJ7-0011-R6a-SM-2I3G7	OPC	0.059547987402944
GTEX-NPJ7-0011-R6a-SM-2I3G7	Inhib	0.00880138932000443
GTEX-NPJ7-0011-R6a-SM-2I3G7	Immune	0.0307479629203505
GTEX-NPJ8-0011-R6a-SM-2HMKB	Oligo	0.237503983159109
GTEX-NPJ8-0011-R6a-SM-2HMKB	Micro	0.109951697451524
GTEX-NPJ8-0011-R6a-SM-2HMKB	Astro	0.316926451903478
GTEX-NPJ8-0011-R6a-SM-2HMKB	D1-SPN	0.174909929445511
GTEX-NPJ8-0011-R6a-SM-2HMKB	D2-SPN	0.0569743363102504
GTEX-NPJ8-0011-R6a-SM-2HMKB	OPC	0.0434966193429772
GTEX-NPJ8-0011-R6a-SM-2HMKB	Inhib	0.00220193343685293
GTEX-NPJ8-0011-R6a-SM-2HMKB	Immune	0.058035048950298
GTEX-OHPN-0011-R6A-SM-2I5FH	Oligo	0.340544660473789
GTEX-OHPN-0011-R6A-SM-2I5FH	Micro	0.176376029062649
GTEX-OHPN-0011-R6A-SM-2I5FH	Astro	0.307146174157172
GTEX-OHPN-0011-R6A-SM-2I5FH	D1-SPN	0.0174119825421304
GTEX-OHPN-0011-R6A-SM-2I5FH	D2-SPN	0
GTEX-OHPN-0011-R6A-SM-2I5FH	OPC	0.0598139788485134
GTEX-OHPN-0011-R6A-SM-2I5FH	Inhib	0.0055194920426034
GTEX-OHPN-0011-R6A-SM-2I5FH	Immune	0.0931876828731425
GTEX-PVOW-0011-R6A-SM-H6Q8P	Oligo	0.416037095173503
GTEX-PVOW-0011-R6A-SM-H6Q8P	Micro	0.0276134810639804
GTEX-PVOW-0011-R6A-SM-H6Q8P	Astro	0.253352813396405
GTEX-PVOW-0011-R6A-SM-H6Q8P	D1-SPN	0.125331741161472
GTEX-PVOW-0011-R6A-SM-H6Q8P	D2-SPN	0.134532464628392
GTEX-PVOW-0011-R6A-SM-H6Q8P	OPC	0.0237695347144843
GTEX-PVOW-0011-R6A-SM-H6Q8P	Inhib	0.0162757397173834
GTEX-PVOW-0011-R6A-SM-H6Q8P	Immune	0.00308713014438054
GTEX-Q2AG-0011-R6A-SM-2HML7	Oligo	0.571766559536668
GTEX-Q2AG-0011-R6A-SM-2HML7	Micro	0.0617527539476591
GTEX-Q2AG-0011-R6A-SM-2HML7	Astro	0.17886146322011
GTEX-Q2AG-0011-R6A-SM-2HML7	D1-SPN	0.0600069724276262
GTEX-Q2AG-0011-R6A-SM-2HML7	D2-SPN	0.0722851478093457
GTEX-Q2AG-0011-R6A-SM-2HML7	OPC	0.0428985257464579
GTEX-Q2AG-0011-R6A-SM-2HML7	Inhib	0.00880098734670362
GTEX-Q2AG-0011-R6A-SM-2HML7	Immune	0.00362758996542917
GTEX-QDT8-0011-R6A-SM-32PKI	Oligo	0.528156595071593
GTEX-QDT8-0011-R6A-SM-32PKI	Micro	0.0958661579913896
GTEX-QDT8-0011-R6A-SM-32PKI	Astro	0.249643345693622
GTEX-QDT8-0011-R6A-SM-32PKI	D1-SPN	0.0113675865452218
GTEX-QDT8-0011-R6A-SM-32PKI	D2-SPN	0
GTEX-QDT8-0011-R6A-SM-32PKI	OPC	0.0860888224738665
GTEX-QDT8-0011-R6A-SM-32PKI	Inhib	0.0266708766964063
GTEX-QDT8-0011-R6A-SM-32PKI	Immune	0.00220661552790092
GTEX-QMR6-0011-R6A-SM-32PKP	Oligo	0.382433205764966
GTEX-QMR6-0011-R6A-SM-32PKP	Micro	0.0488153396354363
GTEX-QMR6-0011-R6A-SM-32PKP	Astro	0.227520652971349
GTEX-QMR6-0011-R6A-SM-32PKP	D1-SPN	0.0897096951479454
GTEX-QMR6-0011-R6A-SM-32PKP	D2-SPN	0.197515861367278
GTEX-QMR6-0011-R6A-SM-32PKP	OPC	0.0440656997955907
GTEX-QMR6-0011-R6A-SM-32PKP	Inhib	0.00481426750384236
GTEX-QMR6-0011-R6A-SM-32PKP	Immune	0.00512527781359291
GTEX-QVJO-0011-R6A-SM-2S1QN	Oligo	0.381400396783468
GTEX-QVJO-0011-R6A-SM-2S1QN	Micro	0.15078849042144
GTEX-QVJO-0011-R6A-SM-2S1QN	Astro	0.278706236094749
GTEX-QVJO-0011-R6A-SM-2S1QN	D1-SPN	0.109809091801029
GTEX-QVJO-0011-R6A-SM-2S1QN	D2-SPN	0.0385380490772499
GTEX-QVJO-0011-R6A-SM-2S1QN	OPC	0.0363828543116157
GTEX-QVJO-0011-R6A-SM-2S1QN	Inhib	0.0033778983882926
GTEX-QVJO-0011-R6A-SM-2S1QN	Immune	0.000996983122156608
GTEX-R55E-0011-R6A-SM-2TC5T	Oligo	0.507695713279943
GTEX-R55E-0011-R6A-SM-2TC5T	Micro	0.131627618635819
GTEX-R55E-0011-R6A-SM-2TC5T	Astro	0.27023552908316
GTEX-R55E-0011-R6A-SM-2TC5T	D1-SPN	0.0219969434083122
GTEX-R55E-0011-R6A-SM-2TC5T	D2-SPN	0.0211437281402862
GTEX-R55E-0011-R6A-SM-2TC5T	OPC	0.0390635182601493
GTEX-R55E-0011-R6A-SM-2TC5T	Inhib	0.00444963583024168
GTEX-R55E-0011-R6A-SM-2TC5T	Immune	0.00378731336208826
GTEX-R55F-0011-R6A-SM-2TF4L	Oligo	0.1072562392088
GTEX-R55F-0011-R6A-SM-2TF4L	Micro	0.0799617466565885
GTEX-R55F-0011-R6A-SM-2TF4L	Astro	0.50810358843584
GTEX-R55F-0011-R6A-SM-2TF4L	D1-SPN	0.114650369295508
GTEX-R55F-0011-R6A-SM-2TF4L	D2-SPN	0.125579782913378
GTEX-R55F-0011-R6A-SM-2TF4L	OPC	0.0482234520735925
GTEX-R55F-0011-R6A-SM-2TF4L	Inhib	0.00356747019814169
GTEX-R55F-0011-R6A-SM-2TF4L	Immune	0.0126573512181522
GTEX-RNOR-0011-R6A-SM-GRR2T	Oligo	0.158391438171366
GTEX-RNOR-0011-R6A-SM-GRR2T	Micro	0.0906608039323668
GTEX-RNOR-0011-R6A-SM-GRR2T	Astro	0.252526715297357
GTEX-RNOR-0011-R6A-SM-GRR2T	D1-SPN	0.243757927613476
GTEX-RNOR-0011-R6A-SM-GRR2T	D2-SPN	0.174278966167608
GTEX-RNOR-0011-R6A-SM-GRR2T	OPC	0.0618713498963514
GTEX-RNOR-0011-R6A-SM-GRR2T	Inhib	0.0143715228450441
GTEX-RNOR-0011-R6A-SM-GRR2T	Immune	0.00414127607643051
GTEX-S7PM-0011-R6A-SM-3NM8F	Oligo	0.299192864254012
GTEX-S7PM-0011-R6A-SM-3NM8F	Micro	0.0183879268594752
GTEX-S7PM-0011-R6A-SM-3NM8F	Astro	0.533557050782215
GTEX-S7PM-0011-R6A-SM-3NM8F	D1-SPN	0.0151075284405547
GTEX-S7PM-0011-R6A-SM-3NM8F	D2-SPN	0
GTEX-S7PM-0011-R6A-SM-3NM8F	OPC	0.127196065725126
GTEX-S7PM-0011-R6A-SM-3NM8F	Inhib	0.0025010097785217
GTEX-S7PM-0011-R6A-SM-3NM8F	Immune	0.00405755416009599
GTEX-T2IS-0011-R6A-SM-32QP2	Oligo	0.286232784451654
GTEX-T2IS-0011-R6A-SM-32QP2	Micro	0.142086697497341
GTEX-T2IS-0011-R6A-SM-32QP2	Astro	0.398613387205114
GTEX-T2IS-0011-R6A-SM-32QP2	D1-SPN	0.0724131511132283
GTEX-T2IS-0011-R6A-SM-32QP2	D2-SPN	0.0276268653200213
GTEX-T2IS-0011-R6A-SM-32QP2	OPC	0.0466220157303898
GTEX-T2IS-0011-R6A-SM-32QP2	Inhib	0.0200400348222687
GTEX-T2IS-0011-R6A-SM-32QP2	Immune	0.00636506385998203
GTEX-T5JC-0011-R6A-SM-D3L87	Oligo	0.180616239980192
GTEX-T5JC-0011-R6A-SM-D3L87	Micro	0.110982269696026
GTEX-T5JC-0011-R6A-SM-D3L87	Astro	0.367708786292708
GTEX-T5JC-0011-R6A-SM-D3L87	D1-SPN	0.183171069224284
GTEX-T5JC-0011-R6A-SM-D3L87	D2-SPN	0.065566119111721
GTEX-T5JC-0011-R6A-SM-D3L87	OPC	0.0487087565913989
GTEX-T5JC-0011-R6A-SM-D3L87	Inhib	0.00963006333896621
GTEX-T5JC-0011-R6A-SM-D3L87	Immune	0.0336166957647032
GTEX-T6MN-0011-R6A-SM-32QP8	Oligo	0.467632961783027
GTEX-T6MN-0011-R6A-SM-32QP8	Micro	0.0433883342658971
GTEX-T6MN-0011-R6A-SM-32QP8	Astro	0.262376376095203
GTEX-T6MN-0011-R6A-SM-32QP8	D1-SPN	0.110700589750024
GTEX-T6MN-0011-R6A-SM-32QP8	D2-SPN	0.0843339363006602
GTEX-T6MN-0011-R6A-SM-32QP8	OPC	0.0211187491424427
GTEX-T6MN-0011-R6A-SM-32QP8	Inhib	0.00820897245344851
GTEX-T6MN-0011-R6A-SM-32QP8	Immune	0.00224008020929806
GTEX-TSE9-0011-R6A-SM-3DB7L	Oligo	0.133438659229841
GTEX-TSE9-0011-R6A-SM-3DB7L	Micro	0.0905091204048564
GTEX-TSE9-0011-R6A-SM-3DB7L	Astro	0.478141364333706
GTEX-TSE9-0011-R6A-SM-3DB7L	D1-SPN	0.136182732761339
GTEX-TSE9-0011-R6A-SM-3DB7L	D2-SPN	0.0877099266074794
GTEX-TSE9-0011-R6A-SM-3DB7L	OPC	0.0596931015853126
GTEX-TSE9-0011-R6A-SM-3DB7L	Inhib	0.0094051783632961
GTEX-TSE9-0011-R6A-SM-3DB7L	Immune	0.00491991671417067
GTEX-UTHO-0011-R6A-SM-3GIJW	Oligo	0.558090518017907
GTEX-UTHO-0011-R6A-SM-3GIJW	Micro	0.0591397531977882
GTEX-UTHO-0011-R6A-SM-3GIJW	Astro	0.246642984756929
GTEX-UTHO-0011-R6A-SM-3GIJW	D1-SPN	0.0387140316803891
GTEX-UTHO-0011-R6A-SM-3GIJW	D2-SPN	0.0603910112376065
GTEX-UTHO-0011-R6A-SM-3GIJW	OPC	0.0282252690392171
GTEX-UTHO-0011-R6A-SM-3GIJW	Inhib	0.00398631388369779
GTEX-UTHO-0011-R6A-SM-3GIJW	Immune	0.00481011818646626
GTEX-WHSE-0011-R6A-SM-3P5ZP	Oligo	0.402205941467347
GTEX-WHSE-0011-R6A-SM-3P5ZP	Micro	0.11771057432883
GTEX-WHSE-0011-R6A-SM-3P5ZP	Astro	0.284187666477864
GTEX-WHSE-0011-R6A-SM-3P5ZP	D1-SPN	0.0659301979655373
GTEX-WHSE-0011-R6A-SM-3P5ZP	D2-SPN	0.074564038293947
GTEX-WHSE-0011-R6A-SM-3P5ZP	OPC	0.0503444213551439
GTEX-WHSE-0011-R6A-SM-3P5ZP	Inhib	0.00488231069109579
GTEX-WHSE-0011-R6A-SM-3P5ZP	Immune	0.000174849420235823
GTEX-WL46-0011-R6A-SM-3LK6X	Oligo	0.79255847911901
GTEX-WL46-0011-R6A-SM-3LK6X	Micro	0.0529530448972364
GTEX-WL46-0011-R6A-SM-3LK6X	Astro	0.0744460937067676
GTEX-WL46-0011-R6A-SM-3LK6X	D1-SPN	0.00484905589979755
GTEX-WL46-0011-R6A-SM-3LK6X	D2-SPN	0
GTEX-WL46-0011-R6A-SM-3LK6X	OPC	0.0396063207696594
GTEX-WL46-0011-R6A-SM-3LK6X	Inhib	0.0212245489535003
GTEX-WL46-0011-R6A-SM-3LK6X	Immune	0.0143624566540287
GTEX-WVLH-0011-R6A-SM-3MJFZ	Oligo	0.718841072224852
GTEX-WVLH-0011-R6A-SM-3MJFZ	Micro	0.036736514504571
GTEX-WVLH-0011-R6A-SM-3MJFZ	Astro	0.177037167606588
GTEX-WVLH-0011-R6A-SM-3MJFZ	D1-SPN	0.0135973721293994
GTEX-WVLH-0011-R6A-SM-3MJFZ	D2-SPN	0.0205714603164531
GTEX-WVLH-0011-R6A-SM-3MJFZ	OPC	0.0263376299392193
GTEX-WVLH-0011-R6A-SM-3MJFZ	Inhib	0.00444123536260018
GTEX-WVLH-0011-R6A-SM-3MJFZ	Immune	0.00243754791631715
GTEX-WWYW-0011-R6A-SM-3NB3G	Oligo	0.404280955851289
GTEX-WWYW-0011-R6A-SM-3NB3G	Micro	0.0220314053844506
GTEX-WWYW-0011-R6A-SM-3NB3G	Astro	0.324602735454715
GTEX-WWYW-0011-R6A-SM-3NB3G	D1-SPN	0.106761279772637
GTEX-WWYW-0011-R6A-SM-3NB3G	D2-SPN	0.117004106098942
GTEX-WWYW-0011-R6A-SM-3NB3G	OPC	0.0176093486236484
GTEX-WWYW-0011-R6A-SM-3NB3G	Inhib	0.00502668461072331
GTEX-WWYW-0011-R6A-SM-3NB3G	Immune	0.00268348420359476
GTEX-WZTO-0011-R6B-SM-4E3J6	Oligo	0.467897722162062
GTEX-WZTO-0011-R6B-SM-4E3J6	Micro	0.0693541554563484
GTEX-WZTO-0011-R6B-SM-4E3J6	Astro	0.260793740489123
GTEX-WZTO-0011-R6B-SM-4E3J6	D1-SPN	0.0818562912882866
GTEX-WZTO-0011-R6B-SM-4E3J6	D2-SPN	0.0498069629497784
GTEX-WZTO-0011-R6B-SM-4E3J6	OPC	0.0491498197267689
GTEX-WZTO-0011-R6B-SM-4E3J6	Inhib	0.0167566491142036
GTEX-WZTO-0011-R6B-SM-4E3J6	Immune	0.00438465881342948
GTEX-X261-0011-R6B-SM-4E3J8	Oligo	0.367688855182251
GTEX-X261-0011-R6B-SM-4E3J8	Micro	0.0210150405155531
GTEX-X261-0011-R6B-SM-4E3J8	Astro	0.502172295204616
GTEX-X261-0011-R6B-SM-4E3J8	D1-SPN	0.00599472472703523
GTEX-X261-0011-R6B-SM-4E3J8	D2-SPN	0
GTEX-X261-0011-R6B-SM-4E3J8	OPC	0.0931887158320952
GTEX-X261-0011-R6B-SM-4E3J8	Inhib	0.00120687129491192
GTEX-X261-0011-R6B-SM-4E3J8	Immune	0.00873349724353692
GTEX-X4XX-0011-R6B-SM-46MWP	Oligo	0.437511442492598
GTEX-X4XX-0011-R6B-SM-46MWP	Micro	0.0637746592546347
GTEX-X4XX-0011-R6B-SM-46MWP	Astro	0.309113849601972
GTEX-X4XX-0011-R6B-SM-46MWP	D1-SPN	0.0671819160165303
GTEX-X4XX-0011-R6B-SM-46MWP	D2-SPN	0.0593686887817461
GTEX-X4XX-0011-R6B-SM-46MWP	OPC	0.0548799512819593
GTEX-X4XX-0011-R6B-SM-46MWP	Inhib	0.00181891592894471
GTEX-X4XX-0011-R6B-SM-46MWP	Immune	0.00635057664161524
GTEX-X585-0011-R6A-SM-46MVJ	Oligo	0.554719412848618
GTEX-X585-0011-R6A-SM-46MVJ	Micro	0.147269620494807
GTEX-X585-0011-R6A-SM-46MVJ	Astro	0.0844073899466738
GTEX-X585-0011-R6A-SM-46MVJ	D1-SPN	0.0897112023250199
GTEX-X585-0011-R6A-SM-46MVJ	D2-SPN	0.0530115434947657
GTEX-X585-0011-R6A-SM-46MVJ	OPC	0.0155586750123507
GTEX-X585-0011-R6A-SM-46MVJ	Inhib	0.00430024844337195
GTEX-X585-0011-R6A-SM-46MVJ	Immune	0.0510219074343931
GTEX-XLM4-0011-R6A-SM-4AT4B	Oligo	0.202057267598826
GTEX-XLM4-0011-R6A-SM-4AT4B	Micro	0.0580854645920236
GTEX-XLM4-0011-R6A-SM-4AT4B	Astro	0.367914896679322
GTEX-XLM4-0011-R6A-SM-4AT4B	D1-SPN	0.176237789913327
GTEX-XLM4-0011-R6A-SM-4AT4B	D2-SPN	0.121242020424259
GTEX-XLM4-0011-R6A-SM-4AT4B	OPC	0.0431468919601105
GTEX-XLM4-0011-R6A-SM-4AT4B	Inhib	0.0176266138228968
GTEX-XLM4-0011-R6A-SM-4AT4B	Immune	0.0136890550092342
GTEX-XMD1-0011-R6A-SM-4AT5K	Oligo	0.190098002704731
GTEX-XMD1-0011-R6A-SM-4AT5K	Micro	0.0958649125370687
GTEX-XMD1-0011-R6A-SM-4AT5K	Astro	0.491227964082003
GTEX-XMD1-0011-R6A-SM-4AT5K	D1-SPN	0.112126362426696
GTEX-XMD1-0011-R6A-SM-4AT5K	D2-SPN	0.00905537311261719
GTEX-XMD1-0011-R6A-SM-4AT5K	OPC	0.0613512887440593
GTEX-XMD1-0011-R6A-SM-4AT5K	Inhib	0.00130670022615226
GTEX-XMD1-0011-R6A-SM-4AT5K	Immune	0.0389693961666725
GTEX-Y8DK-0011-R6A-SM-4V6EG	Oligo	0.539024828980971
GTEX-Y8DK-0011-R6A-SM-4V6EG	Micro	0.0362698001167125
GTEX-Y8DK-0011-R6A-SM-4V6EG	Astro	0.274142630670025
GTEX-Y8DK-0011-R6A-SM-4V6EG	D1-SPN	0.0192969312011932
GTEX-Y8DK-0011-R6A-SM-4V6EG	D2-SPN	0.0666442822339197
GTEX-Y8DK-0011-R6A-SM-4V6EG	OPC	0.0564727656572035
GTEX-Y8DK-0011-R6A-SM-4V6EG	Inhib	0.00598285107663293
GTEX-Y8DK-0011-R6A-SM-4V6EG	Immune	0.0021659100633418
GTEX-YJ89-0011-R6a-SM-4V6GN	Oligo	0.840630118037982
GTEX-YJ89-0011-R6a-SM-4V6GN	Micro	0.0168307155590302
GTEX-YJ89-0011-R6a-SM-4V6GN	Astro	0.102248025173194
GTEX-YJ89-0011-R6a-SM-4V6GN	D1-SPN	0
GTEX-YJ89-0011-R6a-SM-4V6GN	D2-SPN	0
GTEX-YJ89-0011-R6a-SM-4V6GN	OPC	0.0323537463683161
GTEX-YJ89-0011-R6a-SM-4V6GN	Inhib	0.00487954617855845
GTEX-YJ89-0011-R6a-SM-4V6GN	Immune	0.00305784868291874
GTEX-Z93S-0011-R6b-SM-4RGNJ	Oligo	0.239567448452714
GTEX-Z93S-0011-R6b-SM-4RGNJ	Micro	0.102350221224301
GTEX-Z93S-0011-R6b-SM-4RGNJ	Astro	0.300846760945075
GTEX-Z93S-0011-R6b-SM-4RGNJ	D1-SPN	0.178230814881681
GTEX-Z93S-0011-R6b-SM-4RGNJ	D2-SPN	0.0981524220743495
GTEX-Z93S-0011-R6b-SM-4RGNJ	OPC	0.0510765558287925
GTEX-Z93S-0011-R6b-SM-4RGNJ	Inhib	0.0211730516115879
GTEX-Z93S-0011-R6b-SM-4RGNJ	Immune	0.00860272498149849
GTEX-ZAJG-0011-R6a-SM-GPRX2	Oligo	0.855846845882367
GTEX-ZAJG-0011-R6a-SM-GPRX2	Micro	0.0200486885155547
GTEX-ZAJG-0011-R6a-SM-GPRX2	Astro	0.0790580197122413
GTEX-ZAJG-0011-R6a-SM-GPRX2	D1-SPN	0.00148831746084513
GTEX-ZAJG-0011-R6a-SM-GPRX2	D2-SPN	0
GTEX-ZAJG-0011-R6a-SM-GPRX2	OPC	0.0299084134539741
GTEX-ZAJG-0011-R6a-SM-GPRX2	Inhib	0.00527444031833001
GTEX-ZAJG-0011-R6a-SM-GPRX2	Immune	0.0083752746566881
GTEX-ZAK1-0011-R6a-SM-H7OH9	Oligo	0.122898700386932
GTEX-ZAK1-0011-R6a-SM-H7OH9	Micro	0.129688528160758
GTEX-ZAK1-0011-R6a-SM-H7OH9	Astro	0.395707327228193
GTEX-ZAK1-0011-R6a-SM-H7OH9	D1-SPN	0.126503238769325
GTEX-ZAK1-0011-R6a-SM-H7OH9	D2-SPN	0.139717859316505
GTEX-ZAK1-0011-R6a-SM-H7OH9	OPC	0.0741624727784462
GTEX-ZAK1-0011-R6a-SM-H7OH9	Inhib	0.00652873471302238
GTEX-ZAK1-0011-R6a-SM-H7OH9	Immune	0.00479313864681858
GTEX-ZDXO-0011-R6a-SM-4WWCT	Oligo	0.214542471260032
GTEX-ZDXO-0011-R6a-SM-4WWCT	Micro	0.0785056387211902
GTEX-ZDXO-0011-R6a-SM-4WWCT	Astro	0.496379799594183
GTEX-ZDXO-0011-R6a-SM-4WWCT	D1-SPN	0.102219393094172
GTEX-ZDXO-0011-R6a-SM-4WWCT	D2-SPN	0.0672746461712009
GTEX-ZDXO-0011-R6a-SM-4WWCT	OPC	0.0308998271945868
GTEX-ZDXO-0011-R6a-SM-4WWCT	Inhib	0.00811251763755508
GTEX-ZDXO-0011-R6a-SM-4WWCT	Immune	0.00206570632708042
GTEX-ZE7O-0011-R6a-SM-57WCI	Oligo	0.56521266215108
GTEX-ZE7O-0011-R6a-SM-57WCI	Micro	0.0412289190090974
GTEX-ZE7O-0011-R6a-SM-57WCI	Astro	0.312354426311502
GTEX-ZE7O-0011-R6a-SM-57WCI	D1-SPN	0.0162346282749437
GTEX-ZE7O-0011-R6a-SM-57WCI	D2-SPN	0
GTEX-ZE7O-0011-R6a-SM-57WCI	OPC	0.0471225341368057
GTEX-ZE7O-0011-R6a-SM-57WCI	Inhib	0.00783581531558492
GTEX-ZE7O-0011-R6a-SM-57WCI	Immune	0.0100110148009866
GTEX-ZE9C-0011-R6a-SM-4WWCW	Oligo	0.231098892633833
GTEX-ZE9C-0011-R6a-SM-4WWCW	Micro	0.0754510442801492
GTEX-ZE9C-0011-R6a-SM-4WWCW	Astro	0.48065537302571
GTEX-ZE9C-0011-R6a-SM-4WWCW	D1-SPN	0.0757419156384159
GTEX-ZE9C-0011-R6a-SM-4WWCW	D2-SPN	0.0965162269839564
GTEX-ZE9C-0011-R6a-SM-4WWCW	OPC	0.027199882428276
GTEX-ZE9C-0011-R6a-SM-4WWCW	Inhib	0.00538222915071559
GTEX-ZE9C-0011-R6a-SM-4WWCW	Immune	0.00795443585894359
GTEX-ZVT3-0011-R6a-SM-51MSU	Oligo	0.308185344100091
GTEX-ZVT3-0011-R6a-SM-51MSU	Micro	0.030615152384092
GTEX-ZVT3-0011-R6a-SM-51MSU	Astro	0.609768013504104
GTEX-ZVT3-0011-R6a-SM-51MSU	D1-SPN	0.0156288533687641
GTEX-ZVT3-0011-R6a-SM-51MSU	D2-SPN	0
GTEX-ZVT3-0011-R6a-SM-51MSU	OPC	0.0242113093753986
GTEX-ZVT3-0011-R6a-SM-51MSU	Inhib	0.000834870732185713
GTEX-ZVT3-0011-R6a-SM-51MSU	Immune	0.0107564565353649
GTEX-ZVZQ-0011-R6b-SM-57WAY	Oligo	0.121854351633743
GTEX-ZVZQ-0011-R6b-SM-57WAY	Micro	0.0988324866650847
GTEX-ZVZQ-0011-R6b-SM-57WAY	Astro	0.621915180320769
GTEX-ZVZQ-0011-R6b-SM-57WAY	D1-SPN	0.0393516895149507
GTEX-ZVZQ-0011-R6b-SM-57WAY	D2-SPN	0.0763792006916925
GTEX-ZVZQ-0011-R6b-SM-57WAY	OPC	0.0300678119708217
GTEX-ZVZQ-0011-R6b-SM-57WAY	Inhib	0.00793432410457092
GTEX-ZVZQ-0011-R6b-SM-57WAY	Immune	0.00366495509836743
GTEX-ZXG5-0011-R6a-SM-57WBZ	Oligo	0.366832402127934
GTEX-ZXG5-0011-R6a-SM-57WBZ	Micro	0.0676071287499229
GTEX-ZXG5-0011-R6a-SM-57WBZ	Astro	0.366220860995069
GTEX-ZXG5-0011-R6a-SM-57WBZ	D1-SPN	0.0467754534899438
GTEX-ZXG5-0011-R6a-SM-57WBZ	D2-SPN	0.0855674985501533
GTEX-ZXG5-0011-R6a-SM-57WBZ	OPC	0.0622768976878959
GTEX-ZXG5-0011-R6a-SM-57WBZ	Inhib	0.00105905590486764
GTEX-ZXG5-0011-R6a-SM-57WBZ	Immune	0.00366070249421398
GTEX-ZYFD-0011-R6a-SM-HAUZT	Oligo	0.166821199041714
GTEX-ZYFD-0011-R6a-SM-HAUZT	Micro	0.0124457767484587
GTEX-ZYFD-0011-R6a-SM-HAUZT	Astro	0.429818869250875
GTEX-ZYFD-0011-R6a-SM-HAUZT	D1-SPN	0.16440288423471
GTEX-ZYFD-0011-R6a-SM-HAUZT	D2-SPN	0.172886332894701
GTEX-ZYFD-0011-R6a-SM-HAUZT	OPC	0.04509634785625
GTEX-ZYFD-0011-R6a-SM-HAUZT	Inhib	0.00296538234513049
GTEX-ZYFD-0011-R6a-SM-HAUZT	Immune	0.00556320762816187
GTEX-ZYY3-0011-R6a-SM-H7OHA	Oligo	0.102529163523772
GTEX-ZYY3-0011-R6a-SM-H7OHA	Micro	0.0509631041233664
GTEX-ZYY3-0011-R6a-SM-H7OHA	Astro	0.499903570334894
GTEX-ZYY3-0011-R6a-SM-H7OHA	D1-SPN	0.135472258428076
GTEX-ZYY3-0011-R6a-SM-H7OHA	D2-SPN	0.120943395633912
GTEX-ZYY3-0011-R6a-SM-H7OHA	OPC	0.078304531193172
GTEX-ZYY3-0011-R6a-SM-H7OHA	Inhib	0.00578276958134632
GTEX-ZYY3-0011-R6a-SM-H7OHA	Immune	0.00610120718146138
GTEX-ZZPT-0011-R6a-SM-GPRX6	Oligo	0.64468441718834
GTEX-ZZPT-0011-R6a-SM-GPRX6	Micro	0.0382140968130643
GTEX-ZZPT-0011-R6a-SM-GPRX6	Astro	0.198992103108869
GTEX-ZZPT-0011-R6a-SM-GPRX6	D1-SPN	0.0253073701399086
GTEX-ZZPT-0011-R6a-SM-GPRX6	D2-SPN	0.0516991443265628
GTEX-ZZPT-0011-R6a-SM-GPRX6	OPC	0.0296234552929545
GTEX-ZZPT-0011-R6a-SM-GPRX6	Inhib	0.00119569381628717
GTEX-ZZPT-0011-R6a-SM-GPRX6	Immune	0.0102837193140138
