rank	gene	n_regions	regions	modules	best_module_q	max_enrichment	mean_enrichment	n_regions_binding	n_regions_pheno_module	n_regions_go_invisible	n_regions_switch_active	module_roles	best_pheno_fdr	max_abs_switch_r	best_region	best_module	best_module_go	best_module_or	best_module_or_ci_low	best_module_or_ci_high	best_module_enrichment	best_module_hyper_q	best_module_q_glm	adjusted_or_ok	adjusted_ci_excludes_null	anchor_traits	anchor_kinds	anchor_max_clpp	anchor_verdict	anchor_class	anchor_splicing_led	has_anchor	eligible	gene_name
1	ENSG00000007264	2	caudate_basal_ganglia,frontal_cortex_ba9	M006,M008	0.008434811039673994	1.257035801594736	1.2402348129175058	2	1	0	2	coupled	0.002581674269065844	0.8568868127138433	frontal_cortex_ba9	M008	synaptic signaling, trans-synaptic signaling, anterograde trans-synaptic signaling	2.0898833450627956	1.6019848263991607	2.7263756335246327	1.2234338242402758	0.044365912993758624	0.00019258876455641546	True	True						False	False	True	MATK
2	ENSG00000135709	2	caudate_basal_ganglia,frontal_cortex_ba9	M006,M008	0.008434811039673994	1.257035801594736	1.2402348129175058	2	1	0	2	coupled	0.002581674269065844	0.809241698727423	frontal_cortex_ba9	M008	synaptic signaling, trans-synaptic signaling, anterograde trans-synaptic signaling	2.0898833450627956	1.6019848263991607	2.7263756335246327	1.2234338242402758	0.044365912993758624	0.00019258876455641546	True	True						False	False	True	KIAA0513
3	ENSG00000169783	2	caudate_basal_ganglia,frontal_cortex_ba9	M006,M008	0.008434811039673994	1.257035801594736	1.2402348129175058	2	1	0	2	coupled	0.002581674269065844	0.6760849213184043	frontal_cortex_ba9	M008	synaptic signaling, trans-synaptic signaling, anterograde trans-synaptic signaling	2.0898833450627956	1.6019848263991607	2.7263756335246327	1.2234338242402758	0.044365912993758624	0.00019258876455641546	True	True						False	False	True	LINGO1
4	ENSG00000175772	2	caudate_basal_ganglia,frontal_cortex_ba9	M006,M008	0.008434811039673994	1.257035801594736	1.2402348129175058	2	1	0	2	coupled	0.002581674269065844	0.6424608334710942	frontal_cortex_ba9	M008	synaptic signaling, trans-synaptic signaling, anterograde trans-synaptic signaling	2.0898833450627956	1.6019848263991607	2.7263756335246327	1.2234338242402758	0.044365912993758624	0.00019258876455641546	True	True						False	False	True	LINC01106
5	ENSG00000124313	2	caudate_basal_ganglia,frontal_cortex_ba9	M006,M008	0.008434811039673994	1.257035801594736	1.2402348129175058	2	1	0	2	coupled	0.002581674269065844	0.5686186140656538	frontal_cortex_ba9	M008	synaptic signaling, trans-synaptic signaling, anterograde trans-synaptic signaling	2.0898833450627956	1.6019848263991607	2.7263756335246327	1.2234338242402758	0.044365912993758624	0.00019258876455641546	True	True						False	False	True	IQSEC2
6	ENSG00000105278	2	caudate_basal_ganglia,frontal_cortex_ba9	M006,M008	0.008434811039673994	1.257035801594736	1.2402348129175058	2	1	0	2	coupled,discordant	0.002581674269065844	0.4222705544398795	frontal_cortex_ba9	M008	synaptic signaling, trans-synaptic signaling, anterograde trans-synaptic signaling	2.0898833450627956	1.6019848263991607	2.7263756335246327	1.2234338242402758	0.044365912993758624	0.00019258876455641546	True	True						False	False	True	ZFR2
7	ENSG00000240771	2	cortex,frontal_cortex_ba9	M004,M008	0.021190606079021894	1.3310392139506064	1.2772365190954411	2	2	1	2	coupled,discordant	0.002581674269065844	0.5976370720131685	frontal_cortex_ba9	M008	synaptic signaling, trans-synaptic signaling, anterograde trans-synaptic signaling	2.0898833450627956	1.6019848263991607	2.7263756335246327	1.2234338242402758	0.044365912993758624	0.00019258876455641546	True	True						False	False	True	ARHGEF25
8	ENSG00000121905	1	frontal_cortex_ba9	M008	0.044365912993758624	1.2234338242402758	1.2234338242402758	1	1	0	1	coupled	0.002581674269065844	0.8646818194592241	frontal_cortex_ba9	M008	synaptic signaling, trans-synaptic signaling, anterograde trans-synaptic signaling	2.0898833450627956	1.6019848263991607	2.7263756335246327	1.2234338242402758	0.044365912993758624	0.00019258876455641546	True	True						False	False	True	HPCA
9	ENSG00000168539	1	frontal_cortex_ba9	M008	0.044365912993758624	1.2234338242402758	1.2234338242402758	1	1	0	1	coupled	0.002581674269065844	0.8360120469357261	frontal_cortex_ba9	M008	synaptic signaling, trans-synaptic signaling, anterograde trans-synaptic signaling	2.0898833450627956	1.6019848263991607	2.7263756335246327	1.2234338242402758	0.044365912993758624	0.00019258876455641546	True	True						False	False	True	CHRM1
10	ENSG00000165495	1	frontal_cortex_ba9	M008	0.044365912993758624	1.2234338242402758	1.2234338242402758	1	1	0	1	coupled	0.002581674269065844	0.7860714459098539	frontal_cortex_ba9	M008	synaptic signaling, trans-synaptic signaling, anterograde trans-synaptic signaling	2.0898833450627956	1.6019848263991607	2.7263756335246327	1.2234338242402758	0.044365912993758624	0.00019258876455641546	True	True						False	False	True	PKNOX2
11	ENSG00000158008	1	frontal_cortex_ba9	M008	0.044365912993758624	1.2234338242402758	1.2234338242402758	1	1	0	1	discordant	0.002581674269065844	0.7772619217060599	frontal_cortex_ba9	M008	synaptic signaling, trans-synaptic signaling, anterograde trans-synaptic signaling	2.0898833450627956	1.6019848263991607	2.7263756335246327	1.2234338242402758	0.044365912993758624	0.00019258876455641546	True	True						False	False	True	EXTL1
12	ENSG00000136928	1	frontal_cortex_ba9	M008	0.044365912993758624	1.2234338242402758	1.2234338242402758	1	1	0	1	coupled	0.002581674269065844	0.7394878470862948	frontal_cortex_ba9	M008	synaptic signaling, trans-synaptic signaling, anterograde trans-synaptic signaling	2.0898833450627956	1.6019848263991607	2.7263756335246327	1.2234338242402758	0.044365912993758624	0.00019258876455641546	True	True	SCZ	sQTL	0.0445630457169484	splicing (sQTL not resolved to switch pair)	splicing-unresolved	False	True	True	GABBR2
13	ENSG00000168993	1	frontal_cortex_ba9	M008	0.044365912993758624	1.2234338242402758	1.2234338242402758	1	1	0	1	coupled	0.002581674269065844	0.7326459817385347	frontal_cortex_ba9	M008	synaptic signaling, trans-synaptic signaling, anterograde trans-synaptic signaling	2.0898833450627956	1.6019848263991607	2.7263756335246327	1.2234338242402758	0.044365912993758624	0.00019258876455641546	True	True						False	False	True	CPLX1
14	ENSG00000198794	1	frontal_cortex_ba9	M008	0.044365912993758624	1.2234338242402758	1.2234338242402758	1	1	0	1	coupled	0.002581674269065844	0.7194772650204989	frontal_cortex_ba9	M008	synaptic signaling, trans-synaptic signaling, anterograde trans-synaptic signaling	2.0898833450627956	1.6019848263991607	2.7263756335246327	1.2234338242402758	0.044365912993758624	0.00019258876455641546	True	True						False	False	True	SCAMP5
15	ENSG00000169884	1	frontal_cortex_ba9	M008	0.044365912993758624	1.2234338242402758	1.2234338242402758	1	1	0	1	coupled	0.002581674269065844	0.7110442332823627	frontal_cortex_ba9	M008	synaptic signaling, trans-synaptic signaling, anterograde trans-synaptic signaling	2.0898833450627956	1.6019848263991607	2.7263756335246327	1.2234338242402758	0.044365912993758624	0.00019258876455641546	True	True						False	False	True	WNT10B
16	ENSG00000105711	1	frontal_cortex_ba9	M008	0.044365912993758624	1.2234338242402758	1.2234338242402758	1	1	0	1	discordant	0.002581674269065844	0.697739245413426	frontal_cortex_ba9	M008	synaptic signaling, trans-synaptic signaling, anterograde trans-synaptic signaling	2.0898833450627956	1.6019848263991607	2.7263756335246327	1.2234338242402758	0.044365912993758624	0.00019258876455641546	True	True						False	False	True	SCN1B
17	ENSG00000139767	1	frontal_cortex_ba9	M008	0.044365912993758624	1.2234338242402758	1.2234338242402758	1	1	0	1	coupled	0.002581674269065844	0.6953485171680737	frontal_cortex_ba9	M008	synaptic signaling, trans-synaptic signaling, anterograde trans-synaptic signaling	2.0898833450627956	1.6019848263991607	2.7263756335246327	1.2234338242402758	0.044365912993758624	0.00019258876455641546	True	True						False	False	True	SRRM4
18	ENSG00000167654	1	frontal_cortex_ba9	M008	0.044365912993758624	1.2234338242402758	1.2234338242402758	1	1	0	1	coupled	0.002581674269065844	0.6936967538926777	frontal_cortex_ba9	M008	synaptic signaling, trans-synaptic signaling, anterograde trans-synaptic signaling	2.0898833450627956	1.6019848263991607	2.7263756335246327	1.2234338242402758	0.044365912993758624	0.00019258876455641546	True	True						False	False	True	ATCAY
19	ENSG00000171873	1	frontal_cortex_ba9	M008	0.044365912993758624	1.2234338242402758	1.2234338242402758	1	1	0	1	coupled	0.002581674269065844	0.6741237792264803	frontal_cortex_ba9	M008	synaptic signaling, trans-synaptic signaling, anterograde trans-synaptic signaling	2.0898833450627956	1.6019848263991607	2.7263756335246327	1.2234338242402758	0.044365912993758624	0.00019258876455641546	True	True						False	False	True	ADRA1D
20	ENSG00000137825	1	frontal_cortex_ba9	M008	0.044365912993758624	1.2234338242402758	1.2234338242402758	1	1	0	1	coupled	0.002581674269065844	0.6718798931423492	frontal_cortex_ba9	M008	synaptic signaling, trans-synaptic signaling, anterograde trans-synaptic signaling	2.0898833450627956	1.6019848263991607	2.7263756335246327	1.2234338242402758	0.044365912993758624	0.00019258876455641546	True	True						False	False	True	ITPKA
21	ENSG00000173227	1	frontal_cortex_ba9	M008	0.044365912993758624	1.2234338242402758	1.2234338242402758	1	1	0	1	discordant	0.002581674269065844	0.6632343416997332	frontal_cortex_ba9	M008	synaptic signaling, trans-synaptic signaling, anterograde trans-synaptic signaling	2.0898833450627956	1.6019848263991607	2.7263756335246327	1.2234338242402758	0.044365912993758624	0.00019258876455641546	True	True						False	False	True	SYT12
22	ENSG00000180155	1	frontal_cortex_ba9	M008	0.044365912993758624	1.2234338242402758	1.2234338242402758	1	1	0	1	coupled	0.002581674269065844	0.6498026494335299	frontal_cortex_ba9	M008	synaptic signaling, trans-synaptic signaling, anterograde trans-synaptic signaling	2.0898833450627956	1.6019848263991607	2.7263756335246327	1.2234338242402758	0.044365912993758624	0.00019258876455641546	True	True						False	False	True	LYNX1
23	ENSG00000158445	1	frontal_cortex_ba9	M008	0.044365912993758624	1.2234338242402758	1.2234338242402758	1	1	0	1	coupled	0.002581674269065844	0.6490133378780739	frontal_cortex_ba9	M008	synaptic signaling, trans-synaptic signaling, anterograde trans-synaptic signaling	2.0898833450627956	1.6019848263991607	2.7263756335246327	1.2234338242402758	0.044365912993758624	0.00019258876455641546	True	True						False	False	True	KCNB1
24	ENSG00000139200	1	frontal_cortex_ba9	M008	0.044365912993758624	1.2234338242402758	1.2234338242402758	1	1	0	1	coupled	0.002581674269065844	0.6487996492901292	frontal_cortex_ba9	M008	synaptic signaling, trans-synaptic signaling, anterograde trans-synaptic signaling	2.0898833450627956	1.6019848263991607	2.7263756335246327	1.2234338242402758	0.044365912993758624	0.00019258876455641546	True	True						False	False	True	PIANP
25	ENSG00000126243	1	frontal_cortex_ba9	M008	0.044365912993758624	1.2234338242402758	1.2234338242402758	1	1	0	1	coupled	0.002581674269065844	0.6487348278167608	frontal_cortex_ba9	M008	synaptic signaling, trans-synaptic signaling, anterograde trans-synaptic signaling	2.0898833450627956	1.6019848263991607	2.7263756335246327	1.2234338242402758	0.044365912993758624	0.00019258876455641546	True	True						False	False	True	LRFN3
26	ENSG00000132938	1	frontal_cortex_ba9	M008	0.044365912993758624	1.2234338242402758	1.2234338242402758	1	1	0	1	coupled	0.002581674269065844	0.6431383517107907	frontal_cortex_ba9	M008	synaptic signaling, trans-synaptic signaling, anterograde trans-synaptic signaling	2.0898833450627956	1.6019848263991607	2.7263756335246327	1.2234338242402758	0.044365912993758624	0.00019258876455641546	True	True						False	False	True	MTUS2
27	ENSG00000213023	1	frontal_cortex_ba9	M008	0.044365912993758624	1.2234338242402758	1.2234338242402758	1	1	0	1	coupled	0.002581674269065844	0.6401285042331233	frontal_cortex_ba9	M008	synaptic signaling, trans-synaptic signaling, anterograde trans-synaptic signaling	2.0898833450627956	1.6019848263991607	2.7263756335246327	1.2234338242402758	0.044365912993758624	0.00019258876455641546	True	True						False	False	True	SYT3
28	ENSG00000100321	1	frontal_cortex_ba9	M008	0.044365912993758624	1.2234338242402758	1.2234338242402758	1	1	0	1	discordant	0.002581674269065844	0.6387860505309021	frontal_cortex_ba9	M008	synaptic signaling, trans-synaptic signaling, anterograde trans-synaptic signaling	2.0898833450627956	1.6019848263991607	2.7263756335246327	1.2234338242402758	0.044365912993758624	0.00019258876455641546	True	True						False	False	True	SYNGR1
29	ENSG00000105255	1	frontal_cortex_ba9	M008	0.044365912993758624	1.2234338242402758	1.2234338242402758	1	1	0	1	coupled	0.002581674269065844	0.6326936595374193	frontal_cortex_ba9	M008	synaptic signaling, trans-synaptic signaling, anterograde trans-synaptic signaling	2.0898833450627956	1.6019848263991607	2.7263756335246327	1.2234338242402758	0.044365912993758624	0.00019258876455641546	True	True						False	False	True	FSD1
30	ENSG00000184349	1	frontal_cortex_ba9	M008	0.044365912993758624	1.2234338242402758	1.2234338242402758	1	1	0	1	coupled	0.002581674269065844	0.6147671604956335	frontal_cortex_ba9	M008	synaptic signaling, trans-synaptic signaling, anterograde trans-synaptic signaling	2.0898833450627956	1.6019848263991607	2.7263756335246327	1.2234338242402758	0.044365912993758624	0.00019258876455641546	True	True						False	False	True	EFNA5
31	ENSG00000186732	1	frontal_cortex_ba9	M008	0.044365912993758624	1.2234338242402758	1.2234338242402758	1	1	0	1	coupled	0.002581674269065844	0.6101505203733589	frontal_cortex_ba9	M008	synaptic signaling, trans-synaptic signaling, anterograde trans-synaptic signaling	2.0898833450627956	1.6019848263991607	2.7263756335246327	1.2234338242402758	0.044365912993758624	0.00019258876455641546	True	True						False	False	True	MPPED1
32	ENSG00000104888	1	frontal_cortex_ba9	M008	0.044365912993758624	1.2234338242402758	1.2234338242402758	1	1	0	1	discordant	0.002581674269065844	0.605175313752557	frontal_cortex_ba9	M008	synaptic signaling, trans-synaptic signaling, anterograde trans-synaptic signaling	2.0898833450627956	1.6019848263991607	2.7263756335246327	1.2234338242402758	0.044365912993758624	0.00019258876455641546	True	True						False	False	True	SLC17A7
33	ENSG00000135472	1	frontal_cortex_ba9	M008	0.044365912993758624	1.2234338242402758	1.2234338242402758	1	1	0	1	coupled	0.002581674269065844	0.6015487693769549	frontal_cortex_ba9	M008	synaptic signaling, trans-synaptic signaling, anterograde trans-synaptic signaling	2.0898833450627956	1.6019848263991607	2.7263756335246327	1.2234338242402758	0.044365912993758624	0.00019258876455641546	True	True						False	False	True	FAIM2
34	ENSG00000231536	1	frontal_cortex_ba9	M008	0.044365912993758624	1.2234338242402758	1.2234338242402758	1	1	0	1	coupled	0.002581674269065844	0.5952536505006175	frontal_cortex_ba9	M008	synaptic signaling, trans-synaptic signaling, anterograde trans-synaptic signaling	2.0898833450627956	1.6019848263991607	2.7263756335246327	1.2234338242402758	0.044365912993758624	0.00019258876455641546	True	True						False	False	True	ENSG00000231536
35	ENSG00000174871	1	frontal_cortex_ba9	M008	0.044365912993758624	1.2234338242402758	1.2234338242402758	1	1	0	1	discordant	0.002581674269065844	0.5930737669785886	frontal_cortex_ba9	M008	synaptic signaling, trans-synaptic signaling, anterograde trans-synaptic signaling	2.0898833450627956	1.6019848263991607	2.7263756335246327	1.2234338242402758	0.044365912993758624	0.00019258876455641546	True	True						False	False	True	CNIH2
36	ENSG00000160716	1	frontal_cortex_ba9	M008	0.044365912993758624	1.2234338242402758	1.2234338242402758	1	1	0	1	coupled	0.002581674269065844	0.5894147356819699	frontal_cortex_ba9	M008	synaptic signaling, trans-synaptic signaling, anterograde trans-synaptic signaling	2.0898833450627956	1.6019848263991607	2.7263756335246327	1.2234338242402758	0.044365912993758624	0.00019258876455641546	True	True	SCZ	eQTL	0.0125483422508438	expression-led (eQTL gene-level)	expression-led	False	True	True	CHRNB2
37	ENSG00000183826	1	frontal_cortex_ba9	M008	0.044365912993758624	1.2234338242402758	1.2234338242402758	1	1	0	1	discordant	0.002581674269065844	0.5839370852946381	frontal_cortex_ba9	M008	synaptic signaling, trans-synaptic signaling, anterograde trans-synaptic signaling	2.0898833450627956	1.6019848263991607	2.7263756335246327	1.2234338242402758	0.044365912993758624	0.00019258876455641546	True	True						False	False	True	BTBD9
38	ENSG00000149926	1	frontal_cortex_ba9	M008	0.044365912993758624	1.2234338242402758	1.2234338242402758	1	1	0	1	discordant	0.002581674269065844	0.576324677764887	frontal_cortex_ba9	M008	synaptic signaling, trans-synaptic signaling, anterograde trans-synaptic signaling	2.0898833450627956	1.6019848263991607	2.7263756335246327	1.2234338242402758	0.044365912993758624	0.00019258876455641546	True	True						False	False	True	TLCD3B
39	ENSG00000040608	1	frontal_cortex_ba9	M008	0.044365912993758624	1.2234338242402758	1.2234338242402758	1	1	0	1	coupled	0.002581674269065844	0.5761177717937542	frontal_cortex_ba9	M008	synaptic signaling, trans-synaptic signaling, anterograde trans-synaptic signaling	2.0898833450627956	1.6019848263991607	2.7263756335246327	1.2234338242402758	0.044365912993758624	0.00019258876455641546	True	True						False	False	True	RTN4R
40	ENSG00000101180	1	frontal_cortex_ba9	M008	0.044365912993758624	1.2234338242402758	1.2234338242402758	1	1	0	1	coupled	0.002581674269065844	0.5736641095405096	frontal_cortex_ba9	M008	synaptic signaling, trans-synaptic signaling, anterograde trans-synaptic signaling	2.0898833450627956	1.6019848263991607	2.7263756335246327	1.2234338242402758	0.044365912993758624	0.00019258876455641546	True	True						False	False	True	HRH3
41	ENSG00000103056	1	frontal_cortex_ba9	M008	0.044365912993758624	1.2234338242402758	1.2234338242402758	1	1	0	1	coupled	0.002581674269065844	0.5685270575196795	frontal_cortex_ba9	M008	synaptic signaling, trans-synaptic signaling, anterograde trans-synaptic signaling	2.0898833450627956	1.6019848263991607	2.7263756335246327	1.2234338242402758	0.044365912993758624	0.00019258876455641546	True	True						False	False	True	SMPD3
42	ENSG00000099960	1	frontal_cortex_ba9	M008	0.044365912993758624	1.2234338242402758	1.2234338242402758	1	1	0	1	coupled	0.002581674269065844	0.5659144719070996	frontal_cortex_ba9	M008	synaptic signaling, trans-synaptic signaling, anterograde trans-synaptic signaling	2.0898833450627956	1.6019848263991607	2.7263756335246327	1.2234338242402758	0.044365912993758624	0.00019258876455641546	True	True						False	False	True	SLC7A4
43	ENSG00000008118	1	frontal_cortex_ba9	M008	0.044365912993758624	1.2234338242402758	1.2234338242402758	1	1	0	1	coupled	0.002581674269065844	0.5596272547606662	frontal_cortex_ba9	M008	synaptic signaling, trans-synaptic signaling, anterograde trans-synaptic signaling	2.0898833450627956	1.6019848263991607	2.7263756335246327	1.2234338242402758	0.044365912993758624	0.00019258876455641546	True	True						False	False	True	CAMK1G
44	ENSG00000142185	1	frontal_cortex_ba9	M008	0.044365912993758624	1.2234338242402758	1.2234338242402758	1	1	0	1	coupled	0.002581674269065844	0.5433588095097898	frontal_cortex_ba9	M008	synaptic signaling, trans-synaptic signaling, anterograde trans-synaptic signaling	2.0898833450627956	1.6019848263991607	2.7263756335246327	1.2234338242402758	0.044365912993758624	0.00019258876455641546	True	True						False	False	True	TRPM2
45	ENSG00000100379	1	frontal_cortex_ba9	M008	0.044365912993758624	1.2234338242402758	1.2234338242402758	1	1	0	1	coupled	0.002581674269065844	0.5366561743989483	frontal_cortex_ba9	M008	synaptic signaling, trans-synaptic signaling, anterograde trans-synaptic signaling	2.0898833450627956	1.6019848263991607	2.7263756335246327	1.2234338242402758	0.044365912993758624	0.00019258876455641546	True	True						False	False	True	KCTD17
46	ENSG00000162706	1	frontal_cortex_ba9	M008	0.044365912993758624	1.2234338242402758	1.2234338242402758	1	1	0	1	coupled	0.002581674269065844	0.5133026439192097	frontal_cortex_ba9	M008	synaptic signaling, trans-synaptic signaling, anterograde trans-synaptic signaling	2.0898833450627956	1.6019848263991607	2.7263756335246327	1.2234338242402758	0.044365912993758624	0.00019258876455641546	True	True						False	False	True	CADM3
47	ENSG00000170382	1	frontal_cortex_ba9	M008	0.044365912993758624	1.2234338242402758	1.2234338242402758	1	1	0	1	coupled	0.002581674269065844	0.5132552620083441	frontal_cortex_ba9	M008	synaptic signaling, trans-synaptic signaling, anterograde trans-synaptic signaling	2.0898833450627956	1.6019848263991607	2.7263756335246327	1.2234338242402758	0.044365912993758624	0.00019258876455641546	True	True						False	False	True	LRRN2
48	ENSG00000167037	1	frontal_cortex_ba9	M008	0.044365912993758624	1.2234338242402758	1.2234338242402758	1	1	0	1	coupled	0.002581674269065844	0.513141522589179	frontal_cortex_ba9	M008	synaptic signaling, trans-synaptic signaling, anterograde trans-synaptic signaling	2.0898833450627956	1.6019848263991607	2.7263756335246327	1.2234338242402758	0.044365912993758624	0.00019258876455641546	True	True						False	False	True	SGSM1
49	ENSG00000160445	1	frontal_cortex_ba9	M008	0.044365912993758624	1.2234338242402758	1.2234338242402758	1	1	0	1	coupled	0.002581674269065844	0.5062589488004159	frontal_cortex_ba9	M008	synaptic signaling, trans-synaptic signaling, anterograde trans-synaptic signaling	2.0898833450627956	1.6019848263991607	2.7263756335246327	1.2234338242402758	0.044365912993758624	0.00019258876455641546	True	True						False	False	True	ZER1
50	ENSG00000129990	1	frontal_cortex_ba9	M008	0.044365912993758624	1.2234338242402758	1.2234338242402758	1	1	0	1	coupled	0.002581674269065844	0.5056303823602819	frontal_cortex_ba9	M008	synaptic signaling, trans-synaptic signaling, anterograde trans-synaptic signaling	2.0898833450627956	1.6019848263991607	2.7263756335246327	1.2234338242402758	0.044365912993758624	0.00019258876455641546	True	True						False	False	True	SYT5
51	ENSG00000105613	1	frontal_cortex_ba9	M008	0.044365912993758624	1.2234338242402758	1.2234338242402758	1	1	0	1	coupled	0.002581674269065844	0.4954268802672438	frontal_cortex_ba9	M008	synaptic signaling, trans-synaptic signaling, anterograde trans-synaptic signaling	2.0898833450627956	1.6019848263991607	2.7263756335246327	1.2234338242402758	0.044365912993758624	0.00019258876455641546	True	True						False	False	True	MAST1
52	ENSG00000008056	1	frontal_cortex_ba9	M008	0.044365912993758624	1.2234338242402758	1.2234338242402758	1	1	0	1	coupled	0.002581674269065844	0.4947144236245192	frontal_cortex_ba9	M008	synaptic signaling, trans-synaptic signaling, anterograde trans-synaptic signaling	2.0898833450627956	1.6019848263991607	2.7263756335246327	1.2234338242402758	0.044365912993758624	0.00019258876455641546	True	True						False	False	True	SYN1
53	ENSG00000127561	1	frontal_cortex_ba9	M008	0.044365912993758624	1.2234338242402758	1.2234338242402758	1	1	0	1	coupled	0.002581674269065844	0.4891378376331747	frontal_cortex_ba9	M008	synaptic signaling, trans-synaptic signaling, anterograde trans-synaptic signaling	2.0898833450627956	1.6019848263991607	2.7263756335246327	1.2234338242402758	0.044365912993758624	0.00019258876455641546	True	True						False	False	True	SYNGR3
54	ENSG00000189410	1	frontal_cortex_ba9	M008	0.044365912993758624	1.2234338242402758	1.2234338242402758	1	1	0	1	coupled	0.002581674269065844	0.4848679948989604	frontal_cortex_ba9	M008	synaptic signaling, trans-synaptic signaling, anterograde trans-synaptic signaling	2.0898833450627956	1.6019848263991607	2.7263756335246327	1.2234338242402758	0.044365912993758624	0.00019258876455641546	True	True						False	False	True	SH2D5
55	ENSG00000084764	1	frontal_cortex_ba9	M008	0.044365912993758624	1.2234338242402758	1.2234338242402758	1	1	0	1	coupled	0.002581674269065844	0.4832492815222649	frontal_cortex_ba9	M008	synaptic signaling, trans-synaptic signaling, anterograde trans-synaptic signaling	2.0898833450627956	1.6019848263991607	2.7263756335246327	1.2234338242402758	0.044365912993758624	0.00019258876455641546	True	True						False	False	True	MAPRE3
56	ENSG00000110148	1	frontal_cortex_ba9	M008	0.044365912993758624	1.2234338242402758	1.2234338242402758	1	1	0	1	coupled	0.002581674269065844	0.47694951761791626	frontal_cortex_ba9	M008	synaptic signaling, trans-synaptic signaling, anterograde trans-synaptic signaling	2.0898833450627956	1.6019848263991607	2.7263756335246327	1.2234338242402758	0.044365912993758624	0.00019258876455641546	True	True						False	False	True	CCKBR
57	ENSG00000168490	1	frontal_cortex_ba9	M008	0.044365912993758624	1.2234338242402758	1.2234338242402758	1	1	0	1	discordant	0.002581674269065844	0.47097115543098705	frontal_cortex_ba9	M008	synaptic signaling, trans-synaptic signaling, anterograde trans-synaptic signaling	2.0898833450627956	1.6019848263991607	2.7263756335246327	1.2234338242402758	0.044365912993758624	0.00019258876455641546	True	True						False	False	True	PHYHIP
58	ENSG00000176383	1	frontal_cortex_ba9	M008	0.044365912993758624	1.2234338242402758	1.2234338242402758	1	1	0	1	coupled	0.002581674269065844	0.4610002351184864	frontal_cortex_ba9	M008	synaptic signaling, trans-synaptic signaling, anterograde trans-synaptic signaling	2.0898833450627956	1.6019848263991607	2.7263756335246327	1.2234338242402758	0.044365912993758624	0.00019258876455641546	True	True						False	False	True	B3GNT4
59	ENSG00000259840	1	frontal_cortex_ba9	M008	0.044365912993758624	1.2234338242402758	1.2234338242402758	1	1	0	1	discordant	0.002581674269065844	0.4303034434433185	frontal_cortex_ba9	M008	synaptic signaling, trans-synaptic signaling, anterograde trans-synaptic signaling	2.0898833450627956	1.6019848263991607	2.7263756335246327	1.2234338242402758	0.044365912993758624	0.00019258876455641546	True	True						False	False	True	ENSG00000259840
60	ENSG00000186907	1	frontal_cortex_ba9	M008	0.044365912993758624	1.2234338242402758	1.2234338242402758	1	1	0	1	discordant	0.002581674269065844	0.4244957751546563	frontal_cortex_ba9	M008	synaptic signaling, trans-synaptic signaling, anterograde trans-synaptic signaling	2.0898833450627956	1.6019848263991607	2.7263756335246327	1.2234338242402758	0.044365912993758624	0.00019258876455641546	True	True						False	False	True	RTN4RL2
61	ENSG00000008300	1	frontal_cortex_ba9	M008	0.044365912993758624	1.2234338242402758	1.2234338242402758	1	1	0	1	coupled	0.002581674269065844	0.42122803455201074	frontal_cortex_ba9	M008	synaptic signaling, trans-synaptic signaling, anterograde trans-synaptic signaling	2.0898833450627956	1.6019848263991607	2.7263756335246327	1.2234338242402758	0.044365912993758624	0.00019258876455641546	True	True						False	False	True	CELSR3
62	ENSG00000161682	1	frontal_cortex_ba9	M008	0.044365912993758624	1.2234338242402758	1.2234338242402758	1	1	0	1	coupled	0.002581674269065844	0.4139400552803827	frontal_cortex_ba9	M008	synaptic signaling, trans-synaptic signaling, anterograde trans-synaptic signaling	2.0898833450627956	1.6019848263991607	2.7263756335246327	1.2234338242402758	0.044365912993758624	0.00019258876455641546	True	True						False	False	True	FAM171A2
63	ENSG00000125170	1	frontal_cortex_ba9	M008	0.044365912993758624	1.2234338242402758	1.2234338242402758	1	1	0	1	coupled	0.002581674269065844	0.4099447290520742	frontal_cortex_ba9	M008	synaptic signaling, trans-synaptic signaling, anterograde trans-synaptic signaling	2.0898833450627956	1.6019848263991607	2.7263756335246327	1.2234338242402758	0.044365912993758624	0.00019258876455641546	True	True						False	False	True	DOK4
64	ENSG00000164885	1	frontal_cortex_ba9	M008	0.044365912993758624	1.2234338242402758	1.2234338242402758	1	1	0	1	coupled	0.002581674269065844	0.397323263809803	frontal_cortex_ba9	M008	synaptic signaling, trans-synaptic signaling, anterograde trans-synaptic signaling	2.0898833450627956	1.6019848263991607	2.7263756335246327	1.2234338242402758	0.044365912993758624	0.00019258876455641546	True	True						False	False	True	CDK5
65	ENSG00000107954	1	frontal_cortex_ba9	M008	0.044365912993758624	1.2234338242402758	1.2234338242402758	1	1	0	1	discordant	0.002581674269065844	0.3951998998675928	frontal_cortex_ba9	M008	synaptic signaling, trans-synaptic signaling, anterograde trans-synaptic signaling	2.0898833450627956	1.6019848263991607	2.7263756335246327	1.2234338242402758	0.044365912993758624	0.00019258876455641546	True	True						False	False	True	NEURL1
66	ENSG00000229672	1	frontal_cortex_ba9	M008	0.044365912993758624	1.2234338242402758	1.2234338242402758	1	1	0	1	discordant	0.002581674269065844	0.39387087056497955	frontal_cortex_ba9	M008	synaptic signaling, trans-synaptic signaling, anterograde trans-synaptic signaling	2.0898833450627956	1.6019848263991607	2.7263756335246327	1.2234338242402758	0.044365912993758624	0.00019258876455641546	True	True						False	False	True	ENSG00000229672
67	ENSG00000104059	1	frontal_cortex_ba9	M008	0.044365912993758624	1.2234338242402758	1.2234338242402758	1	1	0	1	discordant	0.002581674269065844	0.3759893322720764	frontal_cortex_ba9	M008	synaptic signaling, trans-synaptic signaling, anterograde trans-synaptic signaling	2.0898833450627956	1.6019848263991607	2.7263756335246327	1.2234338242402758	0.044365912993758624	0.00019258876455641546	True	True						False	False	True	ENTREP2
68	ENSG00000105204	1	frontal_cortex_ba9	M008	0.044365912993758624	1.2234338242402758	1.2234338242402758	1	1	0	1	coupled	0.002581674269065844	0.3585448013780852	frontal_cortex_ba9	M008	synaptic signaling, trans-synaptic signaling, anterograde trans-synaptic signaling	2.0898833450627956	1.6019848263991607	2.7263756335246327	1.2234338242402758	0.044365912993758624	0.00019258876455641546	True	True						False	False	True	DYRK1B
69	ENSG00000174579	1	frontal_cortex_ba9	M008	0.044365912993758624	1.2234338242402758	1.2234338242402758	1	1	0	1	coupled	0.002581674269065844	0.35019650743624975	frontal_cortex_ba9	M008	synaptic signaling, trans-synaptic signaling, anterograde trans-synaptic signaling	2.0898833450627956	1.6019848263991607	2.7263756335246327	1.2234338242402758	0.044365912993758624	0.00019258876455641546	True	True						False	False	True	MSL2
70	ENSG00000144550	1	frontal_cortex_ba9	M008	0.044365912993758624	1.2234338242402758	1.2234338242402758	1	1	0	1	coupled	0.002581674269065844	0.34242745132365066	frontal_cortex_ba9	M008	synaptic signaling, trans-synaptic signaling, anterograde trans-synaptic signaling	2.0898833450627956	1.6019848263991607	2.7263756335246327	1.2234338242402758	0.044365912993758624	0.00019258876455641546	True	True						False	False	True	CPNE9
71	ENSG00000118160	1	frontal_cortex_ba9	M008	0.044365912993758624	1.2234338242402758	1.2234338242402758	1	1	0	1	coupled	0.002581674269065844	0.33371250027314897	frontal_cortex_ba9	M008	synaptic signaling, trans-synaptic signaling, anterograde trans-synaptic signaling	2.0898833450627956	1.6019848263991607	2.7263756335246327	1.2234338242402758	0.044365912993758624	0.00019258876455641546	True	True						False	False	True	SLC8A2
72	ENSG00000100362	1	frontal_cortex_ba9	M008	0.044365912993758624	1.2234338242402758	1.2234338242402758	1	1	0	1	coupled	0.002581674269065844	0.3334706236828358	frontal_cortex_ba9	M008	synaptic signaling, trans-synaptic signaling, anterograde trans-synaptic signaling	2.0898833450627956	1.6019848263991607	2.7263756335246327	1.2234338242402758	0.044365912993758624	0.00019258876455641546	True	True						False	False	True	PVALB
73	ENSG00000119574	1	frontal_cortex_ba9	M008	0.044365912993758624	1.2234338242402758	1.2234338242402758	1	1	0	1	coupled	0.002581674269065844	0.31948505266821864	frontal_cortex_ba9	M008	synaptic signaling, trans-synaptic signaling, anterograde trans-synaptic signaling	2.0898833450627956	1.6019848263991607	2.7263756335246327	1.2234338242402758	0.044365912993758624	0.00019258876455641546	True	True						False	False	True	ZBTB45
74	ENSG00000197457	1	frontal_cortex_ba9	M008	0.044365912993758624	1.2234338242402758	1.2234338242402758	1	1	0	1	discordant	0.002581674269065844	0.30886878151391384	frontal_cortex_ba9	M008	synaptic signaling, trans-synaptic signaling, anterograde trans-synaptic signaling	2.0898833450627956	1.6019848263991607	2.7263756335246327	1.2234338242402758	0.044365912993758624	0.00019258876455641546	True	True						False	False	True	STMN3
75	ENSG00000171533	1	frontal_cortex_ba9	M008	0.044365912993758624	1.2234338242402758	1.2234338242402758	1	1	0	1	discordant	0.002581674269065844	0.2965649536871803	frontal_cortex_ba9	M008	synaptic signaling, trans-synaptic signaling, anterograde trans-synaptic signaling	2.0898833450627956	1.6019848263991607	2.7263756335246327	1.2234338242402758	0.044365912993758624	0.00019258876455641546	True	True						False	False	True	MAP6
76	ENSG00000161544	1	frontal_cortex_ba9	M008	0.044365912993758624	1.2234338242402758	1.2234338242402758	1	1	0	1	discordant	0.002581674269065844	0.2836920037775863	frontal_cortex_ba9	M008	synaptic signaling, trans-synaptic signaling, anterograde trans-synaptic signaling	2.0898833450627956	1.6019848263991607	2.7263756335246327	1.2234338242402758	0.044365912993758624	0.00019258876455641546	True	True						False	False	True	CYGB
77	ENSG00000204396	1	frontal_cortex_ba9	M008	0.044365912993758624	1.2234338242402758	1.2234338242402758	1	1	0	1	coupled	0.002581674269065844	0.2818145788711831	frontal_cortex_ba9	M008	synaptic signaling, trans-synaptic signaling, anterograde trans-synaptic signaling	2.0898833450627956	1.6019848263991607	2.7263756335246327	1.2234338242402758	0.044365912993758624	0.00019258876455641546	True	True						False	False	True	VWA7
78	ENSG00000100346	1	frontal_cortex_ba9	M008	0.044365912993758624	1.2234338242402758	1.2234338242402758	1	1	0	1	coupled	0.002581674269065844	0.281416759653071	frontal_cortex_ba9	M008	synaptic signaling, trans-synaptic signaling, anterograde trans-synaptic signaling	2.0898833450627956	1.6019848263991607	2.7263756335246327	1.2234338242402758	0.044365912993758624	0.00019258876455641546	True	True						False	False	True	CACNA1I
79	ENSG00000008382	1	frontal_cortex_ba9	M008	0.044365912993758624	1.2234338242402758	1.2234338242402758	1	1	0	1	discordant	0.002581674269065844	0.2769112112327218	frontal_cortex_ba9	M008	synaptic signaling, trans-synaptic signaling, anterograde trans-synaptic signaling	2.0898833450627956	1.6019848263991607	2.7263756335246327	1.2234338242402758	0.044365912993758624	0.00019258876455641546	True	True						False	False	True	MPND
80	ENSG00000187094	1	frontal_cortex_ba9	M008	0.044365912993758624	1.2234338242402758	1.2234338242402758	1	1	0	1	discordant	0.002581674269065844	0.2694444360435933	frontal_cortex_ba9	M008	synaptic signaling, trans-synaptic signaling, anterograde trans-synaptic signaling	2.0898833450627956	1.6019848263991607	2.7263756335246327	1.2234338242402758	0.044365912993758624	0.00019258876455641546	True	True						False	False	True	CCK
81	ENSG00000159873	1	frontal_cortex_ba9	M008	0.044365912993758624	1.2234338242402758	1.2234338242402758	1	1	0	1	switch_only	0.002581674269065844	0.26730004977712085	frontal_cortex_ba9	M008	synaptic signaling, trans-synaptic signaling, anterograde trans-synaptic signaling	2.0898833450627956	1.6019848263991607	2.7263756335246327	1.2234338242402758	0.044365912993758624	0.00019258876455641546	True	True						False	False	True	CCDC117
82	ENSG00000196872	1	frontal_cortex_ba9	M008	0.044365912993758624	1.2234338242402758	1.2234338242402758	1	1	0	1	coupled	0.002581674269065844	0.2620979919305632	frontal_cortex_ba9	M008	synaptic signaling, trans-synaptic signaling, anterograde trans-synaptic signaling	2.0898833450627956	1.6019848263991607	2.7263756335246327	1.2234338242402758	0.044365912993758624	0.00019258876455641546	True	True						False	False	True	CRACDL
83	ENSG00000076826	1	frontal_cortex_ba9	M008	0.044365912993758624	1.2234338242402758	1.2234338242402758	1	1	0	1	discordant	0.002581674269065844	0.2573903957388956	frontal_cortex_ba9	M008	synaptic signaling, trans-synaptic signaling, anterograde trans-synaptic signaling	2.0898833450627956	1.6019848263991607	2.7263756335246327	1.2234338242402758	0.044365912993758624	0.00019258876455641546	True	True						False	False	True	CAMSAP3
84	ENSG00000124194	1	frontal_cortex_ba9	M008	0.044365912993758624	1.2234338242402758	1.2234338242402758	1	1	0	1	coupled	0.002581674269065844	0.2387244450265124	frontal_cortex_ba9	M008	synaptic signaling, trans-synaptic signaling, anterograde trans-synaptic signaling	2.0898833450627956	1.6019848263991607	2.7263756335246327	1.2234338242402758	0.044365912993758624	0.00019258876455641546	True	True						False	False	True	GDAP1L1
85	ENSG00000142530	1	frontal_cortex_ba9	M008	0.044365912993758624	1.2234338242402758	1.2234338242402758	1	1	0	1	discordant	0.002581674269065844	0.23817963862868097	frontal_cortex_ba9	M008	synaptic signaling, trans-synaptic signaling, anterograde trans-synaptic signaling	2.0898833450627956	1.6019848263991607	2.7263756335246327	1.2234338242402758	0.044365912993758624	0.00019258876455641546	True	True						False	False	True	GARIN5A
86	ENSG00000184207	1	frontal_cortex_ba9	M008	0.044365912993758624	1.2234338242402758	1.2234338242402758	1	1	0	1	discordant	0.002581674269065844	0.235526370727628	frontal_cortex_ba9	M008	synaptic signaling, trans-synaptic signaling, anterograde trans-synaptic signaling	2.0898833450627956	1.6019848263991607	2.7263756335246327	1.2234338242402758	0.044365912993758624	0.00019258876455641546	True	True						False	False	True	PGP
87	ENSG00000103269	1	frontal_cortex_ba9	M008	0.044365912993758624	1.2234338242402758	1.2234338242402758	1	1	0	1	discordant	0.002581674269065844	0.2337089802481832	frontal_cortex_ba9	M008	synaptic signaling, trans-synaptic signaling, anterograde trans-synaptic signaling	2.0898833450627956	1.6019848263991607	2.7263756335246327	1.2234338242402758	0.044365912993758624	0.00019258876455641546	True	True						False	False	True	RHBDL1
88	ENSG00000130643	1	frontal_cortex_ba9	M008	0.044365912993758624	1.2234338242402758	1.2234338242402758	1	1	0	1	discordant	0.002581674269065844	0.23322696212736352	frontal_cortex_ba9	M008	synaptic signaling, trans-synaptic signaling, anterograde trans-synaptic signaling	2.0898833450627956	1.6019848263991607	2.7263756335246327	1.2234338242402758	0.044365912993758624	0.00019258876455641546	True	True						False	False	True	CALY
89	ENSG00000183654	1	frontal_cortex_ba9	M008	0.044365912993758624	1.2234338242402758	1.2234338242402758	1	1	0	1	discordant	0.002581674269065844	0.22266151982746102	frontal_cortex_ba9	M008	synaptic signaling, trans-synaptic signaling, anterograde trans-synaptic signaling	2.0898833450627956	1.6019848263991607	2.7263756335246327	1.2234338242402758	0.044365912993758624	0.00019258876455641546	True	True						False	False	True	MARCHF11
90	ENSG00000114923	1	frontal_cortex_ba9	M008	0.044365912993758624	1.2234338242402758	1.2234338242402758	1	1	0	1	discordant	0.002581674269065844	0.21603369822848653	frontal_cortex_ba9	M008	synaptic signaling, trans-synaptic signaling, anterograde trans-synaptic signaling	2.0898833450627956	1.6019848263991607	2.7263756335246327	1.2234338242402758	0.044365912993758624	0.00019258876455641546	True	True						False	False	True	SLC4A3
91	ENSG00000176490	1	frontal_cortex_ba9	M008	0.044365912993758624	1.2234338242402758	1.2234338242402758	1	1	0	0	abundance_only	0.002581674269065844	0.19147500403953321	frontal_cortex_ba9	M008	synaptic signaling, trans-synaptic signaling, anterograde trans-synaptic signaling	2.0898833450627956	1.6019848263991607	2.7263756335246327	1.2234338242402758	0.044365912993758624	0.00019258876455641546	True	True						False	False	True	DIRAS1
92	ENSG00000100304	1	frontal_cortex_ba9	M008	0.044365912993758624	1.2234338242402758	1.2234338242402758	1	1	0	0	abundance_only	0.002581674269065844	0.1896972642487182	frontal_cortex_ba9	M008	synaptic signaling, trans-synaptic signaling, anterograde trans-synaptic signaling	2.0898833450627956	1.6019848263991607	2.7263756335246327	1.2234338242402758	0.044365912993758624	0.00019258876455641546	True	True						False	False	True	TTLL12
93	ENSG00000174938	1	frontal_cortex_ba9	M008	0.044365912993758624	1.2234338242402758	1.2234338242402758	1	1	0	0	abundance_only	0.002581674269065844	0.18837587384472276	frontal_cortex_ba9	M008	synaptic signaling, trans-synaptic signaling, anterograde trans-synaptic signaling	2.0898833450627956	1.6019848263991607	2.7263756335246327	1.2234338242402758	0.044365912993758624	0.00019258876455641546	True	True						False	False	True	SEZ6L2
94	ENSG00000090971	1	frontal_cortex_ba9	M008	0.044365912993758624	1.2234338242402758	1.2234338242402758	1	1	0	0	abundance_only	0.002581674269065844	0.18802343697083368	frontal_cortex_ba9	M008	synaptic signaling, trans-synaptic signaling, anterograde trans-synaptic signaling	2.0898833450627956	1.6019848263991607	2.7263756335246327	1.2234338242402758	0.044365912993758624	0.00019258876455641546	True	True						False	False	True	NAT14
95	ENSG00000171462	1	frontal_cortex_ba9	M008	0.044365912993758624	1.2234338242402758	1.2234338242402758	1	1	0	0	abundance_only	0.002581674269065844	0.18787519056623955	frontal_cortex_ba9	M008	synaptic signaling, trans-synaptic signaling, anterograde trans-synaptic signaling	2.0898833450627956	1.6019848263991607	2.7263756335246327	1.2234338242402758	0.044365912993758624	0.00019258876455641546	True	True						False	False	True	DLK2
96	ENSG00000022567	1	frontal_cortex_ba9	M008	0.044365912993758624	1.2234338242402758	1.2234338242402758	1	1	0	0	abundance_only	0.002581674269065844	0.1822059699666244	frontal_cortex_ba9	M008	synaptic signaling, trans-synaptic signaling, anterograde trans-synaptic signaling	2.0898833450627956	1.6019848263991607	2.7263756335246327	1.2234338242402758	0.044365912993758624	0.00019258876455641546	True	True						False	False	True	SLC45A4
97	ENSG00000176884	1	frontal_cortex_ba9	M008	0.044365912993758624	1.2234338242402758	1.2234338242402758	1	1	0	0	abundance_only	0.002581674269065844	0.17970775760252627	frontal_cortex_ba9	M008	synaptic signaling, trans-synaptic signaling, anterograde trans-synaptic signaling	2.0898833450627956	1.6019848263991607	2.7263756335246327	1.2234338242402758	0.044365912993758624	0.00019258876455641546	True	True						False	False	True	GRIN1
98	ENSG00000223572	1	frontal_cortex_ba9	M008	0.044365912993758624	1.2234338242402758	1.2234338242402758	1	1	0	0	abundance_only	0.002581674269065844	0.17703907285108064	frontal_cortex_ba9	M008	synaptic signaling, trans-synaptic signaling, anterograde trans-synaptic signaling	2.0898833450627956	1.6019848263991607	2.7263756335246327	1.2234338242402758	0.044365912993758624	0.00019258876455641546	True	True						False	False	True	CKMT1A
99	ENSG00000103202	1	frontal_cortex_ba9	M008	0.044365912993758624	1.2234338242402758	1.2234338242402758	1	1	0	0	inactive	0.002581674269065844	0.17685265099574224	frontal_cortex_ba9	M008	synaptic signaling, trans-synaptic signaling, anterograde trans-synaptic signaling	2.0898833450627956	1.6019848263991607	2.7263756335246327	1.2234338242402758	0.044365912993758624	0.00019258876455641546	True	True						False	False	True	NME4
100	ENSG00000187486	1	frontal_cortex_ba9	M008	0.044365912993758624	1.2234338242402758	1.2234338242402758	1	1	0	0	abundance_only	0.002581674269065844	0.16751420552762408	frontal_cortex_ba9	M008	synaptic signaling, trans-synaptic signaling, anterograde trans-synaptic signaling	2.0898833450627956	1.6019848263991607	2.7263756335246327	1.2234338242402758	0.044365912993758624	0.00019258876455641546	True	True						False	False	True	KCNJ11
101	ENSG00000130477	1	frontal_cortex_ba9	M008	0.044365912993758624	1.2234338242402758	1.2234338242402758	1	1	0	0	abundance_only	0.002581674269065844	0.1593844421092013	frontal_cortex_ba9	M008	synaptic signaling, trans-synaptic signaling, anterograde trans-synaptic signaling	2.0898833450627956	1.6019848263991607	2.7263756335246327	1.2234338242402758	0.044365912993758624	0.00019258876455641546	True	True						False	False	True	UNC13A
102	ENSG00000165752	1	frontal_cortex_ba9	M008	0.044365912993758624	1.2234338242402758	1.2234338242402758	1	1	0	0	abundance_only	0.002581674269065844	0.15904580525638357	frontal_cortex_ba9	M008	synaptic signaling, trans-synaptic signaling, anterograde trans-synaptic signaling	2.0898833450627956	1.6019848263991607	2.7263756335246327	1.2234338242402758	0.044365912993758624	0.00019258876455641546	True	True						False	False	True	STK32C
103	ENSG00000089847	1	frontal_cortex_ba9	M008	0.044365912993758624	1.2234338242402758	1.2234338242402758	1	1	0	0	abundance_only	0.002581674269065844	0.15108422989481254	frontal_cortex_ba9	M008	synaptic signaling, trans-synaptic signaling, anterograde trans-synaptic signaling	2.0898833450627956	1.6019848263991607	2.7263756335246327	1.2234338242402758	0.044365912993758624	0.00019258876455641546	True	True						False	False	True	ANKRD24
104	ENSG00000107872	1	frontal_cortex_ba9	M008	0.044365912993758624	1.2234338242402758	1.2234338242402758	1	1	0	0	abundance_only	0.002581674269065844	0.1508777993148118	frontal_cortex_ba9	M008	synaptic signaling, trans-synaptic signaling, anterograde trans-synaptic signaling	2.0898833450627956	1.6019848263991607	2.7263756335246327	1.2234338242402758	0.044365912993758624	0.00019258876455641546	True	True						False	False	True	FBXL15
105	ENSG00000167103	1	frontal_cortex_ba9	M008	0.044365912993758624	1.2234338242402758	1.2234338242402758	1	1	0	0	abundance_only	0.002581674269065844	0.14794385212729633	frontal_cortex_ba9	M008	synaptic signaling, trans-synaptic signaling, anterograde trans-synaptic signaling	2.0898833450627956	1.6019848263991607	2.7263756335246327	1.2234338242402758	0.044365912993758624	0.00019258876455641546	True	True						False	False	True	PIP5KL1
106	ENSG00000072954	1	frontal_cortex_ba9	M008	0.044365912993758624	1.2234338242402758	1.2234338242402758	1	1	0	0	abundance_only	0.002581674269065844	0.13922553437550642	frontal_cortex_ba9	M008	synaptic signaling, trans-synaptic signaling, anterograde trans-synaptic signaling	2.0898833450627956	1.6019848263991607	2.7263756335246327	1.2234338242402758	0.044365912993758624	0.00019258876455641546	True	True						False	False	True	TMEM38A
107	ENSG00000087085	1	frontal_cortex_ba9	M008	0.044365912993758624	1.2234338242402758	1.2234338242402758	1	1	0	0	abundance_only	0.002581674269065844	0.1325276411441233	frontal_cortex_ba9	M008	synaptic signaling, trans-synaptic signaling, anterograde trans-synaptic signaling	2.0898833450627956	1.6019848263991607	2.7263756335246327	1.2234338242402758	0.044365912993758624	0.00019258876455641546	True	True						False	False	True	ACHE
108	ENSG00000140323	1	frontal_cortex_ba9	M008	0.044365912993758624	1.2234338242402758	1.2234338242402758	1	1	0	0	abundance_only	0.002581674269065844	0.13107047194210122	frontal_cortex_ba9	M008	synaptic signaling, trans-synaptic signaling, anterograde trans-synaptic signaling	2.0898833450627956	1.6019848263991607	2.7263756335246327	1.2234338242402758	0.044365912993758624	0.00019258876455641546	True	True						False	False	True	DISP2
109	ENSG00000256925	1	frontal_cortex_ba9	M008	0.044365912993758624	1.2234338242402758	1.2234338242402758	1	1	0	0	abundance_only	0.002581674269065844	0.12648365693159114	frontal_cortex_ba9	M008	synaptic signaling, trans-synaptic signaling, anterograde trans-synaptic signaling	2.0898833450627956	1.6019848263991607	2.7263756335246327	1.2234338242402758	0.044365912993758624	0.00019258876455641546	True	True						False	False	True	ADGRA1-AS1
110	ENSG00000117013	1	frontal_cortex_ba9	M008	0.044365912993758624	1.2234338242402758	1.2234338242402758	1	1	0	0	abundance_only	0.002581674269065844	0.11945612292308942	frontal_cortex_ba9	M008	synaptic signaling, trans-synaptic signaling, anterograde trans-synaptic signaling	2.0898833450627956	1.6019848263991607	2.7263756335246327	1.2234338242402758	0.044365912993758624	0.00019258876455641546	True	True						False	False	True	KCNQ4
111	ENSG00000036530	1	frontal_cortex_ba9	M008	0.044365912993758624	1.2234338242402758	1.2234338242402758	1	1	0	0	abundance_only	0.002581674269065844	0.11191859397842774	frontal_cortex_ba9	M008	synaptic signaling, trans-synaptic signaling, anterograde trans-synaptic signaling	2.0898833450627956	1.6019848263991607	2.7263756335246327	1.2234338242402758	0.044365912993758624	0.00019258876455641546	True	True						False	False	True	CYP46A1
112	ENSG00000176956	1	frontal_cortex_ba9	M008	0.044365912993758624	1.2234338242402758	1.2234338242402758	1	1	0	0	abundance_only	0.002581674269065844	0.10419586519629984	frontal_cortex_ba9	M008	synaptic signaling, trans-synaptic signaling, anterograde trans-synaptic signaling	2.0898833450627956	1.6019848263991607	2.7263756335246327	1.2234338242402758	0.044365912993758624	0.00019258876455641546	True	True						False	False	True	LY6H
113	ENSG00000186111	1	frontal_cortex_ba9	M008	0.044365912993758624	1.2234338242402758	1.2234338242402758	1	1	0	0	abundance_only	0.002581674269065844	0.09840671280952287	frontal_cortex_ba9	M008	synaptic signaling, trans-synaptic signaling, anterograde trans-synaptic signaling	2.0898833450627956	1.6019848263991607	2.7263756335246327	1.2234338242402758	0.044365912993758624	0.00019258876455641546	True	True						False	False	True	PIP5K1C
114	ENSG00000110786	1	frontal_cortex_ba9	M008	0.044365912993758624	1.2234338242402758	1.2234338242402758	1	1	0	0	abundance_only	0.002581674269065844	0.09339085473604844	frontal_cortex_ba9	M008	synaptic signaling, trans-synaptic signaling, anterograde trans-synaptic signaling	2.0898833450627956	1.6019848263991607	2.7263756335246327	1.2234338242402758	0.044365912993758624	0.00019258876455641546	True	True						False	False	True	PTPN5
115	ENSG00000180628	1	frontal_cortex_ba9	M008	0.044365912993758624	1.2234338242402758	1.2234338242402758	1	1	0	0	inactive	0.002581674269065844	0.08990432751854523	frontal_cortex_ba9	M008	synaptic signaling, trans-synaptic signaling, anterograde trans-synaptic signaling	2.0898833450627956	1.6019848263991607	2.7263756335246327	1.2234338242402758	0.044365912993758624	0.00019258876455641546	True	True						False	False	True	PCGF5
116	ENSG00000099849	1	frontal_cortex_ba9	M008	0.044365912993758624	1.2234338242402758	1.2234338242402758	1	1	0	0	abundance_only	0.002581674269065844	0.08330224295542729	frontal_cortex_ba9	M008	synaptic signaling, trans-synaptic signaling, anterograde trans-synaptic signaling	2.0898833450627956	1.6019848263991607	2.7263756335246327	1.2234338242402758	0.044365912993758624	0.00019258876455641546	True	True						False	False	True	RASSF7
117	ENSG00000177380	1	frontal_cortex_ba9	M008	0.044365912993758624	1.2234338242402758	1.2234338242402758	1	1	0	0	abundance_only	0.002581674269065844	0.08115673590057543	frontal_cortex_ba9	M008	synaptic signaling, trans-synaptic signaling, anterograde trans-synaptic signaling	2.0898833450627956	1.6019848263991607	2.7263756335246327	1.2234338242402758	0.044365912993758624	0.00019258876455641546	True	True						False	False	True	PPFIA3
118	ENSG00000140854	1	frontal_cortex_ba9	M008	0.044365912993758624	1.2234338242402758	1.2234338242402758	1	1	0	0	abundance_only	0.002581674269065844	0.07284793515235406	frontal_cortex_ba9	M008	synaptic signaling, trans-synaptic signaling, anterograde trans-synaptic signaling	2.0898833450627956	1.6019848263991607	2.7263756335246327	1.2234338242402758	0.044365912993758624	0.00019258876455641546	True	True						False	False	True	KATNB1
119	ENSG00000053438	1	frontal_cortex_ba9	M008	0.044365912993758624	1.2234338242402758	1.2234338242402758	1	1	0	0	abundance_only	0.002581674269065844	0.06712381760995703	frontal_cortex_ba9	M008	synaptic signaling, trans-synaptic signaling, anterograde trans-synaptic signaling	2.0898833450627956	1.6019848263991607	2.7263756335246327	1.2234338242402758	0.044365912993758624	0.00019258876455641546	True	True						False	False	True	NNAT
120	ENSG00000204991	1	frontal_cortex_ba9	M008	0.044365912993758624	1.2234338242402758	1.2234338242402758	1	1	0	0	abundance_only	0.002581674269065844	0.06450132716432161	frontal_cortex_ba9	M008	synaptic signaling, trans-synaptic signaling, anterograde trans-synaptic signaling	2.0898833450627956	1.6019848263991607	2.7263756335246327	1.2234338242402758	0.044365912993758624	0.00019258876455641546	True	True						False	False	True	SPIRE2
121	ENSG00000284691	1	frontal_cortex_ba9	M008	0.044365912993758624	1.2234338242402758	1.2234338242402758	1	1	0	0	abundance_only	0.002581674269065844	0.06395983894343721	frontal_cortex_ba9	M008	synaptic signaling, trans-synaptic signaling, anterograde trans-synaptic signaling	2.0898833450627956	1.6019848263991607	2.7263756335246327	1.2234338242402758	0.044365912993758624	0.00019258876455641546	True	True						False	False	True	ENSG00000284691
122	ENSG00000130751	1	frontal_cortex_ba9	M008	0.044365912993758624	1.2234338242402758	1.2234338242402758	1	1	0	0	abundance_only	0.002581674269065844	0.061578505476222324	frontal_cortex_ba9	M008	synaptic signaling, trans-synaptic signaling, anterograde trans-synaptic signaling	2.0898833450627956	1.6019848263991607	2.7263756335246327	1.2234338242402758	0.044365912993758624	0.00019258876455641546	True	True						False	False	True	NPAS1
123	ENSG00000255916	1	frontal_cortex_ba9	M008	0.044365912993758624	1.2234338242402758	1.2234338242402758	1	1	0	0	abundance_only	0.002581674269065844	0.061270392321683506	frontal_cortex_ba9	M008	synaptic signaling, trans-synaptic signaling, anterograde trans-synaptic signaling	2.0898833450627956	1.6019848263991607	2.7263756335246327	1.2234338242402758	0.044365912993758624	0.00019258876455641546	True	True						False	False	True	ENSG00000255916
124	ENSG00000105270	1	frontal_cortex_ba9	M008	0.044365912993758624	1.2234338242402758	1.2234338242402758	1	1	0	0	abundance_only	0.002581674269065844	0.05942873196063605	frontal_cortex_ba9	M008	synaptic signaling, trans-synaptic signaling, anterograde trans-synaptic signaling	2.0898833450627956	1.6019848263991607	2.7263756335246327	1.2234338242402758	0.044365912993758624	0.00019258876455641546	True	True						False	False	True	CLIP3
125	ENSG00000133265	1	frontal_cortex_ba9	M008	0.044365912993758624	1.2234338242402758	1.2234338242402758	1	1	0	0	abundance_only	0.002581674269065844	0.058921546765386044	frontal_cortex_ba9	M008	synaptic signaling, trans-synaptic signaling, anterograde trans-synaptic signaling	2.0898833450627956	1.6019848263991607	2.7263756335246327	1.2234338242402758	0.044365912993758624	0.00019258876455641546	True	True						False	False	True	HSPBP1
126	ENSG00000156959	1	frontal_cortex_ba9	M008	0.044365912993758624	1.2234338242402758	1.2234338242402758	1	1	0	0	abundance_only	0.002581674269065844	0.05715676903855701	frontal_cortex_ba9	M008	synaptic signaling, trans-synaptic signaling, anterograde trans-synaptic signaling	2.0898833450627956	1.6019848263991607	2.7263756335246327	1.2234338242402758	0.044365912993758624	0.00019258876455641546	True	True						False	False	True	LHFPL4
127	ENSG00000197106	1	frontal_cortex_ba9	M008	0.044365912993758624	1.2234338242402758	1.2234338242402758	1	1	0	0	abundance_only	0.002581674269065844	0.052387760915534876	frontal_cortex_ba9	M008	synaptic signaling, trans-synaptic signaling, anterograde trans-synaptic signaling	2.0898833450627956	1.6019848263991607	2.7263756335246327	1.2234338242402758	0.044365912993758624	0.00019258876455641546	True	True						False	False	True	SLC6A17
128	ENSG00000260630	1	frontal_cortex_ba9	M008	0.044365912993758624	1.2234338242402758	1.2234338242402758	1	1	0	0	abundance_only	0.002581674269065844	0.05183309380863564	frontal_cortex_ba9	M008	synaptic signaling, trans-synaptic signaling, anterograde trans-synaptic signaling	2.0898833450627956	1.6019848263991607	2.7263756335246327	1.2234338242402758	0.044365912993758624	0.00019258876455641546	True	True						False	False	True	SNAI3-AS1
129	ENSG00000115073	1	frontal_cortex_ba9	M008	0.044365912993758624	1.2234338242402758	1.2234338242402758	1	1	0	0	abundance_only	0.002581674269065844	0.049050014246853284	frontal_cortex_ba9	M008	synaptic signaling, trans-synaptic signaling, anterograde trans-synaptic signaling	2.0898833450627956	1.6019848263991607	2.7263756335246327	1.2234338242402758	0.044365912993758624	0.00019258876455641546	True	True						False	False	True	ACTR1B
130	ENSG00000248487	1	frontal_cortex_ba9	M008	0.044365912993758624	1.2234338242402758	1.2234338242402758	1	1	0	0	abundance_only	0.002581674269065844	0.03089415332405078	frontal_cortex_ba9	M008	synaptic signaling, trans-synaptic signaling, anterograde trans-synaptic signaling	2.0898833450627956	1.6019848263991607	2.7263756335246327	1.2234338242402758	0.044365912993758624	0.00019258876455641546	True	True						False	False	True	ABHD14A
131	ENSG00000127220	1	frontal_cortex_ba9	M008	0.044365912993758624	1.2234338242402758	1.2234338242402758	1	1	0	0	abundance_only	0.002581674269065844	0.028802165336025823	frontal_cortex_ba9	M008	synaptic signaling, trans-synaptic signaling, anterograde trans-synaptic signaling	2.0898833450627956	1.6019848263991607	2.7263756335246327	1.2234338242402758	0.044365912993758624	0.00019258876455641546	True	True						False	False	True	ABHD8
132	ENSG00000106327	1	frontal_cortex_ba9	M008	0.044365912993758624	1.2234338242402758	1.2234338242402758	1	1	0	0	abundance_only	0.002581674269065844	0.027044440901582412	frontal_cortex_ba9	M008	synaptic signaling, trans-synaptic signaling, anterograde trans-synaptic signaling	2.0898833450627956	1.6019848263991607	2.7263756335246327	1.2234338242402758	0.044365912993758624	0.00019258876455641546	True	True						False	False	True	TFR2
133	ENSG00000167700	1	frontal_cortex_ba9	M008	0.044365912993758624	1.2234338242402758	1.2234338242402758	1	1	0	0	abundance_only	0.002581674269065844	0.0234485150373745	frontal_cortex_ba9	M008	synaptic signaling, trans-synaptic signaling, anterograde trans-synaptic signaling	2.0898833450627956	1.6019848263991607	2.7263756335246327	1.2234338242402758	0.044365912993758624	0.00019258876455641546	True	True						False	False	True	MFSD3
134	ENSG00000171798	1	frontal_cortex_ba9	M008	0.044365912993758624	1.2234338242402758	1.2234338242402758	1	1	0	0	abundance_only	0.002581674269065844	0.023138315569196162	frontal_cortex_ba9	M008	synaptic signaling, trans-synaptic signaling, anterograde trans-synaptic signaling	2.0898833450627956	1.6019848263991607	2.7263756335246327	1.2234338242402758	0.044365912993758624	0.00019258876455641546	True	True						False	False	True	KNDC1
135	ENSG00000077080	1	frontal_cortex_ba9	M008	0.044365912993758624	1.2234338242402758	1.2234338242402758	1	1	0	0	abundance_only	0.002581674269065844	0.021189519967525203	frontal_cortex_ba9	M008	synaptic signaling, trans-synaptic signaling, anterograde trans-synaptic signaling	2.0898833450627956	1.6019848263991607	2.7263756335246327	1.2234338242402758	0.044365912993758624	0.00019258876455641546	True	True						False	False	True	ACTL6B
136	ENSG00000010438	1	frontal_cortex_ba9	M008	0.044365912993758624	1.2234338242402758	1.2234338242402758	1	1	0	0	abundance_only	0.002581674269065844	0.01625553576893461	frontal_cortex_ba9	M008	synaptic signaling, trans-synaptic signaling, anterograde trans-synaptic signaling	2.0898833450627956	1.6019848263991607	2.7263756335246327	1.2234338242402758	0.044365912993758624	0.00019258876455641546	True	True						False	False	True	PRSS3
137	ENSG00000125967	1	frontal_cortex_ba9	M008	0.044365912993758624	1.2234338242402758	1.2234338242402758	1	1	0	0	abundance_only	0.002581674269065844	0.014770254906176172	frontal_cortex_ba9	M008	synaptic signaling, trans-synaptic signaling, anterograde trans-synaptic signaling	2.0898833450627956	1.6019848263991607	2.7263756335246327	1.2234338242402758	0.044365912993758624	0.00019258876455641546	True	True						False	False	True	NECAB3
138	ENSG00000132821	1	frontal_cortex_ba9	M008	0.044365912993758624	1.2234338242402758	1.2234338242402758	1	1	0	0	abundance_only	0.002581674269065844	0.01162577299713568	frontal_cortex_ba9	M008	synaptic signaling, trans-synaptic signaling, anterograde trans-synaptic signaling	2.0898833450627956	1.6019848263991607	2.7263756335246327	1.2234338242402758	0.044365912993758624	0.00019258876455641546	True	True						False	False	True	VSTM2L
139	ENSG00000130590	1	frontal_cortex_ba9	M008	0.044365912993758624	1.2234338242402758	1.2234338242402758	1	1	0	0	abundance_only	0.002581674269065844	0.00946157306238742	frontal_cortex_ba9	M008	synaptic signaling, trans-synaptic signaling, anterograde trans-synaptic signaling	2.0898833450627956	1.6019848263991607	2.7263756335246327	1.2234338242402758	0.044365912993758624	0.00019258876455641546	True	True						False	False	True	SAMD10
140	ENSG00000185658	2	caudate_basal_ganglia,frontal_cortex_ba9	M006,M007	1.086522593741805e-05	1.313878696387039	1.2854572489908875	2	1	0	2	coupled	0.0011325036881492312	0.8652982606548434	frontal_cortex_ba9	M007	cellular localization, intercellular transport, intracellular transport	1.5213459349526246	1.2233399790742716	1.891946223770357	1.313878696387039	1.086522593741805e-05	0.026595131053894792	True	True						False	False	True	BRWD1
141	ENSG00000102144	2	cortex,frontal_cortex_ba9	M004,M007	1.086522593741805e-05	1.3310392139506064	1.3224589551688228	2	2	1	2	coupled	0.0011325036881492312	0.6681523298176124	frontal_cortex_ba9	M007	cellular localization, intercellular transport, intracellular transport	1.5213459349526246	1.2233399790742716	1.891946223770357	1.313878696387039	1.086522593741805e-05	0.026595131053894792	True	True						False	False	True	PGK1
142	ENSG00000125868	1	frontal_cortex_ba9	M007	1.086522593741805e-05	1.313878696387039	1.313878696387039	1	1	0	1	coupled	0.0011325036881492312	0.8477842665836403	frontal_cortex_ba9	M007	cellular localization, intercellular transport, intracellular transport	1.5213459349526246	1.2233399790742716	1.891946223770357	1.313878696387039	1.086522593741805e-05	0.026595131053894792	True	True						False	False	True	DSTN
143	ENSG00000138071	1	frontal_cortex_ba9	M007	1.086522593741805e-05	1.313878696387039	1.313878696387039	1	1	0	1	coupled	0.0011325036881492312	0.7935033918801346	frontal_cortex_ba9	M007	cellular localization, intercellular transport, intracellular transport	1.5213459349526246	1.2233399790742716	1.891946223770357	1.313878696387039	1.086522593741805e-05	0.026595131053894792	True	True						False	False	True	ACTR2
144	ENSG00000103160	1	frontal_cortex_ba9	M007	1.086522593741805e-05	1.313878696387039	1.313878696387039	1	1	0	1	coupled	0.0011325036881492312	0.7838348439839755	frontal_cortex_ba9	M007	cellular localization, intercellular transport, intracellular transport	1.5213459349526246	1.2233399790742716	1.891946223770357	1.313878696387039	1.086522593741805e-05	0.026595131053894792	True	True						False	False	True	HSDL1
145	ENSG00000186908	1	frontal_cortex_ba9	M007	1.086522593741805e-05	1.313878696387039	1.313878696387039	1	1	0	1	coupled	0.0011325036881492312	0.7697726911852529	frontal_cortex_ba9	M007	cellular localization, intercellular transport, intracellular transport	1.5213459349526246	1.2233399790742716	1.891946223770357	1.313878696387039	1.086522593741805e-05	0.026595131053894792	True	True						False	False	True	ZDHHC17
146	ENSG00000111371	1	frontal_cortex_ba9	M007	1.086522593741805e-05	1.313878696387039	1.313878696387039	1	1	0	1	coupled	0.0011325036881492312	0.7641339001438212	frontal_cortex_ba9	M007	cellular localization, intercellular transport, intracellular transport	1.5213459349526246	1.2233399790742716	1.891946223770357	1.313878696387039	1.086522593741805e-05	0.026595131053894792	True	True						False	False	True	SLC38A1
147	ENSG00000155970	1	frontal_cortex_ba9	M007	1.086522593741805e-05	1.313878696387039	1.313878696387039	1	1	0	1	coupled	0.0011325036881492312	0.758526269166189	frontal_cortex_ba9	M007	cellular localization, intercellular transport, intracellular transport	1.5213459349526246	1.2233399790742716	1.891946223770357	1.313878696387039	1.086522593741805e-05	0.026595131053894792	True	True						False	False	True	MICU3
148	ENSG00000163904	1	frontal_cortex_ba9	M007	1.086522593741805e-05	1.313878696387039	1.313878696387039	1	1	0	1	coupled	0.0011325036881492312	0.7516993037074547	frontal_cortex_ba9	M007	cellular localization, intercellular transport, intracellular transport	1.5213459349526246	1.2233399790742716	1.891946223770357	1.313878696387039	1.086522593741805e-05	0.026595131053894792	True	True						False	False	True	SENP2
149	ENSG00000004897	1	frontal_cortex_ba9	M007	1.086522593741805e-05	1.313878696387039	1.313878696387039	1	1	0	1	coupled	0.0011325036881492312	0.7469081685066392	frontal_cortex_ba9	M007	cellular localization, intercellular transport, intracellular transport	1.5213459349526246	1.2233399790742716	1.891946223770357	1.313878696387039	1.086522593741805e-05	0.026595131053894792	True	True						False	False	True	CDC27
150	ENSG00000003987	1	frontal_cortex_ba9	M007	1.086522593741805e-05	1.313878696387039	1.313878696387039	1	1	0	1	coupled	0.0011325036881492312	0.7285541343713725	frontal_cortex_ba9	M007	cellular localization, intercellular transport, intracellular transport	1.5213459349526246	1.2233399790742716	1.891946223770357	1.313878696387039	1.086522593741805e-05	0.026595131053894792	True	True						False	False	True	MTMR7
151	ENSG00000168785	1	frontal_cortex_ba9	M007	1.086522593741805e-05	1.313878696387039	1.313878696387039	1	1	0	1	coupled	0.0011325036881492312	0.7277279628683885	frontal_cortex_ba9	M007	cellular localization, intercellular transport, intracellular transport	1.5213459349526246	1.2233399790742716	1.891946223770357	1.313878696387039	1.086522593741805e-05	0.026595131053894792	True	True						False	False	True	TSPAN5
152	ENSG00000132824	1	frontal_cortex_ba9	M007	1.086522593741805e-05	1.313878696387039	1.313878696387039	1	1	0	1	coupled	0.0011325036881492312	0.7220938640458712	frontal_cortex_ba9	M007	cellular localization, intercellular transport, intracellular transport	1.5213459349526246	1.2233399790742716	1.891946223770357	1.313878696387039	1.086522593741805e-05	0.026595131053894792	True	True						False	False	True	SERINC3
153	ENSG00000155304	1	frontal_cortex_ba9	M007	1.086522593741805e-05	1.313878696387039	1.313878696387039	1	1	0	1	coupled	0.0011325036881492312	0.718417855112571	frontal_cortex_ba9	M007	cellular localization, intercellular transport, intracellular transport	1.5213459349526246	1.2233399790742716	1.891946223770357	1.313878696387039	1.086522593741805e-05	0.026595131053894792	True	True						False	False	True	HSPA13
154	ENSG00000154027	1	frontal_cortex_ba9	M007	1.086522593741805e-05	1.313878696387039	1.313878696387039	1	1	0	1	coupled	0.0011325036881492312	0.6993849008213926	frontal_cortex_ba9	M007	cellular localization, intercellular transport, intracellular transport	1.5213459349526246	1.2233399790742716	1.891946223770357	1.313878696387039	1.086522593741805e-05	0.026595131053894792	True	True						False	False	True	AK5
155	ENSG00000123119	1	frontal_cortex_ba9	M007	1.086522593741805e-05	1.313878696387039	1.313878696387039	1	1	0	1	coupled	0.0011325036881492312	0.6948266791069332	frontal_cortex_ba9	M007	cellular localization, intercellular transport, intracellular transport	1.5213459349526246	1.2233399790742716	1.891946223770357	1.313878696387039	1.086522593741805e-05	0.026595131053894792	True	True						False	False	True	NECAB1
156	ENSG00000137642	1	frontal_cortex_ba9	M007	1.086522593741805e-05	1.313878696387039	1.313878696387039	1	1	0	1	coupled	0.0011325036881492312	0.693141721067868	frontal_cortex_ba9	M007	cellular localization, intercellular transport, intracellular transport	1.5213459349526246	1.2233399790742716	1.891946223770357	1.313878696387039	1.086522593741805e-05	0.026595131053894792	True	True						False	False	True	SORL1
157	ENSG00000104388	1	frontal_cortex_ba9	M007	1.086522593741805e-05	1.313878696387039	1.313878696387039	1	1	0	1	coupled	0.0011325036881492312	0.6834383857729724	frontal_cortex_ba9	M007	cellular localization, intercellular transport, intracellular transport	1.5213459349526246	1.2233399790742716	1.891946223770357	1.313878696387039	1.086522593741805e-05	0.026595131053894792	True	True						False	False	True	RAB2A
158	ENSG00000184203	1	frontal_cortex_ba9	M007	1.086522593741805e-05	1.313878696387039	1.313878696387039	1	1	0	1	coupled	0.0011325036881492312	0.682260532659486	frontal_cortex_ba9	M007	cellular localization, intercellular transport, intracellular transport	1.5213459349526246	1.2233399790742716	1.891946223770357	1.313878696387039	1.086522593741805e-05	0.026595131053894792	True	True						False	False	True	PPP1R2
159	ENSG00000085433	1	frontal_cortex_ba9	M007	1.086522593741805e-05	1.313878696387039	1.313878696387039	1	1	0	1	coupled	0.0011325036881492312	0.6817595690644584	frontal_cortex_ba9	M007	cellular localization, intercellular transport, intracellular transport	1.5213459349526246	1.2233399790742716	1.891946223770357	1.313878696387039	1.086522593741805e-05	0.026595131053894792	True	True						False	False	True	WDR47
160	ENSG00000135002	1	frontal_cortex_ba9	M007	1.086522593741805e-05	1.313878696387039	1.313878696387039	1	1	0	1	discordant	0.0011325036881492312	0.6771869140829514	frontal_cortex_ba9	M007	cellular localization, intercellular transport, intracellular transport	1.5213459349526246	1.2233399790742716	1.891946223770357	1.313878696387039	1.086522593741805e-05	0.026595131053894792	True	True						False	False	True	RFK
161	ENSG00000164466	1	frontal_cortex_ba9	M007	1.086522593741805e-05	1.313878696387039	1.313878696387039	1	1	0	1	coupled	0.0011325036881492312	0.6741042423082004	frontal_cortex_ba9	M007	cellular localization, intercellular transport, intracellular transport	1.5213459349526246	1.2233399790742716	1.891946223770357	1.313878696387039	1.086522593741805e-05	0.026595131053894792	True	True						False	False	True	SFXN1
162	ENSG00000178234	1	frontal_cortex_ba9	M007	1.086522593741805e-05	1.313878696387039	1.313878696387039	1	1	0	1	coupled	0.0011325036881492312	0.662457495570257	frontal_cortex_ba9	M007	cellular localization, intercellular transport, intracellular transport	1.5213459349526246	1.2233399790742716	1.891946223770357	1.313878696387039	1.086522593741805e-05	0.026595131053894792	True	True						False	False	True	GALNT11
163	ENSG00000145545	1	frontal_cortex_ba9	M007	1.086522593741805e-05	1.313878696387039	1.313878696387039	1	1	0	1	coupled	0.0011325036881492312	0.6571464305458339	frontal_cortex_ba9	M007	cellular localization, intercellular transport, intracellular transport	1.5213459349526246	1.2233399790742716	1.891946223770357	1.313878696387039	1.086522593741805e-05	0.026595131053894792	True	True						False	False	True	SRD5A1
164	ENSG00000075303	1	frontal_cortex_ba9	M007	1.086522593741805e-05	1.313878696387039	1.313878696387039	1	1	0	1	coupled	0.0011325036881492312	0.6491051016152006	frontal_cortex_ba9	M007	cellular localization, intercellular transport, intracellular transport	1.5213459349526246	1.2233399790742716	1.891946223770357	1.313878696387039	1.086522593741805e-05	0.026595131053894792	True	True						False	False	True	SLC25A40
165	ENSG00000115520	1	frontal_cortex_ba9	M007	1.086522593741805e-05	1.313878696387039	1.313878696387039	1	1	0	1	coupled	0.0011325036881492312	0.6404470308370104	frontal_cortex_ba9	M007	cellular localization, intercellular transport, intracellular transport	1.5213459349526246	1.2233399790742716	1.891946223770357	1.313878696387039	1.086522593741805e-05	0.026595131053894792	True	True						False	False	True	COQ10B
166	ENSG00000169139	1	frontal_cortex_ba9	M007	1.086522593741805e-05	1.313878696387039	1.313878696387039	1	1	0	1	coupled	0.0011325036881492312	0.6355309101515224	frontal_cortex_ba9	M007	cellular localization, intercellular transport, intracellular transport	1.5213459349526246	1.2233399790742716	1.891946223770357	1.313878696387039	1.086522593741805e-05	0.026595131053894792	True	True						False	False	True	UBE2V2
167	ENSG00000155744	1	frontal_cortex_ba9	M007	1.086522593741805e-05	1.313878696387039	1.313878696387039	1	1	0	1	coupled	0.0011325036881492312	0.6352107919040754	frontal_cortex_ba9	M007	cellular localization, intercellular transport, intracellular transport	1.5213459349526246	1.2233399790742716	1.891946223770357	1.313878696387039	1.086522593741805e-05	0.026595131053894792	True	True						False	False	True	HYCC2
168	ENSG00000164024	1	frontal_cortex_ba9	M007	1.086522593741805e-05	1.313878696387039	1.313878696387039	1	1	0	1	coupled	0.0011325036881492312	0.6349219804494615	frontal_cortex_ba9	M007	cellular localization, intercellular transport, intracellular transport	1.5213459349526246	1.2233399790742716	1.891946223770357	1.313878696387039	1.086522593741805e-05	0.026595131053894792	True	True						False	False	True	METAP1
169	ENSG00000081307	1	frontal_cortex_ba9	M007	1.086522593741805e-05	1.313878696387039	1.313878696387039	1	1	0	1	coupled	0.0011325036881492312	0.6335836005450238	frontal_cortex_ba9	M007	cellular localization, intercellular transport, intracellular transport	1.5213459349526246	1.2233399790742716	1.891946223770357	1.313878696387039	1.086522593741805e-05	0.026595131053894792	True	True						False	False	True	UBA5
170	ENSG00000174437	1	frontal_cortex_ba9	M007	1.086522593741805e-05	1.313878696387039	1.313878696387039	1	1	0	1	coupled	0.0011325036881492312	0.6315783116617019	frontal_cortex_ba9	M007	cellular localization, intercellular transport, intracellular transport	1.5213459349526246	1.2233399790742716	1.891946223770357	1.313878696387039	1.086522593741805e-05	0.026595131053894792	True	True						False	False	True	ATP2A2
171	ENSG00000115947	1	frontal_cortex_ba9	M007	1.086522593741805e-05	1.313878696387039	1.313878696387039	1	1	0	1	discordant	0.0011325036881492312	0.6306203536616982	frontal_cortex_ba9	M007	cellular localization, intercellular transport, intracellular transport	1.5213459349526246	1.2233399790742716	1.891946223770357	1.313878696387039	1.086522593741805e-05	0.026595131053894792	True	True						False	False	True	ORC4
172	ENSG00000100030	1	frontal_cortex_ba9	M007	1.086522593741805e-05	1.313878696387039	1.313878696387039	1	1	0	1	coupled	0.0011325036881492312	0.6235023231301348	frontal_cortex_ba9	M007	cellular localization, intercellular transport, intracellular transport	1.5213459349526246	1.2233399790742716	1.891946223770357	1.313878696387039	1.086522593741805e-05	0.026595131053894792	True	True						False	False	True	MAPK1
173	ENSG00000083642	1	frontal_cortex_ba9	M007	1.086522593741805e-05	1.313878696387039	1.313878696387039	1	1	0	1	coupled	0.0011325036881492312	0.6203731002260816	frontal_cortex_ba9	M007	cellular localization, intercellular transport, intracellular transport	1.5213459349526246	1.2233399790742716	1.891946223770357	1.313878696387039	1.086522593741805e-05	0.026595131053894792	True	True						False	False	True	PDS5B
174	ENSG00000153560	1	frontal_cortex_ba9	M007	1.086522593741805e-05	1.313878696387039	1.313878696387039	1	1	0	1	discordant	0.0011325036881492312	0.6193433764019909	frontal_cortex_ba9	M007	cellular localization, intercellular transport, intracellular transport	1.5213459349526246	1.2233399790742716	1.891946223770357	1.313878696387039	1.086522593741805e-05	0.026595131053894792	True	True						False	False	True	UBP1
175	ENSG00000197860	1	frontal_cortex_ba9	M007	1.086522593741805e-05	1.313878696387039	1.313878696387039	1	1	0	1	discordant	0.0011325036881492312	0.6161192973531271	frontal_cortex_ba9	M007	cellular localization, intercellular transport, intracellular transport	1.5213459349526246	1.2233399790742716	1.891946223770357	1.313878696387039	1.086522593741805e-05	0.026595131053894792	True	True						False	False	True	SGTB
176	ENSG00000138018	1	frontal_cortex_ba9	M007	1.086522593741805e-05	1.313878696387039	1.313878696387039	1	1	0	1	coupled	0.0011325036881492312	0.6136529854532997	frontal_cortex_ba9	M007	cellular localization, intercellular transport, intracellular transport	1.5213459349526246	1.2233399790742716	1.891946223770357	1.313878696387039	1.086522593741805e-05	0.026595131053894792	True	True						False	False	True	SELENOI
177	ENSG00000137996	1	frontal_cortex_ba9	M007	1.086522593741805e-05	1.313878696387039	1.313878696387039	1	1	0	1	coupled	0.0011325036881492312	0.5977437442148419	frontal_cortex_ba9	M007	cellular localization, intercellular transport, intracellular transport	1.5213459349526246	1.2233399790742716	1.891946223770357	1.313878696387039	1.086522593741805e-05	0.026595131053894792	True	True						False	False	True	RTCA
178	ENSG00000009844	1	frontal_cortex_ba9	M007	1.086522593741805e-05	1.313878696387039	1.313878696387039	1	1	0	1	discordant	0.0011325036881492312	0.595984017382574	frontal_cortex_ba9	M007	cellular localization, intercellular transport, intracellular transport	1.5213459349526246	1.2233399790742716	1.891946223770357	1.313878696387039	1.086522593741805e-05	0.026595131053894792	True	True						False	False	True	VTA1
179	ENSG00000101654	1	frontal_cortex_ba9	M007	1.086522593741805e-05	1.313878696387039	1.313878696387039	1	1	0	1	coupled	0.0011325036881492312	0.5884819643633288	frontal_cortex_ba9	M007	cellular localization, intercellular transport, intracellular transport	1.5213459349526246	1.2233399790742716	1.891946223770357	1.313878696387039	1.086522593741805e-05	0.026595131053894792	True	True						False	False	True	RNMT
180	ENSG00000008086	1	frontal_cortex_ba9	M007	1.086522593741805e-05	1.313878696387039	1.313878696387039	1	1	0	1	coupled	0.0011325036881492312	0.5876831850585937	frontal_cortex_ba9	M007	cellular localization, intercellular transport, intracellular transport	1.5213459349526246	1.2233399790742716	1.891946223770357	1.313878696387039	1.086522593741805e-05	0.026595131053894792	True	True						False	False	True	CDKL5
181	ENSG00000147224	1	frontal_cortex_ba9	M007	1.086522593741805e-05	1.313878696387039	1.313878696387039	1	1	0	1	coupled	0.0011325036881492312	0.5801734657106505	frontal_cortex_ba9	M007	cellular localization, intercellular transport, intracellular transport	1.5213459349526246	1.2233399790742716	1.891946223770357	1.313878696387039	1.086522593741805e-05	0.026595131053894792	True	True						False	False	True	PRPS1
182	ENSG00000169891	1	frontal_cortex_ba9	M007	1.086522593741805e-05	1.313878696387039	1.313878696387039	1	1	0	1	coupled	0.0011325036881492312	0.5788009646513986	frontal_cortex_ba9	M007	cellular localization, intercellular transport, intracellular transport	1.5213459349526246	1.2233399790742716	1.891946223770357	1.313878696387039	1.086522593741805e-05	0.026595131053894792	True	True						False	False	True	REPS2
183	ENSG00000111110	1	frontal_cortex_ba9	M007	1.086522593741805e-05	1.313878696387039	1.313878696387039	1	1	0	1	coupled	0.0011325036881492312	0.5770225015777486	frontal_cortex_ba9	M007	cellular localization, intercellular transport, intracellular transport	1.5213459349526246	1.2233399790742716	1.891946223770357	1.313878696387039	1.086522593741805e-05	0.026595131053894792	True	True						False	False	True	PPM1H
184	ENSG00000113595	1	frontal_cortex_ba9	M007	1.086522593741805e-05	1.313878696387039	1.313878696387039	1	1	0	1	coupled	0.0011325036881492312	0.5752391694210996	frontal_cortex_ba9	M007	cellular localization, intercellular transport, intracellular transport	1.5213459349526246	1.2233399790742716	1.891946223770357	1.313878696387039	1.086522593741805e-05	0.026595131053894792	True	True						False	False	True	TRIM23
185	ENSG00000074603	1	frontal_cortex_ba9	M007	1.086522593741805e-05	1.313878696387039	1.313878696387039	1	1	0	1	coupled	0.0011325036881492312	0.5730814405784674	frontal_cortex_ba9	M007	cellular localization, intercellular transport, intracellular transport	1.5213459349526246	1.2233399790742716	1.891946223770357	1.313878696387039	1.086522593741805e-05	0.026595131053894792	True	True						False	False	True	DPP8
186	ENSG00000119318	1	frontal_cortex_ba9	M007	1.086522593741805e-05	1.313878696387039	1.313878696387039	1	1	0	1	discordant	0.0011325036881492312	0.5714666420391571	frontal_cortex_ba9	M007	cellular localization, intercellular transport, intracellular transport	1.5213459349526246	1.2233399790742716	1.891946223770357	1.313878696387039	1.086522593741805e-05	0.026595131053894792	True	True						False	False	True	RAD23B
187	ENSG00000146223	1	frontal_cortex_ba9	M007	1.086522593741805e-05	1.313878696387039	1.313878696387039	1	1	0	1	discordant	0.0011325036881492312	0.567911648375145	frontal_cortex_ba9	M007	cellular localization, intercellular transport, intracellular transport	1.5213459349526246	1.2233399790742716	1.891946223770357	1.313878696387039	1.086522593741805e-05	0.026595131053894792	True	True						False	False	True	RPL7L1
188	ENSG00000198420	1	frontal_cortex_ba9	M007	1.086522593741805e-05	1.313878696387039	1.313878696387039	1	1	0	1	coupled	0.0011325036881492312	0.5656033364534458	frontal_cortex_ba9	M007	cellular localization, intercellular transport, intracellular transport	1.5213459349526246	1.2233399790742716	1.891946223770357	1.313878696387039	1.086522593741805e-05	0.026595131053894792	True	True						False	False	True	TCAF1
189	ENSG00000139112	1	frontal_cortex_ba9	M007	1.086522593741805e-05	1.313878696387039	1.313878696387039	1	1	0	1	discordant	0.0011325036881492312	0.5636190146812146	frontal_cortex_ba9	M007	cellular localization, intercellular transport, intracellular transport	1.5213459349526246	1.2233399790742716	1.891946223770357	1.313878696387039	1.086522593741805e-05	0.026595131053894792	True	True						False	False	True	GABARAPL1
190	ENSG00000135930	1	frontal_cortex_ba9	M007	1.086522593741805e-05	1.313878696387039	1.313878696387039	1	1	0	1	coupled	0.0011325036881492312	0.5599442870950321	frontal_cortex_ba9	M007	cellular localization, intercellular transport, intracellular transport	1.5213459349526246	1.2233399790742716	1.891946223770357	1.313878696387039	1.086522593741805e-05	0.026595131053894792	True	True						False	False	True	EIF4E2
191	ENSG00000166479	1	frontal_cortex_ba9	M007	1.086522593741805e-05	1.313878696387039	1.313878696387039	1	1	0	1	coupled	0.0011325036881492312	0.5565238647620254	frontal_cortex_ba9	M007	cellular localization, intercellular transport, intracellular transport	1.5213459349526246	1.2233399790742716	1.891946223770357	1.313878696387039	1.086522593741805e-05	0.026595131053894792	True	True						False	False	True	TMX3
192	ENSG00000118200	1	frontal_cortex_ba9	M007	1.086522593741805e-05	1.313878696387039	1.313878696387039	1	1	0	1	coupled	0.0011325036881492312	0.5559075720120884	frontal_cortex_ba9	M007	cellular localization, intercellular transport, intracellular transport	1.5213459349526246	1.2233399790742716	1.891946223770357	1.313878696387039	1.086522593741805e-05	0.026595131053894792	True	True						False	False	True	CAMSAP2
193	ENSG00000005020	1	frontal_cortex_ba9	M007	1.086522593741805e-05	1.313878696387039	1.313878696387039	1	1	0	1	coupled	0.0011325036881492312	0.5493479891857035	frontal_cortex_ba9	M007	cellular localization, intercellular transport, intracellular transport	1.5213459349526246	1.2233399790742716	1.891946223770357	1.313878696387039	1.086522593741805e-05	0.026595131053894792	True	True						False	False	True	SKAP2
194	ENSG00000085415	1	frontal_cortex_ba9	M007	1.086522593741805e-05	1.313878696387039	1.313878696387039	1	1	0	1	coupled	0.0011325036881492312	0.5424965649662189	frontal_cortex_ba9	M007	cellular localization, intercellular transport, intracellular transport	1.5213459349526246	1.2233399790742716	1.891946223770357	1.313878696387039	1.086522593741805e-05	0.026595131053894792	True	True						False	False	True	SEH1L
195	ENSG00000129691	1	frontal_cortex_ba9	M007	1.086522593741805e-05	1.313878696387039	1.313878696387039	1	1	0	1	coupled	0.0011325036881492312	0.5420232583999621	frontal_cortex_ba9	M007	cellular localization, intercellular transport, intracellular transport	1.5213459349526246	1.2233399790742716	1.891946223770357	1.313878696387039	1.086522593741805e-05	0.026595131053894792	True	True						False	False	True	ASH2L
196	ENSG00000198961	1	frontal_cortex_ba9	M007	1.086522593741805e-05	1.313878696387039	1.313878696387039	1	1	0	1	coupled	0.0011325036881492312	0.5373834563748526	frontal_cortex_ba9	M007	cellular localization, intercellular transport, intracellular transport	1.5213459349526246	1.2233399790742716	1.891946223770357	1.313878696387039	1.086522593741805e-05	0.026595131053894792	True	True						False	False	True	PJA2
197	ENSG00000138442	1	frontal_cortex_ba9	M007	1.086522593741805e-05	1.313878696387039	1.313878696387039	1	1	0	1	discordant	0.0011325036881492312	0.5349071706347854	frontal_cortex_ba9	M007	cellular localization, intercellular transport, intracellular transport	1.5213459349526246	1.2233399790742716	1.891946223770357	1.313878696387039	1.086522593741805e-05	0.026595131053894792	True	True						False	False	True	WDR12
198	ENSG00000123178	1	frontal_cortex_ba9	M007	1.086522593741805e-05	1.313878696387039	1.313878696387039	1	1	0	1	coupled	0.0011325036881492312	0.5339204307014928	frontal_cortex_ba9	M007	cellular localization, intercellular transport, intracellular transport	1.5213459349526246	1.2233399790742716	1.891946223770357	1.313878696387039	1.086522593741805e-05	0.026595131053894792	True	True						False	False	True	SPRYD7
199	ENSG00000109436	1	frontal_cortex_ba9	M007	1.086522593741805e-05	1.313878696387039	1.313878696387039	1	1	0	1	discordant	0.0011325036881492312	0.5313939879538706	frontal_cortex_ba9	M007	cellular localization, intercellular transport, intracellular transport	1.5213459349526246	1.2233399790742716	1.891946223770357	1.313878696387039	1.086522593741805e-05	0.026595131053894792	True	True						False	False	True	TBC1D9
200	ENSG00000154174	1	frontal_cortex_ba9	M007	1.086522593741805e-05	1.313878696387039	1.313878696387039	1	1	0	1	coupled	0.0011325036881492312	0.5305386836417131	frontal_cortex_ba9	M007	cellular localization, intercellular transport, intracellular transport	1.5213459349526246	1.2233399790742716	1.891946223770357	1.313878696387039	1.086522593741805e-05	0.026595131053894792	True	True						False	False	True	TOMM70
201	ENSG00000168438	1	frontal_cortex_ba9	M007	1.086522593741805e-05	1.313878696387039	1.313878696387039	1	1	0	1	coupled	0.0011325036881492312	0.5300242868281853	frontal_cortex_ba9	M007	cellular localization, intercellular transport, intracellular transport	1.5213459349526246	1.2233399790742716	1.891946223770357	1.313878696387039	1.086522593741805e-05	0.026595131053894792	True	True						False	False	True	CDC40
202	ENSG00000106524	1	frontal_cortex_ba9	M007	1.086522593741805e-05	1.313878696387039	1.313878696387039	1	1	0	1	coupled	0.0011325036881492312	0.5293234576577502	frontal_cortex_ba9	M007	cellular localization, intercellular transport, intracellular transport	1.5213459349526246	1.2233399790742716	1.891946223770357	1.313878696387039	1.086522593741805e-05	0.026595131053894792	True	True						False	False	True	ANKMY2
203	ENSG00000061676	1	frontal_cortex_ba9	M007	1.086522593741805e-05	1.313878696387039	1.313878696387039	1	1	0	1	coupled	0.0011325036881492312	0.5270826376110581	frontal_cortex_ba9	M007	cellular localization, intercellular transport, intracellular transport	1.5213459349526246	1.2233399790742716	1.891946223770357	1.313878696387039	1.086522593741805e-05	0.026595131053894792	True	True						False	False	True	NCKAP1
204	ENSG00000163964	1	frontal_cortex_ba9	M007	1.086522593741805e-05	1.313878696387039	1.313878696387039	1	1	0	1	coupled	0.0011325036881492312	0.5205380295014963	frontal_cortex_ba9	M007	cellular localization, intercellular transport, intracellular transport	1.5213459349526246	1.2233399790742716	1.891946223770357	1.313878696387039	1.086522593741805e-05	0.026595131053894792	True	True						False	False	True	PIGX
205	ENSG00000006125	1	frontal_cortex_ba9	M007	1.086522593741805e-05	1.313878696387039	1.313878696387039	1	1	0	1	coupled	0.0011325036881492312	0.520503045552227	frontal_cortex_ba9	M007	cellular localization, intercellular transport, intracellular transport	1.5213459349526246	1.2233399790742716	1.891946223770357	1.313878696387039	1.086522593741805e-05	0.026595131053894792	True	True						False	False	True	AP2B1
206	ENSG00000167005	1	frontal_cortex_ba9	M007	1.086522593741805e-05	1.313878696387039	1.313878696387039	1	1	0	1	coupled	0.0011325036881492312	0.5179600447843226	frontal_cortex_ba9	M007	cellular localization, intercellular transport, intracellular transport	1.5213459349526246	1.2233399790742716	1.891946223770357	1.313878696387039	1.086522593741805e-05	0.026595131053894792	True	True						False	False	True	NUDT21
207	ENSG00000006715	1	frontal_cortex_ba9	M007	1.086522593741805e-05	1.313878696387039	1.313878696387039	1	1	0	1	coupled	0.0011325036881492312	0.5166049797054122	frontal_cortex_ba9	M007	cellular localization, intercellular transport, intracellular transport	1.5213459349526246	1.2233399790742716	1.891946223770357	1.313878696387039	1.086522593741805e-05	0.026595131053894792	True	True						False	False	True	VPS41
208	ENSG00000109680	1	frontal_cortex_ba9	M007	1.086522593741805e-05	1.313878696387039	1.313878696387039	1	1	0	1	coupled	0.0011325036881492312	0.513416903695865	frontal_cortex_ba9	M007	cellular localization, intercellular transport, intracellular transport	1.5213459349526246	1.2233399790742716	1.891946223770357	1.313878696387039	1.086522593741805e-05	0.026595131053894792	True	True						False	False	True	TBC1D19
209	ENSG00000116750	1	frontal_cortex_ba9	M007	1.086522593741805e-05	1.313878696387039	1.313878696387039	1	1	0	1	coupled	0.0011325036881492312	0.5131124751542568	frontal_cortex_ba9	M007	cellular localization, intercellular transport, intracellular transport	1.5213459349526246	1.2233399790742716	1.891946223770357	1.313878696387039	1.086522593741805e-05	0.026595131053894792	True	True						False	False	True	UCHL5
210	ENSG00000087095	1	frontal_cortex_ba9	M007	1.086522593741805e-05	1.313878696387039	1.313878696387039	1	1	0	1	coupled	0.0011325036881492312	0.5029054462970975	frontal_cortex_ba9	M007	cellular localization, intercellular transport, intracellular transport	1.5213459349526246	1.2233399790742716	1.891946223770357	1.313878696387039	1.086522593741805e-05	0.026595131053894792	True	True						False	False	True	NLK
211	ENSG00000115828	1	frontal_cortex_ba9	M007	1.086522593741805e-05	1.313878696387039	1.313878696387039	1	1	0	1	coupled	0.0011325036881492312	0.5011804728486845	frontal_cortex_ba9	M007	cellular localization, intercellular transport, intracellular transport	1.5213459349526246	1.2233399790742716	1.891946223770357	1.313878696387039	1.086522593741805e-05	0.026595131053894792	True	True						False	False	True	QPCT
212	ENSG00000013293	1	frontal_cortex_ba9	M007	1.086522593741805e-05	1.313878696387039	1.313878696387039	1	1	0	1	coupled	0.0011325036881492312	0.49819746614285254	frontal_cortex_ba9	M007	cellular localization, intercellular transport, intracellular transport	1.5213459349526246	1.2233399790742716	1.891946223770357	1.313878696387039	1.086522593741805e-05	0.026595131053894792	True	True						False	False	True	SLC7A14
213	ENSG00000143727	1	frontal_cortex_ba9	M007	1.086522593741805e-05	1.313878696387039	1.313878696387039	1	1	0	1	discordant	0.0011325036881492312	0.49545757599094736	frontal_cortex_ba9	M007	cellular localization, intercellular transport, intracellular transport	1.5213459349526246	1.2233399790742716	1.891946223770357	1.313878696387039	1.086522593741805e-05	0.026595131053894792	True	True						False	False	True	ACP1
214	ENSG00000100934	1	frontal_cortex_ba9	M007	1.086522593741805e-05	1.313878696387039	1.313878696387039	1	1	0	1	coupled	0.0011325036881492312	0.49489279529819086	frontal_cortex_ba9	M007	cellular localization, intercellular transport, intracellular transport	1.5213459349526246	1.2233399790742716	1.891946223770357	1.313878696387039	1.086522593741805e-05	0.026595131053894792	True	True						False	False	True	SEC23A
215	ENSG00000108666	1	frontal_cortex_ba9	M007	1.086522593741805e-05	1.313878696387039	1.313878696387039	1	1	0	1	coupled	0.0011325036881492312	0.4947267991937132	frontal_cortex_ba9	M007	cellular localization, intercellular transport, intracellular transport	1.5213459349526246	1.2233399790742716	1.891946223770357	1.313878696387039	1.086522593741805e-05	0.026595131053894792	True	True						False	False	True	C17orf75
216	ENSG00000137040	1	frontal_cortex_ba9	M007	1.086522593741805e-05	1.313878696387039	1.313878696387039	1	1	0	1	coupled	0.0011325036881492312	0.49372853737361155	frontal_cortex_ba9	M007	cellular localization, intercellular transport, intracellular transport	1.5213459349526246	1.2233399790742716	1.891946223770357	1.313878696387039	1.086522593741805e-05	0.026595131053894792	True	True						False	False	True	RANBP6
217	ENSG00000166908	1	frontal_cortex_ba9	M007	1.086522593741805e-05	1.313878696387039	1.313878696387039	1	1	0	1	discordant	0.0011325036881492312	0.48931530159955644	frontal_cortex_ba9	M007	cellular localization, intercellular transport, intracellular transport	1.5213459349526246	1.2233399790742716	1.891946223770357	1.313878696387039	1.086522593741805e-05	0.026595131053894792	True	True						False	False	True	PIP4K2C
218	ENSG00000096063	1	frontal_cortex_ba9	M007	1.086522593741805e-05	1.313878696387039	1.313878696387039	1	1	0	1	coupled	0.0011325036881492312	0.48653780659937584	frontal_cortex_ba9	M007	cellular localization, intercellular transport, intracellular transport	1.5213459349526246	1.2233399790742716	1.891946223770357	1.313878696387039	1.086522593741805e-05	0.026595131053894792	True	True						False	False	True	SRPK1
219	ENSG00000185787	1	frontal_cortex_ba9	M007	1.086522593741805e-05	1.313878696387039	1.313878696387039	1	1	0	1	discordant	0.0011325036881492312	0.4811815911009073	frontal_cortex_ba9	M007	cellular localization, intercellular transport, intracellular transport	1.5213459349526246	1.2233399790742716	1.891946223770357	1.313878696387039	1.086522593741805e-05	0.026595131053894792	True	True						False	False	True	MORF4L1
220	ENSG00000175087	1	frontal_cortex_ba9	M007	1.086522593741805e-05	1.313878696387039	1.313878696387039	1	1	0	1	coupled	0.0011325036881492312	0.4779476173320678	frontal_cortex_ba9	M007	cellular localization, intercellular transport, intracellular transport	1.5213459349526246	1.2233399790742716	1.891946223770357	1.313878696387039	1.086522593741805e-05	0.026595131053894792	True	True						False	False	True	PDIK1L
221	ENSG00000198791	1	frontal_cortex_ba9	M007	1.086522593741805e-05	1.313878696387039	1.313878696387039	1	1	0	1	coupled	0.0011325036881492312	0.467447517382193	frontal_cortex_ba9	M007	cellular localization, intercellular transport, intracellular transport	1.5213459349526246	1.2233399790742716	1.891946223770357	1.313878696387039	1.086522593741805e-05	0.026595131053894792	True	True						False	False	True	CNOT7
222	ENSG00000092201	1	frontal_cortex_ba9	M007	1.086522593741805e-05	1.313878696387039	1.313878696387039	1	1	0	1	coupled	0.0011325036881492312	0.46657476092084527	frontal_cortex_ba9	M007	cellular localization, intercellular transport, intracellular transport	1.5213459349526246	1.2233399790742716	1.891946223770357	1.313878696387039	1.086522593741805e-05	0.026595131053894792	True	True						False	False	True	SUPT16H
223	ENSG00000153132	1	frontal_cortex_ba9	M007	1.086522593741805e-05	1.313878696387039	1.313878696387039	1	1	0	1	coupled	0.0011325036881492312	0.4665462176736959	frontal_cortex_ba9	M007	cellular localization, intercellular transport, intracellular transport	1.5213459349526246	1.2233399790742716	1.891946223770357	1.313878696387039	1.086522593741805e-05	0.026595131053894792	True	True						False	False	True	CLGN
224	ENSG00000149503	1	frontal_cortex_ba9	M007	1.086522593741805e-05	1.313878696387039	1.313878696387039	1	1	0	1	coupled	0.0011325036881492312	0.4651626195909727	frontal_cortex_ba9	M007	cellular localization, intercellular transport, intracellular transport	1.5213459349526246	1.2233399790742716	1.891946223770357	1.313878696387039	1.086522593741805e-05	0.026595131053894792	True	True						False	False	True	INCENP
225	ENSG00000165169	1	frontal_cortex_ba9	M007	1.086522593741805e-05	1.313878696387039	1.313878696387039	1	1	0	1	coupled	0.0011325036881492312	0.4497515806812013	frontal_cortex_ba9	M007	cellular localization, intercellular transport, intracellular transport	1.5213459349526246	1.2233399790742716	1.891946223770357	1.313878696387039	1.086522593741805e-05	0.026595131053894792	True	True						False	False	True	DYNLT3
226	ENSG00000119401	1	frontal_cortex_ba9	M007	1.086522593741805e-05	1.313878696387039	1.313878696387039	1	1	0	1	coupled	0.0011325036881492312	0.44414820884582507	frontal_cortex_ba9	M007	cellular localization, intercellular transport, intracellular transport	1.5213459349526246	1.2233399790742716	1.891946223770357	1.313878696387039	1.086522593741805e-05	0.026595131053894792	True	True						False	False	True	TRIM32
227	ENSG00000073910	1	frontal_cortex_ba9	M007	1.086522593741805e-05	1.313878696387039	1.313878696387039	1	1	0	1	coupled	0.0011325036881492312	0.4440464436861682	frontal_cortex_ba9	M007	cellular localization, intercellular transport, intracellular transport	1.5213459349526246	1.2233399790742716	1.891946223770357	1.313878696387039	1.086522593741805e-05	0.026595131053894792	True	True						False	False	True	FRY
228	ENSG00000166913	1	frontal_cortex_ba9	M007	1.086522593741805e-05	1.313878696387039	1.313878696387039	1	1	0	1	discordant	0.0011325036881492312	0.43931562267768476	frontal_cortex_ba9	M007	cellular localization, intercellular transport, intracellular transport	1.5213459349526246	1.2233399790742716	1.891946223770357	1.313878696387039	1.086522593741805e-05	0.026595131053894792	True	True						False	False	True	YWHAB
229	ENSG00000107679	1	frontal_cortex_ba9	M007	1.086522593741805e-05	1.313878696387039	1.313878696387039	1	1	0	1	coupled	0.0011325036881492312	0.43870656851434603	frontal_cortex_ba9	M007	cellular localization, intercellular transport, intracellular transport	1.5213459349526246	1.2233399790742716	1.891946223770357	1.313878696387039	1.086522593741805e-05	0.026595131053894792	True	True						False	False	True	PLEKHA1
230	ENSG00000114686	1	frontal_cortex_ba9	M007	1.086522593741805e-05	1.313878696387039	1.313878696387039	1	1	0	1	coupled	0.0011325036881492312	0.43309653095407924	frontal_cortex_ba9	M007	cellular localization, intercellular transport, intracellular transport	1.5213459349526246	1.2233399790742716	1.891946223770357	1.313878696387039	1.086522593741805e-05	0.026595131053894792	True	True						False	False	True	MRPL3
231	ENSG00000125827	1	frontal_cortex_ba9	M007	1.086522593741805e-05	1.313878696387039	1.313878696387039	1	1	0	1	coupled	0.0011325036881492312	0.431563499852814	frontal_cortex_ba9	M007	cellular localization, intercellular transport, intracellular transport	1.5213459349526246	1.2233399790742716	1.891946223770357	1.313878696387039	1.086522593741805e-05	0.026595131053894792	True	True						False	False	True	TMX4
232	ENSG00000163444	1	frontal_cortex_ba9	M007	1.086522593741805e-05	1.313878696387039	1.313878696387039	1	1	0	1	coupled	0.0011325036881492312	0.43081603924243883	frontal_cortex_ba9	M007	cellular localization, intercellular transport, intracellular transport	1.5213459349526246	1.2233399790742716	1.891946223770357	1.313878696387039	1.086522593741805e-05	0.026595131053894792	True	True						False	False	True	TMEM183A
233	ENSG00000163655	1	frontal_cortex_ba9	M007	1.086522593741805e-05	1.313878696387039	1.313878696387039	1	1	0	1	discordant	0.0011325036881492312	0.43025632044648643	frontal_cortex_ba9	M007	cellular localization, intercellular transport, intracellular transport	1.5213459349526246	1.2233399790742716	1.891946223770357	1.313878696387039	1.086522593741805e-05	0.026595131053894792	True	True						False	False	True	GMPS
234	ENSG00000111530	1	frontal_cortex_ba9	M007	1.086522593741805e-05	1.313878696387039	1.313878696387039	1	1	0	1	coupled	0.0011325036881492312	0.42955120523542684	frontal_cortex_ba9	M007	cellular localization, intercellular transport, intracellular transport	1.5213459349526246	1.2233399790742716	1.891946223770357	1.313878696387039	1.086522593741805e-05	0.026595131053894792	True	True						False	False	True	CAND1
235	ENSG00000157764	1	frontal_cortex_ba9	M007	1.086522593741805e-05	1.313878696387039	1.313878696387039	1	1	0	1	coupled	0.0011325036881492312	0.42839163998045815	frontal_cortex_ba9	M007	cellular localization, intercellular transport, intracellular transport	1.5213459349526246	1.2233399790742716	1.891946223770357	1.313878696387039	1.086522593741805e-05	0.026595131053894792	True	True						False	False	True	BRAF
236	ENSG00000119446	1	frontal_cortex_ba9	M007	1.086522593741805e-05	1.313878696387039	1.313878696387039	1	1	0	1	coupled	0.0011325036881492312	0.4219366768370671	frontal_cortex_ba9	M007	cellular localization, intercellular transport, intracellular transport	1.5213459349526246	1.2233399790742716	1.891946223770357	1.313878696387039	1.086522593741805e-05	0.026595131053894792	True	True						False	False	True	RBM18
237	ENSG00000163818	1	frontal_cortex_ba9	M007	1.086522593741805e-05	1.313878696387039	1.313878696387039	1	1	0	1	coupled	0.0011325036881492312	0.41999574852278204	frontal_cortex_ba9	M007	cellular localization, intercellular transport, intracellular transport	1.5213459349526246	1.2233399790742716	1.891946223770357	1.313878696387039	1.086522593741805e-05	0.026595131053894792	True	True						False	False	True	LZTFL1
238	ENSG00000134108	1	frontal_cortex_ba9	M007	1.086522593741805e-05	1.313878696387039	1.313878696387039	1	1	0	1	coupled	0.0011325036881492312	0.41971703167784946	frontal_cortex_ba9	M007	cellular localization, intercellular transport, intracellular transport	1.5213459349526246	1.2233399790742716	1.891946223770357	1.313878696387039	1.086522593741805e-05	0.026595131053894792	True	True						False	False	True	ARL8B
239	ENSG00000025293	1	frontal_cortex_ba9	M007	1.086522593741805e-05	1.313878696387039	1.313878696387039	1	1	0	1	coupled	0.0011325036881492312	0.41887400842266065	frontal_cortex_ba9	M007	cellular localization, intercellular transport, intracellular transport	1.5213459349526246	1.2233399790742716	1.891946223770357	1.313878696387039	1.086522593741805e-05	0.026595131053894792	True	True						False	False	True	PHF20
240	ENSG00000117533	1	frontal_cortex_ba9	M007	1.086522593741805e-05	1.313878696387039	1.313878696387039	1	1	0	1	coupled	0.0011325036881492312	0.4165356692897611	frontal_cortex_ba9	M007	cellular localization, intercellular transport, intracellular transport	1.5213459349526246	1.2233399790742716	1.891946223770357	1.313878696387039	1.086522593741805e-05	0.026595131053894792	True	True						False	False	True	VAMP4
241	ENSG00000130227	1	frontal_cortex_ba9	M007	1.086522593741805e-05	1.313878696387039	1.313878696387039	1	1	0	1	coupled	0.0011325036881492312	0.4142709335460794	frontal_cortex_ba9	M007	cellular localization, intercellular transport, intracellular transport	1.5213459349526246	1.2233399790742716	1.891946223770357	1.313878696387039	1.086522593741805e-05	0.026595131053894792	True	True						False	False	True	XPO7
242	ENSG00000144320	1	frontal_cortex_ba9	M007	1.086522593741805e-05	1.313878696387039	1.313878696387039	1	1	0	1	coupled	0.0011325036881492312	0.4037721759683894	frontal_cortex_ba9	M007	cellular localization, intercellular transport, intracellular transport	1.5213459349526246	1.2233399790742716	1.891946223770357	1.313878696387039	1.086522593741805e-05	0.026595131053894792	True	True						False	False	True	LNPK
243	ENSG00000119844	1	frontal_cortex_ba9	M007	1.086522593741805e-05	1.313878696387039	1.313878696387039	1	1	0	1	discordant	0.0011325036881492312	0.39366636397294247	frontal_cortex_ba9	M007	cellular localization, intercellular transport, intracellular transport	1.5213459349526246	1.2233399790742716	1.891946223770357	1.313878696387039	1.086522593741805e-05	0.026595131053894792	True	True						False	False	True	AFTPH
244	ENSG00000114120	1	frontal_cortex_ba9	M007	1.086522593741805e-05	1.313878696387039	1.313878696387039	1	1	0	1	coupled	0.0011325036881492312	0.3924076256910571	frontal_cortex_ba9	M007	cellular localization, intercellular transport, intracellular transport	1.5213459349526246	1.2233399790742716	1.891946223770357	1.313878696387039	1.086522593741805e-05	0.026595131053894792	True	True						False	False	True	SLC25A36
245	ENSG00000101290	1	frontal_cortex_ba9	M007	1.086522593741805e-05	1.313878696387039	1.313878696387039	1	1	0	1	discordant	0.0011325036881492312	0.3909736139895148	frontal_cortex_ba9	M007	cellular localization, intercellular transport, intracellular transport	1.5213459349526246	1.2233399790742716	1.891946223770357	1.313878696387039	1.086522593741805e-05	0.026595131053894792	True	True						False	False	True	CDS2
246	ENSG00000138663	1	frontal_cortex_ba9	M007	1.086522593741805e-05	1.313878696387039	1.313878696387039	1	1	0	1	coupled	0.0011325036881492312	0.38992402979165086	frontal_cortex_ba9	M007	cellular localization, intercellular transport, intracellular transport	1.5213459349526246	1.2233399790742716	1.891946223770357	1.313878696387039	1.086522593741805e-05	0.026595131053894792	True	True						False	False	True	COPS4
247	ENSG00000069329	1	frontal_cortex_ba9	M007	1.086522593741805e-05	1.313878696387039	1.313878696387039	1	1	0	1	coupled	0.0011325036881492312	0.3793246889013154	frontal_cortex_ba9	M007	cellular localization, intercellular transport, intracellular transport	1.5213459349526246	1.2233399790742716	1.891946223770357	1.313878696387039	1.086522593741805e-05	0.026595131053894792	True	True						False	False	True	VPS35
248	ENSG00000119965	1	frontal_cortex_ba9	M007	1.086522593741805e-05	1.313878696387039	1.313878696387039	1	1	0	1	coupled	0.0011325036881492312	0.37506440184582107	frontal_cortex_ba9	M007	cellular localization, intercellular transport, intracellular transport	1.5213459349526246	1.2233399790742716	1.891946223770357	1.313878696387039	1.086522593741805e-05	0.026595131053894792	True	True						False	False	True	C10orf88
249	ENSG00000120137	1	frontal_cortex_ba9	M007	1.086522593741805e-05	1.313878696387039	1.313878696387039	1	1	0	1	discordant	0.0011325036881492312	0.371970250295908	frontal_cortex_ba9	M007	cellular localization, intercellular transport, intracellular transport	1.5213459349526246	1.2233399790742716	1.891946223770357	1.313878696387039	1.086522593741805e-05	0.026595131053894792	True	True						False	False	True	PANK3
250	ENSG00000171262	1	frontal_cortex_ba9	M007	1.086522593741805e-05	1.313878696387039	1.313878696387039	1	1	0	1	coupled	0.0011325036881492312	0.37158301250184717	frontal_cortex_ba9	M007	cellular localization, intercellular transport, intracellular transport	1.5213459349526246	1.2233399790742716	1.891946223770357	1.313878696387039	1.086522593741805e-05	0.026595131053894792	True	True						False	False	True	FAM98B
251	ENSG00000100522	1	frontal_cortex_ba9	M007	1.086522593741805e-05	1.313878696387039	1.313878696387039	1	1	0	1	coupled	0.0011325036881492312	0.36734662416532055	frontal_cortex_ba9	M007	cellular localization, intercellular transport, intracellular transport	1.5213459349526246	1.2233399790742716	1.891946223770357	1.313878696387039	1.086522593741805e-05	0.026595131053894792	True	True						False	False	True	GNPNAT1
252	ENSG00000131966	1	frontal_cortex_ba9	M007	1.086522593741805e-05	1.313878696387039	1.313878696387039	1	1	0	1	discordant	0.0011325036881492312	0.3662022809971266	frontal_cortex_ba9	M007	cellular localization, intercellular transport, intracellular transport	1.5213459349526246	1.2233399790742716	1.891946223770357	1.313878696387039	1.086522593741805e-05	0.026595131053894792	True	True						False	False	True	ACTR10
253	ENSG00000121481	1	frontal_cortex_ba9	M007	1.086522593741805e-05	1.313878696387039	1.313878696387039	1	1	0	1	discordant	0.0011325036881492312	0.35911323302599574	frontal_cortex_ba9	M007	cellular localization, intercellular transport, intracellular transport	1.5213459349526246	1.2233399790742716	1.891946223770357	1.313878696387039	1.086522593741805e-05	0.026595131053894792	True	True						False	False	True	RNF2
254	ENSG00000164609	1	frontal_cortex_ba9	M007	1.086522593741805e-05	1.313878696387039	1.313878696387039	1	1	0	1	coupled	0.0011325036881492312	0.35128360590817387	frontal_cortex_ba9	M007	cellular localization, intercellular transport, intracellular transport	1.5213459349526246	1.2233399790742716	1.891946223770357	1.313878696387039	1.086522593741805e-05	0.026595131053894792	True	True						False	False	True	SLU7
255	ENSG00000135018	1	frontal_cortex_ba9	M007	1.086522593741805e-05	1.313878696387039	1.313878696387039	1	1	0	1	coupled	0.0011325036881492312	0.3376744988187009	frontal_cortex_ba9	M007	cellular localization, intercellular transport, intracellular transport	1.5213459349526246	1.2233399790742716	1.891946223770357	1.313878696387039	1.086522593741805e-05	0.026595131053894792	True	True						False	False	True	UBQLN1
256	ENSG00000111726	1	frontal_cortex_ba9	M007	1.086522593741805e-05	1.313878696387039	1.313878696387039	1	1	0	1	coupled	0.0011325036881492312	0.3337705350504589	frontal_cortex_ba9	M007	cellular localization, intercellular transport, intracellular transport	1.5213459349526246	1.2233399790742716	1.891946223770357	1.313878696387039	1.086522593741805e-05	0.026595131053894792	True	True						False	False	True	CMAS
257	ENSG00000134717	1	frontal_cortex_ba9	M007	1.086522593741805e-05	1.313878696387039	1.313878696387039	1	1	0	1	coupled	0.0011325036881492312	0.32895434930071193	frontal_cortex_ba9	M007	cellular localization, intercellular transport, intracellular transport	1.5213459349526246	1.2233399790742716	1.891946223770357	1.313878696387039	1.086522593741805e-05	0.026595131053894792	True	True						False	False	True	BTF3L4
258	ENSG00000163558	1	frontal_cortex_ba9	M007	1.086522593741805e-05	1.313878696387039	1.313878696387039	1	1	0	1	coupled	0.0011325036881492312	0.3269961355158916	frontal_cortex_ba9	M007	cellular localization, intercellular transport, intracellular transport	1.5213459349526246	1.2233399790742716	1.891946223770357	1.313878696387039	1.086522593741805e-05	0.026595131053894792	True	True						False	False	True	PRKCI
259	ENSG00000110435	1	frontal_cortex_ba9	M007	1.086522593741805e-05	1.313878696387039	1.313878696387039	1	1	0	1	discordant	0.0011325036881492312	0.32223998224457245	frontal_cortex_ba9	M007	cellular localization, intercellular transport, intracellular transport	1.5213459349526246	1.2233399790742716	1.891946223770357	1.313878696387039	1.086522593741805e-05	0.026595131053894792	True	True						False	False	True	PDHX
260	ENSG00000198919	1	frontal_cortex_ba9	M007	1.086522593741805e-05	1.313878696387039	1.313878696387039	1	1	0	1	discordant	0.0011325036881492312	0.3164046016305323	frontal_cortex_ba9	M007	cellular localization, intercellular transport, intracellular transport	1.5213459349526246	1.2233399790742716	1.891946223770357	1.313878696387039	1.086522593741805e-05	0.026595131053894792	True	True						False	False	True	DZIP3
261	ENSG00000119801	1	frontal_cortex_ba9	M007	1.086522593741805e-05	1.313878696387039	1.313878696387039	1	1	0	1	discordant	0.0011325036881492312	0.31099556225833214	frontal_cortex_ba9	M007	cellular localization, intercellular transport, intracellular transport	1.5213459349526246	1.2233399790742716	1.891946223770357	1.313878696387039	1.086522593741805e-05	0.026595131053894792	True	True						False	False	True	YPEL5
262	ENSG00000122335	1	frontal_cortex_ba9	M007	1.086522593741805e-05	1.313878696387039	1.313878696387039	1	1	0	1	discordant	0.0011325036881492312	0.3093812638827253	frontal_cortex_ba9	M007	cellular localization, intercellular transport, intracellular transport	1.5213459349526246	1.2233399790742716	1.891946223770357	1.313878696387039	1.086522593741805e-05	0.026595131053894792	True	True						False	False	True	SERAC1
263	ENSG00000166181	1	frontal_cortex_ba9	M007	1.086522593741805e-05	1.313878696387039	1.313878696387039	1	1	0	1	coupled	0.0011325036881492312	0.3052065105931513	frontal_cortex_ba9	M007	cellular localization, intercellular transport, intracellular transport	1.5213459349526246	1.2233399790742716	1.891946223770357	1.313878696387039	1.086522593741805e-05	0.026595131053894792	True	True						False	False	True	API5
264	ENSG00000065559	1	frontal_cortex_ba9	M007	1.086522593741805e-05	1.313878696387039	1.313878696387039	1	1	0	1	coupled	0.0011325036881492312	0.30013020465468915	frontal_cortex_ba9	M007	cellular localization, intercellular transport, intracellular transport	1.5213459349526246	1.2233399790742716	1.891946223770357	1.313878696387039	1.086522593741805e-05	0.026595131053894792	True	True						False	False	True	MAP2K4
265	ENSG00000005175	1	frontal_cortex_ba9	M007	1.086522593741805e-05	1.313878696387039	1.313878696387039	1	1	0	1	coupled	0.0011325036881492312	0.28892532855111774	frontal_cortex_ba9	M007	cellular localization, intercellular transport, intracellular transport	1.5213459349526246	1.2233399790742716	1.891946223770357	1.313878696387039	1.086522593741805e-05	0.026595131053894792	True	True						False	False	True	RPAP3
266	ENSG00000114405	1	frontal_cortex_ba9	M007	1.086522593741805e-05	1.313878696387039	1.313878696387039	1	1	0	1	discordant	0.0011325036881492312	0.28785849361610344	frontal_cortex_ba9	M007	cellular localization, intercellular transport, intracellular transport	1.5213459349526246	1.2233399790742716	1.891946223770357	1.313878696387039	1.086522593741805e-05	0.026595131053894792	True	True						False	False	True	CEP15
267	ENSG00000170464	1	frontal_cortex_ba9	M007	1.086522593741805e-05	1.313878696387039	1.313878696387039	1	1	0	1	discordant	0.0011325036881492312	0.28547820935192486	frontal_cortex_ba9	M007	cellular localization, intercellular transport, intracellular transport	1.5213459349526246	1.2233399790742716	1.891946223770357	1.313878696387039	1.086522593741805e-05	0.026595131053894792	True	True						False	False	True	DNAJC18
268	ENSG00000111707	1	frontal_cortex_ba9	M007	1.086522593741805e-05	1.313878696387039	1.313878696387039	1	1	0	1	coupled	0.0011325036881492312	0.2802953239586693	frontal_cortex_ba9	M007	cellular localization, intercellular transport, intracellular transport	1.5213459349526246	1.2233399790742716	1.891946223770357	1.313878696387039	1.086522593741805e-05	0.026595131053894792	True	True						False	False	True	SUDS3
269	ENSG00000135829	1	frontal_cortex_ba9	M007	1.086522593741805e-05	1.313878696387039	1.313878696387039	1	1	0	1	discordant	0.0011325036881492312	0.27943172731843247	frontal_cortex_ba9	M007	cellular localization, intercellular transport, intracellular transport	1.5213459349526246	1.2233399790742716	1.891946223770357	1.313878696387039	1.086522593741805e-05	0.026595131053894792	True	True						False	False	True	DHX9
270	ENSG00000115137	1	frontal_cortex_ba9	M007	1.086522593741805e-05	1.313878696387039	1.313878696387039	1	1	0	1	coupled	0.0011325036881492312	0.2631252662192311	frontal_cortex_ba9	M007	cellular localization, intercellular transport, intracellular transport	1.5213459349526246	1.2233399790742716	1.891946223770357	1.313878696387039	1.086522593741805e-05	0.026595131053894792	True	True						False	False	True	DNAJC27
271	ENSG00000112305	1	frontal_cortex_ba9	M007	1.086522593741805e-05	1.313878696387039	1.313878696387039	1	1	0	1	discordant	0.0011325036881492312	0.2630280609858865	frontal_cortex_ba9	M007	cellular localization, intercellular transport, intracellular transport	1.5213459349526246	1.2233399790742716	1.891946223770357	1.313878696387039	1.086522593741805e-05	0.026595131053894792	True	True						False	False	True	SMAP1
272	ENSG00000170456	1	frontal_cortex_ba9	M007	1.086522593741805e-05	1.313878696387039	1.313878696387039	1	1	0	1	discordant	0.0011325036881492312	0.2584125359662657	frontal_cortex_ba9	M007	cellular localization, intercellular transport, intracellular transport	1.5213459349526246	1.2233399790742716	1.891946223770357	1.313878696387039	1.086522593741805e-05	0.026595131053894792	True	True						False	False	True	DENND5B
273	ENSG00000157500	1	frontal_cortex_ba9	M007	1.086522593741805e-05	1.313878696387039	1.313878696387039	1	1	0	1	discordant	0.0011325036881492312	0.25825073706312224	frontal_cortex_ba9	M007	cellular localization, intercellular transport, intracellular transport	1.5213459349526246	1.2233399790742716	1.891946223770357	1.313878696387039	1.086522593741805e-05	0.026595131053894792	True	True						False	False	True	APPL1
274	ENSG00000146476	1	frontal_cortex_ba9	M007	1.086522593741805e-05	1.313878696387039	1.313878696387039	1	1	0	1	discordant	0.0011325036881492312	0.2556555621510263	frontal_cortex_ba9	M007	cellular localization, intercellular transport, intracellular transport	1.5213459349526246	1.2233399790742716	1.891946223770357	1.313878696387039	1.086522593741805e-05	0.026595131053894792	True	True						False	False	True	ARMT1
275	ENSG00000181982	1	frontal_cortex_ba9	M007	1.086522593741805e-05	1.313878696387039	1.313878696387039	1	1	0	1	discordant	0.0011325036881492312	0.2509369252152975	frontal_cortex_ba9	M007	cellular localization, intercellular transport, intracellular transport	1.5213459349526246	1.2233399790742716	1.891946223770357	1.313878696387039	1.086522593741805e-05	0.026595131053894792	True	True						False	False	True	CCDC149
276	ENSG00000136738	1	frontal_cortex_ba9	M007	1.086522593741805e-05	1.313878696387039	1.313878696387039	1	1	0	1	discordant	0.0011325036881492312	0.24603475166745553	frontal_cortex_ba9	M007	cellular localization, intercellular transport, intracellular transport	1.5213459349526246	1.2233399790742716	1.891946223770357	1.313878696387039	1.086522593741805e-05	0.026595131053894792	True	True						False	False	True	STAM
277	ENSG00000131711	1	frontal_cortex_ba9	M007	1.086522593741805e-05	1.313878696387039	1.313878696387039	1	1	0	1	discordant	0.0011325036881492312	0.24412974780851854	frontal_cortex_ba9	M007	cellular localization, intercellular transport, intracellular transport	1.5213459349526246	1.2233399790742716	1.891946223770357	1.313878696387039	1.086522593741805e-05	0.026595131053894792	True	True						False	False	True	MAP1B
278	ENSG00000135932	1	frontal_cortex_ba9	M007	1.086522593741805e-05	1.313878696387039	1.313878696387039	1	1	0	1	discordant	0.0011325036881492312	0.242744073886895	frontal_cortex_ba9	M007	cellular localization, intercellular transport, intracellular transport	1.5213459349526246	1.2233399790742716	1.891946223770357	1.313878696387039	1.086522593741805e-05	0.026595131053894792	True	True						False	False	True	CAB39
279	ENSG00000070718	1	frontal_cortex_ba9	M007	1.086522593741805e-05	1.313878696387039	1.313878696387039	1	1	0	1	discordant	0.0011325036881492312	0.24167885166974118	frontal_cortex_ba9	M007	cellular localization, intercellular transport, intracellular transport	1.5213459349526246	1.2233399790742716	1.891946223770357	1.313878696387039	1.086522593741805e-05	0.026595131053894792	True	True						False	False	True	AP3M2
280	ENSG00000065154	1	frontal_cortex_ba9	M007	1.086522593741805e-05	1.313878696387039	1.313878696387039	1	1	0	1	discordant	0.0011325036881492312	0.239482735272194	frontal_cortex_ba9	M007	cellular localization, intercellular transport, intracellular transport	1.5213459349526246	1.2233399790742716	1.891946223770357	1.313878696387039	1.086522593741805e-05	0.026595131053894792	True	True						False	False	True	OAT
281	ENSG00000127995	1	frontal_cortex_ba9	M007	1.086522593741805e-05	1.313878696387039	1.313878696387039	1	1	0	1	coupled	0.0011325036881492312	0.23808019466900987	frontal_cortex_ba9	M007	cellular localization, intercellular transport, intracellular transport	1.5213459349526246	1.2233399790742716	1.891946223770357	1.313878696387039	1.086522593741805e-05	0.026595131053894792	True	True						False	False	True	CASD1
282	ENSG00000215114	1	frontal_cortex_ba9	M007	1.086522593741805e-05	1.313878696387039	1.313878696387039	1	1	0	1	discordant	0.0011325036881492312	0.2318562163280495	frontal_cortex_ba9	M007	cellular localization, intercellular transport, intracellular transport	1.5213459349526246	1.2233399790742716	1.891946223770357	1.313878696387039	1.086522593741805e-05	0.026595131053894792	True	True						False	False	True	UBXN2B
283	ENSG00000184900	1	frontal_cortex_ba9	M007	1.086522593741805e-05	1.313878696387039	1.313878696387039	1	1	0	1	coupled	0.0011325036881492312	0.22992440125021735	frontal_cortex_ba9	M007	cellular localization, intercellular transport, intracellular transport	1.5213459349526246	1.2233399790742716	1.891946223770357	1.313878696387039	1.086522593741805e-05	0.026595131053894792	True	True						False	False	True	SUMO3
284	ENSG00000084234	1	frontal_cortex_ba9	M007	1.086522593741805e-05	1.313878696387039	1.313878696387039	1	1	0	1	discordant	0.0011325036881492312	0.22490629177348945	frontal_cortex_ba9	M007	cellular localization, intercellular transport, intracellular transport	1.5213459349526246	1.2233399790742716	1.891946223770357	1.313878696387039	1.086522593741805e-05	0.026595131053894792	True	True						False	False	True	APLP2
285	ENSG00000164252	1	frontal_cortex_ba9	M007	1.086522593741805e-05	1.313878696387039	1.313878696387039	1	1	0	1	discordant	0.0011325036881492312	0.22278513389672439	frontal_cortex_ba9	M007	cellular localization, intercellular transport, intracellular transport	1.5213459349526246	1.2233399790742716	1.891946223770357	1.313878696387039	1.086522593741805e-05	0.026595131053894792	True	True						False	False	True	AGGF1
286	ENSG00000127870	1	frontal_cortex_ba9	M007	1.086522593741805e-05	1.313878696387039	1.313878696387039	1	1	0	1	discordant	0.0011325036881492312	0.22268363994112184	frontal_cortex_ba9	M007	cellular localization, intercellular transport, intracellular transport	1.5213459349526246	1.2233399790742716	1.891946223770357	1.313878696387039	1.086522593741805e-05	0.026595131053894792	True	True						False	False	True	RNF6
287	ENSG00000196937	1	frontal_cortex_ba9	M007	1.086522593741805e-05	1.313878696387039	1.313878696387039	1	1	0	1	discordant	0.0011325036881492312	0.22131358345573204	frontal_cortex_ba9	M007	cellular localization, intercellular transport, intracellular transport	1.5213459349526246	1.2233399790742716	1.891946223770357	1.313878696387039	1.086522593741805e-05	0.026595131053894792	True	True						False	False	True	FAM3C
288	ENSG00000106723	1	frontal_cortex_ba9	M007	1.086522593741805e-05	1.313878696387039	1.313878696387039	1	1	0	1	coupled	0.0011325036881492312	0.22033155370717095	frontal_cortex_ba9	M007	cellular localization, intercellular transport, intracellular transport	1.5213459349526246	1.2233399790742716	1.891946223770357	1.313878696387039	1.086522593741805e-05	0.026595131053894792	True	True						False	False	True	SPIN1
289	ENSG00000102572	1	frontal_cortex_ba9	M007	1.086522593741805e-05	1.313878696387039	1.313878696387039	1	1	0	1	discordant	0.0011325036881492312	0.21784825684509104	frontal_cortex_ba9	M007	cellular localization, intercellular transport, intracellular transport	1.5213459349526246	1.2233399790742716	1.891946223770357	1.313878696387039	1.086522593741805e-05	0.026595131053894792	True	True						False	False	True	STK24
290	ENSG00000122873	1	frontal_cortex_ba9	M007	1.086522593741805e-05	1.313878696387039	1.313878696387039	1	1	0	1	coupled	0.0011325036881492312	0.21721178518223055	frontal_cortex_ba9	M007	cellular localization, intercellular transport, intracellular transport	1.5213459349526246	1.2233399790742716	1.891946223770357	1.313878696387039	1.086522593741805e-05	0.026595131053894792	True	True						False	False	True	CISD1
291	ENSG00000173726	1	frontal_cortex_ba9	M007	1.086522593741805e-05	1.313878696387039	1.313878696387039	1	1	0	1	discordant	0.0011325036881492312	0.21571386849818108	frontal_cortex_ba9	M007	cellular localization, intercellular transport, intracellular transport	1.5213459349526246	1.2233399790742716	1.891946223770357	1.313878696387039	1.086522593741805e-05	0.026595131053894792	True	True						False	False	True	TOMM20
292	ENSG00000131558	1	frontal_cortex_ba9	M007	1.086522593741805e-05	1.313878696387039	1.313878696387039	1	1	0	1	discordant	0.0011325036881492312	0.21259600522425728	frontal_cortex_ba9	M007	cellular localization, intercellular transport, intracellular transport	1.5213459349526246	1.2233399790742716	1.891946223770357	1.313878696387039	1.086522593741805e-05	0.026595131053894792	True	True						False	False	True	EXOC4
293	ENSG00000100916	1	frontal_cortex_ba9	M007	1.086522593741805e-05	1.313878696387039	1.313878696387039	1	1	0	1	discordant	0.0011325036881492312	0.21070949737283642	frontal_cortex_ba9	M007	cellular localization, intercellular transport, intracellular transport	1.5213459349526246	1.2233399790742716	1.891946223770357	1.313878696387039	1.086522593741805e-05	0.026595131053894792	True	True						False	False	True	BRMS1L
294	ENSG00000139977	1	frontal_cortex_ba9	M007	1.086522593741805e-05	1.313878696387039	1.313878696387039	1	1	0	1	discordant	0.0011325036881492312	0.20962082053215883	frontal_cortex_ba9	M007	cellular localization, intercellular transport, intracellular transport	1.5213459349526246	1.2233399790742716	1.891946223770357	1.313878696387039	1.086522593741805e-05	0.026595131053894792	True	True						False	False	True	NAA30
295	ENSG00000047621	1	frontal_cortex_ba9	M007	1.086522593741805e-05	1.313878696387039	1.313878696387039	1	1	0	1	discordant	0.0011325036881492312	0.20596997408260367	frontal_cortex_ba9	M007	cellular localization, intercellular transport, intracellular transport	1.5213459349526246	1.2233399790742716	1.891946223770357	1.313878696387039	1.086522593741805e-05	0.026595131053894792	True	True						False	False	True	FERRY3
296	ENSG00000145715	1	frontal_cortex_ba9	M007	1.086522593741805e-05	1.313878696387039	1.313878696387039	1	1	0	1	coupled	0.0011325036881492312	0.20458859687748177	frontal_cortex_ba9	M007	cellular localization, intercellular transport, intracellular transport	1.5213459349526246	1.2233399790742716	1.891946223770357	1.313878696387039	1.086522593741805e-05	0.026595131053894792	True	True						False	False	True	RASA1
297	ENSG00000164109	1	frontal_cortex_ba9	M007	1.086522593741805e-05	1.313878696387039	1.313878696387039	1	1	0	0	abundance_only	0.0011325036881492312	0.1969186434671227	frontal_cortex_ba9	M007	cellular localization, intercellular transport, intracellular transport	1.5213459349526246	1.2233399790742716	1.891946223770357	1.313878696387039	1.086522593741805e-05	0.026595131053894792	True	True						False	False	True	MAD2L1
298	ENSG00000111237	1	frontal_cortex_ba9	M007	1.086522593741805e-05	1.313878696387039	1.313878696387039	1	1	0	0	abundance_only	0.0011325036881492312	0.19536406098137085	frontal_cortex_ba9	M007	cellular localization, intercellular transport, intracellular transport	1.5213459349526246	1.2233399790742716	1.891946223770357	1.313878696387039	1.086522593741805e-05	0.026595131053894792	True	True						False	False	True	VPS29
299	ENSG00000113441	1	frontal_cortex_ba9	M007	1.086522593741805e-05	1.313878696387039	1.313878696387039	1	1	0	0	abundance_only	0.0011325036881492312	0.19371446322137892	frontal_cortex_ba9	M007	cellular localization, intercellular transport, intracellular transport	1.5213459349526246	1.2233399790742716	1.891946223770357	1.313878696387039	1.086522593741805e-05	0.026595131053894792	True	True						False	False	True	LNPEP
300	ENSG00000008869	1	frontal_cortex_ba9	M007	1.086522593741805e-05	1.313878696387039	1.313878696387039	1	1	0	0	abundance_only	0.0011325036881492312	0.18844548400485497	frontal_cortex_ba9	M007	cellular localization, intercellular transport, intracellular transport	1.5213459349526246	1.2233399790742716	1.891946223770357	1.313878696387039	1.086522593741805e-05	0.026595131053894792	True	True						False	False	True	HEATR5B
301	ENSG00000176407	1	frontal_cortex_ba9	M007	1.086522593741805e-05	1.313878696387039	1.313878696387039	1	1	0	0	abundance_only	0.0011325036881492312	0.18181124184911648	frontal_cortex_ba9	M007	cellular localization, intercellular transport, intracellular transport	1.5213459349526246	1.2233399790742716	1.891946223770357	1.313878696387039	1.086522593741805e-05	0.026595131053894792	True	True						False	False	True	KCMF1
302	ENSG00000204217	1	frontal_cortex_ba9	M007	1.086522593741805e-05	1.313878696387039	1.313878696387039	1	1	0	0	abundance_only	0.0011325036881492312	0.1727963950050058	frontal_cortex_ba9	M007	cellular localization, intercellular transport, intracellular transport	1.5213459349526246	1.2233399790742716	1.891946223770357	1.313878696387039	1.086522593741805e-05	0.026595131053894792	True	True						False	False	True	BMPR2
303	ENSG00000061794	1	frontal_cortex_ba9	M007	1.086522593741805e-05	1.313878696387039	1.313878696387039	1	1	0	0	abundance_only	0.0011325036881492312	0.1725641997304472	frontal_cortex_ba9	M007	cellular localization, intercellular transport, intracellular transport	1.5213459349526246	1.2233399790742716	1.891946223770357	1.313878696387039	1.086522593741805e-05	0.026595131053894792	True	True						False	False	True	MRPS35
304	ENSG00000134852	1	frontal_cortex_ba9	M007	1.086522593741805e-05	1.313878696387039	1.313878696387039	1	1	0	0	abundance_only	0.0011325036881492312	0.16998491700463203	frontal_cortex_ba9	M007	cellular localization, intercellular transport, intracellular transport	1.5213459349526246	1.2233399790742716	1.891946223770357	1.313878696387039	1.086522593741805e-05	0.026595131053894792	True	True						False	False	True	CLOCK
305	ENSG00000123545	1	frontal_cortex_ba9	M007	1.086522593741805e-05	1.313878696387039	1.313878696387039	1	1	0	0	abundance_only	0.0011325036881492312	0.16735229018424505	frontal_cortex_ba9	M007	cellular localization, intercellular transport, intracellular transport	1.5213459349526246	1.2233399790742716	1.891946223770357	1.313878696387039	1.086522593741805e-05	0.026595131053894792	True	True						False	False	True	NDUFAF4
306	ENSG00000196428	1	frontal_cortex_ba9	M007	1.086522593741805e-05	1.313878696387039	1.313878696387039	1	1	0	0	abundance_only	0.0011325036881492312	0.163266180930038	frontal_cortex_ba9	M007	cellular localization, intercellular transport, intracellular transport	1.5213459349526246	1.2233399790742716	1.891946223770357	1.313878696387039	1.086522593741805e-05	0.026595131053894792	True	True						False	False	True	TSC22D2
307	ENSG00000154582	1	frontal_cortex_ba9	M007	1.086522593741805e-05	1.313878696387039	1.313878696387039	1	1	0	0	abundance_only	0.0011325036881492312	0.16190345126263866	frontal_cortex_ba9	M007	cellular localization, intercellular transport, intracellular transport	1.5213459349526246	1.2233399790742716	1.891946223770357	1.313878696387039	1.086522593741805e-05	0.026595131053894792	True	True						False	False	True	ELOC
308	ENSG00000163577	1	frontal_cortex_ba9	M007	1.086522593741805e-05	1.313878696387039	1.313878696387039	1	1	0	0	abundance_only	0.0011325036881492312	0.15873739201524634	frontal_cortex_ba9	M007	cellular localization, intercellular transport, intracellular transport	1.5213459349526246	1.2233399790742716	1.891946223770357	1.313878696387039	1.086522593741805e-05	0.026595131053894792	True	True						False	False	True	EIF5A2
309	ENSG00000173320	1	frontal_cortex_ba9	M007	1.086522593741805e-05	1.313878696387039	1.313878696387039	1	1	0	0	abundance_only	0.0011325036881492312	0.1578204534148046	frontal_cortex_ba9	M007	cellular localization, intercellular transport, intracellular transport	1.5213459349526246	1.2233399790742716	1.891946223770357	1.313878696387039	1.086522593741805e-05	0.026595131053894792	True	True						False	False	True	STOX2
310	ENSG00000148154	1	frontal_cortex_ba9	M007	1.086522593741805e-05	1.313878696387039	1.313878696387039	1	1	0	0	abundance_only	0.0011325036881492312	0.15122301798358334	frontal_cortex_ba9	M007	cellular localization, intercellular transport, intracellular transport	1.5213459349526246	1.2233399790742716	1.891946223770357	1.313878696387039	1.086522593741805e-05	0.026595131053894792	True	True						False	False	True	UGCG
311	ENSG00000205060	1	frontal_cortex_ba9	M007	1.086522593741805e-05	1.313878696387039	1.313878696387039	1	1	0	0	abundance_only	0.0011325036881492312	0.1430425649158461	frontal_cortex_ba9	M007	cellular localization, intercellular transport, intracellular transport	1.5213459349526246	1.2233399790742716	1.891946223770357	1.313878696387039	1.086522593741805e-05	0.026595131053894792	True	True						False	False	True	SLC35B4
312	ENSG00000180957	1	frontal_cortex_ba9	M007	1.086522593741805e-05	1.313878696387039	1.313878696387039	1	1	0	0	abundance_only	0.0011325036881492312	0.14271998107957393	frontal_cortex_ba9	M007	cellular localization, intercellular transport, intracellular transport	1.5213459349526246	1.2233399790742716	1.891946223770357	1.313878696387039	1.086522593741805e-05	0.026595131053894792	True	True						False	False	True	PITPNB
313	ENSG00000138768	1	frontal_cortex_ba9	M007	1.086522593741805e-05	1.313878696387039	1.313878696387039	1	1	0	0	abundance_only	0.0011325036881492312	0.14032370289346424	frontal_cortex_ba9	M007	cellular localization, intercellular transport, intracellular transport	1.5213459349526246	1.2233399790742716	1.891946223770357	1.313878696387039	1.086522593741805e-05	0.026595131053894792	True	True						False	False	True	USO1
314	ENSG00000100744	1	frontal_cortex_ba9	M007	1.086522593741805e-05	1.313878696387039	1.313878696387039	1	1	0	0	abundance_only	0.0011325036881492312	0.13602642815517765	frontal_cortex_ba9	M007	cellular localization, intercellular transport, intracellular transport	1.5213459349526246	1.2233399790742716	1.891946223770357	1.313878696387039	1.086522593741805e-05	0.026595131053894792	True	True						False	False	True	GSKIP
315	ENSG00000138069	1	frontal_cortex_ba9	M007	1.086522593741805e-05	1.313878696387039	1.313878696387039	1	1	0	0	abundance_only	0.0011325036881492312	0.13552367512910946	frontal_cortex_ba9	M007	cellular localization, intercellular transport, intracellular transport	1.5213459349526246	1.2233399790742716	1.891946223770357	1.313878696387039	1.086522593741805e-05	0.026595131053894792	True	True						False	False	True	RAB1A
316	ENSG00000134375	1	frontal_cortex_ba9	M007	1.086522593741805e-05	1.313878696387039	1.313878696387039	1	1	0	0	abundance_only	0.0011325036881492312	0.134735181905499	frontal_cortex_ba9	M007	cellular localization, intercellular transport, intracellular transport	1.5213459349526246	1.2233399790742716	1.891946223770357	1.313878696387039	1.086522593741805e-05	0.026595131053894792	True	True						False	False	True	TIMM17A
317	ENSG00000133606	1	frontal_cortex_ba9	M007	1.086522593741805e-05	1.313878696387039	1.313878696387039	1	1	0	0	abundance_only	0.0011325036881492312	0.13243838063967542	frontal_cortex_ba9	M007	cellular localization, intercellular transport, intracellular transport	1.5213459349526246	1.2233399790742716	1.891946223770357	1.313878696387039	1.086522593741805e-05	0.026595131053894792	True	True						False	False	True	MKRN1
318	ENSG00000185272	1	frontal_cortex_ba9	M007	1.086522593741805e-05	1.313878696387039	1.313878696387039	1	1	0	0	abundance_only	0.0011325036881492312	0.13172045656211412	frontal_cortex_ba9	M007	cellular localization, intercellular transport, intracellular transport	1.5213459349526246	1.2233399790742716	1.891946223770357	1.313878696387039	1.086522593741805e-05	0.026595131053894792	True	True						False	False	True	RBM11
319	ENSG00000138246	1	frontal_cortex_ba9	M007	1.086522593741805e-05	1.313878696387039	1.313878696387039	1	1	0	0	abundance_only	0.0011325036881492312	0.12450874688574363	frontal_cortex_ba9	M007	cellular localization, intercellular transport, intracellular transport	1.5213459349526246	1.2233399790742716	1.891946223770357	1.313878696387039	1.086522593741805e-05	0.026595131053894792	True	True						False	False	True	DNAJC13
320	ENSG00000086065	1	frontal_cortex_ba9	M007	1.086522593741805e-05	1.313878696387039	1.313878696387039	1	1	0	0	abundance_only	0.0011325036881492312	0.117442575406506	frontal_cortex_ba9	M007	cellular localization, intercellular transport, intracellular transport	1.5213459349526246	1.2233399790742716	1.891946223770357	1.313878696387039	1.086522593741805e-05	0.026595131053894792	True	True						False	False	True	CHMP5
321	ENSG00000139163	1	frontal_cortex_ba9	M007	1.086522593741805e-05	1.313878696387039	1.313878696387039	1	1	0	0	abundance_only	0.0011325036881492312	0.11740763004214735	frontal_cortex_ba9	M007	cellular localization, intercellular transport, intracellular transport	1.5213459349526246	1.2233399790742716	1.891946223770357	1.313878696387039	1.086522593741805e-05	0.026595131053894792	True	True						False	False	True	ETNK1
322	ENSG00000125249	1	frontal_cortex_ba9	M007	1.086522593741805e-05	1.313878696387039	1.313878696387039	1	1	0	0	abundance_only	0.0011325036881492312	0.11612619364273222	frontal_cortex_ba9	M007	cellular localization, intercellular transport, intracellular transport	1.5213459349526246	1.2233399790742716	1.891946223770357	1.313878696387039	1.086522593741805e-05	0.026595131053894792	True	True						False	False	True	RAP2A
323	ENSG00000146151	1	frontal_cortex_ba9	M007	1.086522593741805e-05	1.313878696387039	1.313878696387039	1	1	0	0	abundance_only	0.0011325036881492312	0.11604409727985941	frontal_cortex_ba9	M007	cellular localization, intercellular transport, intracellular transport	1.5213459349526246	1.2233399790742716	1.891946223770357	1.313878696387039	1.086522593741805e-05	0.026595131053894792	True	True						False	False	True	HMGCLL1
324	ENSG00000164187	1	frontal_cortex_ba9	M007	1.086522593741805e-05	1.313878696387039	1.313878696387039	1	1	0	0	abundance_only	0.0011325036881492312	0.1155404071405124	frontal_cortex_ba9	M007	cellular localization, intercellular transport, intracellular transport	1.5213459349526246	1.2233399790742716	1.891946223770357	1.313878696387039	1.086522593741805e-05	0.026595131053894792	True	True						False	False	True	LMBRD2
325	ENSG00000131507	1	frontal_cortex_ba9	M007	1.086522593741805e-05	1.313878696387039	1.313878696387039	1	1	0	0	abundance_only	0.0011325036881492312	0.11502997608072288	frontal_cortex_ba9	M007	cellular localization, intercellular transport, intracellular transport	1.5213459349526246	1.2233399790742716	1.891946223770357	1.313878696387039	1.086522593741805e-05	0.026595131053894792	True	True						False	False	True	NDFIP1
326	ENSG00000183783	1	frontal_cortex_ba9	M007	1.086522593741805e-05	1.313878696387039	1.313878696387039	1	1	0	0	abundance_only	0.0011325036881492312	0.1112447695241425	frontal_cortex_ba9	M007	cellular localization, intercellular transport, intracellular transport	1.5213459349526246	1.2233399790742716	1.891946223770357	1.313878696387039	1.086522593741805e-05	0.026595131053894792	True	True						False	False	True	KCTD8
327	ENSG00000151131	1	frontal_cortex_ba9	M007	1.086522593741805e-05	1.313878696387039	1.313878696387039	1	1	0	0	abundance_only	0.0011325036881492312	0.10113192531701133	frontal_cortex_ba9	M007	cellular localization, intercellular transport, intracellular transport	1.5213459349526246	1.2233399790742716	1.891946223770357	1.313878696387039	1.086522593741805e-05	0.026595131053894792	True	True						False	False	True	NOPCHAP1
328	ENSG00000222011	1	frontal_cortex_ba9	M007	1.086522593741805e-05	1.313878696387039	1.313878696387039	1	1	0	0	abundance_only	0.0011325036881492312	0.09960759896848351	frontal_cortex_ba9	M007	cellular localization, intercellular transport, intracellular transport	1.5213459349526246	1.2233399790742716	1.891946223770357	1.313878696387039	1.086522593741805e-05	0.026595131053894792	True	True						False	False	True	FAM185A
329	ENSG00000103353	1	frontal_cortex_ba9	M007	1.086522593741805e-05	1.313878696387039	1.313878696387039	1	1	0	0	abundance_only	0.0011325036881492312	0.09943556636255674	frontal_cortex_ba9	M007	cellular localization, intercellular transport, intracellular transport	1.5213459349526246	1.2233399790742716	1.891946223770357	1.313878696387039	1.086522593741805e-05	0.026595131053894792	True	True						False	False	True	UBFD1
330	ENSG00000183735	1	frontal_cortex_ba9	M007	1.086522593741805e-05	1.313878696387039	1.313878696387039	1	1	0	0	abundance_only	0.0011325036881492312	0.09040826974080408	frontal_cortex_ba9	M007	cellular localization, intercellular transport, intracellular transport	1.5213459349526246	1.2233399790742716	1.891946223770357	1.313878696387039	1.086522593741805e-05	0.026595131053894792	True	True						False	False	True	TBK1
331	ENSG00000072401	1	frontal_cortex_ba9	M007	1.086522593741805e-05	1.313878696387039	1.313878696387039	1	1	0	0	abundance_only	0.0011325036881492312	0.08485868939943217	frontal_cortex_ba9	M007	cellular localization, intercellular transport, intracellular transport	1.5213459349526246	1.2233399790742716	1.891946223770357	1.313878696387039	1.086522593741805e-05	0.026595131053894792	True	True						False	False	True	UBE2D1
332	ENSG00000139726	1	frontal_cortex_ba9	M007	1.086522593741805e-05	1.313878696387039	1.313878696387039	1	1	0	0	abundance_only	0.0011325036881492312	0.07716071929216252	frontal_cortex_ba9	M007	cellular localization, intercellular transport, intracellular transport	1.5213459349526246	1.2233399790742716	1.891946223770357	1.313878696387039	1.086522593741805e-05	0.026595131053894792	True	True						False	False	True	DENR
333	ENSG00000154548	1	frontal_cortex_ba9	M007	1.086522593741805e-05	1.313878696387039	1.313878696387039	1	1	0	0	abundance_only	0.0011325036881492312	0.07687074661328802	frontal_cortex_ba9	M007	cellular localization, intercellular transport, intracellular transport	1.5213459349526246	1.2233399790742716	1.891946223770357	1.313878696387039	1.086522593741805e-05	0.026595131053894792	True	True						False	False	True	SRSF12
334	ENSG00000186687	1	frontal_cortex_ba9	M007	1.086522593741805e-05	1.313878696387039	1.313878696387039	1	1	0	0	abundance_only	0.0011325036881492312	0.07274843414970471	frontal_cortex_ba9	M007	cellular localization, intercellular transport, intracellular transport	1.5213459349526246	1.2233399790742716	1.891946223770357	1.313878696387039	1.086522593741805e-05	0.026595131053894792	True	True						False	False	True	LYRM7
335	ENSG00000109133	1	frontal_cortex_ba9	M007	1.086522593741805e-05	1.313878696387039	1.313878696387039	1	1	0	0	abundance_only	0.0011325036881492312	0.07002732094971253	frontal_cortex_ba9	M007	cellular localization, intercellular transport, intracellular transport	1.5213459349526246	1.2233399790742716	1.891946223770357	1.313878696387039	1.086522593741805e-05	0.026595131053894792	True	True						False	False	True	TMEM33
336	ENSG00000078140	1	frontal_cortex_ba9	M007	1.086522593741805e-05	1.313878696387039	1.313878696387039	1	1	0	0	abundance_only	0.0011325036881492312	0.06958190591769864	frontal_cortex_ba9	M007	cellular localization, intercellular transport, intracellular transport	1.5213459349526246	1.2233399790742716	1.891946223770357	1.313878696387039	1.086522593741805e-05	0.026595131053894792	True	True						False	False	True	UBE2K
337	ENSG00000135070	1	frontal_cortex_ba9	M007	1.086522593741805e-05	1.313878696387039	1.313878696387039	1	1	0	0	abundance_only	0.0011325036881492312	0.0661997323858522	frontal_cortex_ba9	M007	cellular localization, intercellular transport, intracellular transport	1.5213459349526246	1.2233399790742716	1.891946223770357	1.313878696387039	1.086522593741805e-05	0.026595131053894792	True	True						False	False	True	ISCA1
338	ENSG00000137876	1	frontal_cortex_ba9	M007	1.086522593741805e-05	1.313878696387039	1.313878696387039	1	1	0	0	abundance_only	0.0011325036881492312	0.06410538761435754	frontal_cortex_ba9	M007	cellular localization, intercellular transport, intracellular transport	1.5213459349526246	1.2233399790742716	1.891946223770357	1.313878696387039	1.086522593741805e-05	0.026595131053894792	True	True						False	False	True	RSL24D1
339	ENSG00000145743	1	frontal_cortex_ba9	M007	1.086522593741805e-05	1.313878696387039	1.313878696387039	1	1	0	0	abundance_only	0.0011325036881492312	0.06379585674600956	frontal_cortex_ba9	M007	cellular localization, intercellular transport, intracellular transport	1.5213459349526246	1.2233399790742716	1.891946223770357	1.313878696387039	1.086522593741805e-05	0.026595131053894792	True	True						False	False	True	FBXL17
340	ENSG00000089123	1	frontal_cortex_ba9	M007	1.086522593741805e-05	1.313878696387039	1.313878696387039	1	1	0	0	abundance_only	0.0011325036881492312	0.060511753284555304	frontal_cortex_ba9	M007	cellular localization, intercellular transport, intracellular transport	1.5213459349526246	1.2233399790742716	1.891946223770357	1.313878696387039	1.086522593741805e-05	0.026595131053894792	True	True						False	False	True	TASP1
341	ENSG00000138686	1	frontal_cortex_ba9	M007	1.086522593741805e-05	1.313878696387039	1.313878696387039	1	1	0	0	abundance_only	0.0011325036881492312	0.05838731204282314	frontal_cortex_ba9	M007	cellular localization, intercellular transport, intracellular transport	1.5213459349526246	1.2233399790742716	1.891946223770357	1.313878696387039	1.086522593741805e-05	0.026595131053894792	True	True						False	False	True	BBS7
342	ENSG00000119862	1	frontal_cortex_ba9	M007	1.086522593741805e-05	1.313878696387039	1.313878696387039	1	1	0	0	abundance_only	0.0011325036881492312	0.0570254898776691	frontal_cortex_ba9	M007	cellular localization, intercellular transport, intracellular transport	1.5213459349526246	1.2233399790742716	1.891946223770357	1.313878696387039	1.086522593741805e-05	0.026595131053894792	True	True						False	False	True	LGALSL
343	ENSG00000186416	1	frontal_cortex_ba9	M007	1.086522593741805e-05	1.313878696387039	1.313878696387039	1	1	0	0	abundance_only	0.0011325036881492312	0.05521634222912945	frontal_cortex_ba9	M007	cellular localization, intercellular transport, intracellular transport	1.5213459349526246	1.2233399790742716	1.891946223770357	1.313878696387039	1.086522593741805e-05	0.026595131053894792	True	True						False	False	True	NKRF
344	ENSG00000148153	1	frontal_cortex_ba9	M007	1.086522593741805e-05	1.313878696387039	1.313878696387039	1	1	0	0	abundance_only	0.0011325036881492312	0.05330992004974895	frontal_cortex_ba9	M007	cellular localization, intercellular transport, intracellular transport	1.5213459349526246	1.2233399790742716	1.891946223770357	1.313878696387039	1.086522593741805e-05	0.026595131053894792	True	True						False	False	True	INIP
345	ENSG00000102931	1	frontal_cortex_ba9	M007	1.086522593741805e-05	1.313878696387039	1.313878696387039	1	1	0	0	abundance_only	0.0011325036881492312	0.04353627083784854	frontal_cortex_ba9	M007	cellular localization, intercellular transport, intracellular transport	1.5213459349526246	1.2233399790742716	1.891946223770357	1.313878696387039	1.086522593741805e-05	0.026595131053894792	True	True						False	False	True	ARL2BP
346	ENSG00000136100	1	frontal_cortex_ba9	M007	1.086522593741805e-05	1.313878696387039	1.313878696387039	1	1	0	0	abundance_only	0.0011325036881492312	0.04172637074809844	frontal_cortex_ba9	M007	cellular localization, intercellular transport, intracellular transport	1.5213459349526246	1.2233399790742716	1.891946223770357	1.313878696387039	1.086522593741805e-05	0.026595131053894792	True	True						False	False	True	VPS36
347	ENSG00000065548	1	frontal_cortex_ba9	M007	1.086522593741805e-05	1.313878696387039	1.313878696387039	1	1	0	0	abundance_only	0.0011325036881492312	0.04089469824652417	frontal_cortex_ba9	M007	cellular localization, intercellular transport, intracellular transport	1.5213459349526246	1.2233399790742716	1.891946223770357	1.313878696387039	1.086522593741805e-05	0.026595131053894792	True	True						False	False	True	ZC3H15
348	ENSG00000145354	1	frontal_cortex_ba9	M007	1.086522593741805e-05	1.313878696387039	1.313878696387039	1	1	0	0	abundance_only	0.0011325036881492312	0.039729005621783144	frontal_cortex_ba9	M007	cellular localization, intercellular transport, intracellular transport	1.5213459349526246	1.2233399790742716	1.891946223770357	1.313878696387039	1.086522593741805e-05	0.026595131053894792	True	True						False	False	True	CISD2
349	ENSG00000232119	1	frontal_cortex_ba9	M007	1.086522593741805e-05	1.313878696387039	1.313878696387039	1	1	0	0	abundance_only	0.0011325036881492312	0.03909827308225262	frontal_cortex_ba9	M007	cellular localization, intercellular transport, intracellular transport	1.5213459349526246	1.2233399790742716	1.891946223770357	1.313878696387039	1.086522593741805e-05	0.026595131053894792	True	True						False	False	True	MCTS1
350	ENSG00000138138	1	frontal_cortex_ba9	M007	1.086522593741805e-05	1.313878696387039	1.313878696387039	1	1	0	0	abundance_only	0.0011325036881492312	0.038195283232503104	frontal_cortex_ba9	M007	cellular localization, intercellular transport, intracellular transport	1.5213459349526246	1.2233399790742716	1.891946223770357	1.313878696387039	1.086522593741805e-05	0.026595131053894792	True	True						False	False	True	ATAD1
351	ENSG00000185716	1	frontal_cortex_ba9	M007	1.086522593741805e-05	1.313878696387039	1.313878696387039	1	1	0	0	abundance_only	0.0011325036881492312	0.03181559857248477	frontal_cortex_ba9	M007	cellular localization, intercellular transport, intracellular transport	1.5213459349526246	1.2233399790742716	1.891946223770357	1.313878696387039	1.086522593741805e-05	0.026595131053894792	True	True						False	False	True	MOSMO
352	ENSG00000140718	1	frontal_cortex_ba9	M007	1.086522593741805e-05	1.313878696387039	1.313878696387039	1	1	0	0	abundance_only	0.0011325036881492312	0.030658073717402076	frontal_cortex_ba9	M007	cellular localization, intercellular transport, intracellular transport	1.5213459349526246	1.2233399790742716	1.891946223770357	1.313878696387039	1.086522593741805e-05	0.026595131053894792	True	True						False	False	True	FTO
353	ENSG00000108100	1	frontal_cortex_ba9	M007	1.086522593741805e-05	1.313878696387039	1.313878696387039	1	1	0	0	abundance_only	0.0011325036881492312	0.027475291055292905	frontal_cortex_ba9	M007	cellular localization, intercellular transport, intracellular transport	1.5213459349526246	1.2233399790742716	1.891946223770357	1.313878696387039	1.086522593741805e-05	0.026595131053894792	True	True						False	False	True	CCNY
354	ENSG00000148481	1	frontal_cortex_ba9	M007	1.086522593741805e-05	1.313878696387039	1.313878696387039	1	1	0	0	abundance_only	0.0011325036881492312	0.02184817209664211	frontal_cortex_ba9	M007	cellular localization, intercellular transport, intracellular transport	1.5213459349526246	1.2233399790742716	1.891946223770357	1.313878696387039	1.086522593741805e-05	0.026595131053894792	True	True						False	False	True	MINDY3
355	ENSG00000174842	1	frontal_cortex_ba9	M007	1.086522593741805e-05	1.313878696387039	1.313878696387039	1	1	0	0	abundance_only	0.0011325036881492312	0.014846560893154634	frontal_cortex_ba9	M007	cellular localization, intercellular transport, intracellular transport	1.5213459349526246	1.2233399790742716	1.891946223770357	1.313878696387039	1.086522593741805e-05	0.026595131053894792	True	True						False	False	True	GLMN
356	ENSG00000185515	1	frontal_cortex_ba9	M007	1.086522593741805e-05	1.313878696387039	1.313878696387039	1	1	0	0	abundance_only	0.0011325036881492312	0.014073018392261594	frontal_cortex_ba9	M007	cellular localization, intercellular transport, intracellular transport	1.5213459349526246	1.2233399790742716	1.891946223770357	1.313878696387039	1.086522593741805e-05	0.026595131053894792	True	True						False	False	True	BRCC3
357	ENSG00000175893	1	frontal_cortex_ba9	M007	1.086522593741805e-05	1.313878696387039	1.313878696387039	1	1	0	0	abundance_only	0.0011325036881492312	0.013284423851904337	frontal_cortex_ba9	M007	cellular localization, intercellular transport, intracellular transport	1.5213459349526246	1.2233399790742716	1.891946223770357	1.313878696387039	1.086522593741805e-05	0.026595131053894792	True	True						False	False	True	ZDHHC21
358	ENSG00000115310	1	frontal_cortex_ba9	M007	1.086522593741805e-05	1.313878696387039	1.313878696387039	1	1	0	0	abundance_only	0.0011325036881492312	0.012125454220860005	frontal_cortex_ba9	M007	cellular localization, intercellular transport, intracellular transport	1.5213459349526246	1.2233399790742716	1.891946223770357	1.313878696387039	1.086522593741805e-05	0.026595131053894792	True	True						False	False	True	RTN4
359	ENSG00000130559	1	frontal_cortex_ba9	M007	1.086522593741805e-05	1.313878696387039	1.313878696387039	1	1	0	0	abundance_only	0.0011325036881492312	0.009810679423817763	frontal_cortex_ba9	M007	cellular localization, intercellular transport, intracellular transport	1.5213459349526246	1.2233399790742716	1.891946223770357	1.313878696387039	1.086522593741805e-05	0.026595131053894792	True	True						False	False	True	CAMSAP1
360	ENSG00000103769	1	frontal_cortex_ba9	M007	1.086522593741805e-05	1.313878696387039	1.313878696387039	1	1	0	0	abundance_only	0.0011325036881492312	0.003964396680346591	frontal_cortex_ba9	M007	cellular localization, intercellular transport, intracellular transport	1.5213459349526246	1.2233399790742716	1.891946223770357	1.313878696387039	1.086522593741805e-05	0.026595131053894792	True	True						False	False	True	RAB11A
361	ENSG00000083720	1	frontal_cortex_ba9	M007	1.086522593741805e-05	1.313878696387039	1.313878696387039	1	1	0	0	abundance_only	0.0011325036881492312	0.0021657569028993447	frontal_cortex_ba9	M007	cellular localization, intercellular transport, intracellular transport	1.5213459349526246	1.2233399790742716	1.891946223770357	1.313878696387039	1.086522593741805e-05	0.026595131053894792	True	True						False	False	True	OXCT1
362	ENSG00000126247	2	caudate_basal_ganglia,frontal_cortex_ba9	M005,M006	0.006381630414822287	1.257035801594736	1.2305081131738553	2	1	0	2	coupled,discordant	0.002276591476224696	0.7611359469429416	caudate_basal_ganglia	M006	phospholipase C-activating G protein-coupled receptor signaling pathway, sensory perception, presynaptic modulation of chemical synaptic transmission	1.5840764572417025	1.1967866419764697	2.096696382108148	1.257035801594736	0.008434811039673994	0.08274024212428001	True	True						False	False	True	CAPNS1
363	ENSG00000178105	2	caudate_basal_ganglia,frontal_cortex_ba9	M005,M006	0.006381630414822287	1.257035801594736	1.2305081131738553	2	1	0	1	abundance_only,coupled	0.002276591476224696	0.5374594249292877	caudate_basal_ganglia	M006	phospholipase C-activating G protein-coupled receptor signaling pathway, sensory perception, presynaptic modulation of chemical synaptic transmission	1.5840764572417025	1.1967866419764697	2.096696382108148	1.257035801594736	0.008434811039673994	0.08274024212428001	True	True						False	False	True	DDX10
364	ENSG00000117069	2	caudate_basal_ganglia,cortex	M004,M006	0.008434811039673994	1.3310392139506064	1.2940375077726713	2	1	1	2	coupled	0.02055431081148635	0.7782438474610924	caudate_basal_ganglia	M006	phospholipase C-activating G protein-coupled receptor signaling pathway, sensory perception, presynaptic modulation of chemical synaptic transmission	1.5840764572417025	1.1967866419764697	2.096696382108148	1.257035801594736	0.008434811039673994	0.08274024212428001	True	True						False	False	True	ST6GALNAC5
365	ENSG00000117410	2	cortex,frontal_cortex_ba9	M004,M005	0.006381630414822287	1.3310392139506064	1.2675098193517904	2	2	1	2	coupled	0.002276591476224696	0.8097540733543926	cortex	M004		1.4770647589954757	1.0408749752902962	2.096044533742287	1.3310392139506064	0.021190606079021894	0.34714269908263756	True	True						False	False	True	ATP6V0B
366	ENSG00000189043	2	cortex,frontal_cortex_ba9	M004,M005	0.006381630414822287	1.3310392139506064	1.2675098193517904	2	2	1	2	coupled	0.002276591476224696	0.6728428735569827	cortex	M004		1.4770647589954757	1.0408749752902962	2.096044533742287	1.3310392139506064	0.021190606079021894	0.34714269908263756	True	True						False	False	True	NDUFA4
367	ENSG00000131174	2	cortex,frontal_cortex_ba9	M004,M005	0.006381630414822287	1.3310392139506064	1.2675098193517904	2	2	1	2	coupled	0.002276591476224696	0.6717498544251052	cortex	M004		1.4770647589954757	1.0408749752902962	2.096044533742287	1.3310392139506064	0.021190606079021894	0.34714269908263756	True	True						False	False	True	COX7B
368	ENSG00000168090	2	cortex,frontal_cortex_ba9	M004,M005	0.006381630414822287	1.3310392139506064	1.2675098193517904	2	2	1	2	coupled	0.002276591476224696	0.6187202830457126	cortex	M004		1.4770647589954757	1.0408749752902962	2.096044533742287	1.3310392139506064	0.021190606079021894	0.34714269908263756	True	True						False	False	True	COPS6
369	ENSG00000139180	2	cortex,frontal_cortex_ba9	M004,M005	0.006381630414822287	1.3310392139506064	1.2675098193517904	2	2	1	2	coupled	0.002276591476224696	0.5313051718322903	cortex	M004		1.4770647589954757	1.0408749752902962	2.096044533742287	1.3310392139506064	0.021190606079021894	0.34714269908263756	True	True						False	False	True	NDUFA9
370	ENSG00000105197	2	cortex,frontal_cortex_ba9	M004,M005	0.006381630414822287	1.3310392139506064	1.2675098193517904	2	2	1	2	coupled	0.002276591476224696	0.4956659894088845	cortex	M004		1.4770647589954757	1.0408749752902962	2.096044533742287	1.3310392139506064	0.021190606079021894	0.34714269908263756	True	True						False	False	True	TIMM50
371	ENSG00000104886	2	cortex,frontal_cortex_ba9	M004,M005	0.006381630414822287	1.3310392139506064	1.2675098193517904	2	2	1	1	abundance_only,discordant	0.002276591476224696	0.24033520231295405	cortex	M004		1.4770647589954757	1.0408749752902962	2.096044533742287	1.3310392139506064	0.021190606079021894	0.34714269908263756	True	True						False	False	True	PLEKHJ1
372	ENSG00000147604	1	cortex	M004	0.021190606079021894	1.3310392139506064	1.3310392139506064	1	1	1	1	discordant	0.02055431081148635	0.8641482320900657	cortex	M004		1.4770647589954757	1.0408749752902962	2.096044533742287	1.3310392139506064	0.021190606079021894	0.34714269908263756	True	True						False	False	True	RPL7
373	ENSG00000138771	1	cortex	M004	0.021190606079021894	1.3310392139506064	1.3310392139506064	1	1	1	1	coupled	0.02055431081148635	0.8274262779930196	cortex	M004		1.4770647589954757	1.0408749752902962	2.096044533742287	1.3310392139506064	0.021190606079021894	0.34714269908263756	True	True						False	False	True	SHROOM3
374	ENSG00000203485	1	cortex	M004	0.021190606079021894	1.3310392139506064	1.3310392139506064	1	1	1	1	coupled	0.02055431081148635	0.8042936445883981	cortex	M004		1.4770647589954757	1.0408749752902962	2.096044533742287	1.3310392139506064	0.021190606079021894	0.34714269908263756	True	True						False	False	True	INF2
375	ENSG00000163812	1	cortex	M004	0.021190606079021894	1.3310392139506064	1.3310392139506064	1	1	1	1	coupled	0.02055431081148635	0.7622577859127637	cortex	M004		1.4770647589954757	1.0408749752902962	2.096044533742287	1.3310392139506064	0.021190606079021894	0.34714269908263756	True	True						False	False	True	ZDHHC3
376	ENSG00000130638	1	cortex	M004	0.021190606079021894	1.3310392139506064	1.3310392139506064	1	1	1	1	coupled	0.02055431081148635	0.7544074456787367	cortex	M004		1.4770647589954757	1.0408749752902962	2.096044533742287	1.3310392139506064	0.021190606079021894	0.34714269908263756	True	True						False	False	True	ATXN10
377	ENSG00000070961	1	cortex	M004	0.021190606079021894	1.3310392139506064	1.3310392139506064	1	1	1	1	coupled	0.02055431081148635	0.7532607308567703	cortex	M004		1.4770647589954757	1.0408749752902962	2.096044533742287	1.3310392139506064	0.021190606079021894	0.34714269908263756	True	True						False	False	True	ATP2B1
378	ENSG00000104964	1	cortex	M004	0.021190606079021894	1.3310392139506064	1.3310392139506064	1	1	1	1	coupled	0.02055431081148635	0.7342383888165577	cortex	M004		1.4770647589954757	1.0408749752902962	2.096044533742287	1.3310392139506064	0.021190606079021894	0.34714269908263756	True	True						False	False	True	TLE5
379	ENSG00000090372	1	cortex	M004	0.021190606079021894	1.3310392139506064	1.3310392139506064	1	1	1	1	coupled	0.02055431081148635	0.7315796805881807	cortex	M004		1.4770647589954757	1.0408749752902962	2.096044533742287	1.3310392139506064	0.021190606079021894	0.34714269908263756	True	True						False	False	True	STRN4
380	ENSG00000110696	1	cortex	M004	0.021190606079021894	1.3310392139506064	1.3310392139506064	1	1	1	1	discordant	0.02055431081148635	0.7231265278439067	cortex	M004		1.4770647589954757	1.0408749752902962	2.096044533742287	1.3310392139506064	0.021190606079021894	0.34714269908263756	True	True						False	False	True	C11orf58
381	ENSG00000137055	1	cortex	M004	0.021190606079021894	1.3310392139506064	1.3310392139506064	1	1	1	1	coupled	0.02055431081148635	0.716737014605206	cortex	M004		1.4770647589954757	1.0408749752902962	2.096044533742287	1.3310392139506064	0.021190606079021894	0.34714269908263756	True	True						False	False	True	PLAA
382	ENSG00000081791	1	cortex	M004	0.021190606079021894	1.3310392139506064	1.3310392139506064	1	1	1	1	coupled	0.02055431081148635	0.7163318199931002	cortex	M004		1.4770647589954757	1.0408749752902962	2.096044533742287	1.3310392139506064	0.021190606079021894	0.34714269908263756	True	True						False	False	True	DELE1
383	ENSG00000170485	1	cortex	M004	0.021190606079021894	1.3310392139506064	1.3310392139506064	1	1	1	1	coupled	0.02055431081148635	0.7140727682068359	cortex	M004		1.4770647589954757	1.0408749752902962	2.096044533742287	1.3310392139506064	0.021190606079021894	0.34714269908263756	True	True						False	False	True	NPAS2
384	ENSG00000205758	1	cortex	M004	0.021190606079021894	1.3310392139506064	1.3310392139506064	1	1	1	1	coupled	0.02055431081148635	0.7026247587424661	cortex	M004		1.4770647589954757	1.0408749752902962	2.096044533742287	1.3310392139506064	0.021190606079021894	0.34714269908263756	True	True						False	False	True	CRYZL1
385	ENSG00000111011	1	cortex	M004	0.021190606079021894	1.3310392139506064	1.3310392139506064	1	1	1	1	coupled	0.02055431081148635	0.7018687346966955	cortex	M004		1.4770647589954757	1.0408749752902962	2.096044533742287	1.3310392139506064	0.021190606079021894	0.34714269908263756	True	True						False	False	True	RSRC2
386	ENSG00000099899	1	cortex	M004	0.021190606079021894	1.3310392139506064	1.3310392139506064	1	1	1	1	coupled	0.02055431081148635	0.682157170424057	cortex	M004		1.4770647589954757	1.0408749752902962	2.096044533742287	1.3310392139506064	0.021190606079021894	0.34714269908263756	True	True						False	False	True	TRMT2A
387	ENSG00000105518	1	cortex	M004	0.021190606079021894	1.3310392139506064	1.3310392139506064	1	1	1	1	coupled	0.02055431081148635	0.679056178360767	cortex	M004		1.4770647589954757	1.0408749752902962	2.096044533742287	1.3310392139506064	0.021190606079021894	0.34714269908263756	True	True						False	False	True	TMEM205
388	ENSG00000265241	1	cortex	M004	0.021190606079021894	1.3310392139506064	1.3310392139506064	1	1	1	1	discordant	0.02055431081148635	0.6661140787518051	cortex	M004		1.4770647589954757	1.0408749752902962	2.096044533742287	1.3310392139506064	0.021190606079021894	0.34714269908263756	True	True						False	False	True	RBM8A
389	ENSG00000165637	1	cortex	M004	0.021190606079021894	1.3310392139506064	1.3310392139506064	1	1	1	1	coupled	0.02055431081148635	0.6622494380994555	cortex	M004		1.4770647589954757	1.0408749752902962	2.096044533742287	1.3310392139506064	0.021190606079021894	0.34714269908263756	True	True						False	False	True	VDAC2
390	ENSG00000183172	1	cortex	M004	0.021190606079021894	1.3310392139506064	1.3310392139506064	1	1	1	1	coupled	0.02055431081148635	0.6620793069810298	cortex	M004		1.4770647589954757	1.0408749752902962	2.096044533742287	1.3310392139506064	0.021190606079021894	0.34714269908263756	True	True						False	False	True	SMDT1
391	ENSG00000079459	1	cortex	M004	0.021190606079021894	1.3310392139506064	1.3310392139506064	1	1	1	1	coupled	0.02055431081148635	0.6420806057200619	cortex	M004		1.4770647589954757	1.0408749752902962	2.096044533742287	1.3310392139506064	0.021190606079021894	0.34714269908263756	True	True	PD	eQTL	0.0697671309860269	expression-led (eQTL gene-level)	expression-led	False	True	True	FDFT1
392	ENSG00000184205	1	cortex	M004	0.021190606079021894	1.3310392139506064	1.3310392139506064	1	1	1	1	coupled	0.02055431081148635	0.6390225533230727	cortex	M004		1.4770647589954757	1.0408749752902962	2.096044533742287	1.3310392139506064	0.021190606079021894	0.34714269908263756	True	True						False	False	True	TSPYL2
393	ENSG00000120733	1	cortex	M004	0.021190606079021894	1.3310392139506064	1.3310392139506064	1	1	1	1	discordant	0.02055431081148635	0.6340018960415764	cortex	M004		1.4770647589954757	1.0408749752902962	2.096044533742287	1.3310392139506064	0.021190606079021894	0.34714269908263756	True	True						False	False	True	KDM3B
394	ENSG00000182197	1	cortex	M004	0.021190606079021894	1.3310392139506064	1.3310392139506064	1	1	1	1	coupled	0.02055431081148635	0.6332447413402138	cortex	M004		1.4770647589954757	1.0408749752902962	2.096044533742287	1.3310392139506064	0.021190606079021894	0.34714269908263756	True	True						False	False	True	EXT1
395	ENSG00000113732	1	cortex	M004	0.021190606079021894	1.3310392139506064	1.3310392139506064	1	1	1	1	switch_only	0.02055431081148635	0.6315837970506364	cortex	M004		1.4770647589954757	1.0408749752902962	2.096044533742287	1.3310392139506064	0.021190606079021894	0.34714269908263756	True	True						False	False	True	ATP6V0E1
396	ENSG00000272391	1	cortex	M004	0.021190606079021894	1.3310392139506064	1.3310392139506064	1	1	1	1	coupled	0.02055431081148635	0.616515481841954	cortex	M004		1.4770647589954757	1.0408749752902962	2.096044533742287	1.3310392139506064	0.021190606079021894	0.34714269908263756	True	True						False	False	True	POM121C
397	ENSG00000055163	1	cortex	M004	0.021190606079021894	1.3310392139506064	1.3310392139506064	1	1	1	1	coupled	0.02055431081148635	0.5968180933153948	cortex	M004		1.4770647589954757	1.0408749752902962	2.096044533742287	1.3310392139506064	0.021190606079021894	0.34714269908263756	True	True						False	False	True	CYFIP2
398	ENSG00000102882	1	cortex	M004	0.021190606079021894	1.3310392139506064	1.3310392139506064	1	1	1	1	coupled	0.02055431081148635	0.5916771976263528	cortex	M004		1.4770647589954757	1.0408749752902962	2.096044533742287	1.3310392139506064	0.021190606079021894	0.34714269908263756	True	True						False	False	True	MAPK3
399	ENSG00000105793	1	cortex	M004	0.021190606079021894	1.3310392139506064	1.3310392139506064	1	1	1	1	coupled	0.02055431081148635	0.5874215778379561	cortex	M004		1.4770647589954757	1.0408749752902962	2.096044533742287	1.3310392139506064	0.021190606079021894	0.34714269908263756	True	True						False	False	True	GTPBP10
400	ENSG00000100650	1	cortex	M004	0.021190606079021894	1.3310392139506064	1.3310392139506064	1	1	1	1	coupled	0.02055431081148635	0.5869672177120075	cortex	M004		1.4770647589954757	1.0408749752902962	2.096044533742287	1.3310392139506064	0.021190606079021894	0.34714269908263756	True	True						False	False	True	SRSF5
401	ENSG00000278311	1	cortex	M004	0.021190606079021894	1.3310392139506064	1.3310392139506064	1	1	1	1	coupled	0.02055431081148635	0.5829431194029899	cortex	M004		1.4770647589954757	1.0408749752902962	2.096044533742287	1.3310392139506064	0.021190606079021894	0.34714269908263756	True	True	ALS,SCZ	eQTL,sQTL	0.058233436289969	splicing-led (IsoGraph-resolved switch)	splicing-led	True	True	True	GGNBP2
402	ENSG00000135597	1	cortex	M004	0.021190606079021894	1.3310392139506064	1.3310392139506064	1	1	1	1	coupled	0.02055431081148635	0.578314890816216	cortex	M004		1.4770647589954757	1.0408749752902962	2.096044533742287	1.3310392139506064	0.021190606079021894	0.34714269908263756	True	True						False	False	True	REPS1
403	ENSG00000257103	1	cortex	M004	0.021190606079021894	1.3310392139506064	1.3310392139506064	1	1	1	1	discordant	0.02055431081148635	0.5778333596672154	cortex	M004		1.4770647589954757	1.0408749752902962	2.096044533742287	1.3310392139506064	0.021190606079021894	0.34714269908263756	True	True						False	False	True	LSM14A
404	ENSG00000147439	1	cortex	M004	0.021190606079021894	1.3310392139506064	1.3310392139506064	1	1	1	1	coupled	0.02055431081148635	0.5729317590281676	cortex	M004		1.4770647589954757	1.0408749752902962	2.096044533742287	1.3310392139506064	0.021190606079021894	0.34714269908263756	True	True						False	False	True	BIN3
405	ENSG00000132383	1	cortex	M004	0.021190606079021894	1.3310392139506064	1.3310392139506064	1	1	1	1	coupled	0.02055431081148635	0.5613849932427125	cortex	M004		1.4770647589954757	1.0408749752902962	2.096044533742287	1.3310392139506064	0.021190606079021894	0.34714269908263756	True	True						False	False	True	RPA1
406	ENSG00000108561	1	cortex	M004	0.021190606079021894	1.3310392139506064	1.3310392139506064	1	1	1	1	coupled	0.02055431081148635	0.5595770038563417	cortex	M004		1.4770647589954757	1.0408749752902962	2.096044533742287	1.3310392139506064	0.021190606079021894	0.34714269908263756	True	True						False	False	True	C1QBP
407	ENSG00000181409	1	cortex	M004	0.021190606079021894	1.3310392139506064	1.3310392139506064	1	1	1	1	discordant	0.02055431081148635	0.5574613806294801	cortex	M004		1.4770647589954757	1.0408749752902962	2.096044533742287	1.3310392139506064	0.021190606079021894	0.34714269908263756	True	True						False	False	True	AATK
408	ENSG00000174628	1	cortex	M004	0.021190606079021894	1.3310392139506064	1.3310392139506064	1	1	1	1	discordant	0.02055431081148635	0.5541691209451857	cortex	M004		1.4770647589954757	1.0408749752902962	2.096044533742287	1.3310392139506064	0.021190606079021894	0.34714269908263756	True	True						False	False	True	IQCK
409	ENSG00000198612	1	cortex	M004	0.021190606079021894	1.3310392139506064	1.3310392139506064	1	1	1	1	coupled	0.02055431081148635	0.5507047976467841	cortex	M004		1.4770647589954757	1.0408749752902962	2.096044533742287	1.3310392139506064	0.021190606079021894	0.34714269908263756	True	True						False	False	True	COPS8
410	ENSG00000166710	1	cortex	M004	0.021190606079021894	1.3310392139506064	1.3310392139506064	1	1	1	1	switch_only	0.02055431081148635	0.548019868999698	cortex	M004		1.4770647589954757	1.0408749752902962	2.096044533742287	1.3310392139506064	0.021190606079021894	0.34714269908263756	True	True						False	False	True	B2M
411	ENSG00000124172	1	cortex	M004	0.021190606079021894	1.3310392139506064	1.3310392139506064	1	1	1	1	coupled	0.02055431081148635	0.545712158066849	cortex	M004		1.4770647589954757	1.0408749752902962	2.096044533742287	1.3310392139506064	0.021190606079021894	0.34714269908263756	True	True						False	False	True	ATP5F1E
412	ENSG00000090061	1	cortex	M004	0.021190606079021894	1.3310392139506064	1.3310392139506064	1	1	1	1	discordant	0.02055431081148635	0.5437412082394817	cortex	M004		1.4770647589954757	1.0408749752902962	2.096044533742287	1.3310392139506064	0.021190606079021894	0.34714269908263756	True	True						False	False	True	CCNK
413	ENSG00000112679	1	cortex	M004	0.021190606079021894	1.3310392139506064	1.3310392139506064	1	1	1	1	coupled	0.02055431081148635	0.538779014507088	cortex	M004		1.4770647589954757	1.0408749752902962	2.096044533742287	1.3310392139506064	0.021190606079021894	0.34714269908263756	True	True						False	False	True	DUSP22
414	ENSG00000118454	1	cortex	M004	0.021190606079021894	1.3310392139506064	1.3310392139506064	1	1	1	1	coupled	0.02055431081148635	0.5368593440180128	cortex	M004		1.4770647589954757	1.0408749752902962	2.096044533742287	1.3310392139506064	0.021190606079021894	0.34714269908263756	True	True						False	False	True	ANKRD13C
415	ENSG00000178982	1	cortex	M004	0.021190606079021894	1.3310392139506064	1.3310392139506064	1	1	1	1	coupled	0.02055431081148635	0.5356536309060722	cortex	M004		1.4770647589954757	1.0408749752902962	2.096044533742287	1.3310392139506064	0.021190606079021894	0.34714269908263756	True	True						False	False	True	EIF3K
416	ENSG00000173933	1	cortex	M004	0.021190606079021894	1.3310392139506064	1.3310392139506064	1	1	1	1	coupled	0.02055431081148635	0.5298973671834409	cortex	M004		1.4770647589954757	1.0408749752902962	2.096044533742287	1.3310392139506064	0.021190606079021894	0.34714269908263756	True	True						False	False	True	RBM4
417	ENSG00000092841	1	cortex	M004	0.021190606079021894	1.3310392139506064	1.3310392139506064	1	1	1	1	discordant	0.02055431081148635	0.5133094350172811	cortex	M004		1.4770647589954757	1.0408749752902962	2.096044533742287	1.3310392139506064	0.021190606079021894	0.34714269908263756	True	True						False	False	True	MYL6
418	ENSG00000168273	1	cortex	M004	0.021190606079021894	1.3310392139506064	1.3310392139506064	1	1	1	1	coupled	0.02055431081148635	0.5117829671907161	cortex	M004		1.4770647589954757	1.0408749752902962	2.096044533742287	1.3310392139506064	0.021190606079021894	0.34714269908263756	True	True						False	False	True	UQCC5
419	ENSG00000156304	1	cortex	M004	0.021190606079021894	1.3310392139506064	1.3310392139506064	1	1	1	1	coupled	0.02055431081148635	0.5031010375242868	cortex	M004		1.4770647589954757	1.0408749752902962	2.096044533742287	1.3310392139506064	0.021190606079021894	0.34714269908263756	True	True						False	False	True	SCAF4
420	ENSG00000154856	1	cortex	M004	0.021190606079021894	1.3310392139506064	1.3310392139506064	1	1	1	1	discordant	0.02055431081148635	0.49141531844315384	cortex	M004		1.4770647589954757	1.0408749752902962	2.096044533742287	1.3310392139506064	0.021190606079021894	0.34714269908263756	True	True						False	False	True	APCDD1
421	ENSG00000188846	1	cortex	M004	0.021190606079021894	1.3310392139506064	1.3310392139506064	1	1	1	1	discordant	0.02055431081148635	0.4843191995638229	cortex	M004		1.4770647589954757	1.0408749752902962	2.096044533742287	1.3310392139506064	0.021190606079021894	0.34714269908263756	True	True						False	False	True	RPL14
422	ENSG00000136718	1	cortex	M004	0.021190606079021894	1.3310392139506064	1.3310392139506064	1	1	1	1	coupled	0.02055431081148635	0.4619948681574702	cortex	M004		1.4770647589954757	1.0408749752902962	2.096044533742287	1.3310392139506064	0.021190606079021894	0.34714269908263756	True	True						False	False	True	IMP4
423	ENSG00000134824	1	cortex	M004	0.021190606079021894	1.3310392139506064	1.3310392139506064	1	1	1	1	discordant	0.02055431081148635	0.45815742243347823	cortex	M004		1.4770647589954757	1.0408749752902962	2.096044533742287	1.3310392139506064	0.021190606079021894	0.34714269908263756	True	True						False	False	True	FADS2
424	ENSG00000187514	1	cortex	M004	0.021190606079021894	1.3310392139506064	1.3310392139506064	1	1	1	1	discordant	0.02055431081148635	0.4536754387134678	cortex	M004		1.4770647589954757	1.0408749752902962	2.096044533742287	1.3310392139506064	0.021190606079021894	0.34714269908263756	True	True						False	False	True	PTMA
425	ENSG00000249158	1	cortex	M004	0.021190606079021894	1.3310392139506064	1.3310392139506064	1	1	1	1	coupled	0.02055431081148635	0.44699865384456716	cortex	M004		1.4770647589954757	1.0408749752902962	2.096044533742287	1.3310392139506064	0.021190606079021894	0.34714269908263756	True	True						False	False	True	PCDHA11
426	ENSG00000239306	1	cortex	M004	0.021190606079021894	1.3310392139506064	1.3310392139506064	1	1	1	1	coupled	0.02055431081148635	0.4165728076236225	cortex	M004		1.4770647589954757	1.0408749752902962	2.096044533742287	1.3310392139506064	0.021190606079021894	0.34714269908263756	True	True						False	False	True	RBM14
427	ENSG00000085117	1	cortex	M004	0.021190606079021894	1.3310392139506064	1.3310392139506064	1	1	1	1	switch_only	0.02055431081148635	0.4146008383412077	cortex	M004		1.4770647589954757	1.0408749752902962	2.096044533742287	1.3310392139506064	0.021190606079021894	0.34714269908263756	True	True						False	False	True	CD82
428	ENSG00000079950	1	cortex	M004	0.021190606079021894	1.3310392139506064	1.3310392139506064	1	1	1	1	discordant	0.02055431081148635	0.4092315297069766	cortex	M004		1.4770647589954757	1.0408749752902962	2.096044533742287	1.3310392139506064	0.021190606079021894	0.34714269908263756	True	True						False	False	True	STX7
429	ENSG00000031823	1	cortex	M004	0.021190606079021894	1.3310392139506064	1.3310392139506064	1	1	1	1	coupled	0.02055431081148635	0.40471438359487766	cortex	M004		1.4770647589954757	1.0408749752902962	2.096044533742287	1.3310392139506064	0.021190606079021894	0.34714269908263756	True	True						False	False	True	RANBP3
430	ENSG00000002586	1	cortex	M004	0.021190606079021894	1.3310392139506064	1.3310392139506064	1	1	1	1	discordant	0.02055431081148635	0.4040688226487288	cortex	M004		1.4770647589954757	1.0408749752902962	2.096044533742287	1.3310392139506064	0.021190606079021894	0.34714269908263756	True	True						False	False	True	CD99
431	ENSG00000143977	1	cortex	M004	0.021190606079021894	1.3310392139506064	1.3310392139506064	1	1	1	1	coupled	0.02055431081148635	0.39882895382515443	cortex	M004		1.4770647589954757	1.0408749752902962	2.096044533742287	1.3310392139506064	0.021190606079021894	0.34714269908263756	True	True						False	False	True	SNRPG
432	ENSG00000177192	1	cortex	M004	0.021190606079021894	1.3310392139506064	1.3310392139506064	1	1	1	1	discordant	0.02055431081148635	0.38261872558045373	cortex	M004		1.4770647589954757	1.0408749752902962	2.096044533742287	1.3310392139506064	0.021190606079021894	0.34714269908263756	True	True						False	False	True	PUS1
433	ENSG00000103363	1	cortex	M004	0.021190606079021894	1.3310392139506064	1.3310392139506064	1	1	1	1	coupled	0.02055431081148635	0.38147544510407316	cortex	M004		1.4770647589954757	1.0408749752902962	2.096044533742287	1.3310392139506064	0.021190606079021894	0.34714269908263756	True	True						False	False	True	ELOB
434	ENSG00000128731	1	cortex	M004	0.021190606079021894	1.3310392139506064	1.3310392139506064	1	1	1	1	discordant	0.02055431081148635	0.31441891123846144	cortex	M004		1.4770647589954757	1.0408749752902962	2.096044533742287	1.3310392139506064	0.021190606079021894	0.34714269908263756	True	True						False	False	True	HERC2
435	ENSG00000171490	1	cortex	M004	0.021190606079021894	1.3310392139506064	1.3310392139506064	1	1	1	1	discordant	0.02055431081148635	0.28789919924038626	cortex	M004		1.4770647589954757	1.0408749752902962	2.096044533742287	1.3310392139506064	0.021190606079021894	0.34714269908263756	True	True						False	False	True	RSL1D1
436	ENSG00000105185	1	cortex	M004	0.021190606079021894	1.3310392139506064	1.3310392139506064	1	1	1	1	discordant	0.02055431081148635	0.2846909642978171	cortex	M004		1.4770647589954757	1.0408749752902962	2.096044533742287	1.3310392139506064	0.021190606079021894	0.34714269908263756	True	True						False	False	True	PDCD5
437	ENSG00000134056	1	cortex	M004	0.021190606079021894	1.3310392139506064	1.3310392139506064	1	1	1	1	discordant	0.02055431081148635	0.2799978805410395	cortex	M004		1.4770647589954757	1.0408749752902962	2.096044533742287	1.3310392139506064	0.021190606079021894	0.34714269908263756	True	True						False	False	True	KGD4
438	ENSG00000130208	1	cortex	M004	0.021190606079021894	1.3310392139506064	1.3310392139506064	1	1	1	1	switch_only	0.02055431081148635	0.27310558400237916	cortex	M004		1.4770647589954757	1.0408749752902962	2.096044533742287	1.3310392139506064	0.021190606079021894	0.34714269908263756	True	True						False	False	True	APOC1
439	ENSG00000172809	1	cortex	M004	0.021190606079021894	1.3310392139506064	1.3310392139506064	1	1	1	1	switch_only	0.02055431081148635	0.2660385048103137	cortex	M004		1.4770647589954757	1.0408749752902962	2.096044533742287	1.3310392139506064	0.021190606079021894	0.34714269908263756	True	True						False	False	True	RPL38
440	ENSG00000083857	1	cortex	M004	0.021190606079021894	1.3310392139506064	1.3310392139506064	1	1	1	1	coupled	0.02055431081148635	0.24494478265485214	cortex	M004		1.4770647589954757	1.0408749752902962	2.096044533742287	1.3310392139506064	0.021190606079021894	0.34714269908263756	True	True						False	False	True	FAT1
441	ENSG00000163399	1	cortex	M004	0.021190606079021894	1.3310392139506064	1.3310392139506064	1	1	1	1	discordant	0.02055431081148635	0.20936223505581575	cortex	M004		1.4770647589954757	1.0408749752902962	2.096044533742287	1.3310392139506064	0.021190606079021894	0.34714269908263756	True	True						False	False	True	ATP1A1
442	ENSG00000151553	1	cortex	M004	0.021190606079021894	1.3310392139506064	1.3310392139506064	1	1	1	0	abundance_only	0.02055431081148635	0.11272784177743266	cortex	M004		1.4770647589954757	1.0408749752902962	2.096044533742287	1.3310392139506064	0.021190606079021894	0.34714269908263756	True	True						False	False	True	FHIP2A
443	ENSG00000161970	1	cortex	M004	0.021190606079021894	1.3310392139506064	1.3310392139506064	1	1	1	0	abundance_only	0.02055431081148635	0.04988481432200689	cortex	M004		1.4770647589954757	1.0408749752902962	2.096044533742287	1.3310392139506064	0.021190606079021894	0.34714269908263756	True	True						False	False	True	RPL26
444	ENSG00000089737	1	frontal_cortex_ba9	M005	0.006381630414822287	1.2039804247529746	1.2039804247529746	1	1	0	1	coupled	0.002276591476224696	0.8645152479900904	frontal_cortex_ba9	M005	aerobic respiration, proton motive force-driven ATP synthesis, ATP biosynthetic process	0.8516230952368871	0.6943266079524877	1.044554375468332	1.2039804247529746	0.006381630414822287	0.5816053128548027	False	False						False	False	True	DDX24
445	ENSG00000110955	1	frontal_cortex_ba9	M005	0.006381630414822287	1.2039804247529746	1.2039804247529746	1	1	0	1	discordant	0.002276591476224696	0.8144881965578629	frontal_cortex_ba9	M005	aerobic respiration, proton motive force-driven ATP synthesis, ATP biosynthetic process	0.8516230952368871	0.6943266079524877	1.044554375468332	1.2039804247529746	0.006381630414822287	0.5816053128548027	False	False						False	False	True	ATP5F1B
446	ENSG00000078668	1	frontal_cortex_ba9	M005	0.006381630414822287	1.2039804247529746	1.2039804247529746	1	1	0	1	coupled	0.002276591476224696	0.8143777772428015	frontal_cortex_ba9	M005	aerobic respiration, proton motive force-driven ATP synthesis, ATP biosynthetic process	0.8516230952368871	0.6943266079524877	1.044554375468332	1.2039804247529746	0.006381630414822287	0.5816053128548027	False	False						False	False	True	VDAC3
447	ENSG00000185442	1	frontal_cortex_ba9	M005	0.006381630414822287	1.2039804247529746	1.2039804247529746	1	1	0	1	discordant	0.002276591476224696	0.7953952230945982	frontal_cortex_ba9	M005	aerobic respiration, proton motive force-driven ATP synthesis, ATP biosynthetic process	0.8516230952368871	0.6943266079524877	1.044554375468332	1.2039804247529746	0.006381630414822287	0.5816053128548027	False	False						False	False	True	FAM174B
448	ENSG00000010256	1	frontal_cortex_ba9	M005	0.006381630414822287	1.2039804247529746	1.2039804247529746	1	1	0	1	coupled	0.002276591476224696	0.7773472132261445	frontal_cortex_ba9	M005	aerobic respiration, proton motive force-driven ATP synthesis, ATP biosynthetic process	0.8516230952368871	0.6943266079524877	1.044554375468332	1.2039804247529746	0.006381630414822287	0.5816053128548027	False	False						False	False	True	UQCRC1
449	ENSG00000167642	1	frontal_cortex_ba9	M005	0.006381630414822287	1.2039804247529746	1.2039804247529746	1	1	0	1	coupled	0.002276591476224696	0.732250184963567	frontal_cortex_ba9	M005	aerobic respiration, proton motive force-driven ATP synthesis, ATP biosynthetic process	0.8516230952368871	0.6943266079524877	1.044554375468332	1.2039804247529746	0.006381630414822287	0.5816053128548027	False	False						False	False	True	SPINT2
450	ENSG00000169288	1	frontal_cortex_ba9	M005	0.006381630414822287	1.2039804247529746	1.2039804247529746	1	1	0	1	discordant	0.002276591476224696	0.7125527069397561	frontal_cortex_ba9	M005	aerobic respiration, proton motive force-driven ATP synthesis, ATP biosynthetic process	0.8516230952368871	0.6943266079524877	1.044554375468332	1.2039804247529746	0.006381630414822287	0.5816053128548027	False	False						False	False	True	MRPL1
451	ENSG00000241685	1	frontal_cortex_ba9	M005	0.006381630414822287	1.2039804247529746	1.2039804247529746	1	1	0	1	discordant	0.002276591476224696	0.6940926811851006	frontal_cortex_ba9	M005	aerobic respiration, proton motive force-driven ATP synthesis, ATP biosynthetic process	0.8516230952368871	0.6943266079524877	1.044554375468332	1.2039804247529746	0.006381630414822287	0.5816053128548027	False	False						False	False	True	ARPC1A
452	ENSG00000107742	1	frontal_cortex_ba9	M005	0.006381630414822287	1.2039804247529746	1.2039804247529746	1	1	0	1	coupled	0.002276591476224696	0.6847415809379361	frontal_cortex_ba9	M005	aerobic respiration, proton motive force-driven ATP synthesis, ATP biosynthetic process	0.8516230952368871	0.6943266079524877	1.044554375468332	1.2039804247529746	0.006381630414822287	0.5816053128548027	False	False						False	False	True	SPOCK2
453	ENSG00000105402	1	frontal_cortex_ba9	M005	0.006381630414822287	1.2039804247529746	1.2039804247529746	1	1	0	1	coupled	0.002276591476224696	0.662277637629752	frontal_cortex_ba9	M005	aerobic respiration, proton motive force-driven ATP synthesis, ATP biosynthetic process	0.8516230952368871	0.6943266079524877	1.044554375468332	1.2039804247529746	0.006381630414822287	0.5816053128548027	False	False						False	False	True	NAPA
454	ENSG00000127445	1	frontal_cortex_ba9	M005	0.006381630414822287	1.2039804247529746	1.2039804247529746	1	1	0	1	coupled	0.002276591476224696	0.6415656484230863	frontal_cortex_ba9	M005	aerobic respiration, proton motive force-driven ATP synthesis, ATP biosynthetic process	0.8516230952368871	0.6943266079524877	1.044554375468332	1.2039804247529746	0.006381630414822287	0.5816053128548027	False	False						False	False	True	PIN1
455	ENSG00000205629	1	frontal_cortex_ba9	M005	0.006381630414822287	1.2039804247529746	1.2039804247529746	1	1	0	1	discordant	0.002276591476224696	0.6313762258586856	frontal_cortex_ba9	M005	aerobic respiration, proton motive force-driven ATP synthesis, ATP biosynthetic process	0.8516230952368871	0.6943266079524877	1.044554375468332	1.2039804247529746	0.006381630414822287	0.5816053128548027	False	False						False	False	True	LCMT1
456	ENSG00000068354	1	frontal_cortex_ba9	M005	0.006381630414822287	1.2039804247529746	1.2039804247529746	1	1	0	1	coupled	0.002276591476224696	0.6287704576705245	frontal_cortex_ba9	M005	aerobic respiration, proton motive force-driven ATP synthesis, ATP biosynthetic process	0.8516230952368871	0.6943266079524877	1.044554375468332	1.2039804247529746	0.006381630414822287	0.5816053128548027	False	False						False	False	True	TBC1D25
457	ENSG00000184117	1	frontal_cortex_ba9	M005	0.006381630414822287	1.2039804247529746	1.2039804247529746	1	1	0	1	coupled	0.002276591476224696	0.6230175264555338	frontal_cortex_ba9	M005	aerobic respiration, proton motive force-driven ATP synthesis, ATP biosynthetic process	0.8516230952368871	0.6943266079524877	1.044554375468332	1.2039804247529746	0.006381630414822287	0.5816053128548027	False	False						False	False	True	NIPSNAP1
458	ENSG00000184220	1	frontal_cortex_ba9	M005	0.006381630414822287	1.2039804247529746	1.2039804247529746	1	1	0	1	discordant	0.002276591476224696	0.6185487298846195	frontal_cortex_ba9	M005	aerobic respiration, proton motive force-driven ATP synthesis, ATP biosynthetic process	0.8516230952368871	0.6943266079524877	1.044554375468332	1.2039804247529746	0.006381630414822287	0.5816053128548027	False	False						False	False	True	CMSS1
459	ENSG00000237190	1	frontal_cortex_ba9	M005	0.006381630414822287	1.2039804247529746	1.2039804247529746	1	1	0	1	discordant	0.002276591476224696	0.6149361417623813	frontal_cortex_ba9	M005	aerobic respiration, proton motive force-driven ATP synthesis, ATP biosynthetic process	0.8516230952368871	0.6943266079524877	1.044554375468332	1.2039804247529746	0.006381630414822287	0.5816053128548027	False	False						False	False	True	CDKN2AIPNL
460	ENSG00000160326	1	frontal_cortex_ba9	M005	0.006381630414822287	1.2039804247529746	1.2039804247529746	1	1	0	1	coupled	0.002276591476224696	0.5956594257667519	frontal_cortex_ba9	M005	aerobic respiration, proton motive force-driven ATP synthesis, ATP biosynthetic process	0.8516230952368871	0.6943266079524877	1.044554375468332	1.2039804247529746	0.006381630414822287	0.5816053128548027	False	False						False	False	True	SLC2A6
461	ENSG00000167657	1	frontal_cortex_ba9	M005	0.006381630414822287	1.2039804247529746	1.2039804247529746	1	1	0	1	coupled	0.002276591476224696	0.5951680398231322	frontal_cortex_ba9	M005	aerobic respiration, proton motive force-driven ATP synthesis, ATP biosynthetic process	0.8516230952368871	0.6943266079524877	1.044554375468332	1.2039804247529746	0.006381630414822287	0.5816053128548027	False	False						False	False	True	DAPK3
462	ENSG00000097021	1	frontal_cortex_ba9	M005	0.006381630414822287	1.2039804247529746	1.2039804247529746	1	1	0	1	discordant	0.002276591476224696	0.5810899535607688	frontal_cortex_ba9	M005	aerobic respiration, proton motive force-driven ATP synthesis, ATP biosynthetic process	0.8516230952368871	0.6943266079524877	1.044554375468332	1.2039804247529746	0.006381630414822287	0.5816053128548027	False	False						False	False	True	ACOT7
463	ENSG00000178449	1	frontal_cortex_ba9	M005	0.006381630414822287	1.2039804247529746	1.2039804247529746	1	1	0	1	coupled	0.002276591476224696	0.5722457044779342	frontal_cortex_ba9	M005	aerobic respiration, proton motive force-driven ATP synthesis, ATP biosynthetic process	0.8516230952368871	0.6943266079524877	1.044554375468332	1.2039804247529746	0.006381630414822287	0.5816053128548027	False	False						False	False	True	COX14
464	ENSG00000101945	1	frontal_cortex_ba9	M005	0.006381630414822287	1.2039804247529746	1.2039804247529746	1	1	0	1	coupled	0.002276591476224696	0.5666059760874761	frontal_cortex_ba9	M005	aerobic respiration, proton motive force-driven ATP synthesis, ATP biosynthetic process	0.8516230952368871	0.6943266079524877	1.044554375468332	1.2039804247529746	0.006381630414822287	0.5816053128548027	False	False						False	False	True	SUV39H1
465	ENSG00000100401	1	frontal_cortex_ba9	M005	0.006381630414822287	1.2039804247529746	1.2039804247529746	1	1	0	1	coupled	0.002276591476224696	0.5643916120502431	frontal_cortex_ba9	M005	aerobic respiration, proton motive force-driven ATP synthesis, ATP biosynthetic process	0.8516230952368871	0.6943266079524877	1.044554375468332	1.2039804247529746	0.006381630414822287	0.5816053128548027	False	False						False	False	True	RANGAP1
466	ENSG00000111737	1	frontal_cortex_ba9	M005	0.006381630414822287	1.2039804247529746	1.2039804247529746	1	1	0	1	coupled	0.002276591476224696	0.5505605259930499	frontal_cortex_ba9	M005	aerobic respiration, proton motive force-driven ATP synthesis, ATP biosynthetic process	0.8516230952368871	0.6943266079524877	1.044554375468332	1.2039804247529746	0.006381630414822287	0.5816053128548027	False	False						False	False	True	RAB35
467	ENSG00000072958	1	frontal_cortex_ba9	M005	0.006381630414822287	1.2039804247529746	1.2039804247529746	1	1	0	1	discordant	0.002276591476224696	0.5492187496683454	frontal_cortex_ba9	M005	aerobic respiration, proton motive force-driven ATP synthesis, ATP biosynthetic process	0.8516230952368871	0.6943266079524877	1.044554375468332	1.2039804247529746	0.006381630414822287	0.5816053128548027	False	False						False	False	True	AP1M1
468	ENSG00000196961	1	frontal_cortex_ba9	M005	0.006381630414822287	1.2039804247529746	1.2039804247529746	1	1	0	1	coupled	0.002276591476224696	0.5423134498944561	frontal_cortex_ba9	M005	aerobic respiration, proton motive force-driven ATP synthesis, ATP biosynthetic process	0.8516230952368871	0.6943266079524877	1.044554375468332	1.2039804247529746	0.006381630414822287	0.5816053128548027	False	False						False	False	True	AP2A1
469	ENSG00000170899	1	frontal_cortex_ba9	M005	0.006381630414822287	1.2039804247529746	1.2039804247529746	1	1	0	1	coupled	0.002276591476224696	0.5393384164744807	frontal_cortex_ba9	M005	aerobic respiration, proton motive force-driven ATP synthesis, ATP biosynthetic process	0.8516230952368871	0.6943266079524877	1.044554375468332	1.2039804247529746	0.006381630414822287	0.5816053128548027	False	False						False	False	True	GSTA4
470	ENSG00000131779	1	frontal_cortex_ba9	M005	0.006381630414822287	1.2039804247529746	1.2039804247529746	1	1	0	1	coupled	0.002276591476224696	0.5358344077034619	frontal_cortex_ba9	M005	aerobic respiration, proton motive force-driven ATP synthesis, ATP biosynthetic process	0.8516230952368871	0.6943266079524877	1.044554375468332	1.2039804247529746	0.006381630414822287	0.5816053128548027	False	False						False	False	True	PEX11B
471	ENSG00000099910	1	frontal_cortex_ba9	M005	0.006381630414822287	1.2039804247529746	1.2039804247529746	1	1	0	1	discordant	0.002276591476224696	0.5270543575809764	frontal_cortex_ba9	M005	aerobic respiration, proton motive force-driven ATP synthesis, ATP biosynthetic process	0.8516230952368871	0.6943266079524877	1.044554375468332	1.2039804247529746	0.006381630414822287	0.5816053128548027	False	False						False	False	True	KLHL22
472	ENSG00000101365	1	frontal_cortex_ba9	M005	0.006381630414822287	1.2039804247529746	1.2039804247529746	1	1	0	1	discordant	0.002276591476224696	0.5110985750702202	frontal_cortex_ba9	M005	aerobic respiration, proton motive force-driven ATP synthesis, ATP biosynthetic process	0.8516230952368871	0.6943266079524877	1.044554375468332	1.2039804247529746	0.006381630414822287	0.5816053128548027	False	False						False	False	True	IDH3B
473	ENSG00000127824	1	frontal_cortex_ba9	M005	0.006381630414822287	1.2039804247529746	1.2039804247529746	1	1	0	1	discordant	0.002276591476224696	0.5051532525455849	frontal_cortex_ba9	M005	aerobic respiration, proton motive force-driven ATP synthesis, ATP biosynthetic process	0.8516230952368871	0.6943266079524877	1.044554375468332	1.2039804247529746	0.006381630414822287	0.5816053128548027	False	False						False	False	True	TUBA4A
474	ENSG00000146701	1	frontal_cortex_ba9	M005	0.006381630414822287	1.2039804247529746	1.2039804247529746	1	1	0	1	coupled	0.002276591476224696	0.49328928363859254	frontal_cortex_ba9	M005	aerobic respiration, proton motive force-driven ATP synthesis, ATP biosynthetic process	0.8516230952368871	0.6943266079524877	1.044554375468332	1.2039804247529746	0.006381630414822287	0.5816053128548027	False	False						False	False	True	MDH2
475	ENSG00000203879	1	frontal_cortex_ba9	M005	0.006381630414822287	1.2039804247529746	1.2039804247529746	1	1	0	1	coupled	0.002276591476224696	0.4908772118039726	frontal_cortex_ba9	M005	aerobic respiration, proton motive force-driven ATP synthesis, ATP biosynthetic process	0.8516230952368871	0.6943266079524877	1.044554375468332	1.2039804247529746	0.006381630414822287	0.5816053128548027	False	False						False	False	True	GDI1
476	ENSG00000116030	1	frontal_cortex_ba9	M005	0.006381630414822287	1.2039804247529746	1.2039804247529746	1	1	0	1	coupled	0.002276591476224696	0.4869699878031914	frontal_cortex_ba9	M005	aerobic respiration, proton motive force-driven ATP synthesis, ATP biosynthetic process	0.8516230952368871	0.6943266079524877	1.044554375468332	1.2039804247529746	0.006381630414822287	0.5816053128548027	False	False						False	False	True	SUMO1
477	ENSG00000138030	1	frontal_cortex_ba9	M005	0.006381630414822287	1.2039804247529746	1.2039804247529746	1	1	0	1	coupled	0.002276591476224696	0.48572687025391387	frontal_cortex_ba9	M005	aerobic respiration, proton motive force-driven ATP synthesis, ATP biosynthetic process	0.8516230952368871	0.6943266079524877	1.044554375468332	1.2039804247529746	0.006381630414822287	0.5816053128548027	False	False						False	False	True	KHK
478	ENSG00000100138	1	frontal_cortex_ba9	M005	0.006381630414822287	1.2039804247529746	1.2039804247529746	1	1	0	1	coupled	0.002276591476224696	0.4843602353788938	frontal_cortex_ba9	M005	aerobic respiration, proton motive force-driven ATP synthesis, ATP biosynthetic process	0.8516230952368871	0.6943266079524877	1.044554375468332	1.2039804247529746	0.006381630414822287	0.5816053128548027	False	False						False	False	True	SNU13
479	ENSG00000154079	1	frontal_cortex_ba9	M005	0.006381630414822287	1.2039804247529746	1.2039804247529746	1	1	0	1	coupled	0.002276591476224696	0.47128859180984145	frontal_cortex_ba9	M005	aerobic respiration, proton motive force-driven ATP synthesis, ATP biosynthetic process	0.8516230952368871	0.6943266079524877	1.044554375468332	1.2039804247529746	0.006381630414822287	0.5816053128548027	False	False						False	False	True	SDHAF4
480	ENSG00000131475	1	frontal_cortex_ba9	M005	0.006381630414822287	1.2039804247529746	1.2039804247529746	1	1	0	1	coupled	0.002276591476224696	0.46842934548203274	frontal_cortex_ba9	M005	aerobic respiration, proton motive force-driven ATP synthesis, ATP biosynthetic process	0.8516230952368871	0.6943266079524877	1.044554375468332	1.2039804247529746	0.006381630414822287	0.5816053128548027	False	False						False	False	True	VPS25
481	ENSG00000176401	1	frontal_cortex_ba9	M005	0.006381630414822287	1.2039804247529746	1.2039804247529746	1	1	0	1	coupled	0.002276591476224696	0.4597159694732108	frontal_cortex_ba9	M005	aerobic respiration, proton motive force-driven ATP synthesis, ATP biosynthetic process	0.8516230952368871	0.6943266079524877	1.044554375468332	1.2039804247529746	0.006381630414822287	0.5816053128548027	False	False						False	False	True	EID2B
482	ENSG00000106605	1	frontal_cortex_ba9	M005	0.006381630414822287	1.2039804247529746	1.2039804247529746	1	1	0	1	coupled	0.002276591476224696	0.4464615258783778	frontal_cortex_ba9	M005	aerobic respiration, proton motive force-driven ATP synthesis, ATP biosynthetic process	0.8516230952368871	0.6943266079524877	1.044554375468332	1.2039804247529746	0.006381630414822287	0.5816053128548027	False	False						False	False	True	BLVRA
483	ENSG00000180035	1	frontal_cortex_ba9	M005	0.006381630414822287	1.2039804247529746	1.2039804247529746	1	1	0	1	coupled	0.002276591476224696	0.4404167950581519	frontal_cortex_ba9	M005	aerobic respiration, proton motive force-driven ATP synthesis, ATP biosynthetic process	0.8516230952368871	0.6943266079524877	1.044554375468332	1.2039804247529746	0.006381630414822287	0.5816053128548027	False	False						False	False	True	ZNF48
484	ENSG00000162517	1	frontal_cortex_ba9	M005	0.006381630414822287	1.2039804247529746	1.2039804247529746	1	1	0	1	discordant	0.002276591476224696	0.43632589727430876	frontal_cortex_ba9	M005	aerobic respiration, proton motive force-driven ATP synthesis, ATP biosynthetic process	0.8516230952368871	0.6943266079524877	1.044554375468332	1.2039804247529746	0.006381630414822287	0.5816053128548027	False	False						False	False	True	PEF1
485	ENSG00000102879	1	frontal_cortex_ba9	M005	0.006381630414822287	1.2039804247529746	1.2039804247529746	1	1	0	1	coupled	0.002276591476224696	0.43130878463842554	frontal_cortex_ba9	M005	aerobic respiration, proton motive force-driven ATP synthesis, ATP biosynthetic process	0.8516230952368871	0.6943266079524877	1.044554375468332	1.2039804247529746	0.006381630414822287	0.5816053128548027	False	False						False	False	True	CORO1A
486	ENSG00000182095	1	frontal_cortex_ba9	M005	0.006381630414822287	1.2039804247529746	1.2039804247529746	1	1	0	1	coupled	0.002276591476224696	0.43009727791376406	frontal_cortex_ba9	M005	aerobic respiration, proton motive force-driven ATP synthesis, ATP biosynthetic process	0.8516230952368871	0.6943266079524877	1.044554375468332	1.2039804247529746	0.006381630414822287	0.5816053128548027	False	False						False	False	True	TNRC18
487	ENSG00000185721	1	frontal_cortex_ba9	M005	0.006381630414822287	1.2039804247529746	1.2039804247529746	1	1	0	1	coupled	0.002276591476224696	0.4293514888353054	frontal_cortex_ba9	M005	aerobic respiration, proton motive force-driven ATP synthesis, ATP biosynthetic process	0.8516230952368871	0.6943266079524877	1.044554375468332	1.2039804247529746	0.006381630414822287	0.5816053128548027	False	False						False	False	True	DRG1
488	ENSG00000100442	1	frontal_cortex_ba9	M005	0.006381630414822287	1.2039804247529746	1.2039804247529746	1	1	0	1	discordant	0.002276591476224696	0.42266275430770256	frontal_cortex_ba9	M005	aerobic respiration, proton motive force-driven ATP synthesis, ATP biosynthetic process	0.8516230952368871	0.6943266079524877	1.044554375468332	1.2039804247529746	0.006381630414822287	0.5816053128548027	False	False						False	False	True	FKBP3
489	ENSG00000174547	1	frontal_cortex_ba9	M005	0.006381630414822287	1.2039804247529746	1.2039804247529746	1	1	0	1	coupled	0.002276591476224696	0.4154546286110127	frontal_cortex_ba9	M005	aerobic respiration, proton motive force-driven ATP synthesis, ATP biosynthetic process	0.8516230952368871	0.6943266079524877	1.044554375468332	1.2039804247529746	0.006381630414822287	0.5816053128548027	False	False						False	False	True	MRPL11
490	ENSG00000100554	1	frontal_cortex_ba9	M005	0.006381630414822287	1.2039804247529746	1.2039804247529746	1	1	0	1	discordant	0.002276591476224696	0.4140568973672085	frontal_cortex_ba9	M005	aerobic respiration, proton motive force-driven ATP synthesis, ATP biosynthetic process	0.8516230952368871	0.6943266079524877	1.044554375468332	1.2039804247529746	0.006381630414822287	0.5816053128548027	False	False						False	False	True	ATP6V1D
491	ENSG00000102796	1	frontal_cortex_ba9	M005	0.006381630414822287	1.2039804247529746	1.2039804247529746	1	1	0	1	switch_only	0.002276591476224696	0.4016168297861294	frontal_cortex_ba9	M005	aerobic respiration, proton motive force-driven ATP synthesis, ATP biosynthetic process	0.8516230952368871	0.6943266079524877	1.044554375468332	1.2039804247529746	0.006381630414822287	0.5816053128548027	False	False						False	False	True	DHRS12
492	ENSG00000149925	1	frontal_cortex_ba9	M005	0.006381630414822287	1.2039804247529746	1.2039804247529746	1	1	0	1	coupled	0.002276591476224696	0.40050651780713115	frontal_cortex_ba9	M005	aerobic respiration, proton motive force-driven ATP synthesis, ATP biosynthetic process	0.8516230952368871	0.6943266079524877	1.044554375468332	1.2039804247529746	0.006381630414822287	0.5816053128548027	False	False						False	False	True	ALDOA
493	ENSG00000164815	1	frontal_cortex_ba9	M005	0.006381630414822287	1.2039804247529746	1.2039804247529746	1	1	0	1	coupled	0.002276591476224696	0.3957977697854453	frontal_cortex_ba9	M005	aerobic respiration, proton motive force-driven ATP synthesis, ATP biosynthetic process	0.8516230952368871	0.6943266079524877	1.044554375468332	1.2039804247529746	0.006381630414822287	0.5816053128548027	False	False						False	False	True	ORC5
494	ENSG00000182768	1	frontal_cortex_ba9	M005	0.006381630414822287	1.2039804247529746	1.2039804247529746	1	1	0	1	discordant	0.002276591476224696	0.3873263248639377	frontal_cortex_ba9	M005	aerobic respiration, proton motive force-driven ATP synthesis, ATP biosynthetic process	0.8516230952368871	0.6943266079524877	1.044554375468332	1.2039804247529746	0.006381630414822287	0.5816053128548027	False	False						False	False	True	NGRN
495	ENSG00000165516	1	frontal_cortex_ba9	M005	0.006381630414822287	1.2039804247529746	1.2039804247529746	1	1	0	1	coupled	0.002276591476224696	0.382625232291438	frontal_cortex_ba9	M005	aerobic respiration, proton motive force-driven ATP synthesis, ATP biosynthetic process	0.8516230952368871	0.6943266079524877	1.044554375468332	1.2039804247529746	0.006381630414822287	0.5816053128548027	False	False						False	False	True	KLHDC2
496	ENSG00000125166	1	frontal_cortex_ba9	M005	0.006381630414822287	1.2039804247529746	1.2039804247529746	1	1	0	1	coupled	0.002276591476224696	0.3807580165519143	frontal_cortex_ba9	M005	aerobic respiration, proton motive force-driven ATP synthesis, ATP biosynthetic process	0.8516230952368871	0.6943266079524877	1.044554375468332	1.2039804247529746	0.006381630414822287	0.5816053128548027	False	False						False	False	True	GOT2
497	ENSG00000227057	1	frontal_cortex_ba9	M005	0.006381630414822287	1.2039804247529746	1.2039804247529746	1	1	0	1	coupled	0.002276591476224696	0.3730615121854893	frontal_cortex_ba9	M005	aerobic respiration, proton motive force-driven ATP synthesis, ATP biosynthetic process	0.8516230952368871	0.6943266079524877	1.044554375468332	1.2039804247529746	0.006381630414822287	0.5816053128548027	False	False						False	False	True	WDR46
498	ENSG00000132589	1	frontal_cortex_ba9	M005	0.006381630414822287	1.2039804247529746	1.2039804247529746	1	1	0	1	coupled	0.002276591476224696	0.3648479998350412	frontal_cortex_ba9	M005	aerobic respiration, proton motive force-driven ATP synthesis, ATP biosynthetic process	0.8516230952368871	0.6943266079524877	1.044554375468332	1.2039804247529746	0.006381630414822287	0.5816053128548027	False	False						False	False	True	FLOT2
499	ENSG00000135624	1	frontal_cortex_ba9	M005	0.006381630414822287	1.2039804247529746	1.2039804247529746	1	1	0	1	coupled	0.002276591476224696	0.3645698139107686	frontal_cortex_ba9	M005	aerobic respiration, proton motive force-driven ATP synthesis, ATP biosynthetic process	0.8516230952368871	0.6943266079524877	1.044554375468332	1.2039804247529746	0.006381630414822287	0.5816053128548027	False	False						False	False	True	CCT7
500	ENSG00000072832	1	frontal_cortex_ba9	M005	0.006381630414822287	1.2039804247529746	1.2039804247529746	1	1	0	1	coupled	0.002276591476224696	0.36321914034933556	frontal_cortex_ba9	M005	aerobic respiration, proton motive force-driven ATP synthesis, ATP biosynthetic process	0.8516230952368871	0.6943266079524877	1.044554375468332	1.2039804247529746	0.006381630414822287	0.5816053128548027	False	False						False	False	True	CRMP1
501	ENSG00000005448	1	frontal_cortex_ba9	M005	0.006381630414822287	1.2039804247529746	1.2039804247529746	1	1	0	1	coupled	0.002276591476224696	0.35677031749816246	frontal_cortex_ba9	M005	aerobic respiration, proton motive force-driven ATP synthesis, ATP biosynthetic process	0.8516230952368871	0.6943266079524877	1.044554375468332	1.2039804247529746	0.006381630414822287	0.5816053128548027	False	False						False	False	True	WDR54
502	ENSG00000184277	1	frontal_cortex_ba9	M005	0.006381630414822287	1.2039804247529746	1.2039804247529746	1	1	0	1	discordant	0.002276591476224696	0.3559386861690263	frontal_cortex_ba9	M005	aerobic respiration, proton motive force-driven ATP synthesis, ATP biosynthetic process	0.8516230952368871	0.6943266079524877	1.044554375468332	1.2039804247529746	0.006381630414822287	0.5816053128548027	False	False						False	False	True	TM2D3
503	ENSG00000032389	1	frontal_cortex_ba9	M005	0.006381630414822287	1.2039804247529746	1.2039804247529746	1	1	0	1	coupled	0.002276591476224696	0.34882233470884605	frontal_cortex_ba9	M005	aerobic respiration, proton motive force-driven ATP synthesis, ATP biosynthetic process	0.8516230952368871	0.6943266079524877	1.044554375468332	1.2039804247529746	0.006381630414822287	0.5816053128548027	False	False						False	False	True	EIPR1
504	ENSG00000159199	1	frontal_cortex_ba9	M005	0.006381630414822287	1.2039804247529746	1.2039804247529746	1	1	0	1	discordant	0.002276591476224696	0.3457627737365643	frontal_cortex_ba9	M005	aerobic respiration, proton motive force-driven ATP synthesis, ATP biosynthetic process	0.8516230952368871	0.6943266079524877	1.044554375468332	1.2039804247529746	0.006381630414822287	0.5816053128548027	False	False						False	False	True	ATP5MC1
505	ENSG00000100804	1	frontal_cortex_ba9	M005	0.006381630414822287	1.2039804247529746	1.2039804247529746	1	1	0	1	discordant	0.002276591476224696	0.34459687347466533	frontal_cortex_ba9	M005	aerobic respiration, proton motive force-driven ATP synthesis, ATP biosynthetic process	0.8516230952368871	0.6943266079524877	1.044554375468332	1.2039804247529746	0.006381630414822287	0.5816053128548027	False	False						False	False	True	PSMB5
506	ENSG00000175416	1	frontal_cortex_ba9	M005	0.006381630414822287	1.2039804247529746	1.2039804247529746	1	1	0	1	discordant	0.002276591476224696	0.34106200083920174	frontal_cortex_ba9	M005	aerobic respiration, proton motive force-driven ATP synthesis, ATP biosynthetic process	0.8516230952368871	0.6943266079524877	1.044554375468332	1.2039804247529746	0.006381630414822287	0.5816053128548027	False	False						False	False	True	CLTB
507	ENSG00000174446	1	frontal_cortex_ba9	M005	0.006381630414822287	1.2039804247529746	1.2039804247529746	1	1	0	1	coupled	0.002276591476224696	0.3402139210819633	frontal_cortex_ba9	M005	aerobic respiration, proton motive force-driven ATP synthesis, ATP biosynthetic process	0.8516230952368871	0.6943266079524877	1.044554375468332	1.2039804247529746	0.006381630414822287	0.5816053128548027	False	False						False	False	True	SNAPC5
508	ENSG00000167770	1	frontal_cortex_ba9	M005	0.006381630414822287	1.2039804247529746	1.2039804247529746	1	1	0	1	discordant	0.002276591476224696	0.3398496883990631	frontal_cortex_ba9	M005	aerobic respiration, proton motive force-driven ATP synthesis, ATP biosynthetic process	0.8516230952368871	0.6943266079524877	1.044554375468332	1.2039804247529746	0.006381630414822287	0.5816053128548027	False	False						False	False	True	OTUB1
509	ENSG00000115241	1	frontal_cortex_ba9	M005	0.006381630414822287	1.2039804247529746	1.2039804247529746	1	1	0	1	discordant	0.002276591476224696	0.3377117619848908	frontal_cortex_ba9	M005	aerobic respiration, proton motive force-driven ATP synthesis, ATP biosynthetic process	0.8516230952368871	0.6943266079524877	1.044554375468332	1.2039804247529746	0.006381630414822287	0.5816053128548027	False	False						False	False	True	PPM1G
510	ENSG00000169567	1	frontal_cortex_ba9	M005	0.006381630414822287	1.2039804247529746	1.2039804247529746	1	1	0	1	discordant	0.002276591476224696	0.3370778938400486	frontal_cortex_ba9	M005	aerobic respiration, proton motive force-driven ATP synthesis, ATP biosynthetic process	0.8516230952368871	0.6943266079524877	1.044554375468332	1.2039804247529746	0.006381630414822287	0.5816053128548027	False	False						False	False	True	HINT1
511	ENSG00000254901	1	frontal_cortex_ba9	M005	0.006381630414822287	1.2039804247529746	1.2039804247529746	1	1	0	1	discordant	0.002276591476224696	0.33385370257869995	frontal_cortex_ba9	M005	aerobic respiration, proton motive force-driven ATP synthesis, ATP biosynthetic process	0.8516230952368871	0.6943266079524877	1.044554375468332	1.2039804247529746	0.006381630414822287	0.5816053128548027	False	False						False	False	True	BORCS8
512	ENSG00000241468	1	frontal_cortex_ba9	M005	0.006381630414822287	1.2039804247529746	1.2039804247529746	1	1	0	1	discordant	0.002276591476224696	0.32349752922548647	frontal_cortex_ba9	M005	aerobic respiration, proton motive force-driven ATP synthesis, ATP biosynthetic process	0.8516230952368871	0.6943266079524877	1.044554375468332	1.2039804247529746	0.006381630414822287	0.5816053128548027	False	False						False	False	True	ATP5MF
513	ENSG00000141873	1	frontal_cortex_ba9	M005	0.006381630414822287	1.2039804247529746	1.2039804247529746	1	1	0	1	discordant	0.002276591476224696	0.3175018150142674	frontal_cortex_ba9	M005	aerobic respiration, proton motive force-driven ATP synthesis, ATP biosynthetic process	0.8516230952368871	0.6943266079524877	1.044554375468332	1.2039804247529746	0.006381630414822287	0.5816053128548027	False	False						False	False	True	SLC39A3
514	ENSG00000213585	1	frontal_cortex_ba9	M005	0.006381630414822287	1.2039804247529746	1.2039804247529746	1	1	0	1	coupled	0.002276591476224696	0.3171109558837186	frontal_cortex_ba9	M005	aerobic respiration, proton motive force-driven ATP synthesis, ATP biosynthetic process	0.8516230952368871	0.6943266079524877	1.044554375468332	1.2039804247529746	0.006381630414822287	0.5816053128548027	False	False						False	False	True	VDAC1
515	ENSG00000105393	1	frontal_cortex_ba9	M005	0.006381630414822287	1.2039804247529746	1.2039804247529746	1	1	0	1	discordant	0.002276591476224696	0.3119497331222692	frontal_cortex_ba9	M005	aerobic respiration, proton motive force-driven ATP synthesis, ATP biosynthetic process	0.8516230952368871	0.6943266079524877	1.044554375468332	1.2039804247529746	0.006381630414822287	0.5816053128548027	False	False						False	False	True	BABAM1
516	ENSG00000167863	1	frontal_cortex_ba9	M005	0.006381630414822287	1.2039804247529746	1.2039804247529746	1	1	0	1	discordant	0.002276591476224696	0.3096303944298568	frontal_cortex_ba9	M005	aerobic respiration, proton motive force-driven ATP synthesis, ATP biosynthetic process	0.8516230952368871	0.6943266079524877	1.044554375468332	1.2039804247529746	0.006381630414822287	0.5816053128548027	False	False						False	False	True	ATP5PD
517	ENSG00000138107	1	frontal_cortex_ba9	M005	0.006381630414822287	1.2039804247529746	1.2039804247529746	1	1	0	1	discordant	0.002276591476224696	0.3053097065051018	frontal_cortex_ba9	M005	aerobic respiration, proton motive force-driven ATP synthesis, ATP biosynthetic process	0.8516230952368871	0.6943266079524877	1.044554375468332	1.2039804247529746	0.006381630414822287	0.5816053128548027	False	False						False	False	True	ACTR1A
518	ENSG00000011485	1	frontal_cortex_ba9	M005	0.006381630414822287	1.2039804247529746	1.2039804247529746	1	1	0	1	coupled	0.002276591476224696	0.30271832368793694	frontal_cortex_ba9	M005	aerobic respiration, proton motive force-driven ATP synthesis, ATP biosynthetic process	0.8516230952368871	0.6943266079524877	1.044554375468332	1.2039804247529746	0.006381630414822287	0.5816053128548027	False	False						False	False	True	PPP5C
519	ENSG00000136003	1	frontal_cortex_ba9	M005	0.006381630414822287	1.2039804247529746	1.2039804247529746	1	1	0	1	coupled	0.002276591476224696	0.3007844646344396	frontal_cortex_ba9	M005	aerobic respiration, proton motive force-driven ATP synthesis, ATP biosynthetic process	0.8516230952368871	0.6943266079524877	1.044554375468332	1.2039804247529746	0.006381630414822287	0.5816053128548027	False	False						False	False	True	ISCU
520	ENSG00000166619	1	frontal_cortex_ba9	M005	0.006381630414822287	1.2039804247529746	1.2039804247529746	1	1	0	1	discordant	0.002276591476224696	0.2986885439793289	frontal_cortex_ba9	M005	aerobic respiration, proton motive force-driven ATP synthesis, ATP biosynthetic process	0.8516230952368871	0.6943266079524877	1.044554375468332	1.2039804247529746	0.006381630414822287	0.5816053128548027	False	False						False	False	True	BLCAP
521	ENSG00000152234	1	frontal_cortex_ba9	M005	0.006381630414822287	1.2039804247529746	1.2039804247529746	1	1	0	1	coupled	0.002276591476224696	0.2985937033582953	frontal_cortex_ba9	M005	aerobic respiration, proton motive force-driven ATP synthesis, ATP biosynthetic process	0.8516230952368871	0.6943266079524877	1.044554375468332	1.2039804247529746	0.006381630414822287	0.5816053128548027	False	False						False	False	True	ATP5F1A
522	ENSG00000198130	1	frontal_cortex_ba9	M005	0.006381630414822287	1.2039804247529746	1.2039804247529746	1	1	0	1	switch_only	0.002276591476224696	0.2980234605172798	frontal_cortex_ba9	M005	aerobic respiration, proton motive force-driven ATP synthesis, ATP biosynthetic process	0.8516230952368871	0.6943266079524877	1.044554375468332	1.2039804247529746	0.006381630414822287	0.5816053128548027	False	False						False	False	True	HIBCH
523	ENSG00000125449	1	frontal_cortex_ba9	M005	0.006381630414822287	1.2039804247529746	1.2039804247529746	1	1	0	1	discordant	0.002276591476224696	0.29758905739572017	frontal_cortex_ba9	M005	aerobic respiration, proton motive force-driven ATP synthesis, ATP biosynthetic process	0.8516230952368871	0.6943266079524877	1.044554375468332	1.2039804247529746	0.006381630414822287	0.5816053128548027	False	False						False	False	True	ARMC7
524	ENSG00000040633	1	frontal_cortex_ba9	M005	0.006381630414822287	1.2039804247529746	1.2039804247529746	1	1	0	1	coupled	0.002276591476224696	0.29506941624465866	frontal_cortex_ba9	M005	aerobic respiration, proton motive force-driven ATP synthesis, ATP biosynthetic process	0.8516230952368871	0.6943266079524877	1.044554375468332	1.2039804247529746	0.006381630414822287	0.5816053128548027	False	False						False	False	True	PHF23
525	ENSG00000160714	1	frontal_cortex_ba9	M005	0.006381630414822287	1.2039804247529746	1.2039804247529746	1	1	0	1	coupled	0.002276591476224696	0.29395143833989246	frontal_cortex_ba9	M005	aerobic respiration, proton motive force-driven ATP synthesis, ATP biosynthetic process	0.8516230952368871	0.6943266079524877	1.044554375468332	1.2039804247529746	0.006381630414822287	0.5816053128548027	False	False						False	False	True	UBE2Q1
526	ENSG00000160695	1	frontal_cortex_ba9	M005	0.006381630414822287	1.2039804247529746	1.2039804247529746	1	1	0	1	coupled	0.002276591476224696	0.28943350331131473	frontal_cortex_ba9	M005	aerobic respiration, proton motive force-driven ATP synthesis, ATP biosynthetic process	0.8516230952368871	0.6943266079524877	1.044554375468332	1.2039804247529746	0.006381630414822287	0.5816053128548027	False	False						False	False	True	VPS11
527	ENSG00000281501	1	frontal_cortex_ba9	M005	0.006381630414822287	1.2039804247529746	1.2039804247529746	1	1	0	1	switch_only	0.002276591476224696	0.2890047311788857	frontal_cortex_ba9	M005	aerobic respiration, proton motive force-driven ATP synthesis, ATP biosynthetic process	0.8516230952368871	0.6943266079524877	1.044554375468332	1.2039804247529746	0.006381630414822287	0.5816053128548027	False	False						False	False	True	SEPSECS-AS1
528	ENSG00000102001	1	frontal_cortex_ba9	M005	0.006381630414822287	1.2039804247529746	1.2039804247529746	1	1	0	1	discordant	0.002276591476224696	0.2879499611936675	frontal_cortex_ba9	M005	aerobic respiration, proton motive force-driven ATP synthesis, ATP biosynthetic process	0.8516230952368871	0.6943266079524877	1.044554375468332	1.2039804247529746	0.006381630414822287	0.5816053128548027	False	False						False	False	True	CACNA1F
529	ENSG00000142655	1	frontal_cortex_ba9	M005	0.006381630414822287	1.2039804247529746	1.2039804247529746	1	1	0	1	coupled	0.002276591476224696	0.27497261746562723	frontal_cortex_ba9	M005	aerobic respiration, proton motive force-driven ATP synthesis, ATP biosynthetic process	0.8516230952368871	0.6943266079524877	1.044554375468332	1.2039804247529746	0.006381630414822287	0.5816053128548027	False	False						False	False	True	PEX14
530	ENSG00000117395	1	frontal_cortex_ba9	M005	0.006381630414822287	1.2039804247529746	1.2039804247529746	1	1	0	1	discordant	0.002276591476224696	0.2661664936609297	frontal_cortex_ba9	M005	aerobic respiration, proton motive force-driven ATP synthesis, ATP biosynthetic process	0.8516230952368871	0.6943266079524877	1.044554375468332	1.2039804247529746	0.006381630414822287	0.5816053128548027	False	False						False	False	True	EBNA1BP2
531	ENSG00000142686	1	frontal_cortex_ba9	M005	0.006381630414822287	1.2039804247529746	1.2039804247529746	1	1	0	1	discordant	0.002276591476224696	0.2637310406840854	frontal_cortex_ba9	M005	aerobic respiration, proton motive force-driven ATP synthesis, ATP biosynthetic process	0.8516230952368871	0.6943266079524877	1.044554375468332	1.2039804247529746	0.006381630414822287	0.5816053128548027	False	False						False	False	True	C1orf216
532	ENSG00000122140	1	frontal_cortex_ba9	M005	0.006381630414822287	1.2039804247529746	1.2039804247529746	1	1	0	1	discordant	0.002276591476224696	0.26056242417844017	frontal_cortex_ba9	M005	aerobic respiration, proton motive force-driven ATP synthesis, ATP biosynthetic process	0.8516230952368871	0.6943266079524877	1.044554375468332	1.2039804247529746	0.006381630414822287	0.5816053128548027	False	False						False	False	True	MRPS2
533	ENSG00000163634	1	frontal_cortex_ba9	M005	0.006381630414822287	1.2039804247529746	1.2039804247529746	1	1	0	1	coupled	0.002276591476224696	0.25971783283195143	frontal_cortex_ba9	M005	aerobic respiration, proton motive force-driven ATP synthesis, ATP biosynthetic process	0.8516230952368871	0.6943266079524877	1.044554375468332	1.2039804247529746	0.006381630414822287	0.5816053128548027	False	False						False	False	True	THOC7
534	ENSG00000204564	1	frontal_cortex_ba9	M005	0.006381630414822287	1.2039804247529746	1.2039804247529746	1	1	0	1	discordant	0.002276591476224696	0.258596675635614	frontal_cortex_ba9	M005	aerobic respiration, proton motive force-driven ATP synthesis, ATP biosynthetic process	0.8516230952368871	0.6943266079524877	1.044554375468332	1.2039804247529746	0.006381630414822287	0.5816053128548027	False	False						False	False	True	C6orf136
535	ENSG00000090266	1	frontal_cortex_ba9	M005	0.006381630414822287	1.2039804247529746	1.2039804247529746	1	1	0	1	discordant	0.002276591476224696	0.2554763321333361	frontal_cortex_ba9	M005	aerobic respiration, proton motive force-driven ATP synthesis, ATP biosynthetic process	0.8516230952368871	0.6943266079524877	1.044554375468332	1.2039804247529746	0.006381630414822287	0.5816053128548027	False	False						False	False	True	NDUFB2
536	ENSG00000162373	1	frontal_cortex_ba9	M005	0.006381630414822287	1.2039804247529746	1.2039804247529746	1	1	0	1	discordant	0.002276591476224696	0.25085644885584774	frontal_cortex_ba9	M005	aerobic respiration, proton motive force-driven ATP synthesis, ATP biosynthetic process	0.8516230952368871	0.6943266079524877	1.044554375468332	1.2039804247529746	0.006381630414822287	0.5816053128548027	False	False						False	False	True	BEND5
537	ENSG00000133597	1	frontal_cortex_ba9	M005	0.006381630414822287	1.2039804247529746	1.2039804247529746	1	1	0	1	coupled	0.002276591476224696	0.24341769196092675	frontal_cortex_ba9	M005	aerobic respiration, proton motive force-driven ATP synthesis, ATP biosynthetic process	0.8516230952368871	0.6943266079524877	1.044554375468332	1.2039804247529746	0.006381630414822287	0.5816053128548027	False	False						False	False	True	ADCK2
538	ENSG00000160214	1	frontal_cortex_ba9	M005	0.006381630414822287	1.2039804247529746	1.2039804247529746	1	1	0	1	discordant	0.002276591476224696	0.24030998848325735	frontal_cortex_ba9	M005	aerobic respiration, proton motive force-driven ATP synthesis, ATP biosynthetic process	0.8516230952368871	0.6943266079524877	1.044554375468332	1.2039804247529746	0.006381630414822287	0.5816053128548027	False	False						False	False	True	RRP1
539	ENSG00000116221	1	frontal_cortex_ba9	M005	0.006381630414822287	1.2039804247529746	1.2039804247529746	1	1	0	1	discordant	0.002276591476224696	0.2402559417141393	frontal_cortex_ba9	M005	aerobic respiration, proton motive force-driven ATP synthesis, ATP biosynthetic process	0.8516230952368871	0.6943266079524877	1.044554375468332	1.2039804247529746	0.006381630414822287	0.5816053128548027	False	False						False	False	True	MRPL37
540	ENSG00000183527	1	frontal_cortex_ba9	M005	0.006381630414822287	1.2039804247529746	1.2039804247529746	1	1	0	1	discordant	0.002276591476224696	0.237369108540465	frontal_cortex_ba9	M005	aerobic respiration, proton motive force-driven ATP synthesis, ATP biosynthetic process	0.8516230952368871	0.6943266079524877	1.044554375468332	1.2039804247529746	0.006381630414822287	0.5816053128548027	False	False						False	False	True	PSMG1
541	ENSG00000033050	1	frontal_cortex_ba9	M005	0.006381630414822287	1.2039804247529746	1.2039804247529746	1	1	0	1	discordant	0.002276591476224696	0.23678522477889907	frontal_cortex_ba9	M005	aerobic respiration, proton motive force-driven ATP synthesis, ATP biosynthetic process	0.8516230952368871	0.6943266079524877	1.044554375468332	1.2039804247529746	0.006381630414822287	0.5816053128548027	False	False						False	False	True	ABCF2
542	ENSG00000277791	1	frontal_cortex_ba9	M005	0.006381630414822287	1.2039804247529746	1.2039804247529746	1	1	0	1	discordant	0.002276591476224696	0.22655209557978018	frontal_cortex_ba9	M005	aerobic respiration, proton motive force-driven ATP synthesis, ATP biosynthetic process	0.8516230952368871	0.6943266079524877	1.044554375468332	1.2039804247529746	0.006381630414822287	0.5816053128548027	False	False						False	False	True	PSMB3
543	ENSG00000084070	1	frontal_cortex_ba9	M005	0.006381630414822287	1.2039804247529746	1.2039804247529746	1	1	0	1	discordant	0.002276591476224696	0.22607463620949741	frontal_cortex_ba9	M005	aerobic respiration, proton motive force-driven ATP synthesis, ATP biosynthetic process	0.8516230952368871	0.6943266079524877	1.044554375468332	1.2039804247529746	0.006381630414822287	0.5816053128548027	False	False						False	False	True	SMAP2
544	ENSG00000134248	1	frontal_cortex_ba9	M005	0.006381630414822287	1.2039804247529746	1.2039804247529746	1	1	0	1	discordant	0.002276591476224696	0.22008321952041254	frontal_cortex_ba9	M005	aerobic respiration, proton motive force-driven ATP synthesis, ATP biosynthetic process	0.8516230952368871	0.6943266079524877	1.044554375468332	1.2039804247529746	0.006381630414822287	0.5816053128548027	False	False						False	False	True	LAMTOR5
545	ENSG00000184752	1	frontal_cortex_ba9	M005	0.006381630414822287	1.2039804247529746	1.2039804247529746	1	1	0	1	discordant	0.002276591476224696	0.21707875522708023	frontal_cortex_ba9	M005	aerobic respiration, proton motive force-driven ATP synthesis, ATP biosynthetic process	0.8516230952368871	0.6943266079524877	1.044554375468332	1.2039804247529746	0.006381630414822287	0.5816053128548027	False	False						False	False	True	NDUFA12
546	ENSG00000161981	1	frontal_cortex_ba9	M005	0.006381630414822287	1.2039804247529746	1.2039804247529746	1	1	0	1	coupled	0.002276591476224696	0.21545856085430695	frontal_cortex_ba9	M005	aerobic respiration, proton motive force-driven ATP synthesis, ATP biosynthetic process	0.8516230952368871	0.6943266079524877	1.044554375468332	1.2039804247529746	0.006381630414822287	0.5816053128548027	False	False						False	False	True	SNRNP25
547	ENSG00000147123	1	frontal_cortex_ba9	M005	0.006381630414822287	1.2039804247529746	1.2039804247529746	1	1	0	1	discordant	0.002276591476224696	0.20987077169549292	frontal_cortex_ba9	M005	aerobic respiration, proton motive force-driven ATP synthesis, ATP biosynthetic process	0.8516230952368871	0.6943266079524877	1.044554375468332	1.2039804247529746	0.006381630414822287	0.5816053128548027	False	False						False	False	True	NDUFB11
548	ENSG00000132604	1	frontal_cortex_ba9	M005	0.006381630414822287	1.2039804247529746	1.2039804247529746	1	1	0	1	discordant	0.002276591476224696	0.20919647920447346	frontal_cortex_ba9	M005	aerobic respiration, proton motive force-driven ATP synthesis, ATP biosynthetic process	0.8516230952368871	0.6943266079524877	1.044554375468332	1.2039804247529746	0.006381630414822287	0.5816053128548027	False	False						False	False	True	TERF2
549	ENSG00000147457	1	frontal_cortex_ba9	M005	0.006381630414822287	1.2039804247529746	1.2039804247529746	1	1	0	1	discordant	0.002276591476224696	0.20750118073597515	frontal_cortex_ba9	M005	aerobic respiration, proton motive force-driven ATP synthesis, ATP biosynthetic process	0.8516230952368871	0.6943266079524877	1.044554375468332	1.2039804247529746	0.006381630414822287	0.5816053128548027	False	False						False	False	True	CHMP7
550	ENSG00000182054	1	frontal_cortex_ba9	M005	0.006381630414822287	1.2039804247529746	1.2039804247529746	1	1	0	1	switch_only	0.002276591476224696	0.20743107932781943	frontal_cortex_ba9	M005	aerobic respiration, proton motive force-driven ATP synthesis, ATP biosynthetic process	0.8516230952368871	0.6943266079524877	1.044554375468332	1.2039804247529746	0.006381630414822287	0.5816053128548027	False	False						False	False	True	IDH2
551	ENSG00000070761	1	frontal_cortex_ba9	M005	0.006381630414822287	1.2039804247529746	1.2039804247529746	1	1	0	1	discordant	0.002276591476224696	0.20521307617621656	frontal_cortex_ba9	M005	aerobic respiration, proton motive force-driven ATP synthesis, ATP biosynthetic process	0.8516230952368871	0.6943266079524877	1.044554375468332	1.2039804247529746	0.006381630414822287	0.5816053128548027	False	False						False	False	True	CFAP20
552	ENSG00000129484	1	frontal_cortex_ba9	M005	0.006381630414822287	1.2039804247529746	1.2039804247529746	1	1	0	1	coupled	0.002276591476224696	0.20298832637951525	frontal_cortex_ba9	M005	aerobic respiration, proton motive force-driven ATP synthesis, ATP biosynthetic process	0.8516230952368871	0.6943266079524877	1.044554375468332	1.2039804247529746	0.006381630414822287	0.5816053128548027	False	False						False	False	True	PARP2
553	ENSG00000114626	1	frontal_cortex_ba9	M005	0.006381630414822287	1.2039804247529746	1.2039804247529746	1	1	0	0	abundance_only	0.002276591476224696	0.19133152579006854	frontal_cortex_ba9	M005	aerobic respiration, proton motive force-driven ATP synthesis, ATP biosynthetic process	0.8516230952368871	0.6943266079524877	1.044554375468332	1.2039804247529746	0.006381630414822287	0.5816053128548027	False	False						False	False	True	ABTB1
554	ENSG00000236104	1	frontal_cortex_ba9	M005	0.006381630414822287	1.2039804247529746	1.2039804247529746	1	1	0	0	abundance_only	0.002276591476224696	0.19104277733581035	frontal_cortex_ba9	M005	aerobic respiration, proton motive force-driven ATP synthesis, ATP biosynthetic process	0.8516230952368871	0.6943266079524877	1.044554375468332	1.2039804247529746	0.006381630414822287	0.5816053128548027	False	False						False	False	True	ZBTB22
555	ENSG00000118369	1	frontal_cortex_ba9	M005	0.006381630414822287	1.2039804247529746	1.2039804247529746	1	1	0	0	abundance_only	0.002276591476224696	0.1839244807642735	frontal_cortex_ba9	M005	aerobic respiration, proton motive force-driven ATP synthesis, ATP biosynthetic process	0.8516230952368871	0.6943266079524877	1.044554375468332	1.2039804247529746	0.006381630414822287	0.5816053128548027	False	False						False	False	True	USP35
556	ENSG00000138629	1	frontal_cortex_ba9	M005	0.006381630414822287	1.2039804247529746	1.2039804247529746	1	1	0	0	abundance_only	0.002276591476224696	0.18269604360572111	frontal_cortex_ba9	M005	aerobic respiration, proton motive force-driven ATP synthesis, ATP biosynthetic process	0.8516230952368871	0.6943266079524877	1.044554375468332	1.2039804247529746	0.006381630414822287	0.5816053128548027	False	False						False	False	True	UBL7
557	ENSG00000113068	1	frontal_cortex_ba9	M005	0.006381630414822287	1.2039804247529746	1.2039804247529746	1	1	0	0	abundance_only	0.002276591476224696	0.18180083393538024	frontal_cortex_ba9	M005	aerobic respiration, proton motive force-driven ATP synthesis, ATP biosynthetic process	0.8516230952368871	0.6943266079524877	1.044554375468332	1.2039804247529746	0.006381630414822287	0.5816053128548027	False	False						False	False	True	PFDN1
558	ENSG00000141552	1	frontal_cortex_ba9	M005	0.006381630414822287	1.2039804247529746	1.2039804247529746	1	1	0	0	abundance_only	0.002276591476224696	0.18157912469389506	frontal_cortex_ba9	M005	aerobic respiration, proton motive force-driven ATP synthesis, ATP biosynthetic process	0.8516230952368871	0.6943266079524877	1.044554375468332	1.2039804247529746	0.006381630414822287	0.5816053128548027	False	False						False	False	True	ANAPC11
559	ENSG00000188186	1	frontal_cortex_ba9	M005	0.006381630414822287	1.2039804247529746	1.2039804247529746	1	1	0	0	abundance_only	0.002276591476224696	0.18115779606588847	frontal_cortex_ba9	M005	aerobic respiration, proton motive force-driven ATP synthesis, ATP biosynthetic process	0.8516230952368871	0.6943266079524877	1.044554375468332	1.2039804247529746	0.006381630414822287	0.5816053128548027	False	False						False	False	True	LAMTOR4
560	ENSG00000213246	1	frontal_cortex_ba9	M005	0.006381630414822287	1.2039804247529746	1.2039804247529746	1	1	0	0	abundance_only	0.002276591476224696	0.17842720116411126	frontal_cortex_ba9	M005	aerobic respiration, proton motive force-driven ATP synthesis, ATP biosynthetic process	0.8516230952368871	0.6943266079524877	1.044554375468332	1.2039804247529746	0.006381630414822287	0.5816053128548027	False	False						False	False	True	SUPT4H1
561	ENSG00000179115	1	frontal_cortex_ba9	M005	0.006381630414822287	1.2039804247529746	1.2039804247529746	1	1	0	0	abundance_only	0.002276591476224696	0.17672219342162612	frontal_cortex_ba9	M005	aerobic respiration, proton motive force-driven ATP synthesis, ATP biosynthetic process	0.8516230952368871	0.6943266079524877	1.044554375468332	1.2039804247529746	0.006381630414822287	0.5816053128548027	False	False						False	False	True	FARSA
562	ENSG00000273611	1	frontal_cortex_ba9	M005	0.006381630414822287	1.2039804247529746	1.2039804247529746	1	1	0	0	abundance_only	0.002276591476224696	0.17165610839703643	frontal_cortex_ba9	M005	aerobic respiration, proton motive force-driven ATP synthesis, ATP biosynthetic process	0.8516230952368871	0.6943266079524877	1.044554375468332	1.2039804247529746	0.006381630414822287	0.5816053128548027	False	False						False	False	True	ZNHIT3
563	ENSG00000136630	1	frontal_cortex_ba9	M005	0.006381630414822287	1.2039804247529746	1.2039804247529746	1	1	0	0	inactive	0.002276591476224696	0.17045708359086442	frontal_cortex_ba9	M005	aerobic respiration, proton motive force-driven ATP synthesis, ATP biosynthetic process	0.8516230952368871	0.6943266079524877	1.044554375468332	1.2039804247529746	0.006381630414822287	0.5816053128548027	False	False						False	False	True	HLX
564	ENSG00000165916	1	frontal_cortex_ba9	M005	0.006381630414822287	1.2039804247529746	1.2039804247529746	1	1	0	0	abundance_only	0.002276591476224696	0.16656210250475909	frontal_cortex_ba9	M005	aerobic respiration, proton motive force-driven ATP synthesis, ATP biosynthetic process	0.8516230952368871	0.6943266079524877	1.044554375468332	1.2039804247529746	0.006381630414822287	0.5816053128548027	False	False						False	False	True	PSMC3
565	ENSG00000088727	1	frontal_cortex_ba9	M005	0.006381630414822287	1.2039804247529746	1.2039804247529746	1	1	0	0	abundance_only	0.002276591476224696	0.16644987398166483	frontal_cortex_ba9	M005	aerobic respiration, proton motive force-driven ATP synthesis, ATP biosynthetic process	0.8516230952368871	0.6943266079524877	1.044554375468332	1.2039804247529746	0.006381630414822287	0.5816053128548027	False	False						False	False	True	KIF9
566	ENSG00000173436	1	frontal_cortex_ba9	M005	0.006381630414822287	1.2039804247529746	1.2039804247529746	1	1	0	0	abundance_only	0.002276591476224696	0.1628741382369245	frontal_cortex_ba9	M005	aerobic respiration, proton motive force-driven ATP synthesis, ATP biosynthetic process	0.8516230952368871	0.6943266079524877	1.044554375468332	1.2039804247529746	0.006381630414822287	0.5816053128548027	False	False						False	False	True	MICOS10
567	ENSG00000101444	1	frontal_cortex_ba9	M005	0.006381630414822287	1.2039804247529746	1.2039804247529746	1	1	0	0	abundance_only	0.002276591476224696	0.16172867708952934	frontal_cortex_ba9	M005	aerobic respiration, proton motive force-driven ATP synthesis, ATP biosynthetic process	0.8516230952368871	0.6943266079524877	1.044554375468332	1.2039804247529746	0.006381630414822287	0.5816053128548027	False	False						False	False	True	AHCY
568	ENSG00000127184	1	frontal_cortex_ba9	M005	0.006381630414822287	1.2039804247529746	1.2039804247529746	1	1	0	0	abundance_only	0.002276591476224696	0.16100126956766128	frontal_cortex_ba9	M005	aerobic respiration, proton motive force-driven ATP synthesis, ATP biosynthetic process	0.8516230952368871	0.6943266079524877	1.044554375468332	1.2039804247529746	0.006381630414822287	0.5816053128548027	False	False						False	False	True	COX7C
569	ENSG00000053372	1	frontal_cortex_ba9	M005	0.006381630414822287	1.2039804247529746	1.2039804247529746	1	1	0	0	abundance_only	0.002276591476224696	0.16095328932654607	frontal_cortex_ba9	M005	aerobic respiration, proton motive force-driven ATP synthesis, ATP biosynthetic process	0.8516230952368871	0.6943266079524877	1.044554375468332	1.2039804247529746	0.006381630414822287	0.5816053128548027	False	False						False	False	True	MRTO4
570	ENSG00000065518	1	frontal_cortex_ba9	M005	0.006381630414822287	1.2039804247529746	1.2039804247529746	1	1	0	0	abundance_only	0.002276591476224696	0.16004496252622924	frontal_cortex_ba9	M005	aerobic respiration, proton motive force-driven ATP synthesis, ATP biosynthetic process	0.8516230952368871	0.6943266079524877	1.044554375468332	1.2039804247529746	0.006381630414822287	0.5816053128548027	False	False						False	False	True	NDUFB4
571	ENSG00000077549	1	frontal_cortex_ba9	M005	0.006381630414822287	1.2039804247529746	1.2039804247529746	1	1	0	0	abundance_only	0.002276591476224696	0.15956445107799344	frontal_cortex_ba9	M005	aerobic respiration, proton motive force-driven ATP synthesis, ATP biosynthetic process	0.8516230952368871	0.6943266079524877	1.044554375468332	1.2039804247529746	0.006381630414822287	0.5816053128548027	False	False						False	False	True	CAPZB
572	ENSG00000158019	1	frontal_cortex_ba9	M005	0.006381630414822287	1.2039804247529746	1.2039804247529746	1	1	0	0	abundance_only	0.002276591476224696	0.15573975267776172	frontal_cortex_ba9	M005	aerobic respiration, proton motive force-driven ATP synthesis, ATP biosynthetic process	0.8516230952368871	0.6943266079524877	1.044554375468332	1.2039804247529746	0.006381630414822287	0.5816053128548027	False	False						False	False	True	BABAM2
573	ENSG00000267673	1	frontal_cortex_ba9	M005	0.006381630414822287	1.2039804247529746	1.2039804247529746	1	1	0	0	abundance_only	0.002276591476224696	0.14622831462721755	frontal_cortex_ba9	M005	aerobic respiration, proton motive force-driven ATP synthesis, ATP biosynthetic process	0.8516230952368871	0.6943266079524877	1.044554375468332	1.2039804247529746	0.006381630414822287	0.5816053128548027	False	False						False	False	True	FDX2
574	ENSG00000166136	1	frontal_cortex_ba9	M005	0.006381630414822287	1.2039804247529746	1.2039804247529746	1	1	0	0	abundance_only	0.002276591476224696	0.142652394799811	frontal_cortex_ba9	M005	aerobic respiration, proton motive force-driven ATP synthesis, ATP biosynthetic process	0.8516230952368871	0.6943266079524877	1.044554375468332	1.2039804247529746	0.006381630414822287	0.5816053128548027	False	False						False	False	True	NDUFB8
575	ENSG00000116871	1	frontal_cortex_ba9	M005	0.006381630414822287	1.2039804247529746	1.2039804247529746	1	1	0	0	abundance_only	0.002276591476224696	0.1424299685651291	frontal_cortex_ba9	M005	aerobic respiration, proton motive force-driven ATP synthesis, ATP biosynthetic process	0.8516230952368871	0.6943266079524877	1.044554375468332	1.2039804247529746	0.006381630414822287	0.5816053128548027	False	False						False	False	True	MAP7D1
576	ENSG00000067829	1	frontal_cortex_ba9	M005	0.006381630414822287	1.2039804247529746	1.2039804247529746	1	1	0	0	abundance_only	0.002276591476224696	0.1403095531809816	frontal_cortex_ba9	M005	aerobic respiration, proton motive force-driven ATP synthesis, ATP biosynthetic process	0.8516230952368871	0.6943266079524877	1.044554375468332	1.2039804247529746	0.006381630414822287	0.5816053128548027	False	False						False	False	True	IDH3G
577	ENSG00000062582	1	frontal_cortex_ba9	M005	0.006381630414822287	1.2039804247529746	1.2039804247529746	1	1	0	0	abundance_only	0.002276591476224696	0.13479971999746823	frontal_cortex_ba9	M005	aerobic respiration, proton motive force-driven ATP synthesis, ATP biosynthetic process	0.8516230952368871	0.6943266079524877	1.044554375468332	1.2039804247529746	0.006381630414822287	0.5816053128548027	False	False						False	False	True	MRPS24
578	ENSG00000143222	1	frontal_cortex_ba9	M005	0.006381630414822287	1.2039804247529746	1.2039804247529746	1	1	0	0	abundance_only	0.002276591476224696	0.13279664673986782	frontal_cortex_ba9	M005	aerobic respiration, proton motive force-driven ATP synthesis, ATP biosynthetic process	0.8516230952368871	0.6943266079524877	1.044554375468332	1.2039804247529746	0.006381630414822287	0.5816053128548027	False	False						False	False	True	UFC1
579	ENSG00000167792	1	frontal_cortex_ba9	M005	0.006381630414822287	1.2039804247529746	1.2039804247529746	1	1	0	0	abundance_only	0.002276591476224696	0.13275625687212828	frontal_cortex_ba9	M005	aerobic respiration, proton motive force-driven ATP synthesis, ATP biosynthetic process	0.8516230952368871	0.6943266079524877	1.044554375468332	1.2039804247529746	0.006381630414822287	0.5816053128548027	False	False						False	False	True	NDUFV1
580	ENSG00000143436	1	frontal_cortex_ba9	M005	0.006381630414822287	1.2039804247529746	1.2039804247529746	1	1	0	0	abundance_only	0.002276591476224696	0.13049660239582084	frontal_cortex_ba9	M005	aerobic respiration, proton motive force-driven ATP synthesis, ATP biosynthetic process	0.8516230952368871	0.6943266079524877	1.044554375468332	1.2039804247529746	0.006381630414822287	0.5816053128548027	False	False						False	False	True	MRPL9
581	ENSG00000156411	1	frontal_cortex_ba9	M005	0.006381630414822287	1.2039804247529746	1.2039804247529746	1	1	0	0	abundance_only	0.002276591476224696	0.1298072770293449	frontal_cortex_ba9	M005	aerobic respiration, proton motive force-driven ATP synthesis, ATP biosynthetic process	0.8516230952368871	0.6943266079524877	1.044554375468332	1.2039804247529746	0.006381630414822287	0.5816053128548027	False	False						False	False	True	ATP5MJ
582	ENSG00000181789	1	frontal_cortex_ba9	M005	0.006381630414822287	1.2039804247529746	1.2039804247529746	1	1	0	0	abundance_only	0.002276591476224696	0.1292736549604331	frontal_cortex_ba9	M005	aerobic respiration, proton motive force-driven ATP synthesis, ATP biosynthetic process	0.8516230952368871	0.6943266079524877	1.044554375468332	1.2039804247529746	0.006381630414822287	0.5816053128548027	False	False						False	False	True	COPG1
583	ENSG00000163541	1	frontal_cortex_ba9	M005	0.006381630414822287	1.2039804247529746	1.2039804247529746	1	1	0	0	abundance_only	0.002276591476224696	0.12861712413330098	frontal_cortex_ba9	M005	aerobic respiration, proton motive force-driven ATP synthesis, ATP biosynthetic process	0.8516230952368871	0.6943266079524877	1.044554375468332	1.2039804247529746	0.006381630414822287	0.5816053128548027	False	False						False	False	True	SUCLG1
584	ENSG00000169750	1	frontal_cortex_ba9	M005	0.006381630414822287	1.2039804247529746	1.2039804247529746	1	1	0	0	abundance_only	0.002276591476224696	0.12853423161279065	frontal_cortex_ba9	M005	aerobic respiration, proton motive force-driven ATP synthesis, ATP biosynthetic process	0.8516230952368871	0.6943266079524877	1.044554375468332	1.2039804247529746	0.006381630414822287	0.5816053128548027	False	False						False	False	True	RAC3
585	ENSG00000108344	1	frontal_cortex_ba9	M005	0.006381630414822287	1.2039804247529746	1.2039804247529746	1	1	0	0	abundance_only	0.002276591476224696	0.1277494920458618	frontal_cortex_ba9	M005	aerobic respiration, proton motive force-driven ATP synthesis, ATP biosynthetic process	0.8516230952368871	0.6943266079524877	1.044554375468332	1.2039804247529746	0.006381630414822287	0.5816053128548027	False	False						False	False	True	PSMD3
586	ENSG00000089220	1	frontal_cortex_ba9	M005	0.006381630414822287	1.2039804247529746	1.2039804247529746	1	1	0	0	abundance_only	0.002276591476224696	0.12743572632898917	frontal_cortex_ba9	M005	aerobic respiration, proton motive force-driven ATP synthesis, ATP biosynthetic process	0.8516230952368871	0.6943266079524877	1.044554375468332	1.2039804247529746	0.006381630414822287	0.5816053128548027	False	False						False	False	True	PEBP1
587	ENSG00000172336	1	frontal_cortex_ba9	M005	0.006381630414822287	1.2039804247529746	1.2039804247529746	1	1	0	0	abundance_only	0.002276591476224696	0.1268187560445585	frontal_cortex_ba9	M005	aerobic respiration, proton motive force-driven ATP synthesis, ATP biosynthetic process	0.8516230952368871	0.6943266079524877	1.044554375468332	1.2039804247529746	0.006381630414822287	0.5816053128548027	False	False						False	False	True	POP7
588	ENSG00000198356	1	frontal_cortex_ba9	M005	0.006381630414822287	1.2039804247529746	1.2039804247529746	1	1	0	0	abundance_only	0.002276591476224696	0.12056235194619071	frontal_cortex_ba9	M005	aerobic respiration, proton motive force-driven ATP synthesis, ATP biosynthetic process	0.8516230952368871	0.6943266079524877	1.044554375468332	1.2039804247529746	0.006381630414822287	0.5816053128548027	False	False						False	False	True	GET3
589	ENSG00000160785	1	frontal_cortex_ba9	M005	0.006381630414822287	1.2039804247529746	1.2039804247529746	1	1	0	0	abundance_only	0.002276591476224696	0.11890471285258035	frontal_cortex_ba9	M005	aerobic respiration, proton motive force-driven ATP synthesis, ATP biosynthetic process	0.8516230952368871	0.6943266079524877	1.044554375468332	1.2039804247529746	0.006381630414822287	0.5816053128548027	False	False						False	False	True	SLC25A44
590	ENSG00000005022	1	frontal_cortex_ba9	M005	0.006381630414822287	1.2039804247529746	1.2039804247529746	1	1	0	0	abundance_only	0.002276591476224696	0.11823975566983631	frontal_cortex_ba9	M005	aerobic respiration, proton motive force-driven ATP synthesis, ATP biosynthetic process	0.8516230952368871	0.6943266079524877	1.044554375468332	1.2039804247529746	0.006381630414822287	0.5816053128548027	False	False						False	False	True	SLC25A5
591	ENSG00000105404	1	frontal_cortex_ba9	M005	0.006381630414822287	1.2039804247529746	1.2039804247529746	1	1	0	0	abundance_only	0.002276591476224696	0.1174623402796254	frontal_cortex_ba9	M005	aerobic respiration, proton motive force-driven ATP synthesis, ATP biosynthetic process	0.8516230952368871	0.6943266079524877	1.044554375468332	1.2039804247529746	0.006381630414822287	0.5816053128548027	False	False						False	False	True	RABAC1
592	ENSG00000171314	1	frontal_cortex_ba9	M005	0.006381630414822287	1.2039804247529746	1.2039804247529746	1	1	0	0	abundance_only	0.002276591476224696	0.11732411129968427	frontal_cortex_ba9	M005	aerobic respiration, proton motive force-driven ATP synthesis, ATP biosynthetic process	0.8516230952368871	0.6943266079524877	1.044554375468332	1.2039804247529746	0.006381630414822287	0.5816053128548027	False	False						False	False	True	PGAM1
593	ENSG00000178896	1	frontal_cortex_ba9	M005	0.006381630414822287	1.2039804247529746	1.2039804247529746	1	1	0	0	abundance_only	0.002276591476224696	0.11607294108997217	frontal_cortex_ba9	M005	aerobic respiration, proton motive force-driven ATP synthesis, ATP biosynthetic process	0.8516230952368871	0.6943266079524877	1.044554375468332	1.2039804247529746	0.006381630414822287	0.5816053128548027	False	False						False	False	True	EXOSC4
594	ENSG00000214113	1	frontal_cortex_ba9	M005	0.006381630414822287	1.2039804247529746	1.2039804247529746	1	1	0	0	abundance_only	0.002276591476224696	0.11575328747444966	frontal_cortex_ba9	M005	aerobic respiration, proton motive force-driven ATP synthesis, ATP biosynthetic process	0.8516230952368871	0.6943266079524877	1.044554375468332	1.2039804247529746	0.006381630414822287	0.5816053128548027	False	False						False	False	True	LYRM4
595	ENSG00000163170	1	frontal_cortex_ba9	M005	0.006381630414822287	1.2039804247529746	1.2039804247529746	1	1	0	0	abundance_only	0.002276591476224696	0.11419342495976641	frontal_cortex_ba9	M005	aerobic respiration, proton motive force-driven ATP synthesis, ATP biosynthetic process	0.8516230952368871	0.6943266079524877	1.044554375468332	1.2039804247529746	0.006381630414822287	0.5816053128548027	False	False						False	False	True	BOLA3
596	ENSG00000141759	1	frontal_cortex_ba9	M005	0.006381630414822287	1.2039804247529746	1.2039804247529746	1	1	0	0	abundance_only	0.002276591476224696	0.11388397202527586	frontal_cortex_ba9	M005	aerobic respiration, proton motive force-driven ATP synthesis, ATP biosynthetic process	0.8516230952368871	0.6943266079524877	1.044554375468332	1.2039804247529746	0.006381630414822287	0.5816053128548027	False	False						False	False	True	TXNL4A
597	ENSG00000138495	1	frontal_cortex_ba9	M005	0.006381630414822287	1.2039804247529746	1.2039804247529746	1	1	0	0	abundance_only	0.002276591476224696	0.11321359624808536	frontal_cortex_ba9	M005	aerobic respiration, proton motive force-driven ATP synthesis, ATP biosynthetic process	0.8516230952368871	0.6943266079524877	1.044554375468332	1.2039804247529746	0.006381630414822287	0.5816053128548027	False	False						False	False	True	COX17
598	ENSG00000217930	1	frontal_cortex_ba9	M005	0.006381630414822287	1.2039804247529746	1.2039804247529746	1	1	0	0	abundance_only	0.002276591476224696	0.1107560447283308	frontal_cortex_ba9	M005	aerobic respiration, proton motive force-driven ATP synthesis, ATP biosynthetic process	0.8516230952368871	0.6943266079524877	1.044554375468332	1.2039804247529746	0.006381630414822287	0.5816053128548027	False	False						False	False	True	PAM16
599	ENSG00000112651	1	frontal_cortex_ba9	M005	0.006381630414822287	1.2039804247529746	1.2039804247529746	1	1	0	0	abundance_only	0.002276591476224696	0.11073039771035055	frontal_cortex_ba9	M005	aerobic respiration, proton motive force-driven ATP synthesis, ATP biosynthetic process	0.8516230952368871	0.6943266079524877	1.044554375468332	1.2039804247529746	0.006381630414822287	0.5816053128548027	False	False						False	False	True	MRPL2
600	ENSG00000177628	1	frontal_cortex_ba9	M005	0.006381630414822287	1.2039804247529746	1.2039804247529746	1	1	0	0	abundance_only	0.002276591476224696	0.10965764763481423	frontal_cortex_ba9	M005	aerobic respiration, proton motive force-driven ATP synthesis, ATP biosynthetic process	0.8516230952368871	0.6943266079524877	1.044554375468332	1.2039804247529746	0.006381630414822287	0.5816053128548027	False	False						False	False	True	GBA1
601	ENSG00000123416	1	frontal_cortex_ba9	M005	0.006381630414822287	1.2039804247529746	1.2039804247529746	1	1	0	0	abundance_only	0.002276591476224696	0.10795468448375029	frontal_cortex_ba9	M005	aerobic respiration, proton motive force-driven ATP synthesis, ATP biosynthetic process	0.8516230952368871	0.6943266079524877	1.044554375468332	1.2039804247529746	0.006381630414822287	0.5816053128548027	False	False						False	False	True	TUBA1B
602	ENSG00000126249	1	frontal_cortex_ba9	M005	0.006381630414822287	1.2039804247529746	1.2039804247529746	1	1	0	0	abundance_only	0.002276591476224696	0.10598245336500688	frontal_cortex_ba9	M005	aerobic respiration, proton motive force-driven ATP synthesis, ATP biosynthetic process	0.8516230952368871	0.6943266079524877	1.044554375468332	1.2039804247529746	0.006381630414822287	0.5816053128548027	False	False						False	False	True	PDCD2L
603	ENSG00000196262	1	frontal_cortex_ba9	M005	0.006381630414822287	1.2039804247529746	1.2039804247529746	1	1	0	0	abundance_only	0.002276591476224696	0.10542013686436882	frontal_cortex_ba9	M005	aerobic respiration, proton motive force-driven ATP synthesis, ATP biosynthetic process	0.8516230952368871	0.6943266079524877	1.044554375468332	1.2039804247529746	0.006381630414822287	0.5816053128548027	False	False						False	False	True	PPIA
604	ENSG00000174886	1	frontal_cortex_ba9	M005	0.006381630414822287	1.2039804247529746	1.2039804247529746	1	1	0	0	abundance_only	0.002276591476224696	0.10422286880648104	frontal_cortex_ba9	M005	aerobic respiration, proton motive force-driven ATP synthesis, ATP biosynthetic process	0.8516230952368871	0.6943266079524877	1.044554375468332	1.2039804247529746	0.006381630414822287	0.5816053128548027	False	False						False	False	True	NDUFA11
605	ENSG00000139579	1	frontal_cortex_ba9	M005	0.006381630414822287	1.2039804247529746	1.2039804247529746	1	1	0	0	abundance_only	0.002276591476224696	0.10391765601318648	frontal_cortex_ba9	M005	aerobic respiration, proton motive force-driven ATP synthesis, ATP biosynthetic process	0.8516230952368871	0.6943266079524877	1.044554375468332	1.2039804247529746	0.006381630414822287	0.5816053128548027	False	False						False	False	True	NABP2
606	ENSG00000099817	1	frontal_cortex_ba9	M005	0.006381630414822287	1.2039804247529746	1.2039804247529746	1	1	0	0	abundance_only	0.002276591476224696	0.10213840283391662	frontal_cortex_ba9	M005	aerobic respiration, proton motive force-driven ATP synthesis, ATP biosynthetic process	0.8516230952368871	0.6943266079524877	1.044554375468332	1.2039804247529746	0.006381630414822287	0.5816053128548027	False	False						False	False	True	POLR2E
607	ENSG00000164405	1	frontal_cortex_ba9	M005	0.006381630414822287	1.2039804247529746	1.2039804247529746	1	1	0	0	abundance_only	0.002276591476224696	0.09801349527229784	frontal_cortex_ba9	M005	aerobic respiration, proton motive force-driven ATP synthesis, ATP biosynthetic process	0.8516230952368871	0.6943266079524877	1.044554375468332	1.2039804247529746	0.006381630414822287	0.5816053128548027	False	False						False	False	True	UQCRQ
608	ENSG00000213672	1	frontal_cortex_ba9	M005	0.006381630414822287	1.2039804247529746	1.2039804247529746	1	1	0	0	abundance_only	0.002276591476224696	0.09670772665208216	frontal_cortex_ba9	M005	aerobic respiration, proton motive force-driven ATP synthesis, ATP biosynthetic process	0.8516230952368871	0.6943266079524877	1.044554375468332	1.2039804247529746	0.006381630414822287	0.5816053128548027	False	False						False	False	True	NCKIPSD
609	ENSG00000132004	1	frontal_cortex_ba9	M005	0.006381630414822287	1.2039804247529746	1.2039804247529746	1	1	0	0	abundance_only	0.002276591476224696	0.0913833951878823	frontal_cortex_ba9	M005	aerobic respiration, proton motive force-driven ATP synthesis, ATP biosynthetic process	0.8516230952368871	0.6943266079524877	1.044554375468332	1.2039804247529746	0.006381630414822287	0.5816053128548027	False	False						False	False	True	FBXW9
610	ENSG00000077348	1	frontal_cortex_ba9	M005	0.006381630414822287	1.2039804247529746	1.2039804247529746	1	1	0	0	abundance_only	0.002276591476224696	0.09130472284028805	frontal_cortex_ba9	M005	aerobic respiration, proton motive force-driven ATP synthesis, ATP biosynthetic process	0.8516230952368871	0.6943266079524877	1.044554375468332	1.2039804247529746	0.006381630414822287	0.5816053128548027	False	False						False	False	True	EXOSC5
611	ENSG00000136521	1	frontal_cortex_ba9	M005	0.006381630414822287	1.2039804247529746	1.2039804247529746	1	1	0	0	abundance_only	0.002276591476224696	0.0865456840800711	frontal_cortex_ba9	M005	aerobic respiration, proton motive force-driven ATP synthesis, ATP biosynthetic process	0.8516230952368871	0.6943266079524877	1.044554375468332	1.2039804247529746	0.006381630414822287	0.5816053128548027	False	False						False	False	True	NDUFB5
612	ENSG00000143198	1	frontal_cortex_ba9	M005	0.006381630414822287	1.2039804247529746	1.2039804247529746	1	1	0	0	abundance_only	0.002276591476224696	0.08622502750725186	frontal_cortex_ba9	M005	aerobic respiration, proton motive force-driven ATP synthesis, ATP biosynthetic process	0.8516230952368871	0.6943266079524877	1.044554375468332	1.2039804247529746	0.006381630414822287	0.5816053128548027	False	False						False	False	True	MGST3
613	ENSG00000124688	1	frontal_cortex_ba9	M005	0.006381630414822287	1.2039804247529746	1.2039804247529746	1	1	0	0	abundance_only	0.002276591476224696	0.08530525363232393	frontal_cortex_ba9	M005	aerobic respiration, proton motive force-driven ATP synthesis, ATP biosynthetic process	0.8516230952368871	0.6943266079524877	1.044554375468332	1.2039804247529746	0.006381630414822287	0.5816053128548027	False	False						False	False	True	MAD2L1BP
614	ENSG00000244687	1	frontal_cortex_ba9	M005	0.006381630414822287	1.2039804247529746	1.2039804247529746	1	1	0	0	abundance_only	0.002276591476224696	0.08452834250702218	frontal_cortex_ba9	M005	aerobic respiration, proton motive force-driven ATP synthesis, ATP biosynthetic process	0.8516230952368871	0.6943266079524877	1.044554375468332	1.2039804247529746	0.006381630414822287	0.5816053128548027	False	False						False	False	True	UBE2V1
615	ENSG00000203877	1	frontal_cortex_ba9	M005	0.006381630414822287	1.2039804247529746	1.2039804247529746	1	1	0	0	abundance_only	0.002276591476224696	0.08223951714747126	frontal_cortex_ba9	M005	aerobic respiration, proton motive force-driven ATP synthesis, ATP biosynthetic process	0.8516230952368871	0.6943266079524877	1.044554375468332	1.2039804247529746	0.006381630414822287	0.5816053128548027	False	False						False	False	True	RIPPLY2
616	ENSG00000101337	1	frontal_cortex_ba9	M005	0.006381630414822287	1.2039804247529746	1.2039804247529746	1	1	0	0	abundance_only	0.002276591476224696	0.08037350744032272	frontal_cortex_ba9	M005	aerobic respiration, proton motive force-driven ATP synthesis, ATP biosynthetic process	0.8516230952368871	0.6943266079524877	1.044554375468332	1.2039804247529746	0.006381630414822287	0.5816053128548027	False	False						False	False	True	TM9SF4
617	ENSG00000130770	1	frontal_cortex_ba9	M005	0.006381630414822287	1.2039804247529746	1.2039804247529746	1	1	0	0	abundance_only	0.002276591476224696	0.07972766722013365	frontal_cortex_ba9	M005	aerobic respiration, proton motive force-driven ATP synthesis, ATP biosynthetic process	0.8516230952368871	0.6943266079524877	1.044554375468332	1.2039804247529746	0.006381630414822287	0.5816053128548027	False	False						False	False	True	ATP5IF1
618	ENSG00000164919	1	frontal_cortex_ba9	M005	0.006381630414822287	1.2039804247529746	1.2039804247529746	1	1	0	0	abundance_only	0.002276591476224696	0.0778473358221684	frontal_cortex_ba9	M005	aerobic respiration, proton motive force-driven ATP synthesis, ATP biosynthetic process	0.8516230952368871	0.6943266079524877	1.044554375468332	1.2039804247529746	0.006381630414822287	0.5816053128548027	False	False						False	False	True	COX6C
619	ENSG00000182934	1	frontal_cortex_ba9	M005	0.006381630414822287	1.2039804247529746	1.2039804247529746	1	1	0	0	abundance_only	0.002276591476224696	0.07703249294237563	frontal_cortex_ba9	M005	aerobic respiration, proton motive force-driven ATP synthesis, ATP biosynthetic process	0.8516230952368871	0.6943266079524877	1.044554375468332	1.2039804247529746	0.006381630414822287	0.5816053128548027	False	False						False	False	True	SRPRA
620	ENSG00000215845	1	frontal_cortex_ba9	M005	0.006381630414822287	1.2039804247529746	1.2039804247529746	1	1	0	0	abundance_only	0.002276591476224696	0.07588335646896244	frontal_cortex_ba9	M005	aerobic respiration, proton motive force-driven ATP synthesis, ATP biosynthetic process	0.8516230952368871	0.6943266079524877	1.044554375468332	1.2039804247529746	0.006381630414822287	0.5816053128548027	False	False						False	False	True	TSTD1
621	ENSG00000167815	1	frontal_cortex_ba9	M005	0.006381630414822287	1.2039804247529746	1.2039804247529746	1	1	0	0	abundance_only	0.002276591476224696	0.07582172186252964	frontal_cortex_ba9	M005	aerobic respiration, proton motive force-driven ATP synthesis, ATP biosynthetic process	0.8516230952368871	0.6943266079524877	1.044554375468332	1.2039804247529746	0.006381630414822287	0.5816053128548027	False	False						False	False	True	PRDX2
622	ENSG00000160993	1	frontal_cortex_ba9	M005	0.006381630414822287	1.2039804247529746	1.2039804247529746	1	1	0	0	abundance_only	0.002276591476224696	0.07457331672071701	frontal_cortex_ba9	M005	aerobic respiration, proton motive force-driven ATP synthesis, ATP biosynthetic process	0.8516230952368871	0.6943266079524877	1.044554375468332	1.2039804247529746	0.006381630414822287	0.5816053128548027	False	False						False	False	True	ALKBH4
623	ENSG00000128524	1	frontal_cortex_ba9	M005	0.006381630414822287	1.2039804247529746	1.2039804247529746	1	1	0	0	abundance_only	0.002276591476224696	0.07354074217084282	frontal_cortex_ba9	M005	aerobic respiration, proton motive force-driven ATP synthesis, ATP biosynthetic process	0.8516230952368871	0.6943266079524877	1.044554375468332	1.2039804247529746	0.006381630414822287	0.5816053128548027	False	False						False	False	True	ATP6V1F
624	ENSG00000112695	1	frontal_cortex_ba9	M005	0.006381630414822287	1.2039804247529746	1.2039804247529746	1	1	0	0	abundance_only	0.002276591476224696	0.07323206285421766	frontal_cortex_ba9	M005	aerobic respiration, proton motive force-driven ATP synthesis, ATP biosynthetic process	0.8516230952368871	0.6943266079524877	1.044554375468332	1.2039804247529746	0.006381630414822287	0.5816053128548027	False	False						False	False	True	COX7A2
625	ENSG00000126432	1	frontal_cortex_ba9	M005	0.006381630414822287	1.2039804247529746	1.2039804247529746	1	1	0	0	abundance_only	0.002276591476224696	0.07086924169600416	frontal_cortex_ba9	M005	aerobic respiration, proton motive force-driven ATP synthesis, ATP biosynthetic process	0.8516230952368871	0.6943266079524877	1.044554375468332	1.2039804247529746	0.006381630414822287	0.5816053128548027	False	False						False	False	True	PRDX5
626	ENSG00000213123	1	frontal_cortex_ba9	M005	0.006381630414822287	1.2039804247529746	1.2039804247529746	1	1	0	0	abundance_only	0.002276591476224696	0.0705927672678573	frontal_cortex_ba9	M005	aerobic respiration, proton motive force-driven ATP synthesis, ATP biosynthetic process	0.8516230952368871	0.6943266079524877	1.044554375468332	1.2039804247529746	0.006381630414822287	0.5816053128548027	False	False						False	False	True	DYNLT2B
627	ENSG00000105364	1	frontal_cortex_ba9	M005	0.006381630414822287	1.2039804247529746	1.2039804247529746	1	1	0	0	abundance_only	0.002276591476224696	0.06981713488688056	frontal_cortex_ba9	M005	aerobic respiration, proton motive force-driven ATP synthesis, ATP biosynthetic process	0.8516230952368871	0.6943266079524877	1.044554375468332	1.2039804247529746	0.006381630414822287	0.5816053128548027	False	False						False	False	True	MRPL4
628	ENSG00000031698	1	frontal_cortex_ba9	M005	0.006381630414822287	1.2039804247529746	1.2039804247529746	1	1	0	0	abundance_only	0.002276591476224696	0.06283811207705747	frontal_cortex_ba9	M005	aerobic respiration, proton motive force-driven ATP synthesis, ATP biosynthetic process	0.8516230952368871	0.6943266079524877	1.044554375468332	1.2039804247529746	0.006381630414822287	0.5816053128548027	False	False						False	False	True	SARS1
629	ENSG00000091640	1	frontal_cortex_ba9	M005	0.006381630414822287	1.2039804247529746	1.2039804247529746	1	1	0	0	abundance_only	0.002276591476224696	0.06116340687695912	frontal_cortex_ba9	M005	aerobic respiration, proton motive force-driven ATP synthesis, ATP biosynthetic process	0.8516230952368871	0.6943266079524877	1.044554375468332	1.2039804247529746	0.006381630414822287	0.5816053128548027	False	False						False	False	True	SPAG7
630	ENSG00000142507	1	frontal_cortex_ba9	M005	0.006381630414822287	1.2039804247529746	1.2039804247529746	1	1	0	0	abundance_only	0.002276591476224696	0.06088858186060006	frontal_cortex_ba9	M005	aerobic respiration, proton motive force-driven ATP synthesis, ATP biosynthetic process	0.8516230952368871	0.6943266079524877	1.044554375468332	1.2039804247529746	0.006381630414822287	0.5816053128548027	False	False						False	False	True	PSMB6
631	ENSG00000114383	1	frontal_cortex_ba9	M005	0.006381630414822287	1.2039804247529746	1.2039804247529746	1	1	0	0	abundance_only	0.002276591476224696	0.06034956175850533	frontal_cortex_ba9	M005	aerobic respiration, proton motive force-driven ATP synthesis, ATP biosynthetic process	0.8516230952368871	0.6943266079524877	1.044554375468332	1.2039804247529746	0.006381630414822287	0.5816053128548027	False	False						False	False	True	TUSC2
632	ENSG00000035141	1	frontal_cortex_ba9	M005	0.006381630414822287	1.2039804247529746	1.2039804247529746	1	1	0	0	abundance_only	0.002276591476224696	0.058616733965107685	frontal_cortex_ba9	M005	aerobic respiration, proton motive force-driven ATP synthesis, ATP biosynthetic process	0.8516230952368871	0.6943266079524877	1.044554375468332	1.2039804247529746	0.006381630414822287	0.5816053128548027	False	False						False	False	True	FAM136A
633	ENSG00000254531	1	frontal_cortex_ba9	M005	0.006381630414822287	1.2039804247529746	1.2039804247529746	1	1	0	0	abundance_only	0.002276591476224696	0.0559433282320368	frontal_cortex_ba9	M005	aerobic respiration, proton motive force-driven ATP synthesis, ATP biosynthetic process	0.8516230952368871	0.6943266079524877	1.044554375468332	1.2039804247529746	0.006381630414822287	0.5816053128548027	False	False						False	False	True	ENSG00000254531
634	ENSG00000122359	1	frontal_cortex_ba9	M005	0.006381630414822287	1.2039804247529746	1.2039804247529746	1	1	0	0	abundance_only	0.002276591476224696	0.055534000965958605	frontal_cortex_ba9	M005	aerobic respiration, proton motive force-driven ATP synthesis, ATP biosynthetic process	0.8516230952368871	0.6943266079524877	1.044554375468332	1.2039804247529746	0.006381630414822287	0.5816053128548027	False	False						False	False	True	ANXA11
635	ENSG00000220205	1	frontal_cortex_ba9	M005	0.006381630414822287	1.2039804247529746	1.2039804247529746	1	1	0	0	abundance_only	0.002276591476224696	0.053438676426568577	frontal_cortex_ba9	M005	aerobic respiration, proton motive force-driven ATP synthesis, ATP biosynthetic process	0.8516230952368871	0.6943266079524877	1.044554375468332	1.2039804247529746	0.006381630414822287	0.5816053128548027	False	False						False	False	True	VAMP2
636	ENSG00000175550	1	frontal_cortex_ba9	M005	0.006381630414822287	1.2039804247529746	1.2039804247529746	1	1	0	0	abundance_only	0.002276591476224696	0.05233394930753119	frontal_cortex_ba9	M005	aerobic respiration, proton motive force-driven ATP synthesis, ATP biosynthetic process	0.8516230952368871	0.6943266079524877	1.044554375468332	1.2039804247529746	0.006381630414822287	0.5816053128548027	False	False						False	False	True	DRAP1
637	ENSG00000219200	1	frontal_cortex_ba9	M005	0.006381630414822287	1.2039804247529746	1.2039804247529746	1	1	0	0	abundance_only	0.002276591476224696	0.04969773565626245	frontal_cortex_ba9	M005	aerobic respiration, proton motive force-driven ATP synthesis, ATP biosynthetic process	0.8516230952368871	0.6943266079524877	1.044554375468332	1.2039804247529746	0.006381630414822287	0.5816053128548027	False	False						False	False	True	RNASEK
638	ENSG00000142168	1	frontal_cortex_ba9	M005	0.006381630414822287	1.2039804247529746	1.2039804247529746	1	1	0	0	abundance_only	0.002276591476224696	0.04895604868344251	frontal_cortex_ba9	M005	aerobic respiration, proton motive force-driven ATP synthesis, ATP biosynthetic process	0.8516230952368871	0.6943266079524877	1.044554375468332	1.2039804247529746	0.006381630414822287	0.5816053128548027	False	False						False	False	True	SOD1
639	ENSG00000089248	1	frontal_cortex_ba9	M005	0.006381630414822287	1.2039804247529746	1.2039804247529746	1	1	0	0	abundance_only	0.002276591476224696	0.048819181901994614	frontal_cortex_ba9	M005	aerobic respiration, proton motive force-driven ATP synthesis, ATP biosynthetic process	0.8516230952368871	0.6943266079524877	1.044554375468332	1.2039804247529746	0.006381630414822287	0.5816053128548027	False	False						False	False	True	ERP29
640	ENSG00000112130	1	frontal_cortex_ba9	M005	0.006381630414822287	1.2039804247529746	1.2039804247529746	1	1	0	0	abundance_only	0.002276591476224696	0.04746487210417921	frontal_cortex_ba9	M005	aerobic respiration, proton motive force-driven ATP synthesis, ATP biosynthetic process	0.8516230952368871	0.6943266079524877	1.044554375468332	1.2039804247529746	0.006381630414822287	0.5816053128548027	False	False						False	False	True	RNF8
641	ENSG00000164535	1	frontal_cortex_ba9	M005	0.006381630414822287	1.2039804247529746	1.2039804247529746	1	1	0	0	abundance_only	0.002276591476224696	0.04649056213020249	frontal_cortex_ba9	M005	aerobic respiration, proton motive force-driven ATP synthesis, ATP biosynthetic process	0.8516230952368871	0.6943266079524877	1.044554375468332	1.2039804247529746	0.006381630414822287	0.5816053128548027	False	False						False	False	True	DAGLB
642	ENSG00000175279	1	frontal_cortex_ba9	M005	0.006381630414822287	1.2039804247529746	1.2039804247529746	1	1	0	0	abundance_only	0.002276591476224696	0.04538298082148933	frontal_cortex_ba9	M005	aerobic respiration, proton motive force-driven ATP synthesis, ATP biosynthetic process	0.8516230952368871	0.6943266079524877	1.044554375468332	1.2039804247529746	0.006381630414822287	0.5816053128548027	False	False						False	False	True	CENPS
643	ENSG00000166352	1	frontal_cortex_ba9	M005	0.006381630414822287	1.2039804247529746	1.2039804247529746	1	1	0	0	abundance_only	0.002276591476224696	0.03957788787273731	frontal_cortex_ba9	M005	aerobic respiration, proton motive force-driven ATP synthesis, ATP biosynthetic process	0.8516230952368871	0.6943266079524877	1.044554375468332	1.2039804247529746	0.006381630414822287	0.5816053128548027	False	False						False	False	True	IFTAP
644	ENSG00000130734	1	frontal_cortex_ba9	M005	0.006381630414822287	1.2039804247529746	1.2039804247529746	1	1	0	0	abundance_only	0.002276591476224696	0.03917437080817962	frontal_cortex_ba9	M005	aerobic respiration, proton motive force-driven ATP synthesis, ATP biosynthetic process	0.8516230952368871	0.6943266079524877	1.044554375468332	1.2039804247529746	0.006381630414822287	0.5816053128548027	False	False						False	False	True	ATG4D
645	ENSG00000127540	1	frontal_cortex_ba9	M005	0.006381630414822287	1.2039804247529746	1.2039804247529746	1	1	0	0	abundance_only	0.002276591476224696	0.037994478277533224	frontal_cortex_ba9	M005	aerobic respiration, proton motive force-driven ATP synthesis, ATP biosynthetic process	0.8516230952368871	0.6943266079524877	1.044554375468332	1.2039804247529746	0.006381630414822287	0.5816053128548027	False	False						False	False	True	UQCR11
646	ENSG00000116288	1	frontal_cortex_ba9	M005	0.006381630414822287	1.2039804247529746	1.2039804247529746	1	1	0	0	abundance_only	0.002276591476224696	0.03791082906052532	frontal_cortex_ba9	M005	aerobic respiration, proton motive force-driven ATP synthesis, ATP biosynthetic process	0.8516230952368871	0.6943266079524877	1.044554375468332	1.2039804247529746	0.006381630414822287	0.5816053128548027	False	False						False	False	True	PARK7
647	ENSG00000196465	1	frontal_cortex_ba9	M005	0.006381630414822287	1.2039804247529746	1.2039804247529746	1	1	0	0	abundance_only	0.002276591476224696	0.03558274513457677	frontal_cortex_ba9	M005	aerobic respiration, proton motive force-driven ATP synthesis, ATP biosynthetic process	0.8516230952368871	0.6943266079524877	1.044554375468332	1.2039804247529746	0.006381630414822287	0.5816053128548027	False	False						False	False	True	MYL6B
648	ENSG00000126934	1	frontal_cortex_ba9	M005	0.006381630414822287	1.2039804247529746	1.2039804247529746	1	1	0	0	abundance_only	0.002276591476224696	0.03476055793536609	frontal_cortex_ba9	M005	aerobic respiration, proton motive force-driven ATP synthesis, ATP biosynthetic process	0.8516230952368871	0.6943266079524877	1.044554375468332	1.2039804247529746	0.006381630414822287	0.5816053128548027	False	False						False	False	True	MAP2K2
649	ENSG00000141568	1	frontal_cortex_ba9	M005	0.006381630414822287	1.2039804247529746	1.2039804247529746	1	1	0	0	abundance_only	0.002276591476224696	0.03397075726162236	frontal_cortex_ba9	M005	aerobic respiration, proton motive force-driven ATP synthesis, ATP biosynthetic process	0.8516230952368871	0.6943266079524877	1.044554375468332	1.2039804247529746	0.006381630414822287	0.5816053128548027	False	False						False	False	True	FOXK2
650	ENSG00000261236	1	frontal_cortex_ba9	M005	0.006381630414822287	1.2039804247529746	1.2039804247529746	1	1	0	0	abundance_only	0.002276591476224696	0.03375001282629238	frontal_cortex_ba9	M005	aerobic respiration, proton motive force-driven ATP synthesis, ATP biosynthetic process	0.8516230952368871	0.6943266079524877	1.044554375468332	1.2039804247529746	0.006381630414822287	0.5816053128548027	False	False						False	False	True	BOP1
651	ENSG00000175768	1	frontal_cortex_ba9	M005	0.006381630414822287	1.2039804247529746	1.2039804247529746	1	1	0	0	abundance_only	0.002276591476224696	0.03346605471224274	frontal_cortex_ba9	M005	aerobic respiration, proton motive force-driven ATP synthesis, ATP biosynthetic process	0.8516230952368871	0.6943266079524877	1.044554375468332	1.2039804247529746	0.006381630414822287	0.5816053128548027	False	False						False	False	True	TOMM5
652	ENSG00000131828	1	frontal_cortex_ba9	M005	0.006381630414822287	1.2039804247529746	1.2039804247529746	1	1	0	0	abundance_only	0.002276591476224696	0.03133356395601169	frontal_cortex_ba9	M005	aerobic respiration, proton motive force-driven ATP synthesis, ATP biosynthetic process	0.8516230952368871	0.6943266079524877	1.044554375468332	1.2039804247529746	0.006381630414822287	0.5816053128548027	False	False						False	False	True	PDHA1
653	ENSG00000125743	1	frontal_cortex_ba9	M005	0.006381630414822287	1.2039804247529746	1.2039804247529746	1	1	0	0	abundance_only	0.002276591476224696	0.030405794074046425	frontal_cortex_ba9	M005	aerobic respiration, proton motive force-driven ATP synthesis, ATP biosynthetic process	0.8516230952368871	0.6943266079524877	1.044554375468332	1.2039804247529746	0.006381630414822287	0.5816053128548027	False	False						False	False	True	SNRPD2
654	ENSG00000166848	1	frontal_cortex_ba9	M005	0.006381630414822287	1.2039804247529746	1.2039804247529746	1	1	0	0	abundance_only	0.002276591476224696	0.02938498655132166	frontal_cortex_ba9	M005	aerobic respiration, proton motive force-driven ATP synthesis, ATP biosynthetic process	0.8516230952368871	0.6943266079524877	1.044554375468332	1.2039804247529746	0.006381630414822287	0.5816053128548027	False	False						False	False	True	TERF2IP
655	ENSG00000184056	1	frontal_cortex_ba9	M005	0.006381630414822287	1.2039804247529746	1.2039804247529746	1	1	0	0	abundance_only	0.002276591476224696	0.027905811234675053	frontal_cortex_ba9	M005	aerobic respiration, proton motive force-driven ATP synthesis, ATP biosynthetic process	0.8516230952368871	0.6943266079524877	1.044554375468332	1.2039804247529746	0.006381630414822287	0.5816053128548027	False	False						False	False	True	VPS33B
656	ENSG00000165283	1	frontal_cortex_ba9	M005	0.006381630414822287	1.2039804247529746	1.2039804247529746	1	1	0	0	abundance_only	0.002276591476224696	0.025570486470950796	frontal_cortex_ba9	M005	aerobic respiration, proton motive force-driven ATP synthesis, ATP biosynthetic process	0.8516230952368871	0.6943266079524877	1.044554375468332	1.2039804247529746	0.006381630414822287	0.5816053128548027	False	False						False	False	True	STOML2
657	ENSG00000159259	1	frontal_cortex_ba9	M005	0.006381630414822287	1.2039804247529746	1.2039804247529746	1	1	0	0	abundance_only	0.002276591476224696	0.023826974835961256	frontal_cortex_ba9	M005	aerobic respiration, proton motive force-driven ATP synthesis, ATP biosynthetic process	0.8516230952368871	0.6943266079524877	1.044554375468332	1.2039804247529746	0.006381630414822287	0.5816053128548027	False	False						False	False	True	CHAF1B
658	ENSG00000167283	1	frontal_cortex_ba9	M005	0.006381630414822287	1.2039804247529746	1.2039804247529746	1	1	0	0	abundance_only	0.002276591476224696	0.023801018254257615	frontal_cortex_ba9	M005	aerobic respiration, proton motive force-driven ATP synthesis, ATP biosynthetic process	0.8516230952368871	0.6943266079524877	1.044554375468332	1.2039804247529746	0.006381630414822287	0.5816053128548027	False	False						False	False	True	ATP5MG
659	ENSG00000047249	1	frontal_cortex_ba9	M005	0.006381630414822287	1.2039804247529746	1.2039804247529746	1	1	0	0	abundance_only	0.002276591476224696	0.020057604664237096	frontal_cortex_ba9	M005	aerobic respiration, proton motive force-driven ATP synthesis, ATP biosynthetic process	0.8516230952368871	0.6943266079524877	1.044554375468332	1.2039804247529746	0.006381630414822287	0.5816053128548027	False	False						False	False	True	ATP6V1H
660	ENSG00000143093	1	frontal_cortex_ba9	M005	0.006381630414822287	1.2039804247529746	1.2039804247529746	1	1	0	0	abundance_only	0.002276591476224696	0.019870500563656406	frontal_cortex_ba9	M005	aerobic respiration, proton motive force-driven ATP synthesis, ATP biosynthetic process	0.8516230952368871	0.6943266079524877	1.044554375468332	1.2039804247529746	0.006381630414822287	0.5816053128548027	False	False						False	False	True	STRIP1
661	ENSG00000063854	1	frontal_cortex_ba9	M005	0.006381630414822287	1.2039804247529746	1.2039804247529746	1	1	0	0	abundance_only	0.002276591476224696	0.019483099646664327	frontal_cortex_ba9	M005	aerobic respiration, proton motive force-driven ATP synthesis, ATP biosynthetic process	0.8516230952368871	0.6943266079524877	1.044554375468332	1.2039804247529746	0.006381630414822287	0.5816053128548027	False	False						False	False	True	HAGH
662	ENSG00000137522	1	frontal_cortex_ba9	M005	0.006381630414822287	1.2039804247529746	1.2039804247529746	1	1	0	0	abundance_only	0.002276591476224696	0.018996111744336602	frontal_cortex_ba9	M005	aerobic respiration, proton motive force-driven ATP synthesis, ATP biosynthetic process	0.8516230952368871	0.6943266079524877	1.044554375468332	1.2039804247529746	0.006381630414822287	0.5816053128548027	False	False						False	False	True	RNF121
663	ENSG00000100347	1	frontal_cortex_ba9	M005	0.006381630414822287	1.2039804247529746	1.2039804247529746	1	1	0	0	abundance_only	0.002276591476224696	0.016829439064706367	frontal_cortex_ba9	M005	aerobic respiration, proton motive force-driven ATP synthesis, ATP biosynthetic process	0.8516230952368871	0.6943266079524877	1.044554375468332	1.2039804247529746	0.006381630414822287	0.5816053128548027	False	False						False	False	True	SAMM50
664	ENSG00000183011	1	frontal_cortex_ba9	M005	0.006381630414822287	1.2039804247529746	1.2039804247529746	1	1	0	0	abundance_only	0.002276591476224696	0.014521364636447836	frontal_cortex_ba9	M005	aerobic respiration, proton motive force-driven ATP synthesis, ATP biosynthetic process	0.8516230952368871	0.6943266079524877	1.044554375468332	1.2039804247529746	0.006381630414822287	0.5816053128548027	False	False						False	False	True	NAA38
665	ENSG00000099624	1	frontal_cortex_ba9	M005	0.006381630414822287	1.2039804247529746	1.2039804247529746	1	1	0	0	abundance_only	0.002276591476224696	0.013748658251009498	frontal_cortex_ba9	M005	aerobic respiration, proton motive force-driven ATP synthesis, ATP biosynthetic process	0.8516230952368871	0.6943266079524877	1.044554375468332	1.2039804247529746	0.006381630414822287	0.5816053128548027	False	False						False	False	True	ATP5F1D
666	ENSG00000167779	1	frontal_cortex_ba9	M005	0.006381630414822287	1.2039804247529746	1.2039804247529746	1	1	0	0	abundance_only	0.002276591476224696	0.011375503188147753	frontal_cortex_ba9	M005	aerobic respiration, proton motive force-driven ATP synthesis, ATP biosynthetic process	0.8516230952368871	0.6943266079524877	1.044554375468332	1.2039804247529746	0.006381630414822287	0.5816053128548027	False	False						False	False	True	IGFBP6
667	ENSG00000241837	1	frontal_cortex_ba9	M005	0.006381630414822287	1.2039804247529746	1.2039804247529746	1	1	0	0	abundance_only	0.002276591476224696	0.008356789313628135	frontal_cortex_ba9	M005	aerobic respiration, proton motive force-driven ATP synthesis, ATP biosynthetic process	0.8516230952368871	0.6943266079524877	1.044554375468332	1.2039804247529746	0.006381630414822287	0.5816053128548027	False	False						False	False	True	ATP5PO
668	ENSG00000130810	1	frontal_cortex_ba9	M005	0.006381630414822287	1.2039804247529746	1.2039804247529746	1	1	0	0	abundance_only	0.002276591476224696	0.00714420683926642	frontal_cortex_ba9	M005	aerobic respiration, proton motive force-driven ATP synthesis, ATP biosynthetic process	0.8516230952368871	0.6943266079524877	1.044554375468332	1.2039804247529746	0.006381630414822287	0.5816053128548027	False	False						False	False	True	PPAN
669	ENSG00000163001	1	frontal_cortex_ba9	M005	0.006381630414822287	1.2039804247529746	1.2039804247529746	1	1	0	0	abundance_only	0.002276591476224696	0.006462490910658529	frontal_cortex_ba9	M005	aerobic respiration, proton motive force-driven ATP synthesis, ATP biosynthetic process	0.8516230952368871	0.6943266079524877	1.044554375468332	1.2039804247529746	0.006381630414822287	0.5816053128548027	False	False						False	False	True	CFAP36
670	ENSG00000151366	1	frontal_cortex_ba9	M005	0.006381630414822287	1.2039804247529746	1.2039804247529746	1	1	0	0	abundance_only	0.002276591476224696	0.00247338414720729	frontal_cortex_ba9	M005	aerobic respiration, proton motive force-driven ATP synthesis, ATP biosynthetic process	0.8516230952368871	0.6943266079524877	1.044554375468332	1.2039804247529746	0.006381630414822287	0.5816053128548027	False	False						False	False	True	NDUFC2
671	ENSG00000060140	1	caudate_basal_ganglia	M006	0.008434811039673994	1.257035801594736	1.257035801594736	1	0	0	1	coupled	0.7732351686555222	0.942734872470484	caudate_basal_ganglia	M006	phospholipase C-activating G protein-coupled receptor signaling pathway, sensory perception, presynaptic modulation of chemical synaptic transmission	1.5840764572417025	1.1967866419764697	2.096696382108148	1.257035801594736	0.008434811039673994	0.08274024212428001	True	True						False	False	False	STYK1
672	ENSG00000166501	1	caudate_basal_ganglia	M006	0.008434811039673994	1.257035801594736	1.257035801594736	1	0	0	1	coupled	0.7732351686555222	0.9303744706359033	caudate_basal_ganglia	M006	phospholipase C-activating G protein-coupled receptor signaling pathway, sensory perception, presynaptic modulation of chemical synaptic transmission	1.5840764572417025	1.1967866419764697	2.096696382108148	1.257035801594736	0.008434811039673994	0.08274024212428001	True	True						False	False	False	PRKCB
673	ENSG00000237879	1	caudate_basal_ganglia	M006	0.008434811039673994	1.257035801594736	1.257035801594736	1	0	0	1	coupled	0.7732351686555222	0.9139114957465463	caudate_basal_ganglia	M006	phospholipase C-activating G protein-coupled receptor signaling pathway, sensory perception, presynaptic modulation of chemical synaptic transmission	1.5840764572417025	1.1967866419764697	2.096696382108148	1.257035801594736	0.008434811039673994	0.08274024212428001	True	True						False	False	False	LINC00398
674	ENSG00000270111	1	caudate_basal_ganglia	M006	0.008434811039673994	1.257035801594736	1.257035801594736	1	0	0	1	coupled	0.7732351686555222	0.9058657263462335	caudate_basal_ganglia	M006	phospholipase C-activating G protein-coupled receptor signaling pathway, sensory perception, presynaptic modulation of chemical synaptic transmission	1.5840764572417025	1.1967866419764697	2.096696382108148	1.257035801594736	0.008434811039673994	0.08274024212428001	True	True						False	False	False	CELF2-DT
675	ENSG00000289095	1	caudate_basal_ganglia	M006	0.008434811039673994	1.257035801594736	1.257035801594736	1	0	0	1	coupled	0.7732351686555222	0.8971630093503347	caudate_basal_ganglia	M006	phospholipase C-activating G protein-coupled receptor signaling pathway, sensory perception, presynaptic modulation of chemical synaptic transmission	1.5840764572417025	1.1967866419764697	2.096696382108148	1.257035801594736	0.008434811039673994	0.08274024212428001	True	True						False	False	False	ENSG00000289095
676	ENSG00000182255	1	caudate_basal_ganglia	M006	0.008434811039673994	1.257035801594736	1.257035801594736	1	0	0	1	coupled	0.7732351686555222	0.8944451997648762	caudate_basal_ganglia	M006	phospholipase C-activating G protein-coupled receptor signaling pathway, sensory perception, presynaptic modulation of chemical synaptic transmission	1.5840764572417025	1.1967866419764697	2.096696382108148	1.257035801594736	0.008434811039673994	0.08274024212428001	True	True						False	False	False	KCNA4
677	ENSG00000132749	1	caudate_basal_ganglia	M006	0.008434811039673994	1.257035801594736	1.257035801594736	1	0	0	1	coupled	0.7732351686555222	0.8933611900470755	caudate_basal_ganglia	M006	phospholipase C-activating G protein-coupled receptor signaling pathway, sensory perception, presynaptic modulation of chemical synaptic transmission	1.5840764572417025	1.1967866419764697	2.096696382108148	1.257035801594736	0.008434811039673994	0.08274024212428001	True	True						False	False	False	TESMIN
678	ENSG00000140416	1	caudate_basal_ganglia	M006	0.008434811039673994	1.257035801594736	1.257035801594736	1	0	0	1	coupled	0.7732351686555222	0.8929503193167339	caudate_basal_ganglia	M006	phospholipase C-activating G protein-coupled receptor signaling pathway, sensory perception, presynaptic modulation of chemical synaptic transmission	1.5840764572417025	1.1967866419764697	2.096696382108148	1.257035801594736	0.008434811039673994	0.08274024212428001	True	True						False	False	False	TPM1
679	ENSG00000103512	1	caudate_basal_ganglia	M006	0.008434811039673994	1.257035801594736	1.257035801594736	1	0	0	1	coupled	0.7732351686555222	0.8922939766577748	caudate_basal_ganglia	M006	phospholipase C-activating G protein-coupled receptor signaling pathway, sensory perception, presynaptic modulation of chemical synaptic transmission	1.5840764572417025	1.1967866419764697	2.096696382108148	1.257035801594736	0.008434811039673994	0.08274024212428001	True	True						False	False	False	NOMO1
680	ENSG00000101327	1	caudate_basal_ganglia	M006	0.008434811039673994	1.257035801594736	1.257035801594736	1	0	0	1	coupled	0.7732351686555222	0.8920855460373756	caudate_basal_ganglia	M006	phospholipase C-activating G protein-coupled receptor signaling pathway, sensory perception, presynaptic modulation of chemical synaptic transmission	1.5840764572417025	1.1967866419764697	2.096696382108148	1.257035801594736	0.008434811039673994	0.08274024212428001	True	True						False	False	False	PDYN
681	ENSG00000123064	1	caudate_basal_ganglia	M006	0.008434811039673994	1.257035801594736	1.257035801594736	1	0	0	1	coupled	0.7732351686555222	0.8906538027434718	caudate_basal_ganglia	M006	phospholipase C-activating G protein-coupled receptor signaling pathway, sensory perception, presynaptic modulation of chemical synaptic transmission	1.5840764572417025	1.1967866419764697	2.096696382108148	1.257035801594736	0.008434811039673994	0.08274024212428001	True	True						False	False	False	DDX54
682	ENSG00000254254	1	caudate_basal_ganglia	M006	0.008434811039673994	1.257035801594736	1.257035801594736	1	0	0	1	coupled	0.7732351686555222	0.890377338120383	caudate_basal_ganglia	M006	phospholipase C-activating G protein-coupled receptor signaling pathway, sensory perception, presynaptic modulation of chemical synaptic transmission	1.5840764572417025	1.1967866419764697	2.096696382108148	1.257035801594736	0.008434811039673994	0.08274024212428001	True	True						False	False	False	PENK-AS1
683	ENSG00000161082	1	caudate_basal_ganglia	M006	0.008434811039673994	1.257035801594736	1.257035801594736	1	0	0	1	coupled	0.7732351686555222	0.8885803920798274	caudate_basal_ganglia	M006	phospholipase C-activating G protein-coupled receptor signaling pathway, sensory perception, presynaptic modulation of chemical synaptic transmission	1.5840764572417025	1.1967866419764697	2.096696382108148	1.257035801594736	0.008434811039673994	0.08274024212428001	True	True						False	False	False	CELF5
684	ENSG00000183117	1	caudate_basal_ganglia	M006	0.008434811039673994	1.257035801594736	1.257035801594736	1	0	0	1	coupled	0.7732351686555222	0.8876002411598938	caudate_basal_ganglia	M006	phospholipase C-activating G protein-coupled receptor signaling pathway, sensory perception, presynaptic modulation of chemical synaptic transmission	1.5840764572417025	1.1967866419764697	2.096696382108148	1.257035801594736	0.008434811039673994	0.08274024212428001	True	True						False	False	False	CSMD1
685	ENSG00000157680	1	caudate_basal_ganglia	M006	0.008434811039673994	1.257035801594736	1.257035801594736	1	0	0	1	coupled	0.7732351686555222	0.8841170044292269	caudate_basal_ganglia	M006	phospholipase C-activating G protein-coupled receptor signaling pathway, sensory perception, presynaptic modulation of chemical synaptic transmission	1.5840764572417025	1.1967866419764697	2.096696382108148	1.257035801594736	0.008434811039673994	0.08274024212428001	True	True						False	False	False	DGKI
686	ENSG00000286971	1	caudate_basal_ganglia	M006	0.008434811039673994	1.257035801594736	1.257035801594736	1	0	0	1	coupled	0.7732351686555222	0.8733090663601968	caudate_basal_ganglia	M006	phospholipase C-activating G protein-coupled receptor signaling pathway, sensory perception, presynaptic modulation of chemical synaptic transmission	1.5840764572417025	1.1967866419764697	2.096696382108148	1.257035801594736	0.008434811039673994	0.08274024212428001	True	True						False	False	False	ENSG00000286971
687	ENSG00000234988	1	caudate_basal_ganglia	M006	0.008434811039673994	1.257035801594736	1.257035801594736	1	0	0	1	coupled	0.7732351686555222	0.8728782744497169	caudate_basal_ganglia	M006	phospholipase C-activating G protein-coupled receptor signaling pathway, sensory perception, presynaptic modulation of chemical synaptic transmission	1.5840764572417025	1.1967866419764697	2.096696382108148	1.257035801594736	0.008434811039673994	0.08274024212428001	True	True						False	False	False	LINC01849
688	ENSG00000107404	1	caudate_basal_ganglia	M006	0.008434811039673994	1.257035801594736	1.257035801594736	1	0	0	1	coupled	0.7732351686555222	0.8709628731372082	caudate_basal_ganglia	M006	phospholipase C-activating G protein-coupled receptor signaling pathway, sensory perception, presynaptic modulation of chemical synaptic transmission	1.5840764572417025	1.1967866419764697	2.096696382108148	1.257035801594736	0.008434811039673994	0.08274024212428001	True	True						False	False	False	DVL1
689	ENSG00000165061	1	caudate_basal_ganglia	M006	0.008434811039673994	1.257035801594736	1.257035801594736	1	0	0	1	coupled	0.7732351686555222	0.8698565862644955	caudate_basal_ganglia	M006	phospholipase C-activating G protein-coupled receptor signaling pathway, sensory perception, presynaptic modulation of chemical synaptic transmission	1.5840764572417025	1.1967866419764697	2.096696382108148	1.257035801594736	0.008434811039673994	0.08274024212428001	True	True						False	False	False	ZMAT4
690	ENSG00000234423	1	caudate_basal_ganglia	M006	0.008434811039673994	1.257035801594736	1.257035801594736	1	0	0	1	coupled	0.7732351686555222	0.8660412725394719	caudate_basal_ganglia	M006	phospholipase C-activating G protein-coupled receptor signaling pathway, sensory perception, presynaptic modulation of chemical synaptic transmission	1.5840764572417025	1.1967866419764697	2.096696382108148	1.257035801594736	0.008434811039673994	0.08274024212428001	True	True						False	False	False	LINC01250
691	ENSG00000106554	1	caudate_basal_ganglia	M006	0.008434811039673994	1.257035801594736	1.257035801594736	1	0	0	1	coupled	0.7732351686555222	0.8650429268817985	caudate_basal_ganglia	M006	phospholipase C-activating G protein-coupled receptor signaling pathway, sensory perception, presynaptic modulation of chemical synaptic transmission	1.5840764572417025	1.1967866419764697	2.096696382108148	1.257035801594736	0.008434811039673994	0.08274024212428001	True	True						False	False	False	CHCHD3
692	ENSG00000287887	1	caudate_basal_ganglia	M006	0.008434811039673994	1.257035801594736	1.257035801594736	1	0	0	1	coupled	0.7732351686555222	0.8610830779365344	caudate_basal_ganglia	M006	phospholipase C-activating G protein-coupled receptor signaling pathway, sensory perception, presynaptic modulation of chemical synaptic transmission	1.5840764572417025	1.1967866419764697	2.096696382108148	1.257035801594736	0.008434811039673994	0.08274024212428001	True	True						False	False	False	ENSG00000287887
693	ENSG00000225342	1	caudate_basal_ganglia	M006	0.008434811039673994	1.257035801594736	1.257035801594736	1	0	0	1	coupled	0.7732351686555222	0.860447468918809	caudate_basal_ganglia	M006	phospholipase C-activating G protein-coupled receptor signaling pathway, sensory perception, presynaptic modulation of chemical synaptic transmission	1.5840764572417025	1.1967866419764697	2.096696382108148	1.257035801594736	0.008434811039673994	0.08274024212428001	True	True						False	False	False	LRRK2-DT
694	ENSG00000135519	1	caudate_basal_ganglia	M006	0.008434811039673994	1.257035801594736	1.257035801594736	1	0	0	1	coupled	0.7732351686555222	0.8572173440946694	caudate_basal_ganglia	M006	phospholipase C-activating G protein-coupled receptor signaling pathway, sensory perception, presynaptic modulation of chemical synaptic transmission	1.5840764572417025	1.1967866419764697	2.096696382108148	1.257035801594736	0.008434811039673994	0.08274024212428001	True	True						False	False	False	KCNH3
695	ENSG00000236404	1	caudate_basal_ganglia	M006	0.008434811039673994	1.257035801594736	1.257035801594736	1	0	0	1	coupled	0.7732351686555222	0.8545658352590592	caudate_basal_ganglia	M006	phospholipase C-activating G protein-coupled receptor signaling pathway, sensory perception, presynaptic modulation of chemical synaptic transmission	1.5840764572417025	1.1967866419764697	2.096696382108148	1.257035801594736	0.008434811039673994	0.08274024212428001	True	True						False	False	False	VLDLR-AS1
696	ENSG00000286818	1	caudate_basal_ganglia	M006	0.008434811039673994	1.257035801594736	1.257035801594736	1	0	0	1	coupled	0.7732351686555222	0.8543947636746145	caudate_basal_ganglia	M006	phospholipase C-activating G protein-coupled receptor signaling pathway, sensory perception, presynaptic modulation of chemical synaptic transmission	1.5840764572417025	1.1967866419764697	2.096696382108148	1.257035801594736	0.008434811039673994	0.08274024212428001	True	True						False	False	False	ENSG00000286818
697	ENSG00000112038	1	caudate_basal_ganglia	M006	0.008434811039673994	1.257035801594736	1.257035801594736	1	0	0	1	coupled	0.7732351686555222	0.8465099581780153	caudate_basal_ganglia	M006	phospholipase C-activating G protein-coupled receptor signaling pathway, sensory perception, presynaptic modulation of chemical synaptic transmission	1.5840764572417025	1.1967866419764697	2.096696382108148	1.257035801594736	0.008434811039673994	0.08274024212428001	True	True						False	False	False	OPRM1
698	ENSG00000284612	1	caudate_basal_ganglia	M006	0.008434811039673994	1.257035801594736	1.257035801594736	1	0	0	1	coupled	0.7732351686555222	0.8449931561987921	caudate_basal_ganglia	M006	phospholipase C-activating G protein-coupled receptor signaling pathway, sensory perception, presynaptic modulation of chemical synaptic transmission	1.5840764572417025	1.1967866419764697	2.096696382108148	1.257035801594736	0.008434811039673994	0.08274024212428001	True	True						False	False	False	ENSG00000284612
699	ENSG00000115596	1	caudate_basal_ganglia	M006	0.008434811039673994	1.257035801594736	1.257035801594736	1	0	0	1	coupled	0.7732351686555222	0.8447402690022855	caudate_basal_ganglia	M006	phospholipase C-activating G protein-coupled receptor signaling pathway, sensory perception, presynaptic modulation of chemical synaptic transmission	1.5840764572417025	1.1967866419764697	2.096696382108148	1.257035801594736	0.008434811039673994	0.08274024212428001	True	True						False	False	False	WNT6
700	ENSG00000228824	1	caudate_basal_ganglia	M006	0.008434811039673994	1.257035801594736	1.257035801594736	1	0	0	1	coupled	0.7732351686555222	0.8446731631988149	caudate_basal_ganglia	M006	phospholipase C-activating G protein-coupled receptor signaling pathway, sensory perception, presynaptic modulation of chemical synaptic transmission	1.5840764572417025	1.1967866419764697	2.096696382108148	1.257035801594736	0.008434811039673994	0.08274024212428001	True	True						False	False	False	MIR4500HG
701	ENSG00000293402	1	caudate_basal_ganglia	M006	0.008434811039673994	1.257035801594736	1.257035801594736	1	0	0	1	coupled	0.7732351686555222	0.8425072831998942	caudate_basal_ganglia	M006	phospholipase C-activating G protein-coupled receptor signaling pathway, sensory perception, presynaptic modulation of chemical synaptic transmission	1.5840764572417025	1.1967866419764697	2.096696382108148	1.257035801594736	0.008434811039673994	0.08274024212428001	True	True						False	False	False	ENSG00000293402
702	ENSG00000130561	1	caudate_basal_ganglia	M006	0.008434811039673994	1.257035801594736	1.257035801594736	1	0	0	1	coupled	0.7732351686555222	0.8417564684000477	caudate_basal_ganglia	M006	phospholipase C-activating G protein-coupled receptor signaling pathway, sensory perception, presynaptic modulation of chemical synaptic transmission	1.5840764572417025	1.1967866419764697	2.096696382108148	1.257035801594736	0.008434811039673994	0.08274024212428001	True	True						False	False	False	SAG
703	ENSG00000221818	1	caudate_basal_ganglia	M006	0.008434811039673994	1.257035801594736	1.257035801594736	1	0	0	1	coupled	0.7732351686555222	0.8396644916344919	caudate_basal_ganglia	M006	phospholipase C-activating G protein-coupled receptor signaling pathway, sensory perception, presynaptic modulation of chemical synaptic transmission	1.5840764572417025	1.1967866419764697	2.096696382108148	1.257035801594736	0.008434811039673994	0.08274024212428001	True	True						False	False	False	EBF2
704	ENSG00000261728	1	caudate_basal_ganglia	M006	0.008434811039673994	1.257035801594736	1.257035801594736	1	0	0	1	coupled	0.7732351686555222	0.8393303627696629	caudate_basal_ganglia	M006	phospholipase C-activating G protein-coupled receptor signaling pathway, sensory perception, presynaptic modulation of chemical synaptic transmission	1.5840764572417025	1.1967866419764697	2.096696382108148	1.257035801594736	0.008434811039673994	0.08274024212428001	True	True						False	False	False	ENSG00000261728
705	ENSG00000259370	1	caudate_basal_ganglia	M006	0.008434811039673994	1.257035801594736	1.257035801594736	1	0	0	1	coupled	0.7732351686555222	0.8326508781076745	caudate_basal_ganglia	M006	phospholipase C-activating G protein-coupled receptor signaling pathway, sensory perception, presynaptic modulation of chemical synaptic transmission	1.5840764572417025	1.1967866419764697	2.096696382108148	1.257035801594736	0.008434811039673994	0.08274024212428001	True	True						False	False	False	ENSG00000259370
706	ENSG00000290366	1	caudate_basal_ganglia	M006	0.008434811039673994	1.257035801594736	1.257035801594736	1	0	0	1	coupled	0.7732351686555222	0.8310345896529302	caudate_basal_ganglia	M006	phospholipase C-activating G protein-coupled receptor signaling pathway, sensory perception, presynaptic modulation of chemical synaptic transmission	1.5840764572417025	1.1967866419764697	2.096696382108148	1.257035801594736	0.008434811039673994	0.08274024212428001	True	True						False	False	False	ENSG00000290366
707	ENSG00000214237	1	caudate_basal_ganglia	M006	0.008434811039673994	1.257035801594736	1.257035801594736	1	0	0	1	coupled	0.7732351686555222	0.8300400491096447	caudate_basal_ganglia	M006	phospholipase C-activating G protein-coupled receptor signaling pathway, sensory perception, presynaptic modulation of chemical synaptic transmission	1.5840764572417025	1.1967866419764697	2.096696382108148	1.257035801594736	0.008434811039673994	0.08274024212428001	True	True						False	False	False	MINDY4B
708	ENSG00000248197	1	caudate_basal_ganglia	M006	0.008434811039673994	1.257035801594736	1.257035801594736	1	0	0	1	coupled	0.7732351686555222	0.8272240432511604	caudate_basal_ganglia	M006	phospholipase C-activating G protein-coupled receptor signaling pathway, sensory perception, presynaptic modulation of chemical synaptic transmission	1.5840764572417025	1.1967866419764697	2.096696382108148	1.257035801594736	0.008434811039673994	0.08274024212428001	True	True						False	False	False	LINC00290
709	ENSG00000108684	1	caudate_basal_ganglia	M006	0.008434811039673994	1.257035801594736	1.257035801594736	1	0	0	1	coupled	0.7732351686555222	0.8263875710858146	caudate_basal_ganglia	M006	phospholipase C-activating G protein-coupled receptor signaling pathway, sensory perception, presynaptic modulation of chemical synaptic transmission	1.5840764572417025	1.1967866419764697	2.096696382108148	1.257035801594736	0.008434811039673994	0.08274024212428001	True	True						False	False	False	ASIC2
710	ENSG00000300424	1	caudate_basal_ganglia	M006	0.008434811039673994	1.257035801594736	1.257035801594736	1	0	0	1	coupled	0.7732351686555222	0.8211577986232221	caudate_basal_ganglia	M006	phospholipase C-activating G protein-coupled receptor signaling pathway, sensory perception, presynaptic modulation of chemical synaptic transmission	1.5840764572417025	1.1967866419764697	2.096696382108148	1.257035801594736	0.008434811039673994	0.08274024212428001	True	True						False	False	False	ENSG00000300424
711	ENSG00000228826	1	caudate_basal_ganglia	M006	0.008434811039673994	1.257035801594736	1.257035801594736	1	0	0	1	coupled	0.7732351686555222	0.8179437201143545	caudate_basal_ganglia	M006	phospholipase C-activating G protein-coupled receptor signaling pathway, sensory perception, presynaptic modulation of chemical synaptic transmission	1.5840764572417025	1.1967866419764697	2.096696382108148	1.257035801594736	0.008434811039673994	0.08274024212428001	True	True						False	False	False	ENSG00000228826
712	ENSG00000235126	1	caudate_basal_ganglia	M006	0.008434811039673994	1.257035801594736	1.257035801594736	1	0	0	1	coupled	0.7732351686555222	0.8162343568763614	caudate_basal_ganglia	M006	phospholipase C-activating G protein-coupled receptor signaling pathway, sensory perception, presynaptic modulation of chemical synaptic transmission	1.5840764572417025	1.1967866419764697	2.096696382108148	1.257035801594736	0.008434811039673994	0.08274024212428001	True	True						False	False	False	ENSG00000235126
713	ENSG00000128254	1	caudate_basal_ganglia	M006	0.008434811039673994	1.257035801594736	1.257035801594736	1	0	0	1	coupled	0.7732351686555222	0.8161200252309802	caudate_basal_ganglia	M006	phospholipase C-activating G protein-coupled receptor signaling pathway, sensory perception, presynaptic modulation of chemical synaptic transmission	1.5840764572417025	1.1967866419764697	2.096696382108148	1.257035801594736	0.008434811039673994	0.08274024212428001	True	True						False	False	False	YWHAH-AS1
714	ENSG00000258702	1	caudate_basal_ganglia	M006	0.008434811039673994	1.257035801594736	1.257035801594736	1	0	0	1	coupled	0.7732351686555222	0.8159799177020983	caudate_basal_ganglia	M006	phospholipase C-activating G protein-coupled receptor signaling pathway, sensory perception, presynaptic modulation of chemical synaptic transmission	1.5840764572417025	1.1967866419764697	2.096696382108148	1.257035801594736	0.008434811039673994	0.08274024212428001	True	True						False	False	False	ENSG00000258702
715	ENSG00000149295	1	caudate_basal_ganglia	M006	0.008434811039673994	1.257035801594736	1.257035801594736	1	0	0	1	coupled	0.7732351686555222	0.8156683241745996	caudate_basal_ganglia	M006	phospholipase C-activating G protein-coupled receptor signaling pathway, sensory perception, presynaptic modulation of chemical synaptic transmission	1.5840764572417025	1.1967866419764697	2.096696382108148	1.257035801594736	0.008434811039673994	0.08274024212428001	True	True						False	False	False	DRD2
716	ENSG00000152034	1	caudate_basal_ganglia	M006	0.008434811039673994	1.257035801594736	1.257035801594736	1	0	0	1	coupled	0.7732351686555222	0.8140447019290425	caudate_basal_ganglia	M006	phospholipase C-activating G protein-coupled receptor signaling pathway, sensory perception, presynaptic modulation of chemical synaptic transmission	1.5840764572417025	1.1967866419764697	2.096696382108148	1.257035801594736	0.008434811039673994	0.08274024212428001	True	True						False	False	False	MCHR2
717	ENSG00000234336	1	caudate_basal_ganglia	M006	0.008434811039673994	1.257035801594736	1.257035801594736	1	0	0	1	coupled	0.7732351686555222	0.8060863719566324	caudate_basal_ganglia	M006	phospholipase C-activating G protein-coupled receptor signaling pathway, sensory perception, presynaptic modulation of chemical synaptic transmission	1.5840764572417025	1.1967866419764697	2.096696382108148	1.257035801594736	0.008434811039673994	0.08274024212428001	True	True						False	False	False	JAZF1-AS1
718	ENSG00000135898	1	caudate_basal_ganglia	M006	0.008434811039673994	1.257035801594736	1.257035801594736	1	0	0	1	coupled	0.7732351686555222	0.8057109387273935	caudate_basal_ganglia	M006	phospholipase C-activating G protein-coupled receptor signaling pathway, sensory perception, presynaptic modulation of chemical synaptic transmission	1.5840764572417025	1.1967866419764697	2.096696382108148	1.257035801594736	0.008434811039673994	0.08274024212428001	True	True						False	False	False	GPR55
719	ENSG00000155511	1	caudate_basal_ganglia	M006	0.008434811039673994	1.257035801594736	1.257035801594736	1	0	0	1	coupled	0.7732351686555222	0.8035470076555356	caudate_basal_ganglia	M006	phospholipase C-activating G protein-coupled receptor signaling pathway, sensory perception, presynaptic modulation of chemical synaptic transmission	1.5840764572417025	1.1967866419764697	2.096696382108148	1.257035801594736	0.008434811039673994	0.08274024212428001	True	True						False	False	False	GRIA1
720	ENSG00000198010	1	caudate_basal_ganglia	M006	0.008434811039673994	1.257035801594736	1.257035801594736	1	0	0	1	coupled	0.7732351686555222	0.803543664347298	caudate_basal_ganglia	M006	phospholipase C-activating G protein-coupled receptor signaling pathway, sensory perception, presynaptic modulation of chemical synaptic transmission	1.5840764572417025	1.1967866419764697	2.096696382108148	1.257035801594736	0.008434811039673994	0.08274024212428001	True	True						False	False	False	DLGAP2
721	ENSG00000187045	1	caudate_basal_ganglia	M006	0.008434811039673994	1.257035801594736	1.257035801594736	1	0	0	1	coupled	0.7732351686555222	0.8011226518767287	caudate_basal_ganglia	M006	phospholipase C-activating G protein-coupled receptor signaling pathway, sensory perception, presynaptic modulation of chemical synaptic transmission	1.5840764572417025	1.1967866419764697	2.096696382108148	1.257035801594736	0.008434811039673994	0.08274024212428001	True	True						False	False	False	TMPRSS6
722	ENSG00000281091	1	caudate_basal_ganglia	M006	0.008434811039673994	1.257035801594736	1.257035801594736	1	0	0	1	coupled	0.7732351686555222	0.7917231560353123	caudate_basal_ganglia	M006	phospholipase C-activating G protein-coupled receptor signaling pathway, sensory perception, presynaptic modulation of chemical synaptic transmission	1.5840764572417025	1.1967866419764697	2.096696382108148	1.257035801594736	0.008434811039673994	0.08274024212428001	True	True						False	False	False	LL0XNC01-250H12.3
723	ENSG00000161270	1	caudate_basal_ganglia	M006	0.008434811039673994	1.257035801594736	1.257035801594736	1	0	0	1	coupled	0.7732351686555222	0.7909858343949122	caudate_basal_ganglia	M006	phospholipase C-activating G protein-coupled receptor signaling pathway, sensory perception, presynaptic modulation of chemical synaptic transmission	1.5840764572417025	1.1967866419764697	2.096696382108148	1.257035801594736	0.008434811039673994	0.08274024212428001	True	True						False	False	False	NPHS1
724	ENSG00000151388	1	caudate_basal_ganglia	M006	0.008434811039673994	1.257035801594736	1.257035801594736	1	0	0	1	coupled	0.7732351686555222	0.7901580256836249	caudate_basal_ganglia	M006	phospholipase C-activating G protein-coupled receptor signaling pathway, sensory perception, presynaptic modulation of chemical synaptic transmission	1.5840764572417025	1.1967866419764697	2.096696382108148	1.257035801594736	0.008434811039673994	0.08274024212428001	True	True						False	False	False	ADAMTS12
725	ENSG00000174482	1	caudate_basal_ganglia	M006	0.008434811039673994	1.257035801594736	1.257035801594736	1	0	0	1	coupled	0.7732351686555222	0.7861179163446207	caudate_basal_ganglia	M006	phospholipase C-activating G protein-coupled receptor signaling pathway, sensory perception, presynaptic modulation of chemical synaptic transmission	1.5840764572417025	1.1967866419764697	2.096696382108148	1.257035801594736	0.008434811039673994	0.08274024212428001	True	True						False	False	False	LINGO2
726	ENSG00000286021	1	caudate_basal_ganglia	M006	0.008434811039673994	1.257035801594736	1.257035801594736	1	0	0	1	coupled	0.7732351686555222	0.7856634087205819	caudate_basal_ganglia	M006	phospholipase C-activating G protein-coupled receptor signaling pathway, sensory perception, presynaptic modulation of chemical synaptic transmission	1.5840764572417025	1.1967866419764697	2.096696382108148	1.257035801594736	0.008434811039673994	0.08274024212428001	True	True						False	False	False	LINC02822
727	ENSG00000305828	1	caudate_basal_ganglia	M006	0.008434811039673994	1.257035801594736	1.257035801594736	1	0	0	1	coupled	0.7732351686555222	0.7833378787309099	caudate_basal_ganglia	M006	phospholipase C-activating G protein-coupled receptor signaling pathway, sensory perception, presynaptic modulation of chemical synaptic transmission	1.5840764572417025	1.1967866419764697	2.096696382108148	1.257035801594736	0.008434811039673994	0.08274024212428001	True	True						False	False	False	ENSG00000305828
728	ENSG00000166960	1	caudate_basal_ganglia	M006	0.008434811039673994	1.257035801594736	1.257035801594736	1	0	0	1	coupled	0.7732351686555222	0.7795310356134777	caudate_basal_ganglia	M006	phospholipase C-activating G protein-coupled receptor signaling pathway, sensory perception, presynaptic modulation of chemical synaptic transmission	1.5840764572417025	1.1967866419764697	2.096696382108148	1.257035801594736	0.008434811039673994	0.08274024212428001	True	True						False	False	False	CCDC178
729	ENSG00000308219	1	caudate_basal_ganglia	M006	0.008434811039673994	1.257035801594736	1.257035801594736	1	0	0	1	coupled	0.7732351686555222	0.7783700975049719	caudate_basal_ganglia	M006	phospholipase C-activating G protein-coupled receptor signaling pathway, sensory perception, presynaptic modulation of chemical synaptic transmission	1.5840764572417025	1.1967866419764697	2.096696382108148	1.257035801594736	0.008434811039673994	0.08274024212428001	True	True						False	False	False	ENSG00000308219
730	ENSG00000101811	1	caudate_basal_ganglia	M006	0.008434811039673994	1.257035801594736	1.257035801594736	1	0	0	1	coupled	0.7732351686555222	0.7737384919983881	caudate_basal_ganglia	M006	phospholipase C-activating G protein-coupled receptor signaling pathway, sensory perception, presynaptic modulation of chemical synaptic transmission	1.5840764572417025	1.1967866419764697	2.096696382108148	1.257035801594736	0.008434811039673994	0.08274024212428001	True	True						False	False	False	CSTF2
731	ENSG00000286042	1	caudate_basal_ganglia	M006	0.008434811039673994	1.257035801594736	1.257035801594736	1	0	0	1	coupled	0.7732351686555222	0.7730919964555176	caudate_basal_ganglia	M006	phospholipase C-activating G protein-coupled receptor signaling pathway, sensory perception, presynaptic modulation of chemical synaptic transmission	1.5840764572417025	1.1967866419764697	2.096696382108148	1.257035801594736	0.008434811039673994	0.08274024212428001	True	True						False	False	False	LCAL1
732	ENSG00000228566	1	caudate_basal_ganglia	M006	0.008434811039673994	1.257035801594736	1.257035801594736	1	0	0	1	coupled	0.7732351686555222	0.7715284051495603	caudate_basal_ganglia	M006	phospholipase C-activating G protein-coupled receptor signaling pathway, sensory perception, presynaptic modulation of chemical synaptic transmission	1.5840764572417025	1.1967866419764697	2.096696382108148	1.257035801594736	0.008434811039673994	0.08274024212428001	True	True						False	False	False	ENSG00000228566
733	ENSG00000160345	1	caudate_basal_ganglia	M006	0.008434811039673994	1.257035801594736	1.257035801594736	1	0	0	1	coupled	0.7732351686555222	0.7686556008238998	caudate_basal_ganglia	M006	phospholipase C-activating G protein-coupled receptor signaling pathway, sensory perception, presynaptic modulation of chemical synaptic transmission	1.5840764572417025	1.1967866419764697	2.096696382108148	1.257035801594736	0.008434811039673994	0.08274024212428001	True	True						False	False	False	PIERCE1
734	ENSG00000182177	1	caudate_basal_ganglia	M006	0.008434811039673994	1.257035801594736	1.257035801594736	1	0	0	1	coupled	0.7732351686555222	0.7665980600525703	caudate_basal_ganglia	M006	phospholipase C-activating G protein-coupled receptor signaling pathway, sensory perception, presynaptic modulation of chemical synaptic transmission	1.5840764572417025	1.1967866419764697	2.096696382108148	1.257035801594736	0.008434811039673994	0.08274024212428001	True	True						False	False	False	ASB18
735	ENSG00000184937	1	caudate_basal_ganglia	M006	0.008434811039673994	1.257035801594736	1.257035801594736	1	0	0	1	coupled	0.7732351686555222	0.7655240895945564	caudate_basal_ganglia	M006	phospholipase C-activating G protein-coupled receptor signaling pathway, sensory perception, presynaptic modulation of chemical synaptic transmission	1.5840764572417025	1.1967866419764697	2.096696382108148	1.257035801594736	0.008434811039673994	0.08274024212428001	True	True						False	False	False	WT1
736	ENSG00000257545	1	caudate_basal_ganglia	M006	0.008434811039673994	1.257035801594736	1.257035801594736	1	0	0	1	coupled	0.7732351686555222	0.7625237542322034	caudate_basal_ganglia	M006	phospholipase C-activating G protein-coupled receptor signaling pathway, sensory perception, presynaptic modulation of chemical synaptic transmission	1.5840764572417025	1.1967866419764697	2.096696382108148	1.257035801594736	0.008434811039673994	0.08274024212428001	True	True						False	False	False	ENSG00000257545
737	ENSG00000172239	1	caudate_basal_ganglia	M006	0.008434811039673994	1.257035801594736	1.257035801594736	1	0	0	1	coupled	0.7732351686555222	0.7610673729630396	caudate_basal_ganglia	M006	phospholipase C-activating G protein-coupled receptor signaling pathway, sensory perception, presynaptic modulation of chemical synaptic transmission	1.5840764572417025	1.1967866419764697	2.096696382108148	1.257035801594736	0.008434811039673994	0.08274024212428001	True	True						False	False	False	PAIP1
738	ENSG00000249352	1	caudate_basal_ganglia	M006	0.008434811039673994	1.257035801594736	1.257035801594736	1	0	0	1	coupled	0.7732351686555222	0.7607471067231114	caudate_basal_ganglia	M006	phospholipase C-activating G protein-coupled receptor signaling pathway, sensory perception, presynaptic modulation of chemical synaptic transmission	1.5840764572417025	1.1967866419764697	2.096696382108148	1.257035801594736	0.008434811039673994	0.08274024212428001	True	True						False	False	False	LINC02198
739	ENSG00000291127	1	caudate_basal_ganglia	M006	0.008434811039673994	1.257035801594736	1.257035801594736	1	0	0	1	coupled	0.7732351686555222	0.7606270119878256	caudate_basal_ganglia	M006	phospholipase C-activating G protein-coupled receptor signaling pathway, sensory perception, presynaptic modulation of chemical synaptic transmission	1.5840764572417025	1.1967866419764697	2.096696382108148	1.257035801594736	0.008434811039673994	0.08274024212428001	True	True						False	False	False	ANKRD36BP2
740	ENSG00000263571	1	caudate_basal_ganglia	M006	0.008434811039673994	1.257035801594736	1.257035801594736	1	0	0	1	coupled	0.7732351686555222	0.7597287581024905	caudate_basal_ganglia	M006	phospholipase C-activating G protein-coupled receptor signaling pathway, sensory perception, presynaptic modulation of chemical synaptic transmission	1.5840764572417025	1.1967866419764697	2.096696382108148	1.257035801594736	0.008434811039673994	0.08274024212428001	True	True						False	False	False	ENSG00000263571
741	ENSG00000101842	1	caudate_basal_ganglia	M006	0.008434811039673994	1.257035801594736	1.257035801594736	1	0	0	1	coupled	0.7732351686555222	0.7578613894022309	caudate_basal_ganglia	M006	phospholipase C-activating G protein-coupled receptor signaling pathway, sensory perception, presynaptic modulation of chemical synaptic transmission	1.5840764572417025	1.1967866419764697	2.096696382108148	1.257035801594736	0.008434811039673994	0.08274024212428001	True	True						False	False	False	VSIG1
742	ENSG00000112706	1	caudate_basal_ganglia	M006	0.008434811039673994	1.257035801594736	1.257035801594736	1	0	0	1	coupled	0.7732351686555222	0.754319210038848	caudate_basal_ganglia	M006	phospholipase C-activating G protein-coupled receptor signaling pathway, sensory perception, presynaptic modulation of chemical synaptic transmission	1.5840764572417025	1.1967866419764697	2.096696382108148	1.257035801594736	0.008434811039673994	0.08274024212428001	True	True						False	False	False	IMPG1
743	ENSG00000115216	1	caudate_basal_ganglia	M006	0.008434811039673994	1.257035801594736	1.257035801594736	1	0	0	1	coupled	0.7732351686555222	0.7510798851159904	caudate_basal_ganglia	M006	phospholipase C-activating G protein-coupled receptor signaling pathway, sensory perception, presynaptic modulation of chemical synaptic transmission	1.5840764572417025	1.1967866419764697	2.096696382108148	1.257035801594736	0.008434811039673994	0.08274024212428001	True	True						False	False	False	NRBP1
744	ENSG00000226828	1	caudate_basal_ganglia	M006	0.008434811039673994	1.257035801594736	1.257035801594736	1	0	0	1	coupled	0.7732351686555222	0.7492544711150354	caudate_basal_ganglia	M006	phospholipase C-activating G protein-coupled receptor signaling pathway, sensory perception, presynaptic modulation of chemical synaptic transmission	1.5840764572417025	1.1967866419764697	2.096696382108148	1.257035801594736	0.008434811039673994	0.08274024212428001	True	True						False	False	False	LINC02774
745	ENSG00000229588	1	caudate_basal_ganglia	M006	0.008434811039673994	1.257035801594736	1.257035801594736	1	0	0	1	coupled	0.7732351686555222	0.7457105534691649	caudate_basal_ganglia	M006	phospholipase C-activating G protein-coupled receptor signaling pathway, sensory perception, presynaptic modulation of chemical synaptic transmission	1.5840764572417025	1.1967866419764697	2.096696382108148	1.257035801594736	0.008434811039673994	0.08274024212428001	True	True						False	False	False	ENSG00000229588
746	ENSG00000159111	1	caudate_basal_ganglia	M006	0.008434811039673994	1.257035801594736	1.257035801594736	1	0	0	1	coupled	0.7732351686555222	0.743590427117015	caudate_basal_ganglia	M006	phospholipase C-activating G protein-coupled receptor signaling pathway, sensory perception, presynaptic modulation of chemical synaptic transmission	1.5840764572417025	1.1967866419764697	2.096696382108148	1.257035801594736	0.008434811039673994	0.08274024212428001	True	True						False	False	False	MRPL10
747	ENSG00000285407	1	caudate_basal_ganglia	M006	0.008434811039673994	1.257035801594736	1.257035801594736	1	0	0	1	coupled	0.7732351686555222	0.7419198038657072	caudate_basal_ganglia	M006	phospholipase C-activating G protein-coupled receptor signaling pathway, sensory perception, presynaptic modulation of chemical synaptic transmission	1.5840764572417025	1.1967866419764697	2.096696382108148	1.257035801594736	0.008434811039673994	0.08274024212428001	True	True						False	False	False	ENSG00000285407
748	ENSG00000255274	1	caudate_basal_ganglia	M006	0.008434811039673994	1.257035801594736	1.257035801594736	1	0	0	1	coupled	0.7732351686555222	0.7401167140533436	caudate_basal_ganglia	M006	phospholipase C-activating G protein-coupled receptor signaling pathway, sensory perception, presynaptic modulation of chemical synaptic transmission	1.5840764572417025	1.1967866419764697	2.096696382108148	1.257035801594736	0.008434811039673994	0.08274024212428001	True	True						False	False	False	SMIM35
749	ENSG00000072657	1	caudate_basal_ganglia	M006	0.008434811039673994	1.257035801594736	1.257035801594736	1	0	0	1	coupled	0.7732351686555222	0.7386050079253673	caudate_basal_ganglia	M006	phospholipase C-activating G protein-coupled receptor signaling pathway, sensory perception, presynaptic modulation of chemical synaptic transmission	1.5840764572417025	1.1967866419764697	2.096696382108148	1.257035801594736	0.008434811039673994	0.08274024212428001	True	True						False	False	False	TRHDE
750	ENSG00000080644	1	caudate_basal_ganglia	M006	0.008434811039673994	1.257035801594736	1.257035801594736	1	0	0	1	coupled	0.7732351686555222	0.731628955772732	caudate_basal_ganglia	M006	phospholipase C-activating G protein-coupled receptor signaling pathway, sensory perception, presynaptic modulation of chemical synaptic transmission	1.5840764572417025	1.1967866419764697	2.096696382108148	1.257035801594736	0.008434811039673994	0.08274024212428001	True	True						False	False	False	CHRNA3
751	ENSG00000247828	1	caudate_basal_ganglia	M006	0.008434811039673994	1.257035801594736	1.257035801594736	1	0	0	1	coupled	0.7732351686555222	0.7312831022893261	caudate_basal_ganglia	M006	phospholipase C-activating G protein-coupled receptor signaling pathway, sensory perception, presynaptic modulation of chemical synaptic transmission	1.5840764572417025	1.1967866419764697	2.096696382108148	1.257035801594736	0.008434811039673994	0.08274024212428001	True	True						False	False	False	TMEM161B-DT
752	ENSG00000095777	1	caudate_basal_ganglia	M006	0.008434811039673994	1.257035801594736	1.257035801594736	1	0	0	1	coupled	0.7732351686555222	0.7270330744334468	caudate_basal_ganglia	M006	phospholipase C-activating G protein-coupled receptor signaling pathway, sensory perception, presynaptic modulation of chemical synaptic transmission	1.5840764572417025	1.1967866419764697	2.096696382108148	1.257035801594736	0.008434811039673994	0.08274024212428001	True	True						False	False	False	MYO3A
753	ENSG00000278156	1	caudate_basal_ganglia	M006	0.008434811039673994	1.257035801594736	1.257035801594736	1	0	0	1	coupled	0.7732351686555222	0.720996129584302	caudate_basal_ganglia	M006	phospholipase C-activating G protein-coupled receptor signaling pathway, sensory perception, presynaptic modulation of chemical synaptic transmission	1.5840764572417025	1.1967866419764697	2.096696382108148	1.257035801594736	0.008434811039673994	0.08274024212428001	True	True						False	False	False	TSC22D1-AS1
754	ENSG00000147799	1	caudate_basal_ganglia	M006	0.008434811039673994	1.257035801594736	1.257035801594736	1	0	0	1	coupled	0.7732351686555222	0.7141580231802583	caudate_basal_ganglia	M006	phospholipase C-activating G protein-coupled receptor signaling pathway, sensory perception, presynaptic modulation of chemical synaptic transmission	1.5840764572417025	1.1967866419764697	2.096696382108148	1.257035801594736	0.008434811039673994	0.08274024212428001	True	True						False	False	False	ARHGAP39
755	ENSG00000121871	1	caudate_basal_ganglia	M006	0.008434811039673994	1.257035801594736	1.257035801594736	1	0	0	1	coupled	0.7732351686555222	0.7087124775079846	caudate_basal_ganglia	M006	phospholipase C-activating G protein-coupled receptor signaling pathway, sensory perception, presynaptic modulation of chemical synaptic transmission	1.5840764572417025	1.1967866419764697	2.096696382108148	1.257035801594736	0.008434811039673994	0.08274024212428001	True	True						False	False	False	SLITRK3
756	ENSG00000244128	1	caudate_basal_ganglia	M006	0.008434811039673994	1.257035801594736	1.257035801594736	1	0	0	1	coupled	0.7732351686555222	0.7081929698945711	caudate_basal_ganglia	M006	phospholipase C-activating G protein-coupled receptor signaling pathway, sensory perception, presynaptic modulation of chemical synaptic transmission	1.5840764572417025	1.1967866419764697	2.096696382108148	1.257035801594736	0.008434811039673994	0.08274024212428001	True	True						False	False	False	LINC01322
757	ENSG00000122779	1	caudate_basal_ganglia	M006	0.008434811039673994	1.257035801594736	1.257035801594736	1	0	0	1	coupled	0.7732351686555222	0.7076565914674459	caudate_basal_ganglia	M006	phospholipase C-activating G protein-coupled receptor signaling pathway, sensory perception, presynaptic modulation of chemical synaptic transmission	1.5840764572417025	1.1967866419764697	2.096696382108148	1.257035801594736	0.008434811039673994	0.08274024212428001	True	True						False	False	False	TRIM24
758	ENSG00000197753	1	caudate_basal_ganglia	M006	0.008434811039673994	1.257035801594736	1.257035801594736	1	0	0	1	coupled	0.7732351686555222	0.7076057631801171	caudate_basal_ganglia	M006	phospholipase C-activating G protein-coupled receptor signaling pathway, sensory perception, presynaptic modulation of chemical synaptic transmission	1.5840764572417025	1.1967866419764697	2.096696382108148	1.257035801594736	0.008434811039673994	0.08274024212428001	True	True						False	False	False	LHFPL5
759	ENSG00000095059	1	caudate_basal_ganglia	M006	0.008434811039673994	1.257035801594736	1.257035801594736	1	0	0	1	coupled	0.7732351686555222	0.7053383666547486	caudate_basal_ganglia	M006	phospholipase C-activating G protein-coupled receptor signaling pathway, sensory perception, presynaptic modulation of chemical synaptic transmission	1.5840764572417025	1.1967866419764697	2.096696382108148	1.257035801594736	0.008434811039673994	0.08274024212428001	True	True						False	False	False	DHPS
760	ENSG00000290928	1	caudate_basal_ganglia	M006	0.008434811039673994	1.257035801594736	1.257035801594736	1	0	0	1	coupled	0.7732351686555222	0.7022419984891011	caudate_basal_ganglia	M006	phospholipase C-activating G protein-coupled receptor signaling pathway, sensory perception, presynaptic modulation of chemical synaptic transmission	1.5840764572417025	1.1967866419764697	2.096696382108148	1.257035801594736	0.008434811039673994	0.08274024212428001	True	True						False	False	False	ENSG00000290928
761	ENSG00000197713	1	caudate_basal_ganglia	M006	0.008434811039673994	1.257035801594736	1.257035801594736	1	0	0	1	coupled	0.7732351686555222	0.7008145051994032	caudate_basal_ganglia	M006	phospholipase C-activating G protein-coupled receptor signaling pathway, sensory perception, presynaptic modulation of chemical synaptic transmission	1.5840764572417025	1.1967866419764697	2.096696382108148	1.257035801594736	0.008434811039673994	0.08274024212428001	True	True						False	False	False	RPE
762	ENSG00000248858	1	caudate_basal_ganglia	M006	0.008434811039673994	1.257035801594736	1.257035801594736	1	0	0	1	coupled	0.7732351686555222	0.7003006020624315	caudate_basal_ganglia	M006	phospholipase C-activating G protein-coupled receptor signaling pathway, sensory perception, presynaptic modulation of chemical synaptic transmission	1.5840764572417025	1.1967866419764697	2.096696382108148	1.257035801594736	0.008434811039673994	0.08274024212428001	True	True						False	False	False	FLJ46284
763	ENSG00000233532	1	caudate_basal_ganglia	M006	0.008434811039673994	1.257035801594736	1.257035801594736	1	0	0	1	coupled	0.7732351686555222	0.6983889743301774	caudate_basal_ganglia	M006	phospholipase C-activating G protein-coupled receptor signaling pathway, sensory perception, presynaptic modulation of chemical synaptic transmission	1.5840764572417025	1.1967866419764697	2.096696382108148	1.257035801594736	0.008434811039673994	0.08274024212428001	True	True						False	False	False	LINC00460
764	ENSG00000136881	1	caudate_basal_ganglia	M006	0.008434811039673994	1.257035801594736	1.257035801594736	1	0	0	1	coupled	0.7732351686555222	0.6937568328663778	caudate_basal_ganglia	M006	phospholipase C-activating G protein-coupled receptor signaling pathway, sensory perception, presynaptic modulation of chemical synaptic transmission	1.5840764572417025	1.1967866419764697	2.096696382108148	1.257035801594736	0.008434811039673994	0.08274024212428001	True	True						False	False	False	BAAT
765	ENSG00000130649	1	caudate_basal_ganglia	M006	0.008434811039673994	1.257035801594736	1.257035801594736	1	0	0	1	coupled	0.7732351686555222	0.6886546217503958	caudate_basal_ganglia	M006	phospholipase C-activating G protein-coupled receptor signaling pathway, sensory perception, presynaptic modulation of chemical synaptic transmission	1.5840764572417025	1.1967866419764697	2.096696382108148	1.257035801594736	0.008434811039673994	0.08274024212428001	True	True						False	False	False	CYP2E1
766	ENSG00000293721	1	caudate_basal_ganglia	M006	0.008434811039673994	1.257035801594736	1.257035801594736	1	0	0	1	coupled	0.7732351686555222	0.687042038363222	caudate_basal_ganglia	M006	phospholipase C-activating G protein-coupled receptor signaling pathway, sensory perception, presynaptic modulation of chemical synaptic transmission	1.5840764572417025	1.1967866419764697	2.096696382108148	1.257035801594736	0.008434811039673994	0.08274024212428001	True	True						False	False	False	ENSG00000293721
767	ENSG00000287100	1	caudate_basal_ganglia	M006	0.008434811039673994	1.257035801594736	1.257035801594736	1	0	0	1	coupled	0.7732351686555222	0.6839662388691707	caudate_basal_ganglia	M006	phospholipase C-activating G protein-coupled receptor signaling pathway, sensory perception, presynaptic modulation of chemical synaptic transmission	1.5840764572417025	1.1967866419764697	2.096696382108148	1.257035801594736	0.008434811039673994	0.08274024212428001	True	True						False	False	False	ENSG00000287100
768	ENSG00000225940	1	caudate_basal_ganglia	M006	0.008434811039673994	1.257035801594736	1.257035801594736	1	0	0	1	coupled	0.7732351686555222	0.6741412798822028	caudate_basal_ganglia	M006	phospholipase C-activating G protein-coupled receptor signaling pathway, sensory perception, presynaptic modulation of chemical synaptic transmission	1.5840764572417025	1.1967866419764697	2.096696382108148	1.257035801594736	0.008434811039673994	0.08274024212428001	True	True						False	False	False	C5orf67
769	ENSG00000128285	1	caudate_basal_ganglia	M006	0.008434811039673994	1.257035801594736	1.257035801594736	1	0	0	1	coupled	0.7732351686555222	0.6673298975988364	caudate_basal_ganglia	M006	phospholipase C-activating G protein-coupled receptor signaling pathway, sensory perception, presynaptic modulation of chemical synaptic transmission	1.5840764572417025	1.1967866419764697	2.096696382108148	1.257035801594736	0.008434811039673994	0.08274024212428001	True	True						False	False	False	MCHR1
770	ENSG00000115598	1	caudate_basal_ganglia	M006	0.008434811039673994	1.257035801594736	1.257035801594736	1	0	0	1	coupled	0.7732351686555222	0.665677897323217	caudate_basal_ganglia	M006	phospholipase C-activating G protein-coupled receptor signaling pathway, sensory perception, presynaptic modulation of chemical synaptic transmission	1.5840764572417025	1.1967866419764697	2.096696382108148	1.257035801594736	0.008434811039673994	0.08274024212428001	True	True						False	False	False	IL1RL2
771	ENSG00000146530	1	caudate_basal_ganglia	M006	0.008434811039673994	1.257035801594736	1.257035801594736	1	0	0	1	coupled	0.7732351686555222	0.660321992899124	caudate_basal_ganglia	M006	phospholipase C-activating G protein-coupled receptor signaling pathway, sensory perception, presynaptic modulation of chemical synaptic transmission	1.5840764572417025	1.1967866419764697	2.096696382108148	1.257035801594736	0.008434811039673994	0.08274024212428001	True	True						False	False	False	VWDE
772	ENSG00000283051	1	caudate_basal_ganglia	M006	0.008434811039673994	1.257035801594736	1.257035801594736	1	0	0	1	coupled	0.7732351686555222	0.6596412420737994	caudate_basal_ganglia	M006	phospholipase C-activating G protein-coupled receptor signaling pathway, sensory perception, presynaptic modulation of chemical synaptic transmission	1.5840764572417025	1.1967866419764697	2.096696382108148	1.257035801594736	0.008434811039673994	0.08274024212428001	True	True						False	False	False	LINC01668
773	ENSG00000224897	1	caudate_basal_ganglia	M006	0.008434811039673994	1.257035801594736	1.257035801594736	1	0	0	1	coupled	0.7732351686555222	0.656819950198147	caudate_basal_ganglia	M006	phospholipase C-activating G protein-coupled receptor signaling pathway, sensory perception, presynaptic modulation of chemical synaptic transmission	1.5840764572417025	1.1967866419764697	2.096696382108148	1.257035801594736	0.008434811039673994	0.08274024212428001	True	True						False	False	False	POT1-AS1
774	ENSG00000173826	1	caudate_basal_ganglia	M006	0.008434811039673994	1.257035801594736	1.257035801594736	1	0	0	1	coupled	0.7732351686555222	0.6511428707199496	caudate_basal_ganglia	M006	phospholipase C-activating G protein-coupled receptor signaling pathway, sensory perception, presynaptic modulation of chemical synaptic transmission	1.5840764572417025	1.1967866419764697	2.096696382108148	1.257035801594736	0.008434811039673994	0.08274024212428001	True	True						False	False	False	KCNH6
775	ENSG00000233922	1	caudate_basal_ganglia	M006	0.008434811039673994	1.257035801594736	1.257035801594736	1	0	0	1	coupled	0.7732351686555222	0.6461940153185588	caudate_basal_ganglia	M006	phospholipase C-activating G protein-coupled receptor signaling pathway, sensory perception, presynaptic modulation of chemical synaptic transmission	1.5840764572417025	1.1967866419764697	2.096696382108148	1.257035801594736	0.008434811039673994	0.08274024212428001	True	True						False	False	False	LINC01694
776	ENSG00000107242	1	caudate_basal_ganglia	M006	0.008434811039673994	1.257035801594736	1.257035801594736	1	0	0	1	coupled	0.7732351686555222	0.6419012391051722	caudate_basal_ganglia	M006	phospholipase C-activating G protein-coupled receptor signaling pathway, sensory perception, presynaptic modulation of chemical synaptic transmission	1.5840764572417025	1.1967866419764697	2.096696382108148	1.257035801594736	0.008434811039673994	0.08274024212428001	True	True						False	False	False	PIP5K1B
777	ENSG00000174945	1	caudate_basal_ganglia	M006	0.008434811039673994	1.257035801594736	1.257035801594736	1	0	0	1	coupled	0.7732351686555222	0.6409283613006191	caudate_basal_ganglia	M006	phospholipase C-activating G protein-coupled receptor signaling pathway, sensory perception, presynaptic modulation of chemical synaptic transmission	1.5840764572417025	1.1967866419764697	2.096696382108148	1.257035801594736	0.008434811039673994	0.08274024212428001	True	True						False	False	False	AMZ1
778	ENSG00000250846	1	caudate_basal_ganglia	M006	0.008434811039673994	1.257035801594736	1.257035801594736	1	0	0	1	coupled	0.7732351686555222	0.6228190270646019	caudate_basal_ganglia	M006	phospholipase C-activating G protein-coupled receptor signaling pathway, sensory perception, presynaptic modulation of chemical synaptic transmission	1.5840764572417025	1.1967866419764697	2.096696382108148	1.257035801594736	0.008434811039673994	0.08274024212428001	True	True						False	False	False	EPHA5-AS1
779	ENSG00000272274	1	caudate_basal_ganglia	M006	0.008434811039673994	1.257035801594736	1.257035801594736	1	0	0	1	coupled	0.7732351686555222	0.6210491955643431	caudate_basal_ganglia	M006	phospholipase C-activating G protein-coupled receptor signaling pathway, sensory perception, presynaptic modulation of chemical synaptic transmission	1.5840764572417025	1.1967866419764697	2.096696382108148	1.257035801594736	0.008434811039673994	0.08274024212428001	True	True						False	False	False	ARGLU1-DT
780	ENSG00000310519	1	caudate_basal_ganglia	M006	0.008434811039673994	1.257035801594736	1.257035801594736	1	0	0	1	coupled	0.7732351686555222	0.6181286757496925	caudate_basal_ganglia	M006	phospholipase C-activating G protein-coupled receptor signaling pathway, sensory perception, presynaptic modulation of chemical synaptic transmission	1.5840764572417025	1.1967866419764697	2.096696382108148	1.257035801594736	0.008434811039673994	0.08274024212428001	True	True						False	False	False	ENSG00000310519
781	ENSG00000287844	1	caudate_basal_ganglia	M006	0.008434811039673994	1.257035801594736	1.257035801594736	1	0	0	1	coupled	0.7732351686555222	0.6059948398481932	caudate_basal_ganglia	M006	phospholipase C-activating G protein-coupled receptor signaling pathway, sensory perception, presynaptic modulation of chemical synaptic transmission	1.5840764572417025	1.1967866419764697	2.096696382108148	1.257035801594736	0.008434811039673994	0.08274024212428001	True	True						False	False	False	ENSG00000287844
782	ENSG00000144681	1	caudate_basal_ganglia	M006	0.008434811039673994	1.257035801594736	1.257035801594736	1	0	0	1	coupled	0.7732351686555222	0.5830699452331355	caudate_basal_ganglia	M006	phospholipase C-activating G protein-coupled receptor signaling pathway, sensory perception, presynaptic modulation of chemical synaptic transmission	1.5840764572417025	1.1967866419764697	2.096696382108148	1.257035801594736	0.008434811039673994	0.08274024212428001	True	True						False	False	False	STAC
783	ENSG00000138594	1	caudate_basal_ganglia	M006	0.008434811039673994	1.257035801594736	1.257035801594736	1	0	0	1	coupled	0.7732351686555222	0.5791536937636101	caudate_basal_ganglia	M006	phospholipase C-activating G protein-coupled receptor signaling pathway, sensory perception, presynaptic modulation of chemical synaptic transmission	1.5840764572417025	1.1967866419764697	2.096696382108148	1.257035801594736	0.008434811039673994	0.08274024212428001	True	True						False	False	False	TMOD3
784	ENSG00000291242	1	caudate_basal_ganglia	M006	0.008434811039673994	1.257035801594736	1.257035801594736	1	0	0	1	coupled	0.7732351686555222	0.574430439113447	caudate_basal_ganglia	M006	phospholipase C-activating G protein-coupled receptor signaling pathway, sensory perception, presynaptic modulation of chemical synaptic transmission	1.5840764572417025	1.1967866419764697	2.096696382108148	1.257035801594736	0.008434811039673994	0.08274024212428001	True	True						False	False	False	ENSG00000291242
785	ENSG00000296655	1	caudate_basal_ganglia	M006	0.008434811039673994	1.257035801594736	1.257035801594736	1	0	0	1	coupled	0.7732351686555222	0.5513971602040522	caudate_basal_ganglia	M006	phospholipase C-activating G protein-coupled receptor signaling pathway, sensory perception, presynaptic modulation of chemical synaptic transmission	1.5840764572417025	1.1967866419764697	2.096696382108148	1.257035801594736	0.008434811039673994	0.08274024212428001	True	True						False	False	False	ENSG00000296655
786	ENSG00000259583	1	caudate_basal_ganglia	M006	0.008434811039673994	1.257035801594736	1.257035801594736	1	0	0	1	coupled	0.7732351686555222	0.5389586929560515	caudate_basal_ganglia	M006	phospholipase C-activating G protein-coupled receptor signaling pathway, sensory perception, presynaptic modulation of chemical synaptic transmission	1.5840764572417025	1.1967866419764697	2.096696382108148	1.257035801594736	0.008434811039673994	0.08274024212428001	True	True						False	False	False	ALDH1A3-AS1
787	ENSG00000185559	1	caudate_basal_ganglia	M006	0.008434811039673994	1.257035801594736	1.257035801594736	1	0	0	1	coupled	0.7732351686555222	0.5384258173880103	caudate_basal_ganglia	M006	phospholipase C-activating G protein-coupled receptor signaling pathway, sensory perception, presynaptic modulation of chemical synaptic transmission	1.5840764572417025	1.1967866419764697	2.096696382108148	1.257035801594736	0.008434811039673994	0.08274024212428001	True	True						False	False	False	DLK1
788	ENSG00000147679	1	caudate_basal_ganglia	M006	0.008434811039673994	1.257035801594736	1.257035801594736	1	0	0	1	coupled	0.7732351686555222	0.5311445832031025	caudate_basal_ganglia	M006	phospholipase C-activating G protein-coupled receptor signaling pathway, sensory perception, presynaptic modulation of chemical synaptic transmission	1.5840764572417025	1.1967866419764697	2.096696382108148	1.257035801594736	0.008434811039673994	0.08274024212428001	True	True						False	False	False	UTP23
789	ENSG00000011105	1	caudate_basal_ganglia	M006	0.008434811039673994	1.257035801594736	1.257035801594736	1	0	0	1	coupled	0.7732351686555222	0.5260651520424708	caudate_basal_ganglia	M006	phospholipase C-activating G protein-coupled receptor signaling pathway, sensory perception, presynaptic modulation of chemical synaptic transmission	1.5840764572417025	1.1967866419764697	2.096696382108148	1.257035801594736	0.008434811039673994	0.08274024212428001	True	True						False	False	False	TSPAN9
790	ENSG00000106648	1	caudate_basal_ganglia	M006	0.008434811039673994	1.257035801594736	1.257035801594736	1	0	0	1	coupled	0.7732351686555222	0.5245807097580746	caudate_basal_ganglia	M006	phospholipase C-activating G protein-coupled receptor signaling pathway, sensory perception, presynaptic modulation of chemical synaptic transmission	1.5840764572417025	1.1967866419764697	2.096696382108148	1.257035801594736	0.008434811039673994	0.08274024212428001	True	True						False	False	False	GALNTL5
791	ENSG00000250220	1	caudate_basal_ganglia	M006	0.008434811039673994	1.257035801594736	1.257035801594736	1	0	0	1	coupled	0.7732351686555222	0.5118675911883258	caudate_basal_ganglia	M006	phospholipase C-activating G protein-coupled receptor signaling pathway, sensory perception, presynaptic modulation of chemical synaptic transmission	1.5840764572417025	1.1967866419764697	2.096696382108148	1.257035801594736	0.008434811039673994	0.08274024212428001	True	True						False	False	False	ANKRD17-DT
792	ENSG00000248469	1	caudate_basal_ganglia	M006	0.008434811039673994	1.257035801594736	1.257035801594736	1	0	0	1	coupled	0.7732351686555222	0.5074656021815706	caudate_basal_ganglia	M006	phospholipase C-activating G protein-coupled receptor signaling pathway, sensory perception, presynaptic modulation of chemical synaptic transmission	1.5840764572417025	1.1967866419764697	2.096696382108148	1.257035801594736	0.008434811039673994	0.08274024212428001	True	True						False	False	False	ENSG00000248469
793	ENSG00000250634	1	caudate_basal_ganglia	M006	0.008434811039673994	1.257035801594736	1.257035801594736	1	0	0	1	coupled	0.7732351686555222	0.457199284191726	caudate_basal_ganglia	M006	phospholipase C-activating G protein-coupled receptor signaling pathway, sensory perception, presynaptic modulation of chemical synaptic transmission	1.5840764572417025	1.1967866419764697	2.096696382108148	1.257035801594736	0.008434811039673994	0.08274024212428001	True	True						False	False	False	LINC01182
794	ENSG00000143434	1	caudate_basal_ganglia	M006	0.008434811039673994	1.257035801594736	1.257035801594736	1	0	0	1	coupled	0.7732351686555222	0.45306747958132615	caudate_basal_ganglia	M006	phospholipase C-activating G protein-coupled receptor signaling pathway, sensory perception, presynaptic modulation of chemical synaptic transmission	1.5840764572417025	1.1967866419764697	2.096696382108148	1.257035801594736	0.008434811039673994	0.08274024212428001	True	True						False	False	False	SEMA6C
795	ENSG00000117868	1	caudate_basal_ganglia	M006	0.008434811039673994	1.257035801594736	1.257035801594736	1	0	0	1	discordant	0.7732351686555222	0.44243924546019503	caudate_basal_ganglia	M006	phospholipase C-activating G protein-coupled receptor signaling pathway, sensory perception, presynaptic modulation of chemical synaptic transmission	1.5840764572417025	1.1967866419764697	2.096696382108148	1.257035801594736	0.008434811039673994	0.08274024212428001	True	True						False	False	False	ESYT2
796	ENSG00000078142	1	caudate_basal_ganglia	M006	0.008434811039673994	1.257035801594736	1.257035801594736	1	0	0	1	coupled	0.7732351686555222	0.4392769106055981	caudate_basal_ganglia	M006	phospholipase C-activating G protein-coupled receptor signaling pathway, sensory perception, presynaptic modulation of chemical synaptic transmission	1.5840764572417025	1.1967866419764697	2.096696382108148	1.257035801594736	0.008434811039673994	0.08274024212428001	True	True						False	False	False	PIK3C3
797	ENSG00000150593	1	caudate_basal_ganglia	M006	0.008434811039673994	1.257035801594736	1.257035801594736	1	0	0	1	discordant	0.7732351686555222	0.3993316518655614	caudate_basal_ganglia	M006	phospholipase C-activating G protein-coupled receptor signaling pathway, sensory perception, presynaptic modulation of chemical synaptic transmission	1.5840764572417025	1.1967866419764697	2.096696382108148	1.257035801594736	0.008434811039673994	0.08274024212428001	True	True						False	False	False	PDCD4
