	SNP_PC1	SNP_PC2	SNP_PC3	SNP_PC4	SNP_PC5	RIN	mito_rate	mapping_rate	Sex_M	Dx_MDD	Dx_SCZD	HF1	HF2	HF3	HF4	HF5	HF6	HF7	HF8	HF9	HF10	HF11	HF12	HF13	HF14	HF15	HF16	HF17	HF18	HF19	HF20	HF21	HF22	HF23	HF24	HF25	HF26	HF27	HF28	HF29	HF30
Br5168	-0.012923	-0.00368234	0.00222033	-0.00203288	-0.00240709	6.7	0.0131614819784192	0.978127	1.0	0.0	0.0	-2.0116276065986	1.271873058674706	0.8592736716117517	-1.4311538102217223	2.9124323417631817	-1.76853179635644	3.6171321088332147	-5.136925679740778	11.138025242280461	-9.909709375145832	6.730927111879137	-4.231782371479002	1.3818545659973076	-0.6346709627219048	0.7040275627271843	-0.21503660608453473	0.4162150860842398	-0.1697327748967118	1.0251356807953496	-0.1237138901109444	0.04728917150474736	-0.4227576237454011	0.15130054328315712	-0.12086359747497441	-0.15566079235715827	0.1441415269181855	-0.05688085794678272	-0.04901216857933432	0.10904909547991913	-0.441834547358101
Br5073	0.0246434	-0.00378937	-0.00769823	-0.00500214	-0.0052125	8.4	0.0130858313601061	0.977301	1.0	0.0	1.0	-0.3458018490049605	0.009423620819693994	-0.6564032988961084	-0.5139592722397532	-0.8137747740961544	0.33045065540717367	-0.4783434583814615	1.1242356314901731	0.08312150610786508	-0.9647162174743819	0.678200237993983	0.5281558137736208	-0.145925052181501	0.45020972938283965	-0.06337646662402541	0.7223669132690023	-0.05472222608946855	-0.41559109722841464	-1.0327086275248427	0.39157303976331337	0.6422206672641182	0.034796293471964924	-0.6456122564980566	1.519089025674483	-1.4669780220495117	0.987132865507042	-0.4667746957258043	-0.6478187661282019	-0.4923907271368208	-0.4695485091123532
Br5217	-0.0129445	-0.00396781	-0.00282055	-0.00463275	0.00160318	8.5	0.018011902381663	0.974921	1.0	0.0	1.0	-0.05562515215484207	-0.7961942982750262	-0.643651473477042	-0.5213991427061321	-1.4971727282397427	1.1053106394931416	-1.6249285989110798	1.3188694478351415	0.6596963119311781	-1.14599991654041	0.15404482974959818	-0.26437301725813844	0.4635337611190265	0.2677663151765496	-1.4856373380437131	0.12676787860900496	-0.7647382768710446	-0.7326248039939445	-0.9897929901997324	1.778343818054349	0.6307940435036025	1.5979102880281997	0.14982683918014714	-1.4613512458323556	0.8371223183577601	0.4697751389717419	-0.334746804684245	0.8105245503194325	-0.3624710014884885	-2.7174731108571577
Br5234	-0.0129851	-0.00457681	-0.000844221	-0.00385167	-0.000740371	8.8	0.0129570757639924	0.974891	1.0	0.0	1.0	-0.4964861634755497	-0.37382928831414075	-0.18900753147708868	-0.24905815792907487	-0.22541627610814577	-0.07028732056058162	0.1762831538719125	0.27060895550940545	0.6276615421959048	-0.03876157360307113	-0.23728769933889565	0.7460566541405654	0.38153814045980294	-0.9993285656893595	-0.0380275524134032	1.0762703732039056	-0.33463210154739725	-0.5021909280750055	-1.2498996397600861	0.9385154506440051	0.23751153018384785	0.1358287886445486	-0.5164500052806854	0.47832404865980943	-0.6340302702488108	1.2200774425042693	0.44853086615138477	-1.3840374478405881	-0.8034345104103593	-0.36394458852716466
Br5372	0.0325572	-0.00362294	0.00590084	-0.00031746	-5.02217e-06	7.0	0.0081609703757865	0.974293	1.0	0.0	1.0	-0.31429665327481027	1.081474264180347	0.8826169893095476	0.2642494274341586	-0.3662494467173809	-0.9339857311051469	-0.4287106373387218	0.12640636666082591	0.6064670487089427	-0.31339916577858834	-0.28362539433188083	1.9370878519743266	-0.019129484417622224	1.628050092177546	1.4378781853245204	1.0623100567879236	1.062060298227111	0.24453333527029286	-0.5256047703274404	0.5854449255268062	-0.3162279492151822	0.43165407415012774	0.19068614220418323	-1.2946681316014068	0.21751514586940576	-0.2875158021265726	-1.2166954802273264	-0.004590810446930406	-1.4914887859471353	-0.519788042662608
Br5005	-0.00957751	2.81044e-06	0.0300119	-0.00360685	-0.0122647	8.6	0.0184359840948259	0.97866	0.0	0.0	0.0	-0.21300226299912112	0.04518955542916739	0.0606687678758916	-0.224470697846599	-0.9709742966676133	-0.2892459899186271	0.13258965954386062	1.2476268477433934	0.15592965981853726	-0.6392028707334853	0.0007688962444964854	0.2694025230364068	-0.23849397408202197	-0.46216288438209907	0.2574763263525903	0.34695458991843814	-1.0068437456765136	0.43640065887261675	-0.14112228787009642	1.6452307057532403	0.05699406221601419	0.5879628442198307	-0.7350295092867399	0.5905888253635279	-0.3411436124166035	1.1831413516448746	-0.056138576737700875	-1.1449202219332517	-0.8347904341610689	-0.5130874161582172
Br5024	-0.0110594	-0.00393245	-0.00322031	-0.00262246	-0.00569309	5.4	0.023574392835873	0.97765	1.0	0.0	0.0	-0.8470848448996353	2.042844419252988	0.5210758078142195	-1.3899907504723372	-1.2352797371199802	-1.0243258450232942	-2.225555916137065	1.2024122623421025	-0.8961343101845007	-0.4869163840775213	0.2700160110196044	-0.2174369450109208	1.5428615692450292	-0.7723224384518113	2.3675714105852133	-0.991799728248575	-0.49076607318300675	0.8972116000548344	2.0619108203059797	2.7683005510146987	-0.17159419094967562	-1.0826524760106144	0.12104094389576361	-4.202702700892312	-1.2893429646668333	0.5457496675452634	-0.9818669784963858	-3.430616005397655	-1.2491161881685853	1.6629304490304773
Br5053	0.0282242	-0.00590779	0.00400475	-0.00540421	-0.00401962	7.3	0.01367117485528	0.977711	1.0	0.0	0.0	-0.9657319657467227	0.020183560337290685	-0.7118044843350044	-1.8994364286713483	-0.9962407877367973	2.4710810503598184	-1.3086101546794686	0.481704051615909	-1.1040456230052076	-0.5697818430082737	1.3218750245008961	-1.114933855483011	1.3926642569453611	-0.23789624803795334	1.301380379742349	1.4449947995228165	-0.07077292116490382	-0.8509364131994147	-1.7991431546995142	-0.8376343629030044	1.6649242431416664	3.314956589058522	-0.4646171741391896	0.15227990872936772	1.8304539141188036	2.007188688900503	0.2465396341850626	1.107805915146105	-0.2027123825848709	1.3130379388536781
Br5146	0.0388958	-0.00196193	-0.00197624	-0.00290488	-0.00542792	8.1	0.0187085806341752	0.977354	0.0	0.0	0.0	-0.37317000466905736	0.3111327012536463	-0.9045228777247387	-0.7893328385402121	-1.5488936808547713	0.6283141922674784	0.6446949974080181	0.5494707263480453	-0.23158437654238498	-0.8987305114240193	0.5556612820053142	0.15451984172181998	-0.9501276744793764	0.8286159136540318	0.2615799795984262	0.42771951437706746	-0.5546353752454145	0.39379960077279325	-0.3315684520694217	-0.3655508957658064	-0.4616123294836978	-0.8700252829169979	-0.8012619116304026	0.5021426192225762	-0.23907285213792517	0.8024050072348752	-0.7466060453183285	-1.3213867184124999	-0.8351045161979459	0.6428046048246548
Br5154	-0.0124429	-0.00416315	0.0142521	-0.0120618	-0.00767723	8.4	0.0200817690853063	0.97738	1.0	0.0	0.0	-0.7332050221589024	-0.13261294144027713	-1.286719577199727	-1.2399511572086597	-1.0434450517606386	0.9179140311574557	-2.1683604736539768	0.2856252867111565	-0.026907044288140534	-0.0171308520154233	1.4076647566577047	-0.396140814725027	-0.12174191727860526	0.19107298203079673	-1.6751686257936846	-0.689339465777865	1.0847833677104952	-1.5979408356667029	-1.2576329698595414	-0.8144625201454107	-0.549149556926578	0.5449362691805273	0.14747694207980766	-0.8540353688043133	0.7032724892530541	0.15208315495463418	-0.23211386477629367	1.0003948559169706	-0.9735298391451228	-0.731103439035173
Br5155	0.0421595	-0.00481342	-0.00200128	-0.00275117	-0.00975895	6.3	0.0153746743020408	0.980429	0.0	0.0	0.0	-1.2663803273197316	0.2968172676262926	-0.5271940332696181	-2.159560923838709	0.39281209889625335	0.12865732262406748	-1.5543183936170022	-0.5042970315804962	-0.7079316501007407	0.12339371408473039	0.9576132315787199	0.08466499945283142	-1.026516839500549	1.3013917591531048	1.5901506109341925	0.6110073685977038	0.7357124328282127	0.6198511775063235	-0.6769929443836573	0.6675823591198241	-0.8475140685493552	-0.8209595802323845	-1.102944285139956	0.040966451819842216	-0.34095848221215624	1.0056790213059785	1.560238561807547	0.11679745636689617	1.0157979846895302	0.5755515210110852
Br5161	-0.0128899	-0.00634037	-0.0024869	-0.002311	-0.000792831	8.5	0.019161301329548	0.97608	1.0	0.0	0.0	-0.5516434662400875	-0.11746259040875454	-0.5300777703129951	-1.6274739100636055	-1.3852938496733833	0.9023556245020583	-1.1173010054663224	1.0629080432366838	0.058665087486386165	-0.6626426793552982	0.4933422334673891	-0.733289733027327	0.9175332125055239	-0.959416752052726	-1.8427456265530289	0.02193254177841426	0.347592808767201	-0.48413320949728617	-0.18971554393541265	-0.6426249449741083	-0.7421310757402042	1.0747166595387294	0.15120556405822505	-1.4567389417478012	2.221628736071779	1.2303632098219894	-0.14854199597504505	-0.558349420413341	-0.5440889117365945	0.7650312920334887
Br1003	0.0381077	-0.00363576	-0.000106236	-0.00285507	-0.00121494	6.9	0.0100938291828405	0.980917	0.0	0.0	0.0	-1.3922462535352322	0.3081665789093171	-1.1775488787612098	-0.37190516506674814	0.5590123180699151	-0.2161211756579502	0.4397206264521501	-0.4521329997120496	-1.0582902572848574	0.3582260409677856	0.9189113090836432	-0.18762715305488756	-0.6577583675354237	0.21849875317863687	1.4154720349004726	-0.04591945114476019	-0.5311486024613016	-0.16680181493558058	-0.7077434679593656	-0.13905164534877926	-0.040020348718930364	-0.36811242883914086	0.12409741206379042	0.8989854265327288	1.0099929223660786	-0.04626515099100797	-0.5920462103806216	0.7176777836581635	-0.4239348331721312	-0.9582067187792728
Br1006	0.0350426	-0.00646115	-0.00163086	-0.00497335	-0.00356427	7.1	0.0113438605629968	0.975058	1.0	0.0	0.0	0.7610470789693371	0.35066113425889717	3.3619551944237926	0.8464981728450315	0.5928802022912655	1.0204605454204083	0.5977111765846945	0.4055253773051721	0.313639360933699	2.4905939788550633	0.7484609104435552	-3.885732876198039	0.03973487703859445	0.9173794964777454	-1.9978093937107062	0.033217066479564766	-2.652543675923235	-2.025701094979761	0.6091425370763994	-3.0308698780699617	-0.9513922916627602	-0.5178923921932452	-1.2550400251890657	-1.3638001856399184	-1.5798418992178884	-0.926936443159277	-0.7879760019206595	-0.9283158835508246	0.8860160071827726	-1.8622236488712782
Br1007	0.0415284	-0.00516461	0.000629034	-0.00162224	-0.00399176	6.1	0.0089504276821389	0.978889	1.0	0.0	0.0	0.7636978749581531	1.7526318549433215	2.594380074802003	-0.7145234652465426	-1.5132273163039065	0.34472284382899054	-1.0898203454248148	0.44935343333484773	0.2732818287211804	0.056513391956051415	-0.20778259622431738	0.24561863038328033	-0.7645186313414531	-0.5272234534638518	0.6140544330086736	-0.7786977518025767	0.5108429840798531	0.5548840595684997	1.6732898991776188	2.954003794652935	1.0560401439076752	1.5148482490708106	1.9749932187848411	-0.38052023811657737	-0.951875129957158	0.6083108297109683	-0.8517575435207271	-0.30289193310471685	0.6212465962930646	-0.27392782887520706
Br1017	0.0410942	-0.0043512	0.00196209	-0.00616857	-0.00354058	5.1	0.0149657165039594	0.956888	0.0	0.0	0.0	-1.2795776401299397	-0.3748030729616688	-0.25604317350748895	2.93315392209872	-0.17467443552206063	-0.4644144057252388	-1.3486629147858902	0.6421368461318354	0.38550379149372493	-0.10145649602320575	1.6044702584964656	1.2129684275787276	0.8269498880340774	0.6747849874087802	-0.7967451647213997	1.11073439636653	-1.0633017073690048	-0.4504565329353698	-0.45633461714505086	-0.10905366754568183	-0.6796268096960306	-0.7115901343196923	-1.998753159972574	1.0016063553865415	0.777618535926182	-1.863219921016954	-2.6669106845862	0.8341098776519135	-1.2797027824339644	-0.8978107296971144
Br1021	0.0374652	-0.00457853	0.00134247	-0.00198435	-0.00486563	7.9	0.0105354148967298	0.977235	1.0	0.0	1.0	1.9536098401814808	0.6943704604005931	0.967899173070381	0.8175277306195536	-1.3179947390540017	-0.5948934495383863	0.9645027942573646	-0.2547363342751475	0.9525303583593633	0.42280944203833876	0.5919102182682282	1.0626732127096368	-0.7833586899331173	-0.9257945930076774	0.25401966057677366	0.698495906928349	-0.19168284388362009	0.4657920693608496	-0.3709144641750307	0.5179682339610492	0.7636833389702088	0.6448649662082093	0.3778836375835684	-0.10322868690350774	-0.34796261324061184	0.16175917478914115	-0.5325705785712884	1.0484991198756874	-0.03384839007759276	-0.1292246888539222
Br1023	-0.00928093	0.0011762	0.0306142	-0.00248069	-0.0156221	7.6	0.0131606688541607	0.962803	1.0	0.0	0.0	0.44929082963639805	1.266820248203501	-1.1973339567922756	0.22560719966569467	-0.21562784824579379	-0.2070726239699575	0.8607505951296556	-0.6109907275102697	0.9045746716869087	1.7762460012519932	-0.11380271956745519	-0.20361426439194943	-2.024630627247223	-0.5595896623440085	-0.5833565320156051	-0.2959993922279299	-0.11535864183720851	1.5470789844879924	1.470908994193913	0.06250221867619672	1.302669505887795	-0.3167229154375347	-1.1938498043069778	-1.1448337390962324	1.0091125906300271	-2.0922543732874654	0.7092471563862707	1.250368193925951	-2.090140683149505	-0.7855325191373698
Br1025	0.0240614	-0.00330138	0.00140309	0.00219946	-0.00240601	6.3	0.0121834802955966	0.976979	0.0	0.0	1.0	-0.6453102806185267	1.054513814873391	-0.6744967287615385	-0.2853940553578423	-0.4984330483979274	-1.1496326964791064	-0.7230072998406185	-0.19150910901125678	0.28715555291819156	-0.24422419998100545	-0.2669129871755544	1.968386222821115	1.313519916109462	1.2249307348888208	1.1513710352784572	-0.46513261787343074	-3.283989178349911	0.0858028538511955	0.4247198925205501	1.8626805774323607	0.42343638618458695	-0.27133815167736103	-0.5584359698406953	-0.8824571950189828	-0.6944536040484284	0.6980358470499707	-1.3225680751630065	-0.4543699845507428	-0.9360791349499197	0.41274493826096537
Br1030	0.0204873	-0.00455322	-0.003179	0.00177213	-0.00876656	8.2	0.014736263165222	0.97786	0.0	0.0	1.0	0.008239676509832011	-0.28268570094864254	0.5865920300597564	0.9604749017738209	2.103043150240025	0.4216356828625206	-0.020627792555148225	0.9054638165357954	-0.28431903066746245	-0.38660279306499307	0.7152393499565517	0.42864985538266315	0.16067040701163285	0.12903240425758072	-0.6931644794339896	0.1463123683662428	-0.015540407079030951	-0.6708348436683469	-0.06515401369493012	0.108158145191062	-0.6797900457670328	-0.3758654574923185	-0.1139204689767103	0.46881643527165523	-0.1474768311362201	0.37210773570120853	1.3293504430173753	-0.2933503352087918	0.07827272020267875	0.690618786212174
Br1034	-0.0130502	-0.00370658	0.00147753	0.00312665	-0.00173695	7.7	0.0158321777639609	0.982297	1.0	0.0	0.0	-0.09114865937984341	0.20211048147678023	-0.14660881133643605	-0.14426908069025135	1.2135003393737225	0.6582233056223428	-0.01665689427269748	-0.3621540570886015	-0.5703907152723577	0.22152359450169737	0.06569216161679257	-0.0768325938650658	0.18528643411445703	-0.9696913785586639	0.19612191125814538	-0.18163371721185312	0.2316497218279109	-0.8791752567981209	-0.36539316323882565	-0.6600455435418311	-0.26374651556753215	-0.1123932789953502	0.4426078753077881	1.7918904510106246	0.030925128345510124	-0.5001552530286427	0.4596963525081297	-0.2601239760365759	0.5187316456002817	-0.3121951511440056
Br1051	0.032952	-0.00575147	0.0110254	-0.0134771	0.436181	7.4	0.0125243389371395	0.978957	0.0	0.0	0.0	-0.2846106769761526	-0.07409548308025143	-0.1075239510949252	0.11662366815985087	-0.053865777429823306	1.0538653114088776	1.0476436509115825	-0.4380546976351164	0.24890051848183348	0.9876716726483407	0.32697082996440485	0.5004914032559347	0.8569017650436487	1.0666353993584956	0.27750662492513223	0.7437720817348434	0.28315626387975384	-0.5844107728115775	-0.055766854643640285	1.221402699883778	-0.24385646838023461	-0.9513055978862381	-0.2510533578230452	0.4951383548594622	0.48601407032052274	-0.6830391326267774	0.4988170154160019	0.48457464314439175	-0.9254829978980917	-0.8935952053056849
Br1053	0.0354094	-0.00460735	0.000945525	-0.00326907	0.00177112	6.6	0.0142034492440333	0.978244	0.0	0.0	0.0	1.027588086250226	1.4898375661380954	0.4377756795521317	-0.4900012978602428	0.4159042597656854	-0.57421199256966	0.25500756888762854	-0.49998783048897	0.513715652227619	0.3407419205344722	-0.5897344044565628	1.6132643238537945	-0.061045286936670946	1.3781497072211981	0.2842624923493944	0.15286370337044627	0.31570312224621955	-0.4208742095681731	-0.3218131306069689	-1.0354354589695078	0.14775456688844243	0.2708949794309813	0.5004827653962018	-0.5791675097908162	-0.02081589309183815	1.2101046781651412	0.6388449199202614	0.6791391573095538	-0.49529981531953265	-0.08737890419119204
Br1054	0.0273285	-0.00391847	0.000496184	-0.00023529	0.00149166	7.9	0.0159993412888638	0.980209	1.0	0.0	0.0	1.1528960486314317	-0.20080256956695255	-0.41630351405534216	0.721901037289724	-0.12048949292475097	0.658597933603657	1.1806960270665285	-0.596558728864057	-0.11607820250435058	0.10754601139748728	-0.035978592956779916	-0.14100257301282446	-0.10718509097146459	-0.7673221397406913	0.1575920626664845	1.5246501431627442	-0.6657044810495859	-0.22133307918729941	-0.4166473400011102	-1.1726462618127433	-0.9672470591406076	-0.4304044345242038	0.4221666849890214	0.09158747923890789	0.021861105107535164	1.2173633284523628	0.48554152329008193	-0.16609738623144527	-0.7846105691712498	-0.05825115875927317
Br1056	0.039161	-0.00332912	0.00126079	-0.00372453	0.00434248	8.7	0.0167711820755619	0.982251	1.0	0.0	0.0	0.675861331270801	0.13436481192158553	0.04333885747471034	0.4901280621337784	0.05021327828652509	-0.12025270799368519	-0.7301518612612931	0.42155598409183664	-0.19414627211176338	-0.522173669523707	-0.1324086833887989	-0.20696591320598676	0.3995632716749093	-0.4002724505245338	-0.2925978427542526	-0.21469903986347805	0.36040557305102294	-1.381599170234771	-0.6171698566353904	0.01673091023146315	0.23548485351768	-1.6253639222248364	1.4483540874867522	0.41785133561120674	-0.2893585885671014	-0.5358500948818454	0.0814362475364483	-1.012215680174	0.5471892772883404	0.04302420039744318
Br1069	0.0415515	-0.000806048	-0.00284922	0.00200103	-0.0091811	7.5	0.0167920789838859	0.978638	0.0	0.0	0.0	0.935356767589858	-1.5517776801981538	-0.035097695505421515	-0.43375503468384397	0.2286072070103332	-0.08820622296295706	0.7056726972089973	1.563078092392449	-1.3113020209135697	-1.5153568986116794	-0.09388389648521839	-1.6969092757792021	0.5891215138174033	-1.6171467937473865	0.7892388595179617	-0.022583405413002394	0.20585104845442678	-0.2470042523342544	0.22174780267942068	0.22464993120572813	-1.0242062392620825	-1.6826696292064887	-0.5739968650695109	-0.010191426151791425	0.4014719876903743	0.5858411144286153	-0.27373565426360685	0.3886883536228537	-0.3683436699238941	0.4951320897070344
Br1084	0.0406519	-0.00140999	7.89747e-06	-0.000391911	-0.00797489	7.8	0.0108170481311096	0.974962	0.0	0.0	1.0	0.010556173190293753	0.08750878269367925	-0.4893497757251222	0.5687355053038108	1.6764797959464	0.3563129837135683	0.43406209253976646	-0.14392301492503856	-0.21952667046045907	1.524740076167727	0.9340722248141106	-1.6262536967300971	0.32370192893178046	0.6404220929660628	0.6145064686037746	-0.6069089868614866	-0.15957992083368067	-0.6670089311642567	1.2080907661929086	0.03369111758281816	-0.060257797116787463	-0.13100120723001313	0.13631203806363407	1.0014459844569088	0.870504284045269	-0.1535641692600333	0.5977580554517388	-0.9833119604224456	-1.3013282344479007	-1.1803066886692293
Br1093	-0.0123743	-0.00586678	0.000278612	-0.00306214	-0.000719103	7.1	0.025829954405973	0.975436	0.0	0.0	1.0	0.2944976598673379	2.408476084897638	0.4555499027646087	0.3387179420100942	0.8801916100314622	1.1621693634834824	1.3865051480132626	1.0898145897545706	-0.8226584937731232	0.23748524384957498	1.848660924907371	0.7762149739288946	-0.09203997067061835	-0.3577871147468797	1.9259082281197926	0.35864839285347405	-0.011911766373429267	0.6383677835629396	0.14435179112046362	0.7592897642456338	-0.7280451921509193	0.5471318461151119	-0.5768370829550478	-0.6080339400161511	0.8932977174496761	0.09481919998657083	1.0901106138205827	-0.47478798493487556	0.636695798403204	0.4186742353236945
Br1096	0.00258634	0.146563	-0.00968046	-0.062675	0.00596966	7.9	0.0165478141054488	0.963886	1.0	0.0	0.0	-0.9054576184697909	-0.48148065837856546	0.538304457497814	1.5844859497298054	0.7571209838285933	0.3196616418572739	-0.11077824023399392	2.0409922753841188	-0.7067445552475518	-0.20268145162895065	2.6446614619600615	0.4044243136518594	-0.06682697010803297	0.46288405711575664	-0.6190623684178929	0.09529522782550567	-0.6256252334351877	-0.03901649062154023	-0.22198781189563496	-0.07472460387934274	-0.5579657694823001	0.530061581762771	-1.1324919328775858	0.5115030818967459	0.3775835075575994	0.2124642492296661	0.5981076002352934	-0.01821859094000717	-0.3661236662040376	-0.9011217965885987
Br1099	0.0292971	-0.00337074	0.000944832	-0.000355509	-0.000179412	8.0	0.0138808518538097	0.965625	0.0	0.0	0.0	-0.42306549910134345	-1.6320657591642396	-0.6914962680930984	-0.8266926236252036	-1.50182372065027	-0.9121785531543761	0.36403433450428063	0.8662064362162876	-0.4750638567084588	-0.5903610755316763	0.9249651201572653	-0.18546064903701884	0.1401625405635499	-0.3876236995916967	1.4318825146262113	0.9825979578738251	0.3668179897883797	0.4401425730130499	-0.28380004288229266	0.5857620716940061	-0.7813089272020624	-0.5092837368590355	-0.5545412788547294	0.7830849565169994	-1.0966369760869636	-0.852394706070359	-0.5942251415860571	-1.6699662895286267	-0.3037308577862626	-1.8586763869661977
Br1102	0.0414362	-0.00357127	0.0024779	0.00150005	0.003523	9.0	0.0199924984866552	0.965773	1.0	0.0	1.0	1.0785682010585909	0.024269376396962795	-0.45042626286389514	-0.09288119170648736	-0.4725375179074285	0.505952276832909	0.1337125206997762	-1.3592127957392686	0.6170633754544644	0.7287847739413165	0.6328407796452549	1.165756691904597	0.5737062950187366	0.5363372379310735	-0.3137206289908271	1.3885430305953312	-0.3370299165280348	-0.608729120064704	0.7958899101897644	1.2487259111284246	-0.975313218573766	-0.0882514256732014	-0.17627617632592732	1.00951482196989	-0.7862584536207395	0.07821352141538399	1.2070383266531115	-2.5409250684434888	0.6437621555401243	0.630981178108796
Br1105	0.0399749	-0.00557565	-0.00270856	-0.00526483	-0.00487495	5.3	0.0143232688442353	0.972046	0.0	0.0	0.0	-0.6866833832869725	0.4802153689130703	0.04043033176517174	-0.22706538775412577	-0.9191302044249581	-1.7085496095292176	-2.479263178449943	-0.6254193414936291	0.7782947195686797	-0.04997463234500243	-1.1543431715819232	0.9633559635502327	2.6626561491752727	-0.3791916182994062	-0.39097462092705065	0.22369018710189112	-1.5737518246070634	0.10192125997916675	0.22013559504191005	-0.3024370241078867	1.1132303654937303	-0.4039624582432556	0.16331044134449096	1.2272286981281983	-1.5284710560401917	0.8783122348790784	-0.5065120870020662	-0.22326353500023005	0.9771948666406054	-0.7316740400062346
Br1111	0.0316008	-0.0040936	-0.00331854	-0.00270918	-0.00568643	8.2	0.0151314216375132	0.976255	1.0	0.0	0.0	0.019475852196721835	0.1910556398764457	0.1119973071241867	0.681204925076265	1.5477075701676055	-0.23906068222639673	0.2525823763753549	0.916299151593374	-0.2618062082203245	-0.15833067965160655	-0.3648926818477917	-0.031190041127449143	0.6982582891916067	-0.41035535303022125	-1.174824371437858	-0.26471272163366166	-1.0806162499119503	-0.27285434712052387	0.010452800250028723	1.0404439110424386	-0.5848322961228896	-0.13311785574774765	0.6194711886282838	0.3212672674752618	1.1621668506034537	0.1965321853325109	0.6494728867295241	0.15214460173364633	0.46492493719406	0.13822957822955756
Br1113	-0.00795688	-0.00172694	0.00265763	0.0101497	-0.00140484	6.9	0.0113398204326345	0.966355	0.0	0.0	0.0	-0.22957138477513667	-1.004460365589186	-0.5233345758487425	0.9628557293294585	-0.27817217094293295	-0.8507199517131396	1.8562614634743315	1.4716648118886915	-0.05567856590783153	0.28054713312962265	0.0023943702926654304	-0.6029744266847054	0.7853346660874907	-0.7283335780672082	-0.2126298391271114	1.0083267276839016	-1.4172733730882745	-0.3456049304558362	1.680470046492658	-0.579594497482932	3.0651168486232234	2.4960386274472173	0.8794749226726378	0.6394327266337176	-0.5838484563142097	-0.19768597679216598	2.4057415535404245	1.1701491291069768	0.2768896085517278	1.078377684446763
Br1119	-0.0130247	-0.00462317	-0.00865204	-0.00638168	0.00761335	7.8	0.0177058857683912	0.97368	0.0	0.0	0.0	-0.2459287146100338	0.1723977418024512	-0.017679156334757383	0.1840719963701596	1.707699260806861	0.8848542792232599	0.4097534206084698	1.3268220575303518	0.4033249860346618	0.5780862513151251	0.2725770013306162	0.19339822566166526	0.035820712610099205	-1.158869105582513	-1.584705062407248	-1.56322778307098	0.5841976484814588	-1.0303556344770037	-0.9627047442782752	-0.3603053915641422	0.10968820936433343	0.9726162552994392	-0.44182523880363983	0.9973040922306509	-1.2023756510810044	0.5751608515433329	0.9959225810654706	-0.657474479232472	0.3257013946921836	-0.5467121695047154
Br1134	0.0258755	-0.00397764	-0.00224943	3.25744e-06	-0.00128673	8.3	0.0164501382204602	0.971472	0.0	0.0	0.0	-0.751390459620612	-1.265074684744943	-0.23012473707079248	0.7698772099338119	0.003134948274923325	-0.30109414480934454	-0.43059352938094614	-0.4631449675191387	-0.10084770636187121	0.02911391058430405	0.061508262802371316	0.41462094616289275	0.0022307171716185363	0.14579001673391187	-0.06347674260815996	0.7687608934801686	-0.9822343104948837	0.7018156860918009	0.753277915837943	0.4411423571046511	-0.7917051872565969	-0.17494488705534833	-0.3461929447869073	-1.2580755384089946	0.05190390466271043	0.36432509672625824	0.3492717020575917	0.14208181924316984	-0.11841109353547173	-0.5190438728887666
Br1135	0.0318012	-0.00394035	0.000510869	-0.000736157	0.00253262	6.8	0.0127840532610526	0.977906	1.0	0.0	0.0	-0.9112272165467465	-0.6694936007100988	-0.07783950422507095	-0.3469110770867886	-0.48726132410802236	-1.3289461795471516	0.47054914206984494	-0.3057781588022056	-0.6571951654376251	-0.07064246265933395	-0.5702719223313587	-0.07444854915818519	-0.5645749402418668	-1.473939222779599	-0.4194687638649436	0.6933646835329348	-0.9282582513222647	-1.4194711898212642	0.6455555603266495	-1.0453161351811773	1.7653331674455484	0.04911649566794968	0.7274874423931241	1.854691516137656	0.3014168616404147	0.09699896601369194	0.8885631991251091	1.479586714673616	0.9463803663696292	0.961122187281222
Br1137	0.0344856	-0.00484262	0.00262911	-0.00306194	-0.00160208	6.8	0.0099286188324532	0.978754	1.0	0.0	0.0	-0.6953615873981669	0.11566992825305321	-1.38272162420728	1.871062742151306	-2.396238798880773	-0.15381374514507237	1.463378054844095	0.433918745316514	-0.9385039386421522	-1.083077863358633	-0.3634317929274241	-0.6579223412751493	-0.8500033789846113	-0.07183865136401014	0.4959586094792169	1.4689020005858355	0.023527437502563708	-0.5000640342764063	0.21193366959198545	-0.9922568292785133	1.1840482127915644	-0.13675377419640067	-0.028253755218202913	0.5693644174246704	0.10068438726458315	0.689995119604656	1.26821400698854	0.3042020978045217	1.2044623519117388	0.34043838365577944
Br1139	-0.013125	-0.00395938	-0.00908127	0.000244394	0.00192269	8.7	0.012514147662575	0.98019	0.0	0.0	1.0	-0.93107139223344	0.1911643364433353	0.5735380757676721	-0.5554056399721428	-0.23015076247181754	-0.55821321777035	0.09471775687634162	0.1983444376669145	-0.4807304625331852	0.16100828315239474	0.6098054952911768	0.34390137837479423	0.45089918391187145	-0.5793549621011114	-1.2469093808905238	-0.4011487941520296	0.5054161155777998	1.577609859878089	-0.8951211927794835	-0.8744196396933296	0.8520553946038135	-0.5221204763122016	0.48114895136337027	0.8328383458762509	0.6637256786881482	-0.7435376288228575	0.41149757534098724	-0.43994358963192604	1.7725837942824563	-0.01226691183153706
Br1142	0.0423347	-0.00413757	0.00125669	0.0015192	-0.00338636	6.7	0.0149552486277601	0.966343	1.0	0.0	0.0	0.9369209599471882	0.471445689243529	-0.2804205632009425	-0.955505127678377	0.02102494782818528	-0.09945814562501712	0.7723279402318528	-0.05514131874143696	1.0398620577190814	0.3702535094070825	-0.7885207366114456	0.5453582175064943	-0.9037320416386541	0.11807276689406489	-1.6434473509160639	-0.38265747488328994	-0.9199465132478853	0.6607433797898595	0.6065210872842374	-0.4936658765575443	-0.20174260769407085	0.7599237448670189	0.22055093157120062	0.8657656904186701	-0.06866325700736148	-0.5576080399487536	-0.7887833193170343	0.6895608607465292	-0.08014979484992084	0.25711639066778375
Br1143	0.0347443	-0.00322848	-0.0194111	-0.000872445	-0.0137379	7.5	0.0158275049043842	0.9629	1.0	0.0	0.0	-0.1309859983243187	-2.2846886932215478	0.16576508887859848	1.8420567307954132	0.35135970391318627	-0.40545473192455467	1.1444932273372634	0.41940025981407286	-0.4566142072254987	0.24369764538025984	1.4111261155307755	0.3494728627399848	0.4084923616338773	2.248665872954428	0.8454029345801125	-0.05372453652905208	0.03081765476402832	0.5748222086470867	-1.1785454353776663	-0.07426940664409852	-0.07480151552430227	0.9484395943700284	0.34675855081157525	-1.4999969513883402	-0.00753276738557653	-0.45913694229791663	0.5024872286470764	1.6775096163987417	0.5254240314886693	-0.8011079709813864
Br1156	0.0364914	-0.00414122	0.00209563	-0.00136883	0.00299401	7.7	0.01751305746519	0.970934	0.0	0.0	0.0	1.6603073706180689	-0.8145158180661688	-0.11905346851593863	0.36581394908287135	-0.4154905011700814	-0.5720319476998035	0.7063809531688754	-1.0763464093713266	0.3437038066238657	0.4489232317244413	0.2774278254411356	0.9678166544376088	-1.0009562446753189	-0.04377411568458391	-0.23983182419440818	-0.09836403137188335	0.7887255346807259	-0.6218618100064869	-0.263085469065656	-0.6332418470423786	-1.1020886464079045	-1.2963933890936015	-0.9182617645970498	-1.3126930137086692	-0.45584595357566277	-0.6761762660809654	0.9538535298747899	-0.5283292754288484	-0.9894869737193418	-0.394406423597611
Br1157	0.0411003	-0.0053979	0.000347823	-0.00498653	-0.00466397	7.6	0.0147708414072366	0.97525	1.0	0.0	0.0	-0.2773474610066778	-0.19430576498850885	0.4770695738583034	1.0912973469541505	1.144845967678835	0.045765531123073584	0.816652706689398	0.9830544021225806	-0.37645235930249177	-0.49712394739606663	-0.4014409605664645	-0.04919339637465823	-0.19330763059663578	-0.5224207594127063	-0.666643079603365	0.0889400563236999	0.3159783534220323	-0.8690335679641049	-0.3611363626918037	0.36165296300777433	-0.7112080618429805	-0.25386611093995176	0.5642346155002433	0.02829516212748773	-0.11739445078685815	0.1612936504453934	0.9192873011776915	0.008671359607866434	0.17584703261938986	-0.16918179742872055
Br1160	0.0321542	-0.00222514	0.00308731	0.00266229	-0.00270331	6.9	0.0134612353743918	0.968495	1.0	0.0	0.0	0.21262259576387652	-0.1957441441300026	0.08606909531698666	-1.0242977740985224	0.0786275023614121	1.6853440055930193	1.0109554688102835	-1.4460118774819588	-0.5795452917346396	0.43388112308991533	0.11630768091686015	0.389624183970584	0.3070560067564049	-0.7237258296819329	1.692901864482073	0.1857015382326961	-0.672696160666614	0.09523278682165999	-0.18318414882727507	-0.5208425946579245	-0.055651542782908646	0.3941467361743529	-0.4522343448834739	0.5994072529744	0.5737444566691788	-1.2634728569221818	1.2750694061248982	1.0500178693711506	0.28810500176028536	1.1407794928557542
Br1164	0.0369336	-0.00251718	-0.00280117	0.00282528	0.000324801	7.5	0.0178452742135413	0.969982	0.0	0.0	0.0	1.3175699189890018	-1.4912325887068	0.0936657488302121	-0.8029349953289168	-0.8512640248276188	1.8409999365648126	-0.7592820426851393	0.2930589700034824	0.7656272539000836	-0.09617060014090713	1.1658944505396067	0.43366561418981237	-1.1035261614153118	-0.17196527360312105	0.013874572998596561	0.6311623353470026	-0.3205093105252347	-3.5313785133268265	-1.1760013632925739	2.130028754609938	0.4925690659108884	1.4286697771395707	-1.1992447608088985	-1.2724801874160852	0.582908028698491	-0.027118119317133472	-0.7889312923520844	-1.167934137593101	-0.2044913671693144	-1.4690515446307733
Br1183	-0.0127485	-0.00695354	-0.00319519	-0.00227993	0.0032841	8.9	0.0138552890615651	0.964444	0.0	0.0	1.0	-0.7617146283198182	-2.0442511136846244	0.1350061615142591	-0.5793667931030008	-1.7214113267264188	0.47220677991661264	-2.084806533469065	0.001176589578987079	-0.41344148025758076	-0.49102245087304364	1.9088281639109725	0.7243238990898313	1.1307127654862719	0.44786798257812904	0.24666957437803047	1.8596240072801975	0.7674692423337065	-0.09592681275132156	1.521531104747947	-0.930425856245469	0.04276776537960788	1.378255601902124	0.3977692255547364	-0.5327968477037514	1.704849470960542	-0.6756369234237509	-0.46286673169188536	0.5547820925129946	0.824062633248892	-1.8483924063173092
Br1185	0.0359338	-0.00445866	0.00123968	-0.0081643	-0.00446446	7.3	0.0166584741232881	0.974229	0.0	0.0	0.0	1.7790749819754077	-1.0852198030014777	0.1022570463557836	0.05864013496712879	0.42698949797538815	0.3868801571063723	0.41851740840943863	-0.5293368711845989	0.6098357171417514	0.25427958597089806	0.49655871321723777	0.6926260185342826	-1.1107198478943057	-0.48988793423477905	-0.6255199947495392	-0.07725075325492826	-0.8913735404708555	0.32541028333074506	0.635250275684054	0.1752960945017653	-0.32311016046542385	0.0865463986918275	0.010503736045669796	0.24333015338946395	-0.801753785275234	0.31786225257799827	0.23918514337626276	0.23300539270094617	-0.6320720928734925	-0.1643527339373164
Br1203	-0.0126477	-0.00458922	-0.00655583	-0.000886605	-0.00186211	8.5	0.0179732303592009	0.976601	1.0	0.0	1.0	1.3830888007106659	0.0015399492717740838	-0.3623755508380341	-0.03880707052258232	0.18750925331457852	-0.3431319800486495	0.34443689707444547	-1.3301079137276703	0.4773111770467248	0.5766950045473985	-0.2790706366031456	1.0066538967740395	-0.2051914639210279	0.8812182077040961	0.1307473030697652	0.9734377405206089	-0.4830529140672135	-0.1964152576855708	0.8597820334627937	0.09472676777775364	0.7776346143772268	-0.3162300116484273	0.3206608493809398	0.9249483387286025	0.7278171533656571	1.205750380658356	0.6664309894229301	-0.21924682027249165	0.9811269872984678	1.3370551942555977
Br1214	-0.0126261	-0.00627569	-0.00662533	-0.00393174	0.000900914	7.6	0.018030476868885	0.974905	1.0	0.0	0.0	-1.0530475729611588	-1.9829578708086217	-0.25071357469857936	0.7933731959355412	-0.5396651069961829	-0.8420363149537817	-0.9470231676762808	-2.1419997424981063	-0.37681739961143357	0.4530690339770224	0.5047882532840706	1.2553722997759063	-1.2230922258013424	-1.4338561736278908	-0.5581436141280957	-1.040034036938705	0.4783200428874006	-1.0004390028382495	0.7016684919293761	-0.39978173741985773	-1.5133292595251187	-0.952960868263379	0.5453763695568814	-1.637740055084292	-1.0019929157608642	-0.5817104987159959	1.8263612409287482	0.4003521689447392	-0.3787959235073832	0.1593768951684039
Br1221	0.0407928	-0.00293224	0.000669603	-0.00174004	-0.00867079	8.0	0.0202012602548458	0.973085	0.0	0.0	0.0	0.27086472500966163	-0.7997582253152421	0.3874203164618142	0.675774040510123	1.6446935564933198	0.12574403524377903	0.7374848906225987	-0.1540917088376238	-0.9057202067357507	0.07973734894068896	-0.28599490033298586	-0.4566542679935364	0.9097188934096198	-0.9383679319812551	-0.13379290675486188	0.2536778992108196	-0.1863939007915811	0.3341359229928312	0.9452581069412195	-0.7987733092254432	-1.3505623738726988	-0.2786777541710248	0.5166035038814432	-0.9775413661411261	0.10938648369753609	0.016914452224962438	0.5315626309772415	-0.23501274556800542	0.48403323518667285	0.239011382488024
Br1228	0.0267411	-0.00496955	0.00216997	0.00257903	-0.00120088	6.0	0.0075205387919106	0.968407	1.0	0.0	0.0	-1.4984325268031804	0.14905859252302664	-0.4725747468907919	0.9061665054083264	-0.488482198312409	0.2743956048867223	1.3466187098090951	0.1066993720333421	-0.5271474092264414	-0.17542256949197912	0.14034121707027775	0.5408877286654707	-0.8633651966495202	-0.4191491652517386	1.6364562188783656	2.8057584756663365	0.10184067718585944	1.1419819289711872	-0.06812169076442122	1.2026391183386784	-1.4178141597454235	1.1817014630163312	0.547234413235399	-0.5502250957638992	0.896849818233561	0.15138741593508917	0.04330121890112605	0.8068063429614833	-1.2323955025605031	0.46787441312914824
Br1235	0.0322049	-0.00293504	-0.00523802	-0.00790448	-0.0168862	8.7	0.0135957337759275	0.968354	0.0	0.0	1.0	1.1985362273905755	-0.16059493617737944	1.6020636420934957	-0.08119025389957299	-1.2888082581437559	1.0384609265968794	0.07401902270222573	0.19914306304850238	0.5092164246993076	-0.20524440662363175	0.7718295476699399	0.9049635143489442	-0.04436661511531059	-0.5886202320476828	0.08107270379868137	-1.0268525259803123	-0.24708695822225912	0.07172171894385454	0.2728972884819861	1.629330635371617	0.6814608349558026	-0.6829371383158669	0.3684256293022945	0.955555469336196	-0.6750333360213325	-0.7283533054034308	-1.0536571682126983	0.21197098686525523	0.42815453478768406	0.10380827666434969
Br1243	-0.00267739	0.0507765	0.010697	-0.0137335	-0.000288973	7.1	0.0170056957660938	0.968531	1.0	0.0	0.0	1.7147609833207773	-1.7634757724016479	-0.3143505058562321	-0.514135067506794	-0.6609062112104067	-0.13621468530480144	1.684304923388313	-0.5629823108770833	-0.028268680433034564	0.08223004871727889	-0.8915052185229981	-0.03987287306039272	-0.4135579992750787	-0.9197527112361461	0.7591085748773756	0.26609397876681684	-0.8029949947547212	-0.8883325235434741	0.7977027444822613	1.0266144769623309	1.0058836071873634	0.236623221745698	0.46512953671817125	-0.6310263177295875	0.8634095793260106	0.07883588999602953	-0.18364725751226774	-0.30469615568894076	0.37681927679755994	0.2976207254314634
Br1249	0.0298364	-0.00447165	-0.000772846	-0.000510797	-0.00736977	6.7	0.0102449323946999	0.974698	0.0	0.0	0.0	-1.4170264807030586	-0.7376473222698207	0.01035294534434664	-1.388260927364481	0.7183831161548733	-0.7922729200682153	-0.26523650840479024	-0.7516546180916046	-0.5959866071804855	0.16920480968468923	0.06722305671208638	0.6711643799025896	0.21694398520207012	0.9463815082409941	0.9499959580460093	0.049772193076309194	-0.12491876367546971	0.5163621929697172	-0.33021510375301427	-0.5297074611227568	-1.3647361289898776	0.22198443043558133	-0.39930439256464445	-0.552127105626461	0.4295480498373309	-1.4464680784206787	0.15487964505562887	0.7681863785881273	-0.2716908453075745	0.3699451737561419
Br1264	-0.0125279	-0.00402983	-0.000437545	-0.00270426	-0.00120043	5.7	0.01335071421777	0.97457	0.0	0.0	0.0	-0.2121159174513543	1.4259376298981692	-1.3447835129642054	0.8692962381827354	0.9937726492616524	-0.3551513051303636	-0.9615270443966921	-0.3356822338263464	-0.547454562658723	0.9625701611632579	0.18710017584500474	0.06613874882867	2.061001146130547	-1.159978303949055	2.388501090380272	0.6359585385500388	0.6049666445737727	0.006549737275051273	0.8995825574006733	0.8023550682054733	-1.130987788231155	-1.0664962340334447	2.0827919256549103	-2.7666946687849614	0.02265558813943329	0.7474058857966782	-0.24563095248622016	-1.4440849977249182	1.6663154494487218	-1.8524048965129047
Br1271	-0.0126432	-0.00347912	-0.00636072	-0.0026899	0.00280232	7.5	0.0145888541339663	0.963911	1.0	0.0	0.0	-1.0516896407038157	-1.4657926717925631	0.0867344867192441	1.0833147842845563	1.148452306223334	0.18946109608547498	-0.14828618255157774	1.0108765374379618	-0.5965617778397899	0.58753568497071	2.3413855406549855	0.8664797479796268	-0.10840175399894714	0.2467646396011687	-0.3472189562904942	0.06588400847414223	-0.6266313122271004	0.22189447241718857	-0.03206642730088433	0.7610277483384953	-0.6890691789116042	0.3321153253778129	0.10146222049367845	0.05372841511625918	-0.1101599563743541	-0.49347351800702516	0.8408267785694494	0.38075230407886657	0.4771471998612456	0.20122869782993663
Br1275	0.0358563	-0.0041618	0.00139308	0.00133048	-0.00290525	7.2	0.0112429079139143	0.964562	1.0	0.0	0.0	-1.4265220961870428	-1.478174103412049	-0.4708963175303065	-0.5965375481593055	-1.1000222387472613	-1.1840035441951964	-0.03761692494165679	0.17062581569868926	-0.4318544658067854	-0.5166905931112203	0.1123956081600811	0.6673906925579833	-1.4580683214759635	-0.7385853522394424	-0.36234380284246426	1.1165454766197136	0.9308745632528486	-0.5685710312672895	1.3399510525336014	0.5612137814076716	-1.4961346420356512	-0.529071293818659	0.16895418206108936	0.15043076383801612	-1.2055175180652526	0.07523936256487665	-0.2747500526640185	-0.5898566375228204	-0.7753306159625377	-0.10190160550170708
Br1279	-0.0124362	-0.0029589	-0.00676985	-0.0016701	0.00231811	6.9	0.0178987851040864	0.979363	1.0	0.0	0.0	1.7142398599287558	-0.6084326372332626	-0.10000439931830293	-0.5962415352300159	-0.5311848834945514	-0.6825273309238209	0.16261812058666605	0.2957171932409455	0.7140381520308782	-0.21961938201517436	-0.5585795194178529	0.4991134734380462	-1.9041468446947023	1.0257681457904138	-0.5707012683884252	0.08935366302761343	-0.14557093891735357	-0.3003393217809057	0.3956100567019023	0.5955111264615683	0.09900727206707113	-0.25589938589766764	-0.9512568781050184	-0.06222342622952472	-0.14889918670455593	-0.301733978751513	-0.9478028482730051	0.16539834961864694	-0.13289851628626528	-0.388947576202363
Br1280	0.0386464	-0.00667244	-0.00451491	0.00066181	-0.00552489	6.8	0.0086954244227771	0.974159	0.0	0.0	1.0	-0.4604181546400958	-0.18864087968394197	-0.4899342417755958	-0.7593359335845116	-1.3551227473623813	-0.3716855635718389	-0.1181781889545806	-0.6594239522629531	-0.060345888138808534	0.9757174313645184	0.16801003827650565	-2.321472841511044	-0.44850102157672944	2.18461515753545	0.03453494549120325	-0.3138206026699209	-1.8157970845696394	-0.37985860550639855	1.463602026092709	0.48636918013479663	-3.1021887695016286	0.03162826031717082	1.2056528708846195	2.0324489399769514	-1.0539522040755993	1.705101667903847	1.0513718244819	-1.4131153958878004	-1.6882333668015816	0.2396761630277968
Br1285	0.0279063	-0.00321575	-0.000310118	0.00218315	-0.00584131	7.5	0.015010083734513	0.980188	1.0	0.0	0.0	0.13495977700245224	-0.3144605530227887	-0.39724266753028037	0.33088247798084375	1.1741778825532296	1.2727616950889777	0.06434292798300563	-0.37436433530393726	-0.26596248238350356	0.0018337776225471154	-0.9458775047441788	-1.0730845748978806	0.011309327052574682	-2.5565927979428293	0.060545883321098934	-0.9429795789132341	-0.5201577013304698	1.0564348148218405	0.48353959341576574	0.9859331659346061	0.08376786270325229	-0.08637259114495155	0.06683333221119395	0.3022449707798068	0.6641599080909154	-1.613071757975538	1.035437656427435	-0.4792438764416035	-1.2707595038725807	0.12516443752657744
Br1288	-0.0127796	-0.00611951	-0.00537396	0.00158254	0.000756499	6.8	0.0192828301691927	0.973384	1.0	0.0	0.0	0.2618264660464637	-0.3606295046889186	-0.07635880703143984	0.4591119940664511	1.737740195789312	0.15699766235728702	-0.3428859722107119	1.469985226371765	-0.2727918631952083	-0.3191418011955492	0.2973436946305361	0.13197999468978636	-0.5424309786889046	-0.773824795577218	-1.5645342200806691	-1.0320445626387316	1.1515423554793365	0.4123812519292021	1.148237131023957	-0.6504389600912598	-1.2506028016901634	0.027258197024120592	-0.18265955924537183	0.8709122591005182	-0.5289382025779809	0.8670719976856265	-0.0067658837242654205	-0.18103261717438934	-0.3033273911136877	0.36446817697859313
Br1289	0.0294465	-0.00495386	-0.00107649	-0.00374447	-0.000150645	6.5	0.009875260626762	0.980549	0.0	0.0	0.0	0.47361371223096294	1.0009926461078638	-2.423283155743629	4.271578620234227	-2.336462114437881	1.6488008883716105	2.558063927568294	-0.32341468784237526	0.25625205257957845	-1.3591272748626553	-0.4767302548474636	0.058960263231048984	-1.2093563087543302	2.4061585056105432	-0.4923081991561818	-0.9316360023969509	0.7351239121484099	-0.06018547204864735	-2.3311966047999793	0.14427961680062507	-1.5106392711989998	1.5903512530396615	0.735333855915645	-0.22741446707303717	-0.08812044431523819	-2.9892757387039643	-2.3616631979843734	-2.9706776231996304	2.5124878536150557	1.7041415810343032
Br1297	0.0251383	-0.00326598	-0.000577583	0.0024606	-0.00382238	7.8	0.0154257671246592	0.96822	1.0	0.0	0.0	0.8652909417858164	0.038972981451347595	-1.7979659940826491	-0.7790644532065805	-0.0985752459086268	0.13211045592551143	-0.3774092794012286	0.03562217223166482	0.778537016522589	1.0797111677379077	0.3484496872687687	-0.0687176386594939	-0.03692840651312642	-1.5060371094175455	-0.34792389522206313	-0.9424547832508567	-1.6867660391952866	0.6112777364893899	0.72231781300564	0.6265480675837927	-0.7762092914993041	-0.0016814468350439583	-0.2913645122727413	1.6991258201114514	-0.3371698675990674	0.2503705491281175	-0.8502295926006325	-0.5335712537084735	-0.49784073999503914	-0.7670146077392836
Br1303	0.0314249	-0.0042259	0.00186403	0.00657301	0.00508409	8.6	0.013654273727937	0.973092	0.0	0.0	1.0	1.6716374877710136	-0.8351980278169905	0.6789724818913616	-0.03036677392273627	0.6098031130882583	-0.148432695588381	-0.018477620523877056	-0.26887538402315836	1.2271076319228058	0.5694249480058328	0.46548690856252967	1.556149497983973	0.5200267958455289	-0.45465577389469314	-0.5277575065683487	0.1829638309018538	-0.9155031020574701	0.6177220914076957	0.41098623744834617	0.1461289011395754	0.25974391900091465	0.39111549945821455	-0.7892114484499074	-1.6798953454241126	-0.18986349815833367	-1.5794278029070048	-0.2764703275289467	0.251704336763728	-0.817716719161506	-0.08888984697170996
Br1305	0.0339332	-0.00351907	-0.00194472	-0.00257686	-0.00697477	6.5	0.0092354058188447	0.978531	1.0	0.0	0.0	-0.7692342560394018	1.0494160288034498	-0.5992924645372966	-0.8170386985312527	-0.345672377355923	-0.08367518370848852	-0.20053947415281037	-0.28442278413067873	-0.6283583372640577	0.2721496335335896	0.7070692294441555	0.7930308312850545	0.3288966813640622	0.03904178468018673	2.0067395888523034	0.744726554326572	-0.6503346977214562	1.0838568759180298	-0.7475346788225758	-0.05854120535573295	-0.8218151645644454	-0.34888669951022844	0.7682649507871061	-0.15210248419177996	0.12491758139855516	0.9988970269035968	0.7185171702973707	0.7970724268977261	0.2953771409207472	-0.5899897518980876
Br1314	0.0321087	-0.00206716	-0.00207913	-0.00579751	-0.000871152	8.1	0.0131796641198207	0.970186	0.0	0.0	0.0	-0.04718871032752484	-1.3072681700269284	3.2718627165219782	1.1279462308325925	0.5240385733121834	1.9420426658574192	0.26963180539508697	-0.9301941456536612	-0.8809601901951567	0.59274337317096	0.6523610723382145	-0.20385658748455124	1.2253423644475268	-2.022831595235777	1.2153471856115297	-0.8636089915400883	1.4186128943229435	1.7338355743453857	1.7558429688075623	0.033185405709085056	-0.33013217100122694	0.07915199476590083	2.5135094466734578	-0.40283010525560764	0.7345631424307189	0.5741037630286174	-1.0123656789649906	0.9339820983731432	1.0004986351186882	0.45408075603943326
Br1315	0.0376936	-0.000853585	-0.000276797	0.00968724	0.00148324	6.9	0.0120661138350877	0.977698	0.0	0.0	1.0	1.07504440897551	0.446120931422117	-3.61682538750531	-0.36776975232456366	-0.6746793186945292	0.27010144981819373	-1.6777625702128132	0.9257938306586371	0.300533657300579	1.2852501570839538	0.6509884976835736	-5.571755964275112	-0.5063483209121633	-1.327003268303884	0.4235334922665312	2.22057589534812	1.5217297680563278	2.1180734560899057	0.4425996765425497	1.7038927669132025	-0.988351961265701	1.4130992126773325	3.162173933315732	-3.600016628004322	0.6676779120143232	-0.22050233804061606	0.8568914014385706	2.5123185755999007	3.5645986801665237	0.6681113955580135
Br1321	0.0400717	-0.00409757	-0.000693309	-0.00170721	-0.00156014	7.4	0.0096620959466707	0.965134	0.0	0.0	1.0	-1.1944570576748978	-0.2780309550813658	0.12959086459820343	-0.20756587559376755	1.8009448847013942	-0.5877215005898591	0.7689762300153742	1.241239695098386	-0.3708994051849603	0.6326795154206323	2.113379898496379	0.008499768830011157	-0.8493795246629796	0.30106738739123073	-0.07164409366636482	0.9565989201982977	0.46546792417045213	0.8092200594705946	-0.1301031741128747	0.5638475041277573	1.5801431867997253	0.5244960359100168	-0.17591024866193206	-0.27556796127651245	0.8649808630092666	-0.9573690900815186	0.20461196579054292	0.7908624753066152	0.16076971733966838	0.6861687209294971
Br1324	0.0304747	-0.00397165	-0.000149978	-0.000107699	0.00137135	7.6	0.0132900124313832	0.97855	0.0	0.0	0.0	-0.167398715885789	-2.0195255603095283	0.6309660790006405	1.1976766831096177	2.4104987342172457	0.3252591712481	-0.2519624639486417	0.10029675683848244	-0.31670531711309996	-0.5043972145509702	-0.28105783731182477	0.14287357266386697	0.20477889389247317	-0.28955610972167745	-0.5544928751886827	0.39139024883452694	0.2339450503000646	-0.06791245635224473	0.7439402051721842	-0.4881575838482856	0.2581341980599651	-0.1205085649143525	-0.0583200057712474	-1.7329926666279951	-0.22840712910672245	-0.23636723881967625	1.2132133241104353	-0.2339961154004533	0.21036684845163237	0.6781537173837567
Br1348	0.041473	-0.00379908	0.00158249	0.000397756	-0.00541068	6.8	0.0128862926086969	0.981964	0.0	0.0	0.0	0.18999571002193333	0.3361348277285274	-0.6796657117593825	-1.4968895598095893	0.05305931063154368	2.2382609774357816	-2.0346870688167797	0.3989033956442468	0.08689492781791822	-0.6754908617568648	-0.10173139589920502	-0.5906222179970967	0.49957580075217706	0.6512917196659999	-0.08482993629594325	-0.4802417874312069	0.35609303960856825	-1.9169460836182304	-1.0531717627952621	-0.4001523373928699	-0.06069331951383089	1.9232832959410013	-0.3058739867218175	-2.2248945003794525	0.043039940086871495	-0.6570023312698735	1.1875943608039825	0.8031173176116924	-1.1323421494237818	0.4473379553466875
Br1350	-0.0113189	0.000816706	0.46048	-0.0303026	0.0191567	7.5	0.0163390484342118	0.976186	1.0	0.0	0.0	0.40088430849459644	-0.8035473095494908	-0.24543153312378202	0.37354464001457566	0.1765184799065166	-0.014593496630161512	-0.07424366714179763	0.37314518390923945	0.11992176104521071	-0.2627734850883808	-0.054212108801477796	0.3604879722388279	0.4382656725724606	0.5980710856131564	0.26714879195949276	0.017154024090582795	0.24122437937227412	0.22281468083770184	0.93449087243838	-0.4050512692135512	0.311139905536182	0.006853676336830517	0.19839100815988325	-0.06185172298415331	0.004656764127168149	0.5673893036350092	-0.21164769944776207	-0.5354773543964614	0.08163638157797069	0.11551047053676419
Br1356	-0.0126358	-0.00354923	-0.000441472	-0.000903487	0.000366775	7.8	0.0176912400726035	0.973036	1.0	0.0	0.0	1.9882925412229164	-0.3565982671578703	-0.36221829450389453	-0.351597259837688	0.45433524926398383	-0.533539978548273	-0.36480318378993104	0.16440926433680378	0.9802817334504728	0.8442520002642027	0.3958186306354186	0.6036393270092135	-1.0111793360760868	-0.45959563149083715	-0.7870720601434926	-0.058546429252685064	-0.34756909607062214	0.04342673269359703	0.2504189171137668	0.0822564015551676	-0.2716290817514169	-0.2911781302239535	0.564248124641006	-0.9152360632510648	-0.10943065135525801	-0.585918847246246	-0.37358836599876605	-1.169966264848787	-0.7444905259901545	0.34166623818135056
Br1370	-0.0129365	-0.0042923	-0.00349319	-0.00331122	-0.00127527	8.3	0.0157630201908944	0.981721	1.0	0.0	1.0	1.1807605243223556	-0.47413022596234683	-0.23381057941568453	1.5455588650869008	0.45580521693868575	0.4561157680539578	-0.05743663517197636	-0.7830075539754535	-0.2557679127898444	-0.15882923672257543	-0.1217010341711671	0.15003174914341863	0.5165419103776575	0.09499526236067582	0.6695081986957707	0.9149091546372137	-0.6917004080222753	0.35910016279924817	1.0029071193729895	-0.4944626119429032	-0.3855331735008903	-1.4264968636479953	0.3176571884135581	-0.2939344385370622	0.7333337506190959	-1.075653489942262	0.17120233353053838	-0.3819719320598673	-1.3931207478250571	0.34191563240530204
Br1371	0.0305545	-0.00531121	0.00121781	-0.00493796	-0.00454867	7.9	0.016489135139183	0.966211	1.0	0.0	1.0	1.644763094493028	0.5652936508643888	-0.7370054052929799	-1.669502246122521	-0.32972938498632154	-0.07216400509811279	1.0706161446104505	-0.3005364322465179	0.07802917316196353	0.917655035397865	0.22703544229405218	0.14564132196406168	1.5095497785289054	-0.10638187476560373	-0.25317360567921887	-1.1567008590729582	1.2727231651181186	0.15057892937999542	-1.767259711103929	-1.1744425887785452	-0.8673258506923512	0.4619240721636095	0.057246266605579556	-0.9898888926449267	-1.5251171675206605	-1.6398368205465859	0.5741087399536152	-1.5397781392351468	1.0280526391848914	0.21334798061545204
Br1378	-0.011217	-0.00280512	0.0124119	-0.00314573	-0.00161998	7.2	0.0170286704973522	0.974472	1.0	0.0	0.0	0.06946713740161262	-1.3540419563755886	0.39223140039010224	0.7800434600289996	1.979767992914609	0.7082913559888906	-0.5695507652918045	1.112432226036245	-0.4117774301206239	-0.6357114536147016	-0.11072833686983312	0.1143937602444273	-0.5396482904000706	-0.41859340909623044	-1.208590090477175	-0.07018336443872057	-0.0977185987853656	0.10589380158480122	0.0998898830274286	0.3913706914549662	-1.2791682608868227	-0.16918739065316535	0.6916567007756868	-0.4766344792406933	-0.000992054655013691	0.3590010847042867	1.3631364099824566	-0.7435635047198967	0.1025529969514272	0.4465387827182203
Br1383	-0.0119659	-0.00456439	0.00395027	-0.00150494	-0.000986164	8.4	0.0209066803584799	0.978753	1.0	0.0	1.0	-0.9825251433250797	0.24325043307012778	0.03335548976278764	0.4921090985390086	-0.230101992497417	0.4951478644845245	1.507841960406176	-1.1033444630265843	-0.10448823504582595	0.6065306042443256	0.9934117082027827	1.3187222503175136	-0.28558725574140487	0.05311391135022444	-0.13113297011883662	0.7780527731393772	-1.579886451402483	0.1429280015480504	-2.564094200959556	0.6629328062626557	-0.00975875750051227	0.5744745385951898	-0.6872325288525165	0.3999186718686526	0.17415466393698134	2.383988280733892	-0.03182761131871376	-1.5956350526796677	0.24723945368500388	0.6896743469452439
Br1389	-0.0111641	-0.00596424	0.0019409	-0.000724157	-0.00605503	7.5	0.0203730131150031	0.968665	1.0	0.0	0.0	-0.11360417649887866	-2.2956811124302763	0.388870602115522	0.6970068385282485	0.4119042912852067	-1.2396942173448386	0.9365059949130327	1.2619610874493996	-0.4612290285130996	-0.05391938977640906	1.286936735888709	0.290290392971599	-0.3906587146505189	0.6892875882359669	0.3124073792563576	0.3819742221150314	-0.4970440787661863	0.7080782979827788	-0.6834205453213698	0.1613033201999136	0.4359686406205396	0.9261578947052271	-0.008641251935483483	-1.2928041120755611	-0.2094548562868549	0.4823117783519921	0.9746179270114934	-0.4979130710547787	-1.0662407340791755	0.4568403592017007
Br1399	0.0257676	-0.00447164	-0.00225458	-0.00355714	-0.000757692	8.2	0.0185206200112298	0.96385	0.0	0.0	1.0	0.8206296225786208	-1.813294921425729	-0.0762808740550562	-1.1608144974177996	-0.06761730936939805	2.246373117431207	-0.9847125968326085	-1.6247367635207097	0.06582082170343068	0.17066862648281833	1.2576100456490031	0.8432060442630006	0.35275743309976515	-0.2614576832731627	-0.3839458831631973	0.5472063540202787	0.8918560670816476	-2.414965850609306	0.8690184732860918	-0.8721206418614339	-0.2689281006018065	0.6834025990529334	-0.34300420675422	-1.1124769340046852	1.3837008195741396	-0.23563956947924647	-0.922041424563416	-0.23929141895475556	0.47645925302160014	-0.6681462087976361
Br1420	0.0258478	-0.0044419	-0.00213888	0.00290169	0.00448812	6.2	0.006956209920435	0.979922	0.0	0.0	1.0	0.5496185110877797	0.9124813157619228	-2.7706251848017236	3.849486662442372	-1.8710420107369472	0.6144199072069291	0.9284245427362828	-0.7220753932537182	0.04032135229402312	-0.47985318284219036	-0.45466201219288943	-0.6942155670243496	0.3233462960859203	-0.03506645481005367	-0.550058039208428	0.6079695165181821	1.7608249382893781	0.8834468187694544	-0.08625850020072716	-0.7395565061630064	-0.8850859672746298	0.32356779515960193	0.8818360525033826	-0.7860886896102299	0.7680644361507839	-4.160630912635456	-1.3654978417094454	-1.2308072289231158	5.172241721081381	2.0796981644864965
Br1424	0.0349571	-0.00254636	-0.00130046	-0.00248066	-0.00662509	7.1	0.0150419174293142	0.97152	1.0	0.0	0.0	0.44693982291933537	-0.9633541168330165	-0.26861923371120067	-0.24393857131590688	0.6056875910046946	0.6136918669812973	0.5646218659081821	-1.4524739130520845	0.1592202686308458	0.04231010990130591	-1.1325327549469093	0.26652949181137503	-1.1782869181050795	-0.28846880366960614	-0.07494301147875272	0.28301874888070117	-0.3896201529537285	-0.5215287987102036	-0.1809935032542663	0.6338932467490526	0.022716364344377328	-0.6057219130649238	-0.20800079589291506	-0.6757769639968426	0.5531164446785155	-0.22322414732210785	0.7284045011602585	0.03524918950326111	-0.4382935485386469	-0.04901629899063303
Br1425	-0.013071	-0.00530217	-0.000320925	0.00297914	0.00264647	8.0	0.0140173266487157	0.979116	1.0	0.0	1.0	-1.1281813189121859	-0.8556119860699056	-2.211212823578098	0.1456829014273448	-0.3839130469859863	0.43590320571953195	0.01925452617831653	-1.3223317421565493	-0.4212319920887731	0.8346917065312883	1.2467325731092547	0.3900623620278517	-0.1576122776014168	0.9453734074123478	-0.011502892997888614	-1.8641506790362028	-2.0969940483646345	0.07825341923658234	-0.8593796452591583	-0.17699324550306397	0.7422906224532917	-0.9227290210543636	0.3632129579053499	0.34883146488545347	0.07676160478318673	0.7610530048595172	-2.1922043440111496	-0.3728678360251112	-0.985867848745223	1.1374720190942387
Br1447	0.0299191	-0.000722732	-0.00107939	0.00307298	-0.00241855	6.7	0.0100818227931748	0.981298	1.0	0.0	1.0	0.45581119286232374	1.0684872928325395	1.685712858086407	0.38595402689155717	0.12584098279988742	0.3402413952965771	0.24325935915014585	0.6654490296755127	-0.3792120953285777	0.14695571146463354	-0.15444413529360507	-0.736441139463185	-0.6171625240997953	-0.8268263582063218	0.4770408179852246	-1.5493742222313902	1.0913071332335147	2.2477646537042077	0.7404842305669332	1.7048349748566483	0.6071341827308138	-0.5436585707695759	0.5017056712574225	-0.6590467120604683	0.8257423691091473	-1.2978272389083358	0.18011875413859835	-0.5190998943641003	0.11647466390332271	-2.4814367485907827
Br1448	0.0107883	-0.00329049	-0.00762126	-0.00372061	-0.00326294	6.8	0.0150975362507065	0.978367	1.0	0.0	1.0	0.1986418528802925	-1.4922090821554432	-0.8180714285531108	-0.6628068477480955	1.2037266265206585	1.0619171950919575	-0.5406100198356155	-0.7623123235984034	-0.43919946388876285	-0.9933006177922614	-1.608967347625718	-0.5465765001879237	0.07702493641276377	2.8605310252236986	0.3308545637660512	0.5567086180640854	1.0745487124828055	0.022371121227593906	0.23334689768161082	-0.21273013615922257	0.24439217635250798	0.03100819381801063	0.5075448325728701	1.907737677842685	-0.7696429788786231	-1.7958302778765285	-1.2503191717558377	-0.8246094758386343	1.0646622546247504	-0.9828009832109644
Br1455	0.00259509	-0.00472219	0.0046318	0.000114389	0.00376591	7.6	0.0207241771387305	0.971916	1.0	0.0	1.0	1.0871605272687734	-0.8601675718326958	-0.5674370768260832	-0.7629227482364435	-0.8097703312098755	1.004375235989115	-1.3343651832889682	-0.18819520836649997	0.5621734302417746	-0.9380597659130511	0.569854569776231	0.7145829984388093	-1.338189514991136	2.461279165621541	-0.9042581101825019	0.45111008813776415	-0.7072959532439737	-0.7479105323006627	0.20214894241077802	1.060603083894046	-0.9791272097549006	-0.23283477162238592	0.14999740739988324	1.0436627568341745	0.5918357929140382	-0.5076666553436492	-0.012440770495046657	-0.32487042203469096	0.9781752036287192	-0.4883207048241687
Br1456	0.0175034	0.00371607	0.0113314	0.0137502	0.00280565	8.1	0.0143670330267004	0.981453	0.0	0.0	0.0	0.0440833592528826	0.1487590601246658	-0.8642939415250015	-1.1326309522455333	0.1499113705007645	2.0740450069651724	-2.017679559745116	0.9260449210221225	-0.05158632320371662	-0.771940801968156	0.32911232856897765	-0.7552077837782853	-0.056569094528594537	-0.41859220247352924	-1.0623873345491264	0.4383751043892757	0.2751236489457373	-2.6735179931680633	0.06907393856921848	-0.6730626879650847	-0.028789180203675165	-0.6421409822564494	0.6412222106958606	-0.02627639812176693	0.5027344237445688	-0.2068334166790783	-0.5690247927770765	0.9242411920333737	-1.0892535987144898	0.5454437169839409
Br1458	-0.0129025	-0.00609015	-0.00597536	-0.006401	-0.00384191	8.3	0.0176425327611504	0.975458	1.0	0.0	0.0	0.7207275136627836	0.33783641078380194	4.020375759856007	1.7244829167714615	0.14570166346960756	0.6684009292499862	0.41248121693084455	1.3956356827817489	-0.3081476484129069	0.5754443710337139	0.33137706213008683	-1.5744488823101508	-0.3663819310407841	0.24073650726980178	-0.9572417658416102	-0.8100995441275952	0.8449841472760861	0.24105385069987675	1.3237178009391943	0.011860593332777813	-0.6388109147173401	-0.892715245245537	1.1063219554493753	-1.06843907677682	-0.10541921559389657	1.7712445325644743	-0.8666342499301927	-1.187535051999039	0.9426433747532205	0.3760972973451838
Br1459	0.0379671	-0.003012	-0.00249682	-5.10018e-05	0.0014586	6.9	0.011381430978338	0.977693	0.0	0.0	0.0	0.20100733986051592	1.4371184621385042	1.0571454070906718	-0.04471201142733273	1.8789761555620763	-0.36699990432646723	-0.45587910888176847	1.139156842307061	0.20381340652470128	-0.021245327186306343	0.21649235892149565	1.237549049923771	0.8659007810596768	1.7436214638912748	1.027999443309659	0.42863534433732203	0.6274129717158593	-0.9679264074020227	0.44294898928590265	0.24272660856923228	-0.30388026767514564	0.07546717721716564	0.41963637627279327	-1.3364209462842918	0.153915798809717	-0.7771482047618996	0.7086745200924751	-0.987190326694192	-1.04674997089739	0.41385338181915376
Br1464	0.03574	-0.00602181	0.000514995	-0.00129796	0.00423747	5.2	0.0205394170675875	0.96994	0.0	0.0	1.0	0.5339698616613814	1.2637922158661734	-0.24823780822284663	0.6451368857934843	-0.16860286574296227	-1.345071750194996	-1.4837610240930266	-0.7638453404573731	1.602115097250417	0.6165066563160139	-0.7696477744869787	0.9989441282295853	0.810906767652938	-0.6111124909536946	-1.5328562983848384	1.5087067743420874	-1.992334106548833	-0.34619236683180693	-0.17207284652690835	0.011409950245243675	1.1461380039758213	-0.23749357093901396	-0.13067391673483178	-0.9939937519557424	-0.3438681833324964	1.3608669692016464	0.0649778767111959	-0.341273629295191	1.293762769707718	-0.6630444776047129
Br1474	-0.00992705	0.000202791	0.0118554	-0.00221847	-0.00396283	7.0	0.019227313822871	0.980629	0.0	0.0	0.0	-0.10341176485458356	-0.08014746930944439	-1.171995430187138	0.39611471864238823	0.2897510459238424	1.476339411558971	0.08735058875562332	-0.07797435246719603	0.13043763092039248	0.5510797135641341	0.4479383327282374	-1.0009516226252018	-2.1121453943398936	-0.31605528069021954	1.0732086404347103	0.16754427776724948	-0.13656623584483904	0.8158773320242447	-1.7412360660200368	0.8136932633359093	1.4510921239693861	-0.1143706865859254	-0.7774161961853473	0.5034865601180537	-1.2633590214374821	0.11281891495284518	-1.4796082936331583	-0.1497421031135661	0.10277228862419527	-0.9773442516752768
Br1485	0.0193894	-0.00357027	-0.00312278	0.000138177	0.00390343	7.3	0.016888478641032	0.966912	1.0	0.0	1.0	0.5609120346604047	-0.7084628348742814	-0.3053047742070617	-0.26287339306799845	-0.07191307108960045	1.538115546927956	0.2835062575482376	-0.7509262292022532	-0.06824618737427354	0.07858858472211838	1.1454291771166967	0.7483229644390782	-0.9866302869307811	-0.13633650400386113	0.531141183102912	0.3404073617045359	0.08589632557784158	0.3802061093327574	0.0986588258044478	0.3575758908000392	-0.542447250617439	-0.3336134417236304	-1.4557606353308543	1.0260713445057719	0.7771713409467895	-0.9016658307668195	-0.8109179045829534	0.14880145998504613	0.029742528632853066	0.3658597792314726
Br1494	0.036163	-0.00395223	0.00165156	-0.000630669	-0.00970856	7.3	0.0081285707608778	0.965311	0.0	0.0	0.0	-0.6850118470759653	-0.7082674012973647	-0.17734709720241204	0.09257199775457983	0.831971736088194	-1.1325515284044654	-0.6011613774408355	1.5114306547297616	0.1342094595269775	0.6519368198549783	2.400988269930018	1.0281796351369137	-1.6156997264682158	0.6069986848468628	-0.30392325344547255	0.5790166835001789	0.7876617907167887	-1.645364314029538	1.0918534283800203	0.4431291722623106	0.8568341522013057	-0.13827116825365415	-0.25359762158172605	0.30634413531607435	-0.40226718737260797	-0.37929088059568766	0.6849932339875004	0.7783305906732269	1.2155970311083497	0.7681182928178992
Br1373	-0.0127501	-0.00569937	-0.00167511	-0.00524315	-0.000956627	8.0	0.0141671784954492	0.969598	0.0	1.0	0.0	-4.2907312759690083e-17	7.576048184980312e-15	-1.7524693198894349e-16	5.604025032175955e-15	6.381787390845121e-15	2.267486333952737e-15	-2.7011842288684554e-15	3.1550840095281626e-15	-6.4218971183168274e-15	-4.561623301972016e-15	2.0539290292155914e-15	-3.5236374555861397e-15	-1.1957551317582832e-15	-6.463338121438359e-16	-1.0212883413689787e-15	-2.242809550609307e-15	-1.0615222306988106e-15	-1.5026201736159705e-15	-5.801780394159581e-15	3.1809735547612736e-15	3.226480067041519e-15	-3.102209124903783e-17	-2.7377014066219024e-15	7.554110284525337e-16	-2.138965045512328e-15	3.3375986073247047e-15	3.255751091327056e-16	-5.439229854106579e-15	2.8273271610450496e-15	1.8828760046948136e-15
Br1498	-0.0125879	-0.00372675	-0.00381043	0.000844494	0.00290376	7.2	0.0125143669168881	0.976549	0.0	0.0	1.0	0.1298618736015168	1.117937986260897	2.179442230160979	0.9739468631172051	0.5930406718073066	0.17312646386432065	-0.24374801140400992	1.4680437133524677	0.38258995830028286	0.5414073981803025	0.7333708347878689	-0.061176125686746616	-1.2012030195094576	-0.7250032746974259	-0.499525060046302	-0.05654455130167803	2.3875959115996053	-0.023049343075658212	-0.003619055179785931	1.2968598086265055	-0.4884974591302827	0.6798971233907855	1.7969222097100492	0.6420283535877397	-0.887283973073771	0.0190744470193875	2.1895034065340377	-0.37095109076892246	-0.6154766733527416	-0.09233980797940747
Br1499	-0.0121918	-0.00106748	0.00630139	-0.00423028	-0.000319725	7.6	0.011575923790154	0.977796	0.0	0.0	1.0	-0.7034491030435884	0.08983133556545425	-0.3567494195213801	-1.2506241513808438	-0.6809465202257	-0.5625942075480096	-0.288457261531763	0.03212342945213693	-0.565360392886408	-0.23491473054113646	1.23161047871757	1.2977345721789393	-0.3025497265639085	-0.43130916742184683	0.5818465520243735	-1.939662853485144	0.7774277685279102	-0.5677758614779672	-1.0220340362858384	0.9423027553198927	-0.21970076859614837	-0.2720214467651764	0.4637945290893009	0.35694707630257544	-0.2774266683844568	-0.2923120364829544	0.979827862491256	0.02066985026582706	0.5284373748991813	-0.958347294570394
Br1503	0.0262988	-0.00404361	-0.00253941	0.000234892	-0.00176914	7.6	0.0272326621739431	0.978229	0.0	0.0	1.0	0.19806262868317417	0.6766664372617457	0.11605665773276434	-0.3270957761475207	0.837539993254944	0.9788731617360913	0.49022843367925895	0.5324178307914815	-0.43764175037942454	-0.4755133873430054	1.1280832691796352	0.59087523263059	-1.1577311379308266	-0.895251676698087	0.6830668749217667	-0.15932383897090338	0.11169079798655737	0.21197396475963778	-0.5745544845932865	-1.228087819172846	-0.9369550690600799	0.1230485961240326	-1.0654943208272456	0.5209999212892665	-1.489203947183774	-0.5577619178905686	-0.660118039613075	1.561258484015057	-0.36360314960655715	0.1570209893406888
Br1504	0.0338443	-0.00416901	0.00423547	-0.00242996	4.60064e-05	7.6	0.0150382958065189	0.967962	1.0	0.0	0.0	1.3338723360600664	0.6197415116063888	0.06539680136202211	-1.5009770447523942	-0.44807391070049024	1.262648234205319	1.007343158676488	-0.4715582415595175	0.5350140184244092	0.6846104756821885	0.23420320626000984	1.2496195041702556	0.482734877491586	-0.2772984766373919	-1.1296506292409727	-1.2286394079620966	0.06931598962030526	1.235137882706982	-1.039217217106204	-0.8227145882063377	-1.1747384214350571	0.32264346881330885	-0.2533550987620343	0.21771195029501245	-1.2841951367020803	-0.4554424710408299	-0.6848715431786179	-2.2945839458214308	-0.961979151829283	-0.3663932222754202
Br1505	0.00259669	0.144936	-0.00940893	-0.0599044	0.00727106	6.9	0.0118075496317465	0.967297	0.0	0.0	1.0	1.6038616724628563	1.298054477384701	0.5949658794107248	-1.396248877778229	-0.3610992545073614	0.5829880346060473	-0.23297439170150794	-0.01445525639928982	0.3849785620834061	-0.2510485278741272	0.010449104453593674	1.460431103728139	0.7318427299971929	0.6866114487012068	0.43774637411566963	0.49158824699276754	-0.23998100711473971	1.0164015014818353	0.805298454634787	-0.5473294504662871	-0.4050939352369084	0.45465260126573936	-0.21392677909225574	-0.5446095073551859	-0.8809513208481757	-2.568970079563151	1.4328456127422715	-0.4837626867002171	-0.48599800053964765	-0.6168153867215241
Br1507	-0.0123873	-0.00340378	0.000111928	-0.00145876	-0.00200037	7.7	0.0149746928620634	0.975761	1.0	0.0	1.0	-1.4441019900278762	-1.894238649086059	-0.5650705665471977	0.5538470283399243	0.5570534472912457	-0.7453394008973074	0.016312511303877005	-1.5379118222856503	-0.31111605973153195	0.29289157067989696	-0.0976871256200345	1.1129502633915995	-0.5163087833567522	0.3518772368189353	-0.6718603516221681	0.250044486906185	-0.8814144284738948	-0.22317581289782787	-0.5576738260893827	0.6197909584077129	-0.11712409499038076	0.1422458295490714	0.33455834937185047	-0.3869096027426767	-0.34591968368973613	-0.654154579516638	0.5072919359905175	-0.24187797751627055	0.08007958779765274	-0.20555949489331074
Br1509	0.0371914	-0.0051615	-0.000349591	0.00240973	-0.00593305	8.1	0.014075181899282	0.968733	1.0	0.0	1.0	1.4903052470137617	-0.3846278554680566	-0.7318871847756739	-0.31655005021588495	0.011460089163253362	-0.4116642918531015	-0.11974215320230294	-0.36889778904507325	0.48020746958499166	-0.1330849320700729	-0.5949971821935051	0.5389301330498474	0.09901905612077877	-0.2770800002942649	-1.1630722739712218	0.042349665178684145	-0.3531026878691812	0.44299545399756973	0.7412466873787954	-0.18982655821745265	-1.2511892237341635	-1.2587259955073973	-0.2780267527272523	-0.25148583368685756	0.03883155150092388	-1.5218507528845773	-0.42342445041636995	-0.9627577877312999	-0.3286978587294922	-0.17170623238777752
Br1512	-0.0128705	-0.00349958	-0.00486352	-0.00156736	0.00164321	7.7	0.0187860009138392	0.971744	0.0	0.0	0.0	1.0552198278338978	-0.8381391698757571	-0.5148773558622322	-0.34984969948691363	0.3601928216112625	0.45645365332109833	0.23139196836144352	-0.42679616798019887	0.739750534976297	0.11143649757147932	-0.7605036171771217	0.5237812845837438	-0.7850530804901565	-0.09387107696551625	-0.3086142985892907	-0.04188478830360167	0.14059192727931824	0.3694534544709643	0.3795939351112669	0.6507101483017542	-0.7009762582840874	-0.8258063430446317	0.25325130337517276	-1.2034623276096947	-0.8432749281510943	0.6399319945138461	-0.1727510330554249	-1.2446165591256912	0.3939998208103245	0.06746261133602559
Br1522	0.0178829	-0.00593535	-0.00149412	-0.000261626	4.54032e-05	7.5	0.0104458929946176	0.978235	0.0	0.0	0.0	0.8265646724631387	-0.6260786948248146	-0.6019109732009177	0.5575184092206523	0.535939735426321	-0.03049938580859222	1.8459762102261514	-0.045373894809415546	0.21718605621675252	-0.03811349791517174	-1.9690453454254346	-0.06928638333231565	0.7999855402330587	-0.6979542559995408	0.5321095869551837	0.3419437742912897	-0.8854594822194908	-0.3090305030086725	-0.7089084732721573	-0.039593725051174054	0.6150003238602879	1.0075572805073423	0.5117394963087435	-1.0443666924796127	0.1382291387119448	1.1104907754892803	-0.24862625450031522	-0.17707318981597583	-0.3608078865589233	-0.44603941656610835
Br1524	-0.0127576	-0.00455436	-0.00545665	0.00208599	1.75508e-05	7.2	0.0180452189738259	0.968238	0.0	0.0	0.0	0.7384436331884731	-1.5592802217549266	-0.041975762107722775	-0.24119418044592383	0.1316967290211974	0.8413098916558154	-0.14149861095726915	-0.9722082525312761	0.48323550264115356	-0.2043446545756585	-0.7464491864351952	1.1250836394742882	-1.0366474166144761	1.3320137793714846	0.16885356172398114	0.027882135200315412	-0.527213459049208	0.6399916372852762	1.012348082567892	0.9602454241767067	-0.30480353344224287	-0.5106279039018974	0.31450984543280686	0.4551093222001817	0.17728204643895695	-0.41750555279645796	-0.11493169942130277	-0.5350074182119526	-0.008656382792204787	-0.5848989435861174
Br1525	0.0340255	-0.00283513	-0.000206818	-0.00238567	-0.0113159	10.0	0.0175554731509831	0.970602	0.0	0.0	0.0	2.664235023409354	1.2955634402282097	0.06229855504104141	-1.1059233537154938	-1.0237745708753043	-0.778997046118296	-0.5833176139667533	0.5866397800018751	0.8845534355547262	0.6854968530258723	1.0038388262810132	0.361856133102513	2.19821197247653	0.3109462576731499	-0.937017582775475	0.033682779535365505	0.6519882868572228	0.01070492506186716	0.30290424195212406	-0.7097129258445508	-2.2526225656260586	0.03282971127656711	-1.1506842079781348	0.25181847705755994	-0.030632363583661667	-1.2528462202866548	0.5688822400583845	-3.032333931762773	0.2032220401312523	-0.49609517967313266
Br1527	0.0380838	-0.00478088	0.000857709	-0.00351507	-0.00502923	7.4	0.0082836217309308	0.962167	0.0	0.0	1.0	-0.9538954092531569	-0.5483188039884727	-0.3213871582021224	0.0943852028487216	1.3774807843688532	-0.7067410064601183	0.17950220938241518	1.2453698029130529	-0.7617540588530638	0.9874369574443963	3.1880357208355576	0.36118510847644936	0.14589318711823296	0.7077104656718507	0.07019285045383128	-1.7275430985180775	-1.702818576145169	-0.1962478619475684	1.056040165340347	0.7240706245460645	-0.028425245965868835	-0.12188755303038686	0.20911447205304523	0.52209152902352	-0.544744584879805	1.0759959016233804	-1.8808189679694889	1.0225197899747303	-0.2436893913824175	1.2727841440576246
Br1528	0.0229526	-0.00569957	-0.00104282	-0.000143299	-0.000183598	5.5	0.0135597430702076	0.968285	0.0	0.0	1.0	0.1361178862007603	-0.31011318277445565	-0.6464684002525399	-0.2097230234948854	-1.4294877063292366	-2.1893646107183704	-2.0712139456767162	-1.1643049762082855	0.5277144464226435	0.45140262534643333	0.11195051257813524	0.7591513909983117	2.9836922580366316	-0.5482608443741339	-0.19355118081882733	-0.5533198550077244	-2.5032600977655437	0.1901964639445486	0.4259562163200319	-0.5909216784097472	1.5298247602322277	-2.0242971839435975	0.5577097037506937	0.7662350920349892	-0.22524956379146274	1.6109327097384807	-0.4589562436139094	1.0873382312747115	0.14542028737249615	-0.08154852611770166
Br1529	-0.0129366	-0.00456869	-0.00505662	-0.000996232	-0.000482983	7.3	0.0130273420013865	0.979373	1.0	0.0	1.0	0.5843907383186193	0.44893528017469686	-1.5881643335044142	-0.3009506275410527	0.36764498424724074	0.04969487247881541	0.5406173986236966	0.17118689545507032	-0.8188922166510691	-0.3161066901079839	-0.18298555873611197	-0.10407926262040236	1.064352518868589	-0.5405789844491868	1.3536589520789535	-0.9126219320323461	-0.04037221448579032	-0.23054770377211978	-0.9997539251887032	0.37330256684691654	-1.040571413103311	0.47012180382100566	0.07384078157043752	0.5330924756397771	0.0426532712822451	-1.8246288189555677	0.9637836049897318	1.1788087135145402	0.8133390655200698	-0.8625490708702745
Br1532	-0.0116373	0.000266897	0.00951726	-0.00552923	-0.00295661	10.0	0.0165088375060234	0.971241	1.0	0.0	0.0	1.1309338362515464	3.104159596969255	0.0853052706911839	0.16762912117703405	-1.1458691344036822	-1.0344188476756606	0.8843434245431497	0.11534196424404879	1.433971943718237	1.5120787030956508	0.5661131710888853	1.6646639905853338	0.13227628530684937	0.5208425726395618	-0.13713299928297343	0.45374293584218883	-0.5031480871288374	-0.7967156475302309	0.35490704947800644	1.491679792461552	0.8264838477427398	0.6611052575661286	-0.00935044250403214	0.7027297944964563	1.0382419728786434	0.37130111975432833	-1.1732339523012796	-1.4640250614687171	0.9343700009987057	0.40714741288818934
Br1536	0.027069	-0.00593718	-0.00587619	-0.00275273	-0.0108969	7.8	0.0176020506852135	0.977046	1.0	0.0	0.0	0.27229478222277004	-0.21785187839884304	0.20601517070788314	0.6234920418341516	1.9941820605587954	0.1164889251147957	0.09202732169506962	1.3976875489308864	-0.4589136437983651	-0.32749538456324495	0.1934905089398633	-0.5536197516241217	0.03556596565585394	-0.6163079585706231	-0.6713589290647155	-0.45551189730499736	0.3953190807021362	-1.041852444273495	0.09074596271998538	-0.4217754696224271	0.406723840242795	-0.02413553285388948	0.9872731631469265	0.4983210303055529	-0.2663827720122119	-0.05194084600326279	0.06641999260356608	-1.48194838539966	-0.0056908200757115526	0.431601056956455
Br1537	-0.0128279	-0.00633185	-0.00476181	-0.00294671	-0.00197942	5.4	0.0193738444188092	0.975064	0.0	0.0	0.0	0.5567859925346752	0.49740290191077785	0.2866022857702165	2.8290323896754415	0.1468488662022078	-1.7095044973094655	-2.004922303990945	-0.5711764786040378	0.03565683246304945	0.9680806995669061	0.6428071756079307	0.18489321215997098	3.720928559591594	-2.1343979799281496	-1.2118196688991323	1.741275437996222	-1.5063078817163835	-2.241674639828532	-1.070020131677271	-1.1497694422126725	2.37115824662417	-0.8331649746489852	-0.910809521356567	1.577965800422945	0.138760316295519	0.9327545338059137	-2.276131761684948	0.7145483445904396	0.6249668702579351	0.848131212894149
Br1539	0.0418455	-0.00265308	-0.000330676	-0.00215158	0.00246444	7.1	0.0152594046641297	0.977889	0.0	0.0	0.0	0.9885843851565637	-0.17891510399810867	0.2852334418811052	-2.038102160231791	0.6833548868941053	-0.8228699028577832	1.3360127670976942	0.49425477844215904	-0.30119900306592573	-0.373966752537444	-1.1091502992132924	-0.40426206730920844	-0.853334288754737	-0.4464785860658647	0.09375292663990079	0.5456027131947502	0.9419344741359811	-1.601245004189918	-0.09472263107467523	-0.046041955052204396	0.24806644249240206	-0.29496878855299086	0.3487506276995956	0.8777140456439575	0.30373101987732604	0.47206283126934206	-0.9528382533107939	-0.7236763258162379	0.3805441808335851	1.1771385054776546
Br1550	-0.0121499	-0.00457288	-0.00409419	-0.000778644	-0.00475871	7.8	0.019380410753852	0.975769	1.0	0.0	0.0	-0.36864249025112616	-1.138992804513404	0.15059523899467073	-1.0207452066538292	-0.051407268240676915	-1.358608483439757	0.733924186609946	0.13848344432065646	-0.012435269125588972	-0.2952436124851239	-1.5209647112043183	-0.19290808105136534	-0.09030618571215278	1.3667886186472484	-0.03686852737862806	0.014900053231387015	-0.5163831691194259	0.7286722453098093	-0.3259995881930026	1.052380289690651	0.7568337218091445	0.031639664349035396	-0.03504084823897799	-0.2531374698175329	0.7100707823401945	0.6295123723433974	-0.4527791034639915	-0.38080095222029603	1.056376373257518	0.23528295146404496
Br1565	-0.0128595	-0.00486435	-0.00286177	-0.00348916	-0.000485544	6.8	0.0191441027592466	0.976607	1.0	0.0	0.0	1.15925074457232	1.121912607700446	-0.3449304389938805	-1.4180116257222979	-0.5634333204231131	-0.31076297549049814	0.7858322303923297	0.14055914221221658	0.3152791907926443	-0.15087439607861475	-1.0337098406632572	0.6059865434665814	-1.5009340897237464	-0.44454018375715376	-0.9676840034728496	0.11512584004460964	-0.21968024229005603	-0.7339206250077691	1.9364385705497202	0.3994900449169838	0.5553353649351993	0.7706573809795025	0.6898572433413084	1.5066334616546653	-0.6221007552882489	1.6312432147714742	1.095832433342272	-0.8744466428978563	0.625211258856941	0.9891983506050355
Br1568	-0.0132757	-0.00590997	0.000224052	-0.00137406	-0.00108007	6.7	0.0180185281291525	0.968816	1.0	0.0	0.0	1.6271180267848029	-1.2743795311900137	-0.6496110473535762	-0.20064210191192752	-1.2330398070119144	0.3869107316294538	0.9328636153447305	-0.3094166963377401	-0.0760709826247268	-0.19605337440178489	0.26366934191951524	0.14164477548130866	-1.253631138637576	0.0913343825926457	1.0473561090766061	-0.1346163480754731	-0.23439778563488753	-1.0434708576087997	0.11875459521630366	0.5829786206161754	-0.4846150695996162	-0.09375775318708408	-0.15940920081623078	0.3487402620369666	-0.3369108826139585	0.15653654849974002	-0.36444172291570626	0.9055141162927851	0.7325445673746874	-0.7503840333157137
Br1573	0.0322005	0.000596495	-0.000499231	0.00690358	-0.00196658	6.9	0.0097196640252376	0.983567	1.0	0.0	1.0	0.6621589607872063	0.8635666865219584	0.3077976584783293	-0.6821809498084537	0.44420809033286773	0.3299310799149285	-0.768674596811454	0.7274186324838133	-0.7098134224002229	-0.9269269762823813	0.20588293755231826	1.0438656462882785	1.3152141432849673	-0.03496411958365006	1.4128184082571897	-1.3617442562104667	-1.123762083996428	0.48265554151751555	0.24064020597472832	1.0252743650255	-0.7830793316924233	-0.2732181679411439	-0.6956108139212209	0.42768321146661475	-0.5390947078391163	-1.545427087789483	-0.18312947582132108	0.12649374095442922	-0.15034546270469984	-0.17791327013822147
Br1579	0.039394	-0.00427554	0.00242531	-0.0061134	-0.000430261	7.4	0.0088054781483527	0.979691	1.0	0.0	1.0	-1.470953959950429	-0.5704140713679451	-0.8758924083425172	-0.40650688212251596	0.20926484504473267	-0.5765020207427645	0.08235885662276737	-0.9157383266046762	-1.1398829173243508	-0.273989277453481	0.01951993271084208	-0.06226608055936127	0.27296607079554003	2.381514017403954	-0.19858661995287671	-2.5327112629317563	-0.16640874123569271	0.11952245711853081	0.5667911752997498	-0.7471488246729596	0.2905397312742922	-1.2072817341656192	0.2431199128459528	0.6064950251557218	1.2642147474814482	-0.5447869077292391	-3.1689137326579324	0.09792896357207931	-1.8983995524105552	1.7463129059978095
Br1580	-0.0125342	-0.00314978	-0.00162829	-0.00120021	0.0037221	7.1	0.0119486801955132	0.979604	0.0	0.0	1.0	-1.0815307812424197	-0.501339925859285	1.2998156453156555	-0.11007827028378744	-0.6592485052183429	0.1285105830116334	0.9871144981738879	-0.0632920462662935	-0.5259955124444182	0.6000908693638924	0.32176889634161115	-1.504266399912901	-2.405169889311168	-0.5923890523028318	-1.1775241786025024	0.49173361908385704	-0.4859249160676054	0.551256695564583	-0.02833447844587313	-0.6042881888050553	0.662925781396415	-2.3681076068316806	-1.9362531829737146	-1.4411749328632357	1.0308895405593974	-0.3593645465613193	1.3704001370051622	-1.0307083090033704	-0.5856587647162826	-0.4329271419886529
Br1581	-0.0122102	-0.00424242	-0.00509613	-0.00290021	-0.00293395	7.9	0.0179775734473644	0.967479	1.0	0.0	0.0	0.3088038011112307	-0.953831277410331	-0.1201173460337534	-0.7227799766678802	0.06513975708557061	0.4869973842879975	-0.1999234132996466	-0.928658589961689	0.36582684077112004	0.337820148732817	-0.847271282107165	0.7220440411480135	0.14279589276248417	-1.337786978939615	-0.03492160113842615	0.0889757202423058	-0.7628968945635781	0.3556593380470781	1.1519552744921553	0.9589308186209233	-1.1644562618044974	0.0700215453976151	0.35304682255314274	-0.2513068587170783	-0.39042536493378777	0.37777810052216104	0.358346876223196	-1.9449195172373386	0.313467337842551	0.47448974412819805
Br1588	0.0322888	-0.00457052	-0.00586732	-0.00176389	-0.00880861	5.3	0.0112976266174709	0.971945	1.0	0.0	1.0	0.9299914185383319	-1.020311402817962	0.32489589438506666	3.4567350521710085	-1.8459141593569326	-0.46282303385074786	1.2529331418107705	-1.3927096512955746	-0.8407675949461532	0.394494708272985	-0.4628022277683193	-3.142935810250581	2.474398914705338	3.056189134564264	-0.5819877834392535	-5.738283245322029	1.6563820444374655	-1.7120905400553463	1.6672064074061836	1.108734803233346	0.6544050427072567	1.7168231718080933	-2.1675245917842134	3.1594551180691473	4.313578232867128	3.0259534021930508	2.0942417566717584	-2.8926991365266943	-0.4187083919708224	-0.9170021817313233
Br1590	0.0417934	-0.00321305	-0.000624124	-0.00588936	-0.00100606	6.0	0.0129081898705624	0.97624	1.0	0.0	1.0	0.2333085404014854	1.33176635599171	-0.006092047121031514	0.8441759064659369	1.3294057541685012	-0.6008578385697093	-1.3596733171168862	1.10193004349072	0.014483882923773568	-0.06372867645133255	0.4274045679523115	0.7119472128910934	1.103115546720957	-0.056124345935945	-1.419071052546601	-0.17712135315588992	0.5146337920399827	0.1868453213654712	-0.2875555457751207	-0.6482332517271352	-1.6319553415209944	0.46597920619727135	1.4369469862208382	0.431856094400027	-0.3014731307765969	1.5700679689041988	1.1679494004003868	0.15521281908269097	1.8698440165357595	-1.2706004455977922
Br1594	-0.0127449	-0.00313444	-0.00466138	-0.00196396	0.00309469	6.5	0.0130156664125248	0.974715	1.0	0.0	1.0	0.3885612043657172	1.3458204625779602	0.14854936139871536	-0.5968732894394306	0.2182662224868376	-0.47902348883140194	0.8575601842980296	-1.0619976045116921	0.5385321099297203	1.432562118549892	-0.8858570188375795	0.9223897071804193	-0.914233777387138	-1.2371812269934068	-0.8367710795876131	1.1289004927243298	0.567660460455322	-1.3659793398331825	1.0455379289789366	-1.3429203127425287	1.8221521319687	1.2214606072942376	0.9477270075103499	-0.3808984809978139	0.42498351713447113	0.9746575151601027	1.7971432079671859	0.025548115686676337	-1.0635304322356016	1.6775701860606473
Br1595	-0.0127909	-0.00286879	-0.00555627	-0.000887622	0.00072069	5.7	0.0154068603652218	0.976811	0.0	0.0	1.0	-0.16856143803134474	1.1392878797928703	0.6356440923686733	1.9178415682704604	0.7886533757930199	-0.06902936021260858	-1.3952660166597253	-0.07461642216425328	0.05403852982075809	0.4733951135299506	0.7158807967944123	1.1146318629463383	1.9127188117395537	-0.8730169447381082	-0.4172422929138238	0.1060661380688035	-0.06646733760894577	-0.38853587737978007	0.3934620046859876	-0.8017603889350577	0.5977336830576573	-1.4576129608225186	0.6214447068302282	-0.4016779055390388	0.08497818799659962	1.6651648850214038	-1.537030000668568	-0.6906056850070508	1.2314419041013531	-0.9551607920882699
Br1602	-0.0127422	-0.00646022	-0.00353664	-0.00554183	0.0017007	6.3	0.0138308969441324	0.9647	0.0	0.0	1.0	0.638480308644521	1.5424738734634618	0.3422827782265616	-0.6028755003240107	-0.3154800751931472	-0.08909584098021106	-0.1937804408731193	-0.11790001599603085	0.8818670327835832	0.2845120444419148	-0.26083365939827313	1.9120868395177266	0.14401766964841353	0.019725542540797877	0.49579592072659334	0.8411576643085185	0.05757574820043407	-0.195287501884217	-0.02723146174380348	1.0253425209146674	-0.8340624326473846	1.3027505859370918	1.0782889842018633	0.30438736586954845	-0.6173336198147078	1.2540957248645417	2.0186536194163938	1.0929244092564248	0.3264592761793968	-0.582256051277624
Br1604	0.0334649	-0.0022835	-0.00144279	-0.00217116	-0.000599959	7.8	0.0163421589762506	0.969638	1.0	0.0	0.0	0.3746240098605192	-1.726508689250956	-0.05983852482727812	-0.4079048670933059	0.3452118628128565	0.9752219602584923	-1.3043358377346461	-1.5171181206380704	0.41833730352359244	0.9852411715961656	0.4486263816178986	-0.04638906399584484	-0.6532774735165991	0.5449075561363685	0.7852813417250297	0.4598475384727058	0.07964057004588296	1.4131142786746729	0.3443138240212166	0.5963351473561825	0.10377285140579959	-0.3071021139277532	-0.8343462897070649	1.670976225153245	-0.15270297529928667	-0.1009572351673304	-0.5013420134243078	-0.10110958261789064	1.3731201409528804	-1.5428509826496262
Br1605	0.0283403	-0.00506843	-0.000793262	-0.00412713	-0.00053381	7.5	0.011161603834185	0.976136	1.0	0.0	1.0	-0.3508872809811998	-1.2204252659741166	0.9250568063448634	-1.1772979715656018	0.016568125174808768	-0.7109743833453303	1.039430817597168	-0.7412565736693982	-0.5995004129106084	-0.2170198178823276	-0.43133942404172176	0.694149089162469	0.6331589167545921	-0.3786987187431619	0.7036417748949165	-0.3760638107262618	0.5374634219726435	-0.3672330556962069	-1.2111680929625142	-0.7836725208777142	-1.1873138085426058	-0.1827644533067804	0.31867344045437496	0.4537700371427869	1.3363029942823337	0.6419135592616274	-0.7897173336943256	0.5486713432813045	0.7958645405695685	0.4474885984899828
Br1611	0.0335959	-0.00471531	0.00281457	-0.000552412	0.00822169	7.8	0.0097293095873594	0.976329	0.0	0.0	0.0	-0.2652221811120668	-0.8888004258388205	-0.20322900669794533	-1.002805214648746	-2.0252082565900094	-0.06969512635624661	0.1659471920512635	0.873865812083163	-0.41971453864021996	-1.0555943543003716	0.4757251219412226	-0.32922327828146486	0.2577601071590399	-1.6304748292763012	-0.06991766822449963	-0.06385623296696964	-0.9870099966731187	0.6784856882111244	-0.4654206476382223	0.12776227987024755	0.17337279541414782	0.1948188481414493	-0.40932358213250747	1.0457936466950277	-0.7968343927314698	-0.3889284115682122	0.8976343356211463	0.12156975735676952	0.7786173613944919	-0.28580229343231534
Br1613	-0.0129204	-0.00521499	-0.00377299	-0.00670178	-0.000680634	7.6	0.0162837228892781	0.975849	1.0	0.0	0.0	1.1616360930942045	-0.26965445614570155	0.23401135476349577	1.1360809241963663	1.2488229097666579	-0.372250997084655	0.13781388448123155	1.2687763943122163	-0.3581160271449015	0.26121255470571075	1.0869051342826104	0.26021804260343356	0.076446540626123	-0.8917212606284809	-0.1290501888419649	-1.2647300906662085	-0.02026304693460746	-0.33985613324895414	-0.10140905128575042	-0.6892374534978084	-0.9504219079394095	-0.10161612818111239	0.10628080443832433	-0.4285520498973774	0.3614737088799184	0.5446919279773265	0.4678660461946211	0.11230053462743997	-0.6594382238751914	-0.39017784567727093
Br1615	0.03696	-0.00370375	-0.00254542	-0.00222812	-0.00438703	7.5	0.0178577543341034	0.966552	0.0	0.0	0.0	1.003278725535838	-0.10039288904296198	0.48954612014308974	-0.26352304448495945	-0.5563380093490677	0.18376904709943276	0.9088210386800227	-1.4535361505139501	-0.4725684902330055	0.6007135579587386	1.1777789850584532	0.8484095723319446	-0.2485287020821709	-1.6648102953319448	1.197960098738672	-1.5051879679457327	0.013279956803146703	1.6482306158107514	2.0865740281915075	-0.07458591057485112	-0.2520541673435388	0.041253003809718705	0.45276269124256097	0.7495983576729999	0.9901259766184568	0.4233366674929461	-0.4211825614256518	1.2695359946205926	1.2038680350785405	-0.4920079745966308
Br1637	-0.0127194	-0.00426638	-0.00224754	0.00144001	-0.000454193	7.9	0.0138529709806802	0.971166	1.0	0.0	1.0	-0.9326237952507535	-1.0627189628640588	-0.13393783472578144	-0.8741667535225383	-0.4274066716590452	-0.3415186606829911	-0.2882129732233994	-0.8749057385427268	-0.2928885072935495	0.5532568060342767	0.36480462114655715	0.6448299469619124	0.3318441462276634	-0.2970326498544057	-0.10864675082987713	0.2742903795049969	-0.015442072133797537	0.5162469207343948	0.42010665151519333	-0.33936695158999697	0.5619898658475794	-0.23309330232372333	0.0068082699840507155	1.7526279266551934	0.12424810296945706	0.45017667308972653	0.771929259565665	0.018853672429766797	1.3414926591666094	0.18334244463703742
Br1649	-0.00942566	0.0168724	0.00215098	0.0430852	-0.00183234	7.6	0.0165813550210827	0.979356	1.0	0.0	0.0	1.5334410474871372	-1.4065973124628999	0.0217725132963645	-0.3762036932260344	-0.46914282544666364	-1.1381137036405382	0.2748406879457315	1.0174876655139198	-0.10484755869009153	-0.44107147866704305	-0.09050978838440034	-0.6642118579580372	-0.08477259902381586	-0.9224622455461053	1.578067014459509	-0.1720695864275428	1.0155683534034943	-1.063976515885901	-0.34185067350847703	0.8211446469310597	0.5619403822586404	-0.4646349683085386	0.5807232261412381	0.34947109547544813	-0.32988587639885364	-0.22136989883931463	-0.5412009809620699	-0.21489707907191472	0.296954437697894	-0.27837187240175476
Br1654	-0.00960007	0.00359478	0.131728	0.0166513	-0.0848198	7.6	0.0114627400105228	0.972394	1.0	0.0	0.0	-1.415430051368067	-0.14385307010896375	-0.06293470974654539	-0.7977650668409254	-0.5959437072310648	-0.9575462288537319	-0.14785891142848698	0.4765815912296686	0.07560918560435395	-0.2666504524292338	-0.8491246275033244	0.49783923558898374	-0.26123103112554374	-0.3906020621191856	-1.270654804703123	-0.1202782385107337	-0.3245082246194345	0.3388970651488927	-0.22414291044136955	-0.4982388110135277	-0.5098920213969003	0.8435842816344192	-0.01878543254630805	0.5567414392665742	0.8168505964879054	-1.367855921770924	0.9065027449295131	0.047531303407541255	0.062222835564702934	0.09796181449133375
Br1663	0.0278257	-0.00240548	-0.00085442	-0.00565886	0.0021111	8.3	0.0145792812756438	0.975652	1.0	0.0	1.0	-1.1640662985278525	-1.2791467333453486	0.012188007638734939	0.3065758157608041	-0.5150930662153141	-0.28389135386616676	-0.6683006812681247	-1.4795432398377566	-0.5490386619570949	0.8810665486348146	0.8853208709886888	-1.3556555408466395	-1.1350317672481096	-0.31451049261575137	-0.6209705923407272	-0.44534988272404047	0.7527458967173793	1.3027220780637723	0.6067746833800877	1.3555895228319876	0.7954582628711	-1.5828702939599404	-1.676121983702425	-0.7876405469761885	0.6592380207785427	-2.0608529837161846	1.3215999052731675	-0.8503643428022354	-0.4373055976352736	0.4144923019985179
Br1664	0.0262527	-0.00487126	-0.00207551	0.00471572	-0.00435298	8.1	0.0143184945368507	0.976308	1.0	0.0	1.0	-0.3193800588380355	0.31238647561209837	0.09465594511004391	1.4453660181130645	1.308578881602872	0.2701966300988695	0.3994929293468176	0.3639433678984331	-0.6744429204176869	-0.05357196534443264	0.9404508060742275	0.7239538673365896	-0.004328871328418431	-0.31086927004839	-0.49158808505817253	-1.8128153327499676	-1.2766331678401437	-1.598767122762049	1.1379479575570055	-0.27781573615599053	0.11047409739062966	-2.330834182079628	0.622935334569071	-0.6929703552787797	0.937668120874273	0.42951779573589266	-1.9877778370341666	2.0217946995113185	-0.07421734899031175	0.49513861154948063
Br1665	0.0384146	-0.00462785	0.000545897	-0.00256221	-0.00544043	7.7	0.0137708940163606	0.974682	0.0	0.0	1.0	-0.1497387442591392	-0.08109842402375815	0.8342285408079754	1.138195284503757	1.1558434805233038	0.8182042963044206	1.6599563374206596	0.6152069998896339	-0.525065990630706	-1.030729172571242	-0.8091512990085635	0.08943783842170826	-0.03197999659144064	0.32229286069795476	-1.4964521182318125	0.6617819825182918	0.4547631695826479	0.4490341523010959	0.07236188531861378	-0.3874517416220358	-0.9288533235698002	-0.20894669175521288	0.5242453748492922	0.17763350186579052	0.9810975237510423	0.9328011806668902	-0.3363472354188215	-0.9092289051721965	0.23208598551148854	1.1460683029521794
Br1667	-0.0104709	-0.00230808	0.0154674	-0.00386431	-0.00989329	8.4	0.0105140708084212	0.97061	1.0	0.0	1.0	-0.5940231510484004	-1.461798471719248	0.861929869023977	0.5075933331091915	-0.3882642309732044	0.15245400281296442	0.6263758958534505	-0.7581341369515161	-0.3522487905586218	1.1592067477024137	2.193259736785302	0.9845715866586636	1.0891689903508002	-0.20166162294181217	0.3681763345565454	0.5193039256709773	-0.5470894123278028	1.656453274478273	-0.511436273321205	-1.318596573708298	0.4097278455864357	0.613493001702736	-1.3300563445577316	-0.6036372957153818	0.4441244736313619	-0.6302654875667291	0.12044919939650996	0.4578998845470894	-0.23240107419857567	0.7502249785646539
Br1669	-0.0129612	-0.00540442	-0.00494392	0.00126254	-0.00030442	7.7	0.0117769344874143	0.976387	0.0	0.0	0.0	-0.729165083673963	0.792088215833683	-3.032068806581046	-2.0183500175189892	0.6635223301031232	-1.7239226746400986	-0.05805911434696388	-0.07298237988484675	0.9356089061051083	2.4701479781597784	0.2888655765252987	-2.4072045372284	-0.4448604488282141	-0.41617035208740283	-1.5270653326980788	-0.8750532480911636	-1.52296871805718	1.1798376614225845	-1.9568674912789839	-0.06931052160014839	-1.4844050258297399	-0.5208386783163776	-0.02272421134929308	-0.3483473858327236	0.10268884360194314	0.1785690772205239	0.6068494096420688	0.49407435413039186	0.07321472630297211	1.8614779953357514
Br1674	-0.0124607	-0.00497475	-0.00033852	-0.00578862	-0.0013718	7.8	0.0152258531680242	0.959223	1.0	0.0	0.0	-0.446611999570212	-0.6148114055960442	0.08437039517159907	0.32798517814837785	1.087167406469552	-1.3267562584797303	0.47562304889412427	1.8487615413434493	0.006395016140765647	0.8496021542808383	1.806102366264978	0.3321282956948945	0.33322404511867154	0.6144489006808118	-1.7034584138791269	0.008780184177591039	-0.0035408923231865534	1.0257130182935965	0.6211523875352426	-0.22250270959314833	-0.8437772896539318	0.817142278793739	-0.014296007164253053	-0.20407053160715471	0.8749409921569852	-1.207938358927175	0.7333734356693989	0.29711269693917775	-0.5012291857248459	0.9074990013410853
Br1676	-0.0102866	0.00123626	0.029399	-0.00489917	-0.015765	7.8	0.0109464557828216	0.980245	1.0	0.0	1.0	-0.7898564731161795	0.26947317312965097	-0.4260310147303571	-1.0856222553621706	-0.0876712349568802	-0.7893792712478626	-0.7460833946206052	0.45651544558861884	-0.6845504736087153	-0.07937055367923805	0.8942991105470959	0.3225567885156837	0.7047147051980225	-0.3496923453966236	-0.18108911099814134	-1.887288049155005	-0.03569974358848367	0.713689456729418	-1.735503398333964	0.45770040043049964	-0.20483558592265766	0.15125434619813774	0.5888453641042488	1.0173806324177055	-0.02819915190354442	-0.7918883292547301	1.1591347813693207	-0.006769339690448813	0.4329427719627438	0.11331022599533429
Br1678	-0.0131515	-0.00439214	-0.00693005	-0.00318646	0.000610719	7.1	0.0213798635919307	0.967393	1.0	0.0	1.0	2.002700759455654	-1.090785300034379	-0.7854263793217141	-0.43366214603524267	-0.5628735942952859	-0.5212350783068136	2.377937277446637	-0.866642154803084	-0.3870771595191522	0.19722940135661213	-0.0006946005047978279	0.4522601360729865	-0.3033745735838905	-0.10035746691656987	0.6940687840168758	1.2731202608299328	0.6677436899291229	-0.13543687783173633	-0.28337838177411867	-1.3183907799091819	-0.21928316149260305	0.3222585576170303	-0.566786920978566	-1.10136222489184	0.4192644724378153	1.8050588226966033	-0.4422560627761978	-0.8355944300079207	0.4191926487848797	0.7846691841979349
Br1682	-0.0132961	-0.00436453	-0.00790008	-0.000758403	0.000949289	8.0	0.0236087091280538	0.985081	1.0	0.0	1.0	0.19785377807463292	0.2581902596674098	-1.508659123414	0.22988625156046005	1.5349375764742073	0.1371055251736122	0.07580715358350275	-0.5535086772098531	-0.1633635916066973	1.5247894698561344	1.224881601691944	-0.7896525447728854	-1.3537422783423982	-0.25482658368348726	1.641473078712604	0.5202229087508502	-0.8687811745196423	2.318848517534905	-1.3856826512723646	0.47891204200431753	0.8248324693308476	1.0310911990619671	-1.0793448411757822	0.08767399869552119	0.4717218033464012	0.6966428801779938	-0.6801680600392034	0.12701839128534648	1.6421503507518787	-1.3318076977161308
Br1688	0.036188	-0.00345065	-1.04438e-05	-0.00277146	-0.00238243	8.5	0.0155139243275706	0.967536	1.0	0.0	1.0	1.1989231951602342	-0.674034812021229	-0.5686914396677928	-0.2895162738131843	-0.05403303110652945	0.8487641541783844	-0.7948367783868574	-1.2132129949145836	1.249262574519369	0.5136341430799612	0.36962027662029917	1.3227194050909943	-0.1271681544239464	0.21258552566872393	-1.7867099393453734	-0.30921540052354735	-1.029167114202566	0.3148976725725631	0.4389566850005818	1.027699826101436	-0.5843507472175474	-0.09547570485758115	0.852747072341617	-0.5660757367990165	-0.9602645553469997	-0.332647185083738	-0.16120006129185202	-0.897260761934395	0.29939568840631403	-0.20390431118929492
Br1690	-0.00573382	0.0490052	0.00906111	0.115336	-0.0059147	7.4	0.0108744271005852	0.972369	1.0	0.0	1.0	0.4977618746204248	-0.15925468670299245	0.7046489267420779	-0.764513938372409	0.3636015240311935	-0.022487134105013733	1.2914989928699916	-1.026157444637126	1.2740758114457176	1.4954380063949015	0.11385612043871773	1.5403143383782463	0.25205096189510817	-0.5086654955945162	0.45269791025943545	0.4214383428628793	1.5471577042165172	0.5939608149452656	-0.99415438711481	-1.5087440319233931	-0.7289267044127523	0.6915332323360933	1.2036901282235197	-0.4035424179180507	1.9140563568884428	-0.1599000325984575	0.724117323604706	0.9211228241108194	-0.34993000642242217	0.5946663365127205
Br1693	0.0376602	-0.00488155	-0.000169848	-0.00118447	-0.00762685	7.5	0.012512985022395	0.966909	1.0	0.0	1.0	0.9313278592148758	0.9420319819122719	-1.0249969208177379	-0.47786459940400067	0.13685352830172764	-0.02917013914116392	1.0291503265289699	-0.567174113196671	0.4607647141061899	1.2109729596571006	0.3846913467775422	0.31869709356776144	-0.5119718604274347	-0.36722684417607093	0.8217034155782322	-0.1917045435554086	0.5565702146645405	1.7365157461866083	0.5193721664809374	0.0717800607456413	-1.1088212702999127	0.3841357237217155	1.657572119090186	0.46520064802781125	0.5143450759800035	0.41367327598244474	-0.2304114344990134	0.6048514476163778	-1.3326890953512196	-0.8844621600994013
Br1695	-0.00994431	0.00102351	0.0340428	-0.00737715	-0.0145092	7.5	0.0179278832686139	0.978855	1.0	0.0	0.0	0.050365097314545554	0.7237501619866324	-0.36785267175382935	1.8270275987433298	0.49889434259304516	0.07410474977132323	0.38339946306966516	0.8201123823987909	-0.4011198612967651	-0.4858441870388065	0.35173101943533897	0.17998386529152438	-0.19528943457806613	-0.3757566169098346	0.8627444069506254	0.021845555589976362	-0.32771052374403437	-0.7336100756129772	-0.5982451043104907	0.5386283581044434	-1.1230470040682254	-0.845988423234066	-0.6558636079335275	-0.5655955128805386	0.7961756595585513	-0.5414260306818163	-0.5247540961401931	0.7979032329107381	-0.3405145151240276	-0.9480466864216232
Br1697	-0.0113539	-0.00204715	0.0160478	-0.00172024	-0.00385359	6.8	0.0143233690076572	0.976	1.0	0.0	0.0	1.7341495674031033	-0.5814592182290907	0.4929527471498347	-1.1628299192136322	-0.14902043054263636	-1.3996827512276775	0.5661746913731992	-0.004284871234996862	0.7893745416224442	0.15922224038457417	-1.537077929324314	0.2754954362482337	-0.572227032479068	1.0305316558432545	0.2637057546363999	-0.007779085134359409	0.5246000135311271	-0.7283183784706677	0.4263593582423677	1.0577834543288938	1.1654911594793391	1.2006586803873642	0.6872796209844354	0.26161362384121817	0.39782494023427334	-0.43812893013406284	-0.7292656572187222	0.08472731404126937	-0.660060922951419	0.9404291578564953
Br1703	0.037747	-0.00441385	-0.00345478	0.000604638	-0.00674006	7.6	0.0143656673292842	0.975892	1.0	0.0	1.0	0.654027640915768	0.6373743053093104	-0.3495908554670511	0.06442613001622016	2.217459591844021	-0.10035137694398072	0.4186670513938851	1.3197166949551884	-1.0112350740077114	0.3037943121511505	1.3110812317059406	-0.7292770970725134	-0.1046763626742385	-0.08811847366515212	-0.16744733696543884	0.56304282982194	2.0944084518983708	-0.21217555138144428	0.3558430368703671	-1.6612096932073073	-0.4654513107851852	-0.32313149105643046	0.27290035773954147	0.7639966608878612	0.4736299723012107	-0.5545057740947221	0.4790223662877646	-1.5067225956902637	0.17823944497779398	-0.5169581468720044
Br1729	0.00215381	0.149375	-0.0112784	-0.0830786	0.00401673	8.0	0.0153019537964579	0.974529	1.0	0.0	1.0	1.4453993428073555	-0.24377394679369047	0.41620421042121	1.6077535543837882	0.15283373026256739	0.09547848128628268	0.13071795075940507	-0.8424738700469201	0.3736362639379384	-0.005811295613278917	0.5851845087735964	1.5240053502215019	-0.9632709575015579	-0.6546464330574521	-0.030642022465509348	0.20732247568643136	-1.167489420427648	-0.3211849959822587	0.8416177476160526	0.5195704272712549	1.2437554519587868	1.2587656556872064	0.19860961537166366	0.14665480013771579	0.42272531943492075	0.7831998842701919	-1.042622975229717	0.6491492573629352	0.37686653126210773	-0.9735075233597039
Br1733	0.0383295	-0.00396703	-0.00191754	0.00080079	-0.00620722	5.3	0.0151726998571356	0.975335	1.0	0.0	1.0	0.5515670821179294	0.6649882089946579	-0.016794919018390315	1.6664579820379894	0.18722714329850093	-1.2455124640243842	-1.5785383823221248	-0.5194693660874079	0.22623841824091687	0.7610791273263969	-0.04311797299237042	-0.4733169125031159	2.1661972236504528	-0.7694319343215535	-0.6547065467491886	0.8129310825708178	-0.1219198202143453	0.22178225785536654	-0.03381244274920065	-1.9191931150715027	2.7408393468892513	-1.883922041178577	-1.487453680033581	-1.3617926068614183	1.2589506691669823	-0.3503361748470668	0.05835868958524141	-0.6161852282874104	1.111720471284507	-2.919516925573834
Br1753	-0.0125961	-0.00386359	-0.00562323	-0.000810783	-0.0011537	7.6	0.0125326451684897	0.965086	0.0	0.0	0.0	-1.4081628431135635	-0.5305647022909729	0.1157892612236723	-0.8656230695594577	0.24152509635134775	-1.0831161742168567	0.7640751084324333	0.00995464004029477	0.15967103253667628	0.11158766454086917	-0.7370672752144528	0.8353478353092972	-0.3761854937963119	-0.18546331554268347	-0.5081090091867454	-0.06979656620309	-0.06918147175669268	0.20001666064833884	0.25323895779523803	0.13775473703112837	-0.5109005507795957	-0.04679247447199161	-0.15345496265565564	0.19863016370916803	0.4377259816930975	-1.0650996836942208	-0.33715879269283294	-0.5146194412089758	-0.367550880784574	-0.361089966694778
Br1832	0.0456602	-0.00606589	-0.00181422	-0.00280308	-0.00391053	7.2	0.0110070028366045	0.980841	1.0	0.0	0.0	-0.6744429475092615	0.2343966700899528	-0.1476033253699539	-0.6442491275293016	-0.11310066146578433	-0.7881319247977456	0.3702970705715064	0.19269959036411294	-0.23847242449778538	-0.10191831420773388	0.32613770024169214	0.8753156151553084	-1.249833493810089	-0.00372624116632558	-0.8103505563513571	-0.35488848197443795	-0.5435863826332991	-0.13763732998133218	-1.2475013886402069	-0.8773500270851609	0.3735693271743967	-0.3704215732415757	0.04521347162674136	0.4138610986883226	-0.0778498867162519	0.5202028730181152	-1.265490238407942	0.1655053415123591	-0.12594817376238593	-0.15165346173741429
Br1842	-0.0129792	-0.00492182	-0.00057997	-0.000955991	-0.00364146	7.8	0.0144283998628546	0.964904	1.0	0.0	1.0	-0.686415699403092	-1.6565825836760117	0.2615141667505429	0.5151564651969124	1.001348490288568	-0.5964190028917332	-0.1779022702069281	1.507769601780074	-0.442452097977393	-0.07911109720327215	1.5735066320827347	0.38989336689913634	0.6923714851737645	1.3051973251062314	-1.1670186123268858	0.5368937457838913	0.3768777316910852	1.555124332570028	0.5949841537996251	-0.1672980931704041	0.5640308749941529	0.7125946768273185	0.1752694802632516	0.5594026828015665	0.42687903231209073	-0.4249939990400885	0.6341028188852215	-0.1427499581382628	1.2216202755971544	0.07728678229171554
Br1854	-0.0126724	-0.00326123	0.00209454	-0.000938367	-0.00118029	7.9	0.0155759508025886	0.971748	1.0	0.0	0.0	1.690729706513602	-0.8557946667027835	-0.25180913888527195	-0.8146564576981045	-0.7690655645118574	1.8410676144350195	-1.2833403645606687	-0.797845157879688	0.5844118428341353	0.10037358652578038	0.4822239043206111	0.5569148664666322	0.32244573817223	1.93826030357298	-1.1107709896718043	-0.29073089051141154	0.37791006700647134	0.9708782247493545	0.33614676697643137	-1.307305992706169	-0.6185485961117076	1.053414337713525	1.0179865201686553	-1.036453131638907	3.4016702429994137	-0.9106275285751292	-1.423390617936712	1.341520860565251	-0.583818880641286	-2.36520524842048
Br1859	-0.0128927	-0.00427441	-0.00215942	-0.00440636	0.00417028	7.5	0.016670795589881	0.97618	1.0	0.0	0.0	0.3590604263217257	-0.43188051650555165	-0.9924606900623275	1.942705922917356	0.426613362553437	1.512465355810406	-0.30748430261994897	-1.6565992132846719	-0.7220547203008789	0.518734116501906	0.7017302765741611	-0.3094757726144752	-0.23781089600474067	1.0972044701575019	1.990885497154458	1.1186409482754807	1.8570113736415166	0.7073765384338698	1.1960919087858928	-2.063911102297024	-0.5153837160172187	-0.4540719508424195	-0.3923184027998369	0.7578886259702956	1.1290869313738308	0.6528630729463976	-0.687569401472421	-0.13995392966309628	1.1973199214901866	-0.6709693148389232
Br1878	-0.0124673	-0.00308346	0.00124123	-0.00444681	0.0019769	8.0	0.0238508558631897	0.981996	1.0	0.0	0.0	0.04230591934122494	0.18123258425262023	-0.19514179790534458	1.1393006825963352	0.2813704877081797	-0.09440666087461633	0.102278611482499	-0.25429475030795246	-0.711693680279398	-0.7385841058730951	-0.6778568536856971	-0.1709967468593293	-0.7662385659404766	1.3947255732657078	1.0575590668402526	0.24514711318450982	1.0079172420561051	-1.3018403239246759	0.0913465180902067	0.5162471241104096	0.045255416773876456	-1.5728053138441	0.783801378585705	0.8631137670542289	0.25480153093423635	-0.054997568209267766	-0.7604629461186201	0.4858907378157716	0.8586025909088197	0.2234089472922367
Br1883	0.034981	-0.00256097	-0.00103496	0.00348851	0.00038091	8.3	0.0146639960172945	0.974968	1.0	0.0	0.0	0.8940502105324658	0.2218026956523701	-0.10745107357793413	-0.025443178555281745	-0.4666223072665014	0.5543165308872509	-0.8294702157825805	-0.008946292168983447	0.3793418788138484	-0.343385575865762	-0.059474747884949	0.5300012178799963	0.01153213617821156	-0.09648299603333463	-1.0033974594896784	0.09303322242032597	-0.20787133414664188	0.08722490350864112	0.1893693060815139	-0.42198546947737936	-0.7191204493287207	-1.6474223523682605	0.6692788667692301	-0.02563702213127694	-0.960447852189656	0.08373441935238958	1.1140901818358673	0.18735356488007565	-1.3674840770461272	0.8978162167023697
Br1884	0.0115368	-0.00425063	-0.000600565	-0.000263262	-0.00239799	7.3	0.0165382549350163	0.978648	1.0	0.0	0.0	0.5050368493144802	-0.010297382006347052	-0.5790062682057191	0.6459489102806857	0.673781198665775	0.9275726268104871	0.43939057078495336	-0.34116257155926705	0.6246406092880528	-0.11903748748285008	-1.1294559350572848	0.35154663770022104	-0.564576835854439	0.05768439523848725	-0.3104507051100771	0.066664484283869	-1.044326462789708	-0.3406070741806929	-0.3587934776539337	0.5983797517385842	0.3523489655101648	0.19698720966767636	-0.2974937206340536	-0.34831011994543304	-0.7540225450374827	-0.49645242696827036	0.14622727918513326	0.21193168029254975	-1.3196526628592944	0.07703787813941519
Br1898	0.0388098	-0.00339979	-0.000430058	0.000877986	-0.00449674	8.6	0.0151801478016498	0.973224	1.0	0.0	0.0	0.5041511465438275	-0.8058447399842444	0.5807867253480213	0.7270108370026303	1.5444553853981435	0.43063964558219986	-1.077014166635946	0.25402399584824426	0.25528918673302425	0.3225081029184946	0.17274851709761194	-0.20921529487021856	1.2445781575237669	0.29390898793147496	-0.6247477660287307	0.4969689017793049	-0.08541543413008641	-0.038010231261716085	0.2689558452932866	-0.8198062757113914	0.45601816662148176	0.3622622666036884	1.6399283258708266	0.1319166789392377	-1.1991500546937708	0.14276349278757045	0.6351150261171145	-0.5366423991283551	-0.08998302998327408	0.5655616227407617
Br1905	0.0277074	-0.00375138	-0.0013103	0.00196198	-0.00352803	8.4	0.0160034194899049	0.979918	1.0	0.0	0.0	-0.9679959432086636	-0.6891340272942768	0.505134330927415	0.5696750419557381	-0.04483308928421188	-0.618134205570912	-0.2950371877026316	-0.9818140625386163	-0.3503943785224871	0.29228954992719436	0.4469870615688935	0.8786030825495266	-0.8143933751038706	-0.4549618712118526	-0.5256304360628818	-0.0972454281344532	-0.6256895207957627	-0.11644106015258167	-0.6415534366119624	0.6405698713439728	1.0437050681908655	-0.5705459080138402	0.5792928484576502	-0.8762183001560508	0.8924951485628623	-0.48068188649559745	1.0671701630303603	-0.11890404736457995	0.31098976164347575	-0.1210849052696715
Br1908	0.0346265	-0.00411146	0.000739634	-0.00133159	-0.00715863	7.8	0.0154468854715048	0.978711	1.0	0.0	0.0	1.0032744251594128	0.23294047273292265	0.44330056021522957	-0.6654587933242401	1.171958534660939	-0.2749339246615913	0.5248956741186567	-1.9600103911664122	0.2989963147996271	1.3648677873052784	0.1359312198319301	1.1825142689870778	-0.3650743331009322	1.6072249855174665	0.9410386782494631	-0.019656553532379262	0.5764077899689747	-1.0632880713319957	-1.3687862973294236	-0.586253765757717	0.19354385700570068	0.2110815466901186	0.6845876975310226	0.03315483443368327	0.5572105551545601	0.264836453806288	0.045245869668247715	1.309591670695648	-0.19991775269797243	0.6067788715389941
Br1918	0.0346731	-0.00445328	-0.00141983	-0.00326941	0.00111352	7.4	0.018884590024489	0.966913	0.0	0.0	0.0	1.5476542456916325	-0.4462216354334845	-1.09353774257053	-1.9756287836377635	-0.7718099663411853	0.7832403057313634	-0.7251939844546627	1.475808004665424	0.865683765570413	-0.8107351866477066	0.20932051321940515	-0.7755455986985617	-1.6805046903198293	-0.04396462559369278	-1.2585099025769333	0.5117506801241031	-0.08301307325526443	-0.8881321026778216	1.2301584876106295	1.3609552315332105	-1.0856345257435474	0.5034481833548321	-0.5669868894170169	-1.465949113469312	1.7455095069433617	-0.13239301675904905	-2.45775955889317	0.3459822155997162	-0.46609896580579974	-0.7515021141815706
Br1927	0.036346	-0.00448981	0.000411506	-0.00276217	-0.002678	7.1	0.0050068955118244	0.96632	1.0	0.0	0.0	-1.6495605137036924	0.12587741503517738	1.221151423521727	-0.5206136665417509	-1.4038204814403112	0.6533655098539871	0.1691834807172097	-0.22434291209359303	-0.73148856071301	-0.27606749039759026	0.4061371855342388	1.2183559838496385	1.0418079670428493	-0.1559009993816867	0.5784620824739741	-2.1609102941745153	-0.4061379290214783	1.2817254883749203	0.9226771420965657	0.01973787627233623	0.4051888864184469	0.4857617273644495	1.475121721079299	0.22063795945787998	0.023263209387184302	-0.6889338903452329	-2.7174642401307674	0.9197378397320107	0.7225998133112514	-0.9352892123117502
Br1936	-0.0126448	-0.0040733	0.00103492	-0.00481184	-0.0029594	6.9	0.0153072310958535	0.972126	1.0	0.0	0.0	1.1240160388614158	0.657598132981953	-0.3092104630666047	-0.7626229992769407	-0.2725500605071546	0.5998420321508625	-0.894856125283201	-0.8062190774429409	0.5454789991881174	0.5151531245154054	0.3377728341043371	1.2003853363047554	-1.137370274295702	0.08986861622681332	-0.506177586367451	-0.4989895365388424	0.22448875941259847	-0.7075688708106834	0.4554523675187867	-1.167417601232238	0.3938705187174691	-0.2536987581822658	0.07432676555919668	1.979366497330239	-0.9936098457756726	-0.1549003372415737	0.29427585117777266	0.9421910011332599	0.4502876882491514	0.663734792490331
Br1958	-0.0123988	-0.0040996	-0.00299711	-0.00331383	0.0021443	8.0	0.0145779374826393	0.98157	0.0	0.0	1.0	0.33047887664627745	0.040150259552260655	-2.70673944562276	0.007355519780653098	2.199815844296768	-1.4229312211545146	-1.024443474932471	-0.8700507732306835	0.5975833580567985	2.9857527267692636	-0.47606716238475233	-3.8671645156890513	-0.8204546352777178	0.2222274048456172	-0.2724240790339818	-0.45261790584921713	-1.299597547362988	-0.43766331348227006	1.544998516488135	1.4184818316855135	-1.8038508653402423	-1.4076250370439642	2.649601359089094	0.8171009201376584	-1.0583782218732978	0.1632594161898444	-2.6336876981739836	1.0029513965082806	-0.7408572908548838	-0.9069916519017039
Br1960	-0.0124962	-0.00325397	-0.00101689	-0.003498	4.11762e-05	7.8	0.0148935407436445	0.970666	1.0	0.0	0.0	-1.027239620265543	-0.1782961191546972	-0.5958499960269584	-0.642272065271572	-1.0876939817855515	-0.6235600744340851	0.08658426323632872	0.014641435196041724	-0.46218458961633235	-0.08778308166192325	0.4156026418103834	0.31559960312968793	-0.21632203946870618	-0.5139622798611896	-0.1863886691072886	0.2911817067577005	-0.017626822927879603	-0.2525397519086372	0.22329484237593383	-0.21844514374136176	-0.7473744441879057	-0.9023224053480036	-0.6067921635970058	1.1855109318445514	0.28325355800041657	-0.1808285748547099	0.14154898464731688	-0.3533188446363152	0.7538778264586073	-0.024558124832353805
Br1963	0.00858976	-0.00324277	0.00846829	-0.00740291	-0.00279834	8.2	0.0218119689621823	0.975465	1.0	0.0	0.0	0.8055533420488981	0.20960240235119598	0.3872795312865313	0.5951267904230854	2.859256241268185	0.18734864824678188	0.5468689036522059	0.5028562361959041	-0.08471861320389502	0.4891459285218822	0.5389653303048528	0.040595928450530026	0.8921454259933036	2.331046614209794	0.7099610468838993	0.5293102747794363	0.9739077862324105	0.22479071053227112	0.27778753063500056	-0.9881580811144317	0.11347995643141714	0.06663134945437121	1.5700235048601021	0.016821245116824767	0.7763614372201711	1.0948176275181958	-2.4046980387807984	-0.5681502519639627	0.026856978950479476	0.9353075444155537
Br1964	0.0281107	-0.00498465	0.00348902	-0.00346699	-0.00615526	8.8	0.0146063452097143	0.978801	1.0	0.0	0.0	-0.5544807487450624	-1.5260799879645277	0.13401184975192176	0.37061931119669267	-0.12224161549710973	0.4534050204493613	-1.7731398048693883	-0.7506790690587586	0.6194649428309676	-0.2630374398568788	-0.34317041697022416	0.06413107798125665	0.9084001451907513	2.6874191715757685	-1.0357116129289334	0.8351403550250925	-0.7599688545051403	2.091706085665059	-0.3863145847035035	0.14086844768020645	1.1400788892055422	1.0341245415882507	0.8523190976401606	-0.44611221900649395	-0.878504895088663	-1.137924101681476	1.087675983352425	-0.1818100777055376	0.4530343565697216	-0.5823987369689725
Br1974	0.0370033	-0.00282392	0.00133734	0.00158025	-0.00044997	7.9	0.0160189471441861	0.974279	1.0	0.0	0.0	-0.4736401249797476	-0.4389221855480152	-0.21646151033067676	-0.5949986144901759	-0.9086731965963499	-1.8998798567283464	-0.8466278639111605	-0.12330600147645429	0.18195533023749652	-0.32753498286996163	-0.3313513917564679	0.7893059859879056	-1.0355073010723166	0.26280745806623523	-1.0208996166561382	0.012223876480391825	0.9051726530607601	-1.5210564909944244	1.4496460818196064	0.18452107243438948	-0.6604217262124881	-0.8163159666083615	0.41321076608136026	-0.12379712567791375	-0.5007921808150846	0.18981947614233297	0.4108652437584096	-0.40847703210712244	1.113264627955065	0.9525231039258655
Br1988	-0.0124837	-0.00468218	-0.00900789	-0.00132051	0.0061369	8.1	0.0169568077125109	0.971691	1.0	0.0	1.0	1.3352351975040058	-1.2001268026859564	0.29859574870062205	0.6523999210072715	0.7265692734707431	-0.3570717346000788	0.3929717503612562	-0.59838460571683	0.850105846616039	0.7677139005313295	0.28184036078090613	0.7982514564059875	-0.02478975373020914	-1.1435935859233042	0.10582181551693186	0.8375188696514284	-0.4954238150631062	-0.8300813790788367	0.49681879357725917	1.0974413051642486	-0.33671769792068645	1.0200815450254666	-0.7685349897826084	-0.35157730902912887	-0.5166278245763998	0.22697160042516967	1.1770707291468694	0.3786085772791813	-0.192358557365333	-0.4774510213121942
Br1989	0.0358311	-0.00339247	0.00245048	0.00149778	-0.000379594	6.6	0.0150886096019461	0.970859	1.0	0.0	1.0	0.62499493839213	-2.850709514245148	-0.6840522618162173	-1.9490745516766417	-1.4033423428698863	-3.011849410855781	0.8263004864735806	1.4309753410814166	-0.9480811737467332	-1.1505413199846861	-0.6852089899011712	-1.4492185694571165	0.8022730375135366	-0.24447557445601106	1.2285506228165326	0.06470646288379099	0.33408398099031916	-0.15160900972935965	-1.7436990531157917	0.6347089722991176	-0.34137411307890386	-0.9125689490596919	-0.3119754714258726	-1.4445889193242176	-1.3599098229913789	-1.7193361268688303	-0.6152577668914023	1.5175338280264703	0.45192055758290844	-0.21245147564638184
Br1994	0.0274087	-0.00377561	-0.000380305	-0.00228114	-0.00731154	7.5	0.0121042720522985	0.977845	1.0	0.0	1.0	0.4343739593668612	0.2661141128178511	-0.7844115223728967	0.4090445096339982	0.3289996908428323	0.4894926070929804	-0.14332807727759475	0.7973775433168474	0.03814408193192752	-1.2395351355394795	-1.0260506859272802	-0.20820044193323572	-0.31301529442950393	-0.37028260856755635	-0.38310636291410854	1.3731895096185842	-0.25326388447684806	-1.1378953445373423	0.6586011652453558	0.25533786574669454	-0.24941602607158814	-0.34392996527324843	0.4219591884520269	2.018339744891759	-0.2348695550771704	-0.4118124084805794	0.5946935816097446	0.32486626285565806	-0.011216107670023909	-1.1134796166318526
Br2001	-0.0129325	-0.00500163	0.000244952	-0.00322186	0.00121031	6.9	0.0154889561183461	0.96338	0.0	0.0	1.0	-0.5943517816002628	-2.2121473321103564	0.06848921559551892	-1.1759560508251468	-0.9780244642968768	-1.284304471239253	0.8289738884544905	0.4959878147915891	-0.937151355594234	-0.2899401898387708	0.2604908809509902	-0.15811589291159678	0.1965477242803501	-0.8465965938163942	0.5696442963774442	1.3900270022905261	-0.46021629690424587	-0.5992742074278958	0.9230531216426527	-0.26765680935760694	0.3906099769869021	0.38161123637897404	-0.07136548220796253	1.8517135601170336	0.005121620257723917	-0.09378602417879407	0.19911449277552692	-0.5111942003370309	1.6817147981620597	-0.5974180775328154
Br2003	0.0375603	-0.00352789	-0.000320365	-0.00116621	-0.000334288	8.0	0.019839331517434	0.978982	1.0	0.0	0.0	1.1478709821503366	0.4033571301531217	0.14874421641416666	0.7961295689776866	-0.09098135649209625	-0.6588142794571575	1.3985413951067478	0.4512299932363739	-0.2379776433705644	0.010745186319489793	-0.442047988370456	-0.46945888482517223	-0.3284570220645424	-0.7957900684081388	0.5870844188015303	0.4436152139752819	-0.4201608141011644	-1.069473909609584	-0.9627796212387737	-0.13598845058833417	0.32195392028236863	-0.32309605540500536	-0.4853999881635323	-0.4178950363042979	0.3512978374495044	0.5522894410984085	0.28748581718137434	0.8559898239960394	-0.9606605319592417	-0.5359710449951338
Br2009	-0.0124527	-0.00506464	-0.00351706	-0.0045946	0.00173341	7.3	0.0168883993137552	0.967765	1.0	0.0	1.0	0.7374169694032261	-3.002288229898913	-0.2212007699913833	-1.0856430238049215	-0.3888726053426481	-3.2222995972099726	1.489919982755267	1.545806826231161	-0.6236795866773622	-0.21583418891702894	0.00033435343209622703	-0.7829680864894228	0.7551932921546443	0.007328798993072302	1.073612796194316	-0.10160862726763593	-0.06558928062379409	0.22193514281345064	-1.2945633491782549	1.151166386423548	-0.17999040270452119	0.7023295382298087	-0.4793209466414171	-0.9401534109422055	-0.3566231567117507	-0.3139509400714529	-0.9044058569090307	0.8192379920474354	-0.6328174820333313	-0.5811666602737782
Br2027	-0.0114228	-0.00387494	0.0154269	-0.00401597	-0.000358182	6.2	0.0202054370973082	0.96941	1.0	0.0	1.0	0.19830858696015033	0.19240911709367808	-0.2424696169571797	-1.38308760140095	0.29980241214178405	1.1652250034040461	0.4766153845831527	-1.1628666336773008	-0.7980386409667551	-0.0711107064025572	0.6916972595654692	1.0104400216926896	-0.5892230076610627	0.07502596316667239	1.2184749469065541	0.39730523568547466	-0.2901192984208453	-0.4269622230646105	-0.32819984310895056	-0.7258424682923604	-0.7095497194742246	-0.08753242801748447	-0.6656046918538344	1.666154759679339	-0.07536509214320572	0.06348640250836159	0.25055775786433837	0.8515490673053855	0.8953738971098284	0.1347676198473394
Br2044	-0.0121963	-0.00533767	-0.00742116	-0.00171429	0.00202578	7.3	0.0152405469376277	0.97521	1.0	0.0	0.0	0.21865426909136387	1.0000387257065457	-0.3263528333247626	0.16125706772295026	0.9182290522733004	0.010276855455066597	0.4662898753177096	1.2571824365995319	-0.35644029089850293	-0.4134215297969974	-0.7301500950836093	0.002680878466761415	-0.4418460638786769	-0.5655051839295447	-1.2112263511846686	-0.5938674829299251	-0.10734459593978658	-0.7942151528798866	1.252761480845904	-0.7646425144599714	0.06360862225921814	-0.8180074209678797	0.8965356599072247	0.8903828281086594	0.3521601128435872	-0.572942798916132	0.519890439927852	0.8650333574697282	0.27726047580828767	0.4314268284494422
Br2052	-0.011846	-0.0033248	-0.000591619	-0.00347424	0.000532747	8.3	0.0174963118524111	0.959449	1.0	0.0	0.0	-0.5454484145900999	-1.1677238621575978	0.29676868306909765	0.5928673124907364	1.109335086699648	-0.38948913407124736	0.5845418019676862	0.6790914535961934	-0.12334047636982504	1.046170271974873	0.9578752429938665	0.6249498639321365	1.1095447997019316	-0.842149984413676	-0.3607995171104576	-0.19990967170571997	-0.3058913413044843	0.2654034561996898	0.7200628326652702	-0.525915849923161	-0.0044253581139727174	1.0913639688419539	1.7447220421824183	-1.3236502245289616	-0.1552262338976662	-0.552020884803245	-0.22264026351133534	-0.37673137023815173	-0.35297989486273285	-1.5061607995934334
Br2053	0.0371544	-0.00413444	-0.00299071	-0.003294	-0.00332212	7.1	0.0100882563789331	0.959294	1.0	0.0	0.0	-0.5895150716103391	-0.38204383739377057	-0.0527996270271064	0.020211795120847892	0.6661062237159004	-1.046164150417921	0.21279881074054827	2.5534481594409075	0.12379848788985746	-0.164402943366572	1.1372582823763087	0.12984029258684243	-0.10797242728537323	0.8731319424673376	-2.01412920973987	0.4443505048052931	-0.8274774841894319	-0.3584450041556893	1.361738823768327	0.32909910175979507	-0.02817371804229434	-0.15609573398903492	0.26715595371645356	0.6755356845040863	0.10293987830272595	-0.41321197242375013	0.73686937217784	0.4383400792617705	0.06463895741692462	-0.12638781847971325
Br2064	0.024254	-0.00307059	0.00125895	-0.00360205	-0.00738027	7.5	0.0137932826147138	0.978776	1.0	0.0	0.0	-0.7791172567843669	0.2515235947736025	0.397411844569295	-0.15720476711045683	-0.949982919888326	-0.7054581080956784	0.11128768398659428	0.570610134581314	-0.6272886080667698	-0.39737437227086114	-0.2513845071695641	-0.4901434752155049	-0.46066255030800896	-0.23732045943642768	-0.2991315975077546	0.27855322834564616	0.15075742571110737	-0.9717061169868954	-0.007698548856831761	-0.5864765101498486	2.38572091766064	-0.9510609056111515	-0.06657326943682224	0.714157568458611	0.6492166206239759	-1.020714559817825	1.123309335394915	-0.09636682333701733	0.7729743109742283	1.33994930864185
Br2076	0.0303484	-0.00473007	-0.00396406	-0.00341708	-0.000583308	7.8	0.0127413442976694	0.975876	1.0	0.0	0.0	-0.25463665356736065	-1.0888049383276288	-0.013164359984508881	-0.9195850908174813	-0.7212522235659907	-0.3729824562212803	-0.08842525995310488	-0.8211270941703154	-0.8206125219397779	0.01782778385404347	0.6287388240884719	0.21504919419786062	0.3924413180743494	-1.008762701185584	-0.02164676865497931	0.20684667841544577	-0.4783552606636306	1.2173505657789003	-0.3216429356176585	-1.0909174393620706	-0.6611236650612521	-1.2713303053448748	-0.315943168908027	0.5062022404060105	0.8899174839192674	-0.21061565476185895	-0.05540019455974389	0.7176402747092838	1.8266135997242459	0.38867189101739424
Br2080	-0.0125947	-0.00479915	0.0021307	-0.00127651	0.00145331	7.9	0.0182633389743078	0.974301	1.0	0.0	0.0	0.28650227866604616	-0.5779641962927885	0.20642214391778543	0.9068687587405625	1.3149815076421967	0.2972936016628997	-0.22754557100173803	1.0141171583734203	0.0201096506992882	-0.2098087704311049	0.5137412746719688	0.17018400430965627	-0.2718552589726807	-0.1653285411217371	-0.06530166711416178	-0.3957367334707124	0.1649941087240967	-0.4721908684957876	0.21800085230011548	0.1757694756295582	0.33361840073758464	0.1767213064057763	0.7303307938193196	-0.43468339993148913	-0.7111847114103502	0.3274695009780807	-0.336148477344932	-0.0256169591524238	0.038495610476608474	0.857251914258418
Br2084	-0.0110855	-0.00482985	0.00662912	0.000502057	-0.00350109	5.4	0.0171422261561313	0.982804	1.0	0.0	0.0	-0.11401328129620493	1.391663232890035	-0.47921862934646414	0.17784024262352285	0.12870829493452493	-0.2528590632306982	-1.0939411245858255	-0.04338160185264866	-0.39551274632466993	-0.6748060558658755	-0.8035915090362441	0.5732559001142596	0.9622949717130067	-0.12920671420119578	-0.17453547760004365	-0.35037425683520595	0.11134848359397131	-0.7625689468380067	0.017506773032501005	-1.1182358832492643	-0.9446078274504919	-0.8013801357224979	-0.32292928652634123	-1.016479105218585	0.04440947376020234	0.01251929078888309	1.0331896531608233	0.46599902804726706	-0.4108331596783067	0.11048296523297614
Br2229	0.0349766	-0.00557728	-0.000242163	-0.00157359	-0.00489628	7.1	0.0156076209461688	0.964534	1.0	0.0	1.0	0.10417658673473572	-2.9621591608444997	0.0881169792152744	0.6006550299379022	0.9897665370651566	0.8515171813818145	-0.18973237545448313	-2.9578265405548403	0.13937265978520993	0.4437000074031186	-0.5599175290148818	0.9832722410050196	-1.1165216138342975	-0.7496681889550033	0.26620949580706216	0.3806922184523846	-1.0202263955858797	-0.2554938682287449	-0.04812240080419642	0.9370306351199021	-0.4514665056187352	0.5211371172026833	0.3155693463664764	-1.4508996253232669	0.2029252141867378	-0.8120817725925227	1.0093432427818696	0.47633546300158497	0.28724346818718477	-0.25362576409594667
Br2233	0.0376714	-0.00383938	-0.000112219	-0.00249258	-0.00267265	6.0	0.0145052244052307	0.981391	1.0	0.0	1.0	-0.3520107615378325	-1.3769629808094097	-0.3919602889186924	0.9666861453207398	0.8733861553656854	1.345175685334049	0.9401592549332094	-1.2824683402065746	-0.47701471056581807	-1.3385906384141792	-1.9551386361184313	0.29630814375197656	-1.980147412732256	0.09491042915114889	-1.5774127920442125	-0.06234578652810366	0.7652339214749962	-0.7958619152820624	-1.0860959612726326	-1.1573931298118039	-0.5047900470356032	-0.5079157585000271	0.9213403946746158	-0.5613119502205521	0.028768657648233897	0.8393952584177218	0.8741049207810643	0.39312117836882804	-0.1192650531282195	-0.7150776898360544
Br2242	-0.0126595	-0.00439752	0.000688298	-0.00367873	-0.00125402	7.1	0.0137074287793758	0.980116	0.0	0.0	1.0	0.42530695068285196	-1.8791966067306476	0.8873694088968491	0.04978899351462049	0.9756406067503854	2.1914263459309034	0.22393513547495802	-0.6346883278920404	-0.9408752919149256	-1.0162938118125364	-0.5728373440453451	0.7482406828169235	0.8410041532616706	-0.7067557789995986	0.7077093259305781	-1.572943922822321	-0.5092913600291068	0.37176962936773383	-0.03677981227368046	-0.7769829256723421	-0.20246030012422928	0.39500574875688793	0.1067326428345308	1.1311868745517977	-0.7101452468115584	-0.9347469885814169	-1.3294767830883465	0.4479786748549809	-1.1528067418208547	-0.35359208858039515
Br2257	-0.00961615	0.00105669	0.0290008	-0.00645873	-0.0116462	7.1	0.0115361130746569	0.970517	1.0	0.0	0.0	0.7452839285016553	1.0142390701295092	4.11878711554054	-0.13350485231076487	-2.372178296405094	0.8558262056581524	0.9399575760044504	-0.2635706502620424	0.5016463394037548	1.2567639566863174	-0.2820737173347907	-1.4164188708982832	-1.3430294946061876	-1.1449153449794633	-0.29234752921376655	-0.06329731114928834	-0.7984654317596934	-0.050222396181938356	-0.42539162543347314	0.47876037388705245	-0.9649208835414435	-0.5733191102444031	2.5284232516900715	-0.23804936631140358	-0.22299153898595006	-0.08441514605595248	-0.5097506930999659	1.6577590464892982	1.4700088737299903	-0.0068793658344596924
Br2263	0.036189	-0.00648251	-0.0014845	-0.000410409	0.000624849	7.3	0.0103423859982733	0.978913	0.0	0.0	0.0	-0.04662099298152505	0.7332575865406615	0.30411338043025204	-1.223397717183923	1.0125200746397727	1.3969697630573843	0.6350598765473382	-0.17910628897324174	-0.3091342926166091	0.31207395321170994	-0.8311899970839646	0.002482637884843592	0.8470889041858763	-0.8339476058576606	0.6361806962514771	-0.29487330354615837	-0.14169664799522538	1.4084782727390914	0.2545989604592799	-0.33160048714278945	1.431163054334828	0.7234178118751302	0.5693841033193958	0.38525415357548687	-0.26268205443837467	-0.21993303482885226	-0.6894729803215085	0.5689344160476664	0.8689578909983341	-0.7224702489677091
Br2267	0.0319575	-0.00341034	-0.000168231	-0.00536559	-0.00132493	6.1	0.0105510164708512	0.97653	1.0	0.0	0.0	-0.7687455146861164	1.3813087080064865	0.18320221350526075	-1.267433037637335	-0.5766216610171004	-0.5696604344090191	-1.2599508111700914	-0.18977323140146699	-0.2545519277916109	-0.3357106964522629	-0.22736950098964315	1.7392491885128512	1.4286669851685645	1.0705443463432258	0.28958623893560026	0.017341366418113284	-0.20318679023856726	0.9859017286491372	-0.2287052096528287	0.10053748244536682	-1.683488093780363	-0.03225149367457793	0.44599811616866214	-0.6465199344633621	-0.6803274936850238	0.8295852133638377	-0.6800362213684112	-0.41932318792536805	0.6117294138000133	-0.06634049523153666
Br2271	-0.0134857	-0.00568866	-0.00462573	-0.00163608	-0.000621842	6.9	0.0167235436790191	0.979094	1.0	0.0	1.0	-0.09042683646728983	-0.3538943292931244	0.19474131229376618	0.7338926731174477	0.8058649512666219	1.1317582918379485	0.8526623467418767	-0.0890081061354111	0.04633499701669832	-0.11097257313216599	-0.7613992956283373	-0.45479287430611975	-2.100108472566512	-0.3787114620461218	0.36686151235435244	0.9888993828043335	0.40737611335085583	0.7037049147545882	-0.2830758178219891	0.8282438315368206	0.6323493792772282	0.1936138189905863	-0.4876656396203841	-0.4450446248814745	0.9740938854000616	0.39358095173297625	0.9515856079151154	-0.6574000676179323	-1.238253513075655	-0.8692055497181203
Br2285	-0.0127711	-0.00553278	-0.00363131	-0.00535021	0.0049894	7.9	0.0150863309393133	0.974937	1.0	0.0	0.0	-0.12385796623558122	0.38880265914269563	-1.0281442266647753	-0.7532578278806421	-1.3681106836474597	-1.0126933499774533	-0.5200480773642787	-0.10103379663639318	-0.4198329129219335	0.3223942745112309	0.9239528231473508	0.5091579120530165	0.043372475870283526	-0.47302416798149705	-1.7471849141201832	-0.36485141016579425	0.32484051849776446	-0.08244685560273061	1.095409499912596	-0.7597988037539329	-1.09106365298302	-1.6179654856148118	-0.4366562787906077	0.742492777505297	-0.4847665943813413	-1.0481697052151981	0.33955915453514995	0.0071773146516997555	0.913602461011782	-0.19617807613857075
Br2287	0.0386796	-0.00284715	0.00466985	0.000475005	0.00326126	7.5	0.0131318931641734	0.967995	0.0	0.0	0.0	0.6787640245214166	0.06782893093800352	-1.014289970065845	-0.6685619977349492	-1.0446943547389576	1.2916322802964315	-0.06553745028324723	-0.4720991671930489	0.3427080509620322	0.21334499932178602	0.4148635863489371	-0.147193554328173	-1.3330951241373583	-0.7953999310346298	-0.5242553380814674	0.6573072158793951	0.7506107074543944	-0.8284786520093421	0.6765379640257236	-0.2713231594748288	0.5518104487219125	-0.01693549409936885	-0.32032467446252266	1.5034768564262095	-1.0132600929800928	-0.6136753215737832	1.4242439509369624	-1.828790281683383	0.15288207856395347	0.8703057136052735
Br2288	-0.012953	-0.00459354	-0.00513984	-0.00391577	0.00136792	7.5	0.0169567320880112	0.97985	1.0	0.0	0.0	0.01697504792751407	0.13909157789093876	-0.8070166600217112	0.21080875422378326	0.2706540377599527	-0.055845770243095366	-0.5958240164302954	0.09069760480627594	0.559170097540023	-0.07803496806314933	-0.7952748699416972	-0.18533841584175761	-0.45747274067685184	-0.5052338701368302	-0.3621288262642187	0.5803832108293642	-0.4322632644854176	-1.3437630393417141	0.723261946744881	0.7727951301474667	-0.11060509361418609	-0.31513536247170826	0.5993463980674392	0.7662999750196821	-1.0226920411550795	-1.4635928255714985	0.20555924276698756	0.30179525166566296	0.07217034175834118	-0.11727579977459941
Br2292	-0.0128435	-0.0026511	-0.00035648	-0.000689976	0.00107797	6.3	0.0161639958904939	0.978233	1.0	0.0	1.0	1.1156042176094556	0.0895763318838616	1.740419493487337	-0.5750642814346237	-1.1290983823902982	0.19330652916715985	-0.37001587636386096	0.8946402357862776	0.9091534657089481	0.03739153715527128	-1.3068672273002475	-1.8331584499116567	-1.2655612731616792	2.0265413321013974	-0.9668451357423861	0.5801168064653767	-0.3636709154171676	0.013148117762902763	1.159690643257536	-0.7918242675580378	2.651541365603092	-0.571123979743818	0.22698109391285598	-0.6252747445833406	-1.921166407939648	-2.8821666801535204	-0.8585935746417188	0.13824992586189203	-1.942933586144888	1.2318213686457071
Br2304	0.0223907	0.0412623	-0.00100914	0.107969	-0.0117197	6.2	0.0147072862988001	0.979075	1.0	0.0	0.0	-0.45511060356674365	0.710520199249053	-0.3685903755892057	-0.4536561161931825	0.1161757635756352	0.7573852773355215	-0.5326030403834262	0.35102154892322346	0.21823279166218917	0.019179356220437947	-0.6974968456940226	0.33310120451132164	1.6099153119238319	0.05332657912689146	0.9978245902999648	-0.062331341197090336	0.1654590022150846	-0.4276832211891704	0.09882920321546015	-0.5133670620564492	-0.9387469143754376	0.1271103716844858	-0.2269790792913447	-0.3338648163834308	-0.10186411179069435	-1.0146376584416967	1.1161216462111014	-0.472754038942288	-0.11623577668933908	-1.0449084098338794
Br2322	-0.0133878	-0.00604258	-0.00860206	0.000307375	0.000862161	7.5	0.0136216767828585	0.967898	1.0	0.0	0.0	0.708417272632978	0.5860477374579195	-1.100776013494932	-1.5024936526634878	-1.38413333806702	2.743281461285848	-0.6074380531609699	-0.26622590275189423	0.024521548379875812	0.6076717673339975	1.2596738653265216	-0.22801955059316287	0.32197525337014377	-1.512680325187689	0.01886249246340039	-0.23720706570853986	0.24293998150701465	-1.5996928216232862	0.3237263726602774	-1.3534214436833707	0.9498376447219249	1.833959786182224	-0.8585669761816312	-1.2207798250055133	2.5357379229794703	0.835785867240623	-0.027227782753946557	2.075710184999881	0.3381261291224877	2.674984605314167
Br2333	-0.00879093	0.0157333	0.0114502	0.0435535	-0.00310726	5.1	0.0201272861019011	0.983667	0.0	0.0	0.0	0.14968507280116677	0.633939467925151	0.11983116182158929	0.9771866394632772	-0.13605725321622758	-1.1796765428463387	-1.0294541690718084	-1.0540993624643982	0.3302974969064833	0.46800613019132303	-1.1640791286528902	0.23805625463908975	2.238215020209674	-1.1266105901056058	-0.9756157413447899	-0.46042027643718003	0.31514878702312776	-1.604274853433509	-0.3116214994724426	-1.2776092475934935	-0.6887593596470053	-0.292061074405108	-1.0995490226423479	-0.17834800754396682	0.554854039563951	0.3830765840822519	0.4818844634145634	-0.4126345959669801	-0.13929764893682972	-1.6172024154682376
Br2343	-0.010294	-0.0021422	0.0169135	-0.00312109	-0.00820376	5.1	0.0213803409937995	0.977767	0.0	0.0	1.0	0.1208615507678383	-0.10424404926401286	2.7934447793846493	2.6038928808659683	-1.6581288157942435	0.6912800772084556	-1.7478010706585956	-1.9560897652644187	1.3189715493182719	1.005247118381867	0.2840655077752203	-1.1880482868937305	0.1089513354564161	-2.4145427032717683	-2.603005672586905	1.2685121929652676	1.3059922152623265	0.7210201617746224	-3.6380059331782983	0.7627824162085066	0.5213963535157364	-0.13329892459597503	-1.004699380690076	1.8979172969620277	-0.09315365172113353	-0.41454088371564896	-2.611941486709145	1.2554427301385045	0.8312757568369251	2.562608730981469
Br2353	-0.012705	-0.00562794	0.00098456	-0.00117249	-0.00185837	7.5	0.0149501743482204	0.977134	1.0	0.0	1.0	1.1680687441703115	0.08043278872872783	-0.40931739362993363	0.19843961722556253	1.3312114556249677	-1.2299556389885826	0.42112452746691453	1.6754332983590803	0.39439342942303107	0.6006111954971479	0.9322947144122865	0.17071462210276686	0.07299386609993948	1.0117854242432043	0.3551396969622888	0.2379362992191944	2.0334645806396368	-1.111745490613811	-1.6527988016112571	-1.74170178134056	1.6194302646482295	1.3394914482817317	1.3148416905541715	-0.6537474427524136	-1.0716093211224902	-0.08447444736280524	-1.09293867605738	0.27844571734539425	-0.21633947116481178	0.9119998894077156
Br2371	-0.013308	-0.00442858	-0.00544518	0.00272262	0.00050545	7.8	0.0156701443667393	0.977476	1.0	0.0	0.0	0.7228290618234863	-0.06961769433256587	1.5855925846541432	0.53683594348746	0.02686330779806704	-0.003567570431160877	0.7363793972282363	-1.2357171779576488	-0.17247732812195518	0.36633998801294987	-0.19634482699922542	1.616820136717766	-0.9700083573175964	0.40150641502237605	0.5723328374336388	-1.1526475765853332	0.3738582749014071	-0.7470772190401075	-0.5224908316224933	0.34197092582831246	1.1508136217027016	0.10622205663622493	0.44081274973854656	-0.2505651690660058	0.8414266562988737	0.43669500556485913	-1.1300074882107476	1.9049311234442678	0.10356321001751405	-0.4593832227455699
Br2377	0.0299413	-0.00481274	-0.000428247	0.00185101	-0.00709862	7.8	0.0088254063256656	0.969473	0.0	0.0	0.0	-0.9984395454427519	0.08545632481107653	-0.32731697222410555	-0.6217803530338765	-0.45124840241186426	0.4303354478288858	1.2218308188001086	-0.8904438731174877	-0.5288049961447202	1.3389727294451175	0.187599058078749	-0.8312731904268402	-0.2509288949276703	-2.2979331793171656	0.35807171870909	-0.54447347404043	0.2647794447867635	2.2120730856469906	1.4826766344771387	-0.574328191810147	1.3628792396014402	-0.3901686239662066	-0.0791015917107148	-0.4152721974646474	0.8998198875673226	1.012115142068475	-1.0618963948287863	-1.063625531429619	-0.758615900462576	-1.2482677405528262
Br2378	-0.00890573	0.0393911	-0.00337573	0.0969052	-0.00415454	7.7	0.0153184127914125	0.973577	1.0	0.0	1.0	-0.829208739677703	-0.8549190167683425	0.016838937221125352	1.1950520415958277	0.8500912107474561	0.8942804671310061	-0.5285960419684638	0.3737506209571096	0.3797569241547664	-0.2670182394242167	-0.2933095814924152	0.8862357617252854	0.510916097119692	-0.45812923108693754	-0.692051351299182	0.2857284736674662	0.7377399310900576	-0.9070783077902481	1.022533611281172	-0.049673502872435146	-1.3419264201402177	-0.3257890841083028	0.6758257401391198	0.8347382564723953	-0.7326457772069603	-0.019230090586091618	-0.17674957909538278	-0.6162651168586426	-0.35387910259727384	-0.10843718863216924
Br2393	0.0375156	-0.00503799	0.000905944	-0.00416779	-0.004771	6.8	0.0085216275470597	0.974543	0.0	0.0	1.0	-1.5238684516451897	-1.4163119701864135	-0.6145324489358671	-1.8867362361941549	1.3518029048494609	-0.04303724869826483	-0.159315966730116	-0.3730067205984279	-0.6942355362063736	-0.3869387231499171	-0.0074299952839543305	0.13123303161930666	-0.20561894704084663	-0.34625882602826363	-0.025667669854653907	-0.5605637379789263	-0.8339026548272526	1.0964281897477748	-0.4110034383343016	0.5604563089401999	0.8268318118111498	0.7710535460703405	0.6964017101530461	1.8252647788647467	-0.26053501695902964	0.32820405235883005	-0.5892315074548925	-0.36020755951758515	0.5250323173836589	-2.111275004609113
Br2405	0.0321294	-0.00538944	0.000513456	-0.0046068	-0.012072	7.4	0.0069190588527787	0.977404	0.0	0.0	0.0	-0.5927067622449232	0.3510711085138541	2.257830408316172	-0.7807278519803593	-1.5475977555955667	-1.0664271902109135	-0.2882746639537564	-0.8559778243168709	-0.2824099101214227	0.7049044884419866	1.1909922631659695	1.374654696075746	-2.1036596038062276	0.28236761795427523	0.9151866362682213	-1.9472791105486222	1.8173487908128634	-1.639794228921797	0.4106177840646827	0.4520381773146522	1.067308382999149	-1.6535106844708185	1.4197340829608773	-0.4064056228449338	0.37861515184191485	0.7285585712510472	-0.6088647148169025	1.5795701541690246	-0.028723016039764054	1.8165088811031955
Br2425	-0.0131078	-0.00449893	-0.00651456	-0.00267283	6.29249e-05	6.7	0.0123413059481497	0.969969	1.0	0.0	0.0	1.5538859815968318	0.8164882966199132	-0.4851275807820012	-0.6886567773776668	0.7993225463208049	0.05555490539770585	0.4070943603577238	-0.2935689768147908	0.8968211880653911	1.3454630288022078	0.20189095329401976	1.1872060912469666	-1.1004367036359401	0.41346550279219824	0.5338517868989711	-0.30872542999190594	0.3419429441487465	-0.06276158668744947	0.02892301554996581	-0.36373062329492023	1.173026031850493	0.5510976005825127	0.07952225558713534	0.8354418443995583	-0.24014489058995367	-0.8268767068048063	-0.6610553400322956	0.71041301373819	-0.6928491655957988	0.5340278703165016
Br2429	-0.00290315	0.0618506	0.00748233	0.158801	-0.0125051	7.6	0.0199023350636487	0.981232	1.0	0.0	0.0	0.36450495158388585	-0.7144889783552776	-0.60448327852622	0.49317180300357855	-0.6677598151155308	0.46668931102827166	0.7273879152437579	1.0005115045972093	0.3710292911711983	-0.10426661258363842	-0.33417001967873977	-0.40737858227667273	-0.2040774754413216	-0.3413123670374684	0.7625004840274233	0.7635561140961892	0.3032933475759905	0.1380277777782152	1.071866281915912	0.22463107391559076	-0.22453666664730085	-0.3458890740258846	-0.17329539434793115	1.135581744951557	0.4754986041631517	0.29631223159866377	0.3807234212714354	-0.3306633718737112	-0.29023746994224997	0.28087025819008865
Br2447	0.00250556	0.145569	-0.0102258	-0.0670747	0.00807699	7.5	0.0152643272308634	0.968036	1.0	0.0	0.0	1.5561547944781584	-2.2241580778433643	0.21106319074845142	-1.1698071615814063	-1.5941052783883176	-2.9524285252053915	0.8172449620197675	0.9812950092240353	-0.7301997331864325	-1.1058759303664778	-0.40507155701533265	-0.7771160681457537	0.2921541205761807	0.6426259648643956	1.7177303688829342	0.09249771796218868	0.6466535490029262	-0.021674149972084698	0.019330988840172904	0.1383687618583479	0.10320217064118714	-0.5961165428770968	0.2471027360351557	-0.23251481707092217	1.0202483002750558	0.38791779215691874	-1.5727902157495572	0.9346711351529504	-0.6352414541061752	-0.13106288023823445
Br2453	0.0315062	-0.00397821	-0.0030724	0.000256367	-0.00744414	6.8	0.0123554925524278	0.971372	0.0	0.0	0.0	0.28664495847218113	0.545646536833302	0.3586973477975818	-1.0010443779869744	0.5944432737890071	0.07637015632008742	1.1129290295336738	-0.8639423925593711	0.8447801059977199	0.5763396642409067	-0.9583570831251274	1.035180132401896	-0.4432438768883676	0.5126257342804874	0.45510002845749625	0.279156245864237	-1.2612737181753182	-0.5548950136445998	-0.3498368286090896	0.00040610898160235064	0.12549546803762443	1.2718436001365299	-0.31068144920969604	-0.3124497896540104	0.6626370063728777	-1.003193250206601	1.0176984326324512	1.0615304836922637	-0.11320354624766868	0.40689742129710027
Br2454	-0.0126805	-0.00514437	-0.00444094	0.00154029	0.0023857	6.7	0.0112535839414091	0.963951	0.0	0.0	0.0	-0.5429105727775267	0.6843843138693129	-0.5294368226331599	1.2100152245593798	0.13846831275359311	-0.43522778701087117	0.7956161007375706	2.1238297557081878	-0.1663490783292734	0.508332837316035	1.5215279726003994	0.4707932676599186	-0.7868941166246721	1.1650023263905491	-0.505741029674202	0.44318343519424097	-0.04340963954810858	0.04551032951854928	2.6631791903700908	-1.5664956016864275	1.3140206118863569	0.7026284395184765	-1.1951479353573449	0.33448227687735776	0.4937421554424348	-0.0562055550375172	0.7825345591124713	0.32424176427889256	-0.28094378804584336	-0.7342781386646378
Br2464	-0.0130816	-0.00431226	-0.00551281	-0.00207062	0.0030373	6.7	0.0123236812901271	0.975006	1.0	0.0	1.0	-0.15636761594335447	0.8077495347610057	-0.4044835979382138	0.27321608133802244	0.9422261370180399	0.44534658851645254	-0.4989494686966014	1.404883236347786	0.49337792439433065	0.003980702959096962	-0.4411738508848667	0.05708162312721772	-0.633290227036667	0.3067627186192138	-0.47931963789222765	1.8953217632721098	-0.041470207774631826	-1.2786809820006466	1.1263327300164205	-0.3039294114518772	1.9254342775491735	0.5548928031462989	1.4995219527811015	0.1860130536406545	-1.9644759949629758	-1.1587864311457756	0.3796071259518233	-0.226423136664975	0.0045586442447836965	1.6056052652662216
Br2470	-0.0129292	-0.00307781	-0.00527069	-0.00292256	-9.39669e-05	6.1	0.0156095371714791	0.961957	0.0	0.0	1.0	-0.5589336560451487	-0.8989349948715024	-1.2853437109448806	2.2037437121235044	-0.8502751245364343	-0.42675023095988485	1.6126335697297147	2.05535999399411	-0.08114407032739226	-0.8115160488344564	0.7914162646394889	0.7030213149508655	-0.8512783046736022	1.2853991742006259	-1.2164074052922254	-0.563974014971087	-0.49699426340440933	-0.6390434941612712	0.253156761474366	0.6997189148365689	-0.004437338628510744	1.060476435575845	-0.025654421848178864	0.26118486785720474	-2.050771222446294	-0.49092048154121226	0.9193401010657968	0.9383549153101688	0.6948516760644958	-0.5710887742203204
Br2474	-0.0109551	-0.00262049	0.011677	-0.00371312	-0.00122991	7.6	0.0182864816281805	0.980493	1.0	0.0	0.0	0.6264981411356499	-0.34236822684066787	0.30071081133874045	-0.7995747416037166	0.6159498931164596	-0.36032670574193143	1.2494766594572106	1.0532611870730408	-0.4244573751173867	-0.9377600323999529	-1.9608224109745949	-0.8955638013622458	0.39638142883219957	-1.683144967563623	-0.3921059884280249	-1.282418489421442	0.83326548612347	-0.0904650052251598	-1.5722896013612169	0.04991240135894737	-0.829548910507049	-0.869090968117834	1.1636667910350165	-0.2526954208509293	1.0778297601238853	0.9072984905246334	-0.7559463351211614	0.020218508014580725	0.5216147675217546	-0.4881587357176001
Br2476	-0.0128215	-0.00321778	-0.00123421	-0.00328841	0.00236343	8.0	0.0176268872906531	0.968564	1.0	0.0	0.0	-0.4781265237447737	-0.9695147763173675	-1.1359727998906408	-0.9046096981827573	-1.100003604150923	0.0757278345387523	0.2827173603167426	-0.5860190993698713	-0.48867010370281017	0.3754780853963505	-0.19108294173148604	-0.5457319769043922	0.8479576884594927	-1.4695728288692886	-0.08237994458467952	0.41658644806140804	-1.2160187371331614	1.443973107688339	1.3001282694293772	-0.20093122816760853	0.633256563581129	-0.02193018393125438	0.050832837777904365	0.9895182033396264	-0.14329538874376038	0.08958619932420496	0.5759144734431562	-1.4683254848091942	1.6813030081569693	0.2847722766759728
Br2481	0.0405215	-0.00325666	-0.000679315	-0.00196344	-0.00737491	6.9	0.0082651304103748	0.964675	1.0	0.0	1.0	-0.9345173139191066	-0.06364327612778296	1.9791995991911138	0.5153075245918437	0.3787170800016914	-0.10286808984045313	0.3780992572822965	2.106964285410156	-0.5586882380404912	0.05691986786947725	2.1106159098273247	-0.46110579237421084	-0.5905829951089864	3.0756881196857715	-1.0644406650561367	1.7823131109180756	-0.04150174094895448	0.35245306562636625	0.20551913460381702	0.6996949672985975	-2.1021037020244093	0.13520077194459285	-0.3263388904816439	-0.18612647807539554	0.7952434191363356	0.5606082227795129	0.11980050190743376	-1.2780799978511657	-0.45437062360909636	1.797180157720263
Br2509	0.0328723	-0.00323157	-0.00160433	0.00177304	0.000283334	7.3	0.0128851366677112	0.965558	1.0	0.0	1.0	1.5810602422536402	-0.2537200107296538	0.41461508675655045	-0.37001360354388163	-2.5752410730906967	1.639526628434248	0.3532387322625111	0.12393521144983155	-0.16736510997461912	-1.1539014014113729	0.4804961707384353	0.01872042188732542	-0.5585913084316252	-0.24149798046958773	-0.08391736054133514	-0.664775805980355	0.7065517311928687	1.1058459495242308	2.7011494677875607	0.46191436602378827	0.7131499189924057	0.9164805839661789	1.5376912266137	0.9302587972240408	1.4612556271355588	0.5059167020440375	-0.5132823340126587	0.9843548209781707	-1.0331797513035208	0.46605974646085013
Br2521	-0.0129704	-0.00610802	-0.00220176	-0.00038085	-7.08016e-07	7.7	0.014537950305288	0.967517	1.0	0.0	0.0	1.3102632238652567	0.8838449941701769	-1.0099597257635027	-0.3751899656457273	-1.123380046997576	0.9673674929020113	1.069235269066315	0.3065822823602671	0.5202261979041607	0.07021155603679805	0.28370747804181395	0.8283612430501373	-0.17411598130110337	-0.5855914981052176	-0.2332085375563893	0.4827631372749018	-0.6764956754222494	1.3138079678614438	0.8364852908836777	-1.8273878249271451	-1.3842194316358358	-0.8030256593281588	-0.25984227605304444	2.011187710105015	-0.011497243118013914	-0.25703039739133415	0.1532158875486674	-0.14602765989988548	-0.592973615428824	-0.10971515499473784
Br2534	-0.0126586	-0.00552294	-0.00373589	0.00208752	-0.00202468	7.8	0.0188339238368308	0.962994	1.0	0.0	0.0	0.20773292847105612	-1.3949494623842362	0.1579686811546895	-0.3055932320514379	0.5970289459166734	-1.8081041478841982	0.8903929875224729	2.1553610633333022	-0.09237392632184953	0.5733338578467855	1.1806140188471697	0.11778921785081341	0.5629496182909395	-0.3634384954280586	-0.6048811658722114	0.2531778699141887	-1.0582895183862016	1.1140278416648726	0.7173268916780364	-0.001687643302287475	1.0317457464556028	1.2689454404759553	1.1052018179228664	-1.0601042716035791	-0.5871847509645981	-0.29773050481148905	-0.23429747375703383	-0.6225973243450725	-0.20469521483826614	0.16761920357090396
Br2539	0.0272686	-0.00449083	-0.00421932	0.00113811	-0.00188241	7.2	0.0090180810638207	0.973027	1.0	0.0	0.0	-1.901306716954519	0.3495382237488224	-0.7755912124399228	-0.049815725805955544	-0.8138971541249559	1.0591152088224023	0.8965892261516194	-0.5232797661938182	-0.9725668274763367	1.282109239033804	0.5260594873272767	-2.2069873782687837	-0.6136075493788881	0.25334630399979574	0.6004557155545901	0.8523663202367099	-1.6428040019116135	-0.5494611526261144	0.5155332833834531	-0.4239970465504469	0.007386122806505157	-0.18210284044249744	-1.748402773399761	1.2402563408805243	0.4918669433988959	0.6836681863892609	1.35623367332028	-0.6881151452580466	-0.8437302043093071	-1.4825109256688545
Br2542	-0.0131844	-0.00477325	-0.00353449	-0.00290772	0.00238068	7.6	0.0131426278833719	0.963272	1.0	0.0	0.0	-1.1390831547098859	-0.4254764214561624	0.3105317484582558	-0.3800858623869924	-1.5607031698107845	-0.6943192821318349	0.8385870894550336	-0.13402235419862307	-0.08599207527302435	0.09340060572121377	-0.1850759498596881	0.6308327532116226	0.22747467307523747	-0.23752770590921848	-0.32348416300407173	0.9436048398838647	-0.5054282319364306	0.457466390944761	0.5043174663588097	-0.4861993673438237	-0.5724902737052115	0.33879804218635834	1.224832119660097	-0.6592944987264762	0.11321120553743633	-0.8781525857941851	0.21038435247230858	0.308429140923307	-0.07874495397396229	0.33855804398216865
Br2543	0.0291472	-0.000707085	-0.00465852	-0.00500536	-0.00185862	8.6	0.0135365815751126	0.970705	1.0	0.0	0.0	-1.321922540408921	-0.24978747977142304	-0.6448401647006098	1.0999322986008842	-1.2785600919778268	-1.1372142527582172	0.1407590290273236	-1.0335903150608126	-0.35360771791136436	0.4325321778052637	1.3474794579012284	1.1491979141886217	-0.17549708520773744	-0.4593311841266786	-0.5156682867642005	0.9479770592269552	0.8187432297473346	-0.30206818504520655	0.7135793785838553	-1.4480032827268359	-1.4180643344090589	-1.0653084024962465	0.9919393842056521	-0.08887959223010863	-0.7859414715830051	0.6838107004143889	1.0593085793063934	0.04779022919375361	-0.36020922605017214	-0.5243424725711353
Br2557	-0.0108543	-0.00420145	-0.00638179	-0.0011483	0.00586248	7.2	0.0154660792088142	0.970084	1.0	0.0	0.0	0.8776301818597332	1.0899835556541235	0.03788849068350704	-1.653240580015621	0.13136901588724614	0.7455288939147344	0.7223938674137759	-0.38501168396252394	0.5197495746799409	1.0316238519919663	-0.23824101207530238	0.852837983462491	0.040933097501273115	0.5826664306536129	-0.6244419210461705	-0.04138947414479931	-0.9647471545591625	0.4918669292197498	-0.2025055327700635	-0.6130840846545943	0.4364699402512289	0.044431295540976475	-0.04105404532192482	1.1492681689763609	0.42950303177487986	-0.5268097966048699	0.8139668745497384	1.2537528998009513	0.5187770184895846	0.44007309515197185
Br2582	-0.0128786	-0.00395255	-0.00533234	0.00244535	0.000127297	7.3	0.0268352264023728	0.966359	1.0	0.0	0.0	1.0069173865094319	0.43061989211810175	-1.9265355100994201	-1.433347867136374	-0.7864540060959906	0.9903794267269324	0.5350195907786288	0.03262153264281706	-0.005914283505724733	1.139061269780021	0.7644505969249474	-1.2571412937952213	-0.613453697608343	-0.614272596908002	-0.4165595622997559	-0.8114102438211949	-0.45960776905836587	0.6199274445628413	0.6365000788531832	0.37761077168261875	-0.4439218644647248	0.4353523466841782	-0.017822097156935977	0.1321286402505831	-0.3894255677979465	1.777247287093731	-2.081700477431755	-2.028364593685446	0.5622893844664405	0.36147557662193036
Br2585	0.0389259	-0.00478269	-0.000111312	-0.00508938	-0.00664935	7.5	0.0141223170603454	0.979828	0.0	0.0	1.0	0.3260446661669602	-0.16049714312976152	-0.1416680140133954	-0.983025461201689	1.0010176750326112	0.025078416590526818	-0.06962439192835691	0.6812226223591056	0.21040959204112752	-0.8332161655771276	-0.9341523692924348	-0.3195752263194453	-0.5378283816562984	-0.028256313320360337	-1.01872235672989	-0.6147024269808552	0.5099167844023862	0.10371137304180361	-0.13692996470827987	-0.2782985350378934	1.129104594960824	-0.5549355132660843	-0.23329662743804552	0.46456319023884596	0.06680158722277682	-1.3094560648136127	-0.18643542622054868	-0.10881268550063156	1.0739152736046487	0.23467575006727656
Br5165	-0.0117129	-0.0033684	-0.00690681	-0.000812129	-0.00188007	8.2	0.0157341899824559	0.973028	1.0	0.0	0.0	-0.12139905283259705	-0.660926212023848	0.45268604149936104	0.006360272738310217	0.3811844339771638	-0.43117481593600315	0.39728857287634683	1.693702959993341	0.12381427342677581	0.1831885712486033	1.1622744052361627	0.3409777863762793	0.5206643698411765	-0.0822665266512773	-0.5735775891250622	0.12111752887547914	-1.202461758615226	1.2594133258777844	-0.5496408738869129	1.0957894568734532	0.0635997122111674	1.4782208685777114	-0.607860549726327	0.11411728577413666	-0.005170777116501768	0.7847161944287547	0.641543004326252	-0.99374940462333	-1.2252966259399076	0.8137102681847904
Br5182	-0.0131355	-0.00506145	-0.00368318	-0.00328591	-0.000157854	8.3	0.0188782810652412	0.967731	1.0	0.0	0.0	1.2624907044641875	0.3325696254315735	0.12277987898435135	-1.3441460671947896	-1.1687412125982686	1.9830296405467538	-0.8544282015937773	1.0393892388824162	0.3275735646016248	-0.22698321993008874	0.7770723353537337	0.005790994019414974	0.500183530804126	-0.5459700341901643	-2.01098002894556	-0.1956228959458879	-0.20323316314045217	-1.2840386753498134	-0.4438622465782368	0.2464839058219707	-0.7334053136416306	1.1999222407567796	-1.0755118677328401	-0.9849683925763635	2.5662439859075077	-0.3929182142351922	-1.5028250106115641	0.29718648624944816	1.059644579854017	-1.3540325220880125
Br5205	-0.0100521	-0.00349591	0.0131658	-0.0054959	-0.00843258	8.3	0.0195579922393826	0.977858	1.0	0.0	0.0	-0.3006341734375567	-0.4257794652738782	-0.20892411601389863	0.510833275439359	1.1754887791455413	0.9511302947657284	-0.5239967902466037	-0.7316398745469255	-0.2480843185283657	0.09971450145270552	-0.9336410085902977	-0.23842779863509253	0.9100663367575725	-1.5603003211710302	0.39702053053977143	-0.17960217248358418	-0.17590351760075212	-0.16029469266679386	0.529761584376659	0.9341418563856614	-0.636926907088813	0.2773492354175735	0.28702012380952147	-0.4769659287392362	-0.1353106985318246	-0.27483272805497255	0.26221140420567535	-0.9650642170520616	-0.47703853487024783	-0.7563213532835004
Br5212	-0.0130922	-0.00405189	0.000333573	-0.00297521	-0.00197118	8.1	0.0143040094982479	0.98178	1.0	0.0	0.0	0.4820588855390522	0.29345009373021747	-0.4613047176830173	0.22268223305097015	0.531963745385732	0.29394351568600635	-1.1289510026339553	0.75616643712309	-0.2716748818400964	-0.5806733175348147	-0.30507874510665395	-0.19904595379939566	-0.12301525691030563	-0.6078439869553192	0.3482471865992298	-0.0778317669258786	0.32712269230885727	-1.707113317198062	-0.328473956298175	0.393691057506472	-0.6756249665043091	-1.260164162232161	1.2542662159499671	1.2248970663849403	-0.5421742715497351	-0.967393038809599	-0.2807725203591697	0.4626490599065149	-0.6408532172803748	-1.326437573820487
Br5228	-0.0123685	-0.00511712	-0.00105022	-0.00071676	-0.000671742	8.1	0.017342813157435	0.966664	0.0	0.0	0.0	1.9752748359751688	0.29395430781102017	0.07476038121951566	-0.40492460105053574	-0.8632399982548026	-0.3663321138769927	0.3028750915359739	0.42462414283260536	0.9369163572064888	0.4027611420333872	0.3295413212570144	1.127524616354071	-0.43804645306207235	-0.16620085018546824	-0.955584333409111	0.02927236876729717	-0.1766373433886493	1.1290820456821238	0.6010192812569801	-0.4826802154439229	-1.3747898424581249	-0.1673351818047272	0.10439241338936765	0.6893344721831939	0.08415591901008196	-0.8995997673528788	0.607966513156095	-0.06376059733208919	-0.5653160178920567	-0.6137997140007659
Br5232	0.0334969	0.000449947	-0.00076917	0.00142888	0.00068031	5.1	0.0162733731590498	0.964812	0.0	0.0	0.0	-1.2639643085095031	-0.32737371539547977	1.9081027795453456	1.8048766560842355	-1.1394316323417624	-1.3383310914514095	-2.6464201354982313	-1.046318241423643	1.4054161933072598	1.4247987053977171	0.0924352274252878	-0.891323049020679	0.336280984168894	-2.4343198011009233	-2.7101568733768584	3.9925043031759806	3.650675580806953	3.01931174581483	-4.773679417894278	3.220593446933108	-1.0371158174504496	0.7674794253925628	0.5811024662604355	4.232712589769452	2.760742266973134	-1.1631076721494094	-0.9942441195838246	0.03429377140167964	-6.392549527986497	1.8514019754481115
Br5235	-0.0106259	-0.00352999	0.0102683	-0.00489391	-0.00473598	6.9	0.0161470086762376	0.978956	1.0	0.0	0.0	-0.1012458733789482	2.279891156009332	-0.6261612415552134	-0.9401416033040325	0.47241046657835545	1.2891203234652024	0.07748132996548288	0.5246229361128367	-0.16467368429823592	-0.16800054156321162	0.27745762753756353	1.173889456582184	0.16765430949897522	0.7466583269405268	1.8728805674275621	-0.43469729767233245	-0.34577022159223303	-0.3774550960939753	-1.4757719000828105	0.904245790949231	-0.9072268690274345	0.9448973849947757	0.42293045659811107	0.07061443959718985	-1.0269155044125904	-0.04437651533979928	0.46157184416159464	-0.23632455058154694	-0.9348962229709	0.31978900633897284
Br5250	-0.012401	-0.00361989	0.00235847	-0.00202341	0.00255235	7.4	0.0126886263904547	0.973651	1.0	0.0	0.0	0.09130331654077642	1.012820362175247	1.1625153319499013	0.41528858803512486	0.7666034838742176	1.2964608128974455	0.39560809431326516	1.5547459469679281	-0.34872431622238576	0.12269289055576511	0.9808964512766156	0.7686174522777824	0.38264589332763155	-0.587041304203017	0.21625502228027188	-2.0556172065073377	0.7643033415311946	-0.7208917794766035	-0.8114663159565348	-0.8015312354817082	-0.5149539775115511	0.34596525003913886	1.0379577898181291	0.18761814684755548	-0.33114767323965605	-0.2545280755515846	-0.5759865819025685	0.3605211065986039	-0.8602961025005144	-0.2998849887682727
Br5259	0.0108021	-0.00489694	-0.00295791	-0.00723182	-0.00242014	8.2	0.0168543828853828	0.976038	1.0	0.0	0.0	-0.4076410725549047	-1.1240703714264269	-0.07791051247749928	-0.6031648447494684	-0.3226782321467217	0.4121559294558089	0.7138881921703485	-0.9225919160952569	-0.17806317760770018	0.11129507822133387	-0.26390425728900824	0.6380268717233339	1.1050778445446534	-1.3960449038428342	-0.9999104476974856	-0.6228024456650608	-1.9790516063846502	2.082748607351754	-0.6291913475961357	-0.39353982399074267	-0.9557279682559136	0.6469472433140366	-0.48171746069987725	-0.17602721844878277	-0.7586398741849023	1.2052836133839275	0.4117042764143934	-1.8824353509224747	-0.732200074285257	0.6256552289177919
Br5262	-0.0128446	-0.00470309	-0.00146039	-0.000228065	0.000746362	7.0	0.0170820457941688	0.968725	1.0	0.0	0.0	-0.13140765843657162	-0.27563955058877704	-0.23281345846328977	0.30741609955640453	0.14129148403701783	-0.8427444947631547	0.8583144719699902	2.512545134807596	0.030577001596997434	0.07247243116720721	1.4497220269071862	0.06750020124867104	-0.3407926538251471	0.5499143467697412	-1.1027736456322315	-1.337759728421894	-0.614805616166187	0.968707185349253	-1.8999044974445032	0.06597212354569061	0.06270534852947048	1.1553394587299008	-1.0637948135456265	0.3458270404284392	0.6268250833679124	0.23397517331342102	0.41191609258194883	-0.23481813080305058	0.010425945049724649	-0.45862738996818986
Br5270	-0.00651982	0.0364431	0.006598	0.0806011	-0.00570614	7.4	0.0220292209475065	0.976685	1.0	0.0	0.0	-0.023283280336267472	0.5962743271597702	-0.2759025745392872	0.9545062001644882	-0.2672662052711898	2.130401629249812	1.9411128604102208	0.7081444384766615	0.07099078667483581	-0.338365617662703	-0.4689725733835754	0.05104756315256904	0.13256602139775756	0.19361956745332917	1.228011021198883	1.1119776009783817	-0.8873800374666772	0.8097857735355213	-0.29788670827777824	-0.08189873652280014	-0.6342141824942543	0.48725096569185217	-0.6385234951895006	0.7720096091741738	0.6950144449497813	0.11612977234759359	-0.6863247708716825	-1.4120989856334158	-0.3592988885720001	-0.17989567914094898
Br5280	-0.0132402	-0.00419951	-0.00325825	-0.000231156	0.0041715	8.1	0.0168925787875655	0.979688	0.0	0.0	0.0	1.2494985854412137	-0.11450561339337152	-0.18800399254392752	-0.3676078388431793	0.3587000633840575	-0.7563153806752014	0.14875803082316377	0.8678464472714201	-0.03357763821508093	-0.2749701853993205	-0.30725612513235434	-0.06004476370484522	-0.8579307549208961	-0.7738824176763117	0.4511612962542918	-0.11743806645721012	0.3873025245569391	-1.1425929288980898	-0.26925119455193564	0.7038149635823046	-0.6207765513226684	-0.8077532545554891	0.14734423364807406	0.6625582767149318	0.4449112259701598	-0.528232125170689	0.0515831169292336	-0.163757243240696	-0.4199868123228159	-0.9610644420070827
Br5286	0.0461496	-0.00611578	-0.000362237	-0.00300164	-0.00345776	7.4	0.0171021679351802	0.976869	0.0	0.0	0.0	-0.22188129285642916	0.9274943788205567	0.1487202527383071	-1.141611966207757	2.237347505946809	0.8037110677790411	1.0215993815264197	1.2723745465116358	-0.7830951056290145	0.10941252335784331	0.4946727092511915	-0.06801354630103106	1.0460366082527623	0.5729442722365767	0.15944592242147027	-1.6089868955804132	-1.2649302935406561	0.8494879247762941	-0.6128916826475709	-0.6484915457784282	-0.0614001631752779	1.14674034941723	0.7532587638091159	0.5096617361604844	-0.030957267298884043	-0.9402482219763884	-1.455918467006384	0.9364666933422537	0.837904018724969	1.0753709001203144
Br5287	-0.012181	-0.00359209	-0.0047932	-0.00559485	-0.00111026	8.2	0.0123462994477734	0.974241	1.0	0.0	0.0	-1.2025138953265335	-0.6150944153290882	-0.21419360433339765	1.6499911595732217	-0.42110571096610067	0.021875044145672668	-0.7829605587102718	0.009523124745214715	-1.0158270626294625	-0.11961984670403335	1.5509426855078032	0.7900451353366462	-0.350356364941786	0.1364890413180868	0.7854307089493776	1.0528481958886122	0.7078399140292032	-0.1017468696079352	0.22954151112236135	0.8526029767073695	-0.4994908808952598	-0.5762997907124786	-0.19401460132032297	1.0309439946055232	-0.3521963807193216	-0.6415019278140748	0.3054093148936027	-0.1854564185114196	0.12304044137450794	-0.8802649627344893
Br5292	-0.0129566	-0.00486817	-0.00052273	-0.00628136	0.00205462	8.3	0.0148698886966774	0.979672	1.0	0.0	0.0	-1.0092329447547226	-0.7799920577735864	-0.19545845874652426	0.06334839055448203	-0.47733265022312565	-0.1461752208391865	-0.5467403923952361	-0.13283910060387596	-0.669543727693908	-0.6453542917423999	0.44235558863981006	0.3275556426324923	0.25492211784138236	-0.22454658156617	-0.20285174882370435	-0.41767200114662595	-0.3992358537802434	0.0969897261884437	-1.1418213673441053	0.21688649029294563	0.8192829724801378	-1.1599834658244959	0.9909025969155744	0.4338809871205743	0.02359191856617183	-0.09309885425113136	0.2464462516624084	-0.1869638472287128	0.3400435997726288	-0.07658878401687079
Br5314	-0.0125597	-0.00591028	-0.00621456	-0.00319664	-0.000592456	8.0	0.0095142413272255	0.966358	0.0	0.0	0.0	0.567414668919621	-0.330081720140236	0.0032790143339539684	-1.2360637916187986	0.5212578287176961	1.0302871938814404	0.5131039856811812	-1.0775938004876386	0.308787826195189	1.1062104959613164	0.18384291263256936	1.187942014574604	0.8491439420545129	0.25117217901629624	1.384194187194046	-0.03966886988764519	0.7318882357909109	-1.2023534296632894	-0.8001116261838959	-0.804945956936715	-0.6258613406135786	-0.12360763309642239	-1.034141022576432	1.2945665810614522	0.07872926505190977	-0.4779160078318535	-0.3838608554307509	-0.17157659043361084	0.06498285591126432	0.6308412160787917
Br5323	0.0347485	-0.00560765	0.00111757	-0.00150308	-0.00208043	8.1	0.014850989043504	0.973085	1.0	0.0	0.0	-1.1168377912049783	-1.1099759042200086	0.29508518948479956	0.00857083757394287	-0.6809366090357049	-1.1835232537138927	0.3637385473498896	-0.10522566639255945	-0.059083183430075584	-0.5044417985414884	-0.20232600964261588	0.05313842588656198	-0.19322451800716847	0.5330865806801579	-0.9773037832530664	0.5844416676118244	-0.5619878914836194	0.3779186369718661	-0.11461175951959107	1.04074201932864	-0.5134557159873315	-0.45489307836344706	-0.5346621514500043	-0.5880322485701578	0.5323512747313147	-0.5197544546627146	0.6336069104918745	-0.5430110933491576	0.7322236129302906	-0.14848673036043888
Br1245	-0.00975804	-0.00235558	0.0205113	-0.000860031	-0.0145292	7.9	0.0096854103326055	0.961977	1.0	0.0	1.0	0.4285947511503928	-0.4757912685102173	4.558201528741468	-0.363086532579615	-1.6511230496974547	0.7144261316560806	0.8276163547360188	-0.6699140290248677	0.6795714265430621	2.8455519296672174	-0.3596161987397377	-4.472336125452994	-0.6428173291569853	0.33261679561963453	0.35340066285111943	2.034092084270395	-2.6503766185018276	-1.162709178059859	-1.3791833295185805	-0.9075591030505938	-3.0676917160099184	-0.004156858354313544	-0.9326288561740906	-1.1334659757427172	-1.7195124613042923	-1.1559935223365658	-0.7612434024428446	-0.04722471498313224	0.9065902192933554	-0.6155177543839839
Br1585	0.0378943	-0.00379294	0.0012127	0.00033597	-0.00092147	8.4	0.0121109633984739	0.948344	0.0	0.0	1.0	1.7723093135409913	0.03073968382925493	1.166868506359555	-0.10817554723603744	-0.03562311057560024	-3.218827447800528	-1.2067461158922121	0.08633099917109231	0.09210612309350101	-0.9401447776864764	-0.20560006836373595	0.5837044980984804	-2.055306275187216	-0.35822269693475556	1.220176903085684	-0.7482648054963904	0.12074145230947747	-0.9069981280295701	-0.3468104825181758	-2.097025370887423	-0.26892798991282163	1.5224695617874893	0.23976120523339675	1.034273023430365	0.15483692119903153	-0.8936857445508113	-0.8283492834459036	1.0851204734723663	-0.22243780426356305	-0.6821344050147736
Br1633	0.00265552	0.139495	-0.00387417	-0.0602035	0.00408714	6.2	0.0153109247367797	0.961871	1.0	0.0	0.0	0.4170419439503221	0.6280730905196226	0.38626657097564615	-0.7800579318274861	0.40510334984296553	1.7567283059667034	-0.8562413341229427	0.4977924804695934	-0.260288030256646	-1.0893380337560128	-1.3930504122394334	-0.3413356794705983	1.0582271257386144	0.3773538283916083	1.049253395277643	0.27438911166996766	-1.1575692368733483	0.7302448716119545	0.7429399472738307	-1.8006923512746955	-0.19714724730375807	-0.28499135256344976	0.4812957317952285	0.5700275363407699	-1.1013735760683758	-0.08224272520024509	2.262992335699184	0.007188381624217926	-0.7631843046876573	1.1205832455037705
Br1684	-0.00957064	0.00145707	0.0298875	-0.00636144	-0.0117279	8.4	0.0145906216550518	0.952375	0.0	0.0	1.0	-0.16754078696521543	1.2659514651180463	-0.3968590940341608	0.17941551056304847	0.8764082441687354	0.16570977826229782	1.1020947817723332	0.404272728795037	0.9733388459820591	0.7466445267001622	-0.29176536280505155	1.0024034151706693	-0.7722242075767841	-0.17405645046893284	-0.0825970990732455	-0.48107458965258293	0.01577625489183918	-0.9206476927383521	-1.6050652462404023	-0.13769591887591584	0.23776041295523911	-0.6009433877721019	0.005561617757120896	-0.6670405168784591	0.09587478618614843	-0.13175855443483758	0.9418677240036819	-0.06623860936393097	-0.14031317078598166	0.1960691576025847
Br1648	-0.0126174	-0.00488115	-0.00709118	-0.00215096	-0.000290335	6.4	0.0120642712227766	0.950396	0.0	0.0	1.0	0.6353688468302915	0.9613712241310339	0.7253099099296463	1.3546156356271304	-1.6891096049590486	-0.9641349828526213	0.1576262315572636	-1.8362238326526386	-1.3716780111958218	-1.1961267208492983	-0.9155189371531637	-0.638933505312536	-0.1799668719670508	0.047407557364603274	-0.47851355256192013	-2.690102409725107	0.0450137433467173	-0.5819316202910458	0.43604777914323756	1.160761526249463	-1.1264593907603013	1.5360006185304158	2.6000973351249352	-0.7388404073909906	0.7902732075446551	1.4148951576689661	2.7881642338400594	-0.43353903418221224	-0.7571362813433524	-1.3362199007788145
Br1571	0.039326	-0.00284828	0.000211065	-0.000809387	-0.00156709	8.7	0.0206061530603723	0.97546	1.0	0.0	0.0	-1.5647764903713197	1.2497172478600629	-0.9321311736604445	1.4777491983015503	0.06584970433342721	0.6222288083933905	0.4371296032380123	-0.1637316170342286	0.5005289351434309	0.22620763839421665	-0.8934508854540741	0.02256649794440093	-0.40450530314575756	-0.08665363528303924	-0.14303593331612036	-0.2888189074082962	-1.5520581693008368	1.1168225371217222	0.6431837702433663	0.427622520535881	0.9116533244888815	1.1725608701178265	-0.39832330952515455	-1.6743906088662015	-0.40221765500152573	0.21148064394224406	-0.4254648781074783	1.7636243897847004	-0.48309947323071045	-1.6169287027230765
Br1227	0.034603	-0.00377223	-0.00015495	-0.00392674	-0.00195259	8.1	0.0141313732658768	0.954787	0.0	0.0	0.0	-0.3844325540575948	-0.07034050324942767	0.677726437746298	-0.6003406727933899	1.7369931885922403	-0.32604119287621497	0.010289395989034163	-0.8660467683625734	0.5538813687432429	1.7663980349783	-1.3458946029371608	-1.7759453519182993	-0.05118614080702155	1.3290606189150416	0.4213318788715916	-1.1423411638889651	0.41288306968512745	-1.0368981744806567	0.749806543211573	-0.627487390252366	0.6563844006861745	-0.21891094892412216	-1.0715793545129393	0.37220151671542145	2.0359010547843304	0.9896135479024853	0.5906441213555103	-0.06127187105196785	0.3441282740413753	-1.7909194457542685
Br1560	-0.00554885	0.0398761	0.00635323	0.0914755	-0.00658185	8.3	0.0107414830549854	0.970167	1.0	0.0	0.0	-0.42798084708213635	0.3498667517265807	-0.8066764713029654	0.7038785541109417	0.22741969632963113	0.09920555579304126	0.4357886437021388	0.6439242708815681	1.1171685605823447	0.3077066378320854	-0.6748033030229553	0.6660355171002496	-0.018266696399701635	-0.29901571818638795	-0.9136507526854158	-0.9632899566296885	-0.3359432467467637	-0.5137124692582149	-0.45812835477537933	1.1020208847296125	-0.3684044694302762	-0.7227690626042674	-0.8994163629124687	-0.4522383503967414	0.5284662905258813	0.011484312154902065	0.2637861364089443	0.9901474373225474	-0.08128132244324782	-1.0033104538644368
Br1576	0.0436684	-0.00286209	0.00451537	0.00515774	-0.00242568	8.3	0.008064599615985	0.960431	0.0	0.0	1.0	-1.0910112892179449	0.308273309412196	0.2161382534942861	-0.9959954772519927	1.9445392562404864	0.2811878338574406	0.5254210384495034	-0.3359637003135666	0.6306428380733056	0.2644265583701838	-1.670432480517137	0.3535955256337934	0.7870448888108346	-0.3675003379763347	0.03304165175718082	0.23834318825793954	1.167735553865393	-1.223927643971178	-0.21751154657607527	0.8437597418485007	-0.43898846138792263	0.2571512429858295	-1.1755152179521269	0.09775456959480283	0.2762003570349873	-0.8265691567879307	0.7017446587167433	0.7189220247443192	0.4220158849521243	-0.22259074179822516
Br1067	0.0195079	-0.00372504	-0.00288436	-0.000488544	-0.0036065	9.0	0.0160681995974682	0.974818	1.0	0.0	1.0	-0.851781470296109	1.1446425008510666	-0.2727287633655543	0.5210836624468886	-0.23174180716292075	-0.4492238224801013	0.3486596751859937	0.5886507988009755	0.7334988072244567	-0.11819186055575977	-0.6877887349968342	0.9395366838118439	0.34589862195418286	-0.4840775791402172	-0.5875258178734144	-0.376965229082222	-0.15817489183676406	-0.11195152111600723	-0.24231581175528713	0.38280041061705194	-0.493545281211168	0.6590358087785935	0.11981059973544592	-0.06181533685853363	-0.8511798990793418	0.5644224728347906	-0.08828851934157698	0.9773570812373985	-0.8450600341235048	-0.43811947491704406
Br1004	0.0334534	-0.00575511	-0.00365793	0.00132076	-0.00279541	7.2	0.013618457003456	0.974875	1.0	0.0	0.0	0.29818424687122147	0.7490048779567298	-0.30033047309888716	-1.1034440745612335	0.9182809558779407	0.2983425218804467	-1.064552141280412	0.2450476088866553	0.3223211455317524	1.3728364815741172	0.5139979499346988	-0.9766011465839707	-0.2449351413204021	2.363222290768696	1.1242833903903071	0.3505216871593482	0.3330469377314168	2.4886722069601466	-0.4266813019941432	-0.1739205952116084	1.0768617073213245	0.878754935000878	-1.2314944289661895	0.46708635411073374	-1.1450914406456632	1.5527287782881696	-0.4728895797753713	-0.6658485683853341	0.09033484156128015	0.3268000717057762
Br1033	-0.0123983	-0.00305911	-0.000279086	-0.000772801	-0.00047457	8.1	0.015158974331998	0.956475	0.0	0.0	0.0	1.39169475289679	2.37020564361687	-0.09476699184162975	-1.1900870055797563	0.5102045144567571	0.12043228304909716	3.1705089968430484	-4.329861458447212	-6.878876126252663	-2.9412296915098266	1.3126289258241441	-0.3103326104508696	1.0903400190895904	1.8083049525902384	-3.672647992072881	3.188356305057216	1.5542217086458923	-0.15304506010899627	0.13994621150065614	2.8656804915934466	0.5866337224413218	-1.1551350685398196	1.1622127491833534	-1.7221890625858658	-3.423484210442243	1.8328787829716966	-2.9626317952746373	1.4751795113786361	-3.2543374884868403	0.6005613148858547
Br1646	-0.0111888	-0.0018494	0.019546	-0.00445513	-0.00337567	7.9	0.0038898584436456	0.956618	1.0	0.0	1.0	-1.0573424366146358	-0.48113812714925336	1.3626899105961445	0.015448901698292997	-0.3829781889713506	1.1197363800091418	0.21513048640005508	-0.18938135528859598	0.5022111598722426	0.5872051584689377	-0.9617278901353558	-0.4546116938368654	0.7254511493443965	-1.1774970540839205	0.18625800565566883	0.28958348554704805	2.272120666089698	-2.681599367241921	0.29768887514210024	0.3980559412646773	-0.17975194699087427	0.7719899151008262	-1.1996678150861475	0.7127356463866389	-2.335513702616324	0.9517006614012894	-0.9200622186740801	-1.4400133688823455	-1.1880121405994408	-2.3098500086306317
Br1263	0.038801	-0.0057682	-0.00149775	8.61521e-05	-0.00683322	7.8	0.0136654741585353	0.95394	0.0	0.0	0.0	0.701917611956268	-0.4596010910000665	-0.29280087254759307	0.5034026400233269	0.0042561076200677275	-0.06085193289124843	1.2080487651962026	1.97584140088886	0.5194613527005741	-0.8017370691803772	-0.7357399179184935	-0.34504745373373147	-0.2813711428986332	-0.038195345897153114	0.13429125391829932	0.29004340556636876	-0.5426435626581846	-0.06847435328734512	0.0992421122243246	1.129074632197175	0.47808090939539316	-0.7477231758187236	-0.755544043779467	-1.3753897267091615	-0.0483740790485495	1.1104152152577687	-0.28759793210175	0.2593091658259191	-0.4559128330689988	0.6552783739907295
Br1276	0.0293797	-0.00196152	-0.000695546	0.00656966	-0.0097603	8.9	0.0139717642176743	0.96671	1.0	0.0	0.0	0.36094041596422016	-0.11840924817596536	0.2636062969067744	0.657160186616098	-0.36706563900618827	0.7387283223274412	-0.5719502258857597	-0.2001020581629739	0.7874320968230107	-0.5180184970676669	-0.8660987148209534	0.7785842361492269	1.0958922221860554	-0.06749644959470326	-0.19652612520531826	0.10331848472874994	-0.1810100583728247	1.2553913288339753	0.1493933670535592	0.1997729511808459	-0.6861290903852765	-0.18184927702823728	-1.4346668795415265	-0.43843634988083124	-0.3354824513851068	0.48783370931942716	0.006824269549367897	0.8050897531933565	0.18711673890584235	0.6366114758656541
Br1167	0.0278394	-0.00313463	0.00854952	-0.00138293	-0.00532143	8.8	0.0240887796384618	0.969763	1.0	0.0	0.0	-1.393624631002436	0.7361430925361911	-0.34862960161430007	0.8385978566747412	-0.6609455682533674	-0.17279320615918808	0.5128520506562692	0.004053499325306452	0.5345236110313819	0.6880824499312039	0.40692774522453107	0.7221358118778934	-0.09704630769591671	-0.20040731532071338	-0.05049832871003524	-0.2926281763611974	0.057277286196365934	0.5897249247160942	-0.0841072439465501	-1.2373784027833166	-0.3535926402101643	0.4663681587335984	-0.15749544246988453	-1.739097963758005	-1.567277868293837	0.09181307514767689	-0.2061213503178378	0.4630521472259361	-0.5240957503355795	-0.5929513513652935
Br1407	0.0284812	-0.00308808	-0.00122918	0.00167667	-0.00110206	8.8	0.0186725802238037	0.977897	1.0	0.0	0.0	-0.9136586075430064	0.25739670300585626	0.3964169934075823	0.4842305131682039	-0.6865059083954616	-0.40142734755593806	-1.6159112665824815	0.02740305691258209	0.3536625982669488	0.3013986758404174	-0.16937623563153345	-0.7853060375618418	-0.25172415759598904	1.3095637656537757	0.2467261106996827	0.819948895601384	1.8238775836744254	-0.035176515964450074	1.537138450575351	-1.4600119785672654	-0.7343528906125321	-0.4572784690484146	-0.9793170152513393	0.8879855166568871	-1.2180016174897643	0.7306909267253283	0.38810205232523	0.3153677748968129	-1.8799843987319207	-1.0485761025941756
Br1204	-0.0127873	-0.00544049	0.000334529	-0.00426978	-2.19058e-06	8.6	0.0182535461276176	0.967906	1.0	0.0	0.0	0.44377384065370395	0.49743925960298424	0.560113600265114	-0.17922819184939237	1.053520432283992	0.02304388949514982	0.03803379692292851	-0.1920895092173175	0.7245484396409916	0.5189315739998162	-1.2610545689314208	0.41989398374015874	1.0076727842877402	0.7916859704282571	0.18721493307132342	-0.46801617616320906	0.5515764762030043	0.502578473924787	-0.6562849622425515	0.2748900281118387	-0.05765054976670334	0.5177627442988256	-1.3610042557264233	0.6067051536237351	0.33632803601027095	-0.9342597128265685	-0.43266900757980753	1.216330696281978	-0.4238215157814374	0.3723112216928758
Br1531	0.0384332	-0.00354722	-0.000638854	-0.00175623	-0.00329758	8.8	0.0132284346903652	0.961263	1.0	0.0	0.0	-0.8282314508472288	1.0335155986632554	-0.05349652390476938	1.4363654759013649	0.14954240451298834	0.8819152917760331	0.2433200162065369	-0.22198242435882076	0.5923704999366586	0.2427533699658203	-1.4566147503680096	0.2540419865766457	-0.033697876443606674	1.0902354716061704	0.1156181986078595	0.8817227591389115	1.095478784582618	-0.7889248684085601	0.09759750579484898	1.2737684461449523	0.513496277433568	-0.3716095967890095	-0.06473095121311119	-0.37345902706334827	-0.25575425598049933	-0.03482384346449157	0.2672564635472608	0.40520507562495783	0.38991847797110746	-0.6276604549192709
Br1225	-0.00933303	-9.89944e-05	0.0504355	-0.00312706	-0.0271503	8.5	0.0166810935023873	0.961589	1.0	0.0	0.0	-1.1380774993247953	1.2974946463362211	-1.8946785906498336	1.1605257583686195	1.0352158450084876	1.2961728917446738	-0.338500983831603	-0.2706223277487743	-0.6619912705611449	0.4941805933381552	0.6348828802959917	-1.4860726422288608	0.38688341978925156	0.07755814295705087	2.397424724718929	0.2336319608118585	-1.266083004618047	-0.2617591809274993	-1.4989525628532352	0.9050895377111186	0.476903281537882	-1.2592069935114902	1.1619951254377656	-0.0725112641596133	-0.7838431893989302	0.472515093121844	-0.7841651365223574	0.327833909431443	0.6721745730076881	0.6178968886498626
Br1281	0.0274893	-0.00444846	-0.00523461	-0.00328414	-0.00364899	8.8	0.0161603680928589	0.962434	1.0	0.0	0.0	-0.47820426704819957	-0.6325156702369407	-0.16291641346475746	0.7783873287049969	0.7235625494340278	0.28316213589084377	-0.23979219740479374	-1.8583147422762851	0.48246610511623567	1.3491141660177643	-0.9946391936117561	-0.828141314480391	0.11508441238303675	0.4428143556968254	1.6518061788399745	0.3808262095126869	1.0431646315117402	-0.683187171792895	0.44909733453910566	0.9719034862227405	1.6981953075350857	-0.5184788590276955	-0.7947542996829864	-0.7061859933328377	0.12699181964054126	1.2684812992909418	0.8673179974267159	0.503021539757564	0.4904249566401684	-1.5956335969531295
Br1436	-0.00976158	0.0163599	0.00640017	0.042575	-0.00169148	8.9	0.0124548773110021	0.96174	1.0	0.0	1.0	0.8457842302616042	0.2381925263363163	-2.048089198775362	2.2518387946040432	0.5672123952761043	-2.4987228714233423	-2.6772240698321674	-2.2095139778192023	-0.08248773032975745	0.43030696403055	0.4295649048602208	-0.9822164422269689	-3.4622121354706406	-0.2292108418211719	1.866324813982249	-0.3488982218607586	-0.49756346110361366	-1.2426615415617046	0.1504460239035577	-1.2305964682776533	-0.7222445628871982	1.3113972618524914	2.155224792157114	-0.9920228251250961	-0.9126591947907299	0.2714729970553596	-0.7965182239609672	1.0406777004858387	-2.480245381140989	0.243502599339782
Br1858	-0.0128705	-0.00438505	-0.00695611	-0.00373252	0.00312572	8.7	0.0198252996218421	0.964447	1.0	0.0	0.0	-1.3500756002893313	-1.6843908411958564	0.9212811302910465	-0.6848018160436272	-0.9577119515560787	-0.06754298028875978	-0.7857732671862642	-1.1800888410057486	0.145625563015913	0.2256363503318447	0.12002708747442939	0.72657533283697	0.4436087586535162	1.505077820379786	-0.2556007093020098	-0.6694677381285988	0.06671190185969	0.3107029466676232	-0.4412652874339901	0.4560047380202735	1.001135911685203	-0.10708065730212549	0.735627966722173	-0.3233109087125496	-0.48013574363015743	0.0038088561723360237	1.4420547555164067	-0.08700215812997665	1.399184800103883	0.3978890207374766
Br1879	-0.0109337	-0.00266313	0.0210958	-0.00170922	-0.00778224	8.8	0.0298506090990161	0.980946	0.0	0.0	0.0	-1.2177799732523464	0.7809867873389973	1.1242704242561428	-0.5928440701650157	-0.989828035540899	-1.4175738728205611	-1.602352364480996	-1.0742939727305016	0.4048328825075302	1.008480260689356	0.6358653254654636	-0.0003996376749259763	-2.749235736334189	1.6542050349415958	0.06022480884167457	-1.8464383421360069	0.9301545298022531	-0.8101536784476406	0.1718090639736768	-0.26735773296794074	0.16293724525068426	-0.05701052154159527	-2.4138986070028343	0.9996414310028248	0.46097533003626634	0.8788109576619157	1.913789312627462	-0.05399630437040922	0.949016258903277	1.4572404396633367
Br1473	0.0357971	-0.000509729	-0.00511544	0.0044718	-0.00785063	8.4	0.0205401437940617	0.973901	1.0	0.0	0.0	-0.9753068000774108	0.1060011243443676	0.5399761367657763	-0.708690662975574	0.3384845021115647	-0.2564643612626961	-0.0585214181669072	0.7077368510546233	-0.01177090954362509	0.049872950045802986	-0.7601471044201773	-0.7444423986385144	0.846219776032136	-0.8868209027162688	0.18161378654048188	0.6810535563991744	0.4365028014545889	0.14838729293471994	-0.03136150463778575	-0.443927633261629	1.0824944377232713	1.0645198910127345	0.9651740527189805	0.7709089131152197	-0.5772746441970416	-0.8586637215386119	1.2457259009389616	0.11379087777392614	-1.7629470792844357	-0.10074737941375247
Br1875	-0.0126092	-0.0039122	-0.00948687	-0.00235269	0.000143024	9.1	0.015028534778854	0.959522	0.0	0.0	0.0	0.4473104248849614	-0.2418201609170169	0.8029668521306783	0.7572503297232848	1.2412526333954501	-0.40624422776931285	-2.6234376829294277	-1.6165989113211987	-1.1236584492745307	-2.603432648749215	-1.3098119533167996	-0.06450601715674255	-0.663240543808087	1.3468285012725252	0.6996802535186563	0.03896541997065161	-1.7852987313980704	1.1212231222921274	-0.32861413657759514	-0.12785041346951664	0.09970707472351467	2.4283696715412733	0.33891132905623556	0.22172550941356603	-0.18078083664345246	-0.6921313705078422	0.06805765139540615	-1.7266660948380743	0.5071403443317665	0.5496428975874491
Br1390	0.0358931	-0.00518657	-0.000753113	-0.00284446	-0.00118993	8.5	0.0157360337805955	0.976311	0.0	0.0	0.0	0.509288607307668	0.8765559996032579	0.6420146053281844	0.8186586194755884	-1.6444045049710527	-1.3447337088412055	1.2851527149711541	-0.6734748286318183	0.28229629504636017	0.5814322128256486	0.9462236542644632	1.7990087189350323	-1.0341533949209782	-0.6705829490749489	-0.8157685815691142	-0.8598914501056559	0.6596100137677995	3.2582998695564442	-0.040197743532312064	-4.189320261345302	0.9572776312871382	-1.3767179676492232	0.47703132831841455	-2.6409188583591128	0.5440334485954258	3.038678594110378	-0.7928313835268058	-1.4169722618234817	-1.308723679053173	-1.0349826508978828
Br1857	-0.0131678	-0.00374321	-0.0043886	-0.00194025	0.00158562	9.7	0.0288783477596716	0.965089	0.0	0.0	0.0	-2.458397668924194	0.6438975913918596	0.8927694126510595	-0.544331172195813	-0.4370855206666728	-1.091743032727721	0.6827729454967895	-1.3728920338899469	0.4099677431733613	1.044502866284713	-0.6481740444795866	0.05079134008952664	0.993401972873905	0.6993835734730548	0.5873509826297956	0.20136053332365336	0.2232418879408012	-0.4720935145089379	0.22715677559436181	0.1728137786344129	-0.15436832208887824	0.46901418268561285	0.9572952376097807	0.009175929802230693	1.5575309669309414	-1.5006650431375759	0.06694167494556162	-0.23458387013140378	1.2859768913689904	0.65486904595717
Br1039	0.0286352	-0.0031289	-0.00242607	-0.00499283	-0.00116361	8.5	0.0128315737547066	0.971714	0.0	0.0	0.0	-1.306670522785679	1.5011994480376658	-1.129099344675419	2.2361507223815718	-1.5846947882935636	0.6684156188175903	0.6239905165598577	0.2385156062756067	0.6128185727576148	-0.6352479236699208	-1.23768224017131	0.016437519857384446	0.232246931162496	0.0044716549801690425	0.663688641796881	1.0798168805158719	0.6499408994139041	-0.7021096029554352	1.4597558278612752	-0.7947362193992679	0.3888526472208871	-0.18384905601973564	-0.3849749692630334	0.08253445196320731	-1.9184520284178637	-0.6235252630071682	-0.022551817851179826	1.0738405396341355	-1.6455213551348338	-0.8084125917039126
Br1265	0.0399431	-0.00290966	-0.00286284	0.00554977	-0.0061491	8.2	0.0150115079198561	0.965763	1.0	0.0	1.0	-1.6562799603153782	0.855863225492795	-0.9690549610659777	0.5477668371351451	-2.3013412418004178	-0.9401374735908344	1.9864337344379708	0.5780527108797449	0.03811574368967607	-0.561091171847897	-1.1615375121140072	0.39969621508153974	0.6272608980550182	-0.06561375028816283	0.544942632603005	-0.47501932650852013	-0.034429711941540604	-0.5239944644596399	-0.7077501013172411	0.1366227143639759	-0.6244167847961176	1.0429435340257205	0.45282944669639535	-0.8634531497348931	0.2602409984073753	-0.676752444584746	-0.21871431810537717	-0.23967324190383635	0.22518276009043234	-1.663460546096228
Br1442	0.0399204	-0.00540506	1.83979e-05	-0.00674509	-0.00575595	9.0	0.0128088769079017	0.968923	1.0	0.0	0.0	0.880624582943344	1.2024628309373295	1.0012469515126108	1.0242692521752994	1.3752233060184398	-2.687581990857435	-1.6950514790801887	-1.2650130870034135	-2.1121400392723633	-2.2106485260434554	-0.9271276046530076	-1.4250399848463593	-0.5778156420057512	-0.6919903038579048	-0.365427163287091	0.33370035079241683	-2.0182116265050536	-1.8808367600125646	0.028283300829946897	0.6995603372852858	-1.1202509600566863	1.4460863189818742	-0.16386567685886455	0.36259969696753575	3.5519587321952586	-2.1791379246512106	0.18725716675161358	-2.1076369702068214	0.6348467003599827	2.258026779489601
Br1881	-0.0124555	-0.00320674	0.000851355	-3.46247e-05	0.00468485	9.6	0.021755518600421	0.956443	1.0	0.0	0.0	1.5256427218654827	-1.1108764494557046	1.1234287774520186	0.4131920112697746	0.11108819446617095	-0.2250993435144888	-1.3555559984926053	-0.9163610645128624	0.5564441147752694	1.0575803509779376	0.5422946525602658	-0.4748517054494131	2.27183949406223	0.8505947810925025	2.74515017776164	1.2383033150283849	0.05278852084456819	-0.8231098906432188	-0.12263597369239078	-0.1247318642346545	0.5694922132513222	-0.3901170706981206	1.702546618524603	0.8986067332744082	-0.12710221540453143	-1.1591795388380564	0.4713344453102418	-1.0890839998286443	0.18749840844501386	0.99465225570341
Br1427	-0.007608	-0.00189126	0.0153271	-0.0046639	-0.00892505	9.0	0.0130582233372547	0.951226	1.0	0.0	1.0	0.6286352630435327	0.05894377987593808	-0.3547584084273833	-0.014915895843912813	0.5394784226284828	-0.2056733588500205	0.09533942764778063	0.38630239438371805	0.9251996647119267	-0.028985104633249322	-1.2368464574313285	0.22339836236875502	1.3419444463147099	-1.4118558743004825	-0.21496138569138679	0.5949275803490562	-0.9042632702028082	0.230177010927473	0.02922901022771825	0.7468431138071682	-1.1787526311317151	-1.0695541716436772	0.5314411889868669	-0.20676064824066687	-0.16981934271506666	-1.4363053095724598	0.0801592178108011	0.17141808030095876	-0.31370799538573424	-0.3967692462738338
Br1670	-0.0125521	-0.00528117	0.00144704	-0.00115811	-0.000475213	8.8	0.0273686549234629	0.978772	0.0	0.0	0.0	-0.10514534375170068	-0.975910041278485	0.704256298284486	-0.6860899282523482	-0.008630838394426488	-1.378702152145182	0.1026182205589272	0.5958222206335325	-0.43763624990189653	-0.6000152606561838	-0.7719398634648632	-0.917551591052327	1.1352112853000993	1.518403566047675	1.582695873714251	1.0349113141744835	1.3810688884246272	0.4928419286523689	0.8786670925234367	-0.9938899270267509	0.36367114984405124	0.49478708205456956	0.7282117249396096	1.0527116615616559	-0.4009891070079496	0.6191894005088471	-0.8253297788415976	-0.3770442609193587	0.0171867775644494	0.4111672755948139
Br1860	-0.0129448	-0.00335148	-0.00375437	-0.000987302	0.00248177	9.0	0.0210596929078498	0.959329	1.0	0.0	0.0	-0.10391448883238505	-1.719362232306321	0.8214132023861663	0.8824814331412013	0.7628574657697774	1.0581136385773526	-0.9900276956423494	-1.7982916968626053	0.17969564948098024	0.426095017872435	-0.6955401573380593	-0.03309424312293714	2.0469392354668914	0.11084115538859718	1.7268268108839084	-0.02039404984343668	-0.707308515413842	0.07171097302931471	0.6418232177012122	1.208370229010968	0.7209533194735556	0.16018264754734524	1.066571106280322	-0.8623081147978325	-1.2983709789351243	-1.2415754934205614	1.4620997511841063	0.9016475382674182	-0.2892804270515563	1.8671072561281419
Br1283	0.0424423	-0.00240387	-0.000199076	0.00126626	-0.00181694	9.1	0.0246089201243833	0.969562	1.0	0.0	1.0	-1.2816722794040822	-0.49458183146622436	0.30394415963785704	0.2263131627528667	0.0781678990610535	-0.1326067843233427	0.20257848602805553	-0.6597675448110649	-0.026935129974354162	0.6907099742457997	0.5852604052546788	0.22148406617936342	1.1990825211646337	-0.1899242109981408	0.877321690552254	0.989552179338014	0.22689534638048997	-0.5454195792592079	-0.36952110372461977	-1.4259232651636096	0.08480908981669825	1.1741766700610679	-0.17841824721798102	-0.7523507715949084	-1.713018836171838	-1.3188031948639611	-0.5333222313646302	-0.6445542540857692	-0.8297486370087733	1.325109037388438
Br1292	0.0291897	-0.0047774	-0.00376608	-0.000744312	0.00277393	8.8	0.0205740000130907	0.953954	1.0	0.0	0.0	0.4469202259517548	-0.7142171708273537	1.129256284955713	0.11415640376674005	0.8073187430573188	0.6324873576228536	-0.20100775989017838	0.0825739327578323	0.4247226716160268	0.21495902088567104	0.36164707543158187	-0.15028536385637734	0.7854072649096653	1.659783330836354	0.022853739661913588	0.40708283999135375	0.21299584483071093	-0.246369036029327	-0.9142144735892448	0.25391245452192696	1.5448620388483731	-0.19856891248948288	1.1262181954486676	0.021001952363062903	-0.5624900362235005	0.33451873102715346	0.14245543476660016	-1.9354489758665094	1.4513398088767653	2.121952127441444
Br1050	0.0404394	-0.00552665	0.00390104	-0.00132048	0.00367017	8.8	0.0215679873980592	0.964505	1.0	0.0	1.0	-3.3750705479208576	0.25567137335956996	-0.5445903963678196	-0.12059090718555843	-1.106107542372762	0.045563443256126164	0.6869178819188153	-1.326140439342817	-0.14849216838489987	0.05799559112400408	-0.786623553563833	0.5145625044289982	-0.1271183358512706	-1.1930288988181292	-0.7364270460489858	0.47469925943822533	0.00592716584417042	-1.7933043676288292	0.5471985265384812	-0.37062757527695145	0.3919702299663334	0.07314119490205616	1.9611826547514812	-1.0010575918700741	-0.8945145758455487	-0.7351434203086264	-0.5381533364711965	-0.684832404398153	0.638261430529982	0.5643270473759614
Br1339	-0.012749	-0.0045938	-0.001595	0.00172525	-0.000531346	7.4	0.009815609402133	0.957216	0.0	0.0	1.0	-1.3157548322649435	-0.8986485322992328	-1.9058536736449367	-0.3737480918616029	-2.722362884802949	2.2462306905582636	-0.22986084380222563	0.6071018814043326	-0.6267537951332038	-1.2578880173716678	0.7320372097271335	-0.11917370558053743	0.8362394032340832	-0.0032375578001275266	0.4452663407080681	2.45311803828862	2.117519040794979	-1.4807876487057083	1.978177377480509	-2.607351233648585	-1.6589944501368508	1.796132016438136	-0.36921988104409625	-2.1013285166727336	1.6014368846184288	2.872020599347357	-1.3985590226686402	-1.13385584026393	-0.6533258282801698	1.375713586642322
Br1416	-0.0125124	0.00211247	-0.00395899	0.00895605	-0.00034628	8.8	0.0199530655065122	0.969907	1.0	0.0	1.0	-0.5826940806360119	-0.23548931621178526	-0.6118948314698202	0.4614953535074694	-0.3518039971276488	-0.8506058911415328	0.33466383999027327	0.6169998430522479	0.16535406270169234	-0.04901553758362621	-0.5901694368577427	-0.01149642234335958	0.7603688976006024	-0.35894378418731104	0.3185486000468047	0.6179174760088387	0.8694113543406616	0.6776170698355474	0.9683753540339545	-0.9174783275743873	-0.730611139245559	0.5759026071647939	1.1229853430280283	-0.21063412652775018	-0.9617979100726889	0.7992284871622155	-0.751133124616149	0.28491390964982294	-1.587707254913738	-1.549031842690765
Br1463	-0.0123956	-0.00228425	0.00192409	0.00349867	-0.00253114	8.7	0.0269219261535954	0.971752	1.0	0.0	0.0	-2.03642876261677	1.3576314370677407	0.5715779303625951	0.3887647354328938	-0.009363680540455976	0.01830998011412668	0.7258868358040536	0.8129103997332189	0.457194372586502	0.2508704465701124	-0.32250006463389363	0.13666436465006152	-0.5560620030222352	-1.1158535291236773	-0.21455347284365317	0.26919384703842886	-0.6062201979059408	-0.00837438766957711	-0.7277629742243689	0.0415720101265747	0.2672206476748155	1.1585606655768055	-0.6915289167012575	-0.8094485945892003	-0.2438656751758621	-0.7200452701151587	-0.020344316545842508	0.9460638943149329	-0.6557869699850755	-0.9707735699358733
Br1840	0.0337095	-0.00202595	-2.2324e-05	-0.000322628	0.00212055	7.9	0.0078306963260883	0.971697	1.0	0.0	1.0	-0.594338033143983	0.6698100798465554	-0.35904595443840664	-1.0450456316008985	0.77173926913668	0.27956254223872273	0.08033551771738588	-0.5806973096396206	0.3940121751842657	0.6263614710437764	-0.5520607386055393	1.0286464574746605	0.7550984558573463	0.42460202739426645	0.9317591708556437	0.5912301936155236	1.3402652464686335	0.5760261382428057	-0.9209844144171851	-0.4897782092271208	-0.9859712324008011	0.5667894717592132	0.2699323670459893	-0.4234116647172667	-0.717877755401836	1.0697570150280074	0.14328044010055524	0.7746199974290621	-0.3999318400955388	1.0056503538387473
Br1016	-0.0125518	-0.00417527	0.00415725	-0.00217898	0.00124374	8.3	0.0256421855557949	0.957028	1.0	0.0	1.0	-0.10588229787404668	0.5153665077441922	0.12183079174786866	-0.12302502866463465	0.8855762116672016	0.14589197121417227	-0.5657635541831816	1.3961463578941595	-1.0071345113233658	-1.9493118714227022	-1.2765624860525593	-1.240596314376709	0.08332188739001527	-0.20226256535432532	0.8984580309269128	0.8750433767623709	-0.5435230912170382	1.6482062174424228	1.7297978516102361	0.05084425763761105	-3.4156533167341765	-2.282520611300256	-0.5991778152778169	1.1473973192173368	2.329842433489786	0.7006252712698318	0.3465727369456256	4.468921724212874	-0.13150603751054032	2.1413248502984312
Br1761	-0.013433	-0.00650389	-0.00201317	-0.00314494	-0.000292958	8.8	0.0297356449377657	0.969274	1.0	0.0	0.0	-1.5527902531667348	0.03177703377295961	0.353231047640679	0.07164876476341127	-1.4537578057115486	-0.08605476454095891	0.6952632462092924	0.22443200726578988	-1.4644325404789333	-0.21540296310808874	1.233620633931817	-0.433021529583628	0.5134068797949302	-0.5672194545147324	1.84636623351911	-0.46987154951576615	0.7027126026807291	-0.4148943862380194	0.1973541955159701	-1.1012262622361713	-0.7410688894253725	0.8325354230891967	-0.526117476276523	1.2858310890685187	-0.8398760408318884	-2.588535636202452	0.6758193072693801	1.2280741435921645	-0.2520990094783045	-1.0500702361227354
Br1250	0.022614	-0.00381484	-0.00508967	0.00277493	-0.00334655	8.7	0.0200714957399123	0.977924	1.0	0.0	0.0	-1.2806333336871527	0.07303778209446259	-0.4093819173381951	-0.09446526400374924	0.3540090138348784	-0.20226934633290242	-1.2315595585472325	0.31478527113348853	0.125148476558988	-0.3304602880740921	-1.0930639471119583	-0.5214112991658274	0.31497146652754676	0.28740303509380155	0.11114272902521688	0.18960126566537316	1.0879152840005368	0.6355183368921277	0.9971434399331645	0.0049675577298885715	0.05883602907558089	0.15842095207244491	0.3333791971733546	0.8791849060657029	-0.6592480506640671	-0.583150764627324	-0.9181914859709589	0.4250642941131894	-0.4537739359059723	0.006945963475838741
Br1058	-0.00226335	0.0481127	0.0042812	0.118341	-0.00985417	8.8	0.016276280701661	0.960364	1.0	0.0	0.0	0.7721630642367474	-0.0221967033848101	0.11588493005876502	0.15864816575996005	-0.4911236490503303	1.0774293853289778	-0.684784625038758	0.754047307508149	1.322058926972652	-0.28860713380939146	-0.22941688886746908	0.6653842512638877	0.9157073181961576	0.7228633862304485	0.22600322013579804	-0.11125803076878972	-0.8982784413750117	1.3563912571075687	0.4022417395471818	-0.3649172465441455	-0.22356925160096366	-1.1264600437659533	-0.10453885752350624	0.7122964079004647	0.7126827318816954	0.8574220112609877	0.6543903081687688	-0.10511646273175515	-0.47587322697719675	0.514507466717791
Br1410	0.0381464	-0.00292126	0.00208757	0.0023768	0.000172019	8.4	0.0164868952538113	0.95779	1.0	0.0	0.0	-0.037923369141875864	0.2541828534134585	0.379220996255971	-0.8013494435507059	0.7337054111520395	-0.10199898193466751	0.4224918735825439	-0.042054085966528654	0.9887610414049879	0.9308902361584168	-1.820543915463926	-0.09623068930674401	0.3819052412489101	-0.2699125922854831	-0.3734110550973251	0.4186791654503764	0.4118074533038948	-1.0472685781731887	0.4280031288271606	1.6887097516183054	1.637240396710749	0.9540610894779077	0.5920743097060019	0.21615996622783934	-0.3356351612153971	-0.3804786448684093	-0.42866972094147243	-0.019546393567162302	0.24157556597698115	0.16057956277419877
Br1107	0.00249628	0.145982	-0.00751676	-0.0611601	0.00571738	8.6	0.0176471563168211	0.967633	0.0	0.0	0.0	-2.592430529856884	1.7568317351090033	0.34788606444933395	-0.6918688622824528	-0.735634821018783	-0.9132544361185237	1.3186961250128004	-0.19839266697534236	-0.14940111994964875	-0.052562482747102	-1.0210434893193607	0.6459896155282941	-0.5607034069134883	-1.326552938889126	-0.29588185771159914	-0.790995577710909	-0.3469065843475781	-1.5831360804193484	-1.0665985402595377	-0.026491086346181487	-0.7025950371499139	-0.7688414005445157	1.0768657457279867	-0.6691173412478034	1.8688185314362205	-0.3795689156686444	0.5295775218145231	-0.46794255209949204	0.17397968141665	0.00810855254338537
Br1453	-0.00740694	0.013756	-0.00098374	0.0386823	-0.00448538	7.2	0.0151964137891742	0.98067	0.0	0.0	1.0	-2.475661096915616	0.07460146945502792	4.055863533172637	-0.8919794721172898	-1.3186166879855992	0.5971850736566937	0.8478171756544035	-0.2223820280904543	-0.09903958990457365	0.554247086988349	-0.762159245315228	-1.940488949642191	-0.8695110718300975	1.437151408575567	-0.02535672176765649	1.125087391671728	-3.5700304829940097	-0.6467237627139656	-0.4149468862713012	-0.3360534251970611	-2.077280500128532	-0.11898062849490537	0.6246244679881422	-1.282606176411799	-0.4967058777392039	0.8585461054474847	0.2561622154530331	-0.3978372338186738	0.6533719284870818	1.522917069282016
Br1538	0.040311	-0.00668206	-0.000153223	-0.00122213	-0.00380165	8.7	0.0165372292090205	0.977875	0.0	0.0	1.0	0.17346058361250122	-0.042480552585128804	-0.8431273732466954	-0.07499133759391198	0.24127397732588474	-1.7537634442842178	1.2526134991483249	0.7498768490804026	0.2533172594370053	0.5494247639878197	-1.150950223690772	-1.0847340299094408	1.5022376934482868	-0.14790795323964118	0.3348677722753071	-1.0091107548031395	-1.9101389739393804	-0.22388044078417108	-0.6476360029780168	-0.2854989742903063	0.7547553393551815	1.3071801026577325	0.2593786941296113	0.7250345224490424	-0.21911052814463255	1.54598090027171	-0.6874614054025444	0.5716439482323994	-1.3716948756829328	-0.8872751697710038
Br1848	-0.0120275	-0.00477292	-0.00214409	0.000921899	-0.00306623	8.5	0.0130404322008513	0.97395	1.0	0.0	0.0	-0.3163582666828626	0.939916208368049	2.1037930940206713	-0.25439496070627127	-0.1354084886841	0.5991159614270773	0.09643937201604148	0.2776837684156612	0.663613605701506	0.4303496602953055	-1.5958010997821521	-1.369812833891215	0.45764052901237745	2.648015454467315	0.12924112712065366	1.1083913511206702	-1.7124634690174945	0.6489085142295905	-0.804684068540194	-0.6444375555074963	-0.16143441395365693	-1.157101249043811	-1.986001083599391	0.36421274716836377	0.8160760625445822	-0.7885605299213531	-0.8381551365907207	2.4612650600136194	1.230644621837179	-0.05368000637264936
Br0922	-0.0123636	-0.00202301	-0.00326789	-0.00229064	0.00280779	8.0	0.0080766536644319	0.973094	1.0	0.0	0.0	1.0792777101283355	-1.3269732122259126	0.41992941557669816	-1.0299864032100543	0.3570577616756358	-1.7782566902017052	0.619660088820562	0.8149889573918284	-0.3003995259284618	0.5473279950202844	-0.7485209373316812	-0.7069680932858909	2.1143819332856295	-1.5785815428485594	1.8074272235785918	0.040786168686260046	4.134271464910888	-0.661156119530672	-2.628089868480823	-0.8295938981759785	-1.0323459140293967	-1.1658351313020043	-3.548753032646212	-1.8304674518527588	-1.6387164671299201	0.9617332395047791	-1.716122139953728	-1.1583564481198587	0.5143666149416066	2.0545856107564076
Br1179	0.0384289	-0.00241466	0.0181107	0.078911	0.348883	8.1	0.0168739592199228	0.963792	0.0	0.0	0.0	-0.17270590149975915	0.5127329288046627	0.6421600605789016	-0.21057140457980883	0.16510361295034065	-1.4318038123497014	-1.126745145677364	0.6186472363667954	-0.500640974742921	-0.964442241326036	-0.20695902655443305	-1.0323651059851122	-1.0502505486149223	-1.3481160015352192	-0.4386690223374058	-1.328196180603109	-0.8015379691157343	0.8301502193034159	-0.4248889986421214	-1.200550041270361	0.05261903389149248	1.250094942093078	0.1661897289255827	-0.517130166833183	-0.20361615750731885	0.5901950673296553	-0.2773717307910943	-0.3352798932133135	0.9051239532918226	0.819960691110881
Br1298	0.0330959	-0.00452452	0.00134591	-0.00109509	0.00130763	8.3	0.0132547262341603	0.964407	1.0	0.0	1.0	1.0353008794386525	-0.43323658997420156	-0.2698646122195647	0.18130529562844516	-0.15752792683478462	0.10302749667444913	0.6426522394223051	0.6606406197110725	0.11550560562694887	-0.9199453345602133	-1.3529916774640032	-0.5088583140153246	0.5615230502820113	-1.1616887629657342	0.834880615020194	1.7668233224922951	0.2196309095617621	-1.0897458700047642	1.7305158065106916	0.9079432281733352	0.3388196354906941	0.2735638140076014	-1.3443942811481178	1.5876613791524576	-0.39895050990883135	0.8002431426945685	0.19694658896507292	-0.12164946985705903	-0.3469192709967188	0.17467134210118654
Br1340	0.0337791	-0.00216496	-0.00315972	0.00300769	-0.0107748	9.6	0.0153889540723244	0.979798	0.0	0.0	0.0	1.2862027296060206	0.23793900939195417	-0.13638919154863868	1.3921562803271008	-0.6521045044267819	-0.6915917184655169	-0.19781140351513474	1.3453043268097324	0.5374519103847345	-0.9395487093828823	-0.14533165940417203	-0.4540884665911442	0.41643544631104257	0.5254345051503786	1.0543641706993798	1.002730971395878	-1.3453744251027533	1.0251006753508203	-0.1513090645862818	2.187944113506969	1.1433052445534617	-0.3982262935601857	-1.305827027978823	-0.15049941290387905	-0.3315810147932267	0.2822141096168437	0.6155211581935021	0.3473453113823557	-0.2767307448574737	-0.05997151159702218
Br1351	-0.012317	-0.00386084	0.00166108	-0.00481321	-0.00227865	8.7	0.0121925585424846	0.956713	1.0	0.0	0.0	1.0278643302715063	1.4749985101706442	-0.11091304052351604	0.286238916710986	0.8882552286196238	-2.522465913938723	-1.9980440467709355	-0.6886312761270493	-0.6468559662895881	-0.12241153672187682	0.4483298942659009	0.011428032957410262	-1.8485852887300867	-0.9342486207496765	2.2230867735387063	-0.201752523183865	-0.12126696546262822	0.004771370792830084	-1.2142410267797916	-1.6077248558245505	-1.173855779715345	0.8691155697170289	-1.0503388146081054	0.7390244105590907	0.6029107967879508	0.04435613926639531	-0.42790217717625295	0.5689435721311559	-0.24610440843498232	-1.2102459907400165
Br1644	0.0371657	-0.00433912	-0.00247109	-0.00133012	-0.00683675	7.9	0.0126403464072515	0.950524	1.0	0.0	0.0	0.74115885100212	0.20109699573285977	1.2380837419753385	-0.5428652664401331	0.010137893321959598	-0.06128853471861558	0.9870978048374086	1.0186105608968188	0.5459924655192312	0.11838913727385182	-1.3438140433235177	-0.7727180126507482	2.031698190827291	-1.47935882450721	0.8253386907413969	-1.5974490953209426	1.568923012671188	0.11966827453345008	-0.7142388020027426	-0.6023443825745166	0.7026559255850441	0.4835739197321624	-1.1087617645271746	0.06719540690068965	0.46659841266369106	-1.723242112825777	-0.4923240927482455	-0.3971684858160738	-0.4397325592173153	-0.693706746021146
Br1700	0.0127627	-0.0041972	-0.00262394	0.00123526	-0.000202821	8.8	0.0148857208824341	0.948908	1.0	0.0	1.0	0.4839223130318948	1.3720416429868045	-0.551596052532315	-0.3330524351544228	-1.8904410826655367	1.2055087400406967	0.41050004853508837	0.41410801347112264	-0.12776395312384328	-0.6953642438392287	0.5997252563777012	-0.4774896809180701	0.8106222065087157	-0.426580800882237	0.3175512981430352	-0.5808020583043381	-0.9045670415145796	1.0408708428939302	-3.0936596273416233	-1.6448025971742855	3.8213969834951085	-3.9884051528679	2.701929379681089	-0.3138751203077721	0.9805816048442922	-1.6534896692773888	2.03420269087584	-2.411276544277665	-1.4185280574514887	1.0611890601385638
Br1738	-0.0127714	-0.00497331	-0.00389118	-0.00121183	0.00170123	7.6	0.0078610969080527	0.975582	1.0	0.0	1.0	-0.10266949272686698	0.7097791929225193	3.5716765035799365	-1.0711760332555145	-1.9194272378270603	1.1073489840699664	-0.0022592913984129906	0.7159467788653227	-0.09203809389275161	1.2030011223671948	0.5874517591784414	-2.120340616587809	0.5630310497598637	1.7694710190505425	0.3447554445699316	0.6620834036276844	-3.0614498919230226	-2.684571339137699	-0.8741521346695525	-1.8924776493910827	-0.8353135460556556	-1.0064681400289377	0.0748946292633861	-0.1741503451176154	-2.6345682865919953	0.5915100088332264	-1.0000442042117488	0.7582204422382087	0.4316786781671401	-0.47441677271638905
Br1610	-0.00518456	0.0719299	-0.00388294	-0.0339279	0.00365933	8.3	0.0200502256429457	0.972335	1.0	0.0	1.0	-1.5627321922787654	-1.1642247976614564	0.3224721530808674	-0.511589224523414	-0.31150285687482465	-0.3600341735881825	-0.21219461309156293	-0.40640375115167554	-0.05581052923576924	-1.371061791294758	-2.0230599412758736	-0.16800783615073744	0.3168318813776632	1.512917276460161	-1.2782384491067078	0.10658067036232446	1.205240531395212	0.9944195617540025	0.6898893062378507	-0.8919409779740715	-0.5732077880640922	1.0886984693689297	1.0036970127125402	0.1669149113485455	0.7730413198261782	0.6278677809843867	-0.5306117626659284	-0.6850431389493248	0.9146206833877749	0.020291158203765963
Br1856	-0.0130714	-0.00501039	-0.00469781	-0.00165963	0.000918115	9.1	0.0074978305189819	0.973967	0.0	0.0	0.0	-0.7002329345971133	-0.5246449515581295	-0.028824780994369352	0.20403458420949708	0.25521170998287973	-0.8911733273641801	-0.44110512675301194	-0.44921039586979566	1.4759998550112172	0.5541043192743129	-2.729853398303418	0.6323418461845052	1.0479129185280887	0.36550695153293933	-2.1285942142673435	-0.18800654282003804	0.5979506195916747	0.7722032874369525	0.22003700770237097	0.9964472897547005	0.780637268534491	-0.12223190572791577	-1.1468676976201437	-1.052927028522718	0.18790004436945065	0.9979167980160237	0.3828514491663987	1.5398798732952315	1.0874431678060215	-1.2721782156933836
Br1865	-0.0126572	-0.00619144	-0.000423656	-0.00305159	0.00430117	8.9	0.0204528675305609	0.955449	0.0	0.0	0.0	-0.5712033758736408	2.6379564126861577	-1.5657960569703402	3.2590636000509217	-2.3847230702396334	0.7784768256668979	1.2052440469610215	0.6531739994492599	0.829074803688247	-0.4033297530850334	-0.2831394560200238	0.4237425758135323	-0.648314728748583	0.8756912133476114	1.1871534997021507	-0.8968561131270876	0.30376763434937454	-0.2271488508994244	-1.6433489317595222	1.4174639060389256	-0.024285878691460056	-1.2192418899189652	0.2425890276248765	-0.1573623381067002	-0.5630013750559839	-2.0414840595984245	-0.3754982999837161	0.15360309862466587	1.1520892409929844	0.2591828653945508
Br1941	0.0275089	-0.00471304	-0.000372367	-0.00470571	-0.00160597	8.8	0.0144796116237715	0.962397	1.0	0.0	1.0	0.06264372137015847	0.2272340299113992	-0.9762235073104001	-0.8081129514677522	-0.5339662835546953	2.2092846445508485	-1.809598291736396	1.2827013083044416	0.5835051072414448	-1.1046902323792382	-0.07529278722731492	-0.5703766704213891	1.6158779946352118	-0.32217357195218227	-2.6479849993695668	-1.157331524383894	1.2784575797994615	-1.7041282566343705	-1.0142069426534583	1.5173492866996432	0.2503638804144067	1.7192576531361112	-1.684119782936683	-1.595653230339918	0.27461115079103093	0.4735362864653213	0.40980117794683335	1.8042830654028	1.1599105516096755	-0.2950842702100494
Br1980	-0.0121822	-0.00434406	0.000837917	4.02143e-05	-0.00113293	8.3	0.0198761027558167	0.977377	1.0	0.0	0.0	-1.4181793525790305	1.0394629242845537	-0.4068310423514883	-0.34588686388467343	-0.011660884005967839	-0.17249961076037842	-0.053143629579723774	0.8971282848866622	0.17311928973600335	-0.2559842545401317	-1.5020046195718315	-0.7395189853610777	0.47140989581421827	-0.08292242102851922	-0.9297965360347233	-0.5025848594498514	0.5899355864049075	0.25562040843283745	0.7549029082673585	-0.34103847124273584	-0.11620567943472127	0.6616402083943507	-0.1296915000524492	0.7015665400081993	-0.5999438657737489	0.17690074141437126	-0.4469302208003227	0.7573821285476666	-0.4765894158950785	-1.1519748024638612
Br1320	0.0375983	-0.00521579	-0.00194832	-0.004587	-0.00336603	9.4	0.0143467956236496	0.956163	1.0	0.0	1.0	1.597084624786797	0.8169600268817965	0.6542178769561962	0.2771602709343509	0.010648551550405613	-0.7760119099239704	-2.6593648638317706	-0.14124679393579442	-0.35472388203044636	-2.409792410904437	-0.5058638153904006	-0.07447332846377332	-2.028801369242388	-2.049848968524394	-0.3454888515876583	-1.7244094297769972	-0.9967507360807061	1.8192268741818747	-1.0650172951594736	-3.2106938372484435	-0.72530572438002	2.226314290278034	-0.609613528187989	0.36752170053587513	-1.8436603488566905	1.1281633437296203	-0.05674152583867165	-0.15740389055096812	1.0834013349040204	-0.14331780203568506
Br1326	0.0408517	-0.00506262	0.00244566	-0.00207013	0.00338246	6.7	0.0121837800408489	0.972869	1.0	0.0	1.0	0.2400398171666991	1.3077530199798266	0.2276077833973542	-1.220184132152978	-0.31973067463280735	-1.609688269431756	-1.793099374603929	-0.04873540890074168	-0.05433345299396788	-0.020596754018528736	0.9079222085653962	0.9591181405904668	-0.8588339274925906	0.4594102455282453	1.0855415679405649	-0.8370776822856761	2.447576898385547	-0.5965395925463399	-0.10625690065701388	1.1717191546653694	0.12941168926874647	-1.9239763142835289	-1.6383001613323658	-2.02329076888403	-0.14159648981018896	1.0445694339573104	2.9101299318577434	0.6518246027672869	0.878318128570988	2.1697312844279497
Br1418	0.0317977	-0.00142702	-0.00321558	-0.0017113	-0.0099898	8.0	0.0130711365229745	0.979906	1.0	0.0	1.0	-0.46216267020368046	1.598518294331395	2.8668589587818136	-0.06313244643272176	-1.1543960952352397	-0.32675660850201405	-0.7653994300828363	0.8139139689759385	0.3215964887995118	0.35422023435190114	0.19125106834569056	-0.19025231270603987	-0.8324618074569304	-0.37528441063966106	0.5925393014113314	1.630612314860843	3.665262549024015	2.1720011827205563	-0.3021069702701851	1.6606268160565325	-1.4545576961325397	1.4928808008448768	1.660721969933481	1.0219927654994845	-0.5216657020979018	1.7122354520680472	0.8834571456087724	0.18478106795118981	1.7074665163902676	-1.8278717783535139
Br1469	-0.0128126	-0.00471443	-0.00780608	-0.00146483	0.00024293	8.8	0.0154615038670664	0.975204	1.0	0.0	0.0	-0.21027701522986572	1.040869539122357	-0.8751559430812296	1.2492130220302313	-1.2505919344208016	0.1813455882868774	0.4775479474020552	0.7411164336387944	0.6009389758454563	-0.5259874470110233	-0.7988709285769877	0.10633491425672988	-0.07804345982085721	0.7613112128392577	0.10338070870633659	1.0722180212979209	-0.36596569432019715	0.9906627361667809	0.0373981872024221	1.1624675557021409	1.071282618082286	0.022237899230594983	0.2522594299436325	-0.425296028688591	0.04792771446179937	1.1928045688899416	-0.18802347127246763	-0.5160644678599514	-0.2189092780936219	-0.7921895632564114
Br1721	0.0404063	-0.00251321	0.00160326	0.00275646	-0.0071647	5.9	0.0120566748166886	0.956313	1.0	0.0	1.0	-0.6941611318590328	-1.056462534964023	-1.0594605004170474	0.6347830662950704	1.1945416451622322	1.638352155596444	0.7830810447070429	0.5473927546138287	0.27255882996169106	-0.04174149223057424	0.16033507204689962	-0.06772392635695598	-2.8611579476857933	-0.14955146118615753	-0.7850418275449964	-1.2138102201804102	0.9100796165415229	0.6059176884105761	-1.7360553228854099	-0.31628631953606234	1.4467549192717455	-0.8682804256691872	-2.188524097092492	-3.1909290496907974	-1.2884436048763757	0.9224612403613754	0.32501053249804807	-0.9990313771084902	0.04038331393841519	-0.12142407679236553
Br1187	0.0312803	-0.00177936	0.00126192	-0.00132939	0.0042332	8.0	0.0155650506403489	0.971096	0.0	0.0	0.0	-0.7102304522209286	-0.8967394866097353	0.014182632468820114	-0.6228003352619188	1.0795302078688986	0.5027726778674796	-0.19488874916054633	-0.22868442290914243	0.2632140994060602	-0.529593868805178	-1.9516124925050837	-0.47647700645501634	-0.7278855766985229	0.2686244691011224	-0.7839291227738799	-0.4116370470075003	1.393280552147654	1.0143943675564975	-0.519599951067882	0.9048719964643722	2.1359176887896285	-0.5195834636544907	-1.1169587998114732	0.49897473361086175	-0.3613650505203405	0.3816797373553602	-0.48418020784903665	-0.7302251852448849	0.9000016585768659	-0.15834285756354935
Br1553	-0.0125814	-0.00504866	-0.00262038	-0.00126589	0.00150892	5.0	0.0164369162787969	0.95953	0.0	0.0	0.0	-0.7109596076604688	0.07458971052712222	-0.11216458331628058	0.14782164081881582	0.5952963837805483	0.5258654387917107	-1.3770941185442973	-0.15094026229815033	0.2640493960536539	-0.3202313981957774	-1.0185261137083377	0.19473723436503954	-0.06895956413451197	1.98188514329598	1.409916941086285	0.1312654868877333	0.457112600023849	0.8338788931264326	0.14488939437151863	-0.7876772902185076	-0.7540364429248421	-2.469203946350439	-1.4209874588725984	-1.1739531167966413	-0.2618078852923811	0.22281485573845533	0.954135950446165	0.7452539883272745	0.7157406086439341	-1.4119583060575
Br1331	-0.00251116	0.0705233	0.00655787	0.236902	-0.0178951	8.3	0.0194311369413541	0.959095	1.0	0.0	0.0	-0.9383571103961204	-0.8383185644571985	0.10524355144079835	-0.5201886613304331	-0.2191348901678981	-0.35078156725117826	0.0118928137473607	1.144925296784292	1.4224950079055225	0.5658865333867672	-0.25469194127098754	1.125151435277168	-0.6404111698319066	0.6303795987405714	0.343800826708489	-1.4308862823581465	0.3789486222067129	-0.7123586674797328	0.04784510894053138	0.6700993155217512	0.5863893077481561	-1.748823025870925	0.7399983181030292	-0.5934150050814425	0.5654705091955128	1.1499312228210816	-1.219474621130769	0.06164382994524967	0.6067740080184322	0.36515789476205046
Br1412	-0.0124601	-0.00445132	-0.0021114	0.000438267	5.03588e-05	7.9	0.0183445839943455	0.972278	0.0	0.0	0.0	-0.13400873927090498	-0.6927492917324051	0.03251304147053405	-1.3658327228587528	-0.22642160844126943	0.162618919815518	-0.3189138593012855	0.42781970187672314	0.41659848616090145	-0.4058484399320427	-1.8179455975352705	-1.1419669380371416	-0.13604713220894385	2.6373246194740774	-1.2490808788482506	-1.4620915748690855	1.385221315014614	1.5238123396336218	0.1075962344763496	0.08452610447224272	0.0483733643702193	-0.8369740636558651	0.4193936336200166	1.6165737455840676	0.8658189751361186	1.0570219486735786	-0.3240198530672646	0.1273344619450784	-0.5988479104425403	0.08941745709674506
Br1657	0.0362148	-0.00388811	-0.00201141	0.00114226	-0.00358197	7.8	0.0129636246213215	0.938149	1.0	0.0	0.0	-0.7278960922692472	-0.019359176247090635	-0.521048166878076	-1.1008697261489473	0.2996547974338564	1.698365502695478	-0.21520125446801253	1.4746688052366297	0.4214730808536743	-0.7652038884160994	-0.42036140465641514	-0.0394899094648488	-0.045979939588589015	0.9248108854451296	-0.5018334282269385	-0.7670438029254535	-0.023648478692424396	0.9188128685124243	-0.6000793477470828	0.36183419305584635	0.18674300565539323	-1.994864685960776	0.5078852981475867	1.040690712910683	-0.39268122673640155	0.16484236061006705	-1.6923249018286255	0.0018479258912075787	1.2818938906633417	-0.0427223259287188
Br1517	0.0357259	-0.00445361	-0.000203604	-0.000901732	-0.00940327	7.0	0.014972411091218	0.95649	0.0	0.0	0.0	-0.7612404173956748	-0.5991210724190231	0.5884185899381598	-1.1386085260885925	1.2284276463181345	0.6824142596432773	0.44903101909740734	-0.5475816627997575	0.7293576516737459	0.03645041117388391	-2.3541619873966835	0.26025169922678754	-0.9355687665875574	0.031039727625715777	-0.5541252555913408	-0.4713689399293625	1.0508977630639775	-0.8666170196769986	-0.1699155720331387	0.13235100098641656	0.034134675168700876	0.3542445259474832	-0.1397688078865631	-0.008300952395547477	-0.36030476585145255	-0.6934117046700525	-0.5932141310619241	1.0930692228584638	-0.3422634999824746	-0.10397006567080831
Br1961	-0.0129926	-0.00497139	-0.00482549	-0.00365153	0.000144913	9.0	0.0152005444907471	0.975265	1.0	0.0	0.0	0.9723590733626492	-0.20006543153821021	0.1817233822687423	0.7538486735698525	0.08894838939196716	-1.030055553423029	-0.6320832285549105	-0.08307835759214197	0.7951657093625375	0.2613318064789521	-0.5131380557483607	0.4730827915358938	0.1403528360624618	1.739052119521271	-0.5637680226217866	0.17729667113305592	1.4063174590438787	0.6930552291467453	-0.030268754761975596	0.10047112966354699	-0.43103718665381974	-1.3448964939302683	-2.292871954420661	-1.1323594177541838	1.019871103471985	1.5653576687068347	-0.26826455407937627	0.4909334148941576	1.7039502892303688	1.1382293147908804
Br1968	0.0402608	-0.00474675	-0.00489124	0.00128058	-0.00244942	8.5	0.0208648920093374	0.971404	1.0	0.0	0.0	-1.3051583104491875	0.6819559849192154	0.518075271016713	-0.03048647378751076	-0.5329413883463298	0.006357265146394906	0.8214021610582001	0.31873315004390174	0.7002343222217581	-0.13203895196977866	-1.7374196428453124	-0.2950603853414356	0.46842141348247607	1.9434174199120584	-1.717969744881676	0.7607172102522337	0.7797002412591582	1.1774426912167266	0.16037027126010822	-1.3713360485870438	0.9271951750681836	1.0779514796129683	0.6266931180061814	-0.6291959095477688	0.3655072005785201	0.5668740230000835	-0.6636688496364197	1.1761405192944283	0.245273224069997	-1.1464094247761534
Br2192	-0.0128478	-0.00425638	-0.00821988	-0.00284296	0.00177446	8.2	0.0191079261992971	0.96996	0.0	0.0	1.0	-2.0862619057835965	0.640601293098042	0.8362769617365483	-0.4174216764435645	0.1551934604103871	0.20770727692250215	1.037669234872889	-0.20415539648004155	-0.1461071794684101	0.19212550318966223	-0.5860371613381247	0.6207956444524193	-0.021788477269529843	0.4472987027089262	0.4699694855197117	-0.675533676323651	1.461614799450959	0.34526970234791443	1.106839053067797	-1.2967591728452554	1.722024460735214	0.8187188895005222	0.19797968399099933	-0.07509612650400042	0.5704584822990613	-1.0683159535873707	-1.0460936866576804	-0.5254409498975168	-0.5783055095618413	-0.9271701532633077
Br2202	-0.0127851	-0.00257347	-0.00903649	-0.0018367	0.002384	9.0	0.0109634962959625	0.954141	1.0	0.0	0.0	-0.3508134980008033	2.753175850044148	-0.5854394963298776	0.06139491028650471	1.518069336059117	-0.7700133774600267	-0.09207759284555048	-1.2063530536422546	-1.694143187933202	-1.0645159949666407	-1.1877952665289553	-0.2852754473208757	0.2081660078175474	-0.5011994813396492	-0.8399087188993474	1.3106448421858665	-1.8389503008448704	0.1627024268701908	-0.234581327513646	0.4996261174477373	-0.7997853646524057	1.6019164462288906	0.03782526715938664	0.6828064830654718	3.150775533699991	-0.17832427107795049	-1.3896721599585955	-2.4481498008758713	-0.17072623055461916	1.6167022906277095
Br2097	-0.0126597	-0.00398931	-0.00320553	-0.00221104	-0.00123497	6.2	0.0158899848669018	0.971258	1.0	0.0	1.0	-2.4396409510865977	0.2760489757996293	-0.028726610930402515	-0.9840237718692498	-0.10770326583152455	-0.7210403138097996	0.7078139117278127	-0.9476394738911298	-0.7810330256763339	0.7355823147720902	-1.1153801337847955	-1.379117305505246	-0.7708011332744418	-0.2707714332495298	0.11193780959247134	-1.671882214825542	-0.007249940210013217	-0.7115616760418751	0.9730592778890618	-0.7854062310930513	0.24908756194889267	-0.4762204210057173	-1.5655516497037723	-2.2756979113216973	1.1703416963355584	-2.7739147438431755	0.2786668515544274	-2.3912456307291774	-3.2339320006551695	-0.19883855818596752
Br2094	-0.0132779	-0.00406405	-0.00379559	-0.000697168	0.00423259	6.7	0.02261020872337	0.974959	1.0	0.0	1.0	-0.4178431703171967	-1.5858000045566119	-0.23649880065822512	-0.40079066466324076	0.14594631208014677	-1.3232306173826782	1.5386257647101216	0.6290420518180349	-0.20317223011747296	-0.6536368503864469	-1.6287286099199454	-0.4536962544770828	-0.1279704913454592	-0.7785747243617384	-0.08438297373281982	0.031289233585314685	0.5024648148253584	-0.1711850376702865	-1.1822906776179363	-1.6869375786643144	0.22428759556703212	0.9893898337854197	0.6987990948965568	-0.5587973087641194	-0.9849348813560838	1.0956633544808105	-0.5695885040059527	1.24805413237609	0.5341350239900745	-0.7540837040844789
Br2096	0.00206842	0.144545	-0.00806421	-0.0486319	0.00620312	8.3	0.0070502962248574	0.975053	1.0	0.0	0.0	-1.2896041562710288	-0.031911752849508014	-0.5427879918139851	1.4726396673321023	0.06564965579535918	0.6741984200999341	-0.9492371926062279	-0.8607046103368347	-0.13579802639541277	0.25609931330368535	0.3380727315062332	0.2877504093314903	-0.18783624403768737	-0.8083904784261106	-0.021694104870586615	-0.14994673131361375	0.9820517792022718	-1.5096127031692614	-0.48053539464354744	0.6528673614657964	1.0816211883819096	-0.5062500726314448	-2.6535304588925426	0.007109607491811773	-1.4128211090234977	0.3925570436971593	-1.4891012665509256	-0.6277625233995744	1.7631297108853452	0.5127658187639805
Br2098	-0.0131939	-0.00435828	-0.0045503	-0.000611835	-0.00167308	8.4	0.010043421299511	0.959956	1.0	0.0	1.0	-0.7371434906480074	-0.3362728994622894	-0.410645338521547	1.0675778904926394	0.8439788618972198	1.6916307605927794	-0.7296521956376424	-0.2243407685770601	-0.8034802944289726	-1.8035833161264418	-1.2515280254338232	-0.06538548040185649	1.1938381250611185	-1.475378392173077	0.047969329395351805	-0.37816711420170346	0.14175706348154143	0.013232770682370927	0.21801495858420572	0.3703009500308741	-1.7119603898554359	-2.5350676965720407	-1.337805405246443	0.6393108795591261	-0.3072162838760448	2.320051898460341	1.0478285402287268	1.6453062338098252	-0.7508814963619316	0.9127714859327793
Br2219	-0.012671	-0.00470851	-0.00842342	-0.000127586	0.00359703	5.8	0.0124096795909299	0.964942	1.0	0.0	1.0	0.31475006806013783	0.6123718140431732	1.4796297527681617	-0.2712493176938139	0.693201741089243	-0.4783392992560349	-2.1170313815357287	0.016822532006052836	-1.5599685606870028	-2.464541725403961	-0.9954229485629955	-0.2667455858471139	-0.7852519356837094	-0.42599630735843336	0.436224034491581	-1.5244288028325057	-0.15435457713790546	1.324094035173508	0.027273536264652676	-0.45247056603297225	-0.16668613074743677	1.4048615173956331	-0.8771812772269669	-1.468450890176139	-0.06526931157318558	-2.0067785181827933	-0.9222849226155382	-2.0684486936105753	0.393666293775264	0.09483329812093695
Br2214	-0.0128651	-0.00481504	0.00082536	-0.00464189	0.000895585	7.4	0.0161730459493963	0.978008	1.0	0.0	1.0	-0.3351442685538322	2.503443879406824	0.4835661660945212	-0.6845381950790994	1.0828746599663677	-0.47934123247080296	-0.3063427229545229	0.7045201380510647	-0.7049253240045977	-0.8847164978073783	-0.6234094360621987	1.0554446544686895	1.5538575013843066	2.0086025013210143	1.2457441496195456	-0.18961349168342442	-1.0954457193722622	-0.06788731287854802	0.3151661546676556	2.433914693701888	-1.3337032140684986	0.07588480620508835	-1.1385721952591812	-1.4120808649295231	1.6978724473762048	-0.6952404274631346	0.8745732416346489	-0.3018022939513382	-0.15438061583716808	0.9105074636363073
Br2221	-0.0105813	-0.00163064	0.0141489	-0.00572193	-0.00704508	8.1	0.0254092364336638	0.968094	1.0	0.0	1.0	0.011466741710443437	0.9305237395541601	2.1693348248161675	-0.134193962300654	-0.03988797629206027	1.1112983769343825	0.6704488238932222	-0.4446068727239201	-1.0590432971788746	-0.4651170936180748	-0.16334768051056991	-0.35856773007598736	-1.0292870612358884	-1.697084118740561	0.026420084877548967	-1.4925129714384184	-0.8919837028027474	1.5872590379180695	0.9132031851618614	1.810566150348533	-0.06531466427119907	-1.6391604097513102	-1.8920776474066645	-1.0117318441364724	2.4658676779742716	-0.6393931188797841	0.5804405595112925	1.7285139884130838	1.095284263252131	0.8102074090979667
Br2223	0.000572487	0.113756	-0.00499803	-0.0307994	0.00323148	7.8	0.0126515522445982	0.958397	1.0	0.0	1.0	-0.3789677393746345	-0.13636728843230445	-2.5449250047235537	-0.4519561392919363	1.8052869321492115	0.052766967625451	-0.23991628636988363	-0.9256862920529261	1.489145530581271	2.532845714322425	-0.7455355755516656	-3.0477981989586134	-0.2176932113525742	0.38272371018776313	-2.338350993130165	-1.1604416269014908	0.6942492641064537	1.2907104692050697	-0.7034467066430821	0.014346542428446959	-0.9327182878445776	-0.2581103451122561	1.1343069658566243	-0.23666111791385674	-0.7320932778940221	1.2897372181426416	-1.1702902045859649	0.5710281501345952	-1.2272373955012956	2.375550887850814
Br2236	-0.0124941	-0.0060881	-0.00308965	-0.00223905	-0.000765776	7.0	0.0105685285772792	0.978163	1.0	0.0	1.0	-1.3685903449607528	-0.3469938367549297	-0.854148685790199	-1.2400003912594577	0.4036950382615264	0.7886542159632541	-0.09355601441661145	-0.3464540770992364	-0.07690078839617605	-0.04791300445024775	-0.3000098481102465	0.8433290471550713	-0.6641274456811599	1.0497440518892962	-0.03482840102066265	-0.2997847700673214	-0.0490475229033223	-0.4352250558907096	-1.9818648695997225	-0.16294823106205827	0.7092244806341755	0.6686918598944152	0.36503129663671374	0.20649542398375745	-0.3289957482511807	1.009065416154172	0.2834268363493332	-0.5618316715267676	-0.44026875146368305	0.9343032424225642
Br2163	-0.0127307	-0.00380783	-0.0026832	-0.0063762	0.00317077	7.2	0.0136906185487422	0.967645	0.0	0.0	1.0	-0.3196649996100907	-0.3691921470134116	0.8525690804994621	-0.47147619919640726	0.7225853461104585	2.816652198715428	-0.1775267322790054	0.6688474731567834	-1.0049310943489593	-1.6837434255162735	0.026406231150943846	-0.0520190795597321	-0.9721880973325507	-1.6914952515223902	0.9793572955990787	-2.041070532677755	-0.032798445765321003	0.7843526677850108	-1.8346035901906665	1.2537236232137647	0.9316954737780576	-1.1506036237634072	0.16070562917138026	1.5383295528815775	-1.4175898725352805	0.4520505310750865	0.27911091495989326	-1.385385027762818	0.23999322005623766	-0.41182327480884745
Br2170	-0.0128375	-0.00356884	0.00445291	-0.00368038	-0.000181108	8.7	0.0098650149701461	0.961535	1.0	0.0	1.0	-0.5868048423720713	-0.10015413330022468	0.9007182246499102	1.1317393949031282	0.9486928176710338	0.4598965208506551	-0.3389946266610507	-0.6872351640840723	0.4664852356037706	-0.4388915632385809	-1.9251112250203786	0.760550419243138	0.1557397648410003	-0.8970770844479515	-0.4804452715264016	-0.47345980506690133	-0.5361910483413943	0.5293845543230937	0.036106588197522715	1.6197782781099914	0.0804265502937704	-0.07691842562377231	-0.2290925476734532	-0.4416746197552213	0.2727325619491159	0.7498656127284429	-0.6086110894658464	1.382271733147427	0.10661328219693995	-0.014924774845182938
Br2180	-0.012849	-0.00279788	-0.00298937	5.98602e-05	0.00112691	8.3	0.0090450394818609	0.970806	1.0	0.0	0.0	-0.07949357843236492	-1.433347462821854	0.09408392816924632	0.062226881037401406	0.3745660134229391	-1.0154210379350044	0.22466888665548645	-0.22591125071929194	0.1602082897383025	-0.2527905889270639	-1.8886736460003766	0.13460254305289854	0.8726099018619392	-0.9957069061736505	0.45566069173166374	0.009630678334443577	0.8916643476171543	0.1884212706156542	-0.5357894374512421	2.0803864639078222	-0.139776839311689	0.3349967073487981	-2.1511441325527287	-1.1280253570243557	-0.4494043562506828	1.1171758901884936	-0.8715368935805264	-0.7007516403266147	0.9152805072710265	-0.34904000374246125
Br2183	-0.0120056	-0.00383613	-0.00403327	-0.00404607	0.000461282	8.3	0.0129082962541485	0.956121	1.0	0.0	1.0	1.5263596456795534	-0.24241170594718187	-0.5589541446342233	-0.6100145272677158	-1.3587865056391468	0.1583160208500088	0.08214345203394706	0.3267102637379802	-0.2920115436427825	-1.3499668319306422	-0.20690504125907253	-0.029928000025027227	0.2238517763078223	1.3178665913611591	-0.6775698208533789	0.1764692295022743	-0.4370684598892187	0.6561453662911065	-3.690707216464388	-0.9063704373487919	1.2262581552774587	-3.987175066062841	3.0039809995660773	0.7050365985011199	1.2667385379540275	0.5011333412881748	2.019303839090563	-1.587594959488119	-0.682846335096426	-2.9033058729251
Br2184	0.0357055	-0.00471832	0.00137901	0.00142921	0.000501799	6.4	0.0133993446590996	0.978714	0.0	0.0	1.0	0.5238707735494521	0.017976694905728563	0.9845278969133779	-0.12201496447606953	-0.38152066700312187	0.2398291187181619	-0.2681612146758328	0.7516101245624505	0.7020776253445679	-1.0742381714170632	-0.8322335127191037	0.18270925295744964	-1.5806516624816223	-0.14943818369412779	0.05934871844360086	0.8837405365433494	-1.1342991244797422	1.1272376782088112	1.2799492654282176	1.417730984217925	0.9906744344008196	0.2492337090812768	-2.249848981598844	0.5071672574335997	-0.9137839147690425	0.8128187051023302	1.257174730457009	0.8944969454780533	0.5199715648385254	1.7186156168444031
Br2146	-0.012749	-0.00342351	-0.00304461	7.37083e-05	-0.00185855	8.5	0.019044241667098	0.958091	1.0	0.0	1.0	0.11127883113738776	-0.47960473133658327	0.4634668856168841	0.14417506501353297	1.0637459708991959	-1.0225515049513463	-0.21609360430759517	0.39183419024230587	0.313767735040864	-0.3765237524914533	-0.5211104204645431	0.7484926712952721	-0.8353399906264166	1.294438926151225	0.8071911856188198	-0.4564505203122401	0.4500696036477939	-0.7435799386930062	-0.2973772755064734	1.3371811956553796	0.9652236728915675	-0.7089252645211702	1.1092791216986155	0.3994676788128767	0.9690107810263413	0.440063404089627	-1.3423307575495738	-0.02016891680158506	1.8931597074436932	-0.6343128428788828
Br2148	-0.0126309	-0.00502497	-0.00145499	0.000267387	-0.00340082	8.5	0.0129061493215724	0.962817	0.0	0.0	1.0	-0.2280693583712262	1.1693228775340758	-0.21717251977145777	-0.20682527534417017	0.877397178298085	0.7995954088020566	0.9150646763695705	-0.07462395787417954	0.3441862594571821	0.571535408237633	-1.3930588368919636	-0.4766130986459561	1.0994453822990375	-0.11068996910755714	0.44987867757999833	0.957412810466492	1.044594786994882	0.7453231662843813	1.4861279253543325	-1.4912067096905737	1.0806109758339437	-0.2323795205281132	-1.5375482960723748	-0.38374915942000976	0.579634565613785	-1.6248748504503736	0.4125519704163936	-0.4335117273874172	-1.2035942363010967	1.3855247783819429
Br2160	-0.0126061	-0.00448878	-0.00523037	-0.00275693	0.0025288	8.2	0.0198975924085495	0.977781	1.0	0.0	1.0	-0.9996688107734798	1.0434751751345936	0.8939534841921453	0.7146779251668103	-2.2986357159140165	0.47602417820864457	-0.9948198361201315	1.220343888282541	-0.3901580759912291	-0.6462092318815414	0.6829918774394478	-0.8492707903396944	-0.9010899828924807	0.4321164757226042	0.07179326734360686	-2.200140589749096	2.019663675588703	1.0911943725595201	2.7893380729999664	-0.26973188101724405	1.916083988446521	-1.0585098080743631	-0.1527032061647635	0.5075693739237597	-1.3070633272513827	-0.9638805580605321	-1.587227512355474	0.29289217160842507	-2.521836703894035	0.7313556992194957
Br2144	0.0420909	-0.00435716	-0.000253904	-0.0040956	-0.00710563	7.8	0.0125540605192183	0.942823	0.0	0.0	1.0	-0.9376796853358125	-0.22307910334455916	-0.14429007928770385	-0.16747278882901415	1.344072265372759	2.216892943240801	0.8405459767686242	0.6298668211608806	-0.7687758941644712	-0.9306938250325084	-0.24062160900114976	0.0641493917424686	0.623390090621355	-0.6415546983178052	0.29102405606510945	-0.9113801089604385	-1.1720481189145802	-0.41385753139731846	0.5855136583885865	-0.8108005618953024	0.5305451115346242	-1.2413010006265364	0.19679194475025577	0.38792014374441897	0.4269132410626249	0.9452863656040584	-0.4885836282736929	0.660080804143444	-0.2363359987288832	1.5493986886369815
Br2020	0.0331714	-0.00305432	-0.00075396	0.00263915	-0.00782798	9.3	0.0140353919672426	0.957398	1.0	0.0	1.0	0.9760438049173895	2.414661235427644	-0.6984315852168261	-0.2449173401646696	1.2806887281661214	-3.4249629059766855	-1.5550946079631665	-0.2891837958850537	-1.5273312229998153	-0.23398412955349057	1.1729636459266646	-0.3286631829320571	-1.741768524748467	-0.4851109297959918	-0.3376194158676091	0.23696000041810153	-0.2762570720074438	-1.5035268580830405	-0.22202222567695798	-0.033381759725727315	-0.2732780455311865	0.15627257540995163	-0.14883286377365246	0.15702427496496232	2.55458191557532	-1.2194087232884765	-1.4620655908824998	-0.80616245637282	0.32137235224889305	0.09890646721050557
Br2038	0.0360595	-0.00331995	-0.00225428	0.00206411	-0.00634392	8.7	0.0118156600120742	0.971526	1.0	0.0	1.0	1.444600381688728	1.3123875680881103	-0.7020850591175938	0.2681761594737197	-0.7929363033029005	-1.4803244219916964	2.0263170555776395	0.7529697762453018	0.5807180821711244	0.08424892917388602	-0.8716739377229217	0.18179308972078012	0.14431679061580902	0.5454168626506394	-0.8975626741676859	1.6247761604345878	-0.7694318154892993	1.1574894876306316	-0.30177105453813885	-1.1531440571349598	0.9247977885386733	-0.5515768983608567	-1.5595636410042057	-0.3805095942806097	1.82188233190723	1.655231051693637	0.27910845203996365	0.802422887916481	0.8250727589876161	0.5526007401704239
Br1946	-0.0130143	-0.00385865	-0.00620212	-0.00079048	0.00294224	7.1	0.0106699952663238	0.970456	0.0	0.0	1.0	0.879833981874897	0.39088299554839334	-0.5572265637004506	-1.4199574777106925	0.2288489669642308	-0.5436923242750104	-0.03530931482571075	1.204146894956697	0.34348371803262817	-0.23785590959636388	-0.935568985112214	-0.4332328494221949	0.64566989085142	-0.11439064954295061	0.31496053671157015	0.8962060712101091	0.9242750387362512	0.7152069561169858	0.8479854456267709	-1.3896004591793127	1.2488126895059504	0.07409452903308993	-1.382058098568229	-0.07298224018388151	-0.9895696302230123	-0.711426380601917	1.541477005986657	-0.45772746255081953	0.2607252021520488	1.7466167133456416
Br2046	0.0365083	-0.00381287	0.000594443	0.00471556	0.0017563	8.7	0.010666130070097	0.958238	1.0	0.0	0.0	0.09233051127231703	1.6209239126436028	-0.14281037425927962	1.8089067485464077	-0.5471362501423463	0.03767531998791943	-1.4673783266353229	0.47527224455531775	-1.2130748043066066	-3.3726206992609318	-1.3776243881894887	-0.8562867664071877	-1.8306515882311085	-1.3928719139294823	1.0546849265883034	0.6071079096894083	-1.4470199975888445	1.0041847615042536	-0.17977550074955403	-1.5990110841520622	0.00207828765511489	1.9464731148866572	-0.8093095655665086	0.6249569167704951	-1.1928459032498977	1.3363180793082343	-0.21897856155009454	0.45823327541700737	1.195040390565845	-0.028140778015160857
Br2074	0.0386791	-0.00592023	-0.00276479	-0.00119284	-0.00354007	9.2	0.0228936928291926	0.964594	1.0	0.0	0.0	-1.8372681194269993	0.6828445441107661	0.3537964821598262	-0.2885752429914971	-0.021463634046632665	-0.5304322341767611	-0.4190087908759118	-0.2949982480309154	0.41125138586531423	0.21715702957276986	-0.1802292000557756	0.45227534742399	-0.06061017741904323	-0.5334742988045469	-0.5414934771181836	-0.6519209870603213	0.8616208803093033	-0.874515856129903	0.794520465740196	-0.7924307424805052	-0.8179568050154379	-0.019940014959529018	-0.5331838947077465	-0.5555299397050504	-0.8661538556649088	-0.6625255879796569	-0.26915619810095576	0.5572768576361684	-0.2601105964200642	0.3680639342211225
Br2266	-0.00186554	0.0555959	0.0104057	-0.0195953	-0.00221585	8.8	0.0155976392223458	0.939564	1.0	0.0	0.0	-0.3535953423928589	1.0326965857312984	-1.299909901291277	-0.7538155528763266	0.6399760464401566	0.709960678839583	-1.69832020089082	0.5662050656608401	1.4075446363714246	2.948977314494329	1.8287196896775368	-2.595145523175233	-0.6562268338601763	-0.2515278280947067	-0.17077183067178825	0.2207615229708544	1.434279429061889	1.5257255426371799	-1.0464704371601448	1.1169129910156057	0.8220562997051867	-0.9934730595276907	1.3784625225641847	0.3438604019509994	-1.0825680082952152	0.9149444734901784	1.2909130061594773	0.05598904331909344	1.817302168889993	-0.49383892790769696
Br2276	-0.00184685	0.0731249	0.0072642	0.169884	-0.00993647	8.3	0.0205580524450656	0.96475	1.0	0.0	0.0	1.939273897695069	1.2456107373932552	0.3213858528842649	-1.1937719429340883	0.035999632765931835	-0.8610624282964662	0.9423805918788054	-2.3342114635903606	-4.625247306642704	-1.5695756448272875	2.823412162228836	-0.701322155899279	1.92603107965908	0.9833854420402612	-3.747010982903628	0.531807943261596	0.49277387375905624	0.9679130608205976	-0.02883684971085192	0.8710143632659645	1.3060431146350038	0.03492963198206714	-0.8560841419871171	0.10043653857645103	-2.6193920471922287	-2.1538819568569334	0.5231281125172813	1.754070285725813	1.5214095757901942	-1.2323502292731263
Br1874	-0.0119637	-0.00370421	0.00393571	-0.00470275	-0.00100771	8.1	0.0139625112008295	0.959579	0.0	0.0	0.0	1.0044477348753735	-0.469621987711245	0.30110745747535067	1.3703029922074248	0.2160080479982014	-0.18459294518019154	-2.7421113743319063	-1.0318658657359163	-0.4134824479076052	-2.90875914972588	-1.7826766384991544	-0.2682758042730159	-3.0726594550175896	0.8810862896494669	0.4474922059066398	-1.269829971361065	-0.14852882164710182	1.7448628782040017	-1.1035799281476357	-3.357655759368116	-0.5065685489128724	1.123038706679678	-0.35900358381325265	-0.44083570388049254	-1.8832258235661736	1.1389688479089115	0.4738061437265756	-0.1898687511853759	0.22001855872303736	-1.0521763184197033
Br1385	-0.00427196	0.0473738	0.00353422	0.112417	-0.00769062	7.9	0.0157719159073011	0.964857	1.0	0.0	0.0	-1.0681377789736055	-0.13633376320753243	0.8669435597751222	0.7373930160075088	0.9064413962974439	-0.20279836245307953	-2.1798740885962116	-1.5246576793372149	-1.0253161988116835	-0.13235175219024883	0.3061019120293443	-1.1077563239641983	-2.8188524756662954	-0.08917892249620907	2.2833996039130007	0.1226008086814002	-1.2771787881888021	-0.8208654944605464	-0.9666547435819316	-0.26612518668789	1.7100412239197431	3.596472403150582	-0.8391113772589777	0.15338889497766822	0.15120753530665568	0.48460880230447	-0.869315109459206	-2.290658563800031	-0.7346210410519582	0.4282896570126812
Br1563	0.0357882	-0.00453087	0.000304588	-0.00229106	-0.00994589	8.4	0.0157957572007896	0.975274	0.0	0.0	0.0	2.615322445333954	-1.0918255849833447	0.26474881220951807	0.42837302894282586	-0.47777056616295327	1.221872098226603	-1.9403746549410634	0.4620738284204323	-0.9559368442628148	-2.3898998489791565	0.49037087458004125	-1.7295666433743033	0.8311942991347278	1.4578657169754374	1.4514630614288653	1.6344200830474649	-0.9923169166311702	-0.23225829592908498	-3.0467516598398587	-1.2309444970478052	2.73158611119261	-2.1468732968687645	2.693042894641177	-1.284938050866452	2.678227184073323	0.12653613351190116	3.0420071842582797	0.6226956620007411	-3.4420401213999816	-1.397230330393884
Br1122	0.0346512	-0.00336495	-0.00121841	-0.00160575	-0.00291859	8.6	0.0152483975730142	0.977216	1.0	0.0	0.0	1.1446972296860423	-1.0180419420148417	1.3016411222739275	1.4537529918370629	-1.1949083928087978	-0.0028107926018604	-0.7555837503590305	-0.8053492210475349	-0.7720061536488666	0.5463147440327317	1.887448971958524	-0.7215520492608979	1.154810264668487	-1.8878874163652044	2.194202011232653	-2.0346580946429658	0.35679554877431313	1.104472925276203	1.3730696239471811	0.5373733249905345	1.3871357387876595	0.5185852455776097	-0.9642861825505518	0.6842470962174652	-0.9432441366346164	0.03565039722468159	-0.006887243274564466	-0.05047810762976779	-0.9413647510692821	2.710271934223277
Br1193	0.0324451	-0.00613204	-0.00108163	-0.00706116	-0.0121019	8.0	0.0235524988945177	0.963496	1.0	0.0	0.0	-3.3965774580812087	0.25428533639092893	-0.7744608569022908	-1.2060906571941958	-1.035580816762074	0.24917158718822152	0.277619379625036	-0.9915823591942048	-0.544163694013992	0.012066817611823008	-0.8397167085187753	-0.33287804512961056	-0.5260785406708551	-0.5745759344534613	-0.4162480874857252	-0.46780432985145887	0.3210503736862062	-1.4105035743869105	0.006976110572789826	-0.5395345338704068	0.10244007802968685	-0.41700617678287183	1.878276996730491	0.6797038990661411	0.05870566637529171	-0.7671967609467918	0.3778534803916216	-0.4367779126305853	1.2280268861603043	0.47648988680430787
Br1325	0.032893	-0.00476862	-0.00187297	-0.0025161	-0.00391572	7.7	0.0176053229665482	0.964916	0.0	0.0	0.0	1.8208920073511743	-0.7249761603959843	-1.632331853227444	3.15436640077628	-2.921693548452181	-0.8951734517636979	1.6822697173338517	-1.2716839918271792	0.5987515277189109	1.0414319697699446	0.017393447209470565	-2.336196112472629	2.799419117626264	2.2065888099300945	0.8403898810176266	-5.459771956921993	0.6811698415514518	-0.7492540476168924	-1.9298353192981663	0.9295577811271303	-1.9197991431125814	2.7007975120164627	0.11141571826936315	0.4557019136147337	-2.6342517952199005	0.1571438636545238	2.996544616207507	2.8848787354754015	-1.1313673862220843	2.7659955464317654
Br1722	0.0394696	-0.00488931	0.00236921	-0.001071	-0.00330202	7.7	0.0148667089990181	0.955244	1.0	0.0	0.0	-0.5566481397328316	0.598019733221053	0.030282933773437198	-0.22122847753094932	1.2211967875099912	0.7841941882571297	-0.11392910749871141	0.7423317228503729	0.05365778981174795	0.4185294104755175	0.7052986318817241	0.2403406209545735	-1.098000744305992	-0.5497557084642893	1.0640676249473833	-0.5056867144417307	0.6014139931559497	-0.5588296199160787	-0.8922433482469753	0.5636957677259751	2.310688292110279	-1.3850862044029715	0.2936619117629457	-0.8767632169094838	-0.3581534087651259	0.2500239010149039	-1.2777050448068241	-0.7137496442565289	0.38028123640791694	-0.05076387267452661
Br1880	-0.0123331	-0.00145287	-0.00420953	-1.233e-06	0.00241128	8.6	0.014693062530989	0.974163	1.0	0.0	0.0	0.44562882953712596	0.20217774677922576	-0.6282237348879621	1.3613456275701992	-0.7068137430713367	0.8256955137053468	-1.743970094664553	-0.8058104900917457	0.7893261997467255	-0.42769016455884434	-0.5802784758205292	0.9643288380131793	-0.06257638636653617	1.6931012679877813	-0.4721288658839235	0.1458409799746576	0.6362861825924989	1.5922419821628224	0.586923690876855	-0.43569834980323696	-0.9698666870860293	-1.3951387164923115	-1.4615901137473206	-0.7196822654055556	-0.8730262152973541	-0.2717982925559917	0.30594779165989505	1.6315182246237665	-0.45705903162056866	0.7756357883533888
Br1384	-0.00918921	0.00154932	0.0345841	-0.00360804	-0.0127049	8.2	0.0165744345538536	0.966491	1.0	0.0	0.0	1.4564467829687557	3.000691905014177	0.13469272649547182	-1.25565899173046	1.4646156177427787	-0.7669382894013972	1.8349456073209607	-4.132877078473685	-5.495134174390405	-0.6048670230515987	1.8682555098381397	-1.8100638014212271	1.0635426590597046	0.6627904321952681	-3.2159332546307655	0.7089047320910492	1.4537647079300764	-0.3734779501266093	0.29092520039814107	1.6799163029539608	1.5987962066853783	1.003014093431161	-2.3039948137579715	-0.040273805130827164	-1.8150027874352028	0.6753270848369282	1.6530141916253687	1.001718455429612	0.355013423683092	-2.723492205017978
Br2194	-0.0128838	-0.00533558	-0.00811199	-0.000738128	0.00104902	9.1	0.0256546513077501	0.97926	1.0	0.0	1.0	-1.3670248586965286	1.088549903152805	0.330679854473816	-0.26032549496665325	0.4406804000325503	-0.12637563519334574	-0.010670301779441433	0.6649438477001939	0.11948595056164377	0.1567215335641185	0.19721703601458762	0.13824534605317104	-0.19521416232898484	-0.8553457146845815	-0.3312720890596491	-0.23665093734780543	0.27830202113694735	0.5818199382175244	-0.9567213391904161	-0.7953488547509097	0.3914188173537534	0.421348821964535	-0.9683742539152187	0.14384123286698802	-0.44128335129338664	0.611185238747212	0.9080453238774994	0.7599291827611394	-0.1622697977883852	-0.26477857498509993
Br2075	0.0370091	-0.00327828	0.00106384	-0.00117361	-0.00042652	9.1	0.0135308231119803	0.943715	1.0	0.0	1.0	-0.05191942768461651	-0.27684357524271597	0.16628531198219168	0.5402290841661987	0.28416132727906895	0.562212813363407	-0.30064632573158506	-0.20704935134726948	0.9167779801472588	0.34336646286209366	0.27490673751408157	1.263452008633778	0.8848282932467163	0.30189485141246963	-0.6647529727137204	-0.09355100384984562	0.1899462697793634	-0.9442208156464492	0.18405039102849885	0.4686622612493145	-0.6740684309054249	-0.6388896204933007	0.364301356972224	0.11012795800615194	-0.7949182369645713	1.994565934496984	0.4161752853120813	-1.4660511971677237	-0.37678293920744144	1.2286045591308132
Br2291	-0.0130472	-0.00430707	0.00168844	-0.00260003	-0.00042592	6.6	0.0191914306662489	0.971078	1.0	0.0	1.0	-1.714340667817113	0.991420084516316	-0.28102901994649426	-0.3452120385689412	0.5012143016209456	0.4059124127175156	0.1860024733509362	-0.4086797412571581	0.7164741215809368	0.2957130851465055	-1.585822347970514	0.6537332162105619	1.534961358744544	1.6633018646925224	-0.179184519913978	-0.21487113450049908	-0.12502483762883507	0.5759076223176185	-0.34845346295988416	-0.23658506195289059	0.2365879277414937	2.485573924931513	0.5030019259599992	0.5610025172524519	0.05543319744808489	-0.03878962983575765	-0.0009655375801499302	0.3857019531668414	-0.4409440433650756	-0.35330589956961594
Br2298	0.0348837	-0.00320426	0.0015477	0.000887577	-0.00505166	8.5	0.0130256230495023	0.971029	1.0	0.0	1.0	0.5289963444036785	-0.18755920286227526	-0.9272055688067868	0.5244745703965437	-0.039098565585738335	0.051754204248751164	-0.251391586334552	-0.11631981481848364	0.11656364331514632	-0.3444524066926949	-0.11698479747434053	0.22218222673203486	0.7631882922020371	-0.6168614884017777	-0.18633780371468264	-0.57198395265981	-1.0560455563457316	0.6841376314457271	0.3886145710822248	-0.09507599473270985	-0.7451534137807794	-0.5722939473031208	-2.935792475215273	0.1719868752094757	-0.7683202414336092	0.580412187719787	-0.46689417633422886	1.0300591899272435	-0.6729565343111716	2.2247516554823
Br2346	-0.0130437	-0.00315863	-0.000837493	-0.00132913	0.000743703	6.7	0.0118541516414616	0.976579	1.0	0.0	1.0	0.6540702361226621	0.35644295883945804	-1.5807728988410517	-0.3376944705674454	0.5009567378320438	-0.7135257109508254	-1.2240803228671042	-0.06335910665799348	0.15434565619623672	0.9875757691374589	-0.8399146106446287	-2.1071352744935026	0.28388292557123956	0.7828208010055573	0.905577557227172	0.7150086273409925	1.1111894012644377	1.7123505986633185	2.2128260521881793	-0.4216814047815012	2.008815361093143	-0.11217792210630356	-1.47485552822653	-0.017550852566740015	-0.7968810238067725	-1.0898346807270043	-0.1650911503427109	-0.8656883203398126	-0.39349900129553056	0.015335277803412335
Br2351	0.0241555	-0.00306471	0.000358734	-0.00190306	-0.00608372	8.6	0.0178786867487243	0.95754	1.0	0.0	1.0	0.46568387639475306	0.48416766615052736	-0.3608061255235531	-0.29907729506122177	-0.3885420700973052	-0.23890611636655207	0.12010974373774273	0.48082410923390173	0.8211174566253474	0.21872520150674357	-0.26751346610417737	0.2463020042933229	0.8503677825599365	-0.3090485424774373	0.9946274501400195	0.2764159355463529	1.1052718625463933	-0.3151127667673876	0.2376661248529353	0.09243672527993721	-0.9480645894811179	0.28269103589728956	-1.9245082402848068	1.6902811271922855	-1.0361485020154122	-1.0584436361215335	-1.4088873546785194	0.696095180363939	-0.7482423182340329	-1.8926561135713325
Br2313	0.0399162	-0.00486481	-0.00287692	0.00256174	-0.00506072	8.8	0.019375015122508	0.952056	1.0	0.0	1.0	-0.2766697805771343	2.2199699469354752	0.48664455588203775	-0.5435214094085109	-0.04540400137920206	-0.3180026966362925	0.2092854443665191	0.14431198518790725	0.28146180912612323	1.8119211140179088	1.0159692397253937	-1.3949969136882177	-0.2739712682329831	0.2167932553240646	2.4880478193625186	0.36646401476300405	-0.11343675801085623	-1.5360261690966373	0.19187135325474627	0.7716102938408432	-0.40702750826913836	-0.4990291818765268	-0.9996350237659583	1.2620034041284025	1.0442025233472434	0.8001184011205774	0.8532780775980231	-0.5516504381589872	-0.16469967509369823	-3.0876354535131716
Br2337	-0.0126097	-0.00430934	-0.000969218	-0.00120715	0.00181392	8.6	0.0210979018018892	0.952871	1.0	0.0	1.0	0.42359654949297415	0.5207662021951113	0.22232781069432045	0.10242538202435028	-0.7764130312175476	-0.7786283430531269	0.46673762169741356	1.6139008234800498	0.17554519672260036	-1.0589647733897314	-0.18221066275530695	-0.3681177024863965	-0.8371277948917799	0.5047115628237896	1.110286081653263	0.7723198064726559	-0.17882164534299597	-1.614663614909326	-0.7938747524932102	0.027199970751514885	0.2752480517666782	-2.3579981369484755	-0.017533378111886166	1.0414074386942496	0.07336692171178986	0.6590596793032244	0.2193653939405691	1.255701281818158	0.28922249920290777	0.42790191662933735
Br2421	-0.0132709	-0.00582549	-0.00742518	-0.00325501	0.00185068	8.4	0.0125628239155798	0.964009	1.0	0.0	1.0	0.32137657890899335	0.8768926881856527	-1.1875005735456519	0.9283315155103027	-0.5279904811135662	0.20073145775965406	0.7914195331687126	0.478319602379897	0.099330341173876	-0.257526296681798	-0.7836632930868525	-0.256125364413767	0.5797620810590932	-1.4242867391329883	0.992128431277308	1.0459196423850394	0.49763687006158697	-0.987040109948975	1.9604748340060454	-0.1823762485340773	1.6370577055607	-0.1727930818527101	-0.4212813887887145	0.32873273836032196	-0.2098083258183056	-0.3068476571037949	-0.20148294261430538	-0.309932041182832	0.45932041382441013	1.3286376617785072
Br2423	-0.0126036	-0.00582659	-0.00177626	-0.00387172	-0.00364309	8.9	0.0153687522426006	0.976541	1.0	0.0	1.0	0.01953468035531841	-0.25063040764533345	-0.9102243905986586	-0.5746281943778506	-1.8006731447817146	0.9625278368414928	-2.7583428241381425	0.4515185001847507	0.4606394726125758	-0.28377030611930437	1.6281588496360946	-0.615813771772682	1.0618690452454314	-0.4505250735629278	-1.0564271623315635	-2.1413932760580847	-0.9477932763239283	-1.3976752203857143	1.35538414897058	1.1075944425074598	2.3417365042145826	0.9254715036780272	0.1325557169505664	-1.824625785716	0.6497064722105024	-0.38833137483807934	-0.09150786606630389	0.9173223640158502	-1.338859280602243	0.37782451359167984
