	SNP_PC1	SNP_PC2	SNP_PC3	SNP_PC4	SNP_PC5	RIN	mito_rate	mapping_rate	Sex_M	Dx_MDD	Dx_SCZD	HF1	HF2	HF3	HF4	HF5	HF6	HF7	HF8	HF9	HF10	HF11	HF12	HF13	HF14	HF15	HF16	HF17	HF18	HF19	HF20	HF21	HF22	HF23	HF24	HF25	HF26	HF27	HF28	HF29	HF30
Br5168	-0.012923	-0.00368234	0.00222033	-0.00203288	-0.00240709	6.7	0.0131614819784192	0.978127	1.0	0.0	0.0	-1.022416498104001	0.5505185931396249	-1.9920413656030598	-0.138570078067416	0.006111909172639696	-0.024034031665809207	0.274585855171597	-0.8666474586508768	1.5335303586501314	-0.9609117366967044	2.2540996396957946	-0.5527475828706543	0.8142365474493926	0.9758960636046862	-0.6768914938519338	2.2221077029836884	-7.217605908549505	6.220524646298781	-10.333222250332286	6.189993375364838	-6.367920093999296	1.3069992762564016	-3.5412521031289144	3.375349601354816	-1.1750205489085457	2.80009595423174	-2.986036796655051	1.6341334650019759	-1.1669568486224946	-0.3858297493150923
Br5073	0.0246434	-0.00378937	-0.00769823	-0.00500214	-0.0052125	8.4	0.0130858313601061	0.977301	1.0	0.0	1.0	0.027964106714532255	-0.401607195989693	-0.33328389925182994	-0.6229834258769004	-0.5964556884169029	-0.5045955693635137	-0.607604329122189	0.04557837820012305	0.8219270615615425	-0.15391070852271632	-0.1628602883885727	-0.3759417776500596	0.9306114189456404	1.8256593010408226	-0.20519540515264909	0.5442327240531867	1.071821184778255	0.06749241293417185	0.4337891818001706	-0.5338379428687902	-0.943288857453815	0.8414776290233522	-0.5177658430003232	-0.30845256286875594	0.04116783375110372	-0.17061677736307707	0.4150414631300968	0.34351355240523707	-0.6955639772449874	-0.19918251922577598
Br5217	-0.0129445	-0.00396781	-0.00282055	-0.00463275	0.00160318	8.5	0.018011902381663	0.974921	1.0	0.0	1.0	-0.053311577260661124	0.10042556640902378	0.7304189120625288	-0.33872373999119093	0.6943037855251569	0.9910484990443358	-1.0090932982447893	0.6636780090028491	0.4621188623736968	-0.6547877595341741	0.3294435710659619	-0.3382501000212885	0.06246708168797464	0.33056065550559927	0.5888900275167759	-0.09294297707476408	0.9207124031615048	-0.3721163661778466	-1.2539128469688599	-1.6084203515149447	-1.378328744881106	0.9882277682445056	-0.5074465945068672	-1.5965103167061283	1.1154186864976243	-1.2507767816952147	-0.1986214829892921	0.7842276315390371	0.2996815204409279	-0.4128448330655894
Br5234	-0.0129851	-0.00457681	-0.000844221	-0.00385167	-0.000740371	8.8	0.0129570757639924	0.974891	1.0	0.0	1.0	0.017713167265011487	0.6109940363651147	-0.024369670852885765	-0.548053281522069	0.39535711623213743	-0.8620673218228477	-0.81479020339786	-0.6718936360363854	1.401791996888545	-0.737055719801303	0.61292650432344	0.3922380050519872	0.7625978653528683	1.5071107155859667	-1.1182629323266877	-1.4685747893299468	0.30013001343331125	0.7941077248148244	-0.011167140054507653	-1.2587808114669439	-0.8487168636813238	1.4790692082035113	-0.5318716388539491	-0.9922114103150091	-1.0949145003461118	-2.412683756278502	-0.4295154419161131	-0.4469183727549516	0.18090273116022038	-0.1592321882049484
Br5372	0.0325572	-0.00362294	0.00590084	-0.00031746	-5.02217e-06	7.0	0.0081609703757865	0.974293	1.0	0.0	1.0	-0.13928075415477245	-1.1099853001331557	-0.1487786171268571	0.4079743360148825	-1.5841032587019626	-0.06558935865683317	-1.8900898934753891	-0.1374346532376686	0.03991011927314432	0.049015952079419264	-1.9393276497703005	-0.13936565007772037	-0.1825966240782533	0.0237379539214214	1.3664948010696876	0.5765183384574981	0.1728783231461089	1.3764311165610614	-0.164797102960599	-0.4363098687427709	0.1659613132618133	0.9268214621715429	0.2920301337910664	0.812769988231002	1.5818989389008655	-0.27927317802672136	-0.4584679575220346	0.6224116597369994	-0.19450570693120603	-0.24125366820736774
Br5005	-0.00957751	2.81044e-06	0.0300119	-0.00360685	-0.0122647	8.6	0.0184359840948259	0.97866	0.0	0.0	0.0	-0.08755569441117919	-0.5980714940033139	-0.06184008985177975	-0.4751422224119365	0.5320507996380797	-0.9032885667522454	-0.9958331113969857	1.3380846938992872	0.12914631016555178	-0.9105396888657249	0.37191696356336956	-0.28608909406048777	0.1339301459326492	1.1798981156528348	0.09899487603179326	-1.8024628444666664	0.21940832258436388	0.48806839944586033	0.6415888984803113	0.032169385099531204	-0.6027215527191894	-0.30946945136111303	-0.3834994708835838	0.5799919725743622	-0.9095428284013338	0.8825760613769478	1.0881543295881604	-0.14165916032540504	-0.7001243986316728	-0.22549449405256838
Br5024	-0.0110594	-0.00393245	-0.00322031	-0.00262246	-0.00569309	5.4	0.023574392835873	0.97765	1.0	0.0	0.0	-0.7448065416839474	-1.4574818297330299	-1.688196266634155	-0.16029569753341358	0.9329060502541441	-0.0678905783130339	-0.4141520376975522	2.363545150920812	-0.1807920692014229	-0.5825323813967888	-3.605573877299294	0.97526079244884	0.030029805162892716	-1.0174518622130417	-0.3529807187013393	-2.7905335038788825	-1.9098912358730438	-0.2800113291547064	0.32020221493537376	-0.23575077385201262	0.24401436758907435	-0.36818592835074265	-1.901433464963364	0.048875411738407294	-1.272044918198242	-0.11888322338629392	1.7900799996314194	1.3808521812128078	0.1966597473171974	-0.0210124922893909
Br5053	0.0282242	-0.00590779	0.00400475	-0.00540421	-0.00401962	7.3	0.01367117485528	0.977711	1.0	0.0	0.0	-0.10042970084174854	0.44160162107085343	-1.3947586218804642	0.11755452867824302	-0.7304414164762488	-0.5460142391886019	0.7453557423372643	-1.0827242901044416	0.44595931886734075	0.7037865700548033	0.4171170141704796	0.2727650592037891	1.3710414070552757	1.2387737106542112	-0.07662377215741183	-0.360447433254165	0.3804337529310158	0.8146545794812298	0.5700812091466256	-1.9681811906450968	-0.8871894433901965	0.3066011678734597	-0.946220279606174	0.2717986708042836	-0.26179029849304053	-0.93652981782864	-0.38523801531061747	-0.987082539217986	-1.1198103601644402	1.2521333041150495
Br5146	0.0388958	-0.00196193	-0.00197624	-0.00290488	-0.00542792	8.1	0.0187085806341752	0.977354	0.0	0.0	0.0	0.546441138208697	-0.1452955361409921	-0.8299058927265947	-0.6363104077141055	-0.9180750168577577	-1.211113526741098	-0.3937580436179263	1.1569646910518345	0.0794647093779071	0.09887241257387802	0.12353660856294094	-0.4913048589419503	-0.7247017848227372	0.4454669511214743	-0.21577728059796342	-0.829166677213139	0.5499876199638007	0.2631836676575608	-0.37364891356919805	-0.2749724295292454	0.39588164955296595	0.8074078334579511	-0.9776624174126909	1.4196040000559889	0.5910759209499591	0.12931551118056103	0.9117157838592994	0.36855890621867593	-0.6257045628889665	-0.49833657040504425
Br5154	-0.0124429	-0.00416315	0.0142521	-0.0120618	-0.00767723	8.4	0.0200817690853063	0.97738	1.0	0.0	0.0	0.16372597715521778	0.5170406436622187	-0.8998973201360358	-0.7360072381571269	1.1582449767707617	1.386845879228682	0.15617185613399232	0.5866297558580361	0.24703018546049757	-0.2956483791568501	-0.13073332139128382	-0.08120219247026435	-0.9322163231834891	-0.8661134175420715	0.23844041881750103	0.4958748684303825	0.16333454757191468	1.3778714410246857	0.4115390918412548	-0.8230177054593709	0.6459925505675784	0.9764178383170631	0.013733429373598179	0.11657052444029543	0.9323981614973478	0.10644197454249353	1.0925499072264482	0.41959476857123634	-1.7180060406116124	0.018260621405686073
Br5155	0.0421595	-0.00481342	-0.00200128	-0.00275117	-0.00975895	6.3	0.0153746743020408	0.980429	0.0	0.0	0.0	-0.8315362270196287	0.8931151518309284	-1.6120861567634734	-0.43108783519086336	-1.467332604270509	-0.013709495236414364	1.3053857408602871	-0.567682462199418	0.17561363164745114	-0.7158989702009297	-0.7486488857893893	1.0798307919236871	-0.435909753472193	0.027309187009634743	1.3710303098202745	-0.34261354198975286	-0.39878932504884734	-0.8109207345028951	-0.08468143690010642	0.34128001357638926	-0.671122058069963	0.23348212130533996	0.8021233008501589	0.34763129730868914	1.279555302039265	-1.343220763431976	0.03988088143686082	0.3934707780522603	0.08596319233121179	0.6353023824406584
Br5161	-0.0128899	-0.00634037	-0.0024869	-0.002311	-0.000792831	8.5	0.019161301329548	0.97608	1.0	0.0	0.0	-0.4725024677189065	0.37027279480671904	-1.1316706089792679	-0.35968026825893445	1.3042909220362002	0.5592826597946708	-0.46625999944486696	0.9656384130883889	0.36267252613498724	-0.4605892166403272	0.9953755474316944	0.01608520806067161	0.15725467325444367	0.009858265669700845	-0.07610795352984003	-1.1634863961742234	-0.05276577708098421	0.36269783948938816	0.5787039184749853	-1.0424342218804366	-0.6224307017708332	-0.07259662238865132	-1.2607150598882502	-0.7328598646140424	-0.9803759165870436	-0.8934170823020248	0.5328617408610101	-0.19376008107526413	0.012951085736559663	-0.4485777749802432
Br1003	0.0381077	-0.00363576	-0.000106236	-0.00285507	-0.00121494	6.9	0.0100938291828405	0.980917	0.0	0.0	0.0	0.9699128205902894	0.43911297795136217	-1.3081990474341114	-0.6068969401773243	-0.6293209117317158	-0.4681640742719745	1.4950968649588743	-0.747902947266331	-0.1891899388062961	0.24853322111727186	-0.7189907950363048	-0.37912504601524294	0.20718981692723396	0.6354997674221194	0.7873318691790188	0.40882907008091607	-0.4108074301149329	-2.133511109967917	-0.46627860897414763	-0.6259697829023759	-0.8013064752565243	-0.22439820865641802	0.31111052430702424	0.7341110884152634	1.6271845324023897	-1.0272871387829425	-0.49330308665384726	-0.3593260522185719	-1.0236828589182152	0.026044835243149586
Br1006	0.0350426	-0.00646115	-0.00163086	-0.00497335	-0.00356427	7.1	0.0113438605629968	0.975058	1.0	0.0	0.0	-1.0341831324165822	-0.6883504193260365	0.025100043647657503	3.6560126123123435	1.2828175537623636	-0.05704980132608264	1.2308094839158255	-0.25898633387614245	0.1825852947502657	-0.1181470306491578	2.0942420691843306	-2.505549596499827	-3.334721977527614	-3.7112193713917945	-2.6842530973715886	0.38597907472894327	1.5655576941986415	-1.5354105790724362	0.3223108569578233	-0.2568104125854907	-1.7667182291792973	-0.11881849717226953	0.8633121971695122	0.6453914259917304	-0.4909525435322618	1.5848795660144233	0.7792112475314193	0.9091638868705499	-0.659596636881183	1.2476583377675339
Br1007	0.0415284	-0.00516461	0.000629034	-0.00162224	-0.00399176	6.1	0.0089504276821389	0.978889	1.0	0.0	0.0	-1.3686978720256746	-1.5969184697178394	0.16101226170034763	2.126960623749583	1.1250357485267364	-0.46283677324201644	-0.937442527191733	1.804319412303785	-0.8152815590399912	-0.3985817718624659	-0.5982657267835152	1.6002867557452438	-0.02677414850014036	2.1069143885529256	1.0955876356161294	0.540386048087501	-0.8584362574981305	-0.5479938485041047	-1.338108232861475	-1.2134943805349885	0.9291713035610735	0.6438321151689317	1.137767007068659	-2.3027679361892393	-1.0068190970867488	0.4550061313365203	0.19047442717741275	0.5110665561921077	-1.0817163313013796	1.6181801030327823
Br1017	0.0410942	-0.0043512	0.00196209	-0.00616857	-0.00354058	5.1	0.0149657165039594	0.956888	0.0	0.0	0.0	2.3596349190082977	-0.2224903425807067	0.8459619808416616	0.18194090308401856	-0.4517553000291629	0.5413339220060172	-0.8458746761773128	-1.9647865976538645	1.1489300704312824	-1.591621934059994	-0.729397530237842	-1.7767009649597931	-0.2855025749771392	-1.3285986598501556	0.09588790145429463	-0.9857614827362189	-0.23417918824343148	0.6479228051226043	-0.05629029221577296	-0.15909914818839885	0.34245160000522823	0.5207297007179101	-0.8812739676739498	0.46490535783669923	0.016642730605599343	-1.5860452869516848	0.39613499149143727	-0.506248190048978	0.20865912134662334	0.5352513690910955
Br1021	0.0374652	-0.00457853	0.00134247	-0.00198435	-0.00486563	7.9	0.0105354148967298	0.977235	1.0	0.0	1.0	0.24514491470498967	-1.7843989355485934	0.8822385628585676	0.7222626331042759	0.8953262302193152	-1.549164772188562	-0.898359580765615	-0.45381744129022633	0.19296315552605073	0.8953812730412289	-0.4427094646272727	1.184377780883297	-0.1293619884179086	-0.5122492761946492	2.118513494314329	0.45581435726148384	0.6404982768255476	-0.6885827951258714	-0.029803204451882306	1.5874855959339518	-0.09243326554068704	-0.2606796979231402	-0.2436029413364485	0.5056622012330638	1.267489970333913	-0.25246803163461734	-1.5729065643849094	-0.11027243633757695	0.48280907756179003	-1.4717286848293312
Br1023	-0.00928093	0.0011762	0.0306142	-0.00248069	-0.0156221	7.6	0.0131606688541607	0.962803	1.0	0.0	0.0	1.0454998047240307	-0.948213817458416	-0.3482599545414373	-0.2951475888717128	0.5789893511972037	-0.5506468529686152	2.6065779144756074	1.165789458427258	-0.6909826063453895	1.3172254285066722	-1.4511054407929476	0.9012137948941902	0.5019293884302843	0.47900701775984805	-0.5394880518832657	0.6645201632533743	3.1806332093197596	1.6641733707369935	-1.3235953233117999	0.28906006459513806	0.14638170471022613	0.7234473823677569	-0.4650516051645304	-0.8353167402579976	-0.22563196162717547	1.193273348578004	1.269810946420797	-0.15710378029764943	1.3940241052177242	0.36241138378466403
Br1025	0.0240614	-0.00330138	0.00140309	0.00219946	-0.00240601	6.3	0.0121834802955966	0.976979	0.0	0.0	1.0	0.26219960886359184	-1.0466438987481932	-0.5605056628684514	-1.0995282392369057	-0.41452833153170066	0.9299746099498565	-1.4312363280748077	-0.41710659168989367	0.48805041205294203	0.5418908764398671	-1.5872929213432792	-1.340566228168241	-1.3145923238586998	0.6276947078695718	0.12650926610334345	-2.611809577266441	-1.0926908627380727	-0.797519995333089	-1.3680068745664915	-2.1233418876156653	-0.6615229941540318	0.9126885331058666	-0.7740631237120585	-0.06925018148123438	0.622420618876964	-2.3210156826177046	-0.9430439298201416	1.2047017337244423	0.8201906839900154	0.08344109829566061
Br1030	0.0204873	-0.00455322	-0.003179	0.00177213	-0.00876656	8.2	0.014736263165222	0.97786	0.0	0.0	1.0	-0.28128067263061696	0.07527464786005306	0.722640320016825	-0.13575154728149977	0.020067598189002	0.33276498340208027	-0.42916486077749827	-1.3068594652775403	-0.973076159771452	-2.3201033605943158	1.1207226233854954	-0.7141153359870026	0.22839435847934864	0.5325158218031226	-0.9048797843707714	-0.02655669473231482	-0.11681424458391887	1.220069346959128	0.3121751604209265	-0.06740944544429239	0.4307631218446098	-1.067653875156563	0.05542523587204328	0.7059788397784948	-0.5803992987181015	-0.6942106729308382	0.606629416692104	-0.24070556036842397	-0.2573420543266535	1.1549074721574655
Br1034	-0.0130502	-0.00370658	0.00147753	0.00312665	-0.00173695	7.7	0.0158321777639609	0.982297	1.0	0.0	0.0	-0.14145234546739963	0.07542122204782446	-0.7296638242668196	-0.20567615119792368	0.3428698414708424	-0.18880455407838842	1.0037139511342503	-1.8221513054159106	-0.0701334115151611	0.09221010684405082	1.4669046975091562	0.291525539886072	0.3123941302273053	0.043324543896757224	-0.3614034991388707	0.7406272449284244	-0.29548083000319175	-0.33003472875614787	-0.3598637725716923	-0.4505800263018233	1.2842876831633028	-1.3884037551682706	0.8268839328539587	1.2290616359893194	-0.03188269633554182	-0.259297166743872	0.06900875775484319	-1.1086701947766362	0.8026166808260906	-0.3499185054386201
Br1051	0.032952	-0.00575147	0.0110254	-0.0134771	0.436181	7.4	0.0125243389371395	0.978957	0.0	0.0	0.0	0.6262304541341629	0.48562686840771363	-0.21920859954645303	0.47463586689009973	-0.700827709530408	-0.42602063031833515	0.36368846558900375	-0.5951882800762459	-0.1368461891605467	0.2615574678182513	0.7305188347828552	0.25783209939986274	-0.40168922272829677	0.34974467448891844	-0.06170653114638705	-0.878221345392271	-0.18027418985867028	0.7605071815828948	0.7448398568422013	0.10148843763392798	-0.46013561067256975	0.6031055957057192	-0.3010057331519489	0.250891191893531	0.7695800895807059	-0.6675393460948358	0.26765177541289625	-0.4627330643860995	0.466255974540989	0.1305867505365971
Br1053	0.0354094	-0.00460735	0.000945525	-0.00326907	0.00177112	6.6	0.0142034492440333	0.978244	0.0	0.0	0.0	-0.9543029379233242	-1.2652170964512999	-0.2931814086739668	-0.009536403864049126	-1.2611242560959908	0.4024315886765378	-0.5922683139691367	-0.7171907804252317	-0.21377330347927084	0.5819022984510426	0.3639666839169396	0.22585458855387872	-0.9211445577497143	-0.3307737966024001	0.5558061891784293	-1.3898105306423065	-0.434591447171111	0.18369836285403685	0.346736568616505	0.6445487426745168	0.10092395381274376	1.4576816089326494	-0.2125882179541036	-0.7939699086781628	0.05979209100826059	0.3895148165657125	0.0709012788501105	0.08507625203656481	-0.16556967169292122	0.45100023229378977
Br1054	0.0273285	-0.00391847	0.000496184	-0.00023529	0.00149166	7.9	0.0159993412888638	0.980209	1.0	0.0	0.0	0.7944804958025524	-0.2616687821142824	0.6376196248784656	-0.367211913861786	-0.3797039106720024	-1.74401192641721	0.26340350702092197	-0.8045360603331236	0.5307009680743489	0.17168377233148188	0.6424638820486581	0.8561131357732369	-0.4450920005124584	-0.04705330787977473	-0.8104573264176639	-0.7423895030221301	-0.21617645748676398	-0.32129928472907776	0.770140213134016	0.5046996924371151	-0.14830102139068874	1.2732684383574226	-1.1341853651948057	0.36005605862709084	0.12930722427032784	-0.2862069221177339	0.00033643098563421127	-1.0995391629045488	0.11367329341173663	-0.8561396082020672
Br1056	0.039161	-0.00332912	0.00126079	-0.00372453	0.00434248	8.7	0.0167711820755619	0.982251	1.0	0.0	0.0	-0.06052854499188939	-0.674562285067122	0.36739954758228655	-0.09412184864869946	0.7412483494378127	0.31247194843284415	-0.19564383531429705	-0.6373473529201554	0.4007483785469167	-0.11696812286127607	0.2074964173554584	-0.28687987638816087	0.3576013866579916	-0.042875851811198545	-0.3106176568436013	0.8499627818797463	-0.12273363758188666	-0.5349577627552988	0.7597467003949344	0.08537034818516169	0.03801707513777387	-1.2079265329062494	-0.4644515528027147	-0.5298194487251164	0.3115616100434806	1.4358436335376559	0.13593736781477525	-0.180573696122372	0.5315369204682824	-0.12363170062752941
Br1069	0.0415515	-0.000806048	-0.00284922	0.00200103	-0.0091811	7.5	0.0167920789838859	0.978638	0.0	0.0	0.0	-0.6364403102149545	1.0254894641186614	0.3907044269425715	-0.9117783812934708	0.4555405955850338	-2.3741168393186833	0.1851845040527019	0.7146029280400913	0.26917807808489924	-0.08660836554491981	-0.022841375261089106	0.2743852631496749	1.9027914768361558	-1.1327373892835106	-1.3254535964025502	-0.1611326028703306	-0.34243457982951614	-0.4785645797281629	0.716543981421102	0.10844661367574883	-0.002557946215422461	0.6383271678310743	-0.5450725275391778	0.7135538439940582	1.066404923833882	0.6228522825981115	-0.10042667302118705	-0.6914247839631075	0.1637481938705393	0.2417071753469275
Br1084	0.0406519	-0.00140999	7.89747e-06	-0.000391911	-0.00797489	7.8	0.0108170481311096	0.974962	0.0	0.0	1.0	0.2809976547918157	-0.13744276135447403	-0.15745817166729106	0.2740409754859887	0.3877485201856015	0.43478122406132524	2.30372862073689	0.09586819252296906	-2.475751069198868	0.5009180731834249	-0.8913330819499445	-1.0729046325954301	0.09190773013692317	0.5800525587732818	-1.112078010589407	-1.2926695525605512	0.27788490704463786	0.8113807640301619	1.5519756575110297	-1.0351259279611325	-2.452741672024123	-0.0034425201053157454	-0.41697891934457615	1.208284829199444	0.4423361343303623	0.7055901662419668	-0.4094487499149256	0.39699307544509643	2.903380943796297	-3.7231548113200073
Br1093	-0.0123743	-0.00586678	0.000278612	-0.00306214	-0.000719103	7.1	0.025829954405973	0.975436	0.0	0.0	1.0	0.6474913294284276	-1.807298507686877	-1.4252186573112609	-0.19246100706954475	0.14272202451832172	-2.230825333694933	-0.14736217675240526	-1.2447999395259215	-1.2211014865690644	-0.9810627955501243	-0.2125197847611921	0.19981439844282592	-0.008656210165558767	-0.2365970376197915	0.1283963531413574	-0.6520347552799957	-0.062398323380596636	-1.0173756277682662	0.2510405711960217	1.044960748497749	-0.3380462351958052	0.36681163672589295	0.39386878490050364	-0.09619825943688097	0.21751515618774703	-0.5695640183822828	-0.4310554035446631	0.47274664103663205	0.7903709922445589	0.05942209113284437
Br1096	0.00258634	0.146563	-0.00968046	-0.062675	0.00596966	7.9	0.0165478141054488	0.963886	1.0	0.0	0.0	0.7156849498605277	-0.09274019904726563	0.4681953078187841	0.4324837403511208	0.49594619859323913	-0.47595824627449634	-0.12464788997897153	-1.696838745542899	-0.8598806949940573	-2.037766851358324	0.47626618074179256	-2.4418159951258795	0.9836217223098659	0.547268113764451	-0.024434292205882745	-1.3591549420684654	1.1340956037865022	0.3158996601023234	0.013760300906672771	-0.3484391597352145	-0.8347071885259829	0.07843541480202874	-1.0317418167464205	0.07380876663216267	-0.5032424222730708	-1.4680266989003852	-0.1289587500381046	1.350635551190941	0.2597468283508671	-0.42127620684834816
Br1099	0.0292971	-0.00337074	0.000944832	-0.000355509	-0.000179412	8.0	0.0138808518538097	0.965625	0.0	0.0	0.0	-0.03990038054969794	0.8727479465331713	0.3533336321919726	-0.9894173033951731	-0.09095182324065199	-1.4412053279340313	-0.26151165010602684	1.074017075306297	1.2646020264473934	0.11224143465859569	-0.5030073651095095	-0.8440373759103327	1.0247326490609505	0.7530807538672618	0.06757555730017246	-1.81948250310831	0.01573921531021407	1.4919482136439564	0.34398014613898764	-1.4676872195377397	0.14806241431643785	-0.757215879915048	-0.21684317182316226	0.7277430945307076	-0.132906073350214	0.008208106249293055	-0.8758721876438722	0.6467998709692232	-1.1538322581855414	0.40611544743449196
Br1102	0.0414362	-0.00357127	0.0024779	0.00150005	0.003523	9.0	0.0199924984866552	0.965773	1.0	0.0	1.0	0.26172358048392164	-0.47776699483982266	0.9222659532737804	-0.13516050996227727	0.20814060061779713	0.6283358441875901	-0.08770037586543183	-0.09529102358604699	0.2933657569848083	0.5066447229542063	1.6342056797922768	0.975911729116201	-1.3109439693928784	0.2198799925246624	0.8670803766535783	-1.9854453057643955	0.11451599262813053	0.6237834082442284	-0.1019299785596405	-0.811845794049789	-0.7522662820542063	-0.4128510944311769	-1.0753060965711967	2.0544442050542124	0.45358667262359564	-0.14070401318165576	0.017659117238382434	-0.12552805971879888	0.6354827278772553	0.656397410861481
Br1105	0.0399749	-0.00557565	-0.00270856	-0.00526483	-0.00487495	5.3	0.0143232688442353	0.972046	0.0	0.0	0.0	-0.5221943638394578	-0.9582124094149544	-0.3980569636208348	-0.036992352243519704	0.13440891262697932	2.9527389605295884	-1.6028952334788826	-0.7582354229167404	2.24698241949445	0.42140018473999	-0.6694988113171002	-0.7669134925426262	-0.48901007281120623	-0.170621521496831	-0.0023991164624144225	-0.7885400369520538	-0.29556068879774616	-0.4494138454994845	0.622329706985423	0.4400020566403846	0.3931420882220243	-0.13760131597100053	0.6701748600651947	0.014170543146173269	-2.067291853900381	1.1177011387277282	-0.8626855385825697	-0.13096437797529686	0.6490678752911537	1.2964427608043518
Br1111	0.0316008	-0.0040936	-0.00331854	-0.00270918	-0.00568643	8.2	0.0151314216375132	0.976255	1.0	0.0	0.0	-0.1600617938415986	-0.2491267074709423	0.20888350785055484	-0.3506028556930178	0.9915621545401044	0.74489306485314	-0.35125539078503065	-0.410090542646781	-0.8471664056243345	-1.2606996535050423	0.7983617849968015	-0.5386616206501166	-0.19977804101273378	-0.047151334820177644	-1.257171190153264	0.2894222271136248	0.4014235686741715	-0.4098023191516761	0.5517992260139523	0.30600034813804244	-0.19526457370905112	-0.6105013356457684	-0.7664697658517874	1.3963206208494936	-0.37364581778878186	-0.16046489443974576	0.07960523552954961	-0.9584135993476288	0.32751429651776554	-0.7714085409947259
Br1113	-0.00795688	-0.00172694	0.00265763	0.0101497	-0.00140484	6.9	0.0113398204326345	0.966355	0.0	0.0	0.0	0.8294231503439018	0.13410643521487298	0.3733861165907294	-0.4707667811884584	0.23883059903216214	-0.48015324384695196	-0.3501169747021419	0.22940446981874713	0.8819874643177867	1.191140978145406	0.8322243868228731	-1.593644515283984	1.3508455501652592	2.1515462252363404	-0.5985424947280591	2.2234385874263123	3.213251623933426	-1.6004315766912767	-0.9871105411213831	0.8063449253972526	-1.1507005707010192	-1.4855570110836678	0.08361469889437709	0.3469750642615433	0.17976179489176722	-0.3566357425205101	-1.611728721650006	-0.07910466615338836	1.2968384000884836	0.6432011853130745
Br1119	-0.0130247	-0.00462317	-0.00865204	-0.00638168	0.00761335	7.8	0.0177058857683912	0.97368	0.0	0.0	0.0	-0.3188199518120253	0.1846328156175629	-0.8314300003839755	-0.2935540262418577	2.0782494080720046	0.9971956278469928	0.14124714074128314	-0.8713590788821219	-1.7025775444497633	-1.270569881903674	2.6978429410059275	-0.5261529615062415	0.8311757263636946	-0.3316021975375109	-0.8211357904696831	-0.4337349332857067	0.8686678977473752	0.12601350816684015	-0.4194854110566767	-0.05755674949000872	-0.12810601177544526	1.119458962240044	1.4652063047113377	0.4466672503732118	0.2559176285256492	-0.8828073817620135	-0.7740088811153424	-0.7825739371731217	-0.310297432585288	0.3998366432507748
Br1134	0.0258755	-0.00397764	-0.00224943	3.25744e-06	-0.00128673	8.3	0.0164501382204602	0.971472	0.0	0.0	0.0	0.9260988918641173	1.3322515405234718	0.726415788434412	-0.33760177790250656	-0.019273586074835633	0.060721377889851234	-0.4752395148213472	-0.4200387656502152	0.7538790082517569	-0.28298986938083726	-1.0732444109780361	0.09052214515476391	-0.5863689014071773	0.09365275761243701	-0.10982615506619553	-0.240642241745908	0.3285529927880722	0.09346841031275305	0.14233334468095182	0.09784258658303636	0.11083235129408604	1.0713945916735694	-0.24734371216455742	0.08102212379591049	-0.5010479593357057	-0.23388576193478322	-1.111956437786134	0.541332876895941	0.7345750979217897	0.14526252941771903
Br1135	0.0318012	-0.00394035	0.000510869	-0.000736157	0.00253262	6.8	0.0127840532610526	0.977906	1.0	0.0	0.0	0.23339663728663695	1.0586497786370082	-0.9276309742361981	-0.30826138612571014	0.43571726904319585	-0.3730673009656195	-0.49055701432671944	-0.29139010424989575	1.6453041229527685	1.2091410376154996	0.7102649522085241	-0.2645608997206264	0.3265078748826735	2.1001286928208605	-0.8352628935215803	1.4954349164673564	1.6657447136919092	-1.191595970587133	-1.0254324656154032	-0.16068282127370298	0.19845219713470177	-2.086359701846568	0.3790412442959611	0.3846679211325723	-0.8347447037126762	-1.1716366718483824	-0.788891594272421	-0.7183709264777016	1.2182465085008998	1.0511400733375356
Br1137	0.0344856	-0.00484262	0.00262911	-0.00306194	-0.00160208	6.8	0.0099286188324532	0.978754	1.0	0.0	0.0	3.13985301371024	-0.5070549050628557	0.1425460553768816	0.040667996046058655	-0.9914658835337359	-0.9125610085280822	-0.7388271387628199	1.1243712825441077	0.8124490331408757	0.41756580315707786	1.582823690847175	-0.2958407897484263	1.1929985175428381	-1.2123076761964247	0.15974921398548006	0.4971758584120073	0.46582235414855383	0.5931496950152532	0.5090409166423143	-0.11914709834836254	-0.49211403520013636	-0.7474634618660825	-0.5357397029612857	-0.5762641147012287	-0.4971001948846781	-0.8866746916386683	-0.3927481921941257	-1.1993637103526569	-0.3834286850303313	0.10058380094445776
Br1139	-0.013125	-0.00395938	-0.00908127	0.000244394	0.00192269	8.7	0.012514147662575	0.98019	0.0	0.0	1.0	-0.48864707796568596	0.24988212947290314	-1.3717125270388353	0.4939849956758426	0.9237419910079607	1.1885568730821767	0.021695324438356256	-0.5842839439912394	-0.14950983339728582	0.10149396281578046	0.42339761252953145	0.05736948521881475	1.3069466841832733	-1.0743121888402012	2.395896656789482	0.6486758401958893	0.17723451249813643	-1.3762535727247456	0.6621447023108732	1.1727392532417444	-0.22022846548308966	-0.787389075337171	-0.18288299985253212	-0.12754094432409407	-1.5129579726469025	-0.2163864053698426	0.5065511030669934	0.7016386750377983	0.08690993494418486	-0.9377610528828418
Br1142	0.0423347	-0.00413757	0.00125669	0.0015192	-0.00338636	6.7	0.0149552486277601	0.966343	1.0	0.0	0.0	-0.8516203449977585	-0.6589167993820289	0.19078000543915943	-0.6652286748465797	0.4036256964707471	0.6950191207718095	-0.6615249336886563	0.5169995144304247	-0.12849399068140327	0.6025478683338371	1.3188306186181464	0.2692528131321564	-1.2888402036989937	0.0359305394932721	-0.0460853342051627	0.629311278838486	1.4253662485760916	-0.9488660150254477	-2.2350414113998305	-0.3875661016697383	0.266169905568237	-0.3312350240933404	0.8016426097200546	0.36719392223997266	-0.18269901924509668	-0.145295932482772	0.3312690958418845	0.2209250243930598	1.502682008270921	-0.7393409252273403
Br1143	0.0347443	-0.00322848	-0.0194111	-0.000872445	-0.0137379	7.5	0.0158275049043842	0.9629	1.0	0.0	0.0	1.0259027959844353	1.4028865911904307	1.8693903768917814	0.673789237797973	-1.3242961407996008	-0.06203630907207586	0.18244706439944536	-1.0159579646919348	-0.9550298754761369	-0.2169702421610126	0.10939242071028306	-1.6870630965039772	0.24308124306973528	-0.4957408649229568	2.2006545062566163	0.5667905757236	0.2713790378314417	-0.7720965535701676	0.23184301778181707	0.7715752439782944	-0.7668243352649953	0.06680914475093493	0.5287088141534565	0.6402347462196201	0.8769787343866071	0.3671175137725901	-1.0894036944480596	0.8895115936379501	1.5884687362584338	0.0051226163653924585
Br1156	0.0364914	-0.00414122	0.00209563	-0.00136883	0.00299401	7.7	0.01751305746519	0.970934	0.0	0.0	0.0	0.1486307027067052	0.06076759979017253	1.3648922505206489	-0.48436182414762957	1.0210550200797746	-0.4232035168520185	-0.23778172702438857	0.18290876717979968	-0.19739953341932037	0.7770699362133485	0.5010047788089931	0.5800827032052043	-1.3173079547266204	-0.3094928248328599	0.3740610701841779	-0.616054930396468	0.2611314617525058	0.49745849181319046	0.39937671747845427	1.1548652932026295	-0.43809861907424896	0.13721592237221836	-0.5507903794017807	-0.07542900851916742	2.323456813923819	1.1222973138380998	0.8737101150436911	0.7054231359559803	-0.1911421481766906	0.023732908267154833
Br1157	0.0411003	-0.0053979	0.000347823	-0.00498653	-0.00466397	7.6	0.0147708414072366	0.97525	1.0	0.0	0.0	0.1766682523480298	0.08175312405124298	0.19817748394857465	-0.04072375737151879	0.4096750607540443	-0.3718024559770585	-0.6874113570341968	-0.22485049753439348	-0.7572686172694052	-1.8381874477634235	0.7492380399268662	-0.5476481995720982	0.15371405763087992	0.06190296140359369	-0.6497339032154877	0.06460684616532474	0.12221355360504305	0.11356307737623164	1.1478102047977872	0.8012086601950953	0.038285164030368066	-1.057249048568907	-0.7501061386276343	-0.5042366443470477	0.5770308726686251	0.26950247298257896	-0.15029298050403256	-0.14856482134277477	-0.44749549043924286	0.21324441751257248
Br1160	0.0321542	-0.00222514	0.00308731	0.00266229	-0.00270331	6.9	0.0134612353743918	0.968495	1.0	0.0	0.0	0.01978920816567361	0.8164311337896623	-0.6129387170485122	-0.0026389761559359242	-0.22807143318124212	-1.5198920682535217	0.42133894054755267	-1.6419379859473602	-0.12207456075640492	1.7323680521452038	0.44333571652979153	0.2841631614076247	-0.7220101514541103	0.18706683436072966	0.2926295038967095	0.2712706576026623	-0.1199020825755949	1.3103919629432892	0.9648837015829885	-0.37338298575429346	-0.49194134596582245	0.43520248509792325	-0.8299596038290414	-1.1714856664015036	0.8918486263436697	0.1805969685790237	-0.22307199365082814	-1.703104568355385	0.5554078846818612	-0.08277877510259267
Br1164	0.0369336	-0.00251718	-0.00280117	0.00282528	0.000324801	7.5	0.0178452742135413	0.969982	0.0	0.0	0.0	-0.6142441683959124	0.2262326972645348	1.376103453423775	-0.19105132820988835	0.6054219405000731	-0.9385196448737287	-0.24582166567826483	-0.2790666270194214	-0.00897629157390762	0.14922389235313127	1.2445984644597363	0.4635587428631553	-1.0810620634092565	0.10697577749173322	0.8925200960293554	-1.7587184666775977	0.5694952623184342	0.3933906451818622	-0.9317850000668911	0.334219629098948	0.20088426738884388	-0.21839139911952613	0.8390974215010151	0.8949694541241273	0.24477030969551136	-0.05814659212754117	0.708515243411683	0.5122255355827362	-0.05742151645622713	-0.29693289649638105
Br1183	-0.0127485	-0.00695354	-0.00319519	-0.00227993	0.0032841	8.9	0.0138552890615651	0.964444	0.0	0.0	1.0	0.0010097076932366062	1.362289864427576	0.7219780466688224	0.4712562502344059	-0.7812178277495209	0.24445923893442328	-0.6193244591668794	-0.9457499948689673	1.487494940596187	0.7115126880748378	-0.18194725584257448	-0.6409821898799113	-0.019362467818999047	0.3641381852329373	2.0149055020077746	-0.44969152856505895	0.40174020183630516	0.306218224859842	0.035902329993184885	0.1323623899989589	0.8109233975131035	-0.7963598394912246	0.2040343210776345	0.38664891407862145	-1.6940493661213785	0.19637062366387206	-0.36049839867931627	1.0287547683751683	0.14055857115502732	-0.6965430957580602
Br1185	0.0359338	-0.00445866	0.00123968	-0.0081643	-0.00446446	7.3	0.0166584741232881	0.974229	0.0	0.0	0.0	-0.42798044498163273	0.0989729550036605	1.7549332368143904	-0.6338132661207159	1.3010950068133085	-0.5513619456428743	0.0055534511614552815	-0.22633072505769614	-0.7265555269050634	0.4137302272685652	0.3944126444628587	0.7913239535161665	-1.087572687914961	0.959285346951188	-0.29674559001672707	0.2386676247997302	0.8690372002782863	-0.3444733761830678	-1.4095921184415767	-0.3164912328537925	0.12532028693199745	-0.034625606022975056	-0.17320818321583312	0.4974558034143508	1.4322105833941992	-0.7517768536720508	-0.16622213116844817	0.14159514878272444	-0.5299819726946473	-0.2398765190537093
Br1203	-0.0126477	-0.00458922	-0.00655583	-0.000886605	-0.00186211	8.5	0.0179732303592009	0.976601	1.0	0.0	1.0	-0.13330945618289244	-0.07268294366048673	0.8299639663367134	-0.07412388513804115	-1.4286050087568603	0.32535842627257006	-0.029148718500854445	-0.9786114034879013	0.27516625794618443	1.7848724525476178	0.8853238577400825	0.8534742147101164	-0.23777870368438778	0.9721883224306094	0.16428392992773902	0.6105277836978039	0.9192061531453585	-0.3068747987792288	0.3037784770042236	-0.13355877648962636	-0.7819016964148167	0.8831282450093806	-0.7718738804123522	-0.28909763762484847	-1.3904222266987225	0.5569523098750268	0.4742796367575598	0.08082100509328319	1.0614491401304635	-0.5501029010393622
Br1214	-0.0126261	-0.00627569	-0.00662533	-0.00393174	0.000900914	7.6	0.018030476868885	0.974905	1.0	0.0	0.0	1.5959472201449643	2.707174840700209	0.5272300954936214	-0.3105876560764722	2.3533128509928773	0.8249903395929409	-0.5777766569769671	-0.36164816586430826	0.7548747503946783	0.031117875862116878	-0.6042931073148723	0.5332932855030568	-1.9692040779306095	0.30139981141631605	0.2525781963741743	-0.8227401628590125	-0.30927479825285586	0.6009086853539409	-0.07790455350773748	0.21285686373572424	0.27475088700836625	-0.7937104603952154	-0.1605158428351461	-1.1053589866321587	0.9361448670134684	0.09826178834695079	0.5647847658497194	0.9509465065052816	1.2483034477388075	0.529762441366524
Br1221	0.0407928	-0.00293224	0.000669603	-0.00174004	-0.00867079	8.0	0.0202012602548458	0.973085	0.0	0.0	0.0	-0.012119998971298587	1.0254247190346732	0.7410785496464843	-0.5110587227558819	0.6212252036181374	-0.4196665759371828	-0.15775889395720463	-0.7852707709196808	-0.7514841424579272	-0.9292304359049338	-0.29376743397124533	0.37460652063261984	-0.6014249989163765	-0.8228757356808041	-1.0223915717373024	0.4946351574275004	-0.5670617677570493	-0.023081274786432144	0.9883857474321914	0.16511604694706822	-0.08615727728428622	-0.5741861535521807	-1.2489240319889956	-0.5922319995811567	-0.6458575351338933	0.36513367676602665	-0.7208784073540387	1.026264186433047	1.0760238900845935	0.06670885160850334
Br1228	0.0267411	-0.00496955	0.00216997	0.00257903	-0.00120088	6.0	0.0075205387919106	0.968407	1.0	0.0	0.0	2.1502450657392704	0.39291110159205817	-0.5285260229847937	-0.2044317546486231	-1.5211450497078378	-2.7290896676420613	-0.6409482272954344	0.321990362334606	0.6115770751296752	-1.7950919098226923	-0.3969636946588273	1.120958739952461	-0.5386894087477225	-1.4454532781450675	1.8162232204027022	0.04912368991122539	-1.5137724943591142	1.632739521698101	1.4980763275174014	-0.839502002346707	0.014330236094600173	1.2244095059172435	-0.38285525315066604	-0.7746294244244032	-0.3257380721119999	-2.7119079764699157	-0.806345245448026	-0.13930233355097252	0.3650631175957391	-2.5074732992789124
Br1235	0.0322049	-0.00293504	-0.00523802	-0.00790448	-0.0168862	8.7	0.0135957337759275	0.968354	0.0	0.0	1.0	-0.44760166476892377	-0.434171754598711	0.36279245302334684	1.3719493335568385	1.5506353104219255	-0.7576375794917194	-0.9923254790161403	-0.41531972119972366	-0.8097297309194517	1.2850753843051304	-0.8506432368897887	0.30274348279503516	0.39557487893084964	-0.18184532141308593	0.9630513493483036	0.33797033886482375	0.7953027155161316	-1.0084755385557236	-0.7666777733796407	0.42906001340941985	-0.9447301843149662	0.5315262630770522	-0.7805951010097117	0.7536647911758694	1.148722529106852	0.699214441867031	-0.49621158029806733	-0.7147498281435181	1.0347213254952072	-1.4358528000160855
Br1243	-0.00267739	0.0507765	0.010697	-0.0137335	-0.000288973	7.1	0.0170056957660938	0.968531	1.0	0.0	0.0	-0.3455451900294438	0.9971233613341882	1.263962044543373	-0.8157348431469228	0.3962206418432887	-1.831229709426593	-0.1481050108983072	0.8841410387397106	0.2100672840554742	1.8482793847953995	0.47392221251772126	0.7694102525870117	-0.4183378953040505	0.09994121119916188	-0.21305992214557065	0.0358826029070247	0.10252904969588685	-1.0734770017773259	0.14365580003780284	0.9416112568590265	-0.38004203065164804	-0.3560404383018	-0.2550055286929996	0.3160404720951091	0.33138005641360246	0.2758967175503148	0.302824797585737	-1.059680895055207	-0.3449722831790368	-0.8075549122823092
Br1249	0.0298364	-0.00447165	-0.000772846	-0.000510797	-0.00736977	6.7	0.0102449323946999	0.974698	0.0	0.0	0.0	-0.8410871311119932	1.5093739423139132	-1.0010158722467637	-0.4763598810066544	-0.9009485429549495	0.3035230129481055	0.4556842570168826	-0.3135141385182897	0.4197401714381471	-0.062440098980126715	-0.31538653440490927	-0.600264827106082	-1.2342152241869515	-0.38774206930379396	0.9617905323973772	-0.1899519633482292	-0.8281012216488691	1.3131776666598562	0.48700904086059704	0.8124314221536296	1.2591742084616333	-0.08750288176593637	1.0759787864382229	0.9770381192792763	0.7149528604580382	0.04257693231611045	1.292111517952875	-0.8256844696667786	0.3863113266771729	-0.10241269470209324
Br1264	-0.0125279	-0.00402983	-0.000437545	-0.00270426	-0.00120043	5.7	0.01335071421777	0.97457	0.0	0.0	0.0	1.1960204776795025	-1.1407359831703685	-0.8097547803779191	-1.3795993325089901	-0.41233882242360553	-0.21653383284156752	0.9865988367561954	-0.4855748946897877	0.3534583319057056	-0.8303461169510823	-2.0602177568221562	1.313410123815496	-1.0131032252234637	-0.3920842093877676	0.5832195854699832	-0.38779287374412835	-2.4814266599049373	-2.1868941605528227	1.7889542870218864	0.1596628902843956	-0.2208437932964744	-0.15698291228714567	0.4265684645161151	-0.20460031932567557	-1.6256201114755107	1.0149171994559396	-1.5337821857023706	1.1993767034224805	0.24722458261568056	0.6311659382798798
Br1271	-0.0126432	-0.00347912	-0.00636072	-0.0026899	0.00280232	7.5	0.0145888541339663	0.963911	1.0	0.0	0.0	0.6687750961708082	1.1871570864381897	0.5860113579588803	-0.07037359758776952	0.43595328254059357	-0.39081683706136083	0.22879238179492997	-1.4579174158436181	-0.7013400921008305	-1.896705071405695	-0.2173358479915846	-1.6596603360944326	0.20402066848524664	0.46301681027711517	0.8207350323120802	0.058148615355085115	0.4415056755383648	-0.25646868317143146	0.22705262530103626	0.4952751872425167	-0.1251640914576683	-0.6905894239258419	0.35733649279083096	0.3596482097164565	-0.019627410926220144	-0.014388693991552853	0.27874781680553373	0.9880213989013088	0.7000823771279795	0.462357277369806
Br1275	0.0358563	-0.0041618	0.00139308	0.00133048	-0.00290525	7.2	0.0112429079139143	0.964562	1.0	0.0	0.0	0.387538642709209	1.793319956980419	-0.17328552886328957	-0.832716953364344	0.0858983935425972	-1.1104283965237218	-0.8218909264313218	2.2182569402602956	1.3099872268575272	-1.3176653750193215	-0.30832851364492037	0.6564857447536588	-0.5983533160190242	1.7625663280430413	0.5327073762823413	-0.8459882855406347	-0.200633970915606	-0.5965440004161803	0.11939518263864586	0.5553831776061903	0.02685291837596756	-1.7057088671597045	0.3652195338853776	1.2768840092250922	-0.5905531344272725	0.36443282602664206	1.0405109799215304	0.32140288478288426	-0.4617165166687967	0.05278716239390267
Br1279	-0.0124362	-0.0029589	-0.00676985	-0.0016701	0.00231811	6.9	0.0178987851040864	0.979363	1.0	0.0	0.0	-0.8028433210448662	-0.32491106871380715	1.3183727975453756	-0.5277327639152186	-0.515785797642931	-0.1755417480427591	-0.45066828469624237	1.5960489194108338	-0.36259581489998133	0.062264109132041154	0.7480945201048929	0.6700953674662037	-1.634376876308163	-0.12456348251393388	0.5744110607124332	-0.2750007206536707	0.33723249796326576	-0.997191152099275	-1.684494860083683	1.009927221212713	0.40691577632152126	-0.4502912557380544	0.7298336815072242	1.044615838845313	0.952355317748404	-1.8387934354921895	0.35279731752818344	-0.21928039353753587	-0.37861202032501534	-0.8373685201300033
Br1280	0.0386464	-0.00667244	-0.00451491	0.00066181	-0.00552489	6.8	0.0086954244227771	0.974159	0.0	0.0	1.0	-0.19928776426052663	0.20374091118508905	0.5038823363639529	1.357320010493145	-0.08095417185085962	0.6247708074031166	1.6833884574020845	3.1114414919388795	0.8795023712154549	-0.534288787538482	0.24200577416225413	-1.8605222741381322	-4.847217957641957	2.5978713589035354	-1.8286035750633756	-1.9453259468371522	-1.606262852079329	1.4740691041773486	2.246894638466474	-0.360303154341561	-0.10396321012433891	0.35841030870867147	1.1879170729734276	1.4497196761435913	-2.660175362835009	-0.6720436593611291	0.5897881906327194	-0.33309098157690864	0.43807471288600847	-1.5304052386856555
Br1285	0.0279063	-0.00321575	-0.000310118	0.00218315	-0.00584131	7.5	0.015010083734513	0.980188	1.0	0.0	0.0	0.36155429960762103	0.1900266560654122	0.14718708123727714	-0.4014425545504619	2.264035924440718	-0.19374828520638646	1.0691413872102136	-0.13056937662963197	-1.2122736371610825	-0.5356617771491359	-0.5691540432926835	1.303201236933723	-0.3064581372754298	-0.46588154592592784	-0.685588028208529	0.4955731931843709	-0.7122556232501582	0.24340608738488487	-0.1747425617802826	1.4499696068413856	0.6177149687250687	-1.8511903687537634	0.23757670393028849	-1.1453052314002719	-0.9891041622765515	-0.8814197742649778	-0.49745854852054666	-1.4475153291581782	1.7809573020660434	-1.2495799205383442
Br1288	-0.0127796	-0.00611951	-0.00537396	0.00158254	0.000756499	6.8	0.0192828301691927	0.973384	1.0	0.0	0.0	-0.48484225290096805	0.13736888377912154	0.5291293675222805	-0.6194423751435879	1.2719050381546146	0.7012383979597572	-0.12924128188409117	-0.2345827615940511	-1.700530626414536	-1.9236280460401356	1.4975650950952153	-0.2853381662377711	0.6551673004682081	-0.2540223914932228	-1.0386654945207687	-1.3638221512521103	0.4470265343142718	0.12488792148424852	-0.6717484749922736	-2.05871268628185	-0.1428232958591345	0.03966569861996641	-0.512509420886084	0.07708799157470243	-0.27369150495208106	-1.0830727229932289	-1.2553367214521678	0.004009144713630539	0.12431816780163103	0.7654525782303184
Br1289	0.0294465	-0.00495386	-0.00107649	-0.00374447	-0.000150645	6.5	0.009875260626762	0.980549	0.0	0.0	0.0	4.683179719438567	-0.7900821753774904	1.5351149773060573	0.30229592902825136	-2.0654246440416757	-1.585907866743246	-0.27428504670016923	1.6596013590381216	-0.5620879880498711	-0.2815689217802147	3.2673583534007937	0.25259082102088837	1.3226386362410247	-3.38613477733194	0.5350579911146888	1.9989296414341393	-1.542197307453454	-0.3921713306055144	-2.8586119213288588	-1.916003678059783	1.0010623793224531	-0.282428869881557	1.312005856264485	-1.7047810011902789	0.28937107012337543	0.45854494610607943	3.0280266560532905	0.635800749012191	3.477569861694105	0.9024021390082716
Br1297	0.0251383	-0.00326598	-0.000577583	0.0024606	-0.00382238	7.8	0.0154257671246592	0.96822	1.0	0.0	0.0	-0.006458616942639463	-0.8242553214802357	0.36240534125610757	-1.532129982360637	2.139646131385159	0.2435337008383695	1.3539817194377246	0.13799752489890965	0.5872407755294385	0.5591057518669031	0.15007505148655367	0.15808801225932478	-0.7218531935348224	1.5286801696251853	-0.2531982650794629	-0.08163832453975868	0.23685015531350276	-1.8546065796309803	-1.7188168574494371	-1.0434954526272866	-0.7242950150448465	-0.9059696529692162	0.8920711027775557	0.016431451827617013	0.008196789629709813	-0.9440501019491265	-0.784915424737669	-0.45313617373741655	-0.6660576530440463	-0.4647032232503962
Br1303	0.0314249	-0.0042259	0.00186403	0.00657301	0.00508409	8.6	0.013654273727937	0.973092	0.0	0.0	1.0	-1.1298182341151721	0.015106426408504648	1.6742530108416245	-0.7375191794291608	0.9163132432041885	-0.4438005150984336	-0.855912774618787	-0.9086954268193487	0.2643254503674738	0.5862650899562896	-1.164924783087879	0.4099643230586765	-0.6835203291883435	-1.5012891972575704	-0.41977006012608775	0.17503481600757825	0.5322576371868345	1.6206205911130211	-0.7079443889808188	-0.4414434972936263	0.30084946854954187	2.2468947594171063	-0.4189108556014271	-0.41205200100782263	0.6200591372931968	-0.9068339322080278	0.012960808851018978	0.9987189928365335	0.14343664906367667	-0.4777411339522729
Br1305	0.0339332	-0.00351907	-0.00194472	-0.00257686	-0.00697477	6.5	0.0092354058188447	0.978531	1.0	0.0	0.0	0.43946533532818155	-0.406556244536308	-1.443404658933729	-0.5015113605649905	-0.6131430266549335	-0.726741184922219	0.14500323877837362	-0.895333895245129	0.7000803384781328	-0.20498908926199824	-1.2597222128256924	0.7084617865028979	-0.6284462744235767	1.3135372378670245	1.0252349838360184	0.4517633014721834	-1.061030812226045	-0.5844599292219933	0.19165000691163087	-0.23939838621034615	0.18844257152237381	0.12058773314107507	0.7286924620997837	0.1587167172340903	0.7902279238224965	-2.9290441297150727	-1.7504370774508933	-0.1794119202669518	-0.41085390953919315	0.429091200144494
Br1314	0.0321087	-0.00206716	-0.00207913	-0.00579751	-0.000871152	8.1	0.0131796641198207	0.970186	0.0	0.0	0.0	-0.10409131227189154	1.2850378239746552	0.7219503009073915	3.1142424032442406	1.52277863638756	-1.2516575139240158	-0.15309813171504869	-0.7025029929721242	-2.542425444865292	0.6879982796015521	-1.9588868619509312	0.646446357154315	0.019151379268984383	-0.2265116152698509	0.23049029011860214	1.325001516665289	-0.6236104983657101	1.9605592834280847	1.0414579852874588	-0.895645015731747	0.7875371827168935	0.5424178633370462	-1.3066628821376889	2.31841147404343	-2.1473439702862374	1.7949545906057622	-1.9104575596201225	-3.6700145017620596	0.769318101720651	1.3809917477290032
Br1315	0.0376936	-0.000853585	-0.000276797	0.00968724	0.00148324	6.9	0.0120661138350877	0.977698	0.0	0.0	1.0	1.0338040196533371	-1.0732160022098618	0.8206684117355318	-1.2378735081988088	0.12421312942813535	0.5867088302796937	3.8445441980581885	2.8274682101232056	0.933408273496161	-2.194421462354684	0.5032241516992203	2.574026891320768	-0.4703720579501213	-1.1338968911632192	1.987330590094589	1.7426992904450518	-0.3837161928830332	-0.7968852791458263	1.243248592027706	-1.9075729730388196	-2.6333835291565153	-1.8186410287286041	-1.685771591278689	0.6618964097883906	-0.8884033491027468	0.1768773006853372	-2.4137239091734317	0.9175851222719297	-0.5347136941299717	-1.0514007916220043
Br1321	0.0400717	-0.00409757	-0.000693309	-0.00170721	-0.00156014	7.4	0.0096620959466707	0.965134	0.0	0.0	1.0	-0.3852940684123448	0.7407480371214022	-0.8277123226374417	-0.5829743128501405	-0.6610355815654537	-1.27958723976745	1.3430626790382842	-1.241820382368899	-0.21938495177806333	-1.1444575024384096	-1.0829652195542927	-0.7017852644450623	1.7306694737164328	0.34483974835802705	0.5573008205079317	1.6170036792506606	1.8415576895535963	-0.9994735757220315	-0.7847471566258221	1.3424058714757168	-0.5851378093801358	-0.32244827856808495	-0.2551741894324283	-0.09190975597292363	0.014779831941695954	-1.3984064416099156	0.4282595039952064	2.220023513706847	-1.1119284916690895	0.826738783461081
Br1324	0.0304747	-0.00397165	-0.000149978	-0.000107699	0.00137135	7.6	0.0132900124313832	0.97855	0.0	0.0	0.0	-0.13338293605714058	2.1151793930793885	1.6467015923897261	-0.6077913180545155	0.0710172401849207	0.01023609647694319	-0.624878063438575	-1.1883904274176378	-1.0453404741288592	-1.370709760026204	-1.0219536691333044	-0.6143370151877979	-0.10473189987444029	0.03745183709207782	-1.5584864517574257	1.2273437517424106	0.2183804807966449	0.7851371220243055	1.5257779548382944	0.903883340574645	-0.6148391529425161	0.0266531979454353	-0.651129026903406	-1.3096451275405487	-1.1231888924010114	0.032886462149569605	-0.23190946717213914	0.6314592353568037	0.35390714608607704	0.1566944909796381
Br1348	0.041473	-0.00379908	0.00158249	0.000397756	-0.00541068	6.8	0.0128862926086969	0.981964	0.0	0.0	0.0	-0.7037784413094152	-0.19250277316917797	-0.5419109419917023	-0.3698396671953576	0.08456236749857483	0.9268338813528467	0.4745906846222757	-0.12238138553772111	-0.2989802179455339	0.15555072044948248	-0.009849417238982703	-0.20246369357339503	-0.6642804748813017	-0.2535070102773307	-0.22958565964275063	0.3109895012099413	-0.06700900432950517	2.0122640142775055	0.7474521077605315	0.5193230240169211	0.4457137003640197	-0.14036138656135197	0.7940548729662815	-0.6283154282036777	1.5446914310174726	0.5181300970551667	1.156661356694338	-0.5439754283430998	-0.7133689707719075	0.17721243872551273
Br1350	-0.0113189	0.000816706	0.46048	-0.0303026	0.0191567	7.5	0.0163390484342118	0.976186	1.0	0.0	0.0	-0.03502581484188108	0.27736464701718794	1.0003980055743504	-0.3952146791086712	-0.7831499115418284	0.37063721650008646	-0.3994954249221264	-0.10538967083535349	-0.5272588888661514	0.2283101748895182	-0.3400220000204311	-0.2904565789915481	0.39365212526031723	0.022873486443383006	-0.1295440112664605	-0.3266443304604797	-0.04419612337588724	-0.1185078752268153	-0.12376673371555275	-0.1357266595123805	0.2379094058267537	0.09393131950596487	0.17874359768396575	0.13259029035721775	-0.8523018495803519	-0.21965881667910375	-1.0840800166634847	0.34382270434366713	-0.03367129232844598	0.006535492044121958
Br1356	-0.0126358	-0.00354923	-0.000441472	-0.000903487	0.000366775	7.8	0.0176912400726035	0.973036	1.0	0.0	0.0	-1.072104418871577	-0.4427693144580828	1.6747591746628945	-1.4674330596359304	1.2106008504813268	-0.6451627704933462	0.11309567296273058	0.48024442226364883	0.34104200558934145	-0.3376381664586211	-0.5266902452915074	0.7382070203064106	-1.2449844515104656	-0.4069562773863002	-0.777851635157582	0.483420013860961	0.2614873236218274	1.258935783850894	-1.1391598056779546	-0.41444074770355355	1.8398954011777586	0.43261131706597045	0.532062659767259	0.3834548276752581	0.46180551145832144	-0.9636698565202134	0.6600402165291765	0.9330615883419291	-0.6995437699761122	-0.4709166100402617
Br1370	-0.0129365	-0.0042923	-0.00349319	-0.00331122	-0.00127527	8.3	0.0157630201908944	0.981721	1.0	0.0	1.0	0.8704223398562624	-0.3825852199986392	1.7841591446848775	-0.3421371048626925	-0.1717423837970108	-0.5856889919972524	0.04682301169136099	-1.0097555379013174	-0.15964814740667607	0.530145501889302	-2.155890083433381	0.13499015334770434	-0.44607067768891234	-0.8177275351851118	-1.276634379021093	-0.2253520925413492	-0.5247719354074899	0.6633338738796403	-0.8285620265805095	-0.01741711755864585	0.6222855717275967	-0.0947818195845983	-1.4597873615405337	0.45893859991016017	1.051490475569082	-2.0837093983536366	-0.26630054147625964	-1.4030898711088247	0.9569359923631189	-0.41762256152356997
Br1371	0.0305545	-0.00531121	0.00121781	-0.00493796	-0.00454867	7.9	0.016489135139183	0.966211	1.0	0.0	1.0	-1.0626577915075106	-0.6869674438728443	-0.5088879214534061	-1.0481559165788568	1.1573769778916019	0.4387856592360855	0.12260619741420424	-0.1219419425977365	0.19665051629404642	1.8981304552974978	0.9866026635839229	0.10626013613617707	0.45399346517002154	-1.0984690697109942	0.18568045148082296	0.46466212322367595	0.018959895495234927	0.06857617685339504	0.870974283424587	-0.16143523350512712	-1.2149461970069526	0.6811516784096522	-0.3159150563153475	-2.031566637044006	0.23293027421329807	0.44692948387962644	0.23144026840143594	1.7517530773539156	0.9408850168691507	0.12882245959392893
Br1378	-0.011217	-0.00280512	0.0124119	-0.00314573	-0.00161998	7.2	0.0170286704973522	0.974472	1.0	0.0	0.0	-0.4810560664285602	1.3468833782791185	1.2864485441260372	-0.6454398906466066	0.9532314993438399	0.0014538250757420742	-0.6719498413729511	0.0018931619662019173	-1.4246106737161301	-3.0276759386544416	0.24981130508018107	0.5567336766015368	-0.7183536412203131	0.18632229296771438	-1.6342758994481559	0.3062440709199551	-0.5214664428245929	-0.42645584244531615	0.10795626448011628	0.6076784835357252	0.130287362727396	-0.27463684548009826	0.18761587244132272	-0.05976118240214791	-0.8380011757480816	-1.0026900709727016	0.7835412748773166	0.03622718696555211	0.48593360019810866	-0.43414523967858654
Br1383	-0.0119659	-0.00456439	0.00395027	-0.00150494	-0.000986164	8.4	0.0209066803584799	0.978753	1.0	0.0	1.0	1.4075344045957485	0.34451295147602606	-0.28414202460011057	0.48427297527793195	-0.2804666424313695	-0.8795102934416906	-0.12957642086830198	-1.0558909045857932	0.36350136058098825	-0.6472259085896319	1.4284223782510703	0.07921166892899911	-0.2711931626821011	2.539282686240826	0.7027401776394133	-0.9826190134440337	-0.08743203828290698	-0.4338773426964103	-0.03324384119241189	-0.8200294803114787	-0.4136953526999949	0.7545476047857347	-0.2775954456837158	0.5693503891949452	-0.15609279075654406	-0.6506243658479385	0.4466694943569813	1.1498717370000642	-0.1202853580400574	1.9335364944261741
Br1389	-0.0111641	-0.00596424	0.0019409	-0.000724157	-0.00605503	7.5	0.0203730131150031	0.968665	1.0	0.0	0.0	-0.21702621693993132	1.6350536742112183	1.659906348625701	-0.5379023382267557	0.023507509096045816	-1.427416127773831	-0.4066104936614168	0.6363733232237312	-0.5017226517544316	-1.3969776387623802	-0.6163567332918336	-1.2558141381888266	0.8493833632237608	0.27487258535466275	0.2087561136308464	-1.0639039001754087	0.05543016459559561	-0.09596045813553034	0.025894972368259574	-0.5439028711707955	-1.3462661744041768	0.0745303501830655	-0.40728726430005335	-0.5708615584081739	-0.5794857671761348	-1.2010893974322487	0.19447137649328564	1.4114719242890486	0.46516592842970134	0.5948937354820407
Br1399	0.0257676	-0.00447164	-0.00225458	-0.00355714	-0.000757692	8.2	0.0185206200112298	0.96385	0.0	0.0	1.0	-0.38916506775115967	1.826303177024032	0.5400325910593033	-0.30207335556200365	0.24545847557714986	-0.07641722399627683	-0.12317779916835009	-1.4259296566591109	0.06005403291293889	1.5299239563937876	0.8393060912834848	0.7279623350443524	-1.3880306825122046	-1.0324058478478442	-0.1912617457117226	-0.9783725112762562	0.5635987042636774	1.5118117868015986	-0.14359095336792	-0.1928377919849343	1.9817902469740754	1.6491096713379263	-1.1150320920233037	0.17103460525536893	-0.028570284088793887	1.1184319576721464	-0.2966849328960159	0.21715091490222266	0.19948107802805615	0.020314102434230364
Br1420	0.0258478	-0.0044419	-0.00213888	0.00290169	0.00448812	6.2	0.006956209920435	0.979922	0.0	0.0	1.0	4.339208007991986	-0.6615482223231419	1.4586570134749237	-0.2668336122642045	-1.0529612590992086	-0.17389777525014033	0.18396970494749837	1.4206820267411406	0.43219746905825956	0.31485600882889797	2.0864069760446085	1.1146197121242798	1.5515380490670239	-3.970934730454432	-0.0677054980972504	1.7410965142517403	-1.3159140988067242	-0.4222895672505326	-1.6769070488230116	-0.7218971001265752	0.15212836399438187	-2.1328189106837123	0.6791003977432645	-1.2695960506254613	-1.9351820806696922	-1.8225042119306982	1.6230138281474535	-2.1971516414437753	0.5233430499339955	1.5716472474487104
Br1424	0.0349571	-0.00254636	-0.00130046	-0.00248066	-0.00662509	7.1	0.0150419174293142	0.97152	1.0	0.0	0.0	0.06271360884308876	1.3623113672182505	0.42530992296327835	-0.8233599407877611	0.23092116925122336	-0.3351197531224794	-0.30816021999266885	-0.33689403633045945	-0.32121432345636186	0.4869219034961624	0.1065497569091891	1.1823389021139972	-1.8078897472489532	-0.06903463430321971	-0.6403018270894388	0.2137320865263381	0.31177337250512854	1.0173880204323698	1.370272236617675	1.1850555734254606	-0.9256209220719542	0.7642719185202882	-0.521947536487015	-1.8337908784442813	-0.34312389953466693	0.0061946844293632305	0.11685823100201544	0.022686866271735044	-0.26030730341909464	-0.9308061765746994
Br1425	-0.013071	-0.00530217	-0.000320925	0.00297914	0.00264647	8.0	0.0140173266487157	0.979116	1.0	0.0	1.0	1.8571089962965552	1.4231201831957465	-0.050925773119930316	-0.9510335350248205	0.2778558747762347	0.5010166098358468	1.7945842317432958	0.045900961148466334	-0.12880696172512415	1.2621740213683377	-1.1144838945041897	-1.549252316320473	-1.5135935505991878	0.7253659331399219	-0.00434330871810117	-0.29072651657919363	-0.29579104183551513	-1.4246110512001158	-0.8223373263631139	-0.3089417352979672	0.03789943666126384	2.66000851418087	-0.9051960729062771	-1.21244637596258	-0.7092801676662015	0.727017188522196	1.6351285375795965	-0.7051843269909007	-1.1630249495919338	1.051685218531942
Br1447	0.0299191	-0.000722732	-0.00107939	0.00307298	-0.00241855	6.7	0.0100818227931748	0.981298	1.0	0.0	1.0	-0.6135944968224888	-0.8982817298917165	-0.1406759293690623	1.8475707461219077	1.430186610753106	-0.11688990122674728	0.8128407531463582	0.6296816288962134	-1.9513183184027802	-0.7388904357865685	-1.203357956381185	1.4836889287997532	2.1591694783388617	-0.630967309240414	0.4128666630847519	0.010092059895940704	0.660857010640088	0.5820527524031434	-0.5918699086776077	0.09959662538931596	0.611787198069403	-1.2938300526115298	0.7676690989941304	0.03598864981532904	0.279367661698218	1.5959547297699714	-1.4067213054826835	1.0413447026260159	1.827341577901794	-1.3805336564297257
Br1448	0.0107883	-0.00329049	-0.00762126	-0.00372061	-0.00326294	6.8	0.0150975362507065	0.978367	1.0	0.0	1.0	-0.6423325447144616	1.397902312546358	0.9281714798642762	-0.3103634208076661	-3.0124155855777177	1.794942255624332	0.26217967405190307	-0.26411500133580856	-1.1406398964135778	1.1355997547225278	0.5138607298854451	-0.13414125011804215	0.39287298531049236	-1.1040036783853513	0.18818230126892757	1.7911491986675276	0.44467231530863655	1.3720511440798229	-0.2010989493446266	-1.6463137906999408	1.0539047092497602	-0.43175879689103785	0.6387866553463294	1.1872521867052699	0.5778692480412356	0.6101009696833163	-1.3065819733520543	-0.9171537123922973	-0.13721747360047223	-1.0646183228600832
Br1455	0.00259509	-0.00472219	0.0046318	0.000114389	0.00376591	7.6	0.0207241771387305	0.971916	1.0	0.0	1.0	-0.46910463346518205	0.3475496451906315	1.1785991588543334	-0.16673788239986603	-1.2596060653069674	0.9580612703543542	-0.3175160487556596	0.33642575106635464	-0.23336555862396816	0.11054669354851102	1.1166373989842104	0.27287784121331865	-1.6540603462388215	0.7169509478431123	0.7749090643896036	0.4235228929838969	1.00968171347709	-0.7043809650051742	-1.0706757059696546	0.38182241674184203	-0.11553564818531199	0.609020307979951	-0.24499592688570754	0.5006619854647617	0.5542584578824469	-0.6364338458500909	0.5140352872219187	-0.18504598289428206	0.6038975148951258	-0.9643225294831792
Br1456	0.0175034	0.00371607	0.0113314	0.0137502	0.00280565	8.1	0.0143670330267004	0.981453	0.0	0.0	0.0	-0.40211493348432853	-0.06970690274673041	-0.730082924844837	-0.964944727154555	-0.09406507430719481	0.1762198301200796	0.011547360700076496	-0.36058419701021366	0.33552465763773415	-0.3091926028566435	-0.7333465772209306	0.00801529765086607	-1.0503062860856291	0.39897740576084817	-1.4007300422671187	1.1837037455900326	-0.11455264090138999	0.46466398213415566	0.6042147132188695	0.5939719722732408	0.9979664960942554	0.15152494086449234	-0.13580848112460317	0.4136356638276373	0.36667329814384275	-0.1915896695197091	0.9336654656859059	-0.7116824312008991	-0.633754456983644	-0.7934407181710862
Br1458	-0.0129025	-0.00609015	-0.00597536	-0.006401	-0.00384191	8.3	0.0176425327611504	0.975458	1.0	0.0	0.0	-1.0379313906255023	-0.5949329289020516	1.0277736623750582	3.981255407697477	0.8398544199753877	-1.0305442772548223	-0.514499575809376	1.1078572465898653	-1.8579342595506445	-1.2477343315175426	-0.5606378087230344	-0.3536200342806778	0.13683061617647696	-1.3194622057654695	-1.305404217791884	0.5294825319047047	0.5862939701052137	-0.41523905261832167	0.0017043961676997418	-1.4664007947375812	-1.5329156488939042	-0.2603991396010537	-0.5995636210474149	1.1987465707738971	-0.7628148640357872	2.286206314491331	-0.5437646051835815	-0.22610483044605542	-0.22082838555524364	2.4510129525606748
Br1459	0.0379671	-0.003012	-0.00249682	-5.10018e-05	0.0014586	6.9	0.011381430978338	0.977693	0.0	0.0	0.0	-1.5302009306153541	-1.3379555622993913	-0.18498699027416432	-0.20446706815406934	-1.7507604301663162	-0.2321696563015448	-0.700382752323413	-1.6011212058161381	-0.472214965738788	-0.653370710853277	-0.9689801632389754	-1.4034082862153943	0.07500213529414716	0.3073709183634181	-0.6312997639322673	-0.8247975135498873	-0.42707701041772594	1.1833575136116254	0.3263447942533572	-0.5767901305118464	0.28824063760038493	1.094869528779013	-0.16225165488147414	-1.6105745756598795	-0.2794168012938246	-0.08347240970962976	0.6383298502999696	0.542102724203857	1.9796316909826728	0.5729126393340954
Br1464	0.03574	-0.00602181	0.000514995	-0.00129796	0.00423747	5.2	0.0205394170675875	0.96994	0.0	0.0	1.0	0.07895718143055803	-1.5974557335853938	0.48588913815332796	-0.39063162528527634	0.6356604873418966	2.2738269201998205	-1.133572399146569	-0.3795503886820878	1.6098993533169756	-0.2482300091741036	-0.0949964453797164	0.38462325434658584	-1.1342404867119162	-0.25232374275031505	-0.06128074763529605	-0.161273865011107	0.985737953674807	0.0375901082678356	-0.09180819138924182	-0.11311317872243724	0.052999562245143496	1.0748978988513842	-0.5820174411453536	0.6786452734618195	0.251008271404416	0.4323123872068241	-0.4175761369826071	-1.1013868873789359	-1.1398664661923248	2.3658475987948426
Br1474	-0.00992705	0.000202791	0.0118554	-0.00221847	-0.00396283	7.0	0.019227313822871	0.980629	0.0	0.0	0.0	1.1848595517188396	-0.10461382929650599	0.3015127425550024	-0.27054579484676083	-0.07106262278576343	-0.7586355303403762	1.6213075444323473	-0.11932152613877486	-0.6997271118366325	-0.6089968971150558	-0.6986880476693365	0.768669167184141	-0.7442658612470276	0.17539797323814676	0.5356708254212256	-0.557949470653294	1.417818982120669	-0.09233501824806128	-0.06327443767156493	0.6029105276137848	-1.031212338799311	-0.5524343720960415	0.977158308126977	-0.31457361252619825	0.6020840604667995	0.9173760045959793	-0.5287517628970785	0.892136734036909	-1.8229708907580604	0.32719703794549926
Br1485	0.0193894	-0.00357027	-0.00312278	0.000138177	0.00390343	7.3	0.016888478641032	0.966912	1.0	0.0	1.0	0.5134010179367228	0.6457070790633505	0.431489594929253	-0.20233097545289486	-0.3053251082061957	-0.9692271745164942	0.2283326696774978	-0.8254115793238813	-0.9020729915122869	0.45859274487686047	0.35036843755231156	1.1800254414890847	-0.12868479442660394	0.04328863685936975	0.2782660817809691	-0.5976857591752549	0.5045663498207971	0.5312793725454972	-0.35002450713541294	-0.3582065525923836	-0.4014939707451342	1.062201832973243	-0.28243548152931325	0.6632002007172056	0.1766885369510584	-0.5412226560165643	0.4410730131187628	0.020454932715886266	-0.7546918763144633	-0.8406734091847734
Br1494	0.036163	-0.00395223	0.00165156	-0.000630669	-0.00970856	7.3	0.0081285707608778	0.965311	0.0	0.0	0.0	-0.2657125374314141	0.1295268612128141	0.1124330684777288	-0.9430230820306675	-0.20109498966813286	-0.4051053363069506	0.14306222307745808	-0.5854865041195498	-0.25953589420389594	-1.1362265622782555	-0.019374154225709643	-2.1709172274567643	-0.6051804108781195	0.10862700964496097	1.6907555254722104	0.8973193870233241	2.1694253184257053	1.852527288786	0.31913021885608267	0.7790014089744439	0.9236010167504997	-0.4261957657306702	0.7487824463870242	1.3334140924175633	-0.2422927344253383	-0.3003814988702681	-0.13556827642473523	1.0464415855730158	-0.014889300016615167	0.15292889099152113
Br1373	-0.0127501	-0.00569937	-0.00167511	-0.00524315	-0.000956627	8.0	0.0141671784954492	0.969598	0.0	1.0	0.0	2.619439119411996e-15	-6.3317243577992306e-15	-1.8355306103691565e-15	-1.6762505888130697e-15	3.2118674673563618e-15	3.0252335901956716e-15	-2.283847154471592e-15	-4.734432902599414e-16	-6.8715631840063715e-15	-9.41601148571994e-15	-2.770946014313062e-15	-4.83281259115207e-16	-1.6162932125182242e-15	1.6767175600283002e-15	-4.696028076378827e-15	1.7411492825277604e-15	-1.850960840413991e-15	1.5565640107623746e-15	7.725438902877002e-15	3.7640126569261496e-15	5.398949351198559e-16	-3.2137829614696587e-15	-1.8937718420406728e-15	4.353437546678843e-15	2.9314214898619933e-16	-3.461292445165056e-15	3.2351446806657196e-15	7.716044965848342e-15	-4.399095233348835e-15	5.899865366723459e-15
Br1498	-0.0125879	-0.00372675	-0.00381043	0.000844494	0.00290376	7.2	0.0125143669168881	0.976549	0.0	0.0	1.0	-0.4972118283022366	-1.1192998338527085	0.19418534141699062	2.016757896244569	1.4910982882898771	-1.008992391234139	-0.03376109518194891	0.771056222286852	-1.5223389741607771	-2.858649008569379	-0.8186695517287211	1.466600892408331	1.2878549133696033	1.5753910443344572	1.8861433143981063	1.051797428314845	0.6804318496997904	1.7200035293676506	0.49017997066787494	-1.0365115558988076	0.23677216944880375	0.2874342061165247	-0.7947571148354684	-0.029034060652043153	2.286236198179136	1.7434403840986878	0.0008169479297193634	1.103896716737124	2.065185438833129	0.16814603490599098
Br1499	-0.0121918	-0.00106748	0.00630139	-0.00423028	-0.000319725	7.6	0.011575923790154	0.977796	0.0	0.0	1.0	-0.17960461141387607	0.24183010400364838	-1.3016249382079632	-0.6874195256124086	1.3318274975521642	-0.12295238589099886	-0.1081294648439168	0.6684582747175793	-0.4061563052756483	0.024309264273809632	0.05131727874072821	-0.33201191362294125	0.12075073897694798	0.8684996950558559	2.0245442254923978	0.2048835719463488	-0.7143111396712966	-0.08516653490623056	-0.03868511065705206	-0.49300888661683673	0.38091574022805963	-0.35793525092844014	0.979298730878986	0.8136120235008025	1.2672683140968306	0.7545839171670659	1.3387284796677823	0.26228533835123896	-0.058144072752191175	1.3662654409255581
Br1503	0.0262988	-0.00404361	-0.00253941	0.000234892	-0.00176914	7.6	0.0272326621739431	0.978229	0.0	0.0	1.0	0.053239207611983703	-0.2140105971098131	-0.911699842219576	-0.4126895525180386	-0.13528885788463652	-2.1007820628582077	0.14638584299534216	-0.7203374365956852	-0.32977938588387246	-0.12613964327261282	0.16937868664548722	-0.3392049355325829	-0.30342212378472994	-0.06309481696438884	-0.25018197775836365	0.8227522888649967	0.7090951027154409	0.7907347500377467	-0.6322348422841363	0.11225751393353094	1.1246427099969185	2.3345892693029215	2.0502023988331155	1.235037384167005	1.0109293961064352	1.3550498484419493	1.1417270033160616	-0.7102848511415307	0.43404266744183384	0.3780335409893333
Br1504	0.0338443	-0.00416901	0.00423547	-0.00242996	4.60064e-05	7.6	0.0150382958065189	0.967962	1.0	0.0	0.0	-0.9958746268353627	-0.7142811221093411	-0.12633618459422313	-0.05308647997951061	0.7470946682150617	-0.09882890094362587	-0.2365741728893002	-0.29105301456268606	-0.4306083906590949	1.035286044577421	1.2816292398659839	0.41128944543863216	-0.1803989107679849	0.05540116716956305	0.7095172194290651	-0.31631981345877225	-0.3539034725446447	0.8067861535227981	-0.790444923186677	-1.1886592023955502	1.11737596136933	0.2961680146436702	-0.17652807746193963	-0.41182212757890174	1.2397747985654932	-0.29121328971331717	-0.1799986900886786	0.1096172569271207	-0.5260760233473409	0.8701489581593833
Br1505	0.00259669	0.144936	-0.00940893	-0.0599044	0.00727106	6.9	0.0118075496317465	0.967297	0.0	0.0	1.0	-1.4040381758107854	-1.5780052944139011	0.16289929825478516	-0.22641633773043346	-0.03041980523361084	-0.08750498399974659	-1.0198232105400755	-0.7010066910935991	-0.15971153035959207	0.7653684557400511	0.22864672878665676	0.14200264118318753	-1.133145968284345	-1.1112543065072251	0.8751161732903711	0.12952863611185791	-0.029791336667175643	1.6451012417702273	-0.19045420603640648	0.08568153646340379	0.4515512434643211	-0.34346940017366295	-0.2730999474299786	-1.6035481024405656	0.20452965177464386	0.022024713019326802	0.06758241832803347	0.8820779932336117	1.501755188273224	-0.8399916276605585
Br1507	-0.0123873	-0.00340378	0.000111928	-0.00145876	-0.00200037	7.7	0.0149746928620634	0.975761	1.0	0.0	1.0	1.0224119164740872	2.705713787921588	0.46748047534233134	-0.5962631963786383	0.16024591930600493	1.0080727721006795	-0.366703174584622	-0.32065356926254496	0.4489438274268053	-0.23571906246377838	-0.5681324644685845	0.035932396942422506	-0.8489103630425104	0.4313897949929851	0.6273878091655047	0.7234151594807119	0.678624593375415	-0.0071984546512894884	0.18471838331279905	-0.8509877999004583	-0.7578611875215706	1.4244936531822556	-0.6603779816714378	0.10607021382247393	1.3181008157436807	0.38162338806305296	0.23147177016055182	0.9538698198985562	0.7140089672583688	0.1975616239533363
Br1509	0.0371914	-0.0051615	-0.000349591	0.00240973	-0.00593305	8.1	0.014075181899282	0.968733	1.0	0.0	1.0	-0.4867997594317095	-0.1591768327994502	1.031652331690689	-1.1706048726842322	0.9101333772983962	0.4339260907682307	-0.28671115647611	0.33437920057673776	0.31906973053870186	0.3812234968854306	0.010128698080512108	0.6798377372077049	-1.2282347663630433	-1.420398228599481	0.07197907687730722	0.820590732683846	0.056911496468100134	0.4027871254853756	-0.08337155466151873	0.6664293667739372	0.4941107809837278	-0.38414911139282526	-1.17454344655247	-0.5496228361833011	0.5190112660585123	-0.5917652741658204	0.17651377673870947	0.27335271301962355	1.3154817856922787	-1.919200274394289
Br1512	-0.0128705	-0.00349958	-0.00486352	-0.00156736	0.00164321	7.7	0.0187860009138392	0.971744	0.0	0.0	0.0	-0.3853528209651241	0.603898002840843	0.7707794742276917	-1.0588475514503932	0.24449865659701306	0.037873883819113545	-0.5685042133592103	0.6469070259289794	-0.5312397516527452	-0.07514215761375315	0.21890883979081602	1.2093414069767718	-1.5657181375404663	-1.3682655509789272	-0.11515325767491653	-0.5809913128323149	-0.16675844263462344	0.9213572693044128	0.11154003776016355	0.7536957113091726	0.9391035201291231	0.031023039591369976	0.7649512990107836	0.7859081328232054	-1.300186174543159	0.24696887005447785	-0.5169772348186673	0.5374587432737428	-0.4594880759495808	-0.7403807821195982
Br1522	0.0178829	-0.00593535	-0.00149412	-0.000261626	4.54032e-05	7.5	0.0104458929946176	0.978235	0.0	0.0	0.0	0.39489458917623915	-0.06505241172319827	0.736653331882939	-0.9409428454054612	0.26661196419984157	-0.5242245255548402	-0.19220461379013354	0.36471947945015626	-0.3482333245188936	0.8974095745733092	0.5513545475145989	0.2294067779216465	0.05189705196554877	-0.632679278884235	-0.4280569911916775	-0.07331797397888899	0.49457985246464886	-0.6628889877077266	0.5355746805377679	0.4997293282751725	-0.2026097863703111	-0.7948978649070291	-0.2975381004228636	1.0559484285929046	0.9044347689144597	1.1872497605998091	-1.4266048440157209	-0.7931749834965616	-0.6169372053630585	-0.3062375022521487
Br1524	-0.0127576	-0.00455436	-0.00545665	0.00208599	1.75508e-05	7.2	0.0180452189738259	0.968238	0.0	0.0	0.0	-0.26259922925835555	1.1771630823911772	1.5444591977505078	-0.045976766278485744	-0.7332863061029844	0.7624386304621112	-0.49292373476559026	0.012478851319634183	-1.043569764461167	0.539499866592166	0.13877988379727582	0.8394332922254845	-1.2202471126484145	-0.06835863671639664	0.5723330914186079	-0.812712264588143	-0.20771990523389444	0.13789288492702995	-0.4647696548228868	-0.7815228257641194	-0.5329835798085867	0.01969226927235046	-0.6093409249970043	-0.32829974478069546	-0.32532505281882895	-0.6602501798475463	-0.39896678170768407	-0.15574712137304017	-0.07483449294454807	-1.1272546826643797
Br1525	0.0340255	-0.00283513	-0.000206818	-0.00238567	-0.0113159	10.0	0.0175554731509831	0.970602	0.0	0.0	0.0	-1.750612908570907	-2.6949784555892458	0.6523874380721786	0.17726133513149556	0.6628875746401844	1.25907210941537	0.23371098372635962	-0.14352796600538664	0.9542115746172811	0.9019976964910312	2.0035730573484636	-0.25904965987200335	0.6717181213425817	-0.7535280959421349	0.5059487196030209	-2.0132737306706687	0.275650138732499	1.0371389359594179	-0.6090038511772325	-1.3222069395206528	0.4817824564627571	-1.038884528371023	-0.8681534248358124	0.5519696662235268	-1.063341264756496	-0.23567711059404328	-0.11689123628630739	0.9867192843447782	2.1242435562892203	0.41396220131695943
Br1527	0.0380838	-0.00478088	0.000857709	-0.00351507	-0.00502923	7.4	0.0082836217309308	0.962167	0.0	0.0	1.0	0.12060654221116654	0.5062088761542138	-0.4261252126071015	-0.6804397515800595	0.8599966934014103	-0.8673809613797633	1.438814210828581	-0.7937090605777742	-1.5414064292432035	-0.5485843973450463	-1.2825290842130754	-3.2941264478444885	-0.40325750649978787	0.20592192979294335	1.5997797730084538	0.016191628035505865	-0.7431764645325006	-2.4911086223239463	-0.7013770100010642	-0.8806251450571412	-0.13898610897099303	1.597230680045695	-0.5939915931198679	2.4329801102441353	0.8425636051726442	0.17684286494497506	-0.36025483313487233	0.2673781816279419	0.9835293514443326	-1.0019758228378852
Br1528	0.0229526	-0.00569957	-0.00104282	-0.000143299	-0.000183598	5.5	0.0135597430702076	0.968285	0.0	0.0	1.0	-0.1179486645961982	-0.6389160611321962	0.02151088241880726	-0.8377734233289331	1.1751911699210884	2.4093018369563217	-0.8968760975847868	0.26911724166108825	0.9380936764862138	2.027890332093015	-1.8110734728211295	-0.8692415825942639	-0.21295850415794468	0.8260591243521588	0.6024501086360362	0.001547578886843456	-0.3316205347486026	-1.562631722700204	-0.4177972619916298	-0.6333277815146874	-0.8185018054329296	0.8795485545582798	0.16627826942869148	2.0562878379575245	-1.4458342365599492	0.6145695995713881	-0.053861058298406164	-1.5240747531737862	1.839878969531854	1.9899403207453386
Br1529	-0.0129366	-0.00456869	-0.00505662	-0.000996232	-0.000482983	7.3	0.0130273420013865	0.979373	1.0	0.0	1.0	0.367303084504113	-0.9428241609485422	-0.36646189064757667	-1.4513880440685007	0.2751775143743581	0.15467775743029238	0.4228300445278692	-0.4942884817985551	-0.135216114685305	0.5899400771162371	0.8305368258822987	-1.1354815642906122	-0.3135892755216724	0.2237104730959953	0.05040089885519058	0.7930642251827127	-0.34188390702044175	0.9629794703176845	1.1566335885942167	-0.0034948283983541597	0.2786966893427285	-0.5003610305803767	0.48343501601933203	-0.8819726840007674	1.1022435023404376	1.124478522269628	-1.2305949733334034	-0.5552150917176062	0.9915950534098421	-0.30691093200818004
Br1532	-0.0116373	0.000266897	0.00951726	-0.00552923	-0.00295661	10.0	0.0165088375060234	0.971241	1.0	0.0	0.0	0.16182803727405878	-3.2486176553497836	-0.8591403949262904	0.3971173048246473	-0.1408990959624385	0.27541558842299735	-0.3308589176814365	0.026767505537711907	0.5512153045279297	1.579909307851965	1.1456558574799478	-0.029021165750432714	0.10108716798268101	0.8826555233253133	1.2321432639491714	-0.6272786325244534	1.3089514381799248	-0.6409385656639259	0.10326836789499845	0.5749452164877459	-0.008134109286598865	0.8538004874391986	-0.992113105275235	1.5047498799183152	-0.9092572342872667	0.5276852745944413	0.5858892128252041	0.9193011617166131	-0.46105230884208354	-0.16879587147294614
Br1536	0.027069	-0.00593718	-0.00587619	-0.00275273	-0.0108969	7.8	0.0176020506852135	0.977046	1.0	0.0	0.0	-0.5614800228234457	-0.05845405286247003	0.4972638035916661	-0.658063815012788	0.6820163757010489	-0.19670266555729926	0.35177963642990034	-0.6437498426397741	-1.0570790394860359	-1.4075638136049229	0.2384914804816685	-0.6383002408695886	1.4754031801155532	-0.8303587080344799	-1.2622033554824745	0.33213394134116386	0.6882156675723907	1.3227136730738105	-0.06645009987591459	-2.201239201009216	1.461411401600232	-0.3444646761992879	-0.8975278290440967	0.7935481397019255	1.22700693159073	0.05036713277118245	-0.9698477198620529	0.40822603110586636	-0.9848483000763522	1.214824542897441
Br1537	-0.0128279	-0.00633185	-0.00476181	-0.00294671	-0.00197942	5.4	0.0193738444188092	0.975064	0.0	0.0	0.0	0.9521919427906842	-1.5671861375413447	1.2368922432671328	0.47304793791807176	0.7916137072122199	0.8789108942269617	0.346685853388751	-3.1618386227106767	3.9919331734956303	0.9695171497278832	-0.8685978970974465	-0.5859998881830688	2.856900753355645	-0.6443410596361994	-1.7159583107790775	-0.16566869015041855	-0.026646943675810015	-1.3637031568103626	0.6326822884559593	-0.24566036740725783	0.6141940900921545	-0.6336254386724599	-2.2597832986831943	2.216712573270527	-1.1633905167628467	-0.6973367734533509	-0.34075367072751445	-2.044453123095346	0.03412331219151119	0.9639718998872662
Br1539	0.0418455	-0.00265308	-0.000330676	-0.00215158	0.00246444	7.1	0.0152594046641297	0.977889	0.0	0.0	0.0	-2.225835952635391	0.5876626836292881	-0.6992621359049802	-0.9329481297236092	-1.1336837247594251	-1.9151329722461121	-0.03883462751233384	0.8004234902484879	0.47789822864535897	0.8281076486230426	0.7759798371988372	0.41439039251275733	0.5147108413092154	0.6202093018756595	-1.1096731263014479	1.7508584263101716	-0.2626809665627921	-0.27866328636297877	0.9220669687147209	0.8160978805743184	0.01398171647894467	-0.1263474960350498	0.36726304495521284	-0.450175667525991	-1.237435799017604	1.0202293306245238	1.7516718738881096	-0.3713880700037007	1.1656658846451537	0.3674083480659024
Br1550	-0.0121499	-0.00457288	-0.00409419	-0.000778644	-0.00475871	7.8	0.019380410753852	0.975769	1.0	0.0	0.0	-1.1558557010716264	1.496785723665347	0.05663257486479631	-0.22798477482827267	-1.160596997855087	0.3156483827085087	-0.20932501853744065	1.9365211025347935	-0.10296329686889263	0.38303526038455127	-0.6189742841080177	-0.024422121245609482	0.7001537821198882	-0.578583582488847	0.8503234853161006	-0.46998823927692307	-0.0161173933418876	-0.8381717741207145	0.019968806243709954	-1.1891105634029144	-0.9096731259003256	0.6118324983362674	-1.0404464565738036	-0.0491335685389585	-0.12018601526900988	-0.48623957956102526	0.6554385277741835	0.4422182595250178	-0.13170284653071235	0.42578249465778495
Br1565	-0.0128595	-0.00486435	-0.00286177	-0.00348916	-0.000485544	6.8	0.0191441027592466	0.976607	1.0	0.0	0.0	-0.9643195027336148	-0.7597761255583876	-0.4424654797257721	-0.8188522017009295	0.2414055001938892	-0.474052006282294	-0.5879336515306347	1.2922987084699955	0.06481743593790262	0.7915584783537432	1.3296155345871208	1.0718188765007313	-0.09767945694838186	1.649486868975913	-0.9632965085232754	-1.3336310342451154	0.4965460108355251	-0.349748431383269	-0.9760243553301011	-2.5548552386717183	-0.6358417378321526	0.017427429274304584	-0.8589655139020818	-1.056315991005339	-0.9817092864894057	0.3216074965620922	0.17809051579077315	0.5492254319183593	0.8604985524262537	0.3269255840920415
Br1568	-0.0132757	-0.00590997	0.000224052	-0.00137406	-0.00108007	6.7	0.0180185281291525	0.968816	1.0	0.0	0.0	0.23135246604156398	0.06305174267684226	1.341425811230545	-0.483749164931052	-0.24064027604901223	-1.486788195751329	0.2150165453610689	0.2872766265022592	0.38773690886338613	1.445495848568928	0.13193084996803017	-0.024645279370773345	-0.042700356485626006	1.0780466142123248	0.11673809801548249	-0.439749531077839	0.2353445662847063	-0.49069910997822846	-0.172642396111864	0.07434851849200746	-0.3263695274305135	-0.3425327415065615	-0.24550860285008616	-0.37317619305332433	1.2266364049503335	0.8916822626917008	-0.04706342779042939	-0.4435995065931011	-0.5315289906564593	-0.7505168950722683
Br1573	0.0322005	0.000596495	-0.000499231	0.00690358	-0.00196658	6.9	0.0097196640252376	0.983567	1.0	0.0	1.0	-1.0072327006020694	-0.9843736706821726	-0.40512228255840654	-0.6514164786858296	0.1303869573592164	-0.1474952591795642	-0.7201593155435936	-0.650137145661893	-0.6951075406711236	-0.041690906692059805	-0.7284655606530369	-0.6256035854950991	-0.3373455658392086	-0.1144164930985568	-0.4198905721256491	-0.12550674889939656	-2.3361953195877647	-1.6455104172146882	-1.0568224707043028	0.17596227813345724	0.7063746983623521	-0.7179709919988759	1.175224596102291	-0.24998752725739382	-0.12421072051879552	-0.6901850881642674	0.7467380307191832	-0.33449059839337103	0.2767852952918229	0.09245964357030433
Br1579	0.039394	-0.00427554	0.00242531	-0.0061134	-0.000430261	7.4	0.0088054781483527	0.979691	1.0	0.0	1.0	0.30483037482961384	1.5418273755572798	-0.7463567620337526	0.01816487317338689	-1.104826847197644	1.78340167623355	1.1828623831021057	-0.199519124253766	-1.2852006256432602	1.9271198455977938	-0.8266027130041039	-2.8570565781984647	-0.15040494985236255	-0.5185869970463766	-0.1633250540999156	-1.122521195645431	-1.2826421610792957	-0.43242643583332224	0.03747720228594635	-1.9862369098902595	0.6049894019862073	0.042190953598635436	-2.3885599891744898	0.15301984977091374	0.3101825089137524	0.17530612733368875	0.8891874341300393	1.2581520577948362	-0.7570594293895159	-4.447242396700746
Br1580	-0.0125342	-0.00314978	-0.00162829	-0.00120021	0.0037221	7.1	0.0119486801955132	0.979604	0.0	0.0	1.0	0.42386329408213097	1.4708785128166157	-1.0868848351665255	1.6755885383035012	0.8135776937843447	-1.122564047037548	1.1237391190716013	0.7854640099026572	-0.24727491031827767	0.010423159603659332	-0.9911776193699626	0.9175724908839115	0.4775301531308567	-1.2893846440614873	-1.3657642918748745	-1.1300215508685285	2.6166349097490564	0.08285830637322583	-0.08321572979881559	2.6166838819821012	-0.9052155673609245	-0.21000445009101057	0.6450219887428473	0.6541871652145167	-0.4483921471958445	-2.8164318766639824	-0.6844909442909137	0.18300710517046836	0.6099483387127693	-0.35475115129883655
Br1581	-0.0122102	-0.00424242	-0.00509613	-0.00290021	-0.00293395	7.9	0.0179775734473644	0.967479	1.0	0.0	0.0	-0.4908892261142804	0.9223072933858519	0.6236043193684071	-0.587247858143649	1.1600605127481254	0.02439695804969665	-0.23706640732014025	-0.052005831912006285	0.5189746007884282	-0.10641354189772606	0.7041115166053218	1.107537371773338	-1.262313610151645	-0.3899801170748181	-0.0526091658113522	-1.4785847248502426	-1.0851869696573913	0.20787959484436247	-0.6200373556874104	-0.9066846206471402	0.7217765041544334	-1.3925081454574306	-0.2528925446873031	-0.7698753299129555	-1.4652544951981559	-1.3500599929431925	-0.7499162185266653	-0.04534327707584535	0.1445520891462335	-0.33193604796874554
Br1588	0.0322888	-0.00457052	-0.00586732	-0.00176389	-0.00880861	5.3	0.0112976266174709	0.971945	1.0	0.0	1.0	2.0621318699701794	0.31945367067661673	2.630922058634806	2.5242283205449536	1.154450634013795	1.9023982335737737	1.5554248686181638	3.3957863082733684	-1.7973767798738942	3.36924341885872	3.4963986771491133	-3.1154306123902966	3.2264677816373353	3.3108434714958173	-3.910733260258842	1.219736182093243	-3.0395925875391865	-0.7671942928175636	2.1428167856455262	2.3843170780641523	1.9030954894926	2.561325987543049	1.980981482918528	0.021911680145625417	-1.4432507364203835	-1.9425744622794536	0.9363638278216875	3.8361674296899255	-1.7302562311485936	-2.6960675316975604
Br1590	0.0417934	-0.00321305	-0.000624124	-0.00588936	-0.00100606	6.0	0.0129081898705624	0.97624	1.0	0.0	1.0	-0.36007913419956156	-1.8178746089088889	-0.0971703746917783	-0.2668010147615245	0.8914239078988418	2.1228268003389146	-0.39530619018143087	-0.3216995411971556	-0.8906658170569952	-2.4008777404499906	0.7159798947564713	0.23517226434486987	0.4269639230211508	0.23159419275404058	1.3253521271588025	0.12262295817060741	-0.8587677487842497	-0.6031921962063387	1.4034159894243687	-0.46130231983551195	-0.779864439272261	0.5238991835686289	0.018880232232098487	0.9569481183843709	1.1089832218287612	1.4401776877905477	-0.4048579643409639	-0.9587845800212316	0.1528806985830641	1.7831765877736518
Br1594	-0.0127449	-0.00313444	-0.00466138	-0.00196396	0.00309469	6.5	0.0130156664125248	0.974715	1.0	0.0	1.0	-0.08352512843306632	-0.7094086191574265	-1.0483199232184504	-0.3592836960228637	0.24008655215799132	-0.5338547428333928	-0.07195523194978001	-0.5342780208784671	0.4255948369645365	1.242314596335694	0.23649930632371124	1.7464738090668204	-0.360052896286957	0.7324613511560744	0.45276687113778896	0.7635396011164052	1.1290830718165688	0.6964130831650072	0.49325931123832295	0.34794188864370845	-0.7848316721018116	-0.4971459686941025	-0.005562204645561786	-1.2252174566275609	-0.26325225799093105	-0.2517786401005587	0.19548694326571298	0.9197437687715847	-0.27297019498464054	1.1069987053841202
Br1595	-0.0127909	-0.00286879	-0.00555627	-0.000887622	0.00072069	5.7	0.0154068603652218	0.976811	0.0	0.0	1.0	0.8578057768822298	-1.2908545647935843	-0.21547140983344448	0.08569520327968493	0.5489236119835389	1.0565871615216196	-1.2269878656109328	-1.497359392787536	-0.9093452887997971	-0.6961776865994491	-1.9533463118851362	-0.16997976756672417	0.0852514292142501	0.2535880785912398	0.33123358911678347	-0.10569126852006747	-0.887113801752141	-2.2497402734564727	0.8637708068728395	-0.3343866687074995	-0.6322986911223026	0.7835506806655712	-0.4278540379205021	1.6440454483510063	-0.20225838742304517	2.0932905533308275	-0.5174534511468184	0.05787796239680085	-0.2024833495258185	1.0422050499218956
Br1602	-0.0127422	-0.00646022	-0.00353664	-0.00554183	0.0017007	6.3	0.0138308969441324	0.9647	0.0	0.0	1.0	-0.6596780024796852	-1.4951942128044273	-0.3851287319053066	-0.1746428384625143	0.05095622195712692	-0.313216992750524	-1.0860611362294081	-0.3631156939373352	0.44510850765234067	-0.17079933632882763	0.27074329095437427	0.8879195831246688	-0.7318250698908878	1.2267504937225078	1.5852010978154198	-0.07941053347766018	-0.24413976160413453	1.4728042605281184	1.133376960642051	0.08797466109601927	0.46307119217339193	1.6587066744785914	0.6848035656077892	-0.7028113289150847	0.9514896405054956	1.1131449707492338	-0.3895700968110244	0.29208845289133556	1.2581497247553377	0.36193862720751674
Br1604	0.0334649	-0.0022835	-0.00144279	-0.00217116	-0.000599959	7.8	0.0163421589762506	0.969638	1.0	0.0	0.0	-0.544289553306696	1.1530164759450772	1.1875323174362864	0.4900990611941159	-0.6246348986372949	0.28011402303177557	1.269410212570595	-0.9631552420309143	0.015567598612082968	0.46841859945455233	-0.5479272832345632	1.114283604836146	-0.14448293300592832	-0.0715106222832017	0.8936549352218913	-1.0390156046398131	0.7190272205745077	-0.5843197852275525	-0.3357228621227738	0.26495525047894875	-0.8331842176669658	0.18248330233069154	0.8419574814971166	-0.24567596461118846	-0.09739269059323964	1.0316876109217308	-0.3519376300643681	0.33530803827062783	-0.434841589253055	0.11466740072680326
Br1605	0.0283403	-0.00506843	-0.000793262	-0.00412713	-0.00053381	7.5	0.011161603834185	0.976136	1.0	0.0	1.0	-1.1853174580340675	1.6114436744673175	-0.49170168388835694	0.34652393369027074	-0.09988841285162117	-1.0237092368949894	-0.4699407985331068	-0.7964025545263	0.9652101918807947	1.2062748291849226	0.0947843042053659	-0.5323406076586432	0.5949958272660195	0.3026147884325696	0.7669294031917243	0.4948618149839285	-1.1168786680879674	-1.2698278531639704	0.16368541773002013	0.587061325619736	0.017980833041746823	0.6806886809029342	-0.046313021218642315	-0.7489240330675072	-0.16717509053708268	-1.474417821383635	-0.34650973095693033	-1.4204090753794028	0.7253755311102867	-0.6574713161232768
Br1611	0.0335959	-0.00471531	0.00281457	-0.000552412	0.00822169	7.8	0.0097293095873594	0.976329	0.0	0.0	0.0	0.03138021719516752	0.5858062427659835	-0.48259147436378425	-0.18549918429416065	0.9746086471620088	-0.46694661807202426	-0.8429649253209089	0.6059834708805496	1.2734251340672609	0.3928209123189955	0.31202044278998925	-0.15690965944952184	0.34345727866932707	1.0525277030418585	0.622264557116738	0.5962164439129186	0.7066404226700166	-0.5093981250847677	0.06125559944849336	0.8721768349050342	0.24341637996848478	-0.9939361208958166	0.20877749486778122	-0.1610711439214435	0.4724644158321055	-1.290935454398296	-1.330010997772698	0.3828281017155026	-0.2651251477449261	-0.09728351836942264
Br1613	-0.0129204	-0.00521499	-0.00377299	-0.00670178	-0.000680634	7.6	0.0162837228892781	0.975849	1.0	0.0	0.0	-0.1955585284274949	-0.936925952842165	1.014777710809442	-0.23896241562681247	1.5740665716680704	-0.25198336168029684	0.46891492812273333	-1.3438530171229837	-1.0975991725795078	-0.821148687349696	1.2031238784352345	-1.295213163250753	0.6905742476109052	-0.23962649524657476	0.1422876277118503	-0.7994205192276732	-0.35218752492161337	0.5904454430765549	1.4072526956383338	0.5466011953203639	-0.1108116849963231	-0.06102947938659413	0.06801954074412028	0.17191761854932724	0.4775016276004632	0.10716074503851925	-0.1218662017629711	-1.1035604920490523	-0.8468487308846497	0.26855128643392345
Br1615	0.03696	-0.00370375	-0.00254542	-0.00222812	-0.00438703	7.5	0.0178577543341034	0.966552	0.0	0.0	0.0	0.2546044587178127	-0.18258028008975669	-0.06910847648726667	0.39822198349399046	1.8385715377117988	-1.108954639504257	0.4337804217718631	-0.5311697346306758	-1.0922712671642891	2.2390752207192386	-0.13880481280839213	0.7994995601948156	-0.5074140157460625	0.6933178411403988	1.4803111846948263	0.12537532334963528	-0.6598713196479613	-1.509991034664227	-0.1503862313564184	0.46691896162932184	0.4368740879960877	-0.5418439585785384	0.8752006746159944	1.038797434140949	-1.638066704119111	0.21562072290166867	-1.8405209295626748	-1.0834609944602513	-0.9226365975255648	0.14573323448470862
Br1637	-0.0127194	-0.00426638	-0.00224754	0.00144001	-0.000454193	7.9	0.0138529709806802	0.971166	1.0	0.0	1.0	-0.1317652670925999	1.4980335017678317	-0.3874423354886979	-0.13848930088286918	-0.06549785285575267	0.6139384637989098	0.13467508534678496	-0.8254089836145673	0.986733445158604	0.8616797760360795	1.086970849834629	-0.005779129493954804	0.3638827299316202	0.6066490444596561	0.8066180223002828	-0.3980296621114628	0.4961732458271238	-0.048925028417388335	-0.38731669937523017	-0.597679415557637	1.0660466412120972	-0.6484823648996371	0.9858973039871881	0.9093833672370084	-2.0637454104523347	-0.04555676858469104	-0.3318294179984222	-0.5785268871767179	-0.6081735673359459	1.0305907329734056
Br1649	-0.00942566	0.0168724	0.00215098	0.0430852	-0.00183234	7.6	0.0165813550210827	0.979356	1.0	0.0	0.0	-1.0749236865569738	0.01096495563652611	1.2022272112632253	-0.7426141198152539	0.2240285368746793	-1.483609585073558	-0.016690409837732904	0.6807592292874715	0.6153662786623113	0.5447003226147384	0.33263536026103585	-0.47411977058455745	1.0448599697543295	-0.42914930766610504	0.7007369942850772	-0.443554780061489	-0.5436510055036603	-0.20324137236743722	0.9030116646521186	0.36924532373515057	0.059770448034351255	-1.186187839956254	1.153941233571879	0.23044372594450965	-0.48666918990378627	1.580835557056483	0.18568766272091342	-0.5341639557776977	-0.1367176448200778	-0.5739755851586403
Br1654	-0.00960007	0.00359478	0.131728	0.0166513	-0.0848198	7.6	0.0114627400105228	0.972394	1.0	0.0	0.0	-0.3630959494101273	0.7436363405747575	-1.3922315059161854	-0.14905425775457198	0.9042711415734301	0.8224090214606062	-0.7620736542768126	0.8014962331521303	0.9134599329835708	-0.3170469150972543	0.4626594967183518	-0.7728715249711017	0.25604068622068016	0.29602062162202225	0.7703743661293364	0.388536565581613	0.8667942999777809	0.15796384567138763	0.1829553929718947	0.48895778023921443	-0.6390658403701227	-0.4083527235883762	-1.1542155619780223	-1.4417153188632703	0.31836478073603036	-0.06457922265472799	1.371713392794868	-0.7769320552584617	0.6479475576518344	-1.1525065409103614
Br1663	0.0278257	-0.00240548	-0.00085442	-0.00565886	0.0021111	8.3	0.0145792812756438	0.975652	1.0	0.0	1.0	0.8763933974910221	2.156447557765213	0.08465176687091232	1.2453997136160457	0.9496579183482149	0.49604272438253544	2.474288110124977	1.0851539616136774	0.025896207793312698	0.14093369490042745	-1.7757912146684485	1.2496760289062034	0.9838722795244651	-1.0882239309906279	-0.026188001615359894	-1.767555013913717	1.569619181685052	1.369855685527694	-1.2446863425997188	1.5677260983932841	1.0166911351782104	0.6962505367966734	-0.7980047862167486	1.134081907254634	-0.010249878248593736	-1.1863519967157479	1.3425942066328904	-0.7547801629850045	1.6960917156795818	1.4144827479642923
Br1664	0.0262527	-0.00487126	-0.00207551	0.00471572	-0.00435298	8.1	0.0143184945368507	0.976308	1.0	0.0	1.0	1.1502002936763052	0.30368339131193567	-0.6660702113199393	-0.5477945980625225	0.7916091808542832	-0.4679041248265147	-0.5915893860362468	-1.502466284314795	-1.981016888052033	0.541396338735164	-1.2201208212423824	-1.8928873600771527	-1.0265618811017363	-1.0952196439955333	-1.3969752534987299	0.42698855001692565	-0.8282647826046434	-4.194424804734635	-1.5546307104836412	0.6634675074917917	-0.3168487380285145	2.251731088128989	-0.821877145148383	0.34482002190758826	-0.8746698242112996	-1.1173625650621601	1.496197642847662	-1.0179067961940618	-0.4654771490526495	-0.5350304245256046
Br1665	0.0384146	-0.00462785	0.000545897	-0.00256221	-0.00544043	7.7	0.0137708940163606	0.974682	0.0	0.0	1.0	0.45570299797840136	0.5594286699578418	-0.11621037311276983	0.5346266771889121	-0.6341479980580383	0.14690159033105699	-1.2648409698726237	-0.05570304508093404	-1.9162632049696013	-1.1423115575840823	1.1718209340525303	0.8979150046119706	0.4338907359062069	-0.11791838842044165	-1.1037591465004217	0.5404547225555372	1.1701579020818242	0.2381761178151158	-0.11722238891087867	-0.08389171657178801	1.6908825850564448	0.5891445330719174	-0.6651772546876777	2.723366350241645	0.46073664859597857	-0.4852975074087551	-1.1977518421247149	-1.1102285717058884	-0.8237303624517912	-0.005916376093108419
Br1667	-0.0104709	-0.00230808	0.0154674	-0.00386431	-0.00989329	8.4	0.0105140708084212	0.97061	1.0	0.0	1.0	0.6209233253606771	1.3102615154061652	0.44774800282707017	1.0658606056147308	0.432787166538904	-0.6656153087469397	0.5637580350528297	-2.2920009333624036	0.5388745922775734	0.9946174116442508	0.13419663632713635	-1.135232219412177	0.5686289537047708	-0.7304160825595013	2.04808579914001	-0.19527471605144123	0.2448961224298043	-0.9180308259951061	-0.02762174912583746	1.2120714030408895	-0.5160268726171058	0.24696191058869035	-0.31904344324301565	0.32245798821491134	0.3324824004632134	-0.8442299540151044	0.3494736930867482	-0.5773212870005784	-0.6878614933581173	0.6154021025506542
Br1669	-0.0129612	-0.00540442	-0.00494392	0.00126254	-0.00030442	7.7	0.0117769344874143	0.976387	0.0	0.0	0.0	-0.3705047302456624	-0.2437752575673001	-1.5082414717152528	-2.302674301529733	1.9057689412968617	1.1479356184258716	3.5501620765323776	1.4782342557627781	1.5580821408190304	-0.9071377530786195	0.1590555333050427	-0.5209010195287319	-1.3598112959399393	-0.7699959582316573	1.6128845455179766	2.925644866128183	-0.2916734723243285	-0.14747217990540015	0.885436127940081	-1.1413873722592933	-2.278537701239022	0.72870107349957	-0.5627757648272255	-0.9714717406780621	0.20995163962233973	-0.9174821465548001	1.18672673133832	-0.5204672412976492	0.6340376014818775	-0.7530325262566439
Br1674	-0.0124607	-0.00497475	-0.00033852	-0.00578862	-0.0013718	7.8	0.0152258531680242	0.959223	1.0	0.0	0.0	-0.6511089799075791	0.41838110614195884	0.22056965802668996	-0.41343185577934954	0.7355340105351728	0.4331557013222852	0.23730403869474892	0.1452300224989573	-0.2518191156479081	-1.9316545908035545	0.1708117593415896	-1.8517951640334482	0.601405309240852	-0.3877808800910879	0.7982868901915037	0.8244522018028988	1.232009518081121	-0.15116423968200116	0.17247929301218162	0.3506220889492483	0.3276481477764428	0.15026265581964504	-1.0120203617244081	0.9574105906918694	0.3696601796428522	-0.46482029406315417	0.6676602941612197	0.9765687259651148	1.3461205622153265	-0.1630569353753147
Br1676	-0.0102866	0.00123626	0.029399	-0.00489917	-0.015765	7.8	0.0109464557828216	0.980245	1.0	0.0	1.0	-0.5228886751241139	-0.10511426662740289	-1.0617452882346419	-0.5372606881739879	1.5483886874729123	0.9970120459458928	0.7344327725367021	1.102608530363732	-0.6349463162101018	-0.2701985057151219	0.7116476533767124	-0.7594155111240402	0.9653366826443052	0.23632795316572552	2.1404129366746014	-0.06650314533284642	-0.5893439086140225	-0.7161517550772519	-0.3221246367218989	-0.30999742879930753	-0.2711833281969513	-0.10768090651733694	0.02832480751279846	-0.22701614534650755	0.9027773502201413	0.49265047514166266	2.682332523830533	-0.8288024268951925	0.016908923191491884	1.14028604712077
Br1678	-0.0131515	-0.00439214	-0.00693005	-0.00318646	0.000610719	7.1	0.0213798635919307	0.967393	1.0	0.0	1.0	0.075822890014149	0.5555717721158641	0.9047040622961976	-1.0227090649606099	-0.8267131226145756	-1.5814923773507452	0.09456050699008611	0.676172982311173	-0.152005025422459	2.1416405108479544	2.0033108580571186	0.7292326692724431	-0.15061037450740436	-1.5350164181897967	0.5581657642455403	-1.1033528266090982	0.13707326388220162	0.16754974579418294	1.0093802404844838	-0.3457725609451442	0.13192394044800582	1.2529305141855371	-1.0965582493962536	1.5922201246373524	-1.0812894984388455	0.8109066942387374	-0.9358161688938963	0.2517921476322017	-0.42455726848418357	-0.6403869743768535
Br1682	-0.0132961	-0.00436453	-0.00790008	-0.000758403	0.000949289	8.0	0.0236087091280538	0.985081	1.0	0.0	1.0	0.5302141087507607	-0.37034051951845687	-0.16646809245160504	-0.9073363265992749	-0.6081877332570476	-0.8326005722400435	2.6394275547649295	-1.7719132758653413	-0.03609684966506781	-0.08772503074030656	-0.33658877714617913	0.5419707430707825	0.4775672712960606	-0.5280760288751233	0.5175360176194412	0.6005626591901633	1.4706128799676064	-0.6106665114082639	0.23337799320353012	0.1353812623104143	-0.8849531764606756	0.2624751893147745	1.7496563604713575	0.9019680009746122	-1.575062180521509	2.304726784746227	-1.1226096014938742	1.4076369761766978	-0.8279094076727052	-0.7862034719740176
Br1688	0.036188	-0.00345065	-1.04438e-05	-0.00277146	-0.00238243	8.5	0.0155139243275706	0.967536	1.0	0.0	1.0	-0.12754088106850145	0.6645458561859114	1.1354723365327424	-0.9531207132818966	0.9421849977669322	0.8628176709135539	-0.6670705589360687	-0.5234365793230975	0.5990688710630413	0.6943927223239934	0.30189702251975564	1.0267858525917117	-1.5788364965722885	-0.4538761009174013	-0.18178084146359216	0.8537544671399695	1.0878394095474273	0.2123956785845325	-0.9839282075545215	-0.24143136689096079	1.5973683734416984	2.368694260427509	0.029313334123364395	0.5416291519072072	-0.9433915404799643	0.6310163754682705	0.46349341925747845	1.3962751035059362	-0.7120794137333657	0.2449571973968022
Br1690	-0.00573382	0.0490052	0.00906111	0.115336	-0.0059147	7.4	0.0108744271005852	0.972369	1.0	0.0	1.0	-0.7714061197647402	0.4875830562313526	-0.6127127889145336	0.29570252937352093	0.2874221392078418	-0.8726597320950736	0.24090390278258997	-1.1316889229366165	-0.2261456376578206	0.816287253839157	0.8927375508228566	1.399685212272052	0.47017141140047103	1.0960224703451855	1.6641799736946048	0.8139432583095367	-0.47421059701211477	-0.24150301480234246	1.0981957854145779	0.9468450600241026	-0.8739348302284788	0.524913785075454	-0.3981616137479844	-1.2270851110020047	-0.06413581719657507	-1.0149503448969721	0.6747240676106188	-1.0096664600158385	0.3959773491922807	-0.6007369252920806
Br1693	0.0376602	-0.00488155	-0.000169848	-0.00118447	-0.00762685	7.5	0.012512985022395	0.966909	1.0	0.0	1.0	0.145108150998799	-1.2564171690172738	-0.03213054960669301	-0.4679552431115379	0.46858767644225113	-0.6353707701396846	1.7354268071284902	0.8912663229241955	-1.2504579454627092	0.6173531826918873	-0.5416960129940667	1.2276256328459527	-0.4633334672780701	0.08534254387963079	1.6378936748029604	-0.46359570811354506	0.02447587716630797	1.4770100846825656	0.9340238836409411	0.015268459990881104	0.6616978211613609	1.1441419620849786	-0.2274965185479117	1.0158058536035013	-0.6784201374016429	0.7099279014594713	-1.3659604012293778	-1.3344411188051564	1.1592421735622458	-1.6029872411881414
Br1695	-0.00994431	0.00102351	0.0340428	-0.00737715	-0.0145092	7.5	0.0179278832686139	0.978855	1.0	0.0	0.0	1.4372396765951148	-1.278114196493282	0.03627176501206466	-0.5470492160819058	-0.028546833357652183	-1.1059981515468804	-0.17105722180552674	0.3535234242148245	-0.7511817809154675	-1.313851377279158	-0.4354303670211318	-0.4740302679101685	-0.1998486705252285	-0.37478302882704806	-0.1060574110315821	-0.5253581633228221	-0.4124726883050348	-0.3655762045167978	0.47125075402420624	0.5585660450990702	0.42249004838540705	0.258184277439696	-0.252993907762012	1.2212486773743907	1.0567540353224618	1.5690866889603114	1.0655299590241816	-0.26674742281751584	0.2491697385258425	-0.4673390208651557
Br1697	-0.0113539	-0.00204715	0.0160478	-0.00172024	-0.00385359	6.8	0.0143233690076572	0.976	1.0	0.0	0.0	-2.090838993507013	-0.2208013096320445	1.493211660453182	-0.19558497821334597	-1.017334600560509	-0.4383607787199328	0.07931080417175952	1.6307054737206497	0.1155219715579629	1.3865130895174334	0.9323361181542131	0.22503884513157624	0.7107734369719223	0.3255684390867167	1.257641633519084	-0.11615505342088953	0.13045528323192232	-0.3165329875232851	-1.030744831907593	-0.788415689525244	-0.8599922442139509	0.17684733794395846	-0.027006903198596388	-0.8836213448508792	0.34563339045841074	1.1760784906369421	1.5913949388167905	-1.3051712641037723	1.3585068300584946	-0.22755372620368036
Br1703	0.037747	-0.00441385	-0.00345478	0.000604638	-0.00674006	7.6	0.0143656673292842	0.975892	1.0	0.0	1.0	-0.7518306227110525	-0.5016994102541563	-0.12438458915825477	-1.0084642903275913	-0.4187851856045195	-0.6722942731802678	1.4532611960347055	-0.8439064921359963	-1.0403912711027574	-1.504537119820027	0.927446110210001	0.26220632062774774	1.5647305255067392	0.5505402135384779	-0.9121335032992425	1.175255245244729	0.7129299318720944	-0.09804804914699909	0.009707090705795418	-0.4351875009185155	0.1755356629164339	-1.01208115763517	0.08799021047819247	-0.08887043466585205	-1.1060109900259583	0.43497601419273196	1.3702280983548734	2.039171255566029	0.9074887783970086	1.2547125280479199
Br1729	0.00215381	0.149375	-0.0112784	-0.0830786	0.00401673	8.0	0.0153019537964579	0.974529	1.0	0.0	1.0	0.7360046451642833	-0.6065763794774387	1.712116024035694	-0.007519313556883617	0.5441956054420104	-0.5898715996348058	-0.8755152296438894	-0.9665091890820687	-0.8593565874838747	0.6862154303144282	0.27055737747673325	0.7766415361805258	-0.6788891596782206	0.6753617195495574	0.25594929419181217	0.23001758689758164	1.0358488384841635	-0.9522536756085085	-0.8963570849865048	0.14040402622053502	0.6404589505460431	1.1608771967472957	-0.1190383748775751	0.9414283965766383	-0.02576354416881738	0.5931955598317447	-0.004218922375235991	1.1561726016961626	-2.212820508857135	-0.206816086844704
Br1733	0.0383295	-0.00396703	-0.00191754	0.00080079	-0.00620722	5.3	0.0151726998571356	0.975335	1.0	0.0	1.0	0.1900506494264244	-1.2471775891223325	0.6532471106657354	0.17360649682309762	-0.13413724535644364	1.819993421932973	0.12222544363033648	-2.197313355415223	2.1932100670430077	0.9606530846992324	-2.3773943462202034	0.24744958078321136	2.216655643391722	-0.7454665853192213	-1.4903090321039996	-0.5596204348267091	1.4501224941372208	-1.1310363546084152	0.4084165066172273	1.655683994218244	-1.0238014761893135	-0.7110398151915409	-0.8857566588527999	-0.4477054220064905	-1.6009446468404072	2.4908558296885475	1.2866078436686408	1.5293775941950032	-1.0351176134867615	0.9093329462448926
Br1753	-0.0125961	-0.00386359	-0.00562323	-0.000810783	-0.0011537	7.6	0.0125326451684897	0.965086	0.0	0.0	0.0	-0.577726408623211	1.2138129215800715	-0.9975680482051176	-0.514800535296624	0.009865523980589406	0.10390576088770431	-0.5426050653826762	0.3484553689792994	0.6976382819133431	0.060233441140862716	-0.001971985016611143	-0.8209170938340321	0.07378496467879612	0.6300818240412629	0.30486682658252967	0.21776500029291862	0.5103475986736271	0.18089617795741816	0.04682774375507603	0.05713601851258571	-0.09322340211569694	-0.35361929700082717	-0.3270418544533673	-0.6584596334312098	-1.1162369059262274	0.32668573862737865	0.4782800620925497	0.13438512534604924	0.24370499976554114	-1.4371669648830623
Br1832	0.0456602	-0.00606589	-0.00181422	-0.00280308	-0.00391053	7.2	0.0110070028366045	0.980841	1.0	0.0	0.0	-0.15508727475259923	0.23500871620010805	-0.9237222732635422	-0.6707362598383174	0.14325802990289926	-0.11661869130912168	-0.6957751853939164	0.3115533145470979	-0.0019919878907428785	-0.31972816999818254	0.379474889870149	-0.46969991328304656	-0.7475548197260201	0.009095151351912264	0.7091040090702398	-0.041064331862428756	0.3941938423185248	0.36430967856204943	-0.3501907911702763	-0.23859075433078208	1.5483119590034191	0.6019826555892418	0.6458674471385802	1.1872541909321401	0.14758726099963976	-1.2745634163085493	-0.08273456872026323	0.2188877830706845	-2.00683925891221	0.07955134028911763
Br1842	-0.0129792	-0.00492182	-0.00057997	-0.000955991	-0.00364146	7.8	0.0144283998628546	0.964904	1.0	0.0	1.0	-0.3765838230653761	1.468888505914435	0.8012517145433978	0.3584808352551693	-0.817166659727251	1.4318635559453794	0.03748533411218814	-0.7603198648896303	-0.7884301509418187	-1.4405469587635773	1.503689252315941	-1.7294106668737437	0.9561886537987192	-1.0155154691615196	1.9752867368774043	0.5084936839081605	1.0030574238211338	0.2658898977843139	1.131573123751895	0.7036518080987374	0.09827092228310469	-0.03875065894537814	-0.35073855618241	-0.44215591679211336	-3.141117171253711	0.2979798183924866	-0.847338959307243	1.1120794987240454	0.3418784609821873	0.6621113007805268
Br1854	-0.0126724	-0.00326123	0.00209454	-0.000938367	-0.00118029	7.9	0.0155759508025886	0.971748	1.0	0.0	0.0	-0.5416299160916118	0.2093044977511787	1.5233468837885877	0.3953625579044333	-0.8441485454439805	1.4406276828801805	0.185241708108988	-0.20730050771822522	-0.8420828099614749	1.3941339237187296	0.16085578901273442	0.7863547007547702	-0.7553378672577482	-0.06840550752867844	1.1107338430795075	0.3973881129596248	0.608468960641583	-0.3466936716108782	-0.8429928005849271	0.04196220532714738	0.12324882417731782	1.0359495507106435	0.21125457621680896	0.4105703140691042	0.5172377808630733	-0.6831172278817238	-0.2922341916750754	-0.47319903143779135	0.4944919830646037	-0.8374954649511136
Br1859	-0.0128927	-0.00427441	-0.00215942	-0.00440636	0.00417028	7.5	0.016670795589881	0.97618	1.0	0.0	0.0	2.142791153498495	0.20990290538733794	0.9871952508354762	0.6498995522427586	-2.3137313479134307	0.1683231260946721	1.2523956674125634	-1.1206663149749474	-1.433763853317182	1.2370183089494733	0.23592856502563292	0.743127064357136	0.2659936781029912	-0.9119901188287679	0.33193531922953323	-0.9976694680846644	0.21404909763324134	0.14308567454810836	0.34917799557886237	0.2610298582002372	-0.3824116883965303	0.16496152796334618	0.6357914467563262	0.7891808534075215	-1.1100435383518996	1.0484162792696916	-0.3967467084387758	-0.8315176902379893	-0.1333284653920494	-0.03923133250705662
Br1878	-0.0124673	-0.00308346	0.00124123	-0.00444681	0.0019769	8.0	0.0238508558631897	0.981996	1.0	0.0	0.0	0.8062249904298111	-0.09421594075174712	0.3784150776721048	0.31254476175914453	-2.279761654594134	0.24078600428141433	-0.1780356535768431	0.49658418142909416	-1.1424071441118104	0.13461697636051173	-0.5851005621042189	0.259989006652057	-0.1718329754108811	0.015875129397572452	-0.10850444338841908	0.6595452397323077	-0.4941651533755069	-0.4939862073960334	0.5538896557773386	-0.19424644998962248	-0.06404860201217183	-0.42454206460975813	-0.5275737448217359	1.4916512065812344	0.5231719256729445	1.0811630660848777	0.4729897380168577	-0.28710426677601175	0.2699819801769283	-1.1313169371412768
Br1883	0.034981	-0.00256097	-0.00103496	0.00348851	0.00038091	8.3	0.0146639960172945	0.974968	1.0	0.0	0.0	-0.18794473118798027	-0.639199691147584	0.6110098487768973	-0.23058739990207267	0.11953095708844451	0.28046703329979844	-0.6705460430064007	-0.12293146588168857	0.4079621349574065	0.28479328630596495	-0.14987058865523864	0.13240937779435435	-0.9845823007776284	1.0120014000385997	-0.4437654638118907	0.5147023348281554	0.1886052249238112	0.4144763592678985	0.30893449830977743	0.20715401479076112	-0.11905577511224473	-0.2776217576563453	-0.685313889820757	-0.6151146689205987	-0.22819790518727265	0.9768237113254015	1.4196896210834284	0.39902838024418247	0.1599872241314664	-0.004047972595883133
Br1884	0.0115368	-0.00425063	-0.000600565	-0.000263262	-0.00239799	7.3	0.0165382549350163	0.978648	1.0	0.0	0.0	0.5265420150011734	-0.23088474652887758	0.6531635804699387	-0.5693643979382815	-0.14635380210890095	-0.1803514406774055	-0.3742638358862637	0.027882889186119725	-0.548083415817798	-0.05892354470225277	-0.30429471256221907	0.44700980367478377	-0.8154382549351943	1.1311704050179183	-0.7878470456606959	0.43760608671694246	0.7239431177047871	-0.2082561247060006	-0.3442567137308652	-0.12909744353024327	-0.7198086906572454	0.17626329841535762	-0.19626635657733724	-0.6669803254426606	0.8790860259104387	0.9364407522084532	0.7723362025771834	-0.21115128325345695	-0.08909924459163099	-0.8346497224708738
Br1898	0.0388098	-0.00339979	-0.000430058	0.000877986	-0.00449674	8.6	0.0151801478016498	0.973224	1.0	0.0	0.0	-0.7166248646012565	0.3902058517083364	1.5960790167797752	0.027562501755554566	0.6280748046256264	1.1600449156594164	-0.08018077009389486	-1.5145752262048624	-0.043892553145389174	-1.0549471908430452	0.04201085544211428	-0.3540676321169898	-0.325898818120624	-0.08642367612729977	-0.4407560939954824	0.7257850394364127	-0.40177876560515174	-0.19759495135021252	0.34385746151044677	0.9735167902766264	0.4748644846019922	-1.0981364110288427	0.38508098298791577	-0.4381076276786681	-0.7052670772314132	-1.3228159907595127	-0.9491154244475507	0.2255916457713784	0.3432295702090366	0.6266485361368286
Br1905	0.0277074	-0.00375138	-0.0013103	0.00196198	-0.00352803	8.4	0.0160034194899049	0.979918	1.0	0.0	0.0	0.7736267722622154	1.605390186774078	0.017007088362643117	0.3614035365034289	0.7384604252182726	-0.10488935924541189	-0.45464617874221175	-0.4168074734718014	0.2645142977495569	-0.27934387799060656	-0.7129947539181389	0.43571175445385607	0.2095656530846284	-0.7159606319804941	0.2287061081959769	-0.6147356165668498	0.0019918572616435186	0.9645385843263821	-0.667203861103977	-1.0633830704939624	0.9054127662413285	0.5320708043583556	-0.658826443679701	-0.22066968683263177	-0.31659399059760995	-0.1737272815533089	0.36764729184563655	1.300224560845404	-0.3125597503338518	0.7898500975210981
Br1908	0.0346265	-0.00411146	0.000739634	-0.00133159	-0.00715863	7.8	0.0154468854715048	0.978711	1.0	0.0	0.0	-0.9424671360817218	0.296311686270561	0.03273686746410987	0.5317082344276344	-1.6739901891755695	0.025605825850670817	1.141365781833241	-1.9070342610853062	-0.827800186651368	1.9069405942233673	1.3068061752121891	0.35407592757785694	0.1951663552232611	0.4297063123539856	0.4692355486461362	-0.28444966809032174	-0.48307037230054367	0.7430314534343236	-0.44952652511450664	-1.9340731811100869	-0.5230611355143738	1.0332134990615727	-0.02309177733657853	-0.8126362686765689	-0.1406849850986152	-0.6433172314066555	1.234726326507111	-0.06506139011164638	0.4337032248772802	0.340100399950543
Br1918	0.0346731	-0.00445328	-0.00141983	-0.00326941	0.00111352	7.4	0.018884590024489	0.966913	0.0	0.0	0.0	-1.3537091032425004	-0.08257007542982586	0.5339140219330519	-1.7143311910503376	-0.27162721328487793	-1.2145757135968047	-0.29973856550540284	2.5516065117420235	0.019829814178508934	-0.42517846469242876	-0.13902881659881733	1.0081837008974666	-0.71414778802604	-0.5767117885738386	-1.322410052759011	-0.5023809425484989	0.5124196260378537	0.2437021013256642	-1.4975192648904685	-0.20385519500802587	1.254629477394156	1.4411729140622873	0.8159830909824887	1.8824849220119269	-0.446684103359374	0.20347256968307298	1.0450654714951015	0.22716734419124007	-1.6261590785017024	0.03152793794795082
Br1927	0.036346	-0.00448981	0.000411506	-0.00276217	-0.002678	7.1	0.0050068955118244	0.96632	1.0	0.0	0.0	0.17431948723083293	0.475613372922301	-1.407196701690946	1.4762783365041765	0.643705840103548	0.3180330711853808	-1.0964290514319743	0.48558248477753674	-1.501238608852445	1.5816263647180282	-1.0385751631780036	-1.6036774585158524	-0.34322433181048784	-0.6164883566374694	2.1836605880437783	0.9877065560723426	-0.720535424776019	-0.26068984406618917	-0.12227929019589828	0.27234008059699555	1.597315440758013	-0.3123849209703422	-0.2762948209671688	-3.865495688197006e-05	-0.48863300507069773	2.921904375801724	0.33391433403497434	-0.6609893377886285	-0.8054309956224311	-0.42225845488914693
Br1936	-0.0126448	-0.0040733	0.00103492	-0.00481184	-0.0029594	6.9	0.0153072310958535	0.972126	1.0	0.0	0.0	-0.2931126061714046	-0.6912257491607477	-0.32590604705659515	-0.18109941722881287	0.011410553434770432	0.446273561693227	0.23772447273358707	-0.618775636964004	-0.3294043671796126	1.5091126244353645	1.1719512696159193	0.7710794567612941	-1.0910523406459776	0.8857197452922955	0.2663825636702208	0.3172773689674726	0.35724950091114127	0.5480222329110198	-0.06615601779995131	-0.875561337710777	-0.04723083943714487	0.038079414110939395	-0.10904783744685043	-0.08128426185180436	-0.45855216694943435	-1.3470666463110488	0.40006768490033695	-0.26855858894919793	-0.715410185260971	-0.11599843493368502
Br1958	-0.0123988	-0.0040996	-0.00299711	-0.00331383	0.0021443	8.0	0.0145779374826393	0.98157	0.0	0.0	1.0	-0.015310229154859882	-0.030396192495287265	1.1748186889013366	-1.244042279880204	-0.8571820527257468	0.7008411733139881	5.808137068465679	0.19117671405820688	2.505248508609483	-1.6969216779637177	0.060332626975718465	-0.31828868763220913	-2.2052652967282	1.2889765226389889	-2.0103397359274475	-0.018503957413678603	-1.5135344895294516	-2.4135958629615892	-1.2808274029738103	-0.8595930804093209	3.757070720426287	-0.10196576755092986	-2.023400305470499	-2.488725618750572	2.024983786111973	2.5734087353442914	-3.843773070171919	0.962820086232972	-1.077385033644335	-1.4868860411741553
Br1960	-0.0124962	-0.00325397	-0.00101689	-0.003498	4.11762e-05	7.8	0.0148935407436445	0.970666	1.0	0.0	0.0	0.5173048489740232	0.34326680224612194	-1.0340282047463778	-0.34722316793005187	0.49953451100846014	0.3648332357745693	-0.061496623371855595	0.5727401192088979	0.4497140723068212	0.04649459775633258	0.684333663627735	-0.4271296958059389	-0.2112736702603959	-0.16746573062962747	0.658953357134337	-0.5132668277190312	0.5327643588742931	0.5844266843336058	1.0382121879976236	0.3872825120856513	0.3067080222091134	-0.6777746296225159	-0.12775449555688503	0.9172627719984211	-0.04969857186132131	-0.20526841687905556	0.15478209495623674	-0.8342251673873349	-1.67468948490497	-0.6466924131418307
Br1963	0.00858976	-0.00324277	0.00846829	-0.00740291	-0.00279834	8.2	0.0218119689621823	0.975465	1.0	0.0	0.0	-1.0736051682936378	-0.3792183461659585	1.1489585582279915	-0.009607366359957115	-3.0612731824910915	-0.2003591749741805	1.2090903748312118	-0.7775973560523001	-1.884484327694388	-0.48980834019141056	-0.18822991973185	-0.8994134138550363	0.8266264507133013	-0.5902870658602482	0.17683237470978191	1.343873933317085	-0.5480939543656493	0.18682701143081198	0.08519667284833397	-0.9555699465023624	1.529016976183874	0.9208005494085633	0.6669282609730194	2.312624207331085	-1.1790358352756878	0.4796683632862326	-0.4008362884955724	-0.2641310085908612	0.5428415841341665	0.05776078005465646
Br1964	0.0281107	-0.00498465	0.00348902	-0.00346699	-0.00615526	8.8	0.0146063452097143	0.978801	1.0	0.0	0.0	-0.10710145135064485	1.152448421359563	1.7574840297248557	0.61743312931383	-1.2185451583992783	2.3712444409464233	-0.46059876150421636	0.13784423092945458	0.3109371340612953	0.11370634056861802	-0.9759920720993694	-0.21187086279573136	-0.14978252514337762	0.06936518620353403	1.1593566990027646	1.0530232125324963	0.5695693547498323	0.06251213272504717	-0.009948756234019163	0.491708275309282	-1.1972561481608062	0.6582128568269884	0.1411860648193196	0.4509508140874308	-0.19072646655029046	-0.6763444867474209	0.9855838861643342	-0.23905813217246963	0.37718470943769017	0.6575852874579347
Br1974	0.0370033	-0.00282392	0.00133734	0.00158025	-0.00044997	7.9	0.0160189471441861	0.974279	1.0	0.0	0.0	-0.4004009954821946	0.5615521472433344	0.019137563693051467	-0.327794770391929	0.11574524865092504	1.1211641755179418	-0.8740970721938932	1.6702904266854246	1.3465879179939124	-0.24023343525611776	0.31041423231961496	0.2329550886738394	-0.34763243169691554	-0.09688369104418748	1.0209210632061219	-1.1308053104300526	0.23077896566096273	-0.9748024918615043	-0.9212616306339061	-0.01706277489703675	0.6331561568041705	-0.7072332256741497	0.036841800593296885	0.4562589675176772	-0.22649526473247455	0.16145675855302108	0.3013072789315204	1.5336634938969336	0.4043420659714372	-0.06613168469229967
Br1988	-0.0124837	-0.00468218	-0.00900789	-0.00132051	0.0061369	8.1	0.0169568077125109	0.971691	1.0	0.0	1.0	-0.24782559661897935	0.2771849970793214	1.880574472419364	-0.5838257747952517	0.6945241597803697	-0.9834726846119074	-0.24409312692300902	-1.4485799632029759	1.0866498702501013	0.1344261737880534	1.045917157393691	0.6114787369019237	-0.6915364148310787	0.3847249678215157	0.18084669019401634	-0.46617230897208073	0.5944491261175485	0.2130817549424766	-0.8737625853122486	0.7016482505954222	0.9832395201491121	-0.3537880120863439	1.9208441278889985	0.4620728922572452	-0.10557186722422689	-0.18122837568907765	-0.6676377576486088	0.14215770625192536	1.6454035437096652	-0.2832062950161813
Br1989	0.0358311	-0.00339247	0.00245048	0.00149778	-0.000379594	6.6	0.0150886096019461	0.970859	1.0	0.0	1.0	-1.7015773788008945	1.712416996207931	0.361238429110473	-1.9091788472162248	-0.45079647210346363	-1.780897052804544	-0.7295145626901889	3.2434457281295153	2.3276341774656046	1.5120896542227678	-1.9761134620945593	-0.7745297039087097	1.141011073888852	-1.9286653417074027	0.08680529235267116	0.8133952221225351	-1.320561698458073	0.09793968587640163	1.7682746708836885	0.7492244603364969	-0.4576872313982516	1.2068116969415175	0.4883595554622951	1.872786911063958	1.4838031614326568	0.1091084948126052	0.7519010780027494	1.5078329183069399	0.492283018613525	0.32793469265312986
Br1994	0.0274087	-0.00377561	-0.000380305	-0.00228114	-0.00731154	7.5	0.0121042720522985	0.977845	1.0	0.0	1.0	0.22933720263109522	-0.6786184304293478	0.27820744237160616	-0.9321359458928233	-0.9147642374057078	-0.23387622702124636	-0.7610063320873621	-0.05124777210715179	0.48666223557466465	-0.29158603955393686	0.2126631670271869	0.13873130782382237	-0.34862385839388993	1.3075904127555087	-1.042169976912034	1.1518312062570695	0.9382770641770013	-0.3888174245882757	-0.1845487037543839	0.27924140365145367	-0.35712638729676016	-0.7775886592688996	-0.13275016564181166	0.7768953308199519	0.9321625769865953	0.09894014619160814	-0.17822417902855	-1.195867205339466	1.1880043792620774	-0.9865911008080879
Br2001	-0.0129325	-0.00500163	0.000244952	-0.00322186	0.00121031	6.9	0.0154889561183461	0.96338	0.0	0.0	1.0	-0.8435696586444702	1.358716047176466	0.21578437140370874	-0.33437566846260797	0.24153257942350803	-1.1188548113764873	-0.10608707648297144	0.4022819167510747	1.4691083674666026	0.6541487965894084	1.1601419295957813	-0.9832463823352113	0.9149570369043107	1.0753172181336619	1.2927253099669074	-0.6118364963839528	0.7035655444138709	-0.8599002146526266	-0.04149741491992283	-0.22594613525987114	-1.0298134656915297	-1.2902561113708801	-0.3424579546917886	0.13164637439618687	-0.444842751207859	0.24924656866783332	-0.7105767715255217	-0.8142559521739166	0.8335254467803713	-0.026874586098772427
Br2003	0.0375603	-0.00352789	-0.000320365	-0.00116621	-0.000334288	8.0	0.019839331517434	0.978982	1.0	0.0	0.0	0.1638624852587379	-0.9753762395245392	0.2760402984348207	-0.20393660543431105	0.10861485462905353	-1.4855114936769682	-0.31343821963573715	-0.30194652125946486	0.34452028490137987	0.19360119152991295	0.9375298454708149	-0.18295969005391924	0.07404061500191174	-0.5387250360995567	-0.6715477834004466	-0.8108267183778267	0.4846274119753272	-0.44046449491758394	1.2135216363142467	1.7386463619507595	-0.7692340532284441	1.026328609659035	-0.044680810674087475	-0.2709641599211554	-0.17903922954014143	0.6627852548161866	-0.36214637587929965	-0.8482248098373713	0.10792586909030186	-0.9115957194125078
Br2009	-0.0124527	-0.00506464	-0.00351706	-0.0045946	0.00173341	7.3	0.0168883993137552	0.967765	1.0	0.0	1.0	-1.7150181083806455	1.742822781720884	1.3084122242699177	-1.490910917894423	-0.13446274268104536	-2.31488117069967	0.21753817624190117	1.7296861281894558	2.2497048300793647	0.34196025250548556	-0.34526463197711826	-1.532764805434012	1.8810124133684711	-1.1086725407969866	0.9283574487906964	-0.35362775123862533	-0.7895855096017083	-1.1819440114984685	0.1778981271862521	0.7203353876707533	0.40406460371380176	1.3645721396623078	1.3600435257618908	1.234935418301324	1.284093679068211	0.6280015380522462	0.31945136585444855	0.35616391168733696	1.1246056700385323	1.34170540381872
Br2027	-0.0114228	-0.00387494	0.0154269	-0.00401597	-0.000358182	6.2	0.0202054370973082	0.96941	1.0	0.0	1.0	-0.1497574346130482	0.5058274724721014	-0.8614848815858313	-0.20866040679965406	-0.8378706441360423	-0.9643041860440364	0.1116703005740013	-1.8070239621995943	-0.04425442096992862	0.8973824072258757	1.4274553378408013	0.5778837865884678	-0.7994159168572614	0.8261221091140899	0.11148671999393792	-0.6829519015623797	-0.2668796899660798	0.19723279872405003	0.1188536189257918	0.08437142483856316	0.3296207956498757	0.38240681371390306	1.0185069590405504	0.256424952929583	-0.21475816189412367	-0.35089946083173723	-0.2975926876552976	-1.1277051946973131	0.8071312059967651	0.5171994287367349
Br2044	-0.0121963	-0.00533767	-0.00742116	-0.00171429	0.00202578	7.3	0.0152405469376277	0.97521	1.0	0.0	0.0	-0.07797025678304274	-0.7058737961675366	-0.8681662465343699	-0.7284340455119689	0.3577393552947078	0.5409942030871742	-0.5639515521921239	-0.08516231710384775	-0.6466393409018493	-0.12858126700110453	0.6656857138452437	-0.4973437041770938	-0.08095488463753868	0.5036330339682578	-1.1686203564491033	1.8827361130991358	1.0793109752961965	-0.7202256973406348	-0.05929875628929846	-0.03319919912470143	0.659895445838916	-0.3671657975873374	-0.4861283970033951	-0.20877660470776035	-1.2482851743087318	0.7074153687312926	-0.08088028158646511	-0.17310081869548846	0.7689113643830001	-0.2859656052615454
Br2052	-0.011846	-0.0033248	-0.000591619	-0.00347424	0.000532747	8.3	0.0174963118524111	0.959449	1.0	0.0	0.0	-0.06614244078632897	1.2921989159302554	0.4668156833388044	-0.39640990741311205	1.0946233061689683	-0.44769412038837597	0.11988914127426366	-1.1126027593087062	-0.2670253467130204	-0.654167345469733	-0.3101729204203402	-1.5499106992584157	0.19222951862623716	-0.3567392357875629	0.2696444010669286	0.21826744845816853	0.16239394491282239	-0.37719756213250294	0.16696330646568924	0.05037378333437789	0.49058199738113867	0.49556356992432504	0.26593625447510033	-0.5875638862493548	-1.6037588272417571	0.30109772549324293	-0.9479825569725019	0.9244966568552132	0.8042412466036463	0.2295842468951129
Br2053	0.0371544	-0.00413444	-0.00299071	-0.003294	-0.00332212	7.1	0.0100882563789331	0.959294	1.0	0.0	0.0	-0.6783903080599284	-0.00479877033175325	0.032031442270893565	-0.7373215723920654	0.24412682943525651	0.2607128990478171	-0.2740506277626645	0.6965039191558611	-0.2521254847524145	-1.5647739440373682	0.6143719407982989	-2.491046123049061	0.2211431858604656	0.6565598430966583	0.03690039491198463	1.3597846511070146	2.5484604120606145	-0.06223872580497166	0.0688206003229145	0.6966730121723131	-0.09320393226435184	-0.23143539844929076	-0.8307959306847822	1.25876215989663	-0.19112041872019614	-0.21708169216827472	0.20587291370602412	-0.17982514317242665	0.8794641940145386	0.4430811045040567
Br2064	0.024254	-0.00307059	0.00125895	-0.00360205	-0.00738027	7.5	0.0137932826147138	0.978776	1.0	0.0	0.0	0.10325315143715524	-0.27755041860862517	-0.9236510411886714	0.6400180216322856	0.16451158236793012	0.41817138918777214	-0.5810472616675577	0.27777586098588714	-0.107079867465668	0.8720634225731544	-0.724735203574605	-0.4377307154088853	1.2711578097874787	-0.6314802009758497	0.40984133103152687	0.022026208331267116	1.943917144885907	0.49392028490716106	0.530910868075031	0.9027892034272009	-0.9425665704595647	-1.6114485031854386	-2.020652816405781	-0.23596164117352442	-0.1928453294152397	-1.823775277275154	0.380839318369284	-0.6937866341784541	-1.0107207649655474	-0.38808584079606695
Br2076	0.0303484	-0.00473007	-0.00396406	-0.00341708	-0.000583308	7.8	0.0127413442976694	0.975876	1.0	0.0	0.0	-0.27960067308912634	0.9565649056144859	-0.32529761898037485	-0.16592934399135756	0.9874499884848799	-0.04164670942485109	-0.27206480066305194	-0.6179877799022069	1.231774774841357	0.6879322109194765	0.04838739035023927	0.013191653947874976	-0.6691876410010786	-0.3954805451467597	1.2517288207747632	0.5827583434505451	-0.2987580552220608	0.0881016854421444	1.1182008989366339	1.2595594307318843	0.8154962012981558	-0.5135208012572601	0.4413176671335734	1.056992285671593	-0.05575885577989761	-0.8312207656405712	-0.9102252933593089	-1.1896913221479213	-0.19697273056988227	-0.6277386262170429
Br2080	-0.0125947	-0.00479915	0.0021307	-0.00127651	0.00145331	7.9	0.0182633389743078	0.974301	1.0	0.0	0.0	-0.11452112658460713	0.20004158508082207	0.7491026373109029	-0.3310039962128738	0.3209744998923573	-0.18536838961992663	-0.26576786515848766	-0.7633469164256561	-1.2836924749397314	-1.1097433475402887	0.2075879027306264	-0.6157032986253089	0.40118659829203995	-0.5073740653145059	-0.04744927498282902	-0.08225118125246716	0.6689431327717839	-0.48061621113024844	0.2191642228661185	-0.07227968685738344	-0.20324369995084857	0.9122195605291754	0.013699104064327365	0.08126955269375302	-0.1375942126811783	0.24747087704134552	-0.14359284496537317	0.43926174303351206	0.1450577691712323	-0.9287960076711795
Br2084	-0.0110855	-0.00482985	0.00662912	0.000502057	-0.00350109	5.4	0.0171422261561313	0.982804	1.0	0.0	0.0	0.021987509578536724	-1.1430656824643817	-0.7309591576949286	-0.463424798531675	-0.1062637566394048	1.7263294125087418	-0.9397897091986609	-0.9762652617666723	0.29125352779179414	-0.2778209024514092	-0.21980692237043759	-0.5062158918915207	-0.7908490053479446	-0.7442235316723145	-0.5050359835740537	-0.6215210709711337	-0.7360475338018515	-0.13615544775381913	0.8076478507951654	0.5658231026489461	0.8149155686606644	-0.2276665202759979	0.15624481020514058	-0.5367234774719836	-0.47049061084919985	0.8107380275971573	-0.4257589487391397	-0.6989310502654498	1.3355979302715264	-0.34921650690075295
Br2229	0.0349766	-0.00557728	-0.000242163	-0.00157359	-0.00489628	7.1	0.0156076209461688	0.964534	1.0	0.0	1.0	0.745164356693427	3.236908241266358	1.9284216979699873	-0.3317372117156924	1.0948378330596693	0.10962989202656002	-0.1924251675476252	-0.9456954600023904	-0.49645721723451114	0.2755990107486617	0.7119045987640412	1.688385884758974	-2.1663928069707685	-0.41837699815045204	0.7055147820829515	-0.4513735097666827	-0.4786546525073925	0.5762293162793805	-0.43620387731247406	0.4436920018703567	0.044031922688101036	-1.0211434289959405	0.742667716681072	0.24122773103323675	0.05177387840806184	0.7647933690660077	1.5463762288336993	-0.4585025291859843	0.0989675426007143	0.5837713847805415
Br2233	0.0376714	-0.00383938	-0.000112219	-0.00249258	-0.00267265	6.0	0.0145052244052307	0.981391	1.0	0.0	1.0	1.3810476953525128	2.2567638610018843	0.33632324100369515	-0.14656817471612357	-0.6793097028720994	0.6691415872420468	-1.2696643945883828	0.3990421726677178	-1.5642919957549917	-0.6892040966801714	1.4568405544256338	1.7376031724706649	-1.3469482342757584	1.1746350662829244	-0.9789503327348728	0.5573723191647301	-0.26433358058593165	-0.4520957138401842	0.6561024243459902	0.5375193378723137	-0.8159161891289702	-1.442156152085842	0.1535898733122071	-0.7109113639889296	0.4650218464611266	1.30611570510833	0.5269400091724463	-0.27555298714371484	-1.3502420234451742	0.6314084060324938
Br2242	-0.0126595	-0.00439752	0.000688298	-0.00367873	-0.00125402	7.1	0.0137074287793758	0.980116	0.0	0.0	1.0	-0.4631731449752532	1.5371940529689576	1.0559677061849828	0.09527492710267471	0.3168222302422287	-0.6913679434632071	-0.9098819723761026	-1.7112413852867676	-1.4231963169297073	1.1108308191490364	0.3037666798268722	-0.7768046726579675	-0.3402443221426332	0.46243654166747566	-1.119929984101045	-0.7782598258847153	-1.5247042315517962	0.15632845739533396	-0.5720353020356709	-0.7504671473869103	1.3295594354316218	-1.2571993891966766	0.8704151184838548	-1.4262455017747615	-1.2065309454458244	0.7982500200407339	0.020598086393773307	-1.2766232543984524	-0.9479394193463987	-0.7311058246664078
Br2257	-0.00961615	0.00105669	0.0290008	-0.00645873	-0.0116462	7.1	0.0115361130746569	0.970517	1.0	0.0	0.0	-0.9415530706077825	-0.7839197375867444	-0.5597713829329821	4.0584242217903705	1.8301643959603349	-2.3116209966062313	-1.1895129413160357	0.2462492728855978	1.1653095466282806	0.46733537299623373	0.006457159386098317	1.2285224465462345	-2.3601405614800446	-0.4690237150948412	0.1963257492329616	2.8734484373740266	0.33750954810854017	-0.9342101969132147	0.6889214724104157	-1.708360815191673	-0.9917404421133119	0.12935357756869634	0.2162812764831319	-1.022679549212934	0.3692998389116687	0.4632000314217571	-2.5815020978069967	1.3924454226338947	-0.8692952486443628	-1.834004349616977
Br2263	0.036189	-0.00648251	-0.0014845	-0.000410409	0.000624849	7.3	0.0103423859982733	0.978913	0.0	0.0	0.0	-0.8533841005429285	0.018224687648992512	-1.0459901456972411	0.02162645962987873	-0.136758487142809	-0.0625631874830015	0.6796480834367302	-0.7750283523410405	-1.146898947059813	0.3865288144769837	0.14890887646647108	1.1843187325048024	0.3989347759917853	-0.4328138030216985	0.9305079533335813	0.1990323815270568	-0.3349479156989821	-1.7122118606602341	-0.111227457503716	-0.7497147066442497	-0.2574177598051603	-0.25829692016621364	-0.045894379893484834	-0.9661110060679658	0.024474921609748648	0.15761667004231728	-1.5095857412881062	-0.06784138141011471	-0.4741387897246821	0.18786417730616922
Br2267	0.0319575	-0.00341034	-0.000168231	-0.00536559	-0.00132493	6.1	0.0105510164708512	0.97653	1.0	0.0	0.0	-0.7310600087583454	-0.80425193274309	-1.391588473052718	0.14668603620162282	-0.8794091525649324	1.56845778399831	-0.9512471173590159	-0.257794748923634	0.7364243361450176	-0.3709221297236421	-0.5443757834639923	0.041039001989794884	-0.9393445144295426	0.4790391075137946	1.0920181496692105	-0.6350548436336764	-1.4140216103333314	-1.0170603006033185	0.548078298907456	0.6395153186835522	0.5705472099031083	0.6246019492995862	0.675120044490758	-0.20360174651896082	-1.0177204615054298	0.07669138630490681	0.14437424532949344	0.2544201576494108	0.6737394646481343	0.3782209493055156
Br2271	-0.0134857	-0.00568866	-0.00462573	-0.00163608	-0.000621842	6.9	0.0167235436790191	0.979094	1.0	0.0	1.0	0.7625877095228403	0.4276961413123649	0.2608205237310843	0.5256643457801914	-0.47842721518030623	-1.546423240082731	1.2104948884611093	0.12766797026702506	-0.7667681492207938	-1.1121801521004386	-1.00963745752203	1.7216897372546645	0.19700171207040212	0.03810786943183827	-0.4938696075888881	-0.6542522762497477	1.7618073898411464	-0.18441203045237273	-0.5982065828869477	2.4620829396988926	0.3126380612523516	-0.5038762182133333	1.5127682539224063	0.19432289236440226	-0.6027513647319889	-1.3693187116817294	-0.26212771868872836	0.006300849830271017	0.5482282935654808	-0.0989306402407108
Br2285	-0.0127711	-0.00553278	-0.00363131	-0.00535021	0.0049894	7.9	0.0150863309393133	0.974937	1.0	0.0	0.0	0.30771534862995953	-0.1909601833566079	-0.9636712339767002	-0.647717553684436	1.30908606834358	1.6956550729114996	-0.14827681078849267	0.0699389179800391	1.227717045948494	0.5705734115193136	0.7954607823718061	-0.061463447656323396	-0.9683465264147265	-0.7999048029717369	0.522469831095794	-0.39192146323480426	0.8332063951198728	-0.23004464780299977	-0.3868159608940185	-0.27509887789991916	1.5984765914879977	-0.8039042284014086	-0.42777246291430404	1.9643754284052233	-0.3782999253843038	-0.8012891736313411	-0.7993123342311611	0.8194388647844812	0.4116084718418376	0.025483721901978815
Br2287	0.0386796	-0.00284715	0.00466985	0.000475005	0.00326126	7.5	0.0131318931641734	0.967995	0.0	0.0	0.0	0.5953704977509873	-0.15227938940570657	-0.014490082169416007	-0.46722547442635887	0.6060510726695233	0.25178324326810375	0.20574567357946572	0.46008236679535824	-0.2994533263952846	0.565130306095821	1.7415606450948442	1.0652793294914416	-0.46436507318921233	0.9008931304160311	0.4839831695990758	0.6073346702608038	1.6284760745602993	1.1173591207712867	-0.16766239054425217	-0.5441325782054882	-0.0505274583550792	-1.136322243220618	-0.890230375480299	-0.3482666449510532	-0.36135415244763147	0.5247656517982071	0.9685661603801765	0.7414319834707873	-0.9115961189824191	-0.1702634056705292
Br2288	-0.012953	-0.00459354	-0.00513984	-0.00391577	0.00136792	7.5	0.0169567320880112	0.97985	1.0	0.0	0.0	0.1347354903350303	-0.6294675142098037	0.3945730352053912	-0.9307998510525108	0.4619876817421584	0.5402567368351292	-0.01897607054600511	0.05629578800047159	0.8681314814189646	-0.1664770658173946	-0.12807696600467994	-0.0658754569160119	-0.7113679696379414	1.1347319620146379	-0.7757550039284243	0.6770327333852802	0.7514720187452245	-0.4844123137027572	-1.1252911093258262	-0.4839331084966573	0.7517036777670691	-1.1594475287966313	0.36474458126773784	0.3207093546685944	0.8700381748924149	0.5132676365732841	0.14980624633892714	-0.21212055275606354	0.37408628241628067	-0.7344030691232234
Br2292	-0.0128435	-0.0026511	-0.00035648	-0.000689976	0.00107797	6.3	0.0161639958904939	0.978233	1.0	0.0	1.0	-1.5247392189070892	-0.443722509313342	1.0298032538799522	1.6504136716554825	-1.402346646540039	-0.1222530291934296	-0.3096869326167423	1.9301976075992533	0.03448625930152815	1.444595384464411	-2.315396921688458	-0.14026929470315327	-0.11533773462801294	-0.4207736441611274	-1.5734001168794358	1.4758020992066223	3.2252282868549678	1.4562924767193122	-2.3514353166377666	0.5582654337885977	0.6631236197716642	-0.1867520791219596	-0.3031692048413912	-0.417204808295475	0.6066849462562162	-0.10639369822610024	1.3813763499297556	-0.5340635659856761	0.6330312145210132	1.910099078786181
Br2304	0.0223907	0.0412623	-0.00100914	0.107969	-0.0117197	6.2	0.0147072862988001	0.979075	1.0	0.0	0.0	-0.14101837940126072	-0.5254403289755751	-0.8769103768173498	-0.4882192160576443	-0.0741662327254862	1.1021288668654154	-0.5543031873640344	-1.0490115535798707	0.04923759009952379	0.17208569770920407	-0.026877430450309197	-0.8729222036960881	-0.7888175973249918	-1.4302683855717695	0.19853324066101416	-0.6225293145248189	-0.08284896118543235	1.2173790113324636	1.122053303911754	0.8223345369597127	0.3034701005437784	0.46710931853677584	0.7547779813230195	-1.381329616184932	-0.44455274891335333	1.2744844471489016	-0.9561919483940846	-0.43829908296170283	1.5766889834386493	-0.6645273011838175
Br2322	-0.0133878	-0.00604258	-0.00860206	0.000307375	0.000862161	7.5	0.0136216767828585	0.967898	1.0	0.0	0.0	0.3871192355530847	-0.4493869902246471	-0.9459515444400747	-0.40297387342806595	0.7648586032933066	-0.6057261797189232	0.6216991487046658	-0.4500128617391044	-0.2808867097103952	1.9628658838423256	0.1552414861314024	0.4737378372482723	0.026728079970666306	0.4076164569967826	0.6664093815653985	1.0283461951568609	0.3725788317296617	0.4166770611801692	0.29467013120919766	0.20390070867520405	0.12315455023558713	0.2963659328773953	-0.09088890648977227	0.08946051423500319	0.6668177676123876	0.24412885007204235	1.0061951482619698	-1.3000007651780716	-2.281718687878358	0.8937650945107407
Br2333	-0.00879093	0.0157333	0.0114502	0.0435535	-0.00310726	5.1	0.0201272861019011	0.983667	0.0	0.0	0.0	0.18963279661765337	-0.8761676515039568	0.28464573911550917	0.3390863582036667	1.3017191839675706	2.4129077536357664	-0.6119161832235086	-1.1932842548968154	2.212577685741427	0.7078426426641151	0.1302762061501562	0.00045431523786296837	1.5943832357290526	-0.49172330177596013	-1.5494900386872017	-1.2211621135100135	-0.2733932033810439	-0.5538520386056353	0.4552502724968187	0.392813411201657	0.247639242894127	-0.01662000227534403	-0.13189651665476412	-0.21481176542510352	0.07959422847427637	1.002844967102788	0.22531871979654955	-1.546027513867429	0.16777255240102895	0.3685699018688633
Br2343	-0.010294	-0.0021422	0.0169135	-0.00312109	-0.00820376	5.1	0.0213803409937995	0.977767	0.0	0.0	1.0	1.1386431977775526	0.26428880114767506	1.6818193022045864	3.743896649617331	2.338886546242002	0.6788620347475283	-0.16536915698143612	-3.17344575471862	3.843209697316054	-0.663741182495476	0.3355514253788381	1.7312689800738903	2.0261660594532005	-1.147345761839519	0.1199828646987788	2.4532721475476618	-0.2729903787956191	0.17529664313214277	0.5331297504334126	-0.5433908691483891	0.6273579843493172	1.0913175930979766	-0.688324026233328	-0.8535819216678433	1.8372746041996793	-1.311240231769249	0.5455589061868538	1.402375625843784	-2.7889765391778085	-2.5248231051609937
Br2353	-0.012705	-0.00562794	0.00098456	-0.00117249	-0.00185837	7.5	0.0149501743482204	0.977134	1.0	0.0	1.0	-1.0895069546148852	-1.0961810415366273	0.8663801659632576	-1.0719552452838605	-0.9132120856427498	-0.5333981065457568	0.6384904126215355	-0.8353409817132845	-0.10851522793013517	-0.21655194365820457	-0.2621463164673996	-1.807272372119816	0.8792916043945972	-0.7204963404424729	0.8821282409881809	1.9706080975762232	0.9726511422505982	1.9990018254608344	2.3779201636387235	-0.08061243910141681	-0.8396331907631622	1.638784869302295	-1.14342722136559	-1.7133016718037346	0.11256065604234626	1.5958071488644519	0.5642382292486043	1.0015186231626407	-0.8672233239711279	0.34087945978481565
Br2371	-0.013308	-0.00442858	-0.00544518	0.00272262	0.00050545	7.8	0.0156701443667393	0.977476	1.0	0.0	0.0	-0.13370540563742753	0.1710342159522122	0.5679219603750572	1.4518666077057003	-0.5051109863686413	-0.4069839864658419	-0.5001543766076886	-1.320272293493733	-1.3035986423607633	1.4938621886629826	0.6205464336843448	0.14644336266476596	-0.23600603595396477	0.3706875003179624	0.9714184508523254	-0.6038960331155574	-0.21513182745184906	-0.10903973300818272	-0.616011310908744	-0.8158240082431495	0.7603888879656773	0.9560526723665755	-0.09799658615999544	-1.6434913545046776	-0.21079238992205854	-0.1444577434916021	-0.30783487553066896	-0.011037129548178431	-1.6640920763307596	-0.1818440954607898
Br2377	0.0299413	-0.00481274	-0.000428247	0.00185101	-0.00709862	7.8	0.0088254063256656	0.969473	0.0	0.0	0.0	0.8328284616701587	1.1931974733504505	-1.6129994017278864	0.35300195215166147	0.9047780880850299	-0.7945987440413858	1.4690148334131539	-0.3104432314171763	-0.37906217986426105	1.6184061669727803	-0.8473203106309133	1.3921316925826968	1.3745634893195282	-0.47363959013696627	0.02473021986785816	-0.7172883026817664	1.101611819555822	-1.276595618158052	-0.8698425725614214	-0.16074136081266055	-0.2659811393966573	-0.7702466366679714	0.43000477386847435	0.7549913625334341	-0.8590213943807098	0.3586586831492541	-1.755432377850849	0.9153303996306217	-0.6820722052152053	-1.081936836367976
Br2378	-0.00890573	0.0393911	-0.00337573	0.0969052	-0.00415454	7.7	0.0153184127914125	0.973577	1.0	0.0	1.0	0.7714218478697924	0.5542459645368174	0.9893000391219192	-0.1611310123248974	0.21605742568781872	0.678292710975841	-0.9294844468041222	-0.7438655423538137	-0.15680824418113626	-1.957490488106968	0.14608540567544115	-0.3599253674130742	-0.7313002537902793	1.7825207327736017	-0.49715214790802975	0.012146399388589588	-0.5868494470058868	-0.431235667942564	-0.417815425614514	-0.1958634194967807	0.35464621055813794	-1.4232603456710162	-0.09839650112645268	-0.3827538982731837	0.39552607588281197	-0.4592878074105992	-0.005391819859915808	-0.07579786995692402	0.2011719955137119	0.5336474526325429
Br2393	0.0375156	-0.00503799	0.000905944	-0.00416779	-0.004771	6.8	0.0085216275470597	0.974543	0.0	0.0	1.0	-1.174636092460501	2.1844176645821585	-0.8132787720149648	-0.9429888253909677	-0.26073378139995834	0.0056714991975428935	1.2387957491486905	0.03609690745006684	0.1100473365901298	-0.659119289833441	0.9760893792846407	-0.08175769045806318	0.5909540710714248	0.8959748573839538	0.5219571039098654	-1.2460048672414101	-0.5696229204905243	-1.2645813454687025	-1.3863013666913833	-1.2203170734234081	0.5280379471304572	-0.32630006438289993	0.5988051521732722	-0.686029282601347	-0.8738218022450411	1.0259178518952141	0.8368914346067653	-0.2279216514552471	-0.4153114779442372	1.5004671378627976
Br2405	0.0321294	-0.00538944	0.000513456	-0.0046068	-0.012072	7.4	0.0069190588527787	0.977404	0.0	0.0	0.0	-0.5336522368576261	0.6128603154095178	-1.084099000753956	2.243815584500698	0.4853797740264923	-1.0898532581333733	-0.08128248700110631	1.034904440703413	-1.147112868142682	1.315528066074229	-1.0632325245475696	-0.12531515066477747	-0.4643648165159465	2.013821943060023	2.4779187317501656	0.2653995354556444	-0.14494961932605252	-0.7338875645660116	-1.4317037156957295	-0.42199724089404234	1.0537411347714263	1.093116427842105	-0.4440107491105075	-0.45843051413980296	-0.7914074456040335	0.20583507370989532	1.8891423437735044	-0.13891185944237805	-0.8037643851264167	2.799968379708966
Br2425	-0.0131078	-0.00449893	-0.00651456	-0.00267283	6.29249e-05	6.7	0.0123413059481497	0.969969	1.0	0.0	0.0	-0.7993667720258654	-1.1996778522783873	0.42588032464476216	-1.074617364004436	-0.16699683350896904	-0.6083413824656758	0.875488025957872	-0.7026127035582227	-0.8055695232986421	1.097504480679353	0.16673301546786326	0.07541539888884667	-0.8813008059465808	0.11455672733762384	0.44086707986222184	0.27413972677078596	0.3785809487892573	0.6306446599037935	-0.8337044280915606	-0.28224115495507596	0.9831039014809331	0.7663905774582045	0.9837731586776081	-0.8739553466453869	-0.921704632640616	-0.47388121305838043	0.6586595197281017	0.2292378163802146	-1.8116757148367333	0.2639063788480739
Br2429	-0.00290315	0.0618506	0.00748233	0.158801	-0.0125051	7.6	0.0199023350636487	0.981232	1.0	0.0	0.0	0.6414711252215448	0.07541106461397185	0.5392941662120911	-0.4907930860497841	-0.44554745191902784	-1.1185428376695428	-0.5230908831584663	1.0537123513694124	-0.3125050586778616	0.2501964958739689	0.43446682481491267	0.21816848706095396	0.7540982659260556	0.4856105750800909	-0.438177882039013	-0.38542786361576786	1.0003486235723813	-0.4348685193885825	0.21661703719231018	-0.2655549947335933	-0.9186204989084105	0.1222468228225337	0.0940429069922116	-0.06344785405219049	-1.4074235738000198	2.2031910592364787	-0.10398439263877966	-0.49771069156536174	0.38569784106360966	-0.7190747589786229
Br2447	0.00250556	0.145569	-0.0102258	-0.0670747	0.00807699	7.5	0.0152643272308634	0.968036	1.0	0.0	0.0	-1.7748158591926573	0.7759326581548746	1.5474893361939155	-0.7205141977637205	-1.1478797488900023	-1.6753376275201135	-0.4192635427182556	2.539752932090683	1.158829092310416	1.5703062691756626	-1.0729682511512295	-0.9436326858195401	2.0583682729921002	-1.5392360537515886	0.6615231664507957	-0.8829663771677374	-1.1121643355348352	-0.4378371070733848	-0.1256686803735883	-1.2698217006328643	0.4439611720713233	0.9257330418741218	-0.11941802844173816	0.7903118310897363	0.9988642291152666	-0.6315081257445189	-1.070394864212619	0.36922010006426753	-0.9503448946465051	0.4569820971870368
Br2453	0.0315062	-0.00397821	-0.0030724	0.000256367	-0.00744414	6.8	0.0123554925524278	0.971372	0.0	0.0	0.0	-0.8988196877042328	-0.12441738197184113	-0.275113231347152	-0.38389029014783993	-0.7491267710435443	-0.643857592287615	-0.31935064542083014	-0.7477316902850403	0.2670735296099342	1.312565607675662	0.08446670114640513	0.1550389171289589	-0.5578821354833504	1.3794503205701392	-0.10753939504525893	1.2917106155817228	0.862732996491354	0.8500296288558346	-0.18890630459672267	0.07017742600417662	-0.6860462492779502	0.5327507307313811	0.3225213370294222	-1.9675442570382806	0.6130511539406597	0.4591762376516585	0.9601245225714892	-0.13446840186138048	0.38200719682570433	0.07657674941410891
Br2454	-0.0126805	-0.00514437	-0.00444094	0.00154029	0.0023857	6.7	0.0112535839414091	0.963951	0.0	0.0	0.0	1.1921518961473223	-1.0710478477821512	-0.06309608288283555	-0.29212905319401045	-0.727466960821943	-0.23125458188584666	-0.09924890509923408	-0.29050163824746594	-0.5048416047116547	-0.3065261342630582	0.849942653731858	-2.2095054259327283	0.3889856389066628	-0.2966980039640032	0.23355305023512904	-1.1328173160432113	2.2365170687332045	0.4791397004794563	-0.2546693503351285	1.3396126322812838	-0.3215676617093594	-0.6625022724327083	0.1707736954410876	-0.40125853750151924	-0.5469968187400142	0.2748369067321293	-0.4830451800478995	0.7879048304736928	0.5719671150647594	0.2647797124394868
Br2464	-0.0130816	-0.00431226	-0.00551281	-0.00207062	0.0030373	6.7	0.0123236812901271	0.975006	1.0	0.0	1.0	-0.01124839573373473	-0.9224075351701754	-0.14070129528908956	-1.178613941929955	-1.4757259431401597	-0.37750622403751	-0.8438968547235204	-0.09159015373188766	0.2003600254280183	-0.86441072422526	-1.2098654793987247	-0.10528984515619183	-1.356824221845369	0.7197196585379289	-0.25673575468336834	1.8900250907772902	1.8075013557751225	1.4406398318630373	0.70190406062651	-0.09420561136853194	0.2965337863986994	-0.1788323465016478	-0.42559830974517326	0.7402517893541473	-0.2607662983620196	-0.187536734918114	0.17891480622361938	-0.10885691644107162	-0.8781426273645931	1.944501527876946
Br2470	-0.0129292	-0.00307781	-0.00527069	-0.00292256	-9.39669e-05	6.1	0.0156095371714791	0.961957	0.0	0.0	1.0	2.350723961180758	0.0003557025368605939	1.111570345760873	-0.5519586493312753	0.0576165347256312	0.5761587351352565	-1.4327200453228928	1.1335325329369823	-0.6676770703809043	-0.7687220890639606	1.4009127694292696	-1.949764308870783	0.42601547777717175	1.0827203042602038	0.1634461507390314	1.3124950648569922	2.1487574682235215	0.04756937629685438	-0.6252710985494642	-0.5893867323265969	-1.3009234915828858	-0.5928569094673007	-0.08278314407450965	0.3514670777416341	0.709346929936766	0.3098264726733644	-0.2072408360788639	1.1548054662139735	0.657614968514396	1.141445661215805
Br2474	-0.0109551	-0.00262049	0.011677	-0.00371312	-0.00122991	7.6	0.0182864816281805	0.980493	1.0	0.0	0.0	-1.2783499745207683	0.7282280503054952	-0.846849756609659	-0.6041620239303971	1.3330898708336136	-0.7640935171921335	-0.5486124430047975	1.354917697852556	-0.5146142852436765	-0.6403564146670272	1.1516758740475825	0.9675172123519054	1.4602556741022878	-1.1033373495294063	-1.264500730444155	0.413288809420791	-1.7961737347478228	-1.348679839816997	1.1232093322611854	0.838817348719061	0.1473638194372767	-0.004899128087999748	1.1032403741505379	-0.10549208674196474	-0.3310778121407693	0.18889472972763155	0.12536585549606633	-1.6897064767658665	-0.7265604366425567	0.5434692681509966
Br2476	-0.0128215	-0.00321778	-0.00123421	-0.00328841	0.00236343	8.0	0.0176268872906531	0.968564	1.0	0.0	0.0	0.43326542953325364	1.2403979430561536	-0.32350168246186095	-0.8435499009317644	1.0448535934933951	0.002702189038357596	0.24221943746540137	0.3570383618263007	1.3957140759674438	1.3477124805834353	-0.22856055139624268	0.08785575995646917	-0.04603097042026102	-0.7464837928240132	-0.3046773008817032	0.07761364863419255	1.060129612124279	0.15820401816942226	-0.9740248875258456	-0.8460207691541188	1.908816037118325	-0.35627102770620916	-0.30886217723652476	0.5707892238912944	-0.36253663237312983	-0.14435404251551967	-1.9692456508829137	0.1654924587503778	-0.3606353518441563	-0.01200974834751402
Br2481	0.0405215	-0.00325666	-0.000679315	-0.00196344	-0.00737491	6.9	0.0082651304103748	0.964675	1.0	0.0	1.0	-0.851215674126969	0.14767142544549353	0.655489219731234	2.779237994614948	-2.2691202736322897	-1.2593150094656005	1.5313556631559526	1.1343646870377273	0.8175194516337457	-3.3263701745481082	1.6138534639582944	-2.22142173497565	-0.9066296078906207	0.8456987047640544	0.3807596138469226	-1.9338568441079254	0.08390100336573225	-1.4480917621724128	-0.19587472757628308	5.241007569785472	6.25466127255664	0.5638485788244032	-5.642611246490965	-3.4587415201452743	0.9196937731751412	1.1367762034177358	-1.1141996853358713	-1.2980328291516985	-0.5189534586591957	2.111332965664277
Br2509	0.0328723	-0.00323157	-0.00160433	0.00177304	0.000283334	7.3	0.0128851366677112	0.965558	1.0	0.0	1.0	0.2078944210294846	-0.6233596041075776	0.8798009759289804	1.1831492619547173	0.6778127467137278	-0.7406980689710746	-0.441658048639563	2.1319513897233424	-1.7663218210218101	1.98373685678844	-0.792088627093336	0.5513162785170733	0.15601861025227967	2.1786466620837732	0.7629915601945587	-0.16399966140652955	-0.2023369695198133	0.7248014997552008	-0.12010016778971044	-0.1448432329053556	0.6944902087869106	-0.6091085444044804	-0.7474850686979995	-0.14764015541809308	-2.9516815515278765	0.03052525595979289	-1.4919225019387339	-1.0485563312266994	1.0155080952295419	0.2981991386459372
Br2521	-0.0129704	-0.00610802	-0.00220176	-0.00038085	-7.08016e-07	7.7	0.014537950305288	0.967517	1.0	0.0	0.0	0.5888536048107086	-1.3269383769139167	-0.1337331924825238	-0.7503233850668346	0.10048430372534395	-0.6523916517768766	-0.4634465603869341	0.024984679077470547	0.05243023635609373	0.930470694786587	0.568305443034909	0.3817776751461082	-0.7619603213514337	1.8099610172084537	-0.5127537125383848	0.7420752536700022	0.8488757702607076	-0.3104943458738297	0.09311158969249028	-0.007567791662049097	0.024106711683139666	0.21363176988766155	-0.3413629784203798	-0.009629486291260626	-0.7459374160942598	0.1099425779023785	0.07892880365161276	-0.27222713021147027	-0.31173763899202755	-0.767879689523979
Br2534	-0.0126586	-0.00552294	-0.00373589	0.00208752	-0.00202468	7.8	0.0188339238368308	0.962994	1.0	0.0	0.0	-1.21427117038056	0.9942429757560517	0.6766157673986399	-1.1484363261889146	1.1296119666580733	-1.3871740486218485	-0.2000058508891524	0.2570322275785513	0.8488546036755302	-0.8450685795191503	-0.7871894730089142	-1.930503256725487	0.840738609906824	-1.4122404787172855	0.24658019489858332	0.6988990705826823	0.7097654554624067	-0.19612585900910337	-0.3975407990157664	-0.07990405072527351	1.5765259162833394	1.085807151755511	0.010816059143590654	-0.1273612677087786	-1.7576343201554725	-0.22585706000100436	-1.4718747148270432	1.8749179571776184	1.6406773892661075	0.47177397119012876
Br2539	0.0272686	-0.00449083	-0.00421932	0.00113811	-0.00188241	7.2	0.0090180810638207	0.973027	1.0	0.0	0.0	1.7309365383708164	0.5230315066500605	-1.5658978087116742	0.8182025264045311	-0.37024415441429326	-0.39081136228870605	1.649642804146955	0.1942583861116986	0.577818574880878	0.25730722614748897	0.27266007691518684	-1.0886676503497101	-1.328599016438626	1.1341517285078728	-2.2481720018338054	-2.242996221794373	1.295295705422807	1.0668112276478519	0.24270491685058826	0.8813083582758765	0.07568636395255716	-0.7627321253621312	2.119269487709473	1.6546789036549225	-0.019808327490177455	-0.5524306253618998	0.3562548336293627	-0.7246259708907555	0.5242956819640531	-1.3968229319700378
Br2542	-0.0131844	-0.00477325	-0.00353449	-0.00290772	0.00238068	7.6	0.0131426278833719	0.963272	1.0	0.0	0.0	0.4121855561994644	0.4710701933562692	-0.6648182201775443	0.4474625123550793	0.10948699869687155	-0.6615068802833102	-1.060904317183038	0.7383143501512419	1.299349213844935	0.19553907833160636	-0.5308058104669993	-0.34451316533150333	-0.6018097318681278	0.8204012722210472	1.5507534872427273	0.24399834524820288	0.4137341185978328	-0.30939484978820775	0.5294926951422627	0.7622624176034786	-0.20419198345349712	-1.3717194482696675	-1.1269039879719704	-0.28455179163232064	0.05697650542460727	0.8064023385026934	0.21033263501090804	0.03885385946447491	0.462712819815727	-1.2322494701858298
Br2543	0.0291472	-0.000707085	-0.00465852	-0.00500536	-0.00185862	8.6	0.0135365815751126	0.970705	1.0	0.0	0.0	2.052499901897967	0.7980571844824943	-0.5286562015288364	0.27583170030564924	-0.19922363126908485	0.04224730255493483	-0.13549285488294321	-0.3673709165560042	1.3012708249471265	0.4217733152051796	0.4784964753545466	-0.37869244194995905	-0.12004834190109054	0.3049480108513578	0.9991426484957183	-0.808337277823432	0.6766895896074052	0.5367295951793902	0.33110967185604523	-0.0813820754036127	0.13883856970527073	0.7948148569156922	-0.7253089518289929	-0.028521028182736892	-0.8879587249967311	1.2317741306130592	0.38993440035023413	0.8147160679281906	1.4823846766491149	0.3712952589340363
Br2557	-0.0108543	-0.00420145	-0.00638179	-0.0011483	0.00586248	7.2	0.0154660792088142	0.970084	1.0	0.0	0.0	-1.2642484119859085	-0.6049167735504952	-1.0369157192614968	-0.13799699133283774	-0.5175774632512584	-0.11815763693588675	0.22692738073770904	-0.813277233846572	-0.22525625730892318	1.2224493659272626	1.0699382577972818	0.3617074805114569	-0.9107567478200542	0.17361420102663924	0.05218687334616411	0.5907472466487039	0.41871192566257787	-0.3827154832613535	-0.3691196536939779	1.020213945311046	0.16768305277862328	0.8564953208433518	0.5920933456475056	-0.8921734173207091	-0.6642875356005197	-0.5408126600867754	0.7645957851194753	-0.4433953143603705	0.8690097983184342	-0.3163479837276055
Br2582	-0.0128786	-0.00395255	-0.00533234	0.00244535	0.000127297	7.3	0.0268352264023728	0.966359	1.0	0.0	0.0	0.15787257497629437	-0.5709233941745732	-0.5803638947479733	-1.1904922111117586	1.1352438807431542	-0.6579739592915996	1.752869522393414	1.6838163038347704	-0.7557308213240438	0.6682032574470819	-0.2394157871253676	0.7028922827622038	-1.0102655584987505	0.24193997311575022	0.3469471723654317	0.23795224945098972	0.5192908791616637	-1.0226234364688245	0.6914651000749721	-0.21840389292943546	-1.4096295134007308	0.6705096682501233	-0.28743782613387575	0.597480113792244	0.0730763367103864	0.5154878851084809	-0.6930243013592036	-0.3639841973366167	-1.6253002492308053	1.531685675654182
Br2585	0.0389259	-0.00478269	-0.000111312	-0.00508938	-0.00664935	7.5	0.0141223170603454	0.979828	0.0	0.0	1.0	-1.3105249631940639	0.31829762741250806	-0.3583881172942595	-0.7261867137550937	0.12962173482761508	0.6872643479721056	-0.17880902314018865	0.4353089686133466	-0.7155449578835454	-0.9056746506792852	0.9113291808651094	1.062063683062561	0.4649940163422464	-1.6583958807863917	0.12062358978016262	1.057576220383784	-0.3785793126240816	-1.6576027986323072	-0.5598178917053992	0.7678773007004808	-0.728125382317493	-0.4485142092780004	1.4157277954132106	0.17363364159362302	0.3952529620825015	-2.4760652601911546	-0.16043867341739035	-0.3384981962865967	-0.6045109774131406	-0.9087725756249498
Br5165	-0.0117129	-0.0033684	-0.00690681	-0.000812129	-0.00188007	8.2	0.0157341899824559	0.973028	1.0	0.0	0.0	-0.7578037380523863	-0.044034280945364636	0.3809374212246075	-0.19918284725353835	0.7392071004453479	-0.9333576271308438	-0.16834556677505025	0.09836097019204545	-0.48147791597227735	-1.4167513142423105	0.4075889476884511	-1.541229394483851	1.0648816260770053	0.3264734832682	0.7366539757709136	-1.4636770345321168	0.30532186054457067	0.8250567174069515	0.5111940890235152	-1.0451423064469134	-0.928784280168033	0.16885145872352536	-1.0186879031818956	0.28085781272702415	-0.604978459998214	-1.2409222011343912	0.6382275125990939	0.06930225695744088	0.5820336458549082	-0.08054653491887184
Br5182	-0.0131355	-0.00506145	-0.00368318	-0.00328591	-0.000157854	8.3	0.0188782810652412	0.967731	1.0	0.0	0.0	-0.8465215927680101	-0.8885685633725011	-0.40540735627807234	0.2932437323789532	1.1776507270196106	0.1488094532952714	-0.257239559237833	-0.39235485942872655	0.29601127842671354	0.4010395830392378	0.8997092256886244	0.3212747675897868	-0.18426284471370902	-1.2943334390545538	0.4017767654247479	-0.30066111980761967	0.36926308177735917	-0.8361300771391614	-0.699315033794731	0.6539421613137115	0.763555541435485	1.0076768351239522	-0.12572648607576353	0.29401600400711986	0.261285059701636	-1.4726041310866083	-0.022234096102147237	-0.7686745583359689	0.5735713664060917	-1.2488695138450132
Br5205	-0.0100521	-0.00349591	0.0131658	-0.0054959	-0.00843258	8.3	0.0195579922393826	0.977858	1.0	0.0	0.0	0.45595976269973987	0.8501446915855086	0.18905473109004023	-0.6266156849853542	1.235639450403151	-0.3560039916433535	0.1473441318990665	-0.6771916351642607	-0.040916115481726	-0.292927658114769	-1.0943228105340135	0.8795965057761326	-0.022327379331125455	0.1398783905374634	-1.4805139591743006	0.8938498877186905	-0.33340251078626754	0.35693483208479654	-0.4170595115474342	-0.9039740272298586	1.5366013272822643	0.3226248958968639	0.5859679223234875	0.240089638314486	1.275406159205789	0.6594475634992157	-0.9777008533216548	-0.35083823325967295	0.6941632478877681	-0.4150270813199655
Br5212	-0.0130922	-0.00405189	0.000333573	-0.00297521	-0.00197118	8.1	0.0143040094982479	0.98178	1.0	0.0	0.0	-0.21533616588425358	-0.7875021940723402	0.2539884400956385	-0.5694827854880348	0.10360744674965498	-0.32557293167479906	0.24093657661288476	-0.39615232006169043	0.6104748597974805	-1.056807388653296	-0.27266520480472317	0.22685774393729652	0.25461441342143987	1.6095423830570896	-1.4671077438046036	0.8274887160311243	-0.5185289213883343	-0.3336144846780727	0.10103321443163674	0.4564442930922021	0.9959877540301978	-0.7629810783506676	0.38710097492478646	0.2278132946090469	1.318377472633301	0.15632325527328778	0.6395187474510279	-0.7645005966491586	-0.3410765631143611	-0.6238122947107394
Br5228	-0.0123685	-0.00511712	-0.00105022	-0.00071676	-0.000671742	8.1	0.017342813157435	0.966664	0.0	0.0	0.0	-0.7653571211644531	-1.4081176740518166	0.9861073573474999	-0.3208267064098708	0.8012403589862132	-0.4407994937489415	-0.6218249773851936	0.018203862053958426	0.6254462382451086	0.27555003559955316	0.39730747954419865	0.11707173810788651	-0.9763791378593867	0.1518773196710356	0.3854504694056873	-0.2152221728794135	0.7261733634777674	0.4432383085758001	0.19364252323696476	1.3850009877381482	0.16675203554852494	-0.4091944874657346	-0.23494103251477458	-0.611180601687648	-0.30208342709963537	0.6400736339230301	0.559834642335558	0.5599939473475615	0.10794291706760224	-1.2907836372963002
Br5232	0.0334969	0.000449947	-0.00076917	0.00142888	0.00068031	5.1	0.0162733731590498	0.964812	0.0	0.0	0.0	0.4992449664051009	0.42936037293858703	1.368393717008576	3.7905169784421884	0.8870508551615792	1.1672420832942108	1.9640873752624897	-0.6877885826561128	4.721166571180721	-2.737308207876201	-0.39893433277733054	3.027899330908542	4.094567634120944	2.1299647646809166	0.9383182630240248	0.5149787808940558	0.4283490202914986	1.3538677176082694	0.19412584294667523	-2.0866409303817806	1.0501524145395755	2.9936747876107845	-1.486494886418034	2.48846263682023	-0.5038743050457969	-0.17280446962161283	5.150991203364567	-1.6651831955721936	-0.1334592698147045	-4.63216126322454
Br5235	-0.0106259	-0.00352999	0.0102683	-0.00489391	-0.00473598	6.9	0.0161470086762376	0.978956	1.0	0.0	0.0	0.05327745284433516	-1.4844260654087555	-1.3897289220623816	-0.6041529069297278	-0.8326928261328186	-0.5457562625817267	0.08393145561128307	-1.2003129422062249	-0.5412132453897529	-0.3117302894082214	0.46976084725970696	-0.49216519926924973	-0.6602430668387571	0.2691026168104198	-0.028050552530897704	-1.037227003484173	-1.059573368474038	1.3092575334216692	0.4259058208077481	-1.1789498810182344	0.4620080810812995	0.686790633238566	0.34873309401105684	-1.0802409309419037	-0.51652333155056	0.07355107285339045	0.32618332195592986	0.19995784019505297	0.08394032063255971	-0.6537679057480467
Br5250	-0.012401	-0.00361989	0.00235847	-0.00202341	0.00255235	7.4	0.0126886263904547	0.973651	1.0	0.0	0.0	-0.2413756947453141	-1.107258520042684	-1.0930271086755807	0.6756807708043584	1.5555709097112531	-0.9521413186818898	-0.42120526224061167	-1.0787181042926592	-2.225308040383916	-0.37374603852197485	-0.3810787204917486	-1.3508842082814843	0.6126580023564824	0.8678665680675598	-0.0612819413796105	1.2869707284633938	-0.22891760351549464	-0.4793396584225878	0.49278213563593243	0.09060212460684414	0.4895613177260766	1.0634765264129884	0.04726987092165621	-0.28235635999232905	1.19225393723965	0.9913300993154	0.5142830013275865	-0.7682620776228308	-0.017001160218862284	0.11934141261659971
Br5259	0.0108021	-0.00489694	-0.00295791	-0.00723182	-0.00242014	8.2	0.0168543828853828	0.976038	1.0	0.0	0.0	0.022683998626389586	1.3809491331002164	-0.011447500740139914	-0.325147770893831	1.990153895056382	-0.03522752182209269	-0.20765085376511844	-0.2710537513820374	0.47980694302813304	0.09540137201705925	0.6048081592928767	0.25561817023370853	0.5838751907855552	0.304598863231641	-0.4486979154214581	-1.7493028672310318	-0.5780653015721564	0.15954600610014966	0.2465462921583919	-1.721140524968037	-0.8127904205451508	0.5218613063965202	-1.6735641384494384	-1.2066711807243131	-0.4448785913417539	-0.5493114592803694	-0.4576760609914992	-0.06797274696947063	0.9813917403915283	0.3327301592604921
Br5262	-0.0128446	-0.00470309	-0.00146039	-0.000228065	0.000746362	7.0	0.0170820457941688	0.968725	1.0	0.0	0.0	-0.21607853353955317	-0.8115007121096905	0.0009119841192291884	-0.13399745378346553	1.233345239993976	0.752039575352007	0.2542831760077793	0.6708596910504141	-1.251632811526662	-1.529743369838812	2.126133704884183	-2.5860801085138045	0.7733920868014208	-1.4904406386362976	1.9002860377615272	-1.365745466630325	1.3293290630083405	0.47820612744263075	0.6428093945964154	0.6236016184534724	-0.8263776373381463	0.8445797345795184	-0.5561594012267197	0.5904114102092153	1.3256869945379066	-0.8161735625137602	-0.5215259726136694	-0.9206641655688739	-1.6089202491101517	0.11848089176694965
Br5270	-0.00651982	0.0364431	0.006598	0.0806011	-0.00570614	7.4	0.0220292209475065	0.976685	1.0	0.0	0.0	1.4790251629373963	-0.5355162857253308	-0.07287142679037982	0.22002653502460123	-1.3643240777007284	-1.827922368364204	-0.38975225374522443	0.5097414941638514	-1.5626314149773337	-0.3720383395939943	1.191095346665937	0.26182918075006223	0.19660569652728435	-0.25253992792131874	-0.06240310242706232	-1.3515442149097345	-0.39984933936217254	0.017068219890711146	0.2479338390383001	-1.110070489068229	-0.7552906786156793	0.4406357336950102	-1.0653250549881843	0.4221860786983522	-0.2710021958182716	0.8071303399873918	0.28070068885858024	-1.0645378345790755	0.360769482642085	-1.3339400342767196
Br5280	-0.0132402	-0.00419951	-0.00325825	-0.000231156	0.0041715	8.1	0.0168925787875655	0.979688	0.0	0.0	0.0	-0.9116880291827918	-0.5862709764019662	0.5217391984299959	-0.9439922530195242	0.3738829936899321	-0.9966820893520684	0.024137880298464327	0.7340464655513567	-0.08232107170100524	-0.48671436983057287	0.5349964310607174	0.28834884578033765	0.08820890961869682	0.2251049152172515	-0.5451386220451152	-0.3302271604539942	-0.21151271124855428	0.053014934510972035	0.2615969199646391	0.6833967018917612	0.01237842450253879	-0.982279452135149	0.6999355168311172	0.4781153292516074	-0.20740527783848436	0.13773279896748616	1.2307767361916842	-0.6727984801842857	-0.6360322168808688	-0.832293273001875
Br5286	0.0461496	-0.00611578	-0.000362237	-0.00300164	-0.00345776	7.4	0.0171021679351802	0.976869	0.0	0.0	0.0	-1.3986858438054808	-0.2607541256464651	-1.4325727891231104	-0.5751086057126955	-0.2791363594190139	-0.193384210927923	0.7990285156277471	-1.0605282522577055	-1.7431689961155015	-0.022843878672663475	0.06267150816967446	-1.393072670444103	0.5109575302119059	-0.7832774950273265	-0.2302715472356617	1.6465066078214525	-0.5779140150869507	-2.0612180972834784	-0.20757131421849062	-0.12290243848480212	-0.1812139600380011	0.9634740247856088	0.1863352822672433	-0.23484011178788758	0.09064159029365054	-0.3283032468842163	0.5358593017579768	-0.46817920130094526	0.6260406769986883	-0.9517208603996457
Br5287	-0.012181	-0.00359209	-0.0047932	-0.00559485	-0.00111026	8.2	0.0123462994477734	0.974241	1.0	0.0	0.0	1.9105022060514598	0.38892963297748107	0.47016770808407343	0.21250502468091986	-0.35298394502781577	-0.5985607192536999	-0.2794804629620684	-0.7586636787185495	0.23807936171848226	-1.0589755585974419	-0.03538922322145548	-0.681222242227422	0.4970112610240938	0.31438709590194186	0.9929482430552887	-0.7452279318388682	-0.013365324227687825	0.19318671421530811	-0.3727921589771298	-0.8783852923635114	0.5561702440742872	0.34680762850936037	-0.08627406695109374	0.15764238323723934	-0.48688644010773396	0.7127697362747052	0.8819929711000639	0.9939900265174566	0.8477403174099593	-0.3160800128965102
Br5292	-0.0129566	-0.00486817	-0.00052273	-0.00628136	0.00205462	8.3	0.0148698886966774	0.979672	1.0	0.0	0.0	0.4588391595732251	1.1200021626549974	-0.231368652187447	-0.0014597239477042944	0.1602245082035925	0.5466386495833713	-0.7865254643195442	-0.15883662472508334	0.36444347583176123	-0.0574152057899515	-0.5434172931759411	-0.34799672338932114	0.5944391883814019	1.377192755685236	-0.2621117023795356	1.1029996089460548	0.40070121702358	0.49659979072490723	0.7392005848487506	-0.48015230219613125	0.5024813595546727	-0.13266135975662566	-0.3128567120004198	0.38163581919357936	-0.3705540629341688	0.12319479562976988	-0.5026082172617193	0.7399363542058619	-0.6028099621451278	0.12029105788447282
Br5314	-0.0125597	-0.00591028	-0.00621456	-0.00319664	-0.000592456	8.0	0.0095142413272255	0.966358	0.0	0.0	0.0	-0.835726421775633	0.613926337780997	-0.34599865112251793	-0.22167325383911146	-0.9185383331954716	-0.6410726501439369	0.5081289176318227	-1.9520650760782914	0.43204154091394914	1.8906865212661672	0.5197926268033659	0.05709361216197988	0.24328327306622888	0.7273192031052705	-0.40389464984667234	-0.6124165405374807	-0.34054409919179063	-0.22971097722080674	0.2972926940512537	0.4461660474680842	-0.005102037449054737	1.5297079490837049	0.7170114821162505	-0.44173922803816984	-0.6117611521610997	0.23052428643867326	0.6991678196892649	-0.8561485846825752	0.4287142195099873	-0.05581674991113326
Br5323	0.0347485	-0.00560765	0.00111757	-0.00150308	-0.00208043	8.1	0.014850989043504	0.973085	1.0	0.0	0.0	0.2926899465014109	1.468388228325319	0.08512113686649062	0.2013461675126253	-0.03385083989953399	0.5972333911097353	-0.7165493307974342	1.370117644647498	0.6652257116168643	-0.557560413625922	0.1774159643019547	-0.19951305936293445	-0.26489617159142265	-0.1492693961246315	0.8690781775414876	-0.7108082221455354	0.4629276394926527	-0.461148799165602	0.09058919996325894	0.5763874616077129	-0.4284992469081632	-0.7620236340816988	-0.8036551557221854	0.5392187282304606	0.4050431869673497	-0.16487588330588715	0.8142651776309308	0.20025252469363025	-0.05677921756216064	-0.46739908812879166
Br1245	-0.00975804	-0.00235558	0.0205113	-0.000860031	-0.0145292	7.9	0.0096854103326055	0.961977	1.0	0.0	1.0	-1.6505130413539337	0.27858897723755055	0.518999795243751	5.217959951961276	-0.0840630610376962	-2.358110083742111	1.5594324793156757	0.175408706454988	3.8592647498320534	-0.7035195152118335	2.041072677869717	-1.187615065403318	-4.170169220992986	-3.812687589213521	-2.823091390275741	-0.168542201983825	0.05000228034876135	-1.5708380617832538	-0.10080795501512661	-2.1563764591557444	-2.0262420544039577	-0.6534340020386742	1.618293317857647	0.4903571974826447	-2.023336758448722	0.9557782961594888	0.4560544429000443	0.3374051235439641	-0.6014501966787231	0.904162562960712
Br1585	0.0378943	-0.00379294	0.0012127	0.00033597	-0.00092147	8.4	0.0121109633984739	0.948344	0.0	0.0	1.0	-2.033302585208307	-1.6181349979565134	1.6079395113380504	-0.2372914395038667	0.219452535240973	-0.7609418469554032	-0.5537637833030126	-0.5052577485351981	1.0828003258671144	0.4316556520739773	0.61819072547231	-1.4062734619057533	0.8773320195700174	-0.6522068222009086	0.9998150495672282	-0.2818840575488675	-0.24708987625859188	0.44681674027531876	-1.6853539934926427	0.14457632975454326	2.0313539712905513	-0.9371145255557072	2.658544512551888	-0.30342367761189243	0.6803866268157709	1.068849593223958	-0.22127423589027906	-1.100599926020148	-1.1447243420224833	-0.9419107627139606
Br1633	0.00265552	0.139495	-0.00387417	-0.0602035	0.00408714	6.2	0.0153109247367797	0.961871	1.0	0.0	0.0	-0.9339773446369339	-0.7403158794713732	-0.09727724900014142	-0.05110948293345831	-1.203240625750855	-0.22707962743009633	-0.5939007845160519	-1.0358324283050282	-0.06593234792896119	-0.01781165658692936	-0.6988902254019583	0.10974084774760942	-0.5097866511957244	1.2943579514656827	-1.5938963569195939	0.28621508567377824	-0.9855265148679373	-0.48921126449111635	-0.6982878257755281	-0.003698167382456937	0.36227795889954667	-1.4124151560258613	1.1727001081279411	-0.8100863361870622	-0.7453005977263895	-0.45541386964975716	-0.23828902227675966	-0.3907952187384176	1.5638857516610105	-0.6422201346705795
Br1684	-0.00957064	0.00145707	0.0298875	-0.00636144	-0.0117279	8.4	0.0145906216550518	0.952375	0.0	0.0	1.0	0.37796014196445255	-1.0533415830062693	-0.792211179181804	-0.7914986998811245	0.45898552727012987	-0.30901919086641827	-0.1624876064558013	-0.4378540764684691	-0.46141169882035765	-0.9707756442793906	1.0860699211603808	-0.17942679787424354	-0.7896889334190692	-0.23012844336724633	0.401331745070261	0.014198351976287068	0.0066874132594781505	1.33665613984189	0.0007585069142582329	0.49145833801245903	0.683856765532271	-0.8528429231309044	0.39379691210380946	-0.40507400044154607	-0.49192471836526735	-0.21185559561602285	0.9670734118322395	-0.03399264754073147	-0.46535352843336913	-0.5151771351318141
Br1648	-0.0126174	-0.00488115	-0.00709118	-0.00215096	-0.000290335	6.4	0.0120642712227766	0.950396	0.0	0.0	1.0	1.081304250282675	-0.9582330617155604	0.30933157865569144	1.7769791362984018	1.6079019167591035	1.138752933249325	-0.8966393321268379	1.8582729813075518	-1.1485022647137888	1.4324187345140023	-0.6113954300739461	0.14738767943683906	-0.42746223584200516	1.3569239968650066	0.13118027089432518	-0.24629321480940775	-1.8717995382041535	-0.3732939075604418	1.1045093879017223	0.12617362080857453	0.41289532640829446	-1.2598653878236488	-0.16504713878125213	1.2466071966803691	1.284341867216919	0.8190642538209204	-1.6901306533829514	0.6119080314825407	1.3013322410179342	-1.2052078830369104
Br1571	0.039326	-0.00284828	0.000211065	-0.000809387	-0.00156709	8.7	0.0206061530603723	0.97546	1.0	0.0	0.0	2.26238288170264	-0.5868470486915124	-0.9182056804696737	-0.15130171836570375	-0.49097033037920657	0.1582040532514327	-0.15088883782153395	-0.4252483915316015	0.23925801066664965	-0.5086488187561872	-0.7046040225847892	-0.16858716972748253	-1.1341686143839984	-2.0288353876379617	-0.4369455619588006	-0.020945761533335376	-0.3167842416625198	0.8815153350521403	-0.4028264204973785	1.0122788607201685	1.6769734117665318	1.684319645155733	1.6417027388237135	-1.1730273236324926	-1.037811759853815	0.7009146588031355	-1.4259372014303164	0.1522764156233372	-0.4694214106467282	-0.48730853565180277
Br1227	0.034603	-0.00377223	-0.00015495	-0.00392674	-0.00195259	8.1	0.0141313732658768	0.954787	0.0	0.0	0.0	-1.5411254536506382	0.7959276868980207	-0.5795981535478973	1.1913731151929545	-1.382800312556679	0.8843830325324512	2.2032492108792856	-0.052975971849773984	-0.519646903563924	0.46155569445188854	0.10793764626930173	-0.23913866733509584	0.6384475622067601	0.08579810635729021	-2.313893544974395	-2.03791109881127	0.4112819767561693	0.5232656047223847	-0.029691412284043005	0.2951908680475049	-1.284191436015177	0.4862353629746605	1.4818582813111427	-1.0138419849053235	1.59616671153811	0.4954194058681175	0.5946861734479832	0.5858787592109921	1.5104277329014892	-1.35230067348737
Br1560	-0.00554885	0.0398761	0.00635323	0.0914755	-0.00658185	8.3	0.0107414830549854	0.970167	1.0	0.0	0.0	0.984591704498646	-0.2564449382176943	-0.5154314943088106	-0.7972750061747839	0.7772057023329622	1.0012377817976024	-0.5439146822132259	0.4606073622880742	0.006758204067071996	-0.7565245709697682	-0.028417026079738422	0.09262792775247262	0.27076718564817986	0.15633841923860786	-0.9123055605075485	0.3757504759030971	0.9141454662476024	0.533152898410329	0.16898126323533255	0.2634685427295152	0.4613531866140261	1.5719390350326263	0.5224326700997562	0.6743950403943432	1.1253778412222493	0.17979927540269336	-1.03327046001141	-0.08700680854234158	-0.9971032974828388	0.2321725982184596
Br1576	0.0436684	-0.00286209	0.00451537	0.00515774	-0.00242568	8.3	0.008064599615985	0.960431	0.0	0.0	1.0	-0.9408001984264818	1.0861083788139534	-1.6862945969096297	-0.4825488749868072	-0.4402948459167359	0.21337928624560407	0.18091286421897734	-0.7379481039478025	0.1803594358364221	-0.39160253027404995	1.144468439440943	0.78326487334801	1.0152977461028228	-0.03581269832437882	-1.5260711503969508	0.4669906064108813	-0.20307879113222813	1.5020900702425863	0.03162190381548841	-0.3535714539538323	0.7841368958211798	0.2836457299293192	1.7013694660839815	1.087415366995353	1.0897198492365827	0.5156580478348815	0.5474547114545235	-1.1955544508048923	1.166121456512775	1.245375021877796
Br1067	0.0195079	-0.00372504	-0.00288436	-0.000488544	-0.0036065	9.0	0.0160681995974682	0.974818	1.0	0.0	1.0	0.6408745748082267	-0.8393342034352119	-1.1592034690714603	-0.3164438023342326	0.26764214530192043	0.21827425730780736	-1.0120380196497878	0.23798529302836388	0.37452865240066446	-0.6557957458629169	0.43852882294670414	-0.5774858467326272	-0.041339350662640904	0.33746725606966177	-0.22656590460982293	-0.731624809121539	-0.3187635343164914	0.5236925101132642	0.24673784561567644	-0.4100388780208046	0.09294171175368696	0.15813507173908106	0.2120533498623861	-0.12146534839036538	0.016867712237188116	0.9683277662352694	-0.17031047455989345	-0.08563439359280729	-0.0011621964118514632	-0.8288691836839536
Br1004	0.0334534	-0.00575511	-0.00365793	0.00132076	-0.00279541	7.2	0.013618457003456	0.974875	1.0	0.0	0.0	-1.2543169564759111	-0.7473089231336053	0.2605985326790762	0.24555493280561597	-2.2060294600049266	0.7649607359313386	2.428950778284825	-0.14923011593043015	-0.9137652206309598	-0.5446259819546728	-0.8330907297151436	0.36163995684364936	0.4463754904672028	-0.47961460195301864	0.8785310099997827	-1.9884261685860776	0.7511197819217709	0.43315102891041324	-0.7030480737578191	-2.251920372629612	-1.302939700227476	-0.1347453217699632	-0.33088493321546364	0.04555669257437734	-0.8725573451254287	-0.40232015721467485	-1.1840368372681167	0.6266990241049112	-0.752205367960794	1.5071810144845592
Br1033	-0.0123983	-0.00305911	-0.000279086	-0.000772801	-0.00047457	8.1	0.015158974331998	0.956475	0.0	0.0	0.0	0.2558933096992801	-0.055605486003479664	-1.3984963536152153	0.2406084524282184	-2.332602847887483	-0.9025656699091648	0.19848710153941854	0.12864904723285736	-1.9504867609567653	2.2933459719005285	2.3268576006456367	2.852149692800512	-0.522308781107256	0.12142364223526766	-0.9947634779513105	0.9058188730249257	-2.0002145887243907	-0.40115212084285073	2.6659516665307166	-0.28666738783907525	1.0851433711876108	-1.277957107279483	-4.272988905544616	2.451584308069913	0.7327178372307551	0.08821697757242346	1.5045320516045033	3.204387076552049	0.28729067588281576	2.0213944937810275
Br1646	-0.0111888	-0.0018494	0.019546	-0.00445513	-0.00337567	7.9	0.0038898584436456	0.956618	1.0	0.0	1.0	0.042936679933276524	0.669507251942221	-0.608628635407695	1.2464797415349627	0.65767838068098	-0.4979002866043824	-0.7475451714358053	0.07425064659282016	0.32393024187983593	-0.4530861401195213	0.015551126487239837	0.8436223913175483	0.583385946876693	1.415083699131915	-1.0804476872815025	-1.4275158722985637	0.4705171258601561	0.9290720803503192	0.2884063655114353	0.06356711441240459	0.8317498087487962	-0.8150541998969802	2.132715495797769	0.7047816722597342	3.1461744674073047	1.7001350985490837	-0.8988274873490575	-0.009554674358592643	1.695989296956624	-0.14345599295711128
Br1263	0.038801	-0.0057682	-0.00149775	8.61521e-05	-0.00683322	7.8	0.0136654741585353	0.95394	0.0	0.0	0.0	-0.069999506555595	-0.22972806864934942	0.7666852034137713	-0.9716826393313213	-0.5142856674519928	-1.4292210707183808	-0.8687420407880354	1.6460608968907435	-0.26042493201211553	-0.986447536088615	-0.6718185117391848	-0.13251238478670918	0.0181966985729151	-0.007649643909265408	-0.4574524751149482	0.0543943369596924	0.2453603822967946	-1.1659241581957251	0.03148431046774244	1.2155596121577943	-0.7986532766367426	-0.29864206534067445	-0.12520620159391618	0.5864409357003567	0.7977176996655119	0.924812400342071	0.5061023145295586	-0.06854006739028447	-0.04808295693906632	-0.12083973586720854
Br1276	0.0293797	-0.00196152	-0.000695546	0.00656966	-0.0097603	8.9	0.0139717642176743	0.96671	1.0	0.0	0.0	0.170461399968606	-0.1443024436169537	0.7427168904272359	0.41028424606408076	-0.13156912536862614	0.4979029538119364	-1.1506857178412384	-0.6052632363594971	0.6148614814676997	-0.06904472914551817	-1.1029978882077727	0.87763232702258	-0.06737219749554353	0.7773237694421093	-0.7469839935680248	0.5433071227341975	-0.2715670037020111	-1.3118748557299567	0.10606579531822576	1.431336266367401	-0.377904214427806	0.43322867528223635	0.7009653855787199	-0.8469708415768902	0.5702178918393024	-0.12009025071348664	-1.0119465431353085	0.46958253379652476	0.4726326809555903	0.19283972523554505
Br1167	0.0278394	-0.00313463	0.00854952	-0.00138293	-0.00532143	8.8	0.0240887796384618	0.969763	1.0	0.0	0.0	1.5860484218104196	-0.24450440661462786	-0.9407658873231579	-0.04547277639329177	0.7145465425817048	-0.03912799897444418	-0.6189943614848541	0.09152479225958081	0.4051618958001982	-0.5921261535037824	-0.9778008597885983	-0.43050514797238953	-1.3634220011886018	-0.7337644352465801	0.6505212354525541	-0.579701973446954	-0.13464746421939353	0.6441387804096794	0.30537477642285094	0.5445458903818207	0.12262906441600291	1.045547933936742	0.355569652975852	-0.17233605031717586	0.27999516663780066	0.6672108502706994	0.1782458504958389	0.6593041755351602	-0.9997448927377846	0.499355490965676
Br1407	0.0284812	-0.00308808	-0.00122918	0.00167667	-0.00110206	8.8	0.0186725802238037	0.977897	1.0	0.0	0.0	0.20761780060666907	-0.504560721084596	0.3056689561127462	1.4891230589903617	-1.587081162218995	0.6958388213839868	0.7326091070013729	0.5117830267746242	0.7847336053206497	-0.2861075263852775	-1.1613818345649176	-0.43373942744332067	-0.0398096487754773	1.3890964053203476	-0.614638055085076	-1.4056734921464071	0.1492568144883021	0.5175674724027626	-0.09290453586599905	0.4458114267534661	-1.0923348119239946	-1.1800129965770376	1.3113223430193515	-0.2528656826148754	1.10864312143913	-0.5006055478901478	0.4465376864467438	-0.1709802594168054	0.5535721711845607	-0.34559578820693976
Br1204	-0.0127873	-0.00544049	0.000334529	-0.00426978	-2.19058e-06	8.6	0.0182535461276176	0.967906	1.0	0.0	0.0	-1.015480505510016	-0.4464997600028301	0.1577751766368181	0.16354998929233164	-0.5030954208724917	0.7981563393762513	-0.06266802038098226	-0.43907194044344616	-0.5115903174611439	0.24690534463496508	0.10224556827034245	0.2922756715793388	0.8261871777502231	0.2540656522221013	-0.6160904173988282	0.4237546091511975	-0.6379716922592303	0.3996275899182323	-0.2780887485834038	-0.5257247101444835	-0.7234998859439448	0.5068317334420779	0.8326619817097894	-1.1603056315252536	0.5380300249983863	-0.6944713286986857	0.1791081090380736	-0.33375740553756367	0.7192280575882929	-0.1363963355339869
Br1531	0.0384332	-0.00354722	-0.000638854	-0.00175623	-0.00329758	8.8	0.0132284346903652	0.961263	1.0	0.0	0.0	1.5208427129747728	-0.30937647089810155	-0.43471749080181954	0.808843089200174	-1.8157779104332605	1.1390150605174667	-0.4459775440344317	-0.19668204996756233	-0.3865218949105594	-0.3162383561041037	0.08414152428938337	0.842345304300888	0.3794389312490388	0.030618100596469494	0.134676083776964	0.8530264163324529	0.5498836060184953	-0.4461695398803496	-0.20277232176417778	0.3173225518504934	-0.5520281449843589	0.4008023424138301	0.9595904667041387	-0.1694959647221942	0.8890599875397664	1.1274705235314175	-0.8118200001639155	0.07424380067207803	0.532028019954571	0.30062744207350944
Br1225	-0.00933303	-9.89944e-05	0.0504355	-0.00312706	-0.0271503	8.5	0.0166810935023873	0.961589	1.0	0.0	0.0	2.2971548936715864	-1.0069012489676021	-0.8048696879458712	-0.6817541994862791	-0.6944902866028514	-0.6768068495581511	1.8276120364263069	-0.8514402954005553	-0.28184036538088847	-0.428035779283142	-1.5379016128376082	-0.5769024603697522	-1.0545966792965593	-0.6554548645560162	-0.029338372637655166	1.2217572564852228	-1.5175899722776647	-0.2690940028453687	-0.022112880042024417	-1.5729878803046107	0.21018099381929278	-0.6243290102012998	0.8317344454967603	2.0603604709777144	0.5346376223696518	-0.7160683114414836	-0.2106949956244339	-0.5674216171107845	-0.5727646413019178	0.6190833274307428
Br1281	0.0274893	-0.00444846	-0.00523461	-0.00328414	-0.00364899	8.8	0.0161603680928589	0.962434	1.0	0.0	0.0	0.687210851056858	0.7840547159458708	0.5019782380742036	0.6580178323949832	-1.0755564951413763	0.6043912403644288	1.2213799246266417	-0.4699902787781187	-0.18402384525699036	0.5951633688448528	-0.8930149388705576	1.0743159650689893	0.46844504428179873	0.17814980666212937	-0.20276693549976255	-1.9342459248120012	0.13063005194392632	0.13321617684614998	0.5125978170286654	0.1363099998481276	-1.779547250063982	-1.2334339697400958	0.6533514728888061	-0.6194438868909575	1.3759068218544306	1.8642135573675052	-0.7081689463902417	1.197075979617583	0.1994103129930851	0.2466522470099999
Br1436	-0.00976158	0.0163599	0.00640017	0.042575	-0.00169148	8.9	0.0124548773110021	0.96174	1.0	0.0	1.0	2.1765722883250356	-1.1252718935039694	2.4238047764529043	-0.9731033272405409	0.004286525144825744	0.050752544293382724	2.949582829957945	0.11343117663273311	0.9227902793991298	-0.013682257512307438	-1.5856307444792295	0.1707199099622159	-0.936132045010479	0.2031881551460728	0.9322275404869712	0.5840474895007374	-1.1957257864185484	-0.10715829191331348	-2.501267535549335	-1.6030123076531042	0.49784025105245194	-0.7128464879978682	1.9617198668895197	0.07353468034393851	0.8728357038480403	-0.10217657848387675	1.3331734311903063	-0.6108966597236335	-0.30553404555083336	2.2546058501471955
Br1858	-0.0128705	-0.00438505	-0.00695611	-0.00373252	0.00312572	8.7	0.0198252996218421	0.964447	1.0	0.0	0.0	-0.40177814737534595	2.0221692192613685	0.29198753563061475	1.1923920465131972	-0.5057144382199189	0.9720561563124235	-0.30917539926908916	-0.5841963883409945	0.9237482126935349	0.5738423532628204	-1.2084444589896024	-0.36568452101835336	0.3536439205775817	0.3348384123784999	1.3880424760708163	1.0859910883823238	-0.8626654616691437	-0.31096951656041094	0.23905425751191023	0.1412015150854069	-0.3427695027723603	-0.6494943564711748	0.5904700927246866	-0.975217456435186	0.39086872972436504	-1.3927473016638052	0.5715311918836706	1.2287107354106315	0.837794482721546	1.0265587202830888
Br1879	-0.0109337	-0.00266313	0.0210958	-0.00170922	-0.00778224	8.8	0.0298506090990161	0.980946	0.0	0.0	0.0	-0.28706172637983934	-0.2352598540489661	-1.0970358889806475	2.244394203421746	-0.03721622453176879	1.5940078249818763	1.1404463613188482	0.8271221087793198	0.3947707882607179	0.3942765102301225	0.3430963752599967	-0.7443992009014179	0.00988251839700651	0.48184435321254454	1.4014522974666446	-2.2152404541282116	0.4377156044053468	0.7734248638887329	-0.12177691336655107	2.1781916779233295	-0.8815568489144248	-0.08350138202567181	2.7518310552469765	-0.17773359831796748	1.1959062858073568	-1.6344494630905817	1.0443842706948583	-0.020670718491745323	-1.6937911485382573	1.0009843418049649
Br1473	0.0357971	-0.000509729	-0.00511544	0.0044718	-0.00785063	8.4	0.0205401437940617	0.973901	1.0	0.0	0.0	-0.8193188781844868	0.22844497856425802	-0.625640380570169	0.27184131512433735	0.12602890561203398	-0.20327040475223687	0.3460651394006458	-0.06325768826282155	0.6261306681014961	-0.34537223656640936	0.05542855557005237	-0.5678026024498505	1.7203632213492623	0.5865255300458022	-0.7012868480710447	0.72213273584314	-0.4149032326885246	1.6553852734068815	0.1785057647346284	-1.8156262507267296	0.051450552314979144	-0.6994611747217564	-0.32628147189791423	-2.360475700640355	-0.06824667525659055	-0.32267315312723344	-0.3753091722046517	-0.5688274037362016	0.19493661572943985	0.7401791727357265
Br1875	-0.0126092	-0.0039122	-0.00948687	-0.00235269	0.000143024	9.1	0.015028534778854	0.959522	0.0	0.0	0.0	-0.6365293876874253	0.2843815843474171	1.9052296881633495	0.32676760416792405	-1.3908218837823658	1.5984813335852042	-0.5924024464423623	-0.6322263791307502	-0.11206687968057384	-0.3016938651097666	-1.6559934334270652	0.5377154540181248	-0.6993040066893503	0.3991823513599851	-0.22752079672269104	0.4353018883682934	-1.3666178283030492	-0.5413412153218488	0.002986417855131641	0.8862761967122399	0.10520405026298375	-0.44499394555649807	0.6115673636214455	-0.8936066957331212	-0.5555184641683227	0.32213964636466835	0.585592879615709	0.480051819301472	-0.22658451148664882	-0.672820823202054
Br1390	0.0358931	-0.00518657	-0.000753113	-0.00284446	-0.00118993	8.5	0.0157360337805955	0.976311	0.0	0.0	0.0	1.0348941778903007	-0.7555249831970954	-0.1948065530163548	0.9426537750151025	0.9602517751529891	-0.1377703588228143	-0.9300699323165796	0.3388139298293525	-0.525853022450492	0.9199866824767274	-1.0483344135785515	0.5954721079048517	-0.5142255843151655	-0.7391631746254164	1.6194834045378377	-1.4853679976227774	-0.293886798296985	-0.9027411366542607	-0.5317670480691918	0.8127511084514619	-0.09708769361463582	-0.17057411837495845	-1.2973964967389042	-1.347497973722428	-1.9811179666186847	-0.5746760551531915	-0.3389421455857553	2.426439906352947	-1.9572836408955068	0.7230708462732914
Br1857	-0.0131678	-0.00374321	-0.0043886	-0.00194025	0.00158562	9.7	0.0288783477596716	0.965089	0.0	0.0	0.0	0.1826959251849444	0.7443303897196659	-1.7653818806034134	1.517336350357239	-0.7121744608217445	1.5249694923279218	0.030897058065771768	-0.044286465622654335	0.9268037227789346	0.8836636979990031	-0.15138399940277802	-0.7224946820637773	-0.19155980439313078	-1.0136840608091386	1.548412798796043	0.3339535836256609	-0.8988243395521474	0.49563718345328794	0.08359666845826609	0.3312500194821886	0.2069266892244836	-1.6666315181130875	0.03395647163512586	0.6877461230958937	-0.06468550475477726	-0.41663758950131385	-0.4057085573652995	-1.7301204285647185	0.7804422267346197	-0.49612651761901
Br1039	0.0286352	-0.0031289	-0.00242607	-0.00499283	-0.00116361	8.5	0.0128315737547066	0.971714	0.0	0.0	0.0	3.1146152432196517	-1.2957406211645037	-0.5398075284883403	0.2206821345459945	-1.4061487373068613	-0.9038715504382311	-0.8803624363655632	0.30088859951521796	1.3175615488967523	0.25938382027406653	-0.11886948085919409	-0.16368398951463695	0.6626022791416775	-1.7612984104397453	-1.047644873649017	-0.3237538240067185	-0.6341270048170418	0.5260165978965086	-0.462271573115736	0.7852867854966196	-0.004141276273657895	0.4813741536800553	0.4251632232834031	-1.8275403805917898	-0.47597729383307397	-0.6638675544899754	-0.007876198661448413	-1.2180518409294674	0.8236155777290431	0.2459223842272006
Br1265	0.0399431	-0.00290966	-0.00286284	0.00554977	-0.0061491	8.2	0.0150115079198561	0.965763	1.0	0.0	1.0	2.029952575270792	-0.6071155057406471	-1.3790033494905982	-0.10480399297362228	-0.45264727271583716	0.12659360917663762	-1.4509655526557275	1.841748637481596	1.103933298026475	0.32597281114531335	1.0553060188639123	-1.1191295613127834	0.15585261911151513	-0.9140977701472452	1.0889739931116593	-1.4713181109080837	-0.20158393789886217	0.5368344157819813	-0.09752211020055794	-0.39373982333017304	0.5807356761685328	-0.1175218540667905	0.08125210741885738	-0.6470412074757448	1.0661189410461571	1.179261814623264	-1.8516955750098343	-0.6175295590705209	-0.7536391619659981	0.5882821297239641
Br1442	0.0399204	-0.00540506	1.83979e-05	-0.00674509	-0.00575595	9.0	0.0128088769079017	0.968923	1.0	0.0	0.0	-0.6734310238423107	-1.7148201893021866	1.4068285835024836	0.22319102984019912	0.6155380020746276	1.4864285701420659	0.10992183282527608	-0.09872621207144384	-0.0099604824368828	-0.78988887195356	0.8643205113324091	-0.32465282590100014	0.14504243199478453	-0.5204273303850457	0.11022329277387022	-0.4994818655436225	-1.3597898266421564	0.7683828764702216	0.5180472916512143	-0.28454981978955757	0.20936176729525	-4.703051700251824	-1.349867326996029	1.8407425178085202	1.4450309107893882	0.598639351396841	3.204061252518591	-1.5129574001821489	-1.1848453540484687	-0.010095057093122379
Br1881	-0.0124555	-0.00320674	0.000851355	-3.46247e-05	0.00468485	9.6	0.021755518600421	0.956443	1.0	0.0	0.0	-1.0883342519529575	-0.7298434642089997	2.2840027585087905	0.9238322252939697	-0.857216931991925	-0.5131439932121183	1.1740300346578711	-1.6604509542657784	0.7403035605609565	1.2839257403364717	-0.806190241124946	-0.742631143920137	-0.03430867865501728	-0.5429304756124772	1.9294967861912908	1.471711704301398	-1.6869587583249568	-0.5667770829254898	0.10589356806820006	1.3498896220578114	-0.07577934311115009	-1.7570460131054955	0.9100855613153653	0.7964864214960056	0.4583804988125884	-0.6692858490391622	1.130165166712052	-1.8461057140096089	0.9172725822234694	-0.392332389224866
Br1427	-0.007608	-0.00189126	0.0153271	-0.0046639	-0.00892505	9.0	0.0130582233372547	0.951226	1.0	0.0	1.0	-0.4776094936206293	-0.39187788469103196	0.35989856194170755	-1.1658687037937219	0.911729326784037	0.06065361957122891	-0.5876502788603143	-0.07368496188595727	1.224794793967486	-1.0622731275988475	-0.20838992563377745	0.8301627515976414	-0.8158083888541029	-0.9609852139329851	-1.1839489380329309	0.05462611112785268	-1.0657157159692068	0.6726891594146992	0.4675153444935664	0.46110126115500166	0.7811906299171246	-0.053035369083384014	0.08809363545019439	-0.13010357689834445	0.4694045411035101	-0.3685443316270546	-0.13206778783431672	-1.19969064936997	0.6201407449946365	-1.0942748817293995
Br1670	-0.0125521	-0.00528117	0.00144704	-0.00115811	-0.000475213	8.8	0.0273686549234629	0.978772	0.0	0.0	0.0	-1.4229583204299536	0.43035345498273775	0.4787129335270778	0.2869645107810627	-2.1994656323910746	-0.40839077566835735	0.07815858822742817	1.3979190728380784	-0.07543947277499746	0.27085655701692557	-0.9075523163676059	-0.5497284421328225	1.3207180729361285	0.4345649135833843	0.3825852775562821	0.9546296998041021	-1.7305602666657633	-0.30741933198817917	1.3593526028606064	-0.35443418818270805	-0.8923201378547101	-1.816243854388133	-0.00514979202257153	0.17111979656930465	-0.9813047869559013	-0.18912340525064317	0.012525156796536555	-0.5777194405751664	-0.3902564148619422	0.24623713028831376
Br1860	-0.0129448	-0.00335148	-0.00375437	-0.000987302	0.00248177	9.0	0.0210596929078498	0.959329	1.0	0.0	0.0	0.18146583496245605	1.3307941106692056	1.9994999564070421	0.5237295153395976	0.19175151014017328	0.37662253235053605	-0.06580357566470592	-1.342233081295283	-0.24642061626970171	0.23422471749070167	-2.106912520567918	0.12060600256461704	-1.0162334537149813	-0.18491947059735422	-0.003791841059803788	0.504618362850956	-2.0665447284068508	0.6104851970287963	0.884042001958093	-0.28134290555185226	-0.480217896496818	-1.3874913072972366	-0.5278124546613536	-1.3309071392854106	0.25410721005703296	0.8322567326933789	-0.37714958937593085	0.312788147956557	1.119684296520782	0.5678214333419331
Br1283	0.0424423	-0.00240387	-0.000199076	0.00126626	-0.00181694	9.1	0.0246089201243833	0.969562	1.0	0.0	1.0	0.3786007572067864	0.6608966819079185	-0.398288333132342	0.2788397645916752	-0.14598079750284731	-0.5038056534928051	-0.10620362660019401	-1.4444224562086407	0.8176641370943803	0.5010754165631519	-0.8484008629047355	-1.5432839182734792	-0.5776408410943593	-0.15495276007700723	0.6656437319457054	0.8348526737739138	-0.8302100966188085	1.2272549373819355	1.176646204785487	0.6765676615059443	-0.7662727262384813	-2.0412974146330747	-0.2600307121780108	-0.33055141230450014	-0.3449058549621647	-0.2981842298935987	1.0282752610291315	0.615666428190913	0.2202464365186882	-0.3244289688039271
Br1292	0.0291897	-0.0047774	-0.00376608	-0.000744312	0.00277393	8.8	0.0205740000130907	0.953954	1.0	0.0	0.0	-1.0436144988784437	0.3188335540543077	1.1641118065473335	0.9686921152904966	-0.9336336990035419	0.26117549189796324	0.08767155552723462	-0.6578903558642676	-0.39633531052580834	-0.1405362112040649	-0.4832467473846333	-0.5726691558184585	0.18755375444921576	0.29063589957904434	0.43538404202401726	1.226757603654829	-0.45315646056148995	-0.8105138241948322	-0.28784349279497456	-0.1756642213117098	-0.2824958208310565	-0.9155791799944794	-0.18232640182256427	0.408729197519515	0.11372276770807263	-0.4027836472272717	0.9892678665789956	0.30062048829000715	0.8165219149733649	0.8503445593323017
Br1050	0.0404394	-0.00552665	0.00390104	-0.00132048	0.00367017	8.8	0.0215679873980592	0.964505	1.0	0.0	1.0	2.104292367219373	2.2434678243254798	-2.490631850675383	-0.008227528526193953	0.21741486160661835	0.17518107200152738	-0.9033988953166487	0.09421137180423171	1.6311632335543318	0.5629634753799033	-1.0332995104352907	0.25645157862770546	-0.13216584853012633	0.5411301738545141	-0.14633807728004272	1.5112970134624666	-0.25458437674600887	0.6458263396719227	0.3149879907247876	-0.9395241356016422	0.8626845205780045	-1.484211354378826	-0.05256807503727104	-0.13577554729492328	0.003679027247167077	1.0642104150059042	-0.3605305782925563	0.758636465311251	-0.35526644943855235	0.49377073722057807
Br1339	-0.012749	-0.0045938	-0.001595	0.00172525	-0.000531346	7.4	0.009815609402133	0.957216	0.0	0.0	1.0	2.0405414369763566	0.6977554923265636	-0.4352169638301533	-0.44176707136632604	-1.43897176048168	-0.8351022861336058	-0.8892939464693695	0.865066794764831	0.8091703725777615	0.4991591101546591	1.210925341923526	-0.2728354549404483	0.11532222952617965	-0.7830473457897109	0.524753051333829	-1.6864934306866257	-0.7664191782685112	0.9516474422810337	0.3275810489057755	-0.7234208189838589	-0.10467831424838772	-0.7416069904678217	-0.870320059885669	-0.33268373407577984	-0.3940664472467603	-0.20067522010046626	-0.21370112793943855	-1.2693819978368233	-0.2063956464093821	0.36165050430660634
Br1416	-0.0125124	0.00211247	-0.00395899	0.00895605	-0.00034628	8.8	0.0199530655065122	0.969907	1.0	0.0	1.0	0.5560369114565008	0.055024553919207055	0.04280562224968719	-0.5618220574428839	-0.7274335274278202	-0.23362253391947377	-0.2590926656962436	0.6120726438392765	0.8685992349304745	-0.4305075592679657	-0.20563107326228527	-0.6427996631556252	0.29420667483262536	0.29781816363887814	0.3973810206032594	-0.18227579976587382	-0.934498609904094	0.028645894487442286	1.0330528692379362	0.030011544761314325	0.011435025780854466	-0.4039910787109927	-0.012579881371963272	-0.7232947771086444	-0.6079478695809067	1.6653872637752742	-0.7054144821873747	0.045133376243120756	-0.13206120492686146	-0.34372006714971715
Br1463	-0.0123956	-0.00228425	0.00192409	0.00349867	-0.00253114	8.7	0.0269219261535954	0.971752	1.0	0.0	0.0	0.8612295844740301	-0.2592602830874504	-2.1471055205697476	0.5472759843930151	0.8839269936358005	-0.7700469529419252	-0.3204572000793018	-0.044394475473526714	0.41701701131112556	-1.3614929683729617	-0.27942671453838747	-0.4878818294494697	-0.5104386140749235	-0.04556775288604269	0.22136049897894125	0.5788029658748236	0.1502384149989391	-0.005912932999924811	0.2818002415022492	1.1792832681468979	-0.054329771778423165	0.5464828537381637	0.3723710140156596	-1.451171502160063	0.3160018227608117	0.31696737815262815	0.42052430015811226	0.032627823291027105	0.16163855947683234	-0.9986636482651166
Br1840	0.0337095	-0.00202595	-2.2324e-05	-0.000322628	0.00212055	7.9	0.0078306963260883	0.971697	1.0	0.0	1.0	-0.4451636283967434	-0.1264655230159198	-1.1296635786989737	-0.41655743056522904	-1.0623261958306105	-0.01664145515414545	0.3571600045344026	-0.8553140894119551	0.3834437855905853	-0.18039137086616963	-0.427429285247794	0.740285646504225	0.020158199218479816	-0.6131986662730358	0.9538508309372689	-0.07611638217082699	-1.4915584317921287	0.7346009902403468	1.140903164799745	-0.42186841723757745	-0.44478402941005546	0.3017543242818478	-0.21324847633294194	-0.46951919614438326	0.8114178589613079	-1.6070634361901694	-0.6284195827247032	-0.2332025201235423	0.31021002171939976	0.8044023876635137
Br1016	-0.0125518	-0.00417527	0.00415725	-0.00217898	0.00124374	8.3	0.0256421855557949	0.957028	1.0	0.0	1.0	-0.6882660394083767	-0.1955663222415475	-0.5682665366875189	-0.23427824182119933	-2.245466147332738	-1.1218827891824736	-0.21941183467232972	0.9857787631745628	-0.43004017081412127	-1.5717437235320006	-0.5866219545636662	0.8473934250919608	-0.3490292585785329	1.8700425364478706	-1.5040367173040297	2.5496500233276427	-1.2909907783111356	-1.946121661611724	0.6106868296676814	0.7905611864732226	-0.23450223464636982	-0.4936536092300595	-0.8851128125341347	1.493221402215361	-0.4641102425160081	-0.13761871366761588	0.93254236531633	-0.9014125529172409	0.9237319470607389	0.4183304291089924
Br1761	-0.013433	-0.00650389	-0.00201317	-0.00314494	-0.000292958	8.8	0.0297356449377657	0.969274	1.0	0.0	0.0	1.0253153004894568	0.05649359781391499	-1.0255454527400132	0.6928477791407982	0.5792956363210372	-1.6343006378225238	0.19598491143684044	-0.19682970920465273	0.7564435345448636	0.6979753406582886	0.8507022741778535	-1.8247872901678932	0.2523531149014639	0.6126246380498546	1.2437089889203152	0.1544833666000894	-0.29771717214231	-0.13628107788470267	-0.6021579921807295	-0.04747706604775388	0.6459142977664907	-1.5689286929074364	1.3710178976441516	-2.726737250881161	2.6170179435007306	-0.21770406055187955	-2.269628566614959	0.7935385622619364	-0.21452023030222633	-0.39283237031207247
Br1250	0.022614	-0.00381484	-0.00508967	0.00277493	-0.00334655	8.7	0.0200714957399123	0.977924	1.0	0.0	0.0	-0.10491419851376707	0.12720993117735885	-0.4880781128316184	-0.271924631514511	-1.2003364858979537	0.9741907745769123	0.009699242727390511	0.039702106868682696	0.7589076818988165	-0.48595789974838155	-1.5141102880494255	-0.20766859708477145	0.9113362258419574	0.1968117499005728	-0.8503468786724389	2.010130458764439	-0.1617068933427942	0.9974169339639931	-0.6763793544647323	-1.082182541929979	1.7408898637194476	-0.9978554530159042	1.4899280458972555	0.3048574265924133	-0.45874319674202907	0.06988141949882803	-1.605141551555182	0.3741786065938538	-1.040959428507254	-0.6163640370405195
Br1058	-0.00226335	0.0481127	0.0042812	0.118341	-0.00985417	8.8	0.016276280701661	0.960364	1.0	0.0	0.0	-0.34890062263684457	-0.7760749794747089	0.9307353106817648	0.3918709373910785	-0.5731795430376277	0.17460286040375309	-0.5029540843498016	-0.3210295876926529	-0.23270026206989622	-0.08200079206831448	-0.32797499004135483	0.05604855359458555	0.6161660295868807	1.0812445041914058	-0.46721382702590214	-0.8533462449456733	-0.22024838891830775	-0.50186487459115	-0.9607668369931437	-0.8674410452756524	-1.0207043233154147	0.7408761413076946	-0.6715716100225555	-0.568494725133962	-0.2423698319611005	-0.779647593023845	-0.11665224865775786	-0.5624270798178511	0.5476865566960342	-0.6234505178909573
Br1410	0.0381464	-0.00292126	0.00208757	0.0023768	0.000172019	8.4	0.0164868952538113	0.95779	1.0	0.0	0.0	-1.137310125416019	0.031174442244164356	-0.30403598141678073	-0.1698386481301617	-0.407723703346665	0.2082053449651111	-0.028484416468367402	0.08030449374213727	0.8289856381723553	0.22854883238125626	-0.05081589154401412	0.9125714844696833	1.136744549609517	0.34051670484954494	-1.3704966466870376	0.07566652727845742	0.7299747632093224	-0.26843574248054586	-2.1480167219144186	-1.9910286545793139	0.7523214701069803	-0.21041923697571174	0.7225660064085646	-0.3026103003502235	-0.6214619205682984	-0.011556847312257668	-1.3388714880278128	0.8500608927527683	1.73298772566922	0.07274608744948728
Br1107	0.00249628	0.145982	-0.00751676	-0.0611601	0.00571738	8.6	0.0176471563168211	0.967633	0.0	0.0	0.0	0.6776554792871029	0.14416178675247884	-3.6485757251477113	0.23749931243952535	0.6969329654400171	-0.03039868607841828	-1.26130423047971	0.5881292523668301	0.8583593363134094	-0.25552657903461307	0.312749810241214	-0.4538925797075265	-0.03197121881980888	1.148157091760808	-0.5402378316076195	-0.16868357352710445	-0.14556135323604882	-0.2942486953959059	-0.22795107784311572	-0.32904500304542744	0.6139105198902641	-0.6496841790703058	0.026970883172910232	0.10069249671727341	-0.10756182049927558	-0.351936829380264	-0.13608260510092252	-0.29623867986810376	0.14528486218914288	-0.22212543784461097
Br1453	-0.00740694	0.013756	-0.00098374	0.0386823	-0.00448538	7.2	0.0151964137891742	0.98067	0.0	0.0	1.0	-1.0461740863723126	1.2427330072099927	-1.575370761037045	4.278591880668678	-0.598232181930559	-1.460308748918853	-1.1794867388104147	0.8482282080601413	1.0657750266038415	-1.0603497282010461	-0.09780277692474781	-1.3849884247434625	-3.156946670032779	-1.354422317197776	-1.848252332145405	1.076320871224061	0.09125505351623103	0.12754327436163737	-0.32304044918802655	-2.9070080108369076	-1.9734263554527487	-0.07054894586810968	-0.4470580667142351	0.7862146924081077	0.9254880512494976	-0.5936932781711647	-0.3708329337886917	0.07051192689298576	-0.6025308441735744	0.4473422043759421
Br1538	0.040311	-0.00668206	-0.000153223	-0.00122213	-0.00380165	8.7	0.0165372292090205	0.977875	0.0	0.0	1.0	-0.4841714335695039	-0.9627947446533677	0.07460075799906726	-1.1647962535301766	0.6739067496742542	0.32134643249382056	0.4473076411758172	0.30781742333554046	0.9467071771773672	1.1133727513877911	-0.08151999707443501	-2.4533888616388717	1.0448574468012863	0.38716105736617534	-0.9288273573878387	-0.06759944871036014	0.1156289750001124	-1.6651858804245905	0.01715302874660423	-0.839318357970277	-1.9301483810357953	0.5353169122198526	-0.3059113292702111	-0.943686326265478	1.5163416627909705	0.7409062601327534	-2.3362803933378515	-0.2076184954446289	0.19457036541580866	0.22645311413373326
Br1848	-0.0120275	-0.00477292	-0.00214409	0.000921899	-0.00306623	8.5	0.0130404322008513	0.97395	1.0	0.0	0.0	-1.0980946806348433	-0.7273239934658383	-0.29493992016863807	2.202907761698115	-2.5904050677620725	0.6222507351090232	-0.3370842538483575	-0.034732519140808285	0.4657507019085578	0.14933984917357052	-0.40559839639795675	-0.6908068161395652	-0.26830492085854074	-0.08308585374193603	-1.161176699749655	1.0769671447681957	0.7653313511921283	-0.4124654512964987	0.37519183756513597	0.5671363238634138	-1.5214196299374483	0.6985499388750891	0.30687455042655526	-0.8440624342331322	0.621928320062058	-2.9161917008894434	-0.532857923660306	-1.1870468123637352	-0.9268299705743769	-0.42782368281005884
Br0922	-0.0123636	-0.00202301	-0.00326789	-0.00229064	0.00280779	8.0	0.0080766536644319	0.973094	1.0	0.0	0.0	-1.805850436676627	0.7922134446962419	0.44053310852655403	-1.097524083880278	0.19064992463939673	-1.8225087941001237	-0.20920388111449545	0.8062192091531831	1.4323970628279024	-0.3734447366450153	-1.2044576297700085	0.8501338934138353	2.652438704899972	-2.3593656659460804	-1.0760569734298575	-1.029121326092645	-2.64010039933877	0.035609858755464886	2.6572043784651553	0.9057071298365758	-0.365474437434492	2.043212853719198	1.3861409600827301	0.5312790233383253	1.94754078473022	-0.3874967162556964	0.287241296475606	0.36862501090578137	-0.08587707943884859	3.173995339131411
Br1179	0.0384289	-0.00241466	0.0181107	0.078911	0.348883	8.1	0.0168739592199228	0.963792	0.0	0.0	0.0	-0.8843692367218278	-0.7090891148524152	-0.37974524486152067	0.013103465687284434	1.4297252649432002	0.417058975563912	-0.04694449401294856	0.7509807623231541	0.19662365518526942	-0.6372113847006522	-0.7715254065097396	-0.7852787908591442	0.4610422064611823	-0.3947542859155727	0.10901341944265806	1.1576359863876493	0.27374391843136314	-0.9606404580901725	-0.7006232233915574	-0.07449712982408455	0.21170249185425472	-0.753480872567948	-0.04224035793595789	-0.5186845467062327	-0.6397595826007396	1.0028068190172996	0.2372801533782206	0.5241870845546325	-0.5966788694264237	-0.548142466706976
Br1298	0.0330959	-0.00452452	0.00134591	-0.00109509	0.00130763	8.3	0.0132547262341603	0.964407	1.0	0.0	1.0	-0.09545866766527689	-0.1708822511356914	0.8663010711159074	-0.8984447121345687	-0.16415651727620229	-1.3057901304634558	-1.0993559950651344	0.4429365696317515	0.7925453958575087	0.267399992274383	0.24691827003931527	0.7155748546547516	1.1592171112208671	1.3146907200620208	-2.119752627363277	0.34869660016751214	0.46687892981479395	1.113477172253456	0.8921202556781987	-0.9361979768709524	-0.9480120981619006	-0.77320919071265	-0.8845217752094664	-0.350382813482276	-0.14192452679590847	0.6253036274196877	-1.3715712837145955	-0.395832466673989	0.21182717403170706	0.47395525858686155
Br1340	0.0337791	-0.00216496	-0.00315972	0.00300769	-0.0107748	9.6	0.0153889540723244	0.979798	0.0	0.0	0.0	0.3598515220234593	-1.7264238675684147	1.8630943899028667	-0.2590583341636916	-0.8381141054546905	-0.4910152037152677	-0.78422538026326	1.0598301749329524	0.7234280970952528	-0.8369924697229244	-0.5573008532280667	-0.11097824999320603	0.3824516102764637	0.8203263332350685	-0.8217765060289677	-0.29357398518086153	0.05625980357393459	-0.3916644024348797	0.026152189204456576	1.42810868605152	-0.6697222858364132	0.24141839864381084	0.2935402215836266	0.05166033132842992	-0.5313653627926426	-0.12146356671428375	0.3644401063361468	0.5611109474511504	0.23674050813211694	0.09486288421551983
Br1351	-0.012317	-0.00386084	0.00166108	-0.00481321	-0.00227865	8.7	0.0121925585424846	0.956713	1.0	0.0	0.0	-0.7141729364116227	-2.1774136361458507	0.1630546478949414	-0.5155993165039903	-0.6671895813805231	-0.932609260374426	1.6559624960024166	-1.6172114343012076	0.9286262320031696	0.060664077782870425	-0.5697276457224344	0.19730355424865664	1.0011525973434856	0.38989425815253675	0.5945014480413328	-1.8471348775859773	-0.6018752869324256	-0.9972181160378244	-0.3847691729113946	-0.365866973493441	-0.467355723588817	0.6281985798735588	1.1669619595552605	-0.08045830541149136	-0.03910721103557488	0.9745166580453762	0.6464508201190377	-0.084128049678955	-1.5351567474214662	-0.4122495911737793
Br1644	0.0371657	-0.00433912	-0.00247109	-0.00133012	-0.00683675	7.9	0.0126403464072515	0.950524	1.0	0.0	0.0	-1.38801610254607	-0.6663950096510048	-0.4018344558387053	0.5553768735200136	1.7362459575497793	0.1374470668521799	-0.29842090486129497	0.04065390073692894	-0.8464918398523427	0.7826831512333189	0.511725529050742	0.25680880584186466	2.887233290356682	-2.5289643140583236	-0.42177817834008724	-1.0601718413020682	-1.263361142249473	0.02540945872761009	0.033037823631642656	-1.579400545968952	-1.044611078825194	0.15669969508559672	-0.3188474635543617	-1.5080862535975912	1.7253047550541254	-0.581448938955709	-1.0411366020981705	-1.511798988377962	-0.8378391027829808	-0.881574527791248
Br1700	0.0127627	-0.0041972	-0.00262394	0.00123526	-0.000202821	8.8	0.0148857208824341	0.948908	1.0	0.0	1.0	0.8965455136761845	-1.3042746428915857	-1.145995570863313	-0.20169622473527965	1.040380836855618	-0.24735029766777236	-0.46538091451390723	0.6470090483124069	-0.8929907673570558	1.7552993681586682	-1.975266774586205	0.09195270072421748	0.2602744490392905	-0.37557756545121646	-0.14232696909025458	1.5920504129865598	0.5139273530681999	-0.09775417350549945	0.321474053758566	0.5853511577644595	-1.0657454560022726	-0.13670998934683432	-2.26670343483369	-0.06509239793845102	-0.13478559585223454	-1.6467067482222193	1.6353252636435587	0.006612226603738841	-1.538068643654275	-0.8713500002976176
Br1738	-0.0127714	-0.00497331	-0.00389118	-0.00121183	0.00170123	7.6	0.0078610969080527	0.975582	1.0	0.0	1.0	-1.4887788249414577	-0.7000858547671307	-0.9138859535967331	3.0298447423227	-0.5096607359854551	-1.3539171472173166	-1.2158355027868946	0.2791296784886313	1.2224768506709809	0.2552699267009426	-0.09116173254736966	-2.1458685359246523	-3.015093353109562	-1.6742767691831888	-1.8962822594621593	0.9243534868573656	0.14282884779599395	-0.07513290725765956	0.3291909513727078	-1.9963944043456594	-0.9030370991356592	0.34627982837929355	-0.0006920517820023532	1.0090591376815392	1.3178098875292192	0.2732276989373988	0.22861376675206502	1.094611931535975	-0.5195011705192694	0.8152269581383851
Br1610	-0.00518456	0.0719299	-0.00388294	-0.0339279	0.00365933	8.3	0.0200502256429457	0.972335	1.0	0.0	1.0	-0.39474722132026213	1.7553799270012982	-0.3801291086076423	0.8664855740351106	-1.5278930876449948	2.241043408251916	-0.991193125774603	1.6245836229029644	-0.4809736579322573	-0.14037255119186232	1.2622302908624403	0.11433157692211102	0.5361783698326987	-0.3173355186869466	1.034789229072365	0.6505850275210973	-0.7927586640469282	-0.6222219131153297	0.30568035460488313	0.05235762783334738	-0.35667533723631395	-2.201154862844232	0.44935462911714813	0.19054811244639333	-0.7536909897970859	-0.6470083783596092	-0.5861457475883979	-1.4348481647030136	-0.6148276714427943	-0.34808282538543345
Br1856	-0.0130714	-0.00501039	-0.00469781	-0.00165963	0.000918115	9.1	0.0074978305189819	0.973967	0.0	0.0	0.0	-0.16624565533104338	1.6577441804780464	-0.035341437569634745	-0.0496997166655954	-0.4304509900880332	3.2646110345128214	-1.5282402489288678	0.5588160570126696	0.9762015880734269	-0.1347357399505461	-0.9659062877386098	2.439453706338947	0.8090751291372839	0.13981015501698787	-1.7000918783027523	-0.31943583662811387	0.5436145012171673	-2.4772883717755207	-0.28578712741026663	1.4157761584668107	-0.7320212385343774	3.3531305445890243	1.3997319153468153	-0.588193449517915	-0.912973161863188	0.15291026675271202	-0.748129824604343	0.4736510126923678	1.6998046710995376	0.5880544085621526
Br1865	-0.0126572	-0.00619144	-0.000423656	-0.00305159	0.00430117	8.9	0.0204528675305609	0.955449	0.0	0.0	0.0	4.1418045265316055	-2.1860547536068995	-0.4414215467498709	0.3915915098004352	-0.8141206217967618	-0.9535061264553397	-1.1422664239340279	1.2317202361565278	-0.002175479846018208	-0.6908857856663011	0.7935922408514768	0.5080410809238715	-0.052546292890051444	-1.8559106847232494	0.49856162077186583	1.5045779900690206	-0.8017444889324948	-0.8101374457630606	-2.224632590488029	-1.1876108464377793	0.512223207820648	1.2323693922761054	0.6107307102649232	-1.859869254902826	0.20490825958004488	-0.27621537228404286	1.5046917799294384	1.3725404015148	2.838665143769842	0.7338781075964165
Br1941	0.0275089	-0.00471304	-0.000372367	-0.00470571	-0.00160597	8.8	0.0144796116237715	0.962397	1.0	0.0	1.0	-0.12897820767948656	-0.27508463365945257	-0.9227586231212318	-0.5152861404495448	1.4277316396190933	2.3013014642045433	-1.2775764677302437	0.5876413573411351	-0.655920247904412	-0.1851177412348314	1.3782060610304372	0.2581663160531951	0.035362129658171086	-2.1541877568863987	0.34242581589732146	0.018375834483353382	0.7339289904289796	1.146042137313165	1.4241511422170803	0.29988572016956533	-0.9847725832735825	1.1934552478911988	0.6483562721315931	0.4723512084203453	0.8402236728048113	1.408024084506493	-0.2822581838545182	-0.3178274703681751	-0.2511401680111412	-1.0008843456050147
Br1980	-0.0121822	-0.00434406	0.000837917	4.02143e-05	-0.00113293	8.3	0.0198761027558167	0.977377	1.0	0.0	0.0	-0.03336549053883569	-0.40603322730374797	-1.6332570539778255	-0.06581667532552	-0.18173698520652531	1.1449454490534798	0.19305966350862036	0.9823807742719378	0.46400809488135875	-0.33948210485737274	-0.3347241723694634	-0.3315540064722792	1.1778447770326075	0.2998405400675255	-1.1648247897301374	0.15939155002365557	0.46511969782263884	-0.13407083081355028	-0.5554333957688086	-0.6933732395135723	0.2863402590186007	0.3503664122178572	0.7640711840120258	0.29343007640864094	2.2712600781731194	0.3821881167796621	-0.6335619002976353	-0.5865951511504206	0.09380633347962967	-0.2575044086879448
Br1320	0.0375983	-0.00521579	-0.00194832	-0.004587	-0.00336603	9.4	0.0143467956236496	0.956163	1.0	0.0	1.0	-0.8028109052958301	-1.2120359546039519	0.7140835731161257	0.11528160930225763	1.3698855180470186	0.7846774273658149	-0.8131913634067923	-0.1415790938132764	0.11899964250285627	-0.16935834079823278	0.8661067157746464	0.9099327429612378	0.9922943302096712	-0.2833766665299998	-0.37206605606078813	-1.0566705122250917	0.18417511537717657	-1.047747084162521	-1.938457383015967	-0.5284273024115776	0.1824231371015284	1.3407429681362568	1.2240888651519957	-0.7389733679361311	-0.04494637878486444	1.3839641965630922	0.6821693900521079	-1.4906485703203647	-1.1924791616945143	0.7155658977589785
Br1326	0.0408517	-0.00506262	0.00244566	-0.00207013	0.00338246	6.7	0.0121837800408489	0.972869	1.0	0.0	1.0	-1.0718396997368966	-1.0240021253572187	-1.1011410008329499	-0.2013103737430452	0.23047111041071422	0.3708943869970471	0.1419730068975707	0.6637010669111526	0.06870655895512959	-0.8711048115917739	-0.5323493579074112	1.0777299103970446	-0.6377536704876627	0.10627041276928036	1.0990292271508564	-0.6731024330597115	-1.154376883265981	-0.0444955731370137	0.2721261556881622	1.6365779925287798	-0.21426478062829102	0.10216351418434916	1.1946346363550608	-1.0120329888555293	-0.2850278114255322	-1.4645602030771576	1.0802078341018038	0.6979929042972887	1.0269728914414669	2.509591586287213
Br1418	0.0317977	-0.00142702	-0.00321558	-0.0017113	-0.0099898	8.0	0.0130711365229745	0.979906	1.0	0.0	1.0	-1.109913625738588	-1.2230132195029961	-0.4300481442579668	3.1949694560663864	-1.0413406713638074	-1.016557837553186	-0.18356576291559484	0.12901375251172306	1.8500832402318241	-3.422989654517743	1.28783193320042	3.463407030334231	1.7234613208149905	1.6265811233353662	2.873137314907419	0.18345811406638246	-0.6527780925320465	-0.3039293824932567	0.7985892821216147	-0.19995004092945132	1.4670054641013808	-0.3193025911423941	1.9277848252376808	0.207813232387984	-0.9842312370939855	0.18615118644767115	-1.8638951339056238	2.624240149038783	-0.41748695265497204	-1.7519394990269113
Br1469	-0.0128126	-0.00471443	-0.00780608	-0.00146483	0.00024293	8.8	0.0154615038670664	0.975204	1.0	0.0	0.0	1.6048796408048396	-1.2303418859369357	0.051554955177465514	-0.157656778952698	-1.3121139096461698	-0.1626660293829022	-0.8786468558524169	1.2578626402900486	0.05327622150924412	-0.5251313811246899	0.11371298838509439	0.33656273225457684	0.15393146566383234	-0.7218611398034337	0.7093928926065927	-1.3003577933086303	-0.04642588213785919	-0.605907110698168	0.015354574229465302	-0.06729732950215683	-0.44089200270581747	1.2263454047800564	-0.40423538988577334	-0.7024760260507741	-1.2576646358142012	1.0223498269659634	0.006810024575219846	0.9019189955100297	0.07756252768189255	-0.8757053865772141
Br1721	0.0404063	-0.00251321	0.00160326	0.00275646	-0.0071647	5.9	0.0120566748166886	0.956313	1.0	0.0	1.0	1.1745136587899412	1.5167601801775241	-0.17874245199558103	-1.0618736843818894	0.6082408390489962	-0.39548976430502736	0.5208098604572288	-0.15802549640912483	-1.9002381925565555	-1.2367567842521827	0.2157425600475152	0.8281153153933044	0.15029742385717992	-1.9923897054985515	-0.22692635867602323	-0.9211227480608811	0.8294217478583624	-0.5868709698196813	-1.0427962435427978	1.6974738016838509	-1.3776856265864472	-0.8438203040445066	2.1464616026463443	-0.7908848023977956	0.3621245791779639	-0.557112504449246	0.08282999502651363	1.4329083175607953	-1.7680439295350767	-0.41244764941743595
Br1187	0.0312803	-0.00177936	0.00126192	-0.00132939	0.0042332	8.0	0.0155650506403489	0.971096	0.0	0.0	0.0	-0.7580196791514752	1.621618569921046	-0.294125677964826	-0.3706334749024927	-0.2861652928724448	1.6827227794794335	-0.4154701618421707	0.7806510078784913	-1.1235052698495298	-0.488671515095008	-0.3261179229013505	1.6556571558106739	0.9899672284158422	-0.5399906195957188	-1.0720118622421055	0.966438797867312	0.7672479158436368	0.6243895036713362	-0.15818579545726924	-0.9440800412230627	-0.04488750834483805	-0.24049592040657483	0.5214092861815999	-1.2265874744442407	-0.07729415233385864	-0.43252490089482315	-1.020740826636388	1.1960944067011923	-2.0214270628982924	0.201188945404461
Br1553	-0.0125814	-0.00504866	-0.00262038	-0.00126589	0.00150892	5.0	0.0164369162787969	0.95953	0.0	0.0	0.0	0.06584151930290902	0.07825809919547605	0.08044966367192012	0.06939356942491384	-2.264544407841031	1.538432421214382	-0.40125974202166953	-0.2676331405501186	-1.0728398872967457	-0.5165894395816767	-1.7175518423269087	0.5770365713485495	-0.8307561046330427	0.8710753056281211	-0.6180057466322008	-0.5655151779739377	0.9465397485265382	0.30129276843441294	0.09491058488522752	0.001020804945368088	-1.293274530926997	-0.6122588314270875	-0.14186472140616188	0.03959493657735297	1.4400201142807685	-0.5990806078412493	-0.5707047036508762	-0.004705539469584744	-1.2210630888704788	0.6119489643703283
Br1331	-0.00251116	0.0705233	0.00655787	0.236902	-0.0178951	8.3	0.0194311369413541	0.959095	1.0	0.0	0.0	-0.4653854496859074	1.2118551601360907	-0.5570847245389965	-0.28859603974665066	-0.36670534839978425	0.25556200266647855	-0.6379758260741261	0.9456855143431914	-0.19587115906681388	-0.19068977525936948	-1.0637829310039602	-0.9142807095322116	0.2761762287588879	-0.4606877992584307	0.10908861795928647	-0.11876995286723932	0.26269518273027215	-0.07160969236934642	-0.8305089109577025	-0.35055740168381	1.2175371357772904	1.9791601813349713	0.8279833717800988	0.6300132703657949	-1.149254050321637	0.24609888506701397	-0.5891612170928752	-0.07010008589009617	-1.307849890656958	-0.6552508459267723
Br1412	-0.0124601	-0.00445132	-0.0021114	0.000438267	5.03588e-05	7.9	0.0183445839943455	0.972278	0.0	0.0	0.0	-1.4967239298666448	0.6613446569536898	0.06445700497513937	1.1637904394832652	-1.7401583324465093	2.1787135435270524	1.578103816876594	2.5371986070014314	-0.6233454597840687	-0.5150167752185018	0.8031308561455562	-0.055533591984565915	0.01863871488376521	-0.7899151392109139	0.4881351514203933	-0.49769438227538954	-0.032220693989170525	-0.8660756138544746	-1.1555155201266594	1.4825115242217357	4.13243299436621	0.8177679603519028	-3.933217610167938	-2.490884201923839	1.494035902278529	-0.6409137215374214	-2.2338828147126715	-1.95361841071931	-0.6220871774086467	0.8803057513940448
Br1657	0.0362148	-0.00388811	-0.00201141	0.00114226	-0.00358197	7.8	0.0129636246213215	0.938149	1.0	0.0	0.0	-0.5191079450001972	0.5277931000532391	-0.940479634443288	-0.48002582666682647	-1.2759108813055924	0.30481946547538147	-0.3872502254713614	0.2056792395864322	-0.7411152877916367	-0.5274322196147578	-0.45320219610244367	-0.03489576923296315	0.5059990870333168	0.09672813568309988	-0.7104555051025413	1.1016120772340405	0.400835679761792	-0.05064236367946277	-1.4072591909170185	-1.989995559870618	1.2121861435171026	0.8363483963256029	0.22984704872978176	0.39037062963211305	0.17797805112276913	-0.7816775537197042	-1.034627145941244	0.26288328119084	-1.4153926122309355	-0.36717945271642816
Br1517	0.0357259	-0.00445361	-0.000203604	-0.000901732	-0.00940327	7.0	0.014972411091218	0.95649	0.0	0.0	0.0	-1.090491853933108	1.3782308076387675	-0.7451894755849178	-0.1368015143629647	-0.16034411309545177	0.8306493113353652	-0.5993713097877714	0.12772985885946772	-1.0161533420527142	0.022602499242039466	1.0060549032021808	0.8430957598501104	-0.3881635242814703	-0.03214778096440873	-0.6803863016335167	0.6430698995896489	0.2883686432915204	0.7138938703931863	-0.5351015318634083	-1.6818849242026308	-1.224825115439881	-0.37397183654125726	-0.5246868250953591	-2.5436352100702364	0.39551415465290374	0.5569756210992683	0.2395886577112484	-0.3529623129610988	0.5178452714944516	-1.2033834102702181
Br1961	-0.0129926	-0.00497139	-0.00482549	-0.00365153	0.000144913	9.0	0.0152005444907471	0.975265	1.0	0.0	0.0	-0.13703495982612088	0.08972978166272524	0.9323571436078005	0.3267158682080133	-1.0680855901069637	2.369002944534315	-0.8777345222645411	1.3108700309182637	-0.9799836668684612	-0.5554750342261611	-0.04711460041404545	1.6898389567017795	0.20298036329368777	-0.45101575127961047	-0.5118464148636886	-0.18448611859055042	0.23394170123294372	-0.7065946158457801	0.9406487249019636	1.0431693374173192	-1.2805632777159932	2.3943906549955236	0.05817548387119568	1.4365754896875573	0.5225605973005517	-1.3255703758653776	-0.5506483159103708	-0.026355545204995855	-0.22882484633164246	0.2777421251045719
Br1968	0.0402608	-0.00474675	-0.00489124	0.00128058	-0.00244942	8.5	0.0208648920093374	0.971404	1.0	0.0	0.0	0.013082865175075434	-0.021685547222616793	-1.1104511813201714	1.5839055923830647	-2.0113105015919333	2.4935125996916785	-0.6137403604976107	1.1889041890693435	-0.5457521422565932	0.21100964866190783	1.4078906348770883	0.14423188897854453	0.48006741874738	-1.1509569354801865	1.2950806692955799	0.4204356149751953	1.1678372211485073	-1.2843635017596102	-0.559782227421332	0.7584968805665555	-0.9475017945289624	0.3875114588895339	0.700691183434922	1.0181244606971684	0.07543640114240266	-0.46096327254473773	-1.3318868362255485	-1.763594555251575	0.2236664637141099	-0.5075951634496191
Br2192	-0.0128478	-0.00425638	-0.00821988	-0.00284296	0.00177446	8.2	0.0191079261992971	0.96996	0.0	0.0	1.0	0.11994978501574433	0.9740474997195745	-2.106781904640744	0.7936188608842789	-0.883949002518299	0.1757494762840525	-0.6006858728151688	-0.17349024661865659	-1.2712648685900143	1.1894552304230661	-0.184772033957616	-0.7380105391950188	1.6170547515499303	0.6683408198868601	-0.4911305890485192	-0.17546664997081265	0.3940189122446657	0.7881017538834006	-0.46345072501866574	-0.6404227579961189	0.8145725831431501	-0.7556448752043715	0.8143733862381762	-1.1836793866792557	-1.9482395260821035	1.0020512039411178	1.0242989354582563	2.351659280773386	-1.6203175904080784	-0.6103618582248057
Br2202	-0.0127851	-0.00257347	-0.00903649	-0.0018367	0.002384	9.0	0.0109634962959625	0.954141	1.0	0.0	0.0	0.30516017140738144	-1.1941195366350505	-1.6643035868497125	-0.6265234418887622	-0.7233009015267418	0.799990343080106	0.41867537522449133	-0.3074178966286552	0.20116919762069754	-0.38225426795542927	0.1949163248353381	1.1438071542048944	0.11255878792482205	-0.4337581067801585	-1.3863627800346778	0.3650121469035717	-0.7209906703249007	-0.7547127015826206	-0.08258495627382477	-0.4783786144240988	2.485428805670397	-0.03830928754702331	-0.5589095899476243	3.2597352522855405	0.3382143211577753	-0.11848763830049955	0.5425840181527772	-0.2581967999280926	-0.6254001348630316	-0.5078842449770249
Br2097	-0.0126597	-0.00398931	-0.00320553	-0.00221104	-0.00123497	6.2	0.0158899848669018	0.971258	1.0	0.0	1.0	0.16016552569113188	1.1391613534340188	-2.265554802309411	0.38062432949805197	0.4955143507619576	0.14177155400597832	1.7845314545602322	1.4245140064121322	-0.3103283530458803	1.2959726548714308	-1.8441980271789997	-0.86204719334371	0.8361776149401954	-1.2388581316181488	-1.8365969034085496	-1.8221139006240743	0.7128147512508971	0.08548366865812738	-1.7427275537126576	1.5528046245865876	0.4664273678799801	-2.020527507661767	0.159141976386795	-1.3814316326902871	2.264564896047428	0.09356642458731942	1.425143863052773	0.3672695316703594	3.2778553781968927	-1.9131637417269884
Br2094	-0.0132779	-0.00406405	-0.00379559	-0.000697168	0.00423259	6.7	0.02261020872337	0.974959	1.0	0.0	1.0	-0.4484670789585303	1.4224749784803754	-0.182413260517881	-0.5796327713841211	-0.08250945690923671	-0.7572137253290806	-0.260133763081014	1.2339708197426893	0.6852490742632498	0.20585178463139428	0.98543615750369	-0.22858369331204867	0.9275054367807932	0.18935278242003614	-0.3671557005557073	0.3111212269873602	-0.11168453819728041	-0.8920633428655175	1.0667841801759552	0.3656626491168082	-1.190012210529107	0.36976470552385093	0.5530043992799423	-1.1138329435354957	0.7250542420044189	0.7528676742921141	-0.776437378815697	-1.6460893112789234	-0.6964475522016687	0.5786434830453466
Br2096	0.00206842	0.144545	-0.00806421	-0.0486319	0.00620312	8.3	0.0070502962248574	0.975053	1.0	0.0	0.0	2.0195792741935836	0.8457573124628882	-0.5799253093653965	0.09872229583647515	0.0959870631982337	0.9544072772118375	-0.5043823945116122	-1.0622305453332144	0.43642502873677247	0.3259122755987555	-0.8034281976598887	0.6480002445014299	0.3730877692109427	-0.5069857301677668	-0.8596383792646062	-0.6514726314435328	0.7490407384462383	-0.02093918381935091	0.43695695671369866	1.037901870841303	-0.03832194545414892	-0.5169016394780949	0.902662055022676	1.7924021100104888	1.2467663661535398	2.008960051422259	1.3395150375013576	0.4391439994976982	-0.7579908185385807	1.2252497090896772
Br2098	-0.0131939	-0.00435828	-0.0045503	-0.000611835	-0.00167308	8.4	0.010043421299511	0.959956	1.0	0.0	1.0	1.2187297861069688	0.998287941616792	-0.43549511005227404	-0.10815797011799512	0.45601572167623583	0.637813486154887	-0.7774264098019088	-1.1741972897659458	-0.7183704184514325	-1.2507828337323297	0.4987226364277481	1.6748248615066663	0.7804155185566084	0.504753590914185	-2.000233383164676	-2.3722298460061526	-1.7513294740658598	-1.2668362824628716	-0.08670273539690755	-1.8797381970585225	-0.891670775722543	0.22620336029018218	-1.3566347004686115	0.11018264974812556	0.8324431087718938	-1.051656899427242	-0.5568500803876122	-0.7633059253373154	1.0717860147122977	0.25283693336383667
Br2219	-0.012671	-0.00470851	-0.00842342	-0.000127586	0.00359703	5.8	0.0124096795909299	0.964942	1.0	0.0	1.0	-1.3800528505932248	-0.5930768078805351	-0.14983635792026587	0.203609308363128	0.7709574294289347	1.0291194830507717	-1.4131314446466952	-0.20631537184426188	-1.5586057906997985	0.08974611831472613	-1.4762527712058509	-0.0916762010452848	0.42674804586397347	-2.723119704424776	-0.012196225390924765	-0.41753251323790425	-1.0272283447899255	1.330844526943418	0.12381042578747116	0.2903440089721375	0.669354521324481	-2.388319820709276	1.24010869840479	-0.4727141047343789	-0.2061098515098146	-0.01675899380520639	0.9373447220634181	1.950527187094612	-0.9507912168958866	-2.2597651493872943
Br2214	-0.0128651	-0.00481504	0.00082536	-0.00464189	0.000895585	7.4	0.0161730459493963	0.978008	1.0	0.0	1.0	-1.0493598613012496	-1.7186477675587173	-1.4471510744563068	-0.4455835006186946	-1.6118033803447562	0.8092660261460696	-1.2915706369985138	0.032515670614900044	-1.1569308218825982	-0.13035055165624804	-0.9946197502140556	-0.8455476741547121	-0.05315044747253181	-0.07466731451856035	-0.299475682215828	0.5338615716178187	-1.7320786782281854	0.1281390652576019	-0.5190120559431106	-1.5279957355726024	1.600668678967744	-0.43665503680985496	1.1254838963979208	1.836075418504263	-0.0922737140727435	-1.5544499702586727	-0.13296644341338196	1.938632120666156	2.305156788355076	-1.3084449055559348
Br2221	-0.0105813	-0.00163064	0.0141489	-0.00572193	-0.00704508	8.1	0.0254092364336638	0.968094	1.0	0.0	1.0	-0.2022746151694259	0.07784617205349852	-1.1344538901889114	1.850444188190107	1.490790806896692	-1.3712247166673341	-0.4814237831760569	0.09241595084451229	-1.8382022464888892	0.23086321578066107	-1.3092267032127451	1.5156248621762487	0.11323077826215527	-0.6568041342064015	-1.069268038355456	-0.2872333648882819	0.17433026595592907	0.8274963616381006	-0.6926321674925238	0.8793200314312175	0.3740562706098239	0.4785599704767941	-0.11831206310235849	-0.7661394601667371	-0.6956640143291961	-0.9992289745789875	-0.06514635955154946	-0.910700308996866	-0.028350330834466517	1.4776919182489048
Br2223	0.000572487	0.113756	-0.00499803	-0.0307994	0.00323148	7.8	0.0126515522445982	0.958397	1.0	0.0	1.0	-0.030920721788088343	0.5801486321817437	0.2577097215758026	-0.816891797376657	0.8186445902717615	2.3085750876681286	4.830479827634231	1.6663201726914123	-0.11366644524277651	-1.1533268358928912	0.531969518981612	0.7570618339279077	-1.0916679687785926	-0.829661608202079	0.2106021181383782	2.117556698077201	-0.4353870186057328	-0.18742196964733637	0.7397621268085449	0.06418714957000923	-1.6356689143493213	1.0336791247245394	-0.9132198593026337	-2.8327742466510855	-0.757182482757962	1.2528897743135625	0.6949426835573004	-2.6689750744299943	0.14686725681679122	0.6925590839302721
Br2236	-0.0124941	-0.0060881	-0.00308965	-0.00223905	-0.000765776	7.0	0.0105685285772792	0.978163	1.0	0.0	1.0	-0.16814451674439748	1.1467736951018055	-0.8399967170541608	-0.911209150875947	-0.848095243133245	0.3110867392951486	0.04247753499298573	-0.11011678496163332	-0.1562193401555132	0.014540405427220546	0.35075314551764586	-0.6137142339802572	-0.026113982135058226	0.6827488107557353	0.25393840654161653	0.4658694168139752	-0.629075368142709	2.849670948089101	1.3237428381181573	-0.8593084719754239	0.6164385391042283	-0.6756609779783438	1.0904600354838214	-0.21693047770201251	-0.138801981186642	0.11612233913442582	0.8555432011321613	0.29854276539044616	-2.4713448204341555	0.7270849776548515
Br2163	-0.0127307	-0.00380783	-0.0026832	-0.0063762	0.00317077	7.2	0.0136906185487422	0.967645	0.0	0.0	1.0	-0.35230851980755756	0.6286546325342062	-0.5355663163819094	0.2928044147918336	1.3881454375398223	-1.0432143665397564	-0.24672207318437486	-0.5745412441063911	-2.3307731011137203	-1.220045149948818	0.09999599399186086	0.885091607547986	0.8437059281507953	0.6393284118356147	-0.1567891449680887	-0.41894762058890683	-1.260957070279055	-0.8360866011765452	-0.8020817506852304	-0.29657703848425776	0.50527198611968	-1.4519210365347623	0.2644513989051692	-1.0588894803723552	0.19450964574009388	-0.8128735059964378	0.6309920645613752	-0.6958789534711289	-1.9102206292440567	-0.48831543589607557
Br2170	-0.0128375	-0.00356884	0.00445291	-0.00368038	-0.000181108	8.7	0.0098650149701461	0.961535	1.0	0.0	1.0	0.3474360104419618	0.9595882253934055	0.11352205188678254	0.37484825655293874	0.3342343312296861	1.230782625479979	-1.977680197293166	-0.6649023806324598	-0.7990608901836102	-1.1398283868541033	-0.38485806348199825	1.7914136750807614	0.13090865494694864	0.7542153967168382	-1.354447787112559	-0.39618416826644687	-0.7138165288312226	-1.7954009571938838	-0.1130057647073981	0.272021442556769	-0.20328459598455303	0.5990730386071016	0.5589159026981683	0.23758535284476437	0.12169613534074221	1.372987804517633	0.2115505348003325	-0.6421988482001616	-0.3626695265089301	0.7553770332014561
Br2180	-0.012849	-0.00279788	-0.00298937	5.98602e-05	0.00112691	8.3	0.0090450394818609	0.970806	1.0	0.0	0.0	-0.5794204981245474	1.3084915762239975	0.7002090163981094	-0.47937041052571294	0.5086886858324272	0.40978196495585273	-0.8674100527625042	1.1274930112427886	0.3660060591502959	-0.49995501563153905	-0.03553021264100338	1.0008927614753944	1.0423594798307212	-1.3506588998455133	0.27183313646111656	-1.540041178157778	-0.9851728084606342	-0.5460994565356163	1.3842699429589227	0.739426760658302	-0.23237752974560325	-0.6184010749826538	1.1560589305784137	0.3171716639489382	-0.35775876130828865	2.5494203337180887	-0.3898318370064114	0.4721495737450993	0.5741608436254964	-0.4265422486342522
Br2183	-0.0120056	-0.00383613	-0.00403327	-0.00404607	0.000461282	8.3	0.0129082962541485	0.956121	1.0	0.0	1.0	-0.42428766692470143	-0.42551742885413935	0.6327690685698173	-0.5981066417534886	-0.24461638511747938	0.29957107508276704	-1.157588069581367	0.7573248029254115	0.0834847758120217	0.0423432721810808	0.11630743767250172	0.9779142890133677	-0.9508686664194261	0.5231000497484687	0.4769348199677532	0.12872120190842967	-0.10689998139079626	-0.6055376912462029	0.38436814895259475	0.23657674601004913	0.00949402708786008	0.6216569651684781	-1.0331382291824025	0.6335526169352665	1.2047865404696267	-1.253261952591463	-0.26011118432801045	0.2740600899692451	-1.1017249555944106	-0.4799246495727285
Br2184	0.0357055	-0.00471832	0.00137901	0.00142921	0.000501799	6.4	0.0133993446590996	0.978714	0.0	0.0	1.0	-0.5604139476077491	-0.5841666380089038	0.7411687229939591	0.36304939673636505	-0.04330512274182075	-0.4632558682601125	-1.3215413492469852	0.8578434081679509	-0.4050174406564088	-1.1112811772641207	-0.7308206539927233	1.1405078513918996	-0.5158313438517265	0.4262487049105805	0.2883058464891251	-1.1260464682953024	0.8542948104085096	0.028568158276185075	-0.9720560237333538	0.6445654292449168	-1.4208306360229952	-1.4261008509295414	-0.46079868163483784	-0.9768559681818527	0.002364717237423993	-1.439724348740946	-0.266186523653385	-0.8344383404373905	-0.2894888585842728	1.0537759518978003
Br2146	-0.012749	-0.00342351	-0.00304461	7.37083e-05	-0.00185855	8.5	0.019044241667098	0.958091	1.0	0.0	1.0	-1.0181451586263317	0.5262744052719045	0.49692297876936464	-0.10135337657937922	-1.3751220125087136	0.8078270538278193	-0.6498077408414273	0.31344902313657547	-1.0881165322834674	-0.899253074505877	0.4288776536842042	-0.22220153775373225	0.13049099082067217	0.3329849593525008	0.7712732287133689	0.6129089771127779	-0.7168909408241901	-0.9559417665136457	0.6082307624233971	0.047598245085859955	-0.05633242509390617	-0.06934329053689639	0.7756290541611113	-0.051169914996131355	-2.095348043547616	0.5631019977640176	0.238573686617331	-0.05850042990923868	-0.8817454945253465	-1.2743098970115478
Br2148	-0.0126309	-0.00502497	-0.00145499	0.000267387	-0.00340082	8.5	0.0129061493215724	0.962817	0.0	0.0	1.0	0.0468626371668834	-0.5606343035218405	-1.1534695612856292	-0.36634181471321875	-0.9525184257872511	0.04926628635484472	0.2731616429774998	-0.17691857006351186	-0.47403333088996613	0.995848515545261	-1.2671773021680595	0.4001244447035865	0.9794700004345493	-0.8790233478732042	-2.4517237244485064	0.4373110689104197	0.9990999702125791	3.0291722686616382	0.9067058394642507	1.0539767467176524	0.8354994274455306	0.06967161734723251	-0.9460704141466084	-0.8022292019705072	-1.4123103540505795	-0.1982122765528374	0.421854779574909	-1.6064058881551901	-1.2313349230828508	0.9313117775655974
Br2160	-0.0126061	-0.00448878	-0.00523037	-0.00275693	0.0025288	8.2	0.0198975924085495	0.977781	1.0	0.0	1.0	1.0202181653822535	-0.8971945336846174	-0.5748648370408588	2.396928891644866	0.2147908250240334	0.32982350556573187	0.5895282674993755	2.5160409026457824	-1.4837702483936388	0.9103902995116471	-2.646811572928033	-0.6278624977625091	1.5808622142464392	-0.08972359914834196	-0.4461965966645738	-0.20466015592883133	0.8586408268285507	0.4908665543222536	-2.2155814396898124	0.2763162445193112	1.9631667091667142	0.19558720911307093	-1.2526328544587189	0.3314406058621195	0.2894118546920849	-0.5257833779684875	0.22943893485149644	-0.13591597536870617	0.37907363436449687	-1.0893691780605343
Br2144	0.0420909	-0.00435716	-0.000253904	-0.0040956	-0.00710563	7.8	0.0125540605192183	0.942823	0.0	0.0	1.0	0.4116425334130153	1.1260949833806646	-1.2659565273978879	-0.3477238804646403	-0.5534901042772759	-0.9720394774782061	-0.3003848177902001	-1.5120279795916527	-1.3412453039998247	0.11613868495342673	0.10024818674989305	-0.4392623464250239	0.822680182025118	-0.35219614263466237	-1.5994089559053106	0.07435414430224047	-0.662694914667405	-1.3121653173897943	0.22643489153437038	-0.1291641448657726	-1.215184250726725	0.5535345503295517	-1.5762812249484655	-0.8426028011741656	-0.22678414877783104	-0.20248193614421103	0.36102506081356045	-0.875470481429238	-1.2218973029830222	-0.33097529683127347
Br2020	0.0331714	-0.00305432	-0.00075396	0.00263915	-0.00782798	9.3	0.0140353919672426	0.957398	1.0	0.0	1.0	-0.7482568764158628	-2.281995352305289	-0.719254428903254	-1.5557112852644324	-0.003399201764544122	0.6683648209360487	1.5732103191294236	-0.4421503210660093	0.9721902050616554	-0.37013500590694115	0.41179817568413496	-0.2393659756929407	0.2582372945164174	-0.5111370049556132	-0.9707248683079773	-0.07166862276945048	-0.45655417615558314	-1.221610744360239	-0.47954899849586263	0.0018188088532502516	0.6814472269677835	-0.9359591160186432	-0.4963758730179296	0.006677669399446331	-2.306517582518409	-0.031208782385971915	2.9341775346666195	1.766674467558022	-2.1346157221631326	-1.3423466894817748
Br2038	0.0360595	-0.00331995	-0.00225428	0.00206411	-0.00634392	8.7	0.0118156600120742	0.971526	1.0	0.0	1.0	0.09641304692635906	-1.9579507971843224	0.04853348135699381	-0.8163278001656169	-1.412917392430142	-0.29402948785286376	-0.6981072479628332	0.5755809590319748	1.2762751180962417	0.6477104008556769	1.0784839290437687	0.22756848940076396	0.2986131380326443	-0.6371662167817306	-0.598170833664964	-0.704805093571723	0.780154594172381	-0.4106648833996585	1.2366648135828653	1.7746052944924724	-0.7956244191232279	0.8144731252061153	-0.9897553292517732	0.13540798945979682	-0.9301831134664935	-1.1565442656477907	-1.1636596155438967	0.2169619082613485	-0.7402875938806592	-0.6903795078211035
Br1946	-0.0130143	-0.00385865	-0.00620212	-0.00079048	0.00294224	7.1	0.0106699952663238	0.970456	0.0	0.0	1.0	-1.3725829958249156	-0.8328176296444135	-0.12364059047912575	-1.5047626803139211	-0.47122515738027093	0.25671003272768955	-0.5011818338932301	0.881675756982962	0.34528997714201803	0.3715098741861695	-0.18921606966288504	0.5585951195666926	0.36793037836113196	-1.4519820074708765	-0.5086675934371649	0.6830994180411379	0.8496347612180045	2.517691683820962	0.908152130924584	0.18755628185064507	0.13331785802679022	-0.9791344229218395	0.8503079261097515	-0.3156900427698508	-1.5605831970817376	-1.334933224587294	-0.6476631708836004	0.25691103102282026	-0.3660236272789793	0.0649071203074455
Br2046	0.0365083	-0.00381287	0.000594443	0.00471556	0.0017563	8.7	0.010666130070097	0.958238	1.0	0.0	0.0	1.5346173551015705	-1.7949349413284532	0.018013196318261548	0.044883931094140274	-0.7658938077449965	-0.40746610681451667	-1.3007573145846423	0.12512130113995268	0.7603873582582779	-0.6508231673403362	-0.7470886236054408	0.2950015896610225	0.7060621595419745	0.731211488030774	-1.3483432181489314	0.8948413905011545	0.21667363709480125	-0.17670231774253659	-0.11278507524087292	0.4487728952177819	-0.08256352755854662	-0.49114403595659634	1.005733226823758	-0.9418618011849488	-1.003155585461127	0.7454122999708312	-0.3770254213272641	-0.7674837392591787	-2.040057999411969	0.46920763149950406
Br2074	0.0386791	-0.00592023	-0.00276479	-0.00119284	-0.00354007	9.2	0.0228936928291926	0.964594	1.0	0.0	0.0	0.26733059754825117	0.6846738380663954	-1.9564031524702679	0.25060344367491094	0.5062380293464497	0.5904043406569008	-0.6171670384073467	0.09018512187080395	0.6264687713781505	-0.45526549338653094	-0.509524670566524	-0.025208539782008675	-0.03291633818457832	0.6333242199858864	-0.558399466486216	0.5031572334125947	-0.42279396560856275	-0.06018495043882264	0.08961077166803305	-0.38420704752432466	0.009123845738552402	-0.20954097353690518	0.021501401674185974	-1.0452989690015078	-0.8666568087043103	1.412626999877072	1.8261672387061492	0.4892640182763263	0.8724050791103432	-0.1260796629903433
Br2266	-0.00186554	0.0555959	0.0104057	-0.0195953	-0.00221585	8.8	0.0155976392223458	0.939564	1.0	0.0	0.0	0.01945034666982586	-0.5919719615979046	-0.7270515233264051	0.23893573891992098	1.4006787580880324	0.7142696169328079	3.87349752914601	1.261618373447911	0.11352764161311321	-2.0337286067726668	-0.8580151769073452	1.186300156918137	-1.2515041249078207	0.16575579646618296	1.0319157529724274	2.064145590217978	0.7136563711030877	1.851679137697131	1.3502003161563296	0.6219080802186014	-0.48642641409285964	2.9188469389246183	0.8369235455092208	0.18088331091282084	-2.8798219233133295	-1.3893931304516407	-1.265914627267703	-1.6764361800051941	1.647436546089869	1.1507762332508091
Br2276	-0.00184685	0.0731249	0.0072642	0.169884	-0.00993647	8.3	0.0205580524450656	0.96475	1.0	0.0	0.0	-0.8533826168747052	-0.5922747999928468	-0.2238280143248678	0.12517101650345755	0.9654044179189685	0.9570336737617063	0.21589395364785663	-1.0889224926714274	-0.24585393535387878	1.8513065608845338	1.5979237670642727	1.1325043809390407	-0.8391590977183851	-1.2684034671368747	0.04918469723863419	1.950727606596402	-0.5320739226134505	-0.022267768603864802	0.9773061435754442	0.9169511904743451	1.6478176174958719	-1.5936330229350257	-2.109852790111651	1.6394623384750595	1.704735678492435	-2.8375499025188446	-0.29610035545994334	3.2340781731252064	1.7318618085927113	2.710190719856002
Br1874	-0.0119637	-0.00370421	0.00393571	-0.00470275	-0.00100771	8.1	0.0139625112008295	0.959579	0.0	0.0	0.0	0.3242677667420255	-0.07110361346411607	1.8225175531918516	0.5055357689330906	-0.9457077921498839	1.8361386571398677	-1.011197225720096	0.07135985163975951	-1.358446476648441	0.018096709775892793	-0.49225084062532154	0.7358486278630685	-0.1304732635549253	-0.3699009675943948	0.33839637666929	-0.48657411261960687	0.13978442007623715	-0.30271287823765164	-0.37980159301700894	0.41044156825186423	-0.9214398924136059	0.2850605528177341	1.511636979507615	-1.1181617957803853	1.5829555665622441	1.492409053722846	0.12082236593775912	-1.4340666578653856	-2.2490593424011145	-0.7898900269208994
Br1385	-0.00427196	0.0473738	0.00353422	0.112417	-0.00769062	7.9	0.0157719159073011	0.964857	1.0	0.0	0.0	0.3015799394652543	0.26179403649735805	0.5205840495575856	1.400315051451186	-0.6481402061257914	-0.9798927247749263	2.160214289874382	-1.0792504985912097	-0.2863236646138424	-0.23512602960810883	-1.0008708525976813	-0.3772759753175314	-0.15400345472819585	0.6917278778970178	1.0612331627770364	-2.5135675188143405	-0.19672269946389528	1.0146507095203134	-0.4525606429230699	0.19776575852495393	-0.8642559225354254	-1.852462797835912	1.1685301934782748	0.10411430477472386	1.8264204631509295	-0.3050536803543489	1.8116989511383659	0.24606417233312117	-2.622407972293673	0.46098908028927815
Br1563	0.0357882	-0.00453087	0.000304588	-0.00229106	-0.00994589	8.4	0.0157957572007896	0.975274	0.0	0.0	0.0	-0.8779034021622796	-1.1121841328161624	3.009600434094172	0.045123997914717995	-0.9852158218078454	-0.43925973954071496	-0.18958789939716422	-0.5856538575995656	-0.3104532184996403	-0.25720511944403907	-0.9972811151034966	-0.1526929349075479	-1.096507994164934	0.7849981953581885	-0.039319849871324905	1.2276489677007176	-0.6459923926706245	0.21473913669019717	0.7284626892164856	1.0752759159379264	-1.010020847827253	-1.6058075218957428	-1.3716153839407714	-0.709152586449935	0.7122524265827442	-1.087698360449763	1.2520892137054116	-0.05772392624681149	-0.9599880033107672	-0.43213522602259175
Br1122	0.0346512	-0.00336495	-0.00121841	-0.00160575	-0.00291859	8.6	0.0152483975730142	0.977216	1.0	0.0	0.0	0.39337154020578624	-0.817348867933321	2.029564226655385	1.4857938749273831	2.862556916306053	-0.8509764856384928	0.8421572188771458	0.25301811836100835	-1.372162180645469	1.2057159272648952	-1.7483232440662222	-0.9814020660006662	1.163494301831434	1.0733397854383715	0.3939156862327901	-0.21049260862153538	-2.0738891875774232	1.405422074270518	0.11505183742701616	-0.8366552011335809	0.78839611847973	-0.7703590594724065	-0.40999856209389496	0.14076615917877816	-2.1527290670314034	-0.46234801667530756	-1.0611388574947873	-0.9210071946563367	0.8116419068106918	2.2263652922561104
Br1193	0.0324451	-0.00613204	-0.00108163	-0.00706116	-0.0121019	8.0	0.0235524988945177	0.963496	1.0	0.0	0.0	1.297482056865265	2.283318956870693	-3.018862348630834	0.04462551191549795	0.0011976090971491506	0.47325022606788963	-0.10350793095552605	0.7776115844061647	1.1785413001068772	0.39383026149879385	-0.7516301597293685	0.011161450292795775	-0.33606868759779895	0.3716938129047889	-0.07767185181470922	1.5962220226235484	0.09927907092607992	0.10969323241165883	0.5199330104596827	-0.9248878877805087	0.6865000897161773	-0.3997041382012848	-0.4548974924889635	-0.12921956385513989	1.2400156721090407	1.702611796606806	-0.2954240072417118	-0.7416637343041677	-0.8123273435621762	0.08121860517491628
Br1325	0.032893	-0.00476862	-0.00187297	-0.0025161	-0.00391572	7.7	0.0176053229665482	0.964916	0.0	0.0	0.0	2.8643247401561545	-1.1088449149937412	2.690613565508359	1.134045885129281	2.2560956386952222	1.5839876196239981	1.417894511108455	2.3283285677290815	-0.3838098527254855	2.1972423712401934	1.1065918148769274	-2.2940774685043652	0.5200850096054572	2.550162421057504	-1.120086964163869	1.629851858633761	-3.413432624151367	2.615504993804471	2.626127773578188	0.29419609333752533	-0.34816246002921886	1.993277435401514	3.394517705948579	-0.47228649693406943	1.5204247727920723	-2.4912754288962926	-1.8473934052786514	2.0628303158675085	-0.5916477854314194	2.6640095235624166
Br1722	0.0394696	-0.00488931	0.00236921	-0.001071	-0.00330202	7.7	0.0148667089990181	0.955244	1.0	0.0	0.0	-0.13939918724286038	-0.11731674097415365	-1.2743029458573463	-0.45693795197937453	-0.14714511276814976	-1.087158781311202	0.8002189094045632	-1.0985086840846534	-0.8606446584375705	-0.6142360431817144	-1.2653312001374017	0.3408932778417768	0.5261029254377083	-1.0089155263823586	0.06478076522443638	-0.09922706242266198	0.03972851809859595	-1.2097825072367643	-0.5764005916365658	-0.023897059944424877	-0.059837224321089635	-0.30056868318740926	0.2661970295881848	-0.5024333283039353	-0.7396348620561926	-0.5644180394927377	0.2818552543927186	2.112717842105927	-1.8255761408393603	-1.053870301560614
Br1880	-0.0123331	-0.00145287	-0.00420953	-1.233e-06	0.00241128	8.6	0.014693062530989	0.974163	1.0	0.0	0.0	1.1182707088668067	-0.7864787806560724	1.248018771319474	0.10314314658740603	-1.0524404576151205	1.5882344006531226	-0.9350109841533757	0.270109147578061	-0.2018482788835581	-0.19243536871067277	-1.7531573594379777	0.7230986818091065	-1.127925797660815	0.18308691895391407	0.1630957284009554	0.2472953995792548	-0.17705059991747857	0.46694242198602426	0.4301380494365576	0.4836377977465527	-1.0879416934544786	1.3330549629431772	-0.2594564069087733	-1.0726076826105482	1.5280320850944522	0.51504784815274	0.493281325301347	0.8825192210995567	0.3615829712750419	-0.6615392853850868
Br1384	-0.00918921	0.00154932	0.0345841	-0.00360804	-0.0127049	8.2	0.0165744345538536	0.966491	1.0	0.0	0.0	-0.6018839045901331	-0.5698385557955647	-2.1350736731065956	0.9380878087705389	-0.2401024895430247	0.48525301470197485	2.420284306572215	-1.597083147156458	-0.5474145060000131	2.2727805299546566	3.00795696568625	2.9978855832807167	0.6015095162835943	-0.3504651449987776	-1.7457269267951594	-0.7367639780526906	-0.3988400283732928	-1.3976950514787378	1.8931662166369547	2.051695568293487	0.8129408882610862	-0.5835993858520379	-1.768577442486495	1.1790302939309356	2.4418251964411075	0.08322689167859558	0.6217390997602265	4.723493615814249	1.8037626213056759	2.8032864541609164
Br2194	-0.0128838	-0.00533558	-0.00811199	-0.000738128	0.00104902	9.1	0.0256546513077501	0.97926	1.0	0.0	1.0	-0.03902311411714594	-0.08321685840699417	-1.831222805971914	0.23168031836810185	0.36484993379122915	-0.23063410676661045	0.15942827834190107	-0.279341145446752	0.1621845168590431	-1.3303313974234678	0.6810368090106915	0.07248139979928321	0.47768616792732865	0.062118235300379104	-0.16786747058541562	-0.2850724919167784	0.05857131060470658	0.19789562807179611	-0.49619819556624134	0.6852851539200191	0.49376638498673775	1.1461852051818548	2.0152673965998296	-0.4717665223834829	-0.898204225591812	-0.6018508529598838	1.2440712230390343	-0.7490111924060796	0.41158075550079387	0.8083803199643468
Br2075	0.0370091	-0.00327828	0.00106384	-0.00117361	-0.00042652	9.1	0.0135308231119803	0.943715	1.0	0.0	1.0	0.2150443878751702	0.3974797323131847	0.5034491079259762	0.10549071957785515	-0.022943236677414852	0.605069850454243	-0.5032228676134538	-0.7225904162079602	0.17069626561175225	-0.8822222504814737	0.7472759796915942	0.6088727572646507	-0.05118026100983667	1.1705101625917544	-0.6115424881032242	-1.8067823988800404	-0.48510350634885246	-0.38787779861428895	-0.25714542714895067	-0.5471055793432176	-0.7023717140295823	0.23250257766512342	-0.5093706921317857	0.22204318504545642	-0.42827437085718134	0.6681811725296021	1.077208282282105	0.3686389303832085	0.21608407241948696	1.3551628711831492
Br2291	-0.0130472	-0.00430707	0.00168844	-0.00260003	-0.00042592	6.6	0.0191914306662489	0.971078	1.0	0.0	1.0	-0.012208987862707951	-0.2923459868632403	-0.9412770711809462	0.5969213021662579	-1.5647179756506235	2.414829512842332	-0.05384329375944178	-0.10029179434957919	-0.58016452253291	-0.20192575224255133	1.8395714805227765	-0.7039738237754454	0.24049198655971607	-0.052422138136859704	1.7033780752905292	-0.597721224113955	-0.38885276928501283	0.3930160705827425	-0.10637065325779264	-0.518435298118123	-0.16095932747973166	-0.19530029712542965	0.9046654046158016	0.29572690751768244	0.9823830276263661	0.32197638988848537	-0.5516559149805923	-1.3804842457211772	0.23890156772173313	0.503279348205172
Br2298	0.0348837	-0.00320426	0.0015477	0.000887577	-0.00505166	8.5	0.0130256230495023	0.971029	1.0	0.0	1.0	0.5141937465342348	-0.5884361856345185	0.7603833769348831	-1.0686863701959617	0.7466568757959718	0.240344247350614	-0.16740616036058387	-0.2570335456526213	-0.09439862069754086	0.18774653374278508	-0.3164591381771108	-0.41370416132148236	-0.12519004317618793	-0.34458164589633977	-0.9381266241647397	-0.13334073787184408	-0.6902281210639004	0.10554131057694877	-0.5529028352605851	-0.9253556401244349	-0.8610332754050084	-0.7707204034173297	-1.1030998679426647	-0.27418551554659754	1.6758538945789296	-0.8888276305525139	-0.23141026734177744	-0.3744750970287753	-0.7227042336113261	0.3294576915944509
Br2346	-0.0130437	-0.00315863	-0.000837493	-0.00132913	0.000743703	6.7	0.0118541516414616	0.976579	1.0	0.0	1.0	-0.5365190337174648	-0.9916574408185399	0.9958829710368148	-0.5574734612111141	-1.7939417639090272	1.6992288907211506	2.2955935978251567	0.2324887315226981	0.3441219406136139	0.8432299016390733	-1.7575291989773263	0.4377545054092085	1.078520464553404	-0.8485628818780979	-1.0714814004027038	-1.5924443669303714	2.1354488863271976	1.4868475933163006	-0.7697369657602074	-0.6847795257549872	-0.5234414845986977	-2.72065199937552	-0.0769058157014054	-0.21141323078199978	-0.4065598658111415	-0.06856454989450707	-2.151949904923535	1.1892595327900988	-0.765135390896282	1.0870730956467247
Br2351	0.0241555	-0.00306471	0.000358734	-0.00190306	-0.00608372	8.6	0.0178786867487243	0.95754	1.0	0.0	1.0	-0.44607505559430466	-1.311322816759994	0.37209132041518683	-0.246784733176414	-0.44646823224458804	-0.35616370464926206	0.21986089044246024	-0.33098066599992954	1.2562866880430208	0.2553801699670211	0.1570121471310906	-0.5236872174568876	1.0997153376940454	0.9588312145271957	-0.15822065951587985	-0.6560255056448259	0.035239771503851894	0.5780480168157386	-0.2054999808478024	-0.2510327659380051	-0.7135325532841987	0.3978051751280327	0.4960349515335509	-1.276615426636986	1.9337227562262915	1.2567380633311718	0.10780938572480218	-0.9214175503576006	-0.09470136931954187	0.3491096868769196
Br2313	0.0399162	-0.00486481	-0.00287692	0.00256174	-0.00506072	8.8	0.019375015122508	0.952056	1.0	0.0	1.0	-0.29211067178862693	-1.975356189747654	-1.526811189515525	0.8242737435761033	-0.0856472803813636	-0.6626182434572158	1.6550729591459343	0.01239685866745813	-0.19931398537230294	-0.28255107183062633	-0.33493281696374266	-0.12526985988342695	-1.2379469764182411	1.8960904338089934	-0.42378000478971944	-2.074461218998216	0.2170942870237793	0.44338088718236207	0.9505986878108147	1.3844405827280055	-0.9305994340834326	-0.21161419895542857	1.4839201565954385	0.6183040654309336	-0.7543838703279852	-1.566237625180057	-0.8666825198861406	-1.3379957415626047	1.7807290446405593	0.1431258738235128
Br2337	-0.0126097	-0.00430934	-0.000969218	-0.00120715	0.00181392	8.6	0.0210979018018892	0.952871	1.0	0.0	1.0	-0.3026669028296377	-1.0144170295306973	-0.09138929571513603	-0.01901471439827531	-1.0241418861090505	-1.1167987994316728	-0.7334356779384082	0.625935727090614	0.5748839924093194	-0.6695134181549272	-0.08397833036112687	-0.6483702224538127	-0.15037737040203134	1.4596705196529651	-0.31985189600796204	0.42383088393119084	-0.10360193002444067	-0.9718494866838824	0.6507290450267764	0.6744912493378681	-0.44909491338494884	-0.4751138182289734	-0.8044655037974149	-0.41408728968734376	0.6564322915263352	-1.3389680933042076	-0.4792264357521047	-0.7944769426935796	-1.4404870926279478	-0.2505752340547998
Br2421	-0.0132709	-0.00582549	-0.00742518	-0.00325501	0.00185068	8.4	0.0125628239155798	0.964009	1.0	0.0	1.0	1.3305335737118396	-1.4250160913739456	-0.07346047217629373	-1.044183023199064	-0.12436490320527342	-0.45441386383645865	-0.6064839477933367	0.08907228127826464	0.548233820693155	0.9996960871930877	-0.6939732689225462	0.23370730054005964	0.69606410798653	-1.1091356279451627	-1.2581055834134387	-0.09684904011937016	0.2638683836333385	1.0680922008757736	1.2066227935791076	0.8969363111842554	-0.18930457735235595	-1.4634977936842666	-0.25143764507285915	-0.25228391055624366	-0.9966167743223333	-0.1582201549261204	-1.270277626451389	-0.9648970700357935	-1.3884720854485832	-0.09878738491599703
Br2423	-0.0126036	-0.00582659	-0.00177626	-0.00387172	-0.00364309	8.9	0.0153687522426006	0.976541	1.0	0.0	1.0	0.03315243140763339	-0.7279330914392229	0.2699610300658318	-0.6975588347353631	2.614634003805508	1.3293890097884824	-0.21772551735574847	0.8836937893343751	-0.5169055450615075	1.0932418082416118	-2.1119461803594137	-1.1366063097569552	-0.7131819610959653	-0.2937113404011565	0.4883927386779627	-0.27651552825320613	-0.785330450369124	0.018650225918606284	-1.0319670834124832	-0.059304352548005826	-0.5400894309933026	-1.1929938744334334	-0.8613258473586005	-0.3087724443617247	-0.6755974852457381	-0.6506325044578108	1.8704424062864562	-0.5035459858516207	-0.5358194935352882	0.9598763406903397
