	SNP_PC1	SNP_PC2	SNP_PC3	SNP_PC4	SNP_PC5	RIN	mito_rate	mapping_rate	Sex_M	Dx_MDD	Dx_SCZD	HF1	HF2	HF3	HF4	HF5	HF6	HF7	HF8	HF9	HF10	HF11	HF12	HF13	HF14	HF15	HF16	HF17	HF18	HF19	HF20	HF21	HF22	HF23	HF24	HF25	HF26	HF27	HF28	HF29	HF30
Br2063	-0.00393103	0.00574652	0.00204328	-0.00496558	-0.0274654	5.9	0.1883118021871558	0.959978	1.0	0.0	0.0	-1.6915397242494548	0.1629872333197658	0.785134919414203	-0.5326639589526951	0.2732324263310194	-0.09388181558569406	0.9961422502314701	-0.2561400084236985	2.696392036501554	-0.16588953772265935	1.4924870704669526	-1.9900600856766	-0.07394516580324605	0.03366590714910816	-0.4142438481761019	0.7693686777752297	-0.21975717114183357	1.536280505991326	-1.1018028752096136	0.10951222738587892	-0.8844008324895537	0.17891516372967214	-0.4031613185520692	0.33013625635523763	-0.574341519710105	0.19871569524920837	0.9826716600850162	-0.5958336937891807	1.0317908718522224	0.5595803771855998
Br2582	-0.00803537	-0.00927992	-0.000460034	0.00976072	0.00278209	9.2	0.3067585891819666	0.96253	1.0	0.0	0.0	-1.3999504349203031	-1.2549995793748787	0.7374168397954046	0.5338194031137249	-0.12225638581078839	1.2702355459708314	0.8312035198808285	2.0847004650476824	-0.8060563557036741	-0.9258290103858772	0.7783986957201979	-0.42334286376949964	0.5568596982544692	1.594395800491758	0.6898036597253729	1.7924915337429848	0.9749135310461079	0.7301953729384592	-1.2088350443807947	0.45661015048550696	-0.12752436374715076	-1.2706655046752904	-0.5097656500365247	0.14787223087996182	2.32979164198271	1.1905406383245076	-0.5373047442385195	-1.023893464715963	0.6076417352246211	-0.3195234825739056
Br2378	0.0543991	-0.0559299	0.114326	-0.00751215	0.0234577	7.4	0.1898680888501824	0.958259	1.0	0.0	1.0	-0.23430055016365609	1.0180232755035001	0.6554860257174472	0.13459702317308841	-0.4796199684903057	0.11258521998353027	0.32686273683812905	-0.8599673743973146	0.9781891345790386	0.49265215089271014	0.408193308824097	-0.3071633498135288	-0.8648133587469442	1.4253839208931343	0.902449938064407	0.029723964385814997	1.0003920099024426	0.9935746273226702	0.33247056879096504	0.19996085501427233	0.7965136793176397	-0.3572870581560427	1.08720093103982	-0.12071527018180846	-0.2154687916023791	0.5079628747832263	-0.04037439697795719	-0.3509532646319566	0.550479001665048	0.2660904122428587
Br5066	0.00277253	0.0150363	0.00216451	-0.00985371	-0.0372584	8.6	0.2062106346545885	0.964368	1.0	0.0	0.0	0.029637744263907036	0.7970674118610833	-0.559440788882422	0.02339311458194749	0.09261205237431706	0.7397082464651416	1.7278886465472152	-2.491589703857551	-0.8369121035648038	-0.9971673451853722	1.5610211663659392	-0.6553099131432673	-0.04735795297708251	-0.17269558606454313	-0.6377252390642213	-0.39394766578828805	0.5848745524775021	1.2836840913693013	0.03616248086353262	-1.2497959440389208	-0.5759888478807818	0.8843414104409647	-1.4639678273442347	-3.054446665554998	0.46534400879503074	-0.8402446397682517	-0.3314689707195691	-0.5832679102962995	0.7129835919267216	-1.0032230987871473
Br5154	0.000362364	0.0137224	0.00599836	-0.00258682	0.014832	6.4	0.2099305827543564	0.960641	1.0	0.0	0.0	-0.33529955919768967	3.717425347652573	-0.025515589512748335	-0.9603379006506466	1.009738528359485	-1.9073492211901977	0.7571802089071384	-0.08823795078327135	-0.606194596258157	0.9548979966642381	1.140455260788443	0.2897692013880221	0.17282197447133235	0.20371859509396234	0.24980306782520414	-0.3496790972223054	1.302787578799048	1.0701482282434631	0.06672307212045983	-0.8457790648929476	0.6752815244017651	0.3330357953558571	2.2241948379111056	0.06237213446419514	1.8910340570594506	-1.2688376622899595	-0.049346522670612104	-0.42532639264881344	1.2121059606414282	0.15495688879696878
Br5182	-0.00854097	0.00034456	-0.0077846	0.0099037	0.0164669	8.2	0.2100465558075655	0.960623	1.0	0.0	0.0	1.10019158687533	0.6773707235808668	1.2017510830165	0.5711978607430586	-0.5122817057298787	0.40349579792364565	-0.0970666826823832	-0.21062901485934785	1.0936666758161995	0.4926990348828322	0.3084708009341015	-0.7786027517979092	-0.6334164871591696	0.8499087863207034	1.258220947749744	0.06870958401831978	0.1549938387105511	0.5641636484703704	0.15498858450575528	-0.04537093306524326	0.665558132513174	-0.8004467373619344	0.6599162871297306	0.1804198495765453	0.7288427833158665	0.5093009356312018	0.6846911773823651	-0.37433952062878245	1.3313036887565428	0.8960090868564822
Br5205	0.0222764	0.0528062	-0.0010186	0.00728816	-0.0139906	9.0	0.1658559576795616	0.961639	1.0	0.0	0.0	-1.6783566726573418	0.264876466610187	0.15395682227175359	0.45987360409501277	-0.3599308356515045	-0.2568696387246258	0.6434854791135364	1.3223710610739927	-1.8206060528445271	0.319949514395634	1.2527669785699544	-1.07644917678576	-1.7201364287544925	0.3092489580866034	-0.6317859680138334	1.8032617432965665	-1.263572870177027	0.05069585271675087	0.4991427040970043	-0.17449484013464103	-0.2553213489560413	-0.050385055978289156	-0.11005423182143864	0.8520355509268261	-1.5298222232235095	-0.781551461724242	0.23999842061028506	-0.5515200249551595	1.133780274436291	1.7764734650649308
Br5228	-0.00524639	0.00116074	-0.00650575	0.00839323	-0.000143569	8.2	0.1914053489196333	0.965821	0.0	0.0	0.0	-0.2079880995032594	0.628360950623122	-0.9214622634062009	0.046527534281623296	-0.6407975353976689	0.28403816106129226	-0.2793989902982291	0.3593179291604119	-0.44551006806399623	0.8096304497734358	0.30589454509620884	-0.6738584320844577	-0.9873748661935212	0.6660293615265145	0.7035615857026684	-1.0494686336032921	-0.551541968888366	0.5160248050719294	-0.3541300463130835	0.7813214661403399	0.29478926672766465	-0.2756973247366299	0.8519507354733203	0.9985829330624716	1.84485826445658	-0.06661232434547584	-0.31715553780101496	-1.2199620835082343	1.0763893619671876	-0.3809827465035335
Br5250	-0.00429129	-0.00313014	-0.00568222	0.00381527	0.0142132	7.3	0.1708923001607759	0.961718	1.0	0.0	0.0	-1.4350754721870096	0.1599047883651628	0.15560840645120252	1.38502016756378	0.7600630426149578	1.3136104443146217	-0.35142797282659904	0.2626998041325497	0.8141716801502917	-0.11075525363109846	-0.16444828768920478	0.6971488395992733	0.40617898294934185	2.071669608190956	1.677208194197986	0.3066469601818727	0.023010533263165937	0.5144153020903982	0.7001829563058144	1.0886822072511593	-0.2294356885626537	-1.9767485402136147	-0.29827119180224215	-0.7550502584541872	1.2283300695488655	1.1600163791206086	-1.6726519712705707	-1.4696170311153671	0.9379985687419444	1.0840898223582165
Br5262	-0.00811871	-0.00401826	-0.00449718	0.00911132	-0.0142214	8.1	0.1557475651089721	0.966261	1.0	0.0	0.0	-1.7063663569522485	-0.23291801930332187	1.4427970337008331	1.4819730505844986	1.6156640921507206	0.33876626690334727	0.13196510326949548	1.6951967361351017	-0.33805135982229206	1.040975688813465	-0.18012643793810248	-2.0080676091885645	0.39745140199801066	0.04031561664337822	0.8087432940153472	-0.30039089765189747	0.655278735335293	0.698741853239389	0.4394392242541391	-0.3480415000971452	-0.39002890144590313	0.21549226838804053	-0.9543794627016443	0.024037533805401155	0.07056251712750217	0.026013199085621695	-0.06556971668251227	-0.7812654420472412	1.2743023398840638	1.2779708560537406
Br2464	-0.0105909	-0.0124654	-0.000220566	-0.00194247	-0.0029565	7.1	0.1272078192015305	0.973881	1.0	0.0	1.0	1.9541007974847824	0.43522631400405876	-1.2992023135193833	1.3840734084698658	1.3617925627692087	0.5615143855246142	1.1378825521162663	0.0009815422801629247	0.11061691083749135	0.08296958075196564	-0.5552641003035426	-1.342126460270782	1.1651765361174673	1.6117881918423667	0.10975184045696965	1.9408605907130236	-0.3060270831054141	0.19961029859386045	1.2988117550190241	0.536212119203976	0.12978870647031157	0.8575375007655008	0.3772156940227788	-0.3655666999546079	-0.5871687719309638	0.9261049886979427	0.19728453120617864	-0.8173442461608169	1.258083744935997	0.11975330435932932
Br2470	-0.00461103	-0.00714756	0.000413109	-0.0079015	-0.00896283	7.2	0.2501239027407668	0.972266	0.0	0.0	1.0	-1.753421206902018	0.16517992263415696	-1.8145027946929273	0.5095833036051313	-1.357967328339476	1.094834782127812	0.7450848168904011	-0.8290083746221987	-0.646642883383101	0.8096947212483644	-0.048328074437591115	-0.2506173410020065	0.18643738711926267	1.8354317601690018	-1.1367513467701045	0.23549463020101666	-0.30817451181907807	0.84906665737219	-0.26123494813738307	0.5187193347560214	-0.04938769259373815	-0.7739622979120473	3.30684536841166	0.5162755024343986	2.2633427322033755	0.7968456395929459	-0.6579125761382814	0.35646041556652575	-1.3817573444287052	-3.462365909978321
Br5324	-0.00419164	0.00541449	-0.00378461	0.00412831	0.00149499	8.0	0.2183444728068738	0.973394	1.0	0.0	0.0	0.7519182439752204	0.4816005890941312	0.6767090614682685	-0.48101963896274663	-0.3647990578328077	-1.0203855818895002	-0.19182762372459886	-0.6176788838808838	0.7284400542086151	0.19130228226030835	-0.11504609490549347	-0.15364596532368063	-0.3493261422142021	1.2425623671693478	1.5119470562390738	-0.5300119394011932	0.36176652418379596	-0.2944906273994461	-0.2419191945201152	0.10989661065604842	1.4604646460765403	0.1592751563395547	1.3979833136164272	-0.579926060178797	0.08806164860604188	0.45840342249375304	0.022798296534459146	1.0134933478537917	0.31424165809503946	0.03293116121101961
Br5200	-0.00243465	-0.0086909	-0.00617475	0.0047553	0.0212771	9.1	0.1877471709969271	0.973703	1.0	0.0	0.0	-0.9367530154107006	1.0759885669503844	0.5152425732604864	-0.2654045054446992	0.01290114708941937	-0.5094733835111275	0.22180165421542267	0.10106731321226281	-1.5195506691883838	0.14276020431259348	0.7797776915856865	-1.1172335641660929	-1.977621707663527	-0.4253546909386196	0.7837291618235906	-1.0472440070872475	-0.08287259510110599	0.07472204337684683	0.7105993636203433	2.4164818124503915	1.4662028669255143	0.5557125818938492	0.7527596682013834	0.6148890686612772	1.760862627139889	-0.469285997595248	0.13919121050010316	0.7285170150751799	1.892918351267795	0.08499953804179342
Br5292	-0.00969462	-0.00325906	0.000521661	0.00553349	-0.00602412	9.5	0.1889005178105387	0.973806	1.0	0.0	0.0	0.06076943535661093	0.8058109989873211	0.004939399365429214	1.3316343385694214	-0.11929654598341925	0.594843176724088	0.7846319547075391	-1.4871684911614722	-0.30333731382161333	-1.0190768347599972	2.05059697668381	-0.3760913131046117	-0.847050070105951	-0.4935561277479449	0.7951740795601808	-0.6775380858836884	-0.20372901754767847	2.074278648760393	-1.5995033002731645	0.683681515304788	2.7712171267103285	0.18135525818610085	0.6417381794700328	-2.9300954602799716	-3.410506961339196	-1.115193183866477	-1.5524837243625011	1.0659030913816385	-0.8882462989972548	-1.041278343647294
Br5367	-0.00187496	0.00653114	-0.00756054	-0.0100819	0.0252652	6.6	0.1873608264066747	0.974452	0.0	0.0	0.0	0.9156810647832161	0.21141333042992597	1.1581122522562255	1.3447404034740895	-0.3604344872639674	-0.2085402538395187	0.29217230319340926	1.037626132964223	0.9891063066372198	0.5563611818191361	0.48563160439992353	-0.4725418636761452	0.3403072565013747	-0.06603395397944459	0.9996283173155143	-0.011570181730320128	-0.20665105347671786	0.36355646512575346	-0.16983476233592235	-0.6352199218144645	-0.8872283539781308	2.20142987176618	0.8081889029153718	0.37809806109158944	-1.2638666218821872	0.5525470601716785	-0.40934641740987937	-0.532801479809295	0.9942311073413147	-1.0950801098849487
Br1351	-0.000892231	0.0130397	0.000605854	0.00646933	-0.0069053	8.0	0.164991216161515	0.979129	1.0	0.0	0.0	0.12791501073217773	0.5888409888913166	0.9385968155552198	-0.1474888260563298	-0.7440112177837516	-1.436087658760757	-0.6857228491682177	-0.6203326840669067	1.1509643106159502	-0.4504487167837149	-0.7505451952731796	-0.5153175825943714	-0.839010233346463	0.4151648895813314	1.2897465059107396	2.3680317603504157	-0.16473814436473588	0.3954720469506096	0.06816641194674462	0.845641313018614	0.4605484275024003	-0.8577567941189044	-1.4522277130663008	1.2131343822577343	0.5533089197559045	-1.3354866810305126	1.3116639653726119	0.20371994421417183	-0.4891282603536841	0.46027040478839676
Br1750	-0.0113369	-0.0115854	-0.00893908	0.00593894	0.0202472	7.8	0.186834404901543	0.96763	1.0	0.0	0.0	-0.001092010808750565	0.9301941184636562	0.1289253596271118	0.15280523188435055	0.6128128967247478	-1.3153216549163058	0.4626433545322896	0.012729518907973721	-0.09974064913871432	-0.04564576203475847	0.6342691015344851	-0.37215768485939266	-0.7551563776140001	0.37604585393312023	0.599390759814637	-0.19067475180664625	0.4059793480731537	0.8939692314103174	-0.8036938325342046	0.42954548395458264	0.7289750982907875	0.775076299280618	-0.004164920081579408	0.30883133665996776	-0.1699507665546214	-0.48971721246449385	-0.15970103010598016	0.01834249198465542	0.25269528870452296	-0.24797885069373368
Br2476	-0.00575524	-0.0064289	0.00269223	-0.0128878	-0.0874734	7.2	0.1871683820414822	0.977441	1.0	0.0	0.0	0.5019666850532686	0.20756245781561536	1.1721447875724171	0.24248183376041865	-0.1502168514410591	-1.1478762002481733	0.5616977632593274	-0.3748509392108009	-1.4480673418063976	-0.01485469711629196	-0.16598744421995362	0.6169698037902813	-0.27541833821800665	1.546084116634028	0.2952073951043873	0.39274054057797575	0.4603483768195806	0.7723754844769076	-0.5589996096932477	-1.1214480960784416	-0.20120041936434982	0.530785083977914	-0.4740125187559817	0.8305550109005083	-0.669192825727855	0.28106728960550637	0.9176479921187943	-0.3370648382393421	0.10111541966917227	1.1192523395324654
Br2534	-0.00788522	-0.00526456	-0.0031169	-0.000282376	0.0196987	6.9	0.1953540858427308	0.97612	1.0	0.0	0.0	0.941128819916638	0.09183443991436814	0.8110439959761789	-0.1471475316247055	0.6123029454337543	-1.7791175148205527	-0.004675917788165841	1.3906530121003429	-0.9792704475238525	0.9217459472558015	0.7946250428824198	-1.7092631050812799	-1.927844281105436	-0.4457443031396535	0.9262695969098956	-2.096038597037683	1.2395837794537239	-0.5845673462126958	1.4337847323421755	1.675305122545053	-0.003060506084489066	3.3319078593412685	0.2875348716659797	-0.2967902631903596	0.43588761988023	0.996417347252371	-0.10411532443484396	-0.6585544408018057	1.3090235316928305	0.4985570394336284
Br2353	-0.00686926	0.000137122	-0.00552521	0.00547275	0.00531473	7.3	0.1478197000475786	0.975456	1.0	0.0	1.0	1.6052518111771632	0.590331694717181	-1.9691499117643132	0.9945587414301469	1.1587366617594115	0.15170853504838758	0.9648749774640409	1.2032654118672292	0.16112946672399	0.470524179214558	-0.5971364224749209	-1.8194898674912068	0.6104237108543328	1.4026704715971694	0.27421604853177417	2.313715643855678	-0.7816153641668229	0.6873213284817948	0.49108716401485614	1.8864619667213351	1.3565289475232285	-0.4260910334530492	1.0402384507698808	-0.6439451094810373	0.5303290327562205	-0.8115148078019032	1.2494691096829067	0.3783089354801203	-0.011075890538207775	0.5856311254075668
Br5161	-0.00878819	-0.00271127	-0.0102949	0.00500747	-0.00141994	8.8	0.1574240311539295	0.960987	1.0	0.0	0.0	-0.27769766194139894	0.8967398110176853	-0.1684339434164491	1.4724441856066852	0.036147565908295674	0.25636134466013527	1.3828394577421954	-1.377587230958666	-0.25516783011484434	-1.6193458282248918	1.77079286817164	-0.9317369343477312	-0.7235693005587877	-0.3088170339369365	1.1059219614852247	0.048724421829307085	-0.5116959253490909	1.1046433568607197	-0.3267430720278686	-0.17337507207455674	1.0337731350622386	0.5056830224058902	-1.533263822656992	-1.263533575604216	-1.4002572662587942	-0.6543054006354538	-1.2477871297030367	-0.1537171322601274	0.2740445313807011	-0.6040497306384417
Br5165	-0.000652274	-0.0129409	-0.00912568	0.012095	0.0115447	6.6	0.2146469351708168	0.960131	1.0	0.0	0.0	-0.42261460244693794	0.8114230506984663	-1.1509775936629179	-0.9449241644182629	-0.38310158283300105	-0.40561021259110963	-0.27753877294868684	0.6524943806186787	-0.7074721177923827	1.2276601425003713	0.038984287880040325	0.6653488948743546	-0.43296458370372654	0.5218011653458596	1.2272186833678373	-1.0627257046667415	0.6350469372027149	1.7110775253992045	0.11721810515581288	0.6901810757181942	-1.4713199133987358	-0.9824022245781003	-1.6224830262082086	1.5887331678077798	-0.5839112740884014	-2.231547146118779	-0.9958072389013438	-1.8452026948567073	-0.8374140057882563	-0.10527040253177636
Br5287	-0.00157739	-0.015026	-0.00724743	0.00390475	0.0282955	9.0	0.2156021922180117	0.977833	1.0	0.0	0.0	-0.03398651843962277	0.4310479402189186	-0.11551670618196384	-0.4756422939483768	0.39552420457641435	-1.3312355259057544	-0.8177627838997252	-0.4230093131523173	-1.614527341202607	0.34079170086644617	-0.6241544729543699	0.5353568415328672	0.005118638661679254	0.4369778135605847	-0.41336771586182214	0.7084196709635167	-0.4995541164339642	1.3117140307444943	0.5651782208217422	0.10491241298910259	0.34128907636524214	-0.37429572680239787	-0.9009698290865125	-0.5151282351468159	1.437811128724892	-1.2448721172016435	1.9399234982102544	1.3212916554766316	1.7886017910066263	0.3222381605184791
Br5005	0.0420922	0.120499	0.0117996	-0.00254276	-0.00910361	8.1	0.2031374932821279	0.965898	0.0	0.0	0.0	-0.6037040279000924	-0.24453688364539478	-0.6364083760345798	0.0560683481700376	-0.7091767853527015	-0.9902616430947999	-0.02934007954800687	-1.2485350430877955	-0.1583186296962996	0.8642197259726901	-0.40783041998900244	-0.9179474139822956	0.41079008404166	1.0955778692088016	1.3644563858054295	0.7582885574814747	-0.6708839823939564	-0.02507311338750704	-0.9117689031963582	0.19257010022823834	-1.3490779834780147	-0.30220527992791774	-0.8390684142125305	1.4670301633343459	0.47483521405516554	-0.9172888985053419	-1.1383069898011908	0.5422212977681551	2.3600871096005394	0.7288306948394752
Br5212	-0.0075329	0.00685639	-0.000128314	0.00881407	0.00912613	8.2	0.1876391209086773	0.9771	1.0	0.0	0.0	-0.465485962165627	0.24093265271834532	-2.9070006013646545	0.029357960526409148	0.1976763796733561	-0.8747723787631608	-1.6531828530956107	1.4294834951302193	-0.1036907442027884	0.5621678254253911	0.6916541680656895	-0.10116523834992491	1.059124407611363	0.4859389163901495	1.0626899964159349	0.7713867876533042	0.3276233706968367	1.7858887355176944	-0.8702686755729443	-0.23503229445491094	0.5457104755588934	-0.2999599101620219	-0.7448068424748671	-0.6913361105912511	0.6625356575508645	-1.146396088241841	-0.1545702618848422	1.755791875484764	0.6509366204995554	-1.9800742088592926
Br5235	0.0153548	0.030505	-0.0031506	0.00794358	0.0148172	5.9	0.1906045244308108	0.977605	1.0	0.0	0.0	0.7351624274163563	-0.7503012316949723	0.8541639912415403	0.09606569177155559	-0.3832460072276665	-1.9899994309029831	-0.5893032985306321	-0.8561348158784278	1.8547855800115893	-0.03153060885454107	1.2858204965822462	-0.9697810922364638	0.041056805338653704	1.089573694264486	0.9083028591957159	-0.26582804629324663	0.28693968568462463	0.1710838528832572	1.0401670269332133	1.434062143320767	1.0543115585044347	1.7392264759416538	1.5329117840111128	-1.8812690208710907	-0.2467904249593177	0.47245602738607495	0.5117128321362819	0.6362920405368194	1.0416908512972103	-0.47189753900678527
Br2073	-0.00123185	0.00149203	-0.00280402	0.0168033	-0.00467228	6.8	0.1836844692232652	0.98048	0.0	0.0	1.0	-0.15837858571243538	-0.1456467702119632	0.08922161946993254	1.8410682863158885	-0.1830339748842421	0.2090322051169029	-0.1200558287699133	1.7599613578508928	-1.2062109700982595	-0.48441259755637994	0.1102940813373456	1.1103171414655648	-0.3694000764397733	-0.8553455496888128	2.103123995128404	0.4466972105010776	0.4703840724742354	-0.5553497921517254	-1.8930586120581696	-0.6597504536403064	-3.5391552627835026	2.613105976680334	2.6736016751134195	-2.394590341902984	0.33856366497630563	0.3413281925811261	1.3323124901427812	-1.2325756972505746	-0.6441116179653575	-1.197316112931242
Br2346	-0.00874616	-0.00963368	-0.00296736	-0.00675039	-0.0386695	9.0	0.1789147792417839	0.982776	1.0	0.0	1.0	0.24358649967964613	0.508789131733813	1.3881616316686893	-1.2485515383639465	-1.8088991919157984	0.5403708953984896	0.057135831204729495	0.32709474616278433	2.9403000168699407	-2.118123687109195	0.3668475163894798	-0.09198528746131136	-2.2013267741591567	-0.8352045082303129	1.1830130046290872	0.5671031738444239	-0.6312766827472681	0.3418972855575558	-2.5922801261476076	1.450736484130511	-2.0928847545083182	1.2781802791635244	0.7262396338526156	0.29406468234577976	0.7093467974196206	-1.9259331753085653	1.766251282534792	-0.1791524617942859	0.005420006709524394	0.6603328302241642
Br2291	-0.00707966	0.00345714	-0.000898685	-0.00373545	0.00211917	6.0	0.1988089708880886	0.982826	1.0	0.0	1.0	-0.9397536103806621	-0.811718304196847	0.5221314860333592	-0.6106228882105638	-2.1209374976688764	-0.8255556792170041	-1.0688713924149211	-0.019736106079942244	0.36338496421915745	0.6502087405596003	0.0725980582001109	-2.187488411491724	0.18705142087088047	-0.25817693710718037	-1.9898543885977544	0.8988544468612776	-1.0678774034804805	1.6290244572021244	-0.5293804955938795	-1.0612764945127608	-0.8718607359446499	-0.9236700774506967	0.6801915929126091	-0.6373834249588889	-0.5068434999538904	0.7500779203572266	1.1253506805824272	0.6921909449369854	-0.25057975939164384	-0.9043831735889946
Br2337	-0.0075339	-0.00719529	0.00081797	-0.00342409	0.00646973	6.6	0.1923579260218971	0.98062	1.0	0.0	1.0	-0.7719976842543432	-1.391713714856659	-1.0127626121320303	-3.0445161085033052	-1.1419761296192985	2.546162091885098	2.0504224833754012	-1.164018630126785	-2.052696593608115	0.7238239524781719	-1.468624749233101	-1.1113144538280757	-1.3255199337255954	0.28179819689293945	-0.9815836184528086	-1.2643370181309865	1.0891526036537482	0.4941259168345406	-1.3286461053116667	1.6176707853814314	-0.8792638649052648	0.05218613925055617	0.7448114784785501	1.0990677026327014	-0.5340876205913899	-1.446650365511476	0.45589012600417106	-1.4163797318984603	-0.8637649266763275	-0.0014208246990344668
Br5314	-0.00743082	-0.00838273	-0.00756508	0.00543373	0.0153334	6.5	0.2095795169696058	0.979745	0.0	0.0	0.0	1.2328233085855764	-0.09122916471714296	0.3372050000300418	1.055570186303584	-0.9557981112052953	0.5983640401664662	-0.06148409440537198	1.2779764071154063	-0.9491360795056137	1.165585998068456	-0.46994899739642615	-0.11223970816847731	0.5539672598102595	-0.9782621017740639	-0.2097104007865275	0.09778164287554662	0.26739157829683297	1.7360761234051747	-0.07051132697180015	-2.249917334115082	-0.8316668825279401	-0.3212042772873327	-0.38056281318543006	0.4219612579996543	-0.6179289662513784	-0.021208271173032624	-1.7448556955223127	0.6050733093996084	0.7853953740607846	0.17742479340849124
Br2421	-0.0110804	-0.00998665	-0.00814228	-0.000155392	0.037021	8.3	0.2135807839043485	0.98162	1.0	0.0	1.0	1.1425181005844858	-0.2718309394574129	-1.1820066820012372	-0.11975932000563709	-0.3435332802694771	-0.25850421864884493	-0.6409110243165717	1.2242063632839892	1.6409861929717287	0.9562368626230018	0.24980142007529832	1.0387927316339998	-1.6369617756434498	-0.2012907028965371	1.7199351907964127	-1.468956129291304	0.833901034488207	2.408448496375065	-0.05828082711574473	-0.9035192299304224	-0.3378608352990431	0.4717965921287672	-1.4988567245623219	-0.08917611306336584	0.3095455449677946	-0.5253462020635787	-0.9087974274946194	0.9883039940595595	0.04795288087919037	-0.4261800748859413
Br2423	-0.00518869	0.00266046	-0.00891902	0.0069527	0.00254784	8.6	0.1883440822063118	0.979505	1.0	0.0	1.0	0.06635087144710781	-0.15340825461440497	0.5277743775554717	0.7262577341432418	-1.4030828791633587	-0.5604631983592299	-0.40897289750438176	-0.04306089458483431	-0.5417797618460447	-0.004440223699978537	-1.2823006478528185	1.2959085253449785	-0.7863508577480766	0.5233772833430925	0.45000725582849554	0.7704178955527439	-0.4431778575830181	2.2515643341693807	0.6643902139377965	-1.3423536799660025	-0.4816922615546172	-0.02748578714136928	-0.9305108640475925	-2.1558329907625082	1.7261909406216738	0.5365944293484927	-0.5644161379159368	0.5310568715788453	-1.91163252500386	2.3412483320354522
Br2052	0.00469395	0.0132516	0.00162468	-0.00509067	-0.0209182	8.3	0.2071465581442761	0.980414	1.0	0.0	0.0	-1.1204367274009541	0.12136767167726992	1.427174001737281	0.43333835277780647	1.2893250712885762	1.1255218313808704	1.0539556734007205	0.19910221453197546	2.083959995169488	0.41144222853356366	-1.845292672129437	0.02713911376239862	-0.23901502940265298	-0.4856676497352638	-0.05858745041541759	-0.6264314041842266	1.2413680290237934	1.9503563839436622	0.2777630069281212	-1.0317750847450626	-0.46230912291503057	-0.9463169445756295	0.41436383848157166	-0.7277582228334358	-0.9807427593032123	-0.5347146105206904	0.14232071965829582	-0.57205599563129	-0.3522387049359608	0.07496628194594229
Br2371	-0.010877	-0.0183166	-0.00148252	0.00898238	0.0296242	7.1	0.1843486152221974	0.983684	1.0	0.0	0.0	0.3915453772236012	-0.19191612902034105	0.606457784199198	0.7129106416830715	-0.33072743775037317	-0.08979004923128085	-1.8090927720604528	-1.5007775370977001	0.3280150594313567	-0.5704369139534285	-0.732070442190295	-0.5410314012096896	-1.2216901518492793	0.21577708642405233	0.15987952671007347	-0.0005343230985637057	-0.4083148890660732	0.8095564852723997	1.192449478656202	-0.47587156212067655	-0.6481341716947153	-0.5009448682420193	1.6310400101457643	0.14682488496615892	-0.930065421801941	-0.05304809773761101	-0.016902228905114662	-0.4096523331860571	1.3042405939828512	-0.30777929348653055
Br2039	0.0277483	-0.0103725	0.0349561	-0.0101053	-0.072334	6.4	0.2067088390134469	0.978615	1.0	0.0	1.0	0.18322343690966106	0.6880025822137729	0.9268022642812076	0.30664993305447213	-0.5582723085206275	-0.8067754941266434	0.6853638637899941	-0.05081512223117043	-0.3003488905887482	0.7389947208025613	-0.5162554788452403	0.9192471815224115	-0.7830145870824834	0.4865424022140597	-0.9640036478951199	-1.5680349371041304	0.8576548415721966	1.4343344623707879	0.48233814028447997	-1.0938986594324192	-0.2557052826721951	0.9246530048524706	1.1387439964350075	0.15107141529492943	-0.43508706520554347	-1.3804576320353108	-0.28008890110607765	-0.0003174869481448371	-1.1064503572544324	-0.45867742316737276
Br2027	0.0149458	0.0548679	0.00285239	0.0131157	0.0251616	6.4	0.2069009922419606	0.979574	1.0	0.0	1.0	0.06366276266319312	-1.008421010961576	0.9150480161593028	0.09056819250107946	-1.5739610769911994	-0.6376925058349437	-0.4287621586978449	0.10553840819710307	0.23827839459747005	0.7062528876466504	-0.00608317513051797	-1.2470643260118903	-0.7616899529353869	-0.2612412457116004	-2.149751493277996	-0.012636029051387285	-1.1711688560909872	0.5384601411057357	0.20171643172710155	1.160169487836732	-0.3461261149818017	-0.15653833923810587	0.2235776077142327	-1.370387012514185	0.01377044854008821	0.03796421870649633	-0.8997057069894229	0.025942308502504435	0.5807420551202231	0.03684519797109778
Br2001	-0.00841288	-0.00158386	-0.00370578	0.00762379	0.0246341	7.4	0.1570579485412937	0.98199	0.0	0.0	1.0	0.870990155624179	0.07877535082362126	-1.5773034705529931	0.5578690287084214	0.9835583276617069	-0.1527516620289881	1.597570974358943	-1.6629261726119826	-0.38352553831747593	-0.51272288394315	-0.7717958808413792	-1.7341212208037866	-0.9617487271792119	-0.3130673365602323	-0.6224708100150801	0.7844083776181416	0.5754806806122517	0.8302535977366482	1.3258239844399309	-0.8487325623834379	-1.044104916514565	0.21506645474739877	-1.7956941230158192	0.1735617920357662	2.022370936362835	-0.5221555174399611	0.8740188135580158	0.003718298704297653	-0.17300080039920876	-0.6921682976788736
Br2322	-0.0127437	-0.0128641	-0.00317034	0.00709652	0.0358601	5.9	0.189859702963604	0.979521	1.0	0.0	0.0	-0.6114491901095643	-1.3246301401036942	0.9682964376412897	0.8211499532051728	-0.4195564054430751	0.6686054553072776	1.4687965924672286	-0.8742961475967614	-0.724125076378962	-1.6203223710190557	0.19879572474602478	0.5006364224122212	-0.6847558155804604	0.45893491189520774	-0.18782864530300675	1.3963870405922891	-0.5738767557613415	-0.18582331937296637	-0.4238827710072621	-0.4379833550975306	0.7368000682370291	0.7895494535361044	-0.7077377286422931	0.40599679598631644	0.35638717998410163	-0.06182337888652763	-0.4752816514434662	2.552248934404787	0.5306596470837348	-0.8143786148723294
Br2454	-0.00902018	-0.00438263	-0.00438412	-0.00691478	0.00989485	7.6	0.2068671223919977	0.983465	0.0	0.0	0.0	-0.5536878127544523	-0.5235238213678916	0.48835778679619474	0.35533328566671707	0.873045607709379	-0.14139534688690286	-0.03860890595681058	0.0011302041131750447	0.666911624551464	-0.9281873547075016	-0.3433142359230972	-0.1649083818772895	-1.4911635554426517	-0.515097676628838	0.028609066019656064	-0.46052114041439285	0.4271643115920366	1.2551896180278581	-0.44213632815916315	1.6925936659842427	-1.2091065862288588	0.33187480428394434	0.5217126753389181	1.148951788117426	0.7745430417403683	0.22715083045728765	-1.7385180405740597	-0.04287525193930122	-1.7323148791580183	6.847143716494631e-05
Br2425	-0.0107728	-0.00865618	-0.00319766	-0.00044396	0.00524012	6.9	0.1863788636167561	0.980874	1.0	0.0	0.0	0.46952467138512216	0.5683248365730734	0.3925317855170741	-0.42800101421236786	0.33881312298051247	-0.1543678200431402	-0.35182127557834986	1.0735447288141435	0.6968154255987463	-1.9692044560220532	0.003635492413466553	0.25342245494357135	-0.8231715944460636	1.2819220008423213	0.24072997907740912	-0.3063623541893361	-0.15839987441512057	0.6473368160940487	0.5899207409096286	1.833925778512026	-1.6400732265350728	-0.20899291747992815	2.068774601137116	1.0190089588267481	2.300825934710728	0.4750490089481804	-1.180778030718408	0.9016775660862629	-1.4912867889572523	0.4979992509919882
Br2474	0.0135166	0.0402383	-0.00185013	0.0160023	0.0310663	5.8	0.2050439650181716	0.978408	1.0	0.0	0.0	1.9608405031738783	-0.9658805125252702	-1.5040017706198068	-1.1217220618632955	1.1681856736421183	1.1865013236591668	1.8426721546949443	-0.5952125159612948	-0.7460685272373442	0.5203337459059311	-0.18991103762484615	-0.5070339231479345	-0.24064246143280363	0.9815082547353525	-0.8194055126184349	0.5852585516637866	1.2623153442014803	0.2372043102544281	0.05328799802339848	1.1544076371652694	-0.6687359866443452	-0.22494909972306462	-0.4581200964661801	-1.5179226045225276	0.6658519714881208	-0.1103200974717894	0.8635592753276744	-0.8262419889549014	1.3337588775948594	2.395591842164296
Br2521	-0.0100673	-0.0100092	-0.00340032	0.00718409	0.00836182	7.2	0.1752105253374577	0.980491	1.0	0.0	0.0	-1.2367003456031564	0.26628933574317354	-1.5319574487690764	0.4910180109278384	-0.21852995788504193	-0.6460476104287812	-0.21347321986429826	0.2755010838384284	-0.9771533413072351	-0.20726302576898542	-0.5813410763789725	0.2935481758649976	0.006500743677992054	1.1346027688901978	-0.1537343261032678	-0.5281417176114719	-0.528127461924331	0.4706798365713364	-1.2030628584467453	1.0015144246014462	0.006258383160339301	0.27183514174235585	-0.32351420399465003	0.008798695042180216	0.011966438749348121	-0.33190470521315235	-1.7579515056084591	-0.526747161368994	-0.6906936170041216	0.39604376922340273
Br2542	-0.0111496	-0.00951911	0.000971897	-0.0136482	-0.0896144	7.5	0.1651517488143674	0.980681	1.0	0.0	0.0	-1.4200608252862845	0.6621896455211247	1.529462224680629	1.226506119315882	1.3724306134104836	-0.5628482149694523	-0.5383904540351057	0.05147157340795345	-1.1779482599848319	0.8316072793965371	-0.849880905032648	-0.9381222810800508	-0.7594791098641822	-0.7090749327953417	-0.27150873010992577	0.04835281164009221	1.1129254443699432	0.7160661398718441	-0.6724099136762185	-0.0319717113530609	-0.7433689997034139	-1.2064092049019846	-1.6886490298638648	0.05324724699021797	0.42896403329951965	-0.29197169374490045	-0.10344620739011934	-0.7099546508272386	0.7593772927584225	1.9186750318753631
Br2557	0.00569124	-0.014477	-0.0130201	0.00343816	0.00183343	5.9	0.2003449057517604	0.977905	1.0	0.0	0.0	-0.34274170712338753	0.14871582248952087	-0.38321024079841487	0.7220445808084366	-1.3646451463064917	-0.21374212039615192	-0.7123464489041755	0.27644921341212747	0.8570828467445182	0.5004993536366067	0.3040711782807845	-0.2723127161617718	0.41899265119540496	-0.3630672826192447	-0.3200939548663578	0.6330748582112063	0.19126283885987194	1.0228165867617331	-0.8271746700639551	-0.1882395492678635	-0.877013767716543	-1.9711812571656315	-0.2698362054771212	-0.40258618529605916	-0.5736535816349576	1.0714590710371341	0.15008303517599111	0.6224854885541485	-0.25081668741829816	-1.4952382195436724
Br2573	-0.00364531	-0.0101542	0.00257029	-0.022155	-0.0951784	7.5	0.1624578644179032	0.976283	1.0	0.0	0.0	0.06272494599039335	1.3665615657213006	-2.1080969459122967	0.7371254596275697	0.7369186086169824	0.8299107559492191	-0.33036934400853313	0.10298564776603453	0.042823268381063984	0.3046704000888488	-0.9079158429011914	-0.023575749283372843	-0.19212301340990373	1.717684713755613	-0.24397143431078422	1.2681949099334875	0.1175726904721905	0.029018935491543316	-0.2945275934130097	1.3364965616117634	0.6896316372808395	-0.9895237961113982	1.4050797015981351	-0.9286897784262554	0.8560814588683767	-0.7036177218953223	0.9720171026628271	0.5915111373125791	-0.6337146015034565	-0.29195477669988806
Br5276	-0.00819243	-0.0155405	-0.0116892	0.00360164	0.0239518	5.6	0.259334048106153	0.976247	1.0	0.0	0.0	0.45521268797053677	-0.41337663404769026	0.4234881653540738	0.44430577536415494	-1.4226454419255246	1.2454990980448999	-0.19907327701478011	2.408702122054591	-0.6519017875629153	0.6481079727500608	0.829793355613606	1.2138907344543732	0.27671341561169605	-0.23786771572457002	1.0607757800543092	0.12803486110432252	0.7903170720838418	-0.012028556432814606	0.3451648350933158	-2.021133920096128	-0.6735667657202391	-0.16402337261846514	-0.6014497226683594	-1.4577518966790608	0.9714713103378129	0.5797212341126534	-1.0503856584430031	1.5373983683911852	-0.22923457752117563	-1.4743779195455091
Br5280	-0.0117965	-0.0106602	0.00309456	-0.0140327	0.0238785	7.8	0.2052650676919883	0.977203	0.0	0.0	0.0	-0.38429630572147666	0.984428123428454	0.6158341517345601	0.2617525855138125	0.9541950988474001	-0.9850059398026214	0.1776104170269619	-0.3789586376192601	-0.2995297748532461	0.7875260307229548	-0.9631772866154023	-0.38608597802728606	-0.9083400685623286	-0.11318766687026567	0.2386500438717213	0.40341957703407677	0.7757330877003571	0.3011022996669914	-1.6773450050813872	-0.20343262441341523	-0.1006494752026546	0.3462779030324519	0.05200797497951957	-0.34895175205200096	0.47364237348494614	-1.401723865796726	-0.882782304250404	0.24781247497425288	0.6574179540049083	0.20458543776809338
Br5348	-0.00542227	-0.00246813	-0.0082135	-0.00180481	-0.0133066	7.3	0.1652466463780806	0.972917	1.0	0.0	0.0	0.6196348587258258	2.1626680394243256	1.3091498725643342	1.9844900445054041	-0.12562733203103818	0.06651079374597053	-0.40913938007577355	0.47247605711139096	-1.797029008507577	-0.07414302053718609	-0.9684256026382219	0.21506326896593156	0.8920942670791436	0.5516870516314412	1.0394052755427334	0.17376666509747793	-0.5849061921291138	0.9497614809139046	0.3668855510114848	-1.610914782490333	-0.8853545214091674	-1.0056757969256942	1.2405188565541845	0.9484086626589073	-1.3641277894339519	-2.194176393219817	-0.9355682557846341	0.22004362653454226	-1.484855449396803	0.27998887642941445
Br1204	-0.00654461	-0.00146344	-0.00294056	0.00556689	0.0189882	7.8	0.2855533319744672	0.950542	1.0	0.0	0.0	0.2462857534639484	-0.14932271826225546	-0.20447561044639587	-1.8448765202121589	0.5449500405130172	-1.5932935230546912	-0.39747139149688004	0.6067695951212484	-0.4901632852644061	-0.22447284809144985	-1.7296675835752637	0.15789990705906928	-1.544797145823214	-0.9678149107163224	-1.2937847600484547	0.622420485825781	-2.571214429239195	0.5761607965115373	-0.29050073639330026	-0.4257399473847118	0.288622366162044	-0.04837967436228511	0.15652819941957263	-1.5637070552791688	-0.7990473622182237	1.7367586774108354	-1.0540872790070892	-1.3432072065007428	0.9865728962124526	-1.1788542519345766
Br1384	0.0419914	0.122623	0.0126388	-0.0037083	-0.00699323	7.9	0.276276870245932	0.957267	1.0	0.0	0.0	2.1822355338675425	0.4387895321058744	0.986907584179484	-1.033332078020879	1.0514868281421608	-1.1347028072639447	0.6185788953283777	0.7526324014223842	-0.36130085032971676	-2.0476862042491843	-1.200422044078275	-0.30971874772797287	-1.9943039923647599	-1.4433791825521223	0.8873176138517186	-0.20728956787004313	-1.7545273880895136	1.0928438568064252	-0.1986500258200748	0.6276927229306126	-0.2095153954989243	-1.23654445914413	0.6294012362775865	0.3399847681184299	-1.3021558116690366	1.4592328823937422	-1.10185834388962	-0.36219285087966013	-1.0684180625852226	-0.6169422467058406
Br1436	0.0331909	-0.0183912	0.0452915	0.00386032	0.017334	8.7	0.2397956623016118	0.967816	1.0	0.0	1.0	-0.40049112188336805	0.5249786131753731	0.38504186730332773	-3.378876001487105	1.4757453166695953	-1.705809668866505	1.7690517179682117	0.6981855030373564	-0.4685720370367855	-1.4871215288021238	-1.4297731230760848	1.946374015435094	0.005206088008244075	0.9694202751815811	1.1888463577634212	1.7439015302750935	-1.2639424406673683	-0.25965536132764466	-1.5672662962940012	-1.5042627581610992	-0.12744126480375742	1.0949273505399575	-1.254589500837654	-1.2064278209012096	0.17453553952531034	2.667231485372218	-0.848937888585791	-1.0847504224993358	-0.04593058965880307	-1.6352477004399477
Br1469	-0.00822276	-0.00239405	-0.00533507	0.00922683	-0.000580785	6.9	0.1867679332205076	0.980468	1.0	0.0	0.0	-0.7026108648518662	1.1049215036906135	-2.7133794515342378	-1.5152297195904734	0.9840695104373027	-0.7868076295105095	-0.4677851896076462	0.39040229410803684	-0.1324376711109855	-0.7407883684716763	-2.763311313665429	-2.143303817508683	0.46776133867199404	-1.9553637257371272	1.0232364431935759	-0.17387015449974638	-2.0485205990765385	-0.769933145645287	0.19721611169670641	-1.407423236152045	0.8164085253733859	-1.0688966083614881	1.5798713512274793	1.3301574157355607	-1.1059384690455225	1.0366468337790948	-0.8681626354983935	-1.1385500621492284	1.2921062334294802	-1.411925694906677
Br1365	-0.00831398	-0.00856701	-0.00814999	0.00489856	0.0182421	5.9	0.3492660588359869	0.971829	0.0	0.0	0.0	-0.4313423714820489	0.2452891134756006	0.8636224289083089	-0.9570490825878112	0.140408413940656	0.48283495538550975	1.217479511180999	0.13448534914626595	-0.9846711402425934	-1.5893651875715995	0.03067953437427657	0.34440045939686376	-1.1791630427416184	-0.8371453977548379	0.4613521200199072	1.5594307126181506	-1.133400630773761	-1.1570516955402046	-0.3220816270721808	0.24614990082611088	2.70242136729454	-2.310228802633607	-1.45459097298436	-0.5859102145498443	1.2926667676303372	-1.2526376224494062	2.836796289220342	0.29691245716815784	0.15623620465963545	1.2227262714295672
Br1587	-0.00569328	-0.0100568	-0.00139412	0.00408973	0.0274946	5.0	0.3900884681930046	0.95563	0.0	0.0	0.0	0.2693283407712762	0.6393134712402072	-0.47883326901007195	-0.1961246977845842	0.3053990726744157	-0.25643903051635747	0.8924250158383633	0.04884355348089285	-0.0174865396118568	-0.6776128097512897	-0.3492056488419063	-1.0764120021046144	-0.465113836020066	-0.7396417732926533	0.32565272890257596	1.1954019598937953	-0.6835880742348134	-1.637210833146718	-0.6278634669387994	-0.5862203491067749	0.715462191232124	-0.6532617500397883	0.17740351082310976	-1.2275641885348687	0.2988667807913258	-1.664354788517213	-0.11436157383962307	0.549229552666484	-1.0843155633786707	0.008452527583500052
Br1493	-0.0112264	-0.0172459	-0.0015526	0.0101589	0.0139611	5.1	0.2649209469218292	0.962452	0.0	0.0	0.0	0.5078279615613115	0.8335514928033503	0.4814401580354593	-4.054912289021475	-0.40527850673540944	3.1039327484698322	1.200779068899168	1.7235491899822053	0.6819442653470826	0.17771115259020834	-1.5164493636444842	0.9728955683534566	-0.3040612294613751	-2.0719219088392653	0.06160483488775331	-1.309433150711173	-0.9292610630511084	0.6804115699383775	0.5111127321656043	0.23341508592133664	0.25938580855531	0.9103068254893847	-0.3863445186413753	-1.2193992336418666	-1.1388999877780037	-1.690439866793896	-0.9723367239512711	2.286156499504942	-1.019990730051218	0.286569416405134
Br1890	0.0123051	0.0435404	-0.000699733	0.0102782	0.00466762	7.8	0.2970426000954813	0.957856	1.0	0.0	0.0	0.00321371730283123	-0.969933572669268	0.6396681777474924	-0.22516254525519758	2.6372066314987896	-0.08260813963364605	1.8139427142976936	0.08924454987287336	0.4055759187765144	-1.299424168193119	-2.5714421652984947	1.574415365471215	0.2919375496168637	0.9022687644637912	0.7190831907438602	0.002040643458215982	-1.6427217538426004	0.358184187947055	0.06120264866270297	-0.6422283525634064	0.3736952402903816	0.0774749596768941	0.8455853972131532	0.458923519532588	-0.11561773103171559	1.4952905242763748	-0.4237975353066147	0.053102271802449454	0.15417643042723425	-1.5996001624556795
Br1225	0.0427852	0.123787	0.0132043	-0.0104652	0.0134177	7.7	0.2064576751349954	0.971524	1.0	0.0	0.0	-0.42282527035276907	1.372025320191536	0.8812167430539768	1.1326568984897125	-1.0593239058903543	0.7534337114361571	1.0841912915362288	1.9749856023078542	0.6098591256440967	-0.25753169568741563	0.1048005661580312	0.18128490649880405	0.9642025293374534	-1.8797393271620002	-1.4862005783241252	0.3188742847798806	0.5637682274152512	0.08067057293413378	0.32876210733206057	-0.0835785380998297	1.484111847149618	0.8389313875194228	-0.10785380761917901	1.0800805692181334	0.8882223370954716	0.30901963050929865	-0.10615391886625868	-0.5234311634473161	0.14504560100813083	0.8875188317023109
Br1243	0.111378	-0.0224393	0.114441	-0.000789926	-0.0136124	8.1	0.2044376543968802	0.974404	1.0	0.0	0.0	0.3771137872899283	-2.1270760328090166	0.13351021592883675	0.362402166797873	-1.0793386164915457	0.13921996286174448	0.4038737989298745	0.09997812769462358	-0.1631267690382285	-0.706891571586986	-0.18518667600223668	-1.2508729948826058	-0.2035594604133449	-0.8708308462751697	0.735236090863847	0.3635848398689176	0.3172616692426102	-1.300600925096481	1.6940108178888214	-0.20849710525704288	-0.15847456620223638	1.317327383541337	1.0566986316000637	-1.1824555549015947	1.0850396554518267	-1.8901089910013456	-2.297162860559769	0.2381553433647858	0.06354617993607996	0.8567608111335612
Br1279	-0.00183629	-0.0111445	0.00519037	0.00739412	0.0142118	8.4	0.1837362114071409	0.968844	1.0	0.0	0.0	-1.7609716775642923	-1.1975868900040412	0.5530836979494483	0.08180976444530934	0.5140458102180552	0.6897900580546161	-0.18562631551101952	0.500908974550534	0.15409761145289846	0.7250018616136953	0.5053580829070243	-0.8396472445912128	1.7305886289137495	-1.5461640177806328	0.164587254037587	0.3154098032786911	0.12133313873949504	-1.1241587101459585	0.046522769605857536	0.6309602464929739	0.2949141263109953	0.012626496127721374	0.22465793698795913	1.013747667682452	-0.08784114408715522	-0.33908155796495726	0.9422288628038701	-0.2982384763931185	-0.9241756027502398	-0.3161718587097984
Br1203	-0.0070475	-0.0086062	-0.00220672	0.00115064	-0.00315698	9.1	0.1984229468192485	0.9665	1.0	0.0	1.0	0.9510216654373169	1.5279303215285251	0.06649905274730938	-0.18016020361025048	-0.3168817900950005	0.8351908731680664	1.2176238257175809	-1.16583280780531	0.7596639807383608	0.11042630642684455	-0.2655994367030348	-1.5960491724124566	-0.09568049338704952	-1.3656250637417764	-0.4389154638391435	-1.0262450710553104	-0.6605025458127946	-0.8143584995778635	1.1830503020966132	-1.1957596156201156	-1.781835196966851	-0.2739187253768829	-0.6737386312065563	0.17136587030138214	1.9412668252949912	-1.1700906270513873	0.9625374903304881	-0.5823272380529072	-0.2758939543437344	-1.9584641199789314
Br1214	-0.0057542	-0.00408158	-0.00297066	0.00296659	0.0246976	8.6	0.0175214030058985	0.966883	1.0	0.0	0.0	-0.9183954517657992	-0.8660779823856779	0.2708186294765563	0.35844992257175323	0.929235369650222	0.6971233996804622	0.5875640996614244	0.48730036003766053	1.3978039233099715	0.005267072785865941	-1.1658243254689529	0.404100435729406	-0.5741864435158189	0.29547577408879305	-1.327626908942223	0.12570562991723447	0.2254809456986556	-0.89969486794546	-0.17584771703057683	-1.1063706215332634	-0.4313143951614591	-0.6072914129888557	1.306191440696766	-0.917406478933998	1.4828503276490401	-1.410040762229634	-0.7224132712761508	0.7882783593664182	-0.03905975125653134	0.09368797026331119
Br1304	-0.00537797	-0.00941365	-0.00629146	0.01639	0.0195898	8.0	0.0204062167878291	0.963427	1.0	0.0	0.0	0.7726052281827356	-0.5794778701537724	0.40859435244422115	0.9084758148865996	-0.7475342171717525	-0.1597544060405156	0.09852908592827511	0.3657427053589901	-0.013391411347087228	0.135494791569994	-0.807917110357022	0.08527974045987131	-1.0378102325739458	0.8894332938624016	-1.4432305251513275	-0.366000656145405	-0.6840651395819617	-0.9672981215704907	-1.6345249398227546	-1.0735045948903437	-0.7025562101710436	-1.4158896819126756	0.5535408107031167	-1.3541247125116196	1.2160896449544403	-2.3317612592668517	-1.8563438324139723	0.4073010428971049	0.7350935095262449	0.9910036419891208
Br1842	-0.00812942	-0.000792218	-0.00380578	0.00971163	0.00611552	8.4	0.1866962808582747	0.971613	1.0	0.0	1.0	0.4550187670587458	-0.6338969503274564	1.5558761920860853	-0.04710894295827465	0.649677287500415	0.850927705002983	0.7907554351828766	0.05672239893768929	0.6530467181688827	1.4019994234611757	0.3870794069336759	-0.5561793458390794	1.144792093473076	0.1472489590578725	-0.7536557727573021	-0.46257777024317887	0.0125962655240187	0.9446900934061584	-0.7688288256808926	0.13099888592227016	-1.6925419908926074	-1.1384808097966492	-1.1573635118613286	-0.226558502117646	-1.588259932748193	-0.272899167025192	-0.45237753451442314	-0.2978269263551489	-1.2401162000455899	-0.6027426822386954
Br1936	-0.000588209	0.00182801	-0.00110768	-0.00200951	0.00492184	7.3	0.1799676390678377	0.971791	1.0	0.0	0.0	-0.5526335718176533	1.28483210800458	0.891849328137807	0.4291495209361078	-1.8637378880044717	0.5440632200286178	-0.7148133813253078	-0.044753420381019426	1.8331760230983354	-0.3104217258667391	-0.27317690539517026	0.33343404156272555	-0.3560048423194524	0.8089432573752761	-1.3927583763183324	-0.2862953185273974	-1.4612594414078004	-0.5142620892816703	1.1805850543284822	1.2504970180537842	0.8516735413307637	0.23460872388300238	-0.7941074869650044	-0.2790178783628327	0.0435313240589461	-0.3612273702338816	-0.900105488791861	-2.030565073337018	1.541419812883008	0.756826936154978
Br1909	-0.00623203	-0.00855844	0.00285487	0.010124	0.0092709	9.1	0.0139047613777245	0.972283	1.0	0.0	0.0	-0.21035898625933994	-1.2361536348558204	1.4679870891475657	0.8607523991854024	0.40863718293083684	0.8646896076347688	0.5027294878560862	0.19668888107887994	0.5077232735985553	0.3638193764754601	-0.7938517048159139	-0.033360444498267965	-0.4015297643292656	-0.2378610190668255	-0.04627239765579057	0.3470196298432114	0.18439638329006247	-0.22246264222698253	-0.7916856196176706	0.06684312904796462	0.13861551500804203	-0.28795655425133504	-0.14779537070272486	-0.1669810051395518	-0.8355796613634675	0.6994081983991791	0.14534265783153388	0.43774832788599594	0.22223048108799567	-0.369894888697826
Br1923	-0.00626776	-0.00408291	0.000292455	-0.0144121	-0.041357	7.3	0.196089039798139	0.974629	1.0	0.0	1.0	0.5358130758928655	0.5383706187449159	0.4411956905746996	1.3867648758887074	-0.22902503611539238	1.279984113512228	-0.11966891755950546	1.9636535146958236	-0.7597775673057897	-2.1265148690841627	0.757524153005763	2.5399185413290266	0.06037749077234716	-0.23357641937753706	2.023317889589247	0.03368614767595795	0.6135060119663143	-1.5678566866214754	-0.950930196983079	-0.21768978527582786	-0.03973237584877937	0.8220086926562135	0.7441571819496355	-1.7171820855810251	-0.8611211631377595	0.17925496956664747	3.8308388201466252	-2.1040742909533763	2.4028084995399412	-1.5198339455938583
Br1995	-0.0108209	-0.0105331	-0.00379471	0.00236161	-0.00563876	8.4	0.2446967280698213	0.981808	1.0	0.0	0.0	-0.08010188810839523	-0.7993737240427986	-0.1272213438976806	-0.027261299912388938	-1.7057813301334988	1.1475927628602898	-1.485417039979615	-0.8658512851609466	0.9143088446484252	0.2239253825852375	-0.5824448658428306	1.0574470168001686	-0.8643547851388355	0.4401000739008207	-1.2413867551956053	-1.0921106941042678	-0.11819458621508909	-1.0218647298814092	0.05258605107806507	1.2079901103716004	0.7273018570213274	0.17751645756526976	-0.7624129758053655	-0.55704241925842	-0.8101157752035076	0.8171578778976686	-0.22815197220507602	-0.9956653630487718	0.4663684257324877	-0.39115617926741125
Br1998	-0.00113897	0.0036327	-0.00543609	-0.000245392	0.0128872	8.1	0.1798084655178202	0.973035	0.0	0.0	0.0	1.4236790049114172	0.12062074975486821	-1.380805197914435	1.230693513262792	0.5186485944159296	0.6172460109241071	0.6660037622065419	-0.6470512369036563	0.8729766362866994	-0.2149132115611476	0.523269769500991	-0.428824897021752	0.48596200362971886	0.36328909356894085	0.11517946974429963	0.1104334669982644	-0.04247814778192282	-0.2704182446746892	-1.1845583236471688	0.5209897394165095	-0.1679775122219256	0.5929993054718014	-2.124214219379989	-0.3671996875924823	-0.19157454627808662	0.25640607010761535	0.5215577371882042	-0.18486340134370538	-0.7216032528750081	-0.2572588475963346
Br2005	-0.00250344	0.0120932	-0.00944609	0.00804305	0.00603952	8.8	0.2132344491018971	0.979242	1.0	0.0	0.0	1.8202701965414243	-0.3704432424510975	-1.7649208432431682	0.8614666937927449	0.4025978841729737	1.0348124936348357	0.1280859228359913	-0.5887139128184268	0.09590298791649185	-0.6925444041705044	-0.5481541382157031	-0.20363475109102688	1.092523505354686	-0.6634825361063783	0.12162556416869873	-1.3914876820053859	0.36250065496405276	-0.7239924349342558	-0.7849028788203558	0.4650266890905467	0.3303611349730155	0.3365126940922812	-0.08419337869373969	-0.36731805304810344	-1.6706152276450923	1.2293017445854406	-0.16598359853751088	-0.918595441372282	-0.03188477112601253	2.560080324420196
Br1960	-0.00633823	-0.00287831	-0.00467153	0.00964756	-0.0240178	8.1	0.0160748307501029	0.968904	1.0	0.0	0.0	0.23171425815351956	-0.48606847311156015	0.14094269036524057	-0.519350206601162	0.31628266162247043	-0.774985176127415	0.4171248767304278	0.33124242007097227	-0.23529815892663108	0.4114346195333339	1.0477117584883175	0.25640752355899704	-1.7024307478122267	-0.37430512936422555	-0.14614738973896882	-1.7385465053809661	0.4829983017170065	-0.4897009804831628	-1.5617914591505406	0.5173233194800403	0.5433677907223889	-0.2795866205357026	0.3611771429073551	-0.11162538626398597	0.30213643846258453	0.5598425121200665	0.1589480370373411	1.0123818695062041	-0.24878676360929058	-0.4900563607772978
Br1980	0.00206329	0.00606532	-0.00259543	0.00580271	0.0130413	7.0	0.2560940913694893	0.957891	1.0	0.0	0.0	0.714437291441087	-0.4168814401561287	-0.6946964985438646	1.1372725352607684	-0.22548910642938116	-0.039300253392541985	1.9376871610168385	-1.9893435134140596	-0.8033724122555543	-2.0361560386779325	-0.02563094595929602	0.484921892533814	-0.6894019138649615	0.1560612605073982	-1.4531254504273186	-0.1167979941414422	1.850232545542696	0.06108563071241217	1.3729011356247107	-0.5468376759330228	-0.8474594618610389	1.4167045996866878	0.025562395683103794	0.3302262626281823	0.34641304549056917	0.99291659825679	1.1298524928694498	0.16861379310509836	-1.740037761619192	0.5021556599371246
Br1987	0.00958993	0.0302291	0.0104715	-0.00135846	0.00270585	6.6	0.0120678998479452	0.974343	1.0	0.0	0.0	-0.274694298379091	-0.22432566236272958	-1.7474150409648166	-0.5458727279790213	0.3750793741825046	-0.07478769568614745	0.47832707761020443	-0.6198180862545506	0.2584510898427405	0.3222180406819681	-0.08761346893217489	0.9357078471789986	-0.10828785210587198	0.2776160300130404	-0.9415764200281096	-0.7220345751922786	1.1404281251913273	-0.19811831898474166	-0.6486414308536358	0.4837643396072463	-0.8270308406721361	-0.44195479342064786	-0.3395700433262656	0.0425995841357893	-0.16102303169605492	1.3037771542146275	0.39871375770599843	-1.250041076805253	-0.2793833515200195	0.7555351980836372
Br1417	-0.00634153	0.00220866	-0.00393371	-0.00145911	0.00693238	8.5	0.1825103434928474	0.972476	0.0	0.0	1.0	1.2914097067145736	-0.47540325315995347	1.1676600674058109	-1.2404720788297323	0.20583637359951815	-0.8982316588743485	0.31361821550129004	-0.31169118110731686	-1.5355891793444145	1.0403319639285913	0.782906487855825	-0.3964229201861029	1.3765093528654702	-1.0522764737246157	0.3502114222197123	0.7007445915515915	0.1888854907157803	-0.476572290905229	0.10106235392257518	0.45289379758301473	0.3814035746768855	-0.7646270076082441	1.6959817066349747	-0.2661494641032876	-0.18462967209862308	-0.7153299142289478	-0.6256896782398432	-0.5271926387914411	-1.0425249353818058	0.309835387436253
Br1093	-0.00484183	-0.00142095	-0.00741066	0.00307332	-0.0176664	5.6	0.2319089836090677	0.975056	0.0	0.0	1.0	-0.9408494239827919	-0.2360173346935628	-0.22225449923458074	0.17258682708122441	0.944008723982507	-0.9034002913387122	-0.08477068612803021	-0.31391911203259004	1.663353799700457	0.9190825693898901	-0.026477613160510116	1.310507359991996	-1.1077381191129232	-1.214218740068048	0.3606984281899221	-0.8755637556294225	1.9412328288327372	-0.8200757393415659	0.6641795575733452	-0.4239298098149875	0.5676618222925461	-1.9490999282270012	-0.5994595093291227	0.7712649021529264	1.5158670924720905	1.8646481061282805	-0.8818208540708786	-0.6115702618951855	0.6208717045039446	-0.7779467658701915
Br1113	0.028523	0.000140697	-0.0189991	0.00473655	0.0310797	7.9	0.0155688674745292	0.976727	0.0	0.0	0.0	0.5324659985863739	0.4816489225564377	-0.11504838354781863	-0.23150526060623564	0.4883499976438059	-0.9001008622083113	1.0040662181147857	0.6456368276143457	-0.8227642479271894	0.57277410276969	-0.7954746802036298	0.645576400860361	0.19013671562835993	-0.9614012331179747	0.02814512845396135	0.03100336390930437	-0.5679361684978008	0.8671676878006468	-0.7656826365421053	0.39824470610711105	-0.8106743686811966	-1.5601345664857067	0.23889673635186734	0.0319976111012828	-0.04617351883966401	0.10089112599399269	1.0724767562477904	-0.15591528905607432	-0.03226695981541397	-0.6442058895488278
Br0922	5.32662e-05	-0.0108955	0.00516521	-0.0139156	-0.131564	7.4	0.2215300630843619	0.980888	1.0	0.0	0.0	1.5156064918896528	0.8632349650120162	-1.2660011604862396	0.19820389259222304	0.48140108432936474	2.3604210974232096	0.4373037939906235	1.3091288577878424	0.6791752663972246	0.43273246128486387	-1.9168498248347388	-0.6914957190314857	-0.2988146715867952	-0.6687844485582194	0.34019829751421343	0.3546076647715514	-1.0938226769590709	-1.4815514387782134	0.27170744259121693	0.43057777964069793	1.438108327435323	0.12761755454431314	-0.07222838379052529	-0.16756552446278128	-0.4768333038858117	0.26706759362976107	-0.6811839603018929	1.4097484765464567	0.2160911273011399	0.700825524812702
Br1023	0.0441544	0.118148	0.0146055	-0.00107632	-0.0106683	7.4	0.0143405649824892	0.973346	1.0	0.0	0.0	-0.24824981254469244	0.30348074379555645	0.28961228511831577	-0.7953716484105708	0.9289690200714991	-0.18390764096099976	1.3251498726846866	0.24006789614746388	-0.1616886574604051	-1.1006372730721554	0.42397573822935347	1.400159047823	7.650241409093094e-05	-0.37275617167030567	0.5853312553603292	0.2777842335475804	0.7426789206037733	-0.6626944056734976	-0.30156139822346983	0.1685172380132382	-2.128876312953826	0.30370190781477535	0.24046691883578142	-0.18658899957520741	0.7350745474461602	0.6256375333012275	0.6215466369464875	0.1387024688294635	0.04341910477579217	0.13901858738173922
Br1183	-0.00811196	-0.00206009	-0.0105454	-0.00238451	0.0167652	8.4	0.2033579737281979	0.972389	0.0	0.0	1.0	0.6999326063437342	-1.2256593995558345	-0.7345779016925126	0.6539424387460888	0.3493859069445026	-1.931631100326685	-1.2909403116005624	-0.10443758918513808	0.13647278649287076	0.5097036074889515	-0.7358421810171735	-0.003736404131562007	0.08420116898559189	-0.948550283937341	-1.0808405732204058	-0.5705156017543674	-0.3157912606100963	0.9699061067598289	-0.28283293952030486	0.6463415001515342	-0.24804995501922467	-0.766605181734167	0.17001954829261115	-0.06831570346145917	-0.8458876338649552	-0.3466332659991816	1.106977416052735	0.06015479480256053	-0.13060929046543907	-0.8008717858578421
Br1624	-0.00353607	0.00189066	0.00342893	-0.0102098	-0.0145984	6.4	0.3436707438285206	0.952911	0.0	0.0	1.0	0.20981377382111857	-0.3258029473351685	0.2271310473632974	0.5550190521136423	-1.931554593555206	1.1886066771248658	-0.12064752792643246	0.34837687925818184	0.9209776537346361	0.6556945560111141	0.4598279187521745	-0.43845843439633636	-0.9515029321005577	-0.24231261737471094	0.7021453893963693	-0.21118393778921593	2.7067372937690717	-2.798418223719165	-0.9731005674737887	-0.08766511103895742	-0.1407792376167959	-0.34561553641208387	-0.8539291663224758	-1.2210336873044352	0.06208617677633381	0.21384693938035546	-1.2221431027243808	3.37221137613261	0.6498095072880905	2.111817885620513
Br1373	-0.0042961	-0.00308922	-0.00593422	0.000628157	0.00200793	9.7	0.0899873125518811	0.959669	0.0	1.0	0.0	4.63166123684043e-15	1.6722714649084195e-14	1.0641031876952152e-14	-4.755935892545634e-16	-1.8421663989094524e-14	2.7592428495819135e-14	9.309091702143257e-15	1.72425561302536e-14	1.595664578180122e-15	1.3159633522660944e-14	4.98120808647203e-15	-8.720336134009981e-15	-6.082668175208641e-15	7.018029530980301e-15	-4.377832336909132e-15	-2.8180406136184863e-15	-4.7668779646541194e-15	2.7453365012242427e-15	1.142521576763426e-15	7.063074779699114e-16	-6.1899548417005225e-15	-2.9796152110696632e-15	9.80047869150597e-15	-1.2191112445352132e-14	3.590380253557864e-15	-4.1559711364291195e-15	2.3558326303562103e-15	-1.1936954137747966e-14	-1.0054494398542695e-14	8.202626336406728e-16
Br1498	-0.00656618	-0.00282935	-0.0013485	0.00777073	0.0203871	7.3	0.2061217219625494	0.969975	0.0	0.0	1.0	-0.337085767317849	2.1109737333699456	0.28126637865963205	0.5922940981094535	0.9725679688263497	0.27376144986685724	-1.5269720534602425	-1.927973383004227	-1.1444146939255906	-0.07168552638043865	-1.7137085890674677	2.2443759240862007	-0.8366902377226528	-1.3064614901793874	1.4646786074901341	1.782930849757556	2.2714544072942333	-0.16604748520764787	2.976222327644064	2.987001763545511	-0.15416358266692162	-0.6704080563751147	-0.1483364329872165	0.4216468752091987	-2.337853437597583	0.010110015835849057	-0.7626411225134253	0.7800380946256231	-0.10318647451198723	-1.5348951731783214
Br1518	-0.00151466	-0.00976493	-0.00920952	0.0122649	0.00454306	9.3	0.2514230435204003	0.96059	1.0	0.0	0.0	-1.0448375598496513	1.749755997700103	-0.1971195785894621	-0.9388368753876044	-1.347780732493643	0.3900241814697623	-0.26076578593879773	-1.3556706873347801	-1.3155485359952304	1.7738731881780523	-1.3297814942332693	1.5934526652445256	0.9915958828405688	-0.8248306633137623	-1.8487674629286681	2.526949662227074	1.4155770471585198	1.955361987351011	1.6248953552411711	1.8622232053399972	-1.6223125458122019	2.1969330014976	0.49851223546649426	-0.5947516084371869	-1.3900857368481327	2.5205239692606267	0.6585535734467204	1.9744830590492095	1.5868251916293443	1.2600539304226046
Br1524	-0.00702879	-0.0163837	-0.00283932	0.0130438	0.0144236	8.8	0.2517591159278777	0.964066	0.0	0.0	0.0	-1.0734076540519115	2.093744432826602	-0.6607196992398435	-0.7280705228622036	-1.7201254360601095	1.060544880410519	0.08229846434156345	-1.0259957876756867	-0.5187776186161347	2.4527095585230243	0.2724767788944903	-0.11928486943325539	0.8101398807292304	-0.23738313665145996	-0.40511178457971475	1.2538783793041708	0.9755168017942264	0.9200991279738503	-0.5830514194020721	1.4293543382982172	-1.3540927439633386	1.765954531711581	0.02560608429550009	0.23151834394871518	-0.8670619241078523	2.822815026415412	0.5972847365138996	1.3579797559281332	0.19935126225945418	0.6853098830107862
Br1526	-0.00319378	-0.00113067	-0.000189797	0.00762439	-0.021472	6.8	0.1686673423330276	0.967328	1.0	0.0	1.0	-0.5028169928701589	3.158037403229242	0.8555404973968999	0.18881407100331832	-0.800760356014204	0.18075939680930916	1.1637151183891716	0.33094850218810684	2.0586214537374268	0.6633345932999833	1.2487724894759875	0.22113465860058953	0.2923324869046137	-1.6119627256780307	0.8839532528177124	0.9886429916652847	-0.9227018856027536	0.17620635328843362	-0.5878078072899877	1.0878351272199198	-0.6299828851614268	0.6213546973694856	-0.9533722434521471	1.6641927734744937	-1.3144634827779524	1.496202700052385	0.973276425717141	1.6911313912077266	-1.748466513360686	-0.381399262859263
Br1016	-0.00206243	0.0162247	0.00450021	0.0101257	-0.011593	8.8	0.2252163571360892	0.962322	1.0	0.0	1.0	1.7237321368737057	-1.2841597042069015	0.7735610807896349	-0.5331895150538899	-0.8031860034873007	-1.6531603542517799	-0.69279232805779	-1.1770930481643043	1.2083298933468887	0.623632871935547	-1.6106212944333205	-0.9541877796847558	0.2729877690214386	0.5150496872168159	0.14631385748676454	-0.10256543586467572	-0.09802580602006997	-1.3163408345194336	-0.18150239250454073	-1.675177184808432	-0.5104150914166828	0.05290218874926209	1.128589249183385	-0.06264484145348546	-0.5102714442885435	-1.107582806850975	0.31155909795856684	0.36718598158975274	1.3365924275330792	0.8578041164565551
Br1109	-0.00444423	-0.00295523	-0.00450761	0.00694746	0.00269267	8.1	0.0145743450489951	0.976362	0.0	0.0	0.0	-0.9870912811384639	-0.49119366143217036	-0.0652659166194453	-0.211044016278409	-0.49097326594318075	-0.38993125025633707	0.48432940301958427	-0.30652918159834924	-0.344741947002274	0.04609757122053488	-0.6525201129116451	-0.2530989351989191	-0.5433852486946759	-0.8303219521861472	-0.04918226376637846	0.6158812007982418	-1.0172435329780254	-0.6027625408894343	-1.1858445142764595	-1.0248481599397483	-0.5180828745955414	-0.07052061661509883	0.2900013415483206	0.8824737219477928	-0.43849208965771447	0.47796283322632266	-0.2801122497311679	0.612678318328901	1.2181592088962874	0.18565288557712925
Br1602	-0.00880518	-0.00691782	-0.0121864	-0.00405002	0.0250724	6.0	0.2014779197411455	0.967172	0.0	0.0	1.0	0.11995397900813867	-0.1217091104394227	1.1475098994034547	0.05028265907938378	-1.5078525005240857	1.0532286515535723	-0.14225565709233653	0.12798021372007345	0.2518648048278682	1.473994106026902	-0.5981878360196303	0.2885574509187936	-0.5092264215845963	-0.010773040484974848	-0.45327586289850863	-0.5855793965330934	0.17758502374843063	-1.08395514706633	1.5184344432677728	0.5957466421566358	1.1976894438344576	-1.8441260276854488	-0.7084647467692587	-1.2132207958550238	-0.93236335320847	-0.8809603039997113	-0.3261797531354685	-2.3591670503019357	1.1390485507915622	-1.6157677441514773
Br1678	-0.0116439	-0.0164435	-0.00226446	-0.0100221	0.00862866	7.9	0.1579087241033206	0.973373	1.0	0.0	1.0	1.1230210130562512	0.6174482046828113	-1.427620490632761	1.151056739354715	0.3797528738278592	0.7012054576543683	0.9618918643333993	0.6974371640321629	0.48156241638737723	0.20526739185806792	-0.6035487559131665	-2.1706087669091074	0.9173729789705002	0.3525909023730806	0.3139350287031578	0.479094068663089	-1.12384588357191	-0.4238400804751932	0.05754563487290555	-0.060720312946882	0.6653485540273842	0.307978930655028	0.6788754360629863	-0.06448368035085555	-1.1531011093365269	0.8228294677956711	-0.8973204787160378	0.3734190417148113	-0.969747360230514	0.036674830552961946
Br1682	-0.00900184	-0.00995369	-0.0027322	0.0134848	0.0189518	8.1	0.1966006374170821	0.973366	1.0	0.0	1.0	0.3373550657456529	0.5369304459029347	-0.574045534435728	-0.8692435120028162	0.12342891160186865	-0.8975381531214923	0.16020674894387188	1.7882357151199568	0.9144593644584671	0.15156140631241335	2.9749244386023386	1.28941183555113	-1.9396973292029998	0.9321939850312942	-1.3416792125132222	1.5870886707431866	-0.4971952490452159	-0.06527835632140136	0.6916891237649309	-1.65960217096735	0.4529670067542427	-0.10407752014435102	-0.7018700698408983	0.35037288256496374	-1.0099405457125392	-0.7250224392948547	-0.06355571605534208	-0.7286397764368411	-2.637236338416885	0.9358506162189815
Br1684	0.0414601	0.121613	0.0220622	0.00616431	-0.0183262	7.8	0.1607860283244002	0.978764	0.0	0.0	1.0	-0.10631154028036537	0.27384847118024436	0.4573652994651575	1.6444202045371028	-0.3102033715147049	-0.992908204349557	1.446418123352204	-0.9088647375334266	-1.7021044036743245	0.4789824031223964	1.2896602635983487	-0.6813133586199751	0.00882951195265322	-0.17237604803030016	0.23881633626783136	-0.33421587793789714	-0.06404090417909057	-0.44472473849897476	-1.1902376314951713	0.6312412516756631	0.9160409896766194	-0.21323487316455925	0.4223857008470506	-0.3211183485616164	-1.136789663723775	-0.6849212731296102	-2.0555557981438723	-0.14653414133058335	-0.4425858779340472	-0.06035974586868292
Br1761	-0.0123834	-0.00858101	-0.00516544	0.00998654	0.013703	9.1	0.1929848100212833	0.982321	1.0	0.0	0.0	-0.2914890142829131	-0.48119209289589504	0.03299816968065737	-0.20591017768005015	-1.301450312569211	1.291696147521571	-0.10983135086802835	-0.042627826512046774	-1.2298180248323671	0.07747838808424622	0.2945571482847886	-0.6641917289963422	-0.9910370501170614	-1.3295133985240204	-1.253853390405206	-0.5313666625965576	-0.30104444380964873	-0.7598420996545362	0.2025253181590924	0.7886422643554184	0.8930453860141988	-0.5416724459768825	0.6170005559450468	0.6924563121061865	0.014373451984872509	0.631175004810215	0.017982318656555495	-1.26096552047733	0.7793832148553811	0.06982125282739078
Br1637	-0.0061812	-0.0119402	1.92902e-06	0.00297431	-0.00616043	6.9	0.1704622782607114	0.967904	1.0	0.0	1.0	0.7497348529008262	1.253995097634395	-0.07626427906936849	1.2330215003567468	-0.5121666619571977	-0.11509774231603016	0.11077738414819044	0.580367633535665	0.7815831825405442	0.2966195019974217	0.33689981831923393	-0.5701655929522721	1.0590344208357072	1.0928203279111701	-0.6657682431188372	-0.26860948267966395	-1.7056306774278676	0.13326760758084327	1.2271561789066832	0.28447260610013064	0.37515189394229836	-0.12465874280272735	0.46462419222126317	0.7626987276002075	-0.1709431207818918	0.38924128885806347	-0.8359463947323652	-1.0757683889857064	-0.8053095145115037	0.5742529265058889
Br1857	-0.00976009	-0.0140963	0.00143151	0.00573641	0.0141824	7.1	0.2695730271258688	0.967282	0.0	0.0	0.0	-0.6342900085254449	0.5401389119309092	0.3605338005335066	1.3091607952741682	-0.9115028304643147	0.27034207227888457	0.48172069155504504	-1.274216493152422	-0.7685581356836321	0.07133042628503614	0.5013102336165313	0.505159791295346	1.4848663958498474	1.0214209556005462	-0.5803458293463343	-0.16615891011461886	-1.202387597473154	-1.185438806663297	-1.488942971522054	-1.05289339369678	-0.11784883286323568	0.5649415558756968	1.0512271900209709	0.3469275198982617	0.04028959053744942	0.801544752125329	-0.703501728574189	0.11567445052312551	-0.4859943956433671	-1.1495410180809513
Br1876	-0.00858847	-0.00890379	-0.00905842	0.00228822	-0.0224472	8.4	0.1839002496205991	0.967721	1.0	0.0	0.0	0.03681318226615961	-1.657809909439541	-1.8113142212006783	-1.0821858150946342	-0.07632997144387768	-0.5797851627684033	-1.254328973972959	0.09652385314068924	0.1608671155434969	0.6157327541474329	1.869728527977036	0.43542832513665736	1.9641159814558535	-0.8770762238497545	0.6544921652358632	-0.38092792357243743	-0.26958247064945434	-0.5290107923420957	-1.2115705158695333	0.23269394025360632	-0.44350540501339625	-0.19101168597190307	-0.9549136940471102	0.10193331572837136	-0.8803629304568911	-0.841866413699149	-1.3809691593790108	-0.6491519768970629	1.086337885314966	0.026661045032437693
Br1881	-0.00610448	-0.00717556	0.00417486	-0.0101107	-0.0385257	8.8	0.1913320797098701	0.97963	1.0	0.0	0.0	1.1555909640297977	0.7726163352534792	-1.0417995257657984	-0.11451109024937652	0.9996607863477778	-0.11032565816929127	0.17453738116205184	-1.392155448682595	-0.08041378420308758	-0.8977344719686862	1.4558808267228733	-2.022487279573624	0.28355987700389457	-0.7962600758575936	0.20998665248853154	-0.9837344946375025	-0.16418093234584638	0.09677491017862441	2.1754284984232166	-2.393523651901125	-1.38679173788599	0.22380771257030418	-3.4139690185577902	-1.5742185802624669	1.7777373852909666	1.9950687965581162	-0.25743904257508166	-0.05165215215944154	-0.5390698182779525	-0.8065660514577666
Br1847	-0.00573405	-0.00885378	-0.000804334	0.00190746	-0.00897138	5.6	0.2327826112476302	0.969476	1.0	0.0	0.0	-1.464652796666058	2.4117770319333878	0.04912332345149871	-0.48804412620948606	1.6542127363801429	-2.794217234335106	-1.2516007818597226	-1.6506258984808018	1.374369622872488	0.9059580525409736	-0.7313310108695412	1.0006222535831522	1.6873832658159438	0.8928575661491335	-1.1364594501208307	0.22578163663655368	-0.9680816303903098	-2.354917339673622	-1.5717954428835055	0.41145396228518916	-1.2858506122244688	1.1292296370411887	-1.2520820868484137	-1.1163247285156277	0.28488799851201857	-1.5468402607682958	-1.073345830489327	-0.05284865499709949	-0.23652830014763743	-0.6028679132970428
Br1854	-0.00349129	0.000956915	-0.000533084	0.00429933	0.0114462	5.6	0.156870005510696	0.974521	1.0	0.0	0.0	0.8084337806523364	-0.8511749461180187	1.475043216236798	-0.5166196868639618	0.17010533470719608	-0.36958294920417234	0.23440173793442154	0.28200414794848105	-2.2143904857985706	0.17522052247053319	1.5958313305980714	0.10840122284753619	2.484936301822733	-0.2701773838700765	-0.19115622745629335	0.9345659458067772	-0.9815258311780097	0.49882320282609977	0.8801452407603563	-0.7944690842551555	-1.0146645671967465	0.783069763575456	0.6858432231905697	0.3221878492325751	-0.3583873460879168	-0.7410453661097032	-1.0748858863108661	-0.35935731534765303	0.9336560915030854	0.4501280654492727
Br1879	0.0211129	0.0615881	0.00616487	-0.00972775	-0.0386925	8.9	0.2025786380260179	0.969825	0.0	0.0	0.0	0.3489465621434919	1.354583264572378	0.1888058997823422	-0.36858028236432777	-1.1110520402354676	1.1233166689300487	-1.2431669324767132	-1.1672547989941873	1.322113081867944	-0.9320035173803854	1.0423757268603178	0.05736456808581748	0.7428054203009619	0.39943788996259233	0.5970923929380353	-0.6457941699846541	-1.402663979947737	0.30542052862232	-0.47437517739240204	-0.1275912205582267	-0.5641187202267239	-2.3094735002591484	0.26037948544731143	0.8316769060862647	0.760708581189413	1.20381849644687	-0.22073329436890116	-0.3751313276884285	-0.2457463280814484	1.6833633333090006
Br1697	0.0149318	0.050957	0.00586855	0.00641724	0.025019	8.0	0.2344034991054528	0.957819	1.0	0.0	0.0	2.1217492782970364	-1.010173906891604	-1.3517803469369885	0.903238584970986	-0.08551688594144259	0.6816070354873889	-0.7345779627280525	1.7179370641272391	-0.4997333109651037	1.0238700893534376	-0.22052476013073638	1.1430194922694015	-0.12119952367049319	0.2707321407238322	-0.7663761789416978	-0.5734286264962442	0.7356200554277342	0.6334224797935548	-0.6611889647788289	0.9688046705673823	-1.0646169908258318	-0.12461276550982385	-1.1753466986910965	-0.14494324549968998	-0.5235118282493175	-1.5196393094668441	0.2896082946117619	0.06194057696634601	-0.19275877303550856	-0.281037123173588
Br1738	-0.00632811	-0.00742208	-0.00700208	0.0051219	0.00920619	5.5	0.1605175293441573	0.96539	1.0	0.0	1.0	-0.5104626828507615	-0.8491436953043091	2.512402469653853	-0.5233644261296235	3.1195925888739486	1.373190812440708	-2.2711432788460253	-0.4549936607607188	-0.24880826101678813	1.159833717519353	-0.16814305297932658	-1.7685984434535236	0.668132154132315	-1.1271787929814183	-0.8413275784581737	0.9907190085144879	0.8471151118554563	1.2232606678727287	-0.841303537449105	-1.3124520838721487	1.2053816631634888	0.8856352354772182	-0.37768932453243775	1.7396238926380296	1.1574693195689822	0.6705748519637622	-0.767592523638226	-0.4503751778278211	-1.2809216807267743	0.5494588942403165
Br1858	-0.00514259	-0.00792972	-0.00044362	0.00406197	0.00415053	8.4	0.279552656724899	0.958546	1.0	0.0	0.0	-0.39327510974475616	-1.689896398933545	1.476975182106367	0.2612223549430789	1.67848465573202	-0.24628759395487088	0.14146542519392752	-0.6700702293093974	1.2365073433267502	-0.8133210768969376	-0.23544732559892853	-0.4022085317408594	-0.34613032341484545	-0.5814916827112386	-0.41206492213850116	0.007819464609302459	0.4759241532197604	0.5657091135563472	-0.26622513356287203	1.001355878197934	-0.19862977850265506	-0.9745012679260826	1.9518370356979027	-1.003205281843319	-0.09631957548376989	-0.7320351905610951	1.196270772642649	-0.4715810055927804	-0.6015616365098534	-0.5820529834007855
Br1859	-0.00895567	-0.00347292	0.000500568	-0.00938491	0.016294	8.2	0.1815886650338235	0.976995	1.0	0.0	0.0	1.156071420654323	-0.45492558491185386	-0.8402058450872006	-1.2244895906541047	1.0308407027878201	-0.010024935767164714	-0.4133262149609735	-0.8026006932594586	0.9193229881156271	-3.27750246504769	1.7575653092826389	1.9178578084369224	2.127683035668588	-2.7957854879441775	-0.6675723188733932	-0.09154593719493799	0.1670647582551795	0.8417165227003905	-0.017193621925634686	1.6077032195202834	-1.019222197012998	-0.5857942096554982	1.7706428004797456	0.4472800717668457	-0.33522680033883545	-0.39158554234241977	-1.5382713291821226	-0.441614972264257	-1.4528811377072726	3.1341530072341954
Br1880	-0.00113853	-0.0169752	0.00600161	-6.8291e-05	-0.0234479	7.8	0.1887652286235253	0.970585	1.0	0.0	0.0	-1.1822669826965446	1.5625291552729679	-0.7665157340838819	1.2820864338586013	-0.8024048054017188	0.5725497634690512	0.3591424612699637	-1.8577629544581258	0.51450189726885	-1.369283428688357	-1.09818886302802	0.06556021679074737	0.47270204495674634	-2.6200091640415577	-1.5220365050626825	-0.43433498866104436	0.8832070799175268	-2.0135719994927186	1.8351332964694136	-1.0606839002919888	-0.2880807450684611	0.4611314613494981	-0.37201330466009885	0.05772205642848201	0.38914826072787745	-1.3194069209473311	-0.959033181192454	-0.9146171258879955	0.589654951665002	-0.8739449246261988
Br1966	-0.00313502	0.0105304	-0.00479746	-0.0020388	0.0159503	8.0	0.2043752634673794	0.974633	1.0	0.0	0.0	0.8664070343258576	0.6013941160438284	0.13543886747541156	-0.7732941661678033	-0.2241427147251213	0.3989299872278379	-0.0033804119661334747	-1.6426100441074114	0.970389150002078	0.31544832465391676	0.35502146457056794	-0.019110413317170064	1.2777883947578241	1.012633893550833	0.5640412053884291	-0.9152321533562181	-0.7517954232353864	-0.30647401782472783	-0.7028627516579634	-0.724486258176681	-0.33640020318338043	-0.48494816273613855	0.6396759504915709	0.26139626832586843	-0.2837856809938011	0.743786311744921	0.04028773523190929	-0.48485805025166295	0.42520348304308214	-0.15629256772812047
Br1878	0.000328886	0.00200415	0.000462881	-0.00226226	-0.0133835	7.4	0.2483233415710416	0.965251	1.0	0.0	0.0	-0.9927817495919192	-0.41615598058459286	-0.6763155642463851	-0.723789291356564	-0.5599702353134851	-0.1897527288386294	0.45750427925701836	-1.5938353559047302	0.09067549908925439	-0.18933585214853196	0.6524662353416435	0.29897623309766297	-0.19571977989017278	0.6770223223445203	0.10469056757097663	-1.4236250743870307	0.10264329597996097	-0.834518474595439	-1.2800061377249117	0.006706220263444575	-1.3172961967238486	0.6860320654561867	-0.9138949075755491	1.1635754289419444	-0.6154640712038081	-0.37397969378312046	-0.5821577266456507	-0.18968962946193502	-0.5572262677649553	-0.5146846044725742
Br1961	-0.00936162	-0.0100721	-0.00165881	0.0034872	0.0148355	8.8	0.1855430021541317	0.974979	1.0	0.0	0.0	0.4406443545586348	-0.17330146262200752	0.9473593723468334	-1.0316261058112075	-0.24277920954347562	-0.39945941177142374	-0.9242970075545364	-1.7849586956466774	0.02652776699479059	0.6636082797139865	0.257432795454574	0.479157885353542	2.582799445487017	-0.4918882594060216	0.26630651258869714	1.8495728983712312	-0.09150472726779763	-1.8575809575449969	0.10502771130123018	0.29554793726557443	0.6731751858711889	0.7192831724041588	1.563217154171174	-0.6766123569303594	-0.07421749068825688	-2.153365299678763	0.9223549049078694	0.9679775892217332	-0.711585543662325	-0.8958813183769346
Br1558	0.000211721	-0.00342158	-0.007151	-0.00462157	-0.0135972	7.0	0.1541040401513809	0.972715	0.0	0.0	0.0	-0.47047640979009975	0.19589491429713277	0.33132349885285606	0.33955173312864745	-0.3977386064104985	-1.4298697624371852	-1.1293631752807802	1.149254916754561	0.21726613798252659	0.28573156302543584	0.5795853780093346	-0.7386463799613777	-0.10377327834719009	-0.42454273596274916	-1.4610682195420874	-0.27843197949479703	-2.6923223251534165	-0.5354243946967168	0.31096326854962025	1.6692287277177604	0.9371997038499944	0.8970784890653809	-1.2923342057892906	-1.4571267268314552	0.5044664307901875	2.354136284407188	0.6626677173267657	-0.754452715364252	-1.7474989314383937	0.6601866631304875
Br1649	0.0351322	-0.0220336	0.0547889	-0.00398603	0.0268986	8.0	0.2177939603423002	0.973553	1.0	0.0	0.0	0.5073261713354354	1.2953933251824192	0.37749807743827185	-0.13522192242738856	-0.0831850600171287	0.9004272865142624	0.38045282810781283	0.9135872624921364	-0.4657722131796468	1.074664341810025	-0.34097767659332967	0.4515878235851154	0.10749320349208671	0.1991979881537223	1.0476065467353395	-1.3039911070125172	-0.5543876038335521	-0.2262073829218811	-0.18901078830341977	-0.47286315456752465	0.22731301091737213	-0.39428057220633395	-1.4187940793819476	1.5444355547616357	-0.9738499275535187	-0.38837726301793607	-0.06962997549921279	0.7687030383146838	-0.2837488334161067	0.43815491915563076
Br1753	-0.00634021	-0.00332548	-0.00339388	0.00289457	-0.0488295	7.2	0.1567143059115751	0.973996	0.0	0.0	0.0	1.423387122875146	-1.346429173478845	0.40054632332018153	-2.1862182746479757	-0.44229309170536557	-0.37244058420842646	-0.22922749485818056	-1.5200587112791004	1.569449995319868	1.1736195591517395	0.3498284240818626	0.26194960154781544	0.6529046772669216	0.758481995843076	2.1728219041609615	0.16180354399670174	1.2243491593600835	0.5471373856059296	1.834188026805001	-1.0864684690471906	0.06466684050415475	0.31733515049416167	0.9871439372994681	1.5893539526589644	0.6387132232392577	0.4768759716521668	0.47420231309303207	-1.7440168412934625	0.48100689745420505	-0.17085857172429866
Br1613	-0.00782768	-0.00125002	-0.00316177	-0.00672084	-0.00245882	8.2	0.0188404239934888	0.972514	1.0	0.0	0.0	0.351216075598788	0.12013823998070665	1.1283163856217884	-0.7764298615342825	-0.07764237271624337	0.1661259107850204	0.3037579800137379	0.06731424755896763	-0.19927334353524795	0.7564270880715571	-1.315379263263849	0.987580446383341	-0.8890096186148989	0.04590421200123846	-1.081471182685149	0.05065419054728302	-0.720385012428674	-0.7731255115162797	-0.718802822033157	0.07971626614048272	0.054056500618374394	-0.31885794684625973	-0.6159569613257	-0.31423999761725113	0.03977099931392155	0.40511040053775155	-0.1913761249788682	0.7029335946582731	0.5059609490608247	0.1640345519060443
Br1695	0.040123	0.117119	0.0198456	-0.013088	0.00251595	7.3	0.0136829197203436	0.954594	1.0	0.0	0.0	-1.4782829353828966	0.5402138814050449	-1.1021970313824874	-0.7827680257754477	-1.8912508227355564	1.322302648366672	0.20060903052564047	1.1862003830789045	-0.3998450476566188	1.2642137574595085	-0.8034908941391611	-1.7957794321822917	0.7177870574994891	-0.03418322928383954	0.6674012420583063	-0.4478631612042513	0.1409384974186469	-0.48113375711183254	0.49881639475415124	-2.2336140429355553	-0.2572119112577763	0.24700801726357519	1.5446306336482951	-1.8729034408366454	-1.2854126230822587	0.6020847424584969	1.47010596809045	0.30260232972190465	-0.6638517467252318	0.42139496020533546
Br1735	-0.00654377	-0.00729773	-0.00330649	-0.000378964	0.024561	8.0	0.166077753485744	0.972051	1.0	0.0	0.0	0.19140571059699954	-0.24359110384564522	1.2495064122234982	1.2295089837457207	0.44830109807189394	-0.6915358873538283	-0.4210056478173634	1.1041501551056154	-1.5202574011048138	0.35150853894780526	0.3281422464726221	-0.7409399852619725	1.7447046081185509	-1.4142219981586186	-0.36115208821047606	1.1217519391908901	-0.650100327172085	-0.7383483043266085	0.2903072267940135	0.33622559169707905	-0.03394024339916289	0.38371046211057497	-0.225986235581524	1.3580755826820405	-0.15355196267410764	0.2787269901229708	0.21194472648375892	-0.05201694316038007	-1.3940922334747123	0.9678994106900836
Br1553	-0.00663361	0.000932712	-0.00351859	0.0034713	0.00843695	7.1	0.2223994871984779	0.975788	0.0	0.0	0.0	1.265573989203291	0.7258762549716569	0.6906156110069777	1.1269095247445553	-0.9880504398720784	0.14169240596219754	-0.8235354525576853	-0.14642109868810183	1.5263568541253303	-0.29486784612466205	0.7936667486404535	0.3244596510466018	0.4386089437488402	-0.44492336953401784	-0.8014814142103032	0.3010527125028433	-0.8925721434717809	0.062490312495587313	-0.29196487750709815	-0.4997416224901307	0.3681646052615903	-0.621591428967865	0.2505405902741628	0.4267589137011399	-0.19815766087790415	-0.35741286845544296	2.4316858061945705	-2.354302410799716	-0.002558291611344657	-0.6041408891644935
Br1670	-0.00390631	0.00819381	-0.00515225	0.00806145	0.00610251	8.6	0.2824256577602264	0.980825	0.0	0.0	0.0	-0.974807948468323	-0.8083286760278326	0.7688443296636707	0.8037855493615903	2.9934220351774865	-0.07683583197395057	0.6742661700647713	-0.7226701185527129	1.8963080428169785	1.1079838270951616	-1.2625551550421712	-0.23618392171904654	1.8772513587972144	-0.6871634169755386	-0.5767686568662533	0.04887771589422119	1.4521326985454512	-0.13473042019580955	-1.110835624152573	-0.3839004060646879	-0.4023310027084633	-0.47932795353228513	-0.6731205246937471	-1.5597810362748723	-0.7460465821042783	-0.5909155196757038	0.9028427465998499	-1.2606785957227138	0.2865324767430398	0.9440266021627745
Br1412	-0.00567097	-0.00846998	-0.000612666	0.00252141	-0.0475875	7.8	0.1508205528337238	0.971146	0.0	0.0	0.0	1.2428777529818957	1.2575348166763183	1.6267365345370892	-1.8656183648357425	1.1236812234150266	-0.0920542744299643	-0.8416809917923542	2.0531418558547787	-2.385631758775595	-3.062816774968614	1.4261953317577971	-2.5828537255489055	1.3286920474325283	2.7062042523137766	-2.2452963997623514	-3.7415865936328485	1.7492307399953726	-0.8524429326901546	0.897826083761116	1.696422186227223	-0.8483517421861034	-2.676677778603023	-0.5009268462881408	-0.7715658232399631	-2.022297093725388	0.772135290675268	0.956159434192231	2.177888591266693	0.9446055310623267	-2.5323426167786414
Br1245	0.0307813	0.0709653	-0.000560425	0.00703378	0.00895545	7.6	0.1743859817031677	0.966344	1.0	0.0	1.0	1.0052297017213405	1.5205070746469547	1.2130622325766833	-0.33827240168609896	1.9043051873208632	2.654764972741306	-4.357518520655712	-0.23530090247259625	-0.8064789598595553	-0.374835523028985	-0.2970153488047974	-1.7410249433990244	-0.3234170957741674	-0.7374224260921312	-0.09494310402648637	-0.20641657073612352	1.4172740294126973	0.45285714838857205	-2.898844801915851	-1.2940833812141486	3.1231468076455067	2.6515206404820564	-0.9417747349401285	2.0936010569067744	1.361851784909309	-0.7597425156536775	0.6703316933482878	0.7943832363515675	-0.6000964724080424	-1.6052523134378973
Br1288	-0.00632616	-0.00704057	-0.00655633	0.0104045	0.0216792	7.1	0.1854892483137317	0.960102	1.0	0.0	0.0	0.15330516976254802	-0.29541024202892774	-0.9156071984842844	-0.9692001576780623	-0.420560516550028	1.1116010022451641	1.1687991407322793	-0.3676825051403959	-1.0347230466986852	0.005634920174551626	1.898511637248954	0.6426443876335128	0.9653170687619462	-0.6515290051273234	-0.12996486345371175	0.24989146429859407	0.45844168609850167	0.5423316337433253	1.6242254761270079	0.11380969471843325	-0.046245453104593555	0.4963851544128226	-0.8743947344053892	0.9725345390907578	1.3229813853062076	-1.155899698014369	0.08470409312057899	-1.774487770734215	-0.5065973699060292	-1.2046530218366844
Br1648	-0.00725998	-0.00526728	-0.00650757	-0.000384917	0.0248883	6.6	0.1996354724320941	0.973916	0.0	0.0	1.0	-2.9405478574850212	-0.6400461134422047	-1.351016450635627	-2.1251482216843143	-0.060628139491657844	0.48737357285419547	-2.635740347887306	-0.08360305245419049	-1.2297078329700033	-1.5305671251469288	0.2707254130864108	-1.3951007284951789	0.724542493639838	0.17153883575308237	3.143248408531662	-0.46173741487609005	-0.47628270330620315	0.27252039918524507	0.2604575337191868	-1.3559202131447101	-0.3122161529424308	-1.3686333776061537	-0.4412236392659006	-3.443295317548802	-0.1716684046892429	0.7911139986967156	2.032649653825352	0.6308785954856466	-0.683586608947719	3.34462548188303
Br1350	0.0148438	0.0325791	0.0137566	-0.00960337	-0.0471533	6.9	0.158190617024634	0.975587	1.0	0.0	0.0	0.8749945606557634	-0.9568088307649264	-0.08321942367837516	-0.8801347495624295	0.2641647707737929	-0.7482542854763379	-0.21528716550069324	0.9094642207884733	-0.14854088935938106	0.13897384485205722	2.4754384520261734	0.18608217081522105	0.5588734714147471	-1.4205529850785676	-0.5786854845095604	-0.47374343415209147	-0.42375130420856605	1.5228344890905643	0.4176037039683426	0.6827429776617854	0.9613589074799116	-0.04985048361126615	-0.7310304151200254	0.8500341598071149	0.22963020617706772	0.7637125947839425	0.5106366957186158	0.22938900431281753	0.6192877497245735	-0.6878249271819086
Br1370	-0.00792166	-0.00766548	0.000847336	0.013909	-0.00657697	7.7	0.2167127859767675	0.978812	1.0	0.0	1.0	0.33429365613267464	-0.416006290285465	0.3040327537104297	0.9444515345983786	-0.9040649974596391	-0.06382792721844002	-0.25129401325313494	0.04484191825635479	-0.6117767935144267	-0.1972820772475497	-0.4803084771493847	0.7324075154686138	-0.004530240213898668	-1.3865484648497888	0.40365358284698105	-0.594073875713168	-0.10526150390560264	-0.3718708825426395	-0.526578099247969	-1.1226988554047506	0.11308269789688848	-0.9011463522340831	0.07144318681285436	1.588762453391453	-0.17593173901309678	1.8912745528576378	-0.09333287072052972	0.654803586450178	0.9583403206004566	0.28934173337608693
Br1389	0.00674963	0.0129297	-0.0113723	0.00224901	0.0319365	8.7	0.214685199939733	0.977862	1.0	0.0	0.0	0.5840648471219908	0.7767385635316859	0.3767034836526471	-0.04690797810884475	-0.870583231800288	0.48736210881897774	-0.000900358513530526	-0.11699293819450407	-0.35406690108123035	1.0688293219672451	-0.03554859071073827	0.24352718625681477	0.9971212373445819	0.28884446957004095	0.7281873581323912	-1.5907163331604055	-0.35895770933440624	-0.2889860714903558	0.02922142672672393	-1.0632243563594161	-0.06170950086642639	-0.8738992210064885	-0.037847323030490494	0.2115348851612596	-0.1990116281964008	0.058636238836353716	0.0028824984342331996	-0.05805146357598953	0.06357944957533447	0.09304222522208107
Br1446	0.00880641	0.0289275	0.00338938	0.0126176	0.0141906	7.3	0.229195098018723	0.95682	1.0	0.0	0.0	1.2246201850162297	-1.22260721967618	-1.3610643401018312	0.4856538621329498	-0.7383053495945507	-1.0651921964631275	-0.7170070094415056	0.3084447797479222	0.4555564226963782	-0.1271184444713846	-0.9183085207507028	0.04442638240896913	0.03346705525426344	1.1291653332705196	-0.32632165246859496	-0.7510623467779574	0.7974649858754009	0.20224195088424304	0.7960869893461557	-0.4401700220593197	-0.17353564943941746	0.9007400141257526	0.7913973017307324	0.898974723028169	-0.2518410811274262	-0.6675802450633795	1.5977741831282126	-0.27780952310441626	-0.8017042589114652	0.4812254486632041
Br1383	0.00223331	0.0225307	-0.000482741	-0.000650996	0.00309376	7.9	0.2487542862697501	0.977213	1.0	0.0	1.0	-1.0300754226160589	0.6815731846618379	-0.8402332532641865	-0.873106389318667	1.334046088298304	-1.300307775434566	-0.7216812707526409	-0.6065313796616949	0.8157001522400649	0.9771055912450334	2.20122433395939	1.1868056096085031	-1.5918181515702028	1.2070818298165682	-1.624032797891766	0.18795989022638177	-0.17210963739425245	-1.4425624019367531	0.6790652351381855	-0.5212321743760413	-0.41346695766580094	-1.4512697606096108	0.558228021238558	0.46308865561968826	-0.12370735272060217	-0.07842262230881454	-1.7511952124059331	1.3351075828064551	0.7443612483307336	0.1485685238126046
Br1416	-0.00224336	-0.0176825	0.0179161	0.0043151	0.00670616	8.0	0.2229772795208396	0.968298	1.0	0.0	1.0	-0.5363354276703318	-0.15126536634943177	-0.11109881893298221	-0.34972838906686865	0.21027850752655589	-2.360715950058035	-0.4511429072118444	0.7742586918245572	-0.5958261734181862	1.421177324439405	0.12079727321962662	-0.7189675925213477	0.29431178291567683	0.5978225961084959	-0.49856335010372843	-1.6646948536831738	-0.457944749913785	-2.320895862202918	-1.2856534828981003	0.7150645652911221	0.15224700262898497	1.5812995700193377	-0.8353095123044145	-0.8779849432402661	0.6030601266030586	0.7701656381411914	-1.0001285471350088	0.416015776372696	-0.6679376852289028	0.3609489079481957
Br1425	-0.00921505	-0.00287673	-0.0064711	0.00871557	0.0172307	8.4	0.1858598926512639	0.972533	1.0	0.0	1.0	-1.335479452927221	1.8667485705950115	-0.8879813651029472	-1.0347536106024495	-1.4856969597106993	-0.07898773463200087	-0.4641724502653319	1.5274809314464757	0.9419929534827705	-0.7702323253796585	-0.3178887209334726	0.985691243084626	0.33840257891546666	-2.526854064687138	-0.9017313949220296	-1.3189795247257383	0.7042535313095825	0.8810670342448877	0.638070727369675	-1.3831280414381038	2.1268970670336294	-0.28626678177475356	0.723831032894153	-0.8766653883505853	1.2604822760167782	-0.15077160182320673	-0.9585113038466164	-0.5554706276625866	0.4170455655200695	1.73544178256319
Br1432	-0.00640604	-0.0111591	-0.00487699	7.98288e-05	0.00390466	7.3	0.1782207280038269	0.960675	1.0	0.0	0.0	0.4849055824095204	0.34148830181490386	-0.4235479937008477	1.8382632045499325	-0.17487906890533808	-0.7502671967429883	0.14603869426255311	-0.4302366854515897	0.11822278206819432	-1.3478189935961844	0.007572010023222818	-1.3933251813807876	-0.6991816449781513	-1.7804113560675625	-0.5874717015395992	0.8018457353316308	-0.42300867034505574	-0.5771164273631079	1.4780917672553044	-0.5987199476818338	-0.3738810347120916	0.12480170919511249	-1.0228278000224738	0.6728851868322898	0.28998467123825766	0.24548448886377772	0.7614188994709149	0.5493783731543019	0.02627724512685619	-0.5370354336938722
Br1339	-0.00553373	-0.00346311	-0.0019399	-0.00514697	-0.0392255	7.2	0.2172317774029955	0.961616	0.0	0.0	1.0	1.090952127198867	-1.4980699643436612	-1.2175705007617537	1.4367792681281168	-0.3416633079756957	-0.5307917686459389	0.706097872367428	-0.3028878149800805	0.046330059583964536	-0.5780258791817231	-0.3992695411872153	-1.086849815966884	-0.8885611137500576	-1.1054771500340714	-0.9222310972301254	-0.6079676972575471	-0.4426899855803944	0.4183975542424021	0.31893042770294217	-0.5617722457076112	-0.36836959224990895	0.6798689480557902	-0.5323678112313874	1.110090644947207	0.08726978730821042	0.41228433555859445	-0.9009027302462319	-0.08469911930801337	0.5489786442876645	-0.031725810658310954
Br1139	-0.0105834	-0.0106964	0.00129976	0.00254499	0.00984033	7.2	0.1588916478214862	0.966542	0.0	0.0	1.0	1.0059361715296593	-1.264657250488023	0.5980201427980767	-0.1272221118834142	0.4804372111525522	-0.057214556149383144	0.3365192261017682	-0.0006420377870113124	-0.6267114344453636	0.8980123310801387	0.8799304722371717	0.5316836070464083	0.3399410915772361	-0.9888362688699	1.9375647386038073	0.4189370785896039	0.11507690576368346	0.20190846378113209	0.7130719957027357	0.2624167006636354	1.4844351888674074	-0.3681384603399655	0.20481630127351835	0.29470005127701604	-0.48176851903730533	0.5032549045448488	-1.5737767887757566	-1.5025604304500866	1.0620698945536666	0.06807162504875505
Br1378	0.0108138	0.0341691	0.00312181	0.0018491	0.0172164	8.8	0.2634649712184395	0.979435	1.0	0.0	0.0	-2.7464493328976625	-1.7904778533621317	0.5692657443924672	-0.18446835313718954	2.0816470149467388	1.0790506903031296	0.2922533374819477	0.27036260842819565	1.114379318836881	0.7298377969086428	-0.3248663600536753	-0.19537423159461015	1.206419275749352	-0.5853626676502679	0.1810893934116133	-0.36422231240615355	0.6664588677360072	-0.2628149166281149	0.748396892030131	0.4126966330273224	-0.5341566825411904	0.27987394236303903	-0.04822609581384908	0.05611879073268691	0.35087612095100834	0.17935486271355686	0.4235147435730241	0.3717942469070489	0.781510654371957	-1.6502861051646711
Br1529	-0.00987877	-0.0120555	-0.00402665	-0.00739077	0.000360628	7.3	0.2028303181220646	0.970772	1.0	0.0	1.0	-1.4656152587487503	-0.6823979038080148	1.0178434344993865	0.3146841469519522	1.2328372009469908	-0.484403657894276	1.6727876497478484	0.466237748148128	0.7299700680940985	0.7444633037091608	-0.04396298583034352	-0.40174011877436117	-0.14837056279642832	0.1609787526887695	0.9559806832683315	-2.239222175197377	1.879314065927934	-0.6487400893982224	-0.0027118561509157594	1.0043989936046127	0.5940913860846838	0.7083159410198695	0.10031379630036993	0.3484542017979813	-0.3577050248058672	1.3106827155172993	-0.2006339234365758	-0.6746292974946355	-1.5746279125541929	0.6715631394037731
Br1591	-0.00621569	-0.00703034	0.00190776	-0.00192272	0.00178059	7.5	0.1434191229341945	0.975901	1.0	0.0	1.0	-1.6424339995874884	-0.1597483568570304	-0.27713317131585674	-1.2739483967519927	-0.8879379128145846	0.0999772227629486	-1.0071546504020807	-0.4638799528486635	0.07941431532927729	-0.22475109507526872	-0.03201472627198704	-1.5818685881533228	-0.6912255108190625	-0.04767276286680732	1.363163191746081	0.628747485005602	-1.428053222454519	-1.319384438478696	1.025724665110229	0.329011713339797	-2.0187292205230913	1.36727512053613	-1.5110932383764484	-0.7210921489327428	0.0888657983503807	-0.7573607966218214	-0.07764402944153194	-1.6948950256042306	-0.5839706723309941	-1.521510730907203
Br1271	-0.0025221	-0.00383056	0.00279581	-0.0207166	-0.0844361	8.4	0.1551799872391012	0.974722	1.0	0.0	0.0	-0.571102365560308	-0.6777764191934219	-1.082127981125879	-0.3309968548417245	-0.05168478760455623	-0.37417323534505015	-1.202177595458726	0.38730388752890194	-0.027400154673213748	0.1326503866768378	0.1556806435077191	0.19879337043049358	1.2263369223835199	-1.5047084530892627	-0.24004104113549252	1.675335333448255	-0.029159211151767804	-0.5107273272322127	0.741990863187731	0.8573687833558453	0.6623919751202099	-0.12337763400154304	1.1388017477938364	0.33788882837985185	0.6811753828925451	-0.1926327645298426	-1.0524367736679425	0.2039261111396165	-0.5740360799327656	0.21786280886800496
Br1356	-0.00370747	-0.00620329	0.00182919	-0.0260239	-0.0488929	8.2	0.1785015166393259	0.972889	1.0	0.0	0.0	-1.9962741312353165	-1.648812556300382	-0.12341023093079151	0.28560123309983054	-1.1510910079300598	-1.72075601125894	-0.7161895136891819	-0.3198797465702865	-1.0630615607768021	-0.7612501008075834	-1.3485999344763593	-0.860023969221478	-0.7313071800660028	-0.28972763257282624	0.9135146659894057	0.5524778332690136	0.17816192142114878	-0.9344069373873671	-0.09838549130310918	-0.531050464588273	-0.0804668160759912	1.8489179447962723	-0.2886003504184646	1.1435326613492944	-1.9387371469117838	-0.4285132112981088	0.5275174767728708	1.0512422729209607	0.09799063274767349	-0.004133704736529499
Br1443	-0.0101869	-0.0127248	-0.00516547	0.000752154	-0.0264618	7.6	0.0158007863452487	0.972445	1.0	0.0	0.0	0.34944482819000633	0.27765180897934316	0.025751956060275707	-0.5992636291096333	0.6118571272089659	-0.9655538407966927	0.8343947371404011	-0.712356727304712	0.13098697244350158	-0.06465573902785833	-0.40883431680993315	1.3661047092076035	-0.35883458809186486	-0.5420544393102221	-0.27792364221497917	-0.8705110354034888	0.7005747953226032	-0.3117839243278135	-1.0256720484829873	-1.3917337626535096	0.21985295216776746	-0.6326226299336911	0.19927870725278585	0.3650205574367029	-0.5584054355480101	0.39174514142903005	0.6219111050652917	0.7034213381073647	0.3661334419341555	0.0024869328444757127
Br1453	0.0459176	-0.02111	0.0365122	-0.010139	0.0210855	5.4	0.228938945301291	0.956787	0.0	0.0	1.0	0.28722748101883966	-1.1224412710572016	-0.20768644150955093	0.342983382393594	1.367953839967133	0.75391081048061	-2.3264282137826044	-2.8839667303897754	-0.3110334987125526	-1.5185851991237866	0.5312737687428865	-0.3357698666218728	-0.9765535654841673	-0.054648228674657455	-1.365052677240489	0.16903756271730147	0.39727978583761664	1.154714018761361	-2.639037101723868	-0.38564461604033895	1.0899741160837764	0.6637674464780148	0.4823721492120817	0.36912703212502435	0.036432077191694515	1.4288444285774613	-0.13924568387374556	0.5410081784806091	0.38042759280728017	0.9053851324664534
Br1487	-0.00372919	-0.00286742	-0.000756628	-0.0027687	-0.02004	6.9	0.1458625116608265	0.969404	1.0	0.0	1.0	-0.3109836802302748	-0.7515040921636518	1.1564318737363304	0.7488364291885404	0.21047105981818923	-0.14963881029778098	-0.2149918064961258	-1.051208220822946	-2.503537728076011	-0.3591473340634152	1.0450270041433147	1.3373089381977616	0.3421992135609213	-0.2186750068364887	1.2866728092845303	1.0259980364630694	-0.2115656239957209	-0.18772948385661478	0.7966331250025703	0.44144307094625435	-0.29382749616811304	-1.4065574039120645	0.5914745247383767	-0.763549075593735	-0.8522098193184556	-0.975682365821145	-0.4077106884797205	-1.1030217261434672	-0.6863188074385101	0.08170443647363318
Br1409	0.0143215	0.0329232	-0.00574803	-0.000911174	-0.00324762	8.5	0.2333751584171554	0.976621	0.0	0.0	0.0	-1.8527561251770175	-0.2959885989630971	-1.2778166763992813	-0.796227020736084	2.985665597912997	0.49325198793796904	0.4006100807200688	1.7883336798039664	1.6380501077077505	1.8636081613031514	3.7947956182589153	0.7169400398583776	-3.744058665369939	1.0495321167110292	-1.9651222741450214	1.633085731331581	-0.015020990222915837	-1.6127099615583438	2.62557343746671	-2.7874530705498777	-0.14710226452745043	0.25530394327766803	1.1786692001021921	0.9342290392150412	-3.170438166506206	-1.0894368407285173	1.4743224673313646	0.6012044544706744	-0.14958546419140017	0.13080015493174346
Br1499	0.00279159	0.0120389	0.00884062	-0.0180079	-0.0587534	7.9	0.2203432912502168	0.96805	0.0	0.0	1.0	0.3682620051125472	-1.6903713127271736	1.242476292889031	0.7441613336649888	-0.20502796928199438	-0.7882496742732301	-0.18402958918965553	0.059761499428382374	-1.390950846579198	-0.2029417343246745	-1.2455923284152481	2.2115645851371926	-1.096479769556289	0.7953148532308977	-1.2012908972564629	0.550555264216444	-1.3937100358407732	0.10839686616078281	1.5610853022642566	0.851316073904556	0.9868583314480541	0.5557707154783454	-2.0354979722887956	-0.4610244358906768	0.6403879006113218	0.008924984684077554	-0.26894584554994583	-0.4166318653095759	-0.2585167641934655	0.30165617022409397
Br1594	-0.005265	-0.0058679	0.00452883	0.00560191	0.0273897	5.9	0.2076203119257874	0.973952	1.0	0.0	1.0	-1.052029378728894	-1.1573974265474782	0.39115251263303313	1.4647930993072025	-0.6476524644720191	0.39022515927031604	0.8529337921743861	-0.8524746001481718	-0.7578024243890302	-0.7521779114891977	1.169730438503093	0.945664416259787	0.21211039747483523	0.6051370554131373	0.3633104353305153	0.8567383055861099	-0.5514452328594194	-1.0835647102970358	-0.590077536641942	0.24301139670484428	-0.045195119138705525	-1.0034467692266404	-1.206525517214648	1.7066538348035896	0.18748746491180135	0.1366192867748941	-0.27130410476327	1.6529043733475692	0.196002626029621	-0.46000699647251775
Br1034	-0.00537136	0.00664888	0.00160894	-0.00936537	-0.0164119	8.6	0.0135454060582465	0.973859	1.0	0.0	0.0	0.6509080441388455	0.14633255220895208	1.1902972566053311	-0.9392274003014502	0.05953787928604055	-0.01892903796554463	0.4203722674998038	-0.30083359447921626	-0.208080580946865	0.4971609638446916	-0.311970982070539	1.1191996920798268	-0.5819434128294574	0.30741452637183714	-0.6829699651986862	0.40695484154243916	-0.43271970111186375	0.5633034570734867	-0.4760765440375901	-0.05711686223478679	-0.11287065353112874	-0.34302996489672216	-0.29120612958175657	-0.012970567602278882	0.38000574599738196	0.669126061645274	0.7176568446132797	0.8666926294452216	-0.5477788975966836	-0.19855774630079195
Br1427	0.0414255	0.0461156	-0.0125143	-0.00554631	-0.00837824	7.7	0.181973624031889	0.976302	1.0	0.0	1.0	-0.4867974270863561	0.3120054518954511	0.06114663392861628	-0.027875401721514027	-0.36208732689212947	-0.7328466318512756	1.5129870661665432	-1.1658209530133394	0.4060544776934732	0.19371434666716295	-0.21024214632947688	0.44247476947187203	0.8187849718081187	0.5783065374415431	1.2051515110808881	-1.1140276296173235	0.5530352672673912	-1.1097126873022118	0.22173781891926145	0.0718589750757579	1.2175849147605649	-1.446515349884321	-0.26217328691030556	0.22686832255279757	-1.1609762768084682	-0.030754356877482337	-0.0429325839779682	-0.15770387983038522	0.8831622371395246	-0.23828114412438367
Br1463	0.000383558	0.000660291	0.00747535	-0.0150438	-0.0482197	8.8	0.2191330692907656	0.964626	1.0	0.0	0.0	0.00631783795574325	-1.2176544712464277	-1.3574417252342799	1.1587095895928634	0.9929394145049577	0.7598928871074235	-1.3344454862762698	1.864664797005058	1.1972553253976623	0.4838343683592432	-0.6252750335861412	0.8979923939366521	0.4055151073850034	-0.21598845979586886	-0.7846864947139593	0.8082757975259567	1.330179221992339	0.4767374400900087	-0.5394523990720681	0.8390498058387964	-0.10987634847810714	-0.8981137732255663	-0.14244420645114578	-1.5248252870854662	0.024120568112257115	-0.649865625286814	-0.45116742827469675	0.3122723958417042	-0.07202108052405984	-2.2025300843501867
Br1474	0.025805	0.0335269	0.0020215	0.00476126	-0.00556602	8.3	0.1755097810062477	0.967815	0.0	0.0	0.0	-0.9715887712657871	0.784601317188007	0.48251147228796415	0.09929193376711824	-0.7320018096199723	0.03551308990099586	-0.06735562010001567	1.2415890075318956	0.0644327401597646	-0.9057193088062051	0.9087674155586017	-0.29831309387877236	0.03966640810859843	0.5350040293804766	0.2689322067343515	0.3404069597257395	-0.7529792180351436	-1.0913247163819262	-0.7252000458138146	1.682157119940592	-0.7367189642412569	-0.3138809816688742	-0.4834314127192246	0.610991365504818	1.592828386110452	-0.027024473289044483	-0.18173476854945567	-1.0427403466059424	-2.1303676354661385	-0.6055658858984755
Br1458	-0.0104739	-0.00759532	-0.00728349	0.00340522	0.0102203	8.4	0.1780879224110387	0.977854	1.0	0.0	0.0	0.9139354792011712	0.16342469435920617	-1.0015026824807105	-0.21060102793736415	2.0189148927802	3.480736154079683	-2.4296378075173526	-1.1577270739057726	-1.4630228111982673	-0.1784623311707483	1.396012819159618	-0.08730954236681589	-2.536025068910304	1.7757383707427785	0.03795001796602751	1.3332322148209874	-0.5248654369947966	-2.0137941662955106	0.7378530101595467	-1.9299413014015374	-0.8711297393329636	0.3173350076965009	2.1414000705237513	0.4237756509830619	-0.3593730985517517	1.951340187657422	-1.6764189374057836	-0.6708743609711447	-0.9157275583709744	0.8496718473286504
Br1512	-0.00606868	-0.00976509	-0.000370411	0.00575438	0.0143207	8.1	0.2506856596546782	0.961328	0.0	0.0	0.0	2.068591142616227	-1.4544334636756098	-0.721603485100127	-0.18708402901919008	-0.314245745887563	-0.7323800666663043	-0.527943775347325	-0.16988967204112207	1.361916182370898	0.10694260152361228	-0.5594409172290733	0.4572540874355714	-0.5414025462683257	0.16793709374462473	0.1596472713336226	-0.3112814047140748	0.1444382401747948	0.8699694068301298	-0.1873524785261832	-0.9104291036372416	0.06674401627453411	0.7047436336030044	0.3763381605893246	0.7789609778911138	-0.10505091652960094	-0.6556137817979395	0.9661370402946251	0.3946590313170818	0.7333981663879832	0.4196762345655576
Br1581	-0.00367868	-0.000759603	-0.0041967	0.00305904	0.00611503	7.7	0.2171522035019223	0.968169	1.0	0.0	0.0	0.611762341112202	0.4720090553594693	0.30197482962562505	0.36765030110534974	-1.1180650936960832	-0.3193312588359026	-0.2099512114784427	-0.5101255425132819	1.1968781343786041	0.28100632483357785	-0.5345514057277045	0.4196383684936819	0.5788425620676635	2.1366250401578064	0.924091021451126	-0.7888683296161043	-0.23666756865616387	-0.7960152390337681	0.12323566379519	-1.2489782728121195	0.9587933059912405	-0.11575677152720672	-0.08591921480904702	1.2906602929335498	-0.7255944559054919	0.6352044443371496	0.6647733197466632	0.019027622026763148	-0.6098341312644733	0.2228420379506645
Br1706	-0.00224067	0.00862885	0.000284556	-0.00896377	-0.000613282	8.4	0.2115818892282437	0.96215	1.0	0.0	0.0	0.8025700227471679	-1.5834293322415824	1.873522171996055	-1.619552722953156	-1.1852915621564413	0.8603718765352226	0.18915922333777904	1.369842145629493	-0.12002404647229604	1.3941604935557497	0.34089618594216364	0.014420714723575104	0.5885900679652833	0.6014361277761441	0.5995675328653611	1.1000197306828534	0.488504302217886	-1.7730097106063718	0.6482848322086552	0.48736960376714716	0.5955183671862136	0.9416467269366722	-0.30936589745324095	-0.5966656110703493	1.0586588199162943	0.375192872381205	-1.2092012905192708	-1.3994210368401276	-0.6588831534529485	-1.2639081460570343
Br1092	-0.00101845	-0.00249987	0.00521082	-0.0134645	-0.124691	9.2	0.1906948187306809	0.968467	1.0	0.0	0.0	0.39357501370534803	-1.4008077271982	0.3405657348825323	-2.4479916606950383	-1.0914343270214348	0.1223011481995989	-0.649738361583951	-1.1163187443624167	-0.2864475767415128	0.7946713361497286	1.2981117117314995	0.488565726326321	0.27357946018026097	-0.37191711699450714	1.3437846016022599	0.795559003345507	0.07171846472175049	0.9136222348145232	0.20655479632570187	-0.7184323964739232	0.5147199709144686	-1.1472218720807277	-0.014826696341204088	0.1587894522161116	0.5620821056645526	0.3159940342665922	-0.5701085067948773	0.1285176827083279	0.592354469995793	-0.22917122511116153
Br1532	0.0108018	0.027569	0.0113864	0.00488289	-0.0422965	8.7	0.2137350067877893	0.961305	1.0	0.0	0.0	-1.8812710720611021	-1.6450266669628517	0.4092070610414726	1.5178917558102274	0.05316755634421658	0.46836822476099715	0.057957649172656146	0.004343123032929915	-0.28715104065573827	-0.9107735090185798	-0.616217872209261	0.07100655056925653	0.08963211418774177	-0.006109606215126109	-0.4407772519691829	-0.5388111368766346	-0.4583430219263873	0.5061539319554813	0.22500063831315734	-0.0721003666644831	0.2221183041846348	-0.5384379811967382	0.8241579620071454	0.6101005799208873	-0.6374161185486003	-0.54882403203732	0.07557268783386631	1.0693393981336499	-0.5833405738531345	0.229026367082437
Br1565	-0.00964569	-0.00779296	-0.00342662	0.00208463	0.00827292	7.5	0.2046003028565913	0.963676	1.0	0.0	0.0	-1.335756017762447	-1.3030852038866392	-1.6672182054859195	-0.7937118148879948	-1.194647112814444	-0.1428314842459798	-0.13852035839540883	-0.20946359892374394	-1.1990869037293495	-0.7938054282634229	-1.1281176615866118	-0.707398125064956	-1.0537714652233212	-0.3787783204034783	0.8992527101035976	-0.88750662745481	0.12662070786080315	0.3443053271081615	-0.057318166318734286	0.5333178061129249	0.12248659931805511	-0.04743088012161931	0.33564508203755417	2.1500040425602007	-1.6175085709301582	-0.9418415508155198	1.4028137901388649	-1.5955047659828072	-1.3250537614722233	-0.1655036997155813
Br1568	-0.0107417	-0.000918641	-0.00501394	-0.00364583	0.0314098	7.4	0.2318967119592617	0.975211	1.0	0.0	0.0	1.0922843177129649	-0.3174439246309415	0.8118167434091202	0.06364028860068494	-0.3354292607392947	0.3250745374614185	0.3004218460058961	-0.3561177394184793	-0.6956532959722836	0.48292166528887304	-0.3806883285714231	1.1769852107836034	0.8370622347253901	1.9640714454249848	0.2595638984164138	-0.258825169518453	-0.6526678891149401	-0.5854852333595264	-0.37783397927818324	-1.3836185466935018	0.015417755076556634	-0.7402397844794406	-1.7380249705102588	1.0308585218231623	-0.5752140841958441	0.7359514268919406	0.8327728504217846	0.3073313001945067	-1.118261189850077	1.024788530251763
Br1654	0.0435543	0.118357	0.0247752	0.00412224	0.00191821	9.0	0.0162351449249171	0.978263	1.0	0.0	0.0	0.18113513817772303	-0.9045415724321084	-0.1914891861618686	-0.4084197749094974	-0.23398155577394508	1.24305746214397	0.31654833384153863	-0.5474272791136778	0.620350852571305	-0.407604459606441	0.29765075783293105	0.6459352823797937	0.2942463738606208	-0.37897152250838695	0.1014673583993522	-0.10219155775530263	-0.9846343121999273	-0.1649240911472616	0.8216742971600727	0.2047416741812256	-0.7139448831120824	0.20186603006640208	-0.5028677098516188	0.7485839730221914	1.5725322373261148	0.5321126354306754	-0.24853701074287898	2.6623653040417503	1.700057861384586	-1.4203546612299995
Br1550	0.000114937	0.00373521	-0.00920833	0.0162725	0.00165469	8.1	0.1783286263938425	0.968812	1.0	0.0	0.0	1.2018974903501953	-0.3997112511271273	-0.4758975482942111	-0.33922325810167886	0.5032980842791778	-1.320479235058245	-0.3194433044322391	-0.646459256436401	0.3120404106460035	0.2755101615444305	1.9398112045008613	-0.19449107568038126	1.5634806363729652	-1.0177611207671475	0.5208977250640641	-0.33224742005939173	0.3995912046064379	-1.2794268334828767	-0.315219170131276	0.29558564531648074	-0.05053231289326992	0.09828697275960352	0.6889424204011997	-0.5621497895011399	1.095047044182605	-0.6829348501448178	0.3794437744976971	1.1289529878989195	-2.0692457283427785	0.2042402204301508
Br1669	-0.00840988	-0.00570682	-0.00540583	0.0197856	-0.0016738	8.6	0.0125432716539431	0.972798	0.0	0.0	0.0	-0.5238912316883274	0.29745415142571074	-0.9844258004853915	-0.021068997818150113	-1.1428955652104855	-0.294073372930439	0.7357328057002219	1.1911945014773968	1.2595948955187632	-1.3170996617908575	-0.7747573024694857	-0.02140911515978381	0.13150138323244726	0.11778198909731057	0.6679486796764684	1.2124697330815786	1.7314324672529016	-0.5250666704009463	0.26201221317420814	-1.0389047259993693	2.990301936807352	1.014513387992666	-0.20746201378038803	0.8637933765662725	1.2709268913060339	0.1886973074979255	-0.13641891626839728	-0.4394483193205717	-1.3485405218747137	-0.018561889012012923
Br1033	-0.00277948	0.00388058	0.00143316	-0.0130773	-0.0431083	8.5	0.2075609662214619	0.96011	0.0	0.0	0.0	1.1829472206991383	0.18932999627329714	0.4937228740710952	0.11430740611298054	-0.10112020479413672	-1.0418753857444514	-0.8878802033441328	0.3510795436189279	-1.1738162567481967	1.1026516626570981	-0.5625682474922529	0.7614383494961995	-0.5492124795799888	0.08828778036956024	-1.8639030474153362	-1.023348687853568	-0.1926326508933818	0.16181644715128127	0.15638018159180506	-0.6162964142728276	-0.45976594870440324	0.3257996843084202	0.7966936359360566	-0.7560376712691311	1.3249793572849677	-0.16796382717987624	1.3745064153674753	-0.04496579270399208	-1.20656895683004	0.841055358497282
Br1507	0.00177049	0.00753181	0.00203824	-0.00592466	-0.00852329	8.5	0.2086153753131242	0.970023	1.0	0.0	1.0	0.10298000338139492	1.2737677414968904	-0.5946458362750612	0.3377468443630297	0.22316567350230787	0.03221800063623436	0.6669517491792779	-0.2570940440944688	-0.8217788508936579	0.49098217851258513	0.6767593673762976	0.6480586800450057	1.3269175988291326	-0.5965438318645355	-1.7256098919989946	-1.0301789490181121	0.532754198295168	-0.5784325915252707	-1.02301090278568	-0.32937564866804764	1.0141565679623405	-1.040921536304811	1.3721204559371911	-0.43417240165795506	1.581104369802311	0.5037423899745143	0.13605884316421143	-0.4988935141149724	0.7049536382144861	0.5556586520691053
Br1610	0.0976564	-0.0711307	0.17099	0.00104482	0.0323574	8.2	0.194653390369475	0.9665	1.0	0.0	1.0	0.2553119583853665	0.5194648129949649	-0.8346106373490508	0.4618066527967574	0.5321870728646823	0.07171233425772276	-0.7297644424101978	0.9178636329630734	0.24785802058434603	0.5794804942106353	0.33064516140053474	0.13758173704296564	0.813408301061389	-0.4956974767981954	-0.7963871121980476	-0.045809737688828886	-0.619911852225762	0.38983961909959286	-0.24042489922196644	0.6016285191184977	-0.4886240857690025	-1.697046958039555	-1.0024282006826863	0.6402718002665295	-0.625738753386288	0.4160047367795112	2.1405422684888435	-0.36694197475513063	-0.1464469232412533	-0.14621582242348102
Br1676	0.0345674	0.116775	0.0212152	-0.00246413	0.00832737	5.2	0.1846727891850899	0.959596	1.0	0.0	1.0	-0.9371304236713262	-0.5543823506573059	-2.125419264200022	0.5939614191450332	-0.25177723585160516	-2.1940589659318848	-0.14619145681604048	0.2910856846745845	-0.5917086363014146	-0.0012192118313566658	-0.2311498854875826	0.5753270019594117	0.6290671114856657	-0.772709427928611	0.22377236399463005	0.08240649003515163	1.6621391812272759	0.5587292408884451	0.6128315640109268	-0.3996517481651081	0.7379038369668787	-1.2611658198629652	0.11902272988180253	-0.4653372019564841	0.16432458072792222	0.09221329417450445	0.9035064123316197	-0.20265313307693847	-0.7667051780565877	0.3517906326521979
Br1578	-0.0107822	-0.0133652	-0.00627219	0.00235977	0.0237781	6.1	0.1322793116412686	0.973967	1.0	0.0	1.0	0.2838197763251189	-2.1965025588199714	0.9074165173460368	-1.2894981831060115	-0.6071129498845241	0.9968248694346615	1.4704493002127366	-1.2110769986424037	0.3102580381991581	0.019747940548773883	1.2230948217801212	0.020955828098902497	0.7314483488759013	-0.07173602265188624	-1.1850280484060318	0.5567224323084914	-1.4234447866351803	1.3050256754708918	0.2124914933230558	0.4461569701655472	1.9623664207476454	-0.5605688706516726	0.028063740944600377	0.04298253568500993	0.04319575814230302	-0.6134827679672264	1.3516993122499599	1.3490642592618924	1.272753072272226	-0.7963284432416082
Br1946	-0.00747254	-0.0125985	-0.00218362	-0.0158725	-0.0431298	6.7	0.1302424250411969	0.970361	0.0	0.0	1.0	1.0035027892394965	-0.416341448677353	-1.3413747333962127	-0.055663105867023104	1.155035081633255	0.6620546855993638	0.8271007765102986	0.8710511334089771	1.0338782876994324	0.309219697673689	0.6405701116954919	1.9271304107209188	1.2414924427480083	-0.06188583799346967	0.37466325931936073	0.4979517184606417	-1.3783259221730875	0.4677170599368693	-0.07909115214783265	1.2985712584109153	-0.15201170311778706	2.244102842172025	-0.9600333283348234	0.7190239657865659	-0.40660982949614743	-1.0860436531954405	-0.6816095627479728	0.07405871490818111	1.9808170327113725	0.8616610709852992
Br2015	0.0173331	0.0559828	0.00476197	0.00439572	0.00698317	7.8	0.2213165759455073	0.972653	1.0	0.0	0.0	0.2184017229963952	0.33899194574988845	0.07876392128843612	0.9261945862915111	-0.6109842640628343	-0.23366240904147487	0.33046521946824775	-0.5783118123793132	-0.097942550645573	0.4757774590262021	-0.8304747288683266	1.4699553660890075	0.24422516882571066	0.5702395285589806	-0.6393545903403184	-0.024244022657436345	0.8062732240139028	-1.872860650637062	-0.30644212910625557	0.391713960021737	0.6081155432184348	0.15379582792014568	-0.7186961782053962	0.8499276178458609	0.18416109624646004	-0.8563004371108099	1.3701398465242172	-0.10254222037854493	-0.6431284863003462	-0.5062549100743859
Br2026	-0.0110249	-0.0157704	-0.00673824	0.0148454	0.0397206	6.5	0.0164756113248205	0.975627	1.0	0.0	0.0	-1.0911165996187253	-0.3156317449540918	-0.6459165999512213	0.7692208373731548	-0.2317182909517147	-0.881761783406592	0.18266598141272844	-0.5582480808842435	0.832783706178807	-1.077230833010128	-0.05346915310959022	1.588783744214053	-0.5437299401049137	-0.6687266955486444	0.36260042723035246	-0.5439104940686501	1.1679354773019528	-0.9295908279466409	0.548755494517451	0.2589220014337746	2.0341158442220744	-0.36611654870642596	-0.08820490675216171	-1.1067158333377995	-0.9042594190780842	1.5269429593238086	-0.19707916824021438	0.5087560289892321	-0.11265991104511858	0.21597977828360562
Br2044	-0.00718174	-0.00578215	-0.0110275	0.00431806	0.00636519	7.8	0.1691752132971612	0.970788	1.0	0.0	0.0	-0.6491425366738954	-1.3426472163779593	-1.5758444843897237	0.8819561762023259	-1.1814180702319603	-0.021867266980086827	-0.03439415148232348	-0.3873551173864208	0.05801952212119905	-0.32456674232137966	0.30868336996768453	-0.35076766747297455	-0.0988797994910883	1.2739292393334134	0.8639225896117799	-1.031777489097449	0.4662267596283171	-0.3601804725610484	-0.6353257576123519	0.42516314151171236	0.39916051798516217	0.18865649140140212	-1.0476622988467041	1.0358809330643848	-0.637710175747243	0.46536378500897685	0.8074637944825295	-0.19093761897491915	-1.3059764417816424	0.5771724098235378
Br1958	-0.00150171	0.000261064	-0.00468931	0.00155904	0.00453537	8.3	0.1742795223154654	0.981084	0.0	0.0	1.0	-0.7494501225622331	0.6713715075325795	0.5901145948672573	-2.4661845150021042	-1.4301329721821634	-0.790053408946745	-0.002748291027926271	2.113074106609047	0.6517489901818853	-4.903493098825219	-1.097221165321514	-0.9375250307010352	2.8224984199540613	3.5287555441889995	-3.0154777346779027	1.6838315523007064	3.633756756192791	0.6101276451484672	0.10858390245500583	-1.234197386880613	0.9418603728257317	1.5760675640904067	-0.7685220549566888	1.0220710859969617	-1.7755114332400312	-0.9602141332702984	-1.875169127487944	-1.03670396591343	1.116857054086684	0.39085805067035395
Br2080	-0.00313137	0.00222314	-0.00486612	0.0167539	0.012066	8.2	0.1878102498964736	0.983424	1.0	0.0	0.0	0.661615833149077	-0.20312648066702227	0.6737542311814021	0.14727482158631056	0.32085035286180247	-0.4804833954176003	-0.514673736760995	0.6308491714883333	-0.8159515963884915	0.6818707571541041	-0.8161112971341793	0.039387501035172884	-0.08574028516341715	-0.31710310943742137	-1.5218263425370842	-0.7671918768699016	-0.38981430883437673	-1.4894548692911245	0.44665254044926245	0.3362473251748446	0.4620617009539347	0.7064065292633049	-0.31928324933420854	-1.0406974154795268	-0.16752079776794387	0.2671529041118275	0.8148578862089547	-0.8021185241387117	-0.717267544131757	0.7530287055686767
Br2084	0.0106175	0.0262213	-0.00978188	0.00677634	-0.0108623	6.4	0.2289409544056203	0.959126	1.0	0.0	0.0	-0.27493557384963035	-1.3605077992555759	0.3564955867979937	0.9312060228791749	-0.9562043583792983	0.13920011770966745	-0.45963482095806796	0.4637855442739834	2.0397729855631357	-0.34066426651028814	-0.03031002525638666	-0.14114429245742488	0.6537215673440505	0.562984994249313	-1.445663373921676	0.09773826071078227	-0.15349431681294287	1.0770280338256168	0.43808121505822295	0.5707098656862911	-0.8266059782818729	0.18452983810496215	0.9888244516579784	-0.7807804907972521	0.37130211562591653	1.5908495118094674	-0.17094035610252994	0.3009811197077783	-0.6693297288115725	-0.2852406245674964
Br2242	-0.00350412	0.00128561	-0.00363399	0.00452463	-0.00427574	7.8	0.1887597509254844	0.968389	0.0	0.0	1.0	-2.706737713620058	-0.4661035805750964	0.6196983960952814	0.5735101902839653	1.9099495444027943	1.0225560737772699	0.3116703058867642	-0.3458633235936681	0.27478022526350526	-0.5141798113268417	-0.6860000491290628	1.0709488420236537	2.2428980756917722	1.9332299685185144	1.0869485690152916	-4.349445559328416	-3.8926834791701626	1.5053276003156364	3.7461647152012825	-0.025766145298389317	0.547972775627425	2.182345973747443	0.36280211499518633	0.3412166445245785	0.8204247509757417	-1.5072915847864887	1.195159031140551	2.4637703636842776	-0.6244590108250044	1.1593162779747777
Br2292	-0.0022168	0.00221267	0.00304419	0.00976211	0.0114191	6.3	0.220764050450611	0.963544	1.0	0.0	1.0	-0.765032651841221	0.854547270391646	-0.6528736016929678	0.9316646076612082	0.7701276199658316	1.8276200050296845	-2.072143456293418	0.479455450652975	-0.8253643345434035	-1.6331486205644352	0.9275862906567313	2.5355935768493225	0.006388340773852043	-0.38445074365032034	-1.2893806244349615	-1.6662972951501824	-1.8086318862213597	-0.5625099596254922	-1.464168028047413	-0.15288887024893633	-1.471861985981269	1.2850937821603405	0.5257379632494625	0.9238039115176003	0.502111641022271	-0.801513194671842	0.8078472851838325	-0.9418336861125866	3.848658781098803	0.877806347845445
Br2009	-0.00625338	-0.00780835	-0.00984616	-0.00132578	-0.0113609	6.8	0.2261852804524414	0.973182	1.0	0.0	1.0	1.0775674139850078	-0.09723281092976287	-1.6578493499015212	-1.2581480225028538	1.296062319049575	0.5881500775432161	2.185163510522386	0.5890942545600277	-0.1766265066260985	1.435526438183313	-1.3823480946281124	-0.8770131972485642	0.12683339306438343	0.8700618063608883	0.25745856222576874	0.5654103345351548	-0.3895382620816849	-1.7810308144990443	-1.5706178022917976	1.4081265111986565	0.0012638752014954143	0.1291405705505932	-0.01774975180601549	0.9130457156790754	0.2938795920333409	-0.06558137111048269	0.04937443792752717	1.2772994635968384	0.20687472572179602	1.1844666971112114
Br2257	0.0404175	0.114386	0.0143086	0.00696835	-0.00107631	6.9	0.0113067781705348	0.968534	1.0	0.0	0.0	0.7004869469102889	0.571130449033214	0.35558072113796263	-0.7605884522462965	0.5513112699527074	1.9490759919554932	-3.690418155089565	-1.5934382061383123	0.23767755423484693	0.5557145316689195	-1.2118411371932236	0.6796550165556733	-0.7269580196135897	1.5844508123884806	0.38554173375348716	0.5482380738297206	0.15755204689716815	0.24019640247478988	0.9897065935314073	1.2355234185050685	0.6949172781772582	0.9865954221942411	-1.9812860338593228	-1.6321407230813156	-0.4876565473376757	-0.9970957879239352	-0.3730874896710307	-1.2991422889846274	-1.8255210632562364	-1.0878030277502273
Br2271	-0.011198	-0.0101962	-0.006392	0.0030765	0.0363559	7.3	0.1789003794237978	0.959902	1.0	0.0	1.0	1.4729438209199464	0.47217269175581567	0.9921135652506955	-0.05339374180637064	0.21575627467690958	-0.6698342436114206	-1.560152439625536	1.107527799016	0.4389680771897137	-2.025643598082144	-0.6419899371938881	-1.1907913082533208	-0.1977915465249226	-0.5657484536739721	1.022604783594152	0.5314917832326337	1.6316318980448659	-2.2327336002559433	2.216080285946512	0.9536818831350837	-3.3510320277530488	-2.1703377147009277	-0.2749515643437818	1.2688838741183341	0.020544500984135784	-0.173584893453198	-0.13883622699560721	2.392170868242949	0.7444571741294144	0.15490148245187993
Br2285	-0.00834528	-0.0107912	-0.00194201	-0.0054032	0.00337103	8.2	0.2184504695563294	0.971674	1.0	0.0	0.0	-0.16150979485907246	-1.6860900627855828	-2.2329801666528937	0.7334294983643912	-0.0986550143434705	-1.1972994250270552	-1.398273694602096	1.7428499019174222	-0.42656705633939795	-0.7372961579865562	-0.31213915581279233	1.042501295683731	0.13802962509101843	-0.008345744673017042	0.24926904717273657	-0.21121242095400042	0.09996161315205197	0.9461257976803313	0.11920268349127422	-0.16600821600687304	1.0090169502957549	0.7740718721230836	-0.40317967406604427	1.0659016379763948	-0.014798017934484561	-0.04386509534509455	0.07194239242862274	1.0975736617252523	0.4204528446292905	-1.4975054016292881
Br2288	-0.0071224	-0.00620485	0.000795304	-0.00447222	-0.0198982	8.1	0.2418948193274474	0.97801	1.0	0.0	0.0	0.28325216920571505	0.33184654958535076	0.7158135355319113	-0.47171027378272323	-0.45747165427597314	-0.12360804448441762	0.5456874718810825	-0.28790876795622417	-1.9813387429833946	0.6069314991138116	-0.3514075449029798	0.9454554088006261	-0.04891931015021816	0.1115189941233826	-0.3663417913431155	-0.7095091495736032	1.3440900340013555	-0.15023719830273033	0.33111851401875375	-1.029072393422503	1.1203627890130379	0.04527142097337065	0.6768386964549096	0.6074017371700291	1.3852621322444096	1.2005223137934335	1.692318061443444	0.05629781049653914	-0.8523598435331909	-0.4121500671801163
